W1010 20:33:26.563673 908015 /fs04/scratch2/ar57/wenyu/genrec_env_v2/lib/python3.9/site-packages/torch/distributed/run.py:774] 
W1010 20:33:26.563673 908015 /fs04/scratch2/ar57/wenyu/genrec_env_v2/lib/python3.9/site-packages/torch/distributed/run.py:774] *****************************************
W1010 20:33:26.563673 908015 /fs04/scratch2/ar57/wenyu/genrec_env_v2/lib/python3.9/site-packages/torch/distributed/run.py:774] Setting OMP_NUM_THREADS environment variable for each process to be 1 in default, to avoid your system being overloaded, please further tune the variable for optimal performance in your application as needed. 
W1010 20:33:26.563673 908015 /fs04/scratch2/ar57/wenyu/genrec_env_v2/lib/python3.9/site-packages/torch/distributed/run.py:774] *****************************************
[RecBole RQ-VAE] device=cuda:0 all_items=24587 train_items=24556 world_size=4
[RecBole RQ-VAE] config: epochs=3000 batch_size_per_rank=1024 total_batch=4096 lr=0.001
[RecBole RQ-VAE] initializing codebooks with KMeans
/fs04/ar57/wenyu/GeneRec/stage2_RQ-VAE/TIGER_HYPERBOLIC_RQ-VAE/model/layers.py:102: UserWarning: Deterministic behavior was enabled with either `torch.use_deterministic_algorithms(True)` or `at::Context::setDeterministicAlgorithms(true)`, but this operation is not deterministic because it uses CuBLAS and you have CUDA >= 10.2. To enable deterministic behavior in this case, you must set an environment variable before running your PyTorch application: CUBLAS_WORKSPACE_CONFIG=:4096:8 or CUBLAS_WORKSPACE_CONFIG=:16:8. For more information, go to https://docs.nvidia.com/cuda/cublas/index.html#results-reproducibility (Triggered internally at /pytorch/aten/src/ATen/Context.cpp:233.)
  - 2 * latent @ code_embs.t()
/fs04/ar57/wenyu/GeneRec/stage2_RQ-VAE/TIGER_HYPERBOLIC_RQ-VAE/model/layers.py:102: UserWarning: Deterministic behavior was enabled with either `torch.use_deterministic_algorithms(True)` or `at::Context::setDeterministicAlgorithms(true)`, but this operation is not deterministic because it uses CuBLAS and you have CUDA >= 10.2. To enable deterministic behavior in this case, you must set an environment variable before running your PyTorch application: CUBLAS_WORKSPACE_CONFIG=:4096:8 or CUBLAS_WORKSPACE_CONFIG=:16:8. For more information, go to https://docs.nvidia.com/cuda/cublas/index.html#results-reproducibility (Triggered internally at /pytorch/aten/src/ATen/Context.cpp:233.)
  - 2 * latent @ code_embs.t()
/fs04/ar57/wenyu/GeneRec/stage2_RQ-VAE/TIGER_HYPERBOLIC_RQ-VAE/model/layers.py:102: UserWarning: Deterministic behavior was enabled with either `torch.use_deterministic_algorithms(True)` or `at::Context::setDeterministicAlgorithms(true)`, but this operation is not deterministic because it uses CuBLAS and you have CUDA >= 10.2. To enable deterministic behavior in this case, you must set an environment variable before running your PyTorch application: CUBLAS_WORKSPACE_CONFIG=:4096:8 or CUBLAS_WORKSPACE_CONFIG=:16:8. For more information, go to https://docs.nvidia.com/cuda/cublas/index.html#results-reproducibility (Triggered internally at /pytorch/aten/src/ATen/Context.cpp:233.)
  - 2 * latent @ code_embs.t()
/fs04/ar57/wenyu/GeneRec/stage2_RQ-VAE/TIGER_HYPERBOLIC_RQ-VAE/model/layers.py:102: UserWarning: Deterministic behavior was enabled with either `torch.use_deterministic_algorithms(True)` or `at::Context::setDeterministicAlgorithms(true)`, but this operation is not deterministic because it uses CuBLAS and you have CUDA >= 10.2. To enable deterministic behavior in this case, you must set an environment variable before running your PyTorch application: CUBLAS_WORKSPACE_CONFIG=:4096:8 or CUBLAS_WORKSPACE_CONFIG=:16:8. For more information, go to https://docs.nvidia.com/cuda/cublas/index.html#results-reproducibility (Triggered internally at /pytorch/aten/src/ATen/Context.cpp:233.)
  - 2 * latent @ code_embs.t()
/fs04/ar57/wenyu/GeneRec/stage2_RQ-VAE/TIGER_HYPERBOLIC_RQ-VAE/model/layers.py:102: UserWarning: Deterministic behavior was enabled with either `torch.use_deterministic_algorithms(True)` or `at::Context::setDeterministicAlgorithms(true)`, but this operation is not deterministic because it uses CuBLAS and you have CUDA >= 10.2. To enable deterministic behavior in this case, you must set an environment variable before running your PyTorch application: CUBLAS_WORKSPACE_CONFIG=:4096:8 or CUBLAS_WORKSPACE_CONFIG=:16:8. For more information, go to https://docs.nvidia.com/cuda/cublas/index.html#results-reproducibility (Triggered internally at /pytorch/aten/src/ATen/Context.cpp:233.)
  - 2 * latent @ code_embs.t()
/fs04/ar57/wenyu/GeneRec/stage2_RQ-VAE/TIGER_HYPERBOLIC_RQ-VAE/model/layers.py:102: UserWarning: Deterministic behavior was enabled with either `torch.use_deterministic_algorithms(True)` or `at::Context::setDeterministicAlgorithms(true)`, but this operation is not deterministic because it uses CuBLAS and you have CUDA >= 10.2. To enable deterministic behavior in this case, you must set an environment variable before running your PyTorch application: CUBLAS_WORKSPACE_CONFIG=:4096:8 or CUBLAS_WORKSPACE_CONFIG=:16:8. For more information, go to https://docs.nvidia.com/cuda/cublas/index.html#results-reproducibility (Triggered internally at /pytorch/aten/src/ATen/Context.cpp:233.)
  - 2 * latent @ code_embs.t()
/fs04/ar57/wenyu/GeneRec/stage2_RQ-VAE/TIGER_HYPERBOLIC_RQ-VAE/model/layers.py:102: UserWarning: Deterministic behavior was enabled with either `torch.use_deterministic_algorithms(True)` or `at::Context::setDeterministicAlgorithms(true)`, but this operation is not deterministic because it uses CuBLAS and you have CUDA >= 10.2. To enable deterministic behavior in this case, you must set an environment variable before running your PyTorch application: CUBLAS_WORKSPACE_CONFIG=:4096:8 or CUBLAS_WORKSPACE_CONFIG=:16:8. For more information, go to https://docs.nvidia.com/cuda/cublas/index.html#results-reproducibility (Triggered internally at /pytorch/aten/src/ATen/Context.cpp:233.)
  - 2 * latent @ code_embs.t()
/fs04/ar57/wenyu/GeneRec/stage2_RQ-VAE/TIGER_HYPERBOLIC_RQ-VAE/model/layers.py:102: UserWarning: Deterministic behavior was enabled with either `torch.use_deterministic_algorithms(True)` or `at::Context::setDeterministicAlgorithms(true)`, but this operation is not deterministic because it uses CuBLAS and you have CUDA >= 10.2. To enable deterministic behavior in this case, you must set an environment variable before running your PyTorch application: CUBLAS_WORKSPACE_CONFIG=:4096:8 or CUBLAS_WORKSPACE_CONFIG=:16:8. For more information, go to https://docs.nvidia.com/cuda/cublas/index.html#results-reproducibility (Triggered internally at /pytorch/aten/src/ATen/Context.cpp:233.)
  - 2 * latent @ code_embs.t()
/fs04/ar57/wenyu/GeneRec/stage2_RQ-VAE/TIGER_HYPERBOLIC_RQ-VAE/model/layers.py:102: UserWarning: Deterministic behavior was enabled with either `torch.use_deterministic_algorithms(True)` or `at::Context::setDeterministicAlgorithms(true)`, but this operation is not deterministic because it uses CuBLAS and you have CUDA >= 10.2. To enable deterministic behavior in this case, you must set an environment variable before running your PyTorch application: CUBLAS_WORKSPACE_CONFIG=:4096:8 or CUBLAS_WORKSPACE_CONFIG=:16:8. For more information, go to https://docs.nvidia.com/cuda/cublas/index.html#results-reproducibility (Triggered internally at /pytorch/aten/src/ATen/Context.cpp:233.)
  - 2 * latent @ code_embs.t()
/home/wlia0047/ar57_scratch/wenyu/genrec_env_v2/lib64/python3.9/site-packages/torch/distributed/distributed_c10d.py:4807: UserWarning: No device id is provided via `init_process_group` or `barrier `. Using the current device set by the user. 
  warnings.warn(  # warn only once
/fs04/ar57/wenyu/GeneRec/stage2_RQ-VAE/TIGER_HYPERBOLIC_RQ-VAE/model/layers.py:102: UserWarning: Deterministic behavior was enabled with either `torch.use_deterministic_algorithms(True)` or `at::Context::setDeterministicAlgorithms(true)`, but this operation is not deterministic because it uses CuBLAS and you have CUDA >= 10.2. To enable deterministic behavior in this case, you must set an environment variable before running your PyTorch application: CUBLAS_WORKSPACE_CONFIG=:4096:8 or CUBLAS_WORKSPACE_CONFIG=:16:8. For more information, go to https://docs.nvidia.com/cuda/cublas/index.html#results-reproducibility (Triggered internally at /pytorch/aten/src/ATen/Context.cpp:233.)
  - 2 * latent @ code_embs.t()
/home/wlia0047/ar57_scratch/wenyu/genrec_env_v2/lib64/python3.9/site-packages/torch/distributed/distributed_c10d.py:4807: UserWarning: No device id is provided via `init_process_group` or `barrier `. Using the current device set by the user. 
  warnings.warn(  # warn only once
/fs04/ar57/wenyu/GeneRec/stage2_RQ-VAE/TIGER_HYPERBOLIC_RQ-VAE/model/layers.py:102: UserWarning: Deterministic behavior was enabled with either `torch.use_deterministic_algorithms(True)` or `at::Context::setDeterministicAlgorithms(true)`, but this operation is not deterministic because it uses CuBLAS and you have CUDA >= 10.2. To enable deterministic behavior in this case, you must set an environment variable before running your PyTorch application: CUBLAS_WORKSPACE_CONFIG=:4096:8 or CUBLAS_WORKSPACE_CONFIG=:16:8. For more information, go to https://docs.nvidia.com/cuda/cublas/index.html#results-reproducibility (Triggered internally at /pytorch/aten/src/ATen/Context.cpp:233.)
  - 2 * latent @ code_embs.t()
/home/wlia0047/ar57_scratch/wenyu/genrec_env_v2/lib64/python3.9/site-packages/torch/distributed/distributed_c10d.py:4807: UserWarning: No device id is provided via `init_process_group` or `barrier `. Using the current device set by the user. 
  warnings.warn(  # warn only once
/fs04/ar57/wenyu/GeneRec/stage2_RQ-VAE/TIGER_HYPERBOLIC_RQ-VAE/model/layers.py:102: UserWarning: Deterministic behavior was enabled with either `torch.use_deterministic_algorithms(True)` or `at::Context::setDeterministicAlgorithms(true)`, but this operation is not deterministic because it uses CuBLAS and you have CUDA >= 10.2. To enable deterministic behavior in this case, you must set an environment variable before running your PyTorch application: CUBLAS_WORKSPACE_CONFIG=:4096:8 or CUBLAS_WORKSPACE_CONFIG=:16:8. For more information, go to https://docs.nvidia.com/cuda/cublas/index.html#results-reproducibility (Triggered internally at /pytorch/aten/src/ATen/Context.cpp:233.)
  - 2 * latent @ code_embs.t()
/home/wlia0047/ar57_scratch/wenyu/genrec_env_v2/lib64/python3.9/site-packages/torch/distributed/distributed_c10d.py:4807: UserWarning: No device id is provided via `init_process_group` or `barrier `. Using the current device set by the user. 
  warnings.warn(  # warn only once
/home/wlia0047/ar57_scratch/wenyu/genrec_env_v2/lib64/python3.9/site-packages/torch/autograd/graph.py:829: UserWarning: Deterministic behavior was enabled with either `torch.use_deterministic_algorithms(True)` or `at::Context::setDeterministicAlgorithms(true)`, but this operation is not deterministic because it uses CuBLAS and you have CUDA >= 10.2. To enable deterministic behavior in this case, you must set an environment variable before running your PyTorch application: CUBLAS_WORKSPACE_CONFIG=:4096:8 or CUBLAS_WORKSPACE_CONFIG=:16:8. For more information, go to https://docs.nvidia.com/cuda/cublas/index.html#results-reproducibility (Triggered internally at /pytorch/aten/src/ATen/Context.cpp:233.)
  return Variable._execution_engine.run_backward(  # Calls into the C++ engine to run the backward pass
/home/wlia0047/ar57_scratch/wenyu/genrec_env_v2/lib64/python3.9/site-packages/torch/autograd/graph.py:829: UserWarning: Deterministic behavior was enabled with either `torch.use_deterministic_algorithms(True)` or `at::Context::setDeterministicAlgorithms(true)`, but this operation is not deterministic because it uses CuBLAS and you have CUDA >= 10.2. To enable deterministic behavior in this case, you must set an environment variable before running your PyTorch application: CUBLAS_WORKSPACE_CONFIG=:4096:8 or CUBLAS_WORKSPACE_CONFIG=:16:8. For more information, go to https://docs.nvidia.com/cuda/cublas/index.html#results-reproducibility (Triggered internally at /pytorch/aten/src/ATen/Context.cpp:233.)
  return Variable._execution_engine.run_backward(  # Calls into the C++ engine to run the backward pass
/home/wlia0047/ar57_scratch/wenyu/genrec_env_v2/lib64/python3.9/site-packages/torch/autograd/graph.py:829: UserWarning: Deterministic behavior was enabled with either `torch.use_deterministic_algorithms(True)` or `at::Context::setDeterministicAlgorithms(true)`, but this operation is not deterministic because it uses CuBLAS and you have CUDA >= 10.2. To enable deterministic behavior in this case, you must set an environment variable before running your PyTorch application: CUBLAS_WORKSPACE_CONFIG=:4096:8 or CUBLAS_WORKSPACE_CONFIG=:16:8. For more information, go to https://docs.nvidia.com/cuda/cublas/index.html#results-reproducibility (Triggered internally at /pytorch/aten/src/ATen/Context.cpp:233.)
  return Variable._execution_engine.run_backward(  # Calls into the C++ engine to run the backward pass
/home/wlia0047/ar57_scratch/wenyu/genrec_env_v2/lib64/python3.9/site-packages/torch/autograd/graph.py:829: UserWarning: Deterministic behavior was enabled with either `torch.use_deterministic_algorithms(True)` or `at::Context::setDeterministicAlgorithms(true)`, but this operation is not deterministic because it uses CuBLAS and you have CUDA >= 10.2. To enable deterministic behavior in this case, you must set an environment variable before running your PyTorch application: CUBLAS_WORKSPACE_CONFIG=:4096:8 or CUBLAS_WORKSPACE_CONFIG=:16:8. For more information, go to https://docs.nvidia.com/cuda/cublas/index.html#results-reproducibility (Triggered internally at /pytorch/aten/src/ATen/Context.cpp:233.)
  return Variable._execution_engine.run_backward(  # Calls into the C++ engine to run the backward pass
[RQ-VAE] epoch=1 loss=0.00048904 recon=0.00046251 beh=6.293331 w=0.000 lr=2.333e-05 time=7.362s
[RQ-VAE] epoch=2 loss=0.00048493 recon=0.00045522 beh=6.285614 w=0.000 lr=4.333e-05 time=0.17s
[RQ-VAE] epoch=3 loss=0.00047947 recon=0.00044265 beh=6.279284 w=0.000 lr=6.333e-05 time=0.171s
[RQ-VAE] epoch=4 loss=0.00046754 recon=0.00042372 beh=6.288911 w=0.000 lr=8.333e-05 time=0.17s
[RQ-VAE] epoch=5 loss=0.00045873 recon=0.00039499 beh=6.321072 w=0.000 lr=1.033e-04 time=0.172s
[RQ-VAE] epoch=6 loss=0.00044894 recon=0.00035533 beh=6.364634 w=0.000 lr=1.233e-04 time=0.17s
[RQ-VAE] epoch=7 loss=0.00040074 recon=0.00031117 beh=6.359766 w=0.000 lr=1.433e-04 time=0.172s
[RQ-VAE] epoch=8 loss=0.00034059 recon=0.00027090 beh=6.364800 w=0.000 lr=1.633e-04 time=0.175s
[RQ-VAE] epoch=9 loss=0.00031246 recon=0.00023879 beh=6.436327 w=0.000 lr=1.833e-04 time=0.171s
[RQ-VAE] epoch=10 loss=0.00028889 recon=0.00021726 beh=6.481821 w=0.000 lr=2.033e-04 time=0.171s
[RQ-VAE] epoch=11 loss=0.00026133 recon=0.00020557 beh=6.467715 w=0.000 lr=2.233e-04 time=0.17s
[RQ-VAE] epoch=12 loss=0.00023560 recon=0.00020000 beh=6.427304 w=0.000 lr=2.433e-04 time=0.17s
[RQ-VAE] epoch=13 loss=0.00022349 recon=0.00019663 beh=6.413135 w=0.000 lr=2.633e-04 time=0.171s
[RQ-VAE] epoch=14 loss=0.00021754 recon=0.00019309 beh=6.422557 w=0.000 lr=2.833e-04 time=0.17s
[RQ-VAE] epoch=15 loss=0.00021138 recon=0.00018975 beh=6.417232 w=0.000 lr=3.033e-04 time=0.171s
[RQ-VAE] epoch=16 loss=0.00020388 recon=0.00018614 beh=6.420609 w=0.000 lr=3.233e-04 time=0.17s
[RQ-VAE] epoch=17 loss=0.00019779 recon=0.00018263 beh=6.410668 w=0.000 lr=3.433e-04 time=0.169s
[RQ-VAE] epoch=18 loss=0.00019268 recon=0.00017977 beh=6.381383 w=0.000 lr=3.633e-04 time=0.171s
[RQ-VAE] epoch=19 loss=0.00018883 recon=0.00017780 beh=6.363404 w=0.000 lr=3.833e-04 time=0.172s
[RQ-VAE] epoch=20 loss=0.00018685 recon=0.00017658 beh=6.353136 w=0.000 lr=4.033e-04 time=0.287s
[RQ-VAE] epoch=21 loss=0.00018567 recon=0.00017566 beh=6.345835 w=0.000 lr=4.233e-04 time=0.167s
[RQ-VAE] epoch=22 loss=0.00018529 recon=0.00017482 beh=6.334405 w=0.000 lr=4.433e-04 time=0.165s
[RQ-VAE] epoch=23 loss=0.00018477 recon=0.00017345 beh=6.302552 w=0.000 lr=4.633e-04 time=0.17s
[RQ-VAE] epoch=24 loss=0.00018446 recon=0.00017113 beh=6.293839 w=0.000 lr=4.833e-04 time=0.168s
[RQ-VAE] epoch=25 loss=0.00018239 recon=0.00016804 beh=6.315478 w=0.000 lr=5.033e-04 time=0.17s
[RQ-VAE] epoch=26 loss=0.00017874 recon=0.00016503 beh=6.321075 w=0.000 lr=5.233e-04 time=0.169s
[RQ-VAE] epoch=27 loss=0.00017643 recon=0.00016303 beh=6.301386 w=0.000 lr=5.433e-04 time=0.165s
[RQ-VAE] epoch=28 loss=0.00017492 recon=0.00016148 beh=6.309004 w=0.000 lr=5.633e-04 time=0.167s
[RQ-VAE] epoch=29 loss=0.00017443 recon=0.00016038 beh=6.292958 w=0.000 lr=5.833e-04 time=0.166s
[RQ-VAE] epoch=30 loss=0.00017347 recon=0.00015922 beh=6.291794 w=0.000 lr=6.033e-04 time=0.165s
[RQ-VAE] epoch=31 loss=0.00017275 recon=0.00015843 beh=6.289676 w=0.000 lr=6.233e-04 time=0.165s
[RQ-VAE] epoch=32 loss=0.00017114 recon=0.00015699 beh=6.288200 w=0.000 lr=6.433e-04 time=0.167s
[RQ-VAE] epoch=33 loss=0.00016948 recon=0.00015561 beh=6.290858 w=0.000 lr=6.633e-04 time=0.168s
[RQ-VAE] epoch=34 loss=0.00016852 recon=0.00015465 beh=6.277589 w=0.000 lr=6.833e-04 time=0.166s
[RQ-VAE] epoch=35 loss=0.00016812 recon=0.00015394 beh=6.271699 w=0.000 lr=7.033e-04 time=0.287s
[RQ-VAE] epoch=36 loss=0.00016835 recon=0.00015332 beh=6.271492 w=0.000 lr=7.233e-04 time=0.166s
[RQ-VAE] epoch=37 loss=0.00016850 recon=0.00015240 beh=6.275249 w=0.000 lr=7.433e-04 time=0.166s
[RQ-VAE] epoch=38 loss=0.00016921 recon=0.00015131 beh=6.260141 w=0.000 lr=7.633e-04 time=0.165s
[RQ-VAE] epoch=39 loss=0.00016999 recon=0.00015019 beh=6.257010 w=0.000 lr=7.833e-04 time=0.166s
[RQ-VAE] epoch=40 loss=0.00017021 recon=0.00014882 beh=6.261173 w=0.000 lr=8.033e-04 time=0.166s
[RQ-VAE] epoch=41 loss=0.00017030 recon=0.00014747 beh=6.263260 w=0.000 lr=8.233e-04 time=0.168s
[RQ-VAE] epoch=42 loss=0.00017061 recon=0.00014633 beh=6.251913 w=0.000 lr=8.433e-04 time=0.165s
[RQ-VAE] epoch=43 loss=0.00017033 recon=0.00014472 beh=6.250338 w=0.000 lr=8.633e-04 time=0.166s
[RQ-VAE] epoch=44 loss=0.00017040 recon=0.00014338 beh=6.255241 w=0.000 lr=8.833e-04 time=0.167s
[RQ-VAE] epoch=45 loss=0.00017178 recon=0.00014304 beh=6.259751 w=0.000 lr=9.033e-04 time=0.166s
[RQ-VAE] epoch=46 loss=0.00017152 recon=0.00014199 beh=6.260460 w=0.000 lr=9.233e-04 time=0.168s
[RQ-VAE] epoch=47 loss=0.00017103 recon=0.00014059 beh=6.257903 w=0.000 lr=9.433e-04 time=0.166s
[RQ-VAE] epoch=48 loss=0.00017078 recon=0.00013946 beh=6.258863 w=0.000 lr=9.633e-04 time=0.165s
[RQ-VAE] epoch=49 loss=0.00017009 recon=0.00013860 beh=6.251267 w=0.000 lr=9.833e-04 time=0.166s
[RQ-VAE] epoch=50 loss=0.00017103 recon=0.00013781 lr=1.000e-03 raw_unique=19025/24587 collision=0.226217 time=0.169s
[RQ-VAE] epoch=51 loss=0.00016968 recon=0.00013672 beh=6.257824 w=0.000 lr=9.997e-04 time=0.165s
[RQ-VAE] epoch=52 loss=0.00016998 recon=0.00013591 beh=6.256061 w=0.000 lr=9.993e-04 time=0.166s
[RQ-VAE] epoch=53 loss=0.00017044 recon=0.00013532 beh=6.253209 w=0.000 lr=9.990e-04 time=0.166s
[RQ-VAE] epoch=54 loss=0.00017100 recon=0.00013456 beh=6.253980 w=0.000 lr=9.986e-04 time=0.165s
[RQ-VAE] epoch=55 loss=0.00017139 recon=0.00013383 beh=6.249185 w=0.000 lr=9.983e-04 time=0.165s
[RQ-VAE] epoch=56 loss=0.00017185 recon=0.00013319 beh=6.252594 w=0.000 lr=9.980e-04 time=0.164s
[RQ-VAE] epoch=57 loss=0.00017211 recon=0.00013236 beh=6.244507 w=0.000 lr=9.976e-04 time=0.166s
[RQ-VAE] epoch=58 loss=0.00017329 recon=0.00013168 beh=6.237103 w=0.000 lr=9.973e-04 time=0.165s
[RQ-VAE] epoch=59 loss=0.00017416 recon=0.00013107 beh=6.251041 w=0.000 lr=9.969e-04 time=0.167s
[RQ-VAE] epoch=60 loss=0.00017469 recon=0.00013020 beh=6.246801 w=0.000 lr=9.966e-04 time=0.164s
[RQ-VAE] epoch=61 loss=0.00017551 recon=0.00012923 beh=6.240965 w=0.000 lr=9.963e-04 time=0.166s
[RQ-VAE] epoch=62 loss=0.00017581 recon=0.00012838 beh=6.249665 w=0.000 lr=9.959e-04 time=0.166s
[RQ-VAE] epoch=63 loss=0.00017674 recon=0.00012772 beh=6.240112 w=0.000 lr=9.956e-04 time=0.165s
[RQ-VAE] epoch=64 loss=0.00017713 recon=0.00012694 beh=6.253679 w=0.000 lr=9.953e-04 time=0.165s
[RQ-VAE] epoch=65 loss=0.00017832 recon=0.00012641 beh=6.246354 w=0.000 lr=9.949e-04 time=0.167s
[RQ-VAE] epoch=66 loss=0.00017820 recon=0.00012585 beh=6.249250 w=0.000 lr=9.946e-04 time=0.165s
[RQ-VAE] epoch=67 loss=0.00017894 recon=0.00012521 beh=6.240849 w=0.000 lr=9.942e-04 time=0.165s
[RQ-VAE] epoch=68 loss=0.00017980 recon=0.00012479 beh=6.246067 w=0.000 lr=9.939e-04 time=0.165s
[RQ-VAE] epoch=69 loss=0.00017952 recon=0.00012423 beh=6.246042 w=0.000 lr=9.936e-04 time=0.165s
[RQ-VAE] epoch=70 loss=0.00017980 recon=0.00012372 beh=6.248507 w=0.000 lr=9.932e-04 time=0.165s
[RQ-VAE] epoch=71 loss=0.00018043 recon=0.00012316 beh=6.245724 w=0.000 lr=9.929e-04 time=0.165s
[RQ-VAE] epoch=72 loss=0.00018026 recon=0.00012276 beh=6.244741 w=0.000 lr=9.925e-04 time=0.165s
[RQ-VAE] epoch=73 loss=0.00018062 recon=0.00012222 beh=6.245893 w=0.000 lr=9.922e-04 time=0.166s
[RQ-VAE] epoch=74 loss=0.00018092 recon=0.00012167 beh=6.248653 w=0.000 lr=9.919e-04 time=0.165s
[RQ-VAE] epoch=75 loss=0.00018049 recon=0.00012115 beh=6.245269 w=0.000 lr=9.915e-04 time=0.165s
[RQ-VAE] epoch=76 loss=0.00018142 recon=0.00012089 beh=6.248000 w=0.000 lr=9.912e-04 time=0.164s
[RQ-VAE] epoch=77 loss=0.00018143 recon=0.00012040 beh=6.253620 w=0.000 lr=9.908e-04 time=0.164s
[RQ-VAE] epoch=78 loss=0.00018089 recon=0.00011996 beh=6.249321 w=0.000 lr=9.905e-04 time=0.165s
[RQ-VAE] epoch=79 loss=0.00018167 recon=0.00011955 beh=6.248870 w=0.000 lr=9.902e-04 time=0.165s
[RQ-VAE] epoch=80 loss=0.00018122 recon=0.00011927 beh=6.249337 w=0.000 lr=9.898e-04 time=0.164s
[RQ-VAE] epoch=81 loss=0.00018237 recon=0.00011899 beh=6.241553 w=0.000 lr=9.895e-04 time=0.165s
[RQ-VAE] epoch=82 loss=0.00018314 recon=0.00011853 beh=6.252790 w=0.000 lr=9.892e-04 time=0.165s
[RQ-VAE] epoch=83 loss=0.00018289 recon=0.00011810 beh=6.242569 w=0.000 lr=9.888e-04 time=0.166s
[RQ-VAE] epoch=84 loss=0.00018332 recon=0.00011775 beh=6.250503 w=0.000 lr=9.885e-04 time=0.166s
[RQ-VAE] epoch=85 loss=0.00018393 recon=0.00011733 beh=6.243850 w=0.000 lr=9.881e-04 time=0.165s
[RQ-VAE] epoch=86 loss=0.00018405 recon=0.00011697 beh=6.237872 w=0.000 lr=9.878e-04 time=0.17s
[RQ-VAE] epoch=87 loss=0.00018541 recon=0.00011667 beh=6.242692 w=0.000 lr=9.875e-04 time=0.167s
[RQ-VAE] epoch=88 loss=0.00018496 recon=0.00011639 beh=6.243487 w=0.000 lr=9.871e-04 time=0.166s
[RQ-VAE] epoch=89 loss=0.00018535 recon=0.00011613 beh=6.238695 w=0.000 lr=9.868e-04 time=0.165s
[RQ-VAE] epoch=90 loss=0.00018579 recon=0.00011591 beh=6.244156 w=0.000 lr=9.864e-04 time=0.165s
[RQ-VAE] epoch=91 loss=0.00018595 recon=0.00011556 beh=6.244790 w=0.000 lr=9.861e-04 time=0.166s
[RQ-VAE] epoch=92 loss=0.00018740 recon=0.00011538 beh=6.243548 w=0.000 lr=9.858e-04 time=0.282s
[RQ-VAE] epoch=93 loss=0.00018853 recon=0.00011522 beh=6.244924 w=0.000 lr=9.854e-04 time=0.165s
[RQ-VAE] epoch=94 loss=0.00018922 recon=0.00011490 beh=6.242332 w=0.000 lr=9.851e-04 time=0.165s
[RQ-VAE] epoch=95 loss=0.00018914 recon=0.00011450 beh=6.236256 w=0.000 lr=9.847e-04 time=0.168s
[RQ-VAE] epoch=96 loss=0.00018861 recon=0.00011396 beh=6.239049 w=0.000 lr=9.844e-04 time=0.165s
[RQ-VAE] epoch=97 loss=0.00018909 recon=0.00011388 beh=6.236848 w=0.000 lr=9.841e-04 time=0.165s
[RQ-VAE] epoch=98 loss=0.00019048 recon=0.00011366 beh=6.233436 w=0.000 lr=9.837e-04 time=0.166s
[RQ-VAE] epoch=99 loss=0.00019042 recon=0.00011330 beh=6.240122 w=0.000 lr=9.834e-04 time=0.164s
[RQ-VAE] epoch=100 loss=0.00019023 recon=0.00011316 lr=9.831e-04 raw_unique=20736/24587 collision=0.156627 time=0.164s
[RQ-VAE] epoch=101 loss=0.00019129 recon=0.00011291 beh=6.239099 w=0.000 lr=9.827e-04 time=0.165s
[RQ-VAE] epoch=102 loss=0.00019196 recon=0.00011259 beh=6.236828 w=0.000 lr=9.824e-04 time=0.166s
[RQ-VAE] epoch=103 loss=0.00019148 recon=0.00011229 beh=6.235722 w=0.000 lr=9.820e-04 time=0.165s
[RQ-VAE] epoch=104 loss=0.00019243 recon=0.00011203 beh=6.245799 w=0.000 lr=9.817e-04 time=0.166s
[RQ-VAE] epoch=105 loss=0.00019206 recon=0.00011175 beh=6.231898 w=0.000 lr=9.814e-04 time=0.164s
[RQ-VAE] epoch=106 loss=0.00019228 recon=0.00011147 beh=6.238059 w=0.000 lr=9.810e-04 time=0.165s
[RQ-VAE] epoch=107 loss=0.00019288 recon=0.00011120 beh=6.236754 w=0.000 lr=9.807e-04 time=0.166s
[RQ-VAE] epoch=108 loss=0.00019275 recon=0.00011090 beh=6.237225 w=0.000 lr=9.803e-04 time=0.164s
[RQ-VAE] epoch=109 loss=0.00019424 recon=0.00011073 beh=6.243969 w=0.000 lr=9.800e-04 time=0.166s
[RQ-VAE] epoch=110 loss=0.00019513 recon=0.00011065 beh=6.243310 w=0.000 lr=9.797e-04 time=0.165s
[RQ-VAE] epoch=111 loss=0.00019512 recon=0.00011036 beh=6.237817 w=0.000 lr=9.793e-04 time=0.165s
[RQ-VAE] epoch=112 loss=0.00019600 recon=0.00011010 beh=6.237896 w=0.000 lr=9.790e-04 time=0.166s
[RQ-VAE] epoch=113 loss=0.00019671 recon=0.00010992 beh=6.239038 w=0.000 lr=9.786e-04 time=0.166s
[RQ-VAE] epoch=114 loss=0.00019684 recon=0.00010969 beh=6.241449 w=0.000 lr=9.783e-04 time=0.164s
[RQ-VAE] epoch=115 loss=0.00019732 recon=0.00010947 beh=6.235811 w=0.000 lr=9.780e-04 time=0.165s
[RQ-VAE] epoch=116 loss=0.00019786 recon=0.00010942 beh=6.236334 w=0.000 lr=9.776e-04 time=0.165s
[RQ-VAE] epoch=117 loss=0.00019748 recon=0.00010913 beh=6.231582 w=0.000 lr=9.773e-04 time=0.164s
[RQ-VAE] epoch=118 loss=0.00019823 recon=0.00010880 beh=6.237082 w=0.000 lr=9.769e-04 time=0.166s
[RQ-VAE] epoch=119 loss=0.00019920 recon=0.00010866 beh=6.236622 w=0.000 lr=9.766e-04 time=0.165s
[RQ-VAE] epoch=120 loss=0.00019912 recon=0.00010849 beh=6.241710 w=0.000 lr=9.763e-04 time=0.164s
[RQ-VAE] epoch=121 loss=0.00019989 recon=0.00010832 beh=6.237743 w=0.000 lr=9.759e-04 time=0.279s
[RQ-VAE] epoch=122 loss=0.00019990 recon=0.00010810 beh=6.237720 w=0.000 lr=9.756e-04 time=0.164s
[RQ-VAE] epoch=123 loss=0.00020069 recon=0.00010804 beh=6.240605 w=0.000 lr=9.753e-04 time=0.165s
[RQ-VAE] epoch=124 loss=0.00020101 recon=0.00010780 beh=6.248731 w=0.000 lr=9.749e-04 time=0.165s
[RQ-VAE] epoch=125 loss=0.00020273 recon=0.00010767 beh=6.238677 w=0.000 lr=9.746e-04 time=0.165s
[RQ-VAE] epoch=126 loss=0.00020344 recon=0.00010735 beh=6.236724 w=0.000 lr=9.742e-04 time=0.166s
[RQ-VAE] epoch=127 loss=0.00020228 recon=0.00010716 beh=6.240782 w=0.000 lr=9.739e-04 time=0.165s
[RQ-VAE] epoch=128 loss=0.00020336 recon=0.00010698 beh=6.234936 w=0.000 lr=9.736e-04 time=0.165s
[RQ-VAE] epoch=129 loss=0.00020342 recon=0.00010668 beh=6.234977 w=0.000 lr=9.732e-04 time=0.165s
[RQ-VAE] epoch=130 loss=0.00020328 recon=0.00010648 beh=6.242514 w=0.000 lr=9.729e-04 time=0.166s
[RQ-VAE] epoch=131 loss=0.00020454 recon=0.00010636 beh=6.236772 w=0.000 lr=9.725e-04 time=0.165s
[RQ-VAE] epoch=132 loss=0.00020528 recon=0.00010617 beh=6.245225 w=0.000 lr=9.722e-04 time=0.165s
[RQ-VAE] epoch=133 loss=0.00020582 recon=0.00010614 beh=6.229513 w=0.000 lr=9.719e-04 time=0.165s
[RQ-VAE] epoch=134 loss=0.00020580 recon=0.00010583 beh=6.244650 w=0.000 lr=9.715e-04 time=0.165s
[RQ-VAE] epoch=135 loss=0.00020716 recon=0.00010562 beh=6.237008 w=0.000 lr=9.712e-04 time=0.165s
[RQ-VAE] epoch=136 loss=0.00020612 recon=0.00010557 beh=6.236464 w=0.000 lr=9.708e-04 time=0.165s
[RQ-VAE] epoch=137 loss=0.00020805 recon=0.00010526 beh=6.232308 w=0.000 lr=9.705e-04 time=0.165s
[RQ-VAE] epoch=138 loss=0.00020853 recon=0.00010504 beh=6.238951 w=0.000 lr=9.702e-04 time=0.166s
[RQ-VAE] epoch=139 loss=0.00020742 recon=0.00010502 beh=6.233335 w=0.000 lr=9.698e-04 time=0.165s
[RQ-VAE] epoch=140 loss=0.00020853 recon=0.00010496 beh=6.240196 w=0.000 lr=9.695e-04 time=0.259s
[RQ-VAE] epoch=141 loss=0.00020920 recon=0.00010462 beh=6.229723 w=0.000 lr=9.692e-04 time=0.165s
[RQ-VAE] epoch=142 loss=0.00021056 recon=0.00010455 beh=6.236666 w=0.000 lr=9.688e-04 time=0.166s
[RQ-VAE] epoch=143 loss=0.00021045 recon=0.00010441 beh=6.232535 w=0.000 lr=9.685e-04 time=0.165s
[RQ-VAE] epoch=144 loss=0.00021018 recon=0.00010422 beh=6.235291 w=0.000 lr=9.681e-04 time=0.165s
[RQ-VAE] epoch=145 loss=0.00021089 recon=0.00010403 beh=6.240191 w=0.000 lr=9.678e-04 time=0.17s
[RQ-VAE] epoch=146 loss=0.00021075 recon=0.00010372 beh=6.231680 w=0.000 lr=9.675e-04 time=0.167s
[RQ-VAE] epoch=147 loss=0.00021178 recon=0.00010349 beh=6.230054 w=0.000 lr=9.671e-04 time=0.166s
[RQ-VAE] epoch=148 loss=0.00021164 recon=0.00010341 beh=6.237234 w=0.000 lr=9.668e-04 time=0.166s
[RQ-VAE] epoch=149 loss=0.00021256 recon=0.00010327 beh=6.231441 w=0.000 lr=9.664e-04 time=0.164s
[RQ-VAE] epoch=150 loss=0.00021221 recon=0.00010306 lr=9.661e-04 raw_unique=21432/24587 collision=0.128320 time=0.166s
[RQ-VAE] epoch=151 loss=0.00021242 recon=0.00010288 beh=6.236994 w=0.000 lr=9.658e-04 time=0.167s
[RQ-VAE] epoch=152 loss=0.00021447 recon=0.00010283 beh=6.239674 w=0.000 lr=9.654e-04 time=0.165s
[RQ-VAE] epoch=153 loss=0.00021515 recon=0.00010278 beh=6.236916 w=0.000 lr=9.651e-04 time=0.165s
[RQ-VAE] epoch=154 loss=0.00021351 recon=0.00010255 beh=6.239165 w=0.000 lr=9.647e-04 time=0.165s
[RQ-VAE] epoch=155 loss=0.00021537 recon=0.00010234 beh=6.233009 w=0.000 lr=9.644e-04 time=0.276s
[RQ-VAE] epoch=156 loss=0.00021448 recon=0.00010205 beh=6.233448 w=0.000 lr=9.641e-04 time=0.165s
[RQ-VAE] epoch=157 loss=0.00021448 recon=0.00010186 beh=6.232274 w=0.000 lr=9.637e-04 time=0.165s
[RQ-VAE] epoch=158 loss=0.00021488 recon=0.00010175 beh=6.236761 w=0.000 lr=9.634e-04 time=0.164s
[RQ-VAE] epoch=159 loss=0.00021533 recon=0.00010162 beh=6.236725 w=0.000 lr=9.631e-04 time=0.163s
[RQ-VAE] epoch=160 loss=0.00021780 recon=0.00010166 beh=6.241573 w=0.000 lr=9.627e-04 time=0.164s
[RQ-VAE] epoch=161 loss=0.00021666 recon=0.00010144 beh=6.238693 w=0.000 lr=9.624e-04 time=0.164s
[RQ-VAE] epoch=162 loss=0.00021630 recon=0.00010132 beh=6.231596 w=0.000 lr=9.620e-04 time=0.164s
[RQ-VAE] epoch=163 loss=0.00021716 recon=0.00010109 beh=6.235471 w=0.000 lr=9.617e-04 time=0.164s
[RQ-VAE] epoch=164 loss=0.00021735 recon=0.00010089 beh=6.239898 w=0.000 lr=9.614e-04 time=0.164s
[RQ-VAE] epoch=165 loss=0.00021791 recon=0.00010076 beh=6.240384 w=0.000 lr=9.610e-04 time=0.166s
[RQ-VAE] epoch=166 loss=0.00021925 recon=0.00010059 beh=6.231582 w=0.000 lr=9.607e-04 time=0.163s
[RQ-VAE] epoch=167 loss=0.00022010 recon=0.00010047 beh=6.231688 w=0.000 lr=9.603e-04 time=0.164s
[RQ-VAE] epoch=168 loss=0.00021980 recon=0.00010028 beh=6.235807 w=0.000 lr=9.600e-04 time=0.164s
[RQ-VAE] epoch=169 loss=0.00022123 recon=0.00010045 beh=6.236939 w=0.000 lr=9.597e-04 time=0.164s
[RQ-VAE] epoch=170 loss=0.00022162 recon=0.00010016 beh=6.239673 w=0.000 lr=9.593e-04 time=0.164s
[RQ-VAE] epoch=171 loss=0.00022264 recon=0.00010004 beh=6.233764 w=0.000 lr=9.590e-04 time=0.164s
[RQ-VAE] epoch=172 loss=0.00022350 recon=0.00009990 beh=6.234087 w=0.000 lr=9.586e-04 time=0.164s
[RQ-VAE] epoch=173 loss=0.00022211 recon=0.00009982 beh=6.236573 w=0.000 lr=9.583e-04 time=0.164s
[RQ-VAE] epoch=174 loss=0.00022274 recon=0.00009964 beh=6.238925 w=0.000 lr=9.580e-04 time=0.164s
[RQ-VAE] epoch=175 loss=0.00022424 recon=0.00009970 beh=6.238332 w=0.000 lr=9.576e-04 time=0.166s
[RQ-VAE] epoch=176 loss=0.00022438 recon=0.00009951 beh=6.227845 w=0.000 lr=9.573e-04 time=0.163s
[RQ-VAE] epoch=177 loss=0.00022372 recon=0.00009926 beh=6.233780 w=0.000 lr=9.569e-04 time=0.166s
[RQ-VAE] epoch=178 loss=0.00022316 recon=0.00009912 beh=6.235857 w=0.000 lr=9.566e-04 time=0.164s
[RQ-VAE] epoch=179 loss=0.00022453 recon=0.00009902 beh=6.233921 w=0.000 lr=9.563e-04 time=0.163s
[RQ-VAE] epoch=180 loss=0.00022580 recon=0.00009893 beh=6.232911 w=0.000 lr=9.559e-04 time=0.163s
[RQ-VAE] epoch=181 loss=0.00022677 recon=0.00009885 beh=6.231234 w=0.000 lr=9.556e-04 time=0.164s
[RQ-VAE] epoch=182 loss=0.00022704 recon=0.00009861 beh=6.237648 w=0.000 lr=9.553e-04 time=0.163s
[RQ-VAE] epoch=183 loss=0.00022613 recon=0.00009856 beh=6.238654 w=0.000 lr=9.549e-04 time=0.164s
[RQ-VAE] epoch=184 loss=0.00022623 recon=0.00009838 beh=6.239693 w=0.000 lr=9.546e-04 time=0.164s
[RQ-VAE] epoch=185 loss=0.00022598 recon=0.00009821 beh=6.231983 w=0.000 lr=9.542e-04 time=0.164s
[RQ-VAE] epoch=186 loss=0.00022663 recon=0.00009817 beh=6.235812 w=0.000 lr=9.539e-04 time=0.163s
[RQ-VAE] epoch=187 loss=0.00022803 recon=0.00009809 beh=6.239065 w=0.000 lr=9.536e-04 time=0.164s
[RQ-VAE] epoch=188 loss=0.00022878 recon=0.00009781 beh=6.228043 w=0.000 lr=9.532e-04 time=0.164s
[RQ-VAE] epoch=189 loss=0.00022937 recon=0.00009770 beh=6.234317 w=0.000 lr=9.529e-04 time=0.167s
[RQ-VAE] epoch=190 loss=0.00022805 recon=0.00009761 beh=6.236609 w=0.000 lr=9.525e-04 time=0.164s
[RQ-VAE] epoch=191 loss=0.00022975 recon=0.00009759 beh=6.230796 w=0.000 lr=9.522e-04 time=0.164s
[RQ-VAE] epoch=192 loss=0.00022845 recon=0.00009745 beh=6.230976 w=0.000 lr=9.519e-04 time=0.165s
[RQ-VAE] epoch=193 loss=0.00023002 recon=0.00009731 beh=6.237304 w=0.000 lr=9.515e-04 time=0.164s
[RQ-VAE] epoch=194 loss=0.00023083 recon=0.00009741 beh=6.231088 w=0.000 lr=9.512e-04 time=0.165s
[RQ-VAE] epoch=195 loss=0.00023054 recon=0.00009716 beh=6.233136 w=0.000 lr=9.508e-04 time=0.164s
[RQ-VAE] epoch=196 loss=0.00023059 recon=0.00009706 beh=6.236639 w=0.000 lr=9.505e-04 time=0.165s
[RQ-VAE] epoch=197 loss=0.00023032 recon=0.00009687 beh=6.229396 w=0.000 lr=9.502e-04 time=0.163s
[RQ-VAE] epoch=198 loss=0.00023102 recon=0.00009672 beh=6.240453 w=0.000 lr=9.498e-04 time=0.165s
[RQ-VAE] epoch=199 loss=0.00023035 recon=0.00009666 beh=6.231539 w=0.000 lr=9.495e-04 time=0.164s
[RQ-VAE] epoch=200 loss=0.00023235 recon=0.00009672 lr=9.492e-04 raw_unique=21453/24587 collision=0.127466 time=0.163s
[RQ-VAE] epoch=201 loss=0.00023359 recon=0.00009643 beh=6.227734 w=0.000 lr=9.488e-04 time=0.164s
[RQ-VAE] epoch=202 loss=0.00023264 recon=0.00009655 beh=6.231509 w=0.000 lr=9.485e-04 time=0.165s
[RQ-VAE] epoch=203 loss=0.00023305 recon=0.00009630 beh=6.235646 w=0.000 lr=9.481e-04 time=0.164s
[RQ-VAE] epoch=204 loss=0.00023280 recon=0.00009613 beh=6.238533 w=0.000 lr=9.478e-04 time=0.164s
[RQ-VAE] epoch=205 loss=0.00023343 recon=0.00009612 beh=6.235416 w=0.000 lr=9.475e-04 time=0.166s
[RQ-VAE] epoch=206 loss=0.00023439 recon=0.00009603 beh=6.236190 w=0.000 lr=9.471e-04 time=0.166s
[RQ-VAE] epoch=207 loss=0.00023606 recon=0.00009588 beh=6.235697 w=0.000 lr=9.468e-04 time=0.165s
[RQ-VAE] epoch=208 loss=0.00023503 recon=0.00009579 beh=6.231092 w=0.000 lr=9.464e-04 time=0.166s
[RQ-VAE] epoch=209 loss=0.00023550 recon=0.00009574 beh=6.238677 w=0.000 lr=9.461e-04 time=0.166s
[RQ-VAE] epoch=210 loss=0.00023661 recon=0.00009560 beh=6.231103 w=0.000 lr=9.458e-04 time=0.167s
[RQ-VAE] epoch=211 loss=0.00023541 recon=0.00009553 beh=6.230004 w=0.000 lr=9.454e-04 time=0.167s
[RQ-VAE] epoch=212 loss=0.00023683 recon=0.00009526 beh=6.236210 w=0.000 lr=9.451e-04 time=0.289s
[RQ-VAE] epoch=213 loss=0.00023722 recon=0.00009540 beh=6.231104 w=0.000 lr=9.447e-04 time=0.166s
[RQ-VAE] epoch=214 loss=0.00023687 recon=0.00009521 beh=6.230808 w=0.000 lr=9.444e-04 time=0.166s
[RQ-VAE] epoch=215 loss=0.00023841 recon=0.00009515 beh=6.233164 w=0.000 lr=9.441e-04 time=0.169s
[RQ-VAE] epoch=216 loss=0.00023755 recon=0.00009513 beh=6.234803 w=0.000 lr=9.437e-04 time=0.169s
[RQ-VAE] epoch=217 loss=0.00023870 recon=0.00009507 beh=6.236351 w=0.000 lr=9.434e-04 time=0.168s
[RQ-VAE] epoch=218 loss=0.00023883 recon=0.00009504 beh=6.236996 w=0.000 lr=9.431e-04 time=0.166s
[RQ-VAE] epoch=219 loss=0.00024006 recon=0.00009491 beh=6.229247 w=0.000 lr=9.427e-04 time=0.166s
[RQ-VAE] epoch=220 loss=0.00024028 recon=0.00009495 beh=6.235884 w=0.000 lr=9.424e-04 time=0.167s
[RQ-VAE] epoch=221 loss=0.00024123 recon=0.00009480 beh=6.237549 w=0.000 lr=9.420e-04 time=0.167s
[RQ-VAE] epoch=222 loss=0.00024044 recon=0.00009478 beh=6.231359 w=0.000 lr=9.417e-04 time=0.166s
[RQ-VAE] epoch=223 loss=0.00023984 recon=0.00009452 beh=6.232816 w=0.000 lr=9.414e-04 time=0.166s
[RQ-VAE] epoch=224 loss=0.00024197 recon=0.00009446 beh=6.235890 w=0.000 lr=9.410e-04 time=0.166s
[RQ-VAE] epoch=225 loss=0.00024217 recon=0.00009450 beh=6.237066 w=0.000 lr=9.407e-04 time=0.166s
[RQ-VAE] epoch=226 loss=0.00024231 recon=0.00009435 beh=6.231179 w=0.000 lr=9.403e-04 time=0.166s
[RQ-VAE] epoch=227 loss=0.00024251 recon=0.00009420 beh=6.226995 w=0.000 lr=9.400e-04 time=0.166s
[RQ-VAE] epoch=228 loss=0.00024196 recon=0.00009426 beh=6.232625 w=0.000 lr=9.397e-04 time=0.166s
[RQ-VAE] epoch=229 loss=0.00024271 recon=0.00009404 beh=6.237379 w=0.000 lr=9.393e-04 time=0.167s
[RQ-VAE] epoch=230 loss=0.00024292 recon=0.00009384 beh=6.232713 w=0.000 lr=9.390e-04 time=0.168s
[RQ-VAE] epoch=231 loss=0.00024298 recon=0.00009391 beh=6.235369 w=0.000 lr=9.386e-04 time=0.167s
[RQ-VAE] epoch=232 loss=0.00024448 recon=0.00009371 beh=6.229967 w=0.000 lr=9.383e-04 time=0.167s
[RQ-VAE] epoch=233 loss=0.00024496 recon=0.00009356 beh=6.232450 w=0.000 lr=9.380e-04 time=0.166s
[RQ-VAE] epoch=234 loss=0.00024435 recon=0.00009364 beh=6.236266 w=0.000 lr=9.376e-04 time=0.166s
[RQ-VAE] epoch=235 loss=0.00024496 recon=0.00009359 beh=6.227614 w=0.000 lr=9.373e-04 time=0.167s
[RQ-VAE] epoch=236 loss=0.00024571 recon=0.00009349 beh=6.236946 w=0.000 lr=9.369e-04 time=0.167s
[RQ-VAE] epoch=237 loss=0.00024557 recon=0.00009332 beh=6.235015 w=0.000 lr=9.366e-04 time=0.169s
[RQ-VAE] epoch=238 loss=0.00024497 recon=0.00009324 beh=6.234423 w=0.000 lr=9.363e-04 time=0.167s
[RQ-VAE] epoch=239 loss=0.00024489 recon=0.00009305 beh=6.231431 w=0.000 lr=9.359e-04 time=0.166s
[RQ-VAE] epoch=240 loss=0.00024751 recon=0.00009303 beh=6.238917 w=0.000 lr=9.356e-04 time=0.166s
[RQ-VAE] epoch=241 loss=0.00024690 recon=0.00009313 beh=6.236055 w=0.000 lr=9.353e-04 time=0.282s
[RQ-VAE] epoch=242 loss=0.00024760 recon=0.00009316 beh=6.232174 w=0.000 lr=9.349e-04 time=0.167s
[RQ-VAE] epoch=243 loss=0.00024667 recon=0.00009299 beh=6.232900 w=0.000 lr=9.346e-04 time=0.166s
[RQ-VAE] epoch=244 loss=0.00024717 recon=0.00009295 beh=6.236861 w=0.000 lr=9.342e-04 time=0.166s
[RQ-VAE] epoch=245 loss=0.00024746 recon=0.00009276 beh=6.239546 w=0.000 lr=9.339e-04 time=0.166s
[RQ-VAE] epoch=246 loss=0.00024700 recon=0.00009263 beh=6.229653 w=0.000 lr=9.336e-04 time=0.166s
[RQ-VAE] epoch=247 loss=0.00024689 recon=0.00009262 beh=6.230688 w=0.000 lr=9.332e-04 time=0.167s
[RQ-VAE] epoch=248 loss=0.00024788 recon=0.00009247 beh=6.240008 w=0.000 lr=9.329e-04 time=0.167s
[RQ-VAE] epoch=249 loss=0.00024825 recon=0.00009241 beh=6.240878 w=0.000 lr=9.325e-04 time=0.166s
[RQ-VAE] epoch=250 loss=0.00024776 recon=0.00009227 lr=9.322e-04 raw_unique=21388/24587 collision=0.130109 time=0.166s
[RQ-VAE] epoch=251 loss=0.00024886 recon=0.00009224 beh=6.233822 w=0.000 lr=9.319e-04 time=0.167s
[RQ-VAE] epoch=252 loss=0.00024868 recon=0.00009206 beh=6.242553 w=0.000 lr=9.315e-04 time=0.17s
[RQ-VAE] epoch=253 loss=0.00024839 recon=0.00009197 beh=6.231953 w=0.000 lr=9.312e-04 time=0.167s
[RQ-VAE] epoch=254 loss=0.00024978 recon=0.00009212 beh=6.233312 w=0.000 lr=9.308e-04 time=0.166s
[RQ-VAE] epoch=255 loss=0.00024899 recon=0.00009182 beh=6.233907 w=0.000 lr=9.305e-04 time=0.167s
[RQ-VAE] epoch=256 loss=0.00024892 recon=0.00009186 beh=6.236885 w=0.000 lr=9.302e-04 time=0.167s
[RQ-VAE] epoch=257 loss=0.00024975 recon=0.00009178 beh=6.237177 w=0.000 lr=9.298e-04 time=0.166s
[RQ-VAE] epoch=258 loss=0.00025028 recon=0.00009174 beh=6.240965 w=0.000 lr=9.295e-04 time=0.167s
[RQ-VAE] epoch=259 loss=0.00025216 recon=0.00009170 beh=6.237773 w=0.000 lr=9.292e-04 time=0.168s
[RQ-VAE] epoch=260 loss=0.00025144 recon=0.00009173 beh=6.230424 w=0.000 lr=9.288e-04 time=0.28s
[RQ-VAE] epoch=261 loss=0.00025161 recon=0.00009184 beh=6.237129 w=0.000 lr=9.285e-04 time=0.166s
[RQ-VAE] epoch=262 loss=0.00025313 recon=0.00009171 beh=6.238034 w=0.000 lr=9.281e-04 time=0.169s
[RQ-VAE] epoch=263 loss=0.00025425 recon=0.00009165 beh=6.233166 w=0.000 lr=9.278e-04 time=0.166s
[RQ-VAE] epoch=264 loss=0.00025430 recon=0.00009148 beh=6.233722 w=0.000 lr=9.275e-04 time=0.166s
[RQ-VAE] epoch=265 loss=0.00025472 recon=0.00009151 beh=6.228204 w=0.000 lr=9.271e-04 time=0.165s
[RQ-VAE] epoch=266 loss=0.00025526 recon=0.00009166 beh=6.235270 w=0.000 lr=9.268e-04 time=0.166s
[RQ-VAE] epoch=267 loss=0.00025568 recon=0.00009149 beh=6.239831 w=0.000 lr=9.264e-04 time=0.17s
[RQ-VAE] epoch=268 loss=0.00025359 recon=0.00009133 beh=6.231014 w=0.000 lr=9.261e-04 time=0.166s
[RQ-VAE] epoch=269 loss=0.00025585 recon=0.00009118 beh=6.232123 w=0.000 lr=9.258e-04 time=0.167s
[RQ-VAE] epoch=270 loss=0.00025629 recon=0.00009129 beh=6.238696 w=0.000 lr=9.254e-04 time=0.168s
[RQ-VAE] epoch=271 loss=0.00025380 recon=0.00009103 beh=6.237530 w=0.000 lr=9.251e-04 time=0.166s
[RQ-VAE] epoch=272 loss=0.00025498 recon=0.00009111 beh=6.230245 w=0.000 lr=9.247e-04 time=0.166s
[RQ-VAE] epoch=273 loss=0.00025837 recon=0.00009115 beh=6.234108 w=0.000 lr=9.244e-04 time=0.168s
[RQ-VAE] epoch=274 loss=0.00025608 recon=0.00009083 beh=6.234668 w=0.000 lr=9.241e-04 time=0.166s
[RQ-VAE] epoch=275 loss=0.00025769 recon=0.00009087 beh=6.231524 w=0.000 lr=9.237e-04 time=0.284s
[RQ-VAE] epoch=276 loss=0.00025787 recon=0.00009064 beh=6.234441 w=0.000 lr=9.234e-04 time=0.167s
[RQ-VAE] epoch=277 loss=0.00025702 recon=0.00009071 beh=6.230746 w=0.000 lr=9.231e-04 time=0.168s
[RQ-VAE] epoch=278 loss=0.00025685 recon=0.00009072 beh=6.230516 w=0.000 lr=9.227e-04 time=0.167s
[RQ-VAE] epoch=279 loss=0.00025812 recon=0.00009054 beh=6.237272 w=0.000 lr=9.224e-04 time=0.167s
[RQ-VAE] epoch=280 loss=0.00025745 recon=0.00009062 beh=6.231520 w=0.000 lr=9.220e-04 time=0.168s
[RQ-VAE] epoch=281 loss=0.00025777 recon=0.00009057 beh=6.233712 w=0.000 lr=9.217e-04 time=0.167s
[RQ-VAE] epoch=282 loss=0.00025915 recon=0.00009044 beh=6.234005 w=0.000 lr=9.214e-04 time=0.167s
[RQ-VAE] epoch=283 loss=0.00025900 recon=0.00009027 beh=6.234005 w=0.000 lr=9.210e-04 time=0.167s
[RQ-VAE] epoch=284 loss=0.00025679 recon=0.00009033 beh=6.233540 w=0.000 lr=9.207e-04 time=0.167s
[RQ-VAE] epoch=285 loss=0.00025954 recon=0.00009012 beh=6.236331 w=0.000 lr=9.203e-04 time=0.168s
[RQ-VAE] epoch=286 loss=0.00025933 recon=0.00009017 beh=6.233720 w=0.000 lr=9.200e-04 time=0.17s
[RQ-VAE] epoch=287 loss=0.00025726 recon=0.00009003 beh=6.237741 w=0.000 lr=9.197e-04 time=0.169s
[RQ-VAE] epoch=288 loss=0.00025833 recon=0.00009001 beh=6.228221 w=0.000 lr=9.193e-04 time=0.167s
[RQ-VAE] epoch=289 loss=0.00025914 recon=0.00008982 beh=6.237492 w=0.000 lr=9.190e-04 time=0.167s
[RQ-VAE] epoch=290 loss=0.00025931 recon=0.00008979 beh=6.234146 w=0.000 lr=9.186e-04 time=0.167s
[RQ-VAE] epoch=291 loss=0.00025997 recon=0.00008990 beh=6.229317 w=0.000 lr=9.183e-04 time=0.169s
[RQ-VAE] epoch=292 loss=0.00026078 recon=0.00008966 beh=6.236594 w=0.000 lr=9.180e-04 time=0.167s
[RQ-VAE] epoch=293 loss=0.00026052 recon=0.00008957 beh=6.234730 w=0.000 lr=9.176e-04 time=0.167s
[RQ-VAE] epoch=294 loss=0.00026098 recon=0.00008950 beh=6.237297 w=0.000 lr=9.173e-04 time=0.166s
[RQ-VAE] epoch=295 loss=0.00026175 recon=0.00008936 beh=6.238333 w=0.000 lr=9.169e-04 time=0.169s
[RQ-VAE] epoch=296 loss=0.00026233 recon=0.00008936 beh=6.234537 w=0.000 lr=9.166e-04 time=0.168s
[RQ-VAE] epoch=297 loss=0.00026301 recon=0.00008955 beh=6.232140 w=0.000 lr=9.163e-04 time=0.167s
[RQ-VAE] epoch=298 loss=0.00026245 recon=0.00008955 beh=6.233813 w=0.000 lr=9.159e-04 time=0.168s
[RQ-VAE] epoch=299 loss=0.00026369 recon=0.00008959 beh=6.237556 w=0.000 lr=9.156e-04 time=0.168s
[RQ-VAE] epoch=300 loss=0.00026384 recon=0.00008930 lr=9.153e-04 raw_unique=21150/24587 collision=0.139789 time=0.167s
[RQ-VAE] epoch=301 loss=0.00026434 recon=0.00008930 beh=6.227537 w=0.000 lr=9.149e-04 time=0.169s
[RQ-VAE] epoch=302 loss=0.00026617 recon=0.00008928 beh=6.231389 w=0.000 lr=9.146e-04 time=0.167s
[RQ-VAE] epoch=303 loss=0.00026623 recon=0.00008925 beh=6.238809 w=0.000 lr=9.142e-04 time=0.167s
[RQ-VAE] epoch=304 loss=0.00026465 recon=0.00008914 beh=6.238529 w=0.000 lr=9.139e-04 time=0.166s
[RQ-VAE] epoch=305 loss=0.00026707 recon=0.00008921 beh=6.235403 w=0.000 lr=9.136e-04 time=0.168s
[RQ-VAE] epoch=306 loss=0.00026729 recon=0.00008920 beh=6.238439 w=0.000 lr=9.132e-04 time=0.168s
[RQ-VAE] epoch=307 loss=0.00026529 recon=0.00008920 beh=6.239842 w=0.000 lr=9.129e-04 time=0.166s
[RQ-VAE] epoch=308 loss=0.00026723 recon=0.00008919 beh=6.235689 w=0.000 lr=9.125e-04 time=0.166s
[RQ-VAE] epoch=309 loss=0.00026738 recon=0.00008902 beh=6.238742 w=0.000 lr=9.122e-04 time=0.167s
[RQ-VAE] epoch=310 loss=0.00026687 recon=0.00008885 beh=6.234345 w=0.000 lr=9.119e-04 time=0.167s
[RQ-VAE] epoch=311 loss=0.00026684 recon=0.00008885 beh=6.232646 w=0.000 lr=9.115e-04 time=0.169s
[RQ-VAE] epoch=312 loss=0.00026806 recon=0.00008868 beh=6.235267 w=0.000 lr=9.112e-04 time=0.168s
[RQ-VAE] epoch=313 loss=0.00026793 recon=0.00008857 beh=6.234964 w=0.000 lr=9.108e-04 time=0.168s
[RQ-VAE] epoch=314 loss=0.00026717 recon=0.00008867 beh=6.234428 w=0.000 lr=9.105e-04 time=0.167s
[RQ-VAE] epoch=315 loss=0.00026854 recon=0.00008852 beh=6.230511 w=0.000 lr=9.102e-04 time=0.167s
[RQ-VAE] epoch=316 loss=0.00026890 recon=0.00008878 beh=6.239625 w=0.000 lr=9.098e-04 time=0.167s
[RQ-VAE] epoch=317 loss=0.00026942 recon=0.00008869 beh=6.233854 w=0.000 lr=9.095e-04 time=0.168s
[RQ-VAE] epoch=318 loss=0.00026925 recon=0.00008842 beh=6.230382 w=0.000 lr=9.092e-04 time=0.167s
[RQ-VAE] epoch=319 loss=0.00026782 recon=0.00008838 beh=6.234015 w=0.000 lr=9.088e-04 time=0.167s
[RQ-VAE] epoch=320 loss=0.00026964 recon=0.00008839 beh=6.226066 w=0.000 lr=9.085e-04 time=0.168s
[RQ-VAE] epoch=321 loss=0.00026997 recon=0.00008824 beh=6.237521 w=0.000 lr=9.081e-04 time=0.168s
[RQ-VAE] epoch=322 loss=0.00026958 recon=0.00008826 beh=6.238245 w=0.000 lr=9.078e-04 time=0.167s
[RQ-VAE] epoch=323 loss=0.00026985 recon=0.00008814 beh=6.236457 w=0.000 lr=9.075e-04 time=0.167s
[RQ-VAE] epoch=324 loss=0.00026947 recon=0.00008817 beh=6.235700 w=0.000 lr=9.071e-04 time=0.166s
[RQ-VAE] epoch=325 loss=0.00027041 recon=0.00008827 beh=6.240986 w=0.000 lr=9.068e-04 time=0.167s
[RQ-VAE] epoch=326 loss=0.00027169 recon=0.00008800 beh=6.232126 w=0.000 lr=9.064e-04 time=0.168s
[RQ-VAE] epoch=327 loss=0.00026964 recon=0.00008796 beh=6.231538 w=0.000 lr=9.061e-04 time=0.168s
[RQ-VAE] epoch=328 loss=0.00026944 recon=0.00008779 beh=6.245295 w=0.000 lr=9.058e-04 time=0.167s
[RQ-VAE] epoch=329 loss=0.00027247 recon=0.00008799 beh=6.237888 w=0.000 lr=9.054e-04 time=0.167s
[RQ-VAE] epoch=330 loss=0.00027131 recon=0.00008772 beh=6.243124 w=0.000 lr=9.051e-04 time=0.168s
[RQ-VAE] epoch=331 loss=0.00027051 recon=0.00008785 beh=6.238283 w=0.000 lr=9.047e-04 time=0.168s
[RQ-VAE] epoch=332 loss=0.00027148 recon=0.00008769 beh=6.232817 w=0.000 lr=9.044e-04 time=0.285s
[RQ-VAE] epoch=333 loss=0.00027355 recon=0.00008776 beh=6.235123 w=0.000 lr=9.041e-04 time=0.167s
[RQ-VAE] epoch=334 loss=0.00027259 recon=0.00008762 beh=6.246227 w=0.000 lr=9.037e-04 time=0.166s
[RQ-VAE] epoch=335 loss=0.00027287 recon=0.00008784 beh=6.234984 w=0.000 lr=9.034e-04 time=0.167s
[RQ-VAE] epoch=336 loss=0.00027336 recon=0.00008766 beh=6.242312 w=0.000 lr=9.031e-04 time=0.168s
[RQ-VAE] epoch=337 loss=0.00027263 recon=0.00008758 beh=6.238665 w=0.000 lr=9.027e-04 time=0.166s
[RQ-VAE] epoch=338 loss=0.00027328 recon=0.00008749 beh=6.232630 w=0.000 lr=9.024e-04 time=0.166s
[RQ-VAE] epoch=339 loss=0.00027557 recon=0.00008760 beh=6.236102 w=0.000 lr=9.020e-04 time=0.167s
[RQ-VAE] epoch=340 loss=0.00027469 recon=0.00008741 beh=6.234394 w=0.000 lr=9.017e-04 time=0.168s
[RQ-VAE] epoch=341 loss=0.00027391 recon=0.00008742 beh=6.233652 w=0.000 lr=9.014e-04 time=0.168s
[RQ-VAE] epoch=342 loss=0.00027385 recon=0.00008742 beh=6.234784 w=0.000 lr=9.010e-04 time=0.166s
[RQ-VAE] epoch=343 loss=0.00027439 recon=0.00008748 beh=6.236416 w=0.000 lr=9.007e-04 time=0.166s
[RQ-VAE] epoch=344 loss=0.00027621 recon=0.00008727 beh=6.239429 w=0.000 lr=9.003e-04 time=0.167s
[RQ-VAE] epoch=345 loss=0.00027478 recon=0.00008739 beh=6.226494 w=0.000 lr=9.000e-04 time=0.167s
[RQ-VAE] epoch=346 loss=0.00027437 recon=0.00008720 beh=6.243506 w=0.000 lr=8.997e-04 time=0.167s
[RQ-VAE] epoch=347 loss=0.00027423 recon=0.00008723 beh=6.243812 w=0.000 lr=8.993e-04 time=0.167s
[RQ-VAE] epoch=348 loss=0.00027489 recon=0.00008706 beh=6.233486 w=0.000 lr=8.990e-04 time=0.168s
[RQ-VAE] epoch=349 loss=0.00027366 recon=0.00008689 beh=6.236668 w=0.000 lr=8.986e-04 time=0.168s
[RQ-VAE] epoch=350 loss=0.00027349 recon=0.00008691 lr=8.983e-04 raw_unique=20904/24587 collision=0.149795 time=0.167s
[RQ-VAE] epoch=351 loss=0.00027441 recon=0.00008701 beh=6.232513 w=0.000 lr=8.980e-04 time=0.168s
[RQ-VAE] epoch=352 loss=0.00027471 recon=0.00008681 beh=6.239204 w=0.000 lr=8.976e-04 time=0.168s
[RQ-VAE] epoch=353 loss=0.00027517 recon=0.00008680 beh=6.231503 w=0.000 lr=8.973e-04 time=0.167s
[RQ-VAE] epoch=354 loss=0.00027550 recon=0.00008696 beh=6.234858 w=0.000 lr=8.969e-04 time=0.168s
[RQ-VAE] epoch=355 loss=0.00027520 recon=0.00008689 beh=6.236051 w=0.000 lr=8.966e-04 time=0.167s
[RQ-VAE] epoch=356 loss=0.00027616 recon=0.00008689 beh=6.236535 w=0.000 lr=8.963e-04 time=0.167s
[RQ-VAE] epoch=357 loss=0.00027740 recon=0.00008668 beh=6.239214 w=0.000 lr=8.959e-04 time=0.169s
[RQ-VAE] epoch=358 loss=0.00027411 recon=0.00008664 beh=6.241477 w=0.000 lr=8.956e-04 time=0.168s
[RQ-VAE] epoch=359 loss=0.00027459 recon=0.00008674 beh=6.235607 w=0.000 lr=8.953e-04 time=0.168s
[RQ-VAE] epoch=360 loss=0.00027780 recon=0.00008669 beh=6.233875 w=0.000 lr=8.949e-04 time=0.167s
[RQ-VAE] epoch=361 loss=0.00027612 recon=0.00008649 beh=6.239623 w=0.000 lr=8.946e-04 time=0.263s
[RQ-VAE] epoch=362 loss=0.00027515 recon=0.00008651 beh=6.238930 w=0.000 lr=8.942e-04 time=0.166s
[RQ-VAE] epoch=363 loss=0.00027686 recon=0.00008641 beh=6.244619 w=0.000 lr=8.939e-04 time=0.169s
[RQ-VAE] epoch=364 loss=0.00027709 recon=0.00008643 beh=6.240535 w=0.000 lr=8.936e-04 time=0.167s
[RQ-VAE] epoch=365 loss=0.00027560 recon=0.00008626 beh=6.235883 w=0.000 lr=8.932e-04 time=0.168s
[RQ-VAE] epoch=366 loss=0.00027811 recon=0.00008632 beh=6.236490 w=0.000 lr=8.929e-04 time=0.168s
[RQ-VAE] epoch=367 loss=0.00027689 recon=0.00008616 beh=6.238092 w=0.000 lr=8.925e-04 time=0.168s
[RQ-VAE] epoch=368 loss=0.00027712 recon=0.00008616 beh=6.245130 w=0.000 lr=8.922e-04 time=0.167s
[RQ-VAE] epoch=369 loss=0.00027697 recon=0.00008617 beh=6.241555 w=0.000 lr=8.919e-04 time=0.168s
[RQ-VAE] epoch=370 loss=0.00027756 recon=0.00008616 beh=6.236985 w=0.000 lr=8.915e-04 time=0.167s
[RQ-VAE] epoch=371 loss=0.00027857 recon=0.00008610 beh=6.233948 w=0.000 lr=8.912e-04 time=0.167s
[RQ-VAE] epoch=372 loss=0.00027887 recon=0.00008615 beh=6.242622 w=0.000 lr=8.908e-04 time=0.167s
[RQ-VAE] epoch=373 loss=0.00027805 recon=0.00008611 beh=6.239703 w=0.000 lr=8.905e-04 time=0.169s
[RQ-VAE] epoch=374 loss=0.00027977 recon=0.00008589 beh=6.239086 w=0.000 lr=8.902e-04 time=0.168s
[RQ-VAE] epoch=375 loss=0.00027779 recon=0.00008605 beh=6.244015 w=0.000 lr=8.898e-04 time=0.167s
[RQ-VAE] epoch=376 loss=0.00027900 recon=0.00008600 beh=6.233177 w=0.000 lr=8.895e-04 time=0.167s
[RQ-VAE] epoch=377 loss=0.00027895 recon=0.00008592 beh=6.233632 w=0.000 lr=8.892e-04 time=0.167s
[RQ-VAE] epoch=378 loss=0.00027943 recon=0.00008591 beh=6.232429 w=0.000 lr=8.888e-04 time=0.167s
[RQ-VAE] epoch=379 loss=0.00027935 recon=0.00008586 beh=6.233906 w=0.000 lr=8.885e-04 time=0.168s
[RQ-VAE] epoch=380 loss=0.00028170 recon=0.00008572 beh=6.237970 w=0.000 lr=8.881e-04 time=0.275s
[RQ-VAE] epoch=381 loss=0.00027921 recon=0.00008557 beh=6.234649 w=0.000 lr=8.878e-04 time=0.166s
[RQ-VAE] epoch=382 loss=0.00027867 recon=0.00008562 beh=6.236289 w=0.000 lr=8.875e-04 time=0.167s
[RQ-VAE] epoch=383 loss=0.00028059 recon=0.00008549 beh=6.237166 w=0.000 lr=8.871e-04 time=0.166s
[RQ-VAE] epoch=384 loss=0.00028094 recon=0.00008550 beh=6.234746 w=0.000 lr=8.868e-04 time=0.168s
[RQ-VAE] epoch=385 loss=0.00028054 recon=0.00008562 beh=6.238513 w=0.000 lr=8.864e-04 time=0.167s
[RQ-VAE] epoch=386 loss=0.00028078 recon=0.00008546 beh=6.234625 w=0.000 lr=8.861e-04 time=0.168s
[RQ-VAE] epoch=387 loss=0.00028252 recon=0.00008536 beh=6.240465 w=0.000 lr=8.858e-04 time=0.167s
[RQ-VAE] epoch=388 loss=0.00028166 recon=0.00008550 beh=6.240393 w=0.000 lr=8.854e-04 time=0.167s
[RQ-VAE] epoch=389 loss=0.00027983 recon=0.00008553 beh=6.238618 w=0.000 lr=8.851e-04 time=0.167s
[RQ-VAE] epoch=390 loss=0.00028343 recon=0.00008548 beh=6.232243 w=0.000 lr=8.847e-04 time=0.167s
[RQ-VAE] epoch=391 loss=0.00028068 recon=0.00008531 beh=6.238118 w=0.000 lr=8.844e-04 time=0.167s
[RQ-VAE] epoch=392 loss=0.00027961 recon=0.00008537 beh=6.237350 w=0.000 lr=8.841e-04 time=0.167s
[RQ-VAE] epoch=393 loss=0.00028081 recon=0.00008542 beh=6.237676 w=0.000 lr=8.837e-04 time=0.167s
[RQ-VAE] epoch=394 loss=0.00028403 recon=0.00008523 beh=6.239794 w=0.000 lr=8.834e-04 time=0.168s
[RQ-VAE] epoch=395 loss=0.00028173 recon=0.00008525 beh=6.231957 w=0.000 lr=8.831e-04 time=0.167s
[RQ-VAE] epoch=396 loss=0.00028032 recon=0.00008523 beh=6.229591 w=0.000 lr=8.827e-04 time=0.257s
[RQ-VAE] epoch=397 loss=0.00028222 recon=0.00008509 beh=6.238169 w=0.000 lr=8.824e-04 time=0.167s
[RQ-VAE] epoch=398 loss=0.00028150 recon=0.00008500 beh=6.230843 w=0.000 lr=8.820e-04 time=0.167s
[RQ-VAE] epoch=399 loss=0.00028207 recon=0.00008500 beh=6.230268 w=0.000 lr=8.817e-04 time=0.168s
[RQ-VAE] epoch=400 loss=0.00028355 recon=0.00008498 lr=8.814e-04 raw_unique=20884/24587 collision=0.150608 time=0.167s
[RQ-VAE] epoch=401 loss=0.00028432 recon=0.00008492 beh=6.237491 w=0.000 lr=8.810e-04 time=0.168s
[RQ-VAE] epoch=402 loss=0.00028186 recon=0.00008502 beh=6.234510 w=0.000 lr=8.807e-04 time=0.166s
[RQ-VAE] epoch=403 loss=0.00028293 recon=0.00008488 beh=6.237586 w=0.000 lr=8.803e-04 time=0.168s
[RQ-VAE] epoch=404 loss=0.00028365 recon=0.00008479 beh=6.235312 w=0.000 lr=8.800e-04 time=0.167s
[RQ-VAE] epoch=405 loss=0.00028234 recon=0.00008508 beh=6.234962 w=0.000 lr=8.797e-04 time=0.167s
[RQ-VAE] epoch=406 loss=0.00028364 recon=0.00008480 beh=6.240672 w=0.000 lr=8.793e-04 time=0.167s
[RQ-VAE] epoch=407 loss=0.00028247 recon=0.00008473 beh=6.240918 w=0.000 lr=8.790e-04 time=0.167s
[RQ-VAE] epoch=408 loss=0.00028431 recon=0.00008479 beh=6.238627 w=0.000 lr=8.786e-04 time=0.168s
[RQ-VAE] epoch=409 loss=0.00028402 recon=0.00008472 beh=6.238107 w=0.000 lr=8.783e-04 time=0.167s
[RQ-VAE] epoch=410 loss=0.00028416 recon=0.00008483 beh=6.236404 w=0.000 lr=8.780e-04 time=0.168s
[RQ-VAE] epoch=411 loss=0.00028526 recon=0.00008466 beh=6.234645 w=0.000 lr=8.776e-04 time=0.167s
[RQ-VAE] epoch=412 loss=0.00028406 recon=0.00008455 beh=6.237660 w=0.000 lr=8.773e-04 time=0.167s
[RQ-VAE] epoch=413 loss=0.00028394 recon=0.00008455 beh=6.230397 w=0.000 lr=8.769e-04 time=0.167s
[RQ-VAE] epoch=414 loss=0.00028503 recon=0.00008447 beh=6.236938 w=0.000 lr=8.766e-04 time=0.167s
[RQ-VAE] epoch=415 loss=0.00028496 recon=0.00008444 beh=6.237072 w=0.000 lr=8.763e-04 time=0.167s
[RQ-VAE] epoch=416 loss=0.00028405 recon=0.00008438 beh=6.237329 w=0.000 lr=8.759e-04 time=0.167s
[RQ-VAE] epoch=417 loss=0.00028596 recon=0.00008441 beh=6.236516 w=0.000 lr=8.756e-04 time=0.167s
[RQ-VAE] epoch=418 loss=0.00028640 recon=0.00008438 beh=6.244022 w=0.000 lr=8.753e-04 time=0.167s
[RQ-VAE] epoch=419 loss=0.00028422 recon=0.00008434 beh=6.239882 w=0.000 lr=8.749e-04 time=0.167s
[RQ-VAE] epoch=420 loss=0.00028519 recon=0.00008448 beh=6.242204 w=0.000 lr=8.746e-04 time=0.168s
[RQ-VAE] epoch=421 loss=0.00028699 recon=0.00008445 beh=6.240786 w=0.000 lr=8.742e-04 time=0.166s
[RQ-VAE] epoch=422 loss=0.00028419 recon=0.00008441 beh=6.227832 w=0.000 lr=8.739e-04 time=0.167s
[RQ-VAE] epoch=423 loss=0.00028442 recon=0.00008415 beh=6.235613 w=0.000 lr=8.736e-04 time=0.168s
[RQ-VAE] epoch=424 loss=0.00028526 recon=0.00008414 beh=6.236889 w=0.000 lr=8.732e-04 time=0.167s
[RQ-VAE] epoch=425 loss=0.00028554 recon=0.00008406 beh=6.233974 w=0.000 lr=8.729e-04 time=0.168s
[RQ-VAE] epoch=426 loss=0.00028453 recon=0.00008392 beh=6.235956 w=0.000 lr=8.725e-04 time=0.167s
[RQ-VAE] epoch=427 loss=0.00028530 recon=0.00008409 beh=6.232980 w=0.000 lr=8.722e-04 time=0.168s
[RQ-VAE] epoch=428 loss=0.00028486 recon=0.00008384 beh=6.232844 w=0.000 lr=8.719e-04 time=0.168s
[RQ-VAE] epoch=429 loss=0.00028637 recon=0.00008390 beh=6.229957 w=0.000 lr=8.715e-04 time=0.168s
[RQ-VAE] epoch=430 loss=0.00028619 recon=0.00008387 beh=6.238514 w=0.000 lr=8.712e-04 time=0.167s
[RQ-VAE] epoch=431 loss=0.00028517 recon=0.00008381 beh=6.240516 w=0.000 lr=8.708e-04 time=0.166s
[RQ-VAE] epoch=432 loss=0.00028585 recon=0.00008378 beh=6.231480 w=0.000 lr=8.705e-04 time=0.167s
[RQ-VAE] epoch=433 loss=0.00028694 recon=0.00008398 beh=6.234688 w=0.000 lr=8.702e-04 time=0.167s
[RQ-VAE] epoch=434 loss=0.00028735 recon=0.00008403 beh=6.242313 w=0.000 lr=8.698e-04 time=0.168s
[RQ-VAE] epoch=435 loss=0.00028701 recon=0.00008382 beh=6.236089 w=0.000 lr=8.695e-04 time=0.168s
[RQ-VAE] epoch=436 loss=0.00028672 recon=0.00008368 beh=6.240011 w=0.000 lr=8.692e-04 time=0.168s
[RQ-VAE] epoch=437 loss=0.00028578 recon=0.00008362 beh=6.234884 w=0.000 lr=8.688e-04 time=0.166s
[RQ-VAE] epoch=438 loss=0.00028646 recon=0.00008361 beh=6.240190 w=0.000 lr=8.685e-04 time=0.167s
[RQ-VAE] epoch=439 loss=0.00028645 recon=0.00008392 beh=6.235322 w=0.000 lr=8.681e-04 time=0.167s
[RQ-VAE] epoch=440 loss=0.00028745 recon=0.00008355 beh=6.236132 w=0.000 lr=8.678e-04 time=0.167s
[RQ-VAE] epoch=441 loss=0.00028710 recon=0.00008347 beh=6.240034 w=0.000 lr=8.675e-04 time=0.167s
[RQ-VAE] epoch=442 loss=0.00028754 recon=0.00008362 beh=6.239241 w=0.000 lr=8.671e-04 time=0.166s
[RQ-VAE] epoch=443 loss=0.00028714 recon=0.00008363 beh=6.238525 w=0.000 lr=8.668e-04 time=0.166s
[RQ-VAE] epoch=444 loss=0.00028574 recon=0.00008374 beh=6.237683 w=0.000 lr=8.664e-04 time=0.167s
[RQ-VAE] epoch=445 loss=0.00028630 recon=0.00008358 beh=6.234777 w=0.000 lr=8.661e-04 time=0.167s
[RQ-VAE] epoch=446 loss=0.00028735 recon=0.00008355 beh=6.237897 w=0.000 lr=8.658e-04 time=0.168s
[RQ-VAE] epoch=447 loss=0.00028755 recon=0.00008357 beh=6.237134 w=0.000 lr=8.654e-04 time=0.168s
[RQ-VAE] epoch=448 loss=0.00028946 recon=0.00008380 beh=6.229128 w=0.000 lr=8.651e-04 time=0.166s
[RQ-VAE] epoch=449 loss=0.00028906 recon=0.00008353 beh=6.236654 w=0.000 lr=8.647e-04 time=0.168s
[RQ-VAE] epoch=450 loss=0.00028877 recon=0.00008337 lr=8.644e-04 raw_unique=20699/24587 collision=0.158132 time=0.167s
[RQ-VAE] epoch=451 loss=0.00028802 recon=0.00008337 beh=6.240284 w=0.000 lr=8.641e-04 time=0.167s
[RQ-VAE] epoch=452 loss=0.00028833 recon=0.00008326 beh=6.237712 w=0.000 lr=8.637e-04 time=0.265s
[RQ-VAE] epoch=453 loss=0.00029018 recon=0.00008325 beh=6.235855 w=0.000 lr=8.634e-04 time=0.167s
[RQ-VAE] epoch=454 loss=0.00028888 recon=0.00008331 beh=6.231279 w=0.000 lr=8.631e-04 time=0.168s
[RQ-VAE] epoch=455 loss=0.00028960 recon=0.00008320 beh=6.238487 w=0.000 lr=8.627e-04 time=0.167s
[RQ-VAE] epoch=456 loss=0.00028986 recon=0.00008318 beh=6.240500 w=0.000 lr=8.624e-04 time=0.167s
[RQ-VAE] epoch=457 loss=0.00028978 recon=0.00008317 beh=6.237056 w=0.000 lr=8.620e-04 time=0.168s
[RQ-VAE] epoch=458 loss=0.00029069 recon=0.00008307 beh=6.241432 w=0.000 lr=8.617e-04 time=0.168s
[RQ-VAE] epoch=459 loss=0.00028981 recon=0.00008306 beh=6.235240 w=0.000 lr=8.614e-04 time=0.168s
[RQ-VAE] epoch=460 loss=0.00029170 recon=0.00008314 beh=6.240035 w=0.000 lr=8.610e-04 time=0.167s
[RQ-VAE] epoch=461 loss=0.00028997 recon=0.00008307 beh=6.242146 w=0.000 lr=8.607e-04 time=0.167s
[RQ-VAE] epoch=462 loss=0.00028827 recon=0.00008314 beh=6.236273 w=0.000 lr=8.603e-04 time=0.168s
[RQ-VAE] epoch=463 loss=0.00029123 recon=0.00008302 beh=6.237848 w=0.000 lr=8.600e-04 time=0.168s
[RQ-VAE] epoch=464 loss=0.00029026 recon=0.00008301 beh=6.239507 w=0.000 lr=8.597e-04 time=0.168s
[RQ-VAE] epoch=465 loss=0.00029174 recon=0.00008304 beh=6.235919 w=0.000 lr=8.593e-04 time=0.167s
[RQ-VAE] epoch=466 loss=0.00029263 recon=0.00008291 beh=6.237579 w=0.000 lr=8.590e-04 time=0.168s
[RQ-VAE] epoch=467 loss=0.00029129 recon=0.00008280 beh=6.238843 w=0.000 lr=8.586e-04 time=0.167s
[RQ-VAE] epoch=468 loss=0.00029152 recon=0.00008293 beh=6.240821 w=0.000 lr=8.583e-04 time=0.167s
[RQ-VAE] epoch=469 loss=0.00029164 recon=0.00008292 beh=6.241985 w=0.000 lr=8.580e-04 time=0.167s
[RQ-VAE] epoch=470 loss=0.00029308 recon=0.00008281 beh=6.245441 w=0.000 lr=8.576e-04 time=0.168s
[RQ-VAE] epoch=471 loss=0.00029278 recon=0.00008287 beh=6.240122 w=0.000 lr=8.573e-04 time=0.167s
[RQ-VAE] epoch=472 loss=0.00029230 recon=0.00008281 beh=6.238746 w=0.000 lr=8.569e-04 time=0.167s
[RQ-VAE] epoch=473 loss=0.00029068 recon=0.00008283 beh=6.237761 w=0.000 lr=8.566e-04 time=0.167s
[RQ-VAE] epoch=474 loss=0.00029149 recon=0.00008276 beh=6.238197 w=0.000 lr=8.563e-04 time=0.167s
[RQ-VAE] epoch=475 loss=0.00029233 recon=0.00008258 beh=6.234691 w=0.000 lr=8.559e-04 time=0.169s
[RQ-VAE] epoch=476 loss=0.00029156 recon=0.00008269 beh=6.232245 w=0.000 lr=8.556e-04 time=0.169s
[RQ-VAE] epoch=477 loss=0.00029216 recon=0.00008272 beh=6.242115 w=0.000 lr=8.553e-04 time=0.168s
[RQ-VAE] epoch=478 loss=0.00029210 recon=0.00008245 beh=6.238134 w=0.000 lr=8.549e-04 time=0.167s
[RQ-VAE] epoch=479 loss=0.00029079 recon=0.00008240 beh=6.239124 w=0.000 lr=8.546e-04 time=0.168s
[RQ-VAE] epoch=480 loss=0.00029104 recon=0.00008254 beh=6.235479 w=0.000 lr=8.542e-04 time=0.167s
[RQ-VAE] epoch=481 loss=0.00029037 recon=0.00008241 beh=6.237184 w=0.000 lr=8.539e-04 time=0.279s
[RQ-VAE] epoch=482 loss=0.00029110 recon=0.00008238 beh=6.238429 w=0.000 lr=8.536e-04 time=0.168s
[RQ-VAE] epoch=483 loss=0.00029134 recon=0.00008246 beh=6.237790 w=0.000 lr=8.532e-04 time=0.167s
[RQ-VAE] epoch=484 loss=0.00029056 recon=0.00008239 beh=6.225675 w=0.000 lr=8.529e-04 time=0.167s
[RQ-VAE] epoch=485 loss=0.00029229 recon=0.00008239 beh=6.241985 w=0.000 lr=8.525e-04 time=0.168s
[RQ-VAE] epoch=486 loss=0.00029073 recon=0.00008226 beh=6.235254 w=0.000 lr=8.522e-04 time=0.168s
[RQ-VAE] epoch=487 loss=0.00029198 recon=0.00008235 beh=6.239539 w=0.000 lr=8.519e-04 time=0.167s
[RQ-VAE] epoch=488 loss=0.00029252 recon=0.00008227 beh=6.236852 w=0.000 lr=8.515e-04 time=0.168s
[RQ-VAE] epoch=489 loss=0.00029387 recon=0.00008229 beh=6.235010 w=0.000 lr=8.512e-04 time=0.167s
[RQ-VAE] epoch=490 loss=0.00029276 recon=0.00008221 beh=6.237171 w=0.000 lr=8.508e-04 time=0.167s
[RQ-VAE] epoch=491 loss=0.00029336 recon=0.00008225 beh=6.242489 w=0.000 lr=8.505e-04 time=0.167s
[RQ-VAE] epoch=492 loss=0.00029496 recon=0.00008226 beh=6.244966 w=0.000 lr=8.502e-04 time=0.168s
[RQ-VAE] epoch=493 loss=0.00029434 recon=0.00008228 beh=6.238629 w=0.000 lr=8.498e-04 time=0.168s
[RQ-VAE] epoch=494 loss=0.00029523 recon=0.00008208 beh=6.239507 w=0.000 lr=8.495e-04 time=0.168s
[RQ-VAE] epoch=495 loss=0.00029185 recon=0.00008235 beh=6.240346 w=0.000 lr=8.492e-04 time=0.168s
[RQ-VAE] epoch=496 loss=0.00029334 recon=0.00008208 beh=6.232393 w=0.000 lr=8.488e-04 time=0.167s
[RQ-VAE] epoch=497 loss=0.00029322 recon=0.00008201 beh=6.243747 w=0.000 lr=8.485e-04 time=0.168s
[RQ-VAE] epoch=498 loss=0.00029526 recon=0.00008199 beh=6.231883 w=0.000 lr=8.481e-04 time=0.167s
[RQ-VAE] epoch=499 loss=0.00029547 recon=0.00008216 beh=6.240343 w=0.000 lr=8.478e-04 time=0.167s
[RQ-VAE] epoch=500 loss=0.00029438 recon=0.00008214 lr=8.475e-04 raw_unique=20544/24587 collision=0.164436 time=0.166s
[RQ-VAE] epoch=501 loss=0.00029484 recon=0.00008207 beh=6.233311 w=0.000 lr=8.471e-04 time=0.264s
[RQ-VAE] epoch=502 loss=0.00029476 recon=0.00008208 beh=6.235459 w=0.000 lr=8.468e-04 time=0.167s
[RQ-VAE] epoch=503 loss=0.00029615 recon=0.00008199 beh=6.237518 w=0.000 lr=8.464e-04 time=0.168s
[RQ-VAE] epoch=504 loss=0.00029663 recon=0.00008219 beh=6.239360 w=0.000 lr=8.461e-04 time=0.168s
[RQ-VAE] epoch=505 loss=0.00029689 recon=0.00008212 beh=6.241256 w=0.000 lr=8.458e-04 time=0.168s
[RQ-VAE] epoch=506 loss=0.00029708 recon=0.00008206 beh=6.236976 w=0.000 lr=8.454e-04 time=0.168s
[RQ-VAE] epoch=507 loss=0.00029689 recon=0.00008185 beh=6.241105 w=0.000 lr=8.451e-04 time=0.168s
[RQ-VAE] epoch=508 loss=0.00029690 recon=0.00008194 beh=6.238374 w=0.000 lr=8.447e-04 time=0.168s
[RQ-VAE] epoch=509 loss=0.00029697 recon=0.00008216 beh=6.234864 w=0.000 lr=8.444e-04 time=0.168s
[RQ-VAE] epoch=510 loss=0.00029669 recon=0.00008187 beh=6.242454 w=0.000 lr=8.441e-04 time=0.167s
[RQ-VAE] epoch=511 loss=0.00029633 recon=0.00008195 beh=6.225696 w=0.000 lr=8.437e-04 time=0.168s
[RQ-VAE] epoch=512 loss=0.00029644 recon=0.00008201 beh=6.237650 w=0.000 lr=8.434e-04 time=0.168s
[RQ-VAE] epoch=513 loss=0.00029802 recon=0.00008196 beh=6.239898 w=0.000 lr=8.431e-04 time=0.168s
[RQ-VAE] epoch=514 loss=0.00029604 recon=0.00008168 beh=6.235502 w=0.000 lr=8.427e-04 time=0.168s
[RQ-VAE] epoch=515 loss=0.00029545 recon=0.00008157 beh=6.235387 w=0.000 lr=8.424e-04 time=0.169s
[RQ-VAE] epoch=516 loss=0.00029708 recon=0.00008166 beh=6.242721 w=0.000 lr=8.420e-04 time=0.259s
[RQ-VAE] epoch=517 loss=0.00029710 recon=0.00008156 beh=6.232476 w=0.000 lr=8.417e-04 time=0.166s
[RQ-VAE] epoch=518 loss=0.00029609 recon=0.00008158 beh=6.238429 w=0.000 lr=8.414e-04 time=0.166s
[RQ-VAE] epoch=519 loss=0.00029737 recon=0.00008185 beh=6.237766 w=0.000 lr=8.410e-04 time=0.167s
[RQ-VAE] epoch=520 loss=0.00029517 recon=0.00008152 beh=6.235047 w=0.000 lr=8.407e-04 time=0.166s
[RQ-VAE] epoch=521 loss=0.00029746 recon=0.00008149 beh=6.231937 w=0.000 lr=8.403e-04 time=0.166s
[RQ-VAE] epoch=522 loss=0.00029671 recon=0.00008160 beh=6.228902 w=0.000 lr=8.400e-04 time=0.168s
[RQ-VAE] epoch=523 loss=0.00029601 recon=0.00008143 beh=6.237137 w=0.000 lr=8.397e-04 time=0.166s
[RQ-VAE] epoch=524 loss=0.00029573 recon=0.00008159 beh=6.238961 w=0.000 lr=8.393e-04 time=0.165s
[RQ-VAE] epoch=525 loss=0.00029643 recon=0.00008146 beh=6.225538 w=0.000 lr=8.390e-04 time=0.167s
[RQ-VAE] epoch=526 loss=0.00029701 recon=0.00008143 beh=6.241282 w=0.000 lr=8.386e-04 time=0.167s
[RQ-VAE] epoch=527 loss=0.00029842 recon=0.00008147 beh=6.238492 w=0.000 lr=8.383e-04 time=0.167s
[RQ-VAE] epoch=528 loss=0.00029689 recon=0.00008144 beh=6.242785 w=0.000 lr=8.380e-04 time=0.167s
[RQ-VAE] epoch=529 loss=0.00029647 recon=0.00008143 beh=6.238571 w=0.000 lr=8.376e-04 time=0.167s
[RQ-VAE] epoch=530 loss=0.00029706 recon=0.00008150 beh=6.232765 w=0.000 lr=8.373e-04 time=0.166s
[RQ-VAE] epoch=531 loss=0.00029711 recon=0.00008148 beh=6.238466 w=0.000 lr=8.369e-04 time=0.165s
[RQ-VAE] epoch=532 loss=0.00029833 recon=0.00008137 beh=6.232768 w=0.000 lr=8.366e-04 time=0.166s
[RQ-VAE] epoch=533 loss=0.00029852 recon=0.00008149 beh=6.249128 w=0.000 lr=8.363e-04 time=0.166s
[RQ-VAE] epoch=534 loss=0.00029937 recon=0.00008143 beh=6.237293 w=0.000 lr=8.359e-04 time=0.166s
[RQ-VAE] epoch=535 loss=0.00029921 recon=0.00008127 beh=6.239289 w=0.000 lr=8.356e-04 time=0.166s
[RQ-VAE] epoch=536 loss=0.00029723 recon=0.00008116 beh=6.234630 w=0.000 lr=8.353e-04 time=0.167s
[RQ-VAE] epoch=537 loss=0.00029994 recon=0.00008134 beh=6.243264 w=0.000 lr=8.349e-04 time=0.166s
[RQ-VAE] epoch=538 loss=0.00029964 recon=0.00008136 beh=6.245404 w=0.000 lr=8.346e-04 time=0.167s
[RQ-VAE] epoch=539 loss=0.00029937 recon=0.00008141 beh=6.234680 w=0.000 lr=8.342e-04 time=0.167s
[RQ-VAE] epoch=540 loss=0.00029978 recon=0.00008131 beh=6.233395 w=0.000 lr=8.339e-04 time=0.166s
[RQ-VAE] epoch=541 loss=0.00029989 recon=0.00008125 beh=6.237912 w=0.000 lr=8.336e-04 time=0.167s
[RQ-VAE] epoch=542 loss=0.00029973 recon=0.00008121 beh=6.238103 w=0.000 lr=8.332e-04 time=0.166s
[RQ-VAE] epoch=543 loss=0.00029891 recon=0.00008122 beh=6.234078 w=0.000 lr=8.329e-04 time=0.165s
[RQ-VAE] epoch=544 loss=0.00030010 recon=0.00008108 beh=6.236779 w=0.000 lr=8.325e-04 time=0.166s
[RQ-VAE] epoch=545 loss=0.00029913 recon=0.00008120 beh=6.241234 w=0.000 lr=8.322e-04 time=0.166s
[RQ-VAE] epoch=546 loss=0.00029824 recon=0.00008109 beh=6.238076 w=0.000 lr=8.319e-04 time=0.166s
[RQ-VAE] epoch=547 loss=0.00029748 recon=0.00008097 beh=6.235713 w=0.000 lr=8.315e-04 time=0.168s
[RQ-VAE] epoch=548 loss=0.00029933 recon=0.00008115 beh=6.229945 w=0.000 lr=8.312e-04 time=0.167s
[RQ-VAE] epoch=549 loss=0.00030095 recon=0.00008108 beh=6.234334 w=0.000 lr=8.308e-04 time=0.166s
[RQ-VAE] epoch=550 loss=0.00029915 recon=0.00008091 lr=8.305e-04 raw_unique=20632/24587 collision=0.160857 time=0.164s
[RQ-VAE] epoch=551 loss=0.00029888 recon=0.00008107 beh=6.239563 w=0.000 lr=8.302e-04 time=0.166s
[RQ-VAE] epoch=552 loss=0.00029893 recon=0.00008093 beh=6.240256 w=0.000 lr=8.298e-04 time=0.165s
[RQ-VAE] epoch=553 loss=0.00029946 recon=0.00008090 beh=6.240076 w=0.000 lr=8.295e-04 time=0.166s
[RQ-VAE] epoch=554 loss=0.00029980 recon=0.00008091 beh=6.238649 w=0.000 lr=8.292e-04 time=0.166s
[RQ-VAE] epoch=555 loss=0.00030008 recon=0.00008089 beh=6.240507 w=0.000 lr=8.288e-04 time=0.166s
[RQ-VAE] epoch=556 loss=0.00030075 recon=0.00008099 beh=6.242822 w=0.000 lr=8.285e-04 time=0.166s
[RQ-VAE] epoch=557 loss=0.00030005 recon=0.00008079 beh=6.241752 w=0.000 lr=8.281e-04 time=0.166s
[RQ-VAE] epoch=558 loss=0.00030058 recon=0.00008077 beh=6.231411 w=0.000 lr=8.278e-04 time=0.166s
[RQ-VAE] epoch=559 loss=0.00030034 recon=0.00008076 beh=6.239830 w=0.000 lr=8.275e-04 time=0.166s
[RQ-VAE] epoch=560 loss=0.00029952 recon=0.00008075 beh=6.241071 w=0.000 lr=8.271e-04 time=0.166s
[RQ-VAE] epoch=561 loss=0.00030078 recon=0.00008093 beh=6.238124 w=0.000 lr=8.268e-04 time=0.166s
[RQ-VAE] epoch=562 loss=0.00030144 recon=0.00008083 beh=6.241702 w=0.000 lr=8.264e-04 time=0.166s
[RQ-VAE] epoch=563 loss=0.00030330 recon=0.00008074 beh=6.236818 w=0.000 lr=8.261e-04 time=0.166s
[RQ-VAE] epoch=564 loss=0.00030083 recon=0.00008062 beh=6.241310 w=0.000 lr=8.258e-04 time=0.166s
[RQ-VAE] epoch=565 loss=0.00030028 recon=0.00008063 beh=6.240906 w=0.000 lr=8.254e-04 time=0.166s
[RQ-VAE] epoch=566 loss=0.00029991 recon=0.00008057 beh=6.234883 w=0.000 lr=8.251e-04 time=0.166s
[RQ-VAE] epoch=567 loss=0.00030033 recon=0.00008046 beh=6.235163 w=0.000 lr=8.247e-04 time=0.167s
[RQ-VAE] epoch=568 loss=0.00030270 recon=0.00008056 beh=6.238268 w=0.000 lr=8.244e-04 time=0.166s
[RQ-VAE] epoch=569 loss=0.00030051 recon=0.00008056 beh=6.238022 w=0.000 lr=8.241e-04 time=0.166s
[RQ-VAE] epoch=570 loss=0.00030131 recon=0.00008045 beh=6.238382 w=0.000 lr=8.237e-04 time=0.166s
[RQ-VAE] epoch=571 loss=0.00030118 recon=0.00008050 beh=6.242673 w=0.000 lr=8.234e-04 time=0.165s
[RQ-VAE] epoch=572 loss=0.00030063 recon=0.00008048 beh=6.237302 w=0.000 lr=8.231e-04 time=0.266s
[RQ-VAE] epoch=573 loss=0.00030185 recon=0.00008054 beh=6.234624 w=0.000 lr=8.227e-04 time=0.166s
[RQ-VAE] epoch=574 loss=0.00030045 recon=0.00008039 beh=6.233428 w=0.000 lr=8.224e-04 time=0.166s
[RQ-VAE] epoch=575 loss=0.00030059 recon=0.00008042 beh=6.232085 w=0.000 lr=8.220e-04 time=0.166s
[RQ-VAE] epoch=576 loss=0.00030069 recon=0.00008037 beh=6.238993 w=0.000 lr=8.217e-04 time=0.165s
[RQ-VAE] epoch=577 loss=0.00030168 recon=0.00008037 beh=6.240970 w=0.000 lr=8.214e-04 time=0.165s
[RQ-VAE] epoch=578 loss=0.00030177 recon=0.00008038 beh=6.239642 w=0.000 lr=8.210e-04 time=0.166s
[RQ-VAE] epoch=579 loss=0.00030214 recon=0.00008036 beh=6.236293 w=0.000 lr=8.207e-04 time=0.166s
[RQ-VAE] epoch=580 loss=0.00030253 recon=0.00008046 beh=6.237063 w=0.000 lr=8.203e-04 time=0.167s
[RQ-VAE] epoch=581 loss=0.00030189 recon=0.00008027 beh=6.233392 w=0.000 lr=8.200e-04 time=0.166s
[RQ-VAE] epoch=582 loss=0.00030264 recon=0.00008040 beh=6.241486 w=0.000 lr=8.197e-04 time=0.166s
[RQ-VAE] epoch=583 loss=0.00030240 recon=0.00008037 beh=6.232719 w=0.000 lr=8.193e-04 time=0.166s
[RQ-VAE] epoch=584 loss=0.00029928 recon=0.00008031 beh=6.238698 w=0.000 lr=8.190e-04 time=0.167s
[RQ-VAE] epoch=585 loss=0.00030104 recon=0.00008016 beh=6.234728 w=0.000 lr=8.186e-04 time=0.166s
[RQ-VAE] epoch=586 loss=0.00030115 recon=0.00008017 beh=6.234722 w=0.000 lr=8.183e-04 time=0.166s
[RQ-VAE] epoch=587 loss=0.00030185 recon=0.00008023 beh=6.237832 w=0.000 lr=8.180e-04 time=0.166s
[RQ-VAE] epoch=588 loss=0.00030102 recon=0.00008002 beh=6.230797 w=0.000 lr=8.176e-04 time=0.166s
[RQ-VAE] epoch=589 loss=0.00030033 recon=0.00008018 beh=6.235457 w=0.000 lr=8.173e-04 time=0.166s
[RQ-VAE] epoch=590 loss=0.00030062 recon=0.00008016 beh=6.231590 w=0.000 lr=8.169e-04 time=0.167s
[RQ-VAE] epoch=591 loss=0.00030260 recon=0.00008021 beh=6.235326 w=0.000 lr=8.166e-04 time=0.166s
[RQ-VAE] epoch=592 loss=0.00030191 recon=0.00008015 beh=6.242035 w=0.000 lr=8.163e-04 time=0.166s
[RQ-VAE] epoch=593 loss=0.00030278 recon=0.00008005 beh=6.242211 w=0.000 lr=8.159e-04 time=0.167s
[RQ-VAE] epoch=594 loss=0.00030170 recon=0.00008001 beh=6.239430 w=0.000 lr=8.156e-04 time=0.167s
[RQ-VAE] epoch=595 loss=0.00030176 recon=0.00008004 beh=6.233025 w=0.000 lr=8.153e-04 time=0.166s
[RQ-VAE] epoch=596 loss=0.00030119 recon=0.00008009 beh=6.235366 w=0.000 lr=8.149e-04 time=0.167s
[RQ-VAE] epoch=597 loss=0.00030111 recon=0.00007998 beh=6.235740 w=0.000 lr=8.146e-04 time=0.166s
[RQ-VAE] epoch=598 loss=0.00030171 recon=0.00007980 beh=6.232572 w=0.000 lr=8.142e-04 time=0.167s
[RQ-VAE] epoch=599 loss=0.00030217 recon=0.00008006 beh=6.238491 w=0.000 lr=8.139e-04 time=0.166s
[RQ-VAE] epoch=600 loss=0.00030219 recon=0.00007995 lr=8.136e-04 raw_unique=20541/24587 collision=0.164559 time=0.166s
[RQ-VAE] epoch=601 loss=0.00030208 recon=0.00007991 beh=6.235387 w=0.000 lr=8.132e-04 time=0.26s
[RQ-VAE] epoch=602 loss=0.00030224 recon=0.00008001 beh=6.225905 w=0.000 lr=8.129e-04 time=0.166s
[RQ-VAE] epoch=603 loss=0.00030279 recon=0.00007985 beh=6.240010 w=0.000 lr=8.125e-04 time=0.166s
[RQ-VAE] epoch=604 loss=0.00030372 recon=0.00007982 beh=6.237226 w=0.000 lr=8.122e-04 time=0.166s
[RQ-VAE] epoch=605 loss=0.00030238 recon=0.00007980 beh=6.234576 w=0.000 lr=8.119e-04 time=0.167s
[RQ-VAE] epoch=606 loss=0.00030173 recon=0.00007964 beh=6.239690 w=0.000 lr=8.115e-04 time=0.167s
[RQ-VAE] epoch=607 loss=0.00030173 recon=0.00007963 beh=6.243288 w=0.000 lr=8.112e-04 time=0.166s
[RQ-VAE] epoch=608 loss=0.00030398 recon=0.00007979 beh=6.236381 w=0.000 lr=8.108e-04 time=0.167s
[RQ-VAE] epoch=609 loss=0.00030402 recon=0.00007987 beh=6.242321 w=0.000 lr=8.105e-04 time=0.166s
[RQ-VAE] epoch=610 loss=0.00030372 recon=0.00007977 beh=6.237655 w=0.000 lr=8.102e-04 time=0.166s
[RQ-VAE] epoch=611 loss=0.00030499 recon=0.00007984 beh=6.239232 w=0.000 lr=8.098e-04 time=0.167s
[RQ-VAE] epoch=612 loss=0.00030516 recon=0.00007973 beh=6.242517 w=0.000 lr=8.095e-04 time=0.167s
[RQ-VAE] epoch=613 loss=0.00030491 recon=0.00007972 beh=6.240165 w=0.000 lr=8.092e-04 time=0.166s
[RQ-VAE] epoch=614 loss=0.00030412 recon=0.00007970 beh=6.233496 w=0.000 lr=8.088e-04 time=0.167s
[RQ-VAE] epoch=615 loss=0.00030394 recon=0.00007978 beh=6.237329 w=0.000 lr=8.085e-04 time=0.166s
[RQ-VAE] epoch=616 loss=0.00030347 recon=0.00007966 beh=6.238358 w=0.000 lr=8.081e-04 time=0.166s
[RQ-VAE] epoch=617 loss=0.00030288 recon=0.00007965 beh=6.237326 w=0.000 lr=8.078e-04 time=0.166s
[RQ-VAE] epoch=618 loss=0.00030384 recon=0.00007972 beh=6.237451 w=0.000 lr=8.075e-04 time=0.166s
[RQ-VAE] epoch=619 loss=0.00030427 recon=0.00007963 beh=6.241704 w=0.000 lr=8.071e-04 time=0.166s
[RQ-VAE] epoch=620 loss=0.00030455 recon=0.00007950 beh=6.237382 w=0.000 lr=8.068e-04 time=0.166s
[RQ-VAE] epoch=621 loss=0.00030442 recon=0.00007958 beh=6.237741 w=0.000 lr=8.064e-04 time=0.259s
[RQ-VAE] epoch=622 loss=0.00030469 recon=0.00007956 beh=6.242716 w=0.000 lr=8.061e-04 time=0.167s
[RQ-VAE] epoch=623 loss=0.00030321 recon=0.00007960 beh=6.237976 w=0.000 lr=8.058e-04 time=0.167s
[RQ-VAE] epoch=624 loss=0.00030450 recon=0.00007961 beh=6.237013 w=0.000 lr=8.054e-04 time=0.166s
[RQ-VAE] epoch=625 loss=0.00030348 recon=0.00007962 beh=6.233484 w=0.000 lr=8.051e-04 time=0.167s
[RQ-VAE] epoch=626 loss=0.00030535 recon=0.00007978 beh=6.241155 w=0.000 lr=8.047e-04 time=0.165s
[RQ-VAE] epoch=627 loss=0.00030527 recon=0.00007983 beh=6.231867 w=0.000 lr=8.044e-04 time=0.166s
[RQ-VAE] epoch=628 loss=0.00030425 recon=0.00007969 beh=6.237054 w=0.000 lr=8.041e-04 time=0.166s
[RQ-VAE] epoch=629 loss=0.00030460 recon=0.00007953 beh=6.242197 w=0.000 lr=8.037e-04 time=0.167s
[RQ-VAE] epoch=630 loss=0.00030430 recon=0.00007948 beh=6.238283 w=0.000 lr=8.034e-04 time=0.167s
[RQ-VAE] epoch=631 loss=0.00030710 recon=0.00007948 beh=6.241454 w=0.000 lr=8.031e-04 time=0.166s
[RQ-VAE] epoch=632 loss=0.00030637 recon=0.00007948 beh=6.233377 w=0.000 lr=8.027e-04 time=0.166s
[RQ-VAE] epoch=633 loss=0.00030416 recon=0.00007933 beh=6.237747 w=0.000 lr=8.024e-04 time=0.167s
[RQ-VAE] epoch=634 loss=0.00030607 recon=0.00007942 beh=6.236629 w=0.000 lr=8.020e-04 time=0.166s
[RQ-VAE] epoch=635 loss=0.00030641 recon=0.00007956 beh=6.239891 w=0.000 lr=8.017e-04 time=0.166s
[RQ-VAE] epoch=636 loss=0.00030482 recon=0.00007941 beh=6.240704 w=0.000 lr=8.014e-04 time=0.26s
[RQ-VAE] epoch=637 loss=0.00030477 recon=0.00007931 beh=6.235729 w=0.000 lr=8.010e-04 time=0.167s
[RQ-VAE] epoch=638 loss=0.00030662 recon=0.00007917 beh=6.234466 w=0.000 lr=8.007e-04 time=0.168s
[RQ-VAE] epoch=639 loss=0.00030493 recon=0.00007925 beh=6.236475 w=0.000 lr=8.003e-04 time=0.167s
[RQ-VAE] epoch=640 loss=0.00030524 recon=0.00007925 beh=6.236596 w=0.000 lr=8.000e-04 time=0.167s
[RQ-VAE] epoch=641 loss=0.00030672 recon=0.00007916 beh=6.242114 w=0.000 lr=7.997e-04 time=0.167s
[RQ-VAE] epoch=642 loss=0.00030501 recon=0.00007919 beh=6.237379 w=0.000 lr=7.993e-04 time=0.168s
[RQ-VAE] epoch=643 loss=0.00030576 recon=0.00007926 beh=6.235720 w=0.000 lr=7.990e-04 time=0.167s
[RQ-VAE] epoch=644 loss=0.00030675 recon=0.00007913 beh=6.238145 w=0.000 lr=7.986e-04 time=0.166s
[RQ-VAE] epoch=645 loss=0.00030585 recon=0.00007903 beh=6.235029 w=0.000 lr=7.983e-04 time=0.167s
[RQ-VAE] epoch=646 loss=0.00030429 recon=0.00007912 beh=6.236014 w=0.000 lr=7.980e-04 time=0.167s
[RQ-VAE] epoch=647 loss=0.00030400 recon=0.00007916 beh=6.239734 w=0.000 lr=7.976e-04 time=0.168s
[RQ-VAE] epoch=648 loss=0.00030451 recon=0.00007910 beh=6.236805 w=0.000 lr=7.973e-04 time=0.167s
[RQ-VAE] epoch=649 loss=0.00030502 recon=0.00007911 beh=6.239681 w=0.000 lr=7.969e-04 time=0.168s
[RQ-VAE] epoch=650 loss=0.00030482 recon=0.00007908 lr=7.966e-04 raw_unique=20429/24587 collision=0.169114 time=0.166s
[RQ-VAE] epoch=651 loss=0.00030358 recon=0.00007902 beh=6.231737 w=0.000 lr=7.963e-04 time=0.167s
[RQ-VAE] epoch=652 loss=0.00030528 recon=0.00007909 beh=6.230495 w=0.000 lr=7.959e-04 time=0.167s
[RQ-VAE] epoch=653 loss=0.00030479 recon=0.00007910 beh=6.239830 w=0.000 lr=7.956e-04 time=0.167s
[RQ-VAE] epoch=654 loss=0.00030482 recon=0.00007897 beh=6.245946 w=0.000 lr=7.953e-04 time=0.168s
[RQ-VAE] epoch=655 loss=0.00030538 recon=0.00007886 beh=6.242976 w=0.000 lr=7.949e-04 time=0.168s
[RQ-VAE] epoch=656 loss=0.00030260 recon=0.00007877 beh=6.238171 w=0.000 lr=7.946e-04 time=0.167s
[RQ-VAE] epoch=657 loss=0.00030385 recon=0.00007867 beh=6.241322 w=0.000 lr=7.942e-04 time=0.167s
[RQ-VAE] epoch=658 loss=0.00030324 recon=0.00007876 beh=6.226958 w=0.000 lr=7.939e-04 time=0.167s
[RQ-VAE] epoch=659 loss=0.00030423 recon=0.00007875 beh=6.234664 w=0.000 lr=7.936e-04 time=0.166s
[RQ-VAE] epoch=660 loss=0.00030525 recon=0.00007894 beh=6.238165 w=0.000 lr=7.932e-04 time=0.167s
[RQ-VAE] epoch=661 loss=0.00030616 recon=0.00007898 beh=6.241448 w=0.000 lr=7.929e-04 time=0.167s
[RQ-VAE] epoch=662 loss=0.00030575 recon=0.00007900 beh=6.232870 w=0.000 lr=7.925e-04 time=0.167s
[RQ-VAE] epoch=663 loss=0.00030666 recon=0.00007909 beh=6.234931 w=0.000 lr=7.922e-04 time=0.166s
[RQ-VAE] epoch=664 loss=0.00030672 recon=0.00007881 beh=6.239829 w=0.000 lr=7.919e-04 time=0.167s
[RQ-VAE] epoch=665 loss=0.00030427 recon=0.00007882 beh=6.241586 w=0.000 lr=7.915e-04 time=0.167s
[RQ-VAE] epoch=666 loss=0.00030373 recon=0.00007894 beh=6.237353 w=0.000 lr=7.912e-04 time=0.166s
[RQ-VAE] epoch=667 loss=0.00030646 recon=0.00007892 beh=6.239471 w=0.000 lr=7.908e-04 time=0.167s
[RQ-VAE] epoch=668 loss=0.00030745 recon=0.00007876 beh=6.240486 w=0.000 lr=7.905e-04 time=0.167s
[RQ-VAE] epoch=669 loss=0.00030611 recon=0.00007882 beh=6.236111 w=0.000 lr=7.902e-04 time=0.167s
[RQ-VAE] epoch=670 loss=0.00030614 recon=0.00007884 beh=6.241330 w=0.000 lr=7.898e-04 time=0.167s
[RQ-VAE] epoch=671 loss=0.00030583 recon=0.00007876 beh=6.238093 w=0.000 lr=7.895e-04 time=0.166s
[RQ-VAE] epoch=672 loss=0.00030681 recon=0.00007862 beh=6.244227 w=0.000 lr=7.892e-04 time=0.167s
[RQ-VAE] epoch=673 loss=0.00030543 recon=0.00007868 beh=6.237720 w=0.000 lr=7.888e-04 time=0.167s
[RQ-VAE] epoch=674 loss=0.00030680 recon=0.00007897 beh=6.238353 w=0.000 lr=7.885e-04 time=0.167s
[RQ-VAE] epoch=675 loss=0.00030750 recon=0.00007865 beh=6.241129 w=0.000 lr=7.881e-04 time=0.168s
[RQ-VAE] epoch=676 loss=0.00030750 recon=0.00007856 beh=6.239046 w=0.000 lr=7.878e-04 time=0.167s
[RQ-VAE] epoch=677 loss=0.00030544 recon=0.00007858 beh=6.239581 w=0.000 lr=7.875e-04 time=0.167s
[RQ-VAE] epoch=678 loss=0.00030691 recon=0.00007869 beh=6.240422 w=0.000 lr=7.871e-04 time=0.167s
[RQ-VAE] epoch=679 loss=0.00030610 recon=0.00007859 beh=6.236212 w=0.000 lr=7.868e-04 time=0.167s
[RQ-VAE] epoch=680 loss=0.00030647 recon=0.00007852 beh=6.236489 w=0.000 lr=7.864e-04 time=0.167s
[RQ-VAE] epoch=681 loss=0.00030610 recon=0.00007858 beh=6.238016 w=0.000 lr=7.861e-04 time=0.166s
[RQ-VAE] epoch=682 loss=0.00030757 recon=0.00007848 beh=6.236756 w=0.000 lr=7.858e-04 time=0.167s
[RQ-VAE] epoch=683 loss=0.00030887 recon=0.00007865 beh=6.238135 w=0.000 lr=7.854e-04 time=0.167s
[RQ-VAE] epoch=684 loss=0.00030748 recon=0.00007865 beh=6.245472 w=0.000 lr=7.851e-04 time=0.166s
[RQ-VAE] epoch=685 loss=0.00030710 recon=0.00007859 beh=6.231194 w=0.000 lr=7.847e-04 time=0.167s
[RQ-VAE] epoch=686 loss=0.00030813 recon=0.00007856 beh=6.231729 w=0.000 lr=7.844e-04 time=0.168s
[RQ-VAE] epoch=687 loss=0.00030690 recon=0.00007843 beh=6.238677 w=0.000 lr=7.841e-04 time=0.166s
[RQ-VAE] epoch=688 loss=0.00030551 recon=0.00007844 beh=6.239414 w=0.000 lr=7.837e-04 time=0.167s
[RQ-VAE] epoch=689 loss=0.00030674 recon=0.00007860 beh=6.239031 w=0.000 lr=7.834e-04 time=0.166s
[RQ-VAE] epoch=690 loss=0.00030685 recon=0.00007842 beh=6.240865 w=0.000 lr=7.831e-04 time=0.168s
[RQ-VAE] epoch=691 loss=0.00030878 recon=0.00007843 beh=6.238709 w=0.000 lr=7.827e-04 time=0.167s
[RQ-VAE] epoch=692 loss=0.00030756 recon=0.00007842 beh=6.243643 w=0.000 lr=7.824e-04 time=0.262s
[RQ-VAE] epoch=693 loss=0.00030927 recon=0.00007840 beh=6.240445 w=0.000 lr=7.820e-04 time=0.167s
[RQ-VAE] epoch=694 loss=0.00030912 recon=0.00007834 beh=6.239164 w=0.000 lr=7.817e-04 time=0.166s
[RQ-VAE] epoch=695 loss=0.00030895 recon=0.00007834 beh=6.249025 w=0.000 lr=7.814e-04 time=0.166s
[RQ-VAE] epoch=696 loss=0.00030927 recon=0.00007849 beh=6.241611 w=0.000 lr=7.810e-04 time=0.167s
[RQ-VAE] epoch=697 loss=0.00030952 recon=0.00007834 beh=6.240443 w=0.000 lr=7.807e-04 time=0.167s
[RQ-VAE] epoch=698 loss=0.00030794 recon=0.00007827 beh=6.233157 w=0.000 lr=7.803e-04 time=0.166s
[RQ-VAE] epoch=699 loss=0.00030771 recon=0.00007838 beh=6.240908 w=0.000 lr=7.800e-04 time=0.167s
[RQ-VAE] epoch=700 loss=0.00030851 recon=0.00007825 lr=7.797e-04 raw_unique=20525/24587 collision=0.165209 time=0.167s
[RQ-VAE] epoch=701 loss=0.00030854 recon=0.00007828 beh=6.243379 w=0.000 lr=7.793e-04 time=0.167s
[RQ-VAE] epoch=702 loss=0.00030666 recon=0.00007820 beh=6.237573 w=0.000 lr=7.790e-04 time=0.168s
[RQ-VAE] epoch=703 loss=0.00030696 recon=0.00007820 beh=6.242198 w=0.000 lr=7.786e-04 time=0.166s
[RQ-VAE] epoch=704 loss=0.00030900 recon=0.00007839 beh=6.239450 w=0.000 lr=7.783e-04 time=0.166s
[RQ-VAE] epoch=705 loss=0.00030738 recon=0.00007825 beh=6.241088 w=0.000 lr=7.780e-04 time=0.166s
[RQ-VAE] epoch=706 loss=0.00030703 recon=0.00007807 beh=6.243342 w=0.000 lr=7.776e-04 time=0.167s
[RQ-VAE] epoch=707 loss=0.00030667 recon=0.00007817 beh=6.232288 w=0.000 lr=7.773e-04 time=0.167s
[RQ-VAE] epoch=708 loss=0.00030726 recon=0.00007811 beh=6.243592 w=0.000 lr=7.769e-04 time=0.166s
[RQ-VAE] epoch=709 loss=0.00030544 recon=0.00007807 beh=6.242926 w=0.000 lr=7.766e-04 time=0.167s
[RQ-VAE] epoch=710 loss=0.00030711 recon=0.00007817 beh=6.231071 w=0.000 lr=7.763e-04 time=0.167s
[RQ-VAE] epoch=711 loss=0.00030872 recon=0.00007813 beh=6.234138 w=0.000 lr=7.759e-04 time=0.168s
[RQ-VAE] epoch=712 loss=0.00030962 recon=0.00007807 beh=6.238177 w=0.000 lr=7.756e-04 time=0.167s
[RQ-VAE] epoch=713 loss=0.00030712 recon=0.00007787 beh=6.237216 w=0.000 lr=7.753e-04 time=0.166s
[RQ-VAE] epoch=714 loss=0.00030719 recon=0.00007779 beh=6.238967 w=0.000 lr=7.749e-04 time=0.167s
[RQ-VAE] epoch=715 loss=0.00030767 recon=0.00007794 beh=6.243623 w=0.000 lr=7.746e-04 time=0.167s
[RQ-VAE] epoch=716 loss=0.00030848 recon=0.00007789 beh=6.238134 w=0.000 lr=7.742e-04 time=0.168s
[RQ-VAE] epoch=717 loss=0.00030657 recon=0.00007784 beh=6.237591 w=0.000 lr=7.739e-04 time=0.166s
[RQ-VAE] epoch=718 loss=0.00030629 recon=0.00007799 beh=6.238431 w=0.000 lr=7.736e-04 time=0.167s
[RQ-VAE] epoch=719 loss=0.00030767 recon=0.00007781 beh=6.236526 w=0.000 lr=7.732e-04 time=0.167s
[RQ-VAE] epoch=720 loss=0.00030746 recon=0.00007800 beh=6.233987 w=0.000 lr=7.729e-04 time=0.166s
[RQ-VAE] epoch=721 loss=0.00030621 recon=0.00007798 beh=6.244057 w=0.000 lr=7.725e-04 time=0.261s
[RQ-VAE] epoch=722 loss=0.00030705 recon=0.00007793 beh=6.234916 w=0.000 lr=7.722e-04 time=0.167s
[RQ-VAE] epoch=723 loss=0.00030647 recon=0.00007806 beh=6.236671 w=0.000 lr=7.719e-04 time=0.167s
[RQ-VAE] epoch=724 loss=0.00030709 recon=0.00007793 beh=6.238801 w=0.000 lr=7.715e-04 time=0.167s
[RQ-VAE] epoch=725 loss=0.00030627 recon=0.00007776 beh=6.242982 w=0.000 lr=7.712e-04 time=0.167s
[RQ-VAE] epoch=726 loss=0.00030749 recon=0.00007768 beh=6.245437 w=0.000 lr=7.708e-04 time=0.166s
[RQ-VAE] epoch=727 loss=0.00030847 recon=0.00007783 beh=6.238424 w=0.000 lr=7.705e-04 time=0.167s
[RQ-VAE] epoch=728 loss=0.00030591 recon=0.00007780 beh=6.238786 w=0.000 lr=7.702e-04 time=0.166s
[RQ-VAE] epoch=729 loss=0.00030765 recon=0.00007782 beh=6.232522 w=0.000 lr=7.698e-04 time=0.167s
[RQ-VAE] epoch=730 loss=0.00030903 recon=0.00007786 beh=6.237446 w=0.000 lr=7.695e-04 time=0.167s
[RQ-VAE] epoch=731 loss=0.00030767 recon=0.00007779 beh=6.243930 w=0.000 lr=7.692e-04 time=0.168s
[RQ-VAE] epoch=732 loss=0.00030703 recon=0.00007771 beh=6.240657 w=0.000 lr=7.688e-04 time=0.168s
[RQ-VAE] epoch=733 loss=0.00030702 recon=0.00007786 beh=6.236585 w=0.000 lr=7.685e-04 time=0.167s
[RQ-VAE] epoch=734 loss=0.00030914 recon=0.00007769 beh=6.239201 w=0.000 lr=7.681e-04 time=0.167s
[RQ-VAE] epoch=735 loss=0.00030630 recon=0.00007764 beh=6.236645 w=0.000 lr=7.678e-04 time=0.169s
[RQ-VAE] epoch=736 loss=0.00030640 recon=0.00007756 beh=6.236428 w=0.000 lr=7.675e-04 time=0.169s
[RQ-VAE] epoch=737 loss=0.00030702 recon=0.00007763 beh=6.236365 w=0.000 lr=7.671e-04 time=0.168s
[RQ-VAE] epoch=738 loss=0.00030744 recon=0.00007760 beh=6.233617 w=0.000 lr=7.668e-04 time=0.167s
[RQ-VAE] epoch=739 loss=0.00030874 recon=0.00007768 beh=6.232204 w=0.000 lr=7.664e-04 time=0.168s
[RQ-VAE] epoch=740 loss=0.00030747 recon=0.00007750 beh=6.238241 w=0.000 lr=7.661e-04 time=0.166s
[RQ-VAE] epoch=741 loss=0.00030767 recon=0.00007758 beh=6.239798 w=0.000 lr=7.658e-04 time=0.262s
[RQ-VAE] epoch=742 loss=0.00030877 recon=0.00007771 beh=6.244766 w=0.000 lr=7.654e-04 time=0.167s
[RQ-VAE] epoch=743 loss=0.00030871 recon=0.00007767 beh=6.243845 w=0.000 lr=7.651e-04 time=0.168s
[RQ-VAE] epoch=744 loss=0.00030823 recon=0.00007747 beh=6.235713 w=0.000 lr=7.647e-04 time=0.167s
[RQ-VAE] epoch=745 loss=0.00030827 recon=0.00007759 beh=6.238129 w=0.000 lr=7.644e-04 time=0.168s
[RQ-VAE] epoch=746 loss=0.00030694 recon=0.00007747 beh=6.236588 w=0.000 lr=7.641e-04 time=0.168s
[RQ-VAE] epoch=747 loss=0.00030806 recon=0.00007744 beh=6.241315 w=0.000 lr=7.637e-04 time=0.167s
[RQ-VAE] epoch=748 loss=0.00030963 recon=0.00007756 beh=6.236722 w=0.000 lr=7.634e-04 time=0.167s
[RQ-VAE] epoch=749 loss=0.00030935 recon=0.00007750 beh=6.236301 w=0.000 lr=7.631e-04 time=0.166s
[RQ-VAE] epoch=750 loss=0.00030927 recon=0.00007752 lr=7.627e-04 raw_unique=20474/24587 collision=0.167284 time=0.166s
[RQ-VAE] epoch=751 loss=0.00031065 recon=0.00007753 beh=6.239524 w=0.000 lr=7.624e-04 time=0.169s
[RQ-VAE] epoch=752 loss=0.00031106 recon=0.00007746 beh=6.235337 w=0.000 lr=7.620e-04 time=0.166s
[RQ-VAE] epoch=753 loss=0.00030976 recon=0.00007765 beh=6.234155 w=0.000 lr=7.617e-04 time=0.167s
[RQ-VAE] epoch=754 loss=0.00030912 recon=0.00007739 beh=6.241632 w=0.000 lr=7.614e-04 time=0.168s
[RQ-VAE] epoch=755 loss=0.00030973 recon=0.00007736 beh=6.235430 w=0.000 lr=7.610e-04 time=0.167s
[RQ-VAE] epoch=756 loss=0.00030923 recon=0.00007734 beh=6.233686 w=0.000 lr=7.607e-04 time=0.26s
[RQ-VAE] epoch=757 loss=0.00030927 recon=0.00007740 beh=6.243179 w=0.000 lr=7.603e-04 time=0.167s
[RQ-VAE] epoch=758 loss=0.00031197 recon=0.00007746 beh=6.234671 w=0.000 lr=7.600e-04 time=0.166s
[RQ-VAE] epoch=759 loss=0.00031097 recon=0.00007739 beh=6.238499 w=0.000 lr=7.597e-04 time=0.167s
[RQ-VAE] epoch=760 loss=0.00031214 recon=0.00007720 beh=6.247037 w=0.000 lr=7.593e-04 time=0.167s
[RQ-VAE] epoch=761 loss=0.00031185 recon=0.00007736 beh=6.244836 w=0.000 lr=7.590e-04 time=0.167s
[RQ-VAE] epoch=762 loss=0.00031050 recon=0.00007723 beh=6.234796 w=0.000 lr=7.586e-04 time=0.168s
[RQ-VAE] epoch=763 loss=0.00031075 recon=0.00007713 beh=6.243710 w=0.000 lr=7.583e-04 time=0.167s
[RQ-VAE] epoch=764 loss=0.00031023 recon=0.00007726 beh=6.234488 w=0.000 lr=7.580e-04 time=0.167s
[RQ-VAE] epoch=765 loss=0.00031025 recon=0.00007731 beh=6.238512 w=0.000 lr=7.576e-04 time=0.167s
[RQ-VAE] epoch=766 loss=0.00031093 recon=0.00007717 beh=6.239146 w=0.000 lr=7.573e-04 time=0.168s
[RQ-VAE] epoch=767 loss=0.00031177 recon=0.00007736 beh=6.235804 w=0.000 lr=7.569e-04 time=0.167s
[RQ-VAE] epoch=768 loss=0.00031099 recon=0.00007724 beh=6.241759 w=0.000 lr=7.566e-04 time=0.167s
[RQ-VAE] epoch=769 loss=0.00031379 recon=0.00007730 beh=6.243072 w=0.000 lr=7.563e-04 time=0.168s
[RQ-VAE] epoch=770 loss=0.00031045 recon=0.00007717 beh=6.239541 w=0.000 lr=7.559e-04 time=0.167s
[RQ-VAE] epoch=771 loss=0.00031095 recon=0.00007724 beh=6.240161 w=0.000 lr=7.556e-04 time=0.167s
[RQ-VAE] epoch=772 loss=0.00031340 recon=0.00007728 beh=6.236681 w=0.000 lr=7.553e-04 time=0.166s
[RQ-VAE] epoch=773 loss=0.00031196 recon=0.00007735 beh=6.229629 w=0.000 lr=7.549e-04 time=0.167s
[RQ-VAE] epoch=774 loss=0.00031213 recon=0.00007732 beh=6.232968 w=0.000 lr=7.546e-04 time=0.167s
[RQ-VAE] epoch=775 loss=0.00031288 recon=0.00007753 beh=6.237527 w=0.000 lr=7.542e-04 time=0.166s
[RQ-VAE] epoch=776 loss=0.00031123 recon=0.00007743 beh=6.240802 w=0.000 lr=7.539e-04 time=0.166s
[RQ-VAE] epoch=777 loss=0.00031242 recon=0.00007741 beh=6.243838 w=0.000 lr=7.536e-04 time=0.167s
[RQ-VAE] epoch=778 loss=0.00031242 recon=0.00007734 beh=6.242502 w=0.000 lr=7.532e-04 time=0.167s
[RQ-VAE] epoch=779 loss=0.00031255 recon=0.00007722 beh=6.244586 w=0.000 lr=7.529e-04 time=0.166s
[RQ-VAE] epoch=780 loss=0.00031266 recon=0.00007723 beh=6.238637 w=0.000 lr=7.525e-04 time=0.167s
[RQ-VAE] epoch=781 loss=0.00031159 recon=0.00007720 beh=6.237394 w=0.000 lr=7.522e-04 time=0.167s
[RQ-VAE] epoch=782 loss=0.00031126 recon=0.00007719 beh=6.235970 w=0.000 lr=7.519e-04 time=0.167s
[RQ-VAE] epoch=783 loss=0.00031430 recon=0.00007716 beh=6.242103 w=0.000 lr=7.515e-04 time=0.168s
[RQ-VAE] epoch=784 loss=0.00031394 recon=0.00007729 beh=6.242426 w=0.000 lr=7.512e-04 time=0.166s
[RQ-VAE] epoch=785 loss=0.00031197 recon=0.00007718 beh=6.239469 w=0.000 lr=7.508e-04 time=0.167s
[RQ-VAE] epoch=786 loss=0.00031219 recon=0.00007725 beh=6.238995 w=0.000 lr=7.505e-04 time=0.167s
[RQ-VAE] epoch=787 loss=0.00031235 recon=0.00007711 beh=6.236775 w=0.000 lr=7.502e-04 time=0.166s
[RQ-VAE] epoch=788 loss=0.00031361 recon=0.00007725 beh=6.245186 w=0.000 lr=7.498e-04 time=0.166s
[RQ-VAE] epoch=789 loss=0.00031237 recon=0.00007709 beh=6.239782 w=0.000 lr=7.495e-04 time=0.168s
[RQ-VAE] epoch=790 loss=0.00031320 recon=0.00007702 beh=6.236422 w=0.000 lr=7.492e-04 time=0.166s
[RQ-VAE] epoch=791 loss=0.00031203 recon=0.00007691 beh=6.238560 w=0.000 lr=7.488e-04 time=0.167s
[RQ-VAE] epoch=792 loss=0.00031184 recon=0.00007696 beh=6.238804 w=0.000 lr=7.485e-04 time=0.167s
[RQ-VAE] epoch=793 loss=0.00031306 recon=0.00007684 beh=6.235615 w=0.000 lr=7.481e-04 time=0.166s
[RQ-VAE] epoch=794 loss=0.00031193 recon=0.00007688 beh=6.237736 w=0.000 lr=7.478e-04 time=0.168s
[RQ-VAE] epoch=795 loss=0.00031166 recon=0.00007724 beh=6.238144 w=0.000 lr=7.475e-04 time=0.168s
[RQ-VAE] epoch=796 loss=0.00031347 recon=0.00007704 beh=6.238630 w=0.000 lr=7.471e-04 time=0.167s
[RQ-VAE] epoch=797 loss=0.00031246 recon=0.00007696 beh=6.242829 w=0.000 lr=7.468e-04 time=0.167s
[RQ-VAE] epoch=798 loss=0.00031529 recon=0.00007717 beh=6.243464 w=0.000 lr=7.464e-04 time=0.167s
[RQ-VAE] epoch=799 loss=0.00031300 recon=0.00007716 beh=6.243459 w=0.000 lr=7.461e-04 time=0.167s
[RQ-VAE] epoch=800 loss=0.00031259 recon=0.00007698 lr=7.458e-04 raw_unique=20390/24587 collision=0.170700 time=0.167s
[RQ-VAE] epoch=801 loss=0.00031343 recon=0.00007707 beh=6.240717 w=0.000 lr=7.454e-04 time=0.167s
[RQ-VAE] epoch=802 loss=0.00031197 recon=0.00007707 beh=6.237063 w=0.000 lr=7.451e-04 time=0.167s
[RQ-VAE] epoch=803 loss=0.00031311 recon=0.00007683 beh=6.243535 w=0.000 lr=7.447e-04 time=0.168s
[RQ-VAE] epoch=804 loss=0.00031521 recon=0.00007698 beh=6.243072 w=0.000 lr=7.444e-04 time=0.167s
[RQ-VAE] epoch=805 loss=0.00031302 recon=0.00007700 beh=6.239776 w=0.000 lr=7.441e-04 time=0.167s
[RQ-VAE] epoch=806 loss=0.00031078 recon=0.00007691 beh=6.246649 w=0.000 lr=7.437e-04 time=0.168s
[RQ-VAE] epoch=807 loss=0.00031136 recon=0.00007692 beh=6.238808 w=0.000 lr=7.434e-04 time=0.167s
[RQ-VAE] epoch=808 loss=0.00031135 recon=0.00007696 beh=6.237060 w=0.000 lr=7.431e-04 time=0.167s
[RQ-VAE] epoch=809 loss=0.00031103 recon=0.00007679 beh=6.243760 w=0.000 lr=7.427e-04 time=0.167s
[RQ-VAE] epoch=810 loss=0.00031063 recon=0.00007709 beh=6.237111 w=0.000 lr=7.424e-04 time=0.168s
[RQ-VAE] epoch=811 loss=0.00031111 recon=0.00007698 beh=6.239307 w=0.000 lr=7.420e-04 time=0.166s
[RQ-VAE] epoch=812 loss=0.00031277 recon=0.00007694 beh=6.239600 w=0.000 lr=7.417e-04 time=0.167s
[RQ-VAE] epoch=813 loss=0.00031278 recon=0.00007699 beh=6.239386 w=0.000 lr=7.414e-04 time=0.262s
[RQ-VAE] epoch=814 loss=0.00031281 recon=0.00007698 beh=6.236174 w=0.000 lr=7.410e-04 time=0.167s
[RQ-VAE] epoch=815 loss=0.00031224 recon=0.00007701 beh=6.240275 w=0.000 lr=7.407e-04 time=0.168s
[RQ-VAE] epoch=816 loss=0.00031276 recon=0.00007683 beh=6.239809 w=0.000 lr=7.403e-04 time=0.166s
[RQ-VAE] epoch=817 loss=0.00031303 recon=0.00007702 beh=6.236691 w=0.000 lr=7.400e-04 time=0.166s
[RQ-VAE] epoch=818 loss=0.00031285 recon=0.00007691 beh=6.239737 w=0.000 lr=7.397e-04 time=0.167s
[RQ-VAE] epoch=819 loss=0.00031431 recon=0.00007694 beh=6.243908 w=0.000 lr=7.393e-04 time=0.168s
[RQ-VAE] epoch=820 loss=0.00031461 recon=0.00007695 beh=6.241910 w=0.000 lr=7.390e-04 time=0.169s
[RQ-VAE] epoch=821 loss=0.00031393 recon=0.00007680 beh=6.245308 w=0.000 lr=7.386e-04 time=0.167s
[RQ-VAE] epoch=822 loss=0.00031339 recon=0.00007650 beh=6.238541 w=0.000 lr=7.383e-04 time=0.167s
[RQ-VAE] epoch=823 loss=0.00031313 recon=0.00007660 beh=6.239075 w=0.000 lr=7.380e-04 time=0.167s
[RQ-VAE] epoch=824 loss=0.00031382 recon=0.00007658 beh=6.234131 w=0.000 lr=7.376e-04 time=0.167s
[RQ-VAE] epoch=825 loss=0.00031452 recon=0.00007654 beh=6.238169 w=0.000 lr=7.373e-04 time=0.167s
[RQ-VAE] epoch=826 loss=0.00031309 recon=0.00007692 beh=6.246846 w=0.000 lr=7.369e-04 time=0.173s
[RQ-VAE] epoch=827 loss=0.00031458 recon=0.00007666 beh=6.239034 w=0.000 lr=7.366e-04 time=0.168s
[RQ-VAE] epoch=828 loss=0.00031543 recon=0.00007672 beh=6.235725 w=0.000 lr=7.363e-04 time=0.167s
[RQ-VAE] epoch=829 loss=0.00031603 recon=0.00007679 beh=6.235065 w=0.000 lr=7.359e-04 time=0.167s
[RQ-VAE] epoch=830 loss=0.00031508 recon=0.00007651 beh=6.236659 w=0.000 lr=7.356e-04 time=0.167s
[RQ-VAE] epoch=831 loss=0.00031334 recon=0.00007650 beh=6.241228 w=0.000 lr=7.353e-04 time=0.167s
[RQ-VAE] epoch=832 loss=0.00031349 recon=0.00007644 beh=6.242081 w=0.000 lr=7.349e-04 time=0.168s
[RQ-VAE] epoch=833 loss=0.00031667 recon=0.00007659 beh=6.245271 w=0.000 lr=7.346e-04 time=0.167s
[RQ-VAE] epoch=834 loss=0.00031565 recon=0.00007676 beh=6.238824 w=0.000 lr=7.342e-04 time=0.167s
[RQ-VAE] epoch=835 loss=0.00031498 recon=0.00007657 beh=6.241741 w=0.000 lr=7.339e-04 time=0.167s
[RQ-VAE] epoch=836 loss=0.00031372 recon=0.00007651 beh=6.235750 w=0.000 lr=7.336e-04 time=0.167s
[RQ-VAE] epoch=837 loss=0.00031398 recon=0.00007665 beh=6.241758 w=0.000 lr=7.332e-04 time=0.166s
[RQ-VAE] epoch=838 loss=0.00031375 recon=0.00007666 beh=6.236335 w=0.000 lr=7.329e-04 time=0.168s
[RQ-VAE] epoch=839 loss=0.00031369 recon=0.00007634 beh=6.241446 w=0.000 lr=7.325e-04 time=0.167s
[RQ-VAE] epoch=840 loss=0.00031481 recon=0.00007656 beh=6.241229 w=0.000 lr=7.322e-04 time=0.167s
[RQ-VAE] epoch=841 loss=0.00031514 recon=0.00007653 beh=6.239695 w=0.000 lr=7.319e-04 time=0.168s
[RQ-VAE] epoch=842 loss=0.00031378 recon=0.00007663 beh=6.241408 w=0.000 lr=7.315e-04 time=0.258s
[RQ-VAE] epoch=843 loss=0.00031502 recon=0.00007652 beh=6.241185 w=0.000 lr=7.312e-04 time=0.167s
[RQ-VAE] epoch=844 loss=0.00031442 recon=0.00007659 beh=6.237399 w=0.000 lr=7.308e-04 time=0.167s
[RQ-VAE] epoch=845 loss=0.00031339 recon=0.00007645 beh=6.238702 w=0.000 lr=7.305e-04 time=0.168s
[RQ-VAE] epoch=846 loss=0.00031482 recon=0.00007640 beh=6.242319 w=0.000 lr=7.302e-04 time=0.166s
[RQ-VAE] epoch=847 loss=0.00031436 recon=0.00007645 beh=6.238050 w=0.000 lr=7.298e-04 time=0.167s
[RQ-VAE] epoch=848 loss=0.00031384 recon=0.00007654 beh=6.238774 w=0.000 lr=7.295e-04 time=0.167s
[RQ-VAE] epoch=849 loss=0.00031342 recon=0.00007626 beh=6.241983 w=0.000 lr=7.292e-04 time=0.167s
[RQ-VAE] epoch=850 loss=0.00031403 recon=0.00007642 lr=7.288e-04 raw_unique=20364/24587 collision=0.171757 time=0.167s
[RQ-VAE] epoch=851 loss=0.00031442 recon=0.00007651 beh=6.240044 w=0.000 lr=7.285e-04 time=0.167s
[RQ-VAE] epoch=852 loss=0.00031461 recon=0.00007656 beh=6.239881 w=0.000 lr=7.281e-04 time=0.167s
[RQ-VAE] epoch=853 loss=0.00031430 recon=0.00007630 beh=6.249589 w=0.000 lr=7.278e-04 time=0.168s
[RQ-VAE] epoch=854 loss=0.00031506 recon=0.00007631 beh=6.238928 w=0.000 lr=7.275e-04 time=0.168s
[RQ-VAE] epoch=855 loss=0.00031404 recon=0.00007635 beh=6.241190 w=0.000 lr=7.271e-04 time=0.168s
[RQ-VAE] epoch=856 loss=0.00031397 recon=0.00007641 beh=6.239015 w=0.000 lr=7.268e-04 time=0.167s
[RQ-VAE] epoch=857 loss=0.00031315 recon=0.00007637 beh=6.240936 w=0.000 lr=7.264e-04 time=0.168s
[RQ-VAE] epoch=858 loss=0.00031452 recon=0.00007635 beh=6.240077 w=0.000 lr=7.261e-04 time=0.167s
[RQ-VAE] epoch=859 loss=0.00031452 recon=0.00007643 beh=6.239068 w=0.000 lr=7.258e-04 time=0.167s
[RQ-VAE] epoch=860 loss=0.00031487 recon=0.00007624 beh=6.235573 w=0.000 lr=7.254e-04 time=0.168s
[RQ-VAE] epoch=861 loss=0.00031632 recon=0.00007630 beh=6.241265 w=0.000 lr=7.251e-04 time=0.26s
[RQ-VAE] epoch=862 loss=0.00031486 recon=0.00007602 beh=6.232500 w=0.000 lr=7.247e-04 time=0.167s
[RQ-VAE] epoch=863 loss=0.00031518 recon=0.00007603 beh=6.241810 w=0.000 lr=7.244e-04 time=0.167s
[RQ-VAE] epoch=864 loss=0.00031356 recon=0.00007600 beh=6.233746 w=0.000 lr=7.241e-04 time=0.166s
[RQ-VAE] epoch=865 loss=0.00031360 recon=0.00007616 beh=6.239728 w=0.000 lr=7.237e-04 time=0.167s
[RQ-VAE] epoch=866 loss=0.00031410 recon=0.00007603 beh=6.233257 w=0.000 lr=7.234e-04 time=0.167s
[RQ-VAE] epoch=867 loss=0.00031413 recon=0.00007610 beh=6.243777 w=0.000 lr=7.231e-04 time=0.167s
[RQ-VAE] epoch=868 loss=0.00031506 recon=0.00007621 beh=6.242221 w=0.000 lr=7.227e-04 time=0.167s
[RQ-VAE] epoch=869 loss=0.00031622 recon=0.00007618 beh=6.229329 w=0.000 lr=7.224e-04 time=0.166s
[RQ-VAE] epoch=870 loss=0.00031592 recon=0.00007618 beh=6.239863 w=0.000 lr=7.220e-04 time=0.167s
[RQ-VAE] epoch=871 loss=0.00031513 recon=0.00007615 beh=6.238192 w=0.000 lr=7.217e-04 time=0.166s
[RQ-VAE] epoch=872 loss=0.00031409 recon=0.00007596 beh=6.236613 w=0.000 lr=7.214e-04 time=0.167s
[RQ-VAE] epoch=873 loss=0.00031377 recon=0.00007598 beh=6.242079 w=0.000 lr=7.210e-04 time=0.168s
[RQ-VAE] epoch=874 loss=0.00031435 recon=0.00007603 beh=6.234440 w=0.000 lr=7.207e-04 time=0.166s
[RQ-VAE] epoch=875 loss=0.00031343 recon=0.00007604 beh=6.237488 w=0.000 lr=7.203e-04 time=0.167s
[RQ-VAE] epoch=876 loss=0.00031406 recon=0.00007599 beh=6.240432 w=0.000 lr=7.200e-04 time=0.264s
[RQ-VAE] epoch=877 loss=0.00031444 recon=0.00007602 beh=6.241016 w=0.000 lr=7.197e-04 time=0.166s
[RQ-VAE] epoch=878 loss=0.00031565 recon=0.00007591 beh=6.237387 w=0.000 lr=7.193e-04 time=0.166s
[RQ-VAE] epoch=879 loss=0.00031392 recon=0.00007609 beh=6.242219 w=0.000 lr=7.190e-04 time=0.166s
[RQ-VAE] epoch=880 loss=0.00031499 recon=0.00007577 beh=6.238523 w=0.000 lr=7.186e-04 time=0.166s
[RQ-VAE] epoch=881 loss=0.00031321 recon=0.00007584 beh=6.241213 w=0.000 lr=7.183e-04 time=0.166s
[RQ-VAE] epoch=882 loss=0.00031413 recon=0.00007579 beh=6.241399 w=0.000 lr=7.180e-04 time=0.165s
[RQ-VAE] epoch=883 loss=0.00031552 recon=0.00007602 beh=6.239753 w=0.000 lr=7.176e-04 time=0.166s
[RQ-VAE] epoch=884 loss=0.00031651 recon=0.00007583 beh=6.235507 w=0.000 lr=7.173e-04 time=0.165s
[RQ-VAE] epoch=885 loss=0.00031541 recon=0.00007579 beh=6.242233 w=0.000 lr=7.169e-04 time=0.166s
[RQ-VAE] epoch=886 loss=0.00031431 recon=0.00007577 beh=6.229729 w=0.000 lr=7.166e-04 time=0.166s
[RQ-VAE] epoch=887 loss=0.00031560 recon=0.00007588 beh=6.238317 w=0.000 lr=7.163e-04 time=0.166s
[RQ-VAE] epoch=888 loss=0.00031641 recon=0.00007584 beh=6.241975 w=0.000 lr=7.159e-04 time=0.165s
[RQ-VAE] epoch=889 loss=0.00031436 recon=0.00007579 beh=6.238344 w=0.000 lr=7.156e-04 time=0.166s
[RQ-VAE] epoch=890 loss=0.00031422 recon=0.00007581 beh=6.229908 w=0.000 lr=7.153e-04 time=0.165s
[RQ-VAE] epoch=891 loss=0.00031440 recon=0.00007578 beh=6.237845 w=0.000 lr=7.149e-04 time=0.165s
[RQ-VAE] epoch=892 loss=0.00031620 recon=0.00007577 beh=6.240216 w=0.000 lr=7.146e-04 time=0.166s
[RQ-VAE] epoch=893 loss=0.00031456 recon=0.00007588 beh=6.238195 w=0.000 lr=7.142e-04 time=0.165s
[RQ-VAE] epoch=894 loss=0.00031411 recon=0.00007588 beh=6.241512 w=0.000 lr=7.139e-04 time=0.166s
[RQ-VAE] epoch=895 loss=0.00031543 recon=0.00007574 beh=6.240992 w=0.000 lr=7.136e-04 time=0.166s
[RQ-VAE] epoch=896 loss=0.00031401 recon=0.00007569 beh=6.242060 w=0.000 lr=7.132e-04 time=0.168s
[RQ-VAE] epoch=897 loss=0.00031336 recon=0.00007565 beh=6.236692 w=0.000 lr=7.129e-04 time=0.166s
[RQ-VAE] epoch=898 loss=0.00031306 recon=0.00007561 beh=6.243814 w=0.000 lr=7.125e-04 time=0.166s
[RQ-VAE] epoch=899 loss=0.00031389 recon=0.00007556 beh=6.242039 w=0.000 lr=7.122e-04 time=0.166s
[RQ-VAE] epoch=900 loss=0.00031318 recon=0.00007561 lr=7.119e-04 raw_unique=20302/24587 collision=0.174279 time=0.166s
[RQ-VAE] epoch=901 loss=0.00031278 recon=0.00007565 beh=6.236238 w=0.000 lr=7.115e-04 time=0.166s
[RQ-VAE] epoch=902 loss=0.00031232 recon=0.00007552 beh=6.240794 w=0.000 lr=7.112e-04 time=0.165s
[RQ-VAE] epoch=903 loss=0.00031433 recon=0.00007562 beh=6.232435 w=0.000 lr=7.108e-04 time=0.165s
[RQ-VAE] epoch=904 loss=0.00031490 recon=0.00007556 beh=6.243327 w=0.000 lr=7.105e-04 time=0.166s
[RQ-VAE] epoch=905 loss=0.00031367 recon=0.00007574 beh=6.240177 w=0.000 lr=7.102e-04 time=0.165s
[RQ-VAE] epoch=906 loss=0.00031572 recon=0.00007600 beh=6.236892 w=0.000 lr=7.098e-04 time=0.165s
[RQ-VAE] epoch=907 loss=0.00031489 recon=0.00007570 beh=6.239538 w=0.000 lr=7.095e-04 time=0.165s
[RQ-VAE] epoch=908 loss=0.00031507 recon=0.00007574 beh=6.233363 w=0.000 lr=7.092e-04 time=0.166s
[RQ-VAE] epoch=909 loss=0.00031384 recon=0.00007570 beh=6.243289 w=0.000 lr=7.088e-04 time=0.167s
[RQ-VAE] epoch=910 loss=0.00031393 recon=0.00007568 beh=6.242716 w=0.000 lr=7.085e-04 time=0.165s
[RQ-VAE] epoch=911 loss=0.00031530 recon=0.00007569 beh=6.236484 w=0.000 lr=7.081e-04 time=0.166s
[RQ-VAE] epoch=912 loss=0.00031519 recon=0.00007565 beh=6.241296 w=0.000 lr=7.078e-04 time=0.167s
[RQ-VAE] epoch=913 loss=0.00031376 recon=0.00007556 beh=6.233953 w=0.000 lr=7.075e-04 time=0.166s
[RQ-VAE] epoch=914 loss=0.00031498 recon=0.00007573 beh=6.233200 w=0.000 lr=7.071e-04 time=0.166s
[RQ-VAE] epoch=915 loss=0.00031611 recon=0.00007566 beh=6.242018 w=0.000 lr=7.068e-04 time=0.166s
[RQ-VAE] epoch=916 loss=0.00031536 recon=0.00007572 beh=6.236869 w=0.000 lr=7.064e-04 time=0.167s
[RQ-VAE] epoch=917 loss=0.00031576 recon=0.00007560 beh=6.245993 w=0.000 lr=7.061e-04 time=0.164s
[RQ-VAE] epoch=918 loss=0.00031500 recon=0.00007549 beh=6.234850 w=0.000 lr=7.058e-04 time=0.165s
[RQ-VAE] epoch=919 loss=0.00031477 recon=0.00007557 beh=6.236298 w=0.000 lr=7.054e-04 time=0.165s
[RQ-VAE] epoch=920 loss=0.00031442 recon=0.00007555 beh=6.242619 w=0.000 lr=7.051e-04 time=0.165s
[RQ-VAE] epoch=921 loss=0.00031317 recon=0.00007559 beh=6.237383 w=0.000 lr=7.047e-04 time=0.165s
[RQ-VAE] epoch=922 loss=0.00031636 recon=0.00007551 beh=6.241161 w=0.000 lr=7.044e-04 time=0.166s
[RQ-VAE] epoch=923 loss=0.00031615 recon=0.00007558 beh=6.236278 w=0.000 lr=7.041e-04 time=0.166s
[RQ-VAE] epoch=924 loss=0.00031640 recon=0.00007571 beh=6.241931 w=0.000 lr=7.037e-04 time=0.166s
[RQ-VAE] epoch=925 loss=0.00031572 recon=0.00007555 beh=6.239736 w=0.000 lr=7.034e-04 time=0.166s
[RQ-VAE] epoch=926 loss=0.00031639 recon=0.00007565 beh=6.243557 w=0.000 lr=7.031e-04 time=0.165s
[RQ-VAE] epoch=927 loss=0.00031765 recon=0.00007563 beh=6.238389 w=0.000 lr=7.027e-04 time=0.166s
[RQ-VAE] epoch=928 loss=0.00031681 recon=0.00007558 beh=6.242640 w=0.000 lr=7.024e-04 time=0.167s
[RQ-VAE] epoch=929 loss=0.00031757 recon=0.00007559 beh=6.241688 w=0.000 lr=7.020e-04 time=0.165s
[RQ-VAE] epoch=930 loss=0.00031592 recon=0.00007565 beh=6.249502 w=0.000 lr=7.017e-04 time=0.165s
[RQ-VAE] epoch=931 loss=0.00031886 recon=0.00007554 beh=6.239997 w=0.000 lr=7.014e-04 time=0.166s
[RQ-VAE] epoch=932 loss=0.00031720 recon=0.00007530 beh=6.249312 w=0.000 lr=7.010e-04 time=0.165s
[RQ-VAE] epoch=933 loss=0.00031642 recon=0.00007543 beh=6.245517 w=0.000 lr=7.007e-04 time=0.261s
[RQ-VAE] epoch=934 loss=0.00031560 recon=0.00007537 beh=6.234622 w=0.000 lr=7.003e-04 time=0.165s
[RQ-VAE] epoch=935 loss=0.00031826 recon=0.00007562 beh=6.235607 w=0.000 lr=7.000e-04 time=0.166s
[RQ-VAE] epoch=936 loss=0.00031988 recon=0.00007535 beh=6.239238 w=0.000 lr=6.997e-04 time=0.166s
[RQ-VAE] epoch=937 loss=0.00031845 recon=0.00007543 beh=6.237816 w=0.000 lr=6.993e-04 time=0.166s
[RQ-VAE] epoch=938 loss=0.00031683 recon=0.00007537 beh=6.242878 w=0.000 lr=6.990e-04 time=0.166s
[RQ-VAE] epoch=939 loss=0.00031692 recon=0.00007551 beh=6.241111 w=0.000 lr=6.986e-04 time=0.166s
[RQ-VAE] epoch=940 loss=0.00031678 recon=0.00007542 beh=6.240656 w=0.000 lr=6.983e-04 time=0.165s
[RQ-VAE] epoch=941 loss=0.00031430 recon=0.00007542 beh=6.239328 w=0.000 lr=6.980e-04 time=0.166s
[RQ-VAE] epoch=942 loss=0.00031489 recon=0.00007527 beh=6.234995 w=0.000 lr=6.976e-04 time=0.166s
[RQ-VAE] epoch=943 loss=0.00031532 recon=0.00007545 beh=6.241138 w=0.000 lr=6.973e-04 time=0.166s
[RQ-VAE] epoch=944 loss=0.00031584 recon=0.00007547 beh=6.243810 w=0.000 lr=6.969e-04 time=0.167s
[RQ-VAE] epoch=945 loss=0.00031558 recon=0.00007547 beh=6.245297 w=0.000 lr=6.966e-04 time=0.165s
[RQ-VAE] epoch=946 loss=0.00031564 recon=0.00007529 beh=6.235278 w=0.000 lr=6.963e-04 time=0.166s
[RQ-VAE] epoch=947 loss=0.00031673 recon=0.00007547 beh=6.237737 w=0.000 lr=6.959e-04 time=0.167s
[RQ-VAE] epoch=948 loss=0.00031735 recon=0.00007539 beh=6.236831 w=0.000 lr=6.956e-04 time=0.166s
[RQ-VAE] epoch=949 loss=0.00031575 recon=0.00007537 beh=6.237800 w=0.000 lr=6.953e-04 time=0.165s
[RQ-VAE] epoch=950 loss=0.00031485 recon=0.00007527 lr=6.949e-04 raw_unique=20545/24587 collision=0.164396 time=0.166s
[RQ-VAE] epoch=951 loss=0.00031595 recon=0.00007516 beh=6.241757 w=0.000 lr=6.946e-04 time=0.166s
[RQ-VAE] epoch=952 loss=0.00031423 recon=0.00007528 beh=6.240043 w=0.000 lr=6.942e-04 time=0.165s
[RQ-VAE] epoch=953 loss=0.00031605 recon=0.00007520 beh=6.240995 w=0.000 lr=6.939e-04 time=0.166s
[RQ-VAE] epoch=954 loss=0.00031548 recon=0.00007526 beh=6.236719 w=0.000 lr=6.936e-04 time=0.165s
[RQ-VAE] epoch=955 loss=0.00031395 recon=0.00007501 beh=6.239506 w=0.000 lr=6.932e-04 time=0.167s
[RQ-VAE] epoch=956 loss=0.00031326 recon=0.00007500 beh=6.236094 w=0.000 lr=6.929e-04 time=0.167s
[RQ-VAE] epoch=957 loss=0.00031454 recon=0.00007507 beh=6.240476 w=0.000 lr=6.925e-04 time=0.166s
[RQ-VAE] epoch=958 loss=0.00031447 recon=0.00007525 beh=6.236757 w=0.000 lr=6.922e-04 time=0.166s
[RQ-VAE] epoch=959 loss=0.00031611 recon=0.00007513 beh=6.239878 w=0.000 lr=6.919e-04 time=0.167s
[RQ-VAE] epoch=960 loss=0.00031564 recon=0.00007496 beh=6.239262 w=0.000 lr=6.915e-04 time=0.166s
[RQ-VAE] epoch=961 loss=0.00031568 recon=0.00007501 beh=6.238050 w=0.000 lr=6.912e-04 time=0.165s
[RQ-VAE] epoch=962 loss=0.00031340 recon=0.00007503 beh=6.236096 w=0.000 lr=6.908e-04 time=0.259s
[RQ-VAE] epoch=963 loss=0.00031482 recon=0.00007496 beh=6.242380 w=0.000 lr=6.905e-04 time=0.165s
[RQ-VAE] epoch=964 loss=0.00031573 recon=0.00007508 beh=6.241045 w=0.000 lr=6.902e-04 time=0.166s
[RQ-VAE] epoch=965 loss=0.00031569 recon=0.00007503 beh=6.238461 w=0.000 lr=6.898e-04 time=0.166s
[RQ-VAE] epoch=966 loss=0.00031492 recon=0.00007494 beh=6.241492 w=0.000 lr=6.895e-04 time=0.165s
[RQ-VAE] epoch=967 loss=0.00031548 recon=0.00007495 beh=6.234518 w=0.000 lr=6.892e-04 time=0.166s
[RQ-VAE] epoch=968 loss=0.00031418 recon=0.00007495 beh=6.244726 w=0.000 lr=6.888e-04 time=0.167s
[RQ-VAE] epoch=969 loss=0.00031368 recon=0.00007515 beh=6.246540 w=0.000 lr=6.885e-04 time=0.166s
[RQ-VAE] epoch=970 loss=0.00031454 recon=0.00007502 beh=6.240834 w=0.000 lr=6.881e-04 time=0.166s
[RQ-VAE] epoch=971 loss=0.00031543 recon=0.00007496 beh=6.235543 w=0.000 lr=6.878e-04 time=0.166s
[RQ-VAE] epoch=972 loss=0.00031504 recon=0.00007503 beh=6.238440 w=0.000 lr=6.875e-04 time=0.166s
[RQ-VAE] epoch=973 loss=0.00031518 recon=0.00007499 beh=6.240626 w=0.000 lr=6.871e-04 time=0.166s
[RQ-VAE] epoch=974 loss=0.00031527 recon=0.00007498 beh=6.237962 w=0.000 lr=6.868e-04 time=0.165s
[RQ-VAE] epoch=975 loss=0.00031604 recon=0.00007509 beh=6.239919 w=0.000 lr=6.864e-04 time=0.167s
[RQ-VAE] epoch=976 loss=0.00031530 recon=0.00007501 beh=6.236500 w=0.000 lr=6.861e-04 time=0.166s
[RQ-VAE] epoch=977 loss=0.00031581 recon=0.00007492 beh=6.239839 w=0.000 lr=6.858e-04 time=0.166s
[RQ-VAE] epoch=978 loss=0.00031572 recon=0.00007488 beh=6.240408 w=0.000 lr=6.854e-04 time=0.166s
[RQ-VAE] epoch=979 loss=0.00031520 recon=0.00007498 beh=6.233626 w=0.000 lr=6.851e-04 time=0.166s
[RQ-VAE] epoch=980 loss=0.00031770 recon=0.00007507 beh=6.240199 w=0.000 lr=6.847e-04 time=0.166s
[RQ-VAE] epoch=981 loss=0.00031668 recon=0.00007511 beh=6.243968 w=0.000 lr=6.844e-04 time=0.265s
[RQ-VAE] epoch=982 loss=0.00031762 recon=0.00007504 beh=6.241337 w=0.000 lr=6.841e-04 time=0.166s
[RQ-VAE] epoch=983 loss=0.00031579 recon=0.00007511 beh=6.237373 w=0.000 lr=6.837e-04 time=0.166s
[RQ-VAE] epoch=984 loss=0.00031730 recon=0.00007507 beh=6.239347 w=0.000 lr=6.834e-04 time=0.166s
[RQ-VAE] epoch=985 loss=0.00031757 recon=0.00007495 beh=6.241911 w=0.000 lr=6.831e-04 time=0.167s
[RQ-VAE] epoch=986 loss=0.00031578 recon=0.00007485 beh=6.241536 w=0.000 lr=6.827e-04 time=0.167s
[RQ-VAE] epoch=987 loss=0.00031691 recon=0.00007506 beh=6.239363 w=0.000 lr=6.824e-04 time=0.166s
[RQ-VAE] epoch=988 loss=0.00031673 recon=0.00007496 beh=6.234403 w=0.000 lr=6.820e-04 time=0.166s
[RQ-VAE] epoch=989 loss=0.00031714 recon=0.00007508 beh=6.233240 w=0.000 lr=6.817e-04 time=0.166s
[RQ-VAE] epoch=990 loss=0.00031740 recon=0.00007500 beh=6.238914 w=0.000 lr=6.814e-04 time=0.166s
[RQ-VAE] epoch=991 loss=0.00031635 recon=0.00007489 beh=6.238476 w=0.000 lr=6.810e-04 time=0.166s
[RQ-VAE] epoch=992 loss=0.00031677 recon=0.00007473 beh=6.237113 w=0.000 lr=6.807e-04 time=0.166s
[RQ-VAE] epoch=993 loss=0.00031594 recon=0.00007481 beh=6.241121 w=0.000 lr=6.803e-04 time=0.166s
[RQ-VAE] epoch=994 loss=0.00031631 recon=0.00007487 beh=6.238090 w=0.000 lr=6.800e-04 time=0.166s
[RQ-VAE] epoch=995 loss=0.00031875 recon=0.00007496 beh=6.240587 w=0.000 lr=6.797e-04 time=0.166s
[RQ-VAE] epoch=996 loss=0.00031920 recon=0.00007503 beh=6.238492 w=0.000 lr=6.793e-04 time=0.259s
[RQ-VAE] epoch=997 loss=0.00031787 recon=0.00007477 beh=6.241544 w=0.000 lr=6.790e-04 time=0.166s
[RQ-VAE] epoch=998 loss=0.00031908 recon=0.00007480 beh=6.247257 w=0.000 lr=6.786e-04 time=0.168s
[RQ-VAE] epoch=999 loss=0.00031828 recon=0.00007482 beh=6.240211 w=0.000 lr=6.783e-04 time=0.166s
[RQ-VAE] epoch=1000 loss=0.00031796 recon=0.00007485 lr=6.780e-04 raw_unique=20490/24587 collision=0.166633 time=0.166s
[RQ-VAE] epoch=1001 loss=0.00031786 recon=0.00007486 beh=6.239001 w=0.000 lr=6.776e-04 time=0.168s
[RQ-VAE] epoch=1002 loss=0.00031998 recon=0.00007482 beh=6.236823 w=0.000 lr=6.773e-04 time=0.167s
[RQ-VAE] epoch=1003 loss=0.00031954 recon=0.00007476 beh=6.240245 w=0.000 lr=6.769e-04 time=0.167s
[RQ-VAE] epoch=1004 loss=0.00031809 recon=0.00007482 beh=6.239041 w=0.000 lr=6.766e-04 time=0.167s
[RQ-VAE] epoch=1005 loss=0.00031770 recon=0.00007470 beh=6.236330 w=0.000 lr=6.763e-04 time=0.168s
[RQ-VAE] epoch=1006 loss=0.00031847 recon=0.00007469 beh=6.239355 w=0.000 lr=6.759e-04 time=0.167s
[RQ-VAE] epoch=1007 loss=0.00031717 recon=0.00007479 beh=6.237919 w=0.000 lr=6.756e-04 time=0.167s
[RQ-VAE] epoch=1008 loss=0.00031724 recon=0.00007468 beh=6.236255 w=0.000 lr=6.753e-04 time=0.166s
[RQ-VAE] epoch=1009 loss=0.00031740 recon=0.00007463 beh=6.240819 w=0.000 lr=6.749e-04 time=0.166s
[RQ-VAE] epoch=1010 loss=0.00031985 recon=0.00007445 beh=6.235335 w=0.000 lr=6.746e-04 time=0.168s
[RQ-VAE] epoch=1011 loss=0.00031777 recon=0.00007462 beh=6.234425 w=0.000 lr=6.742e-04 time=0.167s
[RQ-VAE] epoch=1012 loss=0.00031778 recon=0.00007455 beh=6.240218 w=0.000 lr=6.739e-04 time=0.167s
[RQ-VAE] epoch=1013 loss=0.00031827 recon=0.00007463 beh=6.240893 w=0.000 lr=6.736e-04 time=0.166s
[RQ-VAE] epoch=1014 loss=0.00031841 recon=0.00007451 beh=6.235984 w=0.000 lr=6.732e-04 time=0.168s
[RQ-VAE] epoch=1015 loss=0.00031753 recon=0.00007451 beh=6.241463 w=0.000 lr=6.729e-04 time=0.167s
[RQ-VAE] epoch=1016 loss=0.00031623 recon=0.00007463 beh=6.232090 w=0.000 lr=6.725e-04 time=0.167s
[RQ-VAE] epoch=1017 loss=0.00031748 recon=0.00007456 beh=6.232026 w=0.000 lr=6.722e-04 time=0.167s
[RQ-VAE] epoch=1018 loss=0.00031992 recon=0.00007452 beh=6.235039 w=0.000 lr=6.719e-04 time=0.167s
[RQ-VAE] epoch=1019 loss=0.00032033 recon=0.00007456 beh=6.237442 w=0.000 lr=6.715e-04 time=0.166s
[RQ-VAE] epoch=1020 loss=0.00031805 recon=0.00007465 beh=6.240600 w=0.000 lr=6.712e-04 time=0.167s
[RQ-VAE] epoch=1021 loss=0.00031692 recon=0.00007454 beh=6.242536 w=0.000 lr=6.708e-04 time=0.166s
[RQ-VAE] epoch=1022 loss=0.00031898 recon=0.00007458 beh=6.243016 w=0.000 lr=6.705e-04 time=0.167s
[RQ-VAE] epoch=1023 loss=0.00031950 recon=0.00007471 beh=6.239971 w=0.000 lr=6.702e-04 time=0.167s
[RQ-VAE] epoch=1024 loss=0.00031767 recon=0.00007470 beh=6.237503 w=0.000 lr=6.698e-04 time=0.167s
[RQ-VAE] epoch=1025 loss=0.00031754 recon=0.00007448 beh=6.241703 w=0.000 lr=6.695e-04 time=0.167s
[RQ-VAE] epoch=1026 loss=0.00031916 recon=0.00007455 beh=6.236094 w=0.000 lr=6.692e-04 time=0.166s
[RQ-VAE] epoch=1027 loss=0.00031979 recon=0.00007457 beh=6.236847 w=0.000 lr=6.688e-04 time=0.166s
[RQ-VAE] epoch=1028 loss=0.00031731 recon=0.00007460 beh=6.248108 w=0.000 lr=6.685e-04 time=0.166s
[RQ-VAE] epoch=1029 loss=0.00031708 recon=0.00007454 beh=6.238705 w=0.000 lr=6.681e-04 time=0.166s
[RQ-VAE] epoch=1030 loss=0.00031955 recon=0.00007437 beh=6.240333 w=0.000 lr=6.678e-04 time=0.166s
[RQ-VAE] epoch=1031 loss=0.00031969 recon=0.00007441 beh=6.237040 w=0.000 lr=6.675e-04 time=0.167s
[RQ-VAE] epoch=1032 loss=0.00031855 recon=0.00007442 beh=6.241175 w=0.000 lr=6.671e-04 time=0.17s
[RQ-VAE] epoch=1033 loss=0.00031772 recon=0.00007452 beh=6.238921 w=0.000 lr=6.668e-04 time=0.171s
[RQ-VAE] epoch=1034 loss=0.00031809 recon=0.00007452 beh=6.243069 w=0.000 lr=6.664e-04 time=0.166s
[RQ-VAE] epoch=1035 loss=0.00031899 recon=0.00007459 beh=6.237504 w=0.000 lr=6.661e-04 time=0.167s
[RQ-VAE] epoch=1036 loss=0.00031775 recon=0.00007443 beh=6.237476 w=0.000 lr=6.658e-04 time=0.167s
[RQ-VAE] epoch=1037 loss=0.00031821 recon=0.00007434 beh=6.241544 w=0.000 lr=6.654e-04 time=0.167s
[RQ-VAE] epoch=1038 loss=0.00031767 recon=0.00007444 beh=6.240709 w=0.000 lr=6.651e-04 time=0.169s
[RQ-VAE] epoch=1039 loss=0.00031840 recon=0.00007444 beh=6.235864 w=0.000 lr=6.647e-04 time=0.167s
[RQ-VAE] epoch=1040 loss=0.00032033 recon=0.00007451 beh=6.236523 w=0.000 lr=6.644e-04 time=0.166s
[RQ-VAE] epoch=1041 loss=0.00031886 recon=0.00007443 beh=6.238412 w=0.000 lr=6.641e-04 time=0.166s
[RQ-VAE] epoch=1042 loss=0.00031955 recon=0.00007447 beh=6.238729 w=0.000 lr=6.637e-04 time=0.167s
[RQ-VAE] epoch=1043 loss=0.00032019 recon=0.00007444 beh=6.236639 w=0.000 lr=6.634e-04 time=0.167s
[RQ-VAE] epoch=1044 loss=0.00031990 recon=0.00007487 beh=6.240775 w=0.000 lr=6.631e-04 time=0.166s
[RQ-VAE] epoch=1045 loss=0.00031961 recon=0.00007444 beh=6.242003 w=0.000 lr=6.627e-04 time=0.167s
[RQ-VAE] epoch=1046 loss=0.00032034 recon=0.00007441 beh=6.242037 w=0.000 lr=6.624e-04 time=0.167s
[RQ-VAE] epoch=1047 loss=0.00032135 recon=0.00007452 beh=6.234668 w=0.000 lr=6.620e-04 time=0.167s
[RQ-VAE] epoch=1048 loss=0.00031995 recon=0.00007457 beh=6.237254 w=0.000 lr=6.617e-04 time=0.166s
[RQ-VAE] epoch=1049 loss=0.00031928 recon=0.00007452 beh=6.239509 w=0.000 lr=6.614e-04 time=0.165s
[RQ-VAE] epoch=1050 loss=0.00032022 recon=0.00007452 lr=6.610e-04 raw_unique=20462/24587 collision=0.167772 time=0.167s
[RQ-VAE] epoch=1051 loss=0.00032283 recon=0.00007456 beh=6.236394 w=0.000 lr=6.607e-04 time=0.166s
[RQ-VAE] epoch=1052 loss=0.00032170 recon=0.00007466 beh=6.239845 w=0.000 lr=6.603e-04 time=0.166s
[RQ-VAE] epoch=1053 loss=0.00032342 recon=0.00007443 beh=6.234349 w=0.000 lr=6.600e-04 time=0.261s
[RQ-VAE] epoch=1054 loss=0.00032055 recon=0.00007444 beh=6.236893 w=0.000 lr=6.597e-04 time=0.165s
[RQ-VAE] epoch=1055 loss=0.00031991 recon=0.00007459 beh=6.237712 w=0.000 lr=6.593e-04 time=0.166s
[RQ-VAE] epoch=1056 loss=0.00032112 recon=0.00007447 beh=6.236552 w=0.000 lr=6.590e-04 time=0.167s
[RQ-VAE] epoch=1057 loss=0.00032148 recon=0.00007449 beh=6.233544 w=0.000 lr=6.586e-04 time=0.167s
[RQ-VAE] epoch=1058 loss=0.00032302 recon=0.00007439 beh=6.246504 w=0.000 lr=6.583e-04 time=0.168s
[RQ-VAE] epoch=1059 loss=0.00032087 recon=0.00007446 beh=6.242990 w=0.000 lr=6.580e-04 time=0.167s
[RQ-VAE] epoch=1060 loss=0.00032098 recon=0.00007440 beh=6.238215 w=0.000 lr=6.576e-04 time=0.167s
[RQ-VAE] epoch=1061 loss=0.00032158 recon=0.00007445 beh=6.241786 w=0.000 lr=6.573e-04 time=0.166s
[RQ-VAE] epoch=1062 loss=0.00032209 recon=0.00007432 beh=6.239145 w=0.000 lr=6.569e-04 time=0.166s
[RQ-VAE] epoch=1063 loss=0.00032156 recon=0.00007436 beh=6.244714 w=0.000 lr=6.566e-04 time=0.167s
[RQ-VAE] epoch=1064 loss=0.00031984 recon=0.00007423 beh=6.243945 w=0.000 lr=6.563e-04 time=0.167s
[RQ-VAE] epoch=1065 loss=0.00032084 recon=0.00007442 beh=6.242220 w=0.000 lr=6.559e-04 time=0.167s
[RQ-VAE] epoch=1066 loss=0.00032092 recon=0.00007429 beh=6.241972 w=0.000 lr=6.556e-04 time=0.167s
[RQ-VAE] epoch=1067 loss=0.00032140 recon=0.00007463 beh=6.241580 w=0.000 lr=6.553e-04 time=0.167s
[RQ-VAE] epoch=1068 loss=0.00032239 recon=0.00007429 beh=6.240107 w=0.000 lr=6.549e-04 time=0.167s
[RQ-VAE] epoch=1069 loss=0.00032113 recon=0.00007438 beh=6.240753 w=0.000 lr=6.546e-04 time=0.168s
[RQ-VAE] epoch=1070 loss=0.00032010 recon=0.00007427 beh=6.238149 w=0.000 lr=6.542e-04 time=0.166s
[RQ-VAE] epoch=1071 loss=0.00032024 recon=0.00007419 beh=6.242693 w=0.000 lr=6.539e-04 time=0.168s
[RQ-VAE] epoch=1072 loss=0.00032132 recon=0.00007415 beh=6.238147 w=0.000 lr=6.536e-04 time=0.168s
[RQ-VAE] epoch=1073 loss=0.00032139 recon=0.00007436 beh=6.238656 w=0.000 lr=6.532e-04 time=0.167s
[RQ-VAE] epoch=1074 loss=0.00032148 recon=0.00007441 beh=6.238853 w=0.000 lr=6.529e-04 time=0.168s
[RQ-VAE] epoch=1075 loss=0.00032156 recon=0.00007445 beh=6.243657 w=0.000 lr=6.525e-04 time=0.167s
[RQ-VAE] epoch=1076 loss=0.00032225 recon=0.00007439 beh=6.239811 w=0.000 lr=6.522e-04 time=0.167s
[RQ-VAE] epoch=1077 loss=0.00032203 recon=0.00007436 beh=6.236414 w=0.000 lr=6.519e-04 time=0.167s
[RQ-VAE] epoch=1078 loss=0.00032134 recon=0.00007422 beh=6.234151 w=0.000 lr=6.515e-04 time=0.167s
[RQ-VAE] epoch=1079 loss=0.00031990 recon=0.00007427 beh=6.239356 w=0.000 lr=6.512e-04 time=0.167s
[RQ-VAE] epoch=1080 loss=0.00032164 recon=0.00007432 beh=6.242272 w=0.000 lr=6.508e-04 time=0.168s
[RQ-VAE] epoch=1081 loss=0.00032177 recon=0.00007432 beh=6.243056 w=0.000 lr=6.505e-04 time=0.166s
[RQ-VAE] epoch=1082 loss=0.00032158 recon=0.00007436 beh=6.242251 w=0.000 lr=6.502e-04 time=0.259s
[RQ-VAE] epoch=1083 loss=0.00032078 recon=0.00007433 beh=6.246284 w=0.000 lr=6.498e-04 time=0.168s
[RQ-VAE] epoch=1084 loss=0.00032143 recon=0.00007428 beh=6.242616 w=0.000 lr=6.495e-04 time=0.166s
[RQ-VAE] epoch=1085 loss=0.00032262 recon=0.00007416 beh=6.238524 w=0.000 lr=6.492e-04 time=0.166s
[RQ-VAE] epoch=1086 loss=0.00032202 recon=0.00007416 beh=6.239476 w=0.000 lr=6.488e-04 time=0.167s
[RQ-VAE] epoch=1087 loss=0.00031903 recon=0.00007417 beh=6.239024 w=0.000 lr=6.485e-04 time=0.166s
[RQ-VAE] epoch=1088 loss=0.00031915 recon=0.00007421 beh=6.233667 w=0.000 lr=6.481e-04 time=0.166s
[RQ-VAE] epoch=1089 loss=0.00031849 recon=0.00007393 beh=6.240712 w=0.000 lr=6.478e-04 time=0.167s
[RQ-VAE] epoch=1090 loss=0.00031803 recon=0.00007383 beh=6.242473 w=0.000 lr=6.475e-04 time=0.167s
[RQ-VAE] epoch=1091 loss=0.00031793 recon=0.00007407 beh=6.232436 w=0.000 lr=6.471e-04 time=0.169s
[RQ-VAE] epoch=1092 loss=0.00031753 recon=0.00007410 beh=6.239402 w=0.000 lr=6.468e-04 time=0.171s
[RQ-VAE] epoch=1093 loss=0.00031656 recon=0.00007386 beh=6.232759 w=0.000 lr=6.464e-04 time=0.165s
[RQ-VAE] epoch=1094 loss=0.00031755 recon=0.00007404 beh=6.238027 w=0.000 lr=6.461e-04 time=0.165s
[RQ-VAE] epoch=1095 loss=0.00031806 recon=0.00007385 beh=6.236686 w=0.000 lr=6.458e-04 time=0.166s
[RQ-VAE] epoch=1096 loss=0.00031983 recon=0.00007411 beh=6.233932 w=0.000 lr=6.454e-04 time=0.165s
[RQ-VAE] epoch=1097 loss=0.00031740 recon=0.00007403 beh=6.243990 w=0.000 lr=6.451e-04 time=0.167s
[RQ-VAE] epoch=1098 loss=0.00031814 recon=0.00007392 beh=6.236419 w=0.000 lr=6.447e-04 time=0.165s
[RQ-VAE] epoch=1099 loss=0.00032007 recon=0.00007386 beh=6.236783 w=0.000 lr=6.444e-04 time=0.166s
[RQ-VAE] epoch=1100 loss=0.00032050 recon=0.00007401 lr=6.441e-04 raw_unique=20253/24587 collision=0.176272 time=0.165s
[RQ-VAE] epoch=1101 loss=0.00031771 recon=0.00007399 beh=6.234385 w=0.000 lr=6.437e-04 time=0.264s
[RQ-VAE] epoch=1102 loss=0.00031620 recon=0.00007405 beh=6.239038 w=0.000 lr=6.434e-04 time=0.165s
[RQ-VAE] epoch=1103 loss=0.00031857 recon=0.00007406 beh=6.241829 w=0.000 lr=6.431e-04 time=0.164s
[RQ-VAE] epoch=1104 loss=0.00031895 recon=0.00007384 beh=6.240819 w=0.000 lr=6.427e-04 time=0.165s
[RQ-VAE] epoch=1105 loss=0.00031935 recon=0.00007397 beh=6.235573 w=0.000 lr=6.424e-04 time=0.165s
[RQ-VAE] epoch=1106 loss=0.00031929 recon=0.00007400 beh=6.243885 w=0.000 lr=6.420e-04 time=0.167s
[RQ-VAE] epoch=1107 loss=0.00031984 recon=0.00007411 beh=6.242551 w=0.000 lr=6.417e-04 time=0.165s
[RQ-VAE] epoch=1108 loss=0.00031922 recon=0.00007402 beh=6.240625 w=0.000 lr=6.414e-04 time=0.165s
[RQ-VAE] epoch=1109 loss=0.00031718 recon=0.00007373 beh=6.242979 w=0.000 lr=6.410e-04 time=0.166s
[RQ-VAE] epoch=1110 loss=0.00031825 recon=0.00007397 beh=6.237645 w=0.000 lr=6.407e-04 time=0.165s
[RQ-VAE] epoch=1111 loss=0.00031941 recon=0.00007379 beh=6.240931 w=0.000 lr=6.403e-04 time=0.165s
[RQ-VAE] epoch=1112 loss=0.00031910 recon=0.00007389 beh=6.242901 w=0.000 lr=6.400e-04 time=0.165s
[RQ-VAE] epoch=1113 loss=0.00032129 recon=0.00007416 beh=6.245610 w=0.000 lr=6.397e-04 time=0.166s
[RQ-VAE] epoch=1114 loss=0.00032070 recon=0.00007386 beh=6.235848 w=0.000 lr=6.393e-04 time=0.165s
[RQ-VAE] epoch=1115 loss=0.00032035 recon=0.00007388 beh=6.241237 w=0.000 lr=6.390e-04 time=0.164s
[RQ-VAE] epoch=1116 loss=0.00032014 recon=0.00007373 beh=6.239630 w=0.000 lr=6.386e-04 time=0.165s
[RQ-VAE] epoch=1117 loss=0.00031910 recon=0.00007378 beh=6.240552 w=0.000 lr=6.383e-04 time=0.255s
[RQ-VAE] epoch=1118 loss=0.00032072 recon=0.00007394 beh=6.242251 w=0.000 lr=6.380e-04 time=0.165s
[RQ-VAE] epoch=1119 loss=0.00032122 recon=0.00007376 beh=6.244766 w=0.000 lr=6.376e-04 time=0.165s
[RQ-VAE] epoch=1120 loss=0.00032113 recon=0.00007375 beh=6.239403 w=0.000 lr=6.373e-04 time=0.165s
[RQ-VAE] epoch=1121 loss=0.00032064 recon=0.00007414 beh=6.240897 w=0.000 lr=6.369e-04 time=0.165s
[RQ-VAE] epoch=1122 loss=0.00032139 recon=0.00007389 beh=6.241518 w=0.000 lr=6.366e-04 time=0.165s
[RQ-VAE] epoch=1123 loss=0.00032165 recon=0.00007391 beh=6.240690 w=0.000 lr=6.363e-04 time=0.165s
[RQ-VAE] epoch=1124 loss=0.00032131 recon=0.00007388 beh=6.235067 w=0.000 lr=6.359e-04 time=0.165s
[RQ-VAE] epoch=1125 loss=0.00031916 recon=0.00007375 beh=6.241935 w=0.000 lr=6.356e-04 time=0.166s
[RQ-VAE] epoch=1126 loss=0.00032010 recon=0.00007374 beh=6.246083 w=0.000 lr=6.353e-04 time=0.165s
[RQ-VAE] epoch=1127 loss=0.00031993 recon=0.00007380 beh=6.235722 w=0.000 lr=6.349e-04 time=0.166s
[RQ-VAE] epoch=1128 loss=0.00032131 recon=0.00007372 beh=6.236413 w=0.000 lr=6.346e-04 time=0.167s
[RQ-VAE] epoch=1129 loss=0.00032064 recon=0.00007368 beh=6.237967 w=0.000 lr=6.342e-04 time=0.165s
[RQ-VAE] epoch=1130 loss=0.00032058 recon=0.00007376 beh=6.237489 w=0.000 lr=6.339e-04 time=0.166s
[RQ-VAE] epoch=1131 loss=0.00032077 recon=0.00007362 beh=6.239779 w=0.000 lr=6.336e-04 time=0.164s
[RQ-VAE] epoch=1132 loss=0.00031821 recon=0.00007375 beh=6.236913 w=0.000 lr=6.332e-04 time=0.165s
[RQ-VAE] epoch=1133 loss=0.00031856 recon=0.00007363 beh=6.242629 w=0.000 lr=6.329e-04 time=0.165s
[RQ-VAE] epoch=1134 loss=0.00031939 recon=0.00007361 beh=6.236023 w=0.000 lr=6.325e-04 time=0.166s
[RQ-VAE] epoch=1135 loss=0.00031986 recon=0.00007374 beh=6.234468 w=0.000 lr=6.322e-04 time=0.165s
[RQ-VAE] epoch=1136 loss=0.00032002 recon=0.00007365 beh=6.231066 w=0.000 lr=6.319e-04 time=0.167s
[RQ-VAE] epoch=1137 loss=0.00032000 recon=0.00007391 beh=6.236895 w=0.000 lr=6.315e-04 time=0.165s
[RQ-VAE] epoch=1138 loss=0.00031896 recon=0.00007368 beh=6.229372 w=0.000 lr=6.312e-04 time=0.164s
[RQ-VAE] epoch=1139 loss=0.00031996 recon=0.00007371 beh=6.242309 w=0.000 lr=6.308e-04 time=0.167s
[RQ-VAE] epoch=1140 loss=0.00032054 recon=0.00007373 beh=6.234966 w=0.000 lr=6.305e-04 time=0.166s
[RQ-VAE] epoch=1141 loss=0.00031893 recon=0.00007379 beh=6.241423 w=0.000 lr=6.302e-04 time=0.173s
[RQ-VAE] epoch=1142 loss=0.00032046 recon=0.00007373 beh=6.244453 w=0.000 lr=6.298e-04 time=0.171s
[RQ-VAE] epoch=1143 loss=0.00032191 recon=0.00007376 beh=6.239441 w=0.000 lr=6.295e-04 time=0.166s
[RQ-VAE] epoch=1144 loss=0.00032056 recon=0.00007373 beh=6.239649 w=0.000 lr=6.292e-04 time=0.165s
[RQ-VAE] epoch=1145 loss=0.00032025 recon=0.00007369 beh=6.235434 w=0.000 lr=6.288e-04 time=0.164s
[RQ-VAE] epoch=1146 loss=0.00031744 recon=0.00007388 beh=6.240964 w=0.000 lr=6.285e-04 time=0.166s
[RQ-VAE] epoch=1147 loss=0.00031776 recon=0.00007350 beh=6.240426 w=0.000 lr=6.281e-04 time=0.165s
[RQ-VAE] epoch=1148 loss=0.00031865 recon=0.00007345 beh=6.240226 w=0.000 lr=6.278e-04 time=0.165s
[RQ-VAE] epoch=1149 loss=0.00031877 recon=0.00007328 beh=6.236283 w=0.000 lr=6.275e-04 time=0.165s
[RQ-VAE] epoch=1150 loss=0.00031810 recon=0.00007354 lr=6.271e-04 raw_unique=20339/24587 collision=0.172774 time=0.164s
[RQ-VAE] epoch=1151 loss=0.00031822 recon=0.00007361 beh=6.235929 w=0.000 lr=6.268e-04 time=0.169s
[RQ-VAE] epoch=1152 loss=0.00031846 recon=0.00007360 beh=6.233644 w=0.000 lr=6.264e-04 time=0.165s
[RQ-VAE] epoch=1153 loss=0.00031939 recon=0.00007335 beh=6.236970 w=0.000 lr=6.261e-04 time=0.165s
[RQ-VAE] epoch=1154 loss=0.00031886 recon=0.00007344 beh=6.233353 w=0.000 lr=6.258e-04 time=0.165s
[RQ-VAE] epoch=1155 loss=0.00031777 recon=0.00007339 beh=6.238043 w=0.000 lr=6.254e-04 time=0.166s
[RQ-VAE] epoch=1156 loss=0.00031934 recon=0.00007335 beh=6.237250 w=0.000 lr=6.251e-04 time=0.165s
[RQ-VAE] epoch=1157 loss=0.00031988 recon=0.00007339 beh=6.238180 w=0.000 lr=6.247e-04 time=0.164s
[RQ-VAE] epoch=1158 loss=0.00031903 recon=0.00007337 beh=6.241194 w=0.000 lr=6.244e-04 time=0.165s
[RQ-VAE] epoch=1159 loss=0.00032014 recon=0.00007334 beh=6.240370 w=0.000 lr=6.241e-04 time=0.164s
[RQ-VAE] epoch=1160 loss=0.00032040 recon=0.00007340 beh=6.241148 w=0.000 lr=6.237e-04 time=0.165s
[RQ-VAE] epoch=1161 loss=0.00031851 recon=0.00007349 beh=6.240576 w=0.000 lr=6.234e-04 time=0.166s
[RQ-VAE] epoch=1162 loss=0.00031980 recon=0.00007333 beh=6.238461 w=0.000 lr=6.231e-04 time=0.166s
[RQ-VAE] epoch=1163 loss=0.00031902 recon=0.00007346 beh=6.238466 w=0.000 lr=6.227e-04 time=0.166s
[RQ-VAE] epoch=1164 loss=0.00031883 recon=0.00007334 beh=6.241355 w=0.000 lr=6.224e-04 time=0.165s
[RQ-VAE] epoch=1165 loss=0.00032026 recon=0.00007335 beh=6.241131 w=0.000 lr=6.220e-04 time=0.164s
[RQ-VAE] epoch=1166 loss=0.00031835 recon=0.00007314 beh=6.238962 w=0.000 lr=6.217e-04 time=0.166s
[RQ-VAE] epoch=1167 loss=0.00031824 recon=0.00007341 beh=6.239554 w=0.000 lr=6.214e-04 time=0.166s
[RQ-VAE] epoch=1168 loss=0.00032082 recon=0.00007340 beh=6.238367 w=0.000 lr=6.210e-04 time=0.165s
[RQ-VAE] epoch=1169 loss=0.00032142 recon=0.00007334 beh=6.230962 w=0.000 lr=6.207e-04 time=0.165s
[RQ-VAE] epoch=1170 loss=0.00031987 recon=0.00007321 beh=6.246833 w=0.000 lr=6.203e-04 time=0.165s
[RQ-VAE] epoch=1171 loss=0.00031944 recon=0.00007334 beh=6.234827 w=0.000 lr=6.200e-04 time=0.165s
[RQ-VAE] epoch=1172 loss=0.00031997 recon=0.00007326 beh=6.243200 w=0.000 lr=6.197e-04 time=0.164s
[RQ-VAE] epoch=1173 loss=0.00031865 recon=0.00007326 beh=6.240482 w=0.000 lr=6.193e-04 time=0.258s
[RQ-VAE] epoch=1174 loss=0.00031864 recon=0.00007313 beh=6.237298 w=0.000 lr=6.190e-04 time=0.164s
[RQ-VAE] epoch=1175 loss=0.00031850 recon=0.00007324 beh=6.239976 w=0.000 lr=6.186e-04 time=0.165s
[RQ-VAE] epoch=1176 loss=0.00031775 recon=0.00007318 beh=6.239891 w=0.000 lr=6.183e-04 time=0.165s
[RQ-VAE] epoch=1177 loss=0.00031790 recon=0.00007314 beh=6.235561 w=0.000 lr=6.180e-04 time=0.165s
[RQ-VAE] epoch=1178 loss=0.00031803 recon=0.00007326 beh=6.237824 w=0.000 lr=6.176e-04 time=0.166s
[RQ-VAE] epoch=1179 loss=0.00032081 recon=0.00007331 beh=6.238329 w=0.000 lr=6.173e-04 time=0.166s
[RQ-VAE] epoch=1180 loss=0.00031813 recon=0.00007316 beh=6.235750 w=0.000 lr=6.169e-04 time=0.166s
[RQ-VAE] epoch=1181 loss=0.00031812 recon=0.00007306 beh=6.240393 w=0.000 lr=6.166e-04 time=0.166s
[RQ-VAE] epoch=1182 loss=0.00031949 recon=0.00007304 beh=6.237126 w=0.000 lr=6.163e-04 time=0.165s
[RQ-VAE] epoch=1183 loss=0.00031922 recon=0.00007306 beh=6.242467 w=0.000 lr=6.159e-04 time=0.165s
[RQ-VAE] epoch=1184 loss=0.00031854 recon=0.00007308 beh=6.235641 w=0.000 lr=6.156e-04 time=0.165s
[RQ-VAE] epoch=1185 loss=0.00032028 recon=0.00007330 beh=6.238734 w=0.000 lr=6.153e-04 time=0.166s
[RQ-VAE] epoch=1186 loss=0.00032194 recon=0.00007308 beh=6.241565 w=0.000 lr=6.149e-04 time=0.165s
[RQ-VAE] epoch=1187 loss=0.00032060 recon=0.00007312 beh=6.243165 w=0.000 lr=6.146e-04 time=0.166s
[RQ-VAE] epoch=1188 loss=0.00032095 recon=0.00007319 beh=6.238485 w=0.000 lr=6.142e-04 time=0.165s
[RQ-VAE] epoch=1189 loss=0.00032072 recon=0.00007318 beh=6.233880 w=0.000 lr=6.139e-04 time=0.166s
[RQ-VAE] epoch=1190 loss=0.00032049 recon=0.00007313 beh=6.240263 w=0.000 lr=6.136e-04 time=0.165s
[RQ-VAE] epoch=1191 loss=0.00032292 recon=0.00007313 beh=6.240928 w=0.000 lr=6.132e-04 time=0.166s
[RQ-VAE] epoch=1192 loss=0.00032370 recon=0.00007322 beh=6.237514 w=0.000 lr=6.129e-04 time=0.166s
[RQ-VAE] epoch=1193 loss=0.00032419 recon=0.00007324 beh=6.235520 w=0.000 lr=6.125e-04 time=0.166s
[RQ-VAE] epoch=1194 loss=0.00032449 recon=0.00007328 beh=6.237718 w=0.000 lr=6.122e-04 time=0.165s
[RQ-VAE] epoch=1195 loss=0.00032273 recon=0.00007316 beh=6.239102 w=0.000 lr=6.119e-04 time=0.165s
[RQ-VAE] epoch=1196 loss=0.00032421 recon=0.00007327 beh=6.237665 w=0.000 lr=6.115e-04 time=0.166s
[RQ-VAE] epoch=1197 loss=0.00032473 recon=0.00007321 beh=6.242570 w=0.000 lr=6.112e-04 time=0.166s
[RQ-VAE] epoch=1198 loss=0.00032380 recon=0.00007324 beh=6.239984 w=0.000 lr=6.108e-04 time=0.165s
[RQ-VAE] epoch=1199 loss=0.00032326 recon=0.00007308 beh=6.241293 w=0.000 lr=6.105e-04 time=0.166s
[RQ-VAE] epoch=1200 loss=0.00032235 recon=0.00007313 lr=6.102e-04 raw_unique=20287/24587 collision=0.174889 time=0.166s
[RQ-VAE] epoch=1201 loss=0.00032424 recon=0.00007327 beh=6.231252 w=0.000 lr=6.098e-04 time=0.166s
[RQ-VAE] epoch=1202 loss=0.00032167 recon=0.00007310 beh=6.238247 w=0.000 lr=6.095e-04 time=0.258s
[RQ-VAE] epoch=1203 loss=0.00032071 recon=0.00007324 beh=6.238001 w=0.000 lr=6.092e-04 time=0.165s
[RQ-VAE] epoch=1204 loss=0.00032297 recon=0.00007325 beh=6.235253 w=0.000 lr=6.088e-04 time=0.165s
[RQ-VAE] epoch=1205 loss=0.00032319 recon=0.00007315 beh=6.237080 w=0.000 lr=6.085e-04 time=0.165s
[RQ-VAE] epoch=1206 loss=0.00032158 recon=0.00007315 beh=6.239662 w=0.000 lr=6.081e-04 time=0.166s
[RQ-VAE] epoch=1207 loss=0.00032324 recon=0.00007312 beh=6.238853 w=0.000 lr=6.078e-04 time=0.164s
[RQ-VAE] epoch=1208 loss=0.00032257 recon=0.00007329 beh=6.236832 w=0.000 lr=6.075e-04 time=0.166s
[RQ-VAE] epoch=1209 loss=0.00032070 recon=0.00007307 beh=6.230953 w=0.000 lr=6.071e-04 time=0.164s
[RQ-VAE] epoch=1210 loss=0.00032052 recon=0.00007303 beh=6.239521 w=0.000 lr=6.068e-04 time=0.168s
[RQ-VAE] epoch=1211 loss=0.00032033 recon=0.00007304 beh=6.241296 w=0.000 lr=6.064e-04 time=0.169s
[RQ-VAE] epoch=1212 loss=0.00032085 recon=0.00007309 beh=6.235856 w=0.000 lr=6.061e-04 time=0.168s
[RQ-VAE] epoch=1213 loss=0.00032073 recon=0.00007314 beh=6.235997 w=0.000 lr=6.058e-04 time=0.169s
[RQ-VAE] epoch=1214 loss=0.00032060 recon=0.00007304 beh=6.244527 w=0.000 lr=6.054e-04 time=0.169s
[RQ-VAE] epoch=1215 loss=0.00032077 recon=0.00007312 beh=6.240212 w=0.000 lr=6.051e-04 time=0.168s
[RQ-VAE] epoch=1216 loss=0.00032078 recon=0.00007304 beh=6.243606 w=0.000 lr=6.047e-04 time=0.17s
[RQ-VAE] epoch=1217 loss=0.00031976 recon=0.00007310 beh=6.235554 w=0.000 lr=6.044e-04 time=0.168s
[RQ-VAE] epoch=1218 loss=0.00032094 recon=0.00007292 beh=6.238020 w=0.000 lr=6.041e-04 time=0.169s
[RQ-VAE] epoch=1219 loss=0.00032058 recon=0.00007277 beh=6.240136 w=0.000 lr=6.037e-04 time=0.169s
[RQ-VAE] epoch=1220 loss=0.00032106 recon=0.00007291 beh=6.236620 w=0.000 lr=6.034e-04 time=0.169s
[RQ-VAE] epoch=1221 loss=0.00032063 recon=0.00007283 beh=6.235698 w=0.000 lr=6.031e-04 time=0.169s
[RQ-VAE] epoch=1222 loss=0.00032173 recon=0.00007273 beh=6.236747 w=0.000 lr=6.027e-04 time=0.26s
[RQ-VAE] epoch=1223 loss=0.00032228 recon=0.00007279 beh=6.248231 w=0.000 lr=6.024e-04 time=0.17s
[RQ-VAE] epoch=1224 loss=0.00032065 recon=0.00007279 beh=6.229854 w=0.000 lr=6.020e-04 time=0.17s
[RQ-VAE] epoch=1225 loss=0.00032131 recon=0.00007284 beh=6.237004 w=0.000 lr=6.017e-04 time=0.169s
[RQ-VAE] epoch=1226 loss=0.00031935 recon=0.00007269 beh=6.235292 w=0.000 lr=6.014e-04 time=0.169s
[RQ-VAE] epoch=1227 loss=0.00032073 recon=0.00007290 beh=6.239660 w=0.000 lr=6.010e-04 time=0.169s
[RQ-VAE] epoch=1228 loss=0.00032304 recon=0.00007289 beh=6.238465 w=0.000 lr=6.007e-04 time=0.169s
[RQ-VAE] epoch=1229 loss=0.00032268 recon=0.00007259 beh=6.238028 w=0.000 lr=6.003e-04 time=0.17s
[RQ-VAE] epoch=1230 loss=0.00031968 recon=0.00007279 beh=6.233042 w=0.000 lr=6.000e-04 time=0.17s
[RQ-VAE] epoch=1231 loss=0.00032094 recon=0.00007287 beh=6.235163 w=0.000 lr=5.997e-04 time=0.17s
[RQ-VAE] epoch=1232 loss=0.00032189 recon=0.00007262 beh=6.241992 w=0.000 lr=5.993e-04 time=0.169s
[RQ-VAE] epoch=1233 loss=0.00032229 recon=0.00007268 beh=6.238889 w=0.000 lr=5.990e-04 time=0.169s
[RQ-VAE] epoch=1234 loss=0.00032129 recon=0.00007280 beh=6.241569 w=0.000 lr=5.986e-04 time=0.169s
[RQ-VAE] epoch=1235 loss=0.00032203 recon=0.00007274 beh=6.239606 w=0.000 lr=5.983e-04 time=0.17s
[RQ-VAE] epoch=1236 loss=0.00032054 recon=0.00007276 beh=6.243219 w=0.000 lr=5.980e-04 time=0.169s
[RQ-VAE] epoch=1237 loss=0.00032078 recon=0.00007257 beh=6.240527 w=0.000 lr=5.976e-04 time=0.261s
[RQ-VAE] epoch=1238 loss=0.00031988 recon=0.00007263 beh=6.231837 w=0.000 lr=5.973e-04 time=0.168s
[RQ-VAE] epoch=1239 loss=0.00032141 recon=0.00007277 beh=6.239262 w=0.000 lr=5.969e-04 time=0.168s
[RQ-VAE] epoch=1240 loss=0.00032049 recon=0.00007277 beh=6.239838 w=0.000 lr=5.966e-04 time=0.168s
[RQ-VAE] epoch=1241 loss=0.00031907 recon=0.00007268 beh=6.242255 w=0.000 lr=5.963e-04 time=0.167s
[RQ-VAE] epoch=1242 loss=0.00032143 recon=0.00007260 beh=6.232409 w=0.000 lr=5.959e-04 time=0.167s
[RQ-VAE] epoch=1243 loss=0.00032004 recon=0.00007266 beh=6.244650 w=0.000 lr=5.956e-04 time=0.168s
[RQ-VAE] epoch=1244 loss=0.00032002 recon=0.00007287 beh=6.240910 w=0.000 lr=5.953e-04 time=0.168s
[RQ-VAE] epoch=1245 loss=0.00032034 recon=0.00007269 beh=6.243900 w=0.000 lr=5.949e-04 time=0.167s
[RQ-VAE] epoch=1246 loss=0.00032098 recon=0.00007273 beh=6.237009 w=0.000 lr=5.946e-04 time=0.167s
[RQ-VAE] epoch=1247 loss=0.00032113 recon=0.00007265 beh=6.234088 w=0.000 lr=5.942e-04 time=0.169s
[RQ-VAE] epoch=1248 loss=0.00032003 recon=0.00007268 beh=6.242901 w=0.000 lr=5.939e-04 time=0.168s
[RQ-VAE] epoch=1249 loss=0.00032088 recon=0.00007261 beh=6.232279 w=0.000 lr=5.936e-04 time=0.168s
[RQ-VAE] epoch=1250 loss=0.00032030 recon=0.00007295 lr=5.932e-04 raw_unique=20377/24587 collision=0.171229 time=0.168s
[RQ-VAE] epoch=1251 loss=0.00032248 recon=0.00007280 beh=6.240103 w=0.000 lr=5.929e-04 time=0.17s
[RQ-VAE] epoch=1252 loss=0.00032189 recon=0.00007284 beh=6.240187 w=0.000 lr=5.925e-04 time=0.168s
[RQ-VAE] epoch=1253 loss=0.00032144 recon=0.00007290 beh=6.242692 w=0.000 lr=5.922e-04 time=0.168s
[RQ-VAE] epoch=1254 loss=0.00032237 recon=0.00007287 beh=6.242348 w=0.000 lr=5.919e-04 time=0.168s
[RQ-VAE] epoch=1255 loss=0.00032297 recon=0.00007276 beh=6.240260 w=0.000 lr=5.915e-04 time=0.166s
[RQ-VAE] epoch=1256 loss=0.00032203 recon=0.00007275 beh=6.246517 w=0.000 lr=5.912e-04 time=0.168s
[RQ-VAE] epoch=1257 loss=0.00032128 recon=0.00007280 beh=6.233800 w=0.000 lr=5.908e-04 time=0.168s
[RQ-VAE] epoch=1258 loss=0.00032299 recon=0.00007274 beh=6.243091 w=0.000 lr=5.905e-04 time=0.168s
[RQ-VAE] epoch=1259 loss=0.00032284 recon=0.00007275 beh=6.237441 w=0.000 lr=5.902e-04 time=0.17s
[RQ-VAE] epoch=1260 loss=0.00032165 recon=0.00007290 beh=6.243440 w=0.000 lr=5.898e-04 time=0.168s
[RQ-VAE] epoch=1261 loss=0.00032142 recon=0.00007268 beh=6.243821 w=0.000 lr=5.895e-04 time=0.169s
[RQ-VAE] epoch=1262 loss=0.00032104 recon=0.00007270 beh=6.237575 w=0.000 lr=5.892e-04 time=0.168s
[RQ-VAE] epoch=1263 loss=0.00032111 recon=0.00007271 beh=6.242807 w=0.000 lr=5.888e-04 time=0.168s
[RQ-VAE] epoch=1264 loss=0.00032213 recon=0.00007260 beh=6.240924 w=0.000 lr=5.885e-04 time=0.167s
[RQ-VAE] epoch=1265 loss=0.00031996 recon=0.00007263 beh=6.233602 w=0.000 lr=5.881e-04 time=0.169s
[RQ-VAE] epoch=1266 loss=0.00031970 recon=0.00007270 beh=6.235751 w=0.000 lr=5.878e-04 time=0.168s
[RQ-VAE] epoch=1267 loss=0.00031987 recon=0.00007266 beh=6.238920 w=0.000 lr=5.875e-04 time=0.169s
[RQ-VAE] epoch=1268 loss=0.00032048 recon=0.00007257 beh=6.240110 w=0.000 lr=5.871e-04 time=0.168s
[RQ-VAE] epoch=1269 loss=0.00032027 recon=0.00007271 beh=6.240188 w=0.000 lr=5.868e-04 time=0.167s
[RQ-VAE] epoch=1270 loss=0.00032135 recon=0.00007275 beh=6.235025 w=0.000 lr=5.864e-04 time=0.17s
[RQ-VAE] epoch=1271 loss=0.00032104 recon=0.00007278 beh=6.237356 w=0.000 lr=5.861e-04 time=0.171s
[RQ-VAE] epoch=1272 loss=0.00032125 recon=0.00007258 beh=6.239939 w=0.000 lr=5.858e-04 time=0.168s
[RQ-VAE] epoch=1273 loss=0.00032126 recon=0.00007263 beh=6.241304 w=0.000 lr=5.854e-04 time=0.168s
[RQ-VAE] epoch=1274 loss=0.00032216 recon=0.00007280 beh=6.238861 w=0.000 lr=5.851e-04 time=0.169s
[RQ-VAE] epoch=1275 loss=0.00032151 recon=0.00007249 beh=6.242859 w=0.000 lr=5.847e-04 time=0.168s
[RQ-VAE] epoch=1276 loss=0.00032167 recon=0.00007262 beh=6.237836 w=0.000 lr=5.844e-04 time=0.168s
[RQ-VAE] epoch=1277 loss=0.00032088 recon=0.00007281 beh=6.242154 w=0.000 lr=5.841e-04 time=0.168s
[RQ-VAE] epoch=1278 loss=0.00032236 recon=0.00007256 beh=6.242774 w=0.000 lr=5.837e-04 time=0.168s
[RQ-VAE] epoch=1279 loss=0.00032154 recon=0.00007247 beh=6.245058 w=0.000 lr=5.834e-04 time=0.168s
[RQ-VAE] epoch=1280 loss=0.00032046 recon=0.00007252 beh=6.239680 w=0.000 lr=5.831e-04 time=0.167s
[RQ-VAE] epoch=1281 loss=0.00032158 recon=0.00007280 beh=6.243026 w=0.000 lr=5.827e-04 time=0.168s
[RQ-VAE] epoch=1282 loss=0.00032209 recon=0.00007259 beh=6.242160 w=0.000 lr=5.824e-04 time=0.168s
[RQ-VAE] epoch=1283 loss=0.00032097 recon=0.00007260 beh=6.238046 w=0.000 lr=5.820e-04 time=0.168s
[RQ-VAE] epoch=1284 loss=0.00032044 recon=0.00007257 beh=6.231830 w=0.000 lr=5.817e-04 time=0.168s
[RQ-VAE] epoch=1285 loss=0.00032245 recon=0.00007257 beh=6.240382 w=0.000 lr=5.814e-04 time=0.168s
[RQ-VAE] epoch=1286 loss=0.00032132 recon=0.00007262 beh=6.241118 w=0.000 lr=5.810e-04 time=0.168s
[RQ-VAE] epoch=1287 loss=0.00032197 recon=0.00007250 beh=6.236779 w=0.000 lr=5.807e-04 time=0.167s
[RQ-VAE] epoch=1288 loss=0.00032457 recon=0.00007280 beh=6.234216 w=0.000 lr=5.803e-04 time=0.168s
[RQ-VAE] epoch=1289 loss=0.00032232 recon=0.00007270 beh=6.241113 w=0.000 lr=5.800e-04 time=0.168s
[RQ-VAE] epoch=1290 loss=0.00032245 recon=0.00007255 beh=6.241553 w=0.000 lr=5.797e-04 time=0.168s
[RQ-VAE] epoch=1291 loss=0.00032277 recon=0.00007256 beh=6.240308 w=0.000 lr=5.793e-04 time=0.167s
[RQ-VAE] epoch=1292 loss=0.00032265 recon=0.00007248 beh=6.237652 w=0.000 lr=5.790e-04 time=0.169s
[RQ-VAE] epoch=1293 loss=0.00032160 recon=0.00007272 beh=6.241885 w=0.000 lr=5.786e-04 time=0.264s
[RQ-VAE] epoch=1294 loss=0.00032100 recon=0.00007272 beh=6.238758 w=0.000 lr=5.783e-04 time=0.168s
[RQ-VAE] epoch=1295 loss=0.00032402 recon=0.00007267 beh=6.240543 w=0.000 lr=5.780e-04 time=0.168s
[RQ-VAE] epoch=1296 loss=0.00032489 recon=0.00007253 beh=6.232992 w=0.000 lr=5.776e-04 time=0.168s
[RQ-VAE] epoch=1297 loss=0.00032373 recon=0.00007269 beh=6.239128 w=0.000 lr=5.773e-04 time=0.167s
[RQ-VAE] epoch=1298 loss=0.00032383 recon=0.00007277 beh=6.240872 w=0.000 lr=5.769e-04 time=0.168s
[RQ-VAE] epoch=1299 loss=0.00032373 recon=0.00007249 beh=6.229914 w=0.000 lr=5.766e-04 time=0.168s
[RQ-VAE] epoch=1300 loss=0.00032268 recon=0.00007259 lr=5.763e-04 raw_unique=20343/24587 collision=0.172612 time=0.169s
[RQ-VAE] epoch=1301 loss=0.00032259 recon=0.00007254 beh=6.244092 w=0.000 lr=5.759e-04 time=0.168s
[RQ-VAE] epoch=1302 loss=0.00032391 recon=0.00007265 beh=6.244061 w=0.000 lr=5.756e-04 time=0.168s
[RQ-VAE] epoch=1303 loss=0.00032272 recon=0.00007259 beh=6.238072 w=0.000 lr=5.753e-04 time=0.168s
[RQ-VAE] epoch=1304 loss=0.00032313 recon=0.00007256 beh=6.240801 w=0.000 lr=5.749e-04 time=0.169s
[RQ-VAE] epoch=1305 loss=0.00032296 recon=0.00007258 beh=6.231354 w=0.000 lr=5.746e-04 time=0.168s
[RQ-VAE] epoch=1306 loss=0.00032380 recon=0.00007265 beh=6.243083 w=0.000 lr=5.742e-04 time=0.168s
[RQ-VAE] epoch=1307 loss=0.00032340 recon=0.00007244 beh=6.233685 w=0.000 lr=5.739e-04 time=0.168s
[RQ-VAE] epoch=1308 loss=0.00032188 recon=0.00007245 beh=6.241098 w=0.000 lr=5.736e-04 time=0.168s
[RQ-VAE] epoch=1309 loss=0.00031996 recon=0.00007236 beh=6.234912 w=0.000 lr=5.732e-04 time=0.168s
[RQ-VAE] epoch=1310 loss=0.00032076 recon=0.00007243 beh=6.236578 w=0.000 lr=5.729e-04 time=0.168s
[RQ-VAE] epoch=1311 loss=0.00031935 recon=0.00007225 beh=6.238566 w=0.000 lr=5.725e-04 time=0.168s
[RQ-VAE] epoch=1312 loss=0.00032024 recon=0.00007239 beh=6.242909 w=0.000 lr=5.722e-04 time=0.168s
[RQ-VAE] epoch=1313 loss=0.00032144 recon=0.00007240 beh=6.237983 w=0.000 lr=5.719e-04 time=0.168s
[RQ-VAE] epoch=1314 loss=0.00032155 recon=0.00007249 beh=6.235285 w=0.000 lr=5.715e-04 time=0.169s
[RQ-VAE] epoch=1315 loss=0.00032185 recon=0.00007243 beh=6.237040 w=0.000 lr=5.712e-04 time=0.168s
[RQ-VAE] epoch=1316 loss=0.00032085 recon=0.00007241 beh=6.236405 w=0.000 lr=5.708e-04 time=0.168s
[RQ-VAE] epoch=1317 loss=0.00032121 recon=0.00007247 beh=6.237671 w=0.000 lr=5.705e-04 time=0.167s
[RQ-VAE] epoch=1318 loss=0.00032117 recon=0.00007240 beh=6.236746 w=0.000 lr=5.702e-04 time=0.168s
[RQ-VAE] epoch=1319 loss=0.00032213 recon=0.00007246 beh=6.232857 w=0.000 lr=5.698e-04 time=0.168s
[RQ-VAE] epoch=1320 loss=0.00032221 recon=0.00007237 beh=6.233950 w=0.000 lr=5.695e-04 time=0.168s
[RQ-VAE] epoch=1321 loss=0.00032158 recon=0.00007225 beh=6.242390 w=0.000 lr=5.692e-04 time=0.169s
[RQ-VAE] epoch=1322 loss=0.00032410 recon=0.00007245 beh=6.232967 w=0.000 lr=5.688e-04 time=0.262s
[RQ-VAE] epoch=1323 loss=0.00032437 recon=0.00007228 beh=6.235707 w=0.000 lr=5.685e-04 time=0.169s
[RQ-VAE] epoch=1324 loss=0.00032366 recon=0.00007216 beh=6.242896 w=0.000 lr=5.681e-04 time=0.168s
[RQ-VAE] epoch=1325 loss=0.00032134 recon=0.00007211 beh=6.245270 w=0.000 lr=5.678e-04 time=0.168s
[RQ-VAE] epoch=1326 loss=0.00032200 recon=0.00007234 beh=6.233593 w=0.000 lr=5.675e-04 time=0.168s
[RQ-VAE] epoch=1327 loss=0.00032188 recon=0.00007215 beh=6.234493 w=0.000 lr=5.671e-04 time=0.172s
[RQ-VAE] epoch=1328 loss=0.00032114 recon=0.00007202 beh=6.236084 w=0.000 lr=5.668e-04 time=0.171s
[RQ-VAE] epoch=1329 loss=0.00031969 recon=0.00007215 beh=6.238761 w=0.000 lr=5.664e-04 time=0.169s
[RQ-VAE] epoch=1330 loss=0.00032041 recon=0.00007213 beh=6.236833 w=0.000 lr=5.661e-04 time=0.17s
[RQ-VAE] epoch=1331 loss=0.00032095 recon=0.00007213 beh=6.240517 w=0.000 lr=5.658e-04 time=0.169s
[RQ-VAE] epoch=1332 loss=0.00032073 recon=0.00007237 beh=6.244208 w=0.000 lr=5.654e-04 time=0.169s
[RQ-VAE] epoch=1333 loss=0.00032010 recon=0.00007241 beh=6.243571 w=0.000 lr=5.651e-04 time=0.17s
[RQ-VAE] epoch=1334 loss=0.00032013 recon=0.00007198 beh=6.238134 w=0.000 lr=5.647e-04 time=0.17s
[RQ-VAE] epoch=1335 loss=0.00032080 recon=0.00007213 beh=6.239339 w=0.000 lr=5.644e-04 time=0.168s
[RQ-VAE] epoch=1336 loss=0.00031972 recon=0.00007211 beh=6.241724 w=0.000 lr=5.641e-04 time=0.169s
[RQ-VAE] epoch=1337 loss=0.00031899 recon=0.00007189 beh=6.235527 w=0.000 lr=5.637e-04 time=0.169s
[RQ-VAE] epoch=1338 loss=0.00031912 recon=0.00007185 beh=6.241284 w=0.000 lr=5.634e-04 time=0.17s
[RQ-VAE] epoch=1339 loss=0.00031982 recon=0.00007207 beh=6.241683 w=0.000 lr=5.631e-04 time=0.169s
[RQ-VAE] epoch=1340 loss=0.00031880 recon=0.00007195 beh=6.237100 w=0.000 lr=5.627e-04 time=0.17s
[RQ-VAE] epoch=1341 loss=0.00031881 recon=0.00007202 beh=6.234233 w=0.000 lr=5.624e-04 time=0.17s
[RQ-VAE] epoch=1342 loss=0.00031970 recon=0.00007188 beh=6.240253 w=0.000 lr=5.620e-04 time=0.285s
[RQ-VAE] epoch=1343 loss=0.00031677 recon=0.00007192 beh=6.240188 w=0.000 lr=5.617e-04 time=0.17s
[RQ-VAE] epoch=1344 loss=0.00031729 recon=0.00007208 beh=6.241707 w=0.000 lr=5.614e-04 time=0.169s
[RQ-VAE] epoch=1345 loss=0.00031873 recon=0.00007201 beh=6.249382 w=0.000 lr=5.610e-04 time=0.169s
[RQ-VAE] epoch=1346 loss=0.00031833 recon=0.00007193 beh=6.238807 w=0.000 lr=5.607e-04 time=0.169s
[RQ-VAE] epoch=1347 loss=0.00031860 recon=0.00007192 beh=6.241615 w=0.000 lr=5.603e-04 time=0.169s
[RQ-VAE] epoch=1348 loss=0.00031755 recon=0.00007201 beh=6.239717 w=0.000 lr=5.600e-04 time=0.169s
[RQ-VAE] epoch=1349 loss=0.00031929 recon=0.00007197 beh=6.232281 w=0.000 lr=5.597e-04 time=0.169s
[RQ-VAE] epoch=1350 loss=0.00031934 recon=0.00007208 lr=5.593e-04 raw_unique=20349/24587 collision=0.172368 time=0.168s
[RQ-VAE] epoch=1351 loss=0.00031841 recon=0.00007205 beh=6.243778 w=0.000 lr=5.590e-04 time=0.17s
[RQ-VAE] epoch=1352 loss=0.00031715 recon=0.00007195 beh=6.234664 w=0.000 lr=5.586e-04 time=0.168s
[RQ-VAE] epoch=1353 loss=0.00031913 recon=0.00007182 beh=6.237587 w=0.000 lr=5.583e-04 time=0.168s
[RQ-VAE] epoch=1354 loss=0.00031662 recon=0.00007192 beh=6.241164 w=0.000 lr=5.580e-04 time=0.169s
[RQ-VAE] epoch=1355 loss=0.00031831 recon=0.00007192 beh=6.241177 w=0.000 lr=5.576e-04 time=0.169s
[RQ-VAE] epoch=1356 loss=0.00031958 recon=0.00007199 beh=6.241346 w=0.000 lr=5.573e-04 time=0.168s
[RQ-VAE] epoch=1357 loss=0.00031917 recon=0.00007185 beh=6.243821 w=0.000 lr=5.569e-04 time=0.263s
[RQ-VAE] epoch=1358 loss=0.00031872 recon=0.00007191 beh=6.240968 w=0.000 lr=5.566e-04 time=0.168s
[RQ-VAE] epoch=1359 loss=0.00032037 recon=0.00007177 beh=6.249556 w=0.000 lr=5.563e-04 time=0.168s
[RQ-VAE] epoch=1360 loss=0.00032056 recon=0.00007184 beh=6.237326 w=0.000 lr=5.559e-04 time=0.169s
[RQ-VAE] epoch=1361 loss=0.00031997 recon=0.00007195 beh=6.236423 w=0.000 lr=5.556e-04 time=0.17s
[RQ-VAE] epoch=1362 loss=0.00031867 recon=0.00007190 beh=6.245833 w=0.000 lr=5.553e-04 time=0.17s
[RQ-VAE] epoch=1363 loss=0.00031893 recon=0.00007184 beh=6.239025 w=0.000 lr=5.549e-04 time=0.17s
[RQ-VAE] epoch=1364 loss=0.00031971 recon=0.00007180 beh=6.239572 w=0.000 lr=5.546e-04 time=0.169s
[RQ-VAE] epoch=1365 loss=0.00032143 recon=0.00007171 beh=6.242630 w=0.000 lr=5.542e-04 time=0.168s
[RQ-VAE] epoch=1366 loss=0.00032059 recon=0.00007188 beh=6.242884 w=0.000 lr=5.539e-04 time=0.169s
[RQ-VAE] epoch=1367 loss=0.00031857 recon=0.00007189 beh=6.238035 w=0.000 lr=5.536e-04 time=0.169s
[RQ-VAE] epoch=1368 loss=0.00031933 recon=0.00007183 beh=6.244431 w=0.000 lr=5.532e-04 time=0.17s
[RQ-VAE] epoch=1369 loss=0.00032109 recon=0.00007185 beh=6.235736 w=0.000 lr=5.529e-04 time=0.17s
[RQ-VAE] epoch=1370 loss=0.00031957 recon=0.00007176 beh=6.237573 w=0.000 lr=5.525e-04 time=0.169s
[RQ-VAE] epoch=1371 loss=0.00031975 recon=0.00007184 beh=6.235618 w=0.000 lr=5.522e-04 time=0.17s
[RQ-VAE] epoch=1372 loss=0.00032029 recon=0.00007189 beh=6.238575 w=0.000 lr=5.519e-04 time=0.168s
[RQ-VAE] epoch=1373 loss=0.00032054 recon=0.00007179 beh=6.234472 w=0.000 lr=5.515e-04 time=0.169s
[RQ-VAE] epoch=1374 loss=0.00032082 recon=0.00007175 beh=6.245548 w=0.000 lr=5.512e-04 time=0.169s
[RQ-VAE] epoch=1375 loss=0.00032201 recon=0.00007174 beh=6.238112 w=0.000 lr=5.508e-04 time=0.17s
[RQ-VAE] epoch=1376 loss=0.00032107 recon=0.00007192 beh=6.237331 w=0.000 lr=5.505e-04 time=0.169s
[RQ-VAE] epoch=1377 loss=0.00032038 recon=0.00007171 beh=6.240998 w=0.000 lr=5.502e-04 time=0.17s
[RQ-VAE] epoch=1378 loss=0.00032032 recon=0.00007187 beh=6.240808 w=0.000 lr=5.498e-04 time=0.169s
[RQ-VAE] epoch=1379 loss=0.00032190 recon=0.00007208 beh=6.238267 w=0.000 lr=5.495e-04 time=0.169s
[RQ-VAE] epoch=1380 loss=0.00032165 recon=0.00007182 beh=6.238044 w=0.000 lr=5.492e-04 time=0.169s
[RQ-VAE] epoch=1381 loss=0.00032293 recon=0.00007172 beh=6.240445 w=0.000 lr=5.488e-04 time=0.169s
[RQ-VAE] epoch=1382 loss=0.00032344 recon=0.00007185 beh=6.232419 w=0.000 lr=5.485e-04 time=0.169s
[RQ-VAE] epoch=1383 loss=0.00032365 recon=0.00007172 beh=6.241547 w=0.000 lr=5.481e-04 time=0.169s
[RQ-VAE] epoch=1384 loss=0.00032244 recon=0.00007169 beh=6.235271 w=0.000 lr=5.478e-04 time=0.168s
[RQ-VAE] epoch=1385 loss=0.00032058 recon=0.00007177 beh=6.241101 w=0.000 lr=5.475e-04 time=0.17s
[RQ-VAE] epoch=1386 loss=0.00032246 recon=0.00007192 beh=6.239212 w=0.000 lr=5.471e-04 time=0.169s
[RQ-VAE] epoch=1387 loss=0.00032325 recon=0.00007202 beh=6.237386 w=0.000 lr=5.468e-04 time=0.169s
[RQ-VAE] epoch=1388 loss=0.00032450 recon=0.00007179 beh=6.236819 w=0.000 lr=5.464e-04 time=0.168s
[RQ-VAE] epoch=1389 loss=0.00032264 recon=0.00007185 beh=6.234221 w=0.000 lr=5.461e-04 time=0.17s
[RQ-VAE] epoch=1390 loss=0.00032481 recon=0.00007188 beh=6.241229 w=0.000 lr=5.458e-04 time=0.169s
[RQ-VAE] epoch=1391 loss=0.00032259 recon=0.00007165 beh=6.237350 w=0.000 lr=5.454e-04 time=0.169s
[RQ-VAE] epoch=1392 loss=0.00032203 recon=0.00007185 beh=6.238525 w=0.000 lr=5.451e-04 time=0.168s
[RQ-VAE] epoch=1393 loss=0.00032285 recon=0.00007179 beh=6.238183 w=0.000 lr=5.447e-04 time=0.17s
[RQ-VAE] epoch=1394 loss=0.00032218 recon=0.00007193 beh=6.240129 w=0.000 lr=5.444e-04 time=0.17s
[RQ-VAE] epoch=1395 loss=0.00032303 recon=0.00007182 beh=6.238807 w=0.000 lr=5.441e-04 time=0.168s
[RQ-VAE] epoch=1396 loss=0.00032403 recon=0.00007181 beh=6.239841 w=0.000 lr=5.437e-04 time=0.17s
[RQ-VAE] epoch=1397 loss=0.00032287 recon=0.00007175 beh=6.243816 w=0.000 lr=5.434e-04 time=0.169s
[RQ-VAE] epoch=1398 loss=0.00032105 recon=0.00007178 beh=6.234351 w=0.000 lr=5.431e-04 time=0.17s
[RQ-VAE] epoch=1399 loss=0.00032164 recon=0.00007159 beh=6.243506 w=0.000 lr=5.427e-04 time=0.17s
[RQ-VAE] epoch=1400 loss=0.00032334 recon=0.00007171 lr=5.424e-04 raw_unique=20325/24587 collision=0.173344 time=0.17s
[RQ-VAE] epoch=1401 loss=0.00032247 recon=0.00007177 beh=6.246443 w=0.000 lr=5.420e-04 time=0.17s
[RQ-VAE] epoch=1402 loss=0.00032144 recon=0.00007182 beh=6.239841 w=0.000 lr=5.417e-04 time=0.17s
[RQ-VAE] epoch=1403 loss=0.00032061 recon=0.00007170 beh=6.235972 w=0.000 lr=5.414e-04 time=0.169s
[RQ-VAE] epoch=1404 loss=0.00032065 recon=0.00007180 beh=6.239954 w=0.000 lr=5.410e-04 time=0.17s
[RQ-VAE] epoch=1405 loss=0.00032121 recon=0.00007174 beh=6.236390 w=0.000 lr=5.407e-04 time=0.169s
[RQ-VAE] epoch=1406 loss=0.00032277 recon=0.00007153 beh=6.240112 w=0.000 lr=5.403e-04 time=0.169s
[RQ-VAE] epoch=1407 loss=0.00032183 recon=0.00007165 beh=6.237411 w=0.000 lr=5.400e-04 time=0.17s
[RQ-VAE] epoch=1408 loss=0.00032123 recon=0.00007173 beh=6.241689 w=0.000 lr=5.397e-04 time=0.169s
[RQ-VAE] epoch=1409 loss=0.00032313 recon=0.00007195 beh=6.241216 w=0.000 lr=5.393e-04 time=0.17s
[RQ-VAE] epoch=1410 loss=0.00032369 recon=0.00007172 beh=6.237683 w=0.000 lr=5.390e-04 time=0.17s
[RQ-VAE] epoch=1411 loss=0.00032245 recon=0.00007179 beh=6.241832 w=0.000 lr=5.386e-04 time=0.171s
[RQ-VAE] epoch=1412 loss=0.00032475 recon=0.00007170 beh=6.234403 w=0.000 lr=5.383e-04 time=0.169s
[RQ-VAE] epoch=1413 loss=0.00032364 recon=0.00007175 beh=6.243492 w=0.000 lr=5.380e-04 time=0.263s
[RQ-VAE] epoch=1414 loss=0.00032124 recon=0.00007180 beh=6.247489 w=0.000 lr=5.376e-04 time=0.169s
[RQ-VAE] epoch=1415 loss=0.00032248 recon=0.00007176 beh=6.242119 w=0.000 lr=5.373e-04 time=0.17s
[RQ-VAE] epoch=1416 loss=0.00032368 recon=0.00007177 beh=6.244012 w=0.000 lr=5.369e-04 time=0.17s
[RQ-VAE] epoch=1417 loss=0.00032311 recon=0.00007169 beh=6.238547 w=0.000 lr=5.366e-04 time=0.169s
[RQ-VAE] epoch=1418 loss=0.00032245 recon=0.00007165 beh=6.236277 w=0.000 lr=5.363e-04 time=0.169s
[RQ-VAE] epoch=1419 loss=0.00032285 recon=0.00007164 beh=6.240939 w=0.000 lr=5.359e-04 time=0.169s
[RQ-VAE] epoch=1420 loss=0.00032517 recon=0.00007160 beh=6.244464 w=0.000 lr=5.356e-04 time=0.169s
[RQ-VAE] epoch=1421 loss=0.00032303 recon=0.00007176 beh=6.234472 w=0.000 lr=5.353e-04 time=0.17s
[RQ-VAE] epoch=1422 loss=0.00032213 recon=0.00007180 beh=6.238998 w=0.000 lr=5.349e-04 time=0.17s
[RQ-VAE] epoch=1423 loss=0.00032230 recon=0.00007172 beh=6.240475 w=0.000 lr=5.346e-04 time=0.17s
[RQ-VAE] epoch=1424 loss=0.00032308 recon=0.00007175 beh=6.239400 w=0.000 lr=5.342e-04 time=0.17s
[RQ-VAE] epoch=1425 loss=0.00032203 recon=0.00007167 beh=6.241933 w=0.000 lr=5.339e-04 time=0.169s
[RQ-VAE] epoch=1426 loss=0.00032076 recon=0.00007164 beh=6.238479 w=0.000 lr=5.336e-04 time=0.169s
[RQ-VAE] epoch=1427 loss=0.00032099 recon=0.00007172 beh=6.241558 w=0.000 lr=5.332e-04 time=0.169s
[RQ-VAE] epoch=1428 loss=0.00032045 recon=0.00007169 beh=6.235434 w=0.000 lr=5.329e-04 time=0.17s
[RQ-VAE] epoch=1429 loss=0.00032082 recon=0.00007170 beh=6.245868 w=0.000 lr=5.325e-04 time=0.169s
[RQ-VAE] epoch=1430 loss=0.00032161 recon=0.00007166 beh=6.239469 w=0.000 lr=5.322e-04 time=0.17s
[RQ-VAE] epoch=1431 loss=0.00032100 recon=0.00007165 beh=6.234161 w=0.000 lr=5.319e-04 time=0.169s
[RQ-VAE] epoch=1432 loss=0.00031970 recon=0.00007178 beh=6.245282 w=0.000 lr=5.315e-04 time=0.17s
[RQ-VAE] epoch=1433 loss=0.00032019 recon=0.00007160 beh=6.234842 w=0.000 lr=5.312e-04 time=0.17s
[RQ-VAE] epoch=1434 loss=0.00032093 recon=0.00007178 beh=6.242979 w=0.000 lr=5.308e-04 time=0.169s
[RQ-VAE] epoch=1435 loss=0.00032123 recon=0.00007164 beh=6.235856 w=0.000 lr=5.305e-04 time=0.17s
[RQ-VAE] epoch=1436 loss=0.00032156 recon=0.00007171 beh=6.241915 w=0.000 lr=5.302e-04 time=0.166s
[RQ-VAE] epoch=1437 loss=0.00032033 recon=0.00007170 beh=6.239077 w=0.000 lr=5.298e-04 time=0.179s
[RQ-VAE] epoch=1438 loss=0.00032137 recon=0.00007148 beh=6.238300 w=0.000 lr=5.295e-04 time=0.177s
[RQ-VAE] epoch=1439 loss=0.00032120 recon=0.00007159 beh=6.243660 w=0.000 lr=5.292e-04 time=0.177s
[RQ-VAE] epoch=1440 loss=0.00032006 recon=0.00007154 beh=6.243304 w=0.000 lr=5.288e-04 time=0.175s
[RQ-VAE] epoch=1441 loss=0.00031961 recon=0.00007172 beh=6.235463 w=0.000 lr=5.285e-04 time=0.173s
[RQ-VAE] epoch=1442 loss=0.00032252 recon=0.00007187 beh=6.240370 w=0.000 lr=5.281e-04 time=0.285s
[RQ-VAE] epoch=1443 loss=0.00032106 recon=0.00007152 beh=6.244837 w=0.000 lr=5.278e-04 time=0.17s
[RQ-VAE] epoch=1444 loss=0.00032060 recon=0.00007145 beh=6.240736 w=0.000 lr=5.275e-04 time=0.172s
[RQ-VAE] epoch=1445 loss=0.00032150 recon=0.00007164 beh=6.238106 w=0.000 lr=5.271e-04 time=0.168s
[RQ-VAE] epoch=1446 loss=0.00032141 recon=0.00007163 beh=6.234012 w=0.000 lr=5.268e-04 time=0.167s
[RQ-VAE] epoch=1447 loss=0.00031998 recon=0.00007150 beh=6.238932 w=0.000 lr=5.264e-04 time=0.168s
[RQ-VAE] epoch=1448 loss=0.00031949 recon=0.00007144 beh=6.235441 w=0.000 lr=5.261e-04 time=0.166s
[RQ-VAE] epoch=1449 loss=0.00031870 recon=0.00007139 beh=6.238649 w=0.000 lr=5.258e-04 time=0.168s
[RQ-VAE] epoch=1450 loss=0.00031996 recon=0.00007139 lr=5.254e-04 raw_unique=20364/24587 collision=0.171757 time=0.168s
[RQ-VAE] epoch=1451 loss=0.00032117 recon=0.00007147 beh=6.240746 w=0.000 lr=5.251e-04 time=0.168s
[RQ-VAE] epoch=1452 loss=0.00032058 recon=0.00007151 beh=6.243361 w=0.000 lr=5.247e-04 time=0.168s
[RQ-VAE] epoch=1453 loss=0.00031935 recon=0.00007152 beh=6.235439 w=0.000 lr=5.244e-04 time=0.167s
[RQ-VAE] epoch=1454 loss=0.00032093 recon=0.00007140 beh=6.239100 w=0.000 lr=5.241e-04 time=0.167s
[RQ-VAE] epoch=1455 loss=0.00032225 recon=0.00007152 beh=6.235644 w=0.000 lr=5.237e-04 time=0.167s
[RQ-VAE] epoch=1456 loss=0.00032148 recon=0.00007150 beh=6.245461 w=0.000 lr=5.234e-04 time=0.168s
[RQ-VAE] epoch=1457 loss=0.00032074 recon=0.00007153 beh=6.242608 w=0.000 lr=5.231e-04 time=0.167s
[RQ-VAE] epoch=1458 loss=0.00032079 recon=0.00007124 beh=6.238204 w=0.000 lr=5.227e-04 time=0.168s
[RQ-VAE] epoch=1459 loss=0.00032039 recon=0.00007137 beh=6.238173 w=0.000 lr=5.224e-04 time=0.168s
[RQ-VAE] epoch=1460 loss=0.00032150 recon=0.00007139 beh=6.245214 w=0.000 lr=5.220e-04 time=0.168s
[RQ-VAE] epoch=1461 loss=0.00032008 recon=0.00007138 beh=6.242990 w=0.000 lr=5.217e-04 time=0.167s
[RQ-VAE] epoch=1462 loss=0.00031971 recon=0.00007134 beh=6.236061 w=0.000 lr=5.214e-04 time=0.26s
[RQ-VAE] epoch=1463 loss=0.00032063 recon=0.00007140 beh=6.241824 w=0.000 lr=5.210e-04 time=0.167s
[RQ-VAE] epoch=1464 loss=0.00032065 recon=0.00007144 beh=6.241067 w=0.000 lr=5.207e-04 time=0.168s
[RQ-VAE] epoch=1465 loss=0.00032216 recon=0.00007144 beh=6.240326 w=0.000 lr=5.203e-04 time=0.168s
[RQ-VAE] epoch=1466 loss=0.00032109 recon=0.00007120 beh=6.239554 w=0.000 lr=5.200e-04 time=0.17s
[RQ-VAE] epoch=1467 loss=0.00032044 recon=0.00007140 beh=6.241505 w=0.000 lr=5.197e-04 time=0.168s
[RQ-VAE] epoch=1468 loss=0.00032071 recon=0.00007140 beh=6.241828 w=0.000 lr=5.193e-04 time=0.168s
[RQ-VAE] epoch=1469 loss=0.00032126 recon=0.00007137 beh=6.239895 w=0.000 lr=5.190e-04 time=0.169s
[RQ-VAE] epoch=1470 loss=0.00032165 recon=0.00007123 beh=6.242587 w=0.000 lr=5.186e-04 time=0.167s
[RQ-VAE] epoch=1471 loss=0.00032041 recon=0.00007127 beh=6.236324 w=0.000 lr=5.183e-04 time=0.166s
[RQ-VAE] epoch=1472 loss=0.00031952 recon=0.00007147 beh=6.237260 w=0.000 lr=5.180e-04 time=0.165s
[RQ-VAE] epoch=1473 loss=0.00032033 recon=0.00007131 beh=6.233159 w=0.000 lr=5.176e-04 time=0.166s
[RQ-VAE] epoch=1474 loss=0.00032059 recon=0.00007125 beh=6.235975 w=0.000 lr=5.173e-04 time=0.166s
[RQ-VAE] epoch=1475 loss=0.00032237 recon=0.00007122 beh=6.234130 w=0.000 lr=5.169e-04 time=0.166s
[RQ-VAE] epoch=1476 loss=0.00032069 recon=0.00007126 beh=6.239343 w=0.000 lr=5.166e-04 time=0.165s
[RQ-VAE] epoch=1477 loss=0.00032002 recon=0.00007117 beh=6.243739 w=0.000 lr=5.163e-04 time=0.257s
[RQ-VAE] epoch=1478 loss=0.00032043 recon=0.00007126 beh=6.243803 w=0.000 lr=5.159e-04 time=0.165s
[RQ-VAE] epoch=1479 loss=0.00032130 recon=0.00007119 beh=6.244883 w=0.000 lr=5.156e-04 time=0.164s
[RQ-VAE] epoch=1480 loss=0.00032204 recon=0.00007108 beh=6.237916 w=0.000 lr=5.153e-04 time=0.166s
[RQ-VAE] epoch=1481 loss=0.00032117 recon=0.00007135 beh=6.243494 w=0.000 lr=5.149e-04 time=0.165s
[RQ-VAE] epoch=1482 loss=0.00032109 recon=0.00007122 beh=6.238691 w=0.000 lr=5.146e-04 time=0.165s
[RQ-VAE] epoch=1483 loss=0.00032057 recon=0.00007123 beh=6.239284 w=0.000 lr=5.142e-04 time=0.165s
[RQ-VAE] epoch=1484 loss=0.00032161 recon=0.00007137 beh=6.238544 w=0.000 lr=5.139e-04 time=0.165s
[RQ-VAE] epoch=1485 loss=0.00032119 recon=0.00007119 beh=6.241099 w=0.000 lr=5.136e-04 time=0.166s
[RQ-VAE] epoch=1486 loss=0.00032040 recon=0.00007121 beh=6.242321 w=0.000 lr=5.132e-04 time=0.165s
[RQ-VAE] epoch=1487 loss=0.00032045 recon=0.00007113 beh=6.244784 w=0.000 lr=5.129e-04 time=0.167s
[RQ-VAE] epoch=1488 loss=0.00031891 recon=0.00007126 beh=6.239068 w=0.000 lr=5.125e-04 time=0.165s
[RQ-VAE] epoch=1489 loss=0.00031934 recon=0.00007120 beh=6.245522 w=0.000 lr=5.122e-04 time=0.165s
[RQ-VAE] epoch=1490 loss=0.00031957 recon=0.00007112 beh=6.240809 w=0.000 lr=5.119e-04 time=0.164s
[RQ-VAE] epoch=1491 loss=0.00031845 recon=0.00007109 beh=6.236629 w=0.000 lr=5.115e-04 time=0.166s
[RQ-VAE] epoch=1492 loss=0.00031893 recon=0.00007108 beh=6.238593 w=0.000 lr=5.112e-04 time=0.165s
[RQ-VAE] epoch=1493 loss=0.00031879 recon=0.00007112 beh=6.233932 w=0.000 lr=5.108e-04 time=0.165s
[RQ-VAE] epoch=1494 loss=0.00031903 recon=0.00007123 beh=6.243299 w=0.000 lr=5.105e-04 time=0.165s
[RQ-VAE] epoch=1495 loss=0.00031989 recon=0.00007116 beh=6.236959 w=0.000 lr=5.102e-04 time=0.165s
[RQ-VAE] epoch=1496 loss=0.00032021 recon=0.00007121 beh=6.235622 w=0.000 lr=5.098e-04 time=0.164s
[RQ-VAE] epoch=1497 loss=0.00031857 recon=0.00007110 beh=6.240212 w=0.000 lr=5.095e-04 time=0.164s
[RQ-VAE] epoch=1498 loss=0.00031749 recon=0.00007110 beh=6.239686 w=0.000 lr=5.092e-04 time=0.166s
[RQ-VAE] epoch=1499 loss=0.00031934 recon=0.00007117 beh=6.240458 w=0.000 lr=5.088e-04 time=0.165s
[RQ-VAE] epoch=1500 loss=0.00032096 recon=0.00007103 lr=5.085e-04 raw_unique=20253/24587 collision=0.176272 time=0.167s
[RQ-VAE] epoch=1501 loss=0.00115355 recon=0.00007117 beh=6.228178 w=0.000 lr=5.081e-04 time=0.166s
[RQ-VAE] epoch=1502 loss=0.00197987 recon=0.00007231 beh=6.194101 w=0.000 lr=5.078e-04 time=0.169s
[RQ-VAE] epoch=1503 loss=0.00279985 recon=0.00007398 beh=6.177392 w=0.000 lr=5.075e-04 time=0.169s
[RQ-VAE] epoch=1504 loss=0.00362080 recon=0.00007559 beh=6.172077 w=0.001 lr=5.071e-04 time=0.169s
[RQ-VAE] epoch=1505 loss=0.00443990 recon=0.00007716 beh=6.168004 w=0.001 lr=5.068e-04 time=0.169s
[RQ-VAE] epoch=1506 loss=0.00524645 recon=0.00007833 beh=6.154421 w=0.001 lr=5.064e-04 time=0.169s
[RQ-VAE] epoch=1507 loss=0.00606350 recon=0.00007938 beh=6.150188 w=0.001 lr=5.061e-04 time=0.169s
[RQ-VAE] epoch=1508 loss=0.00687356 recon=0.00008091 beh=6.140607 w=0.001 lr=5.058e-04 time=0.169s
[RQ-VAE] epoch=1509 loss=0.00769111 recon=0.00008206 beh=6.141517 w=0.001 lr=5.054e-04 time=0.169s
[RQ-VAE] epoch=1510 loss=0.00849999 recon=0.00008409 beh=6.138249 w=0.001 lr=5.051e-04 time=0.169s
[RQ-VAE] epoch=1511 loss=0.00931147 recon=0.00008513 beh=6.131680 w=0.001 lr=5.047e-04 time=0.169s
[RQ-VAE] epoch=1512 loss=0.01011733 recon=0.00008562 beh=6.122095 w=0.002 lr=5.044e-04 time=0.169s
[RQ-VAE] epoch=1513 loss=0.01093216 recon=0.00008750 beh=6.119856 w=0.002 lr=5.041e-04 time=0.17s
[RQ-VAE] epoch=1514 loss=0.01172861 recon=0.00008797 beh=6.113977 w=0.002 lr=5.037e-04 time=0.169s
[RQ-VAE] epoch=1515 loss=0.01252128 recon=0.00008859 beh=6.104768 w=0.002 lr=5.034e-04 time=0.171s
[RQ-VAE] epoch=1516 loss=0.01334228 recon=0.00009009 beh=6.108338 w=0.002 lr=5.031e-04 time=0.17s
[RQ-VAE] epoch=1517 loss=0.01413088 recon=0.00009091 beh=6.094617 w=0.002 lr=5.027e-04 time=0.175s
[RQ-VAE] epoch=1518 loss=0.01493100 recon=0.00009178 beh=6.091197 w=0.002 lr=5.024e-04 time=0.17s
[RQ-VAE] epoch=1519 loss=0.01573716 recon=0.00009330 beh=6.091722 w=0.003 lr=5.020e-04 time=0.171s
[RQ-VAE] epoch=1520 loss=0.01653423 recon=0.00009520 beh=6.083619 w=0.003 lr=5.017e-04 time=0.176s
[RQ-VAE] epoch=1521 loss=0.01737599 recon=0.00009616 beh=6.094014 w=0.003 lr=5.014e-04 time=0.176s
[RQ-VAE] epoch=1522 loss=0.01813137 recon=0.00009642 beh=6.074691 w=0.003 lr=5.010e-04 time=0.17s
[RQ-VAE] epoch=1523 loss=0.01898387 recon=0.00009638 beh=6.089725 w=0.003 lr=5.007e-04 time=0.17s
[RQ-VAE] epoch=1524 loss=0.01978897 recon=0.00009838 beh=6.088038 w=0.003 lr=5.003e-04 time=0.17s
[RQ-VAE] epoch=1525 loss=0.02057556 recon=0.00009829 beh=6.078084 w=0.003 lr=5.000e-04 time=0.169s
[RQ-VAE] epoch=1526 loss=0.02136603 recon=0.00010013 beh=6.072832 w=0.003 lr=4.997e-04 time=0.169s
[RQ-VAE] epoch=1527 loss=0.02216808 recon=0.00010048 beh=6.072279 w=0.004 lr=4.993e-04 time=0.17s
[RQ-VAE] epoch=1528 loss=0.02297032 recon=0.00010102 beh=6.070799 w=0.004 lr=4.990e-04 time=0.169s
[RQ-VAE] epoch=1529 loss=0.02379701 recon=0.00010267 beh=6.072783 w=0.004 lr=4.986e-04 time=0.17s
[RQ-VAE] epoch=1530 loss=0.02463906 recon=0.00010333 beh=6.082192 w=0.004 lr=4.983e-04 time=0.169s
[RQ-VAE] epoch=1531 loss=0.02535900 recon=0.00010308 beh=6.061684 w=0.004 lr=4.980e-04 time=0.169s
[RQ-VAE] epoch=1532 loss=0.02621706 recon=0.00010394 beh=6.072569 w=0.004 lr=4.976e-04 time=0.17s
[RQ-VAE] epoch=1533 loss=0.02700777 recon=0.00010407 beh=6.068292 w=0.004 lr=4.973e-04 time=0.17s
[RQ-VAE] epoch=1534 loss=0.02778145 recon=0.00010663 beh=6.059726 w=0.005 lr=4.969e-04 time=0.267s
[RQ-VAE] epoch=1535 loss=0.02860082 recon=0.00010692 beh=6.062735 w=0.005 lr=4.966e-04 time=0.17s
[RQ-VAE] epoch=1536 loss=0.02942619 recon=0.00010568 beh=6.068182 w=0.005 lr=4.963e-04 time=0.169s
[RQ-VAE] epoch=1537 loss=0.03024217 recon=0.00010565 beh=6.069430 w=0.005 lr=4.959e-04 time=0.169s
[RQ-VAE] epoch=1538 loss=0.03101998 recon=0.00010529 beh=6.062378 w=0.005 lr=4.956e-04 time=0.17s
[RQ-VAE] epoch=1539 loss=0.03186447 recon=0.00010652 beh=6.070499 w=0.005 lr=4.953e-04 time=0.169s
[RQ-VAE] epoch=1540 loss=0.03267970 recon=0.00010784 beh=6.070299 w=0.005 lr=4.949e-04 time=0.169s
[RQ-VAE] epoch=1541 loss=0.03335936 recon=0.00010621 beh=6.045990 w=0.005 lr=4.946e-04 time=0.168s
[RQ-VAE] epoch=1542 loss=0.03420467 recon=0.00010867 beh=6.053653 w=0.006 lr=4.942e-04 time=0.168s
[RQ-VAE] epoch=1543 loss=0.03505874 recon=0.00011015 beh=6.061931 w=0.006 lr=4.939e-04 time=0.169s
[RQ-VAE] epoch=1544 loss=0.03583434 recon=0.00010932 beh=6.056283 w=0.006 lr=4.936e-04 time=0.17s
[RQ-VAE] epoch=1545 loss=0.03668014 recon=0.00011006 beh=6.063047 w=0.006 lr=4.932e-04 time=0.17s
[RQ-VAE] epoch=1546 loss=0.03742927 recon=0.00010900 beh=6.055086 w=0.006 lr=4.929e-04 time=0.171s
[RQ-VAE] epoch=1547 loss=0.03824563 recon=0.00011018 beh=6.056023 w=0.006 lr=4.925e-04 time=0.169s
[RQ-VAE] epoch=1548 loss=0.03901939 recon=0.00010964 beh=6.050510 w=0.006 lr=4.922e-04 time=0.17s
[RQ-VAE] epoch=1549 loss=0.03990114 recon=0.00010985 beh=6.061959 w=0.007 lr=4.919e-04 time=0.17s
[RQ-VAE] epoch=1550 loss=0.04067122 recon=0.00011163 lr=4.915e-04 raw_unique=20671/24587 collision=0.159271 time=0.17s
[RQ-VAE] epoch=1551 loss=0.04148044 recon=0.00011227 beh=6.056635 w=0.007 lr=4.912e-04 time=0.169s
[RQ-VAE] epoch=1552 loss=0.04220563 recon=0.00011212 beh=6.044468 w=0.007 lr=4.908e-04 time=0.168s
[RQ-VAE] epoch=1553 loss=0.04303567 recon=0.00011210 beh=6.048518 w=0.007 lr=4.905e-04 time=0.169s
[RQ-VAE] epoch=1554 loss=0.04388367 recon=0.00011147 beh=6.054501 w=0.007 lr=4.902e-04 time=0.169s
[RQ-VAE] epoch=1555 loss=0.04466772 recon=0.00011247 beh=6.052450 w=0.007 lr=4.898e-04 time=0.169s
[RQ-VAE] epoch=1556 loss=0.04548051 recon=0.00011286 beh=6.053298 w=0.007 lr=4.895e-04 time=0.169s
[RQ-VAE] epoch=1557 loss=0.04630835 recon=0.00011233 beh=6.055940 w=0.008 lr=4.892e-04 time=0.169s
[RQ-VAE] epoch=1558 loss=0.04711610 recon=0.00011175 beh=6.055540 w=0.008 lr=4.888e-04 time=0.168s
[RQ-VAE] epoch=1559 loss=0.04784447 recon=0.00011246 beh=6.045324 w=0.008 lr=4.885e-04 time=0.168s
[RQ-VAE] epoch=1560 loss=0.04868158 recon=0.00011378 beh=6.049737 w=0.008 lr=4.881e-04 time=0.17s
[RQ-VAE] epoch=1561 loss=0.04960622 recon=0.00011328 beh=6.064526 w=0.008 lr=4.878e-04 time=0.169s
[RQ-VAE] epoch=1562 loss=0.05029230 recon=0.00011463 beh=6.049722 w=0.008 lr=4.875e-04 time=0.168s
[RQ-VAE] epoch=1563 loss=0.05107909 recon=0.00011361 beh=6.047034 w=0.008 lr=4.871e-04 time=0.259s
[RQ-VAE] epoch=1564 loss=0.05192995 recon=0.00011552 beh=6.052524 w=0.009 lr=4.868e-04 time=0.169s
[RQ-VAE] epoch=1565 loss=0.05275212 recon=0.00011477 beh=6.054348 w=0.009 lr=4.864e-04 time=0.169s
[RQ-VAE] epoch=1566 loss=0.05350056 recon=0.00011544 beh=6.046867 w=0.009 lr=4.861e-04 time=0.17s
[RQ-VAE] epoch=1567 loss=0.05431217 recon=0.00011476 beh=6.047808 w=0.009 lr=4.858e-04 time=0.169s
[RQ-VAE] epoch=1568 loss=0.05516930 recon=0.00011512 beh=6.053485 w=0.009 lr=4.854e-04 time=0.168s
[RQ-VAE] epoch=1569 loss=0.05597330 recon=0.00011517 beh=6.053394 w=0.009 lr=4.851e-04 time=0.17s
[RQ-VAE] epoch=1570 loss=0.05673273 recon=0.00011521 beh=6.048162 w=0.009 lr=4.847e-04 time=0.169s
[RQ-VAE] epoch=1571 loss=0.05756732 recon=0.00011537 beh=6.051613 w=0.009 lr=4.844e-04 time=0.17s
[RQ-VAE] epoch=1572 loss=0.05834909 recon=0.00011667 beh=6.048600 w=0.010 lr=4.841e-04 time=0.169s
[RQ-VAE] epoch=1573 loss=0.05909181 recon=0.00011722 beh=6.042588 w=0.010 lr=4.837e-04 time=0.169s
[RQ-VAE] epoch=1574 loss=0.05991162 recon=0.00011699 beh=6.043553 w=0.010 lr=4.834e-04 time=0.17s
[RQ-VAE] epoch=1575 loss=0.06076994 recon=0.00011693 beh=6.049100 w=0.010 lr=4.831e-04 time=0.168s
[RQ-VAE] epoch=1576 loss=0.06168871 recon=0.00011692 beh=6.060192 w=0.010 lr=4.827e-04 time=0.17s
[RQ-VAE] epoch=1577 loss=0.06236003 recon=0.00011708 beh=6.046828 w=0.010 lr=4.824e-04 time=0.168s
[RQ-VAE] epoch=1578 loss=0.06321250 recon=0.00011763 beh=6.050776 w=0.010 lr=4.820e-04 time=0.17s
[RQ-VAE] epoch=1579 loss=0.06404022 recon=0.00011803 beh=6.053739 w=0.011 lr=4.817e-04 time=0.169s
[RQ-VAE] epoch=1580 loss=0.06470510 recon=0.00011872 beh=6.040756 w=0.011 lr=4.814e-04 time=0.17s
[RQ-VAE] epoch=1581 loss=0.06554088 recon=0.00011809 beh=6.043270 w=0.011 lr=4.810e-04 time=0.169s
[RQ-VAE] epoch=1582 loss=0.06633050 recon=0.00011665 beh=6.041864 w=0.011 lr=4.807e-04 time=0.263s
[RQ-VAE] epoch=1583 loss=0.06722064 recon=0.00011880 beh=6.049196 w=0.011 lr=4.803e-04 time=0.169s
[RQ-VAE] epoch=1584 loss=0.06788588 recon=0.00011921 beh=6.036275 w=0.011 lr=4.800e-04 time=0.169s
[RQ-VAE] epoch=1585 loss=0.06878914 recon=0.00011827 beh=6.045231 w=0.011 lr=4.797e-04 time=0.169s
[RQ-VAE] epoch=1586 loss=0.06959145 recon=0.00011915 beh=6.044726 w=0.011 lr=4.793e-04 time=0.169s
[RQ-VAE] epoch=1587 loss=0.07046703 recon=0.00011859 beh=6.050992 w=0.012 lr=4.790e-04 time=0.169s
[RQ-VAE] epoch=1588 loss=0.07122850 recon=0.00011802 beh=6.047202 w=0.012 lr=4.786e-04 time=0.169s
[RQ-VAE] epoch=1589 loss=0.07190353 recon=0.00012021 beh=6.036242 w=0.012 lr=4.783e-04 time=0.169s
[RQ-VAE] epoch=1590 loss=0.07273832 recon=0.00011984 beh=6.038981 w=0.012 lr=4.780e-04 time=0.169s
[RQ-VAE] epoch=1591 loss=0.07368018 recon=0.00011977 beh=6.050292 w=0.012 lr=4.776e-04 time=0.17s
[RQ-VAE] epoch=1592 loss=0.07437906 recon=0.00012105 beh=6.041425 w=0.012 lr=4.773e-04 time=0.169s
[RQ-VAE] epoch=1593 loss=0.07519696 recon=0.00012043 beh=6.042186 w=0.012 lr=4.769e-04 time=0.17s
[RQ-VAE] epoch=1594 loss=0.07597481 recon=0.00012052 beh=6.039941 w=0.013 lr=4.766e-04 time=0.169s
[RQ-VAE] epoch=1595 loss=0.07684014 recon=0.00012143 beh=6.044845 w=0.013 lr=4.763e-04 time=0.169s
[RQ-VAE] epoch=1596 loss=0.07761283 recon=0.00012075 beh=6.041961 w=0.013 lr=4.759e-04 time=0.169s
[RQ-VAE] epoch=1597 loss=0.07839119 recon=0.00012141 beh=6.039592 w=0.013 lr=4.756e-04 time=0.263s
[RQ-VAE] epoch=1598 loss=0.07926635 recon=0.00012189 beh=6.045247 w=0.013 lr=4.753e-04 time=0.168s
[RQ-VAE] epoch=1599 loss=0.07993467 recon=0.00012057 beh=6.035091 w=0.013 lr=4.749e-04 time=0.168s
[RQ-VAE] epoch=1600 loss=0.08097403 recon=0.00012231 lr=4.746e-04 raw_unique=21681/24587 collision=0.118193 time=0.169s
[RQ-VAE] epoch=1601 loss=0.08165150 recon=0.00012179 beh=6.043531 w=0.013 lr=4.742e-04 time=0.168s
[RQ-VAE] epoch=1602 loss=0.08245139 recon=0.00012184 beh=6.042645 w=0.014 lr=4.739e-04 time=0.168s
[RQ-VAE] epoch=1603 loss=0.08318707 recon=0.00012351 beh=6.037814 w=0.014 lr=4.736e-04 time=0.168s
[RQ-VAE] epoch=1604 loss=0.08413187 recon=0.00012286 beh=6.048058 w=0.014 lr=4.732e-04 time=0.168s
[RQ-VAE] epoch=1605 loss=0.08485480 recon=0.00012192 beh=6.041845 w=0.014 lr=4.729e-04 time=0.168s
[RQ-VAE] epoch=1606 loss=0.08557360 recon=0.00012276 beh=6.035603 w=0.014 lr=4.725e-04 time=0.168s
[RQ-VAE] epoch=1607 loss=0.08645605 recon=0.00012252 beh=6.041431 w=0.014 lr=4.722e-04 time=0.168s
[RQ-VAE] epoch=1608 loss=0.08743202 recon=0.00012219 beh=6.053351 w=0.014 lr=4.719e-04 time=0.168s
[RQ-VAE] epoch=1609 loss=0.08799430 recon=0.00012234 beh=6.036000 w=0.015 lr=4.715e-04 time=0.168s
[RQ-VAE] epoch=1610 loss=0.08891304 recon=0.00012320 beh=6.044073 w=0.015 lr=4.712e-04 time=0.168s
[RQ-VAE] epoch=1611 loss=0.08967148 recon=0.00012243 beh=6.041220 w=0.015 lr=4.708e-04 time=0.169s
[RQ-VAE] epoch=1612 loss=0.09066951 recon=0.00012247 beh=6.053899 w=0.015 lr=4.705e-04 time=0.168s
[RQ-VAE] epoch=1613 loss=0.09129977 recon=0.00012202 beh=6.042125 w=0.015 lr=4.702e-04 time=0.169s
[RQ-VAE] epoch=1614 loss=0.09203777 recon=0.00012191 beh=6.037364 w=0.015 lr=4.698e-04 time=0.18s
[RQ-VAE] epoch=1615 loss=0.09285048 recon=0.00012351 beh=6.037820 w=0.015 lr=4.695e-04 time=0.187s
[RQ-VAE] epoch=1616 loss=0.09349434 recon=0.00012515 beh=6.027393 w=0.015 lr=4.692e-04 time=0.179s
[RQ-VAE] epoch=1617 loss=0.09450806 recon=0.00012393 beh=6.041174 w=0.016 lr=4.688e-04 time=0.174s
[RQ-VAE] epoch=1618 loss=0.09534375 recon=0.00012359 beh=6.042980 w=0.016 lr=4.685e-04 time=0.174s
[RQ-VAE] epoch=1619 loss=0.09602277 recon=0.00012365 beh=6.034945 w=0.016 lr=4.681e-04 time=0.173s
[RQ-VAE] epoch=1620 loss=0.09690614 recon=0.00012413 beh=6.039975 w=0.016 lr=4.678e-04 time=0.175s
[RQ-VAE] epoch=1621 loss=0.09777032 recon=0.00012307 beh=6.044105 w=0.016 lr=4.675e-04 time=0.172s
[RQ-VAE] epoch=1622 loss=0.09860846 recon=0.00012308 beh=6.045955 w=0.016 lr=4.671e-04 time=0.173s
[RQ-VAE] epoch=1623 loss=0.09940085 recon=0.00012346 beh=6.044854 w=0.016 lr=4.668e-04 time=0.174s
[RQ-VAE] epoch=1624 loss=0.10022958 recon=0.00012510 beh=6.046396 w=0.017 lr=4.664e-04 time=0.173s
[RQ-VAE] epoch=1625 loss=0.10084946 recon=0.00012438 beh=6.035384 w=0.017 lr=4.661e-04 time=0.175s
[RQ-VAE] epoch=1626 loss=0.10172546 recon=0.00012409 beh=6.039652 w=0.017 lr=4.658e-04 time=0.174s
[RQ-VAE] epoch=1627 loss=0.10260695 recon=0.00012395 beh=6.044344 w=0.017 lr=4.654e-04 time=0.172s
[RQ-VAE] epoch=1628 loss=0.10337883 recon=0.00012413 beh=6.042138 w=0.017 lr=4.651e-04 time=0.174s
[RQ-VAE] epoch=1629 loss=0.10417200 recon=0.00012560 beh=6.041363 w=0.017 lr=4.647e-04 time=0.174s
[RQ-VAE] epoch=1630 loss=0.10500789 recon=0.00012576 beh=6.042955 w=0.017 lr=4.644e-04 time=0.174s
[RQ-VAE] epoch=1631 loss=0.10567922 recon=0.00012358 beh=6.035268 w=0.017 lr=4.641e-04 time=0.174s
[RQ-VAE] epoch=1632 loss=0.10665140 recon=0.00012410 beh=6.044892 w=0.018 lr=4.637e-04 time=0.173s
[RQ-VAE] epoch=1633 loss=0.10726659 recon=0.00012479 beh=6.034251 w=0.018 lr=4.634e-04 time=0.173s
[RQ-VAE] epoch=1634 loss=0.10803374 recon=0.00012549 beh=6.031864 w=0.018 lr=4.631e-04 time=0.173s
[RQ-VAE] epoch=1635 loss=0.10892405 recon=0.00012569 beh=6.036617 w=0.018 lr=4.627e-04 time=0.173s
[RQ-VAE] epoch=1636 loss=0.10972476 recon=0.00012583 beh=6.036308 w=0.018 lr=4.624e-04 time=0.173s
[RQ-VAE] epoch=1637 loss=0.11046462 recon=0.00012504 beh=6.032969 w=0.018 lr=4.620e-04 time=0.173s
[RQ-VAE] epoch=1638 loss=0.11134133 recon=0.00012518 beh=6.036781 w=0.018 lr=4.617e-04 time=0.174s
[RQ-VAE] epoch=1639 loss=0.11220334 recon=0.00012490 beh=6.039769 w=0.019 lr=4.614e-04 time=0.174s
[RQ-VAE] epoch=1640 loss=0.11288940 recon=0.00012439 beh=6.033880 w=0.019 lr=4.610e-04 time=0.174s
[RQ-VAE] epoch=1641 loss=0.11386946 recon=0.00012484 beh=6.043186 w=0.019 lr=4.607e-04 time=0.174s
[RQ-VAE] epoch=1642 loss=0.11461903 recon=0.00012487 beh=6.040231 w=0.019 lr=4.603e-04 time=0.175s
[RQ-VAE] epoch=1643 loss=0.11563246 recon=0.00012505 beh=6.051274 w=0.019 lr=4.600e-04 time=0.174s
[RQ-VAE] epoch=1644 loss=0.11623798 recon=0.00012566 beh=6.040742 w=0.019 lr=4.597e-04 time=0.173s
[RQ-VAE] epoch=1645 loss=0.11680553 recon=0.00012625 beh=6.028287 w=0.019 lr=4.593e-04 time=0.173s
[RQ-VAE] epoch=1646 loss=0.11767022 recon=0.00012627 beh=6.031601 w=0.019 lr=4.590e-04 time=0.174s
[RQ-VAE] epoch=1647 loss=0.11850558 recon=0.00012591 beh=6.033106 w=0.020 lr=4.586e-04 time=0.174s
[RQ-VAE] epoch=1648 loss=0.11945173 recon=0.00012632 beh=6.039952 w=0.020 lr=4.583e-04 time=0.173s
[RQ-VAE] epoch=1649 loss=0.12026414 recon=0.00012610 beh=6.040478 w=0.020 lr=4.580e-04 time=0.174s
[RQ-VAE] epoch=1650 loss=0.12100095 recon=0.00012698 lr=4.576e-04 raw_unique=22131/24587 collision=0.099890 time=0.173s
[RQ-VAE] epoch=1651 loss=0.12183984 recon=0.00012556 beh=6.039169 w=0.020 lr=4.573e-04 time=0.174s
[RQ-VAE] epoch=1652 loss=0.12273327 recon=0.00012697 beh=6.043375 w=0.020 lr=4.569e-04 time=0.174s
[RQ-VAE] epoch=1653 loss=0.12347224 recon=0.00012794 beh=6.039978 w=0.020 lr=4.566e-04 time=0.175s
[RQ-VAE] epoch=1654 loss=0.12422745 recon=0.00012676 beh=6.037600 w=0.021 lr=4.563e-04 time=0.335s
[RQ-VAE] epoch=1655 loss=0.12490542 recon=0.00012609 beh=6.031497 w=0.021 lr=4.559e-04 time=0.174s
[RQ-VAE] epoch=1656 loss=0.12579660 recon=0.00012704 beh=6.035692 w=0.021 lr=4.556e-04 time=0.174s
[RQ-VAE] epoch=1657 loss=0.12656876 recon=0.00012675 beh=6.034018 w=0.021 lr=4.553e-04 time=0.175s
[RQ-VAE] epoch=1658 loss=0.12752527 recon=0.00012655 beh=6.041323 w=0.021 lr=4.549e-04 time=0.173s
[RQ-VAE] epoch=1659 loss=0.12818715 recon=0.00012733 beh=6.034654 w=0.021 lr=4.546e-04 time=0.173s
[RQ-VAE] epoch=1660 loss=0.12931204 recon=0.00012742 beh=6.049624 w=0.021 lr=4.542e-04 time=0.173s
[RQ-VAE] epoch=1661 loss=0.12977171 recon=0.00012743 beh=6.033500 w=0.021 lr=4.539e-04 time=0.173s
[RQ-VAE] epoch=1662 loss=0.13033108 recon=0.00012693 beh=6.022365 w=0.022 lr=4.536e-04 time=0.174s
[RQ-VAE] epoch=1663 loss=0.13143039 recon=0.00012793 beh=6.035879 w=0.022 lr=4.532e-04 time=0.174s
[RQ-VAE] epoch=1664 loss=0.13219678 recon=0.00012815 beh=6.034131 w=0.022 lr=4.529e-04 time=0.174s
[RQ-VAE] epoch=1665 loss=0.13292700 recon=0.00012781 beh=6.030785 w=0.022 lr=4.525e-04 time=0.174s
[RQ-VAE] epoch=1666 loss=0.13387823 recon=0.00012706 beh=6.037502 w=0.022 lr=4.522e-04 time=0.174s
[RQ-VAE] epoch=1667 loss=0.13457334 recon=0.00012686 beh=6.032685 w=0.022 lr=4.519e-04 time=0.173s
[RQ-VAE] epoch=1668 loss=0.13556492 recon=0.00012664 beh=6.041014 w=0.022 lr=4.515e-04 time=0.176s
[RQ-VAE] epoch=1669 loss=0.13619499 recon=0.00012696 beh=6.033197 w=0.023 lr=4.512e-04 time=0.174s
[RQ-VAE] epoch=1670 loss=0.13699065 recon=0.00012735 beh=6.032867 w=0.023 lr=4.508e-04 time=0.174s
[RQ-VAE] epoch=1671 loss=0.13797674 recon=0.00012737 beh=6.040828 w=0.023 lr=4.505e-04 time=0.174s
[RQ-VAE] epoch=1672 loss=0.13880725 recon=0.00012764 beh=6.041842 w=0.023 lr=4.502e-04 time=0.174s
[RQ-VAE] epoch=1673 loss=0.13923207 recon=0.00012788 beh=6.025313 w=0.023 lr=4.498e-04 time=0.174s
[RQ-VAE] epoch=1674 loss=0.14024138 recon=0.00012950 beh=6.034062 w=0.023 lr=4.495e-04 time=0.175s
[RQ-VAE] epoch=1675 loss=0.14116564 recon=0.00012929 beh=6.039189 w=0.023 lr=4.492e-04 time=0.174s
[RQ-VAE] epoch=1676 loss=0.14195462 recon=0.00012957 beh=6.038530 w=0.023 lr=4.488e-04 time=0.174s
[RQ-VAE] epoch=1677 loss=0.14263502 recon=0.00012983 beh=6.033276 w=0.024 lr=4.485e-04 time=0.174s
[RQ-VAE] epoch=1678 loss=0.14348614 recon=0.00012923 beh=6.035378 w=0.024 lr=4.481e-04 time=0.174s
[RQ-VAE] epoch=1679 loss=0.14432904 recon=0.00012973 beh=6.036978 w=0.024 lr=4.478e-04 time=0.175s
[RQ-VAE] epoch=1680 loss=0.14531313 recon=0.00012962 beh=6.044444 w=0.024 lr=4.475e-04 time=0.174s
[RQ-VAE] epoch=1681 loss=0.14588970 recon=0.00012917 beh=6.034982 w=0.024 lr=4.471e-04 time=0.174s
[RQ-VAE] epoch=1682 loss=0.14661707 recon=0.00012941 beh=6.031711 w=0.024 lr=4.468e-04 time=0.174s
[RQ-VAE] epoch=1683 loss=0.14728290 recon=0.00012933 beh=6.026153 w=0.024 lr=4.464e-04 time=0.329s
[RQ-VAE] epoch=1684 loss=0.14788768 recon=0.00012905 beh=6.017864 w=0.025 lr=4.461e-04 time=0.174s
[RQ-VAE] epoch=1685 loss=0.14900649 recon=0.00012968 beh=6.030839 w=0.025 lr=4.458e-04 time=0.174s
[RQ-VAE] epoch=1686 loss=0.15007168 recon=0.00012937 beh=6.041409 w=0.025 lr=4.454e-04 time=0.173s
[RQ-VAE] epoch=1687 loss=0.15077002 recon=0.00012870 beh=6.037116 w=0.025 lr=4.451e-04 time=0.173s
[RQ-VAE] epoch=1688 loss=0.15150273 recon=0.00012833 beh=6.034381 w=0.025 lr=4.447e-04 time=0.174s
[RQ-VAE] epoch=1689 loss=0.15225828 recon=0.00012822 beh=6.032365 w=0.025 lr=4.444e-04 time=0.173s
[RQ-VAE] epoch=1690 loss=0.15328652 recon=0.00012833 beh=6.041217 w=0.025 lr=4.441e-04 time=0.174s
[RQ-VAE] epoch=1691 loss=0.15395312 recon=0.00012914 beh=6.035723 w=0.025 lr=4.437e-04 time=0.174s
[RQ-VAE] epoch=1692 loss=0.15459824 recon=0.00012889 beh=6.029475 w=0.026 lr=4.434e-04 time=0.176s
[RQ-VAE] epoch=1693 loss=0.15554164 recon=0.00012988 beh=6.034729 w=0.026 lr=4.431e-04 time=0.173s
[RQ-VAE] epoch=1694 loss=0.15619190 recon=0.00013033 beh=6.028827 w=0.026 lr=4.427e-04 time=0.175s
[RQ-VAE] epoch=1695 loss=0.15727215 recon=0.00013035 beh=6.039439 w=0.026 lr=4.424e-04 time=0.174s
[RQ-VAE] epoch=1696 loss=0.15792888 recon=0.00012957 beh=6.033969 w=0.026 lr=4.420e-04 time=0.174s
[RQ-VAE] epoch=1697 loss=0.15866078 recon=0.00012945 beh=6.031175 w=0.026 lr=4.417e-04 time=0.174s
[RQ-VAE] epoch=1698 loss=0.15962289 recon=0.00012970 beh=6.037067 w=0.026 lr=4.414e-04 time=0.173s
[RQ-VAE] epoch=1699 loss=0.16024712 recon=0.00013058 beh=6.030244 w=0.027 lr=4.410e-04 time=0.174s
[RQ-VAE] epoch=1700 loss=0.16110225 recon=0.00013018 lr=4.407e-04 raw_unique=22115/24587 collision=0.100541 time=0.174s
[RQ-VAE] epoch=1701 loss=0.16200793 recon=0.00013004 beh=6.036001 w=0.027 lr=4.403e-04 time=0.174s
[RQ-VAE] epoch=1702 loss=0.16274086 recon=0.00013049 beh=6.033317 w=0.027 lr=4.400e-04 time=0.331s
[RQ-VAE] epoch=1703 loss=0.16355339 recon=0.00013068 beh=6.033747 w=0.027 lr=4.397e-04 time=0.175s
[RQ-VAE] epoch=1704 loss=0.16431545 recon=0.00013082 beh=6.032071 w=0.027 lr=4.393e-04 time=0.175s
[RQ-VAE] epoch=1705 loss=0.16536568 recon=0.00013142 beh=6.041169 w=0.027 lr=4.390e-04 time=0.174s
[RQ-VAE] epoch=1706 loss=0.16627279 recon=0.00013171 beh=6.044751 w=0.027 lr=4.386e-04 time=0.175s
[RQ-VAE] epoch=1707 loss=0.16689740 recon=0.00013091 beh=6.038198 w=0.028 lr=4.383e-04 time=0.174s
[RQ-VAE] epoch=1708 loss=0.16767815 recon=0.00013070 beh=6.037331 w=0.028 lr=4.380e-04 time=0.174s
[RQ-VAE] epoch=1709 loss=0.16843365 recon=0.00013106 beh=6.035500 w=0.028 lr=4.376e-04 time=0.174s
[RQ-VAE] epoch=1710 loss=0.16877796 recon=0.00013087 beh=6.019082 w=0.028 lr=4.373e-04 time=0.174s
[RQ-VAE] epoch=1711 loss=0.16991939 recon=0.00013093 beh=6.031240 w=0.028 lr=4.369e-04 time=0.174s
[RQ-VAE] epoch=1712 loss=0.17097905 recon=0.00013049 beh=6.040321 w=0.028 lr=4.366e-04 time=0.174s
[RQ-VAE] epoch=1713 loss=0.17165878 recon=0.00013155 beh=6.035864 w=0.028 lr=4.363e-04 time=0.174s
[RQ-VAE] epoch=1714 loss=0.17228916 recon=0.00013235 beh=6.029637 w=0.029 lr=4.359e-04 time=0.174s
[RQ-VAE] epoch=1715 loss=0.17316437 recon=0.00013098 beh=6.032094 w=0.029 lr=4.356e-04 time=0.174s
[RQ-VAE] epoch=1716 loss=0.17416644 recon=0.00013061 beh=6.039072 w=0.029 lr=4.353e-04 time=0.175s
[RQ-VAE] epoch=1717 loss=0.17511511 recon=0.00013239 beh=6.044029 w=0.029 lr=4.349e-04 time=0.331s
[RQ-VAE] epoch=1718 loss=0.17563890 recon=0.00013208 beh=6.034383 w=0.029 lr=4.346e-04 time=0.174s
[RQ-VAE] epoch=1719 loss=0.17639980 recon=0.00013083 beh=6.032886 w=0.029 lr=4.342e-04 time=0.173s
[RQ-VAE] epoch=1720 loss=0.17729944 recon=0.00013127 beh=6.036088 w=0.029 lr=4.339e-04 time=0.175s
[RQ-VAE] epoch=1721 loss=0.17785643 recon=0.00013265 beh=6.027744 w=0.029 lr=4.336e-04 time=0.175s
[RQ-VAE] epoch=1722 loss=0.17906475 recon=0.00013234 beh=6.041510 w=0.030 lr=4.332e-04 time=0.174s
[RQ-VAE] epoch=1723 loss=0.17973700 recon=0.00013223 beh=6.036935 w=0.030 lr=4.329e-04 time=0.175s
[RQ-VAE] epoch=1724 loss=0.18029793 recon=0.00013211 beh=6.028686 w=0.030 lr=4.325e-04 time=0.175s
[RQ-VAE] epoch=1725 loss=0.18092680 recon=0.00013202 beh=6.022928 w=0.030 lr=4.322e-04 time=0.175s
[RQ-VAE] epoch=1726 loss=0.18208554 recon=0.00013197 beh=6.034811 w=0.030 lr=4.319e-04 time=0.174s
[RQ-VAE] epoch=1727 loss=0.18315408 recon=0.00013162 beh=6.043519 w=0.030 lr=4.315e-04 time=0.174s
[RQ-VAE] epoch=1728 loss=0.18379430 recon=0.00013146 beh=6.038073 w=0.030 lr=4.312e-04 time=0.178s
[RQ-VAE] epoch=1729 loss=0.18419926 recon=0.00013168 beh=6.024908 w=0.031 lr=4.308e-04 time=0.175s
[RQ-VAE] epoch=1730 loss=0.18519695 recon=0.00013255 beh=6.031158 w=0.031 lr=4.305e-04 time=0.175s
[RQ-VAE] epoch=1731 loss=0.18598753 recon=0.00013340 beh=6.030794 w=0.031 lr=4.302e-04 time=0.176s
[RQ-VAE] epoch=1732 loss=0.18659431 recon=0.00013251 beh=6.024431 w=0.031 lr=4.298e-04 time=0.175s
[RQ-VAE] epoch=1733 loss=0.18774994 recon=0.00013288 beh=6.035813 w=0.031 lr=4.295e-04 time=0.176s
[RQ-VAE] epoch=1734 loss=0.18865395 recon=0.00013272 beh=6.038985 w=0.031 lr=4.292e-04 time=0.174s
[RQ-VAE] epoch=1735 loss=0.18919621 recon=0.00013235 beh=6.030595 w=0.031 lr=4.288e-04 time=0.18s
[RQ-VAE] epoch=1736 loss=0.18991217 recon=0.00013228 beh=6.027735 w=0.031 lr=4.285e-04 time=0.184s
[RQ-VAE] epoch=1737 loss=0.19062437 recon=0.00013244 beh=6.024934 w=0.032 lr=4.281e-04 time=0.175s
[RQ-VAE] epoch=1738 loss=0.19153726 recon=0.00013268 beh=6.028427 w=0.032 lr=4.278e-04 time=0.175s
[RQ-VAE] epoch=1739 loss=0.19268104 recon=0.00013348 beh=6.039114 w=0.032 lr=4.275e-04 time=0.181s
[RQ-VAE] epoch=1740 loss=0.19328758 recon=0.00013260 beh=6.032822 w=0.032 lr=4.271e-04 time=0.174s
[RQ-VAE] epoch=1741 loss=0.19396776 recon=0.00013157 beh=6.028998 w=0.032 lr=4.268e-04 time=0.175s
[RQ-VAE] epoch=1742 loss=0.19472203 recon=0.00013171 beh=6.027455 w=0.032 lr=4.264e-04 time=0.173s
[RQ-VAE] epoch=1743 loss=0.19535108 recon=0.00013260 beh=6.021984 w=0.032 lr=4.261e-04 time=0.179s
[RQ-VAE] epoch=1744 loss=0.19649136 recon=0.00013316 beh=6.032393 w=0.033 lr=4.258e-04 time=0.17s
[RQ-VAE] epoch=1745 loss=0.19740206 recon=0.00013354 beh=6.035659 w=0.033 lr=4.254e-04 time=0.167s
[RQ-VAE] epoch=1746 loss=0.19832098 recon=0.00013525 beh=6.039194 w=0.033 lr=4.251e-04 time=0.167s
[RQ-VAE] epoch=1747 loss=0.19859497 recon=0.00013359 beh=6.023183 w=0.033 lr=4.247e-04 time=0.167s
[RQ-VAE] epoch=1748 loss=0.19940177 recon=0.00013281 beh=6.023184 w=0.033 lr=4.244e-04 time=0.165s
[RQ-VAE] epoch=1749 loss=0.20027038 recon=0.00013305 beh=6.025099 w=0.033 lr=4.241e-04 time=0.166s
[RQ-VAE] epoch=1750 loss=0.20132118 recon=0.00013306 lr=4.237e-04 raw_unique=22544/24587 collision=0.083093 time=0.166s
[RQ-VAE] epoch=1751 loss=0.20208000 recon=0.00013233 beh=6.031219 w=0.033 lr=4.234e-04 time=0.166s
[RQ-VAE] epoch=1752 loss=0.20297319 recon=0.00013216 beh=6.033991 w=0.034 lr=4.231e-04 time=0.167s
[RQ-VAE] epoch=1753 loss=0.20336270 recon=0.00013333 beh=6.021617 w=0.034 lr=4.227e-04 time=0.167s
[RQ-VAE] epoch=1754 loss=0.20433176 recon=0.00013431 beh=6.026475 w=0.034 lr=4.224e-04 time=0.173s
[RQ-VAE] epoch=1755 loss=0.20525846 recon=0.00013370 beh=6.030065 w=0.034 lr=4.220e-04 time=0.168s
[RQ-VAE] epoch=1756 loss=0.20624295 recon=0.00013258 beh=6.035375 w=0.034 lr=4.217e-04 time=0.168s
[RQ-VAE] epoch=1757 loss=0.20709738 recon=0.00013253 beh=6.036905 w=0.034 lr=4.214e-04 time=0.166s
[RQ-VAE] epoch=1758 loss=0.20779282 recon=0.00013276 beh=6.033634 w=0.034 lr=4.210e-04 time=0.172s
[RQ-VAE] epoch=1759 loss=0.20847356 recon=0.00013237 beh=6.030162 w=0.035 lr=4.207e-04 time=0.165s
[RQ-VAE] epoch=1760 loss=0.20923626 recon=0.00013258 beh=6.028901 w=0.035 lr=4.203e-04 time=0.166s
[RQ-VAE] epoch=1761 loss=0.21013322 recon=0.00013256 beh=6.031552 w=0.035 lr=4.200e-04 time=0.165s
[RQ-VAE] epoch=1762 loss=0.21061054 recon=0.00013232 beh=6.022233 w=0.035 lr=4.197e-04 time=0.171s
[RQ-VAE] epoch=1763 loss=0.21154238 recon=0.00013276 beh=6.025895 w=0.035 lr=4.193e-04 time=0.167s
[RQ-VAE] epoch=1764 loss=0.21283209 recon=0.00013361 beh=6.039603 w=0.035 lr=4.190e-04 time=0.166s
[RQ-VAE] epoch=1765 loss=0.21319476 recon=0.00013357 beh=6.027058 w=0.035 lr=4.186e-04 time=0.166s
[RQ-VAE] epoch=1766 loss=0.21418685 recon=0.00013412 beh=6.032367 w=0.035 lr=4.183e-04 time=0.165s
[RQ-VAE] epoch=1767 loss=0.21464697 recon=0.00013457 beh=6.022740 w=0.036 lr=4.180e-04 time=0.165s
[RQ-VAE] epoch=1768 loss=0.21596855 recon=0.00013523 beh=6.037199 w=0.036 lr=4.176e-04 time=0.165s
[RQ-VAE] epoch=1769 loss=0.21648444 recon=0.00013558 beh=6.029162 w=0.036 lr=4.173e-04 time=0.168s
[RQ-VAE] epoch=1770 loss=0.21741629 recon=0.00013506 beh=6.032741 w=0.036 lr=4.169e-04 time=0.166s
[RQ-VAE] epoch=1771 loss=0.21838026 recon=0.00013421 beh=6.037200 w=0.036 lr=4.166e-04 time=0.167s
[RQ-VAE] epoch=1772 loss=0.21884866 recon=0.00013431 beh=6.027963 w=0.036 lr=4.163e-04 time=0.166s
[RQ-VAE] epoch=1773 loss=0.21986008 recon=0.00013454 beh=6.033644 w=0.036 lr=4.159e-04 time=0.165s
[RQ-VAE] epoch=1774 loss=0.22046170 recon=0.00013384 beh=6.028127 w=0.037 lr=4.156e-04 time=0.294s
[RQ-VAE] epoch=1775 loss=0.22158587 recon=0.00013431 beh=6.036886 w=0.037 lr=4.153e-04 time=0.17s
[RQ-VAE] epoch=1776 loss=0.22248286 recon=0.00013473 beh=6.039402 w=0.037 lr=4.149e-04 time=0.165s
[RQ-VAE] epoch=1777 loss=0.22288626 recon=0.00013421 beh=6.028532 w=0.037 lr=4.146e-04 time=0.168s
[RQ-VAE] epoch=1778 loss=0.22402562 recon=0.00013402 beh=6.037575 w=0.037 lr=4.142e-04 time=0.164s
[RQ-VAE] epoch=1779 loss=0.22480915 recon=0.00013469 beh=6.036951 w=0.037 lr=4.139e-04 time=0.166s
[RQ-VAE] epoch=1780 loss=0.22508883 recon=0.00013577 beh=6.022868 w=0.037 lr=4.136e-04 time=0.165s
[RQ-VAE] epoch=1781 loss=0.22598729 recon=0.00013486 beh=6.025445 w=0.037 lr=4.132e-04 time=0.166s
[RQ-VAE] epoch=1782 loss=0.22664692 recon=0.00013492 beh=6.021546 w=0.038 lr=4.129e-04 time=0.165s
[RQ-VAE] epoch=1783 loss=0.22735636 recon=0.00013437 beh=6.019089 w=0.038 lr=4.125e-04 time=0.164s
[RQ-VAE] epoch=1784 loss=0.22830528 recon=0.00013385 beh=6.022901 w=0.038 lr=4.122e-04 time=0.178s
[RQ-VAE] epoch=1785 loss=0.22942048 recon=0.00013384 beh=6.031211 w=0.038 lr=4.119e-04 time=0.166s
[RQ-VAE] epoch=1786 loss=0.23023881 recon=0.00013387 beh=6.031593 w=0.038 lr=4.115e-04 time=0.166s
[RQ-VAE] epoch=1787 loss=0.23079586 recon=0.00013385 beh=6.025157 w=0.038 lr=4.112e-04 time=0.165s
[RQ-VAE] epoch=1788 loss=0.23183572 recon=0.00013461 beh=6.031247 w=0.038 lr=4.108e-04 time=0.168s
[RQ-VAE] epoch=1789 loss=0.23260568 recon=0.00013520 beh=6.030432 w=0.039 lr=4.105e-04 time=0.164s
[RQ-VAE] epoch=1790 loss=0.23340608 recon=0.00013477 beh=6.030316 w=0.039 lr=4.102e-04 time=0.166s
[RQ-VAE] epoch=1791 loss=0.23437797 recon=0.00013536 beh=6.034657 w=0.039 lr=4.098e-04 time=0.164s
[RQ-VAE] epoch=1792 loss=0.23506609 recon=0.00013479 beh=6.031699 w=0.039 lr=4.095e-04 time=0.166s
[RQ-VAE] epoch=1793 loss=0.23580559 recon=0.00013469 beh=6.030102 w=0.039 lr=4.092e-04 time=0.166s
[RQ-VAE] epoch=1794 loss=0.23604375 recon=0.00013469 beh=6.015617 w=0.039 lr=4.088e-04 time=0.165s
[RQ-VAE] epoch=1795 loss=0.23754275 recon=0.00013560 beh=6.033312 w=0.039 lr=4.085e-04 time=0.165s
[RQ-VAE] epoch=1796 loss=0.23823512 recon=0.00013600 beh=6.030445 w=0.039 lr=4.081e-04 time=0.168s
[RQ-VAE] epoch=1797 loss=0.23894766 recon=0.00013458 beh=6.028201 w=0.040 lr=4.078e-04 time=0.166s
[RQ-VAE] epoch=1798 loss=0.23946011 recon=0.00013555 beh=6.020823 w=0.040 lr=4.075e-04 time=0.166s
[RQ-VAE] epoch=1799 loss=0.24078123 recon=0.00013582 beh=6.033825 w=0.040 lr=4.071e-04 time=0.165s
[RQ-VAE] epoch=1800 loss=0.24157347 recon=0.00013513 lr=4.068e-04 raw_unique=22568/24587 collision=0.082117 time=0.166s
[RQ-VAE] epoch=1801 loss=0.24215955 recon=0.00013506 beh=6.028125 w=0.040 lr=4.064e-04 time=0.166s
[RQ-VAE] epoch=1802 loss=0.24264690 recon=0.00013515 beh=6.020259 w=0.040 lr=4.061e-04 time=0.166s
[RQ-VAE] epoch=1803 loss=0.24372937 recon=0.00013518 beh=6.027201 w=0.040 lr=4.058e-04 time=0.292s
[RQ-VAE] epoch=1804 loss=0.24482892 recon=0.00013460 beh=6.034515 w=0.041 lr=4.054e-04 time=0.165s
[RQ-VAE] epoch=1805 loss=0.24517047 recon=0.00013610 beh=6.023100 w=0.041 lr=4.051e-04 time=0.166s
[RQ-VAE] epoch=1806 loss=0.24612489 recon=0.00013568 beh=6.026810 w=0.041 lr=4.047e-04 time=0.17s
[RQ-VAE] epoch=1807 loss=0.24689820 recon=0.00013551 beh=6.026098 w=0.041 lr=4.044e-04 time=0.166s
[RQ-VAE] epoch=1808 loss=0.24776034 recon=0.00013465 beh=6.027538 w=0.041 lr=4.041e-04 time=0.166s
[RQ-VAE] epoch=1809 loss=0.24850802 recon=0.00013569 beh=6.026136 w=0.041 lr=4.037e-04 time=0.167s
[RQ-VAE] epoch=1810 loss=0.24941753 recon=0.00013586 beh=6.028728 w=0.041 lr=4.034e-04 time=0.167s
[RQ-VAE] epoch=1811 loss=0.25045621 recon=0.00013609 beh=6.034464 w=0.041 lr=4.031e-04 time=0.166s
[RQ-VAE] epoch=1812 loss=0.25095516 recon=0.00013591 beh=6.027069 w=0.042 lr=4.027e-04 time=0.166s
[RQ-VAE] epoch=1813 loss=0.25194332 recon=0.00013665 beh=6.031464 w=0.042 lr=4.024e-04 time=0.165s
[RQ-VAE] epoch=1814 loss=0.25288528 recon=0.00013654 beh=6.034738 w=0.042 lr=4.020e-04 time=0.167s
[RQ-VAE] epoch=1815 loss=0.25341535 recon=0.00013645 beh=6.028185 w=0.042 lr=4.017e-04 time=0.165s
[RQ-VAE] epoch=1816 loss=0.25410578 recon=0.00013592 beh=6.025507 w=0.042 lr=4.014e-04 time=0.167s
[RQ-VAE] epoch=1817 loss=0.25501323 recon=0.00013584 beh=6.028002 w=0.042 lr=4.010e-04 time=0.166s
[RQ-VAE] epoch=1818 loss=0.25573581 recon=0.00013610 beh=6.026128 w=0.042 lr=4.007e-04 time=0.166s
[RQ-VAE] epoch=1819 loss=0.25632441 recon=0.00013560 beh=6.021084 w=0.043 lr=4.003e-04 time=0.166s
[RQ-VAE] epoch=1820 loss=0.25725693 recon=0.00013651 beh=6.024068 w=0.043 lr=4.000e-04 time=0.165s
[RQ-VAE] epoch=1821 loss=0.25805995 recon=0.00013740 beh=6.024065 w=0.043 lr=3.997e-04 time=0.166s
[RQ-VAE] epoch=1822 loss=0.25878465 recon=0.00013631 beh=6.022287 w=0.043 lr=3.993e-04 time=0.293s
[RQ-VAE] epoch=1823 loss=0.25952435 recon=0.00013634 beh=6.020745 w=0.043 lr=3.990e-04 time=0.165s
[RQ-VAE] epoch=1824 loss=0.26010281 recon=0.00013627 beh=6.015566 w=0.043 lr=3.986e-04 time=0.166s
[RQ-VAE] epoch=1825 loss=0.26175693 recon=0.00013515 beh=6.035310 w=0.043 lr=3.983e-04 time=0.168s
[RQ-VAE] epoch=1826 loss=0.26251328 recon=0.00013616 beh=6.034103 w=0.043 lr=3.980e-04 time=0.166s
[RQ-VAE] epoch=1827 loss=0.26307660 recon=0.00013634 beh=6.028628 w=0.044 lr=3.976e-04 time=0.165s
[RQ-VAE] epoch=1828 loss=0.26378894 recon=0.00013598 beh=6.026551 w=0.044 lr=3.973e-04 time=0.166s
[RQ-VAE] epoch=1829 loss=0.26450509 recon=0.00013587 beh=6.024570 w=0.044 lr=3.969e-04 time=0.167s
[RQ-VAE] epoch=1830 loss=0.26563349 recon=0.00013595 beh=6.031951 w=0.044 lr=3.966e-04 time=0.165s
[RQ-VAE] epoch=1831 loss=0.26626775 recon=0.00013638 beh=6.028050 w=0.044 lr=3.963e-04 time=0.166s
[RQ-VAE] epoch=1832 loss=0.26717266 recon=0.00013601 beh=6.030346 w=0.044 lr=3.959e-04 time=0.165s
[RQ-VAE] epoch=1833 loss=0.26816499 recon=0.00013605 beh=6.034633 w=0.044 lr=3.956e-04 time=0.165s
[RQ-VAE] epoch=1834 loss=0.26907122 recon=0.00013562 beh=6.036892 w=0.045 lr=3.953e-04 time=0.165s
[RQ-VAE] epoch=1835 loss=0.26977915 recon=0.00013516 beh=6.034714 w=0.045 lr=3.949e-04 time=0.166s
[RQ-VAE] epoch=1836 loss=0.26980650 recon=0.00013641 beh=6.017375 w=0.045 lr=3.946e-04 time=0.165s
[RQ-VAE] epoch=1837 loss=0.27143008 recon=0.00013540 beh=6.035644 w=0.045 lr=3.942e-04 time=0.166s
[RQ-VAE] epoch=1838 loss=0.27230746 recon=0.00013520 beh=6.037296 w=0.045 lr=3.939e-04 time=0.29s
[RQ-VAE] epoch=1839 loss=0.27284303 recon=0.00013613 beh=6.031303 w=0.045 lr=3.936e-04 time=0.165s
[RQ-VAE] epoch=1840 loss=0.27369201 recon=0.00013586 beh=6.032256 w=0.045 lr=3.932e-04 time=0.165s
[RQ-VAE] epoch=1841 loss=0.27438480 recon=0.00013558 beh=6.029828 w=0.045 lr=3.929e-04 time=0.166s
[RQ-VAE] epoch=1842 loss=0.27528530 recon=0.00013670 beh=6.031947 w=0.046 lr=3.925e-04 time=0.166s
[RQ-VAE] epoch=1843 loss=0.27569801 recon=0.00013715 beh=6.023409 w=0.046 lr=3.922e-04 time=0.166s
[RQ-VAE] epoch=1844 loss=0.27653268 recon=0.00013680 beh=6.024121 w=0.046 lr=3.919e-04 time=0.166s
[RQ-VAE] epoch=1845 loss=0.27737138 recon=0.00013664 beh=6.024852 w=0.046 lr=3.915e-04 time=0.166s
[RQ-VAE] epoch=1846 loss=0.27783969 recon=0.00013729 beh=6.017536 w=0.046 lr=3.912e-04 time=0.169s
[RQ-VAE] epoch=1847 loss=0.27883047 recon=0.00013787 beh=6.021623 w=0.046 lr=3.908e-04 time=0.166s
[RQ-VAE] epoch=1848 loss=0.27944714 recon=0.00013710 beh=6.017617 w=0.046 lr=3.905e-04 time=0.165s
[RQ-VAE] epoch=1849 loss=0.28098050 recon=0.00013719 beh=6.033326 w=0.047 lr=3.902e-04 time=0.165s
[RQ-VAE] epoch=1850 loss=0.28162390 recon=0.00013767 lr=3.898e-04 raw_unique=22690/24587 collision=0.077155 time=0.168s
[RQ-VAE] epoch=1851 loss=0.28225833 recon=0.00013739 beh=6.026271 w=0.047 lr=3.895e-04 time=0.166s
[RQ-VAE] epoch=1852 loss=0.28294203 recon=0.00013714 beh=6.023713 w=0.047 lr=3.892e-04 time=0.166s
[RQ-VAE] epoch=1853 loss=0.28384137 recon=0.00013636 beh=6.025791 w=0.047 lr=3.888e-04 time=0.166s
[RQ-VAE] epoch=1854 loss=0.28461727 recon=0.00013650 beh=6.025230 w=0.047 lr=3.885e-04 time=0.167s
[RQ-VAE] epoch=1855 loss=0.28571877 recon=0.00013626 beh=6.031520 w=0.047 lr=3.881e-04 time=0.165s
[RQ-VAE] epoch=1856 loss=0.28635764 recon=0.00013627 beh=6.028065 w=0.047 lr=3.878e-04 time=0.164s
[RQ-VAE] epoch=1857 loss=0.28679395 recon=0.00013605 beh=6.020319 w=0.048 lr=3.875e-04 time=0.165s
[RQ-VAE] epoch=1858 loss=0.28791794 recon=0.00013600 beh=6.027043 w=0.048 lr=3.871e-04 time=0.165s
[RQ-VAE] epoch=1859 loss=0.28882968 recon=0.00013579 beh=6.029359 w=0.048 lr=3.868e-04 time=0.164s
[RQ-VAE] epoch=1860 loss=0.28954792 recon=0.00013663 beh=6.027516 w=0.048 lr=3.864e-04 time=0.165s
[RQ-VAE] epoch=1861 loss=0.29026890 recon=0.00013701 beh=6.025818 w=0.048 lr=3.861e-04 time=0.166s
[RQ-VAE] epoch=1862 loss=0.29087150 recon=0.00013712 beh=6.021648 w=0.048 lr=3.858e-04 time=0.166s
[RQ-VAE] epoch=1863 loss=0.29156551 recon=0.00013788 beh=6.019394 w=0.048 lr=3.854e-04 time=0.165s
[RQ-VAE] epoch=1864 loss=0.29249671 recon=0.00013819 beh=6.022058 w=0.049 lr=3.851e-04 time=0.166s
[RQ-VAE] epoch=1865 loss=0.29378155 recon=0.00013670 beh=6.032049 w=0.049 lr=3.847e-04 time=0.165s
[RQ-VAE] epoch=1866 loss=0.29454219 recon=0.00013681 beh=6.031080 w=0.049 lr=3.844e-04 time=0.165s
[RQ-VAE] epoch=1867 loss=0.29484835 recon=0.00013660 beh=6.020897 w=0.049 lr=3.841e-04 time=0.165s
[RQ-VAE] epoch=1868 loss=0.29606786 recon=0.00013675 beh=6.029387 w=0.049 lr=3.837e-04 time=0.165s
[RQ-VAE] epoch=1869 loss=0.29638112 recon=0.00013728 beh=6.019400 w=0.049 lr=3.834e-04 time=0.165s
[RQ-VAE] epoch=1870 loss=0.29769287 recon=0.00013761 beh=6.029726 w=0.049 lr=3.831e-04 time=0.166s
[RQ-VAE] epoch=1871 loss=0.29827535 recon=0.00013713 beh=6.025290 w=0.049 lr=3.827e-04 time=0.165s
[RQ-VAE] epoch=1872 loss=0.29895711 recon=0.00013671 beh=6.022843 w=0.050 lr=3.824e-04 time=0.165s
[RQ-VAE] epoch=1873 loss=0.30007863 recon=0.00013694 beh=6.029246 w=0.050 lr=3.820e-04 time=0.165s
[RQ-VAE] epoch=1874 loss=0.30070031 recon=0.00013696 beh=6.025576 w=0.050 lr=3.817e-04 time=0.168s
[RQ-VAE] epoch=1875 loss=0.30190051 recon=0.00013701 beh=6.033509 w=0.050 lr=3.814e-04 time=0.165s
[RQ-VAE] epoch=1876 loss=0.30230564 recon=0.00013761 beh=6.025503 w=0.050 lr=3.810e-04 time=0.165s
[RQ-VAE] epoch=1877 loss=0.30321676 recon=0.00013797 beh=6.027627 w=0.050 lr=3.807e-04 time=0.165s
[RQ-VAE] epoch=1878 loss=0.30387619 recon=0.00013698 beh=6.024828 w=0.050 lr=3.803e-04 time=0.167s
[RQ-VAE] epoch=1879 loss=0.30459428 recon=0.00013727 beh=6.023106 w=0.051 lr=3.800e-04 time=0.164s
[RQ-VAE] epoch=1880 loss=0.30565444 recon=0.00013714 beh=6.028206 w=0.051 lr=3.797e-04 time=0.166s
[RQ-VAE] epoch=1881 loss=0.30643585 recon=0.00013740 beh=6.027782 w=0.051 lr=3.793e-04 time=0.165s
[RQ-VAE] epoch=1882 loss=0.30765596 recon=0.00013799 beh=6.035940 w=0.051 lr=3.790e-04 time=0.164s
[RQ-VAE] epoch=1883 loss=0.30802819 recon=0.00013827 beh=6.027443 w=0.051 lr=3.786e-04 time=0.164s
[RQ-VAE] epoch=1884 loss=0.30831105 recon=0.00013761 beh=6.017269 w=0.051 lr=3.783e-04 time=0.164s
[RQ-VAE] epoch=1885 loss=0.30953091 recon=0.00013721 beh=6.025454 w=0.051 lr=3.780e-04 time=0.165s
[RQ-VAE] epoch=1886 loss=0.31060201 recon=0.00013766 beh=6.030679 w=0.051 lr=3.776e-04 time=0.166s
[RQ-VAE] epoch=1887 loss=0.31099412 recon=0.00013711 beh=6.022696 w=0.052 lr=3.773e-04 time=0.166s
[RQ-VAE] epoch=1888 loss=0.31214294 recon=0.00013768 beh=6.029347 w=0.052 lr=3.769e-04 time=0.164s
[RQ-VAE] epoch=1889 loss=0.31260604 recon=0.00013764 beh=6.022797 w=0.052 lr=3.766e-04 time=0.165s
[RQ-VAE] epoch=1890 loss=0.31353489 recon=0.00013693 beh=6.025279 w=0.052 lr=3.763e-04 time=0.165s
[RQ-VAE] epoch=1891 loss=0.31486052 recon=0.00013720 beh=6.035248 w=0.052 lr=3.759e-04 time=0.165s
[RQ-VAE] epoch=1892 loss=0.31538570 recon=0.00013889 beh=6.029845 w=0.052 lr=3.756e-04 time=0.165s
[RQ-VAE] epoch=1893 loss=0.31586012 recon=0.00013907 beh=6.023515 w=0.052 lr=3.753e-04 time=0.165s
[RQ-VAE] epoch=1894 loss=0.31690907 recon=0.00013861 beh=6.028224 w=0.053 lr=3.749e-04 time=0.29s
[RQ-VAE] epoch=1895 loss=0.31741166 recon=0.00013924 beh=6.022497 w=0.053 lr=3.746e-04 time=0.167s
[RQ-VAE] epoch=1896 loss=0.31850818 recon=0.00014004 beh=6.028049 w=0.053 lr=3.742e-04 time=0.165s
[RQ-VAE] epoch=1897 loss=0.31948346 recon=0.00014022 beh=6.031344 w=0.053 lr=3.739e-04 time=0.166s
[RQ-VAE] epoch=1898 loss=0.32019809 recon=0.00013894 beh=6.029661 w=0.053 lr=3.736e-04 time=0.164s
[RQ-VAE] epoch=1899 loss=0.32057875 recon=0.00013883 beh=6.021683 w=0.053 lr=3.732e-04 time=0.166s
[RQ-VAE] epoch=1900 loss=0.32189479 recon=0.00013897 lr=3.729e-04 raw_unique=22751/24587 collision=0.074674 time=0.165s
[RQ-VAE] epoch=1901 loss=0.32275093 recon=0.00013932 beh=6.032309 w=0.053 lr=3.725e-04 time=0.166s
[RQ-VAE] epoch=1902 loss=0.32358134 recon=0.00013968 beh=6.032781 w=0.054 lr=3.722e-04 time=0.166s
[RQ-VAE] epoch=1903 loss=0.32416302 recon=0.00013912 beh=6.028638 w=0.054 lr=3.719e-04 time=0.165s
[RQ-VAE] epoch=1904 loss=0.32417756 recon=0.00013884 beh=6.013983 w=0.054 lr=3.715e-04 time=0.166s
[RQ-VAE] epoch=1905 loss=0.32497901 recon=0.00013994 beh=6.013942 w=0.054 lr=3.712e-04 time=0.168s
[RQ-VAE] epoch=1906 loss=0.32555529 recon=0.00013946 beh=6.009759 w=0.054 lr=3.708e-04 time=0.166s
[RQ-VAE] epoch=1907 loss=0.32659829 recon=0.00013832 beh=6.014223 w=0.054 lr=3.705e-04 time=0.165s
[RQ-VAE] epoch=1908 loss=0.32799208 recon=0.00013875 beh=6.025117 w=0.054 lr=3.702e-04 time=0.165s
[RQ-VAE] epoch=1909 loss=0.32932246 recon=0.00013850 beh=6.034802 w=0.055 lr=3.698e-04 time=0.164s
[RQ-VAE] epoch=1910 loss=0.32983035 recon=0.00013811 beh=6.029378 w=0.055 lr=3.695e-04 time=0.167s
[RQ-VAE] epoch=1911 loss=0.33064103 recon=0.00013816 beh=6.029514 w=0.055 lr=3.692e-04 time=0.165s
[RQ-VAE] epoch=1912 loss=0.33149093 recon=0.00013861 beh=6.030333 w=0.055 lr=3.688e-04 time=0.164s
[RQ-VAE] epoch=1913 loss=0.33225581 recon=0.00013860 beh=6.029594 w=0.055 lr=3.685e-04 time=0.166s
[RQ-VAE] epoch=1914 loss=0.33218527 recon=0.00013866 beh=6.013740 w=0.055 lr=3.681e-04 time=0.164s
[RQ-VAE] epoch=1915 loss=0.33347443 recon=0.00013895 beh=6.022563 w=0.055 lr=3.678e-04 time=0.167s
[RQ-VAE] epoch=1916 loss=0.33467939 recon=0.00013858 beh=6.029869 w=0.055 lr=3.675e-04 time=0.166s
[RQ-VAE] epoch=1917 loss=0.33519062 recon=0.00013870 beh=6.024583 w=0.056 lr=3.671e-04 time=0.165s
[RQ-VAE] epoch=1918 loss=0.33616176 recon=0.00013838 beh=6.027606 w=0.056 lr=3.668e-04 time=0.169s
[RQ-VAE] epoch=1919 loss=0.33662462 recon=0.00013955 beh=6.021479 w=0.056 lr=3.664e-04 time=0.165s
[RQ-VAE] epoch=1920 loss=0.33736566 recon=0.00013963 beh=6.020351 w=0.056 lr=3.661e-04 time=0.166s
[RQ-VAE] epoch=1921 loss=0.33843696 recon=0.00013969 beh=6.025141 w=0.056 lr=3.658e-04 time=0.166s
[RQ-VAE] epoch=1922 loss=0.33968753 recon=0.00013857 beh=6.033135 w=0.056 lr=3.654e-04 time=0.166s
[RQ-VAE] epoch=1923 loss=0.33990502 recon=0.00013835 beh=6.022748 w=0.056 lr=3.651e-04 time=0.289s
[RQ-VAE] epoch=1924 loss=0.34071609 recon=0.00013933 beh=6.022836 w=0.057 lr=3.647e-04 time=0.164s
[RQ-VAE] epoch=1925 loss=0.34182340 recon=0.00013938 beh=6.028246 w=0.057 lr=3.644e-04 time=0.165s
[RQ-VAE] epoch=1926 loss=0.34269002 recon=0.00013892 beh=6.029387 w=0.057 lr=3.641e-04 time=0.165s
[RQ-VAE] epoch=1927 loss=0.34419167 recon=0.00013916 beh=6.041610 w=0.057 lr=3.637e-04 time=0.166s
[RQ-VAE] epoch=1928 loss=0.34425944 recon=0.00013886 beh=6.028666 w=0.057 lr=3.634e-04 time=0.167s
[RQ-VAE] epoch=1929 loss=0.34480789 recon=0.00013922 beh=6.024212 w=0.057 lr=3.631e-04 time=0.165s
[RQ-VAE] epoch=1930 loss=0.34572104 recon=0.00013910 beh=6.026117 w=0.057 lr=3.627e-04 time=0.166s
[RQ-VAE] epoch=1931 loss=0.34652442 recon=0.00013898 beh=6.026083 w=0.057 lr=3.624e-04 time=0.166s
[RQ-VAE] epoch=1932 loss=0.34658429 recon=0.00013965 beh=6.013143 w=0.058 lr=3.620e-04 time=0.166s
[RQ-VAE] epoch=1933 loss=0.34787181 recon=0.00013999 beh=6.021556 w=0.058 lr=3.617e-04 time=0.166s
[RQ-VAE] epoch=1934 loss=0.34878099 recon=0.00014045 beh=6.023422 w=0.058 lr=3.614e-04 time=0.165s
[RQ-VAE] epoch=1935 loss=0.34965867 recon=0.00013973 beh=6.024724 w=0.058 lr=3.610e-04 time=0.166s
[RQ-VAE] epoch=1936 loss=0.35025859 recon=0.00014058 beh=6.021191 w=0.058 lr=3.607e-04 time=0.165s
[RQ-VAE] epoch=1937 loss=0.35168189 recon=0.00013973 beh=6.031878 w=0.058 lr=3.603e-04 time=0.165s
[RQ-VAE] epoch=1938 loss=0.35216558 recon=0.00013958 beh=6.026434 w=0.058 lr=3.600e-04 time=0.166s
[RQ-VAE] epoch=1939 loss=0.35332987 recon=0.00014024 beh=6.032578 w=0.059 lr=3.597e-04 time=0.167s
[RQ-VAE] epoch=1940 loss=0.35399389 recon=0.00014052 beh=6.030181 w=0.059 lr=3.593e-04 time=0.165s
[RQ-VAE] epoch=1941 loss=0.35478583 recon=0.00013994 beh=6.029989 w=0.059 lr=3.590e-04 time=0.166s
[RQ-VAE] epoch=1942 loss=0.35514486 recon=0.00013981 beh=6.022455 w=0.059 lr=3.586e-04 time=0.166s
[RQ-VAE] epoch=1943 loss=0.35554081 recon=0.00014057 beh=6.015531 w=0.059 lr=3.583e-04 time=0.258s
[RQ-VAE] epoch=1944 loss=0.35684457 recon=0.00014032 beh=6.024019 w=0.059 lr=3.580e-04 time=0.169s
[RQ-VAE] epoch=1945 loss=0.35801047 recon=0.00014092 beh=6.030102 w=0.059 lr=3.576e-04 time=0.164s
[RQ-VAE] epoch=1946 loss=0.35896021 recon=0.00014057 beh=6.032544 w=0.059 lr=3.573e-04 time=0.167s
[RQ-VAE] epoch=1947 loss=0.35949221 recon=0.00014033 beh=6.028008 w=0.060 lr=3.569e-04 time=0.165s
[RQ-VAE] epoch=1948 loss=0.36009336 recon=0.00014078 beh=6.024611 w=0.060 lr=3.566e-04 time=0.165s
[RQ-VAE] epoch=1949 loss=0.36087269 recon=0.00014127 beh=6.024207 w=0.060 lr=3.563e-04 time=0.165s
[RQ-VAE] epoch=1950 loss=0.36202791 recon=0.00014039 lr=3.559e-04 raw_unique=22640/24587 collision=0.079188 time=0.166s
[RQ-VAE] epoch=1951 loss=0.36270040 recon=0.00014128 beh=6.027862 w=0.060 lr=3.556e-04 time=0.166s
[RQ-VAE] epoch=1952 loss=0.36318648 recon=0.00014091 beh=6.022599 w=0.060 lr=3.553e-04 time=0.166s
[RQ-VAE] epoch=1953 loss=0.36391613 recon=0.00013965 beh=6.021419 w=0.060 lr=3.549e-04 time=0.166s
[RQ-VAE] epoch=1954 loss=0.36480182 recon=0.00014037 beh=6.022799 w=0.061 lr=3.546e-04 time=0.165s
[RQ-VAE] epoch=1955 loss=0.36551780 recon=0.00014149 beh=6.021343 w=0.061 lr=3.542e-04 time=0.165s
[RQ-VAE] epoch=1956 loss=0.36652669 recon=0.00014175 beh=6.024667 w=0.061 lr=3.539e-04 time=0.167s
[RQ-VAE] epoch=1957 loss=0.36735955 recon=0.00013975 beh=6.025232 w=0.061 lr=3.536e-04 time=0.165s
[RQ-VAE] epoch=1958 loss=0.36798155 recon=0.00013950 beh=6.022257 w=0.061 lr=3.532e-04 time=0.275s
[RQ-VAE] epoch=1959 loss=0.36887380 recon=0.00014005 beh=6.023715 w=0.061 lr=3.529e-04 time=0.164s
[RQ-VAE] epoch=1960 loss=0.36934397 recon=0.00014038 beh=6.018268 w=0.061 lr=3.525e-04 time=0.166s
[RQ-VAE] epoch=1961 loss=0.37080625 recon=0.00014094 beh=6.029026 w=0.061 lr=3.522e-04 time=0.164s
[RQ-VAE] epoch=1962 loss=0.37173811 recon=0.00014106 beh=6.031096 w=0.062 lr=3.519e-04 time=0.165s
[RQ-VAE] epoch=1963 loss=0.37211567 recon=0.00014105 beh=6.024216 w=0.062 lr=3.515e-04 time=0.165s
[RQ-VAE] epoch=1964 loss=0.37269485 recon=0.00014123 beh=6.020586 w=0.062 lr=3.512e-04 time=0.165s
[RQ-VAE] epoch=1965 loss=0.37450296 recon=0.00014138 beh=6.036818 w=0.062 lr=3.508e-04 time=0.164s
[RQ-VAE] epoch=1966 loss=0.37499055 recon=0.00014089 beh=6.031701 w=0.062 lr=3.505e-04 time=0.164s
[RQ-VAE] epoch=1967 loss=0.37528262 recon=0.00013981 beh=6.023493 w=0.062 lr=3.502e-04 time=0.165s
[RQ-VAE] epoch=1968 loss=0.37627682 recon=0.00013954 beh=6.026542 w=0.062 lr=3.498e-04 time=0.164s
[RQ-VAE] epoch=1969 loss=0.37650529 recon=0.00013990 beh=6.017318 w=0.063 lr=3.495e-04 time=0.164s
[RQ-VAE] epoch=1970 loss=0.37770221 recon=0.00014116 beh=6.023610 w=0.063 lr=3.492e-04 time=0.164s
[RQ-VAE] epoch=1971 loss=0.37839749 recon=0.00014175 beh=6.021881 w=0.063 lr=3.488e-04 time=0.164s
[RQ-VAE] epoch=1972 loss=0.37966973 recon=0.00014220 beh=6.029313 w=0.063 lr=3.485e-04 time=0.164s
[RQ-VAE] epoch=1973 loss=0.38069731 recon=0.00014278 beh=6.032870 w=0.063 lr=3.481e-04 time=0.164s
[RQ-VAE] epoch=1974 loss=0.38125682 recon=0.00014251 beh=6.029038 w=0.063 lr=3.478e-04 time=0.164s
[RQ-VAE] epoch=1975 loss=0.38202983 recon=0.00014152 beh=6.028546 w=0.063 lr=3.475e-04 time=0.164s
[RQ-VAE] epoch=1976 loss=0.38218474 recon=0.00014121 beh=6.018331 w=0.063 lr=3.471e-04 time=0.165s
[RQ-VAE] epoch=1977 loss=0.38256079 recon=0.00014100 beh=6.011638 w=0.064 lr=3.468e-04 time=0.165s
[RQ-VAE] epoch=1978 loss=0.38421011 recon=0.00014089 beh=6.024921 w=0.064 lr=3.464e-04 time=0.164s
[RQ-VAE] epoch=1979 loss=0.38481858 recon=0.00014063 beh=6.021888 w=0.064 lr=3.461e-04 time=0.164s
[RQ-VAE] epoch=1980 loss=0.38535154 recon=0.00014080 beh=6.017680 w=0.064 lr=3.458e-04 time=0.163s
[RQ-VAE] epoch=1981 loss=0.38631457 recon=0.00014238 beh=6.020139 w=0.064 lr=3.454e-04 time=0.163s
[RQ-VAE] epoch=1982 loss=0.38686338 recon=0.00014176 beh=6.016158 w=0.064 lr=3.451e-04 time=0.163s
[RQ-VAE] epoch=1983 loss=0.38762820 recon=0.00014135 beh=6.015617 w=0.064 lr=3.447e-04 time=0.164s
[RQ-VAE] epoch=1984 loss=0.38956219 recon=0.00014128 beh=6.033191 w=0.065 lr=3.444e-04 time=0.164s
[RQ-VAE] epoch=1985 loss=0.38960576 recon=0.00014089 beh=6.021434 w=0.065 lr=3.441e-04 time=0.163s
[RQ-VAE] epoch=1986 loss=0.39072204 recon=0.00014080 beh=6.026245 w=0.065 lr=3.437e-04 time=0.164s
[RQ-VAE] epoch=1987 loss=0.39105672 recon=0.00014111 beh=6.019011 w=0.065 lr=3.434e-04 time=0.164s
[RQ-VAE] epoch=1988 loss=0.39214337 recon=0.00014064 beh=6.023382 w=0.065 lr=3.431e-04 time=0.164s
[RQ-VAE] epoch=1989 loss=0.39285851 recon=0.00014148 beh=6.022052 w=0.065 lr=3.427e-04 time=0.164s
[RQ-VAE] epoch=1990 loss=0.39347944 recon=0.00014066 beh=6.019285 w=0.065 lr=3.424e-04 time=0.164s
[RQ-VAE] epoch=1991 loss=0.39493418 recon=0.00014029 beh=6.029260 w=0.065 lr=3.420e-04 time=0.164s
[RQ-VAE] epoch=1992 loss=0.39572880 recon=0.00014113 beh=6.029114 w=0.066 lr=3.417e-04 time=0.165s
[RQ-VAE] epoch=1993 loss=0.39697397 recon=0.00014101 beh=6.035816 w=0.066 lr=3.414e-04 time=0.164s
[RQ-VAE] epoch=1994 loss=0.39694092 recon=0.00014010 beh=6.023118 w=0.066 lr=3.410e-04 time=0.164s
[RQ-VAE] epoch=1995 loss=0.39780349 recon=0.00014021 beh=6.024028 w=0.066 lr=3.407e-04 time=0.163s
[RQ-VAE] epoch=1996 loss=0.39772433 recon=0.00014033 beh=6.010661 w=0.066 lr=3.403e-04 time=0.165s
[RQ-VAE] epoch=1997 loss=0.39866957 recon=0.00014175 beh=6.012795 w=0.066 lr=3.400e-04 time=0.164s
[RQ-VAE] epoch=1998 loss=0.40032911 recon=0.00014192 beh=6.025720 w=0.066 lr=3.397e-04 time=0.163s
[RQ-VAE] epoch=1999 loss=0.40123671 recon=0.00014184 beh=6.027286 w=0.067 lr=3.393e-04 time=0.163s
[RQ-VAE] epoch=2000 loss=0.40190905 recon=0.00014158 lr=3.390e-04 raw_unique=22735/24587 collision=0.075324 time=0.164s
[RQ-VAE] epoch=2001 loss=0.40291589 recon=0.00014102 beh=6.028394 w=0.067 lr=3.386e-04 time=0.163s
[RQ-VAE] epoch=2002 loss=0.40337878 recon=0.00014129 beh=6.023276 w=0.067 lr=3.383e-04 time=0.163s
[RQ-VAE] epoch=2003 loss=0.40446040 recon=0.00014099 beh=6.027457 w=0.067 lr=3.380e-04 time=0.164s
[RQ-VAE] epoch=2004 loss=0.40557969 recon=0.00014141 beh=6.032149 w=0.067 lr=3.376e-04 time=0.165s
[RQ-VAE] epoch=2005 loss=0.40585768 recon=0.00014089 beh=6.024342 w=0.067 lr=3.373e-04 time=0.165s
[RQ-VAE] epoch=2006 loss=0.40602943 recon=0.00014087 beh=6.014979 w=0.067 lr=3.369e-04 time=0.165s
[RQ-VAE] epoch=2007 loss=0.40788227 recon=0.00014100 beh=6.030535 w=0.068 lr=3.366e-04 time=0.164s
[RQ-VAE] epoch=2008 loss=0.40833893 recon=0.00014101 beh=6.025379 w=0.068 lr=3.363e-04 time=0.163s
[RQ-VAE] epoch=2009 loss=0.40855613 recon=0.00014129 beh=6.016719 w=0.068 lr=3.359e-04 time=0.164s
[RQ-VAE] epoch=2010 loss=0.41006389 recon=0.00014109 beh=6.027112 w=0.068 lr=3.356e-04 time=0.163s
[RQ-VAE] epoch=2011 loss=0.41046643 recon=0.00014150 beh=6.021222 w=0.068 lr=3.353e-04 time=0.164s
[RQ-VAE] epoch=2012 loss=0.41154373 recon=0.00014141 beh=6.025244 w=0.068 lr=3.349e-04 time=0.164s
[RQ-VAE] epoch=2013 loss=0.41266868 recon=0.00014146 beh=6.029960 w=0.068 lr=3.346e-04 time=0.164s
[RQ-VAE] epoch=2014 loss=0.41219234 recon=0.00014164 beh=6.011268 w=0.069 lr=3.342e-04 time=0.284s
[RQ-VAE] epoch=2015 loss=0.41340116 recon=0.00014151 beh=6.017183 w=0.069 lr=3.339e-04 time=0.165s
[RQ-VAE] epoch=2016 loss=0.41427267 recon=0.00014135 beh=6.018215 w=0.069 lr=3.336e-04 time=0.166s
[RQ-VAE] epoch=2017 loss=0.41575867 recon=0.00014124 beh=6.028135 w=0.069 lr=3.332e-04 time=0.164s
[RQ-VAE] epoch=2018 loss=0.41693851 recon=0.00014069 beh=6.033610 w=0.069 lr=3.329e-04 time=0.165s
[RQ-VAE] epoch=2019 loss=0.41680533 recon=0.00014125 beh=6.020044 w=0.069 lr=3.325e-04 time=0.164s
[RQ-VAE] epoch=2020 loss=0.41825408 recon=0.00014144 beh=6.029358 w=0.069 lr=3.322e-04 time=0.164s
[RQ-VAE] epoch=2021 loss=0.41852036 recon=0.00014081 beh=6.021638 w=0.069 lr=3.319e-04 time=0.163s
[RQ-VAE] epoch=2022 loss=0.41957998 recon=0.00014111 beh=6.025311 w=0.070 lr=3.315e-04 time=0.164s
[RQ-VAE] epoch=2023 loss=0.41943300 recon=0.00014128 beh=6.011648 w=0.070 lr=3.312e-04 time=0.163s
[RQ-VAE] epoch=2024 loss=0.42071795 recon=0.00014123 beh=6.018573 w=0.070 lr=3.308e-04 time=0.164s
[RQ-VAE] epoch=2025 loss=0.42243588 recon=0.00014119 beh=6.031661 w=0.070 lr=3.305e-04 time=0.165s
[RQ-VAE] epoch=2026 loss=0.42259955 recon=0.00014061 beh=6.022540 w=0.070 lr=3.302e-04 time=0.168s
[RQ-VAE] epoch=2027 loss=0.42361295 recon=0.00014063 beh=6.025523 w=0.070 lr=3.298e-04 time=0.168s
[RQ-VAE] epoch=2028 loss=0.42426407 recon=0.00014137 beh=6.023357 w=0.070 lr=3.295e-04 time=0.168s
[RQ-VAE] epoch=2029 loss=0.42469832 recon=0.00014110 beh=6.018118 w=0.071 lr=3.292e-04 time=0.168s
[RQ-VAE] epoch=2030 loss=0.42549017 recon=0.00014232 beh=6.017951 w=0.071 lr=3.288e-04 time=0.169s
[RQ-VAE] epoch=2031 loss=0.42658842 recon=0.00014209 beh=6.022130 w=0.071 lr=3.285e-04 time=0.168s
[RQ-VAE] epoch=2032 loss=0.42697656 recon=0.00014124 beh=6.016326 w=0.071 lr=3.281e-04 time=0.168s
[RQ-VAE] epoch=2033 loss=0.42823088 recon=0.00014220 beh=6.022684 w=0.071 lr=3.278e-04 time=0.167s
[RQ-VAE] epoch=2034 loss=0.42900896 recon=0.00014245 beh=6.022331 w=0.071 lr=3.275e-04 time=0.168s
[RQ-VAE] epoch=2035 loss=0.43053216 recon=0.00014245 beh=6.032422 w=0.071 lr=3.271e-04 time=0.166s
[RQ-VAE] epoch=2036 loss=0.43100968 recon=0.00014247 beh=6.027843 w=0.071 lr=3.268e-04 time=0.167s
[RQ-VAE] epoch=2037 loss=0.43144426 recon=0.00014201 beh=6.022713 w=0.072 lr=3.264e-04 time=0.166s
[RQ-VAE] epoch=2038 loss=0.43218529 recon=0.00014244 beh=6.021830 w=0.072 lr=3.261e-04 time=0.166s
[RQ-VAE] epoch=2039 loss=0.43246976 recon=0.00014236 beh=6.014592 w=0.072 lr=3.258e-04 time=0.167s
[RQ-VAE] epoch=2040 loss=0.43414956 recon=0.00014366 beh=6.026775 w=0.072 lr=3.254e-04 time=0.166s
[RQ-VAE] epoch=2041 loss=0.43466449 recon=0.00014232 beh=6.022810 w=0.072 lr=3.251e-04 time=0.166s
[RQ-VAE] epoch=2042 loss=0.43570080 recon=0.00014239 beh=6.026032 w=0.072 lr=3.247e-04 time=0.166s
[RQ-VAE] epoch=2043 loss=0.43621391 recon=0.00014268 beh=6.021999 w=0.072 lr=3.244e-04 time=0.26s
[RQ-VAE] epoch=2044 loss=0.43703675 recon=0.00014229 beh=6.022271 w=0.073 lr=3.241e-04 time=0.167s
[RQ-VAE] epoch=2045 loss=0.43903393 recon=0.00014252 beh=6.038739 w=0.073 lr=3.237e-04 time=0.166s
[RQ-VAE] epoch=2046 loss=0.43882316 recon=0.00014246 beh=6.024776 w=0.073 lr=3.234e-04 time=0.167s
[RQ-VAE] epoch=2047 loss=0.43985650 recon=0.00014181 beh=6.027939 w=0.073 lr=3.231e-04 time=0.167s
[RQ-VAE] epoch=2048 loss=0.44053513 recon=0.00014245 beh=6.026238 w=0.073 lr=3.227e-04 time=0.166s
[RQ-VAE] epoch=2049 loss=0.44137803 recon=0.00014248 beh=6.026776 w=0.073 lr=3.224e-04 time=0.166s
[RQ-VAE] epoch=2050 loss=0.44081235 recon=0.00014154 lr=3.220e-04 raw_unique=22674/24587 collision=0.077805 time=0.166s
[RQ-VAE] epoch=2051 loss=0.44261578 recon=0.00014075 beh=6.021759 w=0.073 lr=3.217e-04 time=0.166s
[RQ-VAE] epoch=2052 loss=0.44392946 recon=0.00014168 beh=6.028688 w=0.074 lr=3.214e-04 time=0.166s
[RQ-VAE] epoch=2053 loss=0.44447938 recon=0.00014138 beh=6.025252 w=0.074 lr=3.210e-04 time=0.174s
[RQ-VAE] epoch=2054 loss=0.44529244 recon=0.00014231 beh=6.025362 w=0.074 lr=3.207e-04 time=0.173s
[RQ-VAE] epoch=2055 loss=0.44566473 recon=0.00014247 beh=6.019544 w=0.074 lr=3.203e-04 time=0.174s
[RQ-VAE] epoch=2056 loss=0.44734302 recon=0.00014179 beh=6.031368 w=0.074 lr=3.200e-04 time=0.177s
[RQ-VAE] epoch=2057 loss=0.44740492 recon=0.00014241 beh=6.021381 w=0.074 lr=3.197e-04 time=0.173s
[RQ-VAE] epoch=2058 loss=0.44894636 recon=0.00014272 beh=6.031306 w=0.074 lr=3.193e-04 time=0.173s
[RQ-VAE] epoch=2059 loss=0.44907829 recon=0.00014323 beh=6.022288 w=0.075 lr=3.190e-04 time=0.172s
[RQ-VAE] epoch=2060 loss=0.45026332 recon=0.00014406 beh=6.027379 w=0.075 lr=3.186e-04 time=0.171s
[RQ-VAE] epoch=2061 loss=0.45120543 recon=0.00014255 beh=6.029249 w=0.075 lr=3.183e-04 time=0.173s
[RQ-VAE] epoch=2062 loss=0.45181388 recon=0.00014292 beh=6.026626 w=0.075 lr=3.180e-04 time=0.173s
[RQ-VAE] epoch=2063 loss=0.45259684 recon=0.00014240 beh=6.026374 w=0.075 lr=3.176e-04 time=0.329s
[RQ-VAE] epoch=2064 loss=0.45313802 recon=0.00014289 beh=6.022882 w=0.075 lr=3.173e-04 time=0.172s
[RQ-VAE] epoch=2065 loss=0.45405957 recon=0.00014209 beh=6.024481 w=0.075 lr=3.169e-04 time=0.171s
[RQ-VAE] epoch=2066 loss=0.45478600 recon=0.00014204 beh=6.023438 w=0.075 lr=3.166e-04 time=0.179s
[RQ-VAE] epoch=2067 loss=0.45532325 recon=0.00014242 beh=6.019911 w=0.076 lr=3.163e-04 time=0.166s
[RQ-VAE] epoch=2068 loss=0.45630080 recon=0.00014252 beh=6.022227 w=0.076 lr=3.159e-04 time=0.167s
[RQ-VAE] epoch=2069 loss=0.45748469 recon=0.00014230 beh=6.027268 w=0.076 lr=3.156e-04 time=0.169s
[RQ-VAE] epoch=2070 loss=0.45820254 recon=0.00014259 beh=6.026114 w=0.076 lr=3.153e-04 time=0.167s
[RQ-VAE] epoch=2071 loss=0.45892248 recon=0.00014334 beh=6.025011 w=0.076 lr=3.149e-04 time=0.165s
[RQ-VAE] epoch=2072 loss=0.45860195 recon=0.00014295 beh=6.010275 w=0.076 lr=3.146e-04 time=0.166s
[RQ-VAE] epoch=2073 loss=0.46077392 recon=0.00014237 beh=6.028241 w=0.076 lr=3.142e-04 time=0.167s
[RQ-VAE] epoch=2074 loss=0.46139628 recon=0.00014289 beh=6.025871 w=0.077 lr=3.139e-04 time=0.165s
[RQ-VAE] epoch=2075 loss=0.46218485 recon=0.00014291 beh=6.025682 w=0.077 lr=3.136e-04 time=0.166s
[RQ-VAE] epoch=2076 loss=0.46333310 recon=0.00014330 beh=6.030154 w=0.077 lr=3.132e-04 time=0.166s
[RQ-VAE] epoch=2077 loss=0.46282330 recon=0.00014307 beh=6.013074 w=0.077 lr=3.129e-04 time=0.167s
[RQ-VAE] epoch=2078 loss=0.46396840 recon=0.00014336 beh=6.017497 w=0.077 lr=3.125e-04 time=0.298s
[RQ-VAE] epoch=2079 loss=0.46471906 recon=0.00014280 beh=6.016839 w=0.077 lr=3.122e-04 time=0.168s
[RQ-VAE] epoch=2080 loss=0.46615621 recon=0.00014259 beh=6.025064 w=0.077 lr=3.119e-04 time=0.167s
[RQ-VAE] epoch=2081 loss=0.46772265 recon=0.00014291 beh=6.034920 w=0.077 lr=3.115e-04 time=0.166s
[RQ-VAE] epoch=2082 loss=0.46806967 recon=0.00014237 beh=6.029056 w=0.078 lr=3.112e-04 time=0.17s
[RQ-VAE] epoch=2083 loss=0.46944910 recon=0.00014282 beh=6.036469 w=0.078 lr=3.108e-04 time=0.166s
[RQ-VAE] epoch=2084 loss=0.46918392 recon=0.00014237 beh=6.022701 w=0.078 lr=3.105e-04 time=0.164s
[RQ-VAE] epoch=2085 loss=0.46943718 recon=0.00014178 beh=6.015662 w=0.078 lr=3.102e-04 time=0.164s
[RQ-VAE] epoch=2086 loss=0.47078031 recon=0.00014149 beh=6.022593 w=0.078 lr=3.098e-04 time=0.164s
[RQ-VAE] epoch=2087 loss=0.47166723 recon=0.00014104 beh=6.023675 w=0.078 lr=3.095e-04 time=0.166s
[RQ-VAE] epoch=2088 loss=0.47204053 recon=0.00014241 beh=6.018179 w=0.078 lr=3.092e-04 time=0.164s
[RQ-VAE] epoch=2089 loss=0.47330779 recon=0.00014311 beh=6.024076 w=0.079 lr=3.088e-04 time=0.167s
[RQ-VAE] epoch=2090 loss=0.47365937 recon=0.00014252 beh=6.018339 w=0.079 lr=3.085e-04 time=0.165s
[RQ-VAE] epoch=2091 loss=0.47470325 recon=0.00014192 beh=6.021428 w=0.079 lr=3.081e-04 time=0.165s
[RQ-VAE] epoch=2092 loss=0.47584620 recon=0.00014237 beh=6.025730 w=0.079 lr=3.078e-04 time=0.164s
[RQ-VAE] epoch=2093 loss=0.47658056 recon=0.00014226 beh=6.024847 w=0.079 lr=3.075e-04 time=0.166s
[RQ-VAE] epoch=2094 loss=0.47771537 recon=0.00014279 beh=6.029038 w=0.079 lr=3.071e-04 time=0.164s
[RQ-VAE] epoch=2095 loss=0.47862038 recon=0.00014220 beh=6.030318 w=0.079 lr=3.068e-04 time=0.164s
[RQ-VAE] epoch=2096 loss=0.47929221 recon=0.00014267 beh=6.028663 w=0.079 lr=3.064e-04 time=0.164s
[RQ-VAE] epoch=2097 loss=0.47945011 recon=0.00014282 beh=6.020534 w=0.080 lr=3.061e-04 time=0.164s
[RQ-VAE] epoch=2098 loss=0.48127908 recon=0.00014260 beh=6.033411 w=0.080 lr=3.058e-04 time=0.165s
[RQ-VAE] epoch=2099 loss=0.48137343 recon=0.00014170 beh=6.024520 w=0.080 lr=3.054e-04 time=0.166s
[RQ-VAE] epoch=2100 loss=0.48237124 recon=0.00014163 lr=3.051e-04 raw_unique=22857/24587 collision=0.070362 time=0.165s
[RQ-VAE] epoch=2101 loss=0.48214757 recon=0.00014187 beh=6.014130 w=0.080 lr=3.047e-04 time=0.164s
[RQ-VAE] epoch=2102 loss=0.48382211 recon=0.00014200 beh=6.024995 w=0.080 lr=3.044e-04 time=0.166s
[RQ-VAE] epoch=2103 loss=0.48405996 recon=0.00014242 beh=6.017956 w=0.080 lr=3.041e-04 time=0.164s
[RQ-VAE] epoch=2104 loss=0.48647210 recon=0.00014310 beh=6.037935 w=0.081 lr=3.037e-04 time=0.165s
[RQ-VAE] epoch=2105 loss=0.48654395 recon=0.00014246 beh=6.028857 w=0.081 lr=3.034e-04 time=0.165s
[RQ-VAE] epoch=2106 loss=0.48686594 recon=0.00014234 beh=6.022900 w=0.081 lr=3.031e-04 time=0.164s
[RQ-VAE] epoch=2107 loss=0.48750842 recon=0.00014229 beh=6.020916 w=0.081 lr=3.027e-04 time=0.164s
[RQ-VAE] epoch=2108 loss=0.48906809 recon=0.00014227 beh=6.030265 w=0.081 lr=3.024e-04 time=0.165s
[RQ-VAE] epoch=2109 loss=0.48886919 recon=0.00014323 beh=6.017887 w=0.081 lr=3.020e-04 time=0.164s
[RQ-VAE] epoch=2110 loss=0.48916024 recon=0.00014319 beh=6.011585 w=0.081 lr=3.017e-04 time=0.165s
[RQ-VAE] epoch=2111 loss=0.49075943 recon=0.00014309 beh=6.021379 w=0.081 lr=3.014e-04 time=0.165s
[RQ-VAE] epoch=2112 loss=0.49123159 recon=0.00014256 beh=6.017355 w=0.082 lr=3.010e-04 time=0.164s
[RQ-VAE] epoch=2113 loss=0.49310011 recon=0.00014238 beh=6.030411 w=0.082 lr=3.007e-04 time=0.163s
[RQ-VAE] epoch=2114 loss=0.49357301 recon=0.00014219 beh=6.026359 w=0.082 lr=3.003e-04 time=0.165s
[RQ-VAE] epoch=2115 loss=0.49427360 recon=0.00014198 beh=6.025109 w=0.082 lr=3.000e-04 time=0.165s
[RQ-VAE] epoch=2116 loss=0.49497983 recon=0.00014282 beh=6.023918 w=0.082 lr=2.997e-04 time=0.165s
[RQ-VAE] epoch=2117 loss=0.49586138 recon=0.00014299 beh=6.024861 w=0.082 lr=2.993e-04 time=0.164s
[RQ-VAE] epoch=2118 loss=0.49561509 recon=0.00014296 beh=6.012135 w=0.082 lr=2.990e-04 time=0.164s
[RQ-VAE] epoch=2119 loss=0.49704614 recon=0.00014266 beh=6.019779 w=0.083 lr=2.986e-04 time=0.165s
[RQ-VAE] epoch=2120 loss=0.49780881 recon=0.00014304 beh=6.019282 w=0.083 lr=2.983e-04 time=0.165s
[RQ-VAE] epoch=2121 loss=0.49960968 recon=0.00014287 beh=6.031348 w=0.083 lr=2.980e-04 time=0.164s
[RQ-VAE] epoch=2122 loss=0.49894232 recon=0.00014294 beh=6.013586 w=0.083 lr=2.976e-04 time=0.164s
[RQ-VAE] epoch=2123 loss=0.50048208 recon=0.00014314 beh=6.022491 w=0.083 lr=2.973e-04 time=0.165s
[RQ-VAE] epoch=2124 loss=0.50158131 recon=0.00014331 beh=6.026031 w=0.083 lr=2.969e-04 time=0.165s
[RQ-VAE] epoch=2125 loss=0.50293177 recon=0.00014360 beh=6.032591 w=0.083 lr=2.966e-04 time=0.165s
[RQ-VAE] epoch=2126 loss=0.50301421 recon=0.00014268 beh=6.023968 w=0.083 lr=2.963e-04 time=0.165s
[RQ-VAE] epoch=2127 loss=0.50316721 recon=0.00014247 beh=6.016185 w=0.084 lr=2.959e-04 time=0.165s
[RQ-VAE] epoch=2128 loss=0.50508446 recon=0.00014224 beh=6.029520 w=0.084 lr=2.956e-04 time=0.165s
[RQ-VAE] epoch=2129 loss=0.50611031 recon=0.00014344 beh=6.032139 w=0.084 lr=2.953e-04 time=0.163s
[RQ-VAE] epoch=2130 loss=0.50595593 recon=0.00014347 beh=6.020736 w=0.084 lr=2.949e-04 time=0.164s
[RQ-VAE] epoch=2131 loss=0.50730896 recon=0.00014379 beh=6.027284 w=0.084 lr=2.946e-04 time=0.166s
[RQ-VAE] epoch=2132 loss=0.50689530 recon=0.00014318 beh=6.012840 w=0.084 lr=2.942e-04 time=0.164s
[RQ-VAE] epoch=2133 loss=0.50810164 recon=0.00014183 beh=6.017637 w=0.084 lr=2.939e-04 time=0.163s
[RQ-VAE] epoch=2134 loss=0.50906044 recon=0.00014214 beh=6.019484 w=0.085 lr=2.936e-04 time=0.286s
[RQ-VAE] epoch=2135 loss=0.51029438 recon=0.00014197 beh=6.024589 w=0.085 lr=2.932e-04 time=0.164s
[RQ-VAE] epoch=2136 loss=0.51124907 recon=0.00014243 beh=6.026365 w=0.085 lr=2.929e-04 time=0.164s
[RQ-VAE] epoch=2137 loss=0.51291513 recon=0.00014132 beh=6.036546 w=0.085 lr=2.925e-04 time=0.166s
[RQ-VAE] epoch=2138 loss=0.51219547 recon=0.00014158 beh=6.018610 w=0.085 lr=2.922e-04 time=0.165s
[RQ-VAE] epoch=2139 loss=0.51294154 recon=0.00014146 beh=6.017935 w=0.085 lr=2.919e-04 time=0.165s
[RQ-VAE] epoch=2140 loss=0.51449692 recon=0.00014164 beh=6.026760 w=0.085 lr=2.915e-04 time=0.166s
[RQ-VAE] epoch=2141 loss=0.51483941 recon=0.00014203 beh=6.021372 w=0.085 lr=2.912e-04 time=0.164s
[RQ-VAE] epoch=2142 loss=0.51576543 recon=0.00014238 beh=6.022809 w=0.086 lr=2.908e-04 time=0.164s
[RQ-VAE] epoch=2143 loss=0.51552588 recon=0.00014157 beh=6.010647 w=0.086 lr=2.905e-04 time=0.165s
[RQ-VAE] epoch=2144 loss=0.51749039 recon=0.00014205 beh=6.024193 w=0.086 lr=2.902e-04 time=0.166s
[RQ-VAE] epoch=2145 loss=0.51826805 recon=0.00014268 beh=6.023897 w=0.086 lr=2.898e-04 time=0.167s
[RQ-VAE] epoch=2146 loss=0.51936507 recon=0.00014285 beh=6.027318 w=0.086 lr=2.895e-04 time=0.169s
[RQ-VAE] epoch=2147 loss=0.52027160 recon=0.00014262 beh=6.028511 w=0.086 lr=2.892e-04 time=0.169s
[RQ-VAE] epoch=2148 loss=0.52145135 recon=0.00014314 beh=6.032850 w=0.086 lr=2.888e-04 time=0.168s
[RQ-VAE] epoch=2149 loss=0.52156568 recon=0.00014245 beh=6.024886 w=0.087 lr=2.885e-04 time=0.169s
[RQ-VAE] epoch=2150 loss=0.52234244 recon=0.00014217 lr=2.881e-04 raw_unique=22762/24587 collision=0.074226 time=0.171s
[RQ-VAE] epoch=2151 loss=0.52307999 recon=0.00014299 beh=6.023830 w=0.087 lr=2.878e-04 time=0.168s
[RQ-VAE] epoch=2152 loss=0.52417403 recon=0.00014245 beh=6.027175 w=0.087 lr=2.875e-04 time=0.17s
[RQ-VAE] epoch=2153 loss=0.52441323 recon=0.00014223 beh=6.020678 w=0.087 lr=2.871e-04 time=0.17s
[RQ-VAE] epoch=2154 loss=0.52512133 recon=0.00014250 beh=6.019588 w=0.087 lr=2.868e-04 time=0.169s
[RQ-VAE] epoch=2155 loss=0.52587616 recon=0.00014271 beh=6.019052 w=0.087 lr=2.864e-04 time=0.169s
[RQ-VAE] epoch=2156 loss=0.52746928 recon=0.00014304 beh=6.028081 w=0.087 lr=2.861e-04 time=0.17s
[RQ-VAE] epoch=2157 loss=0.52786905 recon=0.00014268 beh=6.023481 w=0.088 lr=2.858e-04 time=0.169s
[RQ-VAE] epoch=2158 loss=0.52865136 recon=0.00014287 beh=6.023250 w=0.088 lr=2.854e-04 time=0.168s
[RQ-VAE] epoch=2159 loss=0.52987498 recon=0.00014249 beh=6.028043 w=0.088 lr=2.851e-04 time=0.169s
[RQ-VAE] epoch=2160 loss=0.53033859 recon=0.00014175 beh=6.024174 w=0.088 lr=2.847e-04 time=0.169s
[RQ-VAE] epoch=2161 loss=0.53034890 recon=0.00014274 beh=6.015177 w=0.088 lr=2.844e-04 time=0.169s
[RQ-VAE] epoch=2162 loss=0.53164762 recon=0.00014310 beh=6.020799 w=0.088 lr=2.841e-04 time=0.17s
[RQ-VAE] epoch=2163 loss=0.53196943 recon=0.00014340 beh=6.015363 w=0.088 lr=2.837e-04 time=0.297s
[RQ-VAE] epoch=2164 loss=0.53374028 recon=0.00014340 beh=6.026304 w=0.089 lr=2.834e-04 time=0.17s
[RQ-VAE] epoch=2165 loss=0.53444934 recon=0.00014309 beh=6.025245 w=0.089 lr=2.831e-04 time=0.17s
[RQ-VAE] epoch=2166 loss=0.53391510 recon=0.00014240 beh=6.010192 w=0.089 lr=2.827e-04 time=0.17s
[RQ-VAE] epoch=2167 loss=0.53537977 recon=0.00014353 beh=6.017642 w=0.089 lr=2.824e-04 time=0.171s
[RQ-VAE] epoch=2168 loss=0.53704697 recon=0.00014386 beh=6.027329 w=0.089 lr=2.820e-04 time=0.17s
[RQ-VAE] epoch=2169 loss=0.53674990 recon=0.00014262 beh=6.015010 w=0.089 lr=2.817e-04 time=0.17s
[RQ-VAE] epoch=2170 loss=0.53778362 recon=0.00014302 beh=6.017599 w=0.089 lr=2.814e-04 time=0.171s
[RQ-VAE] epoch=2171 loss=0.53851962 recon=0.00014315 beh=6.016852 w=0.089 lr=2.810e-04 time=0.17s
[RQ-VAE] epoch=2172 loss=0.53916073 recon=0.00014324 beh=6.015039 w=0.090 lr=2.807e-04 time=0.17s
[RQ-VAE] epoch=2173 loss=0.54017282 recon=0.00014285 beh=6.017398 w=0.090 lr=2.803e-04 time=0.171s
[RQ-VAE] epoch=2174 loss=0.54053098 recon=0.00014228 beh=6.012469 w=0.090 lr=2.800e-04 time=0.17s
[RQ-VAE] epoch=2175 loss=0.54193658 recon=0.00014140 beh=6.019188 w=0.090 lr=2.797e-04 time=0.17s
[RQ-VAE] epoch=2176 loss=0.54393989 recon=0.00014186 beh=6.032503 w=0.090 lr=2.793e-04 time=0.171s
[RQ-VAE] epoch=2177 loss=0.54418850 recon=0.00014258 beh=6.026343 w=0.090 lr=2.790e-04 time=0.17s
[RQ-VAE] epoch=2178 loss=0.54449916 recon=0.00014319 beh=6.020885 w=0.090 lr=2.786e-04 time=0.171s
[RQ-VAE] epoch=2179 loss=0.54616135 recon=0.00014323 beh=6.030385 w=0.091 lr=2.783e-04 time=0.17s
[RQ-VAE] epoch=2180 loss=0.54734159 recon=0.00014252 beh=6.034546 w=0.091 lr=2.780e-04 time=0.17s
[RQ-VAE] epoch=2181 loss=0.54668152 recon=0.00014302 beh=6.018406 w=0.091 lr=2.776e-04 time=0.167s
[RQ-VAE] epoch=2182 loss=0.54824400 recon=0.00014311 beh=6.026768 w=0.091 lr=2.773e-04 time=0.17s
[RQ-VAE] epoch=2183 loss=0.54819560 recon=0.00014240 beh=6.017421 w=0.091 lr=2.769e-04 time=0.279s
[RQ-VAE] epoch=2184 loss=0.54966372 recon=0.00014235 beh=6.024728 w=0.091 lr=2.766e-04 time=0.171s
[RQ-VAE] epoch=2185 loss=0.54945415 recon=0.00014275 beh=6.013603 w=0.091 lr=2.763e-04 time=0.17s
[RQ-VAE] epoch=2186 loss=0.54936957 recon=0.00014306 beh=6.003910 w=0.091 lr=2.759e-04 time=0.17s
[RQ-VAE] epoch=2187 loss=0.55165541 recon=0.00014310 beh=6.020130 w=0.092 lr=2.756e-04 time=0.17s
[RQ-VAE] epoch=2188 loss=0.55233639 recon=0.00014282 beh=6.018806 w=0.092 lr=2.753e-04 time=0.171s
[RQ-VAE] epoch=2189 loss=0.55292165 recon=0.00014259 beh=6.016444 w=0.092 lr=2.749e-04 time=0.17s
[RQ-VAE] epoch=2190 loss=0.55429351 recon=0.00014325 beh=6.022623 w=0.092 lr=2.746e-04 time=0.17s
[RQ-VAE] epoch=2191 loss=0.55525839 recon=0.00014238 beh=6.024400 w=0.092 lr=2.742e-04 time=0.171s
[RQ-VAE] epoch=2192 loss=0.55625319 recon=0.00014310 beh=6.026479 w=0.092 lr=2.739e-04 time=0.17s
[RQ-VAE] epoch=2193 loss=0.55612195 recon=0.00014307 beh=6.016366 w=0.092 lr=2.736e-04 time=0.17s
[RQ-VAE] epoch=2194 loss=0.55749607 recon=0.00014239 beh=6.022560 w=0.093 lr=2.732e-04 time=0.171s
[RQ-VAE] epoch=2195 loss=0.55814928 recon=0.00014197 beh=6.020954 w=0.093 lr=2.729e-04 time=0.171s
[RQ-VAE] epoch=2196 loss=0.55894172 recon=0.00014184 beh=6.020839 w=0.093 lr=2.725e-04 time=0.171s
[RQ-VAE] epoch=2197 loss=0.56039345 recon=0.00014222 beh=6.027814 w=0.093 lr=2.722e-04 time=0.17s
[RQ-VAE] epoch=2198 loss=0.56041068 recon=0.00014273 beh=6.019355 w=0.093 lr=2.719e-04 time=0.276s
[RQ-VAE] epoch=2199 loss=0.56153733 recon=0.00014306 beh=6.022827 w=0.093 lr=2.715e-04 time=0.17s
[RQ-VAE] epoch=2200 loss=0.56198156 recon=0.00014280 lr=2.712e-04 raw_unique=22612/24587 collision=0.080327 time=0.171s
[RQ-VAE] epoch=2201 loss=0.56308806 recon=0.00014262 beh=6.022223 w=0.093 lr=2.708e-04 time=0.171s
[RQ-VAE] epoch=2202 loss=0.56350791 recon=0.00014237 beh=6.018132 w=0.094 lr=2.705e-04 time=0.17s
[RQ-VAE] epoch=2203 loss=0.56400514 recon=0.00014271 beh=6.014861 w=0.094 lr=2.702e-04 time=0.169s
[RQ-VAE] epoch=2204 loss=0.56519920 recon=0.00014312 beh=6.019040 w=0.094 lr=2.698e-04 time=0.171s
[RQ-VAE] epoch=2205 loss=0.56615353 recon=0.00014275 beh=6.020675 w=0.094 lr=2.695e-04 time=0.17s
[RQ-VAE] epoch=2206 loss=0.56678116 recon=0.00014373 beh=6.018802 w=0.094 lr=2.692e-04 time=0.17s
[RQ-VAE] epoch=2207 loss=0.56740177 recon=0.00014298 beh=6.016870 w=0.094 lr=2.688e-04 time=0.17s
[RQ-VAE] epoch=2208 loss=0.56893301 recon=0.00014298 beh=6.024604 w=0.094 lr=2.685e-04 time=0.17s
[RQ-VAE] epoch=2209 loss=0.56934047 recon=0.00014246 beh=6.020428 w=0.095 lr=2.681e-04 time=0.17s
[RQ-VAE] epoch=2210 loss=0.56992823 recon=0.00014184 beh=6.018179 w=0.095 lr=2.678e-04 time=0.171s
[RQ-VAE] epoch=2211 loss=0.57145071 recon=0.00014244 beh=6.025756 w=0.095 lr=2.675e-04 time=0.173s
[RQ-VAE] epoch=2212 loss=0.57185394 recon=0.00014281 beh=6.021532 w=0.095 lr=2.671e-04 time=0.171s
[RQ-VAE] epoch=2213 loss=0.57277972 recon=0.00014317 beh=6.022829 w=0.095 lr=2.668e-04 time=0.17s
[RQ-VAE] epoch=2214 loss=0.57358623 recon=0.00014311 beh=6.022858 w=0.095 lr=2.664e-04 time=0.17s
[RQ-VAE] epoch=2215 loss=0.57471138 recon=0.00014269 beh=6.026233 w=0.095 lr=2.661e-04 time=0.17s
[RQ-VAE] epoch=2216 loss=0.57546216 recon=0.00014169 beh=6.025702 w=0.095 lr=2.658e-04 time=0.171s
[RQ-VAE] epoch=2217 loss=0.57647306 recon=0.00014147 beh=6.027882 w=0.096 lr=2.654e-04 time=0.171s
[RQ-VAE] epoch=2218 loss=0.57719755 recon=0.00014218 beh=6.027045 w=0.096 lr=2.651e-04 time=0.17s
[RQ-VAE] epoch=2219 loss=0.57733506 recon=0.00014320 beh=6.020086 w=0.096 lr=2.647e-04 time=0.17s
[RQ-VAE] epoch=2220 loss=0.57923430 recon=0.00014310 beh=6.031517 w=0.096 lr=2.644e-04 time=0.17s
[RQ-VAE] epoch=2221 loss=0.57830453 recon=0.00014289 beh=6.013471 w=0.096 lr=2.641e-04 time=0.17s
[RQ-VAE] epoch=2222 loss=0.58034444 recon=0.00014226 beh=6.026345 w=0.096 lr=2.637e-04 time=0.17s
[RQ-VAE] epoch=2223 loss=0.58109301 recon=0.00014231 beh=6.025770 w=0.096 lr=2.634e-04 time=0.17s
[RQ-VAE] epoch=2224 loss=0.58100998 recon=0.00014334 beh=6.016582 w=0.097 lr=2.631e-04 time=0.169s
[RQ-VAE] epoch=2225 loss=0.58262134 recon=0.00014411 beh=6.024942 w=0.097 lr=2.627e-04 time=0.171s
[RQ-VAE] epoch=2226 loss=0.58266163 recon=0.00014348 beh=6.017076 w=0.097 lr=2.624e-04 time=0.17s
[RQ-VAE] epoch=2227 loss=0.58421844 recon=0.00014329 beh=6.024858 w=0.097 lr=2.620e-04 time=0.17s
[RQ-VAE] epoch=2228 loss=0.58452237 recon=0.00014333 beh=6.019712 w=0.097 lr=2.617e-04 time=0.169s
[RQ-VAE] epoch=2229 loss=0.58565211 recon=0.00014343 beh=6.023068 w=0.097 lr=2.614e-04 time=0.172s
[RQ-VAE] epoch=2230 loss=0.58664447 recon=0.00014359 beh=6.025021 w=0.097 lr=2.610e-04 time=0.172s
[RQ-VAE] epoch=2231 loss=0.58763045 recon=0.00014368 beh=6.026900 w=0.097 lr=2.607e-04 time=0.172s
[RQ-VAE] epoch=2232 loss=0.58794916 recon=0.00014285 beh=6.021927 w=0.098 lr=2.603e-04 time=0.174s
[RQ-VAE] epoch=2233 loss=0.58871746 recon=0.00014313 beh=6.021571 w=0.098 lr=2.600e-04 time=0.169s
[RQ-VAE] epoch=2234 loss=0.58927095 recon=0.00014341 beh=6.019011 w=0.098 lr=2.597e-04 time=0.165s
[RQ-VAE] epoch=2235 loss=0.58915150 recon=0.00014275 beh=6.009613 w=0.098 lr=2.593e-04 time=0.172s
[RQ-VAE] epoch=2236 loss=0.59045690 recon=0.00014233 beh=6.014765 w=0.098 lr=2.590e-04 time=0.171s
[RQ-VAE] epoch=2237 loss=0.59202290 recon=0.00014207 beh=6.022554 w=0.098 lr=2.586e-04 time=0.166s
[RQ-VAE] epoch=2238 loss=0.59375191 recon=0.00014276 beh=6.031963 w=0.098 lr=2.583e-04 time=0.166s
[RQ-VAE] epoch=2239 loss=0.59359515 recon=0.00014325 beh=6.022200 w=0.099 lr=2.580e-04 time=0.165s
[RQ-VAE] epoch=2240 loss=0.59437883 recon=0.00014304 beh=6.021998 w=0.099 lr=2.576e-04 time=0.164s
[RQ-VAE] epoch=2241 loss=0.59497440 recon=0.00014301 beh=6.019895 w=0.099 lr=2.573e-04 time=0.165s
[RQ-VAE] epoch=2242 loss=0.59540510 recon=0.00014285 beh=6.016147 w=0.099 lr=2.569e-04 time=0.166s
[RQ-VAE] epoch=2243 loss=0.59683222 recon=0.00014291 beh=6.022454 w=0.099 lr=2.566e-04 time=0.165s
[RQ-VAE] epoch=2244 loss=0.59819448 recon=0.00014261 beh=6.028090 w=0.099 lr=2.563e-04 time=0.166s
[RQ-VAE] epoch=2245 loss=0.59843528 recon=0.00014285 beh=6.022432 w=0.099 lr=2.559e-04 time=0.166s
[RQ-VAE] epoch=2246 loss=0.59915042 recon=0.00014312 beh=6.021545 w=0.099 lr=2.556e-04 time=0.164s
[RQ-VAE] epoch=2247 loss=0.59927952 recon=0.00014346 beh=6.014760 w=0.100 lr=2.553e-04 time=0.164s
[RQ-VAE] epoch=2248 loss=0.59969723 recon=0.00014353 beh=6.010911 w=0.100 lr=2.549e-04 time=0.166s
[RQ-VAE] epoch=2249 loss=0.60128373 recon=0.00014353 beh=6.018774 w=0.100 lr=2.546e-04 time=0.165s
[RQ-VAE] epoch=2250 loss=0.60288316 recon=0.00014359 lr=2.542e-04 raw_unique=22802/24587 collision=0.072599 time=0.164s
[RQ-VAE] epoch=2251 loss=0.60273159 recon=0.00014286 beh=6.017217 w=0.100 lr=2.539e-04 time=0.165s
[RQ-VAE] epoch=2252 loss=0.60427004 recon=0.00014242 beh=6.024564 w=0.100 lr=2.536e-04 time=0.166s
[RQ-VAE] epoch=2253 loss=0.60470635 recon=0.00014243 beh=6.020895 w=0.100 lr=2.532e-04 time=0.166s
[RQ-VAE] epoch=2254 loss=0.60548270 recon=0.00014253 beh=6.020638 w=0.101 lr=2.529e-04 time=0.165s
[RQ-VAE] epoch=2255 loss=0.60677916 recon=0.00014285 beh=6.025557 w=0.101 lr=2.525e-04 time=0.262s
[RQ-VAE] epoch=2256 loss=0.60702187 recon=0.00014308 beh=6.019986 w=0.101 lr=2.522e-04 time=0.164s
[RQ-VAE] epoch=2257 loss=0.60878825 recon=0.00014322 beh=6.029530 w=0.101 lr=2.519e-04 time=0.164s
[RQ-VAE] epoch=2258 loss=0.60830510 recon=0.00014410 beh=6.016778 w=0.101 lr=2.515e-04 time=0.165s
[RQ-VAE] epoch=2259 loss=0.61007357 recon=0.00014338 beh=6.026343 w=0.101 lr=2.512e-04 time=0.164s
[RQ-VAE] epoch=2260 loss=0.61179471 recon=0.00014299 beh=6.035410 w=0.101 lr=2.508e-04 time=0.164s
[RQ-VAE] epoch=2261 loss=0.61164653 recon=0.00014317 beh=6.026025 w=0.101 lr=2.505e-04 time=0.166s
[RQ-VAE] epoch=2262 loss=0.61105812 recon=0.00014339 beh=6.012314 w=0.102 lr=2.502e-04 time=0.165s
[RQ-VAE] epoch=2263 loss=0.61254907 recon=0.00014291 beh=6.019089 w=0.102 lr=2.498e-04 time=0.166s
[RQ-VAE] epoch=2264 loss=0.61337852 recon=0.00014267 beh=6.019352 w=0.102 lr=2.495e-04 time=0.165s
[RQ-VAE] epoch=2265 loss=0.61450088 recon=0.00014317 beh=6.022485 w=0.102 lr=2.492e-04 time=0.168s
[RQ-VAE] epoch=2266 loss=0.61396658 recon=0.00014250 beh=6.009401 w=0.102 lr=2.488e-04 time=0.166s
[RQ-VAE] epoch=2267 loss=0.61597013 recon=0.00014341 beh=6.021148 w=0.102 lr=2.485e-04 time=0.165s
[RQ-VAE] epoch=2268 loss=0.61649048 recon=0.00014325 beh=6.018392 w=0.102 lr=2.481e-04 time=0.165s
[RQ-VAE] epoch=2269 loss=0.61748528 recon=0.00014318 beh=6.020268 w=0.103 lr=2.478e-04 time=0.165s
[RQ-VAE] epoch=2270 loss=0.61848497 recon=0.00014303 beh=6.022181 w=0.103 lr=2.475e-04 time=0.165s
[RQ-VAE] epoch=2271 loss=0.61877120 recon=0.00014261 beh=6.017156 w=0.103 lr=2.471e-04 time=0.166s
[RQ-VAE] epoch=2272 loss=0.61954349 recon=0.00014220 beh=6.016869 w=0.103 lr=2.468e-04 time=0.166s
[RQ-VAE] epoch=2273 loss=0.62052459 recon=0.00014183 beh=6.018614 w=0.103 lr=2.464e-04 time=0.165s
[RQ-VAE] epoch=2274 loss=0.62081283 recon=0.00014300 beh=6.013610 w=0.103 lr=2.461e-04 time=0.164s
[RQ-VAE] epoch=2275 loss=0.62269264 recon=0.00014328 beh=6.024045 w=0.103 lr=2.458e-04 time=0.166s
[RQ-VAE] epoch=2276 loss=0.62348747 recon=0.00014365 beh=6.023957 w=0.103 lr=2.454e-04 time=0.164s
[RQ-VAE] epoch=2277 loss=0.62447059 recon=0.00014329 beh=6.025705 w=0.104 lr=2.451e-04 time=0.165s
[RQ-VAE] epoch=2278 loss=0.62502575 recon=0.00014275 beh=6.023329 w=0.104 lr=2.447e-04 time=0.165s
[RQ-VAE] epoch=2279 loss=0.62611097 recon=0.00014217 beh=6.026062 w=0.104 lr=2.444e-04 time=0.165s
[RQ-VAE] epoch=2280 loss=0.62702125 recon=0.00014272 beh=6.027078 w=0.104 lr=2.441e-04 time=0.165s
[RQ-VAE] epoch=2281 loss=0.62787753 recon=0.00014287 beh=6.027576 w=0.104 lr=2.437e-04 time=0.165s
[RQ-VAE] epoch=2282 loss=0.62723899 recon=0.00014248 beh=6.013744 w=0.104 lr=2.434e-04 time=0.165s
[RQ-VAE] epoch=2283 loss=0.62879372 recon=0.00014251 beh=6.020962 w=0.104 lr=2.431e-04 time=0.165s
[RQ-VAE] epoch=2284 loss=0.62996340 recon=0.00014219 beh=6.024477 w=0.105 lr=2.427e-04 time=0.256s
[RQ-VAE] epoch=2285 loss=0.63107890 recon=0.00014279 beh=6.027459 w=0.105 lr=2.424e-04 time=0.165s
[RQ-VAE] epoch=2286 loss=0.63053089 recon=0.00014242 beh=6.014560 w=0.105 lr=2.420e-04 time=0.165s
[RQ-VAE] epoch=2287 loss=0.63239861 recon=0.00014230 beh=6.024712 w=0.105 lr=2.417e-04 time=0.165s
[RQ-VAE] epoch=2288 loss=0.63279366 recon=0.00014250 beh=6.020824 w=0.105 lr=2.414e-04 time=0.166s
[RQ-VAE] epoch=2289 loss=0.63310236 recon=0.00014260 beh=6.016121 w=0.105 lr=2.410e-04 time=0.166s
[RQ-VAE] epoch=2290 loss=0.63401538 recon=0.00014285 beh=6.017177 w=0.105 lr=2.407e-04 time=0.165s
[RQ-VAE] epoch=2291 loss=0.63467568 recon=0.00014239 beh=6.015830 w=0.105 lr=2.403e-04 time=0.166s
[RQ-VAE] epoch=2292 loss=0.63589311 recon=0.00014265 beh=6.019763 w=0.106 lr=2.400e-04 time=0.165s
[RQ-VAE] epoch=2293 loss=0.63767225 recon=0.00014225 beh=6.029009 w=0.106 lr=2.397e-04 time=0.165s
[RQ-VAE] epoch=2294 loss=0.63750345 recon=0.00014260 beh=6.019819 w=0.106 lr=2.393e-04 time=0.165s
[RQ-VAE] epoch=2295 loss=0.63888335 recon=0.00014309 beh=6.025253 w=0.106 lr=2.390e-04 time=0.165s
[RQ-VAE] epoch=2296 loss=0.63832968 recon=0.00014335 beh=6.012468 w=0.106 lr=2.386e-04 time=0.165s
[RQ-VAE] epoch=2297 loss=0.63929796 recon=0.00014329 beh=6.014037 w=0.106 lr=2.383e-04 time=0.165s
[RQ-VAE] epoch=2298 loss=0.64084423 recon=0.00014326 beh=6.021031 w=0.106 lr=2.380e-04 time=0.165s
[RQ-VAE] epoch=2299 loss=0.64190960 recon=0.00014210 beh=6.023504 w=0.107 lr=2.376e-04 time=0.166s
[RQ-VAE] epoch=2300 loss=0.64310110 recon=0.00014226 lr=2.373e-04 raw_unique=22808/24587 collision=0.072355 time=0.165s
[RQ-VAE] epoch=2301 loss=0.64306664 recon=0.00014294 beh=6.019300 w=0.107 lr=2.369e-04 time=0.166s
[RQ-VAE] epoch=2302 loss=0.64321625 recon=0.00014284 beh=6.013191 w=0.107 lr=2.366e-04 time=0.165s
[RQ-VAE] epoch=2303 loss=0.64390576 recon=0.00014339 beh=6.012139 w=0.107 lr=2.363e-04 time=0.259s
[RQ-VAE] epoch=2304 loss=0.64490676 recon=0.00014278 beh=6.014005 w=0.107 lr=2.359e-04 time=0.164s
[RQ-VAE] epoch=2305 loss=0.64540100 recon=0.00014268 beh=6.011134 w=0.107 lr=2.356e-04 time=0.165s
[RQ-VAE] epoch=2306 loss=0.64692664 recon=0.00014272 beh=6.017878 w=0.107 lr=2.353e-04 time=0.165s
[RQ-VAE] epoch=2307 loss=0.64854181 recon=0.00014306 beh=6.025430 w=0.108 lr=2.349e-04 time=0.166s
[RQ-VAE] epoch=2308 loss=0.64757097 recon=0.00014355 beh=6.008960 w=0.108 lr=2.346e-04 time=0.165s
[RQ-VAE] epoch=2309 loss=0.64924550 recon=0.00014326 beh=6.017056 w=0.108 lr=2.342e-04 time=0.168s
[RQ-VAE] epoch=2310 loss=0.65080577 recon=0.00014303 beh=6.024079 w=0.108 lr=2.339e-04 time=0.166s
[RQ-VAE] epoch=2311 loss=0.65160364 recon=0.00014283 beh=6.024038 w=0.108 lr=2.336e-04 time=0.166s
[RQ-VAE] epoch=2312 loss=0.65105826 recon=0.00014308 beh=6.011582 w=0.108 lr=2.332e-04 time=0.165s
[RQ-VAE] epoch=2313 loss=0.65244508 recon=0.00014321 beh=6.016978 w=0.108 lr=2.329e-04 time=0.165s
[RQ-VAE] epoch=2314 loss=0.65410674 recon=0.00014301 beh=6.024900 w=0.109 lr=2.325e-04 time=0.166s
[RQ-VAE] epoch=2315 loss=0.65422004 recon=0.00014259 beh=6.018550 w=0.109 lr=2.322e-04 time=0.165s
[RQ-VAE] epoch=2316 loss=0.65563273 recon=0.00014243 beh=6.024152 w=0.109 lr=2.319e-04 time=0.166s
[RQ-VAE] epoch=2317 loss=0.65634096 recon=0.00014265 beh=6.023280 w=0.109 lr=2.315e-04 time=0.165s
[RQ-VAE] epoch=2318 loss=0.65726721 recon=0.00014272 beh=6.024411 w=0.109 lr=2.312e-04 time=0.264s
[RQ-VAE] epoch=2319 loss=0.65795231 recon=0.00014274 beh=6.023337 w=0.109 lr=2.308e-04 time=0.164s
[RQ-VAE] epoch=2320 loss=0.65762252 recon=0.00014263 beh=6.012980 w=0.109 lr=2.305e-04 time=0.164s
[RQ-VAE] epoch=2321 loss=0.65983003 recon=0.00014287 beh=6.025824 w=0.109 lr=2.302e-04 time=0.165s
[RQ-VAE] epoch=2322 loss=0.65952271 recon=0.00014335 beh=6.015684 w=0.110 lr=2.298e-04 time=0.166s
[RQ-VAE] epoch=2323 loss=0.66092515 recon=0.00014307 beh=6.021150 w=0.110 lr=2.295e-04 time=0.164s
[RQ-VAE] epoch=2324 loss=0.66071939 recon=0.00014323 beh=6.011967 w=0.110 lr=2.292e-04 time=0.165s
[RQ-VAE] epoch=2325 loss=0.66130757 recon=0.00014286 beh=6.010036 w=0.110 lr=2.288e-04 time=0.165s
[RQ-VAE] epoch=2326 loss=0.66255623 recon=0.00014299 beh=6.014091 w=0.110 lr=2.285e-04 time=0.164s
[RQ-VAE] epoch=2327 loss=0.66411591 recon=0.00014310 beh=6.020961 w=0.110 lr=2.281e-04 time=0.164s
[RQ-VAE] epoch=2328 loss=0.66518587 recon=0.00014271 beh=6.023391 w=0.110 lr=2.278e-04 time=0.164s
[RQ-VAE] epoch=2329 loss=0.66655368 recon=0.00014273 beh=6.028500 w=0.111 lr=2.275e-04 time=0.164s
[RQ-VAE] epoch=2330 loss=0.66688967 recon=0.00014255 beh=6.024265 w=0.111 lr=2.271e-04 time=0.165s
[RQ-VAE] epoch=2331 loss=0.66727269 recon=0.00014282 beh=6.020477 w=0.111 lr=2.268e-04 time=0.165s
[RQ-VAE] epoch=2332 loss=0.66791344 recon=0.00014281 beh=6.019022 w=0.111 lr=2.264e-04 time=0.164s
[RQ-VAE] epoch=2333 loss=0.66823256 recon=0.00014269 beh=6.014657 w=0.111 lr=2.261e-04 time=0.164s
[RQ-VAE] epoch=2334 loss=0.66865361 recon=0.00014218 beh=6.011234 w=0.111 lr=2.258e-04 time=0.164s
[RQ-VAE] epoch=2335 loss=0.66999769 recon=0.00014255 beh=6.016098 w=0.111 lr=2.254e-04 time=0.163s
[RQ-VAE] epoch=2336 loss=0.67116368 recon=0.00014278 beh=6.019371 w=0.111 lr=2.251e-04 time=0.164s
[RQ-VAE] epoch=2337 loss=0.67202061 recon=0.00014244 beh=6.019865 w=0.112 lr=2.247e-04 time=0.163s
[RQ-VAE] epoch=2338 loss=0.67335391 recon=0.00014284 beh=6.024614 w=0.112 lr=2.244e-04 time=0.165s
[RQ-VAE] epoch=2339 loss=0.67358172 recon=0.00014250 beh=6.019472 w=0.112 lr=2.241e-04 time=0.165s
[RQ-VAE] epoch=2340 loss=0.67408371 recon=0.00014264 beh=6.016789 w=0.112 lr=2.237e-04 time=0.164s
[RQ-VAE] epoch=2341 loss=0.67624277 recon=0.00014286 beh=6.028886 w=0.112 lr=2.234e-04 time=0.164s
[RQ-VAE] epoch=2342 loss=0.67645580 recon=0.00014283 beh=6.023618 w=0.112 lr=2.231e-04 time=0.164s
[RQ-VAE] epoch=2343 loss=0.67737544 recon=0.00014328 beh=6.024655 w=0.112 lr=2.227e-04 time=0.164s
[RQ-VAE] epoch=2344 loss=0.67775834 recon=0.00014285 beh=6.020927 w=0.113 lr=2.224e-04 time=0.164s
[RQ-VAE] epoch=2345 loss=0.67876834 recon=0.00014289 beh=6.022768 w=0.113 lr=2.220e-04 time=0.163s
[RQ-VAE] epoch=2346 loss=0.67896557 recon=0.00014215 beh=6.017406 w=0.113 lr=2.217e-04 time=0.164s
[RQ-VAE] epoch=2347 loss=0.68040657 recon=0.00014156 beh=6.023071 w=0.113 lr=2.214e-04 time=0.166s
[RQ-VAE] epoch=2348 loss=0.68134063 recon=0.00014188 beh=6.024227 w=0.113 lr=2.210e-04 time=0.165s
[RQ-VAE] epoch=2349 loss=0.68154794 recon=0.00014268 beh=6.018953 w=0.113 lr=2.207e-04 time=0.164s
[RQ-VAE] epoch=2350 loss=0.68240380 recon=0.00014290 lr=2.203e-04 raw_unique=22864/24587 collision=0.070078 time=0.164s
[RQ-VAE] epoch=2351 loss=0.68340683 recon=0.00014339 beh=6.021189 w=0.113 lr=2.200e-04 time=0.164s
[RQ-VAE] epoch=2352 loss=0.68442708 recon=0.00014302 beh=6.023104 w=0.114 lr=2.197e-04 time=0.164s
[RQ-VAE] epoch=2353 loss=0.68484819 recon=0.00014227 beh=6.019755 w=0.114 lr=2.193e-04 time=0.163s
[RQ-VAE] epoch=2354 loss=0.68530029 recon=0.00014323 beh=6.016665 w=0.114 lr=2.190e-04 time=0.164s
[RQ-VAE] epoch=2355 loss=0.68681145 recon=0.00014323 beh=6.022884 w=0.114 lr=2.186e-04 time=0.165s
[RQ-VAE] epoch=2356 loss=0.68729579 recon=0.00014320 beh=6.020085 w=0.114 lr=2.183e-04 time=0.162s
[RQ-VAE] epoch=2357 loss=0.68795639 recon=0.00014281 beh=6.018845 w=0.114 lr=2.180e-04 time=0.164s
[RQ-VAE] epoch=2358 loss=0.68793505 recon=0.00014322 beh=6.011644 w=0.114 lr=2.176e-04 time=0.163s
[RQ-VAE] epoch=2359 loss=0.68923301 recon=0.00014308 beh=6.015977 w=0.115 lr=2.173e-04 time=0.163s
[RQ-VAE] epoch=2360 loss=0.69010961 recon=0.00014327 beh=6.016630 w=0.115 lr=2.169e-04 time=0.164s
[RQ-VAE] epoch=2361 loss=0.69036609 recon=0.00014284 beh=6.011882 w=0.115 lr=2.166e-04 time=0.164s
[RQ-VAE] epoch=2362 loss=0.69194496 recon=0.00014257 beh=6.018648 w=0.115 lr=2.163e-04 time=0.163s
[RQ-VAE] epoch=2363 loss=0.69245809 recon=0.00014291 beh=6.016124 w=0.115 lr=2.159e-04 time=0.163s
[RQ-VAE] epoch=2364 loss=0.69374192 recon=0.00014290 beh=6.020299 w=0.115 lr=2.156e-04 time=0.164s
[RQ-VAE] epoch=2365 loss=0.69465554 recon=0.00014290 beh=6.021265 w=0.115 lr=2.153e-04 time=0.164s
[RQ-VAE] epoch=2366 loss=0.69552612 recon=0.00014278 beh=6.021850 w=0.115 lr=2.149e-04 time=0.164s
[RQ-VAE] epoch=2367 loss=0.69630563 recon=0.00014253 beh=6.021651 w=0.116 lr=2.146e-04 time=0.166s
[RQ-VAE] epoch=2368 loss=0.69732797 recon=0.00014256 beh=6.023556 w=0.116 lr=2.142e-04 time=0.164s
[RQ-VAE] epoch=2369 loss=0.69783998 recon=0.00014277 beh=6.021031 w=0.116 lr=2.139e-04 time=0.163s
[RQ-VAE] epoch=2370 loss=0.69767183 recon=0.00014270 beh=6.012661 w=0.116 lr=2.136e-04 time=0.163s
[RQ-VAE] epoch=2371 loss=0.69961262 recon=0.00014269 beh=6.022472 w=0.116 lr=2.132e-04 time=0.164s
[RQ-VAE] epoch=2372 loss=0.69995081 recon=0.00014334 beh=6.018473 w=0.116 lr=2.129e-04 time=0.163s
[RQ-VAE] epoch=2373 loss=0.70065421 recon=0.00014365 beh=6.017613 w=0.116 lr=2.125e-04 time=0.165s
[RQ-VAE] epoch=2374 loss=0.70260322 recon=0.00014322 beh=6.027465 w=0.117 lr=2.122e-04 time=0.164s
[RQ-VAE] epoch=2375 loss=0.70351398 recon=0.00014334 beh=6.028387 w=0.117 lr=2.119e-04 time=0.262s
[RQ-VAE] epoch=2376 loss=0.70315826 recon=0.00014360 beh=6.018456 w=0.117 lr=2.115e-04 time=0.164s
[RQ-VAE] epoch=2377 loss=0.70388925 recon=0.00014304 beh=6.017858 w=0.117 lr=2.112e-04 time=0.164s
[RQ-VAE] epoch=2378 loss=0.70551598 recon=0.00014262 beh=6.024896 w=0.117 lr=2.108e-04 time=0.164s
[RQ-VAE] epoch=2379 loss=0.70611113 recon=0.00014245 beh=6.023118 w=0.117 lr=2.105e-04 time=0.165s
[RQ-VAE] epoch=2380 loss=0.70651233 recon=0.00014263 beh=6.019690 w=0.117 lr=2.102e-04 time=0.166s
[RQ-VAE] epoch=2381 loss=0.70708525 recon=0.00014313 beh=6.017739 w=0.117 lr=2.098e-04 time=0.166s
[RQ-VAE] epoch=2382 loss=0.70792353 recon=0.00014272 beh=6.018049 w=0.118 lr=2.095e-04 time=0.167s
[RQ-VAE] epoch=2383 loss=0.70899862 recon=0.00014297 beh=6.020367 w=0.118 lr=2.092e-04 time=0.166s
[RQ-VAE] epoch=2384 loss=0.70862091 recon=0.00014312 beh=6.010341 w=0.118 lr=2.088e-04 time=0.167s
[RQ-VAE] epoch=2385 loss=0.70883298 recon=0.00014331 beh=6.005354 w=0.118 lr=2.085e-04 time=0.166s
[RQ-VAE] epoch=2386 loss=0.71138614 recon=0.00014394 beh=6.020188 w=0.118 lr=2.081e-04 time=0.17s
[RQ-VAE] epoch=2387 loss=0.71287578 recon=0.00014404 beh=6.025990 w=0.118 lr=2.078e-04 time=0.171s
[RQ-VAE] epoch=2388 loss=0.71325451 recon=0.00014380 beh=6.022398 w=0.118 lr=2.075e-04 time=0.165s
[RQ-VAE] epoch=2389 loss=0.71377063 recon=0.00014390 beh=6.019975 w=0.119 lr=2.071e-04 time=0.165s
[RQ-VAE] epoch=2390 loss=0.71423459 recon=0.00014384 beh=6.017126 w=0.119 lr=2.068e-04 time=0.165s
[RQ-VAE] epoch=2391 loss=0.71506190 recon=0.00014378 beh=6.017332 w=0.119 lr=2.064e-04 time=0.164s
[RQ-VAE] epoch=2392 loss=0.71553779 recon=0.00014374 beh=6.014585 w=0.119 lr=2.061e-04 time=0.165s
[RQ-VAE] epoch=2393 loss=0.71669281 recon=0.00014391 beh=6.017555 w=0.119 lr=2.058e-04 time=0.164s
[RQ-VAE] epoch=2394 loss=0.71748304 recon=0.00014305 beh=6.017456 w=0.119 lr=2.054e-04 time=0.164s
[RQ-VAE] epoch=2395 loss=0.71912211 recon=0.00014338 beh=6.024475 w=0.119 lr=2.051e-04 time=0.164s
[RQ-VAE] epoch=2396 loss=0.71865088 recon=0.00014313 beh=6.013807 w=0.119 lr=2.047e-04 time=0.164s
[RQ-VAE] epoch=2397 loss=0.71981376 recon=0.00014305 beh=6.016829 w=0.120 lr=2.044e-04 time=0.164s
[RQ-VAE] epoch=2398 loss=0.72099417 recon=0.00014326 beh=6.019990 w=0.120 lr=2.041e-04 time=0.165s
[RQ-VAE] epoch=2399 loss=0.72194850 recon=0.00014352 beh=6.021254 w=0.120 lr=2.037e-04 time=0.165s
[RQ-VAE] epoch=2400 loss=0.72264796 recon=0.00014368 lr=2.034e-04 raw_unique=22972/24587 collision=0.065685 time=0.163s
[RQ-VAE] epoch=2401 loss=0.72362930 recon=0.00014340 beh=6.021877 w=0.120 lr=2.031e-04 time=0.164s
[RQ-VAE] epoch=2402 loss=0.72284234 recon=0.00014334 beh=6.008653 w=0.120 lr=2.027e-04 time=0.163s
[RQ-VAE] epoch=2403 loss=0.72484356 recon=0.00014426 beh=6.018619 w=0.120 lr=2.024e-04 time=0.164s
[RQ-VAE] epoch=2404 loss=0.72497427 recon=0.00014371 beh=6.013045 w=0.121 lr=2.020e-04 time=0.263s
[RQ-VAE] epoch=2405 loss=0.72714543 recon=0.00014365 beh=6.024390 w=0.121 lr=2.017e-04 time=0.163s
[RQ-VAE] epoch=2406 loss=0.72767162 recon=0.00014262 beh=6.022117 w=0.121 lr=2.014e-04 time=0.163s
[RQ-VAE] epoch=2407 loss=0.72809118 recon=0.00014291 beh=6.018948 w=0.121 lr=2.010e-04 time=0.164s
[RQ-VAE] epoch=2408 loss=0.72897267 recon=0.00014269 beh=6.019607 w=0.121 lr=2.007e-04 time=0.164s
[RQ-VAE] epoch=2409 loss=0.73025286 recon=0.00014312 beh=6.023530 w=0.121 lr=2.003e-04 time=0.165s
[RQ-VAE] epoch=2410 loss=0.73126084 recon=0.00014312 beh=6.025216 w=0.121 lr=2.000e-04 time=0.165s
[RQ-VAE] epoch=2411 loss=0.73140275 recon=0.00014271 beh=6.019779 w=0.121 lr=1.997e-04 time=0.163s
[RQ-VAE] epoch=2412 loss=0.73222834 recon=0.00014218 beh=6.019973 w=0.122 lr=1.993e-04 time=0.164s
[RQ-VAE] epoch=2413 loss=0.73378301 recon=0.00014206 beh=6.026152 w=0.122 lr=1.990e-04 time=0.164s
[RQ-VAE] epoch=2414 loss=0.73232901 recon=0.00014234 beh=6.007624 w=0.122 lr=1.986e-04 time=0.165s
[RQ-VAE] epoch=2415 loss=0.73480463 recon=0.00014257 beh=6.021342 w=0.122 lr=1.983e-04 time=0.164s
[RQ-VAE] epoch=2416 loss=0.73599976 recon=0.00014263 beh=6.024564 w=0.122 lr=1.980e-04 time=0.163s
[RQ-VAE] epoch=2417 loss=0.73650599 recon=0.00014352 beh=6.022131 w=0.122 lr=1.976e-04 time=0.164s
[RQ-VAE] epoch=2418 loss=0.73764050 recon=0.00014366 beh=6.024838 w=0.122 lr=1.973e-04 time=0.163s
[RQ-VAE] epoch=2419 loss=0.73797446 recon=0.00014317 beh=6.021004 w=0.123 lr=1.969e-04 time=0.164s
[RQ-VAE] epoch=2420 loss=0.73860490 recon=0.00014328 beh=6.019607 w=0.123 lr=1.966e-04 time=0.165s
[RQ-VAE] epoch=2421 loss=0.73973984 recon=0.00014352 beh=6.022311 w=0.123 lr=1.963e-04 time=0.164s
[RQ-VAE] epoch=2422 loss=0.74051130 recon=0.00014399 beh=6.022048 w=0.123 lr=1.959e-04 time=0.165s
[RQ-VAE] epoch=2423 loss=0.74100173 recon=0.00014342 beh=6.019512 w=0.123 lr=1.956e-04 time=0.256s
[RQ-VAE] epoch=2424 loss=0.74164402 recon=0.00014324 beh=6.018211 w=0.123 lr=1.953e-04 time=0.164s
[RQ-VAE] epoch=2425 loss=0.74208772 recon=0.00014359 beh=6.015300 w=0.123 lr=1.949e-04 time=0.164s
[RQ-VAE] epoch=2426 loss=0.74416673 recon=0.00014332 beh=6.025645 w=0.123 lr=1.946e-04 time=0.17s
[RQ-VAE] epoch=2427 loss=0.74473602 recon=0.00014306 beh=6.023752 w=0.124 lr=1.942e-04 time=0.165s
[RQ-VAE] epoch=2428 loss=0.74511552 recon=0.00014345 beh=6.020326 w=0.124 lr=1.939e-04 time=0.164s
[RQ-VAE] epoch=2429 loss=0.74441469 recon=0.00014386 beh=6.008178 w=0.124 lr=1.936e-04 time=0.164s
[RQ-VAE] epoch=2430 loss=0.74605387 recon=0.00014389 beh=6.014939 w=0.124 lr=1.932e-04 time=0.164s
[RQ-VAE] epoch=2431 loss=0.74713218 recon=0.00014380 beh=6.017169 w=0.124 lr=1.929e-04 time=0.166s
[RQ-VAE] epoch=2432 loss=0.74918085 recon=0.00014279 beh=6.027209 w=0.124 lr=1.925e-04 time=0.165s
[RQ-VAE] epoch=2433 loss=0.74908042 recon=0.00014308 beh=6.019947 w=0.124 lr=1.922e-04 time=0.164s
[RQ-VAE] epoch=2434 loss=0.74958038 recon=0.00014359 beh=6.017507 w=0.125 lr=1.919e-04 time=0.163s
[RQ-VAE] epoch=2435 loss=0.75035918 recon=0.00014379 beh=6.017315 w=0.125 lr=1.915e-04 time=0.164s
[RQ-VAE] epoch=2436 loss=0.75243032 recon=0.00014342 beh=6.027485 w=0.125 lr=1.912e-04 time=0.163s
[RQ-VAE] epoch=2437 loss=0.75286788 recon=0.00014393 beh=6.024554 w=0.125 lr=1.908e-04 time=0.163s
[RQ-VAE] epoch=2438 loss=0.75346446 recon=0.00014388 beh=6.022902 w=0.125 lr=1.905e-04 time=0.257s
[RQ-VAE] epoch=2439 loss=0.75273222 recon=0.00014414 beh=6.010639 w=0.125 lr=1.902e-04 time=0.164s
[RQ-VAE] epoch=2440 loss=0.75378263 recon=0.00014359 beh=6.012624 w=0.125 lr=1.898e-04 time=0.164s
[RQ-VAE] epoch=2441 loss=0.75543416 recon=0.00014374 beh=6.019395 w=0.125 lr=1.895e-04 time=0.164s
[RQ-VAE] epoch=2442 loss=0.75531924 recon=0.00014343 beh=6.012087 w=0.126 lr=1.892e-04 time=0.165s
[RQ-VAE] epoch=2443 loss=0.75605309 recon=0.00014345 beh=6.011553 w=0.126 lr=1.888e-04 time=0.165s
[RQ-VAE] epoch=2444 loss=0.75835133 recon=0.00014383 beh=6.023447 w=0.126 lr=1.885e-04 time=0.164s
[RQ-VAE] epoch=2445 loss=0.75802702 recon=0.00014405 beh=6.014497 w=0.126 lr=1.881e-04 time=0.165s
[RQ-VAE] epoch=2446 loss=0.75981915 recon=0.00014451 beh=6.022335 w=0.126 lr=1.878e-04 time=0.166s
[RQ-VAE] epoch=2447 loss=0.75924838 recon=0.00014412 beh=6.011457 w=0.126 lr=1.875e-04 time=0.164s
[RQ-VAE] epoch=2448 loss=0.76173317 recon=0.00014396 beh=6.024780 w=0.126 lr=1.871e-04 time=0.165s
[RQ-VAE] epoch=2449 loss=0.76399982 recon=0.00014342 beh=6.036356 w=0.127 lr=1.868e-04 time=0.166s
[RQ-VAE] epoch=2450 loss=0.76311588 recon=0.00014338 lr=1.864e-04 raw_unique=22932/24587 collision=0.067312 time=0.165s
[RQ-VAE] epoch=2451 loss=0.76389629 recon=0.00014367 beh=6.022846 w=0.127 lr=1.861e-04 time=0.165s
[RQ-VAE] epoch=2452 loss=0.76376635 recon=0.00014401 beh=6.015494 w=0.127 lr=1.858e-04 time=0.164s
[RQ-VAE] epoch=2453 loss=0.76443583 recon=0.00014430 beh=6.014446 w=0.127 lr=1.854e-04 time=0.165s
[RQ-VAE] epoch=2454 loss=0.76525676 recon=0.00014386 beh=6.014596 w=0.127 lr=1.851e-04 time=0.165s
[RQ-VAE] epoch=2455 loss=0.76622850 recon=0.00014293 beh=6.015937 w=0.127 lr=1.847e-04 time=0.165s
[RQ-VAE] epoch=2456 loss=0.76779854 recon=0.00014342 beh=6.021964 w=0.127 lr=1.844e-04 time=0.165s
[RQ-VAE] epoch=2457 loss=0.76919687 recon=0.00014345 beh=6.026636 w=0.128 lr=1.841e-04 time=0.165s
[RQ-VAE] epoch=2458 loss=0.76777315 recon=0.00014341 beh=6.009194 w=0.128 lr=1.837e-04 time=0.165s
[RQ-VAE] epoch=2459 loss=0.76889038 recon=0.00014323 beh=6.011666 w=0.128 lr=1.834e-04 time=0.165s
[RQ-VAE] epoch=2460 loss=0.76969308 recon=0.00014314 beh=6.011670 w=0.128 lr=1.831e-04 time=0.166s
[RQ-VAE] epoch=2461 loss=0.77160984 recon=0.00014331 beh=6.020371 w=0.128 lr=1.827e-04 time=0.165s
[RQ-VAE] epoch=2462 loss=0.77252549 recon=0.00014294 beh=6.021258 w=0.128 lr=1.824e-04 time=0.164s
[RQ-VAE] epoch=2463 loss=0.77264649 recon=0.00014235 beh=6.015954 w=0.128 lr=1.820e-04 time=0.165s
[RQ-VAE] epoch=2464 loss=0.77371818 recon=0.00014260 beh=6.018054 w=0.129 lr=1.817e-04 time=0.165s
[RQ-VAE] epoch=2465 loss=0.77528697 recon=0.00014308 beh=6.024005 w=0.129 lr=1.814e-04 time=0.166s
[RQ-VAE] epoch=2466 loss=0.77516037 recon=0.00014314 beh=6.016783 w=0.129 lr=1.810e-04 time=0.164s
[RQ-VAE] epoch=2467 loss=0.77615428 recon=0.00014328 beh=6.018266 w=0.129 lr=1.807e-04 time=0.165s
[RQ-VAE] epoch=2468 loss=0.77691853 recon=0.00014316 beh=6.017971 w=0.129 lr=1.803e-04 time=0.165s
[RQ-VAE] epoch=2469 loss=0.77758098 recon=0.00014313 beh=6.016892 w=0.129 lr=1.800e-04 time=0.164s
[RQ-VAE] epoch=2470 loss=0.77909422 recon=0.00014294 beh=6.022391 w=0.129 lr=1.797e-04 time=0.164s
[RQ-VAE] epoch=2471 loss=0.77923763 recon=0.00014370 beh=6.017292 w=0.129 lr=1.793e-04 time=0.165s
[RQ-VAE] epoch=2472 loss=0.78049672 recon=0.00014344 beh=6.020817 w=0.130 lr=1.790e-04 time=0.164s
[RQ-VAE] epoch=2473 loss=0.78055930 recon=0.00014377 beh=6.015111 w=0.130 lr=1.786e-04 time=0.165s
[RQ-VAE] epoch=2474 loss=0.78120655 recon=0.00014391 beh=6.013920 w=0.130 lr=1.783e-04 time=0.164s
[RQ-VAE] epoch=2475 loss=0.78239554 recon=0.00014414 beh=6.016894 w=0.130 lr=1.780e-04 time=0.165s
[RQ-VAE] epoch=2476 loss=0.78385842 recon=0.00014401 beh=6.021973 w=0.130 lr=1.776e-04 time=0.165s
[RQ-VAE] epoch=2477 loss=0.78406626 recon=0.00014372 beh=6.017407 w=0.130 lr=1.773e-04 time=0.164s
[RQ-VAE] epoch=2478 loss=0.78457153 recon=0.00014335 beh=6.015131 w=0.130 lr=1.769e-04 time=0.165s
[RQ-VAE] epoch=2479 loss=0.78653675 recon=0.00014377 beh=6.024042 w=0.131 lr=1.766e-04 time=0.166s
[RQ-VAE] epoch=2480 loss=0.78630012 recon=0.00014413 beh=6.016077 w=0.131 lr=1.763e-04 time=0.164s
[RQ-VAE] epoch=2481 loss=0.78697932 recon=0.00014379 beh=6.015140 w=0.131 lr=1.759e-04 time=0.165s
[RQ-VAE] epoch=2482 loss=0.78828394 recon=0.00014382 beh=6.018978 w=0.131 lr=1.756e-04 time=0.165s
[RQ-VAE] epoch=2483 loss=0.78968966 recon=0.00014386 beh=6.023585 w=0.131 lr=1.753e-04 time=0.164s
[RQ-VAE] epoch=2484 loss=0.79154360 recon=0.00014400 beh=6.031589 w=0.131 lr=1.749e-04 time=0.165s
[RQ-VAE] epoch=2485 loss=0.79123628 recon=0.00014398 beh=6.023132 w=0.131 lr=1.746e-04 time=0.165s
[RQ-VAE] epoch=2486 loss=0.79154021 recon=0.00014396 beh=6.019332 w=0.131 lr=1.742e-04 time=0.164s
[RQ-VAE] epoch=2487 loss=0.79190135 recon=0.00014325 beh=6.015985 w=0.132 lr=1.739e-04 time=0.165s
[RQ-VAE] epoch=2488 loss=0.79260969 recon=0.00014334 beh=6.015277 w=0.132 lr=1.736e-04 time=0.165s
[RQ-VAE] epoch=2489 loss=0.79455483 recon=0.00014341 beh=6.023943 w=0.132 lr=1.732e-04 time=0.164s
[RQ-VAE] epoch=2490 loss=0.79565269 recon=0.00014337 beh=6.026175 w=0.132 lr=1.729e-04 time=0.165s
[RQ-VAE] epoch=2491 loss=0.79617149 recon=0.00014361 beh=6.024021 w=0.132 lr=1.725e-04 time=0.164s
[RQ-VAE] epoch=2492 loss=0.79615456 recon=0.00014460 beh=6.017815 w=0.132 lr=1.722e-04 time=0.165s
[RQ-VAE] epoch=2493 loss=0.79616982 recon=0.00014421 beh=6.011872 w=0.132 lr=1.719e-04 time=0.165s
[RQ-VAE] epoch=2494 loss=0.79803932 recon=0.00014403 beh=6.019924 w=0.133 lr=1.715e-04 time=0.164s
[RQ-VAE] epoch=2495 loss=0.79773206 recon=0.00014333 beh=6.011563 w=0.133 lr=1.712e-04 time=0.257s
[RQ-VAE] epoch=2496 loss=0.79978299 recon=0.00014379 beh=6.020968 w=0.133 lr=1.708e-04 time=0.165s
[RQ-VAE] epoch=2497 loss=0.79991627 recon=0.00014341 beh=6.015936 w=0.133 lr=1.705e-04 time=0.166s
[RQ-VAE] epoch=2498 loss=0.80158818 recon=0.00014381 beh=6.022470 w=0.133 lr=1.702e-04 time=0.166s
[RQ-VAE] epoch=2499 loss=0.80205667 recon=0.00014368 beh=6.019959 w=0.133 lr=1.698e-04 time=0.165s
[RQ-VAE] epoch=2500 loss=0.80252582 recon=0.00014350 lr=1.695e-04 raw_unique=22868/24587 collision=0.069915 time=0.165s
[RQ-VAE] epoch=2501 loss=0.80338311 recon=0.00014402 beh=6.017869 w=0.133 lr=1.692e-04 time=0.172s
[RQ-VAE] epoch=2502 loss=0.80427659 recon=0.00014405 beh=6.018545 w=0.134 lr=1.688e-04 time=0.165s
[RQ-VAE] epoch=2503 loss=0.80542386 recon=0.00014418 beh=6.021121 w=0.134 lr=1.685e-04 time=0.164s
[RQ-VAE] epoch=2504 loss=0.80735505 recon=0.00014397 beh=6.029559 w=0.134 lr=1.681e-04 time=0.164s
[RQ-VAE] epoch=2505 loss=0.80680990 recon=0.00014388 beh=6.019491 w=0.134 lr=1.678e-04 time=0.164s
[RQ-VAE] epoch=2506 loss=0.80710655 recon=0.00014397 beh=6.015718 w=0.134 lr=1.675e-04 time=0.164s
[RQ-VAE] epoch=2507 loss=0.80816746 recon=0.00014343 beh=6.017652 w=0.134 lr=1.671e-04 time=0.165s
[RQ-VAE] epoch=2508 loss=0.81048852 recon=0.00014355 beh=6.028953 w=0.134 lr=1.668e-04 time=0.165s
[RQ-VAE] epoch=2509 loss=0.80990714 recon=0.00014423 beh=6.018647 w=0.135 lr=1.664e-04 time=0.165s
[RQ-VAE] epoch=2510 loss=0.81016850 recon=0.00014431 beh=6.014629 w=0.135 lr=1.661e-04 time=0.165s
[RQ-VAE] epoch=2511 loss=0.81079149 recon=0.00014465 beh=6.013300 w=0.135 lr=1.658e-04 time=0.165s
[RQ-VAE] epoch=2512 loss=0.81070018 recon=0.00014454 beh=6.006682 w=0.135 lr=1.654e-04 time=0.164s
[RQ-VAE] epoch=2513 loss=0.81254780 recon=0.00014442 beh=6.014436 w=0.135 lr=1.651e-04 time=0.165s
[RQ-VAE] epoch=2514 loss=0.81462908 recon=0.00014388 beh=6.023900 w=0.135 lr=1.647e-04 time=0.165s
[RQ-VAE] epoch=2515 loss=0.81591415 recon=0.00014303 beh=6.027463 w=0.135 lr=1.644e-04 time=0.164s
[RQ-VAE] epoch=2516 loss=0.81569290 recon=0.00014380 beh=6.019894 w=0.135 lr=1.641e-04 time=0.17s
[RQ-VAE] epoch=2517 loss=0.81504464 recon=0.00014342 beh=6.009201 w=0.136 lr=1.637e-04 time=0.165s
[RQ-VAE] epoch=2518 loss=0.81622541 recon=0.00014359 beh=6.011999 w=0.136 lr=1.634e-04 time=0.166s
[RQ-VAE] epoch=2519 loss=0.81801987 recon=0.00014367 beh=6.019305 w=0.136 lr=1.631e-04 time=0.165s
[RQ-VAE] epoch=2520 loss=0.81946015 recon=0.00014358 beh=6.023995 w=0.136 lr=1.627e-04 time=0.165s
[RQ-VAE] epoch=2521 loss=0.81956214 recon=0.00014327 beh=6.018847 w=0.136 lr=1.624e-04 time=0.165s
[RQ-VAE] epoch=2522 loss=0.81994951 recon=0.00014384 beh=6.015794 w=0.136 lr=1.620e-04 time=0.165s
[RQ-VAE] epoch=2523 loss=0.82148159 recon=0.00014372 beh=6.021143 w=0.136 lr=1.617e-04 time=0.164s
[RQ-VAE] epoch=2524 loss=0.82152015 recon=0.00014361 beh=6.015547 w=0.137 lr=1.614e-04 time=0.257s
[RQ-VAE] epoch=2525 loss=0.82334960 recon=0.00014375 beh=6.023066 w=0.137 lr=1.610e-04 time=0.165s
[RQ-VAE] epoch=2526 loss=0.82328117 recon=0.00014391 beh=6.016689 w=0.137 lr=1.607e-04 time=0.165s
[RQ-VAE] epoch=2527 loss=0.82381696 recon=0.00014375 beh=6.014746 w=0.137 lr=1.603e-04 time=0.164s
[RQ-VAE] epoch=2528 loss=0.82487452 recon=0.00014413 beh=6.016608 w=0.137 lr=1.600e-04 time=0.164s
[RQ-VAE] epoch=2529 loss=0.82693022 recon=0.00014396 beh=6.025749 w=0.137 lr=1.597e-04 time=0.165s
[RQ-VAE] epoch=2530 loss=0.82704520 recon=0.00014419 beh=6.020730 w=0.137 lr=1.593e-04 time=0.164s
[RQ-VAE] epoch=2531 loss=0.82762027 recon=0.00014472 beh=6.019070 w=0.137 lr=1.590e-04 time=0.165s
[RQ-VAE] epoch=2532 loss=0.82760245 recon=0.00014447 beh=6.013112 w=0.138 lr=1.586e-04 time=0.165s
[RQ-VAE] epoch=2533 loss=0.82975775 recon=0.00014402 beh=6.022946 w=0.138 lr=1.583e-04 time=0.167s
[RQ-VAE] epoch=2534 loss=0.82993889 recon=0.00014369 beh=6.018444 w=0.138 lr=1.580e-04 time=0.165s
[RQ-VAE] epoch=2535 loss=0.83037353 recon=0.00014415 beh=6.015768 w=0.138 lr=1.576e-04 time=0.164s
[RQ-VAE] epoch=2536 loss=0.83253837 recon=0.00014463 beh=6.025634 w=0.138 lr=1.573e-04 time=0.164s
[RQ-VAE] epoch=2537 loss=0.83268547 recon=0.00014416 beh=6.020890 w=0.138 lr=1.569e-04 time=0.165s
[RQ-VAE] epoch=2538 loss=0.83259171 recon=0.00014430 beh=6.014410 w=0.138 lr=1.566e-04 time=0.164s
[RQ-VAE] epoch=2539 loss=0.83291018 recon=0.00014444 beh=6.010921 w=0.139 lr=1.563e-04 time=0.164s
[RQ-VAE] epoch=2540 loss=0.83448726 recon=0.00014433 beh=6.016518 w=0.139 lr=1.559e-04 time=0.164s
[RQ-VAE] epoch=2541 loss=0.83457786 recon=0.00014388 beh=6.011391 w=0.139 lr=1.556e-04 time=0.165s
[RQ-VAE] epoch=2542 loss=0.83549738 recon=0.00014435 beh=6.012238 w=0.139 lr=1.553e-04 time=0.17s
[RQ-VAE] epoch=2543 loss=0.83582181 recon=0.00014387 beh=6.008810 w=0.139 lr=1.549e-04 time=0.263s
[RQ-VAE] epoch=2544 loss=0.83637094 recon=0.00014350 beh=6.007004 w=0.139 lr=1.546e-04 time=0.164s
[RQ-VAE] epoch=2545 loss=0.83922428 recon=0.00014355 beh=6.021733 w=0.139 lr=1.542e-04 time=0.165s
[RQ-VAE] epoch=2546 loss=0.83976579 recon=0.00014333 beh=6.019859 w=0.139 lr=1.539e-04 time=0.165s
[RQ-VAE] epoch=2547 loss=0.84162521 recon=0.00014320 beh=6.027433 w=0.140 lr=1.536e-04 time=0.164s
[RQ-VAE] epoch=2548 loss=0.84080136 recon=0.00014312 beh=6.015789 w=0.140 lr=1.532e-04 time=0.165s
[RQ-VAE] epoch=2549 loss=0.84282982 recon=0.00014385 beh=6.024548 w=0.140 lr=1.529e-04 time=0.164s
[RQ-VAE] epoch=2550 loss=0.84352702 recon=0.00014376 lr=1.525e-04 raw_unique=22965/24587 collision=0.065970 time=0.165s
[RQ-VAE] epoch=2551 loss=0.84260869 recon=0.00014461 beh=6.011502 w=0.140 lr=1.522e-04 time=0.166s
[RQ-VAE] epoch=2552 loss=0.84444004 recon=0.00014387 beh=6.018848 w=0.140 lr=1.519e-04 time=0.165s
[RQ-VAE] epoch=2553 loss=0.84553236 recon=0.00014398 beh=6.020913 w=0.140 lr=1.515e-04 time=0.165s
[RQ-VAE] epoch=2554 loss=0.84612465 recon=0.00014342 beh=6.019417 w=0.141 lr=1.512e-04 time=0.164s
[RQ-VAE] epoch=2555 loss=0.84706986 recon=0.00014333 beh=6.020433 w=0.141 lr=1.508e-04 time=0.164s
[RQ-VAE] epoch=2556 loss=0.84644574 recon=0.00014353 beh=6.010298 w=0.141 lr=1.505e-04 time=0.164s
[RQ-VAE] epoch=2557 loss=0.84797513 recon=0.00014354 beh=6.015465 w=0.141 lr=1.502e-04 time=0.164s
[RQ-VAE] epoch=2558 loss=0.84882593 recon=0.00014370 beh=6.015806 w=0.141 lr=1.498e-04 time=0.164s
[RQ-VAE] epoch=2559 loss=0.84919202 recon=0.00014386 beh=6.012718 w=0.141 lr=1.495e-04 time=0.258s
[RQ-VAE] epoch=2560 loss=0.84988332 recon=0.00014433 beh=6.011935 w=0.141 lr=1.492e-04 time=0.165s
[RQ-VAE] epoch=2561 loss=0.85151517 recon=0.00014396 beh=6.017809 w=0.141 lr=1.488e-04 time=0.164s
[RQ-VAE] epoch=2562 loss=0.85343426 recon=0.00014433 beh=6.025691 w=0.142 lr=1.485e-04 time=0.169s
[RQ-VAE] epoch=2563 loss=0.85252535 recon=0.00014386 beh=6.013616 w=0.142 lr=1.481e-04 time=0.165s
[RQ-VAE] epoch=2564 loss=0.85350418 recon=0.00014367 beh=6.014866 w=0.142 lr=1.478e-04 time=0.165s
[RQ-VAE] epoch=2565 loss=0.85569340 recon=0.00014371 beh=6.024633 w=0.142 lr=1.475e-04 time=0.164s
[RQ-VAE] epoch=2566 loss=0.85629165 recon=0.00014428 beh=6.023190 w=0.142 lr=1.471e-04 time=0.164s
[RQ-VAE] epoch=2567 loss=0.85557115 recon=0.00014420 beh=6.012478 w=0.142 lr=1.468e-04 time=0.164s
[RQ-VAE] epoch=2568 loss=0.85705036 recon=0.00014395 beh=6.017240 w=0.142 lr=1.464e-04 time=0.165s
[RQ-VAE] epoch=2569 loss=0.85913074 recon=0.00014425 beh=6.026206 w=0.143 lr=1.461e-04 time=0.166s
[RQ-VAE] epoch=2570 loss=0.85774487 recon=0.00014376 beh=6.010863 w=0.143 lr=1.458e-04 time=0.165s
[RQ-VAE] epoch=2571 loss=0.85966480 recon=0.00014405 beh=6.018692 w=0.143 lr=1.454e-04 time=0.166s
[RQ-VAE] epoch=2572 loss=0.86012369 recon=0.00014418 beh=6.016284 w=0.143 lr=1.451e-04 time=0.164s
[RQ-VAE] epoch=2573 loss=0.86119640 recon=0.00014387 beh=6.018177 w=0.143 lr=1.447e-04 time=0.164s
[RQ-VAE] epoch=2574 loss=0.86270869 recon=0.00014362 beh=6.023139 w=0.143 lr=1.444e-04 time=0.166s
[RQ-VAE] epoch=2575 loss=0.86263674 recon=0.00014437 beh=6.017029 w=0.143 lr=1.441e-04 time=0.164s
[RQ-VAE] epoch=2576 loss=0.86445040 recon=0.00014445 beh=6.024076 w=0.143 lr=1.437e-04 time=0.165s
[RQ-VAE] epoch=2577 loss=0.86440474 recon=0.00014468 beh=6.018166 w=0.144 lr=1.434e-04 time=0.17s
[RQ-VAE] epoch=2578 loss=0.86462963 recon=0.00014400 beh=6.014151 w=0.144 lr=1.431e-04 time=0.164s
[RQ-VAE] epoch=2579 loss=0.86619830 recon=0.00014390 beh=6.019482 w=0.144 lr=1.427e-04 time=0.164s
[RQ-VAE] epoch=2580 loss=0.86615586 recon=0.00014441 beh=6.013614 w=0.144 lr=1.424e-04 time=0.166s
[RQ-VAE] epoch=2581 loss=0.86742461 recon=0.00014396 beh=6.016856 w=0.144 lr=1.420e-04 time=0.164s
[RQ-VAE] epoch=2582 loss=0.86903274 recon=0.00014371 beh=6.022443 w=0.144 lr=1.417e-04 time=0.164s
[RQ-VAE] epoch=2583 loss=0.87062991 recon=0.00014455 beh=6.027936 w=0.144 lr=1.414e-04 time=0.165s
[RQ-VAE] epoch=2584 loss=0.86961639 recon=0.00014435 beh=6.015360 w=0.145 lr=1.410e-04 time=0.165s
[RQ-VAE] epoch=2585 loss=0.87026125 recon=0.00014420 beh=6.014278 w=0.145 lr=1.407e-04 time=0.165s
[RQ-VAE] epoch=2586 loss=0.87102264 recon=0.00014424 beh=6.013998 w=0.145 lr=1.403e-04 time=0.165s
[RQ-VAE] epoch=2587 loss=0.87218022 recon=0.00014434 beh=6.016451 w=0.145 lr=1.400e-04 time=0.166s
[RQ-VAE] epoch=2588 loss=0.87335753 recon=0.00014435 beh=6.019036 w=0.145 lr=1.397e-04 time=0.164s
[RQ-VAE] epoch=2589 loss=0.87443078 recon=0.00014405 beh=6.020905 w=0.145 lr=1.393e-04 time=0.164s
[RQ-VAE] epoch=2590 loss=0.87392288 recon=0.00014455 beh=6.011885 w=0.145 lr=1.390e-04 time=0.164s
[RQ-VAE] epoch=2591 loss=0.87533677 recon=0.00014418 beh=6.016094 w=0.145 lr=1.386e-04 time=0.166s
[RQ-VAE] epoch=2592 loss=0.87683588 recon=0.00014371 beh=6.020884 w=0.146 lr=1.383e-04 time=0.165s
[RQ-VAE] epoch=2593 loss=0.87706816 recon=0.00014370 beh=6.016968 w=0.146 lr=1.380e-04 time=0.164s
[RQ-VAE] epoch=2594 loss=0.87870157 recon=0.00014372 beh=6.022666 w=0.146 lr=1.376e-04 time=0.165s
[RQ-VAE] epoch=2595 loss=0.87841344 recon=0.00014316 beh=6.015195 w=0.146 lr=1.373e-04 time=0.165s
[RQ-VAE] epoch=2596 loss=0.88079441 recon=0.00014317 beh=6.026000 w=0.146 lr=1.369e-04 time=0.165s
[RQ-VAE] epoch=2597 loss=0.87920618 recon=0.00014289 beh=6.009652 w=0.146 lr=1.366e-04 time=0.164s
[RQ-VAE] epoch=2598 loss=0.88128209 recon=0.00014278 beh=6.018359 w=0.146 lr=1.363e-04 time=0.164s
[RQ-VAE] epoch=2599 loss=0.88090956 recon=0.00014313 beh=6.010341 w=0.147 lr=1.359e-04 time=0.164s
[RQ-VAE] epoch=2600 loss=0.88364255 recon=0.00014335 lr=1.356e-04 raw_unique=22904/24587 collision=0.068451 time=0.164s
[RQ-VAE] epoch=2601 loss=0.88227153 recon=0.00014343 beh=6.008700 w=0.147 lr=1.353e-04 time=0.165s
[RQ-VAE] epoch=2602 loss=0.88591599 recon=0.00014377 beh=6.028052 w=0.147 lr=1.349e-04 time=0.164s
[RQ-VAE] epoch=2603 loss=0.88457274 recon=0.00014345 beh=6.013450 w=0.147 lr=1.346e-04 time=0.164s
[RQ-VAE] epoch=2604 loss=0.88513428 recon=0.00014379 beh=6.011814 w=0.147 lr=1.342e-04 time=0.165s
[RQ-VAE] epoch=2605 loss=0.88638848 recon=0.00014371 beh=6.014886 w=0.147 lr=1.339e-04 time=0.165s
[RQ-VAE] epoch=2606 loss=0.88712543 recon=0.00014353 beh=6.014443 w=0.147 lr=1.336e-04 time=0.166s
[RQ-VAE] epoch=2607 loss=0.88781345 recon=0.00014394 beh=6.013675 w=0.148 lr=1.332e-04 time=0.171s
[RQ-VAE] epoch=2608 loss=0.88939011 recon=0.00014395 beh=6.018920 w=0.148 lr=1.329e-04 time=0.164s
[RQ-VAE] epoch=2609 loss=0.89023948 recon=0.00014362 beh=6.019245 w=0.148 lr=1.325e-04 time=0.164s
[RQ-VAE] epoch=2610 loss=0.89095545 recon=0.00014378 beh=6.018657 w=0.148 lr=1.322e-04 time=0.164s
[RQ-VAE] epoch=2611 loss=0.89258897 recon=0.00014362 beh=6.024271 w=0.148 lr=1.319e-04 time=0.167s
[RQ-VAE] epoch=2612 loss=0.89362884 recon=0.00014341 beh=6.025860 w=0.148 lr=1.315e-04 time=0.167s
[RQ-VAE] epoch=2613 loss=0.89339447 recon=0.00014355 beh=6.018866 w=0.148 lr=1.312e-04 time=0.168s
[RQ-VAE] epoch=2614 loss=0.89464206 recon=0.00014390 beh=6.021867 w=0.149 lr=1.308e-04 time=0.167s
[RQ-VAE] epoch=2615 loss=0.89563423 recon=0.00014420 beh=6.023140 w=0.149 lr=1.305e-04 time=0.265s
[RQ-VAE] epoch=2616 loss=0.89640760 recon=0.00014462 beh=6.022938 w=0.149 lr=1.302e-04 time=0.167s
[RQ-VAE] epoch=2617 loss=0.89681315 recon=0.00014472 beh=6.020265 w=0.149 lr=1.298e-04 time=0.167s
[RQ-VAE] epoch=2618 loss=0.89699584 recon=0.00014412 beh=6.016106 w=0.149 lr=1.295e-04 time=0.167s
[RQ-VAE] epoch=2619 loss=0.89854240 recon=0.00014407 beh=6.021093 w=0.149 lr=1.292e-04 time=0.168s
[RQ-VAE] epoch=2620 loss=0.89761996 recon=0.00014492 beh=6.009536 w=0.149 lr=1.288e-04 time=0.166s
[RQ-VAE] epoch=2621 loss=0.89905781 recon=0.00014447 beh=6.013800 w=0.149 lr=1.285e-04 time=0.167s
[RQ-VAE] epoch=2622 loss=0.90097839 recon=0.00014490 beh=6.021279 w=0.150 lr=1.281e-04 time=0.168s
[RQ-VAE] epoch=2623 loss=0.90115166 recon=0.00014484 beh=6.017075 w=0.150 lr=1.278e-04 time=0.167s
[RQ-VAE] epoch=2624 loss=0.90117610 recon=0.00014492 beh=6.011883 w=0.150 lr=1.275e-04 time=0.167s
[RQ-VAE] epoch=2625 loss=0.90278345 recon=0.00014458 beh=6.017255 w=0.150 lr=1.271e-04 time=0.167s
[RQ-VAE] epoch=2626 loss=0.90298992 recon=0.00014395 beh=6.013292 w=0.150 lr=1.268e-04 time=0.166s
[RQ-VAE] epoch=2627 loss=0.90438390 recon=0.00014384 beh=6.017236 w=0.150 lr=1.264e-04 time=0.166s
[RQ-VAE] epoch=2628 loss=0.90509784 recon=0.00014421 beh=6.016643 w=0.150 lr=1.261e-04 time=0.167s
[RQ-VAE] epoch=2629 loss=0.90679091 recon=0.00014431 beh=6.022563 w=0.151 lr=1.258e-04 time=0.167s
[RQ-VAE] epoch=2630 loss=0.90674555 recon=0.00014379 beh=6.016935 w=0.151 lr=1.254e-04 time=0.167s
[RQ-VAE] epoch=2631 loss=0.90698105 recon=0.00014428 beh=6.013175 w=0.151 lr=1.251e-04 time=0.167s
[RQ-VAE] epoch=2632 loss=0.90901387 recon=0.00014441 beh=6.021330 w=0.151 lr=1.247e-04 time=0.167s
[RQ-VAE] epoch=2633 loss=0.90822047 recon=0.00014436 beh=6.010764 w=0.151 lr=1.244e-04 time=0.166s
[RQ-VAE] epoch=2634 loss=0.91046929 recon=0.00014434 beh=6.020338 w=0.151 lr=1.241e-04 time=0.167s
[RQ-VAE] epoch=2635 loss=0.91119599 recon=0.00014425 beh=6.019838 w=0.151 lr=1.237e-04 time=0.167s
[RQ-VAE] epoch=2636 loss=0.91136408 recon=0.00014453 beh=6.015645 w=0.151 lr=1.234e-04 time=0.167s
[RQ-VAE] epoch=2637 loss=0.91157460 recon=0.00014425 beh=6.011742 w=0.152 lr=1.231e-04 time=0.168s
[RQ-VAE] epoch=2638 loss=0.91362208 recon=0.00014435 beh=6.019953 w=0.152 lr=1.227e-04 time=0.167s
[RQ-VAE] epoch=2639 loss=0.91331720 recon=0.00014412 beh=6.012661 w=0.152 lr=1.224e-04 time=0.167s
[RQ-VAE] epoch=2640 loss=0.91522014 recon=0.00014407 beh=6.019905 w=0.152 lr=1.220e-04 time=0.167s
[RQ-VAE] epoch=2641 loss=0.91393006 recon=0.00014420 beh=6.006151 w=0.152 lr=1.217e-04 time=0.167s
[RQ-VAE] epoch=2642 loss=0.91661280 recon=0.00014431 beh=6.018514 w=0.152 lr=1.214e-04 time=0.167s
[RQ-VAE] epoch=2643 loss=0.91725022 recon=0.00014386 beh=6.017431 w=0.152 lr=1.210e-04 time=0.167s
[RQ-VAE] epoch=2644 loss=0.91699576 recon=0.00014423 beh=6.010502 w=0.153 lr=1.207e-04 time=0.26s
[RQ-VAE] epoch=2645 loss=0.91794455 recon=0.00014489 beh=6.011459 w=0.153 lr=1.203e-04 time=0.167s
[RQ-VAE] epoch=2646 loss=0.91932082 recon=0.00014487 beh=6.015224 w=0.153 lr=1.200e-04 time=0.166s
[RQ-VAE] epoch=2647 loss=0.92063498 recon=0.00014434 beh=6.018577 w=0.153 lr=1.197e-04 time=0.167s
[RQ-VAE] epoch=2648 loss=0.92082214 recon=0.00014405 beh=6.014563 w=0.153 lr=1.193e-04 time=0.167s
[RQ-VAE] epoch=2649 loss=0.92358494 recon=0.00014382 beh=6.027357 w=0.153 lr=1.190e-04 time=0.168s
[RQ-VAE] epoch=2650 loss=0.92386079 recon=0.00014416 lr=1.186e-04 raw_unique=22884/24587 collision=0.069264 time=0.167s
[RQ-VAE] epoch=2651 loss=0.92348516 recon=0.00014447 beh=6.016231 w=0.153 lr=1.183e-04 time=0.168s
[RQ-VAE] epoch=2652 loss=0.92510694 recon=0.00014396 beh=6.021570 w=0.154 lr=1.180e-04 time=0.167s
[RQ-VAE] epoch=2653 loss=0.92445576 recon=0.00014392 beh=6.012110 w=0.154 lr=1.176e-04 time=0.168s
[RQ-VAE] epoch=2654 loss=0.92667472 recon=0.00014365 beh=6.021325 w=0.154 lr=1.173e-04 time=0.167s
[RQ-VAE] epoch=2655 loss=0.92589200 recon=0.00014386 beh=6.011025 w=0.154 lr=1.169e-04 time=0.168s
[RQ-VAE] epoch=2656 loss=0.92584509 recon=0.00014377 beh=6.005526 w=0.154 lr=1.166e-04 time=0.168s
[RQ-VAE] epoch=2657 loss=0.92782050 recon=0.00014409 beh=6.013136 w=0.154 lr=1.163e-04 time=0.167s
[RQ-VAE] epoch=2658 loss=0.92832434 recon=0.00014412 beh=6.011210 w=0.154 lr=1.159e-04 time=0.167s
[RQ-VAE] epoch=2659 loss=0.93025351 recon=0.00014432 beh=6.018507 w=0.155 lr=1.156e-04 time=0.168s
[RQ-VAE] epoch=2660 loss=0.93168873 recon=0.00014405 beh=6.022603 w=0.155 lr=1.153e-04 time=0.167s
[RQ-VAE] epoch=2661 loss=0.93287742 recon=0.00014378 beh=6.025095 w=0.155 lr=1.149e-04 time=0.166s
[RQ-VAE] epoch=2662 loss=0.93229771 recon=0.00014400 beh=6.016167 w=0.155 lr=1.146e-04 time=0.167s
[RQ-VAE] epoch=2663 loss=0.93349731 recon=0.00014373 beh=6.018730 w=0.155 lr=1.142e-04 time=0.167s
[RQ-VAE] epoch=2664 loss=0.93526167 recon=0.00014410 beh=6.024926 w=0.155 lr=1.139e-04 time=0.265s
[RQ-VAE] epoch=2665 loss=0.93669468 recon=0.00014464 beh=6.028978 w=0.155 lr=1.136e-04 time=0.168s
[RQ-VAE] epoch=2666 loss=0.93581212 recon=0.00014467 beh=6.018129 w=0.155 lr=1.132e-04 time=0.167s
[RQ-VAE] epoch=2667 loss=0.93621522 recon=0.00014487 beh=6.015563 w=0.156 lr=1.129e-04 time=0.168s
[RQ-VAE] epoch=2668 loss=0.93762660 recon=0.00014449 beh=6.019475 w=0.156 lr=1.125e-04 time=0.167s
[RQ-VAE] epoch=2669 loss=0.93774134 recon=0.00014433 beh=6.015067 w=0.156 lr=1.122e-04 time=0.167s
[RQ-VAE] epoch=2670 loss=0.93753642 recon=0.00014505 beh=6.008605 w=0.156 lr=1.119e-04 time=0.168s
[RQ-VAE] epoch=2671 loss=0.93982208 recon=0.00014506 beh=6.018115 w=0.156 lr=1.115e-04 time=0.168s
[RQ-VAE] epoch=2672 loss=0.93876439 recon=0.00014483 beh=6.006215 w=0.156 lr=1.112e-04 time=0.168s
[RQ-VAE] epoch=2673 loss=0.94015086 recon=0.00014479 beh=6.009962 w=0.156 lr=1.108e-04 time=0.168s
[RQ-VAE] epoch=2674 loss=0.94225818 recon=0.00014442 beh=6.018302 w=0.157 lr=1.105e-04 time=0.167s
[RQ-VAE] epoch=2675 loss=0.94065243 recon=0.00014426 beh=6.002931 w=0.157 lr=1.102e-04 time=0.168s
[RQ-VAE] epoch=2676 loss=0.94393736 recon=0.00014390 beh=6.018779 w=0.157 lr=1.098e-04 time=0.167s
[RQ-VAE] epoch=2677 loss=0.94426060 recon=0.00014369 beh=6.015727 w=0.157 lr=1.095e-04 time=0.167s
[RQ-VAE] epoch=2678 loss=0.94560730 recon=0.00014437 beh=6.019190 w=0.157 lr=1.092e-04 time=0.167s
[RQ-VAE] epoch=2679 loss=0.94492906 recon=0.00014442 beh=6.009768 w=0.157 lr=1.088e-04 time=0.258s
[RQ-VAE] epoch=2680 loss=0.94674689 recon=0.00014459 beh=6.016229 w=0.157 lr=1.085e-04 time=0.166s
[RQ-VAE] epoch=2681 loss=0.94683248 recon=0.00014451 beh=6.011677 w=0.157 lr=1.081e-04 time=0.165s
[RQ-VAE] epoch=2682 loss=0.94862795 recon=0.00014435 beh=6.017984 w=0.158 lr=1.078e-04 time=0.166s
[RQ-VAE] epoch=2683 loss=0.94935191 recon=0.00014432 beh=6.017490 w=0.158 lr=1.075e-04 time=0.167s
[RQ-VAE] epoch=2684 loss=0.95136255 recon=0.00014426 beh=6.025145 w=0.158 lr=1.071e-04 time=0.167s
[RQ-VAE] epoch=2685 loss=0.95181364 recon=0.00014422 beh=6.022916 w=0.158 lr=1.068e-04 time=0.166s
[RQ-VAE] epoch=2686 loss=0.95154738 recon=0.00014451 beh=6.016150 w=0.158 lr=1.064e-04 time=0.166s
[RQ-VAE] epoch=2687 loss=0.95366138 recon=0.00014440 beh=6.024443 w=0.158 lr=1.061e-04 time=0.166s
[RQ-VAE] epoch=2688 loss=0.95348358 recon=0.00014469 beh=6.018247 w=0.158 lr=1.058e-04 time=0.165s
[RQ-VAE] epoch=2689 loss=0.95493865 recon=0.00014506 beh=6.022362 w=0.159 lr=1.054e-04 time=0.166s
[RQ-VAE] epoch=2690 loss=0.95611417 recon=0.00014472 beh=6.024711 w=0.159 lr=1.051e-04 time=0.165s
[RQ-VAE] epoch=2691 loss=0.95533007 recon=0.00014503 beh=6.014711 w=0.159 lr=1.047e-04 time=0.166s
[RQ-VAE] epoch=2692 loss=0.95576221 recon=0.00014453 beh=6.012390 w=0.159 lr=1.044e-04 time=0.165s
[RQ-VAE] epoch=2693 loss=0.95773995 recon=0.00014522 beh=6.019780 w=0.159 lr=1.041e-04 time=0.166s
[RQ-VAE] epoch=2694 loss=0.95636547 recon=0.00014562 beh=6.006103 w=0.159 lr=1.037e-04 time=0.167s
[RQ-VAE] epoch=2695 loss=0.95860350 recon=0.00014526 beh=6.015122 w=0.159 lr=1.034e-04 time=0.166s
[RQ-VAE] epoch=2696 loss=0.95999849 recon=0.00014485 beh=6.018845 w=0.159 lr=1.031e-04 time=0.167s
[RQ-VAE] epoch=2697 loss=0.96129936 recon=0.00014477 beh=6.021965 w=0.160 lr=1.027e-04 time=0.166s
[RQ-VAE] epoch=2698 loss=0.96225262 recon=0.00014502 beh=6.022906 w=0.160 lr=1.024e-04 time=0.165s
[RQ-VAE] epoch=2699 loss=0.96344256 recon=0.00014515 beh=6.025328 w=0.160 lr=1.020e-04 time=0.165s
[RQ-VAE] epoch=2700 loss=0.96339899 recon=0.00014554 lr=1.017e-04 raw_unique=22983/24587 collision=0.065238 time=0.166s
[RQ-VAE] epoch=2701 loss=0.96486109 recon=0.00014591 beh=6.024149 w=0.160 lr=1.014e-04 time=0.167s
[RQ-VAE] epoch=2702 loss=0.96581054 recon=0.00014617 beh=6.025061 w=0.160 lr=1.010e-04 time=0.165s
[RQ-VAE] epoch=2703 loss=0.96579146 recon=0.00014595 beh=6.019933 w=0.160 lr=1.007e-04 time=0.165s
[RQ-VAE] epoch=2704 loss=0.96635842 recon=0.00014548 beh=6.018469 w=0.161 lr=1.003e-04 time=0.166s
[RQ-VAE] epoch=2705 loss=0.96832204 recon=0.00014531 beh=6.025699 w=0.161 lr=1.000e-04 time=0.166s
[RQ-VAE] epoch=2706 loss=0.96867490 recon=0.00014534 beh=6.022897 w=0.161 lr=9.966e-05 time=0.166s
[RQ-VAE] epoch=2707 loss=0.96857083 recon=0.00014506 beh=6.017259 w=0.161 lr=9.932e-05 time=0.165s
[RQ-VAE] epoch=2708 loss=0.96968222 recon=0.00014510 beh=6.019181 w=0.161 lr=9.898e-05 time=0.165s
[RQ-VAE] epoch=2709 loss=0.96943963 recon=0.00014481 beh=6.012699 w=0.161 lr=9.864e-05 time=0.166s
[RQ-VAE] epoch=2710 loss=0.97222173 recon=0.00014491 beh=6.024973 w=0.161 lr=9.831e-05 time=0.165s
[RQ-VAE] epoch=2711 loss=0.97192436 recon=0.00014409 beh=6.018159 w=0.161 lr=9.797e-05 time=0.166s
[RQ-VAE] epoch=2712 loss=0.97253889 recon=0.00014422 beh=6.016994 w=0.162 lr=9.763e-05 time=0.166s
[RQ-VAE] epoch=2713 loss=0.97381783 recon=0.00014410 beh=6.019944 w=0.162 lr=9.729e-05 time=0.167s
[RQ-VAE] epoch=2714 loss=0.97368586 recon=0.00014385 beh=6.014172 w=0.162 lr=9.695e-05 time=0.167s
[RQ-VAE] epoch=2715 loss=0.97447324 recon=0.00014358 beh=6.014087 w=0.162 lr=9.661e-05 time=0.165s
[RQ-VAE] epoch=2716 loss=0.97531784 recon=0.00014388 beh=6.014350 w=0.162 lr=9.627e-05 time=0.166s
[RQ-VAE] epoch=2717 loss=0.97684705 recon=0.00014384 beh=6.018829 w=0.162 lr=9.593e-05 time=0.166s
[RQ-VAE] epoch=2718 loss=0.97818923 recon=0.00014433 beh=6.022150 w=0.162 lr=9.559e-05 time=0.165s
[RQ-VAE] epoch=2719 loss=0.97830254 recon=0.00014424 beh=6.017909 w=0.163 lr=9.525e-05 time=0.165s
[RQ-VAE] epoch=2720 loss=0.97951323 recon=0.00014422 beh=6.020420 w=0.163 lr=9.492e-05 time=0.165s
[RQ-VAE] epoch=2721 loss=0.97901386 recon=0.00014448 beh=6.012420 w=0.163 lr=9.458e-05 time=0.166s
[RQ-VAE] epoch=2722 loss=0.97975314 recon=0.00014448 beh=6.012036 w=0.163 lr=9.424e-05 time=0.165s
[RQ-VAE] epoch=2723 loss=0.98148274 recon=0.00014416 beh=6.017731 w=0.163 lr=9.390e-05 time=0.165s
[RQ-VAE] epoch=2724 loss=0.98227513 recon=0.00014399 beh=6.017670 w=0.163 lr=9.356e-05 time=0.166s
[RQ-VAE] epoch=2725 loss=0.98373365 recon=0.00014439 beh=6.021685 w=0.163 lr=9.322e-05 time=0.166s
[RQ-VAE] epoch=2726 loss=0.98303562 recon=0.00014441 beh=6.012503 w=0.163 lr=9.288e-05 time=0.165s
[RQ-VAE] epoch=2727 loss=0.98380387 recon=0.00014431 beh=6.012298 w=0.164 lr=9.254e-05 time=0.165s
[RQ-VAE] epoch=2728 loss=0.98631108 recon=0.00014422 beh=6.022716 w=0.164 lr=9.220e-05 time=0.165s
[RQ-VAE] epoch=2729 loss=0.98547566 recon=0.00014429 beh=6.012715 w=0.164 lr=9.186e-05 time=0.165s
[RQ-VAE] epoch=2730 loss=0.98647362 recon=0.00014405 beh=6.013917 w=0.164 lr=9.153e-05 time=0.165s
[RQ-VAE] epoch=2731 loss=0.98754358 recon=0.00014361 beh=6.015552 w=0.164 lr=9.119e-05 time=0.165s
[RQ-VAE] epoch=2732 loss=0.98900157 recon=0.00014389 beh=6.019544 w=0.164 lr=9.085e-05 time=0.166s
[RQ-VAE] epoch=2733 loss=0.99093479 recon=0.00014427 beh=6.026420 w=0.164 lr=9.051e-05 time=0.166s
[RQ-VAE] epoch=2734 loss=0.99091405 recon=0.00014418 beh=6.021411 w=0.165 lr=9.017e-05 time=0.167s
[RQ-VAE] epoch=2735 loss=0.99262047 recon=0.00014411 beh=6.026898 w=0.165 lr=8.983e-05 time=0.263s
[RQ-VAE] epoch=2736 loss=0.99182862 recon=0.00014399 beh=6.017217 w=0.165 lr=8.949e-05 time=0.165s
[RQ-VAE] epoch=2737 loss=0.99282384 recon=0.00014399 beh=6.018388 w=0.165 lr=8.915e-05 time=0.167s
[RQ-VAE] epoch=2738 loss=0.99411690 recon=0.00014393 beh=6.021361 w=0.165 lr=8.881e-05 time=0.165s
[RQ-VAE] epoch=2739 loss=0.99514401 recon=0.00014415 beh=6.022719 w=0.165 lr=8.847e-05 time=0.165s
[RQ-VAE] epoch=2740 loss=0.99674928 recon=0.00014413 beh=6.027571 w=0.165 lr=8.814e-05 time=0.167s
[RQ-VAE] epoch=2741 loss=0.99534166 recon=0.00014446 beh=6.014205 w=0.165 lr=8.780e-05 time=0.167s
[RQ-VAE] epoch=2742 loss=0.99714351 recon=0.00014470 beh=6.020241 w=0.166 lr=8.746e-05 time=0.166s
[RQ-VAE] epoch=2743 loss=0.99903947 recon=0.00014438 beh=6.026839 w=0.166 lr=8.712e-05 time=0.167s
[RQ-VAE] epoch=2744 loss=0.99663234 recon=0.00014452 beh=6.007483 w=0.166 lr=8.678e-05 time=0.165s
[RQ-VAE] epoch=2745 loss=0.99832594 recon=0.00014489 beh=6.012856 w=0.166 lr=8.644e-05 time=0.167s
[RQ-VAE] epoch=2746 loss=0.99823940 recon=0.00014491 beh=6.007509 w=0.166 lr=8.610e-05 time=0.167s
[RQ-VAE] epoch=2747 loss=1.00064027 recon=0.00014463 beh=6.017136 w=0.166 lr=8.576e-05 time=0.167s
[RQ-VAE] epoch=2748 loss=1.00256848 recon=0.00014489 beh=6.023899 w=0.166 lr=8.542e-05 time=0.165s
[RQ-VAE] epoch=2749 loss=1.00185347 recon=0.00014502 beh=6.014782 w=0.167 lr=8.508e-05 time=0.167s
[RQ-VAE] epoch=2750 loss=1.00267208 recon=0.00014495 lr=8.475e-05 raw_unique=22956/24587 collision=0.066336 time=0.164s
[RQ-VAE] epoch=2751 loss=1.00363457 recon=0.00014460 beh=6.015849 w=0.167 lr=8.441e-05 time=0.164s
[RQ-VAE] epoch=2752 loss=1.00319922 recon=0.00014458 beh=6.008432 w=0.167 lr=8.407e-05 time=0.165s
[RQ-VAE] epoch=2753 loss=1.00626004 recon=0.00014488 beh=6.021960 w=0.167 lr=8.373e-05 time=0.164s
[RQ-VAE] epoch=2754 loss=1.00532699 recon=0.00014465 beh=6.011580 w=0.167 lr=8.339e-05 time=0.165s
[RQ-VAE] epoch=2755 loss=1.00713181 recon=0.00014446 beh=6.017576 w=0.167 lr=8.305e-05 time=0.164s
[RQ-VAE] epoch=2756 loss=1.00809646 recon=0.00014453 beh=6.018547 w=0.167 lr=8.271e-05 time=0.164s
[RQ-VAE] epoch=2757 loss=1.00968742 recon=0.00014449 beh=6.023250 w=0.168 lr=8.237e-05 time=0.164s
[RQ-VAE] epoch=2758 loss=1.01170897 recon=0.00014439 beh=6.030514 w=0.168 lr=8.203e-05 time=0.163s
[RQ-VAE] epoch=2759 loss=1.01168740 recon=0.00014403 beh=6.025598 w=0.168 lr=8.169e-05 time=0.164s
[RQ-VAE] epoch=2760 loss=1.01162529 recon=0.00014435 beh=6.020442 w=0.168 lr=8.136e-05 time=0.164s
[RQ-VAE] epoch=2761 loss=1.01225305 recon=0.00014436 beh=6.019403 w=0.168 lr=8.102e-05 time=0.163s
[RQ-VAE] epoch=2762 loss=1.01290512 recon=0.00014427 beh=6.018509 w=0.168 lr=8.068e-05 time=0.164s
[RQ-VAE] epoch=2763 loss=1.01323950 recon=0.00014433 beh=6.015729 w=0.168 lr=8.034e-05 time=0.163s
[RQ-VAE] epoch=2764 loss=1.01370859 recon=0.00014444 beh=6.013753 w=0.169 lr=8.000e-05 time=0.257s
[RQ-VAE] epoch=2765 loss=1.01666641 recon=0.00014466 beh=6.026536 w=0.169 lr=7.966e-05 time=0.164s
[RQ-VAE] epoch=2766 loss=1.01618791 recon=0.00014469 beh=6.018940 w=0.169 lr=7.932e-05 time=0.164s
[RQ-VAE] epoch=2767 loss=1.01596498 recon=0.00014438 beh=6.012872 w=0.169 lr=7.898e-05 time=0.165s
[RQ-VAE] epoch=2768 loss=1.01792979 recon=0.00014415 beh=6.019753 w=0.169 lr=7.864e-05 time=0.165s
[RQ-VAE] epoch=2769 loss=1.01822448 recon=0.00014463 beh=6.016748 w=0.169 lr=7.831e-05 time=0.164s
[RQ-VAE] epoch=2770 loss=1.01833737 recon=0.00014435 beh=6.012679 w=0.169 lr=7.797e-05 time=0.163s
[RQ-VAE] epoch=2771 loss=1.02205384 recon=0.00014458 beh=6.029879 w=0.169 lr=7.763e-05 time=0.164s
[RQ-VAE] epoch=2772 loss=1.02107489 recon=0.00014493 beh=6.019365 w=0.170 lr=7.729e-05 time=0.164s
[RQ-VAE] epoch=2773 loss=1.02132285 recon=0.00014489 beh=6.016095 w=0.170 lr=7.695e-05 time=0.164s
[RQ-VAE] epoch=2774 loss=1.02209663 recon=0.00014486 beh=6.015930 w=0.170 lr=7.661e-05 time=0.164s
[RQ-VAE] epoch=2775 loss=1.02306104 recon=0.00014426 beh=6.016890 w=0.170 lr=7.627e-05 time=0.163s
[RQ-VAE] epoch=2776 loss=1.02260613 recon=0.00014465 beh=6.009499 w=0.170 lr=7.593e-05 time=0.164s
[RQ-VAE] epoch=2777 loss=1.02276099 recon=0.00014456 beh=6.005700 w=0.170 lr=7.559e-05 time=0.166s
[RQ-VAE] epoch=2778 loss=1.02592087 recon=0.00014433 beh=6.019548 w=0.170 lr=7.525e-05 time=0.165s
[RQ-VAE] epoch=2779 loss=1.02552199 recon=0.00014453 beh=6.012499 w=0.171 lr=7.492e-05 time=0.164s
[RQ-VAE] epoch=2780 loss=1.02792788 recon=0.00014452 beh=6.021896 w=0.171 lr=7.458e-05 time=0.164s
[RQ-VAE] epoch=2781 loss=1.02674222 recon=0.00014492 beh=6.010253 w=0.171 lr=7.424e-05 time=0.164s
[RQ-VAE] epoch=2782 loss=1.02909613 recon=0.00014541 beh=6.019333 w=0.171 lr=7.390e-05 time=0.164s
[RQ-VAE] epoch=2783 loss=1.02991164 recon=0.00014494 beh=6.019411 w=0.171 lr=7.356e-05 time=0.164s
[RQ-VAE] epoch=2784 loss=1.03086221 recon=0.00014456 beh=6.020280 w=0.171 lr=7.322e-05 time=0.262s
[RQ-VAE] epoch=2785 loss=1.03270149 recon=0.00014451 beh=6.026330 w=0.171 lr=7.288e-05 time=0.164s
[RQ-VAE] epoch=2786 loss=1.03233397 recon=0.00014454 beh=6.019499 w=0.171 lr=7.254e-05 time=0.164s
[RQ-VAE] epoch=2787 loss=1.03310204 recon=0.00014492 beh=6.019296 w=0.172 lr=7.220e-05 time=0.164s
[RQ-VAE] epoch=2788 loss=1.03449094 recon=0.00014460 beh=6.022710 w=0.172 lr=7.186e-05 time=0.163s
[RQ-VAE] epoch=2789 loss=1.03507006 recon=0.00014470 beh=6.021405 w=0.172 lr=7.153e-05 time=0.164s
[RQ-VAE] epoch=2790 loss=1.03419697 recon=0.00014489 beh=6.011663 w=0.172 lr=7.119e-05 time=0.164s
[RQ-VAE] epoch=2791 loss=1.03524137 recon=0.00014475 beh=6.013075 w=0.172 lr=7.085e-05 time=0.165s
[RQ-VAE] epoch=2792 loss=1.03713000 recon=0.00014469 beh=6.019387 w=0.172 lr=7.051e-05 time=0.163s
[RQ-VAE] epoch=2793 loss=1.03992879 recon=0.00014432 beh=6.030970 w=0.172 lr=7.017e-05 time=0.164s
[RQ-VAE] epoch=2794 loss=1.03845489 recon=0.00014427 beh=6.017765 w=0.173 lr=6.983e-05 time=0.165s
[RQ-VAE] epoch=2795 loss=1.04083371 recon=0.00014433 beh=6.026894 w=0.173 lr=6.949e-05 time=0.165s
[RQ-VAE] epoch=2796 loss=1.03880286 recon=0.00014456 beh=6.010490 w=0.173 lr=6.915e-05 time=0.165s
[RQ-VAE] epoch=2797 loss=1.04194868 recon=0.00014449 beh=6.024048 w=0.173 lr=6.881e-05 time=0.166s
[RQ-VAE] epoch=2798 loss=1.04119575 recon=0.00014444 beh=6.015057 w=0.173 lr=6.847e-05 time=0.165s
[RQ-VAE] epoch=2799 loss=1.04174912 recon=0.00014478 beh=6.013617 w=0.173 lr=6.814e-05 time=0.26s
[RQ-VAE] epoch=2800 loss=1.04151452 recon=0.00014451 lr=6.780e-05 raw_unique=22946/24587 collision=0.066743 time=0.164s
[RQ-VAE] epoch=2801 loss=1.04447663 recon=0.00014437 beh=6.020101 w=0.173 lr=6.746e-05 time=0.165s
[RQ-VAE] epoch=2802 loss=1.04377604 recon=0.00014493 beh=6.011437 w=0.174 lr=6.712e-05 time=0.165s
[RQ-VAE] epoch=2803 loss=1.04645360 recon=0.00014474 beh=6.022237 w=0.174 lr=6.678e-05 time=0.165s
[RQ-VAE] epoch=2804 loss=1.04614377 recon=0.00014483 beh=6.015838 w=0.174 lr=6.644e-05 time=0.165s
[RQ-VAE] epoch=2805 loss=1.04782295 recon=0.00014477 beh=6.020879 w=0.174 lr=6.610e-05 time=0.166s
[RQ-VAE] epoch=2806 loss=1.04706359 recon=0.00014453 beh=6.011909 w=0.174 lr=6.576e-05 time=0.166s
[RQ-VAE] epoch=2807 loss=1.04919815 recon=0.00014436 beh=6.019558 w=0.174 lr=6.542e-05 time=0.165s
[RQ-VAE] epoch=2808 loss=1.04942608 recon=0.00014437 beh=6.016262 w=0.174 lr=6.508e-05 time=0.165s
[RQ-VAE] epoch=2809 loss=1.04875374 recon=0.00014428 beh=6.007815 w=0.175 lr=6.475e-05 time=0.165s
[RQ-VAE] epoch=2810 loss=1.05088007 recon=0.00014397 beh=6.015404 w=0.175 lr=6.441e-05 time=0.166s
[RQ-VAE] epoch=2811 loss=1.05155742 recon=0.00014403 beh=6.014690 w=0.175 lr=6.407e-05 time=0.165s
[RQ-VAE] epoch=2812 loss=1.05184495 recon=0.00014420 beh=6.011750 w=0.175 lr=6.373e-05 time=0.166s
[RQ-VAE] epoch=2813 loss=1.05324936 recon=0.00014428 beh=6.015193 w=0.175 lr=6.339e-05 time=0.165s
[RQ-VAE] epoch=2814 loss=1.05456018 recon=0.00014419 beh=6.018096 w=0.175 lr=6.305e-05 time=0.165s
[RQ-VAE] epoch=2815 loss=1.05497861 recon=0.00014401 beh=6.015907 w=0.175 lr=6.271e-05 time=0.164s
[RQ-VAE] epoch=2816 loss=1.05608726 recon=0.00014398 beh=6.017654 w=0.175 lr=6.237e-05 time=0.165s
[RQ-VAE] epoch=2817 loss=1.05767190 recon=0.00014436 beh=6.022106 w=0.176 lr=6.203e-05 time=0.165s
[RQ-VAE] epoch=2818 loss=1.05659068 recon=0.00014430 beh=6.011386 w=0.176 lr=6.169e-05 time=0.165s
[RQ-VAE] epoch=2819 loss=1.05879855 recon=0.00014468 beh=6.019383 w=0.176 lr=6.136e-05 time=0.164s
[RQ-VAE] epoch=2820 loss=1.05965078 recon=0.00014444 beh=6.019668 w=0.176 lr=6.102e-05 time=0.165s
[RQ-VAE] epoch=2821 loss=1.06090021 recon=0.00014397 beh=6.022207 w=0.176 lr=6.068e-05 time=0.165s
[RQ-VAE] epoch=2822 loss=1.06151652 recon=0.00014414 beh=6.021148 w=0.176 lr=6.034e-05 time=0.165s
[RQ-VAE] epoch=2823 loss=1.06066644 recon=0.00014463 beh=6.011771 w=0.176 lr=6.000e-05 time=0.166s
[RQ-VAE] epoch=2824 loss=1.06164408 recon=0.00014456 beh=6.012771 w=0.177 lr=5.966e-05 time=0.165s
[RQ-VAE] epoch=2825 loss=1.06323326 recon=0.00014440 beh=6.017229 w=0.177 lr=5.932e-05 time=0.166s
[RQ-VAE] epoch=2826 loss=1.06362152 recon=0.00014441 beh=6.014886 w=0.177 lr=5.898e-05 time=0.164s
[RQ-VAE] epoch=2827 loss=1.06409121 recon=0.00014464 beh=6.013008 w=0.177 lr=5.864e-05 time=0.164s
[RQ-VAE] epoch=2828 loss=1.06627464 recon=0.00014470 beh=6.020812 w=0.177 lr=5.831e-05 time=0.165s
[RQ-VAE] epoch=2829 loss=1.06640100 recon=0.00014466 beh=6.016995 w=0.177 lr=5.797e-05 time=0.165s
[RQ-VAE] epoch=2830 loss=1.06774032 recon=0.00014478 beh=6.020023 w=0.177 lr=5.763e-05 time=0.166s
[RQ-VAE] epoch=2831 loss=1.06838071 recon=0.00014480 beh=6.019108 w=0.177 lr=5.729e-05 time=0.165s
[RQ-VAE] epoch=2832 loss=1.06735921 recon=0.00014466 beh=6.008838 w=0.178 lr=5.695e-05 time=0.165s
[RQ-VAE] epoch=2833 loss=1.06938434 recon=0.00014441 beh=6.015728 w=0.178 lr=5.661e-05 time=0.165s
[RQ-VAE] epoch=2834 loss=1.06974578 recon=0.00014412 beh=6.013250 w=0.178 lr=5.627e-05 time=0.165s
[RQ-VAE] epoch=2835 loss=1.07051098 recon=0.00014409 beh=6.013045 w=0.178 lr=5.593e-05 time=0.165s
[RQ-VAE] epoch=2836 loss=1.07172275 recon=0.00014421 beh=6.015346 w=0.178 lr=5.559e-05 time=0.165s
[RQ-VAE] epoch=2837 loss=1.07340598 recon=0.00014439 beh=6.020290 w=0.178 lr=5.525e-05 time=0.164s
[RQ-VAE] epoch=2838 loss=1.07294667 recon=0.00014425 beh=6.013216 w=0.178 lr=5.492e-05 time=0.165s
[RQ-VAE] epoch=2839 loss=1.07383347 recon=0.00014407 beh=6.013693 w=0.179 lr=5.458e-05 time=0.164s
[RQ-VAE] epoch=2840 loss=1.07665646 recon=0.00014419 beh=6.025004 w=0.179 lr=5.424e-05 time=0.164s
[RQ-VAE] epoch=2841 loss=1.07519674 recon=0.00014440 beh=6.012344 w=0.179 lr=5.390e-05 time=0.165s
[RQ-VAE] epoch=2842 loss=1.07660520 recon=0.00014454 beh=6.015734 w=0.179 lr=5.356e-05 time=0.164s
[RQ-VAE] epoch=2843 loss=1.07655632 recon=0.00014432 beh=6.010984 w=0.179 lr=5.322e-05 time=0.166s
[RQ-VAE] epoch=2844 loss=1.07821667 recon=0.00014386 beh=6.015780 w=0.179 lr=5.288e-05 time=0.165s
[RQ-VAE] epoch=2845 loss=1.07825017 recon=0.00014354 beh=6.011497 w=0.179 lr=5.254e-05 time=0.165s
[RQ-VAE] epoch=2846 loss=1.08098209 recon=0.00014380 beh=6.022253 w=0.179 lr=5.220e-05 time=0.165s
[RQ-VAE] epoch=2847 loss=1.08111620 recon=0.00014393 beh=6.018526 w=0.180 lr=5.186e-05 time=0.166s
[RQ-VAE] epoch=2848 loss=1.08273697 recon=0.00014394 beh=6.023081 w=0.180 lr=5.153e-05 time=0.166s
[RQ-VAE] epoch=2849 loss=1.08163846 recon=0.00014397 beh=6.012507 w=0.180 lr=5.119e-05 time=0.165s
[RQ-VAE] epoch=2850 loss=1.08368921 recon=0.00014415 lr=5.085e-05 raw_unique=22925/24587 collision=0.067597 time=0.166s
[RQ-VAE] epoch=2851 loss=1.08478785 recon=0.00014396 beh=6.021092 w=0.180 lr=5.051e-05 time=0.165s
[RQ-VAE] epoch=2852 loss=1.08599401 recon=0.00014378 beh=6.023333 w=0.180 lr=5.017e-05 time=0.166s
[RQ-VAE] epoch=2853 loss=1.08617711 recon=0.00014388 beh=6.019895 w=0.180 lr=4.983e-05 time=0.166s
[RQ-VAE] epoch=2854 loss=1.08615112 recon=0.00014377 beh=6.015305 w=0.181 lr=4.949e-05 time=0.164s
[RQ-VAE] epoch=2855 loss=1.08619153 recon=0.00014395 beh=6.011089 w=0.181 lr=4.915e-05 time=0.268s
[RQ-VAE] epoch=2856 loss=1.08746862 recon=0.00014397 beh=6.013720 w=0.181 lr=4.881e-05 time=0.164s
[RQ-VAE] epoch=2857 loss=1.08851445 recon=0.00014376 beh=6.015069 w=0.181 lr=4.847e-05 time=0.165s
[RQ-VAE] epoch=2858 loss=1.08883584 recon=0.00014395 beh=6.012413 w=0.181 lr=4.814e-05 time=0.165s
[RQ-VAE] epoch=2859 loss=1.09025156 recon=0.00014408 beh=6.015801 w=0.181 lr=4.780e-05 time=0.165s
[RQ-VAE] epoch=2860 loss=1.09102786 recon=0.00014410 beh=6.015657 w=0.181 lr=4.746e-05 time=0.165s
[RQ-VAE] epoch=2861 loss=1.09272110 recon=0.00014400 beh=6.020569 w=0.181 lr=4.712e-05 time=0.165s
[RQ-VAE] epoch=2862 loss=1.09210825 recon=0.00014412 beh=6.012774 w=0.182 lr=4.678e-05 time=0.165s
[RQ-VAE] epoch=2863 loss=1.09313416 recon=0.00014361 beh=6.014011 w=0.182 lr=4.644e-05 time=0.164s
[RQ-VAE] epoch=2864 loss=1.09374392 recon=0.00014380 beh=6.012954 w=0.182 lr=4.610e-05 time=0.165s
[RQ-VAE] epoch=2865 loss=1.09608316 recon=0.00014393 beh=6.021400 w=0.182 lr=4.576e-05 time=0.164s
[RQ-VAE] epoch=2866 loss=1.09557056 recon=0.00014428 beh=6.014176 w=0.182 lr=4.542e-05 time=0.165s
[RQ-VAE] epoch=2867 loss=1.09550571 recon=0.00014410 beh=6.009422 w=0.182 lr=4.508e-05 time=0.165s
[RQ-VAE] epoch=2868 loss=1.09741616 recon=0.00014411 beh=6.015504 w=0.182 lr=4.475e-05 time=0.164s
[RQ-VAE] epoch=2869 loss=1.09843290 recon=0.00014427 beh=6.016680 w=0.183 lr=4.441e-05 time=0.164s
[RQ-VAE] epoch=2870 loss=1.10069764 recon=0.00014415 beh=6.024686 w=0.183 lr=4.407e-05 time=0.165s
[RQ-VAE] epoch=2871 loss=1.09946573 recon=0.00014408 beh=6.013554 w=0.183 lr=4.373e-05 time=0.164s
[RQ-VAE] epoch=2872 loss=1.10140705 recon=0.00014398 beh=6.019783 w=0.183 lr=4.339e-05 time=0.165s
[RQ-VAE] epoch=2873 loss=1.09903014 recon=0.00014430 beh=6.002413 w=0.183 lr=4.305e-05 time=0.165s
[RQ-VAE] epoch=2874 loss=1.10272777 recon=0.00014401 beh=6.018229 w=0.183 lr=4.271e-05 time=0.166s
[RQ-VAE] epoch=2875 loss=1.10314727 recon=0.00014391 beh=6.016143 w=0.183 lr=4.237e-05 time=0.166s
[RQ-VAE] epoch=2876 loss=1.10467672 recon=0.00014369 beh=6.020107 w=0.183 lr=4.203e-05 time=0.165s
[RQ-VAE] epoch=2877 loss=1.10456324 recon=0.00014347 beh=6.015120 w=0.184 lr=4.169e-05 time=0.165s
[RQ-VAE] epoch=2878 loss=1.10550547 recon=0.00014345 beh=6.015882 w=0.184 lr=4.136e-05 time=0.164s
[RQ-VAE] epoch=2879 loss=1.10749912 recon=0.00014371 beh=6.022361 w=0.184 lr=4.102e-05 time=0.165s
[RQ-VAE] epoch=2880 loss=1.10654533 recon=0.00014348 beh=6.012814 w=0.184 lr=4.068e-05 time=0.165s
[RQ-VAE] epoch=2881 loss=1.10873365 recon=0.00014358 beh=6.020342 w=0.184 lr=4.034e-05 time=0.166s
[RQ-VAE] epoch=2882 loss=1.11044300 recon=0.00014364 beh=6.025263 w=0.184 lr=4.000e-05 time=0.165s
[RQ-VAE] epoch=2883 loss=1.11035824 recon=0.00014392 beh=6.020445 w=0.184 lr=3.966e-05 time=0.165s
[RQ-VAE] epoch=2884 loss=1.11235106 recon=0.00014368 beh=6.026896 w=0.185 lr=3.932e-05 time=0.259s
[RQ-VAE] epoch=2885 loss=1.11142004 recon=0.00014419 beh=6.017500 w=0.185 lr=3.898e-05 time=0.165s
[RQ-VAE] epoch=2886 loss=1.11295640 recon=0.00014397 beh=6.021475 w=0.185 lr=3.864e-05 time=0.165s
[RQ-VAE] epoch=2887 loss=1.11368799 recon=0.00014381 beh=6.021091 w=0.185 lr=3.831e-05 time=0.165s
[RQ-VAE] epoch=2888 loss=1.11365128 recon=0.00014368 beh=6.016555 w=0.185 lr=3.797e-05 time=0.164s
[RQ-VAE] epoch=2889 loss=1.11429381 recon=0.00014369 beh=6.015694 w=0.185 lr=3.763e-05 time=0.164s
[RQ-VAE] epoch=2890 loss=1.11569130 recon=0.00014378 beh=6.018905 w=0.185 lr=3.729e-05 time=0.165s
[RQ-VAE] epoch=2891 loss=1.11597276 recon=0.00014384 beh=6.016095 w=0.185 lr=3.695e-05 time=0.165s
[RQ-VAE] epoch=2892 loss=1.11723757 recon=0.00014354 beh=6.018589 w=0.186 lr=3.661e-05 time=0.165s
[RQ-VAE] epoch=2893 loss=1.11670029 recon=0.00014373 beh=6.011374 w=0.186 lr=3.627e-05 time=0.166s
[RQ-VAE] epoch=2894 loss=1.11761034 recon=0.00014356 beh=6.011959 w=0.186 lr=3.593e-05 time=0.165s
[RQ-VAE] epoch=2895 loss=1.11974382 recon=0.00014389 beh=6.019119 w=0.186 lr=3.559e-05 time=0.165s
[RQ-VAE] epoch=2896 loss=1.11912060 recon=0.00014371 beh=6.011459 w=0.186 lr=3.525e-05 time=0.165s
[RQ-VAE] epoch=2897 loss=1.11918187 recon=0.00014390 beh=6.007484 w=0.186 lr=3.492e-05 time=0.166s
[RQ-VAE] epoch=2898 loss=1.12238371 recon=0.00014367 beh=6.020366 w=0.186 lr=3.458e-05 time=0.166s
[RQ-VAE] epoch=2899 loss=1.12195158 recon=0.00014376 beh=6.013747 w=0.187 lr=3.424e-05 time=0.165s
[RQ-VAE] epoch=2900 loss=1.12408042 recon=0.00014387 lr=3.390e-05 raw_unique=22915/24587 collision=0.068003 time=0.165s
[RQ-VAE] epoch=2901 loss=1.12358999 recon=0.00014415 beh=6.013931 w=0.187 lr=3.356e-05 time=0.167s
[RQ-VAE] epoch=2902 loss=1.12632775 recon=0.00014398 beh=6.024288 w=0.187 lr=3.322e-05 time=0.165s
[RQ-VAE] epoch=2903 loss=1.12506771 recon=0.00014408 beh=6.013258 w=0.187 lr=3.288e-05 time=0.165s
[RQ-VAE] epoch=2904 loss=1.12608743 recon=0.00014401 beh=6.014421 w=0.187 lr=3.254e-05 time=0.258s
[RQ-VAE] epoch=2905 loss=1.12702703 recon=0.00014370 beh=6.015160 w=0.187 lr=3.220e-05 time=0.165s
[RQ-VAE] epoch=2906 loss=1.12800777 recon=0.00014368 beh=6.016112 w=0.187 lr=3.186e-05 time=0.165s
[RQ-VAE] epoch=2907 loss=1.12838459 recon=0.00014352 beh=6.013845 w=0.188 lr=3.153e-05 time=0.166s
[RQ-VAE] epoch=2908 loss=1.12995422 recon=0.00014360 beh=6.017936 w=0.188 lr=3.119e-05 time=0.166s
[RQ-VAE] epoch=2909 loss=1.12971747 recon=0.00014351 beh=6.012405 w=0.188 lr=3.085e-05 time=0.165s
[RQ-VAE] epoch=2910 loss=1.13057220 recon=0.00014336 beh=6.012688 w=0.188 lr=3.051e-05 time=0.166s
[RQ-VAE] epoch=2911 loss=1.13353443 recon=0.00014345 beh=6.024171 w=0.188 lr=3.017e-05 time=0.164s
[RQ-VAE] epoch=2912 loss=1.13206160 recon=0.00014371 beh=6.012080 w=0.188 lr=2.983e-05 time=0.166s
[RQ-VAE] epoch=2913 loss=1.13392591 recon=0.00014368 beh=6.017720 w=0.188 lr=2.949e-05 time=0.165s
[RQ-VAE] epoch=2914 loss=1.13520515 recon=0.00014344 beh=6.020250 w=0.189 lr=2.915e-05 time=0.164s
[RQ-VAE] epoch=2915 loss=1.13530099 recon=0.00014335 beh=6.016505 w=0.189 lr=2.881e-05 time=0.166s
[RQ-VAE] epoch=2916 loss=1.13420951 recon=0.00014330 beh=6.006474 w=0.189 lr=2.847e-05 time=0.168s
[RQ-VAE] epoch=2917 loss=1.13620794 recon=0.00014328 beh=6.012814 w=0.189 lr=2.814e-05 time=0.173s
[RQ-VAE] epoch=2918 loss=1.13870406 recon=0.00014354 beh=6.021775 w=0.189 lr=2.780e-05 time=0.166s
[RQ-VAE] epoch=2919 loss=1.13789368 recon=0.00014320 beh=6.013250 w=0.189 lr=2.746e-05 time=0.258s
[RQ-VAE] epoch=2920 loss=1.13912463 recon=0.00014321 beh=6.015517 w=0.189 lr=2.712e-05 time=0.166s
[RQ-VAE] epoch=2921 loss=1.14015865 recon=0.00014339 beh=6.016740 w=0.189 lr=2.678e-05 time=0.165s
[RQ-VAE] epoch=2922 loss=1.14026403 recon=0.00014338 beh=6.013065 w=0.190 lr=2.644e-05 time=0.165s
[RQ-VAE] epoch=2923 loss=1.14173508 recon=0.00014331 beh=6.016594 w=0.190 lr=2.610e-05 time=0.165s
[RQ-VAE] epoch=2924 loss=1.14128995 recon=0.00014330 beh=6.010024 w=0.190 lr=2.576e-05 time=0.165s
[RQ-VAE] epoch=2925 loss=1.14236474 recon=0.00014335 beh=6.011462 w=0.190 lr=2.542e-05 time=0.164s
[RQ-VAE] epoch=2926 loss=1.14396906 recon=0.00014310 beh=6.015686 w=0.190 lr=2.508e-05 time=0.165s
[RQ-VAE] epoch=2927 loss=1.14226437 recon=0.00014344 beh=6.002509 w=0.190 lr=2.475e-05 time=0.165s
[RQ-VAE] epoch=2928 loss=1.14636433 recon=0.00014349 beh=6.019838 w=0.190 lr=2.441e-05 time=0.165s
[RQ-VAE] epoch=2929 loss=1.14565372 recon=0.00014331 beh=6.011897 w=0.191 lr=2.407e-05 time=0.165s
[RQ-VAE] epoch=2930 loss=1.14623082 recon=0.00014337 beh=6.010720 w=0.191 lr=2.373e-05 time=0.165s
[RQ-VAE] epoch=2931 loss=1.14909601 recon=0.00014349 beh=6.021536 w=0.191 lr=2.339e-05 time=0.164s
[RQ-VAE] epoch=2932 loss=1.14976215 recon=0.00014336 beh=6.020821 w=0.191 lr=2.305e-05 time=0.166s
[RQ-VAE] epoch=2933 loss=1.15056229 recon=0.00014347 beh=6.020807 w=0.191 lr=2.271e-05 time=0.166s
[RQ-VAE] epoch=2934 loss=1.15007937 recon=0.00014338 beh=6.014083 w=0.191 lr=2.237e-05 time=0.165s
[RQ-VAE] epoch=2935 loss=1.15146363 recon=0.00014346 beh=6.017126 w=0.191 lr=2.203e-05 time=0.166s
[RQ-VAE] epoch=2936 loss=1.15204298 recon=0.00014335 beh=6.015965 w=0.191 lr=2.169e-05 time=0.165s
[RQ-VAE] epoch=2937 loss=1.15380466 recon=0.00014312 beh=6.020973 w=0.192 lr=2.136e-05 time=0.165s
[RQ-VAE] epoch=2938 loss=1.15386391 recon=0.00014336 beh=6.017095 w=0.192 lr=2.102e-05 time=0.165s
[RQ-VAE] epoch=2939 loss=1.15456367 recon=0.00014352 beh=6.016558 w=0.192 lr=2.068e-05 time=0.165s
[RQ-VAE] epoch=2940 loss=1.15593505 recon=0.00014335 beh=6.019522 w=0.192 lr=2.034e-05 time=0.165s
[RQ-VAE] epoch=2941 loss=1.15636086 recon=0.00014337 beh=6.017561 w=0.192 lr=2.000e-05 time=0.166s
[RQ-VAE] epoch=2942 loss=1.15706909 recon=0.00014331 beh=6.017073 w=0.192 lr=1.966e-05 time=0.165s
[RQ-VAE] epoch=2943 loss=1.15671909 recon=0.00014336 beh=6.011084 w=0.192 lr=1.932e-05 time=0.164s
[RQ-VAE] epoch=2944 loss=1.15950143 recon=0.00014330 beh=6.021373 w=0.193 lr=1.898e-05 time=0.166s
[RQ-VAE] epoch=2945 loss=1.15953493 recon=0.00014337 beh=6.017379 w=0.193 lr=1.864e-05 time=0.165s
[RQ-VAE] epoch=2946 loss=1.16024792 recon=0.00014346 beh=6.016915 w=0.193 lr=1.831e-05 time=0.165s
[RQ-VAE] epoch=2947 loss=1.15943253 recon=0.00014358 beh=6.008530 w=0.193 lr=1.797e-05 time=0.165s
[RQ-VAE] epoch=2948 loss=1.15953624 recon=0.00014347 beh=6.004919 w=0.193 lr=1.763e-05 time=0.165s
[RQ-VAE] epoch=2949 loss=1.16235399 recon=0.00014344 beh=6.015359 w=0.193 lr=1.729e-05 time=0.165s
[RQ-VAE] epoch=2950 loss=1.16313171 recon=0.00014335 lr=1.695e-05 raw_unique=22838/24587 collision=0.071135 time=0.165s
[RQ-VAE] epoch=2951 loss=1.16410351 recon=0.00014340 beh=6.016111 w=0.193 lr=1.661e-05 time=0.166s
[RQ-VAE] epoch=2952 loss=1.16341519 recon=0.00014353 beh=6.008411 w=0.194 lr=1.627e-05 time=0.164s
[RQ-VAE] epoch=2953 loss=1.16422915 recon=0.00014332 beh=6.008479 w=0.194 lr=1.593e-05 time=0.166s
[RQ-VAE] epoch=2954 loss=1.16563153 recon=0.00014321 beh=6.011580 w=0.194 lr=1.559e-05 time=0.165s
[RQ-VAE] epoch=2955 loss=1.16665721 recon=0.00014326 beh=6.012735 w=0.194 lr=1.525e-05 time=0.164s
[RQ-VAE] epoch=2956 loss=1.16671085 recon=0.00014308 beh=6.008883 w=0.194 lr=1.492e-05 time=0.166s
[RQ-VAE] epoch=2957 loss=1.16864204 recon=0.00014309 beh=6.014700 w=0.194 lr=1.458e-05 time=0.165s
[RQ-VAE] epoch=2958 loss=1.17130125 recon=0.00014310 beh=6.024254 w=0.194 lr=1.424e-05 time=0.166s
[RQ-VAE] epoch=2959 loss=1.16946328 recon=0.00014321 beh=6.010677 w=0.195 lr=1.390e-05 time=0.165s
[RQ-VAE] epoch=2960 loss=1.17252374 recon=0.00014305 beh=6.022283 w=0.195 lr=1.356e-05 time=0.164s
[RQ-VAE] epoch=2961 loss=1.17196226 recon=0.00014322 beh=6.015276 w=0.195 lr=1.322e-05 time=0.164s
[RQ-VAE] epoch=2962 loss=1.17262435 recon=0.00014325 beh=6.014558 w=0.195 lr=1.288e-05 time=0.164s
[RQ-VAE] epoch=2963 loss=1.17266417 recon=0.00014323 beh=6.010652 w=0.195 lr=1.254e-05 time=0.165s
[RQ-VAE] epoch=2964 loss=1.17566013 recon=0.00014317 beh=6.021894 w=0.195 lr=1.220e-05 time=0.165s
[RQ-VAE] epoch=2965 loss=1.17567670 recon=0.00014329 beh=6.017868 w=0.195 lr=1.186e-05 time=0.165s
[RQ-VAE] epoch=2966 loss=1.17512941 recon=0.00014327 beh=6.010963 w=0.195 lr=1.153e-05 time=0.165s
[RQ-VAE] epoch=2967 loss=1.17667162 recon=0.00014318 beh=6.014751 w=0.196 lr=1.119e-05 time=0.166s
[RQ-VAE] epoch=2968 loss=1.17805576 recon=0.00014318 beh=6.017725 w=0.196 lr=1.085e-05 time=0.164s
[RQ-VAE] epoch=2969 loss=1.18032205 recon=0.00014324 beh=6.025199 w=0.196 lr=1.051e-05 time=0.165s
[RQ-VAE] epoch=2970 loss=1.17898059 recon=0.00014332 beh=6.014256 w=0.196 lr=1.017e-05 time=0.165s
[RQ-VAE] epoch=2971 loss=1.17872322 recon=0.00014334 beh=6.008856 w=0.196 lr=9.831e-06 time=0.165s
[RQ-VAE] epoch=2972 loss=1.18080330 recon=0.00014336 beh=6.015371 w=0.196 lr=9.492e-06 time=0.165s
[RQ-VAE] epoch=2973 loss=1.18255186 recon=0.00014324 beh=6.020192 w=0.196 lr=9.153e-06 time=0.165s
[RQ-VAE] epoch=2974 loss=1.18329823 recon=0.00014339 beh=6.019904 w=0.197 lr=8.814e-06 time=0.165s
[RQ-VAE] epoch=2975 loss=1.18170571 recon=0.00014329 beh=6.007726 w=0.197 lr=8.475e-06 time=0.166s
[RQ-VAE] epoch=2976 loss=1.18456817 recon=0.00014339 beh=6.018199 w=0.197 lr=8.136e-06 time=0.256s
[RQ-VAE] epoch=2977 loss=1.18532872 recon=0.00014317 beh=6.017988 w=0.197 lr=7.797e-06 time=0.165s
[RQ-VAE] epoch=2978 loss=1.18615460 recon=0.00014341 beh=6.018106 w=0.197 lr=7.458e-06 time=0.165s
[RQ-VAE] epoch=2979 loss=1.18681443 recon=0.00014326 beh=6.017385 w=0.197 lr=7.119e-06 time=0.165s
[RQ-VAE] epoch=2980 loss=1.18677449 recon=0.00014315 beh=6.013116 w=0.197 lr=6.780e-06 time=0.165s
[RQ-VAE] epoch=2981 loss=1.18930995 recon=0.00014324 beh=6.021895 w=0.197 lr=6.441e-06 time=0.164s
[RQ-VAE] epoch=2982 loss=1.18855762 recon=0.00014307 beh=6.014026 w=0.198 lr=6.102e-06 time=0.165s
[RQ-VAE] epoch=2983 loss=1.18986821 recon=0.00014320 beh=6.016598 w=0.198 lr=5.763e-06 time=0.165s
[RQ-VAE] epoch=2984 loss=1.19059861 recon=0.00014314 beh=6.016235 w=0.198 lr=5.424e-06 time=0.166s
[RQ-VAE] epoch=2985 loss=1.19037330 recon=0.00014330 beh=6.011045 w=0.198 lr=5.085e-06 time=0.166s
[RQ-VAE] epoch=2986 loss=1.19185483 recon=0.00014331 beh=6.014477 w=0.198 lr=4.746e-06 time=0.165s
[RQ-VAE] epoch=2987 loss=1.19499207 recon=0.00014316 beh=6.026258 w=0.198 lr=4.407e-06 time=0.164s
[RQ-VAE] epoch=2988 loss=1.19299531 recon=0.00014323 beh=6.012142 w=0.198 lr=4.068e-06 time=0.165s
[RQ-VAE] epoch=2989 loss=1.19318104 recon=0.00014331 beh=6.009040 w=0.199 lr=3.729e-06 time=0.165s
[RQ-VAE] epoch=2990 loss=1.19530582 recon=0.00014319 beh=6.015703 w=0.199 lr=3.390e-06 time=0.165s
[RQ-VAE] epoch=2991 loss=1.19530153 recon=0.00014316 beh=6.011646 w=0.199 lr=3.051e-06 time=0.165s
[RQ-VAE] epoch=2992 loss=1.19880474 recon=0.00014323 beh=6.025227 w=0.199 lr=2.712e-06 time=0.166s
[RQ-VAE] epoch=2993 loss=1.19837844 recon=0.00014343 beh=6.019049 w=0.199 lr=2.373e-06 time=0.166s
[RQ-VAE] epoch=2994 loss=1.19885492 recon=0.00014337 beh=6.017412 w=0.199 lr=2.034e-06 time=0.166s
[RQ-VAE] epoch=2995 loss=1.19971561 recon=0.00014322 beh=6.017706 w=0.199 lr=1.695e-06 time=0.166s
[RQ-VAE] epoch=2996 loss=1.20104897 recon=0.00014316 beh=6.020370 w=0.199 lr=1.356e-06 time=0.165s
[RQ-VAE] epoch=2997 loss=1.20058703 recon=0.00014313 beh=6.014033 w=0.200 lr=1.017e-06 time=0.164s
[RQ-VAE] epoch=2998 loss=1.20184159 recon=0.00014321 beh=6.016299 w=0.200 lr=6.780e-07 time=0.165s
[RQ-VAE] epoch=2999 loss=1.20413113 recon=0.00014311 beh=6.023741 w=0.200 lr=3.390e-07 time=0.165s
[RQ-VAE] epoch=3000 loss=1.20461082 recon=0.00014316 lr=0.000e+00 raw_unique=22832/24587 collision=0.071379 time=0.165s
[RecBole RQ-VAE] exported raw_shape=(24587, 3) sid_shape=(24587, 4) unique=24587 -> /home/wlia0047/ar57/wenyu/GeneRec/results/stage2_RQ-VAE/TIGER_HYPERBOLIC_RQ-VAE/exp2_euclid_matched/sids_for_hgrec.npy
