W1010 18:03:21.815759 624617 /fs04/scratch2/ar57/wenyu/genrec_env_v2/lib/python3.9/site-packages/torch/distributed/run.py:774] 
W1010 18:03:21.815759 624617 /fs04/scratch2/ar57/wenyu/genrec_env_v2/lib/python3.9/site-packages/torch/distributed/run.py:774] *****************************************
W1010 18:03:21.815759 624617 /fs04/scratch2/ar57/wenyu/genrec_env_v2/lib/python3.9/site-packages/torch/distributed/run.py:774] Setting OMP_NUM_THREADS environment variable for each process to be 1 in default, to avoid your system being overloaded, please further tune the variable for optimal performance in your application as needed. 
W1010 18:03:21.815759 624617 /fs04/scratch2/ar57/wenyu/genrec_env_v2/lib/python3.9/site-packages/torch/distributed/run.py:774] *****************************************
[RecBole RQ-VAE] device=cuda:0 all_items=24587 train_items=24556 world_size=4
[RecBole RQ-VAE] config: epochs=3000 batch_size_per_rank=1024 total_batch=4096 lr=0.001
[RecBole RQ-VAE] initializing codebooks with KMeans
/fs04/ar57/wenyu/GeneRec/stage2_RQ-VAE/TIGER_BEHAVIOR_SAMPLE_RQ-VAE/model/layers.py:102: UserWarning: Deterministic behavior was enabled with either `torch.use_deterministic_algorithms(True)` or `at::Context::setDeterministicAlgorithms(true)`, but this operation is not deterministic because it uses CuBLAS and you have CUDA >= 10.2. To enable deterministic behavior in this case, you must set an environment variable before running your PyTorch application: CUBLAS_WORKSPACE_CONFIG=:4096:8 or CUBLAS_WORKSPACE_CONFIG=:16:8. For more information, go to https://docs.nvidia.com/cuda/cublas/index.html#results-reproducibility (Triggered internally at /pytorch/aten/src/ATen/Context.cpp:233.)
  - 2 * latent @ code_embs.t()
/fs04/ar57/wenyu/GeneRec/stage2_RQ-VAE/TIGER_BEHAVIOR_SAMPLE_RQ-VAE/model/layers.py:102: UserWarning: Deterministic behavior was enabled with either `torch.use_deterministic_algorithms(True)` or `at::Context::setDeterministicAlgorithms(true)`, but this operation is not deterministic because it uses CuBLAS and you have CUDA >= 10.2. To enable deterministic behavior in this case, you must set an environment variable before running your PyTorch application: CUBLAS_WORKSPACE_CONFIG=:4096:8 or CUBLAS_WORKSPACE_CONFIG=:16:8. For more information, go to https://docs.nvidia.com/cuda/cublas/index.html#results-reproducibility (Triggered internally at /pytorch/aten/src/ATen/Context.cpp:233.)
  - 2 * latent @ code_embs.t()
/fs04/ar57/wenyu/GeneRec/stage2_RQ-VAE/TIGER_BEHAVIOR_SAMPLE_RQ-VAE/model/layers.py:102: UserWarning: Deterministic behavior was enabled with either `torch.use_deterministic_algorithms(True)` or `at::Context::setDeterministicAlgorithms(true)`, but this operation is not deterministic because it uses CuBLAS and you have CUDA >= 10.2. To enable deterministic behavior in this case, you must set an environment variable before running your PyTorch application: CUBLAS_WORKSPACE_CONFIG=:4096:8 or CUBLAS_WORKSPACE_CONFIG=:16:8. For more information, go to https://docs.nvidia.com/cuda/cublas/index.html#results-reproducibility (Triggered internally at /pytorch/aten/src/ATen/Context.cpp:233.)
  - 2 * latent @ code_embs.t()
/fs04/ar57/wenyu/GeneRec/stage2_RQ-VAE/TIGER_BEHAVIOR_SAMPLE_RQ-VAE/model/layers.py:102: UserWarning: Deterministic behavior was enabled with either `torch.use_deterministic_algorithms(True)` or `at::Context::setDeterministicAlgorithms(true)`, but this operation is not deterministic because it uses CuBLAS and you have CUDA >= 10.2. To enable deterministic behavior in this case, you must set an environment variable before running your PyTorch application: CUBLAS_WORKSPACE_CONFIG=:4096:8 or CUBLAS_WORKSPACE_CONFIG=:16:8. For more information, go to https://docs.nvidia.com/cuda/cublas/index.html#results-reproducibility (Triggered internally at /pytorch/aten/src/ATen/Context.cpp:233.)
  - 2 * latent @ code_embs.t()
/fs04/ar57/wenyu/GeneRec/stage2_RQ-VAE/TIGER_BEHAVIOR_SAMPLE_RQ-VAE/model/layers.py:102: UserWarning: Deterministic behavior was enabled with either `torch.use_deterministic_algorithms(True)` or `at::Context::setDeterministicAlgorithms(true)`, but this operation is not deterministic because it uses CuBLAS and you have CUDA >= 10.2. To enable deterministic behavior in this case, you must set an environment variable before running your PyTorch application: CUBLAS_WORKSPACE_CONFIG=:4096:8 or CUBLAS_WORKSPACE_CONFIG=:16:8. For more information, go to https://docs.nvidia.com/cuda/cublas/index.html#results-reproducibility (Triggered internally at /pytorch/aten/src/ATen/Context.cpp:233.)
  - 2 * latent @ code_embs.t()
/fs04/ar57/wenyu/GeneRec/stage2_RQ-VAE/TIGER_BEHAVIOR_SAMPLE_RQ-VAE/model/layers.py:102: UserWarning: Deterministic behavior was enabled with either `torch.use_deterministic_algorithms(True)` or `at::Context::setDeterministicAlgorithms(true)`, but this operation is not deterministic because it uses CuBLAS and you have CUDA >= 10.2. To enable deterministic behavior in this case, you must set an environment variable before running your PyTorch application: CUBLAS_WORKSPACE_CONFIG=:4096:8 or CUBLAS_WORKSPACE_CONFIG=:16:8. For more information, go to https://docs.nvidia.com/cuda/cublas/index.html#results-reproducibility (Triggered internally at /pytorch/aten/src/ATen/Context.cpp:233.)
  - 2 * latent @ code_embs.t()
/fs04/ar57/wenyu/GeneRec/stage2_RQ-VAE/TIGER_BEHAVIOR_SAMPLE_RQ-VAE/model/layers.py:102: UserWarning: Deterministic behavior was enabled with either `torch.use_deterministic_algorithms(True)` or `at::Context::setDeterministicAlgorithms(true)`, but this operation is not deterministic because it uses CuBLAS and you have CUDA >= 10.2. To enable deterministic behavior in this case, you must set an environment variable before running your PyTorch application: CUBLAS_WORKSPACE_CONFIG=:4096:8 or CUBLAS_WORKSPACE_CONFIG=:16:8. For more information, go to https://docs.nvidia.com/cuda/cublas/index.html#results-reproducibility (Triggered internally at /pytorch/aten/src/ATen/Context.cpp:233.)
  - 2 * latent @ code_embs.t()
/fs04/ar57/wenyu/GeneRec/stage2_RQ-VAE/TIGER_BEHAVIOR_SAMPLE_RQ-VAE/model/layers.py:102: UserWarning: Deterministic behavior was enabled with either `torch.use_deterministic_algorithms(True)` or `at::Context::setDeterministicAlgorithms(true)`, but this operation is not deterministic because it uses CuBLAS and you have CUDA >= 10.2. To enable deterministic behavior in this case, you must set an environment variable before running your PyTorch application: CUBLAS_WORKSPACE_CONFIG=:4096:8 or CUBLAS_WORKSPACE_CONFIG=:16:8. For more information, go to https://docs.nvidia.com/cuda/cublas/index.html#results-reproducibility (Triggered internally at /pytorch/aten/src/ATen/Context.cpp:233.)
  - 2 * latent @ code_embs.t()
/fs04/ar57/wenyu/GeneRec/stage2_RQ-VAE/TIGER_BEHAVIOR_SAMPLE_RQ-VAE/model/layers.py:102: UserWarning: Deterministic behavior was enabled with either `torch.use_deterministic_algorithms(True)` or `at::Context::setDeterministicAlgorithms(true)`, but this operation is not deterministic because it uses CuBLAS and you have CUDA >= 10.2. To enable deterministic behavior in this case, you must set an environment variable before running your PyTorch application: CUBLAS_WORKSPACE_CONFIG=:4096:8 or CUBLAS_WORKSPACE_CONFIG=:16:8. For more information, go to https://docs.nvidia.com/cuda/cublas/index.html#results-reproducibility (Triggered internally at /pytorch/aten/src/ATen/Context.cpp:233.)
  - 2 * latent @ code_embs.t()
/home/wlia0047/ar57_scratch/wenyu/genrec_env_v2/lib64/python3.9/site-packages/torch/distributed/distributed_c10d.py:4807: UserWarning: No device id is provided via `init_process_group` or `barrier `. Using the current device set by the user. 
  warnings.warn(  # warn only once
/fs04/ar57/wenyu/GeneRec/stage2_RQ-VAE/TIGER_BEHAVIOR_SAMPLE_RQ-VAE/model/layers.py:102: UserWarning: Deterministic behavior was enabled with either `torch.use_deterministic_algorithms(True)` or `at::Context::setDeterministicAlgorithms(true)`, but this operation is not deterministic because it uses CuBLAS and you have CUDA >= 10.2. To enable deterministic behavior in this case, you must set an environment variable before running your PyTorch application: CUBLAS_WORKSPACE_CONFIG=:4096:8 or CUBLAS_WORKSPACE_CONFIG=:16:8. For more information, go to https://docs.nvidia.com/cuda/cublas/index.html#results-reproducibility (Triggered internally at /pytorch/aten/src/ATen/Context.cpp:233.)
  - 2 * latent @ code_embs.t()
/home/wlia0047/ar57_scratch/wenyu/genrec_env_v2/lib64/python3.9/site-packages/torch/distributed/distributed_c10d.py:4807: UserWarning: No device id is provided via `init_process_group` or `barrier `. Using the current device set by the user. 
  warnings.warn(  # warn only once
/fs04/ar57/wenyu/GeneRec/stage2_RQ-VAE/TIGER_BEHAVIOR_SAMPLE_RQ-VAE/model/layers.py:102: UserWarning: Deterministic behavior was enabled with either `torch.use_deterministic_algorithms(True)` or `at::Context::setDeterministicAlgorithms(true)`, but this operation is not deterministic because it uses CuBLAS and you have CUDA >= 10.2. To enable deterministic behavior in this case, you must set an environment variable before running your PyTorch application: CUBLAS_WORKSPACE_CONFIG=:4096:8 or CUBLAS_WORKSPACE_CONFIG=:16:8. For more information, go to https://docs.nvidia.com/cuda/cublas/index.html#results-reproducibility (Triggered internally at /pytorch/aten/src/ATen/Context.cpp:233.)
  - 2 * latent @ code_embs.t()
/home/wlia0047/ar57_scratch/wenyu/genrec_env_v2/lib64/python3.9/site-packages/torch/distributed/distributed_c10d.py:4807: UserWarning: No device id is provided via `init_process_group` or `barrier `. Using the current device set by the user. 
  warnings.warn(  # warn only once
/fs04/ar57/wenyu/GeneRec/stage2_RQ-VAE/TIGER_BEHAVIOR_SAMPLE_RQ-VAE/model/layers.py:102: UserWarning: Deterministic behavior was enabled with either `torch.use_deterministic_algorithms(True)` or `at::Context::setDeterministicAlgorithms(true)`, but this operation is not deterministic because it uses CuBLAS and you have CUDA >= 10.2. To enable deterministic behavior in this case, you must set an environment variable before running your PyTorch application: CUBLAS_WORKSPACE_CONFIG=:4096:8 or CUBLAS_WORKSPACE_CONFIG=:16:8. For more information, go to https://docs.nvidia.com/cuda/cublas/index.html#results-reproducibility (Triggered internally at /pytorch/aten/src/ATen/Context.cpp:233.)
  - 2 * latent @ code_embs.t()
/home/wlia0047/ar57_scratch/wenyu/genrec_env_v2/lib64/python3.9/site-packages/torch/distributed/distributed_c10d.py:4807: UserWarning: No device id is provided via `init_process_group` or `barrier `. Using the current device set by the user. 
  warnings.warn(  # warn only once
/home/wlia0047/ar57_scratch/wenyu/genrec_env_v2/lib64/python3.9/site-packages/torch/autograd/graph.py:829: UserWarning: Deterministic behavior was enabled with either `torch.use_deterministic_algorithms(True)` or `at::Context::setDeterministicAlgorithms(true)`, but this operation is not deterministic because it uses CuBLAS and you have CUDA >= 10.2. To enable deterministic behavior in this case, you must set an environment variable before running your PyTorch application: CUBLAS_WORKSPACE_CONFIG=:4096:8 or CUBLAS_WORKSPACE_CONFIG=:16:8. For more information, go to https://docs.nvidia.com/cuda/cublas/index.html#results-reproducibility (Triggered internally at /pytorch/aten/src/ATen/Context.cpp:233.)
  return Variable._execution_engine.run_backward(  # Calls into the C++ engine to run the backward pass
/home/wlia0047/ar57_scratch/wenyu/genrec_env_v2/lib64/python3.9/site-packages/torch/autograd/graph.py:829: UserWarning: Deterministic behavior was enabled with either `torch.use_deterministic_algorithms(True)` or `at::Context::setDeterministicAlgorithms(true)`, but this operation is not deterministic because it uses CuBLAS and you have CUDA >= 10.2. To enable deterministic behavior in this case, you must set an environment variable before running your PyTorch application: CUBLAS_WORKSPACE_CONFIG=:4096:8 or CUBLAS_WORKSPACE_CONFIG=:16:8. For more information, go to https://docs.nvidia.com/cuda/cublas/index.html#results-reproducibility (Triggered internally at /pytorch/aten/src/ATen/Context.cpp:233.)
  return Variable._execution_engine.run_backward(  # Calls into the C++ engine to run the backward pass
/home/wlia0047/ar57_scratch/wenyu/genrec_env_v2/lib64/python3.9/site-packages/torch/autograd/graph.py:829: UserWarning: Deterministic behavior was enabled with either `torch.use_deterministic_algorithms(True)` or `at::Context::setDeterministicAlgorithms(true)`, but this operation is not deterministic because it uses CuBLAS and you have CUDA >= 10.2. To enable deterministic behavior in this case, you must set an environment variable before running your PyTorch application: CUBLAS_WORKSPACE_CONFIG=:4096:8 or CUBLAS_WORKSPACE_CONFIG=:16:8. For more information, go to https://docs.nvidia.com/cuda/cublas/index.html#results-reproducibility (Triggered internally at /pytorch/aten/src/ATen/Context.cpp:233.)
  return Variable._execution_engine.run_backward(  # Calls into the C++ engine to run the backward pass
/home/wlia0047/ar57_scratch/wenyu/genrec_env_v2/lib64/python3.9/site-packages/torch/autograd/graph.py:829: UserWarning: Deterministic behavior was enabled with either `torch.use_deterministic_algorithms(True)` or `at::Context::setDeterministicAlgorithms(true)`, but this operation is not deterministic because it uses CuBLAS and you have CUDA >= 10.2. To enable deterministic behavior in this case, you must set an environment variable before running your PyTorch application: CUBLAS_WORKSPACE_CONFIG=:4096:8 or CUBLAS_WORKSPACE_CONFIG=:16:8. For more information, go to https://docs.nvidia.com/cuda/cublas/index.html#results-reproducibility (Triggered internally at /pytorch/aten/src/ATen/Context.cpp:233.)
  return Variable._execution_engine.run_backward(  # Calls into the C++ engine to run the backward pass
[RQ-VAE] epoch=1 loss=0.00048904 recon=0.00046251 beh=0.000000 w=0.000 lr=2.333e-05 time=4.621s
[RQ-VAE] epoch=2 loss=0.00048493 recon=0.00045522 beh=0.000000 w=0.000 lr=4.333e-05 time=0.101s
[RQ-VAE] epoch=3 loss=0.00047947 recon=0.00044265 beh=0.000000 w=0.000 lr=6.333e-05 time=0.094s
[RQ-VAE] epoch=4 loss=0.00046754 recon=0.00042372 beh=0.000000 w=0.000 lr=8.333e-05 time=0.091s
[RQ-VAE] epoch=5 loss=0.00045873 recon=0.00039499 beh=0.000000 w=0.000 lr=1.033e-04 time=0.092s
[RQ-VAE] epoch=6 loss=0.00044894 recon=0.00035533 beh=0.000000 w=0.000 lr=1.233e-04 time=0.093s
[RQ-VAE] epoch=7 loss=0.00040074 recon=0.00031117 beh=0.000000 w=0.000 lr=1.433e-04 time=0.092s
[RQ-VAE] epoch=8 loss=0.00034059 recon=0.00027090 beh=0.000000 w=0.000 lr=1.633e-04 time=0.092s
[RQ-VAE] epoch=9 loss=0.00031246 recon=0.00023879 beh=0.000000 w=0.000 lr=1.833e-04 time=0.092s
[RQ-VAE] epoch=10 loss=0.00028889 recon=0.00021726 beh=0.000000 w=0.000 lr=2.033e-04 time=0.092s
[RQ-VAE] epoch=11 loss=0.00026133 recon=0.00020557 beh=0.000000 w=0.000 lr=2.233e-04 time=0.093s
[RQ-VAE] epoch=12 loss=0.00023560 recon=0.00020000 beh=0.000000 w=0.000 lr=2.433e-04 time=0.092s
[RQ-VAE] epoch=13 loss=0.00022349 recon=0.00019663 beh=0.000000 w=0.000 lr=2.633e-04 time=0.092s
[RQ-VAE] epoch=14 loss=0.00021754 recon=0.00019309 beh=0.000000 w=0.000 lr=2.833e-04 time=0.093s
[RQ-VAE] epoch=15 loss=0.00021138 recon=0.00018975 beh=0.000000 w=0.000 lr=3.033e-04 time=0.093s
[RQ-VAE] epoch=16 loss=0.00020388 recon=0.00018614 beh=0.000000 w=0.000 lr=3.233e-04 time=0.093s
[RQ-VAE] epoch=17 loss=0.00019779 recon=0.00018263 beh=0.000000 w=0.000 lr=3.433e-04 time=0.092s
[RQ-VAE] epoch=18 loss=0.00019268 recon=0.00017977 beh=0.000000 w=0.000 lr=3.633e-04 time=0.095s
[RQ-VAE] epoch=19 loss=0.00018883 recon=0.00017780 beh=0.000000 w=0.000 lr=3.833e-04 time=0.092s
[RQ-VAE] epoch=20 loss=0.00018685 recon=0.00017658 beh=0.000000 w=0.000 lr=4.033e-04 time=0.227s
[RQ-VAE] epoch=21 loss=0.00018567 recon=0.00017566 beh=0.000000 w=0.000 lr=4.233e-04 time=0.092s
[RQ-VAE] epoch=22 loss=0.00018529 recon=0.00017482 beh=0.000000 w=0.000 lr=4.433e-04 time=0.093s
[RQ-VAE] epoch=23 loss=0.00018477 recon=0.00017345 beh=0.000000 w=0.000 lr=4.633e-04 time=0.095s
[RQ-VAE] epoch=24 loss=0.00018446 recon=0.00017113 beh=0.000000 w=0.000 lr=4.833e-04 time=0.092s
[RQ-VAE] epoch=25 loss=0.00018239 recon=0.00016804 beh=0.000000 w=0.000 lr=5.033e-04 time=0.092s
[RQ-VAE] epoch=26 loss=0.00017874 recon=0.00016503 beh=0.000000 w=0.000 lr=5.233e-04 time=0.094s
[RQ-VAE] epoch=27 loss=0.00017643 recon=0.00016303 beh=0.000000 w=0.000 lr=5.433e-04 time=0.093s
[RQ-VAE] epoch=28 loss=0.00017492 recon=0.00016148 beh=0.000000 w=0.000 lr=5.633e-04 time=0.091s
[RQ-VAE] epoch=29 loss=0.00017443 recon=0.00016038 beh=0.000000 w=0.000 lr=5.833e-04 time=0.094s
[RQ-VAE] epoch=30 loss=0.00017347 recon=0.00015922 beh=0.000000 w=0.000 lr=6.033e-04 time=0.091s
[RQ-VAE] epoch=31 loss=0.00017275 recon=0.00015843 beh=0.000000 w=0.000 lr=6.233e-04 time=0.093s
[RQ-VAE] epoch=32 loss=0.00017114 recon=0.00015699 beh=0.000000 w=0.000 lr=6.433e-04 time=0.09s
[RQ-VAE] epoch=33 loss=0.00016948 recon=0.00015561 beh=0.000000 w=0.000 lr=6.633e-04 time=0.093s
[RQ-VAE] epoch=34 loss=0.00016852 recon=0.00015465 beh=0.000000 w=0.000 lr=6.833e-04 time=0.093s
[RQ-VAE] epoch=35 loss=0.00016812 recon=0.00015394 beh=0.000000 w=0.000 lr=7.033e-04 time=0.205s
[RQ-VAE] epoch=36 loss=0.00016835 recon=0.00015332 beh=0.000000 w=0.000 lr=7.233e-04 time=0.091s
[RQ-VAE] epoch=37 loss=0.00016850 recon=0.00015240 beh=0.000000 w=0.000 lr=7.433e-04 time=0.091s
[RQ-VAE] epoch=38 loss=0.00016921 recon=0.00015131 beh=0.000000 w=0.000 lr=7.633e-04 time=0.092s
[RQ-VAE] epoch=39 loss=0.00016999 recon=0.00015019 beh=0.000000 w=0.000 lr=7.833e-04 time=0.091s
[RQ-VAE] epoch=40 loss=0.00017021 recon=0.00014882 beh=0.000000 w=0.000 lr=8.033e-04 time=0.092s
[RQ-VAE] epoch=41 loss=0.00017030 recon=0.00014747 beh=0.000000 w=0.000 lr=8.233e-04 time=0.095s
[RQ-VAE] epoch=42 loss=0.00017061 recon=0.00014633 beh=0.000000 w=0.000 lr=8.433e-04 time=0.092s
[RQ-VAE] epoch=43 loss=0.00017033 recon=0.00014472 beh=0.000000 w=0.000 lr=8.633e-04 time=0.092s
[RQ-VAE] epoch=44 loss=0.00017040 recon=0.00014338 beh=0.000000 w=0.000 lr=8.833e-04 time=0.093s
[RQ-VAE] epoch=45 loss=0.00017178 recon=0.00014304 beh=0.000000 w=0.000 lr=9.033e-04 time=0.093s
[RQ-VAE] epoch=46 loss=0.00017152 recon=0.00014199 beh=0.000000 w=0.000 lr=9.233e-04 time=0.092s
[RQ-VAE] epoch=47 loss=0.00017103 recon=0.00014059 beh=0.000000 w=0.000 lr=9.433e-04 time=0.094s
[RQ-VAE] epoch=48 loss=0.00017078 recon=0.00013946 beh=0.000000 w=0.000 lr=9.633e-04 time=0.091s
[RQ-VAE] epoch=49 loss=0.00017009 recon=0.00013860 beh=0.000000 w=0.000 lr=9.833e-04 time=0.092s
[RQ-VAE] epoch=50 loss=0.00017103 recon=0.00013781 lr=1.000e-03 raw_unique=19025/24587 collision=0.226217 time=0.092s
[RQ-VAE] epoch=51 loss=0.00016968 recon=0.00013672 beh=0.000000 w=0.000 lr=9.997e-04 time=0.092s
[RQ-VAE] epoch=52 loss=0.00016998 recon=0.00013591 beh=0.000000 w=0.000 lr=9.993e-04 time=0.092s
[RQ-VAE] epoch=53 loss=0.00017044 recon=0.00013532 beh=0.000000 w=0.000 lr=9.990e-04 time=0.093s
[RQ-VAE] epoch=54 loss=0.00017100 recon=0.00013456 beh=0.000000 w=0.000 lr=9.986e-04 time=0.092s
[RQ-VAE] epoch=55 loss=0.00017139 recon=0.00013383 beh=0.000000 w=0.000 lr=9.983e-04 time=0.095s
[RQ-VAE] epoch=56 loss=0.00017185 recon=0.00013319 beh=0.000000 w=0.000 lr=9.980e-04 time=0.092s
[RQ-VAE] epoch=57 loss=0.00017211 recon=0.00013236 beh=0.000000 w=0.000 lr=9.976e-04 time=0.095s
[RQ-VAE] epoch=58 loss=0.00017329 recon=0.00013168 beh=0.000000 w=0.000 lr=9.973e-04 time=0.092s
[RQ-VAE] epoch=59 loss=0.00017416 recon=0.00013107 beh=0.000000 w=0.000 lr=9.969e-04 time=0.092s
[RQ-VAE] epoch=60 loss=0.00017469 recon=0.00013020 beh=0.000000 w=0.000 lr=9.966e-04 time=0.093s
[RQ-VAE] epoch=61 loss=0.00017551 recon=0.00012923 beh=0.000000 w=0.000 lr=9.963e-04 time=0.092s
[RQ-VAE] epoch=62 loss=0.00017581 recon=0.00012838 beh=0.000000 w=0.000 lr=9.959e-04 time=0.092s
[RQ-VAE] epoch=63 loss=0.00017674 recon=0.00012772 beh=0.000000 w=0.000 lr=9.956e-04 time=0.092s
[RQ-VAE] epoch=64 loss=0.00017713 recon=0.00012694 beh=0.000000 w=0.000 lr=9.953e-04 time=0.093s
[RQ-VAE] epoch=65 loss=0.00017832 recon=0.00012641 beh=0.000000 w=0.000 lr=9.949e-04 time=0.093s
[RQ-VAE] epoch=66 loss=0.00017820 recon=0.00012585 beh=0.000000 w=0.000 lr=9.946e-04 time=0.092s
[RQ-VAE] epoch=67 loss=0.00017894 recon=0.00012521 beh=0.000000 w=0.000 lr=9.942e-04 time=0.093s
[RQ-VAE] epoch=68 loss=0.00017980 recon=0.00012479 beh=0.000000 w=0.000 lr=9.939e-04 time=0.092s
[RQ-VAE] epoch=69 loss=0.00017952 recon=0.00012423 beh=0.000000 w=0.000 lr=9.936e-04 time=0.093s
[RQ-VAE] epoch=70 loss=0.00017980 recon=0.00012372 beh=0.000000 w=0.000 lr=9.932e-04 time=0.092s
[RQ-VAE] epoch=71 loss=0.00018043 recon=0.00012316 beh=0.000000 w=0.000 lr=9.929e-04 time=0.092s
[RQ-VAE] epoch=72 loss=0.00018026 recon=0.00012276 beh=0.000000 w=0.000 lr=9.925e-04 time=0.095s
[RQ-VAE] epoch=73 loss=0.00018062 recon=0.00012222 beh=0.000000 w=0.000 lr=9.922e-04 time=0.092s
[RQ-VAE] epoch=74 loss=0.00018092 recon=0.00012167 beh=0.000000 w=0.000 lr=9.919e-04 time=0.092s
[RQ-VAE] epoch=75 loss=0.00018049 recon=0.00012115 beh=0.000000 w=0.000 lr=9.915e-04 time=0.092s
[RQ-VAE] epoch=76 loss=0.00018142 recon=0.00012089 beh=0.000000 w=0.000 lr=9.912e-04 time=0.092s
[RQ-VAE] epoch=77 loss=0.00018143 recon=0.00012040 beh=0.000000 w=0.000 lr=9.908e-04 time=0.091s
[RQ-VAE] epoch=78 loss=0.00018089 recon=0.00011996 beh=0.000000 w=0.000 lr=9.905e-04 time=0.092s
[RQ-VAE] epoch=79 loss=0.00018167 recon=0.00011955 beh=0.000000 w=0.000 lr=9.902e-04 time=0.092s
[RQ-VAE] epoch=80 loss=0.00018122 recon=0.00011927 beh=0.000000 w=0.000 lr=9.898e-04 time=0.091s
[RQ-VAE] epoch=81 loss=0.00018237 recon=0.00011899 beh=0.000000 w=0.000 lr=9.895e-04 time=0.092s
[RQ-VAE] epoch=82 loss=0.00018314 recon=0.00011853 beh=0.000000 w=0.000 lr=9.892e-04 time=0.092s
[RQ-VAE] epoch=83 loss=0.00018289 recon=0.00011810 beh=0.000000 w=0.000 lr=9.888e-04 time=0.091s
[RQ-VAE] epoch=84 loss=0.00018332 recon=0.00011775 beh=0.000000 w=0.000 lr=9.885e-04 time=0.092s
[RQ-VAE] epoch=85 loss=0.00018393 recon=0.00011733 beh=0.000000 w=0.000 lr=9.881e-04 time=0.092s
[RQ-VAE] epoch=86 loss=0.00018405 recon=0.00011697 beh=0.000000 w=0.000 lr=9.878e-04 time=0.093s
[RQ-VAE] epoch=87 loss=0.00018541 recon=0.00011667 beh=0.000000 w=0.000 lr=9.875e-04 time=0.092s
[RQ-VAE] epoch=88 loss=0.00018496 recon=0.00011639 beh=0.000000 w=0.000 lr=9.871e-04 time=0.092s
[RQ-VAE] epoch=89 loss=0.00018535 recon=0.00011613 beh=0.000000 w=0.000 lr=9.868e-04 time=0.093s
[RQ-VAE] epoch=90 loss=0.00018579 recon=0.00011591 beh=0.000000 w=0.000 lr=9.864e-04 time=0.093s
[RQ-VAE] epoch=91 loss=0.00018595 recon=0.00011556 beh=0.000000 w=0.000 lr=9.861e-04 time=0.092s
[RQ-VAE] epoch=92 loss=0.00018740 recon=0.00011538 beh=0.000000 w=0.000 lr=9.858e-04 time=0.22s
[RQ-VAE] epoch=93 loss=0.00018853 recon=0.00011522 beh=0.000000 w=0.000 lr=9.854e-04 time=0.092s
[RQ-VAE] epoch=94 loss=0.00018922 recon=0.00011490 beh=0.000000 w=0.000 lr=9.851e-04 time=0.092s
[RQ-VAE] epoch=95 loss=0.00018914 recon=0.00011450 beh=0.000000 w=0.000 lr=9.847e-04 time=0.095s
[RQ-VAE] epoch=96 loss=0.00018861 recon=0.00011396 beh=0.000000 w=0.000 lr=9.844e-04 time=0.091s
[RQ-VAE] epoch=97 loss=0.00018909 recon=0.00011388 beh=0.000000 w=0.000 lr=9.841e-04 time=0.092s
[RQ-VAE] epoch=98 loss=0.00019048 recon=0.00011366 beh=0.000000 w=0.000 lr=9.837e-04 time=0.092s
[RQ-VAE] epoch=99 loss=0.00019042 recon=0.00011330 beh=0.000000 w=0.000 lr=9.834e-04 time=0.092s
[RQ-VAE] epoch=100 loss=0.00019023 recon=0.00011316 lr=9.831e-04 raw_unique=20736/24587 collision=0.156627 time=0.094s
[RQ-VAE] epoch=101 loss=0.00019129 recon=0.00011291 beh=0.000000 w=0.000 lr=9.827e-04 time=0.093s
[RQ-VAE] epoch=102 loss=0.00019196 recon=0.00011259 beh=0.000000 w=0.000 lr=9.824e-04 time=0.092s
[RQ-VAE] epoch=103 loss=0.00019148 recon=0.00011229 beh=0.000000 w=0.000 lr=9.820e-04 time=0.093s
[RQ-VAE] epoch=104 loss=0.00019243 recon=0.00011203 beh=0.000000 w=0.000 lr=9.817e-04 time=0.092s
[RQ-VAE] epoch=105 loss=0.00019206 recon=0.00011175 beh=0.000000 w=0.000 lr=9.814e-04 time=0.093s
[RQ-VAE] epoch=106 loss=0.00019228 recon=0.00011147 beh=0.000000 w=0.000 lr=9.810e-04 time=0.093s
[RQ-VAE] epoch=107 loss=0.00019288 recon=0.00011120 beh=0.000000 w=0.000 lr=9.807e-04 time=0.092s
[RQ-VAE] epoch=108 loss=0.00019275 recon=0.00011090 beh=0.000000 w=0.000 lr=9.803e-04 time=0.094s
[RQ-VAE] epoch=109 loss=0.00019424 recon=0.00011073 beh=0.000000 w=0.000 lr=9.800e-04 time=0.093s
[RQ-VAE] epoch=110 loss=0.00019513 recon=0.00011065 beh=0.000000 w=0.000 lr=9.797e-04 time=0.092s
[RQ-VAE] epoch=111 loss=0.00019512 recon=0.00011036 beh=0.000000 w=0.000 lr=9.793e-04 time=0.092s
[RQ-VAE] epoch=112 loss=0.00019600 recon=0.00011010 beh=0.000000 w=0.000 lr=9.790e-04 time=0.094s
[RQ-VAE] epoch=113 loss=0.00019671 recon=0.00010992 beh=0.000000 w=0.000 lr=9.786e-04 time=0.092s
[RQ-VAE] epoch=114 loss=0.00019684 recon=0.00010969 beh=0.000000 w=0.000 lr=9.783e-04 time=0.094s
[RQ-VAE] epoch=115 loss=0.00019732 recon=0.00010947 beh=0.000000 w=0.000 lr=9.780e-04 time=0.094s
[RQ-VAE] epoch=116 loss=0.00019786 recon=0.00010942 beh=0.000000 w=0.000 lr=9.776e-04 time=0.091s
[RQ-VAE] epoch=117 loss=0.00019748 recon=0.00010913 beh=0.000000 w=0.000 lr=9.773e-04 time=0.095s
[RQ-VAE] epoch=118 loss=0.00019823 recon=0.00010880 beh=0.000000 w=0.000 lr=9.769e-04 time=0.092s
[RQ-VAE] epoch=119 loss=0.00019920 recon=0.00010866 beh=0.000000 w=0.000 lr=9.766e-04 time=0.092s
[RQ-VAE] epoch=120 loss=0.00019912 recon=0.00010849 beh=0.000000 w=0.000 lr=9.763e-04 time=0.091s
[RQ-VAE] epoch=121 loss=0.00019989 recon=0.00010832 beh=0.000000 w=0.000 lr=9.759e-04 time=0.216s
[RQ-VAE] epoch=122 loss=0.00019990 recon=0.00010810 beh=0.000000 w=0.000 lr=9.756e-04 time=0.091s
[RQ-VAE] epoch=123 loss=0.00020069 recon=0.00010804 beh=0.000000 w=0.000 lr=9.753e-04 time=0.093s
[RQ-VAE] epoch=124 loss=0.00020101 recon=0.00010780 beh=0.000000 w=0.000 lr=9.749e-04 time=0.091s
[RQ-VAE] epoch=125 loss=0.00020273 recon=0.00010767 beh=0.000000 w=0.000 lr=9.746e-04 time=0.091s
[RQ-VAE] epoch=126 loss=0.00020344 recon=0.00010735 beh=0.000000 w=0.000 lr=9.742e-04 time=0.091s
[RQ-VAE] epoch=127 loss=0.00020228 recon=0.00010716 beh=0.000000 w=0.000 lr=9.739e-04 time=0.093s
[RQ-VAE] epoch=128 loss=0.00020336 recon=0.00010698 beh=0.000000 w=0.000 lr=9.736e-04 time=0.092s
[RQ-VAE] epoch=129 loss=0.00020342 recon=0.00010668 beh=0.000000 w=0.000 lr=9.732e-04 time=0.091s
[RQ-VAE] epoch=130 loss=0.00020328 recon=0.00010648 beh=0.000000 w=0.000 lr=9.729e-04 time=0.092s
[RQ-VAE] epoch=131 loss=0.00020454 recon=0.00010636 beh=0.000000 w=0.000 lr=9.725e-04 time=0.092s
[RQ-VAE] epoch=132 loss=0.00020528 recon=0.00010617 beh=0.000000 w=0.000 lr=9.722e-04 time=0.091s
[RQ-VAE] epoch=133 loss=0.00020582 recon=0.00010614 beh=0.000000 w=0.000 lr=9.719e-04 time=0.092s
[RQ-VAE] epoch=134 loss=0.00020580 recon=0.00010583 beh=0.000000 w=0.000 lr=9.715e-04 time=0.091s
[RQ-VAE] epoch=135 loss=0.00020716 recon=0.00010562 beh=0.000000 w=0.000 lr=9.712e-04 time=0.092s
[RQ-VAE] epoch=136 loss=0.00020612 recon=0.00010557 beh=0.000000 w=0.000 lr=9.708e-04 time=0.091s
[RQ-VAE] epoch=137 loss=0.00020805 recon=0.00010526 beh=0.000000 w=0.000 lr=9.705e-04 time=0.091s
[RQ-VAE] epoch=138 loss=0.00020853 recon=0.00010504 beh=0.000000 w=0.000 lr=9.702e-04 time=0.091s
[RQ-VAE] epoch=139 loss=0.00020742 recon=0.00010502 beh=0.000000 w=0.000 lr=9.698e-04 time=0.092s
[RQ-VAE] epoch=140 loss=0.00020853 recon=0.00010496 beh=0.000000 w=0.000 lr=9.695e-04 time=0.094s
[RQ-VAE] epoch=141 loss=0.00020920 recon=0.00010462 beh=0.000000 w=0.000 lr=9.692e-04 time=0.191s
[RQ-VAE] epoch=142 loss=0.00021056 recon=0.00010455 beh=0.000000 w=0.000 lr=9.688e-04 time=0.092s
[RQ-VAE] epoch=143 loss=0.00021045 recon=0.00010441 beh=0.000000 w=0.000 lr=9.685e-04 time=0.094s
[RQ-VAE] epoch=144 loss=0.00021018 recon=0.00010422 beh=0.000000 w=0.000 lr=9.681e-04 time=0.091s
[RQ-VAE] epoch=145 loss=0.00021089 recon=0.00010403 beh=0.000000 w=0.000 lr=9.678e-04 time=0.091s
[RQ-VAE] epoch=146 loss=0.00021075 recon=0.00010372 beh=0.000000 w=0.000 lr=9.675e-04 time=0.093s
[RQ-VAE] epoch=147 loss=0.00021178 recon=0.00010349 beh=0.000000 w=0.000 lr=9.671e-04 time=0.095s
[RQ-VAE] epoch=148 loss=0.00021164 recon=0.00010341 beh=0.000000 w=0.000 lr=9.668e-04 time=0.092s
[RQ-VAE] epoch=149 loss=0.00021256 recon=0.00010327 beh=0.000000 w=0.000 lr=9.664e-04 time=0.092s
[RQ-VAE] epoch=150 loss=0.00021221 recon=0.00010306 lr=9.661e-04 raw_unique=21432/24587 collision=0.128320 time=0.094s
[RQ-VAE] epoch=151 loss=0.00021242 recon=0.00010288 beh=0.000000 w=0.000 lr=9.658e-04 time=0.093s
[RQ-VAE] epoch=152 loss=0.00021447 recon=0.00010283 beh=0.000000 w=0.000 lr=9.654e-04 time=0.092s
[RQ-VAE] epoch=153 loss=0.00021515 recon=0.00010278 beh=0.000000 w=0.000 lr=9.651e-04 time=0.093s
[RQ-VAE] epoch=154 loss=0.00021351 recon=0.00010255 beh=0.000000 w=0.000 lr=9.647e-04 time=0.093s
[RQ-VAE] epoch=155 loss=0.00021537 recon=0.00010234 beh=0.000000 w=0.000 lr=9.644e-04 time=0.092s
[RQ-VAE] epoch=156 loss=0.00021448 recon=0.00010205 beh=0.000000 w=0.000 lr=9.641e-04 time=0.2s
[RQ-VAE] epoch=157 loss=0.00021448 recon=0.00010186 beh=0.000000 w=0.000 lr=9.637e-04 time=0.092s
[RQ-VAE] epoch=158 loss=0.00021488 recon=0.00010175 beh=0.000000 w=0.000 lr=9.634e-04 time=0.092s
[RQ-VAE] epoch=159 loss=0.00021533 recon=0.00010162 beh=0.000000 w=0.000 lr=9.631e-04 time=0.092s
[RQ-VAE] epoch=160 loss=0.00021780 recon=0.00010166 beh=0.000000 w=0.000 lr=9.627e-04 time=0.091s
[RQ-VAE] epoch=161 loss=0.00021666 recon=0.00010144 beh=0.000000 w=0.000 lr=9.624e-04 time=0.092s
[RQ-VAE] epoch=162 loss=0.00021630 recon=0.00010132 beh=0.000000 w=0.000 lr=9.620e-04 time=0.092s
[RQ-VAE] epoch=163 loss=0.00021716 recon=0.00010109 beh=0.000000 w=0.000 lr=9.617e-04 time=0.092s
[RQ-VAE] epoch=164 loss=0.00021735 recon=0.00010089 beh=0.000000 w=0.000 lr=9.614e-04 time=0.094s
[RQ-VAE] epoch=165 loss=0.00021791 recon=0.00010076 beh=0.000000 w=0.000 lr=9.610e-04 time=0.092s
[RQ-VAE] epoch=166 loss=0.00021925 recon=0.00010059 beh=0.000000 w=0.000 lr=9.607e-04 time=0.092s
[RQ-VAE] epoch=167 loss=0.00022010 recon=0.00010047 beh=0.000000 w=0.000 lr=9.603e-04 time=0.091s
[RQ-VAE] epoch=168 loss=0.00021980 recon=0.00010028 beh=0.000000 w=0.000 lr=9.600e-04 time=0.092s
[RQ-VAE] epoch=169 loss=0.00022123 recon=0.00010045 beh=0.000000 w=0.000 lr=9.597e-04 time=0.092s
[RQ-VAE] epoch=170 loss=0.00022162 recon=0.00010016 beh=0.000000 w=0.000 lr=9.593e-04 time=0.092s
[RQ-VAE] epoch=171 loss=0.00022264 recon=0.00010004 beh=0.000000 w=0.000 lr=9.590e-04 time=0.093s
[RQ-VAE] epoch=172 loss=0.00022350 recon=0.00009990 beh=0.000000 w=0.000 lr=9.586e-04 time=0.092s
[RQ-VAE] epoch=173 loss=0.00022211 recon=0.00009982 beh=0.000000 w=0.000 lr=9.583e-04 time=0.093s
[RQ-VAE] epoch=174 loss=0.00022274 recon=0.00009964 beh=0.000000 w=0.000 lr=9.580e-04 time=0.092s
[RQ-VAE] epoch=175 loss=0.00022424 recon=0.00009970 beh=0.000000 w=0.000 lr=9.576e-04 time=0.092s
[RQ-VAE] epoch=176 loss=0.00022438 recon=0.00009951 beh=0.000000 w=0.000 lr=9.573e-04 time=0.092s
[RQ-VAE] epoch=177 loss=0.00022372 recon=0.00009926 beh=0.000000 w=0.000 lr=9.569e-04 time=0.092s
[RQ-VAE] epoch=178 loss=0.00022316 recon=0.00009912 beh=0.000000 w=0.000 lr=9.566e-04 time=0.092s
[RQ-VAE] epoch=179 loss=0.00022453 recon=0.00009902 beh=0.000000 w=0.000 lr=9.563e-04 time=0.094s
[RQ-VAE] epoch=180 loss=0.00022580 recon=0.00009893 beh=0.000000 w=0.000 lr=9.559e-04 time=0.093s
[RQ-VAE] epoch=181 loss=0.00022677 recon=0.00009885 beh=0.000000 w=0.000 lr=9.556e-04 time=0.092s
[RQ-VAE] epoch=182 loss=0.00022704 recon=0.00009861 beh=0.000000 w=0.000 lr=9.553e-04 time=0.092s
[RQ-VAE] epoch=183 loss=0.00022613 recon=0.00009856 beh=0.000000 w=0.000 lr=9.549e-04 time=0.092s
[RQ-VAE] epoch=184 loss=0.00022623 recon=0.00009838 beh=0.000000 w=0.000 lr=9.546e-04 time=0.092s
[RQ-VAE] epoch=185 loss=0.00022598 recon=0.00009821 beh=0.000000 w=0.000 lr=9.542e-04 time=0.091s
[RQ-VAE] epoch=186 loss=0.00022663 recon=0.00009817 beh=0.000000 w=0.000 lr=9.539e-04 time=0.092s
[RQ-VAE] epoch=187 loss=0.00022803 recon=0.00009809 beh=0.000000 w=0.000 lr=9.536e-04 time=0.092s
[RQ-VAE] epoch=188 loss=0.00022878 recon=0.00009781 beh=0.000000 w=0.000 lr=9.532e-04 time=0.093s
[RQ-VAE] epoch=189 loss=0.00022937 recon=0.00009770 beh=0.000000 w=0.000 lr=9.529e-04 time=0.093s
[RQ-VAE] epoch=190 loss=0.00022805 recon=0.00009761 beh=0.000000 w=0.000 lr=9.525e-04 time=0.093s
[RQ-VAE] epoch=191 loss=0.00022975 recon=0.00009759 beh=0.000000 w=0.000 lr=9.522e-04 time=0.092s
[RQ-VAE] epoch=192 loss=0.00022845 recon=0.00009745 beh=0.000000 w=0.000 lr=9.519e-04 time=0.092s
[RQ-VAE] epoch=193 loss=0.00023002 recon=0.00009731 beh=0.000000 w=0.000 lr=9.515e-04 time=0.092s
[RQ-VAE] epoch=194 loss=0.00023083 recon=0.00009741 beh=0.000000 w=0.000 lr=9.512e-04 time=0.092s
[RQ-VAE] epoch=195 loss=0.00023054 recon=0.00009716 beh=0.000000 w=0.000 lr=9.508e-04 time=0.092s
[RQ-VAE] epoch=196 loss=0.00023059 recon=0.00009706 beh=0.000000 w=0.000 lr=9.505e-04 time=0.095s
[RQ-VAE] epoch=197 loss=0.00023032 recon=0.00009687 beh=0.000000 w=0.000 lr=9.502e-04 time=0.092s
[RQ-VAE] epoch=198 loss=0.00023102 recon=0.00009672 beh=0.000000 w=0.000 lr=9.498e-04 time=0.092s
[RQ-VAE] epoch=199 loss=0.00023035 recon=0.00009666 beh=0.000000 w=0.000 lr=9.495e-04 time=0.092s
[RQ-VAE] epoch=200 loss=0.00023235 recon=0.00009672 lr=9.492e-04 raw_unique=21453/24587 collision=0.127466 time=0.092s
[RQ-VAE] epoch=201 loss=0.00023359 recon=0.00009643 beh=0.000000 w=0.000 lr=9.488e-04 time=0.092s
[RQ-VAE] epoch=202 loss=0.00023264 recon=0.00009655 beh=0.000000 w=0.000 lr=9.485e-04 time=0.091s
[RQ-VAE] epoch=203 loss=0.00023305 recon=0.00009630 beh=0.000000 w=0.000 lr=9.481e-04 time=0.092s
[RQ-VAE] epoch=204 loss=0.00023280 recon=0.00009613 beh=0.000000 w=0.000 lr=9.478e-04 time=0.092s
[RQ-VAE] epoch=205 loss=0.00023343 recon=0.00009612 beh=0.000000 w=0.000 lr=9.475e-04 time=0.093s
[RQ-VAE] epoch=206 loss=0.00023439 recon=0.00009603 beh=0.000000 w=0.000 lr=9.471e-04 time=0.092s
[RQ-VAE] epoch=207 loss=0.00023606 recon=0.00009588 beh=0.000000 w=0.000 lr=9.468e-04 time=0.091s
[RQ-VAE] epoch=208 loss=0.00023503 recon=0.00009579 beh=0.000000 w=0.000 lr=9.464e-04 time=0.092s
[RQ-VAE] epoch=209 loss=0.00023550 recon=0.00009574 beh=0.000000 w=0.000 lr=9.461e-04 time=0.092s
[RQ-VAE] epoch=210 loss=0.00023661 recon=0.00009560 beh=0.000000 w=0.000 lr=9.458e-04 time=0.092s
[RQ-VAE] epoch=211 loss=0.00023541 recon=0.00009553 beh=0.000000 w=0.000 lr=9.454e-04 time=0.092s
[RQ-VAE] epoch=212 loss=0.00023683 recon=0.00009526 beh=0.000000 w=0.000 lr=9.451e-04 time=0.094s
[RQ-VAE] epoch=213 loss=0.00023722 recon=0.00009540 beh=0.000000 w=0.000 lr=9.447e-04 time=0.219s
[RQ-VAE] epoch=214 loss=0.00023687 recon=0.00009521 beh=0.000000 w=0.000 lr=9.444e-04 time=0.092s
[RQ-VAE] epoch=215 loss=0.00023841 recon=0.00009515 beh=0.000000 w=0.000 lr=9.441e-04 time=0.093s
[RQ-VAE] epoch=216 loss=0.00023755 recon=0.00009513 beh=0.000000 w=0.000 lr=9.437e-04 time=0.093s
[RQ-VAE] epoch=217 loss=0.00023870 recon=0.00009507 beh=0.000000 w=0.000 lr=9.434e-04 time=0.092s
[RQ-VAE] epoch=218 loss=0.00023883 recon=0.00009504 beh=0.000000 w=0.000 lr=9.431e-04 time=0.092s
[RQ-VAE] epoch=219 loss=0.00024006 recon=0.00009491 beh=0.000000 w=0.000 lr=9.427e-04 time=0.092s
[RQ-VAE] epoch=220 loss=0.00024028 recon=0.00009495 beh=0.000000 w=0.000 lr=9.424e-04 time=0.096s
[RQ-VAE] epoch=221 loss=0.00024123 recon=0.00009480 beh=0.000000 w=0.000 lr=9.420e-04 time=0.101s
[RQ-VAE] epoch=222 loss=0.00024044 recon=0.00009478 beh=0.000000 w=0.000 lr=9.417e-04 time=0.093s
[RQ-VAE] epoch=223 loss=0.00023984 recon=0.00009452 beh=0.000000 w=0.000 lr=9.414e-04 time=0.091s
[RQ-VAE] epoch=224 loss=0.00024197 recon=0.00009446 beh=0.000000 w=0.000 lr=9.410e-04 time=0.097s
[RQ-VAE] epoch=225 loss=0.00024217 recon=0.00009450 beh=0.000000 w=0.000 lr=9.407e-04 time=0.094s
[RQ-VAE] epoch=226 loss=0.00024231 recon=0.00009435 beh=0.000000 w=0.000 lr=9.403e-04 time=0.092s
[RQ-VAE] epoch=227 loss=0.00024251 recon=0.00009420 beh=0.000000 w=0.000 lr=9.400e-04 time=0.092s
[RQ-VAE] epoch=228 loss=0.00024196 recon=0.00009426 beh=0.000000 w=0.000 lr=9.397e-04 time=0.092s
[RQ-VAE] epoch=229 loss=0.00024271 recon=0.00009404 beh=0.000000 w=0.000 lr=9.393e-04 time=0.092s
[RQ-VAE] epoch=230 loss=0.00024292 recon=0.00009384 beh=0.000000 w=0.000 lr=9.390e-04 time=0.092s
[RQ-VAE] epoch=231 loss=0.00024298 recon=0.00009391 beh=0.000000 w=0.000 lr=9.386e-04 time=0.092s
[RQ-VAE] epoch=232 loss=0.00024448 recon=0.00009371 beh=0.000000 w=0.000 lr=9.383e-04 time=0.092s
[RQ-VAE] epoch=233 loss=0.00024496 recon=0.00009356 beh=0.000000 w=0.000 lr=9.380e-04 time=0.092s
[RQ-VAE] epoch=234 loss=0.00024435 recon=0.00009364 beh=0.000000 w=0.000 lr=9.376e-04 time=0.091s
[RQ-VAE] epoch=235 loss=0.00024496 recon=0.00009359 beh=0.000000 w=0.000 lr=9.373e-04 time=0.092s
[RQ-VAE] epoch=236 loss=0.00024571 recon=0.00009349 beh=0.000000 w=0.000 lr=9.369e-04 time=0.092s
[RQ-VAE] epoch=237 loss=0.00024557 recon=0.00009332 beh=0.000000 w=0.000 lr=9.366e-04 time=0.092s
[RQ-VAE] epoch=238 loss=0.00024497 recon=0.00009324 beh=0.000000 w=0.000 lr=9.363e-04 time=0.092s
[RQ-VAE] epoch=239 loss=0.00024489 recon=0.00009305 beh=0.000000 w=0.000 lr=9.359e-04 time=0.092s
[RQ-VAE] epoch=240 loss=0.00024751 recon=0.00009303 beh=0.000000 w=0.000 lr=9.356e-04 time=0.094s
[RQ-VAE] epoch=241 loss=0.00024690 recon=0.00009313 beh=0.000000 w=0.000 lr=9.353e-04 time=0.093s
[RQ-VAE] epoch=242 loss=0.00024760 recon=0.00009316 beh=0.000000 w=0.000 lr=9.349e-04 time=0.19s
[RQ-VAE] epoch=243 loss=0.00024667 recon=0.00009299 beh=0.000000 w=0.000 lr=9.346e-04 time=0.091s
[RQ-VAE] epoch=244 loss=0.00024717 recon=0.00009295 beh=0.000000 w=0.000 lr=9.342e-04 time=0.093s
[RQ-VAE] epoch=245 loss=0.00024746 recon=0.00009276 beh=0.000000 w=0.000 lr=9.339e-04 time=0.092s
[RQ-VAE] epoch=246 loss=0.00024700 recon=0.00009263 beh=0.000000 w=0.000 lr=9.336e-04 time=0.092s
[RQ-VAE] epoch=247 loss=0.00024689 recon=0.00009262 beh=0.000000 w=0.000 lr=9.332e-04 time=0.092s
[RQ-VAE] epoch=248 loss=0.00024788 recon=0.00009247 beh=0.000000 w=0.000 lr=9.329e-04 time=0.095s
[RQ-VAE] epoch=249 loss=0.00024825 recon=0.00009241 beh=0.000000 w=0.000 lr=9.325e-04 time=0.092s
[RQ-VAE] epoch=250 loss=0.00024776 recon=0.00009227 lr=9.322e-04 raw_unique=21388/24587 collision=0.130109 time=0.091s
[RQ-VAE] epoch=251 loss=0.00024886 recon=0.00009224 beh=0.000000 w=0.000 lr=9.319e-04 time=0.093s
[RQ-VAE] epoch=252 loss=0.00024868 recon=0.00009206 beh=0.000000 w=0.000 lr=9.315e-04 time=0.092s
[RQ-VAE] epoch=253 loss=0.00024839 recon=0.00009197 beh=0.000000 w=0.000 lr=9.312e-04 time=0.093s
[RQ-VAE] epoch=254 loss=0.00024978 recon=0.00009212 beh=0.000000 w=0.000 lr=9.308e-04 time=0.092s
[RQ-VAE] epoch=255 loss=0.00024899 recon=0.00009182 beh=0.000000 w=0.000 lr=9.305e-04 time=0.093s
[RQ-VAE] epoch=256 loss=0.00024892 recon=0.00009186 beh=0.000000 w=0.000 lr=9.302e-04 time=0.093s
[RQ-VAE] epoch=257 loss=0.00024975 recon=0.00009178 beh=0.000000 w=0.000 lr=9.298e-04 time=0.093s
[RQ-VAE] epoch=258 loss=0.00025028 recon=0.00009174 beh=0.000000 w=0.000 lr=9.295e-04 time=0.096s
[RQ-VAE] epoch=259 loss=0.00025216 recon=0.00009170 beh=0.000000 w=0.000 lr=9.292e-04 time=0.095s
[RQ-VAE] epoch=260 loss=0.00025144 recon=0.00009173 beh=0.000000 w=0.000 lr=9.288e-04 time=0.092s
[RQ-VAE] epoch=261 loss=0.00025161 recon=0.00009184 beh=0.000000 w=0.000 lr=9.285e-04 time=0.211s
[RQ-VAE] epoch=262 loss=0.00025313 recon=0.00009171 beh=0.000000 w=0.000 lr=9.281e-04 time=0.092s
[RQ-VAE] epoch=263 loss=0.00025425 recon=0.00009165 beh=0.000000 w=0.000 lr=9.278e-04 time=0.092s
[RQ-VAE] epoch=264 loss=0.00025430 recon=0.00009148 beh=0.000000 w=0.000 lr=9.275e-04 time=0.091s
[RQ-VAE] epoch=265 loss=0.00025472 recon=0.00009151 beh=0.000000 w=0.000 lr=9.271e-04 time=0.093s
[RQ-VAE] epoch=266 loss=0.00025526 recon=0.00009166 beh=0.000000 w=0.000 lr=9.268e-04 time=0.093s
[RQ-VAE] epoch=267 loss=0.00025568 recon=0.00009149 beh=0.000000 w=0.000 lr=9.264e-04 time=0.093s
[RQ-VAE] epoch=268 loss=0.00025359 recon=0.00009133 beh=0.000000 w=0.000 lr=9.261e-04 time=0.093s
[RQ-VAE] epoch=269 loss=0.00025585 recon=0.00009118 beh=0.000000 w=0.000 lr=9.258e-04 time=0.092s
[RQ-VAE] epoch=270 loss=0.00025629 recon=0.00009129 beh=0.000000 w=0.000 lr=9.254e-04 time=0.092s
[RQ-VAE] epoch=271 loss=0.00025380 recon=0.00009103 beh=0.000000 w=0.000 lr=9.251e-04 time=0.093s
[RQ-VAE] epoch=272 loss=0.00025498 recon=0.00009111 beh=0.000000 w=0.000 lr=9.247e-04 time=0.095s
[RQ-VAE] epoch=273 loss=0.00025837 recon=0.00009115 beh=0.000000 w=0.000 lr=9.244e-04 time=0.092s
[RQ-VAE] epoch=274 loss=0.00025608 recon=0.00009083 beh=0.000000 w=0.000 lr=9.241e-04 time=0.093s
[RQ-VAE] epoch=275 loss=0.00025769 recon=0.00009087 beh=0.000000 w=0.000 lr=9.237e-04 time=0.092s
[RQ-VAE] epoch=276 loss=0.00025787 recon=0.00009064 beh=0.000000 w=0.000 lr=9.234e-04 time=0.191s
[RQ-VAE] epoch=277 loss=0.00025702 recon=0.00009071 beh=0.000000 w=0.000 lr=9.231e-04 time=0.092s
[RQ-VAE] epoch=278 loss=0.00025685 recon=0.00009072 beh=0.000000 w=0.000 lr=9.227e-04 time=0.092s
[RQ-VAE] epoch=279 loss=0.00025812 recon=0.00009054 beh=0.000000 w=0.000 lr=9.224e-04 time=0.092s
[RQ-VAE] epoch=280 loss=0.00025745 recon=0.00009062 beh=0.000000 w=0.000 lr=9.220e-04 time=0.092s
[RQ-VAE] epoch=281 loss=0.00025777 recon=0.00009057 beh=0.000000 w=0.000 lr=9.217e-04 time=0.092s
[RQ-VAE] epoch=282 loss=0.00025915 recon=0.00009044 beh=0.000000 w=0.000 lr=9.214e-04 time=0.092s
[RQ-VAE] epoch=283 loss=0.00025900 recon=0.00009027 beh=0.000000 w=0.000 lr=9.210e-04 time=0.093s
[RQ-VAE] epoch=284 loss=0.00025679 recon=0.00009033 beh=0.000000 w=0.000 lr=9.207e-04 time=0.092s
[RQ-VAE] epoch=285 loss=0.00025954 recon=0.00009012 beh=0.000000 w=0.000 lr=9.203e-04 time=0.093s
[RQ-VAE] epoch=286 loss=0.00025933 recon=0.00009017 beh=0.000000 w=0.000 lr=9.200e-04 time=0.093s
[RQ-VAE] epoch=287 loss=0.00025726 recon=0.00009003 beh=0.000000 w=0.000 lr=9.197e-04 time=0.092s
[RQ-VAE] epoch=288 loss=0.00025833 recon=0.00009001 beh=0.000000 w=0.000 lr=9.193e-04 time=0.092s
[RQ-VAE] epoch=289 loss=0.00025914 recon=0.00008982 beh=0.000000 w=0.000 lr=9.190e-04 time=0.092s
[RQ-VAE] epoch=290 loss=0.00025931 recon=0.00008979 beh=0.000000 w=0.000 lr=9.186e-04 time=0.092s
[RQ-VAE] epoch=291 loss=0.00025997 recon=0.00008990 beh=0.000000 w=0.000 lr=9.183e-04 time=0.092s
[RQ-VAE] epoch=292 loss=0.00026078 recon=0.00008966 beh=0.000000 w=0.000 lr=9.180e-04 time=0.093s
[RQ-VAE] epoch=293 loss=0.00026052 recon=0.00008957 beh=0.000000 w=0.000 lr=9.176e-04 time=0.092s
[RQ-VAE] epoch=294 loss=0.00026098 recon=0.00008950 beh=0.000000 w=0.000 lr=9.173e-04 time=0.092s
[RQ-VAE] epoch=295 loss=0.00026175 recon=0.00008936 beh=0.000000 w=0.000 lr=9.169e-04 time=0.092s
[RQ-VAE] epoch=296 loss=0.00026233 recon=0.00008936 beh=0.000000 w=0.000 lr=9.166e-04 time=0.093s
[RQ-VAE] epoch=297 loss=0.00026301 recon=0.00008955 beh=0.000000 w=0.000 lr=9.163e-04 time=0.092s
[RQ-VAE] epoch=298 loss=0.00026245 recon=0.00008955 beh=0.000000 w=0.000 lr=9.159e-04 time=0.092s
[RQ-VAE] epoch=299 loss=0.00026369 recon=0.00008959 beh=0.000000 w=0.000 lr=9.156e-04 time=0.092s
[RQ-VAE] epoch=300 loss=0.00026384 recon=0.00008930 lr=9.153e-04 raw_unique=21150/24587 collision=0.139789 time=0.092s
[RQ-VAE] epoch=301 loss=0.00026434 recon=0.00008930 beh=0.000000 w=0.000 lr=9.149e-04 time=0.093s
[RQ-VAE] epoch=302 loss=0.00026617 recon=0.00008928 beh=0.000000 w=0.000 lr=9.146e-04 time=0.092s
[RQ-VAE] epoch=303 loss=0.00026623 recon=0.00008925 beh=0.000000 w=0.000 lr=9.142e-04 time=0.092s
[RQ-VAE] epoch=304 loss=0.00026465 recon=0.00008914 beh=0.000000 w=0.000 lr=9.139e-04 time=0.092s
[RQ-VAE] epoch=305 loss=0.00026707 recon=0.00008921 beh=0.000000 w=0.000 lr=9.136e-04 time=0.092s
[RQ-VAE] epoch=306 loss=0.00026729 recon=0.00008920 beh=0.000000 w=0.000 lr=9.132e-04 time=0.093s
[RQ-VAE] epoch=307 loss=0.00026529 recon=0.00008920 beh=0.000000 w=0.000 lr=9.129e-04 time=0.093s
[RQ-VAE] epoch=308 loss=0.00026723 recon=0.00008919 beh=0.000000 w=0.000 lr=9.125e-04 time=0.092s
[RQ-VAE] epoch=309 loss=0.00026738 recon=0.00008902 beh=0.000000 w=0.000 lr=9.122e-04 time=0.092s
[RQ-VAE] epoch=310 loss=0.00026687 recon=0.00008885 beh=0.000000 w=0.000 lr=9.119e-04 time=0.092s
[RQ-VAE] epoch=311 loss=0.00026684 recon=0.00008885 beh=0.000000 w=0.000 lr=9.115e-04 time=0.092s
[RQ-VAE] epoch=312 loss=0.00026806 recon=0.00008868 beh=0.000000 w=0.000 lr=9.112e-04 time=0.092s
[RQ-VAE] epoch=313 loss=0.00026793 recon=0.00008857 beh=0.000000 w=0.000 lr=9.108e-04 time=0.092s
[RQ-VAE] epoch=314 loss=0.00026717 recon=0.00008867 beh=0.000000 w=0.000 lr=9.105e-04 time=0.091s
[RQ-VAE] epoch=315 loss=0.00026854 recon=0.00008852 beh=0.000000 w=0.000 lr=9.102e-04 time=0.094s
[RQ-VAE] epoch=316 loss=0.00026890 recon=0.00008878 beh=0.000000 w=0.000 lr=9.098e-04 time=0.093s
[RQ-VAE] epoch=317 loss=0.00026942 recon=0.00008869 beh=0.000000 w=0.000 lr=9.095e-04 time=0.094s
[RQ-VAE] epoch=318 loss=0.00026925 recon=0.00008842 beh=0.000000 w=0.000 lr=9.092e-04 time=0.092s
[RQ-VAE] epoch=319 loss=0.00026782 recon=0.00008838 beh=0.000000 w=0.000 lr=9.088e-04 time=0.092s
[RQ-VAE] epoch=320 loss=0.00026964 recon=0.00008839 beh=0.000000 w=0.000 lr=9.085e-04 time=0.092s
[RQ-VAE] epoch=321 loss=0.00026997 recon=0.00008824 beh=0.000000 w=0.000 lr=9.081e-04 time=0.093s
[RQ-VAE] epoch=322 loss=0.00026958 recon=0.00008826 beh=0.000000 w=0.000 lr=9.078e-04 time=0.093s
[RQ-VAE] epoch=323 loss=0.00026985 recon=0.00008814 beh=0.000000 w=0.000 lr=9.075e-04 time=0.093s
[RQ-VAE] epoch=324 loss=0.00026947 recon=0.00008817 beh=0.000000 w=0.000 lr=9.071e-04 time=0.092s
[RQ-VAE] epoch=325 loss=0.00027041 recon=0.00008827 beh=0.000000 w=0.000 lr=9.068e-04 time=0.093s
[RQ-VAE] epoch=326 loss=0.00027169 recon=0.00008800 beh=0.000000 w=0.000 lr=9.064e-04 time=0.091s
[RQ-VAE] epoch=327 loss=0.00026964 recon=0.00008796 beh=0.000000 w=0.000 lr=9.061e-04 time=0.092s
[RQ-VAE] epoch=328 loss=0.00026944 recon=0.00008779 beh=0.000000 w=0.000 lr=9.058e-04 time=0.092s
[RQ-VAE] epoch=329 loss=0.00027247 recon=0.00008799 beh=0.000000 w=0.000 lr=9.054e-04 time=0.091s
[RQ-VAE] epoch=330 loss=0.00027131 recon=0.00008772 beh=0.000000 w=0.000 lr=9.051e-04 time=0.091s
[RQ-VAE] epoch=331 loss=0.00027051 recon=0.00008785 beh=0.000000 w=0.000 lr=9.047e-04 time=0.092s
[RQ-VAE] epoch=332 loss=0.00027148 recon=0.00008769 beh=0.000000 w=0.000 lr=9.044e-04 time=0.091s
[RQ-VAE] epoch=333 loss=0.00027355 recon=0.00008776 beh=0.000000 w=0.000 lr=9.041e-04 time=0.207s
[RQ-VAE] epoch=334 loss=0.00027259 recon=0.00008762 beh=0.000000 w=0.000 lr=9.037e-04 time=0.095s
[RQ-VAE] epoch=335 loss=0.00027287 recon=0.00008784 beh=0.000000 w=0.000 lr=9.034e-04 time=0.092s
[RQ-VAE] epoch=336 loss=0.00027336 recon=0.00008766 beh=0.000000 w=0.000 lr=9.031e-04 time=0.092s
[RQ-VAE] epoch=337 loss=0.00027263 recon=0.00008758 beh=0.000000 w=0.000 lr=9.027e-04 time=0.092s
[RQ-VAE] epoch=338 loss=0.00027328 recon=0.00008749 beh=0.000000 w=0.000 lr=9.024e-04 time=0.093s
[RQ-VAE] epoch=339 loss=0.00027557 recon=0.00008760 beh=0.000000 w=0.000 lr=9.020e-04 time=0.092s
[RQ-VAE] epoch=340 loss=0.00027469 recon=0.00008741 beh=0.000000 w=0.000 lr=9.017e-04 time=0.092s
[RQ-VAE] epoch=341 loss=0.00027391 recon=0.00008742 beh=0.000000 w=0.000 lr=9.014e-04 time=0.094s
[RQ-VAE] epoch=342 loss=0.00027385 recon=0.00008742 beh=0.000000 w=0.000 lr=9.010e-04 time=0.092s
[RQ-VAE] epoch=343 loss=0.00027439 recon=0.00008748 beh=0.000000 w=0.000 lr=9.007e-04 time=0.092s
[RQ-VAE] epoch=344 loss=0.00027621 recon=0.00008727 beh=0.000000 w=0.000 lr=9.003e-04 time=0.093s
[RQ-VAE] epoch=345 loss=0.00027478 recon=0.00008739 beh=0.000000 w=0.000 lr=9.000e-04 time=0.092s
[RQ-VAE] epoch=346 loss=0.00027437 recon=0.00008720 beh=0.000000 w=0.000 lr=8.997e-04 time=0.092s
[RQ-VAE] epoch=347 loss=0.00027423 recon=0.00008723 beh=0.000000 w=0.000 lr=8.993e-04 time=0.092s
[RQ-VAE] epoch=348 loss=0.00027489 recon=0.00008706 beh=0.000000 w=0.000 lr=8.990e-04 time=0.092s
[RQ-VAE] epoch=349 loss=0.00027366 recon=0.00008689 beh=0.000000 w=0.000 lr=8.986e-04 time=0.091s
[RQ-VAE] epoch=350 loss=0.00027349 recon=0.00008691 lr=8.983e-04 raw_unique=20904/24587 collision=0.149795 time=0.092s
[RQ-VAE] epoch=351 loss=0.00027441 recon=0.00008701 beh=0.000000 w=0.000 lr=8.980e-04 time=0.093s
[RQ-VAE] epoch=352 loss=0.00027471 recon=0.00008681 beh=0.000000 w=0.000 lr=8.976e-04 time=0.091s
[RQ-VAE] epoch=353 loss=0.00027517 recon=0.00008680 beh=0.000000 w=0.000 lr=8.973e-04 time=0.091s
[RQ-VAE] epoch=354 loss=0.00027550 recon=0.00008696 beh=0.000000 w=0.000 lr=8.969e-04 time=0.092s
[RQ-VAE] epoch=355 loss=0.00027520 recon=0.00008689 beh=0.000000 w=0.000 lr=8.966e-04 time=0.091s
[RQ-VAE] epoch=356 loss=0.00027616 recon=0.00008689 beh=0.000000 w=0.000 lr=8.963e-04 time=0.094s
[RQ-VAE] epoch=357 loss=0.00027740 recon=0.00008668 beh=0.000000 w=0.000 lr=8.959e-04 time=0.092s
[RQ-VAE] epoch=358 loss=0.00027411 recon=0.00008664 beh=0.000000 w=0.000 lr=8.956e-04 time=0.093s
[RQ-VAE] epoch=359 loss=0.00027459 recon=0.00008674 beh=0.000000 w=0.000 lr=8.953e-04 time=0.091s
[RQ-VAE] epoch=360 loss=0.00027780 recon=0.00008669 beh=0.000000 w=0.000 lr=8.949e-04 time=0.093s
[RQ-VAE] epoch=361 loss=0.00027612 recon=0.00008649 beh=0.000000 w=0.000 lr=8.946e-04 time=0.092s
[RQ-VAE] epoch=362 loss=0.00027515 recon=0.00008651 beh=0.000000 w=0.000 lr=8.942e-04 time=0.201s
[RQ-VAE] epoch=363 loss=0.00027686 recon=0.00008641 beh=0.000000 w=0.000 lr=8.939e-04 time=0.092s
[RQ-VAE] epoch=364 loss=0.00027709 recon=0.00008643 beh=0.000000 w=0.000 lr=8.936e-04 time=0.092s
[RQ-VAE] epoch=365 loss=0.00027560 recon=0.00008626 beh=0.000000 w=0.000 lr=8.932e-04 time=0.092s
[RQ-VAE] epoch=366 loss=0.00027811 recon=0.00008632 beh=0.000000 w=0.000 lr=8.929e-04 time=0.092s
[RQ-VAE] epoch=367 loss=0.00027689 recon=0.00008616 beh=0.000000 w=0.000 lr=8.925e-04 time=0.092s
[RQ-VAE] epoch=368 loss=0.00027712 recon=0.00008616 beh=0.000000 w=0.000 lr=8.922e-04 time=0.091s
[RQ-VAE] epoch=369 loss=0.00027697 recon=0.00008617 beh=0.000000 w=0.000 lr=8.919e-04 time=0.091s
[RQ-VAE] epoch=370 loss=0.00027756 recon=0.00008616 beh=0.000000 w=0.000 lr=8.915e-04 time=0.092s
[RQ-VAE] epoch=371 loss=0.00027857 recon=0.00008610 beh=0.000000 w=0.000 lr=8.912e-04 time=0.092s
[RQ-VAE] epoch=372 loss=0.00027887 recon=0.00008615 beh=0.000000 w=0.000 lr=8.908e-04 time=0.092s
[RQ-VAE] epoch=373 loss=0.00027805 recon=0.00008611 beh=0.000000 w=0.000 lr=8.905e-04 time=0.092s
[RQ-VAE] epoch=374 loss=0.00027977 recon=0.00008589 beh=0.000000 w=0.000 lr=8.902e-04 time=0.092s
[RQ-VAE] epoch=375 loss=0.00027779 recon=0.00008605 beh=0.000000 w=0.000 lr=8.898e-04 time=0.091s
[RQ-VAE] epoch=376 loss=0.00027900 recon=0.00008600 beh=0.000000 w=0.000 lr=8.895e-04 time=0.092s
[RQ-VAE] epoch=377 loss=0.00027895 recon=0.00008592 beh=0.000000 w=0.000 lr=8.892e-04 time=0.092s
[RQ-VAE] epoch=378 loss=0.00027943 recon=0.00008591 beh=0.000000 w=0.000 lr=8.888e-04 time=0.092s
[RQ-VAE] epoch=379 loss=0.00027935 recon=0.00008586 beh=0.000000 w=0.000 lr=8.885e-04 time=0.092s
[RQ-VAE] epoch=380 loss=0.00028170 recon=0.00008572 beh=0.000000 w=0.000 lr=8.881e-04 time=0.092s
[RQ-VAE] epoch=381 loss=0.00027921 recon=0.00008557 beh=0.000000 w=0.000 lr=8.878e-04 time=0.093s
[RQ-VAE] epoch=382 loss=0.00027867 recon=0.00008562 beh=0.000000 w=0.000 lr=8.875e-04 time=0.191s
[RQ-VAE] epoch=383 loss=0.00028059 recon=0.00008549 beh=0.000000 w=0.000 lr=8.871e-04 time=0.092s
[RQ-VAE] epoch=384 loss=0.00028094 recon=0.00008550 beh=0.000000 w=0.000 lr=8.868e-04 time=0.092s
[RQ-VAE] epoch=385 loss=0.00028054 recon=0.00008562 beh=0.000000 w=0.000 lr=8.864e-04 time=0.092s
[RQ-VAE] epoch=386 loss=0.00028078 recon=0.00008546 beh=0.000000 w=0.000 lr=8.861e-04 time=0.092s
[RQ-VAE] epoch=387 loss=0.00028252 recon=0.00008536 beh=0.000000 w=0.000 lr=8.858e-04 time=0.092s
[RQ-VAE] epoch=388 loss=0.00028166 recon=0.00008550 beh=0.000000 w=0.000 lr=8.854e-04 time=0.092s
[RQ-VAE] epoch=389 loss=0.00027983 recon=0.00008553 beh=0.000000 w=0.000 lr=8.851e-04 time=0.093s
[RQ-VAE] epoch=390 loss=0.00028343 recon=0.00008548 beh=0.000000 w=0.000 lr=8.847e-04 time=0.093s
[RQ-VAE] epoch=391 loss=0.00028068 recon=0.00008531 beh=0.000000 w=0.000 lr=8.844e-04 time=0.092s
[RQ-VAE] epoch=392 loss=0.00027961 recon=0.00008537 beh=0.000000 w=0.000 lr=8.841e-04 time=0.093s
[RQ-VAE] epoch=393 loss=0.00028081 recon=0.00008542 beh=0.000000 w=0.000 lr=8.837e-04 time=0.092s
[RQ-VAE] epoch=394 loss=0.00028403 recon=0.00008523 beh=0.000000 w=0.000 lr=8.834e-04 time=0.092s
[RQ-VAE] epoch=395 loss=0.00028173 recon=0.00008525 beh=0.000000 w=0.000 lr=8.831e-04 time=0.091s
[RQ-VAE] epoch=396 loss=0.00028032 recon=0.00008523 beh=0.000000 w=0.000 lr=8.827e-04 time=0.092s
[RQ-VAE] epoch=397 loss=0.00028222 recon=0.00008509 beh=0.000000 w=0.000 lr=8.824e-04 time=0.189s
[RQ-VAE] epoch=398 loss=0.00028150 recon=0.00008500 beh=0.000000 w=0.000 lr=8.820e-04 time=0.094s
[RQ-VAE] epoch=399 loss=0.00028207 recon=0.00008500 beh=0.000000 w=0.000 lr=8.817e-04 time=0.093s
[RQ-VAE] epoch=400 loss=0.00028355 recon=0.00008498 lr=8.814e-04 raw_unique=20884/24587 collision=0.150608 time=0.094s
[RQ-VAE] epoch=401 loss=0.00028432 recon=0.00008492 beh=0.000000 w=0.000 lr=8.810e-04 time=0.092s
[RQ-VAE] epoch=402 loss=0.00028186 recon=0.00008502 beh=0.000000 w=0.000 lr=8.807e-04 time=0.092s
[RQ-VAE] epoch=403 loss=0.00028293 recon=0.00008488 beh=0.000000 w=0.000 lr=8.803e-04 time=0.092s
[RQ-VAE] epoch=404 loss=0.00028365 recon=0.00008479 beh=0.000000 w=0.000 lr=8.800e-04 time=0.092s
[RQ-VAE] epoch=405 loss=0.00028234 recon=0.00008508 beh=0.000000 w=0.000 lr=8.797e-04 time=0.092s
[RQ-VAE] epoch=406 loss=0.00028364 recon=0.00008480 beh=0.000000 w=0.000 lr=8.793e-04 time=0.092s
[RQ-VAE] epoch=407 loss=0.00028247 recon=0.00008473 beh=0.000000 w=0.000 lr=8.790e-04 time=0.092s
[RQ-VAE] epoch=408 loss=0.00028431 recon=0.00008479 beh=0.000000 w=0.000 lr=8.786e-04 time=0.092s
[RQ-VAE] epoch=409 loss=0.00028402 recon=0.00008472 beh=0.000000 w=0.000 lr=8.783e-04 time=0.093s
[RQ-VAE] epoch=410 loss=0.00028416 recon=0.00008483 beh=0.000000 w=0.000 lr=8.780e-04 time=0.092s
[RQ-VAE] epoch=411 loss=0.00028526 recon=0.00008466 beh=0.000000 w=0.000 lr=8.776e-04 time=0.093s
[RQ-VAE] epoch=412 loss=0.00028406 recon=0.00008455 beh=0.000000 w=0.000 lr=8.773e-04 time=0.092s
[RQ-VAE] epoch=413 loss=0.00028394 recon=0.00008455 beh=0.000000 w=0.000 lr=8.769e-04 time=0.092s
[RQ-VAE] epoch=414 loss=0.00028503 recon=0.00008447 beh=0.000000 w=0.000 lr=8.766e-04 time=0.092s
[RQ-VAE] epoch=415 loss=0.00028496 recon=0.00008444 beh=0.000000 w=0.000 lr=8.763e-04 time=0.092s
[RQ-VAE] epoch=416 loss=0.00028405 recon=0.00008438 beh=0.000000 w=0.000 lr=8.759e-04 time=0.092s
[RQ-VAE] epoch=417 loss=0.00028596 recon=0.00008441 beh=0.000000 w=0.000 lr=8.756e-04 time=0.093s
[RQ-VAE] epoch=418 loss=0.00028640 recon=0.00008438 beh=0.000000 w=0.000 lr=8.753e-04 time=0.091s
[RQ-VAE] epoch=419 loss=0.00028422 recon=0.00008434 beh=0.000000 w=0.000 lr=8.749e-04 time=0.092s
[RQ-VAE] epoch=420 loss=0.00028519 recon=0.00008448 beh=0.000000 w=0.000 lr=8.746e-04 time=0.092s
[RQ-VAE] epoch=421 loss=0.00028699 recon=0.00008445 beh=0.000000 w=0.000 lr=8.742e-04 time=0.092s
[RQ-VAE] epoch=422 loss=0.00028419 recon=0.00008441 beh=0.000000 w=0.000 lr=8.739e-04 time=0.092s
[RQ-VAE] epoch=423 loss=0.00028442 recon=0.00008415 beh=0.000000 w=0.000 lr=8.736e-04 time=0.092s
[RQ-VAE] epoch=424 loss=0.00028526 recon=0.00008414 beh=0.000000 w=0.000 lr=8.732e-04 time=0.092s
[RQ-VAE] epoch=425 loss=0.00028554 recon=0.00008406 beh=0.000000 w=0.000 lr=8.729e-04 time=0.093s
[RQ-VAE] epoch=426 loss=0.00028453 recon=0.00008392 beh=0.000000 w=0.000 lr=8.725e-04 time=0.094s
[RQ-VAE] epoch=427 loss=0.00028530 recon=0.00008409 beh=0.000000 w=0.000 lr=8.722e-04 time=0.091s
[RQ-VAE] epoch=428 loss=0.00028486 recon=0.00008384 beh=0.000000 w=0.000 lr=8.719e-04 time=0.091s
[RQ-VAE] epoch=429 loss=0.00028637 recon=0.00008390 beh=0.000000 w=0.000 lr=8.715e-04 time=0.092s
[RQ-VAE] epoch=430 loss=0.00028619 recon=0.00008387 beh=0.000000 w=0.000 lr=8.712e-04 time=0.092s
[RQ-VAE] epoch=431 loss=0.00028517 recon=0.00008381 beh=0.000000 w=0.000 lr=8.708e-04 time=0.092s
[RQ-VAE] epoch=432 loss=0.00028585 recon=0.00008378 beh=0.000000 w=0.000 lr=8.705e-04 time=0.092s
[RQ-VAE] epoch=433 loss=0.00028694 recon=0.00008398 beh=0.000000 w=0.000 lr=8.702e-04 time=0.093s
[RQ-VAE] epoch=434 loss=0.00028735 recon=0.00008403 beh=0.000000 w=0.000 lr=8.698e-04 time=0.093s
[RQ-VAE] epoch=435 loss=0.00028701 recon=0.00008382 beh=0.000000 w=0.000 lr=8.695e-04 time=0.092s
[RQ-VAE] epoch=436 loss=0.00028672 recon=0.00008368 beh=0.000000 w=0.000 lr=8.692e-04 time=0.091s
[RQ-VAE] epoch=437 loss=0.00028578 recon=0.00008362 beh=0.000000 w=0.000 lr=8.688e-04 time=0.092s
[RQ-VAE] epoch=438 loss=0.00028646 recon=0.00008361 beh=0.000000 w=0.000 lr=8.685e-04 time=0.093s
[RQ-VAE] epoch=439 loss=0.00028645 recon=0.00008392 beh=0.000000 w=0.000 lr=8.681e-04 time=0.092s
[RQ-VAE] epoch=440 loss=0.00028745 recon=0.00008355 beh=0.000000 w=0.000 lr=8.678e-04 time=0.092s
[RQ-VAE] epoch=441 loss=0.00028710 recon=0.00008347 beh=0.000000 w=0.000 lr=8.675e-04 time=0.093s
[RQ-VAE] epoch=442 loss=0.00028754 recon=0.00008362 beh=0.000000 w=0.000 lr=8.671e-04 time=0.092s
[RQ-VAE] epoch=443 loss=0.00028714 recon=0.00008363 beh=0.000000 w=0.000 lr=8.668e-04 time=0.092s
[RQ-VAE] epoch=444 loss=0.00028574 recon=0.00008374 beh=0.000000 w=0.000 lr=8.664e-04 time=0.091s
[RQ-VAE] epoch=445 loss=0.00028630 recon=0.00008358 beh=0.000000 w=0.000 lr=8.661e-04 time=0.091s
[RQ-VAE] epoch=446 loss=0.00028735 recon=0.00008355 beh=0.000000 w=0.000 lr=8.658e-04 time=0.093s
[RQ-VAE] epoch=447 loss=0.00028755 recon=0.00008357 beh=0.000000 w=0.000 lr=8.654e-04 time=0.094s
[RQ-VAE] epoch=448 loss=0.00028946 recon=0.00008380 beh=0.000000 w=0.000 lr=8.651e-04 time=0.092s
[RQ-VAE] epoch=449 loss=0.00028906 recon=0.00008353 beh=0.000000 w=0.000 lr=8.647e-04 time=0.092s
[RQ-VAE] epoch=450 loss=0.00028877 recon=0.00008337 lr=8.644e-04 raw_unique=20699/24587 collision=0.158132 time=0.094s
[RQ-VAE] epoch=451 loss=0.00028802 recon=0.00008337 beh=0.000000 w=0.000 lr=8.641e-04 time=0.092s
[RQ-VAE] epoch=452 loss=0.00028833 recon=0.00008326 beh=0.000000 w=0.000 lr=8.637e-04 time=0.092s
[RQ-VAE] epoch=453 loss=0.00029018 recon=0.00008325 beh=0.000000 w=0.000 lr=8.634e-04 time=0.091s
[RQ-VAE] epoch=454 loss=0.00028888 recon=0.00008331 beh=0.000000 w=0.000 lr=8.631e-04 time=0.207s
[RQ-VAE] epoch=455 loss=0.00028960 recon=0.00008320 beh=0.000000 w=0.000 lr=8.627e-04 time=0.092s
[RQ-VAE] epoch=456 loss=0.00028986 recon=0.00008318 beh=0.000000 w=0.000 lr=8.624e-04 time=0.093s
[RQ-VAE] epoch=457 loss=0.00028978 recon=0.00008317 beh=0.000000 w=0.000 lr=8.620e-04 time=0.093s
[RQ-VAE] epoch=458 loss=0.00029069 recon=0.00008307 beh=0.000000 w=0.000 lr=8.617e-04 time=0.092s
[RQ-VAE] epoch=459 loss=0.00028981 recon=0.00008306 beh=0.000000 w=0.000 lr=8.614e-04 time=0.092s
[RQ-VAE] epoch=460 loss=0.00029170 recon=0.00008314 beh=0.000000 w=0.000 lr=8.610e-04 time=0.093s
[RQ-VAE] epoch=461 loss=0.00028997 recon=0.00008307 beh=0.000000 w=0.000 lr=8.607e-04 time=0.092s
[RQ-VAE] epoch=462 loss=0.00028827 recon=0.00008314 beh=0.000000 w=0.000 lr=8.603e-04 time=0.093s
[RQ-VAE] epoch=463 loss=0.00029123 recon=0.00008302 beh=0.000000 w=0.000 lr=8.600e-04 time=0.091s
[RQ-VAE] epoch=464 loss=0.00029026 recon=0.00008301 beh=0.000000 w=0.000 lr=8.597e-04 time=0.092s
[RQ-VAE] epoch=465 loss=0.00029174 recon=0.00008304 beh=0.000000 w=0.000 lr=8.593e-04 time=0.091s
[RQ-VAE] epoch=466 loss=0.00029263 recon=0.00008291 beh=0.000000 w=0.000 lr=8.590e-04 time=0.092s
[RQ-VAE] epoch=467 loss=0.00029129 recon=0.00008280 beh=0.000000 w=0.000 lr=8.586e-04 time=0.095s
[RQ-VAE] epoch=468 loss=0.00029152 recon=0.00008293 beh=0.000000 w=0.000 lr=8.583e-04 time=0.092s
[RQ-VAE] epoch=469 loss=0.00029164 recon=0.00008292 beh=0.000000 w=0.000 lr=8.580e-04 time=0.092s
[RQ-VAE] epoch=470 loss=0.00029308 recon=0.00008281 beh=0.000000 w=0.000 lr=8.576e-04 time=0.092s
[RQ-VAE] epoch=471 loss=0.00029278 recon=0.00008287 beh=0.000000 w=0.000 lr=8.573e-04 time=0.092s
[RQ-VAE] epoch=472 loss=0.00029230 recon=0.00008281 beh=0.000000 w=0.000 lr=8.569e-04 time=0.093s
[RQ-VAE] epoch=473 loss=0.00029068 recon=0.00008283 beh=0.000000 w=0.000 lr=8.566e-04 time=0.093s
[RQ-VAE] epoch=474 loss=0.00029149 recon=0.00008276 beh=0.000000 w=0.000 lr=8.563e-04 time=0.092s
[RQ-VAE] epoch=475 loss=0.00029233 recon=0.00008258 beh=0.000000 w=0.000 lr=8.559e-04 time=0.092s
[RQ-VAE] epoch=476 loss=0.00029156 recon=0.00008269 beh=0.000000 w=0.000 lr=8.556e-04 time=0.091s
[RQ-VAE] epoch=477 loss=0.00029216 recon=0.00008272 beh=0.000000 w=0.000 lr=8.553e-04 time=0.092s
[RQ-VAE] epoch=478 loss=0.00029210 recon=0.00008245 beh=0.000000 w=0.000 lr=8.549e-04 time=0.093s
[RQ-VAE] epoch=479 loss=0.00029079 recon=0.00008240 beh=0.000000 w=0.000 lr=8.546e-04 time=0.093s
[RQ-VAE] epoch=480 loss=0.00029104 recon=0.00008254 beh=0.000000 w=0.000 lr=8.542e-04 time=0.093s
[RQ-VAE] epoch=481 loss=0.00029037 recon=0.00008241 beh=0.000000 w=0.000 lr=8.539e-04 time=0.093s
[RQ-VAE] epoch=482 loss=0.00029110 recon=0.00008238 beh=0.000000 w=0.000 lr=8.536e-04 time=0.093s
[RQ-VAE] epoch=483 loss=0.00029134 recon=0.00008246 beh=0.000000 w=0.000 lr=8.532e-04 time=0.208s
[RQ-VAE] epoch=484 loss=0.00029056 recon=0.00008239 beh=0.000000 w=0.000 lr=8.529e-04 time=0.092s
[RQ-VAE] epoch=485 loss=0.00029229 recon=0.00008239 beh=0.000000 w=0.000 lr=8.525e-04 time=0.092s
[RQ-VAE] epoch=486 loss=0.00029073 recon=0.00008226 beh=0.000000 w=0.000 lr=8.522e-04 time=0.092s
[RQ-VAE] epoch=487 loss=0.00029198 recon=0.00008235 beh=0.000000 w=0.000 lr=8.519e-04 time=0.093s
[RQ-VAE] epoch=488 loss=0.00029252 recon=0.00008227 beh=0.000000 w=0.000 lr=8.515e-04 time=0.092s
[RQ-VAE] epoch=489 loss=0.00029387 recon=0.00008229 beh=0.000000 w=0.000 lr=8.512e-04 time=0.092s
[RQ-VAE] epoch=490 loss=0.00029276 recon=0.00008221 beh=0.000000 w=0.000 lr=8.508e-04 time=0.092s
[RQ-VAE] epoch=491 loss=0.00029336 recon=0.00008225 beh=0.000000 w=0.000 lr=8.505e-04 time=0.092s
[RQ-VAE] epoch=492 loss=0.00029496 recon=0.00008226 beh=0.000000 w=0.000 lr=8.502e-04 time=0.092s
[RQ-VAE] epoch=493 loss=0.00029434 recon=0.00008228 beh=0.000000 w=0.000 lr=8.498e-04 time=0.093s
[RQ-VAE] epoch=494 loss=0.00029523 recon=0.00008208 beh=0.000000 w=0.000 lr=8.495e-04 time=0.092s
[RQ-VAE] epoch=495 loss=0.00029185 recon=0.00008235 beh=0.000000 w=0.000 lr=8.492e-04 time=0.093s
[RQ-VAE] epoch=496 loss=0.00029334 recon=0.00008208 beh=0.000000 w=0.000 lr=8.488e-04 time=0.094s
[RQ-VAE] epoch=497 loss=0.00029322 recon=0.00008201 beh=0.000000 w=0.000 lr=8.485e-04 time=0.093s
[RQ-VAE] epoch=498 loss=0.00029526 recon=0.00008199 beh=0.000000 w=0.000 lr=8.481e-04 time=0.092s
[RQ-VAE] epoch=499 loss=0.00029547 recon=0.00008216 beh=0.000000 w=0.000 lr=8.478e-04 time=0.091s
[RQ-VAE] epoch=500 loss=0.00029438 recon=0.00008214 lr=8.475e-04 raw_unique=20544/24587 collision=0.164436 time=0.092s
[RQ-VAE] epoch=501 loss=0.00029484 recon=0.00008207 beh=0.000000 w=0.000 lr=8.471e-04 time=0.094s
[RQ-VAE] epoch=502 loss=0.00029476 recon=0.00008208 beh=0.000000 w=0.000 lr=8.468e-04 time=0.093s
[RQ-VAE] epoch=503 loss=0.00029615 recon=0.00008199 beh=0.000000 w=0.000 lr=8.464e-04 time=0.188s
[RQ-VAE] epoch=504 loss=0.00029663 recon=0.00008219 beh=0.000000 w=0.000 lr=8.461e-04 time=0.093s
[RQ-VAE] epoch=505 loss=0.00029689 recon=0.00008212 beh=0.000000 w=0.000 lr=8.458e-04 time=0.092s
[RQ-VAE] epoch=506 loss=0.00029708 recon=0.00008206 beh=0.000000 w=0.000 lr=8.454e-04 time=0.092s
[RQ-VAE] epoch=507 loss=0.00029689 recon=0.00008185 beh=0.000000 w=0.000 lr=8.451e-04 time=0.091s
[RQ-VAE] epoch=508 loss=0.00029690 recon=0.00008194 beh=0.000000 w=0.000 lr=8.447e-04 time=0.092s
[RQ-VAE] epoch=509 loss=0.00029697 recon=0.00008216 beh=0.000000 w=0.000 lr=8.444e-04 time=0.092s
[RQ-VAE] epoch=510 loss=0.00029669 recon=0.00008187 beh=0.000000 w=0.000 lr=8.441e-04 time=0.093s
[RQ-VAE] epoch=511 loss=0.00029633 recon=0.00008195 beh=0.000000 w=0.000 lr=8.437e-04 time=0.092s
[RQ-VAE] epoch=512 loss=0.00029644 recon=0.00008201 beh=0.000000 w=0.000 lr=8.434e-04 time=0.092s
[RQ-VAE] epoch=513 loss=0.00029802 recon=0.00008196 beh=0.000000 w=0.000 lr=8.431e-04 time=0.092s
[RQ-VAE] epoch=514 loss=0.00029604 recon=0.00008168 beh=0.000000 w=0.000 lr=8.427e-04 time=0.093s
[RQ-VAE] epoch=515 loss=0.00029545 recon=0.00008157 beh=0.000000 w=0.000 lr=8.424e-04 time=0.092s
[RQ-VAE] epoch=516 loss=0.00029708 recon=0.00008166 beh=0.000000 w=0.000 lr=8.420e-04 time=0.093s
[RQ-VAE] epoch=517 loss=0.00029710 recon=0.00008156 beh=0.000000 w=0.000 lr=8.417e-04 time=0.093s
[RQ-VAE] epoch=518 loss=0.00029609 recon=0.00008158 beh=0.000000 w=0.000 lr=8.414e-04 time=0.202s
[RQ-VAE] epoch=519 loss=0.00029737 recon=0.00008185 beh=0.000000 w=0.000 lr=8.410e-04 time=0.092s
[RQ-VAE] epoch=520 loss=0.00029517 recon=0.00008152 beh=0.000000 w=0.000 lr=8.407e-04 time=0.092s
[RQ-VAE] epoch=521 loss=0.00029746 recon=0.00008149 beh=0.000000 w=0.000 lr=8.403e-04 time=0.092s
[RQ-VAE] epoch=522 loss=0.00029671 recon=0.00008160 beh=0.000000 w=0.000 lr=8.400e-04 time=0.093s
[RQ-VAE] epoch=523 loss=0.00029601 recon=0.00008143 beh=0.000000 w=0.000 lr=8.397e-04 time=0.092s
[RQ-VAE] epoch=524 loss=0.00029573 recon=0.00008159 beh=0.000000 w=0.000 lr=8.393e-04 time=0.092s
[RQ-VAE] epoch=525 loss=0.00029643 recon=0.00008146 beh=0.000000 w=0.000 lr=8.390e-04 time=0.092s
[RQ-VAE] epoch=526 loss=0.00029701 recon=0.00008143 beh=0.000000 w=0.000 lr=8.386e-04 time=0.093s
[RQ-VAE] epoch=527 loss=0.00029842 recon=0.00008147 beh=0.000000 w=0.000 lr=8.383e-04 time=0.093s
[RQ-VAE] epoch=528 loss=0.00029689 recon=0.00008144 beh=0.000000 w=0.000 lr=8.380e-04 time=0.092s
[RQ-VAE] epoch=529 loss=0.00029647 recon=0.00008143 beh=0.000000 w=0.000 lr=8.376e-04 time=0.094s
[RQ-VAE] epoch=530 loss=0.00029706 recon=0.00008150 beh=0.000000 w=0.000 lr=8.373e-04 time=0.093s
[RQ-VAE] epoch=531 loss=0.00029711 recon=0.00008148 beh=0.000000 w=0.000 lr=8.369e-04 time=0.093s
[RQ-VAE] epoch=532 loss=0.00029833 recon=0.00008137 beh=0.000000 w=0.000 lr=8.366e-04 time=0.093s
[RQ-VAE] epoch=533 loss=0.00029852 recon=0.00008149 beh=0.000000 w=0.000 lr=8.363e-04 time=0.091s
[RQ-VAE] epoch=534 loss=0.00029937 recon=0.00008143 beh=0.000000 w=0.000 lr=8.359e-04 time=0.093s
[RQ-VAE] epoch=535 loss=0.00029921 recon=0.00008127 beh=0.000000 w=0.000 lr=8.356e-04 time=0.093s
[RQ-VAE] epoch=536 loss=0.00029723 recon=0.00008116 beh=0.000000 w=0.000 lr=8.353e-04 time=0.095s
[RQ-VAE] epoch=537 loss=0.00029994 recon=0.00008134 beh=0.000000 w=0.000 lr=8.349e-04 time=0.093s
[RQ-VAE] epoch=538 loss=0.00029964 recon=0.00008136 beh=0.000000 w=0.000 lr=8.346e-04 time=0.093s
[RQ-VAE] epoch=539 loss=0.00029937 recon=0.00008141 beh=0.000000 w=0.000 lr=8.342e-04 time=0.092s
[RQ-VAE] epoch=540 loss=0.00029978 recon=0.00008131 beh=0.000000 w=0.000 lr=8.339e-04 time=0.092s
[RQ-VAE] epoch=541 loss=0.00029989 recon=0.00008125 beh=0.000000 w=0.000 lr=8.336e-04 time=0.092s
[RQ-VAE] epoch=542 loss=0.00029973 recon=0.00008121 beh=0.000000 w=0.000 lr=8.332e-04 time=0.093s
[RQ-VAE] epoch=543 loss=0.00029891 recon=0.00008122 beh=0.000000 w=0.000 lr=8.329e-04 time=0.092s
[RQ-VAE] epoch=544 loss=0.00030010 recon=0.00008108 beh=0.000000 w=0.000 lr=8.325e-04 time=0.092s
[RQ-VAE] epoch=545 loss=0.00029913 recon=0.00008120 beh=0.000000 w=0.000 lr=8.322e-04 time=0.092s
[RQ-VAE] epoch=546 loss=0.00029824 recon=0.00008109 beh=0.000000 w=0.000 lr=8.319e-04 time=0.093s
[RQ-VAE] epoch=547 loss=0.00029748 recon=0.00008097 beh=0.000000 w=0.000 lr=8.315e-04 time=0.092s
[RQ-VAE] epoch=548 loss=0.00029933 recon=0.00008115 beh=0.000000 w=0.000 lr=8.312e-04 time=0.092s
[RQ-VAE] epoch=549 loss=0.00030095 recon=0.00008108 beh=0.000000 w=0.000 lr=8.308e-04 time=0.093s
[RQ-VAE] epoch=550 loss=0.00029915 recon=0.00008091 lr=8.305e-04 raw_unique=20632/24587 collision=0.160857 time=0.092s
[RQ-VAE] epoch=551 loss=0.00029888 recon=0.00008107 beh=0.000000 w=0.000 lr=8.302e-04 time=0.092s
[RQ-VAE] epoch=552 loss=0.00029893 recon=0.00008093 beh=0.000000 w=0.000 lr=8.298e-04 time=0.092s
[RQ-VAE] epoch=553 loss=0.00029946 recon=0.00008090 beh=0.000000 w=0.000 lr=8.295e-04 time=0.092s
[RQ-VAE] epoch=554 loss=0.00029980 recon=0.00008091 beh=0.000000 w=0.000 lr=8.292e-04 time=0.092s
[RQ-VAE] epoch=555 loss=0.00030008 recon=0.00008089 beh=0.000000 w=0.000 lr=8.288e-04 time=0.09s
[RQ-VAE] epoch=556 loss=0.00030075 recon=0.00008099 beh=0.000000 w=0.000 lr=8.285e-04 time=0.092s
[RQ-VAE] epoch=557 loss=0.00030005 recon=0.00008079 beh=0.000000 w=0.000 lr=8.281e-04 time=0.093s
[RQ-VAE] epoch=558 loss=0.00030058 recon=0.00008077 beh=0.000000 w=0.000 lr=8.278e-04 time=0.091s
[RQ-VAE] epoch=559 loss=0.00030034 recon=0.00008076 beh=0.000000 w=0.000 lr=8.275e-04 time=0.093s
[RQ-VAE] epoch=560 loss=0.00029952 recon=0.00008075 beh=0.000000 w=0.000 lr=8.271e-04 time=0.092s
[RQ-VAE] epoch=561 loss=0.00030078 recon=0.00008093 beh=0.000000 w=0.000 lr=8.268e-04 time=0.092s
[RQ-VAE] epoch=562 loss=0.00030144 recon=0.00008083 beh=0.000000 w=0.000 lr=8.264e-04 time=0.094s
[RQ-VAE] epoch=563 loss=0.00030330 recon=0.00008074 beh=0.000000 w=0.000 lr=8.261e-04 time=0.092s
[RQ-VAE] epoch=564 loss=0.00030083 recon=0.00008062 beh=0.000000 w=0.000 lr=8.258e-04 time=0.093s
[RQ-VAE] epoch=565 loss=0.00030028 recon=0.00008063 beh=0.000000 w=0.000 lr=8.254e-04 time=0.091s
[RQ-VAE] epoch=566 loss=0.00029991 recon=0.00008057 beh=0.000000 w=0.000 lr=8.251e-04 time=0.093s
[RQ-VAE] epoch=567 loss=0.00030033 recon=0.00008046 beh=0.000000 w=0.000 lr=8.247e-04 time=0.092s
[RQ-VAE] epoch=568 loss=0.00030270 recon=0.00008056 beh=0.000000 w=0.000 lr=8.244e-04 time=0.092s
[RQ-VAE] epoch=569 loss=0.00030051 recon=0.00008056 beh=0.000000 w=0.000 lr=8.241e-04 time=0.096s
[RQ-VAE] epoch=570 loss=0.00030131 recon=0.00008045 beh=0.000000 w=0.000 lr=8.237e-04 time=0.093s
[RQ-VAE] epoch=571 loss=0.00030118 recon=0.00008050 beh=0.000000 w=0.000 lr=8.234e-04 time=0.095s
[RQ-VAE] epoch=572 loss=0.00030063 recon=0.00008048 beh=0.000000 w=0.000 lr=8.231e-04 time=0.093s
[RQ-VAE] epoch=573 loss=0.00030185 recon=0.00008054 beh=0.000000 w=0.000 lr=8.227e-04 time=0.093s
[RQ-VAE] epoch=574 loss=0.00030045 recon=0.00008039 beh=0.000000 w=0.000 lr=8.224e-04 time=0.095s
[RQ-VAE] epoch=575 loss=0.00030059 recon=0.00008042 beh=0.000000 w=0.000 lr=8.220e-04 time=0.226s
[RQ-VAE] epoch=576 loss=0.00030069 recon=0.00008037 beh=0.000000 w=0.000 lr=8.217e-04 time=0.093s
[RQ-VAE] epoch=577 loss=0.00030168 recon=0.00008037 beh=0.000000 w=0.000 lr=8.214e-04 time=0.092s
[RQ-VAE] epoch=578 loss=0.00030177 recon=0.00008038 beh=0.000000 w=0.000 lr=8.210e-04 time=0.098s
[RQ-VAE] epoch=579 loss=0.00030214 recon=0.00008036 beh=0.000000 w=0.000 lr=8.207e-04 time=0.091s
[RQ-VAE] epoch=580 loss=0.00030253 recon=0.00008046 beh=0.000000 w=0.000 lr=8.203e-04 time=0.092s
[RQ-VAE] epoch=581 loss=0.00030189 recon=0.00008027 beh=0.000000 w=0.000 lr=8.200e-04 time=0.094s
[RQ-VAE] epoch=582 loss=0.00030264 recon=0.00008040 beh=0.000000 w=0.000 lr=8.197e-04 time=0.093s
[RQ-VAE] epoch=583 loss=0.00030240 recon=0.00008037 beh=0.000000 w=0.000 lr=8.193e-04 time=0.093s
[RQ-VAE] epoch=584 loss=0.00029928 recon=0.00008031 beh=0.000000 w=0.000 lr=8.190e-04 time=0.092s
[RQ-VAE] epoch=585 loss=0.00030104 recon=0.00008016 beh=0.000000 w=0.000 lr=8.186e-04 time=0.091s
[RQ-VAE] epoch=586 loss=0.00030115 recon=0.00008017 beh=0.000000 w=0.000 lr=8.183e-04 time=0.092s
[RQ-VAE] epoch=587 loss=0.00030185 recon=0.00008023 beh=0.000000 w=0.000 lr=8.180e-04 time=0.094s
[RQ-VAE] epoch=588 loss=0.00030102 recon=0.00008002 beh=0.000000 w=0.000 lr=8.176e-04 time=0.092s
[RQ-VAE] epoch=589 loss=0.00030033 recon=0.00008018 beh=0.000000 w=0.000 lr=8.173e-04 time=0.092s
[RQ-VAE] epoch=590 loss=0.00030062 recon=0.00008016 beh=0.000000 w=0.000 lr=8.169e-04 time=0.093s
[RQ-VAE] epoch=591 loss=0.00030260 recon=0.00008021 beh=0.000000 w=0.000 lr=8.166e-04 time=0.092s
[RQ-VAE] epoch=592 loss=0.00030191 recon=0.00008015 beh=0.000000 w=0.000 lr=8.163e-04 time=0.092s
[RQ-VAE] epoch=593 loss=0.00030278 recon=0.00008005 beh=0.000000 w=0.000 lr=8.159e-04 time=0.092s
[RQ-VAE] epoch=594 loss=0.00030170 recon=0.00008001 beh=0.000000 w=0.000 lr=8.156e-04 time=0.092s
[RQ-VAE] epoch=595 loss=0.00030176 recon=0.00008004 beh=0.000000 w=0.000 lr=8.153e-04 time=0.091s
[RQ-VAE] epoch=596 loss=0.00030119 recon=0.00008009 beh=0.000000 w=0.000 lr=8.149e-04 time=0.094s
[RQ-VAE] epoch=597 loss=0.00030111 recon=0.00007998 beh=0.000000 w=0.000 lr=8.146e-04 time=0.092s
[RQ-VAE] epoch=598 loss=0.00030171 recon=0.00007980 beh=0.000000 w=0.000 lr=8.142e-04 time=0.092s
[RQ-VAE] epoch=599 loss=0.00030217 recon=0.00008006 beh=0.000000 w=0.000 lr=8.139e-04 time=0.093s
[RQ-VAE] epoch=600 loss=0.00030219 recon=0.00007995 lr=8.136e-04 raw_unique=20541/24587 collision=0.164559 time=0.091s
[RQ-VAE] epoch=601 loss=0.00030208 recon=0.00007991 beh=0.000000 w=0.000 lr=8.132e-04 time=0.093s
[RQ-VAE] epoch=602 loss=0.00030224 recon=0.00008001 beh=0.000000 w=0.000 lr=8.129e-04 time=0.093s
[RQ-VAE] epoch=603 loss=0.00030279 recon=0.00007985 beh=0.000000 w=0.000 lr=8.125e-04 time=0.093s
[RQ-VAE] epoch=604 loss=0.00030372 recon=0.00007982 beh=0.000000 w=0.000 lr=8.122e-04 time=0.207s
[RQ-VAE] epoch=605 loss=0.00030238 recon=0.00007980 beh=0.000000 w=0.000 lr=8.119e-04 time=0.093s
[RQ-VAE] epoch=606 loss=0.00030173 recon=0.00007964 beh=0.000000 w=0.000 lr=8.115e-04 time=0.094s
[RQ-VAE] epoch=607 loss=0.00030173 recon=0.00007963 beh=0.000000 w=0.000 lr=8.112e-04 time=0.093s
[RQ-VAE] epoch=608 loss=0.00030398 recon=0.00007979 beh=0.000000 w=0.000 lr=8.108e-04 time=0.092s
[RQ-VAE] epoch=609 loss=0.00030402 recon=0.00007987 beh=0.000000 w=0.000 lr=8.105e-04 time=0.092s
[RQ-VAE] epoch=610 loss=0.00030372 recon=0.00007977 beh=0.000000 w=0.000 lr=8.102e-04 time=0.095s
[RQ-VAE] epoch=611 loss=0.00030499 recon=0.00007984 beh=0.000000 w=0.000 lr=8.098e-04 time=0.092s
[RQ-VAE] epoch=612 loss=0.00030516 recon=0.00007973 beh=0.000000 w=0.000 lr=8.095e-04 time=0.093s
[RQ-VAE] epoch=613 loss=0.00030491 recon=0.00007972 beh=0.000000 w=0.000 lr=8.092e-04 time=0.092s
[RQ-VAE] epoch=614 loss=0.00030412 recon=0.00007970 beh=0.000000 w=0.000 lr=8.088e-04 time=0.092s
[RQ-VAE] epoch=615 loss=0.00030394 recon=0.00007978 beh=0.000000 w=0.000 lr=8.085e-04 time=0.092s
[RQ-VAE] epoch=616 loss=0.00030347 recon=0.00007966 beh=0.000000 w=0.000 lr=8.081e-04 time=0.092s
[RQ-VAE] epoch=617 loss=0.00030288 recon=0.00007965 beh=0.000000 w=0.000 lr=8.078e-04 time=0.094s
[RQ-VAE] epoch=618 loss=0.00030384 recon=0.00007972 beh=0.000000 w=0.000 lr=8.075e-04 time=0.092s
[RQ-VAE] epoch=619 loss=0.00030427 recon=0.00007963 beh=0.000000 w=0.000 lr=8.071e-04 time=0.094s
[RQ-VAE] epoch=620 loss=0.00030455 recon=0.00007950 beh=0.000000 w=0.000 lr=8.068e-04 time=0.093s
[RQ-VAE] epoch=621 loss=0.00030442 recon=0.00007958 beh=0.000000 w=0.000 lr=8.064e-04 time=0.093s
[RQ-VAE] epoch=622 loss=0.00030469 recon=0.00007956 beh=0.000000 w=0.000 lr=8.061e-04 time=0.093s
[RQ-VAE] epoch=623 loss=0.00030321 recon=0.00007960 beh=0.000000 w=0.000 lr=8.058e-04 time=0.211s
[RQ-VAE] epoch=624 loss=0.00030450 recon=0.00007961 beh=0.000000 w=0.000 lr=8.054e-04 time=0.094s
[RQ-VAE] epoch=625 loss=0.00030348 recon=0.00007962 beh=0.000000 w=0.000 lr=8.051e-04 time=0.093s
[RQ-VAE] epoch=626 loss=0.00030535 recon=0.00007978 beh=0.000000 w=0.000 lr=8.047e-04 time=0.093s
[RQ-VAE] epoch=627 loss=0.00030527 recon=0.00007983 beh=0.000000 w=0.000 lr=8.044e-04 time=0.092s
[RQ-VAE] epoch=628 loss=0.00030425 recon=0.00007969 beh=0.000000 w=0.000 lr=8.041e-04 time=0.092s
[RQ-VAE] epoch=629 loss=0.00030460 recon=0.00007953 beh=0.000000 w=0.000 lr=8.037e-04 time=0.093s
[RQ-VAE] epoch=630 loss=0.00030430 recon=0.00007948 beh=0.000000 w=0.000 lr=8.034e-04 time=0.092s
[RQ-VAE] epoch=631 loss=0.00030710 recon=0.00007948 beh=0.000000 w=0.000 lr=8.031e-04 time=0.094s
[RQ-VAE] epoch=632 loss=0.00030637 recon=0.00007948 beh=0.000000 w=0.000 lr=8.027e-04 time=0.092s
[RQ-VAE] epoch=633 loss=0.00030416 recon=0.00007933 beh=0.000000 w=0.000 lr=8.024e-04 time=0.093s
[RQ-VAE] epoch=634 loss=0.00030607 recon=0.00007942 beh=0.000000 w=0.000 lr=8.020e-04 time=0.094s
[RQ-VAE] epoch=635 loss=0.00030641 recon=0.00007956 beh=0.000000 w=0.000 lr=8.017e-04 time=0.092s
[RQ-VAE] epoch=636 loss=0.00030482 recon=0.00007941 beh=0.000000 w=0.000 lr=8.014e-04 time=0.092s
[RQ-VAE] epoch=637 loss=0.00030477 recon=0.00007931 beh=0.000000 w=0.000 lr=8.010e-04 time=0.093s
[RQ-VAE] epoch=638 loss=0.00030662 recon=0.00007917 beh=0.000000 w=0.000 lr=8.007e-04 time=0.2s
[RQ-VAE] epoch=639 loss=0.00030493 recon=0.00007925 beh=0.000000 w=0.000 lr=8.003e-04 time=0.093s
[RQ-VAE] epoch=640 loss=0.00030524 recon=0.00007925 beh=0.000000 w=0.000 lr=8.000e-04 time=0.092s
[RQ-VAE] epoch=641 loss=0.00030672 recon=0.00007916 beh=0.000000 w=0.000 lr=7.997e-04 time=0.092s
[RQ-VAE] epoch=642 loss=0.00030501 recon=0.00007919 beh=0.000000 w=0.000 lr=7.993e-04 time=0.091s
[RQ-VAE] epoch=643 loss=0.00030576 recon=0.00007926 beh=0.000000 w=0.000 lr=7.990e-04 time=0.092s
[RQ-VAE] epoch=644 loss=0.00030675 recon=0.00007913 beh=0.000000 w=0.000 lr=7.986e-04 time=0.092s
[RQ-VAE] epoch=645 loss=0.00030585 recon=0.00007903 beh=0.000000 w=0.000 lr=7.983e-04 time=0.092s
[RQ-VAE] epoch=646 loss=0.00030429 recon=0.00007912 beh=0.000000 w=0.000 lr=7.980e-04 time=0.093s
[RQ-VAE] epoch=647 loss=0.00030400 recon=0.00007916 beh=0.000000 w=0.000 lr=7.976e-04 time=0.092s
[RQ-VAE] epoch=648 loss=0.00030451 recon=0.00007910 beh=0.000000 w=0.000 lr=7.973e-04 time=0.092s
[RQ-VAE] epoch=649 loss=0.00030502 recon=0.00007911 beh=0.000000 w=0.000 lr=7.969e-04 time=0.092s
[RQ-VAE] epoch=650 loss=0.00030482 recon=0.00007908 lr=7.966e-04 raw_unique=20429/24587 collision=0.169114 time=0.092s
[RQ-VAE] epoch=651 loss=0.00030358 recon=0.00007902 beh=0.000000 w=0.000 lr=7.963e-04 time=0.093s
[RQ-VAE] epoch=652 loss=0.00030528 recon=0.00007909 beh=0.000000 w=0.000 lr=7.959e-04 time=0.092s
[RQ-VAE] epoch=653 loss=0.00030479 recon=0.00007910 beh=0.000000 w=0.000 lr=7.956e-04 time=0.093s
[RQ-VAE] epoch=654 loss=0.00030482 recon=0.00007897 beh=0.000000 w=0.000 lr=7.953e-04 time=0.095s
[RQ-VAE] epoch=655 loss=0.00030538 recon=0.00007886 beh=0.000000 w=0.000 lr=7.949e-04 time=0.094s
[RQ-VAE] epoch=656 loss=0.00030260 recon=0.00007877 beh=0.000000 w=0.000 lr=7.946e-04 time=0.094s
[RQ-VAE] epoch=657 loss=0.00030385 recon=0.00007867 beh=0.000000 w=0.000 lr=7.942e-04 time=0.094s
[RQ-VAE] epoch=658 loss=0.00030324 recon=0.00007876 beh=0.000000 w=0.000 lr=7.939e-04 time=0.094s
[RQ-VAE] epoch=659 loss=0.00030423 recon=0.00007875 beh=0.000000 w=0.000 lr=7.936e-04 time=0.094s
[RQ-VAE] epoch=660 loss=0.00030525 recon=0.00007894 beh=0.000000 w=0.000 lr=7.932e-04 time=0.093s
[RQ-VAE] epoch=661 loss=0.00030616 recon=0.00007898 beh=0.000000 w=0.000 lr=7.929e-04 time=0.094s
[RQ-VAE] epoch=662 loss=0.00030575 recon=0.00007900 beh=0.000000 w=0.000 lr=7.925e-04 time=0.093s
[RQ-VAE] epoch=663 loss=0.00030666 recon=0.00007909 beh=0.000000 w=0.000 lr=7.922e-04 time=0.095s
[RQ-VAE] epoch=664 loss=0.00030672 recon=0.00007881 beh=0.000000 w=0.000 lr=7.919e-04 time=0.093s
[RQ-VAE] epoch=665 loss=0.00030427 recon=0.00007882 beh=0.000000 w=0.000 lr=7.915e-04 time=0.094s
[RQ-VAE] epoch=666 loss=0.00030373 recon=0.00007894 beh=0.000000 w=0.000 lr=7.912e-04 time=0.092s
[RQ-VAE] epoch=667 loss=0.00030646 recon=0.00007892 beh=0.000000 w=0.000 lr=7.908e-04 time=0.093s
[RQ-VAE] epoch=668 loss=0.00030745 recon=0.00007876 beh=0.000000 w=0.000 lr=7.905e-04 time=0.093s
[RQ-VAE] epoch=669 loss=0.00030611 recon=0.00007882 beh=0.000000 w=0.000 lr=7.902e-04 time=0.094s
[RQ-VAE] epoch=670 loss=0.00030614 recon=0.00007884 beh=0.000000 w=0.000 lr=7.898e-04 time=0.094s
[RQ-VAE] epoch=671 loss=0.00030583 recon=0.00007876 beh=0.000000 w=0.000 lr=7.895e-04 time=0.094s
[RQ-VAE] epoch=672 loss=0.00030681 recon=0.00007862 beh=0.000000 w=0.000 lr=7.892e-04 time=0.093s
[RQ-VAE] epoch=673 loss=0.00030543 recon=0.00007868 beh=0.000000 w=0.000 lr=7.888e-04 time=0.094s
[RQ-VAE] epoch=674 loss=0.00030680 recon=0.00007897 beh=0.000000 w=0.000 lr=7.885e-04 time=0.094s
[RQ-VAE] epoch=675 loss=0.00030750 recon=0.00007865 beh=0.000000 w=0.000 lr=7.881e-04 time=0.093s
[RQ-VAE] epoch=676 loss=0.00030750 recon=0.00007856 beh=0.000000 w=0.000 lr=7.878e-04 time=0.093s
[RQ-VAE] epoch=677 loss=0.00030544 recon=0.00007858 beh=0.000000 w=0.000 lr=7.875e-04 time=0.093s
[RQ-VAE] epoch=678 loss=0.00030691 recon=0.00007869 beh=0.000000 w=0.000 lr=7.871e-04 time=0.093s
[RQ-VAE] epoch=679 loss=0.00030610 recon=0.00007859 beh=0.000000 w=0.000 lr=7.868e-04 time=0.092s
[RQ-VAE] epoch=680 loss=0.00030647 recon=0.00007852 beh=0.000000 w=0.000 lr=7.864e-04 time=0.093s
[RQ-VAE] epoch=681 loss=0.00030610 recon=0.00007858 beh=0.000000 w=0.000 lr=7.861e-04 time=0.095s
[RQ-VAE] epoch=682 loss=0.00030757 recon=0.00007848 beh=0.000000 w=0.000 lr=7.858e-04 time=0.096s
[RQ-VAE] epoch=683 loss=0.00030887 recon=0.00007865 beh=0.000000 w=0.000 lr=7.854e-04 time=0.093s
[RQ-VAE] epoch=684 loss=0.00030748 recon=0.00007865 beh=0.000000 w=0.000 lr=7.851e-04 time=0.093s
[RQ-VAE] epoch=685 loss=0.00030710 recon=0.00007859 beh=0.000000 w=0.000 lr=7.847e-04 time=0.094s
[RQ-VAE] epoch=686 loss=0.00030813 recon=0.00007856 beh=0.000000 w=0.000 lr=7.844e-04 time=0.094s
[RQ-VAE] epoch=687 loss=0.00030690 recon=0.00007843 beh=0.000000 w=0.000 lr=7.841e-04 time=0.094s
[RQ-VAE] epoch=688 loss=0.00030551 recon=0.00007844 beh=0.000000 w=0.000 lr=7.837e-04 time=0.093s
[RQ-VAE] epoch=689 loss=0.00030674 recon=0.00007860 beh=0.000000 w=0.000 lr=7.834e-04 time=0.093s
[RQ-VAE] epoch=690 loss=0.00030685 recon=0.00007842 beh=0.000000 w=0.000 lr=7.831e-04 time=0.094s
[RQ-VAE] epoch=691 loss=0.00030878 recon=0.00007843 beh=0.000000 w=0.000 lr=7.827e-04 time=0.094s
[RQ-VAE] epoch=692 loss=0.00030756 recon=0.00007842 beh=0.000000 w=0.000 lr=7.824e-04 time=0.095s
[RQ-VAE] epoch=693 loss=0.00030927 recon=0.00007840 beh=0.000000 w=0.000 lr=7.820e-04 time=0.094s
[RQ-VAE] epoch=694 loss=0.00030912 recon=0.00007834 beh=0.000000 w=0.000 lr=7.817e-04 time=0.093s
[RQ-VAE] epoch=695 loss=0.00030895 recon=0.00007834 beh=0.000000 w=0.000 lr=7.814e-04 time=0.202s
[RQ-VAE] epoch=696 loss=0.00030927 recon=0.00007849 beh=0.000000 w=0.000 lr=7.810e-04 time=0.095s
[RQ-VAE] epoch=697 loss=0.00030952 recon=0.00007834 beh=0.000000 w=0.000 lr=7.807e-04 time=0.092s
[RQ-VAE] epoch=698 loss=0.00030794 recon=0.00007827 beh=0.000000 w=0.000 lr=7.803e-04 time=0.091s
[RQ-VAE] epoch=699 loss=0.00030771 recon=0.00007838 beh=0.000000 w=0.000 lr=7.800e-04 time=0.092s
[RQ-VAE] epoch=700 loss=0.00030851 recon=0.00007825 lr=7.797e-04 raw_unique=20525/24587 collision=0.165209 time=0.092s
[RQ-VAE] epoch=701 loss=0.00030854 recon=0.00007828 beh=0.000000 w=0.000 lr=7.793e-04 time=0.093s
[RQ-VAE] epoch=702 loss=0.00030666 recon=0.00007820 beh=0.000000 w=0.000 lr=7.790e-04 time=0.092s
[RQ-VAE] epoch=703 loss=0.00030696 recon=0.00007820 beh=0.000000 w=0.000 lr=7.786e-04 time=0.092s
[RQ-VAE] epoch=704 loss=0.00030900 recon=0.00007839 beh=0.000000 w=0.000 lr=7.783e-04 time=0.095s
[RQ-VAE] epoch=705 loss=0.00030738 recon=0.00007825 beh=0.000000 w=0.000 lr=7.780e-04 time=0.093s
[RQ-VAE] epoch=706 loss=0.00030703 recon=0.00007807 beh=0.000000 w=0.000 lr=7.776e-04 time=0.092s
[RQ-VAE] epoch=707 loss=0.00030667 recon=0.00007817 beh=0.000000 w=0.000 lr=7.773e-04 time=0.091s
[RQ-VAE] epoch=708 loss=0.00030726 recon=0.00007811 beh=0.000000 w=0.000 lr=7.769e-04 time=0.092s
[RQ-VAE] epoch=709 loss=0.00030544 recon=0.00007807 beh=0.000000 w=0.000 lr=7.766e-04 time=0.091s
[RQ-VAE] epoch=710 loss=0.00030711 recon=0.00007817 beh=0.000000 w=0.000 lr=7.763e-04 time=0.092s
[RQ-VAE] epoch=711 loss=0.00030872 recon=0.00007813 beh=0.000000 w=0.000 lr=7.759e-04 time=0.091s
[RQ-VAE] epoch=712 loss=0.00030962 recon=0.00007807 beh=0.000000 w=0.000 lr=7.756e-04 time=0.094s
[RQ-VAE] epoch=713 loss=0.00030712 recon=0.00007787 beh=0.000000 w=0.000 lr=7.753e-04 time=0.095s
[RQ-VAE] epoch=714 loss=0.00030719 recon=0.00007779 beh=0.000000 w=0.000 lr=7.749e-04 time=0.094s
[RQ-VAE] epoch=715 loss=0.00030767 recon=0.00007794 beh=0.000000 w=0.000 lr=7.746e-04 time=0.094s
[RQ-VAE] epoch=716 loss=0.00030848 recon=0.00007789 beh=0.000000 w=0.000 lr=7.742e-04 time=0.095s
[RQ-VAE] epoch=717 loss=0.00030657 recon=0.00007784 beh=0.000000 w=0.000 lr=7.739e-04 time=0.094s
[RQ-VAE] epoch=718 loss=0.00030629 recon=0.00007799 beh=0.000000 w=0.000 lr=7.736e-04 time=0.094s
[RQ-VAE] epoch=719 loss=0.00030767 recon=0.00007781 beh=0.000000 w=0.000 lr=7.732e-04 time=0.092s
[RQ-VAE] epoch=720 loss=0.00030746 recon=0.00007800 beh=0.000000 w=0.000 lr=7.729e-04 time=0.094s
[RQ-VAE] epoch=721 loss=0.00030621 recon=0.00007798 beh=0.000000 w=0.000 lr=7.725e-04 time=0.094s
[RQ-VAE] epoch=722 loss=0.00030705 recon=0.00007793 beh=0.000000 w=0.000 lr=7.722e-04 time=0.094s
[RQ-VAE] epoch=723 loss=0.00030647 recon=0.00007806 beh=0.000000 w=0.000 lr=7.719e-04 time=0.095s
[RQ-VAE] epoch=724 loss=0.00030709 recon=0.00007793 beh=0.000000 w=0.000 lr=7.715e-04 time=0.198s
[RQ-VAE] epoch=725 loss=0.00030627 recon=0.00007776 beh=0.000000 w=0.000 lr=7.712e-04 time=0.096s
[RQ-VAE] epoch=726 loss=0.00030749 recon=0.00007768 beh=0.000000 w=0.000 lr=7.708e-04 time=0.092s
[RQ-VAE] epoch=727 loss=0.00030847 recon=0.00007783 beh=0.000000 w=0.000 lr=7.705e-04 time=0.092s
[RQ-VAE] epoch=728 loss=0.00030591 recon=0.00007780 beh=0.000000 w=0.000 lr=7.702e-04 time=0.093s
[RQ-VAE] epoch=729 loss=0.00030765 recon=0.00007782 beh=0.000000 w=0.000 lr=7.698e-04 time=0.092s
[RQ-VAE] epoch=730 loss=0.00030903 recon=0.00007786 beh=0.000000 w=0.000 lr=7.695e-04 time=0.092s
[RQ-VAE] epoch=731 loss=0.00030767 recon=0.00007779 beh=0.000000 w=0.000 lr=7.692e-04 time=0.092s
[RQ-VAE] epoch=732 loss=0.00030703 recon=0.00007771 beh=0.000000 w=0.000 lr=7.688e-04 time=0.092s
[RQ-VAE] epoch=733 loss=0.00030702 recon=0.00007786 beh=0.000000 w=0.000 lr=7.685e-04 time=0.091s
[RQ-VAE] epoch=734 loss=0.00030914 recon=0.00007769 beh=0.000000 w=0.000 lr=7.681e-04 time=0.092s
[RQ-VAE] epoch=735 loss=0.00030630 recon=0.00007764 beh=0.000000 w=0.000 lr=7.678e-04 time=0.092s
[RQ-VAE] epoch=736 loss=0.00030640 recon=0.00007756 beh=0.000000 w=0.000 lr=7.675e-04 time=0.091s
[RQ-VAE] epoch=737 loss=0.00030702 recon=0.00007763 beh=0.000000 w=0.000 lr=7.671e-04 time=0.091s
[RQ-VAE] epoch=738 loss=0.00030744 recon=0.00007760 beh=0.000000 w=0.000 lr=7.668e-04 time=0.092s
[RQ-VAE] epoch=739 loss=0.00030874 recon=0.00007768 beh=0.000000 w=0.000 lr=7.664e-04 time=0.095s
[RQ-VAE] epoch=740 loss=0.00030747 recon=0.00007750 beh=0.000000 w=0.000 lr=7.661e-04 time=0.094s
[RQ-VAE] epoch=741 loss=0.00030767 recon=0.00007758 beh=0.000000 w=0.000 lr=7.658e-04 time=0.094s
[RQ-VAE] epoch=742 loss=0.00030877 recon=0.00007771 beh=0.000000 w=0.000 lr=7.654e-04 time=0.093s
[RQ-VAE] epoch=743 loss=0.00030871 recon=0.00007767 beh=0.000000 w=0.000 lr=7.651e-04 time=0.092s
[RQ-VAE] epoch=744 loss=0.00030823 recon=0.00007747 beh=0.000000 w=0.000 lr=7.647e-04 time=0.19s
[RQ-VAE] epoch=745 loss=0.00030827 recon=0.00007759 beh=0.000000 w=0.000 lr=7.644e-04 time=0.091s
[RQ-VAE] epoch=746 loss=0.00030694 recon=0.00007747 beh=0.000000 w=0.000 lr=7.641e-04 time=0.091s
[RQ-VAE] epoch=747 loss=0.00030806 recon=0.00007744 beh=0.000000 w=0.000 lr=7.637e-04 time=0.091s
[RQ-VAE] epoch=748 loss=0.00030963 recon=0.00007756 beh=0.000000 w=0.000 lr=7.634e-04 time=0.091s
[RQ-VAE] epoch=749 loss=0.00030935 recon=0.00007750 beh=0.000000 w=0.000 lr=7.631e-04 time=0.096s
[RQ-VAE] epoch=750 loss=0.00030927 recon=0.00007752 lr=7.627e-04 raw_unique=20474/24587 collision=0.167284 time=0.091s
[RQ-VAE] epoch=751 loss=0.00031065 recon=0.00007753 beh=0.000000 w=0.000 lr=7.624e-04 time=0.092s
[RQ-VAE] epoch=752 loss=0.00031106 recon=0.00007746 beh=0.000000 w=0.000 lr=7.620e-04 time=0.091s
[RQ-VAE] epoch=753 loss=0.00030976 recon=0.00007765 beh=0.000000 w=0.000 lr=7.617e-04 time=0.091s
[RQ-VAE] epoch=754 loss=0.00030912 recon=0.00007739 beh=0.000000 w=0.000 lr=7.614e-04 time=0.093s
[RQ-VAE] epoch=755 loss=0.00030973 recon=0.00007736 beh=0.000000 w=0.000 lr=7.610e-04 time=0.094s
[RQ-VAE] epoch=756 loss=0.00030923 recon=0.00007734 beh=0.000000 w=0.000 lr=7.607e-04 time=0.093s
[RQ-VAE] epoch=757 loss=0.00030927 recon=0.00007740 beh=0.000000 w=0.000 lr=7.603e-04 time=0.092s
[RQ-VAE] epoch=758 loss=0.00031197 recon=0.00007746 beh=0.000000 w=0.000 lr=7.600e-04 time=0.092s
[RQ-VAE] epoch=759 loss=0.00031097 recon=0.00007739 beh=0.000000 w=0.000 lr=7.597e-04 time=0.19s
[RQ-VAE] epoch=760 loss=0.00031214 recon=0.00007720 beh=0.000000 w=0.000 lr=7.593e-04 time=0.091s
[RQ-VAE] epoch=761 loss=0.00031185 recon=0.00007736 beh=0.000000 w=0.000 lr=7.590e-04 time=0.092s
[RQ-VAE] epoch=762 loss=0.00031050 recon=0.00007723 beh=0.000000 w=0.000 lr=7.586e-04 time=0.092s
[RQ-VAE] epoch=763 loss=0.00031075 recon=0.00007713 beh=0.000000 w=0.000 lr=7.583e-04 time=0.094s
[RQ-VAE] epoch=764 loss=0.00031023 recon=0.00007726 beh=0.000000 w=0.000 lr=7.580e-04 time=0.093s
[RQ-VAE] epoch=765 loss=0.00031025 recon=0.00007731 beh=0.000000 w=0.000 lr=7.576e-04 time=0.095s
[RQ-VAE] epoch=766 loss=0.00031093 recon=0.00007717 beh=0.000000 w=0.000 lr=7.573e-04 time=0.094s
[RQ-VAE] epoch=767 loss=0.00031177 recon=0.00007736 beh=0.000000 w=0.000 lr=7.569e-04 time=0.093s
[RQ-VAE] epoch=768 loss=0.00031099 recon=0.00007724 beh=0.000000 w=0.000 lr=7.566e-04 time=0.094s
[RQ-VAE] epoch=769 loss=0.00031379 recon=0.00007730 beh=0.000000 w=0.000 lr=7.563e-04 time=0.094s
[RQ-VAE] epoch=770 loss=0.00031045 recon=0.00007717 beh=0.000000 w=0.000 lr=7.559e-04 time=0.094s
[RQ-VAE] epoch=771 loss=0.00031095 recon=0.00007724 beh=0.000000 w=0.000 lr=7.556e-04 time=0.093s
[RQ-VAE] epoch=772 loss=0.00031340 recon=0.00007728 beh=0.000000 w=0.000 lr=7.553e-04 time=0.092s
[RQ-VAE] epoch=773 loss=0.00031196 recon=0.00007735 beh=0.000000 w=0.000 lr=7.549e-04 time=0.093s
[RQ-VAE] epoch=774 loss=0.00031213 recon=0.00007732 beh=0.000000 w=0.000 lr=7.546e-04 time=0.093s
[RQ-VAE] epoch=775 loss=0.00031288 recon=0.00007753 beh=0.000000 w=0.000 lr=7.542e-04 time=0.093s
[RQ-VAE] epoch=776 loss=0.00031123 recon=0.00007743 beh=0.000000 w=0.000 lr=7.539e-04 time=0.093s
[RQ-VAE] epoch=777 loss=0.00031242 recon=0.00007741 beh=0.000000 w=0.000 lr=7.536e-04 time=0.094s
[RQ-VAE] epoch=778 loss=0.00031242 recon=0.00007734 beh=0.000000 w=0.000 lr=7.532e-04 time=0.093s
[RQ-VAE] epoch=779 loss=0.00031255 recon=0.00007722 beh=0.000000 w=0.000 lr=7.529e-04 time=0.093s
[RQ-VAE] epoch=780 loss=0.00031266 recon=0.00007723 beh=0.000000 w=0.000 lr=7.525e-04 time=0.094s
[RQ-VAE] epoch=781 loss=0.00031159 recon=0.00007720 beh=0.000000 w=0.000 lr=7.522e-04 time=0.094s
[RQ-VAE] epoch=782 loss=0.00031126 recon=0.00007719 beh=0.000000 w=0.000 lr=7.519e-04 time=0.094s
[RQ-VAE] epoch=783 loss=0.00031430 recon=0.00007716 beh=0.000000 w=0.000 lr=7.515e-04 time=0.093s
[RQ-VAE] epoch=784 loss=0.00031394 recon=0.00007729 beh=0.000000 w=0.000 lr=7.512e-04 time=0.094s
[RQ-VAE] epoch=785 loss=0.00031197 recon=0.00007718 beh=0.000000 w=0.000 lr=7.508e-04 time=0.093s
[RQ-VAE] epoch=786 loss=0.00031219 recon=0.00007725 beh=0.000000 w=0.000 lr=7.505e-04 time=0.093s
[RQ-VAE] epoch=787 loss=0.00031235 recon=0.00007711 beh=0.000000 w=0.000 lr=7.502e-04 time=0.094s
[RQ-VAE] epoch=788 loss=0.00031361 recon=0.00007725 beh=0.000000 w=0.000 lr=7.498e-04 time=0.093s
[RQ-VAE] epoch=789 loss=0.00031237 recon=0.00007709 beh=0.000000 w=0.000 lr=7.495e-04 time=0.095s
[RQ-VAE] epoch=790 loss=0.00031320 recon=0.00007702 beh=0.000000 w=0.000 lr=7.492e-04 time=0.092s
[RQ-VAE] epoch=791 loss=0.00031203 recon=0.00007691 beh=0.000000 w=0.000 lr=7.488e-04 time=0.091s
[RQ-VAE] epoch=792 loss=0.00031184 recon=0.00007696 beh=0.000000 w=0.000 lr=7.485e-04 time=0.091s
[RQ-VAE] epoch=793 loss=0.00031306 recon=0.00007684 beh=0.000000 w=0.000 lr=7.481e-04 time=0.093s
[RQ-VAE] epoch=794 loss=0.00031193 recon=0.00007688 beh=0.000000 w=0.000 lr=7.478e-04 time=0.093s
[RQ-VAE] epoch=795 loss=0.00031166 recon=0.00007724 beh=0.000000 w=0.000 lr=7.475e-04 time=0.093s
[RQ-VAE] epoch=796 loss=0.00031347 recon=0.00007704 beh=0.000000 w=0.000 lr=7.471e-04 time=0.092s
[RQ-VAE] epoch=797 loss=0.00031246 recon=0.00007696 beh=0.000000 w=0.000 lr=7.468e-04 time=0.092s
[RQ-VAE] epoch=798 loss=0.00031529 recon=0.00007717 beh=0.000000 w=0.000 lr=7.464e-04 time=0.093s
[RQ-VAE] epoch=799 loss=0.00031300 recon=0.00007716 beh=0.000000 w=0.000 lr=7.461e-04 time=0.094s
[RQ-VAE] epoch=800 loss=0.00031259 recon=0.00007698 lr=7.458e-04 raw_unique=20390/24587 collision=0.170700 time=0.094s
[RQ-VAE] epoch=801 loss=0.00031343 recon=0.00007707 beh=0.000000 w=0.000 lr=7.454e-04 time=0.094s
[RQ-VAE] epoch=802 loss=0.00031197 recon=0.00007707 beh=0.000000 w=0.000 lr=7.451e-04 time=0.093s
[RQ-VAE] epoch=803 loss=0.00031311 recon=0.00007683 beh=0.000000 w=0.000 lr=7.447e-04 time=0.094s
[RQ-VAE] epoch=804 loss=0.00031521 recon=0.00007698 beh=0.000000 w=0.000 lr=7.444e-04 time=0.095s
[RQ-VAE] epoch=805 loss=0.00031302 recon=0.00007700 beh=0.000000 w=0.000 lr=7.441e-04 time=0.094s
[RQ-VAE] epoch=806 loss=0.00031078 recon=0.00007691 beh=0.000000 w=0.000 lr=7.437e-04 time=0.094s
[RQ-VAE] epoch=807 loss=0.00031136 recon=0.00007692 beh=0.000000 w=0.000 lr=7.434e-04 time=0.093s
[RQ-VAE] epoch=808 loss=0.00031135 recon=0.00007696 beh=0.000000 w=0.000 lr=7.431e-04 time=0.093s
[RQ-VAE] epoch=809 loss=0.00031103 recon=0.00007679 beh=0.000000 w=0.000 lr=7.427e-04 time=0.093s
[RQ-VAE] epoch=810 loss=0.00031063 recon=0.00007709 beh=0.000000 w=0.000 lr=7.424e-04 time=0.094s
[RQ-VAE] epoch=811 loss=0.00031111 recon=0.00007698 beh=0.000000 w=0.000 lr=7.420e-04 time=0.094s
[RQ-VAE] epoch=812 loss=0.00031277 recon=0.00007694 beh=0.000000 w=0.000 lr=7.417e-04 time=0.095s
[RQ-VAE] epoch=813 loss=0.00031278 recon=0.00007699 beh=0.000000 w=0.000 lr=7.414e-04 time=0.094s
[RQ-VAE] epoch=814 loss=0.00031281 recon=0.00007698 beh=0.000000 w=0.000 lr=7.410e-04 time=0.095s
[RQ-VAE] epoch=815 loss=0.00031224 recon=0.00007701 beh=0.000000 w=0.000 lr=7.407e-04 time=0.094s
[RQ-VAE] epoch=816 loss=0.00031276 recon=0.00007683 beh=0.000000 w=0.000 lr=7.403e-04 time=0.198s
[RQ-VAE] epoch=817 loss=0.00031303 recon=0.00007702 beh=0.000000 w=0.000 lr=7.400e-04 time=0.092s
[RQ-VAE] epoch=818 loss=0.00031285 recon=0.00007691 beh=0.000000 w=0.000 lr=7.397e-04 time=0.092s
[RQ-VAE] epoch=819 loss=0.00031431 recon=0.00007694 beh=0.000000 w=0.000 lr=7.393e-04 time=0.093s
[RQ-VAE] epoch=820 loss=0.00031461 recon=0.00007695 beh=0.000000 w=0.000 lr=7.390e-04 time=0.093s
[RQ-VAE] epoch=821 loss=0.00031393 recon=0.00007680 beh=0.000000 w=0.000 lr=7.386e-04 time=0.092s
[RQ-VAE] epoch=822 loss=0.00031339 recon=0.00007650 beh=0.000000 w=0.000 lr=7.383e-04 time=0.091s
[RQ-VAE] epoch=823 loss=0.00031313 recon=0.00007660 beh=0.000000 w=0.000 lr=7.380e-04 time=0.091s
[RQ-VAE] epoch=824 loss=0.00031382 recon=0.00007658 beh=0.000000 w=0.000 lr=7.376e-04 time=0.092s
[RQ-VAE] epoch=825 loss=0.00031452 recon=0.00007654 beh=0.000000 w=0.000 lr=7.373e-04 time=0.092s
[RQ-VAE] epoch=826 loss=0.00031309 recon=0.00007692 beh=0.000000 w=0.000 lr=7.369e-04 time=0.092s
[RQ-VAE] epoch=827 loss=0.00031458 recon=0.00007666 beh=0.000000 w=0.000 lr=7.366e-04 time=0.095s
[RQ-VAE] epoch=828 loss=0.00031543 recon=0.00007672 beh=0.000000 w=0.000 lr=7.363e-04 time=0.093s
[RQ-VAE] epoch=829 loss=0.00031603 recon=0.00007679 beh=0.000000 w=0.000 lr=7.359e-04 time=0.092s
[RQ-VAE] epoch=830 loss=0.00031508 recon=0.00007651 beh=0.000000 w=0.000 lr=7.356e-04 time=0.092s
[RQ-VAE] epoch=831 loss=0.00031334 recon=0.00007650 beh=0.000000 w=0.000 lr=7.353e-04 time=0.092s
[RQ-VAE] epoch=832 loss=0.00031349 recon=0.00007644 beh=0.000000 w=0.000 lr=7.349e-04 time=0.091s
[RQ-VAE] epoch=833 loss=0.00031667 recon=0.00007659 beh=0.000000 w=0.000 lr=7.346e-04 time=0.095s
[RQ-VAE] epoch=834 loss=0.00031565 recon=0.00007676 beh=0.000000 w=0.000 lr=7.342e-04 time=0.092s
[RQ-VAE] epoch=835 loss=0.00031498 recon=0.00007657 beh=0.000000 w=0.000 lr=7.339e-04 time=0.093s
[RQ-VAE] epoch=836 loss=0.00031372 recon=0.00007651 beh=0.000000 w=0.000 lr=7.336e-04 time=0.092s
[RQ-VAE] epoch=837 loss=0.00031398 recon=0.00007665 beh=0.000000 w=0.000 lr=7.332e-04 time=0.092s
[RQ-VAE] epoch=838 loss=0.00031375 recon=0.00007666 beh=0.000000 w=0.000 lr=7.329e-04 time=0.096s
[RQ-VAE] epoch=839 loss=0.00031369 recon=0.00007634 beh=0.000000 w=0.000 lr=7.325e-04 time=0.092s
[RQ-VAE] epoch=840 loss=0.00031481 recon=0.00007656 beh=0.000000 w=0.000 lr=7.322e-04 time=0.093s
[RQ-VAE] epoch=841 loss=0.00031514 recon=0.00007653 beh=0.000000 w=0.000 lr=7.319e-04 time=0.094s
[RQ-VAE] epoch=842 loss=0.00031378 recon=0.00007663 beh=0.000000 w=0.000 lr=7.315e-04 time=0.093s
[RQ-VAE] epoch=843 loss=0.00031502 recon=0.00007652 beh=0.000000 w=0.000 lr=7.312e-04 time=0.095s
[RQ-VAE] epoch=844 loss=0.00031442 recon=0.00007659 beh=0.000000 w=0.000 lr=7.308e-04 time=0.094s
[RQ-VAE] epoch=845 loss=0.00031339 recon=0.00007645 beh=0.000000 w=0.000 lr=7.305e-04 time=0.188s
[RQ-VAE] epoch=846 loss=0.00031482 recon=0.00007640 beh=0.000000 w=0.000 lr=7.302e-04 time=0.092s
[RQ-VAE] epoch=847 loss=0.00031436 recon=0.00007645 beh=0.000000 w=0.000 lr=7.298e-04 time=0.092s
[RQ-VAE] epoch=848 loss=0.00031384 recon=0.00007654 beh=0.000000 w=0.000 lr=7.295e-04 time=0.092s
[RQ-VAE] epoch=849 loss=0.00031342 recon=0.00007626 beh=0.000000 w=0.000 lr=7.292e-04 time=0.091s
[RQ-VAE] epoch=850 loss=0.00031403 recon=0.00007642 lr=7.288e-04 raw_unique=20364/24587 collision=0.171757 time=0.094s
[RQ-VAE] epoch=851 loss=0.00031442 recon=0.00007651 beh=0.000000 w=0.000 lr=7.285e-04 time=0.093s
[RQ-VAE] epoch=852 loss=0.00031461 recon=0.00007656 beh=0.000000 w=0.000 lr=7.281e-04 time=0.093s
[RQ-VAE] epoch=853 loss=0.00031430 recon=0.00007630 beh=0.000000 w=0.000 lr=7.278e-04 time=0.095s
[RQ-VAE] epoch=854 loss=0.00031506 recon=0.00007631 beh=0.000000 w=0.000 lr=7.275e-04 time=0.092s
[RQ-VAE] epoch=855 loss=0.00031404 recon=0.00007635 beh=0.000000 w=0.000 lr=7.271e-04 time=0.092s
[RQ-VAE] epoch=856 loss=0.00031397 recon=0.00007641 beh=0.000000 w=0.000 lr=7.268e-04 time=0.092s
[RQ-VAE] epoch=857 loss=0.00031315 recon=0.00007637 beh=0.000000 w=0.000 lr=7.264e-04 time=0.091s
[RQ-VAE] epoch=858 loss=0.00031452 recon=0.00007635 beh=0.000000 w=0.000 lr=7.261e-04 time=0.092s
[RQ-VAE] epoch=859 loss=0.00031452 recon=0.00007643 beh=0.000000 w=0.000 lr=7.258e-04 time=0.096s
[RQ-VAE] epoch=860 loss=0.00031487 recon=0.00007624 beh=0.000000 w=0.000 lr=7.254e-04 time=0.094s
[RQ-VAE] epoch=861 loss=0.00031632 recon=0.00007630 beh=0.000000 w=0.000 lr=7.251e-04 time=0.094s
[RQ-VAE] epoch=862 loss=0.00031486 recon=0.00007602 beh=0.000000 w=0.000 lr=7.247e-04 time=0.094s
[RQ-VAE] epoch=863 loss=0.00031518 recon=0.00007603 beh=0.000000 w=0.000 lr=7.244e-04 time=0.094s
[RQ-VAE] epoch=864 loss=0.00031356 recon=0.00007600 beh=0.000000 w=0.000 lr=7.241e-04 time=0.094s
[RQ-VAE] epoch=865 loss=0.00031360 recon=0.00007616 beh=0.000000 w=0.000 lr=7.237e-04 time=0.197s
[RQ-VAE] epoch=866 loss=0.00031410 recon=0.00007603 beh=0.000000 w=0.000 lr=7.234e-04 time=0.092s
[RQ-VAE] epoch=867 loss=0.00031413 recon=0.00007610 beh=0.000000 w=0.000 lr=7.231e-04 time=0.097s
[RQ-VAE] epoch=868 loss=0.00031506 recon=0.00007621 beh=0.000000 w=0.000 lr=7.227e-04 time=0.092s
[RQ-VAE] epoch=869 loss=0.00031622 recon=0.00007618 beh=0.000000 w=0.000 lr=7.224e-04 time=0.092s
[RQ-VAE] epoch=870 loss=0.00031592 recon=0.00007618 beh=0.000000 w=0.000 lr=7.220e-04 time=0.092s
[RQ-VAE] epoch=871 loss=0.00031513 recon=0.00007615 beh=0.000000 w=0.000 lr=7.217e-04 time=0.093s
[RQ-VAE] epoch=872 loss=0.00031409 recon=0.00007596 beh=0.000000 w=0.000 lr=7.214e-04 time=0.092s
[RQ-VAE] epoch=873 loss=0.00031377 recon=0.00007598 beh=0.000000 w=0.000 lr=7.210e-04 time=0.095s
[RQ-VAE] epoch=874 loss=0.00031435 recon=0.00007603 beh=0.000000 w=0.000 lr=7.207e-04 time=0.094s
[RQ-VAE] epoch=875 loss=0.00031343 recon=0.00007604 beh=0.000000 w=0.000 lr=7.203e-04 time=0.094s
[RQ-VAE] epoch=876 loss=0.00031406 recon=0.00007599 beh=0.000000 w=0.000 lr=7.200e-04 time=0.094s
[RQ-VAE] epoch=877 loss=0.00031444 recon=0.00007602 beh=0.000000 w=0.000 lr=7.197e-04 time=0.094s
[RQ-VAE] epoch=878 loss=0.00031565 recon=0.00007591 beh=0.000000 w=0.000 lr=7.193e-04 time=0.095s
[RQ-VAE] epoch=879 loss=0.00031392 recon=0.00007609 beh=0.000000 w=0.000 lr=7.190e-04 time=0.094s
[RQ-VAE] epoch=880 loss=0.00031499 recon=0.00007577 beh=0.000000 w=0.000 lr=7.186e-04 time=0.189s
[RQ-VAE] epoch=881 loss=0.00031321 recon=0.00007584 beh=0.000000 w=0.000 lr=7.183e-04 time=0.093s
[RQ-VAE] epoch=882 loss=0.00031413 recon=0.00007579 beh=0.000000 w=0.000 lr=7.180e-04 time=0.093s
[RQ-VAE] epoch=883 loss=0.00031552 recon=0.00007602 beh=0.000000 w=0.000 lr=7.176e-04 time=0.093s
[RQ-VAE] epoch=884 loss=0.00031651 recon=0.00007583 beh=0.000000 w=0.000 lr=7.173e-04 time=0.093s
[RQ-VAE] epoch=885 loss=0.00031541 recon=0.00007579 beh=0.000000 w=0.000 lr=7.169e-04 time=0.093s
[RQ-VAE] epoch=886 loss=0.00031431 recon=0.00007577 beh=0.000000 w=0.000 lr=7.166e-04 time=0.095s
[RQ-VAE] epoch=887 loss=0.00031560 recon=0.00007588 beh=0.000000 w=0.000 lr=7.163e-04 time=0.093s
[RQ-VAE] epoch=888 loss=0.00031641 recon=0.00007584 beh=0.000000 w=0.000 lr=7.159e-04 time=0.094s
[RQ-VAE] epoch=889 loss=0.00031436 recon=0.00007579 beh=0.000000 w=0.000 lr=7.156e-04 time=0.092s
[RQ-VAE] epoch=890 loss=0.00031422 recon=0.00007581 beh=0.000000 w=0.000 lr=7.153e-04 time=0.093s
[RQ-VAE] epoch=891 loss=0.00031440 recon=0.00007578 beh=0.000000 w=0.000 lr=7.149e-04 time=0.093s
[RQ-VAE] epoch=892 loss=0.00031620 recon=0.00007577 beh=0.000000 w=0.000 lr=7.146e-04 time=0.094s
[RQ-VAE] epoch=893 loss=0.00031456 recon=0.00007588 beh=0.000000 w=0.000 lr=7.142e-04 time=0.093s
[RQ-VAE] epoch=894 loss=0.00031411 recon=0.00007588 beh=0.000000 w=0.000 lr=7.139e-04 time=0.095s
[RQ-VAE] epoch=895 loss=0.00031543 recon=0.00007574 beh=0.000000 w=0.000 lr=7.136e-04 time=0.094s
[RQ-VAE] epoch=896 loss=0.00031401 recon=0.00007569 beh=0.000000 w=0.000 lr=7.132e-04 time=0.092s
[RQ-VAE] epoch=897 loss=0.00031336 recon=0.00007565 beh=0.000000 w=0.000 lr=7.129e-04 time=0.092s
[RQ-VAE] epoch=898 loss=0.00031306 recon=0.00007561 beh=0.000000 w=0.000 lr=7.125e-04 time=0.092s
[RQ-VAE] epoch=899 loss=0.00031389 recon=0.00007556 beh=0.000000 w=0.000 lr=7.122e-04 time=0.092s
[RQ-VAE] epoch=900 loss=0.00031318 recon=0.00007561 lr=7.119e-04 raw_unique=20302/24587 collision=0.174279 time=0.092s
[RQ-VAE] epoch=901 loss=0.00031278 recon=0.00007565 beh=0.000000 w=0.000 lr=7.115e-04 time=0.093s
[RQ-VAE] epoch=902 loss=0.00031232 recon=0.00007552 beh=0.000000 w=0.000 lr=7.112e-04 time=0.092s
[RQ-VAE] epoch=903 loss=0.00031433 recon=0.00007562 beh=0.000000 w=0.000 lr=7.108e-04 time=0.092s
[RQ-VAE] epoch=904 loss=0.00031490 recon=0.00007556 beh=0.000000 w=0.000 lr=7.105e-04 time=0.092s
[RQ-VAE] epoch=905 loss=0.00031367 recon=0.00007574 beh=0.000000 w=0.000 lr=7.102e-04 time=0.091s
[RQ-VAE] epoch=906 loss=0.00031572 recon=0.00007600 beh=0.000000 w=0.000 lr=7.098e-04 time=0.092s
[RQ-VAE] epoch=907 loss=0.00031489 recon=0.00007570 beh=0.000000 w=0.000 lr=7.095e-04 time=0.092s
[RQ-VAE] epoch=908 loss=0.00031507 recon=0.00007574 beh=0.000000 w=0.000 lr=7.092e-04 time=0.092s
[RQ-VAE] epoch=909 loss=0.00031384 recon=0.00007570 beh=0.000000 w=0.000 lr=7.088e-04 time=0.091s
[RQ-VAE] epoch=910 loss=0.00031393 recon=0.00007568 beh=0.000000 w=0.000 lr=7.085e-04 time=0.092s
[RQ-VAE] epoch=911 loss=0.00031530 recon=0.00007569 beh=0.000000 w=0.000 lr=7.081e-04 time=0.091s
[RQ-VAE] epoch=912 loss=0.00031519 recon=0.00007565 beh=0.000000 w=0.000 lr=7.078e-04 time=0.092s
[RQ-VAE] epoch=913 loss=0.00031376 recon=0.00007556 beh=0.000000 w=0.000 lr=7.075e-04 time=0.092s
[RQ-VAE] epoch=914 loss=0.00031498 recon=0.00007573 beh=0.000000 w=0.000 lr=7.071e-04 time=0.092s
[RQ-VAE] epoch=915 loss=0.00031611 recon=0.00007566 beh=0.000000 w=0.000 lr=7.068e-04 time=0.092s
[RQ-VAE] epoch=916 loss=0.00031536 recon=0.00007572 beh=0.000000 w=0.000 lr=7.064e-04 time=0.091s
[RQ-VAE] epoch=917 loss=0.00031576 recon=0.00007560 beh=0.000000 w=0.000 lr=7.061e-04 time=0.093s
[RQ-VAE] epoch=918 loss=0.00031500 recon=0.00007549 beh=0.000000 w=0.000 lr=7.058e-04 time=0.091s
[RQ-VAE] epoch=919 loss=0.00031477 recon=0.00007557 beh=0.000000 w=0.000 lr=7.054e-04 time=0.093s
[RQ-VAE] epoch=920 loss=0.00031442 recon=0.00007555 beh=0.000000 w=0.000 lr=7.051e-04 time=0.093s
[RQ-VAE] epoch=921 loss=0.00031317 recon=0.00007559 beh=0.000000 w=0.000 lr=7.047e-04 time=0.091s
[RQ-VAE] epoch=922 loss=0.00031636 recon=0.00007551 beh=0.000000 w=0.000 lr=7.044e-04 time=0.091s
[RQ-VAE] epoch=923 loss=0.00031615 recon=0.00007558 beh=0.000000 w=0.000 lr=7.041e-04 time=0.092s
[RQ-VAE] epoch=924 loss=0.00031640 recon=0.00007571 beh=0.000000 w=0.000 lr=7.037e-04 time=0.092s
[RQ-VAE] epoch=925 loss=0.00031572 recon=0.00007555 beh=0.000000 w=0.000 lr=7.034e-04 time=0.091s
[RQ-VAE] epoch=926 loss=0.00031639 recon=0.00007565 beh=0.000000 w=0.000 lr=7.031e-04 time=0.092s
[RQ-VAE] epoch=927 loss=0.00031765 recon=0.00007563 beh=0.000000 w=0.000 lr=7.027e-04 time=0.092s
[RQ-VAE] epoch=928 loss=0.00031681 recon=0.00007558 beh=0.000000 w=0.000 lr=7.024e-04 time=0.092s
[RQ-VAE] epoch=929 loss=0.00031757 recon=0.00007559 beh=0.000000 w=0.000 lr=7.020e-04 time=0.092s
[RQ-VAE] epoch=930 loss=0.00031592 recon=0.00007565 beh=0.000000 w=0.000 lr=7.017e-04 time=0.092s
[RQ-VAE] epoch=931 loss=0.00031886 recon=0.00007554 beh=0.000000 w=0.000 lr=7.014e-04 time=0.092s
[RQ-VAE] epoch=932 loss=0.00031720 recon=0.00007530 beh=0.000000 w=0.000 lr=7.010e-04 time=0.093s
[RQ-VAE] epoch=933 loss=0.00031642 recon=0.00007543 beh=0.000000 w=0.000 lr=7.007e-04 time=0.092s
[RQ-VAE] epoch=934 loss=0.00031560 recon=0.00007537 beh=0.000000 w=0.000 lr=7.003e-04 time=0.092s
[RQ-VAE] epoch=935 loss=0.00031826 recon=0.00007562 beh=0.000000 w=0.000 lr=7.000e-04 time=0.093s
[RQ-VAE] epoch=936 loss=0.00031988 recon=0.00007535 beh=0.000000 w=0.000 lr=6.997e-04 time=0.092s
[RQ-VAE] epoch=937 loss=0.00031845 recon=0.00007543 beh=0.000000 w=0.000 lr=6.993e-04 time=0.194s
[RQ-VAE] epoch=938 loss=0.00031683 recon=0.00007537 beh=0.000000 w=0.000 lr=6.990e-04 time=0.092s
[RQ-VAE] epoch=939 loss=0.00031692 recon=0.00007551 beh=0.000000 w=0.000 lr=6.986e-04 time=0.093s
[RQ-VAE] epoch=940 loss=0.00031678 recon=0.00007542 beh=0.000000 w=0.000 lr=6.983e-04 time=0.092s
[RQ-VAE] epoch=941 loss=0.00031430 recon=0.00007542 beh=0.000000 w=0.000 lr=6.980e-04 time=0.091s
[RQ-VAE] epoch=942 loss=0.00031489 recon=0.00007527 beh=0.000000 w=0.000 lr=6.976e-04 time=0.093s
[RQ-VAE] epoch=943 loss=0.00031532 recon=0.00007545 beh=0.000000 w=0.000 lr=6.973e-04 time=0.092s
[RQ-VAE] epoch=944 loss=0.00031584 recon=0.00007547 beh=0.000000 w=0.000 lr=6.969e-04 time=0.092s
[RQ-VAE] epoch=945 loss=0.00031558 recon=0.00007547 beh=0.000000 w=0.000 lr=6.966e-04 time=0.093s
[RQ-VAE] epoch=946 loss=0.00031564 recon=0.00007529 beh=0.000000 w=0.000 lr=6.963e-04 time=0.092s
[RQ-VAE] epoch=947 loss=0.00031673 recon=0.00007547 beh=0.000000 w=0.000 lr=6.959e-04 time=0.093s
[RQ-VAE] epoch=948 loss=0.00031735 recon=0.00007539 beh=0.000000 w=0.000 lr=6.956e-04 time=0.093s
[RQ-VAE] epoch=949 loss=0.00031575 recon=0.00007537 beh=0.000000 w=0.000 lr=6.953e-04 time=0.093s
[RQ-VAE] epoch=950 loss=0.00031485 recon=0.00007527 lr=6.949e-04 raw_unique=20545/24587 collision=0.164396 time=0.092s
[RQ-VAE] epoch=951 loss=0.00031595 recon=0.00007516 beh=0.000000 w=0.000 lr=6.946e-04 time=0.093s
[RQ-VAE] epoch=952 loss=0.00031423 recon=0.00007528 beh=0.000000 w=0.000 lr=6.942e-04 time=0.092s
[RQ-VAE] epoch=953 loss=0.00031605 recon=0.00007520 beh=0.000000 w=0.000 lr=6.939e-04 time=0.092s
[RQ-VAE] epoch=954 loss=0.00031548 recon=0.00007526 beh=0.000000 w=0.000 lr=6.936e-04 time=0.093s
[RQ-VAE] epoch=955 loss=0.00031395 recon=0.00007501 beh=0.000000 w=0.000 lr=6.932e-04 time=0.092s
[RQ-VAE] epoch=956 loss=0.00031326 recon=0.00007500 beh=0.000000 w=0.000 lr=6.929e-04 time=0.093s
[RQ-VAE] epoch=957 loss=0.00031454 recon=0.00007507 beh=0.000000 w=0.000 lr=6.925e-04 time=0.093s
[RQ-VAE] epoch=958 loss=0.00031447 recon=0.00007525 beh=0.000000 w=0.000 lr=6.922e-04 time=0.092s
[RQ-VAE] epoch=959 loss=0.00031611 recon=0.00007513 beh=0.000000 w=0.000 lr=6.919e-04 time=0.092s
[RQ-VAE] epoch=960 loss=0.00031564 recon=0.00007496 beh=0.000000 w=0.000 lr=6.915e-04 time=0.092s
[RQ-VAE] epoch=961 loss=0.00031568 recon=0.00007501 beh=0.000000 w=0.000 lr=6.912e-04 time=0.092s
[RQ-VAE] epoch=962 loss=0.00031340 recon=0.00007503 beh=0.000000 w=0.000 lr=6.908e-04 time=0.092s
[RQ-VAE] epoch=963 loss=0.00031482 recon=0.00007496 beh=0.000000 w=0.000 lr=6.905e-04 time=0.092s
[RQ-VAE] epoch=964 loss=0.00031573 recon=0.00007508 beh=0.000000 w=0.000 lr=6.902e-04 time=0.092s
[RQ-VAE] epoch=965 loss=0.00031569 recon=0.00007503 beh=0.000000 w=0.000 lr=6.898e-04 time=0.092s
[RQ-VAE] epoch=966 loss=0.00031492 recon=0.00007494 beh=0.000000 w=0.000 lr=6.895e-04 time=0.188s
[RQ-VAE] epoch=967 loss=0.00031548 recon=0.00007495 beh=0.000000 w=0.000 lr=6.892e-04 time=0.092s
[RQ-VAE] epoch=968 loss=0.00031418 recon=0.00007495 beh=0.000000 w=0.000 lr=6.888e-04 time=0.092s
[RQ-VAE] epoch=969 loss=0.00031368 recon=0.00007515 beh=0.000000 w=0.000 lr=6.885e-04 time=0.092s
[RQ-VAE] epoch=970 loss=0.00031454 recon=0.00007502 beh=0.000000 w=0.000 lr=6.881e-04 time=0.092s
[RQ-VAE] epoch=971 loss=0.00031543 recon=0.00007496 beh=0.000000 w=0.000 lr=6.878e-04 time=0.093s
[RQ-VAE] epoch=972 loss=0.00031504 recon=0.00007503 beh=0.000000 w=0.000 lr=6.875e-04 time=0.093s
[RQ-VAE] epoch=973 loss=0.00031518 recon=0.00007499 beh=0.000000 w=0.000 lr=6.871e-04 time=0.092s
[RQ-VAE] epoch=974 loss=0.00031527 recon=0.00007498 beh=0.000000 w=0.000 lr=6.868e-04 time=0.092s
[RQ-VAE] epoch=975 loss=0.00031604 recon=0.00007509 beh=0.000000 w=0.000 lr=6.864e-04 time=0.092s
[RQ-VAE] epoch=976 loss=0.00031530 recon=0.00007501 beh=0.000000 w=0.000 lr=6.861e-04 time=0.092s
[RQ-VAE] epoch=977 loss=0.00031581 recon=0.00007492 beh=0.000000 w=0.000 lr=6.858e-04 time=0.093s
[RQ-VAE] epoch=978 loss=0.00031572 recon=0.00007488 beh=0.000000 w=0.000 lr=6.854e-04 time=0.093s
[RQ-VAE] epoch=979 loss=0.00031520 recon=0.00007498 beh=0.000000 w=0.000 lr=6.851e-04 time=0.092s
[RQ-VAE] epoch=980 loss=0.00031770 recon=0.00007507 beh=0.000000 w=0.000 lr=6.847e-04 time=0.093s
[RQ-VAE] epoch=981 loss=0.00031668 recon=0.00007511 beh=0.000000 w=0.000 lr=6.844e-04 time=0.092s
[RQ-VAE] epoch=982 loss=0.00031762 recon=0.00007504 beh=0.000000 w=0.000 lr=6.841e-04 time=0.093s
[RQ-VAE] epoch=983 loss=0.00031579 recon=0.00007511 beh=0.000000 w=0.000 lr=6.837e-04 time=0.092s
[RQ-VAE] epoch=984 loss=0.00031730 recon=0.00007507 beh=0.000000 w=0.000 lr=6.834e-04 time=0.091s
[RQ-VAE] epoch=985 loss=0.00031757 recon=0.00007495 beh=0.000000 w=0.000 lr=6.831e-04 time=0.18s
[RQ-VAE] epoch=986 loss=0.00031578 recon=0.00007485 beh=0.000000 w=0.000 lr=6.827e-04 time=0.091s
[RQ-VAE] epoch=987 loss=0.00031691 recon=0.00007506 beh=0.000000 w=0.000 lr=6.824e-04 time=0.092s
[RQ-VAE] epoch=988 loss=0.00031673 recon=0.00007496 beh=0.000000 w=0.000 lr=6.820e-04 time=0.092s
[RQ-VAE] epoch=989 loss=0.00031714 recon=0.00007508 beh=0.000000 w=0.000 lr=6.817e-04 time=0.092s
[RQ-VAE] epoch=990 loss=0.00031740 recon=0.00007500 beh=0.000000 w=0.000 lr=6.814e-04 time=0.092s
[RQ-VAE] epoch=991 loss=0.00031635 recon=0.00007489 beh=0.000000 w=0.000 lr=6.810e-04 time=0.092s
[RQ-VAE] epoch=992 loss=0.00031677 recon=0.00007473 beh=0.000000 w=0.000 lr=6.807e-04 time=0.091s
[RQ-VAE] epoch=993 loss=0.00031594 recon=0.00007481 beh=0.000000 w=0.000 lr=6.803e-04 time=0.091s
[RQ-VAE] epoch=994 loss=0.00031631 recon=0.00007487 beh=0.000000 w=0.000 lr=6.800e-04 time=0.091s
[RQ-VAE] epoch=995 loss=0.00031875 recon=0.00007496 beh=0.000000 w=0.000 lr=6.797e-04 time=0.092s
[RQ-VAE] epoch=996 loss=0.00031920 recon=0.00007503 beh=0.000000 w=0.000 lr=6.793e-04 time=0.092s
[RQ-VAE] epoch=997 loss=0.00031787 recon=0.00007477 beh=0.000000 w=0.000 lr=6.790e-04 time=0.091s
[RQ-VAE] epoch=998 loss=0.00031908 recon=0.00007480 beh=0.000000 w=0.000 lr=6.786e-04 time=0.092s
[RQ-VAE] epoch=999 loss=0.00031828 recon=0.00007482 beh=0.000000 w=0.000 lr=6.783e-04 time=0.091s
[RQ-VAE] epoch=1000 loss=0.00031796 recon=0.00007485 lr=6.780e-04 raw_unique=20490/24587 collision=0.166633 time=0.181s
[RQ-VAE] epoch=1001 loss=0.00031786 recon=0.00007486 beh=0.000000 w=0.000 lr=6.776e-04 time=0.093s
[RQ-VAE] epoch=1002 loss=0.00031998 recon=0.00007482 beh=0.000000 w=0.000 lr=6.773e-04 time=0.092s
[RQ-VAE] epoch=1003 loss=0.00031954 recon=0.00007476 beh=0.000000 w=0.000 lr=6.769e-04 time=0.09s
[RQ-VAE] epoch=1004 loss=0.00031809 recon=0.00007482 beh=0.000000 w=0.000 lr=6.766e-04 time=0.092s
[RQ-VAE] epoch=1005 loss=0.00031770 recon=0.00007470 beh=0.000000 w=0.000 lr=6.763e-04 time=0.091s
[RQ-VAE] epoch=1006 loss=0.00031847 recon=0.00007469 beh=0.000000 w=0.000 lr=6.759e-04 time=0.093s
[RQ-VAE] epoch=1007 loss=0.00031717 recon=0.00007479 beh=0.000000 w=0.000 lr=6.756e-04 time=0.091s
[RQ-VAE] epoch=1008 loss=0.00031724 recon=0.00007468 beh=0.000000 w=0.000 lr=6.753e-04 time=0.092s
[RQ-VAE] epoch=1009 loss=0.00031740 recon=0.00007463 beh=0.000000 w=0.000 lr=6.749e-04 time=0.091s
[RQ-VAE] epoch=1010 loss=0.00031985 recon=0.00007445 beh=0.000000 w=0.000 lr=6.746e-04 time=0.091s
[RQ-VAE] epoch=1011 loss=0.00031777 recon=0.00007462 beh=0.000000 w=0.000 lr=6.742e-04 time=0.093s
[RQ-VAE] epoch=1012 loss=0.00031778 recon=0.00007455 beh=0.000000 w=0.000 lr=6.739e-04 time=0.092s
[RQ-VAE] epoch=1013 loss=0.00031827 recon=0.00007463 beh=0.000000 w=0.000 lr=6.736e-04 time=0.092s
[RQ-VAE] epoch=1014 loss=0.00031841 recon=0.00007451 beh=0.000000 w=0.000 lr=6.732e-04 time=0.091s
[RQ-VAE] epoch=1015 loss=0.00031753 recon=0.00007451 beh=0.000000 w=0.000 lr=6.729e-04 time=0.092s
[RQ-VAE] epoch=1016 loss=0.00031623 recon=0.00007463 beh=0.000000 w=0.000 lr=6.725e-04 time=0.091s
[RQ-VAE] epoch=1017 loss=0.00031748 recon=0.00007456 beh=0.000000 w=0.000 lr=6.722e-04 time=0.091s
[RQ-VAE] epoch=1018 loss=0.00031992 recon=0.00007452 beh=0.000000 w=0.000 lr=6.719e-04 time=0.092s
[RQ-VAE] epoch=1019 loss=0.00032033 recon=0.00007456 beh=0.000000 w=0.000 lr=6.715e-04 time=0.092s
[RQ-VAE] epoch=1020 loss=0.00031805 recon=0.00007465 beh=0.000000 w=0.000 lr=6.712e-04 time=0.093s
[RQ-VAE] epoch=1021 loss=0.00031692 recon=0.00007454 beh=0.000000 w=0.000 lr=6.708e-04 time=0.092s
[RQ-VAE] epoch=1022 loss=0.00031898 recon=0.00007458 beh=0.000000 w=0.000 lr=6.705e-04 time=0.091s
[RQ-VAE] epoch=1023 loss=0.00031950 recon=0.00007471 beh=0.000000 w=0.000 lr=6.702e-04 time=0.093s
[RQ-VAE] epoch=1024 loss=0.00031767 recon=0.00007470 beh=0.000000 w=0.000 lr=6.698e-04 time=0.091s
[RQ-VAE] epoch=1025 loss=0.00031754 recon=0.00007448 beh=0.000000 w=0.000 lr=6.695e-04 time=0.093s
[RQ-VAE] epoch=1026 loss=0.00031916 recon=0.00007455 beh=0.000000 w=0.000 lr=6.692e-04 time=0.092s
[RQ-VAE] epoch=1027 loss=0.00031979 recon=0.00007457 beh=0.000000 w=0.000 lr=6.688e-04 time=0.092s
[RQ-VAE] epoch=1028 loss=0.00031731 recon=0.00007460 beh=0.000000 w=0.000 lr=6.685e-04 time=0.092s
[RQ-VAE] epoch=1029 loss=0.00031708 recon=0.00007454 beh=0.000000 w=0.000 lr=6.681e-04 time=0.092s
[RQ-VAE] epoch=1030 loss=0.00031955 recon=0.00007437 beh=0.000000 w=0.000 lr=6.678e-04 time=0.092s
[RQ-VAE] epoch=1031 loss=0.00031969 recon=0.00007441 beh=0.000000 w=0.000 lr=6.675e-04 time=0.092s
[RQ-VAE] epoch=1032 loss=0.00031855 recon=0.00007442 beh=0.000000 w=0.000 lr=6.671e-04 time=0.092s
[RQ-VAE] epoch=1033 loss=0.00031772 recon=0.00007452 beh=0.000000 w=0.000 lr=6.668e-04 time=0.093s
[RQ-VAE] epoch=1034 loss=0.00031809 recon=0.00007452 beh=0.000000 w=0.000 lr=6.664e-04 time=0.093s
[RQ-VAE] epoch=1035 loss=0.00031899 recon=0.00007459 beh=0.000000 w=0.000 lr=6.661e-04 time=0.092s
[RQ-VAE] epoch=1036 loss=0.00031775 recon=0.00007443 beh=0.000000 w=0.000 lr=6.658e-04 time=0.092s
[RQ-VAE] epoch=1037 loss=0.00031821 recon=0.00007434 beh=0.000000 w=0.000 lr=6.654e-04 time=0.094s
[RQ-VAE] epoch=1038 loss=0.00031767 recon=0.00007444 beh=0.000000 w=0.000 lr=6.651e-04 time=0.093s
[RQ-VAE] epoch=1039 loss=0.00031840 recon=0.00007444 beh=0.000000 w=0.000 lr=6.647e-04 time=0.092s
[RQ-VAE] epoch=1040 loss=0.00032033 recon=0.00007451 beh=0.000000 w=0.000 lr=6.644e-04 time=0.092s
[RQ-VAE] epoch=1041 loss=0.00031886 recon=0.00007443 beh=0.000000 w=0.000 lr=6.641e-04 time=0.093s
[RQ-VAE] epoch=1042 loss=0.00031955 recon=0.00007447 beh=0.000000 w=0.000 lr=6.637e-04 time=0.092s
[RQ-VAE] epoch=1043 loss=0.00032019 recon=0.00007444 beh=0.000000 w=0.000 lr=6.634e-04 time=0.092s
[RQ-VAE] epoch=1044 loss=0.00031990 recon=0.00007487 beh=0.000000 w=0.000 lr=6.631e-04 time=0.093s
[RQ-VAE] epoch=1045 loss=0.00031961 recon=0.00007444 beh=0.000000 w=0.000 lr=6.627e-04 time=0.092s
[RQ-VAE] epoch=1046 loss=0.00032034 recon=0.00007441 beh=0.000000 w=0.000 lr=6.624e-04 time=0.091s
[RQ-VAE] epoch=1047 loss=0.00032135 recon=0.00007452 beh=0.000000 w=0.000 lr=6.620e-04 time=0.092s
[RQ-VAE] epoch=1048 loss=0.00031995 recon=0.00007457 beh=0.000000 w=0.000 lr=6.617e-04 time=0.093s
[RQ-VAE] epoch=1049 loss=0.00031928 recon=0.00007452 beh=0.000000 w=0.000 lr=6.614e-04 time=0.092s
[RQ-VAE] epoch=1050 loss=0.00032022 recon=0.00007452 lr=6.610e-04 raw_unique=20462/24587 collision=0.167772 time=0.093s
[RQ-VAE] epoch=1051 loss=0.00032283 recon=0.00007456 beh=0.000000 w=0.000 lr=6.607e-04 time=0.094s
[RQ-VAE] epoch=1052 loss=0.00032170 recon=0.00007466 beh=0.000000 w=0.000 lr=6.603e-04 time=0.092s
[RQ-VAE] epoch=1053 loss=0.00032342 recon=0.00007443 beh=0.000000 w=0.000 lr=6.600e-04 time=0.092s
[RQ-VAE] epoch=1054 loss=0.00032055 recon=0.00007444 beh=0.000000 w=0.000 lr=6.597e-04 time=0.092s
[RQ-VAE] epoch=1055 loss=0.00031991 recon=0.00007459 beh=0.000000 w=0.000 lr=6.593e-04 time=0.092s
[RQ-VAE] epoch=1056 loss=0.00032112 recon=0.00007447 beh=0.000000 w=0.000 lr=6.590e-04 time=0.093s
[RQ-VAE] epoch=1057 loss=0.00032148 recon=0.00007449 beh=0.000000 w=0.000 lr=6.586e-04 time=0.184s
[RQ-VAE] epoch=1058 loss=0.00032302 recon=0.00007439 beh=0.000000 w=0.000 lr=6.583e-04 time=0.093s
[RQ-VAE] epoch=1059 loss=0.00032087 recon=0.00007446 beh=0.000000 w=0.000 lr=6.580e-04 time=0.093s
[RQ-VAE] epoch=1060 loss=0.00032098 recon=0.00007440 beh=0.000000 w=0.000 lr=6.576e-04 time=0.092s
[RQ-VAE] epoch=1061 loss=0.00032158 recon=0.00007445 beh=0.000000 w=0.000 lr=6.573e-04 time=0.093s
[RQ-VAE] epoch=1062 loss=0.00032209 recon=0.00007432 beh=0.000000 w=0.000 lr=6.569e-04 time=0.093s
[RQ-VAE] epoch=1063 loss=0.00032156 recon=0.00007436 beh=0.000000 w=0.000 lr=6.566e-04 time=0.092s
[RQ-VAE] epoch=1064 loss=0.00031984 recon=0.00007423 beh=0.000000 w=0.000 lr=6.563e-04 time=0.092s
[RQ-VAE] epoch=1065 loss=0.00032084 recon=0.00007442 beh=0.000000 w=0.000 lr=6.559e-04 time=0.092s
[RQ-VAE] epoch=1066 loss=0.00032092 recon=0.00007429 beh=0.000000 w=0.000 lr=6.556e-04 time=0.092s
[RQ-VAE] epoch=1067 loss=0.00032140 recon=0.00007463 beh=0.000000 w=0.000 lr=6.553e-04 time=0.093s
[RQ-VAE] epoch=1068 loss=0.00032239 recon=0.00007429 beh=0.000000 w=0.000 lr=6.549e-04 time=0.093s
[RQ-VAE] epoch=1069 loss=0.00032113 recon=0.00007438 beh=0.000000 w=0.000 lr=6.546e-04 time=0.092s
[RQ-VAE] epoch=1070 loss=0.00032010 recon=0.00007427 beh=0.000000 w=0.000 lr=6.542e-04 time=0.093s
[RQ-VAE] epoch=1071 loss=0.00032024 recon=0.00007419 beh=0.000000 w=0.000 lr=6.539e-04 time=0.092s
[RQ-VAE] epoch=1072 loss=0.00032132 recon=0.00007415 beh=0.000000 w=0.000 lr=6.536e-04 time=0.092s
[RQ-VAE] epoch=1073 loss=0.00032139 recon=0.00007436 beh=0.000000 w=0.000 lr=6.532e-04 time=0.092s
[RQ-VAE] epoch=1074 loss=0.00032148 recon=0.00007441 beh=0.000000 w=0.000 lr=6.529e-04 time=0.092s
[RQ-VAE] epoch=1075 loss=0.00032156 recon=0.00007445 beh=0.000000 w=0.000 lr=6.525e-04 time=0.092s
[RQ-VAE] epoch=1076 loss=0.00032225 recon=0.00007439 beh=0.000000 w=0.000 lr=6.522e-04 time=0.092s
[RQ-VAE] epoch=1077 loss=0.00032203 recon=0.00007436 beh=0.000000 w=0.000 lr=6.519e-04 time=0.092s
[RQ-VAE] epoch=1078 loss=0.00032134 recon=0.00007422 beh=0.000000 w=0.000 lr=6.515e-04 time=0.092s
[RQ-VAE] epoch=1079 loss=0.00031990 recon=0.00007427 beh=0.000000 w=0.000 lr=6.512e-04 time=0.092s
[RQ-VAE] epoch=1080 loss=0.00032164 recon=0.00007432 beh=0.000000 w=0.000 lr=6.508e-04 time=0.092s
[RQ-VAE] epoch=1081 loss=0.00032177 recon=0.00007432 beh=0.000000 w=0.000 lr=6.505e-04 time=0.093s
[RQ-VAE] epoch=1082 loss=0.00032158 recon=0.00007436 beh=0.000000 w=0.000 lr=6.502e-04 time=0.093s
[RQ-VAE] epoch=1083 loss=0.00032078 recon=0.00007433 beh=0.000000 w=0.000 lr=6.498e-04 time=0.092s
[RQ-VAE] epoch=1084 loss=0.00032143 recon=0.00007428 beh=0.000000 w=0.000 lr=6.495e-04 time=0.093s
[RQ-VAE] epoch=1085 loss=0.00032262 recon=0.00007416 beh=0.000000 w=0.000 lr=6.492e-04 time=0.093s
[RQ-VAE] epoch=1086 loss=0.00032202 recon=0.00007416 beh=0.000000 w=0.000 lr=6.488e-04 time=0.18s
[RQ-VAE] epoch=1087 loss=0.00031903 recon=0.00007417 beh=0.000000 w=0.000 lr=6.485e-04 time=0.093s
[RQ-VAE] epoch=1088 loss=0.00031915 recon=0.00007421 beh=0.000000 w=0.000 lr=6.481e-04 time=0.093s
[RQ-VAE] epoch=1089 loss=0.00031849 recon=0.00007393 beh=0.000000 w=0.000 lr=6.478e-04 time=0.093s
[RQ-VAE] epoch=1090 loss=0.00031803 recon=0.00007383 beh=0.000000 w=0.000 lr=6.475e-04 time=0.092s
[RQ-VAE] epoch=1091 loss=0.00031793 recon=0.00007407 beh=0.000000 w=0.000 lr=6.471e-04 time=0.092s
[RQ-VAE] epoch=1092 loss=0.00031753 recon=0.00007410 beh=0.000000 w=0.000 lr=6.468e-04 time=0.093s
[RQ-VAE] epoch=1093 loss=0.00031656 recon=0.00007386 beh=0.000000 w=0.000 lr=6.464e-04 time=0.093s
[RQ-VAE] epoch=1094 loss=0.00031755 recon=0.00007404 beh=0.000000 w=0.000 lr=6.461e-04 time=0.092s
[RQ-VAE] epoch=1095 loss=0.00031806 recon=0.00007385 beh=0.000000 w=0.000 lr=6.458e-04 time=0.092s
[RQ-VAE] epoch=1096 loss=0.00031983 recon=0.00007411 beh=0.000000 w=0.000 lr=6.454e-04 time=0.093s
[RQ-VAE] epoch=1097 loss=0.00031740 recon=0.00007403 beh=0.000000 w=0.000 lr=6.451e-04 time=0.092s
[RQ-VAE] epoch=1098 loss=0.00031814 recon=0.00007392 beh=0.000000 w=0.000 lr=6.447e-04 time=0.092s
[RQ-VAE] epoch=1099 loss=0.00032007 recon=0.00007386 beh=0.000000 w=0.000 lr=6.444e-04 time=0.093s
[RQ-VAE] epoch=1100 loss=0.00032050 recon=0.00007401 lr=6.441e-04 raw_unique=20253/24587 collision=0.176272 time=0.093s
[RQ-VAE] epoch=1101 loss=0.00031771 recon=0.00007399 beh=0.000000 w=0.000 lr=6.437e-04 time=0.094s
[RQ-VAE] epoch=1102 loss=0.00031620 recon=0.00007405 beh=0.000000 w=0.000 lr=6.434e-04 time=0.091s
[RQ-VAE] epoch=1103 loss=0.00031857 recon=0.00007406 beh=0.000000 w=0.000 lr=6.431e-04 time=0.092s
[RQ-VAE] epoch=1104 loss=0.00031895 recon=0.00007384 beh=0.000000 w=0.000 lr=6.427e-04 time=0.093s
[RQ-VAE] epoch=1105 loss=0.00031935 recon=0.00007397 beh=0.000000 w=0.000 lr=6.424e-04 time=0.092s
[RQ-VAE] epoch=1106 loss=0.00031929 recon=0.00007400 beh=0.000000 w=0.000 lr=6.420e-04 time=0.182s
[RQ-VAE] epoch=1107 loss=0.00031984 recon=0.00007411 beh=0.000000 w=0.000 lr=6.417e-04 time=0.092s
[RQ-VAE] epoch=1108 loss=0.00031922 recon=0.00007402 beh=0.000000 w=0.000 lr=6.414e-04 time=0.092s
[RQ-VAE] epoch=1109 loss=0.00031718 recon=0.00007373 beh=0.000000 w=0.000 lr=6.410e-04 time=0.093s
[RQ-VAE] epoch=1110 loss=0.00031825 recon=0.00007397 beh=0.000000 w=0.000 lr=6.407e-04 time=0.094s
[RQ-VAE] epoch=1111 loss=0.00031941 recon=0.00007379 beh=0.000000 w=0.000 lr=6.403e-04 time=0.094s
[RQ-VAE] epoch=1112 loss=0.00031910 recon=0.00007389 beh=0.000000 w=0.000 lr=6.400e-04 time=0.092s
[RQ-VAE] epoch=1113 loss=0.00032129 recon=0.00007416 beh=0.000000 w=0.000 lr=6.397e-04 time=0.092s
[RQ-VAE] epoch=1114 loss=0.00032070 recon=0.00007386 beh=0.000000 w=0.000 lr=6.393e-04 time=0.092s
[RQ-VAE] epoch=1115 loss=0.00032035 recon=0.00007388 beh=0.000000 w=0.000 lr=6.390e-04 time=0.093s
[RQ-VAE] epoch=1116 loss=0.00032014 recon=0.00007373 beh=0.000000 w=0.000 lr=6.386e-04 time=0.092s
[RQ-VAE] epoch=1117 loss=0.00031910 recon=0.00007378 beh=0.000000 w=0.000 lr=6.383e-04 time=0.094s
[RQ-VAE] epoch=1118 loss=0.00032072 recon=0.00007394 beh=0.000000 w=0.000 lr=6.380e-04 time=0.093s
[RQ-VAE] epoch=1119 loss=0.00032122 recon=0.00007376 beh=0.000000 w=0.000 lr=6.376e-04 time=0.092s
[RQ-VAE] epoch=1120 loss=0.00032113 recon=0.00007375 beh=0.000000 w=0.000 lr=6.373e-04 time=0.092s
[RQ-VAE] epoch=1121 loss=0.00032064 recon=0.00007414 beh=0.000000 w=0.000 lr=6.369e-04 time=0.188s
[RQ-VAE] epoch=1122 loss=0.00032139 recon=0.00007389 beh=0.000000 w=0.000 lr=6.366e-04 time=0.093s
[RQ-VAE] epoch=1123 loss=0.00032165 recon=0.00007391 beh=0.000000 w=0.000 lr=6.363e-04 time=0.093s
[RQ-VAE] epoch=1124 loss=0.00032131 recon=0.00007388 beh=0.000000 w=0.000 lr=6.359e-04 time=0.093s
[RQ-VAE] epoch=1125 loss=0.00031916 recon=0.00007375 beh=0.000000 w=0.000 lr=6.356e-04 time=0.092s
[RQ-VAE] epoch=1126 loss=0.00032010 recon=0.00007374 beh=0.000000 w=0.000 lr=6.353e-04 time=0.093s
[RQ-VAE] epoch=1127 loss=0.00031993 recon=0.00007380 beh=0.000000 w=0.000 lr=6.349e-04 time=0.092s
[RQ-VAE] epoch=1128 loss=0.00032131 recon=0.00007372 beh=0.000000 w=0.000 lr=6.346e-04 time=0.092s
[RQ-VAE] epoch=1129 loss=0.00032064 recon=0.00007368 beh=0.000000 w=0.000 lr=6.342e-04 time=0.092s
[RQ-VAE] epoch=1130 loss=0.00032058 recon=0.00007376 beh=0.000000 w=0.000 lr=6.339e-04 time=0.092s
[RQ-VAE] epoch=1131 loss=0.00032077 recon=0.00007362 beh=0.000000 w=0.000 lr=6.336e-04 time=0.093s
[RQ-VAE] epoch=1132 loss=0.00031821 recon=0.00007375 beh=0.000000 w=0.000 lr=6.332e-04 time=0.094s
[RQ-VAE] epoch=1133 loss=0.00031856 recon=0.00007363 beh=0.000000 w=0.000 lr=6.329e-04 time=0.092s
[RQ-VAE] epoch=1134 loss=0.00031939 recon=0.00007361 beh=0.000000 w=0.000 lr=6.325e-04 time=0.092s
[RQ-VAE] epoch=1135 loss=0.00031986 recon=0.00007374 beh=0.000000 w=0.000 lr=6.322e-04 time=0.094s
[RQ-VAE] epoch=1136 loss=0.00032002 recon=0.00007365 beh=0.000000 w=0.000 lr=6.319e-04 time=0.093s
[RQ-VAE] epoch=1137 loss=0.00032000 recon=0.00007391 beh=0.000000 w=0.000 lr=6.315e-04 time=0.092s
[RQ-VAE] epoch=1138 loss=0.00031896 recon=0.00007368 beh=0.000000 w=0.000 lr=6.312e-04 time=0.092s
[RQ-VAE] epoch=1139 loss=0.00031996 recon=0.00007371 beh=0.000000 w=0.000 lr=6.308e-04 time=0.091s
[RQ-VAE] epoch=1140 loss=0.00032054 recon=0.00007373 beh=0.000000 w=0.000 lr=6.305e-04 time=0.093s
[RQ-VAE] epoch=1141 loss=0.00031893 recon=0.00007379 beh=0.000000 w=0.000 lr=6.302e-04 time=0.091s
[RQ-VAE] epoch=1142 loss=0.00032046 recon=0.00007373 beh=0.000000 w=0.000 lr=6.298e-04 time=0.092s
[RQ-VAE] epoch=1143 loss=0.00032191 recon=0.00007376 beh=0.000000 w=0.000 lr=6.295e-04 time=0.092s
[RQ-VAE] epoch=1144 loss=0.00032056 recon=0.00007373 beh=0.000000 w=0.000 lr=6.292e-04 time=0.092s
[RQ-VAE] epoch=1145 loss=0.00032025 recon=0.00007369 beh=0.000000 w=0.000 lr=6.288e-04 time=0.092s
[RQ-VAE] epoch=1146 loss=0.00031744 recon=0.00007388 beh=0.000000 w=0.000 lr=6.285e-04 time=0.091s
[RQ-VAE] epoch=1147 loss=0.00031776 recon=0.00007350 beh=0.000000 w=0.000 lr=6.281e-04 time=0.092s
[RQ-VAE] epoch=1148 loss=0.00031865 recon=0.00007345 beh=0.000000 w=0.000 lr=6.278e-04 time=0.093s
[RQ-VAE] epoch=1149 loss=0.00031877 recon=0.00007328 beh=0.000000 w=0.000 lr=6.275e-04 time=0.093s
[RQ-VAE] epoch=1150 loss=0.00031810 recon=0.00007354 lr=6.271e-04 raw_unique=20339/24587 collision=0.172774 time=0.093s
[RQ-VAE] epoch=1151 loss=0.00031822 recon=0.00007361 beh=0.000000 w=0.000 lr=6.268e-04 time=0.092s
[RQ-VAE] epoch=1152 loss=0.00031846 recon=0.00007360 beh=0.000000 w=0.000 lr=6.264e-04 time=0.092s
[RQ-VAE] epoch=1153 loss=0.00031939 recon=0.00007335 beh=0.000000 w=0.000 lr=6.261e-04 time=0.092s
[RQ-VAE] epoch=1154 loss=0.00031886 recon=0.00007344 beh=0.000000 w=0.000 lr=6.258e-04 time=0.092s
[RQ-VAE] epoch=1155 loss=0.00031777 recon=0.00007339 beh=0.000000 w=0.000 lr=6.254e-04 time=0.092s
[RQ-VAE] epoch=1156 loss=0.00031934 recon=0.00007335 beh=0.000000 w=0.000 lr=6.251e-04 time=0.092s
[RQ-VAE] epoch=1157 loss=0.00031988 recon=0.00007339 beh=0.000000 w=0.000 lr=6.247e-04 time=0.092s
[RQ-VAE] epoch=1158 loss=0.00031903 recon=0.00007337 beh=0.000000 w=0.000 lr=6.244e-04 time=0.092s
[RQ-VAE] epoch=1159 loss=0.00032014 recon=0.00007334 beh=0.000000 w=0.000 lr=6.241e-04 time=0.093s
[RQ-VAE] epoch=1160 loss=0.00032040 recon=0.00007340 beh=0.000000 w=0.000 lr=6.237e-04 time=0.092s
[RQ-VAE] epoch=1161 loss=0.00031851 recon=0.00007349 beh=0.000000 w=0.000 lr=6.234e-04 time=0.092s
[RQ-VAE] epoch=1162 loss=0.00031980 recon=0.00007333 beh=0.000000 w=0.000 lr=6.231e-04 time=0.092s
[RQ-VAE] epoch=1163 loss=0.00031902 recon=0.00007346 beh=0.000000 w=0.000 lr=6.227e-04 time=0.091s
[RQ-VAE] epoch=1164 loss=0.00031883 recon=0.00007334 beh=0.000000 w=0.000 lr=6.224e-04 time=0.092s
[RQ-VAE] epoch=1165 loss=0.00032026 recon=0.00007335 beh=0.000000 w=0.000 lr=6.220e-04 time=0.093s
[RQ-VAE] epoch=1166 loss=0.00031835 recon=0.00007314 beh=0.000000 w=0.000 lr=6.217e-04 time=0.091s
[RQ-VAE] epoch=1167 loss=0.00031824 recon=0.00007341 beh=0.000000 w=0.000 lr=6.214e-04 time=0.091s
[RQ-VAE] epoch=1168 loss=0.00032082 recon=0.00007340 beh=0.000000 w=0.000 lr=6.210e-04 time=0.092s
[RQ-VAE] epoch=1169 loss=0.00032142 recon=0.00007334 beh=0.000000 w=0.000 lr=6.207e-04 time=0.092s
[RQ-VAE] epoch=1170 loss=0.00031987 recon=0.00007321 beh=0.000000 w=0.000 lr=6.203e-04 time=0.092s
[RQ-VAE] epoch=1171 loss=0.00031944 recon=0.00007334 beh=0.000000 w=0.000 lr=6.200e-04 time=0.093s
[RQ-VAE] epoch=1172 loss=0.00031997 recon=0.00007326 beh=0.000000 w=0.000 lr=6.197e-04 time=0.094s
[RQ-VAE] epoch=1173 loss=0.00031865 recon=0.00007326 beh=0.000000 w=0.000 lr=6.193e-04 time=0.092s
[RQ-VAE] epoch=1174 loss=0.00031864 recon=0.00007313 beh=0.000000 w=0.000 lr=6.190e-04 time=0.093s
[RQ-VAE] epoch=1175 loss=0.00031850 recon=0.00007324 beh=0.000000 w=0.000 lr=6.186e-04 time=0.092s
[RQ-VAE] epoch=1176 loss=0.00031775 recon=0.00007318 beh=0.000000 w=0.000 lr=6.183e-04 time=0.092s
[RQ-VAE] epoch=1177 loss=0.00031790 recon=0.00007314 beh=0.000000 w=0.000 lr=6.180e-04 time=0.092s
[RQ-VAE] epoch=1178 loss=0.00031803 recon=0.00007326 beh=0.000000 w=0.000 lr=6.176e-04 time=0.185s
[RQ-VAE] epoch=1179 loss=0.00032081 recon=0.00007331 beh=0.000000 w=0.000 lr=6.173e-04 time=0.093s
[RQ-VAE] epoch=1180 loss=0.00031813 recon=0.00007316 beh=0.000000 w=0.000 lr=6.169e-04 time=0.093s
[RQ-VAE] epoch=1181 loss=0.00031812 recon=0.00007306 beh=0.000000 w=0.000 lr=6.166e-04 time=0.092s
[RQ-VAE] epoch=1182 loss=0.00031949 recon=0.00007304 beh=0.000000 w=0.000 lr=6.163e-04 time=0.092s
[RQ-VAE] epoch=1183 loss=0.00031922 recon=0.00007306 beh=0.000000 w=0.000 lr=6.159e-04 time=0.091s
[RQ-VAE] epoch=1184 loss=0.00031854 recon=0.00007308 beh=0.000000 w=0.000 lr=6.156e-04 time=0.092s
[RQ-VAE] epoch=1185 loss=0.00032028 recon=0.00007330 beh=0.000000 w=0.000 lr=6.153e-04 time=0.092s
[RQ-VAE] epoch=1186 loss=0.00032194 recon=0.00007308 beh=0.000000 w=0.000 lr=6.149e-04 time=0.092s
[RQ-VAE] epoch=1187 loss=0.00032060 recon=0.00007312 beh=0.000000 w=0.000 lr=6.146e-04 time=0.092s
[RQ-VAE] epoch=1188 loss=0.00032095 recon=0.00007319 beh=0.000000 w=0.000 lr=6.142e-04 time=0.092s
[RQ-VAE] epoch=1189 loss=0.00032072 recon=0.00007318 beh=0.000000 w=0.000 lr=6.139e-04 time=0.092s
[RQ-VAE] epoch=1190 loss=0.00032049 recon=0.00007313 beh=0.000000 w=0.000 lr=6.136e-04 time=0.093s
[RQ-VAE] epoch=1191 loss=0.00032292 recon=0.00007313 beh=0.000000 w=0.000 lr=6.132e-04 time=0.092s
[RQ-VAE] epoch=1192 loss=0.00032370 recon=0.00007322 beh=0.000000 w=0.000 lr=6.129e-04 time=0.092s
[RQ-VAE] epoch=1193 loss=0.00032419 recon=0.00007324 beh=0.000000 w=0.000 lr=6.125e-04 time=0.093s
[RQ-VAE] epoch=1194 loss=0.00032449 recon=0.00007328 beh=0.000000 w=0.000 lr=6.122e-04 time=0.091s
[RQ-VAE] epoch=1195 loss=0.00032273 recon=0.00007316 beh=0.000000 w=0.000 lr=6.119e-04 time=0.093s
[RQ-VAE] epoch=1196 loss=0.00032421 recon=0.00007327 beh=0.000000 w=0.000 lr=6.115e-04 time=0.093s
[RQ-VAE] epoch=1197 loss=0.00032473 recon=0.00007321 beh=0.000000 w=0.000 lr=6.112e-04 time=0.093s
[RQ-VAE] epoch=1198 loss=0.00032380 recon=0.00007324 beh=0.000000 w=0.000 lr=6.108e-04 time=0.092s
[RQ-VAE] epoch=1199 loss=0.00032326 recon=0.00007308 beh=0.000000 w=0.000 lr=6.105e-04 time=0.093s
[RQ-VAE] epoch=1200 loss=0.00032235 recon=0.00007313 lr=6.102e-04 raw_unique=20287/24587 collision=0.174889 time=0.092s
[RQ-VAE] epoch=1201 loss=0.00032424 recon=0.00007327 beh=0.000000 w=0.000 lr=6.098e-04 time=0.094s
[RQ-VAE] epoch=1202 loss=0.00032167 recon=0.00007310 beh=0.000000 w=0.000 lr=6.095e-04 time=0.093s
[RQ-VAE] epoch=1203 loss=0.00032071 recon=0.00007324 beh=0.000000 w=0.000 lr=6.092e-04 time=0.094s
[RQ-VAE] epoch=1204 loss=0.00032297 recon=0.00007325 beh=0.000000 w=0.000 lr=6.088e-04 time=0.092s
[RQ-VAE] epoch=1205 loss=0.00032319 recon=0.00007315 beh=0.000000 w=0.000 lr=6.085e-04 time=0.094s
[RQ-VAE] epoch=1206 loss=0.00032158 recon=0.00007315 beh=0.000000 w=0.000 lr=6.081e-04 time=0.092s
[RQ-VAE] epoch=1207 loss=0.00032324 recon=0.00007312 beh=0.000000 w=0.000 lr=6.078e-04 time=0.182s
[RQ-VAE] epoch=1208 loss=0.00032257 recon=0.00007329 beh=0.000000 w=0.000 lr=6.075e-04 time=0.092s
[RQ-VAE] epoch=1209 loss=0.00032070 recon=0.00007307 beh=0.000000 w=0.000 lr=6.071e-04 time=0.091s
[RQ-VAE] epoch=1210 loss=0.00032052 recon=0.00007303 beh=0.000000 w=0.000 lr=6.068e-04 time=0.092s
[RQ-VAE] epoch=1211 loss=0.00032033 recon=0.00007304 beh=0.000000 w=0.000 lr=6.064e-04 time=0.092s
[RQ-VAE] epoch=1212 loss=0.00032085 recon=0.00007309 beh=0.000000 w=0.000 lr=6.061e-04 time=0.092s
[RQ-VAE] epoch=1213 loss=0.00032073 recon=0.00007314 beh=0.000000 w=0.000 lr=6.058e-04 time=0.092s
[RQ-VAE] epoch=1214 loss=0.00032060 recon=0.00007304 beh=0.000000 w=0.000 lr=6.054e-04 time=0.093s
[RQ-VAE] epoch=1215 loss=0.00032077 recon=0.00007312 beh=0.000000 w=0.000 lr=6.051e-04 time=0.093s
[RQ-VAE] epoch=1216 loss=0.00032078 recon=0.00007304 beh=0.000000 w=0.000 lr=6.047e-04 time=0.093s
[RQ-VAE] epoch=1217 loss=0.00031976 recon=0.00007310 beh=0.000000 w=0.000 lr=6.044e-04 time=0.093s
[RQ-VAE] epoch=1218 loss=0.00032094 recon=0.00007292 beh=0.000000 w=0.000 lr=6.041e-04 time=0.094s
[RQ-VAE] epoch=1219 loss=0.00032058 recon=0.00007277 beh=0.000000 w=0.000 lr=6.037e-04 time=0.091s
[RQ-VAE] epoch=1220 loss=0.00032106 recon=0.00007291 beh=0.000000 w=0.000 lr=6.034e-04 time=0.092s
[RQ-VAE] epoch=1221 loss=0.00032063 recon=0.00007283 beh=0.000000 w=0.000 lr=6.031e-04 time=0.092s
[RQ-VAE] epoch=1222 loss=0.00032173 recon=0.00007273 beh=0.000000 w=0.000 lr=6.027e-04 time=0.093s
[RQ-VAE] epoch=1223 loss=0.00032228 recon=0.00007279 beh=0.000000 w=0.000 lr=6.024e-04 time=0.093s
[RQ-VAE] epoch=1224 loss=0.00032065 recon=0.00007279 beh=0.000000 w=0.000 lr=6.020e-04 time=0.092s
[RQ-VAE] epoch=1225 loss=0.00032131 recon=0.00007284 beh=0.000000 w=0.000 lr=6.017e-04 time=0.092s
[RQ-VAE] epoch=1226 loss=0.00031935 recon=0.00007269 beh=0.000000 w=0.000 lr=6.014e-04 time=0.093s
[RQ-VAE] epoch=1227 loss=0.00032073 recon=0.00007290 beh=0.000000 w=0.000 lr=6.010e-04 time=0.195s
[RQ-VAE] epoch=1228 loss=0.00032304 recon=0.00007289 beh=0.000000 w=0.000 lr=6.007e-04 time=0.093s
[RQ-VAE] epoch=1229 loss=0.00032268 recon=0.00007259 beh=0.000000 w=0.000 lr=6.003e-04 time=0.092s
[RQ-VAE] epoch=1230 loss=0.00031968 recon=0.00007279 beh=0.000000 w=0.000 lr=6.000e-04 time=0.092s
[RQ-VAE] epoch=1231 loss=0.00032094 recon=0.00007287 beh=0.000000 w=0.000 lr=5.997e-04 time=0.092s
[RQ-VAE] epoch=1232 loss=0.00032189 recon=0.00007262 beh=0.000000 w=0.000 lr=5.993e-04 time=0.092s
[RQ-VAE] epoch=1233 loss=0.00032229 recon=0.00007268 beh=0.000000 w=0.000 lr=5.990e-04 time=0.093s
[RQ-VAE] epoch=1234 loss=0.00032129 recon=0.00007280 beh=0.000000 w=0.000 lr=5.986e-04 time=0.091s
[RQ-VAE] epoch=1235 loss=0.00032203 recon=0.00007274 beh=0.000000 w=0.000 lr=5.983e-04 time=0.092s
[RQ-VAE] epoch=1236 loss=0.00032054 recon=0.00007276 beh=0.000000 w=0.000 lr=5.980e-04 time=0.092s
[RQ-VAE] epoch=1237 loss=0.00032078 recon=0.00007257 beh=0.000000 w=0.000 lr=5.976e-04 time=0.092s
[RQ-VAE] epoch=1238 loss=0.00031988 recon=0.00007263 beh=0.000000 w=0.000 lr=5.973e-04 time=0.092s
[RQ-VAE] epoch=1239 loss=0.00032141 recon=0.00007277 beh=0.000000 w=0.000 lr=5.969e-04 time=0.092s
[RQ-VAE] epoch=1240 loss=0.00032049 recon=0.00007277 beh=0.000000 w=0.000 lr=5.966e-04 time=0.093s
[RQ-VAE] epoch=1241 loss=0.00031907 recon=0.00007268 beh=0.000000 w=0.000 lr=5.963e-04 time=0.092s
[RQ-VAE] epoch=1242 loss=0.00032143 recon=0.00007260 beh=0.000000 w=0.000 lr=5.959e-04 time=0.183s
[RQ-VAE] epoch=1243 loss=0.00032004 recon=0.00007266 beh=0.000000 w=0.000 lr=5.956e-04 time=0.092s
[RQ-VAE] epoch=1244 loss=0.00032002 recon=0.00007287 beh=0.000000 w=0.000 lr=5.953e-04 time=0.092s
[RQ-VAE] epoch=1245 loss=0.00032034 recon=0.00007269 beh=0.000000 w=0.000 lr=5.949e-04 time=0.091s
[RQ-VAE] epoch=1246 loss=0.00032098 recon=0.00007273 beh=0.000000 w=0.000 lr=5.946e-04 time=0.093s
[RQ-VAE] epoch=1247 loss=0.00032113 recon=0.00007265 beh=0.000000 w=0.000 lr=5.942e-04 time=0.092s
[RQ-VAE] epoch=1248 loss=0.00032003 recon=0.00007268 beh=0.000000 w=0.000 lr=5.939e-04 time=0.092s
[RQ-VAE] epoch=1249 loss=0.00032088 recon=0.00007261 beh=0.000000 w=0.000 lr=5.936e-04 time=0.092s
[RQ-VAE] epoch=1250 loss=0.00032030 recon=0.00007295 lr=5.932e-04 raw_unique=20377/24587 collision=0.171229 time=0.091s
[RQ-VAE] epoch=1251 loss=0.00032248 recon=0.00007280 beh=0.000000 w=0.000 lr=5.929e-04 time=0.094s
[RQ-VAE] epoch=1252 loss=0.00032189 recon=0.00007284 beh=0.000000 w=0.000 lr=5.925e-04 time=0.091s
[RQ-VAE] epoch=1253 loss=0.00032144 recon=0.00007290 beh=0.000000 w=0.000 lr=5.922e-04 time=0.092s
[RQ-VAE] epoch=1254 loss=0.00032237 recon=0.00007287 beh=0.000000 w=0.000 lr=5.919e-04 time=0.094s
[RQ-VAE] epoch=1255 loss=0.00032297 recon=0.00007276 beh=0.000000 w=0.000 lr=5.915e-04 time=0.092s
[RQ-VAE] epoch=1256 loss=0.00032203 recon=0.00007275 beh=0.000000 w=0.000 lr=5.912e-04 time=0.092s
[RQ-VAE] epoch=1257 loss=0.00032128 recon=0.00007280 beh=0.000000 w=0.000 lr=5.908e-04 time=0.093s
[RQ-VAE] epoch=1258 loss=0.00032299 recon=0.00007274 beh=0.000000 w=0.000 lr=5.905e-04 time=0.092s
[RQ-VAE] epoch=1259 loss=0.00032284 recon=0.00007275 beh=0.000000 w=0.000 lr=5.902e-04 time=0.093s
[RQ-VAE] epoch=1260 loss=0.00032165 recon=0.00007290 beh=0.000000 w=0.000 lr=5.898e-04 time=0.091s
[RQ-VAE] epoch=1261 loss=0.00032142 recon=0.00007268 beh=0.000000 w=0.000 lr=5.895e-04 time=0.093s
[RQ-VAE] epoch=1262 loss=0.00032104 recon=0.00007270 beh=0.000000 w=0.000 lr=5.892e-04 time=0.092s
[RQ-VAE] epoch=1263 loss=0.00032111 recon=0.00007271 beh=0.000000 w=0.000 lr=5.888e-04 time=0.091s
[RQ-VAE] epoch=1264 loss=0.00032213 recon=0.00007260 beh=0.000000 w=0.000 lr=5.885e-04 time=0.092s
[RQ-VAE] epoch=1265 loss=0.00031996 recon=0.00007263 beh=0.000000 w=0.000 lr=5.881e-04 time=0.093s
[RQ-VAE] epoch=1266 loss=0.00031970 recon=0.00007270 beh=0.000000 w=0.000 lr=5.878e-04 time=0.092s
[RQ-VAE] epoch=1267 loss=0.00031987 recon=0.00007266 beh=0.000000 w=0.000 lr=5.875e-04 time=0.091s
[RQ-VAE] epoch=1268 loss=0.00032048 recon=0.00007257 beh=0.000000 w=0.000 lr=5.871e-04 time=0.091s
[RQ-VAE] epoch=1269 loss=0.00032027 recon=0.00007271 beh=0.000000 w=0.000 lr=5.868e-04 time=0.092s
[RQ-VAE] epoch=1270 loss=0.00032135 recon=0.00007275 beh=0.000000 w=0.000 lr=5.864e-04 time=0.091s
[RQ-VAE] epoch=1271 loss=0.00032104 recon=0.00007278 beh=0.000000 w=0.000 lr=5.861e-04 time=0.092s
[RQ-VAE] epoch=1272 loss=0.00032125 recon=0.00007258 beh=0.000000 w=0.000 lr=5.858e-04 time=0.092s
[RQ-VAE] epoch=1273 loss=0.00032126 recon=0.00007263 beh=0.000000 w=0.000 lr=5.854e-04 time=0.091s
[RQ-VAE] epoch=1274 loss=0.00032216 recon=0.00007280 beh=0.000000 w=0.000 lr=5.851e-04 time=0.092s
[RQ-VAE] epoch=1275 loss=0.00032151 recon=0.00007249 beh=0.000000 w=0.000 lr=5.847e-04 time=0.091s
[RQ-VAE] epoch=1276 loss=0.00032167 recon=0.00007262 beh=0.000000 w=0.000 lr=5.844e-04 time=0.093s
[RQ-VAE] epoch=1277 loss=0.00032088 recon=0.00007281 beh=0.000000 w=0.000 lr=5.841e-04 time=0.091s
[RQ-VAE] epoch=1278 loss=0.00032236 recon=0.00007256 beh=0.000000 w=0.000 lr=5.837e-04 time=0.091s
[RQ-VAE] epoch=1279 loss=0.00032154 recon=0.00007247 beh=0.000000 w=0.000 lr=5.834e-04 time=0.092s
[RQ-VAE] epoch=1280 loss=0.00032046 recon=0.00007252 beh=0.000000 w=0.000 lr=5.831e-04 time=0.09s
[RQ-VAE] epoch=1281 loss=0.00032158 recon=0.00007280 beh=0.000000 w=0.000 lr=5.827e-04 time=0.091s
[RQ-VAE] epoch=1282 loss=0.00032209 recon=0.00007259 beh=0.000000 w=0.000 lr=5.824e-04 time=0.092s
[RQ-VAE] epoch=1283 loss=0.00032097 recon=0.00007260 beh=0.000000 w=0.000 lr=5.820e-04 time=0.092s
[RQ-VAE] epoch=1284 loss=0.00032044 recon=0.00007257 beh=0.000000 w=0.000 lr=5.817e-04 time=0.092s
[RQ-VAE] epoch=1285 loss=0.00032245 recon=0.00007257 beh=0.000000 w=0.000 lr=5.814e-04 time=0.092s
[RQ-VAE] epoch=1286 loss=0.00032132 recon=0.00007262 beh=0.000000 w=0.000 lr=5.810e-04 time=0.091s
[RQ-VAE] epoch=1287 loss=0.00032197 recon=0.00007250 beh=0.000000 w=0.000 lr=5.807e-04 time=0.092s
[RQ-VAE] epoch=1288 loss=0.00032457 recon=0.00007280 beh=0.000000 w=0.000 lr=5.803e-04 time=0.091s
[RQ-VAE] epoch=1289 loss=0.00032232 recon=0.00007270 beh=0.000000 w=0.000 lr=5.800e-04 time=0.092s
[RQ-VAE] epoch=1290 loss=0.00032245 recon=0.00007255 beh=0.000000 w=0.000 lr=5.797e-04 time=0.092s
[RQ-VAE] epoch=1291 loss=0.00032277 recon=0.00007256 beh=0.000000 w=0.000 lr=5.793e-04 time=0.093s
[RQ-VAE] epoch=1292 loss=0.00032265 recon=0.00007248 beh=0.000000 w=0.000 lr=5.790e-04 time=0.092s
[RQ-VAE] epoch=1293 loss=0.00032160 recon=0.00007272 beh=0.000000 w=0.000 lr=5.786e-04 time=0.092s
[RQ-VAE] epoch=1294 loss=0.00032100 recon=0.00007272 beh=0.000000 w=0.000 lr=5.783e-04 time=0.091s
[RQ-VAE] epoch=1295 loss=0.00032402 recon=0.00007267 beh=0.000000 w=0.000 lr=5.780e-04 time=0.092s
[RQ-VAE] epoch=1296 loss=0.00032489 recon=0.00007253 beh=0.000000 w=0.000 lr=5.776e-04 time=0.091s
[RQ-VAE] epoch=1297 loss=0.00032373 recon=0.00007269 beh=0.000000 w=0.000 lr=5.773e-04 time=0.092s
[RQ-VAE] epoch=1298 loss=0.00032383 recon=0.00007277 beh=0.000000 w=0.000 lr=5.769e-04 time=0.091s
[RQ-VAE] epoch=1299 loss=0.00032373 recon=0.00007249 beh=0.000000 w=0.000 lr=5.766e-04 time=0.186s
[RQ-VAE] epoch=1300 loss=0.00032268 recon=0.00007259 lr=5.763e-04 raw_unique=20343/24587 collision=0.172612 time=0.091s
[RQ-VAE] epoch=1301 loss=0.00032259 recon=0.00007254 beh=0.000000 w=0.000 lr=5.759e-04 time=0.093s
[RQ-VAE] epoch=1302 loss=0.00032391 recon=0.00007265 beh=0.000000 w=0.000 lr=5.756e-04 time=0.091s
[RQ-VAE] epoch=1303 loss=0.00032272 recon=0.00007259 beh=0.000000 w=0.000 lr=5.753e-04 time=0.091s
[RQ-VAE] epoch=1304 loss=0.00032313 recon=0.00007256 beh=0.000000 w=0.000 lr=5.749e-04 time=0.092s
[RQ-VAE] epoch=1305 loss=0.00032296 recon=0.00007258 beh=0.000000 w=0.000 lr=5.746e-04 time=0.092s
[RQ-VAE] epoch=1306 loss=0.00032380 recon=0.00007265 beh=0.000000 w=0.000 lr=5.742e-04 time=0.091s
[RQ-VAE] epoch=1307 loss=0.00032340 recon=0.00007244 beh=0.000000 w=0.000 lr=5.739e-04 time=0.092s
[RQ-VAE] epoch=1308 loss=0.00032188 recon=0.00007245 beh=0.000000 w=0.000 lr=5.736e-04 time=0.092s
[RQ-VAE] epoch=1309 loss=0.00031996 recon=0.00007236 beh=0.000000 w=0.000 lr=5.732e-04 time=0.09s
[RQ-VAE] epoch=1310 loss=0.00032076 recon=0.00007243 beh=0.000000 w=0.000 lr=5.729e-04 time=0.092s
[RQ-VAE] epoch=1311 loss=0.00031935 recon=0.00007225 beh=0.000000 w=0.000 lr=5.725e-04 time=0.091s
[RQ-VAE] epoch=1312 loss=0.00032024 recon=0.00007239 beh=0.000000 w=0.000 lr=5.722e-04 time=0.091s
[RQ-VAE] epoch=1313 loss=0.00032144 recon=0.00007240 beh=0.000000 w=0.000 lr=5.719e-04 time=0.092s
[RQ-VAE] epoch=1314 loss=0.00032155 recon=0.00007249 beh=0.000000 w=0.000 lr=5.715e-04 time=0.091s
[RQ-VAE] epoch=1315 loss=0.00032185 recon=0.00007243 beh=0.000000 w=0.000 lr=5.712e-04 time=0.091s
[RQ-VAE] epoch=1316 loss=0.00032085 recon=0.00007241 beh=0.000000 w=0.000 lr=5.708e-04 time=0.092s
[RQ-VAE] epoch=1317 loss=0.00032121 recon=0.00007247 beh=0.000000 w=0.000 lr=5.705e-04 time=0.092s
[RQ-VAE] epoch=1318 loss=0.00032117 recon=0.00007240 beh=0.000000 w=0.000 lr=5.702e-04 time=0.091s
[RQ-VAE] epoch=1319 loss=0.00032213 recon=0.00007246 beh=0.000000 w=0.000 lr=5.698e-04 time=0.092s
[RQ-VAE] epoch=1320 loss=0.00032221 recon=0.00007237 beh=0.000000 w=0.000 lr=5.695e-04 time=0.092s
[RQ-VAE] epoch=1321 loss=0.00032158 recon=0.00007225 beh=0.000000 w=0.000 lr=5.692e-04 time=0.091s
[RQ-VAE] epoch=1322 loss=0.00032410 recon=0.00007245 beh=0.000000 w=0.000 lr=5.688e-04 time=0.092s
[RQ-VAE] epoch=1323 loss=0.00032437 recon=0.00007228 beh=0.000000 w=0.000 lr=5.685e-04 time=0.094s
[RQ-VAE] epoch=1324 loss=0.00032366 recon=0.00007216 beh=0.000000 w=0.000 lr=5.681e-04 time=0.096s
[RQ-VAE] epoch=1325 loss=0.00032134 recon=0.00007211 beh=0.000000 w=0.000 lr=5.678e-04 time=0.095s
[RQ-VAE] epoch=1326 loss=0.00032200 recon=0.00007234 beh=0.000000 w=0.000 lr=5.675e-04 time=0.095s
[RQ-VAE] epoch=1327 loss=0.00032188 recon=0.00007215 beh=0.000000 w=0.000 lr=5.671e-04 time=0.098s
[RQ-VAE] epoch=1328 loss=0.00032114 recon=0.00007202 beh=0.000000 w=0.000 lr=5.668e-04 time=0.209s
[RQ-VAE] epoch=1329 loss=0.00031969 recon=0.00007215 beh=0.000000 w=0.000 lr=5.664e-04 time=0.09s
[RQ-VAE] epoch=1330 loss=0.00032041 recon=0.00007213 beh=0.000000 w=0.000 lr=5.661e-04 time=0.09s
[RQ-VAE] epoch=1331 loss=0.00032095 recon=0.00007213 beh=0.000000 w=0.000 lr=5.658e-04 time=0.09s
[RQ-VAE] epoch=1332 loss=0.00032073 recon=0.00007237 beh=0.000000 w=0.000 lr=5.654e-04 time=0.091s
[RQ-VAE] epoch=1333 loss=0.00032010 recon=0.00007241 beh=0.000000 w=0.000 lr=5.651e-04 time=0.091s
[RQ-VAE] epoch=1334 loss=0.00032013 recon=0.00007198 beh=0.000000 w=0.000 lr=5.647e-04 time=0.091s
[RQ-VAE] epoch=1335 loss=0.00032080 recon=0.00007213 beh=0.000000 w=0.000 lr=5.644e-04 time=0.091s
[RQ-VAE] epoch=1336 loss=0.00031972 recon=0.00007211 beh=0.000000 w=0.000 lr=5.641e-04 time=0.091s
[RQ-VAE] epoch=1337 loss=0.00031899 recon=0.00007189 beh=0.000000 w=0.000 lr=5.637e-04 time=0.092s
[RQ-VAE] epoch=1338 loss=0.00031912 recon=0.00007185 beh=0.000000 w=0.000 lr=5.634e-04 time=0.092s
[RQ-VAE] epoch=1339 loss=0.00031982 recon=0.00007207 beh=0.000000 w=0.000 lr=5.631e-04 time=0.091s
[RQ-VAE] epoch=1340 loss=0.00031880 recon=0.00007195 beh=0.000000 w=0.000 lr=5.627e-04 time=0.092s
[RQ-VAE] epoch=1341 loss=0.00031881 recon=0.00007202 beh=0.000000 w=0.000 lr=5.624e-04 time=0.092s
[RQ-VAE] epoch=1342 loss=0.00031970 recon=0.00007188 beh=0.000000 w=0.000 lr=5.620e-04 time=0.091s
[RQ-VAE] epoch=1343 loss=0.00031677 recon=0.00007192 beh=0.000000 w=0.000 lr=5.617e-04 time=0.092s
[RQ-VAE] epoch=1344 loss=0.00031729 recon=0.00007208 beh=0.000000 w=0.000 lr=5.614e-04 time=0.091s
[RQ-VAE] epoch=1345 loss=0.00031873 recon=0.00007201 beh=0.000000 w=0.000 lr=5.610e-04 time=0.091s
[RQ-VAE] epoch=1346 loss=0.00031833 recon=0.00007193 beh=0.000000 w=0.000 lr=5.607e-04 time=0.092s
[RQ-VAE] epoch=1347 loss=0.00031860 recon=0.00007192 beh=0.000000 w=0.000 lr=5.603e-04 time=0.188s
[RQ-VAE] epoch=1348 loss=0.00031755 recon=0.00007201 beh=0.000000 w=0.000 lr=5.600e-04 time=0.092s
[RQ-VAE] epoch=1349 loss=0.00031929 recon=0.00007197 beh=0.000000 w=0.000 lr=5.597e-04 time=0.091s
[RQ-VAE] epoch=1350 loss=0.00031934 recon=0.00007208 lr=5.593e-04 raw_unique=20349/24587 collision=0.172368 time=0.091s
[RQ-VAE] epoch=1351 loss=0.00031841 recon=0.00007205 beh=0.000000 w=0.000 lr=5.590e-04 time=0.092s
[RQ-VAE] epoch=1352 loss=0.00031715 recon=0.00007195 beh=0.000000 w=0.000 lr=5.586e-04 time=0.091s
[RQ-VAE] epoch=1353 loss=0.00031913 recon=0.00007182 beh=0.000000 w=0.000 lr=5.583e-04 time=0.091s
[RQ-VAE] epoch=1354 loss=0.00031662 recon=0.00007192 beh=0.000000 w=0.000 lr=5.580e-04 time=0.091s
[RQ-VAE] epoch=1355 loss=0.00031831 recon=0.00007192 beh=0.000000 w=0.000 lr=5.576e-04 time=0.091s
[RQ-VAE] epoch=1356 loss=0.00031958 recon=0.00007199 beh=0.000000 w=0.000 lr=5.573e-04 time=0.092s
[RQ-VAE] epoch=1357 loss=0.00031917 recon=0.00007185 beh=0.000000 w=0.000 lr=5.569e-04 time=0.092s
[RQ-VAE] epoch=1358 loss=0.00031872 recon=0.00007191 beh=0.000000 w=0.000 lr=5.566e-04 time=0.091s
[RQ-VAE] epoch=1359 loss=0.00032037 recon=0.00007177 beh=0.000000 w=0.000 lr=5.563e-04 time=0.092s
[RQ-VAE] epoch=1360 loss=0.00032056 recon=0.00007184 beh=0.000000 w=0.000 lr=5.559e-04 time=0.093s
[RQ-VAE] epoch=1361 loss=0.00031997 recon=0.00007195 beh=0.000000 w=0.000 lr=5.556e-04 time=0.092s
[RQ-VAE] epoch=1362 loss=0.00031867 recon=0.00007190 beh=0.000000 w=0.000 lr=5.553e-04 time=0.181s
[RQ-VAE] epoch=1363 loss=0.00031893 recon=0.00007184 beh=0.000000 w=0.000 lr=5.549e-04 time=0.091s
[RQ-VAE] epoch=1364 loss=0.00031971 recon=0.00007180 beh=0.000000 w=0.000 lr=5.546e-04 time=0.092s
[RQ-VAE] epoch=1365 loss=0.00032143 recon=0.00007171 beh=0.000000 w=0.000 lr=5.542e-04 time=0.092s
[RQ-VAE] epoch=1366 loss=0.00032059 recon=0.00007188 beh=0.000000 w=0.000 lr=5.539e-04 time=0.092s
[RQ-VAE] epoch=1367 loss=0.00031857 recon=0.00007189 beh=0.000000 w=0.000 lr=5.536e-04 time=0.09s
[RQ-VAE] epoch=1368 loss=0.00031933 recon=0.00007183 beh=0.000000 w=0.000 lr=5.532e-04 time=0.093s
[RQ-VAE] epoch=1369 loss=0.00032109 recon=0.00007185 beh=0.000000 w=0.000 lr=5.529e-04 time=0.092s
[RQ-VAE] epoch=1370 loss=0.00031957 recon=0.00007176 beh=0.000000 w=0.000 lr=5.525e-04 time=0.093s
[RQ-VAE] epoch=1371 loss=0.00031975 recon=0.00007184 beh=0.000000 w=0.000 lr=5.522e-04 time=0.092s
[RQ-VAE] epoch=1372 loss=0.00032029 recon=0.00007189 beh=0.000000 w=0.000 lr=5.519e-04 time=0.092s
[RQ-VAE] epoch=1373 loss=0.00032054 recon=0.00007179 beh=0.000000 w=0.000 lr=5.515e-04 time=0.092s
[RQ-VAE] epoch=1374 loss=0.00032082 recon=0.00007175 beh=0.000000 w=0.000 lr=5.512e-04 time=0.091s
[RQ-VAE] epoch=1375 loss=0.00032201 recon=0.00007174 beh=0.000000 w=0.000 lr=5.508e-04 time=0.091s
[RQ-VAE] epoch=1376 loss=0.00032107 recon=0.00007192 beh=0.000000 w=0.000 lr=5.505e-04 time=0.091s
[RQ-VAE] epoch=1377 loss=0.00032038 recon=0.00007171 beh=0.000000 w=0.000 lr=5.502e-04 time=0.092s
[RQ-VAE] epoch=1378 loss=0.00032032 recon=0.00007187 beh=0.000000 w=0.000 lr=5.498e-04 time=0.092s
[RQ-VAE] epoch=1379 loss=0.00032190 recon=0.00007208 beh=0.000000 w=0.000 lr=5.495e-04 time=0.092s
[RQ-VAE] epoch=1380 loss=0.00032165 recon=0.00007182 beh=0.000000 w=0.000 lr=5.492e-04 time=0.092s
[RQ-VAE] epoch=1381 loss=0.00032293 recon=0.00007172 beh=0.000000 w=0.000 lr=5.488e-04 time=0.091s
[RQ-VAE] epoch=1382 loss=0.00032344 recon=0.00007185 beh=0.000000 w=0.000 lr=5.485e-04 time=0.092s
[RQ-VAE] epoch=1383 loss=0.00032365 recon=0.00007172 beh=0.000000 w=0.000 lr=5.481e-04 time=0.093s
[RQ-VAE] epoch=1384 loss=0.00032244 recon=0.00007169 beh=0.000000 w=0.000 lr=5.478e-04 time=0.092s
[RQ-VAE] epoch=1385 loss=0.00032058 recon=0.00007177 beh=0.000000 w=0.000 lr=5.475e-04 time=0.092s
[RQ-VAE] epoch=1386 loss=0.00032246 recon=0.00007192 beh=0.000000 w=0.000 lr=5.471e-04 time=0.092s
[RQ-VAE] epoch=1387 loss=0.00032325 recon=0.00007202 beh=0.000000 w=0.000 lr=5.468e-04 time=0.091s
[RQ-VAE] epoch=1388 loss=0.00032450 recon=0.00007179 beh=0.000000 w=0.000 lr=5.464e-04 time=0.091s
[RQ-VAE] epoch=1389 loss=0.00032264 recon=0.00007185 beh=0.000000 w=0.000 lr=5.461e-04 time=0.092s
[RQ-VAE] epoch=1390 loss=0.00032481 recon=0.00007188 beh=0.000000 w=0.000 lr=5.458e-04 time=0.091s
[RQ-VAE] epoch=1391 loss=0.00032259 recon=0.00007165 beh=0.000000 w=0.000 lr=5.454e-04 time=0.092s
[RQ-VAE] epoch=1392 loss=0.00032203 recon=0.00007185 beh=0.000000 w=0.000 lr=5.451e-04 time=0.092s
[RQ-VAE] epoch=1393 loss=0.00032285 recon=0.00007179 beh=0.000000 w=0.000 lr=5.447e-04 time=0.091s
[RQ-VAE] epoch=1394 loss=0.00032218 recon=0.00007193 beh=0.000000 w=0.000 lr=5.444e-04 time=0.091s
[RQ-VAE] epoch=1395 loss=0.00032303 recon=0.00007182 beh=0.000000 w=0.000 lr=5.441e-04 time=0.091s
[RQ-VAE] epoch=1396 loss=0.00032403 recon=0.00007181 beh=0.000000 w=0.000 lr=5.437e-04 time=0.092s
[RQ-VAE] epoch=1397 loss=0.00032287 recon=0.00007175 beh=0.000000 w=0.000 lr=5.434e-04 time=0.092s
[RQ-VAE] epoch=1398 loss=0.00032105 recon=0.00007178 beh=0.000000 w=0.000 lr=5.431e-04 time=0.093s
[RQ-VAE] epoch=1399 loss=0.00032164 recon=0.00007159 beh=0.000000 w=0.000 lr=5.427e-04 time=0.091s
[RQ-VAE] epoch=1400 loss=0.00032334 recon=0.00007171 lr=5.424e-04 raw_unique=20325/24587 collision=0.173344 time=0.092s
[RQ-VAE] epoch=1401 loss=0.00032247 recon=0.00007177 beh=0.000000 w=0.000 lr=5.420e-04 time=0.091s
[RQ-VAE] epoch=1402 loss=0.00032144 recon=0.00007182 beh=0.000000 w=0.000 lr=5.417e-04 time=0.092s
[RQ-VAE] epoch=1403 loss=0.00032061 recon=0.00007170 beh=0.000000 w=0.000 lr=5.414e-04 time=0.09s
[RQ-VAE] epoch=1404 loss=0.00032065 recon=0.00007180 beh=0.000000 w=0.000 lr=5.410e-04 time=0.091s
[RQ-VAE] epoch=1405 loss=0.00032121 recon=0.00007174 beh=0.000000 w=0.000 lr=5.407e-04 time=0.093s
[RQ-VAE] epoch=1406 loss=0.00032277 recon=0.00007153 beh=0.000000 w=0.000 lr=5.403e-04 time=0.092s
[RQ-VAE] epoch=1407 loss=0.00032183 recon=0.00007165 beh=0.000000 w=0.000 lr=5.400e-04 time=0.092s
[RQ-VAE] epoch=1408 loss=0.00032123 recon=0.00007173 beh=0.000000 w=0.000 lr=5.397e-04 time=0.091s
[RQ-VAE] epoch=1409 loss=0.00032313 recon=0.00007195 beh=0.000000 w=0.000 lr=5.393e-04 time=0.091s
[RQ-VAE] epoch=1410 loss=0.00032369 recon=0.00007172 beh=0.000000 w=0.000 lr=5.390e-04 time=0.091s
[RQ-VAE] epoch=1411 loss=0.00032245 recon=0.00007179 beh=0.000000 w=0.000 lr=5.386e-04 time=0.091s
[RQ-VAE] epoch=1412 loss=0.00032475 recon=0.00007170 beh=0.000000 w=0.000 lr=5.383e-04 time=0.092s
[RQ-VAE] epoch=1413 loss=0.00032364 recon=0.00007175 beh=0.000000 w=0.000 lr=5.380e-04 time=0.092s
[RQ-VAE] epoch=1414 loss=0.00032124 recon=0.00007180 beh=0.000000 w=0.000 lr=5.376e-04 time=0.091s
[RQ-VAE] epoch=1415 loss=0.00032248 recon=0.00007176 beh=0.000000 w=0.000 lr=5.373e-04 time=0.092s
[RQ-VAE] epoch=1416 loss=0.00032368 recon=0.00007177 beh=0.000000 w=0.000 lr=5.369e-04 time=0.092s
[RQ-VAE] epoch=1417 loss=0.00032311 recon=0.00007169 beh=0.000000 w=0.000 lr=5.366e-04 time=0.092s
[RQ-VAE] epoch=1418 loss=0.00032245 recon=0.00007165 beh=0.000000 w=0.000 lr=5.363e-04 time=0.093s
[RQ-VAE] epoch=1419 loss=0.00032285 recon=0.00007164 beh=0.000000 w=0.000 lr=5.359e-04 time=0.192s
[RQ-VAE] epoch=1420 loss=0.00032517 recon=0.00007160 beh=0.000000 w=0.000 lr=5.356e-04 time=0.092s
[RQ-VAE] epoch=1421 loss=0.00032303 recon=0.00007176 beh=0.000000 w=0.000 lr=5.353e-04 time=0.091s
[RQ-VAE] epoch=1422 loss=0.00032213 recon=0.00007180 beh=0.000000 w=0.000 lr=5.349e-04 time=0.092s
[RQ-VAE] epoch=1423 loss=0.00032230 recon=0.00007172 beh=0.000000 w=0.000 lr=5.346e-04 time=0.091s
[RQ-VAE] epoch=1424 loss=0.00032308 recon=0.00007175 beh=0.000000 w=0.000 lr=5.342e-04 time=0.091s
[RQ-VAE] epoch=1425 loss=0.00032203 recon=0.00007167 beh=0.000000 w=0.000 lr=5.339e-04 time=0.09s
[RQ-VAE] epoch=1426 loss=0.00032076 recon=0.00007164 beh=0.000000 w=0.000 lr=5.336e-04 time=0.091s
[RQ-VAE] epoch=1427 loss=0.00032099 recon=0.00007172 beh=0.000000 w=0.000 lr=5.332e-04 time=0.092s
[RQ-VAE] epoch=1428 loss=0.00032045 recon=0.00007169 beh=0.000000 w=0.000 lr=5.329e-04 time=0.091s
[RQ-VAE] epoch=1429 loss=0.00032082 recon=0.00007170 beh=0.000000 w=0.000 lr=5.325e-04 time=0.092s
[RQ-VAE] epoch=1430 loss=0.00032161 recon=0.00007166 beh=0.000000 w=0.000 lr=5.322e-04 time=0.091s
[RQ-VAE] epoch=1431 loss=0.00032100 recon=0.00007165 beh=0.000000 w=0.000 lr=5.319e-04 time=0.092s
[RQ-VAE] epoch=1432 loss=0.00031970 recon=0.00007178 beh=0.000000 w=0.000 lr=5.315e-04 time=0.092s
[RQ-VAE] epoch=1433 loss=0.00032019 recon=0.00007160 beh=0.000000 w=0.000 lr=5.312e-04 time=0.093s
[RQ-VAE] epoch=1434 loss=0.00032093 recon=0.00007178 beh=0.000000 w=0.000 lr=5.308e-04 time=0.091s
[RQ-VAE] epoch=1435 loss=0.00032123 recon=0.00007164 beh=0.000000 w=0.000 lr=5.305e-04 time=0.091s
[RQ-VAE] epoch=1436 loss=0.00032156 recon=0.00007171 beh=0.000000 w=0.000 lr=5.302e-04 time=0.092s
[RQ-VAE] epoch=1437 loss=0.00032033 recon=0.00007170 beh=0.000000 w=0.000 lr=5.298e-04 time=0.091s
[RQ-VAE] epoch=1438 loss=0.00032137 recon=0.00007148 beh=0.000000 w=0.000 lr=5.295e-04 time=0.092s
[RQ-VAE] epoch=1439 loss=0.00032120 recon=0.00007159 beh=0.000000 w=0.000 lr=5.292e-04 time=0.093s
[RQ-VAE] epoch=1440 loss=0.00032006 recon=0.00007154 beh=0.000000 w=0.000 lr=5.288e-04 time=0.093s
[RQ-VAE] epoch=1441 loss=0.00031961 recon=0.00007172 beh=0.000000 w=0.000 lr=5.285e-04 time=0.091s
[RQ-VAE] epoch=1442 loss=0.00032252 recon=0.00007187 beh=0.000000 w=0.000 lr=5.281e-04 time=0.093s
[RQ-VAE] epoch=1443 loss=0.00032106 recon=0.00007152 beh=0.000000 w=0.000 lr=5.278e-04 time=0.092s
[RQ-VAE] epoch=1444 loss=0.00032060 recon=0.00007145 beh=0.000000 w=0.000 lr=5.275e-04 time=0.091s
[RQ-VAE] epoch=1445 loss=0.00032150 recon=0.00007164 beh=0.000000 w=0.000 lr=5.271e-04 time=0.091s
[RQ-VAE] epoch=1446 loss=0.00032141 recon=0.00007163 beh=0.000000 w=0.000 lr=5.268e-04 time=0.092s
[RQ-VAE] epoch=1447 loss=0.00031998 recon=0.00007150 beh=0.000000 w=0.000 lr=5.264e-04 time=0.092s
[RQ-VAE] epoch=1448 loss=0.00031949 recon=0.00007144 beh=0.000000 w=0.000 lr=5.261e-04 time=0.191s
[RQ-VAE] epoch=1449 loss=0.00031870 recon=0.00007139 beh=0.000000 w=0.000 lr=5.258e-04 time=0.092s
[RQ-VAE] epoch=1450 loss=0.00031996 recon=0.00007139 lr=5.254e-04 raw_unique=20364/24587 collision=0.171757 time=0.092s
[RQ-VAE] epoch=1451 loss=0.00032117 recon=0.00007147 beh=0.000000 w=0.000 lr=5.251e-04 time=0.093s
[RQ-VAE] epoch=1452 loss=0.00032058 recon=0.00007151 beh=0.000000 w=0.000 lr=5.247e-04 time=0.093s
[RQ-VAE] epoch=1453 loss=0.00031935 recon=0.00007152 beh=0.000000 w=0.000 lr=5.244e-04 time=0.092s
[RQ-VAE] epoch=1454 loss=0.00032093 recon=0.00007140 beh=0.000000 w=0.000 lr=5.241e-04 time=0.092s
[RQ-VAE] epoch=1455 loss=0.00032225 recon=0.00007152 beh=0.000000 w=0.000 lr=5.237e-04 time=0.091s
[RQ-VAE] epoch=1456 loss=0.00032148 recon=0.00007150 beh=0.000000 w=0.000 lr=5.234e-04 time=0.092s
[RQ-VAE] epoch=1457 loss=0.00032074 recon=0.00007153 beh=0.000000 w=0.000 lr=5.231e-04 time=0.092s
[RQ-VAE] epoch=1458 loss=0.00032079 recon=0.00007124 beh=0.000000 w=0.000 lr=5.227e-04 time=0.091s
[RQ-VAE] epoch=1459 loss=0.00032039 recon=0.00007137 beh=0.000000 w=0.000 lr=5.224e-04 time=0.092s
[RQ-VAE] epoch=1460 loss=0.00032150 recon=0.00007139 beh=0.000000 w=0.000 lr=5.220e-04 time=0.091s
[RQ-VAE] epoch=1461 loss=0.00032008 recon=0.00007138 beh=0.000000 w=0.000 lr=5.217e-04 time=0.092s
[RQ-VAE] epoch=1462 loss=0.00031971 recon=0.00007134 beh=0.000000 w=0.000 lr=5.214e-04 time=0.092s
[RQ-VAE] epoch=1463 loss=0.00032063 recon=0.00007140 beh=0.000000 w=0.000 lr=5.210e-04 time=0.091s
[RQ-VAE] epoch=1464 loss=0.00032065 recon=0.00007144 beh=0.000000 w=0.000 lr=5.207e-04 time=0.092s
[RQ-VAE] epoch=1465 loss=0.00032216 recon=0.00007144 beh=0.000000 w=0.000 lr=5.203e-04 time=0.092s
[RQ-VAE] epoch=1466 loss=0.00032109 recon=0.00007120 beh=0.000000 w=0.000 lr=5.200e-04 time=0.092s
[RQ-VAE] epoch=1467 loss=0.00032044 recon=0.00007140 beh=0.000000 w=0.000 lr=5.197e-04 time=0.093s
[RQ-VAE] epoch=1468 loss=0.00032071 recon=0.00007140 beh=0.000000 w=0.000 lr=5.193e-04 time=0.185s
[RQ-VAE] epoch=1469 loss=0.00032126 recon=0.00007137 beh=0.000000 w=0.000 lr=5.190e-04 time=0.092s
[RQ-VAE] epoch=1470 loss=0.00032165 recon=0.00007123 beh=0.000000 w=0.000 lr=5.186e-04 time=0.092s
[RQ-VAE] epoch=1471 loss=0.00032041 recon=0.00007127 beh=0.000000 w=0.000 lr=5.183e-04 time=0.092s
[RQ-VAE] epoch=1472 loss=0.00031952 recon=0.00007147 beh=0.000000 w=0.000 lr=5.180e-04 time=0.092s
[RQ-VAE] epoch=1473 loss=0.00032033 recon=0.00007131 beh=0.000000 w=0.000 lr=5.176e-04 time=0.091s
[RQ-VAE] epoch=1474 loss=0.00032059 recon=0.00007125 beh=0.000000 w=0.000 lr=5.173e-04 time=0.093s
[RQ-VAE] epoch=1475 loss=0.00032237 recon=0.00007122 beh=0.000000 w=0.000 lr=5.169e-04 time=0.091s
[RQ-VAE] epoch=1476 loss=0.00032069 recon=0.00007126 beh=0.000000 w=0.000 lr=5.166e-04 time=0.091s
[RQ-VAE] epoch=1477 loss=0.00032002 recon=0.00007117 beh=0.000000 w=0.000 lr=5.163e-04 time=0.091s
[RQ-VAE] epoch=1478 loss=0.00032043 recon=0.00007126 beh=0.000000 w=0.000 lr=5.159e-04 time=0.091s
[RQ-VAE] epoch=1479 loss=0.00032130 recon=0.00007119 beh=0.000000 w=0.000 lr=5.156e-04 time=0.092s
[RQ-VAE] epoch=1480 loss=0.00032204 recon=0.00007108 beh=0.000000 w=0.000 lr=5.153e-04 time=0.092s
[RQ-VAE] epoch=1481 loss=0.00032117 recon=0.00007135 beh=0.000000 w=0.000 lr=5.149e-04 time=0.091s
[RQ-VAE] epoch=1482 loss=0.00032109 recon=0.00007122 beh=0.000000 w=0.000 lr=5.146e-04 time=0.091s
[RQ-VAE] epoch=1483 loss=0.00032057 recon=0.00007123 beh=0.000000 w=0.000 lr=5.142e-04 time=0.185s
[RQ-VAE] epoch=1484 loss=0.00032161 recon=0.00007137 beh=0.000000 w=0.000 lr=5.139e-04 time=0.091s
[RQ-VAE] epoch=1485 loss=0.00032119 recon=0.00007119 beh=0.000000 w=0.000 lr=5.136e-04 time=0.092s
[RQ-VAE] epoch=1486 loss=0.00032040 recon=0.00007121 beh=0.000000 w=0.000 lr=5.132e-04 time=0.091s
[RQ-VAE] epoch=1487 loss=0.00032045 recon=0.00007113 beh=0.000000 w=0.000 lr=5.129e-04 time=0.091s
[RQ-VAE] epoch=1488 loss=0.00031891 recon=0.00007126 beh=0.000000 w=0.000 lr=5.125e-04 time=0.091s
[RQ-VAE] epoch=1489 loss=0.00031934 recon=0.00007120 beh=0.000000 w=0.000 lr=5.122e-04 time=0.091s
[RQ-VAE] epoch=1490 loss=0.00031957 recon=0.00007112 beh=0.000000 w=0.000 lr=5.119e-04 time=0.091s
[RQ-VAE] epoch=1491 loss=0.00031845 recon=0.00007109 beh=0.000000 w=0.000 lr=5.115e-04 time=0.093s
[RQ-VAE] epoch=1492 loss=0.00031893 recon=0.00007108 beh=0.000000 w=0.000 lr=5.112e-04 time=0.091s
[RQ-VAE] epoch=1493 loss=0.00031879 recon=0.00007112 beh=0.000000 w=0.000 lr=5.108e-04 time=0.092s
[RQ-VAE] epoch=1494 loss=0.00031903 recon=0.00007123 beh=0.000000 w=0.000 lr=5.105e-04 time=0.091s
[RQ-VAE] epoch=1495 loss=0.00031989 recon=0.00007116 beh=0.000000 w=0.000 lr=5.102e-04 time=0.092s
[RQ-VAE] epoch=1496 loss=0.00032021 recon=0.00007121 beh=0.000000 w=0.000 lr=5.098e-04 time=0.092s
[RQ-VAE] epoch=1497 loss=0.00031857 recon=0.00007110 beh=0.000000 w=0.000 lr=5.095e-04 time=0.092s
[RQ-VAE] epoch=1498 loss=0.00031749 recon=0.00007110 beh=0.000000 w=0.000 lr=5.092e-04 time=0.091s
[RQ-VAE] epoch=1499 loss=0.00031934 recon=0.00007117 beh=0.000000 w=0.000 lr=5.088e-04 time=0.092s
[RQ-VAE] epoch=1500 loss=0.00032096 recon=0.00007103 lr=5.085e-04 raw_unique=20253/24587 collision=0.176272 time=0.091s
/home/wlia0047/ar57_scratch/wenyu/genrec_env_v2/lib64/python3.9/site-packages/torch/functional.py:1510: UserWarning: Deterministic behavior was enabled with either `torch.use_deterministic_algorithms(True)` or `at::Context::setDeterministicAlgorithms(true)`, but this operation is not deterministic because it uses CuBLAS and you have CUDA >= 10.2. To enable deterministic behavior in this case, you must set an environment variable before running your PyTorch application: CUBLAS_WORKSPACE_CONFIG=:4096:8 or CUBLAS_WORKSPACE_CONFIG=:16:8. For more information, go to https://docs.nvidia.com/cuda/cublas/index.html#results-reproducibility (Triggered internally at /pytorch/aten/src/ATen/Context.cpp:233.)
  return _VF.cdist(x1, x2, p, None)  # type: ignore[attr-defined]
/home/wlia0047/ar57_scratch/wenyu/genrec_env_v2/lib64/python3.9/site-packages/torch/functional.py:1510: UserWarning: Deterministic behavior was enabled with either `torch.use_deterministic_algorithms(True)` or `at::Context::setDeterministicAlgorithms(true)`, but this operation is not deterministic because it uses CuBLAS and you have CUDA >= 10.2. To enable deterministic behavior in this case, you must set an environment variable before running your PyTorch application: CUBLAS_WORKSPACE_CONFIG=:4096:8 or CUBLAS_WORKSPACE_CONFIG=:16:8. For more information, go to https://docs.nvidia.com/cuda/cublas/index.html#results-reproducibility (Triggered internally at /pytorch/aten/src/ATen/Context.cpp:233.)
  return _VF.cdist(x1, x2, p, None)  # type: ignore[attr-defined]
/home/wlia0047/ar57_scratch/wenyu/genrec_env_v2/lib64/python3.9/site-packages/torch/functional.py:1510: UserWarning: Deterministic behavior was enabled with either `torch.use_deterministic_algorithms(True)` or `at::Context::setDeterministicAlgorithms(true)`, but this operation is not deterministic because it uses CuBLAS and you have CUDA >= 10.2. To enable deterministic behavior in this case, you must set an environment variable before running your PyTorch application: CUBLAS_WORKSPACE_CONFIG=:4096:8 or CUBLAS_WORKSPACE_CONFIG=:16:8. For more information, go to https://docs.nvidia.com/cuda/cublas/index.html#results-reproducibility (Triggered internally at /pytorch/aten/src/ATen/Context.cpp:233.)
  return _VF.cdist(x1, x2, p, None)  # type: ignore[attr-defined]
/home/wlia0047/ar57_scratch/wenyu/genrec_env_v2/lib64/python3.9/site-packages/torch/functional.py:1510: UserWarning: Deterministic behavior was enabled with either `torch.use_deterministic_algorithms(True)` or `at::Context::setDeterministicAlgorithms(true)`, but this operation is not deterministic because it uses CuBLAS and you have CUDA >= 10.2. To enable deterministic behavior in this case, you must set an environment variable before running your PyTorch application: CUBLAS_WORKSPACE_CONFIG=:4096:8 or CUBLAS_WORKSPACE_CONFIG=:16:8. For more information, go to https://docs.nvidia.com/cuda/cublas/index.html#results-reproducibility (Triggered internally at /pytorch/aten/src/ATen/Context.cpp:233.)
  return _VF.cdist(x1, x2, p, None)  # type: ignore[attr-defined]
[RQ-VAE] epoch=1501 loss=0.00115460 recon=0.00007118 beh=6.250267 w=0.000 lr=5.081e-04 time=0.331s
[RQ-VAE] epoch=1502 loss=0.00197887 recon=0.00007277 beh=6.215899 w=0.000 lr=5.078e-04 time=0.153s
[RQ-VAE] epoch=1503 loss=0.00279768 recon=0.00007590 beh=6.191193 w=0.000 lr=5.075e-04 time=0.152s
[RQ-VAE] epoch=1504 loss=0.00361738 recon=0.00007870 beh=6.178365 w=0.001 lr=5.071e-04 time=0.151s
[RQ-VAE] epoch=1505 loss=0.00442835 recon=0.00008130 beh=6.157693 w=0.001 lr=5.068e-04 time=0.15s
[RQ-VAE] epoch=1506 loss=0.00523581 recon=0.00008462 beh=6.145554 w=0.001 lr=5.064e-04 time=0.152s
[RQ-VAE] epoch=1507 loss=0.00604996 recon=0.00008638 beh=6.137290 w=0.001 lr=5.061e-04 time=0.149s
[RQ-VAE] epoch=1508 loss=0.00685210 recon=0.00008845 beh=6.122088 w=0.001 lr=5.058e-04 time=0.152s
[RQ-VAE] epoch=1509 loss=0.00767016 recon=0.00009166 beh=6.118658 w=0.001 lr=5.054e-04 time=0.153s
[RQ-VAE] epoch=1510 loss=0.00848446 recon=0.00009407 beh=6.118332 w=0.001 lr=5.051e-04 time=0.15s
[RQ-VAE] epoch=1511 loss=0.00928122 recon=0.00009361 beh=6.108477 w=0.001 lr=5.047e-04 time=0.151s
[RQ-VAE] epoch=1512 loss=0.01009365 recon=0.00009491 beh=6.104677 w=0.002 lr=5.044e-04 time=0.15s
[RQ-VAE] epoch=1513 loss=0.01090962 recon=0.00009655 beh=6.098754 w=0.002 lr=5.041e-04 time=0.151s
[RQ-VAE] epoch=1514 loss=0.01170970 recon=0.00009917 beh=6.093140 w=0.002 lr=5.037e-04 time=0.149s
[RQ-VAE] epoch=1515 loss=0.01250360 recon=0.00009921 beh=6.082225 w=0.002 lr=5.034e-04 time=0.153s
[RQ-VAE] epoch=1516 loss=0.01332531 recon=0.00009923 beh=6.086864 w=0.002 lr=5.031e-04 time=0.151s
[RQ-VAE] epoch=1517 loss=0.01411798 recon=0.00010154 beh=6.075314 w=0.002 lr=5.027e-04 time=0.151s
[RQ-VAE] epoch=1518 loss=0.01493002 recon=0.00010351 beh=6.072532 w=0.002 lr=5.024e-04 time=0.15s
[RQ-VAE] epoch=1519 loss=0.01573980 recon=0.00010473 beh=6.071007 w=0.003 lr=5.020e-04 time=0.149s
[RQ-VAE] epoch=1520 loss=0.01654126 recon=0.00010444 beh=6.065829 w=0.003 lr=5.017e-04 time=0.149s
[RQ-VAE] epoch=1521 loss=0.01737554 recon=0.00010580 beh=6.074652 w=0.003 lr=5.014e-04 time=0.15s
[RQ-VAE] epoch=1522 loss=0.01812926 recon=0.00010697 beh=6.052157 w=0.003 lr=5.010e-04 time=0.149s
[RQ-VAE] epoch=1523 loss=0.01899754 recon=0.00010746 beh=6.073003 w=0.003 lr=5.007e-04 time=0.15s
[RQ-VAE] epoch=1524 loss=0.01978659 recon=0.00010784 beh=6.066591 w=0.003 lr=5.003e-04 time=0.15s
[RQ-VAE] epoch=1525 loss=0.02058471 recon=0.00010958 beh=6.061666 w=0.003 lr=5.000e-04 time=0.149s
[RQ-VAE] epoch=1526 loss=0.02137130 recon=0.00011058 beh=6.053790 w=0.003 lr=4.997e-04 time=0.149s
[RQ-VAE] epoch=1527 loss=0.02216104 recon=0.00011040 beh=6.049366 w=0.004 lr=4.993e-04 time=0.151s
[RQ-VAE] epoch=1528 loss=0.02298850 recon=0.00010986 beh=6.052500 w=0.004 lr=4.990e-04 time=0.15s
[RQ-VAE] epoch=1529 loss=0.02380006 recon=0.00011253 beh=6.052401 w=0.004 lr=4.986e-04 time=0.149s
[RQ-VAE] epoch=1530 loss=0.02463699 recon=0.00011217 beh=6.060730 w=0.004 lr=4.983e-04 time=0.15s
[RQ-VAE] epoch=1531 loss=0.02535104 recon=0.00011109 beh=6.038198 w=0.004 lr=4.980e-04 time=0.149s
[RQ-VAE] epoch=1532 loss=0.02619094 recon=0.00011281 beh=6.044095 w=0.004 lr=4.976e-04 time=0.149s
[RQ-VAE] epoch=1533 loss=0.02700115 recon=0.00011121 beh=6.045362 w=0.004 lr=4.973e-04 time=0.15s
[RQ-VAE] epoch=1534 loss=0.02778144 recon=0.00011185 beh=6.039573 w=0.005 lr=4.969e-04 time=0.15s
[RQ-VAE] epoch=1535 loss=0.02860916 recon=0.00011344 beh=6.046665 w=0.005 lr=4.966e-04 time=0.15s
[RQ-VAE] epoch=1536 loss=0.02940005 recon=0.00011171 beh=6.041533 w=0.005 lr=4.963e-04 time=0.15s
[RQ-VAE] epoch=1537 loss=0.03022553 recon=0.00011337 beh=6.044940 w=0.005 lr=4.959e-04 time=0.149s
[RQ-VAE] epoch=1538 loss=0.03099822 recon=0.00011419 beh=6.034419 w=0.005 lr=4.956e-04 time=0.15s
[RQ-VAE] epoch=1539 loss=0.03184598 recon=0.00011402 beh=6.045654 w=0.005 lr=4.953e-04 time=0.15s
[RQ-VAE] epoch=1540 loss=0.03264495 recon=0.00011451 beh=6.047340 w=0.005 lr=4.949e-04 time=0.25s
[RQ-VAE] epoch=1541 loss=0.03337171 recon=0.00011399 beh=6.027773 w=0.005 lr=4.946e-04 time=0.149s
[RQ-VAE] epoch=1542 loss=0.03419706 recon=0.00011461 beh=6.033177 w=0.006 lr=4.942e-04 time=0.15s
[RQ-VAE] epoch=1543 loss=0.03503148 recon=0.00011478 beh=6.037986 w=0.006 lr=4.939e-04 time=0.149s
[RQ-VAE] epoch=1544 loss=0.03578155 recon=0.00011628 beh=6.026031 w=0.006 lr=4.936e-04 time=0.15s
[RQ-VAE] epoch=1545 loss=0.03664835 recon=0.00011678 beh=6.039909 w=0.006 lr=4.932e-04 time=0.151s
[RQ-VAE] epoch=1546 loss=0.03738474 recon=0.00011680 beh=6.026516 w=0.006 lr=4.929e-04 time=0.15s
[RQ-VAE] epoch=1547 loss=0.03819964 recon=0.00011691 beh=6.028996 w=0.006 lr=4.925e-04 time=0.15s
[RQ-VAE] epoch=1548 loss=0.03901413 recon=0.00011770 beh=6.030329 w=0.006 lr=4.922e-04 time=0.149s
[RQ-VAE] epoch=1549 loss=0.03984363 recon=0.00011662 beh=6.033409 w=0.007 lr=4.919e-04 time=0.15s
[RQ-VAE] epoch=1550 loss=0.04059472 recon=0.00011606 lr=4.915e-04 raw_unique=21601/24587 collision=0.121446 time=0.15s
[RQ-VAE] epoch=1551 loss=0.04144586 recon=0.00011816 beh=6.032566 w=0.007 lr=4.912e-04 time=0.15s
[RQ-VAE] epoch=1552 loss=0.04217713 recon=0.00011743 beh=6.020559 w=0.007 lr=4.908e-04 time=0.15s
[RQ-VAE] epoch=1553 loss=0.04294593 recon=0.00011891 beh=6.016439 w=0.007 lr=4.905e-04 time=0.15s
[RQ-VAE] epoch=1554 loss=0.04381513 recon=0.00011745 beh=6.023151 w=0.007 lr=4.902e-04 time=0.15s
[RQ-VAE] epoch=1555 loss=0.04457980 recon=0.00011812 beh=6.020578 w=0.007 lr=4.898e-04 time=0.149s
[RQ-VAE] epoch=1556 loss=0.04537430 recon=0.00011863 beh=6.021071 w=0.007 lr=4.895e-04 time=0.15s
[RQ-VAE] epoch=1557 loss=0.04620655 recon=0.00011795 beh=6.024231 w=0.008 lr=4.892e-04 time=0.15s
[RQ-VAE] epoch=1558 loss=0.04701763 recon=0.00011706 beh=6.023437 w=0.008 lr=4.888e-04 time=0.149s
[RQ-VAE] epoch=1559 loss=0.04776439 recon=0.00011707 beh=6.017111 w=0.008 lr=4.885e-04 time=0.149s
[RQ-VAE] epoch=1560 loss=0.04857379 recon=0.00011795 beh=6.018200 w=0.008 lr=4.881e-04 time=0.15s
[RQ-VAE] epoch=1561 loss=0.04942430 recon=0.00011808 beh=6.024222 w=0.008 lr=4.878e-04 time=0.15s
[RQ-VAE] epoch=1562 loss=0.05014148 recon=0.00011789 beh=6.012488 w=0.008 lr=4.875e-04 time=0.151s
[RQ-VAE] epoch=1563 loss=0.05090567 recon=0.00011751 beh=6.007692 w=0.008 lr=4.871e-04 time=0.149s
[RQ-VAE] epoch=1564 loss=0.05174607 recon=0.00011876 beh=6.013776 w=0.009 lr=4.868e-04 time=0.151s
[RQ-VAE] epoch=1565 loss=0.05260120 recon=0.00011888 beh=6.020182 w=0.009 lr=4.864e-04 time=0.15s
[RQ-VAE] epoch=1566 loss=0.05338109 recon=0.00012011 beh=6.017946 w=0.009 lr=4.861e-04 time=0.149s
[RQ-VAE] epoch=1567 loss=0.05419245 recon=0.00011939 beh=6.017995 w=0.009 lr=4.858e-04 time=0.151s
[RQ-VAE] epoch=1568 loss=0.05507971 recon=0.00011896 beh=6.026959 w=0.009 lr=4.854e-04 time=0.15s
[RQ-VAE] epoch=1569 loss=0.05586045 recon=0.00011898 beh=6.022672 w=0.009 lr=4.851e-04 time=0.241s
[RQ-VAE] epoch=1570 loss=0.05653045 recon=0.00011827 beh=6.010466 w=0.009 lr=4.847e-04 time=0.15s
[RQ-VAE] epoch=1571 loss=0.05739348 recon=0.00011846 beh=6.017126 w=0.009 lr=4.844e-04 time=0.15s
[RQ-VAE] epoch=1572 loss=0.05815186 recon=0.00011916 beh=6.012615 w=0.010 lr=4.841e-04 time=0.15s
[RQ-VAE] epoch=1573 loss=0.05888534 recon=0.00012084 beh=6.004511 w=0.010 lr=4.837e-04 time=0.149s
[RQ-VAE] epoch=1574 loss=0.05974058 recon=0.00012019 beh=6.010665 w=0.010 lr=4.834e-04 time=0.149s
[RQ-VAE] epoch=1575 loss=0.06060025 recon=0.00012098 beh=6.016394 w=0.010 lr=4.831e-04 time=0.152s
[RQ-VAE] epoch=1576 loss=0.06142889 recon=0.00012242 beh=6.019331 w=0.010 lr=4.827e-04 time=0.149s
[RQ-VAE] epoch=1577 loss=0.06218456 recon=0.00012216 beh=6.013611 w=0.010 lr=4.824e-04 time=0.15s
[RQ-VAE] epoch=1578 loss=0.06303176 recon=0.00012072 beh=6.016171 w=0.010 lr=4.820e-04 time=0.149s
[RQ-VAE] epoch=1579 loss=0.06376904 recon=0.00012116 beh=6.012358 w=0.011 lr=4.817e-04 time=0.149s
[RQ-VAE] epoch=1580 loss=0.06447567 recon=0.00012143 beh=6.003605 w=0.011 lr=4.814e-04 time=0.15s
[RQ-VAE] epoch=1581 loss=0.06529326 recon=0.00011997 beh=6.006044 w=0.011 lr=4.810e-04 time=0.15s
[RQ-VAE] epoch=1582 loss=0.06609295 recon=0.00012050 beh=6.005286 w=0.011 lr=4.807e-04 time=0.15s
[RQ-VAE] epoch=1583 loss=0.06700781 recon=0.00012044 beh=6.015765 w=0.011 lr=4.803e-04 time=0.15s
[RQ-VAE] epoch=1584 loss=0.06772149 recon=0.00012091 beh=6.006692 w=0.011 lr=4.800e-04 time=0.151s
[RQ-VAE] epoch=1585 loss=0.06855427 recon=0.00012080 beh=6.010886 w=0.011 lr=4.797e-04 time=0.15s
[RQ-VAE] epoch=1586 loss=0.06930421 recon=0.00012046 beh=6.005030 w=0.011 lr=4.793e-04 time=0.151s
[RQ-VAE] epoch=1587 loss=0.07016378 recon=0.00012012 beh=6.010528 w=0.012 lr=4.790e-04 time=0.15s
[RQ-VAE] epoch=1588 loss=0.07093488 recon=0.00012062 beh=6.007831 w=0.012 lr=4.786e-04 time=0.253s
[RQ-VAE] epoch=1589 loss=0.07163569 recon=0.00012132 beh=5.998800 w=0.012 lr=4.783e-04 time=0.149s
[RQ-VAE] epoch=1590 loss=0.07249621 recon=0.00012109 beh=6.003872 w=0.012 lr=4.780e-04 time=0.15s
[RQ-VAE] epoch=1591 loss=0.07340460 recon=0.00012113 beh=6.012998 w=0.012 lr=4.776e-04 time=0.15s
[RQ-VAE] epoch=1592 loss=0.07413857 recon=0.00012114 beh=6.007561 w=0.012 lr=4.773e-04 time=0.15s
[RQ-VAE] epoch=1593 loss=0.07489493 recon=0.00012108 beh=6.004159 w=0.012 lr=4.769e-04 time=0.149s
[RQ-VAE] epoch=1594 loss=0.07572471 recon=0.00012078 beh=6.007409 w=0.013 lr=4.766e-04 time=0.15s
[RQ-VAE] epoch=1595 loss=0.07647295 recon=0.00012088 beh=6.002738 w=0.013 lr=4.763e-04 time=0.151s
[RQ-VAE] epoch=1596 loss=0.07727800 recon=0.00012131 beh=6.002046 w=0.013 lr=4.759e-04 time=0.15s
[RQ-VAE] epoch=1597 loss=0.07801118 recon=0.00012146 beh=5.995998 w=0.013 lr=4.756e-04 time=0.151s
[RQ-VAE] epoch=1598 loss=0.07892539 recon=0.00012301 beh=6.006099 w=0.013 lr=4.753e-04 time=0.15s
[RQ-VAE] epoch=1599 loss=0.07945247 recon=0.00012240 beh=5.983351 w=0.013 lr=4.749e-04 time=0.149s
[RQ-VAE] epoch=1600 loss=0.08054779 recon=0.00012323 lr=4.746e-04 raw_unique=22686/24587 collision=0.077317 time=0.15s
[RQ-VAE] epoch=1601 loss=0.08119538 recon=0.00012428 beh=5.995942 w=0.013 lr=4.742e-04 time=0.149s
[RQ-VAE] epoch=1602 loss=0.08205011 recon=0.00012441 beh=5.999115 w=0.014 lr=4.739e-04 time=0.15s
[RQ-VAE] epoch=1603 loss=0.08274832 recon=0.00012344 beh=5.991534 w=0.014 lr=4.736e-04 time=0.243s
[RQ-VAE] epoch=1604 loss=0.08360207 recon=0.00012286 beh=5.995731 w=0.014 lr=4.732e-04 time=0.149s
[RQ-VAE] epoch=1605 loss=0.08451934 recon=0.00012368 beh=6.004241 w=0.014 lr=4.729e-04 time=0.148s
[RQ-VAE] epoch=1606 loss=0.08518182 recon=0.00012315 beh=5.993638 w=0.014 lr=4.725e-04 time=0.15s
[RQ-VAE] epoch=1607 loss=0.08597924 recon=0.00012431 beh=5.994369 w=0.014 lr=4.722e-04 time=0.148s
[RQ-VAE] epoch=1608 loss=0.08693339 recon=0.00012423 beh=6.004887 w=0.014 lr=4.719e-04 time=0.148s
[RQ-VAE] epoch=1609 loss=0.08760220 recon=0.00012374 beh=5.996441 w=0.015 lr=4.715e-04 time=0.15s
[RQ-VAE] epoch=1610 loss=0.08834828 recon=0.00012318 beh=5.992479 w=0.015 lr=4.712e-04 time=0.149s
[RQ-VAE] epoch=1611 loss=0.08919773 recon=0.00012340 beh=5.995961 w=0.015 lr=4.708e-04 time=0.148s
[RQ-VAE] epoch=1612 loss=0.09007860 recon=0.00012317 beh=6.002192 w=0.015 lr=4.705e-04 time=0.149s
[RQ-VAE] epoch=1613 loss=0.09082850 recon=0.00012243 beh=5.998082 w=0.015 lr=4.702e-04 time=0.15s
[RQ-VAE] epoch=1614 loss=0.09156603 recon=0.00012294 beh=5.993418 w=0.015 lr=4.698e-04 time=0.149s
[RQ-VAE] epoch=1615 loss=0.09241050 recon=0.00012417 beh=5.996947 w=0.015 lr=4.695e-04 time=0.149s
[RQ-VAE] epoch=1616 loss=0.09306106 recon=0.00012514 beh=5.986074 w=0.015 lr=4.692e-04 time=0.149s
[RQ-VAE] epoch=1617 loss=0.09392170 recon=0.00012512 beh=5.990601 w=0.016 lr=4.688e-04 time=0.149s
[RQ-VAE] epoch=1618 loss=0.09480590 recon=0.00012488 beh=5.996589 w=0.016 lr=4.685e-04 time=0.15s
[RQ-VAE] epoch=1619 loss=0.09551382 recon=0.00012366 beh=5.990977 w=0.016 lr=4.681e-04 time=0.149s
[RQ-VAE] epoch=1620 loss=0.09634096 recon=0.00012379 beh=5.992680 w=0.016 lr=4.678e-04 time=0.148s
[RQ-VAE] epoch=1621 loss=0.09714142 recon=0.00012423 beh=5.993078 w=0.016 lr=4.675e-04 time=0.15s
[RQ-VAE] epoch=1622 loss=0.09811047 recon=0.00012439 beh=6.002290 w=0.016 lr=4.671e-04 time=0.15s
[RQ-VAE] epoch=1623 loss=0.09877473 recon=0.00012411 beh=5.994463 w=0.016 lr=4.668e-04 time=0.149s
[RQ-VAE] epoch=1624 loss=0.09953498 recon=0.00012454 beh=5.992057 w=0.017 lr=4.664e-04 time=0.149s
[RQ-VAE] epoch=1625 loss=0.10023003 recon=0.00012525 beh=5.986156 w=0.017 lr=4.661e-04 time=0.149s
[RQ-VAE] epoch=1626 loss=0.10105588 recon=0.00012462 beh=5.987518 w=0.017 lr=4.658e-04 time=0.149s
[RQ-VAE] epoch=1627 loss=0.10188630 recon=0.00012374 beh=5.989161 w=0.017 lr=4.654e-04 time=0.151s
[RQ-VAE] epoch=1628 loss=0.10270230 recon=0.00012412 beh=5.991129 w=0.017 lr=4.651e-04 time=0.151s
[RQ-VAE] epoch=1629 loss=0.10346714 recon=0.00012452 beh=5.988145 w=0.017 lr=4.647e-04 time=0.149s
[RQ-VAE] epoch=1630 loss=0.10433501 recon=0.00012470 beh=5.992174 w=0.017 lr=4.644e-04 time=0.149s
[RQ-VAE] epoch=1631 loss=0.10507375 recon=0.00012536 beh=5.988867 w=0.017 lr=4.641e-04 time=0.148s
[RQ-VAE] epoch=1632 loss=0.10594255 recon=0.00012507 beh=5.992500 w=0.018 lr=4.637e-04 time=0.149s
[RQ-VAE] epoch=1633 loss=0.10662888 recon=0.00012525 beh=5.986573 w=0.018 lr=4.634e-04 time=0.149s
[RQ-VAE] epoch=1634 loss=0.10741117 recon=0.00012583 beh=5.984940 w=0.018 lr=4.631e-04 time=0.149s
[RQ-VAE] epoch=1635 loss=0.10820539 recon=0.00012512 beh=5.985179 w=0.018 lr=4.627e-04 time=0.149s
[RQ-VAE] epoch=1636 loss=0.10910221 recon=0.00012495 beh=5.990852 w=0.018 lr=4.624e-04 time=0.149s
[RQ-VAE] epoch=1637 loss=0.10991269 recon=0.00012461 beh=5.991649 w=0.018 lr=4.620e-04 time=0.149s
[RQ-VAE] epoch=1638 loss=0.11065727 recon=0.00012535 beh=5.988784 w=0.018 lr=4.617e-04 time=0.149s
[RQ-VAE] epoch=1639 loss=0.11150447 recon=0.00012577 beh=5.990636 w=0.019 lr=4.614e-04 time=0.149s
[RQ-VAE] epoch=1640 loss=0.11195198 recon=0.00012493 beh=5.972278 w=0.019 lr=4.610e-04 time=0.149s
[RQ-VAE] epoch=1641 loss=0.11308109 recon=0.00012468 beh=5.990124 w=0.019 lr=4.607e-04 time=0.148s
[RQ-VAE] epoch=1642 loss=0.11365552 recon=0.00012476 beh=5.978072 w=0.019 lr=4.603e-04 time=0.149s
[RQ-VAE] epoch=1643 loss=0.11458457 recon=0.00012671 beh=5.984820 w=0.019 lr=4.600e-04 time=0.148s
[RQ-VAE] epoch=1644 loss=0.11548915 recon=0.00012725 beh=5.990518 w=0.019 lr=4.597e-04 time=0.149s
[RQ-VAE] epoch=1645 loss=0.11615555 recon=0.00012698 beh=5.983400 w=0.019 lr=4.593e-04 time=0.152s
[RQ-VAE] epoch=1646 loss=0.11685414 recon=0.00012677 beh=5.977840 w=0.019 lr=4.590e-04 time=0.149s
[RQ-VAE] epoch=1647 loss=0.11766975 recon=0.00012743 beh=5.978421 w=0.020 lr=4.586e-04 time=0.149s
[RQ-VAE] epoch=1648 loss=0.11872371 recon=0.00012773 beh=5.991154 w=0.020 lr=4.583e-04 time=0.149s
[RQ-VAE] epoch=1649 loss=0.11944202 recon=0.00012731 beh=5.987712 w=0.020 lr=4.580e-04 time=0.148s
[RQ-VAE] epoch=1650 loss=0.12025589 recon=0.00012721 lr=4.576e-04 raw_unique=22880/24587 collision=0.069427 time=0.149s
[RQ-VAE] epoch=1651 loss=0.12096684 recon=0.00012842 beh=5.984057 w=0.020 lr=4.573e-04 time=0.15s
[RQ-VAE] epoch=1652 loss=0.12182681 recon=0.00012968 beh=5.986921 w=0.020 lr=4.569e-04 time=0.149s
[RQ-VAE] epoch=1653 loss=0.12259164 recon=0.00012750 beh=5.985096 w=0.020 lr=4.566e-04 time=0.149s
[RQ-VAE] epoch=1654 loss=0.12344358 recon=0.00012706 beh=5.988513 w=0.021 lr=4.563e-04 time=0.149s
[RQ-VAE] epoch=1655 loss=0.12390554 recon=0.00012721 beh=5.971867 w=0.021 lr=4.559e-04 time=0.148s
[RQ-VAE] epoch=1656 loss=0.12485316 recon=0.00012744 beh=5.979439 w=0.021 lr=4.556e-04 time=0.148s
[RQ-VAE] epoch=1657 loss=0.12566341 recon=0.00012749 beh=5.978785 w=0.021 lr=4.553e-04 time=0.151s
[RQ-VAE] epoch=1658 loss=0.12648252 recon=0.00012800 beh=5.980563 w=0.021 lr=4.549e-04 time=0.148s
[RQ-VAE] epoch=1659 loss=0.12721561 recon=0.00012820 beh=5.978045 w=0.021 lr=4.546e-04 time=0.149s
[RQ-VAE] epoch=1660 loss=0.12835798 recon=0.00012853 beh=5.994418 w=0.021 lr=4.542e-04 time=0.264s
[RQ-VAE] epoch=1661 loss=0.12881722 recon=0.00012768 beh=5.978658 w=0.021 lr=4.539e-04 time=0.149s
[RQ-VAE] epoch=1662 loss=0.12934409 recon=0.00012708 beh=5.965776 w=0.022 lr=4.536e-04 time=0.149s
[RQ-VAE] epoch=1663 loss=0.13042623 recon=0.00012800 beh=5.978828 w=0.022 lr=4.532e-04 time=0.149s
[RQ-VAE] epoch=1664 loss=0.13123104 recon=0.00012863 beh=5.979092 w=0.022 lr=4.529e-04 time=0.15s
[RQ-VAE] epoch=1665 loss=0.13196971 recon=0.00012752 beh=5.976186 w=0.022 lr=4.525e-04 time=0.149s
[RQ-VAE] epoch=1666 loss=0.13285819 recon=0.00012762 beh=5.980815 w=0.022 lr=4.522e-04 time=0.15s
[RQ-VAE] epoch=1667 loss=0.13358307 recon=0.00012873 beh=5.977566 w=0.022 lr=4.519e-04 time=0.149s
[RQ-VAE] epoch=1668 loss=0.13447291 recon=0.00012834 beh=5.982197 w=0.022 lr=4.515e-04 time=0.15s
[RQ-VAE] epoch=1669 loss=0.13522673 recon=0.00012919 beh=5.980352 w=0.023 lr=4.512e-04 time=0.15s
[RQ-VAE] epoch=1670 loss=0.13597021 recon=0.00012923 beh=5.977476 w=0.023 lr=4.508e-04 time=0.149s
[RQ-VAE] epoch=1671 loss=0.13692598 recon=0.00012926 beh=5.984364 w=0.023 lr=4.505e-04 time=0.149s
[RQ-VAE] epoch=1672 loss=0.13778441 recon=0.00012947 beh=5.986948 w=0.023 lr=4.502e-04 time=0.148s
[RQ-VAE] epoch=1673 loss=0.13817044 recon=0.00012884 beh=5.969272 w=0.023 lr=4.498e-04 time=0.149s
[RQ-VAE] epoch=1674 loss=0.13902713 recon=0.00012843 beh=5.971494 w=0.023 lr=4.495e-04 time=0.149s
[RQ-VAE] epoch=1675 loss=0.13995583 recon=0.00012857 beh=5.977863 w=0.023 lr=4.492e-04 time=0.149s
[RQ-VAE] epoch=1676 loss=0.14086753 recon=0.00012844 beh=5.982267 w=0.023 lr=4.488e-04 time=0.148s
[RQ-VAE] epoch=1677 loss=0.14147690 recon=0.00012852 beh=5.974565 w=0.024 lr=4.485e-04 time=0.149s
[RQ-VAE] epoch=1678 loss=0.14221954 recon=0.00012912 beh=5.972243 w=0.024 lr=4.481e-04 time=0.15s
[RQ-VAE] epoch=1679 loss=0.14322601 recon=0.00012972 beh=5.980773 w=0.024 lr=4.478e-04 time=0.149s
[RQ-VAE] epoch=1680 loss=0.14411953 recon=0.00013046 beh=5.985015 w=0.024 lr=4.475e-04 time=0.151s
[RQ-VAE] epoch=1681 loss=0.14468518 recon=0.00013036 beh=5.975568 w=0.024 lr=4.471e-04 time=0.149s
[RQ-VAE] epoch=1682 loss=0.14552188 recon=0.00012986 beh=5.976883 w=0.024 lr=4.468e-04 time=0.148s
[RQ-VAE] epoch=1683 loss=0.14609896 recon=0.00012884 beh=5.967665 w=0.024 lr=4.464e-04 time=0.148s
[RQ-VAE] epoch=1684 loss=0.14678952 recon=0.00012896 beh=5.963465 w=0.025 lr=4.461e-04 time=0.149s
[RQ-VAE] epoch=1685 loss=0.14787433 recon=0.00012971 beh=5.974637 w=0.025 lr=4.458e-04 time=0.149s
[RQ-VAE] epoch=1686 loss=0.14890367 recon=0.00012922 beh=5.983957 w=0.025 lr=4.454e-04 time=0.148s
[RQ-VAE] epoch=1687 loss=0.14939289 recon=0.00012883 beh=5.971765 w=0.025 lr=4.451e-04 time=0.149s
[RQ-VAE] epoch=1688 loss=0.15034223 recon=0.00012904 beh=5.978191 w=0.025 lr=4.447e-04 time=0.15s
[RQ-VAE] epoch=1689 loss=0.15099351 recon=0.00012854 beh=5.972244 w=0.025 lr=4.444e-04 time=0.248s
[RQ-VAE] epoch=1690 loss=0.15188727 recon=0.00012860 beh=5.975915 w=0.025 lr=4.441e-04 time=0.149s
[RQ-VAE] epoch=1691 loss=0.15274411 recon=0.00012935 beh=5.978762 w=0.025 lr=4.437e-04 time=0.149s
[RQ-VAE] epoch=1692 loss=0.15323177 recon=0.00012920 beh=5.966407 w=0.026 lr=4.434e-04 time=0.148s
[RQ-VAE] epoch=1693 loss=0.15429258 recon=0.00013004 beh=5.976074 w=0.026 lr=4.431e-04 time=0.149s
[RQ-VAE] epoch=1694 loss=0.15498112 recon=0.00013043 beh=5.972344 w=0.026 lr=4.427e-04 time=0.149s
[RQ-VAE] epoch=1695 loss=0.15591498 recon=0.00013076 beh=5.977631 w=0.026 lr=4.424e-04 time=0.149s
[RQ-VAE] epoch=1696 loss=0.15641028 recon=0.00012929 beh=5.965989 w=0.026 lr=4.420e-04 time=0.15s
[RQ-VAE] epoch=1697 loss=0.15710703 recon=0.00012954 beh=5.962579 w=0.026 lr=4.417e-04 time=0.148s
[RQ-VAE] epoch=1698 loss=0.15800740 recon=0.00012966 beh=5.966056 w=0.026 lr=4.414e-04 time=0.149s
[RQ-VAE] epoch=1699 loss=0.15888715 recon=0.00013027 beh=5.969276 w=0.027 lr=4.410e-04 time=0.149s
[RQ-VAE] epoch=1700 loss=0.15983504 recon=0.00013052 lr=4.407e-04 raw_unique=23119/24587 collision=0.059706 time=0.149s
[RQ-VAE] epoch=1701 loss=0.16051714 recon=0.00013044 beh=5.970465 w=0.027 lr=4.403e-04 time=0.15s
[RQ-VAE] epoch=1702 loss=0.16118731 recon=0.00013012 beh=5.965802 w=0.027 lr=4.400e-04 time=0.15s
[RQ-VAE] epoch=1703 loss=0.16210958 recon=0.00013002 beh=5.970515 w=0.027 lr=4.397e-04 time=0.149s
[RQ-VAE] epoch=1704 loss=0.16292967 recon=0.00013042 beh=5.971564 w=0.027 lr=4.393e-04 time=0.149s
[RQ-VAE] epoch=1705 loss=0.16367438 recon=0.00013065 beh=5.969801 w=0.027 lr=4.390e-04 time=0.15s
[RQ-VAE] epoch=1706 loss=0.16482365 recon=0.00013104 beh=5.982773 w=0.027 lr=4.386e-04 time=0.15s
[RQ-VAE] epoch=1707 loss=0.16547853 recon=0.00013157 beh=5.977655 w=0.028 lr=4.383e-04 time=0.149s
[RQ-VAE] epoch=1708 loss=0.16615778 recon=0.00013060 beh=5.973158 w=0.028 lr=4.380e-04 time=0.242s
[RQ-VAE] epoch=1709 loss=0.16693497 recon=0.00013053 beh=5.972519 w=0.028 lr=4.376e-04 time=0.149s
[RQ-VAE] epoch=1710 loss=0.16738990 recon=0.00013147 beh=5.960142 w=0.028 lr=4.373e-04 time=0.149s
[RQ-VAE] epoch=1711 loss=0.16821849 recon=0.00013187 beh=5.961145 w=0.028 lr=4.369e-04 time=0.151s
[RQ-VAE] epoch=1712 loss=0.16934015 recon=0.00013195 beh=5.972944 w=0.028 lr=4.366e-04 time=0.15s
[RQ-VAE] epoch=1713 loss=0.16993476 recon=0.00013190 beh=5.965750 w=0.028 lr=4.363e-04 time=0.149s
[RQ-VAE] epoch=1714 loss=0.17078181 recon=0.00013088 beh=5.967553 w=0.029 lr=4.359e-04 time=0.149s
[RQ-VAE] epoch=1715 loss=0.17166349 recon=0.00013078 beh=5.971107 w=0.029 lr=4.356e-04 time=0.148s
[RQ-VAE] epoch=1716 loss=0.17242962 recon=0.00013085 beh=5.969678 w=0.029 lr=4.353e-04 time=0.15s
[RQ-VAE] epoch=1717 loss=0.17340185 recon=0.00013101 beh=5.975759 w=0.029 lr=4.349e-04 time=0.15s
[RQ-VAE] epoch=1718 loss=0.17394492 recon=0.00013081 beh=5.967133 w=0.029 lr=4.346e-04 time=0.149s
[RQ-VAE] epoch=1719 loss=0.17461650 recon=0.00012980 beh=5.962768 w=0.029 lr=4.342e-04 time=0.149s
[RQ-VAE] epoch=1720 loss=0.17569612 recon=0.00013025 beh=5.972475 w=0.029 lr=4.339e-04 time=0.149s
[RQ-VAE] epoch=1721 loss=0.17604427 recon=0.00013111 beh=5.957721 w=0.029 lr=4.336e-04 time=0.149s
[RQ-VAE] epoch=1722 loss=0.17729649 recon=0.00013150 beh=5.973075 w=0.030 lr=4.332e-04 time=0.15s
[RQ-VAE] epoch=1723 loss=0.17788243 recon=0.00013256 beh=5.965509 w=0.030 lr=4.329e-04 time=0.24s
[RQ-VAE] epoch=1724 loss=0.17870519 recon=0.00013311 beh=5.966085 w=0.030 lr=4.325e-04 time=0.149s
[RQ-VAE] epoch=1725 loss=0.17938818 recon=0.00013211 beh=5.962953 w=0.030 lr=4.322e-04 time=0.152s
[RQ-VAE] epoch=1726 loss=0.18038891 recon=0.00013083 beh=5.969907 w=0.030 lr=4.319e-04 time=0.15s
[RQ-VAE] epoch=1727 loss=0.18118325 recon=0.00013085 beh=5.968878 w=0.030 lr=4.315e-04 time=0.15s
[RQ-VAE] epoch=1728 loss=0.18191531 recon=0.00013059 beh=5.967312 w=0.030 lr=4.312e-04 time=0.149s
[RQ-VAE] epoch=1729 loss=0.18257223 recon=0.00013091 beh=5.963214 w=0.031 lr=4.308e-04 time=0.151s
[RQ-VAE] epoch=1730 loss=0.18339279 recon=0.00013120 beh=5.963070 w=0.031 lr=4.305e-04 time=0.15s
[RQ-VAE] epoch=1731 loss=0.18415342 recon=0.00013260 beh=5.962132 w=0.031 lr=4.302e-04 time=0.149s
[RQ-VAE] epoch=1732 loss=0.18472309 recon=0.00013252 beh=5.955274 w=0.031 lr=4.298e-04 time=0.151s
[RQ-VAE] epoch=1733 loss=0.18589641 recon=0.00013326 beh=5.967087 w=0.031 lr=4.295e-04 time=0.15s
[RQ-VAE] epoch=1734 loss=0.18684253 recon=0.00013318 beh=5.972419 w=0.031 lr=4.292e-04 time=0.15s
[RQ-VAE] epoch=1735 loss=0.18736953 recon=0.00013209 beh=5.963765 w=0.031 lr=4.288e-04 time=0.149s
[RQ-VAE] epoch=1736 loss=0.18815152 recon=0.00013283 beh=5.962671 w=0.031 lr=4.285e-04 time=0.149s
[RQ-VAE] epoch=1737 loss=0.18900958 recon=0.00013320 beh=5.965148 w=0.032 lr=4.281e-04 time=0.151s
[RQ-VAE] epoch=1738 loss=0.18979709 recon=0.00013294 beh=5.964962 w=0.032 lr=4.278e-04 time=0.149s
[RQ-VAE] epoch=1739 loss=0.19072899 recon=0.00013269 beh=5.969307 w=0.032 lr=4.275e-04 time=0.15s
[RQ-VAE] epoch=1740 loss=0.19139946 recon=0.00013250 beh=5.965190 w=0.032 lr=4.271e-04 time=0.149s
[RQ-VAE] epoch=1741 loss=0.19200692 recon=0.00013198 beh=5.959249 w=0.032 lr=4.268e-04 time=0.149s
[RQ-VAE] epoch=1742 loss=0.19287014 recon=0.00013251 beh=5.961115 w=0.032 lr=4.264e-04 time=0.15s
[RQ-VAE] epoch=1743 loss=0.19349679 recon=0.00013283 beh=5.955969 w=0.032 lr=4.261e-04 time=0.151s
[RQ-VAE] epoch=1744 loss=0.19474790 recon=0.00013349 beh=5.970356 w=0.033 lr=4.258e-04 time=0.15s
[RQ-VAE] epoch=1745 loss=0.19544438 recon=0.00013363 beh=5.967244 w=0.033 lr=4.254e-04 time=0.151s
[RQ-VAE] epoch=1746 loss=0.19608131 recon=0.00013365 beh=5.962173 w=0.033 lr=4.251e-04 time=0.153s
[RQ-VAE] epoch=1747 loss=0.19645682 recon=0.00013280 beh=5.949507 w=0.033 lr=4.247e-04 time=0.155s
[RQ-VAE] epoch=1748 loss=0.19760527 recon=0.00013301 beh=5.959889 w=0.033 lr=4.244e-04 time=0.151s
[RQ-VAE] epoch=1749 loss=0.19835284 recon=0.00013383 beh=5.958770 w=0.033 lr=4.241e-04 time=0.149s
[RQ-VAE] epoch=1750 loss=0.19940406 recon=0.00013520 lr=4.237e-04 raw_unique=23203/24587 collision=0.056290 time=0.151s
[RQ-VAE] epoch=1751 loss=0.20019127 recon=0.00013494 beh=5.965963 w=0.033 lr=4.234e-04 time=0.149s
[RQ-VAE] epoch=1752 loss=0.20087142 recon=0.00013387 beh=5.962828 w=0.034 lr=4.231e-04 time=0.15s
[RQ-VAE] epoch=1753 loss=0.20135282 recon=0.00013355 beh=5.953588 w=0.034 lr=4.227e-04 time=0.15s
[RQ-VAE] epoch=1754 loss=0.20221959 recon=0.00013339 beh=5.955875 w=0.034 lr=4.224e-04 time=0.149s
[RQ-VAE] epoch=1755 loss=0.20333543 recon=0.00013350 beh=5.965088 w=0.034 lr=4.220e-04 time=0.149s
[RQ-VAE] epoch=1756 loss=0.20434268 recon=0.00013324 beh=5.971433 w=0.034 lr=4.217e-04 time=0.15s
[RQ-VAE] epoch=1757 loss=0.20494510 recon=0.00013232 beh=5.966518 w=0.034 lr=4.214e-04 time=0.15s
[RQ-VAE] epoch=1758 loss=0.20565234 recon=0.00013246 beh=5.963321 w=0.034 lr=4.210e-04 time=0.151s
[RQ-VAE] epoch=1759 loss=0.20630467 recon=0.00013311 beh=5.959016 w=0.035 lr=4.207e-04 time=0.152s
[RQ-VAE] epoch=1760 loss=0.20690045 recon=0.00013347 beh=5.953084 w=0.035 lr=4.203e-04 time=0.15s
[RQ-VAE] epoch=1761 loss=0.20806845 recon=0.00013308 beh=5.963873 w=0.035 lr=4.200e-04 time=0.152s
[RQ-VAE] epoch=1762 loss=0.20857328 recon=0.00013270 beh=5.955873 w=0.035 lr=4.197e-04 time=0.15s
[RQ-VAE] epoch=1763 loss=0.20966779 recon=0.00013326 beh=5.964352 w=0.035 lr=4.193e-04 time=0.152s
[RQ-VAE] epoch=1764 loss=0.21049654 recon=0.00013231 beh=5.965575 w=0.035 lr=4.190e-04 time=0.15s
[RQ-VAE] epoch=1765 loss=0.21091124 recon=0.00013329 beh=5.954253 w=0.035 lr=4.186e-04 time=0.15s
[RQ-VAE] epoch=1766 loss=0.21173304 recon=0.00013357 beh=5.955005 w=0.035 lr=4.183e-04 time=0.152s
[RQ-VAE] epoch=1767 loss=0.21229848 recon=0.00013257 beh=5.948895 w=0.036 lr=4.180e-04 time=0.153s
[RQ-VAE] epoch=1768 loss=0.21382776 recon=0.00013378 beh=5.969456 w=0.036 lr=4.176e-04 time=0.152s
[RQ-VAE] epoch=1769 loss=0.21422023 recon=0.00013370 beh=5.958178 w=0.036 lr=4.173e-04 time=0.15s
[RQ-VAE] epoch=1770 loss=0.21512982 recon=0.00013391 beh=5.961285 w=0.036 lr=4.169e-04 time=0.15s
[RQ-VAE] epoch=1771 loss=0.21585225 recon=0.00013462 beh=5.959204 w=0.036 lr=4.166e-04 time=0.152s
[RQ-VAE] epoch=1772 loss=0.21657583 recon=0.00013427 beh=5.957573 w=0.036 lr=4.163e-04 time=0.15s
[RQ-VAE] epoch=1773 loss=0.21749039 recon=0.00013354 beh=5.960756 w=0.036 lr=4.159e-04 time=0.15s
[RQ-VAE] epoch=1774 loss=0.21815853 recon=0.00013384 beh=5.957028 w=0.037 lr=4.156e-04 time=0.152s
[RQ-VAE] epoch=1775 loss=0.21938044 recon=0.00013326 beh=5.969250 w=0.037 lr=4.153e-04 time=0.152s
[RQ-VAE] epoch=1776 loss=0.21981850 recon=0.00013467 beh=5.959334 w=0.037 lr=4.149e-04 time=0.152s
[RQ-VAE] epoch=1777 loss=0.22036685 recon=0.00013467 beh=5.952355 w=0.037 lr=4.146e-04 time=0.15s
[RQ-VAE] epoch=1778 loss=0.22172524 recon=0.00013487 beh=5.967775 w=0.037 lr=4.142e-04 time=0.15s
[RQ-VAE] epoch=1779 loss=0.22224496 recon=0.00013438 beh=5.960042 w=0.037 lr=4.139e-04 time=0.152s
[RQ-VAE] epoch=1780 loss=0.22257778 recon=0.00013390 beh=5.947532 w=0.037 lr=4.136e-04 time=0.273s
[RQ-VAE] epoch=1781 loss=0.22383441 recon=0.00013348 beh=5.960187 w=0.037 lr=4.132e-04 time=0.15s
[RQ-VAE] epoch=1782 loss=0.22450855 recon=0.00013436 beh=5.957154 w=0.038 lr=4.129e-04 time=0.152s
[RQ-VAE] epoch=1783 loss=0.22508566 recon=0.00013505 beh=5.951091 w=0.038 lr=4.125e-04 time=0.15s
[RQ-VAE] epoch=1784 loss=0.22601202 recon=0.00013533 beh=5.954235 w=0.038 lr=4.122e-04 time=0.151s
[RQ-VAE] epoch=1785 loss=0.22706130 recon=0.00013526 beh=5.961394 w=0.038 lr=4.119e-04 time=0.151s
[RQ-VAE] epoch=1786 loss=0.22756594 recon=0.00013461 beh=5.953858 w=0.038 lr=4.115e-04 time=0.15s
[RQ-VAE] epoch=1787 loss=0.22810347 recon=0.00013467 beh=5.946898 w=0.038 lr=4.112e-04 time=0.151s
[RQ-VAE] epoch=1788 loss=0.22926371 recon=0.00013352 beh=5.956680 w=0.038 lr=4.108e-04 time=0.152s
[RQ-VAE] epoch=1789 loss=0.23000777 recon=0.00013382 beh=5.955667 w=0.039 lr=4.105e-04 time=0.149s
[RQ-VAE] epoch=1790 loss=0.23084658 recon=0.00013426 beh=5.956702 w=0.039 lr=4.102e-04 time=0.149s
[RQ-VAE] epoch=1791 loss=0.23164329 recon=0.00013414 beh=5.956593 w=0.039 lr=4.098e-04 time=0.149s
[RQ-VAE] epoch=1792 loss=0.23241554 recon=0.00013442 beh=5.956207 w=0.039 lr=4.095e-04 time=0.148s
[RQ-VAE] epoch=1793 loss=0.23293154 recon=0.00013405 beh=5.949000 w=0.039 lr=4.092e-04 time=0.149s
[RQ-VAE] epoch=1794 loss=0.23358501 recon=0.00013381 beh=5.945138 w=0.039 lr=4.088e-04 time=0.152s
[RQ-VAE] epoch=1795 loss=0.23495901 recon=0.00013490 beh=5.960001 w=0.039 lr=4.085e-04 time=0.15s
[RQ-VAE] epoch=1796 loss=0.23569685 recon=0.00013449 beh=5.958246 w=0.039 lr=4.081e-04 time=0.149s
[RQ-VAE] epoch=1797 loss=0.23649916 recon=0.00013470 beh=5.958767 w=0.040 lr=4.078e-04 time=0.151s
[RQ-VAE] epoch=1798 loss=0.23713960 recon=0.00013544 beh=5.954869 w=0.040 lr=4.075e-04 time=0.15s
[RQ-VAE] epoch=1799 loss=0.23811316 recon=0.00013491 beh=5.959408 w=0.040 lr=4.071e-04 time=0.151s
[RQ-VAE] epoch=1800 loss=0.23881166 recon=0.00013509 lr=4.068e-04 raw_unique=23487/24587 collision=0.044739 time=0.152s
[RQ-VAE] epoch=1801 loss=0.23931181 recon=0.00013420 beh=5.949745 w=0.040 lr=4.064e-04 time=0.15s
[RQ-VAE] epoch=1802 loss=0.23998974 recon=0.00013405 beh=5.947183 w=0.040 lr=4.061e-04 time=0.15s
[RQ-VAE] epoch=1803 loss=0.24112329 recon=0.00013456 beh=5.955669 w=0.040 lr=4.058e-04 time=0.15s
[RQ-VAE] epoch=1804 loss=0.24186650 recon=0.00013456 beh=5.953935 w=0.041 lr=4.054e-04 time=0.15s
[RQ-VAE] epoch=1805 loss=0.24250898 recon=0.00013588 beh=5.950402 w=0.041 lr=4.051e-04 time=0.15s
[RQ-VAE] epoch=1806 loss=0.24316178 recon=0.00013598 beh=5.946839 w=0.041 lr=4.047e-04 time=0.153s
[RQ-VAE] epoch=1807 loss=0.24400133 recon=0.00013578 beh=5.948161 w=0.041 lr=4.044e-04 time=0.148s
[RQ-VAE] epoch=1808 loss=0.24542731 recon=0.00013584 beh=5.963356 w=0.041 lr=4.041e-04 time=0.15s
[RQ-VAE] epoch=1809 loss=0.24554127 recon=0.00013509 beh=5.946813 w=0.041 lr=4.037e-04 time=0.272s
[RQ-VAE] epoch=1810 loss=0.24623260 recon=0.00013491 beh=5.944377 w=0.041 lr=4.034e-04 time=0.151s
[RQ-VAE] epoch=1811 loss=0.24739237 recon=0.00013488 beh=5.953117 w=0.041 lr=4.031e-04 time=0.151s
[RQ-VAE] epoch=1812 loss=0.24787703 recon=0.00013490 beh=5.945765 w=0.042 lr=4.027e-04 time=0.149s
[RQ-VAE] epoch=1813 loss=0.24873921 recon=0.00013436 beh=5.947588 w=0.042 lr=4.024e-04 time=0.15s
[RQ-VAE] epoch=1814 loss=0.25001481 recon=0.00013434 beh=5.959133 w=0.042 lr=4.020e-04 time=0.15s
[RQ-VAE] epoch=1815 loss=0.25097021 recon=0.00013499 beh=5.962968 w=0.042 lr=4.017e-04 time=0.15s
[RQ-VAE] epoch=1816 loss=0.25115240 recon=0.00013486 beh=5.948610 w=0.042 lr=4.014e-04 time=0.15s
[RQ-VAE] epoch=1817 loss=0.25201827 recon=0.00013555 beh=5.950080 w=0.042 lr=4.010e-04 time=0.151s
[RQ-VAE] epoch=1818 loss=0.25270373 recon=0.00013466 beh=5.947441 w=0.042 lr=4.007e-04 time=0.151s
[RQ-VAE] epoch=1819 loss=0.25347942 recon=0.00013452 beh=5.946993 w=0.043 lr=4.003e-04 time=0.15s
[RQ-VAE] epoch=1820 loss=0.25427330 recon=0.00013450 beh=5.947036 w=0.043 lr=4.000e-04 time=0.15s
[RQ-VAE] epoch=1821 loss=0.25497428 recon=0.00013501 beh=5.945054 w=0.043 lr=3.997e-04 time=0.151s
[RQ-VAE] epoch=1822 loss=0.25586015 recon=0.00013441 beh=5.947127 w=0.043 lr=3.993e-04 time=0.151s
[RQ-VAE] epoch=1823 loss=0.25679231 recon=0.00013509 beh=5.950189 w=0.043 lr=3.990e-04 time=0.15s
[RQ-VAE] epoch=1824 loss=0.25695926 recon=0.00013429 beh=5.935739 w=0.043 lr=3.986e-04 time=0.153s
[RQ-VAE] epoch=1825 loss=0.25844678 recon=0.00013500 beh=5.951727 w=0.043 lr=3.983e-04 time=0.15s
[RQ-VAE] epoch=1826 loss=0.25951791 recon=0.00013569 beh=5.958341 w=0.043 lr=3.980e-04 time=0.151s
[RQ-VAE] epoch=1827 loss=0.26014537 recon=0.00013490 beh=5.954689 w=0.044 lr=3.976e-04 time=0.15s
[RQ-VAE] epoch=1828 loss=0.26087603 recon=0.00013573 beh=5.953126 w=0.044 lr=3.973e-04 time=0.3s
[RQ-VAE] epoch=1829 loss=0.26137140 recon=0.00013580 beh=5.946130 w=0.044 lr=3.969e-04 time=0.149s
[RQ-VAE] epoch=1830 loss=0.26240435 recon=0.00013593 beh=5.951533 w=0.044 lr=3.966e-04 time=0.15s
[RQ-VAE] epoch=1831 loss=0.26318842 recon=0.00013593 beh=5.951408 w=0.044 lr=3.963e-04 time=0.149s
[RQ-VAE] epoch=1832 loss=0.26384228 recon=0.00013707 beh=5.948191 w=0.044 lr=3.959e-04 time=0.15s
[RQ-VAE] epoch=1833 loss=0.26492986 recon=0.00013685 beh=5.955062 w=0.044 lr=3.956e-04 time=0.15s
[RQ-VAE] epoch=1834 loss=0.26600888 recon=0.00013594 beh=5.961344 w=0.045 lr=3.953e-04 time=0.15s
[RQ-VAE] epoch=1835 loss=0.26632071 recon=0.00013544 beh=5.950497 w=0.045 lr=3.949e-04 time=0.15s
[RQ-VAE] epoch=1836 loss=0.26624614 recon=0.00013563 beh=5.931071 w=0.045 lr=3.946e-04 time=0.151s
[RQ-VAE] epoch=1837 loss=0.26806232 recon=0.00013568 beh=5.953726 w=0.045 lr=3.942e-04 time=0.15s
[RQ-VAE] epoch=1838 loss=0.26885551 recon=0.00013635 beh=5.953884 w=0.045 lr=3.939e-04 time=0.149s
[RQ-VAE] epoch=1839 loss=0.26963946 recon=0.00013617 beh=5.953435 w=0.045 lr=3.936e-04 time=0.15s
[RQ-VAE] epoch=1840 loss=0.27046290 recon=0.00013577 beh=5.954226 w=0.045 lr=3.932e-04 time=0.15s
[RQ-VAE] epoch=1841 loss=0.27112246 recon=0.00013596 beh=5.951357 w=0.045 lr=3.929e-04 time=0.151s
[RQ-VAE] epoch=1842 loss=0.27191150 recon=0.00013584 beh=5.951185 w=0.046 lr=3.925e-04 time=0.15s
[RQ-VAE] epoch=1843 loss=0.27209711 recon=0.00013679 beh=5.937876 w=0.046 lr=3.922e-04 time=0.15s
[RQ-VAE] epoch=1844 loss=0.27315608 recon=0.00013719 beh=5.943682 w=0.046 lr=3.919e-04 time=0.247s
[RQ-VAE] epoch=1845 loss=0.27378070 recon=0.00013592 beh=5.940060 w=0.046 lr=3.915e-04 time=0.149s
[RQ-VAE] epoch=1846 loss=0.27469879 recon=0.00013741 beh=5.942721 w=0.046 lr=3.912e-04 time=0.15s
[RQ-VAE] epoch=1847 loss=0.27579650 recon=0.00013665 beh=5.949454 w=0.046 lr=3.908e-04 time=0.15s
[RQ-VAE] epoch=1848 loss=0.27626440 recon=0.00013753 beh=5.942421 w=0.046 lr=3.905e-04 time=0.151s
[RQ-VAE] epoch=1849 loss=0.27763766 recon=0.00013691 beh=5.954779 w=0.047 lr=3.902e-04 time=0.15s
[RQ-VAE] epoch=1850 loss=0.27809095 recon=0.00013699 lr=3.898e-04 raw_unique=23392/24587 collision=0.048603 time=0.151s
[RQ-VAE] epoch=1851 loss=0.27893797 recon=0.00013730 beh=5.948685 w=0.047 lr=3.895e-04 time=0.15s
[RQ-VAE] epoch=1852 loss=0.27982238 recon=0.00013729 beh=5.950655 w=0.047 lr=3.892e-04 time=0.149s
[RQ-VAE] epoch=1853 loss=0.28043437 recon=0.00013741 beh=5.946754 w=0.047 lr=3.888e-04 time=0.151s
[RQ-VAE] epoch=1854 loss=0.28100231 recon=0.00013701 beh=5.941806 w=0.047 lr=3.885e-04 time=0.15s
[RQ-VAE] epoch=1855 loss=0.28201208 recon=0.00013672 beh=5.946555 w=0.047 lr=3.881e-04 time=0.15s
[RQ-VAE] epoch=1856 loss=0.28255224 recon=0.00013607 beh=5.941232 w=0.047 lr=3.878e-04 time=0.149s
[RQ-VAE] epoch=1857 loss=0.28337586 recon=0.00013600 beh=5.941747 w=0.048 lr=3.875e-04 time=0.15s
[RQ-VAE] epoch=1858 loss=0.28440389 recon=0.00013802 beh=5.946722 w=0.048 lr=3.871e-04 time=0.151s
[RQ-VAE] epoch=1859 loss=0.28488100 recon=0.00013561 beh=5.940106 w=0.048 lr=3.868e-04 time=0.152s
[RQ-VAE] epoch=1860 loss=0.28592023 recon=0.00013578 beh=5.945091 w=0.048 lr=3.864e-04 time=0.151s
[RQ-VAE] epoch=1861 loss=0.28637964 recon=0.00013588 beh=5.938406 w=0.048 lr=3.861e-04 time=0.15s
[RQ-VAE] epoch=1862 loss=0.28730574 recon=0.00013734 beh=5.941267 w=0.048 lr=3.858e-04 time=0.15s
[RQ-VAE] epoch=1863 loss=0.28780538 recon=0.00013737 beh=5.934874 w=0.048 lr=3.854e-04 time=0.149s
[RQ-VAE] epoch=1864 loss=0.28857076 recon=0.00013836 beh=5.934396 w=0.049 lr=3.851e-04 time=0.149s
[RQ-VAE] epoch=1865 loss=0.28987533 recon=0.00013758 beh=5.945157 w=0.049 lr=3.847e-04 time=0.15s
[RQ-VAE] epoch=1866 loss=0.29055789 recon=0.00013611 beh=5.942858 w=0.049 lr=3.844e-04 time=0.151s
[RQ-VAE] epoch=1867 loss=0.29098424 recon=0.00013563 beh=5.935165 w=0.049 lr=3.841e-04 time=0.149s
[RQ-VAE] epoch=1868 loss=0.29249325 recon=0.00013629 beh=5.949935 w=0.049 lr=3.837e-04 time=0.15s
[RQ-VAE] epoch=1869 loss=0.29299715 recon=0.00013632 beh=5.944189 w=0.049 lr=3.834e-04 time=0.15s
[RQ-VAE] epoch=1870 loss=0.29373327 recon=0.00013652 beh=5.942897 w=0.049 lr=3.831e-04 time=0.152s
[RQ-VAE] epoch=1871 loss=0.29421800 recon=0.00013629 beh=5.936840 w=0.049 lr=3.827e-04 time=0.15s
[RQ-VAE] epoch=1872 loss=0.29528406 recon=0.00013690 beh=5.942406 w=0.050 lr=3.824e-04 time=0.15s
[RQ-VAE] epoch=1873 loss=0.29601741 recon=0.00013645 beh=5.941097 w=0.050 lr=3.820e-04 time=0.151s
[RQ-VAE] epoch=1874 loss=0.29682431 recon=0.00013657 beh=5.941504 w=0.050 lr=3.817e-04 time=0.15s
[RQ-VAE] epoch=1875 loss=0.29769465 recon=0.00013712 beh=5.943015 w=0.050 lr=3.814e-04 time=0.151s
[RQ-VAE] epoch=1876 loss=0.29855609 recon=0.00013670 beh=5.944231 w=0.050 lr=3.810e-04 time=0.149s
[RQ-VAE] epoch=1877 loss=0.29953256 recon=0.00013654 beh=5.947874 w=0.050 lr=3.807e-04 time=0.15s
[RQ-VAE] epoch=1878 loss=0.30018082 recon=0.00013712 beh=5.945239 w=0.050 lr=3.803e-04 time=0.15s
[RQ-VAE] epoch=1879 loss=0.30068663 recon=0.00013703 beh=5.939535 w=0.051 lr=3.800e-04 time=0.149s
[RQ-VAE] epoch=1880 loss=0.30168703 recon=0.00013651 beh=5.943567 w=0.051 lr=3.797e-04 time=0.149s
[RQ-VAE] epoch=1881 loss=0.30217221 recon=0.00013680 beh=5.937459 w=0.051 lr=3.793e-04 time=0.15s
[RQ-VAE] epoch=1882 loss=0.30367565 recon=0.00013640 beh=5.951530 w=0.051 lr=3.790e-04 time=0.15s
[RQ-VAE] epoch=1883 loss=0.30410829 recon=0.00013690 beh=5.944484 w=0.051 lr=3.786e-04 time=0.15s
[RQ-VAE] epoch=1884 loss=0.30432510 recon=0.00013727 beh=5.933090 w=0.051 lr=3.783e-04 time=0.15s
[RQ-VAE] epoch=1885 loss=0.30529898 recon=0.00013739 beh=5.936852 w=0.051 lr=3.780e-04 time=0.149s
[RQ-VAE] epoch=1886 loss=0.30631590 recon=0.00013707 beh=5.941298 w=0.051 lr=3.776e-04 time=0.15s
[RQ-VAE] epoch=1887 loss=0.30718914 recon=0.00013722 beh=5.942738 w=0.052 lr=3.773e-04 time=0.148s
[RQ-VAE] epoch=1888 loss=0.30781889 recon=0.00013725 beh=5.939486 w=0.052 lr=3.769e-04 time=0.151s
[RQ-VAE] epoch=1889 loss=0.30822182 recon=0.00013781 beh=5.931859 w=0.052 lr=3.766e-04 time=0.15s
[RQ-VAE] epoch=1890 loss=0.30929714 recon=0.00013783 beh=5.937472 w=0.052 lr=3.763e-04 time=0.151s
[RQ-VAE] epoch=1891 loss=0.31076691 recon=0.00013748 beh=5.950494 w=0.052 lr=3.759e-04 time=0.15s
[RQ-VAE] epoch=1892 loss=0.31092283 recon=0.00013770 beh=5.938332 w=0.052 lr=3.756e-04 time=0.15s
[RQ-VAE] epoch=1893 loss=0.31179321 recon=0.00013764 beh=5.939769 w=0.052 lr=3.753e-04 time=0.149s
[RQ-VAE] epoch=1894 loss=0.31275040 recon=0.00013811 beh=5.942834 w=0.053 lr=3.749e-04 time=0.15s
[RQ-VAE] epoch=1895 loss=0.31331664 recon=0.00013810 beh=5.938468 w=0.053 lr=3.746e-04 time=0.149s
[RQ-VAE] epoch=1896 loss=0.31406635 recon=0.00013761 beh=5.937788 w=0.053 lr=3.742e-04 time=0.15s
[RQ-VAE] epoch=1897 loss=0.31527382 recon=0.00013752 beh=5.945839 w=0.053 lr=3.739e-04 time=0.15s
[RQ-VAE] epoch=1898 loss=0.31623173 recon=0.00013756 beh=5.948812 w=0.053 lr=3.736e-04 time=0.15s
[RQ-VAE] epoch=1899 loss=0.31649622 recon=0.00013769 beh=5.938839 w=0.053 lr=3.732e-04 time=0.149s
[RQ-VAE] epoch=1900 loss=0.31767982 recon=0.00013714 lr=3.729e-04 raw_unique=23538/24587 collision=0.042665 time=0.249s
[RQ-VAE] epoch=1901 loss=0.31853101 recon=0.00013664 beh=5.947375 w=0.053 lr=3.725e-04 time=0.153s
[RQ-VAE] epoch=1902 loss=0.31930375 recon=0.00013745 beh=5.946905 w=0.054 lr=3.722e-04 time=0.15s
[RQ-VAE] epoch=1903 loss=0.31962803 recon=0.00013696 beh=5.938208 w=0.054 lr=3.719e-04 time=0.149s
[RQ-VAE] epoch=1904 loss=0.32006925 recon=0.00013710 beh=5.931667 w=0.054 lr=3.715e-04 time=0.15s
[RQ-VAE] epoch=1905 loss=0.32090080 recon=0.00013694 beh=5.932425 w=0.054 lr=3.712e-04 time=0.15s
[RQ-VAE] epoch=1906 loss=0.32116967 recon=0.00013678 beh=5.922812 w=0.054 lr=3.708e-04 time=0.15s
[RQ-VAE] epoch=1907 loss=0.32259604 recon=0.00013647 beh=5.934289 w=0.054 lr=3.705e-04 time=0.15s
[RQ-VAE] epoch=1908 loss=0.32356936 recon=0.00013677 beh=5.937879 w=0.054 lr=3.702e-04 time=0.15s
[RQ-VAE] epoch=1909 loss=0.32474080 recon=0.00013739 beh=5.944881 w=0.055 lr=3.698e-04 time=0.15s
[RQ-VAE] epoch=1910 loss=0.32534200 recon=0.00013819 beh=5.941378 w=0.055 lr=3.695e-04 time=0.149s
[RQ-VAE] epoch=1911 loss=0.32591635 recon=0.00013905 beh=5.937426 w=0.055 lr=3.692e-04 time=0.15s
[RQ-VAE] epoch=1912 loss=0.32657853 recon=0.00013892 beh=5.934993 w=0.055 lr=3.688e-04 time=0.149s
[RQ-VAE] epoch=1913 loss=0.32796791 recon=0.00013872 beh=5.945837 w=0.055 lr=3.685e-04 time=0.152s
[RQ-VAE] epoch=1914 loss=0.32798791 recon=0.00013903 beh=5.931592 w=0.055 lr=3.681e-04 time=0.149s
[RQ-VAE] epoch=1915 loss=0.32944381 recon=0.00013782 beh=5.943767 w=0.055 lr=3.678e-04 time=0.151s
[RQ-VAE] epoch=1916 loss=0.33039066 recon=0.00013803 beh=5.946696 w=0.055 lr=3.675e-04 time=0.149s
[RQ-VAE] epoch=1917 loss=0.33067739 recon=0.00013809 beh=5.937674 w=0.056 lr=3.671e-04 time=0.15s
[RQ-VAE] epoch=1918 loss=0.33154118 recon=0.00013890 beh=5.938829 w=0.056 lr=3.668e-04 time=0.15s
[RQ-VAE] epoch=1919 loss=0.33248803 recon=0.00013952 beh=5.941507 w=0.056 lr=3.664e-04 time=0.15s
[RQ-VAE] epoch=1920 loss=0.33320931 recon=0.00013874 beh=5.940311 w=0.056 lr=3.661e-04 time=0.15s
[RQ-VAE] epoch=1921 loss=0.33407849 recon=0.00013828 beh=5.941821 w=0.056 lr=3.658e-04 time=0.15s
[RQ-VAE] epoch=1922 loss=0.33495313 recon=0.00013766 beh=5.943250 w=0.056 lr=3.654e-04 time=0.149s
[RQ-VAE] epoch=1923 loss=0.33528304 recon=0.00013762 beh=5.934915 w=0.056 lr=3.651e-04 time=0.15s
[RQ-VAE] epoch=1924 loss=0.33604941 recon=0.00013832 beh=5.934390 w=0.057 lr=3.647e-04 time=0.151s
[RQ-VAE] epoch=1925 loss=0.33723682 recon=0.00013849 beh=5.941463 w=0.057 lr=3.644e-04 time=0.15s
[RQ-VAE] epoch=1926 loss=0.33770943 recon=0.00013855 beh=5.935980 w=0.057 lr=3.641e-04 time=0.151s
[RQ-VAE] epoch=1927 loss=0.33911511 recon=0.00013942 beh=5.946599 w=0.057 lr=3.637e-04 time=0.149s
[RQ-VAE] epoch=1928 loss=0.33919311 recon=0.00013925 beh=5.933934 w=0.057 lr=3.634e-04 time=0.15s
[RQ-VAE] epoch=1929 loss=0.33992538 recon=0.00013841 beh=5.933099 w=0.057 lr=3.631e-04 time=0.25s
[RQ-VAE] epoch=1930 loss=0.34119621 recon=0.00013815 beh=5.941511 w=0.057 lr=3.627e-04 time=0.149s
[RQ-VAE] epoch=1931 loss=0.34198564 recon=0.00013781 beh=5.941082 w=0.057 lr=3.624e-04 time=0.149s
[RQ-VAE] epoch=1932 loss=0.34237918 recon=0.00013842 beh=5.934214 w=0.058 lr=3.620e-04 time=0.15s
[RQ-VAE] epoch=1933 loss=0.34354350 recon=0.00013930 beh=5.940968 w=0.058 lr=3.617e-04 time=0.149s
[RQ-VAE] epoch=1934 loss=0.34394535 recon=0.00013911 beh=5.934243 w=0.058 lr=3.614e-04 time=0.15s
[RQ-VAE] epoch=1935 loss=0.34481767 recon=0.00013826 beh=5.935527 w=0.058 lr=3.610e-04 time=0.149s
[RQ-VAE] epoch=1936 loss=0.34536055 recon=0.00013785 beh=5.931263 w=0.058 lr=3.607e-04 time=0.151s
[RQ-VAE] epoch=1937 loss=0.34691057 recon=0.00013856 beh=5.944306 w=0.058 lr=3.603e-04 time=0.151s
[RQ-VAE] epoch=1938 loss=0.34694770 recon=0.00013809 beh=5.931359 w=0.058 lr=3.600e-04 time=0.15s
[RQ-VAE] epoch=1939 loss=0.34845990 recon=0.00013946 beh=5.943595 w=0.059 lr=3.597e-04 time=0.151s
[RQ-VAE] epoch=1940 loss=0.34899759 recon=0.00013985 beh=5.939393 w=0.059 lr=3.593e-04 time=0.152s
[RQ-VAE] epoch=1941 loss=0.34953275 recon=0.00013921 beh=5.935104 w=0.059 lr=3.590e-04 time=0.15s
[RQ-VAE] epoch=1942 loss=0.35049546 recon=0.00013973 beh=5.937996 w=0.059 lr=3.586e-04 time=0.151s
[RQ-VAE] epoch=1943 loss=0.35111514 recon=0.00014036 beh=5.935046 w=0.059 lr=3.583e-04 time=0.15s
[RQ-VAE] epoch=1944 loss=0.35201842 recon=0.00013985 beh=5.936769 w=0.059 lr=3.580e-04 time=0.15s
[RQ-VAE] epoch=1945 loss=0.35285223 recon=0.00013980 beh=5.937632 w=0.059 lr=3.576e-04 time=0.15s
[RQ-VAE] epoch=1946 loss=0.35410589 recon=0.00013950 beh=5.945512 w=0.059 lr=3.573e-04 time=0.149s
[RQ-VAE] epoch=1947 loss=0.35465524 recon=0.00013876 beh=5.941435 w=0.060 lr=3.569e-04 time=0.15s
[RQ-VAE] epoch=1948 loss=0.35520941 recon=0.00013951 beh=5.937358 w=0.060 lr=3.566e-04 time=0.149s
[RQ-VAE] epoch=1949 loss=0.35566598 recon=0.00013924 beh=5.931643 w=0.060 lr=3.563e-04 time=0.24s
[RQ-VAE] epoch=1950 loss=0.35693783 recon=0.00013862 lr=3.559e-04 raw_unique=23442/24587 collision=0.046569 time=0.15s
[RQ-VAE] epoch=1951 loss=0.35789415 recon=0.00013894 beh=5.942350 w=0.060 lr=3.556e-04 time=0.151s
[RQ-VAE] epoch=1952 loss=0.35835540 recon=0.00013905 beh=5.936754 w=0.060 lr=3.553e-04 time=0.149s
[RQ-VAE] epoch=1953 loss=0.35882398 recon=0.00013909 beh=5.931464 w=0.060 lr=3.549e-04 time=0.15s
[RQ-VAE] epoch=1954 loss=0.35939375 recon=0.00013927 beh=5.927822 w=0.061 lr=3.546e-04 time=0.149s
[RQ-VAE] epoch=1955 loss=0.36040708 recon=0.00013992 beh=5.931593 w=0.061 lr=3.542e-04 time=0.149s
[RQ-VAE] epoch=1956 loss=0.36139077 recon=0.00014031 beh=5.934677 w=0.061 lr=3.539e-04 time=0.15s
[RQ-VAE] epoch=1957 loss=0.36222470 recon=0.00014079 beh=5.935432 w=0.061 lr=3.536e-04 time=0.15s
[RQ-VAE] epoch=1958 loss=0.36289105 recon=0.00014006 beh=5.933206 w=0.061 lr=3.532e-04 time=0.15s
[RQ-VAE] epoch=1959 loss=0.36342502 recon=0.00013964 beh=5.929106 w=0.061 lr=3.529e-04 time=0.152s
[RQ-VAE] epoch=1960 loss=0.36427772 recon=0.00013980 beh=5.930120 w=0.061 lr=3.525e-04 time=0.15s
[RQ-VAE] epoch=1961 loss=0.36529177 recon=0.00014006 beh=5.933657 w=0.061 lr=3.522e-04 time=0.149s
[RQ-VAE] epoch=1962 loss=0.36677164 recon=0.00014036 beh=5.944876 w=0.062 lr=3.519e-04 time=0.15s
[RQ-VAE] epoch=1963 loss=0.36697686 recon=0.00014004 beh=5.935471 w=0.062 lr=3.515e-04 time=0.152s
[RQ-VAE] epoch=1964 loss=0.36752987 recon=0.00014035 beh=5.931635 w=0.062 lr=3.512e-04 time=0.246s
[RQ-VAE] epoch=1965 loss=0.36879414 recon=0.00014002 beh=5.939299 w=0.062 lr=3.508e-04 time=0.15s
[RQ-VAE] epoch=1966 loss=0.36939919 recon=0.00013889 beh=5.936258 w=0.062 lr=3.505e-04 time=0.15s
[RQ-VAE] epoch=1967 loss=0.36973402 recon=0.00013956 beh=5.928876 w=0.062 lr=3.502e-04 time=0.149s
[RQ-VAE] epoch=1968 loss=0.37114078 recon=0.00013944 beh=5.938734 w=0.062 lr=3.498e-04 time=0.147s
[RQ-VAE] epoch=1969 loss=0.37179950 recon=0.00013865 beh=5.936697 w=0.063 lr=3.495e-04 time=0.148s
[RQ-VAE] epoch=1970 loss=0.37312603 recon=0.00013859 beh=5.945254 w=0.063 lr=3.492e-04 time=0.149s
[RQ-VAE] epoch=1971 loss=0.37308717 recon=0.00013916 beh=5.932081 w=0.063 lr=3.488e-04 time=0.149s
[RQ-VAE] epoch=1972 loss=0.37459943 recon=0.00013900 beh=5.943445 w=0.063 lr=3.485e-04 time=0.149s
[RQ-VAE] epoch=1973 loss=0.37527287 recon=0.00013950 beh=5.941587 w=0.063 lr=3.481e-04 time=0.149s
[RQ-VAE] epoch=1974 loss=0.37584537 recon=0.00013911 beh=5.938192 w=0.063 lr=3.478e-04 time=0.148s
[RQ-VAE] epoch=1975 loss=0.37672862 recon=0.00013970 beh=5.939451 w=0.063 lr=3.475e-04 time=0.148s
[RQ-VAE] epoch=1976 loss=0.37677851 recon=0.00013923 beh=5.927790 w=0.063 lr=3.471e-04 time=0.148s
[RQ-VAE] epoch=1977 loss=0.37694153 recon=0.00013928 beh=5.917918 w=0.064 lr=3.468e-04 time=0.148s
[RQ-VAE] epoch=1978 loss=0.37918711 recon=0.00013936 beh=5.940760 w=0.064 lr=3.464e-04 time=0.148s
[RQ-VAE] epoch=1979 loss=0.37968332 recon=0.00014027 beh=5.936136 w=0.064 lr=3.461e-04 time=0.149s
[RQ-VAE] epoch=1980 loss=0.37947616 recon=0.00014003 beh=5.920414 w=0.064 lr=3.458e-04 time=0.148s
[RQ-VAE] epoch=1981 loss=0.38074476 recon=0.00014027 beh=5.927893 w=0.064 lr=3.454e-04 time=0.15s
[RQ-VAE] epoch=1982 loss=0.38130334 recon=0.00014029 beh=5.924404 w=0.064 lr=3.451e-04 time=0.149s
[RQ-VAE] epoch=1983 loss=0.38173217 recon=0.00013994 beh=5.918720 w=0.064 lr=3.447e-04 time=0.149s
[RQ-VAE] epoch=1984 loss=0.38372189 recon=0.00014011 beh=5.937242 w=0.065 lr=3.444e-04 time=0.149s
[RQ-VAE] epoch=1985 loss=0.38421685 recon=0.00014046 beh=5.932831 w=0.065 lr=3.441e-04 time=0.148s
[RQ-VAE] epoch=1986 loss=0.38547081 recon=0.00014016 beh=5.939999 w=0.065 lr=3.437e-04 time=0.148s
[RQ-VAE] epoch=1987 loss=0.38591936 recon=0.00013983 beh=5.934711 w=0.065 lr=3.434e-04 time=0.15s
[RQ-VAE] epoch=1988 loss=0.38652998 recon=0.00013993 beh=5.931874 w=0.065 lr=3.431e-04 time=0.148s
[RQ-VAE] epoch=1989 loss=0.38750851 recon=0.00014029 beh=5.934671 w=0.065 lr=3.427e-04 time=0.149s
[RQ-VAE] epoch=1990 loss=0.38787046 recon=0.00014046 beh=5.928197 w=0.065 lr=3.424e-04 time=0.148s
[RQ-VAE] epoch=1991 loss=0.38930222 recon=0.00014046 beh=5.937957 w=0.065 lr=3.420e-04 time=0.149s
[RQ-VAE] epoch=1992 loss=0.38995585 recon=0.00014038 beh=5.935846 w=0.066 lr=3.417e-04 time=0.149s
[RQ-VAE] epoch=1993 loss=0.39058286 recon=0.00013977 beh=5.933352 w=0.066 lr=3.414e-04 time=0.15s
[RQ-VAE] epoch=1994 loss=0.39080882 recon=0.00013974 beh=5.924740 w=0.066 lr=3.410e-04 time=0.149s
[RQ-VAE] epoch=1995 loss=0.39192811 recon=0.00014072 beh=5.929692 w=0.066 lr=3.407e-04 time=0.148s
[RQ-VAE] epoch=1996 loss=0.39243302 recon=0.00013991 beh=5.925367 w=0.066 lr=3.403e-04 time=0.15s
[RQ-VAE] epoch=1997 loss=0.39308330 recon=0.00014008 beh=5.923149 w=0.066 lr=3.400e-04 time=0.148s
[RQ-VAE] epoch=1998 loss=0.39442134 recon=0.00014027 beh=5.931475 w=0.066 lr=3.397e-04 time=0.148s
[RQ-VAE] epoch=1999 loss=0.39545768 recon=0.00014060 beh=5.935170 w=0.067 lr=3.393e-04 time=0.148s
[RQ-VAE] epoch=2000 loss=0.39622498 recon=0.00014081 lr=3.390e-04 raw_unique=23501/24587 collision=0.044170 time=0.148s
[RQ-VAE] epoch=2001 loss=0.39730963 recon=0.00014027 beh=5.939151 w=0.067 lr=3.386e-04 time=0.148s
[RQ-VAE] epoch=2002 loss=0.39746019 recon=0.00014105 beh=5.929681 w=0.067 lr=3.383e-04 time=0.148s
[RQ-VAE] epoch=2003 loss=0.39848822 recon=0.00014038 beh=5.933249 w=0.067 lr=3.380e-04 time=0.148s
[RQ-VAE] epoch=2004 loss=0.39956701 recon=0.00014039 beh=5.937472 w=0.067 lr=3.376e-04 time=0.147s
[RQ-VAE] epoch=2005 loss=0.40003669 recon=0.00013986 beh=5.932747 w=0.067 lr=3.373e-04 time=0.149s
[RQ-VAE] epoch=2006 loss=0.40045020 recon=0.00014005 beh=5.927081 w=0.067 lr=3.369e-04 time=0.147s
[RQ-VAE] epoch=2007 loss=0.40172279 recon=0.00013972 beh=5.934085 w=0.068 lr=3.366e-04 time=0.148s
[RQ-VAE] epoch=2008 loss=0.40223807 recon=0.00014057 beh=5.930052 w=0.068 lr=3.363e-04 time=0.149s
[RQ-VAE] epoch=2009 loss=0.40286282 recon=0.00014094 beh=5.927619 w=0.068 lr=3.359e-04 time=0.149s
[RQ-VAE] epoch=2010 loss=0.40398872 recon=0.00014009 beh=5.932607 w=0.068 lr=3.356e-04 time=0.148s
[RQ-VAE] epoch=2011 loss=0.40424314 recon=0.00014001 beh=5.924803 w=0.068 lr=3.353e-04 time=0.149s
[RQ-VAE] epoch=2012 loss=0.40496635 recon=0.00013933 beh=5.923654 w=0.068 lr=3.349e-04 time=0.149s
[RQ-VAE] epoch=2013 loss=0.40583700 recon=0.00013965 beh=5.924845 w=0.068 lr=3.346e-04 time=0.148s
[RQ-VAE] epoch=2014 loss=0.40611994 recon=0.00013894 beh=5.917490 w=0.069 lr=3.342e-04 time=0.148s
[RQ-VAE] epoch=2015 loss=0.40796545 recon=0.00013914 beh=5.932795 w=0.069 lr=3.339e-04 time=0.149s
[RQ-VAE] epoch=2016 loss=0.40832415 recon=0.00013956 beh=5.926630 w=0.069 lr=3.336e-04 time=0.148s
[RQ-VAE] epoch=2017 loss=0.40923128 recon=0.00013985 beh=5.928361 w=0.069 lr=3.332e-04 time=0.149s
[RQ-VAE] epoch=2018 loss=0.41071880 recon=0.00013987 beh=5.938382 w=0.069 lr=3.329e-04 time=0.149s
[RQ-VAE] epoch=2019 loss=0.41080862 recon=0.00013978 beh=5.928245 w=0.069 lr=3.325e-04 time=0.148s
[RQ-VAE] epoch=2020 loss=0.41184586 recon=0.00013944 beh=5.931711 w=0.069 lr=3.322e-04 time=0.249s
[RQ-VAE] epoch=2021 loss=0.41207987 recon=0.00014018 beh=5.923819 w=0.069 lr=3.319e-04 time=0.149s
[RQ-VAE] epoch=2022 loss=0.41376621 recon=0.00013992 beh=5.936785 w=0.070 lr=3.315e-04 time=0.149s
[RQ-VAE] epoch=2023 loss=0.41331726 recon=0.00014064 beh=5.918872 w=0.070 lr=3.312e-04 time=0.15s
[RQ-VAE] epoch=2024 loss=0.41428572 recon=0.00014042 beh=5.921418 w=0.070 lr=3.308e-04 time=0.15s
[RQ-VAE] epoch=2025 loss=0.41567904 recon=0.00014037 beh=5.930095 w=0.070 lr=3.305e-04 time=0.149s
[RQ-VAE] epoch=2026 loss=0.41614330 recon=0.00013993 beh=5.925446 w=0.070 lr=3.302e-04 time=0.149s
[RQ-VAE] epoch=2027 loss=0.41747057 recon=0.00014027 beh=5.932915 w=0.070 lr=3.298e-04 time=0.148s
[RQ-VAE] epoch=2028 loss=0.41819438 recon=0.00014132 beh=5.932060 w=0.070 lr=3.295e-04 time=0.149s
[RQ-VAE] epoch=2029 loss=0.41838384 recon=0.00014132 beh=5.923503 w=0.071 lr=3.292e-04 time=0.15s
[RQ-VAE] epoch=2030 loss=0.41890243 recon=0.00014080 beh=5.919664 w=0.071 lr=3.288e-04 time=0.149s
[RQ-VAE] epoch=2031 loss=0.42032543 recon=0.00014126 beh=5.928654 w=0.071 lr=3.285e-04 time=0.148s
[RQ-VAE] epoch=2032 loss=0.42093590 recon=0.00014069 beh=5.926248 w=0.071 lr=3.281e-04 time=0.149s
[RQ-VAE] epoch=2033 loss=0.42162046 recon=0.00014148 beh=5.924622 w=0.071 lr=3.278e-04 time=0.149s
[RQ-VAE] epoch=2034 loss=0.42225012 recon=0.00014175 beh=5.922320 w=0.071 lr=3.275e-04 time=0.149s
[RQ-VAE] epoch=2035 loss=0.42386425 recon=0.00014140 beh=5.933837 w=0.071 lr=3.271e-04 time=0.148s
[RQ-VAE] epoch=2036 loss=0.42437723 recon=0.00014063 beh=5.930068 w=0.071 lr=3.268e-04 time=0.149s
[RQ-VAE] epoch=2037 loss=0.42567682 recon=0.00014070 beh=5.937339 w=0.072 lr=3.264e-04 time=0.15s
[RQ-VAE] epoch=2038 loss=0.42615741 recon=0.00014083 beh=5.932924 w=0.072 lr=3.261e-04 time=0.149s
[RQ-VAE] epoch=2039 loss=0.42637622 recon=0.00014065 beh=5.924787 w=0.072 lr=3.258e-04 time=0.148s
[RQ-VAE] epoch=2040 loss=0.42788792 recon=0.00014094 beh=5.934802 w=0.072 lr=3.254e-04 time=0.148s
[RQ-VAE] epoch=2041 loss=0.42837185 recon=0.00014045 beh=5.930725 w=0.072 lr=3.251e-04 time=0.148s
[RQ-VAE] epoch=2042 loss=0.42930010 recon=0.00014154 beh=5.932533 w=0.072 lr=3.247e-04 time=0.149s
[RQ-VAE] epoch=2043 loss=0.43001807 recon=0.00014134 beh=5.931470 w=0.072 lr=3.244e-04 time=0.149s
[RQ-VAE] epoch=2044 loss=0.43042141 recon=0.00014109 beh=5.926168 w=0.073 lr=3.241e-04 time=0.149s
[RQ-VAE] epoch=2045 loss=0.43181628 recon=0.00014006 beh=5.934501 w=0.073 lr=3.237e-04 time=0.149s
[RQ-VAE] epoch=2046 loss=0.43175912 recon=0.00014093 beh=5.922796 w=0.073 lr=3.234e-04 time=0.149s
[RQ-VAE] epoch=2047 loss=0.43369550 recon=0.00014037 beh=5.938657 w=0.073 lr=3.231e-04 time=0.148s
[RQ-VAE] epoch=2048 loss=0.43350279 recon=0.00014130 beh=5.925131 w=0.073 lr=3.227e-04 time=0.149s
[RQ-VAE] epoch=2049 loss=0.43475911 recon=0.00014182 beh=5.931495 w=0.073 lr=3.224e-04 time=0.246s
[RQ-VAE] epoch=2050 loss=0.43411031 recon=0.00014054 lr=3.220e-04 raw_unique=23548/24587 collision=0.042258 time=0.148s
[RQ-VAE] epoch=2051 loss=0.43587598 recon=0.00014017 beh=5.925138 w=0.073 lr=3.217e-04 time=0.149s
[RQ-VAE] epoch=2052 loss=0.43700790 recon=0.00014079 beh=5.929778 w=0.074 lr=3.214e-04 time=0.149s
[RQ-VAE] epoch=2053 loss=0.43747023 recon=0.00014099 beh=5.925348 w=0.074 lr=3.210e-04 time=0.148s
[RQ-VAE] epoch=2054 loss=0.43882561 recon=0.00014097 beh=5.933054 w=0.074 lr=3.207e-04 time=0.149s
[RQ-VAE] epoch=2055 loss=0.43849972 recon=0.00014163 beh=5.917941 w=0.074 lr=3.203e-04 time=0.149s
[RQ-VAE] epoch=2056 loss=0.43986100 recon=0.00014109 beh=5.925616 w=0.074 lr=3.200e-04 time=0.147s
[RQ-VAE] epoch=2057 loss=0.44028795 recon=0.00014185 beh=5.920718 w=0.074 lr=3.197e-04 time=0.148s
[RQ-VAE] epoch=2058 loss=0.44179809 recon=0.00014194 beh=5.930298 w=0.074 lr=3.193e-04 time=0.148s
[RQ-VAE] epoch=2059 loss=0.44234952 recon=0.00014171 beh=5.927149 w=0.075 lr=3.190e-04 time=0.149s
[RQ-VAE] epoch=2060 loss=0.44340059 recon=0.00014259 beh=5.930723 w=0.075 lr=3.186e-04 time=0.151s
[RQ-VAE] epoch=2061 loss=0.44448990 recon=0.00014214 beh=5.934655 w=0.075 lr=3.183e-04 time=0.148s
[RQ-VAE] epoch=2062 loss=0.44520825 recon=0.00014153 beh=5.933784 w=0.075 lr=3.180e-04 time=0.15s
[RQ-VAE] epoch=2063 loss=0.44612029 recon=0.00014137 beh=5.935442 w=0.075 lr=3.176e-04 time=0.148s
[RQ-VAE] epoch=2064 loss=0.44608340 recon=0.00014149 beh=5.924299 w=0.075 lr=3.173e-04 time=0.148s
[RQ-VAE] epoch=2065 loss=0.44694525 recon=0.00014223 beh=5.925117 w=0.075 lr=3.169e-04 time=0.149s
[RQ-VAE] epoch=2066 loss=0.44772217 recon=0.00014112 beh=5.925146 w=0.075 lr=3.166e-04 time=0.149s
[RQ-VAE] epoch=2067 loss=0.44791842 recon=0.00014130 beh=5.917239 w=0.076 lr=3.163e-04 time=0.149s
[RQ-VAE] epoch=2068 loss=0.44979736 recon=0.00014162 beh=5.931584 w=0.076 lr=3.159e-04 time=0.148s
[RQ-VAE] epoch=2069 loss=0.45009947 recon=0.00014138 beh=5.925080 w=0.076 lr=3.156e-04 time=0.254s
[RQ-VAE] epoch=2070 loss=0.45096916 recon=0.00014151 beh=5.926150 w=0.076 lr=3.153e-04 time=0.15s
[RQ-VAE] epoch=2071 loss=0.45209381 recon=0.00014166 beh=5.930606 w=0.076 lr=3.149e-04 time=0.15s
[RQ-VAE] epoch=2072 loss=0.45179805 recon=0.00014191 beh=5.916306 w=0.076 lr=3.146e-04 time=0.149s
[RQ-VAE] epoch=2073 loss=0.45338023 recon=0.00014289 beh=5.926612 w=0.076 lr=3.142e-04 time=0.15s
[RQ-VAE] epoch=2074 loss=0.45362681 recon=0.00014221 beh=5.919697 w=0.077 lr=3.139e-04 time=0.149s
[RQ-VAE] epoch=2075 loss=0.45469716 recon=0.00014321 beh=5.923309 w=0.077 lr=3.136e-04 time=0.149s
[RQ-VAE] epoch=2076 loss=0.45624566 recon=0.00014331 beh=5.933185 w=0.077 lr=3.132e-04 time=0.149s
[RQ-VAE] epoch=2077 loss=0.45628315 recon=0.00014283 beh=5.923429 w=0.077 lr=3.129e-04 time=0.148s
[RQ-VAE] epoch=2078 loss=0.45692453 recon=0.00014180 beh=5.921347 w=0.077 lr=3.125e-04 time=0.148s
[RQ-VAE] epoch=2079 loss=0.45775884 recon=0.00014195 beh=5.921987 w=0.077 lr=3.122e-04 time=0.149s
[RQ-VAE] epoch=2080 loss=0.45933366 recon=0.00014194 beh=5.932208 w=0.077 lr=3.119e-04 time=0.149s
[RQ-VAE] epoch=2081 loss=0.46047646 recon=0.00014270 beh=5.936650 w=0.077 lr=3.115e-04 time=0.148s
[RQ-VAE] epoch=2082 loss=0.45968673 recon=0.00014198 beh=5.916288 w=0.078 lr=3.112e-04 time=0.15s
[RQ-VAE] epoch=2083 loss=0.46103606 recon=0.00014195 beh=5.923570 w=0.078 lr=3.108e-04 time=0.149s
[RQ-VAE] epoch=2084 loss=0.46165150 recon=0.00014225 beh=5.921352 w=0.078 lr=3.105e-04 time=0.239s
[RQ-VAE] epoch=2085 loss=0.46261069 recon=0.00014289 beh=5.923424 w=0.078 lr=3.102e-04 time=0.149s
[RQ-VAE] epoch=2086 loss=0.46334028 recon=0.00014201 beh=5.922677 w=0.078 lr=3.098e-04 time=0.152s
[RQ-VAE] epoch=2087 loss=0.46444139 recon=0.00014268 beh=5.926649 w=0.078 lr=3.095e-04 time=0.149s
[RQ-VAE] epoch=2088 loss=0.46460634 recon=0.00014309 beh=5.918635 w=0.078 lr=3.092e-04 time=0.149s
[RQ-VAE] epoch=2089 loss=0.46601450 recon=0.00014333 beh=5.926483 w=0.079 lr=3.088e-04 time=0.149s
[RQ-VAE] epoch=2090 loss=0.46626288 recon=0.00014250 beh=5.919572 w=0.079 lr=3.085e-04 time=0.148s
[RQ-VAE] epoch=2091 loss=0.46705106 recon=0.00014241 beh=5.919482 w=0.079 lr=3.081e-04 time=0.149s
[RQ-VAE] epoch=2092 loss=0.46862826 recon=0.00014226 beh=5.929627 w=0.079 lr=3.078e-04 time=0.15s
[RQ-VAE] epoch=2093 loss=0.46836433 recon=0.00014208 beh=5.916380 w=0.079 lr=3.075e-04 time=0.149s
[RQ-VAE] epoch=2094 loss=0.47001284 recon=0.00014254 beh=5.927186 w=0.079 lr=3.071e-04 time=0.148s
[RQ-VAE] epoch=2095 loss=0.47144687 recon=0.00014225 beh=5.935271 w=0.079 lr=3.068e-04 time=0.149s
[RQ-VAE] epoch=2096 loss=0.47166944 recon=0.00014178 beh=5.928101 w=0.079 lr=3.064e-04 time=0.149s
[RQ-VAE] epoch=2097 loss=0.47203702 recon=0.00014218 beh=5.922710 w=0.080 lr=3.061e-04 time=0.149s
[RQ-VAE] epoch=2098 loss=0.47379023 recon=0.00014219 beh=5.934861 w=0.080 lr=3.058e-04 time=0.149s
[RQ-VAE] epoch=2099 loss=0.47418538 recon=0.00014194 beh=5.929992 w=0.080 lr=3.054e-04 time=0.149s
[RQ-VAE] epoch=2100 loss=0.47471863 recon=0.00014194 lr=3.051e-04 raw_unique=23573/24587 collision=0.041241 time=0.15s
[RQ-VAE] epoch=2101 loss=0.47505611 recon=0.00014163 beh=5.921050 w=0.080 lr=3.047e-04 time=0.149s
[RQ-VAE] epoch=2102 loss=0.47612268 recon=0.00014186 beh=5.924529 w=0.080 lr=3.044e-04 time=0.149s
[RQ-VAE] epoch=2103 loss=0.47648451 recon=0.00014302 beh=5.919208 w=0.080 lr=3.041e-04 time=0.149s
[RQ-VAE] epoch=2104 loss=0.47865406 recon=0.00014248 beh=5.936354 w=0.081 lr=3.037e-04 time=0.149s
[RQ-VAE] epoch=2105 loss=0.47873625 recon=0.00014263 beh=5.927506 w=0.081 lr=3.034e-04 time=0.149s
[RQ-VAE] epoch=2106 loss=0.47867420 recon=0.00014248 beh=5.916987 w=0.081 lr=3.031e-04 time=0.149s
[RQ-VAE] epoch=2107 loss=0.47954157 recon=0.00014232 beh=5.917941 w=0.081 lr=3.027e-04 time=0.15s
[RQ-VAE] epoch=2108 loss=0.48106661 recon=0.00014267 beh=5.927032 w=0.081 lr=3.024e-04 time=0.149s
[RQ-VAE] epoch=2109 loss=0.48099977 recon=0.00014284 beh=5.916474 w=0.081 lr=3.020e-04 time=0.151s
[RQ-VAE] epoch=2110 loss=0.48221940 recon=0.00014332 beh=5.921743 w=0.081 lr=3.017e-04 time=0.149s
[RQ-VAE] epoch=2111 loss=0.48366702 recon=0.00014351 beh=5.929822 w=0.081 lr=3.014e-04 time=0.149s
[RQ-VAE] epoch=2112 loss=0.48385420 recon=0.00014269 beh=5.922419 w=0.082 lr=3.010e-04 time=0.15s
[RQ-VAE] epoch=2113 loss=0.48502830 recon=0.00014226 beh=5.927127 w=0.082 lr=3.007e-04 time=0.149s
[RQ-VAE] epoch=2114 loss=0.48567533 recon=0.00014252 beh=5.925397 w=0.082 lr=3.003e-04 time=0.149s
[RQ-VAE] epoch=2115 loss=0.48672211 recon=0.00014242 beh=5.928493 w=0.082 lr=3.000e-04 time=0.149s
[RQ-VAE] epoch=2116 loss=0.48711294 recon=0.00014227 beh=5.923631 w=0.082 lr=2.997e-04 time=0.149s
[RQ-VAE] epoch=2117 loss=0.48799744 recon=0.00014194 beh=5.924819 w=0.082 lr=2.993e-04 time=0.149s
[RQ-VAE] epoch=2118 loss=0.48811576 recon=0.00014182 beh=5.916595 w=0.082 lr=2.990e-04 time=0.148s
[RQ-VAE] epoch=2119 loss=0.48921642 recon=0.00014158 beh=5.920352 w=0.083 lr=2.986e-04 time=0.149s
[RQ-VAE] epoch=2120 loss=0.48961058 recon=0.00014129 beh=5.915577 w=0.083 lr=2.983e-04 time=0.149s
[RQ-VAE] epoch=2121 loss=0.49128222 recon=0.00014210 beh=5.926311 w=0.083 lr=2.980e-04 time=0.149s
[RQ-VAE] epoch=2122 loss=0.49163496 recon=0.00014180 beh=5.921092 w=0.083 lr=2.976e-04 time=0.15s
[RQ-VAE] epoch=2123 loss=0.49243200 recon=0.00014100 beh=5.921161 w=0.083 lr=2.973e-04 time=0.149s
[RQ-VAE] epoch=2124 loss=0.49331471 recon=0.00014073 beh=5.922228 w=0.083 lr=2.969e-04 time=0.149s
[RQ-VAE] epoch=2125 loss=0.49477211 recon=0.00014086 beh=5.930291 w=0.083 lr=2.966e-04 time=0.149s
[RQ-VAE] epoch=2126 loss=0.49506998 recon=0.00014091 beh=5.924362 w=0.083 lr=2.963e-04 time=0.149s
[RQ-VAE] epoch=2127 loss=0.49537900 recon=0.00014143 beh=5.918588 w=0.084 lr=2.959e-04 time=0.15s
[RQ-VAE] epoch=2128 loss=0.49660668 recon=0.00014118 beh=5.923829 w=0.084 lr=2.956e-04 time=0.149s
[RQ-VAE] epoch=2129 loss=0.49816337 recon=0.00014111 beh=5.932982 w=0.084 lr=2.953e-04 time=0.149s
[RQ-VAE] epoch=2130 loss=0.49777544 recon=0.00014153 beh=5.918965 w=0.084 lr=2.949e-04 time=0.149s
[RQ-VAE] epoch=2131 loss=0.49889290 recon=0.00014122 beh=5.922842 w=0.084 lr=2.946e-04 time=0.152s
[RQ-VAE] epoch=2132 loss=0.49891311 recon=0.00014092 beh=5.913789 w=0.084 lr=2.942e-04 time=0.149s
[RQ-VAE] epoch=2133 loss=0.50024116 recon=0.00014083 beh=5.920159 w=0.084 lr=2.939e-04 time=0.148s
[RQ-VAE] epoch=2134 loss=0.50114965 recon=0.00014194 beh=5.921464 w=0.085 lr=2.936e-04 time=0.151s
[RQ-VAE] epoch=2135 loss=0.50224805 recon=0.00014248 beh=5.925073 w=0.085 lr=2.932e-04 time=0.149s
[RQ-VAE] epoch=2136 loss=0.50302732 recon=0.00014166 beh=5.925039 w=0.085 lr=2.929e-04 time=0.15s
[RQ-VAE] epoch=2137 loss=0.50440311 recon=0.00014173 beh=5.931960 w=0.085 lr=2.925e-04 time=0.149s
[RQ-VAE] epoch=2138 loss=0.50430501 recon=0.00014165 beh=5.921479 w=0.085 lr=2.922e-04 time=0.149s
[RQ-VAE] epoch=2139 loss=0.50542891 recon=0.00014186 beh=5.925385 w=0.085 lr=2.919e-04 time=0.15s
[RQ-VAE] epoch=2140 loss=0.50623828 recon=0.00014212 beh=5.925611 w=0.085 lr=2.915e-04 time=0.259s
[RQ-VAE] epoch=2141 loss=0.50709176 recon=0.00014158 beh=5.926358 w=0.085 lr=2.912e-04 time=0.153s
[RQ-VAE] epoch=2142 loss=0.50742251 recon=0.00014201 beh=5.921017 w=0.086 lr=2.908e-04 time=0.15s
[RQ-VAE] epoch=2143 loss=0.50747454 recon=0.00014164 beh=5.912327 w=0.086 lr=2.905e-04 time=0.15s
[RQ-VAE] epoch=2144 loss=0.50879890 recon=0.00014161 beh=5.918511 w=0.086 lr=2.902e-04 time=0.15s
[RQ-VAE] epoch=2145 loss=0.50992924 recon=0.00014068 beh=5.922620 w=0.086 lr=2.898e-04 time=0.153s
[RQ-VAE] epoch=2146 loss=0.51064909 recon=0.00014184 beh=5.921879 w=0.086 lr=2.895e-04 time=0.15s
[RQ-VAE] epoch=2147 loss=0.51141918 recon=0.00014178 beh=5.921559 w=0.086 lr=2.892e-04 time=0.157s
[RQ-VAE] epoch=2148 loss=0.51251644 recon=0.00014208 beh=5.925058 w=0.086 lr=2.888e-04 time=0.157s
[RQ-VAE] epoch=2149 loss=0.51324928 recon=0.00014164 beh=5.924410 w=0.087 lr=2.885e-04 time=0.156s
[RQ-VAE] epoch=2150 loss=0.51356083 recon=0.00014182 lr=2.881e-04 raw_unique=23580/24587 collision=0.040957 time=0.153s
[RQ-VAE] epoch=2151 loss=0.51474154 recon=0.00014227 beh=5.923389 w=0.087 lr=2.878e-04 time=0.149s
[RQ-VAE] epoch=2152 loss=0.51583797 recon=0.00014161 beh=5.926938 w=0.087 lr=2.875e-04 time=0.149s
[RQ-VAE] epoch=2153 loss=0.51617813 recon=0.00014191 beh=5.921694 w=0.087 lr=2.871e-04 time=0.148s
[RQ-VAE] epoch=2154 loss=0.51702368 recon=0.00014082 beh=5.922444 w=0.087 lr=2.868e-04 time=0.15s
[RQ-VAE] epoch=2155 loss=0.51748359 recon=0.00014161 beh=5.918650 w=0.087 lr=2.864e-04 time=0.149s
[RQ-VAE] epoch=2156 loss=0.51800394 recon=0.00014146 beh=5.915642 w=0.087 lr=2.861e-04 time=0.15s
[RQ-VAE] epoch=2157 loss=0.51865959 recon=0.00014126 beh=5.914115 w=0.088 lr=2.858e-04 time=0.149s
[RQ-VAE] epoch=2158 loss=0.51966023 recon=0.00014134 beh=5.916488 w=0.088 lr=2.854e-04 time=0.149s
[RQ-VAE] epoch=2159 loss=0.52099395 recon=0.00014185 beh=5.922684 w=0.088 lr=2.851e-04 time=0.149s
[RQ-VAE] epoch=2160 loss=0.52130246 recon=0.00014119 beh=5.917245 w=0.088 lr=2.847e-04 time=0.15s
[RQ-VAE] epoch=2161 loss=0.52178359 recon=0.00014081 beh=5.913733 w=0.088 lr=2.844e-04 time=0.148s
[RQ-VAE] epoch=2162 loss=0.52263629 recon=0.00014157 beh=5.914388 w=0.088 lr=2.841e-04 time=0.149s
[RQ-VAE] epoch=2163 loss=0.52325284 recon=0.00014196 beh=5.912468 w=0.088 lr=2.837e-04 time=0.149s
[RQ-VAE] epoch=2164 loss=0.52511495 recon=0.00014227 beh=5.924552 w=0.089 lr=2.834e-04 time=0.148s
[RQ-VAE] epoch=2165 loss=0.52588665 recon=0.00014226 beh=5.924363 w=0.089 lr=2.831e-04 time=0.15s
[RQ-VAE] epoch=2166 loss=0.52459586 recon=0.00014176 beh=5.900952 w=0.089 lr=2.827e-04 time=0.151s
[RQ-VAE] epoch=2167 loss=0.52715117 recon=0.00014184 beh=5.920808 w=0.089 lr=2.824e-04 time=0.15s
[RQ-VAE] epoch=2168 loss=0.52843451 recon=0.00014164 beh=5.926300 w=0.089 lr=2.820e-04 time=0.151s
[RQ-VAE] epoch=2169 loss=0.52784669 recon=0.00014102 beh=5.910877 w=0.089 lr=2.817e-04 time=0.248s
[RQ-VAE] epoch=2170 loss=0.52891791 recon=0.00014128 beh=5.914074 w=0.089 lr=2.814e-04 time=0.15s
[RQ-VAE] epoch=2171 loss=0.52933037 recon=0.00014186 beh=5.909875 w=0.089 lr=2.810e-04 time=0.15s
[RQ-VAE] epoch=2172 loss=0.53032470 recon=0.00014281 beh=5.912156 w=0.090 lr=2.807e-04 time=0.149s
[RQ-VAE] epoch=2173 loss=0.53059947 recon=0.00014268 beh=5.906463 w=0.090 lr=2.803e-04 time=0.148s
[RQ-VAE] epoch=2174 loss=0.53134096 recon=0.00014230 beh=5.905848 w=0.090 lr=2.800e-04 time=0.15s
[RQ-VAE] epoch=2175 loss=0.53321135 recon=0.00014241 beh=5.917883 w=0.090 lr=2.797e-04 time=0.15s
[RQ-VAE] epoch=2176 loss=0.53451419 recon=0.00014301 beh=5.923654 w=0.090 lr=2.793e-04 time=0.149s
[RQ-VAE] epoch=2177 loss=0.53549111 recon=0.00014223 beh=5.925766 w=0.090 lr=2.790e-04 time=0.149s
[RQ-VAE] epoch=2178 loss=0.53538465 recon=0.00014184 beh=5.915779 w=0.090 lr=2.786e-04 time=0.149s
[RQ-VAE] epoch=2179 loss=0.53709877 recon=0.00014152 beh=5.926002 w=0.091 lr=2.783e-04 time=0.149s
[RQ-VAE] epoch=2180 loss=0.53813767 recon=0.00014104 beh=5.928762 w=0.091 lr=2.780e-04 time=0.149s
[RQ-VAE] epoch=2181 loss=0.53804600 recon=0.00014183 beh=5.919091 w=0.091 lr=2.776e-04 time=0.148s
[RQ-VAE] epoch=2182 loss=0.53939569 recon=0.00014205 beh=5.925216 w=0.091 lr=2.773e-04 time=0.152s
[RQ-VAE] epoch=2183 loss=0.53903371 recon=0.00014206 beh=5.912597 w=0.091 lr=2.769e-04 time=0.155s
[RQ-VAE] epoch=2184 loss=0.54072046 recon=0.00014229 beh=5.922404 w=0.091 lr=2.766e-04 time=0.152s
[RQ-VAE] epoch=2185 loss=0.54064941 recon=0.00014226 beh=5.912959 w=0.091 lr=2.763e-04 time=0.15s
[RQ-VAE] epoch=2186 loss=0.54119372 recon=0.00014191 beh=5.910278 w=0.091 lr=2.759e-04 time=0.149s
[RQ-VAE] epoch=2187 loss=0.54274935 recon=0.00014220 beh=5.918629 w=0.092 lr=2.756e-04 time=0.151s
[RQ-VAE] epoch=2188 loss=0.54340804 recon=0.00014244 beh=5.917314 w=0.092 lr=2.753e-04 time=0.15s
[RQ-VAE] epoch=2189 loss=0.54350507 recon=0.00014241 beh=5.909808 w=0.092 lr=2.749e-04 time=0.248s
[RQ-VAE] epoch=2190 loss=0.54472762 recon=0.00014210 beh=5.914478 w=0.092 lr=2.746e-04 time=0.15s
[RQ-VAE] epoch=2191 loss=0.54594934 recon=0.00014203 beh=5.919115 w=0.092 lr=2.742e-04 time=0.15s
[RQ-VAE] epoch=2192 loss=0.54664665 recon=0.00014268 beh=5.918171 w=0.092 lr=2.739e-04 time=0.15s
[RQ-VAE] epoch=2193 loss=0.54658788 recon=0.00014345 beh=5.909022 w=0.092 lr=2.736e-04 time=0.148s
[RQ-VAE] epoch=2194 loss=0.54828155 recon=0.00014227 beh=5.918781 w=0.093 lr=2.732e-04 time=0.149s
[RQ-VAE] epoch=2195 loss=0.54901087 recon=0.00014239 beh=5.918139 w=0.093 lr=2.729e-04 time=0.151s
[RQ-VAE] epoch=2196 loss=0.55003577 recon=0.00014291 beh=5.920700 w=0.093 lr=2.725e-04 time=0.151s
[RQ-VAE] epoch=2197 loss=0.55153477 recon=0.00014267 beh=5.928374 w=0.093 lr=2.722e-04 time=0.149s
[RQ-VAE] epoch=2198 loss=0.55144918 recon=0.00014269 beh=5.919033 w=0.093 lr=2.719e-04 time=0.15s
[RQ-VAE] epoch=2199 loss=0.55261230 recon=0.00014213 beh=5.922985 w=0.093 lr=2.715e-04 time=0.148s
[RQ-VAE] epoch=2200 loss=0.55311561 recon=0.00014267 lr=2.712e-04 raw_unique=23632/24587 collision=0.038842 time=0.149s
[RQ-VAE] epoch=2201 loss=0.55453587 recon=0.00014257 beh=5.926559 w=0.093 lr=2.708e-04 time=0.152s
[RQ-VAE] epoch=2202 loss=0.55435050 recon=0.00014252 beh=5.916228 w=0.094 lr=2.705e-04 time=0.15s
[RQ-VAE] epoch=2203 loss=0.55508274 recon=0.00014263 beh=5.915510 w=0.094 lr=2.702e-04 time=0.151s
[RQ-VAE] epoch=2204 loss=0.55538225 recon=0.00014215 beh=5.910308 w=0.094 lr=2.698e-04 time=0.254s
[RQ-VAE] epoch=2205 loss=0.55604398 recon=0.00014251 beh=5.908986 w=0.094 lr=2.695e-04 time=0.148s
[RQ-VAE] epoch=2206 loss=0.55709785 recon=0.00014297 beh=5.911827 w=0.094 lr=2.692e-04 time=0.15s
[RQ-VAE] epoch=2207 loss=0.55750799 recon=0.00014288 beh=5.907782 w=0.094 lr=2.688e-04 time=0.149s
[RQ-VAE] epoch=2208 loss=0.55983597 recon=0.00014261 beh=5.924138 w=0.094 lr=2.685e-04 time=0.149s
[RQ-VAE] epoch=2209 loss=0.55966568 recon=0.00014248 beh=5.914037 w=0.095 lr=2.681e-04 time=0.151s
[RQ-VAE] epoch=2210 loss=0.55983734 recon=0.00014272 beh=5.907421 w=0.095 lr=2.678e-04 time=0.15s
[RQ-VAE] epoch=2211 loss=0.56128693 recon=0.00014242 beh=5.914388 w=0.095 lr=2.675e-04 time=0.15s
[RQ-VAE] epoch=2212 loss=0.56270862 recon=0.00014319 beh=5.921090 w=0.095 lr=2.671e-04 time=0.152s
[RQ-VAE] epoch=2213 loss=0.56290877 recon=0.00014258 beh=5.914935 w=0.095 lr=2.668e-04 time=0.149s
[RQ-VAE] epoch=2214 loss=0.56410086 recon=0.00014337 beh=5.919169 w=0.095 lr=2.664e-04 time=0.15s
[RQ-VAE] epoch=2215 loss=0.56523490 recon=0.00014234 beh=5.922783 w=0.095 lr=2.661e-04 time=0.15s
[RQ-VAE] epoch=2216 loss=0.56612593 recon=0.00014296 beh=5.923843 w=0.095 lr=2.658e-04 time=0.149s
[RQ-VAE] epoch=2217 loss=0.56753129 recon=0.00014376 beh=5.930223 w=0.096 lr=2.654e-04 time=0.149s
[RQ-VAE] epoch=2218 loss=0.56757271 recon=0.00014299 beh=5.922468 w=0.096 lr=2.651e-04 time=0.148s
[RQ-VAE] epoch=2219 loss=0.56766802 recon=0.00014326 beh=5.915229 w=0.096 lr=2.647e-04 time=0.15s
[RQ-VAE] epoch=2220 loss=0.56962085 recon=0.00014313 beh=5.927358 w=0.096 lr=2.644e-04 time=0.15s
[RQ-VAE] epoch=2221 loss=0.56937796 recon=0.00014243 beh=5.916579 w=0.096 lr=2.641e-04 time=0.15s
[RQ-VAE] epoch=2222 loss=0.57048583 recon=0.00014280 beh=5.919851 w=0.096 lr=2.637e-04 time=0.149s
[RQ-VAE] epoch=2223 loss=0.57158494 recon=0.00014230 beh=5.923137 w=0.096 lr=2.634e-04 time=0.149s
[RQ-VAE] epoch=2224 loss=0.57122225 recon=0.00014239 beh=5.911249 w=0.097 lr=2.631e-04 time=0.148s
[RQ-VAE] epoch=2225 loss=0.57253718 recon=0.00014307 beh=5.916619 w=0.097 lr=2.627e-04 time=0.149s
[RQ-VAE] epoch=2226 loss=0.57239819 recon=0.00014301 beh=5.906981 w=0.097 lr=2.624e-04 time=0.149s
[RQ-VAE] epoch=2227 loss=0.57377052 recon=0.00014223 beh=5.912921 w=0.097 lr=2.620e-04 time=0.148s
[RQ-VAE] epoch=2228 loss=0.57451570 recon=0.00014209 beh=5.912513 w=0.097 lr=2.617e-04 time=0.15s
[RQ-VAE] epoch=2229 loss=0.57637703 recon=0.00014217 beh=5.923705 w=0.097 lr=2.614e-04 time=0.149s
[RQ-VAE] epoch=2230 loss=0.57660353 recon=0.00014206 beh=5.917969 w=0.097 lr=2.610e-04 time=0.148s
[RQ-VAE] epoch=2231 loss=0.57754326 recon=0.00014177 beh=5.919456 w=0.097 lr=2.607e-04 time=0.149s
[RQ-VAE] epoch=2232 loss=0.57834667 recon=0.00014229 beh=5.919528 w=0.098 lr=2.603e-04 time=0.148s
[RQ-VAE] epoch=2233 loss=0.57819378 recon=0.00014197 beh=5.909939 w=0.098 lr=2.600e-04 time=0.15s
[RQ-VAE] epoch=2234 loss=0.57945162 recon=0.00014285 beh=5.914737 w=0.098 lr=2.597e-04 time=0.149s
[RQ-VAE] epoch=2235 loss=0.57912815 recon=0.00014320 beh=5.903323 w=0.098 lr=2.593e-04 time=0.149s
[RQ-VAE] epoch=2236 loss=0.58015347 recon=0.00014239 beh=5.905773 w=0.098 lr=2.590e-04 time=0.149s
[RQ-VAE] epoch=2237 loss=0.58196163 recon=0.00014199 beh=5.916246 w=0.098 lr=2.586e-04 time=0.15s
[RQ-VAE] epoch=2238 loss=0.58328521 recon=0.00014208 beh=5.921658 w=0.098 lr=2.583e-04 time=0.15s
[RQ-VAE] epoch=2239 loss=0.58426505 recon=0.00014167 beh=5.923619 w=0.099 lr=2.580e-04 time=0.149s
[RQ-VAE] epoch=2240 loss=0.58435249 recon=0.00014169 beh=5.916496 w=0.099 lr=2.576e-04 time=0.149s
[RQ-VAE] epoch=2241 loss=0.58535337 recon=0.00014253 beh=5.918675 w=0.099 lr=2.573e-04 time=0.15s
[RQ-VAE] epoch=2242 loss=0.58556676 recon=0.00014294 beh=5.912848 w=0.099 lr=2.569e-04 time=0.15s
[RQ-VAE] epoch=2243 loss=0.58640128 recon=0.00014278 beh=5.913211 w=0.099 lr=2.566e-04 time=0.151s
[RQ-VAE] epoch=2244 loss=0.58770317 recon=0.00014310 beh=5.918331 w=0.099 lr=2.563e-04 time=0.15s
[RQ-VAE] epoch=2245 loss=0.58847296 recon=0.00014285 beh=5.918211 w=0.099 lr=2.559e-04 time=0.151s
[RQ-VAE] epoch=2246 loss=0.58890694 recon=0.00014342 beh=5.914674 w=0.099 lr=2.556e-04 time=0.15s
[RQ-VAE] epoch=2247 loss=0.59002560 recon=0.00014366 beh=5.917877 w=0.100 lr=2.553e-04 time=0.153s
[RQ-VAE] epoch=2248 loss=0.59016138 recon=0.00014336 beh=5.911357 w=0.100 lr=2.549e-04 time=0.15s
[RQ-VAE] epoch=2249 loss=0.59063476 recon=0.00014403 beh=5.908140 w=0.100 lr=2.546e-04 time=0.148s
[RQ-VAE] epoch=2250 loss=0.59270722 recon=0.00014254 lr=2.542e-04 raw_unique=23665/24587 collision=0.037499 time=0.149s
[RQ-VAE] epoch=2251 loss=0.59229243 recon=0.00014286 beh=5.909082 w=0.100 lr=2.539e-04 time=0.15s
[RQ-VAE] epoch=2252 loss=0.59362841 recon=0.00014279 beh=5.914520 w=0.100 lr=2.536e-04 time=0.149s
[RQ-VAE] epoch=2253 loss=0.59500653 recon=0.00014323 beh=5.920409 w=0.100 lr=2.532e-04 time=0.149s
[RQ-VAE] epoch=2254 loss=0.59548986 recon=0.00014233 beh=5.917396 w=0.101 lr=2.529e-04 time=0.15s
[RQ-VAE] epoch=2255 loss=0.59544730 recon=0.00014252 beh=5.909086 w=0.101 lr=2.525e-04 time=0.149s
[RQ-VAE] epoch=2256 loss=0.59602028 recon=0.00014294 beh=5.906989 w=0.101 lr=2.522e-04 time=0.149s
[RQ-VAE] epoch=2257 loss=0.59819913 recon=0.00014249 beh=5.920769 w=0.101 lr=2.519e-04 time=0.151s
[RQ-VAE] epoch=2258 loss=0.59824479 recon=0.00014349 beh=5.913371 w=0.101 lr=2.515e-04 time=0.15s
[RQ-VAE] epoch=2259 loss=0.59892631 recon=0.00014399 beh=5.912333 w=0.101 lr=2.512e-04 time=0.15s
[RQ-VAE] epoch=2260 loss=0.60102886 recon=0.00014453 beh=5.925291 w=0.101 lr=2.508e-04 time=0.149s
[RQ-VAE] epoch=2261 loss=0.60082030 recon=0.00014320 beh=5.915502 w=0.101 lr=2.505e-04 time=0.248s
[RQ-VAE] epoch=2262 loss=0.60130101 recon=0.00014277 beh=5.912488 w=0.102 lr=2.502e-04 time=0.149s
[RQ-VAE] epoch=2263 loss=0.60288239 recon=0.00014263 beh=5.920202 w=0.102 lr=2.498e-04 time=0.15s
[RQ-VAE] epoch=2264 loss=0.60356224 recon=0.00014312 beh=5.919139 w=0.102 lr=2.495e-04 time=0.148s
[RQ-VAE] epoch=2265 loss=0.60363114 recon=0.00014295 beh=5.912061 w=0.102 lr=2.492e-04 time=0.148s
[RQ-VAE] epoch=2266 loss=0.60379916 recon=0.00014278 beh=5.906069 w=0.102 lr=2.488e-04 time=0.151s
[RQ-VAE] epoch=2267 loss=0.60584372 recon=0.00014229 beh=5.918367 w=0.102 lr=2.485e-04 time=0.151s
[RQ-VAE] epoch=2268 loss=0.60613930 recon=0.00014260 beh=5.913478 w=0.102 lr=2.481e-04 time=0.15s
[RQ-VAE] epoch=2269 loss=0.60678244 recon=0.00014213 beh=5.912067 w=0.103 lr=2.478e-04 time=0.151s
[RQ-VAE] epoch=2270 loss=0.60765767 recon=0.00014256 beh=5.912881 w=0.103 lr=2.475e-04 time=0.157s
[RQ-VAE] epoch=2271 loss=0.60818350 recon=0.00014182 beh=5.910289 w=0.103 lr=2.471e-04 time=0.155s
[RQ-VAE] epoch=2272 loss=0.60953283 recon=0.00014123 beh=5.915746 w=0.103 lr=2.468e-04 time=0.154s
[RQ-VAE] epoch=2273 loss=0.61036414 recon=0.00014184 beh=5.916216 w=0.103 lr=2.464e-04 time=0.15s
[RQ-VAE] epoch=2274 loss=0.61026871 recon=0.00014154 beh=5.907694 w=0.103 lr=2.461e-04 time=0.149s
[RQ-VAE] epoch=2275 loss=0.61310697 recon=0.00014205 beh=5.927456 w=0.103 lr=2.458e-04 time=0.151s
[RQ-VAE] epoch=2276 loss=0.61325890 recon=0.00014321 beh=5.921320 w=0.103 lr=2.454e-04 time=0.15s
[RQ-VAE] epoch=2277 loss=0.61374927 recon=0.00014218 beh=5.918447 w=0.104 lr=2.451e-04 time=0.15s
[RQ-VAE] epoch=2278 loss=0.61426353 recon=0.00014209 beh=5.915784 w=0.104 lr=2.447e-04 time=0.152s
[RQ-VAE] epoch=2279 loss=0.61465245 recon=0.00014210 beh=5.911964 w=0.104 lr=2.444e-04 time=0.152s
[RQ-VAE] epoch=2280 loss=0.61599422 recon=0.00014221 beh=5.917287 w=0.104 lr=2.441e-04 time=0.15s
[RQ-VAE] epoch=2281 loss=0.61756563 recon=0.00014208 beh=5.924750 w=0.104 lr=2.437e-04 time=0.151s
[RQ-VAE] epoch=2282 loss=0.61651397 recon=0.00014265 beh=5.907083 w=0.104 lr=2.434e-04 time=0.149s
[RQ-VAE] epoch=2283 loss=0.61758935 recon=0.00014239 beh=5.909836 w=0.104 lr=2.431e-04 time=0.151s
[RQ-VAE] epoch=2284 loss=0.61849183 recon=0.00014220 beh=5.910973 w=0.105 lr=2.427e-04 time=0.152s
[RQ-VAE] epoch=2285 loss=0.62029624 recon=0.00014251 beh=5.920700 w=0.105 lr=2.424e-04 time=0.149s
[RQ-VAE] epoch=2286 loss=0.61987901 recon=0.00014303 beh=5.909147 w=0.105 lr=2.420e-04 time=0.149s
[RQ-VAE] epoch=2287 loss=0.62170404 recon=0.00014218 beh=5.918953 w=0.105 lr=2.417e-04 time=0.153s
[RQ-VAE] epoch=2288 loss=0.62172425 recon=0.00014262 beh=5.911662 w=0.105 lr=2.414e-04 time=0.15s
[RQ-VAE] epoch=2289 loss=0.62259603 recon=0.00014310 beh=5.912492 w=0.105 lr=2.410e-04 time=0.151s
[RQ-VAE] epoch=2290 loss=0.62323773 recon=0.00014226 beh=5.911126 w=0.105 lr=2.407e-04 time=0.278s
[RQ-VAE] epoch=2291 loss=0.62383747 recon=0.00014217 beh=5.909295 w=0.105 lr=2.403e-04 time=0.15s
[RQ-VAE] epoch=2292 loss=0.62441313 recon=0.00014253 beh=5.907300 w=0.106 lr=2.400e-04 time=0.148s
[RQ-VAE] epoch=2293 loss=0.62573326 recon=0.00014221 beh=5.912312 w=0.106 lr=2.397e-04 time=0.15s
[RQ-VAE] epoch=2294 loss=0.62569022 recon=0.00014135 beh=5.904468 w=0.106 lr=2.393e-04 time=0.149s
[RQ-VAE] epoch=2295 loss=0.62809002 recon=0.00014162 beh=5.919637 w=0.106 lr=2.390e-04 time=0.149s
[RQ-VAE] epoch=2296 loss=0.62756580 recon=0.00014150 beh=5.907316 w=0.106 lr=2.386e-04 time=0.15s
[RQ-VAE] epoch=2297 loss=0.62845439 recon=0.00014187 beh=5.908291 w=0.106 lr=2.383e-04 time=0.149s
[RQ-VAE] epoch=2298 loss=0.62998539 recon=0.00014151 beh=5.915256 w=0.106 lr=2.380e-04 time=0.149s
[RQ-VAE] epoch=2299 loss=0.63119411 recon=0.00014228 beh=5.919133 w=0.107 lr=2.376e-04 time=0.15s
[RQ-VAE] epoch=2300 loss=0.63144517 recon=0.00014236 lr=2.373e-04 raw_unique=23667/24587 collision=0.037418 time=0.151s
[RQ-VAE] epoch=2301 loss=0.63185412 recon=0.00014202 beh=5.910571 w=0.107 lr=2.369e-04 time=0.151s
[RQ-VAE] epoch=2302 loss=0.63211113 recon=0.00014229 beh=5.905564 w=0.107 lr=2.366e-04 time=0.149s
[RQ-VAE] epoch=2303 loss=0.63289678 recon=0.00014211 beh=5.905575 w=0.107 lr=2.363e-04 time=0.149s
[RQ-VAE] epoch=2304 loss=0.63348186 recon=0.00014188 beh=5.903673 w=0.107 lr=2.359e-04 time=0.149s
[RQ-VAE] epoch=2305 loss=0.63424903 recon=0.00014245 beh=5.903470 w=0.107 lr=2.356e-04 time=0.151s
[RQ-VAE] epoch=2306 loss=0.63514787 recon=0.00014262 beh=5.904548 w=0.107 lr=2.353e-04 time=0.151s
[RQ-VAE] epoch=2307 loss=0.63664824 recon=0.00014265 beh=5.911164 w=0.108 lr=2.349e-04 time=0.15s
[RQ-VAE] epoch=2308 loss=0.63612580 recon=0.00014168 beh=5.898991 w=0.108 lr=2.346e-04 time=0.149s
[RQ-VAE] epoch=2309 loss=0.63847178 recon=0.00014261 beh=5.913445 w=0.108 lr=2.342e-04 time=0.272s
[RQ-VAE] epoch=2310 loss=0.63972187 recon=0.00014207 beh=5.917769 w=0.108 lr=2.339e-04 time=0.15s
[RQ-VAE] epoch=2311 loss=0.64046049 recon=0.00014130 beh=5.917334 w=0.108 lr=2.336e-04 time=0.148s
[RQ-VAE] epoch=2312 loss=0.63995934 recon=0.00014206 beh=5.905353 w=0.108 lr=2.332e-04 time=0.15s
[RQ-VAE] epoch=2313 loss=0.64178705 recon=0.00014124 beh=5.914949 w=0.108 lr=2.329e-04 time=0.151s
[RQ-VAE] epoch=2314 loss=0.64373082 recon=0.00014115 beh=5.925615 w=0.109 lr=2.325e-04 time=0.149s
[RQ-VAE] epoch=2315 loss=0.64354873 recon=0.00014274 beh=5.916642 w=0.109 lr=2.322e-04 time=0.149s
[RQ-VAE] epoch=2316 loss=0.64431834 recon=0.00014225 beh=5.916478 w=0.109 lr=2.319e-04 time=0.149s
[RQ-VAE] epoch=2317 loss=0.64496148 recon=0.00014267 beh=5.915163 w=0.109 lr=2.315e-04 time=0.15s
[RQ-VAE] epoch=2318 loss=0.64566708 recon=0.00014265 beh=5.914428 w=0.109 lr=2.312e-04 time=0.152s
[RQ-VAE] epoch=2319 loss=0.64652288 recon=0.00014305 beh=5.914992 w=0.109 lr=2.308e-04 time=0.15s
[RQ-VAE] epoch=2320 loss=0.64583421 recon=0.00014293 beh=5.901445 w=0.109 lr=2.305e-04 time=0.15s
[RQ-VAE] epoch=2321 loss=0.64795011 recon=0.00014241 beh=5.913593 w=0.109 lr=2.302e-04 time=0.151s
[RQ-VAE] epoch=2322 loss=0.64852452 recon=0.00014338 beh=5.911684 w=0.110 lr=2.298e-04 time=0.15s
[RQ-VAE] epoch=2323 loss=0.65005177 recon=0.00014383 beh=5.918417 w=0.110 lr=2.295e-04 time=0.149s
[RQ-VAE] epoch=2324 loss=0.65004069 recon=0.00014359 beh=5.911055 w=0.110 lr=2.292e-04 time=0.274s
[RQ-VAE] epoch=2325 loss=0.64993006 recon=0.00014265 beh=5.902880 w=0.110 lr=2.288e-04 time=0.149s
[RQ-VAE] epoch=2326 loss=0.65160829 recon=0.00014241 beh=5.910989 w=0.110 lr=2.285e-04 time=0.148s
[RQ-VAE] epoch=2327 loss=0.65231365 recon=0.00014302 beh=5.910284 w=0.110 lr=2.281e-04 time=0.149s
[RQ-VAE] epoch=2328 loss=0.65422451 recon=0.00014350 beh=5.920523 w=0.110 lr=2.278e-04 time=0.148s
[RQ-VAE] epoch=2329 loss=0.65425479 recon=0.00014312 beh=5.913649 w=0.111 lr=2.275e-04 time=0.15s
[RQ-VAE] epoch=2330 loss=0.65496832 recon=0.00014275 beh=5.912910 w=0.111 lr=2.271e-04 time=0.146s
[RQ-VAE] epoch=2331 loss=0.65593231 recon=0.00014289 beh=5.914479 w=0.111 lr=2.268e-04 time=0.149s
[RQ-VAE] epoch=2332 loss=0.65635306 recon=0.00014246 beh=5.911184 w=0.111 lr=2.264e-04 time=0.149s
[RQ-VAE] epoch=2333 loss=0.65723634 recon=0.00014186 beh=5.912035 w=0.111 lr=2.261e-04 time=0.148s
[RQ-VAE] epoch=2334 loss=0.65667248 recon=0.00014212 beh=5.899885 w=0.111 lr=2.258e-04 time=0.147s
[RQ-VAE] epoch=2335 loss=0.65807235 recon=0.00014233 beh=5.905345 w=0.111 lr=2.254e-04 time=0.15s
[RQ-VAE] epoch=2336 loss=0.65902531 recon=0.00014240 beh=5.906856 w=0.111 lr=2.251e-04 time=0.147s
[RQ-VAE] epoch=2337 loss=0.65954250 recon=0.00014233 beh=5.904437 w=0.112 lr=2.247e-04 time=0.148s
[RQ-VAE] epoch=2338 loss=0.66122276 recon=0.00014285 beh=5.912388 w=0.112 lr=2.244e-04 time=0.147s
[RQ-VAE] epoch=2339 loss=0.66163355 recon=0.00014268 beh=5.909041 w=0.112 lr=2.241e-04 time=0.15s
[RQ-VAE] epoch=2340 loss=0.66262275 recon=0.00014168 beh=5.910870 w=0.112 lr=2.237e-04 time=0.147s
[RQ-VAE] epoch=2341 loss=0.66449934 recon=0.00014203 beh=5.920537 w=0.112 lr=2.234e-04 time=0.148s
[RQ-VAE] epoch=2342 loss=0.66518760 recon=0.00014273 beh=5.919654 w=0.112 lr=2.231e-04 time=0.149s
[RQ-VAE] epoch=2343 loss=0.66556317 recon=0.00014239 beh=5.915987 w=0.112 lr=2.227e-04 time=0.149s
[RQ-VAE] epoch=2344 loss=0.66647577 recon=0.00014235 beh=5.917108 w=0.113 lr=2.224e-04 time=0.15s
[RQ-VAE] epoch=2345 loss=0.66631573 recon=0.00014233 beh=5.908702 w=0.113 lr=2.220e-04 time=0.149s
[RQ-VAE] epoch=2346 loss=0.66750079 recon=0.00014251 beh=5.912213 w=0.113 lr=2.217e-04 time=0.149s
[RQ-VAE] epoch=2347 loss=0.66842473 recon=0.00014319 beh=5.913397 w=0.113 lr=2.214e-04 time=0.148s
[RQ-VAE] epoch=2348 loss=0.66869408 recon=0.00014336 beh=5.908804 w=0.113 lr=2.210e-04 time=0.147s
[RQ-VAE] epoch=2349 loss=0.66899985 recon=0.00014283 beh=5.904506 w=0.113 lr=2.207e-04 time=0.148s
[RQ-VAE] epoch=2350 loss=0.66967028 recon=0.00014289 lr=2.203e-04 raw_unique=23707/24587 collision=0.035791 time=0.147s
[RQ-VAE] epoch=2351 loss=0.67162639 recon=0.00014328 beh=5.913789 w=0.113 lr=2.200e-04 time=0.149s
[RQ-VAE] epoch=2352 loss=0.67173481 recon=0.00014298 beh=5.907817 w=0.114 lr=2.197e-04 time=0.148s
[RQ-VAE] epoch=2353 loss=0.67273664 recon=0.00014259 beh=5.909670 w=0.114 lr=2.193e-04 time=0.148s
[RQ-VAE] epoch=2354 loss=0.67337513 recon=0.00014266 beh=5.908401 w=0.114 lr=2.190e-04 time=0.148s
[RQ-VAE] epoch=2355 loss=0.67484003 recon=0.00014288 beh=5.914353 w=0.114 lr=2.186e-04 time=0.147s
[RQ-VAE] epoch=2356 loss=0.67605847 recon=0.00014265 beh=5.918114 w=0.114 lr=2.183e-04 time=0.148s
[RQ-VAE] epoch=2357 loss=0.67632341 recon=0.00014363 beh=5.913515 w=0.114 lr=2.180e-04 time=0.148s
[RQ-VAE] epoch=2358 loss=0.67617756 recon=0.00014320 beh=5.905334 w=0.114 lr=2.176e-04 time=0.148s
[RQ-VAE] epoch=2359 loss=0.67717355 recon=0.00014278 beh=5.907125 w=0.115 lr=2.173e-04 time=0.147s
[RQ-VAE] epoch=2360 loss=0.67732704 recon=0.00014265 beh=5.901628 w=0.115 lr=2.169e-04 time=0.148s
[RQ-VAE] epoch=2361 loss=0.67816365 recon=0.00014293 beh=5.902115 w=0.115 lr=2.166e-04 time=0.147s
[RQ-VAE] epoch=2362 loss=0.67964065 recon=0.00014262 beh=5.908076 w=0.115 lr=2.163e-04 time=0.15s
[RQ-VAE] epoch=2363 loss=0.68008101 recon=0.00014258 beh=5.905004 w=0.115 lr=2.159e-04 time=0.147s
[RQ-VAE] epoch=2364 loss=0.68178034 recon=0.00014236 beh=5.912942 w=0.115 lr=2.156e-04 time=0.149s
[RQ-VAE] epoch=2365 loss=0.68249738 recon=0.00014286 beh=5.912326 w=0.115 lr=2.153e-04 time=0.148s
[RQ-VAE] epoch=2366 loss=0.68342352 recon=0.00014316 beh=5.913531 w=0.115 lr=2.149e-04 time=0.146s
[RQ-VAE] epoch=2367 loss=0.68393356 recon=0.00014250 beh=5.911115 w=0.116 lr=2.146e-04 time=0.149s
[RQ-VAE] epoch=2368 loss=0.68453479 recon=0.00014306 beh=5.909488 w=0.116 lr=2.142e-04 time=0.147s
[RQ-VAE] epoch=2369 loss=0.68551934 recon=0.00014372 beh=5.911191 w=0.116 lr=2.139e-04 time=0.146s
[RQ-VAE] epoch=2370 loss=0.68479145 recon=0.00014250 beh=5.898137 w=0.116 lr=2.136e-04 time=0.148s
[RQ-VAE] epoch=2371 loss=0.68737471 recon=0.00014233 beh=5.913614 w=0.116 lr=2.132e-04 time=0.148s
[RQ-VAE] epoch=2372 loss=0.68797266 recon=0.00014200 beh=5.911983 w=0.116 lr=2.129e-04 time=0.148s
[RQ-VAE] epoch=2373 loss=0.68837202 recon=0.00014252 beh=5.908637 w=0.116 lr=2.125e-04 time=0.149s
[RQ-VAE] epoch=2374 loss=0.68996519 recon=0.00014237 beh=5.915524 w=0.117 lr=2.122e-04 time=0.148s
[RQ-VAE] epoch=2375 loss=0.69091195 recon=0.00014296 beh=5.916909 w=0.117 lr=2.119e-04 time=0.148s
[RQ-VAE] epoch=2376 loss=0.69012964 recon=0.00014292 beh=5.903462 w=0.117 lr=2.115e-04 time=0.15s
[RQ-VAE] epoch=2377 loss=0.69174886 recon=0.00014253 beh=5.910519 w=0.117 lr=2.112e-04 time=0.149s
[RQ-VAE] epoch=2378 loss=0.69317746 recon=0.00014175 beh=5.915994 w=0.117 lr=2.108e-04 time=0.148s
[RQ-VAE] epoch=2379 loss=0.69421023 recon=0.00014124 beh=5.918118 w=0.117 lr=2.105e-04 time=0.149s
[RQ-VAE] epoch=2380 loss=0.69381917 recon=0.00014166 beh=5.908090 w=0.117 lr=2.102e-04 time=0.148s
[RQ-VAE] epoch=2381 loss=0.69441819 recon=0.00014282 beh=5.906468 w=0.117 lr=2.098e-04 time=0.274s
[RQ-VAE] epoch=2382 loss=0.69509268 recon=0.00014218 beh=5.905489 w=0.118 lr=2.095e-04 time=0.147s
[RQ-VAE] epoch=2383 loss=0.69626570 recon=0.00014225 beh=5.908781 w=0.118 lr=2.092e-04 time=0.148s
[RQ-VAE] epoch=2384 loss=0.69682169 recon=0.00014256 beh=5.906807 w=0.118 lr=2.088e-04 time=0.149s
[RQ-VAE] epoch=2385 loss=0.69634819 recon=0.00014326 beh=5.896094 w=0.118 lr=2.085e-04 time=0.149s
[RQ-VAE] epoch=2386 loss=0.69824743 recon=0.00014217 beh=5.905476 w=0.118 lr=2.081e-04 time=0.15s
[RQ-VAE] epoch=2387 loss=0.70020819 recon=0.00014375 beh=5.915411 w=0.118 lr=2.078e-04 time=0.149s
[RQ-VAE] epoch=2388 loss=0.70061117 recon=0.00014340 beh=5.912179 w=0.118 lr=2.075e-04 time=0.15s
[RQ-VAE] epoch=2389 loss=0.70190465 recon=0.00014320 beh=5.916433 w=0.119 lr=2.071e-04 time=0.149s
[RQ-VAE] epoch=2390 loss=0.70273894 recon=0.00014260 beh=5.916871 w=0.119 lr=2.068e-04 time=0.148s
[RQ-VAE] epoch=2391 loss=0.70243204 recon=0.00014268 beh=5.907644 w=0.119 lr=2.064e-04 time=0.151s
[RQ-VAE] epoch=2392 loss=0.70253569 recon=0.00014258 beh=5.901827 w=0.119 lr=2.061e-04 time=0.148s
[RQ-VAE] epoch=2393 loss=0.70408547 recon=0.00014314 beh=5.908161 w=0.119 lr=2.058e-04 time=0.149s
[RQ-VAE] epoch=2394 loss=0.70394576 recon=0.00014308 beh=5.900417 w=0.119 lr=2.054e-04 time=0.149s
[RQ-VAE] epoch=2395 loss=0.70552850 recon=0.00014242 beh=5.907119 w=0.119 lr=2.051e-04 time=0.149s
[RQ-VAE] epoch=2396 loss=0.70621520 recon=0.00014263 beh=5.906263 w=0.119 lr=2.047e-04 time=0.148s
[RQ-VAE] epoch=2397 loss=0.70746183 recon=0.00014248 beh=5.910091 w=0.120 lr=2.044e-04 time=0.148s
[RQ-VAE] epoch=2398 loss=0.70879787 recon=0.00014310 beh=5.914698 w=0.120 lr=2.041e-04 time=0.148s
[RQ-VAE] epoch=2399 loss=0.70889592 recon=0.00014255 beh=5.908998 w=0.120 lr=2.037e-04 time=0.149s
[RQ-VAE] epoch=2400 loss=0.70964086 recon=0.00014253 lr=2.034e-04 raw_unique=23757/24587 collision=0.033758 time=0.149s
[RQ-VAE] epoch=2401 loss=0.71122229 recon=0.00014249 beh=5.915181 w=0.120 lr=2.031e-04 time=0.148s
[RQ-VAE] epoch=2402 loss=0.70994461 recon=0.00014232 beh=5.897986 w=0.120 lr=2.027e-04 time=0.148s
[RQ-VAE] epoch=2403 loss=0.71229315 recon=0.00014191 beh=5.910957 w=0.120 lr=2.024e-04 time=0.149s
[RQ-VAE] epoch=2404 loss=0.71155930 recon=0.00014256 beh=5.898347 w=0.121 lr=2.020e-04 time=0.148s
[RQ-VAE] epoch=2405 loss=0.71369910 recon=0.00014212 beh=5.909552 w=0.121 lr=2.017e-04 time=0.151s
[RQ-VAE] epoch=2406 loss=0.71459508 recon=0.00014212 beh=5.910461 w=0.121 lr=2.014e-04 time=0.149s
[RQ-VAE] epoch=2407 loss=0.71554452 recon=0.00014220 beh=5.911795 w=0.121 lr=2.010e-04 time=0.148s
[RQ-VAE] epoch=2408 loss=0.71555793 recon=0.00014274 beh=5.905379 w=0.121 lr=2.007e-04 time=0.148s
[RQ-VAE] epoch=2409 loss=0.71735477 recon=0.00014227 beh=5.913713 w=0.121 lr=2.003e-04 time=0.149s
[RQ-VAE] epoch=2410 loss=0.71837986 recon=0.00014294 beh=5.915635 w=0.121 lr=2.000e-04 time=0.274s
[RQ-VAE] epoch=2411 loss=0.71902716 recon=0.00014291 beh=5.914526 w=0.121 lr=1.997e-04 time=0.149s
[RQ-VAE] epoch=2412 loss=0.71926290 recon=0.00014243 beh=5.909960 w=0.122 lr=1.993e-04 time=0.148s
[RQ-VAE] epoch=2413 loss=0.72138095 recon=0.00014218 beh=5.920901 w=0.122 lr=1.990e-04 time=0.149s
[RQ-VAE] epoch=2414 loss=0.71956104 recon=0.00014209 beh=5.899492 w=0.122 lr=1.986e-04 time=0.148s
[RQ-VAE] epoch=2415 loss=0.72108591 recon=0.00014157 beh=5.905486 w=0.122 lr=1.983e-04 time=0.149s
[RQ-VAE] epoch=2416 loss=0.72164845 recon=0.00014223 beh=5.903628 w=0.122 lr=1.980e-04 time=0.153s
[RQ-VAE] epoch=2417 loss=0.72317457 recon=0.00014259 beh=5.909695 w=0.122 lr=1.976e-04 time=0.149s
[RQ-VAE] epoch=2418 loss=0.72464633 recon=0.00014289 beh=5.915297 w=0.122 lr=1.973e-04 time=0.149s
[RQ-VAE] epoch=2419 loss=0.72577441 recon=0.00014204 beh=5.918074 w=0.123 lr=1.969e-04 time=0.149s
[RQ-VAE] epoch=2420 loss=0.72518986 recon=0.00014282 beh=5.906870 w=0.123 lr=1.966e-04 time=0.15s
[RQ-VAE] epoch=2421 loss=0.72655141 recon=0.00014270 beh=5.911505 w=0.123 lr=1.963e-04 time=0.149s
[RQ-VAE] epoch=2422 loss=0.72755063 recon=0.00014250 beh=5.913257 w=0.123 lr=1.959e-04 time=0.149s
[RQ-VAE] epoch=2423 loss=0.72794741 recon=0.00014280 beh=5.910045 w=0.123 lr=1.956e-04 time=0.149s
[RQ-VAE] epoch=2424 loss=0.72797221 recon=0.00014269 beh=5.903854 w=0.123 lr=1.953e-04 time=0.149s
[RQ-VAE] epoch=2425 loss=0.72806877 recon=0.00014184 beh=5.898262 w=0.123 lr=1.949e-04 time=0.149s
[RQ-VAE] epoch=2426 loss=0.73056000 recon=0.00014267 beh=5.912081 w=0.123 lr=1.946e-04 time=0.149s
[RQ-VAE] epoch=2427 loss=0.73133343 recon=0.00014297 beh=5.911971 w=0.124 lr=1.942e-04 time=0.148s
[RQ-VAE] epoch=2428 loss=0.73218864 recon=0.00014241 beh=5.912527 w=0.124 lr=1.939e-04 time=0.15s
[RQ-VAE] epoch=2429 loss=0.73214984 recon=0.00014284 beh=5.905839 w=0.124 lr=1.936e-04 time=0.265s
[RQ-VAE] epoch=2430 loss=0.73293579 recon=0.00014268 beh=5.905800 w=0.124 lr=1.932e-04 time=0.149s
[RQ-VAE] epoch=2431 loss=0.73249269 recon=0.00014251 beh=5.895893 w=0.124 lr=1.929e-04 time=0.149s
[RQ-VAE] epoch=2432 loss=0.73642039 recon=0.00014298 beh=5.921198 w=0.124 lr=1.925e-04 time=0.149s
[RQ-VAE] epoch=2433 loss=0.73577398 recon=0.00014303 beh=5.909692 w=0.124 lr=1.922e-04 time=0.15s
[RQ-VAE] epoch=2434 loss=0.73582977 recon=0.00014308 beh=5.903773 w=0.125 lr=1.919e-04 time=0.149s
[RQ-VAE] epoch=2435 loss=0.73620361 recon=0.00014315 beh=5.900426 w=0.125 lr=1.915e-04 time=0.148s
[RQ-VAE] epoch=2436 loss=0.73864895 recon=0.00014371 beh=5.913744 w=0.125 lr=1.912e-04 time=0.149s
[RQ-VAE] epoch=2437 loss=0.73912269 recon=0.00014387 beh=5.911169 w=0.125 lr=1.908e-04 time=0.15s
[RQ-VAE] epoch=2438 loss=0.73980033 recon=0.00014327 beh=5.910327 w=0.125 lr=1.905e-04 time=0.148s
[RQ-VAE] epoch=2439 loss=0.73921984 recon=0.00014374 beh=5.899372 w=0.125 lr=1.902e-04 time=0.15s
[RQ-VAE] epoch=2440 loss=0.74096847 recon=0.00014341 beh=5.907110 w=0.125 lr=1.898e-04 time=0.15s
[RQ-VAE] epoch=2441 loss=0.74243027 recon=0.00014274 beh=5.912444 w=0.125 lr=1.895e-04 time=0.147s
[RQ-VAE] epoch=2442 loss=0.74192339 recon=0.00014323 beh=5.902097 w=0.126 lr=1.892e-04 time=0.149s
[RQ-VAE] epoch=2443 loss=0.74253798 recon=0.00014297 beh=5.900738 w=0.126 lr=1.888e-04 time=0.149s
[RQ-VAE] epoch=2444 loss=0.74516732 recon=0.00014371 beh=5.915373 w=0.126 lr=1.885e-04 time=0.246s
[RQ-VAE] epoch=2445 loss=0.74440283 recon=0.00014336 beh=5.903065 w=0.126 lr=1.881e-04 time=0.15s
[RQ-VAE] epoch=2446 loss=0.74666917 recon=0.00014391 beh=5.914787 w=0.126 lr=1.878e-04 time=0.15s
[RQ-VAE] epoch=2447 loss=0.74637038 recon=0.00014363 beh=5.906203 w=0.126 lr=1.875e-04 time=0.15s
[RQ-VAE] epoch=2448 loss=0.74788666 recon=0.00014410 beh=5.911946 w=0.126 lr=1.871e-04 time=0.15s
[RQ-VAE] epoch=2449 loss=0.74970543 recon=0.00014369 beh=5.920117 w=0.127 lr=1.868e-04 time=0.149s
[RQ-VAE] epoch=2450 loss=0.74868661 recon=0.00014384 lr=1.864e-04 raw_unique=23679/24587 collision=0.036930 time=0.149s
[RQ-VAE] epoch=2451 loss=0.74958640 recon=0.00014342 beh=5.906717 w=0.127 lr=1.861e-04 time=0.15s
[RQ-VAE] epoch=2452 loss=0.74953860 recon=0.00014350 beh=5.900101 w=0.127 lr=1.858e-04 time=0.149s
[RQ-VAE] epoch=2453 loss=0.75048816 recon=0.00014349 beh=5.901386 w=0.127 lr=1.854e-04 time=0.15s
[RQ-VAE] epoch=2454 loss=0.75208414 recon=0.00014326 beh=5.907737 w=0.127 lr=1.851e-04 time=0.149s
[RQ-VAE] epoch=2455 loss=0.75231886 recon=0.00014368 beh=5.903419 w=0.127 lr=1.847e-04 time=0.15s
[RQ-VAE] epoch=2456 loss=0.75418055 recon=0.00014413 beh=5.911860 w=0.127 lr=1.844e-04 time=0.149s
[RQ-VAE] epoch=2457 loss=0.75458407 recon=0.00014394 beh=5.908846 w=0.128 lr=1.841e-04 time=0.151s
[RQ-VAE] epoch=2458 loss=0.75417900 recon=0.00014338 beh=5.899473 w=0.128 lr=1.837e-04 time=0.149s
[RQ-VAE] epoch=2459 loss=0.75483406 recon=0.00014360 beh=5.898412 w=0.128 lr=1.834e-04 time=0.149s
[RQ-VAE] epoch=2460 loss=0.75569177 recon=0.00014383 beh=5.898975 w=0.128 lr=1.831e-04 time=0.149s
[RQ-VAE] epoch=2461 loss=0.75819975 recon=0.00014407 beh=5.912442 w=0.128 lr=1.827e-04 time=0.149s
[RQ-VAE] epoch=2462 loss=0.75838834 recon=0.00014422 beh=5.907792 w=0.128 lr=1.824e-04 time=0.152s
[RQ-VAE] epoch=2463 loss=0.75952154 recon=0.00014462 beh=5.910471 w=0.128 lr=1.820e-04 time=0.149s
[RQ-VAE] epoch=2464 loss=0.75962460 recon=0.00014464 beh=5.905156 w=0.129 lr=1.817e-04 time=0.149s
[RQ-VAE] epoch=2465 loss=0.76134455 recon=0.00014434 beh=5.912392 w=0.129 lr=1.814e-04 time=0.15s
[RQ-VAE] epoch=2466 loss=0.76160240 recon=0.00014465 beh=5.908244 w=0.129 lr=1.810e-04 time=0.148s
[RQ-VAE] epoch=2467 loss=0.76363051 recon=0.00014441 beh=5.917904 w=0.129 lr=1.807e-04 time=0.149s
[RQ-VAE] epoch=2468 loss=0.76346684 recon=0.00014432 beh=5.910571 w=0.129 lr=1.803e-04 time=0.148s
[RQ-VAE] epoch=2469 loss=0.76330841 recon=0.00014422 beh=5.903217 w=0.129 lr=1.800e-04 time=0.149s
[RQ-VAE] epoch=2470 loss=0.76511484 recon=0.00014404 beh=5.911077 w=0.129 lr=1.797e-04 time=0.149s
[RQ-VAE] epoch=2471 loss=0.76480412 recon=0.00014368 beh=5.902600 w=0.129 lr=1.793e-04 time=0.149s
[RQ-VAE] epoch=2472 loss=0.76565003 recon=0.00014399 beh=5.903054 w=0.130 lr=1.790e-04 time=0.148s
[RQ-VAE] epoch=2473 loss=0.76585859 recon=0.00014405 beh=5.898580 w=0.130 lr=1.786e-04 time=0.148s
[RQ-VAE] epoch=2474 loss=0.76684803 recon=0.00014511 beh=5.900095 w=0.130 lr=1.783e-04 time=0.149s
[RQ-VAE] epoch=2475 loss=0.76863194 recon=0.00014460 beh=5.907772 w=0.130 lr=1.780e-04 time=0.149s
[RQ-VAE] epoch=2476 loss=0.77027643 recon=0.00014452 beh=5.914378 w=0.130 lr=1.776e-04 time=0.15s
[RQ-VAE] epoch=2477 loss=0.77000606 recon=0.00014386 beh=5.906264 w=0.130 lr=1.773e-04 time=0.148s
[RQ-VAE] epoch=2478 loss=0.77035344 recon=0.00014360 beh=5.902886 w=0.130 lr=1.769e-04 time=0.149s
[RQ-VAE] epoch=2479 loss=0.77249968 recon=0.00014355 beh=5.913339 w=0.131 lr=1.766e-04 time=0.149s
[RQ-VAE] epoch=2480 loss=0.77316862 recon=0.00014379 beh=5.912457 w=0.131 lr=1.763e-04 time=0.148s
[RQ-VAE] epoch=2481 loss=0.77283007 recon=0.00014368 beh=5.903791 w=0.131 lr=1.759e-04 time=0.149s
[RQ-VAE] epoch=2482 loss=0.77433896 recon=0.00014422 beh=5.909273 w=0.131 lr=1.756e-04 time=0.148s
[RQ-VAE] epoch=2483 loss=0.77529389 recon=0.00014347 beh=5.910584 w=0.131 lr=1.753e-04 time=0.149s
[RQ-VAE] epoch=2484 loss=0.77657020 recon=0.00014319 beh=5.914312 w=0.131 lr=1.749e-04 time=0.15s
[RQ-VAE] epoch=2485 loss=0.77619690 recon=0.00014383 beh=5.905416 w=0.131 lr=1.746e-04 time=0.15s
[RQ-VAE] epoch=2486 loss=0.77771080 recon=0.00014458 beh=5.910921 w=0.131 lr=1.742e-04 time=0.15s
[RQ-VAE] epoch=2487 loss=0.77724940 recon=0.00014440 beh=5.901459 w=0.132 lr=1.739e-04 time=0.149s
[RQ-VAE] epoch=2488 loss=0.77869964 recon=0.00014439 beh=5.906507 w=0.132 lr=1.736e-04 time=0.149s
[RQ-VAE] epoch=2489 loss=0.77934021 recon=0.00014417 beh=5.905361 w=0.132 lr=1.732e-04 time=0.15s
[RQ-VAE] epoch=2490 loss=0.78081602 recon=0.00014455 beh=5.910526 w=0.132 lr=1.729e-04 time=0.149s
[RQ-VAE] epoch=2491 loss=0.78145123 recon=0.00014405 beh=5.909434 w=0.132 lr=1.725e-04 time=0.149s
[RQ-VAE] epoch=2492 loss=0.78204966 recon=0.00014460 beh=5.908005 w=0.132 lr=1.722e-04 time=0.149s
[RQ-VAE] epoch=2493 loss=0.78214860 recon=0.00014456 beh=5.902767 w=0.132 lr=1.719e-04 time=0.149s
[RQ-VAE] epoch=2494 loss=0.78441501 recon=0.00014351 beh=5.913923 w=0.133 lr=1.715e-04 time=0.149s
[RQ-VAE] epoch=2495 loss=0.78289622 recon=0.00014365 beh=5.896545 w=0.133 lr=1.712e-04 time=0.15s
[RQ-VAE] epoch=2496 loss=0.78435469 recon=0.00014393 beh=5.901616 w=0.133 lr=1.708e-04 time=0.15s
[RQ-VAE] epoch=2497 loss=0.78508711 recon=0.00014333 beh=5.901234 w=0.133 lr=1.705e-04 time=0.149s
[RQ-VAE] epoch=2498 loss=0.78737110 recon=0.00014361 beh=5.912505 w=0.133 lr=1.702e-04 time=0.149s
[RQ-VAE] epoch=2499 loss=0.78706968 recon=0.00014298 beh=5.904332 w=0.133 lr=1.698e-04 time=0.149s
[RQ-VAE] epoch=2500 loss=0.78766841 recon=0.00014306 lr=1.695e-04 raw_unique=23653/24587 collision=0.037988 time=0.149s
[RQ-VAE] epoch=2501 loss=0.78912848 recon=0.00014345 beh=5.907898 w=0.133 lr=1.692e-04 time=0.268s
[RQ-VAE] epoch=2502 loss=0.79020214 recon=0.00014432 beh=5.910064 w=0.134 lr=1.688e-04 time=0.149s
[RQ-VAE] epoch=2503 loss=0.79103994 recon=0.00014425 beh=5.910469 w=0.134 lr=1.685e-04 time=0.15s
[RQ-VAE] epoch=2504 loss=0.79195523 recon=0.00014382 beh=5.911426 w=0.134 lr=1.681e-04 time=0.148s
[RQ-VAE] epoch=2505 loss=0.79206920 recon=0.00014458 beh=5.906366 w=0.134 lr=1.678e-04 time=0.149s
[RQ-VAE] epoch=2506 loss=0.79244190 recon=0.00014377 beh=5.903257 w=0.134 lr=1.675e-04 time=0.149s
[RQ-VAE] epoch=2507 loss=0.79271722 recon=0.00014392 beh=5.899430 w=0.134 lr=1.671e-04 time=0.149s
[RQ-VAE] epoch=2508 loss=0.79422873 recon=0.00014333 beh=5.904863 w=0.134 lr=1.668e-04 time=0.149s
[RQ-VAE] epoch=2509 loss=0.79392737 recon=0.00014402 beh=5.896712 w=0.135 lr=1.664e-04 time=0.15s
[RQ-VAE] epoch=2510 loss=0.79447758 recon=0.00014398 beh=5.894942 w=0.135 lr=1.661e-04 time=0.15s
[RQ-VAE] epoch=2511 loss=0.79523206 recon=0.00014380 beh=5.894699 w=0.135 lr=1.658e-04 time=0.149s
[RQ-VAE] epoch=2512 loss=0.79496872 recon=0.00014370 beh=5.886925 w=0.135 lr=1.654e-04 time=0.149s
[RQ-VAE] epoch=2513 loss=0.79799229 recon=0.00014453 beh=5.903465 w=0.135 lr=1.651e-04 time=0.149s
[RQ-VAE] epoch=2514 loss=0.79974222 recon=0.00014414 beh=5.910600 w=0.135 lr=1.647e-04 time=0.149s
[RQ-VAE] epoch=2515 loss=0.80062294 recon=0.00014381 beh=5.911314 w=0.135 lr=1.644e-04 time=0.149s
[RQ-VAE] epoch=2516 loss=0.80099213 recon=0.00014401 beh=5.908275 w=0.135 lr=1.641e-04 time=0.15s
[RQ-VAE] epoch=2517 loss=0.80040675 recon=0.00014345 beh=5.898147 w=0.136 lr=1.637e-04 time=0.149s
[RQ-VAE] epoch=2518 loss=0.80065280 recon=0.00014356 beh=5.894128 w=0.136 lr=1.634e-04 time=0.149s
[RQ-VAE] epoch=2519 loss=0.80253720 recon=0.00014379 beh=5.902190 w=0.136 lr=1.631e-04 time=0.15s
[RQ-VAE] epoch=2520 loss=0.80400175 recon=0.00014446 beh=5.907160 w=0.136 lr=1.627e-04 time=0.149s
[RQ-VAE] epoch=2521 loss=0.80358529 recon=0.00014423 beh=5.898361 w=0.136 lr=1.624e-04 time=0.149s
[RQ-VAE] epoch=2522 loss=0.80477923 recon=0.00014432 beh=5.901360 w=0.136 lr=1.620e-04 time=0.149s
[RQ-VAE] epoch=2523 loss=0.80621082 recon=0.00014533 beh=5.906055 w=0.136 lr=1.617e-04 time=0.15s
[RQ-VAE] epoch=2524 loss=0.80754095 recon=0.00014423 beh=5.910059 w=0.137 lr=1.614e-04 time=0.149s
[RQ-VAE] epoch=2525 loss=0.80900496 recon=0.00014400 beh=5.914999 w=0.137 lr=1.610e-04 time=0.15s
[RQ-VAE] epoch=2526 loss=0.80925333 recon=0.00014457 beh=5.911028 w=0.137 lr=1.607e-04 time=0.15s
[RQ-VAE] epoch=2527 loss=0.80845952 recon=0.00014517 beh=5.899502 w=0.137 lr=1.603e-04 time=0.149s
[RQ-VAE] epoch=2528 loss=0.81051326 recon=0.00014421 beh=5.908741 w=0.137 lr=1.600e-04 time=0.148s
[RQ-VAE] epoch=2529 loss=0.81144798 recon=0.00014411 beh=5.909797 w=0.137 lr=1.597e-04 time=0.149s
[RQ-VAE] epoch=2530 loss=0.81118584 recon=0.00014410 beh=5.902152 w=0.137 lr=1.593e-04 time=0.242s
[RQ-VAE] epoch=2531 loss=0.81143898 recon=0.00014429 beh=5.898272 w=0.137 lr=1.590e-04 time=0.149s
[RQ-VAE] epoch=2532 loss=0.81126904 recon=0.00014445 beh=5.891304 w=0.138 lr=1.586e-04 time=0.151s
[RQ-VAE] epoch=2533 loss=0.81424749 recon=0.00014451 beh=5.907257 w=0.138 lr=1.583e-04 time=0.149s
[RQ-VAE] epoch=2534 loss=0.81398934 recon=0.00014446 beh=5.899692 w=0.138 lr=1.580e-04 time=0.148s
[RQ-VAE] epoch=2535 loss=0.81451643 recon=0.00014385 beh=5.897818 w=0.138 lr=1.576e-04 time=0.151s
[RQ-VAE] epoch=2536 loss=0.81717181 recon=0.00014371 beh=5.911298 w=0.138 lr=1.573e-04 time=0.15s
[RQ-VAE] epoch=2537 loss=0.81762308 recon=0.00014422 beh=5.908872 w=0.138 lr=1.569e-04 time=0.149s
[RQ-VAE] epoch=2538 loss=0.81825221 recon=0.00014462 beh=5.907727 w=0.138 lr=1.566e-04 time=0.15s
[RQ-VAE] epoch=2539 loss=0.81727290 recon=0.00014485 beh=5.894989 w=0.139 lr=1.563e-04 time=0.15s
[RQ-VAE] epoch=2540 loss=0.81992692 recon=0.00014424 beh=5.908490 w=0.139 lr=1.559e-04 time=0.15s
[RQ-VAE] epoch=2541 loss=0.81978279 recon=0.00014355 beh=5.901758 w=0.139 lr=1.556e-04 time=0.15s
[RQ-VAE] epoch=2542 loss=0.82042652 recon=0.00014375 beh=5.900712 w=0.139 lr=1.553e-04 time=0.149s
[RQ-VAE] epoch=2543 loss=0.82081014 recon=0.00014470 beh=5.897814 w=0.139 lr=1.549e-04 time=0.149s
[RQ-VAE] epoch=2544 loss=0.82055426 recon=0.00014472 beh=5.890303 w=0.139 lr=1.546e-04 time=0.148s
[RQ-VAE] epoch=2545 loss=0.82356936 recon=0.00014437 beh=5.906286 w=0.139 lr=1.542e-04 time=0.15s
[RQ-VAE] epoch=2546 loss=0.82374424 recon=0.00014369 beh=5.901910 w=0.139 lr=1.539e-04 time=0.15s
[RQ-VAE] epoch=2547 loss=0.82542074 recon=0.00014403 beh=5.908294 w=0.140 lr=1.536e-04 time=0.149s
[RQ-VAE] epoch=2548 loss=0.82540262 recon=0.00014481 beh=5.902561 w=0.140 lr=1.532e-04 time=0.149s
[RQ-VAE] epoch=2549 loss=0.82661712 recon=0.00014458 beh=5.905624 w=0.140 lr=1.529e-04 time=0.245s
[RQ-VAE] epoch=2550 loss=0.82750541 recon=0.00014399 lr=1.525e-04 raw_unique=23724/24587 collision=0.035100 time=0.149s
[RQ-VAE] epoch=2551 loss=0.82763195 recon=0.00014400 beh=5.901616 w=0.140 lr=1.522e-04 time=0.151s
[RQ-VAE] epoch=2552 loss=0.82956219 recon=0.00014438 beh=5.909736 w=0.140 lr=1.519e-04 time=0.15s
[RQ-VAE] epoch=2553 loss=0.83076090 recon=0.00014435 beh=5.912667 w=0.140 lr=1.515e-04 time=0.15s
[RQ-VAE] epoch=2554 loss=0.83063018 recon=0.00014397 beh=5.906148 w=0.141 lr=1.512e-04 time=0.15s
[RQ-VAE] epoch=2555 loss=0.83104408 recon=0.00014421 beh=5.903482 w=0.141 lr=1.508e-04 time=0.149s
[RQ-VAE] epoch=2556 loss=0.83089209 recon=0.00014448 beh=5.896806 w=0.141 lr=1.505e-04 time=0.15s
[RQ-VAE] epoch=2557 loss=0.83124214 recon=0.00014397 beh=5.893695 w=0.141 lr=1.502e-04 time=0.15s
[RQ-VAE] epoch=2558 loss=0.83351159 recon=0.00014409 beh=5.904199 w=0.141 lr=1.498e-04 time=0.149s
[RQ-VAE] epoch=2559 loss=0.83335829 recon=0.00014422 beh=5.897566 w=0.141 lr=1.495e-04 time=0.149s
[RQ-VAE] epoch=2560 loss=0.83383358 recon=0.00014457 beh=5.895382 w=0.141 lr=1.492e-04 time=0.149s
[RQ-VAE] epoch=2561 loss=0.83562881 recon=0.00014457 beh=5.902512 w=0.141 lr=1.488e-04 time=0.15s
[RQ-VAE] epoch=2562 loss=0.83685529 recon=0.00014482 beh=5.905611 w=0.142 lr=1.485e-04 time=0.151s
[RQ-VAE] epoch=2563 loss=0.83543330 recon=0.00014409 beh=5.889989 w=0.142 lr=1.481e-04 time=0.149s
[RQ-VAE] epoch=2564 loss=0.83733398 recon=0.00014388 beh=5.897810 w=0.142 lr=1.478e-04 time=0.15s
[RQ-VAE] epoch=2565 loss=0.83983290 recon=0.00014382 beh=5.909891 w=0.142 lr=1.475e-04 time=0.261s
[RQ-VAE] epoch=2566 loss=0.84049457 recon=0.00014400 beh=5.909057 w=0.142 lr=1.471e-04 time=0.15s
[RQ-VAE] epoch=2567 loss=0.84023547 recon=0.00014325 beh=5.901718 w=0.142 lr=1.468e-04 time=0.15s
[RQ-VAE] epoch=2568 loss=0.84174073 recon=0.00014404 beh=5.906755 w=0.142 lr=1.464e-04 time=0.15s
[RQ-VAE] epoch=2569 loss=0.84320933 recon=0.00014494 beh=5.911546 w=0.143 lr=1.461e-04 time=0.149s
[RQ-VAE] epoch=2570 loss=0.84222293 recon=0.00014513 beh=5.899086 w=0.143 lr=1.458e-04 time=0.15s
[RQ-VAE] epoch=2571 loss=0.84447360 recon=0.00014428 beh=5.909295 w=0.143 lr=1.454e-04 time=0.148s
[RQ-VAE] epoch=2572 loss=0.84408408 recon=0.00014390 beh=5.901041 w=0.143 lr=1.451e-04 time=0.149s
[RQ-VAE] epoch=2573 loss=0.84539372 recon=0.00014335 beh=5.904699 w=0.143 lr=1.447e-04 time=0.15s
[RQ-VAE] epoch=2574 loss=0.84698164 recon=0.00014382 beh=5.910316 w=0.143 lr=1.444e-04 time=0.15s
[RQ-VAE] epoch=2575 loss=0.84781283 recon=0.00014482 beh=5.910634 w=0.143 lr=1.441e-04 time=0.15s
[RQ-VAE] epoch=2576 loss=0.84853363 recon=0.00014481 beh=5.910195 w=0.143 lr=1.437e-04 time=0.15s
[RQ-VAE] epoch=2577 loss=0.84869999 recon=0.00014463 beh=5.905860 w=0.144 lr=1.434e-04 time=0.149s
[RQ-VAE] epoch=2578 loss=0.84872603 recon=0.00014477 beh=5.900519 w=0.144 lr=1.431e-04 time=0.149s
[RQ-VAE] epoch=2579 loss=0.84915954 recon=0.00014447 beh=5.898044 w=0.144 lr=1.427e-04 time=0.148s
[RQ-VAE] epoch=2580 loss=0.84949815 recon=0.00014462 beh=5.894939 w=0.144 lr=1.424e-04 time=0.15s
[RQ-VAE] epoch=2581 loss=0.85069883 recon=0.00014463 beh=5.897854 w=0.144 lr=1.420e-04 time=0.149s
[RQ-VAE] epoch=2582 loss=0.85279053 recon=0.00014471 beh=5.906915 w=0.144 lr=1.417e-04 time=0.149s
[RQ-VAE] epoch=2583 loss=0.85565710 recon=0.00014413 beh=5.921326 w=0.144 lr=1.414e-04 time=0.149s
[RQ-VAE] epoch=2584 loss=0.85468131 recon=0.00014456 beh=5.909120 w=0.145 lr=1.410e-04 time=0.15s
[RQ-VAE] epoch=2585 loss=0.85543060 recon=0.00014442 beh=5.908854 w=0.145 lr=1.407e-04 time=0.15s
[RQ-VAE] epoch=2586 loss=0.85402393 recon=0.00014464 beh=5.893664 w=0.145 lr=1.403e-04 time=0.149s
[RQ-VAE] epoch=2587 loss=0.85662758 recon=0.00014385 beh=5.906183 w=0.145 lr=1.400e-04 time=0.149s
[RQ-VAE] epoch=2588 loss=0.85733104 recon=0.00014424 beh=5.905596 w=0.145 lr=1.397e-04 time=0.149s
[RQ-VAE] epoch=2589 loss=0.85798067 recon=0.00014398 beh=5.904670 w=0.145 lr=1.393e-04 time=0.149s
[RQ-VAE] epoch=2590 loss=0.85795575 recon=0.00014447 beh=5.899096 w=0.145 lr=1.390e-04 time=0.149s
[RQ-VAE] epoch=2591 loss=0.85881376 recon=0.00014401 beh=5.899582 w=0.145 lr=1.386e-04 time=0.15s
[RQ-VAE] epoch=2592 loss=0.86087203 recon=0.00014418 beh=5.908302 w=0.146 lr=1.383e-04 time=0.15s
[RQ-VAE] epoch=2593 loss=0.86150014 recon=0.00014432 beh=5.907218 w=0.146 lr=1.380e-04 time=0.15s
[RQ-VAE] epoch=2594 loss=0.86245406 recon=0.00014420 beh=5.908377 w=0.146 lr=1.376e-04 time=0.149s
[RQ-VAE] epoch=2595 loss=0.86303461 recon=0.00014371 beh=5.906985 w=0.146 lr=1.373e-04 time=0.15s
[RQ-VAE] epoch=2596 loss=0.86372405 recon=0.00014398 beh=5.906284 w=0.146 lr=1.369e-04 time=0.15s
[RQ-VAE] epoch=2597 loss=0.86228549 recon=0.00014392 beh=5.891050 w=0.146 lr=1.366e-04 time=0.149s
[RQ-VAE] epoch=2598 loss=0.86464870 recon=0.00014423 beh=5.901806 w=0.146 lr=1.363e-04 time=0.153s
[RQ-VAE] epoch=2599 loss=0.86474437 recon=0.00014374 beh=5.897103 w=0.147 lr=1.359e-04 time=0.151s
[RQ-VAE] epoch=2600 loss=0.86723483 recon=0.00014407 lr=1.356e-04 raw_unique=23722/24587 collision=0.035181 time=0.149s
[RQ-VAE] epoch=2601 loss=0.86486524 recon=0.00014379 beh=5.887229 w=0.147 lr=1.353e-04 time=0.15s
[RQ-VAE] epoch=2602 loss=0.86816871 recon=0.00014438 beh=5.904360 w=0.147 lr=1.349e-04 time=0.149s
[RQ-VAE] epoch=2603 loss=0.86894488 recon=0.00014429 beh=5.904283 w=0.147 lr=1.346e-04 time=0.149s
[RQ-VAE] epoch=2604 loss=0.86792177 recon=0.00014424 beh=5.891963 w=0.147 lr=1.342e-04 time=0.15s
[RQ-VAE] epoch=2605 loss=0.86983031 recon=0.00014457 beh=5.899539 w=0.147 lr=1.339e-04 time=0.15s
[RQ-VAE] epoch=2606 loss=0.87114882 recon=0.00014418 beh=5.903132 w=0.147 lr=1.336e-04 time=0.149s
[RQ-VAE] epoch=2607 loss=0.87127447 recon=0.00014430 beh=5.898678 w=0.148 lr=1.332e-04 time=0.15s
[RQ-VAE] epoch=2608 loss=0.87190855 recon=0.00014426 beh=5.897694 w=0.148 lr=1.329e-04 time=0.149s
[RQ-VAE] epoch=2609 loss=0.87391555 recon=0.00014417 beh=5.905954 w=0.148 lr=1.325e-04 time=0.149s
[RQ-VAE] epoch=2610 loss=0.87453014 recon=0.00014482 beh=5.904778 w=0.148 lr=1.322e-04 time=0.148s
[RQ-VAE] epoch=2611 loss=0.87577945 recon=0.00014460 beh=5.907907 w=0.148 lr=1.319e-04 time=0.149s
[RQ-VAE] epoch=2612 loss=0.87746441 recon=0.00014441 beh=5.913954 w=0.148 lr=1.315e-04 time=0.149s
[RQ-VAE] epoch=2613 loss=0.87536091 recon=0.00014473 beh=5.894451 w=0.148 lr=1.312e-04 time=0.149s
[RQ-VAE] epoch=2614 loss=0.87762946 recon=0.00014480 beh=5.904438 w=0.149 lr=1.308e-04 time=0.149s
[RQ-VAE] epoch=2615 loss=0.87856698 recon=0.00014466 beh=5.905439 w=0.149 lr=1.305e-04 time=0.15s
[RQ-VAE] epoch=2616 loss=0.87999910 recon=0.00014432 beh=5.909779 w=0.149 lr=1.302e-04 time=0.149s
[RQ-VAE] epoch=2617 loss=0.88107061 recon=0.00014455 beh=5.911703 w=0.149 lr=1.298e-04 time=0.149s
[RQ-VAE] epoch=2618 loss=0.88031256 recon=0.00014419 beh=5.901335 w=0.149 lr=1.295e-04 time=0.152s
[RQ-VAE] epoch=2619 loss=0.88271606 recon=0.00014433 beh=5.912153 w=0.149 lr=1.292e-04 time=0.149s
[RQ-VAE] epoch=2620 loss=0.88125801 recon=0.00014408 beh=5.897115 w=0.149 lr=1.288e-04 time=0.149s
[RQ-VAE] epoch=2621 loss=0.88233459 recon=0.00014397 beh=5.899031 w=0.149 lr=1.285e-04 time=0.271s
[RQ-VAE] epoch=2622 loss=0.88328254 recon=0.00014367 beh=5.900124 w=0.150 lr=1.281e-04 time=0.149s
[RQ-VAE] epoch=2623 loss=0.88401383 recon=0.00014343 beh=5.899750 w=0.150 lr=1.278e-04 time=0.149s
[RQ-VAE] epoch=2624 loss=0.88409150 recon=0.00014352 beh=5.895014 w=0.150 lr=1.275e-04 time=0.151s
[RQ-VAE] epoch=2625 loss=0.88621294 recon=0.00014377 beh=5.903904 w=0.150 lr=1.271e-04 time=0.149s
[RQ-VAE] epoch=2626 loss=0.88633132 recon=0.00014375 beh=5.899436 w=0.150 lr=1.268e-04 time=0.149s
[RQ-VAE] epoch=2627 loss=0.88813651 recon=0.00014362 beh=5.906226 w=0.150 lr=1.264e-04 time=0.149s
[RQ-VAE] epoch=2628 loss=0.88995087 recon=0.00014354 beh=5.913089 w=0.150 lr=1.261e-04 time=0.149s
[RQ-VAE] epoch=2629 loss=0.89009333 recon=0.00014431 beh=5.908807 w=0.151 lr=1.258e-04 time=0.148s
[RQ-VAE] epoch=2630 loss=0.89041317 recon=0.00014365 beh=5.905710 w=0.151 lr=1.254e-04 time=0.15s
[RQ-VAE] epoch=2631 loss=0.89066422 recon=0.00014368 beh=5.902153 w=0.151 lr=1.251e-04 time=0.15s
[RQ-VAE] epoch=2632 loss=0.89168072 recon=0.00014382 beh=5.903658 w=0.151 lr=1.247e-04 time=0.148s
[RQ-VAE] epoch=2633 loss=0.89117205 recon=0.00014383 beh=5.895062 w=0.151 lr=1.244e-04 time=0.149s
[RQ-VAE] epoch=2634 loss=0.89355588 recon=0.00014387 beh=5.905615 w=0.151 lr=1.241e-04 time=0.148s
[RQ-VAE] epoch=2635 loss=0.89425039 recon=0.00014369 beh=5.905015 w=0.151 lr=1.237e-04 time=0.148s
[RQ-VAE] epoch=2636 loss=0.89486492 recon=0.00014352 beh=5.903898 w=0.151 lr=1.234e-04 time=0.149s
[RQ-VAE] epoch=2637 loss=0.89529234 recon=0.00014349 beh=5.901528 w=0.152 lr=1.231e-04 time=0.148s
[RQ-VAE] epoch=2638 loss=0.89657170 recon=0.00014399 beh=5.904763 w=0.152 lr=1.227e-04 time=0.15s
[RQ-VAE] epoch=2639 loss=0.89588392 recon=0.00014389 beh=5.895012 w=0.152 lr=1.224e-04 time=0.149s
[RQ-VAE] epoch=2640 loss=0.89791715 recon=0.00014417 beh=5.903192 w=0.152 lr=1.220e-04 time=0.148s
[RQ-VAE] epoch=2641 loss=0.89726627 recon=0.00014338 beh=5.893800 w=0.152 lr=1.217e-04 time=0.148s
[RQ-VAE] epoch=2642 loss=0.89983618 recon=0.00014345 beh=5.905519 w=0.152 lr=1.214e-04 time=0.149s
[RQ-VAE] epoch=2643 loss=0.90057588 recon=0.00014335 beh=5.905187 w=0.152 lr=1.210e-04 time=0.15s
[RQ-VAE] epoch=2644 loss=0.89955151 recon=0.00014386 beh=5.893321 w=0.153 lr=1.207e-04 time=0.15s
[RQ-VAE] epoch=2645 loss=0.90236390 recon=0.00014398 beh=5.906578 w=0.153 lr=1.203e-04 time=0.149s
[RQ-VAE] epoch=2646 loss=0.90205503 recon=0.00014394 beh=5.899408 w=0.153 lr=1.200e-04 time=0.149s
[RQ-VAE] epoch=2647 loss=0.90389490 recon=0.00014374 beh=5.906290 w=0.153 lr=1.197e-04 time=0.15s
[RQ-VAE] epoch=2648 loss=0.90378529 recon=0.00014357 beh=5.900433 w=0.153 lr=1.193e-04 time=0.15s
[RQ-VAE] epoch=2649 loss=0.90622181 recon=0.00014389 beh=5.911195 w=0.153 lr=1.190e-04 time=0.148s
[RQ-VAE] epoch=2650 loss=0.90572733 recon=0.00014361 lr=1.186e-04 raw_unique=23708/24587 collision=0.035751 time=0.246s
[RQ-VAE] epoch=2651 loss=0.90655196 recon=0.00014388 beh=5.903110 w=0.153 lr=1.183e-04 time=0.149s
[RQ-VAE] epoch=2652 loss=0.90832734 recon=0.00014442 beh=5.909511 w=0.154 lr=1.180e-04 time=0.148s
[RQ-VAE] epoch=2653 loss=0.90727389 recon=0.00014441 beh=5.897538 w=0.154 lr=1.176e-04 time=0.149s
[RQ-VAE] epoch=2654 loss=0.90916085 recon=0.00014434 beh=5.904688 w=0.154 lr=1.173e-04 time=0.149s
[RQ-VAE] epoch=2655 loss=0.90874165 recon=0.00014434 beh=5.896857 w=0.154 lr=1.169e-04 time=0.149s
[RQ-VAE] epoch=2656 loss=0.90880978 recon=0.00014378 beh=5.892205 w=0.154 lr=1.166e-04 time=0.148s
[RQ-VAE] epoch=2657 loss=0.91021156 recon=0.00014413 beh=5.896194 w=0.154 lr=1.163e-04 time=0.149s
[RQ-VAE] epoch=2658 loss=0.91037500 recon=0.00014348 beh=5.892174 w=0.154 lr=1.159e-04 time=0.149s
[RQ-VAE] epoch=2659 loss=0.91204578 recon=0.00014359 beh=5.897892 w=0.155 lr=1.156e-04 time=0.15s
[RQ-VAE] epoch=2660 loss=0.91325152 recon=0.00014335 beh=5.900585 w=0.155 lr=1.153e-04 time=0.149s
[RQ-VAE] epoch=2661 loss=0.91536647 recon=0.00014337 beh=5.909176 w=0.155 lr=1.149e-04 time=0.148s
[RQ-VAE] epoch=2662 loss=0.91488808 recon=0.00014340 beh=5.901003 w=0.155 lr=1.146e-04 time=0.148s
[RQ-VAE] epoch=2663 loss=0.91530013 recon=0.00014368 beh=5.898613 w=0.155 lr=1.142e-04 time=0.151s
[RQ-VAE] epoch=2664 loss=0.91725290 recon=0.00014279 beh=5.906121 w=0.155 lr=1.139e-04 time=0.149s
[RQ-VAE] epoch=2665 loss=0.91886443 recon=0.00014344 beh=5.911434 w=0.155 lr=1.136e-04 time=0.148s
[RQ-VAE] epoch=2666 loss=0.91813171 recon=0.00014311 beh=5.901639 w=0.155 lr=1.132e-04 time=0.149s
[RQ-VAE] epoch=2667 loss=0.91842413 recon=0.00014327 beh=5.898449 w=0.156 lr=1.129e-04 time=0.149s
[RQ-VAE] epoch=2668 loss=0.91960084 recon=0.00014258 beh=5.900948 w=0.156 lr=1.125e-04 time=0.15s
[RQ-VAE] epoch=2669 loss=0.92001617 recon=0.00014359 beh=5.898556 w=0.156 lr=1.122e-04 time=0.149s
[RQ-VAE] epoch=2670 loss=0.92027479 recon=0.00014334 beh=5.895167 w=0.156 lr=1.119e-04 time=0.242s
[RQ-VAE] epoch=2671 loss=0.92046040 recon=0.00014326 beh=5.891325 w=0.156 lr=1.115e-04 time=0.15s
[RQ-VAE] epoch=2672 loss=0.92154169 recon=0.00014318 beh=5.893227 w=0.156 lr=1.112e-04 time=0.15s
[RQ-VAE] epoch=2673 loss=0.92215645 recon=0.00014341 beh=5.892117 w=0.156 lr=1.108e-04 time=0.15s
[RQ-VAE] epoch=2674 loss=0.92391551 recon=0.00014316 beh=5.898335 w=0.157 lr=1.105e-04 time=0.149s
[RQ-VAE] epoch=2675 loss=0.92330486 recon=0.00014387 beh=5.889416 w=0.157 lr=1.102e-04 time=0.149s
[RQ-VAE] epoch=2676 loss=0.92642307 recon=0.00014342 beh=5.904312 w=0.157 lr=1.098e-04 time=0.149s
[RQ-VAE] epoch=2677 loss=0.92757273 recon=0.00014372 beh=5.906626 w=0.157 lr=1.095e-04 time=0.15s
[RQ-VAE] epoch=2678 loss=0.92804980 recon=0.00014340 beh=5.904660 w=0.157 lr=1.092e-04 time=0.15s
[RQ-VAE] epoch=2679 loss=0.92672378 recon=0.00014291 beh=5.891212 w=0.157 lr=1.088e-04 time=0.15s
[RQ-VAE] epoch=2680 loss=0.92964846 recon=0.00014321 beh=5.904805 w=0.157 lr=1.085e-04 time=0.15s
[RQ-VAE] epoch=2681 loss=0.92899191 recon=0.00014333 beh=5.895618 w=0.157 lr=1.081e-04 time=0.149s
[RQ-VAE] epoch=2682 loss=0.93064028 recon=0.00014315 beh=5.901069 w=0.158 lr=1.078e-04 time=0.15s
[RQ-VAE] epoch=2683 loss=0.93134391 recon=0.00014351 beh=5.900550 w=0.158 lr=1.075e-04 time=0.15s
[RQ-VAE] epoch=2684 loss=0.93269813 recon=0.00014375 beh=5.904126 w=0.158 lr=1.071e-04 time=0.151s
[RQ-VAE] epoch=2685 loss=0.93360186 recon=0.00014349 beh=5.904908 w=0.158 lr=1.068e-04 time=0.238s
[RQ-VAE] epoch=2686 loss=0.93298399 recon=0.00014375 beh=5.896033 w=0.158 lr=1.064e-04 time=0.151s
[RQ-VAE] epoch=2687 loss=0.93532902 recon=0.00014354 beh=5.905892 w=0.158 lr=1.061e-04 time=0.15s
[RQ-VAE] epoch=2688 loss=0.93629509 recon=0.00014291 beh=5.907013 w=0.158 lr=1.058e-04 time=0.148s
[RQ-VAE] epoch=2689 loss=0.93608677 recon=0.00014341 beh=5.900721 w=0.159 lr=1.054e-04 time=0.149s
[RQ-VAE] epoch=2690 loss=0.93790400 recon=0.00014325 beh=5.907223 w=0.159 lr=1.051e-04 time=0.149s
[RQ-VAE] epoch=2691 loss=0.93814993 recon=0.00014325 beh=5.903808 w=0.159 lr=1.047e-04 time=0.149s
[RQ-VAE] epoch=2692 loss=0.93809348 recon=0.00014309 beh=5.898503 w=0.159 lr=1.044e-04 time=0.149s
[RQ-VAE] epoch=2693 loss=0.93952465 recon=0.00014374 beh=5.902551 w=0.159 lr=1.041e-04 time=0.149s
[RQ-VAE] epoch=2694 loss=0.93887335 recon=0.00014318 beh=5.893509 w=0.159 lr=1.037e-04 time=0.15s
[RQ-VAE] epoch=2695 loss=0.94123441 recon=0.00014279 beh=5.903400 w=0.159 lr=1.034e-04 time=0.149s
[RQ-VAE] epoch=2696 loss=0.94147164 recon=0.00014324 beh=5.899947 w=0.159 lr=1.031e-04 time=0.148s
[RQ-VAE] epoch=2697 loss=0.94299489 recon=0.00014297 beh=5.904566 w=0.160 lr=1.027e-04 time=0.149s
[RQ-VAE] epoch=2698 loss=0.94487309 recon=0.00014287 beh=5.911398 w=0.160 lr=1.024e-04 time=0.149s
[RQ-VAE] epoch=2699 loss=0.94490069 recon=0.00014283 beh=5.906656 w=0.160 lr=1.020e-04 time=0.15s
[RQ-VAE] epoch=2700 loss=0.94499683 recon=0.00014326 lr=1.017e-04 raw_unique=23743/24587 collision=0.034327 time=0.149s
[RQ-VAE] epoch=2701 loss=0.94594145 recon=0.00014315 beh=5.903300 w=0.160 lr=1.014e-04 time=0.15s
[RQ-VAE] epoch=2702 loss=0.94766301 recon=0.00014321 beh=5.909148 w=0.160 lr=1.010e-04 time=0.151s
[RQ-VAE] epoch=2703 loss=0.94695616 recon=0.00014299 beh=5.899833 w=0.160 lr=1.007e-04 time=0.15s
[RQ-VAE] epoch=2704 loss=0.94902778 recon=0.00014269 beh=5.907829 w=0.161 lr=1.003e-04 time=0.148s
[RQ-VAE] epoch=2705 loss=0.94994819 recon=0.00014303 beh=5.908658 w=0.161 lr=1.000e-04 time=0.149s
[RQ-VAE] epoch=2706 loss=0.95028836 recon=0.00014339 beh=5.905894 w=0.161 lr=9.966e-05 time=0.149s
[RQ-VAE] epoch=2707 loss=0.95214933 recon=0.00014382 beh=5.912523 w=0.161 lr=9.932e-05 time=0.149s
[RQ-VAE] epoch=2708 loss=0.95188117 recon=0.00014312 beh=5.906001 w=0.161 lr=9.898e-05 time=0.149s
[RQ-VAE] epoch=2709 loss=0.95086992 recon=0.00014356 beh=5.894817 w=0.161 lr=9.864e-05 time=0.149s
[RQ-VAE] epoch=2710 loss=0.95351160 recon=0.00014369 beh=5.906295 w=0.161 lr=9.831e-05 time=0.148s
[RQ-VAE] epoch=2711 loss=0.95296866 recon=0.00014318 beh=5.898048 w=0.161 lr=9.797e-05 time=0.149s
[RQ-VAE] epoch=2712 loss=0.95313382 recon=0.00014306 beh=5.894227 w=0.162 lr=9.763e-05 time=0.149s
[RQ-VAE] epoch=2713 loss=0.95468116 recon=0.00014350 beh=5.898942 w=0.162 lr=9.729e-05 time=0.149s
[RQ-VAE] epoch=2714 loss=0.95462459 recon=0.00014359 beh=5.893732 w=0.162 lr=9.695e-05 time=0.148s
[RQ-VAE] epoch=2715 loss=0.95501423 recon=0.00014339 beh=5.891294 w=0.162 lr=9.661e-05 time=0.148s
[RQ-VAE] epoch=2716 loss=0.95661008 recon=0.00014378 beh=5.896295 w=0.162 lr=9.627e-05 time=0.149s
[RQ-VAE] epoch=2717 loss=0.95832008 recon=0.00014370 beh=5.901967 w=0.162 lr=9.593e-05 time=0.149s
[RQ-VAE] epoch=2718 loss=0.95960510 recon=0.00014405 beh=5.905026 w=0.162 lr=9.559e-05 time=0.149s
[RQ-VAE] epoch=2719 loss=0.95837927 recon=0.00014406 beh=5.892646 w=0.163 lr=9.525e-05 time=0.148s
[RQ-VAE] epoch=2720 loss=0.96082723 recon=0.00014389 beh=5.902872 w=0.163 lr=9.492e-05 time=0.148s
[RQ-VAE] epoch=2721 loss=0.95980507 recon=0.00014378 beh=5.891766 w=0.163 lr=9.458e-05 time=0.148s
[RQ-VAE] epoch=2722 loss=0.96106756 recon=0.00014371 beh=5.894694 w=0.163 lr=9.424e-05 time=0.15s
[RQ-VAE] epoch=2723 loss=0.96086884 recon=0.00014348 beh=5.888651 w=0.163 lr=9.390e-05 time=0.148s
[RQ-VAE] epoch=2724 loss=0.96301079 recon=0.00014345 beh=5.896965 w=0.163 lr=9.356e-05 time=0.148s
[RQ-VAE] epoch=2725 loss=0.96546173 recon=0.00014340 beh=5.907158 w=0.163 lr=9.322e-05 time=0.149s
[RQ-VAE] epoch=2726 loss=0.96363908 recon=0.00014334 beh=5.891180 w=0.163 lr=9.288e-05 time=0.148s
[RQ-VAE] epoch=2727 loss=0.96438235 recon=0.00014345 beh=5.890898 w=0.164 lr=9.254e-05 time=0.149s
[RQ-VAE] epoch=2728 loss=0.96650380 recon=0.00014332 beh=5.899054 w=0.164 lr=9.220e-05 time=0.148s
[RQ-VAE] epoch=2729 loss=0.96564788 recon=0.00014320 beh=5.889041 w=0.164 lr=9.186e-05 time=0.152s
[RQ-VAE] epoch=2730 loss=0.96702242 recon=0.00014372 beh=5.892635 w=0.164 lr=9.153e-05 time=0.152s
[RQ-VAE] epoch=2731 loss=0.96828139 recon=0.00014344 beh=5.895503 w=0.164 lr=9.119e-05 time=0.156s
[RQ-VAE] epoch=2732 loss=0.96981996 recon=0.00014339 beh=5.900084 w=0.164 lr=9.085e-05 time=0.149s
[RQ-VAE] epoch=2733 loss=0.97208667 recon=0.00014304 beh=5.909114 w=0.164 lr=9.051e-05 time=0.15s
[RQ-VAE] epoch=2734 loss=0.97100437 recon=0.00014326 beh=5.897741 w=0.165 lr=9.017e-05 time=0.15s
[RQ-VAE] epoch=2735 loss=0.97328711 recon=0.00014314 beh=5.906834 w=0.165 lr=8.983e-05 time=0.15s
[RQ-VAE] epoch=2736 loss=0.97229403 recon=0.00014336 beh=5.896029 w=0.165 lr=8.949e-05 time=0.15s
[RQ-VAE] epoch=2737 loss=0.97320163 recon=0.00014303 beh=5.896781 w=0.165 lr=8.915e-05 time=0.152s
[RQ-VAE] epoch=2738 loss=0.97485828 recon=0.00014384 beh=5.902055 w=0.165 lr=8.881e-05 time=0.15s
[RQ-VAE] epoch=2739 loss=0.97480822 recon=0.00014350 beh=5.896987 w=0.165 lr=8.847e-05 time=0.15s
[RQ-VAE] epoch=2740 loss=0.97642630 recon=0.00014338 beh=5.902015 w=0.165 lr=8.814e-05 time=0.149s
[RQ-VAE] epoch=2741 loss=0.97623569 recon=0.00014376 beh=5.896094 w=0.165 lr=8.780e-05 time=0.275s
[RQ-VAE] epoch=2742 loss=0.97751981 recon=0.00014418 beh=5.899085 w=0.166 lr=8.746e-05 time=0.149s
[RQ-VAE] epoch=2743 loss=0.97966790 recon=0.00014459 beh=5.907299 w=0.166 lr=8.712e-05 time=0.15s
[RQ-VAE] epoch=2744 loss=0.97772998 recon=0.00014456 beh=5.890888 w=0.166 lr=8.678e-05 time=0.149s
[RQ-VAE] epoch=2745 loss=0.97880650 recon=0.00014436 beh=5.892632 w=0.166 lr=8.644e-05 time=0.15s
[RQ-VAE] epoch=2746 loss=0.97895920 recon=0.00014446 beh=5.888804 w=0.166 lr=8.610e-05 time=0.15s
[RQ-VAE] epoch=2747 loss=0.98148990 recon=0.00014450 beh=5.899328 w=0.166 lr=8.576e-05 time=0.152s
[RQ-VAE] epoch=2748 loss=0.98315090 recon=0.00014418 beh=5.904570 w=0.166 lr=8.542e-05 time=0.15s
[RQ-VAE] epoch=2749 loss=0.98257387 recon=0.00014363 beh=5.896366 w=0.167 lr=8.508e-05 time=0.15s
[RQ-VAE] epoch=2750 loss=0.98232770 recon=0.00014369 lr=8.475e-05 raw_unique=23729/24587 collision=0.034896 time=0.151s
[RQ-VAE] epoch=2751 loss=0.98466480 recon=0.00014392 beh=5.899484 w=0.167 lr=8.441e-05 time=0.152s
[RQ-VAE] epoch=2752 loss=0.98525131 recon=0.00014384 beh=5.898295 w=0.167 lr=8.407e-05 time=0.152s
[RQ-VAE] epoch=2753 loss=0.98766160 recon=0.00014330 beh=5.908027 w=0.167 lr=8.373e-05 time=0.151s
[RQ-VAE] epoch=2754 loss=0.98658454 recon=0.00014355 beh=5.896882 w=0.167 lr=8.339e-05 time=0.149s
[RQ-VAE] epoch=2755 loss=0.98852813 recon=0.00014393 beh=5.903798 w=0.167 lr=8.305e-05 time=0.149s
[RQ-VAE] epoch=2756 loss=0.98847115 recon=0.00014364 beh=5.898780 w=0.167 lr=8.271e-05 time=0.149s
[RQ-VAE] epoch=2757 loss=0.99100029 recon=0.00014377 beh=5.909175 w=0.168 lr=8.237e-05 time=0.152s
[RQ-VAE] epoch=2758 loss=0.99305916 recon=0.00014348 beh=5.916757 w=0.168 lr=8.203e-05 time=0.15s
[RQ-VAE] epoch=2759 loss=0.99122906 recon=0.00014342 beh=5.901151 w=0.168 lr=8.169e-05 time=0.149s
[RQ-VAE] epoch=2760 loss=0.99138576 recon=0.00014355 beh=5.897375 w=0.168 lr=8.136e-05 time=0.15s
[RQ-VAE] epoch=2761 loss=0.99149787 recon=0.00014371 beh=5.893350 w=0.168 lr=8.102e-05 time=0.153s
[RQ-VAE] epoch=2762 loss=0.99318957 recon=0.00014331 beh=5.898734 w=0.168 lr=8.068e-05 time=0.15s
[RQ-VAE] epoch=2763 loss=0.99261963 recon=0.00014342 beh=5.890679 w=0.168 lr=8.034e-05 time=0.151s
[RQ-VAE] epoch=2764 loss=0.99375451 recon=0.00014313 beh=5.892763 w=0.169 lr=8.000e-05 time=0.151s
[RQ-VAE] epoch=2765 loss=0.99635363 recon=0.00014335 beh=5.903506 w=0.169 lr=7.966e-05 time=0.149s
[RQ-VAE] epoch=2766 loss=0.99666190 recon=0.00014326 beh=5.900670 w=0.169 lr=7.932e-05 time=0.149s
[RQ-VAE] epoch=2767 loss=0.99634624 recon=0.00014351 beh=5.894137 w=0.169 lr=7.898e-05 time=0.149s
[RQ-VAE] epoch=2768 loss=0.99754238 recon=0.00014340 beh=5.896560 w=0.169 lr=7.864e-05 time=0.149s
[RQ-VAE] epoch=2769 loss=0.99829662 recon=0.00014348 beh=5.896381 w=0.169 lr=7.831e-05 time=0.15s
[RQ-VAE] epoch=2770 loss=0.99784005 recon=0.00014342 beh=5.889045 w=0.169 lr=7.797e-05 time=0.276s
[RQ-VAE] epoch=2771 loss=1.00020480 recon=0.00014314 beh=5.898365 w=0.169 lr=7.763e-05 time=0.149s
[RQ-VAE] epoch=2772 loss=1.00030327 recon=0.00014305 beh=5.894312 w=0.170 lr=7.729e-05 time=0.15s
[RQ-VAE] epoch=2773 loss=1.00254893 recon=0.00014340 beh=5.902904 w=0.170 lr=7.695e-05 time=0.149s
[RQ-VAE] epoch=2774 loss=1.00110507 recon=0.00014335 beh=5.889780 w=0.170 lr=7.661e-05 time=0.151s
[RQ-VAE] epoch=2775 loss=1.00347745 recon=0.00014326 beh=5.899123 w=0.170 lr=7.627e-05 time=0.151s
[RQ-VAE] epoch=2776 loss=1.00162423 recon=0.00014343 beh=5.883602 w=0.170 lr=7.593e-05 time=0.149s
[RQ-VAE] epoch=2777 loss=1.00358272 recon=0.00014312 beh=5.890483 w=0.170 lr=7.559e-05 time=0.152s
[RQ-VAE] epoch=2778 loss=1.00477386 recon=0.00014370 beh=5.892850 w=0.170 lr=7.525e-05 time=0.149s
[RQ-VAE] epoch=2779 loss=1.00589538 recon=0.00014292 beh=5.894827 w=0.171 lr=7.492e-05 time=0.151s
[RQ-VAE] epoch=2780 loss=1.00681424 recon=0.00014286 beh=5.895614 w=0.171 lr=7.458e-05 time=0.15s
[RQ-VAE] epoch=2781 loss=1.00786090 recon=0.00014296 beh=5.897142 w=0.171 lr=7.424e-05 time=0.15s
[RQ-VAE] epoch=2782 loss=1.01018202 recon=0.00014349 beh=5.906107 w=0.171 lr=7.390e-05 time=0.15s
[RQ-VAE] epoch=2783 loss=1.01002622 recon=0.00014337 beh=5.900596 w=0.171 lr=7.356e-05 time=0.15s
[RQ-VAE] epoch=2784 loss=1.00995409 recon=0.00014348 beh=5.895588 w=0.171 lr=7.322e-05 time=0.151s
[RQ-VAE] epoch=2785 loss=1.01229370 recon=0.00014330 beh=5.904660 w=0.171 lr=7.288e-05 time=0.151s
[RQ-VAE] epoch=2786 loss=1.01219392 recon=0.00014372 beh=5.899483 w=0.171 lr=7.254e-05 time=0.15s
[RQ-VAE] epoch=2787 loss=1.01346052 recon=0.00014323 beh=5.902287 w=0.172 lr=7.220e-05 time=0.15s
[RQ-VAE] epoch=2788 loss=1.01561308 recon=0.00014322 beh=5.910229 w=0.172 lr=7.186e-05 time=0.149s
[RQ-VAE] epoch=2789 loss=1.01677048 recon=0.00014349 beh=5.912365 w=0.172 lr=7.153e-05 time=0.151s
[RQ-VAE] epoch=2790 loss=1.01545501 recon=0.00014308 beh=5.900148 w=0.172 lr=7.119e-05 time=0.276s
[RQ-VAE] epoch=2791 loss=1.01496029 recon=0.00014284 beh=5.892708 w=0.172 lr=7.085e-05 time=0.149s
[RQ-VAE] epoch=2792 loss=1.01717103 recon=0.00014291 beh=5.900989 w=0.172 lr=7.051e-05 time=0.151s
[RQ-VAE] epoch=2793 loss=1.01886904 recon=0.00014330 beh=5.906271 w=0.172 lr=7.017e-05 time=0.15s
[RQ-VAE] epoch=2794 loss=1.01787055 recon=0.00014325 beh=5.895917 w=0.173 lr=6.983e-05 time=0.152s
[RQ-VAE] epoch=2795 loss=1.01963115 recon=0.00014312 beh=5.901559 w=0.173 lr=6.949e-05 time=0.15s
[RQ-VAE] epoch=2796 loss=1.01983607 recon=0.00014298 beh=5.898197 w=0.173 lr=6.915e-05 time=0.151s
[RQ-VAE] epoch=2797 loss=1.02324498 recon=0.00014305 beh=5.913376 w=0.173 lr=6.881e-05 time=0.149s
[RQ-VAE] epoch=2798 loss=1.02147496 recon=0.00014305 beh=5.898608 w=0.173 lr=6.847e-05 time=0.149s
[RQ-VAE] epoch=2799 loss=1.02181387 recon=0.00014274 beh=5.896018 w=0.173 lr=6.814e-05 time=0.15s
[RQ-VAE] epoch=2800 loss=1.02158082 recon=0.00014297 lr=6.780e-05 raw_unique=23709/24587 collision=0.035710 time=0.15s
[RQ-VAE] epoch=2801 loss=1.02374125 recon=0.00014283 beh=5.898050 w=0.173 lr=6.746e-05 time=0.149s
[RQ-VAE] epoch=2802 loss=1.02429891 recon=0.00014320 beh=5.896712 w=0.174 lr=6.712e-05 time=0.152s
[RQ-VAE] epoch=2803 loss=1.02628219 recon=0.00014276 beh=5.903620 w=0.174 lr=6.678e-05 time=0.15s
[RQ-VAE] epoch=2804 loss=1.02538180 recon=0.00014311 beh=5.893905 w=0.174 lr=6.644e-05 time=0.151s
[RQ-VAE] epoch=2805 loss=1.02714884 recon=0.00014295 beh=5.899533 w=0.174 lr=6.610e-05 time=0.276s
[RQ-VAE] epoch=2806 loss=1.02716601 recon=0.00014284 beh=5.895120 w=0.174 lr=6.576e-05 time=0.15s
[RQ-VAE] epoch=2807 loss=1.02805781 recon=0.00014287 beh=5.895720 w=0.174 lr=6.542e-05 time=0.151s
[RQ-VAE] epoch=2808 loss=1.02953482 recon=0.00014285 beh=5.899678 w=0.174 lr=6.508e-05 time=0.152s
[RQ-VAE] epoch=2809 loss=1.02899766 recon=0.00014273 beh=5.892114 w=0.175 lr=6.475e-05 time=0.152s
[RQ-VAE] epoch=2810 loss=1.02912855 recon=0.00014280 beh=5.888364 w=0.175 lr=6.441e-05 time=0.149s
[RQ-VAE] epoch=2811 loss=1.03084946 recon=0.00014315 beh=5.893700 w=0.175 lr=6.407e-05 time=0.15s
[RQ-VAE] epoch=2812 loss=1.02977228 recon=0.00014283 beh=5.883056 w=0.175 lr=6.373e-05 time=0.15s
[RQ-VAE] epoch=2813 loss=1.03172815 recon=0.00014282 beh=5.889744 w=0.175 lr=6.339e-05 time=0.152s
[RQ-VAE] epoch=2814 loss=1.03418970 recon=0.00014293 beh=5.899301 w=0.175 lr=6.305e-05 time=0.15s
[RQ-VAE] epoch=2815 loss=1.03406441 recon=0.00014287 beh=5.894110 w=0.175 lr=6.271e-05 time=0.149s
[RQ-VAE] epoch=2816 loss=1.03493953 recon=0.00014283 beh=5.894623 w=0.175 lr=6.237e-05 time=0.151s
[RQ-VAE] epoch=2817 loss=1.03705108 recon=0.00014323 beh=5.902158 w=0.176 lr=6.203e-05 time=0.151s
[RQ-VAE] epoch=2818 loss=1.03672707 recon=0.00014282 beh=5.895848 w=0.176 lr=6.169e-05 time=0.15s
[RQ-VAE] epoch=2819 loss=1.03797233 recon=0.00014256 beh=5.898479 w=0.176 lr=6.136e-05 time=0.15s
[RQ-VAE] epoch=2820 loss=1.03927982 recon=0.00014281 beh=5.901436 w=0.176 lr=6.102e-05 time=0.149s
[RQ-VAE] epoch=2821 loss=1.03980219 recon=0.00014310 beh=5.899930 w=0.176 lr=6.068e-05 time=0.149s
[RQ-VAE] epoch=2822 loss=1.04044414 recon=0.00014277 beh=5.899121 w=0.176 lr=6.034e-05 time=0.15s
[RQ-VAE] epoch=2823 loss=1.04042339 recon=0.00014266 beh=5.894546 w=0.176 lr=6.000e-05 time=0.149s
[RQ-VAE] epoch=2824 loss=1.04067683 recon=0.00014261 beh=5.891523 w=0.177 lr=5.966e-05 time=0.149s
[RQ-VAE] epoch=2825 loss=1.04308736 recon=0.00014249 beh=5.900716 w=0.177 lr=5.932e-05 time=0.15s
[RQ-VAE] epoch=2826 loss=1.04275417 recon=0.00014250 beh=5.894382 w=0.177 lr=5.898e-05 time=0.15s
[RQ-VAE] epoch=2827 loss=1.04425550 recon=0.00014287 beh=5.898424 w=0.177 lr=5.864e-05 time=0.15s
[RQ-VAE] epoch=2828 loss=1.04569900 recon=0.00014313 beh=5.902128 w=0.177 lr=5.831e-05 time=0.15s
[RQ-VAE] epoch=2829 loss=1.04479122 recon=0.00014280 beh=5.892555 w=0.177 lr=5.797e-05 time=0.149s
[RQ-VAE] epoch=2830 loss=1.04683089 recon=0.00014276 beh=5.899630 w=0.177 lr=5.763e-05 time=0.15s
[RQ-VAE] epoch=2831 loss=1.04786277 recon=0.00014234 beh=5.901016 w=0.177 lr=5.729e-05 time=0.15s
[RQ-VAE] epoch=2832 loss=1.04705048 recon=0.00014280 beh=5.892008 w=0.178 lr=5.695e-05 time=0.15s
[RQ-VAE] epoch=2833 loss=1.04932332 recon=0.00014259 beh=5.900382 w=0.178 lr=5.661e-05 time=0.15s
[RQ-VAE] epoch=2834 loss=1.04858899 recon=0.00014262 beh=5.891829 w=0.178 lr=5.627e-05 time=0.149s
[RQ-VAE] epoch=2835 loss=1.04934835 recon=0.00014263 beh=5.891674 w=0.178 lr=5.593e-05 time=0.15s
[RQ-VAE] epoch=2836 loss=1.05095923 recon=0.00014246 beh=5.896310 w=0.178 lr=5.559e-05 time=0.15s
[RQ-VAE] epoch=2837 loss=1.05192184 recon=0.00014233 beh=5.897311 w=0.178 lr=5.525e-05 time=0.15s
[RQ-VAE] epoch=2838 loss=1.05274248 recon=0.00014238 beh=5.897506 w=0.178 lr=5.492e-05 time=0.15s
[RQ-VAE] epoch=2839 loss=1.05292487 recon=0.00014248 beh=5.894122 w=0.179 lr=5.458e-05 time=0.15s
[RQ-VAE] epoch=2840 loss=1.05616760 recon=0.00014226 beh=5.907880 w=0.179 lr=5.424e-05 time=0.151s
[RQ-VAE] epoch=2841 loss=1.05452466 recon=0.00014242 beh=5.894292 w=0.179 lr=5.390e-05 time=0.15s
[RQ-VAE] epoch=2842 loss=1.05593419 recon=0.00014255 beh=5.897777 w=0.179 lr=5.356e-05 time=0.15s
[RQ-VAE] epoch=2843 loss=1.05496311 recon=0.00014216 beh=5.887972 w=0.179 lr=5.322e-05 time=0.149s
[RQ-VAE] epoch=2844 loss=1.05802512 recon=0.00014284 beh=5.900668 w=0.179 lr=5.288e-05 time=0.149s
[RQ-VAE] epoch=2845 loss=1.05715668 recon=0.00014266 beh=5.891440 w=0.179 lr=5.254e-05 time=0.15s
[RQ-VAE] epoch=2846 loss=1.05864930 recon=0.00014240 beh=5.895373 w=0.179 lr=5.220e-05 time=0.149s
[RQ-VAE] epoch=2847 loss=1.05990767 recon=0.00014229 beh=5.897989 w=0.180 lr=5.186e-05 time=0.15s
[RQ-VAE] epoch=2848 loss=1.06090653 recon=0.00014232 beh=5.899177 w=0.180 lr=5.153e-05 time=0.15s
[RQ-VAE] epoch=2849 loss=1.06015778 recon=0.00014234 beh=5.890644 w=0.180 lr=5.119e-05 time=0.15s
[RQ-VAE] epoch=2850 loss=1.06250715 recon=0.00014235 lr=5.085e-05 raw_unique=23718/24587 collision=0.035344 time=0.151s
[RQ-VAE] epoch=2851 loss=1.06303930 recon=0.00014239 beh=5.897936 w=0.180 lr=5.051e-05 time=0.149s
[RQ-VAE] epoch=2852 loss=1.06495523 recon=0.00014228 beh=5.904199 w=0.180 lr=5.017e-05 time=0.15s
[RQ-VAE] epoch=2853 loss=1.06383097 recon=0.00014208 beh=5.893596 w=0.180 lr=4.983e-05 time=0.149s
[RQ-VAE] epoch=2854 loss=1.06494761 recon=0.00014272 beh=5.895424 w=0.181 lr=4.949e-05 time=0.148s
[RQ-VAE] epoch=2855 loss=1.06504881 recon=0.00014251 beh=5.891641 w=0.181 lr=4.915e-05 time=0.15s
[RQ-VAE] epoch=2856 loss=1.06694651 recon=0.00014261 beh=5.897796 w=0.181 lr=4.881e-05 time=0.149s
[RQ-VAE] epoch=2857 loss=1.06676924 recon=0.00014226 beh=5.892466 w=0.181 lr=4.847e-05 time=0.149s
[RQ-VAE] epoch=2858 loss=1.06810606 recon=0.00014244 beh=5.895509 w=0.181 lr=4.814e-05 time=0.149s
[RQ-VAE] epoch=2859 loss=1.06957531 recon=0.00014245 beh=5.899276 w=0.181 lr=4.780e-05 time=0.151s
[RQ-VAE] epoch=2860 loss=1.07089818 recon=0.00014256 beh=5.902227 w=0.181 lr=4.746e-05 time=0.151s
[RQ-VAE] epoch=2861 loss=1.07220984 recon=0.00014246 beh=5.905122 w=0.181 lr=4.712e-05 time=0.275s
[RQ-VAE] epoch=2862 loss=1.07083321 recon=0.00014230 beh=5.893207 w=0.182 lr=4.678e-05 time=0.149s
[RQ-VAE] epoch=2863 loss=1.07176840 recon=0.00014223 beh=5.894029 w=0.182 lr=4.644e-05 time=0.15s
[RQ-VAE] epoch=2864 loss=1.07200718 recon=0.00014210 beh=5.891024 w=0.182 lr=4.610e-05 time=0.149s
[RQ-VAE] epoch=2865 loss=1.07424426 recon=0.00014213 beh=5.898999 w=0.182 lr=4.576e-05 time=0.15s
[RQ-VAE] epoch=2866 loss=1.07509482 recon=0.00014231 beh=5.899344 w=0.182 lr=4.542e-05 time=0.149s
[RQ-VAE] epoch=2867 loss=1.07445741 recon=0.00014248 beh=5.891532 w=0.182 lr=4.508e-05 time=0.153s
[RQ-VAE] epoch=2868 loss=1.07644033 recon=0.00014237 beh=5.898096 w=0.182 lr=4.475e-05 time=0.149s
[RQ-VAE] epoch=2869 loss=1.07699728 recon=0.00014247 beh=5.896840 w=0.183 lr=4.441e-05 time=0.151s
[RQ-VAE] epoch=2870 loss=1.07806861 recon=0.00014243 beh=5.898406 w=0.183 lr=4.407e-05 time=0.149s
[RQ-VAE] epoch=2871 loss=1.07751250 recon=0.00014226 beh=5.891068 w=0.183 lr=4.373e-05 time=0.148s
[RQ-VAE] epoch=2872 loss=1.07959461 recon=0.00014210 beh=5.898155 w=0.183 lr=4.339e-05 time=0.152s
[RQ-VAE] epoch=2873 loss=1.07763410 recon=0.00014207 beh=5.883143 w=0.183 lr=4.305e-05 time=0.149s
[RQ-VAE] epoch=2874 loss=1.08143139 recon=0.00014210 beh=5.899578 w=0.183 lr=4.271e-05 time=0.149s
[RQ-VAE] epoch=2875 loss=1.08227897 recon=0.00014200 beh=5.899910 w=0.183 lr=4.237e-05 time=0.15s
[RQ-VAE] epoch=2876 loss=1.08171749 recon=0.00014241 beh=5.892553 w=0.183 lr=4.203e-05 time=0.15s
[RQ-VAE] epoch=2877 loss=1.08226395 recon=0.00014215 beh=5.891253 w=0.184 lr=4.169e-05 time=0.149s
[RQ-VAE] epoch=2878 loss=1.08355629 recon=0.00014228 beh=5.894012 w=0.184 lr=4.136e-05 time=0.15s
[RQ-VAE] epoch=2879 loss=1.08527052 recon=0.00014230 beh=5.899066 w=0.184 lr=4.102e-05 time=0.15s
[RQ-VAE] epoch=2880 loss=1.08572781 recon=0.00014231 beh=5.897284 w=0.184 lr=4.068e-05 time=0.149s
[RQ-VAE] epoch=2881 loss=1.08782864 recon=0.00014261 beh=5.904419 w=0.184 lr=4.034e-05 time=0.149s
[RQ-VAE] epoch=2882 loss=1.08854103 recon=0.00014251 beh=5.904011 w=0.184 lr=4.000e-05 time=0.15s
[RQ-VAE] epoch=2883 loss=1.08840466 recon=0.00014255 beh=5.899005 w=0.184 lr=3.966e-05 time=0.149s
[RQ-VAE] epoch=2884 loss=1.09099674 recon=0.00014225 beh=5.908793 w=0.185 lr=3.932e-05 time=0.15s
[RQ-VAE] epoch=2885 loss=1.08995986 recon=0.00014222 beh=5.898916 w=0.185 lr=3.898e-05 time=0.149s
[RQ-VAE] epoch=2886 loss=1.09189951 recon=0.00014233 beh=5.905157 w=0.185 lr=3.864e-05 time=0.149s
[RQ-VAE] epoch=2887 loss=1.09085321 recon=0.00014261 beh=5.895237 w=0.185 lr=3.831e-05 time=0.151s
[RQ-VAE] epoch=2888 loss=1.09013522 recon=0.00014254 beh=5.887106 w=0.185 lr=3.797e-05 time=0.149s
[RQ-VAE] epoch=2889 loss=1.09289062 recon=0.00014252 beh=5.897744 w=0.185 lr=3.763e-05 time=0.151s
[RQ-VAE] epoch=2890 loss=1.09450126 recon=0.00014272 beh=5.902180 w=0.185 lr=3.729e-05 time=0.268s
[RQ-VAE] epoch=2891 loss=1.09355283 recon=0.00014251 beh=5.892834 w=0.185 lr=3.695e-05 time=0.152s
[RQ-VAE] epoch=2892 loss=1.09571576 recon=0.00014263 beh=5.900260 w=0.186 lr=3.661e-05 time=0.15s
[RQ-VAE] epoch=2893 loss=1.09461725 recon=0.00014232 beh=5.890113 w=0.186 lr=3.627e-05 time=0.149s
[RQ-VAE] epoch=2894 loss=1.09586120 recon=0.00014257 beh=5.892579 w=0.186 lr=3.593e-05 time=0.152s
[RQ-VAE] epoch=2895 loss=1.09682369 recon=0.00014256 beh=5.893538 w=0.186 lr=3.559e-05 time=0.149s
[RQ-VAE] epoch=2896 loss=1.09737360 recon=0.00014255 beh=5.892273 w=0.186 lr=3.525e-05 time=0.15s
[RQ-VAE] epoch=2897 loss=1.09757090 recon=0.00014247 beh=5.889116 w=0.186 lr=3.492e-05 time=0.15s
[RQ-VAE] epoch=2898 loss=1.09973097 recon=0.00014248 beh=5.896487 w=0.186 lr=3.458e-05 time=0.15s
[RQ-VAE] epoch=2899 loss=1.09990668 recon=0.00014237 beh=5.893214 w=0.187 lr=3.424e-05 time=0.149s
[RQ-VAE] epoch=2900 loss=1.10205698 recon=0.00014223 lr=3.390e-05 raw_unique=23719/24587 collision=0.035303 time=0.15s
[RQ-VAE] epoch=2901 loss=1.10174167 recon=0.00014242 beh=5.894626 w=0.187 lr=3.356e-05 time=0.153s
[RQ-VAE] epoch=2902 loss=1.10387349 recon=0.00014216 beh=5.901828 w=0.187 lr=3.322e-05 time=0.151s
[RQ-VAE] epoch=2903 loss=1.10301518 recon=0.00014207 beh=5.893031 w=0.187 lr=3.288e-05 time=0.15s
[RQ-VAE] epoch=2904 loss=1.10385287 recon=0.00014208 beh=5.893302 w=0.187 lr=3.254e-05 time=0.15s
[RQ-VAE] epoch=2905 loss=1.10495389 recon=0.00014217 beh=5.894985 w=0.187 lr=3.220e-05 time=0.15s
[RQ-VAE] epoch=2906 loss=1.10505199 recon=0.00014235 beh=5.891314 w=0.187 lr=3.186e-05 time=0.15s
[RQ-VAE] epoch=2907 loss=1.10666621 recon=0.00014205 beh=5.895728 w=0.188 lr=3.153e-05 time=0.15s
[RQ-VAE] epoch=2908 loss=1.10729790 recon=0.00014207 beh=5.894911 w=0.188 lr=3.119e-05 time=0.15s
[RQ-VAE] epoch=2909 loss=1.10743761 recon=0.00014219 beh=5.891477 w=0.188 lr=3.085e-05 time=0.149s
[RQ-VAE] epoch=2910 loss=1.10865653 recon=0.00014207 beh=5.893781 w=0.188 lr=3.051e-05 time=0.274s
[RQ-VAE] epoch=2911 loss=1.11037600 recon=0.00014198 beh=5.898740 w=0.188 lr=3.017e-05 time=0.15s
[RQ-VAE] epoch=2912 loss=1.10953271 recon=0.00014190 beh=5.890084 w=0.188 lr=2.983e-05 time=0.15s
[RQ-VAE] epoch=2913 loss=1.11267543 recon=0.00014185 beh=5.902596 w=0.188 lr=2.949e-05 time=0.148s
[RQ-VAE] epoch=2914 loss=1.11204183 recon=0.00014205 beh=5.895058 w=0.189 lr=2.915e-05 time=0.149s
[RQ-VAE] epoch=2915 loss=1.11371899 recon=0.00014193 beh=5.899784 w=0.189 lr=2.881e-05 time=0.15s
[RQ-VAE] epoch=2916 loss=1.11246824 recon=0.00014228 beh=5.888988 w=0.189 lr=2.847e-05 time=0.151s
[RQ-VAE] epoch=2917 loss=1.11322057 recon=0.00014215 beh=5.888812 w=0.189 lr=2.814e-05 time=0.15s
[RQ-VAE] epoch=2918 loss=1.11567163 recon=0.00014221 beh=5.897622 w=0.189 lr=2.780e-05 time=0.15s
[RQ-VAE] epoch=2919 loss=1.11373723 recon=0.00014221 beh=5.883241 w=0.189 lr=2.746e-05 time=0.15s
[RQ-VAE] epoch=2920 loss=1.11694157 recon=0.00014215 beh=5.896020 w=0.189 lr=2.712e-05 time=0.152s
[RQ-VAE] epoch=2921 loss=1.11820471 recon=0.00014210 beh=5.898538 w=0.189 lr=2.678e-05 time=0.149s
[RQ-VAE] epoch=2922 loss=1.11820149 recon=0.00014181 beh=5.894377 w=0.190 lr=2.644e-05 time=0.15s
[RQ-VAE] epoch=2923 loss=1.11806810 recon=0.00014193 beh=5.889534 w=0.190 lr=2.610e-05 time=0.151s
[RQ-VAE] epoch=2924 loss=1.11912918 recon=0.00014175 beh=5.890985 w=0.190 lr=2.576e-05 time=0.151s
[RQ-VAE] epoch=2925 loss=1.11953592 recon=0.00014196 beh=5.888991 w=0.190 lr=2.542e-05 time=0.25s
[RQ-VAE] epoch=2926 loss=1.12137258 recon=0.00014188 beh=5.894521 w=0.190 lr=2.508e-05 time=0.149s
[RQ-VAE] epoch=2927 loss=1.12006402 recon=0.00014185 beh=5.883514 w=0.190 lr=2.475e-05 time=0.15s
[RQ-VAE] epoch=2928 loss=1.12416744 recon=0.00014194 beh=5.900943 w=0.190 lr=2.441e-05 time=0.15s
[RQ-VAE] epoch=2929 loss=1.12249899 recon=0.00014178 beh=5.888061 w=0.191 lr=2.407e-05 time=0.149s
[RQ-VAE] epoch=2930 loss=1.12302589 recon=0.00014187 beh=5.886706 w=0.191 lr=2.373e-05 time=0.15s
[RQ-VAE] epoch=2931 loss=1.12577415 recon=0.00014186 beh=5.896997 w=0.191 lr=2.339e-05 time=0.153s
[RQ-VAE] epoch=2932 loss=1.12644410 recon=0.00014195 beh=5.896390 w=0.191 lr=2.305e-05 time=0.151s
[RQ-VAE] epoch=2933 loss=1.12729251 recon=0.00014184 beh=5.896715 w=0.191 lr=2.271e-05 time=0.149s
[RQ-VAE] epoch=2934 loss=1.12908196 recon=0.00014188 beh=5.901962 w=0.191 lr=2.237e-05 time=0.15s
[RQ-VAE] epoch=2935 loss=1.12900817 recon=0.00014196 beh=5.897462 w=0.191 lr=2.203e-05 time=0.15s
[RQ-VAE] epoch=2936 loss=1.12886441 recon=0.00014187 beh=5.892607 w=0.191 lr=2.169e-05 time=0.15s
[RQ-VAE] epoch=2937 loss=1.13219655 recon=0.00014205 beh=5.905900 w=0.192 lr=2.136e-05 time=0.149s
[RQ-VAE] epoch=2938 loss=1.13291144 recon=0.00014200 beh=5.905526 w=0.192 lr=2.102e-05 time=0.151s
[RQ-VAE] epoch=2939 loss=1.13182592 recon=0.00014198 beh=5.895768 w=0.192 lr=2.068e-05 time=0.15s
[RQ-VAE] epoch=2940 loss=1.13375485 recon=0.00014189 beh=5.901720 w=0.192 lr=2.034e-05 time=0.149s
[RQ-VAE] epoch=2941 loss=1.13301992 recon=0.00014202 beh=5.893801 w=0.192 lr=2.000e-05 time=0.152s
[RQ-VAE] epoch=2942 loss=1.13507688 recon=0.00014204 beh=5.900415 w=0.192 lr=1.966e-05 time=0.151s
[RQ-VAE] epoch=2943 loss=1.13350916 recon=0.00014176 beh=5.888179 w=0.192 lr=1.932e-05 time=0.151s
[RQ-VAE] epoch=2944 loss=1.13722467 recon=0.00014179 beh=5.903400 w=0.193 lr=1.898e-05 time=0.149s
[RQ-VAE] epoch=2945 loss=1.13787329 recon=0.00014192 beh=5.902679 w=0.193 lr=1.864e-05 time=0.15s
[RQ-VAE] epoch=2946 loss=1.13849974 recon=0.00014203 beh=5.901846 w=0.193 lr=1.831e-05 time=0.15s
[RQ-VAE] epoch=2947 loss=1.13727498 recon=0.00014212 beh=5.891418 w=0.193 lr=1.797e-05 time=0.152s
[RQ-VAE] epoch=2948 loss=1.13678086 recon=0.00014186 beh=5.884790 w=0.193 lr=1.763e-05 time=0.149s
[RQ-VAE] epoch=2949 loss=1.13993037 recon=0.00014188 beh=5.897027 w=0.193 lr=1.729e-05 time=0.149s
[RQ-VAE] epoch=2950 loss=1.14121652 recon=0.00014197 lr=1.695e-05 raw_unique=23713/24587 collision=0.035547 time=0.148s
[RQ-VAE] epoch=2951 loss=1.14129543 recon=0.00014180 beh=5.895955 w=0.193 lr=1.661e-05 time=0.151s
[RQ-VAE] epoch=2952 loss=1.13879633 recon=0.00014173 beh=5.878986 w=0.194 lr=1.627e-05 time=0.151s
[RQ-VAE] epoch=2953 loss=1.14235699 recon=0.00014174 beh=5.893317 w=0.194 lr=1.593e-05 time=0.149s
[RQ-VAE] epoch=2954 loss=1.14267683 recon=0.00014186 beh=5.890911 w=0.194 lr=1.559e-05 time=0.149s
[RQ-VAE] epoch=2955 loss=1.14230454 recon=0.00014189 beh=5.884942 w=0.194 lr=1.525e-05 time=0.152s
[RQ-VAE] epoch=2956 loss=1.14378417 recon=0.00014167 beh=5.888521 w=0.194 lr=1.492e-05 time=0.149s
[RQ-VAE] epoch=2957 loss=1.14642608 recon=0.00014167 beh=5.898077 w=0.194 lr=1.458e-05 time=0.149s
[RQ-VAE] epoch=2958 loss=1.14823258 recon=0.00014191 beh=5.903322 w=0.194 lr=1.424e-05 time=0.149s
[RQ-VAE] epoch=2959 loss=1.14545178 recon=0.00014187 beh=5.884981 w=0.195 lr=1.390e-05 time=0.152s
[RQ-VAE] epoch=2960 loss=1.14967084 recon=0.00014175 beh=5.902625 w=0.195 lr=1.356e-05 time=0.151s
[RQ-VAE] epoch=2961 loss=1.14845467 recon=0.00014189 beh=5.892344 w=0.195 lr=1.322e-05 time=0.15s
[RQ-VAE] epoch=2962 loss=1.14891803 recon=0.00014206 beh=5.890691 w=0.195 lr=1.288e-05 time=0.149s
[RQ-VAE] epoch=2963 loss=1.14849091 recon=0.00014200 beh=5.884475 w=0.195 lr=1.254e-05 time=0.15s
[RQ-VAE] epoch=2964 loss=1.15195584 recon=0.00014198 beh=5.898205 w=0.195 lr=1.220e-05 time=0.15s
[RQ-VAE] epoch=2965 loss=1.15206993 recon=0.00014210 beh=5.894763 w=0.195 lr=1.186e-05 time=0.15s
[RQ-VAE] epoch=2966 loss=1.15107369 recon=0.00014201 beh=5.885646 w=0.195 lr=1.153e-05 time=0.15s
[RQ-VAE] epoch=2967 loss=1.15432858 recon=0.00014180 beh=5.898276 w=0.196 lr=1.119e-05 time=0.15s
[RQ-VAE] epoch=2968 loss=1.15475297 recon=0.00014202 beh=5.896427 w=0.196 lr=1.085e-05 time=0.15s
[RQ-VAE] epoch=2969 loss=1.15635991 recon=0.00014190 beh=5.900618 w=0.196 lr=1.051e-05 time=0.153s
[RQ-VAE] epoch=2970 loss=1.15410972 recon=0.00014185 beh=5.885122 w=0.196 lr=1.017e-05 time=0.15s
[RQ-VAE] epoch=2971 loss=1.15558219 recon=0.00014182 beh=5.888630 w=0.196 lr=9.831e-06 time=0.151s
[RQ-VAE] epoch=2972 loss=1.15793872 recon=0.00014195 beh=5.896636 w=0.196 lr=9.492e-06 time=0.151s
[RQ-VAE] epoch=2973 loss=1.15941858 recon=0.00014180 beh=5.900168 w=0.196 lr=9.153e-06 time=0.15s
[RQ-VAE] epoch=2974 loss=1.16065502 recon=0.00014181 beh=5.902459 w=0.197 lr=8.814e-06 time=0.15s
[RQ-VAE] epoch=2975 loss=1.15794516 recon=0.00014200 beh=5.884678 w=0.197 lr=8.475e-06 time=0.151s
[RQ-VAE] epoch=2976 loss=1.16190016 recon=0.00014205 beh=5.900786 w=0.197 lr=8.136e-06 time=0.149s
[RQ-VAE] epoch=2977 loss=1.16225302 recon=0.00014188 beh=5.898583 w=0.197 lr=7.797e-06 time=0.15s
[RQ-VAE] epoch=2978 loss=1.16266382 recon=0.00014183 beh=5.896677 w=0.197 lr=7.458e-06 time=0.151s
[RQ-VAE] epoch=2979 loss=1.16292441 recon=0.00014196 beh=5.894013 w=0.197 lr=7.119e-06 time=0.15s
[RQ-VAE] epoch=2980 loss=1.16312957 recon=0.00014180 beh=5.891072 w=0.197 lr=6.780e-06 time=0.149s
[RQ-VAE] epoch=2981 loss=1.16573143 recon=0.00014181 beh=5.900270 w=0.197 lr=6.441e-06 time=0.15s
[RQ-VAE] epoch=2982 loss=1.16494298 recon=0.00014168 beh=5.892300 w=0.198 lr=6.102e-06 time=0.273s
[RQ-VAE] epoch=2983 loss=1.16552556 recon=0.00014158 beh=5.891273 w=0.198 lr=5.763e-06 time=0.15s
[RQ-VAE] epoch=2984 loss=1.16643095 recon=0.00014186 beh=5.891878 w=0.198 lr=5.424e-06 time=0.151s
[RQ-VAE] epoch=2985 loss=1.16604054 recon=0.00014165 beh=5.885939 w=0.198 lr=5.085e-06 time=0.15s
[RQ-VAE] epoch=2986 loss=1.16773987 recon=0.00014176 beh=5.890554 w=0.198 lr=4.746e-06 time=0.15s
[RQ-VAE] epoch=2987 loss=1.17233491 recon=0.00014180 beh=5.909769 w=0.198 lr=4.407e-06 time=0.149s
[RQ-VAE] epoch=2988 loss=1.16885269 recon=0.00014170 beh=5.888246 w=0.198 lr=4.068e-06 time=0.149s
[RQ-VAE] epoch=2989 loss=1.17072880 recon=0.00014176 beh=5.893742 w=0.199 lr=3.729e-06 time=0.15s
[RQ-VAE] epoch=2990 loss=1.17164373 recon=0.00014171 beh=5.894392 w=0.199 lr=3.390e-06 time=0.15s
[RQ-VAE] epoch=2991 loss=1.17206800 recon=0.00014155 beh=5.892575 w=0.199 lr=3.051e-06 time=0.15s
[RQ-VAE] epoch=2992 loss=1.17450249 recon=0.00014159 beh=5.900863 w=0.199 lr=2.712e-06 time=0.15s
[RQ-VAE] epoch=2993 loss=1.17556858 recon=0.00014171 beh=5.902266 w=0.199 lr=2.373e-06 time=0.15s
[RQ-VAE] epoch=2994 loss=1.17492223 recon=0.00014165 beh=5.895071 w=0.199 lr=2.034e-06 time=0.149s
[RQ-VAE] epoch=2995 loss=1.17604649 recon=0.00014160 beh=5.896768 w=0.199 lr=1.695e-06 time=0.15s
[RQ-VAE] epoch=2996 loss=1.17679036 recon=0.00014174 beh=5.896555 w=0.199 lr=1.356e-06 time=0.15s
[RQ-VAE] epoch=2997 loss=1.17607141 recon=0.00014170 beh=5.889014 w=0.200 lr=1.017e-06 time=0.152s
[RQ-VAE] epoch=2998 loss=1.17895961 recon=0.00014165 beh=5.899544 w=0.200 lr=6.780e-07 time=0.15s
[RQ-VAE] epoch=2999 loss=1.17997849 recon=0.00014167 beh=5.900706 w=0.200 lr=3.390e-07 time=0.15s
[RQ-VAE] epoch=3000 loss=1.18057680 recon=0.00014186 lr=0.000e+00 raw_unique=23695/24587 collision=0.036279 time=0.15s
[RecBole RQ-VAE] exported raw_shape=(24587, 3) sid_shape=(24587, 4) unique=24587 -> /home/wlia0047/ar57/wenyu/GeneRec/results/stage2_RQ-VAE/TIGER_BEHAVIOR_SAMPLE_RQ-VAE/resample/sids_for_hgrec.npy
