sample_id,history_len,target_sid,target_rank,exact_hit,prefix_hit,first_err_pos,legal_top20
0,0,"[7, 24, 162, 0]",-1,0,0,0,1
1,0,"[28, 104, 59, 0]",-1,0,0,0,1
2,0,"[43, 59, 86, 0]",-1,0,0,0,1
3,0,"[62, 78, 49, 0]",-1,0,0,0,1
4,0,"[24, 12, 208, 0]",-1,0,0,0,1
5,0,"[30, 58, 100, 0]",-1,0,0,0,1
6,0,"[14, 89, 214, 0]",-1,0,0,0,1
7,0,"[43, 20, 78, 0]",-1,0,0,0,1
8,0,"[16, 44, 181, 0]",-1,0,0,0,1
9,0,"[56, 8, 11, 0]",-1,0,0,0,1
10,0,"[44, 29, 108, 0]",-1,0,0,0,1
11,0,"[18, 48, 152, 0]",-1,0,0,0,1
12,0,"[34, 45, 178, 0]",-1,0,0,0,1
13,0,"[61, 108, 117, 0]",-1,0,0,0,1
14,0,"[38, 112, 179, 0]",-1,0,0,0,1
15,0,"[19, 38, 28, 0]",-1,0,0,0,1
16,0,"[1, 123, 38, 0]",-1,0,0,0,1
17,0,"[11, 2, 175, 0]",-1,0,0,0,1
18,0,"[16, 102, 36, 0]",-1,0,0,0,1
19,0,"[48, 66, 40, 0]",-1,0,0,0,1
20,0,"[25, 85, 164, 0]",-1,0,0,0,1
21,0,"[62, 18, 85, 0]",-1,0,0,0,1
22,0,"[42, 46, 222, 0]",-1,0,0,0,1
23,0,"[11, 121, 183, 0]",-1,0,0,0,1
24,0,"[45, 106, 247, 0]",-1,0,0,0,1
25,0,"[41, 22, 17, 0]",-1,0,0,0,1
26,0,"[28, 115, 81, 0]",-1,0,0,0,1
27,0,"[26, 124, 19, 0]",-1,0,0,0,1
28,0,"[10, 31, 9, 0]",-1,0,0,0,1
29,0,"[61, 46, 189, 0]",-1,0,0,0,1
30,0,"[38, 82, 162, 0]",-1,0,0,0,1
31,0,"[11, 70, 192, 0]",-1,0,0,0,1
32,0,"[30, 13, 234, 0]",-1,0,0,0,1
33,0,"[10, 108, 199, 0]",-1,0,0,0,1
34,0,"[25, 85, 13, 0]",-1,0,0,0,1
35,0,"[62, 54, 229, 0]",-1,0,0,0,1
36,0,"[49, 71, 59, 0]",-1,0,0,0,1
37,0,"[34, 27, 118, 0]",-1,0,0,0,1
38,0,"[22, 51, 131, 0]",-1,0,0,0,1
39,0,"[62, 53, 246, 0]",-1,0,0,0,1
40,0,"[29, 27, 134, 0]",-1,0,0,0,1
41,0,"[7, 50, 234, 0]",-1,0,0,0,1
42,0,"[49, 118, 129, 0]",-1,0,0,0,1
43,0,"[4, 46, 59, 0]",-1,0,0,0,1
44,0,"[7, 108, 218, 0]",-1,0,0,0,1
45,0,"[33, 13, 195, 0]",-1,0,0,0,1
46,0,"[8, 60, 33, 0]",-1,0,0,0,1
47,0,"[39, 0, 141, 0]",-1,0,0,0,1
48,0,"[33, 85, 48, 0]",-1,0,0,0,1
49,0,"[33, 86, 48, 0]",-1,0,0,0,1
50,0,"[6, 78, 180, 0]",-1,0,0,0,1
51,0,"[20, 74, 223, 0]",-1,0,0,0,1
52,0,"[17, 124, 105, 0]",-1,0,0,0,1
53,0,"[61, 106, 77, 0]",-1,0,0,0,1
54,0,"[22, 54, 162, 0]",-1,0,0,0,1
55,0,"[16, 61, 127, 0]",-1,0,0,0,1
56,0,"[9, 5, 127, 0]",-1,0,0,0,1
57,0,"[58, 116, 76, 0]",-1,0,0,0,1
58,0,"[27, 87, 28, 0]",-1,0,0,0,1
59,0,"[46, 17, 63, 0]",-1,0,0,0,1
60,0,"[23, 71, 19, 0]",-1,0,0,0,1
61,0,"[43, 89, 124, 0]",-1,0,0,0,1
62,0,"[52, 46, 43, 0]",-1,0,0,0,1
63,0,"[52, 116, 186, 0]",-1,0,0,0,1
64,0,"[0, 103, 74, 0]",-1,0,0,1,1
65,0,"[61, 108, 117, 0]",-1,0,0,0,1
66,0,"[52, 36, 127, 0]",-1,0,0,0,1
67,0,"[13, 43, 42, 0]",-1,0,0,0,1
68,0,"[61, 88, 135, 0]",-1,0,0,0,1
69,0,"[16, 19, 83, 0]",-1,0,0,0,1
70,0,"[4, 64, 13, 0]",-1,0,0,0,1
71,0,"[39, 49, 179, 0]",-1,0,0,0,1
72,0,"[30, 89, 163, 0]",-1,0,0,0,1
73,0,"[55, 84, 175, 0]",-1,0,0,0,1
74,0,"[58, 124, 228, 0]",-1,0,0,0,1
75,0,"[4, 6, 158, 0]",-1,0,0,0,1
76,0,"[56, 27, 212, 0]",-1,0,0,0,1
77,0,"[54, 33, 159, 0]",-1,0,0,0,1
78,0,"[38, 84, 64, 0]",-1,0,0,0,1
79,0,"[56, 18, 61, 0]",-1,0,0,0,1
80,0,"[17, 78, 148, 0]",-1,0,0,0,1
81,0,"[4, 6, 36, 0]",-1,0,0,0,1
82,0,"[13, 51, 105, 0]",-1,0,0,0,1
83,0,"[38, 98, 154, 0]",-1,0,0,0,1
84,0,"[11, 11, 237, 0]",-1,0,0,0,1
85,0,"[50, 123, 116, 0]",-1,0,0,0,1
86,0,"[13, 46, 112, 0]",-1,0,0,0,1
87,0,"[25, 85, 13, 0]",-1,0,0,0,1
88,0,"[6, 53, 43, 0]",-1,0,0,0,1
89,0,"[45, 26, 154, 0]",-1,0,0,0,1
90,0,"[0, 66, 246, 0]",-1,0,0,1,1
91,0,"[13, 17, 198, 0]",-1,0,0,0,1
92,0,"[52, 38, 10, 0]",-1,0,0,0,1
93,0,"[53, 107, 247, 0]",-1,0,0,0,1
94,0,"[39, 42, 4, 0]",-1,0,0,0,1
95,0,"[20, 40, 253, 0]",-1,0,0,0,1
96,0,"[37, 53, 193, 0]",-1,0,0,0,1
97,0,"[38, 54, 58, 0]",-1,0,0,0,1
98,0,"[20, 100, 149, 0]",-1,0,0,0,1
99,0,"[20, 61, 1, 0]",-1,0,0,0,1
100,0,"[24, 16, 103, 0]",-1,0,0,0,1
101,0,"[16, 26, 27, 0]",-1,0,0,0,1
102,0,"[61, 14, 233, 0]",-1,0,0,0,1
103,0,"[38, 74, 2, 0]",-1,0,0,0,1
104,0,"[53, 58, 10, 0]",-1,0,0,0,1
105,0,"[52, 116, 225, 0]",-1,0,0,0,1
106,0,"[6, 69, 187, 0]",-1,0,0,0,1
107,0,"[51, 92, 93, 0]",-1,0,0,0,1
108,0,"[53, 63, 212, 0]",-1,0,0,0,1
109,0,"[41, 111, 14, 0]",-1,0,0,0,1
110,0,"[41, 68, 113, 0]",-1,0,0,0,1
111,0,"[4, 87, 230, 0]",-1,0,0,0,1
112,0,"[6, 122, 90, 0]",-1,0,0,0,1
113,0,"[46, 59, 147, 0]",-1,0,0,0,1
114,0,"[44, 29, 108, 0]",-1,0,0,0,1
115,0,"[18, 78, 23, 0]",-1,0,0,0,1
116,0,"[7, 26, 175, 0]",-1,0,0,0,1
117,0,"[16, 26, 135, 0]",-1,0,0,0,1
118,0,"[16, 34, 87, 0]",-1,0,0,0,1
119,0,"[38, 76, 48, 0]",-1,0,0,0,1
120,0,"[38, 74, 151, 0]",-1,0,0,0,1
121,0,"[36, 14, 219, 0]",-1,0,0,0,1
122,0,"[38, 87, 252, 0]",-1,0,0,0,1
123,0,"[36, 118, 157, 0]",-1,0,0,0,1
124,0,"[33, 86, 228, 0]",-1,0,0,0,1
125,0,"[49, 63, 150, 0]",-1,0,0,0,1
126,0,"[29, 120, 142, 0]",-1,0,0,0,1
127,0,"[42, 95, 122, 0]",-1,0,0,0,1
128,0,"[17, 88, 81, 0]",-1,0,0,0,1
129,0,"[36, 113, 217, 0]",-1,0,0,0,1
130,0,"[13, 2, 154, 0]",-1,0,0,0,1
131,0,"[3, 10, 49, 0]",-1,0,0,0,1
132,0,"[24, 82, 236, 0]",-1,0,0,0,1
133,0,"[53, 64, 228, 0]",-1,0,0,0,1
134,0,"[44, 27, 171, 0]",-1,0,0,0,1
135,0,"[48, 122, 156, 0]",-1,0,0,0,1
136,0,"[62, 111, 123, 0]",-1,0,0,0,1
137,0,"[23, 59, 74, 0]",-1,0,0,0,1
138,0,"[50, 32, 154, 0]",-1,0,0,0,1
139,0,"[7, 29, 149, 0]",-1,0,0,0,1
140,0,"[51, 52, 213, 0]",-1,0,0,0,1
141,0,"[51, 126, 96, 0]",-1,0,0,0,1
142,0,"[62, 107, 192, 0]",-1,0,0,0,1
143,0,"[1, 75, 152, 0]",-1,0,0,0,1
144,0,"[15, 40, 184, 0]",-1,0,0,0,1
145,0,"[20, 52, 7, 0]",-1,0,0,0,1
146,0,"[10, 57, 99, 0]",-1,0,0,0,1
147,0,"[7, 101, 156, 0]",-1,0,0,0,1
148,0,"[30, 16, 8, 0]",-1,0,0,0,1
149,0,"[19, 78, 199, 0]",-1,0,0,0,1
150,0,"[38, 35, 66, 0]",-1,0,0,0,1
151,0,"[37, 60, 4, 0]",-1,0,0,0,1
152,0,"[10, 12, 98, 0]",-1,0,0,0,1
153,0,"[36, 44, 9, 0]",-1,0,0,0,1
154,0,"[58, 54, 158, 0]",-1,0,0,0,1
155,0,"[12, 44, 73, 0]",-1,0,0,0,1
156,0,"[3, 124, 191, 0]",-1,0,0,0,1
157,0,"[10, 6, 58, 0]",-1,0,0,0,1
158,0,"[31, 19, 163, 0]",-1,0,0,0,1
159,0,"[13, 91, 7, 0]",-1,0,0,0,1
160,0,"[34, 36, 126, 0]",-1,0,0,0,1
161,0,"[48, 24, 249, 0]",-1,0,0,0,1
162,0,"[57, 20, 25, 0]",-1,0,0,0,1
163,0,"[48, 122, 156, 0]",-1,0,0,0,1
164,0,"[55, 54, 176, 0]",-1,0,0,0,1
165,0,"[49, 35, 35, 0]",-1,0,0,0,1
166,0,"[61, 79, 191, 0]",-1,0,0,0,1
167,0,"[51, 75, 216, 0]",-1,0,0,0,1
168,0,"[1, 112, 63, 0]",-1,0,0,0,1
169,0,"[9, 88, 149, 0]",-1,0,0,0,1
170,0,"[1, 32, 251, 0]",-1,0,0,0,1
171,0,"[20, 52, 195, 0]",-1,0,0,0,1
172,0,"[30, 111, 48, 0]",-1,0,0,0,1
173,0,"[22, 88, 200, 0]",-1,0,0,0,1
174,0,"[48, 105, 210, 0]",-1,0,0,0,1
175,0,"[51, 2, 97, 0]",-1,0,0,0,1
176,0,"[56, 122, 82, 0]",-1,0,0,0,1
177,0,"[1, 64, 80, 0]",-1,0,0,0,1
178,0,"[4, 114, 208, 0]",-1,0,0,0,1
179,0,"[30, 25, 219, 0]",-1,0,0,0,1
180,0,"[4, 106, 146, 0]",-1,0,0,0,1
181,0,"[48, 55, 175, 0]",-1,0,0,0,1
182,0,"[47, 3, 253, 0]",-1,0,0,0,1
183,0,"[19, 45, 163, 0]",-1,0,0,0,1
184,0,"[40, 88, 221, 0]",-1,0,0,0,1
185,0,"[49, 102, 85, 0]",-1,0,0,0,1
186,0,"[39, 42, 4, 0]",-1,0,0,0,1
187,0,"[13, 67, 149, 0]",-1,0,0,0,1
188,0,"[62, 111, 123, 0]",-1,0,0,0,1
189,0,"[53, 100, 213, 0]",-1,0,0,0,1
190,0,"[5, 91, 64, 0]",-1,0,0,0,1
191,0,"[61, 102, 36, 0]",-1,0,0,0,1
192,0,"[55, 54, 180, 0]",-1,0,0,0,1
193,0,"[52, 101, 18, 0]",-1,0,0,0,1
194,0,"[4, 46, 59, 0]",-1,0,0,0,1
195,0,"[18, 111, 28, 0]",-1,0,0,0,1
196,0,"[44, 31, 101, 0]",-1,0,0,0,1
197,0,"[37, 60, 27, 0]",-1,0,0,0,1
198,0,"[10, 87, 187, 0]",-1,0,0,0,1
199,0,"[2, 75, 220, 0]",-1,0,0,0,1
200,0,"[62, 108, 122, 0]",-1,0,0,0,1
201,0,"[20, 52, 48, 0]",-1,0,0,0,1
202,0,"[16, 22, 147, 0]",-1,0,0,0,1
203,0,"[1, 123, 172, 0]",-1,0,0,0,1
204,0,"[14, 84, 161, 0]",-1,0,0,0,1
205,0,"[58, 53, 44, 0]",-1,0,0,0,1
206,0,"[23, 80, 188, 0]",-1,0,0,0,1
207,0,"[29, 68, 18, 0]",-1,0,0,0,1
208,0,"[4, 22, 239, 0]",-1,0,0,0,1
209,0,"[33, 98, 51, 0]",-1,0,0,0,1
210,0,"[24, 43, 204, 0]",-1,0,0,0,1
211,0,"[20, 70, 11, 0]",-1,0,0,0,1
212,0,"[22, 119, 249, 0]",-1,0,0,0,1
213,0,"[53, 78, 237, 0]",-1,0,0,0,1
214,0,"[43, 106, 150, 0]",-1,0,0,0,1
215,0,"[0, 15, 127, 0]",-1,0,0,1,1
216,0,"[38, 74, 151, 0]",-1,0,0,0,1
217,0,"[38, 84, 192, 0]",-1,0,0,0,1
218,0,"[52, 51, 7, 0]",-1,0,0,0,1
219,0,"[51, 96, 185, 0]",-1,0,0,0,1
220,0,"[46, 110, 83, 0]",-1,0,0,0,1
221,0,"[38, 74, 2, 0]",-1,0,0,0,1
222,0,"[48, 101, 163, 0]",-1,0,0,0,1
223,0,"[59, 116, 53, 0]",-1,0,0,0,1
224,0,"[24, 78, 41, 0]",-1,0,0,0,1
225,0,"[52, 6, 150, 0]",-1,0,0,0,1
226,0,"[14, 89, 90, 0]",-1,0,0,0,1
227,0,"[62, 31, 102, 0]",-1,0,0,0,1
228,0,"[63, 93, 245, 0]",-1,0,0,0,1
229,0,"[10, 79, 191, 0]",-1,0,0,0,1
230,0,"[52, 70, 64, 0]",-1,0,0,0,1
231,0,"[52, 125, 155, 0]",-1,0,0,0,1
232,0,"[42, 25, 14, 0]",-1,0,0,0,1
233,0,"[23, 119, 218, 0]",-1,0,0,0,1
234,0,"[37, 66, 11, 0]",-1,0,0,0,1
235,0,"[12, 12, 69, 0]",-1,0,0,0,1
236,0,"[38, 74, 151, 0]",-1,0,0,0,1
237,0,"[52, 123, 118, 0]",-1,0,0,0,1
238,0,"[16, 62, 253, 0]",-1,0,0,0,1
239,0,"[48, 122, 156, 0]",-1,0,0,0,1
240,0,"[62, 18, 85, 0]",-1,0,0,0,1
241,0,"[2, 58, 230, 0]",-1,0,0,0,1
242,0,"[33, 72, 32, 0]",-1,0,0,0,1
243,0,"[38, 23, 15, 0]",-1,0,0,0,1
244,0,"[52, 51, 7, 0]",-1,0,0,0,1
245,0,"[36, 60, 132, 0]",-1,0,0,0,1
246,0,"[43, 23, 116, 0]",-1,0,0,0,1
247,0,"[4, 88, 66, 0]",-1,0,0,0,1
248,0,"[5, 9, 167, 0]",-1,0,0,0,1
249,0,"[12, 107, 121, 0]",-1,0,0,0,1
250,0,"[35, 5, 63, 0]",-1,0,0,0,1
251,0,"[50, 13, 142, 0]",-1,0,0,0,1
252,0,"[13, 110, 20, 0]",-1,0,0,0,1
253,0,"[53, 69, 191, 0]",-1,0,0,0,1
254,0,"[44, 105, 249, 0]",-1,0,0,0,1
255,0,"[49, 115, 167, 0]",-1,0,0,0,1
256,0,"[40, 97, 200, 0]",-1,0,0,0,1
257,0,"[56, 37, 145, 0]",-1,0,0,0,1
258,0,"[59, 36, 175, 0]",-1,0,0,0,1
259,0,"[5, 122, 66, 0]",-1,0,0,0,1
260,0,"[6, 106, 113, 0]",-1,0,0,0,1
261,0,"[61, 27, 151, 0]",-1,0,0,0,1
262,0,"[51, 29, 202, 0]",-1,0,0,0,1
263,0,"[10, 12, 98, 0]",-1,0,0,0,1
264,0,"[32, 83, 167, 0]",-1,0,0,0,1
265,0,"[40, 97, 200, 0]",-1,0,0,0,1
266,0,"[28, 10, 125, 0]",-1,0,0,0,1
267,0,"[5, 120, 223, 0]",-1,0,0,0,1
268,0,"[9, 124, 142, 0]",-1,0,0,0,1
269,0,"[45, 11, 136, 0]",-1,0,0,0,1
270,0,"[3, 102, 198, 0]",-1,0,0,0,1
271,0,"[53, 64, 175, 0]",-1,0,0,0,1
272,0,"[27, 105, 24, 0]",-1,0,0,0,1
273,0,"[43, 111, 182, 0]",-1,0,0,0,1
274,0,"[51, 48, 46, 0]",-1,0,0,0,1
275,0,"[9, 17, 14, 0]",-1,0,0,0,1
276,0,"[0, 42, 153, 0]",-1,0,0,1,1
277,0,"[61, 108, 117, 0]",-1,0,0,0,1
278,0,"[54, 68, 43, 0]",-1,0,0,0,1
279,0,"[10, 12, 98, 0]",-1,0,0,0,1
280,0,"[0, 19, 217, 0]",-1,0,0,1,1
281,0,"[61, 106, 77, 0]",-1,0,0,0,1
282,0,"[24, 65, 236, 0]",-1,0,0,0,1
283,0,"[62, 75, 59, 0]",-1,0,0,0,1
284,0,"[37, 77, 3, 0]",-1,0,0,0,1
285,0,"[59, 91, 70, 0]",-1,0,0,0,1
286,0,"[41, 85, 198, 0]",-1,0,0,0,1
287,0,"[15, 74, 113, 0]",-1,0,0,0,1
288,0,"[0, 45, 230, 0]",-1,0,0,1,1
289,0,"[46, 49, 97, 0]",-1,0,0,0,1
290,0,"[60, 7, 61, 0]",-1,0,0,0,1
291,0,"[56, 107, 12, 0]",-1,0,0,0,1
292,0,"[59, 66, 204, 0]",-1,0,0,0,1
293,0,"[32, 39, 65, 0]",-1,0,0,0,1
294,0,"[49, 23, 89, 0]",-1,0,0,0,1
295,0,"[52, 4, 177, 0]",-1,0,0,0,1
296,0,"[40, 6, 230, 0]",-1,0,0,0,1
297,0,"[34, 60, 120, 0]",-1,0,0,0,1
298,0,"[13, 102, 123, 0]",-1,0,0,0,1
299,0,"[51, 79, 41, 0]",-1,0,0,0,1
300,0,"[55, 89, 119, 0]",-1,0,0,0,1
301,0,"[56, 5, 13, 0]",-1,0,0,0,1
302,0,"[14, 89, 71, 0]",-1,0,0,0,1
303,0,"[61, 72, 210, 0]",-1,0,0,0,1
304,0,"[55, 42, 249, 0]",-1,0,0,0,1
305,0,"[20, 66, 0, 0]",-1,0,0,0,1
306,0,"[9, 63, 232, 0]",-1,0,0,0,1
307,0,"[56, 5, 247, 0]",-1,0,0,0,1
308,0,"[14, 34, 227, 0]",-1,0,0,0,1
309,0,"[44, 26, 126, 0]",-1,0,0,0,1
310,0,"[49, 42, 73, 0]",-1,0,0,0,1
311,0,"[4, 41, 196, 0]",-1,0,0,0,1
312,0,"[14, 115, 79, 0]",-1,0,0,0,1
313,0,"[17, 44, 2, 0]",-1,0,0,0,1
314,0,"[1, 20, 85, 0]",-1,0,0,0,1
315,0,"[30, 79, 46, 0]",-1,0,0,0,1
316,0,"[39, 103, 110, 0]",-1,0,0,0,1
317,0,"[35, 28, 233, 0]",-1,0,0,0,1
318,0,"[31, 2, 185, 0]",-1,0,0,0,1
319,0,"[6, 25, 213, 0]",-1,0,0,0,1
320,0,"[18, 46, 142, 0]",-1,0,0,0,1
321,0,"[16, 34, 179, 0]",-1,0,0,0,1
322,0,"[58, 100, 206, 0]",-1,0,0,0,1
323,0,"[19, 60, 111, 0]",-1,0,0,0,1
324,0,"[7, 26, 175, 0]",-1,0,0,0,1
325,0,"[18, 78, 23, 0]",-1,0,0,0,1
326,0,"[13, 70, 244, 0]",-1,0,0,0,1
327,0,"[2, 75, 16, 0]",-1,0,0,0,1
328,0,"[52, 51, 200, 0]",-1,0,0,0,1
329,0,"[31, 42, 107, 0]",-1,0,0,0,1
330,0,"[34, 47, 122, 0]",-1,0,0,0,1
331,0,"[5, 60, 28, 0]",-1,0,0,0,1
332,0,"[57, 120, 70, 0]",-1,0,0,0,1
333,0,"[32, 67, 224, 0]",-1,0,0,0,1
334,0,"[16, 21, 202, 0]",-1,0,0,0,1
335,0,"[16, 76, 23, 0]",-1,0,0,0,1
336,0,"[22, 37, 95, 0]",-1,0,0,0,1
337,0,"[18, 14, 150, 0]",-1,0,0,0,1
338,0,"[14, 116, 199, 0]",-1,0,0,0,1
339,0,"[55, 75, 187, 0]",-1,0,0,0,1
340,0,"[38, 87, 252, 0]",-1,0,0,0,1
341,0,"[49, 115, 126, 0]",-1,0,0,0,1
342,0,"[23, 30, 201, 0]",-1,0,0,0,1
343,0,"[53, 98, 88, 0]",-1,0,0,0,1
344,0,"[44, 45, 124, 0]",-1,0,0,0,1
345,0,"[57, 46, 4, 0]",-1,0,0,0,1
346,0,"[42, 3, 171, 0]",-1,0,0,0,1
347,0,"[50, 12, 43, 0]",-1,0,0,0,1
348,0,"[51, 92, 193, 0]",-1,0,0,0,1
349,0,"[63, 37, 166, 0]",-1,0,0,0,1
350,0,"[4, 9, 113, 0]",-1,0,0,0,1
351,0,"[63, 58, 172, 0]",-1,0,0,0,1
352,0,"[46, 42, 73, 0]",-1,0,0,0,1
353,0,"[3, 102, 153, 0]",-1,0,0,0,1
354,0,"[54, 38, 225, 0]",-1,0,0,0,1
355,0,"[50, 15, 254, 0]",-1,0,0,0,1
356,0,"[58, 78, 225, 0]",-1,0,0,0,1
357,0,"[1, 84, 51, 0]",-1,0,0,0,1
358,0,"[3, 0, 78, 0]",-1,0,0,0,1
359,0,"[61, 21, 244, 0]",-1,0,0,0,1
360,0,"[51, 57, 166, 0]",-1,0,0,0,1
361,0,"[34, 89, 206, 0]",-1,0,0,0,1
362,0,"[15, 85, 210, 0]",-1,0,0,0,1
363,0,"[30, 88, 86, 0]",-1,0,0,0,1
364,0,"[12, 38, 150, 0]",-1,0,0,0,1
365,0,"[62, 75, 183, 0]",-1,0,0,0,1
366,0,"[34, 60, 208, 0]",-1,0,0,0,1
367,0,"[6, 122, 90, 0]",-1,0,0,0,1
368,0,"[58, 112, 152, 0]",-1,0,0,0,1
369,0,"[56, 29, 133, 0]",-1,0,0,0,1
370,0,"[2, 11, 215, 0]",-1,0,0,0,1
371,0,"[13, 51, 31, 0]",-1,0,0,0,1
372,0,"[25, 59, 218, 0]",-1,0,0,0,1
373,0,"[58, 112, 152, 0]",-1,0,0,0,1
374,0,"[33, 56, 5, 0]",-1,0,0,0,1
375,0,"[21, 16, 101, 0]",-1,0,0,0,1
376,0,"[13, 91, 7, 0]",-1,0,0,0,1
377,0,"[27, 62, 199, 0]",-1,0,0,0,1
378,0,"[30, 79, 46, 0]",-1,0,0,0,1
379,0,"[43, 13, 136, 0]",-1,0,0,0,1
380,0,"[6, 85, 202, 0]",-1,0,0,0,1
381,0,"[52, 123, 79, 0]",-1,0,0,0,1
382,0,"[53, 58, 10, 0]",-1,0,0,0,1
383,0,"[18, 104, 249, 0]",-1,0,0,0,1
384,0,"[51, 63, 86, 0]",-1,0,0,0,1
385,0,"[51, 79, 21, 0]",-1,0,0,0,1
386,0,"[52, 86, 178, 0]",-1,0,0,0,1
387,0,"[4, 87, 29, 0]",-1,0,0,0,1
388,0,"[10, 84, 209, 0]",-1,0,0,0,1
389,0,"[53, 101, 214, 0]",-1,0,0,0,1
390,0,"[38, 23, 15, 0]",-1,0,0,0,1
391,0,"[52, 88, 169, 0]",-1,0,0,0,1
392,0,"[42, 87, 174, 0]",-1,0,0,0,1
393,0,"[53, 103, 15, 0]",-1,0,0,0,1
394,0,"[44, 39, 179, 0]",-1,0,0,0,1
395,0,"[54, 107, 204, 0]",-1,0,0,0,1
396,0,"[58, 109, 130, 0]",-1,0,0,0,1
397,0,"[38, 118, 182, 0]",-1,0,0,0,1
398,0,"[44, 105, 21, 0]",-1,0,0,0,1
399,0,"[39, 42, 4, 0]",-1,0,0,0,1
400,0,"[62, 80, 151, 0]",-1,0,0,0,1
401,0,"[23, 85, 177, 0]",-1,0,0,0,1
402,0,"[60, 61, 116, 0]",-1,0,0,0,1
403,0,"[16, 53, 214, 0]",-1,0,0,0,1
404,0,"[22, 37, 95, 0]",-1,0,0,0,1
405,0,"[46, 76, 192, 0]",-1,0,0,0,1
406,0,"[42, 52, 28, 0]",-1,0,0,0,1
407,0,"[59, 74, 119, 0]",-1,0,0,0,1
408,0,"[58, 11, 59, 0]",-1,0,0,0,1
409,0,"[38, 74, 151, 0]",-1,0,0,0,1
410,0,"[17, 113, 61, 0]",-1,0,0,0,1
411,0,"[57, 20, 25, 0]",-1,0,0,0,1
412,0,"[10, 111, 179, 0]",-1,0,0,0,1
413,0,"[23, 64, 210, 0]",-1,0,0,0,1
414,0,"[16, 2, 60, 0]",-1,0,0,0,1
415,0,"[21, 24, 160, 0]",-1,0,0,0,1
416,0,"[13, 43, 243, 0]",-1,0,0,0,1
417,0,"[56, 18, 61, 0]",-1,0,0,0,1
418,0,"[56, 8, 11, 0]",-1,0,0,0,1
419,0,"[7, 78, 59, 0]",-1,0,0,0,1
420,0,"[14, 77, 45, 0]",-1,0,0,0,1
421,0,"[4, 46, 59, 0]",-1,0,0,0,1
422,0,"[46, 21, 240, 0]",-1,0,0,0,1
423,0,"[26, 62, 54, 0]",-1,0,0,0,1
424,0,"[16, 104, 78, 0]",-1,0,0,0,1
425,0,"[6, 85, 202, 0]",-1,0,0,0,1
426,0,"[17, 113, 61, 0]",-1,0,0,0,1
427,0,"[24, 59, 172, 0]",-1,0,0,0,1
428,0,"[36, 118, 137, 0]",-1,0,0,0,1
429,0,"[52, 88, 169, 0]",-1,0,0,0,1
430,0,"[13, 68, 135, 0]",-1,0,0,0,1
431,0,"[37, 77, 51, 0]",-1,0,0,0,1
432,0,"[4, 45, 17, 0]",-1,0,0,0,1
433,0,"[52, 38, 10, 0]",-1,0,0,0,1
434,0,"[58, 67, 237, 0]",-1,0,0,0,1
435,0,"[4, 84, 25, 0]",-1,0,0,0,1
436,0,"[56, 68, 198, 0]",-1,0,0,0,1
437,0,"[43, 50, 229, 0]",-1,0,0,0,1
438,0,"[31, 123, 31, 0]",-1,0,0,0,1
439,0,"[43, 58, 204, 0]",-1,0,0,0,1
440,0,"[18, 27, 92, 0]",-1,0,0,0,1
441,0,"[5, 120, 237, 0]",-1,0,0,0,1
442,0,"[55, 100, 93, 0]",-1,0,0,0,1
443,0,"[33, 85, 140, 0]",-1,0,0,0,1
444,0,"[42, 95, 122, 0]",-1,0,0,0,1
445,0,"[56, 107, 12, 0]",-1,0,0,0,1
446,0,"[42, 118, 167, 0]",-1,0,0,0,1
447,0,"[39, 14, 48, 0]",-1,0,0,0,1
448,0,"[12, 8, 58, 0]",-1,0,0,0,1
449,0,"[37, 113, 153, 0]",-1,0,0,0,1
450,0,"[51, 79, 41, 0]",-1,0,0,0,1
451,0,"[13, 30, 70, 0]",-1,0,0,0,1
452,0,"[38, 76, 48, 0]",-1,0,0,0,1
453,0,"[13, 2, 154, 0]",-1,0,0,0,1
454,0,"[4, 87, 230, 0]",-1,0,0,0,1
455,0,"[6, 67, 89, 0]",-1,0,0,0,1
456,0,"[39, 114, 129, 0]",-1,0,0,0,1
457,0,"[51, 64, 248, 0]",-1,0,0,0,1
458,0,"[46, 105, 250, 0]",-1,0,0,0,1
459,0,"[24, 38, 60, 0]",-1,0,0,0,1
460,0,"[42, 33, 247, 0]",-1,0,0,0,1
461,0,"[38, 61, 102, 0]",-1,0,0,0,1
462,0,"[57, 104, 15, 0]",-1,0,0,0,1
463,0,"[24, 70, 216, 0]",-1,0,0,0,1
464,0,"[39, 42, 4, 0]",-1,0,0,0,1
465,0,"[7, 101, 2, 0]",-1,0,0,0,1
466,0,"[63, 3, 236, 0]",-1,0,0,0,1
467,0,"[30, 27, 117, 0]",-1,0,0,0,1
468,0,"[43, 46, 113, 0]",-1,0,0,0,1
469,0,"[8, 62, 238, 0]",-1,0,0,0,1
470,0,"[38, 94, 93, 0]",-1,0,0,0,1
471,0,"[22, 61, 252, 0]",-1,0,0,0,1
472,0,"[54, 82, 107, 0]",-1,0,0,0,1
473,0,"[22, 36, 111, 0]",-1,0,0,0,1
474,0,"[9, 43, 20, 0]",-1,0,0,0,1
475,0,"[11, 116, 138, 0]",-1,0,0,0,1
476,0,"[50, 125, 11, 0]",-1,0,0,0,1
477,0,"[18, 27, 92, 0]",-1,0,0,0,1
478,0,"[13, 122, 97, 0]",-1,0,0,0,1
479,0,"[61, 102, 36, 0]",-1,0,0,0,1
480,0,"[11, 42, 85, 0]",-1,0,0,0,1
481,0,"[43, 109, 113, 0]",-1,0,0,0,1
482,0,"[33, 98, 51, 0]",-1,0,0,0,1
483,0,"[8, 50, 163, 0]",-1,0,0,0,1
484,0,"[51, 92, 93, 0]",-1,0,0,0,1
485,0,"[16, 35, 3, 0]",-1,0,0,0,1
486,0,"[13, 46, 112, 0]",-1,0,0,0,1
487,0,"[11, 10, 169, 0]",-1,0,0,0,1
488,0,"[30, 113, 187, 0]",-1,0,0,0,1
489,0,"[23, 115, 36, 0]",-1,0,0,0,1
490,0,"[53, 68, 180, 0]",-1,0,0,0,1
491,0,"[24, 37, 9, 0]",-1,0,0,0,1
492,0,"[24, 82, 243, 0]",-1,0,0,0,1
493,0,"[48, 5, 100, 0]",-1,0,0,0,1
494,0,"[9, 61, 131, 0]",-1,0,0,0,1
495,0,"[14, 53, 101, 0]",-1,0,0,0,1
496,0,"[48, 55, 90, 0]",-1,0,0,0,1
497,0,"[29, 57, 24, 0]",-1,0,0,0,1
498,0,"[3, 58, 88, 0]",-1,0,0,0,1
499,0,"[20, 52, 175, 0]",-1,0,0,0,1
500,0,"[23, 73, 229, 0]",-1,0,0,0,1
501,0,"[44, 8, 193, 0]",-1,0,0,0,1
502,0,"[20, 52, 195, 0]",-1,0,0,0,1
503,0,"[34, 48, 6, 0]",-1,0,0,0,1
504,0,"[38, 74, 2, 0]",-1,0,0,0,1
505,0,"[38, 85, 94, 0]",-1,0,0,0,1
506,0,"[35, 5, 63, 0]",-1,0,0,0,1
507,0,"[35, 5, 63, 0]",-1,0,0,0,1
508,0,"[59, 72, 117, 0]",-1,0,0,0,1
509,0,"[48, 9, 81, 0]",-1,0,0,0,1
510,0,"[49, 81, 81, 0]",-1,0,0,0,1
511,0,"[51, 45, 184, 0]",-1,0,0,0,1
512,0,"[2, 75, 220, 0]",-1,0,0,0,1
513,0,"[17, 15, 125, 0]",-1,0,0,0,1
514,0,"[8, 88, 154, 0]",-1,0,0,0,1
515,0,"[49, 82, 163, 0]",-1,0,0,0,1
516,0,"[38, 84, 192, 0]",-1,0,0,0,1
517,0,"[16, 18, 134, 0]",-1,0,0,0,1
518,0,"[23, 124, 255, 0]",-1,0,0,0,1
519,0,"[3, 38, 112, 0]",-1,0,0,0,1
520,0,"[46, 116, 73, 0]",-1,0,0,0,1
521,0,"[37, 109, 161, 0]",-1,0,0,0,1
522,0,"[26, 62, 204, 0]",-1,0,0,0,1
523,0,"[52, 75, 145, 0]",-1,0,0,0,1
524,0,"[0, 88, 241, 0]",-1,0,0,1,1
525,0,"[53, 116, 175, 0]",-1,0,0,0,1
526,0,"[4, 90, 172, 0]",-1,0,0,0,1
527,0,"[6, 85, 202, 0]",-1,0,0,0,1
528,0,"[23, 122, 28, 0]",-1,0,0,0,1
529,0,"[17, 76, 73, 0]",-1,0,0,0,1
530,0,"[28, 110, 135, 0]",-1,0,0,0,1
531,0,"[48, 89, 96, 0]",-1,0,0,0,1
532,0,"[13, 102, 220, 0]",-1,0,0,0,1
533,0,"[4, 46, 59, 0]",-1,0,0,0,1
534,0,"[41, 114, 230, 0]",-1,0,0,0,1
535,0,"[63, 10, 156, 0]",-1,0,0,0,1
536,0,"[50, 106, 69, 0]",-1,0,0,0,1
537,0,"[4, 92, 51, 0]",-1,0,0,0,1
538,0,"[50, 93, 194, 0]",-1,0,0,0,1
539,0,"[46, 124, 150, 0]",-1,0,0,0,1
540,0,"[12, 0, 102, 0]",-1,0,0,0,1
541,0,"[62, 62, 89, 0]",-1,0,0,0,1
542,0,"[35, 44, 196, 0]",-1,0,0,0,1
543,0,"[52, 104, 92, 0]",-1,0,0,0,1
544,0,"[7, 116, 131, 0]",-1,0,0,0,1
545,0,"[43, 61, 86, 0]",-1,0,0,0,1
546,0,"[14, 60, 169, 0]",-1,0,0,0,1
547,0,"[9, 64, 106, 0]",-1,0,0,0,1
548,0,"[30, 44, 240, 0]",-1,0,0,0,1
549,0,"[38, 35, 220, 0]",-1,0,0,0,1
550,0,"[31, 25, 145, 0]",-1,0,0,0,1
551,0,"[24, 29, 236, 0]",-1,0,0,0,1
552,0,"[54, 123, 228, 0]",-1,0,0,0,1
553,0,"[4, 84, 210, 0]",-1,0,0,0,1
554,0,"[18, 17, 189, 0]",-1,0,0,0,1
555,0,"[17, 2, 226, 0]",-1,0,0,0,1
556,0,"[58, 116, 99, 0]",-1,0,0,0,1
557,0,"[13, 91, 10, 0]",-1,0,0,0,1
558,0,"[13, 90, 41, 0]",-1,0,0,0,1
559,0,"[44, 43, 114, 0]",-1,0,0,0,1
560,0,"[26, 103, 99, 0]",-1,0,0,0,1
561,0,"[38, 99, 106, 0]",-1,0,0,0,1
562,0,"[24, 98, 201, 0]",-1,0,0,0,1
563,0,"[52, 1, 148, 0]",-1,0,0,0,1
564,0,"[18, 73, 47, 0]",-1,0,0,0,1
565,0,"[48, 17, 117, 0]",-1,0,0,0,1
566,0,"[33, 72, 46, 0]",-1,0,0,0,1
567,0,"[10, 19, 145, 0]",-1,0,0,0,1
568,0,"[16, 19, 83, 0]",-1,0,0,0,1
569,0,"[14, 53, 101, 0]",-1,0,0,0,1
570,0,"[62, 111, 123, 0]",-1,0,0,0,1
571,0,"[60, 102, 245, 0]",-1,0,0,0,1
572,0,"[48, 62, 100, 0]",-1,0,0,0,1
573,0,"[26, 3, 105, 0]",-1,0,0,0,1
574,0,"[61, 108, 250, 0]",-1,0,0,0,1
575,0,"[56, 107, 12, 0]",-1,0,0,0,1
576,0,"[63, 90, 107, 0]",-1,0,0,0,1
577,0,"[52, 14, 186, 0]",-1,0,0,0,1
578,0,"[7, 14, 27, 0]",-1,0,0,0,1
579,0,"[16, 100, 162, 0]",-1,0,0,0,1
580,0,"[5, 60, 92, 0]",-1,0,0,0,1
581,0,"[4, 68, 134, 0]",-1,0,0,0,1
582,0,"[55, 83, 255, 0]",-1,0,0,0,1
583,0,"[4, 19, 233, 0]",-1,0,0,0,1
584,0,"[7, 101, 156, 0]",-1,0,0,0,1
585,0,"[20, 68, 116, 0]",-1,0,0,0,1
586,0,"[4, 58, 3, 0]",-1,0,0,0,1
587,0,"[5, 6, 181, 0]",-1,0,0,0,1
588,0,"[52, 1, 148, 0]",-1,0,0,0,1
589,0,"[60, 11, 5, 0]",-1,0,0,0,1
590,0,"[16, 19, 13, 0]",-1,0,0,0,1
591,0,"[19, 103, 91, 0]",-1,0,0,0,1
592,0,"[13, 46, 112, 0]",-1,0,0,0,1
593,0,"[57, 125, 105, 0]",-1,0,0,0,1
594,0,"[58, 59, 225, 0]",-1,0,0,0,1
595,0,"[9, 31, 170, 0]",-1,0,0,0,1
596,0,"[16, 102, 36, 0]",-1,0,0,0,1
597,0,"[10, 68, 136, 0]",-1,0,0,0,1
598,0,"[33, 59, 90, 0]",-1,0,0,0,1
599,0,"[9, 18, 107, 0]",-1,0,0,0,1
600,0,"[45, 111, 227, 0]",-1,0,0,0,1
601,0,"[42, 25, 14, 0]",-1,0,0,0,1
602,0,"[37, 53, 193, 0]",-1,0,0,0,1
603,0,"[12, 83, 69, 0]",-1,0,0,0,1
604,0,"[20, 52, 195, 0]",-1,0,0,0,1
605,0,"[39, 114, 200, 0]",-1,0,0,0,1
606,0,"[7, 109, 191, 0]",-1,0,0,0,1
607,0,"[59, 66, 204, 0]",-1,0,0,0,1
608,0,"[9, 63, 232, 1]",-1,0,0,0,1
609,0,"[49, 64, 177, 0]",-1,0,0,0,1
610,0,"[20, 100, 149, 0]",-1,0,0,0,1
611,0,"[46, 55, 53, 0]",-1,0,0,0,1
612,0,"[4, 46, 59, 0]",-1,0,0,0,1
613,0,"[16, 76, 23, 0]",-1,0,0,0,1
614,0,"[38, 109, 184, 0]",-1,0,0,0,1
615,0,"[22, 61, 252, 0]",-1,0,0,0,1
616,0,"[9, 32, 177, 0]",-1,0,0,0,1
617,0,"[58, 109, 148, 0]",-1,0,0,0,1
618,0,"[0, 88, 241, 0]",-1,0,0,1,1
619,0,"[14, 18, 54, 0]",-1,0,0,0,1
620,0,"[41, 59, 196, 0]",-1,0,0,0,1
621,0,"[16, 52, 105, 0]",-1,0,0,0,1
622,0,"[9, 83, 168, 0]",-1,0,0,0,1
623,0,"[4, 85, 238, 0]",-1,0,0,0,1
624,0,"[53, 73, 97, 0]",-1,0,0,0,1
625,0,"[8, 50, 163, 0]",-1,0,0,0,1
626,0,"[62, 23, 190, 0]",-1,0,0,0,1
627,0,"[32, 51, 70, 0]",-1,0,0,0,1
628,0,"[13, 126, 44, 0]",-1,0,0,0,1
629,0,"[55, 105, 236, 0]",-1,0,0,0,1
630,0,"[58, 78, 128, 0]",-1,0,0,0,1
631,0,"[43, 75, 165, 0]",-1,0,0,0,1
632,0,"[43, 26, 253, 0]",-1,0,0,0,1
633,0,"[39, 103, 137, 0]",-1,0,0,0,1
634,0,"[8, 3, 191, 0]",-1,0,0,0,1
635,0,"[56, 40, 94, 0]",-1,0,0,0,1
636,0,"[44, 75, 244, 0]",-1,0,0,0,1
637,0,"[46, 85, 1, 0]",-1,0,0,0,1
638,0,"[33, 43, 19, 1]",-1,0,0,0,1
639,0,"[28, 69, 99, 0]",-1,0,0,0,1
640,0,"[9, 101, 165, 0]",-1,0,0,0,1
641,0,"[1, 84, 51, 0]",-1,0,0,0,1
642,0,"[28, 24, 78, 0]",-1,0,0,0,1
643,0,"[43, 59, 86, 0]",-1,0,0,0,1
644,0,"[1, 123, 38, 0]",-1,0,0,0,1
645,0,"[9, 11, 175, 0]",-1,0,0,0,1
646,0,"[36, 120, 38, 0]",-1,0,0,0,1
647,0,"[20, 41, 16, 0]",-1,0,0,0,1
648,0,"[38, 85, 94, 0]",-1,0,0,0,1
649,0,"[35, 36, 255, 0]",-1,0,0,0,1
650,0,"[1, 29, 35, 0]",-1,0,0,0,1
651,0,"[38, 118, 106, 0]",-1,0,0,0,1
652,0,"[9, 60, 168, 0]",-1,0,0,0,1
653,0,"[56, 76, 191, 0]",-1,0,0,0,1
654,0,"[13, 17, 198, 0]",-1,0,0,0,1
655,0,"[14, 53, 101, 0]",-1,0,0,0,1
656,0,"[1, 1, 254, 0]",-1,0,0,0,1
657,0,"[59, 124, 226, 0]",-1,0,0,0,1
658,0,"[7, 77, 240, 0]",-1,0,0,0,1
659,0,"[19, 89, 94, 0]",-1,0,0,0,1
660,0,"[4, 92, 17, 0]",-1,0,0,0,1
661,0,"[13, 94, 160, 0]",-1,0,0,0,1
662,0,"[52, 6, 150, 0]",-1,0,0,0,1
663,0,"[45, 77, 143, 0]",-1,0,0,0,1
664,0,"[19, 78, 114, 0]",-1,0,0,0,1
665,0,"[56, 10, 132, 0]",-1,0,0,0,1
666,0,"[49, 111, 25, 0]",-1,0,0,0,1
667,0,"[5, 44, 24, 0]",-1,0,0,0,1
668,0,"[9, 18, 107, 0]",-1,0,0,0,1
669,0,"[50, 87, 138, 0]",-1,0,0,0,1
670,0,"[15, 34, 43, 0]",-1,0,0,0,1
671,0,"[10, 95, 40, 0]",-1,0,0,0,1
672,0,"[4, 20, 130, 0]",-1,0,0,0,1
673,0,"[8, 103, 240, 0]",-1,0,0,0,1
674,0,"[25, 17, 219, 0]",-1,0,0,0,1
675,0,"[43, 20, 78, 0]",-1,0,0,0,1
676,0,"[25, 85, 13, 0]",-1,0,0,0,1
677,0,"[56, 55, 97, 0]",-1,0,0,0,1
678,0,"[43, 103, 66, 0]",-1,0,0,0,1
679,0,"[42, 25, 14, 0]",-1,0,0,0,1
680,0,"[16, 32, 143, 0]",-1,0,0,0,1
681,0,"[43, 89, 227, 0]",-1,0,0,0,1
682,0,"[3, 10, 193, 0]",-1,0,0,0,1
683,0,"[59, 8, 44, 0]",-1,0,0,0,1
684,0,"[28, 27, 9, 0]",-1,0,0,0,1
685,0,"[61, 50, 117, 0]",-1,0,0,0,1
686,0,"[32, 95, 174, 0]",-1,0,0,0,1
687,0,"[38, 84, 192, 0]",-1,0,0,0,1
688,0,"[58, 61, 145, 0]",-1,0,0,0,1
689,0,"[33, 31, 98, 0]",-1,0,0,0,1
690,0,"[1, 123, 38, 0]",-1,0,0,0,1
691,0,"[10, 61, 64, 0]",-1,0,0,0,1
692,0,"[46, 47, 150, 0]",-1,0,0,0,1
693,0,"[42, 101, 48, 0]",-1,0,0,0,1
694,0,"[5, 9, 222, 0]",-1,0,0,0,1
695,0,"[12, 68, 62, 0]",-1,0,0,0,1
696,0,"[4, 20, 130, 0]",-1,0,0,0,1
697,0,"[0, 4, 95, 0]",-1,0,0,1,1
698,0,"[41, 112, 158, 0]",-1,0,0,0,1
699,0,"[13, 104, 238, 0]",-1,0,0,0,1
700,0,"[10, 4, 201, 0]",-1,0,0,0,1
701,0,"[8, 35, 54, 0]",-1,0,0,0,1
702,0,"[59, 72, 2, 0]",-1,0,0,0,1
703,0,"[33, 86, 48, 0]",-1,0,0,0,1
704,0,"[34, 110, 35, 0]",-1,0,0,0,1
705,0,"[34, 92, 12, 0]",-1,0,0,0,1
706,0,"[29, 38, 58, 0]",-1,0,0,0,1
707,0,"[35, 54, 47, 0]",-1,0,0,0,1
708,0,"[59, 28, 223, 0]",-1,0,0,0,1
709,0,"[10, 31, 204, 0]",-1,0,0,0,1
710,0,"[1, 40, 134, 0]",-1,0,0,0,1
711,0,"[33, 86, 48, 0]",-1,0,0,0,1
712,0,"[53, 69, 191, 0]",-1,0,0,0,1
713,0,"[56, 8, 11, 0]",-1,0,0,0,1
714,0,"[20, 52, 68, 0]",-1,0,0,0,1
715,0,"[23, 80, 188, 0]",-1,0,0,0,1
716,0,"[53, 33, 213, 0]",-1,0,0,0,1
717,0,"[9, 89, 196, 0]",-1,0,0,0,1
718,0,"[61, 92, 186, 0]",-1,0,0,0,1
719,0,"[18, 79, 205, 0]",-1,0,0,0,1
720,0,"[52, 71, 33, 0]",-1,0,0,0,1
721,0,"[56, 89, 206, 0]",-1,0,0,0,1
722,0,"[42, 87, 46, 0]",-1,0,0,0,1
723,0,"[9, 26, 19, 0]",-1,0,0,0,1
724,0,"[51, 61, 62, 0]",-1,0,0,0,1
725,0,"[12, 0, 102, 0]",-1,0,0,0,1
726,0,"[20, 52, 195, 0]",-1,0,0,0,1
727,0,"[12, 123, 4, 0]",-1,0,0,0,1
728,0,"[16, 100, 123, 0]",-1,0,0,0,1
729,0,"[36, 60, 188, 0]",-1,0,0,0,1
730,0,"[49, 78, 16, 0]",-1,0,0,0,1
731,0,"[61, 108, 117, 0]",-1,0,0,0,1
732,0,"[33, 9, 17, 0]",-1,0,0,0,1
733,0,"[49, 113, 214, 0]",-1,0,0,0,1
734,0,"[3, 54, 230, 0]",-1,0,0,0,1
735,0,"[3, 89, 197, 0]",-1,0,0,0,1
736,0,"[30, 27, 218, 0]",-1,0,0,0,1
737,0,"[30, 113, 187, 0]",-1,0,0,0,1
738,0,"[63, 93, 245, 0]",-1,0,0,0,1
739,0,"[7, 26, 175, 0]",-1,0,0,0,1
740,0,"[16, 36, 75, 0]",-1,0,0,0,1
741,0,"[58, 102, 244, 0]",-1,0,0,0,1
742,0,"[52, 88, 169, 0]",-1,0,0,0,1
743,0,"[32, 31, 145, 0]",-1,0,0,0,1
744,0,"[2, 25, 99, 0]",-1,0,0,0,1
745,0,"[49, 63, 150, 0]",-1,0,0,0,1
746,0,"[38, 119, 67, 0]",-1,0,0,0,1
747,0,"[55, 118, 60, 0]",-1,0,0,0,1
748,0,"[61, 21, 233, 0]",-1,0,0,0,1
749,0,"[48, 4, 204, 0]",-1,0,0,0,1
750,0,"[5, 102, 111, 0]",-1,0,0,0,1
751,0,"[9, 45, 144, 0]",-1,0,0,0,1
752,0,"[42, 12, 85, 0]",-1,0,0,0,1
753,0,"[30, 34, 211, 0]",-1,0,0,0,1
754,0,"[50, 76, 102, 0]",-1,0,0,0,1
755,0,"[38, 60, 195, 0]",-1,0,0,0,1
756,0,"[52, 38, 10, 0]",-1,0,0,0,1
757,0,"[26, 78, 114, 0]",-1,0,0,0,1
758,0,"[13, 46, 112, 0]",-1,0,0,0,1
759,0,"[35, 92, 11, 0]",-1,0,0,0,1
760,0,"[1, 112, 63, 0]",-1,0,0,0,1
761,0,"[37, 60, 27, 0]",-1,0,0,0,1
762,0,"[10, 103, 132, 0]",-1,0,0,0,1
763,0,"[14, 116, 223, 0]",-1,0,0,0,1
764,0,"[39, 91, 251, 0]",-1,0,0,0,1
765,0,"[63, 4, 158, 0]",-1,0,0,0,1
766,0,"[56, 58, 126, 0]",-1,0,0,0,1
767,0,"[24, 115, 21, 0]",-1,0,0,0,1
768,0,"[56, 123, 14, 0]",-1,0,0,0,1
769,0,"[51, 109, 118, 0]",-1,0,0,0,1
770,0,"[25, 16, 207, 0]",-1,0,0,0,1
771,0,"[32, 51, 198, 0]",-1,0,0,0,1
772,0,"[45, 26, 154, 0]",-1,0,0,0,1
773,0,"[59, 38, 176, 0]",-1,0,0,0,1
774,0,"[49, 116, 35, 0]",-1,0,0,0,1
775,0,"[36, 55, 58, 0]",-1,0,0,0,1
776,0,"[6, 118, 118, 0]",-1,0,0,0,1
777,0,"[33, 50, 117, 0]",-1,0,0,0,1
778,0,"[23, 17, 55, 0]",-1,0,0,0,1
779,0,"[3, 7, 162, 0]",-1,0,0,0,1
780,0,"[27, 105, 24, 0]",-1,0,0,0,1
781,0,"[5, 60, 92, 0]",-1,0,0,0,1
782,0,"[5, 120, 223, 0]",-1,0,0,0,1
783,0,"[45, 67, 153, 0]",-1,0,0,0,1
784,0,"[17, 16, 46, 0]",-1,0,0,0,1
785,0,"[43, 14, 230, 0]",-1,0,0,0,1
786,0,"[38, 122, 51, 0]",-1,0,0,0,1
787,0,"[44, 112, 9, 0]",-1,0,0,0,1
788,0,"[26, 24, 80, 0]",-1,0,0,0,1
789,0,"[3, 100, 125, 0]",-1,0,0,0,1
790,0,"[52, 86, 178, 0]",-1,0,0,0,1
791,0,"[31, 29, 178, 0]",-1,0,0,0,1
792,0,"[18, 69, 95, 0]",-1,0,0,0,1
793,0,"[16, 59, 242, 0]",-1,0,0,0,1
794,0,"[52, 51, 7, 0]",-1,0,0,0,1
795,0,"[4, 109, 253, 0]",-1,0,0,0,1
796,0,"[23, 105, 202, 0]",-1,0,0,0,1
797,0,"[55, 28, 248, 0]",-1,0,0,0,1
798,0,"[23, 78, 74, 0]",-1,0,0,0,1
799,0,"[26, 42, 95, 0]",-1,0,0,0,1
800,0,"[59, 8, 44, 0]",-1,0,0,0,1
801,0,"[39, 24, 58, 0]",-1,0,0,0,1
802,0,"[16, 100, 162, 0]",-1,0,0,0,1
803,0,"[59, 40, 82, 0]",-1,0,0,0,1
804,0,"[41, 86, 64, 0]",-1,0,0,0,1
805,0,"[52, 15, 231, 0]",-1,0,0,0,1
806,0,"[36, 24, 185, 0]",-1,0,0,0,1
807,0,"[4, 27, 29, 0]",-1,0,0,0,1
808,0,"[19, 23, 97, 0]",-1,0,0,0,1
809,0,"[45, 120, 99, 0]",-1,0,0,0,1
810,0,"[55, 119, 216, 0]",-1,0,0,0,1
811,0,"[45, 115, 3, 0]",-1,0,0,0,1
812,0,"[22, 88, 241, 0]",-1,0,0,0,1
813,0,"[9, 71, 142, 0]",-1,0,0,0,1
814,0,"[33, 12, 199, 0]",-1,0,0,0,1
815,0,"[49, 58, 95, 0]",-1,0,0,0,1
816,0,"[20, 105, 200, 0]",-1,0,0,0,1
817,0,"[41, 22, 55, 0]",-1,0,0,0,1
818,0,"[34, 64, 26, 0]",-1,0,0,0,1
819,0,"[62, 85, 60, 0]",-1,0,0,0,1
820,0,"[49, 118, 129, 0]",-1,0,0,0,1
821,0,"[42, 27, 59, 0]",-1,0,0,0,1
822,0,"[40, 13, 125, 0]",-1,0,0,0,1
823,0,"[26, 29, 106, 0]",-1,0,0,0,1
824,0,"[49, 84, 214, 0]",-1,0,0,0,1
825,0,"[34, 41, 81, 0]",-1,0,0,0,1
826,0,"[18, 46, 44, 0]",-1,0,0,0,1
827,0,"[62, 63, 110, 0]",-1,0,0,0,1
828,0,"[0, 80, 7, 0]",-1,0,0,1,1
829,0,"[22, 15, 169, 0]",-1,0,0,0,1
830,0,"[43, 72, 69, 0]",-1,0,0,0,1
831,0,"[55, 68, 175, 0]",-1,0,0,0,1
832,0,"[16, 63, 158, 0]",-1,0,0,0,1
833,0,"[17, 38, 77, 0]",-1,0,0,0,1
834,0,"[32, 37, 80, 0]",-1,0,0,0,1
835,0,"[2, 12, 3, 0]",-1,0,0,0,1
836,0,"[20, 10, 196, 0]",-1,0,0,0,1
837,0,"[6, 48, 73, 0]",-1,0,0,0,1
838,0,"[55, 30, 5, 0]",-1,0,0,0,1
839,0,"[38, 103, 37, 0]",-1,0,0,0,1
840,0,"[25, 28, 108, 0]",-1,0,0,0,1
841,0,"[3, 52, 26, 0]",-1,0,0,0,1
842,0,"[45, 99, 53, 0]",-1,0,0,0,1
843,0,"[7, 111, 19, 0]",-1,0,0,0,1
844,0,"[38, 102, 64, 0]",-1,0,0,0,1
845,0,"[38, 74, 151, 0]",-1,0,0,0,1
846,0,"[60, 94, 164, 0]",-1,0,0,0,1
847,0,"[24, 28, 185, 0]",-1,0,0,0,1
848,0,"[58, 109, 130, 0]",-1,0,0,0,1
849,0,"[42, 33, 46, 0]",-1,0,0,0,1
850,0,"[35, 69, 182, 0]",-1,0,0,0,1
851,0,"[63, 102, 24, 0]",-1,0,0,0,1
852,0,"[4, 19, 253, 0]",-1,0,0,0,1
853,0,"[41, 104, 238, 0]",-1,0,0,0,1
854,0,"[9, 18, 222, 0]",-1,0,0,0,1
855,0,"[62, 15, 51, 0]",-1,0,0,0,1
856,0,"[10, 34, 100, 0]",-1,0,0,0,1
857,0,"[3, 10, 193, 0]",-1,0,0,0,1
858,0,"[25, 59, 218, 0]",-1,0,0,0,1
859,0,"[23, 45, 66, 0]",-1,0,0,0,1
860,0,"[46, 85, 41, 0]",-1,0,0,0,1
861,0,"[51, 123, 232, 0]",-1,0,0,0,1
862,0,"[5, 60, 28, 0]",-1,0,0,0,1
863,0,"[16, 62, 253, 0]",-1,0,0,0,1
864,0,"[11, 123, 51, 0]",-1,0,0,0,1
865,0,"[25, 92, 148, 0]",-1,0,0,0,1
866,0,"[19, 23, 97, 0]",-1,0,0,0,1
867,0,"[16, 20, 164, 0]",-1,0,0,0,1
868,0,"[42, 15, 73, 0]",-1,0,0,0,1
869,0,"[56, 104, 89, 0]",-1,0,0,0,1
870,0,"[5, 60, 28, 0]",-1,0,0,0,1
871,0,"[38, 85, 94, 0]",-1,0,0,0,1
872,0,"[5, 45, 212, 0]",-1,0,0,0,1
873,0,"[1, 10, 29, 0]",-1,0,0,0,1
874,0,"[61, 72, 210, 0]",-1,0,0,0,1
875,0,"[38, 84, 192, 0]",-1,0,0,0,1
876,0,"[53, 60, 0, 0]",-1,0,0,0,1
877,0,"[52, 41, 32, 0]",-1,0,0,0,1
878,0,"[47, 34, 99, 0]",-1,0,0,0,1
879,0,"[38, 74, 2, 0]",-1,0,0,0,1
880,0,"[19, 52, 55, 0]",-1,0,0,0,1
881,0,"[44, 8, 146, 0]",-1,0,0,0,1
882,0,"[46, 1, 178, 0]",-1,0,0,0,1
883,0,"[37, 88, 133, 0]",-1,0,0,0,1
884,0,"[54, 110, 32, 0]",-1,0,0,0,1
885,0,"[52, 20, 30, 0]",-1,0,0,0,1
886,0,"[62, 11, 63, 0]",-1,0,0,0,1
887,0,"[34, 80, 214, 0]",-1,0,0,0,1
888,0,"[24, 33, 67, 0]",-1,0,0,0,1
889,0,"[63, 101, 10, 0]",-1,0,0,0,1
890,0,"[41, 104, 217, 0]",-1,0,0,0,1
891,0,"[24, 111, 171, 0]",-1,0,0,0,1
892,0,"[5, 42, 48, 0]",-1,0,0,0,1
893,0,"[62, 12, 54, 0]",-1,0,0,0,1
894,0,"[11, 106, 154, 0]",-1,0,0,0,1
895,0,"[25, 36, 236, 0]",-1,0,0,0,1
896,0,"[63, 67, 81, 0]",-1,0,0,0,1
897,0,"[38, 125, 209, 0]",-1,0,0,0,1
898,0,"[37, 21, 27, 0]",-1,0,0,0,1
899,0,"[63, 76, 229, 0]",-1,0,0,0,1
900,0,"[20, 52, 195, 0]",-1,0,0,0,1
901,0,"[20, 9, 212, 0]",-1,0,0,0,1
902,0,"[13, 31, 100, 0]",-1,0,0,0,1
903,0,"[46, 119, 228, 0]",-1,0,0,0,1
904,0,"[3, 29, 134, 0]",-1,0,0,0,1
905,0,"[38, 46, 165, 0]",-1,0,0,0,1
906,0,"[16, 49, 197, 0]",-1,0,0,0,1
907,0,"[31, 2, 185, 0]",-1,0,0,0,1
908,0,"[18, 27, 92, 0]",-1,0,0,0,1
909,0,"[46, 120, 22, 0]",-1,0,0,0,1
910,0,"[38, 74, 2, 0]",-1,0,0,0,1
911,0,"[56, 80, 206, 0]",-1,0,0,0,1
912,0,"[45, 26, 154, 0]",-1,0,0,0,1
913,0,"[44, 72, 112, 0]",-1,0,0,0,1
914,0,"[20, 52, 175, 0]",-1,0,0,0,1
915,0,"[41, 85, 151, 0]",-1,0,0,0,1
916,0,"[11, 104, 48, 0]",-1,0,0,0,1
917,0,"[29, 91, 217, 0]",-1,0,0,0,1
918,0,"[4, 64, 13, 0]",-1,0,0,0,1
919,0,"[38, 90, 28, 0]",-1,0,0,0,1
920,0,"[8, 50, 163, 0]",-1,0,0,0,1
921,0,"[10, 57, 99, 0]",-1,0,0,0,1
922,0,"[14, 84, 161, 0]",-1,0,0,0,1
923,0,"[38, 74, 2, 0]",-1,0,0,0,1
924,0,"[36, 19, 189, 0]",-1,0,0,0,1
925,0,"[4, 111, 119, 0]",-1,0,0,0,1
926,0,"[13, 17, 198, 0]",-1,0,0,0,1
927,0,"[39, 49, 244, 0]",-1,0,0,0,1
928,0,"[4, 27, 134, 0]",-1,0,0,0,1
929,0,"[34, 110, 110, 0]",-1,0,0,0,1
930,0,"[4, 2, 20, 0]",-1,0,0,0,1
931,0,"[29, 25, 254, 0]",-1,0,0,0,1
932,0,"[36, 76, 130, 0]",-1,0,0,0,1
933,0,"[59, 95, 57, 0]",-1,0,0,0,1
934,0,"[50, 52, 233, 0]",-1,0,0,0,1
935,0,"[50, 99, 148, 0]",-1,0,0,0,1
936,0,"[34, 23, 11, 0]",-1,0,0,0,1
937,0,"[12, 54, 236, 0]",-1,0,0,0,1
938,0,"[18, 69, 95, 0]",-1,0,0,0,1
939,0,"[39, 103, 76, 0]",-1,0,0,0,1
940,0,"[26, 32, 3, 0]",-1,0,0,0,1
941,0,"[52, 98, 141, 0]",-1,0,0,0,1
942,0,"[42, 25, 72, 0]",-1,0,0,0,1
943,0,"[37, 83, 137, 0]",-1,0,0,0,1
944,0,"[55, 100, 104, 0]",-1,0,0,0,1
945,0,"[37, 124, 30, 0]",-1,0,0,0,1
946,0,"[3, 68, 184, 0]",-1,0,0,0,1
947,0,"[1, 112, 63, 0]",-1,0,0,0,1
948,0,"[9, 67, 241, 0]",-1,0,0,0,1
949,0,"[49, 21, 167, 0]",-1,0,0,0,1
950,0,"[55, 118, 60, 0]",-1,0,0,0,1
951,0,"[6, 119, 144, 0]",-1,0,0,0,1
952,0,"[42, 68, 98, 0]",-1,0,0,0,1
953,0,"[41, 45, 140, 0]",-1,0,0,0,1
954,0,"[47, 29, 179, 0]",-1,0,0,0,1
955,0,"[52, 62, 34, 0]",-1,0,0,0,1
956,0,"[53, 59, 238, 0]",-1,0,0,0,1
957,0,"[29, 66, 236, 0]",-1,0,0,0,1
958,0,"[62, 33, 133, 0]",-1,0,0,0,1
959,0,"[60, 75, 79, 0]",-1,0,0,0,1
960,0,"[62, 71, 102, 0]",-1,0,0,0,1
961,0,"[25, 85, 85, 0]",-1,0,0,0,1
962,0,"[13, 74, 173, 0]",-1,0,0,0,1
963,0,"[13, 47, 10, 0]",-1,0,0,0,1
964,0,"[42, 16, 118, 0]",-1,0,0,0,1
965,0,"[21, 63, 65, 0]",-1,0,0,0,1
966,0,"[20, 78, 23, 0]",-1,0,0,0,1
967,0,"[23, 115, 42, 0]",-1,0,0,0,1
968,0,"[47, 78, 147, 0]",-1,0,0,0,1
969,0,"[23, 83, 129, 0]",-1,0,0,0,1
970,0,"[3, 0, 78, 0]",-1,0,0,0,1
971,0,"[28, 59, 79, 0]",-1,0,0,0,1
972,0,"[38, 43, 37, 0]",-1,0,0,0,1
973,0,"[60, 11, 5, 0]",-1,0,0,0,1
974,0,"[63, 7, 123, 0]",-1,0,0,0,1
975,0,"[24, 65, 236, 0]",-1,0,0,0,1
976,0,"[38, 85, 94, 0]",-1,0,0,0,1
977,0,"[4, 68, 214, 0]",-1,0,0,0,1
978,0,"[13, 102, 47, 0]",-1,0,0,0,1
979,0,"[0, 103, 97, 0]",-1,0,0,1,1
980,0,"[42, 15, 214, 0]",-1,0,0,0,1
981,0,"[60, 53, 63, 0]",-1,0,0,0,1
982,0,"[48, 34, 161, 0]",-1,0,0,0,1
983,0,"[38, 87, 252, 0]",-1,0,0,0,1
984,0,"[4, 46, 59, 0]",-1,0,0,0,1
985,0,"[38, 112, 92, 0]",-1,0,0,0,1
986,0,"[13, 52, 235, 0]",-1,0,0,0,1
987,0,"[59, 52, 128, 0]",-1,0,0,0,1
988,0,"[6, 113, 144, 0]",-1,0,0,0,1
989,0,"[46, 73, 47, 0]",-1,0,0,0,1
990,0,"[5, 126, 36, 0]",-1,0,0,0,1
991,0,"[37, 94, 58, 0]",-1,0,0,0,1
992,0,"[31, 53, 229, 0]",-1,0,0,0,1
993,0,"[24, 36, 2, 0]",-1,0,0,0,1
994,0,"[34, 110, 13, 0]",-1,0,0,0,1
995,0,"[34, 69, 135, 0]",-1,0,0,0,1
996,0,"[14, 89, 90, 0]",-1,0,0,0,1
997,0,"[46, 24, 254, 0]",-1,0,0,0,1
998,0,"[14, 53, 101, 0]",-1,0,0,0,1
999,0,"[52, 125, 169, 0]",-1,0,0,0,1
1000,0,"[63, 57, 41, 0]",-1,0,0,0,1
1001,0,"[47, 98, 135, 0]",-1,0,0,0,1
1002,0,"[28, 41, 124, 0]",-1,0,0,0,1
1003,0,"[30, 86, 160, 0]",-1,0,0,0,1
1004,0,"[32, 34, 61, 0]",-1,0,0,0,1
1005,0,"[38, 116, 163, 0]",-1,0,0,0,1
1006,0,"[45, 38, 33, 0]",-1,0,0,0,1
1007,0,"[55, 48, 178, 0]",-1,0,0,0,1
1008,0,"[31, 80, 60, 0]",-1,0,0,0,1
1009,0,"[29, 101, 226, 0]",-1,0,0,0,1
1010,0,"[58, 102, 244, 0]",-1,0,0,0,1
1011,0,"[38, 96, 177, 0]",-1,0,0,0,1
1012,0,"[42, 33, 247, 0]",-1,0,0,0,1
1013,0,"[33, 120, 16, 0]",-1,0,0,0,1
1014,0,"[0, 118, 133, 0]",-1,0,0,1,1
1015,0,"[49, 2, 65, 0]",-1,0,0,0,1
1016,0,"[38, 84, 179, 0]",-1,0,0,0,1
1017,0,"[15, 16, 161, 0]",-1,0,0,0,1
1018,0,"[21, 94, 197, 0]",-1,0,0,0,1
1019,0,"[57, 17, 179, 0]",-1,0,0,0,1
1020,0,"[23, 31, 97, 0]",-1,0,0,0,1
1021,0,"[9, 74, 241, 0]",-1,0,0,0,1
1022,0,"[43, 19, 239, 0]",-1,0,0,0,1
1023,0,"[25, 84, 96, 0]",-1,0,0,0,1
1024,0,"[46, 124, 226, 0]",-1,0,0,0,1
1025,0,"[8, 85, 89, 0]",-1,0,0,0,1
1026,0,"[10, 49, 228, 0]",-1,0,0,0,1
1027,0,"[49, 71, 59, 0]",-1,0,0,0,1
1028,0,"[13, 74, 248, 0]",-1,0,0,0,1
1029,0,"[4, 125, 227, 0]",-1,0,0,0,1
1030,0,"[59, 56, 128, 0]",-1,0,0,0,1
1031,0,"[23, 78, 102, 0]",-1,0,0,0,1
1032,0,"[46, 90, 49, 0]",-1,0,0,0,1
1033,0,"[61, 24, 90, 0]",-1,0,0,0,1
1034,0,"[36, 84, 134, 0]",-1,0,0,0,1
1035,0,"[31, 75, 67, 0]",-1,0,0,0,1
1036,0,"[26, 86, 41, 0]",-1,0,0,0,1
1037,0,"[31, 28, 232, 0]",-1,0,0,0,1
1038,0,"[5, 0, 137, 0]",-1,0,0,0,1
1039,0,"[25, 119, 236, 0]",-1,0,0,0,1
1040,0,"[1, 47, 89, 0]",-1,0,0,0,1
1041,0,"[46, 30, 116, 0]",-1,0,0,0,1
1042,0,"[0, 97, 75, 0]",-1,0,0,1,1
1043,0,"[22, 125, 191, 0]",-1,0,0,0,1
1044,0,"[31, 63, 185, 0]",-1,0,0,0,1
1045,0,"[50, 115, 150, 0]",-1,0,0,0,1
1046,0,"[14, 36, 229, 0]",-1,0,0,0,1
1047,0,"[7, 26, 175, 0]",-1,0,0,0,1
1048,0,"[17, 113, 61, 0]",-1,0,0,0,1
1049,0,"[52, 115, 43, 0]",-1,0,0,0,1
1050,0,"[22, 88, 241, 0]",-1,0,0,0,1
1051,0,"[28, 24, 78, 0]",-1,0,0,0,1
1052,0,"[2, 51, 46, 0]",-1,0,0,0,1
1053,0,"[45, 57, 166, 0]",-1,0,0,0,1
1054,0,"[16, 61, 127, 0]",-1,0,0,0,1
1055,0,"[20, 26, 33, 0]",-1,0,0,0,1
1056,0,"[34, 29, 26, 0]",-1,0,0,0,1
1057,0,"[1, 104, 21, 0]",-1,0,0,0,1
1058,0,"[33, 98, 51, 0]",-1,0,0,0,1
1059,0,"[33, 43, 19, 1]",-1,0,0,0,1
1060,0,"[4, 75, 181, 0]",-1,0,0,0,1
1061,0,"[4, 87, 230, 0]",-1,0,0,0,1
1062,0,"[16, 94, 167, 0]",-1,0,0,0,1
1063,0,"[37, 44, 136, 0]",-1,0,0,0,1
1064,0,"[46, 59, 147, 0]",-1,0,0,0,1
1065,0,"[59, 8, 44, 0]",-1,0,0,0,1
1066,0,"[43, 89, 227, 0]",-1,0,0,0,1
1067,0,"[51, 92, 138, 0]",-1,0,0,0,1
1068,0,"[13, 67, 110, 0]",-1,0,0,0,1
1069,0,"[62, 108, 122, 0]",-1,0,0,0,1
1070,0,"[40, 59, 72, 0]",-1,0,0,0,1
1071,0,"[49, 90, 249, 0]",-1,0,0,0,1
1072,0,"[2, 102, 135, 0]",-1,0,0,0,1
1073,0,"[51, 96, 185, 0]",-1,0,0,0,1
1074,0,"[54, 127, 9, 0]",-1,0,0,0,1
1075,0,"[8, 51, 119, 0]",-1,0,0,0,1
1076,0,"[42, 52, 28, 0]",-1,0,0,0,1
1077,0,"[46, 1, 178, 0]",-1,0,0,0,1
1078,0,"[39, 71, 29, 0]",-1,0,0,0,1
1079,0,"[29, 47, 24, 0]",-1,0,0,0,1
1080,0,"[9, 116, 104, 0]",-1,0,0,0,1
1081,0,"[39, 42, 4, 0]",-1,0,0,0,1
1082,0,"[9, 26, 19, 0]",-1,0,0,0,1
1083,0,"[42, 7, 166, 0]",-1,0,0,0,1
1084,0,"[13, 110, 20, 0]",-1,0,0,0,1
1085,0,"[58, 109, 183, 0]",-1,0,0,0,1
1086,0,"[7, 21, 93, 0]",-1,0,0,0,1
1087,0,"[49, 24, 181, 0]",-1,0,0,0,1
1088,0,"[3, 48, 175, 0]",-1,0,0,0,1
1089,0,"[33, 86, 114, 0]",-1,0,0,0,1
1090,0,"[38, 74, 151, 0]",-1,0,0,0,1
1091,0,"[14, 116, 223, 0]",-1,0,0,0,1
1092,0,"[61, 51, 113, 0]",-1,0,0,0,1
1093,0,"[46, 10, 150, 0]",-1,0,0,0,1
1094,0,"[51, 92, 93, 0]",-1,0,0,0,1
1095,0,"[50, 11, 196, 0]",-1,0,0,0,1
1096,0,"[59, 66, 30, 0]",-1,0,0,0,1
1097,0,"[38, 85, 94, 0]",-1,0,0,0,1
1098,0,"[9, 36, 8, 0]",-1,0,0,0,1
1099,0,"[59, 123, 33, 0]",-1,0,0,0,1
1100,0,"[38, 58, 42, 0]",-1,0,0,0,1
1101,0,"[6, 122, 90, 0]",-1,0,0,0,1
1102,0,"[62, 71, 102, 0]",-1,0,0,0,1
1103,0,"[33, 51, 252, 0]",-1,0,0,0,1
1104,0,"[55, 119, 58, 0]",-1,0,0,0,1
1105,0,"[0, 103, 74, 0]",-1,0,0,1,1
1106,0,"[34, 69, 221, 0]",-1,0,0,0,1
1107,0,"[28, 115, 9, 0]",-1,0,0,0,1
1108,0,"[47, 73, 233, 0]",-1,0,0,0,1
1109,0,"[16, 67, 92, 0]",-1,0,0,0,1
1110,0,"[13, 124, 118, 0]",-1,0,0,0,1
1111,0,"[54, 94, 11, 0]",-1,0,0,0,1
1112,0,"[23, 63, 137, 0]",-1,0,0,0,1
1113,0,"[38, 74, 151, 0]",-1,0,0,0,1
1114,0,"[37, 53, 193, 0]",-1,0,0,0,1
1115,0,"[46, 54, 246, 0]",-1,0,0,0,1
1116,0,"[62, 18, 85, 0]",-1,0,0,0,1
1117,0,"[31, 12, 199, 0]",-1,0,0,0,1
1118,0,"[58, 100, 206, 0]",-1,0,0,0,1
1119,0,"[18, 27, 92, 0]",-1,0,0,0,1
1120,0,"[59, 74, 254, 0]",-1,0,0,0,1
1121,0,"[16, 82, 245, 0]",-1,0,0,0,1
1122,0,"[61, 4, 191, 0]",-1,0,0,0,1
1123,0,"[3, 2, 81, 0]",-1,0,0,0,1
1124,0,"[29, 10, 134, 0]",-1,0,0,0,1
1125,0,"[58, 22, 74, 0]",-1,0,0,0,1
1126,0,"[17, 14, 103, 0]",-1,0,0,0,1
1127,0,"[13, 47, 249, 0]",-1,0,0,0,1
1128,0,"[29, 84, 46, 0]",-1,0,0,0,1
1129,0,"[16, 19, 75, 0]",-1,0,0,0,1
1130,0,"[25, 123, 139, 0]",-1,0,0,0,1
1131,0,"[49, 2, 21, 0]",-1,0,0,0,1
1132,0,"[58, 9, 115, 0]",-1,0,0,0,1
1133,0,"[58, 112, 152, 0]",-1,0,0,0,1
1134,0,"[3, 104, 112, 0]",-1,0,0,0,1
1135,0,"[45, 115, 3, 0]",-1,0,0,0,1
1136,0,"[48, 38, 42, 0]",-1,0,0,0,1
1137,0,"[9, 60, 168, 0]",-1,0,0,0,1
1138,0,"[37, 83, 137, 0]",-1,0,0,0,1
1139,0,"[45, 26, 154, 0]",-1,0,0,0,1
1140,0,"[13, 79, 131, 0]",-1,0,0,0,1
1141,0,"[23, 64, 230, 0]",-1,0,0,0,1
1142,0,"[28, 96, 119, 0]",-1,0,0,0,1
1143,0,"[43, 106, 150, 0]",-1,0,0,0,1
1144,0,"[53, 22, 35, 0]",-1,0,0,0,1
1145,0,"[48, 29, 212, 0]",-1,0,0,0,1
1146,0,"[42, 7, 6, 0]",-1,0,0,0,1
1147,0,"[33, 12, 220, 0]",-1,0,0,0,1
1148,0,"[39, 42, 4, 0]",-1,0,0,0,1
1149,0,"[10, 111, 179, 0]",-1,0,0,0,1
1150,0,"[37, 8, 44, 0]",-1,0,0,0,1
1151,0,"[59, 84, 232, 0]",-1,0,0,0,1
1152,0,"[44, 112, 119, 0]",-1,0,0,0,1
1153,0,"[33, 51, 137, 0]",-1,0,0,0,1
1154,0,"[53, 68, 180, 0]",-1,0,0,0,1
1155,0,"[61, 72, 210, 0]",-1,0,0,0,1
1156,0,"[36, 113, 217, 0]",-1,0,0,0,1
1157,0,"[62, 7, 148, 0]",-1,0,0,0,1
1158,0,"[1, 25, 245, 0]",-1,0,0,0,1
1159,0,"[37, 60, 27, 0]",-1,0,0,0,1
1160,0,"[35, 64, 202, 0]",-1,0,0,0,1
1161,0,"[16, 19, 83, 0]",-1,0,0,0,1
1162,0,"[9, 100, 7, 0]",-1,0,0,0,1
1163,0,"[15, 10, 196, 0]",-1,0,0,0,1
1164,0,"[51, 125, 162, 0]",-1,0,0,0,1
1165,0,"[38, 54, 58, 0]",-1,0,0,0,1
1166,0,"[39, 118, 156, 0]",-1,0,0,0,1
1167,0,"[47, 48, 147, 0]",-1,0,0,0,1
1168,0,"[0, 66, 11, 0]",-1,0,0,1,1
1169,0,"[50, 106, 69, 0]",-1,0,0,0,1
1170,0,"[2, 15, 211, 0]",-1,0,0,0,1
1171,0,"[52, 71, 80, 0]",-1,0,0,0,1
1172,0,"[50, 27, 127, 0]",-1,0,0,0,1
1173,0,"[13, 42, 12, 0]",-1,0,0,0,1
1174,0,"[52, 75, 96, 0]",-1,0,0,0,1
1175,0,"[2, 116, 251, 0]",-1,0,0,0,1
1176,0,"[26, 71, 192, 0]",-1,0,0,0,1
1177,0,"[16, 26, 27, 0]",-1,0,0,0,1
1178,0,"[38, 84, 192, 0]",-1,0,0,0,1
1179,0,"[5, 13, 51, 0]",-1,0,0,0,1
1180,0,"[51, 96, 185, 0]",-1,0,0,0,1
1181,0,"[61, 102, 36, 0]",-1,0,0,0,1
1182,0,"[62, 18, 251, 0]",-1,0,0,0,1
1183,0,"[37, 9, 103, 0]",-1,0,0,0,1
1184,0,"[25, 46, 174, 0]",-1,0,0,0,1
1185,0,"[20, 52, 195, 0]",-1,0,0,0,1
1186,0,"[23, 63, 137, 0]",-1,0,0,0,1
1187,0,"[49, 82, 238, 0]",-1,0,0,0,1
1188,0,"[61, 64, 170, 0]",-1,0,0,0,1
1189,0,"[24, 109, 13, 0]",-1,0,0,0,1
1190,0,"[44, 118, 54, 0]",-1,0,0,0,1
1191,0,"[63, 24, 124, 0]",-1,0,0,0,1
1192,0,"[16, 103, 190, 0]",-1,0,0,0,1
1193,0,"[20, 26, 204, 0]",-1,0,0,0,1
1194,0,"[34, 36, 126, 0]",-1,0,0,0,1
1195,0,"[0, 12, 59, 0]",-1,0,0,1,1
1196,0,"[16, 62, 253, 0]",-1,0,0,0,1
1197,0,"[48, 4, 204, 0]",-1,0,0,0,1
1198,0,"[19, 41, 12, 0]",-1,0,0,0,1
1199,0,"[56, 105, 131, 0]",-1,0,0,0,1
1200,0,"[46, 21, 240, 0]",-1,0,0,0,1
1201,0,"[17, 96, 63, 0]",-1,0,0,0,1
1202,0,"[17, 115, 89, 0]",-1,0,0,0,1
1203,0,"[55, 100, 104, 0]",-1,0,0,0,1
1204,0,"[31, 94, 232, 0]",-1,0,0,0,1
1205,0,"[15, 1, 226, 0]",-1,0,0,0,1
1206,0,"[52, 25, 146, 0]",-1,0,0,0,1
1207,0,"[62, 22, 147, 0]",-1,0,0,0,1
1208,0,"[17, 77, 131, 0]",-1,0,0,0,1
1209,0,"[28, 32, 223, 0]",-1,0,0,0,1
1210,0,"[56, 8, 11, 0]",-1,0,0,0,1
1211,0,"[47, 77, 113, 0]",-1,0,0,0,1
1212,0,"[51, 114, 20, 0]",-1,0,0,0,1
1213,0,"[41, 123, 39, 0]",-1,0,0,0,1
1214,0,"[10, 60, 96, 0]",-1,0,0,0,1
1215,0,"[20, 120, 66, 0]",-1,0,0,0,1
1216,0,"[35, 22, 105, 0]",-1,0,0,0,1
1217,0,"[50, 114, 226, 0]",-1,0,0,0,1
1218,0,"[7, 98, 219, 0]",-1,0,0,0,1
1219,0,"[13, 103, 248, 0]",-1,0,0,0,1
1220,0,"[36, 26, 34, 0]",-1,0,0,0,1
1221,0,"[42, 33, 247, 0]",-1,0,0,0,1
1222,0,"[44, 111, 54, 0]",-1,0,0,0,1
1223,0,"[32, 51, 198, 0]",-1,0,0,0,1
1224,0,"[11, 31, 40, 0]",-1,0,0,0,1
1225,0,"[31, 93, 92, 0]",-1,0,0,0,1
1226,0,"[9, 100, 7, 0]",-1,0,0,0,1
1227,0,"[46, 29, 24, 0]",-1,0,0,0,1
1228,0,"[20, 74, 223, 0]",-1,0,0,0,1
1229,0,"[18, 27, 92, 0]",-1,0,0,0,1
1230,0,"[57, 46, 74, 0]",-1,0,0,0,1
1231,0,"[49, 118, 129, 0]",-1,0,0,0,1
1232,0,"[48, 101, 163, 0]",-1,0,0,0,1
1233,0,"[44, 20, 65, 0]",-1,0,0,0,1
1234,0,"[9, 61, 131, 0]",-1,0,0,0,1
1235,0,"[35, 27, 78, 0]",-1,0,0,0,1
1236,0,"[20, 52, 16, 0]",-1,0,0,0,1
1237,0,"[48, 123, 209, 0]",-1,0,0,0,1
1238,0,"[50, 103, 215, 0]",-1,0,0,0,1
1239,0,"[5, 60, 28, 0]",-1,0,0,0,1
1240,0,"[4, 46, 59, 0]",-1,0,0,0,1
1241,0,"[13, 127, 184, 0]",-1,0,0,0,1
1242,0,"[18, 79, 72, 0]",-1,0,0,0,1
1243,0,"[4, 41, 40, 0]",-1,0,0,0,1
1244,0,"[9, 6, 105, 0]",-1,0,0,0,1
1245,0,"[41, 49, 244, 0]",-1,0,0,0,1
1246,0,"[36, 5, 120, 0]",-1,0,0,0,1
1247,0,"[38, 74, 151, 0]",-1,0,0,0,1
1248,0,"[26, 80, 95, 0]",-1,0,0,0,1
1249,0,"[38, 33, 57, 0]",-1,0,0,0,1
1250,0,"[44, 27, 171, 0]",-1,0,0,0,1
1251,0,"[59, 79, 73, 0]",-1,0,0,0,1
1252,0,"[39, 58, 76, 0]",-1,0,0,0,1
1253,0,"[63, 117, 127, 0]",-1,0,0,0,1
1254,0,"[52, 15, 147, 0]",-1,0,0,0,1
1255,0,"[6, 118, 8, 0]",-1,0,0,0,1
1256,0,"[52, 38, 10, 0]",-1,0,0,0,1
1257,0,"[31, 75, 67, 0]",-1,0,0,0,1
1258,0,"[8, 51, 119, 0]",-1,0,0,0,1
1259,0,"[55, 83, 255, 0]",-1,0,0,0,1
1260,0,"[4, 84, 25, 0]",-1,0,0,0,1
1261,0,"[29, 2, 220, 0]",-1,0,0,0,1
1262,0,"[9, 45, 144, 0]",-1,0,0,0,1
1263,0,"[18, 47, 54, 0]",-1,0,0,0,1
1264,0,"[45, 64, 254, 0]",-1,0,0,0,1
1265,0,"[58, 122, 180, 0]",-1,0,0,0,1
1266,0,"[0, 103, 74, 0]",-1,0,0,1,1
1267,0,"[34, 4, 141, 0]",-1,0,0,0,1
1268,0,"[24, 47, 211, 0]",-1,0,0,0,1
1269,0,"[16, 19, 83, 0]",-1,0,0,0,1
1270,0,"[49, 58, 220, 0]",-1,0,0,0,1
1271,0,"[30, 67, 255, 0]",-1,0,0,0,1
1272,0,"[62, 88, 114, 0]",-1,0,0,0,1
1273,0,"[44, 76, 241, 0]",-1,0,0,0,1
1274,0,"[28, 76, 58, 0]",-1,0,0,0,1
1275,0,"[23, 63, 107, 0]",-1,0,0,0,1
1276,0,"[37, 74, 112, 0]",-1,0,0,0,1
1277,0,"[55, 69, 202, 0]",-1,0,0,0,1
1278,0,"[15, 56, 121, 0]",-1,0,0,0,1
1279,0,"[60, 92, 66, 0]",-1,0,0,0,1
1280,0,"[58, 100, 206, 0]",-1,0,0,0,1
1281,0,"[14, 105, 192, 0]",-1,0,0,0,1
1282,0,"[61, 4, 107, 0]",-1,0,0,0,1
1283,0,"[7, 98, 64, 0]",-1,0,0,0,1
1284,0,"[0, 90, 0, 0]",-1,0,0,1,1
1285,0,"[23, 17, 20, 0]",-1,0,0,0,1
1286,0,"[44, 53, 225, 0]",-1,0,0,0,1
1287,0,"[9, 43, 20, 0]",-1,0,0,0,1
1288,0,"[40, 101, 179, 0]",-1,0,0,0,1
1289,0,"[5, 103, 134, 0]",-1,0,0,0,1
1290,0,"[14, 53, 36, 0]",-1,0,0,0,1
1291,0,"[24, 61, 118, 0]",-1,0,0,0,1
1292,0,"[23, 29, 146, 0]",-1,0,0,0,1
1293,0,"[49, 2, 225, 0]",-1,0,0,0,1
1294,0,"[15, 101, 202, 0]",-1,0,0,0,1
1295,0,"[0, 15, 22, 0]",-1,0,0,1,1
1296,0,"[9, 121, 145, 0]",-1,0,0,0,1
1297,0,"[48, 53, 84, 0]",-1,0,0,0,1
1298,0,"[28, 118, 75, 0]",-1,0,0,0,1
1299,0,"[59, 92, 219, 0]",-1,0,0,0,1
1300,0,"[4, 68, 134, 0]",-1,0,0,0,1
1301,0,"[43, 114, 232, 0]",-1,0,0,0,1
1302,0,"[38, 82, 162, 0]",-1,0,0,0,1
1303,0,"[13, 120, 212, 0]",-1,0,0,0,1
1304,0,"[47, 16, 146, 0]",-1,0,0,0,1
1305,0,"[16, 61, 201, 0]",-1,0,0,0,1
1306,0,"[18, 17, 77, 0]",-1,0,0,0,1
1307,0,"[23, 69, 233, 0]",-1,0,0,0,1
1308,0,"[9, 31, 170, 0]",-1,0,0,0,1
1309,0,"[61, 46, 189, 0]",-1,0,0,0,1
1310,0,"[48, 53, 84, 0]",-1,0,0,0,1
1311,0,"[38, 74, 151, 0]",-1,0,0,0,1
1312,0,"[35, 56, 100, 0]",-1,0,0,0,1
1313,0,"[42, 16, 118, 0]",-1,0,0,0,1
1314,0,"[11, 11, 154, 0]",-1,0,0,0,1
1315,0,"[24, 98, 218, 0]",-1,0,0,0,1
1316,0,"[9, 88, 165, 0]",-1,0,0,0,1
1317,0,"[13, 111, 193, 0]",-1,0,0,0,1
1318,0,"[58, 83, 95, 0]",-1,0,0,0,1
1319,0,"[31, 96, 70, 0]",-1,0,0,0,1
1320,0,"[19, 3, 122, 0]",-1,0,0,0,1
1321,0,"[13, 38, 222, 0]",-1,0,0,0,1
1322,0,"[13, 113, 167, 0]",-1,0,0,0,1
1323,0,"[36, 75, 23, 0]",-1,0,0,0,1
1324,0,"[28, 51, 79, 0]",-1,0,0,0,1
1325,0,"[56, 107, 12, 0]",-1,0,0,0,1
1326,0,"[41, 68, 113, 0]",-1,0,0,0,1
1327,0,"[15, 85, 210, 0]",-1,0,0,0,1
1328,0,"[62, 11, 63, 0]",-1,0,0,0,1
1329,0,"[4, 20, 230, 0]",-1,0,0,0,1
1330,0,"[16, 101, 134, 0]",-1,0,0,0,1
1331,0,"[4, 31, 187, 0]",-1,0,0,0,1
1332,0,"[28, 27, 9, 0]",-1,0,0,0,1
1333,0,"[46, 120, 7, 0]",-1,0,0,0,1
1334,0,"[51, 33, 174, 0]",-1,0,0,0,1
1335,0,"[16, 29, 233, 0]",-1,0,0,0,1
1336,0,"[39, 70, 249, 0]",-1,0,0,0,1
1337,0,"[16, 70, 8, 0]",-1,0,0,0,1
1338,0,"[36, 76, 130, 0]",-1,0,0,0,1
1339,0,"[5, 120, 180, 0]",-1,0,0,0,1
1340,0,"[10, 97, 0, 0]",-1,0,0,0,1
1341,0,"[5, 60, 133, 0]",-1,0,0,0,1
1342,0,"[28, 82, 34, 0]",-1,0,0,0,1
1343,0,"[61, 67, 113, 0]",-1,0,0,0,1
1344,0,"[16, 116, 241, 0]",-1,0,0,0,1
1345,0,"[38, 84, 64, 0]",-1,0,0,0,1
1346,0,"[10, 12, 98, 0]",-1,0,0,0,1
1347,0,"[5, 106, 14, 0]",-1,0,0,0,1
1348,0,"[3, 35, 195, 0]",-1,0,0,0,1
1349,0,"[29, 4, 130, 0]",-1,0,0,0,1
1350,0,"[43, 59, 86, 0]",-1,0,0,0,1
1351,0,"[62, 12, 223, 0]",-1,0,0,0,1
1352,0,"[62, 25, 68, 0]",-1,0,0,0,1
1353,0,"[25, 68, 181, 0]",-1,0,0,0,1
1354,0,"[5, 126, 36, 0]",-1,0,0,0,1
1355,0,"[34, 48, 6, 0]",-1,0,0,0,1
1356,0,"[10, 57, 99, 0]",-1,0,0,0,1
1357,0,"[5, 119, 217, 0]",-1,0,0,0,1
1358,0,"[11, 66, 104, 0]",-1,0,0,0,1
1359,0,"[42, 58, 160, 0]",-1,0,0,0,1
1360,0,"[48, 127, 235, 0]",-1,0,0,0,1
1361,0,"[6, 78, 151, 0]",-1,0,0,0,1
1362,0,"[26, 71, 234, 0]",-1,0,0,0,1
1363,0,"[43, 65, 124, 0]",-1,0,0,0,1
1364,0,"[20, 44, 241, 0]",-1,0,0,0,1
1365,0,"[20, 40, 253, 0]",-1,0,0,0,1
1366,0,"[54, 59, 222, 0]",-1,0,0,0,1
1367,0,"[46, 55, 53, 0]",-1,0,0,0,1
1368,0,"[13, 71, 133, 0]",-1,0,0,0,1
1369,0,"[63, 76, 229, 0]",-1,0,0,0,1
1370,0,"[43, 91, 160, 0]",-1,0,0,0,1
1371,0,"[23, 98, 236, 0]",-1,0,0,0,1
1372,0,"[24, 43, 204, 0]",-1,0,0,0,1
1373,0,"[56, 6, 7, 0]",-1,0,0,0,1
1374,0,"[35, 64, 202, 0]",-1,0,0,0,1
1375,0,"[20, 11, 39, 0]",-1,0,0,0,1
1376,0,"[56, 76, 191, 0]",-1,0,0,0,1
1377,0,"[38, 74, 151, 0]",-1,0,0,0,1
1378,0,"[10, 34, 100, 0]",-1,0,0,0,1
1379,0,"[7, 26, 175, 0]",-1,0,0,0,1
1380,0,"[60, 102, 245, 0]",-1,0,0,0,1
1381,0,"[3, 2, 92, 0]",-1,0,0,0,1
1382,0,"[59, 84, 237, 0]",-1,0,0,0,1
1383,0,"[61, 46, 189, 0]",-1,0,0,0,1
1384,0,"[24, 13, 185, 0]",-1,0,0,0,1
1385,0,"[3, 29, 242, 0]",-1,0,0,0,1
1386,0,"[59, 84, 237, 0]",-1,0,0,0,1
1387,0,"[42, 112, 172, 0]",-1,0,0,0,1
1388,0,"[63, 4, 158, 0]",-1,0,0,0,1
1389,0,"[35, 18, 171, 0]",-1,0,0,0,1
1390,0,"[22, 22, 215, 0]",-1,0,0,0,1
1391,0,"[10, 18, 129, 0]",-1,0,0,0,1
1392,0,"[43, 50, 229, 0]",-1,0,0,0,1
1393,0,"[48, 55, 109, 0]",-1,0,0,0,1
1394,0,"[31, 96, 94, 0]",-1,0,0,0,1
1395,0,"[18, 23, 7, 0]",-1,0,0,0,1
1396,0,"[12, 62, 85, 0]",-1,0,0,0,1
1397,0,"[15, 62, 84, 0]",-1,0,0,0,1
1398,0,"[53, 22, 174, 0]",-1,0,0,0,1
1399,0,"[38, 43, 37, 0]",-1,0,0,0,1
1400,0,"[25, 81, 2, 0]",-1,0,0,0,1
1401,0,"[20, 52, 195, 0]",-1,0,0,0,1
1402,0,"[61, 105, 193, 0]",-1,0,0,0,1
1403,0,"[17, 38, 35, 0]",-1,0,0,0,1
1404,0,"[58, 112, 152, 0]",-1,0,0,0,1
1405,0,"[35, 41, 63, 0]",-1,0,0,0,1
1406,0,"[58, 67, 196, 0]",-1,0,0,0,1
1407,0,"[24, 89, 59, 0]",-1,0,0,0,1
1408,0,"[51, 62, 99, 0]",-1,0,0,0,1
1409,0,"[24, 6, 27, 0]",-1,0,0,0,1
1410,0,"[7, 118, 179, 0]",-1,0,0,0,1
1411,0,"[30, 27, 124, 0]",-1,0,0,0,1
1412,0,"[1, 123, 38, 0]",-1,0,0,0,1
1413,0,"[1, 112, 63, 0]",-1,0,0,0,1
1414,0,"[47, 115, 64, 0]",-1,0,0,0,1
1415,0,"[54, 79, 54, 0]",-1,0,0,0,1
1416,0,"[18, 35, 215, 0]",-1,0,0,0,1
1417,0,"[43, 14, 230, 0]",-1,0,0,0,1
1418,0,"[48, 55, 235, 0]",-1,0,0,0,1
1419,0,"[56, 89, 72, 0]",-1,0,0,0,1
1420,0,"[62, 123, 74, 0]",-1,0,0,0,1
1421,0,"[54, 3, 67, 0]",-1,0,0,0,1
1422,0,"[7, 97, 30, 0]",-1,0,0,0,1
1423,0,"[13, 122, 179, 0]",-1,0,0,0,1
1424,0,"[15, 85, 210, 0]",-1,0,0,0,1
1425,0,"[29, 25, 254, 0]",-1,0,0,0,1
1426,0,"[14, 111, 3, 0]",-1,0,0,0,1
1427,0,"[9, 43, 20, 0]",-1,0,0,0,1
1428,0,"[13, 17, 198, 0]",-1,0,0,0,1
1429,0,"[9, 91, 3, 0]",-1,0,0,0,1
1430,0,"[0, 5, 126, 0]",-1,0,0,1,1
1431,0,"[5, 89, 186, 0]",-1,0,0,0,1
1432,0,"[19, 0, 10, 0]",-1,0,0,0,1
1433,0,"[1, 91, 151, 0]",-1,0,0,0,1
1434,0,"[14, 90, 172, 0]",-1,0,0,0,1
1435,0,"[9, 79, 128, 0]",-1,0,0,0,1
1436,0,"[9, 98, 34, 0]",-1,0,0,0,1
1437,0,"[42, 42, 198, 0]",-1,0,0,0,1
1438,0,"[31, 49, 67, 0]",-1,0,0,0,1
1439,0,"[46, 119, 228, 0]",-1,0,0,0,1
1440,0,"[55, 119, 216, 0]",-1,0,0,0,1
1441,0,"[30, 13, 234, 0]",-1,0,0,0,1
1442,0,"[48, 82, 112, 0]",-1,0,0,0,1
1443,0,"[51, 96, 185, 0]",-1,0,0,0,1
1444,0,"[25, 84, 96, 0]",-1,0,0,0,1
1445,0,"[17, 2, 226, 0]",-1,0,0,0,1
1446,0,"[43, 46, 224, 0]",-1,0,0,0,1
1447,0,"[46, 42, 73, 0]",-1,0,0,0,1
1448,0,"[15, 93, 122, 0]",-1,0,0,0,1
1449,0,"[5, 120, 237, 0]",-1,0,0,0,1
1450,0,"[23, 107, 210, 0]",-1,0,0,0,1
1451,0,"[50, 2, 166, 0]",-1,0,0,0,1
1452,0,"[61, 106, 77, 0]",-1,0,0,0,1
1453,0,"[28, 116, 91, 0]",-1,0,0,0,1
1454,0,"[40, 11, 129, 0]",-1,0,0,0,1
1455,0,"[48, 122, 156, 0]",-1,0,0,0,1
1456,0,"[34, 69, 135, 0]",-1,0,0,0,1
1457,0,"[16, 100, 162, 0]",-1,0,0,0,1
1458,0,"[25, 43, 7, 0]",-1,0,0,0,1
1459,0,"[52, 70, 183, 0]",-1,0,0,0,1
1460,0,"[19, 34, 31, 0]",-1,0,0,0,1
1461,0,"[39, 123, 34, 0]",-1,0,0,0,1
1462,0,"[44, 27, 171, 0]",-1,0,0,0,1
1463,0,"[44, 54, 74, 0]",-1,0,0,0,1
1464,0,"[1, 108, 92, 0]",-1,0,0,0,1
1465,0,"[13, 17, 198, 0]",-1,0,0,0,1
1466,0,"[34, 6, 150, 0]",-1,0,0,0,1
1467,0,"[18, 60, 117, 0]",-1,0,0,0,1
1468,0,"[56, 93, 98, 0]",-1,0,0,0,1
1469,0,"[38, 74, 2, 0]",-1,0,0,0,1
1470,0,"[13, 124, 139, 0]",-1,0,0,0,1
1471,0,"[0, 97, 75, 0]",-1,0,0,1,1
1472,0,"[58, 102, 244, 0]",-1,0,0,0,1
1473,0,"[10, 31, 9, 0]",-1,0,0,0,1
1474,0,"[44, 45, 124, 0]",-1,0,0,0,1
1475,0,"[62, 108, 79, 0]",-1,0,0,0,1
1476,0,"[7, 92, 178, 0]",-1,0,0,0,1
1477,0,"[52, 104, 92, 0]",-1,0,0,0,1
1478,0,"[57, 47, 232, 0]",-1,0,0,0,1
1479,0,"[27, 3, 110, 0]",-1,0,0,0,1
1480,0,"[12, 58, 249, 0]",-1,0,0,0,1
1481,0,"[17, 78, 252, 0]",-1,0,0,0,1
1482,0,"[5, 41, 214, 0]",-1,0,0,0,1
1483,0,"[47, 58, 161, 0]",-1,0,0,0,1
1484,0,"[24, 72, 171, 0]",-1,0,0,0,1
1485,0,"[44, 45, 124, 0]",-1,0,0,0,1
1486,0,"[43, 31, 134, 0]",-1,0,0,0,1
1487,0,"[25, 95, 163, 0]",-1,0,0,0,1
1488,0,"[13, 76, 83, 0]",-1,0,0,0,1
1489,0,"[8, 35, 54, 0]",-1,0,0,0,1
1490,0,"[1, 55, 53, 0]",-1,0,0,0,1
1491,0,"[6, 122, 90, 0]",-1,0,0,0,1
1492,0,"[21, 67, 242, 0]",-1,0,0,0,1
1493,0,"[55, 28, 248, 0]",-1,0,0,0,1
1494,0,"[10, 127, 202, 0]",-1,0,0,0,1
1495,0,"[26, 78, 74, 0]",-1,0,0,0,1
1496,0,"[5, 0, 137, 0]",-1,0,0,0,1
1497,0,"[0, 55, 204, 0]",-1,0,0,1,1
1498,0,"[53, 69, 191, 0]",-1,0,0,0,1
1499,0,"[30, 113, 15, 0]",-1,0,0,0,1
1500,0,"[62, 76, 170, 0]",-1,0,0,0,1
1501,0,"[38, 59, 250, 0]",-1,0,0,0,1
1502,0,"[33, 56, 5, 0]",-1,0,0,0,1
1503,0,"[27, 22, 196, 0]",-1,0,0,0,1
1504,0,"[30, 25, 219, 0]",-1,0,0,0,1
1505,0,"[54, 40, 136, 0]",-1,0,0,0,1
1506,0,"[15, 30, 143, 0]",-1,0,0,0,1
1507,0,"[55, 111, 87, 0]",-1,0,0,0,1
1508,0,"[56, 28, 65, 0]",-1,0,0,0,1
1509,0,"[24, 16, 8, 0]",-1,0,0,0,1
1510,0,"[4, 45, 179, 0]",-1,0,0,0,1
1511,0,"[11, 116, 138, 0]",-1,0,0,0,1
1512,0,"[18, 60, 117, 0]",-1,0,0,0,1
1513,0,"[27, 87, 28, 0]",-1,0,0,0,1
1514,0,"[12, 69, 246, 0]",-1,0,0,0,1
1515,0,"[63, 107, 106, 0]",-1,0,0,0,1
1516,0,"[43, 45, 211, 0]",-1,0,0,0,1
1517,0,"[38, 45, 121, 0]",-1,0,0,0,1
1518,0,"[12, 91, 193, 0]",-1,0,0,0,1
1519,0,"[19, 116, 88, 0]",-1,0,0,0,1
1520,0,"[61, 87, 46, 0]",-1,0,0,0,1
1521,0,"[7, 14, 107, 0]",-1,0,0,0,1
1522,0,"[7, 21, 93, 0]",-1,0,0,0,1
1523,0,"[26, 74, 91, 0]",-1,0,0,0,1
1524,0,"[61, 23, 163, 0]",-1,0,0,0,1
1525,0,"[13, 110, 159, 0]",-1,0,0,0,1
1526,0,"[4, 76, 14, 0]",-1,0,0,0,1
1527,0,"[10, 12, 98, 0]",-1,0,0,0,1
1528,0,"[58, 109, 148, 0]",-1,0,0,0,1
1529,0,"[3, 33, 236, 0]",-1,0,0,0,1
1530,0,"[45, 58, 226, 0]",-1,0,0,0,1
1531,0,"[44, 112, 119, 0]",-1,0,0,0,1
1532,0,"[59, 92, 219, 0]",-1,0,0,0,1
1533,0,"[37, 74, 102, 0]",-1,0,0,0,1
1534,0,"[10, 48, 9, 0]",-1,0,0,0,1
1535,0,"[46, 52, 103, 0]",-1,0,0,0,1
1536,0,"[42, 85, 100, 0]",-1,0,0,0,1
1537,0,"[61, 72, 210, 0]",-1,0,0,0,1
1538,0,"[61, 36, 30, 0]",-1,0,0,0,1
1539,0,"[38, 17, 145, 0]",-1,0,0,0,1
1540,0,"[13, 68, 143, 0]",-1,0,0,0,1
1541,0,"[9, 105, 149, 0]",-1,0,0,0,1
1542,0,"[44, 29, 108, 0]",-1,0,0,0,1
1543,0,"[10, 10, 167, 0]",-1,0,0,0,1
1544,0,"[43, 89, 227, 0]",-1,0,0,0,1
1545,0,"[28, 33, 244, 0]",-1,0,0,0,1
1546,0,"[20, 41, 16, 0]",-1,0,0,0,1
1547,0,"[48, 37, 81, 0]",-1,0,0,0,1
1548,0,"[53, 126, 16, 0]",-1,0,0,0,1
1549,0,"[59, 54, 107, 0]",-1,0,0,0,1
1550,0,"[48, 11, 242, 0]",-1,0,0,0,1
1551,0,"[50, 67, 0, 0]",-1,0,0,0,1
1552,0,"[0, 64, 196, 0]",-1,0,0,1,1
1553,0,"[40, 126, 93, 0]",-1,0,0,0,1
1554,0,"[43, 20, 150, 0]",-1,0,0,0,1
1555,0,"[38, 33, 213, 0]",-1,0,0,0,1
1556,0,"[13, 29, 147, 0]",-1,0,0,0,1
1557,0,"[54, 71, 228, 0]",-1,0,0,0,1
1558,0,"[56, 18, 61, 0]",-1,0,0,0,1
1559,0,"[13, 91, 177, 0]",-1,0,0,0,1
1560,0,"[58, 122, 112, 0]",-1,0,0,0,1
1561,0,"[31, 123, 31, 0]",-1,0,0,0,1
1562,0,"[58, 113, 139, 0]",-1,0,0,0,1
1563,0,"[16, 92, 139, 0]",-1,0,0,0,1
1564,0,"[22, 95, 126, 0]",-1,0,0,0,1
1565,0,"[33, 86, 48, 0]",-1,0,0,0,1
1566,0,"[4, 87, 29, 0]",-1,0,0,0,1
1567,0,"[9, 41, 134, 0]",-1,0,0,0,1
1568,0,"[38, 74, 2, 0]",-1,0,0,0,1
1569,0,"[8, 50, 163, 0]",-1,0,0,0,1
1570,0,"[43, 16, 129, 0]",-1,0,0,0,1
1571,0,"[46, 82, 7, 0]",-1,0,0,0,1
1572,0,"[5, 73, 64, 0]",-1,0,0,0,1
1573,0,"[59, 54, 107, 0]",-1,0,0,0,1
1574,0,"[28, 55, 129, 0]",-1,0,0,0,1
1575,0,"[55, 22, 216, 0]",-1,0,0,0,1
1576,0,"[59, 79, 104, 0]",-1,0,0,0,1
1577,0,"[16, 62, 253, 0]",-1,0,0,0,1
1578,0,"[30, 119, 12, 0]",-1,0,0,0,1
1579,0,"[34, 100, 44, 0]",-1,0,0,0,1
1580,0,"[61, 64, 170, 0]",-1,0,0,0,1
1581,0,"[16, 19, 83, 0]",-1,0,0,0,1
1582,0,"[57, 61, 42, 0]",-1,0,0,0,1
1583,0,"[24, 98, 218, 0]",-1,0,0,0,1
1584,0,"[16, 19, 150, 0]",-1,0,0,0,1
1585,0,"[1, 16, 83, 0]",-1,0,0,0,1
1586,0,"[49, 36, 248, 0]",-1,0,0,0,1
1587,0,"[41, 103, 202, 0]",-1,0,0,0,1
1588,0,"[33, 85, 140, 0]",-1,0,0,0,1
1589,0,"[57, 107, 70, 0]",-1,0,0,0,1
1590,0,"[48, 2, 64, 0]",-1,0,0,0,1
1591,0,"[52, 88, 169, 0]",-1,0,0,0,1
1592,0,"[56, 89, 115, 0]",-1,0,0,0,1
1593,0,"[16, 19, 83, 0]",-1,0,0,0,1
1594,0,"[41, 45, 140, 0]",-1,0,0,0,1
1595,0,"[50, 15, 209, 0]",-1,0,0,0,1
1596,0,"[39, 71, 185, 0]",-1,0,0,0,1
1597,0,"[47, 105, 122, 0]",-1,0,0,0,1
1598,0,"[56, 58, 126, 0]",-1,0,0,0,1
1599,0,"[46, 52, 126, 0]",-1,0,0,0,1
1600,0,"[11, 94, 174, 0]",-1,0,0,0,1
1601,0,"[17, 100, 68, 0]",-1,0,0,0,1
1602,0,"[37, 22, 98, 0]",-1,0,0,0,1
1603,0,"[31, 55, 204, 0]",-1,0,0,0,1
1604,0,"[58, 59, 149, 0]",-1,0,0,0,1
1605,0,"[4, 7, 64, 0]",-1,0,0,0,1
1606,0,"[24, 42, 247, 0]",-1,0,0,0,1
1607,0,"[52, 36, 127, 0]",-1,0,0,0,1
1608,0,"[2, 92, 48, 0]",-1,0,0,0,1
1609,0,"[9, 91, 255, 0]",-1,0,0,0,1
1610,0,"[5, 15, 210, 0]",-1,0,0,0,1
1611,0,"[0, 103, 140, 0]",-1,0,0,1,1
1612,0,"[31, 75, 67, 0]",-1,0,0,0,1
1613,0,"[17, 40, 44, 0]",-1,0,0,0,1
1614,0,"[47, 29, 179, 0]",-1,0,0,0,1
1615,0,"[16, 2, 60, 0]",-1,0,0,0,1
1616,0,"[43, 99, 165, 0]",-1,0,0,0,1
1617,0,"[3, 34, 65, 0]",-1,0,0,0,1
1618,0,"[16, 22, 45, 0]",-1,0,0,0,1
1619,0,"[17, 101, 47, 0]",-1,0,0,0,1
1620,0,"[3, 80, 238, 0]",-1,0,0,0,1
1621,0,"[56, 113, 114, 0]",-1,0,0,0,1
1622,0,"[32, 83, 167, 0]",-1,0,0,0,1
1623,0,"[57, 7, 215, 0]",-1,0,0,0,1
1624,0,"[1, 106, 29, 0]",-1,0,0,0,1
1625,0,"[3, 54, 129, 0]",-1,0,0,0,1
1626,0,"[4, 45, 17, 0]",-1,0,0,0,1
1627,0,"[14, 84, 161, 0]",-1,0,0,0,1
1628,0,"[30, 13, 234, 0]",-1,0,0,0,1
1629,0,"[61, 81, 117, 0]",-1,0,0,0,1
1630,0,"[44, 29, 108, 0]",-1,0,0,0,1
1631,0,"[24, 113, 162, 0]",-1,0,0,0,1
1632,0,"[13, 74, 173, 0]",-1,0,0,0,1
1633,0,"[43, 116, 97, 0]",-1,0,0,0,1
1634,0,"[10, 112, 246, 0]",-1,0,0,0,1
1635,0,"[42, 44, 96, 0]",-1,0,0,0,1
1636,0,"[61, 87, 46, 0]",-1,0,0,0,1
1637,0,"[19, 73, 178, 0]",-1,0,0,0,1
1638,0,"[35, 14, 95, 0]",-1,0,0,0,1
1639,0,"[35, 84, 246, 0]",-1,0,0,0,1
1640,0,"[3, 78, 147, 0]",-1,0,0,0,1
1641,0,"[43, 56, 142, 0]",-1,0,0,0,1
1642,0,"[51, 79, 41, 0]",-1,0,0,0,1
1643,0,"[6, 7, 64, 0]",-1,0,0,0,1
1644,0,"[14, 53, 101, 0]",-1,0,0,0,1
1645,0,"[62, 36, 239, 0]",-1,0,0,0,1
1646,0,"[43, 33, 212, 0]",-1,0,0,0,1
1647,0,"[2, 25, 99, 0]",-1,0,0,0,1
1648,0,"[53, 67, 135, 0]",-1,0,0,0,1
1649,0,"[46, 90, 197, 0]",-1,0,0,0,1
1650,0,"[46, 67, 128, 0]",-1,0,0,0,1
1651,0,"[43, 20, 78, 0]",-1,0,0,0,1
1652,0,"[53, 80, 113, 0]",-1,0,0,0,1
1653,0,"[25, 123, 139, 0]",-1,0,0,0,1
1654,0,"[4, 43, 15, 0]",-1,0,0,0,1
1655,0,"[52, 38, 10, 0]",-1,0,0,0,1
1656,0,"[38, 84, 192, 0]",-1,0,0,0,1
1657,0,"[11, 13, 237, 0]",-1,0,0,0,1
1658,0,"[0, 30, 44, 0]",-1,0,0,1,1
1659,0,"[25, 123, 139, 0]",-1,0,0,0,1
1660,0,"[39, 67, 92, 0]",-1,0,0,0,1
1661,0,"[42, 85, 100, 0]",-1,0,0,0,1
1662,0,"[2, 26, 88, 0]",-1,0,0,0,1
1663,0,"[56, 60, 19, 0]",-1,0,0,0,1
1664,0,"[40, 59, 72, 0]",-1,0,0,0,1
1665,0,"[61, 14, 233, 0]",-1,0,0,0,1
1666,0,"[1, 4, 127, 0]",-1,0,0,0,1
1667,0,"[13, 124, 139, 0]",-1,0,0,0,1
1668,0,"[16, 60, 233, 0]",-1,0,0,0,1
1669,0,"[35, 69, 207, 0]",-1,0,0,0,1
1670,0,"[20, 52, 195, 0]",-1,0,0,0,1
1671,0,"[18, 69, 95, 0]",-1,0,0,0,1
1672,0,"[61, 4, 191, 0]",-1,0,0,0,1
1673,0,"[58, 122, 112, 0]",-1,0,0,0,1
1674,0,"[61, 87, 165, 0]",-1,0,0,0,1
1675,0,"[17, 29, 68, 0]",-1,0,0,0,1
1676,0,"[32, 81, 75, 0]",-1,0,0,0,1
1677,0,"[33, 85, 48, 0]",-1,0,0,0,1
1678,0,"[20, 41, 16, 0]",-1,0,0,0,1
1679,0,"[20, 105, 184, 0]",-1,0,0,0,1
1680,0,"[49, 2, 65, 0]",-1,0,0,0,1
1681,0,"[26, 42, 95, 0]",-1,0,0,0,1
1682,0,"[4, 19, 234, 0]",-1,0,0,0,1
1683,0,"[20, 52, 195, 0]",-1,0,0,0,1
1684,0,"[53, 98, 88, 0]",-1,0,0,0,1
1685,0,"[59, 72, 249, 0]",-1,0,0,0,1
1686,0,"[51, 6, 40, 0]",-1,0,0,0,1
1687,0,"[37, 91, 23, 0]",-1,0,0,0,1
1688,0,"[46, 63, 119, 0]",-1,0,0,0,1
1689,0,"[50, 122, 246, 0]",-1,0,0,0,1
1690,0,"[31, 69, 25, 0]",-1,0,0,0,1
1691,0,"[6, 105, 83, 0]",-1,0,0,0,1
1692,0,"[44, 80, 151, 0]",-1,0,0,0,1
1693,0,"[20, 120, 66, 0]",-1,0,0,0,1
1694,0,"[36, 35, 166, 0]",-1,0,0,0,1
1695,0,"[44, 62, 245, 0]",-1,0,0,0,1
1696,0,"[41, 33, 167, 0]",-1,0,0,0,1
1697,0,"[16, 19, 69, 0]",-1,0,0,0,1
1698,0,"[16, 52, 248, 0]",-1,0,0,0,1
1699,0,"[53, 30, 28, 0]",-1,0,0,0,1
1700,0,"[9, 98, 34, 0]",-1,0,0,0,1
1701,0,"[38, 74, 151, 0]",-1,0,0,0,1
1702,0,"[28, 125, 215, 0]",-1,0,0,0,1
1703,0,"[59, 22, 98, 0]",-1,0,0,0,1
1704,0,"[51, 75, 216, 0]",-1,0,0,0,1
1705,0,"[10, 127, 196, 0]",-1,0,0,0,1
1706,0,"[13, 17, 198, 0]",-1,0,0,0,1
1707,0,"[61, 102, 34, 0]",-1,0,0,0,1
1708,0,"[62, 12, 198, 0]",-1,0,0,0,1
1709,0,"[44, 112, 119, 0]",-1,0,0,0,1
1710,0,"[47, 0, 69, 0]",-1,0,0,0,1
1711,0,"[20, 52, 195, 0]",-1,0,0,0,1
1712,0,"[56, 113, 114, 0]",-1,0,0,0,1
1713,0,"[62, 92, 180, 0]",-1,0,0,0,1
1714,0,"[1, 75, 152, 0]",-1,0,0,0,1
1715,0,"[30, 94, 127, 0]",-1,0,0,0,1
1716,0,"[33, 120, 16, 0]",-1,0,0,0,1
1717,0,"[9, 109, 168, 0]",-1,0,0,0,1
1718,0,"[48, 55, 175, 0]",-1,0,0,0,1
1719,0,"[57, 61, 42, 0]",-1,0,0,0,1
1720,0,"[11, 5, 95, 0]",-1,0,0,0,1
1721,0,"[8, 17, 99, 0]",-1,0,0,0,1
1722,0,"[7, 101, 156, 0]",-1,0,0,0,1
1723,0,"[17, 49, 163, 0]",-1,0,0,0,1
1724,0,"[51, 27, 59, 0]",-1,0,0,0,1
1725,0,"[53, 78, 237, 0]",-1,0,0,0,1
1726,0,"[42, 9, 174, 0]",-1,0,0,0,1
1727,0,"[62, 9, 193, 0]",-1,0,0,0,1
1728,0,"[16, 100, 162, 0]",-1,0,0,0,1
1729,0,"[19, 89, 94, 0]",-1,0,0,0,1
1730,0,"[33, 49, 97, 0]",-1,0,0,0,1
1731,0,"[14, 25, 202, 0]",-1,0,0,0,1
1732,0,"[35, 114, 38, 0]",-1,0,0,0,1
1733,0,"[7, 37, 129, 0]",-1,0,0,0,1
1734,0,"[22, 33, 93, 0]",-1,0,0,0,1
1735,0,"[5, 9, 222, 0]",-1,0,0,0,1
1736,0,"[58, 29, 154, 0]",-1,0,0,0,1
1737,0,"[38, 76, 48, 0]",-1,0,0,0,1
1738,0,"[2, 101, 240, 0]",-1,0,0,0,1
1739,0,"[9, 5, 127, 0]",-1,0,0,0,1
1740,0,"[47, 55, 196, 0]",-1,0,0,0,1
1741,0,"[5, 121, 18, 0]",-1,0,0,0,1
1742,0,"[43, 124, 237, 0]",-1,0,0,0,1
1743,0,"[54, 94, 250, 0]",-1,0,0,0,1
1744,0,"[61, 14, 30, 0]",-1,0,0,0,1
1745,0,"[7, 26, 175, 0]",-1,0,0,0,1
1746,0,"[39, 57, 170, 0]",-1,0,0,0,1
1747,0,"[19, 38, 28, 0]",-1,0,0,0,1
1748,0,"[31, 93, 181, 0]",-1,0,0,0,1
1749,0,"[43, 19, 239, 0]",-1,0,0,0,1
1750,0,"[28, 110, 135, 0]",-1,0,0,0,1
1751,0,"[10, 40, 17, 0]",-1,0,0,0,1
1752,0,"[23, 33, 116, 0]",-1,0,0,0,1
1753,0,"[13, 83, 165, 0]",-1,0,0,0,1
1754,0,"[34, 85, 22, 0]",-1,0,0,0,1
1755,0,"[28, 89, 223, 0]",-1,0,0,0,1
1756,0,"[53, 23, 26, 0]",-1,0,0,0,1
1757,0,"[61, 50, 117, 0]",-1,0,0,0,1
1758,0,"[35, 41, 63, 0]",-1,0,0,0,1
1759,0,"[52, 123, 79, 0]",-1,0,0,0,1
1760,0,"[19, 78, 199, 0]",-1,0,0,0,1
1761,0,"[59, 31, 26, 0]",-1,0,0,0,1
1762,0,"[9, 36, 8, 0]",-1,0,0,0,1
1763,0,"[10, 38, 83, 0]",-1,0,0,0,1
1764,0,"[23, 21, 112, 0]",-1,0,0,0,1
1765,0,"[31, 89, 34, 0]",-1,0,0,0,1
1766,0,"[0, 97, 75, 0]",-1,0,0,1,1
1767,0,"[43, 77, 208, 0]",-1,0,0,0,1
1768,0,"[14, 4, 116, 0]",-1,0,0,0,1
1769,0,"[42, 35, 14, 0]",-1,0,0,0,1
1770,0,"[28, 34, 3, 0]",-1,0,0,0,1
1771,0,"[6, 85, 202, 0]",-1,0,0,0,1
1772,0,"[16, 100, 162, 0]",-1,0,0,0,1
1773,0,"[42, 17, 42, 0]",-1,0,0,0,1
1774,0,"[15, 101, 202, 0]",-1,0,0,0,1
1775,0,"[53, 98, 56, 0]",-1,0,0,0,1
1776,0,"[30, 33, 170, 0]",-1,0,0,0,1
1777,0,"[45, 67, 153, 0]",-1,0,0,0,1
1778,0,"[46, 41, 138, 0]",-1,0,0,0,1
1779,0,"[16, 19, 83, 0]",-1,0,0,0,1
1780,0,"[34, 60, 43, 0]",-1,0,0,0,1
1781,0,"[35, 56, 100, 0]",-1,0,0,0,1
1782,0,"[9, 18, 107, 0]",-1,0,0,0,1
1783,0,"[61, 57, 164, 0]",-1,0,0,0,1
1784,0,"[6, 95, 167, 0]",-1,0,0,0,1
1785,0,"[26, 78, 182, 0]",-1,0,0,0,1
1786,0,"[10, 50, 56, 0]",-1,0,0,0,1
1787,0,"[59, 90, 228, 0]",-1,0,0,0,1
1788,0,"[62, 63, 129, 0]",-1,0,0,0,1
1789,0,"[43, 59, 86, 0]",-1,0,0,0,1
1790,0,"[59, 8, 197, 0]",-1,0,0,0,1
1791,0,"[60, 115, 107, 0]",-1,0,0,0,1
1792,0,"[39, 15, 210, 0]",-1,0,0,0,1
1793,0,"[19, 23, 97, 0]",-1,0,0,0,1
1794,0,"[10, 12, 98, 0]",-1,0,0,0,1
1795,0,"[35, 44, 196, 0]",-1,0,0,0,1
1796,0,"[0, 15, 127, 0]",-1,0,0,1,1
1797,0,"[35, 33, 240, 0]",-1,0,0,0,1
1798,0,"[47, 91, 77, 0]",-1,0,0,0,1
1799,0,"[32, 34, 8, 0]",-1,0,0,0,1
1800,0,"[9, 87, 129, 0]",-1,0,0,0,1
1801,0,"[59, 33, 15, 0]",-1,0,0,0,1
1802,0,"[2, 24, 84, 0]",-1,0,0,0,1
1803,0,"[20, 52, 68, 0]",-1,0,0,0,1
1804,0,"[14, 53, 101, 0]",-1,0,0,0,1
1805,0,"[46, 55, 53, 0]",-1,0,0,0,1
1806,0,"[57, 96, 15, 0]",-1,0,0,0,1
1807,0,"[52, 112, 133, 0]",-1,0,0,0,1
1808,0,"[10, 31, 9, 0]",-1,0,0,0,1
1809,0,"[31, 80, 133, 0]",-1,0,0,0,1
1810,0,"[33, 22, 113, 0]",-1,0,0,0,1
1811,0,"[58, 29, 119, 0]",-1,0,0,0,1
1812,0,"[25, 61, 236, 0]",-1,0,0,0,1
1813,0,"[17, 64, 170, 0]",-1,0,0,0,1
1814,0,"[40, 126, 53, 0]",-1,0,0,0,1
1815,0,"[49, 118, 129, 0]",-1,0,0,0,1
1816,0,"[14, 53, 101, 0]",-1,0,0,0,1
1817,0,"[63, 91, 202, 0]",-1,0,0,0,1
1818,0,"[33, 94, 156, 0]",-1,0,0,0,1
1819,0,"[42, 17, 42, 0]",-1,0,0,0,1
1820,0,"[20, 52, 195, 0]",-1,0,0,0,1
1821,0,"[51, 88, 137, 0]",-1,0,0,0,1
1822,0,"[3, 2, 92, 0]",-1,0,0,0,1
1823,0,"[12, 118, 141, 0]",-1,0,0,0,1
1824,0,"[5, 105, 73, 0]",-1,0,0,0,1
1825,0,"[24, 35, 14, 0]",-1,0,0,0,1
1826,0,"[26, 98, 217, 0]",-1,0,0,0,1
1827,0,"[13, 108, 233, 0]",-1,0,0,0,1
1828,0,"[46, 27, 78, 0]",-1,0,0,0,1
1829,0,"[12, 56, 132, 0]",-1,0,0,0,1
1830,0,"[62, 80, 108, 0]",-1,0,0,0,1
1831,0,"[30, 113, 145, 0]",-1,0,0,0,1
1832,0,"[63, 10, 156, 0]",-1,0,0,0,1
1833,0,"[58, 78, 12, 0]",-1,0,0,0,1
1834,0,"[31, 24, 238, 0]",-1,0,0,0,1
1835,0,"[16, 115, 138, 0]",-1,0,0,0,1
1836,0,"[35, 32, 187, 0]",-1,0,0,0,1
1837,0,"[50, 74, 44, 0]",-1,0,0,0,1
1838,0,"[13, 3, 229, 0]",-1,0,0,0,1
1839,0,"[5, 47, 213, 0]",-1,0,0,0,1
1840,0,"[10, 112, 127, 0]",-1,0,0,0,1
1841,0,"[49, 88, 137, 0]",-1,0,0,0,1
1842,0,"[59, 115, 61, 0]",-1,0,0,0,1
1843,0,"[5, 61, 222, 0]",-1,0,0,0,1
1844,0,"[10, 57, 99, 0]",-1,0,0,0,1
1845,0,"[18, 87, 154, 0]",-1,0,0,0,1
1846,0,"[33, 84, 221, 0]",-1,0,0,0,1
1847,0,"[41, 45, 140, 0]",-1,0,0,0,1
1848,0,"[21, 100, 34, 0]",-1,0,0,0,1
1849,0,"[4, 109, 88, 0]",-1,0,0,0,1
1850,0,"[24, 28, 185, 0]",-1,0,0,0,1
1851,0,"[42, 73, 7, 0]",-1,0,0,0,1
1852,0,"[24, 36, 2, 0]",-1,0,0,0,1
1853,0,"[44, 29, 108, 0]",-1,0,0,0,1
1854,0,"[34, 69, 135, 0]",-1,0,0,0,1
1855,0,"[57, 107, 212, 0]",-1,0,0,0,1
1856,0,"[1, 64, 80, 0]",-1,0,0,0,1
1857,0,"[14, 79, 241, 0]",-1,0,0,0,1
1858,0,"[51, 123, 221, 0]",-1,0,0,0,1
1859,0,"[62, 54, 229, 0]",-1,0,0,0,1
1860,0,"[42, 78, 110, 0]",-1,0,0,0,1
1861,0,"[49, 51, 189, 0]",-1,0,0,0,1
1862,0,"[44, 98, 142, 0]",-1,0,0,0,1
1863,0,"[46, 30, 73, 0]",-1,0,0,0,1
1864,0,"[54, 30, 51, 0]",-1,0,0,0,1
1865,0,"[22, 96, 78, 0]",-1,0,0,0,1
1866,0,"[0, 54, 165, 0]",-1,0,0,1,1
1867,0,"[51, 35, 17, 0]",-1,0,0,0,1
1868,0,"[15, 62, 230, 0]",-1,0,0,0,1
1869,0,"[14, 23, 97, 0]",-1,0,0,0,1
1870,0,"[4, 44, 241, 0]",-1,0,0,0,1
1871,0,"[4, 9, 113, 0]",-1,0,0,0,1
1872,0,"[39, 49, 226, 0]",-1,0,0,0,1
1873,0,"[3, 79, 243, 0]",-1,0,0,0,1
1874,0,"[26, 74, 91, 0]",-1,0,0,0,1
1875,0,"[31, 47, 122, 0]",-1,0,0,0,1
1876,0,"[30, 14, 62, 0]",-1,0,0,0,1
1877,0,"[27, 87, 28, 0]",-1,0,0,0,1
1878,0,"[42, 58, 97, 0]",-1,0,0,0,1
1879,0,"[12, 44, 73, 0]",-1,0,0,0,1
1880,0,"[54, 38, 225, 0]",-1,0,0,0,1
1881,0,"[6, 110, 50, 0]",-1,0,0,0,1
1882,0,"[33, 43, 19, 1]",-1,0,0,0,1
1883,0,"[33, 88, 27, 0]",-1,0,0,0,1
1884,0,"[59, 85, 9, 0]",-1,0,0,0,1
1885,0,"[7, 26, 175, 0]",-1,0,0,0,1
1886,0,"[46, 90, 241, 0]",-1,0,0,0,1
1887,0,"[24, 19, 173, 0]",-1,0,0,0,1
1888,0,"[37, 60, 27, 0]",-1,0,0,0,1
1889,0,"[49, 81, 144, 0]",-1,0,0,0,1
1890,0,"[20, 52, 195, 0]",-1,0,0,0,1
1891,0,"[21, 94, 219, 0]",-1,0,0,0,1
1892,0,"[43, 21, 175, 0]",-1,0,0,0,1
1893,0,"[31, 67, 6, 0]",-1,0,0,0,1
1894,0,"[0, 115, 179, 0]",-1,0,0,1,1
1895,0,"[52, 38, 10, 0]",-1,0,0,0,1
1896,0,"[24, 12, 158, 0]",-1,0,0,0,1
1897,0,"[39, 64, 129, 0]",-1,0,0,0,1
1898,0,"[45, 34, 10, 0]",-1,0,0,0,1
1899,0,"[11, 106, 154, 0]",-1,0,0,0,1
1900,0,"[9, 27, 61, 0]",-1,0,0,0,1
1901,0,"[16, 53, 214, 0]",-1,0,0,0,1
1902,0,"[12, 126, 201, 0]",-1,0,0,0,1
1903,0,"[16, 29, 143, 0]",-1,0,0,0,1
1904,0,"[44, 67, 54, 0]",-1,0,0,0,1
1905,0,"[53, 0, 172, 0]",-1,0,0,0,1
1906,0,"[33, 98, 51, 0]",-1,0,0,0,1
1907,0,"[3, 117, 152, 0]",-1,0,0,0,1
1908,0,"[6, 113, 144, 0]",-1,0,0,0,1
1909,0,"[59, 52, 20, 0]",-1,0,0,0,1
1910,0,"[14, 115, 79, 0]",-1,0,0,0,1
1911,0,"[54, 38, 225, 0]",-1,0,0,0,1
1912,0,"[24, 24, 248, 0]",-1,0,0,0,1
1913,0,"[22, 70, 175, 0]",-1,0,0,0,1
1914,0,"[10, 22, 85, 0]",-1,0,0,0,1
1915,0,"[0, 42, 153, 0]",-1,0,0,1,1
1916,0,"[19, 70, 208, 0]",-1,0,0,0,1
1917,0,"[14, 90, 219, 0]",-1,0,0,0,1
1918,0,"[38, 35, 220, 0]",-1,0,0,0,1
1919,0,"[23, 120, 230, 0]",-1,0,0,0,1
1920,0,"[17, 114, 222, 0]",-1,0,0,0,1
1921,0,"[13, 24, 74, 0]",-1,0,0,0,1
1922,0,"[51, 79, 41, 0]",-1,0,0,0,1
1923,0,"[16, 120, 220, 0]",-1,0,0,0,1
1924,0,"[61, 89, 108, 0]",-1,0,0,0,1
1925,0,"[5, 60, 151, 0]",-1,0,0,0,1
1926,0,"[32, 46, 43, 0]",-1,0,0,0,1
1927,0,"[5, 109, 179, 0]",-1,0,0,0,1
1928,0,"[61, 46, 189, 0]",-1,0,0,0,1
1929,0,"[49, 83, 100, 0]",-1,0,0,0,1
1930,0,"[54, 24, 231, 0]",-1,0,0,0,1
1931,0,"[1, 28, 229, 0]",-1,0,0,0,1
1932,0,"[5, 109, 64, 0]",-1,0,0,0,1
1933,0,"[0, 15, 127, 0]",-1,0,0,1,1
1934,0,"[37, 29, 20, 0]",-1,0,0,0,1
1935,0,"[9, 16, 128, 0]",-1,0,0,0,1
1936,0,"[38, 74, 151, 0]",-1,0,0,0,1
1937,0,"[33, 80, 106, 0]",-1,0,0,0,1
1938,0,"[7, 22, 23, 0]",-1,0,0,0,1
1939,0,"[49, 92, 32, 0]",-1,0,0,0,1
1940,0,"[27, 117, 138, 0]",-1,0,0,0,1
1941,0,"[61, 89, 11, 0]",-1,0,0,0,1
1942,0,"[34, 94, 14, 0]",-1,0,0,0,1
1943,0,"[14, 15, 202, 0]",-1,0,0,0,1
1944,0,"[62, 103, 56, 0]",-1,0,0,0,1
1945,0,"[51, 52, 213, 0]",-1,0,0,0,1
1946,0,"[16, 19, 69, 0]",-1,0,0,0,1
1947,0,"[60, 11, 5, 0]",-1,0,0,0,1
1948,0,"[13, 124, 139, 0]",-1,0,0,0,1
1949,0,"[32, 46, 43, 0]",-1,0,0,0,1
1950,0,"[57, 47, 225, 0]",-1,0,0,0,1
1951,0,"[24, 37, 166, 0]",-1,0,0,0,1
1952,0,"[10, 12, 98, 0]",-1,0,0,0,1
1953,0,"[39, 123, 100, 0]",-1,0,0,0,1
1954,0,"[14, 111, 243, 0]",-1,0,0,0,1
1955,0,"[49, 2, 124, 0]",-1,0,0,0,1
1956,0,"[0, 119, 73, 0]",-1,0,0,1,1
1957,0,"[7, 50, 85, 0]",-1,0,0,0,1
1958,0,"[49, 7, 109, 0]",-1,0,0,0,1
1959,0,"[61, 14, 233, 0]",-1,0,0,0,1
1960,0,"[30, 27, 117, 0]",-1,0,0,0,1
1961,0,"[37, 53, 193, 0]",-1,0,0,0,1
1962,0,"[56, 120, 51, 0]",-1,0,0,0,1
1963,0,"[57, 46, 157, 0]",-1,0,0,0,1
1964,0,"[49, 16, 144, 0]",-1,0,0,0,1
1965,0,"[48, 117, 46, 0]",-1,0,0,0,1
1966,0,"[62, 111, 123, 0]",-1,0,0,0,1
1967,0,"[52, 115, 43, 0]",-1,0,0,0,1
1968,0,"[46, 87, 226, 0]",-1,0,0,0,1
1969,0,"[55, 47, 37, 0]",-1,0,0,0,1
1970,0,"[46, 85, 1, 0]",-1,0,0,0,1
1971,0,"[49, 84, 214, 0]",-1,0,0,0,1
1972,0,"[32, 20, 43, 0]",-1,0,0,0,1
1973,0,"[33, 27, 62, 0]",-1,0,0,0,1
1974,0,"[38, 26, 51, 0]",-1,0,0,0,1
1975,0,"[61, 46, 189, 0]",-1,0,0,0,1
1976,0,"[18, 104, 136, 0]",-1,0,0,0,1
1977,0,"[0, 34, 179, 0]",-1,0,0,1,1
1978,0,"[55, 102, 146, 0]",-1,0,0,0,1
1979,0,"[33, 86, 48, 0]",-1,0,0,0,1
1980,0,"[10, 28, 104, 0]",-1,0,0,0,1
1981,0,"[10, 15, 86, 0]",-1,0,0,0,1
1982,0,"[7, 17, 191, 0]",-1,0,0,0,1
1983,0,"[24, 61, 118, 0]",-1,0,0,0,1
1984,0,"[22, 15, 169, 0]",-1,0,0,0,1
1985,0,"[41, 21, 51, 0]",-1,0,0,0,1
1986,0,"[56, 55, 97, 0]",-1,0,0,0,1
1987,0,"[13, 91, 177, 0]",-1,0,0,0,1
1988,0,"[46, 21, 240, 0]",-1,0,0,0,1
1989,0,"[19, 41, 12, 0]",-1,0,0,0,1
1990,0,"[1, 123, 38, 0]",-1,0,0,0,1
1991,0,"[51, 49, 23, 0]",-1,0,0,0,1
1992,0,"[0, 76, 108, 0]",-1,0,0,1,1
1993,0,"[0, 88, 241, 0]",-1,0,0,1,1
1994,0,"[13, 74, 248, 0]",-1,0,0,0,1
1995,0,"[16, 2, 60, 0]",-1,0,0,0,1
1996,0,"[48, 9, 117, 0]",-1,0,0,0,1
1997,0,"[15, 3, 16, 0]",-1,0,0,0,1
1998,0,"[53, 116, 175, 0]",-1,0,0,0,1
1999,0,"[4, 68, 214, 0]",-1,0,0,0,1
2000,0,"[42, 30, 139, 0]",-1,0,0,0,1
2001,0,"[43, 89, 227, 0]",-1,0,0,0,1
2002,0,"[55, 29, 83, 0]",-1,0,0,0,1
2003,0,"[50, 64, 212, 0]",-1,0,0,0,1
2004,0,"[61, 36, 30, 0]",-1,0,0,0,1
2005,0,"[11, 69, 220, 0]",-1,0,0,0,1
2006,0,"[46, 90, 88, 0]",-1,0,0,0,1
2007,0,"[29, 89, 104, 0]",-1,0,0,0,1
2008,0,"[3, 102, 17, 0]",-1,0,0,0,1
2009,0,"[18, 78, 23, 0]",-1,0,0,0,1
2010,0,"[56, 113, 114, 0]",-1,0,0,0,1
2011,0,"[59, 72, 2, 0]",-1,0,0,0,1
2012,0,"[63, 107, 224, 0]",-1,0,0,0,1
2013,0,"[12, 18, 239, 0]",-1,0,0,0,1
2014,0,"[16, 29, 143, 0]",-1,0,0,0,1
2015,0,"[13, 110, 159, 0]",-1,0,0,0,1
2016,0,"[13, 110, 159, 0]",-1,0,0,0,1
2017,0,"[58, 100, 195, 0]",-1,0,0,0,1
2018,0,"[28, 20, 119, 0]",-1,0,0,0,1
2019,0,"[26, 42, 25, 0]",-1,0,0,0,1
2020,0,"[48, 37, 81, 0]",-1,0,0,0,1
2021,0,"[8, 67, 110, 0]",-1,0,0,0,1
2022,0,"[54, 38, 28, 0]",-1,0,0,0,1
2023,0,"[25, 116, 23, 0]",-1,0,0,0,1
2024,0,"[13, 44, 195, 0]",-1,0,0,0,1
2025,0,"[61, 115, 168, 0]",-1,0,0,0,1
2026,0,"[55, 84, 175, 0]",-1,0,0,0,1
2027,0,"[42, 118, 109, 0]",-1,0,0,0,1
2028,0,"[51, 72, 149, 0]",-1,0,0,0,1
2029,0,"[59, 66, 244, 0]",-1,0,0,0,1
2030,0,"[13, 91, 248, 0]",-1,0,0,0,1
2031,0,"[42, 33, 247, 0]",-1,0,0,0,1
2032,0,"[42, 78, 83, 0]",-1,0,0,0,1
2033,0,"[38, 74, 2, 0]",-1,0,0,0,1
2034,0,"[44, 109, 76, 0]",-1,0,0,0,1
2035,0,"[63, 32, 125, 0]",-1,0,0,0,1
2036,0,"[4, 77, 99, 0]",-1,0,0,0,1
2037,0,"[31, 123, 31, 0]",-1,0,0,0,1
2038,0,"[15, 115, 79, 0]",-1,0,0,0,1
2039,0,"[6, 85, 202, 0]",-1,0,0,0,1
2040,0,"[38, 74, 106, 0]",-1,0,0,0,1
2041,0,"[16, 94, 127, 0]",-1,0,0,0,1
2042,0,"[33, 20, 230, 0]",-1,0,0,0,1
2043,0,"[25, 68, 181, 0]",-1,0,0,0,1
2044,0,"[53, 13, 175, 0]",-1,0,0,0,1
2045,0,"[9, 69, 218, 0]",-1,0,0,0,1
2046,0,"[60, 25, 96, 0]",-1,0,0,0,1
2047,0,"[51, 14, 50, 0]",-1,0,0,0,1
2048,0,"[43, 12, 197, 0]",-1,0,0,0,1
2049,0,"[24, 98, 201, 0]",-1,0,0,0,1
2050,0,"[28, 24, 78, 0]",-1,0,0,0,1
2051,0,"[34, 81, 67, 0]",-1,0,0,0,1
2052,0,"[24, 64, 203, 0]",-1,0,0,0,1
2053,0,"[60, 54, 50, 0]",-1,0,0,0,1
2054,0,"[63, 110, 104, 0]",-1,0,0,0,1
2055,0,"[2, 90, 254, 0]",-1,0,0,0,1
2056,0,"[3, 91, 5, 0]",-1,0,0,0,1
2057,0,"[5, 9, 222, 0]",-1,0,0,0,1
2058,0,"[0, 42, 153, 0]",-1,0,0,1,1
2059,0,"[24, 72, 171, 0]",-1,0,0,0,1
2060,0,"[18, 14, 77, 0]",-1,0,0,0,1
2061,0,"[29, 4, 245, 0]",-1,0,0,0,1
2062,0,"[34, 74, 76, 0]",-1,0,0,0,1
2063,0,"[13, 124, 139, 0]",-1,0,0,0,1
2064,0,"[26, 122, 116, 0]",-1,0,0,0,1
2065,0,"[49, 115, 167, 0]",-1,0,0,0,1
2066,0,"[47, 104, 161, 0]",-1,0,0,0,1
2067,0,"[33, 31, 98, 0]",-1,0,0,0,1
2068,0,"[4, 43, 15, 0]",-1,0,0,0,1
2069,0,"[3, 2, 28, 0]",-1,0,0,0,1
2070,0,"[10, 67, 0, 0]",-1,0,0,0,1
2071,0,"[9, 22, 166, 0]",-1,0,0,0,1
2072,0,"[56, 76, 244, 0]",-1,0,0,0,1
2073,0,"[33, 80, 106, 0]",-1,0,0,0,1
2074,0,"[42, 15, 73, 0]",-1,0,0,0,1
2075,0,"[28, 4, 220, 0]",-1,0,0,0,1
2076,0,"[52, 14, 186, 0]",-1,0,0,0,1
2077,0,"[57, 16, 81, 0]",-1,0,0,0,1
2078,0,"[30, 53, 194, 0]",-1,0,0,0,1
2079,0,"[9, 31, 170, 0]",-1,0,0,0,1
2080,0,"[0, 55, 204, 0]",-1,0,0,1,1
2081,0,"[5, 103, 134, 0]",-1,0,0,0,1
2082,0,"[3, 10, 193, 0]",-1,0,0,0,1
2083,0,"[43, 46, 118, 0]",-1,0,0,0,1
2084,0,"[1, 112, 63, 0]",-1,0,0,0,1
2085,0,"[23, 104, 112, 0]",-1,0,0,0,1
2086,0,"[14, 110, 106, 0]",-1,0,0,0,1
2087,0,"[53, 69, 191, 0]",-1,0,0,0,1
2088,0,"[33, 85, 48, 0]",-1,0,0,0,1
2089,0,"[35, 69, 60, 0]",-1,0,0,0,1
2090,0,"[54, 40, 136, 0]",-1,0,0,0,1
2091,0,"[50, 52, 132, 0]",-1,0,0,0,1
2092,0,"[37, 127, 137, 0]",-1,0,0,0,1
2093,0,"[33, 9, 81, 0]",-1,0,0,0,1
2094,0,"[27, 29, 138, 0]",-1,0,0,0,1
2095,0,"[44, 72, 112, 0]",-1,0,0,0,1
2096,0,"[42, 9, 113, 0]",-1,0,0,0,1
2097,0,"[27, 35, 249, 0]",-1,0,0,0,1
2098,0,"[30, 94, 127, 0]",-1,0,0,0,1
2099,0,"[12, 30, 73, 0]",-1,0,0,0,1
2100,0,"[58, 29, 112, 0]",-1,0,0,0,1
2101,0,"[44, 27, 171, 0]",-1,0,0,0,1
2102,0,"[53, 62, 213, 0]",-1,0,0,0,1
2103,0,"[16, 60, 99, 0]",-1,0,0,0,1
2104,0,"[4, 42, 121, 0]",-1,0,0,0,1
2105,0,"[56, 33, 144, 0]",-1,0,0,0,1
2106,0,"[9, 61, 131, 0]",-1,0,0,0,1
2107,0,"[23, 103, 188, 0]",-1,0,0,0,1
2108,0,"[28, 38, 136, 0]",-1,0,0,0,1
2109,0,"[36, 22, 144, 0]",-1,0,0,0,1
2110,0,"[49, 32, 254, 0]",-1,0,0,0,1
2111,0,"[16, 12, 188, 0]",-1,0,0,0,1
2112,0,"[38, 122, 124, 0]",-1,0,0,0,1
2113,0,"[34, 27, 118, 0]",-1,0,0,0,1
2114,0,"[41, 77, 189, 0]",-1,0,0,0,1
2115,0,"[19, 118, 149, 0]",-1,0,0,0,1
2116,0,"[9, 26, 220, 0]",-1,0,0,0,1
2117,0,"[14, 72, 65, 0]",-1,0,0,0,1
2118,0,"[3, 48, 175, 0]",-1,0,0,0,1
2119,0,"[48, 17, 109, 0]",-1,0,0,0,1
2120,0,"[34, 110, 222, 0]",-1,0,0,0,1
2121,0,"[30, 75, 254, 0]",-1,0,0,0,1
2122,0,"[9, 33, 63, 0]",-1,0,0,0,1
2123,0,"[48, 53, 84, 0]",-1,0,0,0,1
2124,0,"[23, 102, 194, 0]",-1,0,0,0,1
2125,0,"[22, 66, 255, 0]",-1,0,0,0,1
2126,0,"[9, 71, 183, 0]",-1,0,0,0,1
2127,0,"[62, 123, 209, 0]",-1,0,0,0,1
2128,0,"[44, 62, 245, 0]",-1,0,0,0,1
2129,0,"[46, 10, 17, 0]",-1,0,0,0,1
2130,0,"[18, 69, 95, 0]",-1,0,0,0,1
2131,0,"[28, 118, 57, 0]",-1,0,0,0,1
2132,0,"[45, 58, 5, 0]",-1,0,0,0,1
2133,0,"[31, 67, 6, 0]",-1,0,0,0,1
2134,0,"[34, 110, 13, 0]",-1,0,0,0,1
2135,0,"[38, 74, 151, 0]",-1,0,0,0,1
2136,0,"[60, 25, 96, 0]",-1,0,0,0,1
2137,0,"[27, 111, 17, 0]",-1,0,0,0,1
2138,0,"[6, 18, 5, 0]",-1,0,0,0,1
2139,0,"[6, 23, 106, 0]",-1,0,0,0,1
2140,0,"[3, 20, 208, 0]",-1,0,0,0,1
2141,0,"[34, 60, 34, 0]",-1,0,0,0,1
2142,0,"[61, 46, 189, 0]",-1,0,0,0,1
2143,0,"[43, 112, 201, 0]",-1,0,0,0,1
2144,0,"[54, 119, 128, 0]",-1,0,0,0,1
2145,0,"[62, 93, 98, 0]",-1,0,0,0,1
2146,0,"[54, 38, 225, 0]",-1,0,0,0,1
2147,0,"[14, 11, 188, 0]",-1,0,0,0,1
2148,0,"[4, 69, 53, 0]",-1,0,0,0,1
2149,0,"[4, 65, 163, 0]",-1,0,0,0,1
2150,0,"[10, 73, 153, 0]",-1,0,0,0,1
2151,0,"[25, 69, 26, 0]",-1,0,0,0,1
2152,0,"[33, 84, 183, 0]",-1,0,0,0,1
2153,0,"[14, 10, 42, 0]",-1,0,0,0,1
2154,0,"[63, 93, 245, 0]",-1,0,0,0,1
2155,0,"[16, 13, 6, 0]",-1,0,0,0,1
2156,0,"[63, 31, 7, 0]",-1,0,0,0,1
2157,0,"[2, 12, 3, 0]",-1,0,0,0,1
2158,0,"[16, 100, 123, 0]",-1,0,0,0,1
2159,0,"[7, 21, 93, 0]",-1,0,0,0,1
2160,0,"[51, 52, 213, 0]",-1,0,0,0,1
2161,0,"[60, 19, 163, 0]",-1,0,0,0,1
2162,0,"[13, 108, 66, 0]",-1,0,0,0,1
2163,0,"[38, 74, 2, 0]",-1,0,0,0,1
2164,0,"[30, 68, 50, 0]",-1,0,0,0,1
2165,0,"[3, 91, 5, 0]",-1,0,0,0,1
2166,0,"[24, 14, 144, 0]",-1,0,0,0,1
2167,0,"[1, 27, 88, 0]",-1,0,0,0,1
2168,0,"[58, 116, 76, 0]",-1,0,0,0,1
2169,0,"[25, 84, 96, 0]",-1,0,0,0,1
2170,0,"[48, 125, 111, 0]",-1,0,0,0,1
2171,0,"[46, 104, 89, 0]",-1,0,0,0,1
2172,0,"[14, 115, 79, 0]",-1,0,0,0,1
2173,0,"[33, 29, 55, 0]",-1,0,0,0,1
2174,0,"[58, 29, 154, 0]",-1,0,0,0,1
2175,0,"[56, 107, 227, 0]",-1,0,0,0,1
2176,0,"[9, 32, 121, 0]",-1,0,0,0,1
2177,0,"[29, 90, 181, 0]",-1,0,0,0,1
2178,0,"[43, 75, 165, 0]",-1,0,0,0,1
2179,0,"[1, 60, 129, 0]",-1,0,0,0,1
2180,0,"[12, 62, 85, 0]",-1,0,0,0,1
2181,0,"[49, 58, 133, 0]",-1,0,0,0,1
2182,0,"[54, 127, 9, 0]",-1,0,0,0,1
2183,0,"[43, 89, 124, 0]",-1,0,0,0,1
2184,0,"[19, 78, 199, 0]",-1,0,0,0,1
2185,0,"[9, 67, 241, 0]",-1,0,0,0,1
2186,0,"[62, 100, 199, 0]",-1,0,0,0,1
2187,0,"[8, 51, 243, 0]",-1,0,0,0,1
2188,0,"[17, 53, 3, 0]",-1,0,0,0,1
2189,0,"[33, 51, 252, 0]",-1,0,0,0,1
2190,0,"[38, 54, 58, 0]",-1,0,0,0,1
2191,0,"[14, 53, 101, 0]",-1,0,0,0,1
2192,0,"[14, 96, 96, 0]",-1,0,0,0,1
2193,0,"[8, 50, 163, 0]",-1,0,0,0,1
2194,0,"[23, 18, 253, 0]",-1,0,0,0,1
2195,0,"[10, 70, 167, 0]",-1,0,0,0,1
2196,0,"[48, 127, 171, 0]",-1,0,0,0,1
2197,0,"[15, 51, 63, 0]",-1,0,0,0,1
2198,0,"[5, 9, 167, 0]",-1,0,0,0,1
2199,0,"[14, 74, 147, 0]",-1,0,0,0,1
2200,0,"[4, 125, 205, 0]",-1,0,0,0,1
2201,0,"[23, 102, 194, 0]",-1,0,0,0,1
2202,0,"[45, 114, 175, 0]",-1,0,0,0,1
2203,0,"[13, 38, 128, 0]",-1,0,0,0,1
2204,0,"[62, 98, 45, 0]",-1,0,0,0,1
2205,0,"[44, 29, 108, 0]",-1,0,0,0,1
2206,0,"[6, 85, 202, 0]",-1,0,0,0,1
2207,0,"[29, 57, 24, 0]",-1,0,0,0,1
2208,0,"[13, 40, 191, 0]",-1,0,0,0,1
2209,0,"[42, 12, 85, 0]",-1,0,0,0,1
2210,0,"[3, 12, 232, 0]",-1,0,0,0,1
2211,0,"[38, 84, 64, 0]",-1,0,0,0,1
2212,0,"[4, 87, 29, 0]",-1,0,0,0,1
2213,0,"[52, 86, 178, 0]",-1,0,0,0,1
2214,0,"[19, 118, 149, 0]",-1,0,0,0,1
2215,0,"[18, 69, 95, 0]",-1,0,0,0,1
2216,0,"[58, 100, 206, 0]",-1,0,0,0,1
2217,0,"[63, 124, 46, 0]",-1,0,0,0,1
2218,0,"[47, 3, 253, 0]",-1,0,0,0,1
2219,0,"[7, 37, 129, 0]",-1,0,0,0,1
2220,0,"[34, 117, 205, 0]",-1,0,0,0,1
2221,0,"[61, 27, 136, 0]",-1,0,0,0,1
2222,0,"[38, 76, 48, 0]",-1,0,0,0,1
2223,0,"[46, 105, 250, 0]",-1,0,0,0,1
2224,0,"[9, 34, 231, 0]",-1,0,0,0,1
2225,0,"[13, 124, 104, 0]",-1,0,0,0,1
2226,0,"[1, 4, 62, 0]",-1,0,0,0,1
2227,0,"[6, 78, 180, 0]",-1,0,0,0,1
2228,0,"[52, 123, 79, 0]",-1,0,0,0,1
2229,0,"[10, 65, 139, 0]",-1,0,0,0,1
2230,0,"[25, 84, 96, 0]",-1,0,0,0,1
2231,0,"[47, 113, 37, 0]",-1,0,0,0,1
2232,0,"[40, 13, 65, 0]",-1,0,0,0,1
2233,0,"[38, 84, 192, 0]",-1,0,0,0,1
2234,0,"[23, 2, 158, 0]",-1,0,0,0,1
2235,0,"[63, 37, 137, 0]",-1,0,0,0,1
2236,0,"[9, 63, 232, 0]",-1,0,0,0,1
2237,0,"[19, 78, 199, 0]",-1,0,0,0,1
2238,0,"[48, 122, 156, 0]",-1,0,0,0,1
2239,0,"[58, 112, 152, 0]",-1,0,0,0,1
2240,0,"[30, 119, 12, 0]",-1,0,0,0,1
2241,0,"[22, 86, 214, 0]",-1,0,0,0,1
2242,0,"[13, 95, 133, 0]",-1,0,0,0,1
2243,0,"[42, 107, 167, 0]",-1,0,0,0,1
2244,0,"[36, 112, 36, 0]",-1,0,0,0,1
2245,0,"[38, 84, 64, 0]",-1,0,0,0,1
2246,0,"[30, 68, 124, 0]",-1,0,0,0,1
2247,0,"[34, 103, 75, 0]",-1,0,0,0,1
2248,0,"[44, 115, 246, 0]",-1,0,0,0,1
2249,0,"[4, 84, 210, 0]",-1,0,0,0,1
2250,0,"[37, 53, 193, 0]",-1,0,0,0,1
2251,0,"[13, 16, 189, 0]",-1,0,0,0,1
2252,0,"[2, 25, 99, 0]",-1,0,0,0,1
2253,0,"[10, 50, 182, 0]",-1,0,0,0,1
2254,0,"[29, 89, 104, 0]",-1,0,0,0,1
2255,0,"[54, 44, 251, 0]",-1,0,0,0,1
2256,0,"[42, 38, 15, 0]",-1,0,0,0,1
2257,0,"[26, 27, 210, 0]",-1,0,0,0,1
2258,0,"[13, 126, 196, 0]",-1,0,0,0,1
2259,0,"[0, 32, 63, 0]",-1,0,0,1,1
2260,0,"[47, 117, 48, 0]",-1,0,0,0,1
2261,0,"[16, 53, 194, 0]",-1,0,0,0,1
2262,0,"[11, 122, 209, 0]",-1,0,0,0,1
2263,0,"[13, 91, 131, 0]",-1,0,0,0,1
2264,0,"[38, 22, 71, 0]",-1,0,0,0,1
2265,0,"[28, 16, 72, 0]",-1,0,0,0,1
2266,0,"[29, 10, 134, 0]",-1,0,0,0,1
2267,0,"[61, 72, 210, 0]",-1,0,0,0,1
2268,0,"[7, 112, 97, 0]",-1,0,0,0,1
2269,0,"[38, 116, 163, 0]",-1,0,0,0,1
2270,0,"[58, 100, 206, 0]",-1,0,0,0,1
2271,0,"[52, 31, 189, 0]",-1,0,0,0,1
2272,0,"[30, 86, 160, 0]",-1,0,0,0,1
2273,0,"[38, 74, 151, 0]",-1,0,0,0,1
2274,0,"[38, 33, 57, 0]",-1,0,0,0,1
2275,0,"[10, 50, 56, 0]",-1,0,0,0,1
2276,0,"[46, 119, 228, 0]",-1,0,0,0,1
2277,0,"[49, 2, 79, 0]",-1,0,0,0,1
2278,0,"[55, 68, 175, 0]",-1,0,0,0,1
2279,0,"[28, 51, 128, 0]",-1,0,0,0,1
2280,0,"[33, 41, 142, 0]",-1,0,0,0,1
2281,0,"[41, 65, 17, 0]",-1,0,0,0,1
2282,0,"[43, 112, 87, 0]",-1,0,0,0,1
2283,0,"[60, 41, 215, 0]",-1,0,0,0,1
2284,0,"[6, 49, 228, 0]",-1,0,0,0,1
2285,0,"[49, 113, 125, 0]",-1,0,0,0,1
2286,0,"[24, 31, 172, 0]",-1,0,0,0,1
2287,0,"[42, 93, 59, 0]",-1,0,0,0,1
2288,0,"[38, 59, 5, 0]",-1,0,0,0,1
2289,0,"[58, 109, 130, 0]",-1,0,0,0,1
2290,0,"[59, 31, 103, 0]",-1,0,0,0,1
2291,0,"[13, 127, 102, 0]",-1,0,0,0,1
2292,0,"[61, 30, 60, 0]",-1,0,0,0,1
2293,0,"[51, 20, 76, 0]",-1,0,0,0,1
2294,0,"[0, 42, 153, 0]",-1,0,0,1,1
2295,0,"[61, 108, 15, 0]",-1,0,0,0,1
2296,0,"[20, 113, 242, 0]",-1,0,0,0,1
2297,0,"[52, 6, 150, 0]",-1,0,0,0,1
2298,0,"[53, 5, 10, 0]",-1,0,0,0,1
2299,0,"[48, 29, 34, 0]",-1,0,0,0,1
2300,0,"[53, 117, 23, 0]",-1,0,0,0,1
2301,0,"[31, 75, 67, 0]",-1,0,0,0,1
2302,0,"[29, 84, 46, 0]",-1,0,0,0,1
2303,0,"[63, 4, 158, 0]",-1,0,0,0,1
2304,0,"[56, 5, 247, 0]",-1,0,0,0,1
2305,0,"[6, 78, 180, 0]",-1,0,0,0,1
2306,0,"[41, 44, 73, 0]",-1,0,0,0,1
2307,0,"[5, 126, 134, 0]",-1,0,0,0,1
2308,0,"[38, 74, 151, 0]",-1,0,0,0,1
2309,0,"[1, 112, 63, 0]",-1,0,0,0,1
2310,0,"[38, 99, 18, 0]",-1,0,0,0,1
2311,0,"[42, 72, 117, 0]",-1,0,0,0,1
2312,0,"[7, 77, 44, 0]",-1,0,0,0,1
2313,0,"[55, 9, 173, 0]",-1,0,0,0,1
2314,0,"[54, 28, 222, 0]",-1,0,0,0,1
2315,0,"[42, 66, 13, 0]",-1,0,0,0,1
2316,0,"[40, 97, 200, 0]",-1,0,0,0,1
2317,0,"[55, 87, 183, 0]",-1,0,0,0,1
2318,0,"[38, 84, 192, 0]",-1,0,0,0,1
2319,0,"[36, 48, 101, 0]",-1,0,0,0,1
2320,0,"[28, 125, 102, 0]",-1,0,0,0,1
2321,0,"[10, 95, 35, 0]",-1,0,0,0,1
2322,0,"[50, 114, 53, 0]",-1,0,0,0,1
2323,0,"[2, 26, 88, 0]",-1,0,0,0,1
2324,0,"[45, 66, 155, 0]",-1,0,0,0,1
2325,0,"[4, 22, 79, 0]",-1,0,0,0,1
2326,0,"[9, 69, 93, 0]",-1,0,0,0,1
2327,0,"[29, 11, 60, 0]",-1,0,0,0,1
2328,0,"[52, 71, 80, 0]",-1,0,0,0,1
2329,0,"[62, 46, 73, 0]",-1,0,0,0,1
2330,0,"[2, 102, 218, 0]",-1,0,0,0,1
2331,0,"[58, 105, 233, 0]",-1,0,0,0,1
2332,0,"[30, 11, 201, 0]",-1,0,0,0,1
2333,0,"[16, 19, 75, 0]",-1,0,0,0,1
2334,0,"[2, 53, 196, 0]",-1,0,0,0,1
2335,0,"[5, 60, 152, 0]",-1,0,0,0,1
2336,0,"[51, 126, 207, 0]",-1,0,0,0,1
2337,0,"[41, 95, 108, 0]",-1,0,0,0,1
2338,0,"[26, 3, 242, 0]",-1,0,0,0,1
2339,0,"[38, 84, 88, 0]",-1,0,0,0,1
2340,0,"[1, 1, 254, 0]",-1,0,0,0,1
2341,0,"[13, 33, 12, 0]",-1,0,0,0,1
2342,0,"[4, 64, 13, 0]",-1,0,0,0,1
2343,0,"[15, 2, 139, 0]",-1,0,0,0,1
2344,0,"[62, 94, 195, 0]",-1,0,0,0,1
2345,0,"[16, 19, 83, 0]",-1,0,0,0,1
2346,0,"[19, 60, 111, 0]",-1,0,0,0,1
2347,0,"[43, 16, 129, 0]",-1,0,0,0,1
2348,0,"[46, 52, 126, 0]",-1,0,0,0,1
2349,0,"[8, 35, 54, 0]",-1,0,0,0,1
2350,0,"[16, 29, 143, 0]",-1,0,0,0,1
2351,0,"[42, 27, 59, 0]",-1,0,0,0,1
2352,0,"[56, 65, 249, 0]",-1,0,0,0,1
2353,0,"[14, 53, 101, 0]",-1,0,0,0,1
2354,0,"[34, 43, 176, 0]",-1,0,0,0,1
2355,0,"[13, 52, 195, 0]",-1,0,0,0,1
2356,0,"[34, 110, 222, 0]",-1,0,0,0,1
2357,0,"[3, 91, 44, 0]",-1,0,0,0,1
2358,0,"[13, 52, 195, 0]",-1,0,0,0,1
2359,0,"[11, 11, 241, 0]",-1,0,0,0,1
2360,0,"[45, 122, 107, 0]",-1,0,0,0,1
2361,0,"[57, 107, 250, 0]",-1,0,0,0,1
2362,0,"[21, 13, 228, 0]",-1,0,0,0,1
2363,0,"[5, 29, 151, 0]",-1,0,0,0,1
2364,0,"[54, 63, 61, 0]",-1,0,0,0,1
2365,0,"[47, 55, 196, 0]",-1,0,0,0,1
2366,0,"[29, 84, 46, 0]",-1,0,0,0,1
2367,0,"[23, 71, 19, 0]",-1,0,0,0,1
2368,0,"[20, 52, 185, 0]",-1,0,0,0,1
2369,0,"[41, 86, 64, 0]",-1,0,0,0,1
2370,0,"[39, 49, 200, 0]",-1,0,0,0,1
2371,0,"[47, 72, 7, 0]",-1,0,0,0,1
2372,0,"[62, 75, 68, 0]",-1,0,0,0,1
2373,0,"[58, 100, 206, 0]",-1,0,0,0,1
2374,0,"[62, 41, 182, 0]",-1,0,0,0,1
2375,0,"[49, 2, 21, 0]",-1,0,0,0,1
2376,0,"[61, 44, 130, 0]",-1,0,0,0,1
2377,0,"[44, 79, 12, 0]",-1,0,0,0,1
2378,0,"[38, 87, 252, 0]",-1,0,0,0,1
2379,0,"[56, 113, 114, 0]",-1,0,0,0,1
2380,0,"[23, 39, 138, 0]",-1,0,0,0,1
2381,0,"[28, 58, 183, 0]",-1,0,0,0,1
2382,0,"[17, 31, 36, 0]",-1,0,0,0,1
2383,0,"[5, 59, 228, 0]",-1,0,0,0,1
2384,0,"[44, 43, 114, 0]",-1,0,0,0,1
2385,0,"[47, 0, 69, 0]",-1,0,0,0,1
2386,0,"[17, 101, 47, 0]",-1,0,0,0,1
2387,0,"[49, 92, 143, 0]",-1,0,0,0,1
2388,0,"[10, 110, 183, 0]",-1,0,0,0,1
2389,0,"[43, 20, 78, 0]",-1,0,0,0,1
2390,0,"[39, 121, 211, 0]",-1,0,0,0,1
2391,0,"[24, 29, 236, 0]",-1,0,0,0,1
2392,0,"[0, 38, 73, 0]",-1,0,0,1,1
2393,0,"[10, 47, 27, 0]",-1,0,0,0,1
2394,0,"[13, 79, 131, 0]",-1,0,0,0,1
2395,0,"[52, 88, 169, 0]",-1,0,0,0,1
2396,0,"[13, 71, 133, 0]",-1,0,0,0,1
2397,0,"[15, 49, 159, 0]",-1,0,0,0,1
2398,0,"[53, 82, 161, 0]",-1,0,0,0,1
2399,0,"[43, 94, 0, 0]",-1,0,0,0,1
2400,0,"[16, 61, 186, 0]",-1,0,0,0,1
2401,0,"[3, 79, 243, 0]",-1,0,0,0,1
2402,0,"[34, 46, 124, 0]",-1,0,0,0,1
2403,0,"[1, 76, 143, 0]",-1,0,0,0,1
2404,0,"[61, 102, 36, 0]",-1,0,0,0,1
2405,0,"[62, 108, 122, 0]",-1,0,0,0,1
2406,0,"[13, 124, 159, 0]",-1,0,0,0,1
2407,0,"[57, 36, 180, 0]",-1,0,0,0,1
2408,0,"[13, 122, 97, 0]",-1,0,0,0,1
2409,0,"[32, 51, 198, 0]",-1,0,0,0,1
2410,0,"[13, 122, 97, 0]",-1,0,0,0,1
2411,0,"[57, 29, 108, 0]",-1,0,0,0,1
2412,0,"[48, 17, 117, 0]",-1,0,0,0,1
2413,0,"[7, 95, 82, 0]",-1,0,0,0,1
2414,0,"[16, 103, 190, 0]",-1,0,0,0,1
2415,0,"[5, 99, 89, 0]",-1,0,0,0,1
2416,0,"[10, 67, 222, 0]",-1,0,0,0,1
2417,0,"[28, 100, 255, 0]",-1,0,0,0,1
2418,0,"[3, 40, 156, 0]",-1,0,0,0,1
2419,0,"[16, 59, 46, 0]",-1,0,0,0,1
2420,0,"[20, 78, 23, 0]",-1,0,0,0,1
2421,0,"[45, 14, 117, 0]",-1,0,0,0,1
2422,0,"[52, 122, 76, 0]",-1,0,0,0,1
2423,0,"[63, 12, 216, 0]",-1,0,0,0,1
2424,0,"[20, 99, 149, 0]",-1,0,0,0,1
2425,0,"[46, 17, 63, 0]",-1,0,0,0,1
2426,0,"[16, 127, 227, 0]",-1,0,0,0,1
2427,0,"[19, 60, 111, 0]",-1,0,0,0,1
2428,0,"[43, 20, 39, 0]",-1,0,0,0,1
2429,0,"[17, 2, 226, 0]",-1,0,0,0,1
2430,0,"[35, 116, 216, 0]",-1,0,0,0,1
2431,0,"[9, 16, 174, 0]",-1,0,0,0,1
2432,0,"[13, 11, 207, 0]",-1,0,0,0,1
2433,0,"[19, 78, 199, 0]",-1,0,0,0,1
2434,0,"[14, 53, 101, 0]",-1,0,0,0,1
2435,0,"[47, 78, 147, 0]",-1,0,0,0,1
2436,0,"[13, 42, 132, 0]",-1,0,0,0,1
2437,0,"[25, 123, 139, 0]",-1,0,0,0,1
2438,0,"[41, 10, 193, 0]",-1,0,0,0,1
2439,0,"[42, 78, 83, 0]",-1,0,0,0,1
2440,0,"[11, 3, 32, 0]",-1,0,0,0,1
2441,0,"[0, 66, 246, 0]",-1,0,0,1,1
2442,0,"[48, 45, 106, 0]",-1,0,0,0,1
2443,0,"[34, 84, 65, 0]",-1,0,0,0,1
2444,0,"[31, 114, 36, 0]",-1,0,0,0,1
2445,0,"[44, 127, 79, 0]",-1,0,0,0,1
2446,0,"[51, 99, 66, 0]",-1,0,0,0,1
2447,0,"[46, 101, 69, 0]",-1,0,0,0,1
2448,0,"[14, 127, 23, 0]",-1,0,0,0,1
2449,0,"[42, 76, 202, 0]",-1,0,0,0,1
2450,0,"[37, 119, 206, 0]",-1,0,0,0,1
2451,0,"[58, 59, 206, 0]",-1,0,0,0,1
2452,0,"[56, 39, 98, 0]",-1,0,0,0,1
2453,0,"[56, 76, 244, 0]",-1,0,0,0,1
2454,0,"[33, 79, 159, 0]",-1,0,0,0,1
2455,0,"[9, 1, 30, 0]",-1,0,0,0,1
2456,0,"[13, 68, 135, 0]",-1,0,0,0,1
2457,0,"[38, 85, 94, 0]",-1,0,0,0,1
2458,0,"[45, 71, 89, 0]",-1,0,0,0,1
2459,0,"[8, 58, 249, 0]",-1,0,0,0,1
2460,0,"[10, 1, 182, 0]",-1,0,0,0,1
2461,0,"[33, 121, 2, 0]",-1,0,0,0,1
2462,0,"[29, 123, 180, 0]",-1,0,0,0,1
2463,0,"[49, 84, 214, 0]",-1,0,0,0,1
2464,0,"[62, 108, 122, 0]",-1,0,0,0,1
2465,0,"[46, 55, 53, 0]",-1,0,0,0,1
2466,0,"[4, 32, 151, 0]",-1,0,0,0,1
2467,0,"[13, 11, 173, 0]",-1,0,0,0,1
2468,0,"[13, 109, 83, 0]",-1,0,0,0,1
2469,0,"[30, 102, 118, 0]",-1,0,0,0,1
2470,0,"[22, 95, 126, 0]",-1,0,0,0,1
2471,0,"[44, 76, 190, 0]",-1,0,0,0,1
2472,0,"[6, 85, 202, 0]",-1,0,0,0,1
2473,0,"[10, 15, 86, 0]",-1,0,0,0,1
2474,0,"[51, 63, 86, 0]",-1,0,0,0,1
2475,0,"[42, 73, 4, 0]",-1,0,0,0,1
2476,0,"[61, 44, 130, 0]",-1,0,0,0,1
2477,0,"[59, 53, 221, 0]",-1,0,0,0,1
2478,0,"[28, 0, 99, 0]",-1,0,0,0,1
2479,0,"[38, 110, 143, 0]",-1,0,0,0,1
2480,0,"[40, 13, 54, 0]",-1,0,0,0,1
2481,0,"[43, 105, 29, 0]",-1,0,0,0,1
2482,0,"[10, 79, 191, 0]",-1,0,0,0,1
2483,0,"[52, 93, 28, 0]",-1,0,0,0,1
2484,0,"[33, 121, 2, 0]",-1,0,0,0,1
2485,0,"[58, 11, 59, 0]",-1,0,0,0,1
2486,0,"[8, 85, 89, 0]",-1,0,0,0,1
2487,0,"[24, 61, 118, 0]",-1,0,0,0,1
2488,0,"[43, 31, 134, 0]",-1,0,0,0,1
2489,0,"[12, 54, 236, 0]",-1,0,0,0,1
2490,0,"[46, 31, 100, 0]",-1,0,0,0,1
2491,0,"[56, 67, 232, 0]",-1,0,0,0,1
2492,0,"[12, 118, 141, 0]",-1,0,0,0,1
2493,0,"[45, 14, 117, 0]",-1,0,0,0,1
2494,0,"[60, 92, 232, 0]",-1,0,0,0,1
2495,0,"[10, 79, 191, 0]",-1,0,0,0,1
2496,0,"[34, 80, 43, 0]",-1,0,0,0,1
2497,0,"[13, 102, 47, 0]",-1,0,0,0,1
2498,0,"[16, 61, 127, 0]",-1,0,0,0,1
2499,0,"[46, 52, 126, 0]",-1,0,0,0,1
2500,0,"[5, 121, 18, 0]",-1,0,0,0,1
2501,0,"[58, 38, 168, 0]",-1,0,0,0,1
2502,0,"[16, 19, 83, 0]",-1,0,0,0,1
2503,0,"[60, 36, 163, 0]",-1,0,0,0,1
2504,0,"[14, 53, 101, 0]",-1,0,0,0,1
2505,0,"[49, 113, 214, 0]",-1,0,0,0,1
2506,0,"[12, 126, 201, 0]",-1,0,0,0,1
2507,0,"[24, 81, 92, 0]",-1,0,0,0,1
2508,0,"[56, 107, 12, 0]",-1,0,0,0,1
2509,0,"[18, 23, 7, 0]",-1,0,0,0,1
2510,0,"[41, 77, 250, 0]",-1,0,0,0,1
2511,0,"[11, 20, 207, 0]",-1,0,0,0,1
2512,0,"[52, 20, 30, 0]",-1,0,0,0,1
2513,0,"[55, 92, 157, 0]",-1,0,0,0,1
2514,0,"[10, 61, 147, 0]",-1,0,0,0,1
2515,0,"[56, 78, 109, 0]",-1,0,0,0,1
2516,0,"[33, 100, 106, 0]",-1,0,0,0,1
2517,0,"[51, 79, 21, 0]",-1,0,0,0,1
2518,0,"[61, 46, 189, 0]",-1,0,0,0,1
2519,0,"[26, 106, 49, 0]",-1,0,0,0,1
2520,0,"[5, 0, 96, 0]",-1,0,0,0,1
2521,0,"[47, 11, 28, 0]",-1,0,0,0,1
2522,0,"[43, 115, 36, 0]",-1,0,0,0,1
2523,0,"[23, 45, 66, 0]",-1,0,0,0,1
2524,0,"[13, 46, 112, 0]",-1,0,0,0,1
2525,0,"[63, 76, 229, 0]",-1,0,0,0,1
2526,0,"[50, 40, 110, 0]",-1,0,0,0,1
2527,0,"[47, 88, 0, 0]",-1,0,0,0,1
2528,0,"[10, 10, 167, 0]",-1,0,0,0,1
2529,0,"[63, 37, 137, 0]",-1,0,0,0,1
2530,0,"[54, 123, 232, 0]",-1,0,0,0,1
2531,0,"[29, 125, 174, 0]",-1,0,0,0,1
2532,0,"[6, 85, 202, 0]",-1,0,0,0,1
2533,0,"[14, 53, 101, 0]",-1,0,0,0,1
2534,0,"[53, 58, 238, 0]",-1,0,0,0,1
2535,0,"[1, 13, 128, 0]",-1,0,0,0,1
2536,0,"[4, 114, 208, 0]",-1,0,0,0,1
2537,0,"[45, 41, 190, 0]",-1,0,0,0,1
2538,0,"[51, 126, 96, 0]",-1,0,0,0,1
2539,0,"[20, 40, 253, 0]",-1,0,0,0,1
2540,0,"[48, 122, 156, 0]",-1,0,0,0,1
2541,0,"[19, 0, 10, 0]",-1,0,0,0,1
2542,0,"[34, 117, 205, 0]",-1,0,0,0,1
2543,0,"[61, 72, 210, 0]",-1,0,0,0,1
2544,0,"[36, 76, 130, 0]",-1,0,0,0,1
2545,0,"[20, 52, 163, 0]",-1,0,0,0,1
2546,0,"[59, 85, 254, 0]",-1,0,0,0,1
2547,0,"[61, 122, 245, 0]",-1,0,0,0,1
2548,0,"[22, 64, 32, 0]",-1,0,0,0,1
2549,0,"[30, 75, 254, 0]",-1,0,0,0,1
2550,0,"[46, 114, 46, 0]",-1,0,0,0,1
2551,0,"[8, 57, 171, 0]",-1,0,0,0,1
2552,0,"[34, 69, 221, 0]",-1,0,0,0,1
2553,0,"[18, 27, 92, 0]",-1,0,0,0,1
2554,0,"[1, 123, 38, 0]",-1,0,0,0,1
2555,0,"[48, 46, 100, 0]",-1,0,0,0,1
2556,0,"[18, 4, 185, 0]",-1,0,0,0,1
2557,0,"[38, 112, 92, 0]",-1,0,0,0,1
2558,0,"[58, 112, 152, 0]",-1,0,0,0,1
2559,0,"[20, 46, 61, 0]",-1,0,0,0,1
2560,0,"[33, 119, 150, 0]",-1,0,0,0,1
2561,0,"[35, 0, 57, 0]",-1,0,0,0,1
2562,0,"[61, 89, 11, 0]",-1,0,0,0,1
2563,0,"[1, 13, 128, 0]",-1,0,0,0,1
2564,0,"[52, 82, 86, 0]",-1,0,0,0,1
2565,0,"[34, 80, 214, 0]",-1,0,0,0,1
2566,0,"[24, 82, 111, 0]",-1,0,0,0,1
2567,0,"[12, 62, 85, 0]",-1,0,0,0,1
2568,0,"[4, 42, 121, 0]",-1,0,0,0,1
2569,0,"[58, 67, 237, 0]",-1,0,0,0,1
2570,0,"[42, 29, 185, 0]",-1,0,0,0,1
2571,0,"[1, 75, 152, 0]",-1,0,0,0,1
2572,0,"[41, 9, 107, 0]",-1,0,0,0,1
2573,0,"[59, 126, 119, 0]",-1,0,0,0,1
2574,0,"[25, 68, 231, 0]",-1,0,0,0,1
2575,0,"[44, 112, 119, 0]",-1,0,0,0,1
2576,0,"[29, 84, 86, 0]",-1,0,0,0,1
2577,0,"[16, 44, 181, 0]",-1,0,0,0,1
2578,0,"[10, 31, 9, 0]",-1,0,0,0,1
2579,0,"[13, 31, 56, 0]",-1,0,0,0,1
2580,0,"[26, 88, 163, 0]",-1,0,0,0,1
2581,0,"[60, 11, 5, 0]",-1,0,0,0,1
2582,0,"[46, 55, 53, 0]",-1,0,0,0,1
2583,0,"[54, 38, 225, 0]",-1,0,0,0,1
2584,0,"[35, 82, 34, 0]",-1,0,0,0,1
2585,0,"[63, 20, 78, 0]",-1,0,0,0,1
2586,0,"[52, 123, 118, 0]",-1,0,0,0,1
2587,0,"[14, 29, 145, 0]",-1,0,0,0,1
2588,0,"[16, 109, 210, 0]",-1,0,0,0,1
2589,0,"[19, 100, 195, 0]",-1,0,0,0,1
2590,0,"[1, 13, 128, 0]",-1,0,0,0,1
2591,0,"[18, 111, 28, 0]",-1,0,0,0,1
2592,0,"[41, 59, 90, 0]",-1,0,0,0,1
2593,0,"[19, 122, 41, 0]",-1,0,0,0,1
2594,0,"[2, 89, 63, 0]",-1,0,0,0,1
2595,0,"[38, 54, 58, 0]",-1,0,0,0,1
2596,0,"[58, 96, 183, 0]",-1,0,0,0,1
2597,0,"[53, 5, 238, 0]",-1,0,0,0,1
2598,0,"[39, 80, 44, 0]",-1,0,0,0,1
2599,0,"[42, 65, 70, 0]",-1,0,0,0,1
2600,0,"[1, 112, 63, 0]",-1,0,0,0,1
2601,0,"[4, 46, 59, 0]",-1,0,0,0,1
2602,0,"[62, 18, 85, 0]",-1,0,0,0,1
2603,0,"[7, 21, 253, 0]",-1,0,0,0,1
2604,0,"[6, 78, 151, 0]",-1,0,0,0,1
2605,0,"[9, 94, 65, 0]",-1,0,0,0,1
2606,0,"[50, 88, 128, 0]",-1,0,0,0,1
2607,0,"[25, 102, 172, 0]",-1,0,0,0,1
2608,0,"[61, 72, 210, 0]",-1,0,0,0,1
2609,0,"[51, 82, 67, 0]",-1,0,0,0,1
2610,0,"[38, 85, 176, 0]",-1,0,0,0,1
2611,0,"[22, 9, 16, 0]",-1,0,0,0,1
2612,0,"[30, 113, 162, 0]",-1,0,0,0,1
2613,0,"[47, 119, 242, 0]",-1,0,0,0,1
2614,0,"[2, 75, 220, 0]",-1,0,0,0,1
2615,0,"[20, 34, 4, 0]",-1,0,0,0,1
2616,0,"[5, 48, 235, 0]",-1,0,0,0,1
2617,0,"[11, 72, 79, 0]",-1,0,0,0,1
2618,0,"[10, 90, 167, 0]",-1,0,0,0,1
2619,0,"[58, 112, 152, 0]",-1,0,0,0,1
2620,0,"[37, 80, 241, 0]",-1,0,0,0,1
2621,0,"[62, 40, 245, 0]",-1,0,0,0,1
2622,0,"[20, 52, 68, 0]",-1,0,0,0,1
2623,0,"[48, 4, 204, 0]",-1,0,0,0,1
2624,0,"[2, 26, 88, 0]",-1,0,0,0,1
2625,0,"[34, 48, 123, 0]",-1,0,0,0,1
2626,0,"[30, 25, 219, 0]",-1,0,0,0,1
2627,0,"[7, 112, 178, 0]",-1,0,0,0,1
2628,0,"[31, 67, 6, 0]",-1,0,0,0,1
2629,0,"[51, 112, 65, 0]",-1,0,0,0,1
2630,0,"[7, 4, 55, 0]",-1,0,0,0,1
2631,0,"[37, 94, 5, 0]",-1,0,0,0,1
2632,0,"[61, 64, 170, 0]",-1,0,0,0,1
2633,0,"[38, 85, 94, 0]",-1,0,0,0,1
2634,0,"[16, 62, 253, 0]",-1,0,0,0,1
2635,0,"[47, 55, 196, 0]",-1,0,0,0,1
2636,0,"[61, 49, 209, 0]",-1,0,0,0,1
2637,0,"[6, 85, 202, 0]",-1,0,0,0,1
2638,0,"[18, 23, 235, 0]",-1,0,0,0,1
2639,0,"[54, 28, 222, 0]",-1,0,0,0,1
2640,0,"[59, 102, 138, 0]",-1,0,0,0,1
2641,0,"[16, 79, 208, 0]",-1,0,0,0,1
2642,0,"[38, 84, 192, 0]",-1,0,0,0,1
2643,0,"[43, 33, 140, 0]",-1,0,0,0,1
2644,0,"[51, 79, 41, 0]",-1,0,0,0,1
2645,0,"[34, 122, 193, 0]",-1,0,0,0,1
2646,0,"[42, 23, 164, 0]",-1,0,0,0,1
2647,0,"[18, 60, 117, 0]",-1,0,0,0,1
2648,0,"[34, 35, 107, 0]",-1,0,0,0,1
2649,0,"[8, 85, 89, 0]",-1,0,0,0,1
2650,0,"[7, 29, 149, 0]",-1,0,0,0,1
2651,0,"[1, 109, 10, 0]",-1,0,0,0,1
2652,0,"[29, 4, 245, 0]",-1,0,0,0,1
2653,0,"[53, 116, 175, 0]",-1,0,0,0,1
2654,0,"[17, 96, 63, 0]",-1,0,0,0,1
2655,0,"[63, 76, 229, 0]",-1,0,0,0,1
2656,0,"[47, 104, 41, 0]",-1,0,0,0,1
2657,0,"[47, 46, 174, 0]",-1,0,0,0,1
2658,0,"[14, 44, 140, 0]",-1,0,0,0,1
2659,0,"[7, 50, 34, 0]",-1,0,0,0,1
2660,0,"[32, 20, 59, 0]",-1,0,0,0,1
2661,0,"[16, 103, 241, 0]",-1,0,0,0,1
2662,0,"[7, 88, 59, 0]",-1,0,0,0,1
2663,0,"[4, 69, 33, 0]",-1,0,0,0,1
2664,0,"[23, 21, 165, 0]",-1,0,0,0,1
2665,0,"[61, 64, 170, 0]",-1,0,0,0,1
2666,0,"[48, 102, 185, 0]",-1,0,0,0,1
2667,0,"[24, 24, 239, 0]",-1,0,0,0,1
2668,0,"[55, 16, 52, 0]",-1,0,0,0,1
2669,0,"[61, 3, 234, 0]",-1,0,0,0,1
2670,0,"[3, 102, 167, 0]",-1,0,0,0,1
2671,0,"[60, 19, 163, 0]",-1,0,0,0,1
2672,0,"[47, 90, 69, 0]",-1,0,0,0,1
2673,0,"[44, 105, 21, 0]",-1,0,0,0,1
2674,0,"[49, 83, 100, 0]",-1,0,0,0,1
2675,0,"[35, 38, 114, 0]",-1,0,0,0,1
2676,0,"[52, 75, 244, 0]",-1,0,0,0,1
2677,0,"[39, 57, 170, 0]",-1,0,0,0,1
2678,0,"[27, 87, 28, 0]",-1,0,0,0,1
2679,0,"[59, 72, 117, 0]",-1,0,0,0,1
2680,0,"[29, 10, 134, 0]",-1,0,0,0,1
2681,0,"[24, 35, 14, 0]",-1,0,0,0,1
2682,0,"[46, 103, 96, 0]",-1,0,0,0,1
2683,0,"[24, 61, 118, 0]",-1,0,0,0,1
2684,0,"[42, 73, 3, 0]",-1,0,0,0,1
2685,0,"[34, 71, 235, 0]",-1,0,0,0,1
2686,0,"[40, 48, 45, 0]",-1,0,0,0,1
2687,0,"[24, 61, 118, 0]",-1,0,0,0,1
2688,0,"[61, 108, 117, 0]",-1,0,0,0,1
2689,0,"[48, 127, 235, 0]",-1,0,0,0,1
2690,0,"[62, 41, 137, 0]",-1,0,0,0,1
2691,0,"[7, 26, 175, 0]",-1,0,0,0,1
2692,0,"[6, 85, 202, 0]",-1,0,0,0,1
2693,0,"[4, 43, 15, 0]",-1,0,0,0,1
2694,0,"[28, 71, 117, 0]",-1,0,0,0,1
2695,0,"[4, 87, 29, 0]",-1,0,0,0,1
2696,0,"[38, 84, 192, 0]",-1,0,0,0,1
2697,0,"[16, 100, 123, 0]",-1,0,0,0,1
2698,0,"[24, 20, 135, 0]",-1,0,0,0,1
2699,0,"[3, 7, 162, 0]",-1,0,0,0,1
2700,0,"[62, 85, 230, 0]",-1,0,0,0,1
2701,0,"[11, 58, 210, 0]",-1,0,0,0,1
2702,0,"[56, 28, 65, 0]",-1,0,0,0,1
2703,0,"[8, 79, 116, 0]",-1,0,0,0,1
2704,0,"[16, 36, 75, 0]",-1,0,0,0,1
2705,0,"[23, 124, 255, 0]",-1,0,0,0,1
2706,0,"[36, 42, 143, 0]",-1,0,0,0,1
2707,0,"[14, 85, 201, 0]",-1,0,0,0,1
2708,0,"[18, 69, 95, 0]",-1,0,0,0,1
2709,0,"[14, 5, 0, 0]",-1,0,0,0,1
2710,0,"[61, 36, 30, 0]",-1,0,0,0,1
2711,0,"[13, 122, 97, 0]",-1,0,0,0,1
2712,0,"[44, 84, 74, 0]",-1,0,0,0,1
2713,0,"[10, 61, 64, 0]",-1,0,0,0,1
2714,0,"[46, 85, 42, 0]",-1,0,0,0,1
2715,0,"[38, 84, 192, 0]",-1,0,0,0,1
2716,0,"[58, 78, 128, 0]",-1,0,0,0,1
2717,0,"[39, 103, 163, 0]",-1,0,0,0,1
2718,0,"[33, 84, 183, 0]",-1,0,0,0,1
2719,0,"[59, 75, 143, 0]",-1,0,0,0,1
2720,0,"[16, 61, 66, 0]",-1,0,0,0,1
2721,0,"[19, 23, 97, 0]",-1,0,0,0,1
2722,0,"[31, 121, 121, 0]",-1,0,0,0,1
2723,0,"[39, 57, 29, 0]",-1,0,0,0,1
2724,0,"[59, 22, 229, 0]",-1,0,0,0,1
2725,0,"[6, 78, 151, 0]",-1,0,0,0,1
2726,0,"[49, 23, 151, 0]",-1,0,0,0,1
2727,0,"[24, 62, 215, 0]",-1,0,0,0,1
2728,0,"[43, 59, 86, 0]",-1,0,0,0,1
2729,0,"[7, 116, 131, 0]",-1,0,0,0,1
2730,0,"[58, 78, 243, 0]",-1,0,0,0,1
2731,0,"[56, 10, 6, 0]",-1,0,0,0,1
2732,0,"[30, 30, 169, 0]",-1,0,0,0,1
2733,0,"[60, 108, 15, 0]",-1,0,0,0,1
2734,0,"[58, 96, 183, 0]",-1,0,0,0,1
2735,0,"[39, 30, 156, 0]",-1,0,0,0,1
2736,0,"[19, 41, 12, 0]",-1,0,0,0,1
2737,0,"[30, 68, 124, 0]",-1,0,0,0,1
2738,0,"[16, 61, 201, 0]",-1,0,0,0,1
2739,0,"[7, 116, 131, 0]",-1,0,0,0,1
2740,0,"[10, 12, 98, 0]",-1,0,0,0,1
2741,0,"[9, 18, 222, 0]",-1,0,0,0,1
2742,0,"[61, 21, 244, 0]",-1,0,0,0,1
2743,0,"[22, 62, 226, 0]",-1,0,0,0,1
2744,0,"[19, 76, 218, 0]",-1,0,0,0,1
2745,0,"[44, 80, 151, 0]",-1,0,0,0,1
2746,0,"[39, 27, 160, 0]",-1,0,0,0,1
2747,0,"[1, 84, 51, 0]",-1,0,0,0,1
2748,0,"[63, 76, 229, 0]",-1,0,0,0,1
2749,0,"[16, 78, 83, 0]",-1,0,0,0,1
2750,0,"[39, 80, 201, 0]",-1,0,0,0,1
2751,0,"[35, 18, 171, 0]",-1,0,0,0,1
2752,0,"[33, 87, 54, 0]",-1,0,0,0,1
2753,0,"[44, 112, 119, 0]",-1,0,0,0,1
2754,0,"[4, 126, 212, 0]",-1,0,0,0,1
2755,0,"[54, 3, 67, 0]",-1,0,0,0,1
2756,0,"[59, 52, 20, 0]",-1,0,0,0,1
2757,0,"[56, 101, 190, 0]",-1,0,0,0,1
2758,0,"[31, 49, 67, 0]",-1,0,0,0,1
2759,0,"[10, 103, 203, 0]",-1,0,0,0,1
2760,0,"[42, 109, 138, 0]",-1,0,0,0,1
2761,0,"[16, 53, 214, 0]",-1,0,0,0,1
2762,0,"[2, 117, 122, 0]",-1,0,0,0,1
2763,0,"[63, 101, 10, 0]",-1,0,0,0,1
2764,0,"[62, 108, 122, 0]",-1,0,0,0,1
2765,0,"[14, 119, 200, 0]",-1,0,0,0,1
2766,0,"[37, 30, 254, 0]",-1,0,0,0,1
2767,0,"[6, 46, 195, 0]",-1,0,0,0,1
2768,0,"[6, 33, 49, 0]",-1,0,0,0,1
2769,0,"[43, 59, 58, 0]",-1,0,0,0,1
2770,0,"[25, 106, 238, 0]",-1,0,0,0,1
2771,0,"[44, 94, 175, 0]",-1,0,0,0,1
2772,0,"[6, 85, 202, 0]",-1,0,0,0,1
2773,0,"[22, 70, 175, 0]",-1,0,0,0,1
2774,0,"[38, 85, 94, 0]",-1,0,0,0,1
2775,0,"[16, 53, 174, 0]",-1,0,0,0,1
2776,0,"[58, 29, 154, 0]",-1,0,0,0,1
2777,0,"[36, 18, 74, 0]",-1,0,0,0,1
2778,0,"[4, 87, 29, 0]",-1,0,0,0,1
2779,0,"[23, 64, 210, 0]",-1,0,0,0,1
2780,0,"[31, 29, 178, 0]",-1,0,0,0,1
2781,0,"[34, 85, 22, 0]",-1,0,0,0,1
2782,0,"[52, 34, 236, 0]",-1,0,0,0,1
2783,0,"[26, 101, 108, 0]",-1,0,0,0,1
2784,0,"[38, 74, 151, 0]",-1,0,0,0,1
2785,0,"[33, 86, 92, 0]",-1,0,0,0,1
2786,0,"[19, 89, 94, 0]",-1,0,0,0,1
2787,0,"[16, 88, 208, 0]",-1,0,0,0,1
2788,0,"[54, 38, 225, 0]",-1,0,0,0,1
2789,0,"[52, 38, 10, 0]",-1,0,0,0,1
2790,0,"[0, 88, 39, 0]",-1,0,0,1,1
2791,0,"[42, 66, 13, 0]",-1,0,0,0,1
2792,0,"[22, 22, 31, 0]",-1,0,0,0,1
2793,0,"[54, 38, 225, 0]",-1,0,0,0,1
2794,0,"[2, 70, 148, 0]",-1,0,0,0,1
2795,0,"[57, 94, 161, 0]",-1,0,0,0,1
2796,0,"[55, 119, 58, 0]",-1,0,0,0,1
2797,0,"[22, 11, 51, 0]",-1,0,0,0,1
2798,0,"[4, 86, 52, 0]",-1,0,0,0,1
2799,0,"[31, 75, 67, 0]",-1,0,0,0,1
2800,0,"[56, 54, 223, 0]",-1,0,0,0,1
2801,0,"[21, 16, 101, 0]",-1,0,0,0,1
2802,0,"[4, 30, 169, 0]",-1,0,0,0,1
2803,0,"[45, 126, 142, 0]",-1,0,0,0,1
2804,0,"[0, 115, 179, 0]",-1,0,0,1,1
2805,0,"[61, 83, 240, 0]",-1,0,0,0,1
2806,0,"[52, 38, 10, 0]",-1,0,0,0,1
2807,0,"[17, 5, 87, 0]",-1,0,0,0,1
2808,0,"[38, 125, 209, 0]",-1,0,0,0,1
2809,0,"[27, 3, 110, 0]",-1,0,0,0,1
2810,0,"[41, 111, 14, 0]",-1,0,0,0,1
2811,0,"[47, 78, 147, 0]",-1,0,0,0,1
2812,0,"[32, 20, 43, 0]",-1,0,0,0,1
2813,0,"[48, 53, 84, 0]",-1,0,0,0,1
2814,0,"[29, 4, 42, 0]",-1,0,0,0,1
2815,0,"[62, 69, 205, 0]",-1,0,0,0,1
2816,0,"[5, 60, 28, 0]",-1,0,0,0,1
2817,0,"[38, 74, 151, 0]",-1,0,0,0,1
2818,0,"[28, 38, 136, 0]",-1,0,0,0,1
2819,0,"[16, 61, 186, 0]",-1,0,0,0,1
2820,0,"[0, 84, 17, 0]",-1,0,0,1,1
2821,0,"[26, 62, 10, 0]",-1,0,0,0,1
2822,0,"[6, 94, 211, 0]",-1,0,0,0,1
2823,0,"[51, 14, 89, 0]",-1,0,0,0,1
2824,0,"[41, 33, 53, 0]",-1,0,0,0,1
2825,0,"[55, 75, 187, 0]",-1,0,0,0,1
2826,0,"[23, 2, 158, 0]",-1,0,0,0,1
2827,0,"[46, 66, 85, 0]",-1,0,0,0,1
2828,0,"[51, 2, 233, 0]",-1,0,0,0,1
2829,0,"[13, 94, 160, 0]",-1,0,0,0,1
2830,0,"[5, 28, 147, 0]",-1,0,0,0,1
2831,0,"[39, 114, 226, 0]",-1,0,0,0,1
2832,0,"[7, 4, 55, 0]",-1,0,0,0,1
2833,0,"[17, 76, 73, 0]",-1,0,0,0,1
2834,0,"[61, 50, 117, 0]",-1,0,0,0,1
2835,0,"[33, 50, 167, 0]",-1,0,0,0,1
2836,0,"[60, 70, 55, 0]",-1,0,0,0,1
2837,0,"[4, 69, 53, 0]",-1,0,0,0,1
2838,0,"[60, 11, 5, 0]",-1,0,0,0,1
2839,0,"[10, 88, 224, 0]",-1,0,0,0,1
2840,0,"[13, 83, 165, 0]",-1,0,0,0,1
2841,0,"[13, 43, 42, 0]",-1,0,0,0,1
2842,0,"[22, 33, 93, 0]",-1,0,0,0,1
2843,0,"[4, 22, 239, 0]",-1,0,0,0,1
2844,0,"[16, 59, 242, 0]",-1,0,0,0,1
2845,0,"[49, 111, 23, 0]",-1,0,0,0,1
2846,0,"[50, 124, 123, 0]",-1,0,0,0,1
2847,0,"[0, 87, 17, 0]",-1,0,0,1,1
2848,0,"[38, 74, 151, 0]",-1,0,0,0,1
2849,0,"[46, 55, 139, 0]",-1,0,0,0,1
2850,0,"[16, 19, 83, 0]",-1,0,0,0,1
2851,0,"[17, 122, 12, 0]",-1,0,0,0,1
2852,0,"[9, 69, 255, 0]",-1,0,0,0,1
2853,0,"[4, 0, 215, 0]",-1,0,0,0,1
2854,0,"[53, 58, 224, 0]",-1,0,0,0,1
2855,0,"[61, 108, 250, 0]",-1,0,0,0,1
2856,0,"[3, 26, 123, 0]",-1,0,0,0,1
2857,0,"[13, 84, 171, 0]",-1,0,0,0,1
2858,0,"[44, 100, 114, 0]",-1,0,0,0,1
2859,0,"[13, 28, 99, 0]",-1,0,0,0,1
2860,0,"[42, 25, 14, 0]",-1,0,0,0,1
2861,0,"[45, 96, 216, 0]",-1,0,0,0,1
2862,0,"[45, 120, 99, 0]",-1,0,0,0,1
2863,0,"[20, 120, 45, 0]",-1,0,0,0,1
2864,0,"[44, 26, 126, 0]",-1,0,0,0,1
2865,0,"[49, 67, 23, 0]",-1,0,0,0,1
2866,0,"[5, 126, 125, 0]",-1,0,0,0,1
2867,0,"[46, 24, 42, 0]",-1,0,0,0,1
2868,0,"[4, 94, 76, 0]",-1,0,0,0,1
2869,0,"[62, 111, 123, 0]",-1,0,0,0,1
2870,0,"[36, 113, 217, 0]",-1,0,0,0,1
2871,0,"[63, 4, 158, 0]",-1,0,0,0,1
2872,0,"[38, 84, 192, 0]",-1,0,0,0,1
2873,0,"[30, 79, 96, 0]",-1,0,0,0,1
2874,0,"[36, 44, 9, 0]",-1,0,0,0,1
2875,0,"[4, 43, 15, 0]",-1,0,0,0,1
2876,0,"[38, 116, 163, 0]",-1,0,0,0,1
2877,0,"[63, 12, 180, 0]",-1,0,0,0,1
2878,0,"[55, 100, 104, 0]",-1,0,0,0,1
2879,0,"[58, 92, 239, 0]",-1,0,0,0,1
2880,0,"[16, 44, 181, 0]",-1,0,0,0,1
2881,0,"[17, 124, 105, 0]",-1,0,0,0,1
2882,0,"[4, 22, 239, 0]",-1,0,0,0,1
2883,0,"[21, 29, 65, 0]",-1,0,0,0,1
2884,0,"[27, 32, 149, 0]",-1,0,0,0,1
2885,0,"[46, 52, 241, 0]",-1,0,0,0,1
2886,0,"[23, 73, 229, 0]",-1,0,0,0,1
2887,0,"[0, 80, 172, 0]",-1,0,0,1,1
2888,0,"[54, 123, 228, 0]",-1,0,0,0,1
2889,0,"[34, 16, 244, 0]",-1,0,0,0,1
2890,0,"[3, 2, 81, 0]",-1,0,0,0,1
2891,0,"[5, 60, 190, 0]",-1,0,0,0,1
2892,0,"[16, 61, 201, 0]",-1,0,0,0,1
2893,0,"[52, 117, 205, 0]",-1,0,0,0,1
2894,0,"[59, 52, 128, 0]",-1,0,0,0,1
2895,0,"[8, 67, 138, 0]",-1,0,0,0,1
2896,0,"[33, 86, 48, 0]",-1,0,0,0,1
2897,0,"[61, 102, 34, 0]",-1,0,0,0,1
2898,0,"[38, 100, 180, 0]",-1,0,0,0,1
2899,0,"[4, 43, 15, 0]",-1,0,0,0,1
2900,0,"[4, 64, 13, 0]",-1,0,0,0,1
2901,0,"[55, 7, 175, 0]",-1,0,0,0,1
2902,0,"[35, 41, 63, 0]",-1,0,0,0,1
2903,0,"[51, 79, 41, 0]",-1,0,0,0,1
2904,0,"[49, 87, 200, 0]",-1,0,0,0,1
2905,0,"[5, 60, 187, 0]",-1,0,0,0,1
2906,0,"[12, 62, 85, 0]",-1,0,0,0,1
2907,0,"[0, 15, 127, 0]",-1,0,0,1,1
2908,0,"[6, 43, 149, 0]",-1,0,0,0,1
2909,0,"[25, 18, 123, 0]",-1,0,0,0,1
2910,0,"[13, 11, 40, 0]",-1,0,0,0,1
2911,0,"[38, 58, 42, 0]",-1,0,0,0,1
2912,0,"[0, 127, 175, 0]",-1,0,0,1,1
2913,0,"[9, 91, 3, 0]",-1,0,0,0,1
2914,0,"[19, 89, 94, 0]",-1,0,0,0,1
2915,0,"[58, 109, 130, 0]",-1,0,0,0,1
2916,0,"[42, 58, 160, 0]",-1,0,0,0,1
2917,0,"[27, 87, 28, 0]",-1,0,0,0,1
2918,0,"[62, 49, 162, 0]",-1,0,0,0,1
2919,0,"[39, 40, 73, 0]",-1,0,0,0,1
2920,0,"[38, 84, 192, 0]",-1,0,0,0,1
2921,0,"[19, 100, 195, 0]",-1,0,0,0,1
2922,0,"[42, 97, 4, 0]",-1,0,0,0,1
2923,0,"[53, 78, 237, 0]",-1,0,0,0,1
2924,0,"[52, 15, 193, 0]",-1,0,0,0,1
2925,0,"[37, 25, 225, 0]",-1,0,0,0,1
2926,0,"[61, 111, 92, 0]",-1,0,0,0,1
2927,0,"[39, 126, 201, 0]",-1,0,0,0,1
2928,0,"[3, 102, 153, 0]",-1,0,0,0,1
2929,0,"[44, 33, 23, 0]",-1,0,0,0,1
2930,0,"[10, 10, 167, 0]",-1,0,0,0,1
2931,0,"[5, 41, 87, 0]",-1,0,0,0,1
2932,0,"[58, 100, 206, 0]",-1,0,0,0,1
2933,0,"[27, 32, 20, 0]",-1,0,0,0,1
2934,0,"[44, 100, 68, 0]",-1,0,0,0,1
2935,0,"[20, 113, 242, 0]",-1,0,0,0,1
2936,0,"[59, 72, 117, 0]",-1,0,0,0,1
2937,0,"[0, 42, 153, 0]",-1,0,0,1,1
2938,0,"[10, 127, 196, 0]",-1,0,0,0,1
2939,0,"[58, 78, 243, 0]",-1,0,0,0,1
2940,0,"[46, 90, 49, 0]",-1,0,0,0,1
2941,0,"[4, 125, 145, 0]",-1,0,0,0,1
2942,0,"[7, 115, 89, 0]",-1,0,0,0,1
2943,0,"[44, 29, 108, 0]",-1,0,0,0,1
2944,0,"[46, 14, 32, 0]",-1,0,0,0,1
2945,0,"[8, 50, 163, 0]",-1,0,0,0,1
2946,0,"[7, 70, 234, 0]",-1,0,0,0,1
2947,0,"[30, 86, 160, 0]",-1,0,0,0,1
2948,0,"[30, 81, 141, 0]",-1,0,0,0,1
2949,0,"[50, 87, 90, 0]",-1,0,0,0,1
2950,0,"[3, 101, 46, 0]",-1,0,0,0,1
2951,0,"[16, 100, 162, 0]",-1,0,0,0,1
2952,0,"[27, 29, 179, 0]",-1,0,0,0,1
2953,0,"[55, 111, 231, 0]",-1,0,0,0,1
2954,0,"[15, 19, 90, 0]",-1,0,0,0,1
2955,0,"[35, 44, 196, 0]",-1,0,0,0,1
2956,0,"[12, 91, 193, 0]",-1,0,0,0,1
2957,0,"[49, 71, 59, 0]",-1,0,0,0,1
2958,0,"[57, 46, 157, 0]",-1,0,0,0,1
2959,0,"[3, 37, 133, 0]",-1,0,0,0,1
2960,0,"[32, 51, 198, 0]",-1,0,0,0,1
2961,0,"[58, 112, 152, 0]",-1,0,0,0,1
2962,0,"[48, 2, 64, 0]",-1,0,0,0,1
2963,0,"[1, 112, 63, 0]",-1,0,0,0,1
2964,0,"[33, 20, 230, 0]",-1,0,0,0,1
2965,0,"[58, 85, 205, 0]",-1,0,0,0,1
2966,0,"[3, 40, 148, 0]",-1,0,0,0,1
2967,0,"[16, 8, 188, 0]",-1,0,0,0,1
2968,0,"[33, 41, 142, 0]",-1,0,0,0,1
2969,0,"[37, 60, 27, 0]",-1,0,0,0,1
2970,0,"[16, 100, 162, 0]",-1,0,0,0,1
2971,0,"[56, 107, 12, 0]",-1,0,0,0,1
2972,0,"[22, 88, 155, 0]",-1,0,0,0,1
2973,0,"[16, 19, 83, 0]",-1,0,0,0,1
2974,0,"[44, 113, 9, 0]",-1,0,0,0,1
2975,0,"[63, 76, 229, 0]",-1,0,0,0,1
2976,0,"[19, 53, 133, 0]",-1,0,0,0,1
2977,0,"[62, 34, 248, 0]",-1,0,0,0,1
2978,0,"[1, 47, 69, 0]",-1,0,0,0,1
2979,0,"[4, 66, 3, 0]",-1,0,0,0,1
2980,0,"[49, 23, 67, 0]",-1,0,0,0,1
2981,0,"[38, 17, 145, 0]",-1,0,0,0,1
2982,0,"[60, 68, 1, 0]",-1,0,0,0,1
2983,0,"[51, 70, 20, 0]",-1,0,0,0,1
2984,0,"[58, 59, 225, 0]",-1,0,0,0,1
2985,0,"[14, 44, 140, 0]",-1,0,0,0,1
2986,0,"[44, 29, 108, 0]",-1,0,0,0,1
2987,0,"[0, 111, 192, 0]",-1,0,0,1,1
2988,0,"[39, 42, 4, 0]",-1,0,0,0,1
2989,0,"[58, 116, 76, 0]",-1,0,0,0,1
2990,0,"[35, 102, 95, 0]",-1,0,0,0,1
2991,0,"[38, 74, 2, 0]",-1,0,0,0,1
2992,0,"[13, 71, 133, 0]",-1,0,0,0,1
2993,0,"[43, 75, 165, 0]",-1,0,0,0,1
2994,0,"[22, 62, 69, 0]",-1,0,0,0,1
2995,0,"[35, 30, 224, 0]",-1,0,0,0,1
2996,0,"[49, 115, 193, 0]",-1,0,0,0,1
2997,0,"[54, 53, 175, 0]",-1,0,0,0,1
2998,0,"[52, 51, 28, 0]",-1,0,0,0,1
2999,0,"[61, 64, 170, 0]",-1,0,0,0,1
3000,0,"[33, 86, 48, 0]",-1,0,0,0,1
3001,0,"[4, 119, 18, 0]",-1,0,0,0,1
3002,0,"[61, 27, 151, 0]",-1,0,0,0,1
3003,0,"[52, 98, 141, 0]",-1,0,0,0,1
3004,0,"[38, 74, 2, 0]",-1,0,0,0,1
3005,0,"[24, 61, 118, 0]",-1,0,0,0,1
3006,0,"[61, 4, 107, 0]",-1,0,0,0,1
3007,0,"[9, 75, 36, 0]",-1,0,0,0,1
3008,0,"[18, 79, 205, 0]",-1,0,0,0,1
3009,0,"[59, 95, 57, 0]",-1,0,0,0,1
3010,0,"[1, 123, 38, 0]",-1,0,0,0,1
3011,0,"[22, 125, 191, 0]",-1,0,0,0,1
3012,0,"[41, 45, 140, 0]",-1,0,0,0,1
3013,0,"[55, 54, 180, 0]",-1,0,0,0,1
3014,0,"[44, 74, 60, 0]",-1,0,0,0,1
3015,0,"[58, 38, 168, 0]",-1,0,0,0,1
3016,0,"[56, 89, 4, 0]",-1,0,0,0,1
3017,0,"[6, 78, 180, 0]",-1,0,0,0,1
3018,0,"[62, 98, 45, 0]",-1,0,0,0,1
3019,0,"[49, 82, 98, 0]",-1,0,0,0,1
3020,0,"[5, 13, 78, 0]",-1,0,0,0,1
3021,0,"[35, 64, 202, 0]",-1,0,0,0,1
3022,0,"[35, 30, 224, 0]",-1,0,0,0,1
3023,0,"[9, 18, 107, 0]",-1,0,0,0,1
3024,0,"[44, 47, 54, 0]",-1,0,0,0,1
3025,0,"[53, 70, 254, 0]",-1,0,0,0,1
3026,0,"[55, 89, 154, 0]",-1,0,0,0,1
3027,0,"[5, 121, 18, 0]",-1,0,0,0,1
3028,0,"[6, 42, 140, 0]",-1,0,0,0,1
3029,0,"[16, 19, 83, 0]",-1,0,0,0,1
3030,0,"[10, 127, 104, 0]",-1,0,0,0,1
3031,0,"[33, 30, 42, 0]",-1,0,0,0,1
3032,0,"[39, 103, 76, 0]",-1,0,0,0,1
3033,0,"[62, 50, 203, 0]",-1,0,0,0,1
3034,0,"[12, 0, 102, 0]",-1,0,0,0,1
3035,0,"[58, 84, 172, 0]",-1,0,0,0,1
3036,0,"[46, 10, 55, 0]",-1,0,0,0,1
3037,0,"[63, 76, 229, 0]",-1,0,0,0,1
3038,0,"[56, 127, 120, 0]",-1,0,0,0,1
3039,0,"[8, 52, 163, 0]",-1,0,0,0,1
3040,0,"[59, 126, 160, 0]",-1,0,0,0,1
3041,0,"[16, 111, 218, 0]",-1,0,0,0,1
3042,0,"[16, 26, 27, 0]",-1,0,0,0,1
3043,0,"[18, 104, 249, 0]",-1,0,0,0,1
3044,0,"[25, 61, 236, 0]",-1,0,0,0,1
3045,0,"[14, 28, 190, 0]",-1,0,0,0,1
3046,0,"[38, 118, 190, 0]",-1,0,0,0,1
3047,0,"[62, 33, 148, 0]",-1,0,0,0,1
3048,0,"[52, 88, 169, 0]",-1,0,0,0,1
3049,0,"[49, 63, 1, 0]",-1,0,0,0,1
3050,0,"[47, 120, 82, 0]",-1,0,0,0,1
3051,0,"[44, 98, 244, 0]",-1,0,0,0,1
3052,0,"[59, 111, 237, 0]",-1,0,0,0,1
3053,0,"[0, 116, 25, 0]",-1,0,0,1,1
3054,0,"[62, 15, 47, 0]",-1,0,0,0,1
3055,0,"[23, 71, 221, 0]",-1,0,0,0,1
3056,0,"[51, 64, 165, 0]",-1,0,0,0,1
3057,0,"[52, 71, 80, 0]",-1,0,0,0,1
3058,0,"[55, 22, 216, 0]",-1,0,0,0,1
3059,0,"[43, 16, 100, 0]",-1,0,0,0,1
3060,0,"[14, 66, 216, 0]",-1,0,0,0,1
3061,0,"[46, 1, 202, 0]",-1,0,0,0,1
3062,0,"[4, 114, 193, 0]",-1,0,0,0,1
3063,0,"[38, 74, 2, 0]",-1,0,0,0,1
3064,0,"[55, 29, 83, 0]",-1,0,0,0,1
3065,0,"[29, 66, 58, 0]",-1,0,0,0,1
3066,0,"[14, 127, 68, 0]",-1,0,0,0,1
3067,0,"[54, 123, 36, 0]",-1,0,0,0,1
3068,0,"[36, 14, 73, 0]",-1,0,0,0,1
3069,0,"[36, 4, 214, 0]",-1,0,0,0,1
3070,0,"[9, 66, 208, 0]",-1,0,0,0,1
3071,0,"[22, 111, 118, 0]",-1,0,0,0,1
3072,0,"[58, 53, 44, 0]",-1,0,0,0,1
3073,0,"[32, 63, 128, 0]",-1,0,0,0,1
3074,0,"[4, 27, 223, 0]",-1,0,0,0,1
3075,0,"[12, 56, 132, 0]",-1,0,0,0,1
3076,0,"[32, 37, 80, 0]",-1,0,0,0,1
3077,0,"[6, 85, 202, 0]",-1,0,0,0,1
3078,0,"[31, 49, 67, 0]",-1,0,0,0,1
3079,0,"[13, 33, 12, 0]",-1,0,0,0,1
3080,0,"[52, 75, 145, 0]",-1,0,0,0,1
3081,0,"[19, 13, 98, 0]",-1,0,0,0,1
3082,0,"[7, 26, 175, 0]",-1,0,0,0,1
3083,0,"[18, 64, 254, 0]",-1,0,0,0,1
3084,0,"[31, 1, 99, 0]",-1,0,0,0,1
3085,0,"[42, 40, 89, 0]",-1,0,0,0,1
3086,0,"[53, 60, 0, 0]",-1,0,0,0,1
3087,0,"[41, 59, 175, 0]",-1,0,0,0,1
3088,0,"[51, 125, 162, 0]",-1,0,0,0,1
3089,0,"[33, 124, 26, 0]",-1,0,0,0,1
3090,0,"[51, 125, 162, 0]",-1,0,0,0,1
3091,0,"[58, 20, 129, 0]",-1,0,0,0,1
3092,0,"[33, 49, 97, 0]",-1,0,0,0,1
3093,0,"[59, 72, 117, 0]",-1,0,0,0,1
3094,0,"[15, 127, 37, 0]",-1,0,0,0,1
3095,0,"[58, 16, 68, 0]",-1,0,0,0,1
3096,0,"[46, 120, 22, 0]",-1,0,0,0,1
3097,0,"[5, 40, 159, 0]",-1,0,0,0,1
3098,0,"[4, 87, 29, 0]",-1,0,0,0,1
3099,0,"[1, 125, 150, 0]",-1,0,0,0,1
3100,0,"[42, 16, 118, 0]",-1,0,0,0,1
3101,0,"[34, 94, 14, 0]",-1,0,0,0,1
3102,0,"[37, 94, 58, 0]",-1,0,0,0,1
3103,0,"[63, 100, 69, 0]",-1,0,0,0,1
3104,0,"[61, 38, 172, 0]",-1,0,0,0,1
3105,0,"[20, 100, 149, 0]",-1,0,0,0,1
3106,0,"[14, 115, 3, 0]",-1,0,0,0,1
3107,0,"[0, 54, 72, 0]",-1,0,0,1,1
3108,0,"[2, 12, 3, 0]",-1,0,0,0,1
3109,0,"[36, 42, 210, 0]",-1,0,0,0,1
3110,0,"[13, 13, 12, 0]",-1,0,0,0,1
3111,0,"[44, 43, 1, 0]",-1,0,0,0,1
3112,0,"[58, 38, 168, 0]",-1,0,0,0,1
3113,0,"[7, 72, 63, 0]",-1,0,0,0,1
3114,0,"[14, 119, 200, 0]",-1,0,0,0,1
3115,0,"[51, 126, 18, 0]",-1,0,0,0,1
3116,0,"[56, 63, 37, 0]",-1,0,0,0,1
3117,0,"[20, 52, 195, 0]",-1,0,0,0,1
3118,0,"[2, 25, 99, 0]",-1,0,0,0,1
3119,0,"[3, 58, 88, 0]",-1,0,0,0,1
3120,0,"[16, 100, 162, 0]",-1,0,0,0,1
3121,0,"[63, 26, 62, 0]",-1,0,0,0,1
3122,0,"[44, 30, 18, 0]",-1,0,0,0,1
3123,0,"[16, 114, 19, 0]",-1,0,0,0,1
3124,0,"[33, 31, 98, 0]",-1,0,0,0,1
3125,0,"[10, 57, 208, 0]",-1,0,0,0,1
3126,0,"[38, 125, 209, 0]",-1,0,0,0,1
3127,0,"[17, 101, 47, 0]",-1,0,0,0,1
3128,0,"[62, 88, 114, 0]",-1,0,0,0,1
3129,0,"[25, 18, 123, 0]",-1,0,0,0,1
3130,0,"[57, 53, 144, 0]",-1,0,0,0,1
3131,0,"[48, 124, 8, 0]",-1,0,0,0,1
3132,0,"[39, 61, 7, 0]",-1,0,0,0,1
3133,0,"[43, 59, 86, 0]",-1,0,0,0,1
3134,0,"[37, 77, 3, 0]",-1,0,0,0,1
3135,0,"[49, 8, 110, 0]",-1,0,0,0,1
3136,0,"[41, 59, 163, 0]",-1,0,0,0,1
3137,0,"[20, 61, 17, 0]",-1,0,0,0,1
3138,0,"[19, 105, 21, 0]",-1,0,0,0,1
3139,0,"[18, 23, 235, 0]",-1,0,0,0,1
3140,0,"[61, 72, 210, 0]",-1,0,0,0,1
3141,0,"[16, 72, 138, 0]",-1,0,0,0,1
3142,0,"[60, 89, 230, 0]",-1,0,0,0,1
3143,0,"[48, 34, 161, 0]",-1,0,0,0,1
3144,0,"[3, 26, 123, 0]",-1,0,0,0,1
3145,0,"[25, 59, 218, 0]",-1,0,0,0,1
3146,0,"[61, 115, 168, 0]",-1,0,0,0,1
3147,0,"[20, 93, 247, 0]",-1,0,0,0,1
3148,0,"[62, 49, 162, 0]",-1,0,0,0,1
3149,0,"[12, 96, 245, 0]",-1,0,0,0,1
3150,0,"[16, 29, 87, 0]",-1,0,0,0,1
3151,0,"[52, 38, 10, 0]",-1,0,0,0,1
3152,0,"[6, 78, 180, 0]",-1,0,0,0,1
3153,0,"[54, 113, 158, 0]",-1,0,0,0,1
3154,0,"[52, 38, 10, 0]",-1,0,0,0,1
3155,0,"[37, 60, 27, 0]",-1,0,0,0,1
3156,0,"[43, 13, 157, 0]",-1,0,0,0,1
3157,0,"[54, 24, 231, 0]",-1,0,0,0,1
3158,0,"[10, 14, 46, 0]",-1,0,0,0,1
3159,0,"[27, 35, 249, 0]",-1,0,0,0,1
3160,0,"[40, 100, 251, 0]",-1,0,0,0,1
3161,0,"[34, 69, 8, 0]",-1,0,0,0,1
3162,0,"[54, 123, 232, 0]",-1,0,0,0,1
3163,0,"[43, 19, 218, 0]",-1,0,0,0,1
3164,0,"[35, 14, 95, 0]",-1,0,0,0,1
3165,0,"[49, 105, 231, 0]",-1,0,0,0,1
3166,0,"[45, 57, 200, 0]",-1,0,0,0,1
3167,0,"[34, 60, 43, 0]",-1,0,0,0,1
3168,0,"[42, 36, 53, 0]",-1,0,0,0,1
3169,0,"[2, 12, 3, 0]",-1,0,0,0,1
3170,0,"[32, 37, 80, 0]",-1,0,0,0,1
3171,0,"[51, 80, 192, 0]",-1,0,0,0,1
3172,0,"[18, 109, 179, 0]",-1,0,0,0,1
3173,0,"[27, 62, 199, 0]",-1,0,0,0,1
3174,0,"[18, 79, 205, 0]",-1,0,0,0,1
3175,0,"[49, 36, 248, 0]",-1,0,0,0,1
3176,0,"[3, 58, 29, 0]",-1,0,0,0,1
3177,0,"[29, 5, 251, 0]",-1,0,0,0,1
3178,0,"[38, 85, 94, 0]",-1,0,0,0,1
3179,0,"[60, 19, 163, 0]",-1,0,0,0,1
3180,0,"[38, 6, 89, 0]",-1,0,0,0,1
3181,0,"[25, 18, 123, 0]",-1,0,0,0,1
3182,0,"[39, 49, 226, 0]",-1,0,0,0,1
3183,0,"[9, 84, 145, 0]",-1,0,0,0,1
3184,0,"[16, 103, 190, 0]",-1,0,0,0,1
3185,0,"[39, 88, 242, 0]",-1,0,0,0,1
3186,0,"[27, 100, 128, 0]",-1,0,0,0,1
3187,0,"[45, 57, 166, 0]",-1,0,0,0,1
3188,0,"[15, 62, 87, 0]",-1,0,0,0,1
3189,0,"[35, 116, 216, 0]",-1,0,0,0,1
3190,0,"[55, 29, 83, 0]",-1,0,0,0,1
3191,0,"[1, 85, 186, 0]",-1,0,0,0,1
3192,0,"[11, 47, 119, 0]",-1,0,0,0,1
3193,0,"[43, 26, 253, 0]",-1,0,0,0,1
3194,0,"[23, 18, 253, 0]",-1,0,0,0,1
3195,0,"[61, 83, 231, 0]",-1,0,0,0,1
3196,0,"[30, 68, 50, 0]",-1,0,0,0,1
3197,0,"[49, 81, 81, 0]",-1,0,0,0,1
3198,0,"[13, 28, 140, 0]",-1,0,0,0,1
3199,0,"[11, 11, 97, 0]",-1,0,0,0,1
3200,0,"[42, 111, 167, 0]",-1,0,0,0,1
3201,0,"[35, 90, 95, 0]",-1,0,0,0,1
3202,0,"[9, 75, 111, 0]",-1,0,0,0,1
3203,0,"[62, 41, 95, 0]",-1,0,0,0,1
3204,0,"[45, 26, 146, 0]",-1,0,0,0,1
3205,0,"[27, 0, 157, 0]",-1,0,0,0,1
3206,0,"[47, 67, 180, 0]",-1,0,0,0,1
3207,0,"[33, 98, 51, 0]",-1,0,0,0,1
3208,0,"[18, 64, 254, 0]",-1,0,0,0,1
3209,0,"[4, 68, 214, 0]",-1,0,0,0,1
3210,0,"[51, 67, 197, 0]",-1,0,0,0,1
3211,0,"[54, 71, 228, 0]",-1,0,0,0,1
3212,0,"[5, 96, 242, 0]",-1,0,0,0,1
3213,0,"[14, 123, 233, 0]",-1,0,0,0,1
3214,0,"[37, 97, 129, 0]",-1,0,0,0,1
3215,0,"[53, 91, 197, 0]",-1,0,0,0,1
3216,0,"[51, 82, 67, 0]",-1,0,0,0,1
3217,0,"[3, 13, 44, 0]",-1,0,0,0,1
3218,0,"[51, 126, 198, 0]",-1,0,0,0,1
3219,0,"[6, 63, 249, 0]",-1,0,0,0,1
3220,0,"[34, 110, 13, 0]",-1,0,0,0,1
3221,0,"[30, 11, 204, 0]",-1,0,0,0,1
3222,0,"[38, 74, 2, 0]",-1,0,0,0,1
3223,0,"[18, 27, 92, 0]",-1,0,0,0,1
3224,0,"[23, 91, 110, 0]",-1,0,0,0,1
3225,0,"[48, 66, 40, 0]",-1,0,0,0,1
3226,0,"[42, 25, 14, 0]",-1,0,0,0,1
3227,0,"[62, 9, 212, 0]",-1,0,0,0,1
3228,0,"[58, 38, 168, 0]",-1,0,0,0,1
3229,0,"[18, 78, 23, 0]",-1,0,0,0,1
3230,0,"[22, 33, 103, 0]",-1,0,0,0,1
3231,0,"[38, 84, 192, 0]",-1,0,0,0,1
3232,0,"[47, 29, 113, 0]",-1,0,0,0,1
3233,0,"[51, 62, 234, 0]",-1,0,0,0,1
3234,0,"[16, 19, 83, 0]",-1,0,0,0,1
3235,0,"[55, 100, 93, 0]",-1,0,0,0,1
3236,0,"[30, 68, 50, 0]",-1,0,0,0,1
3237,0,"[38, 51, 84, 0]",-1,0,0,0,1
3238,0,"[54, 78, 33, 0]",-1,0,0,0,1
3239,0,"[4, 43, 15, 0]",-1,0,0,0,1
3240,0,"[38, 124, 217, 0]",-1,0,0,0,1
3241,0,"[63, 37, 137, 0]",-1,0,0,0,1
3242,0,"[44, 112, 119, 0]",-1,0,0,0,1
3243,0,"[10, 12, 98, 0]",-1,0,0,0,1
3244,0,"[43, 12, 231, 0]",-1,0,0,0,1
3245,0,"[3, 68, 150, 0]",-1,0,0,0,1
3246,0,"[54, 40, 136, 0]",-1,0,0,0,1
3247,0,"[42, 12, 85, 0]",-1,0,0,0,1
3248,0,"[5, 60, 84, 0]",-1,0,0,0,1
3249,0,"[24, 82, 236, 0]",-1,0,0,0,1
3250,0,"[4, 87, 29, 0]",-1,0,0,0,1
3251,0,"[57, 126, 212, 0]",-1,0,0,0,1
3252,0,"[4, 53, 211, 0]",-1,0,0,0,1
3253,0,"[25, 84, 96, 0]",-1,0,0,0,1
3254,0,"[60, 7, 66, 0]",-1,0,0,0,1
3255,0,"[32, 95, 167, 0]",-1,0,0,0,1
3256,0,"[31, 93, 92, 0]",-1,0,0,0,1
3257,0,"[49, 64, 177, 0]",-1,0,0,0,1
3258,0,"[5, 103, 237, 0]",-1,0,0,0,1
3259,0,"[25, 17, 81, 0]",-1,0,0,0,1
3260,0,"[16, 29, 152, 0]",-1,0,0,0,1
3261,0,"[26, 42, 25, 0]",-1,0,0,0,1
3262,0,"[36, 80, 148, 0]",-1,0,0,0,1
3263,0,"[10, 112, 246, 0]",-1,0,0,0,1
3264,0,"[32, 11, 235, 0]",-1,0,0,0,1
3265,0,"[25, 93, 234, 0]",-1,0,0,0,1
3266,0,"[1, 13, 128, 0]",-1,0,0,0,1
3267,0,"[59, 111, 167, 0]",-1,0,0,0,1
3268,0,"[42, 25, 14, 0]",-1,0,0,0,1
3269,0,"[48, 53, 84, 0]",-1,0,0,0,1
3270,0,"[49, 118, 129, 0]",-1,0,0,0,1
3271,0,"[38, 74, 151, 0]",-1,0,0,0,1
3272,0,"[58, 124, 228, 0]",-1,0,0,0,1
3273,0,"[55, 73, 54, 0]",-1,0,0,0,1
3274,0,"[24, 38, 91, 0]",-1,0,0,0,1
3275,0,"[58, 29, 255, 0]",-1,0,0,0,1
3276,0,"[49, 37, 47, 0]",-1,0,0,0,1
3277,0,"[14, 53, 36, 0]",-1,0,0,0,1
3278,0,"[21, 67, 242, 0]",-1,0,0,0,1
3279,0,"[53, 123, 107, 0]",-1,0,0,0,1
3280,0,"[42, 27, 184, 0]",-1,0,0,0,1
3281,0,"[62, 85, 86, 0]",-1,0,0,0,1
3282,0,"[51, 71, 113, 0]",-1,0,0,0,1
3283,0,"[49, 84, 245, 0]",-1,0,0,0,1
3284,0,"[38, 125, 209, 0]",-1,0,0,0,1
3285,0,"[53, 21, 241, 0]",-1,0,0,0,1
3286,0,"[61, 108, 117, 0]",-1,0,0,0,1
3287,0,"[45, 106, 247, 0]",-1,0,0,0,1
3288,0,"[7, 27, 96, 0]",-1,0,0,0,1
3289,0,"[24, 61, 118, 0]",-1,0,0,0,1
3290,0,"[55, 54, 180, 0]",-1,0,0,0,1
3291,0,"[44, 29, 108, 0]",-1,0,0,0,1
3292,0,"[62, 85, 8, 0]",-1,0,0,0,1
3293,0,"[22, 88, 200, 0]",-1,0,0,0,1
3294,0,"[10, 50, 56, 0]",-1,0,0,0,1
3295,0,"[13, 42, 132, 0]",-1,0,0,0,1
3296,0,"[27, 69, 6, 0]",-1,0,0,0,1
3297,0,"[4, 87, 29, 0]",-1,0,0,0,1
3298,0,"[59, 74, 254, 0]",-1,0,0,0,1
3299,0,"[19, 7, 235, 0]",-1,0,0,0,1
3300,0,"[24, 47, 255, 0]",-1,0,0,0,1
3301,0,"[23, 69, 51, 0]",-1,0,0,0,1
3302,0,"[39, 42, 4, 0]",-1,0,0,0,1
3303,0,"[10, 97, 164, 0]",-1,0,0,0,1
3304,0,"[10, 67, 95, 0]",-1,0,0,0,1
3305,0,"[7, 108, 93, 0]",-1,0,0,0,1
3306,0,"[5, 42, 194, 0]",-1,0,0,0,1
3307,0,"[2, 61, 219, 0]",-1,0,0,0,1
3308,0,"[31, 18, 213, 0]",-1,0,0,0,1
3309,0,"[60, 102, 14, 0]",-1,0,0,0,1
3310,0,"[34, 36, 126, 0]",-1,0,0,0,1
3311,0,"[38, 74, 151, 0]",-1,0,0,0,1
3312,0,"[38, 84, 192, 0]",-1,0,0,0,1
3313,0,"[6, 23, 13, 0]",-1,0,0,0,1
3314,0,"[59, 116, 77, 0]",-1,0,0,0,1
3315,0,"[7, 26, 175, 0]",-1,0,0,0,1
3316,0,"[22, 75, 221, 0]",-1,0,0,0,1
3317,0,"[63, 116, 167, 0]",-1,0,0,0,1
3318,0,"[62, 88, 114, 0]",-1,0,0,0,1
3319,0,"[13, 95, 208, 0]",-1,0,0,0,1
3320,0,"[4, 53, 175, 0]",-1,0,0,0,1
3321,0,"[38, 74, 151, 0]",-1,0,0,0,1
3322,0,"[15, 22, 16, 0]",-1,0,0,0,1
3323,0,"[60, 19, 169, 0]",-1,0,0,0,1
3324,0,"[1, 4, 127, 0]",-1,0,0,0,1
3325,0,"[51, 21, 70, 0]",-1,0,0,0,1
3326,0,"[60, 11, 5, 0]",-1,0,0,0,1
3327,0,"[4, 0, 153, 0]",-1,0,0,0,1
3328,0,"[30, 30, 169, 0]",-1,0,0,0,1
3329,0,"[62, 49, 162, 0]",-1,0,0,0,1
3330,0,"[58, 34, 236, 0]",-1,0,0,0,1
3331,0,"[27, 100, 128, 0]",-1,0,0,0,1
3332,0,"[48, 127, 171, 0]",-1,0,0,0,1
3333,0,"[56, 5, 247, 0]",-1,0,0,0,1
3334,0,"[43, 46, 118, 0]",-1,0,0,0,1
3335,0,"[62, 9, 111, 0]",-1,0,0,0,1
3336,0,"[13, 52, 235, 0]",-1,0,0,0,1
3337,0,"[30, 113, 187, 0]",-1,0,0,0,1
3338,0,"[39, 42, 4, 0]",-1,0,0,0,1
3339,0,"[5, 60, 28, 0]",-1,0,0,0,1
3340,0,"[11, 5, 95, 0]",-1,0,0,0,1
3341,0,"[43, 103, 66, 0]",-1,0,0,0,1
3342,0,"[13, 74, 248, 0]",-1,0,0,0,1
3343,0,"[30, 63, 204, 0]",-1,0,0,0,1
3344,0,"[14, 105, 60, 0]",-1,0,0,0,1
3345,0,"[41, 50, 245, 0]",-1,0,0,0,1
3346,0,"[13, 31, 56, 0]",-1,0,0,0,1
3347,0,"[17, 5, 87, 0]",-1,0,0,0,1
3348,0,"[52, 51, 127, 0]",-1,0,0,0,1
3349,0,"[26, 74, 91, 0]",-1,0,0,0,1
3350,0,"[28, 18, 252, 0]",-1,0,0,0,1
3351,0,"[22, 88, 136, 0]",-1,0,0,0,1
3352,0,"[54, 42, 121, 0]",-1,0,0,0,1
3353,0,"[9, 22, 55, 0]",-1,0,0,0,1
3354,0,"[38, 85, 94, 0]",-1,0,0,0,1
3355,0,"[25, 116, 23, 0]",-1,0,0,0,1
3356,0,"[13, 10, 40, 0]",-1,0,0,0,1
3357,0,"[5, 73, 66, 0]",-1,0,0,0,1
3358,0,"[55, 89, 119, 0]",-1,0,0,0,1
3359,0,"[4, 64, 13, 0]",-1,0,0,0,1
3360,0,"[41, 114, 197, 0]",-1,0,0,0,1
3361,0,"[4, 94, 76, 0]",-1,0,0,0,1
3362,0,"[27, 69, 6, 0]",-1,0,0,0,1
3363,0,"[13, 124, 104, 0]",-1,0,0,0,1
3364,0,"[48, 53, 84, 0]",-1,0,0,0,1
3365,0,"[63, 87, 180, 0]",-1,0,0,0,1
3366,0,"[23, 69, 233, 0]",-1,0,0,0,1
3367,0,"[22, 23, 24, 0]",-1,0,0,0,1
3368,0,"[5, 117, 165, 0]",-1,0,0,0,1
3369,0,"[0, 38, 73, 0]",-1,0,0,1,1
3370,0,"[25, 59, 218, 0]",-1,0,0,0,1
3371,0,"[13, 33, 12, 0]",-1,0,0,0,1
3372,0,"[43, 20, 78, 0]",-1,0,0,0,1
3373,0,"[38, 84, 192, 0]",-1,0,0,0,1
3374,0,"[17, 74, 236, 0]",-1,0,0,0,1
3375,0,"[14, 53, 101, 0]",-1,0,0,0,1
3376,0,"[14, 53, 101, 0]",-1,0,0,0,1
3377,0,"[59, 85, 254, 0]",-1,0,0,0,1
3378,0,"[7, 60, 106, 0]",-1,0,0,0,1
3379,0,"[53, 84, 206, 0]",-1,0,0,0,1
3380,0,"[42, 87, 64, 0]",-1,0,0,0,1
3381,0,"[5, 15, 210, 0]",-1,0,0,0,1
3382,0,"[38, 74, 2, 0]",-1,0,0,0,1
3383,0,"[20, 26, 33, 0]",-1,0,0,0,1
3384,0,"[38, 35, 66, 0]",-1,0,0,0,1
3385,0,"[44, 47, 12, 0]",-1,0,0,0,1
3386,0,"[1, 123, 38, 0]",-1,0,0,0,1
3387,0,"[6, 106, 113, 0]",-1,0,0,0,1
3388,0,"[16, 117, 153, 0]",-1,0,0,0,1
3389,0,"[12, 91, 193, 0]",-1,0,0,0,1
3390,0,"[13, 125, 205, 0]",-1,0,0,0,1
3391,0,"[8, 50, 163, 0]",-1,0,0,0,1
3392,0,"[23, 69, 233, 0]",-1,0,0,0,1
3393,0,"[7, 17, 191, 0]",-1,0,0,0,1
3394,0,"[25, 18, 123, 0]",-1,0,0,0,1
3395,0,"[27, 88, 185, 0]",-1,0,0,0,1
3396,0,"[51, 103, 147, 0]",-1,0,0,0,1
3397,0,"[24, 24, 239, 0]",-1,0,0,0,1
3398,0,"[6, 89, 33, 0]",-1,0,0,0,1
3399,0,"[38, 103, 219, 0]",-1,0,0,0,1
3400,0,"[26, 78, 182, 0]",-1,0,0,0,1
3401,0,"[3, 86, 118, 1]",-1,0,0,0,1
3402,0,"[59, 98, 244, 0]",-1,0,0,0,1
3403,0,"[22, 15, 169, 0]",-1,0,0,0,1
3404,0,"[43, 2, 166, 0]",-1,0,0,0,1
3405,0,"[3, 15, 210, 0]",-1,0,0,0,1
3406,0,"[28, 51, 139, 0]",-1,0,0,0,1
3407,0,"[33, 10, 165, 0]",-1,0,0,0,1
3408,0,"[17, 51, 30, 0]",-1,0,0,0,1
3409,0,"[20, 74, 223, 0]",-1,0,0,0,1
3410,0,"[4, 46, 59, 0]",-1,0,0,0,1
3411,0,"[25, 119, 236, 0]",-1,0,0,0,1
3412,0,"[54, 38, 225, 0]",-1,0,0,0,1
3413,0,"[52, 14, 186, 0]",-1,0,0,0,1
3414,0,"[31, 24, 238, 0]",-1,0,0,0,1
3415,0,"[50, 60, 211, 0]",-1,0,0,0,1
3416,0,"[55, 84, 175, 0]",-1,0,0,0,1
3417,0,"[18, 27, 92, 0]",-1,0,0,0,1
3418,0,"[30, 88, 92, 0]",-1,0,0,0,1
3419,0,"[10, 49, 253, 0]",-1,0,0,0,1
3420,0,"[4, 64, 13, 0]",-1,0,0,0,1
3421,0,"[57, 112, 206, 0]",-1,0,0,0,1
3422,0,"[16, 100, 162, 0]",-1,0,0,0,1
3423,0,"[8, 103, 170, 0]",-1,0,0,0,1
3424,0,"[51, 60, 221, 0]",-1,0,0,0,1
3425,0,"[33, 26, 110, 0]",-1,0,0,0,1
3426,0,"[6, 27, 212, 0]",-1,0,0,0,1
3427,0,"[22, 31, 118, 0]",-1,0,0,0,1
3428,0,"[4, 87, 190, 0]",-1,0,0,0,1
3429,0,"[8, 79, 116, 0]",-1,0,0,0,1
3430,0,"[58, 28, 16, 0]",-1,0,0,0,1
3431,0,"[60, 19, 169, 0]",-1,0,0,0,1
3432,0,"[45, 111, 227, 0]",-1,0,0,0,1
3433,0,"[24, 27, 199, 0]",-1,0,0,0,1
3434,0,"[13, 52, 68, 0]",-1,0,0,0,1
3435,0,"[52, 101, 18, 0]",-1,0,0,0,1
3436,0,"[9, 64, 106, 0]",-1,0,0,0,1
3437,0,"[39, 49, 200, 0]",-1,0,0,0,1
3438,0,"[52, 38, 10, 0]",-1,0,0,0,1
3439,0,"[14, 25, 231, 0]",-1,0,0,0,1
3440,0,"[6, 106, 113, 0]",-1,0,0,0,1
3441,0,"[44, 27, 171, 0]",-1,0,0,0,1
3442,0,"[38, 84, 192, 0]",-1,0,0,0,1
3443,0,"[56, 5, 52, 0]",-1,0,0,0,1
3444,0,"[20, 41, 16, 0]",-1,0,0,0,1
3445,0,"[45, 15, 255, 0]",-1,0,0,0,1
3446,0,"[32, 20, 43, 0]",-1,0,0,0,1
3447,0,"[6, 47, 68, 0]",-1,0,0,0,1
3448,0,"[0, 32, 27, 0]",-1,0,0,1,1
3449,0,"[58, 34, 179, 0]",-1,0,0,0,1
3450,0,"[13, 122, 97, 0]",-1,0,0,0,1
3451,0,"[23, 87, 209, 0]",-1,0,0,0,1
3452,0,"[39, 42, 4, 0]",-1,0,0,0,1
3453,0,"[19, 3, 122, 0]",-1,0,0,0,1
3454,0,"[9, 6, 105, 0]",-1,0,0,0,1
3455,0,"[16, 61, 201, 0]",-1,0,0,0,1
3456,0,"[3, 58, 58, 0]",-1,0,0,0,1
3457,0,"[59, 72, 152, 0]",-1,0,0,0,1
3458,0,"[59, 92, 16, 0]",-1,0,0,0,1
3459,0,"[38, 112, 92, 0]",-1,0,0,0,1
3460,0,"[33, 51, 137, 0]",-1,0,0,0,1
3461,0,"[52, 38, 10, 0]",-1,0,0,0,1
3462,0,"[48, 34, 161, 0]",-1,0,0,0,1
3463,0,"[16, 100, 123, 0]",-1,0,0,0,1
3464,0,"[7, 83, 210, 0]",-1,0,0,0,1
3465,0,"[6, 55, 18, 0]",-1,0,0,0,1
3466,0,"[16, 100, 123, 0]",-1,0,0,0,1
3467,0,"[18, 13, 174, 0]",-1,0,0,0,1
3468,0,"[43, 31, 134, 0]",-1,0,0,0,1
3469,0,"[43, 45, 211, 0]",-1,0,0,0,1
3470,0,"[21, 56, 253, 0]",-1,0,0,0,1
3471,0,"[16, 92, 198, 0]",-1,0,0,0,1
3472,0,"[1, 112, 63, 0]",-1,0,0,0,1
3473,0,"[34, 100, 238, 0]",-1,0,0,0,1
3474,0,"[56, 120, 241, 0]",-1,0,0,0,1
3475,0,"[16, 61, 201, 0]",-1,0,0,0,1
3476,0,"[11, 31, 40, 0]",-1,0,0,0,1
3477,0,"[15, 9, 183, 0]",-1,0,0,0,1
3478,0,"[42, 25, 14, 0]",-1,0,0,0,1
3479,0,"[5, 73, 248, 0]",-1,0,0,0,1
3480,0,"[5, 60, 28, 0]",-1,0,0,0,1
3481,0,"[33, 85, 140, 0]",-1,0,0,0,1
3482,0,"[5, 60, 28, 0]",-1,0,0,0,1
3483,0,"[56, 92, 181, 0]",-1,0,0,0,1
3484,0,"[52, 38, 10, 0]",-1,0,0,0,1
3485,0,"[50, 12, 43, 0]",-1,0,0,0,1
3486,0,"[3, 102, 153, 0]",-1,0,0,0,1
3487,0,"[2, 12, 3, 0]",-1,0,0,0,1
3488,0,"[63, 110, 104, 0]",-1,0,0,0,1
3489,0,"[23, 44, 69, 0]",-1,0,0,0,1
3490,0,"[26, 112, 199, 0]",-1,0,0,0,1
3491,0,"[56, 18, 61, 0]",-1,0,0,0,1
3492,0,"[25, 85, 13, 0]",-1,0,0,0,1
3493,0,"[22, 34, 51, 0]",-1,0,0,0,1
3494,0,"[18, 13, 174, 0]",-1,0,0,0,1
3495,0,"[39, 53, 200, 0]",-1,0,0,0,1
3496,0,"[40, 27, 129, 0]",-1,0,0,0,1
3497,0,"[61, 64, 170, 0]",-1,0,0,0,1
3498,0,"[37, 60, 27, 0]",-1,0,0,0,1
3499,0,"[22, 88, 241, 0]",-1,0,0,0,1
3500,0,"[27, 73, 238, 0]",-1,0,0,0,1
3501,0,"[9, 38, 246, 0]",-1,0,0,0,1
3502,0,"[38, 85, 94, 0]",-1,0,0,0,1
3503,0,"[14, 94, 174, 0]",-1,0,0,0,1
3504,0,"[11, 104, 48, 0]",-1,0,0,0,1
3505,0,"[36, 44, 9, 0]",-1,0,0,0,1
3506,0,"[16, 88, 208, 0]",-1,0,0,0,1
3507,0,"[29, 4, 245, 0]",-1,0,0,0,1
3508,0,"[20, 40, 253, 0]",-1,0,0,0,1
3509,0,"[34, 79, 240, 0]",-1,0,0,0,1
3510,0,"[30, 113, 19, 0]",-1,0,0,0,1
3511,0,"[24, 28, 185, 0]",-1,0,0,0,1
3512,0,"[63, 116, 167, 0]",-1,0,0,0,1
3513,0,"[13, 27, 133, 1]",-1,0,0,0,1
3514,0,"[11, 31, 40, 0]",-1,0,0,0,1
3515,0,"[14, 84, 161, 0]",-1,0,0,0,1
3516,0,"[18, 64, 68, 0]",-1,0,0,0,1
3517,0,"[60, 19, 169, 0]",-1,0,0,0,1
3518,0,"[37, 77, 165, 0]",-1,0,0,0,1
3519,0,"[33, 127, 237, 0]",-1,0,0,0,1
3520,0,"[5, 60, 28, 0]",-1,0,0,0,1
3521,0,"[38, 74, 151, 0]",-1,0,0,0,1
3522,0,"[54, 30, 204, 0]",-1,0,0,0,1
3523,0,"[46, 55, 139, 0]",-1,0,0,0,1
3524,0,"[38, 125, 209, 0]",-1,0,0,0,1
3525,0,"[30, 25, 219, 0]",-1,0,0,0,1
3526,0,"[43, 72, 1, 0]",-1,0,0,0,1
3527,0,"[20, 14, 122, 0]",-1,0,0,0,1
3528,0,"[59, 90, 228, 0]",-1,0,0,0,1
3529,0,"[0, 15, 127, 0]",-1,0,0,1,1
3530,0,"[63, 37, 89, 0]",-1,0,0,0,1
3531,0,"[33, 62, 10, 0]",-1,0,0,0,1
3532,0,"[29, 48, 220, 0]",-1,0,0,0,1
3533,0,"[37, 83, 137, 0]",-1,0,0,0,1
3534,0,"[16, 60, 233, 0]",-1,0,0,0,1
3535,0,"[33, 77, 206, 0]",-1,0,0,0,1
3536,0,"[4, 64, 13, 0]",-1,0,0,0,1
3537,0,"[5, 60, 104, 0]",-1,0,0,0,1
3538,0,"[6, 47, 68, 0]",-1,0,0,0,1
3539,0,"[3, 117, 22, 0]",-1,0,0,0,1
3540,0,"[13, 49, 8, 0]",-1,0,0,0,1
3541,0,"[44, 84, 137, 0]",-1,0,0,0,1
3542,0,"[15, 92, 59, 0]",-1,0,0,0,1
3543,0,"[53, 91, 158, 0]",-1,0,0,0,1
3544,0,"[58, 105, 232, 0]",-1,0,0,0,1
3545,0,"[33, 49, 97, 0]",-1,0,0,0,1
3546,0,"[62, 53, 246, 0]",-1,0,0,0,1
3547,0,"[34, 23, 22, 0]",-1,0,0,0,1
3548,0,"[34, 49, 221, 0]",-1,0,0,0,1
3549,0,"[11, 110, 2, 0]",-1,0,0,0,1
3550,0,"[49, 2, 254, 0]",-1,0,0,0,1
3551,0,"[16, 29, 143, 0]",-1,0,0,0,1
3552,0,"[4, 45, 179, 0]",-1,0,0,0,1
3553,0,"[45, 26, 154, 0]",-1,0,0,0,1
3554,0,"[18, 94, 14, 0]",-1,0,0,0,1
3555,0,"[62, 69, 205, 0]",-1,0,0,0,1
3556,0,"[46, 121, 145, 0]",-1,0,0,0,1
3557,0,"[18, 61, 62, 0]",-1,0,0,0,1
3558,0,"[47, 55, 82, 0]",-1,0,0,0,1
3559,0,"[59, 90, 228, 0]",-1,0,0,0,1
3560,0,"[19, 76, 116, 0]",-1,0,0,0,1
3561,0,"[16, 32, 143, 0]",-1,0,0,0,1
3562,0,"[61, 109, 44, 0]",-1,0,0,0,1
3563,0,"[38, 84, 192, 0]",-1,0,0,0,1
3564,0,"[58, 124, 228, 0]",-1,0,0,0,1
3565,0,"[61, 53, 132, 0]",-1,0,0,0,1
3566,0,"[29, 38, 9, 0]",-1,0,0,0,1
3567,0,"[0, 97, 75, 0]",-1,0,0,1,1
3568,0,"[62, 11, 63, 0]",-1,0,0,0,1
3569,0,"[39, 27, 163, 0]",-1,0,0,0,1
3570,0,"[62, 12, 54, 0]",-1,0,0,0,1
3571,0,"[55, 95, 19, 0]",-1,0,0,0,1
3572,0,"[55, 106, 212, 0]",-1,0,0,0,1
3573,0,"[56, 5, 29, 0]",-1,0,0,0,1
3574,0,"[51, 68, 86, 0]",-1,0,0,0,1
3575,0,"[7, 56, 235, 0]",-1,0,0,0,1
3576,0,"[51, 79, 21, 0]",-1,0,0,0,1
3577,0,"[25, 18, 123, 0]",-1,0,0,0,1
3578,0,"[13, 102, 47, 0]",-1,0,0,0,1
3579,0,"[37, 3, 246, 0]",-1,0,0,0,1
3580,0,"[9, 69, 255, 0]",-1,0,0,0,1
3581,0,"[19, 23, 97, 0]",-1,0,0,0,1
3582,0,"[49, 87, 200, 0]",-1,0,0,0,1
3583,0,"[44, 76, 190, 0]",-1,0,0,0,1
3584,0,"[0, 15, 22, 0]",-1,0,0,1,1
3585,0,"[28, 77, 192, 0]",-1,0,0,0,1
3586,0,"[58, 34, 236, 0]",-1,0,0,0,1
3587,0,"[11, 116, 138, 0]",-1,0,0,0,1
3588,0,"[38, 116, 163, 0]",-1,0,0,0,1
3589,0,"[38, 35, 194, 0]",-1,0,0,0,1
3590,0,"[2, 49, 165, 0]",-1,0,0,0,1
3591,0,"[36, 52, 117, 0]",-1,0,0,0,1
3592,0,"[22, 33, 93, 0]",-1,0,0,0,1
3593,0,"[33, 43, 19, 1]",-1,0,0,0,1
3594,0,"[47, 55, 82, 0]",-1,0,0,0,1
3595,0,"[38, 74, 151, 0]",-1,0,0,0,1
3596,0,"[62, 110, 127, 0]",-1,0,0,0,1
3597,0,"[53, 69, 99, 0]",-1,0,0,0,1
3598,0,"[44, 43, 114, 0]",-1,0,0,0,1
3599,0,"[30, 111, 48, 0]",-1,0,0,0,1
3600,0,"[62, 90, 118, 0]",-1,0,0,0,1
3601,0,"[52, 51, 7, 0]",-1,0,0,0,1
3602,0,"[38, 87, 252, 0]",-1,0,0,0,1
3603,0,"[42, 112, 172, 0]",-1,0,0,0,1
3604,0,"[38, 116, 163, 0]",-1,0,0,0,1
3605,0,"[58, 112, 152, 0]",-1,0,0,0,1
3606,0,"[42, 33, 247, 0]",-1,0,0,0,1
3607,0,"[49, 2, 21, 0]",-1,0,0,0,1
3608,0,"[45, 96, 216, 0]",-1,0,0,0,1
3609,0,"[13, 68, 135, 0]",-1,0,0,0,1
3610,0,"[1, 123, 38, 0]",-1,0,0,0,1
3611,0,"[52, 38, 10, 0]",-1,0,0,0,1
3612,0,"[61, 25, 30, 0]",-1,0,0,0,1
3613,0,"[59, 8, 221, 0]",-1,0,0,0,1
3614,0,"[26, 49, 197, 0]",-1,0,0,0,1
3615,0,"[62, 54, 129, 0]",-1,0,0,0,1
3616,0,"[59, 86, 12, 0]",-1,0,0,0,1
3617,0,"[48, 34, 161, 0]",-1,0,0,0,1
3618,0,"[46, 54, 91, 0]",-1,0,0,0,1
3619,0,"[46, 103, 96, 0]",-1,0,0,0,1
3620,0,"[60, 19, 166, 0]",-1,0,0,0,1
3621,0,"[38, 119, 190, 0]",-1,0,0,0,1
3622,0,"[61, 21, 244, 0]",-1,0,0,0,1
3623,0,"[2, 26, 88, 0]",-1,0,0,0,1
3624,0,"[62, 74, 205, 0]",-1,0,0,0,1
3625,0,"[55, 69, 244, 0]",-1,0,0,0,1
3626,0,"[24, 15, 8, 0]",-1,0,0,0,1
3627,0,"[52, 104, 92, 0]",-1,0,0,0,1
3628,0,"[38, 85, 94, 0]",-1,0,0,0,1
3629,0,"[59, 74, 254, 0]",-1,0,0,0,1
3630,0,"[61, 72, 210, 0]",-1,0,0,0,1
3631,0,"[1, 112, 63, 0]",-1,0,0,0,1
3632,0,"[56, 76, 197, 0]",-1,0,0,0,1
3633,0,"[17, 96, 63, 0]",-1,0,0,0,1
3634,0,"[62, 41, 137, 0]",-1,0,0,0,1
3635,0,"[16, 5, 186, 0]",-1,0,0,0,1
3636,0,"[34, 75, 21, 0]",-1,0,0,0,1
3637,0,"[8, 85, 89, 0]",-1,0,0,0,1
3638,0,"[8, 1, 159, 0]",-1,0,0,0,1
3639,0,"[52, 88, 169, 0]",-1,0,0,0,1
3640,0,"[32, 20, 43, 0]",-1,0,0,0,1
3641,0,"[20, 78, 23, 0]",-1,0,0,0,1
3642,0,"[13, 40, 52, 0]",-1,0,0,0,1
3643,0,"[2, 59, 59, 0]",-1,0,0,0,1
3644,0,"[24, 122, 0, 0]",-1,0,0,0,1
3645,0,"[43, 89, 227, 0]",-1,0,0,0,1
3646,0,"[63, 76, 229, 0]",-1,0,0,0,1
3647,0,"[60, 11, 5, 0]",-1,0,0,0,1
3648,0,"[1, 4, 127, 0]",-1,0,0,0,1
3649,0,"[38, 74, 151, 0]",-1,0,0,0,1
3650,0,"[13, 33, 12, 0]",-1,0,0,0,1
3651,0,"[10, 84, 219, 0]",-1,0,0,0,1
3652,0,"[41, 50, 245, 0]",-1,0,0,0,1
3653,0,"[9, 65, 97, 0]",-1,0,0,0,1
3654,0,"[49, 108, 87, 0]",-1,0,0,0,1
3655,0,"[63, 76, 229, 0]",-1,0,0,0,1
3656,0,"[43, 89, 227, 0]",-1,0,0,0,1
3657,0,"[5, 8, 253, 0]",-1,0,0,0,1
3658,0,"[37, 94, 58, 0]",-1,0,0,0,1
3659,0,"[5, 38, 91, 0]",-1,0,0,0,1
3660,0,"[14, 72, 65, 0]",-1,0,0,0,1
3661,0,"[63, 91, 202, 0]",-1,0,0,0,1
3662,0,"[0, 105, 212, 0]",-1,0,0,1,1
3663,0,"[51, 96, 185, 0]",-1,0,0,0,1
3664,0,"[1, 123, 38, 0]",-1,0,0,0,1
3665,0,"[4, 43, 15, 0]",-1,0,0,0,1
3666,0,"[3, 33, 236, 0]",-1,0,0,0,1
3667,0,"[60, 7, 66, 0]",-1,0,0,0,1
3668,0,"[13, 46, 112, 0]",-1,0,0,0,1
3669,0,"[51, 88, 84, 0]",-1,0,0,0,1
3670,0,"[13, 52, 235, 0]",-1,0,0,0,1
3671,0,"[43, 16, 100, 0]",-1,0,0,0,1
3672,0,"[16, 19, 69, 0]",-1,0,0,0,1
3673,0,"[41, 22, 55, 0]",-1,0,0,0,1
3674,0,"[55, 28, 248, 0]",-1,0,0,0,1
3675,0,"[23, 126, 99, 0]",-1,0,0,0,1
3676,0,"[3, 110, 48, 0]",-1,0,0,0,1
3677,0,"[9, 54, 37, 0]",-1,0,0,0,1
3678,0,"[4, 68, 214, 0]",-1,0,0,0,1
3679,0,"[3, 10, 1, 0]",-1,0,0,0,1
3680,0,"[13, 126, 23, 0]",-1,0,0,0,1
3681,0,"[37, 60, 27, 0]",-1,0,0,0,1
3682,0,"[3, 89, 23, 0]",-1,0,0,0,1
3683,0,"[41, 117, 81, 0]",-1,0,0,0,1
3684,0,"[42, 29, 222, 0]",-1,0,0,0,1
3685,0,"[40, 27, 129, 0]",-1,0,0,0,1
3686,0,"[61, 25, 30, 0]",-1,0,0,0,1
3687,0,"[42, 49, 159, 0]",-1,0,0,0,1
3688,0,"[19, 20, 202, 0]",-1,0,0,0,1
3689,0,"[11, 3, 32, 0]",-1,0,0,0,1
3690,0,"[36, 99, 94, 0]",-1,0,0,0,1
3691,0,"[42, 15, 120, 0]",-1,0,0,0,1
3692,0,"[56, 40, 62, 0]",-1,0,0,0,1
3693,0,"[14, 125, 99, 0]",-1,0,0,0,1
3694,0,"[63, 7, 246, 0]",-1,0,0,0,1
3695,0,"[42, 89, 47, 0]",-1,0,0,0,1
3696,0,"[19, 78, 199, 0]",-1,0,0,0,1
3697,0,"[37, 36, 219, 0]",-1,0,0,0,1
3698,0,"[38, 55, 68, 0]",-1,0,0,0,1
3699,0,"[55, 118, 50, 0]",-1,0,0,0,1
3700,0,"[9, 6, 105, 0]",-1,0,0,0,1
3701,0,"[61, 102, 34, 0]",-1,0,0,0,1
3702,0,"[62, 42, 242, 0]",-1,0,0,0,1
3703,0,"[9, 32, 177, 0]",-1,0,0,0,1
3704,0,"[38, 58, 42, 0]",-1,0,0,0,1
3705,0,"[52, 38, 10, 0]",-1,0,0,0,1
3706,0,"[41, 59, 196, 0]",-1,0,0,0,1
3707,0,"[39, 71, 146, 0]",-1,0,0,0,1
3708,0,"[13, 122, 97, 0]",-1,0,0,0,1
3709,0,"[61, 104, 200, 0]",-1,0,0,0,1
3710,0,"[24, 61, 118, 0]",-1,0,0,0,1
3711,0,"[47, 73, 233, 0]",-1,0,0,0,1
3712,0,"[32, 18, 15, 0]",-1,0,0,0,1
3713,0,"[5, 101, 3, 0]",-1,0,0,0,1
3714,0,"[47, 109, 232, 0]",-1,0,0,0,1
3715,0,"[13, 124, 64, 0]",-1,0,0,0,1
3716,0,"[60, 61, 116, 0]",-1,0,0,0,1
3717,0,"[38, 61, 102, 0]",-1,0,0,0,1
3718,0,"[20, 100, 149, 0]",-1,0,0,0,1
3719,0,"[31, 80, 133, 0]",-1,0,0,0,1
3720,0,"[1, 16, 83, 0]",-1,0,0,0,1
3721,0,"[46, 110, 83, 0]",-1,0,0,0,1
3722,0,"[49, 102, 16, 0]",-1,0,0,0,1
3723,0,"[24, 87, 11, 0]",-1,0,0,0,1
3724,0,"[62, 6, 167, 0]",-1,0,0,0,1
3725,0,"[14, 46, 146, 0]",-1,0,0,0,1
3726,0,"[48, 50, 156, 0]",-1,0,0,0,1
3727,0,"[41, 33, 167, 0]",-1,0,0,0,1
3728,0,"[55, 118, 251, 0]",-1,0,0,0,1
3729,0,"[8, 50, 158, 0]",-1,0,0,0,1
3730,0,"[36, 38, 206, 0]",-1,0,0,0,1
3731,0,"[8, 124, 100, 0]",-1,0,0,0,1
3732,0,"[27, 69, 6, 0]",-1,0,0,0,1
3733,0,"[13, 46, 112, 0]",-1,0,0,0,1
3734,0,"[7, 109, 229, 0]",-1,0,0,0,1
3735,0,"[4, 31, 187, 0]",-1,0,0,0,1
3736,0,"[36, 92, 49, 0]",-1,0,0,0,1
3737,0,"[5, 96, 242, 0]",-1,0,0,0,1
3738,0,"[9, 28, 146, 0]",-1,0,0,0,1
3739,0,"[53, 69, 191, 0]",-1,0,0,0,1
3740,0,"[4, 19, 151, 0]",-1,0,0,0,1
3741,0,"[50, 52, 233, 0]",-1,0,0,0,1
3742,0,"[43, 56, 82, 0]",-1,0,0,0,1
3743,0,"[4, 43, 15, 0]",-1,0,0,0,1
3744,0,"[30, 68, 95, 0]",-1,0,0,0,1
3745,0,"[34, 110, 110, 0]",-1,0,0,0,1
3746,0,"[44, 91, 193, 0]",-1,0,0,0,1
3747,0,"[4, 29, 128, 0]",-1,0,0,0,1
3748,0,"[19, 98, 2, 0]",-1,0,0,0,1
3749,0,"[27, 62, 199, 0]",-1,0,0,0,1
3750,0,"[24, 98, 251, 0]",-1,0,0,0,1
3751,0,"[50, 61, 84, 0]",-1,0,0,0,1
3752,0,"[31, 85, 178, 0]",-1,0,0,0,1
3753,0,"[52, 72, 187, 0]",-1,0,0,0,1
3754,0,"[34, 47, 122, 0]",-1,0,0,0,1
3755,0,"[42, 111, 167, 0]",-1,0,0,0,1
3756,0,"[41, 50, 245, 0]",-1,0,0,0,1
3757,0,"[6, 78, 151, 0]",-1,0,0,0,1
3758,0,"[7, 13, 26, 0]",-1,0,0,0,1
3759,0,"[25, 85, 85, 0]",-1,0,0,0,1
3760,0,"[16, 44, 181, 0]",-1,0,0,0,1
3761,0,"[8, 67, 45, 0]",-1,0,0,0,1
3762,0,"[5, 9, 222, 0]",-1,0,0,0,1
3763,0,"[42, 36, 5, 0]",-1,0,0,0,1
3764,0,"[56, 67, 203, 0]",-1,0,0,0,1
3765,0,"[24, 72, 171, 0]",-1,0,0,0,1
3766,0,"[1, 52, 83, 0]",-1,0,0,0,1
3767,0,"[16, 10, 67, 0]",-1,0,0,0,1
3768,0,"[42, 66, 13, 0]",-1,0,0,0,1
3769,0,"[56, 78, 96, 0]",-1,0,0,0,1
3770,0,"[47, 44, 79, 0]",-1,0,0,0,1
3771,0,"[43, 89, 227, 0]",-1,0,0,0,1
3772,0,"[10, 73, 153, 0]",-1,0,0,0,1
3773,0,"[44, 113, 9, 0]",-1,0,0,0,1
3774,0,"[43, 0, 34, 0]",-1,0,0,0,1
3775,0,"[16, 26, 27, 0]",-1,0,0,0,1
3776,0,"[44, 60, 15, 0]",-1,0,0,0,1
3777,0,"[15, 103, 36, 0]",-1,0,0,0,1
3778,0,"[2, 25, 99, 0]",-1,0,0,0,1
3779,0,"[48, 26, 134, 0]",-1,0,0,0,1
3780,0,"[38, 84, 192, 0]",-1,0,0,0,1
3781,0,"[38, 36, 225, 0]",-1,0,0,0,1
3782,0,"[10, 15, 86, 0]",-1,0,0,0,1
3783,0,"[43, 99, 108, 0]",-1,0,0,0,1
3784,0,"[12, 59, 63, 0]",-1,0,0,0,1
3785,0,"[38, 125, 209, 0]",-1,0,0,0,1
3786,0,"[16, 19, 83, 0]",-1,0,0,0,1
3787,0,"[9, 91, 3, 0]",-1,0,0,0,1
3788,0,"[37, 124, 202, 0]",-1,0,0,0,1
3789,0,"[2, 24, 84, 0]",-1,0,0,0,1
3790,0,"[39, 103, 76, 0]",-1,0,0,0,1
3791,0,"[38, 116, 163, 0]",-1,0,0,0,1
3792,0,"[46, 123, 116, 0]",-1,0,0,0,1
3793,0,"[62, 76, 13, 0]",-1,0,0,0,1
3794,0,"[32, 20, 43, 0]",-1,0,0,0,1
3795,0,"[1, 14, 36, 0]",-1,0,0,0,1
3796,0,"[20, 61, 61, 0]",-1,0,0,0,1
3797,0,"[17, 82, 9, 0]",-1,0,0,0,1
3798,0,"[59, 33, 15, 0]",-1,0,0,0,1
3799,0,"[38, 102, 118, 0]",-1,0,0,0,1
3800,0,"[61, 108, 15, 0]",-1,0,0,0,1
3801,0,"[62, 111, 123, 0]",-1,0,0,0,1
3802,0,"[33, 100, 5, 0]",-1,0,0,0,1
3803,0,"[13, 17, 198, 0]",-1,0,0,0,1
3804,0,"[61, 39, 27, 0]",-1,0,0,0,1
3805,0,"[26, 42, 25, 0]",-1,0,0,0,1
3806,0,"[2, 92, 48, 0]",-1,0,0,0,1
3807,0,"[14, 119, 200, 0]",-1,0,0,0,1
3808,0,"[59, 95, 57, 0]",-1,0,0,0,1
3809,0,"[20, 40, 253, 0]",-1,0,0,0,1
3810,0,"[41, 8, 22, 0]",-1,0,0,0,1
3811,0,"[46, 67, 128, 0]",-1,0,0,0,1
3812,0,"[20, 66, 0, 0]",-1,0,0,0,1
3813,0,"[35, 56, 21, 0]",-1,0,0,0,1
3814,0,"[63, 37, 43, 0]",-1,0,0,0,1
3815,0,"[36, 24, 43, 0]",-1,0,0,0,1
3816,0,"[59, 52, 20, 0]",-1,0,0,0,1
3817,0,"[61, 89, 11, 0]",-1,0,0,0,1
3818,0,"[20, 44, 241, 0]",-1,0,0,0,1
3819,0,"[26, 96, 142, 0]",-1,0,0,0,1
3820,0,"[49, 2, 166, 0]",-1,0,0,0,1
3821,0,"[62, 111, 123, 0]",-1,0,0,0,1
3822,0,"[13, 102, 190, 0]",-1,0,0,0,1
3823,0,"[25, 84, 96, 0]",-1,0,0,0,1
3824,0,"[52, 18, 255, 0]",-1,0,0,0,1
3825,0,"[6, 78, 151, 0]",-1,0,0,0,1
3826,0,"[4, 84, 152, 0]",-1,0,0,0,1
3827,0,"[18, 64, 254, 0]",-1,0,0,0,1
3828,0,"[39, 49, 90, 0]",-1,0,0,0,1
3829,0,"[41, 85, 198, 0]",-1,0,0,0,1
3830,0,"[8, 14, 99, 0]",-1,0,0,0,1
3831,0,"[27, 29, 117, 0]",-1,0,0,0,1
3832,0,"[36, 125, 131, 0]",-1,0,0,0,1
3833,0,"[62, 111, 123, 0]",-1,0,0,0,1
3834,0,"[46, 55, 139, 0]",-1,0,0,0,1
3835,0,"[30, 68, 50, 0]",-1,0,0,0,1
3836,0,"[31, 123, 31, 0]",-1,0,0,0,1
3837,0,"[56, 10, 6, 0]",-1,0,0,0,1
3838,0,"[43, 59, 58, 0]",-1,0,0,0,1
3839,0,"[19, 14, 3, 0]",-1,0,0,0,1
3840,0,"[38, 43, 223, 0]",-1,0,0,0,1
3841,0,"[43, 26, 32, 0]",-1,0,0,0,1
3842,0,"[4, 43, 15, 0]",-1,0,0,0,1
3843,0,"[33, 43, 19, 1]",-1,0,0,0,1
3844,0,"[61, 92, 186, 0]",-1,0,0,0,1
3845,0,"[15, 85, 210, 0]",-1,0,0,0,1
3846,0,"[32, 125, 122, 0]",-1,0,0,0,1
3847,0,"[62, 93, 78, 0]",-1,0,0,0,1
3848,0,"[62, 54, 129, 0]",-1,0,0,0,1
3849,0,"[29, 2, 220, 0]",-1,0,0,0,1
3850,0,"[10, 87, 79, 0]",-1,0,0,0,1
3851,0,"[49, 115, 187, 0]",-1,0,0,0,1
3852,0,"[3, 54, 12, 0]",-1,0,0,0,1
3853,0,"[10, 92, 247, 0]",-1,0,0,0,1
3854,0,"[46, 21, 240, 0]",-1,0,0,0,1
3855,0,"[38, 85, 148, 0]",-1,0,0,0,1
3856,0,"[49, 71, 59, 0]",-1,0,0,0,1
3857,0,"[62, 87, 201, 0]",-1,0,0,0,1
3858,0,"[49, 118, 129, 0]",-1,0,0,0,1
3859,0,"[13, 11, 40, 0]",-1,0,0,0,1
3860,0,"[47, 99, 77, 0]",-1,0,0,0,1
3861,0,"[15, 62, 87, 0]",-1,0,0,0,1
3862,0,"[7, 50, 85, 0]",-1,0,0,0,1
3863,0,"[44, 118, 114, 0]",-1,0,0,0,1
3864,0,"[33, 29, 149, 0]",-1,0,0,0,1
3865,0,"[20, 52, 195, 0]",-1,0,0,0,1
3866,0,"[18, 15, 227, 0]",-1,0,0,0,1
3867,0,"[34, 69, 8, 0]",-1,0,0,0,1
3868,0,"[3, 2, 81, 0]",-1,0,0,0,1
3869,0,"[38, 118, 190, 0]",-1,0,0,0,1
3870,0,"[53, 78, 237, 0]",-1,0,0,0,1
3871,0,"[5, 111, 192, 0]",-1,0,0,0,1
3872,0,"[20, 44, 241, 0]",-1,0,0,0,1
3873,0,"[60, 21, 174, 0]",-1,0,0,0,1
3874,0,"[42, 107, 167, 0]",-1,0,0,0,1
3875,0,"[17, 44, 2, 1]",-1,0,0,0,1
3876,0,"[26, 88, 139, 0]",-1,0,0,0,1
3877,0,"[31, 93, 92, 0]",-1,0,0,0,1
3878,0,"[25, 77, 108, 0]",-1,0,0,0,1
3879,0,"[37, 66, 11, 0]",-1,0,0,0,1
3880,0,"[20, 52, 195, 0]",-1,0,0,0,1
3881,0,"[7, 112, 48, 0]",-1,0,0,0,1
3882,0,"[23, 63, 137, 0]",-1,0,0,0,1
3883,0,"[59, 124, 226, 0]",-1,0,0,0,1
3884,0,"[63, 37, 63, 0]",-1,0,0,0,1
3885,0,"[54, 38, 225, 0]",-1,0,0,0,1
3886,0,"[52, 23, 4, 0]",-1,0,0,0,1
3887,0,"[48, 16, 179, 0]",-1,0,0,0,1
3888,0,"[24, 38, 91, 0]",-1,0,0,0,1
3889,0,"[59, 54, 107, 0]",-1,0,0,0,1
3890,0,"[16, 29, 143, 0]",-1,0,0,0,1
3891,0,"[53, 69, 191, 0]",-1,0,0,0,1
3892,0,"[10, 15, 86, 0]",-1,0,0,0,1
3893,0,"[10, 10, 116, 0]",-1,0,0,0,1
3894,0,"[52, 51, 7, 0]",-1,0,0,0,1
3895,0,"[3, 113, 59, 0]",-1,0,0,0,1
3896,0,"[23, 69, 233, 0]",-1,0,0,0,1
3897,0,"[7, 77, 240, 0]",-1,0,0,0,1
3898,0,"[10, 12, 98, 0]",-1,0,0,0,1
3899,0,"[55, 106, 212, 0]",-1,0,0,0,1
3900,0,"[48, 69, 142, 0]",-1,0,0,0,1
3901,0,"[38, 84, 192, 0]",-1,0,0,0,1
3902,0,"[34, 74, 65, 0]",-1,0,0,0,1
3903,0,"[53, 69, 191, 0]",-1,0,0,0,1
3904,0,"[30, 58, 100, 0]",-1,0,0,0,1
3905,0,"[39, 103, 76, 0]",-1,0,0,0,1
3906,0,"[16, 92, 198, 0]",-1,0,0,0,1
3907,0,"[9, 91, 3, 0]",-1,0,0,0,1
3908,0,"[10, 97, 164, 0]",-1,0,0,0,1
3909,0,"[18, 28, 181, 0]",-1,0,0,0,1
3910,0,"[31, 1, 106, 0]",-1,0,0,0,1
3911,0,"[38, 84, 192, 0]",-1,0,0,0,1
3912,0,"[40, 97, 170, 0]",-1,0,0,0,1
3913,0,"[49, 36, 248, 0]",-1,0,0,0,1
3914,0,"[42, 23, 169, 0]",-1,0,0,0,1
3915,0,"[53, 78, 237, 0]",-1,0,0,0,1
3916,0,"[43, 72, 50, 0]",-1,0,0,0,1
3917,0,"[6, 85, 202, 0]",-1,0,0,0,1
3918,0,"[5, 114, 215, 0]",-1,0,0,0,1
3919,0,"[48, 75, 29, 0]",-1,0,0,0,1
3920,0,"[56, 5, 13, 0]",-1,0,0,0,1
3921,0,"[4, 6, 130, 0]",-1,0,0,0,1
3922,0,"[37, 37, 254, 0]",-1,0,0,0,1
3923,0,"[17, 62, 175, 0]",-1,0,0,0,1
3924,0,"[5, 0, 226, 0]",-1,0,0,0,1
3925,0,"[62, 18, 85, 0]",-1,0,0,0,1
3926,0,"[57, 107, 212, 0]",-1,0,0,0,1
3927,0,"[59, 19, 8, 0]",-1,0,0,0,1
3928,0,"[38, 40, 196, 0]",-1,0,0,0,1
3929,0,"[52, 70, 183, 0]",-1,0,0,0,1
3930,0,"[19, 3, 122, 0]",-1,0,0,0,1
3931,0,"[53, 5, 238, 0]",-1,0,0,0,1
3932,0,"[49, 71, 76, 0]",-1,0,0,0,1
3933,0,"[55, 100, 104, 0]",-1,0,0,0,1
3934,0,"[15, 28, 10, 0]",-1,0,0,0,1
3935,0,"[52, 18, 248, 0]",-1,0,0,0,1
3936,0,"[4, 30, 169, 0]",-1,0,0,0,1
3937,0,"[45, 99, 235, 0]",-1,0,0,0,1
3938,0,"[14, 76, 66, 0]",-1,0,0,0,1
3939,0,"[39, 42, 4, 0]",-1,0,0,0,1
3940,0,"[14, 119, 200, 0]",-1,0,0,0,1
3941,0,"[2, 5, 243, 0]",-1,0,0,0,1
3942,0,"[30, 111, 48, 0]",-1,0,0,0,1
3943,0,"[0, 100, 123, 0]",-1,0,0,1,1
3944,0,"[43, 105, 224, 0]",-1,0,0,0,1
3945,0,"[7, 24, 162, 0]",-1,0,0,0,1
3946,0,"[54, 38, 225, 0]",-1,0,0,0,1
3947,0,"[38, 60, 195, 0]",-1,0,0,0,1
3948,0,"[38, 74, 151, 0]",-1,0,0,0,1
3949,0,"[47, 102, 146, 0]",-1,0,0,0,1
3950,0,"[62, 107, 32, 0]",-1,0,0,0,1
3951,0,"[62, 93, 98, 0]",-1,0,0,0,1
3952,0,"[6, 127, 141, 0]",-1,0,0,0,1
3953,0,"[52, 88, 169, 0]",-1,0,0,0,1
3954,0,"[4, 46, 59, 0]",-1,0,0,0,1
3955,0,"[25, 58, 189, 0]",-1,0,0,0,1
3956,0,"[32, 51, 198, 0]",-1,0,0,0,1
3957,0,"[43, 112, 18, 0]",-1,0,0,0,1
3958,0,"[52, 22, 147, 0]",-1,0,0,0,1
3959,0,"[43, 59, 86, 0]",-1,0,0,0,1
3960,0,"[13, 110, 159, 0]",-1,0,0,0,1
3961,0,"[44, 27, 171, 0]",-1,0,0,0,1
3962,0,"[36, 120, 65, 0]",-1,0,0,0,1
3963,0,"[24, 78, 41, 0]",-1,0,0,0,1
3964,0,"[10, 65, 231, 0]",-1,0,0,0,1
3965,0,"[33, 112, 254, 0]",-1,0,0,0,1
3966,0,"[16, 29, 143, 0]",-1,0,0,0,1
3967,0,"[2, 75, 16, 0]",-1,0,0,0,1
3968,0,"[58, 109, 148, 0]",-1,0,0,0,1
3969,0,"[53, 78, 237, 0]",-1,0,0,0,1
3970,0,"[58, 16, 68, 0]",-1,0,0,0,1
3971,0,"[28, 4, 184, 0]",-1,0,0,0,1
3972,0,"[14, 61, 20, 0]",-1,0,0,0,1
3973,0,"[12, 64, 171, 0]",-1,0,0,0,1
3974,0,"[55, 100, 93, 0]",-1,0,0,0,1
3975,0,"[42, 16, 118, 0]",-1,0,0,0,1
3976,0,"[51, 33, 165, 0]",-1,0,0,0,1
3977,0,"[54, 42, 121, 0]",-1,0,0,0,1
3978,0,"[49, 42, 98, 0]",-1,0,0,0,1
3979,0,"[4, 94, 76, 0]",-1,0,0,0,1
3980,0,"[38, 84, 192, 0]",-1,0,0,0,1
3981,0,"[53, 105, 51, 0]",-1,0,0,0,1
3982,0,"[47, 73, 76, 0]",-1,0,0,0,1
3983,0,"[19, 78, 199, 0]",-1,0,0,0,1
3984,0,"[53, 69, 191, 0]",-1,0,0,0,1
3985,0,"[20, 61, 17, 0]",-1,0,0,0,1
3986,0,"[28, 49, 18, 0]",-1,0,0,0,1
3987,0,"[61, 72, 210, 0]",-1,0,0,0,1
3988,0,"[49, 103, 60, 0]",-1,0,0,0,1
3989,0,"[50, 52, 233, 0]",-1,0,0,0,1
3990,0,"[58, 112, 152, 0]",-1,0,0,0,1
3991,0,"[20, 52, 195, 0]",-1,0,0,0,1
3992,0,"[21, 71, 172, 0]",-1,0,0,0,1
3993,0,"[8, 51, 119, 0]",-1,0,0,0,1
3994,0,"[35, 117, 221, 0]",-1,0,0,0,1
3995,0,"[30, 33, 170, 0]",-1,0,0,0,1
3996,0,"[16, 19, 83, 0]",-1,0,0,0,1
3997,0,"[42, 72, 253, 0]",-1,0,0,0,1
3998,0,"[28, 51, 128, 0]",-1,0,0,0,1
3999,0,"[46, 55, 167, 0]",-1,0,0,0,1
4000,0,"[15, 49, 148, 0]",-1,0,0,0,1
4001,0,"[3, 58, 88, 0]",-1,0,0,0,1
4002,0,"[4, 86, 52, 0]",-1,0,0,0,1
4003,0,"[6, 104, 55, 0]",-1,0,0,0,1
4004,0,"[4, 19, 70, 0]",-1,0,0,0,1
4005,0,"[62, 85, 60, 0]",-1,0,0,0,1
4006,0,"[34, 33, 36, 0]",-1,0,0,0,1
4007,0,"[30, 2, 151, 0]",-1,0,0,0,1
4008,0,"[18, 75, 247, 0]",-1,0,0,0,1
4009,0,"[62, 57, 8, 0]",-1,0,0,0,1
4010,0,"[18, 62, 74, 0]",-1,0,0,0,1
4011,0,"[58, 112, 152, 0]",-1,0,0,0,1
4012,0,"[43, 79, 96, 0]",-1,0,0,0,1
4013,0,"[62, 63, 129, 0]",-1,0,0,0,1
4014,0,"[36, 44, 13, 0]",-1,0,0,0,1
4015,0,"[38, 74, 2, 0]",-1,0,0,0,1
4016,0,"[56, 8, 11, 0]",-1,0,0,0,1
4017,0,"[35, 66, 150, 0]",-1,0,0,0,1
4018,0,"[30, 75, 254, 0]",-1,0,0,0,1
4019,0,"[4, 31, 87, 0]",-1,0,0,0,1
4020,0,"[8, 31, 9, 0]",-1,0,0,0,1
4021,0,"[35, 29, 220, 0]",-1,0,0,0,1
4022,0,"[42, 33, 247, 0]",-1,0,0,0,1
4023,0,"[53, 13, 65, 0]",-1,0,0,0,1
4024,0,"[52, 88, 169, 0]",-1,0,0,0,1
4025,0,"[12, 5, 106, 0]",-1,0,0,0,1
4026,0,"[57, 108, 174, 0]",-1,0,0,0,1
4027,0,"[61, 63, 97, 0]",-1,0,0,0,1
4028,0,"[11, 10, 66, 0]",-1,0,0,0,1
4029,0,"[30, 25, 208, 0]",-1,0,0,0,1
4030,0,"[5, 66, 61, 0]",-1,0,0,0,1
4031,0,"[61, 36, 30, 0]",-1,0,0,0,1
4032,0,"[16, 114, 42, 0]",-1,0,0,0,1
4033,0,"[63, 58, 172, 0]",-1,0,0,0,1
4034,0,"[4, 84, 210, 0]",-1,0,0,0,1
4035,0,"[58, 112, 152, 0]",-1,0,0,0,1
4036,0,"[55, 100, 93, 0]",-1,0,0,0,1
4037,0,"[49, 88, 137, 0]",-1,0,0,0,1
4038,0,"[58, 11, 59, 0]",-1,0,0,0,1
4039,0,"[17, 34, 21, 0]",-1,0,0,0,1
4040,0,"[31, 123, 31, 0]",-1,0,0,0,1
4041,0,"[38, 88, 11, 0]",-1,0,0,0,1
4042,0,"[38, 70, 175, 0]",-1,0,0,0,1
4043,0,"[12, 96, 156, 0]",-1,0,0,0,1
4044,0,"[51, 79, 21, 0]",-1,0,0,0,1
4045,0,"[4, 125, 227, 0]",-1,0,0,0,1
4046,0,"[10, 10, 116, 0]",-1,0,0,0,1
4047,0,"[11, 11, 241, 0]",-1,0,0,0,1
4048,0,"[26, 112, 43, 0]",-1,0,0,0,1
4049,0,"[6, 33, 87, 0]",-1,0,0,0,1
4050,0,"[42, 15, 120, 0]",-1,0,0,0,1
4051,0,"[16, 22, 147, 0]",-1,0,0,0,1
4052,0,"[16, 61, 127, 0]",-1,0,0,0,1
4053,0,"[47, 29, 113, 0]",-1,0,0,0,1
4054,0,"[62, 98, 45, 0]",-1,0,0,0,1
4055,0,"[4, 86, 52, 0]",-1,0,0,0,1
4056,0,"[5, 14, 3, 0]",-1,0,0,0,1
4057,0,"[6, 78, 151, 0]",-1,0,0,0,1
4058,0,"[29, 98, 182, 0]",-1,0,0,0,1
4059,0,"[24, 98, 251, 0]",-1,0,0,0,1
4060,0,"[53, 69, 191, 0]",-1,0,0,0,1
4061,0,"[10, 102, 98, 0]",-1,0,0,0,1
4062,0,"[7, 56, 175, 0]",-1,0,0,0,1
4063,0,"[33, 85, 48, 0]",-1,0,0,0,1
4064,0,"[63, 3, 53, 0]",-1,0,0,0,1
4065,0,"[50, 114, 53, 0]",-1,0,0,0,1
4066,0,"[0, 42, 153, 0]",-1,0,0,1,1
4067,0,"[53, 78, 237, 0]",-1,0,0,0,1
4068,0,"[1, 112, 63, 0]",-1,0,0,0,1
4069,0,"[4, 100, 66, 0]",-1,0,0,0,1
4070,0,"[40, 83, 169, 0]",-1,0,0,0,1
4071,0,"[16, 7, 7, 0]",-1,0,0,0,1
4072,0,"[4, 75, 110, 0]",-1,0,0,0,1
4073,0,"[52, 51, 7, 0]",-1,0,0,0,1
4074,0,"[55, 29, 83, 0]",-1,0,0,0,1
4075,0,"[41, 59, 175, 0]",-1,0,0,0,1
4076,0,"[41, 18, 48, 0]",-1,0,0,0,1
4077,0,"[14, 66, 216, 0]",-1,0,0,0,1
4078,0,"[59, 119, 89, 0]",-1,0,0,0,1
4079,0,"[25, 3, 158, 0]",-1,0,0,0,1
4080,0,"[45, 51, 43, 0]",-1,0,0,0,1
4081,0,"[23, 97, 61, 0]",-1,0,0,0,1
4082,0,"[10, 97, 0, 0]",-1,0,0,0,1
4083,0,"[21, 1, 172, 0]",-1,0,0,0,1
4084,0,"[26, 49, 147, 0]",-1,0,0,0,1
4085,0,"[22, 23, 24, 0]",-1,0,0,0,1
4086,0,"[20, 52, 195, 0]",-1,0,0,0,1
4087,0,"[19, 63, 25, 0]",-1,0,0,0,1
4088,0,"[29, 101, 26, 0]",-1,0,0,0,1
4089,0,"[2, 12, 3, 0]",-1,0,0,0,1
4090,0,"[16, 53, 214, 0]",-1,0,0,0,1
4091,0,"[4, 43, 15, 0]",-1,0,0,0,1
4092,0,"[0, 77, 230, 0]",-1,0,0,1,1
4093,0,"[61, 87, 46, 0]",-1,0,0,0,1
4094,0,"[10, 84, 209, 0]",-1,0,0,0,1
4095,0,"[3, 28, 77, 0]",-1,0,0,0,1
4096,0,"[55, 101, 22, 0]",-1,0,0,0,1
4097,0,"[4, 87, 230, 0]",-1,0,0,0,1
4098,0,"[5, 117, 74, 0]",-1,0,0,0,1
4099,0,"[5, 54, 84, 0]",-1,0,0,0,1
4100,0,"[5, 0, 137, 0]",-1,0,0,0,1
4101,0,"[32, 12, 137, 0]",-1,0,0,0,1
4102,0,"[4, 111, 119, 0]",-1,0,0,0,1
4103,0,"[42, 16, 118, 0]",-1,0,0,0,1
4104,0,"[16, 59, 30, 0]",-1,0,0,0,1
4105,0,"[61, 89, 11, 0]",-1,0,0,0,1
4106,0,"[4, 84, 25, 0]",-1,0,0,0,1
4107,0,"[44, 105, 21, 0]",-1,0,0,0,1
4108,0,"[59, 126, 119, 0]",-1,0,0,0,1
4109,0,"[9, 102, 206, 0]",-1,0,0,0,1
4110,0,"[7, 24, 162, 0]",-1,0,0,0,1
4111,0,"[30, 24, 243, 0]",-1,0,0,0,1
4112,0,"[48, 127, 235, 0]",-1,0,0,0,1
4113,0,"[60, 29, 230, 0]",-1,0,0,0,1
4114,0,"[48, 122, 156, 0]",-1,0,0,0,1
4115,0,"[4, 20, 193, 0]",-1,0,0,0,1
4116,0,"[35, 38, 114, 0]",-1,0,0,0,1
4117,0,"[60, 115, 56, 0]",-1,0,0,0,1
4118,0,"[34, 33, 85, 0]",-1,0,0,0,1
4119,0,"[0, 0, 0, 2]",-1,0,1,3,1
4120,0,"[13, 44, 195, 0]",-1,0,0,0,1
4121,0,"[11, 94, 243, 0]",-1,0,0,0,1
4122,0,"[59, 79, 73, 0]",-1,0,0,0,1
4123,0,"[7, 24, 162, 0]",-1,0,0,0,1
4124,0,"[21, 123, 45, 0]",-1,0,0,0,1
4125,0,"[38, 84, 192, 0]",-1,0,0,0,1
4126,0,"[59, 19, 8, 0]",-1,0,0,0,1
4127,0,"[49, 83, 100, 0]",-1,0,0,0,1
4128,0,"[16, 19, 83, 0]",-1,0,0,0,1
4129,0,"[25, 64, 56, 0]",-1,0,0,0,1
4130,0,"[33, 127, 237, 0]",-1,0,0,0,1
4131,0,"[16, 52, 105, 0]",-1,0,0,0,1
4132,0,"[62, 90, 102, 0]",-1,0,0,0,1
4133,0,"[38, 74, 2, 0]",-1,0,0,0,1
4134,0,"[13, 27, 133, 0]",-1,0,0,0,1
4135,0,"[26, 107, 76, 0]",-1,0,0,0,1
4136,0,"[32, 95, 206, 0]",-1,0,0,0,1
4137,0,"[26, 29, 106, 0]",-1,0,0,0,1
4138,0,"[59, 126, 119, 0]",-1,0,0,0,1
4139,0,"[56, 101, 190, 0]",-1,0,0,0,1
4140,0,"[11, 87, 221, 0]",-1,0,0,0,1
4141,0,"[11, 73, 129, 0]",-1,0,0,0,1
4142,0,"[11, 53, 119, 0]",-1,0,0,0,1
4143,0,"[10, 31, 9, 0]",-1,0,0,0,1
4144,0,"[22, 116, 39, 0]",-1,0,0,0,1
4145,0,"[7, 26, 175, 0]",-1,0,0,0,1
4146,0,"[3, 93, 98, 0]",-1,0,0,0,1
4147,0,"[26, 78, 182, 0]",-1,0,0,0,1
4148,0,"[52, 8, 154, 0]",-1,0,0,0,1
4149,0,"[1, 75, 152, 0]",-1,0,0,0,1
4150,0,"[44, 24, 106, 0]",-1,0,0,0,1
4151,0,"[9, 91, 3, 0]",-1,0,0,0,1
4152,0,"[53, 22, 35, 0]",-1,0,0,0,1
4153,0,"[50, 117, 234, 0]",-1,0,0,0,1
4154,0,"[33, 43, 19, 1]",-1,0,0,0,1
4155,0,"[2, 25, 99, 0]",-1,0,0,0,1
4156,0,"[3, 10, 1, 0]",-1,0,0,0,1
4157,0,"[37, 53, 193, 0]",-1,0,0,0,1
4158,0,"[13, 111, 218, 0]",-1,0,0,0,1
4159,0,"[28, 110, 135, 0]",-1,0,0,0,1
4160,0,"[32, 51, 198, 0]",-1,0,0,0,1
4161,0,"[38, 15, 132, 0]",-1,0,0,0,1
4162,0,"[35, 102, 95, 0]",-1,0,0,0,1
4163,0,"[56, 27, 212, 0]",-1,0,0,0,1
4164,0,"[18, 73, 47, 0]",-1,0,0,0,1
4165,0,"[39, 66, 141, 0]",-1,0,0,0,1
4166,0,"[30, 68, 50, 0]",-1,0,0,0,1
4167,0,"[12, 126, 201, 0]",-1,0,0,0,1
4168,0,"[61, 115, 168, 0]",-1,0,0,0,1
4169,0,"[18, 13, 174, 0]",-1,0,0,0,1
4170,0,"[32, 110, 205, 0]",-1,0,0,0,1
4171,0,"[25, 91, 188, 0]",-1,0,0,0,1
4172,0,"[15, 115, 79, 0]",-1,0,0,0,1
4173,0,"[16, 14, 77, 0]",-1,0,0,0,1
4174,0,"[10, 80, 6, 0]",-1,0,0,0,1
4175,0,"[32, 108, 59, 0]",-1,0,0,0,1
4176,0,"[44, 67, 54, 0]",-1,0,0,0,1
4177,0,"[58, 109, 98, 0]",-1,0,0,0,1
4178,0,"[15, 86, 171, 0]",-1,0,0,0,1
4179,0,"[38, 100, 11, 0]",-1,0,0,0,1
4180,0,"[45, 26, 146, 0]",-1,0,0,0,1
4181,0,"[14, 0, 168, 0]",-1,0,0,0,1
4182,0,"[16, 36, 75, 0]",-1,0,0,0,1
4183,0,"[56, 18, 61, 0]",-1,0,0,0,1
4184,0,"[10, 10, 116, 0]",-1,0,0,0,1
4185,0,"[18, 46, 142, 0]",-1,0,0,0,1
4186,0,"[13, 102, 190, 0]",-1,0,0,0,1
4187,0,"[10, 12, 98, 0]",-1,0,0,0,1
4188,0,"[31, 28, 232, 0]",-1,0,0,0,1
4189,0,"[11, 3, 32, 0]",-1,0,0,0,1
4190,0,"[10, 60, 96, 0]",-1,0,0,0,1
4191,0,"[20, 52, 195, 0]",-1,0,0,0,1
4192,0,"[13, 17, 198, 0]",-1,0,0,0,1
4193,0,"[4, 85, 238, 0]",-1,0,0,0,1
4194,0,"[23, 64, 230, 0]",-1,0,0,0,1
4195,0,"[42, 34, 93, 0]",-1,0,0,0,1
4196,0,"[59, 8, 197, 0]",-1,0,0,0,1
4197,0,"[57, 107, 144, 0]",-1,0,0,0,1
4198,0,"[14, 94, 174, 0]",-1,0,0,0,1
4199,0,"[13, 68, 135, 0]",-1,0,0,0,1
4200,0,"[9, 32, 177, 0]",-1,0,0,0,1
4201,0,"[13, 43, 145, 0]",-1,0,0,0,1
4202,0,"[24, 43, 204, 0]",-1,0,0,0,1
4203,0,"[36, 120, 65, 0]",-1,0,0,0,1
4204,0,"[26, 42, 95, 0]",-1,0,0,0,1
4205,0,"[25, 95, 163, 0]",-1,0,0,0,1
4206,0,"[27, 113, 122, 0]",-1,0,0,0,1
4207,0,"[4, 62, 183, 0]",-1,0,0,0,1
4208,0,"[22, 89, 234, 0]",-1,0,0,0,1
4209,0,"[43, 75, 165, 0]",-1,0,0,0,1
4210,0,"[0, 80, 172, 0]",-1,0,0,1,1
4211,0,"[62, 49, 162, 0]",-1,0,0,0,1
4212,0,"[18, 94, 14, 0]",-1,0,0,0,1
4213,0,"[48, 82, 112, 0]",-1,0,0,0,1
4214,0,"[11, 117, 69, 0]",-1,0,0,0,1
4215,0,"[17, 2, 226, 0]",-1,0,0,0,1
4216,0,"[21, 24, 15, 0]",-1,0,0,0,1
4217,0,"[38, 74, 2, 0]",-1,0,0,0,1
4218,0,"[56, 113, 114, 0]",-1,0,0,0,1
4219,0,"[56, 5, 247, 0]",-1,0,0,0,1
4220,0,"[34, 101, 26, 0]",-1,0,0,0,1
4221,0,"[47, 78, 147, 0]",-1,0,0,0,1
4222,0,"[2, 48, 204, 0]",-1,0,0,0,1
4223,0,"[32, 1, 215, 0]",-1,0,0,0,1
4224,0,"[20, 41, 16, 0]",-1,0,0,0,1
4225,0,"[60, 19, 163, 0]",-1,0,0,0,1
4226,0,"[4, 44, 70, 0]",-1,0,0,0,1
4227,0,"[48, 124, 8, 0]",-1,0,0,0,1
4228,0,"[38, 109, 184, 0]",-1,0,0,0,1
4229,0,"[39, 103, 76, 0]",-1,0,0,0,1
4230,0,"[56, 104, 89, 0]",-1,0,0,0,1
4231,0,"[31, 1, 45, 0]",-1,0,0,0,1
4232,0,"[9, 94, 65, 0]",-1,0,0,0,1
4233,0,"[27, 62, 199, 0]",-1,0,0,0,1
4234,0,"[38, 125, 209, 0]",-1,0,0,0,1
4235,0,"[34, 36, 126, 0]",-1,0,0,0,1
4236,0,"[39, 100, 164, 0]",-1,0,0,0,1
4237,0,"[46, 52, 126, 0]",-1,0,0,0,1
4238,0,"[11, 31, 145, 0]",-1,0,0,0,1
4239,0,"[3, 107, 203, 0]",-1,0,0,0,1
4240,0,"[13, 110, 20, 0]",-1,0,0,0,1
4241,0,"[54, 38, 225, 0]",-1,0,0,0,1
4242,0,"[11, 69, 114, 0]",-1,0,0,0,1
4243,0,"[35, 41, 63, 0]",-1,0,0,0,1
4244,0,"[31, 123, 31, 0]",-1,0,0,0,1
4245,0,"[60, 124, 205, 0]",-1,0,0,0,1
4246,0,"[56, 5, 247, 0]",-1,0,0,0,1
4247,0,"[0, 10, 170, 0]",-1,0,0,1,1
4248,0,"[51, 60, 197, 0]",-1,0,0,0,1
4249,0,"[5, 60, 133, 0]",-1,0,0,0,1
4250,0,"[58, 29, 154, 0]",-1,0,0,0,1
4251,0,"[62, 123, 73, 0]",-1,0,0,0,1
4252,0,"[44, 18, 192, 0]",-1,0,0,0,1
4253,0,"[14, 57, 201, 0]",-1,0,0,0,1
4254,0,"[47, 0, 69, 0]",-1,0,0,0,1
4255,0,"[33, 31, 98, 0]",-1,0,0,0,1
4256,0,"[20, 52, 195, 0]",-1,0,0,0,1
4257,0,"[26, 74, 91, 0]",-1,0,0,0,1
4258,0,"[43, 103, 66, 0]",-1,0,0,0,1
4259,0,"[32, 34, 128, 0]",-1,0,0,0,1
4260,0,"[38, 85, 94, 0]",-1,0,0,0,1
4261,0,"[47, 127, 230, 0]",-1,0,0,0,1
4262,0,"[30, 94, 154, 0]",-1,0,0,0,1
4263,0,"[11, 36, 106, 0]",-1,0,0,0,1
4264,0,"[54, 1, 21, 0]",-1,0,0,0,1
4265,0,"[26, 91, 99, 0]",-1,0,0,0,1
4266,0,"[2, 15, 129, 0]",-1,0,0,0,1
4267,0,"[49, 115, 124, 0]",-1,0,0,0,1
4268,0,"[16, 59, 46, 0]",-1,0,0,0,1
4269,0,"[37, 53, 193, 0]",-1,0,0,0,1
4270,0,"[34, 100, 44, 0]",-1,0,0,0,1
4271,0,"[48, 53, 84, 0]",-1,0,0,0,1
4272,0,"[39, 114, 129, 0]",-1,0,0,0,1
4273,0,"[5, 119, 5, 0]",-1,0,0,0,1
4274,0,"[56, 104, 148, 0]",-1,0,0,0,1
4275,0,"[19, 32, 174, 0]",-1,0,0,0,1
4276,0,"[53, 103, 175, 0]",-1,0,0,0,1
4277,0,"[4, 46, 59, 0]",-1,0,0,0,1
4278,0,"[2, 31, 84, 0]",-1,0,0,0,1
4279,0,"[15, 56, 236, 0]",-1,0,0,0,1
4280,0,"[26, 32, 3, 0]",-1,0,0,0,1
4281,0,"[43, 46, 118, 0]",-1,0,0,0,1
4282,0,"[9, 65, 235, 0]",-1,0,0,0,1
4283,0,"[56, 89, 206, 0]",-1,0,0,0,1
4284,0,"[23, 63, 137, 0]",-1,0,0,0,1
4285,0,"[58, 34, 236, 0]",-1,0,0,0,1
4286,0,"[61, 46, 189, 0]",-1,0,0,0,1
4287,0,"[18, 73, 243, 0]",-1,0,0,0,1
4288,0,"[13, 31, 100, 0]",-1,0,0,0,1
4289,0,"[35, 31, 9, 0]",-1,0,0,0,1
4290,0,"[49, 18, 80, 0]",-1,0,0,0,1
4291,0,"[32, 114, 136, 0]",-1,0,0,0,1
4292,0,"[8, 45, 158, 0]",-1,0,0,0,1
4293,0,"[25, 68, 189, 0]",-1,0,0,0,1
4294,0,"[28, 16, 197, 0]",-1,0,0,0,1
4295,0,"[37, 88, 133, 0]",-1,0,0,0,1
4296,0,"[44, 98, 57, 0]",-1,0,0,0,1
4297,0,"[3, 15, 210, 0]",-1,0,0,0,1
4298,0,"[22, 125, 191, 0]",-1,0,0,0,1
4299,0,"[33, 127, 204, 0]",-1,0,0,0,1
4300,0,"[54, 59, 222, 0]",-1,0,0,0,1
4301,0,"[53, 69, 191, 0]",-1,0,0,0,1
4302,0,"[52, 88, 169, 0]",-1,0,0,0,1
4303,0,"[28, 83, 155, 0]",-1,0,0,0,1
4304,0,"[41, 103, 167, 0]",-1,0,0,0,1
4305,0,"[4, 30, 169, 0]",-1,0,0,0,1
4306,0,"[4, 6, 130, 0]",-1,0,0,0,1
4307,0,"[12, 96, 156, 0]",-1,0,0,0,1
4308,0,"[45, 80, 72, 0]",-1,0,0,0,1
4309,0,"[5, 60, 28, 0]",-1,0,0,0,1
4310,0,"[40, 43, 141, 0]",-1,0,0,0,1
4311,0,"[33, 109, 172, 0]",-1,0,0,0,1
4312,0,"[51, 24, 15, 0]",-1,0,0,0,1
4313,0,"[9, 90, 88, 0]",-1,0,0,0,1
4314,0,"[8, 49, 125, 0]",-1,0,0,0,1
4315,0,"[13, 113, 167, 0]",-1,0,0,0,1
4316,0,"[34, 110, 13, 0]",-1,0,0,0,1
4317,0,"[53, 78, 237, 0]",-1,0,0,0,1
4318,0,"[6, 1, 11, 0]",-1,0,0,0,1
4319,0,"[43, 109, 252, 0]",-1,0,0,0,1
4320,0,"[3, 15, 210, 0]",-1,0,0,0,1
4321,0,"[61, 50, 57, 0]",-1,0,0,0,1
4322,0,"[61, 4, 191, 0]",-1,0,0,0,1
4323,0,"[20, 44, 241, 0]",-1,0,0,0,1
4324,0,"[41, 42, 150, 0]",-1,0,0,0,1
4325,0,"[17, 100, 68, 0]",-1,0,0,0,1
4326,0,"[62, 85, 86, 0]",-1,0,0,0,1
4327,0,"[61, 46, 189, 0]",-1,0,0,0,1
4328,0,"[40, 101, 228, 0]",-1,0,0,0,1
4329,0,"[54, 113, 142, 0]",-1,0,0,0,1
4330,0,"[14, 119, 200, 0]",-1,0,0,0,1
4331,0,"[22, 89, 234, 0]",-1,0,0,0,1
4332,0,"[37, 3, 246, 0]",-1,0,0,0,1
4333,0,"[0, 12, 59, 0]",-1,0,0,1,1
4334,0,"[46, 59, 147, 0]",-1,0,0,0,1
4335,0,"[33, 50, 117, 0]",-1,0,0,0,1
4336,0,"[5, 9, 167, 0]",-1,0,0,0,1
4337,0,"[43, 82, 100, 0]",-1,0,0,0,1
4338,0,"[16, 114, 83, 0]",-1,0,0,0,1
4339,0,"[35, 95, 115, 0]",-1,0,0,0,1
4340,0,"[21, 96, 172, 0]",-1,0,0,0,1
4341,0,"[25, 92, 121, 0]",-1,0,0,0,1
4342,0,"[38, 85, 94, 0]",-1,0,0,0,1
4343,0,"[38, 13, 188, 0]",-1,0,0,0,1
4344,0,"[38, 13, 188, 0]",-1,0,0,0,1
4345,0,"[53, 23, 26, 0]",-1,0,0,0,1
4346,0,"[48, 53, 84, 0]",-1,0,0,0,1
4347,0,"[36, 35, 166, 0]",-1,0,0,0,1
4348,0,"[5, 103, 120, 0]",-1,0,0,0,1
4349,0,"[18, 46, 44, 0]",-1,0,0,0,1
4350,0,"[32, 41, 47, 0]",-1,0,0,0,1
4351,0,"[25, 33, 54, 0]",-1,0,0,0,1
4352,0,"[55, 69, 185, 0]",-1,0,0,0,1
4353,0,"[11, 94, 7, 0]",-1,0,0,0,1
4354,0,"[39, 126, 201, 0]",-1,0,0,0,1
4355,0,"[53, 5, 238, 0]",-1,0,0,0,1
4356,0,"[13, 102, 124, 0]",-1,0,0,0,1
4357,0,"[22, 62, 173, 0]",-1,0,0,0,1
4358,0,"[52, 101, 238, 0]",-1,0,0,0,1
4359,0,"[54, 40, 136, 0]",-1,0,0,0,1
4360,0,"[46, 63, 119, 0]",-1,0,0,0,1
4361,0,"[56, 107, 12, 0]",-1,0,0,0,1
4362,0,"[53, 68, 180, 0]",-1,0,0,0,1
4363,0,"[54, 120, 208, 0]",-1,0,0,0,1
4364,0,"[62, 60, 38, 0]",-1,0,0,0,1
4365,0,"[58, 90, 223, 0]",-1,0,0,0,1
4366,0,"[31, 32, 119, 0]",-1,0,0,0,1
4367,0,"[42, 51, 41, 0]",-1,0,0,0,1
4368,0,"[58, 14, 6, 0]",-1,0,0,0,1
4369,0,"[31, 16, 141, 0]",-1,0,0,0,1
4370,0,"[23, 71, 19, 0]",-1,0,0,0,1
4371,0,"[56, 54, 223, 0]",-1,0,0,0,1
4372,0,"[16, 35, 3, 0]",-1,0,0,0,1
4373,0,"[56, 80, 206, 0]",-1,0,0,0,1
4374,0,"[38, 84, 192, 0]",-1,0,0,0,1
4375,0,"[31, 69, 241, 0]",-1,0,0,0,1
4376,0,"[14, 53, 101, 0]",-1,0,0,0,1
4377,0,"[43, 0, 232, 0]",-1,0,0,0,1
4378,0,"[14, 96, 96, 0]",-1,0,0,0,1
4379,0,"[46, 14, 141, 0]",-1,0,0,0,1
4380,0,"[20, 66, 217, 0]",-1,0,0,0,1
4381,0,"[16, 92, 198, 0]",-1,0,0,0,1
4382,0,"[5, 126, 36, 0]",-1,0,0,0,1
4383,0,"[53, 67, 135, 0]",-1,0,0,0,1
4384,0,"[30, 111, 219, 0]",-1,0,0,0,1
4385,0,"[46, 21, 240, 0]",-1,0,0,0,1
4386,0,"[5, 109, 179, 0]",-1,0,0,0,1
4387,0,"[2, 12, 195, 0]",-1,0,0,0,1
4388,0,"[20, 44, 241, 0]",-1,0,0,0,1
4389,0,"[52, 88, 169, 0]",-1,0,0,0,1
4390,0,"[26, 24, 80, 0]",-1,0,0,0,1
4391,0,"[61, 112, 223, 0]",-1,0,0,0,1
4392,0,"[36, 55, 58, 0]",-1,0,0,0,1
4393,0,"[46, 103, 96, 0]",-1,0,0,0,1
4394,0,"[59, 52, 160, 0]",-1,0,0,0,1
4395,0,"[46, 90, 72, 0]",-1,0,0,0,1
4396,0,"[7, 77, 44, 0]",-1,0,0,0,1
4397,0,"[31, 123, 31, 0]",-1,0,0,0,1
4398,0,"[16, 100, 162, 0]",-1,0,0,0,1
4399,0,"[62, 110, 127, 0]",-1,0,0,0,1
4400,0,"[14, 36, 245, 0]",-1,0,0,0,1
4401,0,"[5, 103, 255, 0]",-1,0,0,0,1
4402,0,"[14, 11, 140, 0]",-1,0,0,0,1
4403,0,"[14, 53, 101, 0]",-1,0,0,0,1
4404,0,"[34, 80, 214, 0]",-1,0,0,0,1
4405,0,"[14, 66, 216, 0]",-1,0,0,0,1
4406,0,"[50, 63, 214, 0]",-1,0,0,0,1
4407,0,"[62, 13, 223, 0]",-1,0,0,0,1
4408,0,"[56, 96, 167, 0]",-1,0,0,0,1
4409,0,"[39, 58, 161, 0]",-1,0,0,0,1
4410,0,"[46, 90, 241, 0]",-1,0,0,0,1
4411,0,"[43, 26, 253, 0]",-1,0,0,0,1
4412,0,"[57, 53, 144, 0]",-1,0,0,0,1
4413,0,"[62, 11, 63, 0]",-1,0,0,0,1
4414,0,"[59, 31, 26, 0]",-1,0,0,0,1
4415,0,"[19, 0, 10, 0]",-1,0,0,0,1
4416,0,"[10, 31, 9, 0]",-1,0,0,0,1
4417,0,"[4, 30, 169, 0]",-1,0,0,0,1
4418,0,"[9, 43, 20, 0]",-1,0,0,0,1
4419,0,"[7, 98, 27, 0]",-1,0,0,0,1
4420,0,"[13, 33, 12, 0]",-1,0,0,0,1
4421,0,"[41, 11, 80, 0]",-1,0,0,0,1
4422,0,"[48, 53, 84, 0]",-1,0,0,0,1
4423,0,"[41, 6, 1, 0]",-1,0,0,0,1
4424,0,"[20, 122, 133, 0]",-1,0,0,0,1
4425,0,"[2, 92, 48, 0]",-1,0,0,0,1
4426,0,"[51, 79, 41, 0]",-1,0,0,0,1
4427,0,"[32, 94, 157, 0]",-1,0,0,0,1
4428,0,"[58, 107, 46, 0]",-1,0,0,0,1
4429,0,"[15, 1, 65, 0]",-1,0,0,0,1
4430,0,"[16, 92, 198, 0]",-1,0,0,0,1
4431,0,"[25, 58, 5, 0]",-1,0,0,0,1
4432,0,"[30, 106, 90, 0]",-1,0,0,0,1
4433,0,"[4, 46, 59, 0]",-1,0,0,0,1
4434,0,"[47, 64, 232, 0]",-1,0,0,0,1
4435,0,"[9, 69, 237, 0]",-1,0,0,0,1
4436,0,"[23, 71, 221, 0]",-1,0,0,0,1
4437,0,"[28, 125, 33, 0]",-1,0,0,0,1
4438,0,"[42, 36, 5, 0]",-1,0,0,0,1
4439,0,"[20, 54, 163, 0]",-1,0,0,0,1
4440,0,"[61, 46, 189, 0]",-1,0,0,0,1
4441,0,"[12, 62, 85, 0]",-1,0,0,0,1
4442,0,"[37, 94, 5, 0]",-1,0,0,0,1
4443,0,"[8, 50, 163, 0]",-1,0,0,0,1
4444,0,"[6, 85, 202, 0]",-1,0,0,0,1
4445,0,"[6, 85, 202, 0]",-1,0,0,0,1
4446,0,"[44, 26, 126, 0]",-1,0,0,0,1
4447,0,"[17, 3, 66, 0]",-1,0,0,0,1
4448,0,"[46, 74, 112, 0]",-1,0,0,0,1
4449,0,"[49, 115, 193, 0]",-1,0,0,0,1
4450,0,"[22, 15, 169, 0]",-1,0,0,0,1
4451,0,"[56, 24, 245, 0]",-1,0,0,0,1
4452,0,"[12, 15, 118, 0]",-1,0,0,0,1
4453,0,"[24, 3, 64, 0]",-1,0,0,0,1
4454,0,"[13, 95, 133, 0]",-1,0,0,0,1
4455,0,"[9, 18, 107, 0]",-1,0,0,0,1
4456,0,"[18, 69, 95, 0]",-1,0,0,0,1
4457,0,"[0, 20, 193, 0]",-1,0,0,1,1
4458,0,"[13, 102, 47, 0]",-1,0,0,0,1
4459,0,"[34, 5, 46, 0]",-1,0,0,0,1
4460,0,"[24, 58, 229, 0]",-1,0,0,0,1
4461,0,"[31, 126, 115, 0]",-1,0,0,0,1
4462,0,"[38, 100, 180, 0]",-1,0,0,0,1
4463,0,"[41, 77, 250, 0]",-1,0,0,0,1
4464,0,"[31, 25, 145, 0]",-1,0,0,0,1
4465,0,"[10, 13, 152, 0]",-1,0,0,0,1
4466,0,"[62, 54, 129, 0]",-1,0,0,0,1
4467,0,"[27, 86, 60, 0]",-1,0,0,0,1
4468,0,"[37, 77, 3, 0]",-1,0,0,0,1
4469,0,"[62, 41, 41, 0]",-1,0,0,0,1
4470,0,"[28, 27, 9, 0]",-1,0,0,0,1
4471,0,"[3, 101, 46, 0]",-1,0,0,0,1
4472,0,"[35, 87, 239, 0]",-1,0,0,0,1
4473,0,"[54, 127, 9, 0]",-1,0,0,0,1
4474,0,"[2, 117, 122, 0]",-1,0,0,0,1
4475,0,"[63, 50, 252, 0]",-1,0,0,0,1
4476,0,"[4, 46, 238, 0]",-1,0,0,0,1
4477,0,"[58, 38, 168, 0]",-1,0,0,0,1
4478,0,"[43, 72, 69, 0]",-1,0,0,0,1
4479,0,"[13, 43, 42, 0]",-1,0,0,0,1
4480,0,"[0, 64, 196, 0]",-1,0,0,1,1
4481,0,"[61, 2, 29, 0]",-1,0,0,0,1
4482,0,"[13, 94, 160, 0]",-1,0,0,0,1
4483,0,"[16, 76, 23, 0]",-1,0,0,0,1
4484,0,"[8, 50, 163, 0]",-1,0,0,0,1
4485,0,"[48, 127, 171, 0]",-1,0,0,0,1
4486,0,"[6, 43, 169, 0]",-1,0,0,0,1
4487,0,"[31, 11, 240, 0]",-1,0,0,0,1
4488,0,"[63, 52, 156, 0]",-1,0,0,0,1
4489,0,"[61, 36, 30, 0]",-1,0,0,0,1
4490,0,"[49, 37, 248, 0]",-1,0,0,0,1
4491,0,"[38, 84, 64, 0]",-1,0,0,0,1
4492,0,"[0, 66, 11, 0]",-1,0,0,1,1
4493,0,"[2, 75, 16, 0]",-1,0,0,0,1
4494,0,"[14, 29, 30, 0]",-1,0,0,0,1
4495,0,"[36, 35, 111, 0]",-1,0,0,0,1
4496,0,"[38, 61, 102, 0]",-1,0,0,0,1
4497,0,"[36, 118, 137, 0]",-1,0,0,0,1
4498,0,"[8, 51, 233, 0]",-1,0,0,0,1
4499,0,"[1, 112, 63, 0]",-1,0,0,0,1
4500,0,"[23, 120, 17, 0]",-1,0,0,0,1
4501,0,"[3, 78, 147, 0]",-1,0,0,0,1
4502,0,"[16, 114, 42, 0]",-1,0,0,0,1
4503,0,"[9, 32, 177, 0]",-1,0,0,0,1
4504,0,"[4, 66, 3, 0]",-1,0,0,0,1
4505,0,"[10, 64, 130, 0]",-1,0,0,0,1
4506,0,"[38, 84, 192, 0]",-1,0,0,0,1
4507,0,"[62, 108, 122, 0]",-1,0,0,0,1
4508,0,"[27, 87, 28, 0]",-1,0,0,0,1
4509,0,"[58, 61, 145, 0]",-1,0,0,0,1
4510,0,"[10, 88, 224, 0]",-1,0,0,0,1
4511,0,"[29, 48, 86, 0]",-1,0,0,0,1
4512,0,"[40, 16, 11, 0]",-1,0,0,0,1
4513,0,"[19, 0, 10, 0]",-1,0,0,0,1
4514,0,"[43, 59, 86, 0]",-1,0,0,0,1
4515,0,"[16, 19, 83, 0]",-1,0,0,0,1
4516,0,"[14, 97, 54, 0]",-1,0,0,0,1
4517,0,"[50, 80, 174, 0]",-1,0,0,0,1
4518,0,"[55, 100, 93, 0]",-1,0,0,0,1
4519,0,"[37, 60, 27, 0]",-1,0,0,0,1
4520,0,"[48, 9, 117, 0]",-1,0,0,0,1
4521,0,"[45, 26, 120, 0]",-1,0,0,0,1
4522,0,"[10, 112, 246, 0]",-1,0,0,0,1
4523,0,"[37, 84, 43, 0]",-1,0,0,0,1
4524,0,"[43, 59, 58, 0]",-1,0,0,0,1
4525,0,"[59, 54, 107, 0]",-1,0,0,0,1
4526,0,"[59, 127, 11, 0]",-1,0,0,0,1
4527,0,"[13, 108, 233, 0]",-1,0,0,0,1
4528,0,"[24, 13, 185, 0]",-1,0,0,0,1
4529,0,"[16, 102, 36, 0]",-1,0,0,0,1
4530,0,"[31, 122, 41, 0]",-1,0,0,0,1
4531,0,"[29, 11, 125, 0]",-1,0,0,0,1
4532,0,"[32, 51, 198, 0]",-1,0,0,0,1
4533,0,"[10, 15, 86, 0]",-1,0,0,0,1
4534,0,"[1, 84, 51, 0]",-1,0,0,0,1
4535,0,"[34, 110, 110, 0]",-1,0,0,0,1
4536,0,"[39, 93, 239, 0]",-1,0,0,0,1
4537,0,"[63, 26, 48, 0]",-1,0,0,0,1
4538,0,"[50, 100, 155, 0]",-1,0,0,0,1
4539,0,"[25, 18, 123, 0]",-1,0,0,0,1
4540,0,"[54, 38, 225, 0]",-1,0,0,0,1
4541,0,"[55, 84, 175, 0]",-1,0,0,0,1
4542,0,"[61, 87, 46, 0]",-1,0,0,0,1
4543,0,"[44, 12, 104, 0]",-1,0,0,0,1
4544,0,"[24, 56, 185, 0]",-1,0,0,0,1
4545,0,"[36, 35, 33, 0]",-1,0,0,0,1
4546,0,"[61, 85, 224, 0]",-1,0,0,0,1
4547,0,"[24, 13, 185, 0]",-1,0,0,0,1
4548,0,"[27, 87, 28, 0]",-1,0,0,0,1
4549,0,"[20, 52, 68, 0]",-1,0,0,0,1
4550,0,"[40, 88, 221, 0]",-1,0,0,0,1
4551,0,"[38, 74, 151, 0]",-1,0,0,0,1
4552,0,"[4, 42, 121, 0]",-1,0,0,0,1
4553,0,"[6, 90, 151, 0]",-1,0,0,0,1
4554,0,"[54, 28, 222, 0]",-1,0,0,0,1
4555,0,"[42, 91, 124, 0]",-1,0,0,0,1
4556,0,"[53, 69, 191, 0]",-1,0,0,0,1
4557,0,"[34, 58, 153, 0]",-1,0,0,0,1
4558,0,"[24, 87, 11, 0]",-1,0,0,0,1
4559,0,"[11, 31, 40, 0]",-1,0,0,0,1
4560,0,"[19, 32, 177, 0]",-1,0,0,0,1
4561,0,"[63, 64, 184, 0]",-1,0,0,0,1
4562,0,"[51, 126, 142, 0]",-1,0,0,0,1
4563,0,"[1, 21, 72, 0]",-1,0,0,0,1
4564,0,"[52, 38, 10, 0]",-1,0,0,0,1
4565,0,"[7, 62, 140, 0]",-1,0,0,0,1
4566,0,"[58, 112, 152, 0]",-1,0,0,0,1
4567,0,"[30, 80, 182, 0]",-1,0,0,0,1
4568,0,"[42, 114, 51, 0]",-1,0,0,0,1
4569,0,"[31, 123, 31, 0]",-1,0,0,0,1
4570,0,"[49, 81, 81, 0]",-1,0,0,0,1
4571,0,"[7, 13, 26, 0]",-1,0,0,0,1
4572,0,"[6, 25, 176, 0]",-1,0,0,0,1
4573,0,"[20, 52, 195, 0]",-1,0,0,0,1
4574,0,"[8, 51, 119, 0]",-1,0,0,0,1
4575,0,"[29, 23, 97, 0]",-1,0,0,0,1
4576,0,"[30, 2, 151, 0]",-1,0,0,0,1
4577,0,"[22, 37, 98, 0]",-1,0,0,0,1
4578,0,"[14, 115, 79, 0]",-1,0,0,0,1
4579,0,"[18, 46, 44, 0]",-1,0,0,0,1
4580,0,"[37, 101, 229, 0]",-1,0,0,0,1
4581,0,"[60, 92, 66, 0]",-1,0,0,0,1
4582,0,"[29, 98, 182, 0]",-1,0,0,0,1
4583,0,"[36, 20, 172, 0]",-1,0,0,0,1
4584,0,"[42, 58, 97, 0]",-1,0,0,0,1
4585,0,"[2, 12, 3, 0]",-1,0,0,0,1
4586,0,"[16, 59, 98, 0]",-1,0,0,0,1
4587,0,"[45, 11, 136, 0]",-1,0,0,0,1
4588,0,"[1, 82, 205, 0]",-1,0,0,0,1
4589,0,"[7, 50, 2, 0]",-1,0,0,0,1
4590,0,"[4, 53, 211, 0]",-1,0,0,0,1
4591,0,"[7, 109, 191, 0]",-1,0,0,0,1
4592,0,"[56, 8, 11, 0]",-1,0,0,0,1
4593,0,"[25, 46, 174, 0]",-1,0,0,0,1
4594,0,"[42, 58, 155, 0]",-1,0,0,0,1
4595,0,"[62, 11, 63, 0]",-1,0,0,0,1
4596,0,"[9, 77, 1, 0]",-1,0,0,0,1
4597,0,"[10, 31, 9, 0]",-1,0,0,0,1
4598,0,"[33, 127, 90, 0]",-1,0,0,0,1
4599,0,"[54, 38, 225, 0]",-1,0,0,0,1
4600,0,"[34, 85, 22, 0]",-1,0,0,0,1
4601,0,"[11, 64, 178, 0]",-1,0,0,0,1
4602,0,"[43, 89, 227, 0]",-1,0,0,0,1
4603,0,"[52, 122, 58, 0]",-1,0,0,0,1
4604,0,"[37, 53, 193, 0]",-1,0,0,0,1
4605,0,"[44, 110, 253, 0]",-1,0,0,0,1
4606,0,"[38, 27, 228, 0]",-1,0,0,0,1
4607,0,"[39, 42, 4, 0]",-1,0,0,0,1
4608,0,"[44, 111, 54, 0]",-1,0,0,0,1
4609,0,"[50, 62, 48, 0]",-1,0,0,0,1
4610,0,"[12, 59, 63, 0]",-1,0,0,0,1
4611,0,"[12, 59, 119, 0]",-1,0,0,0,1
4612,0,"[16, 94, 141, 0]",-1,0,0,0,1
4613,0,"[44, 79, 12, 0]",-1,0,0,0,1
4614,0,"[54, 38, 225, 0]",-1,0,0,0,1
4615,0,"[29, 47, 11, 0]",-1,0,0,0,1
4616,0,"[0, 0, 0, 1]",-1,0,1,3,1
4617,0,"[2, 70, 148, 0]",-1,0,0,0,1
4618,0,"[10, 84, 219, 0]",-1,0,0,0,1
4619,0,"[26, 78, 182, 0]",-1,0,0,0,1
4620,0,"[12, 44, 73, 0]",-1,0,0,0,1
4621,0,"[24, 84, 167, 0]",-1,0,0,0,1
4622,0,"[27, 87, 28, 0]",-1,0,0,0,1
4623,0,"[12, 44, 73, 0]",-1,0,0,0,1
4624,0,"[63, 76, 229, 0]",-1,0,0,0,1
4625,0,"[39, 27, 163, 0]",-1,0,0,0,1
4626,0,"[43, 31, 134, 0]",-1,0,0,0,1
4627,0,"[62, 103, 56, 0]",-1,0,0,0,1
4628,0,"[25, 104, 196, 0]",-1,0,0,0,1
4629,0,"[27, 87, 28, 0]",-1,0,0,0,1
4630,0,"[32, 63, 128, 0]",-1,0,0,0,1
4631,0,"[62, 49, 162, 0]",-1,0,0,0,1
4632,0,"[56, 107, 12, 0]",-1,0,0,0,1
4633,0,"[10, 108, 251, 0]",-1,0,0,0,1
4634,0,"[34, 74, 76, 0]",-1,0,0,0,1
4635,0,"[24, 28, 185, 0]",-1,0,0,0,1
4636,0,"[8, 51, 119, 0]",-1,0,0,0,1
4637,0,"[0, 42, 153, 0]",-1,0,0,1,1
4638,0,"[18, 69, 95, 0]",-1,0,0,0,1
4639,0,"[11, 94, 7, 0]",-1,0,0,0,1
4640,0,"[10, 49, 253, 0]",-1,0,0,0,1
4641,0,"[49, 81, 144, 0]",-1,0,0,0,1
4642,0,"[27, 87, 28, 0]",-1,0,0,0,1
4643,0,"[39, 99, 188, 0]",-1,0,0,0,1
4644,0,"[13, 98, 192, 0]",-1,0,0,0,1
4645,0,"[47, 9, 251, 0]",-1,0,0,0,1
4646,0,"[18, 91, 7, 0]",-1,0,0,0,1
4647,0,"[61, 41, 224, 0]",-1,0,0,0,1
4648,0,"[49, 71, 10, 0]",-1,0,0,0,1
4649,0,"[3, 29, 242, 0]",-1,0,0,0,1
4650,0,"[23, 98, 236, 0]",-1,0,0,0,1
4651,0,"[41, 114, 197, 0]",-1,0,0,0,1
4652,0,"[41, 66, 156, 0]",-1,0,0,0,1
4653,0,"[10, 50, 56, 0]",-1,0,0,0,1
4654,0,"[19, 23, 97, 0]",-1,0,0,0,1
4655,0,"[38, 102, 57, 0]",-1,0,0,0,1
4656,0,"[54, 68, 43, 0]",-1,0,0,0,1
4657,0,"[16, 14, 77, 0]",-1,0,0,0,1
4658,0,"[61, 39, 27, 0]",-1,0,0,0,1
4659,0,"[16, 42, 12, 0]",-1,0,0,0,1
4660,0,"[61, 102, 36, 0]",-1,0,0,0,1
4661,0,"[38, 84, 64, 0]",-1,0,0,0,1
4662,0,"[63, 12, 180, 0]",-1,0,0,0,1
4663,0,"[36, 24, 78, 0]",-1,0,0,0,1
4664,0,"[36, 15, 65, 0]",-1,0,0,0,1
4665,0,"[4, 39, 49, 0]",-1,0,0,0,1
4666,0,"[12, 74, 207, 0]",-1,0,0,0,1
4667,0,"[43, 72, 142, 0]",-1,0,0,0,1
4668,0,"[17, 65, 219, 0]",-1,0,0,0,1
4669,0,"[54, 42, 121, 0]",-1,0,0,0,1
4670,0,"[16, 92, 139, 0]",-1,0,0,0,1
4671,0,"[42, 34, 93, 0]",-1,0,0,0,1
4672,0,"[47, 10, 88, 0]",-1,0,0,0,1
4673,0,"[63, 21, 170, 0]",-1,0,0,0,1
4674,0,"[44, 43, 1, 0]",-1,0,0,0,1
4675,0,"[28, 38, 136, 0]",-1,0,0,0,1
4676,0,"[38, 74, 2, 0]",-1,0,0,0,1
4677,0,"[52, 109, 118, 0]",-1,0,0,0,1
4678,0,"[5, 9, 167, 0]",-1,0,0,0,1
4679,0,"[58, 112, 152, 0]",-1,0,0,0,1
4680,0,"[28, 114, 42, 0]",-1,0,0,0,1
4681,0,"[12, 34, 94, 0]",-1,0,0,0,1
4682,0,"[9, 71, 142, 0]",-1,0,0,0,1
4683,0,"[10, 106, 6, 0]",-1,0,0,0,1
4684,0,"[34, 110, 196, 0]",-1,0,0,0,1
4685,0,"[31, 123, 31, 0]",-1,0,0,0,1
4686,0,"[2, 92, 48, 0]",-1,0,0,0,1
4687,0,"[40, 102, 209, 0]",-1,0,0,0,1
4688,0,"[62, 93, 98, 0]",-1,0,0,0,1
4689,0,"[61, 98, 19, 0]",-1,0,0,0,1
4690,0,"[41, 33, 167, 0]",-1,0,0,0,1
4691,0,"[48, 34, 161, 0]",-1,0,0,0,1
4692,0,"[29, 38, 58, 0]",-1,0,0,0,1
4693,0,"[38, 43, 223, 0]",-1,0,0,0,1
4694,0,"[45, 63, 48, 0]",-1,0,0,0,1
4695,0,"[24, 82, 236, 0]",-1,0,0,0,1
4696,0,"[3, 47, 137, 0]",-1,0,0,0,1
4697,0,"[14, 46, 101, 0]",-1,0,0,0,1
4698,0,"[25, 18, 123, 0]",-1,0,0,0,1
4699,0,"[11, 10, 169, 0]",-1,0,0,0,1
4700,0,"[13, 110, 20, 0]",-1,0,0,0,1
4701,0,"[0, 103, 97, 0]",-1,0,0,1,1
4702,0,"[51, 57, 166, 0]",-1,0,0,0,1
4703,0,"[13, 67, 110, 0]",-1,0,0,0,1
4704,0,"[59, 74, 254, 0]",-1,0,0,0,1
4705,0,"[23, 69, 233, 0]",-1,0,0,0,1
4706,0,"[33, 10, 165, 0]",-1,0,0,0,1
4707,0,"[17, 88, 81, 0]",-1,0,0,0,1
4708,0,"[7, 84, 5, 0]",-1,0,0,0,1
4709,0,"[18, 13, 174, 0]",-1,0,0,0,1
4710,0,"[42, 119, 65, 0]",-1,0,0,0,1
4711,0,"[20, 120, 66, 0]",-1,0,0,0,1
4712,0,"[29, 90, 181, 0]",-1,0,0,0,1
4713,0,"[12, 59, 119, 0]",-1,0,0,0,1
4714,0,"[61, 51, 113, 0]",-1,0,0,0,1
4715,0,"[10, 67, 54, 0]",-1,0,0,0,1
4716,0,"[60, 59, 58, 0]",-1,0,0,0,1
4717,0,"[23, 91, 110, 0]",-1,0,0,0,1
4718,0,"[20, 52, 195, 0]",-1,0,0,0,1
4719,0,"[4, 91, 73, 0]",-1,0,0,0,1
4720,0,"[31, 125, 70, 0]",-1,0,0,0,1
4721,0,"[52, 54, 222, 0]",-1,0,0,0,1
4722,0,"[10, 17, 172, 0]",-1,0,0,0,1
4723,0,"[61, 64, 170, 0]",-1,0,0,0,1
4724,0,"[46, 55, 116, 0]",-1,0,0,0,1
4725,0,"[55, 84, 175, 0]",-1,0,0,0,1
4726,0,"[43, 20, 78, 0]",-1,0,0,0,1
4727,0,"[54, 119, 128, 0]",-1,0,0,0,1
4728,0,"[25, 68, 181, 0]",-1,0,0,0,1
4729,0,"[56, 107, 12, 0]",-1,0,0,0,1
4730,0,"[63, 23, 181, 0]",-1,0,0,0,1
4731,0,"[10, 22, 85, 0]",-1,0,0,0,1
4732,0,"[49, 111, 25, 0]",-1,0,0,0,1
4733,0,"[16, 10, 67, 0]",-1,0,0,0,1
4734,0,"[54, 11, 125, 0]",-1,0,0,0,1
4735,0,"[62, 42, 207, 0]",-1,0,0,0,1
4736,0,"[13, 46, 112, 0]",-1,0,0,0,1
4737,0,"[11, 3, 32, 0]",-1,0,0,0,1
4738,0,"[42, 52, 28, 0]",-1,0,0,0,1
4739,0,"[58, 122, 77, 0]",-1,0,0,0,1
4740,0,"[55, 30, 51, 0]",-1,0,0,0,1
4741,0,"[41, 92, 238, 0]",-1,0,0,0,1
4742,0,"[16, 69, 156, 0]",-1,0,0,0,1
4743,0,"[28, 0, 99, 0]",-1,0,0,0,1
4744,0,"[18, 88, 17, 0]",-1,0,0,0,1
4745,0,"[11, 2, 94, 0]",-1,0,0,0,1
4746,0,"[0, 15, 127, 0]",-1,0,0,1,1
4747,0,"[28, 24, 78, 0]",-1,0,0,0,1
4748,0,"[24, 82, 236, 0]",-1,0,0,0,1
4749,0,"[16, 19, 83, 0]",-1,0,0,0,1
4750,0,"[3, 48, 160, 0]",-1,0,0,0,1
4751,0,"[47, 5, 148, 0]",-1,0,0,0,1
4752,0,"[25, 123, 139, 0]",-1,0,0,0,1
4753,0,"[14, 53, 101, 0]",-1,0,0,0,1
4754,0,"[35, 38, 24, 0]",-1,0,0,0,1
4755,0,"[21, 22, 207, 0]",-1,0,0,0,1
4756,0,"[59, 125, 216, 0]",-1,0,0,0,1
4757,0,"[20, 120, 66, 0]",-1,0,0,0,1
4758,0,"[5, 122, 51, 0]",-1,0,0,0,1
4759,0,"[44, 29, 108, 0]",-1,0,0,0,1
4760,0,"[13, 3, 229, 0]",-1,0,0,0,1
4761,0,"[7, 95, 82, 0]",-1,0,0,0,1
4762,0,"[6, 22, 10, 0]",-1,0,0,0,1
4763,0,"[3, 79, 243, 0]",-1,0,0,0,1
4764,0,"[24, 81, 92, 0]",-1,0,0,0,1
4765,0,"[59, 74, 254, 0]",-1,0,0,0,1
4766,0,"[2, 67, 85, 0]",-1,0,0,0,1
4767,0,"[14, 89, 90, 0]",-1,0,0,0,1
4768,0,"[49, 95, 44, 0]",-1,0,0,0,1
4769,0,"[13, 74, 248, 0]",-1,0,0,0,1
4770,0,"[9, 56, 120, 0]",-1,0,0,0,1
4771,0,"[48, 107, 220, 0]",-1,0,0,0,1
4772,0,"[3, 26, 248, 0]",-1,0,0,0,1
4773,0,"[14, 104, 78, 0]",-1,0,0,0,1
4774,0,"[38, 44, 166, 0]",-1,0,0,0,1
4775,0,"[4, 73, 255, 0]",-1,0,0,0,1
4776,0,"[51, 47, 14, 0]",-1,0,0,0,1
4777,0,"[12, 22, 128, 0]",-1,0,0,0,1
4778,0,"[44, 34, 217, 0]",-1,0,0,0,1
4779,0,"[39, 57, 29, 0]",-1,0,0,0,1
4780,0,"[51, 79, 41, 0]",-1,0,0,0,1
4781,0,"[44, 105, 21, 0]",-1,0,0,0,1
4782,0,"[1, 123, 38, 0]",-1,0,0,0,1
4783,0,"[1, 10, 166, 0]",-1,0,0,0,1
4784,0,"[4, 32, 151, 0]",-1,0,0,0,1
4785,0,"[24, 36, 207, 0]",-1,0,0,0,1
4786,0,"[29, 62, 203, 0]",-1,0,0,0,1
4787,0,"[28, 18, 125, 0]",-1,0,0,0,1
4788,0,"[6, 49, 131, 0]",-1,0,0,0,1
4789,0,"[10, 61, 64, 0]",-1,0,0,0,1
4790,0,"[7, 109, 191, 0]",-1,0,0,0,1
4791,0,"[55, 69, 185, 0]",-1,0,0,0,1
4792,0,"[19, 87, 133, 0]",-1,0,0,0,1
4793,0,"[7, 12, 140, 0]",-1,0,0,0,1
4794,0,"[10, 12, 98, 0]",-1,0,0,0,1
4795,0,"[19, 78, 199, 0]",-1,0,0,0,1
4796,0,"[38, 85, 94, 0]",-1,0,0,0,1
4797,0,"[0, 80, 172, 0]",-1,0,0,1,1
4798,0,"[44, 98, 57, 0]",-1,0,0,0,1
4799,0,"[42, 91, 124, 0]",-1,0,0,0,1
4800,0,"[16, 19, 83, 0]",-1,0,0,0,1
4801,0,"[49, 71, 25, 0]",-1,0,0,0,1
4802,0,"[55, 75, 187, 0]",-1,0,0,0,1
4803,0,"[19, 78, 199, 0]",-1,0,0,0,1
4804,0,"[16, 19, 83, 0]",-1,0,0,0,1
4805,0,"[19, 23, 97, 0]",-1,0,0,0,1
4806,0,"[35, 86, 190, 0]",-1,0,0,0,1
4807,0,"[42, 52, 28, 0]",-1,0,0,0,1
4808,0,"[9, 61, 7, 0]",-1,0,0,0,1
4809,0,"[61, 21, 244, 0]",-1,0,0,0,1
4810,0,"[1, 85, 186, 0]",-1,0,0,0,1
4811,0,"[10, 84, 219, 0]",-1,0,0,0,1
4812,0,"[32, 66, 139, 0]",-1,0,0,0,1
4813,0,"[3, 35, 195, 0]",-1,0,0,0,1
4814,0,"[20, 52, 195, 0]",-1,0,0,0,1
4815,0,"[37, 124, 53, 0]",-1,0,0,0,1
4816,0,"[10, 10, 167, 0]",-1,0,0,0,1
4817,0,"[46, 73, 128, 0]",-1,0,0,0,1
4818,0,"[0, 65, 168, 0]",-1,0,0,1,1
4819,0,"[54, 24, 79, 0]",-1,0,0,0,1
4820,0,"[51, 79, 41, 0]",-1,0,0,0,1
4821,0,"[56, 54, 223, 0]",-1,0,0,0,1
4822,0,"[19, 70, 208, 0]",-1,0,0,0,1
4823,0,"[43, 59, 58, 0]",-1,0,0,0,1
4824,0,"[10, 12, 98, 0]",-1,0,0,0,1
4825,0,"[5, 78, 223, 0]",-1,0,0,0,1
4826,0,"[57, 61, 42, 0]",-1,0,0,0,1
4827,0,"[52, 38, 10, 0]",-1,0,0,0,1
4828,0,"[56, 107, 12, 0]",-1,0,0,0,1
4829,0,"[34, 69, 8, 0]",-1,0,0,0,1
4830,0,"[3, 104, 112, 0]",-1,0,0,0,1
4831,0,"[6, 35, 247, 0]",-1,0,0,0,1
4832,0,"[4, 5, 87, 0]",-1,0,0,0,1
4833,0,"[16, 19, 83, 0]",-1,0,0,0,1
4834,0,"[35, 117, 226, 0]",-1,0,0,0,1
4835,0,"[38, 74, 151, 0]",-1,0,0,0,1
4836,0,"[4, 46, 59, 0]",-1,0,0,0,1
4837,0,"[38, 16, 97, 0]",-1,0,0,0,1
4838,0,"[9, 16, 174, 0]",-1,0,0,0,1
4839,0,"[17, 3, 66, 0]",-1,0,0,0,1
4840,0,"[3, 26, 178, 0]",-1,0,0,0,1
4841,0,"[5, 42, 48, 0]",-1,0,0,0,1
4842,0,"[10, 107, 161, 0]",-1,0,0,0,1
4843,0,"[25, 119, 236, 0]",-1,0,0,0,1
4844,0,"[0, 87, 17, 0]",-1,0,0,1,1
4845,0,"[1, 20, 85, 0]",-1,0,0,0,1
4846,0,"[14, 53, 101, 0]",-1,0,0,0,1
4847,0,"[19, 42, 198, 0]",-1,0,0,0,1
4848,0,"[12, 126, 201, 0]",-1,0,0,0,1
4849,0,"[16, 53, 249, 0]",-1,0,0,0,1
4850,0,"[34, 5, 46, 0]",-1,0,0,0,1
4851,0,"[13, 46, 112, 0]",-1,0,0,0,1
4852,0,"[11, 123, 104, 0]",-1,0,0,0,1
4853,0,"[51, 9, 131, 0]",-1,0,0,0,1
4854,0,"[63, 76, 229, 0]",-1,0,0,0,1
4855,0,"[16, 19, 83, 0]",-1,0,0,0,1
4856,0,"[26, 80, 95, 0]",-1,0,0,0,1
4857,0,"[4, 43, 15, 0]",-1,0,0,0,1
4858,0,"[10, 15, 86, 0]",-1,0,0,0,1
4859,0,"[38, 45, 121, 0]",-1,0,0,0,1
4860,0,"[45, 95, 45, 0]",-1,0,0,0,1
4861,0,"[4, 46, 59, 0]",-1,0,0,0,1
4862,0,"[11, 2, 62, 0]",-1,0,0,0,1
4863,0,"[48, 53, 84, 0]",-1,0,0,0,1
4864,0,"[47, 71, 197, 0]",-1,0,0,0,1
4865,0,"[61, 33, 32, 0]",-1,0,0,0,1
4866,0,"[56, 60, 23, 0]",-1,0,0,0,1
4867,0,"[0, 116, 115, 0]",-1,0,0,1,1
4868,0,"[6, 42, 140, 0]",-1,0,0,0,1
4869,0,"[4, 20, 224, 0]",-1,0,0,0,1
4870,0,"[3, 68, 184, 0]",-1,0,0,0,1
4871,0,"[24, 3, 103, 0]",-1,0,0,0,1
4872,0,"[18, 125, 36, 0]",-1,0,0,0,1
4873,0,"[9, 98, 34, 0]",-1,0,0,0,1
4874,0,"[10, 42, 57, 0]",-1,0,0,0,1
4875,0,"[19, 82, 104, 0]",-1,0,0,0,1
4876,0,"[8, 85, 89, 0]",-1,0,0,0,1
4877,0,"[54, 38, 151, 0]",-1,0,0,0,1
4878,0,"[48, 34, 161, 0]",-1,0,0,0,1
4879,0,"[47, 78, 147, 0]",-1,0,0,0,1
4880,0,"[35, 68, 142, 0]",-1,0,0,0,1
4881,0,"[53, 69, 191, 0]",-1,0,0,0,1
4882,0,"[49, 36, 86, 0]",-1,0,0,0,1
4883,0,"[58, 29, 154, 0]",-1,0,0,0,1
4884,0,"[62, 69, 145, 0]",-1,0,0,0,1
4885,0,"[5, 60, 28, 0]",-1,0,0,0,1
4886,0,"[37, 53, 193, 0]",-1,0,0,0,1
4887,0,"[4, 84, 152, 0]",-1,0,0,0,1
4888,0,"[47, 74, 131, 0]",-1,0,0,0,1
4889,0,"[30, 33, 170, 0]",-1,0,0,0,1
4890,0,"[20, 52, 68, 0]",-1,0,0,0,1
4891,0,"[42, 43, 179, 0]",-1,0,0,0,1
4892,0,"[61, 57, 158, 0]",-1,0,0,0,1
4893,0,"[40, 13, 54, 0]",-1,0,0,0,1
4894,0,"[54, 110, 32, 0]",-1,0,0,0,1
4895,0,"[31, 116, 230, 0]",-1,0,0,0,1
4896,0,"[49, 57, 183, 0]",-1,0,0,0,1
4897,0,"[58, 112, 152, 0]",-1,0,0,0,1
4898,0,"[44, 105, 21, 0]",-1,0,0,0,1
4899,0,"[43, 99, 57, 0]",-1,0,0,0,1
4900,0,"[46, 82, 64, 0]",-1,0,0,0,1
4901,0,"[51, 33, 15, 0]",-1,0,0,0,1
4902,0,"[6, 85, 202, 0]",-1,0,0,0,1
4903,0,"[26, 78, 182, 0]",-1,0,0,0,1
4904,0,"[43, 101, 219, 0]",-1,0,0,0,1
4905,0,"[9, 91, 3, 0]",-1,0,0,0,1
4906,0,"[44, 27, 171, 0]",-1,0,0,0,1
4907,0,"[32, 51, 198, 0]",-1,0,0,0,1
4908,0,"[38, 22, 43, 0]",-1,0,0,0,1
4909,0,"[13, 2, 154, 0]",-1,0,0,0,1
4910,0,"[0, 52, 118, 0]",-1,0,0,1,1
4911,0,"[43, 13, 131, 0]",-1,0,0,0,1
4912,0,"[61, 77, 208, 0]",-1,0,0,0,1
4913,0,"[46, 46, 194, 0]",-1,0,0,0,1
4914,0,"[11, 60, 71, 0]",-1,0,0,0,1
4915,0,"[56, 5, 247, 0]",-1,0,0,0,1
4916,0,"[4, 46, 59, 0]",-1,0,0,0,1
4917,0,"[42, 93, 59, 0]",-1,0,0,0,1
4918,0,"[16, 19, 83, 0]",-1,0,0,0,1
4919,0,"[13, 47, 202, 0]",-1,0,0,0,1
4920,0,"[38, 22, 113, 0]",-1,0,0,0,1
4921,0,"[15, 89, 33, 0]",-1,0,0,0,1
4922,0,"[24, 70, 216, 0]",-1,0,0,0,1
4923,0,"[39, 118, 156, 0]",-1,0,0,0,1
4924,0,"[4, 64, 13, 0]",-1,0,0,0,1
4925,0,"[13, 110, 20, 0]",-1,0,0,0,1
4926,0,"[61, 39, 27, 0]",-1,0,0,0,1
4927,0,"[30, 27, 218, 0]",-1,0,0,0,1
4928,0,"[43, 46, 120, 0]",-1,0,0,0,1
4929,0,"[8, 17, 67, 0]",-1,0,0,0,1
4930,0,"[63, 10, 156, 0]",-1,0,0,0,1
4931,0,"[37, 53, 193, 0]",-1,0,0,0,1
4932,0,"[31, 8, 236, 0]",-1,0,0,0,1
4933,0,"[39, 12, 36, 0]",-1,0,0,0,1
4934,0,"[10, 49, 253, 0]",-1,0,0,0,1
4935,0,"[39, 29, 116, 0]",-1,0,0,0,1
4936,0,"[7, 116, 131, 0]",-1,0,0,0,1
4937,0,"[28, 16, 1, 0]",-1,0,0,0,1
4938,0,"[11, 123, 230, 0]",-1,0,0,0,1
4939,0,"[11, 104, 48, 0]",-1,0,0,0,1
4940,0,"[3, 26, 123, 0]",-1,0,0,0,1
4941,0,"[19, 80, 138, 0]",-1,0,0,0,1
4942,0,"[33, 92, 175, 0]",-1,0,0,0,1
4943,0,"[17, 17, 154, 0]",-1,0,0,0,1
4944,0,"[6, 78, 151, 0]",-1,0,0,0,1
4945,0,"[2, 102, 137, 0]",-1,0,0,0,1
4946,0,"[26, 62, 54, 0]",-1,0,0,0,1
4947,0,"[4, 77, 99, 0]",-1,0,0,0,1
4948,0,"[25, 81, 2, 0]",-1,0,0,0,1
4949,0,"[44, 29, 108, 0]",-1,0,0,0,1
4950,0,"[36, 19, 135, 0]",-1,0,0,0,1
4951,0,"[56, 107, 12, 0]",-1,0,0,0,1
4952,0,"[57, 126, 212, 0]",-1,0,0,0,1
4953,0,"[13, 91, 7, 0]",-1,0,0,0,1
4954,0,"[7, 112, 178, 0]",-1,0,0,0,1
4955,0,"[60, 101, 193, 0]",-1,0,0,0,1
4956,0,"[16, 19, 210, 0]",-1,0,0,0,1
4957,0,"[57, 120, 70, 0]",-1,0,0,0,1
4958,0,"[14, 53, 101, 0]",-1,0,0,0,1
4959,0,"[37, 77, 239, 0]",-1,0,0,0,1
4960,0,"[38, 84, 192, 0]",-1,0,0,0,1
4961,0,"[16, 71, 170, 0]",-1,0,0,0,1
4962,0,"[21, 123, 29, 0]",-1,0,0,0,1
4963,0,"[10, 12, 98, 0]",-1,0,0,0,1
4964,0,"[49, 68, 102, 0]",-1,0,0,0,1
4965,0,"[26, 33, 20, 0]",-1,0,0,0,1
4966,0,"[42, 33, 247, 0]",-1,0,0,0,1
4967,0,"[5, 18, 186, 0]",-1,0,0,0,1
4968,0,"[26, 74, 91, 0]",-1,0,0,0,1
4969,0,"[51, 114, 20, 0]",-1,0,0,0,1
4970,0,"[33, 94, 156, 0]",-1,0,0,0,1
4971,0,"[54, 88, 30, 0]",-1,0,0,0,1
4972,0,"[18, 60, 117, 0]",-1,0,0,0,1
4973,0,"[46, 103, 96, 0]",-1,0,0,0,1
4974,0,"[44, 112, 119, 0]",-1,0,0,0,1
4975,0,"[14, 53, 101, 0]",-1,0,0,0,1
4976,0,"[1, 16, 211, 0]",-1,0,0,0,1
4977,0,"[13, 13, 211, 0]",-1,0,0,0,1
4978,0,"[54, 11, 125, 0]",-1,0,0,0,1
4979,0,"[56, 107, 12, 0]",-1,0,0,0,1
4980,0,"[14, 11, 188, 0]",-1,0,0,0,1
4981,0,"[54, 38, 28, 0]",-1,0,0,0,1
4982,0,"[59, 84, 223, 0]",-1,0,0,0,1
4983,0,"[28, 51, 139, 0]",-1,0,0,0,1
4984,0,"[62, 22, 147, 0]",-1,0,0,0,1
4985,0,"[16, 29, 143, 0]",-1,0,0,0,1
4986,0,"[20, 70, 107, 0]",-1,0,0,0,1
4987,0,"[16, 100, 162, 0]",-1,0,0,0,1
4988,0,"[15, 1, 65, 0]",-1,0,0,0,1
4989,0,"[52, 123, 79, 0]",-1,0,0,0,1
4990,0,"[38, 84, 88, 0]",-1,0,0,0,1
4991,0,"[27, 32, 149, 0]",-1,0,0,0,1
4992,0,"[14, 74, 147, 0]",-1,0,0,0,1
4993,0,"[12, 126, 201, 0]",-1,0,0,0,1
4994,0,"[51, 96, 185, 0]",-1,0,0,0,1
4995,0,"[15, 127, 219, 0]",-1,0,0,0,1
4996,0,"[61, 51, 201, 0]",-1,0,0,0,1
4997,0,"[24, 61, 118, 0]",-1,0,0,0,1
4998,0,"[2, 75, 220, 0]",-1,0,0,0,1
4999,0,"[38, 85, 94, 0]",-1,0,0,0,1
