item_id,sid_L0,sid_L1,sid_L2,sid_L3,L0_freq,L1_freq,L2_freq,L3_freq,L2_uniqueness,item_knn_mean_dist,item_popularity,text_emb_norm
0,20,119,118,0,156,74,47,9894,1.0,0.0,0,0.5469962954521179
1,55,119,58,0,110,64,46,21,1.0,0.0,0,0.5494477152824402
2,61,14,233,0,112,89,32,4,1.0,0.0,0,0.536129355430603
3,19,78,199,0,199,72,53,1,1.0,0.0,0,0.5426928400993347
4,10,94,222,0,243,62,46,1,1.0,0.0,0,0.5520009398460388
5,55,16,52,0,246,78,40,1,1.0,0.0,0,0.5198313593864441
6,7,91,105,0,132,75,33,0,1.0,0.0,0,0.5284050703048706
7,27,86,60,0,140,68,42,0,1.0,0.0,0,0.5003155469894409
8,6,76,123,0,125,48,35,0,1.0,0.0,0,0.5532101392745972
9,6,89,33,0,191,81,42,0,1.0,0.0,0,0.5449115633964539
10,61,56,71,0,203,92,40,0,1.0,0.0,0,0.5726128220558167
11,38,31,92,0,150,70,38,0,1.0,0.0,0,0.535104513168335
12,56,14,200,0,101,78,36,0,1.0,0.0,0,0.4817950427532196
13,56,6,62,0,237,76,31,0,1.0,0.0,0,0.5356655716896057
14,13,39,169,0,223,69,33,0,1.0,0.0,0,0.4751420319080353
15,36,76,198,0,137,94,42,0,1.0,0.0,0,0.42701250314712524
16,21,67,242,0,200,86,30,0,1.0,0.0,0,0.4887723922729492
17,7,89,29,0,134,77,35,0,1.0,0.0,0,0.5586814880371094
18,2,12,3,0,112,77,32,0,1.0,0.0,0,0.4661901295185089
19,7,24,162,0,138,71,43,0,1.0,0.0,0,0.526343822479248
20,10,31,9,0,124,76,34,0,1.0,0.0,0,0.5400435328483582
21,8,103,170,0,85,52,43,0,1.0,0.0,0,0.512148916721344
22,47,12,79,0,122,92,36,0,1.0,0.0,0,0.4679698944091797
23,61,41,186,0,142,84,43,0,1.0,0.0,0,0.5360513925552368
24,57,59,170,0,195,72,39,0,1.0,0.0,0,0.45249417424201965
25,10,67,222,0,111,61,32,0,1.0,0.0,0,0.5083474516868591
26,53,63,212,0,101,74,41,0,1.0,0.0,0,0.5148714780807495
27,2,75,220,0,109,110,50,0,1.0,0.0,0,0.45833268761634827
28,11,71,251,0,140,66,51,0,1.0,0.0,0,0.46279099583625793
29,7,4,55,0,115,137,35,0,1.0,0.0,0,0.5766704678535461
30,33,86,48,0,117,81,41,0,1.0,0.0,0,0.5180407166481018
31,55,100,93,0,140,80,28,0,1.0,0.0,0,0.5342211127281189
32,2,102,7,0,133,74,24,0,1.0,0.0,0,0.5053145289421082
33,7,95,82,0,159,93,27,0,1.0,0.0,0,0.4901483952999115
34,53,78,237,0,211,92,40,0,1.0,0.0,0,0.5261288285255432
35,28,104,59,0,143,66,30,0,1.0,0.0,0,0.5363073348999023
36,9,73,202,0,181,72,49,0,1.0,0.0,0,0.5293973088264465
37,24,61,118,0,132,73,33,0,1.0,0.0,0,0.4423794746398926
38,53,5,238,0,213,73,35,0,1.0,0.0,0,0.5202819108963013
39,13,110,20,0,161,42,32,0,1.0,0.0,0,0.45804691314697266
40,43,124,79,0,76,65,30,0,1.0,0.0,0,0.519853413105011
41,43,59,86,0,121,66,29,0,1.0,0.0,0,0.5519992709159851
42,29,2,220,0,230,79,50,0,1.0,0.0,0,0.45183682441711426
43,47,11,28,0,192,56,42,0,1.0,0.0,0,0.547124445438385
44,7,68,62,0,137,69,38,0,1.0,0.0,0,0.5030051469802856
45,9,49,163,0,110,71,34,0,1.0,0.0,0,0.5639287233352661
46,61,72,210,0,187,90,37,0,1.0,0.0,0,0.4839355945587158
47,18,27,92,0,150,97,32,0,1.0,0.0,0,0.4849497675895691
48,7,50,2,0,127,72,44,0,1.0,0.0,0,0.4875756502151489
49,11,50,118,0,257,93,33,0,1.0,0.0,0,0.4560135304927826
50,10,95,189,0,134,69,32,0,1.0,0.0,0,0.498931348323822
51,56,113,114,0,170,111,52,0,1.0,0.0,0,0.5244911909103394
52,59,38,176,0,185,85,36,0,1.0,0.0,0,0.5435590744018555
53,9,100,10,0,117,80,41,0,1.0,0.0,0,0.4944298267364502
54,49,118,203,0,133,72,42,0,1.0,0.0,0,0.450072318315506
55,13,110,43,0,128,58,33,0,1.0,0.0,0,0.4681812822818756
56,9,43,20,0,177,44,31,0,1.0,0.0,0,0.5415959358215332
57,62,78,49,0,103,60,31,0,1.0,0.0,0,0.5591161847114563
58,34,100,44,0,151,107,41,0,1.0,0.0,0,0.5047163963317871
59,9,60,126,0,192,76,50,0,1.0,0.0,0,0.5125265717506409
60,5,103,237,0,114,104,32,0,1.0,0.0,0,0.5584831833839417
61,24,12,208,0,197,93,32,0,1.0,0.0,0,0.5365085005760193
62,7,26,175,0,221,73,42,0,1.0,0.0,0,0.4900430738925934
63,16,29,143,0,190,73,53,0,1.0,0.0,0,0.5097739100456238
64,16,102,36,0,0,95,46,0,1.0,0.0,0,0.49867212772369385
65,23,78,241,0,0,52,52,0,1.0,0.0,0,0.4985167384147644
66,28,11,239,0,0,86,28,0,1.0,0.0,0,0.5461124777793884
67,16,76,23,0,0,101,37,0,1.0,0.0,0,0.4926096200942993
68,5,60,152,0,0,88,38,0,1.0,0.0,0,0.4980183243751526
69,4,46,59,0,0,102,39,0,1.0,0.0,0,0.509041428565979
70,9,98,34,0,0,70,41,0,1.0,0.0,0,0.45561307668685913
71,30,58,100,0,0,92,18,0,1.0,0.0,0,0.43048039078712463
72,39,127,158,0,0,74,31,0,1.0,0.33481779853757965,0,0.48952701687812805
73,8,101,248,0,0,69,42,0,1.0,0.0,0,0.545625627040863
74,2,100,34,0,0,84,35,0,1.0,0.0,0,0.46213963627815247
75,55,108,34,0,0,93,20,0,1.0,0.0,0,0.5052481889724731
76,55,125,82,0,0,85,39,0,1.0,0.0,0,0.5125541090965271
77,14,89,214,0,0,79,32,0,1.0,0.0,0,0.4984358251094818
78,59,82,254,0,0,89,49,0,1.0,0.0,0,0.4502906799316406
79,37,119,68,0,0,57,34,0,1.0,0.0,0,0.448472261428833
80,44,112,119,0,0,95,35,0,1.0,0.0,0,0.5274236798286438
81,38,23,194,0,0,48,42,0,1.0,0.0,0,0.5379791855812073
82,6,56,109,0,0,79,32,0,1.0,0.0,0,0.5141664743423462
83,37,94,233,0,0,61,34,0,1.0,0.0,0,0.520325779914856
84,43,12,3,0,0,88,39,0,1.0,0.0,0,0.5109696984291077
85,9,4,145,0,0,80,37,0,1.0,0.0,0,0.5474086999893188
86,8,50,163,0,0,64,32,0,1.0,0.0,0,0.556508481502533
87,58,122,174,0,0,79,40,0,1.0,0.0,0,0.4226810336112976
88,43,20,78,0,0,98,50,0,1.0,0.0,0,0.5297351479530334
89,12,125,103,0,0,75,46,0,1.0,0.0,0,0.5314926505088806
90,58,126,129,0,0,77,42,0,1.0,0.0,0,0.4985507130622864
91,61,64,170,0,0,85,20,0,1.0,0.0,0,0.5739750862121582
92,16,44,181,0,0,94,37,0,1.0,0.0,0,0.46681833267211914
93,52,71,33,0,0,59,31,0,1.0,0.0,0,0.5088314414024353
94,16,61,186,0,0,103,29,0,1.0,0.0,0,0.49130842089653015
95,0,30,133,0,0,69,39,0,1.0,0.0,0,0.4384947419166565
96,24,98,251,0,0,66,42,0,1.0,0.0,0,0.5206723213195801
97,8,45,141,0,0,43,49,0,1.0,0.0,0,0.47569936513900757
98,16,92,198,0,0,76,41,0,1.0,0.0,0,0.5215218663215637
99,43,64,48,0,0,60,37,0,1.0,0.0,0,0.541943371295929
100,38,110,241,0,0,106,49,0,1.0,0.0,0,0.5097130537033081
101,21,47,248,0,0,115,28,0,1.0,0.0,0,0.43277040123939514
102,36,35,166,0,0,75,42,0,1.0,0.0,0,0.4797816574573517
103,35,29,220,0,0,81,34,0,1.0,0.0,0,0.45416444540023804
104,34,89,116,0,0,77,46,0,1.0,0.0,0,0.5083052515983582
105,16,19,83,0,0,69,40,0,1.0,0.0,0,0.5180975198745728
106,51,116,141,0,0,55,38,0,1.0,0.0,0,0.47879695892333984
107,38,84,7,0,0,78,34,0,1.0,0.0,0,0.4949040412902832
108,52,38,10,0,0,61,29,0,1.0,0.0,0,0.450893759727478
109,16,71,36,0,0,92,24,0,1.0,0.0,0,0.4162023365497589
110,28,11,105,0,0,63,43,0,1.0,0.0,0,0.5248921513557434
111,49,36,248,0,0,77,28,0,1.0,0.0,0,0.538845419883728
112,33,43,19,0,0,91,46,0,0.5,0.0,0,0.5340684652328491
113,56,8,11,0,0,71,43,0,1.0,0.0,0,0.5348871350288391
114,56,101,190,0,0,75,37,0,1.0,0.0,0,0.549349308013916
115,21,123,29,0,0,84,29,0,1.0,0.0,0,0.5261929631233215
116,9,61,131,0,0,90,47,0,1.0,0.0,0,0.5016630291938782
117,56,107,12,0,0,56,55,0,1.0,0.0,0,0.5963327288627625
118,56,122,17,0,0,63,41,0,1.0,0.0,0,0.45683613419532776
119,56,58,44,0,0,53,35,0,1.0,0.0,0,0.442411333322525
120,61,90,194,0,0,76,38,0,1.0,0.0,0,0.48716455698013306
121,44,29,108,0,0,47,40,0,1.0,0.0,0,0.5015369057655334
122,52,101,175,0,0,112,40,0,1.0,0.0,0,0.48412272334098816
123,9,121,145,0,0,97,39,0,1.0,0.0,0,0.507280707359314
124,61,27,235,0,0,82,33,0,1.0,0.0,0,0.4224308729171753
125,9,124,142,0,0,94,27,0,1.0,0.0,0,0.42531758546829224
126,5,121,18,0,0,57,41,0,1.0,0.0,0,0.49633756279945374
127,5,66,61,0,0,76,44,0,1.0,0.0,0,0.49639561772346497
128,0,65,168,0,0,0,41,0,1.0,0.0,0,0.5145814418792725
129,18,48,152,0,0,0,47,0,1.0,0.0,0,0.5247179865837097
130,53,92,238,0,0,0,39,0,1.0,0.0,0,0.5561333894729614
131,1,114,66,0,0,0,41,0,1.0,0.0,0,0.5219518542289734
132,17,13,143,0,0,0,31,0,1.0,0.0,0,0.5370267033576965
133,1,68,28,0,0,0,50,0,1.0,0.0,0,0.5041978359222412
134,63,3,5,0,0,0,49,0,1.0,0.0,0,0.5230748057365417
135,17,27,213,0,0,0,40,0,1.0,0.0,0,0.45709607005119324
136,1,90,233,0,0,0,34,0,1.0,0.0,0,0.5109859108924866
137,17,113,61,0,0,0,36,0,1.0,0.0,0,0.5422000885009766
138,15,103,36,0,0,0,38,0,1.0,0.0,0,0.45127227902412415
139,34,45,178,0,0,0,29,0,1.0,0.0,0,0.45542198419570923
140,38,109,184,0,0,0,33,0,1.0,0.0,0,0.45916059613227844
141,16,92,139,0,0,0,40,0,1.0,0.0,0,0.5205521583557129
142,29,27,134,0,0,0,38,0,1.0,0.0,0,0.4087594747543335
143,16,114,19,0,0,0,35,0,1.0,0.0,0,0.4479368329048157
144,34,23,13,0,0,0,35,0,1.0,0.0,0,0.546707034111023
145,22,6,152,0,0,0,48,0,1.0,0.0,0,0.5592560768127441
146,20,52,175,0,0,0,29,0,1.0,0.0,0,0.4371573328971863
147,52,123,79,0,0,0,38,0,1.0,0.0,0,0.4413529336452484
148,61,108,117,0,0,0,41,0,1.0,0.0,0,0.4602101743221283
149,4,114,208,0,0,0,38,0,1.0,0.0,0,0.5258765816688538
150,16,64,135,0,0,0,39,0,1.0,0.0,0,0.5086506009101868
151,16,29,152,0,0,0,56,0,1.0,0.0,0,0.47710978984832764
152,17,34,230,0,0,0,39,0,1.0,0.0,0,0.4926704466342926
153,38,10,154,0,0,0,23,0,1.0,0.0,0,0.5154018402099609
154,19,70,102,0,0,0,39,0,1.0,0.0,0,0.5272602438926697
155,19,20,202,0,0,0,34,0,1.0,0.0,0,0.5007926225662231
156,58,38,168,0,0,0,40,0,1.0,0.0,0,0.4962634742259979
157,12,44,73,0,0,0,38,0,1.0,0.0,0,0.5430155396461487
158,16,100,162,0,0,0,44,0,1.0,0.0,0,0.44595983624458313
159,38,112,179,0,0,0,28,0,1.0,0.0,0,0.5279632806777954
160,38,84,64,0,0,0,40,0,1.0,0.0,0,0.4865852892398834
161,38,74,2,0,0,0,37,0,1.0,0.0,0,0.4813917577266693
162,38,84,192,0,0,0,45,0,1.0,0.0,0,0.4820476174354553
163,1,123,38,0,0,0,43,0,1.0,0.0,0,0.5476931929588318
164,38,74,151,0,0,0,23,0,1.0,0.0,0,0.5326740741729736
165,38,85,94,0,0,0,51,0,1.0,0.0,0,0.5727148652076721
166,6,85,202,0,0,0,41,0,1.0,0.0,0,0.5351288318634033
167,6,78,151,0,0,0,51,0,1.0,0.0,0,0.5248878002166748
168,38,58,42,0,0,0,24,0,1.0,0.0,0,0.4922950565814972
169,1,21,72,0,0,0,42,0,1.0,0.0,0,0.5527133345603943
170,1,85,83,0,0,0,35,0,1.0,0.0,0,0.4767833948135376
171,6,43,51,0,0,0,27,0,1.0,0.0,0,0.47629860043525696
172,19,38,28,0,0,0,50,0,1.0,0.0,0,0.5081727504730225
173,26,49,147,0,0,0,33,0,1.0,0.0,0,0.5299297571182251
174,10,86,209,0,0,0,56,0,1.0,0.0,0,0.5407172441482544
175,33,43,19,1,0,0,71,0,0.5,0.0,0,0.5340684652328491
176,55,7,225,0,0,0,28,0,1.0,0.0,0,0.42276307940483093
177,10,58,189,0,0,0,43,0,1.0,0.0,0,0.5045697689056396
178,26,42,25,0,0,0,40,0,1.0,0.0,0,0.4511077404022217
179,53,30,55,0,0,0,59,0,1.0,0.0,0,0.532651424407959
180,39,42,4,0,0,0,32,0,1.0,0.0,0,0.5106080770492554
181,27,117,83,0,0,0,47,0,1.0,0.0,0,0.4986019432544708
182,22,65,246,0,0,0,31,0,1.0,0.0,0,0.5171374678611755
183,11,2,175,0,0,0,36,0,1.0,0.0,0,0.4917526841163635
184,62,13,223,0,0,0,34,0,1.0,0.0,0,0.5597432851791382
185,61,78,122,0,0,0,37,0,1.0,0.0,0,0.5775164365768433
186,9,18,222,0,0,0,24,0,1.0,0.0,0,0.5326863527297974
187,9,21,236,0,0,0,31,0,1.0,0.0,0,0.5921388864517212
188,20,26,86,0,0,0,44,0,1.0,0.0,0,0.6017558574676514
189,20,61,61,0,0,0,36,0,1.0,0.0,0,0.5275760889053345
190,9,124,187,0,0,0,49,0,1.0,0.0,0,0.4831235408782959
191,9,27,130,0,0,0,50,0,1.0,0.0,0,0.49023139476776123
192,61,4,191,0,0,0,35,0,1.0,0.0,0,0.45450907945632935
193,56,47,60,0,0,0,51,0,1.0,0.0,0,0.5549072623252869
194,44,9,26,0,0,0,34,0,1.0,0.0,0,0.49017736315727234
195,9,91,3,0,0,0,47,0,1.0,0.0,0,0.5004961490631104
196,9,69,255,0,0,0,37,0,1.0,0.0,0,0.48606210947036743
197,27,73,78,0,0,0,28,0,1.0,0.0,0,0.5563175082206726
198,9,91,195,0,0,0,44,0,1.0,0.0,0,0.5637410879135132
199,52,10,210,0,0,0,43,0,1.0,0.0,0,0.49007442593574524
200,17,16,46,0,0,0,38,0,1.0,0.0,0,0.5652677416801453
201,44,127,218,0,0,0,50,0,1.0,0.0,0,0.48705926537513733
202,17,65,219,0,0,0,36,0,1.0,0.0,0,0.5023672580718994
203,9,74,59,0,0,0,32,0,1.0,0.0,0,0.5479562282562256
204,20,52,195,0,0,0,57,0,1.0,0.0,0,0.5542095899581909
205,44,84,114,0,0,0,33,0,1.0,0.0,0,0.4963270425796509
206,31,101,209,0,0,0,33,0,1.0,0.0,0,0.49179768562316895
207,51,68,86,0,0,0,32,0,1.0,0.0,0,0.5011380314826965
208,62,11,63,0,0,0,36,0,1.0,0.0,0,0.5030169486999512
209,53,23,26,0,0,0,36,0,1.0,0.0,0,0.5187750458717346
210,9,38,246,0,0,0,46,0,1.0,0.0,0,0.5096135139465332
211,22,62,69,0,0,0,35,0,1.0,0.0,0,0.5172256827354431
212,1,75,152,0,0,0,37,0,0.5,0.0,0,0.45178359746932983
213,58,51,30,0,0,0,37,0,1.0,0.0,0,0.5363093018531799
214,1,91,151,0,0,0,43,0,1.0,0.0,0,0.5123811960220337
215,1,42,202,0,0,0,34,0,1.0,0.0,0,0.500870406627655
216,55,7,169,0,0,0,42,0,1.0,0.0,0,0.4840168058872223
217,40,40,90,0,0,0,32,0,1.0,0.0,0,0.551703929901123
218,1,10,166,0,0,0,41,0,1.0,0.0,0,0.5014966130256653
219,1,52,83,0,0,0,45,0,1.0,0.0,0,0.4743710160255432
220,1,32,251,0,0,0,58,0,1.0,0.0,0,0.4175519347190857
221,1,52,213,0,0,0,35,0,1.0,0.0,0,0.49621859192848206
222,35,24,168,0,0,0,54,0,1.0,0.0,0,0.5179909467697144
223,1,16,211,0,0,0,44,0,1.0,0.0,0,0.48561719059944153
224,61,26,151,0,0,0,32,0,1.0,0.2630578865035017,0,0.4849346876144409
225,1,84,51,0,0,0,36,0,1.0,0.0,0,0.4606976807117462
226,48,66,40,0,0,0,34,0,1.0,0.0,0,0.48891115188598633
227,48,9,81,0,0,0,45,0,1.0,0.0,0,0.515543520450592
228,58,38,232,0,0,0,27,0,1.0,0.0,0,0.4966917932033539
229,51,126,96,0,0,0,35,0,1.0,0.0,0,0.4573110342025757
230,51,96,185,0,0,0,50,0,1.0,0.0,0,0.5332373976707458
231,48,4,204,0,0,0,29,0,1.0,0.0,0,0.6318346858024597
232,27,32,199,0,0,0,40,0,1.0,0.0,0,0.5541911125183105
233,60,33,88,0,0,0,40,0,1.0,0.0,0,0.443505197763443
234,48,85,239,0,0,0,37,0,1.0,0.0,0,0.589113712310791
235,48,107,220,0,0,0,49,0,1.0,0.0,0,0.4931541383266449
236,53,105,51,0,0,0,53,0,1.0,0.0,0,0.47195038199424744
237,25,85,164,0,0,0,33,0,1.0,0.0,0,0.5686653852462769
238,8,17,163,0,0,0,42,0,1.0,0.0,0,0.5228584408760071
239,58,112,152,0,0,0,33,0,1.0,0.0,0,0.4580231308937073
240,18,79,205,0,0,0,32,0,1.0,0.0,0,0.511725127696991
241,60,92,66,0,0,0,63,0,1.0,0.0,0,0.4617216885089874
242,11,3,32,0,0,0,34,0,1.0,0.0,0,0.511019229888916
243,62,18,85,0,0,0,37,0,1.0,0.0,0,0.5968344211578369
244,54,123,232,0,0,0,43,0,1.0,0.0,0,0.5566022396087646
245,6,106,113,0,0,0,44,0,1.0,0.0,0,0.48502326011657715
246,54,38,225,0,0,0,45,0,1.0,0.0,0,0.5326228737831116
247,9,66,208,0,0,0,46,0,1.0,0.0,0,0.5363245606422424
248,51,16,214,0,0,0,35,0,1.0,0.0,0,0.5256876945495605
249,42,46,222,0,0,0,33,0,1.0,0.0,0,0.5369776487350464
250,43,53,27,0,0,0,28,0,1.0,0.0,0,0.49663645029067993
251,5,102,111,0,0,0,48,0,1.0,0.0,0,0.504401445388794
252,27,62,199,0,0,0,25,0,1.0,0.0,0,0.5428007245063782
253,43,21,251,0,0,0,46,0,1.0,0.0,0,0.544248104095459
254,58,119,24,0,0,0,48,0,1.0,0.0,0,0.48547643423080444
255,5,6,181,0,0,0,54,0,1.0,0.0,0,0.46988946199417114
256,49,69,139,0,0,0,0,0,1.0,0.0,0,0.42787444591522217
257,1,123,195,0,0,0,0,0,1.0,0.0,0,0.47127148509025574
258,4,64,13,0,0,0,0,0,1.0,0.0,0,0.5340192317962646
259,59,14,213,0,0,0,0,0,1.0,0.0,0,0.553654134273529
260,11,121,183,0,0,0,0,0,1.0,0.0,0,0.5057056546211243
261,26,109,199,0,0,0,0,0,1.0,0.0,0,0.49390584230422974
262,3,24,12,0,0,0,0,0,1.0,0.0,0,0.5168612599372864
263,11,106,154,0,0,0,0,0,1.0,0.0,0,0.4658607542514801
264,11,72,79,0,0,0,0,0,1.0,0.0,0,0.47505274415016174
265,45,106,247,0,0,0,0,0,1.0,0.0,0,0.47438928484916687
266,50,18,155,0,0,0,0,0,1.0,0.0,0,0.4772416949272156
267,39,103,110,0,0,0,0,0,1.0,0.0,0,0.5671920776367188
268,39,72,138,0,0,0,0,0,1.0,0.0,0,0.5337164998054504
269,49,64,134,0,0,0,0,0,1.0,0.0,0,0.4512324035167694
270,8,51,119,0,0,0,0,0,1.0,0.0,0,0.5145252346992493
271,10,57,62,0,0,0,0,0,1.0,0.0,0,0.5149498581886292
272,51,96,147,0,0,0,0,0,1.0,0.0,0,0.5107142329216003
273,53,86,20,0,0,0,0,0,1.0,0.0,0,0.5015468001365662
274,10,67,95,0,0,0,0,0,1.0,0.0,0,0.6141808032989502
275,39,117,204,0,0,0,0,0,1.0,0.0,0,0.5643649697303772
276,45,115,3,0,0,0,0,0,1.0,0.0,0,0.47320613265037537
277,30,113,15,0,0,0,0,0,1.0,0.0,0,0.5288962125778198
278,7,14,96,0,0,0,0,0,1.0,0.0,0,0.49689367413520813
279,45,12,67,0,0,0,0,0,1.0,0.0,0,0.5130069851875305
280,33,102,243,0,0,0,0,0,1.0,0.0,0,0.5058435797691345
281,30,30,169,0,0,0,0,0,1.0,0.0,0,0.48107433319091797
282,10,19,145,0,0,0,0,0,1.0,0.0,0,0.5123746991157532
283,39,70,53,0,0,0,0,0,1.0,0.0,0,0.4424746334552765
284,32,95,64,0,0,0,0,0,1.0,0.0,0,0.57256680727005
285,8,67,1,0,0,0,0,0,1.0,0.0,0,0.4869205951690674
286,33,111,48,0,0,0,0,0,1.0,0.0,0,0.552909791469574
287,30,94,127,0,0,0,0,0,1.0,0.0,0,0.4702495336532593
288,50,80,174,0,0,0,0,0,1.0,0.0,0,0.3996084928512573
289,45,38,33,0,0,0,0,0,1.0,0.0,0,0.48603522777557373
290,30,14,62,0,0,0,0,0,1.0,0.0,0,0.47787782549858093
291,41,22,17,0,0,0,0,0,1.0,0.0,0,0.46475115418434143
292,24,75,201,0,0,0,0,0,1.0,0.0,0,0.4802723824977875
293,36,61,2,0,0,0,0,0,1.0,0.0,0,0.4023943245410919
294,29,4,201,0,0,0,0,0,1.0,0.0,0,0.5233166813850403
295,41,112,139,0,0,0,0,0,1.0,0.0,0,0.5276930332183838
296,11,5,95,0,0,0,0,0,1.0,0.0,0,0.4752364158630371
297,23,124,20,0,0,0,0,0,1.0,0.0,0,0.5107309818267822
298,41,14,7,0,0,0,0,0,1.0,0.0,0,0.5047439336776733
299,3,79,243,0,0,0,0,0,1.0,0.0,0,0.5064073204994202
300,3,54,12,0,0,0,0,0,1.0,0.0,0,0.5137648582458496
301,44,22,93,0,0,0,0,0,1.0,0.0,0,0.4577709436416626
302,3,60,38,0,0,0,0,0,1.0,0.0,0,0.4603698253631592
303,41,117,81,0,0,0,0,0,1.0,0.34439171236218374,0,0.48577186465263367
304,41,68,113,0,0,0,0,0,1.0,0.0,0,0.4636372923851013
305,36,120,38,0,0,0,0,0,1.0,0.0,0,0.4363303482532501
306,46,27,78,0,0,0,0,0,1.0,0.0,0,0.4739299416542053
307,41,65,207,0,0,0,0,0,1.0,0.0,0,0.45507457852363586
308,28,115,81,0,0,0,0,0,1.0,0.0,0,0.45844876766204834
309,37,124,56,0,0,0,0,0,1.0,0.0,0,0.548347532749176
310,59,52,20,0,0,0,0,0,1.0,0.0,0,0.542717695236206
311,4,87,230,0,0,0,0,0,1.0,0.0,0,0.4717003405094147
312,4,53,211,0,0,0,0,0,1.0,0.0,0,0.5013994574546814
313,59,11,167,0,0,0,0,0,1.0,0.0,0,0.5451422929763794
314,26,124,19,0,0,0,0,0,1.0,0.0,0,0.46791741251945496
315,26,107,76,0,0,0,0,0,1.0,0.0,0,0.4755915105342865
316,20,26,204,0,0,0,0,0,1.0,0.0,0,0.5277177691459656
317,10,97,164,0,0,0,0,0,1.0,0.0,0,0.5676057934761047
318,27,35,249,0,0,0,0,0,1.0,0.0,0,0.5553879141807556
319,49,115,167,0,0,0,0,0,1.0,0.0,0,0.4586521089076996
320,49,35,35,0,0,0,0,0,1.0,0.0,0,0.5148617625236511
321,61,46,189,0,0,0,0,0,1.0,0.0,0,0.5061916708946228
322,16,19,13,0,0,0,0,0,1.0,0.0,0,0.512624204158783
323,5,74,145,0,0,0,0,0,1.0,0.0,0,0.4514526426792145
324,46,55,139,0,0,0,0,0,1.0,0.0,0,0.557410478591919
325,25,119,236,0,0,0,0,0,1.0,0.0,0,0.5088637471199036
326,43,20,39,0,0,0,0,0,1.0,0.0,0,0.5775691866874695
327,28,55,129,0,0,0,0,0,1.0,0.0,0,0.5622008442878723
328,46,126,190,0,0,0,0,0,1.0,0.0,0,0.48192495107650757
329,28,18,252,0,0,0,0,0,1.0,0.0,0,0.5384698510169983
330,3,88,2,0,0,0,0,0,1.0,0.0,0,0.4960305094718933
331,38,82,162,0,0,0,0,0,1.0,0.0,0,0.4606319069862366
332,25,18,123,0,0,0,0,0,1.0,0.0,0,0.5873122215270996
333,2,56,85,0,0,0,0,0,1.0,0.0,0,0.443131685256958
334,33,50,117,0,0,0,0,0,1.0,0.0,0,0.46566537022590637
335,46,6,104,0,0,0,0,0,1.0,0.0,0,0.43532028794288635
336,11,70,192,0,0,0,0,0,1.0,0.0,0,0.47325003147125244
337,6,46,195,0,0,0,0,0,1.0,0.0,0,0.49900078773498535
338,61,21,244,0,0,0,0,0,1.0,0.0,0,0.433455228805542
339,49,45,70,0,0,0,0,0,1.0,0.0,0,0.4473952353000641
340,42,78,101,0,0,0,0,0,1.0,0.0,0,0.49806079268455505
341,61,90,255,0,0,0,0,0,1.0,0.0,0,0.4464636743068695
342,30,13,234,0,0,0,0,0,1.0,0.371848182666627,0,0.508861243724823
343,36,60,208,0,0,0,0,0,1.0,0.0,0,0.4313192367553711
344,57,29,170,0,0,0,0,0,1.0,0.0,0,0.4535701274871826
345,3,26,130,0,0,0,0,0,1.0,0.0,0,0.4936443865299225
346,50,99,148,0,0,0,0,0,1.0,0.0,0,0.4473482668399811
347,11,2,62,0,0,0,0,0,1.0,0.0,0,0.440041720867157
348,10,108,199,0,0,0,0,0,1.0,0.0,0,0.5071305632591248
349,51,60,95,0,0,0,0,0,1.0,0.0,0,0.47275182604789734
350,12,59,18,0,0,0,0,0,1.0,0.0,0,0.5237149596214294
351,16,45,98,0,0,0,0,0,1.0,0.0,0,0.5476418733596802
352,10,106,170,0,0,0,0,0,1.0,0.0,0,0.5412556529045105
353,25,85,13,0,0,0,0,0,1.0,0.0,0,0.5230502486228943
354,43,53,3,0,0,0,0,0,1.0,0.0,0,0.5344452261924744
355,43,36,27,0,0,0,0,0,1.0,0.0,0,0.5783493518829346
356,62,61,121,0,0,0,0,0,1.0,0.0,0,0.4965730607509613
357,43,12,197,0,0,0,0,0,1.0,0.0,0,0.5618649125099182
358,43,89,124,0,0,0,0,0,1.0,0.0,0,0.5481549501419067
359,24,69,3,0,0,0,0,0,1.0,0.0,0,0.5195636749267578
360,43,111,182,0,0,0,0,0,1.0,0.0,0,0.5552005171775818
361,14,105,37,0,0,0,0,0,1.0,0.0,0,0.5692892670631409
362,62,54,229,0,0,0,0,0,1.0,0.0,0,0.48971396684646606
363,60,11,5,0,0,0,0,0,1.0,0.0,0,0.5887601971626282
364,48,121,145,0,0,0,0,0,1.0,0.0,0,0.5214819312095642
365,43,16,100,0,0,0,0,0,1.0,0.0,0,0.5425319671630859
366,48,122,210,0,0,0,0,0,1.0,0.2879650345294844,0,0.48627299070358276
367,14,50,116,0,0,0,0,0,1.0,0.0,0,0.5679498314857483
368,16,114,79,0,0,0,0,0,1.0,0.0,0,0.49769917130470276
369,13,70,244,0,0,0,0,0,1.0,0.0,0,0.4831899106502533
370,47,77,113,0,0,0,0,0,1.0,0.0,0,0.4777889847755432
371,61,63,97,0,0,0,0,0,1.0,0.0,0,0.5323792695999146
372,20,41,16,0,0,0,0,0,1.0,0.0,0,0.5440308451652527
373,14,119,200,0,0,0,0,0,1.0,0.0,0,0.541191816329956
374,60,70,57,0,0,0,0,0,1.0,0.0,0,0.5355302095413208
375,48,122,174,0,0,0,0,0,1.0,0.0,0,0.4627940058708191
376,60,94,164,0,0,0,0,0,1.0,0.0,0,0.4964008629322052
377,13,22,149,0,0,0,0,0,1.0,0.0,0,0.5375091433525085
378,52,9,115,0,0,0,0,0,1.0,0.0,0,0.47449466586112976
379,25,84,96,0,0,0,0,0,1.0,0.0,0,0.4510248303413391
380,45,38,200,0,0,0,0,0,1.0,0.0,0,0.5444697737693787
381,10,79,35,0,0,0,0,0,1.0,0.0,0,0.5198479890823364
382,52,101,92,0,0,0,0,0,1.0,0.0,0,0.45714521408081055
383,38,90,183,0,0,0,0,0,1.0,0.0,0,0.4827062785625458
384,15,85,210,0,0,0,0,0,1.0,0.0,0,0.4641311466693878
385,6,122,42,0,0,0,0,0,1.0,0.0,0,0.501236617565155
386,56,127,120,0,0,0,0,0,1.0,0.0,0,0.5386242270469666
387,56,37,120,0,0,0,0,0,1.0,0.0,0,0.5403764843940735
388,25,92,226,0,0,0,0,0,1.0,0.0,0,0.5106372237205505
389,62,116,255,0,0,0,0,0,1.0,0.0,0,0.4967927932739258
390,48,62,100,0,0,0,0,0,1.0,0.0,0,0.5347825288772583
391,12,28,98,0,0,0,0,0,1.0,0.0,0,0.5536587238311768
392,6,113,11,0,0,0,0,0,1.0,0.0,0,0.4126052260398865
393,61,72,179,0,0,0,0,0,1.0,0.0,0,0.5123819708824158
394,21,24,15,0,0,0,0,0,1.0,0.0,0,0.4955836236476898
395,12,113,99,0,0,0,0,0,1.0,0.0,0,0.584144651889801
396,42,43,179,0,0,0,0,0,1.0,0.0,0,0.5374837517738342
397,6,110,50,0,0,0,0,0,1.0,0.0,0,0.5038700699806213
398,6,23,13,0,0,0,0,0,1.0,0.0,0,0.49168163537979126
399,6,43,149,0,0,0,0,0,1.0,0.0,0,0.5352528691291809
400,59,86,221,0,0,0,0,0,1.0,0.0,0,0.4605468213558197
401,56,5,247,0,0,0,0,0,1.0,0.0,0,0.468578040599823
402,36,29,132,0,0,0,0,0,1.0,0.0,0,0.4545357823371887
403,0,30,44,0,0,0,0,0,1.0,0.0,0,0.4835851192474365
404,11,116,39,0,0,0,0,0,1.0,0.0,0,0.47756651043891907
405,41,45,140,0,0,0,0,0,1.0,0.0,0,0.45140981674194336
406,50,87,63,0,0,0,0,0,1.0,0.0,0,0.5028969645500183
407,0,0,118,0,0,0,0,0,1.0,0.0,0,0.41632387042045593
408,5,60,28,0,0,0,0,0,1.0,0.0,0,0.47772830724716187
409,12,69,246,0,0,0,0,0,1.0,0.0,0,0.5230022072792053
410,49,71,88,0,0,0,0,0,1.0,0.0,0,0.45951393246650696
411,22,33,93,0,0,0,0,0,1.0,0.0,0,0.5037190914154053
412,48,67,251,0,0,0,0,0,1.0,0.0,0,0.47670498490333557
413,42,9,113,0,0,0,0,0,1.0,0.0,0,0.4879915118217468
414,56,104,89,0,0,0,0,0,1.0,0.0,0,0.455471009016037
415,58,59,31,0,0,0,0,0,1.0,0.0,0,0.5409985780715942
416,61,51,201,0,0,0,0,0,1.0,0.0,0,0.5142682194709778
417,49,71,59,0,0,0,0,0,1.0,0.0,0,0.5012210011482239
418,24,72,171,0,0,0,0,0,1.0,0.0,0,0.46638163924217224
419,52,88,169,0,0,0,0,0,1.0,0.0,0,0.4734516441822052
420,13,46,112,0,0,0,0,0,1.0,0.0,0,0.4250522255897522
421,44,40,12,0,0,0,0,0,1.0,0.0,0,0.4895040988922119
422,34,27,118,0,0,0,0,0,1.0,0.0,0,0.4190227687358856
423,59,47,193,0,0,0,0,0,1.0,0.0,0,0.5341119170188904
424,16,7,27,0,0,0,0,0,1.0,0.0,0,0.5008335113525391
425,47,114,238,0,0,0,0,0,1.0,0.0,0,0.5350887179374695
426,20,122,133,0,0,0,0,0,1.0,0.0,0,0.504409909248352
427,38,69,69,0,0,0,0,0,1.0,0.0,0,0.519128680229187
428,22,51,131,0,0,0,0,0,1.0,0.38628054994705296,0,0.523172914981842
429,44,60,49,0,0,0,0,0,1.0,0.0,0,0.4900253415107727
430,25,95,163,0,0,0,0,0,1.0,0.0,0,0.5174071192741394
431,20,122,80,0,0,0,0,0,1.0,0.0,0,0.4994870126247406
432,62,53,246,0,0,0,0,0,1.0,0.0,0,0.5011812448501587
433,62,71,102,0,0,0,0,0,1.0,0.0,0,0.5079465508460999
434,42,29,92,0,0,0,0,0,1.0,0.0,0,0.5004138946533203
435,52,80,154,0,0,0,0,0,1.0,0.0,0,0.484714150428772
436,28,62,204,0,0,0,0,0,1.0,0.0,0,0.5212990641593933
437,58,78,232,0,0,0,0,0,1.0,0.0,0,0.477172315120697
438,21,123,77,0,0,0,0,0,1.0,0.0,0,0.5365469455718994
439,42,40,10,0,0,0,0,0,1.0,0.0,0,0.5070136785507202
440,9,31,170,0,0,0,0,0,1.0,0.0,0,0.5939313173294067
441,4,68,234,0,0,0,0,0,1.0,0.0,0,0.46512356400489807
442,16,61,66,0,0,0,0,0,1.0,0.0,0,0.5214281678199768
443,42,36,5,0,0,0,0,0,1.0,0.0,0,0.5469077229499817
444,12,36,221,0,0,0,0,0,1.0,0.0,0,0.5654905438423157
445,62,80,151,0,0,0,0,0,1.0,0.0,0,0.5247507095336914
446,12,36,22,0,0,0,0,0,1.0,0.0,0,0.4995981752872467
447,9,90,129,0,0,0,0,0,1.0,0.0,0,0.5713469386100769
448,12,61,42,0,0,0,0,0,1.0,0.0,0,0.5036373138427734
449,38,107,149,0,0,0,0,0,1.0,0.0,0,0.4406806528568268
450,16,62,253,0,0,0,0,0,1.0,0.0,0,0.5420675873756409
451,13,71,156,0,0,0,0,0,1.0,0.0,0,0.46227508783340454
452,23,53,93,0,0,0,0,0,1.0,0.0,0,0.5070220232009888
453,56,122,20,0,0,0,0,0,1.0,0.0,0,0.49293264746665955
454,4,125,145,0,0,0,0,0,1.0,0.0,0,0.4565809667110443
455,7,50,234,0,0,0,0,0,1.0,0.0,0,0.559228777885437
456,13,94,160,0,0,0,0,0,1.0,0.0,0,0.45943835377693176
457,38,23,30,0,0,0,0,0,1.0,0.0,0,0.463226854801178
458,49,118,129,0,0,0,0,0,1.0,0.0,0,0.4998094439506531
459,20,100,149,0,0,0,0,0,1.0,0.0,0,0.5847338438034058
460,18,48,211,0,0,0,0,0,1.0,0.0,0,0.5092298984527588
461,53,69,191,0,0,0,0,0,1.0,0.0,0,0.45658114552497864
462,13,11,40,0,0,0,0,0,1.0,0.0,0,0.502651035785675
463,17,16,242,0,0,0,0,0,1.0,0.0,0,0.5050535798072815
464,0,66,168,0,0,0,0,0,1.0,0.0,0,0.49138861894607544
465,24,3,64,0,0,0,0,0,1.0,0.0,0,0.5143704414367676
466,7,108,218,0,0,0,0,0,1.0,0.0,0,0.4846665859222412
467,19,23,97,0,0,0,0,0,1.0,0.0,0,0.5152314901351929
468,33,13,195,0,0,0,0,0,1.0,0.0,0,0.5283809304237366
469,13,71,175,0,0,0,0,0,1.0,0.0,0,0.45730650424957275
470,54,53,175,0,0,0,0,0,1.0,0.0,0,0.49234068393707275
471,37,94,58,0,0,0,0,0,1.0,0.0,0,0.5056800246238708
472,58,109,130,0,0,0,0,0,1.0,0.0,0,0.4611320495605469
473,58,116,76,0,0,0,0,0,1.0,0.0,0,0.4460706114768982
474,1,104,21,0,0,0,0,0,1.0,0.0,0,0.49576857686042786
475,14,115,79,0,0,0,0,0,1.0,0.0,0,0.5513899922370911
476,8,60,33,0,0,0,0,0,1.0,0.0,0,0.49096250534057617
477,16,57,77,0,0,0,0,0,1.0,0.0,0,0.4902426302433014
478,10,91,118,0,0,0,0,0,1.0,0.0,0,0.5656684041023254
479,39,0,141,0,0,0,0,0,1.0,0.0,0,0.4701179563999176
480,44,105,249,0,0,0,0,0,1.0,0.0,0,0.5150925517082214
481,44,105,21,0,0,0,0,0,1.0,0.0,0,0.5094481706619263
482,61,115,168,0,0,0,0,0,1.0,0.0,0,0.44932281970977783
483,33,85,48,0,0,0,0,0,1.0,0.0,0,0.4838178753852844
484,10,79,191,0,0,0,0,0,1.0,0.0,0,0.5205761194229126
485,59,51,72,0,0,0,0,0,1.0,0.0,0,0.4259125292301178
486,26,64,195,0,0,0,0,0,1.0,0.0,0,0.4903245270252228
487,47,98,135,0,0,0,0,0,1.0,0.0,0,0.5052304863929749
488,22,75,221,0,0,0,0,0,1.0,0.0,0,0.5017889738082886
489,7,112,97,0,0,0,0,0,1.0,0.0,0,0.4781874120235443
490,19,0,10,0,0,0,0,0,1.0,0.0,0,0.4903697967529297
491,48,124,128,0,0,0,0,0,1.0,0.0,0,0.5157418847084045
492,10,57,99,0,0,0,0,0,1.0,0.0,0,0.5241163372993469
493,19,41,12,0,0,0,0,0,1.0,0.0,0,0.5510711669921875
494,26,37,152,0,0,0,0,0,1.0,0.0,0,0.4711114466190338
495,43,93,234,0,0,0,0,0,1.0,0.0,0,0.5411689877510071
496,6,78,180,0,0,0,0,0,1.0,0.0,0,0.5311561226844788
497,52,110,161,0,0,0,0,0,1.0,0.0,0,0.47526514530181885
498,16,100,123,0,0,0,0,0,1.0,0.0,0,0.5641636848449707
499,57,36,180,0,0,0,0,0,1.0,0.0,0,0.48873817920684814
500,20,74,223,0,0,0,0,0,1.0,0.0,0,0.5122117400169373
501,15,25,35,0,0,0,0,0,1.0,0.0,0,0.47183623909950256
502,31,10,194,0,0,0,0,0,1.0,0.0,0,0.4858335256576538
503,41,59,70,0,0,0,0,0,1.0,0.0,0,0.4715477526187897
504,39,11,200,0,0,0,0,0,1.0,0.0,0,0.4702191948890686
505,31,91,5,0,0,0,0,0,1.0,0.0,0,0.5064054727554321
506,9,88,165,0,0,0,0,0,1.0,0.0,0,0.48763471841812134
507,31,103,36,0,0,0,0,0,1.0,0.0,0,0.4797331392765045
508,15,9,207,0,0,0,0,0,1.0,0.0,0,0.4638676047325134
509,15,3,76,0,0,0,0,0,1.0,0.0,0,0.4950667917728424
510,34,54,102,0,0,0,0,0,1.0,0.0,0,0.42538854479789734
511,15,91,235,0,0,0,0,0,1.0,0.0,0,0.5001443028450012
512,15,34,43,0,0,0,0,0,1.0,0.0,0,0.4810175597667694
513,31,7,55,0,0,0,0,0,1.0,0.0,0,0.5259760618209839
514,31,116,230,0,0,0,0,0,1.0,0.0,0,0.5175474286079407
515,36,113,217,0,0,0,0,0,1.0,0.0,0,0.47931408882141113
516,15,106,208,0,0,0,0,0,1.0,0.0,0,0.54277104139328
517,48,53,250,0,0,0,0,0,1.0,0.0,0,0.5684672594070435
518,9,16,128,0,0,0,0,0,1.0,0.0,0,0.5146335363388062
519,9,32,177,0,0,0,0,0,1.0,0.0,0,0.48454800248146057
520,10,44,194,0,0,0,0,0,1.0,0.0,0,0.5181270837783813
521,41,104,160,0,0,0,0,0,1.0,0.0,0,0.419527143239975
522,29,28,51,0,0,0,0,0,1.0,0.0,0,0.44300901889801025
523,51,94,76,0,0,0,0,0,1.0,0.0,0,0.511955738067627
524,17,124,105,0,0,0,0,0,1.0,0.0,0,0.5188916325569153
525,38,119,190,0,0,0,0,0,1.0,0.0,0,0.4536762535572052
526,24,28,185,0,0,0,0,0,1.0,0.0,0,0.5362448692321777
527,13,33,12,0,0,0,0,0,1.0,0.0,0,0.40388986468315125
528,44,42,178,0,0,0,0,0,1.0,0.0,0,0.5806917548179626
529,4,7,79,0,0,0,0,0,1.0,0.0,0,0.511400043964386
530,17,100,68,0,0,0,0,0,1.0,0.0,0,0.5567084550857544
531,21,73,100,0,0,0,0,0,1.0,0.0,0,0.5434197783470154
532,30,107,52,0,0,0,0,0,1.0,0.0,0,0.49798783659935
533,46,10,222,0,0,0,0,0,1.0,0.0,0,0.5106640458106995
534,17,62,54,0,0,0,0,0,1.0,0.0,0,0.522274911403656
535,61,106,77,0,0,0,0,0,1.0,0.0,0,0.5300269722938538
536,33,59,90,0,0,0,0,0,1.0,0.0,0,0.4766250550746918
537,5,55,101,0,0,0,0,0,1.0,0.0,0,0.5708268880844116
538,46,21,240,0,0,0,0,0,1.0,0.0,0,0.47685158252716064
539,5,89,186,0,0,0,0,0,1.0,0.0,0,0.5518794655799866
540,6,49,219,0,0,0,0,0,1.0,0.0,0,0.47650983929634094
541,56,113,34,0,0,0,0,0,1.0,0.0,0,0.5013489723205566
542,61,89,108,0,0,0,0,0,1.0,0.0,0,0.5506816506385803
543,52,115,43,0,0,0,0,0,1.0,0.0,0,0.4334239065647125
544,58,70,205,0,0,0,0,0,1.0,0.0,0,0.48351430892944336
545,32,108,198,0,0,0,0,0,1.0,0.0,0,0.5096690654754639
546,2,26,88,0,0,0,0,0,1.0,0.0,0,0.4335958659648895
547,22,54,162,0,0,0,0,0,1.0,0.0,0,0.4750077426433563
548,62,36,210,0,0,0,0,0,1.0,0.0,0,0.49006637930870056
549,14,10,175,0,0,0,0,0,1.0,0.0,0,0.6042361259460449
550,22,37,191,0,0,0,0,0,1.0,0.0,0,0.527683675289154
551,62,67,253,0,0,0,0,0,1.0,0.0,0,0.6072011590003967
552,22,96,82,0,0,0,0,0,1.0,0.0,0,0.5699207782745361
553,52,70,216,0,0,0,0,0,1.0,0.0,0,0.49053046107292175
554,31,24,238,0,0,0,0,0,1.0,0.0,0,0.5106028318405151
555,42,35,14,0,0,0,0,0,1.0,0.0,0,0.49816134572029114
556,16,61,127,0,0,0,0,0,1.0,0.0,0,0.4576195180416107
557,35,69,182,0,0,0,0,0,1.0,0.0,0,0.5247482657432556
558,36,8,123,0,0,0,0,0,1.0,0.0,0,0.438201367855072
559,59,19,53,0,0,0,0,0,1.0,0.0,0,0.49404463171958923
560,9,5,127,0,0,0,0,0,1.0,0.0,0,0.5111899971961975
561,48,53,84,0,0,0,0,0,1.0,0.0,0,0.5445471405982971
562,6,92,191,0,0,0,0,0,1.0,0.0,0,0.4969140291213989
563,9,61,7,0,0,0,0,0,1.0,0.0,0,0.4867781400680542
564,10,12,98,0,0,0,0,0,1.0,0.0,0,0.5766150951385498
565,58,20,129,0,0,0,0,0,1.0,0.0,0,0.48620954155921936
566,38,35,66,0,0,0,0,0,1.0,0.0,0,0.5116235017776489
567,48,2,64,0,0,0,0,0,1.0,0.0,0,0.5432780981063843
568,46,24,42,0,0,0,0,0,1.0,0.0,0,0.48566994071006775
569,55,75,187,0,0,0,0,0,1.0,0.0,0,0.47707825899124146
570,27,87,28,0,0,0,0,0,1.0,0.0,0,0.5412044525146484
571,54,24,231,0,0,0,0,0,1.0,0.0,0,0.5115311741828918
572,49,113,214,0,0,0,0,0,1.0,0.0,0,0.5512493848800659
573,46,17,63,0,0,0,0,0,1.0,0.0,0,0.4828781187534332
574,28,59,0,0,0,0,0,0,1.0,0.0,0,0.5593394041061401
575,58,59,12,0,0,0,0,0,1.0,0.2974858468330014,0,0.4849878251552582
576,32,29,55,0,0,0,0,0,1.0,0.0,0,0.499026894569397
577,43,46,118,0,0,0,0,0,1.0,0.0,0,0.5294971466064453
578,52,25,146,0,0,0,0,0,1.0,0.0,0,0.5183323621749878
579,38,102,214,0,0,0,0,0,1.0,0.0,0,0.5700423121452332
580,14,122,236,0,0,0,0,0,1.0,0.0,0,0.4795043468475342
581,23,71,19,0,0,0,0,0,1.0,0.0,0,0.49710631370544434
582,42,55,148,0,0,0,0,0,1.0,0.0,0,0.521243155002594
583,62,34,136,0,0,0,0,0,1.0,0.0,0,0.5234827995300293
584,12,39,222,0,0,0,0,0,1.0,0.0,0,0.5090546011924744
585,19,103,191,0,0,0,0,0,1.0,0.0,0,0.5902305245399475
586,43,105,29,0,0,0,0,0,1.0,0.0,0,0.5363331437110901
587,43,25,196,0,0,0,0,0,1.0,0.0,0,0.5958216786384583
588,43,0,181,0,0,0,0,0,1.0,0.0,0,0.4978238642215729
589,14,82,203,0,0,0,0,0,1.0,0.0,0,0.5729815363883972
590,35,56,21,0,0,0,0,0,1.0,0.0,0,0.5488901734352112
591,46,104,89,0,0,0,0,0,1.0,0.0,0,0.5120770335197449
592,62,49,162,0,0,0,0,0,1.0,0.0,0,0.5153281688690186
593,19,124,190,0,0,0,0,0,1.0,0.0,0,0.5058689713478088
594,43,12,231,0,0,0,0,0,1.0,0.0,0,0.5736885070800781
595,61,27,151,0,0,0,0,0,1.0,0.0,0,0.4474982023239136
596,62,88,114,0,0,0,0,0,1.0,0.0,0,0.542792022228241
597,42,121,138,0,0,0,0,0,1.0,0.0,0,0.45969918370246887
598,54,42,121,0,0,0,0,0,1.0,0.0,0,0.5719677805900574
599,48,69,142,0,0,0,0,0,1.0,0.0,0,0.5688338875770569
600,54,127,9,0,0,0,0,0,1.0,0.0,0,0.45877355337142944
601,41,67,60,0,0,0,0,0,1.0,0.0,0,0.576398491859436
602,18,118,200,0,0,0,0,0,1.0,0.0,0,0.4378933012485504
603,56,54,223,0,0,0,0,0,1.0,0.0,0,0.5557200312614441
604,56,76,244,0,0,0,0,0,1.0,0.0,0,0.43722841143608093
605,9,107,194,0,0,0,0,0,1.0,0.0,0,0.5232200026512146
606,56,22,102,0,0,0,0,0,1.0,0.0,0,0.4787425100803375
607,56,122,58,0,0,0,0,0,1.0,0.0,0,0.47166410088539124
608,4,79,112,0,0,0,0,0,1.0,0.0,0,0.42116549611091614
609,56,20,104,0,0,0,0,0,1.0,0.0,0,0.47504711151123047
610,52,46,43,0,0,0,0,0,1.0,0.0,0,0.5157179832458496
611,49,67,23,0,0,0,0,0,1.0,0.0,0,0.5287085771560669
612,36,121,154,0,0,0,0,0,1.0,0.0,0,0.4934557378292084
613,38,13,188,0,0,0,0,0,1.0,0.0,0,0.5422573089599609
614,5,76,43,0,0,0,0,0,1.0,0.0,0,0.4450620710849762
615,43,109,221,0,0,0,0,0,1.0,0.0,0,0.5646016001701355
616,52,116,186,0,0,0,0,0,1.0,0.0,0,0.4952594041824341
617,0,12,25,0,0,0,0,0,1.0,0.0,0,0.43429163098335266
618,17,127,227,0,0,0,0,0,1.0,0.0,0,0.5859860181808472
619,38,125,209,0,0,0,0,0,1.0,0.0,0,0.5325875282287598
620,24,13,185,0,0,0,0,0,1.0,0.0,0,0.5073119401931763
621,4,37,227,0,0,0,0,0,1.0,0.0,0,0.5017770528793335
622,0,90,0,0,0,0,0,0,1.0,0.2778451329523316,0,0.47286033630371094
623,35,33,240,0,0,0,0,0,1.0,0.0,0,0.4812772572040558
624,5,126,201,0,0,0,0,0,1.0,0.0,0,0.5071549415588379
625,53,9,196,0,0,0,0,0,1.0,0.0,0,0.5109725594520569
626,0,103,74,0,0,0,0,0,1.0,0.0,0,0.4499151110649109
627,11,116,232,0,0,0,0,0,1.0,0.0,0,0.5118811726570129
628,32,46,43,0,0,0,0,0,1.0,0.0,0,0.517410159111023
629,16,88,91,0,0,0,0,0,1.0,0.0,0,0.45957452058792114
630,43,13,136,0,0,0,0,0,1.0,0.0,0,0.5627198219299316
631,51,60,221,0,0,0,0,0,1.0,0.0,0,0.48421528935432434
632,22,42,22,0,0,0,0,0,1.0,0.0,0,0.5418524742126465
633,52,60,118,0,0,0,0,0,1.0,0.0,0,0.49602025747299194
634,63,4,158,0,0,0,0,0,1.0,0.0,0,0.5407748818397522
635,52,36,127,0,0,0,0,0,1.0,0.0,0,0.5056703090667725
636,55,34,239,0,0,0,0,0,1.0,0.0,0,0.47963830828666687
637,30,2,151,0,0,0,0,0,1.0,0.0,0,0.47285401821136475
638,47,78,147,0,0,0,0,0,1.0,0.0,0,0.5339218974113464
639,55,118,50,0,0,0,0,0,1.0,0.0,0,0.5236589908599854
640,49,59,22,0,0,0,0,0,1.0,0.0,0,0.50042325258255
641,13,43,42,0,0,0,0,0,1.0,0.0,0,0.47085535526275635
642,29,11,6,0,0,0,0,0,1.0,0.0,0,0.5318264961242676
643,19,19,182,0,0,0,0,0,1.0,0.0,0,0.5595960021018982
644,24,100,208,0,0,0,0,0,1.0,0.0,0,0.5671148300170898
645,61,4,107,0,0,0,0,0,1.0,0.0,0,0.5110415816307068
646,50,105,172,0,0,0,0,0,1.0,0.0,0,0.528923749923706
647,61,88,135,0,0,0,0,0,1.0,0.0,0,0.45555436611175537
648,19,105,21,0,0,0,0,0,1.0,0.0,0,0.5344696640968323
649,61,81,210,0,0,0,0,0,1.0,0.0,0,0.47536683082580566
650,62,111,123,0,0,0,0,0,1.0,0.0,0,0.5524329543113708
651,42,42,198,0,0,0,0,0,1.0,0.0,0,0.5420308113098145
652,22,80,5,0,0,0,0,0,1.0,0.0,0,0.533390998840332
653,42,118,167,0,0,0,0,0,1.0,0.0,0,0.5161135792732239
654,42,28,105,0,0,0,0,0,1.0,0.0,0,0.558750331401825
655,46,107,63,0,0,0,0,0,1.0,0.0,0,0.4623914659023285
656,58,100,206,0,0,0,0,0,1.0,0.0,0,0.4764491319656372
657,5,89,73,0,0,0,0,0,1.0,0.0,0,0.5308350920677185
658,5,7,222,0,0,0,0,0,1.0,0.0,0,0.49767962098121643
659,62,85,86,0,0,0,0,0,1.0,0.0,0,0.5958784222602844
660,42,112,29,0,0,0,0,0,1.0,0.0,0,0.5089983344078064
661,39,49,179,0,0,0,0,0,1.0,0.0,0,0.49325528740882874
662,45,51,43,0,0,0,0,0,1.0,0.0,0,0.497079074382782
663,30,123,182,0,0,0,0,0,1.0,0.3066187782723472,0,0.4662294089794159
664,33,51,137,0,0,0,0,0,1.0,0.0,0,0.5176602005958557
665,39,103,76,0,0,0,0,0,1.0,0.0,0,0.513460099697113
666,30,89,163,0,0,0,0,0,1.0,0.0,0,0.4718708395957947
667,45,82,27,0,0,0,0,0,1.0,0.0,0,0.4710955023765564
668,39,30,135,0,0,0,0,0,1.0,0.0,0,0.4625021815299988
669,8,112,136,0,0,0,0,0,1.0,0.0,0,0.4846801161766052
670,33,61,210,0,0,0,0,0,1.0,0.0,0,0.45582035183906555
671,50,80,54,0,0,0,0,0,1.0,0.0,0,0.4102541208267212
672,55,84,175,0,0,0,0,0,1.0,0.0,0,0.5493224859237671
673,21,51,117,0,0,0,0,0,1.0,0.0,0,0.4666762053966522
674,38,15,103,0,0,0,0,0,1.0,0.0,0,0.48224925994873047
675,20,52,68,0,0,0,0,0,1.0,0.0,0,0.45078685879707336
676,21,43,254,0,0,0,0,0,1.0,0.0,0,0.4973074197769165
677,21,114,135,0,0,0,0,0,1.0,0.0,0,0.4966946244239807
678,58,124,228,0,0,0,0,0,1.0,0.0,0,0.44318529963493347
679,13,95,163,0,0,0,0,0,1.0,0.0,0,0.5173011422157288
680,44,58,251,0,0,0,0,0,1.0,0.0,0,0.5036638975143433
681,16,37,23,0,0,0,0,0,1.0,0.0,0,0.5409024953842163
682,19,76,116,0,0,0,0,0,1.0,0.0,0,0.45964834094047546
683,58,11,234,0,0,0,0,0,1.0,0.0,0,0.5359385013580322
684,4,6,158,0,0,0,0,0,1.0,0.0,0,0.445848673582077
685,59,72,117,0,0,0,0,0,1.0,0.0,0,0.4903830885887146
686,24,24,239,0,0,0,0,0,1.0,0.0,0,0.5032719969749451
687,14,15,229,0,0,0,0,0,1.0,0.0,0,0.5020319223403931
688,46,2,84,0,0,0,0,0,1.0,0.0,0,0.48523035645484924
689,46,85,21,0,0,0,0,0,1.0,0.0,0,0.5203157067298889
690,46,82,7,0,0,0,0,0,1.0,0.0,0,0.4911178946495056
691,32,51,198,0,0,0,0,0,1.0,0.0,0,0.5673927664756775
692,4,19,234,0,0,0,0,0,1.0,0.0,0,0.4553590416908264
693,56,27,212,0,0,0,0,0,1.0,0.0,0,0.4894430935382843
694,51,101,133,0,0,0,0,0,1.0,0.0,0,0.4334612786769867
695,2,79,21,0,0,0,0,0,1.0,0.0,0,0.4866231083869934
696,31,121,121,0,0,0,0,0,1.0,0.0,0,0.4773716628551483
697,11,57,101,0,0,0,0,0,1.0,0.0,0,0.48171624541282654
698,31,1,162,0,0,0,0,0,1.0,0.0,0,0.46412286162376404
699,36,118,137,0,0,0,0,0,1.0,0.0,0,0.43564140796661377
700,31,1,157,0,0,0,0,0,1.0,0.0,0,0.4907948672771454
701,6,43,115,0,0,0,0,0,1.0,0.0,0,0.5735598206520081
702,31,29,178,0,0,0,0,0,1.0,0.0,0,0.4729577600955963
703,54,33,159,0,0,0,0,0,1.0,0.0,0,0.49321356415748596
704,63,12,180,0,0,0,0,0,1.0,0.0,0,0.5587225556373596
705,54,101,88,0,0,0,0,0,1.0,0.0,0,0.5235558152198792
706,51,14,50,0,0,0,0,0,1.0,0.0,0,0.49067792296409607
707,44,0,167,0,0,0,0,0,1.0,0.0,0,0.5020936131477356
708,63,102,24,0,0,0,0,0,1.0,0.0,0,0.490877240896225
709,63,104,3,0,0,0,0,0,1.0,0.0,0,0.49774762988090515
710,59,45,137,0,0,0,0,0,1.0,0.0,0,0.5066116452217102
711,13,111,193,0,0,0,0,0,1.0,0.0,0,0.45347461104393005
712,37,60,27,0,0,0,0,0,1.0,0.0,0,0.5024939179420471
713,37,12,151,0,0,0,0,0,1.0,0.0,0,0.5154023170471191
714,52,112,137,0,0,0,0,0,1.0,0.0,0,0.49101752042770386
715,56,18,61,0,0,0,0,0,1.0,0.0,0,0.44437626004219055
716,46,45,152,0,0,0,0,0,1.0,0.0,0,0.44756391644477844
717,54,120,208,0,0,0,0,0,1.0,0.0,0,0.5384453535079956
718,56,69,128,0,0,0,0,0,1.0,0.0,0,0.4633179008960724
719,13,67,110,0,0,0,0,0,1.0,0.0,0,0.40984728932380676
720,56,37,122,0,0,0,0,0,1.0,0.0,0,0.5713963508605957
721,17,78,148,0,0,0,0,0,1.0,0.0,0,0.5828371047973633
722,5,76,18,0,0,0,0,0,1.0,0.0,0,0.6048862338066101
723,27,69,6,0,0,0,0,0,1.0,0.0,0,0.5296722650527954
724,7,50,69,0,0,0,0,0,1.0,0.0,0,0.47400572896003723
725,38,59,5,0,0,0,0,0,1.0,0.0,0,0.5081664323806763
726,4,6,36,0,0,0,0,0,1.0,0.0,0,0.5019961595535278
727,36,30,249,0,0,0,0,0,1.0,0.0,0,0.4499472975730896
728,14,39,67,0,0,0,0,0,1.0,0.0,0,0.4827633202075958
729,43,101,54,0,0,0,0,0,1.0,0.0,0,0.47511059045791626
730,28,39,186,0,0,0,0,0,1.0,0.0,0,0.519588053226471
731,59,33,15,0,0,0,0,0,1.0,0.0,0,0.5374258160591125
732,51,106,221,0,0,0,0,0,1.0,0.0,0,0.5013377070426941
733,13,51,105,0,0,0,0,0,1.0,0.0,0,0.4563992917537689
734,34,23,125,0,0,0,0,0,1.0,0.0,0,0.46279653906822205
735,4,43,15,0,0,0,0,0,1.0,0.0,0,0.519545316696167
736,14,96,99,0,0,0,0,0,1.0,0.0,0,0.5673174858093262
737,59,46,59,0,0,0,0,0,1.0,0.0,0,0.506734311580658
738,4,92,70,0,0,0,0,0,1.0,0.0,0,0.5174986720085144
739,5,71,30,0,0,0,0,0,1.0,0.0,0,0.5031248927116394
740,37,64,22,0,0,0,0,0,1.0,0.0,0,0.5102031826972961
741,37,124,202,0,0,0,0,0,1.0,0.0,0,0.5673282742500305
742,38,0,156,0,0,0,0,0,1.0,0.0,0,0.49401065707206726
743,59,11,244,0,0,0,0,0,1.0,0.0,0,0.5476157665252686
744,23,45,52,0,0,0,0,0,1.0,0.0,0,0.4567934274673462
745,5,34,47,0,0,0,0,0,1.0,0.0,0,0.49663612246513367
746,59,91,70,0,0,0,0,0,1.0,0.0,0,0.5655488967895508
747,59,52,160,0,0,0,0,0,1.0,0.30589089527984425,0,0.5690810084342957
748,4,86,52,0,0,0,0,0,1.0,0.0,0,0.5609907507896423
749,59,124,226,0,0,0,0,0,1.0,0.0,0,0.5619204044342041
750,59,109,29,0,0,0,0,0,1.0,0.0,0,0.5378009080886841
751,4,68,134,0,0,0,0,0,1.0,0.0,0,0.4822598993778229
752,4,92,194,0,0,0,0,0,1.0,0.0,0,0.4959290623664856
753,4,9,113,0,0,0,0,0,1.0,0.0,0,0.46818283200263977
754,38,54,58,0,0,0,0,0,1.0,0.0,0,0.4661361575126648
755,4,77,99,0,0,0,0,0,1.0,0.0,0,0.4951094388961792
756,5,13,51,0,0,0,0,0,1.0,0.0,0,0.4967270791530609
757,13,51,68,0,0,0,0,0,1.0,0.0,0,0.5341033935546875
758,59,2,248,0,0,0,0,0,1.0,0.0,0,0.573815107345581
759,59,124,189,0,0,0,0,0,1.0,0.0,0,0.5154395699501038
760,2,13,148,0,0,0,0,0,1.0,0.0,0,0.5308119654655457
761,59,100,50,0,0,0,0,0,1.0,0.0,0,0.5288785696029663
762,4,126,212,0,0,0,0,0,1.0,0.0,0,0.4749211370944977
763,4,109,10,0,0,0,0,0,1.0,0.0,0,0.4872342348098755
764,16,44,145,0,0,0,0,0,1.0,0.0,0,0.4857487380504608
765,4,68,121,0,0,0,0,0,1.0,0.0,0,0.45699310302734375
766,13,125,123,0,0,0,0,0,1.0,0.0,0,0.4619116485118866
767,24,58,229,0,0,0,0,0,1.0,0.0,0,0.4507986009120941
768,4,70,34,0,0,0,0,0,1.0,0.0,0,0.43988147377967834
769,37,124,143,0,0,0,0,0,1.0,0.0,0,0.5473482608795166
770,4,23,174,0,0,0,0,0,1.0,0.0,0,0.4818035364151001
771,15,17,108,0,0,0,0,0,1.0,0.0,0,0.48909857869148254
772,0,109,245,0,0,0,0,0,1.0,0.0,0,0.44045794010162354
773,59,40,33,0,0,0,0,0,1.0,0.0,0,0.5155175924301147
774,5,75,114,0,0,0,0,0,1.0,0.0,0,0.47830942273139954
775,59,5,138,0,0,0,0,0,1.0,0.0,0,0.4893893897533417
776,24,19,173,0,0,0,0,0,1.0,0.0,0,0.540066123008728
777,28,75,123,0,0,0,0,0,1.0,0.0,0,0.5202104449272156
778,59,92,219,0,0,0,0,0,1.0,0.0,0,0.5181716680526733
779,52,44,126,0,0,0,0,0,1.0,0.0,0,0.47980251908302307
780,19,45,163,0,0,0,0,0,1.0,0.33073462282823396,0,0.5719040632247925
781,4,27,223,0,0,0,0,0,1.0,0.0,0,0.48064708709716797
782,28,80,114,0,0,0,0,0,1.0,0.0,0,0.5291351675987244
783,4,9,193,0,0,0,0,0,1.0,0.0,0,0.47697463631629944
784,52,71,36,0,0,0,0,0,1.0,0.0,0,0.42412132024765015
785,59,114,235,0,0,0,0,0,1.0,0.0,0,0.5357359647750854
786,14,0,168,0,0,0,0,0,1.0,0.0,0,0.5359588861465454
787,59,123,33,0,0,0,0,0,1.0,0.0,0,0.5147149562835693
788,59,124,120,0,0,0,0,0,1.0,0.0,0,0.5131144523620605
789,4,19,198,0,0,0,0,0,1.0,0.0,0,0.5624985694885254
790,61,8,21,0,0,0,0,0,1.0,0.0,0,0.4886299669742584
791,28,107,24,0,0,0,0,0,1.0,0.0,0,0.5528125762939453
792,59,85,9,0,0,0,0,0,1.0,0.0,0,0.4834383428096771
793,10,34,100,0,0,0,0,0,1.0,0.0,0,0.47600123286247253
794,28,24,78,0,0,0,0,0,1.0,0.0,0,0.5186927318572998
795,15,10,196,0,0,0,0,0,1.0,0.0,0,0.4981454014778137
796,59,85,215,0,0,0,0,0,1.0,0.0,0,0.4625234603881836
797,4,108,63,0,0,0,0,0,1.0,0.0,0,0.4922720789909363
798,38,98,154,0,0,0,0,0,1.0,0.0,0,0.5101867914199829
799,46,14,141,0,0,0,0,0,1.0,0.0,0,0.45497527718544006
800,21,34,43,0,0,0,0,0,1.0,0.0,0,0.47457072138786316
801,56,60,23,0,0,0,0,0,1.0,0.0,0,0.581792950630188
802,2,48,58,0,0,0,0,0,1.0,0.0,0,0.466116338968277
803,7,92,208,0,0,0,0,0,1.0,0.0,0,0.5422166585922241
804,23,120,180,0,0,0,0,0,1.0,0.0,0,0.4969613254070282
805,36,114,193,0,0,0,0,0,1.0,0.0,0,0.4191623032093048
806,31,67,6,0,0,0,0,0,1.0,0.0,0,0.5060467720031738
807,24,115,64,0,0,0,0,0,1.0,0.0,0,0.4776686728000641
808,31,64,33,0,0,0,0,0,1.0,0.0,0,0.45123109221458435
809,31,117,0,0,0,0,0,0,1.0,0.0,0,0.45948585867881775
810,41,107,74,0,0,0,0,0,1.0,0.0,0,0.5038346648216248
811,9,91,255,0,0,0,0,0,1.0,0.0,0,0.5164644718170166
812,31,89,34,0,0,0,0,0,1.0,0.0,0,0.49176928400993347
813,31,126,115,0,0,0,0,0,1.0,0.0,0,0.5077835917472839
814,15,104,180,0,0,0,0,0,1.0,0.0,0,0.5082780718803406
815,15,104,84,0,0,0,0,0,1.0,0.0,0,0.4445171356201172
816,54,113,118,0,0,0,0,0,1.0,0.0,0,0.4906529486179352
817,15,26,88,0,0,0,0,0,1.0,0.0,0,0.4326682984828949
818,15,46,211,0,0,0,0,0,1.0,0.0,0,0.4616307318210602
819,36,30,236,0,0,0,0,0,1.0,0.0,0,0.4158344268798828
820,58,59,149,0,0,0,0,0,1.0,0.0,0,0.4300413131713867
821,15,42,131,0,0,0,0,0,1.0,0.0,0,0.4720734655857086
822,15,17,120,0,0,0,0,0,1.0,0.0,0,0.4521736204624176
823,15,30,148,0,0,0,0,0,1.0,0.0,0,0.4660860002040863
824,1,54,69,0,0,0,0,0,1.0,0.0,0,0.5330449938774109
825,41,104,167,0,0,0,0,0,1.0,0.0,0,0.50608891248703
826,15,55,14,0,0,0,0,0,1.0,0.0,0,0.5128575563430786
827,15,55,245,0,0,0,0,0,1.0,0.0,0,0.514277458190918
828,60,63,5,0,0,0,0,0,1.0,0.0,0,0.5123647451400757
829,15,62,204,0,0,0,0,0,1.0,0.0,0,0.4883834421634674
830,24,29,236,0,0,0,0,0,1.0,0.0,0,0.4702463448047638
831,4,45,17,0,0,0,0,0,1.0,0.0,0,0.570766270160675
832,32,49,229,0,0,0,0,0,1.0,0.0,0,0.5705516338348389
833,15,89,253,0,0,0,0,0,1.0,0.0,0,0.5109856128692627
834,32,58,167,0,0,0,0,0,1.0,0.0,0,0.4620283842086792
835,63,38,112,0,0,0,0,0,1.0,0.0,0,0.5162656903266907
836,15,62,253,0,0,0,0,0,1.0,0.31562155374396017,0,0.4604402184486389
837,63,87,180,0,0,0,0,0,1.0,0.0,0,0.49913859367370605
838,11,11,237,0,0,0,0,0,1.0,0.0,0,0.4995326101779938
839,46,100,48,0,0,0,0,0,1.0,0.0,0,0.54256272315979
840,59,54,107,0,0,0,0,0,1.0,0.0,0,0.572540283203125
841,4,68,214,0,0,0,0,0,1.0,0.0,0,0.452499657869339
842,0,20,123,0,0,0,0,0,1.0,0.0,0,0.4385676383972168
843,50,123,116,0,0,0,0,0,1.0,0.0,0,0.5282152891159058
844,44,113,9,0,0,0,0,0,1.0,0.0,0,0.5903996229171753
845,13,122,97,0,0,0,0,0,1.0,0.0,0,0.43089088797569275
846,20,40,253,0,0,0,0,0,1.0,0.0,0,0.5555397868156433
847,10,10,167,0,0,0,0,0,1.0,0.0,0,0.49198541045188904
848,53,97,148,0,0,0,0,0,1.0,0.0,0,0.553639829158783
849,49,0,229,0,0,0,0,0,1.0,0.0,0,0.5258434414863586
850,27,83,58,0,0,0,0,0,1.0,0.0,0,0.5724763870239258
851,31,94,91,0,0,0,0,0,1.0,0.0,0,0.48935461044311523
852,56,89,206,0,0,0,0,0,1.0,0.0,0,0.47300517559051514
853,43,103,156,0,0,0,0,0,1.0,0.0,0,0.49508553743362427
854,31,93,92,0,0,0,0,0,1.0,0.0,0,0.49998947978019714
855,63,3,72,0,0,0,0,0,1.0,0.0,0,0.5318422317504883
856,10,112,246,0,0,0,0,0,1.0,0.0,0,0.5404649376869202
857,8,51,141,0,0,0,0,0,1.0,0.0,0,0.49383485317230225
858,6,53,43,0,0,0,0,0,1.0,0.0,0,0.4931013882160187
859,53,22,35,0,0,0,0,0,1.0,0.0,0,0.5093693137168884
860,3,18,100,0,0,0,0,0,1.0,0.0,0,0.5324914455413818
861,25,92,121,0,0,0,0,0,1.0,0.0,0,0.5045685172080994
862,45,26,154,0,0,0,0,0,1.0,0.0,0,0.43068745732307434
863,10,79,142,0,0,0,0,0,1.0,0.0,0,0.575858473777771
864,33,49,145,0,0,0,0,0,1.0,0.0,0,0.47328242659568787
865,53,68,200,0,0,0,0,0,1.0,0.0,0,0.5001872777938843
866,7,122,9,0,0,0,0,0,1.0,0.0,0,0.4389677047729492
867,0,66,246,0,0,0,0,0,1.0,0.2915458126520873,0,0.46242329478263855
868,52,93,40,0,0,0,0,0,1.0,0.0,0,0.5068743824958801
869,19,43,184,0,0,0,0,0,1.0,0.3903182227437106,0,0.5428605675697327
870,40,97,170,0,0,0,0,0,1.0,0.0,0,0.47392624616622925
871,44,52,215,0,0,0,0,0,1.0,0.0,0,0.5527050495147705
872,34,5,46,0,0,0,0,0,1.0,0.0,0,0.4823162257671356
873,0,16,218,0,0,0,0,0,1.0,0.0,0,0.5011977553367615
874,58,116,99,0,0,0,0,0,1.0,0.0,0,0.5416574478149414
875,5,85,143,0,0,0,0,0,1.0,0.0,0,0.5056877136230469
876,38,17,187,0,0,0,0,0,1.0,0.0,0,0.4782297611236572
877,16,103,241,0,0,0,0,0,1.0,0.0,0,0.4314156174659729
878,38,84,247,0,0,0,0,0,1.0,0.0,0,0.5274094343185425
879,13,17,198,0,0,0,0,0,1.0,0.0,0,0.48133260011672974
880,19,60,111,0,0,0,0,0,1.0,0.0,0,0.4811473488807678
881,62,108,122,0,0,0,0,0,1.0,0.0,0,0.5037887096405029
882,9,42,135,0,0,0,0,0,1.0,0.0,0,0.4850717782974243
883,43,31,134,0,0,0,0,0,1.0,0.0,0,0.5354441404342651
884,52,82,98,0,0,0,0,0,1.0,0.0,0,0.5430285930633545
885,52,82,86,0,0,0,0,0,1.0,0.0,0,0.4572242498397827
886,36,76,130,0,0,0,0,0,1.0,0.0,0,0.44246146082878113
887,5,121,24,0,0,0,0,0,1.0,0.0,0,0.481129914522171
888,60,7,66,0,0,0,0,0,1.0,0.0,0,0.48591554164886475
889,53,107,247,0,0,0,0,0,1.0,0.0,0,0.5122566819190979
890,45,96,216,0,0,0,0,0,1.0,0.3187742844528202,0,0.4679427146911621
891,51,32,194,0,0,0,0,0,1.0,0.0,0,0.47749873995780945
892,28,4,220,0,0,0,0,0,1.0,0.3276780509504235,0,0.4843291640281677
893,24,81,237,0,0,0,0,0,1.0,0.0,0,0.5404981374740601
894,59,116,77,0,0,0,0,0,1.0,0.0,0,0.5384548902511597
895,0,127,246,0,0,0,0,0,1.0,0.0,0,0.42749646306037903
896,22,11,67,0,0,0,0,0,1.0,0.0,0,0.5503692030906677
897,7,14,27,0,0,0,0,0,1.0,0.0,0,0.5199134349822998
898,23,69,14,0,0,0,0,0,1.0,0.28068162358483845,0,0.49405327439308167
899,59,116,53,0,0,0,0,0,1.0,0.0,0,0.5623137354850769
900,0,123,131,0,0,0,0,0,1.0,0.0,0,0.470712810754776
901,12,101,28,0,0,0,0,0,1.0,0.0,0,0.4817722737789154
902,43,99,57,0,0,0,0,0,1.0,0.0,0,0.5370032787322998
903,38,63,120,0,0,0,0,0,1.0,0.0,0,0.5090427398681641
904,34,4,47,0,0,0,0,0,1.0,0.0,0,0.4693903923034668
905,59,74,254,0,0,0,0,0,1.0,0.0,0,0.4804888069629669
906,10,81,61,0,0,0,0,0,1.0,0.0,0,0.5238141417503357
907,47,55,196,0,0,0,0,0,1.0,0.0,0,0.5593643188476562
908,28,0,99,0,0,0,0,0,1.0,0.0,0,0.4895218312740326
909,52,33,243,0,0,0,0,0,1.0,0.0,0,0.4880777895450592
910,34,17,110,0,0,0,0,0,1.0,0.0,0,0.5263679027557373
911,42,33,247,0,0,0,0,0,1.0,0.0,0,0.5023895502090454
912,26,80,95,0,0,0,0,0,1.0,0.0,0,0.46415892243385315
913,4,0,215,0,0,0,0,0,1.0,0.0,0,0.5086209774017334
914,46,73,128,0,0,0,0,0,1.0,0.0,0,0.42695295810699463
915,52,34,236,0,0,0,0,0,1.0,0.0,0,0.43501922488212585
916,35,56,100,0,0,0,0,0,1.0,0.4283842110510636,0,0.5893890857696533
917,52,51,127,0,0,0,0,0,1.0,0.0,0,0.44070765376091003
918,59,90,27,0,0,0,0,0,1.0,0.0,0,0.46659576892852783
919,0,54,72,0,0,0,0,0,1.0,0.0,0,0.47224730253219604
920,62,75,126,0,0,0,0,0,1.0,0.0,0,0.49835139513015747
921,23,99,189,0,0,0,0,0,1.0,0.0,0,0.5359691977500916
922,4,19,240,0,0,0,0,0,1.0,0.0,0,0.4962811768054962
923,23,78,102,0,0,0,0,0,1.0,0.0,0,0.5455484986305237
924,42,9,174,0,0,0,0,0,1.0,0.0,0,0.5171950459480286
925,33,40,89,0,0,0,0,0,1.0,0.0,0,0.4716392457485199
926,35,44,196,0,0,0,0,0,1.0,0.0,0,0.4900960922241211
927,45,14,117,0,0,0,0,0,1.0,0.0,0,0.5130868554115295
928,6,114,82,0,0,0,0,0,1.0,0.0,0,0.504455029964447
929,37,5,54,0,0,0,0,0,1.0,0.0,0,0.5497509241104126
930,43,58,13,0,0,0,0,0,1.0,0.0,0,0.4636278450489044
931,55,68,175,0,0,0,0,0,1.0,0.0,0,0.49503618478775024
932,58,122,112,0,0,0,0,0,1.0,0.0,0,0.430336058139801
933,13,83,165,0,0,0,0,0,1.0,0.0,0,0.4340769648551941
934,58,29,154,0,0,0,0,0,1.0,0.0,0,0.5023283958435059
935,49,99,82,0,0,0,0,0,1.0,0.0,0,0.4983319938182831
936,17,100,3,0,0,0,0,0,1.0,0.0,0,0.44748741388320923
937,49,63,208,0,0,0,0,0,1.0,0.0,0,0.5079132914543152
938,12,68,62,0,0,0,0,0,1.0,0.0,0,0.5565943121910095
939,41,124,169,0,0,0,0,0,1.0,0.0,0,0.48571404814720154
940,19,63,212,0,0,0,0,0,1.0,0.0,0,0.49978139996528625
941,26,91,99,0,0,0,0,0,1.0,0.0,0,0.40917372703552246
942,6,43,169,0,0,0,0,0,1.0,0.0,0,0.515440821647644
943,10,20,158,0,0,0,0,0,1.0,0.0,0,0.5121920704841614
944,37,53,193,0,0,0,0,0,1.0,0.0,0,0.4821999967098236
945,16,52,248,0,0,0,0,0,1.0,0.0,0,0.5265446305274963
946,63,124,46,0,0,0,0,0,1.0,0.0,0,0.5110811591148376
947,53,103,175,0,0,0,0,0,1.0,0.0,0,0.5177392959594727
948,13,28,140,0,0,0,0,0,1.0,0.0,0,0.5156313180923462
949,19,7,235,0,0,0,0,0,1.0,0.0,0,0.5433975458145142
950,12,17,229,0,0,0,0,0,1.0,0.0,0,0.5007502436637878
951,58,88,135,0,0,0,0,0,1.0,0.0,0,0.44546273350715637
952,54,94,21,0,0,0,0,0,1.0,0.0,0,0.505409836769104
953,48,18,133,0,0,0,0,0,1.0,0.34590679332167706,0,0.5563924312591553
954,32,63,128,0,0,0,0,0,1.0,0.0,0,0.5516995787620544
955,7,115,89,0,0,0,0,0,1.0,0.0,0,0.512502133846283
956,55,73,54,0,0,0,0,0,1.0,0.0,0,0.5364828705787659
957,16,2,60,0,0,0,0,0,1.0,0.0,0,0.5330696105957031
958,37,60,4,0,0,0,0,0,1.0,0.0,0,0.5136327147483826
959,38,35,223,0,0,0,0,0,1.0,0.0,0,0.5157504081726074
960,5,0,96,0,0,0,0,0,1.0,0.0,0,0.5016675591468811
961,20,61,1,0,0,0,0,0,1.0,0.0,0,0.494709849357605
962,42,27,59,0,0,0,0,0,1.0,0.0,0,0.5519459247589111
963,12,35,175,0,0,0,0,0,1.0,0.0,0,0.49220773577690125
964,22,88,241,0,0,0,0,0,1.0,0.0,0,0.5093024373054504
965,25,59,95,0,0,0,0,0,1.0,0.0,0,0.5925923585891724
966,27,73,238,0,0,0,0,0,1.0,0.0,0,0.47934243083000183
967,48,125,111,0,0,0,0,0,1.0,0.0,0,0.5094726085662842
968,42,27,191,0,0,0,0,0,1.0,0.0,0,0.4519616961479187
969,12,74,207,0,0,0,0,0,1.0,0.0,0,0.47681286931037903
970,48,122,156,0,0,0,0,0,1.0,0.0,0,0.47176098823547363
971,24,16,103,0,0,0,0,0,1.0,0.0,0,0.5685492157936096
972,3,90,87,0,0,0,0,0,1.0,0.0,0,0.4774538278579712
973,57,61,228,0,0,0,0,0,1.0,0.0,0,0.45727232098579407
974,57,17,179,0,0,0,0,0,1.0,0.0,0,0.5039231181144714
975,57,125,105,0,0,0,0,0,1.0,0.0,0,0.4964979887008667
976,62,35,45,0,0,0,0,0,1.0,0.0,0,0.4893336594104767
977,50,30,148,0,0,0,0,0,1.0,0.0,0,0.48424702882766724
978,11,41,185,0,0,0,0,0,1.0,0.0,0,0.4867815673351288
979,37,44,89,0,0,0,0,0,1.0,0.0,0,0.5355349779129028
980,16,26,27,0,0,0,0,0,1.0,0.0,0,0.4846341907978058
981,58,20,210,0,0,0,0,0,1.0,0.0,0,0.49841782450675964
982,63,76,229,0,0,0,0,0,1.0,0.0,0,0.5314570665359497
983,31,32,84,0,0,0,0,0,1.0,0.0,0,0.48668181896209717
984,44,39,250,0,0,0,0,0,1.0,0.0,0,0.4974338710308075
985,44,39,204,0,0,0,0,0,1.0,0.0,0,0.5830215215682983
986,1,86,49,0,0,0,0,0,1.0,0.0,0,0.5439993739128113
987,56,105,131,0,0,0,0,0,1.0,0.0,0,0.5600957870483398
988,17,124,185,0,0,0,0,0,1.0,0.0,0,0.5495255589485168
989,46,63,119,0,0,0,0,0,1.0,0.0,0,0.5094864964485168
990,59,124,93,0,0,0,0,0,1.0,0.0,0,0.5564777255058289
991,9,68,13,0,0,0,0,0,1.0,0.0,0,0.49106624722480774
992,6,47,1,0,0,0,0,0,1.0,0.0,0,0.5138179063796997
993,59,22,229,0,0,0,0,0,1.0,0.0,0,0.4786778688430786
994,59,47,77,0,0,0,0,0,1.0,0.0,0,0.5698662400245667
995,43,108,48,0,0,0,0,0,1.0,0.0,0,0.5077362060546875
996,43,93,69,0,0,0,0,0,1.0,0.0,0,0.5361934304237366
997,49,21,167,0,0,0,0,0,1.0,0.0,0,0.45492273569107056
998,59,8,44,0,0,0,0,0,1.0,0.0,0,0.5054939985275269
999,4,30,169,0,0,0,0,0,1.0,0.0,0,0.46729323267936707
1000,38,43,37,0,0,0,0,0,1.0,0.0,0,0.5078219175338745
1001,24,98,201,0,0,0,0,0,1.0,0.0,0,0.5213624238967896
1002,59,72,241,0,0,0,0,0,1.0,0.0,0,0.47303491830825806
1003,27,11,109,0,0,0,0,0,1.0,0.0,0,0.5076020359992981
1004,50,11,240,0,0,0,0,0,1.0,0.0,0,0.47376760840415955
1005,28,110,135,0,0,0,0,0,1.0,0.0,0,0.5300825834274292
1006,43,59,58,0,0,0,0,0,1.0,0.0,0,0.5646793842315674
1007,56,51,238,0,0,0,0,0,1.0,0.0,0,0.5325523018836975
1008,38,36,225,0,0,0,0,0,1.0,0.0,0,0.6219589114189148
1009,38,6,189,0,0,0,0,0,1.0,0.0,0,0.5147219300270081
1010,38,58,222,0,0,0,0,0,1.0,0.0,0,0.5042597651481628
1011,0,87,17,0,0,0,0,0,1.0,0.0,0,0.4533894658088684
1012,34,91,90,0,0,0,0,0,1.0,0.0,0,0.493183434009552
1013,5,10,92,0,0,0,0,0,1.0,0.0,0,0.4674602746963501
1014,62,54,131,0,0,0,0,0,1.0,0.0,0,0.4142305850982666
1015,7,77,240,0,0,0,0,0,1.0,0.0,0,0.5559007525444031
1016,46,66,85,0,0,0,0,0,1.0,0.0,0,0.4853668212890625
1017,9,18,107,0,0,0,0,0,1.0,0.0,0,0.5397098660469055
1018,62,50,203,0,0,0,0,0,1.0,0.0,0,0.5581672191619873
1019,42,3,21,0,0,0,0,0,1.0,0.0,0,0.5230873227119446
1020,29,4,134,0,0,0,0,0,1.0,0.0,0,0.44809800386428833
1021,19,22,166,0,0,0,0,0,1.0,0.0,0,0.5131391882896423
1022,4,49,251,0,0,0,0,0,1.0,0.0,0,0.5337620973587036
1023,36,123,65,0,0,0,0,0,1.0,0.0,0,0.43588992953300476
1024,4,109,97,0,0,0,0,0,1.0,0.0,0,0.47211575508117676
1025,23,49,8,0,0,0,0,0,1.0,0.0,0,0.4733332693576813
1026,62,73,220,0,0,0,0,0,1.0,0.0,0,0.5370727181434631
1027,4,49,29,0,0,0,0,0,1.0,0.0,0,0.4945659935474396
1028,42,87,174,0,0,0,0,0,1.0,0.0,0,0.5120498538017273
1029,20,88,253,0,0,0,0,0,1.0,0.0,0,0.46393638849258423
1030,49,34,147,0,0,0,0,0,1.0,0.0,0,0.4449251592159271
1031,52,86,21,0,0,0,0,0,1.0,0.0,0,0.5459089875221252
1032,46,74,13,0,0,0,0,0,1.0,0.0,0,0.4821040630340576
1033,62,13,7,0,0,0,0,0,1.0,0.0,0,0.5678371787071228
1034,34,46,124,0,0,0,0,0,1.0,0.0,0,0.47639262676239014
1035,58,11,59,0,0,0,0,0,1.0,0.0,0,0.5559967756271362
1036,53,58,10,0,0,0,0,0,1.0,0.0,0,0.48188456892967224
1037,53,58,227,0,0,0,0,0,1.0,0.0,0,0.47707855701446533
1038,58,78,243,0,0,0,0,0,1.0,0.0,0,0.3761598765850067
1039,61,21,233,0,0,0,0,0,1.0,0.0,0,0.5475466251373291
1040,42,89,47,0,0,0,0,0,1.0,0.0,0,0.546061098575592
1041,61,14,165,0,0,0,0,0,1.0,0.0,0,0.46328204870224
1042,42,95,122,0,0,0,0,0,1.0,0.0,0,0.5169296860694885
1043,25,114,158,0,0,0,0,0,1.0,0.0,0,0.5553629994392395
1044,23,55,45,0,0,0,0,0,1.0,0.0,0,0.42909327149391174
1045,3,101,46,0,0,0,0,0,1.0,0.0,0,0.4722730219364166
1046,20,10,196,0,0,0,0,0,1.0,0.0,0,0.5477953553199768
1047,3,101,124,0,0,0,0,0,1.0,0.0,0,0.47558650374412537
1048,52,116,225,0,0,0,0,0,1.0,0.0,0,0.5453720092773438
1049,28,27,9,0,0,0,0,0,1.0,0.0,0,0.4649602472782135
1050,12,50,89,0,0,0,0,0,1.0,0.3588179060515607,0,0.5601620078086853
1051,33,49,97,0,0,0,0,0,1.0,0.0,0,0.4578785300254822
1052,28,101,10,0,0,0,0,0,1.0,0.0,0,0.460186630487442
1053,6,69,187,0,0,0,0,0,1.0,0.0,0,0.4728349447250366
1054,6,27,195,0,0,0,0,0,1.0,0.0,0,0.46723344922065735
1055,5,2,182,0,0,0,0,0,1.0,0.0,0,0.48523277044296265
1056,37,83,137,0,0,0,0,0,1.0,0.0,0,0.5483190417289734
1057,19,63,25,0,0,0,0,0,1.0,0.0,0,0.5205389261245728
1058,47,53,16,0,0,0,0,0,1.0,0.0,0,0.5020054578781128
1059,6,62,35,0,0,0,0,0,1.0,0.0,0,0.4947888255119324
1060,8,41,111,0,0,0,0,0,1.0,0.0,0,0.5317455530166626
1061,51,92,93,0,0,0,0,0,1.0,0.0,0,0.4915437400341034
1062,54,94,11,0,0,0,0,0,1.0,0.0,0,0.5870819091796875
1063,10,47,27,0,0,0,0,0,1.0,0.0,0,0.5347551107406616
1064,7,65,227,0,0,0,0,0,1.0,0.0,0,0.5055262446403503
1065,53,29,191,0,0,0,0,0,1.0,0.0,0,0.47038307785987854
1066,30,113,187,0,0,0,0,0,1.0,0.0,0,0.45103591680526733
1067,51,57,179,0,0,0,0,0,1.0,0.0,0,0.4968228340148926
1068,11,35,116,0,0,0,0,0,1.0,0.0,0,0.47199586033821106
1069,63,34,136,0,0,0,0,0,1.0,0.0,0,0.469381719827652
1070,43,23,116,0,0,0,0,0,1.0,0.0,0,0.5611916780471802
1071,41,33,44,0,0,0,0,0,1.0,0.0,0,0.5027564764022827
1072,11,31,40,0,0,0,0,0,1.0,0.0,0,0.4457189738750458
1073,52,104,92,0,0,0,0,0,1.0,0.0,0,0.4410090446472168
1074,28,51,128,0,0,0,0,0,1.0,0.0,0,0.47378265857696533
1075,53,93,76,0,0,0,0,0,1.0,0.0,0,0.46888965368270874
1076,14,108,79,0,0,0,0,0,1.0,0.0,0,0.4855622947216034
1077,36,80,222,0,0,0,0,0,1.0,0.0,0,0.5123460292816162
1078,17,51,30,0,0,0,0,0,1.0,0.0,0,0.4535292387008667
1079,51,93,44,0,0,0,0,0,1.0,0.0,0,0.5048640966415405
1080,1,112,63,0,0,0,0,0,1.0,0.0,0,0.459850013256073
1081,31,112,227,0,0,0,0,0,1.0,0.0,0,0.44125261902809143
1082,1,40,134,0,0,0,0,0,1.0,0.0,0,0.5220208764076233
1083,21,101,254,0,0,0,0,0,1.0,0.0,0,0.4587985575199127
1084,54,58,246,0,0,0,0,0,1.0,0.0,0,0.48146137595176697
1085,33,126,190,0,0,0,0,0,1.0,0.0,0,0.4815557301044464
1086,51,106,13,0,0,0,0,0,1.0,0.0,0,0.5023422241210938
1087,5,103,255,0,0,0,0,0,1.0,0.0,0,0.4445250630378723
1088,33,70,251,0,0,0,0,0,1.0,0.0,0,0.5314107537269592
1089,15,103,89,0,0,0,0,0,1.0,0.0,0,0.4767521321773529
1090,24,115,21,0,0,0,0,0,1.0,0.0,0,0.5301471948623657
1091,31,80,133,0,0,0,0,0,1.0,0.0,0,0.5451029539108276
1092,51,54,249,0,0,0,0,0,1.0,0.0,0,0.517388641834259
1093,7,77,44,0,0,0,0,0,1.0,0.0,0,0.4507322609424591
1094,47,38,203,0,0,0,0,0,1.0,0.0,0,0.5186448097229004
1095,13,98,192,0,0,0,0,0,1.0,0.0,0,0.4167866110801697
1096,14,116,134,0,0,0,0,0,1.0,0.0,0,0.5025274753570557
1097,32,114,13,0,0,0,0,0,1.0,0.0,0,0.579402506351471
1098,13,106,6,0,0,0,0,0,1.0,0.0,0,0.45241275429725647
1099,10,64,130,0,0,0,0,0,1.0,0.0,0,0.499399334192276
1100,31,75,67,0,0,0,0,0,1.0,0.0,0,0.47469276189804077
1101,56,125,45,0,0,0,0,0,1.0,0.0,0,0.5018755793571472
1102,36,24,185,0,0,0,0,0,1.0,0.0,0,0.611757755279541
1103,15,19,90,0,0,0,0,0,1.0,0.0,0,0.4760727286338806
1104,9,33,218,0,0,0,0,0,1.0,0.0,0,0.5054352283477783
1105,41,18,48,0,0,0,0,0,1.0,0.0,0,0.5509297847747803
1106,44,68,67,0,0,0,0,0,1.0,0.0,0,0.502541720867157
1107,5,6,134,0,0,0,0,0,1.0,0.0,0,0.47321614623069763
1108,17,49,163,0,0,0,0,0,1.0,0.0,0,0.4991447627544403
1109,32,111,189,0,0,0,0,0,1.0,0.0,0,0.518196165561676
1110,38,87,252,0,0,0,0,0,1.0,0.0,0,0.5652564167976379
1111,46,38,172,0,0,0,0,0,1.0,0.0,0,0.5415788888931274
1112,29,53,157,0,0,0,0,0,1.0,0.0,0,0.4591679871082306
1113,7,78,251,0,0,0,0,0,1.0,0.0,0,0.5413103103637695
1114,46,74,112,0,0,0,0,0,1.0,0.0,0,0.4381544888019562
1115,1,85,186,0,0,0,0,0,1.0,0.0,0,0.533829927444458
1116,3,102,17,0,0,0,0,0,1.0,0.0,0,0.4593152701854706
1117,1,68,162,0,0,0,0,0,1.0,0.0,0,0.47148430347442627
1118,17,80,2,0,0,0,0,0,1.0,0.0,0,0.4739147126674652
1119,63,6,107,0,0,0,0,0,1.0,0.0,0,0.5008200407028198
1120,19,23,135,0,0,0,0,0,1.0,0.0,0,0.5409901738166809
1121,3,36,222,0,0,0,0,0,1.0,0.0,0,0.4964793622493744
1122,44,8,193,0,0,0,0,0,1.0,0.0,0,0.5634863376617432
1123,0,88,39,0,0,0,0,0,1.0,0.0,0,0.5018490552902222
1124,36,103,215,0,0,0,0,0,1.0,0.0,0,0.4633849859237671
1125,41,43,240,0,0,0,0,0,1.0,0.0,0,0.47172263264656067
1126,11,75,95,0,0,0,0,0,1.0,0.0,0,0.48519352078437805
1127,59,77,170,0,0,0,0,0,1.0,0.35041854705497955,0,0.5607510805130005
1128,49,95,231,0,0,0,0,0,1.0,0.0,0,0.48864221572875977
1129,41,111,14,0,0,0,0,0,1.0,0.0,0,0.5735551714897156
1130,41,85,198,0,0,0,0,0,1.0,0.0,0,0.5743764042854309
1131,41,54,129,0,0,0,0,0,1.0,0.0,0,0.5444945693016052
1132,16,21,119,0,0,0,0,0,1.0,0.0,0,0.5143740177154541
1133,40,83,215,0,0,0,0,0,1.0,0.0,0,0.48360857367515564
1134,62,80,108,0,0,0,0,0,1.0,0.0,0,0.5688107013702393
1135,23,69,233,0,0,0,0,0,1.0,0.0,0,0.482464075088501
1136,62,75,183,0,0,0,0,0,1.0,0.0,0,0.5450965762138367
1137,23,79,204,0,0,0,0,0,1.0,0.0,0,0.4903251528739929
1138,23,20,223,0,0,0,0,0,1.0,0.0,0,0.4457825720310211
1139,43,89,227,0,0,0,0,0,1.0,0.0,0,0.5201836824417114
1140,62,103,56,0,0,0,0,0,1.0,0.0,0,0.5172086358070374
1141,23,69,51,0,0,0,0,0,1.0,0.0,0,0.4639435410499573
1142,42,16,118,0,0,0,0,0,1.0,0.0,0,0.5970420837402344
1143,58,29,255,0,0,0,0,0,1.0,0.0,0,0.449371874332428
1144,38,61,102,0,0,0,0,0,1.0,0.0,0,0.47724398970603943
1145,28,69,204,0,0,0,0,0,1.0,0.0,0,0.5170170664787292
1146,38,45,120,0,0,0,0,0,1.0,0.0,0,0.5424078106880188
1147,6,122,90,0,0,0,0,0,1.0,0.0,0,0.5047167539596558
1148,37,44,104,0,0,0,0,0,1.0,0.0,0,0.5126925110816956
1149,24,54,252,0,0,0,0,0,1.0,0.0,0,0.500558614730835
1150,38,34,28,0,0,0,0,0,1.0,0.0,0,0.48614946007728577
1151,38,26,51,0,0,0,0,0,1.0,0.0,0,0.5005764961242676
1152,46,59,147,0,0,0,0,0,1.0,0.0,0,0.47723445296287537
1153,52,70,64,0,0,0,0,0,1.0,0.0,0,0.4705032706260681
1154,51,103,147,0,0,0,0,0,1.0,0.0,0,0.4377002716064453
1155,13,28,123,0,0,0,0,0,1.0,0.0,0,0.43076273798942566
1156,46,66,37,0,0,0,0,0,1.0,0.0,0,0.47797831892967224
1157,46,55,53,0,0,0,0,0,1.0,0.0,0,0.5635954737663269
1158,43,36,174,0,0,0,0,0,1.0,0.0,0,0.5529994964599609
1159,42,33,21,0,0,0,0,0,1.0,0.0,0,0.6047104001045227
1160,28,70,28,0,0,0,0,0,1.0,0.0,0,0.541571855545044
1161,4,22,103,0,0,0,0,0,1.0,0.0,0,0.5154321789741516
1162,5,126,190,0,0,0,0,0,1.0,0.0,0,0.4988710284233093
1163,18,78,23,0,0,0,0,0,1.0,0.0,0,0.4802953004837036
1164,43,13,157,0,0,0,0,0,1.0,0.0,0,0.5531046986579895
1165,61,30,60,0,0,0,0,0,1.0,0.0,0,0.4437435269355774
1166,42,68,98,0,0,0,0,0,1.0,0.0,0,0.490541011095047
1167,42,27,184,0,0,0,0,0,1.0,0.0,0,0.47690290212631226
1168,42,8,13,0,0,0,0,0,1.0,0.0,0,0.5304902791976929
1169,62,97,89,0,0,0,0,0,1.0,0.0,0,0.5997104644775391
1170,20,101,33,0,0,0,0,0,1.0,0.30308559488692544,0,0.5107202529907227
1171,48,34,161,0,0,0,0,0,1.0,0.0,0,0.4957946836948395
1172,39,100,164,0,0,0,0,0,1.0,0.0,0,0.5790941715240479
1173,45,103,149,0,0,0,0,0,0.5,0.0,0,0.5789337158203125
1174,16,26,135,0,0,0,0,0,1.0,0.0,0,0.5108731389045715
1175,0,46,116,0,0,0,0,0,1.0,0.0,0,0.4441739320755005
1176,4,19,233,0,0,0,0,0,1.0,0.0,0,0.4941149055957794
1177,4,41,196,0,0,0,0,0,1.0,0.0,0,0.558227002620697
1178,16,53,174,0,0,0,0,0,1.0,0.0,0,0.5230658054351807
1179,0,52,118,0,0,0,0,0,1.0,0.0,0,0.49159663915634155
1180,35,64,202,0,0,0,0,0,1.0,0.0,0,0.47761228680610657
1181,59,49,25,0,0,0,0,0,1.0,0.0,0,0.5358598232269287
1182,46,123,38,0,0,0,0,0,1.0,0.0,0,0.4733574390411377
1183,22,64,56,0,0,0,0,0,1.0,0.0,0,0.5028862953186035
1184,59,92,55,0,0,0,0,0,1.0,0.0,0,0.5473754405975342
1185,5,29,151,0,0,0,0,0,1.0,0.0,0,0.47661441564559937
1186,5,109,179,0,0,0,0,0,1.0,0.0,0,0.5051466822624207
1187,4,76,14,0,0,0,0,0,1.0,0.0,0,0.5107752084732056
1188,4,100,128,0,0,0,0,0,1.0,0.0,0,0.5116285681724548
1189,61,102,36,0,0,0,0,0,1.0,0.0,0,0.4695289433002472
1190,5,46,27,0,0,0,0,0,1.0,0.0,0,0.46493828296661377
1191,61,46,250,0,0,0,0,0,1.0,0.0,0,0.5098069906234741
1192,37,37,174,0,0,0,0,0,1.0,0.0,0,0.480681449174881
1193,16,53,194,0,0,0,0,0,1.0,0.0,0,0.5527892112731934
1194,59,10,160,0,0,0,0,0,1.0,0.0,0,0.569038450717926
1195,59,124,205,0,0,0,0,0,1.0,0.0,0,0.5055810809135437
1196,4,76,56,0,0,0,0,0,1.0,0.0,0,0.4937599301338196
1197,59,90,248,0,0,0,0,0,1.0,0.0,0,0.5130048394203186
1198,5,60,123,0,0,0,0,0,1.0,0.0,0,0.5401242971420288
1199,59,53,221,0,0,0,0,0,1.0,0.0,0,0.5478830933570862
1200,4,47,135,0,0,0,0,0,1.0,0.0,0,0.5075549483299255
1201,36,33,189,0,0,0,0,0,1.0,0.0,0,0.4897836446762085
1202,61,7,250,0,0,0,0,0,1.0,0.0,0,0.48909953236579895
1203,16,19,69,0,0,0,0,0,1.0,0.0,0,0.5336426496505737
1204,61,108,250,0,0,0,0,0,1.0,0.0,0,0.48045414686203003
1205,61,50,117,0,0,0,0,0,1.0,0.0,0,0.4678837060928345
1206,44,67,181,0,0,0,0,0,1.0,0.0,0,0.5267955660820007
1207,4,9,205,0,0,0,0,0,1.0,0.0,0,0.48013678193092346
1208,36,19,189,0,0,0,0,0,1.0,0.0,0,0.4359000325202942
1209,41,11,80,0,0,0,0,0,1.0,0.0,0,0.5411589741706848
1210,35,86,190,0,0,0,0,0,1.0,0.0,0,0.44189587235450745
1211,4,10,75,0,0,0,0,0,1.0,0.0,0,0.5043173432350159
1212,36,99,25,0,0,0,0,0,1.0,0.0,0,0.49750399589538574
1213,52,51,78,0,0,0,0,0,1.0,0.0,0,0.43275752663612366
1214,5,65,87,0,0,0,0,0,1.0,0.0,0,0.4146901071071625
1215,14,33,3,0,0,0,0,0,1.0,0.0,0,0.45913082361221313
1216,0,19,217,0,0,0,0,0,1.0,0.0,0,0.48769742250442505
1217,4,13,227,0,0,0,0,0,1.0,0.0,0,0.5411617755889893
1218,4,81,160,0,0,0,0,0,1.0,0.0,0,0.5575902462005615
1219,46,1,202,0,0,0,0,0,1.0,0.0,0,0.5493307709693909
1220,5,79,138,0,0,0,0,0,1.0,0.0,0,0.461642324924469
1221,21,2,134,0,0,0,0,0,1.0,0.0,0,0.4898724853992462
1222,28,57,42,0,0,0,0,0,1.0,0.0,0,0.5288091897964478
1223,36,60,132,0,0,0,0,0,1.0,0.0,0,0.44557589292526245
1224,63,69,32,0,0,0,0,0,1.0,0.0,0,0.4945788085460663
1225,5,75,233,0,0,0,0,0,1.0,0.0,0,0.4994440972805023
1226,37,25,225,0,0,0,0,0,1.0,0.0,0,0.5333254933357239
1227,4,5,137,0,0,0,0,0,1.0,0.0,0,0.49265536665916443
1228,4,20,130,0,0,0,0,0,1.0,0.0,0,0.44904783368110657
1229,0,20,193,0,0,0,0,0,1.0,0.0,0,0.5489715337753296
1230,5,36,224,0,0,0,0,0,1.0,0.0,0,0.5501083731651306
1231,37,30,254,0,0,0,0,0,1.0,0.0,0,0.48440760374069214
1232,61,27,174,0,0,0,0,0,1.0,0.0,0,0.4241385757923126
1233,59,66,204,0,0,0,0,0,1.0,0.0,0,0.4843723177909851
1234,59,46,51,0,0,0,0,0,1.0,0.0,0,0.5366950631141663
1235,16,29,127,0,0,0,0,0,1.0,0.0,0,0.5141878724098206
1236,51,70,20,0,0,0,0,0,1.0,0.0,0,0.4873725175857544
1237,60,19,163,0,0,0,0,0,1.0,0.0,0,0.4627250134944916
1238,4,53,178,0,0,0,0,0,1.0,0.0,0,0.5377594232559204
1239,4,20,41,0,0,0,0,0,1.0,0.0,0,0.5184760093688965
1240,5,42,90,0,0,0,0,0,1.0,0.0,0,0.5350784659385681
1241,16,53,249,0,0,0,0,0,1.0,0.0,0,0.5371996164321899
1242,59,79,104,0,0,0,0,0,1.0,0.0,0,0.49549633264541626
1243,41,46,70,0,0,0,0,0,1.0,0.0,0,0.499019980430603
1244,5,49,61,0,0,0,0,0,1.0,0.0,0,0.49005618691444397
1245,4,37,168,0,0,0,0,0,1.0,0.0,0,0.45754700899124146
1246,16,52,105,0,0,0,0,0,1.0,0.0,0,0.5408714413642883
1247,23,24,173,0,0,0,0,0,1.0,0.35749556221653406,0,0.4792707860469818
1248,5,40,159,0,0,0,0,0,1.0,0.0,0,0.5207239985466003
1249,8,85,89,0,0,0,0,0,1.0,0.0,0,0.43505093455314636
1250,16,5,171,0,0,0,0,0,1.0,0.0,0,0.4984002113342285
1251,37,50,235,0,0,0,0,0,1.0,0.0,0,0.47572600841522217
1252,36,19,135,0,0,0,0,0,1.0,0.0,0,0.4324745237827301
1253,16,114,42,0,0,0,0,0,1.0,0.0,0,0.4653171896934509
1254,4,19,166,0,0,0,0,0,1.0,0.0,0,0.5119719505310059
1255,4,70,220,0,0,0,0,0,1.0,0.0,0,0.5487120151519775
1256,4,19,182,0,0,0,0,0,1.0,0.0,0,0.5232020616531372
1257,0,80,173,0,0,0,0,0,1.0,0.0,0,0.46401873230934143
1258,4,27,29,0,0,0,0,0,1.0,0.0,0,0.49898046255111694
1259,16,52,220,0,0,0,0,0,1.0,0.0,0,0.4993228018283844
1260,6,105,83,0,0,0,0,0,1.0,0.0,0,0.472057968378067
1261,24,47,254,0,0,0,0,0,1.0,0.0,0,0.5342312455177307
1262,5,60,187,0,0,0,0,0,1.0,0.0,0,0.4588260054588318
1263,16,52,209,0,0,0,0,0,1.0,0.0,0,0.5455689430236816
1264,5,41,87,0,0,0,0,0,1.0,0.0,0,0.4665305018424988
1265,4,31,147,0,0,0,0,0,1.0,0.0,0,0.5212616324424744
1266,16,53,143,0,0,0,0,0,1.0,0.0,0,0.5130193829536438
1267,52,82,77,0,0,0,0,0,1.0,0.0,0,0.45939892530441284
1268,52,51,72,0,0,0,0,0,1.0,0.0,0,0.4955815374851227
1269,16,36,75,0,0,0,0,0,1.0,0.0,0,0.49178755283355713
1270,31,91,238,0,0,0,0,0,1.0,0.0,0,0.5364552736282349
1271,37,57,29,0,0,0,0,0,1.0,0.0,0,0.5142934918403625
1272,4,38,245,0,0,0,0,0,1.0,0.3655378960513257,0,0.5099722146987915
1273,4,49,189,0,0,0,0,0,1.0,0.0,0,0.5297356247901917
1274,59,37,51,0,0,0,0,0,1.0,0.0,0,0.5414302945137024
1275,16,112,63,0,0,0,0,0,1.0,0.0,0,0.4357272982597351
1276,16,7,7,0,0,0,0,0,1.0,0.0,0,0.5393324494361877
1277,16,19,75,0,0,0,0,0,1.0,0.0,0,0.5203024744987488
1278,36,125,17,0,0,0,0,0,1.0,0.0,0,0.47265908122062683
1279,16,82,245,0,0,0,0,0,1.0,0.0,0,0.47978290915489197
1280,4,69,56,0,0,0,0,0,1.0,0.0,0,0.4766191840171814
1281,4,109,253,0,0,0,0,0,1.0,0.0,0,0.4666583240032196
1282,16,15,41,0,0,0,0,0,1.0,0.0,0,0.47124040126800537
1283,38,3,26,0,0,0,0,0,1.0,0.0,0,0.5361476540565491
1284,9,50,52,0,0,0,0,0,1.0,0.0,0,0.5464834570884705
1285,9,6,105,0,0,0,0,0,1.0,0.0,0,0.4744478166103363
1286,4,92,222,0,0,0,0,0,1.0,0.0,0,0.45294806361198425
1287,16,49,197,0,0,0,0,0,1.0,0.0,0,0.4737547039985657
1288,61,111,156,0,0,0,0,0,1.0,0.0,0,0.48875707387924194
1289,16,34,87,0,0,0,0,0,1.0,0.0,0,0.46668535470962524
1290,1,47,172,0,0,0,0,0,1.0,0.0,0,0.473237007856369
1291,5,120,208,0,0,0,0,0,1.0,0.0,0,0.5338922739028931
1292,7,108,93,0,0,0,0,0,1.0,0.0,0,0.5358716249465942
1293,58,121,70,0,0,0,0,0,1.0,0.0,0,0.4860026240348816
1294,38,76,48,0,0,0,0,0,1.0,0.0,0,0.5513366460800171
1295,44,67,54,0,0,0,0,0,1.0,0.0,0,0.5189699530601501
1296,59,40,82,0,0,0,0,0,1.0,0.0,0,0.5183730125427246
1297,39,11,15,0,0,0,0,0,1.0,0.0,0,0.5462609529495239
1298,5,53,246,0,0,0,0,0,1.0,0.0,0,0.5199787020683289
1299,59,101,215,0,0,0,0,0,1.0,0.0,0,0.5015066266059875
1300,5,103,134,0,0,0,0,0,1.0,0.0,0,0.4916999340057373
1301,5,73,64,0,0,0,0,0,1.0,0.0,0,0.5457553863525391
1302,42,78,133,0,0,0,0,0,1.0,0.0,0,0.5303542613983154
1303,59,0,115,0,0,0,0,0,1.0,0.0,0,0.47616514563560486
1304,37,124,112,0,0,0,0,0,1.0,0.0,0,0.5259790420532227
1305,24,20,181,0,0,0,0,0,1.0,0.0,0,0.49170881509780884
1306,4,4,71,0,0,0,0,0,1.0,0.0,0,0.46452397108078003
1307,5,30,102,0,0,0,0,0,1.0,0.0,0,0.481301486492157
1308,14,74,147,0,0,0,0,0,1.0,0.0,0,0.4573509097099304
1309,59,116,255,0,0,0,0,0,1.0,0.0,0,0.5076479315757751
1310,4,123,164,0,0,0,0,0,1.0,0.0,0,0.5419343113899231
1311,21,47,29,0,0,0,0,0,1.0,0.0,0,0.47617271542549133
1312,4,67,3,0,0,0,0,0,1.0,0.0,0,0.5084922313690186
1313,36,10,198,0,0,0,0,0,1.0,0.0,0,0.4618280827999115
1314,4,69,53,0,0,0,0,0,1.0,0.0,0,0.5419194102287292
1315,37,69,105,0,0,0,0,0,1.0,0.0,0,0.5197147727012634
1316,13,52,93,0,0,0,0,0,1.0,0.0,0,0.4841684103012085
1317,4,53,49,0,0,0,0,0,1.0,0.0,0,0.5269295573234558
1318,36,14,219,0,0,0,0,0,1.0,0.0,0,0.45949146151542664
1319,6,35,247,0,0,0,0,0,1.0,0.0,0,0.46008211374282837
1320,34,110,35,0,0,0,0,0,1.0,0.0,0,0.4475310146808624
1321,44,84,74,0,0,0,0,0,1.0,0.0,0,0.47400355339050293
1322,13,28,99,0,0,0,0,0,1.0,0.0,0,0.43639442324638367
1323,24,82,236,0,0,0,0,0,1.0,0.0,0,0.47059667110443115
1324,12,54,236,0,0,0,0,0,1.0,0.0,0,0.4820927381515503
1325,2,25,99,0,0,0,0,0,1.0,0.0,0,0.4195548892021179
1326,0,116,183,0,0,0,0,0,1.0,0.0,0,0.4629131257534027
1327,4,84,210,0,0,0,0,0,1.0,0.0,0,0.46839797496795654
1328,36,118,157,0,0,0,0,0,1.0,0.0,0,0.49391189217567444
1329,10,103,203,0,0,0,0,0,1.0,0.0,0,0.5147659778594971
1330,48,124,8,0,0,0,0,0,1.0,0.0,0,0.5134550333023071
1331,60,97,236,0,0,0,0,0,1.0,0.0,0,0.5563613772392273
1332,49,81,81,0,0,0,0,0,1.0,0.0,0,0.46793609857559204
1333,7,88,202,0,0,0,0,0,1.0,0.0,0,0.49029621481895447
1334,33,86,228,0,0,0,0,0,1.0,0.0,0,0.5151398777961731
1335,10,80,6,0,0,0,0,0,1.0,0.0,0,0.49902164936065674
1336,3,72,81,0,0,0,0,0,1.0,0.0,0,0.47836726903915405
1337,36,42,255,0,0,0,0,0,1.0,0.0,0,0.4680818021297455
1338,49,63,150,0,0,0,0,0,1.0,0.0,0,0.5432010293006897
1339,3,93,98,0,0,0,0,0,1.0,0.0,0,0.5181177854537964
1340,60,21,30,0,0,0,0,0,1.0,0.0,0,0.5584645867347717
1341,48,127,34,0,0,0,0,0,1.0,0.0,0,0.4840211868286133
1342,22,88,200,0,0,0,0,0,1.0,0.0,0,0.5912263989448547
1343,22,90,150,0,0,0,0,0,1.0,0.0,0,0.5265123844146729
1344,49,123,227,0,0,0,0,0,1.0,0.0,0,0.4827762842178345
1345,27,74,63,0,0,0,0,0,1.0,0.0,0,0.5084273815155029
1346,43,29,4,0,0,0,0,0,1.0,0.0,0,0.5011171698570251
1347,22,15,169,0,0,0,0,0,1.0,0.0,0,0.4904899299144745
1348,35,93,151,0,0,0,0,0,1.0,0.0,0,0.5232428312301636
1349,29,120,142,0,0,0,0,0,1.0,0.0,0,0.5292142629623413
1350,49,122,98,0,0,0,0,0,1.0,0.0,0,0.4614465534687042
1351,19,101,192,0,0,0,0,0,1.0,0.0,0,0.5533720254898071
1352,45,67,153,0,0,0,0,0,1.0,0.0,0,0.5104957818984985
1353,1,47,69,0,0,0,0,0,1.0,0.0,0,0.478427529335022
1354,40,60,170,0,0,0,0,0,1.0,0.0,0,0.4934598505496979
1355,26,74,91,0,0,0,0,0,1.0,0.0,0,0.451059490442276
1356,42,64,103,0,0,0,0,0,1.0,0.0,0,0.5235247015953064
1357,42,88,85,0,0,0,0,0,1.0,0.0,0,0.576337456703186
1358,40,83,106,0,0,0,0,0,1.0,0.0,0,0.47960564494132996
1359,18,48,238,0,0,0,0,0,1.0,0.0,0,0.5385065674781799
1360,22,14,30,0,0,0,0,0,1.0,0.0,0,0.5139830708503723
1361,37,66,11,0,0,0,0,0,1.0,0.0,0,0.5030814409255981
1362,43,46,120,0,0,0,0,0,1.0,0.0,0,0.5822175741195679
1363,61,86,12,0,0,0,0,0,1.0,0.0,0,0.5376704931259155
1364,4,87,29,0,0,0,0,0,1.0,0.0,0,0.47577109932899475
1365,44,17,46,0,0,0,0,0,1.0,0.0,0,0.5334437489509583
1366,17,88,81,0,0,0,0,0,1.0,0.0,0,0.5095371603965759
1367,13,3,229,0,0,0,0,0,1.0,0.0,0,0.4375144839286804
1368,1,20,85,0,0,0,0,0,1.0,0.0,0,0.47845324873924255
1369,50,52,246,0,0,0,0,0,1.0,0.0,0,0.4309552013874054
1370,8,98,48,0,0,0,0,0,1.0,0.0,0,0.49654218554496765
1371,53,80,234,0,0,0,0,0,1.0,0.0,0,0.45447900891304016
1372,10,54,250,0,0,0,0,0,1.0,0.3617176304940549,0,0.5197147130966187
1373,49,113,217,0,0,0,0,0,1.0,0.0,0,0.5299913883209229
1374,10,32,226,0,0,0,0,0,1.0,0.0,0,0.47275638580322266
1375,20,87,27,0,0,0,0,0,1.0,0.43168441886133185,0,0.5337849855422974
1376,26,102,217,0,0,0,0,0,1.0,0.0,0,0.4456879198551178
1377,10,125,61,0,0,0,0,0,1.0,0.0,0,0.5463593006134033
1378,13,2,154,0,0,0,0,0,1.0,0.0,0,0.4458184242248535
1379,3,10,49,0,0,0,0,0,1.0,0.0,0,0.4343464970588684
1380,45,124,33,0,0,0,0,0,1.0,0.0,0,0.5592789649963379
1381,47,78,119,0,0,0,0,0,1.0,0.0,0,0.5416315197944641
1382,8,101,6,0,0,0,0,0,1.0,0.0,0,0.5022019147872925
1383,38,90,28,0,0,0,0,0,1.0,0.0,0,0.4641345739364624
1384,29,5,64,0,0,0,0,0,1.0,0.0,0,0.4006691575050354
1385,63,37,198,0,0,0,0,0,1.0,0.0,0,0.48353609442710876
1386,63,58,245,0,0,0,0,0,1.0,0.0,0,0.5002994537353516
1387,29,111,245,0,0,0,0,0,1.0,0.0,0,0.4462834596633911
1388,11,35,129,0,0,0,0,0,1.0,0.0,0,0.49458634853363037
1389,53,64,228,0,0,0,0,0,1.0,0.0,0,0.49514928460121155
1390,44,116,189,0,0,0,0,0,1.0,0.0,0,0.4709094762802124
1391,32,31,145,0,0,0,0,0,1.0,0.0,0,0.5319421291351318
1392,58,14,175,0,0,0,0,0,1.0,0.0,0,0.5400282740592957
1393,18,64,254,0,0,0,0,0,1.0,0.0,0,0.5143736600875854
1394,34,89,39,0,0,0,0,0,1.0,0.0,0,0.471773624420166
1395,62,12,198,0,0,0,0,0,1.0,0.0,0,0.5887093544006348
1396,18,104,249,0,0,0,0,0,1.0,0.0,0,0.5299832820892334
1397,46,103,96,0,0,0,0,0,1.0,0.0,0,0.5051747560501099
1398,53,116,46,0,0,0,0,0,1.0,0.0,0,0.5313929319381714
1399,18,31,233,0,0,0,0,0,1.0,0.0,0,0.5144146084785461
1400,30,75,254,0,0,0,0,0,1.0,0.0,0,0.4603208899497986
1401,58,67,206,0,0,0,0,0,1.0,0.0,0,0.46374252438545227
1402,37,94,5,0,0,0,0,0,1.0,0.0,0,0.5208846926689148
1403,52,51,7,0,0,0,0,0,1.0,0.0,0,0.4752500057220459
1404,4,30,177,0,0,0,0,0,1.0,0.0,0,0.4528583884239197
1405,4,7,23,0,0,0,0,0,1.0,0.0,0,0.47974783182144165
1406,5,75,48,0,0,0,0,0,1.0,0.0,0,0.5189142227172852
1407,58,83,69,0,0,0,0,0,1.0,0.0,0,0.5216497182846069
1408,63,110,104,0,0,0,0,0,1.0,0.0,0,0.47821009159088135
1409,13,99,63,0,0,0,0,0,1.0,0.0,0,0.4680611789226532
1410,37,29,20,0,0,0,0,0,1.0,0.0,0,0.4863044023513794
1411,44,27,171,0,0,0,0,0,1.0,0.0,0,0.49624136090278625
1412,23,103,222,0,0,0,0,0,1.0,0.0,0,0.5246743559837341
1413,23,71,221,0,0,0,0,0,1.0,0.0,0,0.5394353866577148
1414,44,30,18,0,0,0,0,0,1.0,0.0,0,0.49741825461387634
1415,51,79,41,0,0,0,0,0,1.0,0.0,0,0.5374138355255127
1416,54,92,63,0,0,0,0,0,1.0,0.0,0,0.5402925610542297
1417,2,26,22,0,0,0,0,0,1.0,0.0,0,0.45766541361808777
1418,22,95,126,0,0,0,0,0,1.0,0.0,0,0.5387962460517883
1419,10,58,175,0,0,0,0,0,1.0,0.0,0,0.49460047483444214
1420,5,121,53,0,0,0,0,0,1.0,0.0,0,0.5369860529899597
1421,33,77,206,0,0,0,0,0,1.0,0.0,0,0.4776168465614319
1422,62,123,74,0,0,0,0,0,1.0,0.0,0,0.5392635464668274
1423,14,97,93,0,0,0,0,0,1.0,0.0,0,0.5553399920463562
1424,22,1,175,0,0,0,0,0,1.0,0.0,0,0.558241605758667
1425,5,45,255,0,0,0,0,0,1.0,0.0,0,0.48996618390083313
1426,0,97,75,0,0,0,0,0,1.0,0.0,0,0.5135841369628906
1427,4,58,3,0,0,0,0,0,1.0,0.0,0,0.5131694078445435
1428,50,61,84,0,0,0,0,0,1.0,0.0,0,0.4250101149082184
1429,50,64,212,0,0,0,0,0,1.0,0.0,0,0.437266081571579
1430,11,104,48,0,0,0,0,0,1.0,0.0,0,0.4628884494304657
1431,41,22,1,0,0,0,0,0,1.0,0.0,0,0.47539883852005005
1432,50,64,219,0,0,0,0,0,1.0,0.0,0,0.4597967565059662
1433,50,88,212,0,0,0,0,0,1.0,0.0,0,0.43390676379203796
1434,3,102,198,0,0,0,0,0,1.0,0.0,0,0.45780229568481445
1435,23,59,74,0,0,0,0,0,1.0,0.0,0,0.5547489523887634
1436,44,37,160,0,0,0,0,0,1.0,0.0,0,0.5479194521903992
1437,61,59,179,0,0,0,0,0,1.0,0.0,0,0.5341354608535767
1438,23,64,230,0,0,0,0,0,1.0,0.0,0,0.4841615557670593
1439,50,18,187,0,0,0,0,0,1.0,0.0,0,0.5292470455169678
1440,37,74,112,0,0,0,0,0,1.0,0.0,0,0.4618052840232849
1441,60,28,195,0,0,0,0,0,1.0,0.0,0,0.5859137177467346
1442,46,75,190,0,0,0,0,0,1.0,0.0,0,0.4877050220966339
1443,20,28,158,0,0,0,0,0,1.0,0.0,0,0.5188451409339905
1444,23,114,28,0,0,0,0,0,1.0,0.0,0,0.5211203098297119
1445,50,32,154,0,0,0,0,0,1.0,0.0,0,0.4761791527271271
1446,35,58,103,0,0,0,0,0,1.0,0.0,0,0.476447731256485
1447,30,90,162,0,0,0,0,0,1.0,0.0,0,0.4415361285209656
1448,8,51,233,0,0,0,0,0,1.0,0.0,0,0.5479414463043213
1449,8,67,38,0,0,0,0,0,1.0,0.0,0,0.5368061661720276
1450,58,59,128,0,0,0,0,0,1.0,0.0,0,0.42755115032196045
1451,45,17,58,0,0,0,0,0,1.0,0.0,0,0.437778502702713
1452,55,44,174,0,0,0,0,0,1.0,0.0,0,0.5279581546783447
1453,45,12,152,0,0,0,0,0,1.0,0.0,0,0.4863601326942444
1454,8,67,172,0,0,0,0,0,1.0,0.0,0,0.5781108140945435
1455,33,23,127,0,0,0,0,0,1.0,0.0,0,0.48385825753211975
1456,35,39,237,0,0,0,0,0,1.0,0.0,0,0.5816760659217834
1457,47,83,146,0,0,0,0,0,1.0,0.0,0,0.5253791809082031
1458,30,113,19,0,0,0,0,0,1.0,0.0,0,0.46162623167037964
1459,47,34,99,0,0,0,0,0,1.0,0.0,0,0.5373367667198181
1460,39,27,163,0,0,0,0,0,1.0,0.0,0,0.5510568022727966
1461,60,67,130,0,0,0,0,0,1.0,0.0,0,0.5535337924957275
1462,7,29,149,0,0,0,0,0,1.0,0.0,0,0.47447365522384644
1463,34,71,235,0,0,0,0,0,1.0,0.0,0,0.5059754848480225
1464,53,10,242,0,0,0,0,0,1.0,0.0,0,0.46005162596702576
1465,51,52,213,0,0,0,0,0,1.0,0.0,0,0.42840710282325745
1466,43,18,252,0,0,0,0,0,1.0,0.0,0,0.5766409635543823
1467,44,26,199,0,0,0,0,0,1.0,0.0,0,0.48364168405532837
1468,1,4,127,0,0,0,0,0,1.0,0.0,0,0.49143698811531067
1469,58,53,44,0,0,0,0,0,1.0,0.0,0,0.4990919828414917
1470,51,94,195,0,0,0,0,0,1.0,0.0,0,0.5105092525482178
1471,62,107,192,0,0,0,0,0,1.0,0.0,0,0.508608877658844
1472,42,87,64,0,0,0,0,0,1.0,0.0,0,0.5227780342102051
1473,25,59,218,0,0,0,0,0,1.0,0.0,0,0.48042309284210205
1474,48,93,141,0,0,0,0,0,1.0,0.0,0,0.5092917084693909
1475,22,125,191,0,0,0,0,0,1.0,0.0,0,0.5037420988082886
1476,35,66,150,0,0,0,0,0,1.0,0.0,0,0.47118839621543884
1477,41,6,1,0,0,0,0,0,1.0,0.0,0,0.5134497880935669
1478,41,20,135,0,0,0,0,0,1.0,0.0,0,0.48431849479675293
1479,57,84,50,0,0,0,0,0,1.0,0.0,0,0.460903137922287
1480,41,92,62,0,0,0,0,0,1.0,0.0,0,0.557747483253479
1481,3,102,167,0,0,0,0,0,1.0,0.0,0,0.4737766981124878
1482,15,40,184,0,0,0,0,0,1.0,0.0,0,0.4657900631427765
1483,31,84,165,0,0,0,0,0,1.0,0.0,0,0.4886622726917267
1484,15,82,181,0,0,0,0,0,1.0,0.0,0,0.47588875889778137
1485,36,66,195,0,0,0,0,0,1.0,0.0,0,0.4356841742992401
1486,15,9,236,0,0,0,0,0,1.0,0.0,0,0.4460136890411377
1487,51,92,98,0,0,0,0,0,1.0,0.0,0,0.5460527539253235
1488,15,28,10,0,0,0,0,0,1.0,0.0,0,0.45899349451065063
1489,15,1,226,0,0,0,0,0,1.0,0.0,0,0.5234172344207764
1490,48,31,105,0,0,0,0,0,1.0,0.0,0,0.560992419719696
1491,31,28,232,0,0,0,0,0,1.0,0.0,0,0.4826427698135376
1492,15,18,37,0,0,0,0,0,1.0,0.0,0,0.5212229490280151
1493,51,16,152,0,0,0,0,0,1.0,0.0,0,0.47006431221961975
1494,15,95,135,0,0,0,0,0,1.0,0.0,0,0.5525621175765991
1495,33,86,114,0,0,0,0,0,1.0,0.0,0,0.510128915309906
1496,33,98,51,0,0,0,0,0,1.0,0.0,0,0.47423434257507324
1497,10,127,196,0,0,0,0,0,1.0,0.0,0,0.570706844329834
1498,31,28,245,0,0,0,0,0,1.0,0.0,0,0.5048397183418274
1499,15,49,159,0,0,0,0,0,1.0,0.0,0,0.45600518584251404
1500,7,110,203,0,0,0,0,0,1.0,0.0,0,0.5568851232528687
1501,15,62,84,0,0,0,0,0,1.0,0.0,0,0.45805826783180237
1502,31,127,68,0,0,0,0,0,1.0,0.0,0,0.5257148146629333
1503,59,98,244,0,0,0,0,0,1.0,0.0,0,0.49823203682899475
1504,15,122,144,0,0,0,0,0,1.0,0.0,0,0.4527648687362671
1505,31,8,236,0,0,0,0,0,1.0,0.0,0,0.48740237951278687
1506,31,18,213,0,0,0,0,0,1.0,0.0,0,0.4873397648334503
1507,20,52,7,0,0,0,0,0,1.0,0.0,0,0.48960164189338684
1508,7,101,19,0,0,0,0,0,1.0,0.32142796020370085,0,0.49578550457954407
1509,33,50,250,0,0,0,0,0,1.0,0.0,0,0.44182276725769043
1510,25,35,32,0,0,0,0,0,1.0,0.0,0,0.5430747270584106
1511,49,30,127,0,0,0,0,0,1.0,0.0,0,0.5169580578804016
1512,3,86,118,0,0,0,0,0,0.5,0.0,0,0.5247549414634705
1513,3,86,118,1,0,0,0,0,0.5,0.0,0,0.5247549414634705
1514,3,50,19,0,0,0,0,0,1.0,0.0,0,0.5042045712471008
1515,11,6,204,0,0,0,0,0,1.0,0.0,0,0.5298296213150024
1516,41,42,111,0,0,0,0,0,1.0,0.0,0,0.45239847898483276
1517,7,101,156,0,0,0,0,0,1.0,0.0,0,0.4279319643974304
1518,5,72,238,0,0,0,0,0,1.0,0.0,0,0.5035889744758606
1519,9,63,232,0,0,0,0,0,0.5,0.0,0,0.5362352132797241
1520,9,63,232,1,0,0,0,0,0.5,0.0,0,0.5362352132797241
1521,28,54,105,0,0,0,0,0,1.0,0.0,0,0.44023987650871277
1522,30,16,8,0,0,0,0,0,1.0,0.0,0,0.49084997177124023
1523,33,87,54,0,0,0,0,0,1.0,0.0,0,0.5187793970108032
1524,30,111,48,0,0,0,0,0,1.0,0.0,0,0.43119481205940247
1525,39,15,126,0,0,0,0,0,1.0,0.0,0,0.4711652994155884
1526,39,30,245,0,0,0,0,0,1.0,0.0,0,0.4809432327747345
1527,61,81,117,0,0,0,0,0,1.0,0.0,0,0.4473089873790741
1528,21,63,65,0,0,0,0,0,1.0,0.0,0,0.4497694969177246
1529,54,120,145,0,0,0,0,0,1.0,0.0,0,0.49413374066352844
1530,38,46,51,0,0,0,0,0,1.0,0.0,0,0.5637015700340271
1531,4,41,17,0,0,0,0,0,1.0,0.0,0,0.5558757185935974
1532,52,31,189,0,0,0,0,0,1.0,0.0,0,0.46077045798301697
1533,43,109,252,0,0,0,0,0,1.0,0.0,0,0.5320934653282166
1534,14,110,106,0,0,0,0,0,1.0,0.0,0,0.509091317653656
1535,45,70,22,0,0,0,0,0,1.0,0.0,0,0.5538278818130493
1536,46,115,200,0,0,0,0,0,1.0,0.0,0,0.5249443650245667
1537,23,63,137,0,0,0,0,0,1.0,0.0,0,0.5336057543754578
1538,42,6,113,0,0,0,0,0,1.0,0.0,0,0.4845629632472992
1539,38,55,114,0,0,0,0,0,1.0,0.0,0,0.5636734366416931
1540,36,44,9,0,0,0,0,0,1.0,0.0,0,0.4329915940761566
1541,5,53,10,0,0,0,0,0,1.0,0.0,0,0.4792844355106354
1542,28,71,9,0,0,0,0,0,1.0,0.0,0,0.5101338028907776
1543,38,92,177,0,0,0,0,0,1.0,0.0,0,0.4670243561267853
1544,4,119,18,0,0,0,0,0,1.0,0.0,0,0.45815399289131165
1545,5,60,151,0,0,0,0,0,1.0,0.0,0,0.4843553602695465
1546,56,89,115,0,0,0,0,0,1.0,0.0,0,0.4621886610984802
1547,5,44,24,0,0,0,0,0,1.0,0.0,0,0.45345935225486755
1548,58,54,158,0,0,0,0,0,1.0,0.0,0,0.45140403509140015
1549,38,51,84,0,0,0,0,0,1.0,0.0,0,0.5040490627288818
1550,19,6,247,0,0,0,0,0,1.0,0.0,0,0.5121304392814636
1551,9,56,72,0,0,0,0,0,1.0,0.0,0,0.5521443486213684
1552,38,70,175,0,0,0,0,0,1.0,0.0,0,0.5375956296920776
1553,23,124,107,0,0,0,0,0,1.0,0.0,0,0.4460453987121582
1554,47,15,138,0,0,0,0,0,1.0,0.0,0,0.47300171852111816
1555,47,60,162,0,0,0,0,0,1.0,0.0,0,0.5192760229110718
1556,47,105,247,0,0,0,0,0,1.0,0.0,0,0.49001574516296387
1557,48,111,247,0,0,0,0,0,1.0,0.0,0,0.47760260105133057
1558,49,68,102,0,0,0,0,0,1.0,0.0,0,0.434906929731369
1559,44,109,76,0,0,0,0,0,1.0,0.0,0,0.4918595850467682
1560,13,52,195,0,0,0,0,0,1.0,0.0,0,0.47537654638290405
1561,3,124,191,0,0,0,0,0,1.0,0.0,0,0.45328453183174133
1562,12,123,4,0,0,0,0,0,1.0,0.0,0,0.5834686756134033
1563,12,5,106,0,0,0,0,0,1.0,0.0,0,0.47122079133987427
1564,3,35,195,0,0,0,0,0,1.0,0.0,0,0.5317478775978088
1565,12,81,182,0,0,0,0,0,1.0,0.0,0,0.4568502604961395
1566,11,94,7,0,0,0,0,0,1.0,0.0,0,0.48946619033813477
1567,3,54,129,0,0,0,0,0,1.0,0.0,0,0.48151400685310364
1568,12,79,39,0,0,0,0,0,1.0,0.0,0,0.5607142448425293
1569,2,22,122,0,0,0,0,0,1.0,0.0,0,0.49945583939552307
1570,62,74,205,0,0,0,0,0,1.0,0.0,0,0.5348775386810303
1571,7,88,220,0,0,0,0,0,1.0,0.0,0,0.554568886756897
1572,49,64,18,0,0,0,0,0,1.0,0.0,0,0.4275360107421875
1573,10,6,58,0,0,0,0,0,1.0,0.0,0,0.5406342148780823
1574,2,47,193,0,0,0,0,0,1.0,0.0,0,0.4930855333805084
1575,55,90,165,0,0,0,0,0,1.0,0.3079673206349664,0,0.4927205443382263
1576,53,80,92,0,0,0,0,0,1.0,0.0,0,0.4311377704143524
1577,10,18,65,0,0,0,0,0,1.0,0.0,0,0.5434600114822388
1578,20,66,0,0,0,0,0,0,1.0,0.0,0,0.5912991166114807
1579,53,21,241,0,0,0,0,0,1.0,0.0,0,0.47498688101768494
1580,59,22,232,0,0,0,0,0,1.0,0.0,0,0.6289738416671753
1581,22,64,32,0,0,0,0,0,1.0,0.0,0,0.5619009733200073
1582,8,34,108,0,0,0,0,0,1.0,0.0,0,0.43866613507270813
1583,55,105,236,0,0,0,0,0,1.0,0.0,0,0.5128176808357239
1584,26,42,95,0,0,0,0,0,1.0,0.0,0,0.4811764061450958
1585,61,57,213,0,0,0,0,0,1.0,0.0,0,0.4935767352581024
1586,31,19,163,0,0,0,0,0,1.0,0.0,0,0.43298426270484924
1587,17,41,103,0,0,0,0,0,1.0,0.0,0,0.5597549080848694
1588,13,3,156,0,0,0,0,0,1.0,0.0,0,0.5105569362640381
1589,1,27,88,0,0,0,0,0,1.0,0.0,0,0.46498119831085205
1590,44,75,244,0,0,0,0,0,1.0,0.0,0,0.46990513801574707
1591,44,53,85,0,0,0,0,0,1.0,0.0,0,0.5875469446182251
1592,21,94,219,0,0,0,0,0,1.0,0.0,0,0.481551855802536
1593,13,91,7,0,0,0,0,0,1.0,0.0,0,0.5013661980628967
1594,51,66,168,0,0,0,0,0,1.0,0.0,0,0.4589604437351227
1595,1,3,36,0,0,0,0,0,1.0,0.0,0,0.499289333820343
1596,1,1,3,0,0,0,0,0,1.0,0.3235933625473634,0,0.4701397716999054
1597,34,113,119,0,0,0,0,0,1.0,0.0,0,0.48651424050331116
1598,17,51,150,0,0,0,0,0,1.0,0.0,0,0.4505879878997803
1599,63,37,166,0,0,0,0,0,1.0,0.0,0,0.5359777212142944
1600,34,36,126,0,0,0,0,0,1.0,0.0,0,0.46387195587158203
1601,61,6,99,0,0,0,0,0,1.0,0.0,0,0.4916492998600006
1602,13,6,112,0,0,0,0,0,1.0,0.0,0,0.4877987504005432
1603,34,27,195,0,0,0,0,0,1.0,0.0,0,0.4437028169631958
1604,34,89,247,0,0,0,0,0,1.0,0.0,0,0.4510073661804199
1605,48,24,249,0,0,0,0,0,1.0,0.0,0,0.6374610066413879
1606,44,77,74,0,0,0,0,0,1.0,0.0,0,0.5017120838165283
1607,38,88,11,0,0,0,0,0,1.0,0.0,0,0.4619891941547394
1608,3,102,153,0,0,0,0,0,1.0,0.0,0,0.44776296615600586
1609,57,20,25,0,0,0,0,0,1.0,0.0,0,0.49734294414520264
1610,3,86,169,0,0,0,0,0,1.0,0.0,0,0.557318925857544
1611,63,100,106,0,0,0,0,0,1.0,0.0,0,0.5394707918167114
1612,11,94,199,0,0,0,0,0,1.0,0.0,0,0.4604913294315338
1613,49,115,187,0,0,0,0,0,1.0,0.3559567207063278,0,0.48656314611434937
1614,41,100,193,0,0,0,0,0,1.0,0.0,0,0.49887120723724365
1615,3,48,175,0,0,0,0,0,1.0,0.0,0,0.5079345703125
1616,3,51,26,0,0,0,0,0,1.0,0.0,0,0.43822619318962097
1617,3,48,62,0,0,0,0,0,1.0,0.0,0,0.5188952684402466
1618,63,93,35,0,0,0,0,0,1.0,0.0,0,0.5054664015769958
1619,63,100,178,0,0,0,0,0,1.0,0.0,0,0.47751396894454956
1620,63,100,65,0,0,0,0,0,1.0,0.0,0,0.5289456844329834
1621,29,10,40,0,0,0,0,0,1.0,0.0,0,0.46512749791145325
1622,55,98,133,0,0,0,0,0,1.0,0.0,0,0.4641066789627075
1623,11,10,66,0,0,0,0,0,1.0,0.0,0,0.49473461508750916
1624,29,35,145,0,0,0,0,0,1.0,0.0,0,0.45334702730178833
1625,35,104,51,0,0,0,0,0,1.0,0.0,0,0.4908028841018677
1626,29,91,217,0,0,0,0,0,1.0,0.0,0,0.49846789240837097
1627,3,68,184,0,0,0,0,0,1.0,0.0,0,0.43718504905700684
1628,56,89,237,0,0,0,0,0,1.0,0.0,0,0.5226430892944336
1629,57,27,188,0,0,0,0,0,1.0,0.0,0,0.516501784324646
1630,30,62,237,0,0,0,0,0,1.0,0.0,0,0.44334954023361206
1631,22,90,178,0,0,0,0,0,1.0,0.0,0,0.4844415485858917
1632,7,98,123,0,0,0,0,0,1.0,0.0,0,0.5161799192428589
1633,20,52,163,0,0,0,0,0,1.0,0.0,0,0.5080626606941223
1634,33,0,167,0,0,0,0,0,1.0,0.0,0,0.48023995757102966
1635,49,42,73,0,0,0,0,0,1.0,0.0,0,0.5225270390510559
1636,55,54,176,0,0,0,0,0,1.0,0.0,0,0.5513360500335693
1637,53,26,148,0,0,0,0,0,1.0,0.0,0,0.49568694829940796
1638,33,30,222,0,0,0,0,0,1.0,0.0,0,0.4162091910839081
1639,19,76,226,0,0,0,0,0,1.0,0.0,0,0.45631057024002075
1640,4,84,152,0,0,0,0,0,1.0,0.0,0,0.4659539461135864
1641,12,12,37,0,0,0,0,0,1.0,0.0,0,0.5014761686325073
1642,61,79,191,0,0,0,0,0,1.0,0.0,0,0.4542946219444275
1643,9,125,4,0,0,0,0,0,1.0,0.0,0,0.4620203375816345
1644,48,55,175,0,0,0,0,0,1.0,0.0,0,0.4964040517807007
1645,13,40,191,0,0,0,0,0,1.0,0.0,0,0.49612516164779663
1646,6,76,170,0,0,0,0,0,1.0,0.0,0,0.4503556191921234
1647,16,52,56,0,0,0,0,0,1.0,0.39691655136466764,0,0.55711430311203
1648,14,123,118,0,0,0,0,0,1.0,0.0,0,0.5129170417785645
1649,51,75,216,0,0,0,0,0,1.0,0.0,0,0.43236371874809265
1650,31,125,70,0,0,0,0,0,1.0,0.0,0,0.48649364709854126
1651,26,52,20,0,0,0,0,0,1.0,0.32037710654157536,0,0.4543982148170471
1652,37,94,100,0,0,0,0,0,1.0,0.0,0,0.5515555739402771
1653,19,105,43,0,0,0,0,0,1.0,0.0,0,0.542293131351471
1654,52,116,201,0,0,0,0,0,1.0,0.0,0,0.5209353566169739
1655,35,42,227,0,0,0,0,0,1.0,0.0,0,0.4660321772098541
1656,51,54,204,0,0,0,0,0,1.0,0.0,0,0.48288631439208984
1657,43,46,127,0,0,0,0,0,1.0,0.0,0,0.5440610647201538
1658,54,68,43,0,0,0,0,0,1.0,0.0,0,0.44390037655830383
1659,6,94,211,0,0,0,0,0,1.0,0.0,0,0.4232695698738098
1660,13,90,41,0,0,0,0,0,1.0,0.0,0,0.4914366900920868
1661,47,94,209,0,0,0,0,0,1.0,0.0,0,0.5414471626281738
1662,61,5,13,0,0,0,0,0,1.0,0.0,0,0.5651999711990356
1663,9,88,149,0,0,0,0,0,1.0,0.0,0,0.5199081897735596
1664,8,103,223,0,0,0,0,0,1.0,0.0,0,0.47414180636405945
1665,20,92,175,0,0,0,0,0,1.0,0.0,0,0.49357572197914124
1666,34,4,141,0,0,0,0,0,1.0,0.0,0,0.5078416466712952
1667,21,56,253,0,0,0,0,0,1.0,0.0,0,0.5299374461174011
1668,10,36,115,0,0,0,0,0,1.0,0.0,0,0.5216495394706726
1669,48,11,242,0,0,0,0,0,1.0,0.0,0,0.49809664487838745
1670,5,41,214,0,0,0,0,0,1.0,0.0,0,0.5235845446586609
1671,49,82,238,0,0,0,0,0,1.0,0.0,0,0.4433155059814453
1672,2,12,82,0,0,0,0,0,1.0,0.0,0,0.43585649132728577
1673,47,4,38,0,0,0,0,0,1.0,0.0,0,0.5494294762611389
1674,47,83,255,0,0,0,0,0,1.0,0.0,0,0.5543176531791687
1675,30,27,124,0,0,0,0,0,1.0,0.0,0,0.47881266474723816
1676,55,83,255,0,0,0,0,0,1.0,0.0,0,0.5523732900619507
1677,43,24,254,0,0,0,0,0,1.0,0.0,0,0.6072958111763
1678,52,99,255,0,0,0,0,0,1.0,0.0,0,0.42492303252220154
1679,14,53,101,0,0,0,0,0,1.0,0.0,0,0.5269411206245422
1680,27,48,18,0,0,0,0,0,1.0,0.0,0,0.5581240653991699
1681,22,59,185,0,0,0,0,0,1.0,0.0,0,0.505079984664917
1682,55,48,178,0,0,0,0,0,1.0,0.0,0,0.556631863117218
1683,44,47,12,0,0,0,0,0,1.0,0.0,0,0.43249982595443726
1684,50,84,253,0,0,0,0,0,1.0,0.0,0,0.47951415181159973
1685,48,105,210,0,0,0,0,0,1.0,0.0,0,0.532705545425415
1686,25,66,181,0,0,0,0,0,1.0,0.0,0,0.5358413457870483
1687,48,61,175,0,0,0,0,0,1.0,0.0,0,0.5427269339561462
1688,48,101,157,0,0,0,0,0,1.0,0.0,0,0.511261522769928
1689,27,114,161,0,0,0,0,0,1.0,0.0,0,0.4609505236148834
1690,62,63,110,0,0,0,0,0,1.0,0.0,0,0.5325523614883423
1691,25,105,174,0,0,0,0,0,1.0,0.0,0,0.556090235710144
1692,48,4,222,0,0,0,0,0,1.0,0.0,0,0.5805338025093079
1693,51,2,97,0,0,0,0,0,1.0,0.0,0,0.4804348647594452
1694,46,122,66,0,0,0,0,0,1.0,0.0,0,0.461788147687912
1695,52,28,37,0,0,0,0,0,1.0,0.0,0,0.4725192189216614
1696,9,90,39,0,0,0,0,0,1.0,0.0,0,0.5239160060882568
1697,58,68,176,0,0,0,0,0,1.0,0.0,0,0.47376003861427307
1698,38,65,214,0,0,0,0,0,1.0,0.0,0,0.524542510509491
1699,5,78,118,0,0,0,0,0,1.0,0.0,0,0.4620957374572754
1700,37,88,133,0,0,0,0,0,1.0,0.0,0,0.500374436378479
1701,56,122,82,0,0,0,0,0,1.0,0.0,0,0.4756796658039093
1702,27,107,175,0,0,0,0,0,1.0,0.0,0,0.4181918799877167
1703,17,46,172,0,0,0,0,0,1.0,0.0,0,0.48916059732437134
1704,56,37,45,0,0,0,0,0,1.0,0.0,0,0.5727807283401489
1705,0,50,218,0,0,0,0,0,1.0,0.0,0,0.47106215357780457
1706,36,23,240,0,0,0,0,0,1.0,0.0,0,0.5007959008216858
1707,36,15,211,0,0,0,0,0,1.0,0.0,0,0.4245251715183258
1708,36,114,211,0,0,0,0,0,1.0,0.0,0,0.4496338665485382
1709,55,44,175,0,0,0,0,0,1.0,0.0,0,0.5668927431106567
1710,61,12,220,0,0,0,0,0,1.0,0.0,0,0.5356075167655945
1711,56,37,130,0,0,0,0,0,1.0,0.0,0,0.5321329236030579
1712,52,65,218,0,0,0,0,0,1.0,0.0,0,0.4539618194103241
1713,26,16,142,0,0,0,0,0,1.0,0.0,0,0.5009901523590088
1714,1,64,80,0,0,0,0,0,1.0,0.0,0,0.5058420896530151
1715,5,119,205,0,0,0,0,0,1.0,0.0,0,0.5075106024742126
1716,41,106,39,0,0,0,0,0,1.0,0.0,0,0.6279395818710327
1717,14,22,241,0,0,0,0,0,1.0,0.0,0,0.5002715587615967
1718,12,108,64,0,0,0,0,0,1.0,0.0,0,0.5102616548538208
1719,17,65,165,0,0,0,0,0,1.0,0.0,0,0.47052115201950073
1720,15,56,170,0,0,0,0,0,1.0,0.0,0,0.5165508389472961
1721,36,109,241,0,0,0,0,0,1.0,0.0,0,0.39471590518951416
1722,1,101,78,0,0,0,0,0,1.0,0.0,0,0.46625658869743347
1723,30,25,219,0,0,0,0,0,1.0,0.0,0,0.46474188566207886
1724,30,81,141,0,0,0,0,0,1.0,0.0,0,0.42626047134399414
1725,47,113,95,0,0,0,0,0,1.0,0.0,0,0.5615089535713196
1726,30,21,134,0,0,0,0,0,1.0,0.0,0,0.49385371804237366
1727,30,88,58,0,0,0,0,0,1.0,0.0,0,0.4522319734096527
1728,4,106,146,0,0,0,0,0,1.0,0.0,0,0.5313456654548645
1729,49,31,0,0,0,0,0,0,1.0,0.0,0,0.5071941018104553
1730,50,52,233,0,0,0,0,0,1.0,0.0,0,0.49485859274864197
1731,46,72,105,0,0,0,0,0,1.0,0.0,0,0.4854056239128113
1732,39,99,188,0,0,0,0,0,1.0,0.0,0,0.5275880098342896
1733,39,12,122,0,0,0,0,0,1.0,0.0,0,0.5584439635276794
1734,39,67,92,0,0,0,0,0,1.0,0.0,0,0.4892471730709076
1735,39,15,168,0,0,0,0,0,1.0,0.0,0,0.5120970606803894
1736,30,16,72,0,0,0,0,0,1.0,0.0,0,0.511547863483429
1737,46,47,150,0,0,0,0,0,1.0,0.0,0,0.5228496193885803
1738,39,57,29,0,0,0,0,0,1.0,0.0,0,0.4723483622074127
1739,39,58,76,0,0,0,0,0,1.0,0.0,0,0.5062903761863708
1740,35,35,239,0,0,0,0,0,1.0,0.0,0,0.4885351359844208
1741,1,47,3,0,0,0,0,0,1.0,0.0,0,0.41554778814315796
1742,33,98,190,0,0,0,0,0,1.0,0.0,0,0.43722376227378845
1743,39,12,36,0,0,0,0,0,1.0,0.0,0,0.521125853061676
1744,40,6,230,0,0,0,0,0,1.0,0.0,0,0.5760281682014465
1745,40,63,97,0,0,0,0,0,1.0,0.0,0,0.49575692415237427
1746,49,78,173,0,0,0,0,0,1.0,0.0,0,0.4179415702819824
1747,27,29,138,0,0,0,0,0,1.0,0.0,0,0.46367233991622925
1748,40,59,13,0,0,0,0,0,1.0,0.0,0,0.5379558205604553
1749,39,24,58,0,0,0,0,0,1.0,0.0,0,0.559887707233429
1750,40,0,113,0,0,0,0,0,1.0,0.0,0,0.46893224120140076
1751,50,75,151,0,0,0,0,0,1.0,0.0,0,0.4141126275062561
1752,45,122,107,0,0,0,0,0,1.0,0.0,0,0.4899807274341583
1753,45,20,82,0,0,0,0,0,1.0,0.0,0,0.5259217619895935
1754,47,3,253,0,0,0,0,0,1.0,0.0,0,0.5132234692573547
1755,45,83,252,0,0,0,0,0,1.0,0.0,0,0.49200960993766785
1756,51,57,166,0,0,0,0,0,1.0,0.0,0,0.5604244470596313
1757,40,97,200,0,0,0,0,0,1.0,0.0,0,0.461751252412796
1758,6,55,18,0,0,0,0,0,1.0,0.0,0,0.5434203743934631
1759,40,88,221,0,0,0,0,0,1.0,0.0,0,0.4819554090499878
1760,40,102,51,0,0,0,0,0,1.0,0.0,0,0.48188504576683044
1761,40,101,179,0,0,0,0,0,1.0,0.0,0,0.48484599590301514
1762,55,95,19,0,0,0,0,0,1.0,0.0,0,0.5497031807899475
1763,33,74,93,0,0,0,0,0,1.0,0.0,0,0.4494340419769287
1764,33,108,78,0,0,0,0,0,1.0,0.0,0,0.5754997134208679
1765,40,63,70,0,0,0,0,0,1.0,0.0,0,0.4765234887599945
1766,49,102,85,0,0,0,0,0,1.0,0.0,0,0.440957635641098
1767,49,27,215,0,0,0,0,0,1.0,0.0,0,0.4537123739719391
1768,20,113,242,0,0,0,0,0,1.0,0.0,0,0.5370381474494934
1769,47,120,82,0,0,0,0,0,1.0,0.0,0,0.5181421637535095
1770,40,102,28,0,0,0,0,0,1.0,0.0,0,0.5124436020851135
1771,26,24,80,0,0,0,0,0,1.0,0.0,0,0.47061529755592346
1772,33,104,0,0,0,0,0,0,1.0,0.0,0,0.5634229183197021
1773,19,33,251,0,0,0,0,0,1.0,0.0,0,0.5215609669685364
1774,33,72,161,0,0,0,0,0,1.0,0.0,0,0.5269650220870972
1775,2,90,254,0,0,0,0,0,1.0,0.0,0,0.418413907289505
1776,39,80,158,0,0,0,0,0,1.0,0.0,0,0.5542874336242676
1777,39,122,236,0,0,0,0,0,1.0,0.0,0,0.4697466194629669
1778,55,101,86,0,0,0,0,0,1.0,0.3427609574186757,0,0.540660560131073
1779,33,22,113,0,0,0,0,0,1.0,0.0,0,0.5484855771064758
1780,39,27,160,0,0,0,0,0,1.0,0.0,0,0.5480184555053711
1781,13,67,149,0,0,0,0,0,1.0,0.0,0,0.5016582012176514
1782,8,79,164,0,0,0,0,0,1.0,0.0,0,0.5338002443313599
1783,61,109,254,0,0,0,0,0,1.0,0.0,0,0.41030487418174744
1784,61,44,130,0,0,0,0,0,1.0,0.0,0,0.4771983027458191
1785,53,100,213,0,0,0,0,0,1.0,0.0,0,0.5398064255714417
1786,20,40,142,0,0,0,0,0,1.0,0.0,0,0.5746250152587891
1787,59,66,30,0,0,0,0,0,1.0,0.0,0,0.4431025981903076
1788,5,91,64,0,0,0,0,0,1.0,0.0,0,0.5542089343070984
1789,2,70,148,0,0,0,0,0,1.0,0.0,0,0.456849604845047
1790,5,0,137,0,0,0,0,0,1.0,0.0,0,0.4863528907299042
1791,31,24,73,0,0,0,0,0,1.0,0.0,0,0.5186740159988403
1792,46,123,164,0,0,0,0,0,1.0,0.0,0,0.466699481010437
1793,63,47,159,0,0,0,0,0,1.0,0.0,0,0.5078919529914856
1794,13,108,233,0,0,0,0,0,1.0,0.0,0,0.5135439038276672
1795,52,71,80,0,0,0,0,0,1.0,0.0,0,0.4650646150112152
1796,34,100,39,0,0,0,0,0,1.0,0.0,0,0.5826433897018433
1797,43,46,125,0,0,0,0,0,1.0,0.0,0,0.5665236115455627
1798,10,57,56,0,0,0,0,0,1.0,0.0,0,0.5469443202018738
1799,48,127,171,0,0,0,0,0,1.0,0.0,0,0.5427210927009583
1800,49,115,126,0,0,0,0,0,1.0,0.0,0,0.48634830117225647
1801,34,27,92,0,0,0,0,0,1.0,0.0,0,0.41087621450424194
1802,9,60,168,0,0,0,0,0,1.0,0.0,0,0.5078562498092651
1803,18,69,95,0,0,0,0,0,1.0,0.0,0,0.4951034188270569
1804,49,84,214,0,0,0,0,0,1.0,0.0,0,0.45286238193511963
1805,55,54,180,0,0,0,0,0,1.0,0.0,0,0.6065897941589355
1806,26,71,192,0,0,0,0,0,1.0,0.0,0,0.4762573838233948
1807,19,32,36,0,0,0,0,0,1.0,0.0,0,0.4766915440559387
1808,43,85,37,0,0,0,0,0,1.0,0.0,0,0.599846363067627
1809,35,22,213,0,0,0,0,0,1.0,0.0,0,0.5079290866851807
1810,52,101,18,0,0,0,0,0,1.0,0.0,0,0.4699605703353882
1811,0,79,63,0,0,0,0,0,1.0,0.0,0,0.4721931219100952
1812,43,103,66,0,0,0,0,0,1.0,0.0,0,0.5088728070259094
1813,25,22,124,0,0,0,0,0,1.0,0.0,0,0.4991609454154968
1814,38,35,220,0,0,0,0,0,1.0,0.0,0,0.48830893635749817
1815,4,20,95,0,0,0,0,0,1.0,0.0,0,0.4764796197414398
1816,9,94,109,0,0,0,0,0,1.0,0.0,0,0.49570462107658386
1817,12,15,118,0,0,0,0,0,1.0,0.0,0,0.5184635519981384
1818,62,40,245,0,0,0,0,0,1.0,0.0,0,0.5254438519477844
1819,18,111,28,0,0,0,0,0,1.0,0.0,0,0.5504110455513
1820,42,93,59,0,0,0,0,0,1.0,0.0,0,0.4983658790588379
1821,34,33,36,0,0,0,0,0,1.0,0.0,0,0.4833225905895233
1822,52,35,254,0,0,0,0,0,1.0,0.0,0,0.44037920236587524
1823,19,69,56,0,0,0,0,0,1.0,0.0,0,0.5174669027328491
1824,36,20,172,0,0,0,0,0,1.0,0.0,0,0.4510880708694458
1825,23,107,210,0,0,0,0,0,1.0,0.0,0,0.5139899253845215
1826,36,121,20,0,0,0,0,0,1.0,0.0,0,0.4719659686088562
1827,5,121,126,0,0,0,0,0,1.0,0.0,0,0.5087640285491943
1828,62,22,147,0,0,0,0,0,1.0,0.0,0,0.5044893026351929
1829,62,99,6,0,0,0,0,0,1.0,0.0,0,0.5168192982673645
1830,42,82,46,0,0,0,0,0,1.0,0.0,0,0.5109012722969055
1831,35,51,215,0,0,0,0,0,1.0,0.0,0,0.41961032152175903
1832,34,113,76,0,0,0,0,0,1.0,0.0,0,0.47169971466064453
1833,44,31,101,0,0,0,0,0,1.0,0.0,0,0.44838178157806396
1834,34,47,190,0,0,0,0,0,1.0,0.0,0,0.4845739006996155
1835,37,24,151,0,0,0,0,0,1.0,0.0,0,0.5340147614479065
1836,59,76,3,0,0,0,0,0,1.0,0.0,0,0.47545886039733887
1837,6,64,42,0,0,0,0,0,1.0,0.0,0,0.46091392636299133
1838,4,73,255,0,0,0,0,0,1.0,0.0,0,0.4963211119174957
1839,10,87,187,0,0,0,0,0,1.0,0.0,0,0.540256917476654
1840,49,92,32,0,0,0,0,0,1.0,0.0,0,0.4654463231563568
1841,49,16,241,0,0,0,0,0,1.0,0.0,0,0.4823164641857147
1842,49,116,35,0,0,0,0,0,1.0,0.0,0,0.5115488171577454
1843,34,73,26,0,0,0,0,0,1.0,0.0,0,0.4870361387729645
1844,9,69,218,0,0,0,0,0,1.0,0.0,0,0.5083784461021423
1845,51,51,134,0,0,0,0,0,1.0,0.0,0,0.45135465264320374
1846,29,11,24,0,0,0,0,0,1.0,0.0,0,0.4976395070552826
1847,54,119,128,0,0,0,0,0,1.0,0.0,0,0.477825403213501
1848,13,31,56,0,0,0,0,0,1.0,0.0,0,0.4465922713279724
1849,13,125,177,0,0,0,0,0,1.0,0.0,0,0.4443420469760895
1850,5,60,190,0,0,0,0,0,1.0,0.0,0,0.47623923420906067
1851,38,115,230,0,0,0,0,0,1.0,0.0,0,0.5068461298942566
1852,24,47,255,0,0,0,0,0,1.0,0.0,0,0.5038846135139465
1853,62,12,54,0,0,0,0,0,1.0,0.0,0,0.5625973343849182
1854,23,120,230,0,0,0,0,0,1.0,0.0,0,0.4701070189476013
1855,43,19,239,0,0,0,0,0,1.0,0.3655442771106852,0,0.5097135305404663
1856,13,52,235,0,0,0,0,0,1.0,0.0,0,0.48563697934150696
1857,58,16,68,0,0,0,0,0,1.0,0.0,0,0.4693739116191864
1858,44,80,151,0,0,0,0,0,1.0,0.0,0,0.50797438621521
1859,19,3,122,0,0,0,0,0,1.0,0.0,0,0.5569266676902771
1860,20,52,48,0,0,0,0,0,1.0,0.0,0,0.5214711427688599
1861,61,14,98,0,0,0,0,0,1.0,0.0,0,0.5078786611557007
1862,28,72,3,0,0,0,0,0,1.0,0.0,0,0.46460777521133423
1863,20,112,105,0,0,0,0,0,1.0,0.0,0,0.5473436713218689
1864,49,29,156,0,0,0,0,0,1.0,0.0,0,0.44021737575531006
1865,49,84,245,0,0,0,0,0,1.0,0.0,0,0.43193697929382324
1866,8,23,180,0,0,0,0,0,1.0,0.0,0,0.5363138318061829
1867,7,37,129,0,0,0,0,0,1.0,0.0,0,0.5257158875465393
1868,16,22,147,0,0,0,0,0,1.0,0.0,0,0.4601445496082306
1869,16,122,201,0,0,0,0,0,1.0,0.0,0,0.4507242739200592
1870,46,90,197,0,0,0,0,0,1.0,0.0,0,0.47375980019569397
1871,1,123,172,0,0,0,0,0,1.0,0.0,0,0.5411794185638428
1872,48,53,175,0,0,0,0,0,1.0,0.0,0,0.5446517467498779
1873,16,29,84,0,0,0,0,0,1.0,0.0,0,0.48845040798187256
1874,10,6,151,0,0,0,0,0,1.0,0.0,0,0.47412508726119995
1875,38,54,172,0,0,0,0,0,1.0,0.0,0,0.5044624209403992
1876,35,14,95,0,0,0,0,0,1.0,0.0,0,0.5206862092018127
1877,22,62,227,0,0,0,0,0,1.0,0.0,0,0.5551725625991821
1878,35,22,105,0,0,0,0,0,1.0,0.0,0,0.534959614276886
1879,14,84,161,0,0,0,0,0,1.0,0.0,0,0.5016582608222961
1880,58,74,102,0,0,0,0,0,1.0,0.0,0,0.4769051671028137
1881,42,54,188,0,0,0,0,0,1.0,0.0,0,0.4935383200645447
1882,23,17,20,0,0,0,0,0,1.0,0.0,0,0.5197431445121765
1883,23,19,131,0,0,0,0,0,1.0,0.0,0,0.5017195343971252
1884,23,91,110,0,0,0,0,0,1.0,0.0,0,0.49888864159584045
1885,62,106,121,0,0,0,0,0,1.0,0.0,0,0.526479184627533
1886,6,12,172,0,0,0,0,0,1.0,0.0,0,0.4950898289680481
1887,49,73,201,0,0,0,0,0,1.0,0.0,0,0.49304699897766113
1888,49,96,116,0,0,0,0,0,1.0,0.0,0,0.5732552409172058
1889,62,41,95,0,0,0,0,0,1.0,0.0,0,0.6242653727531433
1890,42,15,23,0,0,0,0,0,1.0,0.0,0,0.5576333999633789
1891,4,119,232,0,0,0,0,0,1.0,0.0,0,0.5186479091644287
1892,48,45,46,0,0,0,0,0,1.0,0.0,0,0.5400145053863525
1893,34,92,12,0,0,0,0,0,1.0,0.0,0,0.47933173179626465
1894,54,47,251,0,0,0,0,0,1.0,0.0,0,0.4399259388446808
1895,32,39,65,0,0,0,0,0,1.0,0.0,0,0.5756927132606506
1896,13,113,167,0,0,0,0,0,1.0,0.0,0,0.44836553931236267
1897,34,23,252,0,0,0,0,0,1.0,0.0,0,0.4732273817062378
1898,13,113,15,0,0,0,0,0,1.0,0.0,0,0.43729400634765625
1899,13,124,94,0,0,0,0,0,1.0,0.0,0,0.465332567691803
1900,18,61,62,0,0,0,0,0,1.0,0.0,0,0.5224856734275818
1901,26,53,60,0,0,0,0,0,1.0,0.0,0,0.45855003595352173
1902,61,27,220,0,0,0,0,0,1.0,0.25375819042809084,0,0.4415510296821594
1903,34,49,221,0,0,0,0,0,1.0,0.0,0,0.4682735800743103
1904,49,10,4,0,0,0,0,0,1.0,0.0,0,0.44739237427711487
1905,39,103,174,0,0,0,0,0,1.0,0.0,0,0.4750509262084961
1906,41,63,193,0,0,0,0,0,1.0,0.0,0,0.452791303396225
1907,45,9,137,0,0,0,0,0,1.0,0.0,0,0.41256022453308105
1908,49,14,54,0,0,0,0,0,1.0,0.0,0,0.5404714941978455
1909,10,63,169,0,0,0,0,0,1.0,0.0,0,0.48810672760009766
1910,23,80,188,0,0,0,0,0,1.0,0.0,0,0.488014817237854
1911,14,82,71,0,0,0,0,0,1.0,0.0,0,0.5628986358642578
1912,54,121,152,0,0,0,0,0,1.0,0.0,0,0.5075361728668213
1913,19,77,107,0,0,0,0,0,1.0,0.0,0,0.5491459965705872
1914,13,74,173,0,0,0,0,0,1.0,0.0,0,0.46075868606567383
1915,13,46,12,0,0,0,0,0,1.0,0.0,0,0.4633755683898926
1916,29,68,18,0,0,0,0,0,1.0,0.0,0,0.4457213580608368
1917,34,66,22,0,0,0,0,0,1.0,0.0,0,0.4355308711528778
1918,3,58,4,0,0,0,0,0,1.0,0.0,0,0.4603515863418579
1919,3,54,230,0,0,0,0,0,1.0,0.0,0,0.44221729040145874
1920,5,110,192,0,0,0,0,0,1.0,0.0,0,0.4864877164363861
1921,4,22,239,0,0,0,0,0,1.0,0.0,0,0.5252364277839661
1922,53,114,76,0,0,0,0,0,1.0,0.0,0,0.497298926115036
1923,33,98,70,0,0,0,0,0,1.0,0.0,0,0.4578776955604553
1924,61,36,30,0,0,0,0,0,1.0,0.0,0,0.5301175117492676
1925,3,26,178,0,0,0,0,0,1.0,0.0,0,0.47295495867729187
1926,63,58,188,0,0,0,0,0,1.0,0.0,0,0.45299050211906433
1927,36,70,253,0,0,0,0,0,1.0,0.0,0,0.4854809045791626
1928,11,116,156,0,0,0,0,0,1.0,0.0,0,0.4377041161060333
1929,63,68,136,0,0,0,0,0,1.0,0.0,0,0.4448848366737366
1930,36,117,46,0,0,0,0,0,1.0,0.0,0,0.4453476667404175
1931,3,95,1,0,0,0,0,0,1.0,0.0,0,0.4255257546901703
1932,50,124,141,0,0,0,0,0,1.0,0.0,0,0.44757139682769775
1933,63,37,106,0,0,0,0,0,1.0,0.0,0,0.45102402567863464
1934,3,92,188,0,0,0,0,0,1.0,0.0,0,0.4981369078159332
1935,57,10,108,0,0,0,0,0,1.0,0.0,0,0.40765446424484253
1936,58,90,232,0,0,0,0,0,1.0,0.0,0,0.4610106945037842
1937,63,37,34,0,0,0,0,0,1.0,0.0,0,0.4436388611793518
1938,12,17,69,0,0,0,0,0,1.0,0.0,0,0.46094271540641785
1939,3,58,220,0,0,0,0,0,1.0,0.0,0,0.46833887696266174
1940,50,103,96,0,0,0,0,0,1.0,0.0,0,0.4611835777759552
1941,50,74,44,0,0,0,0,0,1.0,0.0,0,0.4821743071079254
1942,63,4,133,0,0,0,0,0,1.0,0.0,0,0.5299568772315979
1943,36,58,77,0,0,0,0,0,1.0,0.0,0,0.438658207654953
1944,50,74,35,0,0,0,0,0,1.0,0.0,0,0.42549267411231995
1945,50,29,116,0,0,0,0,0,1.0,0.0,0,0.4649776518344879
1946,50,74,64,0,0,0,0,0,1.0,0.0,0,0.4219048023223877
1947,3,58,58,0,0,0,0,0,1.0,0.0,0,0.48412254452705383
1948,36,75,65,0,0,0,0,0,1.0,0.0,0,0.45933231711387634
1949,36,38,206,0,0,0,0,0,1.0,0.0,0,0.4984179735183716
1950,57,107,144,0,0,0,0,0,1.0,0.0,0,0.5027770400047302
1951,63,112,245,0,0,0,0,0,1.0,0.0,0,0.4090886414051056
1952,63,29,153,0,0,0,0,0,1.0,0.0,0,0.44796493649482727
1953,63,37,72,0,0,0,0,0,1.0,0.0,0,0.486195832490921
1954,36,50,184,0,0,0,0,0,1.0,0.0,0,0.4561654031276703
1955,57,107,70,0,0,0,0,0,1.0,0.0,0,0.48514240980148315
1956,24,43,204,0,0,0,0,0,1.0,0.0,0,0.5507908463478088
1957,17,100,37,0,0,0,0,0,1.0,0.0,0,0.41532859206199646
1958,51,101,189,0,0,0,0,0,1.0,0.0,0,0.4560544192790985
1959,34,124,67,0,0,0,0,0,1.0,0.0,0,0.5060257911682129
1960,5,6,89,0,0,0,0,0,1.0,0.35037835907255777,0,0.47217419743537903
1961,44,60,15,0,0,0,0,0,1.0,0.0,0,0.5203190445899963
1962,31,122,41,0,0,0,0,0,1.0,0.0,0,0.48228222131729126
1963,17,40,44,0,0,0,0,0,1.0,0.4420426441838942,0,0.5649886727333069
1964,21,104,100,0,0,0,0,0,1.0,0.0,0,0.5355806350708008
1965,45,71,24,0,0,0,0,0,1.0,0.0,0,0.495511919260025
1966,32,60,70,0,0,0,0,0,1.0,0.0,0,0.4802979826927185
1967,61,18,191,0,0,0,0,0,1.0,0.0,0,0.5570435523986816
1968,0,56,143,0,0,0,0,0,1.0,0.0,0,0.4674208462238312
1969,53,125,31,0,0,0,0,0,1.0,0.0,0,0.4502243995666504
1970,1,40,32,0,0,0,0,0,1.0,0.0,0,0.5397955179214478
1971,34,18,87,0,0,0,0,0,1.0,0.0,0,0.4735817611217499
1972,5,81,204,0,0,0,0,0,1.0,0.0,0,0.5527826547622681
1973,60,37,180,0,0,0,0,0,1.0,0.0,0,0.5292035341262817
1974,43,20,150,0,0,0,0,0,1.0,0.0,0,0.5745083093643188
1975,36,58,172,0,0,0,0,0,1.0,0.0,0,0.4507372975349426
1976,17,29,68,0,0,0,0,0,1.0,0.0,0,0.47222405672073364
1977,51,15,84,0,0,0,0,0,1.0,0.0,0,0.5155943632125854
1978,3,100,125,0,0,0,0,0,1.0,0.0,0,0.5535291433334351
1979,44,1,244,0,0,0,0,0,1.0,0.0,0,0.46999481320381165
1980,6,48,157,0,0,0,0,0,1.0,0.0,0,0.5014305710792542
1981,11,47,206,0,0,0,0,0,1.0,0.0,0,0.4788455665111542
1982,38,58,197,0,0,0,0,0,1.0,0.0,0,0.4826619625091553
1983,5,64,184,0,0,0,0,0,1.0,0.0,0,0.43629318475723267
1984,61,40,88,0,0,0,0,0,1.0,0.0,0,0.4981674551963806
1985,21,29,138,0,0,0,0,0,1.0,0.0,0,0.5198632478713989
1986,51,23,160,0,0,0,0,0,1.0,0.0,0,0.5004525184631348
1987,13,16,189,0,0,0,0,0,1.0,0.0,0,0.46272578835487366
1988,57,113,61,0,0,0,0,0,1.0,0.0,0,0.5527184009552002
1989,3,10,193,0,0,0,0,0,1.0,0.0,0,0.4588795602321625
1990,41,43,26,0,0,0,0,0,1.0,0.0,0,0.47264546155929565
1991,57,23,38,0,0,0,0,0,1.0,0.0,0,0.5001316070556641
1992,5,101,3,0,0,0,0,0,1.0,0.0,0,0.4644281566143036
1993,41,59,90,0,0,0,0,0,1.0,0.0,0,0.5208041667938232
1994,29,48,92,0,0,0,0,0,1.0,0.0,0,0.4586227536201477
1995,4,90,54,0,0,0,0,0,1.0,0.0,0,0.5362455248832703
1996,4,39,53,0,0,0,0,0,1.0,0.0,0,0.44537410140037537
1997,38,43,255,0,0,0,0,0,1.0,0.0,0,0.5182567834854126
1998,50,65,48,0,0,0,0,0,1.0,0.0,0,0.38001298904418945
1999,27,0,157,0,0,0,0,0,1.0,0.0,0,0.5660852193832397
2000,20,70,11,0,0,0,0,0,1.0,0.0,0,0.5494133830070496
2001,22,89,25,0,0,0,0,0,1.0,0.0,0,0.5342873930931091
2002,22,37,98,0,0,0,0,0,1.0,0.0,0,0.5448166131973267
2003,22,119,249,0,0,0,0,0,1.0,0.0,0,0.5454313158988953
2004,54,1,3,0,0,0,0,0,1.0,0.0,0,0.5332651734352112
2005,54,28,222,0,0,0,0,0,1.0,0.0,0,0.554551899433136
2006,5,13,78,0,0,0,0,0,1.0,0.0,0,0.5512139797210693
2007,5,86,72,0,0,0,0,0,1.0,0.0,0,0.44823533296585083
2008,37,66,225,0,0,0,0,0,1.0,0.0,0,0.46870648860931396
2009,4,88,21,0,0,0,0,0,1.0,0.0,0,0.4226565957069397
2010,59,95,57,0,0,0,0,0,1.0,0.0,0,0.46966925263404846
2011,43,106,150,0,0,0,0,0,1.0,0.0,0,0.5790266394615173
2012,44,76,190,0,0,0,0,0,1.0,0.0,0,0.5350676774978638
2013,41,123,225,0,0,0,0,0,1.0,0.0,0,0.569754958152771
2014,26,112,232,0,0,0,0,0,1.0,0.0,0,0.4551946222782135
2015,45,49,48,0,0,0,0,0,1.0,0.0,0,0.45480719208717346
2016,62,127,225,0,0,0,0,0,1.0,0.0,0,0.5137558579444885
2017,32,95,206,0,0,0,0,0,1.0,0.0,0,0.5446642637252808
2018,19,9,221,0,0,0,0,0,1.0,0.0,0,0.5689995288848877
2019,25,123,139,0,0,0,0,0,1.0,0.0,0,0.5166888236999512
2020,30,90,75,0,0,0,0,0,1.0,0.0,0,0.4510810971260071
2021,10,41,5,0,0,0,0,0,1.0,0.0,0,0.5393909811973572
2022,49,111,25,0,0,0,0,0,1.0,0.0,0,0.4620499610900879
2023,52,6,150,0,0,0,0,0,1.0,0.0,0,0.4442816376686096
2024,0,15,127,0,0,0,0,0,1.0,0.0,0,0.4446665346622467
2025,36,53,188,0,0,0,0,0,1.0,0.0,0,0.43572255969047546
2026,16,44,162,0,0,0,0,0,1.0,0.0,0,0.4657934010028839
2027,34,29,127,0,0,0,0,0,1.0,0.0,0,0.49911919236183167
2028,35,114,38,0,0,0,0,0,1.0,0.0,0,0.4777425229549408
2029,58,78,12,0,0,0,0,0,1.0,0.0,0,0.5068759918212891
2030,0,60,249,0,0,0,0,0,1.0,0.0,0,0.45235297083854675
2031,46,52,202,0,0,0,0,0,1.0,0.0,0,0.49310070276260376
2032,11,51,8,0,0,0,0,0,1.0,0.0,0,0.49289798736572266
2033,31,69,241,0,0,0,0,0,1.0,0.0,0,0.47387129068374634
2034,27,70,240,0,0,0,0,0,1.0,0.0,0,0.5607098937034607
2035,14,46,101,0,0,0,0,0,1.0,0.0,0,0.5330801010131836
2036,21,71,172,0,0,0,0,0,1.0,0.0,0,0.5226355791091919
2037,33,94,156,0,0,0,0,0,1.0,0.0,0,0.5185850262641907
2038,46,110,83,0,0,0,0,0,1.0,0.0,0,0.48718664050102234
2039,24,122,0,0,0,0,0,0,1.0,0.0,0,0.5159425735473633
2040,44,77,174,0,0,0,0,0,1.0,0.0,0,0.5324002504348755
2041,24,110,118,0,0,0,0,0,1.0,0.0,0,0.4714850187301636
2042,32,37,80,0,0,0,0,0,1.0,0.0,0,0.5046648979187012
2043,45,66,142,0,0,0,0,0,1.0,0.0,0,0.474860280752182
2044,11,58,249,0,0,0,0,0,1.0,0.0,0,0.47152090072631836
2045,58,100,195,0,0,0,0,0,1.0,0.0,0,0.46784108877182007
2046,9,71,183,0,0,0,0,0,1.0,0.0,0,0.5243600010871887
2047,20,54,163,0,0,0,0,0,1.0,0.0,0,0.48767173290252686
2048,12,96,156,0,0,0,0,0,1.0,0.0,0,0.5579425096511841
2049,48,101,163,0,0,0,0,0,1.0,0.0,0,0.5066095590591431
2050,57,46,74,0,0,0,0,0,1.0,0.0,0,0.48721274733543396
2051,58,34,7,0,0,0,0,0,1.0,0.0,0,0.45573416352272034
2052,56,77,104,0,0,0,0,0,1.0,0.0,0,0.4681015908718109
2053,34,94,14,0,0,0,0,0,1.0,0.0,0,0.4536069631576538
2054,13,102,126,0,0,0,0,0,1.0,0.0,0,0.4646688401699066
2055,7,50,40,0,0,0,0,0,1.0,0.0,0,0.47895723581314087
2056,58,29,147,0,0,0,0,0,1.0,0.0,0,0.441969633102417
2057,44,103,151,0,0,0,0,0,1.0,0.0,0,0.5641953945159912
2058,61,87,46,0,0,0,0,0,1.0,0.0,0,0.4911733567714691
2059,13,47,10,0,0,0,0,0,1.0,0.0,0,0.4317461848258972
2060,13,71,133,0,0,0,0,0,1.0,0.0,0,0.47789061069488525
2061,13,122,156,0,0,0,0,0,1.0,0.0,0,0.48911765217781067
2062,59,90,228,0,0,0,0,0,1.0,0.0,0,0.48211127519607544
2063,34,15,195,0,0,0,0,0,1.0,0.0,0,0.43571799993515015
2064,34,117,111,0,0,0,0,0,1.0,0.0,0,0.4802858233451843
2065,0,2,85,0,0,0,0,0,1.0,0.0,0,0.4700997769832611
2066,0,64,34,0,0,0,0,0,1.0,0.0,0,0.5023049712181091
2067,34,119,195,0,0,0,0,0,1.0,0.0,0,0.4695758521556854
2068,0,33,178,0,0,0,0,0,1.0,0.0,0,0.46162888407707214
2069,34,122,193,0,0,0,0,0,1.0,0.0,0,0.46755167841911316
2070,24,78,41,0,0,0,0,0,1.0,0.0,0,0.5352300405502319
2071,52,125,98,0,0,0,0,0,1.0,0.0,0,0.5127627849578857
2072,24,89,59,0,0,0,0,0,1.0,0.0,0,0.5514281988143921
2073,56,40,165,0,0,0,0,0,1.0,0.0,0,0.524703860282898
2074,5,18,86,0,0,0,0,0,1.0,0.0,0,0.5168470144271851
2075,9,81,235,0,0,0,0,0,1.0,0.0,0,0.5484684109687805
2076,14,38,120,0,0,0,0,0,1.0,0.0,0,0.55558842420578
2077,13,110,159,0,0,0,0,0,1.0,0.0,0,0.5006430149078369
2078,13,124,118,0,0,0,0,0,1.0,0.0,0,0.45325732231140137
2079,59,45,112,0,0,0,0,0,1.0,0.0,0,0.48197898268699646
2080,38,16,167,0,0,0,0,0,1.0,0.0,0,0.5126731395721436
2081,4,6,210,0,0,0,0,0,1.0,0.0,0,0.5197106599807739
2082,0,60,23,0,0,0,0,0,1.0,0.0,0,0.4610772430896759
2083,4,111,119,0,0,0,0,0,1.0,0.0,0,0.5440871715545654
2084,4,20,134,0,0,0,0,0,1.0,0.0,0,0.4935922622680664
2085,46,93,150,0,0,0,0,0,1.0,0.0,0,0.527929425239563
2086,12,83,69,0,0,0,0,0,1.0,0.0,0,0.49448493123054504
2087,25,54,203,0,0,0,0,0,1.0,0.0,0,0.5498623847961426
2088,44,18,81,0,0,0,0,0,1.0,0.0,0,0.517768919467926
2089,28,65,137,0,0,0,0,0,1.0,0.0,0,0.5223410129547119
2090,50,93,194,0,0,0,0,0,1.0,0.0,0,0.4421200156211853
2091,7,108,230,0,0,0,0,0,1.0,0.0,0,0.5518285632133484
2092,14,105,241,0,0,0,0,0,1.0,0.0,0,0.5860644578933716
2093,24,3,200,0,0,0,0,0,1.0,0.0,0,0.550476610660553
2094,21,24,160,0,0,0,0,0,1.0,0.0,0,0.5578876733779907
2095,28,96,119,0,0,0,0,0,1.0,0.0,0,0.5601332187652588
2096,0,116,115,0,0,0,0,0,1.0,0.0,0,0.4936061203479767
2097,50,18,40,0,0,0,0,0,1.0,0.0,0,0.4887412190437317
2098,38,6,68,0,0,0,0,0,1.0,0.0,0,0.5607273578643799
2099,33,20,187,0,0,0,0,0,1.0,0.0,0,0.48849064111709595
2100,38,17,97,0,0,0,0,0,1.0,0.0,0,0.555517852306366
2101,25,23,90,0,0,0,0,0,1.0,0.0,0,0.5188581347465515
2102,38,16,97,0,0,0,0,0,1.0,0.0,0,0.5446894764900208
2103,59,126,119,0,0,0,0,0,1.0,0.0,0,0.5053806900978088
2104,10,64,125,0,0,0,0,0,1.0,0.0,0,0.5938264727592468
2105,43,21,175,0,0,0,0,0,1.0,0.0,0,0.524354100227356
2106,59,111,167,0,0,0,0,0,1.0,0.0,0,0.5470152497291565
2107,59,85,188,0,0,0,0,0,1.0,0.0,0,0.556602418422699
2108,59,84,232,0,0,0,0,0,1.0,0.0,0,0.4852546155452728
2109,37,104,192,0,0,0,0,0,1.0,0.0,0,0.499173641204834
2110,37,104,183,0,0,0,0,0,1.0,0.0,0,0.4936389923095703
2111,62,64,176,0,0,0,0,0,1.0,0.0,0,0.518222987651825
2112,10,48,9,0,0,0,0,0,1.0,0.0,0,0.5423641800880432
2113,43,61,86,0,0,0,0,0,1.0,0.0,0,0.48878636956214905
2114,37,110,19,0,0,0,0,0,1.0,0.0,0,0.5095974802970886
2115,0,64,151,0,0,0,0,0,1.0,0.0,0,0.47714290022850037
2116,38,27,228,0,0,0,0,0,1.0,0.3209384176231862,0,0.4586109220981598
2117,14,18,54,0,0,0,0,0,1.0,0.0,0,0.5797927379608154
2118,13,16,167,0,0,0,0,0,1.0,0.0,0,0.4474410116672516
2119,13,16,224,0,0,0,0,0,1.0,0.0,0,0.4845101535320282
2120,63,7,243,0,0,0,0,0,1.0,0.0,0,0.5580379366874695
2121,63,120,81,0,0,0,0,0,1.0,0.0,0,0.5076799392700195
2122,5,112,193,0,0,0,0,0,1.0,0.0,0,0.5162246823310852
2123,14,102,83,0,0,0,0,0,1.0,0.0,0,0.5569378137588501
2124,59,31,26,0,0,0,0,0,1.0,0.0,0,0.499378502368927
2125,43,116,97,0,0,0,0,0,1.0,0.0,0,0.5039356350898743
2126,36,123,23,0,0,0,0,0,1.0,0.0,0,0.48798075318336487
2127,59,18,238,0,0,0,0,0,1.0,0.0,0,0.5695218443870544
2128,63,7,123,0,0,0,0,0,1.0,0.0,0,0.49704843759536743
2129,24,58,207,0,0,0,0,0,1.0,0.0,0,0.4542056918144226
2130,14,89,90,0,0,0,0,0,1.0,0.0,0,0.5791356563568115
2131,28,10,125,0,0,0,0,0,1.0,0.0,0,0.5682084560394287
2132,14,28,190,0,0,0,0,0,1.0,0.0,0,0.5186051726341248
2133,42,44,133,0,0,0,0,0,1.0,0.0,0,0.49260759353637695
2134,42,22,133,0,0,0,0,0,1.0,0.0,0,0.528396487236023
2135,62,31,102,0,0,0,0,0,1.0,0.0,0,0.5382406711578369
2136,14,85,201,0,0,0,0,0,1.0,0.0,0,0.5812464356422424
2137,43,39,165,0,0,0,0,0,1.0,0.0,0,0.5455438494682312
2138,62,47,92,0,0,0,0,0,1.0,0.0,0,0.5647069215774536
2139,63,93,245,0,0,0,0,0,1.0,0.0,0,0.4797353148460388
2140,30,2,62,0,0,0,0,0,1.0,0.0,0,0.5073828101158142
2141,44,72,112,0,0,0,0,0,1.0,0.0,0,0.538673460483551
2142,44,94,175,0,0,0,0,0,1.0,0.0,0,0.499702513217926
2143,13,44,195,0,0,0,0,0,1.0,0.0,0,0.4784848392009735
2144,23,18,253,0,0,0,0,0,1.0,0.0,0,0.4762795865535736
2145,42,68,73,0,0,0,0,0,1.0,0.0,0,0.5194979906082153
2146,62,27,184,0,0,0,0,0,1.0,0.0,0,0.5817656517028809
2147,62,77,158,0,0,0,0,0,1.0,0.0,0,0.577470064163208
2148,43,75,165,0,0,0,0,0,1.0,0.0,0,0.4872782230377197
2149,8,85,80,0,0,0,0,0,1.0,0.0,0,0.4869075119495392
2150,9,53,219,0,0,0,0,0,1.0,0.0,0,0.513940155506134
2151,62,6,135,0,0,0,0,0,1.0,0.0,0,0.5498290657997131
2152,28,51,79,0,0,0,0,0,1.0,0.0,0,0.5715738534927368
2153,43,111,183,0,0,0,0,0,1.0,0.0,0,0.5145448446273804
2154,42,66,13,0,0,0,0,0,1.0,0.0,0,0.48802638053894043
2155,62,87,94,0,0,0,0,0,1.0,0.0,0,0.5666603446006775
2156,36,125,91,0,0,0,0,0,1.0,0.0,0,0.44110924005508423
2157,42,117,70,0,0,0,0,0,1.0,0.0,0,0.511762261390686
2158,52,125,155,0,0,0,0,0,1.0,0.0,0,0.5119577646255493
2159,38,32,88,0,0,0,0,0,1.0,0.0,0,0.5394659638404846
2160,17,69,54,0,0,0,0,0,1.0,0.0,0,0.5669602155685425
2161,0,49,134,0,0,0,0,0,1.0,0.0,0,0.47476932406425476
2162,0,10,251,0,0,0,0,0,1.0,0.0,0,0.482665479183197
2163,26,103,99,0,0,0,0,0,1.0,0.0,0,0.4817304313182831
2164,4,44,241,0,0,0,0,0,1.0,0.0,0,0.44176867604255676
2165,5,123,126,0,0,0,0,0,1.0,0.0,0,0.496404230594635
2166,44,100,68,0,0,0,0,0,1.0,0.0,0,0.47652581334114075
2167,0,76,175,0,0,0,0,0,1.0,0.0,0,0.4991500675678253
2168,4,100,171,0,0,0,0,0,1.0,0.0,0,0.49600598216056824
2169,9,77,205,0,0,0,0,0,1.0,0.0,0,0.5381287932395935
2170,0,118,133,0,0,0,0,0,1.0,0.0,0,0.48364734649658203
2171,49,45,171,0,0,0,0,0,1.0,0.0,0,0.4544878602027893
2172,42,25,14,0,0,0,0,0,1.0,0.0,0,0.5913045406341553
2173,62,87,201,0,0,0,0,0,1.0,0.0,0,0.511616051197052
2174,23,122,127,0,0,0,0,0,1.0,0.0,0,0.5057520866394043
2175,46,100,42,0,0,0,0,0,1.0,0.0,0,0.46130791306495667
2176,62,77,219,0,0,0,0,0,1.0,0.0,0,0.6056734919548035
2177,23,119,218,0,0,0,0,0,1.0,0.0,0,0.4793621897697449
2178,22,34,51,0,0,0,0,0,1.0,0.0,0,0.505954921245575
2179,61,64,166,0,0,0,0,0,1.0,0.0,0,0.4668053686618805
2180,26,82,21,0,0,0,0,0,1.0,0.0,0,0.4697648584842682
2181,55,115,9,0,0,0,0,0,1.0,0.0,0,0.5354192852973938
2182,12,12,69,0,0,0,0,0,1.0,0.0,0,0.49567556381225586
2183,52,53,213,0,0,0,0,0,1.0,0.0,0,0.4814232587814331
2184,5,76,208,0,0,0,0,0,1.0,0.0,0,0.5453157424926758
2185,42,15,73,0,0,0,0,0,1.0,0.0,0,0.556016206741333
2186,24,62,181,0,0,0,0,0,1.0,0.0,0,0.4540482461452484
2187,28,109,4,0,0,0,0,0,1.0,0.0,0,0.5161674618721008
2188,52,123,118,0,0,0,0,0,1.0,0.0,0,0.4947359561920166
2189,34,69,8,0,0,0,0,0,1.0,0.0,0,0.47887134552001953
2190,35,93,239,0,0,0,0,0,1.0,0.0,0,0.5191409587860107
2191,16,3,31,0,0,0,0,0,1.0,0.0,0,0.49007707834243774
2192,34,125,194,0,0,0,0,0,1.0,0.0,0,0.46313998103141785
2193,3,2,214,0,0,0,0,0,1.0,0.0,0,0.4553045928478241
2194,36,75,219,0,0,0,0,0,1.0,0.0,0,0.45098116993904114
2195,5,58,47,0,0,0,0,0,1.0,0.0,0,0.49941685795783997
2196,43,34,63,0,0,0,0,0,1.0,0.0,0,0.5327911376953125
2197,25,116,120,0,0,0,0,0,1.0,0.0,0,0.5638607740402222
2198,24,50,71,0,0,0,0,0,1.0,0.0,0,0.5133300423622131
2199,24,82,119,0,0,0,0,0,1.0,0.0,0,0.5258908867835999
2200,42,20,59,0,0,0,0,0,1.0,0.0,0,0.4781773090362549
2201,19,26,76,0,0,0,0,0,1.0,0.0,0,0.4354506731033325
2202,63,102,213,0,0,0,0,0,1.0,0.0,0,0.48404040932655334
2203,55,118,81,0,0,0,0,0,1.0,0.0,0,0.5294733643531799
2204,40,33,159,0,0,0,0,0,1.0,0.0,0,0.5362530946731567
2205,30,63,204,0,0,0,0,0,1.0,0.0,0,0.4549785256385803
2206,39,77,188,0,0,0,0,0,1.0,0.0,0,0.47944411635398865
2207,45,115,242,0,0,0,0,0,1.0,0.0,0,0.4184266924858093
2208,39,71,29,0,0,0,0,0,1.0,0.0,0,0.5046874284744263
2209,50,84,13,0,0,0,0,0,1.0,0.0,0,0.4757233262062073
2210,50,119,130,0,0,0,0,0,1.0,0.0,0,0.42090973258018494
2211,30,37,21,0,0,0,0,0,1.0,0.0,0,0.4726720154285431
2212,50,84,139,0,0,0,0,0,1.0,0.0,0,0.46087542176246643
2213,60,21,254,0,0,0,0,0,1.0,0.0,0,0.5061490535736084
2214,21,22,80,0,0,0,0,0,1.0,0.0,0,0.5086142420768738
2215,55,76,234,0,0,0,0,0,1.0,0.0,0,0.5052908658981323
2216,2,58,230,0,0,0,0,0,1.0,0.3629601707849469,0,0.419708788394928
2217,46,47,15,0,0,0,0,0,1.0,0.0,0,0.4747142493724823
2218,33,94,17,0,0,0,0,0,1.0,0.0,0,0.4466136693954468
2219,55,35,157,0,0,0,0,0,1.0,0.0,0,0.4794163405895233
2220,2,5,243,0,0,0,0,0,1.0,0.0,0,0.45961645245552063
2221,33,72,32,0,0,0,0,0,1.0,0.0,0,0.528609037399292
2222,8,87,195,0,0,0,0,0,1.0,0.0,0,0.4885709881782532
2223,10,29,174,0,0,0,0,0,1.0,0.3877591761367519,0,0.5616238713264465
2224,55,9,78,0,0,0,0,0,1.0,0.0,0,0.535943329334259
2225,10,84,219,0,0,0,0,0,1.0,0.0,0,0.4632986783981323
2226,38,23,15,0,0,0,0,0,1.0,0.0,0,0.5354788899421692
2227,5,120,180,0,0,0,0,0,1.0,0.0,0,0.5411609411239624
2228,1,13,128,0,0,0,0,0,1.0,0.0,0,0.5140933990478516
2229,13,5,234,0,0,0,0,0,1.0,0.0,0,0.4848844110965729
2230,46,30,116,0,0,0,0,0,1.0,0.0,0,0.46268439292907715
2231,51,27,220,0,0,0,0,0,1.0,0.0,0,0.5013014674186707
2232,43,123,138,0,0,0,0,0,1.0,0.0,0,0.4266798496246338
2233,58,78,128,0,0,0,0,0,1.0,0.0,0,0.4277537763118744
2234,16,61,201,0,0,0,0,0,1.0,0.0,0,0.4345738887786865
2235,11,64,35,0,0,0,0,0,1.0,0.0,0,0.4799531400203705
2236,11,64,178,0,0,0,0,0,1.0,0.0,0,0.4872560501098633
2237,9,35,138,0,0,0,0,0,1.0,0.0,0,0.5298216342926025
2238,5,83,144,0,0,0,0,0,1.0,0.0,0,0.5459595918655396
2239,61,112,114,0,0,0,0,0,1.0,0.0,0,0.4766617715358734
2240,14,46,146,0,0,0,0,0,1.0,0.0,0,0.4760335683822632
2241,24,98,218,0,0,0,0,0,1.0,0.0,0,0.45550429821014404
2242,48,45,106,0,0,0,0,0,1.0,0.0,0,0.5785937309265137
2243,22,22,31,0,0,0,0,0,1.0,0.0,0,0.5920160412788391
2244,29,61,188,0,0,0,0,0,1.0,0.0,0,0.447165846824646
2245,36,66,235,0,0,0,0,0,1.0,0.0,0,0.4560137093067169
2246,41,66,116,0,0,0,0,0,1.0,0.0,0,0.5231174826622009
2247,41,66,156,0,0,0,0,0,1.0,0.0,0,0.5032468438148499
2248,34,43,176,0,0,0,0,0,1.0,0.0,0,0.4455035328865051
2249,41,46,62,0,0,0,0,0,1.0,0.0,0,0.46543368697166443
2250,20,68,116,0,0,0,0,0,1.0,0.0,0,0.5143263339996338
2251,56,101,177,0,0,0,0,0,1.0,0.0,0,0.45885783433914185
2252,9,26,234,0,0,0,0,0,1.0,0.0,0,0.5236684083938599
2253,11,116,138,0,0,0,0,0,1.0,0.0,0,0.4151741564273834
2254,45,70,43,0,0,0,0,0,1.0,0.0,0,0.45537737011909485
2255,56,63,182,0,0,0,0,0,1.0,0.0,0,0.4691219925880432
2256,56,80,206,0,0,0,0,0,1.0,0.0,0,0.479511022567749
2257,31,69,134,0,0,0,0,0,1.0,0.0,0,0.4468308985233307
2258,4,88,66,0,0,0,0,0,1.0,0.0,0,0.4778948724269867
2259,13,127,102,0,0,0,0,0,1.0,0.0,0,0.4160493016242981
2260,5,9,167,0,0,0,0,0,1.0,0.0,0,0.44392192363739014
2261,32,126,177,0,0,0,0,0,1.0,0.0,0,0.47389110922813416
2262,12,107,121,0,0,0,0,0,1.0,0.0,0,0.4644101858139038
2263,18,87,115,0,0,0,0,0,1.0,0.0,0,0.5546046495437622
2264,18,73,47,0,0,0,0,0,1.0,0.0,0,0.5438529849052429
2265,35,5,63,0,0,0,0,0,1.0,0.0,0,0.4660632312297821
2266,35,54,22,0,0,0,0,0,1.0,0.0,0,0.5029285550117493
2267,0,105,212,0,0,0,0,0,1.0,0.0,0,0.5012959837913513
2268,28,118,57,0,0,0,0,0,1.0,0.0,0,0.4923626482486725
2269,4,99,100,0,0,0,0,0,1.0,0.0,0,0.5122838616371155
2270,0,32,27,0,0,0,0,0,1.0,0.0,0,0.45421233773231506
2271,50,13,142,0,0,0,0,0,1.0,0.0,0,0.4490540027618408
2272,44,53,246,0,0,0,0,0,1.0,0.0,0,0.5007859468460083
2273,38,88,41,0,0,0,0,0,1.0,0.0,0,0.5157293677330017
2274,13,68,135,0,0,0,0,0,1.0,0.0,0,0.4683311879634857
2275,47,5,148,0,0,0,0,0,1.0,0.0,0,0.5066919326782227
2276,40,33,166,0,0,0,0,0,1.0,0.0,0,0.5031304359436035
2277,62,54,129,0,0,0,0,0,1.0,0.0,0,0.5710776448249817
2278,51,64,62,0,0,0,0,0,1.0,0.0,0,0.42673367261886597
2279,30,113,130,0,0,0,0,0,1.0,0.0,0,0.4808403253555298
2280,7,83,210,0,0,0,0,0,1.0,0.0,0,0.5323612093925476
2281,7,98,104,0,0,0,0,0,1.0,0.0,0,0.5239914655685425
2282,27,117,138,0,0,0,0,0,1.0,0.0,0,0.500703752040863
2283,30,19,237,0,0,0,0,0,1.0,0.0,0,0.44529399275779724
2284,54,34,204,0,0,0,0,0,1.0,0.0,0,0.5134069323539734
2285,15,103,141,0,0,0,0,0,1.0,0.0,0,0.532217264175415
2286,1,125,150,0,0,0,0,0,1.0,0.0,0,0.48334723711013794
2287,1,71,117,0,0,0,0,0,1.0,0.0,0,0.43205106258392334
2288,1,108,92,0,0,0,0,0,1.0,0.0,0,0.5212904810905457
2289,38,16,244,0,0,0,0,0,1.0,0.0,0,0.5116214752197266
2290,55,73,51,0,0,0,0,0,1.0,0.0,0,0.49015751481056213
2291,55,28,248,0,0,0,0,0,1.0,0.0,0,0.5178322792053223
2292,55,47,37,0,0,0,0,0,1.0,0.0,0,0.5849702954292297
2293,19,115,185,0,0,0,0,0,1.0,0.0,0,0.5196695327758789
2294,19,78,114,0,0,0,0,0,1.0,0.0,0,0.5199620127677917
2295,39,14,48,0,0,0,0,0,1.0,0.0,0,0.4640760123729706
2296,35,43,196,0,0,0,0,0,1.0,0.0,0,0.5200032591819763
2297,60,112,47,0,0,0,0,0,1.0,0.0,0,0.4753023386001587
2298,16,82,208,0,0,0,0,0,1.0,0.0,0,0.47656863927841187
2299,49,18,9,0,0,0,0,0,1.0,0.0,0,0.5129260420799255
2300,39,9,200,0,0,0,0,0,1.0,0.0,0,0.5003998279571533
2301,3,104,112,0,0,0,0,0,1.0,0.0,0,0.44475236535072327
2302,3,27,128,0,0,0,0,0,1.0,0.0,0,0.4672597646713257
2303,51,23,144,0,0,0,0,0,1.0,0.0,0,0.4875258505344391
2304,32,100,143,0,0,0,0,0,1.0,0.0,0,0.4984942376613617
2305,8,50,90,0,0,0,0,0,1.0,0.0,0,0.5517846345901489
2306,29,60,42,0,0,0,0,0,1.0,0.0,0,0.43039441108703613
2307,30,127,209,0,0,0,0,0,1.0,0.0,0,0.4704355001449585
2308,48,84,42,0,0,0,0,0,1.0,0.31717517775596415,0,0.4726317226886749
2309,41,114,234,0,0,0,0,0,1.0,0.0,0,0.46482908725738525
2310,29,4,130,0,0,0,0,0,1.0,0.0,0,0.5063773393630981
2311,29,67,109,0,0,0,0,0,1.0,0.0,0,0.4188433885574341
2312,50,98,120,0,0,0,0,0,1.0,0.0,0,0.4451691806316376
2313,58,59,51,0,0,0,0,0,1.0,0.0,0,0.46606528759002686
2314,33,94,117,0,0,0,0,0,1.0,0.0,0,0.4891057014465332
2315,57,20,165,0,0,0,0,0,1.0,0.0,0,0.5071738362312317
2316,57,20,226,0,0,0,0,0,1.0,0.0,0,0.498861163854599
2317,3,48,90,0,0,0,0,0,1.0,0.0,0,0.5174664258956909
2318,41,114,230,0,0,0,0,0,1.0,0.0,0,0.46290892362594604
2319,3,10,144,0,0,0,0,0,1.0,0.0,0,0.47982272505760193
2320,41,15,1,0,0,0,0,0,1.0,0.0,0,0.48457977175712585
2321,29,38,9,0,0,0,0,0,1.0,0.0,0,0.527823805809021
2322,11,126,51,0,0,0,0,0,1.0,0.0,0,0.4904252886772156
2323,11,31,145,0,0,0,0,0,1.0,0.0,0,0.4900619685649872
2324,57,50,51,0,0,0,0,0,1.0,0.0,0,0.49247244000434875
2325,26,78,1,0,0,0,0,0,1.0,0.0,0,0.544963002204895
2326,55,9,173,0,0,0,0,0,1.0,0.0,0,0.576640248298645
2327,18,14,145,0,0,0,0,0,1.0,0.0,0,0.5229199528694153
2328,62,87,30,0,0,0,0,0,1.0,0.0,0,0.5712565183639526
2329,41,59,175,0,0,0,0,0,1.0,0.0,0,0.46245813369750977
2330,30,62,63,0,0,0,0,0,1.0,0.0,0,0.4480362832546234
2331,26,92,128,0,0,0,0,0,1.0,0.0,0,0.5091056227684021
2332,29,39,245,0,0,0,0,0,1.0,0.0,0,0.4579383432865143
2333,54,33,149,0,0,0,0,0,1.0,0.0,0,0.5173928737640381
2334,33,31,98,0,0,0,0,0,1.0,0.0,0,0.5510222315788269
2335,51,61,140,0,0,0,0,0,1.0,0.0,0,0.4227992594242096
2336,22,88,136,0,0,0,0,0,1.0,0.0,0,0.5773745179176331
2337,49,63,118,0,0,0,0,0,1.0,0.0,0,0.5450536608695984
2338,55,42,57,0,0,0,0,0,1.0,0.0,0,0.5400843620300293
2339,0,125,151,0,0,0,0,0,1.0,0.0,0,0.5233159065246582
2340,62,107,154,0,0,0,0,0,1.0,0.0,0,0.515041172504425
2341,55,101,22,0,0,0,0,0,1.0,0.0,0,0.5615702271461487
2342,58,67,29,0,0,0,0,0,1.0,0.0,0,0.5388190150260925
2343,33,51,252,0,0,0,0,0,1.0,0.0,0,0.4953676462173462
2344,10,127,121,0,0,0,0,0,1.0,0.0,0,0.5358667373657227
2345,23,64,210,0,0,0,0,0,1.0,0.0,0,0.4785618484020233
2346,42,68,54,0,0,0,0,0,1.0,0.0,0,0.48023924231529236
2347,10,106,6,0,0,0,0,0,1.0,0.0,0,0.5758276581764221
2348,49,108,251,0,0,0,0,0,1.0,0.0,0,0.5109800696372986
2349,28,118,75,0,0,0,0,0,1.0,0.0,0,0.4534141421318054
2350,55,17,163,0,0,0,0,0,1.0,0.0,0,0.5128733515739441
2351,52,71,104,0,0,0,0,0,1.0,0.0,0,0.4845631718635559
2352,6,90,151,0,0,0,0,0,1.0,0.2591048125469122,0,0.4845663905143738
2353,55,69,185,0,0,0,0,0,1.0,0.0,0,0.542238712310791
2354,51,125,162,0,0,0,0,0,1.0,0.0,0,0.43619921803474426
2355,29,48,1,0,0,0,0,0,1.0,0.0,0,0.431875079870224
2356,58,22,98,0,0,0,0,0,1.0,0.0,0,0.4582732915878296
2357,15,17,30,0,0,0,0,0,1.0,0.0,0,0.5116710662841797
2358,45,57,200,0,0,0,0,0,1.0,0.0,0,0.4699970781803131
2359,15,47,68,0,0,0,0,0,1.0,0.0,0,0.4917050302028656
2360,15,101,202,0,0,0,0,0,1.0,0.0,0,0.46364396810531616
2361,2,33,19,0,0,0,0,0,1.0,0.0,0,0.4746662378311157
2362,15,62,190,0,0,0,0,0,1.0,0.0,0,0.43994125723838806
2363,47,109,232,0,0,0,0,0,1.0,0.0,0,0.5111022591590881
2364,60,104,139,0,0,0,0,0,1.0,0.0,0,0.4988543391227722
2365,55,89,154,0,0,0,0,0,1.0,0.0,0,0.5443639755249023
2366,19,91,213,0,0,0,0,0,1.0,0.4309280935245911,0,0.5309464931488037
2367,48,0,50,0,0,0,0,0,1.0,0.0,0,0.4631434381008148
2368,10,81,58,0,0,0,0,0,1.0,0.0,0,0.5386062860488892
2369,7,20,224,0,0,0,0,0,1.0,0.0,0,0.4780394732952118
2370,42,52,28,0,0,0,0,0,1.0,0.0,0,0.5463318228721619
2371,23,42,92,0,0,0,0,0,1.0,0.0,0,0.482414573431015
2372,30,25,39,0,0,0,0,0,1.0,0.0,0,0.4641118049621582
2373,49,75,169,0,0,0,0,0,1.0,0.0,0,0.45940500497817993
2374,55,21,159,0,0,0,0,0,1.0,0.0,0,0.4634873569011688
2375,9,67,241,0,0,0,0,0,1.0,0.0,0,0.4963946044445038
2376,5,34,145,0,0,0,0,0,1.0,0.0,0,0.5239051580429077
2377,12,111,101,0,0,0,0,0,1.0,0.0,0,0.5632060766220093
2378,16,53,214,0,0,0,0,0,1.0,0.0,0,0.505852222442627
2379,23,87,209,0,0,0,0,0,1.0,0.0,0,0.49618175625801086
2380,4,92,17,0,0,0,0,0,1.0,0.0,0,0.5027764439582825
2381,28,86,248,0,0,0,0,0,1.0,0.0,0,0.47838085889816284
2382,59,114,179,0,0,0,0,0,1.0,0.0,0,0.4848085045814514
2383,4,42,121,0,0,0,0,0,1.0,0.0,0,0.46626630425453186
2384,63,101,10,0,0,0,0,0,1.0,0.0,0,0.47693607211112976
2385,57,58,6,0,0,0,0,0,1.0,0.0,0,0.5137709975242615
2386,63,21,46,0,0,0,0,0,1.0,0.0,0,0.5744097828865051
2387,63,64,226,0,0,0,0,0,1.0,0.0,0,0.43523290753364563
2388,2,79,94,0,0,0,0,0,1.0,0.0,0,0.48188915848731995
2389,41,95,108,0,0,0,0,0,1.0,0.0,0,0.49354881048202515
2390,41,107,221,0,0,0,0,0,1.0,0.0,0,0.534072756767273
2391,48,9,117,0,0,0,0,0,1.0,0.0,0,0.47155678272247314
2392,56,37,145,0,0,0,0,0,1.0,0.0,0,0.5277563333511353
2393,17,61,157,0,0,0,0,0,1.0,0.0,0,0.4961470663547516
2394,56,10,6,0,0,0,0,0,1.0,0.0,0,0.4506444036960602
2395,38,23,27,0,0,0,0,0,1.0,0.0,0,0.47180038690567017
2396,56,5,7,0,0,0,0,0,1.0,0.0,0,0.468918114900589
2397,59,36,175,0,0,0,0,0,1.0,0.0,0,0.4754185378551483
2398,42,36,188,0,0,0,0,0,1.0,0.0,0,0.5058385729789734
2399,58,52,112,0,0,0,0,0,1.0,0.0,0,0.46218597888946533
2400,62,76,216,0,0,0,0,0,1.0,0.0,0,0.5546491742134094
2401,35,54,3,0,0,0,0,0,1.0,0.0,0,0.5241496562957764
2402,23,9,94,0,0,0,0,0,1.0,0.0,0,0.46583402156829834
2403,59,115,61,0,0,0,0,0,1.0,0.0,0,0.5430498123168945
2404,2,89,148,0,0,0,0,0,1.0,0.0,0,0.5668774843215942
2405,16,122,51,0,0,0,0,0,1.0,0.0,0,0.41095346212387085
2406,23,77,28,0,0,0,0,0,1.0,0.0,0,0.5393344759941101
2407,5,126,134,0,0,0,0,0,1.0,0.0,0,0.5025257468223572
2408,50,48,47,0,0,0,0,0,1.0,0.0,0,0.44271305203437805
2409,5,122,66,0,0,0,0,0,1.0,0.0,0,0.5285452008247375
2410,22,70,175,0,0,0,0,0,1.0,0.0,0,0.49764057993888855
2411,49,80,133,0,0,0,0,0,1.0,0.0,0,0.44975408911705017
2412,42,78,83,0,0,0,0,0,1.0,0.0,0,0.5181711316108704
2413,6,48,0,0,0,0,0,0,1.0,0.0,0,0.5021893978118896
2414,47,3,23,0,0,0,0,0,1.0,0.0,0,0.5377284288406372
2415,46,22,57,0,0,0,0,0,1.0,0.3690346879471054,0,0.5182915329933167
2416,20,100,240,0,0,0,0,0,1.0,0.0,0,0.5857284665107727
2417,53,117,23,0,0,0,0,0,1.0,0.0,0,0.4771987199783325
2418,0,116,25,0,0,0,0,0,1.0,0.0,0,0.49899551272392273
2419,23,105,202,0,0,0,0,0,1.0,0.0,0,0.5613464117050171
2420,33,124,26,0,0,0,0,0,1.0,0.0,0,0.4983465373516083
2421,23,78,93,0,0,0,0,0,1.0,0.0,0,0.5438899397850037
2422,16,59,98,0,0,0,0,0,1.0,0.0,0,0.5690845251083374
2423,62,75,68,0,0,0,0,0,1.0,0.0,0,0.5302823781967163
2424,18,13,174,0,0,0,0,0,1.0,0.0,0,0.487814724445343
2425,40,83,33,0,0,0,0,0,1.0,0.0,0,0.5460108518600464
2426,44,43,1,0,0,0,0,0,1.0,0.0,0,0.522351086139679
2427,12,5,131,0,0,0,0,0,1.0,0.0,0,0.507949709892273
2428,42,78,110,0,0,0,0,0,1.0,0.0,0,0.47844499349594116
2429,55,29,83,0,0,0,0,0,1.0,0.0,0,0.49943485856056213
2430,51,29,202,0,0,0,0,0,1.0,0.0,0,0.4681307375431061
2431,60,7,4,0,0,0,0,0,1.0,0.0,0,0.5060973763465881
2432,32,34,61,0,0,0,0,0,1.0,0.0,0,0.5095696449279785
2433,48,33,43,0,0,0,0,0,1.0,0.0,0,0.5170870423316956
2434,48,123,209,0,0,0,0,0,1.0,0.0,0,0.5685451030731201
2435,10,47,222,0,0,0,0,0,1.0,0.0,0,0.5069106817245483
2436,27,105,24,0,0,0,0,0,1.0,0.0,0,0.5607244968414307
2437,62,31,191,0,0,0,0,0,1.0,0.0,0,0.5220526456832886
2438,32,83,167,0,0,0,0,0,1.0,0.0,0,0.49491679668426514
2439,44,26,126,0,0,0,0,0,1.0,0.0,0,0.4827955961227417
2440,51,88,84,0,0,0,0,0,1.0,0.0,0,0.44856372475624084
2441,23,32,195,0,0,0,0,0,1.0,0.0,0,0.46642857789993286
2442,50,63,214,0,0,0,0,0,1.0,0.0,0,0.4528449475765228
2443,0,100,123,0,0,0,0,0,1.0,0.0,0,0.4828081429004669
2444,34,101,170,0,0,0,0,0,1.0,0.0,0,0.4916629493236542
2445,50,60,104,0,0,0,0,0,1.0,0.0,0,0.40867388248443604
2446,9,79,128,0,0,0,0,0,1.0,0.0,0,0.5396071076393127
2447,49,98,86,0,0,0,0,0,1.0,0.0,0,0.5366839170455933
2448,0,69,210,0,0,0,0,0,1.0,0.0,0,0.5100083947181702
2449,31,69,60,0,0,0,0,0,1.0,0.0,0,0.5055353045463562
2450,42,41,6,0,0,0,0,0,1.0,0.0,0,0.5604168176651001
2451,16,8,188,0,0,0,0,0,1.0,0.0,0,0.45161789655685425
2452,23,63,32,0,0,0,0,0,1.0,0.0,0,0.524574875831604
2453,42,12,8,0,0,0,0,0,1.0,0.0,0,0.5308507680892944
2454,42,61,120,0,0,0,0,0,1.0,0.0,0,0.4910244345664978
2455,9,62,28,0,0,0,0,0,1.0,0.0,0,0.5184726715087891
2456,18,17,189,0,0,0,0,0,1.0,0.0,0,0.5195497870445251
2457,63,73,134,0,0,0,0,0,1.0,0.0,0,0.4976789951324463
2458,19,106,6,0,0,0,0,0,1.0,0.0,0,0.5725812911987305
2459,0,10,170,0,0,0,0,0,1.0,0.0,0,0.5610554814338684
2460,0,49,186,0,0,0,0,0,1.0,0.0,0,0.44362738728523254
2461,62,85,230,0,0,0,0,0,1.0,0.0,0,0.599777340888977
2462,35,92,11,0,0,0,0,0,1.0,0.0,0,0.475106418132782
2463,27,73,182,0,0,0,0,0,1.0,0.0,0,0.49704161286354065
2464,8,88,136,0,0,0,0,0,1.0,0.0,0,0.5096585154533386
2465,16,70,161,0,0,0,0,0,1.0,0.0,0,0.47681695222854614
2466,25,24,132,0,0,0,0,0,1.0,0.0,0,0.5457525253295898
2467,47,0,69,0,0,0,0,0,1.0,0.0,0,0.44416531920433044
2468,61,81,170,0,0,0,0,0,1.0,0.0,0,0.5501629710197449
2469,52,100,22,0,0,0,0,0,1.0,0.0,0,0.548407256603241
2470,40,11,129,0,0,0,0,0,1.0,0.0,0,0.5699594020843506
2471,59,79,73,0,0,0,0,0,1.0,0.0,0,0.5842212438583374
2472,32,51,127,0,0,0,0,0,1.0,0.0,0,0.5117529630661011
2473,31,85,178,0,0,0,0,0,1.0,0.0,0,0.5616075396537781
2474,29,11,74,0,0,0,0,0,1.0,0.0,0,0.45805346965789795
2475,3,80,238,0,0,0,0,0,1.0,0.0,0,0.47897130250930786
2476,61,14,172,0,0,0,0,0,1.0,0.0,0,0.46367377042770386
2477,57,74,228,0,0,0,0,0,1.0,0.0,0,0.46726325154304504
2478,52,84,28,0,0,0,0,0,1.0,0.0,0,0.46468695998191833
2479,41,65,131,0,0,0,0,0,1.0,0.0,0,0.4485800266265869
2480,5,120,223,0,0,0,0,0,1.0,0.0,0,0.49569058418273926
2481,34,110,13,0,0,0,0,0,1.0,0.0,0,0.5054891705513
2482,61,9,11,0,0,0,0,0,1.0,0.0,0,0.455199271440506
2483,5,120,17,0,0,0,0,0,1.0,0.0,0,0.4847460687160492
2484,28,38,136,0,0,0,0,0,1.0,0.0,0,0.48410117626190186
2485,5,23,65,0,0,0,0,0,1.0,0.0,0,0.5027197599411011
2486,21,90,124,0,0,0,0,0,1.0,0.0,0,0.4312620162963867
2487,44,39,221,0,0,0,0,0,1.0,0.0,0,0.4651283621788025
2488,44,66,175,0,0,0,0,0,1.0,0.0,0,0.5760859251022339
2489,21,86,204,0,0,0,0,0,1.0,0.0,0,0.5326967239379883
2490,21,101,135,0,0,0,0,0,1.0,0.0,0,0.4651632010936737
2491,4,51,222,0,0,0,0,0,1.0,0.0,0,0.4983564615249634
2492,5,5,121,0,0,0,0,0,1.0,0.0,0,0.5074242949485779
2493,21,1,172,0,0,0,0,0,1.0,0.0,0,0.43064218759536743
2494,21,94,197,0,0,0,0,0,1.0,0.0,0,0.44516754150390625
2495,45,11,136,0,0,0,0,0,1.0,0.0,0,0.491091787815094
2496,20,120,203,0,0,0,0,0,1.0,0.0,0,0.5352447628974915
2497,29,28,184,0,0,0,0,0,1.0,0.0,0,0.45826783776283264
2498,49,123,86,0,0,0,0,0,1.0,0.0,0,0.43087050318717957
2499,10,57,208,0,0,0,0,0,1.0,0.0,0,0.5665977001190186
2500,10,65,231,0,0,0,0,0,1.0,0.0,0,0.5187089443206787
2501,49,112,74,0,0,0,0,0,1.0,0.0,0,0.4856063723564148
2502,50,12,53,0,0,0,0,0,1.0,0.0,0,0.4487822949886322
2503,34,60,34,0,0,0,0,0,1.0,0.0,0,0.48759713768959045
2504,24,32,172,0,0,0,0,0,1.0,0.0,0,0.47336453199386597
2505,0,84,17,0,0,0,0,0,1.0,0.0,0,0.4717925190925598
2506,16,14,77,0,0,0,0,0,1.0,0.0,0,0.5010579824447632
2507,16,13,6,0,0,0,0,0,1.0,0.0,0,0.4806482791900635
2508,52,20,30,0,0,0,0,0,1.0,0.0,0,0.47400957345962524
2509,33,122,105,0,0,0,0,0,1.0,0.0,0,0.4572393596172333
2510,4,73,171,0,0,0,0,0,1.0,0.0,0,0.5308811068534851
2511,53,64,175,0,0,0,0,0,1.0,0.0,0,0.49349817633628845
2512,24,59,172,0,0,0,0,0,1.0,0.0,0,0.48013055324554443
2513,10,107,148,0,0,0,0,0,0.5,0.0,0,0.5026960372924805
2514,10,107,148,1,0,0,0,0,0.5,0.0,0,0.5026960372924805
2515,2,122,86,0,0,0,0,0,1.0,0.0,0,0.40795665979385376
2516,13,71,226,0,0,0,0,0,1.0,0.0,0,0.4578632414340973
2517,44,24,106,0,0,0,0,0,1.0,0.0,0,0.5375855565071106
2518,24,116,154,0,0,0,0,0,1.0,0.0,0,0.528759241104126
2519,32,68,240,0,0,0,0,0,1.0,0.0,0,0.49961960315704346
2520,34,80,214,0,0,0,0,0,1.0,0.0,0,0.4862750470638275
2521,51,48,46,0,0,0,0,0,1.0,0.0,0,0.5153584480285645
2522,35,116,216,0,0,0,0,0,1.0,0.0,0,0.4685705900192261
2523,9,17,14,0,0,0,0,0,1.0,0.0,0,0.5297365188598633
2524,62,45,229,0,0,0,0,0,1.0,0.0,0,0.4462870657444
2525,42,33,46,0,0,0,0,0,1.0,0.0,0,0.5819002985954285
2526,47,19,58,0,0,0,0,0,1.0,0.0,0,0.5235031247138977
2527,7,109,229,0,0,0,0,0,1.0,0.0,0,0.4904143512248993
2528,58,89,57,0,0,0,0,0,1.0,0.0,0,0.49593231081962585
2529,12,41,28,0,0,0,0,0,1.0,0.0,0,0.5620214343070984
2530,45,44,53,0,0,0,0,0,1.0,0.0,0,0.5501670241355896
2531,29,122,233,0,0,0,0,0,1.0,0.0,0,0.4450138807296753
2532,61,112,151,0,0,0,0,0,1.0,0.0,0,0.52156662940979
2533,0,42,153,0,0,0,0,0,1.0,0.0,0,0.546227753162384
2534,34,69,1,0,0,0,0,0,1.0,0.0,0,0.47346264123916626
2535,9,27,61,0,0,0,0,0,1.0,0.0,0,0.5131787657737732
2536,61,40,241,0,0,0,0,0,1.0,0.0,0,0.5109593272209167
2537,58,22,74,0,0,0,0,0,1.0,0.0,0,0.43792036175727844
2538,43,46,31,0,0,0,0,0,1.0,0.0,0,0.5765652656555176
2539,23,0,228,0,0,0,0,0,1.0,0.0,0,0.48614466190338135
2540,26,99,241,0,0,0,0,0,1.0,0.0,0,0.5179617404937744
2541,23,85,101,0,0,0,0,0,1.0,0.0,0,0.4866214096546173
2542,44,76,250,0,0,0,0,0,1.0,0.0,0,0.5217604041099548
2543,43,46,124,0,0,0,0,0,1.0,0.0,0,0.5699852705001831
2544,49,2,31,0,0,0,0,0,1.0,0.0,0,0.4966239333152771
2545,41,18,68,0,0,0,0,0,1.0,0.0,0,0.4700993299484253
2546,44,8,146,0,0,0,0,0,1.0,0.0,0,0.5118936896324158
2547,42,76,0,0,0,0,0,0,1.0,0.0,0,0.5431275963783264
2548,60,102,245,0,0,0,0,0,1.0,0.0,0,0.5470743179321289
2549,14,46,152,0,0,0,0,0,1.0,0.0,0,0.5210967659950256
2550,58,90,168,0,0,0,0,0,1.0,0.0,0,0.4674326479434967
2551,33,100,106,0,0,0,0,0,1.0,0.0,0,0.5330789089202881
2552,58,109,98,0,0,0,0,0,1.0,0.0,0,0.4889192581176758
2553,1,27,94,0,0,0,0,0,1.0,0.0,0,0.47097188234329224
2554,37,106,228,0,0,0,0,0,1.0,0.0,0,0.5487543344497681
2555,59,8,197,0,0,0,0,0,1.0,0.0,0,0.4677712023258209
2556,5,61,222,0,0,0,0,0,1.0,0.0,0,0.47091251611709595
2557,16,76,43,0,0,0,0,0,1.0,0.0,0,0.4759800136089325
2558,35,32,187,0,0,0,0,0,1.0,0.0,0,0.4365497827529907
2559,37,46,120,0,0,0,0,0,1.0,0.0,0,0.5365710854530334
2560,52,21,221,0,0,0,0,0,1.0,0.0,0,0.5279456377029419
2561,13,111,224,0,0,0,0,0,1.0,0.0,0,0.43759816884994507
2562,4,14,190,0,0,0,0,0,1.0,0.0,0,0.4466037154197693
2563,37,5,158,0,0,0,0,0,1.0,0.0,0,0.5158860683441162
2564,45,77,143,0,0,0,0,0,1.0,0.0,0,0.5073773860931396
2565,53,70,254,0,0,0,0,0,1.0,0.0,0,0.5002233982086182
2566,47,113,37,0,0,0,0,0,1.0,0.0,0,0.5314421653747559
2567,24,65,236,0,0,0,0,0,1.0,0.0,0,0.47623366117477417
2568,4,84,25,0,0,0,0,0,1.0,0.0,0,0.47029900550842285
2569,13,16,118,0,0,0,0,0,1.0,0.0,0,0.5398206114768982
2570,62,75,59,0,0,0,0,0,1.0,0.0,0,0.49831393361091614
2571,14,11,60,0,0,0,0,0,1.0,0.0,0,0.551482617855072
2572,9,6,218,0,0,0,0,0,1.0,0.0,0,0.4991890788078308
2573,31,33,159,0,0,0,0,0,1.0,0.0,0,0.48552632331848145
2574,62,74,88,0,0,0,0,0,1.0,0.0,0,0.5315443873405457
2575,62,123,73,0,0,0,0,0,1.0,0.0,0,0.4604865610599518
2576,61,56,32,0,0,0,0,0,1.0,0.0,0,0.4742855727672577
2577,37,77,3,0,0,0,0,0,1.0,0.0,0,0.4760190546512604
2578,51,16,93,0,0,0,0,0,1.0,0.0,0,0.5489914417266846
2579,13,29,107,0,0,0,0,0,1.0,0.0,0,0.44920262694358826
2580,0,15,173,0,0,0,0,0,1.0,0.0,0,0.43723613023757935
2581,38,118,160,0,0,0,0,0,1.0,0.0,0,0.48732858896255493
2582,36,106,25,0,0,0,0,0,1.0,0.0,0,0.48343610763549805
2583,38,10,192,0,0,0,0,0,1.0,0.0,0,0.48309019207954407
2584,17,101,68,0,0,0,0,0,1.0,0.0,0,0.5063052177429199
2585,3,44,161,0,0,0,0,0,1.0,0.0,0,0.49276402592658997
2586,41,64,42,0,0,0,0,0,1.0,0.0,0,0.4371432065963745
2587,18,85,63,0,0,0,0,0,1.0,0.0,0,0.5039746165275574
2588,29,20,189,0,0,0,0,0,1.0,0.0,0,0.4524385333061218
2589,3,52,88,0,0,0,0,0,1.0,0.0,0,0.45596447587013245
2590,3,2,92,0,0,0,0,0,1.0,0.0,0,0.46552661061286926
2591,14,52,246,0,0,0,0,0,1.0,0.0,0,0.5143013000488281
2592,14,113,246,0,0,0,0,0,1.0,0.0,0,0.5105578303337097
2593,14,83,165,0,0,0,0,0,1.0,0.0,0,0.4959176778793335
2594,24,91,222,0,0,0,0,0,1.0,0.0,0,0.5392311811447144
2595,23,53,12,0,0,0,0,0,1.0,0.0,0,0.5572481155395508
2596,19,89,94,0,0,0,0,0,1.0,0.0,0,0.5653253197669983
2597,14,83,201,0,0,0,0,0,1.0,0.0,0,0.5487064123153687
2598,62,54,235,0,0,0,0,0,1.0,0.0,0,0.49217867851257324
2599,15,74,113,0,0,0,0,0,1.0,0.0,0,0.471585214138031
2600,54,72,61,0,0,0,0,0,1.0,0.0,0,0.4784332811832428
2601,56,76,197,0,0,0,0,0,1.0,0.0,0,0.47984471917152405
2602,0,45,230,0,0,0,0,0,1.0,0.0,0,0.49259427189826965
2603,52,70,106,0,0,0,0,0,1.0,0.0,0,0.43925362825393677
2604,5,124,237,0,0,0,0,0,1.0,0.0,0,0.5101418495178223
2605,5,59,228,0,0,0,0,0,1.0,0.0,0,0.4704444706439972
2606,46,49,97,0,0,0,0,0,1.0,0.0,0,0.5164473652839661
2607,24,15,63,0,0,0,0,0,1.0,0.0,0,0.523330807685852
2608,63,116,167,0,0,0,0,0,1.0,0.0,0,0.45642387866973877
2609,9,22,4,0,0,0,0,0,1.0,0.0,0,0.5669896602630615
2610,19,44,175,0,0,0,0,0,1.0,0.0,0,0.47012826800346375
2611,60,7,61,0,0,0,0,0,1.0,0.0,0,0.536649227142334
2612,31,91,170,0,0,0,0,0,1.0,0.0,0,0.4976860284805298
2613,40,100,115,0,0,0,0,0,1.0,0.0,0,0.5014318823814392
2614,50,69,218,0,0,0,0,0,1.0,0.0,0,0.44427621364593506
2615,18,9,195,0,0,0,0,0,1.0,0.0,0,0.4622218906879425
2616,51,47,14,0,0,0,0,0,1.0,0.0,0,0.5335009098052979
2617,19,18,55,0,0,0,0,0,1.0,0.0,0,0.5079312920570374
2618,34,58,153,0,0,0,0,0,1.0,0.0,0,0.5068808197975159
2619,52,101,104,0,0,0,0,0,1.0,0.0,0,0.43683379888534546
2620,62,93,78,0,0,0,0,0,1.0,0.0,0,0.4765934348106384
2621,52,86,178,0,0,0,0,0,1.0,0.0,0,0.48608067631721497
2622,23,83,129,0,0,0,0,0,1.0,0.0,0,0.5663604736328125
2623,25,77,108,0,0,0,0,0,1.0,0.0,0,0.5670384168624878
2624,48,89,149,0,0,0,0,0,1.0,0.0,0,0.5569946765899658
2625,60,100,31,0,0,0,0,0,1.0,0.0,0,0.5686753392219543
2626,48,71,1,0,0,0,0,0,1.0,0.0,0,0.5049645304679871
2627,49,23,89,0,0,0,0,0,1.0,0.0,0,0.49393537640571594
2628,55,30,25,0,0,0,0,0,1.0,0.0,0,0.5406042337417603
2629,52,4,177,0,0,0,0,0,1.0,0.0,0,0.469298779964447
2630,52,22,170,0,0,0,0,0,1.0,0.0,0,0.4916825592517853
2631,35,115,67,0,0,0,0,0,1.0,0.0,0,0.5580600500106812
2632,45,49,72,0,0,0,0,0,1.0,0.0,0,0.4923368990421295
2633,44,79,12,0,0,0,0,0,1.0,0.0,0,0.43573036789894104
2634,61,109,192,0,0,0,0,0,1.0,0.0,0,0.43418043851852417
2635,14,95,110,0,0,0,0,0,1.0,0.0,0,0.4761107563972473
2636,10,92,66,0,0,0,0,0,1.0,0.0,0,0.514055073261261
2637,45,83,65,0,0,0,0,0,1.0,0.0,0,0.5566698908805847
2638,26,88,163,0,0,0,0,0,1.0,0.0,0,0.4988583028316498
2639,26,62,54,0,0,0,0,0,1.0,0.0,0,0.45312029123306274
2640,51,25,73,0,0,0,0,0,1.0,0.0,0,0.47482559084892273
2641,4,73,241,0,0,0,0,0,1.0,0.0,0,0.5330886840820312
2642,14,97,74,0,0,0,0,0,1.0,0.0,0,0.4843798577785492
2643,16,39,201,0,0,0,0,0,1.0,0.0,0,0.4660448431968689
2644,0,97,57,0,0,0,0,0,1.0,0.0,0,0.48962610960006714
2645,0,42,59,0,0,0,0,0,1.0,0.0,0,0.4734482765197754
2646,16,29,255,0,0,0,0,0,1.0,0.0,0,0.4729418456554413
2647,16,59,200,0,0,0,0,0,1.0,0.0,0,0.5382495522499084
2648,59,125,59,0,0,0,0,0,1.0,0.0,0,0.4845668375492096
2649,9,64,106,0,0,0,0,0,1.0,0.0,0,0.5217005610466003
2650,28,49,18,0,0,0,0,0,1.0,0.0,0,0.5237833261489868
2651,34,60,120,0,0,0,0,0,1.0,0.0,0,0.45210930705070496
2652,11,86,16,0,0,0,0,0,1.0,0.0,0,0.5008273124694824
2653,19,122,53,0,0,0,0,0,1.0,0.0,0,0.4770759046077728
2654,13,102,123,0,0,0,0,0,1.0,0.0,0,0.43488582968711853
2655,31,77,202,0,0,0,0,0,1.0,0.0,0,0.4629562795162201
2656,34,29,137,0,0,0,0,0,1.0,0.0,0,0.4906079173088074
2657,13,69,211,0,0,0,0,0,1.0,0.0,0,0.48734423518180847
2658,55,89,119,0,0,0,0,0,1.0,0.0,0,0.5588424801826477
2659,55,119,180,0,0,0,0,0,1.0,0.0,0,0.5382026433944702
2660,50,122,62,0,0,0,0,0,1.0,0.0,0,0.4638470411300659
2661,56,5,13,0,0,0,0,0,1.0,0.0,0,0.49217599630355835
2662,56,58,126,0,0,0,0,0,1.0,0.0,0,0.5096968412399292
2663,56,2,199,0,0,0,0,0,1.0,0.0,0,0.4363463521003723
2664,56,101,146,0,0,0,0,0,1.0,0.0,0,0.4595470726490021
2665,56,102,242,0,0,0,0,0,1.0,0.0,0,0.4726291298866272
2666,14,89,71,0,0,0,0,0,1.0,0.0,0,0.6047592163085938
2667,46,1,178,0,0,0,0,0,1.0,0.0,0,0.5520341396331787
2668,17,2,226,0,0,0,0,0,1.0,0.0,0,0.5149796605110168
2669,59,7,45,0,0,0,0,0,1.0,0.0,0,0.5569729804992676
2670,17,52,182,0,0,0,0,0,1.0,0.0,0,0.5528752207756042
2671,4,45,62,0,0,0,0,0,1.0,0.0,0,0.48929765820503235
2672,52,112,76,0,0,0,0,0,1.0,0.0,0,0.4416799247264862
2673,0,12,59,0,0,0,0,0,1.0,0.0,0,0.45803964138031006
2674,17,46,143,0,0,0,0,0,1.0,0.0,0,0.5159807205200195
2675,5,22,56,0,0,0,0,0,1.0,0.0,0,0.4771979749202728
2676,17,29,27,0,0,0,0,0,1.0,0.0,0,0.4356975853443146
2677,17,5,129,0,0,0,0,0,1.0,0.0,0,0.5575936436653137
2678,55,42,249,0,0,0,0,0,1.0,0.0,0,0.47522878646850586
2679,61,104,200,0,0,0,0,0,1.0,0.0,0,0.5090438723564148
2680,23,63,72,0,0,0,0,0,1.0,0.0,0,0.4855208694934845
2681,24,122,25,0,0,0,0,0,1.0,0.0,0,0.4701777696609497
2682,13,86,3,0,0,0,0,0,1.0,0.0,0,0.46867531538009644
2683,58,90,134,0,0,0,0,0,1.0,0.0,0,0.4268549978733063
2684,13,103,248,0,0,0,0,0,1.0,0.0,0,0.4774288535118103
2685,45,107,223,0,0,0,0,0,1.0,0.0,0,0.477453351020813
2686,4,94,76,0,0,0,0,0,1.0,0.0,0,0.47419536113739014
2687,14,96,79,0,0,0,0,0,1.0,0.0,0,0.5219831466674805
2688,55,72,107,0,0,0,0,0,1.0,0.0,0,0.5441864728927612
2689,20,44,163,0,0,0,0,0,1.0,0.0,0,0.5862830877304077
2690,43,61,82,0,0,0,0,0,1.0,0.0,0,0.47196826338768005
2691,55,33,173,0,0,0,0,0,1.0,0.0,0,0.5119861960411072
2692,43,56,142,0,0,0,0,0,1.0,0.0,0,0.5381891131401062
2693,43,61,152,0,0,0,0,0,1.0,0.0,0,0.47026684880256653
2694,2,56,160,0,0,0,0,0,1.0,0.0,0,0.5587878823280334
2695,46,24,254,0,0,0,0,0,1.0,0.0,0,0.5071847438812256
2696,24,73,16,0,0,0,0,0,1.0,0.0,0,0.5841224789619446
2697,30,91,199,0,0,0,0,0,1.0,0.0,0,0.4852496385574341
2698,38,85,176,0,0,0,0,0,1.0,0.0,0,0.49600672721862793
2699,46,94,185,0,0,0,0,0,1.0,0.0,0,0.49453285336494446
2700,14,124,203,0,0,0,0,0,1.0,0.0,0,0.5858170390129089
2701,14,15,28,0,0,0,0,0,1.0,0.41173387672795697,0,0.5390692353248596
2702,62,8,159,0,0,0,0,0,1.0,0.0,0,0.5204284191131592
2703,23,98,235,0,0,0,0,0,1.0,0.0,0,0.43356072902679443
2704,52,59,85,0,0,0,0,0,1.0,0.0,0,0.4707055687904358
2705,61,25,30,0,0,0,0,0,1.0,0.0,0,0.457108736038208
2706,5,46,64,0,0,0,0,0,1.0,0.0,0,0.5251914262771606
2707,47,31,115,0,0,0,0,0,1.0,0.0,0,0.5584459900856018
2708,14,73,153,0,0,0,0,0,1.0,0.0,0,0.5279198884963989
2709,11,116,58,0,0,0,0,0,1.0,0.0,0,0.4913237690925598
2710,54,99,222,0,0,0,0,0,1.0,0.0,0,0.5766244530677795
2711,52,47,91,0,0,0,0,0,1.0,0.0,0,0.5344220399856567
2712,16,70,192,0,0,0,0,0,1.0,0.0,0,0.5223071575164795
2713,24,57,36,0,0,0,0,0,1.0,0.0,0,0.5137704610824585
2714,0,100,30,0,0,0,0,0,1.0,0.0,0,0.4186753034591675
2715,16,92,126,0,0,0,0,0,1.0,0.0,0,0.5026169419288635
2716,14,1,243,0,0,0,0,0,1.0,0.0,0,0.5575506687164307
2717,43,7,60,0,0,0,0,0,1.0,0.0,0,0.5190914869308472
2718,5,89,192,0,0,0,0,0,1.0,0.0,0,0.5562231540679932
2719,43,105,224,0,0,0,0,0,1.0,0.0,0,0.5503924489021301
2720,14,72,65,0,0,0,0,0,1.0,0.0,0,0.5268295407295227
2721,46,121,203,0,0,0,0,0,1.0,0.0,0,0.5027468204498291
2722,58,107,46,0,0,0,0,0,1.0,0.0,0,0.45931872725486755
2723,61,102,34,0,0,0,0,0,1.0,0.0,0,0.47849640250205994
2724,14,34,227,0,0,0,0,0,1.0,0.2303011608215141,0,0.48983117938041687
2725,60,36,160,0,0,0,0,0,1.0,0.0,0,0.5717777609825134
2726,60,62,251,0,0,0,0,0,1.0,0.0,0,0.5651516318321228
2727,60,70,55,0,0,0,0,0,1.0,0.0,0,0.5214039087295532
2728,35,64,236,0,0,0,0,0,1.0,0.3658049812134469,0,0.4770154058933258
2729,60,63,159,0,0,0,0,0,1.0,0.0,0,0.5522386431694031
2730,13,91,177,0,0,0,0,0,1.0,0.0,0,0.44433140754699707
2731,58,15,65,0,0,0,0,0,1.0,0.0,0,0.42212986946105957
2732,61,92,186,0,0,0,0,0,1.0,0.0,0,0.47616755962371826
2733,54,113,158,0,0,0,0,0,1.0,0.0,0,0.4896566569805145
2734,34,88,23,0,0,0,0,0,1.0,0.0,0,0.5065906643867493
2735,13,4,146,0,0,0,0,0,1.0,0.0,0,0.49390509724617004
2736,28,120,26,0,0,0,0,0,1.0,0.0,0,0.5404058694839478
2737,23,98,236,0,0,0,0,0,1.0,0.0,0,0.4053076207637787
2738,5,115,106,0,0,0,0,0,1.0,0.0,0,0.5332211852073669
2739,13,48,116,0,0,0,0,0,1.0,0.0,0,0.47711849212646484
2740,1,68,91,0,0,0,0,0,1.0,0.0,0,0.446185439825058
2741,63,3,236,0,0,0,0,0,1.0,0.0,0,0.5485581159591675
2742,1,60,129,0,0,0,0,0,1.0,0.0,0,0.5028049945831299
2743,46,54,220,0,0,0,0,0,1.0,0.0,0,0.49974074959754944
2744,17,44,2,0,0,0,0,0,0.5,0.0,0,0.5338090062141418
2745,1,38,23,0,0,0,0,0,1.0,0.0,0,0.49585244059562683
2746,17,44,2,1,0,0,0,0,0.5,0.0,0,0.5338090062141418
2747,46,13,244,0,0,0,0,0,1.0,0.0,0,0.48902809619903564
2748,1,85,93,0,0,0,0,0,1.0,0.0,0,0.5299063920974731
2749,25,82,146,0,0,0,0,0,1.0,0.0,0,0.5462570786476135
2750,23,2,158,0,0,0,0,0,1.0,0.0,0,0.5052992701530457
2751,5,126,125,0,0,0,0,0,1.0,0.0,0,0.5687776207923889
2752,58,109,82,0,0,0,0,0,1.0,0.0,0,0.4568204879760742
2753,9,37,173,0,0,0,0,0,1.0,0.0,0,0.5060591101646423
2754,30,79,46,0,0,0,0,0,1.0,0.0,0,0.4863613247871399
2755,30,34,211,0,0,0,0,0,1.0,0.0,0,0.4226587414741516
2756,8,57,171,0,0,0,0,0,1.0,0.0,0,0.5238050222396851
2757,8,73,208,0,0,0,0,0,1.0,0.0,0,0.5598536729812622
2758,39,123,34,0,0,0,0,0,1.0,0.0,0,0.4482674300670624
2759,37,80,241,0,0,0,0,0,1.0,0.0,0,0.43077996373176575
2760,12,8,58,0,0,0,0,0,1.0,0.0,0,0.5993279814720154
2761,62,80,197,0,0,0,0,0,1.0,0.0,0,0.4840664863586426
2762,35,28,233,0,0,0,0,0,1.0,0.0,0,0.5536693334579468
2763,22,11,9,0,0,0,0,0,1.0,0.0,0,0.5155532956123352
2764,8,31,9,0,0,0,0,0,1.0,0.0,0,0.541581928730011
2765,54,30,51,0,0,0,0,0,1.0,0.0,0,0.4386206269264221
2766,31,2,185,0,0,0,0,0,1.0,0.0,0,0.4863024055957794
2767,31,62,2,0,0,0,0,0,1.0,0.0,0,0.5027707815170288
2768,24,73,26,0,0,0,0,0,1.0,0.0,0,0.565203070640564
2769,10,50,56,0,0,0,0,0,1.0,0.0,0,0.531582236289978
2770,6,25,213,0,0,0,0,0,1.0,0.0,0,0.503811776638031
2771,2,10,3,0,0,0,0,0,1.0,0.0,0,0.44254565238952637
2772,18,46,142,0,0,0,0,0,1.0,0.0,0,0.5229156017303467
2773,5,60,133,0,0,0,0,0,1.0,0.0,0,0.5438701510429382
2774,5,110,181,0,0,0,0,0,1.0,0.0,0,0.48883774876594543
2775,37,115,61,0,0,0,0,0,1.0,0.0,0,0.5264447331428528
2776,16,34,179,0,0,0,0,0,1.0,0.0,0,0.47104761004447937
2777,35,0,57,0,0,0,0,0,1.0,0.0,0,0.5583226084709167
2778,33,79,159,0,0,0,0,0,1.0,0.3633464642600605,0,0.5201324820518494
2779,19,92,4,0,0,0,0,0,1.0,0.0,0,0.4826297461986542
2780,62,33,110,0,0,0,0,0,1.0,0.0,0,0.5484223365783691
2781,0,27,248,0,0,0,0,0,1.0,0.0,0,0.5318850874900818
2782,37,21,27,0,0,0,0,0,1.0,0.0,0,0.5265524387359619
2783,47,69,1,0,0,0,0,0,1.0,0.0,0,0.4449695348739624
2784,40,116,200,0,0,0,0,0,1.0,0.0,0,0.5520140528678894
2785,4,41,40,0,0,0,0,0,1.0,0.0,0,0.5114396810531616
2786,8,88,154,0,0,0,0,0,1.0,0.0,0,0.5029204487800598
2787,12,111,89,0,0,0,0,0,1.0,0.0,0,0.5902292132377625
2788,5,103,117,0,0,0,0,0,1.0,0.0,0,0.5324716567993164
2789,58,90,236,0,0,0,0,0,1.0,0.0,0,0.40462803840637207
2790,19,97,110,0,0,0,0,0,1.0,0.0,0,0.6143321990966797
2791,23,120,73,0,0,0,0,0,1.0,0.0,0,0.4978795647621155
2792,4,39,90,0,0,0,0,0,1.0,0.0,0,0.49444472789764404
2793,34,46,116,0,0,0,0,0,1.0,0.0,0,0.4506513178348541
2794,58,88,241,0,0,0,0,0,1.0,0.0,0,0.4777410924434662
2795,44,119,59,0,0,0,0,0,1.0,0.0,0,0.5171927213668823
2796,10,123,50,0,0,0,0,0,1.0,0.0,0,0.4803876280784607
2797,2,75,16,0,0,0,0,0,1.0,0.0,0,0.4595726728439331
2798,27,49,253,0,0,0,0,0,1.0,0.0,0,0.47467857599258423
2799,30,88,92,0,0,0,0,0,1.0,0.0,0,0.45018333196640015
2800,20,34,45,0,0,0,0,0,1.0,0.0,0,0.45773255825042725
2801,52,51,200,0,0,0,0,0,1.0,0.0,0,0.5145995020866394
2802,46,87,226,0,0,0,0,0,1.0,0.0,0,0.5347002148628235
2803,61,23,163,0,0,0,0,0,1.0,0.0,0,0.5116344094276428
2804,46,1,19,0,0,0,0,0,1.0,0.0,0,0.49522480368614197
2805,31,42,107,0,0,0,0,0,1.0,0.0,0,0.5087424516677856
2806,31,96,214,0,0,0,0,0,1.0,0.0,0,0.5543477535247803
2807,32,37,114,0,0,0,0,0,1.0,0.0,0,0.5409205555915833
2808,63,57,41,0,0,0,0,0,1.0,0.0,0,0.5324745774269104
2809,54,40,175,0,0,0,0,0,1.0,0.0,0,0.5365090370178223
2810,31,12,155,0,0,0,0,0,1.0,0.0,0,0.5243219137191772
2811,31,67,59,0,0,0,0,0,1.0,0.0,0,0.4174892008304596
2812,34,47,122,0,0,0,0,0,1.0,0.0,0,0.49490833282470703
2813,47,107,109,0,0,0,0,0,1.0,0.0,0,0.42996639013290405
2814,53,69,99,0,0,0,0,0,1.0,0.0,0,0.47918418049812317
2815,39,53,200,0,0,0,0,0,1.0,0.0,0,0.5839030146598816
2816,48,102,185,0,0,0,0,0,1.0,0.0,0,0.4955020546913147
2817,18,23,7,0,0,0,0,0,1.0,0.0,0,0.5484445691108704
2818,2,92,48,0,0,0,0,0,1.0,0.0,0,0.4721147418022156
2819,62,56,235,0,0,0,0,0,1.0,0.0,0,0.6047495603561401
2820,35,43,189,0,0,0,0,0,1.0,0.0,0,0.48575103282928467
2821,57,120,70,0,0,0,0,0,1.0,0.0,0,0.5195668935775757
2822,57,85,219,0,0,0,0,0,1.0,0.0,0,0.4598262906074524
2823,3,68,57,0,0,0,0,0,1.0,0.0,0,0.5488568544387817
2824,41,5,117,0,0,0,0,0,1.0,0.0,0,0.5781031250953674
2825,0,38,191,0,0,0,0,0,1.0,0.0,0,0.47244566679000854
2826,8,114,163,0,0,0,0,0,1.0,0.0,0,0.5228474736213684
2827,33,66,115,0,0,0,0,0,1.0,0.0,0,0.5110211372375488
2828,32,67,224,0,0,0,0,0,1.0,0.0,0,0.45735809206962585
2829,0,63,1,0,0,0,0,0,1.0,0.0,0,0.41876307129859924
2830,24,58,23,0,0,0,0,0,1.0,0.37179622179758864,0,0.49676960706710815
2831,16,21,202,0,0,0,0,0,1.0,0.0,0,0.5425770878791809
2832,62,9,143,0,0,0,0,0,1.0,0.0,0,0.5171278119087219
2833,4,31,187,0,0,0,0,0,1.0,0.0,0,0.5064107179641724
2834,14,2,213,0,0,0,0,0,1.0,0.0,0,0.5450111031532288
2835,19,81,28,0,0,0,0,0,1.0,0.0,0,0.530487596988678
2836,62,92,84,0,0,0,0,0,1.0,0.0,0,0.5265176296234131
2837,42,73,130,0,0,0,0,0,1.0,0.0,0,0.5151129364967346
2838,62,72,117,0,0,0,0,0,1.0,0.0,0,0.47819533944129944
2839,62,0,242,0,0,0,0,0,1.0,0.0,0,0.5106205344200134
2840,17,15,125,0,0,0,0,0,1.0,0.0,0,0.4892466962337494
2841,62,76,170,0,0,0,0,0,1.0,0.0,0,0.5573779940605164
2842,34,47,206,0,0,0,0,0,1.0,0.0,0,0.5083725452423096
2843,16,12,188,0,0,0,0,0,1.0,0.0,0,0.5237866044044495
2844,61,48,133,0,0,0,0,0,1.0,0.0,0,0.46356967091560364
2845,23,30,201,0,0,0,0,0,1.0,0.0,0,0.49099355936050415
2846,5,2,101,0,0,0,0,0,1.0,0.0,0,0.4715210497379303
2847,4,5,87,0,0,0,0,0,1.0,0.0,0,0.47038155794143677
2848,63,100,81,0,0,0,0,0,1.0,0.0,0,0.46996715664863586
2849,31,67,108,0,0,0,0,0,1.0,0.0,0,0.47188398241996765
2850,24,30,33,0,0,0,0,0,1.0,0.0,0,0.5317366123199463
2851,13,113,96,0,0,0,0,0,0.3333333333333333,0.0,0,0.4604237377643585
2852,16,28,254,0,0,0,0,0,1.0,0.0,0,0.4756602942943573
2853,14,122,0,0,0,0,0,0,1.0,0.0,0,0.5267636775970459
2854,52,105,242,0,0,0,0,0,1.0,0.0,0,0.4471110999584198
2855,5,121,166,0,0,0,0,0,1.0,0.0,0,0.5185202360153198
2856,22,37,95,0,0,0,0,0,1.0,0.0,0,0.536597728729248
2857,28,103,151,0,0,0,0,0,1.0,0.0,0,0.5765587091445923
2858,2,24,84,0,0,0,0,0,1.0,0.0,0,0.5118898153305054
2859,19,100,185,0,0,0,0,0,1.0,0.0,0,0.5806728005409241
2860,18,14,150,0,0,0,0,0,1.0,0.0,0,0.4763983190059662
2861,9,91,246,0,0,0,0,0,1.0,0.0,0,0.5050647258758545
2862,3,80,187,0,0,0,0,0,1.0,0.0,0,0.44763267040252686
2863,14,116,199,0,0,0,0,0,1.0,0.0,0,0.5633053779602051
2864,38,84,179,0,0,0,0,0,1.0,0.0,0,0.5303793549537659
2865,49,26,240,0,0,0,0,0,1.0,0.0,0,0.4998050034046173
2866,58,34,236,0,0,0,0,0,1.0,0.0,0,0.45067137479782104
2867,57,53,211,0,0,0,0,0,1.0,0.0,0,0.45999136567115784
2868,55,22,216,0,0,0,0,0,1.0,0.0,0,0.5177070498466492
2869,49,63,1,0,0,0,0,0,1.0,0.0,0,0.5252196192741394
2870,53,81,158,0,0,0,0,0,1.0,0.0,0,0.5179582238197327
2871,29,42,189,0,0,0,0,0,1.0,0.0,0,0.44483697414398193
2872,29,28,17,0,0,0,0,0,1.0,0.0,0,0.40645739436149597
2873,29,124,162,0,0,0,0,0,1.0,0.0,0,0.4728173017501831
2874,41,9,107,0,0,0,0,0,1.0,0.0,0,0.45554155111312866
2875,41,52,222,0,0,0,0,0,1.0,0.0,0,0.5262384414672852
2876,3,64,140,0,0,0,0,0,1.0,0.0,0,0.502360999584198
2877,57,121,191,0,0,0,0,0,1.0,0.0,0,0.4522309899330139
2878,26,14,139,0,0,0,0,0,1.0,0.0,0,0.48772838711738586
2879,29,68,24,0,0,0,0,0,1.0,0.0,0,0.4235720932483673
2880,41,114,227,0,0,0,0,0,1.0,0.0,0,0.4545368254184723
2881,3,0,64,0,0,0,0,0,1.0,0.0,0,0.4772786796092987
2882,11,88,35,0,0,0,0,0,1.0,0.0,0,0.49076956510543823
2883,62,33,133,0,0,0,0,0,1.0,0.0,0,0.5025286078453064
2884,18,5,81,0,0,0,0,0,1.0,0.0,0,0.45421481132507324
2885,53,98,88,0,0,0,0,0,1.0,0.0,0,0.5100805759429932
2886,62,6,21,0,0,0,0,0,1.0,0.0,0,0.49744004011154175
2887,1,123,50,0,0,0,0,0,1.0,0.0,0,0.4907382130622864
2888,44,45,124,0,0,0,0,0,1.0,0.0,0,0.4729447662830353
2889,13,45,21,0,0,0,0,0,1.0,0.0,0,0.5339816808700562
2890,59,63,86,0,0,0,0,0,1.0,0.0,0,0.48679471015930176
2891,49,45,139,0,0,0,0,0,1.0,0.0,0,0.5021939277648926
2892,57,46,4,0,0,0,0,0,1.0,0.0,0,0.5061596632003784
2893,9,56,120,0,0,0,0,0,1.0,0.0,0,0.5617774724960327
2894,14,76,66,0,0,0,0,0,1.0,0.0,0,0.5267336964607239
2895,38,33,221,0,0,0,0,0,1.0,0.0,0,0.451134592294693
2896,0,38,73,0,0,0,0,0,1.0,0.0,0,0.451658695936203
2897,14,77,111,0,0,0,0,0,1.0,0.0,0,0.55606609582901
2898,42,3,171,0,0,0,0,0,1.0,0.0,0,0.5392981171607971
2899,50,12,43,0,0,0,0,0,1.0,0.34163436618284243,0,0.5009362697601318
2900,61,41,167,0,0,0,0,0,1.0,0.0,0,0.5795683860778809
2901,24,70,117,0,0,0,0,0,1.0,0.0,0,0.5017606616020203
2902,49,82,204,0,0,0,0,0,1.0,0.0,0,0.4686238765716553
2903,21,100,121,0,0,0,0,0,1.0,0.0,0,0.47355538606643677
2904,42,7,166,0,0,0,0,0,1.0,0.0,0,0.48657333850860596
2905,60,19,73,0,0,0,0,0,1.0,0.0,0,0.41057899594306946
2906,51,80,226,0,0,0,0,0,1.0,0.0,0,0.39340126514434814
2907,51,92,193,0,0,0,0,0,1.0,0.0,0,0.49027761816978455
2908,1,1,254,0,0,0,0,0,1.0,0.0,0,0.47594398260116577
2909,35,57,2,0,0,0,0,0,1.0,0.0,0,0.5101800560951233
2910,25,17,81,0,0,0,0,0,1.0,0.0,0,0.5023531913757324
2911,11,10,247,0,0,0,0,0,1.0,0.0,0,0.48110586404800415
2912,11,42,85,0,0,0,0,0,1.0,0.0,0,0.49451354146003723
2913,54,17,80,0,0,0,0,0,1.0,0.0,0,0.4742867648601532
2914,50,117,234,0,0,0,0,0,1.0,0.0,0,0.5146391987800598
2915,29,4,42,0,0,0,0,0,1.0,0.0,0,0.5020123720169067
2916,3,99,247,0,0,0,0,0,1.0,0.0,0,0.48567909002304077
2917,63,58,172,0,0,0,0,0,1.0,0.0,0,0.4597731828689575
2918,32,47,205,0,0,0,0,0,1.0,0.0,0,0.5470741987228394
2919,17,38,35,0,0,0,0,0,1.0,0.0,0,0.54435795545578
2920,22,31,118,0,0,0,0,0,1.0,0.0,0,0.5506072044372559
2921,17,40,3,0,0,0,0,0,1.0,0.0,0,0.48246634006500244
2922,10,68,174,0,0,0,0,0,1.0,0.0,0,0.5027614831924438
2923,1,55,53,0,0,0,0,0,1.0,0.0,0,0.5459383130073547
2924,44,20,65,0,0,0,0,0,1.0,0.0,0,0.49535077810287476
2925,32,62,50,0,0,0,0,0,1.0,0.0,0,0.44907858967781067
2926,44,74,60,0,0,0,0,0,1.0,0.0,0,0.45430031418800354
2927,63,57,178,0,0,0,0,0,1.0,0.0,0,0.4763159155845642
2928,52,70,183,0,0,0,0,0,1.0,0.0,0,0.5081917643547058
2929,7,12,140,0,0,0,0,0,1.0,0.0,0,0.5434526205062866
2930,43,117,148,0,0,0,0,0,1.0,0.0,0,0.5124268531799316
2931,46,42,73,0,0,0,0,0,1.0,0.0,0,0.47579118609428406
2932,34,113,139,0,0,0,0,0,1.0,0.0,0,0.4837700128555298
2933,44,72,207,0,0,0,0,0,1.0,0.0,0,0.5280963778495789
2934,34,48,123,0,0,0,0,0,1.0,0.0,0,0.5237525701522827
2935,48,92,36,0,0,0,0,0,1.0,0.0,0,0.5044090151786804
2936,10,59,249,0,0,0,0,0,1.0,0.0,0,0.5419586300849915
2937,54,84,34,0,0,0,0,0,1.0,0.0,0,0.5096510052680969
2938,27,111,17,0,0,0,0,0,1.0,0.0,0,0.4846295118331909
2939,50,15,254,0,0,0,0,0,1.0,0.0,0,0.4363616108894348
2940,3,20,208,0,0,0,0,0,1.0,0.0,0,0.5230588912963867
2941,29,101,26,0,0,0,0,0,1.0,0.0,0,0.44937559962272644
2942,58,78,225,0,0,0,0,0,1.0,0.0,0,0.5059899091720581
2943,14,17,145,0,0,0,0,0,1.0,0.0,0,0.5114498734474182
2944,7,98,27,0,0,0,0,0,1.0,0.0,0,0.5268003344535828
2945,28,34,3,0,0,0,0,0,1.0,0.0,0,0.462899386882782
2946,24,84,167,0,0,0,0,0,1.0,0.0,0,0.5027439594268799
2947,3,0,78,0,0,0,0,0,1.0,0.0,0,0.5473803281784058
2948,36,99,94,0,0,0,0,0,1.0,0.0,0,0.48207682371139526
2949,58,122,77,0,0,0,0,0,1.0,0.0,0,0.40627482533454895
2950,58,37,246,0,0,0,0,0,1.0,0.0,0,0.4994240403175354
2951,57,80,140,0,0,0,0,0,1.0,0.0,0,0.4558313488960266
2952,63,24,201,0,0,0,0,0,1.0,0.0,0,0.48982709646224976
2953,57,25,33,0,0,0,0,0,1.0,0.0,0,0.4922513961791992
2954,44,98,142,0,0,0,0,0,1.0,0.0,0,0.4679567515850067
2955,63,120,183,0,0,0,0,0,1.0,0.0,0,0.4985872805118561
2956,39,70,175,0,0,0,0,0,1.0,0.0,0,0.48427829146385193
2957,21,100,34,0,0,0,0,0,1.0,0.0,0,0.4532833993434906
2958,13,91,241,0,0,0,0,0,1.0,0.0,0,0.4871671199798584
2959,52,25,80,0,0,0,0,0,1.0,0.0,0,0.4997541606426239
2960,57,19,115,0,0,0,0,0,1.0,0.0,0,0.5763059854507446
2961,3,120,218,0,0,0,0,0,1.0,0.0,0,0.4679679274559021
2962,3,120,226,0,0,0,0,0,1.0,0.0,0,0.47645989060401917
2963,1,83,76,0,0,0,0,0,1.0,0.0,0,0.5902079343795776
2964,29,28,166,0,0,0,0,0,1.0,0.0,0,0.451784610748291
2965,56,63,58,0,0,0,0,0,1.0,0.0,0,0.47848787903785706
2966,56,40,47,0,0,0,0,0,1.0,0.0,0,0.48382019996643066
2967,56,29,133,0,0,0,0,0,1.0,0.0,0,0.4839683473110199
2968,51,109,118,0,0,0,0,0,1.0,0.0,0,0.47624751925468445
2969,51,107,144,0,0,0,0,0,1.0,0.0,0,0.47779759764671326
2970,9,34,50,0,0,0,0,0,1.0,0.0,0,0.5261476039886475
2971,14,96,123,0,0,0,0,0,1.0,0.0,0,0.5453633666038513
2972,32,63,194,0,0,0,0,0,1.0,0.0,0,0.47696152329444885
2973,6,32,8,0,0,0,0,0,1.0,0.0,0,0.4788511395454407
2974,32,65,231,0,0,0,0,0,1.0,0.0,0,0.5564908981323242
2975,32,94,177,0,0,0,0,0,1.0,0.0,0,0.5276956558227539
2976,44,30,241,0,0,0,0,0,1.0,0.0,0,0.4907037019729614
2977,9,115,145,0,0,0,0,0,1.0,0.0,0,0.4708274304866791
2978,9,22,166,0,0,0,0,0,1.0,0.0,0,0.5369698405265808
2979,56,94,200,0,0,0,0,0,1.0,0.0,0,0.45554324984550476
2980,34,89,206,0,0,0,0,0,1.0,0.0,0,0.5032594799995422
2981,11,69,196,0,0,0,0,0,1.0,0.0,0,0.4822652339935303
2982,38,1,60,0,0,0,0,0,1.0,0.0,0,0.5340117812156677
2983,58,105,233,0,0,0,0,0,1.0,0.0,0,0.48306769132614136
2984,59,87,224,0,0,0,0,0,1.0,0.0,0,0.509103000164032
2985,56,94,160,0,0,0,0,0,1.0,0.0,0,0.42113277316093445
2986,35,71,247,0,0,0,0,0,1.0,0.0,0,0.4559146463871002
2987,2,101,240,0,0,0,0,0,1.0,0.0,0,0.43401551246643066
2988,61,24,90,0,0,0,0,0,1.0,0.34780392759164996,0,0.5226332545280457
2989,41,50,245,0,0,0,0,0,1.0,0.0,0,0.5170550346374512
2990,3,99,167,0,0,0,0,0,1.0,0.0,0,0.4769626259803772
2991,11,94,174,0,0,0,0,0,1.0,0.0,0,0.47099006175994873
2992,29,29,59,0,0,0,0,0,1.0,0.0,0,0.42325079441070557
2993,29,5,251,0,0,0,0,0,1.0,0.0,0,0.4710331857204437
2994,30,88,86,0,0,0,0,0,1.0,0.0,0,0.4715631902217865
2995,55,111,27,0,0,0,0,0,1.0,0.0,0,0.4894779324531555
2996,30,21,0,0,0,0,0,0,1.0,0.4608202652188046,0,0.5630607604980469
2997,35,101,241,0,0,0,0,0,1.0,0.0,0,0.5145879983901978
2998,30,44,240,0,0,0,0,0,1.0,0.0,0,0.4627203643321991
2999,12,38,150,0,0,0,0,0,1.0,0.0,0,0.5515202283859253
3000,63,100,23,0,0,0,0,0,1.0,0.0,0,0.5052179098129272
3001,14,36,95,0,0,0,0,0,1.0,0.0,0,0.47173237800598145
3002,45,111,227,0,0,0,0,0,1.0,0.0,0,0.5324985980987549
3003,46,52,241,0,0,0,0,0,1.0,0.0,0,0.5101881623268127
3004,3,78,147,0,0,0,0,0,1.0,0.0,0,0.5287060141563416
3005,35,113,215,0,0,0,0,0,1.0,0.0,0,0.5281296968460083
3006,18,106,80,0,0,0,0,0,1.0,0.0,0,0.594577968120575
3007,49,94,163,0,0,0,0,0,1.0,0.0,0,0.4968285858631134
3008,47,56,178,0,0,0,0,0,1.0,0.0,0,0.5334407091140747
3009,49,64,132,0,0,0,0,0,1.0,0.0,0,0.4807005822658539
3010,52,71,172,0,0,0,0,0,1.0,0.0,0,0.42705026268959045
3011,34,85,22,0,0,0,0,0,1.0,0.0,0,0.5274724364280701
3012,61,109,151,0,0,0,0,0,1.0,0.0,0,0.48132064938545227
3013,29,84,86,0,0,0,0,0,1.0,0.0,0,0.4509938955307007
3014,29,17,171,0,0,0,0,0,1.0,0.0,0,0.423836350440979
3015,4,125,205,0,0,0,0,0,1.0,0.0,0,0.5143275260925293
3016,39,88,214,0,0,0,0,0,0.5,0.0,0,0.5362230539321899
3017,45,95,45,0,0,0,0,0,1.0,0.0,0,0.48706504702568054
3018,34,60,208,0,0,0,0,0,1.0,0.0,0,0.471385657787323
3019,46,114,243,0,0,0,0,0,1.0,0.0,0,0.4701922535896301
3020,46,54,91,0,0,0,0,0,1.0,0.0,0,0.4879186749458313
3021,55,92,157,0,0,0,0,0,1.0,0.0,0,0.5027607679367065
3022,37,53,230,0,0,0,0,0,1.0,0.0,0,0.5021646022796631
3023,10,57,242,0,0,0,0,0,1.0,0.0,0,0.5463767647743225
3024,42,20,92,0,0,0,0,0,1.0,0.0,0,0.5242370367050171
3025,62,34,255,0,0,0,0,0,1.0,0.0,0,0.5438967943191528
3026,4,41,31,0,0,0,0,0,1.0,0.0,0,0.5661027431488037
3027,2,11,215,0,0,0,0,0,1.0,0.0,0,0.5149074196815491
3028,0,32,63,0,0,0,0,0,1.0,0.0,0,0.4938872158527374
3029,0,2,3,0,0,0,0,0,1.0,0.0,0,0.473611980676651
3030,0,77,169,0,0,0,0,0,1.0,0.0,0,0.46682488918304443
3031,13,51,31,0,0,0,0,0,1.0,0.0,0,0.49920815229415894
3032,17,90,128,0,0,0,0,0,1.0,0.0,0,0.48455551266670227
3033,12,76,61,0,0,0,0,0,1.0,0.0,0,0.5434640049934387
3034,34,38,187,0,0,0,0,0,1.0,0.0,0,0.5015302300453186
3035,18,93,184,0,0,0,0,0,1.0,0.0,0,0.5043345093727112
3036,24,72,63,0,0,0,0,0,1.0,0.0,0,0.5049619674682617
3037,60,19,175,0,0,0,0,0,1.0,0.0,0,0.486877977848053
3038,61,79,219,0,0,0,0,0,1.0,0.0,0,0.5234923362731934
3039,14,94,174,0,0,0,0,0,1.0,0.0,0,0.5213103890419006
3040,13,68,104,0,0,0,0,0,1.0,0.0,0,0.4966718852519989
3041,33,56,5,0,0,0,0,0,1.0,0.0,0,0.5584672093391418
3042,59,23,183,0,0,0,0,0,1.0,0.0,0,0.523794412612915
3043,4,2,20,0,0,0,0,0,1.0,0.0,0,0.5024551749229431
3044,14,34,181,0,0,0,0,0,1.0,0.0,0,0.463621586561203
3045,4,6,130,0,0,0,0,0,1.0,0.0,0,0.40797269344329834
3046,59,68,19,0,0,0,0,0,1.0,0.0,0,0.46412259340286255
3047,38,122,59,0,0,0,0,0,1.0,0.0,0,0.507103443145752
3048,4,75,218,0,0,0,0,0,1.0,0.0,0,0.48691779375076294
3049,58,121,20,0,0,0,0,0,1.0,0.0,0,0.5483790636062622
3050,58,120,182,0,0,0,0,0,1.0,0.0,0,0.47669658064842224
3051,9,125,139,0,0,0,0,0,1.0,0.0,0,0.5537530183792114
3052,4,85,238,0,0,0,0,0,1.0,0.0,0,0.5015051960945129
3053,4,64,115,0,0,0,0,0,1.0,0.0,0,0.46687185764312744
3054,61,75,222,0,0,0,0,0,1.0,0.0,0,0.4579288065433502
3055,37,124,30,0,0,0,0,0,1.0,0.0,0,0.4981544315814972
3056,59,87,214,0,0,0,0,0,1.0,0.0,0,0.48464643955230713
3057,59,69,96,0,0,0,0,0,1.0,0.0,0,0.5530508756637573
3058,4,12,80,0,0,0,0,0,1.0,0.0,0,0.518454372882843
3059,4,19,241,0,0,0,0,0,1.0,0.0,0,0.5293598175048828
3060,4,0,153,0,0,0,0,0,1.0,0.0,0,0.49534517526626587
3061,0,15,133,0,0,0,0,0,1.0,0.0,0,0.45789358019828796
3062,17,64,80,0,0,0,0,0,1.0,0.0,0,0.48288848996162415
3063,38,85,148,0,0,0,0,0,1.0,0.0,0,0.4755500257015228
3064,9,77,1,0,0,0,0,0,1.0,0.33639840218586625,0,0.4988899827003479
3065,28,125,215,0,0,0,0,0,1.0,0.0,0,0.4985823631286621
3066,4,114,156,0,0,0,0,0,1.0,0.0,0,0.48098695278167725
3067,59,85,200,0,0,0,0,0,1.0,0.0,0,0.595837414264679
3068,21,16,101,0,0,0,0,0,1.0,0.0,0,0.4966468811035156
3069,13,91,131,0,0,0,0,0,1.0,0.0,0,0.4746215343475342
3070,13,27,133,0,0,0,0,0,0.5,0.0,0,0.41923874616622925
3071,13,27,133,1,0,0,0,0,0.5,0.0,0,0.41923874616622925
3072,42,73,4,0,0,0,0,0,1.0,0.0,0,0.5132917761802673
3073,0,9,23,0,0,0,0,0,1.0,0.0,0,0.4752613306045532
3074,16,45,184,0,0,0,0,0,1.0,0.0,0,0.43717947602272034
3075,4,78,144,0,0,0,0,0,1.0,0.0,0,0.5067921876907349
3076,16,80,202,0,0,0,0,0,1.0,0.0,0,0.5266045331954956
3077,4,46,14,0,0,0,0,0,1.0,0.0,0,0.5213134288787842
3078,16,101,134,0,0,0,0,0,1.0,0.0,0,0.46938270330429077
3079,61,49,209,0,0,0,0,0,1.0,0.0,0,0.46405866742134094
3080,61,102,6,0,0,0,0,0,1.0,0.0,0,0.4465126097202301
3081,52,25,30,0,0,0,0,0,1.0,0.0,0,0.5280177593231201
3082,46,105,250,0,0,0,0,0,1.0,0.0,0,0.4896462559700012
3083,48,57,109,0,0,0,0,0,1.0,0.0,0,0.5019848346710205
3084,23,90,207,0,0,0,0,0,1.0,0.0,0,0.4668304920196533
3085,42,1,133,0,0,0,0,0,1.0,0.0,0,0.4921490252017975
3086,52,67,44,0,0,0,0,0,1.0,0.0,0,0.482685387134552
3087,42,87,11,0,0,0,0,0,1.0,0.0,0,0.5488711595535278
3088,62,87,174,0,0,0,0,0,1.0,0.0,0,0.5104461908340454
3089,23,36,42,0,0,0,0,0,1.0,0.0,0,0.485866516828537
3090,62,107,32,0,0,0,0,0,1.0,0.0,0,0.5426713228225708
3091,62,33,148,0,0,0,0,0,1.0,0.0,0,0.4970243573188782
3092,42,87,46,0,0,0,0,0,1.0,0.0,0,0.5333095192909241
3093,62,82,77,0,0,0,0,0,1.0,0.0,0,0.5612280368804932
3094,32,18,15,0,0,0,0,0,1.0,0.0,0,0.5389983654022217
3095,39,26,166,0,0,0,0,0,1.0,0.0,0,0.4936051070690155
3096,10,61,64,0,0,0,0,0,1.0,0.0,0,0.5054405927658081
3097,49,113,125,0,0,0,0,0,1.0,0.0,0,0.5426463484764099
3098,26,51,113,0,0,0,0,0,1.0,0.0,0,0.4663551449775696
3099,44,77,140,0,0,0,0,0,1.0,0.0,0,0.5522555112838745
3100,61,45,30,0,0,0,0,0,1.0,0.0,0,0.5283946394920349
3101,17,115,89,0,0,0,0,0,1.0,0.0,0,0.5118435621261597
3102,33,2,2,0,0,0,0,0,1.0,0.0,0,0.44694143533706665
3103,38,15,132,0,0,0,0,0,1.0,0.0,0,0.4857895076274872
3104,13,124,104,0,0,0,0,0,1.0,0.0,0,0.4069722890853882
3105,58,109,183,0,0,0,0,0,1.0,0.0,0,0.48139700293540955
3106,51,63,86,0,0,0,0,0,1.0,0.0,0,0.45300495624542236
3107,51,79,21,0,0,0,0,0,1.0,0.0,0,0.5304137468338013
3108,30,102,20,0,0,0,0,0,1.0,0.0,0,0.45516300201416016
3109,30,65,203,0,0,0,0,0,1.0,0.0,0,0.5097171068191528
3110,20,44,173,0,0,0,0,0,1.0,0.0,0,0.5242852568626404
3111,46,120,22,0,0,0,0,0,1.0,0.0,0,0.5211428999900818
3112,11,117,53,0,0,0,0,0,1.0,0.0,0,0.4758448600769043
3113,10,84,209,0,0,0,0,0,1.0,0.0,0,0.4376389980316162
3114,10,41,11,0,0,0,0,0,1.0,0.0,0,0.5852444171905518
3115,49,108,26,0,0,0,0,0,1.0,0.0,0,0.5199828147888184
3116,2,101,175,0,0,0,0,0,1.0,0.0,0,0.45377352833747864
3117,49,18,80,0,0,0,0,0,1.0,0.0,0,0.5320847630500793
3118,39,40,73,0,0,0,0,0,1.0,0.0,0,0.4852067828178406
3119,47,37,23,0,0,0,0,0,1.0,0.0,0,0.5371293425559998
3120,45,26,146,0,0,0,0,0,1.0,0.0,0,0.4581230580806732
3121,39,71,41,0,0,0,0,0,1.0,0.0,0,0.47233131527900696
3122,40,48,45,0,0,0,0,0,1.0,0.0,0,0.5052186250686646
3123,53,101,214,0,0,0,0,0,1.0,0.0,0,0.4619646668434143
3124,26,98,217,0,0,0,0,0,1.0,0.0,0,0.4745834171772003
3125,11,19,51,0,0,0,0,0,1.0,0.0,0,0.4795617461204529
3126,33,72,46,0,0,0,0,0,1.0,0.0,0,0.5362500548362732
3127,40,74,9,0,0,0,0,0,1.0,0.0,0,0.4799977242946625
3128,31,63,238,0,0,0,0,0,1.0,0.0,0,0.45718860626220703
3129,53,118,249,0,0,0,0,0,1.0,0.0,0,0.5062336921691895
3130,8,103,240,0,0,0,0,0,1.0,0.0,0,0.5029110908508301
3131,49,123,24,0,0,0,0,0,1.0,0.0,0,0.4742337167263031
3132,8,106,99,0,0,0,0,0,1.0,0.0,0,0.5562970042228699
3133,49,76,55,0,0,0,0,0,1.0,0.0,0,0.48874208331108093
3134,55,26,138,0,0,0,0,0,1.0,0.0,0,0.562157154083252
3135,39,93,239,0,0,0,0,0,1.0,0.0,0,0.5422552824020386
3136,7,70,247,0,0,0,0,0,1.0,0.0,0,0.4935256838798523
3137,22,88,99,0,0,0,0,0,1.0,0.0,0,0.5293195247650146
3138,25,68,231,0,0,0,0,0,1.0,0.0,0,0.48561570048332214
3139,46,30,73,0,0,0,0,0,1.0,0.0,0,0.45261305570602417
3140,19,14,3,0,0,0,0,0,1.0,0.0,0,0.44056427478790283
3141,19,95,188,0,0,0,0,0,1.0,0.0,0,0.53094083070755
3142,42,76,217,0,0,0,0,0,1.0,0.0,0,0.5122172236442566
3143,13,100,67,0,0,0,0,0,1.0,0.0,0,0.5421690940856934
3144,18,35,255,0,0,0,0,0,1.0,0.0,0,0.44806724786758423
3145,53,103,15,0,0,0,0,0,1.0,0.0,0,0.41952386498451233
3146,5,57,232,0,0,0,0,0,1.0,0.0,0,0.5572984218597412
3147,18,32,254,0,0,0,0,0,1.0,0.0,0,0.5546692609786987
3148,24,125,62,0,0,0,0,0,1.0,0.0,0,0.47433793544769287
3149,44,39,179,0,0,0,0,0,1.0,0.0,0,0.5447614789009094
3150,20,68,144,0,0,0,0,0,1.0,0.0,0,0.4535577595233917
3151,41,59,196,0,0,0,0,0,1.0,0.0,0,0.5528426766395569
3152,13,101,15,0,0,0,0,0,1.0,0.0,0,0.4310791492462158
3153,38,105,16,0,0,0,0,0,1.0,0.0,0,0.5515569448471069
3154,3,62,38,0,0,0,0,0,1.0,0.0,0,0.4866556227207184
3155,54,107,204,0,0,0,0,0,1.0,0.0,0,0.5527528524398804
3156,12,126,201,0,0,0,0,0,1.0,0.0,0,0.5270366072654724
3157,32,108,80,0,0,0,0,0,1.0,0.0,0,0.5750741362571716
3158,61,6,182,0,0,0,0,0,1.0,0.0,0,0.500277042388916
3159,58,124,241,0,0,0,0,0,1.0,0.0,0,0.43479862809181213
3160,26,0,195,0,0,0,0,0,1.0,0.0,0,0.4515513777732849
3161,61,41,224,0,0,0,0,0,1.0,0.0,0,0.5566031336784363
3162,62,63,129,0,0,0,0,0,1.0,0.0,0,0.5201877951622009
3163,52,122,117,0,0,0,0,0,1.0,0.0,0,0.43176013231277466
3164,5,114,215,0,0,0,0,0,1.0,0.0,0,0.5149034261703491
3165,38,118,182,0,0,0,0,0,1.0,0.0,0,0.546245276927948
3166,38,118,190,0,0,0,0,0,1.0,0.0,0,0.5051378011703491
3167,59,86,12,0,0,0,0,0,1.0,0.0,0,0.5166881680488586
3168,7,12,19,0,0,0,0,0,1.0,0.0,0,0.5419653058052063
3169,49,37,161,0,0,0,0,0,1.0,0.0,0,0.4813784658908844
3170,62,110,127,0,0,0,0,0,1.0,0.0,0,0.5249350070953369
3171,23,22,102,0,0,0,0,0,1.0,0.0,0,0.474187433719635
3172,38,13,145,0,0,0,0,0,1.0,0.0,0,0.5969378352165222
3173,62,73,102,0,0,0,0,0,1.0,0.0,0,0.5418497920036316
3174,62,80,57,0,0,0,0,0,1.0,0.0,0,0.5302694439888
3175,62,85,8,0,0,0,0,0,1.0,0.0,0,0.5602625608444214
3176,40,43,141,0,0,0,0,0,1.0,0.33917110510957704,0,0.41855573654174805
3177,46,54,246,0,0,0,0,0,1.0,0.0,0,0.46420028805732727
3178,15,93,201,0,0,0,0,0,1.0,0.0,0,0.469259113073349
3179,63,98,81,0,0,0,0,0,1.0,0.0,0,0.4411097764968872
3180,23,85,177,0,0,0,0,0,1.0,0.0,0,0.48013442754745483
3181,60,61,116,0,0,0,0,0,1.0,0.0,0,0.49569931626319885
3182,2,97,97,0,0,0,0,0,1.0,0.0,0,0.4986848831176758
3183,22,55,225,0,0,0,0,0,1.0,0.0,0,0.5873168706893921
3184,56,106,198,0,0,0,0,0,1.0,0.0,0,0.5089043974876404
3185,38,10,151,0,0,0,0,0,1.0,0.0,0,0.4473016858100891
3186,7,39,82,0,0,0,0,0,1.0,0.0,0,0.512397050857544
3187,47,91,77,0,0,0,0,0,1.0,0.0,0,0.5581826567649841
3188,46,76,192,0,0,0,0,0,1.0,0.0,0,0.49652716517448425
3189,55,95,238,0,0,0,0,0,1.0,0.3579345531646615,0,0.5174462199211121
3190,61,72,230,0,0,0,0,0,1.0,0.0,0,0.45973896980285645
3191,49,69,23,0,0,0,0,0,1.0,0.0,0,0.513435959815979
3192,25,107,19,0,0,0,0,0,1.0,0.0,0,0.5252631306648254
3193,59,74,119,0,0,0,0,0,1.0,0.0,0,0.47516632080078125
3194,2,12,175,0,0,0,0,0,1.0,0.0,0,0.4731431007385254
3195,57,61,42,0,0,0,0,0,1.0,0.0,0,0.4708166718482971
3196,57,112,154,0,0,0,0,0,1.0,0.0,0,0.45786425471305847
3197,52,95,205,0,0,0,0,0,1.0,0.0,0,0.4601397216320038
3198,38,30,28,0,0,0,0,0,1.0,0.0,0,0.47698673605918884
3199,38,35,194,0,0,0,0,0,1.0,0.0,0,0.5341503620147705
3200,16,32,143,0,0,0,0,0,1.0,0.0,0,0.533677339553833
3201,10,111,179,0,0,0,0,0,1.0,0.0,0,0.4956754744052887
3202,7,5,237,0,0,0,0,0,1.0,0.0,0,0.5850231051445007
3203,59,66,11,0,0,0,0,0,1.0,0.0,0,0.5589333772659302
3204,50,87,64,0,0,0,0,0,1.0,0.0,0,0.4928698241710663
3205,31,55,254,0,0,0,0,0,1.0,0.0,0,0.5379687547683716
3206,9,73,39,0,0,0,0,0,1.0,0.0,0,0.5528824925422668
3207,43,101,219,0,0,0,0,0,1.0,0.0,0,0.4625856280326843
3208,14,94,181,0,0,0,0,0,1.0,0.0,0,0.4708081781864166
3209,1,29,35,0,0,0,0,0,1.0,0.0,0,0.4589052200317383
3210,52,14,186,0,0,0,0,0,1.0,0.0,0,0.46111178398132324
3211,52,98,141,0,0,0,0,0,1.0,0.0,0,0.48449382185935974
3212,36,94,17,0,0,0,0,0,1.0,0.0,0,0.4523199200630188
3213,56,120,51,0,0,0,0,0,1.0,0.0,0,0.5040938854217529
3214,56,106,5,0,0,0,0,0,1.0,0.0,0,0.5647072792053223
3215,24,37,9,0,0,0,0,0,1.0,0.0,0,0.514668881893158
3216,36,84,138,0,0,0,0,0,1.0,0.0,0,0.45505210757255554
3217,52,112,53,0,0,0,0,0,1.0,0.0,0,0.45481976866722107
3218,51,123,232,0,0,0,0,0,1.0,0.0,0,0.4911881685256958
3219,54,88,183,0,0,0,0,0,1.0,0.0,0,0.5046747326850891
3220,24,83,88,0,0,0,0,0,1.0,0.0,0,0.5047808289527893
3221,14,31,249,0,0,0,0,0,1.0,0.0,0,0.517407238483429
3222,5,78,162,0,0,0,0,0,1.0,0.0,0,0.446117103099823
3223,56,16,161,0,0,0,0,0,1.0,0.0,0,0.48468470573425293
3224,33,45,143,0,0,0,0,0,1.0,0.0,0,0.5374967455863953
3225,56,67,203,0,0,0,0,0,1.0,0.0,0,0.5382965207099915
3226,33,27,62,0,0,0,0,0,1.0,0.0,0,0.4421648681163788
3227,13,43,243,0,0,0,0,0,1.0,0.0,0,0.46112674474716187
3228,13,70,130,0,0,0,0,0,1.0,0.0,0,0.4325949251651764
3229,39,103,137,0,0,0,0,0,1.0,0.0,0,0.4780610501766205
3230,9,11,175,0,0,0,0,0,1.0,0.0,0,0.5607704520225525
3231,46,121,145,0,0,0,0,0,1.0,0.0,0,0.5289240479469299
3232,33,85,140,0,0,0,0,0,1.0,0.0,0,0.49643149971961975
3233,51,61,62,0,0,0,0,0,1.0,0.0,0,0.4356619417667389
3234,52,27,251,0,0,0,0,0,1.0,0.0,0,0.4514743983745575
3235,5,127,122,0,0,0,0,0,1.0,0.3461985581042027,0,0.4818425476551056
3236,15,88,157,0,0,0,0,0,1.0,0.0,0,0.4847067892551422
3237,14,93,124,0,0,0,0,0,1.0,0.0,0,0.5671921372413635
3238,7,78,59,0,0,0,0,0,1.0,0.0,0,0.5026681423187256
3239,48,37,45,0,0,0,0,0,1.0,0.0,0,0.5369391441345215
3240,7,105,59,0,0,0,0,0,1.0,0.0,0,0.4939959943294525
3241,14,77,45,0,0,0,0,0,0.5,0.0,0,0.5828462243080139
3242,5,109,64,0,0,0,0,0,1.0,0.0,0,0.5012974143028259
3243,23,98,117,0,0,0,0,0,1.0,0.0,0,0.43273240327835083
3244,5,76,253,0,0,0,0,0,1.0,0.0,0,0.47291871905326843
3245,38,43,212,0,0,0,0,0,1.0,0.0,0,0.4904286563396454
3246,59,105,160,0,0,0,0,0,1.0,0.0,0,0.6038368344306946
3247,20,122,161,0,0,0,0,0,1.0,0.0,0,0.46138185262680054
3248,5,12,245,0,0,0,0,0,1.0,0.0,0,0.5259495377540588
3249,13,22,193,0,0,0,0,0,1.0,0.0,0,0.49738070368766785
3250,43,16,60,0,0,0,0,0,1.0,0.0,0,0.5426350831985474
3251,8,115,14,0,0,0,0,0,1.0,0.0,0,0.5650056600570679
3252,27,73,165,0,0,0,0,0,1.0,0.0,0,0.5240904092788696
3253,15,91,189,0,0,0,0,0,1.0,0.0,0,0.4855164885520935
3254,50,2,166,0,0,0,0,0,1.0,0.0,0,0.47658735513687134
3255,15,19,156,0,0,0,0,0,1.0,0.0,0,0.4666961133480072
3256,7,51,113,0,0,0,0,0,1.0,0.0,0,0.5421892404556274
3257,16,104,78,0,0,0,0,0,1.0,0.0,0,0.46357017755508423
3258,3,69,60,0,0,0,0,0,1.0,0.0,0,0.5124009847640991
3259,5,6,75,0,0,0,0,0,1.0,0.0,0,0.4761342406272888
3260,1,16,83,0,0,0,0,0,1.0,0.0,0,0.4964422881603241
3261,1,29,135,0,0,0,0,0,1.0,0.0,0,0.45796799659729004
3262,40,100,251,0,0,0,0,0,1.0,0.0,0,0.46166136860847473
3263,31,22,19,0,0,0,0,0,1.0,0.0,0,0.44335508346557617
3264,31,3,45,0,0,0,0,0,1.0,0.0,0,0.479672372341156
3265,31,66,23,0,0,0,0,0,1.0,0.0,0,0.5056034922599792
3266,13,127,87,0,0,0,0,0,1.0,0.0,0,0.44767799973487854
3267,33,77,44,0,0,0,0,0,1.0,0.0,0,0.48954063653945923
3268,1,10,29,0,0,0,0,0,1.0,0.0,0,0.4839063584804535
3269,15,56,236,0,0,0,0,0,1.0,0.0,0,0.48121365904808044
3270,11,47,39,0,0,0,0,0,1.0,0.0,0,0.5536068677902222
3271,21,100,24,0,0,0,0,0,1.0,0.0,0,0.5465105772018433
3272,31,49,67,0,0,0,0,0,1.0,0.0,0,0.5098783373832703
3273,54,113,142,0,0,0,0,0,1.0,0.0,0,0.5472366809844971
3274,32,89,191,0,0,0,0,0,1.0,0.0,0,0.5635422468185425
3275,42,58,48,0,0,0,0,0,1.0,0.0,0,0.5591773986816406
3276,32,94,102,0,0,0,0,0,1.0,0.0,0,0.5768654942512512
3277,63,60,91,0,0,0,0,0,1.0,0.0,0,0.4770241975784302
3278,5,27,123,0,0,0,0,0,1.0,0.0,0,0.5002116560935974
3279,24,26,132,0,0,0,0,0,1.0,0.0,0,0.5067277550697327
3280,26,71,234,0,0,0,0,0,1.0,0.0,0,0.5020776391029358
3281,27,74,95,0,0,0,0,0,1.0,0.0,0,0.49650436639785767
3282,27,78,59,0,0,0,0,0,1.0,0.0,0,0.46280747652053833
3283,39,113,93,0,0,0,0,0,1.0,0.0,0,0.4937078654766083
3284,8,83,208,0,0,0,0,0,1.0,0.0,0,0.5260186791419983
3285,19,17,157,0,0,0,0,0,1.0,0.0,0,0.5333316922187805
3286,53,31,158,0,0,0,0,0,1.0,0.0,0,0.4929448962211609
3287,10,96,155,0,0,0,0,0,1.0,0.0,0,0.5621334910392761
3288,60,66,22,0,0,0,0,0,1.0,0.0,0,0.554386556148529
3289,53,58,130,0,0,0,0,0,1.0,0.0,0,0.45501482486724854
3290,53,22,143,0,0,0,0,0,1.0,0.0,0,0.5576056241989136
3291,9,75,188,0,0,0,0,0,1.0,0.0,0,0.48408588767051697
3292,44,18,192,0,0,0,0,0,1.0,0.0,0,0.5095683932304382
3293,53,13,192,0,0,0,0,0,1.0,0.0,0,0.5523399710655212
3294,14,93,219,0,0,0,0,0,1.0,0.0,0,0.5092931389808655
3295,39,57,170,0,0,0,0,0,1.0,0.0,0,0.4866675138473511
3296,37,77,51,0,0,0,0,0,1.0,0.0,0,0.4913685917854309
3297,54,71,228,0,0,0,0,0,1.0,0.0,0,0.5792912244796753
3298,3,27,58,0,0,0,0,0,1.0,0.0,0,0.5053526759147644
3299,21,103,117,0,0,0,0,0,1.0,0.0,0,0.5174480080604553
3300,14,2,178,0,0,0,0,0,1.0,0.0,0,0.5345947742462158
3301,42,5,109,0,0,0,0,0,1.0,0.0,0,0.47208505868911743
3302,13,119,113,0,0,0,0,0,1.0,0.0,0,0.4337773621082306
3303,44,118,114,0,0,0,0,0,1.0,0.0,0,0.5136464834213257
3304,47,29,102,0,0,0,0,0,1.0,0.0,0,0.46717143058776855
3305,58,67,237,0,0,0,0,0,1.0,0.0,0,0.5137607455253601
3306,46,10,126,0,0,0,0,0,1.0,0.31698529830849237,0,0.4869089126586914
3307,3,15,119,0,0,0,0,0,1.0,0.0,0,0.5116857290267944
3308,54,110,32,0,0,0,0,0,1.0,0.0,0,0.5992987155914307
3309,36,2,76,0,0,0,0,0,1.0,0.0,0,0.5054830312728882
3310,11,88,123,0,0,0,0,0,1.0,0.0,0,0.4628817141056061
3311,3,29,167,0,0,0,0,0,1.0,0.0,0,0.44306254386901855
3312,50,4,206,0,0,0,0,0,1.0,0.0,0,0.4975944459438324
3313,41,112,158,0,0,0,0,0,1.0,0.0,0,0.4691176414489746
3314,29,4,245,0,0,0,0,0,1.0,0.0,0,0.5130511522293091
3315,56,68,198,0,0,0,0,0,1.0,0.0,0,0.5300658941268921
3316,61,107,223,0,0,0,0,0,1.0,0.0,0,0.47382113337516785
3317,43,50,229,0,0,0,0,0,1.0,0.0,0,0.5848674178123474
3318,31,123,31,0,0,0,0,0,1.0,0.0,0,0.47636643052101135
3319,4,4,127,0,0,0,0,0,1.0,0.0,0,0.4971180260181427
3320,6,54,172,0,0,0,0,0,1.0,0.0,0,0.46906962990760803
3321,4,0,89,0,0,0,0,0,1.0,0.0,0,0.4942031502723694
3322,59,88,31,0,0,0,0,0,1.0,0.0,0,0.5305894017219543
3323,43,58,204,0,0,0,0,0,1.0,0.0,0,0.48472118377685547
3324,19,72,239,0,0,0,0,0,1.0,0.0,0,0.5385985374450684
3325,24,53,72,0,0,0,0,0,1.0,0.0,0,0.4974328279495239
3326,12,107,81,0,0,0,0,0,1.0,0.0,0,0.4601072669029236
3327,59,63,160,0,0,0,0,0,1.0,0.0,0,0.5283213257789612
3328,49,42,19,0,0,0,0,0,1.0,0.0,0,0.4986731708049774
3329,5,120,237,0,0,0,0,0,1.0,0.0,0,0.46734166145324707
3330,5,77,90,0,0,0,0,0,1.0,0.0,0,0.5301623940467834
3331,59,126,160,0,0,0,0,0,1.0,0.0,0,0.49054691195487976
3332,42,52,198,0,0,0,0,0,1.0,0.0,0,0.5005409121513367
3333,49,58,133,0,0,0,0,0,1.0,0.0,0,0.4418114125728607
3334,25,2,138,0,0,0,0,0,1.0,0.0,0,0.4552822709083557
3335,43,13,131,0,0,0,0,0,1.0,0.0,0,0.5429222583770752
3336,55,111,87,0,0,0,0,0,1.0,0.0,0,0.5049781799316406
3337,28,53,163,0,0,0,0,0,1.0,0.0,0,0.5290465950965881
3338,42,21,43,0,0,0,0,0,1.0,0.0,0,0.4858958125114441
3339,35,73,65,0,0,0,0,0,1.0,0.0,0,0.5007930994033813
3340,23,24,147,0,0,0,0,0,1.0,0.0,0,0.48973584175109863
3341,61,83,240,0,0,0,0,0,1.0,0.0,0,0.5163659453392029
3342,22,121,179,0,0,0,0,0,1.0,0.0,0,0.5260093808174133
3343,44,110,253,0,0,0,0,0,1.0,0.0,0,0.4981788992881775
3344,36,125,131,0,0,0,0,0,1.0,0.0,0,0.420133113861084
3345,17,85,204,0,0,0,0,0,1.0,0.0,0,0.5535759925842285
3346,52,109,231,0,0,0,0,0,1.0,0.0,0,0.44673553109169006
3347,34,103,75,0,0,0,0,0,1.0,0.0,0,0.5014687776565552
3348,46,17,45,0,0,0,0,0,1.0,0.0,0,0.5009058117866516
3349,42,112,172,0,0,0,0,0,1.0,0.0,0,0.47169074416160583
3350,49,51,39,0,0,0,0,0,1.0,0.0,0,0.5390127897262573
3351,62,23,190,0,0,0,0,0,1.0,0.0,0,0.5119721293449402
3352,24,28,246,0,0,0,0,0,1.0,0.0,0,0.5119329690933228
3353,8,0,0,0,0,0,0,0,1.0,0.0,0,0.4998586177825928
3354,43,30,42,0,0,0,0,0,1.0,0.0,0,0.4762686491012573
3355,5,117,165,0,0,0,0,0,1.0,0.0,0,0.48944029211997986
3356,47,5,233,0,0,0,0,0,1.0,0.0,0,0.5063003301620483
3357,42,113,15,0,0,0,0,0,1.0,0.0,0,0.4922473132610321
3358,24,65,122,0,0,0,0,0,1.0,0.0,0,0.5042151212692261
3359,62,87,117,0,0,0,0,0,1.0,0.0,0,0.5005835890769958
3360,7,56,22,0,0,0,0,0,1.0,0.0,0,0.5779864192008972
3361,63,43,116,0,0,0,0,0,1.0,0.0,0,0.5471764206886292
3362,60,115,56,0,0,0,0,0,1.0,0.43268331896668055,0,0.5273094177246094
3363,23,1,63,0,0,0,0,0,1.0,0.0,0,0.4841253459453583
3364,62,41,226,0,0,0,0,0,1.0,0.0,0,0.5651881694793701
3365,42,85,100,0,0,0,0,0,1.0,0.0,0,0.5672674775123596
3366,62,9,45,0,0,0,0,0,1.0,0.0,0,0.5321018695831299
3367,36,54,234,0,0,0,0,0,1.0,0.0,0,0.4588821232318878
3368,42,85,181,0,0,0,0,0,1.0,0.0,0,0.5924407839775085
3369,51,104,76,0,0,0,0,0,1.0,0.0,0,0.4795374274253845
3370,27,32,149,0,0,0,0,0,1.0,0.0,0,0.5177204012870789
3371,27,29,117,0,0,0,0,0,1.0,0.0,0,0.4816824495792389
3372,62,99,133,0,0,0,0,0,1.0,0.0,0,0.5280504822731018
3373,46,56,120,0,0,0,0,0,1.0,0.0,0,0.5223516821861267
3374,50,88,128,0,0,0,0,0,1.0,0.0,0,0.47293609380722046
3375,48,17,109,0,0,0,0,0,1.0,0.0,0,0.5582000613212585
3376,3,109,176,0,0,0,0,0,1.0,0.0,0,0.5380169153213501
3377,0,100,2,0,0,0,0,0,1.0,0.0,0,0.49519631266593933
3378,30,67,218,0,0,0,0,0,1.0,0.0,0,0.4880243241786957
3379,61,51,87,0,0,0,0,0,1.0,0.0,0,0.4635778069496155
3380,40,59,72,0,0,0,0,0,1.0,0.0,0,0.5095650553703308
3381,4,31,87,0,0,0,0,0,1.0,0.0,0,0.5272420644760132
3382,59,72,132,0,0,0,0,0,1.0,0.0,0,0.5494179129600525
3383,20,44,241,0,0,0,0,0,1.0,0.0,0,0.5074681043624878
3384,37,113,153,0,0,0,0,0,1.0,0.0,0,0.521445095539093
3385,43,46,224,0,0,0,0,0,1.0,0.0,0,0.48817774653434753
3386,34,29,188,0,0,0,0,0,1.0,0.0,0,0.459522008895874
3387,61,6,135,0,0,0,0,0,1.0,0.0,0,0.5090920925140381
3388,16,79,208,0,0,0,0,0,1.0,0.0,0,0.532620370388031
3389,0,121,48,0,0,0,0,0,1.0,0.0,0,0.49925485253334045
3390,34,122,95,0,0,0,0,0,1.0,0.0,0,0.4778454005718231
3391,46,73,47,0,0,0,0,0,1.0,0.0,0,0.4667319655418396
3392,36,14,73,0,0,0,0,0,1.0,0.0,0,0.44592300057411194
3393,1,82,218,0,0,0,0,0,1.0,0.0,0,0.4873327314853668
3394,54,53,131,0,0,0,0,0,1.0,0.0,0,0.4647809565067291
3395,56,94,119,0,0,0,0,0,1.0,0.0,0,0.5088135004043579
3396,14,54,63,0,0,0,0,0,1.0,0.0,0,0.47256630659103394
3397,41,103,202,0,0,0,0,0,1.0,0.0,0,0.5135131478309631
3398,6,102,183,0,0,0,0,0,1.0,0.36557290344655086,0,0.5199573040008545
3399,5,96,242,0,0,0,0,0,1.0,0.0,0,0.5415762066841125
3400,44,39,141,0,0,0,0,0,1.0,0.0,0,0.5229479074478149
3401,13,30,70,0,0,0,0,0,1.0,0.0,0,0.443562388420105
3402,57,46,157,0,0,0,0,0,1.0,0.0,0,0.4802148640155792
3403,18,79,105,0,0,0,0,0,1.0,0.0,0,0.5500175356864929
3404,59,72,169,0,0,0,0,0,1.0,0.0,0,0.4982497990131378
3405,10,18,116,0,0,0,0,0,1.0,0.0,0,0.6230462193489075
3406,19,13,98,0,0,0,0,0,1.0,0.0,0,0.5429794788360596
3407,63,29,124,0,0,0,0,0,1.0,0.0,0,0.4312576353549957
3408,10,12,177,0,0,0,0,0,1.0,0.0,0,0.5771439671516418
3409,62,36,222,0,0,0,0,0,1.0,0.0,0,0.6092525720596313
3410,6,67,89,0,0,0,0,0,1.0,0.0,0,0.4885978102684021
3411,52,115,248,0,0,0,0,0,1.0,0.0,0,0.525506317615509
3412,22,33,103,0,0,0,0,0,1.0,0.0,0,0.4907606244087219
3413,22,116,39,0,0,0,0,0,1.0,0.0,0,0.5489251613616943
3414,35,24,100,0,0,0,0,0,1.0,0.0,0,0.5361559987068176
3415,22,31,204,0,0,0,0,0,1.0,0.0,0,0.545439600944519
3416,42,102,53,0,0,0,0,0,1.0,0.0,0,0.5155676007270813
3417,3,91,5,0,0,0,0,0,1.0,0.0,0,0.567047655582428
3418,46,52,126,0,0,0,0,0,1.0,0.0,0,0.4840323328971863
3419,39,114,129,0,0,0,0,0,1.0,0.0,0,0.46313172578811646
3420,33,103,190,0,0,0,0,0,1.0,0.0,0,0.42544299364089966
3421,17,122,12,0,0,0,0,0,1.0,0.0,0,0.5303314328193665
3422,17,80,241,0,0,0,0,0,1.0,0.0,0,0.4906676113605499
3423,9,26,19,0,0,0,0,0,1.0,0.0,0,0.46100035309791565
3424,17,124,25,0,0,0,0,0,1.0,0.0,0,0.5491135120391846
3425,51,64,248,0,0,0,0,0,1.0,0.0,0,0.43252065777778625
3426,61,109,224,0,0,0,0,0,1.0,0.3197770228546949,0,0.48777225613594055
3427,37,71,232,0,0,0,0,0,1.0,0.0,0,0.4545888304710388
3428,0,76,108,0,0,0,0,0,1.0,0.0,0,0.470205694437027
3429,42,52,227,0,0,0,0,0,1.0,0.0,0,0.5304437875747681
3430,42,120,17,0,0,0,0,0,1.0,0.0,0,0.4827437102794647
3431,30,114,190,0,0,0,0,0,1.0,0.0,0,0.411433607339859
3432,22,2,228,0,0,0,0,0,1.0,0.0,0,0.5351557731628418
3433,38,110,27,0,0,0,0,0,1.0,0.0,0,0.4910885989665985
3434,2,61,219,0,0,0,0,0,1.0,0.0,0,0.4110065996646881
3435,19,39,10,0,0,0,0,0,1.0,0.0,0,0.5405003428459167
3436,12,0,254,0,0,0,0,0,1.0,0.0,0,0.477378249168396
3437,42,9,134,0,0,0,0,0,1.0,0.0,0,0.5028720498085022
3438,37,120,16,0,0,0,0,0,1.0,0.0,0,0.4740142524242401
3439,42,80,235,0,0,0,0,0,1.0,0.0,0,0.5194159746170044
3440,19,57,144,0,0,0,0,0,1.0,0.0,0,0.5811631083488464
3441,38,60,84,0,0,0,0,0,1.0,0.0,0,0.5097009539604187
3442,18,55,25,0,0,0,0,0,1.0,0.0,0,0.48077651858329773
3443,54,125,167,0,0,0,0,0,1.0,0.0,0,0.5401400923728943
3444,62,76,28,0,0,0,0,0,1.0,0.0,0,0.5825043320655823
3445,61,57,158,0,0,0,0,0,1.0,0.0,0,0.44949108362197876
3446,19,70,208,0,0,0,0,0,1.0,0.0,0,0.5133160948753357
3447,33,62,24,0,0,0,0,0,1.0,0.0,0,0.5235999822616577
3448,53,59,238,0,0,0,0,0,1.0,0.0,0,0.4250088334083557
3449,42,103,87,0,0,0,0,0,1.0,0.0,0,0.4763214886188507
3450,42,25,217,0,0,0,0,0,1.0,0.0,0,0.5669708251953125
3451,24,38,60,0,0,0,0,0,1.0,0.0,0,0.5374100208282471
3452,24,96,183,0,0,0,0,0,1.0,0.0,0,0.5520238280296326
3453,23,124,255,0,0,0,0,0,1.0,0.0,0,0.48337262868881226
3454,60,19,235,0,0,0,0,0,1.0,0.0,0,0.4228218197822571
3455,14,81,207,0,0,0,0,0,1.0,0.0,0,0.5040188431739807
3456,34,104,255,0,0,0,0,0,1.0,0.0,0,0.4676128327846527
3457,57,104,15,0,0,0,0,0,1.0,0.0,0,0.4896271228790283
3458,57,54,135,0,0,0,0,0,1.0,0.0,0,0.5566598773002625
3459,57,50,27,0,0,0,0,0,1.0,0.0,0,0.4570079445838928
3460,57,77,150,0,0,0,0,0,1.0,0.0,0,0.5041018724441528
3461,29,10,134,0,0,0,0,0,1.0,0.0,0,0.49766576290130615
3462,10,97,0,0,0,0,0,0,1.0,0.3970265977539901,0,0.5597214102745056
3463,10,40,17,0,0,0,0,0,1.0,0.0,0,0.5587090253829956
3464,36,64,84,0,0,0,0,0,1.0,0.0,0,0.4836806356906891
3465,11,83,178,0,0,0,0,0,1.0,0.0,0,0.48197901248931885
3466,18,28,181,0,0,0,0,0,1.0,0.0,0,0.5666210055351257
3467,24,70,216,0,0,0,0,0,1.0,0.0,0,0.515794575214386
3468,14,11,188,0,0,0,0,0,1.0,0.0,0,0.5384601950645447
3469,46,10,97,0,0,0,0,0,1.0,0.0,0,0.45269569754600525
3470,32,19,16,0,0,0,0,0,1.0,0.0,0,0.49490976333618164
3471,58,61,145,0,0,0,0,0,1.0,0.0,0,0.4486906826496124
3472,1,25,245,0,0,0,0,0,1.0,0.0,0,0.5205410122871399
3473,28,18,219,0,0,0,0,0,1.0,0.0,0,0.5369062423706055
3474,28,18,125,0,0,0,0,0,1.0,0.0,0,0.5366696119308472
3475,7,101,2,0,0,0,0,0,1.0,0.0,0,0.4608946144580841
3476,51,74,187,0,0,0,0,0,1.0,0.0,0,0.4272640347480774
3477,34,12,246,0,0,0,0,0,1.0,0.0,0,0.5109195113182068
3478,13,98,76,0,0,0,0,0,1.0,0.0,0,0.48894253373146057
3479,56,63,27,0,0,0,0,0,1.0,0.0,0,0.48317188024520874
3480,21,13,228,0,0,0,0,0,1.0,0.0,0,0.6582377552986145
3481,56,103,123,0,0,0,0,0,1.0,0.0,0,0.4938288629055023
3482,13,122,102,0,0,0,0,0,1.0,0.0,0,0.4728572368621826
3483,49,63,193,0,0,0,0,0,1.0,0.0,0,0.47394832968711853
3484,4,29,166,0,0,0,0,0,1.0,0.0,0,0.46951982378959656
3485,16,18,134,0,0,0,0,0,1.0,0.0,0,0.5075295567512512
3486,49,64,243,0,0,0,0,0,1.0,0.0,0,0.4666941165924072
3487,5,42,194,0,0,0,0,0,1.0,0.0,0,0.5148420929908752
3488,24,96,188,0,0,0,0,0,1.0,0.0,0,0.5467650890350342
3489,4,46,238,0,0,0,0,0,1.0,0.0,0,0.4825885593891144
3490,30,27,117,0,0,0,0,0,1.0,0.0,0,0.44021880626678467
3491,63,90,107,0,0,0,0,0,1.0,0.0,0,0.5836831331253052
3492,32,63,167,0,0,0,0,0,1.0,0.0,0,0.5309892892837524
3493,48,87,45,0,0,0,0,0,1.0,0.0,0,0.5078685879707336
3494,43,46,113,0,0,0,0,0,1.0,0.0,0,0.5203529596328735
3495,14,105,192,0,0,0,0,0,1.0,0.0,0,0.550026535987854
3496,17,51,208,0,0,0,0,0,1.0,0.0,0,0.4821092188358307
3497,24,37,166,0,0,0,0,0,1.0,0.0,0,0.5355494022369385
3498,8,62,238,0,0,0,0,0,1.0,0.0,0,0.5634150505065918
3499,38,94,93,0,0,0,0,0,1.0,0.0,0,0.5208722352981567
3500,56,89,4,0,0,0,0,0,1.0,0.0,0,0.49806249141693115
3501,56,112,235,0,0,0,0,0,1.0,0.0,0,0.5237480998039246
3502,62,98,45,0,0,0,0,0,1.0,0.0,0,0.5288485288619995
3503,51,68,52,0,0,0,0,0,1.0,0.0,0,0.4254387319087982
3504,22,61,252,0,0,0,0,0,1.0,0.0,0,0.4857659339904785
3505,22,105,73,0,0,0,0,0,1.0,0.0,0,0.49755561351776123
3506,44,100,114,0,0,0,0,0,1.0,0.0,0,0.5760940313339233
3507,35,88,116,0,0,0,0,0,1.0,0.0,0,0.5213289856910706
3508,22,88,230,0,0,0,0,0,1.0,0.0,0,0.5491327047348022
3509,27,68,115,0,0,0,0,0,1.0,0.0,0,0.4865230321884155
3510,42,38,65,0,0,0,0,0,1.0,0.0,0,0.5073789954185486
3511,54,82,107,0,0,0,0,0,1.0,0.0,0,0.5456239581108093
3512,55,91,232,0,0,0,0,0,1.0,0.0,0,0.5371612310409546
3513,26,95,165,0,0,0,0,0,1.0,0.0,0,0.5488708019256592
3514,56,10,132,0,0,0,0,0,1.0,0.0,0,0.47265157103538513
3515,56,49,129,0,0,0,0,0,1.0,0.0,0,0.4791474938392639
3516,22,36,111,0,0,0,0,0,1.0,0.0,0,0.5551849007606506
3517,61,41,120,0,0,0,0,0,1.0,0.0,0,0.5421838164329529
3518,56,93,206,0,0,0,0,0,1.0,0.0,0,0.5379798412322998
3519,6,33,49,0,0,0,0,0,1.0,0.0,0,0.5449312329292297
3520,52,13,109,0,0,0,0,0,1.0,0.0,0,0.49259161949157715
3521,9,22,63,0,0,0,0,0,1.0,0.0,0,0.5789046883583069
3522,23,116,192,0,0,0,0,0,1.0,0.0,0,0.5286561250686646
3523,34,91,215,0,0,0,0,0,1.0,0.0,0,0.5427005290985107
3524,50,125,11,0,0,0,0,0,1.0,0.0,0,0.5136343836784363
3525,47,69,113,0,0,0,0,0,1.0,0.0,0,0.48432180285453796
3526,16,40,183,0,0,0,0,0,1.0,0.0,0,0.5297406315803528
3527,4,68,127,0,0,0,0,0,1.0,0.0,0,0.4879204332828522
3528,35,64,111,0,0,0,0,0,1.0,0.0,0,0.524665355682373
3529,5,121,74,0,0,0,0,0,1.0,0.0,0,0.5003061890602112
3530,5,122,136,0,0,0,0,0,1.0,0.0,0,0.49024149775505066
3531,38,44,166,0,0,0,0,0,1.0,0.0,0,0.5417115092277527
3532,0,115,179,0,0,0,0,0,1.0,0.0,0,0.4693067967891693
3533,0,80,172,0,0,0,0,0,1.0,0.0,0,0.45404163002967834
3534,4,117,15,0,0,0,0,0,1.0,0.0,0,0.47564151883125305
3535,57,33,186,0,0,0,0,0,1.0,0.0,0,0.49614211916923523
3536,11,31,31,0,0,0,0,0,1.0,0.0,0,0.4686579704284668
3537,8,17,99,0,0,0,0,0,1.0,0.0,0,0.49421656131744385
3538,58,28,16,0,0,0,0,0,1.0,0.0,0,0.4297797977924347
3539,30,51,93,0,0,0,0,0,1.0,0.0,0,0.48622971773147583
3540,9,87,129,0,0,0,0,0,1.0,0.0,0,0.5650831460952759
3541,4,39,49,0,0,0,0,0,1.0,0.0,0,0.5195091962814331
3542,59,107,68,0,0,0,0,0,1.0,0.0,0,0.523101806640625
3543,51,52,141,0,0,0,0,0,1.0,0.0,0,0.49959707260131836
3544,43,109,113,0,0,0,0,0,1.0,0.0,0,0.5598166584968567
3545,49,127,197,0,0,0,0,0,1.0,0.0,0,0.4977007210254669
3546,35,82,34,0,0,0,0,0,1.0,0.0,0,0.4807704985141754
3547,1,78,154,0,0,0,0,0,1.0,0.0,0,0.49757125973701477
3548,42,80,86,0,0,0,0,0,1.0,0.0,0,0.49028638005256653
3549,10,49,253,0,0,0,0,0,1.0,0.0,0,0.5162444710731506
3550,58,122,180,0,0,0,0,0,1.0,0.0,0,0.5029717087745667
3551,20,100,198,0,0,0,0,0,1.0,0.0,0,0.5210580229759216
3552,60,12,218,0,0,0,0,0,1.0,0.0,0,0.5335208773612976
3553,63,83,239,0,0,0,0,0,1.0,0.0,0,0.5473459362983704
3554,42,111,167,0,0,0,0,0,1.0,0.0,0,0.5782926082611084
3555,60,122,190,0,0,0,0,0,1.0,0.0,0,0.5016406178474426
3556,25,58,5,0,0,0,0,0,1.0,0.0,0,0.4965277910232544
3557,12,78,15,0,0,0,0,0,1.0,0.39071382000153565,0,0.5205862522125244
3558,62,42,242,0,0,0,0,0,1.0,0.0,0,0.5474345088005066
3559,7,50,235,0,0,0,0,0,1.0,0.0,0,0.469291627407074
3560,16,109,210,0,0,0,0,0,1.0,0.0,0,0.5019598007202148
3561,59,123,217,0,0,0,0,0,1.0,0.0,0,0.5277007222175598
3562,52,23,213,0,0,0,0,0,1.0,0.0,0,0.4789546728134155
3563,0,15,22,0,0,0,0,0,1.0,0.0,0,0.45474645495414734
3564,36,43,31,0,0,0,0,0,1.0,0.0,0,0.5145692825317383
3565,16,35,3,0,0,0,0,0,1.0,0.0,0,0.4870855212211609
3566,9,5,74,0,0,0,0,0,1.0,0.0,0,0.49586012959480286
3567,4,75,110,0,0,0,0,0,1.0,0.0,0,0.4865097999572754
3568,56,40,179,0,0,0,0,0,1.0,0.0,0,0.6083256602287292
3569,52,62,34,0,0,0,0,0,1.0,0.0,0,0.4861782491207123
3570,47,34,57,0,0,0,0,0,1.0,0.0,0,0.4487377405166626
3571,54,65,108,0,0,0,0,0,1.0,0.0,0,0.5281504392623901
3572,39,89,133,0,0,0,0,0,1.0,0.0,0,0.4867722690105438
3573,53,32,238,0,0,0,0,0,1.0,0.0,0,0.45545026659965515
3574,39,123,100,0,0,0,0,0,1.0,0.0,0,0.5042439699172974
3575,20,100,68,0,0,0,0,0,1.0,0.0,0,0.5447437763214111
3576,11,10,169,0,0,0,0,0,1.0,0.0,0,0.48987194895744324
3577,13,125,137,0,0,0,0,0,1.0,0.0,0,0.4641231596469879
3578,16,117,177,0,0,0,0,0,1.0,0.0,0,0.4282561242580414
3579,59,91,19,0,0,0,0,0,1.0,0.0,0,0.5435072779655457
3580,12,29,123,0,0,0,0,0,1.0,0.0,0,0.5686303377151489
3581,9,52,21,0,0,0,0,0,1.0,0.0,0,0.5163522958755493
3582,5,42,199,0,0,0,0,0,1.0,0.0,0,0.5082399845123291
3583,5,31,64,0,0,0,0,0,1.0,0.0,0,0.5258238911628723
3584,5,8,253,0,0,0,0,0,1.0,0.0,0,0.47019779682159424
3585,36,13,178,0,0,0,0,0,1.0,0.0,0,0.43554604053497314
3586,33,77,175,0,0,0,0,0,1.0,0.0,0,0.4906853139400482
3587,5,54,7,0,0,0,0,0,1.0,0.3932278147090578,0,0.5204578042030334
3588,4,65,163,0,0,0,0,0,1.0,0.0,0,0.5502935647964478
3589,5,81,106,0,0,0,0,0,1.0,0.0,0,0.49486446380615234
3590,36,80,148,0,0,0,0,0,1.0,0.0,0,0.4095490574836731
3591,46,90,49,0,0,0,0,0,1.0,0.0,0,0.47445762157440186
3592,4,51,234,0,0,0,0,0,1.0,0.0,0,0.4282718300819397
3593,43,15,155,0,0,0,0,0,1.0,0.0,0,0.5072519779205322
3594,5,105,55,0,0,0,0,0,1.0,0.0,0,0.5523549318313599
3595,41,41,4,0,0,0,0,0,1.0,0.0,0,0.4839993417263031
3596,26,88,139,0,0,0,0,0,1.0,0.0,0,0.4640583395957947
3597,22,88,220,0,0,0,0,0,1.0,0.0,0,0.529037356376648
3598,10,96,219,0,0,0,0,0,1.0,0.0,0,0.5215489864349365
3599,21,40,94,0,0,0,0,0,1.0,0.0,0,0.5684971809387207
3600,44,38,195,0,0,0,0,0,1.0,0.0,0,0.5179257988929749
3601,15,92,59,0,0,0,0,0,1.0,0.0,0,0.47033560276031494
3602,63,89,0,0,0,0,0,0,1.0,0.0,0,0.5467095375061035
3603,3,89,197,0,0,0,0,0,1.0,0.0,0,0.5573521852493286
3604,32,108,59,0,0,0,0,0,1.0,0.0,0,0.551626980304718
3605,23,115,36,0,0,0,0,0,1.0,0.0,0,0.4517565667629242
3606,60,38,251,0,0,0,0,0,1.0,0.0,0,0.5559085607528687
3607,42,25,47,0,0,0,0,0,1.0,0.0,0,0.5426070690155029
3608,23,71,47,0,0,0,0,0,1.0,0.0,0,0.47002676129341125
3609,33,89,166,0,0,0,0,0,1.0,0.0,0,0.5544331073760986
3610,33,122,253,0,0,0,0,0,1.0,0.0,0,0.406650185585022
3611,33,80,34,0,0,0,0,0,1.0,0.0,0,0.4568600356578827
3612,0,64,196,0,0,0,0,0,1.0,0.0,0,0.5421251654624939
3613,50,80,97,0,0,0,0,0,1.0,0.3516014616924865,0,0.4354163110256195
3614,0,116,145,0,0,0,0,0,1.0,0.0,0,0.46052494645118713
3615,59,69,64,0,0,0,0,0,1.0,0.0,0,0.5094966292381287
3616,29,109,190,0,0,0,0,0,1.0,0.0,0,0.47838789224624634
3617,11,87,221,0,0,0,0,0,1.0,0.0,0,0.5255441069602966
3618,19,109,44,0,0,0,0,0,1.0,0.0,0,0.48996081948280334
3619,49,99,243,0,0,0,0,0,1.0,0.0,0,0.4943941533565521
3620,44,2,97,0,0,0,0,0,1.0,0.0,0,0.469247430562973
3621,53,68,180,0,0,0,0,0,1.0,0.0,0,0.5807012319564819
3622,49,90,131,0,0,0,0,0,1.0,0.0,0,0.4575611650943756
3623,17,96,63,0,0,0,0,0,1.0,0.0,0,0.5432833433151245
3624,9,69,237,0,0,0,0,0,1.0,0.0,0,0.5417783856391907
3625,52,23,4,0,0,0,0,0,1.0,0.0,0,0.4789022207260132
3626,24,82,243,0,0,0,0,0,1.0,0.33704326200350204,0,0.4621664881706238
3627,14,82,243,0,0,0,0,0,1.0,0.0,0,0.5330187082290649
3628,44,16,202,0,0,0,0,0,1.0,0.0,0,0.5359771847724915
3629,49,116,219,0,0,0,0,0,1.0,0.0,0,0.5353521108627319
3630,54,3,67,0,0,0,0,0,1.0,0.0,0,0.5855233073234558
3631,54,82,67,0,0,0,0,0,1.0,0.0,0,0.5650710463523865
3632,49,123,19,0,0,0,0,0,1.0,0.0,0,0.4791924059391022
3633,14,90,219,0,0,0,0,0,1.0,0.0,0,0.4566749930381775
3634,24,20,135,0,0,0,0,0,1.0,0.0,0,0.512161910533905
3635,56,40,94,0,0,0,0,0,1.0,0.0,0,0.5744146704673767
3636,52,89,245,0,0,0,0,0,1.0,0.0,0,0.513882577419281
3637,3,58,88,0,0,0,0,0,1.0,0.0,0,0.5104280710220337
3638,48,5,100,0,0,0,0,0,1.0,0.0,0,0.5652109980583191
3639,44,62,245,0,0,0,0,0,1.0,0.0,0,0.5028112530708313
3640,56,101,65,0,0,0,0,0,1.0,0.0,0,0.483681857585907
3641,56,10,244,0,0,0,0,0,1.0,0.0,0,0.5268912315368652
3642,53,66,156,0,0,0,0,0,1.0,0.0,0,0.5095667243003845
3643,54,33,179,0,0,0,0,0,1.0,0.0,0,0.5094183683395386
3644,47,74,46,0,0,0,0,0,1.0,0.0,0,0.511776328086853
3645,44,76,241,0,0,0,0,0,1.0,0.0,0,0.5060804486274719
3646,7,77,109,0,0,0,0,0,1.0,0.0,0,0.45436373353004456
3647,60,25,96,0,0,0,0,0,1.0,0.0,0,0.458744078874588
3648,49,115,174,0,0,0,0,0,1.0,0.0,0,0.46460577845573425
3649,62,30,117,0,0,0,0,0,1.0,0.0,0,0.5286861062049866
3650,52,18,255,0,0,0,0,0,1.0,0.0,0,0.47878730297088623
3651,48,55,90,0,0,0,0,0,1.0,0.0,0,0.5251774191856384
3652,52,21,134,0,0,0,0,0,1.0,0.0,0,0.4482783079147339
3653,29,57,24,0,0,0,0,0,1.0,0.0,0,0.5201706290245056
3654,42,12,85,0,0,0,0,0,1.0,0.0,0,0.5310538411140442
3655,25,105,45,0,0,0,0,0,1.0,0.0,0,0.5646971464157104
3656,3,38,47,0,0,0,0,0,1.0,0.0,0,0.5175458192825317
3657,22,122,150,0,0,0,0,0,1.0,0.0,0,0.5251719951629639
3658,42,34,93,0,0,0,0,0,1.0,0.0,0,0.479157954454422
3659,52,122,37,0,0,0,0,0,1.0,0.0,0,0.4668492376804352
3660,61,83,145,0,0,0,0,0,1.0,0.0,0,0.4614894390106201
3661,5,73,181,0,0,0,0,0,1.0,0.0,0,0.46797066926956177
3662,61,14,178,0,0,0,0,0,1.0,0.0,0,0.5447364449501038
3663,52,122,107,0,0,0,0,0,1.0,0.0,0,0.4334208369255066
3664,23,73,229,0,0,0,0,0,1.0,0.0,0,0.5102947354316711
3665,48,46,100,0,0,0,0,0,1.0,0.0,0,0.5563013553619385
3666,2,15,211,0,0,0,0,0,1.0,0.0,0,0.44752174615859985
3667,18,123,70,0,0,0,0,0,1.0,0.0,0,0.5036464929580688
3668,13,79,131,0,0,0,0,0,1.0,0.0,0,0.5049735307693481
3669,63,21,170,0,0,0,0,0,1.0,0.0,0,0.5455793142318726
3670,30,48,151,0,0,0,0,0,1.0,0.0,0,0.44930341839790344
3671,52,15,147,0,0,0,0,0,1.0,0.0,0,0.4299575984477997
3672,34,48,6,0,0,0,0,0,1.0,0.0,0,0.5113601684570312
3673,21,67,77,0,0,0,0,0,1.0,0.0,0,0.5449385046958923
3674,18,91,7,0,0,0,0,0,1.0,0.0,0,0.5590525269508362
3675,5,47,213,0,0,0,0,0,1.0,0.0,0,0.5002402663230896
3676,24,12,158,0,0,0,0,0,1.0,0.0,0,0.5147280693054199
3677,22,62,226,0,0,0,0,0,1.0,0.0,0,0.5372501611709595
3678,42,107,106,0,0,0,0,0,1.0,0.0,0,0.48053863644599915
3679,23,8,17,0,0,0,0,0,1.0,0.0,0,0.483066588640213
3680,14,30,219,0,0,0,0,0,1.0,0.0,0,0.47690054774284363
3681,62,7,98,0,0,0,0,0,1.0,0.0,0,0.5419644117355347
3682,51,126,198,0,0,0,0,0,1.0,0.0,0,0.5221819281578064
3683,18,120,13,0,0,0,0,0,1.0,0.0,0,0.5396904945373535
3684,26,112,43,0,0,0,0,0,1.0,0.0,0,0.5047226548194885
3685,10,112,238,0,0,0,0,0,1.0,0.0,0,0.5507575869560242
3686,36,112,36,0,0,0,0,0,1.0,0.0,0,0.4047541320323944
3687,42,16,221,0,0,0,0,0,1.0,0.0,0,0.5300377011299133
3688,60,92,27,0,0,0,0,0,1.0,0.0,0,0.5220471620559692
3689,10,107,161,0,0,0,0,0,1.0,0.0,0,0.5481562614440918
3690,60,63,36,0,0,0,0,0,1.0,0.0,0,0.4775978624820709
3691,45,104,113,0,0,0,0,0,1.0,0.0,0,0.46496355533599854
3692,50,98,169,0,0,0,0,0,1.0,0.0,0,0.5069380402565002
3693,9,43,250,0,0,0,0,0,1.0,0.0,0,0.5047017335891724
3694,51,45,184,0,0,0,0,0,1.0,0.0,0,0.4823172092437744
3695,10,107,85,0,0,0,0,0,1.0,0.0,0,0.5374465584754944
3696,15,109,90,0,0,0,0,0,1.0,0.0,0,0.4813648462295532
3697,29,33,254,0,0,0,0,0,1.0,0.0,0,0.45254451036453247
3698,58,10,41,0,0,0,0,0,1.0,0.0,0,0.4907523989677429
3699,42,113,64,0,0,0,0,0,1.0,0.0,0,0.5247917175292969
3700,25,64,56,0,0,0,0,0,1.0,0.0,0,0.5099300146102905
3701,52,125,169,0,0,0,0,0,1.0,0.0,0,0.4679383933544159
3702,9,112,90,0,0,0,0,0,1.0,0.0,0,0.5190519094467163
3703,12,5,82,0,0,0,0,0,1.0,0.0,0,0.5388751029968262
3704,19,103,91,0,0,0,0,0,1.0,0.0,0,0.5388386845588684
3705,62,6,167,0,0,0,0,0,1.0,0.0,0,0.4591592252254486
3706,62,80,156,0,0,0,0,0,1.0,0.0,0,0.5692797303199768
3707,43,74,255,0,0,0,0,0,1.0,0.0,0,0.47338810563087463
3708,43,68,68,0,0,0,0,0,1.0,0.0,0,0.5390563011169434
3709,15,89,33,0,0,0,0,0,1.0,0.0,0,0.43019580841064453
3710,12,22,128,0,0,0,0,0,1.0,0.0,0,0.5804312229156494
3711,35,30,210,0,0,0,0,0,1.0,0.0,0,0.5054898858070374
3712,49,82,163,0,0,0,0,0,1.0,0.0,0,0.5651543140411377
3713,16,94,167,0,0,0,0,0,1.0,0.0,0,0.45254772901535034
3714,30,17,203,0,0,0,0,0,1.0,0.0,0,0.4531985819339752
3715,13,6,240,0,0,0,0,0,1.0,0.0,0,0.4640379846096039
3716,24,15,8,0,0,0,0,0,1.0,0.0,0,0.5234230160713196
3717,28,51,139,0,0,0,0,0,1.0,0.0,0,0.5231562852859497
3718,47,92,59,0,0,0,0,0,1.0,0.0,0,0.4934825897216797
3719,47,105,122,0,0,0,0,0,1.0,0.0,0,0.5331947803497314
3720,14,91,33,0,0,0,0,0,1.0,0.0,0,0.5529814958572388
3721,39,32,118,0,0,0,0,0,1.0,0.0,0,0.5301750302314758
3722,47,111,155,0,0,0,0,0,1.0,0.0,0,0.5608801245689392
3723,60,75,79,0,0,0,0,0,1.0,0.0,0,0.5181775093078613
3724,10,15,86,0,0,0,0,0,1.0,0.0,0,0.5315508246421814
3725,3,38,112,0,0,0,0,0,1.0,0.0,0,0.4851720929145813
3726,45,26,120,0,0,0,0,0,1.0,0.0,0,0.465824693441391
3727,46,116,73,0,0,0,0,0,1.0,0.0,0,0.49958309531211853
3728,37,109,161,0,0,0,0,0,1.0,0.0,0,0.5200374126434326
3729,22,95,7,0,0,0,0,0,1.0,0.0,0,0.5381782650947571
3730,26,62,204,0,0,0,0,0,1.0,0.0,0,0.5128381848335266
3731,47,48,39,0,0,0,0,0,1.0,0.0,0,0.527799129486084
3732,52,75,145,0,0,0,0,0,1.0,0.0,0,0.4613135755062103
3733,60,33,4,0,0,0,0,0,1.0,0.0,0,0.5443336963653564
3734,12,62,85,0,0,0,0,0,1.0,0.0,0,0.47106900811195374
3735,0,88,241,0,0,0,0,0,1.0,0.0,0,0.438588947057724
3736,8,2,252,0,0,0,0,0,1.0,0.0,0,0.46537530422210693
3737,3,97,85,0,0,0,0,0,1.0,0.0,0,0.5181107521057129
3738,53,116,175,0,0,0,0,0,1.0,0.0,0,0.4855307638645172
3739,50,47,80,0,0,0,0,0,1.0,0.0,0,0.464432954788208
3740,4,90,172,0,0,0,0,0,1.0,0.0,0,0.4566907584667206
3741,37,77,54,0,0,0,0,0,1.0,0.0,0,0.5083373785018921
3742,1,106,29,0,0,0,0,0,1.0,0.0,0,0.5231587886810303
3743,59,14,124,0,0,0,0,0,1.0,0.0,0,0.47734764218330383
3744,23,122,28,0,0,0,0,0,1.0,0.0,0,0.5031469464302063
3745,17,76,73,0,0,0,0,0,1.0,0.0,0,0.5301796793937683
3746,60,92,219,0,0,0,0,0,1.0,0.0,0,0.5075807571411133
3747,31,69,238,0,0,0,0,0,1.0,0.0,0,0.4951367676258087
3748,34,64,209,0,0,0,0,0,1.0,0.0,0,0.45526739954948425
3749,43,31,89,0,0,0,0,0,1.0,0.0,0,0.5185359120368958
3750,49,2,21,0,0,0,0,0,1.0,0.0,0,0.48953449726104736
3751,37,119,232,0,0,0,0,0,1.0,0.0,0,0.5875429511070251
3752,9,29,181,0,0,0,0,0,1.0,0.0,0,0.5109652876853943
3753,52,87,160,0,0,0,0,0,1.0,0.0,0,0.5266211032867432
3754,51,88,162,0,0,0,0,0,1.0,0.0,0,0.4849727749824524
3755,3,127,0,0,0,0,0,0,1.0,0.0,0,0.47770005464553833
3756,12,78,122,0,0,0,0,0,1.0,0.0,0,0.5364081263542175
3757,12,59,119,0,0,0,0,0,1.0,0.0,0,0.5905665159225464
3758,39,30,156,0,0,0,0,0,1.0,0.0,0,0.4659654498100281
3759,16,77,11,0,0,0,0,0,1.0,0.0,0,0.5022539496421814
3760,59,46,195,0,0,0,0,0,1.0,0.0,0,0.5198354125022888
3761,9,18,104,0,0,0,0,0,1.0,0.0,0,0.5401496291160583
3762,22,53,110,0,0,0,0,0,1.0,0.0,0,0.5080744624137878
3763,51,67,197,0,0,0,0,0,1.0,0.0,0,0.49667003750801086
3764,30,102,231,0,0,0,0,0,1.0,0.0,0,0.5424758791923523
3765,45,9,179,0,0,0,0,0,1.0,0.0,0,0.46660077571868896
3766,5,94,164,0,0,0,0,0,1.0,0.0,0,0.4804190397262573
3767,39,126,201,0,0,0,0,0,1.0,0.0,0,0.5248628854751587
3768,45,107,215,0,0,0,0,0,1.0,0.0,0,0.44512298703193665
3769,16,70,8,0,0,0,0,0,1.0,0.0,0,0.4912761151790619
3770,48,89,96,0,0,0,0,0,1.0,0.0,0,0.5521872043609619
3771,51,33,122,0,0,0,0,0,1.0,0.0,0,0.5015057325363159
3772,32,11,235,0,0,0,0,0,1.0,0.0,0,0.5538337826728821
3773,62,79,8,0,0,0,0,0,1.0,0.0,0,0.5623624324798584
3774,47,94,13,0,0,0,0,0,1.0,0.0,0,0.534918487071991
3775,32,67,162,0,0,0,0,0,1.0,0.271761597143351,0,0.5140988826751709
3776,46,100,24,0,0,0,0,0,1.0,0.0,0,0.45619916915893555
3777,15,125,9,0,0,0,0,0,1.0,0.0,0,0.4348309636116028
3778,21,96,172,0,0,0,0,0,1.0,0.0,0,0.5139333009719849
3779,32,67,15,0,0,0,0,0,1.0,0.0,0,0.5133728981018066
3780,49,80,117,0,0,0,0,0,1.0,0.0,0,0.3912048935890198
3781,20,105,98,0,0,0,0,0,1.0,0.0,0,0.5570549368858337
3782,60,23,195,0,0,0,0,0,1.0,0.0,0,0.5697458386421204
3783,49,27,201,0,0,0,0,0,1.0,0.0,0,0.4943332076072693
3784,63,3,55,0,0,0,0,0,1.0,0.0,0,0.5104132890701294
3785,13,102,220,0,0,0,0,0,1.0,0.0,0,0.5327873826026917
3786,39,58,161,0,0,0,0,0,1.0,0.0,0,0.5434561371803284
3787,30,79,96,0,0,0,0,0,1.0,0.0,0,0.45800063014030457
3788,19,32,177,0,0,0,0,0,1.0,0.0,0,0.598709225654602
3789,34,79,120,0,0,0,0,0,1.0,0.0,0,0.4619017541408539
3790,35,46,192,0,0,0,0,0,1.0,0.0,0,0.47930431365966797
3791,16,29,102,0,0,0,0,0,1.0,0.0,0,0.4967197775840759
3792,49,90,48,0,0,0,0,0,1.0,0.0,0,0.4424830675125122
3793,12,18,239,0,0,0,0,0,1.0,0.0,0,0.5720279216766357
3794,47,52,4,0,0,0,0,0,1.0,0.0,0,0.4978591501712799
3795,35,68,188,0,0,0,0,0,1.0,0.0,0,0.46133890748023987
3796,61,32,243,0,0,0,0,0,1.0,0.0,0,0.4489648938179016
3797,57,109,224,0,0,0,0,0,1.0,0.0,0,0.4237799644470215
3798,59,52,128,0,0,0,0,0,1.0,0.0,0,0.5617427229881287
3799,16,103,161,0,0,0,0,0,1.0,0.0,0,0.45164284110069275
3800,6,46,188,0,0,0,0,0,1.0,0.0,0,0.49603113532066345
3801,33,116,154,0,0,0,0,0,1.0,0.0,0,0.4934282898902893
3802,63,10,156,0,0,0,0,0,1.0,0.0,0,0.47950848937034607
3803,24,17,245,0,0,0,0,0,1.0,0.3691202652716478,0,0.5147467255592346
3804,28,13,166,0,0,0,0,0,1.0,0.0,0,0.5538192987442017
3805,63,125,140,0,0,0,0,0,1.0,0.0,0,0.44687411189079285
3806,47,2,219,0,0,0,0,0,1.0,0.0,0,0.43638283014297485
3807,6,104,55,0,0,0,0,0,1.0,0.0,0,0.4990493655204773
3808,50,106,69,0,0,0,0,0,1.0,0.0,0,0.5553404092788696
3809,50,84,130,0,0,0,0,0,1.0,0.0,0,0.45435255765914917
3810,19,32,59,0,0,0,0,0,1.0,0.0,0,0.47330135107040405
3811,36,76,161,0,0,0,0,0,1.0,0.0,0,0.4820898175239563
3812,17,100,212,0,0,0,0,0,1.0,0.0,0,0.5224075317382812
3813,4,92,51,0,0,0,0,0,1.0,0.0,0,0.5223957300186157
3814,16,71,161,0,0,0,0,0,1.0,0.0,0,0.4807490110397339
3815,46,52,144,0,0,0,0,0,1.0,0.0,0,0.48816990852355957
3816,19,6,250,0,0,0,0,0,1.0,0.0,0,0.4487078785896301
3817,42,85,227,0,0,0,0,0,1.0,0.0,0,0.5586954951286316
3818,46,124,150,0,0,0,0,0,1.0,0.0,0,0.43768665194511414
3819,1,124,68,0,0,0,0,0,1.0,0.0,0,0.5325978398323059
3820,59,45,236,0,0,0,0,0,1.0,0.0,0,0.4888800084590912
3821,45,114,175,0,0,0,0,0,1.0,0.0,0,0.4836881160736084
3822,1,51,42,0,0,0,0,0,1.0,0.0,0,0.46594172716140747
3823,12,0,102,0,0,0,0,0,1.0,0.0,0,0.486223429441452
3824,62,99,69,0,0,0,0,0,1.0,0.0,0,0.5377631783485413
3825,42,34,11,0,0,0,0,0,1.0,0.0,0,0.4843451678752899
3826,62,62,89,0,0,0,0,0,1.0,0.0,0,0.5522750616073608
3827,23,44,251,0,0,0,0,0,1.0,0.0,0,0.4820564091205597
3828,12,58,249,0,0,0,0,0,1.0,0.0,0,0.5123149156570435
3829,29,61,255,0,0,0,0,0,1.0,0.0,0,0.41268688440322876
3830,57,21,246,0,0,0,0,0,1.0,0.0,0,0.4618266522884369
3831,13,10,40,0,0,0,0,0,1.0,0.0,0,0.43280458450317383
3832,61,24,2,0,0,0,0,0,1.0,0.0,0,0.4771456718444824
3833,5,9,222,0,0,0,0,0,1.0,0.0,0,0.4583134353160858
3834,49,26,234,0,0,0,0,0,1.0,0.0,0,0.4859565794467926
3835,7,116,131,0,0,0,0,0,1.0,0.0,0,0.5063369274139404
3836,26,57,136,0,0,0,0,0,1.0,0.0,0,0.48461616039276123
3837,59,72,2,0,0,0,0,0,1.0,0.0,0,0.48653778433799744
3838,46,116,78,0,0,0,0,0,1.0,0.0,0,0.5066490173339844
3839,23,64,117,0,0,0,0,0,1.0,0.0,0,0.45847252011299133
3840,42,95,74,0,0,0,0,0,1.0,0.0,0,0.525956392288208
3841,9,80,204,0,0,0,0,0,1.0,0.0,0,0.5246298909187317
3842,17,113,3,0,0,0,0,0,1.0,0.0,0,0.466754287481308
3843,14,60,169,0,0,0,0,0,1.0,0.0,0,0.4787260890007019
3844,43,32,41,0,0,0,0,0,1.0,0.0,0,0.5275586843490601
3845,37,74,241,0,0,0,0,0,1.0,0.0,0,0.4525121748447418
3846,59,82,4,0,0,0,0,0,1.0,0.0,0,0.5470937490463257
3847,27,21,30,0,0,0,0,0,1.0,0.0,0,0.5758256316184998
3848,22,98,211,0,0,0,0,0,1.0,0.0,0,0.53611820936203
3849,27,104,186,0,0,0,0,0,1.0,0.0,0,0.5089592337608337
3850,60,98,102,0,0,0,0,0,1.0,0.0,0,0.5019980669021606
3851,36,1,213,0,0,0,0,0,1.0,0.0,0,0.41968294978141785
3852,35,49,107,0,0,0,0,0,1.0,0.0,0,0.4916587769985199
3853,60,103,240,0,0,0,0,0,1.0,0.0,0,0.4495112895965576
3854,60,41,89,0,0,0,0,0,1.0,0.0,0,0.6064976453781128
3855,35,41,71,0,0,0,0,0,1.0,0.0,0,0.5826384425163269
3856,35,54,166,0,0,0,0,0,1.0,0.0,0,0.5319554209709167
3857,53,72,100,0,0,0,0,0,1.0,0.0,0,0.5010699033737183
3858,2,1,0,0,0,0,0,0,1.0,0.0,0,0.5355574488639832
3859,44,63,128,0,0,0,0,0,1.0,0.0,0,0.47988998889923096
3860,9,7,157,0,0,0,0,0,1.0,0.0,0,0.4705057442188263
3861,42,58,97,0,0,0,0,0,1.0,0.0,0,0.48830193281173706
3862,18,91,19,0,0,0,0,0,1.0,0.0,0,0.5670796632766724
3863,0,2,34,0,0,0,0,0,1.0,0.0,0,0.49995002150535583
3864,6,21,56,0,0,0,0,0,1.0,0.0,0,0.5149738788604736
3865,34,80,228,0,0,0,0,0,1.0,0.0,0,0.49340012669563293
3866,4,62,0,0,0,0,0,0,1.0,0.0,0,0.5428927540779114
3867,9,55,162,0,0,0,0,0,1.0,0.0,0,0.4872988760471344
3868,16,5,174,0,0,0,0,0,1.0,0.0,0,0.47093209624290466
3869,36,44,13,0,0,0,0,0,1.0,0.0,0,0.4357013404369354
3870,5,121,152,0,0,0,0,0,1.0,0.0,0,0.4996865391731262
3871,38,109,51,0,0,0,0,0,1.0,0.0,0,0.4882436692714691
3872,31,25,145,0,0,0,0,0,1.0,0.0,0,0.5081960558891296
3873,31,16,141,0,0,0,0,0,1.0,0.0,0,0.5402528643608093
3874,31,96,94,0,0,0,0,0,1.0,0.0,0,0.5096938610076904
3875,31,1,45,0,0,0,0,0,1.0,0.0,0,0.5349301099777222
3876,40,0,44,0,0,0,0,0,1.0,0.0,0,0.5172415375709534
3877,40,6,182,0,0,0,0,0,1.0,0.0,0,0.48990288376808167
3878,40,102,209,0,0,0,0,0,1.0,0.0,0,0.558052122592926
3879,54,123,228,0,0,0,0,0,1.0,0.0,0,0.4937118589878082
3880,33,2,180,0,0,0,0,0,1.0,0.0,0,0.4636184871196747
3881,61,98,19,0,0,0,0,0,1.0,0.0,0,0.48544275760650635
3882,37,66,165,0,0,0,0,0,1.0,0.0,0,0.476713091135025
3883,9,105,149,0,0,0,0,0,1.0,0.0,0,0.5626189708709717
3884,49,126,62,0,0,0,0,0,1.0,0.0,0,0.5398087501525879
3885,15,33,126,0,0,0,0,0,1.0,0.0,0,0.4862467050552368
3886,15,68,193,0,0,0,0,0,1.0,0.0,0,0.45016804337501526
3887,15,1,65,0,0,0,0,0,1.0,0.0,0,0.5315649509429932
3888,13,91,10,0,0,0,0,0,1.0,0.0,0,0.45444822311401367
3889,8,3,191,0,0,0,0,0,1.0,0.0,0,0.5024415254592896
3890,43,31,145,0,0,0,0,0,1.0,0.0,0,0.503469705581665
3891,13,27,126,0,0,0,0,0,1.0,0.0,0,0.40913695096969604
3892,13,116,247,0,0,0,0,0,1.0,0.0,0,0.4660946726799011
3893,40,90,108,0,0,0,0,0,0.5,0.0,0,0.5079523921012878
3894,39,118,156,0,0,0,0,0,1.0,0.0,0,0.4538922905921936
3895,40,90,108,1,0,0,0,0,0.5,0.0,0,0.5079523921012878
3896,44,43,114,0,0,0,0,0,1.0,0.0,0,0.5173034071922302
3897,22,23,24,0,0,0,0,0,1.0,0.0,0,0.5392600297927856
3898,38,99,106,0,0,0,0,0,1.0,0.0,0,0.5556538105010986
3899,59,20,220,0,0,0,0,0,1.0,0.0,0,0.5470072031021118
3900,50,55,102,0,0,0,0,0,1.0,0.0,0,0.4963107109069824
3901,16,64,51,0,0,0,0,0,1.0,0.0,0,0.4739876389503479
3902,29,61,113,0,0,0,0,0,1.0,0.0,0,0.44320914149284363
3903,18,84,194,0,0,0,0,0,1.0,0.0,0,0.5057696104049683
3904,25,91,188,0,0,0,0,0,1.0,0.0,0,0.5504053235054016
3905,43,83,131,0,0,0,0,0,1.0,0.0,0,0.49755778908729553
3906,34,80,135,0,0,0,0,0,1.0,0.0,0,0.5201519727706909
3907,38,43,223,0,0,0,0,0,1.0,0.0,0,0.4573144316673279
3908,62,41,182,0,0,0,0,0,1.0,0.0,0,0.5231825113296509
3909,52,1,148,0,0,0,0,0,1.0,0.0,0,0.4821857511997223
3910,55,15,19,0,0,0,0,0,1.0,0.0,0,0.551972508430481
3911,25,51,159,0,0,0,0,0,1.0,0.0,0,0.5755286812782288
3912,46,10,55,0,0,0,0,0,1.0,0.0,0,0.4457593858242035
3913,55,48,96,0,0,0,0,0,1.0,0.0,0,0.5715261101722717
3914,42,29,222,0,0,0,0,0,1.0,0.0,0,0.4910767078399658
3915,55,112,166,0,0,0,0,0,1.0,0.0,0,0.4759373664855957
3916,28,115,9,0,0,0,0,0,1.0,0.0,0,0.5712383985519409
3917,12,95,201,0,0,0,0,0,1.0,0.0,0,0.5494965314865112
3918,48,17,117,0,0,0,0,0,1.0,0.0,0,0.46456801891326904
3919,18,48,218,0,0,0,0,0,1.0,0.0,0,0.46851661801338196
3920,51,80,207,0,0,0,0,0,1.0,0.0,0,0.446153461933136
3921,59,100,236,0,0,0,0,0,1.0,0.0,0,0.5053487420082092
3922,60,39,195,0,0,0,0,0,1.0,0.0,0,0.5651524066925049
3923,10,95,35,0,0,0,0,0,1.0,0.3830765872423842,0,0.5430144667625427
3924,49,71,75,0,0,0,0,0,1.0,0.0,0,0.5028340220451355
3925,31,79,87,0,0,0,0,0,1.0,0.0,0,0.542514443397522
3926,6,43,47,0,0,0,0,0,1.0,0.0,0,0.5276793241500854
3927,43,2,166,0,0,0,0,0,1.0,0.0,0,0.5354176163673401
3928,61,43,82,0,0,0,0,0,1.0,0.0,0,0.5653936266899109
3929,50,62,48,0,0,0,0,0,1.0,0.0,0,0.4703312814235687
3930,43,112,87,0,0,0,0,0,1.0,0.0,0,0.5126135945320129
3931,61,72,97,0,0,0,0,0,1.0,0.0,0,0.4765622615814209
3932,9,45,144,0,0,0,0,0,1.0,0.0,0,0.5782663226127625
3933,32,65,125,0,0,0,0,0,1.0,0.0,0,0.5647746920585632
3934,41,105,53,0,0,0,0,0,1.0,0.0,0,0.5139389038085938
3935,32,52,0,0,0,0,0,0,1.0,0.0,0,0.49292805790901184
3936,38,118,220,0,0,0,0,0,1.0,0.0,0,0.4990760385990143
3937,23,35,157,0,0,0,0,0,1.0,0.0,0,0.4611009955406189
3938,34,60,43,0,0,0,0,0,1.0,0.0,0,0.48097482323646545
3939,54,94,162,0,0,0,0,0,1.0,0.0,0,0.4877628982067108
3940,54,66,117,0,0,0,0,0,1.0,0.0,0,0.44513827562332153
3941,26,3,105,0,0,0,0,0,1.0,0.0,0,0.5236625671386719
3942,38,59,51,0,0,0,0,0,1.0,0.0,0,0.5180860757827759
3943,6,6,164,0,0,0,0,0,1.0,0.0,0,0.4624446630477905
3944,5,90,186,0,0,0,0,0,1.0,0.0,0,0.46522143483161926
3945,16,10,67,0,0,0,0,0,1.0,0.0,0,0.5183910727500916
3946,13,61,191,0,0,0,0,0,1.0,0.0,0,0.4572516679763794
3947,36,124,183,0,0,0,0,0,1.0,0.0,0,0.4529987573623657
3948,28,17,165,0,0,0,0,0,1.0,0.0,0,0.5425257086753845
3949,62,29,192,0,0,0,0,0,1.0,0.0,0,0.47973158955574036
3950,11,36,106,0,0,0,0,0,1.0,0.0,0,0.47411835193634033
3951,29,61,226,0,0,0,0,0,1.0,0.0,0,0.46010059118270874
3952,36,30,28,0,0,0,0,0,1.0,0.0,0,0.4653053879737854
3953,29,24,229,0,0,0,0,0,1.0,0.0,0,0.4105159640312195
3954,41,103,168,0,0,0,0,0,1.0,0.0,0,0.48039859533309937
3955,59,0,205,0,0,0,0,0,1.0,0.0,0,0.4958136975765228
3956,31,37,60,0,0,0,0,0,1.0,0.0,0,0.4416964054107666
3957,5,78,151,0,0,0,0,0,1.0,0.0,0,0.5061065554618835
3958,17,3,66,0,0,0,0,0,1.0,0.0,0,0.5325142741203308
3959,16,108,213,0,0,0,0,0,1.0,0.0,0,0.4888790249824524
3960,10,58,216,0,0,0,0,0,1.0,0.0,0,0.47927647829055786
3961,49,60,132,0,0,0,0,0,1.0,0.0,0,0.4799765646457672
3962,49,87,200,0,0,0,0,0,1.0,0.0,0,0.5272356271743774
3963,5,60,92,0,0,0,0,0,1.0,0.0,0,0.490616112947464
3964,36,5,209,0,0,0,0,0,1.0,0.0,0,0.45673394203186035
3965,59,85,254,0,0,0,0,0,1.0,0.0,0,0.5077248215675354
3966,37,77,165,0,0,0,0,0,1.0,0.0,0,0.46274977922439575
3967,0,25,225,0,0,0,0,0,1.0,0.0,0,0.5298057198524475
3968,59,111,237,0,0,0,0,0,1.0,0.0,0,0.5336405038833618
3969,59,75,56,0,0,0,0,0,1.0,0.0,0,0.4700842797756195
3970,4,19,151,0,0,0,0,0,1.0,0.0,0,0.49181145429611206
3971,45,126,142,0,0,0,0,0,1.0,0.0,0,0.5090476274490356
3972,39,123,188,0,0,0,0,0,1.0,0.0,0,0.49172815680503845
3973,27,34,126,0,0,0,0,0,1.0,0.0,0,0.4899270236492157
3974,33,44,196,0,0,0,0,0,1.0,0.0,0,0.5250607132911682
3975,38,112,92,0,0,0,0,0,1.0,0.0,0,0.43702396750450134
3976,23,31,97,0,0,0,0,0,1.0,0.0,0,0.5008198618888855
3977,14,40,62,0,0,0,0,0,1.0,0.0,0,0.5168370604515076
3978,60,110,221,0,0,0,0,0,1.0,0.0,0,0.5988105535507202
3979,41,32,90,0,0,0,0,0,1.0,0.0,0,0.46404388546943665
3980,49,96,129,0,0,0,0,0,1.0,0.0,0,0.5486711263656616
3981,7,51,40,0,0,0,0,0,1.0,0.0,0,0.4970395565032959
3982,60,109,250,0,0,0,0,0,1.0,0.0,0,0.45863428711891174
3983,10,114,206,0,0,0,0,0,1.0,0.0,0,0.5296482443809509
3984,14,36,72,0,0,0,0,0,1.0,0.0,0,0.5062699317932129
3985,61,5,179,0,0,0,0,0,1.0,0.0,0,0.544694721698761
3986,16,4,227,0,0,0,0,0,1.0,0.0,0,0.5675193071365356
3987,33,84,183,0,0,0,0,0,1.0,0.0,0,0.4129660129547119
3988,60,37,97,0,0,0,0,0,1.0,0.0,0,0.47955578565597534
3989,34,117,205,0,0,0,0,0,1.0,0.0,0,0.44585686922073364
3990,58,109,22,0,0,0,0,0,1.0,0.0,0,0.5153313279151917
3991,58,59,206,0,0,0,0,0,1.0,0.0,0,0.5739940404891968
3992,62,15,123,0,0,0,0,0,1.0,0.0,0,0.5751287341117859
3993,62,15,101,0,0,0,0,0,1.0,0.0,0,0.5600179433822632
3994,42,15,242,0,0,0,0,0,1.0,0.0,0,0.5329349040985107
3995,43,115,36,0,0,0,0,0,1.0,0.0,0,0.5386998653411865
3996,43,36,24,0,0,0,0,0,1.0,0.0,0,0.5807086825370789
3997,23,36,34,0,0,0,0,0,1.0,0.0,0,0.49923810362815857
3998,0,5,126,0,0,0,0,0,1.0,0.0,0,0.46983614563941956
3999,0,37,69,0,0,0,0,0,1.0,0.0,0,0.4439346492290497
4000,42,58,160,0,0,0,0,0,1.0,0.0,0,0.5377733111381531
4001,62,95,224,0,0,0,0,0,1.0,0.0,0,0.5484910607337952
4002,62,9,111,0,0,0,0,0,1.0,0.0,0,0.5506173372268677
4003,62,36,216,0,0,0,0,0,1.0,0.0,0,0.5153599977493286
4004,42,88,158,0,0,0,0,0,1.0,0.0,0,0.5229901671409607
4005,28,23,83,0,0,0,0,0,1.0,0.0,0,0.5216530561447144
4006,62,113,118,0,0,0,0,0,1.0,0.0,0,0.5386714339256287
4007,25,29,43,0,0,0,0,0,1.0,0.0,0,0.4529506266117096
4008,42,115,53,0,0,0,0,0,1.0,0.0,0,0.505155622959137
4009,14,57,193,0,0,0,0,0,1.0,0.0,0,0.5371171236038208
4010,4,71,230,0,0,0,0,0,1.0,0.0,0,0.4549449682235718
4011,42,73,7,0,0,0,0,0,1.0,0.0,0,0.4675278663635254
4012,62,94,195,0,0,0,0,0,1.0,0.0,0,0.5580650568008423
4013,43,74,61,0,0,0,0,0,1.0,0.0,0,0.47126346826553345
4014,42,99,255,0,0,0,0,0,1.0,0.0,0,0.4951876997947693
4015,62,32,101,0,0,0,0,0,1.0,0.0,0,0.5322243571281433
4016,18,46,44,0,0,0,0,0,1.0,0.0,0,0.5402588844299316
4017,25,16,85,0,0,0,0,0,1.0,0.395818304552703,0,0.5190134048461914
4018,33,89,127,0,0,0,0,0,1.0,0.0,0,0.5076646208763123
4019,48,36,214,0,0,0,0,0,1.0,0.0,0,0.5024438500404358
4020,48,47,126,0,0,0,0,0,1.0,0.43142461548423733,0,0.5846226215362549
4021,22,88,155,0,0,0,0,0,1.0,0.0,0,0.4979057312011719
4022,48,9,160,0,0,0,0,0,1.0,0.0,0,0.5204945802688599
4023,62,76,13,0,0,0,0,0,1.0,0.0,0,0.5421522259712219
4024,23,116,86,0,0,0,0,0,1.0,0.0,0,0.47220611572265625
4025,18,75,245,0,0,0,0,0,1.0,0.0,0,0.4728431701660156
4026,22,89,174,0,0,0,0,0,1.0,0.0,0,0.5206603407859802
4027,62,47,82,0,0,0,0,0,1.0,0.0,0,0.5654472708702087
4028,42,15,120,0,0,0,0,0,1.0,0.0,0,0.5133894681930542
4029,47,74,57,0,0,0,0,0,1.0,0.0,0,0.5503616333007812
4030,23,103,188,0,0,0,0,0,1.0,0.35052392425889756,0,0.505807101726532
4031,62,69,205,0,0,0,0,0,1.0,0.0,0,0.5366287231445312
4032,25,59,204,0,0,0,0,0,1.0,0.0,0,0.5126372575759888
4033,20,118,47,0,0,0,0,0,1.0,0.0,0,0.5351182818412781
4034,51,15,185,0,0,0,0,0,1.0,0.0,0,0.4989004135131836
4035,48,31,131,0,0,0,0,0,1.0,0.0,0,0.5375574827194214
4036,38,104,248,0,0,0,0,0,1.0,0.0,0,0.5903777480125427
4037,19,45,230,0,0,0,0,0,1.0,0.0,0,0.5635708570480347
4038,35,115,126,0,0,0,0,0,1.0,0.0,0,0.5455718636512756
4039,41,63,147,0,0,0,0,0,1.0,0.0,0,0.49235042929649353
4040,49,51,201,0,0,0,0,0,1.0,0.0,0,0.5699223875999451
4041,41,77,189,0,0,0,0,0,1.0,0.0,0,0.49261724948883057
4042,41,77,250,0,0,0,0,0,1.0,0.0,0,0.48677757382392883
4043,41,86,64,0,0,0,0,0,1.0,0.0,0,0.47988638281822205
4044,61,112,122,0,0,0,0,0,1.0,0.32075676110968576,0,0.462279736995697
4045,57,11,142,0,0,0,0,0,1.0,0.0,0,0.5596919655799866
4046,5,57,146,0,0,0,0,0,1.0,0.0,0,0.47382548451423645
4047,54,72,106,0,0,0,0,0,1.0,0.0,0,0.49548473954200745
4048,37,119,11,0,0,0,0,0,1.0,0.0,0,0.47107231616973877
4049,41,99,94,0,0,0,0,0,1.0,0.0,0,0.4788890779018402
4050,11,87,162,0,0,0,0,0,1.0,0.0,0,0.49936315417289734
4051,18,94,199,0,0,0,0,0,1.0,0.0,0,0.4762521982192993
4052,25,85,88,0,0,0,0,0,1.0,0.0,0,0.5469257235527039
4053,61,57,240,0,0,0,0,0,1.0,0.0,0,0.43812015652656555
4054,38,60,160,0,0,0,0,0,1.0,0.0,0,0.5358792543411255
4055,28,125,145,0,0,0,0,0,1.0,0.0,0,0.4786927103996277
4056,9,67,89,0,0,0,0,0,1.0,0.0,0,0.5247102975845337
4057,0,55,204,0,0,0,0,0,1.0,0.0,0,0.5433384776115417
4058,39,70,249,0,0,0,0,0,1.0,0.0,0,0.5021952986717224
4059,58,59,225,0,0,0,0,0,1.0,0.0,0,0.47178125381469727
4060,36,68,134,0,0,0,0,0,1.0,0.0,0,0.43242475390434265
4061,62,9,193,0,0,0,0,0,1.0,0.0,0,0.5394686460494995
4062,38,85,204,0,0,0,0,0,1.0,0.0,0,0.551102876663208
4063,49,20,35,0,0,0,0,0,1.0,0.0,0,0.4941541850566864
4064,51,9,189,0,0,0,0,0,1.0,0.0,0,0.44427821040153503
4065,5,60,234,0,0,0,0,0,1.0,0.0,0,0.5049271583557129
4066,55,32,147,0,0,0,0,0,1.0,0.0,0,0.5117059946060181
4067,10,68,136,0,0,0,0,0,1.0,0.0,0,0.46877190470695496
4068,50,67,162,0,0,0,0,0,1.0,0.0,0,0.44440004229545593
4069,50,96,238,0,0,0,0,0,1.0,0.0,0,0.4990566670894623
4070,13,44,7,0,0,0,0,0,1.0,0.0,0,0.49821892380714417
4071,40,13,175,0,0,0,0,0,1.0,0.0,0,0.47486668825149536
4072,55,123,173,0,0,0,0,0,1.0,0.0,0,0.5028381943702698
4073,32,94,157,0,0,0,0,0,1.0,0.0,0,0.5259737372398376
4074,2,34,19,0,0,0,0,0,1.0,0.0,0,0.4394106864929199
4075,28,114,59,0,0,0,0,0,1.0,0.0,0,0.5170610547065735
4076,38,102,118,0,0,0,0,0,1.0,0.0,0,0.5286105275154114
4077,18,61,182,0,0,0,0,0,1.0,0.0,0,0.5206584930419922
4078,11,3,232,0,0,0,0,0,1.0,0.0,0,0.49823370575904846
4079,51,69,247,0,0,0,0,0,1.0,0.0,0,0.5519393682479858
4080,38,92,51,0,0,0,0,0,1.0,0.0,0,0.5260690450668335
4081,62,10,244,0,0,0,0,0,1.0,0.0,0,0.499053955078125
4082,0,94,222,0,0,0,0,0,1.0,0.0,0,0.5004885196685791
4083,44,118,54,0,0,0,0,0,1.0,0.0,0,0.5028666257858276
4084,13,102,107,0,0,0,0,0,1.0,0.0,0,0.48362064361572266
4085,1,106,50,0,0,0,0,0,1.0,0.0,0,0.46282312273979187
4086,61,45,253,0,0,0,0,0,1.0,0.0,0,0.5445353984832764
4087,34,29,26,0,0,0,0,0,1.0,0.0,0,0.46106207370758057
4088,16,91,241,0,0,0,0,0,1.0,0.0,0,0.5084512233734131
4089,61,53,30,0,0,0,0,0,1.0,0.0,0,0.4985926151275635
4090,24,95,29,0,0,0,0,0,1.0,0.0,0,0.5064716935157776
4091,39,114,200,0,0,0,0,0,1.0,0.0,0,0.5314832329750061
4092,38,101,177,0,0,0,0,0,1.0,0.0,0,0.4579392671585083
4093,7,109,191,0,0,0,0,0,1.0,0.0,0,0.4845622181892395
4094,61,56,30,0,0,0,0,0,1.0,0.0,0,0.4608708620071411
4095,33,127,237,0,0,0,0,0,1.0,0.0,0,0.5490819811820984
4096,53,115,144,0,0,0,0,0,1.0,0.0,0,0.4787352681159973
4097,26,29,198,0,0,0,0,0,1.0,0.0,0,0.4484120309352875
4098,10,69,162,0,0,0,0,0,1.0,0.0,0,0.46930885314941406
4099,29,25,4,0,0,0,0,0,1.0,0.0,0,0.47365495562553406
4100,49,105,231,0,0,0,0,0,1.0,0.0,0,0.5371170043945312
4101,31,11,240,0,0,0,0,0,1.0,0.0,0,0.5009141564369202
4102,35,102,95,0,0,0,0,0,1.0,0.0,0,0.4835087060928345
4103,33,126,66,0,0,0,0,0,1.0,0.0,0,0.5047204494476318
4104,33,122,8,0,0,0,0,0,1.0,0.0,0,0.3872796297073364
4105,47,10,88,0,0,0,0,0,1.0,0.0,0,0.4341064691543579
4106,20,60,192,0,0,0,0,0,1.0,0.0,0,0.5041295886039734
4107,4,13,32,0,0,0,0,0,1.0,0.0,0,0.5065392851829529
4108,24,24,3,0,0,0,0,0,1.0,0.0,0,0.5321925282478333
4109,37,119,12,0,0,0,0,0,1.0,0.0,0,0.5834240317344666
4110,49,64,177,0,0,0,0,0,1.0,0.0,0,0.496406614780426
4111,20,93,247,0,0,0,0,0,1.0,0.0,0,0.5248812437057495
4112,24,62,215,0,0,0,0,0,1.0,0.0,0,0.5019757151603699
4113,24,29,56,0,0,0,0,0,1.0,0.0,0,0.4852288067340851
4114,24,14,12,0,0,0,0,0,1.0,0.0,0,0.5186069011688232
4115,24,87,3,0,0,0,0,0,1.0,0.0,0,0.48104771971702576
4116,52,125,220,0,0,0,0,0,1.0,0.0,0,0.4702940881252289
4117,20,52,16,0,0,0,0,0,1.0,0.0,0,0.5184152722358704
4118,20,120,45,0,0,0,0,0,1.0,0.0,0,0.4974370300769806
4119,37,124,53,0,0,0,0,0,1.0,0.0,0,0.5706747174263
4120,34,59,218,0,0,0,0,0,1.0,0.0,0,0.467533677816391
4121,59,86,8,0,0,0,0,0,1.0,0.0,0,0.4950200021266937
4122,13,112,76,0,0,0,0,0,1.0,0.0,0,0.4897010028362274
4123,1,14,36,0,0,0,0,0,1.0,0.0,0,0.42520979046821594
4124,52,18,244,0,0,0,0,0,1.0,0.0,0,0.5025635361671448
4125,4,48,12,0,0,0,0,0,1.0,0.0,0,0.5184015035629272
4126,56,72,226,0,0,0,0,0,1.0,0.0,0,0.4817650616168976
4127,9,115,105,0,0,0,0,0,1.0,0.0,0,0.5460917353630066
4128,54,48,108,0,0,0,0,0,1.0,0.0,0,0.5487604737281799
4129,11,20,84,0,0,0,0,0,1.0,0.0,0,0.4847213923931122
4130,32,20,43,0,0,0,0,0,1.0,0.0,0,0.5132518410682678
4131,18,15,211,0,0,0,0,0,1.0,0.0,0,0.5111140012741089
4132,3,26,123,0,0,0,0,0,1.0,0.34645378131476273,0,0.4797198474407196
4133,34,23,6,0,0,0,0,0,1.0,0.0,0,0.5090460181236267
4134,51,99,66,0,0,0,0,0,1.0,0.0,0,0.4637599587440491
4135,43,56,82,0,0,0,0,0,1.0,0.0,0,0.5290107131004333
4136,47,29,166,0,0,0,0,0,1.0,0.0,0,0.5056052207946777
4137,36,35,33,0,0,0,0,0,1.0,0.0,0,0.484011173248291
4138,32,70,177,0,0,0,0,0,0.3333333333333333,0.0,0,0.496571809053421
4139,10,55,158,0,0,0,0,0,1.0,0.0,0,0.49760517477989197
4140,52,72,187,0,0,0,0,0,1.0,0.0,0,0.4976881146430969
4141,7,67,15,0,0,0,0,0,1.0,0.0,0,0.5278728604316711
4142,44,77,78,0,0,0,0,0,1.0,0.0,0,0.5296306610107422
4143,33,49,131,0,0,0,0,0,1.0,0.0,0,0.45860961079597473
4144,52,54,222,0,0,0,0,0,1.0,0.0,0,0.4283854365348816
4145,37,111,2,0,0,0,0,0,1.0,0.0,0,0.5388596653938293
4146,38,104,222,0,0,0,0,0,1.0,0.0,0,0.4729655385017395
4147,47,106,115,0,0,0,0,0,1.0,0.0,0,0.5878297686576843
4148,5,28,59,0,0,0,0,0,1.0,0.0,0,0.4845576286315918
4149,24,113,67,0,0,0,0,0,1.0,0.0,0,0.5498881936073303
4150,32,48,27,0,0,0,0,0,1.0,0.0,0,0.5873969793319702
4151,13,110,78,0,0,0,0,0,1.0,0.0,0,0.4801093637943268
4152,28,16,72,0,0,0,0,0,1.0,0.0,0,0.49811241030693054
4153,38,96,177,0,0,0,0,0,1.0,0.0,0,0.5112848877906799
4154,12,55,79,0,0,0,0,0,1.0,0.0,0,0.5742782354354858
4155,0,96,201,0,0,0,0,0,1.0,0.0,0,0.4814784824848175
4156,44,54,54,0,0,0,0,0,1.0,0.0,0,0.48577407002449036
4157,52,6,129,0,0,0,0,0,1.0,0.0,0,0.4873824417591095
4158,47,0,216,0,0,0,0,0,1.0,0.0,0,0.4594229757785797
4159,37,21,51,0,0,0,0,0,1.0,0.0,0,0.5160448551177979
4160,14,100,241,0,0,0,0,0,1.0,0.0,0,0.5746449828147888
4161,47,37,109,0,0,0,0,0,1.0,0.0,0,0.5141422748565674
4162,58,109,148,0,0,0,0,0,1.0,0.0,0,0.5023512244224548
4163,48,16,15,0,0,0,0,0,1.0,0.0,0,0.5416245460510254
4164,45,99,53,0,0,0,0,0,1.0,0.0,0,0.5296427011489868
4165,46,120,7,0,0,0,0,0,1.0,0.0,0,0.4819824993610382
4166,58,78,68,0,0,0,0,0,1.0,0.0,0,0.5715456008911133
4167,1,50,161,0,0,0,0,0,1.0,0.0,0,0.4799190163612366
4168,52,59,251,0,0,0,0,0,1.0,0.0,0,0.4572960436344147
4169,49,44,56,0,0,0,0,0,1.0,0.0,0,0.4453577995300293
4170,49,42,98,0,0,0,0,0,1.0,0.0,0,0.563740074634552
4171,53,60,0,0,0,0,0,0,1.0,0.0,0,0.44661763310432434
4172,53,5,10,0,0,0,0,0,1.0,0.0,0,0.44280382990837097
4173,61,106,157,0,0,0,0,0,1.0,0.0,0,0.5202029347419739
4174,26,49,218,0,0,0,0,0,1.0,0.0,0,0.5124660134315491
4175,10,58,132,0,0,0,0,0,1.0,0.0,0,0.4357430636882782
4176,50,11,196,0,0,0,0,0,1.0,0.0,0,0.45031970739364624
4177,2,83,204,0,0,0,0,0,1.0,0.0,0,0.5444297790527344
4178,32,66,139,0,0,0,0,0,1.0,0.0,0,0.5443711876869202
4179,0,55,164,0,0,0,0,0,1.0,0.0,0,0.4903362989425659
4180,37,28,217,0,0,0,0,0,1.0,0.0,0,0.5008992552757263
4181,9,83,168,0,0,0,0,0,1.0,0.0,0,0.5483270287513733
4182,13,51,174,0,0,0,0,0,1.0,0.0,0,0.4489149749279022
4183,38,109,174,0,0,0,0,0,1.0,0.0,0,0.47265520691871643
4184,3,14,31,0,0,0,0,0,1.0,0.0,0,0.5831488966941833
4185,54,23,251,0,0,0,0,0,1.0,0.0,0,0.47995924949645996
4186,11,69,114,0,0,0,0,0,1.0,0.0,0,0.451739102602005
4187,11,123,58,0,0,0,0,0,1.0,0.0,0,0.47605404257774353
4188,57,20,38,0,0,0,0,0,1.0,0.0,0,0.4707191288471222
4189,26,92,148,0,0,0,0,0,1.0,0.0,0,0.4600597023963928
4190,3,29,41,0,0,0,0,0,1.0,0.0,0,0.4270786941051483
4191,53,73,97,0,0,0,0,0,1.0,0.0,0,0.5527986884117126
4192,25,98,93,0,0,0,0,0,1.0,0.0,0,0.5166533589363098
4193,44,66,217,0,0,0,0,0,1.0,0.0,0,0.487375408411026
4194,54,29,222,0,0,0,0,0,1.0,0.0,0,0.5281655192375183
4195,54,59,222,0,0,0,0,0,1.0,0.0,0,0.5776501893997192
4196,29,122,51,0,0,0,0,0,1.0,0.0,0,0.4144039750099182
4197,32,51,70,0,0,0,0,0,1.0,0.0,0,0.5039970874786377
4198,48,46,33,0,0,0,0,0,1.0,0.0,0,0.5242624878883362
4199,28,19,120,0,0,0,0,0,1.0,0.0,0,0.5669252872467041
4200,20,68,156,0,0,0,0,0,1.0,0.0,0,0.5194738507270813
4201,13,126,44,0,0,0,0,0,1.0,0.0,0,0.49281248450279236
4202,38,43,177,0,0,0,0,0,1.0,0.0,0,0.5318360328674316
4203,16,50,30,0,0,0,0,0,1.0,0.0,0,0.49286967515945435
4204,33,123,69,0,0,0,0,0,1.0,0.0,0,0.48793935775756836
4205,34,38,24,0,0,0,0,0,1.0,0.0,0,0.46226766705513
4206,17,5,150,0,0,0,0,0,1.0,0.0,0,0.4805280566215515
4207,17,74,236,0,0,0,0,0,1.0,0.0,0,0.45014068484306335
4208,61,118,75,0,0,0,0,0,1.0,0.0,0,0.47726139426231384
4209,62,57,209,0,0,0,0,0,1.0,0.0,0,0.6290045976638794
4210,15,56,121,0,0,0,0,0,1.0,0.0,0,0.4812898337841034
4211,40,89,81,0,0,0,0,0,1.0,0.42672538278663863,0,0.5053560733795166
4212,60,65,190,0,0,0,0,0,1.0,0.0,0,0.4821937084197998
4213,10,18,129,0,0,0,0,0,1.0,0.0,0,0.5273911952972412
4214,30,108,67,0,0,0,0,0,1.0,0.0,0,0.4381793439388275
4215,60,124,205,0,0,0,0,0,1.0,0.0,0,0.5423023700714111
4216,58,67,100,0,0,0,0,0,1.0,0.0,0,0.5672425627708435
4217,43,26,253,0,0,0,0,0,1.0,0.0,0,0.49356165528297424
4218,34,23,35,0,0,0,0,0,1.0,0.0,0,0.5123292207717896
4219,62,116,47,0,0,0,0,0,1.0,0.0,0,0.530457079410553
4220,58,109,202,0,0,0,0,0,1.0,0.0,0,0.49580836296081543
4221,34,106,64,0,0,0,0,0,1.0,0.0,0,0.5177795886993408
4222,38,92,76,0,0,0,0,0,1.0,0.0,0,0.565233588218689
4223,61,39,27,0,0,0,0,0,1.0,0.0,0,0.5236576795578003
4224,59,66,49,0,0,0,0,0,1.0,0.0,0,0.4665429890155792
4225,32,12,137,0,0,0,0,0,1.0,0.0,0,0.5997766852378845
4226,22,34,175,0,0,0,0,0,1.0,0.0,0,0.5000555515289307
4227,40,63,117,0,0,0,0,0,1.0,0.0,0,0.48483729362487793
4228,40,43,123,0,0,0,0,0,1.0,0.0,0,0.4977712035179138
4229,55,3,3,0,0,0,0,0,1.0,0.0,0,0.5569655895233154
4230,10,51,249,0,0,0,0,0,1.0,0.0,0,0.5289275646209717
4231,39,88,214,1,0,0,0,0,0.5,0.0,0,0.5362230539321899
4232,30,118,226,0,0,0,0,0,1.0,0.0,0,0.4906468391418457
4233,46,85,1,0,0,0,0,0,1.0,0.0,0,0.4470982253551483
4234,28,69,99,0,0,0,0,0,1.0,0.0,0,0.5305455923080444
4235,37,62,239,0,0,0,0,0,1.0,0.0,0,0.5388222932815552
4236,9,101,165,0,0,0,0,0,1.0,0.0,0,0.5148487091064453
4237,25,76,96,0,0,0,0,0,1.0,0.0,0,0.4914275109767914
4238,26,70,10,0,0,0,0,0,1.0,0.0,0,0.4839942753314972
4239,9,75,111,0,0,0,0,0,1.0,0.0,0,0.5148913860321045
4240,52,18,173,0,0,0,0,0,1.0,0.0,0,0.4711969196796417
4241,5,61,143,0,0,0,0,0,1.0,0.0,0,0.4313230514526367
4242,17,34,161,0,0,0,0,0,1.0,0.0,0,0.46871551871299744
4243,24,14,144,0,0,0,0,0,1.0,0.0,0,0.537121593952179
4244,13,38,128,0,0,0,0,0,1.0,0.0,0,0.4651572108268738
4245,12,118,141,0,0,0,0,0,1.0,0.0,0,0.5626891851425171
4246,24,111,171,0,0,0,0,0,1.0,0.0,0,0.47448837757110596
4247,63,29,181,0,0,0,0,0,1.0,0.0,0,0.43706223368644714
4248,33,101,65,0,0,0,0,0,1.0,0.0,0,0.5479092597961426
4249,49,44,82,0,0,0,0,0,1.0,0.0,0,0.456729531288147
4250,58,94,119,0,0,0,0,0,1.0,0.0,0,0.47611796855926514
4251,43,112,77,0,0,0,0,0,1.0,0.0,0,0.5824127197265625
4252,41,92,238,0,0,0,0,0,1.0,0.0,0,0.5669257044792175
4253,24,64,10,0,0,0,0,0,1.0,0.0,0,0.4793896973133087
4254,11,58,126,0,0,0,0,0,1.0,0.0,0,0.47288891673088074
4255,29,123,180,0,0,0,0,0,1.0,0.0,0,0.5289269089698792
4256,7,90,93,0,0,0,0,0,1.0,0.0,0,0.5747120976448059
4257,50,33,199,0,0,0,0,0,1.0,0.0,0,0.45962411165237427
4258,36,15,198,0,0,0,0,0,1.0,0.0,0,0.4731880724430084
4259,47,56,11,0,0,0,0,0,1.0,0.0,0,0.5726350545883179
4260,41,38,47,0,0,0,0,0,1.0,0.0,0,0.4756285548210144
4261,57,31,201,0,0,0,0,0,1.0,0.0,0,0.5096880197525024
4262,52,75,154,0,0,0,0,0,1.0,0.0,0,0.4493721127510071
4263,43,15,235,0,0,0,0,0,1.0,0.0,0,0.48366647958755493
4264,3,110,183,0,0,0,0,0,1.0,0.0,0,0.4956028461456299
4265,27,7,216,0,0,0,0,0,1.0,0.0,0,0.474337100982666
4266,35,36,255,0,0,0,0,0,1.0,0.0,0,0.5546960234642029
4267,43,37,6,0,0,0,0,0,1.0,0.0,0,0.5375363826751709
4268,46,67,128,0,0,0,0,0,1.0,0.33028257826132174,0,0.45081934332847595
4269,52,101,238,0,0,0,0,0,1.0,0.0,0,0.46734243631362915
4270,19,42,198,0,0,0,0,0,1.0,0.41232065100729054,0,0.5717190504074097
4271,38,118,106,0,0,0,0,0,1.0,0.0,0,0.5045923590660095
4272,59,9,146,0,0,0,0,0,1.0,0.0,0,0.4802681505680084
4273,37,60,50,0,0,0,0,0,1.0,0.0,0,0.5291930437088013
4274,44,110,190,0,0,0,0,0,1.0,0.0,0,0.5307111740112305
4275,56,76,191,0,0,0,0,0,1.0,0.0,0,0.45042046904563904
4276,12,65,49,0,0,0,0,0,1.0,0.0,0,0.5007721185684204
4277,35,69,60,0,0,0,0,0,1.0,0.0,0,0.4485844075679779
4278,4,13,73,0,0,0,0,0,1.0,0.0,0,0.46401846408843994
4279,56,122,92,0,0,0,0,0,1.0,0.0,0,0.46758538484573364
4280,13,124,139,0,0,0,0,0,1.0,0.0,0,0.44047024846076965
4281,61,112,136,0,0,0,0,0,1.0,0.0,0,0.44280219078063965
4282,7,42,249,0,0,0,0,0,1.0,0.0,0,0.5206107497215271
4283,42,63,142,0,0,0,0,0,1.0,0.0,0,0.508577823638916
4284,35,117,226,0,0,0,0,0,1.0,0.0,0,0.5636480450630188
4285,42,7,116,0,0,0,0,0,1.0,0.4460137548969925,0,0.5798754096031189
4286,42,72,253,0,0,0,0,0,1.0,0.0,0,0.5381036996841431
4287,34,69,221,0,0,0,0,0,1.0,0.0,0,0.5124921202659607
4288,34,0,38,0,0,0,0,0,1.0,0.0,0,0.4519898593425751
4289,19,81,44,0,0,0,0,0,1.0,0.4118079762208232,0,0.5225702524185181
4290,2,89,63,0,0,0,0,0,1.0,0.0,0,0.4614519774913788
4291,35,27,69,0,0,0,0,0,1.0,0.0,0,0.5077851414680481
4292,42,29,185,0,0,0,0,0,1.0,0.0,0,0.45786428451538086
4293,10,10,54,0,0,0,0,0,1.0,0.0,0,0.5020691156387329
4294,50,115,3,0,0,0,0,0,1.0,0.0,0,0.5129672884941101
4295,10,49,10,0,0,0,0,0,1.0,0.0,0,0.5115269422531128
4296,50,27,127,0,0,0,0,0,1.0,0.0,0,0.4093894064426422
4297,14,74,99,0,0,0,0,0,1.0,0.0,0,0.4916672706604004
4298,63,4,92,0,0,0,0,0,1.0,0.0,0,0.5519822835922241
4299,15,30,143,0,0,0,0,0,1.0,0.0,0,0.4577082693576813
4300,52,22,147,0,0,0,0,0,1.0,0.0,0,0.5095661282539368
4301,36,35,153,0,0,0,0,0,1.0,0.0,0,0.5162891745567322
4302,51,61,190,0,0,0,0,0,1.0,0.0,0,0.42452579736709595
4303,34,23,117,0,0,0,0,0,1.0,0.0,0,0.43597251176834106
4304,59,53,212,0,0,0,0,0,1.0,0.0,0,0.5361417531967163
4305,34,92,200,0,0,0,0,0,1.0,0.0,0,0.47051429748535156
4306,43,43,186,0,0,0,0,0,1.0,0.3956401879242043,0,0.5637167096138
4307,5,54,84,0,0,0,0,0,1.0,0.0,0,0.5042017698287964
4308,46,68,130,0,0,0,0,0,1.0,0.0,0,0.456041544675827
4309,31,93,181,0,0,0,0,0,1.0,0.0,0,0.49106672406196594
4310,43,125,113,0,0,0,0,0,1.0,0.0,0,0.555990993976593
4311,60,19,53,0,0,0,0,0,1.0,0.0,0,0.42479345202445984
4312,46,20,181,0,0,0,0,0,1.0,0.0,0,0.47783732414245605
4313,6,77,10,0,0,0,0,0,1.0,0.0,0,0.5153053402900696
4314,59,1,152,0,0,0,0,0,1.0,0.0,0,0.5334985256195068
4315,53,13,175,0,0,0,0,0,1.0,0.0,0,0.4645608365535736
4316,56,85,238,0,0,0,0,0,1.0,0.0,0,0.4848775863647461
4317,45,11,52,0,0,0,0,0,1.0,0.0,0,0.4828583002090454
4318,50,87,138,0,0,0,0,0,1.0,0.0,0,0.48620760440826416
4319,43,55,110,0,0,0,0,0,1.0,0.0,0,0.507412850856781
4320,6,39,162,0,0,0,0,0,1.0,0.0,0,0.5234457850456238
4321,5,103,199,0,0,0,0,0,1.0,0.0,0,0.5000126957893372
4322,17,62,175,0,0,0,0,0,1.0,0.0,0,0.5594978928565979
4323,10,95,40,0,0,0,0,0,1.0,0.0,0,0.5472514033317566
4324,63,100,4,0,0,0,0,0,1.0,0.36638967353494245,0,0.4803391396999359
4325,53,118,138,0,0,0,0,0,1.0,0.0,0,0.4572857916355133
4326,34,31,211,0,0,0,0,0,1.0,0.0,0,0.5113224983215332
4327,50,47,116,0,0,0,0,0,1.0,0.32095435476572864,0,0.46414217352867126
4328,34,41,81,0,0,0,0,0,1.0,0.0,0,0.503075361251831
4329,12,71,208,0,0,0,0,0,1.0,0.0,0,0.5082007646560669
4330,10,10,116,0,0,0,0,0,1.0,0.0,0,0.5056292414665222
4331,25,17,219,0,0,0,0,0,1.0,0.0,0,0.4683481454849243
4332,32,69,55,0,0,0,0,0,1.0,0.0,0,0.49557381868362427
4333,32,29,6,0,0,0,0,0,1.0,0.0,0,0.46691879630088806
4334,32,81,123,0,0,0,0,0,1.0,0.0,0,0.49974939227104187
4335,49,0,174,0,0,0,0,0,1.0,0.0,0,0.4823702573776245
4336,6,31,211,0,0,0,0,0,1.0,0.0,0,0.49258938431739807
4337,52,104,19,0,0,0,0,0,1.0,0.0,0,0.46572619676589966
4338,39,91,251,0,0,0,0,0,1.0,0.0,0,0.538921594619751
4339,45,116,117,0,0,0,0,0,1.0,0.0,0,0.49575090408325195
4340,56,55,97,0,0,0,0,0,1.0,0.0,0,0.5311335325241089
4341,22,35,185,0,0,0,0,0,1.0,0.0,0,0.5326022505760193
4342,56,5,24,0,0,0,0,0,1.0,0.0,0,0.5581960082054138
4343,19,29,210,0,0,0,0,0,1.0,0.0,0,0.50083988904953
4344,63,100,242,0,0,0,0,0,1.0,0.0,0,0.49743106961250305
4345,45,45,2,0,0,0,0,0,1.0,0.0,0,0.49370649456977844
4346,14,39,85,0,0,0,0,0,1.0,0.0,0,0.5439361333847046
4347,47,23,141,0,0,0,0,0,1.0,0.0,0,0.48660579323768616
4348,61,112,64,0,0,0,0,0,1.0,0.0,0,0.47331106662750244
4349,52,75,244,0,0,0,0,0,1.0,0.0,0,0.44936835765838623
4350,34,35,107,0,0,0,0,0,1.0,0.0,0,0.5084075927734375
4351,40,13,54,0,0,0,0,0,1.0,0.0,0,0.561553418636322
4352,5,115,98,0,0,0,0,0,1.0,0.0,0,0.4792437255382538
4353,3,37,133,0,0,0,0,0,1.0,0.36663367608417274,0,0.491024911403656
4354,36,84,134,0,0,0,0,0,1.0,0.0,0,0.4612782299518585
4355,39,49,94,0,0,0,0,0,1.0,0.0,0,0.5735421776771545
4356,16,34,175,0,0,0,0,0,1.0,0.0,0,0.49449849128723145
4357,28,77,15,0,0,0,0,0,1.0,0.0,0,0.5475694537162781
4358,44,89,152,0,0,0,0,0,1.0,0.0,0,0.510834813117981
4359,9,16,174,0,0,0,0,0,1.0,0.0,0,0.5551627278327942
4360,7,125,178,0,0,0,0,0,1.0,0.0,0,0.513527512550354
4361,25,86,212,0,0,0,0,0,1.0,0.0,0,0.49630025029182434
4362,43,16,95,0,0,0,0,0,1.0,0.0,0,0.536145031452179
4363,42,25,72,0,0,0,0,0,1.0,0.0,0,0.5403828024864197
4364,42,73,3,0,0,0,0,0,1.0,0.0,0,0.48082295060157776
4365,43,112,86,0,0,0,0,0,1.0,0.0,0,0.5185522437095642
4366,32,95,174,0,0,0,0,0,1.0,0.0,0,0.543703019618988
4367,36,120,16,0,0,0,0,0,1.0,0.0,0,0.4711107611656189
4368,31,124,198,0,0,0,0,0,1.0,0.0,0,0.5879888534545898
4369,21,22,114,0,0,0,0,0,1.0,0.0,0,0.5351776480674744
4370,59,119,89,0,0,0,0,0,1.0,0.0,0,0.48782962560653687
4371,7,61,199,0,0,0,0,0,1.0,0.0,0,0.47002270817756653
4372,8,69,162,0,0,0,0,0,1.0,0.0,0,0.4503825902938843
4373,39,61,7,0,0,0,0,0,1.0,0.0,0,0.48175936937332153
4374,45,15,255,0,0,0,0,0,1.0,0.0,0,0.49111950397491455
4375,47,15,255,0,0,0,0,0,1.0,0.0,0,0.49800950288772583
4376,39,92,158,0,0,0,0,0,1.0,0.0,0,0.4980408847332001
4377,2,60,165,0,0,0,0,0,1.0,0.0,0,0.43340882658958435
4378,45,34,251,0,0,0,0,0,1.0,0.0,0,0.45801806449890137
4379,10,16,37,0,0,0,0,0,1.0,0.0,0,0.4887937903404236
4380,8,91,236,0,0,0,0,0,1.0,0.0,0,0.5258508920669556
4381,45,51,16,0,0,0,0,0,1.0,0.0,0,0.5680197477340698
4382,8,28,97,0,0,0,0,0,1.0,0.0,0,0.571405291557312
4383,27,21,129,0,0,0,0,0,1.0,0.0,0,0.5673101544380188
4384,42,101,48,0,0,0,0,0,1.0,0.0,0,0.5250964760780334
4385,7,112,42,0,0,0,0,0,1.0,0.0,0,0.486205130815506
4386,33,100,5,0,0,0,0,0,1.0,0.0,0,0.5341171622276306
4387,14,82,24,0,0,0,0,0,1.0,0.35333067171124377,0,0.48471271991729736
4388,4,27,134,0,0,0,0,0,1.0,0.0,0,0.4531150758266449
4389,13,113,42,0,0,0,0,0,1.0,0.0,0,0.4891233742237091
4390,13,43,134,0,0,0,0,0,1.0,0.0,0,0.47134703397750854
4391,7,14,86,0,0,0,0,0,1.0,0.0,0,0.3980892300605774
4392,53,11,16,0,0,0,0,0,1.0,0.0,0,0.4872964024543762
4393,0,4,95,0,0,0,0,0,1.0,0.32836979440458647,0,0.48563703894615173
4394,37,115,160,0,0,0,0,0,1.0,0.0,0,0.5333883166313171
4395,59,72,249,0,0,0,0,0,1.0,0.0,0,0.5150198936462402
4396,4,22,133,0,0,0,0,0,1.0,0.0,0,0.5199479460716248
4397,37,7,173,0,0,0,0,0,1.0,0.0,0,0.46385493874549866
4398,13,104,238,0,0,0,0,0,1.0,0.0,0,0.4492597281932831
4399,14,53,36,0,0,0,0,0,1.0,0.0,0,0.4931489825248718
4400,59,5,70,0,0,0,0,0,1.0,0.0,0,0.5597747564315796
4401,10,4,201,0,0,0,0,0,1.0,0.0,0,0.6071718335151672
4402,49,91,233,0,0,0,0,0,1.0,0.0,0,0.5548791885375977
4403,53,2,42,0,0,0,0,0,1.0,0.0,0,0.48441895842552185
4404,53,30,28,0,0,0,0,0,1.0,0.0,0,0.4905319809913635
4405,8,35,54,0,0,0,0,0,1.0,0.0,0,0.5360167622566223
4406,0,66,255,0,0,0,0,0,1.0,0.0,0,0.503558337688446
4407,61,108,15,0,0,0,0,0,1.0,0.0,0,0.5581011176109314
4408,51,9,184,0,0,0,0,0,1.0,0.0,0,0.437767893075943
4409,49,31,198,0,0,0,0,0,1.0,0.0,0,0.5587013363838196
4410,9,26,194,0,0,0,0,0,1.0,0.0,0,0.4690909683704376
4411,35,28,179,0,0,0,0,0,1.0,0.0,0,0.5046983361244202
4412,57,82,73,0,0,0,0,0,1.0,0.0,0,0.4859524667263031
4413,57,50,101,0,0,0,0,0,1.0,0.0,0,0.5196136832237244
4414,57,107,206,0,0,0,0,0,1.0,0.0,0,0.505305290222168
4415,49,90,169,0,0,0,0,0,1.0,0.0,0,0.47622600197792053
4416,41,21,51,0,0,0,0,0,1.0,0.0,0,0.4874577224254608
4417,47,82,141,0,0,0,0,0,1.0,0.0,0,0.524593710899353
4418,39,49,148,0,0,0,0,0,1.0,0.0,0,0.5864542126655579
4419,29,38,58,0,0,0,0,0,1.0,0.0,0,0.49926331639289856
4420,53,80,244,0,0,0,0,0,1.0,0.3171214923876205,0,0.40891870856285095
4421,57,16,129,0,0,0,0,0,1.0,0.0,0,0.485073059797287
4422,29,89,104,0,0,0,0,0,1.0,0.0,0,0.510892927646637
4423,35,54,47,0,0,0,0,0,1.0,0.0,0,0.5207403302192688
4424,2,81,153,0,0,0,0,0,1.0,0.0,0,0.5042062401771545
4425,36,113,216,0,0,0,0,0,1.0,0.0,0,0.5130819082260132
4426,26,32,3,0,0,0,0,0,1.0,0.0,0,0.47755831480026245
4427,13,47,179,0,0,0,0,0,1.0,0.0,0,0.47285953164100647
4428,47,55,207,0,0,0,0,0,1.0,0.0,0,0.5348812937736511
4429,59,28,223,0,0,0,0,0,1.0,0.0,0,0.503655731678009
4430,5,0,226,0,0,0,0,0,1.0,0.0,0,0.4997868835926056
4431,4,22,54,0,0,0,0,0,1.0,0.0,0,0.4700888991355896
4432,10,31,204,0,0,0,0,0,1.0,0.0,0,0.5069563388824463
4433,11,3,39,0,0,0,0,0,1.0,0.0,0,0.47598081827163696
4434,16,115,138,0,0,0,0,0,1.0,0.0,0,0.5815821290016174
4435,31,127,1,0,0,0,0,0,1.0,0.0,0,0.4664742946624756
4436,49,30,245,0,0,0,0,0,1.0,0.0,0,0.5392149090766907
4437,47,29,179,0,0,0,0,0,1.0,0.0,0,0.45143428444862366
4438,60,36,203,0,0,0,0,0,1.0,0.0,0,0.5756364464759827
4439,21,103,172,0,0,0,0,0,1.0,0.0,0,0.4780738055706024
4440,21,10,84,0,0,0,0,0,1.0,0.0,0,0.5160762071609497
4441,35,116,233,0,0,0,0,0,1.0,0.0,0,0.5171543955802917
4442,10,34,224,0,0,0,0,0,1.0,0.0,0,0.501249372959137
4443,38,119,67,0,0,0,0,0,1.0,0.0,0,0.5597864985466003
4444,29,47,24,0,0,0,0,0,1.0,0.0,0,0.4529600739479065
4445,4,30,155,0,0,0,0,0,1.0,0.0,0,0.47901180386543274
4446,37,127,137,0,0,0,0,0,1.0,0.0,0,0.49626708030700684
4447,28,46,231,0,0,0,0,0,1.0,0.0,0,0.5299111008644104
4448,59,123,254,0,0,0,0,0,1.0,0.0,0,0.4538343548774719
4449,37,90,222,0,0,0,0,0,1.0,0.0,0,0.5102233290672302
4450,53,33,213,0,0,0,0,0,1.0,0.0,0,0.4953642785549164
4451,49,93,227,0,0,0,0,0,1.0,0.0,0,0.5184262990951538
4452,61,25,77,0,0,0,0,0,1.0,0.0,0,0.5386490225791931
4453,9,89,196,0,0,0,0,0,1.0,0.0,0,0.5520070195198059
4454,34,3,24,0,0,0,0,0,1.0,0.0,0,0.4489225447177887
4455,11,47,203,0,0,0,0,0,1.0,0.0,0,0.5805273056030273
4456,5,6,96,0,0,0,0,0,1.0,0.0,0,0.5226996541023254
4457,61,111,4,0,0,0,0,0,1.0,0.0,0,0.5167237520217896
4458,33,104,25,0,0,0,0,0,1.0,0.0,0,0.45324215292930603
4459,5,117,74,0,0,0,0,0,1.0,0.0,0,0.5432993173599243
4460,4,50,230,0,0,0,0,0,1.0,0.0,0,0.495797336101532
4461,2,16,92,0,0,0,0,0,1.0,0.0,0,0.42511221766471863
4462,12,53,144,0,0,0,0,0,1.0,0.0,0,0.5476596355438232
4463,0,0,0,0,0,0,0,0,0.16666666666666666,0.0,0,0.5611071586608887
4464,0,0,0,1,0,0,0,0,0.16666666666666666,0.0,0,0.5611071586608887
4465,1,75,152,1,0,0,0,0,0.5,0.0,0,0.45178359746932983
4466,1,5,88,0,0,0,0,0,1.0,0.0,0,0.46635565161705017
4467,44,76,145,0,0,0,0,0,1.0,0.0,0,0.49259400367736816
4468,54,33,223,0,0,0,0,0,1.0,0.0,0,0.4803865849971771
4469,54,63,61,0,0,0,0,0,1.0,0.0,0,0.46749794483184814
4470,1,51,134,0,0,0,0,0,1.0,0.0,0,0.4654527008533478
4471,1,87,104,0,0,0,0,0,1.0,0.0,0,0.5101565718650818
4472,17,82,201,0,0,0,0,0,1.0,0.0,0,0.4675752520561218
4473,17,82,3,0,0,0,0,0,1.0,0.0,0,0.45489412546157837
4474,6,25,176,0,0,0,0,0,1.0,0.0,0,0.5664182305335999
4475,1,95,47,0,0,0,0,0,1.0,0.0,0,0.513314962387085
4476,46,122,69,0,0,0,0,0,1.0,0.0,0,0.48599696159362793
4477,41,4,209,0,0,0,0,0,1.0,0.0,0,0.5028783082962036
4478,18,47,54,0,0,0,0,0,1.0,0.0,0,0.46915102005004883
4479,50,87,90,0,0,0,0,0,1.0,0.0,0,0.49509865045547485
4480,3,88,144,0,0,0,0,0,1.0,0.0,0,0.517142117023468
4481,37,3,246,0,0,0,0,0,1.0,0.0,0,0.480530709028244
4482,29,25,254,0,0,0,0,0,1.0,0.0,0,0.4541017413139343
4483,31,110,230,0,0,0,0,0,1.0,0.0,0,0.4309675991535187
4484,36,88,135,0,0,0,0,0,1.0,0.0,0,0.40395209193229675
4485,31,61,3,0,0,0,0,0,1.0,0.0,0,0.48156076669692993
4486,31,33,199,0,0,0,0,0,1.0,0.0,0,0.46994587779045105
4487,43,66,63,0,0,0,0,0,1.0,0.0,0,0.46366265416145325
4488,31,40,8,0,0,0,0,0,1.0,0.0,0,0.540317177772522
4489,31,12,244,0,0,0,0,0,1.0,0.0,0,0.5443852543830872
4490,15,109,236,0,0,0,0,0,1.0,0.0,0,0.43802765011787415
4491,36,127,82,0,0,0,0,0,1.0,0.0,0,0.5288599133491516
4492,40,126,101,0,0,0,0,0,1.0,0.0,0,0.5102207660675049
4493,15,51,63,0,0,0,0,0,1.0,0.0,0,0.4645810127258301
4494,53,88,237,0,0,0,0,0,1.0,0.0,0,0.4793241322040558
4495,15,12,97,0,0,0,0,0,1.0,0.0,0,0.43359827995300293
4496,15,74,121,0,0,0,0,0,1.0,0.0,0,0.43850064277648926
4497,31,86,192,0,0,0,0,0,1.0,0.0,0,0.48418647050857544
4498,36,60,188,0,0,0,0,0,1.0,0.0,0,0.4284878075122833
4499,9,7,78,0,0,0,0,0,1.0,0.0,0,0.4454871714115143
4500,15,62,230,0,0,0,0,0,1.0,0.0,0,0.4478757679462433
4501,56,120,173,0,0,0,0,0,1.0,0.0,0,0.5134199857711792
4502,56,107,227,0,0,0,0,0,1.0,0.0,0,0.5747815370559692
4503,49,78,16,0,0,0,0,0,1.0,0.0,0,0.4248034954071045
4504,10,58,50,0,0,0,0,0,1.0,0.0,0,0.46956124901771545
4505,47,74,131,0,0,0,0,0,1.0,0.0,0,0.462498277425766
4506,15,71,1,0,0,0,0,0,1.0,0.0,0,0.43778908252716064
4507,22,68,175,0,0,0,0,0,1.0,0.0,0,0.4437204897403717
4508,33,9,17,0,0,0,0,0,1.0,0.0,0,0.48765668272972107
4509,44,125,40,0,0,0,0,0,1.0,0.0,0,0.5259653329849243
4510,55,100,104,0,0,0,0,0,1.0,0.0,0,0.5053327083587646
4511,39,66,141,0,0,0,0,0,1.0,0.0,0,0.5476490259170532
4512,17,80,166,0,0,0,0,0,1.0,0.0,0,0.5227087736129761
4513,42,17,42,0,0,0,0,0,1.0,0.3891521333187181,0,0.5005131363868713
4514,4,93,213,0,0,0,0,0,1.0,0.0,0,0.4707672894001007
4515,61,8,53,0,0,0,0,0,1.0,0.0,0,0.514236569404602
4516,18,11,131,0,0,0,0,0,1.0,0.0,0,0.5572317838668823
4517,61,69,25,0,0,0,0,0,1.0,0.0,0,0.4781360626220703
4518,55,106,63,0,0,0,0,0,1.0,0.0,0,0.46984609961509705
4519,59,8,216,0,0,0,0,0,1.0,0.0,0,0.5082281827926636
4520,30,27,218,0,0,0,0,0,1.0,0.0,0,0.4312755763530731
4521,14,1,36,0,0,0,0,0,1.0,0.0,0,0.501182496547699
4522,62,76,151,0,0,0,0,0,1.0,0.0,0,0.5332362651824951
4523,16,16,73,0,0,0,0,0,1.0,0.0,0,0.469316691160202
4524,42,15,214,0,0,0,0,0,1.0,0.0,0,0.5130732655525208
4525,14,96,241,0,0,0,0,0,1.0,0.0,0,0.5514460802078247
4526,42,8,49,0,0,0,0,0,1.0,0.0,0,0.5558214783668518
4527,42,54,112,0,0,0,0,0,1.0,0.0,0,0.46444836258888245
4528,58,74,212,0,0,0,0,0,1.0,0.0,0,0.4794102907180786
4529,28,58,183,0,0,0,0,0,1.0,0.0,0,0.5493568778038025
4530,55,124,223,0,0,0,0,0,1.0,0.0,0,0.4898621737957001
4531,11,110,162,0,0,0,0,0,1.0,0.0,0,0.4132139980792999
4532,11,91,187,0,0,0,0,0,1.0,0.0,0,0.4703822135925293
4533,11,94,243,0,0,0,0,0,1.0,0.0,0,0.46800917387008667
4534,11,56,21,0,0,0,0,0,1.0,0.3703723125809897,0,0.4744977653026581
4535,11,110,127,0,0,0,0,0,1.0,0.0,0,0.40555617213249207
4536,58,102,244,0,0,0,0,0,1.0,0.0,0,0.4884118139743805
4537,14,115,3,0,0,0,0,0,1.0,0.0,0,0.4977031350135803
4538,38,16,254,0,0,0,0,0,1.0,0.0,0,0.5577155947685242
4539,9,22,55,0,0,0,0,0,1.0,0.0,0,0.5180152058601379
4540,51,91,216,0,0,0,0,0,1.0,0.0,0,0.44070354104042053
4541,12,6,142,0,0,0,0,0,1.0,0.0,0,0.5751314163208008
4542,8,58,249,0,0,0,0,0,1.0,0.0,0,0.4839392900466919
4543,51,20,76,0,0,0,0,0,1.0,0.0,0,0.47473207116127014
4544,41,8,55,0,0,0,0,0,1.0,0.0,0,0.4895639419555664
4545,29,125,174,0,0,0,0,0,1.0,0.0,0,0.4476265013217926
4546,50,15,121,0,0,0,0,0,1.0,0.0,0,0.46727612614631653
4547,41,24,147,0,0,0,0,0,1.0,0.0,0,0.4743078052997589
4548,63,23,242,0,0,0,0,0,1.0,0.0,0,0.4894203841686249
4549,29,98,182,0,0,0,0,0,1.0,0.0,0,0.46991798281669617
4550,49,111,23,0,0,0,0,0,1.0,0.0,0,0.5249417424201965
4551,13,102,47,0,0,0,0,0,1.0,0.0,0,0.4802612364292145
4552,13,94,15,0,0,0,0,0,1.0,0.0,0,0.4157334268093109
4553,55,118,60,0,0,0,0,0,1.0,0.0,0,0.5091317296028137
4554,39,119,215,0,0,0,0,0,1.0,0.0,0,0.528472900390625
4555,49,111,89,0,0,0,0,0,1.0,0.0,0,0.5179081559181213
4556,55,72,114,0,0,0,0,0,1.0,0.0,0,0.5041522979736328
4557,0,3,47,0,0,0,0,0,1.0,0.0,0,0.454877108335495
4558,59,63,103,0,0,0,0,0,1.0,0.0,0,0.5156341195106506
4559,52,60,78,0,0,0,0,0,1.0,0.0,0,0.4793464243412018
4560,34,46,87,0,0,0,0,0,1.0,0.0,0,0.44640031456947327
4561,21,67,29,0,0,0,0,0,1.0,0.0,0,0.4546325206756592
4562,45,41,190,0,0,0,0,0,1.0,0.3859618489475487,0,0.48889926075935364
4563,9,75,88,0,0,0,0,0,1.0,0.0,0,0.5134317278862
4564,17,79,157,0,0,0,0,0,1.0,0.0,0,0.48658332228660583
4565,50,76,102,0,0,0,0,0,1.0,0.0,0,0.4891754388809204
4566,61,85,224,0,0,0,0,0,1.0,0.0,0,0.5287272334098816
4567,38,33,213,0,0,0,0,0,1.0,0.0,0,0.4782422184944153
4568,38,60,195,0,0,0,0,0,1.0,0.0,0,0.5342715382575989
4569,62,73,211,0,0,0,0,0,1.0,0.0,0,0.5482577681541443
4570,4,95,229,0,0,0,0,0,1.0,0.0,0,0.5246628522872925
4571,54,5,146,0,0,0,0,0,1.0,0.35642921791117865,0,0.5270706415176392
4572,26,78,114,0,0,0,0,0,1.0,0.0,0,0.5290932059288025
4573,15,94,19,0,0,0,0,0,1.0,0.0,0,0.46325981616973877
4574,22,35,62,0,0,0,0,0,1.0,0.0,0,0.5309807658195496
4575,9,65,235,0,0,0,0,0,1.0,0.0,0,0.4968637228012085
4576,3,26,244,0,0,0,0,0,1.0,0.0,0,0.4938174784183502
4577,27,123,242,0,0,0,0,0,1.0,0.0,0,0.48777857422828674
4578,6,94,140,0,0,0,0,0,1.0,0.0,0,0.4317997395992279
4579,26,78,182,0,0,0,0,0,1.0,0.0,0,0.5250880718231201
4580,42,38,15,0,0,0,0,0,1.0,0.0,0,0.5605663657188416
4581,29,11,125,0,0,0,0,0,1.0,0.0,0,0.5336374044418335
4582,53,26,131,0,0,0,0,0,1.0,0.0,0,0.5393950343132019
4583,52,8,154,0,0,0,0,0,1.0,0.0,0,0.47345539927482605
4584,10,103,132,0,0,0,0,0,1.0,0.0,0,0.5278191566467285
4585,38,100,180,0,0,0,0,0,1.0,0.0,0,0.5265459418296814
4586,49,115,193,0,0,0,0,0,1.0,0.0,0,0.458798885345459
4587,14,116,223,0,0,0,0,0,1.0,0.0,0,0.5039187073707581
4588,14,84,28,0,0,0,0,0,1.0,0.0,0,0.534694492816925
4589,56,27,145,0,0,0,0,0,1.0,0.0,0,0.46786046028137207
4590,56,40,62,0,0,0,0,0,1.0,0.0,0,0.4876026511192322
4591,24,96,203,0,0,0,0,0,1.0,0.0,0,0.5693854689598083
4592,31,17,60,0,0,0,0,0,1.0,0.0,0,0.4449441432952881
4593,6,18,5,0,0,0,0,0,1.0,0.0,0,0.5082935690879822
4594,6,18,47,0,0,0,0,0,1.0,0.0,0,0.5193499326705933
4595,56,123,14,0,0,0,0,0,1.0,0.0,0,0.5524072051048279
4596,58,105,232,0,0,0,0,0,1.0,0.0,0,0.5807418823242188
4597,56,50,154,0,0,0,0,0,1.0,0.4018706021818906,0,0.547840416431427
4598,16,103,76,0,0,0,0,0,1.0,0.0,0,0.4859832227230072
4599,35,69,207,0,0,0,0,0,1.0,0.0,0,0.47262728214263916
4600,25,16,207,0,0,0,0,0,1.0,0.0,0,0.4881180226802826
4601,28,90,193,0,0,0,0,0,1.0,0.0,0,0.4904787540435791
4602,7,25,178,0,0,0,0,0,1.0,0.0,0,0.5819147825241089
4603,56,26,232,0,0,0,0,0,1.0,0.0,0,0.5474225878715515
4604,36,120,126,0,0,0,0,0,1.0,0.0,0,0.4418228566646576
4605,8,50,20,0,0,0,0,0,1.0,0.0,0,0.5426054000854492
4606,36,55,58,0,0,0,0,0,1.0,0.0,0,0.5033730268478394
4607,33,92,175,0,0,0,0,0,1.0,0.0,0,0.5291956663131714
4608,56,13,200,0,0,0,0,0,1.0,0.0,0,0.5577474236488342
4609,6,118,118,0,0,0,0,0,1.0,0.0,0,0.4990977942943573
4610,6,118,8,0,0,0,0,0,1.0,0.0,0,0.51627117395401
4611,40,52,200,0,0,0,0,0,1.0,0.0,0,0.469345360994339
4612,56,67,237,0,0,0,0,0,1.0,0.0,0,0.5597103238105774
4613,32,80,191,0,0,0,0,0,1.0,0.0,0,0.4324963390827179
4614,52,117,205,0,0,0,0,0,1.0,0.0,0,0.4748287498950958
4615,23,17,55,0,0,0,0,0,1.0,0.0,0,0.5178881883621216
4616,3,7,162,0,0,0,0,0,1.0,0.0,0,0.5048902034759521
4617,18,23,94,0,0,0,0,0,1.0,0.0,0,0.5150820016860962
4618,42,9,88,0,0,0,0,0,1.0,0.0,0,0.5472091436386108
4619,5,60,112,0,0,0,0,0,1.0,0.0,0,0.41880500316619873
4620,58,103,7,0,0,0,0,0,1.0,0.0,0,0.5458025932312012
4621,44,12,22,0,0,0,0,0,1.0,0.0,0,0.5299862623214722
4622,35,64,42,0,0,0,0,0,1.0,0.0,0,0.5297099351882935
4623,24,42,193,0,0,0,0,0,1.0,0.0,0,0.5016971826553345
4624,55,105,76,0,0,0,0,0,1.0,0.0,0,0.5674089193344116
4625,55,69,244,0,0,0,0,0,1.0,0.0,0,0.5139938592910767
4626,45,108,23,0,0,0,0,0,1.0,0.0,0,0.5718609094619751
4627,42,95,112,0,0,0,0,0,1.0,0.0,0,0.5081062912940979
4628,43,14,230,0,0,0,0,0,1.0,0.0,0,0.5556144118309021
4629,54,94,250,0,0,0,0,0,1.0,0.0,0,0.4854106903076172
4630,60,19,166,0,0,0,0,0,1.0,0.0,0,0.5388821363449097
4631,47,48,5,0,0,0,0,0,1.0,0.0,0,0.47063976526260376
4632,54,68,246,0,0,0,0,0,1.0,0.0,0,0.481100857257843
4633,38,122,51,0,0,0,0,0,1.0,0.0,0,0.45547613501548767
4634,44,112,9,0,0,0,0,0,1.0,0.0,0,0.5038928389549255
4635,24,123,44,0,0,0,0,0,1.0,0.3164185732505089,0,0.5781633257865906
4636,57,126,212,0,0,0,0,0,1.0,0.0,0,0.5093111991882324
4637,3,34,65,0,0,0,0,0,1.0,0.0,0,0.4226565361022949
4638,6,61,117,0,0,0,0,0,1.0,0.32029561317259775,0,0.4371160566806793
4639,4,92,243,0,0,0,0,0,1.0,0.0,0,0.4769115447998047
4640,54,53,163,0,0,0,0,0,1.0,0.0,0,0.4985175132751465
4641,35,120,103,0,0,0,0,0,1.0,0.0,0,0.5170011520385742
4642,39,73,187,0,0,0,0,0,1.0,0.0,0,0.5078322887420654
4643,51,112,65,0,0,0,0,0,1.0,0.0,0,0.4935726821422577
4644,40,120,231,0,0,0,0,0,1.0,0.0,0,0.5495080947875977
4645,12,55,63,0,0,0,0,0,1.0,0.0,0,0.519469141960144
4646,29,80,40,0,0,0,0,0,1.0,0.0,0,0.41701778769493103
4647,40,97,216,0,0,0,0,0,1.0,0.0,0,0.4883897304534912
4648,20,90,198,0,0,0,0,0,1.0,0.0,0,0.5101324915885925
4649,29,90,181,0,0,0,0,0,1.0,0.0,0,0.4404917061328888
4650,29,102,78,0,0,0,0,0,1.0,0.0,0,0.3854968845844269
4651,3,10,140,0,0,0,0,0,1.0,0.0,0,0.4755978584289551
4652,32,83,68,0,0,0,0,0,1.0,0.0,0,0.5866901278495789
4653,5,13,214,0,0,0,0,0,1.0,0.0,0,0.5184178948402405
4654,8,34,175,0,0,0,0,0,1.0,0.0,0,0.4480878710746765
4655,3,10,71,0,0,0,0,0,1.0,0.0,0,0.46862146258354187
4656,29,40,200,0,0,0,0,0,1.0,0.0,0,0.5455873012542725
4657,41,114,197,0,0,0,0,0,1.0,0.0,0,0.48970258235931396
4658,35,63,179,0,0,0,0,0,1.0,0.0,0,0.42869845032691956
4659,10,122,73,0,0,0,0,0,1.0,0.0,0,0.5016231536865234
4660,16,59,242,0,0,0,0,0,1.0,0.25683761873944855,0,0.4337751269340515
4661,36,126,173,0,0,0,0,0,1.0,0.0,0,0.493478387594223
4662,5,61,253,0,0,0,0,0,1.0,0.0,0,0.475242555141449
4663,59,31,103,0,0,0,0,0,1.0,0.0,0,0.5510978698730469
4664,13,47,96,0,0,0,0,0,1.0,0.0,0,0.4803682565689087
4665,16,114,83,0,0,0,0,0,1.0,0.0,0,0.4860305190086365
4666,46,53,236,0,0,0,0,0,1.0,0.0,0,0.47924938797950745
4667,18,19,173,0,0,0,0,0,1.0,0.0,0,0.4856789708137512
4668,55,20,11,0,0,0,0,0,1.0,0.0,0,0.5558042526245117
4669,2,122,187,0,0,0,0,0,1.0,0.0,0,0.4139626920223236
4670,7,115,250,0,0,0,0,0,1.0,0.0,0,0.5141558647155762
4671,16,94,72,0,0,0,0,0,1.0,0.0,0,0.5094901323318481
4672,23,78,74,0,0,0,0,0,1.0,0.0,0,0.561296284198761
4673,33,120,16,0,0,0,0,0,1.0,0.0,0,0.5325196385383606
4674,9,119,142,0,0,0,0,0,1.0,0.0,0,0.5443862676620483
4675,39,15,210,0,0,0,0,0,1.0,0.0,0,0.47380006313323975
4676,55,30,51,0,0,0,0,0,1.0,0.0,0,0.5161627531051636
4677,57,46,58,0,0,0,0,0,1.0,0.0,0,0.44111230969429016
4678,38,51,166,0,0,0,0,0,1.0,0.0,0,0.5139257907867432
4679,25,82,231,0,0,0,0,0,1.0,0.0,0,0.5245475172996521
4680,23,75,5,0,0,0,0,0,1.0,0.0,0,0.47929614782333374
4681,55,118,42,0,0,0,0,0,1.0,0.0,0,0.5477443337440491
4682,48,124,226,0,0,0,0,0,1.0,0.0,0,0.4783552289009094
4683,33,80,106,0,0,0,0,0,1.0,0.0,0,0.45327645540237427
4684,30,33,170,0,0,0,0,0,1.0,0.0,0,0.5219005346298218
4685,47,95,232,0,0,0,0,0,1.0,0.0,0,0.5181297659873962
4686,38,33,57,0,0,0,0,0,1.0,0.0,0,0.4857856035232544
4687,5,29,174,0,0,0,0,0,1.0,0.0,0,0.43779438734054565
4688,49,51,0,0,0,0,0,0,1.0,0.0,0,0.5411762595176697
4689,10,102,98,0,0,0,0,0,1.0,0.0,0,0.540193498134613
4690,16,44,223,0,0,0,0,0,1.0,0.0,0,0.47000011801719666
4691,24,64,203,0,0,0,0,0,1.0,0.0,0,0.5046995282173157
4692,57,25,254,0,0,0,0,0,1.0,0.0,0,0.47897350788116455
4693,26,49,197,0,0,0,0,0,1.0,0.0,0,0.5076861381530762
4694,31,116,122,0,0,0,0,0,1.0,0.0,0,0.4988647699356079
4695,30,2,243,0,0,0,0,0,1.0,0.0,0,0.4613109529018402
4696,32,72,73,0,0,0,0,0,1.0,0.0,0,0.5051668286323547
4697,7,95,244,0,0,0,0,0,1.0,0.0,0,0.5496992468833923
4698,26,96,152,0,0,0,0,0,1.0,0.0,0,0.5162937641143799
4699,25,40,236,0,0,0,0,0,1.0,0.0,0,0.549896240234375
4700,27,51,105,0,0,0,0,0,1.0,0.0,0,0.5201312899589539
4701,25,116,23,0,0,0,0,0,1.0,0.0,0,0.5345675945281982
4702,42,43,117,0,0,0,0,0,1.0,0.0,0,0.4646557569503784
4703,52,15,231,0,0,0,0,0,1.0,0.0,0,0.5147371888160706
4704,29,30,227,0,0,0,0,0,1.0,0.0,0,0.4521302878856659
4705,17,17,154,0,0,0,0,0,1.0,0.0,0,0.5643460750579834
4706,1,24,218,0,0,0,0,0,1.0,0.0,0,0.4568839371204376
4707,54,24,79,0,0,0,0,0,1.0,0.0,0,0.5222423672676086
4708,53,118,165,0,0,0,0,0,1.0,0.0,0,0.5471718311309814
4709,49,71,123,0,0,0,0,0,1.0,0.0,0,0.47294992208480835
4710,60,51,181,0,0,0,0,0,1.0,0.0,0,0.4871841371059418
4711,45,120,99,0,0,0,0,0,1.0,0.0,0,0.44030705094337463
4712,33,27,79,0,0,0,0,0,1.0,0.0,0,0.4326396584510803
4713,39,95,97,0,0,0,0,0,1.0,0.0,0,0.49924081563949585
4714,33,109,172,0,0,0,0,0,1.0,0.0,0,0.46971145272254944
4715,55,119,216,0,0,0,0,0,1.0,0.0,0,0.48585250973701477
4716,61,72,178,0,0,0,0,0,1.0,0.0,0,0.491222083568573
4717,59,66,244,0,0,0,0,0,1.0,0.0,0,0.533530056476593
4718,22,123,196,0,0,0,0,0,1.0,0.0,0,0.49588242173194885
4719,61,32,222,0,0,0,0,0,1.0,0.0,0,0.4259462058544159
4720,38,71,85,0,0,0,0,0,1.0,0.0,0,0.5110597014427185
4721,62,90,118,0,0,0,0,0,1.0,0.0,0,0.5367816686630249
4722,60,89,230,0,0,0,0,0,1.0,0.0,0,0.5274062752723694
4723,36,104,113,0,0,0,0,0,1.0,0.0,0,0.4501609206199646
4724,62,35,132,0,0,0,0,0,1.0,0.0,0,0.5125929713249207
4725,9,71,142,0,0,0,0,0,1.0,0.0,0,0.4081208109855652
4726,33,12,199,0,0,0,0,0,1.0,0.0,0,0.5143032073974609
4727,16,94,127,0,0,0,0,0,1.0,0.0,0,0.5093002915382385
4728,4,88,249,0,0,0,0,0,1.0,0.0,0,0.4849502742290497
4729,33,108,174,0,0,0,0,0,1.0,0.0,0,0.4371834993362427
4730,44,60,184,0,0,0,0,0,1.0,0.0,0,0.5204169154167175
4731,59,84,237,0,0,0,0,0,1.0,0.0,0,0.4846073091030121
4732,14,92,68,0,0,0,0,0,1.0,0.0,0,0.5649961829185486
4733,42,98,179,0,0,0,0,0,1.0,0.0,0,0.4724791646003723
4734,19,76,225,0,0,0,0,0,1.0,0.0,0,0.5875424742698669
4735,63,47,206,0,0,0,0,0,1.0,0.0,0,0.4858054518699646
4736,31,105,160,0,0,0,0,0,1.0,0.0,0,0.5099823474884033
4737,32,23,229,0,0,0,0,0,1.0,0.0,0,0.5546138286590576
4738,43,112,201,0,0,0,0,0,1.0,0.0,0,0.5957590937614441
4739,43,72,50,0,0,0,0,0,1.0,0.0,0,0.5514159798622131
4740,41,104,214,0,0,0,0,0,1.0,0.0,0,0.5331690907478333
4741,14,89,162,0,0,0,0,0,1.0,0.0,0,0.5332474708557129
4742,59,117,115,0,0,0,0,0,1.0,0.0,0,0.5493867993354797
4743,55,17,52,0,0,0,0,0,1.0,0.0,0,0.5064075589179993
4744,38,23,36,0,0,0,0,0,1.0,0.0,0,0.45769768953323364
4745,62,67,218,0,0,0,0,0,1.0,0.0,0,0.5393558740615845
4746,46,1,203,0,0,0,0,0,1.0,0.0,0,0.5627024173736572
4747,5,15,210,0,0,0,0,0,1.0,0.0,0,0.5395867824554443
4748,14,77,47,0,0,0,0,0,1.0,0.0,0,0.5360114574432373
4749,49,58,95,0,0,0,0,0,1.0,0.0,0,0.4491444528102875
4750,49,94,43,0,0,0,0,0,1.0,0.0,0,0.5094476938247681
4751,49,98,21,0,0,0,0,0,1.0,0.0,0,0.5203701257705688
4752,30,101,5,0,0,0,0,0,1.0,0.0,0,0.43684735894203186
4753,45,109,78,0,0,0,0,0,1.0,0.0,0,0.45099717378616333
4754,20,105,200,0,0,0,0,0,1.0,0.0,0,0.5718491673469543
4755,20,70,170,0,0,0,0,0,1.0,0.0,0,0.5527467727661133
4756,41,22,55,0,0,0,0,0,1.0,0.0,0,0.45466434955596924
4757,34,64,26,0,0,0,0,0,1.0,0.0,0,0.45925676822662354
4758,43,98,13,0,0,0,0,0,1.0,0.0,0,0.4907742440700531
4759,62,93,98,0,0,0,0,0,1.0,0.0,0,0.5427567958831787
4760,7,51,150,0,0,0,0,0,1.0,0.0,0,0.5032877326011658
4761,62,85,60,0,0,0,0,0,1.0,0.0,0,0.5762121081352234
4762,50,96,29,0,0,0,0,0,1.0,0.0,0,0.47703030705451965
4763,30,29,151,0,0,0,0,0,1.0,0.0,0,0.48091885447502136
4764,52,51,50,0,0,0,0,0,1.0,0.0,0,0.4812084138393402
4765,49,2,245,0,0,0,0,0,1.0,0.0,0,0.4847128093242645
4766,33,127,204,0,0,0,0,0,1.0,0.0,0,0.4722035229206085
4767,46,25,1,0,0,0,0,0,1.0,0.0,0,0.5255715250968933
4768,29,35,14,0,0,0,0,0,1.0,0.0,0,0.4649123549461365
4769,4,22,92,0,0,0,0,0,1.0,0.0,0,0.4443032741546631
4770,47,25,26,0,0,0,0,0,1.0,0.0,0,0.5188679099082947
4771,33,70,27,0,0,0,0,0,1.0,0.0,0,0.5079605579376221
4772,59,36,79,0,0,0,0,0,1.0,0.0,0,0.49630868434906006
4773,49,58,97,0,0,0,0,0,1.0,0.0,0,0.41333818435668945
4774,19,61,96,0,0,0,0,0,1.0,0.0,0,0.4864901006221771
4775,53,28,92,0,0,0,0,0,1.0,0.0,0,0.4705455005168915
4776,40,13,125,0,0,0,0,0,1.0,0.0,0,0.4367534816265106
4777,55,112,133,0,0,0,0,0,1.0,0.0,0,0.48796138167381287
4778,3,104,10,0,0,0,0,0,1.0,0.0,0,0.44888758659362793
4779,3,54,36,0,0,0,0,0,1.0,0.0,0,0.4870389699935913
4780,26,29,106,0,0,0,0,0,1.0,0.0,0,0.4630626142024994
4781,13,119,177,0,0,0,0,0,1.0,0.0,0,0.46329668164253235
4782,58,18,105,0,0,0,0,0,1.0,0.0,0,0.4740155041217804
4783,42,3,116,0,0,0,0,0,1.0,0.0,0,0.5239656567573547
4784,32,107,26,0,0,0,0,0,1.0,0.0,0,0.5488739013671875
4785,32,29,68,0,0,0,0,0,1.0,0.0,0,0.5166857838630676
4786,36,114,178,0,0,0,0,0,1.0,0.0,0,0.4680641293525696
4787,0,80,7,0,0,0,0,0,1.0,0.0,0,0.43981853127479553
4788,46,32,172,0,0,0,0,0,1.0,0.0,0,0.460741251707077
4789,0,112,68,0,0,0,0,0,1.0,0.0,0,0.48084884881973267
4790,0,86,4,0,0,0,0,0,1.0,0.0,0,0.47409358620643616
4791,53,92,115,0,0,0,0,0,1.0,0.0,0,0.498087078332901
4792,5,22,138,0,0,0,0,0,1.0,0.0,0,0.489663690328598
4793,23,102,63,0,0,0,0,0,1.0,0.0,0,0.47393548488616943
4794,0,72,190,0,0,0,0,0,1.0,0.0,0,0.4747125506401062
4795,4,29,128,0,0,0,0,0,1.0,0.0,0,0.49875885248184204
4796,4,2,34,0,0,0,0,0,1.0,0.0,0,0.5180249810218811
4797,28,71,117,0,0,0,0,0,1.0,0.0,0,0.4745277762413025
4798,38,10,181,0,0,0,0,0,1.0,0.0,0,0.4624447822570801
4799,0,72,127,0,0,0,0,0,1.0,0.0,0,0.46291524171829224
4800,14,25,202,0,0,0,0,0,1.0,0.0,0,0.555674135684967
4801,16,60,48,0,0,0,0,0,1.0,0.0,0,0.5116573572158813
4802,61,59,196,0,0,0,0,0,1.0,0.0,0,0.5303711891174316
4803,24,52,211,0,0,0,0,0,1.0,0.0,0,0.48543936014175415
4804,59,116,25,0,0,0,0,0,1.0,0.0,0,0.49093854427337646
4805,4,45,53,0,0,0,0,0,1.0,0.0,0,0.5165581107139587
4806,59,45,8,0,0,0,0,0,1.0,0.0,0,0.46561479568481445
4807,16,22,222,0,0,0,0,0,1.0,0.0,0,0.43140336871147156
4808,52,110,104,0,0,0,0,0,1.0,0.0,0,0.48373615741729736
4809,61,112,223,0,0,0,0,0,1.0,0.0,0,0.43652012944221497
4810,14,125,132,0,0,0,0,0,1.0,0.0,0,0.5576667189598083
4811,4,66,3,0,0,0,0,0,1.0,0.0,0,0.4631768465042114
4812,38,65,248,0,0,0,0,0,1.0,0.0,0,0.5148242712020874
4813,43,72,69,0,0,0,0,0,1.0,0.0,0,0.4931929111480713
4814,13,80,111,0,0,0,0,0,1.0,0.0,0,0.4917716979980469
4815,35,54,19,0,0,0,0,0,1.0,0.0,0,0.5170192718505859
4816,6,33,87,0,0,0,0,0,1.0,0.0,0,0.4920535385608673
4817,6,29,232,0,0,0,0,0,1.0,0.0,0,0.5063014030456543
4818,59,72,17,0,0,0,0,0,1.0,0.0,0,0.4601905941963196
4819,52,18,248,0,0,0,0,0,1.0,0.0,0,0.4829622209072113
4820,16,63,158,0,0,0,0,0,1.0,0.0,0,0.5500108599662781
4821,39,112,141,0,0,0,0,0,1.0,0.0,0,0.507454514503479
4822,33,88,121,0,0,0,0,0,1.0,0.0,0,0.520169734954834
4823,28,51,67,0,0,0,0,0,1.0,0.0,0,0.5249212384223938
4824,47,107,100,0,0,0,0,0,1.0,0.0,0,0.44350919127464294
4825,33,0,95,0,0,0,0,0,1.0,0.0,0,0.5236075520515442
4826,17,38,77,0,0,0,0,0,1.0,0.0,0,0.5555357336997986
4827,21,5,134,0,0,0,0,0,1.0,0.0,0,0.4912720322608948
4828,10,21,51,0,0,0,0,0,1.0,0.0,0,0.5140324234962463
4829,41,107,157,0,0,0,0,0,1.0,0.0,0,0.5238043069839478
4830,57,125,147,0,0,0,0,0,1.0,0.0,0,0.5033383965492249
4831,50,40,110,0,0,0,0,0,1.0,0.0,0,0.4696634113788605
4832,51,68,118,0,0,0,0,0,1.0,0.0,0,0.5076918601989746
4833,30,48,175,0,0,0,0,0,1.0,0.0,0,0.49633824825286865
4834,49,36,86,0,0,0,0,0,1.0,0.0,0,0.5002085566520691
4835,3,107,153,0,0,0,0,0,1.0,0.0,0,0.5298598408699036
4836,50,60,9,0,0,0,0,0,1.0,0.0,0,0.4214783310890198
4837,6,48,73,0,0,0,0,0,1.0,0.0,0,0.5598943829536438
4838,63,111,179,0,0,0,0,0,1.0,0.0,0,0.5041143894195557
4839,55,30,5,0,0,0,0,0,1.0,0.0,0,0.5204473733901978
4840,61,60,248,0,0,0,0,0,1.0,0.0,0,0.45930910110473633
4841,42,17,138,0,0,0,0,0,1.0,0.0,0,0.4640089273452759
4842,12,3,104,0,0,0,0,0,1.0,0.0,0,0.4734645187854767
4843,26,88,193,0,0,0,0,0,1.0,0.0,0,0.4378877580165863
4844,38,103,37,0,0,0,0,0,1.0,0.0,0,0.5478308796882629
4845,34,23,22,0,0,0,0,0,1.0,0.0,0,0.4730724096298218
4846,44,112,53,0,0,0,0,0,1.0,0.0,0,0.4903806746006012
4847,25,28,108,0,0,0,0,0,1.0,0.0,0,0.5677029490470886
4848,21,47,45,0,0,0,0,0,1.0,0.0,0,0.5506103038787842
4849,7,88,59,0,0,0,0,0,1.0,0.0,0,0.5135974287986755
4850,25,34,90,0,0,0,0,0,1.0,0.0,0,0.4952899217605591
4851,3,52,26,0,0,0,0,0,1.0,0.0,0,0.4770808219909668
4852,11,66,104,0,0,0,0,0,1.0,0.0,0,0.4829765856266022
4853,3,47,137,0,0,0,0,0,1.0,0.0,0,0.5346888899803162
4854,45,16,113,0,0,0,0,0,1.0,0.0,0,0.5560901761054993
4855,7,111,19,0,0,0,0,0,1.0,0.0,0,0.5128608345985413
4856,2,53,196,0,0,0,0,0,1.0,0.0,0,0.5250149965286255
4857,53,87,113,0,0,0,0,0,1.0,0.0,0,0.5125895142555237
4858,1,83,161,0,0,0,0,0,1.0,0.0,0,0.48838871717453003
4859,38,102,64,0,0,0,0,0,1.0,0.0,0,0.5107002854347229
4860,7,60,106,0,0,0,0,0,1.0,0.0,0,0.5347898602485657
4861,38,116,163,0,0,0,0,0,1.0,0.0,0,0.5601176619529724
4862,34,10,49,0,0,0,0,0,1.0,0.0,0,0.4825209975242615
4863,4,19,253,0,0,0,0,0,1.0,0.0,0,0.5354171991348267
4864,34,2,195,0,0,0,0,0,1.0,0.0,0,0.4820128083229065
4865,24,27,199,0,0,0,0,0,1.0,0.0,0,0.49461862444877625
4866,9,90,88,0,0,0,0,0,1.0,0.32982636173924534,0,0.4917338192462921
4867,34,6,117,0,0,0,0,0,1.0,0.0,0,0.517772376537323
4868,34,73,181,0,0,0,0,0,1.0,0.0,0,0.4684036672115326
4869,34,125,220,0,0,0,0,0,1.0,0.0,0,0.43932756781578064
4870,5,61,197,0,0,0,0,0,1.0,0.0,0,0.4804369807243347
4871,28,32,223,0,0,0,0,0,1.0,0.0,0,0.4036080241203308
4872,14,34,236,0,0,0,0,0,1.0,0.0,0,0.4611043334007263
4873,28,89,223,0,0,0,0,0,1.0,0.0,0,0.5157602429389954
4874,47,112,96,0,0,0,0,0,1.0,0.3751861072749779,0,0.45586737990379333
4875,50,89,78,0,0,0,0,0,1.0,0.0,0,0.5094402432441711
4876,41,104,238,0,0,0,0,0,1.0,0.0,0,0.49019429087638855
4877,0,127,155,0,0,0,0,0,1.0,0.0,0,0.46391043066978455
4878,37,99,150,0,0,0,0,0,1.0,0.0,0,0.4964952766895294
4879,61,75,96,0,0,0,0,0,1.0,0.0,0,0.49963343143463135
4880,42,12,217,0,0,0,0,0,1.0,0.0,0,0.5298448204994202
4881,19,100,195,0,0,0,0,0,1.0,0.0,0,0.5647205114364624
4882,62,15,51,0,0,0,0,0,1.0,0.0,0,0.5297855138778687
4883,3,117,22,0,0,0,0,0,1.0,0.0,0,0.5881049633026123
4884,57,112,206,0,0,0,0,0,1.0,0.0,0,0.46988624334335327
4885,50,63,177,0,0,0,0,0,1.0,0.0,0,0.45053714513778687
4886,36,75,178,0,0,0,0,0,1.0,0.0,0,0.45649510622024536
4887,63,27,35,0,0,0,0,0,1.0,0.0,0,0.4812762439250946
4888,11,118,59,0,0,0,0,0,1.0,0.0,0,0.4810540974140167
4889,36,95,146,0,0,0,0,0,1.0,0.0,0,0.5224034786224365
4890,20,9,1,0,0,0,0,0,1.0,0.0,0,0.5502126216888428
4891,9,113,184,0,0,0,0,0,1.0,0.0,0,0.5891273021697998
4892,19,32,174,0,0,0,0,0,1.0,0.0,0,0.4671264588832855
4893,30,48,29,0,0,0,0,0,1.0,0.0,0,0.4219619929790497
4894,33,112,253,0,0,0,0,0,1.0,0.0,0,0.4327528178691864
4895,27,1,129,0,0,0,0,0,1.0,0.0,0,0.5189977288246155
4896,10,109,1,0,0,0,0,0,1.0,0.0,0,0.4979567527770996
4897,49,32,254,0,0,0,0,0,1.0,0.0,0,0.4437892735004425
4898,50,100,155,0,0,0,0,0,1.0,0.0,0,0.5522469282150269
4899,49,98,247,0,0,0,0,0,1.0,0.0,0,0.488342821598053
4900,49,95,44,0,0,0,0,0,1.0,0.0,0,0.4869629144668579
4901,33,41,142,0,0,0,0,0,1.0,0.0,0,0.5756270885467529
4902,52,49,82,0,0,0,0,0,1.0,0.0,0,0.48597490787506104
4903,54,66,179,0,0,0,0,0,1.0,0.0,0,0.5026509761810303
4904,23,45,66,0,0,0,0,0,1.0,0.0,0,0.48358094692230225
4905,54,88,30,0,0,0,0,0,1.0,0.0,0,0.5895232558250427
4906,19,80,171,0,0,0,0,0,1.0,0.0,0,0.4859341084957123
4907,46,85,41,0,0,0,0,0,1.0,0.0,0,0.4881100356578827
4908,33,121,2,0,0,0,0,0,1.0,0.0,0,0.41889411211013794
4909,13,67,210,0,0,0,0,0,1.0,0.0,0,0.457073837518692
4910,44,117,16,0,0,0,0,0,1.0,0.3788111121119046,0,0.5145881175994873
4911,57,94,161,0,0,0,0,0,1.0,0.0,0,0.48129087686538696
4912,11,13,237,0,0,0,0,0,1.0,0.0,0,0.47592511773109436
4913,57,41,131,0,0,0,0,0,1.0,0.0,0,0.5249461531639099
4914,33,65,139,0,0,0,0,0,1.0,0.0,0,0.47205066680908203
4915,8,15,203,0,0,0,0,0,1.0,0.0,0,0.5225641131401062
4916,55,55,219,0,0,0,0,0,1.0,0.0,0,0.5073254704475403
4917,11,123,51,0,0,0,0,0,1.0,0.0,0,0.4802826941013336
4918,11,42,43,0,0,0,0,0,1.0,0.0,0,0.44677290320396423
4919,11,62,111,0,0,0,0,0,1.0,0.0,0,0.4968867301940918
4920,25,92,148,0,0,0,0,0,1.0,0.0,0,0.5360619425773621
4921,13,87,96,0,0,0,0,0,1.0,0.0,0,0.4725523293018341
4922,56,60,19,0,0,0,0,0,1.0,0.0,0,0.5261760950088501
4923,5,118,208,0,0,0,0,0,1.0,0.0,0,0.46685200929641724
4924,56,120,241,0,0,0,0,0,1.0,0.0,0,0.5419028997421265
4925,27,11,53,0,0,0,0,0,1.0,0.0,0,0.5213554501533508
4926,38,48,17,0,0,0,0,0,1.0,0.3317409636523653,0,0.5029886364936829
4927,16,20,164,0,0,0,0,0,1.0,0.0,0,0.4898870885372162
4928,43,79,96,0,0,0,0,0,1.0,0.0,0,0.47294557094573975
4929,60,112,20,0,0,0,0,0,1.0,0.0,0,0.48688825964927673
4930,63,37,111,0,0,0,0,0,1.0,0.0,0,0.4706686735153198
4931,63,37,144,0,0,0,0,0,1.0,0.0,0,0.5007245540618896
4932,63,50,252,0,0,0,0,0,1.0,0.0,0,0.5546884536743164
4933,63,37,184,0,0,0,0,0,1.0,0.0,0,0.4607013463973999
4934,63,37,157,0,0,0,0,0,1.0,0.0,0,0.4697619378566742
4935,58,84,172,0,0,0,0,0,1.0,0.0,0,0.4013371467590332
4936,33,127,41,0,0,0,0,0,1.0,0.0,0,0.5143596529960632
4937,12,5,97,0,0,0,0,0,1.0,0.0,0,0.48389220237731934
4938,43,99,108,0,0,0,0,0,1.0,0.0,0,0.5109894871711731
4939,15,2,139,0,0,0,0,0,1.0,0.0,0,0.4394518733024597
4940,15,121,99,0,0,0,0,0,1.0,0.0,0,0.4244324862957001
4941,39,49,200,0,0,0,0,0,1.0,0.0,0,0.505867063999176
4942,15,22,16,0,0,0,0,0,1.0,0.0,0,0.5164450407028198
4943,34,51,59,0,0,0,0,0,1.0,0.0,0,0.44634273648262024
4944,57,47,225,0,0,0,0,0,1.0,0.0,0,0.4914694130420685
4945,36,44,20,0,0,0,0,0,1.0,0.0,0,0.45420777797698975
4946,38,74,106,0,0,0,0,0,1.0,0.0,0,0.4661632180213928
4947,16,71,170,0,0,0,0,0,1.0,0.0,0,0.5212897062301636
4948,37,116,9,0,0,0,0,0,1.0,0.0,0,0.5050275325775146
4949,21,123,45,0,0,0,0,0,1.0,0.0,0,0.6302981376647949
4950,28,97,176,0,0,0,0,0,1.0,0.0,0,0.5460471510887146
4951,50,55,76,0,0,0,0,0,1.0,0.0,0,0.48033127188682556
4952,20,58,127,0,0,0,0,0,1.0,0.0,0,0.435850590467453
4953,5,45,212,0,0,0,0,0,1.0,0.0,0,0.497156023979187
4954,5,48,235,0,0,0,0,0,1.0,0.0,0,0.500074028968811
4955,13,29,3,0,0,0,0,0,1.0,0.0,0,0.4336833953857422
4956,58,98,190,0,0,0,0,0,1.0,0.0,0,0.45593512058258057
4957,0,87,141,0,0,0,0,0,1.0,0.0,0,0.5286387801170349
4958,53,62,213,0,0,0,0,0,1.0,0.0,0,0.48827922344207764
4959,49,26,179,0,0,0,0,0,1.0,0.0,0,0.49289318919181824
4960,34,125,249,0,0,0,0,0,1.0,0.0,0,0.5137097239494324
4961,41,123,232,0,0,0,0,0,1.0,0.413876348891299,0,0.5764498114585876
4962,49,63,147,0,0,0,0,0,1.0,0.0,0,0.4683346748352051
4963,39,122,47,0,0,0,0,0,1.0,0.0,0,0.47628214955329895
4964,33,19,128,0,0,0,0,0,1.0,0.0,0,0.5632373094558716
4965,45,34,10,0,0,0,0,0,1.0,0.0,0,0.49219468235969543
4966,39,49,244,0,0,0,0,0,1.0,0.0,0,0.44876256585121155
4967,45,3,224,0,0,0,0,0,1.0,0.0,0,0.5818716287612915
4968,52,41,32,0,0,0,0,0,1.0,0.0,0,0.5053280591964722
4969,35,27,78,0,0,0,0,0,1.0,0.0,0,0.4212696850299835
4970,40,16,155,0,0,0,0,0,1.0,0.0,0,0.4769434332847595
4971,48,127,235,0,0,0,0,0,1.0,0.0,0,0.5184507369995117
4972,61,27,64,0,0,0,0,0,1.0,0.0,0,0.43134063482284546
4973,12,91,193,0,0,0,0,0,1.0,0.35505260045161363,0,0.5126848816871643
4974,61,109,44,0,0,0,0,0,1.0,0.0,0,0.4943977892398834
4975,19,52,55,0,0,0,0,0,1.0,0.0,0,0.5688025951385498
4976,34,100,206,0,0,0,0,0,1.0,0.0,0,0.47861164808273315
4977,14,77,40,0,0,0,0,0,1.0,0.0,0,0.5924555659294128
4978,59,23,80,0,0,0,0,0,1.0,0.0,0,0.5470054745674133
4979,9,108,49,0,0,0,0,0,1.0,0.0,0,0.5446954965591431
4980,13,16,47,0,0,0,0,0,1.0,0.0,0,0.5158488154411316
4981,58,92,239,0,0,0,0,0,1.0,0.0,0,0.575719952583313
4982,37,94,147,0,0,0,0,0,1.0,0.0,0,0.4786827862262726
4983,13,31,105,0,0,0,0,0,1.0,0.0,0,0.5106729865074158
4984,36,44,218,0,0,0,0,0,1.0,0.0,0,0.45119616389274597
4985,16,61,18,0,0,0,0,0,1.0,0.0,0,0.4554862082004547
4986,16,19,210,0,0,0,0,0,1.0,0.0,0,0.5414133071899414
4987,52,101,21,0,0,0,0,0,1.0,0.0,0,0.4768568277359009
4988,46,16,1,0,0,0,0,0,1.0,0.0,0,0.5142488479614258
4989,6,47,68,0,0,0,0,0,1.0,0.0,0,0.5569625496864319
4990,14,39,150,0,0,0,0,0,1.0,0.39833806881257317,0,0.5284259915351868
4991,31,76,227,0,0,0,0,0,1.0,0.0,0,0.5221993923187256
4992,32,4,11,0,0,0,0,0,1.0,0.0,0,0.5389662384986877
4993,32,29,15,0,0,0,0,0,1.0,0.0,0,0.49800294637680054
4994,13,5,30,0,0,0,0,0,1.0,0.0,0,0.50005704164505
4995,14,127,68,0,0,0,0,0,1.0,0.0,0,0.5501543283462524
4996,59,83,253,0,0,0,0,0,1.0,0.0,0,0.5182585716247559
4997,24,33,67,0,0,0,0,0,1.0,0.0,0,0.5247040390968323
4998,36,103,162,0,0,0,0,0,1.0,0.3702166268316891,0,0.4486923813819885
4999,47,73,233,0,0,0,0,0,1.0,0.0,0,0.5521318912506104
5000,38,122,178,0,0,0,0,0,1.0,0.0,0,0.5363427996635437
5001,6,97,23,0,0,0,0,0,1.0,0.0,0,0.5891181826591492
5002,47,36,169,0,0,0,0,0,1.0,0.0,0,0.4889988601207733
5003,28,14,58,0,0,0,0,0,1.0,0.0,0,0.5275583863258362
5004,26,106,101,0,0,0,0,0,1.0,0.0,0,0.5328635573387146
5005,41,104,217,0,0,0,0,0,1.0,0.0,0,0.46929728984832764
5006,5,126,36,0,0,0,0,0,1.0,0.0,0,0.48302891850471497
5007,54,53,70,0,0,0,0,0,1.0,0.0,0,0.4991748332977295
5008,5,42,48,0,0,0,0,0,1.0,0.0,0,0.5778827667236328
5009,30,25,216,0,0,0,0,0,1.0,0.0,0,0.4693155288696289
5010,24,82,167,0,0,0,0,0,1.0,0.0,0,0.46199339628219604
5011,9,54,63,0,0,0,0,0,1.0,0.0,0,0.49439117312431335
5012,25,36,236,0,0,0,0,0,1.0,0.0,0,0.5054630637168884
5013,26,34,200,0,0,0,0,0,1.0,0.0,0,0.458490252494812
5014,49,115,157,0,0,0,0,0,1.0,0.0,0,0.514399528503418
5015,25,102,172,0,0,0,0,0,1.0,0.0,0,0.53313148021698
5016,63,67,81,0,0,0,0,0,1.0,0.0,0,0.45050862431526184
5017,14,29,30,0,0,0,0,0,1.0,0.0,0,0.5017298460006714
5018,21,67,3,0,0,0,0,0,1.0,0.0,0,0.5065528750419617
5019,62,93,28,0,0,0,0,0,1.0,0.0,0,0.5793695449829102
5020,58,76,97,0,0,0,0,0,1.0,0.0,0,0.49321961402893066
5021,23,16,216,0,0,0,0,0,1.0,0.0,0,0.4916343688964844
5022,42,52,100,0,0,0,0,0,1.0,0.0,0,0.522346556186676
5023,20,9,212,0,0,0,0,0,1.0,0.0,0,0.527733325958252
5024,46,14,42,0,0,0,0,0,1.0,0.0,0,0.4715178906917572
5025,15,116,0,0,0,0,0,0,1.0,0.0,0,0.5308906435966492
5026,57,50,42,0,0,0,0,0,1.0,0.0,0,0.5564609169960022
5027,10,44,187,0,0,0,0,0,1.0,0.0,0,0.58298259973526
5028,22,53,121,0,0,0,0,0,1.0,0.0,0,0.5271636843681335
5029,14,77,125,0,0,0,0,0,1.0,0.0,0,0.5879210233688354
5030,27,25,126,0,0,0,0,0,1.0,0.0,0,0.5301802754402161
5031,54,38,151,0,0,0,0,0,1.0,0.0,0,0.5449379682540894
5032,13,31,100,0,0,0,0,0,1.0,0.0,0,0.5068293213844299
5033,46,119,228,0,0,0,0,0,1.0,0.0,0,0.4453945755958557
5034,37,32,27,0,0,0,0,0,1.0,0.0,0,0.41804295778274536
5035,18,34,7,0,0,0,0,0,1.0,0.0,0,0.5040611028671265
5036,35,90,95,0,0,0,0,0,1.0,0.0,0,0.5476523041725159
5037,3,29,134,0,0,0,0,0,1.0,0.0,0,0.45982620120048523
5038,27,50,225,0,0,0,0,0,1.0,0.0,0,0.5645851492881775
5039,10,86,220,0,0,0,0,0,1.0,0.0,0,0.5679308772087097
5040,7,0,6,0,0,0,0,0,1.0,0.0,0,0.5222456455230713
5041,38,46,165,0,0,0,0,0,1.0,0.0,0,0.46283894777297974
5042,48,55,155,0,0,0,0,0,1.0,0.0,0,0.5399813055992126
5043,49,2,79,0,0,0,0,0,1.0,0.0,0,0.4768085181713104
5044,49,84,23,0,0,0,0,0,1.0,0.0,0,0.45261237025260925
5045,45,70,146,0,0,0,0,0,1.0,0.0,0,0.469908207654953
5046,42,31,65,0,0,0,0,0,1.0,0.0,0,0.5206928253173828
5047,19,87,127,0,0,0,0,0,1.0,0.0,0,0.4809874892234802
5048,62,97,12,0,0,0,0,0,1.0,0.0,0,0.5648729205131531
5049,9,63,128,0,0,0,0,0,1.0,0.0,0,0.5136091709136963
5050,2,15,129,0,0,0,0,0,1.0,0.0,0,0.4263485372066498
5051,62,87,136,0,0,0,0,0,1.0,0.0,0,0.6084843277931213
5052,47,69,194,0,0,0,0,0,1.0,0.0,0,0.48565077781677246
5053,38,111,216,0,0,0,0,0,1.0,0.0,0,0.4716219902038574
5054,6,79,29,0,0,0,0,0,1.0,0.0,0,0.5418097972869873
5055,6,79,72,0,0,0,0,0,1.0,0.0,0,0.5592741370201111
5056,42,4,198,0,0,0,0,0,1.0,0.0,0,0.5270745754241943
5057,62,17,49,0,0,0,0,0,1.0,0.0,0,0.5644316077232361
5058,30,53,194,0,0,0,0,0,1.0,0.0,0,0.4934264123439789
5059,27,118,83,0,0,0,0,0,1.0,0.0,0,0.5102278590202332
5060,19,108,116,0,0,0,0,0,1.0,0.0,0,0.5233767628669739
5061,5,121,227,0,0,0,0,0,1.0,0.0,0,0.4724871814250946
5062,59,84,223,0,0,0,0,0,1.0,0.0,0,0.48562267422676086
5063,46,103,197,0,0,0,0,0,1.0,0.0,0,0.4717786908149719
5064,51,3,185,0,0,0,0,0,1.0,0.0,0,0.5084375143051147
5065,48,31,230,0,0,0,0,0,1.0,0.0,0,0.5088891386985779
5066,54,41,94,0,0,0,0,0,1.0,0.0,0,0.5699706673622131
5067,40,7,67,0,0,0,0,0,1.0,0.0,0,0.5189366340637207
5068,14,92,15,0,0,0,0,0,1.0,0.0,0,0.5762199759483337
5069,6,125,102,0,0,0,0,0,1.0,0.0,0,0.5587866902351379
5070,48,77,214,0,0,0,0,0,1.0,0.0,0,0.49364224076271057
5071,54,67,114,0,0,0,0,0,1.0,0.0,0,0.5023813843727112
5072,14,36,4,0,0,0,0,0,1.0,0.0,0,0.5184141397476196
5073,23,31,235,0,0,0,0,0,1.0,0.0,0,0.4850327968597412
5074,62,77,237,0,0,0,0,0,1.0,0.0,0,0.5772817730903625
5075,14,53,177,0,0,0,0,0,1.0,0.0,0,0.4802189767360687
5076,46,78,190,0,0,0,0,0,1.0,0.0,0,0.4804164469242096
5077,14,13,229,0,0,0,0,0,1.0,0.0,0,0.5141283273696899
5078,9,1,4,0,0,0,0,0,1.0,0.0,0,0.5228481888771057
5079,0,50,33,0,0,0,0,0,1.0,0.0,0,0.5103412866592407
5080,62,111,15,0,0,0,0,0,1.0,0.0,0,0.5079657435417175
5081,14,31,222,0,0,0,0,0,1.0,0.0,0,0.5675079226493835
5082,46,90,241,0,0,0,0,0,1.0,0.0,0,0.4456036388874054
5083,41,85,151,0,0,0,0,0,1.0,0.0,0,0.5027992129325867
5084,18,104,209,0,0,0,0,0,1.0,0.0,0,0.5116087794303894
5085,57,8,161,0,0,0,0,0,1.0,0.0,0,0.49670445919036865
5086,54,12,225,0,0,0,0,0,1.0,0.0,0,0.5291471481323242
5087,8,94,141,0,0,0,0,0,1.0,0.0,0,0.5425110459327698
5088,58,30,57,0,0,0,0,0,1.0,0.0,0,0.4410252273082733
5089,62,18,251,0,0,0,0,0,1.0,0.0,0,0.5600854754447937
5090,46,42,78,0,0,0,0,0,1.0,0.0,0,0.4816226065158844
5091,22,47,176,0,0,0,0,0,1.0,0.0,0,0.5667160153388977
5092,27,73,131,0,0,0,0,0,1.0,0.0,0,0.49369537830352783
5093,5,43,105,0,0,0,0,0,1.0,0.0,0,0.5554211735725403
5094,13,102,124,0,0,0,0,0,1.0,0.0,0,0.41286879777908325
5095,34,124,216,0,0,0,0,0,1.0,0.0,0,0.47870123386383057
5096,18,62,74,0,0,0,0,0,1.0,0.0,0,0.48185595870018005
5097,22,0,114,0,0,0,0,0,1.0,0.0,0,0.46524909138679504
5098,26,106,49,0,0,0,0,0,1.0,0.0,0,0.5480155944824219
5099,10,58,172,0,0,0,0,0,1.0,0.0,0,0.5194852948188782
5100,2,4,165,0,0,0,0,0,1.0,0.0,0,0.4413027763366699
5101,55,21,25,0,0,0,0,0,1.0,0.0,0,0.5191504955291748
5102,47,117,77,0,0,0,0,0,1.0,0.0,0,0.520244836807251
5103,10,91,194,0,0,0,0,0,1.0,0.0,0,0.5129190683364868
5104,9,97,96,0,0,0,0,0,1.0,0.0,0,0.576643705368042
5105,27,111,221,0,0,0,0,0,1.0,0.0,0,0.5626351237297058
5106,19,71,197,0,0,0,0,0,1.0,0.0,0,0.5273990631103516
5107,20,99,110,0,0,0,0,0,1.0,0.0,0,0.5010051727294922
5108,16,36,0,0,0,0,0,0,1.0,0.0,0,0.48431795835494995
5109,16,42,12,0,0,0,0,0,1.0,0.0,0,0.506942093372345
5110,27,17,117,0,0,0,0,0,1.0,0.0,0,0.529213547706604
5111,61,105,193,0,0,0,0,0,1.0,0.0,0,0.5464270710945129
5112,14,44,140,0,0,0,0,0,1.0,0.0,0,0.47874507308006287
5113,34,110,223,0,0,0,0,0,1.0,0.0,0,0.44863975048065186
5114,3,48,190,0,0,0,0,0,1.0,0.0,0,0.47897908091545105
5115,51,101,221,0,0,0,0,0,1.0,0.0,0,0.47204387187957764
5116,34,110,110,0,0,0,0,0,1.0,0.0,0,0.5389527082443237
5117,44,115,246,0,0,0,0,0,1.0,0.0,0,0.4666246175765991
5118,24,125,84,0,0,0,0,0,1.0,0.0,0,0.5466852784156799
5119,1,109,10,0,0,0,0,0,1.0,0.0,0,0.4804507791996002
5120,34,16,244,0,0,0,0,0,1.0,0.0,0,0.4776947796344757
5121,9,1,112,0,0,0,0,0,1.0,0.0,0,0.48787546157836914
5122,56,104,148,0,0,0,0,0,1.0,0.0,0,0.5004294514656067
5123,17,100,117,0,0,0,0,0,1.0,0.0,0,0.4942474365234375
5124,32,51,128,0,0,0,0,0,1.0,0.457159840527924,0,0.5749783515930176
5125,34,97,121,0,0,0,0,0,1.0,0.0,0,0.4609152674674988
5126,2,13,12,0,0,0,0,0,1.0,0.0,0,0.4968361556529999
5127,52,86,185,0,0,0,0,0,1.0,0.0,0,0.5084836483001709
5128,14,125,99,0,0,0,0,0,1.0,0.0,0,0.49122917652130127
5129,17,67,103,0,0,0,0,0,1.0,0.0,0,0.4912222921848297
5130,45,113,223,0,0,0,0,0,1.0,0.0,0,0.41036418080329895
5131,41,65,179,0,0,0,0,0,1.0,0.0,0,0.4672497808933258
5132,34,75,59,0,0,0,0,0,1.0,0.0,0,0.4592985212802887
5133,9,0,173,0,0,0,0,0,1.0,0.0,0,0.5441893339157104
5134,38,45,121,0,0,0,0,0,1.0,0.0,0,0.5119221210479736
5135,24,93,4,0,0,0,0,0,1.0,0.0,0,0.5200436115264893
5136,46,76,244,0,0,0,0,0,1.0,0.0,0,0.5014644861221313
5137,34,23,11,0,0,0,0,0,1.0,0.0,0,0.5423643589019775
5138,4,73,195,0,0,0,0,0,1.0,0.0,0,0.5028809905052185
5139,21,18,213,0,0,0,0,0,1.0,0.0,0,0.4903775453567505
5140,10,37,246,0,0,0,0,0,1.0,0.0,0,0.4717532694339752
5141,61,106,121,0,0,0,0,0,1.0,0.0,0,0.5059321522712708
5142,7,37,44,0,0,0,0,0,1.0,0.0,0,0.5100167989730835
5143,59,56,128,0,0,0,0,0,1.0,0.0,0,0.5153651237487793
5144,5,119,217,0,0,0,0,0,1.0,0.0,0,0.5189832448959351
5145,3,27,218,0,0,0,0,0,1.0,0.0,0,0.43608611822128296
5146,51,63,207,0,0,0,0,0,1.0,0.0,0,0.4648308753967285
5147,43,26,32,0,0,0,0,0,1.0,0.0,0,0.5194207429885864
5148,36,99,106,0,0,0,0,0,1.0,0.0,0,0.4569287896156311
5149,26,107,147,0,0,0,0,0,1.0,0.0,0,0.46750348806381226
5150,10,88,224,0,0,0,0,0,1.0,0.0,0,0.4526499807834625
5151,19,30,236,0,0,0,0,0,1.0,0.0,0,0.45904743671417236
5152,34,38,54,0,0,0,0,0,1.0,0.0,0,0.4745097756385803
5153,3,61,37,0,0,0,0,0,1.0,0.0,0,0.4806571900844574
5154,18,42,244,0,0,0,0,0,1.0,0.0,0,0.4896295964717865
5155,51,75,245,0,0,0,0,0,1.0,0.0,0,0.4683317244052887
5156,3,68,109,0,0,0,0,0,1.0,0.0,0,0.4727804362773895
5157,29,112,148,0,0,0,0,0,1.0,0.0,0,0.42572563886642456
5158,29,61,59,0,0,0,0,0,1.0,0.0,0,0.44510626792907715
5159,3,61,51,0,0,0,0,0,1.0,0.0,0,0.4491366147994995
5160,57,116,201,0,0,0,0,0,1.0,0.0,0,0.49875426292419434
5161,36,21,131,0,0,0,0,0,1.0,0.0,0,0.4717335104942322
5162,11,11,154,0,0,0,0,0,1.0,0.0,0,0.5519435405731201
5163,11,11,131,0,0,0,0,0,1.0,0.0,0,0.449408620595932
5164,10,15,99,0,0,0,0,0,1.0,0.0,0,0.518717885017395
5165,41,32,48,0,0,0,0,0,1.0,0.0,0,0.4323701560497284
5166,36,47,233,0,0,0,0,0,1.0,0.0,0,0.46949106454849243
5167,7,125,241,0,0,0,0,0,1.0,0.0,0,0.43711549043655396
5168,46,43,38,0,0,0,0,0,1.0,0.0,0,0.5010069012641907
5169,50,86,148,0,0,0,0,0,1.0,0.0,0,0.4635377824306488
5170,51,119,73,0,0,0,0,0,1.0,0.0,0,0.434884250164032
5171,26,78,205,0,0,0,0,0,1.0,0.0,0,0.5182880759239197
5172,50,60,211,0,0,0,0,0,1.0,0.0,0,0.4460087716579437
5173,11,2,40,0,0,0,0,0,1.0,0.0,0,0.4750210642814636
5174,47,119,196,0,0,0,0,0,1.0,0.0,0,0.5329924821853638
5175,47,96,11,0,0,0,0,0,1.0,0.0,0,0.5126339197158813
5176,11,11,97,0,0,0,0,0,1.0,0.0,0,0.4650242328643799
5177,51,33,104,0,0,0,0,0,1.0,0.0,0,0.4568811058998108
5178,57,108,105,0,0,0,0,0,1.0,0.0,0,0.44746628403663635
5179,11,30,119,0,0,0,0,0,1.0,0.0,0,0.4609127640724182
5180,11,75,191,0,0,0,0,0,1.0,0.0,0,0.44746795296669006
5181,13,47,249,0,0,0,0,0,1.0,0.0,0,0.5199812650680542
5182,57,27,147,0,0,0,0,0,1.0,0.0,0,0.42969658970832825
5183,61,78,27,0,0,0,0,0,1.0,0.0,0,0.5005792379379272
5184,3,58,20,0,0,0,0,0,1.0,0.0,0,0.4763597846031189
5185,57,112,18,0,0,0,0,0,1.0,0.0,0,0.4555150270462036
5186,63,85,118,0,0,0,0,0,1.0,0.0,0,0.5299218893051147
5187,11,73,129,0,0,0,0,0,1.0,0.0,0,0.4646647274494171
5188,48,55,169,0,0,0,0,0,1.0,0.0,0,0.4606339633464813
5189,36,15,43,0,0,0,0,0,1.0,0.0,0,0.4613930881023407
5190,50,100,231,0,0,0,0,0,1.0,0.0,0,0.4779697060585022
5191,50,15,209,0,0,0,0,0,1.0,0.0,0,0.4489498436450958
5192,47,86,119,0,0,0,0,0,1.0,0.0,0,0.5818814039230347
5193,27,64,21,0,0,0,0,0,1.0,0.0,0,0.5176666378974915
5194,30,2,130,0,0,0,0,0,1.0,0.0,0,0.4604235291481018
5195,30,88,38,0,0,0,0,0,1.0,0.0,0,0.5494695901870728
5196,51,60,197,0,0,0,0,0,1.0,0.0,0,0.5046409964561462
5197,54,84,157,0,0,0,0,0,1.0,0.0,0,0.48999521136283875
5198,51,27,68,0,0,0,0,0,1.0,0.0,0,0.46131089329719543
5199,10,17,172,0,0,0,0,0,1.0,0.0,0,0.5002455115318298
5200,63,88,44,0,0,0,0,0,1.0,0.0,0,0.5079407095909119
5201,33,30,184,0,0,0,0,0,1.0,0.0,0,0.43185707926750183
5202,7,68,27,0,0,0,0,0,1.0,0.0,0,0.5028901100158691
5203,51,22,98,0,0,0,0,0,1.0,0.0,0,0.5673080086708069
5204,9,7,32,0,0,0,0,0,1.0,0.0,0,0.53299880027771
5205,51,126,142,0,0,0,0,0,1.0,0.0,0,0.5077340602874756
5206,56,47,30,0,0,0,0,0,1.0,0.0,0,0.5151675343513489
5207,49,84,9,0,0,0,0,0,1.0,0.0,0,0.4338443875312805
5208,49,123,132,0,0,0,0,0,1.0,0.0,0,0.4494459629058838
5209,51,6,40,0,0,0,0,0,1.0,0.0,0,0.5319939255714417
5210,29,48,86,0,0,0,0,0,1.0,0.0,0,0.4681757390499115
5211,36,67,246,0,0,0,0,0,1.0,0.0,0,0.4313964545726776
5212,11,27,179,0,0,0,0,0,1.0,0.0,0,0.393126904964447
5213,11,107,100,0,0,0,0,0,1.0,0.0,0,0.4393799901008606
5214,41,59,237,0,0,0,0,0,1.0,0.0,0,0.4630192518234253
5215,60,59,58,0,0,0,0,0,1.0,0.0,0,0.5283499956130981
5216,10,20,18,0,0,0,0,0,1.0,0.0,0,0.5948885679244995
5217,53,29,101,0,0,0,0,0,1.0,0.0,0,0.46372029185295105
5218,49,71,10,0,0,0,0,0,1.0,0.0,0,0.4798991084098816
5219,10,127,90,0,0,0,0,0,1.0,0.0,0,0.5022929906845093
5220,27,9,255,0,0,0,0,0,1.0,0.0,0,0.49184659123420715
5221,63,100,69,0,0,0,0,0,1.0,0.0,0,0.48619189858436584
5222,7,117,122,0,0,0,0,0,1.0,0.0,0,0.49135076999664307
5223,8,75,199,0,0,0,0,0,1.0,0.0,0,0.48632052540779114
5224,53,84,206,0,0,0,0,0,1.0,0.0,0,0.5400846004486084
5225,18,50,215,0,0,0,0,0,1.0,0.0,0,0.49988335371017456
5226,11,117,214,0,0,0,0,0,1.0,0.0,0,0.47575274109840393
5227,18,35,215,0,0,0,0,0,1.0,0.0,0,0.5000237822532654
5228,62,86,96,0,0,0,0,0,1.0,0.0,0,0.528455376625061
5229,33,70,80,0,0,0,0,0,1.0,0.0,0,0.5050618648529053
5230,50,9,209,0,0,0,0,0,1.0,0.0,0,0.48248276114463806
5231,51,80,192,0,0,0,0,0,1.0,0.0,0,0.48036691546440125
5232,36,81,186,0,0,0,0,0,1.0,0.0,0,0.429124116897583
5233,57,47,232,0,0,0,0,0,1.0,0.0,0,0.4626932144165039
5234,0,51,215,0,0,0,0,0,1.0,0.0,0,0.4300972521305084
5235,29,11,52,0,0,0,0,0,1.0,0.0,0,0.5035861730575562
5236,52,21,229,0,0,0,0,0,1.0,0.0,0,0.5031172633171082
5237,46,43,244,0,0,0,0,0,1.0,0.0,0,0.5479496121406555
5238,36,16,241,0,0,0,0,0,1.0,0.0,0,0.42324894666671753
5239,1,92,88,0,0,0,0,0,1.0,0.0,0,0.4638128876686096
5240,1,28,229,0,0,0,0,0,1.0,0.0,0,0.5139240026473999
5241,20,125,31,0,0,0,0,0,1.0,0.0,0,0.47284504771232605
5242,6,119,144,0,0,0,0,0,1.0,0.0,0,0.5404172539710999
5243,41,13,70,0,0,0,0,0,1.0,0.0,0,0.5822653770446777
5244,10,80,205,0,0,0,0,0,1.0,0.0,0,0.49353253841400146
5245,10,68,202,0,0,0,0,0,1.0,0.0,0,0.4924757182598114
5246,1,1,52,0,0,0,0,0,1.0,0.0,0,0.5378168225288391
5247,34,80,83,0,0,0,0,0,1.0,0.0,0,0.4704588055610657
5248,6,127,138,0,0,0,0,0,1.0,0.0,0,0.5443729758262634
5249,36,24,43,0,0,0,0,0,1.0,0.0,0,0.4750702679157257
5250,56,113,39,0,0,0,0,0,1.0,0.0,0,0.5802820920944214
5251,25,69,247,0,0,0,0,0,1.0,0.0,0,0.4331190288066864
5252,2,24,153,0,0,0,0,0,1.0,0.0,0,0.5567613244056702
5253,30,111,219,0,0,0,0,0,1.0,0.0,0,0.4674986004829407
5254,45,95,255,0,0,0,0,0,1.0,0.0,0,0.4671720862388611
5255,47,28,9,0,0,0,0,0,1.0,0.0,0,0.5450599789619446
5256,29,66,236,0,0,0,0,0,1.0,0.0,0,0.44534048438072205
5257,41,42,150,0,0,0,0,0,1.0,0.0,0,0.47607550024986267
5258,29,21,81,0,0,0,0,0,1.0,0.0,0,0.45547428727149963
5259,57,66,78,0,0,0,0,0,1.0,0.0,0,0.5009549856185913
5260,29,77,116,0,0,0,0,0,1.0,0.0,0,0.46568557620048523
5261,4,22,79,0,0,0,0,0,1.0,0.0,0,0.43998295068740845
5262,42,79,220,0,0,0,0,0,1.0,0.0,0,0.5025573372840881
5263,49,122,234,0,0,0,0,0,1.0,0.0,0,0.5027976036071777
5264,2,27,12,0,0,0,0,0,1.0,0.0,0,0.44612035155296326
5265,2,34,219,0,0,0,0,0,1.0,0.0,0,0.41060325503349304
5266,47,88,123,0,0,0,0,0,1.0,0.0,0,0.49597451090812683
5267,61,18,229,0,0,0,0,0,1.0,0.0,0,0.5561838150024414
5268,30,67,255,0,0,0,0,0,1.0,0.0,0,0.46142449975013733
5269,25,85,85,0,0,0,0,0,1.0,0.0,0,0.5174598693847656
5270,18,104,136,0,0,0,0,0,1.0,0.0,0,0.5582547783851624
5271,50,83,4,0,0,0,0,0,1.0,0.0,0,0.45410385727882385
5272,46,46,194,0,0,0,0,0,1.0,0.0,0,0.5083611011505127
5273,1,7,100,0,0,0,0,0,1.0,0.0,0,0.4931289851665497
5274,42,8,122,0,0,0,0,0,1.0,0.0,0,0.6001044511795044
5275,57,71,55,0,0,0,0,0,1.0,0.0,0,0.4183764159679413
5276,63,95,97,0,0,0,0,0,1.0,0.0,0,0.47664451599121094
5277,63,10,51,0,0,0,0,0,1.0,0.0,0,0.48988649249076843
5278,18,81,248,0,0,0,0,0,1.0,0.0,0,0.5185829997062683
5279,29,10,26,0,0,0,0,0,1.0,0.0,0,0.46387341618537903
5280,20,78,23,0,0,0,0,0,1.0,0.0,0,0.5101668834686279
5281,63,67,5,0,0,0,0,0,1.0,0.0,0,0.5111497640609741
5282,32,95,167,0,0,0,0,0,1.0,0.0,0,0.4949148893356323
5283,20,62,254,0,0,0,0,0,1.0,0.0,0,0.48564010858535767
5284,35,25,210,0,0,0,0,0,1.0,0.0,0,0.5225701332092285
5285,42,117,161,0,0,0,0,0,1.0,0.0,0,0.512464165687561
5286,62,25,68,0,0,0,0,0,1.0,0.0,0,0.5851700901985168
5287,14,46,167,0,0,0,0,0,1.0,0.0,0,0.5422118306159973
5288,23,115,42,0,0,0,0,0,1.0,0.0,0,0.48144862055778503
5289,23,125,132,0,0,0,0,0,1.0,0.0,0,0.527438223361969
5290,62,90,124,0,0,0,0,0,1.0,0.0,0,0.5149492621421814
5291,62,50,103,0,0,0,0,0,1.0,0.0,0,0.6251509785652161
5292,38,22,43,0,0,0,0,0,1.0,0.0,0,0.512306272983551
5293,60,101,193,0,0,0,0,0,1.0,0.0,0,0.5072362422943115
5294,24,38,91,0,0,0,0,0,1.0,0.0,0,0.5066521763801575
5295,24,116,73,0,0,0,0,0,1.0,0.0,0,0.5357602834701538
5296,34,69,85,0,0,0,0,0,1.0,0.0,0,0.48197633028030396
5297,50,124,123,0,0,0,0,0,1.0,0.0,0,0.45376521348953247
5298,28,59,79,0,0,0,0,0,1.0,0.0,0,0.5421990156173706
5299,47,88,0,0,0,0,0,0,1.0,0.0,0,0.504543662071228
5300,4,109,14,0,0,0,0,0,1.0,0.0,0,0.50387042760849
5301,9,15,80,0,0,0,0,0,1.0,0.0,0,0.5534012913703918
5302,49,2,225,0,0,0,0,0,1.0,0.0,0,0.5523978471755981
5303,53,80,113,0,0,0,0,0,1.0,0.0,0,0.5036522150039673
5304,29,11,2,0,0,0,0,0,1.0,0.0,0,0.5240244269371033
5305,33,119,150,0,0,0,0,0,1.0,0.0,0,0.5391528606414795
5306,33,19,33,0,0,0,0,0,1.0,0.0,0,0.5245727896690369
5307,46,97,99,0,0,0,0,0,1.0,0.0,0,0.4925903081893921
5308,24,85,4,0,0,0,0,0,1.0,0.0,0,0.5800155997276306
5309,55,9,25,0,0,0,0,0,1.0,0.0,0,0.526346743106842
5310,36,120,69,0,0,0,0,0,1.0,0.0,0,0.4851152300834656
5311,13,113,96,1,0,0,0,0,0.3333333333333333,0.0,0,0.4604237377643585
5312,63,94,140,0,0,0,0,0,1.0,0.0,0,0.5303546190261841
5313,0,103,97,0,0,0,0,0,1.0,0.0,0,0.4888439178466797
5314,28,106,103,0,0,0,0,0,1.0,0.0,0,0.5804376006126404
5315,60,106,6,0,0,0,0,0,1.0,0.0,0,0.5315418243408203
5316,60,53,63,0,0,0,0,0,1.0,0.0,0,0.5255850553512573
5317,17,47,172,0,0,0,0,0,1.0,0.0,0,0.5485983490943909
5318,2,119,80,0,0,0,0,0,1.0,0.4660672079025726,0,0.5705143213272095
5319,0,51,49,0,0,0,0,0,1.0,0.0,0,0.42283836007118225
5320,41,59,176,0,0,0,0,0,1.0,0.0,0,0.5494793057441711
5321,35,84,246,0,0,0,0,0,1.0,0.0,0,0.4489716589450836
5322,1,82,172,0,0,0,0,0,1.0,0.0,0,0.5175998210906982
5323,2,11,8,0,0,0,0,0,1.0,0.0,0,0.46575281023979187
5324,1,102,224,0,0,0,0,0,1.0,0.0,0,0.49139267206192017
5325,60,65,230,0,0,0,0,0,1.0,0.0,0,0.452444851398468
5326,42,26,27,0,0,0,0,0,1.0,0.0,0,0.510198712348938
5327,36,35,111,0,0,0,0,0,1.0,0.0,0,0.4354209899902344
5328,28,10,90,0,0,0,0,0,1.0,0.0,0,0.5250079035758972
5329,0,49,94,0,0,0,0,0,1.0,0.0,0,0.4882735311985016
5330,35,49,148,0,0,0,0,0,1.0,0.0,0,0.48821380734443665
5331,3,110,143,0,0,0,0,0,1.0,0.0,0,0.4806413948535919
5332,48,59,70,0,0,0,0,0,1.0,0.0,0,0.5814861059188843
5333,51,17,80,0,0,0,0,0,1.0,0.0,0,0.4642064571380615
5334,32,71,115,0,0,0,0,0,1.0,0.0,0,0.5757066011428833
5335,48,63,187,0,0,0,0,0,1.0,0.0,0,0.5133836269378662
5336,63,29,247,0,0,0,0,0,1.0,0.0,0,0.46798980236053467
5337,51,33,174,0,0,0,0,0,1.0,0.0,0,0.5079535841941833
5338,46,101,69,0,0,0,0,0,1.0,0.0,0,0.5072007775306702
5339,58,78,53,0,0,0,0,0,1.0,0.0,0,0.44297581911087036
5340,32,66,176,0,0,0,0,0,1.0,0.0,0,0.5462946891784668
5341,13,117,88,0,0,0,0,0,1.0,0.0,0,0.5310676693916321
5342,6,113,144,0,0,0,0,0,1.0,0.0,0,0.5428602695465088
5343,24,49,120,0,0,0,0,0,1.0,0.0,0,0.491167277097702
5344,46,49,149,0,0,0,0,0,1.0,0.36638137220163425,0,0.5304959416389465
5345,31,53,229,0,0,0,0,0,1.0,0.0,0,0.5094465613365173
5346,31,127,58,0,0,0,0,0,1.0,0.0,0,0.47300785779953003
5347,24,36,2,0,0,0,0,0,1.0,0.0,0,0.5169277787208557
5348,26,69,16,0,0,0,0,0,1.0,0.0,0,0.4794744551181793
5349,34,69,135,0,0,0,0,0,1.0,0.0,0,0.5135310888290405
5350,28,127,102,0,0,0,0,0,1.0,0.0,0,0.47684445977211
5351,58,14,6,0,0,0,0,0,1.0,0.0,0,0.5082623958587646
5352,54,5,14,0,0,0,0,0,1.0,0.0,0,0.5280045866966248
5353,44,91,225,0,0,0,0,0,1.0,0.0,0,0.5262993574142456
5354,6,89,121,0,0,0,0,0,1.0,0.0,0,0.48235243558883667
5355,57,107,28,0,0,0,0,0,1.0,0.0,0,0.48210200667381287
5356,50,45,49,0,0,0,0,0,1.0,0.0,0,0.4915198087692261
5357,57,107,212,0,0,0,0,0,1.0,0.0,0,0.47531092166900635
5358,63,109,112,0,0,0,0,0,1.0,0.0,0,0.4479953944683075
5359,7,27,96,0,0,0,0,0,1.0,0.0,0,0.5426579713821411
5360,7,12,84,0,0,0,0,0,1.0,0.0,0,0.506904661655426
5361,19,78,102,0,0,0,0,0,1.0,0.0,0,0.5342841744422913
5362,14,36,229,0,0,0,0,0,1.0,0.0,0,0.5144377946853638
5363,42,38,140,0,0,0,0,0,1.0,0.0,0,0.4940474331378937
5364,29,31,129,0,0,0,0,0,1.0,0.0,0,0.43815532326698303
5365,28,41,124,0,0,0,0,0,1.0,0.0,0,0.5365111231803894
5366,54,33,61,0,0,0,0,0,1.0,0.0,0,0.46712973713874817
5367,30,86,160,0,0,0,0,0,1.0,0.0,0,0.4650878310203552
5368,20,71,207,0,0,0,0,0,1.0,0.0,0,0.5330806374549866
5369,7,84,5,0,0,0,0,0,1.0,0.0,0,0.46208998560905457
5370,47,6,122,0,0,0,0,0,1.0,0.0,0,0.5196471810340881
5371,33,42,122,0,0,0,0,0,1.0,0.0,0,0.5571231842041016
5372,49,27,191,0,0,0,0,0,1.0,0.0,0,0.47185927629470825
5373,39,72,64,0,0,0,0,0,1.0,0.0,0,0.5701165199279785
5374,33,32,144,0,0,0,0,0,1.0,0.0,0,0.49443212151527405
5375,20,66,217,0,0,0,0,0,1.0,0.0,0,0.5734403729438782
5376,22,53,255,0,0,0,0,0,1.0,0.0,0,0.4916229844093323
5377,23,104,112,0,0,0,0,0,1.0,0.0,0,0.4994429349899292
5378,8,69,1,0,0,0,0,0,1.0,0.0,0,0.4877018928527832
5379,39,6,139,0,0,0,0,0,1.0,0.0,0,0.49191582202911377
5380,0,34,236,0,0,0,0,0,1.0,0.0,0,0.43380504846572876
5381,31,80,60,0,0,0,0,0,1.0,0.0,0,0.45842570066452026
5382,15,68,108,0,0,0,0,0,1.0,0.0,0,0.4271853566169739
5383,15,41,248,0,0,0,0,0,1.0,0.0,0,0.5226654410362244
5384,15,56,252,0,0,0,0,0,1.0,0.0,0,0.4885128140449524
5385,29,101,226,0,0,0,0,0,1.0,0.0,0,0.4422815442085266
5386,41,96,187,0,0,0,0,0,1.0,0.0,0,0.5258458256721497
5387,38,102,57,0,0,0,0,0,1.0,0.0,0,0.5628582835197449
5388,22,101,182,0,0,0,0,0,1.0,0.0,0,0.5041797757148743
5389,48,18,88,0,0,0,0,0,1.0,0.0,0,0.5714119672775269
5390,44,34,217,0,0,0,0,0,1.0,0.0,0,0.5431320667266846
5391,17,78,3,0,0,0,0,0,1.0,0.0,0,0.4739648401737213
5392,59,66,63,0,0,0,0,0,1.0,0.0,0,0.5742204189300537
5393,49,2,65,0,0,0,0,0,1.0,0.0,0,0.47822970151901245
5394,48,86,10,0,0,0,0,0,1.0,0.0,0,0.5350176692008972
5395,30,81,56,0,0,0,0,0,1.0,0.0,0,0.436517596244812
5396,30,88,1,0,0,0,0,0,1.0,0.0,0,0.4459064304828644
5397,50,113,180,0,0,0,0,0,1.0,0.0,0,0.5501909255981445
5398,50,80,145,0,0,0,0,0,1.0,0.0,0,0.39601755142211914
5399,27,22,196,0,0,0,0,0,1.0,0.0,0,0.6197276711463928
5400,15,16,161,0,0,0,0,0,1.0,0.0,0,0.48188719153404236
5401,34,100,238,0,0,0,0,0,1.0,0.0,0,0.5640950202941895
5402,34,33,85,0,0,0,0,0,1.0,0.0,0,0.46505898237228394
5403,6,56,1,0,0,0,0,0,1.0,0.0,0,0.5100253820419312
5404,43,13,111,0,0,0,0,0,1.0,0.0,0,0.5371989607810974
5405,3,33,236,0,0,0,0,0,1.0,0.0,0,0.4560452997684479
5406,57,54,239,0,0,0,0,0,1.0,0.0,0,0.5779309272766113
5407,42,7,6,0,0,0,0,0,1.0,0.0,0,0.5534935593605042
5408,18,4,13,0,0,0,0,0,1.0,0.0,0,0.5268924236297607
5409,43,64,106,0,0,0,0,0,1.0,0.0,0,0.5469964146614075
5410,42,17,4,0,0,0,0,0,1.0,0.4000927616973611,0,0.5211028456687927
5411,38,45,161,0,0,0,0,0,1.0,0.0,0,0.4714488983154297
5412,46,23,138,0,0,0,0,0,1.0,0.0,0,0.47935837507247925
5413,9,74,241,0,0,0,0,0,1.0,0.0,0,0.5132877230644226
5414,5,20,60,0,0,0,0,0,1.0,0.0,0,0.5210379958152771
5415,51,9,220,0,0,0,0,0,1.0,0.0,0,0.4813557267189026
5416,24,38,136,0,0,0,0,0,1.0,0.0,0,0.5976829528808594
5417,42,50,94,0,0,0,0,0,1.0,0.0,0,0.5546777248382568
5418,9,116,104,0,0,0,0,0,1.0,0.0,0,0.5594773292541504
5419,34,77,14,0,0,0,0,0,1.0,0.0,0,0.5021607279777527
5420,46,124,226,0,0,0,0,0,1.0,0.0,0,0.5145450234413147
5421,5,73,86,0,0,0,0,0,1.0,0.0,0,0.5400933623313904
5422,7,64,239,0,0,0,0,0,1.0,0.0,0,0.5096896886825562
5423,14,11,152,0,0,0,0,0,1.0,0.0,0,0.5491458773612976
5424,10,49,228,0,0,0,0,0,1.0,0.0,0,0.5403792262077332
5425,25,35,142,0,0,0,0,0,1.0,0.0,0,0.5182209610939026
5426,8,51,243,0,0,0,0,0,1.0,0.0,0,0.5396136045455933
5427,4,125,227,0,0,0,0,0,1.0,0.0,0,0.4626285135746002
5428,13,74,248,0,0,0,0,0,1.0,0.0,0,0.471967488527298
5429,61,12,65,0,0,0,0,0,1.0,0.0,0,0.49777624011039734
5430,9,109,168,0,0,0,0,0,1.0,0.0,0,0.4803783893585205
5431,23,44,69,0,0,0,0,0,1.0,0.0,0,0.48731565475463867
5432,52,14,62,0,0,0,0,0,1.0,0.0,0,0.4867611527442932
5433,3,120,17,0,0,0,0,0,1.0,0.0,0,0.4364151060581207
5434,12,117,236,0,0,0,0,0,1.0,0.0,0,0.4901425838470459
5435,25,46,174,0,0,0,0,0,1.0,0.0,0,0.5140023231506348
5436,6,18,238,0,0,0,0,0,1.0,0.0,0,0.5763846039772034
5437,16,114,219,0,0,0,0,0,1.0,0.0,0,0.4839125871658325
5438,25,68,189,0,0,0,0,0,1.0,0.0,0,0.47204193472862244
5439,42,49,159,0,0,0,0,0,1.0,0.0,0,0.5659980773925781
5440,42,107,112,0,0,0,0,0,1.0,0.0,0,0.4801371991634369
5441,19,118,247,0,0,0,0,0,1.0,0.0,0,0.4577562212944031
5442,23,21,165,0,0,0,0,0,1.0,0.0,0,0.4808981716632843
5443,19,66,117,0,0,0,0,0,1.0,0.0,0,0.4401639699935913
5444,62,84,59,0,0,0,0,0,1.0,0.0,0,0.5039985775947571
5445,42,53,149,0,0,0,0,0,1.0,0.0,0,0.5931999087333679
5446,14,1,110,0,0,0,0,0,1.0,0.0,0,0.5724260807037354
5447,27,74,251,0,0,0,0,0,1.0,0.0,0,0.5022203326225281
5448,22,34,155,0,0,0,0,0,1.0,0.0,0,0.48122483491897583
5449,51,61,240,0,0,0,0,0,1.0,0.0,0,0.4483983516693115
5450,61,51,19,0,0,0,0,0,1.0,0.0,0,0.4822474718093872
5451,52,35,191,0,0,0,0,0,1.0,0.0,0,0.527385950088501
5452,23,39,138,0,0,0,0,0,1.0,0.0,0,0.48305821418762207
5453,49,34,212,0,0,0,0,0,1.0,0.0,0,0.5312884449958801
5454,52,63,160,0,0,0,0,0,1.0,0.3151424608134247,0,0.4871635138988495
5455,63,37,137,0,0,0,0,0,1.0,0.0,0,0.4840118885040283
5456,35,22,76,0,0,0,0,0,1.0,0.0,0,0.5347164273262024
5457,39,56,95,0,0,0,0,0,1.0,0.0,0,0.4934253692626953
5458,53,65,1,0,0,0,0,0,1.0,0.0,0,0.4953501522541046
5459,33,90,203,0,0,0,0,0,1.0,0.0,0,0.5224273204803467
5460,39,71,146,0,0,0,0,0,1.0,0.0,0,0.5114519596099854
5461,39,112,36,0,0,0,0,0,1.0,0.0,0,0.4754205346107483
5462,30,44,84,0,0,0,0,0,1.0,0.0,0,0.455994576215744
5463,48,71,241,0,0,0,0,0,1.0,0.0,0,0.5253644585609436
5464,7,75,243,0,0,0,0,0,1.0,0.2927499854509515,0,0.4859446585178375
5465,30,21,85,0,0,0,0,0,1.0,0.0,0,0.46184298396110535
5466,30,101,129,0,0,0,0,0,1.0,0.0,0,0.4744566082954407
5467,0,0,0,2,0,0,0,0,0.16666666666666666,0.0,0,0.49848082661628723
5468,45,51,145,0,0,0,0,0,1.0,0.0,0,0.5011924505233765
5469,50,90,100,0,0,0,0,0,1.0,0.0,0,0.4785240590572357
5470,37,66,103,0,0,0,0,0,1.0,0.0,0,0.5274862051010132
5471,2,81,106,0,0,0,0,0,1.0,0.0,0,0.4409327805042267
5472,26,86,41,0,0,0,0,0,1.0,0.0,0,0.492756724357605
5473,47,28,129,0,0,0,0,0,1.0,0.0,0,0.5990630984306335
5474,61,14,30,0,0,0,0,0,1.0,0.0,0,0.43255212903022766
5475,55,42,81,0,0,0,0,0,1.0,0.0,0,0.47967103123664856
5476,49,88,210,0,0,0,0,0,1.0,0.0,0,0.4689435362815857
5477,43,71,36,0,0,0,0,0,1.0,0.0,0,0.4987465441226959
5478,23,70,132,0,0,0,0,0,1.0,0.0,0,0.4711459279060364
5479,28,76,58,0,0,0,0,0,1.0,0.0,0,0.5809788107872009
5480,1,47,89,0,0,0,0,0,1.0,0.0,0,0.496466726064682
5481,58,79,91,0,0,0,0,0,1.0,0.0,0,0.5062730312347412
5482,44,110,94,0,0,0,0,0,1.0,0.0,0,0.582824170589447
5483,22,40,152,0,0,0,0,0,1.0,0.0,0,0.5864018201828003
5484,48,59,196,0,0,0,0,0,1.0,0.0,0,0.6129279732704163
5485,48,61,166,0,0,0,0,0,1.0,0.0,0,0.5310029983520508
5486,51,35,237,0,0,0,0,0,1.0,0.0,0,0.5354505777359009
5487,15,30,70,0,0,0,0,0,1.0,0.0,0,0.4446789622306824
5488,15,30,131,0,0,0,0,0,1.0,0.0,0,0.441366583108902
5489,31,63,185,0,0,0,0,0,1.0,0.0,0,0.4569108486175537
5490,51,35,17,0,0,0,0,0,1.0,0.0,0,0.5165438055992126
5491,31,84,70,0,0,0,0,0,1.0,0.0,0,0.4811224043369293
5492,50,115,150,0,0,0,0,0,1.0,0.0,0,0.47080445289611816
5493,42,14,140,0,0,0,0,0,1.0,0.0,0,0.5821129679679871
5494,63,100,127,0,0,0,0,0,1.0,0.0,0,0.4599488079547882
5495,35,19,193,0,0,0,0,0,1.0,0.0,0,0.4993012249469757
5496,47,118,83,0,0,0,0,0,1.0,0.0,0,0.531696081161499
5497,44,98,244,0,0,0,0,0,1.0,0.0,0,0.46129149198532104
5498,11,58,210,0,0,0,0,0,1.0,0.0,0,0.4951045513153076
5499,39,121,211,0,0,0,0,0,1.0,0.0,0,0.47930237650871277
5500,53,52,195,0,0,0,0,0,1.0,0.0,0,0.48822933435440063
5501,17,33,9,0,0,0,0,0,1.0,0.0,0,0.5093430280685425
5502,3,100,153,0,0,0,0,0,1.0,0.0,0,0.5011460781097412
5503,49,8,110,0,0,0,0,0,1.0,0.42377532960564934,0,0.53879714012146
5504,49,6,156,0,0,0,0,0,1.0,0.0,0,0.4701162874698639
5505,46,41,138,0,0,0,0,0,1.0,0.0,0,0.4868752062320709
5506,5,20,184,0,0,0,0,0,1.0,0.0,0,0.501156210899353
5507,5,24,73,0,0,0,0,0,1.0,0.0,0,0.4667888879776001
5508,2,51,46,0,0,0,0,0,1.0,0.0,0,0.4804943799972534
5509,9,119,198,0,0,0,0,0,1.0,0.0,0,0.5134953856468201
5510,9,41,134,0,0,0,0,0,1.0,0.0,0,0.542524516582489
5511,43,88,101,0,0,0,0,0,1.0,0.42861278863851693,0,0.5720301270484924
5512,37,44,136,0,0,0,0,0,1.0,0.0,0,0.5406286716461182
5513,45,57,166,0,0,0,0,0,1.0,0.0,0,0.5463488101959229
5514,23,44,85,0,0,0,0,0,1.0,0.0,0,0.47764459252357483
5515,16,92,147,0,0,0,0,0,1.0,0.0,0,0.5331896543502808
5516,12,0,10,0,0,0,0,0,1.0,0.0,0,0.4697176218032837
5517,43,77,208,0,0,0,0,0,1.0,0.0,0,0.5690963268280029
5518,25,81,2,0,0,0,0,0,1.0,0.0,0,0.49531933665275574
5519,7,122,105,0,0,0,0,0,1.0,0.0,0,0.4370588958263397
5520,20,26,33,0,0,0,0,0,1.0,0.0,0,0.5045652985572815
5521,30,119,12,0,0,0,0,0,1.0,0.0,0,0.5764719247817993
5522,32,81,75,0,0,0,0,0,1.0,0.0,0,0.5790825486183167
5523,34,33,63,0,0,0,0,0,1.0,0.0,0,0.4890315532684326
5524,4,68,117,0,0,0,0,0,1.0,0.0,0,0.4954771399497986
5525,20,57,8,0,0,0,0,0,1.0,0.0,0,0.5433164238929749
5526,4,75,181,0,0,0,0,0,1.0,0.0,0,0.48057886958122253
5527,14,104,78,0,0,0,0,0,1.0,0.0,0,0.5353528261184692
5528,14,77,45,1,0,0,0,0,0.5,0.0,0,0.5828462243080139
5529,23,21,227,0,0,0,0,0,1.0,0.0,0,0.48509275913238525
5530,20,61,50,0,0,0,0,0,1.0,0.0,0,0.5014023184776306
5531,52,68,15,0,0,0,0,0,1.0,0.0,0,0.47412800788879395
5532,29,60,190,0,0,0,0,0,1.0,0.3255705778611564,0,0.45361796021461487
5533,7,78,113,0,0,0,0,0,1.0,0.0,0,0.5102182030677795
5534,42,40,150,0,0,0,0,0,1.0,0.0,0,0.5141138434410095
5535,35,112,103,0,0,0,0,0,1.0,0.0,0,0.5538774132728577
5536,16,101,7,0,0,0,0,0,1.0,0.0,0,0.4506660997867584
5537,43,5,58,0,0,0,0,0,1.0,0.0,0,0.5079125165939331
5538,16,69,156,0,0,0,0,0,1.0,0.0,0,0.47648119926452637
5539,4,69,33,0,0,0,0,0,1.0,0.0,0,0.48570382595062256
5540,4,125,165,0,0,0,0,0,1.0,0.0,0,0.466225266456604
5541,38,81,115,0,0,0,0,0,1.0,0.0,0,0.5489646792411804
5542,51,92,138,0,0,0,0,0,1.0,0.0,0,0.4617774188518524
5543,56,80,195,0,0,0,0,0,1.0,0.0,0,0.47372254729270935
5544,9,75,204,0,0,0,0,0,1.0,0.0,0,0.530503511428833
5545,56,5,52,0,0,0,0,0,1.0,0.0,0,0.5306776165962219
5546,56,120,243,0,0,0,0,0,1.0,0.0,0,0.5427312850952148
5547,5,115,135,0,0,0,0,0,1.0,0.0,0,0.5306920409202576
5548,38,17,220,0,0,0,0,0,1.0,0.0,0,0.5405317544937134
5549,23,102,194,0,0,0,0,0,1.0,0.0,0,0.4701220989227295
5550,29,77,193,0,0,0,0,0,1.0,0.0,0,0.441221684217453
5551,7,9,219,0,0,0,0,0,1.0,0.0,0,0.47206833958625793
5552,33,51,207,0,0,0,0,0,1.0,0.0,0,0.4873730540275574
5553,14,24,223,0,0,0,0,0,1.0,0.0,0,0.5041078925132751
5554,3,11,244,0,0,0,0,0,1.0,0.0,0,0.4766180217266083
5555,49,90,249,0,0,0,0,0,1.0,0.0,0,0.5005106925964355
5556,7,20,109,0,0,0,0,0,1.0,0.0,0,0.49192681908607483
5557,10,67,54,0,0,0,0,0,1.0,0.0,0,0.5484681725502014
5558,2,102,135,0,0,0,0,0,1.0,0.0,0,0.4545745253562927
5559,41,33,167,0,0,0,0,0,1.0,0.0,0,0.4377519190311432
5560,45,71,153,0,0,0,0,0,1.0,0.0,0,0.5146101117134094
5561,2,84,181,0,0,0,0,0,1.0,0.0,0,0.41080254316329956
5562,10,108,251,0,0,0,0,0,1.0,0.0,0,0.5347263813018799
5563,33,70,215,0,0,0,0,0,1.0,0.0,0,0.5109264850616455
5564,47,117,48,0,0,0,0,0,1.0,0.0,0,0.5195723176002502
5565,48,93,160,0,0,0,0,0,1.0,0.0,0,0.5379067063331604
5566,55,9,207,0,0,0,0,0,1.0,0.3962268525048286,0,0.5524783730506897
5567,61,108,121,0,0,0,0,0,1.0,0.0,0,0.49347907304763794
5568,7,72,63,0,0,0,0,0,1.0,0.0,0,0.5365710258483887
5569,8,85,158,0,0,0,0,0,1.0,0.0,0,0.4896700084209442
5570,46,78,155,0,0,0,0,0,1.0,0.34634469719504624,0,0.4840804636478424
5571,16,97,96,0,0,0,0,0,1.0,0.0,0,0.5497482419013977
5572,36,34,15,0,0,0,0,0,1.0,0.0,0,0.4525425434112549
5573,16,50,13,0,0,0,0,0,1.0,0.0,0,0.4605136215686798
5574,23,11,52,0,0,0,0,0,1.0,0.0,0,0.4637758433818817
5575,40,23,233,0,0,0,0,0,1.0,0.0,0,0.44038793444633484
5576,9,100,7,0,0,0,0,0,1.0,0.0,0,0.534614622592926
5577,63,24,124,0,0,0,0,0,1.0,0.0,0,0.5016090869903564
5578,29,28,110,0,0,0,0,0,1.0,0.0,0,0.3956785500049591
5579,42,13,69,0,0,0,0,0,1.0,0.0,0,0.5234789848327637
5580,32,15,169,0,0,0,0,0,1.0,0.0,0,0.4922263026237488
5581,44,53,242,0,0,0,0,0,1.0,0.0,0,0.5458557605743408
5582,63,52,132,0,0,0,0,0,1.0,0.0,0,0.4864051640033722
5583,42,71,21,0,0,0,0,0,1.0,0.0,0,0.5195000171661377
5584,42,81,171,0,0,0,0,0,1.0,0.0,0,0.5671828389167786
5585,13,81,254,0,0,0,0,0,1.0,0.0,0,0.4839857816696167
5586,38,101,180,0,0,0,0,0,1.0,0.0,0,0.48287805914878845
5587,0,10,205,0,0,0,0,0,1.0,0.0,0,0.48728421330451965
5588,43,41,52,0,0,0,0,0,1.0,0.0,0,0.5417272448539734
5589,49,81,157,0,0,0,0,0,1.0,0.0,0,0.5095651745796204
5590,7,21,93,0,0,0,0,0,1.0,0.0,0,0.48349180817604065
5591,10,72,220,0,0,0,0,0,1.0,0.0,0,0.4673537611961365
5592,7,70,234,0,0,0,0,0,1.0,0.0,0,0.532565176486969
5593,20,120,66,0,0,0,0,0,1.0,0.0,0,0.5415438413619995
5594,49,24,181,0,0,0,0,0,1.0,0.0,0,0.5080441236495972
5595,51,32,157,0,0,0,0,0,1.0,0.3311587503454914,0,0.4220690131187439
5596,37,51,100,0,0,0,0,0,1.0,0.0,0,0.4721470773220062
5597,15,3,29,0,0,0,0,0,1.0,0.0,0,0.49842995405197144
5598,5,123,53,0,0,0,0,0,1.0,0.0,0,0.5217397809028625
5599,20,52,146,0,0,0,0,0,1.0,0.0,0,0.4832606017589569
5600,62,82,95,0,0,0,0,0,1.0,0.0,0,0.5630689859390259
5601,9,84,145,0,0,0,0,0,1.0,0.0,0,0.5041928291320801
5602,17,65,228,0,0,0,0,0,1.0,0.0,0,0.4709163010120392
5603,28,33,159,0,0,0,0,0,1.0,0.0,0,0.5570407509803772
5604,1,75,162,0,0,0,0,0,1.0,0.0,0,0.45113685727119446
5605,61,51,113,0,0,0,0,0,1.0,0.0,0,0.4940650463104248
5606,46,10,150,0,0,0,0,0,1.0,0.0,0,0.5475090146064758
5607,25,33,54,0,0,0,0,0,1.0,0.0,0,0.5042063593864441
5608,25,58,179,0,0,0,0,0,1.0,0.0,0,0.5053094625473022
5609,2,57,44,0,0,0,0,0,1.0,0.0,0,0.5009576678276062
5610,61,57,164,0,0,0,0,0,1.0,0.0,0,0.47346824407577515
5611,3,89,154,0,0,0,0,0,1.0,0.0,0,0.5151022672653198
5612,51,75,239,0,0,0,0,0,1.0,0.0,0,0.44891446828842163
5613,19,98,23,0,0,0,0,0,1.0,0.0,0,0.5106114149093628
5614,33,104,220,0,0,0,0,0,1.0,0.0,0,0.44632822275161743
5615,25,59,6,0,0,0,0,0,1.0,0.0,0,0.5514511466026306
5616,19,100,211,0,0,0,0,0,1.0,0.0,0,0.5791424512863159
5617,30,80,182,0,0,0,0,0,1.0,0.0,0,0.398272305727005
5618,33,81,116,0,0,0,0,0,1.0,0.0,0,0.4831289052963257
5619,9,36,8,0,0,0,0,0,1.0,0.0,0,0.47200489044189453
5620,59,12,252,0,0,0,0,0,1.0,0.0,0,0.5028262138366699
5621,21,31,37,0,0,0,0,0,1.0,0.0,0,0.5522661805152893
5622,38,49,111,0,0,0,0,0,1.0,0.0,0,0.5225113034248352
5623,59,24,95,0,0,0,0,0,1.0,0.0,0,0.4835585057735443
5624,26,107,50,0,0,0,0,0,1.0,0.0,0,0.47537851333618164
5625,12,71,1,0,0,0,0,0,1.0,0.0,0,0.5141206979751587
5626,45,71,89,0,0,0,0,0,1.0,0.0,0,0.4939483106136322
5627,44,116,167,0,0,0,0,0,1.0,0.0,0,0.4500572085380554
5628,62,56,61,0,0,0,0,0,1.0,0.0,0,0.606889009475708
5629,62,15,110,0,0,0,0,0,1.0,0.0,0,0.493789404630661
5630,36,125,181,0,0,0,0,0,1.0,0.0,0,0.45495104789733887
5631,6,99,122,0,0,0,0,0,1.0,0.0,0,0.5586963891983032
5632,42,111,231,0,0,0,0,0,1.0,0.0,0,0.539496660232544
5633,19,76,218,0,0,0,0,0,1.0,0.0,0,0.4658351540565491
5634,34,101,26,0,0,0,0,0,1.0,0.0,0,0.45159223675727844
5635,6,104,173,0,0,0,0,0,1.0,0.0,0,0.5577662587165833
5636,6,121,136,0,0,0,0,0,1.0,0.0,0,0.4868405759334564
5637,61,49,106,0,0,0,0,0,1.0,0.0,0,0.512622594833374
5638,39,30,57,0,0,0,0,0,1.0,0.0,0,0.5500839352607727
5639,23,98,167,0,0,0,0,0,1.0,0.0,0,0.4614269733428955
5640,48,125,42,0,0,0,0,0,1.0,0.0,0,0.4853000342845917
5641,12,96,245,0,0,0,0,0,1.0,0.0,0,0.49481940269470215
5642,37,97,129,0,0,0,0,0,1.0,0.0,0,0.5284128785133362
5643,16,67,92,0,0,0,0,0,1.0,0.0,0,0.510262131690979
5644,38,43,174,0,0,0,0,0,1.0,0.0,0,0.4805735647678375
5645,27,3,110,0,0,0,0,0,1.0,0.0,0,0.5112758278846741
5646,29,116,216,0,0,0,0,0,1.0,0.0,0,0.460940420627594
5647,14,22,127,0,0,0,0,0,1.0,0.0,0,0.4500004053115845
5648,62,90,102,0,0,0,0,0,1.0,0.0,0,0.4852711260318756
5649,62,34,248,0,0,0,0,0,1.0,0.0,0,0.5032450556755066
5650,23,120,17,0,0,0,0,0,1.0,0.0,0,0.4518915116786957
5651,62,86,125,0,0,0,0,0,1.0,0.0,0,0.5712763071060181
5652,42,76,202,0,0,0,0,0,1.0,0.0,0,0.5226254463195801
5653,62,101,42,0,0,0,0,0,1.0,0.0,0,0.5145633816719055
5654,43,114,232,0,0,0,0,0,1.0,0.0,0,0.5151952505111694
5655,62,124,237,0,0,0,0,0,1.0,0.0,0,0.5188887715339661
5656,23,16,123,0,0,0,0,0,1.0,0.0,0,0.5311357378959656
5657,31,12,199,0,0,0,0,0,1.0,0.0,0,0.5226766467094421
5658,63,3,53,0,0,0,0,0,1.0,0.0,0,0.5629353523254395
5659,58,5,89,0,0,0,0,0,1.0,0.0,0,0.5153028964996338
5660,38,110,188,0,0,0,0,0,1.0,0.2780485035803033,0,0.4891905188560486
5661,5,13,59,0,0,0,0,0,1.0,0.0,0,0.5543950200080872
5662,4,80,140,0,0,0,0,0,1.0,0.0,0,0.5154857039451599
5663,13,57,145,0,0,0,0,0,1.0,0.0,0,0.5152401328086853
5664,18,79,72,0,0,0,0,0,1.0,0.0,0,0.509277880191803
5665,38,94,172,0,0,0,0,0,1.0,0.0,0,0.4691379964351654
5666,46,116,194,0,0,0,0,0,1.0,0.0,0,0.49953675270080566
5667,3,2,81,0,0,0,0,0,1.0,0.0,0,0.4513782560825348
5668,18,38,188,0,0,0,0,0,1.0,0.0,0,0.4965957701206207
5669,42,87,41,0,0,0,0,0,1.0,0.0,0,0.5235975384712219
5670,58,9,115,0,0,0,0,0,1.0,0.0,0,0.4932258129119873
5671,43,0,232,0,0,0,0,0,1.0,0.0,0,0.5171535611152649
5672,17,14,103,0,0,0,0,0,1.0,0.0,0,0.4783516526222229
5673,3,72,201,0,0,0,0,0,1.0,0.0,0,0.4609295129776001
5674,36,120,65,0,0,0,0,0,1.0,0.0,0,0.4578377902507782
5675,29,84,46,0,0,0,0,0,1.0,0.0,0,0.40678343176841736
5676,32,28,22,0,0,0,0,0,1.0,0.0,0,0.515080988407135
5677,19,68,126,0,0,0,0,0,1.0,0.0,0,0.5105777978897095
5678,32,100,230,0,0,0,0,0,1.0,0.0,0,0.506528913974762
5679,10,13,106,0,0,0,0,0,1.0,0.0,0,0.5104342103004456
5680,57,69,229,0,0,0,0,0,1.0,0.0,0,0.4989544749259949
5681,27,25,53,0,0,0,0,0,1.0,0.0,0,0.5167376399040222
5682,32,124,15,0,0,0,0,0,1.0,0.0,0,0.5251409411430359
5683,26,120,237,0,0,0,0,0,1.0,0.0,0,0.49422740936279297
5684,11,12,204,0,0,0,0,0,1.0,0.0,0,0.48511847853660583
5685,13,47,202,0,0,0,0,0,1.0,0.0,0,0.5184629559516907
5686,6,67,128,0,0,0,0,0,1.0,0.0,0,0.44856950640678406
5687,45,58,226,0,0,0,0,0,1.0,0.0,0,0.4044545590877533
5688,22,52,8,0,0,0,0,0,1.0,0.0,0,0.49441587924957275
5689,47,83,162,0,0,0,0,0,1.0,0.0,0,0.5561124086380005
5690,39,91,115,0,0,0,0,0,1.0,0.0,0,0.48377951979637146
5691,47,22,124,0,0,0,0,0,1.0,0.0,0,0.5460343360900879
5692,10,15,211,0,0,0,0,0,1.0,0.0,0,0.5138114094734192
5693,13,17,104,0,0,0,0,0,1.0,0.0,0,0.5027416944503784
5694,58,28,141,0,0,0,0,0,1.0,0.0,0,0.4360498785972595
5695,36,108,219,0,0,0,0,0,1.0,0.0,0,0.4085817039012909
5696,48,38,42,0,0,0,0,0,1.0,0.0,0,0.530768096446991
5697,52,88,28,0,0,0,0,0,1.0,0.0,0,0.5687549710273743
5698,46,30,205,0,0,0,0,0,1.0,0.0,0,0.5215539932250977
5699,19,19,110,0,0,0,0,0,1.0,0.0,0,0.49701300263404846
5700,34,110,196,0,0,0,0,0,1.0,0.0,0,0.5105705261230469
5701,38,84,88,0,0,0,0,0,1.0,0.0,0,0.5517182350158691
5702,49,71,130,0,0,0,0,0,1.0,0.0,0,0.436113178730011
5703,24,82,130,0,0,0,0,0,1.0,0.0,0,0.46152856945991516
5704,4,100,201,0,0,0,0,0,1.0,0.0,0,0.4717693626880646
5705,5,76,87,0,0,0,0,0,1.0,0.0,0,0.42628321051597595
5706,32,100,198,0,0,0,0,0,1.0,0.0,0,0.5238817930221558
5707,16,29,87,0,0,0,0,0,1.0,0.0,0,0.4885216951370239
5708,59,111,196,0,0,0,0,0,1.0,0.0,0,0.4911305010318756
5709,18,74,177,0,0,0,0,0,1.0,0.0,0,0.533738911151886
5710,36,101,134,0,0,0,0,0,1.0,0.0,0,0.4349765181541443
5711,36,17,174,0,0,0,0,0,1.0,0.0,0,0.4377766251564026
5712,39,107,141,0,0,0,0,0,1.0,0.0,0,0.5435344576835632
5713,34,67,95,0,0,0,0,0,1.0,0.0,0,0.4658666253089905
5714,54,11,125,0,0,0,0,0,1.0,0.0,0,0.50227952003479
5715,63,3,94,0,0,0,0,0,1.0,0.0,0,0.5367946028709412
5716,46,90,88,0,0,0,0,0,1.0,0.0,0,0.4264165759086609
5717,30,94,154,0,0,0,0,0,1.0,0.0,0,0.44974738359451294
5718,25,106,238,0,0,0,0,0,1.0,0.0,0,0.5677564740180969
5719,52,109,118,0,0,0,0,0,1.0,0.0,0,0.5264041423797607
5720,33,127,36,0,0,0,0,0,1.0,0.0,0,0.4511100947856903
5721,28,16,154,0,0,0,0,0,1.0,0.0,0,0.5065720677375793
5722,60,19,169,0,0,0,0,0,1.0,0.0,0,0.5167735815048218
5723,32,127,76,0,0,0,0,0,1.0,0.0,0,0.5209015607833862
5724,34,15,43,0,0,0,0,0,1.0,0.0,0,0.4916933476924896
5725,13,13,211,0,0,0,0,0,1.0,0.0,0,0.4489519000053406
5726,55,111,231,0,0,0,0,0,1.0,0.0,0,0.5230330228805542
5727,34,18,250,0,0,0,0,0,1.0,0.0,0,0.45889025926589966
5728,55,76,122,0,0,0,0,0,1.0,0.0,0,0.5142945051193237
5729,13,124,26,0,0,0,0,0,1.0,0.0,0,0.4072815477848053
5730,53,88,130,0,0,0,0,0,1.0,0.0,0,0.49233710765838623
5731,44,44,104,0,0,0,0,0,1.0,0.0,0,0.5022821426391602
5732,61,89,11,0,0,0,0,0,1.0,0.0,0,0.4854122996330261
5733,48,29,212,0,0,0,0,0,1.0,0.0,0,0.4908866882324219
5734,43,75,143,0,0,0,0,0,1.0,0.0,0,0.500404417514801
5735,46,73,77,0,0,0,0,0,1.0,0.0,0,0.5293076038360596
5736,33,12,220,0,0,0,0,0,1.0,0.0,0,0.5236470699310303
5737,9,6,142,0,0,0,0,0,1.0,0.0,0,0.4305826425552368
5738,16,2,238,0,0,0,0,0,1.0,0.0,0,0.4810432493686676
5739,23,83,126,0,0,0,0,0,1.0,0.0,0,0.5206279754638672
5740,62,54,4,0,0,0,0,0,1.0,0.0,0,0.5647769570350647
5741,62,69,145,0,0,0,0,0,1.0,0.0,0,0.5026358962059021
5742,52,34,245,0,0,0,0,0,1.0,0.0,0,0.4715409576892853
5743,37,8,44,0,0,0,0,0,1.0,0.0,0,0.5466750264167786
5744,14,74,20,0,0,0,0,0,1.0,0.0,0,0.47785475850105286
5745,8,41,239,0,0,0,0,0,1.0,0.0,0,0.5198894143104553
5746,18,60,117,0,0,0,0,0,1.0,0.0,0,0.46401238441467285
5747,39,30,84,0,0,0,0,0,1.0,0.0,0,0.4085758626461029
5748,39,38,85,0,0,0,0,0,1.0,0.0,0,0.4455328583717346
5749,33,76,126,0,0,0,0,0,1.0,0.0,0,0.5309033393859863
5750,16,71,209,0,0,0,0,0,1.0,0.0,0,0.44983917474746704
5751,17,106,200,0,0,0,0,0,1.0,0.0,0,0.5369997024536133
5752,35,80,7,0,0,0,0,0,1.0,0.0,0,0.4452860653400421
5753,58,83,95,0,0,0,0,0,1.0,0.0,0,0.5227247476577759
5754,7,92,178,0,0,0,0,0,1.0,0.0,0,0.5127444267272949
5755,8,67,110,0,0,0,0,0,1.0,0.0,0,0.5072668790817261
5756,33,79,160,0,0,0,0,0,1.0,0.0,0,0.5271518230438232
5757,42,58,155,0,0,0,0,0,1.0,0.0,0,0.5325174927711487
5758,41,10,193,0,0,0,0,0,1.0,0.0,0,0.4601370394229889
5759,2,122,124,0,0,0,0,0,1.0,0.0,0,0.425035685300827
5760,60,19,252,0,0,0,0,0,1.0,0.0,0,0.5266563892364502
5761,7,50,34,0,0,0,0,0,1.0,0.0,0,0.46065041422843933
5762,31,74,27,0,0,0,0,0,1.0,0.0,0,0.4752916693687439
5763,57,111,105,0,0,0,0,0,1.0,0.0,0,0.4967465102672577
5764,15,86,247,0,0,0,0,0,1.0,0.0,0,0.4261963367462158
5765,61,58,243,0,0,0,0,0,1.0,0.0,0,0.49708226323127747
5766,6,114,104,0,0,0,0,0,1.0,0.0,0,0.5190452933311462
5767,62,7,148,0,0,0,0,0,1.0,0.0,0,0.5050012469291687
5768,16,20,88,0,0,0,0,0,1.0,0.0,0,0.4845665693283081
5769,4,9,0,0,0,0,0,0,1.0,0.0,0,0.5586981773376465
5770,24,85,83,0,0,0,0,0,1.0,0.0,0,0.49022987484931946
5771,20,118,65,0,0,0,0,0,1.0,0.0,0,0.5589606761932373
5772,17,122,222,0,0,0,0,0,1.0,0.0,0,0.4892914593219757
5773,43,93,240,0,0,0,0,0,1.0,0.0,0,0.5347623825073242
5774,46,82,64,0,0,0,0,0,1.0,0.0,0,0.4627787470817566
5775,1,1,89,0,0,0,0,0,1.0,0.0,0,0.5195397734642029
5776,17,2,237,0,0,0,0,0,1.0,0.0,0,0.49488475918769836
5777,26,29,137,0,0,0,0,0,1.0,0.0,0,0.5114530920982361
5778,60,68,1,0,0,0,0,0,1.0,0.0,0,0.488991379737854
5779,46,35,71,0,0,0,0,0,1.0,0.0,0,0.5109331011772156
5780,63,107,254,0,0,0,0,0,1.0,0.0,0,0.49865949153900146
5781,35,66,226,0,0,0,0,0,1.0,0.0,0,0.5009090900421143
5782,47,89,58,0,0,0,0,0,1.0,0.0,0,0.5614078044891357
5783,10,70,167,0,0,0,0,0,1.0,0.0,0,0.5185815691947937
5784,10,57,101,0,0,0,0,0,1.0,0.0,0,0.5554271936416626
5785,49,117,95,0,0,0,0,0,1.0,0.0,0,0.5049022436141968
5786,4,44,70,0,0,0,0,0,1.0,0.0,0,0.5290042757987976
5787,43,72,142,0,0,0,0,0,1.0,0.0,0,0.499702125787735
5788,39,11,134,0,0,0,0,0,1.0,0.0,0,0.4751167893409729
5789,37,44,11,0,0,0,0,0,1.0,0.0,0,0.520969808101654
5790,49,23,151,0,0,0,0,0,1.0,0.0,0,0.44284242391586304
5791,14,71,40,0,0,0,0,0,1.0,0.0,0,0.5072280168533325
5792,5,103,120,0,0,0,0,0,1.0,0.0,0,0.4986679255962372
5793,38,16,90,0,0,0,0,0,1.0,0.0,0,0.5152552723884583
5794,47,48,147,0,0,0,0,0,1.0,0.0,0,0.48088914155960083
5795,47,104,121,0,0,0,0,0,1.0,0.0,0,0.4489569664001465
5796,8,29,191,0,0,0,0,0,1.0,0.0,0,0.49733442068099976
5797,39,95,179,0,0,0,0,0,1.0,0.0,0,0.5451443195343018
5798,27,112,243,0,0,0,0,0,1.0,0.0,0,0.45289865136146545
5799,55,76,153,0,0,0,0,0,1.0,0.0,0,0.5215792655944824
5800,0,66,11,0,0,0,0,0,1.0,0.0,0,0.46039003133773804
5801,28,107,136,0,0,0,0,0,1.0,0.0,0,0.516832709312439
5802,46,58,195,0,0,0,0,0,1.0,0.0,0,0.4435805380344391
5803,43,33,140,0,0,0,0,0,1.0,0.0,0,0.5188011527061462
5804,62,91,185,0,0,0,0,0,1.0,0.0,0,0.6190279722213745
5805,62,122,61,0,0,0,0,0,1.0,0.0,0,0.5349801182746887
5806,62,15,47,0,0,0,0,0,1.0,0.0,0,0.5343342423439026
5807,7,78,84,0,0,0,0,0,1.0,0.0,0,0.532523512840271
5808,62,3,61,0,0,0,0,0,1.0,0.0,0,0.5352481603622437
5809,35,45,201,0,0,0,0,0,1.0,0.0,0,0.4638451039791107
5810,10,73,106,0,0,0,0,0,1.0,0.0,0,0.5133175253868103
5811,20,105,78,0,0,0,0,0,1.0,0.0,0,0.5733903050422668
5812,60,64,191,0,0,0,0,0,1.0,0.0,0,0.5069118142127991
5813,7,109,87,0,0,0,0,0,1.0,0.0,0,0.49128657579421997
5814,12,2,128,0,0,0,0,0,1.0,0.0,0,0.5366239547729492
5815,22,96,78,0,0,0,0,0,1.0,0.0,0,0.5489341616630554
5816,46,5,119,0,0,0,0,0,1.0,0.0,0,0.4801490902900696
5817,5,102,222,0,0,0,0,0,1.0,0.0,0,0.5044372081756592
5818,55,7,241,0,0,0,0,0,1.0,0.0,0,0.5427227020263672
5819,10,67,0,0,0,0,0,0,1.0,0.0,0,0.5684181451797485
5820,2,30,236,0,0,0,0,0,1.0,0.0,0,0.4711728096008301
5821,22,111,118,0,0,0,0,0,1.0,0.0,0,0.4949856996536255
5822,13,42,12,0,0,0,0,0,1.0,0.0,0,0.5018123388290405
5823,63,24,210,0,0,0,0,0,1.0,0.0,0,0.5112376809120178
5824,52,75,96,0,0,0,0,0,1.0,0.0,0,0.4577251672744751
5825,38,69,253,0,0,0,0,0,1.0,0.0,0,0.5245993137359619
5826,2,116,251,0,0,0,0,0,1.0,0.0,0,0.49628034234046936
5827,3,62,40,0,0,0,0,0,1.0,0.0,0,0.44524136185646057
5828,33,47,242,0,0,0,0,0,0.5,0.0,0,0.5166038274765015
5829,36,27,162,0,0,0,0,0,1.0,0.0,0,0.37783607840538025
5830,30,52,211,0,0,0,0,0,1.0,0.0,0,0.4358065128326416
5831,30,68,50,0,0,0,0,0,1.0,0.0,0,0.4746989905834198
5832,9,96,224,0,0,0,0,0,1.0,0.0,0,0.5366300940513611
5833,59,109,7,0,0,0,0,0,1.0,0.0,0,0.5382313132286072
5834,20,46,61,0,0,0,0,0,1.0,0.0,0,0.5225188732147217
5835,59,85,216,0,0,0,0,0,1.0,0.0,0,0.46105602383613586
5836,45,33,78,0,0,0,0,0,1.0,0.0,0,0.5380488038063049
5837,49,102,16,0,0,0,0,0,1.0,0.0,0,0.48428255319595337
5838,16,59,46,0,0,0,0,0,1.0,0.0,0,0.5082841515541077
5839,14,123,181,0,0,0,0,0,1.0,0.0,0,0.49016356468200684
5840,10,77,158,0,0,0,0,0,1.0,0.0,0,0.5321357250213623
5841,34,100,164,0,0,0,0,0,1.0,0.0,0,0.42577093839645386
5842,59,103,97,0,0,0,0,0,1.0,0.0,0,0.49108222126960754
5843,37,9,103,0,0,0,0,0,1.0,0.0,0,0.483926385641098
5844,25,69,250,0,0,0,0,0,1.0,0.0,0,0.4927864968776703
5845,35,64,84,0,0,0,0,0,1.0,0.0,0,0.5039543509483337
5846,62,60,38,0,0,0,0,0,1.0,0.0,0,0.5280538201332092
5847,42,125,16,0,0,0,0,0,1.0,0.0,0,0.5465307235717773
5848,19,117,15,0,0,0,0,0,1.0,0.0,0,0.5220750570297241
5849,47,90,69,0,0,0,0,0,1.0,0.0,0,0.5274194478988647
5850,47,4,132,0,0,0,0,0,1.0,0.0,0,0.4922011196613312
5851,22,86,93,0,0,0,0,0,1.0,0.0,0,0.5806518197059631
5852,13,126,143,0,0,0,0,0,1.0,0.0,0,0.479833722114563
5853,13,68,143,0,0,0,0,0,1.0,0.0,0,0.47427451610565186
5854,42,17,231,0,0,0,0,0,1.0,0.0,0,0.5868296027183533
5855,22,56,176,0,0,0,0,0,1.0,0.0,0,0.5221160650253296
5856,24,109,13,0,0,0,0,0,1.0,0.0,0,0.5504890084266663
5857,38,85,27,0,0,0,0,0,1.0,0.0,0,0.4848651587963104
5858,14,105,60,0,0,0,0,0,1.0,0.0,0,0.5543790459632874
5859,12,92,229,0,0,0,0,0,1.0,0.0,0,0.45514169335365295
5860,4,105,40,0,0,0,0,0,1.0,0.0,0,0.49781107902526855
5861,46,114,46,0,0,0,0,0,1.0,0.0,0,0.4605666399002075
5862,18,17,77,0,0,0,0,0,1.0,0.0,0,0.5043448805809021
5863,22,109,136,0,0,0,0,0,1.0,0.0,0,0.4749467670917511
5864,3,72,220,0,0,0,0,0,1.0,0.0,0,0.46129050850868225
5865,1,42,247,0,0,0,0,0,1.0,0.0,0,0.4838893413543701
5866,36,49,151,0,0,0,0,0,1.0,0.0,0,0.45438140630722046
5867,63,50,155,0,0,0,0,0,1.0,0.0,0,0.5009454488754272
5868,57,107,134,0,0,0,0,0,1.0,0.0,0,0.4560818672180176
5869,60,92,232,0,0,0,0,0,1.0,0.0,0,0.5220559239387512
5870,52,75,62,0,0,0,0,0,1.0,0.0,0,0.500779926776886
5871,24,16,8,0,0,0,0,0,1.0,0.0,0,0.5561941862106323
5872,16,103,190,0,0,0,0,0,1.0,0.0,0,0.4704396426677704
5873,59,125,216,0,0,0,0,0,1.0,0.0,0,0.47674688696861267
5874,26,49,143,0,0,0,0,0,1.0,0.0,0,0.4858475625514984
5875,35,64,199,0,0,0,0,0,1.0,0.0,0,0.4836885929107666
5876,56,124,144,0,0,0,0,0,1.0,0.0,0,0.47812405228614807
5877,8,45,158,0,0,0,0,0,1.0,0.0,0,0.5509940981864929
5878,5,8,241,0,0,0,0,0,1.0,0.0,0,0.49409550428390503
5879,21,78,68,0,0,0,0,0,1.0,0.0,0,0.5563881397247314
5880,21,60,214,0,0,0,0,0,1.0,0.0,0,0.5286247134208679
5881,0,58,165,0,0,0,0,0,1.0,0.0,0,0.4756569266319275
5882,29,11,244,0,0,0,0,0,1.0,0.0,0,0.46893155574798584
5883,59,79,112,0,0,0,0,0,1.0,0.0,0,0.4717426002025604
5884,51,69,222,0,0,0,0,0,1.0,0.0,0,0.4823758900165558
5885,34,79,253,0,0,0,0,0,1.0,0.0,0,0.5249307155609131
5886,34,94,183,0,0,0,0,0,1.0,0.0,0,0.46750375628471375
5887,46,82,226,0,0,0,0,0,1.0,0.0,0,0.5108305811882019
5888,56,120,191,0,0,0,0,0,1.0,0.0,0,0.5456041693687439
5889,31,94,232,0,0,0,0,0,1.0,0.0,0,0.4859688878059387
5890,8,112,1,0,0,0,0,0,1.0,0.0,0,0.47230538725852966
5891,51,21,58,0,0,0,0,0,1.0,0.0,0,0.4686747193336487
5892,47,78,214,0,0,0,0,0,1.0,0.0,0,0.5173839926719666
5893,46,55,26,0,0,0,0,0,1.0,0.0,0,0.5303640961647034
5894,61,53,132,0,0,0,0,0,1.0,0.0,0,0.5630751252174377
5895,34,110,180,0,0,0,0,0,1.0,0.0,0,0.475025475025177
5896,3,2,28,0,0,0,0,0,1.0,0.0,0,0.45557743310928345
5897,41,99,63,0,0,0,0,0,1.0,0.0,0,0.5324902534484863
5898,3,8,247,0,0,0,0,0,1.0,0.0,0,0.4672928750514984
5899,17,77,131,0,0,0,0,0,1.0,0.0,0,0.5313157439231873
5900,58,102,240,0,0,0,0,0,1.0,0.0,0,0.45592933893203735
5901,39,10,18,0,0,0,0,0,1.0,0.0,0,0.47178590297698975
5902,62,3,248,0,0,0,0,0,1.0,0.0,0,0.5250636339187622
5903,51,114,20,0,0,0,0,0,1.0,0.0,0,0.46216198801994324
5904,41,123,39,0,0,0,0,0,1.0,0.0,0,0.4496484696865082
5905,41,126,138,0,0,0,0,0,1.0,0.0,0,0.49122506380081177
5906,10,60,96,0,0,0,0,0,1.0,0.0,0,0.5262677073478699
5907,10,65,159,0,0,0,0,0,1.0,0.0,0,0.4994516670703888
5908,43,1,7,0,0,0,0,0,1.0,0.0,0,0.5976969599723816
5909,0,105,64,0,0,0,0,0,1.0,0.0,0,0.48097944259643555
5910,17,101,47,0,0,0,0,0,1.0,0.0,0,0.46589168906211853
5911,1,122,233,0,0,0,0,0,1.0,0.0,0,0.5004450082778931
5912,24,99,100,0,0,0,0,0,1.0,0.0,0,0.5206644535064697
5913,17,27,254,0,0,0,0,0,1.0,0.0,0,0.4574572443962097
5914,1,82,205,0,0,0,0,0,1.0,0.0,0,0.4937551021575928
5915,54,65,32,0,0,0,0,0,1.0,0.0,0,0.5660865306854248
5916,9,35,241,0,0,0,0,0,1.0,0.0,0,0.5091639161109924
5917,50,114,226,0,0,0,0,0,1.0,0.0,0,0.46916088461875916
5918,20,120,177,0,0,0,0,0,1.0,0.0,0,0.5555045008659363
5919,36,51,135,0,0,0,0,0,1.0,0.0,0,0.4604942798614502
5920,7,98,219,0,0,0,0,0,1.0,0.0,0,0.5419016480445862
5921,3,30,180,0,0,0,0,0,1.0,0.0,0,0.5069185495376587
5922,30,85,22,0,0,0,0,0,1.0,0.0,0,0.46636730432510376
5923,10,58,181,0,0,0,0,0,1.0,0.0,0,0.47949549555778503
5924,33,51,225,0,0,0,0,0,1.0,0.0,0,0.5034077763557434
5925,36,26,34,0,0,0,0,0,1.0,0.0,0,0.46744871139526367
5926,42,46,196,0,0,0,0,0,1.0,0.0,0,0.5190305709838867
5927,31,79,24,0,0,0,0,0,1.0,0.0,0,0.5588374137878418
5928,44,111,54,0,0,0,0,0,1.0,0.0,0,0.4864140748977661
5929,26,99,179,0,0,0,0,0,1.0,0.0,0,0.4892684817314148
5930,36,76,112,0,0,0,0,0,1.0,0.0,0,0.4379599988460541
5931,14,109,170,0,0,0,0,0,1.0,0.0,0,0.5860041379928589
5932,14,82,169,0,0,0,0,0,1.0,0.0,0,0.5151439905166626
5933,46,122,150,0,0,0,0,0,1.0,0.0,0,0.4593799412250519
5934,46,29,24,0,0,0,0,0,1.0,0.0,0,0.4593519866466522
5935,3,18,141,0,0,0,0,0,1.0,0.0,0,0.4967554211616516
5936,53,103,238,0,0,0,0,0,1.0,0.0,0,0.48267602920532227
5937,17,34,21,0,0,0,0,0,1.0,0.0,0,0.5049991011619568
5938,21,126,230,0,0,0,0,0,1.0,0.0,0,0.47597914934158325
5939,32,116,35,0,0,0,0,0,1.0,0.0,0,0.5028378963470459
5940,32,44,132,0,0,0,0,0,1.0,0.0,0,0.4905300438404083
5941,63,24,66,0,0,0,0,0,1.0,0.0,0,0.46333593130111694
5942,54,94,173,0,0,0,0,0,1.0,0.0,0,0.48698562383651733
5943,56,28,65,0,0,0,0,0,1.0,0.3948683396119631,0,0.5119426846504211
5944,56,20,45,0,0,0,0,0,1.0,0.0,0,0.5304666757583618
5945,5,70,216,0,0,0,0,0,1.0,0.0,0,0.4832359254360199
5946,50,103,215,0,0,0,0,0,1.0,0.0,0,0.47555240988731384
5947,24,81,92,0,0,0,0,0,1.0,0.0,0,0.5379012227058411
5948,13,68,107,0,0,0,0,0,1.0,0.0,0,0.4940589666366577
5949,33,88,27,0,0,0,0,0,1.0,0.0,0,0.49276214838027954
5950,16,127,227,0,0,0,0,0,1.0,0.0,0,0.49753931164741516
5951,6,100,30,0,0,0,0,0,1.0,0.0,0,0.45718422532081604
5952,1,10,38,0,0,0,0,0,1.0,0.0,0,0.48383402824401855
5953,14,14,61,0,0,0,0,0,1.0,0.0,0,0.5063638091087341
5954,24,120,151,0,0,0,0,0,1.0,0.0,0,0.5011940002441406
5955,43,8,255,0,0,0,0,0,1.0,0.0,0,0.48681777715682983
5956,18,125,36,0,0,0,0,0,1.0,0.0,0,0.524702250957489
5957,42,14,144,0,0,0,0,0,1.0,0.0,0,0.5731479525566101
5958,43,70,217,0,0,0,0,0,1.0,0.0,0,0.5516139268875122
5959,61,110,168,0,0,0,0,0,1.0,0.0,0,0.5351560115814209
5960,13,127,184,0,0,0,0,0,1.0,0.0,0,0.4159393906593323
5961,46,55,116,0,0,0,0,0,1.0,0.0,0,0.5263754725456238
5962,38,17,145,0,0,0,0,0,1.0,0.0,0,0.5329189300537109
5963,14,97,54,0,0,0,0,0,1.0,0.0,0,0.558111310005188
5964,41,49,244,0,0,0,0,0,1.0,0.0,0,0.5171257853507996
5965,36,5,120,0,0,0,0,0,1.0,0.0,0,0.4339849352836609
5966,60,86,22,0,0,0,0,0,1.0,0.0,0,0.5552374720573425
5967,26,111,47,0,0,0,0,0,1.0,0.0,0,0.5105840563774109
5968,27,69,11,0,0,0,0,0,1.0,0.0,0,0.5557957291603088
5969,26,9,140,0,0,0,0,0,1.0,0.0,0,0.43449369072914124
5970,23,119,97,0,0,0,0,0,1.0,0.0,0,0.47663477063179016
5971,23,68,171,0,0,0,0,0,1.0,0.0,0,0.4871702194213867
5972,61,112,165,0,0,0,0,0,1.0,0.0,0,0.4660760164260864
5973,40,101,55,0,0,0,0,0,1.0,0.0,0,0.5101532936096191
5974,27,87,49,0,0,0,0,0,1.0,0.0,0,0.5236525535583496
5975,19,32,143,0,0,0,0,0,1.0,0.0,0,0.5321932435035706
5976,63,117,127,0,0,0,0,0,1.0,0.0,0,0.4724346697330475
5977,63,37,191,0,0,0,0,0,1.0,0.0,0,0.44949814677238464
5978,49,2,191,0,0,0,0,0,1.0,0.0,0,0.5037211775779724
5979,55,106,212,0,0,0,0,0,1.0,0.0,0,0.5482000112533569
5980,43,99,5,0,0,0,0,0,1.0,0.0,0,0.6001280546188354
5981,53,70,130,0,0,0,0,0,1.0,0.0,0,0.4643748700618744
5982,55,29,230,0,0,0,0,0,1.0,0.0,0,0.5484691858291626
5983,39,12,220,0,0,0,0,0,1.0,0.0,0,0.5054479241371155
5984,30,84,117,0,0,0,0,0,1.0,0.0,0,0.448263555765152
5985,35,43,204,0,0,0,0,0,1.0,0.0,0,0.5575717091560364
5986,56,12,210,0,0,0,0,0,1.0,0.0,0,0.5128408074378967
5987,60,58,169,0,0,0,0,0,1.0,0.0,0,0.4756179451942444
5988,27,26,44,0,0,0,0,0,1.0,0.0,0,0.4938635230064392
5989,49,9,189,0,0,0,0,0,1.0,0.0,0,0.4451262354850769
5990,45,64,254,0,0,0,0,0,1.0,0.0,0,0.5335879325866699
5991,35,19,143,0,0,0,0,0,1.0,0.0,0,0.4758434593677521
5992,35,48,50,0,0,0,0,0,1.0,0.0,0,0.43033504486083984
5993,11,35,211,0,0,0,0,0,1.0,0.0,0,0.4367666244506836
5994,61,77,208,0,0,0,0,0,1.0,0.0,0,0.4466894268989563
5995,51,72,149,0,0,0,0,0,1.0,0.0,0,0.519469678401947
5996,51,105,130,0,0,0,0,0,1.0,0.0,0,0.4698761999607086
5997,47,9,251,0,0,0,0,0,1.0,0.0,0,0.520552396774292
5998,33,13,72,0,0,0,0,0,1.0,0.0,0,0.5474182963371277
5999,48,37,81,0,0,0,0,0,1.0,0.0,0,0.5388818383216858
6000,63,107,26,0,0,0,0,0,1.0,0.0,0,0.5465782880783081
6001,63,3,29,0,0,0,0,0,1.0,0.0,0,0.4964149594306946
6002,39,49,226,0,0,0,0,0,1.0,0.0,0,0.4542161226272583
6003,3,15,210,0,0,0,0,0,1.0,0.0,0,0.479194700717926
6004,41,33,246,0,0,0,0,0,1.0,0.0,0,0.44767144322395325
6005,24,47,211,0,0,0,0,0,1.0,0.0,0,0.49670037627220154
6006,24,82,111,0,0,0,0,0,1.0,0.0,0,0.4884071946144104
6007,46,123,116,0,0,0,0,0,1.0,0.0,0,0.48620855808258057
6008,24,10,241,0,0,0,0,0,1.0,0.0,0,0.46917957067489624
6009,54,40,136,0,0,0,0,0,1.0,0.0,0,0.5296198129653931
6010,49,58,220,0,0,0,0,0,1.0,0.0,0,0.4445483982563019
6011,61,97,191,0,0,0,0,0,1.0,0.0,0,0.569247841835022
6012,13,47,206,0,0,0,0,0,1.0,0.0,0,0.5452419519424438
6013,16,19,150,0,0,0,0,0,1.0,0.0,0,0.4901164472103119
6014,42,78,78,0,0,0,0,0,1.0,0.0,0,0.5129222273826599
6015,10,104,63,0,0,0,0,0,1.0,0.0,0,0.48263105750083923
6016,35,8,78,0,0,0,0,0,1.0,0.0,0,0.4839206039905548
6017,62,44,121,0,0,0,0,0,1.0,0.0,0,0.5144968628883362
6018,36,4,214,0,0,0,0,0,1.0,0.0,0,0.49575573205947876
6019,49,125,51,0,0,0,0,0,1.0,0.0,0,0.4659901559352875
6020,23,63,107,0,0,0,0,0,1.0,0.35115585985664166,0,0.49934399127960205
6021,8,36,133,0,0,0,0,0,1.0,0.0,0,0.49527913331985474
6022,1,47,203,0,0,0,0,0,1.0,0.0,0,0.46260523796081543
6023,54,92,59,0,0,0,0,0,1.0,0.0,0,0.47468242049217224
6024,60,21,174,0,0,0,0,0,1.0,0.0,0,0.49508196115493774
6025,55,69,202,0,0,0,0,0,1.0,0.0,0,0.5365681648254395
6026,14,90,172,0,0,0,0,0,1.0,0.0,0,0.5322048664093018
6027,21,67,0,0,0,0,0,0,1.0,0.0,0,0.5088691115379333
6028,9,5,106,0,0,0,0,0,1.0,0.0,0,0.5102655291557312
6029,24,74,30,0,0,0,0,0,1.0,0.0,0,0.4644753336906433
6030,34,38,118,0,0,0,0,0,1.0,0.0,0,0.4339786469936371
6031,8,82,159,0,0,0,0,0,1.0,0.0,0,0.5763323307037354
6032,0,29,173,0,0,0,0,0,1.0,0.0,0,0.4668804705142975
6033,32,11,0,0,0,0,0,0,1.0,0.0,0,0.5364018678665161
6034,2,33,188,0,0,0,0,0,1.0,0.0,0,0.4725990295410156
6035,42,114,51,0,0,0,0,0,1.0,0.0,0,0.4718770980834961
6036,23,125,210,0,0,0,0,0,1.0,0.0,0,0.49579960107803345
6037,42,9,80,0,0,0,0,0,1.0,0.0,0,0.5920997858047485
6038,62,35,195,0,0,0,0,0,1.0,0.0,0,0.5044981837272644
6039,23,58,135,0,0,0,0,0,1.0,0.0,0,0.4932797849178314
6040,7,98,64,0,0,0,0,0,1.0,0.0,0,0.547090470790863
6041,39,107,9,0,0,0,0,0,1.0,0.0,0,0.45604270696640015
6042,42,85,46,0,0,0,0,0,1.0,0.0,0,0.5381805300712585
6043,45,28,156,0,0,0,0,0,1.0,0.0,0,0.5102844834327698
6044,11,29,28,0,0,0,0,0,1.0,0.0,0,0.450623095035553
6045,11,66,41,0,0,0,0,0,1.0,0.0,0,0.4740932583808899
6046,32,34,128,0,0,0,0,0,1.0,0.0,0,0.4784696400165558
6047,44,53,225,0,0,0,0,0,1.0,0.0,0,0.5354920029640198
6048,32,95,70,0,0,0,0,0,1.0,0.0,0,0.49386832118034363
6049,60,32,1,0,0,0,0,0,1.0,0.0,0,0.5536209344863892
6050,53,67,135,0,0,0,0,0,1.0,0.0,0,0.4872552752494812
6051,8,58,164,0,0,0,0,0,1.0,0.0,0,0.45337381958961487
6052,42,110,181,0,0,0,0,0,1.0,0.0,0,0.49410128593444824
6053,14,15,202,0,0,0,0,0,1.0,0.0,0,0.5363836884498596
6054,49,107,171,0,0,0,0,0,1.0,0.0,0,0.502042293548584
6055,22,99,198,0,0,0,0,0,1.0,0.0,0,0.6098484992980957
6056,45,34,97,0,0,0,0,0,1.0,0.0,0,0.464444100856781
6057,30,44,156,0,0,0,0,0,1.0,0.0,0,0.46726441383361816
6058,15,67,159,0,0,0,0,0,1.0,0.0,0,0.5100765824317932
6059,33,51,219,0,0,0,0,0,1.0,0.0,0,0.4827851951122284
6060,2,42,153,0,0,0,0,0,1.0,0.0,0,0.4583563506603241
6061,23,29,146,0,0,0,0,0,1.0,0.0,0,0.47414836287498474
6062,13,111,218,0,0,0,0,0,1.0,0.0,0,0.4507017731666565
6063,29,57,236,0,0,0,0,0,1.0,0.0,0,0.4722341001033783
6064,60,59,163,0,0,0,0,0,1.0,0.0,0,0.5130911469459534
6065,30,82,148,0,0,0,0,0,1.0,0.0,0,0.4972277581691742
6066,36,66,224,0,0,0,0,0,1.0,0.0,0,0.45257386565208435
6067,44,17,63,0,0,0,0,0,1.0,0.0,0,0.493727445602417
6068,12,125,190,0,0,0,0,0,1.0,0.0,0,0.5190362930297852
6069,47,73,225,0,0,0,0,0,1.0,0.0,0,0.5239036083221436
6070,20,28,182,0,0,0,0,0,1.0,0.0,0,0.5868850350379944
6071,52,93,199,0,0,0,0,0,1.0,0.0,0,0.5004938840866089
6072,62,74,18,0,0,0,0,0,1.0,0.0,0,0.47855839133262634
6073,56,78,85,0,0,0,0,0,1.0,0.0,0,0.5594112873077393
6074,56,76,171,0,0,0,0,0,1.0,0.0,0,0.4403180778026581
6075,54,48,44,0,0,0,0,0,1.0,0.0,0,0.6199621558189392
6076,56,104,215,0,0,0,0,0,1.0,0.0,0,0.4858591854572296
6077,51,9,204,0,0,0,0,0,1.0,0.0,0,0.5230459570884705
6078,13,120,212,0,0,0,0,0,1.0,0.0,0,0.5090049505233765
6079,47,16,146,0,0,0,0,0,1.0,0.0,0,0.5098585486412048
6080,45,12,203,0,0,0,0,0,1.0,0.0,0,0.5085511803627014
6081,52,46,11,0,0,0,0,0,1.0,0.0,0,0.5017856955528259
6082,18,4,185,0,0,0,0,0,1.0,0.0,0,0.5391882061958313
6083,23,123,55,0,0,0,0,0,1.0,0.0,0,0.507763683795929
6084,41,96,209,0,0,0,0,0,1.0,0.0,0,0.5173385143280029
6085,23,31,116,0,0,0,0,0,1.0,0.0,0,0.5099809765815735
6086,41,7,222,0,0,0,0,0,1.0,0.0,0,0.4693358838558197
6087,10,92,175,0,0,0,0,0,1.0,0.0,0,0.5212662816047668
6088,61,41,145,0,0,0,0,0,1.0,0.0,0,0.5385065078735352
6089,54,20,110,0,0,0,0,0,1.0,0.0,0,0.4697116017341614
6090,62,0,243,0,0,0,0,0,1.0,0.0,0,0.5658630132675171
6091,46,73,227,0,0,0,0,0,1.0,0.0,0,0.5266721844673157
6092,38,43,120,0,0,0,0,0,1.0,0.0,0,0.5418993830680847
6093,34,69,233,0,0,0,0,0,1.0,0.0,0,0.48668622970581055
6094,13,116,67,0,0,0,0,0,1.0,0.0,0,0.5183687806129456
6095,18,93,203,0,0,0,0,0,1.0,0.0,0,0.5151462554931641
6096,16,15,100,0,0,0,0,0,1.0,0.0,0,0.49924707412719727
6097,9,99,103,0,0,0,0,0,1.0,0.0,0,0.5408893823623657
6098,11,110,62,0,0,0,0,0,1.0,0.0,0,0.44911667704582214
6099,31,51,20,0,0,0,0,0,1.0,0.0,0,0.5116775631904602
6100,39,81,150,0,0,0,0,0,1.0,0.0,0,0.5630767345428467
6101,13,125,205,0,0,0,0,0,1.0,0.0,0,0.47463417053222656
6102,58,85,205,0,0,0,0,0,1.0,0.0,0,0.46970611810684204
6103,5,28,147,0,0,0,0,0,1.0,0.0,0,0.4799550473690033
6104,52,101,156,0,0,0,0,0,1.0,0.0,0,0.46378690004348755
6105,13,11,207,0,0,0,0,0,1.0,0.0,0,0.4649801254272461
6106,31,96,70,0,0,0,0,0,1.0,0.0,0,0.46869605779647827
6107,33,72,162,0,0,0,0,0,1.0,0.0,0,0.48739874362945557
6108,61,50,57,0,0,0,0,0,1.0,0.0,0,0.3859610855579376
6109,46,10,151,0,0,0,0,0,1.0,0.0,0,0.5135096907615662
6110,28,81,14,0,0,0,0,0,1.0,0.0,0,0.5150330066680908
6111,13,38,222,0,0,0,0,0,1.0,0.0,0,0.45631158351898193
6112,36,75,23,0,0,0,0,0,1.0,0.0,0,0.4259975552558899
6113,29,27,132,0,0,0,0,0,1.0,0.0,0,0.4068167805671692
6114,17,67,37,0,0,0,0,0,1.0,0.0,0,0.47109436988830566
6115,47,63,5,0,0,0,0,0,1.0,0.0,0,0.5104415416717529
6116,19,9,230,0,0,0,0,0,1.0,0.0,0,0.48675283789634705
6117,58,91,235,0,0,0,0,0,1.0,0.0,0,0.5189616680145264
6118,52,74,62,0,0,0,0,0,1.0,0.0,0,0.43724891543388367
6119,4,20,230,0,0,0,0,0,1.0,0.0,0,0.441857248544693
6120,46,101,255,0,0,0,0,0,1.0,0.0,0,0.4329645335674286
6121,32,114,136,0,0,0,0,0,1.0,0.0,0,0.5474691390991211
6122,16,29,233,0,0,0,0,0,1.0,0.0,0,0.4609169065952301
6123,4,74,173,0,0,0,0,0,1.0,0.0,0,0.4575777053833008
6124,7,88,99,0,0,0,0,0,1.0,0.0,0,0.541519820690155
6125,8,50,154,0,0,0,0,0,1.0,0.0,0,0.4853636622428894
6126,51,62,99,0,0,0,0,0,1.0,0.0,0,0.4550889730453491
6127,52,84,169,0,0,0,0,0,1.0,0.0,0,0.49902647733688354
6128,42,36,53,0,0,0,0,0,1.0,0.0,0,0.5363385081291199
6129,42,87,159,0,0,0,0,0,1.0,0.0,0,0.5510604977607727
6130,28,22,16,0,0,0,0,0,1.0,0.0,0,0.508862316608429
6131,4,35,52,0,0,0,0,0,1.0,0.0,0,0.5049945712089539
6132,3,125,216,0,0,0,0,0,1.0,0.0,0,0.47024089097976685
6133,48,14,81,0,0,0,0,0,1.0,0.0,0,0.5025414824485779
6134,42,46,205,0,0,0,0,0,1.0,0.0,0,0.5275943875312805
6135,36,29,89,0,0,0,0,0,1.0,0.0,0,0.4683273136615753
6136,7,41,1,0,0,0,0,0,1.0,0.0,0,0.5261836647987366
6137,23,24,255,0,0,0,0,0,1.0,0.0,0,0.4943506419658661
6138,62,100,199,0,0,0,0,0,1.0,0.0,0,0.5298119783401489
6139,34,119,24,0,0,0,0,0,1.0,0.0,0,0.48105430603027344
6140,33,2,191,0,0,0,0,0,1.0,0.0,0,0.4690053462982178
6141,47,127,230,0,0,0,0,0,1.0,0.0,0,0.4757205545902252
6142,28,82,34,0,0,0,0,0,1.0,0.0,0,0.4981243908405304
6143,4,76,90,0,0,0,0,0,1.0,0.0,0,0.4998394846916199
6144,6,48,166,0,0,0,0,0,1.0,0.0,0,0.4715256989002228
6145,61,67,113,0,0,0,0,0,1.0,0.0,0,0.5349175333976746
6146,16,116,241,0,0,0,0,0,1.0,0.0,0,0.45376527309417725
6147,56,65,249,0,0,0,0,0,1.0,0.0,0,0.5095919966697693
6148,21,103,198,0,0,0,0,0,1.0,0.0,0,0.5072253942489624
6149,52,116,237,0,0,0,0,0,1.0,0.0,0,0.5269767045974731
6150,5,106,14,0,0,0,0,0,1.0,0.0,0,0.5205363035202026
6151,13,126,196,0,0,0,0,0,1.0,0.0,0,0.49699491262435913
6152,8,52,163,0,0,0,0,0,1.0,0.0,0,0.4867013692855835
6153,4,84,129,0,0,0,0,0,1.0,0.0,0,0.5503295063972473
6154,0,7,26,0,0,0,0,0,1.0,0.0,0,0.4901961088180542
6155,24,114,177,0,0,0,0,0,1.0,0.0,0,0.43257513642311096
6156,56,105,181,0,0,0,0,0,1.0,0.0,0,0.4703346788883209
6157,62,12,223,0,0,0,0,0,1.0,0.0,0,0.5043342709541321
6158,60,36,163,0,0,0,0,0,1.0,0.0,0,0.5529105067253113
6159,25,68,181,0,0,0,0,0,1.0,0.0,0,0.5000645518302917
6160,26,34,216,0,0,0,0,0,1.0,0.0,0,0.5092697143554688
6161,2,97,48,0,0,0,0,0,1.0,0.0,0,0.45288732647895813
6162,6,27,163,0,0,0,0,0,1.0,0.0,0,0.43246525526046753
6163,16,114,231,0,0,0,0,0,1.0,0.0,0,0.4930541515350342
6164,46,90,72,0,0,0,0,0,1.0,0.0,0,0.44389066100120544
6165,4,97,241,0,0,0,0,0,1.0,0.0,0,0.4838310182094574
6166,35,6,207,0,0,0,0,0,1.0,0.45420983489471334,0,0.5174201130867004
6167,35,69,222,0,0,0,0,0,1.0,0.0,0,0.4607289731502533
6168,11,35,53,0,0,0,0,0,1.0,0.0,0,0.47983744740486145
6169,29,48,220,0,0,0,0,0,1.0,0.0,0,0.45681920647621155
6170,4,62,183,0,0,0,0,0,1.0,0.0,0,0.5014804005622864
6171,47,69,27,0,0,0,0,0,1.0,0.0,0,0.4779800772666931
6172,42,29,183,0,0,0,0,0,1.0,0.0,0,0.4914901554584503
6173,9,52,127,0,0,0,0,0,1.0,0.0,0,0.5085865259170532
6174,28,15,152,0,0,0,0,0,1.0,0.0,0,0.5137490034103394
6175,16,95,135,0,0,0,0,0,1.0,0.0,0,0.5078017711639404
6176,49,2,124,0,0,0,0,0,1.0,0.3374657377117492,0,0.4969201683998108
6177,41,80,250,0,0,0,0,0,1.0,0.0,0,0.46003392338752747
6178,30,60,251,0,0,0,0,0,1.0,0.0,0,0.4361019730567932
6179,41,59,123,0,0,0,0,0,1.0,0.0,0,0.4241727888584137
6180,39,71,185,0,0,0,0,0,1.0,0.0,0,0.5015619397163391
6181,43,65,124,0,0,0,0,0,1.0,0.0,0,0.5894904732704163
6182,38,13,134,0,0,0,0,0,1.0,0.0,0,0.5225002765655518
6183,31,66,247,0,0,0,0,0,1.0,0.0,0,0.5506632328033447
6184,23,37,65,0,0,0,0,0,1.0,0.0,0,0.47750145196914673
6185,5,87,236,0,0,0,0,0,1.0,0.0,0,0.5447695851325989
6186,31,76,230,0,0,0,0,0,1.0,0.0,0,0.46699807047843933
6187,2,56,175,0,0,0,0,0,1.0,0.0,0,0.46582064032554626
6188,39,82,210,0,0,0,0,0,1.0,0.0,0,0.529975175857544
6189,52,27,214,0,0,0,0,0,1.0,0.0,0,0.4403629004955292
6190,43,91,160,0,0,0,0,0,1.0,0.0,0,0.660210371017456
6191,28,30,3,0,0,0,0,0,1.0,0.0,0,0.4438099265098572
6192,40,122,204,0,0,0,0,0,1.0,0.0,0,0.5107792615890503
6193,40,122,114,0,0,0,0,0,1.0,0.0,0,0.49599695205688477
6194,58,80,175,0,0,0,0,0,1.0,0.0,0,0.44448232650756836
6195,58,80,92,0,0,0,0,0,1.0,0.0,0,0.42189526557922363
6196,24,84,149,0,0,0,0,0,1.0,0.0,0,0.5021467208862305
6197,9,22,103,0,0,0,0,0,1.0,0.0,0,0.5470948815345764
6198,46,10,17,0,0,0,0,0,1.0,0.0,0,0.48906171321868896
6199,55,106,129,0,0,0,0,0,1.0,0.0,0,0.519417405128479
6200,46,26,107,0,0,0,0,0,1.0,0.0,0,0.5186107754707336
6201,24,14,172,0,0,0,0,0,1.0,0.0,0,0.48752546310424805
6202,52,105,173,0,0,0,0,0,1.0,0.0,0,0.46802592277526855
6203,46,15,244,0,0,0,0,0,1.0,0.0,0,0.4447818994522095
6204,42,51,41,0,0,0,0,0,1.0,0.0,0,0.526434600353241
6205,48,125,121,0,0,0,0,0,1.0,0.0,0,0.47325399518013
6206,3,108,197,0,0,0,0,0,1.0,0.0,0,0.4989571273326874
6207,16,111,218,0,0,0,0,0,1.0,0.0,0,0.5213884115219116
6208,16,117,153,0,0,0,0,0,1.0,0.0,0,0.42733919620513916
6209,43,19,193,0,0,0,0,0,1.0,0.0,0,0.5463831424713135
6210,53,22,60,0,0,0,0,0,1.0,0.0,0,0.5162971019744873
6211,0,42,94,0,0,0,0,0,1.0,0.0,0,0.506708562374115
6212,56,6,7,0,0,0,0,0,1.0,0.0,0,0.5531167387962341
6213,38,45,21,0,0,0,0,0,1.0,0.0,0,0.529529869556427
6214,51,9,67,0,0,0,0,0,1.0,0.0,0,0.44500336050987244
6215,46,55,167,0,0,0,0,0,1.0,0.0,0,0.5326974391937256
6216,16,106,126,0,0,0,0,0,1.0,0.0,0,0.5642555952072144
6217,20,11,39,0,0,0,0,0,1.0,0.0,0,0.6247518062591553
6218,3,38,161,0,0,0,0,0,1.0,0.0,0,0.4609242379665375
6219,41,44,73,0,0,0,0,0,1.0,0.0,0,0.4589587152004242
6220,11,62,169,0,0,0,0,0,1.0,0.0,0,0.5006248354911804
6221,10,15,201,0,0,0,0,0,1.0,0.0,0,0.5122736692428589
6222,33,92,222,0,0,0,0,0,1.0,0.0,0,0.5402544736862183
6223,59,125,113,0,0,0,0,0,1.0,0.0,0,0.483588844537735
6224,14,14,87,0,0,0,0,0,1.0,0.0,0,0.5594735741615295
6225,3,91,44,0,0,0,0,0,1.0,0.0,0,0.5157680511474609
6226,24,56,185,0,0,0,0,0,1.0,0.0,0,0.5618699789047241
6227,61,68,21,0,0,0,0,0,1.0,0.0,0,0.5613157749176025
6228,3,29,242,0,0,0,0,0,1.0,0.0,0,0.4446564316749573
6229,11,123,230,0,0,0,0,0,1.0,0.0,0,0.46705806255340576
6230,24,65,88,0,0,0,0,0,1.0,0.0,0,0.472029447555542
6231,24,96,70,0,0,0,0,0,1.0,0.0,0,0.536687433719635
6232,52,91,173,0,0,0,0,0,1.0,0.0,0,0.5278658270835876
6233,6,127,246,0,0,0,0,0,1.0,0.0,0,0.5382289290428162
6234,6,127,66,0,0,0,0,0,1.0,0.0,0,0.5501046776771545
6235,56,74,108,0,0,0,0,0,1.0,0.0,0,0.457307368516922
6236,12,107,240,0,0,0,0,0,1.0,0.0,0,0.5208659172058105
6237,35,18,171,0,0,0,0,0,1.0,0.0,0,0.5008442997932434
6238,39,49,39,0,0,0,0,0,1.0,0.0,0,0.4937836229801178
6239,22,22,215,0,0,0,0,0,1.0,0.0,0,0.5945297479629517
6240,20,56,21,0,0,0,0,0,1.0,0.0,0,0.5695238709449768
6241,36,92,223,0,0,0,0,0,1.0,0.0,0,0.4513702392578125
6242,24,110,105,0,0,0,0,0,1.0,0.0,0,0.5093574523925781
6243,55,103,222,0,0,0,0,0,1.0,0.0,0,0.503646969795227
6244,24,69,12,0,0,0,0,0,1.0,0.0,0,0.48955094814300537
6245,43,66,229,0,0,0,0,0,1.0,0.0,0,0.4532069265842438
6246,48,55,109,0,0,0,0,0,1.0,0.0,0,0.4852162301540375
6247,24,66,74,0,0,0,0,0,1.0,0.0,0,0.46526268124580383
6248,36,52,117,0,0,0,0,0,1.0,0.3527884790723134,0,0.4231284260749817
6249,50,123,175,0,0,0,0,0,1.0,0.0,0,0.4343022406101227
6250,3,85,174,0,0,0,0,0,1.0,0.0,0,0.5047085285186768
6251,39,127,65,0,0,0,0,0,1.0,0.0,0,0.5027757287025452
6252,60,54,50,0,0,0,0,0,1.0,0.0,0,0.554417073726654
6253,53,22,174,0,0,0,0,0,1.0,0.3077149325006342,0,0.47958749532699585
6254,56,89,72,0,0,0,0,0,1.0,0.0,0,0.5616112947463989
6255,9,56,202,0,0,0,0,0,1.0,0.0,0,0.5750550627708435
6256,49,61,1,0,0,0,0,0,1.0,0.0,0,0.4215151071548462
6257,7,111,72,0,0,0,0,0,1.0,0.0,0,0.5202350616455078
6258,58,20,211,0,0,0,0,0,1.0,0.0,0,0.44493359327316284
6259,58,101,175,0,0,0,0,0,1.0,0.0,0,0.5148653388023376
6260,0,66,105,0,0,0,0,0,1.0,0.0,0,0.47352632880210876
6261,26,67,64,0,0,0,0,0,1.0,0.0,0,0.4901895225048065
6262,26,33,20,0,0,0,0,0,1.0,0.0,0,0.43562254309654236
6263,4,3,52,0,0,0,0,0,1.0,0.0,0,0.4433057904243469
6264,61,95,243,0,0,0,0,0,1.0,0.0,0,0.461785227060318
6265,35,41,63,0,0,0,0,0,1.0,0.0,0,0.5157430768013
6266,58,67,196,0,0,0,0,0,1.0,0.0,0,0.5169557929039001
6267,10,82,154,0,0,0,0,0,1.0,0.0,0,0.48298147320747375
6268,44,3,7,0,0,0,0,0,1.0,0.0,0,0.5140610933303833
6269,42,36,54,0,0,0,0,0,1.0,0.0,0,0.4706343710422516
6270,15,76,222,0,0,0,0,0,1.0,0.0,0,0.5040218830108643
6271,6,102,8,0,0,0,0,0,1.0,0.0,0,0.5163474082946777
6272,9,98,83,0,0,0,0,0,1.0,0.0,0,0.5000147819519043
6273,6,25,159,0,0,0,0,0,1.0,0.0,0,0.4935421049594879
6274,4,45,166,0,0,0,0,0,1.0,0.0,0,0.5156673192977905
6275,24,6,27,0,0,0,0,0,1.0,0.0,0,0.5032104849815369
6276,16,38,58,0,0,0,0,0,1.0,0.3665701473633652,0,0.5005553364753723
6277,14,69,27,0,0,0,0,0,1.0,0.0,0,0.541452944278717
6278,7,118,179,0,0,0,0,0,1.0,0.0,0,0.5318750739097595
6279,27,34,205,0,0,0,0,0,1.0,0.0,0,0.5223197937011719
6280,30,68,215,0,0,0,0,0,1.0,0.0,0,0.4505256414413452
6281,8,127,5,0,0,0,0,0,1.0,0.0,0,0.5211965441703796
6282,41,59,119,0,0,0,0,0,1.0,0.0,0,0.5511156320571899
6283,8,124,100,0,0,0,0,0,1.0,0.0,0,0.533356785774231
6284,39,88,242,0,0,0,0,0,1.0,0.0,0,0.6153685450553894
6285,55,118,43,0,0,0,0,0,1.0,0.0,0,0.5630353689193726
6286,55,120,185,0,0,0,0,0,1.0,0.0,0,0.4851614832878113
6287,50,113,0,0,0,0,0,0,1.0,0.0,0,0.4858309030532837
6288,30,124,9,0,0,0,0,0,1.0,0.0,0,0.45640358328819275
6289,3,96,205,0,0,0,0,0,1.0,0.0,0,0.5134273767471313
6290,24,24,190,0,0,0,0,0,1.0,0.0,0,0.5500677227973938
6291,40,107,251,0,0,0,0,0,1.0,0.0,0,0.4467269480228424
6292,15,74,133,0,0,0,0,0,1.0,0.0,0,0.43976151943206787
6293,31,55,67,0,0,0,0,0,1.0,0.0,0,0.49358537793159485
6294,15,121,65,0,0,0,0,0,1.0,0.0,0,0.4876033067703247
6295,15,125,18,0,0,0,0,0,1.0,0.0,0,0.46508416533470154
6296,15,34,90,0,0,0,0,0,1.0,0.0,0,0.515134334564209
6297,8,1,159,0,0,0,0,0,1.0,0.0,0,0.47962886095046997
6298,56,1,217,0,0,0,0,0,1.0,0.0,0,0.5515620708465576
6299,55,86,223,0,0,0,0,0,1.0,0.0,0,0.5458276271820068
6300,47,115,64,0,0,0,0,0,1.0,0.0,0,0.46052417159080505
6301,60,86,89,0,0,0,0,0,1.0,0.0,0,0.5943280458450317
6302,10,22,85,0,0,0,0,0,1.0,0.0,0,0.5471137762069702
6303,47,127,199,0,0,0,0,0,1.0,0.0,0,0.5358507633209229
6304,54,79,54,0,0,0,0,0,1.0,0.0,0,0.44354963302612305
6305,56,118,206,0,0,0,0,0,1.0,0.0,0,0.4939396381378174
6306,48,55,235,0,0,0,0,0,1.0,0.0,0,0.4748987853527069
6307,43,93,172,0,0,0,0,0,1.0,0.0,0,0.5178576111793518
6308,43,84,42,0,0,0,0,0,1.0,0.0,0,0.4816446006298065
6309,49,24,6,0,0,0,0,0,1.0,0.0,0,0.559510350227356
6310,5,47,122,0,0,0,0,0,1.0,0.0,0,0.4790783226490021
6311,15,62,161,0,0,0,0,0,1.0,0.0,0,0.44477444887161255
6312,5,39,242,0,0,0,0,0,1.0,0.0,0,0.5351630449295044
6313,7,97,30,0,0,0,0,0,1.0,0.0,0,0.5823812484741211
6314,7,112,123,0,0,0,0,0,1.0,0.0,0,0.4719441533088684
6315,42,65,76,0,0,0,0,0,1.0,0.0,0,0.5148337483406067
6316,9,1,30,0,0,0,0,0,1.0,0.0,0,0.49502015113830566
6317,13,122,179,0,0,0,0,0,1.0,0.0,0,0.42619746923446655
6318,19,90,252,0,0,0,0,0,1.0,0.0,0,0.5292747616767883
6319,17,76,212,0,0,0,0,0,1.0,0.0,0,0.5464795827865601
6320,55,117,24,0,0,0,0,0,1.0,0.0,0,0.5544220209121704
6321,56,13,89,0,0,0,0,0,1.0,0.0,0,0.5075715780258179
6322,30,82,48,0,0,0,0,0,1.0,0.0,0,0.5099227428436279
6323,49,75,187,0,0,0,0,0,1.0,0.0,0,0.4720776379108429
6324,14,111,3,0,0,0,0,0,1.0,0.0,0,0.4900755286216736
6325,20,113,209,0,0,0,0,0,1.0,0.0,0,0.5302463173866272
6326,49,18,223,0,0,0,0,0,1.0,0.0,0,0.4912430942058563
6327,8,24,199,0,0,0,0,0,1.0,0.0,0,0.6173310875892639
6328,26,9,102,0,0,0,0,0,1.0,0.0,0,0.47736144065856934
6329,10,91,236,0,0,0,0,0,1.0,0.0,0,0.519869327545166
6330,10,101,163,0,0,0,0,0,1.0,0.0,0,0.4774619936943054
6331,63,15,18,0,0,0,0,0,1.0,0.0,0,0.511947512626648
6332,46,49,24,0,0,0,0,0,1.0,0.0,0,0.48299160599708557
6333,62,85,186,0,0,0,0,0,1.0,0.0,0,0.5359497666358948
6334,5,119,5,0,0,0,0,0,1.0,0.0,0,0.5381709337234497
6335,5,60,220,0,0,0,0,0,1.0,0.0,0,0.5372216701507568
6336,3,77,139,0,0,0,0,0,1.0,0.0,0,0.5722258687019348
6337,43,82,100,0,0,0,0,0,1.0,0.0,0,0.5216324329376221
6338,5,111,192,0,0,0,0,0,1.0,0.0,0,0.5331194996833801
6339,18,23,235,0,0,0,0,0,1.0,0.0,0,0.5312676429748535
6340,48,75,29,0,0,0,0,0,1.0,0.0,0,0.4938814640045166
6341,22,11,51,0,0,0,0,0,1.0,0.0,0,0.5278961658477783
6342,39,79,62,0,0,0,0,0,1.0,0.0,0,0.5511382818222046
6343,48,82,112,0,0,0,0,0,1.0,0.0,0,0.46238973736763
6344,59,10,75,0,0,0,0,0,1.0,0.0,0,0.5866013765335083
6345,59,20,189,0,0,0,0,0,1.0,0.0,0,0.4955742657184601
6346,46,45,176,0,0,0,0,0,1.0,0.0,0,0.44509953260421753
6347,7,76,178,0,0,0,0,0,1.0,0.0,0,0.4863465428352356
6348,59,127,11,0,0,0,0,0,1.0,0.0,0,0.49458634853363037
6349,36,1,121,0,0,0,0,0,1.0,0.0,0,0.4690229296684265
6350,17,117,223,0,0,0,0,0,1.0,0.0,0,0.5069444179534912
6351,13,52,34,0,0,0,0,0,1.0,0.0,0,0.5049303770065308
6352,4,29,99,0,0,0,0,0,1.0,0.0,0,0.5025948286056519
6353,59,109,108,0,0,0,0,0,1.0,0.0,0,0.5139808654785156
6354,15,93,122,0,0,0,0,0,1.0,0.0,0,0.46647441387176514
6355,3,40,148,0,0,0,0,0,1.0,0.0,0,0.5450628995895386
6356,2,122,8,0,0,0,0,0,1.0,0.0,0,0.41330045461654663
6357,35,19,161,0,0,0,0,0,1.0,0.0,0,0.4907490313053131
6358,7,21,253,0,0,0,0,0,1.0,0.0,0,0.4614371359348297
6359,28,116,91,0,0,0,0,0,1.0,0.0,0,0.535356342792511
6360,42,10,110,0,0,0,0,0,1.0,0.0,0,0.529480516910553
6361,56,58,7,0,0,0,0,0,1.0,0.0,0,0.4497838020324707
6362,8,1,175,0,0,0,0,0,1.0,0.0,0,0.5798953771591187
6363,14,23,192,0,0,0,0,0,1.0,0.0,0,0.5351846218109131
6364,6,28,2,0,0,0,0,0,1.0,0.0,0,0.4873671233654022
6365,2,48,160,0,0,0,0,0,1.0,0.38486145102805513,0,0.49110570549964905
6366,14,64,75,0,0,0,0,0,1.0,0.0,0,0.5187069773674011
6367,52,51,84,0,0,0,0,0,1.0,0.0,0,0.4488871991634369
6368,14,87,127,0,0,0,0,0,1.0,0.0,0,0.5520399808883667
6369,14,29,18,0,0,0,0,0,1.0,0.0,0,0.46136197447776794
6370,37,28,233,0,0,0,0,0,1.0,0.0,0,0.5153509378433228
6371,25,43,7,0,0,0,0,0,1.0,0.0,0,0.538565993309021
6372,56,40,51,0,0,0,0,0,1.0,0.0,0,0.49711671471595764
6373,7,17,191,0,0,0,0,0,1.0,0.0,0,0.45583054423332214
6374,19,34,31,0,0,0,0,0,1.0,0.0,0,0.5597615242004395
6375,55,70,187,0,0,0,0,0,1.0,0.0,0,0.5825275182723999
6376,34,89,34,0,0,0,0,0,1.0,0.0,0,0.5527436137199402
6377,13,111,207,0,0,0,0,0,1.0,0.0,0,0.4206276834011078
6378,61,122,204,0,0,0,0,0,1.0,0.0,0,0.46861550211906433
6379,7,95,112,0,0,0,0,0,1.0,0.0,0,0.5273168683052063
6380,13,84,171,0,0,0,0,0,1.0,0.0,0,0.461293488740921
6381,44,54,74,0,0,0,0,0,1.0,0.0,0,0.5301988124847412
6382,6,49,171,0,0,0,0,0,1.0,0.0,0,0.46791648864746094
6383,20,60,149,0,0,0,0,0,1.0,0.0,0,0.5043383240699768
6384,42,4,122,0,0,0,0,0,1.0,0.0,0,0.5494092106819153
6385,35,70,105,0,0,0,0,0,1.0,0.0,0,0.5129526257514954
6386,61,83,67,0,0,0,0,0,1.0,0.0,0,0.5183426141738892
6387,4,61,123,0,0,0,0,0,1.0,0.0,0,0.4904269576072693
6388,40,13,31,0,0,0,0,0,1.0,0.0,0,0.5175614953041077
6389,34,6,150,0,0,0,0,0,1.0,0.0,0,0.45656198263168335
6390,38,35,79,0,0,0,0,0,1.0,0.0,0,0.5353902578353882
6391,8,122,227,0,0,0,0,0,1.0,0.0,0,0.46163949370384216
6392,59,45,168,0,0,0,0,0,1.0,0.0,0,0.49689266085624695
6393,63,41,46,0,0,0,0,0,1.0,0.0,0,0.5169996023178101
6394,8,114,174,0,0,0,0,0,1.0,0.0,0,0.46467530727386475
6395,56,93,98,0,0,0,0,0,1.0,0.0,0,0.5584379434585571
6396,23,55,194,0,0,0,0,0,1.0,0.0,0,0.5342791080474854
6397,7,120,179,0,0,0,0,0,1.0,0.0,0,0.5351986289024353
6398,3,27,101,0,0,0,0,0,1.0,0.0,0,0.43815210461616516
6399,63,15,83,0,0,0,0,0,1.0,0.0,0,0.43126198649406433
6400,21,94,165,0,0,0,0,0,1.0,0.0,0,0.4291393458843231
6401,36,48,101,0,0,0,0,0,1.0,0.0,0,0.4861934185028076
6402,60,101,168,0,0,0,0,0,1.0,0.0,0,0.5235127806663513
6403,23,8,176,0,0,0,0,0,1.0,0.0,0,0.5256617665290833
6404,48,71,34,0,0,0,0,0,1.0,0.0,0,0.5047051310539246
6405,31,109,149,0,0,0,0,0,1.0,0.0,0,0.42764919996261597
6406,49,12,112,0,0,0,0,0,1.0,0.0,0,0.49129870533943176
6407,63,107,246,0,0,0,0,0,1.0,0.0,0,0.49237915873527527
6408,27,42,182,0,0,0,0,0,1.0,0.0,0,0.4845811128616333
6409,54,113,251,0,0,0,0,0,1.0,0.0,0,0.460418164730072
6410,45,70,77,0,0,0,0,0,1.0,0.0,0,0.46986979246139526
6411,18,104,145,0,0,0,0,0,1.0,0.0,0,0.49372249841690063
6412,19,118,149,0,0,0,0,0,1.0,0.0,0,0.5309115052223206
6413,14,83,139,0,0,0,0,0,1.0,0.0,0,0.5129787921905518
6414,19,99,175,0,0,0,0,0,1.0,0.0,0,0.5489498376846313
6415,62,108,79,0,0,0,0,0,1.0,0.0,0,0.5431548953056335
6416,11,40,32,0,0,0,0,0,1.0,0.0,0,0.5464964509010315
6417,57,53,144,0,0,0,0,0,1.0,0.0,0,0.5149003267288208
6418,57,107,250,0,0,0,0,0,1.0,0.0,0,0.4683932363986969
6419,63,12,21,0,0,0,0,0,1.0,0.0,0,0.513542890548706
6420,35,17,241,0,0,0,0,0,1.0,0.0,0,0.43527039885520935
6421,18,6,198,0,0,0,0,0,1.0,0.0,0,0.5012677907943726
6422,52,117,117,0,0,0,0,0,1.0,0.0,0,0.5075061917304993
6423,54,123,168,0,0,0,0,0,1.0,0.0,0,0.5294007062911987
6424,17,78,252,0,0,0,0,0,1.0,0.0,0,0.5864729285240173
6425,28,16,253,0,0,0,0,0,1.0,0.0,0,0.5034955143928528
6426,47,58,161,0,0,0,0,0,1.0,0.0,0,0.4319312870502472
6427,55,73,138,0,0,0,0,0,1.0,0.0,0,0.5074252486228943
6428,8,81,29,0,0,0,0,0,1.0,0.0,0,0.5749585628509521
6429,21,29,65,0,0,0,0,0,1.0,0.0,0,0.45551320910453796
6430,31,19,238,0,0,0,0,0,1.0,0.0,0,0.4719664454460144
6431,46,74,126,0,0,0,0,0,1.0,0.0,0,0.43450218439102173
6432,13,67,189,0,0,0,0,0,1.0,0.0,0,0.4122692346572876
6433,13,76,83,0,0,0,0,0,1.0,0.0,0,0.4342704117298126
6434,13,17,142,0,0,0,0,0,0.5,0.0,0,0.45696017146110535
6435,13,11,173,0,0,0,0,0,1.0,0.0,0,0.48527777194976807
6436,13,115,46,0,0,0,0,0,1.0,0.0,0,0.47204023599624634
6437,13,126,23,0,0,0,0,0,1.0,0.0,0,0.46322113275527954
6438,13,17,142,1,0,0,0,0,0.5,0.0,0,0.45696017146110535
6439,49,76,141,0,0,0,0,0,1.0,0.0,0,0.5147383809089661
6440,13,24,74,0,0,0,0,0,1.0,0.0,0,0.5036607384681702
6441,13,87,124,0,0,0,0,0,1.0,0.0,0,0.4497809410095215
6442,36,17,6,0,0,0,0,0,1.0,0.3928953305571895,0,0.4923446774482727
6443,13,51,84,0,0,0,0,0,1.0,0.0,0,0.4020764231681824
6444,46,39,104,0,0,0,0,0,1.0,0.0,0,0.5103407502174377
6445,36,33,89,0,0,0,0,0,1.0,0.0,0,0.42297330498695374
6446,13,95,202,0,0,0,0,0,1.0,0.0,0,0.45330727100372314
6447,13,95,133,0,0,0,0,0,1.0,0.0,0,0.4845978617668152
6448,46,74,194,0,0,0,0,0,1.0,0.0,0,0.42789727449417114
6449,13,16,182,0,0,0,0,0,1.0,0.0,0,0.5020900964736938
6450,43,99,165,0,0,0,0,0,1.0,0.0,0,0.6277886629104614
6451,23,23,55,0,0,0,0,0,1.0,0.0,0,0.5126850008964539
6452,43,79,224,0,0,0,0,0,1.0,0.0,0,0.5271103382110596
6453,10,127,202,0,0,0,0,0,1.0,0.0,0,0.5243085622787476
6454,49,88,137,0,0,0,0,0,1.0,0.0,0,0.49491527676582336
6455,26,78,74,0,0,0,0,0,1.0,0.0,0,0.547345757484436
6456,34,100,176,0,0,0,0,0,1.0,0.0,0,0.4934510290622711
6457,40,63,69,0,0,0,0,0,1.0,0.0,0,0.48227548599243164
6458,57,45,247,0,0,0,0,0,1.0,0.0,0,0.5050621032714844
6459,35,45,171,0,0,0,0,0,1.0,0.0,0,0.43554219603538513
6460,38,59,250,0,0,0,0,0,1.0,0.0,0,0.5467768907546997
6461,50,121,53,0,0,0,0,0,1.0,0.0,0,0.5266433954238892
6462,46,10,118,0,0,0,0,0,1.0,0.0,0,0.4647180140018463
6463,4,109,127,0,0,0,0,0,1.0,0.0,0,0.5143426656723022
6464,28,80,74,0,0,0,0,0,1.0,0.0,0,0.46863454580307007
6465,4,114,44,0,0,0,0,0,1.0,0.0,0,0.4916693866252899
6466,19,62,232,0,0,0,0,0,1.0,0.0,0,0.5379648208618164
6467,51,69,140,0,0,0,0,0,1.0,0.0,0,0.4449000060558319
6468,63,76,50,0,0,0,0,0,1.0,0.0,0,0.5222365856170654
6469,8,67,45,0,0,0,0,0,1.0,0.0,0,0.5507931709289551
6470,22,22,118,0,0,0,0,0,1.0,0.0,0,0.5027046799659729
6471,24,30,24,0,0,0,0,0,1.0,0.0,0,0.4769362807273865
6472,16,60,233,0,0,0,0,0,1.0,0.0,0,0.4712500274181366
6473,4,45,179,0,0,0,0,0,1.0,0.0,0,0.5110112428665161
6474,24,27,0,0,0,0,0,0,1.0,0.0,0,0.5206741690635681
6475,38,102,253,0,0,0,0,0,1.0,0.0,0,0.552977442741394
6476,34,63,188,0,0,0,0,0,1.0,0.0,0,0.5049387812614441
6477,22,11,189,0,0,0,0,0,1.0,0.0,0,0.5280790328979492
6478,13,31,216,0,0,0,0,0,1.0,0.0,0,0.4321998953819275
6479,20,44,242,0,0,0,0,0,1.0,0.0,0,0.48950842022895813
6480,4,32,151,0,0,0,0,0,1.0,0.0,0,0.43817415833473206
6481,48,88,48,0,0,0,0,0,1.0,0.0,0,0.5723696947097778
6482,33,26,240,0,0,0,0,0,1.0,0.0,0,0.4752632677555084
6483,9,28,185,0,0,0,0,0,1.0,0.0,0,0.5357072353363037
6484,62,46,87,0,0,0,0,0,1.0,0.0,0,0.5161367058753967
6485,46,105,105,0,0,0,0,0,1.0,0.0,0,0.5378329753875732
6486,37,1,75,0,0,0,0,0,1.0,0.0,0,0.5869883894920349
6487,63,107,106,0,0,0,0,0,1.0,0.0,0,0.5462226271629333
6488,56,77,109,0,0,0,0,0,1.0,0.0,0,0.5061846971511841
6489,13,95,208,0,0,0,0,0,1.0,0.0,0,0.5062518119812012
6490,43,45,211,0,0,0,0,0,1.0,0.0,0,0.46738454699516296
6491,6,49,228,0,0,0,0,0,1.0,0.0,0,0.4575956463813782
6492,24,116,37,0,0,0,0,0,1.0,0.0,0,0.5245108008384705
6493,58,90,136,0,0,0,0,0,1.0,0.0,0,0.46890705823898315
6494,19,116,88,0,0,0,0,0,1.0,0.0,0,0.5215091705322266
6495,13,13,212,0,0,0,0,0,1.0,0.0,0,0.4606979489326477
6496,7,14,107,0,0,0,0,0,1.0,0.0,0,0.49046650528907776
6497,49,81,144,0,0,0,0,0,1.0,0.0,0,0.45167022943496704
6498,51,33,165,0,0,0,0,0,1.0,0.0,0,0.49489882588386536
6499,14,51,255,0,0,0,0,0,1.0,0.0,0,0.48874059319496155
6500,14,38,154,0,0,0,0,0,1.0,0.0,0,0.5439107418060303
6501,17,114,204,0,0,0,0,0,1.0,0.0,0,0.53117835521698
6502,46,112,211,0,0,0,0,0,1.0,0.0,0,0.43678897619247437
6503,56,41,182,0,0,0,0,0,1.0,0.0,0,0.5590237379074097
6504,28,8,229,0,0,0,0,0,1.0,0.0,0,0.5022293329238892
6505,56,120,16,0,0,0,0,0,1.0,0.0,0,0.5245363712310791
6506,45,120,189,0,0,0,0,0,1.0,0.0,0,0.4398824870586395
6507,17,35,80,0,0,0,0,0,1.0,0.0,0,0.5032709240913391
6508,4,53,105,0,0,0,0,0,1.0,0.0,0,0.5040092468261719
6509,56,66,104,0,0,0,0,0,1.0,0.0,0,0.4855988919734955
6510,0,50,18,0,0,0,0,0,1.0,0.0,0,0.4673922657966614
6511,37,74,102,0,0,0,0,0,1.0,0.0,0,0.5154602527618408
6512,62,22,164,0,0,0,0,0,1.0,0.0,0,0.4733054041862488
6513,46,52,103,0,0,0,0,0,1.0,0.0,0,0.4777477979660034
6514,56,122,196,0,0,0,0,0,1.0,0.0,0,0.4695836305618286
6515,50,62,129,0,0,0,0,0,1.0,0.0,0,0.46411001682281494
6516,5,42,64,0,0,0,0,0,1.0,0.0,0,0.5418829917907715
6517,36,39,188,0,0,0,0,0,1.0,0.0,0,0.4993203580379486
6518,11,60,71,0,0,0,0,0,1.0,0.0,0,0.4686029553413391
6519,2,117,122,0,0,0,0,0,1.0,0.0,0,0.5388591885566711
6520,13,29,1,0,0,0,0,0,1.0,0.0,0,0.4447759687900543
6521,34,92,188,0,0,0,0,0,1.0,0.0,0,0.49033501744270325
6522,50,67,178,0,0,0,0,0,1.0,0.0,0,0.47544077038764954
6523,51,77,7,0,0,0,0,0,1.0,0.0,0,0.49929073452949524
6524,47,114,81,0,0,0,0,0,1.0,0.0,0,0.5507977604866028
6525,3,110,48,0,0,0,0,0,1.0,0.0,0,0.4592060148715973
6526,35,7,6,0,0,0,0,0,1.0,0.0,0,0.4697650969028473
6527,43,65,113,0,0,0,0,0,1.0,0.0,0,0.549274206161499
6528,39,92,102,0,0,0,0,0,1.0,0.0,0,0.5233879685401917
6529,4,19,75,0,0,0,0,0,1.0,0.0,0,0.5035023093223572
6530,50,122,224,0,0,0,0,0,1.0,0.0,0,0.43405023217201233
6531,28,33,244,0,0,0,0,0,1.0,0.0,0,0.485066682100296
6532,23,70,151,0,0,0,0,0,1.0,0.0,0,0.499012291431427
6533,60,60,162,0,0,0,0,0,1.0,0.0,0,0.5316593050956726
6534,20,34,4,0,0,0,0,0,1.0,0.0,0,0.5317001938819885
6535,13,46,245,0,0,0,0,0,1.0,0.2395007442271652,0,0.42725661396980286
6536,3,26,26,0,0,0,0,0,1.0,0.0,0,0.4648337662220001
6537,53,126,16,0,0,0,0,0,1.0,0.0,0,0.5429211854934692
6538,14,57,201,0,0,0,0,0,1.0,0.4056955160210728,0,0.5741584300994873
6539,50,67,0,0,0,0,0,0,1.0,0.0,0,0.49031445384025574
6540,40,126,93,0,0,0,0,0,1.0,0.0,0,0.48735561966896057
6541,50,71,26,0,0,0,0,0,1.0,0.0,0,0.4857611358165741
6542,52,6,43,0,0,0,0,0,1.0,0.0,0,0.4702607989311218
6543,35,48,198,0,0,0,0,0,1.0,0.0,0,0.4768844246864319
6544,15,94,83,0,0,0,0,0,1.0,0.0,0,0.48120084404945374
6545,15,25,47,0,0,0,0,0,1.0,0.0,0,0.4457155466079712
6546,13,29,147,0,0,0,0,0,1.0,0.0,0,0.4474596679210663
6547,13,2,177,0,0,0,0,0,1.0,0.0,0,0.46560725569725037
6548,10,104,220,0,0,0,0,0,1.0,0.0,0,0.5580158829689026
6549,63,29,174,0,0,0,0,0,1.0,0.0,0,0.44419988989830017
6550,46,24,148,0,0,0,0,0,1.0,0.0,0,0.4841477870941162
6551,18,88,17,0,0,0,0,0,1.0,0.0,0,0.5464639067649841
6552,34,127,239,0,0,0,0,0,1.0,0.0,0,0.496086448431015
6553,1,78,120,0,0,0,0,0,1.0,0.0,0,0.5164328813552856
6554,37,49,28,0,0,0,0,0,1.0,0.0,0,0.5151996612548828
6555,58,113,139,0,0,0,0,0,1.0,0.0,0,0.5865022540092468
6556,3,39,12,0,0,0,0,0,1.0,0.0,0,0.5867075324058533
6557,58,47,12,0,0,0,0,0,1.0,0.0,0,0.4585103988647461
6558,15,94,137,0,0,0,0,0,1.0,0.0,0,0.49691489338874817
6559,12,36,29,0,0,0,0,0,1.0,0.0,0,0.5726272463798523
6560,55,28,19,0,0,0,0,0,1.0,0.0,0,0.5181868672370911
6561,58,29,119,0,0,0,0,0,1.0,0.0,0,0.4659026265144348
6562,43,16,129,0,0,0,0,0,1.0,0.0,0,0.5260061621665955
6563,37,26,170,0,0,0,0,0,1.0,0.0,0,0.4774447977542877
6564,55,81,146,0,0,0,0,0,1.0,0.0,0,0.48997965455055237
6565,49,36,133,0,0,0,0,0,1.0,0.40001109164222937,0,0.5046111345291138
6566,24,54,174,0,0,0,0,0,1.0,0.31193633925877645,0,0.4615028500556946
6567,18,3,143,0,0,0,0,0,1.0,0.0,0,0.49311161041259766
6568,23,49,229,0,0,0,0,0,1.0,0.0,0,0.47695618867874146
6569,4,109,211,0,0,0,0,0,1.0,0.0,0,0.46476349234580994
6570,59,77,157,0,0,0,0,0,1.0,0.0,0,0.49893513321876526
6571,59,74,12,0,0,0,0,0,1.0,0.0,0,0.5730208158493042
6572,13,29,151,0,0,0,0,0,1.0,0.0,0,0.4429289400577545
6573,59,82,61,0,0,0,0,0,1.0,0.0,0,0.4576493203639984
6574,42,109,138,0,0,0,0,0,1.0,0.0,0,0.4449921250343323
6575,0,103,140,0,0,0,0,0,1.0,0.0,0,0.49966374039649963
6576,46,78,216,0,0,0,0,0,1.0,0.0,0,0.48363375663757324
6577,24,109,153,0,0,0,0,0,1.0,0.0,0,0.4752512276172638
6578,58,27,126,0,0,0,0,0,1.0,0.0,0,0.40100789070129395
6579,17,3,7,0,0,0,0,0,1.0,0.3908277814243356,0,0.5330522060394287
6580,1,5,34,0,0,0,0,0,1.0,0.0,0,0.49757519364356995
6581,59,45,244,0,0,0,0,0,1.0,0.0,0,0.4782979190349579
6582,43,124,237,0,0,0,0,0,1.0,0.0,0,0.5746826529502869
6583,51,47,79,0,0,0,0,0,1.0,0.0,0,0.5011746883392334
6584,18,64,68,0,0,0,0,0,1.0,0.0,0,0.48124268651008606
6585,15,49,189,0,0,0,0,0,1.0,0.0,0,0.44280195236206055
6586,62,16,236,0,0,0,0,0,1.0,0.0,0,0.5034807324409485
6587,34,75,215,0,0,0,0,0,1.0,0.0,0,0.4684503972530365
6588,14,11,140,0,0,0,0,0,1.0,0.0,0,0.5226366519927979
6589,43,42,239,0,0,0,0,0,1.0,0.0,0,0.5641089677810669
6590,54,47,125,0,0,0,0,0,1.0,0.0,0,0.45528945326805115
6591,2,56,31,0,0,0,0,0,1.0,0.0,0,0.47434350848197937
6592,57,120,104,0,0,0,0,0,1.0,0.0,0,0.4310154616832733
6593,50,15,169,0,0,0,0,0,1.0,0.0,0,0.5044767260551453
6594,14,46,236,0,0,0,0,0,1.0,0.0,0,0.5714278221130371
6595,43,116,149,0,0,0,0,0,1.0,0.0,0,0.5492078065872192
6596,61,87,165,0,0,0,0,0,1.0,0.0,0,0.5137850046157837
6597,59,75,143,0,0,0,0,0,1.0,0.0,0,0.4955558478832245
6598,28,20,119,0,0,0,0,0,1.0,0.0,0,0.566852867603302
6599,20,72,160,0,0,0,0,0,1.0,0.0,0,0.5010296702384949
6600,56,75,82,0,0,0,0,0,1.0,0.0,0,0.46726563572883606
6601,3,84,167,0,0,0,0,0,1.0,0.0,0,0.4369037449359894
6602,20,106,159,0,0,0,0,0,1.0,0.0,0,0.5161424279212952
6603,38,18,113,0,0,0,0,0,1.0,0.0,0,0.5465127229690552
6604,32,66,68,0,0,0,0,0,1.0,0.0,0,0.5180416703224182
6605,14,31,227,0,0,0,0,0,1.0,0.0,0,0.5571699738502502
6606,42,118,109,0,0,0,0,0,1.0,0.0,0,0.4986276924610138
6607,51,110,211,0,0,0,0,0,1.0,0.0,0,0.44751009345054626
6608,51,91,147,0,0,0,0,0,1.0,0.0,0,0.4491690695285797
6609,48,67,245,0,0,0,0,0,1.0,0.0,0,0.5048385262489319
6610,3,93,77,0,0,0,0,0,1.0,0.0,0,0.5157293677330017
6611,24,92,29,0,0,0,0,0,1.0,0.0,0,0.48658832907676697
6612,18,14,96,0,0,0,0,0,1.0,0.0,0,0.4974258244037628
6613,52,122,76,0,0,0,0,0,1.0,0.0,0,0.4360223114490509
6614,49,108,87,0,0,0,0,0,1.0,0.0,0,0.48790037631988525
6615,46,10,74,0,0,0,0,0,1.0,0.0,0,0.5011661052703857
6616,36,122,128,0,0,0,0,0,1.0,0.0,0,0.41513925790786743
6617,37,22,98,0,0,0,0,0,1.0,0.0,0,0.5463793873786926
6618,31,55,204,0,0,0,0,0,1.0,0.0,0,0.5334070324897766
6619,31,18,18,0,0,0,0,0,1.0,0.0,0,0.4675695300102234
6620,22,58,140,0,0,0,0,0,1.0,0.0,0,0.4732784926891327
6621,2,102,37,0,0,0,0,0,1.0,0.0,0,0.4920470118522644
6622,47,99,77,0,0,0,0,0,1.0,0.0,0,0.5566413998603821
6623,2,5,86,0,0,0,0,0,1.0,0.33658999887108443,0,0.4530528783798218
6624,2,102,96,0,0,0,0,0,1.0,0.0,0,0.4795878231525421
6625,62,0,94,0,0,0,0,0,1.0,0.0,0,0.5269014239311218
6626,4,7,64,0,0,0,0,0,1.0,0.0,0,0.48184624314308167
6627,24,42,247,0,0,0,0,0,1.0,0.0,0,0.48841527104377747
6628,26,49,253,0,0,0,0,0,1.0,0.0,0,0.48517289757728577
6629,12,32,210,0,0,0,0,0,1.0,0.0,0,0.47776931524276733
6630,12,57,150,0,0,0,0,0,1.0,0.0,0,0.5391594767570496
6631,34,64,165,0,0,0,0,0,1.0,0.0,0,0.5088088512420654
6632,14,61,20,0,0,0,0,0,1.0,0.0,0,0.46619072556495667
6633,50,99,4,0,0,0,0,0,1.0,0.0,0,0.4993058741092682
6634,7,60,248,0,0,0,0,0,1.0,0.0,0,0.5451725721359253
6635,31,75,165,0,0,0,0,0,1.0,0.0,0,0.4798194169998169
6636,14,100,233,0,0,0,0,0,1.0,0.0,0,0.4732845425605774
6637,31,39,230,0,0,0,0,0,1.0,0.0,0,0.49758777022361755
6638,34,119,213,0,0,0,0,0,1.0,0.0,0,0.48853206634521484
6639,27,126,98,0,0,0,0,0,1.0,0.0,0,0.5451525449752808
6640,2,111,249,0,0,0,0,0,1.0,0.0,0,0.46893754601478577
6641,49,87,124,0,0,0,0,0,1.0,0.0,0,0.49542558193206787
6642,52,18,127,0,0,0,0,0,1.0,0.0,0,0.5012726187705994
6643,42,114,67,0,0,0,0,0,1.0,0.0,0,0.5274763703346252
6644,11,41,75,0,0,0,0,0,1.0,0.0,0,0.5186614990234375
6645,11,20,207,0,0,0,0,0,1.0,0.0,0,0.458435982465744
6646,57,16,81,0,0,0,0,0,1.0,0.0,0,0.4469194710254669
6647,41,28,216,0,0,0,0,0,1.0,0.0,0,0.45822665095329285
6648,51,9,131,0,0,0,0,0,1.0,0.0,0,0.4358345866203308
6649,17,68,65,0,0,0,0,0,1.0,0.0,0,0.45579370856285095
6650,16,22,45,0,0,0,0,0,1.0,0.0,0,0.49063536524772644
6651,9,35,45,0,0,0,0,0,1.0,0.0,0,0.5035289525985718
6652,10,127,151,0,0,0,0,0,1.0,0.0,0,0.522659957408905
6653,25,58,141,0,0,0,0,0,1.0,0.0,0,0.5313614010810852
6654,38,35,209,0,0,0,0,0,1.0,0.0,0,0.44475266337394714
6655,28,16,1,0,0,0,0,0,1.0,0.0,0,0.4904184341430664
6656,27,111,49,0,0,0,0,0,1.0,0.0,0,0.5400030612945557
6657,57,7,215,0,0,0,0,0,1.0,0.0,0,0.5337104797363281
6658,52,30,108,0,0,0,0,0,1.0,0.0,0,0.509374737739563
6659,43,72,1,0,0,0,0,0,1.0,0.0,0,0.46361809968948364
6660,3,126,86,0,0,0,0,0,1.0,0.0,0,0.4683089852333069
6661,3,48,185,0,0,0,0,0,1.0,0.0,0,0.5251327753067017
6662,36,2,78,0,0,0,0,0,1.0,0.0,0,0.46937334537506104
6663,8,96,246,0,0,0,0,0,1.0,0.0,0,0.5764404535293579
6664,9,49,130,0,0,0,0,0,1.0,0.0,0,0.5269331336021423
6665,9,34,231,0,0,0,0,0,1.0,0.0,0,0.5495903491973877
6666,18,73,243,0,0,0,0,0,1.0,0.0,0,0.5148431658744812
6667,42,38,173,0,0,0,0,0,1.0,0.0,0,0.4969615638256073
6668,62,42,207,0,0,0,0,0,1.0,0.0,0,0.5567388534545898
6669,24,113,162,0,0,0,0,0,1.0,0.0,0,0.5421781539916992
6670,22,58,78,0,0,0,0,0,1.0,0.0,0,0.4786597788333893
6671,19,12,51,0,0,0,0,0,1.0,0.0,0,0.502839207649231
6672,26,76,73,0,0,0,0,0,1.0,0.0,0,0.552787184715271
6673,15,3,16,0,0,0,0,0,1.0,0.0,0,0.5277930498123169
6674,42,44,96,0,0,0,0,0,1.0,0.0,0,0.46126294136047363
6675,43,23,75,0,0,0,0,0,1.0,0.0,0,0.5966912508010864
6676,19,73,178,0,0,0,0,0,1.0,0.0,0,0.5289905071258545
6677,37,25,163,0,0,0,0,0,1.0,0.0,0,0.5019646286964417
6678,22,62,173,0,0,0,0,0,1.0,0.0,0,0.5617175102233887
6679,22,23,169,0,0,0,0,0,1.0,0.0,0,0.5088868141174316
6680,53,26,156,0,0,0,0,0,1.0,0.0,0,0.4556421637535095
6681,60,29,230,0,0,0,0,0,1.0,0.3369523506417315,0,0.46188679337501526
6682,58,13,102,0,0,0,0,0,1.0,0.0,0,0.5111533999443054
6683,5,58,20,0,0,0,0,0,1.0,0.0,0,0.4942013919353485
6684,6,7,64,0,0,0,0,0,1.0,0.0,0,0.5217337012290955
6685,0,127,31,0,0,0,0,0,1.0,0.0,0,0.5222448110580444
6686,59,8,221,0,0,0,0,0,1.0,0.0,0,0.5105451345443726
6687,4,92,123,0,0,0,0,0,1.0,0.0,0,0.5507839322090149
6688,62,36,239,0,0,0,0,0,1.0,0.0,0,0.5366218686103821
6689,18,23,149,0,0,0,0,0,1.0,0.0,0,0.5026976466178894
6690,2,49,165,0,0,0,0,0,1.0,0.0,0,0.4489685595035553
6691,43,33,212,0,0,0,0,0,1.0,0.0,0,0.5117908716201782
6692,43,19,218,0,0,0,0,0,1.0,0.0,0,0.5277989506721497
6693,9,24,230,0,0,0,0,0,1.0,0.0,0,0.5226057767868042
6694,0,34,179,0,0,0,0,0,1.0,0.0,0,0.4613332152366638
6695,0,24,74,0,0,0,0,0,1.0,0.0,0,0.4619903266429901
6696,40,82,65,0,0,0,0,0,1.0,0.0,0,0.49973785877227783
6697,54,1,21,0,0,0,0,0,1.0,0.0,0,0.5389707088470459
6698,44,95,134,0,0,0,0,0,1.0,0.0,0,0.49994149804115295
6699,63,91,202,0,0,0,0,0,1.0,0.0,0,0.6117022633552551
6700,24,44,179,0,0,0,0,0,1.0,0.0,0,0.4878251850605011
6701,14,50,171,0,0,0,0,0,1.0,0.0,0,0.5373334884643555
6702,43,64,255,0,0,0,0,0,1.0,0.3525523327305875,0,0.45891791582107544
6703,32,62,246,0,0,0,0,0,1.0,0.0,0,0.5190110802650452
6704,49,109,177,0,0,0,0,0,1.0,0.0,0,0.5192247033119202
6705,17,100,128,0,0,0,0,0,1.0,0.0,0,0.4906095564365387
6706,54,80,238,0,0,0,0,0,1.0,0.0,0,0.5290021300315857
6707,10,90,167,0,0,0,0,0,1.0,0.0,0,0.5384261012077332
6708,60,33,130,0,0,0,0,0,1.0,0.0,0,0.5447238683700562
6709,30,7,109,0,0,0,0,0,1.0,0.0,0,0.4816575050354004
6710,12,115,105,0,0,0,0,0,1.0,0.0,0,0.5563135147094727
6711,43,112,243,0,0,0,0,0,1.0,0.0,0,0.5617889165878296
6712,43,82,103,0,0,0,0,0,1.0,0.0,0,0.5527514219284058
6713,56,76,59,0,0,0,0,0,1.0,0.0,0,0.45402708649635315
6714,7,78,27,0,0,0,0,0,1.0,0.0,0,0.559783935546875
6715,48,127,137,0,0,0,0,0,1.0,0.0,0,0.5335615873336792
6716,48,9,239,0,0,0,0,0,1.0,0.0,0,0.5095356106758118
6717,47,29,113,0,0,0,0,0,1.0,0.0,0,0.42360633611679077
6718,28,71,195,0,0,0,0,0,1.0,0.0,0,0.4431755244731903
6719,42,78,116,0,0,0,0,0,1.0,0.0,0,0.516069769859314
6720,61,126,241,0,0,0,0,0,1.0,0.0,0,0.47982874512672424
6721,62,41,41,0,0,0,0,0,1.0,0.0,0,0.5371310114860535
6722,61,61,220,0,0,0,0,0,1.0,0.0,0,0.43507304787635803
6723,35,87,239,0,0,0,0,0,1.0,0.0,0,0.4767968952655792
6724,18,9,198,0,0,0,0,0,1.0,0.0,0,0.5349260568618774
6725,22,58,67,0,0,0,0,0,1.0,0.37261394259990793,0,0.4541071057319641
6726,32,74,63,0,0,0,0,0,1.0,0.0,0,0.47157979011535645
6727,1,112,51,0,0,0,0,0,1.0,0.0,0,0.46039241552352905
6728,39,69,196,0,0,0,0,0,1.0,0.0,0,0.5078533291816711
6729,29,52,85,0,0,0,0,0,1.0,0.0,0,0.46067577600479126
6730,29,117,27,0,0,0,0,0,1.0,0.0,0,0.44842812418937683
6731,9,23,77,0,0,0,0,0,1.0,0.0,0,0.5679345726966858
6732,13,15,79,0,0,0,0,0,1.0,0.0,0,0.4213981628417969
6733,58,103,125,0,0,0,0,0,1.0,0.0,0,0.4251669943332672
6734,61,33,32,0,0,0,0,0,1.0,0.0,0,0.428071528673172
6735,11,7,201,0,0,0,0,0,1.0,0.0,0,0.4833473265171051
6736,14,96,96,0,0,0,0,0,1.0,0.0,0,0.5243067145347595
6737,63,86,78,0,0,0,0,0,1.0,0.0,0,0.4229346811771393
6738,14,20,235,0,0,0,0,0,1.0,0.0,0,0.5714842081069946
6739,34,75,21,0,0,0,0,0,1.0,0.0,0,0.4300839602947235
6740,41,33,53,0,0,0,0,0,1.0,0.0,0,0.49840644001960754
6741,29,4,189,0,0,0,0,0,1.0,0.0,0,0.4603593349456787
6742,35,87,69,0,0,0,0,0,1.0,0.0,0,0.47797852754592896
6743,45,66,155,0,0,0,0,0,1.0,0.0,0,0.47400885820388794
6744,42,116,245,0,0,0,0,0,1.0,0.0,0,0.5768065452575684
6745,22,1,67,0,0,0,0,0,1.0,0.0,0,0.5125396251678467
6746,39,3,69,0,0,0,0,0,1.0,0.0,0,0.5353735685348511
6747,36,14,160,0,0,0,0,0,1.0,0.0,0,0.4593319892883301
6748,11,105,39,0,0,0,0,0,1.0,0.0,0,0.5041578412055969
6749,33,6,214,0,0,0,0,0,1.0,0.0,0,0.5170122981071472
6750,27,32,222,0,0,0,0,0,1.0,0.0,0,0.49095290899276733
6751,53,123,107,0,0,0,0,0,1.0,0.0,0,0.4980792701244354
6752,7,36,89,0,0,0,0,0,1.0,0.0,0,0.4710341989994049
6753,5,121,217,0,0,0,0,0,1.0,0.0,0,0.4921601712703705
6754,24,36,204,0,0,0,0,0,1.0,0.0,0,0.4767885208129883
6755,49,2,166,0,0,0,0,0,1.0,0.0,0,0.5024890899658203
6756,11,101,112,0,0,0,0,0,1.0,0.0,0,0.49787476658821106
6757,45,99,235,0,0,0,0,0,1.0,0.0,0,0.5646353363990784
6758,11,27,38,0,0,0,0,0,1.0,0.0,0,0.42749881744384766
6759,11,84,18,0,0,0,0,0,1.0,0.0,0,0.4329129755496979
6760,20,105,184,0,0,0,0,0,1.0,0.0,0,0.6194499731063843
6761,19,26,59,0,0,0,0,0,1.0,0.0,0,0.47587713599205017
6762,49,109,107,0,0,0,0,0,1.0,0.0,0,0.4811530113220215
6763,3,28,77,0,0,0,0,0,1.0,0.0,0,0.5774149894714355
6764,43,93,30,0,0,0,0,0,1.0,0.0,0,0.6050867438316345
6765,44,84,3,0,0,0,0,0,1.0,0.0,0,0.5092344284057617
6766,38,84,223,0,0,0,0,0,1.0,0.0,0,0.5238127708435059
6767,59,116,249,0,0,0,0,0,1.0,0.0,0,0.5169919729232788
6768,4,47,6,0,0,0,0,0,1.0,0.0,0,0.5731964111328125
6769,27,41,128,0,0,0,0,0,1.0,0.0,0,0.5596117973327637
6770,39,100,54,0,0,0,0,0,1.0,0.0,0,0.57938551902771
6771,37,91,23,0,0,0,0,0,1.0,0.0,0,0.555982768535614
6772,37,95,45,0,0,0,0,0,1.0,0.0,0,0.45729538798332214
6773,27,66,199,0,0,0,0,0,1.0,0.0,0,0.45358580350875854
6774,50,122,246,0,0,0,0,0,1.0,0.0,0,0.4013170897960663
6775,31,124,72,0,0,0,0,0,1.0,0.0,0,0.49538588523864746
6776,15,96,8,0,0,0,0,0,1.0,0.0,0,0.5665096044540405
6777,15,125,62,0,0,0,0,0,1.0,0.35803973778555015,0,0.490544855594635
6778,31,69,25,0,0,0,0,0,1.0,0.0,0,0.4884750247001648
6779,14,79,241,0,0,0,0,0,1.0,0.0,0,0.506958544254303
6780,46,121,26,0,0,0,0,0,1.0,0.0,0,0.5370312929153442
6781,47,45,58,0,0,0,0,0,1.0,0.0,0,0.5039122700691223
6782,33,30,42,0,0,0,0,0,1.0,0.0,0,0.4380336105823517
6783,25,98,98,0,0,0,0,0,1.0,0.0,0,0.6065296530723572
6784,30,68,124,0,0,0,0,0,1.0,0.0,0,0.4549797773361206
6785,53,96,116,0,0,0,0,0,1.0,0.4169029375361234,0,0.5642012357711792
6786,48,52,88,0,0,0,0,0,1.0,0.0,0,0.5362720489501953
6787,43,86,121,0,0,0,0,0,1.0,0.0,0,0.5188961029052734
6788,28,18,1,0,0,0,0,0,1.0,0.0,0,0.5049182772636414
6789,4,9,5,0,0,0,0,0,1.0,0.0,0,0.4551292061805725
6790,63,15,42,0,0,0,0,0,1.0,0.0,0,0.4882095754146576
6791,16,109,182,0,0,0,0,0,0.5,0.0,0,0.47560209035873413
6792,16,109,182,1,0,0,0,0,0.5,0.0,0,0.47560209035873413
6793,46,16,241,0,0,0,0,0,1.0,0.0,0,0.46282321214675903
6794,20,29,162,0,0,0,0,0,1.0,0.0,0,0.4500542879104614
6795,40,126,53,0,0,0,0,0,1.0,0.0,0,0.47600308060646057
6796,49,60,210,0,0,0,0,0,1.0,0.0,0,0.5250055193901062
6797,52,69,67,0,0,0,0,0,1.0,0.0,0,0.5268051624298096
6798,59,8,132,0,0,0,0,0,1.0,0.0,0,0.5067815184593201
6799,5,77,70,0,0,0,0,0,1.0,0.0,0,0.4707643389701843
6800,4,19,70,0,0,0,0,0,1.0,0.0,0,0.5619176626205444
6801,46,30,115,0,0,0,0,0,1.0,0.0,0,0.43328598141670227
6802,0,64,209,0,0,0,0,0,1.0,0.0,0,0.47525402903556824
6803,4,19,120,0,0,0,0,0,1.0,0.0,0,0.44479677081108093
6804,14,60,102,0,0,0,0,0,1.0,0.0,0,0.4881504774093628
6805,59,22,98,0,0,0,0,0,1.0,0.0,0,0.48922449350357056
6806,13,112,121,0,0,0,0,0,1.0,0.0,0,0.48125264048576355
6807,13,58,141,0,0,0,0,0,1.0,0.0,0,0.46532726287841797
6808,63,50,206,0,0,0,0,0,1.0,0.0,0,0.5046897530555725
6809,16,119,237,0,0,0,0,0,1.0,0.0,0,0.5243443250656128
6810,49,84,247,0,0,0,0,0,1.0,0.0,0,0.43957844376564026
6811,62,86,110,0,0,0,0,0,1.0,0.0,0,0.5435513257980347
6812,51,24,15,0,0,0,0,0,1.0,0.0,0,0.5284180045127869
6813,52,32,85,0,0,0,0,0,1.0,0.0,0,0.49446016550064087
6814,22,81,86,0,0,0,0,0,1.0,0.0,0,0.506962239742279
6815,48,80,34,0,0,0,0,0,1.0,0.0,0,0.4799158573150635
6816,47,60,251,0,0,0,0,0,1.0,0.0,0,0.5148717164993286
6817,54,89,207,0,0,0,0,0,1.0,0.0,0,0.5353251695632935
6818,62,92,180,0,0,0,0,0,1.0,0.0,0,0.5444803237915039
6819,27,17,70,0,0,0,0,0,1.0,0.0,0,0.5323706865310669
6820,26,65,212,0,0,0,0,0,1.0,0.0,0,0.5079212188720703
6821,53,23,100,0,0,0,0,0,1.0,0.0,0,0.522601306438446
6822,7,112,203,0,0,0,0,0,1.0,0.0,0,0.48233988881111145
6823,11,30,4,0,0,0,0,0,1.0,0.0,0,0.5047996640205383
6824,10,32,127,0,0,0,0,0,1.0,0.0,0,0.5405076146125793
6825,4,45,18,0,0,0,0,0,1.0,0.0,0,0.46373236179351807
6826,22,86,214,0,0,0,0,0,1.0,0.0,0,0.511775553226471
6827,51,26,247,0,0,0,0,0,1.0,0.0,0,0.49031534790992737
6828,56,118,177,0,0,0,0,0,1.0,0.0,0,0.47867292165756226
6829,51,27,59,0,0,0,0,0,1.0,0.0,0,0.4383237063884735
6830,47,64,232,0,0,0,0,0,1.0,0.0,0,0.5783406496047974
6831,20,9,46,0,0,0,0,0,1.0,0.0,0,0.5230478048324585
6832,4,70,175,0,0,0,0,0,1.0,0.0,0,0.5249530673027039
6833,52,78,226,0,0,0,0,0,1.0,0.0,0,0.4501349627971649
6834,7,50,175,0,0,0,0,0,1.0,0.0,0,0.6226357817649841
6835,47,125,98,0,0,0,0,0,1.0,0.0,0,0.48752641677856445
6836,47,55,82,0,0,0,0,0,1.0,0.0,0,0.5421299934387207
6837,30,68,95,0,0,0,0,0,1.0,0.0,0,0.4757567346096039
6838,32,37,174,0,0,0,0,0,1.0,0.0,0,0.507707953453064
6839,12,72,151,0,0,0,0,0,1.0,0.0,0,0.5532804727554321
6840,14,36,48,0,0,0,0,0,1.0,0.38588942828998174,0,0.5512800216674805
6841,18,87,154,0,0,0,0,0,1.0,0.0,0,0.5398414731025696
6842,54,98,73,0,0,0,0,0,1.0,0.0,0,0.4238799512386322
6843,54,30,204,0,0,0,0,0,1.0,0.0,0,0.5112384557723999
6844,14,74,23,0,0,0,0,0,1.0,0.0,0,0.5190714001655579
6845,6,1,11,0,0,0,0,0,1.0,0.0,0,0.47769421339035034
6846,34,35,189,0,0,0,0,0,1.0,0.0,0,0.5194417238235474
6847,11,58,5,0,0,0,0,0,1.0,0.0,0,0.4935670793056488
6848,49,98,238,0,0,0,0,0,1.0,0.0,0,0.49517741799354553
6849,62,24,0,0,0,0,0,0,1.0,0.0,0,0.5493998527526855
6850,35,117,221,0,0,0,0,0,1.0,0.0,0,0.495750367641449
6851,19,53,93,0,0,0,0,0,1.0,0.0,0,0.5223363041877747
6852,52,25,233,0,0,0,0,0,1.0,0.0,0,0.46401989459991455
6853,2,10,219,0,0,0,0,0,1.0,0.0,0,0.43056103587150574
6854,2,10,113,0,0,0,0,0,1.0,0.0,0,0.4097464084625244
6855,16,78,227,0,0,0,0,0,1.0,0.0,0,0.5600512027740479
6856,38,96,26,0,0,0,0,0,1.0,0.0,0,0.5336794853210449
6857,58,126,192,0,0,0,0,0,1.0,0.0,0,0.48250535130500793
6858,19,87,133,0,0,0,0,0,1.0,0.0,0,0.5112303495407104
6859,41,84,70,0,0,0,0,0,1.0,0.0,0,0.5766893625259399
6860,61,5,173,0,0,0,0,0,1.0,0.0,0,0.5144443511962891
6861,6,95,167,0,0,0,0,0,1.0,0.0,0,0.4608229994773865
6862,63,37,117,0,0,0,0,0,1.0,0.0,0,0.41849997639656067
6863,63,37,27,0,0,0,0,0,1.0,0.0,0,0.47699618339538574
6864,32,89,141,0,0,0,0,0,1.0,0.0,0,0.5907319784164429
6865,63,53,49,0,0,0,0,0,1.0,0.0,0,0.5250397324562073
6866,31,59,156,0,0,0,0,0,1.0,0.0,0,0.5428875088691711
6867,63,4,84,0,0,0,0,0,1.0,0.0,0,0.4683282673358917
6868,63,47,90,0,0,0,0,0,1.0,0.39116314416942843,0,0.47132351994514465
6869,18,12,88,0,0,0,0,0,1.0,0.0,0,0.5131365060806274
6870,57,9,160,0,0,0,0,0,1.0,0.0,0,0.46833500266075134
6871,43,46,21,0,0,0,0,0,1.0,0.0,0,0.5522577166557312
6872,58,98,120,0,0,0,0,0,1.0,0.0,0,0.4647045433521271
6873,63,122,179,0,0,0,0,0,1.0,0.0,0,0.49413350224494934
6874,42,31,201,0,0,0,0,0,1.0,0.0,0,0.5553144216537476
6875,20,86,101,0,0,0,0,0,1.0,0.0,0,0.4910852313041687
6876,62,8,133,0,0,0,0,0,1.0,0.0,0,0.5288223028182983
6877,34,110,222,0,0,0,0,0,1.0,0.0,0,0.4761217534542084
6878,1,47,217,0,0,0,0,0,1.0,0.0,0,0.47566017508506775
6879,10,98,28,0,0,0,0,0,1.0,0.0,0,0.5374742150306702
6880,32,51,52,0,0,0,0,0,1.0,0.0,0,0.4708605706691742
6881,19,0,164,0,0,0,0,0,1.0,0.0,0,0.5004098415374756
6882,23,33,116,0,0,0,0,0,1.0,0.0,0,0.46372920274734497
6883,20,0,174,0,0,0,0,0,1.0,0.0,0,0.4806375205516815
6884,13,61,167,0,0,0,0,0,1.0,0.0,0,0.44845861196517944
6885,63,38,114,0,0,0,0,0,1.0,0.0,0,0.536301851272583
6886,3,102,39,0,0,0,0,0,1.0,0.0,0,0.4787798821926117
6887,48,19,42,0,0,0,0,0,1.0,0.0,0,0.47617214918136597
6888,14,72,190,0,0,0,0,0,1.0,0.0,0,0.4943338930606842
6889,42,101,52,0,0,0,0,0,1.0,0.0,0,0.47518110275268555
6890,5,60,65,0,0,0,0,0,1.0,0.0,0,0.46850648522377014
6891,5,24,235,0,0,0,0,0,1.0,0.0,0,0.589643657207489
6892,7,2,206,0,0,0,0,0,1.0,0.0,0,0.5046328902244568
6893,28,62,73,0,0,0,0,0,1.0,0.0,0,0.5452853441238403
6894,23,95,99,0,0,0,0,0,1.0,0.0,0,0.5090868473052979
6895,6,26,161,0,0,0,0,0,1.0,0.2929430650234213,0,0.49279576539993286
6896,40,101,228,0,0,0,0,0,1.0,0.0,0,0.4726957380771637
6897,45,58,139,0,0,0,0,0,1.0,0.39650891373149966,0,0.4799724817276001
6898,20,55,203,0,0,0,0,0,1.0,0.0,0,0.5411797761917114
6899,8,61,186,0,0,0,0,0,1.0,0.0,0,0.4636126458644867
6900,25,98,223,0,0,0,0,0,1.0,0.0,0,0.447878360748291
6901,10,38,83,0,0,0,0,0,1.0,0.0,0,0.5642855167388916
6902,34,33,188,0,0,0,0,0,1.0,0.0,0,0.48606035113334656
6903,19,76,81,0,0,0,0,0,1.0,0.0,0,0.48254767060279846
6904,23,21,112,0,0,0,0,0,1.0,0.0,0,0.47078627347946167
6905,16,44,120,0,0,0,0,0,1.0,0.0,0,0.4865666627883911
6906,16,74,220,0,0,0,0,0,1.0,0.0,0,0.45206454396247864
6907,14,4,116,0,0,0,0,0,1.0,0.0,0,0.4959261119365692
6908,4,121,83,0,0,0,0,0,1.0,0.0,0,0.5568262934684753
6909,36,23,172,0,0,0,0,0,1.0,0.0,0,0.5031483173370361
6910,6,58,44,0,0,0,0,0,1.0,0.0,0,0.5424860715866089
6911,53,98,56,0,0,0,0,0,1.0,0.0,0,0.4827134311199188
6912,49,75,25,0,0,0,0,0,1.0,0.0,0,0.46199098229408264
6913,20,52,31,0,0,0,0,0,1.0,0.0,0,0.4931834638118744
6914,52,112,133,0,0,0,0,0,1.0,0.0,0,0.4694223701953888
6915,23,33,124,0,0,0,0,0,1.0,0.0,0,0.45815277099609375
6916,42,69,37,0,0,0,0,0,1.0,0.0,0,0.5150194764137268
6917,20,20,10,0,0,0,0,0,1.0,0.0,0,0.5006232261657715
6918,60,25,243,0,0,0,0,0,1.0,0.0,0,0.5142985582351685
6919,24,94,241,0,0,0,0,0,1.0,0.0,0,0.4532333314418793
6920,49,37,248,0,0,0,0,0,1.0,0.0,0,0.4779302775859833
6921,28,55,143,0,0,0,0,0,1.0,0.0,0,0.5235424041748047
6922,36,92,49,0,0,0,0,0,1.0,0.0,0,0.4601556062698364
6923,63,24,90,0,0,0,0,0,1.0,0.0,0,0.5133978724479675
6924,42,46,220,0,0,0,0,0,1.0,0.0,0,0.5127878189086914
6925,19,89,186,0,0,0,0,0,1.0,0.0,0,0.5869219899177551
6926,56,29,204,0,0,0,0,0,1.0,0.0,0,0.5007425546646118
6927,42,78,81,0,0,0,0,0,1.0,0.0,0,0.48129913210868835
6928,14,17,3,0,0,0,0,0,1.0,0.0,0,0.4823838770389557
6929,8,94,148,0,0,0,0,0,1.0,0.0,0,0.47993534803390503
6930,60,115,107,0,0,0,0,0,1.0,0.0,0,0.5473349690437317
6931,25,33,41,0,0,0,0,0,1.0,0.0,0,0.5200163125991821
6932,23,124,235,0,0,0,0,0,1.0,0.0,0,0.4743874967098236
6933,5,33,249,0,0,0,0,0,1.0,0.33972719462477663,0,0.4915916919708252
6934,6,45,177,0,0,0,0,0,1.0,0.0,0,0.4935300648212433
6935,38,85,244,0,0,0,0,0,1.0,0.0,0,0.488144189119339
6936,53,71,235,0,0,0,0,0,1.0,0.0,0,0.4816136360168457
6937,36,88,13,0,0,0,0,0,1.0,0.0,0,0.47770193219184875
6938,51,49,23,0,0,0,0,0,1.0,0.0,0,0.46424204111099243
6939,24,116,225,0,0,0,0,0,1.0,0.0,0,0.5856642127037048
6940,52,18,1,0,0,0,0,0,1.0,0.0,0,0.44497933983802795
6941,49,115,124,0,0,0,0,0,1.0,0.0,0,0.5286576151847839
6942,33,84,221,0,0,0,0,0,1.0,0.0,0,0.465104877948761
6943,55,87,183,0,0,0,0,0,1.0,0.0,0,0.5100314021110535
6944,10,116,89,0,0,0,0,0,1.0,0.0,0,0.5220590233802795
6945,63,20,78,0,0,0,0,0,1.0,0.0,0,0.46006274223327637
6946,54,51,247,0,0,0,0,0,1.0,0.0,0,0.46216481924057007
6947,32,34,8,0,0,0,0,0,1.0,0.0,0,0.49708622694015503
6948,37,83,94,0,0,0,0,0,1.0,0.0,0,0.5335078835487366
6949,32,41,29,0,0,0,0,0,1.0,0.0,0,0.5249914526939392
6950,17,88,218,0,0,0,0,0,1.0,0.0,0,0.5649963617324829
6951,17,3,240,0,0,0,0,0,1.0,0.0,0,0.5425810217857361
6952,57,96,15,0,0,0,0,0,1.0,0.0,0,0.5352686047554016
6953,6,114,255,0,0,0,0,0,1.0,0.0,0,0.5153419971466064
6954,1,1,76,0,0,0,0,0,1.0,0.0,0,0.5485670566558838
6955,63,91,181,0,0,0,0,0,1.0,0.0,0,0.4476398229598999
6956,51,111,235,0,0,0,0,0,1.0,0.0,0,0.4873332977294922
6957,2,33,195,0,0,0,0,0,1.0,0.0,0,0.390720009803772
6958,27,113,122,0,0,0,0,0,1.0,0.0,0,0.5582559108734131
6959,33,109,62,0,0,0,0,0,1.0,0.0,0,0.45078450441360474
6960,44,44,126,0,0,0,0,0,1.0,0.0,0,0.5080856084823608
6961,25,101,255,0,0,0,0,0,1.0,0.0,0,0.4636264443397522
6962,25,61,236,0,0,0,0,0,1.0,0.0,0,0.5111318826675415
6963,25,126,112,0,0,0,0,0,1.0,0.0,0,0.5810896158218384
6964,25,59,123,0,0,0,0,0,1.0,0.0,0,0.4856451451778412
6965,17,64,170,0,0,0,0,0,1.0,0.0,0,0.45571011304855347
6966,61,3,234,0,0,0,0,0,1.0,0.0,0,0.4944153130054474
6967,58,71,19,0,0,0,0,0,1.0,0.0,0,0.41053473949432373
6968,46,10,170,0,0,0,0,0,1.0,0.0,0,0.550047755241394
6969,13,15,9,0,0,0,0,0,1.0,0.0,0,0.47097155451774597
6970,38,81,85,0,0,0,0,0,1.0,0.0,0,0.5050668716430664
6971,25,104,196,0,0,0,0,0,1.0,0.0,0,0.5786595344543457
6972,59,7,146,0,0,0,0,0,1.0,0.0,0,0.46470776200294495
6973,14,51,210,0,0,0,0,0,1.0,0.0,0,0.42383700609207153
6974,0,24,131,0,0,0,0,0,1.0,0.0,0,0.47357937693595886
6975,4,84,52,0,0,0,0,0,1.0,0.0,0,0.4692481458187103
6976,1,44,151,0,0,0,0,0,1.0,0.0,0,0.5106526613235474
6977,17,58,114,0,0,0,0,0,1.0,0.0,0,0.4902833104133606
6978,63,58,107,0,0,0,0,0,1.0,0.0,0,0.46258315443992615
6979,17,28,166,0,0,0,0,0,1.0,0.0,0,0.5505287647247314
6980,20,44,145,0,0,0,0,0,1.0,0.0,0,0.5042216777801514
6981,12,19,70,0,0,0,0,0,1.0,0.0,0,0.5180655717849731
6982,48,2,158,0,0,0,0,0,1.0,0.0,0,0.48926371335983276
6983,51,88,137,0,0,0,0,0,1.0,0.0,0,0.4902874231338501
6984,42,10,62,0,0,0,0,0,1.0,0.0,0,0.45930585265159607
6985,52,107,52,0,0,0,0,0,1.0,0.0,0,0.4700314402580261
6986,0,77,230,0,0,0,0,0,1.0,0.3615301121623389,0,0.5590891242027283
6987,36,60,27,0,0,0,0,0,1.0,0.0,0,0.4484771192073822
6988,5,105,73,0,0,0,0,0,1.0,0.0,0,0.43272656202316284
6989,24,35,14,0,0,0,0,0,1.0,0.0,0,0.49732646346092224
6990,59,58,208,0,0,0,0,0,1.0,0.0,0,0.48946088552474976
6991,29,2,35,0,0,0,0,0,1.0,0.0,0,0.4367859959602356
6992,29,113,220,0,0,0,0,0,1.0,0.0,0,0.4697728753089905
6993,39,80,44,0,0,0,0,0,1.0,0.0,0,0.49829962849617004
6994,12,56,132,0,0,0,0,0,1.0,0.0,0,0.5976898670196533
6995,10,72,25,0,0,0,0,0,1.0,0.0,0,0.5144548416137695
6996,45,59,36,0,0,0,0,0,1.0,0.0,0,0.5213152766227722
6997,30,113,145,0,0,0,0,0,1.0,0.0,0,0.4450695514678955
6998,42,115,112,0,0,0,0,0,1.0,0.0,0,0.5441729426383972
6999,51,1,133,0,0,0,0,0,1.0,0.0,0,0.49754825234413147
7000,57,33,212,0,0,0,0,0,1.0,0.0,0,0.46070316433906555
7001,11,66,111,0,0,0,0,0,1.0,0.0,0,0.4703305661678314
7002,63,37,50,0,0,0,0,0,1.0,0.0,0,0.46684178709983826
7003,36,66,143,0,0,0,0,0,1.0,0.0,0,0.4793637990951538
7004,61,79,177,0,0,0,0,0,1.0,0.0,0,0.5241419672966003
7005,6,33,114,0,0,0,0,0,1.0,0.0,0,0.5141174793243408
7006,36,18,74,0,0,0,0,0,1.0,0.0,0,0.4479111135005951
7007,18,74,19,0,0,0,0,0,1.0,0.0,0,0.567216157913208
7008,10,112,127,0,0,0,0,0,1.0,0.0,0,0.48979607224464417
7009,49,71,24,0,0,0,0,0,1.0,0.0,0,0.4582512378692627
7010,5,79,67,0,0,0,0,0,1.0,0.0,0,0.4530201852321625
7011,6,49,131,0,0,0,0,0,1.0,0.0,0,0.5093280076980591
7012,2,12,71,0,0,0,0,0,1.0,0.0,0,0.5576292872428894
7013,34,58,156,0,0,0,0,0,1.0,0.0,0,0.43972399830818176
7014,63,36,71,0,0,0,0,0,1.0,0.0,0,0.4792611598968506
7015,30,60,255,0,0,0,0,0,1.0,0.0,0,0.4831937253475189
7016,4,109,88,0,0,0,0,0,1.0,0.0,0,0.4911365509033203
7017,36,10,19,0,0,0,0,0,1.0,0.0,0,0.414216548204422
7018,31,84,63,0,0,0,0,0,1.0,0.0,0,0.457579642534256
7019,15,62,187,0,0,0,0,0,1.0,0.0,0,0.44524767994880676
7020,33,121,11,0,0,0,0,0,1.0,0.0,0,0.4374805986881256
7021,31,9,174,0,0,0,0,0,1.0,0.0,0,0.4466366767883301
7022,11,53,119,0,0,0,0,0,1.0,0.0,0,0.5757359862327576
7023,6,39,50,0,0,0,0,0,1.0,0.0,0,0.5290132164955139
7024,34,52,210,0,0,0,0,0,1.0,0.0,0,0.5046830773353577
7025,5,13,149,0,0,0,0,0,1.0,0.0,0,0.50456303358078
7026,8,49,194,0,0,0,0,0,1.0,0.0,0,0.49356210231781006
7027,35,32,239,0,0,0,0,0,1.0,0.0,0,0.5005950331687927
7028,10,126,151,0,0,0,0,0,1.0,0.0,0,0.5104715824127197
7029,62,50,53,0,0,0,0,0,1.0,0.0,0,0.5817327499389648
7030,23,97,190,0,0,0,0,0,1.0,0.0,0,0.4808564782142639
7031,11,47,119,0,0,0,0,0,1.0,0.0,0,0.5372174978256226
7032,51,123,221,0,0,0,0,0,1.0,0.0,0,0.46435362100601196
7033,49,51,189,0,0,0,0,0,1.0,0.0,0,0.45065295696258545
7034,47,46,5,0,0,0,0,0,1.0,0.0,0,0.5221932530403137
7035,2,4,184,0,0,0,0,0,1.0,0.0,0,0.4361903965473175
7036,26,37,124,0,0,0,0,0,1.0,0.0,0,0.46986261010169983
7037,53,126,120,0,0,0,0,0,1.0,0.0,0,0.4549386203289032
7038,10,110,183,0,0,0,0,0,1.0,0.0,0,0.5356742739677429
7039,49,73,177,0,0,0,0,0,1.0,0.0,0,0.5293428301811218
7040,25,98,155,0,0,0,0,0,1.0,0.0,0,0.4876135587692261
7041,17,74,105,0,0,0,0,0,1.0,0.0,0,0.5166720151901245
7042,0,54,165,0,0,0,0,0,1.0,0.0,0,0.5085276961326599
7043,54,98,147,0,0,0,0,0,1.0,0.0,0,0.5115429162979126
7044,45,101,235,0,0,0,0,0,1.0,0.0,0,0.4860646426677704
7045,56,31,213,0,0,0,0,0,1.0,0.0,0,0.4509090781211853
7046,48,118,105,0,0,0,0,0,1.0,0.0,0,0.48674553632736206
7047,51,68,23,0,0,0,0,0,1.0,0.0,0,0.48027148842811584
7048,4,20,224,0,0,0,0,0,1.0,0.0,0,0.4366082549095154
7049,14,23,97,0,0,0,0,0,1.0,0.0,0,0.5137901902198792
7050,14,10,179,0,0,0,0,0,1.0,0.0,0,0.5449256300926208
7051,24,96,229,0,0,0,0,0,1.0,0.0,0,0.5414525270462036
7052,0,2,181,0,0,0,0,0,1.0,0.0,0,0.4761286675930023
7053,19,6,157,0,0,0,0,0,1.0,0.0,0,0.4713478684425354
7054,28,118,246,0,0,0,0,0,1.0,0.0,0,0.49537262320518494
7055,25,93,234,0,0,0,0,0,1.0,0.0,0,0.5533159375190735
7056,63,26,48,0,0,0,0,0,1.0,0.0,0,0.5003863573074341
7057,37,25,11,0,0,0,0,0,1.0,0.0,0,0.4775680899620056
7058,61,109,50,0,0,0,0,0,1.0,0.0,0,0.45935991406440735
7059,19,32,176,0,0,0,0,0,1.0,0.0,0,0.538384735584259
7060,25,91,166,0,0,0,0,0,1.0,0.0,0,0.5060692429542542
7061,31,47,122,0,0,0,0,0,1.0,0.0,0,0.46850037574768066
7062,61,120,88,0,0,0,0,0,1.0,0.0,0,0.5308753252029419
7063,61,112,234,0,0,0,0,0,1.0,0.0,0,0.4889349341392517
7064,3,89,23,0,0,0,0,0,1.0,0.0,0,0.518578827381134
7065,16,50,63,0,0,0,0,0,1.0,0.0,0,0.5040563344955444
7066,42,111,191,0,0,0,0,0,1.0,0.0,0,0.5196606516838074
7067,60,48,22,0,0,0,0,0,1.0,0.0,0,0.5211315155029297
7068,38,100,219,0,0,0,0,0,1.0,0.0,0,0.5105991959571838
7069,35,69,163,0,0,0,0,0,1.0,0.0,0,0.4691150486469269
7070,9,28,146,0,0,0,0,0,1.0,0.0,0,0.5721524953842163
7071,42,47,138,0,0,0,0,0,1.0,0.0,0,0.4850883483886719
7072,42,53,31,0,0,0,0,0,1.0,0.0,0,0.5394208431243896
7073,14,20,205,0,0,0,0,0,1.0,0.0,0,0.5273488163948059
7074,59,119,72,0,0,0,0,0,1.0,0.0,0,0.524957537651062
7075,11,20,112,0,0,0,0,0,1.0,0.0,0,0.4584224224090576
7076,3,37,155,0,0,0,0,0,1.0,0.0,0,0.543158769607544
7077,3,109,114,0,0,0,0,0,1.0,0.0,0,0.4488028585910797
7078,38,111,243,0,0,0,0,0,1.0,0.0,0,0.4559827446937561
7079,46,121,233,0,0,0,0,0,1.0,0.0,0,0.5250990390777588
7080,38,118,100,0,0,0,0,0,1.0,0.0,0,0.5357881188392639
7081,60,23,236,0,0,0,0,0,1.0,0.0,0,0.5564426779747009
7082,21,34,228,0,0,0,0,0,1.0,0.0,0,0.4758085310459137
7083,5,75,96,0,0,0,0,0,1.0,0.0,0,0.5435522198677063
7084,20,16,230,0,0,0,0,0,1.0,0.0,0,0.5146710872650146
7085,4,23,158,0,0,0,0,0,1.0,0.0,0,0.5136952996253967
7086,59,19,33,0,0,0,0,0,1.0,0.0,0,0.4994525909423828
7087,43,0,34,0,0,0,0,0,1.0,0.0,0,0.5599463582038879
7088,39,64,129,0,0,0,0,0,1.0,0.0,0,0.4926883280277252
7089,3,48,127,0,0,0,0,0,1.0,0.0,0,0.47741401195526123
7090,6,100,71,0,0,0,0,0,1.0,0.0,0,0.4885844886302948
7091,39,69,220,0,0,0,0,0,1.0,0.0,0,0.5427254438400269
7092,49,83,100,0,0,0,0,0,1.0,0.0,0,0.49391400814056396
7093,39,29,152,0,0,0,0,0,1.0,0.0,0,0.5149478912353516
7094,58,34,179,0,0,0,0,0,1.0,0.0,0,0.4495908319950104
7095,26,122,116,0,0,0,0,0,1.0,0.0,0,0.44908925890922546
7096,39,123,105,0,0,0,0,0,1.0,0.0,0,0.49945369362831116
7097,36,42,143,0,0,0,0,0,1.0,0.0,0,0.47122722864151
7098,61,67,210,0,0,0,0,0,1.0,0.32751980274238274,0,0.5084966421127319
7099,14,85,82,0,0,0,0,0,1.0,0.0,0,0.5133582353591919
7100,27,26,28,0,0,0,0,0,1.0,0.0,0,0.49076440930366516
7101,2,61,26,0,0,0,0,0,1.0,0.0,0,0.4634172022342682
7102,58,47,172,0,0,0,0,0,1.0,0.0,0,0.44853177666664124
7103,25,125,36,0,0,0,0,0,1.0,0.0,0,0.46892741322517395
7104,2,34,190,0,0,0,0,0,1.0,0.0,0,0.41249674558639526
7105,2,80,103,0,0,0,0,0,1.0,0.0,0,0.41125914454460144
7106,53,0,172,0,0,0,0,0,1.0,0.0,0,0.48114240169525146
7107,49,25,121,0,0,0,0,0,1.0,0.0,0,0.4894980192184448
7108,61,19,215,0,0,0,0,0,1.0,0.0,0,0.5437192320823669
7109,32,48,134,0,0,0,0,0,1.0,0.0,0,0.5741967558860779
7110,7,101,26,0,0,0,0,0,1.0,0.0,0,0.45220738649368286
7111,49,16,46,0,0,0,0,0,1.0,0.0,0,0.500457763671875
7112,20,52,185,0,0,0,0,0,1.0,0.0,0,0.5011926889419556
7113,3,117,152,0,0,0,0,0,1.0,0.0,0,0.4879305362701416
7114,53,17,135,0,0,0,0,0,1.0,0.0,0,0.4101766049861908
7115,41,105,107,0,0,0,0,0,1.0,0.0,0,0.5460567474365234
7116,24,24,248,0,0,0,0,0,1.0,0.0,0,0.5187179446220398
7117,17,92,104,0,0,0,0,0,1.0,0.0,0,0.5020788908004761
7118,60,95,227,0,0,0,0,0,1.0,0.0,0,0.5321146249771118
7119,0,36,214,0,0,0,0,0,1.0,0.0,0,0.4544827938079834
7120,9,47,225,0,0,0,0,0,1.0,0.0,0,0.5420065522193909
7121,2,56,48,0,0,0,0,0,1.0,0.0,0,0.5183483362197876
7122,61,111,34,0,0,0,0,0,1.0,0.0,0,0.48389801383018494
7123,48,63,88,0,0,0,0,0,1.0,0.0,0,0.5355620384216309
7124,58,77,39,0,0,0,0,0,1.0,0.0,0,0.470655232667923
7125,52,25,105,0,0,0,0,0,1.0,0.0,0,0.4804030954837799
7126,23,99,255,0,0,0,0,0,1.0,0.0,0,0.5079333782196045
7127,0,10,3,0,0,0,0,0,1.0,0.0,0,0.4647652506828308
7128,17,114,222,0,0,0,0,0,1.0,0.0,0,0.4772627055644989
7129,13,22,87,0,0,0,0,0,1.0,0.0,0,0.4763653874397278
7130,38,99,18,0,0,0,0,0,1.0,0.0,0,0.5388730764389038
7131,16,120,220,0,0,0,0,0,1.0,0.0,0,0.48276636004447937
7132,46,90,129,0,0,0,0,0,1.0,0.0,0,0.48614248633384705
7133,38,65,221,0,0,0,0,0,1.0,0.0,0,0.5099244117736816
7134,0,111,192,0,0,0,0,0,1.0,0.0,0,0.486723393201828
7135,51,40,97,0,0,0,0,0,1.0,0.0,0,0.48850181698799133
7136,2,23,240,0,0,0,0,0,1.0,0.0,0,0.5319612622261047
7137,38,55,68,0,0,0,0,0,1.0,0.0,0,0.575681746006012
7138,27,15,227,0,0,0,0,0,1.0,0.0,0,0.5650971531867981
7139,21,125,156,0,0,0,0,0,1.0,0.0,0,0.570601224899292
7140,16,40,223,0,0,0,0,0,1.0,0.0,0,0.5025595426559448
7141,56,94,28,0,0,0,0,0,1.0,0.0,0,0.504410982131958
7142,55,111,222,0,0,0,0,0,1.0,0.0,0,0.5042517185211182
7143,55,99,26,0,0,0,0,0,1.0,0.0,0,0.5225058794021606
7144,47,1,17,0,0,0,0,0,1.0,0.0,0,0.4611285626888275
7145,54,68,223,0,0,0,0,0,1.0,0.0,0,0.43663403391838074
7146,27,38,54,0,0,0,0,0,1.0,0.0,0,0.5690919160842896
7147,7,50,31,0,0,0,0,0,1.0,0.0,0,0.5433988571166992
7148,32,58,102,0,0,0,0,0,1.0,0.42993330646567574,0,0.5232996344566345
7149,19,11,118,0,0,0,0,0,1.0,0.0,0,0.5237407684326172
7150,27,109,122,0,0,0,0,0,1.0,0.0,0,0.5145992040634155
7151,0,0,0,3,0,0,0,0,0.16666666666666666,0.0,0,0.5643078684806824
7152,21,114,52,0,0,0,0,0,1.0,0.0,0,0.5153917670249939
7153,7,22,23,0,0,0,0,0,1.0,0.0,0,0.5607272386550903
7154,24,44,36,0,0,0,0,0,1.0,0.0,0,0.5165822505950928
7155,58,29,145,0,0,0,0,0,1.0,0.0,0,0.4822450280189514
7156,16,5,186,0,0,0,0,0,1.0,0.0,0,0.5139972567558289
7157,13,59,43,0,0,0,0,0,1.0,0.0,0,0.47832223773002625
7158,33,90,42,0,0,0,0,0,1.0,0.0,0,0.4603879749774933
7159,3,80,28,0,0,0,0,0,1.0,0.0,0,0.46611905097961426
7160,53,125,238,0,0,0,0,0,1.0,0.0,0,0.5078374743461609
7161,46,115,69,0,0,0,0,0,1.0,0.0,0,0.4407314658164978
7162,37,77,239,0,0,0,0,0,1.0,0.37978544453773855,0,0.5290374159812927
7163,14,81,217,0,0,0,0,0,1.0,0.0,0,0.5242125988006592
7164,18,34,54,0,0,0,0,0,1.0,0.0,0,0.46942728757858276
7165,52,125,63,0,0,0,0,0,1.0,0.0,0,0.4660235345363617
7166,30,3,225,0,0,0,0,0,1.0,0.0,0,0.48890429735183716
7167,47,104,18,0,0,0,0,0,1.0,0.0,0,0.47492852807044983
7168,54,126,238,0,0,0,0,0,1.0,0.0,0,0.5734262466430664
7169,3,115,190,0,0,0,0,0,1.0,0.0,0,0.44083553552627563
7170,12,96,49,0,0,0,0,0,1.0,0.0,0,0.506123960018158
7171,35,36,81,0,0,0,0,0,1.0,0.0,0,0.5053357481956482
7172,14,111,243,0,0,0,0,0,1.0,0.0,0,0.4817495346069336
7173,36,54,205,0,0,0,0,0,1.0,0.0,0,0.4394715428352356
7174,3,6,39,0,0,0,0,0,1.0,0.0,0,0.4742976129055023
7175,63,57,255,0,0,0,0,0,1.0,0.0,0,0.5089498162269592
7176,36,95,105,0,0,0,0,0,1.0,0.0,0,0.49356967210769653
7177,63,24,194,0,0,0,0,0,1.0,0.0,0,0.44889912009239197
7178,63,80,103,0,0,0,0,0,1.0,0.0,0,0.5032670497894287
7179,63,32,125,0,0,0,0,0,1.0,0.0,0,0.5171477794647217
7180,47,104,113,0,0,0,0,0,1.0,0.0,0,0.4493587613105774
7181,45,116,202,0,0,0,0,0,1.0,0.0,0,0.5317277908325195
7182,0,119,73,0,0,0,0,0,1.0,0.0,0,0.459311842918396
7183,7,50,85,0,0,0,0,0,1.0,0.0,0,0.5203573703765869
7184,49,7,109,0,0,0,0,0,1.0,0.0,0,0.5558844208717346
7185,59,72,152,0,0,0,0,0,1.0,0.0,0,0.45579826831817627
7186,7,112,48,0,0,0,0,0,1.0,0.0,0,0.513841986656189
7187,32,127,184,0,0,0,0,0,1.0,0.0,0,0.5214009881019592
7188,50,7,204,0,0,0,0,0,1.0,0.0,0,0.47710129618644714
7189,63,7,246,0,0,0,0,0,1.0,0.0,0,0.5114744901657104
7190,31,104,135,0,0,0,0,0,1.0,0.0,0,0.4962719678878784
7191,5,118,70,0,0,0,0,0,1.0,0.0,0,0.46979349851608276
7192,49,16,144,0,0,0,0,0,1.0,0.0,0,0.4997922480106354
7193,56,17,19,0,0,0,0,0,1.0,0.0,0,0.5093613266944885
7194,36,2,212,0,0,0,0,0,1.0,0.0,0,0.4748991131782532
7195,48,117,46,0,0,0,0,0,1.0,0.0,0,0.4830978214740753
7196,24,40,219,0,0,0,0,0,1.0,0.0,0,0.5323754549026489
7197,9,11,235,0,0,0,0,0,1.0,0.0,0,0.5661048293113708
7198,7,51,193,0,0,0,0,0,1.0,0.0,0,0.5473471283912659
7199,36,27,30,0,0,0,0,0,1.0,0.0,0,0.4700666666030884
7200,14,74,134,0,0,0,0,0,1.0,0.0,0,0.5129868388175964
7201,9,123,11,0,0,0,0,0,1.0,0.0,0,0.5158196687698364
7202,49,31,199,0,0,0,0,0,1.0,0.0,0,0.5414226651191711
7203,55,15,52,0,0,0,0,0,1.0,0.0,0,0.4791542887687683
7204,38,17,67,0,0,0,0,0,1.0,0.0,0,0.5591219067573547
7205,38,85,39,0,0,0,0,0,1.0,0.0,0,0.5655693411827087
7206,43,38,21,0,0,0,0,0,1.0,0.0,0,0.5525469779968262
7207,10,123,228,0,0,0,0,0,1.0,0.0,0,0.5728275775909424
7208,33,62,27,0,0,0,0,0,1.0,0.0,0,0.5173369646072388
7209,55,51,36,0,0,0,0,0,1.0,0.0,0,0.5067100524902344
7210,22,9,16,0,0,0,0,0,1.0,0.0,0,0.5474988222122192
7211,34,100,98,0,0,0,0,0,1.0,0.0,0,0.5228344798088074
7212,5,99,246,0,0,0,0,0,1.0,0.0,0,0.46907252073287964
7213,55,102,146,0,0,0,0,0,1.0,0.0,0,0.47957658767700195
7214,39,93,84,0,0,0,0,0,1.0,0.0,0,0.5179415345191956
7215,8,10,20,0,0,0,0,0,1.0,0.0,0,0.4946603775024414
7216,40,82,112,0,0,0,0,0,1.0,0.0,0,0.5021551251411438
7217,10,28,104,0,0,0,0,0,1.0,0.0,0,0.5525057911872864
7218,1,14,131,0,0,0,0,0,1.0,0.0,0,0.4930952191352844
7219,9,60,115,0,0,0,0,0,1.0,0.0,0,0.5521047711372375
7220,13,67,37,0,0,0,0,0,1.0,0.0,0,0.44565847516059875
7221,56,77,10,0,0,0,0,0,1.0,0.0,0,0.47503700852394104
7222,44,84,236,0,0,0,0,0,1.0,0.0,0,0.5039569735527039
7223,14,29,50,0,0,0,0,0,1.0,0.0,0,0.47883546352386475
7224,43,55,116,0,0,0,0,0,1.0,0.0,0,0.551762580871582
7225,21,89,0,0,0,0,0,0,1.0,0.0,0,0.5591651797294617
7226,8,58,197,0,0,0,0,0,1.0,0.0,0,0.4775025248527527
7227,16,78,83,0,0,0,0,0,1.0,0.0,0,0.487839937210083
7228,57,19,225,0,0,0,0,0,1.0,0.0,0,0.5577778816223145
7229,44,71,93,0,0,0,0,0,1.0,0.0,0,0.4598313271999359
7230,38,15,169,0,0,0,0,0,1.0,0.0,0,0.4740945100784302
7231,43,64,133,0,0,0,0,0,1.0,0.0,0,0.5275576710700989
7232,11,116,80,0,0,0,0,0,1.0,0.0,0,0.5593934655189514
7233,53,103,2,0,0,0,0,0,1.0,0.0,0,0.5388075113296509
7234,58,90,223,0,0,0,0,0,1.0,0.0,0,0.39435431361198425
7235,53,101,170,0,0,0,0,0,1.0,0.0,0,0.560401976108551
7236,7,99,14,0,0,0,0,0,1.0,0.0,0,0.5321875810623169
7237,44,93,217,0,0,0,0,0,1.0,0.0,0,0.4847401976585388
7238,13,77,192,0,0,0,0,0,1.0,0.0,0,0.5455964803695679
7239,37,124,50,0,0,0,0,0,1.0,0.0,0,0.530462920665741
7240,48,18,145,0,0,0,0,0,1.0,0.0,0,0.529684841632843
7241,14,58,185,0,0,0,0,0,1.0,0.0,0,0.53321373462677
7242,57,108,174,0,0,0,0,0,1.0,0.0,0,0.4941979944705963
7243,48,23,138,0,0,0,0,0,1.0,0.0,0,0.48636460304260254
7244,54,77,143,0,0,0,0,0,1.0,0.0,0,0.5760170817375183
7245,45,76,238,0,0,0,0,0,1.0,0.0,0,0.5377433896064758
7246,0,46,97,0,0,0,0,0,1.0,0.0,0,0.47840264439582825
7247,42,30,139,0,0,0,0,0,1.0,0.0,0,0.5029655694961548
7248,9,32,112,0,0,0,0,0,1.0,0.0,0,0.4855031371116638
7249,24,48,38,0,0,0,0,0,1.0,0.0,0,0.5902896523475647
7250,54,79,80,0,0,0,0,0,1.0,0.0,0,0.5012182593345642
7251,9,65,97,0,0,0,0,0,1.0,0.0,0,0.5063900351524353
7252,11,69,220,0,0,0,0,0,1.0,0.0,0,0.46778878569602966
7253,29,62,203,0,0,0,0,0,1.0,0.0,0,0.534733235836029
7254,11,29,5,0,0,0,0,0,1.0,0.0,0,0.4937439560890198
7255,11,117,69,0,0,0,0,0,1.0,0.0,0,0.5012264847755432
7256,3,12,232,0,0,0,0,0,1.0,0.0,0,0.5431732535362244
7257,28,115,77,0,0,0,0,0,1.0,0.0,0,0.5275738835334778
7258,10,55,38,0,0,0,0,0,1.0,0.0,0,0.5464596152305603
7259,49,37,47,0,0,0,0,0,1.0,0.0,0,0.41923728585243225
7260,54,4,246,0,0,0,0,0,1.0,0.0,0,0.5067850947380066
7261,63,107,224,0,0,0,0,0,1.0,0.0,0,0.4901973307132721
7262,49,118,108,0,0,0,0,0,1.0,0.0,0,0.4826543927192688
7263,11,117,35,0,0,0,0,0,1.0,0.0,0,0.4794081747531891
7264,5,118,7,0,0,0,0,0,1.0,0.0,0,0.483213871717453
7265,32,66,175,0,0,0,0,0,1.0,0.0,0,0.49797600507736206
7266,48,53,21,0,0,0,0,0,1.0,0.0,0,0.5646854043006897
7267,7,88,30,0,0,0,0,0,1.0,0.0,0,0.44813814759254456
7268,61,29,7,0,0,0,0,0,1.0,0.0,0,0.49688008427619934
7269,42,122,117,0,0,0,0,0,1.0,0.0,0,0.5208837985992432
7270,42,92,222,0,0,0,0,0,1.0,0.372343053612125,0,0.5130017995834351
7271,42,98,194,0,0,0,0,0,1.0,0.0,0,0.5181455612182617
7272,42,52,22,0,0,0,0,0,1.0,0.0,0,0.559614896774292
7273,54,38,28,0,0,0,0,0,1.0,0.0,0,0.5642415285110474
7274,49,0,152,0,0,0,0,0,1.0,0.0,0,0.43876147270202637
7275,56,120,18,0,0,0,0,0,1.0,0.0,0,0.5228117108345032
7276,33,85,49,0,0,0,0,0,1.0,0.0,0,0.5107995867729187
7277,51,18,106,0,0,0,0,0,1.0,0.0,0,0.44781601428985596
7278,38,45,50,0,0,0,0,0,1.0,0.0,0,0.5443755984306335
7279,62,93,38,0,0,0,0,0,1.0,0.0,0,0.509843647480011
7280,19,27,22,0,0,0,0,0,1.0,0.0,0,0.6295465230941772
7281,13,91,248,0,0,0,0,0,1.0,0.0,0,0.4425842761993408
7282,42,78,87,0,0,0,0,0,1.0,0.0,0,0.5043803453445435
7283,57,82,168,0,0,0,0,0,1.0,0.0,0,0.5126892328262329
7284,46,123,206,0,0,0,0,0,1.0,0.0,0,0.5059646368026733
7285,52,25,150,0,0,0,0,0,1.0,0.0,0,0.5642186999320984
7286,25,14,109,0,0,0,0,0,1.0,0.28863962388613273,0,0.4854876399040222
7287,63,104,207,0,0,0,0,0,1.0,0.0,0,0.448519229888916
7288,13,17,149,0,0,0,0,0,1.0,0.0,0,0.502767026424408
7289,5,13,81,0,0,0,0,0,1.0,0.0,0,0.5128160119056702
7290,37,29,114,0,0,0,0,0,1.0,0.0,0,0.4613059163093567
7291,54,67,32,0,0,0,0,0,1.0,0.0,0,0.580860435962677
7292,59,83,36,0,0,0,0,0,1.0,0.0,0,0.4615185558795929
7293,5,77,22,0,0,0,0,0,1.0,0.0,0,0.5009609460830688
7294,41,67,17,0,0,0,0,0,1.0,0.0,0,0.49430716037750244
7295,29,2,246,0,0,0,0,0,1.0,0.0,0,0.38306987285614014
7296,15,115,79,0,0,0,0,0,1.0,0.0,0,0.45188915729522705
7297,20,106,251,0,0,0,0,0,1.0,0.0,0,0.5349589586257935
7298,56,67,232,0,0,0,0,0,1.0,0.0,0,0.4555633068084717
7299,12,107,244,0,0,0,0,0,1.0,0.0,0,0.44105926156044006
7300,16,54,217,0,0,0,0,0,1.0,0.0,0,0.5609002113342285
7301,5,61,138,0,0,0,0,0,1.0,0.0,0,0.4757280647754669
7302,33,20,230,0,0,0,0,0,1.0,0.0,0,0.44042515754699707
7303,52,115,223,0,0,0,0,0,1.0,0.0,0,0.43957945704460144
7304,14,74,193,0,0,0,0,0,1.0,0.0,0,0.487454354763031
7305,23,63,49,0,0,0,0,0,1.0,0.0,0,0.5236381888389587
7306,59,124,77,0,0,0,0,0,1.0,0.0,0,0.5382883548736572
7307,42,97,112,0,0,0,0,0,1.0,0.0,0,0.5798429846763611
7308,43,93,206,0,0,0,0,0,1.0,0.0,0,0.5426859259605408
7309,62,101,63,0,0,0,0,0,1.0,0.0,0,0.5169714689254761
7310,9,32,9,0,0,0,0,0,1.0,0.0,0,0.5170888900756836
7311,24,73,143,0,0,0,0,0,1.0,0.0,0,0.5366410613059998
7312,57,19,180,0,0,0,0,0,1.0,0.0,0,0.5196799635887146
7313,34,81,67,0,0,0,0,0,1.0,0.0,0,0.5086228251457214
7314,58,76,150,0,0,0,0,0,1.0,0.0,0,0.4775368273258209
7315,39,114,243,0,0,0,0,0,1.0,0.0,0,0.46473008394241333
7316,61,77,30,0,0,0,0,0,1.0,0.0,0,0.4935044050216675
7317,4,114,251,0,0,0,0,0,1.0,0.0,0,0.5170456171035767
7318,16,109,225,0,0,0,0,0,1.0,0.0,0,0.49059298634529114
7319,5,35,228,0,0,0,0,0,1.0,0.0,0,0.4603036642074585
7320,35,107,220,0,0,0,0,0,1.0,0.0,0,0.44648149609565735
7321,26,96,142,0,0,0,0,0,1.0,0.0,0,0.5773854851722717
7322,18,14,77,0,0,0,0,0,1.0,0.0,0,0.5404106974601746
7323,50,10,9,0,0,0,0,0,1.0,0.0,0,0.4508706033229828
7324,34,74,76,0,0,0,0,0,1.0,0.0,0,0.46572065353393555
7325,34,17,24,0,0,0,0,0,1.0,0.0,0,0.4504920542240143
7326,61,83,231,0,0,0,0,0,1.0,0.0,0,0.4491179585456848
7327,6,49,87,0,0,0,0,0,1.0,0.0,0,0.4700024724006653
7328,45,90,213,0,0,0,0,0,1.0,0.0,0,0.4929511249065399
7329,34,125,83,0,0,0,0,0,1.0,0.0,0,0.43945062160491943
7330,47,104,161,0,0,0,0,0,1.0,0.0,0,0.49160006642341614
7331,30,1,231,0,0,0,0,0,1.0,0.0,0,0.5265243649482727
7332,49,8,11,0,0,0,0,0,1.0,0.0,0,0.4902198314666748
7333,17,110,92,0,0,0,0,0,1.0,0.0,0,0.49385541677474976
7334,62,33,65,0,0,0,0,0,1.0,0.0,0,0.5164191722869873
7335,38,116,181,0,0,0,0,0,1.0,0.0,0,0.4725760221481323
7336,17,52,193,0,0,0,0,0,1.0,0.0,0,0.5367484092712402
7337,43,20,46,0,0,0,0,0,1.0,0.0,0,0.6212709546089172
7338,61,32,81,0,0,0,0,0,1.0,0.0,0,0.46267932653427124
7339,22,47,114,0,0,0,0,0,1.0,0.0,0,0.5735031366348267
7340,39,74,207,0,0,0,0,0,1.0,0.0,0,0.4807702898979187
7341,42,66,34,0,0,0,0,0,1.0,0.0,0,0.446615606546402
7342,6,43,216,0,0,0,0,0,1.0,0.0,0,0.4830142557621002
7343,43,112,18,0,0,0,0,0,1.0,0.0,0,0.5249192118644714
7344,49,50,61,0,0,0,0,0,1.0,0.0,0,0.504289984703064
7345,37,83,247,0,0,0,0,0,1.0,0.0,0,0.502902626991272
7346,20,12,185,0,0,0,0,0,1.0,0.0,0,0.5312120318412781
7347,24,84,54,0,0,0,0,0,1.0,0.0,0,0.47691017389297485
7348,62,41,137,0,0,0,0,0,1.0,0.0,0,0.5548930764198303
7349,24,106,27,0,0,0,0,0,1.0,0.0,0,0.5716425776481628
7350,30,106,90,0,0,0,0,0,1.0,0.0,0,0.5052058100700378
7351,51,84,29,0,0,0,0,0,1.0,0.0,0,0.47127100825309753
7352,40,13,163,0,0,0,0,0,1.0,0.0,0,0.47592559456825256
7353,13,69,97,0,0,0,0,0,1.0,0.0,0,0.5391387343406677
7354,43,77,18,0,0,0,0,0,1.0,0.0,0,0.5470396876335144
7355,56,110,170,0,0,0,0,0,1.0,0.0,0,0.5335898399353027
7356,44,17,83,0,0,0,0,0,1.0,0.0,0,0.5580787062644958
7357,50,52,132,0,0,0,0,0,1.0,0.0,0,0.5020819902420044
7358,39,105,16,0,0,0,0,0,1.0,0.0,0,0.5454619526863098
7359,33,9,81,0,0,0,0,0,1.0,0.0,0,0.5033594369888306
7360,0,125,37,0,0,0,0,0,1.0,0.0,0,0.5878726840019226
7361,50,28,34,0,0,0,0,0,1.0,0.0,0,0.48241931200027466
7362,47,67,72,0,0,0,0,0,1.0,0.0,0,0.5464015007019043
7363,9,79,191,0,0,0,0,0,1.0,0.0,0,0.5153947472572327
7364,12,30,73,0,0,0,0,0,1.0,0.0,0,0.5715423226356506
7365,38,17,233,0,0,0,0,0,1.0,0.0,0,0.5444774627685547
7366,58,29,112,0,0,0,0,0,1.0,0.0,0,0.45158785581588745
7367,1,68,172,0,0,0,0,0,1.0,0.0,0,0.45637211203575134
7368,27,26,219,0,0,0,0,0,1.0,0.0,0,0.48648539185523987
7369,10,4,24,0,0,0,0,0,1.0,0.0,0,0.5645340085029602
7370,49,101,140,0,0,0,0,0,1.0,0.0,0,0.497320294380188
7371,53,6,76,0,0,0,0,0,1.0,0.0,0,0.5189592838287354
7372,16,60,99,0,0,0,0,0,1.0,0.0,0,0.44346684217453003
7373,34,74,65,0,0,0,0,0,1.0,0.0,0,0.4467431306838989
7374,27,25,137,0,0,0,0,0,1.0,0.0,0,0.5375895500183105
7375,3,26,252,0,0,0,0,0,1.0,0.0,0,0.49670860171318054
7376,57,71,137,0,0,0,0,0,1.0,0.0,0,0.43926289677619934
7377,56,33,144,0,0,0,0,0,1.0,0.0,0,0.515437662601471
7378,28,114,218,0,0,0,0,0,1.0,0.0,0,0.47147417068481445
7379,58,122,79,0,0,0,0,0,1.0,0.0,0,0.4203762412071228
7380,46,103,223,0,0,0,0,0,1.0,0.0,0,0.4735815227031708
7381,56,40,87,0,0,0,0,0,1.0,0.0,0,0.4614239037036896
7382,36,22,144,0,0,0,0,0,1.0,0.0,0,0.4165712296962738
7383,38,122,124,0,0,0,0,0,1.0,0.0,0,0.48091575503349304
7384,40,88,1,0,0,0,0,0,1.0,0.0,0,0.47432029247283936
7385,9,26,220,0,0,0,0,0,1.0,0.0,0,0.5076118111610413
7386,3,12,77,0,0,0,0,0,1.0,0.0,0,0.53955078125
7387,42,111,66,0,0,0,0,0,1.0,0.0,0,0.5115785002708435
7388,43,35,6,0,0,0,0,0,1.0,0.0,0,0.5160231590270996
7389,41,40,69,0,0,0,0,0,1.0,0.0,0,0.5789896845817566
7390,18,15,227,0,0,0,0,0,1.0,0.0,0,0.5582414269447327
7391,23,59,245,0,0,0,0,0,1.0,0.0,0,0.528744637966156
7392,3,9,104,0,0,0,0,0,1.0,0.0,0,0.45898160338401794
7393,27,32,84,0,0,0,0,0,1.0,0.0,0,0.4984409213066101
7394,28,62,64,0,0,0,0,0,1.0,0.0,0,0.5468190312385559
7395,22,26,24,0,0,0,0,0,1.0,0.0,0,0.49534156918525696
7396,28,113,147,0,0,0,0,0,1.0,0.0,0,0.4988996386528015
7397,34,54,116,0,0,0,0,0,1.0,0.0,0,0.4695284366607666
7398,9,33,63,0,0,0,0,0,1.0,0.0,0,0.4902658462524414
7399,22,66,255,0,0,0,0,0,1.0,0.0,0,0.4602251350879669
7400,52,14,231,0,0,0,0,0,1.0,0.0,0,0.5505577325820923
7401,27,70,61,0,0,0,0,0,1.0,0.3967154983200737,0,0.4985383152961731
7402,29,38,24,0,0,0,0,0,1.0,0.0,0,0.5187637805938721
7403,10,61,147,0,0,0,0,0,1.0,0.0,0,0.4497016668319702
7404,62,123,209,0,0,0,0,0,1.0,0.0,0,0.5374683737754822
7405,51,69,100,0,0,0,0,0,1.0,0.0,0,0.487478107213974
7406,34,27,154,0,0,0,0,0,1.0,0.0,0,0.43266531825065613
7407,6,116,225,0,0,0,0,0,1.0,0.0,0,0.5589828491210938
7408,34,6,176,0,0,0,0,0,1.0,0.0,0,0.498332142829895
7409,2,106,235,0,0,0,0,0,1.0,0.0,0,0.459146112203598
7410,45,58,5,0,0,0,0,0,1.0,0.39539426254705695,0,0.4710308313369751
7411,61,83,15,0,0,0,0,0,1.0,0.0,0,0.5191205143928528
7412,20,52,144,0,0,0,0,0,1.0,0.0,0,0.5101185441017151
7413,6,64,224,0,0,0,0,0,1.0,0.0,0,0.5057141780853271
7414,12,71,153,0,0,0,0,0,1.0,0.0,0,0.5841628909111023
7415,31,78,68,0,0,0,0,0,1.0,0.0,0,0.5472207069396973
7416,9,108,30,0,0,0,0,0,1.0,0.0,0,0.5476388931274414
7417,6,23,106,0,0,0,0,0,1.0,0.0,0,0.44978389143943787
7418,44,84,137,0,0,0,0,0,1.0,0.0,0,0.5303419232368469
7419,16,3,11,0,0,0,0,0,1.0,0.0,0,0.47129175066947937
7420,4,114,193,0,0,0,0,0,1.0,0.0,0,0.5176540017127991
7421,63,41,180,0,0,0,0,0,1.0,0.0,0,0.6266535520553589
7422,51,14,89,0,0,0,0,0,1.0,0.0,0,0.5025141835212708
7423,21,94,213,0,0,0,0,0,1.0,0.0,0,0.4810965061187744
7424,3,40,156,0,0,0,0,0,1.0,0.0,0,0.5183815360069275
7425,11,23,69,0,0,0,0,0,1.0,0.0,0,0.4646545350551605
7426,63,99,178,0,0,0,0,0,1.0,0.3509145975094452,0,0.4644734263420105
7427,3,72,17,0,0,0,0,0,1.0,0.0,0,0.43925198912620544
7428,3,109,247,0,0,0,0,0,1.0,0.0,0,0.4380752742290497
7429,10,111,211,0,0,0,0,0,1.0,0.0,0,0.5651755332946777
7430,25,58,189,0,0,0,0,0,1.0,0.0,0,0.4508904814720154
7431,28,89,4,0,0,0,0,0,1.0,0.0,0,0.5305393934249878
7432,28,75,127,0,0,0,0,0,1.0,0.0,0,0.47271278500556946
7433,13,84,241,0,0,0,0,0,1.0,0.0,0,0.4875734746456146
7434,0,127,15,0,0,0,0,0,1.0,0.0,0,0.4584895670413971
7435,28,77,192,0,0,0,0,0,1.0,0.0,0,0.5497131943702698
7436,52,112,189,0,0,0,0,0,1.0,0.0,0,0.40992724895477295
7437,36,58,134,0,0,0,0,0,1.0,0.0,0,0.4283652901649475
7438,13,27,189,0,0,0,0,0,1.0,0.0,0,0.4253593683242798
7439,37,112,93,0,0,0,0,0,1.0,0.0,0,0.48515695333480835
7440,10,73,153,0,0,0,0,0,1.0,0.0,0,0.5413477420806885
7441,57,108,76,0,0,0,0,0,1.0,0.0,0,0.4767661690711975
7442,25,69,26,0,0,0,0,0,1.0,0.0,0,0.470774382352829
7443,14,10,42,0,0,0,0,0,1.0,0.0,0,0.4653247892856598
7444,14,106,179,0,0,0,0,0,1.0,0.0,0,0.5057196617126465
7445,18,38,95,0,0,0,0,0,1.0,0.0,0,0.5293390154838562
7446,9,95,28,0,0,0,0,0,1.0,0.0,0,0.5394595861434937
7447,63,31,7,0,0,0,0,0,1.0,0.0,0,0.5242907404899597
7448,57,46,202,0,0,0,0,0,1.0,0.0,0,0.5762902498245239
7449,61,38,223,0,0,0,0,0,1.0,0.0,0,0.46534547209739685
7450,50,45,111,0,0,0,0,0,1.0,0.0,0,0.47096505761146545
7451,42,107,167,0,0,0,0,0,1.0,0.0,0,0.5570536851882935
7452,57,122,227,0,0,0,0,0,1.0,0.0,0,0.48387521505355835
7453,26,112,152,0,0,0,0,0,1.0,0.0,0,0.4703674614429474
7454,29,85,103,0,0,0,0,0,1.0,0.0,0,0.4623354971408844
7455,54,96,170,0,0,0,0,0,1.0,0.0,0,0.5602561831474304
7456,19,91,170,0,0,0,0,0,1.0,0.0,0,0.5551506876945496
7457,40,83,164,0,0,0,0,0,1.0,0.0,0,0.537216305732727
7458,13,108,66,0,0,0,0,0,1.0,0.0,0,0.46710655093193054
7459,5,126,149,0,0,0,0,0,1.0,0.0,0,0.5232616066932678
7460,5,126,181,0,0,0,0,0,1.0,0.0,0,0.5099380612373352
7461,25,122,151,0,0,0,0,0,1.0,0.0,0,0.44731906056404114
7462,25,89,209,0,0,0,0,0,1.0,0.0,0,0.6603078246116638
7463,13,50,210,0,0,0,0,0,1.0,0.0,0,0.5394182801246643
7464,20,105,88,0,0,0,0,0,1.0,0.0,0,0.5352246761322021
7465,33,29,55,0,0,0,0,0,1.0,0.0,0,0.45731353759765625
7466,13,42,132,0,0,0,0,0,1.0,0.0,0,0.517351508140564
7467,26,96,201,0,0,0,0,0,1.0,0.0,0,0.4731385111808777
7468,60,123,14,0,0,0,0,0,1.0,0.0,0,0.5695411562919617
7469,3,48,38,0,0,0,0,0,1.0,0.0,0,0.4799528419971466
7470,36,91,187,0,0,0,0,0,1.0,0.0,0,0.45676788687705994
7471,41,100,167,0,0,0,0,0,1.0,0.0,0,0.510141134262085
7472,11,20,245,0,0,0,0,0,1.0,0.0,0,0.4526858627796173
7473,54,14,221,0,0,0,0,0,1.0,0.0,0,0.5009254813194275
7474,47,99,176,0,0,0,0,0,1.0,0.0,0,0.5478276014328003
7475,4,43,79,0,0,0,0,0,1.0,0.0,0,0.4766574800014496
7476,9,32,121,0,0,0,0,0,1.0,0.0,0,0.46028217673301697
7477,19,32,178,0,0,0,0,0,1.0,0.0,0,0.5141346454620361
7478,20,8,67,0,0,0,0,0,1.0,0.0,0,0.5497694611549377
7479,23,69,228,0,0,0,0,0,1.0,0.0,0,0.503179669380188
7480,8,7,58,0,0,0,0,0,1.0,0.0,0,0.5222753286361694
7481,29,86,167,0,0,0,0,0,1.0,0.0,0,0.410922646522522
7482,45,80,72,0,0,0,0,0,1.0,0.0,0,0.480350136756897
7483,32,70,177,1,0,0,0,0,0.3333333333333333,0.0,0,0.496571809053421
7484,5,36,16,0,0,0,0,0,1.0,0.0,0,0.5072376132011414
7485,42,66,158,0,0,0,0,0,1.0,0.0,0,0.5471124649047852
7486,48,90,134,0,0,0,0,0,1.0,0.0,0,0.5501684546470642
7487,45,30,180,0,0,0,0,0,1.0,0.0,0,0.4498656988143921
7488,4,47,251,0,0,0,0,0,1.0,0.0,0,0.5005777478218079
7489,13,113,96,2,0,0,0,0,0.3333333333333333,0.0,0,0.4604237377643585
7490,17,53,3,0,0,0,0,0,1.0,0.0,0,0.48778149485588074
7491,50,49,86,0,0,0,0,0,1.0,0.0,0,0.5388190150260925
7492,0,127,5,0,0,0,0,0,1.0,0.0,0,0.4808243215084076
7493,12,68,14,0,0,0,0,0,1.0,0.0,0,0.5036240220069885
7494,63,57,180,0,0,0,0,0,1.0,0.0,0,0.512203574180603
7495,6,12,213,0,0,0,0,0,1.0,0.0,0,0.5134198665618896
7496,31,114,36,0,0,0,0,0,1.0,0.0,0,0.41417545080184937
7497,49,91,107,0,0,0,0,0,1.0,0.0,0,0.4832577407360077
7498,48,16,179,0,0,0,0,0,1.0,0.0,0,0.5354549288749695
7499,48,26,43,0,0,0,0,0,1.0,0.0,0,0.5263023972511292
7500,37,124,218,0,0,0,0,0,1.0,0.0,0,0.508255124092102
7501,10,26,32,0,0,0,0,0,1.0,0.0,0,0.49867522716522217
7502,9,111,213,0,0,0,0,0,1.0,0.0,0,0.6103570461273193
7503,13,67,55,0,0,0,0,0,1.0,0.0,0,0.4885060489177704
7504,21,86,52,0,0,0,0,0,1.0,0.0,0,0.5282734632492065
7505,46,12,163,0,0,0,0,0,1.0,0.0,0,0.511265754699707
7506,5,92,100,0,0,0,0,0,1.0,0.0,0,0.5139647126197815
7507,59,116,8,0,0,0,0,0,1.0,0.0,0,0.4743993878364563
7508,46,94,227,0,0,0,0,0,1.0,0.0,0,0.48557135462760925
7509,52,58,117,0,0,0,0,0,1.0,0.0,0,0.44135549664497375
7510,37,84,43,0,0,0,0,0,1.0,0.0,0,0.47612637281417847
7511,3,124,224,0,0,0,0,0,1.0,0.0,0,0.5323183536529541
7512,37,110,214,0,0,0,0,0,1.0,0.0,0,0.5417240262031555
7513,51,21,70,0,0,0,0,0,1.0,0.0,0,0.5251960158348083
7514,52,35,88,0,0,0,0,0,1.0,0.0,0,0.4432971179485321
7515,5,73,66,0,0,0,0,0,1.0,0.0,0,0.5515323877334595
7516,28,69,230,0,0,0,0,0,1.0,0.0,0,0.5670079588890076
7517,54,65,56,0,0,0,0,0,1.0,0.0,0,0.556894838809967
7518,63,68,190,0,0,0,0,0,1.0,0.0,0,0.49470701813697815
7519,16,92,19,0,0,0,0,0,1.0,0.0,0,0.5178995132446289
7520,62,15,74,0,0,0,0,0,1.0,0.0,0,0.5279642939567566
7521,42,17,217,0,0,0,0,0,1.0,0.0,0,0.4851102828979492
7522,16,112,201,0,0,0,0,0,1.0,0.0,0,0.463275671005249
7523,16,94,112,0,0,0,0,0,1.0,0.0,0,0.43736788630485535
7524,47,67,225,0,0,0,0,0,1.0,0.0,0,0.5545457005500793
7525,46,30,48,0,0,0,0,0,1.0,0.2688473517906399,0,0.4429517090320587
7526,46,30,27,0,0,0,0,0,1.0,0.0,0,0.44068506360054016
7527,40,13,69,0,0,0,0,0,1.0,0.0,0,0.4675295948982239
7528,38,100,11,0,0,0,0,0,1.0,0.0,0,0.5909298062324524
7529,3,85,64,0,0,0,0,0,1.0,0.0,0,0.48010680079460144
7530,63,126,252,0,0,0,0,0,1.0,0.0,0,0.4833108186721802
7531,51,15,99,0,0,0,0,0,1.0,0.0,0,0.435889333486557
7532,62,4,104,0,0,0,0,0,1.0,0.0,0,0.5455948710441589
7533,28,38,187,0,0,0,0,0,1.0,0.350793351776736,0,0.4621846675872803
7534,19,101,163,0,0,0,0,0,1.0,0.0,0,0.531602680683136
7535,1,34,80,0,0,0,0,0,1.0,0.29247908669677614,0,0.45214465260505676
7536,61,109,184,0,0,0,0,0,1.0,0.0,0,0.5264778733253479
7537,31,54,178,0,0,0,0,0,1.0,0.0,0,0.47949808835983276
7538,4,123,217,0,0,0,0,0,1.0,0.0,0,0.5592086911201477
7539,3,34,46,0,0,0,0,0,1.0,0.0,0,0.45725327730178833
7540,31,46,169,0,0,0,0,0,1.0,0.0,0,0.499131977558136
7541,40,83,129,0,0,0,0,0,1.0,0.0,0,0.4787806570529938
7542,61,27,136,0,0,0,0,0,1.0,0.0,0,0.437001496553421
7543,31,15,90,0,0,0,0,0,1.0,0.0,0,0.5348325967788696
7544,28,64,164,0,0,0,0,0,1.0,0.0,0,0.49025556445121765
7545,4,31,214,0,0,0,0,0,1.0,0.0,0,0.5698978304862976
7546,32,11,122,0,0,0,0,0,1.0,0.0,0,0.530421793460846
7547,1,4,62,0,0,0,0,0,1.0,0.0,0,0.5191241502761841
7548,9,120,207,0,0,0,0,0,1.0,0.0,0,0.5592331886291504
7549,10,65,139,0,0,0,0,0,1.0,0.0,0,0.5559874176979065
7550,61,68,2,0,0,0,0,0,1.0,0.0,0,0.44766631722450256
7551,40,13,65,0,0,0,0,0,1.0,0.0,0,0.5465617775917053
7552,6,1,53,0,0,0,0,0,1.0,0.0,0,0.5131425261497498
7553,17,84,120,0,0,0,0,0,1.0,0.0,0,0.46616998314857483
7554,9,102,206,0,0,0,0,0,1.0,0.0,0,0.5654696822166443
7555,37,71,199,0,0,0,0,0,1.0,0.0,0,0.4528995454311371
7556,17,31,36,0,0,0,0,0,1.0,0.0,0,0.4860728979110718
7557,5,36,70,0,0,0,0,0,1.0,0.0,0,0.5669538378715515
7558,0,72,152,0,0,0,0,0,1.0,0.0,0,0.43581056594848633
7559,41,104,252,0,0,0,0,0,1.0,0.0,0,0.4581944942474365
7560,1,36,78,0,0,0,0,0,1.0,0.0,0,0.4474731385707855
7561,43,116,77,0,0,0,0,0,1.0,0.0,0,0.5867968797683716
7562,61,111,92,0,0,0,0,0,1.0,0.0,0,0.47985556721687317
7563,9,2,83,0,0,0,0,0,1.0,0.0,0,0.547100305557251
7564,61,91,155,0,0,0,0,0,1.0,0.0,0,0.499641478061676
7565,21,94,136,0,0,0,0,0,1.0,0.0,0,0.48444610834121704
7566,49,115,110,0,0,0,0,0,1.0,0.0,0,0.5742909908294678
7567,19,71,158,0,0,0,0,0,1.0,0.0,0,0.5231204628944397
7568,27,46,59,0,0,0,0,0,1.0,0.0,0,0.5231008529663086
7569,31,1,106,0,0,0,0,0,1.0,0.0,0,0.5196243524551392
7570,15,16,92,0,0,0,0,0,1.0,0.0,0,0.4958314895629883
7571,15,113,19,0,0,0,0,0,1.0,0.0,0,0.41990208625793457
7572,16,127,103,0,0,0,0,0,1.0,0.0,0,0.4992944598197937
7573,48,55,250,0,0,0,0,0,1.0,0.0,0,0.4839862585067749
7574,10,50,182,0,0,0,0,0,1.0,0.0,0,0.6228497624397278
7575,10,70,112,0,0,0,0,0,1.0,0.0,0,0.4873926341533661
7576,5,3,41,0,0,0,0,0,1.0,0.0,0,0.5371834635734558
7577,5,104,169,0,0,0,0,0,1.0,0.0,0,0.4715374708175659
7578,17,40,209,0,0,0,0,0,1.0,0.0,0,0.5293052792549133
7579,34,3,76,0,0,0,0,0,1.0,0.0,0,0.4540667235851288
7580,54,44,251,0,0,0,0,0,1.0,0.0,0,0.4735430181026459
7581,26,27,210,0,0,0,0,0,1.0,0.0,0,0.49718573689460754
7582,5,46,154,0,0,0,0,0,1.0,0.0,0,0.507396936416626
7583,16,50,229,0,0,0,0,0,1.0,0.0,0,0.43518495559692383
7584,4,69,153,0,0,0,0,0,1.0,0.0,0,0.4887861907482147
7585,31,96,42,0,0,0,0,0,1.0,0.0,0,0.49639466404914856
7586,21,69,35,0,0,0,0,0,1.0,0.0,0,0.505541205406189
7587,11,122,209,0,0,0,0,0,1.0,0.0,0,0.4401746690273285
7588,38,22,71,0,0,0,0,0,1.0,0.0,0,0.5235561728477478
7589,24,100,181,0,0,0,0,0,1.0,0.0,0,0.5412838459014893
7590,51,116,228,0,0,0,0,0,1.0,0.0,0,0.4935521185398102
7591,63,39,252,0,0,0,0,0,1.0,0.0,0,0.5587595105171204
7592,34,71,246,0,0,0,0,0,1.0,0.0,0,0.42255109548568726
7593,5,30,94,0,0,0,0,0,1.0,0.0,0,0.5073546171188354
7594,52,102,40,0,0,0,0,0,1.0,0.0,0,0.4608916640281677
7595,0,29,212,0,0,0,0,0,1.0,0.0,0,0.46979808807373047
7596,4,22,208,0,0,0,0,0,1.0,0.0,0,0.4242032766342163
7597,4,39,182,0,0,0,0,0,1.0,0.0,0,0.5102448463439941
7598,17,3,140,0,0,0,0,0,1.0,0.0,0,0.5828424096107483
7599,17,91,86,0,0,0,0,0,1.0,0.0,0,0.5830298662185669
7600,3,57,66,0,0,0,0,0,1.0,0.0,0,0.4695906937122345
7601,43,32,218,0,0,0,0,0,1.0,0.0,0,0.46317192912101746
7602,16,115,121,0,0,0,0,0,1.0,0.0,0,0.4046432673931122
7603,34,91,96,0,0,0,0,0,1.0,0.0,0,0.4980176091194153
7604,51,68,220,0,0,0,0,0,1.0,0.0,0,0.4979856610298157
7605,41,65,17,0,0,0,0,0,1.0,0.0,0,0.48938751220703125
7606,38,46,228,0,0,0,0,0,1.0,0.34965087259931876,0,0.5365862846374512
7607,46,30,38,0,0,0,0,0,1.0,0.0,0,0.44985929131507874
7608,4,37,163,0,0,0,0,0,1.0,0.0,0,0.4808390140533447
7609,60,41,215,0,0,0,0,0,1.0,0.0,0,0.5921146273612976
7610,23,120,14,0,0,0,0,0,1.0,0.0,0,0.456023633480072
7611,24,31,172,0,0,0,0,0,1.0,0.0,0,0.542917013168335
7612,22,6,127,0,0,0,0,0,1.0,0.0,0,0.523131251335144
7613,44,87,81,0,0,0,0,0,1.0,0.0,0,0.5149943828582764
7614,27,100,128,0,0,0,0,0,1.0,0.0,0,0.6088995933532715
7615,63,58,192,0,0,0,0,0,1.0,0.0,0,0.4450865387916565
7616,45,73,9,0,0,0,0,0,1.0,0.0,0,0.524623453617096
7617,3,71,39,0,0,0,0,0,1.0,0.34188627702839747,0,0.4443531632423401
7618,38,104,220,0,0,0,0,0,1.0,0.0,0,0.5125654339790344
7619,27,123,197,0,0,0,0,0,1.0,0.0,0,0.4856260418891907
7620,8,69,74,0,0,0,0,0,1.0,0.0,0,0.5040258169174194
7621,62,116,244,0,0,0,0,0,1.0,0.0,0,0.5575307607650757
7622,33,119,113,0,0,0,0,0,1.0,0.0,0,0.523372232913971
7623,33,10,165,0,0,0,0,0,1.0,0.0,0,0.47142133116722107
7624,14,25,52,0,0,0,0,0,1.0,0.0,0,0.5356809496879578
7625,45,54,157,0,0,0,0,0,1.0,0.0,0,0.4387889802455902
7626,49,26,151,0,0,0,0,0,1.0,0.0,0,0.4418458640575409
7627,45,83,202,0,0,0,0,0,1.0,0.0,0,0.49764570593833923
7628,62,23,64,0,0,0,0,0,1.0,0.0,0,0.557019054889679
7629,18,2,90,0,0,0,0,0,1.0,0.0,0,0.5218539834022522
7630,19,115,82,0,0,0,0,0,1.0,0.0,0,0.5429456233978271
7631,48,29,34,0,0,0,0,0,1.0,0.0,0,0.47158190608024597
7632,27,90,216,0,0,0,0,0,1.0,0.0,0,0.48061105608940125
7633,47,73,76,0,0,0,0,0,1.0,0.0,0,0.5145936608314514
7634,30,25,208,0,0,0,0,0,1.0,0.4281771880331182,0,0.5067471861839294
7635,63,21,253,0,0,0,0,0,1.0,0.0,0,0.48052725195884705
7636,62,87,236,0,0,0,0,0,1.0,0.0,0,0.5322977900505066
7637,43,64,21,0,0,0,0,0,1.0,0.0,0,0.5427438020706177
7638,13,46,223,0,0,0,0,0,1.0,0.0,0,0.4504125118255615
7639,58,78,176,0,0,0,0,0,1.0,0.0,0,0.4932287931442261
7640,23,115,181,0,0,0,0,0,1.0,0.0,0,0.484785795211792
7641,38,98,255,0,0,0,0,0,1.0,0.0,0,0.4767005741596222
7642,55,107,41,0,0,0,0,0,1.0,0.0,0,0.47384315729141235
7643,42,72,117,0,0,0,0,0,1.0,0.0,0,0.5086047053337097
7644,38,22,113,0,0,0,0,0,1.0,0.0,0,0.5394883155822754
7645,44,18,94,0,0,0,0,0,1.0,0.0,0,0.5825001001358032
7646,58,38,190,0,0,0,0,0,1.0,0.0,0,0.4604421555995941
7647,5,64,246,0,0,0,0,0,1.0,0.0,0,0.4505040943622589
7648,12,41,12,0,0,0,0,0,1.0,0.0,0,0.5345621109008789
7649,28,46,195,0,0,0,0,0,1.0,0.0,0,0.5014456510543823
7650,61,76,136,0,0,0,0,0,1.0,0.0,0,0.4834003150463104
7651,5,8,185,0,0,0,0,0,1.0,0.0,0,0.44084495306015015
7652,58,95,183,0,0,0,0,0,1.0,0.0,0,0.5043312907218933
7653,61,95,10,0,0,0,0,0,1.0,0.0,0,0.49087217450141907
7654,56,76,13,0,0,0,0,0,1.0,0.29520717029764715,0,0.4861818850040436
7655,47,52,149,0,0,0,0,0,1.0,0.0,0,0.5303608179092407
7656,51,33,248,0,0,0,0,0,1.0,0.0,0,0.4952717423439026
7657,8,34,79,0,0,0,0,0,1.0,0.0,0,0.49445003271102905
7658,24,54,201,0,0,0,0,0,1.0,0.0,0,0.4674433171749115
7659,55,51,241,0,0,0,0,0,1.0,0.0,0,0.522718071937561
7660,55,118,251,0,0,0,0,0,1.0,0.0,0,0.5402182936668396
7661,30,27,121,0,0,0,0,0,1.0,0.0,0,0.4479233920574188
7662,28,125,102,0,0,0,0,0,1.0,0.0,0,0.5142096877098083
7663,24,92,237,0,0,0,0,0,1.0,0.0,0,0.5418393611907959
7664,52,51,198,0,0,0,0,0,1.0,0.0,0,0.47325393557548523
7665,50,114,53,0,0,0,0,0,1.0,0.0,0,0.504878580570221
7666,51,28,26,0,0,0,0,0,1.0,0.0,0,0.5292261838912964
7667,17,52,166,0,0,0,0,0,1.0,0.0,0,0.5371218919754028
7668,9,69,93,0,0,0,0,0,1.0,0.0,0,0.5261310338973999
7669,31,12,156,0,0,0,0,0,1.0,0.0,0,0.5102126002311707
7670,13,120,52,0,0,0,0,0,1.0,0.34486260423765513,0,0.4828631579875946
7671,13,104,154,0,0,0,0,0,1.0,0.0,0,0.4434284269809723
7672,29,11,60,0,0,0,0,0,1.0,0.0,0,0.52937251329422
7673,50,122,79,0,0,0,0,0,1.0,0.0,0,0.4696166515350342
7674,25,115,116,0,0,0,0,0,1.0,0.0,0,0.5296511054039001
7675,62,46,73,0,0,0,0,0,1.0,0.0,0,0.526858925819397
7676,34,23,200,0,0,0,0,0,1.0,0.0,0,0.46100255846977234
7677,5,86,235,0,0,0,0,0,1.0,0.36382430223864215,0,0.5233349800109863
7678,2,102,218,0,0,0,0,0,1.0,0.0,0,0.4370083510875702
7679,30,11,201,0,0,0,0,0,1.0,0.0,0,0.45845720171928406
7680,49,71,148,0,0,0,0,0,1.0,0.0,0,0.48492830991744995
7681,14,126,201,0,0,0,0,0,1.0,0.0,0,0.5599303245544434
7682,5,84,92,0,0,0,0,0,1.0,0.0,0,0.44841641187667847
7683,51,126,207,0,0,0,0,0,1.0,0.0,0,0.5218021273612976
7684,36,47,223,0,0,0,0,0,1.0,0.0,0,0.39310210943222046
7685,40,6,157,0,0,0,0,0,1.0,0.0,0,0.5653941035270691
7686,26,3,242,0,0,0,0,0,0.5,0.0,0,0.5085576772689819
7687,36,24,78,0,0,0,0,0,1.0,0.0,0,0.4732516407966614
7688,37,31,42,0,0,0,0,0,1.0,0.0,0,0.48582735657691956
7689,32,38,218,0,0,0,0,0,1.0,0.0,0,0.5841515064239502
7690,13,91,114,0,0,0,0,0,1.0,0.0,0,0.4659900367259979
7691,42,93,95,0,0,0,0,0,1.0,0.0,0,0.4819745123386383
7692,49,27,217,0,0,0,0,0,1.0,0.0,0,0.48972752690315247
7693,3,48,110,0,0,0,0,0,1.0,0.0,0,0.5094698667526245
7694,24,94,35,0,0,0,0,0,1.0,0.0,0,0.4739936590194702
7695,59,84,210,0,0,0,0,0,1.0,0.0,0,0.4889577627182007
7696,38,10,127,0,0,0,0,0,1.0,0.0,0,0.502393901348114
7697,43,99,229,0,0,0,0,0,1.0,0.0,0,0.5573709607124329
7698,35,76,142,0,0,0,0,0,1.0,0.0,0,0.5329843759536743
7699,42,102,54,0,0,0,0,0,1.0,0.0,0,0.4842440187931061
7700,5,60,54,0,0,0,0,0,1.0,0.0,0,0.5242646932601929
7701,35,43,104,0,0,0,0,0,1.0,0.0,0,0.5003538727760315
7702,35,112,155,0,0,0,0,0,1.0,0.0,0,0.5008621215820312
7703,20,70,107,0,0,0,0,0,1.0,0.0,0,0.5949104428291321
7704,2,102,251,0,0,0,0,0,1.0,0.0,0,0.48485276103019714
7705,11,11,241,0,0,0,0,0,1.0,0.0,0,0.42074882984161377
7706,37,69,220,0,0,0,0,0,1.0,0.0,0,0.4965900480747223
7707,4,92,238,0,0,0,0,0,1.0,0.0,0,0.48755162954330444
7708,19,86,213,0,0,0,0,0,1.0,0.0,0,0.5477412343025208
7709,25,105,200,0,0,0,0,0,1.0,0.0,0,0.5665220022201538
7710,49,10,92,0,0,0,0,0,1.0,0.0,0,0.48028790950775146
7711,58,59,176,0,0,0,0,0,1.0,0.0,0,0.5034356713294983
7712,39,82,203,0,0,0,0,0,1.0,0.0,0,0.44867008924484253
7713,11,61,126,0,0,0,0,0,1.0,0.0,0,0.4679899513721466
7714,29,48,148,0,0,0,0,0,1.0,0.0,0,0.4757804572582245
7715,51,82,67,0,0,0,0,0,1.0,0.0,0,0.4533608555793762
7716,9,100,165,0,0,0,0,0,1.0,0.0,0,0.5438327193260193
7717,9,127,48,0,0,0,0,0,1.0,0.0,0,0.5133312940597534
7718,56,24,245,0,0,0,0,0,1.0,0.0,0,0.5162286758422852
7719,63,12,216,0,0,0,0,0,1.0,0.0,0,0.5221360921859741
7720,47,72,7,0,0,0,0,0,1.0,0.0,0,0.5991644859313965
7721,3,13,44,0,0,0,0,0,1.0,0.0,0,0.5419114828109741
7722,14,24,204,0,0,0,0,0,1.0,0.0,0,0.5626587867736816
7723,23,120,63,0,0,0,0,0,1.0,0.0,0,0.46639347076416016
7724,45,119,46,0,0,0,0,0,1.0,0.0,0,0.537006676197052
7725,13,102,190,0,0,0,0,0,1.0,0.0,0,0.4636439085006714
7726,49,25,100,0,0,0,0,0,1.0,0.0,0,0.4555537700653076
7727,24,122,174,0,0,0,0,0,1.0,0.0,0,0.535667359828949
7728,53,125,196,0,0,0,0,0,1.0,0.0,0,0.5103915333747864
7729,49,61,254,0,0,0,0,0,1.0,0.0,0,0.4881435036659241
7730,34,111,159,0,0,0,0,0,1.0,0.0,0,0.5272745490074158
7731,46,44,140,0,0,0,0,0,1.0,0.0,0,0.47058653831481934
7732,28,12,201,0,0,0,0,0,1.0,0.0,0,0.5147199034690857
7733,30,55,96,0,0,0,0,0,1.0,0.3769267366806063,0,0.462422639131546
7734,49,92,143,0,0,0,0,0,1.0,0.0,0,0.4880029559135437
7735,41,66,114,0,0,0,0,0,1.0,0.0,0,0.510991096496582
7736,33,89,136,0,0,0,0,0,1.0,0.0,0,0.5635316967964172
7737,32,100,146,0,0,0,0,0,1.0,0.0,0,0.5468930602073669
7738,55,42,78,0,0,0,0,0,1.0,0.0,0,0.4932102560997009
7739,22,42,193,0,0,0,0,0,1.0,0.0,0,0.5446896553039551
7740,43,7,28,0,0,0,0,0,1.0,0.0,0,0.5285155773162842
7741,51,113,47,0,0,0,0,0,1.0,0.0,0,0.5170176029205322
7742,55,125,34,0,0,0,0,0,1.0,0.0,0,0.5094033479690552
7743,23,102,210,0,0,0,0,0,1.0,0.0,0,0.49926304817199707
7744,56,88,170,0,0,0,0,0,1.0,0.0,0,0.45824331045150757
7745,53,82,161,0,0,0,0,0,1.0,0.0,0,0.47347545623779297
7746,49,71,25,0,0,0,0,0,1.0,0.35665725952473804,0,0.4626613259315491
7747,25,98,45,0,0,0,0,0,1.0,0.0,0,0.5074650049209595
7748,43,94,0,0,0,0,0,0,1.0,0.0,0,0.5991320610046387
7749,28,86,211,0,0,0,0,0,1.0,0.0,0,0.46248146891593933
7750,43,57,251,0,0,0,0,0,1.0,0.0,0,0.5389612317085266
7751,62,5,82,0,0,0,0,0,1.0,0.0,0,0.537392258644104
7752,35,89,130,0,0,0,0,0,1.0,0.0,0,0.5134832859039307
7753,14,36,245,0,0,0,0,0,1.0,0.0,0,0.5459833145141602
7754,54,127,94,0,0,0,0,0,1.0,0.0,0,0.48583465814590454
7755,63,48,218,0,0,0,0,0,1.0,0.0,0,0.47265392541885376
7756,1,76,143,0,0,0,0,0,1.0,0.0,0,0.5474969744682312
7757,37,112,246,0,0,0,0,0,1.0,0.0,0,0.4473855793476105
7758,37,104,233,0,0,0,0,0,1.0,0.0,0,0.5229916572570801
7759,25,82,78,0,0,0,0,0,1.0,0.0,0,0.5152891874313354
7760,7,62,140,0,0,0,0,0,1.0,0.0,0,0.49488013982772827
7761,8,67,240,0,0,0,0,0,1.0,0.0,0,0.5118159055709839
7762,13,124,159,0,0,0,0,0,1.0,0.0,0,0.49245360493659973
7763,16,41,48,0,0,0,0,0,1.0,0.0,0,0.5391409397125244
7764,57,29,108,0,0,0,0,0,1.0,0.0,0,0.4853466749191284
7765,10,92,109,0,0,0,0,0,1.0,0.0,0,0.4528294801712036
7766,5,99,89,0,0,0,0,0,1.0,0.0,0,0.5706449151039124
7767,38,94,180,0,0,0,0,0,1.0,0.0,0,0.48545897006988525
7768,13,4,58,0,0,0,0,0,1.0,0.0,0,0.46338164806365967
7769,28,100,255,0,0,0,0,0,1.0,0.0,0,0.49418091773986816
7770,48,33,31,0,0,0,0,0,1.0,0.0,0,0.5682377815246582
7771,38,16,110,0,0,0,0,0,1.0,0.0,0,0.546482503414154
7772,20,86,165,0,0,0,0,0,1.0,0.0,0,0.5066350102424622
7773,33,47,242,1,0,0,0,0,0.5,0.0,0,0.5166038274765015
7774,20,99,149,0,0,0,0,0,1.0,0.0,0,0.4913882911205292
7775,52,125,126,0,0,0,0,0,1.0,0.0,0,0.4692198634147644
7776,26,34,5,0,0,0,0,0,1.0,0.0,0,0.5157003402709961
7777,13,32,122,0,0,0,0,0,1.0,0.0,0,0.4798775613307953
7778,24,41,12,0,0,0,0,0,1.0,0.0,0,0.6020162105560303
7779,47,44,79,0,0,0,0,0,1.0,0.0,0,0.473506897687912
7780,8,34,4,0,0,0,0,0,1.0,0.0,0,0.535452127456665
7781,45,26,161,0,0,0,0,0,1.0,0.0,0,0.49012547731399536
7782,35,31,168,0,0,0,0,0,1.0,0.0,0,0.516565203666687
7783,13,106,194,0,0,0,0,0,1.0,0.0,0,0.4438004493713379
7784,29,53,202,0,0,0,0,0,1.0,0.0,0,0.4933013319969177
7785,37,94,141,0,0,0,0,0,1.0,0.0,0,0.5623140931129456
7786,3,54,176,0,0,0,0,0,1.0,0.0,0,0.5021889209747314
7787,34,84,65,0,0,0,0,0,1.0,0.0,0,0.4356525242328644
7788,44,127,79,0,0,0,0,0,1.0,0.0,0,0.47053757309913635
7789,22,89,221,0,0,0,0,0,1.0,0.0,0,0.5512924194335938
7790,2,28,38,0,0,0,0,0,1.0,0.0,0,0.4221530258655548
7791,39,26,43,0,0,0,0,0,1.0,0.0,0,0.49475446343421936
7792,14,127,23,0,0,0,0,0,1.0,0.3505510164376381,0,0.5220808386802673
7793,42,3,49,0,0,0,0,0,1.0,0.0,0,0.5265655517578125
7794,3,105,158,0,0,0,0,0,1.0,0.0,0,0.49335211515426636
7795,56,18,159,0,0,0,0,0,1.0,0.0,0,0.4568866193294525
7796,38,40,196,0,0,0,0,0,1.0,0.0,0,0.5798917412757874
7797,46,116,123,0,0,0,0,0,1.0,0.0,0,0.497327595949173
7798,37,119,206,0,0,0,0,0,1.0,0.0,0,0.5588122606277466
7799,15,49,148,0,0,0,0,0,1.0,0.0,0,0.5575878620147705
7800,56,39,98,0,0,0,0,0,1.0,0.0,0,0.5474765300750732
7801,51,48,62,0,0,0,0,0,1.0,0.0,0,0.5043140649795532
7802,26,124,200,0,0,0,0,0,1.0,0.0,0,0.5451205372810364
7803,2,94,12,0,0,0,0,0,1.0,0.0,0,0.47608184814453125
7804,28,72,189,0,0,0,0,0,1.0,0.0,0,0.5075086951255798
7805,10,1,182,0,0,0,0,0,1.0,0.0,0,0.5588737726211548
7806,8,73,110,0,0,0,0,0,1.0,0.0,0,0.5446456670761108
7807,45,38,191,0,0,0,0,0,1.0,0.0,0,0.4677243232727051
7808,24,115,164,0,0,0,0,0,1.0,0.0,0,0.41447189450263977
7809,58,14,250,0,0,0,0,0,1.0,0.0,0,0.5215216875076294
7810,18,73,222,0,0,0,0,0,1.0,0.0,0,0.5504335165023804
7811,42,44,245,0,0,0,0,0,1.0,0.0,0,0.5012180805206299
7812,13,109,83,0,0,0,0,0,1.0,0.0,0,0.5027403831481934
7813,30,102,118,0,0,0,0,0,1.0,0.0,0,0.4747461676597595
7814,42,115,122,0,0,0,0,0,1.0,0.0,0,0.5194092988967896
7815,44,46,108,0,0,0,0,0,1.0,0.0,0,0.45990192890167236
7816,60,21,87,0,0,0,0,0,1.0,0.0,0,0.5667523145675659
7817,16,22,25,0,0,0,0,0,1.0,0.0,0,0.5005592703819275
7818,38,110,143,0,0,0,0,0,1.0,0.0,0,0.528640627861023
7819,50,118,105,0,0,0,0,0,1.0,0.0,0,0.47772708535194397
7820,33,7,242,0,0,0,0,0,1.0,0.0,0,0.4215565323829651
7821,52,93,28,0,0,0,0,0,1.0,0.0,0,0.47954025864601135
7822,14,123,233,0,0,0,0,0,1.0,0.0,0,0.4872945249080658
7823,34,36,124,0,0,0,0,0,1.0,0.0,0,0.474132239818573
7824,42,117,52,0,0,0,0,0,1.0,0.0,0,0.4950287938117981
7825,62,8,76,0,0,0,0,0,1.0,0.0,0,0.5171608924865723
7826,46,31,100,0,0,0,0,0,1.0,0.0,0,0.5641357898712158
7827,62,113,44,0,0,0,0,0,1.0,0.0,0,0.5584376454353333
7828,53,88,175,0,0,0,0,0,1.0,0.0,0,0.4663551449775696
7829,58,15,14,0,0,0,0,0,1.0,0.0,0,0.49739429354667664
7830,14,29,222,0,0,0,0,0,1.0,0.32681619539392615,0,0.5110166668891907
7831,9,75,126,0,0,0,0,0,1.0,0.0,0,0.4830438494682312
7832,28,16,197,0,0,0,0,0,1.0,0.0,0,0.5462427735328674
7833,34,80,43,0,0,0,0,0,1.0,0.0,0,0.4959139823913574
7834,21,27,9,0,0,0,0,0,1.0,0.0,0,0.48878273367881775
7835,21,19,225,0,0,0,0,0,1.0,0.35734798215966357,0,0.540142297744751
7836,52,51,181,0,0,0,0,0,1.0,0.0,0,0.4303025007247925
7837,43,42,165,0,0,0,0,0,1.0,0.0,0,0.5528700947761536
7838,19,34,10,0,0,0,0,0,1.0,0.0,0,0.435263991355896
7839,47,45,5,0,0,0,0,0,1.0,0.0,0,0.4440746605396271
7840,35,99,41,0,0,0,0,0,1.0,0.0,0,0.5158758163452148
7841,56,92,223,0,0,0,0,0,1.0,0.0,0,0.5257785320281982
7842,41,80,68,0,0,0,0,0,1.0,0.0,0,0.45914870500564575
7843,11,55,232,0,0,0,0,0,1.0,0.0,0,0.46896231174468994
7844,3,26,248,0,0,0,0,0,1.0,0.0,0,0.49450451135635376
7845,29,7,115,0,0,0,0,0,1.0,0.0,0,0.4457123875617981
7846,4,43,165,0,0,0,0,0,1.0,0.0,0,0.47924917936325073
7847,62,95,82,0,0,0,0,0,1.0,0.0,0,0.5136846303939819
7848,0,0,0,4,0,0,0,0,0.16666666666666666,0.0,0,0.5643078684806824
7849,21,125,49,0,0,0,0,0,1.0,0.0,0,0.5769675374031067
7850,36,45,117,0,0,0,0,0,1.0,0.0,0,0.4577937126159668
7851,40,52,40,0,0,0,0,0,1.0,0.0,0,0.4603930711746216
7852,52,20,18,0,0,0,0,0,1.0,0.0,0,0.4749348759651184
7853,56,78,109,0,0,0,0,0,1.0,0.0,0,0.512015700340271
7854,56,5,29,0,0,0,0,0,1.0,0.0,0,0.5140392184257507
7855,56,2,84,0,0,0,0,0,1.0,0.0,0,0.47220292687416077
7856,1,21,87,0,0,0,0,0,1.0,0.0,0,0.4644785523414612
7857,62,87,119,0,0,0,0,0,1.0,0.0,0,0.56055748462677
7858,35,101,227,0,0,0,0,0,1.0,0.0,0,0.538956344127655
7859,49,57,183,0,0,0,0,0,1.0,0.0,0,0.4647681415081024
7860,58,27,165,0,0,0,0,0,1.0,0.0,0,0.4121630787849426
7861,52,122,58,0,0,0,0,0,1.0,0.0,0,0.46947818994522095
7862,11,18,28,0,0,0,0,0,1.0,0.0,0,0.47462475299835205
7863,41,8,158,0,0,0,0,0,1.0,0.0,0,0.46691420674324036
7864,11,10,1,0,0,0,0,0,1.0,0.0,0,0.4402257204055786
7865,39,123,59,0,0,0,0,0,1.0,0.0,0,0.4458274841308594
7866,45,26,221,0,0,0,0,0,1.0,0.0,0,0.4362093210220337
7867,53,58,238,0,0,0,0,0,1.0,0.0,0,0.4707410931587219
7868,38,122,147,0,0,0,0,0,1.0,0.0,0,0.47655174136161804
7869,5,117,60,0,0,0,0,0,1.0,0.0,0,0.5011823177337646
7870,9,63,209,0,0,0,0,0,1.0,0.0,0,0.5300747156143188
7871,40,83,169,0,0,0,0,0,1.0,0.0,0,0.48261305689811707
7872,14,1,13,0,0,0,0,0,1.0,0.0,0,0.5727798342704773
7873,62,31,131,0,0,0,0,0,1.0,0.0,0,0.5421084761619568
7874,24,70,157,0,0,0,0,0,1.0,0.0,0,0.5105356574058533
7875,3,113,59,0,0,0,0,0,1.0,0.0,0,0.5200701355934143
7876,21,105,133,0,0,0,0,0,1.0,0.0,0,0.5231861472129822
7877,49,93,177,0,0,0,0,0,1.0,0.0,0,0.4764453172683716
7878,35,57,112,0,0,0,0,0,1.0,0.0,0,0.486096054315567
7879,4,91,73,0,0,0,0,0,1.0,0.0,0,0.5013640522956848
7880,34,61,65,0,0,0,0,0,1.0,0.0,0,0.4725531041622162
7881,19,72,49,0,0,0,0,0,1.0,0.0,0,0.5409876108169556
7882,18,1,208,0,0,0,0,0,1.0,0.0,0,0.5190324783325195
7883,3,74,38,0,0,0,0,0,1.0,0.0,0,0.5032182335853577
7884,24,73,91,0,0,0,0,0,1.0,0.0,0,0.5125697255134583
7885,61,122,245,0,0,0,0,0,1.0,0.0,0,0.4549160301685333
7886,18,116,181,0,0,0,0,0,1.0,0.0,0,0.5250742435455322
7887,13,112,151,0,0,0,0,0,1.0,0.0,0,0.4663948714733124
7888,50,71,177,0,0,0,0,0,1.0,0.0,0,0.47917547821998596
7889,10,112,38,0,0,0,0,0,1.0,0.0,0,0.5230649709701538
7890,46,55,221,0,0,0,0,0,1.0,0.0,0,0.5052632093429565
7891,18,3,71,0,0,0,0,0,1.0,0.0,0,0.568328320980072
7892,59,105,107,0,0,0,0,0,1.0,0.0,0,0.5312570333480835
7893,28,94,183,0,0,0,0,0,1.0,0.0,0,0.5238064527511597
7894,42,97,229,0,0,0,0,0,1.0,0.0,0,0.543904185295105
7895,42,87,231,0,0,0,0,0,1.0,0.0,0,0.5428367257118225
7896,6,76,157,0,0,0,0,0,1.0,0.0,0,0.5148422122001648
7897,6,42,140,0,0,0,0,0,1.0,0.3545759323431602,0,0.41817858815193176
7898,17,96,113,0,0,0,0,0,1.0,0.0,0,0.5444129109382629
7899,9,75,100,0,0,0,0,0,1.0,0.0,0,0.5367053151130676
7900,27,101,83,0,0,0,0,0,1.0,0.0,0,0.5228702425956726
7901,3,29,0,0,0,0,0,0,1.0,0.0,0,0.4497441053390503
7902,19,80,138,0,0,0,0,0,1.0,0.0,0,0.438160240650177
7903,28,89,234,0,0,0,0,0,1.0,0.0,0,0.5630002617835999
7904,24,29,178,0,0,0,0,0,1.0,0.0,0,0.5083142518997192
7905,46,105,195,0,0,0,0,0,1.0,0.0,0,0.4879362881183624
7906,14,1,52,0,0,0,0,0,1.0,0.0,0,0.5147338509559631
7907,46,111,132,0,0,0,0,0,1.0,0.0,0,0.4950317442417145
7908,12,78,191,0,0,0,0,0,1.0,0.376330741098441,0,0.5202166438102722
7909,52,101,244,0,0,0,0,0,1.0,0.0,0,0.4732978641986847
7910,9,88,68,0,0,0,0,0,1.0,0.0,0,0.525384783744812
7911,25,46,60,0,0,0,0,0,1.0,0.0,0,0.5901893377304077
7912,0,47,4,0,0,0,0,0,1.0,0.0,0,0.4780559241771698
7913,3,68,150,0,0,0,0,0,1.0,0.0,0,0.4883383810520172
7914,11,88,255,0,0,0,0,0,1.0,0.0,0,0.4551728367805481
7915,54,43,133,0,0,0,0,0,1.0,0.0,0,0.5033507943153381
7916,14,85,191,0,0,0,0,0,1.0,0.0,0,0.5655450820922852
7917,23,19,63,0,0,0,0,0,1.0,0.0,0,0.4802563786506653
7918,49,0,140,0,0,0,0,0,1.0,0.0,0,0.4351271688938141
7919,53,64,6,0,0,0,0,0,1.0,0.0,0,0.4502756595611572
7920,53,68,113,0,0,0,0,0,1.0,0.0,0,0.530919075012207
7921,53,7,25,0,0,0,0,0,1.0,0.0,0,0.49375346302986145
7922,14,29,145,0,0,0,0,0,1.0,0.0,0,0.47074416279792786
7923,18,75,247,0,0,0,0,0,1.0,0.0,0,0.45669296383857727
7924,34,46,127,0,0,0,0,0,1.0,0.0,0,0.4790888726711273
7925,59,59,104,0,0,0,0,0,1.0,0.0,0,0.5841897130012512
7926,19,122,41,0,0,0,0,0,1.0,0.0,0,0.49191293120384216
7927,10,9,179,0,0,0,0,0,1.0,0.0,0,0.5360698699951172
7928,57,121,179,0,0,0,0,0,1.0,0.0,0,0.5160704255104065
7929,3,107,203,0,0,0,0,0,1.0,0.0,0,0.471810519695282
7930,21,67,154,0,0,0,0,0,1.0,0.0,0,0.44914188981056213
7931,39,94,1,0,0,0,0,0,1.0,0.0,0,0.45877736806869507
7932,58,96,183,0,0,0,0,0,1.0,0.0,0,0.4669991433620453
7933,59,92,16,0,0,0,0,0,1.0,0.0,0,0.5424290299415588
7934,37,30,95,0,0,0,0,0,1.0,0.0,0,0.5043303370475769
7935,42,65,70,0,0,0,0,0,1.0,0.0,0,0.5378040075302124
7936,45,41,65,0,0,0,0,0,1.0,0.0,0,0.49178844690322876
7937,35,31,9,0,0,0,0,0,1.0,0.0,0,0.48868897557258606
7938,12,100,251,0,0,0,0,0,1.0,0.0,0,0.5098506808280945
7939,13,124,64,0,0,0,0,0,1.0,0.0,0,0.47957098484039307
7940,63,26,214,0,0,0,0,0,1.0,0.0,0,0.48903465270996094
7941,22,52,69,0,0,0,0,0,1.0,0.0,0,0.48579612374305725
7942,11,24,208,0,0,0,0,0,1.0,0.0,0,0.4891749322414398
7943,63,46,7,0,0,0,0,0,1.0,0.0,0,0.4935668110847473
7944,9,94,65,0,0,0,0,0,1.0,0.0,0,0.5340919494628906
7945,47,75,165,0,0,0,0,0,1.0,0.0,0,0.4517938196659088
7946,22,16,240,0,0,0,0,0,1.0,0.0,0,0.5917689204216003
7947,25,98,251,0,0,0,0,0,1.0,0.0,0,0.5112549066543579
7948,58,41,142,0,0,0,0,0,1.0,0.0,0,0.5158669352531433
7949,43,120,78,0,0,0,0,0,1.0,0.0,0,0.4960574507713318
7950,33,6,142,0,0,0,0,0,1.0,0.0,0,0.5160414576530457
7951,27,111,125,0,0,0,0,0,1.0,0.0,0,0.5819836854934692
7952,10,105,217,0,0,0,0,0,1.0,0.0,0,0.5463930368423462
7953,30,113,162,0,0,0,0,0,1.0,0.0,0,0.4732308089733124
7954,47,119,242,0,0,0,0,0,1.0,0.0,0,0.5603746175765991
7955,2,102,137,0,0,0,0,0,1.0,0.0,0,0.4941927194595337
7956,42,23,110,0,0,0,0,0,1.0,0.0,0,0.5183996558189392
7957,22,25,45,0,0,0,0,0,1.0,0.0,0,0.5438852906227112
7958,62,41,169,0,0,0,0,0,1.0,0.0,0,0.5186735987663269
7959,10,111,236,0,0,0,0,0,1.0,0.0,0,0.5361356735229492
7960,49,113,165,0,0,0,0,0,1.0,0.0,0,0.5362657308578491
7961,20,119,39,0,0,0,0,0,1.0,0.0,0,0.5286400318145752
7962,47,102,146,0,0,0,0,0,1.0,0.0,0,0.5845460891723633
7963,25,59,217,0,0,0,0,0,1.0,0.0,0,0.512567400932312
7964,30,74,8,0,0,0,0,0,1.0,0.0,0,0.4443710148334503
7965,45,48,113,0,0,0,0,0,1.0,0.0,0,0.4609532654285431
7966,12,17,117,0,0,0,0,0,1.0,0.0,0,0.5710979700088501
7967,12,120,58,0,0,0,0,0,1.0,0.0,0,0.4994402527809143
7968,29,23,97,0,0,0,0,0,1.0,0.0,0,0.4629991054534912
7969,7,112,178,0,0,0,0,0,1.0,0.0,0,0.5380743145942688
7970,39,3,199,0,0,0,0,0,1.0,0.0,0,0.5229887962341309
7971,39,37,28,0,0,0,0,0,0.5,0.0,0,0.5521615147590637
7972,40,6,242,0,0,0,0,0,1.0,0.0,0,0.5043478012084961
7973,9,125,118,0,0,0,0,0,1.0,0.0,0,0.496692031621933
7974,10,87,129,0,0,0,0,0,1.0,0.0,0,0.5772843956947327
7975,56,40,228,0,0,0,0,0,1.0,0.0,0,0.5392164587974548
7976,18,68,230,0,0,0,0,0,1.0,0.0,0,0.47698482871055603
7977,32,90,226,0,0,0,0,0,1.0,0.0,0,0.5206782817840576
7978,59,102,138,0,0,0,0,0,1.0,0.0,0,0.4595353603363037
7979,4,88,146,0,0,0,0,0,1.0,0.0,0,0.4795108139514923
7980,42,23,164,0,0,0,0,0,1.0,0.0,0,0.5501823425292969
7981,10,107,122,0,0,0,0,0,1.0,0.0,0,0.5952585935592651
7982,22,42,56,0,0,0,0,0,1.0,0.0,0,0.5228254199028015
7983,59,41,218,0,0,0,0,0,1.0,0.0,0,0.5300028324127197
7984,63,117,191,0,0,0,0,0,1.0,0.0,0,0.5225791931152344
7985,39,49,235,0,0,0,0,0,1.0,0.0,0,0.47184908390045166
7986,19,91,189,0,0,0,0,0,1.0,0.0,0,0.49438607692718506
7987,7,83,249,0,0,0,0,0,1.0,0.0,0,0.54976487159729
7988,53,75,83,0,0,0,0,0,1.0,0.0,0,0.4787842929363251
7989,49,123,187,0,0,0,0,0,1.0,0.0,0,0.4548211991786957
7990,33,95,117,0,0,0,0,0,1.0,0.0,0,0.47165215015411377
7991,47,104,41,0,0,0,0,0,1.0,0.0,0,0.5223079919815063
7992,1,115,3,0,0,0,0,0,1.0,0.0,0,0.5239689946174622
7993,11,4,216,0,0,0,0,0,1.0,0.0,0,0.4789728820323944
7994,11,110,148,0,0,0,0,0,1.0,0.0,0,0.44460996985435486
7995,47,46,174,0,0,0,0,0,1.0,0.0,0,0.484585702419281
7996,56,96,167,0,0,0,0,0,1.0,0.0,0,0.535416841506958
7997,32,20,59,0,0,0,0,0,1.0,0.0,0,0.5415252447128296
7998,50,51,90,0,0,0,0,0,1.0,0.0,0,0.5238092541694641
7999,33,26,44,0,0,0,0,0,1.0,0.0,0,0.4405268132686615
8000,62,53,231,0,0,0,0,0,1.0,0.0,0,0.5219039916992188
8001,62,57,8,0,0,0,0,0,1.0,0.0,0,0.5308502912521362
8002,42,55,211,0,0,0,0,0,1.0,0.0,0,0.479152113199234
8003,34,33,19,0,0,0,0,0,1.0,0.0,0,0.4542160630226135
8004,58,61,130,0,0,0,0,0,1.0,0.0,0,0.44385480880737305
8005,24,8,192,0,0,0,0,0,1.0,0.0,0,0.6160368323326111
8006,27,104,108,0,0,0,0,0,1.0,0.0,0,0.5139000415802002
8007,18,57,24,0,0,0,0,0,1.0,0.0,0,0.5242152810096741
8008,16,71,151,0,0,0,0,0,1.0,0.0,0,0.4789429008960724
8009,22,89,234,0,0,0,0,0,1.0,0.0,0,0.540198564529419
8010,8,51,104,0,0,0,0,0,1.0,0.0,0,0.4825625419616699
8011,2,31,84,0,0,0,0,0,1.0,0.0,0,0.44935286045074463
8012,26,5,84,0,0,0,0,0,1.0,0.0,0,0.48495057225227356
8013,35,38,114,0,0,0,0,0,1.0,0.0,0,0.5253177881240845
8014,4,83,26,0,0,0,0,0,1.0,0.0,0,0.4880666434764862
8015,5,18,186,0,0,0,0,0,1.0,0.0,0,0.5318582653999329
8016,3,10,1,0,0,0,0,0,1.0,0.0,0,0.4609886109828949
8017,4,61,36,0,0,0,0,0,1.0,0.0,0,0.47495949268341064
8018,30,4,8,0,0,0,0,0,1.0,0.0,0,0.493652880191803
8019,35,95,115,0,0,0,0,0,1.0,0.0,0,0.476565957069397
8020,11,47,160,0,0,0,0,0,1.0,0.0,0,0.5305306911468506
8021,14,76,200,0,0,0,0,0,1.0,0.4225345498727699,0,0.5626500844955444
8022,46,96,122,0,0,0,0,0,1.0,0.0,0,0.5485204458236694
8023,60,4,100,0,0,0,0,0,1.0,0.0,0,0.5170391201972961
8024,12,12,251,0,0,0,0,0,1.0,0.0,0,0.5297538638114929
8025,35,60,157,0,0,0,0,0,1.0,0.0,0,0.467579185962677
8026,0,92,107,0,0,0,0,0,1.0,0.0,0,0.5407007336616516
8027,4,23,34,0,0,0,0,0,1.0,0.0,0,0.5050094127655029
8028,2,13,11,0,0,0,0,0,1.0,0.0,0,0.47451767325401306
8029,55,14,169,0,0,0,0,0,1.0,0.0,0,0.48609408736228943
8030,61,31,134,0,0,0,0,0,1.0,0.0,0,0.5061110258102417
8031,11,47,192,0,0,0,0,0,1.0,0.0,0,0.49508875608444214
8032,61,116,175,0,0,0,0,0,1.0,0.0,0,0.5095764994621277
8033,47,108,3,0,0,0,0,0,1.0,0.0,0,0.5028029084205627
8034,10,80,196,0,0,0,0,0,1.0,0.0,0,0.4971838593482971
8035,58,32,87,0,0,0,0,0,1.0,0.0,0,0.4421157240867615
8036,34,22,44,0,0,0,0,0,1.0,0.0,0,0.4601441025733948
8037,44,35,116,0,0,0,0,0,1.0,0.0,0,0.5067100524902344
8038,47,120,245,0,0,0,0,0,1.0,0.0,0,0.5969588160514832
8039,4,109,132,0,0,0,0,0,1.0,0.0,0,0.4735674560070038
8040,8,79,116,0,0,0,0,0,1.0,0.0,0,0.547540009021759
8041,2,59,222,0,0,0,0,0,1.0,0.0,0,0.48904353380203247
8042,8,32,73,0,0,0,0,0,1.0,0.0,0,0.5212410092353821
8043,14,115,191,0,0,0,0,0,1.0,0.0,0,0.46691542863845825
8044,5,122,51,0,0,0,0,0,1.0,0.0,0,0.4515736401081085
8045,14,5,0,0,0,0,0,0,1.0,0.0,0,0.5433152318000793
8046,43,15,41,0,0,0,0,0,1.0,0.0,0,0.5315497517585754
8047,46,16,171,0,0,0,0,0,1.0,0.0,0,0.4679313600063324
8048,47,67,180,0,0,0,0,0,1.0,0.0,0,0.5337293744087219
8049,49,25,104,0,0,0,0,0,1.0,0.341717382002442,0,0.4833531379699707
8050,46,85,42,0,0,0,0,0,1.0,0.0,0,0.4786650240421295
8051,15,57,111,0,0,0,0,0,1.0,0.0,0,0.4928600490093231
8052,15,75,50,0,0,0,0,0,1.0,0.0,0,0.462431401014328
8053,15,125,179,0,0,0,0,0,1.0,0.0,0,0.4851539731025696
8054,39,103,163,0,0,0,0,0,1.0,0.0,0,0.5079159736633301
8055,48,33,227,0,0,0,0,0,1.0,0.0,0,0.5435000658035278
8056,59,90,20,0,0,0,0,0,1.0,0.0,0,0.4556695818901062
8057,53,83,238,0,0,0,0,0,1.0,0.0,0,0.5174673199653625
8058,31,110,101,0,0,0,0,0,1.0,0.0,0,0.48882460594177246
8059,6,127,141,0,0,0,0,0,1.0,0.0,0,0.5291913747787476
8060,3,96,61,0,0,0,0,0,1.0,0.0,0,0.5357089042663574
8061,13,3,141,0,0,0,0,0,1.0,0.0,0,0.4804147779941559
8062,17,16,88,0,0,0,0,0,1.0,0.0,0,0.536788284778595
8063,39,113,49,0,0,0,0,0,1.0,0.0,0,0.4063331186771393
8064,8,3,101,0,0,0,0,0,1.0,0.0,0,0.4963649809360504
8065,60,108,15,0,0,0,0,0,1.0,0.0,0,0.6020118594169617
8066,26,46,100,0,0,0,0,0,1.0,0.0,0,0.48318201303482056
8067,20,118,144,0,0,0,0,0,1.0,0.0,0,0.511008083820343
8068,34,101,146,0,0,0,0,0,1.0,0.0,0,0.4412062168121338
8069,27,17,133,0,0,0,0,0,1.0,0.0,0,0.5524955987930298
8070,49,115,121,0,0,0,0,0,1.0,0.0,0,0.46605995297431946
8071,23,78,106,0,0,0,0,0,1.0,0.0,0,0.5310341119766235
8072,45,63,48,0,0,0,0,0,1.0,0.0,0,0.5002270340919495
8073,15,91,227,0,0,0,0,0,1.0,0.0,0,0.5326007604598999
8074,28,49,20,0,0,0,0,0,1.0,0.0,0,0.49057891964912415
8075,33,77,53,0,0,0,0,0,1.0,0.0,0,0.411467969417572
8076,30,21,173,0,0,0,0,0,1.0,0.0,0,0.515438437461853
8077,44,124,213,0,0,0,0,0,1.0,0.328171542115134,0,0.4702834188938141
8078,37,101,229,0,0,0,0,0,1.0,0.0,0,0.4815727174282074
8079,39,80,201,0,0,0,0,0,1.0,0.0,0,0.5110195279121399
8080,39,76,59,0,0,0,0,0,1.0,0.0,0,0.4983936548233032
8081,27,88,63,0,0,0,0,0,1.0,0.0,0,0.5164892077445984
8082,34,23,195,0,0,0,0,0,1.0,0.0,0,0.5537225008010864
8083,13,52,68,0,0,0,0,0,1.0,0.0,0,0.4796251654624939
8084,63,76,79,0,0,0,0,0,1.0,0.0,0,0.548725962638855
8085,63,7,165,0,0,0,0,0,1.0,0.0,0,0.5393816232681274
8086,37,64,112,0,0,0,0,0,1.0,0.0,0,0.5201603174209595
8087,18,107,69,0,0,0,0,0,1.0,0.0,0,0.5032395720481873
8088,56,113,102,0,0,0,0,0,1.0,0.0,0,0.47968819737434387
8089,34,66,88,0,0,0,0,0,1.0,0.0,0,0.4834122061729431
8090,35,122,95,0,0,0,0,0,1.0,0.0,0,0.46960902214050293
8091,9,24,255,0,0,0,0,0,1.0,0.0,0,0.55040043592453
8092,6,100,172,0,0,0,0,0,1.0,0.0,0,0.4705650806427002
8093,4,61,188,0,0,0,0,0,1.0,0.0,0,0.475750595331192
8094,63,23,89,0,0,0,0,0,1.0,0.0,0,0.45637986063957214
8095,11,18,162,0,0,0,0,0,1.0,0.0,0,0.4779084622859955
8096,16,78,234,0,0,0,0,0,1.0,0.0,0,0.4929327666759491
8097,19,95,81,0,0,0,0,0,1.0,0.0,0,0.4878418445587158
8098,4,22,39,0,0,0,0,0,1.0,0.0,0,0.41991469264030457
8099,2,67,85,0,0,0,0,0,1.0,0.0,0,0.4609476327896118
8100,52,124,21,0,0,0,0,0,1.0,0.0,0,0.5153917074203491
8101,63,23,181,0,0,0,0,0,1.0,0.0,0,0.4884257912635803
8102,15,62,70,0,0,0,0,0,1.0,0.0,0,0.47532224655151367
8103,15,23,63,0,0,0,0,0,1.0,0.0,0,0.4454164505004883
8104,15,25,194,0,0,0,0,0,1.0,0.0,0,0.4886333644390106
8105,26,101,108,0,0,0,0,0,1.0,0.0,0,0.5181905031204224
8106,33,86,92,0,0,0,0,0,1.0,0.0,0,0.5021871328353882
8107,39,95,235,0,0,0,0,0,1.0,0.0,0,0.5377675294876099
8108,2,30,254,0,0,0,0,0,1.0,0.0,0,0.41518205404281616
8109,16,88,208,0,0,0,0,0,1.0,0.0,0,0.5226755142211914
8110,43,78,38,0,0,0,0,0,1.0,0.35332260729900355,0,0.5583767890930176
8111,43,73,4,0,0,0,0,0,1.0,0.0,0,0.5976076722145081
8112,14,84,181,0,0,0,0,0,1.0,0.0,0,0.5035068392753601
8113,43,24,113,0,0,0,0,0,1.0,0.0,0,0.5732383131980896
8114,12,34,94,0,0,0,0,0,1.0,0.0,0,0.5203904509544373
8115,35,7,253,0,0,0,0,0,1.0,0.0,0,0.4666344225406647
8116,4,71,212,0,0,0,0,0,1.0,0.0,0,0.4923122227191925
8117,52,86,184,0,0,0,0,0,1.0,0.0,0,0.475473016500473
8118,17,5,87,0,0,0,0,0,1.0,0.0,0,0.46888646483421326
8119,9,75,145,0,0,0,0,0,1.0,0.0,0,0.45741790533065796
8120,24,36,207,0,0,0,0,0,1.0,0.0,0,0.5128893852233887
8121,8,114,148,0,0,0,0,0,1.0,0.0,0,0.4654389023780823
8122,3,2,62,0,0,0,0,0,1.0,0.0,0,0.4628502428531647
8123,57,13,95,0,0,0,0,0,1.0,0.0,0,0.5008272528648376
8124,3,93,100,0,0,0,0,0,1.0,0.0,0,0.5168683528900146
8125,63,29,42,0,0,0,0,0,1.0,0.0,0,0.443553626537323
8126,23,79,120,0,0,0,0,0,1.0,0.0,0,0.4826890826225281
8127,8,82,201,0,0,0,0,0,1.0,0.0,0,0.5383180379867554
8128,26,62,10,0,0,0,0,0,1.0,0.0,0,0.5094513297080994
8129,54,89,4,0,0,0,0,0,1.0,0.0,0,0.4945002794265747
8130,11,22,215,0,0,0,0,0,1.0,0.0,0,0.5018006563186646
8131,30,82,204,0,0,0,0,0,1.0,0.0,0,0.398069828748703
8132,37,78,195,0,0,0,0,0,1.0,0.0,0,0.5187767148017883
8133,44,90,174,0,0,0,0,0,1.0,0.0,0,0.45955657958984375
8134,37,119,141,0,0,0,0,0,1.0,0.0,0,0.48191335797309875
8135,51,2,233,0,0,0,0,0,1.0,0.0,0,0.49545878171920776
8136,2,112,8,0,0,0,0,0,1.0,0.0,0,0.4987289607524872
8137,2,112,137,0,0,0,0,0,1.0,0.0,0,0.4607582092285156
8138,39,114,226,0,0,0,0,0,1.0,0.0,0,0.5077976584434509
8139,49,96,50,0,0,0,0,0,1.0,0.0,0,0.5464197397232056
8140,63,36,91,0,0,0,0,0,1.0,0.0,0,0.510673999786377
8141,33,50,167,0,0,0,0,0,1.0,0.0,0,0.43948274850845337
8142,14,29,137,0,0,0,0,0,1.0,0.0,0,0.5050134062767029
8143,26,15,114,0,0,0,0,0,1.0,0.0,0,0.4548510015010834
8144,35,47,46,0,0,0,0,0,1.0,0.0,0,0.4971318542957306
8145,32,51,74,0,0,0,0,0,1.0,0.0,0,0.5741118788719177
8146,44,26,141,0,0,0,0,0,1.0,0.0,0,0.5260705351829529
8147,34,27,186,0,0,0,0,0,1.0,0.0,0,0.4748021066188812
8148,24,75,178,0,0,0,0,0,1.0,0.0,0,0.5535659193992615
8149,35,13,57,0,0,0,0,0,1.0,0.0,0,0.5500372648239136
8150,8,68,136,0,0,0,0,0,1.0,0.0,0,0.503189206123352
8151,4,22,98,0,0,0,0,0,1.0,0.0,0,0.5036990642547607
8152,53,58,224,0,0,0,0,0,1.0,0.0,0,0.4630928933620453
8153,27,0,87,0,0,0,0,0,1.0,0.0,0,0.5242090821266174
8154,8,17,67,0,0,0,0,0,1.0,0.0,0,0.4782504737377167
8155,24,41,51,0,0,0,0,0,1.0,0.0,0,0.5107871294021606
8156,12,64,171,0,0,0,0,0,1.0,0.0,0,0.5490239858627319
8157,60,20,89,0,0,0,0,0,1.0,0.0,0,0.5457831621170044
8158,63,61,216,0,0,0,0,0,1.0,0.0,0,0.4774990379810333
8159,36,30,14,0,0,0,0,0,1.0,0.0,0,0.45846113562583923
8160,44,12,104,0,0,0,0,0,1.0,0.0,0,0.5066998600959778
8161,13,31,17,0,0,0,0,0,1.0,0.0,0,0.5169926285743713
8162,49,62,86,0,0,0,0,0,1.0,0.0,0,0.4867383539676666
8163,55,66,212,0,0,0,0,0,1.0,0.0,0,0.46548181772232056
8164,59,45,56,0,0,0,0,0,1.0,0.0,0,0.5483414530754089
8165,32,117,243,0,0,0,0,0,1.0,0.3537482048982776,0,0.4707042872905731
8166,14,105,207,0,0,0,0,0,1.0,0.3658275826125172,0,0.5046813488006592
8167,30,6,226,0,0,0,0,0,1.0,0.0,0,0.4627647399902344
8168,8,101,1,0,0,0,0,0,1.0,0.0,0,0.49005529284477234
8169,30,94,57,0,0,0,0,0,1.0,0.0,0,0.5119807124137878
8170,13,13,51,0,0,0,0,0,1.0,0.0,0,0.4412367641925812
8171,8,67,138,0,0,0,0,0,1.0,0.0,0,0.49652424454689026
8172,45,19,36,0,0,0,0,0,1.0,0.0,0,0.48745590448379517
8173,16,15,253,0,0,0,0,0,1.0,0.0,0,0.48947733640670776
8174,34,56,52,0,0,0,0,0,1.0,0.0,0,0.4685482680797577
8175,55,7,175,0,0,0,0,0,1.0,0.0,0,0.5070357918739319
8176,38,103,219,0,0,0,0,0,1.0,0.0,0,0.5268747806549072
8177,18,94,227,0,0,0,0,0,1.0,0.0,0,0.48542025685310364
8178,42,119,65,0,0,0,0,0,1.0,0.0,0,0.5232242345809937
8179,49,118,83,0,0,0,0,0,1.0,0.30922674680268847,0,0.43738457560539246
8180,5,65,93,0,0,0,0,0,1.0,0.0,0,0.4994436204433441
8181,20,72,202,0,0,0,0,0,1.0,0.0,0,0.5283429026603699
8182,14,84,123,0,0,0,0,0,1.0,0.0,0,0.5075159668922424
8183,43,112,9,0,0,0,0,0,1.0,0.0,0,0.5346046090126038
8184,0,127,175,0,0,0,0,0,1.0,0.0,0,0.47238048911094666
8185,49,104,152,0,0,0,0,0,1.0,0.0,0,0.46554672718048096
8186,25,107,187,0,0,0,0,0,1.0,0.0,0,0.5482869148254395
8187,51,9,80,0,0,0,0,0,1.0,0.0,0,0.4988323748111725
8188,36,38,53,0,0,0,0,0,1.0,0.0,0,0.448148638010025
8189,42,97,4,0,0,0,0,0,1.0,0.0,0,0.5370470285415649
8190,8,74,46,0,0,0,0,0,1.0,0.0,0,0.4803321659564972
8191,6,107,166,0,0,0,0,0,1.0,0.0,0,0.559870183467865
8192,6,27,212,0,0,0,0,0,1.0,0.0,0,0.4599490761756897
8193,52,15,193,0,0,0,0,0,1.0,0.0,0,0.44569674134254456
8194,7,112,135,0,0,0,0,0,1.0,0.0,0,0.49023503065109253
8195,60,18,33,0,0,0,0,0,1.0,0.0,0,0.5593209862709045
8196,49,13,56,0,0,0,0,0,1.0,0.0,0,0.451934814453125
8197,60,12,214,0,0,0,0,0,1.0,0.0,0,0.5135114789009094
8198,44,33,23,0,0,0,0,0,1.0,0.0,0,0.5211150646209717
8199,22,33,146,0,0,0,0,0,1.0,0.0,0,0.5157448053359985
8200,27,32,20,0,0,0,0,0,1.0,0.0,0,0.4522134065628052
8201,30,24,243,0,0,0,0,0,1.0,0.0,0,0.4741102457046509
8202,42,107,108,0,0,0,0,0,1.0,0.0,0,0.4824230670928955
8203,3,2,113,0,0,0,0,0,1.0,0.0,0,0.48361653089523315
8204,5,60,84,0,0,0,0,0,1.0,0.0,0,0.47038084268569946
8205,46,85,135,0,0,0,0,0,1.0,0.0,0,0.47409406304359436
8206,14,51,161,0,0,0,0,0,1.0,0.0,0,0.5195073485374451
8207,46,14,32,0,0,0,0,0,1.0,0.0,0,0.48705610632896423
8208,54,93,204,0,0,0,0,0,1.0,0.0,0,0.5179150104522705
8209,40,4,186,0,0,0,0,0,1.0,0.0,0,0.46629777550697327
8210,48,123,128,0,0,0,0,0,1.0,0.0,0,0.5080584287643433
8211,39,63,103,0,0,0,0,0,1.0,0.0,0,0.522657036781311
8212,53,16,154,0,0,0,0,0,1.0,0.0,0,0.5085335373878479
8213,11,116,26,0,0,0,0,0,1.0,0.0,0,0.45158764719963074
8214,0,56,112,0,0,0,0,0,1.0,0.0,0,0.46833378076553345
8215,3,75,26,0,0,0,0,0,1.0,0.0,0,0.45257142186164856
8216,26,94,155,0,0,0,0,0,1.0,0.0,0,0.4922017455101013
8217,27,71,96,0,0,0,0,0,1.0,0.0,0,0.536529004573822
8218,27,29,179,0,0,0,0,0,1.0,0.0,0,0.4539014399051666
8219,20,60,135,0,0,0,0,0,1.0,0.0,0,0.5008153319358826
8220,60,29,22,0,0,0,0,0,1.0,0.0,0,0.5386748909950256
8221,37,51,241,0,0,0,0,0,1.0,0.0,0,0.50276780128479
8222,42,20,205,0,0,0,0,0,1.0,0.0,0,0.5050302147865295
8223,13,84,212,0,0,0,0,0,1.0,0.0,0,0.44286373257637024
8224,45,6,207,0,0,0,0,0,1.0,0.0,0,0.5201418399810791
8225,51,61,104,0,0,0,0,0,1.0,0.0,0,0.4442906975746155
8226,34,74,232,0,0,0,0,0,1.0,0.0,0,0.4877881407737732
8227,28,74,158,0,0,0,0,0,1.0,0.0,0,0.4922080338001251
8228,13,85,199,0,0,0,0,0,1.0,0.0,0,0.5587781667709351
8229,44,67,177,0,0,0,0,0,1.0,0.0,0,0.4880662262439728
8230,45,116,168,0,0,0,0,0,1.0,0.0,0,0.542665421962738
8231,36,125,150,0,0,0,0,0,1.0,0.0,0,0.443892240524292
8232,49,78,116,0,0,0,0,0,1.0,0.0,0,0.5152907967567444
8233,38,17,160,0,0,0,0,0,1.0,0.0,0,0.5447218418121338
8234,24,98,179,0,0,0,0,0,1.0,0.0,0,0.5424230098724365
8235,28,124,116,0,0,0,0,0,1.0,0.0,0,0.47753551602363586
8236,28,85,31,0,0,0,0,0,1.0,0.0,0,0.5420103073120117
8237,6,46,179,0,0,0,0,0,1.0,0.0,0,0.5142999291419983
8238,14,81,114,0,0,0,0,0,1.0,0.0,0,0.5597885847091675
8239,44,98,188,0,0,0,0,0,1.0,0.0,0,0.5386728048324585
8240,7,41,118,0,0,0,0,0,1.0,0.0,0,0.575468122959137
8241,19,53,133,0,0,0,0,0,1.0,0.0,0,0.5134950280189514
8242,4,45,243,0,0,0,0,0,1.0,0.0,0,0.47919243574142456
8243,4,6,14,0,0,0,0,0,1.0,0.0,0,0.5272051692008972
8244,38,124,217,0,0,0,0,0,1.0,0.0,0,0.5477277636528015
8245,0,100,56,0,0,0,0,0,1.0,0.0,0,0.4588090181350708
8246,4,9,169,0,0,0,0,0,1.0,0.0,0,0.5018948912620544
8247,16,113,42,0,0,0,0,0,1.0,0.0,0,0.48824307322502136
8248,3,52,145,0,0,0,0,0,1.0,0.0,0,0.47463735938072205
8249,50,23,42,0,0,0,0,0,1.0,0.0,0,0.5025786757469177
8250,49,23,67,0,0,0,0,0,1.0,0.0,0,0.5465030670166016
8251,29,57,52,0,0,0,0,0,1.0,0.0,0,0.44392237067222595
8252,28,114,42,0,0,0,0,0,1.0,0.0,0,0.5306780338287354
8253,61,120,151,0,0,0,0,0,1.0,0.0,0,0.5080313682556152
8254,13,40,52,0,0,0,0,0,1.0,0.0,0,0.48198074102401733
8255,31,0,100,0,0,0,0,0,1.0,0.0,0,0.4694458246231079
8256,51,54,222,0,0,0,0,0,1.0,0.0,0,0.5231021046638489
8257,62,50,204,0,0,0,0,0,1.0,0.0,0,0.5497650504112244
8258,56,89,38,0,0,0,0,0,1.0,0.0,0,0.4292426109313965
8259,9,115,90,0,0,0,0,0,1.0,0.0,0,0.47355836629867554
8260,35,30,224,0,0,0,0,0,1.0,0.0,0,0.40948131680488586
8261,8,52,208,0,0,0,0,0,1.0,0.3785669999227342,0,0.5134624242782593
8262,52,51,28,0,0,0,0,0,1.0,0.0,0,0.4579905569553375
8263,31,22,66,0,0,0,0,0,1.0,0.0,0,0.4291049540042877
8264,59,45,253,0,0,0,0,0,1.0,0.0,0,0.4763185381889343
8265,9,75,36,0,0,0,0,0,1.0,0.0,0,0.47003841400146484
8266,24,24,57,0,0,0,0,0,1.0,0.0,0,0.5291320085525513
8267,34,79,240,0,0,0,0,0,1.0,0.0,0,0.45524582266807556
8268,2,125,139,0,0,0,0,0,1.0,0.0,0,0.4833475947380066
8269,5,14,3,0,0,0,0,0,1.0,0.0,0,0.49358266592025757
8270,6,1,98,0,0,0,0,0,1.0,0.0,0,0.5578272342681885
8271,56,1,82,0,0,0,0,0,1.0,0.0,0,0.4784153699874878
8272,8,94,90,0,0,0,0,0,1.0,0.0,0,0.42052075266838074
8273,38,115,172,0,0,0,0,0,1.0,0.0,0,0.5198830962181091
8274,17,22,115,0,0,0,0,0,1.0,0.0,0,0.5221753120422363
8275,49,82,98,0,0,0,0,0,1.0,0.0,0,0.4985519349575043
8276,3,42,158,0,0,0,0,0,1.0,0.0,0,0.4927699863910675
8277,28,114,158,0,0,0,0,0,1.0,0.0,0,0.5081306099891663
8278,44,47,54,0,0,0,0,0,1.0,0.0,0,0.479487806558609
8279,0,73,165,0,0,0,0,0,1.0,0.0,0,0.4744833707809448
8280,10,127,104,0,0,0,0,0,1.0,0.0,0,0.5018151998519897
8281,58,58,209,0,0,0,0,0,1.0,0.0,0,0.4316251277923584
8282,46,31,61,0,0,0,0,0,1.0,0.0,0,0.5203186869621277
8283,37,37,254,0,0,0,0,0,1.0,0.0,0,0.47926971316337585
8284,31,42,111,0,0,0,0,0,1.0,0.0,0,0.506483256816864
8285,14,35,111,0,0,0,0,0,1.0,0.0,0,0.5273590087890625
8286,61,16,186,0,0,0,0,0,1.0,0.0,0,0.5275624990463257
8287,61,27,36,0,0,0,0,0,1.0,0.0,0,0.4059423506259918
8288,42,87,22,0,0,0,0,0,1.0,0.0,0,0.5262110233306885
8289,42,39,220,0,0,0,0,0,1.0,0.0,0,0.5682441592216492
8290,48,56,199,0,0,0,0,0,1.0,0.0,0,0.5633234977722168
8291,62,121,126,0,0,0,0,0,1.0,0.0,0,0.5755807161331177
8292,63,64,38,0,0,0,0,0,1.0,0.0,0,0.5140700936317444
8293,62,23,4,0,0,0,0,0,1.0,0.0,0,0.48693472146987915
8294,23,98,201,0,0,0,0,0,1.0,0.0,0,0.5177721381187439
8295,2,59,108,0,0,0,0,0,1.0,0.0,0,0.47727009654045105
8296,51,64,165,0,0,0,0,0,1.0,0.0,0,0.45810046792030334
8297,39,74,117,0,0,0,0,0,1.0,0.0,0,0.49936652183532715
8298,14,66,216,0,0,0,0,0,1.0,0.0,0,0.48002249002456665
8299,61,4,5,0,0,0,0,0,1.0,0.0,0,0.5208680629730225
8300,13,37,3,0,0,0,0,0,1.0,0.0,0,0.46959829330444336
8301,37,94,232,0,0,0,0,0,1.0,0.0,0,0.5121647119522095
8302,29,66,58,0,0,0,0,0,1.0,0.0,0,0.45909178256988525
8303,57,40,214,0,0,0,0,0,1.0,0.0,0,0.5162174105644226
8304,54,123,36,0,0,0,0,0,1.0,0.0,0,0.44249632954597473
8305,54,67,24,0,0,0,0,0,1.0,0.0,0,0.5032256245613098
8306,47,117,22,0,0,0,0,0,1.0,0.0,0,0.5419905781745911
8307,35,40,246,0,0,0,0,0,1.0,0.0,0,0.5145241618156433
8308,5,34,144,0,0,0,0,0,1.0,0.0,0,0.4858763813972473
8309,21,67,85,0,0,0,0,0,1.0,0.0,0,0.4693377912044525
8310,28,46,55,0,0,0,0,0,1.0,0.0,0,0.5279131531715393
8311,28,11,55,0,0,0,0,0,1.0,0.0,0,0.5917966961860657
8312,28,123,176,0,0,0,0,0,1.0,0.0,0,0.4984118938446045
8313,31,1,99,0,0,0,0,0,1.0,0.0,0,0.49058735370635986
8314,15,86,171,0,0,0,0,0,1.0,0.0,0,0.4531949758529663
8315,51,7,190,0,0,0,0,0,1.0,0.0,0,0.47729218006134033
8316,15,5,136,0,0,0,0,0,1.0,0.0,0,0.4650493860244751
8317,42,40,89,0,0,0,0,0,1.0,0.0,0,0.5218802690505981
8318,47,111,38,0,0,0,0,0,1.0,0.0,0,0.5562781691551208
8319,29,113,58,0,0,0,0,0,1.0,0.0,0,0.5085853934288025
8320,4,24,44,0,0,0,0,0,1.0,0.0,0,0.5614122748374939
8321,15,94,62,0,0,0,0,0,1.0,0.0,0,0.4727233052253723
8322,15,62,87,0,0,0,0,0,1.0,0.0,0,0.46890705823898315
8323,15,16,81,0,0,0,0,0,1.0,0.0,0,0.48622816801071167
8324,51,120,90,0,0,0,0,0,1.0,0.0,0,0.44248366355895996
8325,15,127,37,0,0,0,0,0,1.0,0.0,0,0.537459135055542
8326,62,16,98,0,0,0,0,0,1.0,0.0,0,0.5805614590644836
8327,34,6,151,0,0,0,0,0,1.0,0.0,0,0.5104857683181763
8328,46,75,84,0,0,0,0,0,1.0,0.0,0,0.4427896738052368
8329,8,50,158,0,0,0,0,0,1.0,0.0,0,0.5555921196937561
8330,61,83,22,0,0,0,0,0,1.0,0.0,0,0.5267104506492615
8331,61,38,172,0,0,0,0,0,1.0,0.0,0,0.4520784020423889
8332,39,83,193,0,0,0,0,0,1.0,0.0,0,0.5287415981292725
8333,36,42,210,0,0,0,0,0,1.0,0.0,0,0.44241753220558167
8334,63,52,156,0,0,0,0,0,1.0,0.0,0,0.4925447404384613
8335,3,97,80,0,0,0,0,0,1.0,0.0,0,0.47367334365844727
8336,13,13,12,0,0,0,0,0,1.0,0.0,0,0.4949934780597687
8337,51,126,18,0,0,0,0,0,1.0,0.0,0,0.4560146629810333
8338,56,63,37,0,0,0,0,0,1.0,0.0,0,0.48570114374160767
8339,15,5,206,0,0,0,0,0,1.0,0.0,0,0.5144684314727783
8340,8,9,227,0,0,0,0,0,1.0,0.0,0,0.5152466297149658
8341,39,39,188,0,0,0,0,0,1.0,0.0,0,0.5035372376441956
8342,39,43,58,0,0,0,0,0,1.0,0.0,0,0.4723227024078369
8343,63,26,62,0,0,0,0,0,1.0,0.0,0,0.4736478626728058
8344,33,7,198,0,0,0,0,0,1.0,0.0,0,0.4334909915924072
8345,9,84,49,0,0,0,0,0,1.0,0.0,0,0.48046445846557617
8346,16,63,86,0,0,0,0,0,1.0,0.0,0,0.49286848306655884
8347,62,46,241,0,0,0,0,0,1.0,0.0,0,0.5059633255004883
8348,3,37,177,0,0,0,0,0,1.0,0.0,0,0.4911409616470337
8349,57,6,137,0,0,0,0,0,1.0,0.0,0,0.46206650137901306
8350,41,59,163,0,0,0,0,0,1.0,0.0,0,0.5029736161231995
8351,20,61,17,0,0,0,0,0,1.0,0.0,0,0.5174379944801331
8352,36,74,0,0,0,0,0,0,1.0,0.36968553927888015,0,0.42787766456604004
8353,16,72,138,0,0,0,0,0,1.0,0.0,0,0.4443091154098511
8354,59,2,114,0,0,0,0,0,1.0,0.0,0,0.557839035987854
8355,56,36,120,0,0,0,0,0,1.0,0.0,0,0.49280935525894165
8356,23,115,152,0,0,0,0,0,1.0,0.0,0,0.43094155192375183
8357,45,123,157,0,0,0,0,0,1.0,0.0,0,0.5188090205192566
8358,44,60,22,0,0,0,0,0,1.0,0.0,0,0.5809103846549988
8359,59,19,8,0,0,0,0,0,1.0,0.0,0,0.5177487730979919
8360,26,49,129,0,0,0,0,0,1.0,0.0,0,0.4994393289089203
8361,49,1,46,0,0,0,0,0,1.0,0.0,0,0.513802707195282
8362,56,123,245,0,0,0,0,0,1.0,0.0,0,0.4905814826488495
8363,32,19,128,0,0,0,0,0,1.0,0.0,0,0.47057464718818665
8364,56,113,36,0,0,0,0,0,1.0,0.0,0,0.49071890115737915
8365,9,92,74,0,0,0,0,0,1.0,0.0,0,0.5539887547492981
8366,5,91,32,0,0,0,0,0,1.0,0.0,0,0.5605226755142212
8367,28,101,111,0,0,0,0,0,1.0,0.0,0,0.4619887173175812
8368,38,60,232,0,0,0,0,0,1.0,0.0,0,0.46043074131011963
8369,8,101,15,0,0,0,0,0,1.0,0.0,0,0.5342780947685242
8370,63,100,143,0,0,0,0,0,1.0,0.0,0,0.4772300720214844
8371,49,103,60,0,0,0,0,0,1.0,0.0,0,0.4998944103717804
8372,10,14,46,0,0,0,0,0,1.0,0.0,0,0.5396392345428467
8373,34,110,103,0,0,0,0,0,1.0,0.0,0,0.45361828804016113
8374,21,67,213,0,0,0,0,0,1.0,0.0,0,0.43353578448295593
8375,9,60,254,0,0,0,0,0,1.0,0.0,0,0.5138762593269348
8376,44,93,186,0,0,0,0,0,1.0,0.3655091841415306,0,0.487104207277298
8377,13,60,225,0,0,0,0,0,1.0,0.0,0,0.528058648109436
8378,13,43,145,0,0,0,0,0,1.0,0.0,0,0.4481768310070038
8379,61,49,28,0,0,0,0,0,1.0,0.0,0,0.5203154683113098
8380,11,41,118,0,0,0,0,0,1.0,0.0,0,0.5236490964889526
8381,19,68,235,0,0,0,0,0,1.0,0.0,0,0.4540640115737915
8382,7,92,175,0,0,0,0,0,1.0,0.0,0,0.43607738614082336
8383,34,31,73,0,0,0,0,0,1.0,0.0,0,0.47497475147247314
8384,44,119,198,0,0,0,0,0,1.0,0.0,0,0.5265247821807861
8385,21,4,131,0,0,0,0,0,1.0,0.0,0,0.5243560671806335
8386,21,43,131,0,0,0,0,0,1.0,0.0,0,0.5305163264274597
8387,18,109,179,0,0,0,0,0,1.0,0.0,0,0.4537486433982849
8388,34,33,72,0,0,0,0,0,1.0,0.0,0,0.5026071071624756
8389,5,47,56,0,0,0,0,0,1.0,0.0,0,0.5658851861953735
8390,3,58,29,0,0,0,0,0,1.0,0.0,0,0.4529762268066406
8391,54,78,33,0,0,0,0,0,1.0,0.0,0,0.5443983674049377
8392,38,6,89,0,0,0,0,0,1.0,0.0,0,0.5200895071029663
8393,62,18,204,0,0,0,0,0,1.0,0.0,0,0.5655220150947571
8394,62,48,67,0,0,0,0,0,1.0,0.0,0,0.5122868418693542
8395,50,126,169,0,0,0,0,0,1.0,0.0,0,0.5139845609664917
8396,34,97,233,0,0,0,0,0,1.0,0.0,0,0.4753687381744385
8397,28,120,151,0,0,0,0,0,1.0,0.0,0,0.4971364736557007
8398,33,29,149,0,0,0,0,0,1.0,0.0,0,0.502465546131134
8399,19,48,171,0,0,0,0,0,1.0,0.0,0,0.4639391005039215
8400,28,65,10,0,0,0,0,0,1.0,0.0,0,0.587645411491394
8401,4,14,65,0,0,0,0,0,1.0,0.0,0,0.48368605971336365
8402,11,2,94,0,0,0,0,0,1.0,0.0,0,0.4737417697906494
8403,60,29,214,0,0,0,0,0,1.0,0.0,0,0.4764825105667114
8404,27,108,97,0,0,0,0,0,1.0,0.0,0,0.4978999197483063
8405,15,77,111,0,0,0,0,0,1.0,0.0,0,0.39841344952583313
8406,51,49,61,0,0,0,0,0,1.0,0.0,0,0.47568774223327637
8407,37,104,137,0,0,0,0,0,1.0,0.0,0,0.5816210508346558
8408,61,92,30,0,0,0,0,0,1.0,0.0,0,0.5546732544898987
8409,4,19,85,0,0,0,0,0,1.0,0.0,0,0.5208255648612976
8410,57,33,188,0,0,0,0,0,1.0,0.0,0,0.47360941767692566
8411,37,60,28,0,0,0,0,0,1.0,0.0,0,0.4937804639339447
8412,31,1,152,0,0,0,0,0,1.0,0.0,0,0.49053242802619934
8413,20,34,20,0,0,0,0,0,1.0,0.0,0,0.43470337986946106
8414,32,2,128,0,0,0,0,0,1.0,0.0,0,0.427981972694397
8415,53,91,197,0,0,0,0,0,1.0,0.0,0,0.4992261826992035
8416,17,62,202,0,0,0,0,0,1.0,0.0,0,0.5141711831092834
8417,6,63,249,0,0,0,0,0,1.0,0.0,0,0.4937928020954132
8418,30,11,204,0,0,0,0,0,1.0,0.0,0,0.4608890414237976
8419,62,9,212,0,0,0,0,0,1.0,0.4868162529329303,0,0.6292610168457031
8420,22,32,21,0,0,0,0,0,1.0,0.0,0,0.47777286171913147
8421,48,66,240,0,0,0,0,0,1.0,0.3684599841345193,0,0.5264848470687866
8422,51,62,234,0,0,0,0,0,1.0,0.0,0,0.504117488861084
8423,38,62,54,0,0,0,0,0,1.0,0.0,0,0.5664674043655396
8424,4,37,152,0,0,0,0,0,1.0,0.0,0,0.44575780630111694
8425,38,22,229,0,0,0,0,0,1.0,0.0,0,0.4951445460319519
8426,0,45,17,0,0,0,0,0,1.0,0.0,0,0.472057044506073
8427,21,57,194,0,0,0,0,0,1.0,0.0,0,0.5348612666130066
8428,0,54,141,0,0,0,0,0,1.0,0.0,0,0.456595778465271
8429,6,114,236,0,0,0,0,0,1.0,0.0,0,0.5199247598648071
8430,41,66,191,0,0,0,0,0,1.0,0.0,0,0.5381342768669128
8431,57,121,55,0,0,0,0,0,1.0,0.0,0,0.4909878671169281
8432,41,8,22,0,0,0,0,0,1.0,0.0,0,0.49444085359573364
8433,57,64,154,0,0,0,0,0,1.0,0.0,0,0.44237804412841797
8434,0,125,126,0,0,0,0,0,1.0,0.0,0,0.47066590189933777
8435,26,18,75,0,0,0,0,0,1.0,0.0,0,0.49330273270606995
8436,48,121,25,0,0,0,0,0,1.0,0.0,0,0.5272220969200134
8437,36,31,243,0,0,0,0,0,1.0,0.0,0,0.43240612745285034
8438,37,39,137,0,0,0,0,0,1.0,0.0,0,0.5397015810012817
8439,43,30,55,0,0,0,0,0,1.0,0.0,0,0.5087806582450867
8440,42,80,252,0,0,0,0,0,1.0,0.0,0,0.5053690671920776
8441,23,109,216,0,0,0,0,0,1.0,0.0,0,0.476772278547287
8442,62,110,15,0,0,0,0,0,1.0,0.0,0,0.4939397871494293
8443,61,14,234,0,0,0,0,0,1.0,0.0,0,0.5281085968017578
8444,34,110,233,0,0,0,0,0,1.0,0.0,0,0.44688868522644043
8445,63,108,212,0,0,0,0,0,1.0,0.0,0,0.49873635172843933
8446,31,19,109,0,0,0,0,0,1.0,0.0,0,0.5091865658760071
8447,40,126,170,0,0,0,0,0,1.0,0.0,0,0.4800156056880951
8448,8,57,234,0,0,0,0,0,1.0,0.3650912412319839,0,0.5380812287330627
8449,58,71,116,0,0,0,0,0,1.0,0.0,0,0.44150400161743164
8450,44,47,29,0,0,0,0,0,1.0,0.0,0,0.5330612063407898
8451,4,114,4,0,0,0,0,0,1.0,0.0,0,0.47894486784935
8452,32,108,232,0,0,0,0,0,1.0,0.0,0,0.5459927916526794
8453,32,28,154,0,0,0,0,0,1.0,0.0,0,0.5172646641731262
8454,48,22,144,0,0,0,0,0,1.0,0.0,0,0.5436382293701172
8455,9,62,52,0,0,0,0,0,1.0,0.0,0,0.4994257390499115
8456,25,72,28,0,0,0,0,0,1.0,0.0,0,0.5181495547294617
8457,13,109,79,0,0,0,0,0,1.0,0.0,0,0.43328654766082764
8458,44,42,119,0,0,0,0,0,1.0,0.0,0,0.5432289242744446
8459,21,5,13,0,0,0,0,0,1.0,0.0,0,0.5355978608131409
8460,21,38,36,0,0,0,0,0,1.0,0.0,0,0.4975943863391876
8461,14,100,177,0,0,0,0,0,1.0,0.0,0,0.5310025215148926
8462,62,73,130,0,0,0,0,0,1.0,0.0,0,0.4853432774543762
8463,6,79,174,0,0,0,0,0,1.0,0.0,0,0.48662713170051575
8464,20,74,216,0,0,0,0,0,1.0,0.0,0,0.5116673111915588
8465,51,90,124,0,0,0,0,0,1.0,0.0,0,0.4395690858364105
8466,53,91,158,0,0,0,0,0,1.0,0.0,0,0.502997875213623
8467,33,108,242,0,0,0,0,0,1.0,0.0,0,0.5102407932281494
8468,14,82,90,0,0,0,0,0,1.0,0.0,0,0.552237868309021
8469,52,49,207,0,0,0,0,0,1.0,0.0,0,0.49844351410865784
8470,38,25,213,0,0,0,0,0,1.0,0.0,0,0.4778246581554413
8471,51,71,113,0,0,0,0,0,1.0,0.0,0,0.448654443025589
8472,46,8,62,0,0,0,0,0,1.0,0.0,0,0.4695160984992981
8473,56,122,167,0,0,0,0,0,1.0,0.0,0,0.4915010333061218
8474,56,73,5,0,0,0,0,0,1.0,0.0,0,0.5737971663475037
8475,47,34,81,0,0,0,0,0,1.0,0.0,0,0.5007525682449341
8476,39,100,234,0,0,0,0,0,1.0,0.0,0,0.5117129683494568
8477,33,62,164,0,0,0,0,0,1.0,0.0,0,0.5746966600418091
8478,11,86,41,0,0,0,0,0,1.0,0.0,0,0.4882163405418396
8479,11,110,2,0,0,0,0,0,1.0,0.0,0,0.4288090765476227
8480,23,71,64,0,0,0,0,0,1.0,0.0,0,0.5023506879806519
8481,53,51,113,0,0,0,0,0,1.0,0.0,0,0.5264020562171936
8482,49,71,76,0,0,0,0,0,1.0,0.0,0,0.481222927570343
8483,33,27,122,0,0,0,0,0,1.0,0.0,0,0.5332732796669006
8484,36,103,233,0,0,0,0,0,1.0,0.0,0,0.4383513331413269
8485,49,87,194,0,0,0,0,0,1.0,0.0,0,0.47124019265174866
8486,15,74,1,0,0,0,0,0,1.0,0.0,0,0.4415735900402069
8487,26,53,201,0,0,0,0,0,1.0,0.0,0,0.4549586772918701
8488,15,20,10,0,0,0,0,0,1.0,0.0,0,0.4713013470172882
8489,12,27,210,0,0,0,0,0,1.0,0.0,0,0.431392639875412
8490,60,102,14,0,0,0,0,0,1.0,0.0,0,0.5280528664588928
8491,45,93,124,0,0,0,0,0,1.0,0.0,0,0.4862262010574341
8492,12,66,146,0,0,0,0,0,1.0,0.0,0,0.5610052347183228
8493,0,71,233,0,0,0,0,0,1.0,0.0,0,0.4555452764034271
8494,6,48,133,0,0,0,0,0,1.0,0.0,0,0.5784464478492737
8495,4,53,175,0,0,0,0,0,1.0,0.0,0,0.49060362577438354
8496,26,74,191,0,0,0,0,0,1.0,0.0,0,0.4640904366970062
8497,15,5,112,0,0,0,0,0,1.0,0.0,0,0.5151740908622742
8498,38,101,145,0,0,0,0,0,1.0,0.0,0,0.47788649797439575
8499,17,27,204,0,0,0,0,0,1.0,0.0,0,0.4925006628036499
8500,61,109,213,0,0,0,0,0,1.0,0.0,0,0.4857148230075836
8501,25,125,96,0,0,0,0,0,1.0,0.0,0,0.454423189163208
8502,60,20,215,0,0,0,0,0,1.0,0.0,0,0.5443370938301086
8503,4,100,66,0,0,0,0,0,1.0,0.0,0,0.4881700575351715
8504,8,75,144,0,0,0,0,0,1.0,0.0,0,0.4916190803050995
8505,42,79,142,0,0,0,0,0,1.0,0.0,0,0.5709754228591919
8506,11,91,42,0,0,0,0,0,1.0,0.0,0,0.4538429081439972
8507,49,27,199,0,0,0,0,0,1.0,0.0,0,0.5098791122436523
8508,35,40,126,0,0,0,0,0,1.0,0.0,0,0.5376807451248169
8509,60,64,21,0,0,0,0,0,1.0,0.0,0,0.495159775018692
8510,49,40,200,0,0,0,0,0,1.0,0.0,0,0.6268278956413269
8511,38,100,37,0,0,0,0,0,1.0,0.0,0,0.48217514157295227
8512,6,23,247,0,0,0,0,0,1.0,0.0,0,0.4773368835449219
8513,14,0,89,0,0,0,0,0,1.0,0.0,0,0.4789852797985077
8514,62,8,167,0,0,0,0,0,1.0,0.0,0,0.4874288737773895
8515,19,35,229,0,0,0,0,0,1.0,0.0,0,0.4815305173397064
8516,24,88,133,0,0,0,0,0,1.0,0.0,0,0.4834114909172058
8517,27,31,227,0,0,0,0,0,1.0,0.0,0,0.5493197441101074
8518,45,25,193,0,0,0,0,0,1.0,0.0,0,0.4778573513031006
8519,38,102,23,0,0,0,0,0,1.0,0.0,0,0.5085709095001221
8520,54,53,204,0,0,0,0,0,1.0,0.0,0,0.4642968475818634
8521,14,101,190,0,0,0,0,0,1.0,0.0,0,0.5480285286903381
8522,51,120,95,0,0,0,0,0,1.0,0.0,0,0.4734218120574951
8523,17,2,17,0,0,0,0,0,1.0,0.0,0,0.5116555690765381
8524,0,20,92,0,0,0,0,0,1.0,0.0,0,0.4615071415901184
8525,22,42,221,0,0,0,0,0,1.0,0.0,0,0.5735552906990051
8526,56,32,232,0,0,0,0,0,1.0,0.0,0,0.5085713863372803
8527,62,87,190,0,0,0,0,0,1.0,0.0,0,0.5082444548606873
8528,20,52,114,0,0,0,0,0,1.0,0.0,0,0.5052355527877808
8529,43,61,35,0,0,0,0,0,1.0,0.0,0,0.5175277590751648
8530,16,59,149,0,0,0,0,0,1.0,0.0,0,0.5667539238929749
8531,33,106,172,0,0,0,0,0,1.0,0.0,0,0.5005075335502625
8532,10,48,22,0,0,0,0,0,1.0,0.0,0,0.548166811466217
8533,14,25,231,0,0,0,0,0,1.0,0.0,0,0.5929532051086426
8534,45,61,247,0,0,0,0,0,1.0,0.0,0,0.4552197754383087
8535,53,78,166,0,0,0,0,0,1.0,0.0,0,0.47281375527381897
8536,63,124,35,0,0,0,0,0,1.0,0.0,0,0.5003936290740967
8537,57,54,247,0,0,0,0,0,1.0,0.0,0,0.5105143785476685
8538,39,70,200,0,0,0,0,0,1.0,0.0,0,0.5373739004135132
8539,39,118,160,0,0,0,0,0,1.0,0.0,0,0.49436259269714355
8540,27,88,185,0,0,0,0,0,1.0,0.0,0,0.5489948391914368
8541,4,9,80,0,0,0,0,0,1.0,0.0,0,0.5186096429824829
8542,47,118,164,0,0,0,0,0,1.0,0.0,0,0.47985193133354187
8543,15,57,49,0,0,0,0,0,1.0,0.0,0,0.4714384377002716
8544,15,9,183,0,0,0,0,0,1.0,0.0,0,0.45864471793174744
8545,43,108,40,0,0,0,0,0,1.0,0.0,0,0.5360534191131592
8546,7,12,200,0,0,0,0,0,1.0,0.0,0,0.5514743328094482
8547,34,109,227,0,0,0,0,0,1.0,0.0,0,0.4871862232685089
8548,23,125,185,0,0,0,0,0,1.0,0.0,0,0.5314901471138
8549,30,7,48,0,0,0,0,0,1.0,0.0,0,0.4670621454715729
8550,16,2,174,0,0,0,0,0,1.0,0.0,0,0.4840165078639984
8551,5,34,36,0,0,0,0,0,1.0,0.0,0,0.47376373410224915
8552,8,85,219,0,0,0,0,0,1.0,0.0,0,0.5789260268211365
8553,35,38,24,0,0,0,0,0,1.0,0.0,0,0.528293251991272
8554,36,108,89,0,0,0,0,0,1.0,0.0,0,0.3877926170825958
8555,14,80,27,0,0,0,0,0,1.0,0.0,0,0.5203341245651245
8556,3,4,100,0,0,0,0,0,1.0,0.0,0,0.48149797320365906
8557,33,26,110,0,0,0,0,0,1.0,0.0,0,0.42674943804740906
8558,20,44,230,0,0,0,0,0,1.0,0.0,0,0.5446102619171143
8559,58,9,11,0,0,0,0,0,1.0,0.0,0,0.5573704838752747
8560,14,31,252,0,0,0,0,0,1.0,0.0,0,0.5763999819755554
8561,4,87,190,0,0,0,0,0,1.0,0.0,0,0.48233067989349365
8562,52,50,244,0,0,0,0,0,1.0,0.0,0,0.4993399381637573
8563,49,63,231,0,0,0,0,0,1.0,0.0,0,0.5105596780776978
8564,24,8,245,0,0,0,0,0,1.0,0.0,0,0.4569510817527771
8565,14,102,74,0,0,0,0,0,1.0,0.0,0,0.5238940715789795
8566,22,54,82,0,0,0,0,0,1.0,0.0,0,0.48727238178253174
8567,44,63,108,0,0,0,0,0,1.0,0.0,0,0.5522826910018921
8568,14,77,42,0,0,0,0,0,1.0,0.0,0,0.5677379965782166
8569,14,86,196,0,0,0,0,0,1.0,0.0,0,0.5782684087753296
8570,17,102,103,0,0,0,0,0,1.0,0.0,0,0.4772929847240448
8571,31,125,117,0,0,0,0,0,1.0,0.0,0,0.4718870222568512
8572,32,110,205,0,0,0,0,0,1.0,0.0,0,0.5473836660385132
8573,33,104,234,0,0,0,0,0,1.0,0.0,0,0.4595082402229309
8574,36,120,52,0,0,0,0,0,1.0,0.0,0,0.5182556509971619
8575,10,80,235,0,0,0,0,0,1.0,0.0,0,0.5562243461608887
8576,49,80,157,0,0,0,0,0,1.0,0.0,0,0.5516200065612793
8577,33,62,10,0,0,0,0,0,1.0,0.0,0,0.5254217982292175
8578,10,12,78,0,0,0,0,0,1.0,0.0,0,0.5405892729759216
8579,52,42,173,0,0,0,0,0,1.0,0.0,0,0.4957871437072754
8580,12,107,52,0,0,0,0,0,1.0,0.0,0,0.4278636574745178
8581,58,105,125,0,0,0,0,0,1.0,0.0,0,0.48994091153144836
8582,63,124,109,0,0,0,0,0,1.0,0.0,0,0.4792686998844147
8583,54,47,220,0,0,0,0,0,1.0,0.0,0,0.47249171137809753
8584,63,26,36,0,0,0,0,0,1.0,0.0,0,0.4645991027355194
8585,3,48,160,0,0,0,0,0,1.0,0.0,0,0.5391598343849182
8586,38,22,60,0,0,0,0,0,1.0,0.0,0,0.5073558688163757
8587,31,113,205,0,0,0,0,0,1.0,0.0,0,0.4876845180988312
8588,33,27,134,0,0,0,0,0,1.0,0.0,0,0.4274928569793701
8589,13,96,17,0,0,0,0,0,1.0,0.0,0,0.48184916377067566
8590,42,34,53,0,0,0,0,0,1.0,0.0,0,0.5286262035369873
8591,25,70,199,0,0,0,0,0,1.0,0.0,0,0.542521595954895
8592,15,87,185,0,0,0,0,0,1.0,0.0,0,0.471270889043808
8593,29,54,184,0,0,0,0,0,1.0,0.0,0,0.4678443968296051
8594,11,86,111,0,0,0,0,0,1.0,0.0,0,0.45703303813934326
8595,55,92,235,0,0,0,0,0,1.0,0.0,0,0.4796147048473358
8596,24,122,7,0,0,0,0,0,1.0,0.0,0,0.5075291395187378
8597,5,73,248,0,0,0,0,0,1.0,0.0,0,0.5316662192344666
8598,17,74,66,0,0,0,0,0,1.0,0.0,0,0.4657032787799835
8599,19,82,104,0,0,0,0,0,1.0,0.0,0,0.48328641057014465
8600,37,66,45,0,0,0,0,0,1.0,0.0,0,0.4636295437812805
8601,56,92,181,0,0,0,0,0,1.0,0.0,0,0.4472670555114746
8602,51,109,116,0,0,0,0,0,1.0,0.0,0,0.4918244481086731
8603,26,112,199,0,0,0,0,0,1.0,0.0,0,0.4965983033180237
8604,47,122,161,0,0,0,0,0,1.0,0.0,0,0.46162644028663635
8605,3,98,128,0,0,0,0,0,1.0,0.0,0,0.48827484250068665
8606,40,27,129,0,0,0,0,0,1.0,0.0,0,0.5492874383926392
8607,58,50,70,0,0,0,0,0,1.0,0.0,0,0.4833141565322876
8608,10,127,206,0,0,0,0,0,1.0,0.0,0,0.5897586941719055
8609,18,96,40,0,0,0,0,0,1.0,0.0,0,0.5089865922927856
8610,11,66,243,0,0,0,0,0,1.0,0.0,0,0.44491639733314514
8611,24,107,85,0,0,0,0,0,1.0,0.0,0,0.534044623374939
8612,24,107,26,0,0,0,0,0,1.0,0.0,0,0.5421016812324524
8613,15,65,163,0,0,0,0,0,1.0,0.0,0,0.47473543882369995
8614,51,25,83,0,0,0,0,0,1.0,0.0,0,0.5075405240058899
8615,3,78,98,0,0,0,0,0,1.0,0.0,0,0.4979732632637024
8616,59,5,97,0,0,0,0,0,1.0,0.0,0,0.5571722388267517
8617,34,32,57,0,0,0,0,0,1.0,0.0,0,0.4988083839416504
8618,52,82,247,0,0,0,0,0,1.0,0.0,0,0.5025327801704407
8619,20,14,122,0,0,0,0,0,1.0,0.0,0,0.5247107148170471
8620,55,118,161,0,0,0,0,0,1.0,0.0,0,0.5017794370651245
8621,63,37,89,0,0,0,0,0,1.0,0.0,0,0.5168620347976685
8622,11,84,214,0,0,0,0,0,1.0,0.0,0,0.4449161887168884
8623,39,16,27,0,0,0,0,0,1.0,0.0,0,0.5348210334777832
8624,20,78,181,0,0,0,0,0,1.0,0.0,0,0.4868033230304718
8625,5,60,104,0,0,0,0,0,1.0,0.0,0,0.49087250232696533
8626,13,49,8,0,0,0,0,0,1.0,0.0,0,0.4308030307292938
8627,58,122,65,0,0,0,0,0,1.0,0.0,0,0.4226530194282532
8628,24,82,177,0,0,0,0,0,1.0,0.0,0,0.5486963987350464
8629,49,2,254,0,0,0,0,0,1.0,0.0,0,0.5072080492973328
8630,18,94,14,0,0,0,0,0,1.0,0.0,0,0.46012264490127563
8631,36,80,111,0,0,0,0,0,1.0,0.0,0,0.425418496131897
8632,54,34,51,0,0,0,0,0,1.0,0.0,0,0.4319049119949341
8633,51,63,93,0,0,0,0,0,1.0,0.0,0,0.5010865330696106
8634,34,122,157,0,0,0,0,0,1.0,0.0,0,0.5115150809288025
8635,59,47,139,0,0,0,0,0,1.0,0.0,0,0.5207690596580505
8636,58,45,204,0,0,0,0,0,1.0,0.0,0,0.46696993708610535
8637,15,27,235,0,0,0,0,0,1.0,0.0,0,0.4758826196193695
8638,15,10,112,0,0,0,0,0,1.0,0.0,0,0.43263760209083557
8639,47,105,147,0,0,0,0,0,1.0,0.0,0,0.5266878008842468
8640,45,21,213,0,0,0,0,0,1.0,0.0,0,0.4277293384075165
8641,52,115,170,0,0,0,0,0,1.0,0.0,0,0.5255557894706726
8642,31,59,45,0,0,0,0,0,1.0,0.0,0,0.5256981253623962
8643,7,56,235,0,0,0,0,0,1.0,0.0,0,0.5183218717575073
8644,47,93,126,0,0,0,0,0,1.0,0.0,0,0.5473504662513733
8645,36,38,41,0,0,0,0,0,1.0,0.0,0,0.47631609439849854
8646,7,17,178,0,0,0,0,0,1.0,0.0,0,0.5401245951652527
8647,30,53,208,0,0,0,0,0,1.0,0.0,0,0.4291421175003052
8648,22,123,81,0,0,0,0,0,1.0,0.0,0,0.5323542952537537
8649,7,28,22,0,0,0,0,0,1.0,0.0,0,0.5433056950569153
8650,42,42,219,0,0,0,0,0,1.0,0.0,0,0.5518317818641663
8651,63,7,119,0,0,0,0,0,1.0,0.0,0,0.5513123869895935
8652,19,98,2,0,0,0,0,0,1.0,0.0,0,0.5405946969985962
8653,19,32,171,0,0,0,0,0,1.0,0.0,0,0.4551936686038971
8654,41,15,43,0,0,0,0,0,1.0,0.0,0,0.4775334894657135
8655,33,122,133,0,0,0,0,0,1.0,0.0,0,0.4445662796497345
8656,36,104,33,0,0,0,0,0,1.0,0.0,0,0.4400753676891327
8657,6,99,54,0,0,0,0,0,1.0,0.0,0,0.5016096830368042
8658,16,94,141,0,0,0,0,0,1.0,0.0,0,0.46385589241981506
8659,2,102,102,0,0,0,0,0,1.0,0.0,0,0.538063645362854
8660,11,123,104,0,0,0,0,0,1.0,0.0,0,0.3949379324913025
8661,36,106,19,0,0,0,0,0,1.0,0.0,0,0.4527047574520111
8662,10,59,78,0,0,0,0,0,1.0,0.0,0,0.5089040994644165
8663,34,103,64,0,0,0,0,0,1.0,0.3239003018705727,0,0.5178149342536926
8664,32,94,246,0,0,0,0,0,1.0,0.0,0,0.5105032324790955
8665,26,57,37,0,0,0,0,0,1.0,0.0,0,0.522881269454956
8666,50,47,38,0,0,0,0,0,1.0,0.0,0,0.46592462062835693
8667,9,91,59,0,0,0,0,0,1.0,0.0,0,0.5183267593383789
8668,29,90,245,0,0,0,0,0,1.0,0.0,0,0.4489600956439972
8669,63,41,28,0,0,0,0,0,1.0,0.0,0,0.5509925484657288
8670,51,114,144,0,0,0,0,0,1.0,0.0,0,0.4634179472923279
8671,54,36,9,0,0,0,0,0,1.0,0.0,0,0.5933324694633484
8672,24,82,168,0,0,0,0,0,1.0,0.0,0,0.5035917162895203
8673,51,109,91,0,0,0,0,0,1.0,0.0,0,0.406434029340744
8674,9,4,9,0,0,0,0,0,1.0,0.0,0,0.5496455430984497
8675,16,52,255,0,0,0,0,0,1.0,0.0,0,0.5585331916809082
8676,15,103,133,0,0,0,0,0,1.0,0.0,0,0.46515342593193054
8677,57,109,95,0,0,0,0,0,1.0,0.0,0,0.4705726206302643
8678,22,52,40,0,0,0,0,0,1.0,0.0,0,0.43599504232406616
8679,34,108,84,0,0,0,0,0,1.0,0.0,0,0.47549381852149963
8680,13,120,2,0,0,0,0,0,1.0,0.0,0,0.47001922130584717
8681,2,59,59,0,0,0,0,0,1.0,0.0,0,0.6020252108573914
8682,45,60,85,0,0,0,0,0,1.0,0.0,0,0.46488261222839355
8683,62,89,36,0,0,0,0,0,1.0,0.0,0,0.5441268682479858
8684,43,34,235,0,0,0,0,0,1.0,0.0,0,0.4654066562652588
8685,36,64,180,0,0,0,0,0,1.0,0.0,0,0.42321252822875977
8686,39,102,137,0,0,0,0,0,1.0,0.0,0,0.4871077835559845
8687,46,91,218,0,0,0,0,0,1.0,0.0,0,0.47328105568885803
8688,13,15,88,0,0,0,0,0,1.0,0.0,0,0.40734389424324036
8689,58,127,83,0,0,0,0,0,1.0,0.0,0,0.45468583703041077
8690,42,17,158,0,0,0,0,0,1.0,0.0,0,0.6026453375816345
8691,5,118,169,0,0,0,0,0,1.0,0.0,0,0.4966319501399994
8692,44,28,29,0,0,0,0,0,1.0,0.0,0,0.4578343331813812
8693,5,38,91,0,0,0,0,0,1.0,0.0,0,0.4991191327571869
8694,25,77,131,0,0,0,0,0,1.0,0.0,0,0.5408604145050049
8695,10,66,19,0,0,0,0,0,1.0,0.0,0,0.4851625859737396
8696,53,13,65,0,0,0,0,0,1.0,0.0,0,0.5472962856292725
8697,13,71,139,0,0,0,0,0,1.0,0.0,0,0.5027637481689453
8698,2,12,195,0,0,0,0,0,1.0,0.0,0,0.4266647398471832
8699,33,70,247,0,0,0,0,0,1.0,0.0,0,0.5162602663040161
8700,11,125,107,0,0,0,0,0,1.0,0.0,0,0.5087077021598816
8701,29,106,128,0,0,0,0,0,1.0,0.0,0,0.5367777347564697
8702,23,126,99,0,0,0,0,0,1.0,0.0,0,0.5043891668319702
8703,10,81,105,0,0,0,0,0,1.0,0.0,0,0.5200715661048889
8704,9,54,37,0,0,0,0,0,1.0,0.0,0,0.5399688482284546
8705,60,14,170,0,0,0,0,0,1.0,0.0,0,0.6050614714622498
8706,13,61,239,0,0,0,0,0,1.0,0.0,0,0.4631648659706116
8707,19,51,5,0,0,0,0,0,1.0,0.0,0,0.5756624937057495
8708,3,41,184,0,0,0,0,0,1.0,0.0,0,0.5919783711433411
8709,36,41,196,0,0,0,0,0,1.0,0.0,0,0.5322422385215759
8710,62,71,28,0,0,0,0,0,1.0,0.0,0,0.5488691329956055
8711,49,115,2,0,0,0,0,0,1.0,0.0,0,0.48640963435173035
8712,37,36,219,0,0,0,0,0,1.0,0.0,0,0.55719393491745
8713,30,46,207,0,0,0,0,0,1.0,0.0,0,0.4299827218055725
8714,36,44,149,0,0,0,0,0,1.0,0.0,0,0.4257940351963043
8715,62,36,253,0,0,0,0,0,1.0,0.0,0,0.64508056640625
8716,3,49,81,0,0,0,0,0,1.0,0.0,0,0.4411119818687439
8717,31,69,62,0,0,0,0,0,1.0,0.0,0,0.47518759965896606
8718,38,100,74,0,0,0,0,0,1.0,0.0,0,0.4758704602718353
8719,17,97,170,0,0,0,0,0,1.0,0.0,0,0.5552706122398376
8720,24,87,11,0,0,0,0,0,1.0,0.0,0,0.5146106481552124
8721,39,107,166,0,0,0,0,0,1.0,0.0,0,0.47678929567337036
8722,44,60,234,0,0,0,0,0,1.0,0.0,0,0.5416792035102844
8723,23,17,99,0,0,0,0,0,1.0,0.0,0,0.5265212655067444
8724,56,72,155,0,0,0,0,0,1.0,0.0,0,0.5033758282661438
8725,48,50,156,0,0,0,0,0,1.0,0.3770422803736442,0,0.4806205928325653
8726,38,87,143,0,0,0,0,0,1.0,0.0,0,0.5409256815910339
8727,45,26,64,0,0,0,0,0,1.0,0.0,0,0.4533592462539673
8728,46,75,233,0,0,0,0,0,1.0,0.0,0,0.4298637807369232
8729,0,91,221,0,0,0,0,0,1.0,0.0,0,0.48031535744667053
8730,2,5,2,0,0,0,0,0,1.0,0.0,0,0.4632301330566406
8731,48,42,199,0,0,0,0,0,1.0,0.0,0,0.5548633933067322
8732,39,116,202,0,0,0,0,0,1.0,0.0,0,0.5278462767601013
8733,25,54,155,0,0,0,0,0,1.0,0.0,0,0.5055142641067505
8734,61,54,133,0,0,0,0,0,1.0,0.0,0,0.45613303780555725
8735,28,59,128,0,0,0,0,0,1.0,0.0,0,0.5566414594650269
8736,51,57,116,0,0,0,0,0,1.0,0.0,0,0.5291422009468079
8737,51,64,88,0,0,0,0,0,1.0,0.0,0,0.4122958183288574
8738,51,57,133,0,0,0,0,0,1.0,0.0,0,0.5228668451309204
8739,8,49,249,0,0,0,0,0,1.0,0.0,0,0.4985969066619873
8740,44,91,193,0,0,0,0,0,1.0,0.0,0,0.5660724639892578
8741,31,94,129,0,0,0,0,0,1.0,0.0,0,0.5309239625930786
8742,0,49,84,0,0,0,0,0,1.0,0.0,0,0.47203055024147034
8743,7,13,26,0,0,0,0,0,1.0,0.0,0,0.5515487790107727
8744,34,15,62,0,0,0,0,0,1.0,0.0,0,0.49693116545677185
8745,16,71,87,0,0,0,0,0,1.0,0.0,0,0.4764567017555237
8746,0,91,64,0,0,0,0,0,1.0,0.0,0,0.43394002318382263
8747,19,26,18,0,0,0,0,0,1.0,0.0,0,0.468387633562088
8748,56,78,96,0,0,0,0,0,1.0,0.0,0,0.522842288017273
8749,59,2,32,0,0,0,0,0,1.0,0.0,0,0.5751938223838806
8750,52,70,58,0,0,0,0,0,1.0,0.0,0,0.4501579999923706
8751,32,31,68,0,0,0,0,0,1.0,0.0,0,0.5590104460716248
8752,48,26,134,0,0,0,0,0,1.0,0.0,0,0.47316181659698486
8753,48,123,166,0,0,0,0,0,1.0,0.0,0,0.5376613140106201
8754,9,5,19,0,0,0,0,0,1.0,0.0,0,0.5491669178009033
8755,32,125,122,0,0,0,0,0,1.0,0.0,0,0.590474545955658
8756,45,45,39,0,0,0,0,0,1.0,0.0,0,0.5568050146102905
8757,63,68,16,0,0,0,0,0,1.0,0.0,0,0.47888246178627014
8758,32,50,121,0,0,0,0,0,1.0,0.0,0,0.5549054145812988
8759,12,59,63,0,0,0,0,0,1.0,0.0,0,0.5304301381111145
8760,59,86,52,0,0,0,0,0,1.0,0.0,0,0.47934648394584656
8761,53,102,249,0,0,0,0,0,1.0,0.0,0,0.5256384611129761
8762,3,2,121,0,0,0,0,0,1.0,0.0,0,0.47133928537368774
8763,13,74,132,0,0,0,0,0,1.0,0.0,0,0.4740619659423828
8764,17,82,9,0,0,0,0,0,1.0,0.0,0,0.4859917163848877
8765,17,73,5,0,0,0,0,0,1.0,0.0,0,0.5153535008430481
8766,5,58,244,0,0,0,0,0,1.0,0.0,0,0.5188342332839966
8767,3,80,20,0,0,0,0,0,1.0,0.0,0,0.43490713834762573
8768,37,7,87,0,0,0,0,0,1.0,0.0,0,0.46911486983299255
8769,59,15,97,0,0,0,0,0,1.0,0.0,0,0.45978423953056335
8770,19,34,86,0,0,0,0,0,1.0,0.0,0,0.44177600741386414
8771,41,103,167,0,0,0,0,0,1.0,0.0,0,0.5000658631324768
8772,63,37,43,0,0,0,0,0,1.0,0.0,0,0.4729071259498596
8773,0,121,242,0,0,0,0,0,1.0,0.0,0,0.49181944131851196
8774,57,2,23,0,0,0,0,0,1.0,0.0,0,0.4329741597175598
8775,63,94,183,0,0,0,0,0,1.0,0.0,0,0.43874263763427734
8776,17,82,29,0,0,0,0,0,1.0,0.0,0,0.4848901927471161
8777,38,35,1,0,0,0,0,0,1.0,0.0,0,0.5246074795722961
8778,43,49,216,0,0,0,0,0,1.0,0.0,0,0.5581384897232056
8779,63,10,35,0,0,0,0,0,1.0,0.0,0,0.4746319353580475
8780,51,100,134,0,0,0,0,0,1.0,0.0,0,0.4611656367778778
8781,39,49,90,0,0,0,0,0,1.0,0.0,0,0.4937130808830261
8782,52,34,160,0,0,0,0,0,1.0,0.0,0,0.4903961718082428
8783,8,14,99,0,0,0,0,0,1.0,0.0,0,0.47516125440597534
8784,29,47,11,0,0,0,0,0,1.0,0.0,0,0.570078432559967
8785,34,71,40,0,0,0,0,0,1.0,0.0,0,0.4590699374675751
8786,36,52,198,0,0,0,0,0,1.0,0.0,0,0.520168125629425
8787,48,18,200,0,0,0,0,0,1.0,0.0,0,0.5883921980857849
8788,14,40,118,0,0,0,0,0,1.0,0.0,0,0.5354446768760681
8789,42,87,203,0,0,0,0,0,1.0,0.0,0,0.5448355674743652
8790,34,122,133,0,0,0,0,0,1.0,0.0,0,0.48213478922843933
8791,54,60,117,0,0,0,0,0,1.0,0.0,0,0.4837936758995056
8792,54,114,209,0,0,0,0,0,1.0,0.0,0,0.5536231994628906
8793,59,17,241,0,0,0,0,0,1.0,0.0,0,0.48883479833602905
8794,63,23,129,0,0,0,0,0,1.0,0.0,0,0.46709856390953064
8795,63,95,204,0,0,0,0,0,1.0,0.0,0,0.5173751711845398
8796,10,87,79,0,0,0,0,0,1.0,0.0,0,0.5779554843902588
8797,32,4,5,0,0,0,0,0,1.0,0.0,0,0.5573347806930542
8798,10,92,247,0,0,0,0,0,1.0,0.0,0,0.5035600066184998
8799,33,45,88,0,0,0,0,0,1.0,0.0,0,0.44850900769233704
8800,10,27,197,0,0,0,0,0,1.0,0.0,0,0.5330395698547363
8801,17,51,68,0,0,0,0,0,1.0,0.0,0,0.4908808469772339
8802,34,58,214,0,0,0,0,0,1.0,0.0,0,0.4934292733669281
8803,61,65,151,0,0,0,0,0,1.0,0.0,0,0.5152292251586914
8804,35,36,43,0,0,0,0,0,1.0,0.0,0,0.45120999217033386
8805,11,94,188,0,0,0,0,0,1.0,0.0,0,0.4694613218307495
8806,34,101,151,0,0,0,0,0,1.0,0.0,0,0.45277169346809387
8807,62,88,159,0,0,0,0,0,1.0,0.0,0,0.5683103799819946
8808,5,22,122,0,0,0,0,0,1.0,0.0,0,0.47006168961524963
8809,55,34,52,0,0,0,0,0,1.0,0.0,0,0.5101518034934998
8810,54,101,50,0,0,0,0,0,1.0,0.0,0,0.5140669941902161
8811,10,127,70,0,0,0,0,0,1.0,0.0,0,0.5322033166885376
8812,42,97,69,0,0,0,0,0,1.0,0.0,0,0.5079848766326904
8813,63,37,63,0,0,0,0,0,1.0,0.0,0,0.4956735670566559
8814,38,28,144,0,0,0,0,0,1.0,0.0,0,0.5428770780563354
8815,37,60,60,0,0,0,0,0,1.0,0.0,0,0.5310284495353699
8816,25,63,5,0,0,0,0,0,1.0,0.4182056612940296,0,0.5615389943122864
8817,49,82,60,0,0,0,0,0,1.0,0.0,0,0.4482167661190033
8818,42,23,169,0,0,0,0,0,1.0,0.0,0,0.510823130607605
8819,14,39,74,0,0,0,0,0,1.0,0.0,0,0.6008467078208923
8820,52,24,129,0,0,0,0,0,1.0,0.0,0,0.5619329810142517
8821,15,30,42,0,0,0,0,0,1.0,0.0,0,0.4555066227912903
8822,56,36,59,0,0,0,0,0,1.0,0.0,0,0.5458464622497559
8823,22,6,180,0,0,0,0,0,1.0,0.0,0,0.527443528175354
8824,52,120,150,0,0,0,0,0,1.0,0.0,0,0.473054975271225
8825,5,115,59,0,0,0,0,0,1.0,0.0,0,0.4840869605541229
8826,35,2,8,0,0,0,0,0,1.0,0.0,0,0.44715532660484314
8827,20,105,134,0,0,0,0,0,1.0,0.0,0,0.49377185106277466
8828,19,3,220,0,0,0,0,0,1.0,0.0,0,0.4871414005756378
8829,20,18,26,0,0,0,0,0,1.0,0.0,0,0.5326589941978455
8830,61,126,112,0,0,0,0,0,1.0,0.0,0,0.5161126255989075
8831,61,111,135,0,0,0,0,0,1.0,0.0,0,0.4670964777469635
8832,42,77,224,0,0,0,0,0,1.0,0.0,0,0.5831760764122009
8833,38,66,77,0,0,0,0,0,1.0,0.0,0,0.5737020373344421
8834,20,114,248,0,0,0,0,0,1.0,0.0,0,0.5528746843338013
8835,33,112,254,0,0,0,0,0,1.0,0.0,0,0.4571341276168823
8836,20,42,149,0,0,0,0,0,1.0,0.0,0,0.5409271121025085
8837,30,25,241,0,0,0,0,0,1.0,0.0,0,0.4321267604827881
8838,59,29,173,0,0,0,0,0,1.0,0.0,0,0.4916172921657562
8839,28,16,18,0,0,0,0,0,1.0,0.0,0,0.5334192514419556
8840,28,4,184,0,0,0,0,0,1.0,0.0,0,0.5070082545280457
8841,42,91,124,0,0,0,0,0,1.0,0.0,0,0.5335227251052856
8842,54,48,254,0,0,0,0,0,1.0,0.0,0,0.5468854308128357
8843,61,60,180,0,0,0,0,0,1.0,0.0,0,0.5057322382926941
8844,10,123,220,0,0,0,0,0,1.0,0.0,0,0.5157049298286438
8845,43,93,23,0,0,0,0,0,1.0,0.0,0,0.5429751873016357
8846,1,7,204,0,0,0,0,0,1.0,0.0,0,0.5476852655410767
8847,42,4,172,0,0,0,0,0,1.0,0.0,0,0.49023184180259705
8848,9,32,31,0,0,0,0,0,1.0,0.0,0,0.5337924957275391
8849,52,84,235,0,0,0,0,0,1.0,0.0,0,0.4672873318195343
8850,14,100,145,0,0,0,0,0,1.0,0.0,0,0.48112815618515015
8851,47,109,12,0,0,0,0,0,1.0,0.0,0,0.4859483242034912
8852,46,34,192,0,0,0,0,0,1.0,0.0,0,0.47337648272514343
8853,32,28,129,0,0,0,0,0,1.0,0.0,0,0.5947669148445129
8854,60,92,203,0,0,0,0,0,1.0,0.0,0,0.5614154934883118
8855,37,71,225,0,0,0,0,0,1.0,0.0,0,0.5579884052276611
8856,43,125,197,0,0,0,0,0,1.0,0.0,0,0.5655690431594849
8857,61,52,97,0,0,0,0,0,1.0,0.0,0,0.4949069619178772
8858,60,75,172,0,0,0,0,0,1.0,0.0,0,0.4864848256111145
8859,23,124,161,0,0,0,0,0,1.0,0.0,0,0.41974887251853943
8860,9,15,184,0,0,0,0,0,1.0,0.0,0,0.5406943559646606
8861,49,2,181,0,0,0,0,0,1.0,0.0,0,0.5021715760231018
8862,53,87,162,0,0,0,0,0,1.0,0.0,0,0.4583766758441925
8863,10,99,85,0,0,0,0,0,1.0,0.0,0,0.5164916515350342
8864,62,31,81,0,0,0,0,0,1.0,0.4331293912566361,0,0.587702751159668
8865,39,37,28,1,0,0,0,0,0.5,0.0,0,0.5521615147590637
8866,62,27,217,0,0,0,0,0,1.0,0.0,0,0.5328393578529358
8867,24,53,91,0,0,0,0,0,1.0,0.0,0,0.4702490568161011
8868,45,27,27,0,0,0,0,0,1.0,0.0,0,0.4666460156440735
8869,27,32,235,0,0,0,0,0,1.0,0.0,0,0.5321105122566223
8870,59,45,156,0,0,0,0,0,1.0,0.0,0,0.47844019532203674
8871,50,12,176,0,0,0,0,0,1.0,0.0,0,0.48564815521240234
8872,15,127,219,0,0,0,0,0,1.0,0.0,0,0.497808575630188
8873,27,46,140,0,0,0,0,0,1.0,0.0,0,0.45440080761909485
8874,28,14,162,0,0,0,0,0,1.0,0.0,0,0.47809845209121704
8875,22,11,149,0,0,0,0,0,1.0,0.0,0,0.5535632371902466
8876,54,33,23,0,0,0,0,0,1.0,0.0,0,0.47742801904678345
8877,20,60,74,0,0,0,0,0,1.0,0.0,0,0.5053655505180359
8878,10,9,88,0,0,0,0,0,1.0,0.0,0,0.4733332097530365
8879,4,53,162,0,0,0,0,0,1.0,0.0,0,0.4867645800113678
8880,18,49,73,0,0,0,0,0,1.0,0.0,0,0.5282981991767883
8881,37,69,210,0,0,0,0,0,1.0,0.0,0,0.5176017880439758
8882,7,56,175,0,0,0,0,0,1.0,0.0,0,0.4809291958808899
8883,56,94,10,0,0,0,0,0,1.0,0.0,0,0.47295522689819336
8884,56,89,33,0,0,0,0,0,1.0,0.0,0,0.4735954701900482
8885,12,101,147,0,0,0,0,0,1.0,0.0,0,0.533073902130127
8886,42,100,123,0,0,0,0,0,1.0,0.0,0,0.5464520454406738
8887,42,23,76,0,0,0,0,0,1.0,0.0,0,0.5235877633094788
8888,32,28,69,0,0,0,0,0,1.0,0.0,0,0.484203040599823
8889,39,29,116,0,0,0,0,0,1.0,0.0,0,0.5303663611412048
8890,22,33,62,0,0,0,0,0,1.0,0.0,0,0.5143361687660217
8891,25,3,158,0,0,0,0,0,1.0,0.0,0,0.5301529765129089
8892,35,54,34,0,0,0,0,0,1.0,0.0,0,0.4790952801704407
8893,23,97,61,0,0,0,0,0,1.0,0.0,0,0.5357604026794434
8894,22,0,101,0,0,0,0,0,1.0,0.0,0,0.5258176922798157
8895,58,122,156,0,0,0,0,0,1.0,0.0,0,0.48754632472991943
8896,18,46,131,0,0,0,0,0,1.0,0.0,0,0.5088232159614563
8897,34,31,65,0,0,0,0,0,1.0,0.0,0,0.4578534662723541
8898,32,5,59,0,0,0,0,0,1.0,0.0,0,0.4698171317577362
8899,14,61,78,0,0,0,0,0,1.0,0.0,0,0.46054312586784363
8900,10,112,39,0,0,0,0,0,1.0,0.0,0,0.5413870811462402
8901,38,55,82,0,0,0,0,0,1.0,0.0,0,0.5278487801551819
8902,7,78,95,0,0,0,0,0,1.0,0.0,0,0.5448797941207886
8903,18,94,55,0,0,0,0,0,1.0,0.0,0,0.49084100127220154
8904,46,55,193,0,0,0,0,0,1.0,0.0,0,0.5357164740562439
8905,16,59,30,0,0,0,0,0,1.0,0.0,0,0.46309709548950195
8906,39,60,93,0,0,0,0,0,1.0,0.0,0,0.4813442826271057
8907,45,95,97,0,0,0,0,0,1.0,0.0,0,0.49136853218078613
8908,27,117,181,0,0,0,0,0,1.0,0.0,0,0.5416439175605774
8909,39,82,113,0,0,0,0,0,1.0,0.0,0,0.4757359027862549
8910,18,74,197,0,0,0,0,0,1.0,0.0,0,0.6047990918159485
8911,21,100,213,0,0,0,0,0,1.0,0.0,0,0.4843064248561859
8912,5,32,6,0,0,0,0,0,1.0,0.0,0,0.49822860956192017
8913,4,20,193,0,0,0,0,0,1.0,0.0,0,0.46396100521087646
8914,20,29,209,0,0,0,0,0,1.0,0.0,0,0.5205274820327759
8915,60,2,24,0,0,0,0,0,1.0,0.0,0,0.5859735012054443
8916,28,26,241,0,0,0,0,0,1.0,0.0,0,0.46732574701309204
8917,13,97,222,0,0,0,0,0,1.0,0.3119923592319481,0,0.46230897307395935
8918,5,35,34,0,0,0,0,0,1.0,0.0,0,0.4885394871234894
8919,19,98,41,0,0,0,0,0,1.0,0.0,0,0.5371759533882141
8920,19,64,99,0,0,0,0,0,1.0,0.0,0,0.49658405780792236
8921,24,106,155,0,0,0,0,0,1.0,0.0,0,0.5511936545372009
8922,14,74,250,0,0,0,0,0,1.0,0.0,0,0.4896506667137146
8923,51,6,237,0,0,0,0,0,1.0,0.0,0,0.5193886756896973
8924,35,40,180,0,0,0,0,0,1.0,0.0,0,0.5462114214897156
8925,61,52,119,0,0,0,0,0,1.0,0.0,0,0.5884013772010803
8926,56,104,174,0,0,0,0,0,1.0,0.0,0,0.4797113239765167
8927,48,61,174,0,0,0,0,0,1.0,0.0,0,0.5182978510856628
8928,31,80,113,0,0,0,0,0,1.0,0.0,0,0.46448302268981934
8929,5,59,76,0,0,0,0,0,1.0,0.0,0,0.5684956312179565
8930,9,36,116,0,0,0,0,0,1.0,0.0,0,0.5619216561317444
8931,63,44,78,0,0,0,0,0,1.0,0.0,0,0.4418172836303711
8932,24,96,2,0,0,0,0,0,1.0,0.0,0,0.5921871066093445
8933,14,74,87,0,0,0,0,0,1.0,0.0,0,0.4619007110595703
8934,18,31,198,0,0,0,0,0,1.0,0.0,0,0.49565187096595764
8935,29,80,125,0,0,0,0,0,1.0,0.0,0,0.4149676561355591
8936,49,99,177,0,0,0,0,0,1.0,0.0,0,0.5106680989265442
8937,17,27,147,0,0,0,0,0,1.0,0.0,0,0.4883383512496948
8938,34,69,24,0,0,0,0,0,1.0,0.0,0,0.4524037837982178
8939,14,82,96,0,0,0,0,0,1.0,0.0,0,0.5277994275093079
8940,14,98,160,0,0,0,0,0,1.0,0.0,0,0.5109139680862427
8941,47,30,172,0,0,0,0,0,1.0,0.0,0,0.551494300365448
8942,22,77,209,0,0,0,0,0,1.0,0.0,0,0.5305008888244629
8943,36,91,87,0,0,0,0,0,1.0,0.0,0,0.4246568977832794
8944,2,16,33,0,0,0,0,0,1.0,0.0,0,0.4507219195365906
8945,43,16,136,0,0,0,0,0,1.0,0.0,0,0.5284010767936707
8946,35,0,122,0,0,0,0,0,1.0,0.0,0,0.5036723613739014
8947,34,94,188,0,0,0,0,0,1.0,0.0,0,0.4368598759174347
8948,9,75,106,0,0,0,0,0,1.0,0.0,0,0.503265917301178
8949,39,108,216,0,0,0,0,0,1.0,0.0,0,0.550744891166687
8950,25,51,78,0,0,0,0,0,1.0,0.0,0,0.5365419983863831
8951,51,7,76,0,0,0,0,0,1.0,0.0,0,0.46363669633865356
8952,11,3,121,0,0,0,0,0,1.0,0.0,0,0.47704872488975525
8953,2,48,204,0,0,0,0,0,1.0,0.0,0,0.49140027165412903
8954,32,1,215,0,0,0,0,0,1.0,0.0,0,0.5408161282539368
8955,29,53,230,0,0,0,0,0,1.0,0.0,0,0.5507011413574219
8956,31,38,64,0,0,0,0,0,1.0,0.0,0,0.517322838306427
8957,63,7,10,0,0,0,0,0,1.0,0.0,0,0.4639352262020111
8958,3,0,56,0,0,0,0,0,1.0,0.0,0,0.4412091374397278
8959,3,46,173,0,0,0,0,0,1.0,0.0,0,0.45843037962913513
8960,52,46,220,0,0,0,0,0,1.0,0.0,0,0.493419885635376
8961,36,116,103,0,0,0,0,0,1.0,0.0,0,0.4721490740776062
8962,29,57,100,0,0,0,0,0,1.0,0.0,0,0.5830160975456238
8963,8,88,89,0,0,0,0,0,1.0,0.0,0,0.5738560557365417
8964,14,29,247,0,0,0,0,0,1.0,0.0,0,0.4734833836555481
8965,5,121,43,0,0,0,0,0,1.0,0.0,0,0.5678073167800903
8966,53,103,70,0,0,0,0,0,1.0,0.0,0,0.5183789730072021
8967,43,15,121,0,0,0,0,0,1.0,0.0,0,0.5426228046417236
8968,4,15,91,0,0,0,0,0,1.0,0.0,0,0.544478178024292
8969,57,94,221,0,0,0,0,0,1.0,0.0,0,0.451842725276947
8970,50,43,52,0,0,0,0,0,1.0,0.0,0,0.425365149974823
8971,43,12,49,0,0,0,0,0,1.0,0.0,0,0.5415416359901428
8972,43,40,119,0,0,0,0,0,1.0,0.0,0,0.5858309864997864
8973,11,58,56,0,0,0,0,0,1.0,0.0,0,0.4640454947948456
8974,49,0,110,0,0,0,0,0,1.0,0.0,0,0.4946396052837372
8975,15,64,190,0,0,0,0,0,1.0,0.0,0,0.4635545313358307
8976,15,20,155,0,0,0,0,0,1.0,0.0,0,0.47646576166152954
8977,34,6,63,0,0,0,0,0,1.0,0.0,0,0.5251796245574951
8978,14,83,10,0,0,0,0,0,1.0,0.0,0,0.4815772473812103
8979,0,49,247,0,0,0,0,0,1.0,0.0,0,0.47186827659606934
8980,44,98,57,0,0,0,0,0,1.0,0.0,0,0.5438490509986877
8981,30,4,188,0,0,0,0,0,1.0,0.0,0,0.5187940001487732
8982,28,83,155,0,0,0,0,0,1.0,0.0,0,0.5579090714454651
8983,4,52,79,0,0,0,0,0,1.0,0.0,0,0.5014622211456299
8984,35,54,198,0,0,0,0,0,1.0,0.0,0,0.5100119709968567
8985,8,124,190,0,0,0,0,0,1.0,0.0,0,0.5280724167823792
8986,14,83,20,0,0,0,0,0,1.0,0.0,0,0.5156266689300537
8987,43,61,103,0,0,0,0,0,1.0,0.0,0,0.5197990536689758
8988,32,124,96,0,0,0,0,0,1.0,0.0,0,0.5000627040863037
8989,32,41,47,0,0,0,0,0,1.0,0.0,0,0.5229663252830505
8990,8,49,125,0,0,0,0,0,1.0,0.0,0,0.5230138897895813
8991,4,30,239,0,0,0,0,0,1.0,0.0,0,0.4573533833026886
8992,35,65,156,0,0,0,0,0,1.0,0.0,0,0.5100975036621094
8993,63,21,121,0,0,0,0,0,1.0,0.0,0,0.45342355966567993
8994,1,76,157,0,0,0,0,0,1.0,0.0,0,0.4774945080280304
8995,43,0,236,0,0,0,0,0,1.0,0.0,0,0.52757328748703
8996,49,0,247,0,0,0,0,0,1.0,0.0,0,0.4707392752170563
8997,49,26,57,0,0,0,0,0,1.0,0.0,0,0.5194481015205383
8998,24,41,253,0,0,0,0,0,1.0,0.0,0,0.5245416760444641
8999,33,77,20,0,0,0,0,0,1.0,0.0,0,0.4507463574409485
9000,13,22,198,0,0,0,0,0,1.0,0.0,0,0.49173176288604736
9001,11,104,95,0,0,0,0,0,1.0,0.0,0,0.43927842378616333
9002,1,13,2,0,0,0,0,0,1.0,0.0,0,0.5289125442504883
9003,32,18,57,0,0,0,0,0,1.0,0.0,0,0.538479208946228
9004,51,7,34,0,0,0,0,0,1.0,0.0,0,0.4162645936012268
9005,57,40,63,0,0,0,0,0,1.0,0.0,0,0.5644280910491943
9006,9,3,204,0,0,0,0,0,1.0,0.0,0,0.5600511431694031
9007,10,18,38,0,0,0,0,0,1.0,0.0,0,0.5517419576644897
9008,34,46,46,0,0,0,0,0,1.0,0.0,0,0.43772628903388977
9009,31,32,119,0,0,0,0,0,1.0,0.0,0,0.49748653173446655
9010,55,95,139,0,0,0,0,0,1.0,0.0,0,0.5080236196517944
9011,6,27,165,0,0,0,0,0,1.0,0.0,0,0.42784354090690613
9012,22,66,217,0,0,0,0,0,1.0,0.0,0,0.5457525253295898
9013,57,67,127,0,0,0,0,0,1.0,0.0,0,0.4786462187767029
9014,49,74,104,0,0,0,0,0,1.0,0.0,0,0.3895723223686218
9015,16,127,217,0,0,0,0,0,1.0,0.0,0,0.4875786304473877
9016,35,28,78,0,0,0,0,0,1.0,0.0,0,0.5618593692779541
9017,19,116,43,0,0,0,0,0,1.0,0.0,0,0.4910164773464203
9018,46,61,195,0,0,0,0,0,1.0,0.0,0,0.4786718189716339
9019,15,88,195,0,0,0,0,0,1.0,0.0,0,0.4011855125427246
9020,24,117,129,0,0,0,0,0,1.0,0.0,0,0.5006301403045654
9021,27,48,145,0,0,0,0,0,1.0,0.0,0,0.4557822048664093
9022,47,60,36,0,0,0,0,0,1.0,0.0,0,0.44760340452194214
9023,32,31,13,0,0,0,0,0,1.0,0.0,0,0.5597366094589233
9024,7,89,201,0,0,0,0,0,1.0,0.0,0,0.4836534261703491
9025,51,37,140,0,0,0,0,0,1.0,0.3777335534779393,0,0.43902233242988586
9026,38,43,115,0,0,0,0,0,1.0,0.0,0,0.5574266910552979
9027,61,27,81,0,0,0,0,0,1.0,0.0,0,0.45909765362739563
9028,56,101,243,0,0,0,0,0,1.0,0.0,0,0.4683244228363037
9029,57,105,56,0,0,0,0,0,1.0,0.0,0,0.5021129250526428
9030,0,80,14,0,0,0,0,0,1.0,0.0,0,0.45621660351753235
9031,15,53,35,0,0,0,0,0,1.0,0.0,0,0.4831103980541229
9032,31,69,173,0,0,0,0,0,1.0,0.3441799669117112,0,0.47392624616622925
9033,5,103,126,0,0,0,0,0,1.0,0.0,0,0.47734788060188293
9034,42,16,27,0,0,0,0,0,1.0,0.0,0,0.49733486771583557
9035,44,30,142,0,0,0,0,0,1.0,0.0,0,0.5563032627105713
9036,25,68,88,0,0,0,0,0,1.0,0.0,0,0.49286583065986633
9037,28,125,33,0,0,0,0,0,1.0,0.0,0,0.5393069386482239
9038,42,27,161,0,0,0,0,0,1.0,0.0,0,0.4760790169239044
9039,11,6,64,0,0,0,0,0,1.0,0.0,0,0.48179391026496887
9040,17,85,70,0,0,0,0,0,1.0,0.0,0,0.49055665731430054
9041,21,67,232,0,0,0,0,0,1.0,0.0,0,0.47404325008392334
9042,14,34,25,0,0,0,0,0,1.0,0.0,0,0.4805922210216522
9043,21,75,130,0,0,0,0,0,1.0,0.0,0,0.49404793977737427
9044,17,81,89,0,0,0,0,0,1.0,0.0,0,0.5532788634300232
9045,48,91,230,0,0,0,0,0,1.0,0.0,0,0.49534714221954346
9046,10,13,152,0,0,0,0,0,1.0,0.0,0,0.5394296050071716
9047,25,62,80,0,0,0,0,0,1.0,0.0,0,0.5150934457778931
9048,24,27,177,0,0,0,0,0,1.0,0.0,0,0.46655604243278503
9049,63,95,114,0,0,0,0,0,1.0,0.0,0,0.526999831199646
9050,16,61,116,0,0,0,0,0,1.0,0.0,0,0.5018458962440491
9051,5,78,223,0,0,0,0,0,1.0,0.0,0,0.441321462392807
9052,61,2,29,0,0,0,0,0,1.0,0.0,0,0.48051372170448303
9053,40,15,141,0,0,0,0,0,1.0,0.0,0,0.4610099494457245
9054,45,109,30,0,0,0,0,0,1.0,0.0,0,0.4569382071495056
9055,61,101,110,0,0,0,0,0,1.0,0.0,0,0.4866037368774414
9056,16,34,62,0,0,0,0,0,1.0,0.0,0,0.46898385882377625
9057,43,8,248,0,0,0,0,0,1.0,0.0,0,0.4984402358531952
9058,40,16,11,0,0,0,0,0,1.0,0.0,0,0.46582475304603577
9059,8,75,100,0,0,0,0,0,1.0,0.0,0,0.5664745569229126
9060,62,62,200,0,0,0,0,0,1.0,0.0,0,0.556057870388031
9061,62,9,83,0,0,0,0,0,1.0,0.383124918046687,0,0.5341267585754395
9062,5,121,203,0,0,0,0,0,1.0,0.0,0,0.47436732053756714
9063,61,108,157,0,0,0,0,0,1.0,0.0,0,0.5034664273262024
9064,13,0,43,0,0,0,0,0,1.0,0.0,0,0.5143564343452454
9065,47,88,48,0,0,0,0,0,1.0,0.0,0,0.5360026955604553
9066,36,60,151,0,0,0,0,0,1.0,0.0,0,0.42285576462745667
9067,2,60,191,0,0,0,0,0,1.0,0.0,0,0.4533713161945343
9068,50,67,93,0,0,0,0,0,1.0,0.0,0,0.45712894201278687
9069,9,93,254,0,0,0,0,0,1.0,0.0,0,0.5255604982376099
9070,37,2,19,0,0,0,0,0,1.0,0.0,0,0.48697778582572937
9071,5,103,28,0,0,0,0,0,1.0,0.0,0,0.5064305067062378
9072,48,71,135,0,0,0,0,0,1.0,0.0,0,0.5289385914802551
9073,46,126,229,0,0,0,0,0,1.0,0.0,0,0.47295081615448
9074,58,100,112,0,0,0,0,0,1.0,0.0,0,0.5304179191589355
9075,63,64,184,0,0,0,0,0,1.0,0.0,0,0.4591338336467743
9076,17,82,136,0,0,0,0,0,1.0,0.0,0,0.48658496141433716
9077,3,120,224,0,0,0,0,0,1.0,0.0,0,0.4732319414615631
9078,8,127,235,0,0,0,0,0,1.0,0.0,0,0.5308058261871338
9079,4,83,183,0,0,0,0,0,1.0,0.0,0,0.5055419206619263
9080,33,29,234,0,0,0,0,0,1.0,0.0,0,0.4273242950439453
9081,39,42,239,0,0,0,0,0,1.0,0.0,0,0.4919441342353821
9082,32,70,177,2,0,0,0,0,0.3333333333333333,0.0,0,0.496571809053421
9083,47,67,230,0,0,0,0,0,1.0,0.0,0,0.45845553278923035
9084,32,93,236,0,0,0,0,0,1.0,0.0,0,0.499327152967453
9085,33,127,90,0,0,0,0,0,1.0,0.0,0,0.5385341048240662
9086,32,40,243,0,0,0,0,0,1.0,0.0,0,0.5034704804420471
9087,16,50,77,0,0,0,0,0,1.0,0.0,0,0.4434804320335388
9088,41,92,196,0,0,0,0,0,1.0,0.0,0,0.4421428143978119
9089,41,60,135,0,0,0,0,0,1.0,0.0,0,0.46906474232673645
9090,48,123,53,0,0,0,0,0,1.0,0.0,0,0.5280547142028809
9091,56,113,101,0,0,0,0,0,1.0,0.0,0,0.4654942750930786
9092,4,64,72,0,0,0,0,0,1.0,0.0,0,0.4890766739845276
9093,59,39,121,0,0,0,0,0,1.0,0.0,0,0.5289902687072754
9094,55,26,211,0,0,0,0,0,1.0,0.0,0,0.49380752444267273
9095,24,3,103,0,0,0,0,0,1.0,0.0,0,0.5434476137161255
9096,49,62,166,0,0,0,0,0,1.0,0.0,0,0.5030171871185303
9097,25,30,241,0,0,0,0,0,1.0,0.0,0,0.4638827443122864
9098,48,18,135,0,0,0,0,0,1.0,0.0,0,0.570966362953186
9099,34,122,20,0,0,0,0,0,1.0,0.0,0,0.48293060064315796
9100,46,10,37,0,0,0,0,0,1.0,0.0,0,0.5383881330490112
9101,16,45,156,0,0,0,0,0,1.0,0.0,0,0.4705600440502167
9102,7,85,109,0,0,0,0,0,1.0,0.0,0,0.4813002943992615
9103,9,77,65,0,0,0,0,0,1.0,0.0,0,0.5444381237030029
9104,24,108,238,0,0,0,0,0,1.0,0.0,0,0.5495204329490662
9105,16,99,21,0,0,0,0,0,1.0,0.0,0,0.5522551536560059
9106,34,116,191,0,0,0,0,0,1.0,0.0,0,0.549850583076477
9107,4,114,204,0,0,0,0,0,1.0,0.0,0,0.44991588592529297
9108,46,84,51,0,0,0,0,0,1.0,0.0,0,0.4345294237136841
9109,36,15,65,0,0,0,0,0,1.0,0.0,0,0.46661698818206787
9110,59,28,59,0,0,0,0,0,1.0,0.0,0,0.49542343616485596
9111,14,30,154,0,0,0,0,0,1.0,0.0,0,0.5076738595962524
9112,13,111,154,0,0,0,0,0,1.0,0.0,0,0.4869972765445709
9113,12,58,51,0,0,0,0,0,1.0,0.0,0,0.4443869888782501
9114,37,99,141,0,0,0,0,0,1.0,0.0,0,0.5326281189918518
9115,59,19,115,0,0,0,0,0,1.0,0.0,0,0.5055893659591675
9116,33,87,124,0,0,0,0,0,1.0,0.0,0,0.5050223469734192
9117,49,68,27,0,0,0,0,0,1.0,0.0,0,0.46609967947006226
9118,52,60,224,0,0,0,0,0,1.0,0.0,0,0.45310384035110474
9119,17,118,5,0,0,0,0,0,1.0,0.0,0,0.5172080397605896
9120,61,7,129,0,0,0,0,0,1.0,0.0,0,0.5056056976318359
9121,52,40,130,0,0,0,0,0,1.0,0.0,0,0.4689706563949585
9122,12,0,196,0,0,0,0,0,1.0,0.0,0,0.5366783142089844
9123,60,104,3,0,0,0,0,0,1.0,0.0,0,0.5321147441864014
9124,42,115,174,0,0,0,0,0,1.0,0.0,0,0.5534318685531616
9125,40,64,193,0,0,0,0,0,1.0,0.0,0,0.48166516423225403
9126,22,36,197,0,0,0,0,0,1.0,0.0,0,0.5440830588340759
9127,58,112,185,0,0,0,0,0,1.0,0.0,0,0.4662211239337921
9128,13,75,227,0,0,0,0,0,1.0,0.0,0,0.4324743151664734
9129,0,112,134,0,0,0,0,0,1.0,0.0,0,0.4487430155277252
9130,20,86,67,0,0,0,0,0,1.0,0.0,0,0.49258437752723694
9131,48,118,65,0,0,0,0,0,1.0,0.0,0,0.5492355823516846
9132,18,59,157,0,0,0,0,0,1.0,0.0,0,0.4947309195995331
9133,50,1,251,0,0,0,0,0,1.0,0.0,0,0.4543474614620209
9134,28,0,138,0,0,0,0,0,1.0,0.0,0,0.46859079599380493
9135,52,75,130,0,0,0,0,0,1.0,0.0,0,0.43560558557510376
9136,49,64,178,0,0,0,0,0,1.0,0.0,0,0.48127156496047974
9137,8,88,90,0,0,0,0,0,1.0,0.0,0,0.49076512455940247
9138,39,86,198,0,0,0,0,0,1.0,0.0,0,0.4778002202510834
9139,10,87,149,0,0,0,0,0,1.0,0.0,0,0.5159393548965454
9140,4,84,235,0,0,0,0,0,1.0,0.0,0,0.4684348702430725
9141,49,51,80,0,0,0,0,0,1.0,0.0,0,0.5311342477798462
9142,3,29,147,0,0,0,0,0,1.0,0.0,0,0.48377132415771484
9143,21,22,207,0,0,0,0,0,1.0,0.0,0,0.5050196647644043
9144,53,42,22,0,0,0,0,0,1.0,0.0,0,0.5294885039329529
9145,24,25,55,0,0,0,0,0,1.0,0.0,0,0.5314398407936096
9146,24,62,78,0,0,0,0,0,1.0,0.0,0,0.49720367789268494
9147,6,22,10,0,0,0,0,0,1.0,0.0,0,0.47078737616539
9148,5,121,30,0,0,0,0,0,1.0,0.0,0,0.4832628667354584
9149,34,82,91,0,0,0,0,0,1.0,0.0,0,0.47967129945755005
9150,46,27,96,0,0,0,0,0,1.0,0.0,0,0.4485894739627838
9151,58,8,62,0,0,0,0,0,1.0,0.0,0,0.49082592129707336
9152,47,111,142,0,0,0,0,0,1.0,0.0,0,0.5176172256469727
9153,29,10,88,0,0,0,0,0,1.0,0.0,0,0.4560544192790985
9154,25,10,163,0,0,0,0,0,1.0,0.0,0,0.49817365407943726
9155,14,76,99,0,0,0,0,0,1.0,0.0,0,0.5437672734260559
9156,1,9,179,0,0,0,0,0,1.0,0.0,0,0.4378833472728729
9157,41,106,150,0,0,0,0,0,1.0,0.0,0,0.5013985633850098
9158,2,104,175,0,0,0,0,0,1.0,0.0,0,0.4077816605567932
9159,47,127,97,0,0,0,0,0,1.0,0.0,0,0.46793144941329956
9160,3,12,125,0,0,0,0,0,1.0,0.0,0,0.541085422039032
9161,6,31,216,0,0,0,0,0,1.0,0.0,0,0.5198761224746704
9162,38,101,7,0,0,0,0,0,1.0,0.0,0,0.4710301458835602
9163,43,99,86,0,0,0,0,0,1.0,0.0,0,0.5559924244880676
9164,40,23,155,0,0,0,0,0,1.0,0.0,0,0.5033066272735596
9165,26,17,158,0,0,0,0,0,1.0,0.0,0,0.4506717324256897
9166,59,22,39,0,0,0,0,0,1.0,0.0,0,0.5318127274513245
9167,35,90,254,0,0,0,0,0,1.0,0.0,0,0.4712766408920288
9168,46,85,16,0,0,0,0,0,1.0,0.0,0,0.4866671562194824
9169,0,0,0,5,0,0,0,0,0.16666666666666666,0.0,0,0.49848082661628723
9170,14,122,56,0,0,0,0,0,1.0,0.0,0,0.5030539035797119
9171,31,33,40,0,0,0,0,0,1.0,0.0,0,0.443682461977005
9172,47,71,197,0,0,0,0,0,1.0,0.0,0,0.5341413021087646
9173,35,126,231,0,0,0,0,0,1.0,0.0,0,0.4497986137866974
9174,6,29,131,0,0,0,0,0,1.0,0.0,0,0.5313439965248108
9175,6,85,137,0,0,0,0,0,1.0,0.0,0,0.538066565990448
9176,43,13,37,0,0,0,0,0,1.0,0.0,0,0.5446791648864746
9177,35,19,99,0,0,0,0,0,1.0,0.0,0,0.48774948716163635
9178,24,9,135,0,0,0,0,0,1.0,0.0,0,0.5006147027015686
9179,10,42,57,0,0,0,0,0,1.0,0.0,0,0.5430336594581604
9180,32,111,127,0,0,0,0,0,1.0,0.0,0,0.4588313102722168
9181,35,68,142,0,0,0,0,0,1.0,0.0,0,0.446397989988327
9182,49,98,184,0,0,0,0,0,1.0,0.0,0,0.43623754382133484
9183,35,31,179,0,0,0,0,0,1.0,0.0,0,0.5152606964111328
9184,16,121,68,0,0,0,0,0,1.0,0.0,0,0.4844338893890381
9185,35,54,35,0,0,0,0,0,1.0,0.0,0,0.5123242735862732
9186,36,22,69,0,0,0,0,0,1.0,0.0,0,0.4780401289463043
9187,11,13,206,0,0,0,0,0,1.0,0.0,0,0.47201958298683167
9188,42,78,138,0,0,0,0,0,1.0,0.0,0,0.5122985243797302
9189,27,16,35,0,0,0,0,0,1.0,0.0,0,0.5660859942436218
9190,39,15,9,0,0,0,0,0,1.0,0.0,0,0.4760825037956238
9191,51,33,15,0,0,0,0,0,1.0,0.0,0,0.46439066529273987
9192,36,125,253,0,0,0,0,0,1.0,0.0,0,0.5288172364234924
9193,34,94,152,0,0,0,0,0,1.0,0.0,0,0.4970643222332001
9194,18,66,46,0,0,0,0,0,1.0,0.0,0,0.5043904781341553
9195,37,115,140,0,0,0,0,0,1.0,0.0,0,0.5277918577194214
9196,49,63,114,0,0,0,0,0,1.0,0.0,0,0.5503670573234558
9197,10,67,158,0,0,0,0,0,1.0,0.0,0,0.524295449256897
9198,10,96,49,0,0,0,0,0,1.0,0.0,0,0.534923791885376
9199,56,118,90,0,0,0,0,0,1.0,0.0,0,0.5126403570175171
9200,63,84,255,0,0,0,0,0,1.0,0.0,0,0.428185373544693
9201,29,23,167,0,0,0,0,0,1.0,0.0,0,0.42231670022010803
9202,16,64,221,0,0,0,0,0,1.0,0.0,0,0.45564004778862
9203,11,66,158,0,0,0,0,0,1.0,0.0,0,0.47350776195526123
9204,39,42,14,0,0,0,0,0,1.0,0.0,0,0.4648154079914093
9205,54,47,237,0,0,0,0,0,1.0,0.0,0,0.5244810581207275
9206,38,42,88,0,0,0,0,0,1.0,0.0,0,0.5054132342338562
9207,11,64,234,0,0,0,0,0,1.0,0.0,0,0.50090491771698
9208,58,39,206,0,0,0,0,0,1.0,0.0,0,0.5418952107429504
9209,53,58,131,0,0,0,0,0,1.0,0.0,0,0.49500536918640137
9210,62,105,50,0,0,0,0,0,1.0,0.0,0,0.5622017979621887
9211,35,87,8,0,0,0,0,0,1.0,0.0,0,0.4211561381816864
9212,21,69,88,0,0,0,0,0,1.0,0.0,0,0.5209671854972839
9213,24,24,66,0,0,0,0,0,1.0,0.0,0,0.5446874499320984
9214,38,78,42,0,0,0,0,0,1.0,0.0,0,0.5381121039390564
9215,44,104,199,0,0,0,0,0,1.0,0.0,0,0.530839204788208
9216,1,5,179,0,0,0,0,0,1.0,0.0,0,0.4751572012901306
9217,43,27,159,0,0,0,0,0,1.0,0.3680012843896204,0,0.4995517432689667
9218,24,34,218,0,0,0,0,0,1.0,0.0,0,0.45589104294776917
9219,18,35,114,0,0,0,0,0,1.0,0.0,0,0.4201706051826477
9220,15,121,125,0,0,0,0,0,1.0,0.0,0,0.5202092528343201
9221,15,2,36,0,0,0,0,0,1.0,0.0,0,0.4458380937576294
9222,36,44,162,0,0,0,0,0,1.0,0.0,0,0.42410793900489807
9223,38,104,179,0,0,0,0,0,1.0,0.0,0,0.4889882504940033
9224,49,80,102,0,0,0,0,0,1.0,0.0,0,0.4494311511516571
9225,26,88,44,0,0,0,0,0,1.0,0.0,0,0.5148445963859558
9226,6,58,191,0,0,0,0,0,1.0,0.0,0,0.5577354431152344
9227,20,102,208,0,0,0,0,0,1.0,0.0,0,0.554794192314148
9228,26,122,179,0,0,0,0,0,1.0,0.0,0,0.48231378197669983
9229,30,34,147,0,0,0,0,0,1.0,0.0,0,0.4774155020713806
9230,57,25,230,0,0,0,0,0,1.0,0.0,0,0.46415913105010986
9231,55,114,245,0,0,0,0,0,1.0,0.0,0,0.5626250505447388
9232,13,17,87,0,0,0,0,0,1.0,0.0,0,0.49638524651527405
9233,56,20,159,0,0,0,0,0,1.0,0.0,0,0.48518630862236023
9234,37,5,137,0,0,0,0,0,1.0,0.0,0,0.5477643013000488
9235,31,94,10,0,0,0,0,0,1.0,0.0,0,0.5463016033172607
9236,31,121,210,0,0,0,0,0,1.0,0.0,0,0.5047653913497925
9237,27,94,1,0,0,0,0,0,1.0,0.0,0,0.508786678314209
9238,56,124,184,0,0,0,0,0,1.0,0.0,0,0.5119598507881165
9239,16,26,65,0,0,0,0,0,1.0,0.0,0,0.49877214431762695
9240,25,87,199,0,0,0,0,0,1.0,0.0,0,0.5333283543586731
9241,47,62,117,0,0,0,0,0,1.0,0.0,0,0.48942384123802185
9242,50,118,184,0,0,0,0,0,1.0,0.0,0,0.5028043985366821
9243,59,56,241,0,0,0,0,0,1.0,0.0,0,0.5264996290206909
9244,55,119,98,0,0,0,0,0,1.0,0.0,0,0.5849816203117371
9245,0,127,25,0,0,0,0,0,1.0,0.0,0,0.43811604380607605
9246,2,60,65,0,0,0,0,0,1.0,0.0,0,0.4871062934398651
9247,15,68,102,0,0,0,0,0,1.0,0.0,0,0.45889344811439514
9248,39,51,207,0,0,0,0,0,1.0,0.0,0,0.5232487916946411
9249,17,126,240,0,0,0,0,0,1.0,0.0,0,0.5235771536827087
9250,60,70,30,0,0,0,0,0,1.0,0.0,0,0.5572682619094849
9251,1,66,159,0,0,0,0,0,1.0,0.0,0,0.49422988295555115
9252,7,101,234,0,0,0,0,0,1.0,0.0,0,0.4885609745979309
9253,33,101,253,0,0,0,0,0,1.0,0.0,0,0.4842294454574585
9254,14,101,36,0,0,0,0,0,1.0,0.0,0,0.512904942035675
9255,26,3,100,0,0,0,0,0,1.0,0.0,0,0.5804599523544312
9256,47,80,98,0,0,0,0,0,1.0,0.0,0,0.47975611686706543
9257,39,88,145,0,0,0,0,0,1.0,0.0,0,0.5280593037605286
9258,54,42,9,0,0,0,0,0,1.0,0.0,0,0.499237596988678
9259,22,44,177,0,0,0,0,0,1.0,0.0,0,0.5474223494529724
9260,10,127,29,0,0,0,0,0,1.0,0.0,0,0.5095047354698181
9261,63,3,214,0,0,0,0,0,1.0,0.0,0,0.5155509114265442
9262,38,91,236,0,0,0,0,0,1.0,0.0,0,0.5442960262298584
9263,55,0,246,0,0,0,0,0,1.0,0.0,0,0.4763888120651245
9264,5,79,154,0,0,0,0,0,1.0,0.0,0,0.4889340400695801
9265,16,70,0,0,0,0,0,0,1.0,0.0,0,0.5532608032226562
9266,22,40,63,0,0,0,0,0,1.0,0.0,0,0.5853076577186584
9267,10,22,216,0,0,0,0,0,1.0,0.0,0,0.5183101296424866
9268,28,72,176,0,0,0,0,0,1.0,0.0,0,0.5080674290657043
9269,24,96,26,0,0,0,0,0,1.0,0.0,0,0.5367774963378906
9270,32,103,150,0,0,0,0,0,1.0,0.0,0,0.5124335289001465
9271,3,107,19,0,0,0,0,0,1.0,0.0,0,0.5323217511177063
9272,60,28,150,0,0,0,0,0,1.0,0.0,0,0.5609089732170105
9273,4,69,12,0,0,0,0,0,1.0,0.0,0,0.46665796637535095
9274,31,29,112,0,0,0,0,0,1.0,0.0,0,0.4808679521083832
9275,35,66,146,0,0,0,0,0,1.0,0.0,0,0.5200470685958862
9276,13,61,248,0,0,0,0,0,1.0,0.0,0,0.46704456210136414
9277,20,1,53,0,0,0,0,0,1.0,0.0,0,0.4615708589553833
9278,54,127,209,0,0,0,0,0,1.0,0.0,0,0.4590523838996887
9279,18,61,177,0,0,0,0,0,1.0,0.0,0,0.4846707582473755
9280,38,110,102,0,0,0,0,0,1.0,0.0,0,0.5538570880889893
9281,37,5,231,0,0,0,0,0,1.0,0.0,0,0.5931758880615234
9282,14,20,127,0,0,0,0,0,1.0,0.0,0,0.49341708421707153
9283,47,27,208,0,0,0,0,0,1.0,0.0,0,0.4555264115333557
9284,45,75,55,0,0,0,0,0,1.0,0.0,0,0.44961053133010864
9285,11,47,237,0,0,0,0,0,1.0,0.0,0,0.4564206600189209
9286,22,58,244,0,0,0,0,0,1.0,0.0,0,0.5111134648323059
9287,60,101,179,0,0,0,0,0,1.0,0.0,0,0.5052047371864319
9288,39,108,132,0,0,0,0,0,1.0,0.0,0,0.5524078011512756
9289,11,47,153,0,0,0,0,0,1.0,0.4118171269174516,0,0.528157651424408
9290,30,70,20,0,0,0,0,0,1.0,0.0,0,0.4865671992301941
9291,5,48,233,0,0,0,0,0,1.0,0.0,0,0.569116473197937
9292,36,104,37,0,0,0,0,0,1.0,0.0,0,0.4764428734779358
9293,46,98,234,0,0,0,0,0,1.0,0.0,0,0.44277533888816833
9294,18,1,230,0,0,0,0,0,1.0,0.0,0,0.4784935712814331
9295,32,79,253,0,0,0,0,0,1.0,0.0,0,0.5438332557678223
9296,32,103,237,0,0,0,0,0,1.0,0.0,0,0.5032666921615601
9297,3,36,124,0,0,0,0,0,1.0,0.0,0,0.5145756006240845
9298,26,107,54,0,0,0,0,0,1.0,0.0,0,0.5187354683876038
9299,32,93,195,0,0,0,0,0,1.0,0.0,0,0.5047621130943298
9300,8,62,31,0,0,0,0,0,1.0,0.0,0,0.5392420291900635
9301,19,118,152,0,0,0,0,0,1.0,0.0,0,0.4660487473011017
9302,46,35,184,0,0,0,0,0,1.0,0.0,0,0.5208730101585388
9303,46,91,81,0,0,0,0,0,1.0,0.0,0,0.4855177402496338
9304,54,29,162,0,0,0,0,0,1.0,0.0,0,0.44033417105674744
9305,5,11,219,0,0,0,0,0,1.0,0.0,0,0.5482688546180725
9306,5,17,250,0,0,0,0,0,1.0,0.0,0,0.4947843551635742
9307,47,99,89,0,0,0,0,0,1.0,0.0,0,0.5565366148948669
9308,6,45,65,0,0,0,0,0,1.0,0.0,0,0.4832495152950287
9309,54,26,134,0,0,0,0,0,1.0,0.0,0,0.4944581985473633
9310,13,96,84,0,0,0,0,0,1.0,0.0,0,0.4657401144504547
9311,44,85,245,0,0,0,0,0,1.0,0.0,0,0.46329188346862793
9312,24,117,38,0,0,0,0,0,1.0,0.0,0,0.4691041111946106
9313,34,42,227,0,0,0,0,0,1.0,0.0,0,0.4799719452857971
9314,13,51,110,0,0,0,0,0,1.0,0.0,0,0.4293226897716522
9315,25,107,236,0,0,0,0,0,1.0,0.0,0,0.5321288704872131
9316,52,58,205,0,0,0,0,0,1.0,0.0,0,0.44655492901802063
9317,41,47,31,0,0,0,0,0,1.0,0.0,0,0.5555790662765503
9318,58,109,193,0,0,0,0,0,1.0,0.0,0,0.46869349479675293
9319,41,104,203,0,0,0,0,0,1.0,0.0,0,0.5259449481964111
9320,25,98,172,0,0,0,0,0,1.0,0.0,0,0.5115445852279663
9321,63,98,201,0,0,0,0,0,1.0,0.0,0,0.5040723085403442
9322,54,67,174,0,0,0,0,0,1.0,0.0,0,0.4941990077495575
9323,47,48,37,0,0,0,0,0,1.0,0.0,0,0.5194233059883118
9324,56,78,125,0,0,0,0,0,1.0,0.0,0,0.548981785774231
9325,56,41,108,0,0,0,0,0,1.0,0.0,0,0.5582113862037659
9326,54,75,137,0,0,0,0,0,1.0,0.0,0,0.4667346775531769
9327,49,93,230,0,0,0,0,0,1.0,0.0,0,0.5285224318504333
9328,61,47,212,0,0,0,0,0,1.0,0.0,0,0.5191898941993713
9329,54,75,63,0,0,0,0,0,1.0,0.0,0,0.5235254168510437
9330,3,0,17,0,0,0,0,0,1.0,0.0,0,0.4314578175544739
9331,46,98,66,0,0,0,0,0,1.0,0.0,0,0.459661602973938
9332,50,102,130,0,0,0,0,0,1.0,0.0,0,0.433790922164917
9333,15,90,100,0,0,0,0,0,1.0,0.0,0,0.4697116017341614
9334,34,46,255,0,0,0,0,0,1.0,0.0,0,0.47858375310897827
9335,26,3,242,1,0,0,0,0,0.5,0.0,0,0.5085576772689819
9336,14,96,208,0,0,0,0,0,1.0,0.0,0,0.5758574604988098
9337,36,8,130,0,0,0,0,0,1.0,0.0,0,0.4687616229057312
9338,18,6,78,0,0,0,0,0,1.0,0.0,0,0.5018999576568604
9339,4,50,110,0,0,0,0,0,1.0,0.0,0,0.5749613642692566
9340,55,64,233,0,0,0,0,0,1.0,0.0,0,0.5397218465805054
9341,39,49,205,0,0,0,0,0,1.0,0.0,0,0.5336093902587891
9342,16,122,130,0,0,0,0,0,1.0,0.0,0,0.4679265022277832
9343,10,48,112,0,0,0,0,0,1.0,0.0,0,0.5274704694747925
9344,34,10,246,0,0,0,0,0,1.0,0.0,0,0.4562145173549652
9345,9,113,225,0,0,0,0,0,1.0,0.0,0,0.5257846713066101
9346,29,11,25,0,0,0,0,0,1.0,0.0,0,0.520232617855072
9347,6,45,150,0,0,0,0,0,1.0,0.0,0,0.5082498788833618
9348,28,72,31,0,0,0,0,0,1.0,0.0,0,0.5135354995727539
9349,24,47,210,0,0,0,0,0,1.0,0.0,0,0.5319930911064148
9350,24,49,61,0,0,0,0,0,1.0,0.0,0,0.5505364537239075
9351,42,89,37,0,0,0,0,0,1.0,0.0,0,0.5767367482185364
9352,14,36,223,0,0,0,0,0,1.0,0.0,0,0.5173906087875366
9353,10,71,195,0,0,0,0,0,1.0,0.0,0,0.5744630694389343
9354,21,101,214,0,0,0,0,0,1.0,0.0,0,0.43873539566993713
9355,43,110,206,0,0,0,0,0,1.0,0.0,0,0.5471104979515076
9356,23,93,225,0,0,0,0,0,1.0,0.0,0,0.5247732400894165
9357,34,10,119,0,0,0,0,0,1.0,0.0,0,0.48902493715286255
9358,35,13,4,0,0,0,0,0,1.0,0.0,0,0.47857028245925903
9359,52,29,148,0,0,0,0,0,1.0,0.0,0,0.4876210391521454
9360,49,2,27,0,0,0,0,0,1.0,0.0,0,0.44779306650161743
9361,3,87,141,0,0,0,0,0,1.0,0.0,0,0.5402510762214661
9362,25,30,55,0,0,0,0,0,1.0,0.0,0,0.47353461384773254
9363,36,50,223,0,0,0,0,0,1.0,0.0,0,0.44866839051246643
9364,25,82,201,0,0,0,0,0,1.0,0.0,0,0.4930993914604187
9365,10,24,81,0,0,0,0,0,1.0,0.0,0,0.498568594455719
9366,59,66,89,0,0,0,0,0,1.0,0.0,0,0.5538951754570007
9367,6,109,248,0,0,0,0,0,1.0,0.0,0,0.4682164192199707
9368,49,37,71,0,0,0,0,0,1.0,0.0,0,0.48639246821403503
9369,12,59,152,0,0,0,0,0,1.0,0.0,0,0.4924953877925873
9370,31,27,190,0,0,0,0,0,1.0,0.0,0,0.42736539244651794
9371,31,127,206,0,0,0,0,0,1.0,0.0,0,0.5504766702651978
9372,8,51,89,0,0,0,0,0,1.0,0.0,0,0.465973824262619
9373,8,70,81,0,0,0,0,0,1.0,0.0,0,0.48609912395477295
9374,2,86,106,0,0,0,0,0,1.0,0.0,0,0.44012248516082764
9375,27,73,152,0,0,0,0,0,1.0,0.0,0,0.53489750623703
9376,59,50,110,0,0,0,0,0,1.0,0.0,0,0.5040305852890015
9377,29,25,236,0,0,0,0,0,1.0,0.0,0,0.5073862075805664
9378,9,14,172,0,0,0,0,0,1.0,0.0,0,0.5246736407279968
9379,32,42,57,0,0,0,0,0,1.0,0.0,0,0.5298481583595276
9380,50,123,34,0,0,0,0,0,1.0,0.0,0,0.43117600679397583
9381,24,101,131,0,0,0,0,0,1.0,0.0,0,0.5208330154418945
9382,16,29,220,0,0,0,0,0,1.0,0.0,0,0.492481529712677
9383,5,35,223,0,0,0,0,0,1.0,0.0,0,0.5030289888381958
9384,51,68,193,0,0,0,0,0,1.0,0.0,0,0.44397976994514465
9385,63,92,6,0,0,0,0,0,1.0,0.0,0,0.5224835276603699
9386,39,64,40,0,0,0,0,0,1.0,0.0,0,0.5299866795539856
9387,63,37,68,0,0,0,0,0,1.0,0.0,0,0.511894166469574
9388,54,48,183,0,0,0,0,0,1.0,0.0,0,0.5351390242576599
9389,11,101,185,0,0,0,0,0,1.0,0.0,0,0.49296823143959045
9390,19,3,245,0,0,0,0,0,1.0,0.0,0,0.49560973048210144
9391,22,24,210,0,0,0,0,0,1.0,0.0,0,0.5346492528915405
9392,12,117,85,0,0,0,0,0,1.0,0.0,0,0.500832200050354
9393,28,125,14,0,0,0,0,0,1.0,0.0,0,0.5651293396949768
9394,54,91,82,0,0,0,0,0,1.0,0.0,0,0.5890828967094421
9395,28,114,147,0,0,0,0,0,1.0,0.0,0,0.4700690805912018
9396,24,117,151,0,0,0,0,0,1.0,0.0,0,0.5478814840316772
9397,6,108,160,0,0,0,0,0,1.0,0.0,0,0.5791725516319275
9398,9,28,233,0,0,0,0,0,1.0,0.0,0,0.5394027829170227
9399,50,105,222,0,0,0,0,0,1.0,0.0,0,0.4684595465660095
9400,32,47,128,0,0,0,0,0,1.0,0.0,0,0.5680555105209351
9401,54,77,70,0,0,0,0,0,1.0,0.0,0,0.5227273106575012
9402,14,10,190,0,0,0,0,0,1.0,0.0,0,0.5087382197380066
9403,12,101,104,0,0,0,0,0,1.0,0.0,0,0.492840975522995
9404,30,102,239,0,0,0,0,0,1.0,0.0,0,0.46221721172332764
9405,5,109,241,0,0,0,0,0,1.0,0.0,0,0.479768306016922
9406,63,7,193,0,0,0,0,0,1.0,0.0,0,0.5302127599716187
9407,63,83,176,0,0,0,0,0,1.0,0.0,0,0.5463783740997314
9408,10,42,85,0,0,0,0,0,1.0,0.0,0,0.5138686299324036
9409,24,20,165,0,0,0,0,0,1.0,0.0,0,0.4778437912464142
9410,5,98,149,0,0,0,0,0,1.0,0.0,0,0.5154045820236206
9411,34,0,148,0,0,0,0,0,1.0,0.0,0,0.513975977897644
9412,7,95,201,0,0,0,0,0,1.0,0.0,0,0.4699678421020508
9413,30,84,149,0,0,0,0,0,1.0,0.0,0,0.44799163937568665
9414,51,51,220,0,0,0,0,0,1.0,0.0,0,0.4531329870223999
9415,8,43,191,0,0,0,0,0,1.0,0.0,0,0.5126265287399292
9416,22,98,142,0,0,0,0,0,1.0,0.0,0,0.4746859669685364
9417,5,78,166,0,0,0,0,0,1.0,0.0,0,0.49715501070022583
9418,53,62,10,0,0,0,0,0,1.0,0.0,0,0.4719628095626831
9419,25,57,172,0,0,0,0,0,1.0,0.0,0,0.4945543110370636
9420,50,80,120,0,0,0,0,0,1.0,0.0,0,0.43472760915756226
9421,59,21,67,0,0,0,0,0,1.0,0.0,0,0.4937225580215454
9422,63,95,190,0,0,0,0,0,1.0,0.0,0,0.4554666578769684
9423,50,1,38,0,0,0,0,0,1.0,0.0,0,0.4873164892196655
9424,42,27,21,0,0,0,0,0,1.0,0.0,0,0.5060439109802246
9425,50,32,73,0,0,0,0,0,1.0,0.0,0,0.4368709623813629
9426,53,67,123,0,0,0,0,0,1.0,0.0,0,0.5650177597999573
9427,28,51,110,0,0,0,0,0,1.0,0.0,0,0.525428831577301
9428,7,75,69,0,0,0,0,0,1.0,0.0,0,0.4943296015262604
9429,38,9,101,0,0,0,0,0,1.0,0.0,0,0.5217225551605225
9430,60,115,54,0,0,0,0,0,1.0,0.0,0,0.5605723261833191
9431,50,55,125,0,0,0,0,0,1.0,0.0,0,0.499803364276886
9432,38,110,169,0,0,0,0,0,1.0,0.0,0,0.5408211350440979
9433,27,32,40,0,0,0,0,0,1.0,0.0,0,0.46936601400375366
9434,3,69,167,0,0,0,0,0,1.0,0.0,0,0.47790154814720154
9435,42,108,187,0,0,0,0,0,1.0,0.0,0,0.5168386101722717
9436,0,5,97,0,0,0,0,0,1.0,0.0,0,0.4937485456466675
9437,0,103,94,0,0,0,0,0,1.0,0.0,0,0.4743497669696808
9438,21,88,26,0,0,0,0,0,1.0,0.0,0,0.5199038982391357
9439,36,101,74,0,0,0,0,0,1.0,0.0,0,0.47339776158332825
9440,23,44,253,0,0,0,0,0,1.0,0.0,0,0.47714972496032715
9441,19,76,80,0,0,0,0,0,1.0,0.0,0,0.606705367565155
9442,36,5,239,0,0,0,0,0,1.0,0.0,0,0.46844223141670227
9443,21,13,209,0,0,0,0,0,1.0,0.0,0,0.5343812704086304
9444,60,25,120,0,0,0,0,0,1.0,0.0,0,0.5035916566848755
9445,49,31,93,0,0,0,0,0,1.0,0.0,0,0.5469011664390564
9446,19,45,180,0,0,0,0,0,1.0,0.0,0,0.5285748839378357
9447,62,97,154,0,0,0,0,0,1.0,0.0,0,0.5423519611358643
9448,35,49,163,0,0,0,0,0,1.0,0.0,0,0.4847145676612854
9449,24,47,87,0,0,0,0,0,1.0,0.0,0,0.5117442011833191
9450,47,97,194,0,0,0,0,0,1.0,0.0,0,0.5365537405014038
9451,58,109,43,0,0,0,0,0,1.0,0.0,0,0.5036901235580444
9452,27,7,139,0,0,0,0,0,1.0,0.0,0,0.477736234664917
9453,20,61,14,0,0,0,0,0,1.0,0.0,0,0.4909234941005707
9454,44,68,23,0,0,0,0,0,1.0,0.0,0,0.5419312119483948
9455,9,124,0,0,0,0,0,0,1.0,0.0,0,0.5570573806762695
9456,13,87,178,0,0,0,0,0,1.0,0.0,0,0.4525713324546814
9457,49,101,64,0,0,0,0,0,1.0,0.0,0,0.45125818252563477
9458,19,108,175,0,0,0,0,0,1.0,0.0,0,0.48963311314582825
9459,35,8,119,0,0,0,0,0,1.0,0.0,0,0.5272596478462219
9460,55,120,133,0,0,0,0,0,1.0,0.0,0,0.4801943600177765
9461,10,99,194,0,0,0,0,0,1.0,0.0,0,0.5328054428100586
9462,24,126,65,0,0,0,0,0,1.0,0.0,0,0.48035404086112976
9463,27,35,242,0,0,0,0,0,1.0,0.0,0,0.5373327136039734
9464,57,53,220,0,0,0,0,0,1.0,0.0,0,0.5058029294013977
9465,3,4,219,0,0,0,0,0,1.0,0.0,0,0.44944125413894653
9466,46,37,22,0,0,0,0,0,1.0,0.0,0,0.4726584851741791
9467,17,85,143,0,0,0,0,0,1.0,0.0,0,0.5573890805244446
9468,45,9,158,0,0,0,0,0,1.0,0.35682567750875643,0,0.4442348778247833
9469,13,83,167,0,0,0,0,0,1.0,0.0,0,0.4812222123146057
9470,21,51,102,0,0,0,0,0,1.0,0.0,0,0.44071468710899353
9471,16,42,247,0,0,0,0,0,1.0,0.0,0,0.46524709463119507
9472,7,24,183,0,0,0,0,0,1.0,0.0,0,0.528724730014801
9473,51,51,54,0,0,0,0,0,1.0,0.0,0,0.4791887104511261
9474,36,91,90,0,0,0,0,0,1.0,0.0,0,0.4815739095211029
9475,50,62,202,0,0,0,0,0,1.0,0.0,0,0.44896358251571655
9476,39,70,101,0,0,0,0,0,1.0,0.0,0,0.42996373772621155
9477,15,7,94,0,0,0,0,0,1.0,0.0,0,0.5139654874801636
9478,6,17,131,0,0,0,0,0,1.0,0.0,0,0.5368396639823914
9479,42,55,181,0,0,0,0,0,1.0,0.0,0,0.5074913501739502
9480,62,99,89,0,0,0,0,0,1.0,0.0,0,0.5467486381530762
9481,32,122,162,0,0,0,0,0,1.0,0.37926259958323516,0,0.46574875712394714
9482,61,57,103,0,0,0,0,0,1.0,0.0,0,0.5486340522766113
9483,5,5,119,0,0,0,0,0,1.0,0.0,0,0.5581393837928772
9484,51,75,62,0,0,0,0,0,1.0,0.0,0,0.4194994270801544
9485,18,48,62,0,0,0,0,0,1.0,0.0,0,0.5620775818824768
9486,11,117,151,0,0,0,0,0,1.0,0.0,0,0.48553943634033203
9487,34,6,35,0,0,0,0,0,1.0,0.0,0,0.4838593006134033
9488,49,5,194,0,0,0,0,0,1.0,0.0,0,0.4516863524913788
9489,5,121,148,0,0,0,0,0,1.0,0.0,0,0.4931502938270569
9490,60,48,191,0,0,0,0,0,1.0,0.0,0,0.48360341787338257
9491,50,123,39,0,0,0,0,0,1.0,0.0,0,0.510043203830719
9492,54,123,252,0,0,0,0,0,1.0,0.0,0,0.4913416802883148
9493,2,97,250,0,0,0,0,0,1.0,0.0,0,0.44523316621780396
9494,28,29,96,0,0,0,0,0,1.0,0.0,0,0.48620113730430603
9495,10,81,30,0,0,0,0,0,1.0,0.0,0,0.5471357703208923
9496,31,72,79,0,0,0,0,0,1.0,0.44109716045046665,0,0.5695889592170715
9497,15,4,72,0,0,0,0,0,1.0,0.0,0,0.4875278174877167
9498,3,39,163,0,0,0,0,0,1.0,0.0,0,0.49050891399383545
9499,34,73,9,0,0,0,0,0,1.0,0.0,0,0.4232757091522217
9500,48,37,107,0,0,0,0,0,1.0,0.0,0,0.5276153683662415
9501,17,76,205,0,0,0,0,0,1.0,0.0,0,0.5407355427742004
9502,17,80,225,0,0,0,0,0,1.0,0.0,0,0.5130791664123535
9503,56,79,214,0,0,0,0,0,1.0,0.0,0,0.5719217658042908
9504,9,111,169,0,0,0,0,0,1.0,0.0,0,0.541195809841156
9505,34,33,212,0,0,0,0,0,1.0,0.0,0,0.5051792860031128
9506,56,5,25,0,0,0,0,0,1.0,0.0,0,0.5383461117744446
9507,3,49,32,0,0,0,0,0,1.0,0.0,0,0.45578986406326294
9508,61,92,42,0,0,0,0,0,1.0,0.0,0,0.4245164096355438
9509,49,0,151,0,0,0,0,0,1.0,0.0,0,0.4779568612575531
9510,22,114,102,0,0,0,0,0,1.0,0.0,0,0.5661266446113586
9511,10,78,24,0,0,0,0,0,1.0,0.0,0,0.5745704770088196
9512,20,40,247,0,0,0,0,0,1.0,0.0,0,0.6171494722366333
9513,14,100,251,0,0,0,0,0,1.0,0.0,0,0.5241608023643494
9514,14,24,40,0,0,0,0,0,1.0,0.0,0,0.5070205330848694
9515,36,121,167,0,0,0,0,0,1.0,0.0,0,0.5225540399551392
9516,46,100,0,0,0,0,0,0,1.0,0.0,0,0.5481040477752686
9517,19,63,169,0,0,0,0,0,1.0,0.3418182069424299,0,0.4938751757144928
9518,24,97,78,0,0,0,0,0,1.0,0.0,0,0.5425947904586792
9519,20,98,188,0,0,0,0,0,1.0,0.0,0,0.5180196166038513
9520,36,87,236,0,0,0,0,0,1.0,0.0,0,0.4457942545413971
9521,36,69,49,0,0,0,0,0,1.0,0.0,0,0.46564948558807373
9522,56,74,120,0,0,0,0,0,1.0,0.0,0,0.5130807161331177
9523,62,93,141,0,0,0,0,0,1.0,0.0,0,0.4905560612678528
9524,41,115,107,0,0,0,0,0,1.0,0.0,0,0.4840512275695801
9525,50,55,209,0,0,0,0,0,1.0,0.0,0,0.5221327543258667
9526,35,81,50,0,0,0,0,0,1.0,0.0,0,0.43895599246025085
9527,63,108,56,0,0,0,0,0,1.0,0.0,0,0.496608704328537
9528,44,18,88,0,0,0,0,0,1.0,0.0,0,0.5976602435112
9529,31,42,185,0,0,0,0,0,1.0,0.0,0,0.46287158131599426
9530,55,110,6,0,0,0,0,0,1.0,0.0,0,0.5383285880088806
9531,2,6,144,0,0,0,0,0,1.0,0.0,0,0.5032387375831604
9532,39,123,220,0,0,0,0,0,1.0,0.0,0,0.4297260344028473
9533,47,7,195,0,0,0,0,0,1.0,0.0,0,0.46411019563674927
9534,6,110,106,0,0,0,0,0,1.0,0.0,0,0.5022927522659302
9535,7,23,52,0,0,0,0,0,1.0,0.0,0,0.49988529086112976
9536,36,114,186,0,0,0,0,0,1.0,0.0,0,0.5049290060997009
9537,16,13,87,0,0,0,0,0,1.0,0.0,0,0.5270746350288391
9538,5,91,175,0,0,0,0,0,1.0,0.0,0,0.5877561569213867
9539,60,95,196,0,0,0,0,0,1.0,0.0,0,0.4900820255279541
9540,10,18,122,0,0,0,0,0,1.0,0.0,0,0.5320290923118591
9541,31,127,51,0,0,0,0,0,1.0,0.0,0,0.46061068773269653
9542,33,26,239,0,0,0,0,0,1.0,0.0,0,0.4309886693954468
9543,34,114,88,0,0,0,0,0,1.0,0.34506553839237536,0,0.5198312401771545
9544,16,127,242,0,0,0,0,0,1.0,0.0,0,0.39833885431289673
9545,49,27,198,0,0,0,0,0,1.0,0.0,0,0.489542692899704
9546,32,61,246,0,0,0,0,0,1.0,0.0,0,0.45571956038475037
9547,28,101,45,0,0,0,0,0,1.0,0.0,0,0.47946375608444214
9548,37,124,38,0,0,0,0,0,1.0,0.0,0,0.5554304122924805
9549,10,90,44,0,0,0,0,0,1.0,0.0,0,0.5298228859901428
9550,61,58,130,0,0,0,0,0,1.0,0.0,0,0.4998209774494171
9551,52,10,27,0,0,0,0,0,1.0,0.0,0,0.5208234786987305
9552,25,78,119,0,0,0,0,0,1.0,0.0,0,0.603617250919342
9553,25,58,182,0,0,0,0,0,1.0,0.0,0,0.4553843140602112
9554,33,49,142,0,0,0,0,0,1.0,0.0,0,0.43479177355766296
9555,5,22,204,0,0,0,0,0,1.0,0.0,0,0.5038996338844299
9556,50,3,43,0,0,0,0,0,1.0,0.0,0,0.4655798077583313
9557,34,80,227,0,0,0,0,0,1.0,0.0,0,0.47981753945350647
9558,14,81,183,0,0,0,0,0,1.0,0.0,0,0.5512716770172119
9559,5,61,223,0,0,0,0,0,1.0,0.0,0,0.4432471692562103
9560,50,58,116,0,0,0,0,0,1.0,0.0,0,0.432475209236145
9561,16,88,95,0,0,0,0,0,1.0,0.0,0,0.4902605712413788
9562,37,71,98,0,0,0,0,0,1.0,0.0,0,0.4847192168235779
9563,42,108,127,0,0,0,0,0,1.0,0.0,0,0.5255898237228394
9564,2,44,77,0,0,0,0,0,1.0,0.0,0,0.48294010758399963
9565,36,117,152,0,0,0,0,0,1.0,0.0,0,0.4649635851383209
9566,56,122,162,0,0,0,0,0,1.0,0.0,0,0.46804115176200867
9567,49,51,158,0,0,0,0,0,1.0,0.0,0,0.47470948100090027
9568,25,57,98,0,0,0,0,0,1.0,0.0,0,0.5875995755195618
9569,32,29,191,0,0,0,0,0,1.0,0.0,0,0.4464869499206543
9570,49,29,40,0,0,0,0,0,1.0,0.0,0,0.4431101083755493
9571,33,80,130,0,0,0,0,0,1.0,0.0,0,0.4800378084182739
9572,39,103,44,0,0,0,0,0,1.0,0.0,0,0.5455061793327332
9573,18,48,150,0,0,0,0,0,1.0,0.0,0,0.46956610679626465
9574,6,81,130,0,0,0,0,0,1.0,0.0,0,0.5222718119621277
9575,39,27,179,0,0,0,0,0,1.0,0.0,0,0.5215849280357361
9576,54,40,253,0,0,0,0,0,1.0,0.0,0,0.5403308272361755
9577,51,59,99,0,0,0,0,0,1.0,0.0,0,0.40374135971069336
9578,29,11,45,0,0,0,0,0,1.0,0.0,0,0.45889317989349365
9579,47,33,119,0,0,0,0,0,1.0,0.0,0,0.5035014152526855
9580,58,22,252,0,0,0,0,0,1.0,0.0,0,0.48942914605140686
9581,60,3,80,0,0,0,0,0,1.0,0.0,0,0.4585177004337311
9582,12,45,214,0,0,0,0,0,1.0,0.0,0,0.5249645113945007
9583,56,75,212,0,0,0,0,0,1.0,0.0,0,0.4910896420478821
9584,39,118,188,0,0,0,0,0,1.0,0.0,0,0.49399271607398987
9585,49,127,160,0,0,0,0,0,1.0,0.0,0,0.4727475345134735
9586,8,77,37,0,0,0,0,0,1.0,0.0,0,0.5426856875419617
9587,8,115,227,0,0,0,0,0,1.0,0.0,0,0.5155086517333984
9588,11,62,193,0,0,0,0,0,1.0,0.0,0,0.4802412688732147
9589,36,52,120,0,0,0,0,0,1.0,0.0,0,0.4580547511577606
9590,16,50,57,0,0,0,0,0,1.0,0.0,0,0.44949764013290405
9591,19,123,61,0,0,0,0,0,1.0,0.0,0,0.5282390713691711
9592,6,115,104,0,0,0,0,0,1.0,0.0,0,0.47745057940483093
9593,19,101,171,0,0,0,0,0,1.0,0.0,0,0.5316087603569031
9594,7,101,84,0,0,0,0,0,1.0,0.0,0,0.4793519079685211
9595,49,47,4,0,0,0,0,0,1.0,0.0,0,0.5231126546859741
9596,1,64,254,0,0,0,0,0,1.0,0.0,0,0.5072359442710876
9597,46,30,255,0,0,0,0,0,1.0,0.0,0,0.4218299984931946
9598,39,123,114,0,0,0,0,0,1.0,0.0,0,0.4534551203250885
9599,37,110,254,0,0,0,0,0,1.0,0.0,0,0.5402601361274719
9600,39,63,105,0,0,0,0,0,1.0,0.0,0,0.5526915192604065
9601,45,116,8,0,0,0,0,0,1.0,0.0,0,0.4974363446235657
9602,10,23,178,0,0,0,0,0,1.0,0.0,0,0.5262841582298279
9603,8,82,158,0,0,0,0,0,1.0,0.0,0,0.4952775835990906
9604,39,114,53,0,0,0,0,0,1.0,0.0,0,0.514378011226654
9605,54,76,60,0,0,0,0,0,1.0,0.0,0,0.5121616721153259
9606,19,103,235,0,0,0,0,0,1.0,0.0,0,0.507524847984314
9607,28,115,253,0,0,0,0,0,1.0,0.0,0,0.5168611407279968
9608,58,61,164,0,0,0,0,0,1.0,0.0,0,0.442930668592453
9609,59,124,117,0,0,0,0,0,1.0,0.0,0,0.5480753183364868
9610,43,61,9,0,0,0,0,0,1.0,0.0,0,0.49019527435302734
9611,32,60,183,0,0,0,0,0,1.0,0.0,0,0.5648935437202454
9612,16,115,165,0,0,0,0,0,1.0,0.0,0,0.48341894149780273
9613,34,6,244,0,0,0,0,0,1.0,0.0,0,0.4938375651836395
9614,27,58,2,0,0,0,0,0,1.0,0.0,0,0.5034276247024536
9615,27,64,55,0,0,0,0,0,1.0,0.0,0,0.5263540744781494
9616,19,0,38,0,0,0,0,0,1.0,0.0,0,0.5352761745452881
9617,45,103,149,1,0,0,0,0,0.5,0.0,0,0.5789337158203125
9618,60,75,220,0,0,0,0,0,1.0,0.0,0,0.487431138753891
9619,22,61,204,0,0,0,0,0,1.0,0.0,0,0.545041561126709
9620,0,51,100,0,0,0,0,0,1.0,0.0,0,0.43528369069099426
9621,39,80,110,0,0,0,0,0,1.0,0.0,0,0.5599788427352905
9622,10,82,124,0,0,0,0,0,1.0,0.0,0,0.5302605628967285
9623,18,19,123,0,0,0,0,0,1.0,0.0,0,0.5342691540718079
9624,34,80,240,0,0,0,0,0,1.0,0.0,0,0.4699752628803253
9625,13,22,168,0,0,0,0,0,1.0,0.0,0,0.437411904335022
9626,39,123,106,0,0,0,0,0,1.0,0.0,0,0.5113827586174011
9627,62,73,78,0,0,0,0,0,1.0,0.0,0,0.5649369955062866
9628,63,69,10,0,0,0,0,0,1.0,0.0,0,0.47515347599983215
9629,31,105,88,0,0,0,0,0,1.0,0.0,0,0.4583693742752075
9630,21,13,247,0,0,0,0,0,1.0,0.0,0,0.486948162317276
9631,17,101,28,0,0,0,0,0,1.0,0.0,0,0.44624394178390503
9632,17,122,83,0,0,0,0,0,1.0,0.0,0,0.48577815294265747
9633,1,48,192,0,0,0,0,0,1.0,0.0,0,0.47086477279663086
9634,36,1,192,0,0,0,0,0,1.0,0.0,0,0.4604482352733612
9635,24,76,215,0,0,0,0,0,1.0,0.0,0,0.49354490637779236
9636,51,15,142,0,0,0,0,0,1.0,0.0,0,0.4983656406402588
9637,43,108,193,0,0,0,0,0,1.0,0.0,0,0.5648148655891418
9638,24,32,128,0,0,0,0,0,1.0,0.0,0,0.5369563102722168
9639,4,125,244,0,0,0,0,0,1.0,0.0,0,0.47626492381095886
9640,49,35,88,0,0,0,0,0,1.0,0.0,0,0.4633677899837494
9641,7,99,248,0,0,0,0,0,1.0,0.0,0,0.4834716320037842
9642,54,13,92,0,0,0,0,0,1.0,0.0,0,0.482155978679657
9643,11,27,15,0,0,0,0,0,1.0,0.0,0,0.4246681034564972
9644,54,96,142,0,0,0,0,0,1.0,0.0,0,0.5193926095962524
9645,18,47,251,0,0,0,0,0,1.0,0.0,0,0.5443956255912781
9646,1,52,165,0,0,0,0,0,1.0,0.0,0,0.46257051825523376
9647,59,72,9,0,0,0,0,0,1.0,0.0,0,0.48331403732299805
9648,29,84,56,0,0,0,0,0,1.0,0.0,0,0.43943461775779724
9649,19,83,234,0,0,0,0,0,1.0,0.0,0,0.5510478615760803
9650,17,74,252,0,0,0,0,0,1.0,0.0,0,0.5016050934791565
9651,17,65,74,0,0,0,0,0,1.0,0.0,0,0.48377546668052673
9652,8,106,215,0,0,0,0,0,1.0,0.0,0,0.5074081420898438
9653,12,11,138,0,0,0,0,0,1.0,0.0,0,0.47540944814682007
9654,21,60,136,0,0,0,0,0,1.0,0.0,0,0.46597161889076233
9655,56,94,78,0,0,0,0,0,1.0,0.0,0,0.49202030897140503
9656,22,27,82,0,0,0,0,0,1.0,0.0,0,0.5364913940429688
9657,47,108,121,0,0,0,0,0,1.0,0.0,0,0.5555837750434875
9658,63,50,42,0,0,0,0,0,1.0,0.0,0,0.5215440392494202
9659,36,91,213,0,0,0,0,0,1.0,0.0,0,0.44585907459259033
9660,56,76,178,0,0,0,0,0,1.0,0.0,0,0.44108909368515015
9661,8,40,134,0,0,0,0,0,1.0,0.0,0,0.5209685564041138
9662,46,86,4,0,0,0,0,0,1.0,0.0,0,0.4931212067604065
9663,53,65,130,0,0,0,0,0,1.0,0.0,0,0.5131126046180725
9664,40,111,28,0,0,0,0,0,1.0,0.0,0,0.505917489528656
9665,18,9,6,0,0,0,0,0,1.0,0.0,0,0.5009878277778625
9666,32,127,136,0,0,0,0,0,1.0,0.0,0,0.557983934879303
9667,39,92,45,0,0,0,0,0,1.0,0.0,0,0.5048972964286804
9668,0,4,177,0,0,0,0,0,1.0,0.0,0,0.4714883863925934
9669,35,49,226,0,0,0,0,0,1.0,0.0,0,0.5018832683563232
9670,28,5,34,0,0,0,0,0,1.0,0.0,0,0.5186765193939209
9671,5,89,15,0,0,0,0,0,1.0,0.0,0,0.5631434917449951
9672,52,67,191,0,0,0,0,0,1.0,0.0,0,0.45045608282089233
9673,4,20,0,0,0,0,0,0,1.0,0.0,0,0.473958820104599
9674,17,38,210,0,0,0,0,0,1.0,0.0,0,0.5431702136993408
9675,60,71,166,0,0,0,0,0,1.0,0.0,0,0.529769241809845
9676,56,38,51,0,0,0,0,0,1.0,0.0,0,0.5234174728393555
9677,18,35,121,0,0,0,0,0,1.0,0.0,0,0.4791688024997711
9678,63,123,57,0,0,0,0,0,0.3333333333333333,0.0,0,0.4388837516307831
9679,63,123,57,1,0,0,0,0,0.3333333333333333,0.0,0,0.4388837516307831
9680,63,123,57,2,0,0,0,0,0.3333333333333333,0.0,0,0.4388837516307831
9681,0,120,251,0,0,0,0,0,1.0,0.0,0,0.4792836010456085
9682,37,29,188,0,0,0,0,0,1.0,0.0,0,0.4632505476474762
9683,3,106,254,0,0,0,0,0,1.0,0.0,0,0.48228690028190613
9684,34,120,199,0,0,0,0,0,1.0,0.0,0,0.46852949261665344
9685,60,37,48,0,0,0,0,0,1.0,0.0,0,0.590896725654602
9686,35,72,246,0,0,0,0,0,1.0,0.0,0,0.4628947973251343
9687,37,119,4,0,0,0,0,0,1.0,0.0,0,0.4811191260814667
9688,31,98,136,0,0,0,0,0,1.0,0.0,0,0.4702838659286499
9689,46,13,248,0,0,0,0,0,1.0,0.0,0,0.5044453144073486
9690,3,21,100,0,0,0,0,0,1.0,0.0,0,0.5160253643989563
9691,23,17,42,0,0,0,0,0,1.0,0.0,0,0.5074785947799683
9692,38,43,151,0,0,0,0,0,1.0,0.3000242828675988,0,0.5326906442642212
9693,21,67,73,0,0,0,0,0,1.0,0.0,0,0.5213626623153687
9694,45,32,253,0,0,0,0,0,1.0,0.0,0,0.49708887934684753
9695,47,115,251,0,0,0,0,0,1.0,0.0,0,0.5112019181251526
9696,9,46,193,0,0,0,0,0,1.0,0.0,0,0.5681149363517761
9697,14,36,75,0,0,0,0,0,1.0,0.0,0,0.5337201356887817
9698,12,111,21,0,0,0,0,0,1.0,0.0,0,0.5445568561553955
9699,15,49,192,0,0,0,0,0,1.0,0.0,0,0.4604465365409851
9700,32,124,102,0,0,0,0,0,1.0,0.0,0,0.5430105924606323
9701,16,76,4,0,0,0,0,0,1.0,0.0,0,0.5032262206077576
9702,0,92,42,0,0,0,0,0,1.0,0.0,0,0.50105881690979
9703,37,8,199,0,0,0,0,0,1.0,0.0,0,0.4759887754917145
9704,26,49,65,0,0,0,0,0,1.0,0.0,0,0.5317252278327942
9705,47,104,110,0,0,0,0,0,1.0,0.0,0,0.48579490184783936
9706,57,127,201,0,0,0,0,0,1.0,0.0,0,0.5589978694915771
9707,60,31,105,0,0,0,0,0,1.0,0.0,0,0.5171436071395874
9708,9,52,231,0,0,0,0,0,1.0,0.0,0,0.53952556848526
9709,25,80,168,0,0,0,0,0,1.0,0.0,0,0.5562983751296997
9710,33,56,45,0,0,0,0,0,1.0,0.0,0,0.4840736985206604
9711,24,96,58,0,0,0,0,0,1.0,0.0,0,0.5329796671867371
9712,51,51,245,0,0,0,0,0,1.0,0.0,0,0.4731387495994568
9713,31,29,117,0,0,0,0,0,1.0,0.0,0,0.4736900329589844
9714,48,53,144,0,0,0,0,0,1.0,0.0,0,0.519057035446167
9715,28,53,152,0,0,0,0,0,1.0,0.0,0,0.5144249200820923
9716,54,47,38,0,0,0,0,0,1.0,0.0,0,0.5069655179977417
9717,49,51,88,0,0,0,0,0,1.0,0.0,0,0.47164803743362427
9718,17,123,156,0,0,0,0,0,1.0,0.0,0,0.541961669921875
9719,50,82,193,0,0,0,0,0,1.0,0.0,0,0.4632551670074463
9720,35,85,12,0,0,0,0,0,1.0,0.0,0,0.5276027917861938
9721,31,85,125,0,0,0,0,0,1.0,0.0,0,0.5642743706703186
9722,33,27,198,0,0,0,0,0,1.0,0.0,0,0.457558810710907
9723,13,84,101,0,0,0,0,0,1.0,0.0,0,0.4235522449016571
9724,24,90,148,0,0,0,0,0,1.0,0.0,0,0.5959973931312561
9725,9,107,174,0,0,0,0,0,1.0,0.0,0,0.4658588469028473
9726,43,93,219,0,0,0,0,0,1.0,0.0,0,0.5051262974739075
9727,33,51,36,0,0,0,0,0,1.0,0.0,0,0.4824621379375458
9728,23,45,15,0,0,0,0,0,1.0,0.0,0,0.5386260747909546
9729,39,123,155,0,0,0,0,0,1.0,0.0,0,0.4606490135192871
9730,49,120,132,0,0,0,0,0,1.0,0.0,0,0.5079933404922485
9731,32,111,133,0,0,0,0,0,1.0,0.0,0,0.5148254036903381
9732,7,98,26,0,0,0,0,0,1.0,0.0,0,0.5459725856781006
9733,53,113,199,0,0,0,0,0,1.0,0.0,0,0.5466400980949402
9734,7,60,241,0,0,0,0,0,1.0,0.0,0,0.47526443004608154
9735,37,77,241,0,0,0,0,0,1.0,0.0,0,0.4773857295513153
9736,19,7,176,0,0,0,0,0,1.0,0.0,0,0.5201061964035034
9737,34,80,59,0,0,0,0,0,1.0,0.0,0,0.4755462110042572
9738,39,112,88,0,0,0,0,0,1.0,0.0,0,0.48049819469451904
9739,28,58,167,0,0,0,0,0,1.0,0.0,0,0.49291324615478516
9740,22,51,23,0,0,0,0,0,1.0,0.0,0,0.5056707262992859
9741,49,2,211,0,0,0,0,0,1.0,0.0,0,0.4376530051231384
9742,7,61,97,0,0,0,0,0,1.0,0.0,0,0.45837751030921936
9743,5,124,188,0,0,0,0,0,1.0,0.0,0,0.5277675986289978
9744,62,32,92,0,0,0,0,0,1.0,0.0,0,0.4519807994365692
9745,20,13,149,0,0,0,0,0,1.0,0.0,0,0.588939905166626
9746,55,42,187,0,0,0,0,0,1.0,0.0,0,0.46258753538131714
9747,40,31,138,0,0,0,0,0,1.0,0.0,0,0.46824923157691956
9748,63,7,197,0,0,0,0,0,1.0,0.0,0,0.5528301000595093
9749,34,6,255,0,0,0,0,0,1.0,0.0,0,0.4865632951259613
9750,47,0,126,0,0,0,0,0,1.0,0.0,0,0.49067187309265137
9751,14,87,140,0,0,0,0,0,1.0,0.0,0,0.5656944513320923
9752,6,37,72,0,0,0,0,0,1.0,0.0,0,0.5519563555717468
9753,8,67,104,0,0,0,0,0,1.0,0.0,0,0.5072523355484009
9754,10,72,60,0,0,0,0,0,1.0,0.0,0,0.4360516369342804
9755,17,7,47,0,0,0,0,0,1.0,0.0,0,0.5302280187606812
9756,13,108,112,0,0,0,0,0,1.0,0.0,0,0.5133416056632996
9757,23,101,176,0,0,0,0,0,1.0,0.0,0,0.5117208361625671
9758,23,120,82,0,0,0,0,0,1.0,0.0,0,0.4732435345649719
9759,8,75,220,0,0,0,0,0,1.0,0.0,0,0.5181547999382019
9760,49,104,92,0,0,0,0,0,1.0,0.0,0,0.47750213742256165
9761,9,77,230,0,0,0,0,0,1.0,0.0,0,0.5664219260215759
9762,56,77,218,0,0,0,0,0,1.0,0.0,0,0.4662007987499237
9763,8,67,248,0,0,0,0,0,1.0,0.0,0,0.5346311330795288
9764,38,110,209,0,0,0,0,0,1.0,0.0,0,0.49435731768608093
9765,36,42,165,0,0,0,0,0,1.0,0.0,0,0.40019503235816956
9766,34,23,160,0,0,0,0,0,1.0,0.0,0,0.48937320709228516
9767,63,100,216,0,0,0,0,0,1.0,0.0,0,0.4555568993091583
9768,38,35,102,0,0,0,0,0,0.5,0.0,0,0.5313113927841187
9769,38,35,102,1,0,0,0,0,0.5,0.0,0,0.5313113927841187
9770,21,4,224,0,0,0,0,0,1.0,0.0,0,0.534637451171875
9771,29,28,236,0,0,0,0,0,1.0,0.0,0,0.4311577081680298
9772,35,83,227,0,0,0,0,0,1.0,0.0,0,0.5303449630737305
9773,49,115,221,0,0,0,0,0,1.0,0.0,0,0.5051576495170593
9774,30,94,117,0,0,0,0,0,1.0,0.0,0,0.4418478310108185
9775,58,27,90,0,0,0,0,0,1.0,0.0,0,0.4077583849430084
9776,54,66,71,0,0,0,0,0,1.0,0.0,0,0.5398290157318115
9777,52,105,127,0,0,0,0,0,1.0,0.0,0,0.46807047724723816
9778,2,51,183,0,0,0,0,0,1.0,0.0,0,0.46093395352363586
9779,5,104,244,0,0,0,0,0,1.0,0.0,0,0.4862361252307892
9780,3,44,77,0,0,0,0,0,1.0,0.0,0,0.5112401247024536
9781,3,92,198,0,0,0,0,0,1.0,0.0,0,0.47777143120765686
9782,26,114,254,0,0,0,0,0,1.0,0.0,0,0.5106353163719177
9783,34,109,149,0,0,0,0,0,1.0,0.0,0,0.44579094648361206
9784,34,100,30,0,0,0,0,0,1.0,0.0,0,0.42231786251068115
9785,27,111,199,0,0,0,0,0,1.0,0.0,0,0.5560474395751953
9786,50,32,0,0,0,0,0,0,1.0,0.0,0,0.48816409707069397
9787,11,73,242,0,0,0,0,0,1.0,0.0,0,0.4954688549041748
9788,54,53,14,0,0,0,0,0,1.0,0.0,0,0.53863525390625
9789,32,61,198,0,0,0,0,0,1.0,0.0,0,0.5381278991699219
9790,8,118,198,0,0,0,0,0,1.0,0.0,0,0.5030910968780518
9791,39,11,155,0,0,0,0,0,1.0,0.0,0,0.5300673246383667
9792,49,69,151,0,0,0,0,0,1.0,0.0,0,0.5194461345672607
9793,20,72,126,0,0,0,0,0,1.0,0.0,0,0.47436460852622986
9794,11,68,84,0,0,0,0,0,1.0,0.3627502216899736,0,0.4881351590156555
9795,20,90,123,0,0,0,0,0,1.0,0.0,0,0.4930424988269806
9796,55,35,36,0,0,0,0,0,1.0,0.0,0,0.4693860411643982
9797,22,86,113,0,0,0,0,0,1.0,0.0,0,0.5444654822349548
9798,27,67,250,0,0,0,0,0,1.0,0.0,0,0.45775172114372253
9799,27,60,39,0,0,0,0,0,1.0,0.0,0,0.5026924014091492
9800,59,14,182,0,0,0,0,0,1.0,0.0,0,0.545285701751709
9801,17,16,2,0,0,0,0,0,1.0,0.0,0,0.5421124696731567
9802,63,112,225,0,0,0,0,0,1.0,0.0,0,0.46975985169410706
9803,44,28,255,0,0,0,0,0,1.0,0.0,0,0.4975097179412842
9804,5,65,37,0,0,0,0,0,1.0,0.0,0,0.4942513108253479
9805,34,8,201,0,0,0,0,0,1.0,0.0,0,0.608332097530365
9806,9,45,134,0,0,0,0,0,1.0,0.0,0,0.49667447805404663
9807,10,29,253,0,0,0,0,0,1.0,0.0,0,0.5178816318511963
9808,51,33,157,0,0,0,0,0,1.0,0.0,0,0.49943095445632935
9809,53,115,117,0,0,0,0,0,1.0,0.0,0,0.49339547753334045
9810,27,48,225,0,0,0,0,0,1.0,0.0,0,0.5186923742294312
9811,27,1,27,0,0,0,0,0,1.0,0.0,0,0.5267232656478882
9812,40,13,155,0,0,0,0,0,1.0,0.0,0,0.487621009349823
9813,38,18,81,0,0,0,0,0,1.0,0.0,0,0.528437614440918
9814,10,0,219,0,0,0,0,0,1.0,0.0,0,0.4981192946434021
9815,62,120,175,0,0,0,0,0,1.0,0.0,0,0.6090956330299377
9816,48,92,75,0,0,0,0,0,1.0,0.0,0,0.5210527181625366
9817,26,21,71,0,0,0,0,0,1.0,0.0,0,0.5182430148124695
9818,50,126,175,0,0,0,0,0,1.0,0.0,0,0.47965753078460693
9819,58,38,115,0,0,0,0,0,1.0,0.0,0,0.5103598833084106
9820,55,73,98,0,0,0,0,0,1.0,0.0,0,0.5434173345565796
9821,26,3,97,0,0,0,0,0,1.0,0.0,0,0.49788394570350647
9822,31,106,224,0,0,0,0,0,1.0,0.4193287202295045,0,0.5397961735725403
9823,13,21,251,0,0,0,0,0,1.0,0.0,0,0.45262816548347473
9824,49,36,250,0,0,0,0,0,1.0,0.0,0,0.496829092502594
9825,55,54,110,0,0,0,0,0,1.0,0.0,0,0.5549181699752808
9826,19,117,110,0,0,0,0,0,1.0,0.0,0,0.48129528760910034
9827,24,49,91,0,0,0,0,0,1.0,0.0,0,0.5184962749481201
9828,52,18,87,0,0,0,0,0,1.0,0.0,0,0.45387959480285645
9829,15,1,122,0,0,0,0,0,1.0,0.0,0,0.574018657207489
9830,28,101,48,0,0,0,0,0,1.0,0.0,0,0.4875502288341522
9831,35,122,226,0,0,0,0,0,1.0,0.0,0,0.495623916387558
9832,10,22,58,0,0,0,0,0,1.0,0.0,0,0.5425113439559937
9833,41,125,48,0,0,0,0,0,1.0,0.0,0,0.4596053957939148
9834,14,81,35,0,0,0,0,0,1.0,0.0,0,0.6223196983337402
9835,54,24,220,0,0,0,0,0,1.0,0.0,0,0.530717134475708
9836,1,10,87,0,0,0,0,0,1.0,0.0,0,0.4266355037689209
9837,49,101,191,0,0,0,0,0,1.0,0.0,0,0.46392470598220825
9838,60,65,162,0,0,0,0,0,1.0,0.0,0,0.46324050426483154
9839,37,12,235,0,0,0,0,0,1.0,0.0,0,0.5562334060668945
9840,27,87,199,0,0,0,0,0,1.0,0.0,0,0.5414900779724121
9841,50,122,185,0,0,0,0,0,1.0,0.0,0,0.4393356144428253
9842,14,20,120,0,0,0,0,0,1.0,0.0,0,0.5407578945159912
9843,54,100,226,0,0,0,0,0,1.0,0.0,0,0.5740885138511658
9844,18,9,100,0,0,0,0,0,1.0,0.3996572609258255,0,0.5336739420890808
9845,26,3,107,0,0,0,0,0,1.0,0.0,0,0.5031999349594116
9846,17,51,64,0,0,0,0,0,1.0,0.0,0,0.490790456533432
9847,3,110,230,0,0,0,0,0,1.0,0.0,0,0.4752686321735382
9848,55,66,100,0,0,0,0,0,1.0,0.0,0,0.4726921617984772
9849,22,96,142,0,0,0,0,0,1.0,0.0,0,0.5579466819763184
9850,24,30,120,0,0,0,0,0,1.0,0.0,0,0.5239741206169128
9851,36,88,156,0,0,0,0,0,1.0,0.3691378195129003,0,0.42430779337882996
9852,16,22,103,0,0,0,0,0,1.0,0.0,0,0.5656694173812866
9853,17,76,43,0,0,0,0,0,1.0,0.0,0,0.43500426411628723
9854,1,10,132,0,0,0,0,0,1.0,0.0,0,0.5312644243240356
9855,52,123,3,0,0,0,0,0,1.0,0.0,0,0.44496214389801025
9856,40,106,155,0,0,0,0,0,1.0,0.0,0,0.5052279829978943
9857,10,95,212,0,0,0,0,0,1.0,0.0,0,0.5345150828361511
9858,43,49,188,0,0,0,0,0,1.0,0.0,0,0.6005516648292542
9859,56,113,148,0,0,0,0,0,1.0,0.0,0,0.5223912596702576
9860,20,113,214,0,0,0,0,0,1.0,0.0,0,0.6169994473457336
9861,25,90,194,0,0,0,0,0,1.0,0.0,0,0.5414059162139893
9862,1,108,163,0,0,0,0,0,1.0,0.0,0,0.5160871148109436
9863,15,19,254,0,0,0,0,0,1.0,0.0,0,0.429648756980896
9864,35,31,173,0,0,0,0,0,1.0,0.0,0,0.5336852073669434
9865,3,40,169,0,0,0,0,0,1.0,0.0,0,0.5524213314056396
9866,8,67,162,0,0,0,0,0,1.0,0.0,0,0.5063351988792419
9867,16,70,9,0,0,0,0,0,1.0,0.0,0,0.5449267029762268
9868,43,61,3,0,0,0,0,0,1.0,0.0,0,0.48615604639053345
9869,9,75,21,0,0,0,0,0,1.0,0.0,0,0.49367883801460266
9870,49,96,247,0,0,0,0,0,1.0,0.0,0,0.5352391004562378
9871,24,30,153,0,0,0,0,0,1.0,0.0,0,0.471935510635376
9872,32,41,195,0,0,0,0,0,1.0,0.0,0,0.5089619755744934
9873,24,32,244,0,0,0,0,0,1.0,0.0,0,0.4779314398765564
9874,14,46,27,0,0,0,0,0,1.0,0.0,0,0.5276667475700378
9875,14,28,67,0,0,0,0,0,1.0,0.0,0,0.4954170882701874
9876,2,12,48,0,0,0,0,0,1.0,0.0,0,0.5204586982727051
9877,1,16,10,0,0,0,0,0,1.0,0.0,0,0.5168001651763916
9878,49,124,140,0,0,0,0,0,1.0,0.402064936678483,0,0.5220847129821777
9879,60,70,213,0,0,0,0,0,1.0,0.0,0,0.5900918841362
9880,14,4,218,0,0,0,0,0,1.0,0.0,0,0.5384960770606995
9881,41,105,193,0,0,0,0,0,1.0,0.0,0,0.5424589514732361
9882,23,116,193,0,0,0,0,0,1.0,0.0,0,0.5036128163337708
9883,43,39,234,0,0,0,0,0,1.0,0.0,0,0.5656836628913879
9884,13,108,24,0,0,0,0,0,1.0,0.0,0,0.5070564150810242
9885,50,52,90,0,0,0,0,0,1.0,0.0,0,0.4571409523487091
9886,27,112,76,0,0,0,0,0,1.0,0.0,0,0.5019038319587708
9887,48,92,249,0,0,0,0,0,1.0,0.0,0,0.5339295864105225
9888,49,13,250,0,0,0,0,0,1.0,0.0,0,0.4626215398311615
9889,43,29,255,0,0,0,0,0,1.0,0.0,0,0.4378662407398224
9890,18,50,181,0,0,0,0,0,1.0,0.0,0,0.5145646333694458
9891,28,72,184,0,0,0,0,0,1.0,0.0,0,0.4964875280857086
9892,27,67,254,0,0,0,0,0,1.0,0.0,0,0.5315913558006287
9893,24,30,54,0,0,0,0,0,1.0,0.0,0,0.4857388138771057
9894,24,61,179,0,0,0,0,0,1.0,0.0,0,0.4508035182952881
9895,15,74,84,0,0,0,0,0,1.0,0.0,0,0.4415154755115509
9896,4,97,110,0,0,0,0,0,1.0,0.0,0,0.48499250411987305
9897,62,38,65,0,0,0,0,0,1.0,0.0,0,0.5545717477798462
9898,51,27,239,0,0,0,0,0,1.0,0.0,0,0.4203685224056244
9899,41,55,71,0,0,0,0,0,1.0,0.0,0,0.5007747411727905
9900,8,75,239,0,0,0,0,0,1.0,0.0,0,0.5732501149177551
9901,38,15,165,0,0,0,0,0,1.0,0.0,0,0.4807486832141876
9902,48,16,80,0,0,0,0,0,1.0,0.0,0,0.5203244090080261
9903,15,85,80,0,0,0,0,0,1.0,0.3882716362216228,0,0.5641137361526489
9904,55,72,199,0,0,0,0,0,1.0,0.0,0,0.4732973575592041
9905,56,122,104,0,0,0,0,0,1.0,0.0,0,0.49342241883277893
9906,50,10,106,0,0,0,0,0,1.0,0.0,0,0.4831222593784332
9907,55,55,155,0,0,0,0,0,1.0,0.0,0,0.5060353875160217
9908,24,49,23,0,0,0,0,0,1.0,0.0,0,0.5367319583892822
9909,20,96,129,0,0,0,0,0,1.0,0.0,0,0.5955870747566223
9910,39,57,25,0,0,0,0,0,1.0,0.0,0,0.5252708196640015
9911,25,73,155,0,0,0,0,0,1.0,0.0,0,0.48376837372779846
9912,61,109,158,0,0,0,0,0,1.0,0.0,0,0.50690758228302
9913,3,58,110,0,0,0,0,0,1.0,0.0,0,0.4753539264202118
9914,27,67,111,0,0,0,0,0,1.0,0.0,0,0.4370405972003937
9915,27,32,127,0,0,0,0,0,1.0,0.38935683310197916,0,0.5204049348831177
9916,30,25,162,0,0,0,0,0,1.0,0.0,0,0.4637591540813446
9917,15,1,15,0,0,0,0,0,1.0,0.0,0,0.5322759747505188
9918,55,66,241,0,0,0,0,0,1.0,0.0,0,0.5422611236572266
9919,38,43,253,0,0,0,0,0,1.0,0.0,0,0.48039448261260986
9920,46,6,215,0,0,0,0,0,1.0,0.0,0,0.4491939842700958
9921,30,116,13,0,0,0,0,0,1.0,0.0,0,0.4958135485649109
