W1010 18:51:03.802525 713912 /fs04/scratch2/ar57/wenyu/genrec_env_v2/lib/python3.9/site-packages/torch/distributed/run.py:774] 
W1010 18:51:03.802525 713912 /fs04/scratch2/ar57/wenyu/genrec_env_v2/lib/python3.9/site-packages/torch/distributed/run.py:774] *****************************************
W1010 18:51:03.802525 713912 /fs04/scratch2/ar57/wenyu/genrec_env_v2/lib/python3.9/site-packages/torch/distributed/run.py:774] Setting OMP_NUM_THREADS environment variable for each process to be 1 in default, to avoid your system being overloaded, please further tune the variable for optimal performance in your application as needed. 
W1010 18:51:03.802525 713912 /fs04/scratch2/ar57/wenyu/genrec_env_v2/lib/python3.9/site-packages/torch/distributed/run.py:774] *****************************************
[RecBole RQ-VAE] device=cuda:0 all_items=24587 train_items=24556 world_size=4
[RecBole RQ-VAE] config: epochs=3000 batch_size_per_rank=1024 total_batch=4096 lr=0.001
[RecBole RQ-VAE] initializing codebooks with KMeans
/fs04/ar57/wenyu/GeneRec/stage2_RQ-VAE/TIGER_BEHAVIOR_SAMPLE_RQ-VAE/model/layers.py:102: UserWarning: Deterministic behavior was enabled with either `torch.use_deterministic_algorithms(True)` or `at::Context::setDeterministicAlgorithms(true)`, but this operation is not deterministic because it uses CuBLAS and you have CUDA >= 10.2. To enable deterministic behavior in this case, you must set an environment variable before running your PyTorch application: CUBLAS_WORKSPACE_CONFIG=:4096:8 or CUBLAS_WORKSPACE_CONFIG=:16:8. For more information, go to https://docs.nvidia.com/cuda/cublas/index.html#results-reproducibility (Triggered internally at /pytorch/aten/src/ATen/Context.cpp:233.)
  - 2 * latent @ code_embs.t()
/fs04/ar57/wenyu/GeneRec/stage2_RQ-VAE/TIGER_BEHAVIOR_SAMPLE_RQ-VAE/model/layers.py:102: UserWarning: Deterministic behavior was enabled with either `torch.use_deterministic_algorithms(True)` or `at::Context::setDeterministicAlgorithms(true)`, but this operation is not deterministic because it uses CuBLAS and you have CUDA >= 10.2. To enable deterministic behavior in this case, you must set an environment variable before running your PyTorch application: CUBLAS_WORKSPACE_CONFIG=:4096:8 or CUBLAS_WORKSPACE_CONFIG=:16:8. For more information, go to https://docs.nvidia.com/cuda/cublas/index.html#results-reproducibility (Triggered internally at /pytorch/aten/src/ATen/Context.cpp:233.)
  - 2 * latent @ code_embs.t()
/fs04/ar57/wenyu/GeneRec/stage2_RQ-VAE/TIGER_BEHAVIOR_SAMPLE_RQ-VAE/model/layers.py:102: UserWarning: Deterministic behavior was enabled with either `torch.use_deterministic_algorithms(True)` or `at::Context::setDeterministicAlgorithms(true)`, but this operation is not deterministic because it uses CuBLAS and you have CUDA >= 10.2. To enable deterministic behavior in this case, you must set an environment variable before running your PyTorch application: CUBLAS_WORKSPACE_CONFIG=:4096:8 or CUBLAS_WORKSPACE_CONFIG=:16:8. For more information, go to https://docs.nvidia.com/cuda/cublas/index.html#results-reproducibility (Triggered internally at /pytorch/aten/src/ATen/Context.cpp:233.)
  - 2 * latent @ code_embs.t()
/fs04/ar57/wenyu/GeneRec/stage2_RQ-VAE/TIGER_BEHAVIOR_SAMPLE_RQ-VAE/model/layers.py:102: UserWarning: Deterministic behavior was enabled with either `torch.use_deterministic_algorithms(True)` or `at::Context::setDeterministicAlgorithms(true)`, but this operation is not deterministic because it uses CuBLAS and you have CUDA >= 10.2. To enable deterministic behavior in this case, you must set an environment variable before running your PyTorch application: CUBLAS_WORKSPACE_CONFIG=:4096:8 or CUBLAS_WORKSPACE_CONFIG=:16:8. For more information, go to https://docs.nvidia.com/cuda/cublas/index.html#results-reproducibility (Triggered internally at /pytorch/aten/src/ATen/Context.cpp:233.)
  - 2 * latent @ code_embs.t()
/fs04/ar57/wenyu/GeneRec/stage2_RQ-VAE/TIGER_BEHAVIOR_SAMPLE_RQ-VAE/model/layers.py:102: UserWarning: Deterministic behavior was enabled with either `torch.use_deterministic_algorithms(True)` or `at::Context::setDeterministicAlgorithms(true)`, but this operation is not deterministic because it uses CuBLAS and you have CUDA >= 10.2. To enable deterministic behavior in this case, you must set an environment variable before running your PyTorch application: CUBLAS_WORKSPACE_CONFIG=:4096:8 or CUBLAS_WORKSPACE_CONFIG=:16:8. For more information, go to https://docs.nvidia.com/cuda/cublas/index.html#results-reproducibility (Triggered internally at /pytorch/aten/src/ATen/Context.cpp:233.)
  - 2 * latent @ code_embs.t()
/fs04/ar57/wenyu/GeneRec/stage2_RQ-VAE/TIGER_BEHAVIOR_SAMPLE_RQ-VAE/model/layers.py:102: UserWarning: Deterministic behavior was enabled with either `torch.use_deterministic_algorithms(True)` or `at::Context::setDeterministicAlgorithms(true)`, but this operation is not deterministic because it uses CuBLAS and you have CUDA >= 10.2. To enable deterministic behavior in this case, you must set an environment variable before running your PyTorch application: CUBLAS_WORKSPACE_CONFIG=:4096:8 or CUBLAS_WORKSPACE_CONFIG=:16:8. For more information, go to https://docs.nvidia.com/cuda/cublas/index.html#results-reproducibility (Triggered internally at /pytorch/aten/src/ATen/Context.cpp:233.)
  - 2 * latent @ code_embs.t()
/fs04/ar57/wenyu/GeneRec/stage2_RQ-VAE/TIGER_BEHAVIOR_SAMPLE_RQ-VAE/model/layers.py:102: UserWarning: Deterministic behavior was enabled with either `torch.use_deterministic_algorithms(True)` or `at::Context::setDeterministicAlgorithms(true)`, but this operation is not deterministic because it uses CuBLAS and you have CUDA >= 10.2. To enable deterministic behavior in this case, you must set an environment variable before running your PyTorch application: CUBLAS_WORKSPACE_CONFIG=:4096:8 or CUBLAS_WORKSPACE_CONFIG=:16:8. For more information, go to https://docs.nvidia.com/cuda/cublas/index.html#results-reproducibility (Triggered internally at /pytorch/aten/src/ATen/Context.cpp:233.)
  - 2 * latent @ code_embs.t()
/fs04/ar57/wenyu/GeneRec/stage2_RQ-VAE/TIGER_BEHAVIOR_SAMPLE_RQ-VAE/model/layers.py:102: UserWarning: Deterministic behavior was enabled with either `torch.use_deterministic_algorithms(True)` or `at::Context::setDeterministicAlgorithms(true)`, but this operation is not deterministic because it uses CuBLAS and you have CUDA >= 10.2. To enable deterministic behavior in this case, you must set an environment variable before running your PyTorch application: CUBLAS_WORKSPACE_CONFIG=:4096:8 or CUBLAS_WORKSPACE_CONFIG=:16:8. For more information, go to https://docs.nvidia.com/cuda/cublas/index.html#results-reproducibility (Triggered internally at /pytorch/aten/src/ATen/Context.cpp:233.)
  - 2 * latent @ code_embs.t()
/fs04/ar57/wenyu/GeneRec/stage2_RQ-VAE/TIGER_BEHAVIOR_SAMPLE_RQ-VAE/model/layers.py:102: UserWarning: Deterministic behavior was enabled with either `torch.use_deterministic_algorithms(True)` or `at::Context::setDeterministicAlgorithms(true)`, but this operation is not deterministic because it uses CuBLAS and you have CUDA >= 10.2. To enable deterministic behavior in this case, you must set an environment variable before running your PyTorch application: CUBLAS_WORKSPACE_CONFIG=:4096:8 or CUBLAS_WORKSPACE_CONFIG=:16:8. For more information, go to https://docs.nvidia.com/cuda/cublas/index.html#results-reproducibility (Triggered internally at /pytorch/aten/src/ATen/Context.cpp:233.)
  - 2 * latent @ code_embs.t()
/home/wlia0047/ar57_scratch/wenyu/genrec_env_v2/lib64/python3.9/site-packages/torch/distributed/distributed_c10d.py:4807: UserWarning: No device id is provided via `init_process_group` or `barrier `. Using the current device set by the user. 
  warnings.warn(  # warn only once
/fs04/ar57/wenyu/GeneRec/stage2_RQ-VAE/TIGER_BEHAVIOR_SAMPLE_RQ-VAE/model/layers.py:102: UserWarning: Deterministic behavior was enabled with either `torch.use_deterministic_algorithms(True)` or `at::Context::setDeterministicAlgorithms(true)`, but this operation is not deterministic because it uses CuBLAS and you have CUDA >= 10.2. To enable deterministic behavior in this case, you must set an environment variable before running your PyTorch application: CUBLAS_WORKSPACE_CONFIG=:4096:8 or CUBLAS_WORKSPACE_CONFIG=:16:8. For more information, go to https://docs.nvidia.com/cuda/cublas/index.html#results-reproducibility (Triggered internally at /pytorch/aten/src/ATen/Context.cpp:233.)
  - 2 * latent @ code_embs.t()
/fs04/ar57/wenyu/GeneRec/stage2_RQ-VAE/TIGER_BEHAVIOR_SAMPLE_RQ-VAE/model/layers.py:102: UserWarning: Deterministic behavior was enabled with either `torch.use_deterministic_algorithms(True)` or `at::Context::setDeterministicAlgorithms(true)`, but this operation is not deterministic because it uses CuBLAS and you have CUDA >= 10.2. To enable deterministic behavior in this case, you must set an environment variable before running your PyTorch application: CUBLAS_WORKSPACE_CONFIG=:4096:8 or CUBLAS_WORKSPACE_CONFIG=:16:8. For more information, go to https://docs.nvidia.com/cuda/cublas/index.html#results-reproducibility (Triggered internally at /pytorch/aten/src/ATen/Context.cpp:233.)
  - 2 * latent @ code_embs.t()
/home/wlia0047/ar57_scratch/wenyu/genrec_env_v2/lib64/python3.9/site-packages/torch/distributed/distributed_c10d.py:4807: UserWarning: No device id is provided via `init_process_group` or `barrier `. Using the current device set by the user. 
  warnings.warn(  # warn only once
/home/wlia0047/ar57_scratch/wenyu/genrec_env_v2/lib64/python3.9/site-packages/torch/distributed/distributed_c10d.py:4807: UserWarning: No device id is provided via `init_process_group` or `barrier `. Using the current device set by the user. 
  warnings.warn(  # warn only once
/fs04/ar57/wenyu/GeneRec/stage2_RQ-VAE/TIGER_BEHAVIOR_SAMPLE_RQ-VAE/model/layers.py:102: UserWarning: Deterministic behavior was enabled with either `torch.use_deterministic_algorithms(True)` or `at::Context::setDeterministicAlgorithms(true)`, but this operation is not deterministic because it uses CuBLAS and you have CUDA >= 10.2. To enable deterministic behavior in this case, you must set an environment variable before running your PyTorch application: CUBLAS_WORKSPACE_CONFIG=:4096:8 or CUBLAS_WORKSPACE_CONFIG=:16:8. For more information, go to https://docs.nvidia.com/cuda/cublas/index.html#results-reproducibility (Triggered internally at /pytorch/aten/src/ATen/Context.cpp:233.)
  - 2 * latent @ code_embs.t()
/home/wlia0047/ar57_scratch/wenyu/genrec_env_v2/lib64/python3.9/site-packages/torch/distributed/distributed_c10d.py:4807: UserWarning: No device id is provided via `init_process_group` or `barrier `. Using the current device set by the user. 
  warnings.warn(  # warn only once
/home/wlia0047/ar57_scratch/wenyu/genrec_env_v2/lib64/python3.9/site-packages/torch/autograd/graph.py:829: UserWarning: Deterministic behavior was enabled with either `torch.use_deterministic_algorithms(True)` or `at::Context::setDeterministicAlgorithms(true)`, but this operation is not deterministic because it uses CuBLAS and you have CUDA >= 10.2. To enable deterministic behavior in this case, you must set an environment variable before running your PyTorch application: CUBLAS_WORKSPACE_CONFIG=:4096:8 or CUBLAS_WORKSPACE_CONFIG=:16:8. For more information, go to https://docs.nvidia.com/cuda/cublas/index.html#results-reproducibility (Triggered internally at /pytorch/aten/src/ATen/Context.cpp:233.)
  return Variable._execution_engine.run_backward(  # Calls into the C++ engine to run the backward pass
/home/wlia0047/ar57_scratch/wenyu/genrec_env_v2/lib64/python3.9/site-packages/torch/autograd/graph.py:829: UserWarning: Deterministic behavior was enabled with either `torch.use_deterministic_algorithms(True)` or `at::Context::setDeterministicAlgorithms(true)`, but this operation is not deterministic because it uses CuBLAS and you have CUDA >= 10.2. To enable deterministic behavior in this case, you must set an environment variable before running your PyTorch application: CUBLAS_WORKSPACE_CONFIG=:4096:8 or CUBLAS_WORKSPACE_CONFIG=:16:8. For more information, go to https://docs.nvidia.com/cuda/cublas/index.html#results-reproducibility (Triggered internally at /pytorch/aten/src/ATen/Context.cpp:233.)
  return Variable._execution_engine.run_backward(  # Calls into the C++ engine to run the backward pass
/home/wlia0047/ar57_scratch/wenyu/genrec_env_v2/lib64/python3.9/site-packages/torch/autograd/graph.py:829: UserWarning: Deterministic behavior was enabled with either `torch.use_deterministic_algorithms(True)` or `at::Context::setDeterministicAlgorithms(true)`, but this operation is not deterministic because it uses CuBLAS and you have CUDA >= 10.2. To enable deterministic behavior in this case, you must set an environment variable before running your PyTorch application: CUBLAS_WORKSPACE_CONFIG=:4096:8 or CUBLAS_WORKSPACE_CONFIG=:16:8. For more information, go to https://docs.nvidia.com/cuda/cublas/index.html#results-reproducibility (Triggered internally at /pytorch/aten/src/ATen/Context.cpp:233.)
  return Variable._execution_engine.run_backward(  # Calls into the C++ engine to run the backward pass
/home/wlia0047/ar57_scratch/wenyu/genrec_env_v2/lib64/python3.9/site-packages/torch/autograd/graph.py:829: UserWarning: Deterministic behavior was enabled with either `torch.use_deterministic_algorithms(True)` or `at::Context::setDeterministicAlgorithms(true)`, but this operation is not deterministic because it uses CuBLAS and you have CUDA >= 10.2. To enable deterministic behavior in this case, you must set an environment variable before running your PyTorch application: CUBLAS_WORKSPACE_CONFIG=:4096:8 or CUBLAS_WORKSPACE_CONFIG=:16:8. For more information, go to https://docs.nvidia.com/cuda/cublas/index.html#results-reproducibility (Triggered internally at /pytorch/aten/src/ATen/Context.cpp:233.)
  return Variable._execution_engine.run_backward(  # Calls into the C++ engine to run the backward pass
[RQ-VAE] epoch=1 loss=0.00048904 recon=0.00046251 beh=0.000000 w=0.000 lr=2.333e-05 time=6.661s
[RQ-VAE] epoch=2 loss=0.00048493 recon=0.00045522 beh=0.000000 w=0.000 lr=4.333e-05 time=0.099s
[RQ-VAE] epoch=3 loss=0.00047947 recon=0.00044265 beh=0.000000 w=0.000 lr=6.333e-05 time=0.093s
[RQ-VAE] epoch=4 loss=0.00046754 recon=0.00042372 beh=0.000000 w=0.000 lr=8.333e-05 time=0.098s
[RQ-VAE] epoch=5 loss=0.00045873 recon=0.00039499 beh=0.000000 w=0.000 lr=1.033e-04 time=0.096s
[RQ-VAE] epoch=6 loss=0.00044894 recon=0.00035533 beh=0.000000 w=0.000 lr=1.233e-04 time=0.099s
[RQ-VAE] epoch=7 loss=0.00040074 recon=0.00031117 beh=0.000000 w=0.000 lr=1.433e-04 time=0.093s
[RQ-VAE] epoch=8 loss=0.00034059 recon=0.00027090 beh=0.000000 w=0.000 lr=1.633e-04 time=0.102s
[RQ-VAE] epoch=9 loss=0.00031246 recon=0.00023879 beh=0.000000 w=0.000 lr=1.833e-04 time=0.095s
[RQ-VAE] epoch=10 loss=0.00028889 recon=0.00021726 beh=0.000000 w=0.000 lr=2.033e-04 time=0.092s
[RQ-VAE] epoch=11 loss=0.00026133 recon=0.00020557 beh=0.000000 w=0.000 lr=2.233e-04 time=0.095s
[RQ-VAE] epoch=12 loss=0.00023560 recon=0.00020000 beh=0.000000 w=0.000 lr=2.433e-04 time=0.096s
[RQ-VAE] epoch=13 loss=0.00022349 recon=0.00019663 beh=0.000000 w=0.000 lr=2.633e-04 time=0.093s
[RQ-VAE] epoch=14 loss=0.00021754 recon=0.00019309 beh=0.000000 w=0.000 lr=2.833e-04 time=0.094s
[RQ-VAE] epoch=15 loss=0.00021138 recon=0.00018975 beh=0.000000 w=0.000 lr=3.033e-04 time=0.094s
[RQ-VAE] epoch=16 loss=0.00020388 recon=0.00018614 beh=0.000000 w=0.000 lr=3.233e-04 time=0.1s
[RQ-VAE] epoch=17 loss=0.00019779 recon=0.00018263 beh=0.000000 w=0.000 lr=3.433e-04 time=0.093s
[RQ-VAE] epoch=18 loss=0.00019268 recon=0.00017977 beh=0.000000 w=0.000 lr=3.633e-04 time=0.094s
[RQ-VAE] epoch=19 loss=0.00018883 recon=0.00017780 beh=0.000000 w=0.000 lr=3.833e-04 time=0.095s
[RQ-VAE] epoch=20 loss=0.00018685 recon=0.00017658 beh=0.000000 w=0.000 lr=4.033e-04 time=0.232s
[RQ-VAE] epoch=21 loss=0.00018567 recon=0.00017566 beh=0.000000 w=0.000 lr=4.233e-04 time=0.093s
[RQ-VAE] epoch=22 loss=0.00018529 recon=0.00017482 beh=0.000000 w=0.000 lr=4.433e-04 time=0.094s
[RQ-VAE] epoch=23 loss=0.00018477 recon=0.00017345 beh=0.000000 w=0.000 lr=4.633e-04 time=0.092s
[RQ-VAE] epoch=24 loss=0.00018446 recon=0.00017113 beh=0.000000 w=0.000 lr=4.833e-04 time=0.094s
[RQ-VAE] epoch=25 loss=0.00018239 recon=0.00016804 beh=0.000000 w=0.000 lr=5.033e-04 time=0.094s
[RQ-VAE] epoch=26 loss=0.00017874 recon=0.00016503 beh=0.000000 w=0.000 lr=5.233e-04 time=0.092s
[RQ-VAE] epoch=27 loss=0.00017643 recon=0.00016303 beh=0.000000 w=0.000 lr=5.433e-04 time=0.092s
[RQ-VAE] epoch=28 loss=0.00017492 recon=0.00016148 beh=0.000000 w=0.000 lr=5.633e-04 time=0.091s
[RQ-VAE] epoch=29 loss=0.00017443 recon=0.00016038 beh=0.000000 w=0.000 lr=5.833e-04 time=0.105s
[RQ-VAE] epoch=30 loss=0.00017347 recon=0.00015922 beh=0.000000 w=0.000 lr=6.033e-04 time=0.092s
[RQ-VAE] epoch=31 loss=0.00017275 recon=0.00015843 beh=0.000000 w=0.000 lr=6.233e-04 time=0.091s
[RQ-VAE] epoch=32 loss=0.00017114 recon=0.00015699 beh=0.000000 w=0.000 lr=6.433e-04 time=0.092s
[RQ-VAE] epoch=33 loss=0.00016948 recon=0.00015561 beh=0.000000 w=0.000 lr=6.633e-04 time=0.092s
[RQ-VAE] epoch=34 loss=0.00016852 recon=0.00015465 beh=0.000000 w=0.000 lr=6.833e-04 time=0.098s
[RQ-VAE] epoch=35 loss=0.00016812 recon=0.00015394 beh=0.000000 w=0.000 lr=7.033e-04 time=0.228s
[RQ-VAE] epoch=36 loss=0.00016835 recon=0.00015332 beh=0.000000 w=0.000 lr=7.233e-04 time=0.092s
[RQ-VAE] epoch=37 loss=0.00016850 recon=0.00015240 beh=0.000000 w=0.000 lr=7.433e-04 time=0.092s
[RQ-VAE] epoch=38 loss=0.00016921 recon=0.00015131 beh=0.000000 w=0.000 lr=7.633e-04 time=0.092s
[RQ-VAE] epoch=39 loss=0.00016999 recon=0.00015019 beh=0.000000 w=0.000 lr=7.833e-04 time=0.094s
[RQ-VAE] epoch=40 loss=0.00017021 recon=0.00014882 beh=0.000000 w=0.000 lr=8.033e-04 time=0.092s
[RQ-VAE] epoch=41 loss=0.00017030 recon=0.00014747 beh=0.000000 w=0.000 lr=8.233e-04 time=0.092s
[RQ-VAE] epoch=42 loss=0.00017061 recon=0.00014633 beh=0.000000 w=0.000 lr=8.433e-04 time=0.092s
[RQ-VAE] epoch=43 loss=0.00017033 recon=0.00014472 beh=0.000000 w=0.000 lr=8.633e-04 time=0.096s
[RQ-VAE] epoch=44 loss=0.00017040 recon=0.00014338 beh=0.000000 w=0.000 lr=8.833e-04 time=0.094s
[RQ-VAE] epoch=45 loss=0.00017178 recon=0.00014304 beh=0.000000 w=0.000 lr=9.033e-04 time=0.095s
[RQ-VAE] epoch=46 loss=0.00017152 recon=0.00014199 beh=0.000000 w=0.000 lr=9.233e-04 time=0.094s
[RQ-VAE] epoch=47 loss=0.00017103 recon=0.00014059 beh=0.000000 w=0.000 lr=9.433e-04 time=0.093s
[RQ-VAE] epoch=48 loss=0.00017078 recon=0.00013946 beh=0.000000 w=0.000 lr=9.633e-04 time=0.092s
[RQ-VAE] epoch=49 loss=0.00017009 recon=0.00013860 beh=0.000000 w=0.000 lr=9.833e-04 time=0.093s
[RQ-VAE] epoch=50 loss=0.00017103 recon=0.00013781 lr=1.000e-03 raw_unique=19025/24587 collision=0.226217 time=0.093s
[RQ-VAE] epoch=51 loss=0.00016968 recon=0.00013672 beh=0.000000 w=0.000 lr=9.997e-04 time=0.095s
[RQ-VAE] epoch=52 loss=0.00016998 recon=0.00013591 beh=0.000000 w=0.000 lr=9.993e-04 time=0.093s
[RQ-VAE] epoch=53 loss=0.00017044 recon=0.00013532 beh=0.000000 w=0.000 lr=9.990e-04 time=0.094s
[RQ-VAE] epoch=54 loss=0.00017100 recon=0.00013456 beh=0.000000 w=0.000 lr=9.986e-04 time=0.091s
[RQ-VAE] epoch=55 loss=0.00017139 recon=0.00013383 beh=0.000000 w=0.000 lr=9.983e-04 time=0.091s
[RQ-VAE] epoch=56 loss=0.00017185 recon=0.00013319 beh=0.000000 w=0.000 lr=9.980e-04 time=0.094s
[RQ-VAE] epoch=57 loss=0.00017211 recon=0.00013236 beh=0.000000 w=0.000 lr=9.976e-04 time=0.096s
[RQ-VAE] epoch=58 loss=0.00017329 recon=0.00013168 beh=0.000000 w=0.000 lr=9.973e-04 time=0.092s
[RQ-VAE] epoch=59 loss=0.00017416 recon=0.00013107 beh=0.000000 w=0.000 lr=9.969e-04 time=0.092s
[RQ-VAE] epoch=60 loss=0.00017469 recon=0.00013020 beh=0.000000 w=0.000 lr=9.966e-04 time=0.093s
[RQ-VAE] epoch=61 loss=0.00017551 recon=0.00012923 beh=0.000000 w=0.000 lr=9.963e-04 time=0.092s
[RQ-VAE] epoch=62 loss=0.00017581 recon=0.00012838 beh=0.000000 w=0.000 lr=9.959e-04 time=0.092s
[RQ-VAE] epoch=63 loss=0.00017674 recon=0.00012772 beh=0.000000 w=0.000 lr=9.956e-04 time=0.092s
[RQ-VAE] epoch=64 loss=0.00017713 recon=0.00012694 beh=0.000000 w=0.000 lr=9.953e-04 time=0.093s
[RQ-VAE] epoch=65 loss=0.00017832 recon=0.00012641 beh=0.000000 w=0.000 lr=9.949e-04 time=0.092s
[RQ-VAE] epoch=66 loss=0.00017820 recon=0.00012585 beh=0.000000 w=0.000 lr=9.946e-04 time=0.092s
[RQ-VAE] epoch=67 loss=0.00017894 recon=0.00012521 beh=0.000000 w=0.000 lr=9.942e-04 time=0.091s
[RQ-VAE] epoch=68 loss=0.00017980 recon=0.00012479 beh=0.000000 w=0.000 lr=9.939e-04 time=0.092s
[RQ-VAE] epoch=69 loss=0.00017952 recon=0.00012423 beh=0.000000 w=0.000 lr=9.936e-04 time=0.094s
[RQ-VAE] epoch=70 loss=0.00017980 recon=0.00012372 beh=0.000000 w=0.000 lr=9.932e-04 time=0.092s
[RQ-VAE] epoch=71 loss=0.00018043 recon=0.00012316 beh=0.000000 w=0.000 lr=9.929e-04 time=0.092s
[RQ-VAE] epoch=72 loss=0.00018026 recon=0.00012276 beh=0.000000 w=0.000 lr=9.925e-04 time=0.093s
[RQ-VAE] epoch=73 loss=0.00018062 recon=0.00012222 beh=0.000000 w=0.000 lr=9.922e-04 time=0.093s
[RQ-VAE] epoch=74 loss=0.00018092 recon=0.00012167 beh=0.000000 w=0.000 lr=9.919e-04 time=0.093s
[RQ-VAE] epoch=75 loss=0.00018049 recon=0.00012115 beh=0.000000 w=0.000 lr=9.915e-04 time=0.095s
[RQ-VAE] epoch=76 loss=0.00018142 recon=0.00012089 beh=0.000000 w=0.000 lr=9.912e-04 time=0.093s
[RQ-VAE] epoch=77 loss=0.00018143 recon=0.00012040 beh=0.000000 w=0.000 lr=9.908e-04 time=0.093s
[RQ-VAE] epoch=78 loss=0.00018089 recon=0.00011996 beh=0.000000 w=0.000 lr=9.905e-04 time=0.093s
[RQ-VAE] epoch=79 loss=0.00018167 recon=0.00011955 beh=0.000000 w=0.000 lr=9.902e-04 time=0.094s
[RQ-VAE] epoch=80 loss=0.00018122 recon=0.00011927 beh=0.000000 w=0.000 lr=9.898e-04 time=0.093s
[RQ-VAE] epoch=81 loss=0.00018237 recon=0.00011899 beh=0.000000 w=0.000 lr=9.895e-04 time=0.093s
[RQ-VAE] epoch=82 loss=0.00018314 recon=0.00011853 beh=0.000000 w=0.000 lr=9.892e-04 time=0.093s
[RQ-VAE] epoch=83 loss=0.00018289 recon=0.00011810 beh=0.000000 w=0.000 lr=9.888e-04 time=0.092s
[RQ-VAE] epoch=84 loss=0.00018332 recon=0.00011775 beh=0.000000 w=0.000 lr=9.885e-04 time=0.093s
[RQ-VAE] epoch=85 loss=0.00018393 recon=0.00011733 beh=0.000000 w=0.000 lr=9.881e-04 time=0.092s
[RQ-VAE] epoch=86 loss=0.00018405 recon=0.00011697 beh=0.000000 w=0.000 lr=9.878e-04 time=0.096s
[RQ-VAE] epoch=87 loss=0.00018541 recon=0.00011667 beh=0.000000 w=0.000 lr=9.875e-04 time=0.092s
[RQ-VAE] epoch=88 loss=0.00018496 recon=0.00011639 beh=0.000000 w=0.000 lr=9.871e-04 time=0.101s
[RQ-VAE] epoch=89 loss=0.00018535 recon=0.00011613 beh=0.000000 w=0.000 lr=9.868e-04 time=0.092s
[RQ-VAE] epoch=90 loss=0.00018579 recon=0.00011591 beh=0.000000 w=0.000 lr=9.864e-04 time=0.093s
[RQ-VAE] epoch=91 loss=0.00018595 recon=0.00011556 beh=0.000000 w=0.000 lr=9.861e-04 time=0.092s
[RQ-VAE] epoch=92 loss=0.00018740 recon=0.00011538 beh=0.000000 w=0.000 lr=9.858e-04 time=0.258s
[RQ-VAE] epoch=93 loss=0.00018853 recon=0.00011522 beh=0.000000 w=0.000 lr=9.854e-04 time=0.092s
[RQ-VAE] epoch=94 loss=0.00018922 recon=0.00011490 beh=0.000000 w=0.000 lr=9.851e-04 time=0.093s
[RQ-VAE] epoch=95 loss=0.00018914 recon=0.00011450 beh=0.000000 w=0.000 lr=9.847e-04 time=0.097s
[RQ-VAE] epoch=96 loss=0.00018861 recon=0.00011396 beh=0.000000 w=0.000 lr=9.844e-04 time=0.091s
[RQ-VAE] epoch=97 loss=0.00018909 recon=0.00011388 beh=0.000000 w=0.000 lr=9.841e-04 time=0.092s
[RQ-VAE] epoch=98 loss=0.00019048 recon=0.00011366 beh=0.000000 w=0.000 lr=9.837e-04 time=0.095s
[RQ-VAE] epoch=99 loss=0.00019042 recon=0.00011330 beh=0.000000 w=0.000 lr=9.834e-04 time=0.092s
[RQ-VAE] epoch=100 loss=0.00019023 recon=0.00011316 lr=9.831e-04 raw_unique=20736/24587 collision=0.156627 time=0.092s
[RQ-VAE] epoch=101 loss=0.00019129 recon=0.00011291 beh=0.000000 w=0.000 lr=9.827e-04 time=0.093s
[RQ-VAE] epoch=102 loss=0.00019196 recon=0.00011259 beh=0.000000 w=0.000 lr=9.824e-04 time=0.094s
[RQ-VAE] epoch=103 loss=0.00019148 recon=0.00011229 beh=0.000000 w=0.000 lr=9.820e-04 time=0.092s
[RQ-VAE] epoch=104 loss=0.00019243 recon=0.00011203 beh=0.000000 w=0.000 lr=9.817e-04 time=0.092s
[RQ-VAE] epoch=105 loss=0.00019206 recon=0.00011175 beh=0.000000 w=0.000 lr=9.814e-04 time=0.092s
[RQ-VAE] epoch=106 loss=0.00019228 recon=0.00011147 beh=0.000000 w=0.000 lr=9.810e-04 time=0.093s
[RQ-VAE] epoch=107 loss=0.00019288 recon=0.00011120 beh=0.000000 w=0.000 lr=9.807e-04 time=0.097s
[RQ-VAE] epoch=108 loss=0.00019275 recon=0.00011090 beh=0.000000 w=0.000 lr=9.803e-04 time=0.093s
[RQ-VAE] epoch=109 loss=0.00019424 recon=0.00011073 beh=0.000000 w=0.000 lr=9.800e-04 time=0.094s
[RQ-VAE] epoch=110 loss=0.00019513 recon=0.00011065 beh=0.000000 w=0.000 lr=9.797e-04 time=0.091s
[RQ-VAE] epoch=111 loss=0.00019512 recon=0.00011036 beh=0.000000 w=0.000 lr=9.793e-04 time=0.092s
[RQ-VAE] epoch=112 loss=0.00019600 recon=0.00011010 beh=0.000000 w=0.000 lr=9.790e-04 time=0.092s
[RQ-VAE] epoch=113 loss=0.00019671 recon=0.00010992 beh=0.000000 w=0.000 lr=9.786e-04 time=0.092s
[RQ-VAE] epoch=114 loss=0.00019684 recon=0.00010969 beh=0.000000 w=0.000 lr=9.783e-04 time=0.093s
[RQ-VAE] epoch=115 loss=0.00019732 recon=0.00010947 beh=0.000000 w=0.000 lr=9.780e-04 time=0.092s
[RQ-VAE] epoch=116 loss=0.00019786 recon=0.00010942 beh=0.000000 w=0.000 lr=9.776e-04 time=0.092s
[RQ-VAE] epoch=117 loss=0.00019748 recon=0.00010913 beh=0.000000 w=0.000 lr=9.773e-04 time=0.092s
[RQ-VAE] epoch=118 loss=0.00019823 recon=0.00010880 beh=0.000000 w=0.000 lr=9.769e-04 time=0.091s
[RQ-VAE] epoch=119 loss=0.00019920 recon=0.00010866 beh=0.000000 w=0.000 lr=9.766e-04 time=0.095s
[RQ-VAE] epoch=120 loss=0.00019912 recon=0.00010849 beh=0.000000 w=0.000 lr=9.763e-04 time=0.094s
[RQ-VAE] epoch=121 loss=0.00019989 recon=0.00010832 beh=0.000000 w=0.000 lr=9.759e-04 time=0.221s
[RQ-VAE] epoch=122 loss=0.00019990 recon=0.00010810 beh=0.000000 w=0.000 lr=9.756e-04 time=0.093s
[RQ-VAE] epoch=123 loss=0.00020069 recon=0.00010804 beh=0.000000 w=0.000 lr=9.753e-04 time=0.093s
[RQ-VAE] epoch=124 loss=0.00020101 recon=0.00010780 beh=0.000000 w=0.000 lr=9.749e-04 time=0.093s
[RQ-VAE] epoch=125 loss=0.00020273 recon=0.00010767 beh=0.000000 w=0.000 lr=9.746e-04 time=0.097s
[RQ-VAE] epoch=126 loss=0.00020344 recon=0.00010735 beh=0.000000 w=0.000 lr=9.742e-04 time=0.097s
[RQ-VAE] epoch=127 loss=0.00020228 recon=0.00010716 beh=0.000000 w=0.000 lr=9.739e-04 time=0.093s
[RQ-VAE] epoch=128 loss=0.00020336 recon=0.00010698 beh=0.000000 w=0.000 lr=9.736e-04 time=0.096s
[RQ-VAE] epoch=129 loss=0.00020342 recon=0.00010668 beh=0.000000 w=0.000 lr=9.732e-04 time=0.092s
[RQ-VAE] epoch=130 loss=0.00020328 recon=0.00010648 beh=0.000000 w=0.000 lr=9.729e-04 time=0.096s
[RQ-VAE] epoch=131 loss=0.00020454 recon=0.00010636 beh=0.000000 w=0.000 lr=9.725e-04 time=0.093s
[RQ-VAE] epoch=132 loss=0.00020528 recon=0.00010617 beh=0.000000 w=0.000 lr=9.722e-04 time=0.092s
[RQ-VAE] epoch=133 loss=0.00020582 recon=0.00010614 beh=0.000000 w=0.000 lr=9.719e-04 time=0.092s
[RQ-VAE] epoch=134 loss=0.00020580 recon=0.00010583 beh=0.000000 w=0.000 lr=9.715e-04 time=0.093s
[RQ-VAE] epoch=135 loss=0.00020716 recon=0.00010562 beh=0.000000 w=0.000 lr=9.712e-04 time=0.092s
[RQ-VAE] epoch=136 loss=0.00020612 recon=0.00010557 beh=0.000000 w=0.000 lr=9.708e-04 time=0.092s
[RQ-VAE] epoch=137 loss=0.00020805 recon=0.00010526 beh=0.000000 w=0.000 lr=9.705e-04 time=0.094s
[RQ-VAE] epoch=138 loss=0.00020853 recon=0.00010504 beh=0.000000 w=0.000 lr=9.702e-04 time=0.091s
[RQ-VAE] epoch=139 loss=0.00020742 recon=0.00010502 beh=0.000000 w=0.000 lr=9.698e-04 time=0.092s
[RQ-VAE] epoch=140 loss=0.00020853 recon=0.00010496 beh=0.000000 w=0.000 lr=9.695e-04 time=0.092s
[RQ-VAE] epoch=141 loss=0.00020920 recon=0.00010462 beh=0.000000 w=0.000 lr=9.692e-04 time=0.211s
[RQ-VAE] epoch=142 loss=0.00021056 recon=0.00010455 beh=0.000000 w=0.000 lr=9.688e-04 time=0.095s
[RQ-VAE] epoch=143 loss=0.00021045 recon=0.00010441 beh=0.000000 w=0.000 lr=9.685e-04 time=0.092s
[RQ-VAE] epoch=144 loss=0.00021018 recon=0.00010422 beh=0.000000 w=0.000 lr=9.681e-04 time=0.091s
[RQ-VAE] epoch=145 loss=0.00021089 recon=0.00010403 beh=0.000000 w=0.000 lr=9.678e-04 time=0.092s
[RQ-VAE] epoch=146 loss=0.00021075 recon=0.00010372 beh=0.000000 w=0.000 lr=9.675e-04 time=0.093s
[RQ-VAE] epoch=147 loss=0.00021178 recon=0.00010349 beh=0.000000 w=0.000 lr=9.671e-04 time=0.092s
[RQ-VAE] epoch=148 loss=0.00021164 recon=0.00010341 beh=0.000000 w=0.000 lr=9.668e-04 time=0.092s
[RQ-VAE] epoch=149 loss=0.00021256 recon=0.00010327 beh=0.000000 w=0.000 lr=9.664e-04 time=0.094s
[RQ-VAE] epoch=150 loss=0.00021221 recon=0.00010306 lr=9.661e-04 raw_unique=21432/24587 collision=0.128320 time=0.092s
[RQ-VAE] epoch=151 loss=0.00021242 recon=0.00010288 beh=0.000000 w=0.000 lr=9.658e-04 time=0.093s
[RQ-VAE] epoch=152 loss=0.00021447 recon=0.00010283 beh=0.000000 w=0.000 lr=9.654e-04 time=0.092s
[RQ-VAE] epoch=153 loss=0.00021515 recon=0.00010278 beh=0.000000 w=0.000 lr=9.651e-04 time=0.093s
[RQ-VAE] epoch=154 loss=0.00021351 recon=0.00010255 beh=0.000000 w=0.000 lr=9.647e-04 time=0.093s
[RQ-VAE] epoch=155 loss=0.00021537 recon=0.00010234 beh=0.000000 w=0.000 lr=9.644e-04 time=0.093s
[RQ-VAE] epoch=156 loss=0.00021448 recon=0.00010205 beh=0.000000 w=0.000 lr=9.641e-04 time=0.217s
[RQ-VAE] epoch=157 loss=0.00021448 recon=0.00010186 beh=0.000000 w=0.000 lr=9.637e-04 time=0.092s
[RQ-VAE] epoch=158 loss=0.00021488 recon=0.00010175 beh=0.000000 w=0.000 lr=9.634e-04 time=0.094s
[RQ-VAE] epoch=159 loss=0.00021533 recon=0.00010162 beh=0.000000 w=0.000 lr=9.631e-04 time=0.092s
[RQ-VAE] epoch=160 loss=0.00021780 recon=0.00010166 beh=0.000000 w=0.000 lr=9.627e-04 time=0.092s
[RQ-VAE] epoch=161 loss=0.00021666 recon=0.00010144 beh=0.000000 w=0.000 lr=9.624e-04 time=0.094s
[RQ-VAE] epoch=162 loss=0.00021630 recon=0.00010132 beh=0.000000 w=0.000 lr=9.620e-04 time=0.093s
[RQ-VAE] epoch=163 loss=0.00021716 recon=0.00010109 beh=0.000000 w=0.000 lr=9.617e-04 time=0.092s
[RQ-VAE] epoch=164 loss=0.00021735 recon=0.00010089 beh=0.000000 w=0.000 lr=9.614e-04 time=0.093s
[RQ-VAE] epoch=165 loss=0.00021791 recon=0.00010076 beh=0.000000 w=0.000 lr=9.610e-04 time=0.092s
[RQ-VAE] epoch=166 loss=0.00021925 recon=0.00010059 beh=0.000000 w=0.000 lr=9.607e-04 time=0.092s
[RQ-VAE] epoch=167 loss=0.00022010 recon=0.00010047 beh=0.000000 w=0.000 lr=9.603e-04 time=0.092s
[RQ-VAE] epoch=168 loss=0.00021980 recon=0.00010028 beh=0.000000 w=0.000 lr=9.600e-04 time=0.093s
[RQ-VAE] epoch=169 loss=0.00022123 recon=0.00010045 beh=0.000000 w=0.000 lr=9.597e-04 time=0.092s
[RQ-VAE] epoch=170 loss=0.00022162 recon=0.00010016 beh=0.000000 w=0.000 lr=9.593e-04 time=0.092s
[RQ-VAE] epoch=171 loss=0.00022264 recon=0.00010004 beh=0.000000 w=0.000 lr=9.590e-04 time=0.093s
[RQ-VAE] epoch=172 loss=0.00022350 recon=0.00009990 beh=0.000000 w=0.000 lr=9.586e-04 time=0.092s
[RQ-VAE] epoch=173 loss=0.00022211 recon=0.00009982 beh=0.000000 w=0.000 lr=9.583e-04 time=0.092s
[RQ-VAE] epoch=174 loss=0.00022274 recon=0.00009964 beh=0.000000 w=0.000 lr=9.580e-04 time=0.091s
[RQ-VAE] epoch=175 loss=0.00022424 recon=0.00009970 beh=0.000000 w=0.000 lr=9.576e-04 time=0.091s
[RQ-VAE] epoch=176 loss=0.00022438 recon=0.00009951 beh=0.000000 w=0.000 lr=9.573e-04 time=0.092s
[RQ-VAE] epoch=177 loss=0.00022372 recon=0.00009926 beh=0.000000 w=0.000 lr=9.569e-04 time=0.094s
[RQ-VAE] epoch=178 loss=0.00022316 recon=0.00009912 beh=0.000000 w=0.000 lr=9.566e-04 time=0.094s
[RQ-VAE] epoch=179 loss=0.00022453 recon=0.00009902 beh=0.000000 w=0.000 lr=9.563e-04 time=0.094s
[RQ-VAE] epoch=180 loss=0.00022580 recon=0.00009893 beh=0.000000 w=0.000 lr=9.559e-04 time=0.095s
[RQ-VAE] epoch=181 loss=0.00022677 recon=0.00009885 beh=0.000000 w=0.000 lr=9.556e-04 time=0.093s
[RQ-VAE] epoch=182 loss=0.00022704 recon=0.00009861 beh=0.000000 w=0.000 lr=9.553e-04 time=0.094s
[RQ-VAE] epoch=183 loss=0.00022613 recon=0.00009856 beh=0.000000 w=0.000 lr=9.549e-04 time=0.093s
[RQ-VAE] epoch=184 loss=0.00022623 recon=0.00009838 beh=0.000000 w=0.000 lr=9.546e-04 time=0.092s
[RQ-VAE] epoch=185 loss=0.00022598 recon=0.00009821 beh=0.000000 w=0.000 lr=9.542e-04 time=0.093s
[RQ-VAE] epoch=186 loss=0.00022663 recon=0.00009817 beh=0.000000 w=0.000 lr=9.539e-04 time=0.095s
[RQ-VAE] epoch=187 loss=0.00022803 recon=0.00009809 beh=0.000000 w=0.000 lr=9.536e-04 time=0.092s
[RQ-VAE] epoch=188 loss=0.00022878 recon=0.00009781 beh=0.000000 w=0.000 lr=9.532e-04 time=0.093s
[RQ-VAE] epoch=189 loss=0.00022937 recon=0.00009770 beh=0.000000 w=0.000 lr=9.529e-04 time=0.093s
[RQ-VAE] epoch=190 loss=0.00022805 recon=0.00009761 beh=0.000000 w=0.000 lr=9.525e-04 time=0.091s
[RQ-VAE] epoch=191 loss=0.00022975 recon=0.00009759 beh=0.000000 w=0.000 lr=9.522e-04 time=0.093s
[RQ-VAE] epoch=192 loss=0.00022845 recon=0.00009745 beh=0.000000 w=0.000 lr=9.519e-04 time=0.092s
[RQ-VAE] epoch=193 loss=0.00023002 recon=0.00009731 beh=0.000000 w=0.000 lr=9.515e-04 time=0.091s
[RQ-VAE] epoch=194 loss=0.00023083 recon=0.00009741 beh=0.000000 w=0.000 lr=9.512e-04 time=0.093s
[RQ-VAE] epoch=195 loss=0.00023054 recon=0.00009716 beh=0.000000 w=0.000 lr=9.508e-04 time=0.093s
[RQ-VAE] epoch=196 loss=0.00023059 recon=0.00009706 beh=0.000000 w=0.000 lr=9.505e-04 time=0.093s
[RQ-VAE] epoch=197 loss=0.00023032 recon=0.00009687 beh=0.000000 w=0.000 lr=9.502e-04 time=0.094s
[RQ-VAE] epoch=198 loss=0.00023102 recon=0.00009672 beh=0.000000 w=0.000 lr=9.498e-04 time=0.092s
[RQ-VAE] epoch=199 loss=0.00023035 recon=0.00009666 beh=0.000000 w=0.000 lr=9.495e-04 time=0.093s
[RQ-VAE] epoch=200 loss=0.00023235 recon=0.00009672 lr=9.492e-04 raw_unique=21453/24587 collision=0.127466 time=0.092s
[RQ-VAE] epoch=201 loss=0.00023359 recon=0.00009643 beh=0.000000 w=0.000 lr=9.488e-04 time=0.093s
[RQ-VAE] epoch=202 loss=0.00023264 recon=0.00009655 beh=0.000000 w=0.000 lr=9.485e-04 time=0.093s
[RQ-VAE] epoch=203 loss=0.00023305 recon=0.00009630 beh=0.000000 w=0.000 lr=9.481e-04 time=0.091s
[RQ-VAE] epoch=204 loss=0.00023280 recon=0.00009613 beh=0.000000 w=0.000 lr=9.478e-04 time=0.092s
[RQ-VAE] epoch=205 loss=0.00023343 recon=0.00009612 beh=0.000000 w=0.000 lr=9.475e-04 time=0.091s
[RQ-VAE] epoch=206 loss=0.00023439 recon=0.00009603 beh=0.000000 w=0.000 lr=9.471e-04 time=0.092s
[RQ-VAE] epoch=207 loss=0.00023606 recon=0.00009588 beh=0.000000 w=0.000 lr=9.468e-04 time=0.092s
[RQ-VAE] epoch=208 loss=0.00023503 recon=0.00009579 beh=0.000000 w=0.000 lr=9.464e-04 time=0.094s
[RQ-VAE] epoch=209 loss=0.00023550 recon=0.00009574 beh=0.000000 w=0.000 lr=9.461e-04 time=0.094s
[RQ-VAE] epoch=210 loss=0.00023661 recon=0.00009560 beh=0.000000 w=0.000 lr=9.458e-04 time=0.094s
[RQ-VAE] epoch=211 loss=0.00023541 recon=0.00009553 beh=0.000000 w=0.000 lr=9.454e-04 time=0.092s
[RQ-VAE] epoch=212 loss=0.00023683 recon=0.00009526 beh=0.000000 w=0.000 lr=9.451e-04 time=0.092s
[RQ-VAE] epoch=213 loss=0.00023722 recon=0.00009540 beh=0.000000 w=0.000 lr=9.447e-04 time=0.223s
[RQ-VAE] epoch=214 loss=0.00023687 recon=0.00009521 beh=0.000000 w=0.000 lr=9.444e-04 time=0.092s
[RQ-VAE] epoch=215 loss=0.00023841 recon=0.00009515 beh=0.000000 w=0.000 lr=9.441e-04 time=0.095s
[RQ-VAE] epoch=216 loss=0.00023755 recon=0.00009513 beh=0.000000 w=0.000 lr=9.437e-04 time=0.093s
[RQ-VAE] epoch=217 loss=0.00023870 recon=0.00009507 beh=0.000000 w=0.000 lr=9.434e-04 time=0.092s
[RQ-VAE] epoch=218 loss=0.00023883 recon=0.00009504 beh=0.000000 w=0.000 lr=9.431e-04 time=0.093s
[RQ-VAE] epoch=219 loss=0.00024006 recon=0.00009491 beh=0.000000 w=0.000 lr=9.427e-04 time=0.092s
[RQ-VAE] epoch=220 loss=0.00024028 recon=0.00009495 beh=0.000000 w=0.000 lr=9.424e-04 time=0.093s
[RQ-VAE] epoch=221 loss=0.00024123 recon=0.00009480 beh=0.000000 w=0.000 lr=9.420e-04 time=0.092s
[RQ-VAE] epoch=222 loss=0.00024044 recon=0.00009478 beh=0.000000 w=0.000 lr=9.417e-04 time=0.092s
[RQ-VAE] epoch=223 loss=0.00023984 recon=0.00009452 beh=0.000000 w=0.000 lr=9.414e-04 time=0.092s
[RQ-VAE] epoch=224 loss=0.00024197 recon=0.00009446 beh=0.000000 w=0.000 lr=9.410e-04 time=0.093s
[RQ-VAE] epoch=225 loss=0.00024217 recon=0.00009450 beh=0.000000 w=0.000 lr=9.407e-04 time=0.092s
[RQ-VAE] epoch=226 loss=0.00024231 recon=0.00009435 beh=0.000000 w=0.000 lr=9.403e-04 time=0.092s
[RQ-VAE] epoch=227 loss=0.00024251 recon=0.00009420 beh=0.000000 w=0.000 lr=9.400e-04 time=0.092s
[RQ-VAE] epoch=228 loss=0.00024196 recon=0.00009426 beh=0.000000 w=0.000 lr=9.397e-04 time=0.092s
[RQ-VAE] epoch=229 loss=0.00024271 recon=0.00009404 beh=0.000000 w=0.000 lr=9.393e-04 time=0.095s
[RQ-VAE] epoch=230 loss=0.00024292 recon=0.00009384 beh=0.000000 w=0.000 lr=9.390e-04 time=0.093s
[RQ-VAE] epoch=231 loss=0.00024298 recon=0.00009391 beh=0.000000 w=0.000 lr=9.386e-04 time=0.092s
[RQ-VAE] epoch=232 loss=0.00024448 recon=0.00009371 beh=0.000000 w=0.000 lr=9.383e-04 time=0.092s
[RQ-VAE] epoch=233 loss=0.00024496 recon=0.00009356 beh=0.000000 w=0.000 lr=9.380e-04 time=0.094s
[RQ-VAE] epoch=234 loss=0.00024435 recon=0.00009364 beh=0.000000 w=0.000 lr=9.376e-04 time=0.092s
[RQ-VAE] epoch=235 loss=0.00024496 recon=0.00009359 beh=0.000000 w=0.000 lr=9.373e-04 time=0.093s
[RQ-VAE] epoch=236 loss=0.00024571 recon=0.00009349 beh=0.000000 w=0.000 lr=9.369e-04 time=0.092s
[RQ-VAE] epoch=237 loss=0.00024557 recon=0.00009332 beh=0.000000 w=0.000 lr=9.366e-04 time=0.093s
[RQ-VAE] epoch=238 loss=0.00024497 recon=0.00009324 beh=0.000000 w=0.000 lr=9.363e-04 time=0.096s
[RQ-VAE] epoch=239 loss=0.00024489 recon=0.00009305 beh=0.000000 w=0.000 lr=9.359e-04 time=0.093s
[RQ-VAE] epoch=240 loss=0.00024751 recon=0.00009303 beh=0.000000 w=0.000 lr=9.356e-04 time=0.092s
[RQ-VAE] epoch=241 loss=0.00024690 recon=0.00009313 beh=0.000000 w=0.000 lr=9.353e-04 time=0.092s
[RQ-VAE] epoch=242 loss=0.00024760 recon=0.00009316 beh=0.000000 w=0.000 lr=9.349e-04 time=0.22s
[RQ-VAE] epoch=243 loss=0.00024667 recon=0.00009299 beh=0.000000 w=0.000 lr=9.346e-04 time=0.092s
[RQ-VAE] epoch=244 loss=0.00024717 recon=0.00009295 beh=0.000000 w=0.000 lr=9.342e-04 time=0.094s
[RQ-VAE] epoch=245 loss=0.00024746 recon=0.00009276 beh=0.000000 w=0.000 lr=9.339e-04 time=0.091s
[RQ-VAE] epoch=246 loss=0.00024700 recon=0.00009263 beh=0.000000 w=0.000 lr=9.336e-04 time=0.092s
[RQ-VAE] epoch=247 loss=0.00024689 recon=0.00009262 beh=0.000000 w=0.000 lr=9.332e-04 time=0.093s
[RQ-VAE] epoch=248 loss=0.00024788 recon=0.00009247 beh=0.000000 w=0.000 lr=9.329e-04 time=0.092s
[RQ-VAE] epoch=249 loss=0.00024825 recon=0.00009241 beh=0.000000 w=0.000 lr=9.325e-04 time=0.093s
[RQ-VAE] epoch=250 loss=0.00024776 recon=0.00009227 lr=9.322e-04 raw_unique=21388/24587 collision=0.130109 time=0.091s
[RQ-VAE] epoch=251 loss=0.00024886 recon=0.00009224 beh=0.000000 w=0.000 lr=9.319e-04 time=0.096s
[RQ-VAE] epoch=252 loss=0.00024868 recon=0.00009206 beh=0.000000 w=0.000 lr=9.315e-04 time=0.093s
[RQ-VAE] epoch=253 loss=0.00024839 recon=0.00009197 beh=0.000000 w=0.000 lr=9.312e-04 time=0.091s
[RQ-VAE] epoch=254 loss=0.00024978 recon=0.00009212 beh=0.000000 w=0.000 lr=9.308e-04 time=0.094s
[RQ-VAE] epoch=255 loss=0.00024899 recon=0.00009182 beh=0.000000 w=0.000 lr=9.305e-04 time=0.093s
[RQ-VAE] epoch=256 loss=0.00024892 recon=0.00009186 beh=0.000000 w=0.000 lr=9.302e-04 time=0.095s
[RQ-VAE] epoch=257 loss=0.00024975 recon=0.00009178 beh=0.000000 w=0.000 lr=9.298e-04 time=0.093s
[RQ-VAE] epoch=258 loss=0.00025028 recon=0.00009174 beh=0.000000 w=0.000 lr=9.295e-04 time=0.092s
[RQ-VAE] epoch=259 loss=0.00025216 recon=0.00009170 beh=0.000000 w=0.000 lr=9.292e-04 time=0.092s
[RQ-VAE] epoch=260 loss=0.00025144 recon=0.00009173 beh=0.000000 w=0.000 lr=9.288e-04 time=0.092s
[RQ-VAE] epoch=261 loss=0.00025161 recon=0.00009184 beh=0.000000 w=0.000 lr=9.285e-04 time=0.209s
[RQ-VAE] epoch=262 loss=0.00025313 recon=0.00009171 beh=0.000000 w=0.000 lr=9.281e-04 time=0.093s
[RQ-VAE] epoch=263 loss=0.00025425 recon=0.00009165 beh=0.000000 w=0.000 lr=9.278e-04 time=0.091s
[RQ-VAE] epoch=264 loss=0.00025430 recon=0.00009148 beh=0.000000 w=0.000 lr=9.275e-04 time=0.092s
[RQ-VAE] epoch=265 loss=0.00025472 recon=0.00009151 beh=0.000000 w=0.000 lr=9.271e-04 time=0.093s
[RQ-VAE] epoch=266 loss=0.00025526 recon=0.00009166 beh=0.000000 w=0.000 lr=9.268e-04 time=0.092s
[RQ-VAE] epoch=267 loss=0.00025568 recon=0.00009149 beh=0.000000 w=0.000 lr=9.264e-04 time=0.092s
[RQ-VAE] epoch=268 loss=0.00025359 recon=0.00009133 beh=0.000000 w=0.000 lr=9.261e-04 time=0.093s
[RQ-VAE] epoch=269 loss=0.00025585 recon=0.00009118 beh=0.000000 w=0.000 lr=9.258e-04 time=0.095s
[RQ-VAE] epoch=270 loss=0.00025629 recon=0.00009129 beh=0.000000 w=0.000 lr=9.254e-04 time=0.097s
[RQ-VAE] epoch=271 loss=0.00025380 recon=0.00009103 beh=0.000000 w=0.000 lr=9.251e-04 time=0.092s
[RQ-VAE] epoch=272 loss=0.00025498 recon=0.00009111 beh=0.000000 w=0.000 lr=9.247e-04 time=0.093s
[RQ-VAE] epoch=273 loss=0.00025837 recon=0.00009115 beh=0.000000 w=0.000 lr=9.244e-04 time=0.092s
[RQ-VAE] epoch=274 loss=0.00025608 recon=0.00009083 beh=0.000000 w=0.000 lr=9.241e-04 time=0.093s
[RQ-VAE] epoch=275 loss=0.00025769 recon=0.00009087 beh=0.000000 w=0.000 lr=9.237e-04 time=0.092s
[RQ-VAE] epoch=276 loss=0.00025787 recon=0.00009064 beh=0.000000 w=0.000 lr=9.234e-04 time=0.211s
[RQ-VAE] epoch=277 loss=0.00025702 recon=0.00009071 beh=0.000000 w=0.000 lr=9.231e-04 time=0.093s
[RQ-VAE] epoch=278 loss=0.00025685 recon=0.00009072 beh=0.000000 w=0.000 lr=9.227e-04 time=0.092s
[RQ-VAE] epoch=279 loss=0.00025812 recon=0.00009054 beh=0.000000 w=0.000 lr=9.224e-04 time=0.093s
[RQ-VAE] epoch=280 loss=0.00025745 recon=0.00009062 beh=0.000000 w=0.000 lr=9.220e-04 time=0.092s
[RQ-VAE] epoch=281 loss=0.00025777 recon=0.00009057 beh=0.000000 w=0.000 lr=9.217e-04 time=0.091s
[RQ-VAE] epoch=282 loss=0.00025915 recon=0.00009044 beh=0.000000 w=0.000 lr=9.214e-04 time=0.091s
[RQ-VAE] epoch=283 loss=0.00025900 recon=0.00009027 beh=0.000000 w=0.000 lr=9.210e-04 time=0.092s
[RQ-VAE] epoch=284 loss=0.00025679 recon=0.00009033 beh=0.000000 w=0.000 lr=9.207e-04 time=0.093s
[RQ-VAE] epoch=285 loss=0.00025954 recon=0.00009012 beh=0.000000 w=0.000 lr=9.203e-04 time=0.092s
[RQ-VAE] epoch=286 loss=0.00025933 recon=0.00009017 beh=0.000000 w=0.000 lr=9.200e-04 time=0.092s
[RQ-VAE] epoch=287 loss=0.00025726 recon=0.00009003 beh=0.000000 w=0.000 lr=9.197e-04 time=0.093s
[RQ-VAE] epoch=288 loss=0.00025833 recon=0.00009001 beh=0.000000 w=0.000 lr=9.193e-04 time=0.093s
[RQ-VAE] epoch=289 loss=0.00025914 recon=0.00008982 beh=0.000000 w=0.000 lr=9.190e-04 time=0.091s
[RQ-VAE] epoch=290 loss=0.00025931 recon=0.00008979 beh=0.000000 w=0.000 lr=9.186e-04 time=0.091s
[RQ-VAE] epoch=291 loss=0.00025997 recon=0.00008990 beh=0.000000 w=0.000 lr=9.183e-04 time=0.092s
[RQ-VAE] epoch=292 loss=0.00026078 recon=0.00008966 beh=0.000000 w=0.000 lr=9.180e-04 time=0.092s
[RQ-VAE] epoch=293 loss=0.00026052 recon=0.00008957 beh=0.000000 w=0.000 lr=9.176e-04 time=0.093s
[RQ-VAE] epoch=294 loss=0.00026098 recon=0.00008950 beh=0.000000 w=0.000 lr=9.173e-04 time=0.092s
[RQ-VAE] epoch=295 loss=0.00026175 recon=0.00008936 beh=0.000000 w=0.000 lr=9.169e-04 time=0.092s
[RQ-VAE] epoch=296 loss=0.00026233 recon=0.00008936 beh=0.000000 w=0.000 lr=9.166e-04 time=0.092s
[RQ-VAE] epoch=297 loss=0.00026301 recon=0.00008955 beh=0.000000 w=0.000 lr=9.163e-04 time=0.091s
[RQ-VAE] epoch=298 loss=0.00026245 recon=0.00008955 beh=0.000000 w=0.000 lr=9.159e-04 time=0.094s
[RQ-VAE] epoch=299 loss=0.00026369 recon=0.00008959 beh=0.000000 w=0.000 lr=9.156e-04 time=0.092s
[RQ-VAE] epoch=300 loss=0.00026384 recon=0.00008930 lr=9.153e-04 raw_unique=21150/24587 collision=0.139789 time=0.092s
[RQ-VAE] epoch=301 loss=0.00026434 recon=0.00008930 beh=0.000000 w=0.000 lr=9.149e-04 time=0.093s
[RQ-VAE] epoch=302 loss=0.00026617 recon=0.00008928 beh=0.000000 w=0.000 lr=9.146e-04 time=0.092s
[RQ-VAE] epoch=303 loss=0.00026623 recon=0.00008925 beh=0.000000 w=0.000 lr=9.142e-04 time=0.092s
[RQ-VAE] epoch=304 loss=0.00026465 recon=0.00008914 beh=0.000000 w=0.000 lr=9.139e-04 time=0.094s
[RQ-VAE] epoch=305 loss=0.00026707 recon=0.00008921 beh=0.000000 w=0.000 lr=9.136e-04 time=0.091s
[RQ-VAE] epoch=306 loss=0.00026729 recon=0.00008920 beh=0.000000 w=0.000 lr=9.132e-04 time=0.092s
[RQ-VAE] epoch=307 loss=0.00026529 recon=0.00008920 beh=0.000000 w=0.000 lr=9.129e-04 time=0.092s
[RQ-VAE] epoch=308 loss=0.00026723 recon=0.00008919 beh=0.000000 w=0.000 lr=9.125e-04 time=0.093s
[RQ-VAE] epoch=309 loss=0.00026738 recon=0.00008902 beh=0.000000 w=0.000 lr=9.122e-04 time=0.092s
[RQ-VAE] epoch=310 loss=0.00026687 recon=0.00008885 beh=0.000000 w=0.000 lr=9.119e-04 time=0.092s
[RQ-VAE] epoch=311 loss=0.00026684 recon=0.00008885 beh=0.000000 w=0.000 lr=9.115e-04 time=0.091s
[RQ-VAE] epoch=312 loss=0.00026806 recon=0.00008868 beh=0.000000 w=0.000 lr=9.112e-04 time=0.095s
[RQ-VAE] epoch=313 loss=0.00026793 recon=0.00008857 beh=0.000000 w=0.000 lr=9.108e-04 time=0.091s
[RQ-VAE] epoch=314 loss=0.00026717 recon=0.00008867 beh=0.000000 w=0.000 lr=9.105e-04 time=0.091s
[RQ-VAE] epoch=315 loss=0.00026854 recon=0.00008852 beh=0.000000 w=0.000 lr=9.102e-04 time=0.092s
[RQ-VAE] epoch=316 loss=0.00026890 recon=0.00008878 beh=0.000000 w=0.000 lr=9.098e-04 time=0.091s
[RQ-VAE] epoch=317 loss=0.00026942 recon=0.00008869 beh=0.000000 w=0.000 lr=9.095e-04 time=0.092s
[RQ-VAE] epoch=318 loss=0.00026925 recon=0.00008842 beh=0.000000 w=0.000 lr=9.092e-04 time=0.093s
[RQ-VAE] epoch=319 loss=0.00026782 recon=0.00008838 beh=0.000000 w=0.000 lr=9.088e-04 time=0.092s
[RQ-VAE] epoch=320 loss=0.00026964 recon=0.00008839 beh=0.000000 w=0.000 lr=9.085e-04 time=0.093s
[RQ-VAE] epoch=321 loss=0.00026997 recon=0.00008824 beh=0.000000 w=0.000 lr=9.081e-04 time=0.092s
[RQ-VAE] epoch=322 loss=0.00026958 recon=0.00008826 beh=0.000000 w=0.000 lr=9.078e-04 time=0.092s
[RQ-VAE] epoch=323 loss=0.00026985 recon=0.00008814 beh=0.000000 w=0.000 lr=9.075e-04 time=0.092s
[RQ-VAE] epoch=324 loss=0.00026947 recon=0.00008817 beh=0.000000 w=0.000 lr=9.071e-04 time=0.092s
[RQ-VAE] epoch=325 loss=0.00027041 recon=0.00008827 beh=0.000000 w=0.000 lr=9.068e-04 time=0.091s
[RQ-VAE] epoch=326 loss=0.00027169 recon=0.00008800 beh=0.000000 w=0.000 lr=9.064e-04 time=0.093s
[RQ-VAE] epoch=327 loss=0.00026964 recon=0.00008796 beh=0.000000 w=0.000 lr=9.061e-04 time=0.093s
[RQ-VAE] epoch=328 loss=0.00026944 recon=0.00008779 beh=0.000000 w=0.000 lr=9.058e-04 time=0.092s
[RQ-VAE] epoch=329 loss=0.00027247 recon=0.00008799 beh=0.000000 w=0.000 lr=9.054e-04 time=0.094s
[RQ-VAE] epoch=330 loss=0.00027131 recon=0.00008772 beh=0.000000 w=0.000 lr=9.051e-04 time=0.092s
[RQ-VAE] epoch=331 loss=0.00027051 recon=0.00008785 beh=0.000000 w=0.000 lr=9.047e-04 time=0.092s
[RQ-VAE] epoch=332 loss=0.00027148 recon=0.00008769 beh=0.000000 w=0.000 lr=9.044e-04 time=0.091s
[RQ-VAE] epoch=333 loss=0.00027355 recon=0.00008776 beh=0.000000 w=0.000 lr=9.041e-04 time=0.21s
[RQ-VAE] epoch=334 loss=0.00027259 recon=0.00008762 beh=0.000000 w=0.000 lr=9.037e-04 time=0.094s
[RQ-VAE] epoch=335 loss=0.00027287 recon=0.00008784 beh=0.000000 w=0.000 lr=9.034e-04 time=0.094s
[RQ-VAE] epoch=336 loss=0.00027336 recon=0.00008766 beh=0.000000 w=0.000 lr=9.031e-04 time=0.094s
[RQ-VAE] epoch=337 loss=0.00027263 recon=0.00008758 beh=0.000000 w=0.000 lr=9.027e-04 time=0.092s
[RQ-VAE] epoch=338 loss=0.00027328 recon=0.00008749 beh=0.000000 w=0.000 lr=9.024e-04 time=0.092s
[RQ-VAE] epoch=339 loss=0.00027557 recon=0.00008760 beh=0.000000 w=0.000 lr=9.020e-04 time=0.092s
[RQ-VAE] epoch=340 loss=0.00027469 recon=0.00008741 beh=0.000000 w=0.000 lr=9.017e-04 time=0.092s
[RQ-VAE] epoch=341 loss=0.00027391 recon=0.00008742 beh=0.000000 w=0.000 lr=9.014e-04 time=0.091s
[RQ-VAE] epoch=342 loss=0.00027385 recon=0.00008742 beh=0.000000 w=0.000 lr=9.010e-04 time=0.092s
[RQ-VAE] epoch=343 loss=0.00027439 recon=0.00008748 beh=0.000000 w=0.000 lr=9.007e-04 time=0.093s
[RQ-VAE] epoch=344 loss=0.00027621 recon=0.00008727 beh=0.000000 w=0.000 lr=9.003e-04 time=0.093s
[RQ-VAE] epoch=345 loss=0.00027478 recon=0.00008739 beh=0.000000 w=0.000 lr=9.000e-04 time=0.092s
[RQ-VAE] epoch=346 loss=0.00027437 recon=0.00008720 beh=0.000000 w=0.000 lr=8.997e-04 time=0.092s
[RQ-VAE] epoch=347 loss=0.00027423 recon=0.00008723 beh=0.000000 w=0.000 lr=8.993e-04 time=0.091s
[RQ-VAE] epoch=348 loss=0.00027489 recon=0.00008706 beh=0.000000 w=0.000 lr=8.990e-04 time=0.092s
[RQ-VAE] epoch=349 loss=0.00027366 recon=0.00008689 beh=0.000000 w=0.000 lr=8.986e-04 time=0.092s
[RQ-VAE] epoch=350 loss=0.00027349 recon=0.00008691 lr=8.983e-04 raw_unique=20904/24587 collision=0.149795 time=0.092s
[RQ-VAE] epoch=351 loss=0.00027441 recon=0.00008701 beh=0.000000 w=0.000 lr=8.980e-04 time=0.092s
[RQ-VAE] epoch=352 loss=0.00027471 recon=0.00008681 beh=0.000000 w=0.000 lr=8.976e-04 time=0.092s
[RQ-VAE] epoch=353 loss=0.00027517 recon=0.00008680 beh=0.000000 w=0.000 lr=8.973e-04 time=0.091s
[RQ-VAE] epoch=354 loss=0.00027550 recon=0.00008696 beh=0.000000 w=0.000 lr=8.969e-04 time=0.091s
[RQ-VAE] epoch=355 loss=0.00027520 recon=0.00008689 beh=0.000000 w=0.000 lr=8.966e-04 time=0.092s
[RQ-VAE] epoch=356 loss=0.00027616 recon=0.00008689 beh=0.000000 w=0.000 lr=8.963e-04 time=0.092s
[RQ-VAE] epoch=357 loss=0.00027740 recon=0.00008668 beh=0.000000 w=0.000 lr=8.959e-04 time=0.093s
[RQ-VAE] epoch=358 loss=0.00027411 recon=0.00008664 beh=0.000000 w=0.000 lr=8.956e-04 time=0.093s
[RQ-VAE] epoch=359 loss=0.00027459 recon=0.00008674 beh=0.000000 w=0.000 lr=8.953e-04 time=0.092s
[RQ-VAE] epoch=360 loss=0.00027780 recon=0.00008669 beh=0.000000 w=0.000 lr=8.949e-04 time=0.092s
[RQ-VAE] epoch=361 loss=0.00027612 recon=0.00008649 beh=0.000000 w=0.000 lr=8.946e-04 time=0.091s
[RQ-VAE] epoch=362 loss=0.00027515 recon=0.00008651 beh=0.000000 w=0.000 lr=8.942e-04 time=0.195s
[RQ-VAE] epoch=363 loss=0.00027686 recon=0.00008641 beh=0.000000 w=0.000 lr=8.939e-04 time=0.095s
[RQ-VAE] epoch=364 loss=0.00027709 recon=0.00008643 beh=0.000000 w=0.000 lr=8.936e-04 time=0.092s
[RQ-VAE] epoch=365 loss=0.00027560 recon=0.00008626 beh=0.000000 w=0.000 lr=8.932e-04 time=0.093s
[RQ-VAE] epoch=366 loss=0.00027811 recon=0.00008632 beh=0.000000 w=0.000 lr=8.929e-04 time=0.093s
[RQ-VAE] epoch=367 loss=0.00027689 recon=0.00008616 beh=0.000000 w=0.000 lr=8.925e-04 time=0.093s
[RQ-VAE] epoch=368 loss=0.00027712 recon=0.00008616 beh=0.000000 w=0.000 lr=8.922e-04 time=0.092s
[RQ-VAE] epoch=369 loss=0.00027697 recon=0.00008617 beh=0.000000 w=0.000 lr=8.919e-04 time=0.092s
[RQ-VAE] epoch=370 loss=0.00027756 recon=0.00008616 beh=0.000000 w=0.000 lr=8.915e-04 time=0.092s
[RQ-VAE] epoch=371 loss=0.00027857 recon=0.00008610 beh=0.000000 w=0.000 lr=8.912e-04 time=0.092s
[RQ-VAE] epoch=372 loss=0.00027887 recon=0.00008615 beh=0.000000 w=0.000 lr=8.908e-04 time=0.092s
[RQ-VAE] epoch=373 loss=0.00027805 recon=0.00008611 beh=0.000000 w=0.000 lr=8.905e-04 time=0.095s
[RQ-VAE] epoch=374 loss=0.00027977 recon=0.00008589 beh=0.000000 w=0.000 lr=8.902e-04 time=0.092s
[RQ-VAE] epoch=375 loss=0.00027779 recon=0.00008605 beh=0.000000 w=0.000 lr=8.898e-04 time=0.093s
[RQ-VAE] epoch=376 loss=0.00027900 recon=0.00008600 beh=0.000000 w=0.000 lr=8.895e-04 time=0.093s
[RQ-VAE] epoch=377 loss=0.00027895 recon=0.00008592 beh=0.000000 w=0.000 lr=8.892e-04 time=0.093s
[RQ-VAE] epoch=378 loss=0.00027943 recon=0.00008591 beh=0.000000 w=0.000 lr=8.888e-04 time=0.093s
[RQ-VAE] epoch=379 loss=0.00027935 recon=0.00008586 beh=0.000000 w=0.000 lr=8.885e-04 time=0.092s
[RQ-VAE] epoch=380 loss=0.00028170 recon=0.00008572 beh=0.000000 w=0.000 lr=8.881e-04 time=0.093s
[RQ-VAE] epoch=381 loss=0.00027921 recon=0.00008557 beh=0.000000 w=0.000 lr=8.878e-04 time=0.092s
[RQ-VAE] epoch=382 loss=0.00027867 recon=0.00008562 beh=0.000000 w=0.000 lr=8.875e-04 time=0.201s
[RQ-VAE] epoch=383 loss=0.00028059 recon=0.00008549 beh=0.000000 w=0.000 lr=8.871e-04 time=0.093s
[RQ-VAE] epoch=384 loss=0.00028094 recon=0.00008550 beh=0.000000 w=0.000 lr=8.868e-04 time=0.095s
[RQ-VAE] epoch=385 loss=0.00028054 recon=0.00008562 beh=0.000000 w=0.000 lr=8.864e-04 time=0.093s
[RQ-VAE] epoch=386 loss=0.00028078 recon=0.00008546 beh=0.000000 w=0.000 lr=8.861e-04 time=0.092s
[RQ-VAE] epoch=387 loss=0.00028252 recon=0.00008536 beh=0.000000 w=0.000 lr=8.858e-04 time=0.093s
[RQ-VAE] epoch=388 loss=0.00028166 recon=0.00008550 beh=0.000000 w=0.000 lr=8.854e-04 time=0.092s
[RQ-VAE] epoch=389 loss=0.00027983 recon=0.00008553 beh=0.000000 w=0.000 lr=8.851e-04 time=0.093s
[RQ-VAE] epoch=390 loss=0.00028343 recon=0.00008548 beh=0.000000 w=0.000 lr=8.847e-04 time=0.092s
[RQ-VAE] epoch=391 loss=0.00028068 recon=0.00008531 beh=0.000000 w=0.000 lr=8.844e-04 time=0.092s
[RQ-VAE] epoch=392 loss=0.00027961 recon=0.00008537 beh=0.000000 w=0.000 lr=8.841e-04 time=0.093s
[RQ-VAE] epoch=393 loss=0.00028081 recon=0.00008542 beh=0.000000 w=0.000 lr=8.837e-04 time=0.093s
[RQ-VAE] epoch=394 loss=0.00028403 recon=0.00008523 beh=0.000000 w=0.000 lr=8.834e-04 time=0.093s
[RQ-VAE] epoch=395 loss=0.00028173 recon=0.00008525 beh=0.000000 w=0.000 lr=8.831e-04 time=0.093s
[RQ-VAE] epoch=396 loss=0.00028032 recon=0.00008523 beh=0.000000 w=0.000 lr=8.827e-04 time=0.093s
[RQ-VAE] epoch=397 loss=0.00028222 recon=0.00008509 beh=0.000000 w=0.000 lr=8.824e-04 time=0.189s
[RQ-VAE] epoch=398 loss=0.00028150 recon=0.00008500 beh=0.000000 w=0.000 lr=8.820e-04 time=0.092s
[RQ-VAE] epoch=399 loss=0.00028207 recon=0.00008500 beh=0.000000 w=0.000 lr=8.817e-04 time=0.091s
[RQ-VAE] epoch=400 loss=0.00028355 recon=0.00008498 lr=8.814e-04 raw_unique=20884/24587 collision=0.150608 time=0.093s
[RQ-VAE] epoch=401 loss=0.00028432 recon=0.00008492 beh=0.000000 w=0.000 lr=8.810e-04 time=0.092s
[RQ-VAE] epoch=402 loss=0.00028186 recon=0.00008502 beh=0.000000 w=0.000 lr=8.807e-04 time=0.092s
[RQ-VAE] epoch=403 loss=0.00028293 recon=0.00008488 beh=0.000000 w=0.000 lr=8.803e-04 time=0.092s
[RQ-VAE] epoch=404 loss=0.00028365 recon=0.00008479 beh=0.000000 w=0.000 lr=8.800e-04 time=0.093s
[RQ-VAE] epoch=405 loss=0.00028234 recon=0.00008508 beh=0.000000 w=0.000 lr=8.797e-04 time=0.093s
[RQ-VAE] epoch=406 loss=0.00028364 recon=0.00008480 beh=0.000000 w=0.000 lr=8.793e-04 time=0.092s
[RQ-VAE] epoch=407 loss=0.00028247 recon=0.00008473 beh=0.000000 w=0.000 lr=8.790e-04 time=0.092s
[RQ-VAE] epoch=408 loss=0.00028431 recon=0.00008479 beh=0.000000 w=0.000 lr=8.786e-04 time=0.093s
[RQ-VAE] epoch=409 loss=0.00028402 recon=0.00008472 beh=0.000000 w=0.000 lr=8.783e-04 time=0.092s
[RQ-VAE] epoch=410 loss=0.00028416 recon=0.00008483 beh=0.000000 w=0.000 lr=8.780e-04 time=0.093s
[RQ-VAE] epoch=411 loss=0.00028526 recon=0.00008466 beh=0.000000 w=0.000 lr=8.776e-04 time=0.093s
[RQ-VAE] epoch=412 loss=0.00028406 recon=0.00008455 beh=0.000000 w=0.000 lr=8.773e-04 time=0.092s
[RQ-VAE] epoch=413 loss=0.00028394 recon=0.00008455 beh=0.000000 w=0.000 lr=8.769e-04 time=0.093s
[RQ-VAE] epoch=414 loss=0.00028503 recon=0.00008447 beh=0.000000 w=0.000 lr=8.766e-04 time=0.092s
[RQ-VAE] epoch=415 loss=0.00028496 recon=0.00008444 beh=0.000000 w=0.000 lr=8.763e-04 time=0.091s
[RQ-VAE] epoch=416 loss=0.00028405 recon=0.00008438 beh=0.000000 w=0.000 lr=8.759e-04 time=0.092s
[RQ-VAE] epoch=417 loss=0.00028596 recon=0.00008441 beh=0.000000 w=0.000 lr=8.756e-04 time=0.093s
[RQ-VAE] epoch=418 loss=0.00028640 recon=0.00008438 beh=0.000000 w=0.000 lr=8.753e-04 time=0.092s
[RQ-VAE] epoch=419 loss=0.00028422 recon=0.00008434 beh=0.000000 w=0.000 lr=8.749e-04 time=0.093s
[RQ-VAE] epoch=420 loss=0.00028519 recon=0.00008448 beh=0.000000 w=0.000 lr=8.746e-04 time=0.092s
[RQ-VAE] epoch=421 loss=0.00028699 recon=0.00008445 beh=0.000000 w=0.000 lr=8.742e-04 time=0.092s
[RQ-VAE] epoch=422 loss=0.00028419 recon=0.00008441 beh=0.000000 w=0.000 lr=8.739e-04 time=0.092s
[RQ-VAE] epoch=423 loss=0.00028442 recon=0.00008415 beh=0.000000 w=0.000 lr=8.736e-04 time=0.092s
[RQ-VAE] epoch=424 loss=0.00028526 recon=0.00008414 beh=0.000000 w=0.000 lr=8.732e-04 time=0.092s
[RQ-VAE] epoch=425 loss=0.00028554 recon=0.00008406 beh=0.000000 w=0.000 lr=8.729e-04 time=0.092s
[RQ-VAE] epoch=426 loss=0.00028453 recon=0.00008392 beh=0.000000 w=0.000 lr=8.725e-04 time=0.092s
[RQ-VAE] epoch=427 loss=0.00028530 recon=0.00008409 beh=0.000000 w=0.000 lr=8.722e-04 time=0.093s
[RQ-VAE] epoch=428 loss=0.00028486 recon=0.00008384 beh=0.000000 w=0.000 lr=8.719e-04 time=0.093s
[RQ-VAE] epoch=429 loss=0.00028637 recon=0.00008390 beh=0.000000 w=0.000 lr=8.715e-04 time=0.092s
[RQ-VAE] epoch=430 loss=0.00028619 recon=0.00008387 beh=0.000000 w=0.000 lr=8.712e-04 time=0.093s
[RQ-VAE] epoch=431 loss=0.00028517 recon=0.00008381 beh=0.000000 w=0.000 lr=8.708e-04 time=0.092s
[RQ-VAE] epoch=432 loss=0.00028585 recon=0.00008378 beh=0.000000 w=0.000 lr=8.705e-04 time=0.093s
[RQ-VAE] epoch=433 loss=0.00028694 recon=0.00008398 beh=0.000000 w=0.000 lr=8.702e-04 time=0.092s
[RQ-VAE] epoch=434 loss=0.00028735 recon=0.00008403 beh=0.000000 w=0.000 lr=8.698e-04 time=0.093s
[RQ-VAE] epoch=435 loss=0.00028701 recon=0.00008382 beh=0.000000 w=0.000 lr=8.695e-04 time=0.091s
[RQ-VAE] epoch=436 loss=0.00028672 recon=0.00008368 beh=0.000000 w=0.000 lr=8.692e-04 time=0.091s
[RQ-VAE] epoch=437 loss=0.00028578 recon=0.00008362 beh=0.000000 w=0.000 lr=8.688e-04 time=0.092s
[RQ-VAE] epoch=438 loss=0.00028646 recon=0.00008361 beh=0.000000 w=0.000 lr=8.685e-04 time=0.092s
[RQ-VAE] epoch=439 loss=0.00028645 recon=0.00008392 beh=0.000000 w=0.000 lr=8.681e-04 time=0.092s
[RQ-VAE] epoch=440 loss=0.00028745 recon=0.00008355 beh=0.000000 w=0.000 lr=8.678e-04 time=0.092s
[RQ-VAE] epoch=441 loss=0.00028710 recon=0.00008347 beh=0.000000 w=0.000 lr=8.675e-04 time=0.093s
[RQ-VAE] epoch=442 loss=0.00028754 recon=0.00008362 beh=0.000000 w=0.000 lr=8.671e-04 time=0.091s
[RQ-VAE] epoch=443 loss=0.00028714 recon=0.00008363 beh=0.000000 w=0.000 lr=8.668e-04 time=0.092s
[RQ-VAE] epoch=444 loss=0.00028574 recon=0.00008374 beh=0.000000 w=0.000 lr=8.664e-04 time=0.093s
[RQ-VAE] epoch=445 loss=0.00028630 recon=0.00008358 beh=0.000000 w=0.000 lr=8.661e-04 time=0.092s
[RQ-VAE] epoch=446 loss=0.00028735 recon=0.00008355 beh=0.000000 w=0.000 lr=8.658e-04 time=0.092s
[RQ-VAE] epoch=447 loss=0.00028755 recon=0.00008357 beh=0.000000 w=0.000 lr=8.654e-04 time=0.093s
[RQ-VAE] epoch=448 loss=0.00028946 recon=0.00008380 beh=0.000000 w=0.000 lr=8.651e-04 time=0.092s
[RQ-VAE] epoch=449 loss=0.00028906 recon=0.00008353 beh=0.000000 w=0.000 lr=8.647e-04 time=0.092s
[RQ-VAE] epoch=450 loss=0.00028877 recon=0.00008337 lr=8.644e-04 raw_unique=20699/24587 collision=0.158132 time=0.093s
[RQ-VAE] epoch=451 loss=0.00028802 recon=0.00008337 beh=0.000000 w=0.000 lr=8.641e-04 time=0.093s
[RQ-VAE] epoch=452 loss=0.00028833 recon=0.00008326 beh=0.000000 w=0.000 lr=8.637e-04 time=0.093s
[RQ-VAE] epoch=453 loss=0.00029018 recon=0.00008325 beh=0.000000 w=0.000 lr=8.634e-04 time=0.092s
[RQ-VAE] epoch=454 loss=0.00028888 recon=0.00008331 beh=0.000000 w=0.000 lr=8.631e-04 time=0.194s
[RQ-VAE] epoch=455 loss=0.00028960 recon=0.00008320 beh=0.000000 w=0.000 lr=8.627e-04 time=0.093s
[RQ-VAE] epoch=456 loss=0.00028986 recon=0.00008318 beh=0.000000 w=0.000 lr=8.624e-04 time=0.093s
[RQ-VAE] epoch=457 loss=0.00028978 recon=0.00008317 beh=0.000000 w=0.000 lr=8.620e-04 time=0.093s
[RQ-VAE] epoch=458 loss=0.00029069 recon=0.00008307 beh=0.000000 w=0.000 lr=8.617e-04 time=0.092s
[RQ-VAE] epoch=459 loss=0.00028981 recon=0.00008306 beh=0.000000 w=0.000 lr=8.614e-04 time=0.093s
[RQ-VAE] epoch=460 loss=0.00029170 recon=0.00008314 beh=0.000000 w=0.000 lr=8.610e-04 time=0.093s
[RQ-VAE] epoch=461 loss=0.00028997 recon=0.00008307 beh=0.000000 w=0.000 lr=8.607e-04 time=0.092s
[RQ-VAE] epoch=462 loss=0.00028827 recon=0.00008314 beh=0.000000 w=0.000 lr=8.603e-04 time=0.093s
[RQ-VAE] epoch=463 loss=0.00029123 recon=0.00008302 beh=0.000000 w=0.000 lr=8.600e-04 time=0.093s
[RQ-VAE] epoch=464 loss=0.00029026 recon=0.00008301 beh=0.000000 w=0.000 lr=8.597e-04 time=0.093s
[RQ-VAE] epoch=465 loss=0.00029174 recon=0.00008304 beh=0.000000 w=0.000 lr=8.593e-04 time=0.092s
[RQ-VAE] epoch=466 loss=0.00029263 recon=0.00008291 beh=0.000000 w=0.000 lr=8.590e-04 time=0.092s
[RQ-VAE] epoch=467 loss=0.00029129 recon=0.00008280 beh=0.000000 w=0.000 lr=8.586e-04 time=0.092s
[RQ-VAE] epoch=468 loss=0.00029152 recon=0.00008293 beh=0.000000 w=0.000 lr=8.583e-04 time=0.093s
[RQ-VAE] epoch=469 loss=0.00029164 recon=0.00008292 beh=0.000000 w=0.000 lr=8.580e-04 time=0.093s
[RQ-VAE] epoch=470 loss=0.00029308 recon=0.00008281 beh=0.000000 w=0.000 lr=8.576e-04 time=0.092s
[RQ-VAE] epoch=471 loss=0.00029278 recon=0.00008287 beh=0.000000 w=0.000 lr=8.573e-04 time=0.093s
[RQ-VAE] epoch=472 loss=0.00029230 recon=0.00008281 beh=0.000000 w=0.000 lr=8.569e-04 time=0.094s
[RQ-VAE] epoch=473 loss=0.00029068 recon=0.00008283 beh=0.000000 w=0.000 lr=8.566e-04 time=0.093s
[RQ-VAE] epoch=474 loss=0.00029149 recon=0.00008276 beh=0.000000 w=0.000 lr=8.563e-04 time=0.095s
[RQ-VAE] epoch=475 loss=0.00029233 recon=0.00008258 beh=0.000000 w=0.000 lr=8.559e-04 time=0.093s
[RQ-VAE] epoch=476 loss=0.00029156 recon=0.00008269 beh=0.000000 w=0.000 lr=8.556e-04 time=0.093s
[RQ-VAE] epoch=477 loss=0.00029216 recon=0.00008272 beh=0.000000 w=0.000 lr=8.553e-04 time=0.093s
[RQ-VAE] epoch=478 loss=0.00029210 recon=0.00008245 beh=0.000000 w=0.000 lr=8.549e-04 time=0.093s
[RQ-VAE] epoch=479 loss=0.00029079 recon=0.00008240 beh=0.000000 w=0.000 lr=8.546e-04 time=0.092s
[RQ-VAE] epoch=480 loss=0.00029104 recon=0.00008254 beh=0.000000 w=0.000 lr=8.542e-04 time=0.093s
[RQ-VAE] epoch=481 loss=0.00029037 recon=0.00008241 beh=0.000000 w=0.000 lr=8.539e-04 time=0.093s
[RQ-VAE] epoch=482 loss=0.00029110 recon=0.00008238 beh=0.000000 w=0.000 lr=8.536e-04 time=0.092s
[RQ-VAE] epoch=483 loss=0.00029134 recon=0.00008246 beh=0.000000 w=0.000 lr=8.532e-04 time=0.201s
[RQ-VAE] epoch=484 loss=0.00029056 recon=0.00008239 beh=0.000000 w=0.000 lr=8.529e-04 time=0.093s
[RQ-VAE] epoch=485 loss=0.00029229 recon=0.00008239 beh=0.000000 w=0.000 lr=8.525e-04 time=0.093s
[RQ-VAE] epoch=486 loss=0.00029073 recon=0.00008226 beh=0.000000 w=0.000 lr=8.522e-04 time=0.092s
[RQ-VAE] epoch=487 loss=0.00029198 recon=0.00008235 beh=0.000000 w=0.000 lr=8.519e-04 time=0.092s
[RQ-VAE] epoch=488 loss=0.00029252 recon=0.00008227 beh=0.000000 w=0.000 lr=8.515e-04 time=0.093s
[RQ-VAE] epoch=489 loss=0.00029387 recon=0.00008229 beh=0.000000 w=0.000 lr=8.512e-04 time=0.093s
[RQ-VAE] epoch=490 loss=0.00029276 recon=0.00008221 beh=0.000000 w=0.000 lr=8.508e-04 time=0.092s
[RQ-VAE] epoch=491 loss=0.00029336 recon=0.00008225 beh=0.000000 w=0.000 lr=8.505e-04 time=0.092s
[RQ-VAE] epoch=492 loss=0.00029496 recon=0.00008226 beh=0.000000 w=0.000 lr=8.502e-04 time=0.092s
[RQ-VAE] epoch=493 loss=0.00029434 recon=0.00008228 beh=0.000000 w=0.000 lr=8.498e-04 time=0.092s
[RQ-VAE] epoch=494 loss=0.00029523 recon=0.00008208 beh=0.000000 w=0.000 lr=8.495e-04 time=0.093s
[RQ-VAE] epoch=495 loss=0.00029185 recon=0.00008235 beh=0.000000 w=0.000 lr=8.492e-04 time=0.091s
[RQ-VAE] epoch=496 loss=0.00029334 recon=0.00008208 beh=0.000000 w=0.000 lr=8.488e-04 time=0.093s
[RQ-VAE] epoch=497 loss=0.00029322 recon=0.00008201 beh=0.000000 w=0.000 lr=8.485e-04 time=0.093s
[RQ-VAE] epoch=498 loss=0.00029526 recon=0.00008199 beh=0.000000 w=0.000 lr=8.481e-04 time=0.093s
[RQ-VAE] epoch=499 loss=0.00029547 recon=0.00008216 beh=0.000000 w=0.000 lr=8.478e-04 time=0.092s
[RQ-VAE] epoch=500 loss=0.00029438 recon=0.00008214 lr=8.475e-04 raw_unique=20544/24587 collision=0.164436 time=0.092s
[RQ-VAE] epoch=501 loss=0.00029484 recon=0.00008207 beh=0.000000 w=0.000 lr=8.471e-04 time=0.093s
[RQ-VAE] epoch=502 loss=0.00029476 recon=0.00008208 beh=0.000000 w=0.000 lr=8.468e-04 time=0.092s
[RQ-VAE] epoch=503 loss=0.00029615 recon=0.00008199 beh=0.000000 w=0.000 lr=8.464e-04 time=0.182s
[RQ-VAE] epoch=504 loss=0.00029663 recon=0.00008219 beh=0.000000 w=0.000 lr=8.461e-04 time=0.092s
[RQ-VAE] epoch=505 loss=0.00029689 recon=0.00008212 beh=0.000000 w=0.000 lr=8.458e-04 time=0.093s
[RQ-VAE] epoch=506 loss=0.00029708 recon=0.00008206 beh=0.000000 w=0.000 lr=8.454e-04 time=0.092s
[RQ-VAE] epoch=507 loss=0.00029689 recon=0.00008185 beh=0.000000 w=0.000 lr=8.451e-04 time=0.093s
[RQ-VAE] epoch=508 loss=0.00029690 recon=0.00008194 beh=0.000000 w=0.000 lr=8.447e-04 time=0.093s
[RQ-VAE] epoch=509 loss=0.00029697 recon=0.00008216 beh=0.000000 w=0.000 lr=8.444e-04 time=0.093s
[RQ-VAE] epoch=510 loss=0.00029669 recon=0.00008187 beh=0.000000 w=0.000 lr=8.441e-04 time=0.092s
[RQ-VAE] epoch=511 loss=0.00029633 recon=0.00008195 beh=0.000000 w=0.000 lr=8.437e-04 time=0.093s
[RQ-VAE] epoch=512 loss=0.00029644 recon=0.00008201 beh=0.000000 w=0.000 lr=8.434e-04 time=0.093s
[RQ-VAE] epoch=513 loss=0.00029802 recon=0.00008196 beh=0.000000 w=0.000 lr=8.431e-04 time=0.092s
[RQ-VAE] epoch=514 loss=0.00029604 recon=0.00008168 beh=0.000000 w=0.000 lr=8.427e-04 time=0.093s
[RQ-VAE] epoch=515 loss=0.00029545 recon=0.00008157 beh=0.000000 w=0.000 lr=8.424e-04 time=0.093s
[RQ-VAE] epoch=516 loss=0.00029708 recon=0.00008166 beh=0.000000 w=0.000 lr=8.420e-04 time=0.093s
[RQ-VAE] epoch=517 loss=0.00029710 recon=0.00008156 beh=0.000000 w=0.000 lr=8.417e-04 time=0.095s
[RQ-VAE] epoch=518 loss=0.00029609 recon=0.00008158 beh=0.000000 w=0.000 lr=8.414e-04 time=0.187s
[RQ-VAE] epoch=519 loss=0.00029737 recon=0.00008185 beh=0.000000 w=0.000 lr=8.410e-04 time=0.092s
[RQ-VAE] epoch=520 loss=0.00029517 recon=0.00008152 beh=0.000000 w=0.000 lr=8.407e-04 time=0.092s
[RQ-VAE] epoch=521 loss=0.00029746 recon=0.00008149 beh=0.000000 w=0.000 lr=8.403e-04 time=0.092s
[RQ-VAE] epoch=522 loss=0.00029671 recon=0.00008160 beh=0.000000 w=0.000 lr=8.400e-04 time=0.093s
[RQ-VAE] epoch=523 loss=0.00029601 recon=0.00008143 beh=0.000000 w=0.000 lr=8.397e-04 time=0.091s
[RQ-VAE] epoch=524 loss=0.00029573 recon=0.00008159 beh=0.000000 w=0.000 lr=8.393e-04 time=0.093s
[RQ-VAE] epoch=525 loss=0.00029643 recon=0.00008146 beh=0.000000 w=0.000 lr=8.390e-04 time=0.092s
[RQ-VAE] epoch=526 loss=0.00029701 recon=0.00008143 beh=0.000000 w=0.000 lr=8.386e-04 time=0.093s
[RQ-VAE] epoch=527 loss=0.00029842 recon=0.00008147 beh=0.000000 w=0.000 lr=8.383e-04 time=0.092s
[RQ-VAE] epoch=528 loss=0.00029689 recon=0.00008144 beh=0.000000 w=0.000 lr=8.380e-04 time=0.092s
[RQ-VAE] epoch=529 loss=0.00029647 recon=0.00008143 beh=0.000000 w=0.000 lr=8.376e-04 time=0.093s
[RQ-VAE] epoch=530 loss=0.00029706 recon=0.00008150 beh=0.000000 w=0.000 lr=8.373e-04 time=0.092s
[RQ-VAE] epoch=531 loss=0.00029711 recon=0.00008148 beh=0.000000 w=0.000 lr=8.369e-04 time=0.092s
[RQ-VAE] epoch=532 loss=0.00029833 recon=0.00008137 beh=0.000000 w=0.000 lr=8.366e-04 time=0.092s
[RQ-VAE] epoch=533 loss=0.00029852 recon=0.00008149 beh=0.000000 w=0.000 lr=8.363e-04 time=0.093s
[RQ-VAE] epoch=534 loss=0.00029937 recon=0.00008143 beh=0.000000 w=0.000 lr=8.359e-04 time=0.091s
[RQ-VAE] epoch=535 loss=0.00029921 recon=0.00008127 beh=0.000000 w=0.000 lr=8.356e-04 time=0.092s
[RQ-VAE] epoch=536 loss=0.00029723 recon=0.00008116 beh=0.000000 w=0.000 lr=8.353e-04 time=0.092s
[RQ-VAE] epoch=537 loss=0.00029994 recon=0.00008134 beh=0.000000 w=0.000 lr=8.349e-04 time=0.092s
[RQ-VAE] epoch=538 loss=0.00029964 recon=0.00008136 beh=0.000000 w=0.000 lr=8.346e-04 time=0.099s
[RQ-VAE] epoch=539 loss=0.00029937 recon=0.00008141 beh=0.000000 w=0.000 lr=8.342e-04 time=0.091s
[RQ-VAE] epoch=540 loss=0.00029978 recon=0.00008131 beh=0.000000 w=0.000 lr=8.339e-04 time=0.092s
[RQ-VAE] epoch=541 loss=0.00029989 recon=0.00008125 beh=0.000000 w=0.000 lr=8.336e-04 time=0.091s
[RQ-VAE] epoch=542 loss=0.00029973 recon=0.00008121 beh=0.000000 w=0.000 lr=8.332e-04 time=0.091s
[RQ-VAE] epoch=543 loss=0.00029891 recon=0.00008122 beh=0.000000 w=0.000 lr=8.329e-04 time=0.092s
[RQ-VAE] epoch=544 loss=0.00030010 recon=0.00008108 beh=0.000000 w=0.000 lr=8.325e-04 time=0.092s
[RQ-VAE] epoch=545 loss=0.00029913 recon=0.00008120 beh=0.000000 w=0.000 lr=8.322e-04 time=0.092s
[RQ-VAE] epoch=546 loss=0.00029824 recon=0.00008109 beh=0.000000 w=0.000 lr=8.319e-04 time=0.092s
[RQ-VAE] epoch=547 loss=0.00029748 recon=0.00008097 beh=0.000000 w=0.000 lr=8.315e-04 time=0.092s
[RQ-VAE] epoch=548 loss=0.00029933 recon=0.00008115 beh=0.000000 w=0.000 lr=8.312e-04 time=0.092s
[RQ-VAE] epoch=549 loss=0.00030095 recon=0.00008108 beh=0.000000 w=0.000 lr=8.308e-04 time=0.096s
[RQ-VAE] epoch=550 loss=0.00029915 recon=0.00008091 lr=8.305e-04 raw_unique=20632/24587 collision=0.160857 time=0.092s
[RQ-VAE] epoch=551 loss=0.00029888 recon=0.00008107 beh=0.000000 w=0.000 lr=8.302e-04 time=0.093s
[RQ-VAE] epoch=552 loss=0.00029893 recon=0.00008093 beh=0.000000 w=0.000 lr=8.298e-04 time=0.092s
[RQ-VAE] epoch=553 loss=0.00029946 recon=0.00008090 beh=0.000000 w=0.000 lr=8.295e-04 time=0.093s
[RQ-VAE] epoch=554 loss=0.00029980 recon=0.00008091 beh=0.000000 w=0.000 lr=8.292e-04 time=0.092s
[RQ-VAE] epoch=555 loss=0.00030008 recon=0.00008089 beh=0.000000 w=0.000 lr=8.288e-04 time=0.092s
[RQ-VAE] epoch=556 loss=0.00030075 recon=0.00008099 beh=0.000000 w=0.000 lr=8.285e-04 time=0.093s
[RQ-VAE] epoch=557 loss=0.00030005 recon=0.00008079 beh=0.000000 w=0.000 lr=8.281e-04 time=0.092s
[RQ-VAE] epoch=558 loss=0.00030058 recon=0.00008077 beh=0.000000 w=0.000 lr=8.278e-04 time=0.092s
[RQ-VAE] epoch=559 loss=0.00030034 recon=0.00008076 beh=0.000000 w=0.000 lr=8.275e-04 time=0.093s
[RQ-VAE] epoch=560 loss=0.00029952 recon=0.00008075 beh=0.000000 w=0.000 lr=8.271e-04 time=0.093s
[RQ-VAE] epoch=561 loss=0.00030078 recon=0.00008093 beh=0.000000 w=0.000 lr=8.268e-04 time=0.093s
[RQ-VAE] epoch=562 loss=0.00030144 recon=0.00008083 beh=0.000000 w=0.000 lr=8.264e-04 time=0.093s
[RQ-VAE] epoch=563 loss=0.00030330 recon=0.00008074 beh=0.000000 w=0.000 lr=8.261e-04 time=0.092s
[RQ-VAE] epoch=564 loss=0.00030083 recon=0.00008062 beh=0.000000 w=0.000 lr=8.258e-04 time=0.093s
[RQ-VAE] epoch=565 loss=0.00030028 recon=0.00008063 beh=0.000000 w=0.000 lr=8.254e-04 time=0.094s
[RQ-VAE] epoch=566 loss=0.00029991 recon=0.00008057 beh=0.000000 w=0.000 lr=8.251e-04 time=0.093s
[RQ-VAE] epoch=567 loss=0.00030033 recon=0.00008046 beh=0.000000 w=0.000 lr=8.247e-04 time=0.093s
[RQ-VAE] epoch=568 loss=0.00030270 recon=0.00008056 beh=0.000000 w=0.000 lr=8.244e-04 time=0.093s
[RQ-VAE] epoch=569 loss=0.00030051 recon=0.00008056 beh=0.000000 w=0.000 lr=8.241e-04 time=0.093s
[RQ-VAE] epoch=570 loss=0.00030131 recon=0.00008045 beh=0.000000 w=0.000 lr=8.237e-04 time=0.093s
[RQ-VAE] epoch=571 loss=0.00030118 recon=0.00008050 beh=0.000000 w=0.000 lr=8.234e-04 time=0.094s
[RQ-VAE] epoch=572 loss=0.00030063 recon=0.00008048 beh=0.000000 w=0.000 lr=8.231e-04 time=0.093s
[RQ-VAE] epoch=573 loss=0.00030185 recon=0.00008054 beh=0.000000 w=0.000 lr=8.227e-04 time=0.092s
[RQ-VAE] epoch=574 loss=0.00030045 recon=0.00008039 beh=0.000000 w=0.000 lr=8.224e-04 time=0.092s
[RQ-VAE] epoch=575 loss=0.00030059 recon=0.00008042 beh=0.000000 w=0.000 lr=8.220e-04 time=0.217s
[RQ-VAE] epoch=576 loss=0.00030069 recon=0.00008037 beh=0.000000 w=0.000 lr=8.217e-04 time=0.094s
[RQ-VAE] epoch=577 loss=0.00030168 recon=0.00008037 beh=0.000000 w=0.000 lr=8.214e-04 time=0.092s
[RQ-VAE] epoch=578 loss=0.00030177 recon=0.00008038 beh=0.000000 w=0.000 lr=8.210e-04 time=0.092s
[RQ-VAE] epoch=579 loss=0.00030214 recon=0.00008036 beh=0.000000 w=0.000 lr=8.207e-04 time=0.093s
[RQ-VAE] epoch=580 loss=0.00030253 recon=0.00008046 beh=0.000000 w=0.000 lr=8.203e-04 time=0.092s
[RQ-VAE] epoch=581 loss=0.00030189 recon=0.00008027 beh=0.000000 w=0.000 lr=8.200e-04 time=0.094s
[RQ-VAE] epoch=582 loss=0.00030264 recon=0.00008040 beh=0.000000 w=0.000 lr=8.197e-04 time=0.092s
[RQ-VAE] epoch=583 loss=0.00030240 recon=0.00008037 beh=0.000000 w=0.000 lr=8.193e-04 time=0.096s
[RQ-VAE] epoch=584 loss=0.00029928 recon=0.00008031 beh=0.000000 w=0.000 lr=8.190e-04 time=0.092s
[RQ-VAE] epoch=585 loss=0.00030104 recon=0.00008016 beh=0.000000 w=0.000 lr=8.186e-04 time=0.093s
[RQ-VAE] epoch=586 loss=0.00030115 recon=0.00008017 beh=0.000000 w=0.000 lr=8.183e-04 time=0.092s
[RQ-VAE] epoch=587 loss=0.00030185 recon=0.00008023 beh=0.000000 w=0.000 lr=8.180e-04 time=0.093s
[RQ-VAE] epoch=588 loss=0.00030102 recon=0.00008002 beh=0.000000 w=0.000 lr=8.176e-04 time=0.093s
[RQ-VAE] epoch=589 loss=0.00030033 recon=0.00008018 beh=0.000000 w=0.000 lr=8.173e-04 time=0.093s
[RQ-VAE] epoch=590 loss=0.00030062 recon=0.00008016 beh=0.000000 w=0.000 lr=8.169e-04 time=0.094s
[RQ-VAE] epoch=591 loss=0.00030260 recon=0.00008021 beh=0.000000 w=0.000 lr=8.166e-04 time=0.092s
[RQ-VAE] epoch=592 loss=0.00030191 recon=0.00008015 beh=0.000000 w=0.000 lr=8.163e-04 time=0.092s
[RQ-VAE] epoch=593 loss=0.00030278 recon=0.00008005 beh=0.000000 w=0.000 lr=8.159e-04 time=0.093s
[RQ-VAE] epoch=594 loss=0.00030170 recon=0.00008001 beh=0.000000 w=0.000 lr=8.156e-04 time=0.092s
[RQ-VAE] epoch=595 loss=0.00030176 recon=0.00008004 beh=0.000000 w=0.000 lr=8.153e-04 time=0.092s
[RQ-VAE] epoch=596 loss=0.00030119 recon=0.00008009 beh=0.000000 w=0.000 lr=8.149e-04 time=0.093s
[RQ-VAE] epoch=597 loss=0.00030111 recon=0.00007998 beh=0.000000 w=0.000 lr=8.146e-04 time=0.092s
[RQ-VAE] epoch=598 loss=0.00030171 recon=0.00007980 beh=0.000000 w=0.000 lr=8.142e-04 time=0.093s
[RQ-VAE] epoch=599 loss=0.00030217 recon=0.00008006 beh=0.000000 w=0.000 lr=8.139e-04 time=0.092s
[RQ-VAE] epoch=600 loss=0.00030219 recon=0.00007995 lr=8.136e-04 raw_unique=20541/24587 collision=0.164559 time=0.092s
[RQ-VAE] epoch=601 loss=0.00030208 recon=0.00007991 beh=0.000000 w=0.000 lr=8.132e-04 time=0.093s
[RQ-VAE] epoch=602 loss=0.00030224 recon=0.00008001 beh=0.000000 w=0.000 lr=8.129e-04 time=0.094s
[RQ-VAE] epoch=603 loss=0.00030279 recon=0.00007985 beh=0.000000 w=0.000 lr=8.125e-04 time=0.092s
[RQ-VAE] epoch=604 loss=0.00030372 recon=0.00007982 beh=0.000000 w=0.000 lr=8.122e-04 time=0.211s
[RQ-VAE] epoch=605 loss=0.00030238 recon=0.00007980 beh=0.000000 w=0.000 lr=8.119e-04 time=0.093s
[RQ-VAE] epoch=606 loss=0.00030173 recon=0.00007964 beh=0.000000 w=0.000 lr=8.115e-04 time=0.092s
[RQ-VAE] epoch=607 loss=0.00030173 recon=0.00007963 beh=0.000000 w=0.000 lr=8.112e-04 time=0.093s
[RQ-VAE] epoch=608 loss=0.00030398 recon=0.00007979 beh=0.000000 w=0.000 lr=8.108e-04 time=0.092s
[RQ-VAE] epoch=609 loss=0.00030402 recon=0.00007987 beh=0.000000 w=0.000 lr=8.105e-04 time=0.093s
[RQ-VAE] epoch=610 loss=0.00030372 recon=0.00007977 beh=0.000000 w=0.000 lr=8.102e-04 time=0.093s
[RQ-VAE] epoch=611 loss=0.00030499 recon=0.00007984 beh=0.000000 w=0.000 lr=8.098e-04 time=0.095s
[RQ-VAE] epoch=612 loss=0.00030516 recon=0.00007973 beh=0.000000 w=0.000 lr=8.095e-04 time=0.094s
[RQ-VAE] epoch=613 loss=0.00030491 recon=0.00007972 beh=0.000000 w=0.000 lr=8.092e-04 time=0.092s
[RQ-VAE] epoch=614 loss=0.00030412 recon=0.00007970 beh=0.000000 w=0.000 lr=8.088e-04 time=0.093s
[RQ-VAE] epoch=615 loss=0.00030394 recon=0.00007978 beh=0.000000 w=0.000 lr=8.085e-04 time=0.093s
[RQ-VAE] epoch=616 loss=0.00030347 recon=0.00007966 beh=0.000000 w=0.000 lr=8.081e-04 time=0.093s
[RQ-VAE] epoch=617 loss=0.00030288 recon=0.00007965 beh=0.000000 w=0.000 lr=8.078e-04 time=0.093s
[RQ-VAE] epoch=618 loss=0.00030384 recon=0.00007972 beh=0.000000 w=0.000 lr=8.075e-04 time=0.093s
[RQ-VAE] epoch=619 loss=0.00030427 recon=0.00007963 beh=0.000000 w=0.000 lr=8.071e-04 time=0.093s
[RQ-VAE] epoch=620 loss=0.00030455 recon=0.00007950 beh=0.000000 w=0.000 lr=8.068e-04 time=0.093s
[RQ-VAE] epoch=621 loss=0.00030442 recon=0.00007958 beh=0.000000 w=0.000 lr=8.064e-04 time=0.092s
[RQ-VAE] epoch=622 loss=0.00030469 recon=0.00007956 beh=0.000000 w=0.000 lr=8.061e-04 time=0.093s
[RQ-VAE] epoch=623 loss=0.00030321 recon=0.00007960 beh=0.000000 w=0.000 lr=8.058e-04 time=0.182s
[RQ-VAE] epoch=624 loss=0.00030450 recon=0.00007961 beh=0.000000 w=0.000 lr=8.054e-04 time=0.092s
[RQ-VAE] epoch=625 loss=0.00030348 recon=0.00007962 beh=0.000000 w=0.000 lr=8.051e-04 time=0.093s
[RQ-VAE] epoch=626 loss=0.00030535 recon=0.00007978 beh=0.000000 w=0.000 lr=8.047e-04 time=0.092s
[RQ-VAE] epoch=627 loss=0.00030527 recon=0.00007983 beh=0.000000 w=0.000 lr=8.044e-04 time=0.092s
[RQ-VAE] epoch=628 loss=0.00030425 recon=0.00007969 beh=0.000000 w=0.000 lr=8.041e-04 time=0.093s
[RQ-VAE] epoch=629 loss=0.00030460 recon=0.00007953 beh=0.000000 w=0.000 lr=8.037e-04 time=0.093s
[RQ-VAE] epoch=630 loss=0.00030430 recon=0.00007948 beh=0.000000 w=0.000 lr=8.034e-04 time=0.092s
[RQ-VAE] epoch=631 loss=0.00030710 recon=0.00007948 beh=0.000000 w=0.000 lr=8.031e-04 time=0.095s
[RQ-VAE] epoch=632 loss=0.00030637 recon=0.00007948 beh=0.000000 w=0.000 lr=8.027e-04 time=0.093s
[RQ-VAE] epoch=633 loss=0.00030416 recon=0.00007933 beh=0.000000 w=0.000 lr=8.024e-04 time=0.093s
[RQ-VAE] epoch=634 loss=0.00030607 recon=0.00007942 beh=0.000000 w=0.000 lr=8.020e-04 time=0.094s
[RQ-VAE] epoch=635 loss=0.00030641 recon=0.00007956 beh=0.000000 w=0.000 lr=8.017e-04 time=0.093s
[RQ-VAE] epoch=636 loss=0.00030482 recon=0.00007941 beh=0.000000 w=0.000 lr=8.014e-04 time=0.092s
[RQ-VAE] epoch=637 loss=0.00030477 recon=0.00007931 beh=0.000000 w=0.000 lr=8.010e-04 time=0.091s
[RQ-VAE] epoch=638 loss=0.00030662 recon=0.00007917 beh=0.000000 w=0.000 lr=8.007e-04 time=0.188s
[RQ-VAE] epoch=639 loss=0.00030493 recon=0.00007925 beh=0.000000 w=0.000 lr=8.003e-04 time=0.093s
[RQ-VAE] epoch=640 loss=0.00030524 recon=0.00007925 beh=0.000000 w=0.000 lr=8.000e-04 time=0.092s
[RQ-VAE] epoch=641 loss=0.00030672 recon=0.00007916 beh=0.000000 w=0.000 lr=7.997e-04 time=0.092s
[RQ-VAE] epoch=642 loss=0.00030501 recon=0.00007919 beh=0.000000 w=0.000 lr=7.993e-04 time=0.091s
[RQ-VAE] epoch=643 loss=0.00030576 recon=0.00007926 beh=0.000000 w=0.000 lr=7.990e-04 time=0.092s
[RQ-VAE] epoch=644 loss=0.00030675 recon=0.00007913 beh=0.000000 w=0.000 lr=7.986e-04 time=0.092s
[RQ-VAE] epoch=645 loss=0.00030585 recon=0.00007903 beh=0.000000 w=0.000 lr=7.983e-04 time=0.092s
[RQ-VAE] epoch=646 loss=0.00030429 recon=0.00007912 beh=0.000000 w=0.000 lr=7.980e-04 time=0.092s
[RQ-VAE] epoch=647 loss=0.00030400 recon=0.00007916 beh=0.000000 w=0.000 lr=7.976e-04 time=0.092s
[RQ-VAE] epoch=648 loss=0.00030451 recon=0.00007910 beh=0.000000 w=0.000 lr=7.973e-04 time=0.093s
[RQ-VAE] epoch=649 loss=0.00030502 recon=0.00007911 beh=0.000000 w=0.000 lr=7.969e-04 time=0.093s
[RQ-VAE] epoch=650 loss=0.00030482 recon=0.00007908 lr=7.966e-04 raw_unique=20429/24587 collision=0.169114 time=0.092s
[RQ-VAE] epoch=651 loss=0.00030358 recon=0.00007902 beh=0.000000 w=0.000 lr=7.963e-04 time=0.093s
[RQ-VAE] epoch=652 loss=0.00030528 recon=0.00007909 beh=0.000000 w=0.000 lr=7.959e-04 time=0.093s
[RQ-VAE] epoch=653 loss=0.00030479 recon=0.00007910 beh=0.000000 w=0.000 lr=7.956e-04 time=0.092s
[RQ-VAE] epoch=654 loss=0.00030482 recon=0.00007897 beh=0.000000 w=0.000 lr=7.953e-04 time=0.093s
[RQ-VAE] epoch=655 loss=0.00030538 recon=0.00007886 beh=0.000000 w=0.000 lr=7.949e-04 time=0.093s
[RQ-VAE] epoch=656 loss=0.00030260 recon=0.00007877 beh=0.000000 w=0.000 lr=7.946e-04 time=0.092s
[RQ-VAE] epoch=657 loss=0.00030385 recon=0.00007867 beh=0.000000 w=0.000 lr=7.942e-04 time=0.093s
[RQ-VAE] epoch=658 loss=0.00030324 recon=0.00007876 beh=0.000000 w=0.000 lr=7.939e-04 time=0.093s
[RQ-VAE] epoch=659 loss=0.00030423 recon=0.00007875 beh=0.000000 w=0.000 lr=7.936e-04 time=0.092s
[RQ-VAE] epoch=660 loss=0.00030525 recon=0.00007894 beh=0.000000 w=0.000 lr=7.932e-04 time=0.092s
[RQ-VAE] epoch=661 loss=0.00030616 recon=0.00007898 beh=0.000000 w=0.000 lr=7.929e-04 time=0.092s
[RQ-VAE] epoch=662 loss=0.00030575 recon=0.00007900 beh=0.000000 w=0.000 lr=7.925e-04 time=0.092s
[RQ-VAE] epoch=663 loss=0.00030666 recon=0.00007909 beh=0.000000 w=0.000 lr=7.922e-04 time=0.092s
[RQ-VAE] epoch=664 loss=0.00030672 recon=0.00007881 beh=0.000000 w=0.000 lr=7.919e-04 time=0.092s
[RQ-VAE] epoch=665 loss=0.00030427 recon=0.00007882 beh=0.000000 w=0.000 lr=7.915e-04 time=0.093s
[RQ-VAE] epoch=666 loss=0.00030373 recon=0.00007894 beh=0.000000 w=0.000 lr=7.912e-04 time=0.092s
[RQ-VAE] epoch=667 loss=0.00030646 recon=0.00007892 beh=0.000000 w=0.000 lr=7.908e-04 time=0.093s
[RQ-VAE] epoch=668 loss=0.00030745 recon=0.00007876 beh=0.000000 w=0.000 lr=7.905e-04 time=0.093s
[RQ-VAE] epoch=669 loss=0.00030611 recon=0.00007882 beh=0.000000 w=0.000 lr=7.902e-04 time=0.091s
[RQ-VAE] epoch=670 loss=0.00030614 recon=0.00007884 beh=0.000000 w=0.000 lr=7.898e-04 time=0.092s
[RQ-VAE] epoch=671 loss=0.00030583 recon=0.00007876 beh=0.000000 w=0.000 lr=7.895e-04 time=0.092s
[RQ-VAE] epoch=672 loss=0.00030681 recon=0.00007862 beh=0.000000 w=0.000 lr=7.892e-04 time=0.092s
[RQ-VAE] epoch=673 loss=0.00030543 recon=0.00007868 beh=0.000000 w=0.000 lr=7.888e-04 time=0.094s
[RQ-VAE] epoch=674 loss=0.00030680 recon=0.00007897 beh=0.000000 w=0.000 lr=7.885e-04 time=0.093s
[RQ-VAE] epoch=675 loss=0.00030750 recon=0.00007865 beh=0.000000 w=0.000 lr=7.881e-04 time=0.092s
[RQ-VAE] epoch=676 loss=0.00030750 recon=0.00007856 beh=0.000000 w=0.000 lr=7.878e-04 time=0.093s
[RQ-VAE] epoch=677 loss=0.00030544 recon=0.00007858 beh=0.000000 w=0.000 lr=7.875e-04 time=0.091s
[RQ-VAE] epoch=678 loss=0.00030691 recon=0.00007869 beh=0.000000 w=0.000 lr=7.871e-04 time=0.093s
[RQ-VAE] epoch=679 loss=0.00030610 recon=0.00007859 beh=0.000000 w=0.000 lr=7.868e-04 time=0.092s
[RQ-VAE] epoch=680 loss=0.00030647 recon=0.00007852 beh=0.000000 w=0.000 lr=7.864e-04 time=0.094s
[RQ-VAE] epoch=681 loss=0.00030610 recon=0.00007858 beh=0.000000 w=0.000 lr=7.861e-04 time=0.092s
[RQ-VAE] epoch=682 loss=0.00030757 recon=0.00007848 beh=0.000000 w=0.000 lr=7.858e-04 time=0.091s
[RQ-VAE] epoch=683 loss=0.00030887 recon=0.00007865 beh=0.000000 w=0.000 lr=7.854e-04 time=0.092s
[RQ-VAE] epoch=684 loss=0.00030748 recon=0.00007865 beh=0.000000 w=0.000 lr=7.851e-04 time=0.092s
[RQ-VAE] epoch=685 loss=0.00030710 recon=0.00007859 beh=0.000000 w=0.000 lr=7.847e-04 time=0.092s
[RQ-VAE] epoch=686 loss=0.00030813 recon=0.00007856 beh=0.000000 w=0.000 lr=7.844e-04 time=0.093s
[RQ-VAE] epoch=687 loss=0.00030690 recon=0.00007843 beh=0.000000 w=0.000 lr=7.841e-04 time=0.093s
[RQ-VAE] epoch=688 loss=0.00030551 recon=0.00007844 beh=0.000000 w=0.000 lr=7.837e-04 time=0.092s
[RQ-VAE] epoch=689 loss=0.00030674 recon=0.00007860 beh=0.000000 w=0.000 lr=7.834e-04 time=0.092s
[RQ-VAE] epoch=690 loss=0.00030685 recon=0.00007842 beh=0.000000 w=0.000 lr=7.831e-04 time=0.091s
[RQ-VAE] epoch=691 loss=0.00030878 recon=0.00007843 beh=0.000000 w=0.000 lr=7.827e-04 time=0.092s
[RQ-VAE] epoch=692 loss=0.00030756 recon=0.00007842 beh=0.000000 w=0.000 lr=7.824e-04 time=0.092s
[RQ-VAE] epoch=693 loss=0.00030927 recon=0.00007840 beh=0.000000 w=0.000 lr=7.820e-04 time=0.092s
[RQ-VAE] epoch=694 loss=0.00030912 recon=0.00007834 beh=0.000000 w=0.000 lr=7.817e-04 time=0.093s
[RQ-VAE] epoch=695 loss=0.00030895 recon=0.00007834 beh=0.000000 w=0.000 lr=7.814e-04 time=0.215s
[RQ-VAE] epoch=696 loss=0.00030927 recon=0.00007849 beh=0.000000 w=0.000 lr=7.810e-04 time=0.094s
[RQ-VAE] epoch=697 loss=0.00030952 recon=0.00007834 beh=0.000000 w=0.000 lr=7.807e-04 time=0.092s
[RQ-VAE] epoch=698 loss=0.00030794 recon=0.00007827 beh=0.000000 w=0.000 lr=7.803e-04 time=0.094s
[RQ-VAE] epoch=699 loss=0.00030771 recon=0.00007838 beh=0.000000 w=0.000 lr=7.800e-04 time=0.092s
[RQ-VAE] epoch=700 loss=0.00030851 recon=0.00007825 lr=7.797e-04 raw_unique=20525/24587 collision=0.165209 time=0.092s
[RQ-VAE] epoch=701 loss=0.00030854 recon=0.00007828 beh=0.000000 w=0.000 lr=7.793e-04 time=0.094s
[RQ-VAE] epoch=702 loss=0.00030666 recon=0.00007820 beh=0.000000 w=0.000 lr=7.790e-04 time=0.093s
[RQ-VAE] epoch=703 loss=0.00030696 recon=0.00007820 beh=0.000000 w=0.000 lr=7.786e-04 time=0.092s
[RQ-VAE] epoch=704 loss=0.00030900 recon=0.00007839 beh=0.000000 w=0.000 lr=7.783e-04 time=0.092s
[RQ-VAE] epoch=705 loss=0.00030738 recon=0.00007825 beh=0.000000 w=0.000 lr=7.780e-04 time=0.093s
[RQ-VAE] epoch=706 loss=0.00030703 recon=0.00007807 beh=0.000000 w=0.000 lr=7.776e-04 time=0.092s
[RQ-VAE] epoch=707 loss=0.00030667 recon=0.00007817 beh=0.000000 w=0.000 lr=7.773e-04 time=0.092s
[RQ-VAE] epoch=708 loss=0.00030726 recon=0.00007811 beh=0.000000 w=0.000 lr=7.769e-04 time=0.093s
[RQ-VAE] epoch=709 loss=0.00030544 recon=0.00007807 beh=0.000000 w=0.000 lr=7.766e-04 time=0.094s
[RQ-VAE] epoch=710 loss=0.00030711 recon=0.00007817 beh=0.000000 w=0.000 lr=7.763e-04 time=0.093s
[RQ-VAE] epoch=711 loss=0.00030872 recon=0.00007813 beh=0.000000 w=0.000 lr=7.759e-04 time=0.092s
[RQ-VAE] epoch=712 loss=0.00030962 recon=0.00007807 beh=0.000000 w=0.000 lr=7.756e-04 time=0.093s
[RQ-VAE] epoch=713 loss=0.00030712 recon=0.00007787 beh=0.000000 w=0.000 lr=7.753e-04 time=0.093s
[RQ-VAE] epoch=714 loss=0.00030719 recon=0.00007779 beh=0.000000 w=0.000 lr=7.749e-04 time=0.093s
[RQ-VAE] epoch=715 loss=0.00030767 recon=0.00007794 beh=0.000000 w=0.000 lr=7.746e-04 time=0.093s
[RQ-VAE] epoch=716 loss=0.00030848 recon=0.00007789 beh=0.000000 w=0.000 lr=7.742e-04 time=0.091s
[RQ-VAE] epoch=717 loss=0.00030657 recon=0.00007784 beh=0.000000 w=0.000 lr=7.739e-04 time=0.093s
[RQ-VAE] epoch=718 loss=0.00030629 recon=0.00007799 beh=0.000000 w=0.000 lr=7.736e-04 time=0.092s
[RQ-VAE] epoch=719 loss=0.00030767 recon=0.00007781 beh=0.000000 w=0.000 lr=7.732e-04 time=0.093s
[RQ-VAE] epoch=720 loss=0.00030746 recon=0.00007800 beh=0.000000 w=0.000 lr=7.729e-04 time=0.092s
[RQ-VAE] epoch=721 loss=0.00030621 recon=0.00007798 beh=0.000000 w=0.000 lr=7.725e-04 time=0.093s
[RQ-VAE] epoch=722 loss=0.00030705 recon=0.00007793 beh=0.000000 w=0.000 lr=7.722e-04 time=0.092s
[RQ-VAE] epoch=723 loss=0.00030647 recon=0.00007806 beh=0.000000 w=0.000 lr=7.719e-04 time=0.093s
[RQ-VAE] epoch=724 loss=0.00030709 recon=0.00007793 beh=0.000000 w=0.000 lr=7.715e-04 time=0.214s
[RQ-VAE] epoch=725 loss=0.00030627 recon=0.00007776 beh=0.000000 w=0.000 lr=7.712e-04 time=0.093s
[RQ-VAE] epoch=726 loss=0.00030749 recon=0.00007768 beh=0.000000 w=0.000 lr=7.708e-04 time=0.092s
[RQ-VAE] epoch=727 loss=0.00030847 recon=0.00007783 beh=0.000000 w=0.000 lr=7.705e-04 time=0.093s
[RQ-VAE] epoch=728 loss=0.00030591 recon=0.00007780 beh=0.000000 w=0.000 lr=7.702e-04 time=0.092s
[RQ-VAE] epoch=729 loss=0.00030765 recon=0.00007782 beh=0.000000 w=0.000 lr=7.698e-04 time=0.091s
[RQ-VAE] epoch=730 loss=0.00030903 recon=0.00007786 beh=0.000000 w=0.000 lr=7.695e-04 time=0.092s
[RQ-VAE] epoch=731 loss=0.00030767 recon=0.00007779 beh=0.000000 w=0.000 lr=7.692e-04 time=0.092s
[RQ-VAE] epoch=732 loss=0.00030703 recon=0.00007771 beh=0.000000 w=0.000 lr=7.688e-04 time=0.092s
[RQ-VAE] epoch=733 loss=0.00030702 recon=0.00007786 beh=0.000000 w=0.000 lr=7.685e-04 time=0.092s
[RQ-VAE] epoch=734 loss=0.00030914 recon=0.00007769 beh=0.000000 w=0.000 lr=7.681e-04 time=0.091s
[RQ-VAE] epoch=735 loss=0.00030630 recon=0.00007764 beh=0.000000 w=0.000 lr=7.678e-04 time=0.092s
[RQ-VAE] epoch=736 loss=0.00030640 recon=0.00007756 beh=0.000000 w=0.000 lr=7.675e-04 time=0.092s
[RQ-VAE] epoch=737 loss=0.00030702 recon=0.00007763 beh=0.000000 w=0.000 lr=7.671e-04 time=0.092s
[RQ-VAE] epoch=738 loss=0.00030744 recon=0.00007760 beh=0.000000 w=0.000 lr=7.668e-04 time=0.092s
[RQ-VAE] epoch=739 loss=0.00030874 recon=0.00007768 beh=0.000000 w=0.000 lr=7.664e-04 time=0.092s
[RQ-VAE] epoch=740 loss=0.00030747 recon=0.00007750 beh=0.000000 w=0.000 lr=7.661e-04 time=0.092s
[RQ-VAE] epoch=741 loss=0.00030767 recon=0.00007758 beh=0.000000 w=0.000 lr=7.658e-04 time=0.094s
[RQ-VAE] epoch=742 loss=0.00030877 recon=0.00007771 beh=0.000000 w=0.000 lr=7.654e-04 time=0.094s
[RQ-VAE] epoch=743 loss=0.00030871 recon=0.00007767 beh=0.000000 w=0.000 lr=7.651e-04 time=0.092s
[RQ-VAE] epoch=744 loss=0.00030823 recon=0.00007747 beh=0.000000 w=0.000 lr=7.647e-04 time=0.196s
[RQ-VAE] epoch=745 loss=0.00030827 recon=0.00007759 beh=0.000000 w=0.000 lr=7.644e-04 time=0.096s
[RQ-VAE] epoch=746 loss=0.00030694 recon=0.00007747 beh=0.000000 w=0.000 lr=7.641e-04 time=0.093s
[RQ-VAE] epoch=747 loss=0.00030806 recon=0.00007744 beh=0.000000 w=0.000 lr=7.637e-04 time=0.093s
[RQ-VAE] epoch=748 loss=0.00030963 recon=0.00007756 beh=0.000000 w=0.000 lr=7.634e-04 time=0.093s
[RQ-VAE] epoch=749 loss=0.00030935 recon=0.00007750 beh=0.000000 w=0.000 lr=7.631e-04 time=0.093s
[RQ-VAE] epoch=750 loss=0.00030927 recon=0.00007752 lr=7.627e-04 raw_unique=20474/24587 collision=0.167284 time=0.093s
[RQ-VAE] epoch=751 loss=0.00031065 recon=0.00007753 beh=0.000000 w=0.000 lr=7.624e-04 time=0.092s
[RQ-VAE] epoch=752 loss=0.00031106 recon=0.00007746 beh=0.000000 w=0.000 lr=7.620e-04 time=0.091s
[RQ-VAE] epoch=753 loss=0.00030976 recon=0.00007765 beh=0.000000 w=0.000 lr=7.617e-04 time=0.093s
[RQ-VAE] epoch=754 loss=0.00030912 recon=0.00007739 beh=0.000000 w=0.000 lr=7.614e-04 time=0.091s
[RQ-VAE] epoch=755 loss=0.00030973 recon=0.00007736 beh=0.000000 w=0.000 lr=7.610e-04 time=0.093s
[RQ-VAE] epoch=756 loss=0.00030923 recon=0.00007734 beh=0.000000 w=0.000 lr=7.607e-04 time=0.093s
[RQ-VAE] epoch=757 loss=0.00030927 recon=0.00007740 beh=0.000000 w=0.000 lr=7.603e-04 time=0.092s
[RQ-VAE] epoch=758 loss=0.00031197 recon=0.00007746 beh=0.000000 w=0.000 lr=7.600e-04 time=0.092s
[RQ-VAE] epoch=759 loss=0.00031097 recon=0.00007739 beh=0.000000 w=0.000 lr=7.597e-04 time=0.208s
[RQ-VAE] epoch=760 loss=0.00031214 recon=0.00007720 beh=0.000000 w=0.000 lr=7.593e-04 time=0.093s
[RQ-VAE] epoch=761 loss=0.00031185 recon=0.00007736 beh=0.000000 w=0.000 lr=7.590e-04 time=0.093s
[RQ-VAE] epoch=762 loss=0.00031050 recon=0.00007723 beh=0.000000 w=0.000 lr=7.586e-04 time=0.093s
[RQ-VAE] epoch=763 loss=0.00031075 recon=0.00007713 beh=0.000000 w=0.000 lr=7.583e-04 time=0.092s
[RQ-VAE] epoch=764 loss=0.00031023 recon=0.00007726 beh=0.000000 w=0.000 lr=7.580e-04 time=0.094s
[RQ-VAE] epoch=765 loss=0.00031025 recon=0.00007731 beh=0.000000 w=0.000 lr=7.576e-04 time=0.092s
[RQ-VAE] epoch=766 loss=0.00031093 recon=0.00007717 beh=0.000000 w=0.000 lr=7.573e-04 time=0.092s
[RQ-VAE] epoch=767 loss=0.00031177 recon=0.00007736 beh=0.000000 w=0.000 lr=7.569e-04 time=0.094s
[RQ-VAE] epoch=768 loss=0.00031099 recon=0.00007724 beh=0.000000 w=0.000 lr=7.566e-04 time=0.092s
[RQ-VAE] epoch=769 loss=0.00031379 recon=0.00007730 beh=0.000000 w=0.000 lr=7.563e-04 time=0.092s
[RQ-VAE] epoch=770 loss=0.00031045 recon=0.00007717 beh=0.000000 w=0.000 lr=7.559e-04 time=0.092s
[RQ-VAE] epoch=771 loss=0.00031095 recon=0.00007724 beh=0.000000 w=0.000 lr=7.556e-04 time=0.093s
[RQ-VAE] epoch=772 loss=0.00031340 recon=0.00007728 beh=0.000000 w=0.000 lr=7.553e-04 time=0.094s
[RQ-VAE] epoch=773 loss=0.00031196 recon=0.00007735 beh=0.000000 w=0.000 lr=7.549e-04 time=0.092s
[RQ-VAE] epoch=774 loss=0.00031213 recon=0.00007732 beh=0.000000 w=0.000 lr=7.546e-04 time=0.092s
[RQ-VAE] epoch=775 loss=0.00031288 recon=0.00007753 beh=0.000000 w=0.000 lr=7.542e-04 time=0.093s
[RQ-VAE] epoch=776 loss=0.00031123 recon=0.00007743 beh=0.000000 w=0.000 lr=7.539e-04 time=0.092s
[RQ-VAE] epoch=777 loss=0.00031242 recon=0.00007741 beh=0.000000 w=0.000 lr=7.536e-04 time=0.092s
[RQ-VAE] epoch=778 loss=0.00031242 recon=0.00007734 beh=0.000000 w=0.000 lr=7.532e-04 time=0.092s
[RQ-VAE] epoch=779 loss=0.00031255 recon=0.00007722 beh=0.000000 w=0.000 lr=7.529e-04 time=0.092s
[RQ-VAE] epoch=780 loss=0.00031266 recon=0.00007723 beh=0.000000 w=0.000 lr=7.525e-04 time=0.093s
[RQ-VAE] epoch=781 loss=0.00031159 recon=0.00007720 beh=0.000000 w=0.000 lr=7.522e-04 time=0.093s
[RQ-VAE] epoch=782 loss=0.00031126 recon=0.00007719 beh=0.000000 w=0.000 lr=7.519e-04 time=0.092s
[RQ-VAE] epoch=783 loss=0.00031430 recon=0.00007716 beh=0.000000 w=0.000 lr=7.515e-04 time=0.092s
[RQ-VAE] epoch=784 loss=0.00031394 recon=0.00007729 beh=0.000000 w=0.000 lr=7.512e-04 time=0.093s
[RQ-VAE] epoch=785 loss=0.00031197 recon=0.00007718 beh=0.000000 w=0.000 lr=7.508e-04 time=0.093s
[RQ-VAE] epoch=786 loss=0.00031219 recon=0.00007725 beh=0.000000 w=0.000 lr=7.505e-04 time=0.092s
[RQ-VAE] epoch=787 loss=0.00031235 recon=0.00007711 beh=0.000000 w=0.000 lr=7.502e-04 time=0.093s
[RQ-VAE] epoch=788 loss=0.00031361 recon=0.00007725 beh=0.000000 w=0.000 lr=7.498e-04 time=0.092s
[RQ-VAE] epoch=789 loss=0.00031237 recon=0.00007709 beh=0.000000 w=0.000 lr=7.495e-04 time=0.091s
[RQ-VAE] epoch=790 loss=0.00031320 recon=0.00007702 beh=0.000000 w=0.000 lr=7.492e-04 time=0.092s
[RQ-VAE] epoch=791 loss=0.00031203 recon=0.00007691 beh=0.000000 w=0.000 lr=7.488e-04 time=0.093s
[RQ-VAE] epoch=792 loss=0.00031184 recon=0.00007696 beh=0.000000 w=0.000 lr=7.485e-04 time=0.092s
[RQ-VAE] epoch=793 loss=0.00031306 recon=0.00007684 beh=0.000000 w=0.000 lr=7.481e-04 time=0.094s
[RQ-VAE] epoch=794 loss=0.00031193 recon=0.00007688 beh=0.000000 w=0.000 lr=7.478e-04 time=0.093s
[RQ-VAE] epoch=795 loss=0.00031166 recon=0.00007724 beh=0.000000 w=0.000 lr=7.475e-04 time=0.092s
[RQ-VAE] epoch=796 loss=0.00031347 recon=0.00007704 beh=0.000000 w=0.000 lr=7.471e-04 time=0.092s
[RQ-VAE] epoch=797 loss=0.00031246 recon=0.00007696 beh=0.000000 w=0.000 lr=7.468e-04 time=0.093s
[RQ-VAE] epoch=798 loss=0.00031529 recon=0.00007717 beh=0.000000 w=0.000 lr=7.464e-04 time=0.092s
[RQ-VAE] epoch=799 loss=0.00031300 recon=0.00007716 beh=0.000000 w=0.000 lr=7.461e-04 time=0.092s
[RQ-VAE] epoch=800 loss=0.00031259 recon=0.00007698 lr=7.458e-04 raw_unique=20390/24587 collision=0.170700 time=0.093s
[RQ-VAE] epoch=801 loss=0.00031343 recon=0.00007707 beh=0.000000 w=0.000 lr=7.454e-04 time=0.093s
[RQ-VAE] epoch=802 loss=0.00031197 recon=0.00007707 beh=0.000000 w=0.000 lr=7.451e-04 time=0.092s
[RQ-VAE] epoch=803 loss=0.00031311 recon=0.00007683 beh=0.000000 w=0.000 lr=7.447e-04 time=0.092s
[RQ-VAE] epoch=804 loss=0.00031521 recon=0.00007698 beh=0.000000 w=0.000 lr=7.444e-04 time=0.093s
[RQ-VAE] epoch=805 loss=0.00031302 recon=0.00007700 beh=0.000000 w=0.000 lr=7.441e-04 time=0.092s
[RQ-VAE] epoch=806 loss=0.00031078 recon=0.00007691 beh=0.000000 w=0.000 lr=7.437e-04 time=0.092s
[RQ-VAE] epoch=807 loss=0.00031136 recon=0.00007692 beh=0.000000 w=0.000 lr=7.434e-04 time=0.092s
[RQ-VAE] epoch=808 loss=0.00031135 recon=0.00007696 beh=0.000000 w=0.000 lr=7.431e-04 time=0.092s
[RQ-VAE] epoch=809 loss=0.00031103 recon=0.00007679 beh=0.000000 w=0.000 lr=7.427e-04 time=0.093s
[RQ-VAE] epoch=810 loss=0.00031063 recon=0.00007709 beh=0.000000 w=0.000 lr=7.424e-04 time=0.092s
[RQ-VAE] epoch=811 loss=0.00031111 recon=0.00007698 beh=0.000000 w=0.000 lr=7.420e-04 time=0.091s
[RQ-VAE] epoch=812 loss=0.00031277 recon=0.00007694 beh=0.000000 w=0.000 lr=7.417e-04 time=0.093s
[RQ-VAE] epoch=813 loss=0.00031278 recon=0.00007699 beh=0.000000 w=0.000 lr=7.414e-04 time=0.092s
[RQ-VAE] epoch=814 loss=0.00031281 recon=0.00007698 beh=0.000000 w=0.000 lr=7.410e-04 time=0.092s
[RQ-VAE] epoch=815 loss=0.00031224 recon=0.00007701 beh=0.000000 w=0.000 lr=7.407e-04 time=0.093s
[RQ-VAE] epoch=816 loss=0.00031276 recon=0.00007683 beh=0.000000 w=0.000 lr=7.403e-04 time=0.214s
[RQ-VAE] epoch=817 loss=0.00031303 recon=0.00007702 beh=0.000000 w=0.000 lr=7.400e-04 time=0.093s
[RQ-VAE] epoch=818 loss=0.00031285 recon=0.00007691 beh=0.000000 w=0.000 lr=7.397e-04 time=0.092s
[RQ-VAE] epoch=819 loss=0.00031431 recon=0.00007694 beh=0.000000 w=0.000 lr=7.393e-04 time=0.093s
[RQ-VAE] epoch=820 loss=0.00031461 recon=0.00007695 beh=0.000000 w=0.000 lr=7.390e-04 time=0.093s
[RQ-VAE] epoch=821 loss=0.00031393 recon=0.00007680 beh=0.000000 w=0.000 lr=7.386e-04 time=0.092s
[RQ-VAE] epoch=822 loss=0.00031339 recon=0.00007650 beh=0.000000 w=0.000 lr=7.383e-04 time=0.092s
[RQ-VAE] epoch=823 loss=0.00031313 recon=0.00007660 beh=0.000000 w=0.000 lr=7.380e-04 time=0.092s
[RQ-VAE] epoch=824 loss=0.00031382 recon=0.00007658 beh=0.000000 w=0.000 lr=7.376e-04 time=0.092s
[RQ-VAE] epoch=825 loss=0.00031452 recon=0.00007654 beh=0.000000 w=0.000 lr=7.373e-04 time=0.092s
[RQ-VAE] epoch=826 loss=0.00031309 recon=0.00007692 beh=0.000000 w=0.000 lr=7.369e-04 time=0.092s
[RQ-VAE] epoch=827 loss=0.00031458 recon=0.00007666 beh=0.000000 w=0.000 lr=7.366e-04 time=0.091s
[RQ-VAE] epoch=828 loss=0.00031543 recon=0.00007672 beh=0.000000 w=0.000 lr=7.363e-04 time=0.093s
[RQ-VAE] epoch=829 loss=0.00031603 recon=0.00007679 beh=0.000000 w=0.000 lr=7.359e-04 time=0.091s
[RQ-VAE] epoch=830 loss=0.00031508 recon=0.00007651 beh=0.000000 w=0.000 lr=7.356e-04 time=0.093s
[RQ-VAE] epoch=831 loss=0.00031334 recon=0.00007650 beh=0.000000 w=0.000 lr=7.353e-04 time=0.093s
[RQ-VAE] epoch=832 loss=0.00031349 recon=0.00007644 beh=0.000000 w=0.000 lr=7.349e-04 time=0.092s
[RQ-VAE] epoch=833 loss=0.00031667 recon=0.00007659 beh=0.000000 w=0.000 lr=7.346e-04 time=0.092s
[RQ-VAE] epoch=834 loss=0.00031565 recon=0.00007676 beh=0.000000 w=0.000 lr=7.342e-04 time=0.097s
[RQ-VAE] epoch=835 loss=0.00031498 recon=0.00007657 beh=0.000000 w=0.000 lr=7.339e-04 time=0.091s
[RQ-VAE] epoch=836 loss=0.00031372 recon=0.00007651 beh=0.000000 w=0.000 lr=7.336e-04 time=0.094s
[RQ-VAE] epoch=837 loss=0.00031398 recon=0.00007665 beh=0.000000 w=0.000 lr=7.332e-04 time=0.093s
[RQ-VAE] epoch=838 loss=0.00031375 recon=0.00007666 beh=0.000000 w=0.000 lr=7.329e-04 time=0.092s
[RQ-VAE] epoch=839 loss=0.00031369 recon=0.00007634 beh=0.000000 w=0.000 lr=7.325e-04 time=0.092s
[RQ-VAE] epoch=840 loss=0.00031481 recon=0.00007656 beh=0.000000 w=0.000 lr=7.322e-04 time=0.094s
[RQ-VAE] epoch=841 loss=0.00031514 recon=0.00007653 beh=0.000000 w=0.000 lr=7.319e-04 time=0.094s
[RQ-VAE] epoch=842 loss=0.00031378 recon=0.00007663 beh=0.000000 w=0.000 lr=7.315e-04 time=0.091s
[RQ-VAE] epoch=843 loss=0.00031502 recon=0.00007652 beh=0.000000 w=0.000 lr=7.312e-04 time=0.091s
[RQ-VAE] epoch=844 loss=0.00031442 recon=0.00007659 beh=0.000000 w=0.000 lr=7.308e-04 time=0.092s
[RQ-VAE] epoch=845 loss=0.00031339 recon=0.00007645 beh=0.000000 w=0.000 lr=7.305e-04 time=0.206s
[RQ-VAE] epoch=846 loss=0.00031482 recon=0.00007640 beh=0.000000 w=0.000 lr=7.302e-04 time=0.093s
[RQ-VAE] epoch=847 loss=0.00031436 recon=0.00007645 beh=0.000000 w=0.000 lr=7.298e-04 time=0.093s
[RQ-VAE] epoch=848 loss=0.00031384 recon=0.00007654 beh=0.000000 w=0.000 lr=7.295e-04 time=0.093s
[RQ-VAE] epoch=849 loss=0.00031342 recon=0.00007626 beh=0.000000 w=0.000 lr=7.292e-04 time=0.091s
[RQ-VAE] epoch=850 loss=0.00031403 recon=0.00007642 lr=7.288e-04 raw_unique=20364/24587 collision=0.171757 time=0.092s
[RQ-VAE] epoch=851 loss=0.00031442 recon=0.00007651 beh=0.000000 w=0.000 lr=7.285e-04 time=0.092s
[RQ-VAE] epoch=852 loss=0.00031461 recon=0.00007656 beh=0.000000 w=0.000 lr=7.281e-04 time=0.092s
[RQ-VAE] epoch=853 loss=0.00031430 recon=0.00007630 beh=0.000000 w=0.000 lr=7.278e-04 time=0.092s
[RQ-VAE] epoch=854 loss=0.00031506 recon=0.00007631 beh=0.000000 w=0.000 lr=7.275e-04 time=0.092s
[RQ-VAE] epoch=855 loss=0.00031404 recon=0.00007635 beh=0.000000 w=0.000 lr=7.271e-04 time=0.093s
[RQ-VAE] epoch=856 loss=0.00031397 recon=0.00007641 beh=0.000000 w=0.000 lr=7.268e-04 time=0.093s
[RQ-VAE] epoch=857 loss=0.00031315 recon=0.00007637 beh=0.000000 w=0.000 lr=7.264e-04 time=0.093s
[RQ-VAE] epoch=858 loss=0.00031452 recon=0.00007635 beh=0.000000 w=0.000 lr=7.261e-04 time=0.094s
[RQ-VAE] epoch=859 loss=0.00031452 recon=0.00007643 beh=0.000000 w=0.000 lr=7.258e-04 time=0.094s
[RQ-VAE] epoch=860 loss=0.00031487 recon=0.00007624 beh=0.000000 w=0.000 lr=7.254e-04 time=0.092s
[RQ-VAE] epoch=861 loss=0.00031632 recon=0.00007630 beh=0.000000 w=0.000 lr=7.251e-04 time=0.092s
[RQ-VAE] epoch=862 loss=0.00031486 recon=0.00007602 beh=0.000000 w=0.000 lr=7.247e-04 time=0.093s
[RQ-VAE] epoch=863 loss=0.00031518 recon=0.00007603 beh=0.000000 w=0.000 lr=7.244e-04 time=0.093s
[RQ-VAE] epoch=864 loss=0.00031356 recon=0.00007600 beh=0.000000 w=0.000 lr=7.241e-04 time=0.093s
[RQ-VAE] epoch=865 loss=0.00031360 recon=0.00007616 beh=0.000000 w=0.000 lr=7.237e-04 time=0.184s
[RQ-VAE] epoch=866 loss=0.00031410 recon=0.00007603 beh=0.000000 w=0.000 lr=7.234e-04 time=0.093s
[RQ-VAE] epoch=867 loss=0.00031413 recon=0.00007610 beh=0.000000 w=0.000 lr=7.231e-04 time=0.092s
[RQ-VAE] epoch=868 loss=0.00031506 recon=0.00007621 beh=0.000000 w=0.000 lr=7.227e-04 time=0.092s
[RQ-VAE] epoch=869 loss=0.00031622 recon=0.00007618 beh=0.000000 w=0.000 lr=7.224e-04 time=0.092s
[RQ-VAE] epoch=870 loss=0.00031592 recon=0.00007618 beh=0.000000 w=0.000 lr=7.220e-04 time=0.092s
[RQ-VAE] epoch=871 loss=0.00031513 recon=0.00007615 beh=0.000000 w=0.000 lr=7.217e-04 time=0.092s
[RQ-VAE] epoch=872 loss=0.00031409 recon=0.00007596 beh=0.000000 w=0.000 lr=7.214e-04 time=0.093s
[RQ-VAE] epoch=873 loss=0.00031377 recon=0.00007598 beh=0.000000 w=0.000 lr=7.210e-04 time=0.092s
[RQ-VAE] epoch=874 loss=0.00031435 recon=0.00007603 beh=0.000000 w=0.000 lr=7.207e-04 time=0.092s
[RQ-VAE] epoch=875 loss=0.00031343 recon=0.00007604 beh=0.000000 w=0.000 lr=7.203e-04 time=0.093s
[RQ-VAE] epoch=876 loss=0.00031406 recon=0.00007599 beh=0.000000 w=0.000 lr=7.200e-04 time=0.092s
[RQ-VAE] epoch=877 loss=0.00031444 recon=0.00007602 beh=0.000000 w=0.000 lr=7.197e-04 time=0.093s
[RQ-VAE] epoch=878 loss=0.00031565 recon=0.00007591 beh=0.000000 w=0.000 lr=7.193e-04 time=0.092s
[RQ-VAE] epoch=879 loss=0.00031392 recon=0.00007609 beh=0.000000 w=0.000 lr=7.190e-04 time=0.092s
[RQ-VAE] epoch=880 loss=0.00031499 recon=0.00007577 beh=0.000000 w=0.000 lr=7.186e-04 time=0.192s
[RQ-VAE] epoch=881 loss=0.00031321 recon=0.00007584 beh=0.000000 w=0.000 lr=7.183e-04 time=0.093s
[RQ-VAE] epoch=882 loss=0.00031413 recon=0.00007579 beh=0.000000 w=0.000 lr=7.180e-04 time=0.093s
[RQ-VAE] epoch=883 loss=0.00031552 recon=0.00007602 beh=0.000000 w=0.000 lr=7.176e-04 time=0.092s
[RQ-VAE] epoch=884 loss=0.00031651 recon=0.00007583 beh=0.000000 w=0.000 lr=7.173e-04 time=0.093s
[RQ-VAE] epoch=885 loss=0.00031541 recon=0.00007579 beh=0.000000 w=0.000 lr=7.169e-04 time=0.092s
[RQ-VAE] epoch=886 loss=0.00031431 recon=0.00007577 beh=0.000000 w=0.000 lr=7.166e-04 time=0.092s
[RQ-VAE] epoch=887 loss=0.00031560 recon=0.00007588 beh=0.000000 w=0.000 lr=7.163e-04 time=0.092s
[RQ-VAE] epoch=888 loss=0.00031641 recon=0.00007584 beh=0.000000 w=0.000 lr=7.159e-04 time=0.092s
[RQ-VAE] epoch=889 loss=0.00031436 recon=0.00007579 beh=0.000000 w=0.000 lr=7.156e-04 time=0.093s
[RQ-VAE] epoch=890 loss=0.00031422 recon=0.00007581 beh=0.000000 w=0.000 lr=7.153e-04 time=0.092s
[RQ-VAE] epoch=891 loss=0.00031440 recon=0.00007578 beh=0.000000 w=0.000 lr=7.149e-04 time=0.092s
[RQ-VAE] epoch=892 loss=0.00031620 recon=0.00007577 beh=0.000000 w=0.000 lr=7.146e-04 time=0.093s
[RQ-VAE] epoch=893 loss=0.00031456 recon=0.00007588 beh=0.000000 w=0.000 lr=7.142e-04 time=0.092s
[RQ-VAE] epoch=894 loss=0.00031411 recon=0.00007588 beh=0.000000 w=0.000 lr=7.139e-04 time=0.092s
[RQ-VAE] epoch=895 loss=0.00031543 recon=0.00007574 beh=0.000000 w=0.000 lr=7.136e-04 time=0.093s
[RQ-VAE] epoch=896 loss=0.00031401 recon=0.00007569 beh=0.000000 w=0.000 lr=7.132e-04 time=0.093s
[RQ-VAE] epoch=897 loss=0.00031336 recon=0.00007565 beh=0.000000 w=0.000 lr=7.129e-04 time=0.092s
[RQ-VAE] epoch=898 loss=0.00031306 recon=0.00007561 beh=0.000000 w=0.000 lr=7.125e-04 time=0.092s
[RQ-VAE] epoch=899 loss=0.00031389 recon=0.00007556 beh=0.000000 w=0.000 lr=7.122e-04 time=0.092s
[RQ-VAE] epoch=900 loss=0.00031318 recon=0.00007561 lr=7.119e-04 raw_unique=20302/24587 collision=0.174279 time=0.093s
[RQ-VAE] epoch=901 loss=0.00031278 recon=0.00007565 beh=0.000000 w=0.000 lr=7.115e-04 time=0.093s
[RQ-VAE] epoch=902 loss=0.00031232 recon=0.00007552 beh=0.000000 w=0.000 lr=7.112e-04 time=0.092s
[RQ-VAE] epoch=903 loss=0.00031433 recon=0.00007562 beh=0.000000 w=0.000 lr=7.108e-04 time=0.092s
[RQ-VAE] epoch=904 loss=0.00031490 recon=0.00007556 beh=0.000000 w=0.000 lr=7.105e-04 time=0.093s
[RQ-VAE] epoch=905 loss=0.00031367 recon=0.00007574 beh=0.000000 w=0.000 lr=7.102e-04 time=0.093s
[RQ-VAE] epoch=906 loss=0.00031572 recon=0.00007600 beh=0.000000 w=0.000 lr=7.098e-04 time=0.092s
[RQ-VAE] epoch=907 loss=0.00031489 recon=0.00007570 beh=0.000000 w=0.000 lr=7.095e-04 time=0.092s
[RQ-VAE] epoch=908 loss=0.00031507 recon=0.00007574 beh=0.000000 w=0.000 lr=7.092e-04 time=0.092s
[RQ-VAE] epoch=909 loss=0.00031384 recon=0.00007570 beh=0.000000 w=0.000 lr=7.088e-04 time=0.092s
[RQ-VAE] epoch=910 loss=0.00031393 recon=0.00007568 beh=0.000000 w=0.000 lr=7.085e-04 time=0.093s
[RQ-VAE] epoch=911 loss=0.00031530 recon=0.00007569 beh=0.000000 w=0.000 lr=7.081e-04 time=0.092s
[RQ-VAE] epoch=912 loss=0.00031519 recon=0.00007565 beh=0.000000 w=0.000 lr=7.078e-04 time=0.092s
[RQ-VAE] epoch=913 loss=0.00031376 recon=0.00007556 beh=0.000000 w=0.000 lr=7.075e-04 time=0.091s
[RQ-VAE] epoch=914 loss=0.00031498 recon=0.00007573 beh=0.000000 w=0.000 lr=7.071e-04 time=0.092s
[RQ-VAE] epoch=915 loss=0.00031611 recon=0.00007566 beh=0.000000 w=0.000 lr=7.068e-04 time=0.092s
[RQ-VAE] epoch=916 loss=0.00031536 recon=0.00007572 beh=0.000000 w=0.000 lr=7.064e-04 time=0.093s
[RQ-VAE] epoch=917 loss=0.00031576 recon=0.00007560 beh=0.000000 w=0.000 lr=7.061e-04 time=0.092s
[RQ-VAE] epoch=918 loss=0.00031500 recon=0.00007549 beh=0.000000 w=0.000 lr=7.058e-04 time=0.092s
[RQ-VAE] epoch=919 loss=0.00031477 recon=0.00007557 beh=0.000000 w=0.000 lr=7.054e-04 time=0.092s
[RQ-VAE] epoch=920 loss=0.00031442 recon=0.00007555 beh=0.000000 w=0.000 lr=7.051e-04 time=0.092s
[RQ-VAE] epoch=921 loss=0.00031317 recon=0.00007559 beh=0.000000 w=0.000 lr=7.047e-04 time=0.092s
[RQ-VAE] epoch=922 loss=0.00031636 recon=0.00007551 beh=0.000000 w=0.000 lr=7.044e-04 time=0.092s
[RQ-VAE] epoch=923 loss=0.00031615 recon=0.00007558 beh=0.000000 w=0.000 lr=7.041e-04 time=0.092s
[RQ-VAE] epoch=924 loss=0.00031640 recon=0.00007571 beh=0.000000 w=0.000 lr=7.037e-04 time=0.092s
[RQ-VAE] epoch=925 loss=0.00031572 recon=0.00007555 beh=0.000000 w=0.000 lr=7.034e-04 time=0.092s
[RQ-VAE] epoch=926 loss=0.00031639 recon=0.00007565 beh=0.000000 w=0.000 lr=7.031e-04 time=0.092s
[RQ-VAE] epoch=927 loss=0.00031765 recon=0.00007563 beh=0.000000 w=0.000 lr=7.027e-04 time=0.091s
[RQ-VAE] epoch=928 loss=0.00031681 recon=0.00007558 beh=0.000000 w=0.000 lr=7.024e-04 time=0.092s
[RQ-VAE] epoch=929 loss=0.00031757 recon=0.00007559 beh=0.000000 w=0.000 lr=7.020e-04 time=0.092s
[RQ-VAE] epoch=930 loss=0.00031592 recon=0.00007565 beh=0.000000 w=0.000 lr=7.017e-04 time=0.092s
[RQ-VAE] epoch=931 loss=0.00031886 recon=0.00007554 beh=0.000000 w=0.000 lr=7.014e-04 time=0.092s
[RQ-VAE] epoch=932 loss=0.00031720 recon=0.00007530 beh=0.000000 w=0.000 lr=7.010e-04 time=0.092s
[RQ-VAE] epoch=933 loss=0.00031642 recon=0.00007543 beh=0.000000 w=0.000 lr=7.007e-04 time=0.093s
[RQ-VAE] epoch=934 loss=0.00031560 recon=0.00007537 beh=0.000000 w=0.000 lr=7.003e-04 time=0.092s
[RQ-VAE] epoch=935 loss=0.00031826 recon=0.00007562 beh=0.000000 w=0.000 lr=7.000e-04 time=0.093s
[RQ-VAE] epoch=936 loss=0.00031988 recon=0.00007535 beh=0.000000 w=0.000 lr=6.997e-04 time=0.094s
[RQ-VAE] epoch=937 loss=0.00031845 recon=0.00007543 beh=0.000000 w=0.000 lr=6.993e-04 time=0.183s
[RQ-VAE] epoch=938 loss=0.00031683 recon=0.00007537 beh=0.000000 w=0.000 lr=6.990e-04 time=0.093s
[RQ-VAE] epoch=939 loss=0.00031692 recon=0.00007551 beh=0.000000 w=0.000 lr=6.986e-04 time=0.092s
[RQ-VAE] epoch=940 loss=0.00031678 recon=0.00007542 beh=0.000000 w=0.000 lr=6.983e-04 time=0.092s
[RQ-VAE] epoch=941 loss=0.00031430 recon=0.00007542 beh=0.000000 w=0.000 lr=6.980e-04 time=0.093s
[RQ-VAE] epoch=942 loss=0.00031489 recon=0.00007527 beh=0.000000 w=0.000 lr=6.976e-04 time=0.092s
[RQ-VAE] epoch=943 loss=0.00031532 recon=0.00007545 beh=0.000000 w=0.000 lr=6.973e-04 time=0.092s
[RQ-VAE] epoch=944 loss=0.00031584 recon=0.00007547 beh=0.000000 w=0.000 lr=6.969e-04 time=0.091s
[RQ-VAE] epoch=945 loss=0.00031558 recon=0.00007547 beh=0.000000 w=0.000 lr=6.966e-04 time=0.092s
[RQ-VAE] epoch=946 loss=0.00031564 recon=0.00007529 beh=0.000000 w=0.000 lr=6.963e-04 time=0.091s
[RQ-VAE] epoch=947 loss=0.00031673 recon=0.00007547 beh=0.000000 w=0.000 lr=6.959e-04 time=0.092s
[RQ-VAE] epoch=948 loss=0.00031735 recon=0.00007539 beh=0.000000 w=0.000 lr=6.956e-04 time=0.092s
[RQ-VAE] epoch=949 loss=0.00031575 recon=0.00007537 beh=0.000000 w=0.000 lr=6.953e-04 time=0.092s
[RQ-VAE] epoch=950 loss=0.00031485 recon=0.00007527 lr=6.949e-04 raw_unique=20545/24587 collision=0.164396 time=0.092s
[RQ-VAE] epoch=951 loss=0.00031595 recon=0.00007516 beh=0.000000 w=0.000 lr=6.946e-04 time=0.093s
[RQ-VAE] epoch=952 loss=0.00031423 recon=0.00007528 beh=0.000000 w=0.000 lr=6.942e-04 time=0.093s
[RQ-VAE] epoch=953 loss=0.00031605 recon=0.00007520 beh=0.000000 w=0.000 lr=6.939e-04 time=0.096s
[RQ-VAE] epoch=954 loss=0.00031548 recon=0.00007526 beh=0.000000 w=0.000 lr=6.936e-04 time=0.093s
[RQ-VAE] epoch=955 loss=0.00031395 recon=0.00007501 beh=0.000000 w=0.000 lr=6.932e-04 time=0.092s
[RQ-VAE] epoch=956 loss=0.00031326 recon=0.00007500 beh=0.000000 w=0.000 lr=6.929e-04 time=0.093s
[RQ-VAE] epoch=957 loss=0.00031454 recon=0.00007507 beh=0.000000 w=0.000 lr=6.925e-04 time=0.093s
[RQ-VAE] epoch=958 loss=0.00031447 recon=0.00007525 beh=0.000000 w=0.000 lr=6.922e-04 time=0.093s
[RQ-VAE] epoch=959 loss=0.00031611 recon=0.00007513 beh=0.000000 w=0.000 lr=6.919e-04 time=0.094s
[RQ-VAE] epoch=960 loss=0.00031564 recon=0.00007496 beh=0.000000 w=0.000 lr=6.915e-04 time=0.093s
[RQ-VAE] epoch=961 loss=0.00031568 recon=0.00007501 beh=0.000000 w=0.000 lr=6.912e-04 time=0.094s
[RQ-VAE] epoch=962 loss=0.00031340 recon=0.00007503 beh=0.000000 w=0.000 lr=6.908e-04 time=0.097s
[RQ-VAE] epoch=963 loss=0.00031482 recon=0.00007496 beh=0.000000 w=0.000 lr=6.905e-04 time=0.096s
[RQ-VAE] epoch=964 loss=0.00031573 recon=0.00007508 beh=0.000000 w=0.000 lr=6.902e-04 time=0.094s
[RQ-VAE] epoch=965 loss=0.00031569 recon=0.00007503 beh=0.000000 w=0.000 lr=6.898e-04 time=0.092s
[RQ-VAE] epoch=966 loss=0.00031492 recon=0.00007494 beh=0.000000 w=0.000 lr=6.895e-04 time=0.204s
[RQ-VAE] epoch=967 loss=0.00031548 recon=0.00007495 beh=0.000000 w=0.000 lr=6.892e-04 time=0.095s
[RQ-VAE] epoch=968 loss=0.00031418 recon=0.00007495 beh=0.000000 w=0.000 lr=6.888e-04 time=0.094s
[RQ-VAE] epoch=969 loss=0.00031368 recon=0.00007515 beh=0.000000 w=0.000 lr=6.885e-04 time=0.094s
[RQ-VAE] epoch=970 loss=0.00031454 recon=0.00007502 beh=0.000000 w=0.000 lr=6.881e-04 time=0.094s
[RQ-VAE] epoch=971 loss=0.00031543 recon=0.00007496 beh=0.000000 w=0.000 lr=6.878e-04 time=0.094s
[RQ-VAE] epoch=972 loss=0.00031504 recon=0.00007503 beh=0.000000 w=0.000 lr=6.875e-04 time=0.095s
[RQ-VAE] epoch=973 loss=0.00031518 recon=0.00007499 beh=0.000000 w=0.000 lr=6.871e-04 time=0.093s
[RQ-VAE] epoch=974 loss=0.00031527 recon=0.00007498 beh=0.000000 w=0.000 lr=6.868e-04 time=0.093s
[RQ-VAE] epoch=975 loss=0.00031604 recon=0.00007509 beh=0.000000 w=0.000 lr=6.864e-04 time=0.094s
[RQ-VAE] epoch=976 loss=0.00031530 recon=0.00007501 beh=0.000000 w=0.000 lr=6.861e-04 time=0.094s
[RQ-VAE] epoch=977 loss=0.00031581 recon=0.00007492 beh=0.000000 w=0.000 lr=6.858e-04 time=0.092s
[RQ-VAE] epoch=978 loss=0.00031572 recon=0.00007488 beh=0.000000 w=0.000 lr=6.854e-04 time=0.092s
[RQ-VAE] epoch=979 loss=0.00031520 recon=0.00007498 beh=0.000000 w=0.000 lr=6.851e-04 time=0.096s
[RQ-VAE] epoch=980 loss=0.00031770 recon=0.00007507 beh=0.000000 w=0.000 lr=6.847e-04 time=0.093s
[RQ-VAE] epoch=981 loss=0.00031668 recon=0.00007511 beh=0.000000 w=0.000 lr=6.844e-04 time=0.093s
[RQ-VAE] epoch=982 loss=0.00031762 recon=0.00007504 beh=0.000000 w=0.000 lr=6.841e-04 time=0.093s
[RQ-VAE] epoch=983 loss=0.00031579 recon=0.00007511 beh=0.000000 w=0.000 lr=6.837e-04 time=0.098s
[RQ-VAE] epoch=984 loss=0.00031730 recon=0.00007507 beh=0.000000 w=0.000 lr=6.834e-04 time=0.094s
[RQ-VAE] epoch=985 loss=0.00031757 recon=0.00007495 beh=0.000000 w=0.000 lr=6.831e-04 time=0.185s
[RQ-VAE] epoch=986 loss=0.00031578 recon=0.00007485 beh=0.000000 w=0.000 lr=6.827e-04 time=0.094s
[RQ-VAE] epoch=987 loss=0.00031691 recon=0.00007506 beh=0.000000 w=0.000 lr=6.824e-04 time=0.093s
[RQ-VAE] epoch=988 loss=0.00031673 recon=0.00007496 beh=0.000000 w=0.000 lr=6.820e-04 time=0.093s
[RQ-VAE] epoch=989 loss=0.00031714 recon=0.00007508 beh=0.000000 w=0.000 lr=6.817e-04 time=0.093s
[RQ-VAE] epoch=990 loss=0.00031740 recon=0.00007500 beh=0.000000 w=0.000 lr=6.814e-04 time=0.094s
[RQ-VAE] epoch=991 loss=0.00031635 recon=0.00007489 beh=0.000000 w=0.000 lr=6.810e-04 time=0.093s
[RQ-VAE] epoch=992 loss=0.00031677 recon=0.00007473 beh=0.000000 w=0.000 lr=6.807e-04 time=0.093s
[RQ-VAE] epoch=993 loss=0.00031594 recon=0.00007481 beh=0.000000 w=0.000 lr=6.803e-04 time=0.093s
[RQ-VAE] epoch=994 loss=0.00031631 recon=0.00007487 beh=0.000000 w=0.000 lr=6.800e-04 time=0.093s
[RQ-VAE] epoch=995 loss=0.00031875 recon=0.00007496 beh=0.000000 w=0.000 lr=6.797e-04 time=0.094s
[RQ-VAE] epoch=996 loss=0.00031920 recon=0.00007503 beh=0.000000 w=0.000 lr=6.793e-04 time=0.093s
[RQ-VAE] epoch=997 loss=0.00031787 recon=0.00007477 beh=0.000000 w=0.000 lr=6.790e-04 time=0.094s
[RQ-VAE] epoch=998 loss=0.00031908 recon=0.00007480 beh=0.000000 w=0.000 lr=6.786e-04 time=0.093s
[RQ-VAE] epoch=999 loss=0.00031828 recon=0.00007482 beh=0.000000 w=0.000 lr=6.783e-04 time=0.093s
[RQ-VAE] epoch=1000 loss=0.00031796 recon=0.00007485 lr=6.780e-04 raw_unique=20490/24587 collision=0.166633 time=0.189s
[RQ-VAE] epoch=1001 loss=0.00031786 recon=0.00007486 beh=0.000000 w=0.000 lr=6.776e-04 time=0.095s
[RQ-VAE] epoch=1002 loss=0.00031998 recon=0.00007482 beh=0.000000 w=0.000 lr=6.773e-04 time=0.093s
[RQ-VAE] epoch=1003 loss=0.00031954 recon=0.00007476 beh=0.000000 w=0.000 lr=6.769e-04 time=0.093s
[RQ-VAE] epoch=1004 loss=0.00031809 recon=0.00007482 beh=0.000000 w=0.000 lr=6.766e-04 time=0.094s
[RQ-VAE] epoch=1005 loss=0.00031770 recon=0.00007470 beh=0.000000 w=0.000 lr=6.763e-04 time=0.093s
[RQ-VAE] epoch=1006 loss=0.00031847 recon=0.00007469 beh=0.000000 w=0.000 lr=6.759e-04 time=0.094s
[RQ-VAE] epoch=1007 loss=0.00031717 recon=0.00007479 beh=0.000000 w=0.000 lr=6.756e-04 time=0.094s
[RQ-VAE] epoch=1008 loss=0.00031724 recon=0.00007468 beh=0.000000 w=0.000 lr=6.753e-04 time=0.094s
[RQ-VAE] epoch=1009 loss=0.00031740 recon=0.00007463 beh=0.000000 w=0.000 lr=6.749e-04 time=0.093s
[RQ-VAE] epoch=1010 loss=0.00031985 recon=0.00007445 beh=0.000000 w=0.000 lr=6.746e-04 time=0.093s
[RQ-VAE] epoch=1011 loss=0.00031777 recon=0.00007462 beh=0.000000 w=0.000 lr=6.742e-04 time=0.093s
[RQ-VAE] epoch=1012 loss=0.00031778 recon=0.00007455 beh=0.000000 w=0.000 lr=6.739e-04 time=0.095s
[RQ-VAE] epoch=1013 loss=0.00031827 recon=0.00007463 beh=0.000000 w=0.000 lr=6.736e-04 time=0.093s
[RQ-VAE] epoch=1014 loss=0.00031841 recon=0.00007451 beh=0.000000 w=0.000 lr=6.732e-04 time=0.093s
[RQ-VAE] epoch=1015 loss=0.00031753 recon=0.00007451 beh=0.000000 w=0.000 lr=6.729e-04 time=0.093s
[RQ-VAE] epoch=1016 loss=0.00031623 recon=0.00007463 beh=0.000000 w=0.000 lr=6.725e-04 time=0.094s
[RQ-VAE] epoch=1017 loss=0.00031748 recon=0.00007456 beh=0.000000 w=0.000 lr=6.722e-04 time=0.095s
[RQ-VAE] epoch=1018 loss=0.00031992 recon=0.00007452 beh=0.000000 w=0.000 lr=6.719e-04 time=0.094s
[RQ-VAE] epoch=1019 loss=0.00032033 recon=0.00007456 beh=0.000000 w=0.000 lr=6.715e-04 time=0.093s
[RQ-VAE] epoch=1020 loss=0.00031805 recon=0.00007465 beh=0.000000 w=0.000 lr=6.712e-04 time=0.092s
[RQ-VAE] epoch=1021 loss=0.00031692 recon=0.00007454 beh=0.000000 w=0.000 lr=6.708e-04 time=0.093s
[RQ-VAE] epoch=1022 loss=0.00031898 recon=0.00007458 beh=0.000000 w=0.000 lr=6.705e-04 time=0.094s
[RQ-VAE] epoch=1023 loss=0.00031950 recon=0.00007471 beh=0.000000 w=0.000 lr=6.702e-04 time=0.093s
[RQ-VAE] epoch=1024 loss=0.00031767 recon=0.00007470 beh=0.000000 w=0.000 lr=6.698e-04 time=0.093s
[RQ-VAE] epoch=1025 loss=0.00031754 recon=0.00007448 beh=0.000000 w=0.000 lr=6.695e-04 time=0.093s
[RQ-VAE] epoch=1026 loss=0.00031916 recon=0.00007455 beh=0.000000 w=0.000 lr=6.692e-04 time=0.093s
[RQ-VAE] epoch=1027 loss=0.00031979 recon=0.00007457 beh=0.000000 w=0.000 lr=6.688e-04 time=0.093s
[RQ-VAE] epoch=1028 loss=0.00031731 recon=0.00007460 beh=0.000000 w=0.000 lr=6.685e-04 time=0.092s
[RQ-VAE] epoch=1029 loss=0.00031708 recon=0.00007454 beh=0.000000 w=0.000 lr=6.681e-04 time=0.095s
[RQ-VAE] epoch=1030 loss=0.00031955 recon=0.00007437 beh=0.000000 w=0.000 lr=6.678e-04 time=0.094s
[RQ-VAE] epoch=1031 loss=0.00031969 recon=0.00007441 beh=0.000000 w=0.000 lr=6.675e-04 time=0.094s
[RQ-VAE] epoch=1032 loss=0.00031855 recon=0.00007442 beh=0.000000 w=0.000 lr=6.671e-04 time=0.094s
[RQ-VAE] epoch=1033 loss=0.00031772 recon=0.00007452 beh=0.000000 w=0.000 lr=6.668e-04 time=0.093s
[RQ-VAE] epoch=1034 loss=0.00031809 recon=0.00007452 beh=0.000000 w=0.000 lr=6.664e-04 time=0.094s
[RQ-VAE] epoch=1035 loss=0.00031899 recon=0.00007459 beh=0.000000 w=0.000 lr=6.661e-04 time=0.093s
[RQ-VAE] epoch=1036 loss=0.00031775 recon=0.00007443 beh=0.000000 w=0.000 lr=6.658e-04 time=0.093s
[RQ-VAE] epoch=1037 loss=0.00031821 recon=0.00007434 beh=0.000000 w=0.000 lr=6.654e-04 time=0.094s
[RQ-VAE] epoch=1038 loss=0.00031767 recon=0.00007444 beh=0.000000 w=0.000 lr=6.651e-04 time=0.093s
[RQ-VAE] epoch=1039 loss=0.00031840 recon=0.00007444 beh=0.000000 w=0.000 lr=6.647e-04 time=0.094s
[RQ-VAE] epoch=1040 loss=0.00032033 recon=0.00007451 beh=0.000000 w=0.000 lr=6.644e-04 time=0.093s
[RQ-VAE] epoch=1041 loss=0.00031886 recon=0.00007443 beh=0.000000 w=0.000 lr=6.641e-04 time=0.093s
[RQ-VAE] epoch=1042 loss=0.00031955 recon=0.00007447 beh=0.000000 w=0.000 lr=6.637e-04 time=0.092s
[RQ-VAE] epoch=1043 loss=0.00032019 recon=0.00007444 beh=0.000000 w=0.000 lr=6.634e-04 time=0.092s
[RQ-VAE] epoch=1044 loss=0.00031990 recon=0.00007487 beh=0.000000 w=0.000 lr=6.631e-04 time=0.093s
[RQ-VAE] epoch=1045 loss=0.00031961 recon=0.00007444 beh=0.000000 w=0.000 lr=6.627e-04 time=0.094s
[RQ-VAE] epoch=1046 loss=0.00032034 recon=0.00007441 beh=0.000000 w=0.000 lr=6.624e-04 time=0.093s
[RQ-VAE] epoch=1047 loss=0.00032135 recon=0.00007452 beh=0.000000 w=0.000 lr=6.620e-04 time=0.094s
[RQ-VAE] epoch=1048 loss=0.00031995 recon=0.00007457 beh=0.000000 w=0.000 lr=6.617e-04 time=0.094s
[RQ-VAE] epoch=1049 loss=0.00031928 recon=0.00007452 beh=0.000000 w=0.000 lr=6.614e-04 time=0.093s
[RQ-VAE] epoch=1050 loss=0.00032022 recon=0.00007452 lr=6.610e-04 raw_unique=20462/24587 collision=0.167772 time=0.095s
[RQ-VAE] epoch=1051 loss=0.00032283 recon=0.00007456 beh=0.000000 w=0.000 lr=6.607e-04 time=0.094s
[RQ-VAE] epoch=1052 loss=0.00032170 recon=0.00007466 beh=0.000000 w=0.000 lr=6.603e-04 time=0.093s
[RQ-VAE] epoch=1053 loss=0.00032342 recon=0.00007443 beh=0.000000 w=0.000 lr=6.600e-04 time=0.092s
[RQ-VAE] epoch=1054 loss=0.00032055 recon=0.00007444 beh=0.000000 w=0.000 lr=6.597e-04 time=0.094s
[RQ-VAE] epoch=1055 loss=0.00031991 recon=0.00007459 beh=0.000000 w=0.000 lr=6.593e-04 time=0.092s
[RQ-VAE] epoch=1056 loss=0.00032112 recon=0.00007447 beh=0.000000 w=0.000 lr=6.590e-04 time=0.092s
[RQ-VAE] epoch=1057 loss=0.00032148 recon=0.00007449 beh=0.000000 w=0.000 lr=6.586e-04 time=0.207s
[RQ-VAE] epoch=1058 loss=0.00032302 recon=0.00007439 beh=0.000000 w=0.000 lr=6.583e-04 time=0.092s
[RQ-VAE] epoch=1059 loss=0.00032087 recon=0.00007446 beh=0.000000 w=0.000 lr=6.580e-04 time=0.091s
[RQ-VAE] epoch=1060 loss=0.00032098 recon=0.00007440 beh=0.000000 w=0.000 lr=6.576e-04 time=0.092s
[RQ-VAE] epoch=1061 loss=0.00032158 recon=0.00007445 beh=0.000000 w=0.000 lr=6.573e-04 time=0.092s
[RQ-VAE] epoch=1062 loss=0.00032209 recon=0.00007432 beh=0.000000 w=0.000 lr=6.569e-04 time=0.092s
[RQ-VAE] epoch=1063 loss=0.00032156 recon=0.00007436 beh=0.000000 w=0.000 lr=6.566e-04 time=0.092s
[RQ-VAE] epoch=1064 loss=0.00031984 recon=0.00007423 beh=0.000000 w=0.000 lr=6.563e-04 time=0.092s
[RQ-VAE] epoch=1065 loss=0.00032084 recon=0.00007442 beh=0.000000 w=0.000 lr=6.559e-04 time=0.092s
[RQ-VAE] epoch=1066 loss=0.00032092 recon=0.00007429 beh=0.000000 w=0.000 lr=6.556e-04 time=0.092s
[RQ-VAE] epoch=1067 loss=0.00032140 recon=0.00007463 beh=0.000000 w=0.000 lr=6.553e-04 time=0.093s
[RQ-VAE] epoch=1068 loss=0.00032239 recon=0.00007429 beh=0.000000 w=0.000 lr=6.549e-04 time=0.095s
[RQ-VAE] epoch=1069 loss=0.00032113 recon=0.00007438 beh=0.000000 w=0.000 lr=6.546e-04 time=0.093s
[RQ-VAE] epoch=1070 loss=0.00032010 recon=0.00007427 beh=0.000000 w=0.000 lr=6.542e-04 time=0.093s
[RQ-VAE] epoch=1071 loss=0.00032024 recon=0.00007419 beh=0.000000 w=0.000 lr=6.539e-04 time=0.093s
[RQ-VAE] epoch=1072 loss=0.00032132 recon=0.00007415 beh=0.000000 w=0.000 lr=6.536e-04 time=0.092s
[RQ-VAE] epoch=1073 loss=0.00032139 recon=0.00007436 beh=0.000000 w=0.000 lr=6.532e-04 time=0.093s
[RQ-VAE] epoch=1074 loss=0.00032148 recon=0.00007441 beh=0.000000 w=0.000 lr=6.529e-04 time=0.092s
[RQ-VAE] epoch=1075 loss=0.00032156 recon=0.00007445 beh=0.000000 w=0.000 lr=6.525e-04 time=0.093s
[RQ-VAE] epoch=1076 loss=0.00032225 recon=0.00007439 beh=0.000000 w=0.000 lr=6.522e-04 time=0.093s
[RQ-VAE] epoch=1077 loss=0.00032203 recon=0.00007436 beh=0.000000 w=0.000 lr=6.519e-04 time=0.092s
[RQ-VAE] epoch=1078 loss=0.00032134 recon=0.00007422 beh=0.000000 w=0.000 lr=6.515e-04 time=0.092s
[RQ-VAE] epoch=1079 loss=0.00031990 recon=0.00007427 beh=0.000000 w=0.000 lr=6.512e-04 time=0.093s
[RQ-VAE] epoch=1080 loss=0.00032164 recon=0.00007432 beh=0.000000 w=0.000 lr=6.508e-04 time=0.093s
[RQ-VAE] epoch=1081 loss=0.00032177 recon=0.00007432 beh=0.000000 w=0.000 lr=6.505e-04 time=0.091s
[RQ-VAE] epoch=1082 loss=0.00032158 recon=0.00007436 beh=0.000000 w=0.000 lr=6.502e-04 time=0.093s
[RQ-VAE] epoch=1083 loss=0.00032078 recon=0.00007433 beh=0.000000 w=0.000 lr=6.498e-04 time=0.092s
[RQ-VAE] epoch=1084 loss=0.00032143 recon=0.00007428 beh=0.000000 w=0.000 lr=6.495e-04 time=0.093s
[RQ-VAE] epoch=1085 loss=0.00032262 recon=0.00007416 beh=0.000000 w=0.000 lr=6.492e-04 time=0.092s
[RQ-VAE] epoch=1086 loss=0.00032202 recon=0.00007416 beh=0.000000 w=0.000 lr=6.488e-04 time=0.189s
[RQ-VAE] epoch=1087 loss=0.00031903 recon=0.00007417 beh=0.000000 w=0.000 lr=6.485e-04 time=0.093s
[RQ-VAE] epoch=1088 loss=0.00031915 recon=0.00007421 beh=0.000000 w=0.000 lr=6.481e-04 time=0.092s
[RQ-VAE] epoch=1089 loss=0.00031849 recon=0.00007393 beh=0.000000 w=0.000 lr=6.478e-04 time=0.093s
[RQ-VAE] epoch=1090 loss=0.00031803 recon=0.00007383 beh=0.000000 w=0.000 lr=6.475e-04 time=0.091s
[RQ-VAE] epoch=1091 loss=0.00031793 recon=0.00007407 beh=0.000000 w=0.000 lr=6.471e-04 time=0.092s
[RQ-VAE] epoch=1092 loss=0.00031753 recon=0.00007410 beh=0.000000 w=0.000 lr=6.468e-04 time=0.093s
[RQ-VAE] epoch=1093 loss=0.00031656 recon=0.00007386 beh=0.000000 w=0.000 lr=6.464e-04 time=0.093s
[RQ-VAE] epoch=1094 loss=0.00031755 recon=0.00007404 beh=0.000000 w=0.000 lr=6.461e-04 time=0.092s
[RQ-VAE] epoch=1095 loss=0.00031806 recon=0.00007385 beh=0.000000 w=0.000 lr=6.458e-04 time=0.094s
[RQ-VAE] epoch=1096 loss=0.00031983 recon=0.00007411 beh=0.000000 w=0.000 lr=6.454e-04 time=0.093s
[RQ-VAE] epoch=1097 loss=0.00031740 recon=0.00007403 beh=0.000000 w=0.000 lr=6.451e-04 time=0.093s
[RQ-VAE] epoch=1098 loss=0.00031814 recon=0.00007392 beh=0.000000 w=0.000 lr=6.447e-04 time=0.093s
[RQ-VAE] epoch=1099 loss=0.00032007 recon=0.00007386 beh=0.000000 w=0.000 lr=6.444e-04 time=0.093s
[RQ-VAE] epoch=1100 loss=0.00032050 recon=0.00007401 lr=6.441e-04 raw_unique=20253/24587 collision=0.176272 time=0.092s
[RQ-VAE] epoch=1101 loss=0.00031771 recon=0.00007399 beh=0.000000 w=0.000 lr=6.437e-04 time=0.093s
[RQ-VAE] epoch=1102 loss=0.00031620 recon=0.00007405 beh=0.000000 w=0.000 lr=6.434e-04 time=0.092s
[RQ-VAE] epoch=1103 loss=0.00031857 recon=0.00007406 beh=0.000000 w=0.000 lr=6.431e-04 time=0.091s
[RQ-VAE] epoch=1104 loss=0.00031895 recon=0.00007384 beh=0.000000 w=0.000 lr=6.427e-04 time=0.092s
[RQ-VAE] epoch=1105 loss=0.00031935 recon=0.00007397 beh=0.000000 w=0.000 lr=6.424e-04 time=0.092s
[RQ-VAE] epoch=1106 loss=0.00031929 recon=0.00007400 beh=0.000000 w=0.000 lr=6.420e-04 time=0.185s
[RQ-VAE] epoch=1107 loss=0.00031984 recon=0.00007411 beh=0.000000 w=0.000 lr=6.417e-04 time=0.092s
[RQ-VAE] epoch=1108 loss=0.00031922 recon=0.00007402 beh=0.000000 w=0.000 lr=6.414e-04 time=0.091s
[RQ-VAE] epoch=1109 loss=0.00031718 recon=0.00007373 beh=0.000000 w=0.000 lr=6.410e-04 time=0.092s
[RQ-VAE] epoch=1110 loss=0.00031825 recon=0.00007397 beh=0.000000 w=0.000 lr=6.407e-04 time=0.093s
[RQ-VAE] epoch=1111 loss=0.00031941 recon=0.00007379 beh=0.000000 w=0.000 lr=6.403e-04 time=0.092s
[RQ-VAE] epoch=1112 loss=0.00031910 recon=0.00007389 beh=0.000000 w=0.000 lr=6.400e-04 time=0.091s
[RQ-VAE] epoch=1113 loss=0.00032129 recon=0.00007416 beh=0.000000 w=0.000 lr=6.397e-04 time=0.091s
[RQ-VAE] epoch=1114 loss=0.00032070 recon=0.00007386 beh=0.000000 w=0.000 lr=6.393e-04 time=0.091s
[RQ-VAE] epoch=1115 loss=0.00032035 recon=0.00007388 beh=0.000000 w=0.000 lr=6.390e-04 time=0.091s
[RQ-VAE] epoch=1116 loss=0.00032014 recon=0.00007373 beh=0.000000 w=0.000 lr=6.386e-04 time=0.091s
[RQ-VAE] epoch=1117 loss=0.00031910 recon=0.00007378 beh=0.000000 w=0.000 lr=6.383e-04 time=0.092s
[RQ-VAE] epoch=1118 loss=0.00032072 recon=0.00007394 beh=0.000000 w=0.000 lr=6.380e-04 time=0.092s
[RQ-VAE] epoch=1119 loss=0.00032122 recon=0.00007376 beh=0.000000 w=0.000 lr=6.376e-04 time=0.092s
[RQ-VAE] epoch=1120 loss=0.00032113 recon=0.00007375 beh=0.000000 w=0.000 lr=6.373e-04 time=0.092s
[RQ-VAE] epoch=1121 loss=0.00032064 recon=0.00007414 beh=0.000000 w=0.000 lr=6.369e-04 time=0.188s
[RQ-VAE] epoch=1122 loss=0.00032139 recon=0.00007389 beh=0.000000 w=0.000 lr=6.366e-04 time=0.092s
[RQ-VAE] epoch=1123 loss=0.00032165 recon=0.00007391 beh=0.000000 w=0.000 lr=6.363e-04 time=0.093s
[RQ-VAE] epoch=1124 loss=0.00032131 recon=0.00007388 beh=0.000000 w=0.000 lr=6.359e-04 time=0.094s
[RQ-VAE] epoch=1125 loss=0.00031916 recon=0.00007375 beh=0.000000 w=0.000 lr=6.356e-04 time=0.094s
[RQ-VAE] epoch=1126 loss=0.00032010 recon=0.00007374 beh=0.000000 w=0.000 lr=6.353e-04 time=0.093s
[RQ-VAE] epoch=1127 loss=0.00031993 recon=0.00007380 beh=0.000000 w=0.000 lr=6.349e-04 time=0.092s
[RQ-VAE] epoch=1128 loss=0.00032131 recon=0.00007372 beh=0.000000 w=0.000 lr=6.346e-04 time=0.092s
[RQ-VAE] epoch=1129 loss=0.00032064 recon=0.00007368 beh=0.000000 w=0.000 lr=6.342e-04 time=0.093s
[RQ-VAE] epoch=1130 loss=0.00032058 recon=0.00007376 beh=0.000000 w=0.000 lr=6.339e-04 time=0.093s
[RQ-VAE] epoch=1131 loss=0.00032077 recon=0.00007362 beh=0.000000 w=0.000 lr=6.336e-04 time=0.093s
[RQ-VAE] epoch=1132 loss=0.00031821 recon=0.00007375 beh=0.000000 w=0.000 lr=6.332e-04 time=0.093s
[RQ-VAE] epoch=1133 loss=0.00031856 recon=0.00007363 beh=0.000000 w=0.000 lr=6.329e-04 time=0.093s
[RQ-VAE] epoch=1134 loss=0.00031939 recon=0.00007361 beh=0.000000 w=0.000 lr=6.325e-04 time=0.096s
[RQ-VAE] epoch=1135 loss=0.00031986 recon=0.00007374 beh=0.000000 w=0.000 lr=6.322e-04 time=0.093s
[RQ-VAE] epoch=1136 loss=0.00032002 recon=0.00007365 beh=0.000000 w=0.000 lr=6.319e-04 time=0.091s
[RQ-VAE] epoch=1137 loss=0.00032000 recon=0.00007391 beh=0.000000 w=0.000 lr=6.315e-04 time=0.091s
[RQ-VAE] epoch=1138 loss=0.00031896 recon=0.00007368 beh=0.000000 w=0.000 lr=6.312e-04 time=0.092s
[RQ-VAE] epoch=1139 loss=0.00031996 recon=0.00007371 beh=0.000000 w=0.000 lr=6.308e-04 time=0.092s
[RQ-VAE] epoch=1140 loss=0.00032054 recon=0.00007373 beh=0.000000 w=0.000 lr=6.305e-04 time=0.092s
[RQ-VAE] epoch=1141 loss=0.00031893 recon=0.00007379 beh=0.000000 w=0.000 lr=6.302e-04 time=0.091s
[RQ-VAE] epoch=1142 loss=0.00032046 recon=0.00007373 beh=0.000000 w=0.000 lr=6.298e-04 time=0.091s
[RQ-VAE] epoch=1143 loss=0.00032191 recon=0.00007376 beh=0.000000 w=0.000 lr=6.295e-04 time=0.092s
[RQ-VAE] epoch=1144 loss=0.00032056 recon=0.00007373 beh=0.000000 w=0.000 lr=6.292e-04 time=0.092s
[RQ-VAE] epoch=1145 loss=0.00032025 recon=0.00007369 beh=0.000000 w=0.000 lr=6.288e-04 time=0.091s
[RQ-VAE] epoch=1146 loss=0.00031744 recon=0.00007388 beh=0.000000 w=0.000 lr=6.285e-04 time=0.091s
[RQ-VAE] epoch=1147 loss=0.00031776 recon=0.00007350 beh=0.000000 w=0.000 lr=6.281e-04 time=0.092s
[RQ-VAE] epoch=1148 loss=0.00031865 recon=0.00007345 beh=0.000000 w=0.000 lr=6.278e-04 time=0.091s
[RQ-VAE] epoch=1149 loss=0.00031877 recon=0.00007328 beh=0.000000 w=0.000 lr=6.275e-04 time=0.092s
[RQ-VAE] epoch=1150 loss=0.00031810 recon=0.00007354 lr=6.271e-04 raw_unique=20339/24587 collision=0.172774 time=0.092s
[RQ-VAE] epoch=1151 loss=0.00031822 recon=0.00007361 beh=0.000000 w=0.000 lr=6.268e-04 time=0.093s
[RQ-VAE] epoch=1152 loss=0.00031846 recon=0.00007360 beh=0.000000 w=0.000 lr=6.264e-04 time=0.092s
[RQ-VAE] epoch=1153 loss=0.00031939 recon=0.00007335 beh=0.000000 w=0.000 lr=6.261e-04 time=0.092s
[RQ-VAE] epoch=1154 loss=0.00031886 recon=0.00007344 beh=0.000000 w=0.000 lr=6.258e-04 time=0.091s
[RQ-VAE] epoch=1155 loss=0.00031777 recon=0.00007339 beh=0.000000 w=0.000 lr=6.254e-04 time=0.092s
[RQ-VAE] epoch=1156 loss=0.00031934 recon=0.00007335 beh=0.000000 w=0.000 lr=6.251e-04 time=0.092s
[RQ-VAE] epoch=1157 loss=0.00031988 recon=0.00007339 beh=0.000000 w=0.000 lr=6.247e-04 time=0.092s
[RQ-VAE] epoch=1158 loss=0.00031903 recon=0.00007337 beh=0.000000 w=0.000 lr=6.244e-04 time=0.092s
[RQ-VAE] epoch=1159 loss=0.00032014 recon=0.00007334 beh=0.000000 w=0.000 lr=6.241e-04 time=0.092s
[RQ-VAE] epoch=1160 loss=0.00032040 recon=0.00007340 beh=0.000000 w=0.000 lr=6.237e-04 time=0.092s
[RQ-VAE] epoch=1161 loss=0.00031851 recon=0.00007349 beh=0.000000 w=0.000 lr=6.234e-04 time=0.092s
[RQ-VAE] epoch=1162 loss=0.00031980 recon=0.00007333 beh=0.000000 w=0.000 lr=6.231e-04 time=0.093s
[RQ-VAE] epoch=1163 loss=0.00031902 recon=0.00007346 beh=0.000000 w=0.000 lr=6.227e-04 time=0.092s
[RQ-VAE] epoch=1164 loss=0.00031883 recon=0.00007334 beh=0.000000 w=0.000 lr=6.224e-04 time=0.093s
[RQ-VAE] epoch=1165 loss=0.00032026 recon=0.00007335 beh=0.000000 w=0.000 lr=6.220e-04 time=0.093s
[RQ-VAE] epoch=1166 loss=0.00031835 recon=0.00007314 beh=0.000000 w=0.000 lr=6.217e-04 time=0.093s
[RQ-VAE] epoch=1167 loss=0.00031824 recon=0.00007341 beh=0.000000 w=0.000 lr=6.214e-04 time=0.094s
[RQ-VAE] epoch=1168 loss=0.00032082 recon=0.00007340 beh=0.000000 w=0.000 lr=6.210e-04 time=0.092s
[RQ-VAE] epoch=1169 loss=0.00032142 recon=0.00007334 beh=0.000000 w=0.000 lr=6.207e-04 time=0.092s
[RQ-VAE] epoch=1170 loss=0.00031987 recon=0.00007321 beh=0.000000 w=0.000 lr=6.203e-04 time=0.092s
[RQ-VAE] epoch=1171 loss=0.00031944 recon=0.00007334 beh=0.000000 w=0.000 lr=6.200e-04 time=0.092s
[RQ-VAE] epoch=1172 loss=0.00031997 recon=0.00007326 beh=0.000000 w=0.000 lr=6.197e-04 time=0.092s
[RQ-VAE] epoch=1173 loss=0.00031865 recon=0.00007326 beh=0.000000 w=0.000 lr=6.193e-04 time=0.092s
[RQ-VAE] epoch=1174 loss=0.00031864 recon=0.00007313 beh=0.000000 w=0.000 lr=6.190e-04 time=0.092s
[RQ-VAE] epoch=1175 loss=0.00031850 recon=0.00007324 beh=0.000000 w=0.000 lr=6.186e-04 time=0.092s
[RQ-VAE] epoch=1176 loss=0.00031775 recon=0.00007318 beh=0.000000 w=0.000 lr=6.183e-04 time=0.092s
[RQ-VAE] epoch=1177 loss=0.00031790 recon=0.00007314 beh=0.000000 w=0.000 lr=6.180e-04 time=0.092s
[RQ-VAE] epoch=1178 loss=0.00031803 recon=0.00007326 beh=0.000000 w=0.000 lr=6.176e-04 time=0.204s
[RQ-VAE] epoch=1179 loss=0.00032081 recon=0.00007331 beh=0.000000 w=0.000 lr=6.173e-04 time=0.093s
[RQ-VAE] epoch=1180 loss=0.00031813 recon=0.00007316 beh=0.000000 w=0.000 lr=6.169e-04 time=0.093s
[RQ-VAE] epoch=1181 loss=0.00031812 recon=0.00007306 beh=0.000000 w=0.000 lr=6.166e-04 time=0.092s
[RQ-VAE] epoch=1182 loss=0.00031949 recon=0.00007304 beh=0.000000 w=0.000 lr=6.163e-04 time=0.092s
[RQ-VAE] epoch=1183 loss=0.00031922 recon=0.00007306 beh=0.000000 w=0.000 lr=6.159e-04 time=0.092s
[RQ-VAE] epoch=1184 loss=0.00031854 recon=0.00007308 beh=0.000000 w=0.000 lr=6.156e-04 time=0.092s
[RQ-VAE] epoch=1185 loss=0.00032028 recon=0.00007330 beh=0.000000 w=0.000 lr=6.153e-04 time=0.092s
[RQ-VAE] epoch=1186 loss=0.00032194 recon=0.00007308 beh=0.000000 w=0.000 lr=6.149e-04 time=0.092s
[RQ-VAE] epoch=1187 loss=0.00032060 recon=0.00007312 beh=0.000000 w=0.000 lr=6.146e-04 time=0.093s
[RQ-VAE] epoch=1188 loss=0.00032095 recon=0.00007319 beh=0.000000 w=0.000 lr=6.142e-04 time=0.092s
[RQ-VAE] epoch=1189 loss=0.00032072 recon=0.00007318 beh=0.000000 w=0.000 lr=6.139e-04 time=0.092s
[RQ-VAE] epoch=1190 loss=0.00032049 recon=0.00007313 beh=0.000000 w=0.000 lr=6.136e-04 time=0.092s
[RQ-VAE] epoch=1191 loss=0.00032292 recon=0.00007313 beh=0.000000 w=0.000 lr=6.132e-04 time=0.093s
[RQ-VAE] epoch=1192 loss=0.00032370 recon=0.00007322 beh=0.000000 w=0.000 lr=6.129e-04 time=0.092s
[RQ-VAE] epoch=1193 loss=0.00032419 recon=0.00007324 beh=0.000000 w=0.000 lr=6.125e-04 time=0.092s
[RQ-VAE] epoch=1194 loss=0.00032449 recon=0.00007328 beh=0.000000 w=0.000 lr=6.122e-04 time=0.093s
[RQ-VAE] epoch=1195 loss=0.00032273 recon=0.00007316 beh=0.000000 w=0.000 lr=6.119e-04 time=0.092s
[RQ-VAE] epoch=1196 loss=0.00032421 recon=0.00007327 beh=0.000000 w=0.000 lr=6.115e-04 time=0.092s
[RQ-VAE] epoch=1197 loss=0.00032473 recon=0.00007321 beh=0.000000 w=0.000 lr=6.112e-04 time=0.093s
[RQ-VAE] epoch=1198 loss=0.00032380 recon=0.00007324 beh=0.000000 w=0.000 lr=6.108e-04 time=0.092s
[RQ-VAE] epoch=1199 loss=0.00032326 recon=0.00007308 beh=0.000000 w=0.000 lr=6.105e-04 time=0.092s
[RQ-VAE] epoch=1200 loss=0.00032235 recon=0.00007313 lr=6.102e-04 raw_unique=20287/24587 collision=0.174889 time=0.092s
[RQ-VAE] epoch=1201 loss=0.00032424 recon=0.00007327 beh=0.000000 w=0.000 lr=6.098e-04 time=0.094s
[RQ-VAE] epoch=1202 loss=0.00032167 recon=0.00007310 beh=0.000000 w=0.000 lr=6.095e-04 time=0.093s
[RQ-VAE] epoch=1203 loss=0.00032071 recon=0.00007324 beh=0.000000 w=0.000 lr=6.092e-04 time=0.092s
[RQ-VAE] epoch=1204 loss=0.00032297 recon=0.00007325 beh=0.000000 w=0.000 lr=6.088e-04 time=0.097s
[RQ-VAE] epoch=1205 loss=0.00032319 recon=0.00007315 beh=0.000000 w=0.000 lr=6.085e-04 time=0.093s
[RQ-VAE] epoch=1206 loss=0.00032158 recon=0.00007315 beh=0.000000 w=0.000 lr=6.081e-04 time=0.093s
[RQ-VAE] epoch=1207 loss=0.00032324 recon=0.00007312 beh=0.000000 w=0.000 lr=6.078e-04 time=0.19s
[RQ-VAE] epoch=1208 loss=0.00032257 recon=0.00007329 beh=0.000000 w=0.000 lr=6.075e-04 time=0.096s
[RQ-VAE] epoch=1209 loss=0.00032070 recon=0.00007307 beh=0.000000 w=0.000 lr=6.071e-04 time=0.093s
[RQ-VAE] epoch=1210 loss=0.00032052 recon=0.00007303 beh=0.000000 w=0.000 lr=6.068e-04 time=0.097s
[RQ-VAE] epoch=1211 loss=0.00032033 recon=0.00007304 beh=0.000000 w=0.000 lr=6.064e-04 time=0.094s
[RQ-VAE] epoch=1212 loss=0.00032085 recon=0.00007309 beh=0.000000 w=0.000 lr=6.061e-04 time=0.093s
[RQ-VAE] epoch=1213 loss=0.00032073 recon=0.00007314 beh=0.000000 w=0.000 lr=6.058e-04 time=0.097s
[RQ-VAE] epoch=1214 loss=0.00032060 recon=0.00007304 beh=0.000000 w=0.000 lr=6.054e-04 time=0.093s
[RQ-VAE] epoch=1215 loss=0.00032077 recon=0.00007312 beh=0.000000 w=0.000 lr=6.051e-04 time=0.097s
[RQ-VAE] epoch=1216 loss=0.00032078 recon=0.00007304 beh=0.000000 w=0.000 lr=6.047e-04 time=0.095s
[RQ-VAE] epoch=1217 loss=0.00031976 recon=0.00007310 beh=0.000000 w=0.000 lr=6.044e-04 time=0.096s
[RQ-VAE] epoch=1218 loss=0.00032094 recon=0.00007292 beh=0.000000 w=0.000 lr=6.041e-04 time=0.093s
[RQ-VAE] epoch=1219 loss=0.00032058 recon=0.00007277 beh=0.000000 w=0.000 lr=6.037e-04 time=0.093s
[RQ-VAE] epoch=1220 loss=0.00032106 recon=0.00007291 beh=0.000000 w=0.000 lr=6.034e-04 time=0.099s
[RQ-VAE] epoch=1221 loss=0.00032063 recon=0.00007283 beh=0.000000 w=0.000 lr=6.031e-04 time=0.093s
[RQ-VAE] epoch=1222 loss=0.00032173 recon=0.00007273 beh=0.000000 w=0.000 lr=6.027e-04 time=0.094s
[RQ-VAE] epoch=1223 loss=0.00032228 recon=0.00007279 beh=0.000000 w=0.000 lr=6.024e-04 time=0.094s
[RQ-VAE] epoch=1224 loss=0.00032065 recon=0.00007279 beh=0.000000 w=0.000 lr=6.020e-04 time=0.096s
[RQ-VAE] epoch=1225 loss=0.00032131 recon=0.00007284 beh=0.000000 w=0.000 lr=6.017e-04 time=0.093s
[RQ-VAE] epoch=1226 loss=0.00031935 recon=0.00007269 beh=0.000000 w=0.000 lr=6.014e-04 time=0.093s
[RQ-VAE] epoch=1227 loss=0.00032073 recon=0.00007290 beh=0.000000 w=0.000 lr=6.010e-04 time=0.187s
[RQ-VAE] epoch=1228 loss=0.00032304 recon=0.00007289 beh=0.000000 w=0.000 lr=6.007e-04 time=0.096s
[RQ-VAE] epoch=1229 loss=0.00032268 recon=0.00007259 beh=0.000000 w=0.000 lr=6.003e-04 time=0.095s
[RQ-VAE] epoch=1230 loss=0.00031968 recon=0.00007279 beh=0.000000 w=0.000 lr=6.000e-04 time=0.096s
[RQ-VAE] epoch=1231 loss=0.00032094 recon=0.00007287 beh=0.000000 w=0.000 lr=5.997e-04 time=0.093s
[RQ-VAE] epoch=1232 loss=0.00032189 recon=0.00007262 beh=0.000000 w=0.000 lr=5.993e-04 time=0.092s
[RQ-VAE] epoch=1233 loss=0.00032229 recon=0.00007268 beh=0.000000 w=0.000 lr=5.990e-04 time=0.094s
[RQ-VAE] epoch=1234 loss=0.00032129 recon=0.00007280 beh=0.000000 w=0.000 lr=5.986e-04 time=0.093s
[RQ-VAE] epoch=1235 loss=0.00032203 recon=0.00007274 beh=0.000000 w=0.000 lr=5.983e-04 time=0.093s
[RQ-VAE] epoch=1236 loss=0.00032054 recon=0.00007276 beh=0.000000 w=0.000 lr=5.980e-04 time=0.095s
[RQ-VAE] epoch=1237 loss=0.00032078 recon=0.00007257 beh=0.000000 w=0.000 lr=5.976e-04 time=0.095s
[RQ-VAE] epoch=1238 loss=0.00031988 recon=0.00007263 beh=0.000000 w=0.000 lr=5.973e-04 time=0.093s
[RQ-VAE] epoch=1239 loss=0.00032141 recon=0.00007277 beh=0.000000 w=0.000 lr=5.969e-04 time=0.093s
[RQ-VAE] epoch=1240 loss=0.00032049 recon=0.00007277 beh=0.000000 w=0.000 lr=5.966e-04 time=0.092s
[RQ-VAE] epoch=1241 loss=0.00031907 recon=0.00007268 beh=0.000000 w=0.000 lr=5.963e-04 time=0.092s
[RQ-VAE] epoch=1242 loss=0.00032143 recon=0.00007260 beh=0.000000 w=0.000 lr=5.959e-04 time=0.182s
[RQ-VAE] epoch=1243 loss=0.00032004 recon=0.00007266 beh=0.000000 w=0.000 lr=5.956e-04 time=0.092s
[RQ-VAE] epoch=1244 loss=0.00032002 recon=0.00007287 beh=0.000000 w=0.000 lr=5.953e-04 time=0.092s
[RQ-VAE] epoch=1245 loss=0.00032034 recon=0.00007269 beh=0.000000 w=0.000 lr=5.949e-04 time=0.091s
[RQ-VAE] epoch=1246 loss=0.00032098 recon=0.00007273 beh=0.000000 w=0.000 lr=5.946e-04 time=0.093s
[RQ-VAE] epoch=1247 loss=0.00032113 recon=0.00007265 beh=0.000000 w=0.000 lr=5.942e-04 time=0.092s
[RQ-VAE] epoch=1248 loss=0.00032003 recon=0.00007268 beh=0.000000 w=0.000 lr=5.939e-04 time=0.092s
[RQ-VAE] epoch=1249 loss=0.00032088 recon=0.00007261 beh=0.000000 w=0.000 lr=5.936e-04 time=0.091s
[RQ-VAE] epoch=1250 loss=0.00032030 recon=0.00007295 lr=5.932e-04 raw_unique=20377/24587 collision=0.171229 time=0.092s
[RQ-VAE] epoch=1251 loss=0.00032248 recon=0.00007280 beh=0.000000 w=0.000 lr=5.929e-04 time=0.096s
[RQ-VAE] epoch=1252 loss=0.00032189 recon=0.00007284 beh=0.000000 w=0.000 lr=5.925e-04 time=0.093s
[RQ-VAE] epoch=1253 loss=0.00032144 recon=0.00007290 beh=0.000000 w=0.000 lr=5.922e-04 time=0.093s
[RQ-VAE] epoch=1254 loss=0.00032237 recon=0.00007287 beh=0.000000 w=0.000 lr=5.919e-04 time=0.092s
[RQ-VAE] epoch=1255 loss=0.00032297 recon=0.00007276 beh=0.000000 w=0.000 lr=5.915e-04 time=0.092s
[RQ-VAE] epoch=1256 loss=0.00032203 recon=0.00007275 beh=0.000000 w=0.000 lr=5.912e-04 time=0.094s
[RQ-VAE] epoch=1257 loss=0.00032128 recon=0.00007280 beh=0.000000 w=0.000 lr=5.908e-04 time=0.092s
[RQ-VAE] epoch=1258 loss=0.00032299 recon=0.00007274 beh=0.000000 w=0.000 lr=5.905e-04 time=0.092s
[RQ-VAE] epoch=1259 loss=0.00032284 recon=0.00007275 beh=0.000000 w=0.000 lr=5.902e-04 time=0.092s
[RQ-VAE] epoch=1260 loss=0.00032165 recon=0.00007290 beh=0.000000 w=0.000 lr=5.898e-04 time=0.092s
[RQ-VAE] epoch=1261 loss=0.00032142 recon=0.00007268 beh=0.000000 w=0.000 lr=5.895e-04 time=0.093s
[RQ-VAE] epoch=1262 loss=0.00032104 recon=0.00007270 beh=0.000000 w=0.000 lr=5.892e-04 time=0.093s
[RQ-VAE] epoch=1263 loss=0.00032111 recon=0.00007271 beh=0.000000 w=0.000 lr=5.888e-04 time=0.093s
[RQ-VAE] epoch=1264 loss=0.00032213 recon=0.00007260 beh=0.000000 w=0.000 lr=5.885e-04 time=0.092s
[RQ-VAE] epoch=1265 loss=0.00031996 recon=0.00007263 beh=0.000000 w=0.000 lr=5.881e-04 time=0.092s
[RQ-VAE] epoch=1266 loss=0.00031970 recon=0.00007270 beh=0.000000 w=0.000 lr=5.878e-04 time=0.093s
[RQ-VAE] epoch=1267 loss=0.00031987 recon=0.00007266 beh=0.000000 w=0.000 lr=5.875e-04 time=0.093s
[RQ-VAE] epoch=1268 loss=0.00032048 recon=0.00007257 beh=0.000000 w=0.000 lr=5.871e-04 time=0.092s
[RQ-VAE] epoch=1269 loss=0.00032027 recon=0.00007271 beh=0.000000 w=0.000 lr=5.868e-04 time=0.093s
[RQ-VAE] epoch=1270 loss=0.00032135 recon=0.00007275 beh=0.000000 w=0.000 lr=5.864e-04 time=0.093s
[RQ-VAE] epoch=1271 loss=0.00032104 recon=0.00007278 beh=0.000000 w=0.000 lr=5.861e-04 time=0.092s
[RQ-VAE] epoch=1272 loss=0.00032125 recon=0.00007258 beh=0.000000 w=0.000 lr=5.858e-04 time=0.093s
[RQ-VAE] epoch=1273 loss=0.00032126 recon=0.00007263 beh=0.000000 w=0.000 lr=5.854e-04 time=0.092s
[RQ-VAE] epoch=1274 loss=0.00032216 recon=0.00007280 beh=0.000000 w=0.000 lr=5.851e-04 time=0.093s
[RQ-VAE] epoch=1275 loss=0.00032151 recon=0.00007249 beh=0.000000 w=0.000 lr=5.847e-04 time=0.092s
[RQ-VAE] epoch=1276 loss=0.00032167 recon=0.00007262 beh=0.000000 w=0.000 lr=5.844e-04 time=0.092s
[RQ-VAE] epoch=1277 loss=0.00032088 recon=0.00007281 beh=0.000000 w=0.000 lr=5.841e-04 time=0.092s
[RQ-VAE] epoch=1278 loss=0.00032236 recon=0.00007256 beh=0.000000 w=0.000 lr=5.837e-04 time=0.093s
[RQ-VAE] epoch=1279 loss=0.00032154 recon=0.00007247 beh=0.000000 w=0.000 lr=5.834e-04 time=0.092s
[RQ-VAE] epoch=1280 loss=0.00032046 recon=0.00007252 beh=0.000000 w=0.000 lr=5.831e-04 time=0.092s
[RQ-VAE] epoch=1281 loss=0.00032158 recon=0.00007280 beh=0.000000 w=0.000 lr=5.827e-04 time=0.093s
[RQ-VAE] epoch=1282 loss=0.00032209 recon=0.00007259 beh=0.000000 w=0.000 lr=5.824e-04 time=0.092s
[RQ-VAE] epoch=1283 loss=0.00032097 recon=0.00007260 beh=0.000000 w=0.000 lr=5.820e-04 time=0.093s
[RQ-VAE] epoch=1284 loss=0.00032044 recon=0.00007257 beh=0.000000 w=0.000 lr=5.817e-04 time=0.093s
[RQ-VAE] epoch=1285 loss=0.00032245 recon=0.00007257 beh=0.000000 w=0.000 lr=5.814e-04 time=0.092s
[RQ-VAE] epoch=1286 loss=0.00032132 recon=0.00007262 beh=0.000000 w=0.000 lr=5.810e-04 time=0.093s
[RQ-VAE] epoch=1287 loss=0.00032197 recon=0.00007250 beh=0.000000 w=0.000 lr=5.807e-04 time=0.092s
[RQ-VAE] epoch=1288 loss=0.00032457 recon=0.00007280 beh=0.000000 w=0.000 lr=5.803e-04 time=0.093s
[RQ-VAE] epoch=1289 loss=0.00032232 recon=0.00007270 beh=0.000000 w=0.000 lr=5.800e-04 time=0.092s
[RQ-VAE] epoch=1290 loss=0.00032245 recon=0.00007255 beh=0.000000 w=0.000 lr=5.797e-04 time=0.092s
[RQ-VAE] epoch=1291 loss=0.00032277 recon=0.00007256 beh=0.000000 w=0.000 lr=5.793e-04 time=0.092s
[RQ-VAE] epoch=1292 loss=0.00032265 recon=0.00007248 beh=0.000000 w=0.000 lr=5.790e-04 time=0.092s
[RQ-VAE] epoch=1293 loss=0.00032160 recon=0.00007272 beh=0.000000 w=0.000 lr=5.786e-04 time=0.093s
[RQ-VAE] epoch=1294 loss=0.00032100 recon=0.00007272 beh=0.000000 w=0.000 lr=5.783e-04 time=0.092s
[RQ-VAE] epoch=1295 loss=0.00032402 recon=0.00007267 beh=0.000000 w=0.000 lr=5.780e-04 time=0.094s
[RQ-VAE] epoch=1296 loss=0.00032489 recon=0.00007253 beh=0.000000 w=0.000 lr=5.776e-04 time=0.092s
[RQ-VAE] epoch=1297 loss=0.00032373 recon=0.00007269 beh=0.000000 w=0.000 lr=5.773e-04 time=0.092s
[RQ-VAE] epoch=1298 loss=0.00032383 recon=0.00007277 beh=0.000000 w=0.000 lr=5.769e-04 time=0.092s
[RQ-VAE] epoch=1299 loss=0.00032373 recon=0.00007249 beh=0.000000 w=0.000 lr=5.766e-04 time=0.203s
[RQ-VAE] epoch=1300 loss=0.00032268 recon=0.00007259 lr=5.763e-04 raw_unique=20343/24587 collision=0.172612 time=0.092s
[RQ-VAE] epoch=1301 loss=0.00032259 recon=0.00007254 beh=0.000000 w=0.000 lr=5.759e-04 time=0.093s
[RQ-VAE] epoch=1302 loss=0.00032391 recon=0.00007265 beh=0.000000 w=0.000 lr=5.756e-04 time=0.096s
[RQ-VAE] epoch=1303 loss=0.00032272 recon=0.00007259 beh=0.000000 w=0.000 lr=5.753e-04 time=0.092s
[RQ-VAE] epoch=1304 loss=0.00032313 recon=0.00007256 beh=0.000000 w=0.000 lr=5.749e-04 time=0.093s
[RQ-VAE] epoch=1305 loss=0.00032296 recon=0.00007258 beh=0.000000 w=0.000 lr=5.746e-04 time=0.093s
[RQ-VAE] epoch=1306 loss=0.00032380 recon=0.00007265 beh=0.000000 w=0.000 lr=5.742e-04 time=0.093s
[RQ-VAE] epoch=1307 loss=0.00032340 recon=0.00007244 beh=0.000000 w=0.000 lr=5.739e-04 time=0.094s
[RQ-VAE] epoch=1308 loss=0.00032188 recon=0.00007245 beh=0.000000 w=0.000 lr=5.736e-04 time=0.092s
[RQ-VAE] epoch=1309 loss=0.00031996 recon=0.00007236 beh=0.000000 w=0.000 lr=5.732e-04 time=0.092s
[RQ-VAE] epoch=1310 loss=0.00032076 recon=0.00007243 beh=0.000000 w=0.000 lr=5.729e-04 time=0.092s
[RQ-VAE] epoch=1311 loss=0.00031935 recon=0.00007225 beh=0.000000 w=0.000 lr=5.725e-04 time=0.093s
[RQ-VAE] epoch=1312 loss=0.00032024 recon=0.00007239 beh=0.000000 w=0.000 lr=5.722e-04 time=0.093s
[RQ-VAE] epoch=1313 loss=0.00032144 recon=0.00007240 beh=0.000000 w=0.000 lr=5.719e-04 time=0.093s
[RQ-VAE] epoch=1314 loss=0.00032155 recon=0.00007249 beh=0.000000 w=0.000 lr=5.715e-04 time=0.093s
[RQ-VAE] epoch=1315 loss=0.00032185 recon=0.00007243 beh=0.000000 w=0.000 lr=5.712e-04 time=0.093s
[RQ-VAE] epoch=1316 loss=0.00032085 recon=0.00007241 beh=0.000000 w=0.000 lr=5.708e-04 time=0.092s
[RQ-VAE] epoch=1317 loss=0.00032121 recon=0.00007247 beh=0.000000 w=0.000 lr=5.705e-04 time=0.092s
[RQ-VAE] epoch=1318 loss=0.00032117 recon=0.00007240 beh=0.000000 w=0.000 lr=5.702e-04 time=0.092s
[RQ-VAE] epoch=1319 loss=0.00032213 recon=0.00007246 beh=0.000000 w=0.000 lr=5.698e-04 time=0.093s
[RQ-VAE] epoch=1320 loss=0.00032221 recon=0.00007237 beh=0.000000 w=0.000 lr=5.695e-04 time=0.092s
[RQ-VAE] epoch=1321 loss=0.00032158 recon=0.00007225 beh=0.000000 w=0.000 lr=5.692e-04 time=0.094s
[RQ-VAE] epoch=1322 loss=0.00032410 recon=0.00007245 beh=0.000000 w=0.000 lr=5.688e-04 time=0.093s
[RQ-VAE] epoch=1323 loss=0.00032437 recon=0.00007228 beh=0.000000 w=0.000 lr=5.685e-04 time=0.091s
[RQ-VAE] epoch=1324 loss=0.00032366 recon=0.00007216 beh=0.000000 w=0.000 lr=5.681e-04 time=0.092s
[RQ-VAE] epoch=1325 loss=0.00032134 recon=0.00007211 beh=0.000000 w=0.000 lr=5.678e-04 time=0.092s
[RQ-VAE] epoch=1326 loss=0.00032200 recon=0.00007234 beh=0.000000 w=0.000 lr=5.675e-04 time=0.093s
[RQ-VAE] epoch=1327 loss=0.00032188 recon=0.00007215 beh=0.000000 w=0.000 lr=5.671e-04 time=0.092s
[RQ-VAE] epoch=1328 loss=0.00032114 recon=0.00007202 beh=0.000000 w=0.000 lr=5.668e-04 time=0.187s
[RQ-VAE] epoch=1329 loss=0.00031969 recon=0.00007215 beh=0.000000 w=0.000 lr=5.664e-04 time=0.093s
[RQ-VAE] epoch=1330 loss=0.00032041 recon=0.00007213 beh=0.000000 w=0.000 lr=5.661e-04 time=0.092s
[RQ-VAE] epoch=1331 loss=0.00032095 recon=0.00007213 beh=0.000000 w=0.000 lr=5.658e-04 time=0.092s
[RQ-VAE] epoch=1332 loss=0.00032073 recon=0.00007237 beh=0.000000 w=0.000 lr=5.654e-04 time=0.093s
[RQ-VAE] epoch=1333 loss=0.00032010 recon=0.00007241 beh=0.000000 w=0.000 lr=5.651e-04 time=0.093s
[RQ-VAE] epoch=1334 loss=0.00032013 recon=0.00007198 beh=0.000000 w=0.000 lr=5.647e-04 time=0.092s
[RQ-VAE] epoch=1335 loss=0.00032080 recon=0.00007213 beh=0.000000 w=0.000 lr=5.644e-04 time=0.092s
[RQ-VAE] epoch=1336 loss=0.00031972 recon=0.00007211 beh=0.000000 w=0.000 lr=5.641e-04 time=0.093s
[RQ-VAE] epoch=1337 loss=0.00031899 recon=0.00007189 beh=0.000000 w=0.000 lr=5.637e-04 time=0.092s
[RQ-VAE] epoch=1338 loss=0.00031912 recon=0.00007185 beh=0.000000 w=0.000 lr=5.634e-04 time=0.092s
[RQ-VAE] epoch=1339 loss=0.00031982 recon=0.00007207 beh=0.000000 w=0.000 lr=5.631e-04 time=0.092s
[RQ-VAE] epoch=1340 loss=0.00031880 recon=0.00007195 beh=0.000000 w=0.000 lr=5.627e-04 time=0.093s
[RQ-VAE] epoch=1341 loss=0.00031881 recon=0.00007202 beh=0.000000 w=0.000 lr=5.624e-04 time=0.092s
[RQ-VAE] epoch=1342 loss=0.00031970 recon=0.00007188 beh=0.000000 w=0.000 lr=5.620e-04 time=0.092s
[RQ-VAE] epoch=1343 loss=0.00031677 recon=0.00007192 beh=0.000000 w=0.000 lr=5.617e-04 time=0.093s
[RQ-VAE] epoch=1344 loss=0.00031729 recon=0.00007208 beh=0.000000 w=0.000 lr=5.614e-04 time=0.092s
[RQ-VAE] epoch=1345 loss=0.00031873 recon=0.00007201 beh=0.000000 w=0.000 lr=5.610e-04 time=0.092s
[RQ-VAE] epoch=1346 loss=0.00031833 recon=0.00007193 beh=0.000000 w=0.000 lr=5.607e-04 time=0.092s
[RQ-VAE] epoch=1347 loss=0.00031860 recon=0.00007192 beh=0.000000 w=0.000 lr=5.603e-04 time=0.181s
[RQ-VAE] epoch=1348 loss=0.00031755 recon=0.00007201 beh=0.000000 w=0.000 lr=5.600e-04 time=0.091s
[RQ-VAE] epoch=1349 loss=0.00031929 recon=0.00007197 beh=0.000000 w=0.000 lr=5.597e-04 time=0.094s
[RQ-VAE] epoch=1350 loss=0.00031934 recon=0.00007208 lr=5.593e-04 raw_unique=20349/24587 collision=0.172368 time=0.093s
[RQ-VAE] epoch=1351 loss=0.00031841 recon=0.00007205 beh=0.000000 w=0.000 lr=5.590e-04 time=0.094s
[RQ-VAE] epoch=1352 loss=0.00031715 recon=0.00007195 beh=0.000000 w=0.000 lr=5.586e-04 time=0.092s
[RQ-VAE] epoch=1353 loss=0.00031913 recon=0.00007182 beh=0.000000 w=0.000 lr=5.583e-04 time=0.093s
[RQ-VAE] epoch=1354 loss=0.00031662 recon=0.00007192 beh=0.000000 w=0.000 lr=5.580e-04 time=0.093s
[RQ-VAE] epoch=1355 loss=0.00031831 recon=0.00007192 beh=0.000000 w=0.000 lr=5.576e-04 time=0.093s
[RQ-VAE] epoch=1356 loss=0.00031958 recon=0.00007199 beh=0.000000 w=0.000 lr=5.573e-04 time=0.093s
[RQ-VAE] epoch=1357 loss=0.00031917 recon=0.00007185 beh=0.000000 w=0.000 lr=5.569e-04 time=0.093s
[RQ-VAE] epoch=1358 loss=0.00031872 recon=0.00007191 beh=0.000000 w=0.000 lr=5.566e-04 time=0.092s
[RQ-VAE] epoch=1359 loss=0.00032037 recon=0.00007177 beh=0.000000 w=0.000 lr=5.563e-04 time=0.092s
[RQ-VAE] epoch=1360 loss=0.00032056 recon=0.00007184 beh=0.000000 w=0.000 lr=5.559e-04 time=0.092s
[RQ-VAE] epoch=1361 loss=0.00031997 recon=0.00007195 beh=0.000000 w=0.000 lr=5.556e-04 time=0.093s
[RQ-VAE] epoch=1362 loss=0.00031867 recon=0.00007190 beh=0.000000 w=0.000 lr=5.553e-04 time=0.181s
[RQ-VAE] epoch=1363 loss=0.00031893 recon=0.00007184 beh=0.000000 w=0.000 lr=5.549e-04 time=0.093s
[RQ-VAE] epoch=1364 loss=0.00031971 recon=0.00007180 beh=0.000000 w=0.000 lr=5.546e-04 time=0.091s
[RQ-VAE] epoch=1365 loss=0.00032143 recon=0.00007171 beh=0.000000 w=0.000 lr=5.542e-04 time=0.093s
[RQ-VAE] epoch=1366 loss=0.00032059 recon=0.00007188 beh=0.000000 w=0.000 lr=5.539e-04 time=0.095s
[RQ-VAE] epoch=1367 loss=0.00031857 recon=0.00007189 beh=0.000000 w=0.000 lr=5.536e-04 time=0.094s
[RQ-VAE] epoch=1368 loss=0.00031933 recon=0.00007183 beh=0.000000 w=0.000 lr=5.532e-04 time=0.093s
[RQ-VAE] epoch=1369 loss=0.00032109 recon=0.00007185 beh=0.000000 w=0.000 lr=5.529e-04 time=0.093s
[RQ-VAE] epoch=1370 loss=0.00031957 recon=0.00007176 beh=0.000000 w=0.000 lr=5.525e-04 time=0.093s
[RQ-VAE] epoch=1371 loss=0.00031975 recon=0.00007184 beh=0.000000 w=0.000 lr=5.522e-04 time=0.093s
[RQ-VAE] epoch=1372 loss=0.00032029 recon=0.00007189 beh=0.000000 w=0.000 lr=5.519e-04 time=0.093s
[RQ-VAE] epoch=1373 loss=0.00032054 recon=0.00007179 beh=0.000000 w=0.000 lr=5.515e-04 time=0.094s
[RQ-VAE] epoch=1374 loss=0.00032082 recon=0.00007175 beh=0.000000 w=0.000 lr=5.512e-04 time=0.093s
[RQ-VAE] epoch=1375 loss=0.00032201 recon=0.00007174 beh=0.000000 w=0.000 lr=5.508e-04 time=0.094s
[RQ-VAE] epoch=1376 loss=0.00032107 recon=0.00007192 beh=0.000000 w=0.000 lr=5.505e-04 time=0.093s
[RQ-VAE] epoch=1377 loss=0.00032038 recon=0.00007171 beh=0.000000 w=0.000 lr=5.502e-04 time=0.094s
[RQ-VAE] epoch=1378 loss=0.00032032 recon=0.00007187 beh=0.000000 w=0.000 lr=5.498e-04 time=0.093s
[RQ-VAE] epoch=1379 loss=0.00032190 recon=0.00007208 beh=0.000000 w=0.000 lr=5.495e-04 time=0.092s
[RQ-VAE] epoch=1380 loss=0.00032165 recon=0.00007182 beh=0.000000 w=0.000 lr=5.492e-04 time=0.093s
[RQ-VAE] epoch=1381 loss=0.00032293 recon=0.00007172 beh=0.000000 w=0.000 lr=5.488e-04 time=0.093s
[RQ-VAE] epoch=1382 loss=0.00032344 recon=0.00007185 beh=0.000000 w=0.000 lr=5.485e-04 time=0.093s
[RQ-VAE] epoch=1383 loss=0.00032365 recon=0.00007172 beh=0.000000 w=0.000 lr=5.481e-04 time=0.093s
[RQ-VAE] epoch=1384 loss=0.00032244 recon=0.00007169 beh=0.000000 w=0.000 lr=5.478e-04 time=0.092s
[RQ-VAE] epoch=1385 loss=0.00032058 recon=0.00007177 beh=0.000000 w=0.000 lr=5.475e-04 time=0.093s
[RQ-VAE] epoch=1386 loss=0.00032246 recon=0.00007192 beh=0.000000 w=0.000 lr=5.471e-04 time=0.092s
[RQ-VAE] epoch=1387 loss=0.00032325 recon=0.00007202 beh=0.000000 w=0.000 lr=5.468e-04 time=0.093s
[RQ-VAE] epoch=1388 loss=0.00032450 recon=0.00007179 beh=0.000000 w=0.000 lr=5.464e-04 time=0.094s
[RQ-VAE] epoch=1389 loss=0.00032264 recon=0.00007185 beh=0.000000 w=0.000 lr=5.461e-04 time=0.092s
[RQ-VAE] epoch=1390 loss=0.00032481 recon=0.00007188 beh=0.000000 w=0.000 lr=5.458e-04 time=0.092s
[RQ-VAE] epoch=1391 loss=0.00032259 recon=0.00007165 beh=0.000000 w=0.000 lr=5.454e-04 time=0.092s
[RQ-VAE] epoch=1392 loss=0.00032203 recon=0.00007185 beh=0.000000 w=0.000 lr=5.451e-04 time=0.093s
[RQ-VAE] epoch=1393 loss=0.00032285 recon=0.00007179 beh=0.000000 w=0.000 lr=5.447e-04 time=0.093s
[RQ-VAE] epoch=1394 loss=0.00032218 recon=0.00007193 beh=0.000000 w=0.000 lr=5.444e-04 time=0.092s
[RQ-VAE] epoch=1395 loss=0.00032303 recon=0.00007182 beh=0.000000 w=0.000 lr=5.441e-04 time=0.093s
[RQ-VAE] epoch=1396 loss=0.00032403 recon=0.00007181 beh=0.000000 w=0.000 lr=5.437e-04 time=0.093s
[RQ-VAE] epoch=1397 loss=0.00032287 recon=0.00007175 beh=0.000000 w=0.000 lr=5.434e-04 time=0.093s
[RQ-VAE] epoch=1398 loss=0.00032105 recon=0.00007178 beh=0.000000 w=0.000 lr=5.431e-04 time=0.093s
[RQ-VAE] epoch=1399 loss=0.00032164 recon=0.00007159 beh=0.000000 w=0.000 lr=5.427e-04 time=0.093s
[RQ-VAE] epoch=1400 loss=0.00032334 recon=0.00007171 lr=5.424e-04 raw_unique=20325/24587 collision=0.173344 time=0.093s
[RQ-VAE] epoch=1401 loss=0.00032247 recon=0.00007177 beh=0.000000 w=0.000 lr=5.420e-04 time=0.093s
[RQ-VAE] epoch=1402 loss=0.00032144 recon=0.00007182 beh=0.000000 w=0.000 lr=5.417e-04 time=0.092s
[RQ-VAE] epoch=1403 loss=0.00032061 recon=0.00007170 beh=0.000000 w=0.000 lr=5.414e-04 time=0.093s
[RQ-VAE] epoch=1404 loss=0.00032065 recon=0.00007180 beh=0.000000 w=0.000 lr=5.410e-04 time=0.093s
[RQ-VAE] epoch=1405 loss=0.00032121 recon=0.00007174 beh=0.000000 w=0.000 lr=5.407e-04 time=0.093s
[RQ-VAE] epoch=1406 loss=0.00032277 recon=0.00007153 beh=0.000000 w=0.000 lr=5.403e-04 time=0.095s
[RQ-VAE] epoch=1407 loss=0.00032183 recon=0.00007165 beh=0.000000 w=0.000 lr=5.400e-04 time=0.093s
[RQ-VAE] epoch=1408 loss=0.00032123 recon=0.00007173 beh=0.000000 w=0.000 lr=5.397e-04 time=0.092s
[RQ-VAE] epoch=1409 loss=0.00032313 recon=0.00007195 beh=0.000000 w=0.000 lr=5.393e-04 time=0.093s
[RQ-VAE] epoch=1410 loss=0.00032369 recon=0.00007172 beh=0.000000 w=0.000 lr=5.390e-04 time=0.093s
[RQ-VAE] epoch=1411 loss=0.00032245 recon=0.00007179 beh=0.000000 w=0.000 lr=5.386e-04 time=0.093s
[RQ-VAE] epoch=1412 loss=0.00032475 recon=0.00007170 beh=0.000000 w=0.000 lr=5.383e-04 time=0.092s
[RQ-VAE] epoch=1413 loss=0.00032364 recon=0.00007175 beh=0.000000 w=0.000 lr=5.380e-04 time=0.093s
[RQ-VAE] epoch=1414 loss=0.00032124 recon=0.00007180 beh=0.000000 w=0.000 lr=5.376e-04 time=0.092s
[RQ-VAE] epoch=1415 loss=0.00032248 recon=0.00007176 beh=0.000000 w=0.000 lr=5.373e-04 time=0.093s
[RQ-VAE] epoch=1416 loss=0.00032368 recon=0.00007177 beh=0.000000 w=0.000 lr=5.369e-04 time=0.093s
[RQ-VAE] epoch=1417 loss=0.00032311 recon=0.00007169 beh=0.000000 w=0.000 lr=5.366e-04 time=0.092s
[RQ-VAE] epoch=1418 loss=0.00032245 recon=0.00007165 beh=0.000000 w=0.000 lr=5.363e-04 time=0.093s
[RQ-VAE] epoch=1419 loss=0.00032285 recon=0.00007164 beh=0.000000 w=0.000 lr=5.359e-04 time=0.203s
[RQ-VAE] epoch=1420 loss=0.00032517 recon=0.00007160 beh=0.000000 w=0.000 lr=5.356e-04 time=0.092s
[RQ-VAE] epoch=1421 loss=0.00032303 recon=0.00007176 beh=0.000000 w=0.000 lr=5.353e-04 time=0.093s
[RQ-VAE] epoch=1422 loss=0.00032213 recon=0.00007180 beh=0.000000 w=0.000 lr=5.349e-04 time=0.093s
[RQ-VAE] epoch=1423 loss=0.00032230 recon=0.00007172 beh=0.000000 w=0.000 lr=5.346e-04 time=0.092s
[RQ-VAE] epoch=1424 loss=0.00032308 recon=0.00007175 beh=0.000000 w=0.000 lr=5.342e-04 time=0.091s
[RQ-VAE] epoch=1425 loss=0.00032203 recon=0.00007167 beh=0.000000 w=0.000 lr=5.339e-04 time=0.092s
[RQ-VAE] epoch=1426 loss=0.00032076 recon=0.00007164 beh=0.000000 w=0.000 lr=5.336e-04 time=0.093s
[RQ-VAE] epoch=1427 loss=0.00032099 recon=0.00007172 beh=0.000000 w=0.000 lr=5.332e-04 time=0.092s
[RQ-VAE] epoch=1428 loss=0.00032045 recon=0.00007169 beh=0.000000 w=0.000 lr=5.329e-04 time=0.092s
[RQ-VAE] epoch=1429 loss=0.00032082 recon=0.00007170 beh=0.000000 w=0.000 lr=5.325e-04 time=0.094s
[RQ-VAE] epoch=1430 loss=0.00032161 recon=0.00007166 beh=0.000000 w=0.000 lr=5.322e-04 time=0.096s
[RQ-VAE] epoch=1431 loss=0.00032100 recon=0.00007165 beh=0.000000 w=0.000 lr=5.319e-04 time=0.092s
[RQ-VAE] epoch=1432 loss=0.00031970 recon=0.00007178 beh=0.000000 w=0.000 lr=5.315e-04 time=0.094s
[RQ-VAE] epoch=1433 loss=0.00032019 recon=0.00007160 beh=0.000000 w=0.000 lr=5.312e-04 time=0.092s
[RQ-VAE] epoch=1434 loss=0.00032093 recon=0.00007178 beh=0.000000 w=0.000 lr=5.308e-04 time=0.092s
[RQ-VAE] epoch=1435 loss=0.00032123 recon=0.00007164 beh=0.000000 w=0.000 lr=5.305e-04 time=0.092s
[RQ-VAE] epoch=1436 loss=0.00032156 recon=0.00007171 beh=0.000000 w=0.000 lr=5.302e-04 time=0.092s
[RQ-VAE] epoch=1437 loss=0.00032033 recon=0.00007170 beh=0.000000 w=0.000 lr=5.298e-04 time=0.092s
[RQ-VAE] epoch=1438 loss=0.00032137 recon=0.00007148 beh=0.000000 w=0.000 lr=5.295e-04 time=0.093s
[RQ-VAE] epoch=1439 loss=0.00032120 recon=0.00007159 beh=0.000000 w=0.000 lr=5.292e-04 time=0.092s
[RQ-VAE] epoch=1440 loss=0.00032006 recon=0.00007154 beh=0.000000 w=0.000 lr=5.288e-04 time=0.093s
[RQ-VAE] epoch=1441 loss=0.00031961 recon=0.00007172 beh=0.000000 w=0.000 lr=5.285e-04 time=0.094s
[RQ-VAE] epoch=1442 loss=0.00032252 recon=0.00007187 beh=0.000000 w=0.000 lr=5.281e-04 time=0.093s
[RQ-VAE] epoch=1443 loss=0.00032106 recon=0.00007152 beh=0.000000 w=0.000 lr=5.278e-04 time=0.093s
[RQ-VAE] epoch=1444 loss=0.00032060 recon=0.00007145 beh=0.000000 w=0.000 lr=5.275e-04 time=0.094s
[RQ-VAE] epoch=1445 loss=0.00032150 recon=0.00007164 beh=0.000000 w=0.000 lr=5.271e-04 time=0.093s
[RQ-VAE] epoch=1446 loss=0.00032141 recon=0.00007163 beh=0.000000 w=0.000 lr=5.268e-04 time=0.093s
[RQ-VAE] epoch=1447 loss=0.00031998 recon=0.00007150 beh=0.000000 w=0.000 lr=5.264e-04 time=0.093s
[RQ-VAE] epoch=1448 loss=0.00031949 recon=0.00007144 beh=0.000000 w=0.000 lr=5.261e-04 time=0.211s
[RQ-VAE] epoch=1449 loss=0.00031870 recon=0.00007139 beh=0.000000 w=0.000 lr=5.258e-04 time=0.093s
[RQ-VAE] epoch=1450 loss=0.00031996 recon=0.00007139 lr=5.254e-04 raw_unique=20364/24587 collision=0.171757 time=0.092s
[RQ-VAE] epoch=1451 loss=0.00032117 recon=0.00007147 beh=0.000000 w=0.000 lr=5.251e-04 time=0.094s
[RQ-VAE] epoch=1452 loss=0.00032058 recon=0.00007151 beh=0.000000 w=0.000 lr=5.247e-04 time=0.093s
[RQ-VAE] epoch=1453 loss=0.00031935 recon=0.00007152 beh=0.000000 w=0.000 lr=5.244e-04 time=0.093s
[RQ-VAE] epoch=1454 loss=0.00032093 recon=0.00007140 beh=0.000000 w=0.000 lr=5.241e-04 time=0.093s
[RQ-VAE] epoch=1455 loss=0.00032225 recon=0.00007152 beh=0.000000 w=0.000 lr=5.237e-04 time=0.094s
[RQ-VAE] epoch=1456 loss=0.00032148 recon=0.00007150 beh=0.000000 w=0.000 lr=5.234e-04 time=0.092s
[RQ-VAE] epoch=1457 loss=0.00032074 recon=0.00007153 beh=0.000000 w=0.000 lr=5.231e-04 time=0.093s
[RQ-VAE] epoch=1458 loss=0.00032079 recon=0.00007124 beh=0.000000 w=0.000 lr=5.227e-04 time=0.093s
[RQ-VAE] epoch=1459 loss=0.00032039 recon=0.00007137 beh=0.000000 w=0.000 lr=5.224e-04 time=0.094s
[RQ-VAE] epoch=1460 loss=0.00032150 recon=0.00007139 beh=0.000000 w=0.000 lr=5.220e-04 time=0.093s
[RQ-VAE] epoch=1461 loss=0.00032008 recon=0.00007138 beh=0.000000 w=0.000 lr=5.217e-04 time=0.093s
[RQ-VAE] epoch=1462 loss=0.00031971 recon=0.00007134 beh=0.000000 w=0.000 lr=5.214e-04 time=0.093s
[RQ-VAE] epoch=1463 loss=0.00032063 recon=0.00007140 beh=0.000000 w=0.000 lr=5.210e-04 time=0.093s
[RQ-VAE] epoch=1464 loss=0.00032065 recon=0.00007144 beh=0.000000 w=0.000 lr=5.207e-04 time=0.093s
[RQ-VAE] epoch=1465 loss=0.00032216 recon=0.00007144 beh=0.000000 w=0.000 lr=5.203e-04 time=0.092s
[RQ-VAE] epoch=1466 loss=0.00032109 recon=0.00007120 beh=0.000000 w=0.000 lr=5.200e-04 time=0.094s
[RQ-VAE] epoch=1467 loss=0.00032044 recon=0.00007140 beh=0.000000 w=0.000 lr=5.197e-04 time=0.093s
[RQ-VAE] epoch=1468 loss=0.00032071 recon=0.00007140 beh=0.000000 w=0.000 lr=5.193e-04 time=0.229s
[RQ-VAE] epoch=1469 loss=0.00032126 recon=0.00007137 beh=0.000000 w=0.000 lr=5.190e-04 time=0.093s
[RQ-VAE] epoch=1470 loss=0.00032165 recon=0.00007123 beh=0.000000 w=0.000 lr=5.186e-04 time=0.094s
[RQ-VAE] epoch=1471 loss=0.00032041 recon=0.00007127 beh=0.000000 w=0.000 lr=5.183e-04 time=0.092s
[RQ-VAE] epoch=1472 loss=0.00031952 recon=0.00007147 beh=0.000000 w=0.000 lr=5.180e-04 time=0.094s
[RQ-VAE] epoch=1473 loss=0.00032033 recon=0.00007131 beh=0.000000 w=0.000 lr=5.176e-04 time=0.093s
[RQ-VAE] epoch=1474 loss=0.00032059 recon=0.00007125 beh=0.000000 w=0.000 lr=5.173e-04 time=0.092s
[RQ-VAE] epoch=1475 loss=0.00032237 recon=0.00007122 beh=0.000000 w=0.000 lr=5.169e-04 time=0.092s
[RQ-VAE] epoch=1476 loss=0.00032069 recon=0.00007126 beh=0.000000 w=0.000 lr=5.166e-04 time=0.092s
[RQ-VAE] epoch=1477 loss=0.00032002 recon=0.00007117 beh=0.000000 w=0.000 lr=5.163e-04 time=0.094s
[RQ-VAE] epoch=1478 loss=0.00032043 recon=0.00007126 beh=0.000000 w=0.000 lr=5.159e-04 time=0.092s
[RQ-VAE] epoch=1479 loss=0.00032130 recon=0.00007119 beh=0.000000 w=0.000 lr=5.156e-04 time=0.092s
[RQ-VAE] epoch=1480 loss=0.00032204 recon=0.00007108 beh=0.000000 w=0.000 lr=5.153e-04 time=0.093s
[RQ-VAE] epoch=1481 loss=0.00032117 recon=0.00007135 beh=0.000000 w=0.000 lr=5.149e-04 time=0.092s
[RQ-VAE] epoch=1482 loss=0.00032109 recon=0.00007122 beh=0.000000 w=0.000 lr=5.146e-04 time=0.092s
[RQ-VAE] epoch=1483 loss=0.00032057 recon=0.00007123 beh=0.000000 w=0.000 lr=5.142e-04 time=0.195s
[RQ-VAE] epoch=1484 loss=0.00032161 recon=0.00007137 beh=0.000000 w=0.000 lr=5.139e-04 time=0.092s
[RQ-VAE] epoch=1485 loss=0.00032119 recon=0.00007119 beh=0.000000 w=0.000 lr=5.136e-04 time=0.091s
[RQ-VAE] epoch=1486 loss=0.00032040 recon=0.00007121 beh=0.000000 w=0.000 lr=5.132e-04 time=0.091s
[RQ-VAE] epoch=1487 loss=0.00032045 recon=0.00007113 beh=0.000000 w=0.000 lr=5.129e-04 time=0.091s
[RQ-VAE] epoch=1488 loss=0.00031891 recon=0.00007126 beh=0.000000 w=0.000 lr=5.125e-04 time=0.091s
[RQ-VAE] epoch=1489 loss=0.00031934 recon=0.00007120 beh=0.000000 w=0.000 lr=5.122e-04 time=0.092s
[RQ-VAE] epoch=1490 loss=0.00031957 recon=0.00007112 beh=0.000000 w=0.000 lr=5.119e-04 time=0.094s
[RQ-VAE] epoch=1491 loss=0.00031845 recon=0.00007109 beh=0.000000 w=0.000 lr=5.115e-04 time=0.095s
[RQ-VAE] epoch=1492 loss=0.00031893 recon=0.00007108 beh=0.000000 w=0.000 lr=5.112e-04 time=0.092s
[RQ-VAE] epoch=1493 loss=0.00031879 recon=0.00007112 beh=0.000000 w=0.000 lr=5.108e-04 time=0.092s
[RQ-VAE] epoch=1494 loss=0.00031903 recon=0.00007123 beh=0.000000 w=0.000 lr=5.105e-04 time=0.094s
[RQ-VAE] epoch=1495 loss=0.00031989 recon=0.00007116 beh=0.000000 w=0.000 lr=5.102e-04 time=0.093s
[RQ-VAE] epoch=1496 loss=0.00032021 recon=0.00007121 beh=0.000000 w=0.000 lr=5.098e-04 time=0.092s
[RQ-VAE] epoch=1497 loss=0.00031857 recon=0.00007110 beh=0.000000 w=0.000 lr=5.095e-04 time=0.092s
[RQ-VAE] epoch=1498 loss=0.00031749 recon=0.00007110 beh=0.000000 w=0.000 lr=5.092e-04 time=0.092s
[RQ-VAE] epoch=1499 loss=0.00031934 recon=0.00007117 beh=0.000000 w=0.000 lr=5.088e-04 time=0.093s
[RQ-VAE] epoch=1500 loss=0.00032096 recon=0.00007103 lr=5.085e-04 raw_unique=20253/24587 collision=0.176272 time=0.093s
/home/wlia0047/ar57_scratch/wenyu/genrec_env_v2/lib64/python3.9/site-packages/torch/functional.py:1510: UserWarning: Deterministic behavior was enabled with either `torch.use_deterministic_algorithms(True)` or `at::Context::setDeterministicAlgorithms(true)`, but this operation is not deterministic because it uses CuBLAS and you have CUDA >= 10.2. To enable deterministic behavior in this case, you must set an environment variable before running your PyTorch application: CUBLAS_WORKSPACE_CONFIG=:4096:8 or CUBLAS_WORKSPACE_CONFIG=:16:8. For more information, go to https://docs.nvidia.com/cuda/cublas/index.html#results-reproducibility (Triggered internally at /pytorch/aten/src/ATen/Context.cpp:233.)
  return _VF.cdist(x1, x2, p, None)  # type: ignore[attr-defined]
/home/wlia0047/ar57_scratch/wenyu/genrec_env_v2/lib64/python3.9/site-packages/torch/functional.py:1510: UserWarning: Deterministic behavior was enabled with either `torch.use_deterministic_algorithms(True)` or `at::Context::setDeterministicAlgorithms(true)`, but this operation is not deterministic because it uses CuBLAS and you have CUDA >= 10.2. To enable deterministic behavior in this case, you must set an environment variable before running your PyTorch application: CUBLAS_WORKSPACE_CONFIG=:4096:8 or CUBLAS_WORKSPACE_CONFIG=:16:8. For more information, go to https://docs.nvidia.com/cuda/cublas/index.html#results-reproducibility (Triggered internally at /pytorch/aten/src/ATen/Context.cpp:233.)
  return _VF.cdist(x1, x2, p, None)  # type: ignore[attr-defined]
/home/wlia0047/ar57_scratch/wenyu/genrec_env_v2/lib64/python3.9/site-packages/torch/functional.py:1510: UserWarning: Deterministic behavior was enabled with either `torch.use_deterministic_algorithms(True)` or `at::Context::setDeterministicAlgorithms(true)`, but this operation is not deterministic because it uses CuBLAS and you have CUDA >= 10.2. To enable deterministic behavior in this case, you must set an environment variable before running your PyTorch application: CUBLAS_WORKSPACE_CONFIG=:4096:8 or CUBLAS_WORKSPACE_CONFIG=:16:8. For more information, go to https://docs.nvidia.com/cuda/cublas/index.html#results-reproducibility (Triggered internally at /pytorch/aten/src/ATen/Context.cpp:233.)
  return _VF.cdist(x1, x2, p, None)  # type: ignore[attr-defined]
/home/wlia0047/ar57_scratch/wenyu/genrec_env_v2/lib64/python3.9/site-packages/torch/functional.py:1510: UserWarning: Deterministic behavior was enabled with either `torch.use_deterministic_algorithms(True)` or `at::Context::setDeterministicAlgorithms(true)`, but this operation is not deterministic because it uses CuBLAS and you have CUDA >= 10.2. To enable deterministic behavior in this case, you must set an environment variable before running your PyTorch application: CUBLAS_WORKSPACE_CONFIG=:4096:8 or CUBLAS_WORKSPACE_CONFIG=:16:8. For more information, go to https://docs.nvidia.com/cuda/cublas/index.html#results-reproducibility (Triggered internally at /pytorch/aten/src/ATen/Context.cpp:233.)
  return _VF.cdist(x1, x2, p, None)  # type: ignore[attr-defined]
[RQ-VAE] epoch=1501 loss=0.00115102 recon=0.00007118 beh=6.222876 w=0.000 lr=5.081e-04 time=5.397s
[RQ-VAE] epoch=1502 loss=0.00197249 recon=0.00007284 beh=6.188249 w=0.000 lr=5.078e-04 time=0.181s
[RQ-VAE] epoch=1503 loss=0.00278822 recon=0.00007603 beh=6.163055 w=0.000 lr=5.075e-04 time=0.164s
[RQ-VAE] epoch=1504 loss=0.00360425 recon=0.00007878 beh=6.149497 w=0.001 lr=5.071e-04 time=0.167s
[RQ-VAE] epoch=1505 loss=0.00440969 recon=0.00008149 beh=6.126370 w=0.001 lr=5.068e-04 time=0.163s
[RQ-VAE] epoch=1506 loss=0.00521404 recon=0.00008478 beh=6.116381 w=0.001 lr=5.064e-04 time=0.163s
[RQ-VAE] epoch=1507 loss=0.00602362 recon=0.00008643 beh=6.105875 w=0.001 lr=5.061e-04 time=0.163s
[RQ-VAE] epoch=1508 loss=0.00682288 recon=0.00008919 beh=6.089639 w=0.001 lr=5.058e-04 time=0.163s
[RQ-VAE] epoch=1509 loss=0.00763620 recon=0.00009182 beh=6.086405 w=0.001 lr=5.054e-04 time=0.165s
[RQ-VAE] epoch=1510 loss=0.00844636 recon=0.00009353 beh=6.086412 w=0.001 lr=5.051e-04 time=0.162s
[RQ-VAE] epoch=1511 loss=0.00923984 recon=0.00009426 beh=6.077818 w=0.001 lr=5.047e-04 time=0.163s
[RQ-VAE] epoch=1512 loss=0.01004734 recon=0.00009575 beh=6.071994 w=0.002 lr=5.044e-04 time=0.162s
[RQ-VAE] epoch=1513 loss=0.01085826 recon=0.00009687 beh=6.064089 w=0.002 lr=5.041e-04 time=0.162s
[RQ-VAE] epoch=1514 loss=0.01165447 recon=0.00009897 beh=6.060089 w=0.002 lr=5.037e-04 time=0.161s
[RQ-VAE] epoch=1515 loss=0.01244573 recon=0.00009961 beh=6.048199 w=0.002 lr=5.034e-04 time=0.162s
[RQ-VAE] epoch=1516 loss=0.01327211 recon=0.00009978 beh=6.055936 w=0.002 lr=5.031e-04 time=0.165s
[RQ-VAE] epoch=1517 loss=0.01405135 recon=0.00010221 beh=6.041510 w=0.002 lr=5.027e-04 time=0.162s
[RQ-VAE] epoch=1518 loss=0.01486031 recon=0.00010385 beh=6.038820 w=0.002 lr=5.024e-04 time=0.163s
[RQ-VAE] epoch=1519 loss=0.01566354 recon=0.00010434 beh=6.037883 w=0.003 lr=5.020e-04 time=0.162s
[RQ-VAE] epoch=1520 loss=0.01646071 recon=0.00010548 beh=6.033365 w=0.003 lr=5.017e-04 time=0.161s
[RQ-VAE] epoch=1521 loss=0.01728929 recon=0.00010627 beh=6.041114 w=0.003 lr=5.014e-04 time=0.161s
[RQ-VAE] epoch=1522 loss=0.01804209 recon=0.00010632 beh=6.019568 w=0.003 lr=5.010e-04 time=0.161s
[RQ-VAE] epoch=1523 loss=0.01890523 recon=0.00010797 beh=6.039170 w=0.003 lr=5.007e-04 time=0.164s
[RQ-VAE] epoch=1524 loss=0.01970138 recon=0.00010824 beh=6.034097 w=0.003 lr=5.003e-04 time=0.162s
[RQ-VAE] epoch=1525 loss=0.02048634 recon=0.00010880 beh=6.027044 w=0.003 lr=5.000e-04 time=0.164s
[RQ-VAE] epoch=1526 loss=0.02126247 recon=0.00011007 beh=6.018705 w=0.003 lr=4.997e-04 time=0.162s
[RQ-VAE] epoch=1527 loss=0.02205105 recon=0.00010991 beh=6.013639 w=0.004 lr=4.993e-04 time=0.162s
[RQ-VAE] epoch=1528 loss=0.02287572 recon=0.00010989 beh=6.017263 w=0.004 lr=4.990e-04 time=0.165s
[RQ-VAE] epoch=1529 loss=0.02368289 recon=0.00011171 beh=6.018228 w=0.004 lr=4.986e-04 time=0.163s
[RQ-VAE] epoch=1530 loss=0.02452241 recon=0.00011183 beh=6.026167 w=0.004 lr=4.983e-04 time=0.161s
[RQ-VAE] epoch=1531 loss=0.02522784 recon=0.00011125 beh=6.003484 w=0.004 lr=4.980e-04 time=0.161s
[RQ-VAE] epoch=1532 loss=0.02605722 recon=0.00011322 beh=6.009669 w=0.004 lr=4.976e-04 time=0.161s
[RQ-VAE] epoch=1533 loss=0.02686012 recon=0.00011213 beh=6.008642 w=0.004 lr=4.973e-04 time=0.16s
[RQ-VAE] epoch=1534 loss=0.02764047 recon=0.00011342 beh=6.004608 w=0.005 lr=4.969e-04 time=0.161s
[RQ-VAE] epoch=1535 loss=0.02847166 recon=0.00011522 beh=6.011735 w=0.005 lr=4.966e-04 time=0.161s
[RQ-VAE] epoch=1536 loss=0.02926258 recon=0.00011355 beh=6.007204 w=0.005 lr=4.963e-04 time=0.161s
[RQ-VAE] epoch=1537 loss=0.03006940 recon=0.00011365 beh=6.009593 w=0.005 lr=4.959e-04 time=0.161s
[RQ-VAE] epoch=1538 loss=0.03081790 recon=0.00011457 beh=5.996527 w=0.005 lr=4.956e-04 time=0.161s
[RQ-VAE] epoch=1539 loss=0.03166652 recon=0.00011478 beh=6.007350 w=0.005 lr=4.953e-04 time=0.161s
[RQ-VAE] epoch=1540 loss=0.03247708 recon=0.00011413 beh=6.010550 w=0.005 lr=4.949e-04 time=0.282s
[RQ-VAE] epoch=1541 loss=0.03320600 recon=0.00011413 beh=5.993008 w=0.005 lr=4.946e-04 time=0.161s
[RQ-VAE] epoch=1542 loss=0.03404206 recon=0.00011519 beh=6.000105 w=0.006 lr=4.942e-04 time=0.161s
[RQ-VAE] epoch=1543 loss=0.03483862 recon=0.00011598 beh=6.000735 w=0.006 lr=4.939e-04 time=0.161s
[RQ-VAE] epoch=1544 loss=0.03557431 recon=0.00011458 beh=5.989096 w=0.006 lr=4.936e-04 time=0.162s
[RQ-VAE] epoch=1545 loss=0.03645298 recon=0.00011529 beh=6.004269 w=0.006 lr=4.932e-04 time=0.164s
[RQ-VAE] epoch=1546 loss=0.03716879 recon=0.00011701 beh=5.989431 w=0.006 lr=4.929e-04 time=0.162s
[RQ-VAE] epoch=1547 loss=0.03797892 recon=0.00011683 beh=5.989106 w=0.006 lr=4.925e-04 time=0.163s
[RQ-VAE] epoch=1548 loss=0.03880586 recon=0.00011575 beh=5.994206 w=0.006 lr=4.922e-04 time=0.163s
[RQ-VAE] epoch=1549 loss=0.03962813 recon=0.00011684 beh=5.997011 w=0.007 lr=4.919e-04 time=0.162s
[RQ-VAE] epoch=1550 loss=0.04037394 recon=0.00011720 lr=4.915e-04 raw_unique=21763/24587 collision=0.114857 time=0.161s
[RQ-VAE] epoch=1551 loss=0.04123054 recon=0.00011776 beh=5.998181 w=0.007 lr=4.912e-04 time=0.164s
[RQ-VAE] epoch=1552 loss=0.04194336 recon=0.00011646 beh=5.984516 w=0.007 lr=4.908e-04 time=0.162s
[RQ-VAE] epoch=1553 loss=0.04266533 recon=0.00011921 beh=5.975189 w=0.007 lr=4.905e-04 time=0.163s
[RQ-VAE] epoch=1554 loss=0.04355360 recon=0.00011788 beh=5.985684 w=0.007 lr=4.902e-04 time=0.162s
[RQ-VAE] epoch=1555 loss=0.04430423 recon=0.00011678 beh=5.980830 w=0.007 lr=4.898e-04 time=0.165s
[RQ-VAE] epoch=1556 loss=0.04511122 recon=0.00011740 beh=5.985405 w=0.007 lr=4.895e-04 time=0.164s
[RQ-VAE] epoch=1557 loss=0.04592721 recon=0.00011739 beh=5.984930 w=0.008 lr=4.892e-04 time=0.162s
[RQ-VAE] epoch=1558 loss=0.04673877 recon=0.00011739 beh=5.986340 w=0.008 lr=4.888e-04 time=0.165s
[RQ-VAE] epoch=1559 loss=0.04748750 recon=0.00011815 beh=5.978333 w=0.008 lr=4.885e-04 time=0.162s
[RQ-VAE] epoch=1560 loss=0.04829706 recon=0.00011840 beh=5.980389 w=0.008 lr=4.881e-04 time=0.163s
[RQ-VAE] epoch=1561 loss=0.04912303 recon=0.00011713 beh=5.984352 w=0.008 lr=4.878e-04 time=0.163s
[RQ-VAE] epoch=1562 loss=0.04982036 recon=0.00011881 beh=5.971769 w=0.008 lr=4.875e-04 time=0.163s
[RQ-VAE] epoch=1563 loss=0.05062087 recon=0.00011839 beh=5.971037 w=0.008 lr=4.871e-04 time=0.162s
[RQ-VAE] epoch=1564 loss=0.05142498 recon=0.00011850 beh=5.972204 w=0.009 lr=4.868e-04 time=0.162s
[RQ-VAE] epoch=1565 loss=0.05230585 recon=0.00011880 beh=5.982025 w=0.009 lr=4.864e-04 time=0.167s
[RQ-VAE] epoch=1566 loss=0.05304358 recon=0.00012091 beh=5.975755 w=0.009 lr=4.861e-04 time=0.162s
[RQ-VAE] epoch=1567 loss=0.05391532 recon=0.00012051 beh=5.982708 w=0.009 lr=4.858e-04 time=0.162s
[RQ-VAE] epoch=1568 loss=0.05475556 recon=0.00011979 beh=5.987516 w=0.009 lr=4.854e-04 time=0.163s
[RQ-VAE] epoch=1569 loss=0.05552065 recon=0.00011990 beh=5.983710 w=0.009 lr=4.851e-04 time=0.282s
[RQ-VAE] epoch=1570 loss=0.05619242 recon=0.00011872 beh=5.970887 w=0.009 lr=4.847e-04 time=0.162s
[RQ-VAE] epoch=1571 loss=0.05707403 recon=0.00011950 beh=5.979994 w=0.009 lr=4.844e-04 time=0.162s
[RQ-VAE] epoch=1572 loss=0.05779652 recon=0.00012019 beh=5.973051 w=0.010 lr=4.841e-04 time=0.163s
[RQ-VAE] epoch=1573 loss=0.05853857 recon=0.00012053 beh=5.966934 w=0.010 lr=4.837e-04 time=0.162s
[RQ-VAE] epoch=1574 loss=0.05936979 recon=0.00012067 beh=5.970979 w=0.010 lr=4.834e-04 time=0.163s
[RQ-VAE] epoch=1575 loss=0.06025366 recon=0.00012084 beh=5.979347 w=0.010 lr=4.831e-04 time=0.162s
[RQ-VAE] epoch=1576 loss=0.06106972 recon=0.00012174 beh=5.981017 w=0.010 lr=4.827e-04 time=0.162s
[RQ-VAE] epoch=1577 loss=0.06178615 recon=0.00012290 beh=5.972185 w=0.010 lr=4.824e-04 time=0.161s
[RQ-VAE] epoch=1578 loss=0.06261247 recon=0.00012061 beh=5.973951 w=0.010 lr=4.820e-04 time=0.163s
[RQ-VAE] epoch=1579 loss=0.06339452 recon=0.00012203 beh=5.974593 w=0.011 lr=4.817e-04 time=0.163s
[RQ-VAE] epoch=1580 loss=0.06408201 recon=0.00012086 beh=5.964108 w=0.011 lr=4.814e-04 time=0.162s
[RQ-VAE] epoch=1581 loss=0.06494336 recon=0.00012066 beh=5.970994 w=0.011 lr=4.810e-04 time=0.162s
[RQ-VAE] epoch=1582 loss=0.06570002 recon=0.00012064 beh=5.966474 w=0.011 lr=4.807e-04 time=0.162s
[RQ-VAE] epoch=1583 loss=0.06663900 recon=0.00012147 beh=5.979664 w=0.011 lr=4.803e-04 time=0.163s
[RQ-VAE] epoch=1584 loss=0.06731416 recon=0.00012131 beh=5.968897 w=0.011 lr=4.800e-04 time=0.165s
[RQ-VAE] epoch=1585 loss=0.06816569 recon=0.00012082 beh=5.973550 w=0.011 lr=4.797e-04 time=0.169s
[RQ-VAE] epoch=1586 loss=0.06888300 recon=0.00012073 beh=5.966257 w=0.011 lr=4.793e-04 time=0.162s
[RQ-VAE] epoch=1587 loss=0.06972172 recon=0.00012060 beh=5.970705 w=0.012 lr=4.790e-04 time=0.162s
[RQ-VAE] epoch=1588 loss=0.07048712 recon=0.00011994 beh=5.969205 w=0.012 lr=4.786e-04 time=0.162s
[RQ-VAE] epoch=1589 loss=0.07118392 recon=0.00012049 beh=5.958406 w=0.012 lr=4.783e-04 time=0.257s
[RQ-VAE] epoch=1590 loss=0.07201591 recon=0.00012195 beh=5.960476 w=0.012 lr=4.780e-04 time=0.163s
[RQ-VAE] epoch=1591 loss=0.07293469 recon=0.00012241 beh=5.971372 w=0.012 lr=4.776e-04 time=0.165s
[RQ-VAE] epoch=1592 loss=0.07365926 recon=0.00012275 beh=5.966600 w=0.012 lr=4.773e-04 time=0.166s
[RQ-VAE] epoch=1593 loss=0.07445489 recon=0.00012229 beh=5.965528 w=0.012 lr=4.769e-04 time=0.162s
[RQ-VAE] epoch=1594 loss=0.07525861 recon=0.00012309 beh=5.967274 w=0.013 lr=4.766e-04 time=0.164s
[RQ-VAE] epoch=1595 loss=0.07601232 recon=0.00012250 beh=5.964229 w=0.013 lr=4.763e-04 time=0.162s
[RQ-VAE] epoch=1596 loss=0.07672540 recon=0.00012240 beh=5.956379 w=0.013 lr=4.759e-04 time=0.163s
[RQ-VAE] epoch=1597 loss=0.07747618 recon=0.00012220 beh=5.952120 w=0.013 lr=4.756e-04 time=0.163s
[RQ-VAE] epoch=1598 loss=0.07842887 recon=0.00012419 beh=5.965244 w=0.013 lr=4.753e-04 time=0.161s
[RQ-VAE] epoch=1599 loss=0.07897383 recon=0.00012329 beh=5.944974 w=0.013 lr=4.749e-04 time=0.161s
[RQ-VAE] epoch=1600 loss=0.08008755 recon=0.00012360 lr=4.746e-04 raw_unique=22782/24587 collision=0.073413 time=0.163s
[RQ-VAE] epoch=1601 loss=0.08069056 recon=0.00012368 beh=5.956393 w=0.013 lr=4.742e-04 time=0.164s
[RQ-VAE] epoch=1602 loss=0.08148755 recon=0.00012389 beh=5.954585 w=0.014 lr=4.739e-04 time=0.165s
[RQ-VAE] epoch=1603 loss=0.08226556 recon=0.00012419 beh=5.954454 w=0.014 lr=4.736e-04 time=0.162s
[RQ-VAE] epoch=1604 loss=0.08309448 recon=0.00012404 beh=5.957257 w=0.014 lr=4.732e-04 time=0.281s
[RQ-VAE] epoch=1605 loss=0.08400259 recon=0.00012380 beh=5.964879 w=0.014 lr=4.729e-04 time=0.161s
[RQ-VAE] epoch=1606 loss=0.08465514 recon=0.00012492 beh=5.955185 w=0.014 lr=4.725e-04 time=0.16s
[RQ-VAE] epoch=1607 loss=0.08541135 recon=0.00012516 beh=5.953262 w=0.014 lr=4.722e-04 time=0.162s
[RQ-VAE] epoch=1608 loss=0.08635861 recon=0.00012443 beh=5.962466 w=0.014 lr=4.719e-04 time=0.161s
[RQ-VAE] epoch=1609 loss=0.08706252 recon=0.00012409 beh=5.956612 w=0.015 lr=4.715e-04 time=0.16s
[RQ-VAE] epoch=1610 loss=0.08781971 recon=0.00012388 beh=5.954399 w=0.015 lr=4.712e-04 time=0.161s
[RQ-VAE] epoch=1611 loss=0.08858553 recon=0.00012413 beh=5.951952 w=0.015 lr=4.708e-04 time=0.16s
[RQ-VAE] epoch=1612 loss=0.08946175 recon=0.00012333 beh=5.958369 w=0.015 lr=4.705e-04 time=0.164s
[RQ-VAE] epoch=1613 loss=0.09026556 recon=0.00012419 beh=5.958462 w=0.015 lr=4.702e-04 time=0.164s
[RQ-VAE] epoch=1614 loss=0.09097410 recon=0.00012402 beh=5.951967 w=0.015 lr=4.698e-04 time=0.161s
[RQ-VAE] epoch=1615 loss=0.09183531 recon=0.00012454 beh=5.957022 w=0.015 lr=4.695e-04 time=0.161s
[RQ-VAE] epoch=1616 loss=0.09246542 recon=0.00012582 beh=5.945923 w=0.015 lr=4.692e-04 time=0.161s
[RQ-VAE] epoch=1617 loss=0.09329960 recon=0.00012513 beh=5.948412 w=0.016 lr=4.688e-04 time=0.16s
[RQ-VAE] epoch=1618 loss=0.09424267 recon=0.00012454 beh=5.958571 w=0.016 lr=4.685e-04 time=0.164s
[RQ-VAE] epoch=1619 loss=0.09489462 recon=0.00012465 beh=5.949301 w=0.016 lr=4.681e-04 time=0.162s
[RQ-VAE] epoch=1620 loss=0.09572375 recon=0.00012519 beh=5.951347 w=0.016 lr=4.678e-04 time=0.16s
[RQ-VAE] epoch=1621 loss=0.09653750 recon=0.00012622 beh=5.953353 w=0.016 lr=4.675e-04 time=0.161s
[RQ-VAE] epoch=1622 loss=0.09745359 recon=0.00012534 beh=5.960180 w=0.016 lr=4.671e-04 time=0.164s
[RQ-VAE] epoch=1623 loss=0.09816741 recon=0.00012448 beh=5.955826 w=0.016 lr=4.668e-04 time=0.161s
[RQ-VAE] epoch=1624 loss=0.09895152 recon=0.00012424 beh=5.955706 w=0.017 lr=4.664e-04 time=0.161s
[RQ-VAE] epoch=1625 loss=0.09953234 recon=0.00012408 beh=5.942881 w=0.017 lr=4.661e-04 time=0.161s
[RQ-VAE] epoch=1626 loss=0.10037153 recon=0.00012478 beh=5.944456 w=0.017 lr=4.658e-04 time=0.161s
[RQ-VAE] epoch=1627 loss=0.10122139 recon=0.00012379 beh=5.948210 w=0.017 lr=4.654e-04 time=0.162s
[RQ-VAE] epoch=1628 loss=0.10207293 recon=0.00012495 beh=5.951585 w=0.017 lr=4.651e-04 time=0.161s
[RQ-VAE] epoch=1629 loss=0.10282893 recon=0.00012393 beh=5.949819 w=0.017 lr=4.647e-04 time=0.161s
[RQ-VAE] epoch=1630 loss=0.10365575 recon=0.00012475 beh=5.951651 w=0.017 lr=4.644e-04 time=0.162s
[RQ-VAE] epoch=1631 loss=0.10440798 recon=0.00012667 beh=5.949645 w=0.017 lr=4.641e-04 time=0.161s
[RQ-VAE] epoch=1632 loss=0.10524178 recon=0.00012542 beh=5.950808 w=0.018 lr=4.637e-04 time=0.16s
[RQ-VAE] epoch=1633 loss=0.10587003 recon=0.00012571 beh=5.941711 w=0.018 lr=4.634e-04 time=0.16s
[RQ-VAE] epoch=1634 loss=0.10680936 recon=0.00012598 beh=5.949578 w=0.018 lr=4.631e-04 time=0.163s
[RQ-VAE] epoch=1635 loss=0.10751776 recon=0.00012600 beh=5.945265 w=0.018 lr=4.627e-04 time=0.159s
[RQ-VAE] epoch=1636 loss=0.10844090 recon=0.00012573 beh=5.951992 w=0.018 lr=4.624e-04 time=0.16s
[RQ-VAE] epoch=1637 loss=0.10926694 recon=0.00012500 beh=5.954117 w=0.018 lr=4.620e-04 time=0.161s
[RQ-VAE] epoch=1638 loss=0.10995279 recon=0.00012586 beh=5.949083 w=0.018 lr=4.617e-04 time=0.16s
[RQ-VAE] epoch=1639 loss=0.11078310 recon=0.00012578 beh=5.950089 w=0.019 lr=4.614e-04 time=0.164s
[RQ-VAE] epoch=1640 loss=0.11118558 recon=0.00012451 beh=5.928956 w=0.019 lr=4.610e-04 time=0.161s
[RQ-VAE] epoch=1641 loss=0.11231089 recon=0.00012503 beh=5.947468 w=0.019 lr=4.607e-04 time=0.16s
[RQ-VAE] epoch=1642 loss=0.11294012 recon=0.00012554 beh=5.938689 w=0.019 lr=4.603e-04 time=0.16s
[RQ-VAE] epoch=1643 loss=0.11389336 recon=0.00012676 beh=5.947024 w=0.019 lr=4.600e-04 time=0.161s
[RQ-VAE] epoch=1644 loss=0.11467972 recon=0.00012621 beh=5.947107 w=0.019 lr=4.597e-04 time=0.162s
[RQ-VAE] epoch=1645 loss=0.11541563 recon=0.00012642 beh=5.942939 w=0.019 lr=4.593e-04 time=0.16s
[RQ-VAE] epoch=1646 loss=0.11604831 recon=0.00012578 beh=5.935124 w=0.019 lr=4.590e-04 time=0.159s
[RQ-VAE] epoch=1647 loss=0.11694055 recon=0.00012529 beh=5.940312 w=0.020 lr=4.586e-04 time=0.162s
[RQ-VAE] epoch=1648 loss=0.11798362 recon=0.00012641 beh=5.952507 w=0.020 lr=4.583e-04 time=0.162s
[RQ-VAE] epoch=1649 loss=0.11864089 recon=0.00012663 beh=5.946169 w=0.020 lr=4.580e-04 time=0.161s
[RQ-VAE] epoch=1650 loss=0.11940177 recon=0.00012715 lr=4.576e-04 raw_unique=23062/24587 collision=0.062025 time=0.158s
[RQ-VAE] epoch=1651 loss=0.12019574 recon=0.00012844 beh=5.944705 w=0.020 lr=4.573e-04 time=0.162s
[RQ-VAE] epoch=1652 loss=0.12100618 recon=0.00012850 beh=5.945005 w=0.020 lr=4.569e-04 time=0.159s
[RQ-VAE] epoch=1653 loss=0.12173804 recon=0.00012761 beh=5.942279 w=0.020 lr=4.566e-04 time=0.16s
[RQ-VAE] epoch=1654 loss=0.12264863 recon=0.00012694 beh=5.948548 w=0.021 lr=4.563e-04 time=0.161s
[RQ-VAE] epoch=1655 loss=0.12308046 recon=0.00012671 beh=5.930801 w=0.021 lr=4.559e-04 time=0.16s
[RQ-VAE] epoch=1656 loss=0.12405159 recon=0.00012750 beh=5.938805 w=0.021 lr=4.556e-04 time=0.161s
[RQ-VAE] epoch=1657 loss=0.12483974 recon=0.00012815 beh=5.938004 w=0.021 lr=4.553e-04 time=0.16s
[RQ-VAE] epoch=1658 loss=0.12572250 recon=0.00012825 beh=5.942889 w=0.021 lr=4.549e-04 time=0.16s
[RQ-VAE] epoch=1659 loss=0.12633242 recon=0.00012826 beh=5.934571 w=0.021 lr=4.546e-04 time=0.159s
[RQ-VAE] epoch=1660 loss=0.12747546 recon=0.00012883 beh=5.951015 w=0.021 lr=4.542e-04 time=0.162s
[RQ-VAE] epoch=1661 loss=0.12799415 recon=0.00012876 beh=5.938292 w=0.021 lr=4.539e-04 time=0.28s
[RQ-VAE] epoch=1662 loss=0.12849462 recon=0.00012834 beh=5.924201 w=0.022 lr=4.536e-04 time=0.161s
[RQ-VAE] epoch=1663 loss=0.12954526 recon=0.00012869 beh=5.936099 w=0.022 lr=4.532e-04 time=0.161s
[RQ-VAE] epoch=1664 loss=0.13044359 recon=0.00012890 beh=5.941492 w=0.022 lr=4.529e-04 time=0.161s
[RQ-VAE] epoch=1665 loss=0.13117096 recon=0.00012856 beh=5.938528 w=0.022 lr=4.525e-04 time=0.16s
[RQ-VAE] epoch=1666 loss=0.13197142 recon=0.00012815 beh=5.938560 w=0.022 lr=4.522e-04 time=0.161s
[RQ-VAE] epoch=1667 loss=0.13273084 recon=0.00012910 beh=5.936895 w=0.022 lr=4.519e-04 time=0.161s
[RQ-VAE] epoch=1668 loss=0.13361257 recon=0.00012971 beh=5.941852 w=0.022 lr=4.515e-04 time=0.161s
[RQ-VAE] epoch=1669 loss=0.13436255 recon=0.00012950 beh=5.939927 w=0.023 lr=4.512e-04 time=0.161s
[RQ-VAE] epoch=1670 loss=0.13502190 recon=0.00012897 beh=5.933426 w=0.023 lr=4.508e-04 time=0.161s
[RQ-VAE] epoch=1671 loss=0.13614851 recon=0.00012845 beh=5.948286 w=0.023 lr=4.505e-04 time=0.161s
[RQ-VAE] epoch=1672 loss=0.13693130 recon=0.00012905 beh=5.948541 w=0.023 lr=4.502e-04 time=0.16s
[RQ-VAE] epoch=1673 loss=0.13725626 recon=0.00012934 beh=5.928297 w=0.023 lr=4.498e-04 time=0.16s
[RQ-VAE] epoch=1674 loss=0.13816772 recon=0.00012907 beh=5.933200 w=0.023 lr=4.495e-04 time=0.161s
[RQ-VAE] epoch=1675 loss=0.13910747 recon=0.00012950 beh=5.939848 w=0.023 lr=4.492e-04 time=0.163s
[RQ-VAE] epoch=1676 loss=0.13990019 recon=0.00012862 beh=5.939386 w=0.023 lr=4.488e-04 time=0.16s
[RQ-VAE] epoch=1677 loss=0.14053079 recon=0.00012933 beh=5.932600 w=0.024 lr=4.485e-04 time=0.161s
[RQ-VAE] epoch=1678 loss=0.14131214 recon=0.00012932 beh=5.932095 w=0.024 lr=4.481e-04 time=0.161s
[RQ-VAE] epoch=1679 loss=0.14219540 recon=0.00013004 beh=5.935886 w=0.024 lr=4.478e-04 time=0.16s
[RQ-VAE] epoch=1680 loss=0.14325099 recon=0.00012968 beh=5.947439 w=0.024 lr=4.475e-04 time=0.161s
[RQ-VAE] epoch=1681 loss=0.14371234 recon=0.00012972 beh=5.933443 w=0.024 lr=4.471e-04 time=0.16s
[RQ-VAE] epoch=1682 loss=0.14464986 recon=0.00013030 beh=5.938784 w=0.024 lr=4.468e-04 time=0.161s
[RQ-VAE] epoch=1683 loss=0.14520822 recon=0.00012969 beh=5.929431 w=0.024 lr=4.464e-04 time=0.161s
[RQ-VAE] epoch=1684 loss=0.14584306 recon=0.00012890 beh=5.923227 w=0.025 lr=4.461e-04 time=0.16s
[RQ-VAE] epoch=1685 loss=0.14695670 recon=0.00012920 beh=5.935627 w=0.025 lr=4.458e-04 time=0.161s
[RQ-VAE] epoch=1686 loss=0.14796770 recon=0.00012864 beh=5.944890 w=0.025 lr=4.454e-04 time=0.162s
[RQ-VAE] epoch=1687 loss=0.14848962 recon=0.00012915 beh=5.933837 w=0.025 lr=4.451e-04 time=0.16s
[RQ-VAE] epoch=1688 loss=0.14933926 recon=0.00012943 beh=5.936169 w=0.025 lr=4.447e-04 time=0.16s
[RQ-VAE] epoch=1689 loss=0.15011917 recon=0.00012879 beh=5.935576 w=0.025 lr=4.444e-04 time=0.16s
[RQ-VAE] epoch=1690 loss=0.15093125 recon=0.00012931 beh=5.936558 w=0.025 lr=4.441e-04 time=0.273s
[RQ-VAE] epoch=1691 loss=0.15174432 recon=0.00013035 beh=5.937476 w=0.025 lr=4.437e-04 time=0.161s
[RQ-VAE] epoch=1692 loss=0.15223372 recon=0.00012985 beh=5.925689 w=0.026 lr=4.434e-04 time=0.16s
[RQ-VAE] epoch=1693 loss=0.15330642 recon=0.00013008 beh=5.936143 w=0.026 lr=4.431e-04 time=0.161s
[RQ-VAE] epoch=1694 loss=0.15405382 recon=0.00012977 beh=5.935288 w=0.026 lr=4.427e-04 time=0.161s
[RQ-VAE] epoch=1695 loss=0.15492402 recon=0.00012925 beh=5.938319 w=0.026 lr=4.424e-04 time=0.16s
[RQ-VAE] epoch=1696 loss=0.15548004 recon=0.00012993 beh=5.928971 w=0.026 lr=4.420e-04 time=0.16s
[RQ-VAE] epoch=1697 loss=0.15613481 recon=0.00012934 beh=5.923898 w=0.026 lr=4.417e-04 time=0.161s
[RQ-VAE] epoch=1698 loss=0.15687691 recon=0.00012969 beh=5.921647 w=0.026 lr=4.414e-04 time=0.163s
[RQ-VAE] epoch=1699 loss=0.15775529 recon=0.00013037 beh=5.925244 w=0.027 lr=4.410e-04 time=0.163s
[RQ-VAE] epoch=1700 loss=0.15894105 recon=0.00012968 lr=4.407e-04 raw_unique=23198/24587 collision=0.056493 time=0.162s
[RQ-VAE] epoch=1701 loss=0.15932101 recon=0.00012982 beh=5.924619 w=0.027 lr=4.403e-04 time=0.163s
[RQ-VAE] epoch=1702 loss=0.16011457 recon=0.00013011 beh=5.924550 w=0.027 lr=4.400e-04 time=0.161s
[RQ-VAE] epoch=1703 loss=0.16097958 recon=0.00013049 beh=5.927954 w=0.027 lr=4.397e-04 time=0.161s
[RQ-VAE] epoch=1704 loss=0.16187501 recon=0.00013126 beh=5.931435 w=0.027 lr=4.393e-04 time=0.16s
[RQ-VAE] epoch=1705 loss=0.16264518 recon=0.00013104 beh=5.930471 w=0.027 lr=4.390e-04 time=0.163s
[RQ-VAE] epoch=1706 loss=0.16370910 recon=0.00013085 beh=5.940568 w=0.027 lr=4.386e-04 time=0.162s
[RQ-VAE] epoch=1707 loss=0.16430835 recon=0.00013062 beh=5.933749 w=0.028 lr=4.383e-04 time=0.16s
[RQ-VAE] epoch=1708 loss=0.16503586 recon=0.00013032 beh=5.931371 w=0.028 lr=4.380e-04 time=0.161s
[RQ-VAE] epoch=1709 loss=0.16581810 recon=0.00013116 beh=5.930406 w=0.028 lr=4.376e-04 time=0.258s
[RQ-VAE] epoch=1710 loss=0.16630471 recon=0.00013083 beh=5.920136 w=0.028 lr=4.373e-04 time=0.162s
[RQ-VAE] epoch=1711 loss=0.16721202 recon=0.00013065 beh=5.924316 w=0.028 lr=4.369e-04 time=0.161s
[RQ-VAE] epoch=1712 loss=0.16824535 recon=0.00013093 beh=5.932987 w=0.028 lr=4.366e-04 time=0.162s
[RQ-VAE] epoch=1713 loss=0.16885307 recon=0.00013113 beh=5.926228 w=0.028 lr=4.363e-04 time=0.162s
[RQ-VAE] epoch=1714 loss=0.16967492 recon=0.00013023 beh=5.927259 w=0.029 lr=4.359e-04 time=0.162s
[RQ-VAE] epoch=1715 loss=0.17055540 recon=0.00013023 beh=5.930678 w=0.029 lr=4.356e-04 time=0.161s
[RQ-VAE] epoch=1716 loss=0.17128934 recon=0.00013029 beh=5.928612 w=0.029 lr=4.353e-04 time=0.161s
[RQ-VAE] epoch=1717 loss=0.17223257 recon=0.00013142 beh=5.934187 w=0.029 lr=4.349e-04 time=0.161s
[RQ-VAE] epoch=1718 loss=0.17285958 recon=0.00013067 beh=5.928761 w=0.029 lr=4.346e-04 time=0.161s
[RQ-VAE] epoch=1719 loss=0.17346913 recon=0.00013040 beh=5.922102 w=0.029 lr=4.342e-04 time=0.164s
[RQ-VAE] epoch=1720 loss=0.17448860 recon=0.00013064 beh=5.929869 w=0.029 lr=4.339e-04 time=0.161s
[RQ-VAE] epoch=1721 loss=0.17473757 recon=0.00013102 beh=5.911805 w=0.029 lr=4.336e-04 time=0.161s
[RQ-VAE] epoch=1722 loss=0.17606544 recon=0.00013091 beh=5.929674 w=0.030 lr=4.332e-04 time=0.161s
[RQ-VAE] epoch=1723 loss=0.17665929 recon=0.00013133 beh=5.922864 w=0.030 lr=4.329e-04 time=0.163s
[RQ-VAE] epoch=1724 loss=0.17753333 recon=0.00013226 beh=5.925579 w=0.030 lr=4.325e-04 time=0.275s
[RQ-VAE] epoch=1725 loss=0.17804512 recon=0.00013093 beh=5.916542 w=0.030 lr=4.322e-04 time=0.162s
[RQ-VAE] epoch=1726 loss=0.17910159 recon=0.00013106 beh=5.925607 w=0.030 lr=4.319e-04 time=0.163s
[RQ-VAE] epoch=1727 loss=0.18009171 recon=0.00013129 beh=5.931452 w=0.030 lr=4.315e-04 time=0.163s
[RQ-VAE] epoch=1728 loss=0.18074685 recon=0.00013156 beh=5.927515 w=0.030 lr=4.312e-04 time=0.165s
[RQ-VAE] epoch=1729 loss=0.18135832 recon=0.00013191 beh=5.921838 w=0.031 lr=4.308e-04 time=0.164s
[RQ-VAE] epoch=1730 loss=0.18219724 recon=0.00013216 beh=5.922878 w=0.031 lr=4.305e-04 time=0.163s
[RQ-VAE] epoch=1731 loss=0.18291345 recon=0.00013246 beh=5.920803 w=0.031 lr=4.302e-04 time=0.162s
[RQ-VAE] epoch=1732 loss=0.18346874 recon=0.00013163 beh=5.913293 w=0.031 lr=4.298e-04 time=0.162s
[RQ-VAE] epoch=1733 loss=0.18466406 recon=0.00013199 beh=5.926250 w=0.031 lr=4.295e-04 time=0.162s
[RQ-VAE] epoch=1734 loss=0.18557197 recon=0.00013209 beh=5.930236 w=0.031 lr=4.292e-04 time=0.161s
[RQ-VAE] epoch=1735 loss=0.18613839 recon=0.00013201 beh=5.923249 w=0.031 lr=4.288e-04 time=0.165s
[RQ-VAE] epoch=1736 loss=0.18692312 recon=0.00013205 beh=5.922811 w=0.031 lr=4.285e-04 time=0.162s
[RQ-VAE] epoch=1737 loss=0.18767317 recon=0.00013189 beh=5.921599 w=0.032 lr=4.281e-04 time=0.162s
[RQ-VAE] epoch=1738 loss=0.18850090 recon=0.00013218 beh=5.922719 w=0.032 lr=4.278e-04 time=0.163s
[RQ-VAE] epoch=1739 loss=0.18940207 recon=0.00013225 beh=5.926373 w=0.032 lr=4.275e-04 time=0.162s
[RQ-VAE] epoch=1740 loss=0.19021466 recon=0.00013190 beh=5.927405 w=0.032 lr=4.271e-04 time=0.162s
[RQ-VAE] epoch=1741 loss=0.19074887 recon=0.00013203 beh=5.918823 w=0.032 lr=4.268e-04 time=0.163s
[RQ-VAE] epoch=1742 loss=0.19172315 recon=0.00013269 beh=5.924383 w=0.032 lr=4.264e-04 time=0.163s
[RQ-VAE] epoch=1743 loss=0.19219123 recon=0.00013318 beh=5.914551 w=0.032 lr=4.261e-04 time=0.163s
[RQ-VAE] epoch=1744 loss=0.19322300 recon=0.00013362 beh=5.922256 w=0.033 lr=4.258e-04 time=0.162s
[RQ-VAE] epoch=1745 loss=0.19414663 recon=0.00013375 beh=5.926327 w=0.033 lr=4.254e-04 time=0.162s
[RQ-VAE] epoch=1746 loss=0.19476619 recon=0.00013380 beh=5.920927 w=0.033 lr=4.251e-04 time=0.161s
[RQ-VAE] epoch=1747 loss=0.19507033 recon=0.00013430 beh=5.906152 w=0.033 lr=4.247e-04 time=0.161s
[RQ-VAE] epoch=1748 loss=0.19629723 recon=0.00013313 beh=5.919353 w=0.033 lr=4.244e-04 time=0.162s
[RQ-VAE] epoch=1749 loss=0.19695796 recon=0.00013238 beh=5.915656 w=0.033 lr=4.241e-04 time=0.162s
[RQ-VAE] epoch=1750 loss=0.19818635 recon=0.00013269 lr=4.237e-04 raw_unique=23297/24587 collision=0.052467 time=0.161s
[RQ-VAE] epoch=1751 loss=0.19881465 recon=0.00013239 beh=5.923782 w=0.033 lr=4.234e-04 time=0.162s
[RQ-VAE] epoch=1752 loss=0.19940814 recon=0.00013218 beh=5.918194 w=0.034 lr=4.231e-04 time=0.162s
[RQ-VAE] epoch=1753 loss=0.20002064 recon=0.00013275 beh=5.912907 w=0.034 lr=4.227e-04 time=0.162s
[RQ-VAE] epoch=1754 loss=0.20077324 recon=0.00013228 beh=5.911704 w=0.034 lr=4.224e-04 time=0.163s
[RQ-VAE] epoch=1755 loss=0.20195809 recon=0.00013227 beh=5.922927 w=0.034 lr=4.220e-04 time=0.161s
[RQ-VAE] epoch=1756 loss=0.20296741 recon=0.00013256 beh=5.929729 w=0.034 lr=4.217e-04 time=0.16s
[RQ-VAE] epoch=1757 loss=0.20343721 recon=0.00013276 beh=5.920746 w=0.034 lr=4.214e-04 time=0.161s
[RQ-VAE] epoch=1758 loss=0.20431489 recon=0.00013361 beh=5.923020 w=0.034 lr=4.210e-04 time=0.161s
[RQ-VAE] epoch=1759 loss=0.20502262 recon=0.00013311 beh=5.920665 w=0.035 lr=4.207e-04 time=0.162s
[RQ-VAE] epoch=1760 loss=0.20560740 recon=0.00013376 beh=5.914402 w=0.035 lr=4.203e-04 time=0.162s
[RQ-VAE] epoch=1761 loss=0.20666148 recon=0.00013236 beh=5.922391 w=0.035 lr=4.200e-04 time=0.162s
[RQ-VAE] epoch=1762 loss=0.20720999 recon=0.00013295 beh=5.915427 w=0.035 lr=4.197e-04 time=0.162s
[RQ-VAE] epoch=1763 loss=0.20814550 recon=0.00013306 beh=5.919740 w=0.035 lr=4.193e-04 time=0.161s
[RQ-VAE] epoch=1764 loss=0.20889339 recon=0.00013288 beh=5.918689 w=0.035 lr=4.190e-04 time=0.162s
[RQ-VAE] epoch=1765 loss=0.20952289 recon=0.00013342 beh=5.914130 w=0.035 lr=4.186e-04 time=0.161s
[RQ-VAE] epoch=1766 loss=0.21035813 recon=0.00013308 beh=5.915256 w=0.035 lr=4.183e-04 time=0.161s
[RQ-VAE] epoch=1767 loss=0.21091491 recon=0.00013323 beh=5.908518 w=0.036 lr=4.180e-04 time=0.16s
[RQ-VAE] epoch=1768 loss=0.21224040 recon=0.00013362 beh=5.923535 w=0.036 lr=4.176e-04 time=0.163s
[RQ-VAE] epoch=1769 loss=0.21267734 recon=0.00013373 beh=5.913919 w=0.036 lr=4.173e-04 time=0.161s
[RQ-VAE] epoch=1770 loss=0.21367529 recon=0.00013361 beh=5.919748 w=0.036 lr=4.169e-04 time=0.161s
[RQ-VAE] epoch=1771 loss=0.21436843 recon=0.00013331 beh=5.917089 w=0.036 lr=4.166e-04 time=0.16s
[RQ-VAE] epoch=1772 loss=0.21522661 recon=0.00013322 beh=5.919091 w=0.036 lr=4.163e-04 time=0.16s
[RQ-VAE] epoch=1773 loss=0.21613382 recon=0.00013324 beh=5.922226 w=0.036 lr=4.159e-04 time=0.16s
[RQ-VAE] epoch=1774 loss=0.21687043 recon=0.00013359 beh=5.920775 w=0.037 lr=4.156e-04 time=0.162s
[RQ-VAE] epoch=1775 loss=0.21782574 recon=0.00013381 beh=5.925613 w=0.037 lr=4.153e-04 time=0.16s
[RQ-VAE] epoch=1776 loss=0.21840546 recon=0.00013408 beh=5.919843 w=0.037 lr=4.149e-04 time=0.16s
[RQ-VAE] epoch=1777 loss=0.21891060 recon=0.00013489 beh=5.911942 w=0.037 lr=4.146e-04 time=0.16s
[RQ-VAE] epoch=1778 loss=0.22018294 recon=0.00013382 beh=5.925033 w=0.037 lr=4.142e-04 time=0.16s
[RQ-VAE] epoch=1779 loss=0.22079816 recon=0.00013397 beh=5.920095 w=0.037 lr=4.139e-04 time=0.161s
[RQ-VAE] epoch=1780 loss=0.22122306 recon=0.00013398 beh=5.910485 w=0.037 lr=4.136e-04 time=0.161s
[RQ-VAE] epoch=1781 loss=0.22217196 recon=0.00013332 beh=5.914794 w=0.037 lr=4.132e-04 time=0.269s
[RQ-VAE] epoch=1782 loss=0.22290657 recon=0.00013357 beh=5.913342 w=0.038 lr=4.129e-04 time=0.161s
[RQ-VAE] epoch=1783 loss=0.22353286 recon=0.00013355 beh=5.908730 w=0.038 lr=4.125e-04 time=0.161s
[RQ-VAE] epoch=1784 loss=0.22443092 recon=0.00013405 beh=5.911658 w=0.038 lr=4.122e-04 time=0.161s
[RQ-VAE] epoch=1785 loss=0.22550181 recon=0.00013440 beh=5.918927 w=0.038 lr=4.119e-04 time=0.161s
[RQ-VAE] epoch=1786 loss=0.22619936 recon=0.00013483 beh=5.916834 w=0.038 lr=4.115e-04 time=0.162s
[RQ-VAE] epoch=1787 loss=0.22655928 recon=0.00013453 beh=5.905674 w=0.038 lr=4.112e-04 time=0.162s
[RQ-VAE] epoch=1788 loss=0.22773807 recon=0.00013431 beh=5.915820 w=0.038 lr=4.108e-04 time=0.162s
[RQ-VAE] epoch=1789 loss=0.22826457 recon=0.00013510 beh=5.909108 w=0.039 lr=4.105e-04 time=0.162s
[RQ-VAE] epoch=1790 loss=0.22930464 recon=0.00013490 beh=5.915692 w=0.039 lr=4.102e-04 time=0.163s
[RQ-VAE] epoch=1791 loss=0.23014747 recon=0.00013453 beh=5.916642 w=0.039 lr=4.098e-04 time=0.162s
[RQ-VAE] epoch=1792 loss=0.23072577 recon=0.00013594 beh=5.911123 w=0.039 lr=4.095e-04 time=0.161s
[RQ-VAE] epoch=1793 loss=0.23140377 recon=0.00013511 beh=5.908645 w=0.039 lr=4.092e-04 time=0.162s
[RQ-VAE] epoch=1794 loss=0.23197839 recon=0.00013554 beh=5.902694 w=0.039 lr=4.088e-04 time=0.162s
[RQ-VAE] epoch=1795 loss=0.23344991 recon=0.00013547 beh=5.920500 w=0.039 lr=4.085e-04 time=0.161s
[RQ-VAE] epoch=1796 loss=0.23403600 recon=0.00013667 beh=5.915131 w=0.039 lr=4.081e-04 time=0.161s
[RQ-VAE] epoch=1797 loss=0.23496097 recon=0.00013676 beh=5.918467 w=0.040 lr=4.078e-04 time=0.161s
[RQ-VAE] epoch=1798 loss=0.23559287 recon=0.00013677 beh=5.914525 w=0.040 lr=4.075e-04 time=0.162s
[RQ-VAE] epoch=1799 loss=0.23651400 recon=0.00013623 beh=5.918135 w=0.040 lr=4.071e-04 time=0.163s
[RQ-VAE] epoch=1800 loss=0.23721711 recon=0.00013623 lr=4.068e-04 raw_unique=23331/24587 collision=0.051084 time=0.162s
[RQ-VAE] epoch=1801 loss=0.23789030 recon=0.00013612 beh=5.912873 w=0.040 lr=4.064e-04 time=0.163s
[RQ-VAE] epoch=1802 loss=0.23849522 recon=0.00013496 beh=5.908645 w=0.040 lr=4.061e-04 time=0.162s
[RQ-VAE] epoch=1803 loss=0.23938683 recon=0.00013536 beh=5.911400 w=0.040 lr=4.058e-04 time=0.161s
[RQ-VAE] epoch=1804 loss=0.24016500 recon=0.00013600 beh=5.910686 w=0.041 lr=4.054e-04 time=0.161s
[RQ-VAE] epoch=1805 loss=0.24093693 recon=0.00013676 beh=5.910615 w=0.041 lr=4.051e-04 time=0.162s
[RQ-VAE] epoch=1806 loss=0.24154590 recon=0.00013578 beh=5.906167 w=0.041 lr=4.047e-04 time=0.162s
[RQ-VAE] epoch=1807 loss=0.24246538 recon=0.00013557 beh=5.909223 w=0.041 lr=4.044e-04 time=0.162s
[RQ-VAE] epoch=1808 loss=0.24365515 recon=0.00013542 beh=5.919027 w=0.041 lr=4.041e-04 time=0.162s
[RQ-VAE] epoch=1809 loss=0.24386449 recon=0.00013537 beh=5.904752 w=0.041 lr=4.037e-04 time=0.162s
[RQ-VAE] epoch=1810 loss=0.24457049 recon=0.00013531 beh=5.903129 w=0.041 lr=4.034e-04 time=0.261s
[RQ-VAE] epoch=1811 loss=0.24563257 recon=0.00013566 beh=5.909839 w=0.041 lr=4.031e-04 time=0.161s
[RQ-VAE] epoch=1812 loss=0.24629495 recon=0.00013535 beh=5.906572 w=0.042 lr=4.027e-04 time=0.161s
[RQ-VAE] epoch=1813 loss=0.24713767 recon=0.00013480 beh=5.908142 w=0.042 lr=4.024e-04 time=0.162s
[RQ-VAE] epoch=1814 loss=0.24834013 recon=0.00013608 beh=5.918095 w=0.042 lr=4.020e-04 time=0.162s
[RQ-VAE] epoch=1815 loss=0.24933995 recon=0.00013594 beh=5.923070 w=0.042 lr=4.017e-04 time=0.162s
[RQ-VAE] epoch=1816 loss=0.24966577 recon=0.00013593 beh=5.912216 w=0.042 lr=4.014e-04 time=0.162s
[RQ-VAE] epoch=1817 loss=0.25039214 recon=0.00013592 beh=5.910650 w=0.042 lr=4.010e-04 time=0.162s
[RQ-VAE] epoch=1818 loss=0.25096315 recon=0.00013499 beh=5.905474 w=0.042 lr=4.007e-04 time=0.162s
[RQ-VAE] epoch=1819 loss=0.25161606 recon=0.00013437 beh=5.902192 w=0.043 lr=4.003e-04 time=0.162s
[RQ-VAE] epoch=1820 loss=0.25228620 recon=0.00013616 beh=5.899240 w=0.043 lr=4.000e-04 time=0.163s
[RQ-VAE] epoch=1821 loss=0.25314331 recon=0.00013787 beh=5.900844 w=0.043 lr=3.997e-04 time=0.162s
[RQ-VAE] epoch=1822 loss=0.25416511 recon=0.00013615 beh=5.906651 w=0.043 lr=3.993e-04 time=0.161s
[RQ-VAE] epoch=1823 loss=0.25508708 recon=0.00013590 beh=5.909530 w=0.043 lr=3.990e-04 time=0.161s
[RQ-VAE] epoch=1824 loss=0.25516057 recon=0.00013641 beh=5.892931 w=0.043 lr=3.986e-04 time=0.163s
[RQ-VAE] epoch=1825 loss=0.25654274 recon=0.00013548 beh=5.906678 w=0.043 lr=3.983e-04 time=0.163s
[RQ-VAE] epoch=1826 loss=0.25772691 recon=0.00013617 beh=5.916002 w=0.043 lr=3.980e-04 time=0.162s
[RQ-VAE] epoch=1827 loss=0.25832796 recon=0.00013603 beh=5.911828 w=0.044 lr=3.976e-04 time=0.161s
[RQ-VAE] epoch=1828 loss=0.25890025 recon=0.00013642 beh=5.906768 w=0.044 lr=3.973e-04 time=0.163s
[RQ-VAE] epoch=1829 loss=0.25956514 recon=0.00013638 beh=5.903757 w=0.044 lr=3.969e-04 time=0.164s
[RQ-VAE] epoch=1830 loss=0.26070002 recon=0.00013668 beh=5.911432 w=0.044 lr=3.966e-04 time=0.254s
[RQ-VAE] epoch=1831 loss=0.26156265 recon=0.00013595 beh=5.913332 w=0.044 lr=3.963e-04 time=0.162s
[RQ-VAE] epoch=1832 loss=0.26203182 recon=0.00013535 beh=5.906195 w=0.044 lr=3.959e-04 time=0.162s
[RQ-VAE] epoch=1833 loss=0.26301113 recon=0.00013598 beh=5.910640 w=0.044 lr=3.956e-04 time=0.163s
[RQ-VAE] epoch=1834 loss=0.26408708 recon=0.00013591 beh=5.916979 w=0.045 lr=3.953e-04 time=0.163s
[RQ-VAE] epoch=1835 loss=0.26450786 recon=0.00013568 beh=5.908709 w=0.045 lr=3.949e-04 time=0.162s
[RQ-VAE] epoch=1836 loss=0.26452583 recon=0.00013582 beh=5.891521 w=0.045 lr=3.946e-04 time=0.162s
[RQ-VAE] epoch=1837 loss=0.26617923 recon=0.00013620 beh=5.910853 w=0.045 lr=3.942e-04 time=0.162s
[RQ-VAE] epoch=1838 loss=0.26707992 recon=0.00013640 beh=5.913606 w=0.045 lr=3.939e-04 time=0.163s
[RQ-VAE] epoch=1839 loss=0.26768807 recon=0.00013607 beh=5.909443 w=0.045 lr=3.936e-04 time=0.164s
[RQ-VAE] epoch=1840 loss=0.26868051 recon=0.00013571 beh=5.914058 w=0.045 lr=3.932e-04 time=0.164s
[RQ-VAE] epoch=1841 loss=0.26911771 recon=0.00013611 beh=5.906272 w=0.045 lr=3.929e-04 time=0.163s
[RQ-VAE] epoch=1842 loss=0.27005792 recon=0.00013627 beh=5.909594 w=0.046 lr=3.925e-04 time=0.164s
[RQ-VAE] epoch=1843 loss=0.27018833 recon=0.00013714 beh=5.895124 w=0.046 lr=3.922e-04 time=0.162s
[RQ-VAE] epoch=1844 loss=0.27134505 recon=0.00013732 beh=5.903166 w=0.046 lr=3.919e-04 time=0.163s
[RQ-VAE] epoch=1845 loss=0.27186120 recon=0.00013709 beh=5.897220 w=0.046 lr=3.915e-04 time=0.267s
[RQ-VAE] epoch=1846 loss=0.27262205 recon=0.00013734 beh=5.896727 w=0.046 lr=3.912e-04 time=0.162s
[RQ-VAE] epoch=1847 loss=0.27379799 recon=0.00013660 beh=5.905245 w=0.046 lr=3.908e-04 time=0.162s
[RQ-VAE] epoch=1848 loss=0.27416468 recon=0.00013634 beh=5.896201 w=0.046 lr=3.905e-04 time=0.162s
[RQ-VAE] epoch=1849 loss=0.27560365 recon=0.00013669 beh=5.909954 w=0.047 lr=3.902e-04 time=0.162s
[RQ-VAE] epoch=1850 loss=0.27612203 recon=0.00013739 lr=3.898e-04 raw_unique=23498/24587 collision=0.044292 time=0.162s
[RQ-VAE] epoch=1851 loss=0.27686027 recon=0.00013725 beh=5.903175 w=0.047 lr=3.895e-04 time=0.163s
[RQ-VAE] epoch=1852 loss=0.27794105 recon=0.00013676 beh=5.909600 w=0.047 lr=3.892e-04 time=0.163s
[RQ-VAE] epoch=1853 loss=0.27860039 recon=0.00013717 beh=5.906902 w=0.047 lr=3.888e-04 time=0.162s
[RQ-VAE] epoch=1854 loss=0.27899003 recon=0.00013694 beh=5.898237 w=0.047 lr=3.885e-04 time=0.162s
[RQ-VAE] epoch=1855 loss=0.28007612 recon=0.00013629 beh=5.904715 w=0.047 lr=3.881e-04 time=0.163s
[RQ-VAE] epoch=1856 loss=0.28041226 recon=0.00013614 beh=5.895183 w=0.047 lr=3.878e-04 time=0.162s
[RQ-VAE] epoch=1857 loss=0.28157753 recon=0.00013600 beh=5.903008 w=0.048 lr=3.875e-04 time=0.161s
[RQ-VAE] epoch=1858 loss=0.28229398 recon=0.00013633 beh=5.901649 w=0.048 lr=3.871e-04 time=0.161s
[RQ-VAE] epoch=1859 loss=0.28290057 recon=0.00013641 beh=5.897845 w=0.048 lr=3.868e-04 time=0.163s
[RQ-VAE] epoch=1860 loss=0.28375909 recon=0.00013639 beh=5.899122 w=0.048 lr=3.864e-04 time=0.163s
[RQ-VAE] epoch=1861 loss=0.28439048 recon=0.00013683 beh=5.896283 w=0.048 lr=3.861e-04 time=0.161s
[RQ-VAE] epoch=1862 loss=0.28529572 recon=0.00013716 beh=5.898524 w=0.048 lr=3.858e-04 time=0.162s
[RQ-VAE] epoch=1863 loss=0.28541839 recon=0.00013718 beh=5.884340 w=0.048 lr=3.854e-04 time=0.162s
[RQ-VAE] epoch=1864 loss=0.28662187 recon=0.00013626 beh=5.893406 w=0.049 lr=3.851e-04 time=0.161s
[RQ-VAE] epoch=1865 loss=0.28786144 recon=0.00013759 beh=5.902810 w=0.049 lr=3.847e-04 time=0.162s
[RQ-VAE] epoch=1866 loss=0.28847149 recon=0.00013703 beh=5.899118 w=0.049 lr=3.844e-04 time=0.162s
[RQ-VAE] epoch=1867 loss=0.28904504 recon=0.00013798 beh=5.894557 w=0.049 lr=3.841e-04 time=0.161s
[RQ-VAE] epoch=1868 loss=0.29042810 recon=0.00013732 beh=5.906746 w=0.049 lr=3.837e-04 time=0.162s
[RQ-VAE] epoch=1869 loss=0.29077920 recon=0.00013738 beh=5.898130 w=0.049 lr=3.834e-04 time=0.162s
[RQ-VAE] epoch=1870 loss=0.29177690 recon=0.00013686 beh=5.902333 w=0.049 lr=3.831e-04 time=0.162s
[RQ-VAE] epoch=1871 loss=0.29205778 recon=0.00013689 beh=5.892048 w=0.049 lr=3.827e-04 time=0.161s
[RQ-VAE] epoch=1872 loss=0.29315546 recon=0.00013766 beh=5.898372 w=0.050 lr=3.824e-04 time=0.162s
[RQ-VAE] epoch=1873 loss=0.29389846 recon=0.00013714 beh=5.897570 w=0.050 lr=3.820e-04 time=0.161s
[RQ-VAE] epoch=1874 loss=0.29474288 recon=0.00013807 beh=5.898792 w=0.050 lr=3.817e-04 time=0.162s
[RQ-VAE] epoch=1875 loss=0.29549834 recon=0.00013735 beh=5.898003 w=0.050 lr=3.814e-04 time=0.161s
[RQ-VAE] epoch=1876 loss=0.29640526 recon=0.00013753 beh=5.900473 w=0.050 lr=3.810e-04 time=0.162s
[RQ-VAE] epoch=1877 loss=0.29715934 recon=0.00013690 beh=5.899892 w=0.050 lr=3.807e-04 time=0.161s
[RQ-VAE] epoch=1878 loss=0.29805341 recon=0.00013745 beh=5.901953 w=0.050 lr=3.803e-04 time=0.16s
[RQ-VAE] epoch=1879 loss=0.29840672 recon=0.00013730 beh=5.893250 w=0.051 lr=3.800e-04 time=0.162s
[RQ-VAE] epoch=1880 loss=0.29948905 recon=0.00013690 beh=5.899207 w=0.051 lr=3.797e-04 time=0.161s
[RQ-VAE] epoch=1881 loss=0.30008003 recon=0.00013682 beh=5.895202 w=0.051 lr=3.793e-04 time=0.161s
[RQ-VAE] epoch=1882 loss=0.30154955 recon=0.00013616 beh=5.908721 w=0.051 lr=3.790e-04 time=0.161s
[RQ-VAE] epoch=1883 loss=0.30192918 recon=0.00013640 beh=5.900886 w=0.051 lr=3.786e-04 time=0.162s
[RQ-VAE] epoch=1884 loss=0.30236569 recon=0.00013736 beh=5.893965 w=0.051 lr=3.783e-04 time=0.162s
[RQ-VAE] epoch=1885 loss=0.30288839 recon=0.00013710 beh=5.888911 w=0.051 lr=3.780e-04 time=0.16s
[RQ-VAE] epoch=1886 loss=0.30400026 recon=0.00013715 beh=5.895002 w=0.051 lr=3.776e-04 time=0.161s
[RQ-VAE] epoch=1887 loss=0.30500567 recon=0.00013728 beh=5.899168 w=0.052 lr=3.773e-04 time=0.16s
[RQ-VAE] epoch=1888 loss=0.30589837 recon=0.00013822 beh=5.901387 w=0.052 lr=3.769e-04 time=0.161s
[RQ-VAE] epoch=1889 loss=0.30589920 recon=0.00013864 beh=5.886191 w=0.052 lr=3.766e-04 time=0.16s
[RQ-VAE] epoch=1890 loss=0.30709133 recon=0.00013804 beh=5.894161 w=0.052 lr=3.763e-04 time=0.164s
[RQ-VAE] epoch=1891 loss=0.30863082 recon=0.00013812 beh=5.908641 w=0.052 lr=3.759e-04 time=0.162s
[RQ-VAE] epoch=1892 loss=0.30870956 recon=0.00013826 beh=5.895016 w=0.052 lr=3.756e-04 time=0.162s
[RQ-VAE] epoch=1893 loss=0.30949277 recon=0.00013730 beh=5.894857 w=0.052 lr=3.753e-04 time=0.162s
[RQ-VAE] epoch=1894 loss=0.31028539 recon=0.00013784 beh=5.895039 w=0.053 lr=3.749e-04 time=0.163s
[RQ-VAE] epoch=1895 loss=0.31121612 recon=0.00013761 beh=5.897725 w=0.053 lr=3.746e-04 time=0.162s
[RQ-VAE] epoch=1896 loss=0.31210732 recon=0.00013774 beh=5.899808 w=0.053 lr=3.742e-04 time=0.161s
[RQ-VAE] epoch=1897 loss=0.31300330 recon=0.00013789 beh=5.901855 w=0.053 lr=3.739e-04 time=0.161s
[RQ-VAE] epoch=1898 loss=0.31387293 recon=0.00013835 beh=5.903157 w=0.053 lr=3.736e-04 time=0.16s
[RQ-VAE] epoch=1899 loss=0.31407544 recon=0.00013889 beh=5.892379 w=0.053 lr=3.732e-04 time=0.161s
[RQ-VAE] epoch=1900 loss=0.31539291 recon=0.00013872 lr=3.729e-04 raw_unique=23519/24587 collision=0.043438 time=0.161s
[RQ-VAE] epoch=1901 loss=0.31626171 recon=0.00013836 beh=5.903964 w=0.053 lr=3.725e-04 time=0.161s
[RQ-VAE] epoch=1902 loss=0.31693733 recon=0.00013801 beh=5.901716 w=0.054 lr=3.722e-04 time=0.29s
[RQ-VAE] epoch=1903 loss=0.31724715 recon=0.00013739 beh=5.892790 w=0.054 lr=3.719e-04 time=0.165s
[RQ-VAE] epoch=1904 loss=0.31778222 recon=0.00013778 beh=5.888253 w=0.054 lr=3.715e-04 time=0.166s
[RQ-VAE] epoch=1905 loss=0.31838140 recon=0.00013821 beh=5.884857 w=0.054 lr=3.712e-04 time=0.166s
[RQ-VAE] epoch=1906 loss=0.31867564 recon=0.00013688 beh=5.875654 w=0.054 lr=3.708e-04 time=0.167s
[RQ-VAE] epoch=1907 loss=0.32033169 recon=0.00013721 beh=5.891654 w=0.054 lr=3.705e-04 time=0.167s
[RQ-VAE] epoch=1908 loss=0.32144570 recon=0.00013789 beh=5.897810 w=0.054 lr=3.702e-04 time=0.166s
[RQ-VAE] epoch=1909 loss=0.32240719 recon=0.00013741 beh=5.901149 w=0.055 lr=3.698e-04 time=0.167s
[RQ-VAE] epoch=1910 loss=0.32297036 recon=0.00013778 beh=5.897068 w=0.055 lr=3.695e-04 time=0.167s
[RQ-VAE] epoch=1911 loss=0.32373053 recon=0.00013899 beh=5.896382 w=0.055 lr=3.692e-04 time=0.167s
[RQ-VAE] epoch=1912 loss=0.32423729 recon=0.00013872 beh=5.891177 w=0.055 lr=3.688e-04 time=0.167s
[RQ-VAE] epoch=1913 loss=0.32559222 recon=0.00013756 beh=5.901679 w=0.055 lr=3.685e-04 time=0.167s
[RQ-VAE] epoch=1914 loss=0.32558450 recon=0.00013673 beh=5.887074 w=0.055 lr=3.681e-04 time=0.167s
[RQ-VAE] epoch=1915 loss=0.32696390 recon=0.00013736 beh=5.897935 w=0.055 lr=3.678e-04 time=0.168s
[RQ-VAE] epoch=1916 loss=0.32795170 recon=0.00013693 beh=5.901696 w=0.055 lr=3.675e-04 time=0.167s
[RQ-VAE] epoch=1917 loss=0.32835960 recon=0.00013836 beh=5.894908 w=0.056 lr=3.671e-04 time=0.166s
[RQ-VAE] epoch=1918 loss=0.32916570 recon=0.00013840 beh=5.895316 w=0.056 lr=3.668e-04 time=0.167s
[RQ-VAE] epoch=1919 loss=0.32977480 recon=0.00013797 beh=5.892129 w=0.056 lr=3.664e-04 time=0.167s
[RQ-VAE] epoch=1920 loss=0.33052868 recon=0.00013810 beh=5.891565 w=0.056 lr=3.661e-04 time=0.166s
[RQ-VAE] epoch=1921 loss=0.33176512 recon=0.00013834 beh=5.899682 w=0.056 lr=3.658e-04 time=0.167s
[RQ-VAE] epoch=1922 loss=0.33248320 recon=0.00013743 beh=5.898482 w=0.056 lr=3.654e-04 time=0.167s
[RQ-VAE] epoch=1923 loss=0.33281064 recon=0.00013728 beh=5.890262 w=0.056 lr=3.651e-04 time=0.168s
[RQ-VAE] epoch=1924 loss=0.33343905 recon=0.00013770 beh=5.887357 w=0.057 lr=3.647e-04 time=0.167s
[RQ-VAE] epoch=1925 loss=0.33469233 recon=0.00013809 beh=5.895749 w=0.057 lr=3.644e-04 time=0.167s
[RQ-VAE] epoch=1926 loss=0.33510754 recon=0.00013787 beh=5.889137 w=0.057 lr=3.641e-04 time=0.167s
[RQ-VAE] epoch=1927 loss=0.33616364 recon=0.00013849 beh=5.893676 w=0.057 lr=3.637e-04 time=0.166s
[RQ-VAE] epoch=1928 loss=0.33670753 recon=0.00013882 beh=5.889416 w=0.057 lr=3.634e-04 time=0.166s
[RQ-VAE] epoch=1929 loss=0.33742344 recon=0.00013900 beh=5.888382 w=0.057 lr=3.631e-04 time=0.167s
[RQ-VAE] epoch=1930 loss=0.33855000 recon=0.00013745 beh=5.894402 w=0.057 lr=3.627e-04 time=0.166s
[RQ-VAE] epoch=1931 loss=0.33932504 recon=0.00013810 beh=5.893896 w=0.057 lr=3.624e-04 time=0.314s
[RQ-VAE] epoch=1932 loss=0.33966860 recon=0.00013845 beh=5.886350 w=0.058 lr=3.620e-04 time=0.162s
[RQ-VAE] epoch=1933 loss=0.34064767 recon=0.00013924 beh=5.889832 w=0.058 lr=3.617e-04 time=0.161s
[RQ-VAE] epoch=1934 loss=0.34115523 recon=0.00013963 beh=5.884937 w=0.058 lr=3.614e-04 time=0.162s
[RQ-VAE] epoch=1935 loss=0.34221894 recon=0.00013831 beh=5.889576 w=0.058 lr=3.610e-04 time=0.163s
[RQ-VAE] epoch=1936 loss=0.34263006 recon=0.00013833 beh=5.883278 w=0.058 lr=3.607e-04 time=0.162s
[RQ-VAE] epoch=1937 loss=0.34424317 recon=0.00013870 beh=5.897518 w=0.058 lr=3.603e-04 time=0.161s
[RQ-VAE] epoch=1938 loss=0.34447342 recon=0.00013869 beh=5.888021 w=0.058 lr=3.600e-04 time=0.162s
[RQ-VAE] epoch=1939 loss=0.34576929 recon=0.00013947 beh=5.896815 w=0.059 lr=3.597e-04 time=0.163s
[RQ-VAE] epoch=1940 loss=0.34661594 recon=0.00013917 beh=5.898014 w=0.059 lr=3.593e-04 time=0.162s
[RQ-VAE] epoch=1941 loss=0.34683484 recon=0.00013925 beh=5.888248 w=0.059 lr=3.590e-04 time=0.163s
[RQ-VAE] epoch=1942 loss=0.34785166 recon=0.00013930 beh=5.892209 w=0.059 lr=3.586e-04 time=0.162s
[RQ-VAE] epoch=1943 loss=0.34836316 recon=0.00013910 beh=5.887617 w=0.059 lr=3.583e-04 time=0.162s
[RQ-VAE] epoch=1944 loss=0.34933954 recon=0.00013935 beh=5.890598 w=0.059 lr=3.580e-04 time=0.162s
[RQ-VAE] epoch=1945 loss=0.35003078 recon=0.00013959 beh=5.889068 w=0.059 lr=3.576e-04 time=0.162s
[RQ-VAE] epoch=1946 loss=0.35146534 recon=0.00013951 beh=5.899966 w=0.059 lr=3.573e-04 time=0.162s
[RQ-VAE] epoch=1947 loss=0.35229284 recon=0.00013968 beh=5.900814 w=0.060 lr=3.569e-04 time=0.166s
[RQ-VAE] epoch=1948 loss=0.35235575 recon=0.00013921 beh=5.888754 w=0.060 lr=3.566e-04 time=0.162s
[RQ-VAE] epoch=1949 loss=0.35304868 recon=0.00013896 beh=5.886966 w=0.060 lr=3.563e-04 time=0.166s
[RQ-VAE] epoch=1950 loss=0.35408795 recon=0.00013989 lr=3.559e-04 raw_unique=23501/24587 collision=0.044170 time=0.164s
[RQ-VAE] epoch=1951 loss=0.35529378 recon=0.00013951 beh=5.898029 w=0.060 lr=3.556e-04 time=0.254s
[RQ-VAE] epoch=1952 loss=0.35592037 recon=0.00013986 beh=5.895494 w=0.060 lr=3.553e-04 time=0.162s
[RQ-VAE] epoch=1953 loss=0.35617697 recon=0.00013923 beh=5.886832 w=0.060 lr=3.549e-04 time=0.166s
[RQ-VAE] epoch=1954 loss=0.35675514 recon=0.00013954 beh=5.883411 w=0.061 lr=3.546e-04 time=0.164s
[RQ-VAE] epoch=1955 loss=0.35774937 recon=0.00013952 beh=5.887001 w=0.061 lr=3.542e-04 time=0.162s
[RQ-VAE] epoch=1956 loss=0.35871094 recon=0.00013888 beh=5.889620 w=0.061 lr=3.539e-04 time=0.162s
[RQ-VAE] epoch=1957 loss=0.35957301 recon=0.00013823 beh=5.890934 w=0.061 lr=3.536e-04 time=0.162s
[RQ-VAE] epoch=1958 loss=0.35999981 recon=0.00013860 beh=5.885064 w=0.061 lr=3.532e-04 time=0.162s
[RQ-VAE] epoch=1959 loss=0.36063242 recon=0.00013892 beh=5.882576 w=0.061 lr=3.529e-04 time=0.162s
[RQ-VAE] epoch=1960 loss=0.36146286 recon=0.00013934 beh=5.883407 w=0.061 lr=3.525e-04 time=0.162s
[RQ-VAE] epoch=1961 loss=0.36276439 recon=0.00013943 beh=5.891769 w=0.061 lr=3.522e-04 time=0.162s
[RQ-VAE] epoch=1962 loss=0.36382657 recon=0.00013909 beh=5.896257 w=0.062 lr=3.519e-04 time=0.162s
[RQ-VAE] epoch=1963 loss=0.36388889 recon=0.00014071 beh=5.884555 w=0.062 lr=3.515e-04 time=0.163s
[RQ-VAE] epoch=1964 loss=0.36489230 recon=0.00014007 beh=5.888153 w=0.062 lr=3.512e-04 time=0.162s
[RQ-VAE] epoch=1965 loss=0.36633080 recon=0.00014079 beh=5.898604 w=0.062 lr=3.508e-04 time=0.163s
[RQ-VAE] epoch=1966 loss=0.36675814 recon=0.00014097 beh=5.892793 w=0.062 lr=3.505e-04 time=0.252s
[RQ-VAE] epoch=1967 loss=0.36687088 recon=0.00014162 beh=5.882031 w=0.062 lr=3.502e-04 time=0.161s
[RQ-VAE] epoch=1968 loss=0.36809605 recon=0.00013991 beh=5.889037 w=0.062 lr=3.498e-04 time=0.161s
[RQ-VAE] epoch=1969 loss=0.36856782 recon=0.00014018 beh=5.884013 w=0.063 lr=3.495e-04 time=0.161s
[RQ-VAE] epoch=1970 loss=0.36996323 recon=0.00014063 beh=5.893770 w=0.063 lr=3.492e-04 time=0.16s
[RQ-VAE] epoch=1971 loss=0.37034342 recon=0.00014111 beh=5.887319 w=0.063 lr=3.488e-04 time=0.16s
[RQ-VAE] epoch=1972 loss=0.37159613 recon=0.00014149 beh=5.894764 w=0.063 lr=3.485e-04 time=0.162s
[RQ-VAE] epoch=1973 loss=0.37244892 recon=0.00014010 beh=5.895970 w=0.063 lr=3.481e-04 time=0.16s
[RQ-VAE] epoch=1974 loss=0.37295538 recon=0.00013989 beh=5.891411 w=0.063 lr=3.478e-04 time=0.16s
[RQ-VAE] epoch=1975 loss=0.37375420 recon=0.00014031 beh=5.891445 w=0.063 lr=3.475e-04 time=0.161s
[RQ-VAE] epoch=1976 loss=0.37403250 recon=0.00014063 beh=5.883714 w=0.063 lr=3.471e-04 time=0.16s
[RQ-VAE] epoch=1977 loss=0.37411082 recon=0.00014023 beh=5.872571 w=0.064 lr=3.468e-04 time=0.16s
[RQ-VAE] epoch=1978 loss=0.37641454 recon=0.00014031 beh=5.896255 w=0.064 lr=3.464e-04 time=0.161s
[RQ-VAE] epoch=1979 loss=0.37668857 recon=0.00013973 beh=5.888343 w=0.064 lr=3.461e-04 time=0.16s
[RQ-VAE] epoch=1980 loss=0.37647048 recon=0.00014009 beh=5.872642 w=0.064 lr=3.458e-04 time=0.16s
[RQ-VAE] epoch=1981 loss=0.37791958 recon=0.00014002 beh=5.882908 w=0.064 lr=3.454e-04 time=0.16s
[RQ-VAE] epoch=1982 loss=0.37852022 recon=0.00014009 beh=5.880208 w=0.064 lr=3.451e-04 time=0.162s
[RQ-VAE] epoch=1983 loss=0.37881804 recon=0.00013994 beh=5.872494 w=0.064 lr=3.447e-04 time=0.16s
[RQ-VAE] epoch=1984 loss=0.38076377 recon=0.00013984 beh=5.890386 w=0.065 lr=3.444e-04 time=0.159s
[RQ-VAE] epoch=1985 loss=0.38117862 recon=0.00014090 beh=5.884875 w=0.065 lr=3.441e-04 time=0.161s
[RQ-VAE] epoch=1986 loss=0.38267827 recon=0.00014138 beh=5.896075 w=0.065 lr=3.437e-04 time=0.161s
[RQ-VAE] epoch=1987 loss=0.38300404 recon=0.00014103 beh=5.889017 w=0.065 lr=3.434e-04 time=0.161s
[RQ-VAE] epoch=1988 loss=0.38353595 recon=0.00014042 beh=5.884923 w=0.065 lr=3.431e-04 time=0.161s
[RQ-VAE] epoch=1989 loss=0.38453439 recon=0.00014038 beh=5.888175 w=0.065 lr=3.427e-04 time=0.16s
[RQ-VAE] epoch=1990 loss=0.38517153 recon=0.00013973 beh=5.885973 w=0.065 lr=3.424e-04 time=0.16s
[RQ-VAE] epoch=1991 loss=0.38648397 recon=0.00014048 beh=5.893868 w=0.065 lr=3.420e-04 time=0.16s
[RQ-VAE] epoch=1992 loss=0.38689464 recon=0.00014021 beh=5.888341 w=0.066 lr=3.417e-04 time=0.16s
[RQ-VAE] epoch=1993 loss=0.38773745 recon=0.00013962 beh=5.889222 w=0.066 lr=3.414e-04 time=0.161s
[RQ-VAE] epoch=1994 loss=0.38788390 recon=0.00013895 beh=5.879444 w=0.066 lr=3.410e-04 time=0.16s
[RQ-VAE] epoch=1995 loss=0.38875252 recon=0.00013966 beh=5.880678 w=0.066 lr=3.407e-04 time=0.16s
[RQ-VAE] epoch=1996 loss=0.38935006 recon=0.00013967 beh=5.877947 w=0.066 lr=3.403e-04 time=0.16s
[RQ-VAE] epoch=1997 loss=0.38998190 recon=0.00013977 beh=5.875517 w=0.066 lr=3.400e-04 time=0.161s
[RQ-VAE] epoch=1998 loss=0.39152479 recon=0.00013992 beh=5.886966 w=0.066 lr=3.397e-04 time=0.159s
[RQ-VAE] epoch=1999 loss=0.39250219 recon=0.00014149 beh=5.889972 w=0.067 lr=3.393e-04 time=0.162s
[RQ-VAE] epoch=2000 loss=0.39298183 recon=0.00014104 lr=3.390e-04 raw_unique=23501/24587 collision=0.044170 time=0.16s
[RQ-VAE] epoch=2001 loss=0.39404875 recon=0.00014043 beh=5.889607 w=0.067 lr=3.386e-04 time=0.162s
[RQ-VAE] epoch=2002 loss=0.39465928 recon=0.00014109 beh=5.887057 w=0.067 lr=3.383e-04 time=0.16s
[RQ-VAE] epoch=2003 loss=0.39528650 recon=0.00014049 beh=5.884719 w=0.067 lr=3.380e-04 time=0.161s
[RQ-VAE] epoch=2004 loss=0.39641184 recon=0.00014018 beh=5.889725 w=0.067 lr=3.376e-04 time=0.16s
[RQ-VAE] epoch=2005 loss=0.39715177 recon=0.00014064 beh=5.889083 w=0.067 lr=3.373e-04 time=0.16s
[RQ-VAE] epoch=2006 loss=0.39755002 recon=0.00014121 beh=5.883271 w=0.067 lr=3.369e-04 time=0.16s
[RQ-VAE] epoch=2007 loss=0.39865899 recon=0.00014141 beh=5.888059 w=0.068 lr=3.366e-04 time=0.161s
[RQ-VAE] epoch=2008 loss=0.39924151 recon=0.00014227 beh=5.885043 w=0.068 lr=3.363e-04 time=0.16s
[RQ-VAE] epoch=2009 loss=0.39955163 recon=0.00014160 beh=5.878017 w=0.068 lr=3.359e-04 time=0.16s
[RQ-VAE] epoch=2010 loss=0.40116280 recon=0.00014085 beh=5.890242 w=0.068 lr=3.356e-04 time=0.16s
[RQ-VAE] epoch=2011 loss=0.40082115 recon=0.00014024 beh=5.873779 w=0.068 lr=3.353e-04 time=0.16s
[RQ-VAE] epoch=2012 loss=0.40190607 recon=0.00014098 beh=5.878161 w=0.068 lr=3.349e-04 time=0.16s
[RQ-VAE] epoch=2013 loss=0.40280420 recon=0.00014168 beh=5.879813 w=0.068 lr=3.346e-04 time=0.16s
[RQ-VAE] epoch=2014 loss=0.40273517 recon=0.00014105 beh=5.867266 w=0.069 lr=3.342e-04 time=0.161s
[RQ-VAE] epoch=2015 loss=0.40486097 recon=0.00014119 beh=5.886737 w=0.069 lr=3.339e-04 time=0.159s
[RQ-VAE] epoch=2016 loss=0.40497348 recon=0.00014116 beh=5.877204 w=0.069 lr=3.336e-04 time=0.159s
[RQ-VAE] epoch=2017 loss=0.40626958 recon=0.00014175 beh=5.884589 w=0.069 lr=3.332e-04 time=0.159s
[RQ-VAE] epoch=2018 loss=0.40761560 recon=0.00014078 beh=5.892540 w=0.069 lr=3.329e-04 time=0.159s
[RQ-VAE] epoch=2019 loss=0.40743968 recon=0.00014063 beh=5.878629 w=0.069 lr=3.325e-04 time=0.159s
[RQ-VAE] epoch=2020 loss=0.40881228 recon=0.00014043 beh=5.887109 w=0.069 lr=3.322e-04 time=0.159s
[RQ-VAE] epoch=2021 loss=0.40894669 recon=0.00014030 beh=5.877893 w=0.069 lr=3.319e-04 time=0.159s
[RQ-VAE] epoch=2022 loss=0.41080576 recon=0.00014110 beh=5.893422 w=0.070 lr=3.315e-04 time=0.162s
[RQ-VAE] epoch=2023 loss=0.41041434 recon=0.00014100 beh=5.876474 w=0.070 lr=3.312e-04 time=0.258s
[RQ-VAE] epoch=2024 loss=0.41113037 recon=0.00014074 beh=5.875371 w=0.070 lr=3.308e-04 time=0.16s
[RQ-VAE] epoch=2025 loss=0.41279095 recon=0.00014068 beh=5.887825 w=0.070 lr=3.305e-04 time=0.159s
[RQ-VAE] epoch=2026 loss=0.41320056 recon=0.00014076 beh=5.882598 w=0.070 lr=3.302e-04 time=0.161s
[RQ-VAE] epoch=2027 loss=0.41409457 recon=0.00014120 beh=5.884162 w=0.070 lr=3.298e-04 time=0.161s
[RQ-VAE] epoch=2028 loss=0.41526783 recon=0.00014125 beh=5.889759 w=0.070 lr=3.295e-04 time=0.161s
[RQ-VAE] epoch=2029 loss=0.41507632 recon=0.00014149 beh=5.875803 w=0.071 lr=3.292e-04 time=0.162s
[RQ-VAE] epoch=2030 loss=0.41552544 recon=0.00014072 beh=5.871031 w=0.071 lr=3.288e-04 time=0.16s
[RQ-VAE] epoch=2031 loss=0.41708559 recon=0.00014114 beh=5.882048 w=0.071 lr=3.285e-04 time=0.161s
[RQ-VAE] epoch=2032 loss=0.41771010 recon=0.00014047 beh=5.879863 w=0.071 lr=3.281e-04 time=0.16s
[RQ-VAE] epoch=2033 loss=0.41839629 recon=0.00014090 beh=5.878375 w=0.071 lr=3.278e-04 time=0.161s
[RQ-VAE] epoch=2034 loss=0.41920200 recon=0.00014110 beh=5.878784 w=0.071 lr=3.275e-04 time=0.161s
[RQ-VAE] epoch=2035 loss=0.42066437 recon=0.00014165 beh=5.888297 w=0.071 lr=3.271e-04 time=0.161s
[RQ-VAE] epoch=2036 loss=0.42123491 recon=0.00014157 beh=5.885305 w=0.071 lr=3.268e-04 time=0.161s
[RQ-VAE] epoch=2037 loss=0.42202631 recon=0.00014120 beh=5.885467 w=0.072 lr=3.264e-04 time=0.16s
[RQ-VAE] epoch=2038 loss=0.42283377 recon=0.00014277 beh=5.885682 w=0.072 lr=3.261e-04 time=0.161s
[RQ-VAE] epoch=2039 loss=0.42296374 recon=0.00014225 beh=5.876610 w=0.072 lr=3.258e-04 time=0.16s
[RQ-VAE] epoch=2040 loss=0.42454147 recon=0.00014202 beh=5.887536 w=0.072 lr=3.254e-04 time=0.161s
[RQ-VAE] epoch=2041 loss=0.42511141 recon=0.00014200 beh=5.884643 w=0.072 lr=3.251e-04 time=0.161s
[RQ-VAE] epoch=2042 loss=0.42624256 recon=0.00014218 beh=5.889513 w=0.072 lr=3.247e-04 time=0.16s
[RQ-VAE] epoch=2043 loss=0.42657459 recon=0.00014102 beh=5.883207 w=0.072 lr=3.244e-04 time=0.162s
[RQ-VAE] epoch=2044 loss=0.42678186 recon=0.00014190 beh=5.875233 w=0.073 lr=3.241e-04 time=0.161s
[RQ-VAE] epoch=2045 loss=0.42860439 recon=0.00014224 beh=5.889591 w=0.073 lr=3.237e-04 time=0.161s
[RQ-VAE] epoch=2046 loss=0.42823929 recon=0.00014212 beh=5.873640 w=0.073 lr=3.234e-04 time=0.16s
[RQ-VAE] epoch=2047 loss=0.43009403 recon=0.00014186 beh=5.888363 w=0.073 lr=3.231e-04 time=0.161s
[RQ-VAE] epoch=2048 loss=0.43070865 recon=0.00014244 beh=5.886122 w=0.073 lr=3.227e-04 time=0.16s
[RQ-VAE] epoch=2049 loss=0.43137068 recon=0.00014240 beh=5.884450 w=0.073 lr=3.224e-04 time=0.161s
[RQ-VAE] epoch=2050 loss=0.43064183 recon=0.00014231 lr=3.220e-04 raw_unique=23576/24587 collision=0.041119 time=0.161s
[RQ-VAE] epoch=2051 loss=0.43258938 recon=0.00014125 beh=5.879501 w=0.073 lr=3.217e-04 time=0.162s
[RQ-VAE] epoch=2052 loss=0.43362549 recon=0.00014117 beh=5.883068 w=0.074 lr=3.214e-04 time=0.262s
[RQ-VAE] epoch=2053 loss=0.43381199 recon=0.00014123 beh=5.874865 w=0.074 lr=3.210e-04 time=0.16s
[RQ-VAE] epoch=2054 loss=0.43561623 recon=0.00014151 beh=5.888782 w=0.074 lr=3.207e-04 time=0.159s
[RQ-VAE] epoch=2055 loss=0.43495005 recon=0.00014230 beh=5.869144 w=0.074 lr=3.203e-04 time=0.161s
[RQ-VAE] epoch=2056 loss=0.43632704 recon=0.00014172 beh=5.877127 w=0.074 lr=3.200e-04 time=0.161s
[RQ-VAE] epoch=2057 loss=0.43697581 recon=0.00014197 beh=5.875364 w=0.074 lr=3.197e-04 time=0.161s
[RQ-VAE] epoch=2058 loss=0.43823257 recon=0.00014206 beh=5.881541 w=0.074 lr=3.193e-04 time=0.161s
[RQ-VAE] epoch=2059 loss=0.43915623 recon=0.00014183 beh=5.883535 w=0.075 lr=3.190e-04 time=0.161s
[RQ-VAE] epoch=2060 loss=0.43995318 recon=0.00014192 beh=5.883742 w=0.075 lr=3.186e-04 time=0.161s
[RQ-VAE] epoch=2061 loss=0.44078931 recon=0.00014172 beh=5.884405 w=0.075 lr=3.183e-04 time=0.161s
[RQ-VAE] epoch=2062 loss=0.44180509 recon=0.00014246 beh=5.887589 w=0.075 lr=3.180e-04 time=0.161s
[RQ-VAE] epoch=2063 loss=0.44274274 recon=0.00014201 beh=5.889484 w=0.075 lr=3.176e-04 time=0.162s
[RQ-VAE] epoch=2064 loss=0.44265550 recon=0.00014186 beh=5.877894 w=0.075 lr=3.173e-04 time=0.161s
[RQ-VAE] epoch=2065 loss=0.44325736 recon=0.00014203 beh=5.875303 w=0.075 lr=3.169e-04 time=0.162s
[RQ-VAE] epoch=2066 loss=0.44418520 recon=0.00014196 beh=5.877384 w=0.075 lr=3.166e-04 time=0.16s
[RQ-VAE] epoch=2067 loss=0.44447446 recon=0.00014152 beh=5.870854 w=0.076 lr=3.163e-04 time=0.161s
[RQ-VAE] epoch=2068 loss=0.44644830 recon=0.00014212 beh=5.886583 w=0.076 lr=3.159e-04 time=0.16s
[RQ-VAE] epoch=2069 loss=0.44655240 recon=0.00014190 beh=5.877691 w=0.076 lr=3.156e-04 time=0.16s
[RQ-VAE] epoch=2070 loss=0.44757867 recon=0.00014189 beh=5.880862 w=0.076 lr=3.153e-04 time=0.161s
[RQ-VAE] epoch=2071 loss=0.44887474 recon=0.00014192 beh=5.887592 w=0.076 lr=3.149e-04 time=0.258s
[RQ-VAE] epoch=2072 loss=0.44818085 recon=0.00014172 beh=5.868147 w=0.076 lr=3.146e-04 time=0.162s
[RQ-VAE] epoch=2073 loss=0.44975308 recon=0.00014156 beh=5.878289 w=0.076 lr=3.142e-04 time=0.161s
[RQ-VAE] epoch=2074 loss=0.45011044 recon=0.00014179 beh=5.872899 w=0.077 lr=3.139e-04 time=0.161s
[RQ-VAE] epoch=2075 loss=0.45109507 recon=0.00014191 beh=5.875504 w=0.077 lr=3.136e-04 time=0.161s
[RQ-VAE] epoch=2076 loss=0.45265707 recon=0.00014270 beh=5.885690 w=0.077 lr=3.132e-04 time=0.162s
[RQ-VAE] epoch=2077 loss=0.45261237 recon=0.00014168 beh=5.874965 w=0.077 lr=3.129e-04 time=0.161s
[RQ-VAE] epoch=2078 loss=0.45341069 recon=0.00014122 beh=5.874913 w=0.077 lr=3.125e-04 time=0.161s
[RQ-VAE] epoch=2079 loss=0.45430166 recon=0.00014111 beh=5.876416 w=0.077 lr=3.122e-04 time=0.161s
[RQ-VAE] epoch=2080 loss=0.45568997 recon=0.00014146 beh=5.884325 w=0.077 lr=3.119e-04 time=0.16s
[RQ-VAE] epoch=2081 loss=0.45682669 recon=0.00014247 beh=5.888702 w=0.077 lr=3.115e-04 time=0.161s
[RQ-VAE] epoch=2082 loss=0.45630735 recon=0.00014230 beh=5.871936 w=0.078 lr=3.112e-04 time=0.162s
[RQ-VAE] epoch=2083 loss=0.45788023 recon=0.00014179 beh=5.882228 w=0.078 lr=3.108e-04 time=0.161s
[RQ-VAE] epoch=2084 loss=0.45826432 recon=0.00014132 beh=5.877137 w=0.078 lr=3.105e-04 time=0.162s
[RQ-VAE] epoch=2085 loss=0.45902586 recon=0.00014120 beh=5.876820 w=0.078 lr=3.102e-04 time=0.162s
[RQ-VAE] epoch=2086 loss=0.45958257 recon=0.00014097 beh=5.873868 w=0.078 lr=3.098e-04 time=0.254s
[RQ-VAE] epoch=2087 loss=0.46097705 recon=0.00014121 beh=5.881590 w=0.078 lr=3.095e-04 time=0.161s
[RQ-VAE] epoch=2088 loss=0.46096116 recon=0.00014121 beh=5.871450 w=0.078 lr=3.092e-04 time=0.162s
[RQ-VAE] epoch=2089 loss=0.46230069 recon=0.00014144 beh=5.878591 w=0.079 lr=3.088e-04 time=0.16s
[RQ-VAE] epoch=2090 loss=0.46265876 recon=0.00014142 beh=5.873128 w=0.079 lr=3.085e-04 time=0.163s
[RQ-VAE] epoch=2091 loss=0.46352112 recon=0.00014145 beh=5.874191 w=0.079 lr=3.081e-04 time=0.162s
[RQ-VAE] epoch=2092 loss=0.46505737 recon=0.00014148 beh=5.883718 w=0.079 lr=3.078e-04 time=0.163s
[RQ-VAE] epoch=2093 loss=0.46476334 recon=0.00014209 beh=5.870054 w=0.079 lr=3.075e-04 time=0.161s
[RQ-VAE] epoch=2094 loss=0.46579877 recon=0.00014211 beh=5.873133 w=0.079 lr=3.071e-04 time=0.162s
[RQ-VAE] epoch=2095 loss=0.46778509 recon=0.00014156 beh=5.888350 w=0.079 lr=3.068e-04 time=0.161s
[RQ-VAE] epoch=2096 loss=0.46791321 recon=0.00014044 beh=5.880193 w=0.079 lr=3.064e-04 time=0.162s
[RQ-VAE] epoch=2097 loss=0.46863577 recon=0.00014036 beh=5.879327 w=0.080 lr=3.061e-04 time=0.162s
[RQ-VAE] epoch=2098 loss=0.46991086 recon=0.00014090 beh=5.885538 w=0.080 lr=3.058e-04 time=0.163s
[RQ-VAE] epoch=2099 loss=0.47026932 recon=0.00014143 beh=5.880307 w=0.080 lr=3.054e-04 time=0.163s
[RQ-VAE] epoch=2100 loss=0.47065768 recon=0.00014090 lr=3.051e-04 raw_unique=23564/24587 collision=0.041607 time=0.163s
[RQ-VAE] epoch=2101 loss=0.47102720 recon=0.00014069 beh=5.870097 w=0.080 lr=3.047e-04 time=0.163s
[RQ-VAE] epoch=2102 loss=0.47208580 recon=0.00014066 beh=5.873471 w=0.080 lr=3.044e-04 time=0.162s
[RQ-VAE] epoch=2103 loss=0.47247770 recon=0.00014049 beh=5.868685 w=0.080 lr=3.041e-04 time=0.161s
[RQ-VAE] epoch=2104 loss=0.47478765 recon=0.00014044 beh=5.887620 w=0.081 lr=3.037e-04 time=0.161s
[RQ-VAE] epoch=2105 loss=0.47517022 recon=0.00014051 beh=5.882695 w=0.081 lr=3.034e-04 time=0.161s
[RQ-VAE] epoch=2106 loss=0.47514969 recon=0.00014051 beh=5.872657 w=0.081 lr=3.031e-04 time=0.162s
[RQ-VAE] epoch=2107 loss=0.47571057 recon=0.00014094 beh=5.869866 w=0.081 lr=3.027e-04 time=0.162s
[RQ-VAE] epoch=2108 loss=0.47719353 recon=0.00014063 beh=5.878552 w=0.081 lr=3.024e-04 time=0.162s
[RQ-VAE] epoch=2109 loss=0.47700232 recon=0.00014082 beh=5.866551 w=0.081 lr=3.020e-04 time=0.162s
[RQ-VAE] epoch=2110 loss=0.47867525 recon=0.00014107 beh=5.877518 w=0.081 lr=3.017e-04 time=0.16s
[RQ-VAE] epoch=2111 loss=0.47992411 recon=0.00014130 beh=5.883274 w=0.081 lr=3.014e-04 time=0.162s
[RQ-VAE] epoch=2112 loss=0.48000157 recon=0.00014089 beh=5.874604 w=0.082 lr=3.010e-04 time=0.162s
[RQ-VAE] epoch=2113 loss=0.48102543 recon=0.00014098 beh=5.877397 w=0.082 lr=3.007e-04 time=0.161s
[RQ-VAE] epoch=2114 loss=0.48161027 recon=0.00014006 beh=5.875030 w=0.082 lr=3.003e-04 time=0.162s
[RQ-VAE] epoch=2115 loss=0.48299843 recon=0.00014068 beh=5.882403 w=0.082 lr=3.000e-04 time=0.161s
[RQ-VAE] epoch=2116 loss=0.48324597 recon=0.00014068 beh=5.875913 w=0.082 lr=2.997e-04 time=0.162s
[RQ-VAE] epoch=2117 loss=0.48430148 recon=0.00014097 beh=5.879196 w=0.082 lr=2.993e-04 time=0.164s
[RQ-VAE] epoch=2118 loss=0.48435926 recon=0.00014097 beh=5.870337 w=0.082 lr=2.990e-04 time=0.163s
[RQ-VAE] epoch=2119 loss=0.48529401 recon=0.00014057 beh=5.872153 w=0.083 lr=2.986e-04 time=0.16s
[RQ-VAE] epoch=2120 loss=0.48599535 recon=0.00014040 beh=5.871243 w=0.083 lr=2.983e-04 time=0.16s
[RQ-VAE] epoch=2121 loss=0.48766333 recon=0.00014117 beh=5.881980 w=0.083 lr=2.980e-04 time=0.161s
[RQ-VAE] epoch=2122 loss=0.48779047 recon=0.00014109 beh=5.874022 w=0.083 lr=2.976e-04 time=0.162s
[RQ-VAE] epoch=2123 loss=0.48840523 recon=0.00014003 beh=5.871990 w=0.083 lr=2.973e-04 time=0.16s
[RQ-VAE] epoch=2124 loss=0.48947823 recon=0.00014049 beh=5.875381 w=0.083 lr=2.969e-04 time=0.159s
[RQ-VAE] epoch=2125 loss=0.49065679 recon=0.00014035 beh=5.880142 w=0.083 lr=2.966e-04 time=0.16s
[RQ-VAE] epoch=2126 loss=0.49094158 recon=0.00014034 beh=5.874191 w=0.083 lr=2.963e-04 time=0.16s
[RQ-VAE] epoch=2127 loss=0.49139464 recon=0.00014104 beh=5.870299 w=0.084 lr=2.959e-04 time=0.159s
[RQ-VAE] epoch=2128 loss=0.49300718 recon=0.00014105 beh=5.880199 w=0.084 lr=2.956e-04 time=0.16s
[RQ-VAE] epoch=2129 loss=0.49426904 recon=0.00014150 beh=5.885897 w=0.084 lr=2.953e-04 time=0.159s
[RQ-VAE] epoch=2130 loss=0.49388039 recon=0.00014117 beh=5.871964 w=0.084 lr=2.949e-04 time=0.159s
[RQ-VAE] epoch=2131 loss=0.49480212 recon=0.00014076 beh=5.873567 w=0.084 lr=2.946e-04 time=0.16s
[RQ-VAE] epoch=2132 loss=0.49480861 recon=0.00014132 beh=5.864242 w=0.084 lr=2.942e-04 time=0.16s
[RQ-VAE] epoch=2133 loss=0.49618599 recon=0.00014101 beh=5.871374 w=0.084 lr=2.939e-04 time=0.159s
[RQ-VAE] epoch=2134 loss=0.49729660 recon=0.00014228 beh=5.875203 w=0.085 lr=2.936e-04 time=0.16s
[RQ-VAE] epoch=2135 loss=0.49837998 recon=0.00014210 beh=5.878687 w=0.085 lr=2.932e-04 time=0.16s
[RQ-VAE] epoch=2136 loss=0.49897882 recon=0.00014152 beh=5.876597 w=0.085 lr=2.929e-04 time=0.159s
[RQ-VAE] epoch=2137 loss=0.50013494 recon=0.00014159 beh=5.880982 w=0.085 lr=2.925e-04 time=0.159s
[RQ-VAE] epoch=2138 loss=0.50023735 recon=0.00014170 beh=5.872962 w=0.085 lr=2.922e-04 time=0.16s
[RQ-VAE] epoch=2139 loss=0.50145632 recon=0.00014102 beh=5.878098 w=0.085 lr=2.919e-04 time=0.159s
[RQ-VAE] epoch=2140 loss=0.50216705 recon=0.00014131 beh=5.877215 w=0.085 lr=2.915e-04 time=0.16s
[RQ-VAE] epoch=2141 loss=0.50282872 recon=0.00014108 beh=5.875796 w=0.085 lr=2.912e-04 time=0.16s
[RQ-VAE] epoch=2142 loss=0.50329149 recon=0.00014121 beh=5.872031 w=0.086 lr=2.908e-04 time=0.159s
[RQ-VAE] epoch=2143 loss=0.50368547 recon=0.00014071 beh=5.867406 w=0.086 lr=2.905e-04 time=0.267s
[RQ-VAE] epoch=2144 loss=0.50475109 recon=0.00014030 beh=5.870752 w=0.086 lr=2.902e-04 time=0.161s
[RQ-VAE] epoch=2145 loss=0.50583059 recon=0.00014023 beh=5.874341 w=0.086 lr=2.898e-04 time=0.162s
[RQ-VAE] epoch=2146 loss=0.50643098 recon=0.00014140 beh=5.872179 w=0.086 lr=2.895e-04 time=0.161s
[RQ-VAE] epoch=2147 loss=0.50717163 recon=0.00014159 beh=5.871579 w=0.086 lr=2.892e-04 time=0.161s
[RQ-VAE] epoch=2148 loss=0.50815213 recon=0.00014183 beh=5.873826 w=0.086 lr=2.888e-04 time=0.161s
[RQ-VAE] epoch=2149 loss=0.50870353 recon=0.00014161 beh=5.871236 w=0.087 lr=2.885e-04 time=0.162s
[RQ-VAE] epoch=2150 loss=0.50963211 recon=0.00014177 lr=2.881e-04 raw_unique=23620/24587 collision=0.039330 time=0.161s
[RQ-VAE] epoch=2151 loss=0.51066899 recon=0.00014113 beh=5.875793 w=0.087 lr=2.878e-04 time=0.162s
[RQ-VAE] epoch=2152 loss=0.51163542 recon=0.00014094 beh=5.877918 w=0.087 lr=2.875e-04 time=0.16s
[RQ-VAE] epoch=2153 loss=0.51167774 recon=0.00014076 beh=5.869325 w=0.087 lr=2.871e-04 time=0.16s
[RQ-VAE] epoch=2154 loss=0.51247311 recon=0.00014126 beh=5.869498 w=0.087 lr=2.868e-04 time=0.16s
[RQ-VAE] epoch=2155 loss=0.51318479 recon=0.00014140 beh=5.868695 w=0.087 lr=2.864e-04 time=0.161s
[RQ-VAE] epoch=2156 loss=0.51398993 recon=0.00014196 beh=5.869024 w=0.087 lr=2.861e-04 time=0.161s
[RQ-VAE] epoch=2157 loss=0.51475143 recon=0.00014053 beh=5.868796 w=0.088 lr=2.858e-04 time=0.161s
[RQ-VAE] epoch=2158 loss=0.51618737 recon=0.00014119 beh=5.876113 w=0.088 lr=2.854e-04 time=0.161s
[RQ-VAE] epoch=2159 loss=0.51682842 recon=0.00014046 beh=5.874496 w=0.088 lr=2.851e-04 time=0.162s
[RQ-VAE] epoch=2160 loss=0.51726443 recon=0.00013991 beh=5.870600 w=0.088 lr=2.847e-04 time=0.16s
[RQ-VAE] epoch=2161 loss=0.51759183 recon=0.00014021 beh=5.865435 w=0.088 lr=2.844e-04 time=0.16s
[RQ-VAE] epoch=2162 loss=0.51838875 recon=0.00014033 beh=5.865520 w=0.088 lr=2.841e-04 time=0.161s
[RQ-VAE] epoch=2163 loss=0.51941800 recon=0.00014126 beh=5.868338 w=0.088 lr=2.837e-04 time=0.16s
[RQ-VAE] epoch=2164 loss=0.52122146 recon=0.00014093 beh=5.879874 w=0.089 lr=2.834e-04 time=0.162s
[RQ-VAE] epoch=2165 loss=0.52177334 recon=0.00014099 beh=5.877340 w=0.089 lr=2.831e-04 time=0.16s
[RQ-VAE] epoch=2166 loss=0.52041674 recon=0.00014114 beh=5.853317 w=0.089 lr=2.827e-04 time=0.161s
[RQ-VAE] epoch=2167 loss=0.52267945 recon=0.00014103 beh=5.869866 w=0.089 lr=2.824e-04 time=0.161s
[RQ-VAE] epoch=2168 loss=0.52425236 recon=0.00014085 beh=5.878713 w=0.089 lr=2.820e-04 time=0.163s
[RQ-VAE] epoch=2169 loss=0.52404755 recon=0.00014128 beh=5.867712 w=0.089 lr=2.817e-04 time=0.162s
[RQ-VAE] epoch=2170 loss=0.52484477 recon=0.00014301 beh=5.867767 w=0.089 lr=2.814e-04 time=0.164s
[RQ-VAE] epoch=2171 loss=0.52513599 recon=0.00014259 beh=5.862290 w=0.089 lr=2.810e-04 time=0.164s
[RQ-VAE] epoch=2172 loss=0.52600133 recon=0.00014244 beh=5.863132 w=0.090 lr=2.807e-04 time=0.26s
[RQ-VAE] epoch=2173 loss=0.52666098 recon=0.00014157 beh=5.861837 w=0.090 lr=2.803e-04 time=0.161s
[RQ-VAE] epoch=2174 loss=0.52727449 recon=0.00014143 beh=5.859994 w=0.090 lr=2.800e-04 time=0.161s
[RQ-VAE] epoch=2175 loss=0.52922094 recon=0.00014128 beh=5.872899 w=0.090 lr=2.797e-04 time=0.161s
[RQ-VAE] epoch=2176 loss=0.53061616 recon=0.00014101 beh=5.879791 w=0.090 lr=2.793e-04 time=0.161s
[RQ-VAE] epoch=2177 loss=0.53106672 recon=0.00014137 beh=5.876134 w=0.090 lr=2.790e-04 time=0.161s
[RQ-VAE] epoch=2178 loss=0.53140807 recon=0.00014164 beh=5.871170 w=0.090 lr=2.786e-04 time=0.161s
[RQ-VAE] epoch=2179 loss=0.53287899 recon=0.00014166 beh=5.878698 w=0.091 lr=2.783e-04 time=0.161s
[RQ-VAE] epoch=2180 loss=0.53377676 recon=0.00014102 beh=5.880028 w=0.091 lr=2.780e-04 time=0.16s
[RQ-VAE] epoch=2181 loss=0.53347802 recon=0.00014183 beh=5.868234 w=0.091 lr=2.776e-04 time=0.161s
[RQ-VAE] epoch=2182 loss=0.53527129 recon=0.00014245 beh=5.879302 w=0.091 lr=2.773e-04 time=0.163s
[RQ-VAE] epoch=2183 loss=0.53464496 recon=0.00014163 beh=5.863746 w=0.091 lr=2.769e-04 time=0.163s
[RQ-VAE] epoch=2184 loss=0.53669900 recon=0.00014122 beh=5.877713 w=0.091 lr=2.766e-04 time=0.162s
[RQ-VAE] epoch=2185 loss=0.53635919 recon=0.00014241 beh=5.865361 w=0.091 lr=2.763e-04 time=0.163s
[RQ-VAE] epoch=2186 loss=0.53682387 recon=0.00014239 beh=5.861862 w=0.091 lr=2.759e-04 time=0.163s
[RQ-VAE] epoch=2187 loss=0.53849632 recon=0.00014185 beh=5.871512 w=0.092 lr=2.756e-04 time=0.161s
[RQ-VAE] epoch=2188 loss=0.53938758 recon=0.00014227 beh=5.872808 w=0.092 lr=2.753e-04 time=0.162s
[RQ-VAE] epoch=2189 loss=0.53897357 recon=0.00014204 beh=5.859870 w=0.092 lr=2.749e-04 time=0.162s
[RQ-VAE] epoch=2190 loss=0.54024190 recon=0.00014187 beh=5.865094 w=0.092 lr=2.746e-04 time=0.162s
[RQ-VAE] epoch=2191 loss=0.54152775 recon=0.00014167 beh=5.870555 w=0.092 lr=2.742e-04 time=0.161s
[RQ-VAE] epoch=2192 loss=0.54259241 recon=0.00014215 beh=5.873684 w=0.092 lr=2.739e-04 time=0.256s
[RQ-VAE] epoch=2193 loss=0.54226136 recon=0.00014219 beh=5.861659 w=0.092 lr=2.736e-04 time=0.162s
[RQ-VAE] epoch=2194 loss=0.54380035 recon=0.00014216 beh=5.869766 w=0.093 lr=2.732e-04 time=0.162s
[RQ-VAE] epoch=2195 loss=0.54472566 recon=0.00014063 beh=5.871311 w=0.093 lr=2.729e-04 time=0.162s
[RQ-VAE] epoch=2196 loss=0.54536968 recon=0.00014079 beh=5.869776 w=0.093 lr=2.725e-04 time=0.162s
[RQ-VAE] epoch=2197 loss=0.54735613 recon=0.00014154 beh=5.882757 w=0.093 lr=2.722e-04 time=0.162s
[RQ-VAE] epoch=2198 loss=0.54710519 recon=0.00014147 beh=5.871665 w=0.093 lr=2.719e-04 time=0.163s
[RQ-VAE] epoch=2199 loss=0.54832703 recon=0.00014044 beh=5.876408 w=0.093 lr=2.715e-04 time=0.163s
[RQ-VAE] epoch=2200 loss=0.54868674 recon=0.00014065 lr=2.712e-04 raw_unique=23661/24587 collision=0.037662 time=0.164s
[RQ-VAE] epoch=2201 loss=0.55045474 recon=0.00014139 beh=5.882226 w=0.093 lr=2.708e-04 time=0.169s
[RQ-VAE] epoch=2202 loss=0.55004257 recon=0.00014162 beh=5.869625 w=0.094 lr=2.705e-04 time=0.164s
[RQ-VAE] epoch=2203 loss=0.55100775 recon=0.00014179 beh=5.871476 w=0.094 lr=2.702e-04 time=0.166s
[RQ-VAE] epoch=2204 loss=0.55106658 recon=0.00014138 beh=5.863664 w=0.094 lr=2.698e-04 time=0.162s
[RQ-VAE] epoch=2205 loss=0.55159670 recon=0.00014199 beh=5.860995 w=0.094 lr=2.695e-04 time=0.163s
[RQ-VAE] epoch=2206 loss=0.55291152 recon=0.00014167 beh=5.866764 w=0.094 lr=2.692e-04 time=0.161s
[RQ-VAE] epoch=2207 loss=0.55352938 recon=0.00014182 beh=5.864930 w=0.094 lr=2.688e-04 time=0.258s
[RQ-VAE] epoch=2208 loss=0.55527747 recon=0.00014190 beh=5.875149 w=0.094 lr=2.685e-04 time=0.161s
[RQ-VAE] epoch=2209 loss=0.55514139 recon=0.00014198 beh=5.865534 w=0.095 lr=2.681e-04 time=0.161s
[RQ-VAE] epoch=2210 loss=0.55527419 recon=0.00014176 beh=5.858618 w=0.095 lr=2.678e-04 time=0.161s
[RQ-VAE] epoch=2211 loss=0.55662811 recon=0.00014075 beh=5.864618 w=0.095 lr=2.675e-04 time=0.162s
[RQ-VAE] epoch=2212 loss=0.55825067 recon=0.00014089 beh=5.873520 w=0.095 lr=2.671e-04 time=0.162s
[RQ-VAE] epoch=2213 loss=0.55864966 recon=0.00014140 beh=5.869491 w=0.095 lr=2.668e-04 time=0.162s
[RQ-VAE] epoch=2214 loss=0.55950391 recon=0.00014114 beh=5.870255 w=0.095 lr=2.664e-04 time=0.162s
[RQ-VAE] epoch=2215 loss=0.56077695 recon=0.00014102 beh=5.875358 w=0.095 lr=2.661e-04 time=0.162s
[RQ-VAE] epoch=2216 loss=0.56121099 recon=0.00014123 beh=5.871725 w=0.095 lr=2.658e-04 time=0.164s
[RQ-VAE] epoch=2217 loss=0.56265831 recon=0.00014171 beh=5.878581 w=0.096 lr=2.654e-04 time=0.162s
[RQ-VAE] epoch=2218 loss=0.56317204 recon=0.00014283 beh=5.875862 w=0.096 lr=2.651e-04 time=0.162s
[RQ-VAE] epoch=2219 loss=0.56304866 recon=0.00014274 beh=5.866388 w=0.096 lr=2.647e-04 time=0.162s
[RQ-VAE] epoch=2220 loss=0.56488067 recon=0.00014232 beh=5.877278 w=0.096 lr=2.644e-04 time=0.162s
[RQ-VAE] epoch=2221 loss=0.56459498 recon=0.00014351 beh=5.866062 w=0.096 lr=2.641e-04 time=0.162s
[RQ-VAE] epoch=2222 loss=0.56615901 recon=0.00014259 beh=5.874269 w=0.096 lr=2.637e-04 time=0.162s
[RQ-VAE] epoch=2223 loss=0.56667185 recon=0.00014193 beh=5.871536 w=0.096 lr=2.634e-04 time=0.162s
[RQ-VAE] epoch=2224 loss=0.56644982 recon=0.00014262 beh=5.861062 w=0.097 lr=2.631e-04 time=0.161s
[RQ-VAE] epoch=2225 loss=0.56810462 recon=0.00014310 beh=5.870055 w=0.097 lr=2.627e-04 time=0.162s
[RQ-VAE] epoch=2226 loss=0.56771851 recon=0.00014378 beh=5.857980 w=0.097 lr=2.624e-04 time=0.162s
[RQ-VAE] epoch=2227 loss=0.56987083 recon=0.00014264 beh=5.872090 w=0.097 lr=2.620e-04 time=0.162s
[RQ-VAE] epoch=2228 loss=0.57013386 recon=0.00014203 beh=5.866890 w=0.097 lr=2.617e-04 time=0.163s
[RQ-VAE] epoch=2229 loss=0.57189578 recon=0.00014211 beh=5.876994 w=0.097 lr=2.614e-04 time=0.162s
[RQ-VAE] epoch=2230 loss=0.57225168 recon=0.00014273 beh=5.872533 w=0.097 lr=2.610e-04 time=0.162s
[RQ-VAE] epoch=2231 loss=0.57300484 recon=0.00014210 beh=5.872239 w=0.097 lr=2.607e-04 time=0.162s
[RQ-VAE] epoch=2232 loss=0.57378280 recon=0.00014214 beh=5.872134 w=0.098 lr=2.603e-04 time=0.162s
[RQ-VAE] epoch=2233 loss=0.57309818 recon=0.00014225 beh=5.857207 w=0.098 lr=2.600e-04 time=0.164s
[RQ-VAE] epoch=2234 loss=0.57453835 recon=0.00014229 beh=5.863914 w=0.098 lr=2.597e-04 time=0.161s
[RQ-VAE] epoch=2235 loss=0.57450318 recon=0.00014298 beh=5.855496 w=0.098 lr=2.593e-04 time=0.162s
[RQ-VAE] epoch=2236 loss=0.57594264 recon=0.00014273 beh=5.862214 w=0.098 lr=2.590e-04 time=0.162s
[RQ-VAE] epoch=2237 loss=0.57725632 recon=0.00014201 beh=5.867736 w=0.098 lr=2.586e-04 time=0.161s
[RQ-VAE] epoch=2238 loss=0.57868129 recon=0.00014177 beh=5.874299 w=0.098 lr=2.583e-04 time=0.161s
[RQ-VAE] epoch=2239 loss=0.57943642 recon=0.00014076 beh=5.874017 w=0.099 lr=2.580e-04 time=0.162s
[RQ-VAE] epoch=2240 loss=0.58016467 recon=0.00014148 beh=5.873417 w=0.099 lr=2.576e-04 time=0.162s
[RQ-VAE] epoch=2241 loss=0.58069563 recon=0.00014198 beh=5.870910 w=0.099 lr=2.573e-04 time=0.16s
[RQ-VAE] epoch=2242 loss=0.58111548 recon=0.00014280 beh=5.867225 w=0.099 lr=2.569e-04 time=0.16s
[RQ-VAE] epoch=2243 loss=0.58177626 recon=0.00014260 beh=5.866003 w=0.099 lr=2.566e-04 time=0.161s
[RQ-VAE] epoch=2244 loss=0.58280659 recon=0.00014245 beh=5.868399 w=0.099 lr=2.563e-04 time=0.161s
[RQ-VAE] epoch=2245 loss=0.58386171 recon=0.00014282 beh=5.871158 w=0.099 lr=2.559e-04 time=0.161s
[RQ-VAE] epoch=2246 loss=0.58430153 recon=0.00014301 beh=5.867759 w=0.099 lr=2.556e-04 time=0.161s
[RQ-VAE] epoch=2247 loss=0.58511961 recon=0.00014288 beh=5.868018 w=0.100 lr=2.553e-04 time=0.161s
[RQ-VAE] epoch=2248 loss=0.58535713 recon=0.00014301 beh=5.862587 w=0.100 lr=2.549e-04 time=0.16s
[RQ-VAE] epoch=2249 loss=0.58571339 recon=0.00014329 beh=5.858251 w=0.100 lr=2.546e-04 time=0.161s
[RQ-VAE] epoch=2250 loss=0.58858651 recon=0.00014341 lr=2.542e-04 raw_unique=23646/24587 collision=0.038272 time=0.161s
[RQ-VAE] epoch=2251 loss=0.58808017 recon=0.00014316 beh=5.866426 w=0.100 lr=2.539e-04 time=0.162s
[RQ-VAE] epoch=2252 loss=0.58909118 recon=0.00014192 beh=5.868653 w=0.100 lr=2.536e-04 time=0.16s
[RQ-VAE] epoch=2253 loss=0.59016132 recon=0.00014269 beh=5.871490 w=0.100 lr=2.532e-04 time=0.161s
[RQ-VAE] epoch=2254 loss=0.59080201 recon=0.00014307 beh=5.870092 w=0.101 lr=2.529e-04 time=0.161s
[RQ-VAE] epoch=2255 loss=0.59080434 recon=0.00014285 beh=5.862364 w=0.101 lr=2.525e-04 time=0.16s
[RQ-VAE] epoch=2256 loss=0.59144783 recon=0.00014350 beh=5.860967 w=0.101 lr=2.522e-04 time=0.161s
[RQ-VAE] epoch=2257 loss=0.59412354 recon=0.00014297 beh=5.879742 w=0.101 lr=2.519e-04 time=0.161s
[RQ-VAE] epoch=2258 loss=0.59334844 recon=0.00014219 beh=5.864395 w=0.101 lr=2.515e-04 time=0.161s
[RQ-VAE] epoch=2259 loss=0.59436071 recon=0.00014311 beh=5.866608 w=0.101 lr=2.512e-04 time=0.161s
[RQ-VAE] epoch=2260 loss=0.59637821 recon=0.00014223 beh=5.878821 w=0.101 lr=2.508e-04 time=0.162s
[RQ-VAE] epoch=2261 loss=0.59593630 recon=0.00014221 beh=5.866780 w=0.101 lr=2.505e-04 time=0.161s
[RQ-VAE] epoch=2262 loss=0.59608340 recon=0.00014231 beh=5.860537 w=0.102 lr=2.502e-04 time=0.161s
[RQ-VAE] epoch=2263 loss=0.59811652 recon=0.00014226 beh=5.872757 w=0.102 lr=2.498e-04 time=0.16s
[RQ-VAE] epoch=2264 loss=0.59886664 recon=0.00014273 beh=5.872404 w=0.102 lr=2.495e-04 time=0.266s
[RQ-VAE] epoch=2265 loss=0.59878111 recon=0.00014312 beh=5.863863 w=0.102 lr=2.492e-04 time=0.161s
[RQ-VAE] epoch=2266 loss=0.59916413 recon=0.00014314 beh=5.860049 w=0.102 lr=2.488e-04 time=0.164s
[RQ-VAE] epoch=2267 loss=0.60063446 recon=0.00014312 beh=5.866767 w=0.102 lr=2.485e-04 time=0.162s
[RQ-VAE] epoch=2268 loss=0.60113621 recon=0.00014289 beh=5.864015 w=0.102 lr=2.481e-04 time=0.162s
[RQ-VAE] epoch=2269 loss=0.60189074 recon=0.00014248 beh=5.863773 w=0.103 lr=2.478e-04 time=0.161s
[RQ-VAE] epoch=2270 loss=0.60324407 recon=0.00014302 beh=5.869311 w=0.103 lr=2.475e-04 time=0.163s
[RQ-VAE] epoch=2271 loss=0.60336232 recon=0.00014294 beh=5.862792 w=0.103 lr=2.471e-04 time=0.162s
[RQ-VAE] epoch=2272 loss=0.60443723 recon=0.00014297 beh=5.865595 w=0.103 lr=2.468e-04 time=0.162s
[RQ-VAE] epoch=2273 loss=0.60573316 recon=0.00014285 beh=5.870615 w=0.103 lr=2.464e-04 time=0.162s
[RQ-VAE] epoch=2274 loss=0.60532176 recon=0.00014286 beh=5.859082 w=0.103 lr=2.461e-04 time=0.163s
[RQ-VAE] epoch=2275 loss=0.60820061 recon=0.00014311 beh=5.879366 w=0.103 lr=2.458e-04 time=0.163s
[RQ-VAE] epoch=2276 loss=0.60832232 recon=0.00014339 beh=5.873006 w=0.103 lr=2.454e-04 time=0.161s
[RQ-VAE] epoch=2277 loss=0.60924423 recon=0.00014312 beh=5.874345 w=0.104 lr=2.451e-04 time=0.162s
[RQ-VAE] epoch=2278 loss=0.60956645 recon=0.00014348 beh=5.869929 w=0.104 lr=2.447e-04 time=0.161s
[RQ-VAE] epoch=2279 loss=0.60970128 recon=0.00014303 beh=5.863664 w=0.104 lr=2.444e-04 time=0.161s
[RQ-VAE] epoch=2280 loss=0.61014473 recon=0.00014282 beh=5.860368 w=0.104 lr=2.441e-04 time=0.161s
[RQ-VAE] epoch=2281 loss=0.61198235 recon=0.00014257 beh=5.870538 w=0.104 lr=2.437e-04 time=0.161s
[RQ-VAE] epoch=2282 loss=0.61172998 recon=0.00014305 beh=5.860620 w=0.104 lr=2.434e-04 time=0.162s
[RQ-VAE] epoch=2283 loss=0.61308879 recon=0.00014283 beh=5.866195 w=0.104 lr=2.431e-04 time=0.162s
[RQ-VAE] epoch=2284 loss=0.61352736 recon=0.00014284 beh=5.862896 w=0.105 lr=2.427e-04 time=0.162s
[RQ-VAE] epoch=2285 loss=0.61535209 recon=0.00014317 beh=5.872883 w=0.105 lr=2.424e-04 time=0.161s
[RQ-VAE] epoch=2286 loss=0.61493194 recon=0.00014294 beh=5.861286 w=0.105 lr=2.420e-04 time=0.161s
[RQ-VAE] epoch=2287 loss=0.61650997 recon=0.00014292 beh=5.868827 w=0.105 lr=2.417e-04 time=0.162s
[RQ-VAE] epoch=2288 loss=0.61705238 recon=0.00014295 beh=5.866608 w=0.105 lr=2.414e-04 time=0.161s
[RQ-VAE] epoch=2289 loss=0.61766678 recon=0.00014287 beh=5.865106 w=0.105 lr=2.410e-04 time=0.163s
[RQ-VAE] epoch=2290 loss=0.61863661 recon=0.00014277 beh=5.866880 w=0.105 lr=2.407e-04 time=0.161s
[RQ-VAE] epoch=2291 loss=0.61913192 recon=0.00014271 beh=5.864078 w=0.105 lr=2.403e-04 time=0.162s
[RQ-VAE] epoch=2292 loss=0.61872727 recon=0.00014313 beh=5.852833 w=0.106 lr=2.400e-04 time=0.162s
[RQ-VAE] epoch=2293 loss=0.62120914 recon=0.00014274 beh=5.868897 w=0.106 lr=2.397e-04 time=0.26s
[RQ-VAE] epoch=2294 loss=0.62052917 recon=0.00014278 beh=5.855030 w=0.106 lr=2.393e-04 time=0.162s
[RQ-VAE] epoch=2295 loss=0.62329769 recon=0.00014278 beh=5.873782 w=0.106 lr=2.390e-04 time=0.162s
[RQ-VAE] epoch=2296 loss=0.62265348 recon=0.00014278 beh=5.860435 w=0.106 lr=2.386e-04 time=0.162s
[RQ-VAE] epoch=2297 loss=0.62384534 recon=0.00014212 beh=5.864310 w=0.106 lr=2.383e-04 time=0.163s
[RQ-VAE] epoch=2298 loss=0.62445962 recon=0.00014247 beh=5.862701 w=0.106 lr=2.380e-04 time=0.161s
[RQ-VAE] epoch=2299 loss=0.62654012 recon=0.00014204 beh=5.874844 w=0.107 lr=2.376e-04 time=0.162s
[RQ-VAE] epoch=2300 loss=0.62721413 recon=0.00014261 lr=2.373e-04 raw_unique=23630/24587 collision=0.038923 time=0.162s
[RQ-VAE] epoch=2301 loss=0.62688905 recon=0.00014278 beh=5.863501 w=0.107 lr=2.369e-04 time=0.165s
[RQ-VAE] epoch=2302 loss=0.62745941 recon=0.00014232 beh=5.861532 w=0.107 lr=2.366e-04 time=0.162s
[RQ-VAE] epoch=2303 loss=0.62802452 recon=0.00014269 beh=5.859483 w=0.107 lr=2.363e-04 time=0.163s
[RQ-VAE] epoch=2304 loss=0.62836796 recon=0.00014287 beh=5.855316 w=0.107 lr=2.359e-04 time=0.165s
[RQ-VAE] epoch=2305 loss=0.62855357 recon=0.00014253 beh=5.849760 w=0.107 lr=2.356e-04 time=0.163s
[RQ-VAE] epoch=2306 loss=0.62899780 recon=0.00014209 beh=5.846696 w=0.107 lr=2.353e-04 time=0.162s
[RQ-VAE] epoch=2307 loss=0.63171494 recon=0.00014206 beh=5.864734 w=0.108 lr=2.349e-04 time=0.163s
[RQ-VAE] epoch=2308 loss=0.63116133 recon=0.00014208 beh=5.852353 w=0.108 lr=2.346e-04 time=0.162s
[RQ-VAE] epoch=2309 loss=0.63301200 recon=0.00014238 beh=5.862275 w=0.108 lr=2.342e-04 time=0.163s
[RQ-VAE] epoch=2310 loss=0.63458055 recon=0.00014226 beh=5.869537 w=0.108 lr=2.339e-04 time=0.163s
[RQ-VAE] epoch=2311 loss=0.63484514 recon=0.00014286 beh=5.864782 w=0.108 lr=2.336e-04 time=0.162s
[RQ-VAE] epoch=2312 loss=0.63476306 recon=0.00014251 beh=5.856754 w=0.108 lr=2.332e-04 time=0.162s
[RQ-VAE] epoch=2313 loss=0.63708699 recon=0.00014215 beh=5.870995 w=0.108 lr=2.329e-04 time=0.253s
[RQ-VAE] epoch=2314 loss=0.63775945 recon=0.00014233 beh=5.870035 w=0.109 lr=2.325e-04 time=0.163s
[RQ-VAE] epoch=2315 loss=0.63834226 recon=0.00014227 beh=5.868202 w=0.109 lr=2.322e-04 time=0.163s
[RQ-VAE] epoch=2316 loss=0.63906175 recon=0.00014191 beh=5.867684 w=0.109 lr=2.319e-04 time=0.162s
[RQ-VAE] epoch=2317 loss=0.63979256 recon=0.00014281 beh=5.867192 w=0.109 lr=2.315e-04 time=0.162s
[RQ-VAE] epoch=2318 loss=0.64057118 recon=0.00014177 beh=5.867175 w=0.109 lr=2.312e-04 time=0.162s
[RQ-VAE] epoch=2319 loss=0.64126122 recon=0.00014277 beh=5.866297 w=0.109 lr=2.308e-04 time=0.163s
[RQ-VAE] epoch=2320 loss=0.64010739 recon=0.00014273 beh=5.848543 w=0.109 lr=2.305e-04 time=0.162s
[RQ-VAE] epoch=2321 loss=0.64289635 recon=0.00014238 beh=5.866855 w=0.109 lr=2.302e-04 time=0.162s
[RQ-VAE] epoch=2322 loss=0.64321506 recon=0.00014254 beh=5.862663 w=0.110 lr=2.298e-04 time=0.162s
[RQ-VAE] epoch=2323 loss=0.64519405 recon=0.00014295 beh=5.873545 w=0.110 lr=2.295e-04 time=0.162s
[RQ-VAE] epoch=2324 loss=0.64470667 recon=0.00014264 beh=5.861969 w=0.110 lr=2.292e-04 time=0.162s
[RQ-VAE] epoch=2325 loss=0.64531714 recon=0.00014231 beh=5.860460 w=0.110 lr=2.288e-04 time=0.163s
[RQ-VAE] epoch=2326 loss=0.64676487 recon=0.00014245 beh=5.866523 w=0.110 lr=2.285e-04 time=0.161s
[RQ-VAE] epoch=2327 loss=0.64739960 recon=0.00014304 beh=5.865161 w=0.110 lr=2.281e-04 time=0.162s
[RQ-VAE] epoch=2328 loss=0.64899302 recon=0.00014365 beh=5.872532 w=0.110 lr=2.278e-04 time=0.253s
[RQ-VAE] epoch=2329 loss=0.64918882 recon=0.00014334 beh=5.867249 w=0.111 lr=2.275e-04 time=0.161s
[RQ-VAE] epoch=2330 loss=0.64964533 recon=0.00014276 beh=5.864321 w=0.111 lr=2.271e-04 time=0.161s
[RQ-VAE] epoch=2331 loss=0.65053725 recon=0.00014300 beh=5.865311 w=0.111 lr=2.268e-04 time=0.16s
[RQ-VAE] epoch=2332 loss=0.65156949 recon=0.00014310 beh=5.867533 w=0.111 lr=2.264e-04 time=0.161s
[RQ-VAE] epoch=2333 loss=0.65145159 recon=0.00014320 beh=5.859417 w=0.111 lr=2.261e-04 time=0.161s
[RQ-VAE] epoch=2334 loss=0.65126616 recon=0.00014320 beh=5.850711 w=0.111 lr=2.258e-04 time=0.161s
[RQ-VAE] epoch=2335 loss=0.65261209 recon=0.00014327 beh=5.855736 w=0.111 lr=2.254e-04 time=0.161s
[RQ-VAE] epoch=2336 loss=0.65339756 recon=0.00014366 beh=5.855808 w=0.111 lr=2.251e-04 time=0.161s
[RQ-VAE] epoch=2337 loss=0.65391421 recon=0.00014394 beh=5.853458 w=0.112 lr=2.247e-04 time=0.16s
[RQ-VAE] epoch=2338 loss=0.65522349 recon=0.00014363 beh=5.858131 w=0.112 lr=2.244e-04 time=0.161s
[RQ-VAE] epoch=2339 loss=0.65576220 recon=0.00014399 beh=5.855967 w=0.112 lr=2.241e-04 time=0.161s
[RQ-VAE] epoch=2340 loss=0.65692508 recon=0.00014338 beh=5.859408 w=0.112 lr=2.237e-04 time=0.16s
[RQ-VAE] epoch=2341 loss=0.65898454 recon=0.00014296 beh=5.870778 w=0.112 lr=2.234e-04 time=0.163s
[RQ-VAE] epoch=2342 loss=0.65940857 recon=0.00014352 beh=5.867599 w=0.112 lr=2.231e-04 time=0.161s
[RQ-VAE] epoch=2343 loss=0.66039240 recon=0.00014355 beh=5.869436 w=0.112 lr=2.227e-04 time=0.16s
[RQ-VAE] epoch=2344 loss=0.66145700 recon=0.00014348 beh=5.871958 w=0.113 lr=2.224e-04 time=0.176s
[RQ-VAE] epoch=2345 loss=0.66115320 recon=0.00014366 beh=5.862294 w=0.113 lr=2.220e-04 time=0.173s
[RQ-VAE] epoch=2346 loss=0.66228151 recon=0.00014342 beh=5.865348 w=0.113 lr=2.217e-04 time=0.173s
[RQ-VAE] epoch=2347 loss=0.66272044 recon=0.00014276 beh=5.862309 w=0.113 lr=2.214e-04 time=0.173s
[RQ-VAE] epoch=2348 loss=0.66349483 recon=0.00014253 beh=5.862238 w=0.113 lr=2.210e-04 time=0.172s
[RQ-VAE] epoch=2349 loss=0.66321111 recon=0.00014258 beh=5.852809 w=0.113 lr=2.207e-04 time=0.173s
[RQ-VAE] epoch=2350 loss=0.66443026 recon=0.00014298 lr=2.203e-04 raw_unique=23650/24587 collision=0.038110 time=0.172s
[RQ-VAE] epoch=2351 loss=0.66623652 recon=0.00014345 beh=5.865711 w=0.113 lr=2.200e-04 time=0.173s
[RQ-VAE] epoch=2352 loss=0.66661096 recon=0.00014341 beh=5.862166 w=0.114 lr=2.197e-04 time=0.161s
[RQ-VAE] epoch=2353 loss=0.66770732 recon=0.00014303 beh=5.864905 w=0.114 lr=2.193e-04 time=0.162s
[RQ-VAE] epoch=2354 loss=0.66751742 recon=0.00014255 beh=5.856394 w=0.114 lr=2.190e-04 time=0.16s
[RQ-VAE] epoch=2355 loss=0.66943318 recon=0.00014283 beh=5.866351 w=0.114 lr=2.186e-04 time=0.16s
[RQ-VAE] epoch=2356 loss=0.67028892 recon=0.00014282 beh=5.866959 w=0.114 lr=2.183e-04 time=0.159s
[RQ-VAE] epoch=2357 loss=0.67037749 recon=0.00014339 beh=5.860913 w=0.114 lr=2.180e-04 time=0.163s
[RQ-VAE] epoch=2358 loss=0.67080271 recon=0.00014353 beh=5.857740 w=0.114 lr=2.176e-04 time=0.16s
[RQ-VAE] epoch=2359 loss=0.67166209 recon=0.00014370 beh=5.858381 w=0.115 lr=2.173e-04 time=0.159s
[RQ-VAE] epoch=2360 loss=0.67239678 recon=0.00014402 beh=5.858025 w=0.115 lr=2.169e-04 time=0.161s
[RQ-VAE] epoch=2361 loss=0.67304283 recon=0.00014400 beh=5.856904 w=0.115 lr=2.166e-04 time=0.16s
[RQ-VAE] epoch=2362 loss=0.67459095 recon=0.00014221 beh=5.863590 w=0.115 lr=2.163e-04 time=0.159s
[RQ-VAE] epoch=2363 loss=0.67487925 recon=0.00014233 beh=5.859276 w=0.115 lr=2.159e-04 time=0.16s
[RQ-VAE] epoch=2364 loss=0.67602140 recon=0.00014257 beh=5.862403 w=0.115 lr=2.156e-04 time=0.161s
[RQ-VAE] epoch=2365 loss=0.67708427 recon=0.00014290 beh=5.864829 w=0.115 lr=2.153e-04 time=0.161s
[RQ-VAE] epoch=2366 loss=0.67803770 recon=0.00014268 beh=5.866366 w=0.115 lr=2.149e-04 time=0.161s
[RQ-VAE] epoch=2367 loss=0.67877865 recon=0.00014269 beh=5.866002 w=0.116 lr=2.146e-04 time=0.161s
[RQ-VAE] epoch=2368 loss=0.67887807 recon=0.00014275 beh=5.860117 w=0.116 lr=2.142e-04 time=0.161s
[RQ-VAE] epoch=2369 loss=0.68016040 recon=0.00014341 beh=5.864401 w=0.116 lr=2.139e-04 time=0.161s
[RQ-VAE] epoch=2370 loss=0.67924756 recon=0.00014303 beh=5.849755 w=0.116 lr=2.136e-04 time=0.161s
[RQ-VAE] epoch=2371 loss=0.68159235 recon=0.00014327 beh=5.863175 w=0.116 lr=2.132e-04 time=0.161s
[RQ-VAE] epoch=2372 loss=0.68209112 recon=0.00014355 beh=5.860734 w=0.116 lr=2.129e-04 time=0.16s
[RQ-VAE] epoch=2373 loss=0.68259215 recon=0.00014302 beh=5.858448 w=0.116 lr=2.125e-04 time=0.161s
[RQ-VAE] epoch=2374 loss=0.68404108 recon=0.00014322 beh=5.864203 w=0.117 lr=2.122e-04 time=0.16s
[RQ-VAE] epoch=2375 loss=0.68522930 recon=0.00014306 beh=5.867680 w=0.117 lr=2.119e-04 time=0.161s
[RQ-VAE] epoch=2376 loss=0.68477452 recon=0.00014224 beh=5.857073 w=0.117 lr=2.115e-04 time=0.16s
[RQ-VAE] epoch=2377 loss=0.68563604 recon=0.00014267 beh=5.857709 w=0.117 lr=2.112e-04 time=0.16s
[RQ-VAE] epoch=2378 loss=0.68692601 recon=0.00014273 beh=5.862062 w=0.117 lr=2.108e-04 time=0.16s
[RQ-VAE] epoch=2379 loss=0.68884766 recon=0.00014277 beh=5.871818 w=0.117 lr=2.105e-04 time=0.16s
[RQ-VAE] epoch=2380 loss=0.68784422 recon=0.00014244 beh=5.856560 w=0.117 lr=2.102e-04 time=0.159s
[RQ-VAE] epoch=2381 loss=0.68852627 recon=0.00014310 beh=5.855690 w=0.117 lr=2.098e-04 time=0.16s
[RQ-VAE] epoch=2382 loss=0.68935603 recon=0.00014316 beh=5.856099 w=0.118 lr=2.095e-04 time=0.16s
[RQ-VAE] epoch=2383 loss=0.69065833 recon=0.00014262 beh=5.860564 w=0.118 lr=2.092e-04 time=0.16s
[RQ-VAE] epoch=2384 loss=0.69046652 recon=0.00014348 beh=5.852301 w=0.118 lr=2.088e-04 time=0.16s
[RQ-VAE] epoch=2385 loss=0.69087207 recon=0.00014330 beh=5.849110 w=0.118 lr=2.085e-04 time=0.265s
[RQ-VAE] epoch=2386 loss=0.69292897 recon=0.00014341 beh=5.859905 w=0.118 lr=2.081e-04 time=0.162s
[RQ-VAE] epoch=2387 loss=0.69461679 recon=0.00014301 beh=5.867630 w=0.118 lr=2.078e-04 time=0.161s
[RQ-VAE] epoch=2388 loss=0.69516528 recon=0.00014316 beh=5.865668 w=0.118 lr=2.075e-04 time=0.162s
[RQ-VAE] epoch=2389 loss=0.69538653 recon=0.00014263 beh=5.860915 w=0.119 lr=2.071e-04 time=0.162s
[RQ-VAE] epoch=2390 loss=0.69639516 recon=0.00014302 beh=5.862863 w=0.119 lr=2.068e-04 time=0.16s
[RQ-VAE] epoch=2391 loss=0.69688600 recon=0.00014311 beh=5.860379 w=0.119 lr=2.064e-04 time=0.161s
[RQ-VAE] epoch=2392 loss=0.69652545 recon=0.00014283 beh=5.850731 w=0.119 lr=2.061e-04 time=0.16s
[RQ-VAE] epoch=2393 loss=0.69833636 recon=0.00014226 beh=5.859405 w=0.119 lr=2.058e-04 time=0.161s
[RQ-VAE] epoch=2394 loss=0.69833195 recon=0.00014242 beh=5.852810 w=0.119 lr=2.054e-04 time=0.161s
[RQ-VAE] epoch=2395 loss=0.69992816 recon=0.00014312 beh=5.859615 w=0.119 lr=2.051e-04 time=0.161s
[RQ-VAE] epoch=2396 loss=0.70045656 recon=0.00014297 beh=5.857476 w=0.119 lr=2.047e-04 time=0.161s
[RQ-VAE] epoch=2397 loss=0.70118040 recon=0.00014316 beh=5.857013 w=0.120 lr=2.044e-04 time=0.162s
[RQ-VAE] epoch=2398 loss=0.70296705 recon=0.00014371 beh=5.865430 w=0.120 lr=2.041e-04 time=0.16s
[RQ-VAE] epoch=2399 loss=0.70292556 recon=0.00014314 beh=5.858628 w=0.120 lr=2.037e-04 time=0.162s
[RQ-VAE] epoch=2400 loss=0.70418042 recon=0.00014296 lr=2.034e-04 raw_unique=23658/24587 collision=0.037784 time=0.163s
[RQ-VAE] epoch=2401 loss=0.70511204 recon=0.00014261 beh=5.863802 w=0.120 lr=2.031e-04 time=0.162s
[RQ-VAE] epoch=2402 loss=0.70389396 recon=0.00014271 beh=5.847136 w=0.120 lr=2.027e-04 time=0.161s
[RQ-VAE] epoch=2403 loss=0.70611799 recon=0.00014274 beh=5.859105 w=0.120 lr=2.024e-04 time=0.161s
[RQ-VAE] epoch=2404 loss=0.70552379 recon=0.00014287 beh=5.847710 w=0.121 lr=2.020e-04 time=0.162s
[RQ-VAE] epoch=2405 loss=0.70787621 recon=0.00014229 beh=5.860781 w=0.121 lr=2.017e-04 time=0.16s
[RQ-VAE] epoch=2406 loss=0.70871627 recon=0.00014232 beh=5.861303 w=0.121 lr=2.014e-04 time=0.161s
[RQ-VAE] epoch=2407 loss=0.70959115 recon=0.00014278 beh=5.862051 w=0.121 lr=2.010e-04 time=0.16s
[RQ-VAE] epoch=2408 loss=0.70999396 recon=0.00014288 beh=5.858871 w=0.121 lr=2.007e-04 time=0.161s
[RQ-VAE] epoch=2409 loss=0.71136200 recon=0.00014262 beh=5.863715 w=0.121 lr=2.003e-04 time=0.162s
[RQ-VAE] epoch=2410 loss=0.71257657 recon=0.00014227 beh=5.867290 w=0.121 lr=2.000e-04 time=0.162s
[RQ-VAE] epoch=2411 loss=0.71245575 recon=0.00014324 beh=5.859858 w=0.121 lr=1.997e-04 time=0.161s
[RQ-VAE] epoch=2412 loss=0.71346051 recon=0.00014287 beh=5.861727 w=0.122 lr=1.993e-04 time=0.161s
[RQ-VAE] epoch=2413 loss=0.71552992 recon=0.00014270 beh=5.872314 w=0.122 lr=1.990e-04 time=0.16s
[RQ-VAE] epoch=2414 loss=0.71366787 recon=0.00014311 beh=5.850563 w=0.122 lr=1.986e-04 time=0.252s
[RQ-VAE] epoch=2415 loss=0.71490681 recon=0.00014278 beh=5.854289 w=0.122 lr=1.983e-04 time=0.161s
[RQ-VAE] epoch=2416 loss=0.71573001 recon=0.00014282 beh=5.854653 w=0.122 lr=1.980e-04 time=0.161s
[RQ-VAE] epoch=2417 loss=0.71733183 recon=0.00014336 beh=5.861384 w=0.122 lr=1.976e-04 time=0.161s
[RQ-VAE] epoch=2418 loss=0.71860927 recon=0.00014323 beh=5.865435 w=0.122 lr=1.973e-04 time=0.163s
[RQ-VAE] epoch=2419 loss=0.71959221 recon=0.00014355 beh=5.867082 w=0.123 lr=1.969e-04 time=0.162s
[RQ-VAE] epoch=2420 loss=0.71953207 recon=0.00014362 beh=5.860235 w=0.123 lr=1.966e-04 time=0.162s
[RQ-VAE] epoch=2421 loss=0.72064555 recon=0.00014425 beh=5.862931 w=0.123 lr=1.963e-04 time=0.162s
[RQ-VAE] epoch=2422 loss=0.72149116 recon=0.00014422 beh=5.863465 w=0.123 lr=1.959e-04 time=0.162s
[RQ-VAE] epoch=2423 loss=0.72173810 recon=0.00014361 beh=5.859096 w=0.123 lr=1.956e-04 time=0.161s
[RQ-VAE] epoch=2424 loss=0.72200966 recon=0.00014314 beh=5.854955 w=0.123 lr=1.953e-04 time=0.16s
[RQ-VAE] epoch=2425 loss=0.72222281 recon=0.00014311 beh=5.850339 w=0.123 lr=1.949e-04 time=0.161s
[RQ-VAE] epoch=2426 loss=0.72419107 recon=0.00014278 beh=5.859980 w=0.123 lr=1.946e-04 time=0.162s
[RQ-VAE] epoch=2427 loss=0.72546053 recon=0.00014302 beh=5.863976 w=0.124 lr=1.942e-04 time=0.161s
[RQ-VAE] epoch=2428 loss=0.72559959 recon=0.00014352 beh=5.858754 w=0.124 lr=1.939e-04 time=0.161s
[RQ-VAE] epoch=2429 loss=0.72592109 recon=0.00014310 beh=5.855035 w=0.124 lr=1.936e-04 time=0.162s
[RQ-VAE] epoch=2430 loss=0.72670168 recon=0.00014351 beh=5.855048 w=0.124 lr=1.932e-04 time=0.162s
[RQ-VAE] epoch=2431 loss=0.72672659 recon=0.00014388 beh=5.848935 w=0.124 lr=1.929e-04 time=0.161s
[RQ-VAE] epoch=2432 loss=0.72998238 recon=0.00014344 beh=5.868878 w=0.124 lr=1.925e-04 time=0.162s
[RQ-VAE] epoch=2433 loss=0.72964311 recon=0.00014324 beh=5.859892 w=0.124 lr=1.922e-04 time=0.26s
[RQ-VAE] epoch=2434 loss=0.72948903 recon=0.00014337 beh=5.852346 w=0.125 lr=1.919e-04 time=0.161s
[RQ-VAE] epoch=2435 loss=0.73033839 recon=0.00014346 beh=5.852878 w=0.125 lr=1.915e-04 time=0.161s
[RQ-VAE] epoch=2436 loss=0.73287153 recon=0.00014351 beh=5.866915 w=0.125 lr=1.912e-04 time=0.162s
[RQ-VAE] epoch=2437 loss=0.73283011 recon=0.00014353 beh=5.860314 w=0.125 lr=1.908e-04 time=0.161s
[RQ-VAE] epoch=2438 loss=0.73329115 recon=0.00014361 beh=5.857777 w=0.125 lr=1.905e-04 time=0.163s
[RQ-VAE] epoch=2439 loss=0.73272896 recon=0.00014343 beh=5.847052 w=0.125 lr=1.902e-04 time=0.161s
[RQ-VAE] epoch=2440 loss=0.73511481 recon=0.00014347 beh=5.859883 w=0.125 lr=1.898e-04 time=0.161s
[RQ-VAE] epoch=2441 loss=0.73594511 recon=0.00014322 beh=5.860213 w=0.125 lr=1.895e-04 time=0.161s
[RQ-VAE] epoch=2442 loss=0.73546284 recon=0.00014375 beh=5.850091 w=0.126 lr=1.892e-04 time=0.163s
[RQ-VAE] epoch=2443 loss=0.73630762 recon=0.00014339 beh=5.850635 w=0.126 lr=1.888e-04 time=0.162s
[RQ-VAE] epoch=2444 loss=0.73900205 recon=0.00014366 beh=5.865894 w=0.126 lr=1.885e-04 time=0.162s
[RQ-VAE] epoch=2445 loss=0.73823297 recon=0.00014318 beh=5.853629 w=0.126 lr=1.881e-04 time=0.161s
[RQ-VAE] epoch=2446 loss=0.74067318 recon=0.00014357 beh=5.866761 w=0.126 lr=1.878e-04 time=0.162s
[RQ-VAE] epoch=2447 loss=0.74037015 recon=0.00014316 beh=5.858180 w=0.126 lr=1.875e-04 time=0.161s
[RQ-VAE] epoch=2448 loss=0.74142992 recon=0.00014283 beh=5.860368 w=0.126 lr=1.871e-04 time=0.254s
[RQ-VAE] epoch=2449 loss=0.74332714 recon=0.00014242 beh=5.869181 w=0.127 lr=1.868e-04 time=0.161s
[RQ-VAE] epoch=2450 loss=0.74269855 recon=0.00014228 lr=1.864e-04 raw_unique=23637/24587 collision=0.038638 time=0.162s
[RQ-VAE] epoch=2451 loss=0.74386418 recon=0.00014280 beh=5.861080 w=0.127 lr=1.861e-04 time=0.162s
[RQ-VAE] epoch=2452 loss=0.74364138 recon=0.00014319 beh=5.853126 w=0.127 lr=1.858e-04 time=0.163s
[RQ-VAE] epoch=2453 loss=0.74428189 recon=0.00014293 beh=5.852020 w=0.127 lr=1.854e-04 time=0.163s
[RQ-VAE] epoch=2454 loss=0.74569893 recon=0.00014209 beh=5.857059 w=0.127 lr=1.851e-04 time=0.162s
[RQ-VAE] epoch=2455 loss=0.74569529 recon=0.00014222 beh=5.850921 w=0.127 lr=1.847e-04 time=0.162s
[RQ-VAE] epoch=2456 loss=0.74834907 recon=0.00014209 beh=5.865604 w=0.127 lr=1.844e-04 time=0.162s
[RQ-VAE] epoch=2457 loss=0.74829870 recon=0.00014265 beh=5.859091 w=0.128 lr=1.841e-04 time=0.162s
[RQ-VAE] epoch=2458 loss=0.74766845 recon=0.00014276 beh=5.847997 w=0.128 lr=1.837e-04 time=0.162s
[RQ-VAE] epoch=2459 loss=0.74921566 recon=0.00014279 beh=5.854002 w=0.128 lr=1.834e-04 time=0.162s
[RQ-VAE] epoch=2460 loss=0.74999642 recon=0.00014270 beh=5.854021 w=0.128 lr=1.831e-04 time=0.162s
[RQ-VAE] epoch=2461 loss=0.75184965 recon=0.00014287 beh=5.862403 w=0.128 lr=1.827e-04 time=0.162s
[RQ-VAE] epoch=2462 loss=0.75287652 recon=0.00014308 beh=5.864340 w=0.128 lr=1.824e-04 time=0.163s
[RQ-VAE] epoch=2463 loss=0.75307798 recon=0.00014394 beh=5.859805 w=0.128 lr=1.820e-04 time=0.163s
[RQ-VAE] epoch=2464 loss=0.75308162 recon=0.00014356 beh=5.853745 w=0.129 lr=1.817e-04 time=0.163s
[RQ-VAE] epoch=2465 loss=0.75518954 recon=0.00014320 beh=5.864037 w=0.129 lr=1.814e-04 time=0.162s
[RQ-VAE] epoch=2466 loss=0.75531697 recon=0.00014296 beh=5.858958 w=0.129 lr=1.810e-04 time=0.161s
[RQ-VAE] epoch=2467 loss=0.75649679 recon=0.00014358 beh=5.862077 w=0.129 lr=1.807e-04 time=0.162s
[RQ-VAE] epoch=2468 loss=0.75720072 recon=0.00014332 beh=5.861512 w=0.129 lr=1.803e-04 time=0.162s
[RQ-VAE] epoch=2469 loss=0.75718814 recon=0.00014289 beh=5.855333 w=0.129 lr=1.800e-04 time=0.163s
[RQ-VAE] epoch=2470 loss=0.75862283 recon=0.00014265 beh=5.860373 w=0.129 lr=1.797e-04 time=0.162s
[RQ-VAE] epoch=2471 loss=0.75866544 recon=0.00014248 beh=5.854674 w=0.129 lr=1.793e-04 time=0.162s
[RQ-VAE] epoch=2472 loss=0.75940514 recon=0.00014263 beh=5.854355 w=0.130 lr=1.790e-04 time=0.162s
[RQ-VAE] epoch=2473 loss=0.75941443 recon=0.00014281 beh=5.848401 w=0.130 lr=1.786e-04 time=0.162s
[RQ-VAE] epoch=2474 loss=0.75999320 recon=0.00014276 beh=5.846842 w=0.130 lr=1.783e-04 time=0.161s
[RQ-VAE] epoch=2475 loss=0.76275378 recon=0.00014222 beh=5.862099 w=0.130 lr=1.780e-04 time=0.162s
[RQ-VAE] epoch=2476 loss=0.76427829 recon=0.00014241 beh=5.867865 w=0.130 lr=1.776e-04 time=0.162s
[RQ-VAE] epoch=2477 loss=0.76363409 recon=0.00014228 beh=5.856913 w=0.130 lr=1.773e-04 time=0.162s
[RQ-VAE] epoch=2478 loss=0.76410019 recon=0.00014185 beh=5.854490 w=0.130 lr=1.769e-04 time=0.162s
[RQ-VAE] epoch=2479 loss=0.76647717 recon=0.00014256 beh=5.866736 w=0.131 lr=1.766e-04 time=0.161s
[RQ-VAE] epoch=2480 loss=0.76597196 recon=0.00014273 beh=5.856886 w=0.131 lr=1.763e-04 time=0.163s
[RQ-VAE] epoch=2481 loss=0.76580399 recon=0.00014217 beh=5.849567 w=0.131 lr=1.759e-04 time=0.162s
[RQ-VAE] epoch=2482 loss=0.76831281 recon=0.00014209 beh=5.862765 w=0.131 lr=1.756e-04 time=0.162s
[RQ-VAE] epoch=2483 loss=0.76894462 recon=0.00014228 beh=5.861671 w=0.131 lr=1.753e-04 time=0.161s
[RQ-VAE] epoch=2484 loss=0.77054107 recon=0.00014287 beh=5.867845 w=0.131 lr=1.749e-04 time=0.162s
[RQ-VAE] epoch=2485 loss=0.76958680 recon=0.00014303 beh=5.854617 w=0.131 lr=1.746e-04 time=0.161s
[RQ-VAE] epoch=2486 loss=0.77172828 recon=0.00014359 beh=5.864968 w=0.131 lr=1.742e-04 time=0.162s
[RQ-VAE] epoch=2487 loss=0.77099800 recon=0.00014279 beh=5.853486 w=0.132 lr=1.739e-04 time=0.163s
[RQ-VAE] epoch=2488 loss=0.77217197 recon=0.00014296 beh=5.856486 w=0.132 lr=1.736e-04 time=0.162s
[RQ-VAE] epoch=2489 loss=0.77313733 recon=0.00014233 beh=5.857910 w=0.132 lr=1.732e-04 time=0.162s
[RQ-VAE] epoch=2490 loss=0.77404827 recon=0.00014244 beh=5.858881 w=0.132 lr=1.729e-04 time=0.161s
[RQ-VAE] epoch=2491 loss=0.77434236 recon=0.00014239 beh=5.855170 w=0.132 lr=1.725e-04 time=0.161s
[RQ-VAE] epoch=2492 loss=0.77518511 recon=0.00014294 beh=5.855606 w=0.132 lr=1.722e-04 time=0.161s
[RQ-VAE] epoch=2493 loss=0.77541798 recon=0.00014309 beh=5.851452 w=0.132 lr=1.719e-04 time=0.161s
[RQ-VAE] epoch=2494 loss=0.77800572 recon=0.00014226 beh=5.865121 w=0.133 lr=1.715e-04 time=0.163s
[RQ-VAE] epoch=2495 loss=0.77624720 recon=0.00014193 beh=5.845965 w=0.133 lr=1.712e-04 time=0.161s
[RQ-VAE] epoch=2496 loss=0.77772099 recon=0.00014203 beh=5.851204 w=0.133 lr=1.708e-04 time=0.161s
[RQ-VAE] epoch=2497 loss=0.77850896 recon=0.00014190 beh=5.851279 w=0.133 lr=1.705e-04 time=0.162s
[RQ-VAE] epoch=2498 loss=0.78052527 recon=0.00014225 beh=5.860531 w=0.133 lr=1.702e-04 time=0.161s
[RQ-VAE] epoch=2499 loss=0.78032982 recon=0.00014217 beh=5.853201 w=0.133 lr=1.698e-04 time=0.161s
[RQ-VAE] epoch=2500 loss=0.78148240 recon=0.00014214 lr=1.695e-04 raw_unique=23617/24587 collision=0.039452 time=0.16s
[RQ-VAE] epoch=2501 loss=0.78262883 recon=0.00014177 beh=5.858758 w=0.133 lr=1.692e-04 time=0.164s
[RQ-VAE] epoch=2502 loss=0.78330219 recon=0.00014206 beh=5.857974 w=0.134 lr=1.688e-04 time=0.16s
[RQ-VAE] epoch=2503 loss=0.78452116 recon=0.00014258 beh=5.861221 w=0.134 lr=1.685e-04 time=0.16s
[RQ-VAE] epoch=2504 loss=0.78559530 recon=0.00014214 beh=5.863420 w=0.134 lr=1.681e-04 time=0.161s
[RQ-VAE] epoch=2505 loss=0.78559011 recon=0.00014234 beh=5.857548 w=0.134 lr=1.678e-04 time=0.269s
[RQ-VAE] epoch=2506 loss=0.78575146 recon=0.00014213 beh=5.852926 w=0.134 lr=1.675e-04 time=0.162s
[RQ-VAE] epoch=2507 loss=0.78553522 recon=0.00014186 beh=5.845523 w=0.134 lr=1.671e-04 time=0.162s
[RQ-VAE] epoch=2508 loss=0.78781331 recon=0.00014190 beh=5.856665 w=0.134 lr=1.668e-04 time=0.161s
[RQ-VAE] epoch=2509 loss=0.78694135 recon=0.00014169 beh=5.844340 w=0.135 lr=1.664e-04 time=0.162s
[RQ-VAE] epoch=2510 loss=0.78817046 recon=0.00014162 beh=5.847676 w=0.135 lr=1.661e-04 time=0.163s
[RQ-VAE] epoch=2511 loss=0.78834552 recon=0.00014218 beh=5.843161 w=0.135 lr=1.658e-04 time=0.162s
[RQ-VAE] epoch=2512 loss=0.78794312 recon=0.00014228 beh=5.834378 w=0.135 lr=1.654e-04 time=0.163s
[RQ-VAE] epoch=2513 loss=0.79055327 recon=0.00014259 beh=5.847930 w=0.135 lr=1.651e-04 time=0.162s
[RQ-VAE] epoch=2514 loss=0.79284585 recon=0.00014219 beh=5.859155 w=0.135 lr=1.647e-04 time=0.163s
[RQ-VAE] epoch=2515 loss=0.79406124 recon=0.00014165 beh=5.862410 w=0.135 lr=1.644e-04 time=0.162s
[RQ-VAE] epoch=2516 loss=0.79382086 recon=0.00014215 beh=5.854883 w=0.135 lr=1.641e-04 time=0.163s
[RQ-VAE] epoch=2517 loss=0.79367274 recon=0.00014173 beh=5.848003 w=0.136 lr=1.637e-04 time=0.162s
[RQ-VAE] epoch=2518 loss=0.79416031 recon=0.00014140 beh=5.845824 w=0.136 lr=1.634e-04 time=0.162s
[RQ-VAE] epoch=2519 loss=0.79598844 recon=0.00014113 beh=5.853551 w=0.136 lr=1.631e-04 time=0.162s
[RQ-VAE] epoch=2520 loss=0.79698372 recon=0.00014134 beh=5.855111 w=0.136 lr=1.627e-04 time=0.177s
[RQ-VAE] epoch=2521 loss=0.79729164 recon=0.00014190 beh=5.851686 w=0.136 lr=1.624e-04 time=0.164s
[RQ-VAE] epoch=2522 loss=0.79815400 recon=0.00014211 beh=5.852302 w=0.136 lr=1.620e-04 time=0.162s
[RQ-VAE] epoch=2523 loss=0.79877019 recon=0.00014235 beh=5.851079 w=0.136 lr=1.617e-04 time=0.163s
[RQ-VAE] epoch=2524 loss=0.80055338 recon=0.00014214 beh=5.858427 w=0.137 lr=1.614e-04 time=0.162s
[RQ-VAE] epoch=2525 loss=0.80208063 recon=0.00014211 beh=5.863866 w=0.137 lr=1.610e-04 time=0.163s
[RQ-VAE] epoch=2526 loss=0.80231744 recon=0.00014213 beh=5.859913 w=0.137 lr=1.607e-04 time=0.165s
[RQ-VAE] epoch=2527 loss=0.80169690 recon=0.00014220 beh=5.849665 w=0.137 lr=1.603e-04 time=0.163s
[RQ-VAE] epoch=2528 loss=0.80412602 recon=0.00014267 beh=5.861656 w=0.137 lr=1.600e-04 time=0.162s
[RQ-VAE] epoch=2529 loss=0.80490190 recon=0.00014258 beh=5.861606 w=0.137 lr=1.597e-04 time=0.163s
[RQ-VAE] epoch=2530 loss=0.80456644 recon=0.00014242 beh=5.853504 w=0.137 lr=1.593e-04 time=0.161s
[RQ-VAE] epoch=2531 loss=0.80481124 recon=0.00014307 beh=5.849615 w=0.137 lr=1.590e-04 time=0.162s
[RQ-VAE] epoch=2532 loss=0.80419916 recon=0.00014292 beh=5.839487 w=0.138 lr=1.586e-04 time=0.162s
[RQ-VAE] epoch=2533 loss=0.80718559 recon=0.00014239 beh=5.855511 w=0.138 lr=1.583e-04 time=0.162s
[RQ-VAE] epoch=2534 loss=0.80780274 recon=0.00014241 beh=5.854347 w=0.138 lr=1.580e-04 time=0.254s
[RQ-VAE] epoch=2535 loss=0.80766869 recon=0.00014214 beh=5.847721 w=0.138 lr=1.576e-04 time=0.162s
[RQ-VAE] epoch=2536 loss=0.81067163 recon=0.00014204 beh=5.863803 w=0.138 lr=1.573e-04 time=0.162s
[RQ-VAE] epoch=2537 loss=0.81044555 recon=0.00014187 beh=5.856527 w=0.138 lr=1.569e-04 time=0.161s
[RQ-VAE] epoch=2538 loss=0.81100518 recon=0.00014188 beh=5.854905 w=0.138 lr=1.566e-04 time=0.164s
[RQ-VAE] epoch=2539 loss=0.81034380 recon=0.00014221 beh=5.844501 w=0.139 lr=1.563e-04 time=0.161s
[RQ-VAE] epoch=2540 loss=0.81322312 recon=0.00014196 beh=5.859676 w=0.139 lr=1.559e-04 time=0.161s
[RQ-VAE] epoch=2541 loss=0.81311750 recon=0.00014161 beh=5.853268 w=0.139 lr=1.556e-04 time=0.162s
[RQ-VAE] epoch=2542 loss=0.81310987 recon=0.00014179 beh=5.847589 w=0.139 lr=1.553e-04 time=0.162s
[RQ-VAE] epoch=2543 loss=0.81440377 recon=0.00014267 beh=5.851292 w=0.139 lr=1.549e-04 time=0.162s
[RQ-VAE] epoch=2544 loss=0.81368297 recon=0.00014281 beh=5.840508 w=0.139 lr=1.546e-04 time=0.162s
[RQ-VAE] epoch=2545 loss=0.81652921 recon=0.00014221 beh=5.855322 w=0.139 lr=1.542e-04 time=0.162s
[RQ-VAE] epoch=2546 loss=0.81637061 recon=0.00014233 beh=5.848584 w=0.139 lr=1.539e-04 time=0.162s
[RQ-VAE] epoch=2547 loss=0.81897843 recon=0.00014260 beh=5.861674 w=0.140 lr=1.536e-04 time=0.16s
[RQ-VAE] epoch=2548 loss=0.81802374 recon=0.00014285 beh=5.849276 w=0.140 lr=1.532e-04 time=0.16s
[RQ-VAE] epoch=2549 loss=0.81990451 recon=0.00014307 beh=5.857158 w=0.140 lr=1.529e-04 time=0.161s
[RQ-VAE] epoch=2550 loss=0.82082886 recon=0.00014264 lr=1.525e-04 raw_unique=23669/24587 collision=0.037337 time=0.162s
[RQ-VAE] epoch=2551 loss=0.82080406 recon=0.00014249 beh=5.852442 w=0.140 lr=1.522e-04 time=0.161s
[RQ-VAE] epoch=2552 loss=0.82200313 recon=0.00014261 beh=5.855422 w=0.140 lr=1.519e-04 time=0.161s
[RQ-VAE] epoch=2553 loss=0.82387114 recon=0.00014229 beh=5.863168 w=0.140 lr=1.515e-04 time=0.161s
[RQ-VAE] epoch=2554 loss=0.82345319 recon=0.00014219 beh=5.854653 w=0.141 lr=1.512e-04 time=0.26s
[RQ-VAE] epoch=2555 loss=0.82376647 recon=0.00014227 beh=5.851331 w=0.141 lr=1.508e-04 time=0.161s
[RQ-VAE] epoch=2556 loss=0.82367587 recon=0.00014284 beh=5.845128 w=0.141 lr=1.505e-04 time=0.162s
[RQ-VAE] epoch=2557 loss=0.82439160 recon=0.00014341 beh=5.844638 w=0.141 lr=1.502e-04 time=0.162s
[RQ-VAE] epoch=2558 loss=0.82634848 recon=0.00014319 beh=5.852934 w=0.141 lr=1.498e-04 time=0.16s
[RQ-VAE] epoch=2559 loss=0.82611662 recon=0.00014253 beh=5.845790 w=0.141 lr=1.495e-04 time=0.163s
[RQ-VAE] epoch=2560 loss=0.82630384 recon=0.00014166 beh=5.841632 w=0.141 lr=1.492e-04 time=0.161s
[RQ-VAE] epoch=2561 loss=0.82879448 recon=0.00014231 beh=5.853722 w=0.141 lr=1.488e-04 time=0.161s
[RQ-VAE] epoch=2562 loss=0.82993180 recon=0.00014257 beh=5.856269 w=0.142 lr=1.485e-04 time=0.161s
[RQ-VAE] epoch=2563 loss=0.82844377 recon=0.00014239 beh=5.840233 w=0.142 lr=1.481e-04 time=0.162s
[RQ-VAE] epoch=2564 loss=0.83012372 recon=0.00014154 beh=5.846586 w=0.142 lr=1.478e-04 time=0.161s
[RQ-VAE] epoch=2565 loss=0.83265078 recon=0.00014145 beh=5.858893 w=0.142 lr=1.475e-04 time=0.161s
[RQ-VAE] epoch=2566 loss=0.83370435 recon=0.00014193 beh=5.860832 w=0.142 lr=1.471e-04 time=0.161s
[RQ-VAE] epoch=2567 loss=0.83328515 recon=0.00014233 beh=5.852382 w=0.142 lr=1.468e-04 time=0.161s
[RQ-VAE] epoch=2568 loss=0.83362913 recon=0.00014222 beh=5.849308 w=0.142 lr=1.464e-04 time=0.161s
[RQ-VAE] epoch=2569 loss=0.83594549 recon=0.00014205 beh=5.860119 w=0.143 lr=1.461e-04 time=0.254s
[RQ-VAE] epoch=2570 loss=0.83553982 recon=0.00014234 beh=5.851817 w=0.143 lr=1.458e-04 time=0.16s
[RQ-VAE] epoch=2571 loss=0.83755457 recon=0.00014244 beh=5.860435 w=0.143 lr=1.454e-04 time=0.161s
[RQ-VAE] epoch=2572 loss=0.83744025 recon=0.00014183 beh=5.854152 w=0.143 lr=1.451e-04 time=0.161s
[RQ-VAE] epoch=2573 loss=0.83832633 recon=0.00014107 beh=5.854905 w=0.143 lr=1.447e-04 time=0.161s
[RQ-VAE] epoch=2574 loss=0.84022439 recon=0.00014151 beh=5.862689 w=0.143 lr=1.444e-04 time=0.162s
[RQ-VAE] epoch=2575 loss=0.83949518 recon=0.00014203 beh=5.852126 w=0.143 lr=1.441e-04 time=0.161s
[RQ-VAE] epoch=2576 loss=0.84145892 recon=0.00014253 beh=5.860394 w=0.143 lr=1.437e-04 time=0.161s
[RQ-VAE] epoch=2577 loss=0.84095979 recon=0.00014303 beh=5.851486 w=0.144 lr=1.434e-04 time=0.161s
[RQ-VAE] epoch=2578 loss=0.84226680 recon=0.00014282 beh=5.855148 w=0.144 lr=1.431e-04 time=0.161s
[RQ-VAE] epoch=2579 loss=0.84245980 recon=0.00014205 beh=5.851068 w=0.144 lr=1.427e-04 time=0.161s
[RQ-VAE] epoch=2580 loss=0.84277296 recon=0.00014141 beh=5.847828 w=0.144 lr=1.424e-04 time=0.162s
[RQ-VAE] epoch=2581 loss=0.84312105 recon=0.00014214 beh=5.844847 w=0.144 lr=1.420e-04 time=0.162s
[RQ-VAE] epoch=2582 loss=0.84529638 recon=0.00014193 beh=5.854521 w=0.144 lr=1.417e-04 time=0.161s
[RQ-VAE] epoch=2583 loss=0.84758550 recon=0.00014235 beh=5.864966 w=0.144 lr=1.414e-04 time=0.162s
[RQ-VAE] epoch=2584 loss=0.84768653 recon=0.00014259 beh=5.860233 w=0.145 lr=1.410e-04 time=0.162s
[RQ-VAE] epoch=2585 loss=0.84802628 recon=0.00014210 beh=5.857228 w=0.145 lr=1.407e-04 time=0.162s
[RQ-VAE] epoch=2586 loss=0.84760129 recon=0.00014257 beh=5.848863 w=0.145 lr=1.403e-04 time=0.161s
[RQ-VAE] epoch=2587 loss=0.84994900 recon=0.00014253 beh=5.859671 w=0.145 lr=1.400e-04 time=0.162s
[RQ-VAE] epoch=2588 loss=0.85032880 recon=0.00014227 beh=5.856902 w=0.145 lr=1.397e-04 time=0.161s
[RQ-VAE] epoch=2589 loss=0.85186225 recon=0.00014231 beh=5.862123 w=0.145 lr=1.393e-04 time=0.161s
[RQ-VAE] epoch=2590 loss=0.85080123 recon=0.00014209 beh=5.849434 w=0.145 lr=1.390e-04 time=0.161s
[RQ-VAE] epoch=2591 loss=0.85172606 recon=0.00014226 beh=5.850407 w=0.145 lr=1.386e-04 time=0.162s
[RQ-VAE] epoch=2592 loss=0.85385430 recon=0.00014251 beh=5.859642 w=0.146 lr=1.383e-04 time=0.162s
[RQ-VAE] epoch=2593 loss=0.85327828 recon=0.00014272 beh=5.850356 w=0.146 lr=1.380e-04 time=0.162s
[RQ-VAE] epoch=2594 loss=0.85584027 recon=0.00014249 beh=5.862589 w=0.146 lr=1.376e-04 time=0.161s
[RQ-VAE] epoch=2595 loss=0.85540515 recon=0.00014220 beh=5.854269 w=0.146 lr=1.373e-04 time=0.162s
[RQ-VAE] epoch=2596 loss=0.85622627 recon=0.00014238 beh=5.854524 w=0.146 lr=1.369e-04 time=0.162s
[RQ-VAE] epoch=2597 loss=0.85487366 recon=0.00014224 beh=5.839943 w=0.146 lr=1.366e-04 time=0.161s
[RQ-VAE] epoch=2598 loss=0.85767335 recon=0.00014234 beh=5.853746 w=0.146 lr=1.363e-04 time=0.161s
[RQ-VAE] epoch=2599 loss=0.85793406 recon=0.00014197 beh=5.850228 w=0.147 lr=1.359e-04 time=0.162s
[RQ-VAE] epoch=2600 loss=0.86065102 recon=0.00014200 lr=1.356e-04 raw_unique=23677/24587 collision=0.037011 time=0.161s
[RQ-VAE] epoch=2601 loss=0.85771775 recon=0.00014212 beh=5.838129 w=0.147 lr=1.353e-04 time=0.161s
[RQ-VAE] epoch=2602 loss=0.86132872 recon=0.00014214 beh=5.857344 w=0.147 lr=1.349e-04 time=0.161s
[RQ-VAE] epoch=2603 loss=0.86168146 recon=0.00014182 beh=5.854428 w=0.147 lr=1.346e-04 time=0.161s
[RQ-VAE] epoch=2604 loss=0.86098504 recon=0.00014222 beh=5.844401 w=0.147 lr=1.342e-04 time=0.161s
[RQ-VAE] epoch=2605 loss=0.86271161 recon=0.00014309 beh=5.850807 w=0.147 lr=1.339e-04 time=0.161s
[RQ-VAE] epoch=2606 loss=0.86400259 recon=0.00014286 beh=5.854272 w=0.147 lr=1.336e-04 time=0.161s
[RQ-VAE] epoch=2607 loss=0.86363006 recon=0.00014206 beh=5.846477 w=0.148 lr=1.332e-04 time=0.161s
[RQ-VAE] epoch=2608 loss=0.86357743 recon=0.00014125 beh=5.840863 w=0.148 lr=1.329e-04 time=0.161s
[RQ-VAE] epoch=2609 loss=0.86640263 recon=0.00014228 beh=5.854703 w=0.148 lr=1.325e-04 time=0.16s
[RQ-VAE] epoch=2610 loss=0.86706620 recon=0.00014214 beh=5.853934 w=0.148 lr=1.322e-04 time=0.162s
[RQ-VAE] epoch=2611 loss=0.86783123 recon=0.00014225 beh=5.853823 w=0.148 lr=1.319e-04 time=0.162s
[RQ-VAE] epoch=2612 loss=0.87036455 recon=0.00014193 beh=5.865641 w=0.148 lr=1.315e-04 time=0.16s
[RQ-VAE] epoch=2613 loss=0.86851561 recon=0.00014180 beh=5.847902 w=0.148 lr=1.312e-04 time=0.161s
[RQ-VAE] epoch=2614 loss=0.87015706 recon=0.00014153 beh=5.853733 w=0.149 lr=1.308e-04 time=0.16s
[RQ-VAE] epoch=2615 loss=0.87136590 recon=0.00014203 beh=5.856596 w=0.149 lr=1.305e-04 time=0.16s
[RQ-VAE] epoch=2616 loss=0.87289476 recon=0.00014196 beh=5.861618 w=0.149 lr=1.302e-04 time=0.161s
[RQ-VAE] epoch=2617 loss=0.87283379 recon=0.00014203 beh=5.855991 w=0.149 lr=1.298e-04 time=0.161s
[RQ-VAE] epoch=2618 loss=0.87293655 recon=0.00014204 beh=5.851436 w=0.149 lr=1.295e-04 time=0.161s
[RQ-VAE] epoch=2619 loss=0.87531942 recon=0.00014215 beh=5.862153 w=0.149 lr=1.292e-04 time=0.161s
[RQ-VAE] epoch=2620 loss=0.87353235 recon=0.00014257 beh=5.844944 w=0.149 lr=1.288e-04 time=0.161s
[RQ-VAE] epoch=2621 loss=0.87508464 recon=0.00014195 beh=5.850117 w=0.149 lr=1.285e-04 time=0.159s
[RQ-VAE] epoch=2622 loss=0.87617540 recon=0.00014159 beh=5.852200 w=0.150 lr=1.281e-04 time=0.16s
[RQ-VAE] epoch=2623 loss=0.87724590 recon=0.00014225 beh=5.854122 w=0.150 lr=1.278e-04 time=0.16s
[RQ-VAE] epoch=2624 loss=0.87652349 recon=0.00014210 beh=5.844106 w=0.150 lr=1.275e-04 time=0.16s
[RQ-VAE] epoch=2625 loss=0.87936020 recon=0.00014218 beh=5.857804 w=0.150 lr=1.271e-04 time=0.16s
[RQ-VAE] epoch=2626 loss=0.87924331 recon=0.00014197 beh=5.851812 w=0.150 lr=1.268e-04 time=0.257s
[RQ-VAE] epoch=2627 loss=0.87997872 recon=0.00014193 beh=5.851533 w=0.150 lr=1.264e-04 time=0.161s
[RQ-VAE] epoch=2628 loss=0.88168883 recon=0.00014225 beh=5.857723 w=0.150 lr=1.261e-04 time=0.162s
[RQ-VAE] epoch=2629 loss=0.88314509 recon=0.00014282 beh=5.862228 w=0.151 lr=1.258e-04 time=0.161s
[RQ-VAE] epoch=2630 loss=0.88300359 recon=0.00014278 beh=5.856092 w=0.151 lr=1.254e-04 time=0.161s
[RQ-VAE] epoch=2631 loss=0.88316453 recon=0.00014256 beh=5.851967 w=0.151 lr=1.251e-04 time=0.162s
[RQ-VAE] epoch=2632 loss=0.88425797 recon=0.00014255 beh=5.854046 w=0.151 lr=1.247e-04 time=0.162s
[RQ-VAE] epoch=2633 loss=0.88431829 recon=0.00014266 beh=5.849262 w=0.151 lr=1.244e-04 time=0.161s
[RQ-VAE] epoch=2634 loss=0.88603580 recon=0.00014225 beh=5.855470 w=0.151 lr=1.241e-04 time=0.162s
[RQ-VAE] epoch=2635 loss=0.88686413 recon=0.00014233 beh=5.855820 w=0.151 lr=1.237e-04 time=0.162s
[RQ-VAE] epoch=2636 loss=0.88748670 recon=0.00014234 beh=5.854773 w=0.151 lr=1.234e-04 time=0.161s
[RQ-VAE] epoch=2637 loss=0.88769197 recon=0.00014235 beh=5.850960 w=0.152 lr=1.231e-04 time=0.161s
[RQ-VAE] epoch=2638 loss=0.88931477 recon=0.00014235 beh=5.856522 w=0.152 lr=1.227e-04 time=0.161s
[RQ-VAE] epoch=2639 loss=0.88868177 recon=0.00014233 beh=5.847187 w=0.152 lr=1.224e-04 time=0.162s
[RQ-VAE] epoch=2640 loss=0.89070606 recon=0.00014194 beh=5.855363 w=0.152 lr=1.220e-04 time=0.162s
[RQ-VAE] epoch=2641 loss=0.88998336 recon=0.00014195 beh=5.845500 w=0.152 lr=1.217e-04 time=0.161s
[RQ-VAE] epoch=2642 loss=0.89196068 recon=0.00014206 beh=5.853364 w=0.152 lr=1.214e-04 time=0.163s
[RQ-VAE] epoch=2643 loss=0.89318323 recon=0.00014194 beh=5.856250 w=0.152 lr=1.210e-04 time=0.161s
[RQ-VAE] epoch=2644 loss=0.89243269 recon=0.00014220 beh=5.846232 w=0.153 lr=1.207e-04 time=0.161s
[RQ-VAE] epoch=2645 loss=0.89488947 recon=0.00014246 beh=5.857215 w=0.153 lr=1.203e-04 time=0.162s
[RQ-VAE] epoch=2646 loss=0.89431262 recon=0.00014230 beh=5.848312 w=0.153 lr=1.200e-04 time=0.161s
[RQ-VAE] epoch=2647 loss=0.89528137 recon=0.00014280 beh=5.849542 w=0.153 lr=1.197e-04 time=0.161s
[RQ-VAE] epoch=2648 loss=0.89597714 recon=0.00014223 beh=5.849000 w=0.153 lr=1.193e-04 time=0.161s
[RQ-VAE] epoch=2649 loss=0.89911640 recon=0.00014214 beh=5.864400 w=0.153 lr=1.190e-04 time=0.162s
[RQ-VAE] epoch=2650 loss=0.89885390 recon=0.00014199 lr=1.186e-04 raw_unique=23719/24587 collision=0.035303 time=0.162s
[RQ-VAE] epoch=2651 loss=0.89900041 recon=0.00014221 beh=5.853497 w=0.153 lr=1.183e-04 time=0.163s
[RQ-VAE] epoch=2652 loss=0.90079725 recon=0.00014202 beh=5.860116 w=0.154 lr=1.180e-04 time=0.162s
[RQ-VAE] epoch=2653 loss=0.90037894 recon=0.00014240 beh=5.852304 w=0.154 lr=1.176e-04 time=0.161s
[RQ-VAE] epoch=2654 loss=0.90176284 recon=0.00014262 beh=5.856199 w=0.154 lr=1.173e-04 time=0.162s
[RQ-VAE] epoch=2655 loss=0.90122598 recon=0.00014206 beh=5.847630 w=0.154 lr=1.169e-04 time=0.253s
[RQ-VAE] epoch=2656 loss=0.90078318 recon=0.00014259 beh=5.839689 w=0.154 lr=1.166e-04 time=0.162s
[RQ-VAE] epoch=2657 loss=0.90244442 recon=0.00014250 beh=5.845424 w=0.154 lr=1.163e-04 time=0.161s
[RQ-VAE] epoch=2658 loss=0.90340710 recon=0.00014273 beh=5.846632 w=0.154 lr=1.159e-04 time=0.162s
[RQ-VAE] epoch=2659 loss=0.90459269 recon=0.00014258 beh=5.849244 w=0.155 lr=1.156e-04 time=0.162s
[RQ-VAE] epoch=2660 loss=0.90684044 recon=0.00014267 beh=5.858733 w=0.155 lr=1.153e-04 time=0.161s
[RQ-VAE] epoch=2661 loss=0.90769082 recon=0.00014259 beh=5.859201 w=0.155 lr=1.149e-04 time=0.162s
[RQ-VAE] epoch=2662 loss=0.90681827 recon=0.00014271 beh=5.848517 w=0.155 lr=1.146e-04 time=0.161s
[RQ-VAE] epoch=2663 loss=0.90751845 recon=0.00014317 beh=5.847976 w=0.155 lr=1.142e-04 time=0.161s
[RQ-VAE] epoch=2664 loss=0.91000712 recon=0.00014246 beh=5.859013 w=0.155 lr=1.139e-04 time=0.162s
[RQ-VAE] epoch=2665 loss=0.91163397 recon=0.00014250 beh=5.864485 w=0.155 lr=1.136e-04 time=0.162s
[RQ-VAE] epoch=2666 loss=0.91081929 recon=0.00014228 beh=5.854227 w=0.155 lr=1.132e-04 time=0.162s
[RQ-VAE] epoch=2667 loss=0.91056377 recon=0.00014229 beh=5.847554 w=0.156 lr=1.129e-04 time=0.16s
[RQ-VAE] epoch=2668 loss=0.91241252 recon=0.00014247 beh=5.854378 w=0.156 lr=1.125e-04 time=0.16s
[RQ-VAE] epoch=2669 loss=0.91182619 recon=0.00014256 beh=5.845578 w=0.156 lr=1.122e-04 time=0.161s
[RQ-VAE] epoch=2670 loss=0.91263294 recon=0.00014261 beh=5.845756 w=0.156 lr=1.119e-04 time=0.161s
[RQ-VAE] epoch=2671 loss=0.91330743 recon=0.00014298 beh=5.845100 w=0.156 lr=1.115e-04 time=0.161s
[RQ-VAE] epoch=2672 loss=0.91354811 recon=0.00014289 beh=5.841685 w=0.156 lr=1.112e-04 time=0.161s
[RQ-VAE] epoch=2673 loss=0.91331768 recon=0.00014248 beh=5.835228 w=0.156 lr=1.108e-04 time=0.161s
[RQ-VAE] epoch=2674 loss=0.91629100 recon=0.00014239 beh=5.849239 w=0.157 lr=1.105e-04 time=0.162s
[RQ-VAE] epoch=2675 loss=0.91586709 recon=0.00014230 beh=5.841565 w=0.157 lr=1.102e-04 time=0.252s
[RQ-VAE] epoch=2676 loss=0.91845036 recon=0.00014228 beh=5.853058 w=0.157 lr=1.098e-04 time=0.162s
[RQ-VAE] epoch=2677 loss=0.91935527 recon=0.00014277 beh=5.853846 w=0.157 lr=1.095e-04 time=0.161s
[RQ-VAE] epoch=2678 loss=0.91999125 recon=0.00014253 beh=5.852938 w=0.157 lr=1.092e-04 time=0.162s
[RQ-VAE] epoch=2679 loss=0.91963750 recon=0.00014300 beh=5.845702 w=0.157 lr=1.088e-04 time=0.162s
[RQ-VAE] epoch=2680 loss=0.92137349 recon=0.00014304 beh=5.851771 w=0.157 lr=1.085e-04 time=0.162s
[RQ-VAE] epoch=2681 loss=0.92082632 recon=0.00014334 beh=5.843319 w=0.157 lr=1.081e-04 time=0.162s
[RQ-VAE] epoch=2682 loss=0.92273062 recon=0.00014289 beh=5.850467 w=0.158 lr=1.078e-04 time=0.161s
[RQ-VAE] epoch=2683 loss=0.92385584 recon=0.00014221 beh=5.852692 w=0.158 lr=1.075e-04 time=0.162s
[RQ-VAE] epoch=2684 loss=0.92482048 recon=0.00014238 beh=5.853839 w=0.158 lr=1.071e-04 time=0.162s
[RQ-VAE] epoch=2685 loss=0.92633903 recon=0.00014201 beh=5.858526 w=0.158 lr=1.068e-04 time=0.16s
[RQ-VAE] epoch=2686 loss=0.92502052 recon=0.00014240 beh=5.845263 w=0.158 lr=1.064e-04 time=0.161s
[RQ-VAE] epoch=2687 loss=0.92672783 recon=0.00014242 beh=5.851154 w=0.158 lr=1.061e-04 time=0.162s
[RQ-VAE] epoch=2688 loss=0.92883402 recon=0.00014229 beh=5.859516 w=0.158 lr=1.058e-04 time=0.161s
[RQ-VAE] epoch=2689 loss=0.92865419 recon=0.00014245 beh=5.853453 w=0.159 lr=1.054e-04 time=0.162s
[RQ-VAE] epoch=2690 loss=0.93015707 recon=0.00014272 beh=5.858022 w=0.159 lr=1.051e-04 time=0.252s
[RQ-VAE] epoch=2691 loss=0.93052053 recon=0.00014267 beh=5.855393 w=0.159 lr=1.047e-04 time=0.16s
[RQ-VAE] epoch=2692 loss=0.93040341 recon=0.00014285 beh=5.849730 w=0.159 lr=1.044e-04 time=0.161s
[RQ-VAE] epoch=2693 loss=0.93118531 recon=0.00014307 beh=5.849735 w=0.159 lr=1.041e-04 time=0.16s
[RQ-VAE] epoch=2694 loss=0.93031192 recon=0.00014233 beh=5.839336 w=0.159 lr=1.037e-04 time=0.161s
[RQ-VAE] epoch=2695 loss=0.93223858 recon=0.00014214 beh=5.846519 w=0.159 lr=1.034e-04 time=0.16s
[RQ-VAE] epoch=2696 loss=0.93457359 recon=0.00014193 beh=5.856284 w=0.159 lr=1.031e-04 time=0.159s
[RQ-VAE] epoch=2697 loss=0.93514514 recon=0.00014205 beh=5.854993 w=0.160 lr=1.027e-04 time=0.159s
[RQ-VAE] epoch=2698 loss=0.93620741 recon=0.00014178 beh=5.856772 w=0.160 lr=1.024e-04 time=0.159s
[RQ-VAE] epoch=2699 loss=0.93721259 recon=0.00014220 beh=5.858190 w=0.160 lr=1.020e-04 time=0.161s
[RQ-VAE] epoch=2700 loss=0.93733245 recon=0.00014212 lr=1.017e-04 raw_unique=23699/24587 collision=0.036117 time=0.161s
[RQ-VAE] epoch=2701 loss=0.93783712 recon=0.00014219 beh=5.852315 w=0.160 lr=1.014e-04 time=0.16s
[RQ-VAE] epoch=2702 loss=0.93924928 recon=0.00014234 beh=5.856267 w=0.160 lr=1.010e-04 time=0.161s
[RQ-VAE] epoch=2703 loss=0.93883884 recon=0.00014234 beh=5.848828 w=0.160 lr=1.007e-04 time=0.16s
[RQ-VAE] epoch=2704 loss=0.94075048 recon=0.00014231 beh=5.855866 w=0.161 lr=1.003e-04 time=0.159s
[RQ-VAE] epoch=2705 loss=0.94206953 recon=0.00014293 beh=5.859205 w=0.161 lr=1.000e-04 time=0.16s
[RQ-VAE] epoch=2706 loss=0.94226974 recon=0.00014247 beh=5.855628 w=0.161 lr=9.966e-05 time=0.16s
[RQ-VAE] epoch=2707 loss=0.94396269 recon=0.00014293 beh=5.861275 w=0.161 lr=9.932e-05 time=0.16s
[RQ-VAE] epoch=2708 loss=0.94342041 recon=0.00014207 beh=5.853068 w=0.161 lr=9.898e-05 time=0.16s
[RQ-VAE] epoch=2709 loss=0.94232821 recon=0.00014231 beh=5.841440 w=0.161 lr=9.864e-05 time=0.159s
[RQ-VAE] epoch=2710 loss=0.94579744 recon=0.00014190 beh=5.858120 w=0.161 lr=9.831e-05 time=0.16s
[RQ-VAE] epoch=2711 loss=0.94469923 recon=0.00014221 beh=5.846465 w=0.161 lr=9.797e-05 time=0.16s
[RQ-VAE] epoch=2712 loss=0.94404322 recon=0.00014223 beh=5.837576 w=0.162 lr=9.763e-05 time=0.16s
[RQ-VAE] epoch=2713 loss=0.94630146 recon=0.00014246 beh=5.846732 w=0.162 lr=9.729e-05 time=0.16s
[RQ-VAE] epoch=2714 loss=0.94733381 recon=0.00014291 beh=5.848279 w=0.162 lr=9.695e-05 time=0.16s
[RQ-VAE] epoch=2715 loss=0.94726449 recon=0.00014253 beh=5.843042 w=0.162 lr=9.661e-05 time=0.159s
[RQ-VAE] epoch=2716 loss=0.94832867 recon=0.00014235 beh=5.844809 w=0.162 lr=9.627e-05 time=0.159s
[RQ-VAE] epoch=2717 loss=0.95045161 recon=0.00014225 beh=5.853077 w=0.162 lr=9.593e-05 time=0.16s
[RQ-VAE] epoch=2718 loss=0.95194000 recon=0.00014229 beh=5.857439 w=0.162 lr=9.559e-05 time=0.16s
[RQ-VAE] epoch=2719 loss=0.95140612 recon=0.00014233 beh=5.849357 w=0.163 lr=9.525e-05 time=0.159s
[RQ-VAE] epoch=2720 loss=0.95219481 recon=0.00014204 beh=5.849421 w=0.163 lr=9.492e-05 time=0.16s
[RQ-VAE] epoch=2721 loss=0.95165300 recon=0.00014192 beh=5.841308 w=0.163 lr=9.458e-05 time=0.159s
[RQ-VAE] epoch=2722 loss=0.95349926 recon=0.00014237 beh=5.847855 w=0.163 lr=9.424e-05 time=0.159s
[RQ-VAE] epoch=2723 loss=0.95330429 recon=0.00014198 beh=5.841873 w=0.163 lr=9.390e-05 time=0.16s
[RQ-VAE] epoch=2724 loss=0.95454049 recon=0.00014196 beh=5.844666 w=0.163 lr=9.356e-05 time=0.159s
[RQ-VAE] epoch=2725 loss=0.95737386 recon=0.00014167 beh=5.857231 w=0.163 lr=9.322e-05 time=0.16s
[RQ-VAE] epoch=2726 loss=0.95525640 recon=0.00014149 beh=5.839495 w=0.163 lr=9.288e-05 time=0.16s
[RQ-VAE] epoch=2727 loss=0.95653331 recon=0.00014160 beh=5.842525 w=0.164 lr=9.254e-05 time=0.166s
[RQ-VAE] epoch=2728 loss=0.95878047 recon=0.00014136 beh=5.851489 w=0.164 lr=9.220e-05 time=0.169s
[RQ-VAE] epoch=2729 loss=0.95748442 recon=0.00014229 beh=5.838820 w=0.164 lr=9.186e-05 time=0.169s
[RQ-VAE] epoch=2730 loss=0.95864016 recon=0.00014205 beh=5.841147 w=0.164 lr=9.153e-05 time=0.172s
[RQ-VAE] epoch=2731 loss=0.95993143 recon=0.00014156 beh=5.844273 w=0.164 lr=9.119e-05 time=0.169s
[RQ-VAE] epoch=2732 loss=0.96209216 recon=0.00014186 beh=5.852679 w=0.164 lr=9.085e-05 time=0.167s
[RQ-VAE] epoch=2733 loss=0.96373165 recon=0.00014152 beh=5.857926 w=0.164 lr=9.051e-05 time=0.167s
[RQ-VAE] epoch=2734 loss=0.96357703 recon=0.00014201 beh=5.852249 w=0.165 lr=9.017e-05 time=0.167s
[RQ-VAE] epoch=2735 loss=0.96503681 recon=0.00014189 beh=5.856365 w=0.165 lr=8.983e-05 time=0.168s
[RQ-VAE] epoch=2736 loss=0.96402317 recon=0.00014149 beh=5.845478 w=0.165 lr=8.949e-05 time=0.16s
[RQ-VAE] epoch=2737 loss=0.96582115 recon=0.00014130 beh=5.851665 w=0.165 lr=8.915e-05 time=0.161s
[RQ-VAE] epoch=2738 loss=0.96654236 recon=0.00014142 beh=5.851314 w=0.165 lr=8.881e-05 time=0.161s
[RQ-VAE] epoch=2739 loss=0.96640551 recon=0.00014124 beh=5.845755 w=0.165 lr=8.847e-05 time=0.161s
[RQ-VAE] epoch=2740 loss=0.96800613 recon=0.00014157 beh=5.850696 w=0.165 lr=8.814e-05 time=0.16s
[RQ-VAE] epoch=2741 loss=0.96798337 recon=0.00014171 beh=5.845835 w=0.165 lr=8.780e-05 time=0.162s
[RQ-VAE] epoch=2742 loss=0.96894646 recon=0.00014171 beh=5.846940 w=0.166 lr=8.746e-05 time=0.162s
[RQ-VAE] epoch=2743 loss=0.97124398 recon=0.00014178 beh=5.856091 w=0.166 lr=8.712e-05 time=0.161s
[RQ-VAE] epoch=2744 loss=0.96968997 recon=0.00014138 beh=5.842025 w=0.166 lr=8.678e-05 time=0.161s
[RQ-VAE] epoch=2745 loss=0.97018921 recon=0.00014119 beh=5.840337 w=0.166 lr=8.644e-05 time=0.161s
[RQ-VAE] epoch=2746 loss=0.97109979 recon=0.00014145 beh=5.841126 w=0.166 lr=8.610e-05 time=0.161s
[RQ-VAE] epoch=2747 loss=0.97291934 recon=0.00014126 beh=5.847408 w=0.166 lr=8.576e-05 time=0.261s
[RQ-VAE] epoch=2748 loss=0.97525531 recon=0.00014129 beh=5.856743 w=0.166 lr=8.542e-05 time=0.162s
[RQ-VAE] epoch=2749 loss=0.97458869 recon=0.00014187 beh=5.848045 w=0.167 lr=8.508e-05 time=0.162s
[RQ-VAE] epoch=2750 loss=0.97453451 recon=0.00014182 lr=8.475e-05 raw_unique=23695/24587 collision=0.036279 time=0.162s
[RQ-VAE] epoch=2751 loss=0.97686505 recon=0.00014159 beh=5.852358 w=0.167 lr=8.441e-05 time=0.162s
[RQ-VAE] epoch=2752 loss=0.97757900 recon=0.00014184 beh=5.851967 w=0.167 lr=8.407e-05 time=0.161s
[RQ-VAE] epoch=2753 loss=0.97883326 recon=0.00014157 beh=5.854811 w=0.167 lr=8.373e-05 time=0.163s
[RQ-VAE] epoch=2754 loss=0.97825384 recon=0.00014159 beh=5.846689 w=0.167 lr=8.339e-05 time=0.162s
[RQ-VAE] epoch=2755 loss=0.97994536 recon=0.00014187 beh=5.852126 w=0.167 lr=8.305e-05 time=0.162s
[RQ-VAE] epoch=2756 loss=0.98101819 recon=0.00014193 beh=5.853875 w=0.167 lr=8.271e-05 time=0.162s
[RQ-VAE] epoch=2757 loss=0.98264706 recon=0.00014227 beh=5.858931 w=0.168 lr=8.237e-05 time=0.162s
[RQ-VAE] epoch=2758 loss=0.98412478 recon=0.00014182 beh=5.863096 w=0.168 lr=8.203e-05 time=0.163s
[RQ-VAE] epoch=2759 loss=0.98276711 recon=0.00014196 beh=5.850352 w=0.168 lr=8.169e-05 time=0.161s
[RQ-VAE] epoch=2760 loss=0.98376000 recon=0.00014150 beh=5.851616 w=0.168 lr=8.136e-05 time=0.163s
[RQ-VAE] epoch=2761 loss=0.98420870 recon=0.00014127 beh=5.849644 w=0.168 lr=8.102e-05 time=0.162s
[RQ-VAE] epoch=2762 loss=0.98439908 recon=0.00014147 beh=5.846112 w=0.168 lr=8.068e-05 time=0.164s
[RQ-VAE] epoch=2763 loss=0.98423433 recon=0.00014168 beh=5.840505 w=0.168 lr=8.034e-05 time=0.163s
[RQ-VAE] epoch=2764 loss=0.98515236 recon=0.00014150 beh=5.841340 w=0.169 lr=8.000e-05 time=0.164s
[RQ-VAE] epoch=2765 loss=0.98859864 recon=0.00014170 beh=5.857152 w=0.169 lr=7.966e-05 time=0.163s
[RQ-VAE] epoch=2766 loss=0.98887062 recon=0.00014216 beh=5.854141 w=0.169 lr=7.932e-05 time=0.164s
[RQ-VAE] epoch=2767 loss=0.98807383 recon=0.00014215 beh=5.844811 w=0.169 lr=7.898e-05 time=0.164s
[RQ-VAE] epoch=2768 loss=0.98966914 recon=0.00014203 beh=5.849638 w=0.169 lr=7.864e-05 time=0.163s
[RQ-VAE] epoch=2769 loss=0.99017125 recon=0.00014163 beh=5.848012 w=0.169 lr=7.831e-05 time=0.163s
[RQ-VAE] epoch=2770 loss=0.98889506 recon=0.00014233 beh=5.835864 w=0.169 lr=7.797e-05 time=0.164s
[RQ-VAE] epoch=2771 loss=0.99216723 recon=0.00014159 beh=5.850571 w=0.169 lr=7.763e-05 time=0.165s
[RQ-VAE] epoch=2772 loss=0.99259645 recon=0.00014187 beh=5.848487 w=0.170 lr=7.729e-05 time=0.164s
[RQ-VAE] epoch=2773 loss=0.99385834 recon=0.00014219 beh=5.851305 w=0.170 lr=7.695e-05 time=0.162s
[RQ-VAE] epoch=2774 loss=0.99351108 recon=0.00014209 beh=5.844687 w=0.170 lr=7.661e-05 time=0.16s
[RQ-VAE] epoch=2775 loss=0.99515116 recon=0.00014232 beh=5.849773 w=0.170 lr=7.627e-05 time=0.163s
[RQ-VAE] epoch=2776 loss=0.99350774 recon=0.00014192 beh=5.835537 w=0.170 lr=7.593e-05 time=0.284s
[RQ-VAE] epoch=2777 loss=0.99487454 recon=0.00014195 beh=5.838983 w=0.170 lr=7.559e-05 time=0.162s
[RQ-VAE] epoch=2778 loss=0.99704605 recon=0.00014234 beh=5.847145 w=0.170 lr=7.525e-05 time=0.164s
[RQ-VAE] epoch=2779 loss=0.99795878 recon=0.00014290 beh=5.847930 w=0.171 lr=7.492e-05 time=0.162s
[RQ-VAE] epoch=2780 loss=0.99832940 recon=0.00014272 beh=5.845534 w=0.171 lr=7.458e-05 time=0.162s
[RQ-VAE] epoch=2781 loss=0.99987280 recon=0.00014281 beh=5.850008 w=0.171 lr=7.424e-05 time=0.163s
[RQ-VAE] epoch=2782 loss=1.00105155 recon=0.00014256 beh=5.852327 w=0.171 lr=7.390e-05 time=0.162s
[RQ-VAE] epoch=2783 loss=1.00191212 recon=0.00014215 beh=5.852798 w=0.171 lr=7.356e-05 time=0.164s
[RQ-VAE] epoch=2784 loss=1.00196707 recon=0.00014243 beh=5.848560 w=0.171 lr=7.322e-05 time=0.161s
[RQ-VAE] epoch=2785 loss=1.00299871 recon=0.00014249 beh=5.850018 w=0.171 lr=7.288e-05 time=0.164s
[RQ-VAE] epoch=2786 loss=1.00253940 recon=0.00014269 beh=5.842780 w=0.171 lr=7.254e-05 time=0.163s
[RQ-VAE] epoch=2787 loss=1.00471783 recon=0.00014230 beh=5.850957 w=0.172 lr=7.220e-05 time=0.162s
[RQ-VAE] epoch=2788 loss=1.00681567 recon=0.00014238 beh=5.858634 w=0.172 lr=7.186e-05 time=0.162s
[RQ-VAE] epoch=2789 loss=1.00896811 recon=0.00014220 beh=5.866613 w=0.172 lr=7.153e-05 time=0.164s
[RQ-VAE] epoch=2790 loss=1.00670552 recon=0.00014219 beh=5.848920 w=0.172 lr=7.119e-05 time=0.163s
[RQ-VAE] epoch=2791 loss=1.00649083 recon=0.00014202 beh=5.843139 w=0.172 lr=7.085e-05 time=0.163s
[RQ-VAE] epoch=2792 loss=1.00817180 recon=0.00014214 beh=5.848364 w=0.172 lr=7.051e-05 time=0.162s
[RQ-VAE] epoch=2793 loss=1.01006258 recon=0.00014205 beh=5.854809 w=0.172 lr=7.017e-05 time=0.162s
[RQ-VAE] epoch=2794 loss=1.00894070 recon=0.00014184 beh=5.843796 w=0.173 lr=6.983e-05 time=0.163s
[RQ-VAE] epoch=2795 loss=1.01177335 recon=0.00014192 beh=5.855690 w=0.173 lr=6.949e-05 time=0.286s
[RQ-VAE] epoch=2796 loss=1.01090932 recon=0.00014205 beh=5.846176 w=0.173 lr=6.915e-05 time=0.164s
[RQ-VAE] epoch=2797 loss=1.01400530 recon=0.00014209 beh=5.859572 w=0.173 lr=6.881e-05 time=0.161s
[RQ-VAE] epoch=2798 loss=1.01339912 recon=0.00014225 beh=5.851561 w=0.173 lr=6.847e-05 time=0.162s
[RQ-VAE] epoch=2799 loss=1.01279747 recon=0.00014225 beh=5.843581 w=0.173 lr=6.814e-05 time=0.163s
[RQ-VAE] epoch=2800 loss=1.01285267 recon=0.00014172 lr=6.780e-05 raw_unique=23718/24587 collision=0.035344 time=0.163s
[RQ-VAE] epoch=2801 loss=1.01547241 recon=0.00014155 beh=5.850016 w=0.173 lr=6.746e-05 time=0.165s
[RQ-VAE] epoch=2802 loss=1.01485825 recon=0.00014244 beh=5.841968 w=0.174 lr=6.712e-05 time=0.162s
[RQ-VAE] epoch=2803 loss=1.01701379 recon=0.00014227 beh=5.849905 w=0.174 lr=6.678e-05 time=0.162s
[RQ-VAE] epoch=2804 loss=1.01712346 recon=0.00014192 beh=5.846058 w=0.174 lr=6.644e-05 time=0.161s
[RQ-VAE] epoch=2805 loss=1.01897228 recon=0.00014179 beh=5.852194 w=0.174 lr=6.610e-05 time=0.165s
[RQ-VAE] epoch=2806 loss=1.01792216 recon=0.00014195 beh=5.841672 w=0.174 lr=6.576e-05 time=0.162s
[RQ-VAE] epoch=2807 loss=1.01969373 recon=0.00014196 beh=5.847367 w=0.174 lr=6.542e-05 time=0.163s
[RQ-VAE] epoch=2808 loss=1.02097988 recon=0.00014159 beh=5.850277 w=0.174 lr=6.508e-05 time=0.162s
[RQ-VAE] epoch=2809 loss=1.02053666 recon=0.00014183 beh=5.843277 w=0.175 lr=6.475e-05 time=0.163s
[RQ-VAE] epoch=2810 loss=1.02116156 recon=0.00014178 beh=5.842386 w=0.175 lr=6.441e-05 time=0.29s
[RQ-VAE] epoch=2811 loss=1.02277911 recon=0.00014168 beh=5.847181 w=0.175 lr=6.407e-05 time=0.162s
[RQ-VAE] epoch=2812 loss=1.02170014 recon=0.00014145 beh=5.836565 w=0.175 lr=6.373e-05 time=0.162s
[RQ-VAE] epoch=2813 loss=1.02330840 recon=0.00014126 beh=5.841309 w=0.175 lr=6.339e-05 time=0.163s
[RQ-VAE] epoch=2814 loss=1.02548599 recon=0.00014158 beh=5.849292 w=0.175 lr=6.305e-05 time=0.161s
[RQ-VAE] epoch=2815 loss=1.02639651 recon=0.00014143 beh=5.850041 w=0.175 lr=6.271e-05 time=0.163s
[RQ-VAE] epoch=2816 loss=1.02620530 recon=0.00014171 beh=5.844504 w=0.175 lr=6.237e-05 time=0.163s
[RQ-VAE] epoch=2817 loss=1.02884650 recon=0.00014188 beh=5.855094 w=0.176 lr=6.203e-05 time=0.164s
[RQ-VAE] epoch=2818 loss=1.02750099 recon=0.00014162 beh=5.842995 w=0.176 lr=6.169e-05 time=0.163s
[RQ-VAE] epoch=2819 loss=1.02842879 recon=0.00014146 beh=5.843844 w=0.176 lr=6.136e-05 time=0.163s
[RQ-VAE] epoch=2820 loss=1.03068614 recon=0.00014176 beh=5.852245 w=0.176 lr=6.102e-05 time=0.162s
[RQ-VAE] epoch=2821 loss=1.03045738 recon=0.00014146 beh=5.846526 w=0.176 lr=6.068e-05 time=0.163s
[RQ-VAE] epoch=2822 loss=1.03200006 recon=0.00014162 beh=5.850865 w=0.176 lr=6.034e-05 time=0.162s
[RQ-VAE] epoch=2823 loss=1.03217399 recon=0.00014158 beh=5.847431 w=0.176 lr=6.000e-05 time=0.163s
[RQ-VAE] epoch=2824 loss=1.03194761 recon=0.00014148 beh=5.841732 w=0.177 lr=5.966e-05 time=0.162s
[RQ-VAE] epoch=2825 loss=1.03443861 recon=0.00014173 beh=5.851411 w=0.177 lr=5.932e-05 time=0.169s
[RQ-VAE] epoch=2826 loss=1.03433108 recon=0.00014167 beh=5.846391 w=0.177 lr=5.898e-05 time=0.166s
[RQ-VAE] epoch=2827 loss=1.03617990 recon=0.00014171 beh=5.852436 w=0.177 lr=5.864e-05 time=0.167s
[RQ-VAE] epoch=2828 loss=1.03699243 recon=0.00014142 beh=5.852617 w=0.177 lr=5.831e-05 time=0.168s
[RQ-VAE] epoch=2829 loss=1.03630710 recon=0.00014137 beh=5.844332 w=0.177 lr=5.797e-05 time=0.167s
[RQ-VAE] epoch=2830 loss=1.03832328 recon=0.00014181 beh=5.851295 w=0.177 lr=5.763e-05 time=0.168s
[RQ-VAE] epoch=2831 loss=1.03972149 recon=0.00014181 beh=5.854770 w=0.177 lr=5.729e-05 time=0.168s
[RQ-VAE] epoch=2832 loss=1.03835201 recon=0.00014116 beh=5.842671 w=0.178 lr=5.695e-05 time=0.167s
[RQ-VAE] epoch=2833 loss=1.04010594 recon=0.00014140 beh=5.848159 w=0.178 lr=5.661e-05 time=0.168s
[RQ-VAE] epoch=2834 loss=1.04002190 recon=0.00014146 beh=5.843302 w=0.178 lr=5.627e-05 time=0.167s
[RQ-VAE] epoch=2835 loss=1.04062116 recon=0.00014145 beh=5.842288 w=0.178 lr=5.593e-05 time=0.167s
[RQ-VAE] epoch=2836 loss=1.04204977 recon=0.00014152 beh=5.845933 w=0.178 lr=5.559e-05 time=0.168s
[RQ-VAE] epoch=2837 loss=1.04268336 recon=0.00014131 beh=5.845123 w=0.178 lr=5.525e-05 time=0.169s
[RQ-VAE] epoch=2838 loss=1.04343104 recon=0.00014116 beh=5.844951 w=0.178 lr=5.492e-05 time=0.168s
[RQ-VAE] epoch=2839 loss=1.04420555 recon=0.00014133 beh=5.844930 w=0.179 lr=5.458e-05 time=0.167s
[RQ-VAE] epoch=2840 loss=1.04748523 recon=0.00014114 beh=5.858932 w=0.179 lr=5.424e-05 time=0.168s
[RQ-VAE] epoch=2841 loss=1.04523110 recon=0.00014117 beh=5.841963 w=0.179 lr=5.390e-05 time=0.169s
[RQ-VAE] epoch=2842 loss=1.04726350 recon=0.00014119 beh=5.848969 w=0.179 lr=5.356e-05 time=0.167s
[RQ-VAE] epoch=2843 loss=1.04645562 recon=0.00014107 beh=5.840106 w=0.179 lr=5.322e-05 time=0.166s
[RQ-VAE] epoch=2844 loss=1.04872370 recon=0.00014155 beh=5.848408 w=0.179 lr=5.288e-05 time=0.168s
[RQ-VAE] epoch=2845 loss=1.04822171 recon=0.00014173 beh=5.841257 w=0.179 lr=5.254e-05 time=0.167s
[RQ-VAE] epoch=2846 loss=1.05005383 recon=0.00014160 beh=5.847113 w=0.179 lr=5.220e-05 time=0.166s
[RQ-VAE] epoch=2847 loss=1.05059886 recon=0.00014168 beh=5.845794 w=0.180 lr=5.186e-05 time=0.165s
[RQ-VAE] epoch=2848 loss=1.05268943 recon=0.00014105 beh=5.853106 w=0.180 lr=5.153e-05 time=0.166s
[RQ-VAE] epoch=2849 loss=1.05118465 recon=0.00014170 beh=5.840403 w=0.180 lr=5.119e-05 time=0.167s
[RQ-VAE] epoch=2850 loss=1.05485070 recon=0.00014156 lr=5.085e-05 raw_unique=23709/24587 collision=0.035710 time=0.166s
[RQ-VAE] epoch=2851 loss=1.05348897 recon=0.00014135 beh=5.844559 w=0.180 lr=5.051e-05 time=0.169s
[RQ-VAE] epoch=2852 loss=1.05562675 recon=0.00014132 beh=5.852090 w=0.180 lr=5.017e-05 time=0.166s
[RQ-VAE] epoch=2853 loss=1.05494380 recon=0.00014147 beh=5.843972 w=0.180 lr=4.983e-05 time=0.166s
[RQ-VAE] epoch=2854 loss=1.05634069 recon=0.00014151 beh=5.847388 w=0.181 lr=4.949e-05 time=0.166s
[RQ-VAE] epoch=2855 loss=1.05585527 recon=0.00014178 beh=5.840383 w=0.181 lr=4.915e-05 time=0.17s
[RQ-VAE] epoch=2856 loss=1.05822945 recon=0.00014161 beh=5.849209 w=0.181 lr=4.881e-05 time=0.168s
[RQ-VAE] epoch=2857 loss=1.05908108 recon=0.00014134 beh=5.849602 w=0.181 lr=4.847e-05 time=0.166s
[RQ-VAE] epoch=2858 loss=1.05938196 recon=0.00014144 beh=5.846958 w=0.181 lr=4.814e-05 time=0.166s
[RQ-VAE] epoch=2859 loss=1.06016445 recon=0.00014144 beh=5.846979 w=0.181 lr=4.780e-05 time=0.167s
[RQ-VAE] epoch=2860 loss=1.06128013 recon=0.00014110 beh=5.848835 w=0.181 lr=4.746e-05 time=0.168s
[RQ-VAE] epoch=2861 loss=1.06290531 recon=0.00014133 beh=5.853493 w=0.181 lr=4.712e-05 time=0.167s
[RQ-VAE] epoch=2862 loss=1.06182027 recon=0.00014105 beh=5.843226 w=0.182 lr=4.678e-05 time=0.167s
[RQ-VAE] epoch=2863 loss=1.06294549 recon=0.00014152 beh=5.845131 w=0.182 lr=4.644e-05 time=0.168s
[RQ-VAE] epoch=2864 loss=1.06359601 recon=0.00014127 beh=5.844424 w=0.182 lr=4.610e-05 time=0.167s
[RQ-VAE] epoch=2865 loss=1.06519818 recon=0.00014131 beh=5.848944 w=0.182 lr=4.576e-05 time=0.165s
[RQ-VAE] epoch=2866 loss=1.06576931 recon=0.00014182 beh=5.847773 w=0.182 lr=4.542e-05 time=0.167s
[RQ-VAE] epoch=2867 loss=1.06579375 recon=0.00014176 beh=5.843636 w=0.182 lr=4.508e-05 time=0.287s
[RQ-VAE] epoch=2868 loss=1.06694531 recon=0.00014116 beh=5.845688 w=0.182 lr=4.475e-05 time=0.159s
[RQ-VAE] epoch=2869 loss=1.06798446 recon=0.00014165 beh=5.847112 w=0.183 lr=4.441e-05 time=0.162s
[RQ-VAE] epoch=2870 loss=1.06942105 recon=0.00014126 beh=5.850718 w=0.183 lr=4.407e-05 time=0.161s
[RQ-VAE] epoch=2871 loss=1.06791818 recon=0.00014142 beh=5.838231 w=0.183 lr=4.373e-05 time=0.167s
[RQ-VAE] epoch=2872 loss=1.07075024 recon=0.00014105 beh=5.849454 w=0.183 lr=4.339e-05 time=0.163s
[RQ-VAE] epoch=2873 loss=1.06856370 recon=0.00014111 beh=5.833244 w=0.183 lr=4.305e-05 time=0.161s
[RQ-VAE] epoch=2874 loss=1.07262039 recon=0.00014108 beh=5.851139 w=0.183 lr=4.271e-05 time=0.162s
[RQ-VAE] epoch=2875 loss=1.07303751 recon=0.00014104 beh=5.849156 w=0.183 lr=4.237e-05 time=0.164s
[RQ-VAE] epoch=2876 loss=1.07291043 recon=0.00014110 beh=5.844204 w=0.183 lr=4.203e-05 time=0.164s
[RQ-VAE] epoch=2877 loss=1.07352555 recon=0.00014098 beh=5.843319 w=0.184 lr=4.169e-05 time=0.162s
[RQ-VAE] epoch=2878 loss=1.07375908 recon=0.00014106 beh=5.840349 w=0.184 lr=4.136e-05 time=0.161s
[RQ-VAE] epoch=2879 loss=1.07616007 recon=0.00014111 beh=5.849175 w=0.184 lr=4.102e-05 time=0.161s
[RQ-VAE] epoch=2880 loss=1.07645690 recon=0.00014112 beh=5.846555 w=0.184 lr=4.068e-05 time=0.162s
[RQ-VAE] epoch=2881 loss=1.07999086 recon=0.00014118 beh=5.861513 w=0.184 lr=4.034e-05 time=0.16s
[RQ-VAE] epoch=2882 loss=1.07930326 recon=0.00014152 beh=5.853539 w=0.184 lr=4.000e-05 time=0.164s
[RQ-VAE] epoch=2883 loss=1.08021045 recon=0.00014110 beh=5.854229 w=0.184 lr=3.966e-05 time=0.161s
[RQ-VAE] epoch=2884 loss=1.08218122 recon=0.00014081 beh=5.860678 w=0.185 lr=3.932e-05 time=0.161s
[RQ-VAE] epoch=2885 loss=1.08014965 recon=0.00014065 beh=5.845448 w=0.185 lr=3.898e-05 time=0.161s
[RQ-VAE] epoch=2886 loss=1.08155692 recon=0.00014054 beh=5.848848 w=0.185 lr=3.864e-05 time=0.163s
[RQ-VAE] epoch=2887 loss=1.08182418 recon=0.00014097 beh=5.846076 w=0.185 lr=3.831e-05 time=0.162s
[RQ-VAE] epoch=2888 loss=1.08160436 recon=0.00014085 beh=5.840678 w=0.185 lr=3.797e-05 time=0.161s
[RQ-VAE] epoch=2889 loss=1.08381271 recon=0.00014069 beh=5.848396 w=0.185 lr=3.763e-05 time=0.162s
[RQ-VAE] epoch=2890 loss=1.08473337 recon=0.00014079 beh=5.849149 w=0.185 lr=3.729e-05 time=0.161s
[RQ-VAE] epoch=2891 loss=1.08502555 recon=0.00014071 beh=5.846524 w=0.185 lr=3.695e-05 time=0.163s
[RQ-VAE] epoch=2892 loss=1.08739543 recon=0.00014054 beh=5.855091 w=0.186 lr=3.661e-05 time=0.16s
[RQ-VAE] epoch=2893 loss=1.08619857 recon=0.00014096 beh=5.844441 w=0.186 lr=3.627e-05 time=0.161s
[RQ-VAE] epoch=2894 loss=1.08692122 recon=0.00014067 beh=5.844142 w=0.186 lr=3.593e-05 time=0.161s
[RQ-VAE] epoch=2895 loss=1.08733392 recon=0.00014071 beh=5.842172 w=0.186 lr=3.559e-05 time=0.163s
[RQ-VAE] epoch=2896 loss=1.08744967 recon=0.00014087 beh=5.838606 w=0.186 lr=3.525e-05 time=0.284s
[RQ-VAE] epoch=2897 loss=1.08813643 recon=0.00014090 beh=5.838113 w=0.186 lr=3.492e-05 time=0.161s
[RQ-VAE] epoch=2898 loss=1.09075046 recon=0.00014060 beh=5.847965 w=0.186 lr=3.458e-05 time=0.168s
[RQ-VAE] epoch=2899 loss=1.09109354 recon=0.00014041 beh=5.845628 w=0.187 lr=3.424e-05 time=0.162s
[RQ-VAE] epoch=2900 loss=1.09300733 recon=0.00014048 lr=3.390e-05 raw_unique=23679/24587 collision=0.036930 time=0.164s
[RQ-VAE] epoch=2901 loss=1.09308624 recon=0.00014090 beh=5.847943 w=0.187 lr=3.356e-05 time=0.162s
[RQ-VAE] epoch=2902 loss=1.09491956 recon=0.00014075 beh=5.853580 w=0.187 lr=3.322e-05 time=0.164s
[RQ-VAE] epoch=2903 loss=1.09344876 recon=0.00014081 beh=5.841546 w=0.187 lr=3.288e-05 time=0.162s
[RQ-VAE] epoch=2904 loss=1.09514356 recon=0.00014077 beh=5.846438 w=0.187 lr=3.254e-05 time=0.163s
[RQ-VAE] epoch=2905 loss=1.09508443 recon=0.00014063 beh=5.841971 w=0.187 lr=3.220e-05 time=0.162s
[RQ-VAE] epoch=2906 loss=1.09584606 recon=0.00014089 beh=5.841876 w=0.187 lr=3.186e-05 time=0.165s
[RQ-VAE] epoch=2907 loss=1.09708178 recon=0.00014113 beh=5.844296 w=0.188 lr=3.153e-05 time=0.162s
[RQ-VAE] epoch=2908 loss=1.09826660 recon=0.00014063 beh=5.846460 w=0.188 lr=3.119e-05 time=0.162s
[RQ-VAE] epoch=2909 loss=1.09839749 recon=0.00014073 beh=5.843003 w=0.188 lr=3.085e-05 time=0.162s
[RQ-VAE] epoch=2910 loss=1.09937966 recon=0.00014066 beh=5.844084 w=0.188 lr=3.051e-05 time=0.169s
[RQ-VAE] epoch=2911 loss=1.10110438 recon=0.00014061 beh=5.849111 w=0.188 lr=3.017e-05 time=0.164s
[RQ-VAE] epoch=2912 loss=1.09957457 recon=0.00014046 beh=5.836850 w=0.188 lr=2.983e-05 time=0.167s
[RQ-VAE] epoch=2913 loss=1.10278046 recon=0.00014035 beh=5.849738 w=0.188 lr=2.949e-05 time=0.165s
[RQ-VAE] epoch=2914 loss=1.10272145 recon=0.00014041 beh=5.845284 w=0.189 lr=2.915e-05 time=0.161s
[RQ-VAE] epoch=2915 loss=1.10461891 recon=0.00014044 beh=5.851213 w=0.189 lr=2.881e-05 time=0.165s
[RQ-VAE] epoch=2916 loss=1.10272789 recon=0.00014092 beh=5.837059 w=0.189 lr=2.847e-05 time=0.279s
[RQ-VAE] epoch=2917 loss=1.10340047 recon=0.00014099 beh=5.836493 w=0.189 lr=2.814e-05 time=0.161s
[RQ-VAE] epoch=2918 loss=1.10558891 recon=0.00014087 beh=5.843950 w=0.189 lr=2.780e-05 time=0.164s
[RQ-VAE] epoch=2919 loss=1.10394740 recon=0.00014090 beh=5.831152 w=0.189 lr=2.746e-05 time=0.161s
[RQ-VAE] epoch=2920 loss=1.10726976 recon=0.00014069 beh=5.844598 w=0.189 lr=2.712e-05 time=0.161s
[RQ-VAE] epoch=2921 loss=1.10851157 recon=0.00014056 beh=5.847042 w=0.189 lr=2.678e-05 time=0.162s
[RQ-VAE] epoch=2922 loss=1.10835052 recon=0.00014073 beh=5.842084 w=0.190 lr=2.644e-05 time=0.163s
[RQ-VAE] epoch=2923 loss=1.10931063 recon=0.00014046 beh=5.843044 w=0.190 lr=2.610e-05 time=0.165s
[RQ-VAE] epoch=2924 loss=1.10867321 recon=0.00014064 beh=5.835578 w=0.190 lr=2.576e-05 time=0.161s
[RQ-VAE] epoch=2925 loss=1.10979640 recon=0.00014052 beh=5.837393 w=0.190 lr=2.542e-05 time=0.162s
[RQ-VAE] epoch=2926 loss=1.11192870 recon=0.00014086 beh=5.844512 w=0.190 lr=2.508e-05 time=0.161s
[RQ-VAE] epoch=2927 loss=1.11013412 recon=0.00014081 beh=5.830982 w=0.190 lr=2.475e-05 time=0.163s
[RQ-VAE] epoch=2928 loss=1.11487973 recon=0.00014096 beh=5.851819 w=0.190 lr=2.441e-05 time=0.163s
[RQ-VAE] epoch=2929 loss=1.11353016 recon=0.00014097 beh=5.840645 w=0.191 lr=2.407e-05 time=0.162s
[RQ-VAE] epoch=2930 loss=1.11312652 recon=0.00014097 beh=5.834442 w=0.191 lr=2.373e-05 time=0.163s
[RQ-VAE] epoch=2931 loss=1.11595416 recon=0.00014120 beh=5.845184 w=0.191 lr=2.339e-05 time=0.278s
[RQ-VAE] epoch=2932 loss=1.11732316 recon=0.00014090 beh=5.848278 w=0.191 lr=2.305e-05 time=0.161s
[RQ-VAE] epoch=2933 loss=1.11677289 recon=0.00014080 beh=5.841321 w=0.191 lr=2.271e-05 time=0.164s
[RQ-VAE] epoch=2934 loss=1.11867642 recon=0.00014067 beh=5.847204 w=0.191 lr=2.237e-05 time=0.165s
[RQ-VAE] epoch=2935 loss=1.11970043 recon=0.00014087 beh=5.848480 w=0.191 lr=2.203e-05 time=0.163s
[RQ-VAE] epoch=2936 loss=1.11920047 recon=0.00014066 beh=5.841796 w=0.191 lr=2.169e-05 time=0.162s
[RQ-VAE] epoch=2937 loss=1.12261546 recon=0.00014068 beh=5.855556 w=0.192 lr=2.136e-05 time=0.162s
[RQ-VAE] epoch=2938 loss=1.12318110 recon=0.00014045 beh=5.854437 w=0.192 lr=2.102e-05 time=0.161s
[RQ-VAE] epoch=2939 loss=1.12154055 recon=0.00014041 beh=5.841824 w=0.192 lr=2.068e-05 time=0.162s
[RQ-VAE] epoch=2940 loss=1.12362242 recon=0.00014051 beh=5.848609 w=0.192 lr=2.034e-05 time=0.164s
[RQ-VAE] epoch=2941 loss=1.12403774 recon=0.00014075 beh=5.846712 w=0.192 lr=2.000e-05 time=0.161s
[RQ-VAE] epoch=2942 loss=1.12537670 recon=0.00014052 beh=5.849627 w=0.192 lr=1.966e-05 time=0.163s
[RQ-VAE] epoch=2943 loss=1.12415409 recon=0.00014076 beh=5.839217 w=0.192 lr=1.932e-05 time=0.164s
[RQ-VAE] epoch=2944 loss=1.12820339 recon=0.00014051 beh=5.856207 w=0.193 lr=1.898e-05 time=0.161s
[RQ-VAE] epoch=2945 loss=1.12810254 recon=0.00014061 beh=5.851633 w=0.193 lr=1.864e-05 time=0.163s
[RQ-VAE] epoch=2946 loss=1.12909770 recon=0.00014061 beh=5.852747 w=0.193 lr=1.831e-05 time=0.163s
[RQ-VAE] epoch=2947 loss=1.12771153 recon=0.00014060 beh=5.841518 w=0.193 lr=1.797e-05 time=0.169s
[RQ-VAE] epoch=2948 loss=1.12702203 recon=0.00014030 beh=5.833915 w=0.193 lr=1.763e-05 time=0.167s
[RQ-VAE] epoch=2949 loss=1.13045275 recon=0.00014050 beh=5.847642 w=0.193 lr=1.729e-05 time=0.162s
[RQ-VAE] epoch=2950 loss=1.13180232 recon=0.00014058 lr=1.695e-05 raw_unique=23686/24587 collision=0.036645 time=0.161s
[RQ-VAE] epoch=2951 loss=1.13201833 recon=0.00014053 beh=5.847670 w=0.193 lr=1.661e-05 time=0.164s
[RQ-VAE] epoch=2952 loss=1.12927938 recon=0.00014044 beh=5.829495 w=0.194 lr=1.627e-05 time=0.16s
[RQ-VAE] epoch=2953 loss=1.13325834 recon=0.00014028 beh=5.846017 w=0.194 lr=1.593e-05 time=0.162s
[RQ-VAE] epoch=2954 loss=1.13292670 recon=0.00014041 beh=5.840282 w=0.194 lr=1.559e-05 time=0.162s
[RQ-VAE] epoch=2955 loss=1.13200080 recon=0.00014048 beh=5.831494 w=0.194 lr=1.525e-05 time=0.16s
[RQ-VAE] epoch=2956 loss=1.13460541 recon=0.00014052 beh=5.840905 w=0.194 lr=1.492e-05 time=0.16s
[RQ-VAE] epoch=2957 loss=1.13657546 recon=0.00014047 beh=5.847036 w=0.194 lr=1.458e-05 time=0.161s
[RQ-VAE] epoch=2958 loss=1.13798523 recon=0.00014046 beh=5.850280 w=0.194 lr=1.424e-05 time=0.163s
[RQ-VAE] epoch=2959 loss=1.13608623 recon=0.00014066 beh=5.836508 w=0.195 lr=1.390e-05 time=0.16s
[RQ-VAE] epoch=2960 loss=1.13992059 recon=0.00014046 beh=5.852211 w=0.195 lr=1.356e-05 time=0.161s
[RQ-VAE] epoch=2961 loss=1.13871646 recon=0.00014059 beh=5.842022 w=0.195 lr=1.322e-05 time=0.161s
[RQ-VAE] epoch=2962 loss=1.13862228 recon=0.00014063 beh=5.837543 w=0.195 lr=1.288e-05 time=0.161s
[RQ-VAE] epoch=2963 loss=1.13969374 recon=0.00014032 beh=5.839046 w=0.195 lr=1.254e-05 time=0.162s
[RQ-VAE] epoch=2964 loss=1.14247990 recon=0.00014068 beh=5.849327 w=0.195 lr=1.220e-05 time=0.161s
[RQ-VAE] epoch=2965 loss=1.14261830 recon=0.00014072 beh=5.846042 w=0.195 lr=1.186e-05 time=0.164s
[RQ-VAE] epoch=2966 loss=1.14188838 recon=0.00014049 beh=5.838321 w=0.195 lr=1.153e-05 time=0.166s
[RQ-VAE] epoch=2967 loss=1.14436436 recon=0.00014055 beh=5.847000 w=0.196 lr=1.119e-05 time=0.161s
[RQ-VAE] epoch=2968 loss=1.14460039 recon=0.00014060 beh=5.844223 w=0.196 lr=1.085e-05 time=0.16s
[RQ-VAE] epoch=2969 loss=1.14623833 recon=0.00014055 beh=5.848608 w=0.196 lr=1.051e-05 time=0.162s
[RQ-VAE] epoch=2970 loss=1.14499414 recon=0.00014051 beh=5.838284 w=0.196 lr=1.017e-05 time=0.16s
[RQ-VAE] epoch=2971 loss=1.14612699 recon=0.00014062 beh=5.840090 w=0.196 lr=9.831e-06 time=0.162s
[RQ-VAE] epoch=2972 loss=1.14858246 recon=0.00014044 beh=5.848636 w=0.196 lr=9.492e-06 time=0.161s
[RQ-VAE] epoch=2973 loss=1.14879811 recon=0.00014081 beh=5.845763 w=0.196 lr=9.153e-06 time=0.161s
[RQ-VAE] epoch=2974 loss=1.15133417 recon=0.00014066 beh=5.854704 w=0.197 lr=8.814e-06 time=0.161s
[RQ-VAE] epoch=2975 loss=1.14878821 recon=0.00014051 beh=5.837790 w=0.197 lr=8.475e-06 time=0.16s
[RQ-VAE] epoch=2976 loss=1.15178120 recon=0.00014043 beh=5.849044 w=0.197 lr=8.136e-06 time=0.16s
[RQ-VAE] epoch=2977 loss=1.15190864 recon=0.00014057 beh=5.845730 w=0.197 lr=7.797e-06 time=0.162s
[RQ-VAE] epoch=2978 loss=1.15344727 recon=0.00014028 beh=5.849585 w=0.197 lr=7.458e-06 time=0.161s
[RQ-VAE] epoch=2979 loss=1.15340066 recon=0.00014057 beh=5.845395 w=0.197 lr=7.119e-06 time=0.16s
[RQ-VAE] epoch=2980 loss=1.15199566 recon=0.00014045 beh=5.834326 w=0.197 lr=6.780e-06 time=0.16s
[RQ-VAE] epoch=2981 loss=1.15549862 recon=0.00014017 beh=5.848127 w=0.197 lr=6.441e-06 time=0.161s
[RQ-VAE] epoch=2982 loss=1.15449786 recon=0.00014030 beh=5.839115 w=0.198 lr=6.102e-06 time=0.161s
[RQ-VAE] epoch=2983 loss=1.15595126 recon=0.00014022 beh=5.842528 w=0.198 lr=5.763e-06 time=0.162s
[RQ-VAE] epoch=2984 loss=1.15704548 recon=0.00014062 beh=5.844118 w=0.198 lr=5.424e-06 time=0.161s
[RQ-VAE] epoch=2985 loss=1.15669787 recon=0.00014032 beh=5.838429 w=0.198 lr=5.085e-06 time=0.159s
[RQ-VAE] epoch=2986 loss=1.15774429 recon=0.00014038 beh=5.839781 w=0.198 lr=4.746e-06 time=0.16s
[RQ-VAE] epoch=2987 loss=1.16271293 recon=0.00014051 beh=5.860913 w=0.198 lr=4.407e-06 time=0.159s
[RQ-VAE] epoch=2988 loss=1.15997434 recon=0.00014074 beh=5.843171 w=0.198 lr=4.068e-06 time=0.284s
[RQ-VAE] epoch=2989 loss=1.16071081 recon=0.00014030 beh=5.842958 w=0.199 lr=3.729e-06 time=0.163s
[RQ-VAE] epoch=2990 loss=1.16186595 recon=0.00014045 beh=5.844852 w=0.199 lr=3.390e-06 time=0.161s
[RQ-VAE] epoch=2991 loss=1.16277504 recon=0.00014057 beh=5.845505 w=0.199 lr=3.051e-06 time=0.162s
[RQ-VAE] epoch=2992 loss=1.16491985 recon=0.00014011 beh=5.852370 w=0.199 lr=2.712e-06 time=0.161s
[RQ-VAE] epoch=2993 loss=1.16567969 recon=0.00014030 beh=5.852267 w=0.199 lr=2.373e-06 time=0.161s
[RQ-VAE] epoch=2994 loss=1.16496921 recon=0.00014062 beh=5.844781 w=0.199 lr=2.034e-06 time=0.162s
[RQ-VAE] epoch=2995 loss=1.16604578 recon=0.00014039 beh=5.846273 w=0.199 lr=1.695e-06 time=0.16s
[RQ-VAE] epoch=2996 loss=1.16760075 recon=0.00014028 beh=5.850163 w=0.199 lr=1.356e-06 time=0.163s
[RQ-VAE] epoch=2997 loss=1.16549349 recon=0.00014043 beh=5.835696 w=0.200 lr=1.017e-06 time=0.161s
[RQ-VAE] epoch=2998 loss=1.16851366 recon=0.00014018 beh=5.846923 w=0.200 lr=6.780e-07 time=0.161s
[RQ-VAE] epoch=2999 loss=1.16964269 recon=0.00014037 beh=5.848671 w=0.200 lr=3.390e-07 time=0.161s
[RQ-VAE] epoch=3000 loss=1.17052543 recon=0.00014020 lr=0.000e+00 raw_unique=23666/24587 collision=0.037459 time=0.161s
[RecBole RQ-VAE] exported raw_shape=(24587, 3) sid_shape=(24587, 4) unique=24587 -> /home/wlia0047/ar57/wenyu/GeneRec/results/stage2_RQ-VAE/TIGER_BEHAVIOR_SAMPLE_RQ-VAE/resample_fn_mask/sids_for_hgrec.npy
