[RecBole RQ-VAE] device=cuda:0 all_items=24587 train_items=24556 world_size=4
[RecBole RQ-VAE] config: epochs=3000 batch_size_per_rank=1024 total_batch=4096 lr=0.001
[RecBole RQ-VAE] initializing codebooks with KMeans
/fs04/ar57/wenyu/GeneRec/stage2_RQ-VAE/TIGER_FORK_RQ-VAE/model/layers.py:102: UserWarning: Deterministic behavior was enabled with either `torch.use_deterministic_algorithms(True)` or `at::Context::setDeterministicAlgorithms(true)`, but this operation is not deterministic because it uses CuBLAS and you have CUDA >= 10.2. To enable deterministic behavior in this case, you must set an environment variable before running your PyTorch application: CUBLAS_WORKSPACE_CONFIG=:4096:8 or CUBLAS_WORKSPACE_CONFIG=:16:8. For more information, go to https://docs.nvidia.com/cuda/cublas/index.html#results-reproducibility (Triggered internally at /pytorch/aten/src/ATen/Context.cpp:233.)
  - 2 * latent @ code_embs.t()
/fs04/ar57/wenyu/GeneRec/stage2_RQ-VAE/TIGER_FORK_RQ-VAE/model/layers.py:102: UserWarning: Deterministic behavior was enabled with either `torch.use_deterministic_algorithms(True)` or `at::Context::setDeterministicAlgorithms(true)`, but this operation is not deterministic because it uses CuBLAS and you have CUDA >= 10.2. To enable deterministic behavior in this case, you must set an environment variable before running your PyTorch application: CUBLAS_WORKSPACE_CONFIG=:4096:8 or CUBLAS_WORKSPACE_CONFIG=:16:8. For more information, go to https://docs.nvidia.com/cuda/cublas/index.html#results-reproducibility (Triggered internally at /pytorch/aten/src/ATen/Context.cpp:233.)
  - 2 * latent @ code_embs.t()
/fs04/ar57/wenyu/GeneRec/stage2_RQ-VAE/TIGER_FORK_RQ-VAE/model/layers.py:102: UserWarning: Deterministic behavior was enabled with either `torch.use_deterministic_algorithms(True)` or `at::Context::setDeterministicAlgorithms(true)`, but this operation is not deterministic because it uses CuBLAS and you have CUDA >= 10.2. To enable deterministic behavior in this case, you must set an environment variable before running your PyTorch application: CUBLAS_WORKSPACE_CONFIG=:4096:8 or CUBLAS_WORKSPACE_CONFIG=:16:8. For more information, go to https://docs.nvidia.com/cuda/cublas/index.html#results-reproducibility (Triggered internally at /pytorch/aten/src/ATen/Context.cpp:233.)
  - 2 * latent @ code_embs.t()
/fs04/ar57/wenyu/GeneRec/stage2_RQ-VAE/TIGER_FORK_RQ-VAE/model/layers.py:102: UserWarning: Deterministic behavior was enabled with either `torch.use_deterministic_algorithms(True)` or `at::Context::setDeterministicAlgorithms(true)`, but this operation is not deterministic because it uses CuBLAS and you have CUDA >= 10.2. To enable deterministic behavior in this case, you must set an environment variable before running your PyTorch application: CUBLAS_WORKSPACE_CONFIG=:4096:8 or CUBLAS_WORKSPACE_CONFIG=:16:8. For more information, go to https://docs.nvidia.com/cuda/cublas/index.html#results-reproducibility (Triggered internally at /pytorch/aten/src/ATen/Context.cpp:233.)
  - 2 * latent @ code_embs.t()
/fs04/ar57/wenyu/GeneRec/stage2_RQ-VAE/TIGER_FORK_RQ-VAE/model/layers.py:102: UserWarning: Deterministic behavior was enabled with either `torch.use_deterministic_algorithms(True)` or `at::Context::setDeterministicAlgorithms(true)`, but this operation is not deterministic because it uses CuBLAS and you have CUDA >= 10.2. To enable deterministic behavior in this case, you must set an environment variable before running your PyTorch application: CUBLAS_WORKSPACE_CONFIG=:4096:8 or CUBLAS_WORKSPACE_CONFIG=:16:8. For more information, go to https://docs.nvidia.com/cuda/cublas/index.html#results-reproducibility (Triggered internally at /pytorch/aten/src/ATen/Context.cpp:233.)
  - 2 * latent @ code_embs.t()
/fs04/ar57/wenyu/GeneRec/stage2_RQ-VAE/TIGER_FORK_RQ-VAE/model/layers.py:102: UserWarning: Deterministic behavior was enabled with either `torch.use_deterministic_algorithms(True)` or `at::Context::setDeterministicAlgorithms(true)`, but this operation is not deterministic because it uses CuBLAS and you have CUDA >= 10.2. To enable deterministic behavior in this case, you must set an environment variable before running your PyTorch application: CUBLAS_WORKSPACE_CONFIG=:4096:8 or CUBLAS_WORKSPACE_CONFIG=:16:8. For more information, go to https://docs.nvidia.com/cuda/cublas/index.html#results-reproducibility (Triggered internally at /pytorch/aten/src/ATen/Context.cpp:233.)
  - 2 * latent @ code_embs.t()
/fs04/ar57/wenyu/GeneRec/stage2_RQ-VAE/TIGER_FORK_RQ-VAE/model/layers.py:102: UserWarning: Deterministic behavior was enabled with either `torch.use_deterministic_algorithms(True)` or `at::Context::setDeterministicAlgorithms(true)`, but this operation is not deterministic because it uses CuBLAS and you have CUDA >= 10.2. To enable deterministic behavior in this case, you must set an environment variable before running your PyTorch application: CUBLAS_WORKSPACE_CONFIG=:4096:8 or CUBLAS_WORKSPACE_CONFIG=:16:8. For more information, go to https://docs.nvidia.com/cuda/cublas/index.html#results-reproducibility (Triggered internally at /pytorch/aten/src/ATen/Context.cpp:233.)
  - 2 * latent @ code_embs.t()
/fs04/ar57/wenyu/GeneRec/stage2_RQ-VAE/TIGER_FORK_RQ-VAE/model/layers.py:102: UserWarning: Deterministic behavior was enabled with either `torch.use_deterministic_algorithms(True)` or `at::Context::setDeterministicAlgorithms(true)`, but this operation is not deterministic because it uses CuBLAS and you have CUDA >= 10.2. To enable deterministic behavior in this case, you must set an environment variable before running your PyTorch application: CUBLAS_WORKSPACE_CONFIG=:4096:8 or CUBLAS_WORKSPACE_CONFIG=:16:8. For more information, go to https://docs.nvidia.com/cuda/cublas/index.html#results-reproducibility (Triggered internally at /pytorch/aten/src/ATen/Context.cpp:233.)
  - 2 * latent @ code_embs.t()
/fs04/ar57/wenyu/GeneRec/stage2_RQ-VAE/TIGER_FORK_RQ-VAE/model/layers.py:102: UserWarning: Deterministic behavior was enabled with either `torch.use_deterministic_algorithms(True)` or `at::Context::setDeterministicAlgorithms(true)`, but this operation is not deterministic because it uses CuBLAS and you have CUDA >= 10.2. To enable deterministic behavior in this case, you must set an environment variable before running your PyTorch application: CUBLAS_WORKSPACE_CONFIG=:4096:8 or CUBLAS_WORKSPACE_CONFIG=:16:8. For more information, go to https://docs.nvidia.com/cuda/cublas/index.html#results-reproducibility (Triggered internally at /pytorch/aten/src/ATen/Context.cpp:233.)
  - 2 * latent @ code_embs.t()
/home/wlia0047/ar57_scratch/wenyu/genrec_env_v2/lib64/python3.9/site-packages/torch/distributed/distributed_c10d.py:4807: UserWarning: No device id is provided via `init_process_group` or `barrier `. Using the current device set by the user. 
  warnings.warn(  # warn only once
/fs04/ar57/wenyu/GeneRec/stage2_RQ-VAE/TIGER_FORK_RQ-VAE/model/layers.py:102: UserWarning: Deterministic behavior was enabled with either `torch.use_deterministic_algorithms(True)` or `at::Context::setDeterministicAlgorithms(true)`, but this operation is not deterministic because it uses CuBLAS and you have CUDA >= 10.2. To enable deterministic behavior in this case, you must set an environment variable before running your PyTorch application: CUBLAS_WORKSPACE_CONFIG=:4096:8 or CUBLAS_WORKSPACE_CONFIG=:16:8. For more information, go to https://docs.nvidia.com/cuda/cublas/index.html#results-reproducibility (Triggered internally at /pytorch/aten/src/ATen/Context.cpp:233.)
  - 2 * latent @ code_embs.t()
/home/wlia0047/ar57_scratch/wenyu/genrec_env_v2/lib64/python3.9/site-packages/torch/distributed/distributed_c10d.py:4807: UserWarning: No device id is provided via `init_process_group` or `barrier `. Using the current device set by the user. 
  warnings.warn(  # warn only once
/fs04/ar57/wenyu/GeneRec/stage2_RQ-VAE/TIGER_FORK_RQ-VAE/model/layers.py:102: UserWarning: Deterministic behavior was enabled with either `torch.use_deterministic_algorithms(True)` or `at::Context::setDeterministicAlgorithms(true)`, but this operation is not deterministic because it uses CuBLAS and you have CUDA >= 10.2. To enable deterministic behavior in this case, you must set an environment variable before running your PyTorch application: CUBLAS_WORKSPACE_CONFIG=:4096:8 or CUBLAS_WORKSPACE_CONFIG=:16:8. For more information, go to https://docs.nvidia.com/cuda/cublas/index.html#results-reproducibility (Triggered internally at /pytorch/aten/src/ATen/Context.cpp:233.)
  - 2 * latent @ code_embs.t()
/home/wlia0047/ar57_scratch/wenyu/genrec_env_v2/lib64/python3.9/site-packages/torch/distributed/distributed_c10d.py:4807: UserWarning: No device id is provided via `init_process_group` or `barrier `. Using the current device set by the user. 
  warnings.warn(  # warn only once
/fs04/ar57/wenyu/GeneRec/stage2_RQ-VAE/TIGER_FORK_RQ-VAE/model/layers.py:102: UserWarning: Deterministic behavior was enabled with either `torch.use_deterministic_algorithms(True)` or `at::Context::setDeterministicAlgorithms(true)`, but this operation is not deterministic because it uses CuBLAS and you have CUDA >= 10.2. To enable deterministic behavior in this case, you must set an environment variable before running your PyTorch application: CUBLAS_WORKSPACE_CONFIG=:4096:8 or CUBLAS_WORKSPACE_CONFIG=:16:8. For more information, go to https://docs.nvidia.com/cuda/cublas/index.html#results-reproducibility (Triggered internally at /pytorch/aten/src/ATen/Context.cpp:233.)
  - 2 * latent @ code_embs.t()
/home/wlia0047/ar57_scratch/wenyu/genrec_env_v2/lib64/python3.9/site-packages/torch/distributed/distributed_c10d.py:4807: UserWarning: No device id is provided via `init_process_group` or `barrier `. Using the current device set by the user. 
  warnings.warn(  # warn only once
/home/wlia0047/ar57_scratch/wenyu/genrec_env_v2/lib64/python3.9/site-packages/torch/autograd/graph.py:829: UserWarning: Deterministic behavior was enabled with either `torch.use_deterministic_algorithms(True)` or `at::Context::setDeterministicAlgorithms(true)`, but this operation is not deterministic because it uses CuBLAS and you have CUDA >= 10.2. To enable deterministic behavior in this case, you must set an environment variable before running your PyTorch application: CUBLAS_WORKSPACE_CONFIG=:4096:8 or CUBLAS_WORKSPACE_CONFIG=:16:8. For more information, go to https://docs.nvidia.com/cuda/cublas/index.html#results-reproducibility (Triggered internally at /pytorch/aten/src/ATen/Context.cpp:233.)
  return Variable._execution_engine.run_backward(  # Calls into the C++ engine to run the backward pass
/home/wlia0047/ar57_scratch/wenyu/genrec_env_v2/lib64/python3.9/site-packages/torch/autograd/graph.py:829: UserWarning: Deterministic behavior was enabled with either `torch.use_deterministic_algorithms(True)` or `at::Context::setDeterministicAlgorithms(true)`, but this operation is not deterministic because it uses CuBLAS and you have CUDA >= 10.2. To enable deterministic behavior in this case, you must set an environment variable before running your PyTorch application: CUBLAS_WORKSPACE_CONFIG=:4096:8 or CUBLAS_WORKSPACE_CONFIG=:16:8. For more information, go to https://docs.nvidia.com/cuda/cublas/index.html#results-reproducibility (Triggered internally at /pytorch/aten/src/ATen/Context.cpp:233.)
  return Variable._execution_engine.run_backward(  # Calls into the C++ engine to run the backward pass
/home/wlia0047/ar57_scratch/wenyu/genrec_env_v2/lib64/python3.9/site-packages/torch/autograd/graph.py:829: UserWarning: Deterministic behavior was enabled with either `torch.use_deterministic_algorithms(True)` or `at::Context::setDeterministicAlgorithms(true)`, but this operation is not deterministic because it uses CuBLAS and you have CUDA >= 10.2. To enable deterministic behavior in this case, you must set an environment variable before running your PyTorch application: CUBLAS_WORKSPACE_CONFIG=:4096:8 or CUBLAS_WORKSPACE_CONFIG=:16:8. For more information, go to https://docs.nvidia.com/cuda/cublas/index.html#results-reproducibility (Triggered internally at /pytorch/aten/src/ATen/Context.cpp:233.)
  return Variable._execution_engine.run_backward(  # Calls into the C++ engine to run the backward pass
/home/wlia0047/ar57_scratch/wenyu/genrec_env_v2/lib64/python3.9/site-packages/torch/autograd/graph.py:829: UserWarning: Deterministic behavior was enabled with either `torch.use_deterministic_algorithms(True)` or `at::Context::setDeterministicAlgorithms(true)`, but this operation is not deterministic because it uses CuBLAS and you have CUDA >= 10.2. To enable deterministic behavior in this case, you must set an environment variable before running your PyTorch application: CUBLAS_WORKSPACE_CONFIG=:4096:8 or CUBLAS_WORKSPACE_CONFIG=:16:8. For more information, go to https://docs.nvidia.com/cuda/cublas/index.html#results-reproducibility (Triggered internally at /pytorch/aten/src/ATen/Context.cpp:233.)
  return Variable._execution_engine.run_backward(  # Calls into the C++ engine to run the backward pass
[RQ-VAE] epoch=1 loss=0.00048904 recon=0.00046251 beh=6.293099 w=0.000 lr=2.333e-05 time=1.525s
[RQ-VAE] epoch=2 loss=0.00048493 recon=0.00045522 beh=6.284966 w=0.000 lr=4.333e-05 time=0.172s
[RQ-VAE] epoch=3 loss=0.00047947 recon=0.00044265 beh=6.272936 w=0.000 lr=6.333e-05 time=0.166s
[RQ-VAE] epoch=4 loss=0.00046754 recon=0.00042372 beh=6.272252 w=0.000 lr=8.333e-05 time=0.166s
[RQ-VAE] epoch=5 loss=0.00045873 recon=0.00039499 beh=6.276724 w=0.000 lr=1.033e-04 time=0.17s
[RQ-VAE] epoch=6 loss=0.00044894 recon=0.00035533 beh=6.293188 w=0.000 lr=1.233e-04 time=0.167s
[RQ-VAE] epoch=7 loss=0.00040074 recon=0.00031117 beh=6.303672 w=0.000 lr=1.433e-04 time=0.171s
[RQ-VAE] epoch=8 loss=0.00034059 recon=0.00027090 beh=6.308639 w=0.000 lr=1.633e-04 time=0.168s
[RQ-VAE] epoch=9 loss=0.00031246 recon=0.00023879 beh=6.347822 w=0.000 lr=1.833e-04 time=0.168s
[RQ-VAE] epoch=10 loss=0.00028889 recon=0.00021726 beh=6.366969 w=0.000 lr=2.033e-04 time=0.17s
[RQ-VAE] epoch=11 loss=0.00026133 recon=0.00020557 beh=6.367795 w=0.000 lr=2.233e-04 time=0.171s
[RQ-VAE] epoch=12 loss=0.00023560 recon=0.00020000 beh=6.359469 w=0.000 lr=2.433e-04 time=0.166s
[RQ-VAE] epoch=13 loss=0.00022349 recon=0.00019663 beh=6.357738 w=0.000 lr=2.633e-04 time=0.168s
[RQ-VAE] epoch=14 loss=0.00021754 recon=0.00019309 beh=6.367638 w=0.000 lr=2.833e-04 time=0.167s
[RQ-VAE] epoch=15 loss=0.00021138 recon=0.00018975 beh=6.371160 w=0.000 lr=3.033e-04 time=0.167s
[RQ-VAE] epoch=16 loss=0.00020388 recon=0.00018614 beh=6.378664 w=0.000 lr=3.233e-04 time=0.28s
[RQ-VAE] epoch=17 loss=0.00019779 recon=0.00018263 beh=6.366777 w=0.000 lr=3.433e-04 time=0.166s
[RQ-VAE] epoch=18 loss=0.00019268 recon=0.00017977 beh=6.343905 w=0.000 lr=3.633e-04 time=0.169s
[RQ-VAE] epoch=19 loss=0.00018883 recon=0.00017780 beh=6.326842 w=0.000 lr=3.833e-04 time=0.167s
[RQ-VAE] epoch=20 loss=0.00018685 recon=0.00017658 beh=6.322828 w=0.000 lr=4.033e-04 time=0.167s
[RQ-VAE] epoch=21 loss=0.00018567 recon=0.00017566 beh=6.320369 w=0.000 lr=4.233e-04 time=0.166s
[RQ-VAE] epoch=22 loss=0.00018529 recon=0.00017482 beh=6.303878 w=0.000 lr=4.433e-04 time=0.167s
[RQ-VAE] epoch=23 loss=0.00018477 recon=0.00017345 beh=6.277035 w=0.000 lr=4.633e-04 time=0.167s
[RQ-VAE] epoch=24 loss=0.00018446 recon=0.00017113 beh=6.265551 w=0.000 lr=4.833e-04 time=0.166s
[RQ-VAE] epoch=25 loss=0.00018239 recon=0.00016804 beh=6.281031 w=0.000 lr=5.033e-04 time=0.167s
[RQ-VAE] epoch=26 loss=0.00017874 recon=0.00016503 beh=6.284173 w=0.000 lr=5.233e-04 time=0.167s
[RQ-VAE] epoch=27 loss=0.00017643 recon=0.00016303 beh=6.269799 w=0.000 lr=5.433e-04 time=0.167s
[RQ-VAE] epoch=28 loss=0.00017492 recon=0.00016148 beh=6.274117 w=0.000 lr=5.633e-04 time=0.166s
[RQ-VAE] epoch=29 loss=0.00017443 recon=0.00016038 beh=6.262121 w=0.000 lr=5.833e-04 time=0.166s
[RQ-VAE] epoch=30 loss=0.00017347 recon=0.00015922 beh=6.260500 w=0.000 lr=6.033e-04 time=0.166s
[RQ-VAE] epoch=31 loss=0.00017275 recon=0.00015843 beh=6.258017 w=0.000 lr=6.233e-04 time=0.166s
[RQ-VAE] epoch=32 loss=0.00017114 recon=0.00015699 beh=6.257319 w=0.000 lr=6.433e-04 time=0.292s
[RQ-VAE] epoch=33 loss=0.00016948 recon=0.00015561 beh=6.257751 w=0.000 lr=6.633e-04 time=0.167s
[RQ-VAE] epoch=34 loss=0.00016852 recon=0.00015465 beh=6.249908 w=0.000 lr=6.833e-04 time=0.168s
[RQ-VAE] epoch=35 loss=0.00016812 recon=0.00015394 beh=6.247000 w=0.000 lr=7.033e-04 time=0.166s
[RQ-VAE] epoch=36 loss=0.00016835 recon=0.00015332 beh=6.249519 w=0.000 lr=7.233e-04 time=0.165s
[RQ-VAE] epoch=37 loss=0.00016850 recon=0.00015240 beh=6.249465 w=0.000 lr=7.433e-04 time=0.167s
[RQ-VAE] epoch=38 loss=0.00016921 recon=0.00015131 beh=6.235712 w=0.000 lr=7.633e-04 time=0.166s
[RQ-VAE] epoch=39 loss=0.00016999 recon=0.00015019 beh=6.234970 w=0.000 lr=7.833e-04 time=0.166s
[RQ-VAE] epoch=40 loss=0.00017021 recon=0.00014882 beh=6.237634 w=0.000 lr=8.033e-04 time=0.166s
[RQ-VAE] epoch=41 loss=0.00017030 recon=0.00014747 beh=6.240115 w=0.000 lr=8.233e-04 time=0.168s
[RQ-VAE] epoch=42 loss=0.00017061 recon=0.00014633 beh=6.230984 w=0.000 lr=8.433e-04 time=0.165s
[RQ-VAE] epoch=43 loss=0.00017033 recon=0.00014472 beh=6.227453 w=0.000 lr=8.633e-04 time=0.169s
[RQ-VAE] epoch=44 loss=0.00017040 recon=0.00014338 beh=6.228672 w=0.000 lr=8.833e-04 time=0.167s
[RQ-VAE] epoch=45 loss=0.00017178 recon=0.00014304 beh=6.234752 w=0.000 lr=9.033e-04 time=0.172s
[RQ-VAE] epoch=46 loss=0.00017152 recon=0.00014199 beh=6.235500 w=0.000 lr=9.233e-04 time=0.166s
[RQ-VAE] epoch=47 loss=0.00017103 recon=0.00014059 beh=6.231915 w=0.000 lr=9.433e-04 time=0.287s
[RQ-VAE] epoch=48 loss=0.00017078 recon=0.00013946 beh=6.233022 w=0.000 lr=9.633e-04 time=0.166s
[RQ-VAE] epoch=49 loss=0.00017009 recon=0.00013860 beh=6.227327 w=0.000 lr=9.833e-04 time=0.166s
[RQ-VAE] epoch=50 loss=0.00017103 recon=0.00013781 lr=1.000e-03 raw_unique=19025/24587 collision=0.226217 time=0.164s
[RQ-VAE] epoch=51 loss=0.00016968 recon=0.00013672 beh=6.230134 w=0.000 lr=9.997e-04 time=0.169s
[RQ-VAE] epoch=52 loss=0.00016998 recon=0.00013591 beh=6.230950 w=0.000 lr=9.993e-04 time=0.168s
[RQ-VAE] epoch=53 loss=0.00017044 recon=0.00013532 beh=6.227883 w=0.000 lr=9.990e-04 time=0.168s
[RQ-VAE] epoch=54 loss=0.00017100 recon=0.00013456 beh=6.227621 w=0.000 lr=9.986e-04 time=0.167s
[RQ-VAE] epoch=55 loss=0.00017139 recon=0.00013383 beh=6.225276 w=0.000 lr=9.983e-04 time=0.167s
[RQ-VAE] epoch=56 loss=0.00017185 recon=0.00013319 beh=6.227038 w=0.000 lr=9.980e-04 time=0.167s
[RQ-VAE] epoch=57 loss=0.00017211 recon=0.00013236 beh=6.221341 w=0.000 lr=9.976e-04 time=0.168s
[RQ-VAE] epoch=58 loss=0.00017329 recon=0.00013168 beh=6.215247 w=0.000 lr=9.973e-04 time=0.169s
[RQ-VAE] epoch=59 loss=0.00017416 recon=0.00013107 beh=6.227076 w=0.000 lr=9.969e-04 time=0.166s
[RQ-VAE] epoch=60 loss=0.00017469 recon=0.00013020 beh=6.224489 w=0.000 lr=9.966e-04 time=0.167s
[RQ-VAE] epoch=61 loss=0.00017551 recon=0.00012923 beh=6.218002 w=0.000 lr=9.963e-04 time=0.167s
[RQ-VAE] epoch=62 loss=0.00017581 recon=0.00012838 beh=6.223226 w=0.000 lr=9.959e-04 time=0.166s
[RQ-VAE] epoch=63 loss=0.00017674 recon=0.00012772 beh=6.216335 w=0.000 lr=9.956e-04 time=0.287s
[RQ-VAE] epoch=64 loss=0.00017713 recon=0.00012694 beh=6.227783 w=0.000 lr=9.953e-04 time=0.166s
[RQ-VAE] epoch=65 loss=0.00017832 recon=0.00012641 beh=6.221938 w=0.000 lr=9.949e-04 time=0.173s
[RQ-VAE] epoch=66 loss=0.00017820 recon=0.00012585 beh=6.222844 w=0.000 lr=9.946e-04 time=0.167s
[RQ-VAE] epoch=67 loss=0.00017894 recon=0.00012521 beh=6.214622 w=0.000 lr=9.942e-04 time=0.167s
[RQ-VAE] epoch=68 loss=0.00017980 recon=0.00012479 beh=6.220749 w=0.000 lr=9.939e-04 time=0.167s
[RQ-VAE] epoch=69 loss=0.00017952 recon=0.00012423 beh=6.221023 w=0.000 lr=9.936e-04 time=0.166s
[RQ-VAE] epoch=70 loss=0.00017980 recon=0.00012372 beh=6.222114 w=0.000 lr=9.932e-04 time=0.168s
[RQ-VAE] epoch=71 loss=0.00018043 recon=0.00012316 beh=6.220489 w=0.000 lr=9.929e-04 time=0.167s
[RQ-VAE] epoch=72 loss=0.00018026 recon=0.00012276 beh=6.218934 w=0.000 lr=9.925e-04 time=0.169s
[RQ-VAE] epoch=73 loss=0.00018062 recon=0.00012222 beh=6.220531 w=0.000 lr=9.922e-04 time=0.166s
[RQ-VAE] epoch=74 loss=0.00018092 recon=0.00012167 beh=6.224017 w=0.000 lr=9.919e-04 time=0.166s
[RQ-VAE] epoch=75 loss=0.00018049 recon=0.00012115 beh=6.220335 w=0.000 lr=9.915e-04 time=0.166s
[RQ-VAE] epoch=76 loss=0.00018142 recon=0.00012089 beh=6.222392 w=0.000 lr=9.912e-04 time=0.167s
[RQ-VAE] epoch=77 loss=0.00018143 recon=0.00012040 beh=6.226005 w=0.000 lr=9.908e-04 time=0.167s
[RQ-VAE] epoch=78 loss=0.00018089 recon=0.00011996 beh=6.222312 w=0.000 lr=9.905e-04 time=0.166s
[RQ-VAE] epoch=79 loss=0.00018167 recon=0.00011955 beh=6.223575 w=0.000 lr=9.902e-04 time=0.289s
[RQ-VAE] epoch=80 loss=0.00018122 recon=0.00011927 beh=6.222709 w=0.000 lr=9.898e-04 time=0.166s
[RQ-VAE] epoch=81 loss=0.00018237 recon=0.00011899 beh=6.216484 w=0.000 lr=9.895e-04 time=0.168s
[RQ-VAE] epoch=82 loss=0.00018314 recon=0.00011853 beh=6.225291 w=0.000 lr=9.892e-04 time=0.166s
[RQ-VAE] epoch=83 loss=0.00018289 recon=0.00011810 beh=6.217748 w=0.000 lr=9.888e-04 time=0.167s
[RQ-VAE] epoch=84 loss=0.00018332 recon=0.00011775 beh=6.223560 w=0.000 lr=9.885e-04 time=0.168s
[RQ-VAE] epoch=85 loss=0.00018393 recon=0.00011733 beh=6.220456 w=0.000 lr=9.881e-04 time=0.178s
[RQ-VAE] epoch=86 loss=0.00018405 recon=0.00011697 beh=6.213255 w=0.000 lr=9.878e-04 time=0.168s
[RQ-VAE] epoch=87 loss=0.00018541 recon=0.00011667 beh=6.216106 w=0.000 lr=9.875e-04 time=0.167s
[RQ-VAE] epoch=88 loss=0.00018496 recon=0.00011639 beh=6.217521 w=0.000 lr=9.871e-04 time=0.169s
[RQ-VAE] epoch=89 loss=0.00018535 recon=0.00011613 beh=6.214317 w=0.000 lr=9.868e-04 time=0.168s
[RQ-VAE] epoch=90 loss=0.00018579 recon=0.00011591 beh=6.217031 w=0.000 lr=9.864e-04 time=0.167s
[RQ-VAE] epoch=91 loss=0.00018595 recon=0.00011556 beh=6.219806 w=0.000 lr=9.861e-04 time=0.168s
[RQ-VAE] epoch=92 loss=0.00018740 recon=0.00011538 beh=6.216166 w=0.000 lr=9.858e-04 time=0.169s
[RQ-VAE] epoch=93 loss=0.00018853 recon=0.00011522 beh=6.217517 w=0.000 lr=9.854e-04 time=0.167s
[RQ-VAE] epoch=94 loss=0.00018922 recon=0.00011490 beh=6.216646 w=0.000 lr=9.851e-04 time=0.168s
[RQ-VAE] epoch=95 loss=0.00018914 recon=0.00011450 beh=6.211399 w=0.000 lr=9.847e-04 time=0.294s
[RQ-VAE] epoch=96 loss=0.00018861 recon=0.00011396 beh=6.214841 w=0.000 lr=9.844e-04 time=0.168s
[RQ-VAE] epoch=97 loss=0.00018909 recon=0.00011388 beh=6.212250 w=0.000 lr=9.841e-04 time=0.168s
[RQ-VAE] epoch=98 loss=0.00019048 recon=0.00011366 beh=6.208040 w=0.000 lr=9.837e-04 time=0.168s
[RQ-VAE] epoch=99 loss=0.00019042 recon=0.00011330 beh=6.214124 w=0.000 lr=9.834e-04 time=0.17s
[RQ-VAE] epoch=100 loss=0.00019023 recon=0.00011316 lr=9.831e-04 raw_unique=20736/24587 collision=0.156627 time=0.167s
[RQ-VAE] epoch=101 loss=0.00019129 recon=0.00011291 beh=6.212388 w=0.000 lr=9.827e-04 time=0.168s
[RQ-VAE] epoch=102 loss=0.00019196 recon=0.00011259 beh=6.211153 w=0.000 lr=9.824e-04 time=0.168s
[RQ-VAE] epoch=103 loss=0.00019148 recon=0.00011229 beh=6.211923 w=0.000 lr=9.820e-04 time=0.168s
[RQ-VAE] epoch=104 loss=0.00019243 recon=0.00011203 beh=6.218291 w=0.000 lr=9.817e-04 time=0.168s
[RQ-VAE] epoch=105 loss=0.00019206 recon=0.00011175 beh=6.206510 w=0.000 lr=9.814e-04 time=0.168s
[RQ-VAE] epoch=106 loss=0.00019228 recon=0.00011147 beh=6.213277 w=0.000 lr=9.810e-04 time=0.167s
[RQ-VAE] epoch=107 loss=0.00019288 recon=0.00011120 beh=6.211327 w=0.000 lr=9.807e-04 time=0.167s
[RQ-VAE] epoch=108 loss=0.00019275 recon=0.00011090 beh=6.210939 w=0.000 lr=9.803e-04 time=0.167s
[RQ-VAE] epoch=109 loss=0.00019424 recon=0.00011073 beh=6.217617 w=0.000 lr=9.800e-04 time=0.167s
[RQ-VAE] epoch=110 loss=0.00019513 recon=0.00011065 beh=6.215950 w=0.000 lr=9.797e-04 time=0.17s
[RQ-VAE] epoch=111 loss=0.00019512 recon=0.00011036 beh=6.212421 w=0.000 lr=9.793e-04 time=0.285s
[RQ-VAE] epoch=112 loss=0.00019600 recon=0.00011010 beh=6.211387 w=0.000 lr=9.790e-04 time=0.169s
[RQ-VAE] epoch=113 loss=0.00019671 recon=0.00010992 beh=6.212469 w=0.000 lr=9.786e-04 time=0.168s
[RQ-VAE] epoch=114 loss=0.00019684 recon=0.00010969 beh=6.213717 w=0.000 lr=9.783e-04 time=0.166s
[RQ-VAE] epoch=115 loss=0.00019732 recon=0.00010947 beh=6.210144 w=0.000 lr=9.780e-04 time=0.169s
[RQ-VAE] epoch=116 loss=0.00019786 recon=0.00010942 beh=6.209594 w=0.000 lr=9.776e-04 time=0.168s
[RQ-VAE] epoch=117 loss=0.00019748 recon=0.00010913 beh=6.206041 w=0.000 lr=9.773e-04 time=0.166s
[RQ-VAE] epoch=118 loss=0.00019823 recon=0.00010880 beh=6.211660 w=0.000 lr=9.769e-04 time=0.171s
[RQ-VAE] epoch=119 loss=0.00019920 recon=0.00010866 beh=6.210505 w=0.000 lr=9.766e-04 time=0.167s
[RQ-VAE] epoch=120 loss=0.00019912 recon=0.00010849 beh=6.214597 w=0.000 lr=9.763e-04 time=0.166s
[RQ-VAE] epoch=121 loss=0.00019989 recon=0.00010832 beh=6.210945 w=0.000 lr=9.759e-04 time=0.167s
[RQ-VAE] epoch=122 loss=0.00019990 recon=0.00010810 beh=6.210120 w=0.000 lr=9.756e-04 time=0.168s
[RQ-VAE] epoch=123 loss=0.00020069 recon=0.00010804 beh=6.213021 w=0.000 lr=9.753e-04 time=0.169s
[RQ-VAE] epoch=124 loss=0.00020101 recon=0.00010780 beh=6.218129 w=0.000 lr=9.749e-04 time=0.168s
[RQ-VAE] epoch=125 loss=0.00020273 recon=0.00010767 beh=6.211477 w=0.000 lr=9.746e-04 time=0.169s
[RQ-VAE] epoch=126 loss=0.00020344 recon=0.00010735 beh=6.209998 w=0.000 lr=9.742e-04 time=0.168s
[RQ-VAE] epoch=127 loss=0.00020228 recon=0.00010716 beh=6.214160 w=0.000 lr=9.739e-04 time=0.288s
[RQ-VAE] epoch=128 loss=0.00020336 recon=0.00010698 beh=6.208580 w=0.000 lr=9.736e-04 time=0.166s
[RQ-VAE] epoch=129 loss=0.00020342 recon=0.00010668 beh=6.208875 w=0.000 lr=9.732e-04 time=0.167s
[RQ-VAE] epoch=130 loss=0.00020328 recon=0.00010648 beh=6.215124 w=0.000 lr=9.729e-04 time=0.166s
[RQ-VAE] epoch=131 loss=0.00020454 recon=0.00010636 beh=6.209348 w=0.000 lr=9.725e-04 time=0.166s
[RQ-VAE] epoch=132 loss=0.00020528 recon=0.00010617 beh=6.214583 w=0.000 lr=9.722e-04 time=0.167s
[RQ-VAE] epoch=133 loss=0.00020582 recon=0.00010614 beh=6.204367 w=0.000 lr=9.719e-04 time=0.166s
[RQ-VAE] epoch=134 loss=0.00020580 recon=0.00010583 beh=6.216192 w=0.000 lr=9.715e-04 time=0.167s
[RQ-VAE] epoch=135 loss=0.00020716 recon=0.00010562 beh=6.207692 w=0.000 lr=9.712e-04 time=0.168s
[RQ-VAE] epoch=136 loss=0.00020612 recon=0.00010557 beh=6.209227 w=0.000 lr=9.708e-04 time=0.166s
[RQ-VAE] epoch=137 loss=0.00020805 recon=0.00010526 beh=6.206210 w=0.000 lr=9.705e-04 time=0.168s
[RQ-VAE] epoch=138 loss=0.00020853 recon=0.00010504 beh=6.211015 w=0.000 lr=9.702e-04 time=0.168s
[RQ-VAE] epoch=139 loss=0.00020742 recon=0.00010502 beh=6.207758 w=0.000 lr=9.698e-04 time=0.167s
[RQ-VAE] epoch=140 loss=0.00020853 recon=0.00010496 beh=6.211534 w=0.000 lr=9.695e-04 time=0.168s
[RQ-VAE] epoch=141 loss=0.00020920 recon=0.00010462 beh=6.203393 w=0.000 lr=9.692e-04 time=0.167s
[RQ-VAE] epoch=142 loss=0.00021056 recon=0.00010455 beh=6.208617 w=0.000 lr=9.688e-04 time=0.284s
[RQ-VAE] epoch=143 loss=0.00021045 recon=0.00010441 beh=6.204688 w=0.000 lr=9.685e-04 time=0.169s
[RQ-VAE] epoch=144 loss=0.00021018 recon=0.00010422 beh=6.207750 w=0.000 lr=9.681e-04 time=0.165s
[RQ-VAE] epoch=145 loss=0.00021089 recon=0.00010403 beh=6.211356 w=0.000 lr=9.678e-04 time=0.166s
[RQ-VAE] epoch=146 loss=0.00021075 recon=0.00010372 beh=6.204678 w=0.000 lr=9.675e-04 time=0.167s
[RQ-VAE] epoch=147 loss=0.00021178 recon=0.00010349 beh=6.203986 w=0.000 lr=9.671e-04 time=0.166s
[RQ-VAE] epoch=148 loss=0.00021164 recon=0.00010341 beh=6.209737 w=0.000 lr=9.668e-04 time=0.166s
[RQ-VAE] epoch=149 loss=0.00021256 recon=0.00010327 beh=6.204602 w=0.000 lr=9.664e-04 time=0.166s
[RQ-VAE] epoch=150 loss=0.00021221 recon=0.00010306 lr=9.661e-04 raw_unique=21432/24587 collision=0.128320 time=0.169s
[RQ-VAE] epoch=151 loss=0.00021242 recon=0.00010288 beh=6.207876 w=0.000 lr=9.658e-04 time=0.168s
[RQ-VAE] epoch=152 loss=0.00021447 recon=0.00010283 beh=6.209317 w=0.000 lr=9.654e-04 time=0.168s
[RQ-VAE] epoch=153 loss=0.00021515 recon=0.00010278 beh=6.209066 w=0.000 lr=9.651e-04 time=0.166s
[RQ-VAE] epoch=154 loss=0.00021351 recon=0.00010255 beh=6.210083 w=0.000 lr=9.647e-04 time=0.166s
[RQ-VAE] epoch=155 loss=0.00021537 recon=0.00010234 beh=6.205257 w=0.000 lr=9.644e-04 time=0.168s
[RQ-VAE] epoch=156 loss=0.00021448 recon=0.00010205 beh=6.205665 w=0.000 lr=9.641e-04 time=0.166s
[RQ-VAE] epoch=157 loss=0.00021448 recon=0.00010186 beh=6.204480 w=0.000 lr=9.637e-04 time=0.166s
[RQ-VAE] epoch=158 loss=0.00021488 recon=0.00010175 beh=6.207076 w=0.000 lr=9.634e-04 time=0.288s
[RQ-VAE] epoch=159 loss=0.00021533 recon=0.00010162 beh=6.207212 w=0.000 lr=9.631e-04 time=0.167s
[RQ-VAE] epoch=160 loss=0.00021780 recon=0.00010166 beh=6.210967 w=0.000 lr=9.627e-04 time=0.167s
[RQ-VAE] epoch=161 loss=0.00021666 recon=0.00010144 beh=6.208823 w=0.000 lr=9.624e-04 time=0.166s
[RQ-VAE] epoch=162 loss=0.00021630 recon=0.00010132 beh=6.204365 w=0.000 lr=9.620e-04 time=0.167s
[RQ-VAE] epoch=163 loss=0.00021716 recon=0.00010109 beh=6.206770 w=0.000 lr=9.617e-04 time=0.165s
[RQ-VAE] epoch=164 loss=0.00021735 recon=0.00010089 beh=6.208208 w=0.000 lr=9.614e-04 time=0.167s
[RQ-VAE] epoch=165 loss=0.00021791 recon=0.00010076 beh=6.210128 w=0.000 lr=9.610e-04 time=0.166s
[RQ-VAE] epoch=166 loss=0.00021925 recon=0.00010059 beh=6.205522 w=0.000 lr=9.607e-04 time=0.166s
[RQ-VAE] epoch=167 loss=0.00022010 recon=0.00010047 beh=6.203485 w=0.000 lr=9.603e-04 time=0.166s
[RQ-VAE] epoch=168 loss=0.00021980 recon=0.00010028 beh=6.205570 w=0.000 lr=9.600e-04 time=0.17s
[RQ-VAE] epoch=169 loss=0.00022123 recon=0.00010045 beh=6.207591 w=0.000 lr=9.597e-04 time=0.166s
[RQ-VAE] epoch=170 loss=0.00022162 recon=0.00010016 beh=6.209241 w=0.000 lr=9.593e-04 time=0.167s
[RQ-VAE] epoch=171 loss=0.00022264 recon=0.00010004 beh=6.205317 w=0.000 lr=9.590e-04 time=0.167s
[RQ-VAE] epoch=172 loss=0.00022350 recon=0.00009990 beh=6.203368 w=0.000 lr=9.586e-04 time=0.171s
[RQ-VAE] epoch=173 loss=0.00022211 recon=0.00009982 beh=6.206566 w=0.000 lr=9.583e-04 time=0.165s
[RQ-VAE] epoch=174 loss=0.00022274 recon=0.00009964 beh=6.208557 w=0.000 lr=9.580e-04 time=0.285s
[RQ-VAE] epoch=175 loss=0.00022424 recon=0.00009970 beh=6.207524 w=0.000 lr=9.576e-04 time=0.167s
[RQ-VAE] epoch=176 loss=0.00022438 recon=0.00009951 beh=6.199729 w=0.000 lr=9.573e-04 time=0.165s
[RQ-VAE] epoch=177 loss=0.00022372 recon=0.00009926 beh=6.203897 w=0.000 lr=9.569e-04 time=0.165s
[RQ-VAE] epoch=178 loss=0.00022316 recon=0.00009912 beh=6.206052 w=0.000 lr=9.566e-04 time=0.166s
[RQ-VAE] epoch=179 loss=0.00022453 recon=0.00009902 beh=6.204396 w=0.000 lr=9.563e-04 time=0.167s
[RQ-VAE] epoch=180 loss=0.00022580 recon=0.00009893 beh=6.202728 w=0.000 lr=9.559e-04 time=0.167s
[RQ-VAE] epoch=181 loss=0.00022677 recon=0.00009885 beh=6.202057 w=0.000 lr=9.556e-04 time=0.166s
[RQ-VAE] epoch=182 loss=0.00022704 recon=0.00009861 beh=6.206584 w=0.000 lr=9.553e-04 time=0.165s
[RQ-VAE] epoch=183 loss=0.00022613 recon=0.00009856 beh=6.207688 w=0.000 lr=9.549e-04 time=0.165s
[RQ-VAE] epoch=184 loss=0.00022623 recon=0.00009838 beh=6.208467 w=0.000 lr=9.546e-04 time=0.167s
[RQ-VAE] epoch=185 loss=0.00022598 recon=0.00009821 beh=6.202582 w=0.000 lr=9.542e-04 time=0.166s
[RQ-VAE] epoch=186 loss=0.00022663 recon=0.00009817 beh=6.204513 w=0.000 lr=9.539e-04 time=0.167s
[RQ-VAE] epoch=187 loss=0.00022803 recon=0.00009809 beh=6.208003 w=0.000 lr=9.536e-04 time=0.166s
[RQ-VAE] epoch=188 loss=0.00022878 recon=0.00009781 beh=6.199514 w=0.000 lr=9.532e-04 time=0.166s
[RQ-VAE] epoch=189 loss=0.00022937 recon=0.00009770 beh=6.203569 w=0.000 lr=9.529e-04 time=0.166s
[RQ-VAE] epoch=190 loss=0.00022805 recon=0.00009761 beh=6.206787 w=0.000 lr=9.525e-04 time=0.267s
[RQ-VAE] epoch=191 loss=0.00022975 recon=0.00009759 beh=6.200642 w=0.000 lr=9.522e-04 time=0.165s
[RQ-VAE] epoch=192 loss=0.00022845 recon=0.00009745 beh=6.201496 w=0.000 lr=9.519e-04 time=0.167s
[RQ-VAE] epoch=193 loss=0.00023002 recon=0.00009731 beh=6.205639 w=0.000 lr=9.515e-04 time=0.168s
[RQ-VAE] epoch=194 loss=0.00023083 recon=0.00009741 beh=6.200752 w=0.000 lr=9.512e-04 time=0.166s
[RQ-VAE] epoch=195 loss=0.00023054 recon=0.00009716 beh=6.202760 w=0.000 lr=9.508e-04 time=0.166s
[RQ-VAE] epoch=196 loss=0.00023059 recon=0.00009706 beh=6.206310 w=0.000 lr=9.505e-04 time=0.165s
[RQ-VAE] epoch=197 loss=0.00023032 recon=0.00009687 beh=6.199352 w=0.000 lr=9.502e-04 time=0.166s
[RQ-VAE] epoch=198 loss=0.00023102 recon=0.00009672 beh=6.207834 w=0.000 lr=9.498e-04 time=0.167s
[RQ-VAE] epoch=199 loss=0.00023035 recon=0.00009666 beh=6.201781 w=0.000 lr=9.495e-04 time=0.166s
[RQ-VAE] epoch=200 loss=0.00023235 recon=0.00009672 lr=9.492e-04 raw_unique=21453/24587 collision=0.127466 time=0.167s
[RQ-VAE] epoch=201 loss=0.00023359 recon=0.00009643 beh=6.199208 w=0.000 lr=9.488e-04 time=0.166s
[RQ-VAE] epoch=202 loss=0.00023264 recon=0.00009655 beh=6.202478 w=0.000 lr=9.485e-04 time=0.17s
[RQ-VAE] epoch=203 loss=0.00023305 recon=0.00009630 beh=6.203051 w=0.000 lr=9.481e-04 time=0.165s
[RQ-VAE] epoch=204 loss=0.00023280 recon=0.00009613 beh=6.207756 w=0.000 lr=9.478e-04 time=0.168s
[RQ-VAE] epoch=205 loss=0.00023343 recon=0.00009612 beh=6.204558 w=0.000 lr=9.475e-04 time=0.166s
[RQ-VAE] epoch=206 loss=0.00023439 recon=0.00009603 beh=6.204563 w=0.000 lr=9.471e-04 time=0.28s
[RQ-VAE] epoch=207 loss=0.00023606 recon=0.00009588 beh=6.202989 w=0.000 lr=9.468e-04 time=0.166s
[RQ-VAE] epoch=208 loss=0.00023503 recon=0.00009579 beh=6.199672 w=0.000 lr=9.464e-04 time=0.165s
[RQ-VAE] epoch=209 loss=0.00023550 recon=0.00009574 beh=6.206056 w=0.000 lr=9.461e-04 time=0.166s
[RQ-VAE] epoch=210 loss=0.00023661 recon=0.00009560 beh=6.199982 w=0.000 lr=9.458e-04 time=0.167s
[RQ-VAE] epoch=211 loss=0.00023541 recon=0.00009553 beh=6.198414 w=0.000 lr=9.454e-04 time=0.166s
[RQ-VAE] epoch=212 loss=0.00023683 recon=0.00009526 beh=6.203805 w=0.000 lr=9.451e-04 time=0.166s
[RQ-VAE] epoch=213 loss=0.00023722 recon=0.00009540 beh=6.199407 w=0.000 lr=9.447e-04 time=0.166s
[RQ-VAE] epoch=214 loss=0.00023687 recon=0.00009521 beh=6.200677 w=0.000 lr=9.444e-04 time=0.167s
[RQ-VAE] epoch=215 loss=0.00023841 recon=0.00009515 beh=6.201146 w=0.000 lr=9.441e-04 time=0.166s
[RQ-VAE] epoch=216 loss=0.00023755 recon=0.00009513 beh=6.202957 w=0.000 lr=9.437e-04 time=0.169s
[RQ-VAE] epoch=217 loss=0.00023870 recon=0.00009507 beh=6.203897 w=0.000 lr=9.434e-04 time=0.167s
[RQ-VAE] epoch=218 loss=0.00023883 recon=0.00009504 beh=6.204079 w=0.000 lr=9.431e-04 time=0.166s
[RQ-VAE] epoch=219 loss=0.00024006 recon=0.00009491 beh=6.199392 w=0.000 lr=9.427e-04 time=0.166s
[RQ-VAE] epoch=220 loss=0.00024028 recon=0.00009495 beh=6.202890 w=0.000 lr=9.424e-04 time=0.167s
[RQ-VAE] epoch=221 loss=0.00024123 recon=0.00009480 beh=6.203971 w=0.000 lr=9.420e-04 time=0.166s
[RQ-VAE] epoch=222 loss=0.00024044 recon=0.00009478 beh=6.200683 w=0.000 lr=9.417e-04 time=0.264s
[RQ-VAE] epoch=223 loss=0.00023984 recon=0.00009452 beh=6.200432 w=0.000 lr=9.414e-04 time=0.168s
[RQ-VAE] epoch=224 loss=0.00024197 recon=0.00009446 beh=6.202728 w=0.000 lr=9.410e-04 time=0.165s
[RQ-VAE] epoch=225 loss=0.00024217 recon=0.00009450 beh=6.203251 w=0.000 lr=9.407e-04 time=0.166s
[RQ-VAE] epoch=226 loss=0.00024231 recon=0.00009435 beh=6.198660 w=0.000 lr=9.403e-04 time=0.165s
[RQ-VAE] epoch=227 loss=0.00024251 recon=0.00009420 beh=6.197903 w=0.000 lr=9.400e-04 time=0.166s
[RQ-VAE] epoch=228 loss=0.00024196 recon=0.00009426 beh=6.199969 w=0.000 lr=9.397e-04 time=0.165s
[RQ-VAE] epoch=229 loss=0.00024271 recon=0.00009404 beh=6.203278 w=0.000 lr=9.393e-04 time=0.168s
[RQ-VAE] epoch=230 loss=0.00024292 recon=0.00009384 beh=6.198978 w=0.000 lr=9.390e-04 time=0.166s
[RQ-VAE] epoch=231 loss=0.00024298 recon=0.00009391 beh=6.202211 w=0.000 lr=9.386e-04 time=0.167s
[RQ-VAE] epoch=232 loss=0.00024448 recon=0.00009371 beh=6.198486 w=0.000 lr=9.383e-04 time=0.165s
[RQ-VAE] epoch=233 loss=0.00024496 recon=0.00009356 beh=6.199338 w=0.000 lr=9.380e-04 time=0.166s
[RQ-VAE] epoch=234 loss=0.00024435 recon=0.00009364 beh=6.202411 w=0.000 lr=9.376e-04 time=0.165s
[RQ-VAE] epoch=235 loss=0.00024496 recon=0.00009359 beh=6.196102 w=0.000 lr=9.373e-04 time=0.166s
[RQ-VAE] epoch=236 loss=0.00024571 recon=0.00009349 beh=6.203234 w=0.000 lr=9.369e-04 time=0.164s
[RQ-VAE] epoch=237 loss=0.00024557 recon=0.00009332 beh=6.201230 w=0.000 lr=9.366e-04 time=0.288s
[RQ-VAE] epoch=238 loss=0.00024497 recon=0.00009324 beh=6.201391 w=0.000 lr=9.363e-04 time=0.166s
[RQ-VAE] epoch=239 loss=0.00024489 recon=0.00009305 beh=6.199681 w=0.000 lr=9.359e-04 time=0.166s
[RQ-VAE] epoch=240 loss=0.00024751 recon=0.00009303 beh=6.203860 w=0.000 lr=9.356e-04 time=0.166s
[RQ-VAE] epoch=241 loss=0.00024690 recon=0.00009313 beh=6.201546 w=0.000 lr=9.353e-04 time=0.166s
[RQ-VAE] epoch=242 loss=0.00024760 recon=0.00009316 beh=6.199341 w=0.000 lr=9.349e-04 time=0.167s
[RQ-VAE] epoch=243 loss=0.00024667 recon=0.00009299 beh=6.200091 w=0.000 lr=9.346e-04 time=0.167s
[RQ-VAE] epoch=244 loss=0.00024717 recon=0.00009295 beh=6.202656 w=0.000 lr=9.342e-04 time=0.166s
[RQ-VAE] epoch=245 loss=0.00024746 recon=0.00009276 beh=6.204295 w=0.000 lr=9.339e-04 time=0.166s
[RQ-VAE] epoch=246 loss=0.00024700 recon=0.00009263 beh=6.198816 w=0.000 lr=9.336e-04 time=0.166s
[RQ-VAE] epoch=247 loss=0.00024689 recon=0.00009262 beh=6.197723 w=0.000 lr=9.332e-04 time=0.166s
[RQ-VAE] epoch=248 loss=0.00024788 recon=0.00009247 beh=6.204716 w=0.000 lr=9.329e-04 time=0.165s
[RQ-VAE] epoch=249 loss=0.00024825 recon=0.00009241 beh=6.204543 w=0.000 lr=9.325e-04 time=0.166s
[RQ-VAE] epoch=250 loss=0.00024776 recon=0.00009227 lr=9.322e-04 raw_unique=21388/24587 collision=0.130109 time=0.166s
[RQ-VAE] epoch=251 loss=0.00024886 recon=0.00009224 beh=6.199613 w=0.000 lr=9.319e-04 time=0.168s
[RQ-VAE] epoch=252 loss=0.00024868 recon=0.00009206 beh=6.206757 w=0.000 lr=9.315e-04 time=0.168s
[RQ-VAE] epoch=253 loss=0.00024839 recon=0.00009197 beh=6.199748 w=0.000 lr=9.312e-04 time=0.267s
[RQ-VAE] epoch=254 loss=0.00024978 recon=0.00009212 beh=6.199962 w=0.000 lr=9.308e-04 time=0.166s
[RQ-VAE] epoch=255 loss=0.00024899 recon=0.00009182 beh=6.200323 w=0.000 lr=9.305e-04 time=0.166s
[RQ-VAE] epoch=256 loss=0.00024892 recon=0.00009186 beh=6.201801 w=0.000 lr=9.302e-04 time=0.166s
[RQ-VAE] epoch=257 loss=0.00024975 recon=0.00009178 beh=6.202865 w=0.000 lr=9.298e-04 time=0.167s
[RQ-VAE] epoch=258 loss=0.00025028 recon=0.00009174 beh=6.204924 w=0.000 lr=9.295e-04 time=0.165s
[RQ-VAE] epoch=259 loss=0.00025216 recon=0.00009170 beh=6.202533 w=0.000 lr=9.292e-04 time=0.166s
[RQ-VAE] epoch=260 loss=0.00025144 recon=0.00009173 beh=6.196287 w=0.000 lr=9.288e-04 time=0.166s
[RQ-VAE] epoch=261 loss=0.00025161 recon=0.00009184 beh=6.202411 w=0.000 lr=9.285e-04 time=0.169s
[RQ-VAE] epoch=262 loss=0.00025313 recon=0.00009171 beh=6.202904 w=0.000 lr=9.281e-04 time=0.165s
[RQ-VAE] epoch=263 loss=0.00025425 recon=0.00009165 beh=6.198154 w=0.000 lr=9.278e-04 time=0.169s
[RQ-VAE] epoch=264 loss=0.00025430 recon=0.00009148 beh=6.199944 w=0.000 lr=9.275e-04 time=0.168s
[RQ-VAE] epoch=265 loss=0.00025472 recon=0.00009151 beh=6.195202 w=0.000 lr=9.271e-04 time=0.166s
[RQ-VAE] epoch=266 loss=0.00025526 recon=0.00009166 beh=6.200842 w=0.000 lr=9.268e-04 time=0.166s
[RQ-VAE] epoch=267 loss=0.00025568 recon=0.00009149 beh=6.202821 w=0.000 lr=9.264e-04 time=0.167s
[RQ-VAE] epoch=268 loss=0.00025359 recon=0.00009133 beh=6.197016 w=0.000 lr=9.261e-04 time=0.166s
[RQ-VAE] epoch=269 loss=0.00025585 recon=0.00009118 beh=6.198376 w=0.000 lr=9.258e-04 time=0.277s
[RQ-VAE] epoch=270 loss=0.00025629 recon=0.00009129 beh=6.202512 w=0.000 lr=9.254e-04 time=0.166s
[RQ-VAE] epoch=271 loss=0.00025380 recon=0.00009103 beh=6.201477 w=0.000 lr=9.251e-04 time=0.166s
[RQ-VAE] epoch=272 loss=0.00025498 recon=0.00009111 beh=6.196142 w=0.000 lr=9.247e-04 time=0.166s
[RQ-VAE] epoch=273 loss=0.00025837 recon=0.00009115 beh=6.198719 w=0.000 lr=9.244e-04 time=0.166s
[RQ-VAE] epoch=274 loss=0.00025608 recon=0.00009083 beh=6.199216 w=0.000 lr=9.241e-04 time=0.167s
[RQ-VAE] epoch=275 loss=0.00025769 recon=0.00009087 beh=6.195088 w=0.000 lr=9.237e-04 time=0.167s
[RQ-VAE] epoch=276 loss=0.00025787 recon=0.00009064 beh=6.199178 w=0.000 lr=9.234e-04 time=0.166s
[RQ-VAE] epoch=277 loss=0.00025702 recon=0.00009071 beh=6.196613 w=0.000 lr=9.231e-04 time=0.167s
[RQ-VAE] epoch=278 loss=0.00025685 recon=0.00009072 beh=6.197159 w=0.000 lr=9.227e-04 time=0.166s
[RQ-VAE] epoch=279 loss=0.00025812 recon=0.00009054 beh=6.199813 w=0.000 lr=9.224e-04 time=0.167s
[RQ-VAE] epoch=280 loss=0.00025745 recon=0.00009062 beh=6.196771 w=0.000 lr=9.220e-04 time=0.166s
[RQ-VAE] epoch=281 loss=0.00025777 recon=0.00009057 beh=6.197965 w=0.000 lr=9.217e-04 time=0.167s
[RQ-VAE] epoch=282 loss=0.00025915 recon=0.00009044 beh=6.198726 w=0.000 lr=9.214e-04 time=0.166s
[RQ-VAE] epoch=283 loss=0.00025900 recon=0.00009027 beh=6.198459 w=0.000 lr=9.210e-04 time=0.167s
[RQ-VAE] epoch=284 loss=0.00025679 recon=0.00009033 beh=6.198131 w=0.000 lr=9.207e-04 time=0.166s
[RQ-VAE] epoch=285 loss=0.00025954 recon=0.00009012 beh=6.199426 w=0.000 lr=9.203e-04 time=0.274s
[RQ-VAE] epoch=286 loss=0.00025933 recon=0.00009017 beh=6.197576 w=0.000 lr=9.200e-04 time=0.166s
[RQ-VAE] epoch=287 loss=0.00025726 recon=0.00009003 beh=6.200193 w=0.000 lr=9.197e-04 time=0.165s
[RQ-VAE] epoch=288 loss=0.00025833 recon=0.00009001 beh=6.193796 w=0.000 lr=9.193e-04 time=0.165s
[RQ-VAE] epoch=289 loss=0.00025914 recon=0.00008982 beh=6.201240 w=0.000 lr=9.190e-04 time=0.166s
[RQ-VAE] epoch=290 loss=0.00025931 recon=0.00008979 beh=6.199240 w=0.000 lr=9.186e-04 time=0.165s
[RQ-VAE] epoch=291 loss=0.00025997 recon=0.00008990 beh=6.195255 w=0.000 lr=9.183e-04 time=0.17s
[RQ-VAE] epoch=292 loss=0.00026078 recon=0.00008966 beh=6.199958 w=0.000 lr=9.180e-04 time=0.166s
[RQ-VAE] epoch=293 loss=0.00026052 recon=0.00008957 beh=6.199913 w=0.000 lr=9.176e-04 time=0.167s
[RQ-VAE] epoch=294 loss=0.00026098 recon=0.00008950 beh=6.200901 w=0.000 lr=9.173e-04 time=0.166s
[RQ-VAE] epoch=295 loss=0.00026175 recon=0.00008936 beh=6.201737 w=0.000 lr=9.169e-04 time=0.168s
[RQ-VAE] epoch=296 loss=0.00026233 recon=0.00008936 beh=6.198783 w=0.000 lr=9.166e-04 time=0.165s
[RQ-VAE] epoch=297 loss=0.00026301 recon=0.00008955 beh=6.195625 w=0.000 lr=9.163e-04 time=0.166s
[RQ-VAE] epoch=298 loss=0.00026245 recon=0.00008955 beh=6.198230 w=0.000 lr=9.159e-04 time=0.166s
[RQ-VAE] epoch=299 loss=0.00026369 recon=0.00008959 beh=6.201106 w=0.000 lr=9.156e-04 time=0.167s
[RQ-VAE] epoch=300 loss=0.00026384 recon=0.00008930 lr=9.153e-04 raw_unique=21150/24587 collision=0.139789 time=0.166s
[RQ-VAE] epoch=301 loss=0.00026434 recon=0.00008930 beh=6.192967 w=0.000 lr=9.149e-04 time=0.267s
[RQ-VAE] epoch=302 loss=0.00026617 recon=0.00008928 beh=6.196195 w=0.000 lr=9.146e-04 time=0.168s
[RQ-VAE] epoch=303 loss=0.00026623 recon=0.00008925 beh=6.200981 w=0.000 lr=9.142e-04 time=0.167s
[RQ-VAE] epoch=304 loss=0.00026465 recon=0.00008914 beh=6.201070 w=0.000 lr=9.139e-04 time=0.166s
[RQ-VAE] epoch=305 loss=0.00026707 recon=0.00008921 beh=6.198895 w=0.000 lr=9.136e-04 time=0.167s
[RQ-VAE] epoch=306 loss=0.00026729 recon=0.00008920 beh=6.201163 w=0.000 lr=9.132e-04 time=0.168s
[RQ-VAE] epoch=307 loss=0.00026529 recon=0.00008920 beh=6.201935 w=0.000 lr=9.129e-04 time=0.17s
[RQ-VAE] epoch=308 loss=0.00026723 recon=0.00008919 beh=6.198367 w=0.000 lr=9.125e-04 time=0.174s
[RQ-VAE] epoch=309 loss=0.00026738 recon=0.00008902 beh=6.200702 w=0.000 lr=9.122e-04 time=0.173s
[RQ-VAE] epoch=310 loss=0.00026687 recon=0.00008885 beh=6.197416 w=0.000 lr=9.119e-04 time=0.171s
[RQ-VAE] epoch=311 loss=0.00026684 recon=0.00008885 beh=6.196558 w=0.000 lr=9.115e-04 time=0.171s
[RQ-VAE] epoch=312 loss=0.00026806 recon=0.00008868 beh=6.198493 w=0.000 lr=9.112e-04 time=0.17s
[RQ-VAE] epoch=313 loss=0.00026793 recon=0.00008857 beh=6.197948 w=0.000 lr=9.108e-04 time=0.171s
[RQ-VAE] epoch=314 loss=0.00026717 recon=0.00008867 beh=6.198256 w=0.000 lr=9.105e-04 time=0.172s
[RQ-VAE] epoch=315 loss=0.00026854 recon=0.00008852 beh=6.194180 w=0.000 lr=9.102e-04 time=0.171s
[RQ-VAE] epoch=316 loss=0.00026890 recon=0.00008878 beh=6.201130 w=0.000 lr=9.098e-04 time=0.171s
[RQ-VAE] epoch=317 loss=0.00026942 recon=0.00008869 beh=6.197458 w=0.000 lr=9.095e-04 time=0.266s
[RQ-VAE] epoch=318 loss=0.00026925 recon=0.00008842 beh=6.194589 w=0.000 lr=9.092e-04 time=0.165s
[RQ-VAE] epoch=319 loss=0.00026782 recon=0.00008838 beh=6.197168 w=0.000 lr=9.088e-04 time=0.165s
[RQ-VAE] epoch=320 loss=0.00026964 recon=0.00008839 beh=6.190332 w=0.000 lr=9.085e-04 time=0.171s
[RQ-VAE] epoch=321 loss=0.00026997 recon=0.00008824 beh=6.199084 w=0.000 lr=9.081e-04 time=0.165s
[RQ-VAE] epoch=322 loss=0.00026958 recon=0.00008826 beh=6.201008 w=0.000 lr=9.078e-04 time=0.166s
[RQ-VAE] epoch=323 loss=0.00026985 recon=0.00008814 beh=6.198207 w=0.000 lr=9.075e-04 time=0.165s
[RQ-VAE] epoch=324 loss=0.00026947 recon=0.00008817 beh=6.197849 w=0.000 lr=9.071e-04 time=0.165s
[RQ-VAE] epoch=325 loss=0.00027041 recon=0.00008827 beh=6.202131 w=0.000 lr=9.068e-04 time=0.166s
[RQ-VAE] epoch=326 loss=0.00027169 recon=0.00008800 beh=6.194599 w=0.000 lr=9.064e-04 time=0.166s
[RQ-VAE] epoch=327 loss=0.00026964 recon=0.00008796 beh=6.194761 w=0.000 lr=9.061e-04 time=0.165s
[RQ-VAE] epoch=328 loss=0.00026944 recon=0.00008779 beh=6.204513 w=0.000 lr=9.058e-04 time=0.165s
[RQ-VAE] epoch=329 loss=0.00027247 recon=0.00008799 beh=6.199686 w=0.000 lr=9.054e-04 time=0.165s
[RQ-VAE] epoch=330 loss=0.00027131 recon=0.00008772 beh=6.203000 w=0.000 lr=9.051e-04 time=0.165s
[RQ-VAE] epoch=331 loss=0.00027051 recon=0.00008785 beh=6.199162 w=0.000 lr=9.047e-04 time=0.164s
[RQ-VAE] epoch=332 loss=0.00027148 recon=0.00008769 beh=6.195759 w=0.000 lr=9.044e-04 time=0.279s
[RQ-VAE] epoch=333 loss=0.00027355 recon=0.00008776 beh=6.196305 w=0.000 lr=9.041e-04 time=0.165s
[RQ-VAE] epoch=334 loss=0.00027259 recon=0.00008762 beh=6.203768 w=0.000 lr=9.037e-04 time=0.166s
[RQ-VAE] epoch=335 loss=0.00027287 recon=0.00008784 beh=6.196018 w=0.000 lr=9.034e-04 time=0.165s
[RQ-VAE] epoch=336 loss=0.00027336 recon=0.00008766 beh=6.201303 w=0.000 lr=9.031e-04 time=0.166s
[RQ-VAE] epoch=337 loss=0.00027263 recon=0.00008758 beh=6.200532 w=0.000 lr=9.027e-04 time=0.165s
[RQ-VAE] epoch=338 loss=0.00027328 recon=0.00008749 beh=6.195416 w=0.000 lr=9.024e-04 time=0.166s
[RQ-VAE] epoch=339 loss=0.00027557 recon=0.00008760 beh=6.197568 w=0.000 lr=9.020e-04 time=0.17s
[RQ-VAE] epoch=340 loss=0.00027469 recon=0.00008741 beh=6.196445 w=0.000 lr=9.017e-04 time=0.166s
[RQ-VAE] epoch=341 loss=0.00027391 recon=0.00008742 beh=6.196297 w=0.000 lr=9.014e-04 time=0.166s
[RQ-VAE] epoch=342 loss=0.00027385 recon=0.00008742 beh=6.196376 w=0.000 lr=9.010e-04 time=0.167s
[RQ-VAE] epoch=343 loss=0.00027439 recon=0.00008748 beh=6.197310 w=0.000 lr=9.007e-04 time=0.166s
[RQ-VAE] epoch=344 loss=0.00027621 recon=0.00008727 beh=6.200219 w=0.000 lr=9.003e-04 time=0.166s
[RQ-VAE] epoch=345 loss=0.00027478 recon=0.00008739 beh=6.189808 w=0.000 lr=9.000e-04 time=0.166s
[RQ-VAE] epoch=346 loss=0.00027437 recon=0.00008720 beh=6.202455 w=0.000 lr=8.997e-04 time=0.167s
[RQ-VAE] epoch=347 loss=0.00027423 recon=0.00008723 beh=6.204014 w=0.000 lr=8.993e-04 time=0.165s
[RQ-VAE] epoch=348 loss=0.00027489 recon=0.00008706 beh=6.196020 w=0.000 lr=8.990e-04 time=0.267s
[RQ-VAE] epoch=349 loss=0.00027366 recon=0.00008689 beh=6.197921 w=0.000 lr=8.986e-04 time=0.165s
[RQ-VAE] epoch=350 loss=0.00027349 recon=0.00008691 lr=8.983e-04 raw_unique=20904/24587 collision=0.149795 time=0.165s
[RQ-VAE] epoch=351 loss=0.00027441 recon=0.00008701 beh=6.194790 w=0.000 lr=8.980e-04 time=0.168s
[RQ-VAE] epoch=352 loss=0.00027471 recon=0.00008681 beh=6.199393 w=0.000 lr=8.976e-04 time=0.166s
[RQ-VAE] epoch=353 loss=0.00027517 recon=0.00008680 beh=6.193297 w=0.000 lr=8.973e-04 time=0.166s
[RQ-VAE] epoch=354 loss=0.00027550 recon=0.00008696 beh=6.197513 w=0.000 lr=8.969e-04 time=0.168s
[RQ-VAE] epoch=355 loss=0.00027520 recon=0.00008689 beh=6.197621 w=0.000 lr=8.966e-04 time=0.165s
[RQ-VAE] epoch=356 loss=0.00027616 recon=0.00008689 beh=6.197597 w=0.000 lr=8.963e-04 time=0.166s
[RQ-VAE] epoch=357 loss=0.00027740 recon=0.00008668 beh=6.199080 w=0.000 lr=8.959e-04 time=0.166s
[RQ-VAE] epoch=358 loss=0.00027411 recon=0.00008664 beh=6.201782 w=0.000 lr=8.956e-04 time=0.166s
[RQ-VAE] epoch=359 loss=0.00027459 recon=0.00008674 beh=6.197196 w=0.000 lr=8.953e-04 time=0.166s
[RQ-VAE] epoch=360 loss=0.00027780 recon=0.00008669 beh=6.195077 w=0.000 lr=8.949e-04 time=0.169s
[RQ-VAE] epoch=361 loss=0.00027612 recon=0.00008649 beh=6.200061 w=0.000 lr=8.946e-04 time=0.166s
[RQ-VAE] epoch=362 loss=0.00027515 recon=0.00008651 beh=6.199749 w=0.000 lr=8.942e-04 time=0.166s
[RQ-VAE] epoch=363 loss=0.00027686 recon=0.00008641 beh=6.204197 w=0.000 lr=8.939e-04 time=0.166s
[RQ-VAE] epoch=364 loss=0.00027709 recon=0.00008643 beh=6.200770 w=0.000 lr=8.936e-04 time=0.267s
[RQ-VAE] epoch=365 loss=0.00027560 recon=0.00008626 beh=6.198349 w=0.000 lr=8.932e-04 time=0.165s
[RQ-VAE] epoch=366 loss=0.00027811 recon=0.00008632 beh=6.197817 w=0.000 lr=8.929e-04 time=0.166s
[RQ-VAE] epoch=367 loss=0.00027689 recon=0.00008616 beh=6.198515 w=0.000 lr=8.925e-04 time=0.167s
[RQ-VAE] epoch=368 loss=0.00027712 recon=0.00008616 beh=6.203093 w=0.000 lr=8.922e-04 time=0.166s
[RQ-VAE] epoch=369 loss=0.00027697 recon=0.00008617 beh=6.200168 w=0.000 lr=8.919e-04 time=0.166s
[RQ-VAE] epoch=370 loss=0.00027756 recon=0.00008616 beh=6.198540 w=0.000 lr=8.915e-04 time=0.166s
[RQ-VAE] epoch=371 loss=0.00027857 recon=0.00008610 beh=6.195136 w=0.000 lr=8.912e-04 time=0.165s
[RQ-VAE] epoch=372 loss=0.00027887 recon=0.00008615 beh=6.201285 w=0.000 lr=8.908e-04 time=0.167s
[RQ-VAE] epoch=373 loss=0.00027805 recon=0.00008611 beh=6.199173 w=0.000 lr=8.905e-04 time=0.165s
[RQ-VAE] epoch=374 loss=0.00027977 recon=0.00008589 beh=6.199296 w=0.000 lr=8.902e-04 time=0.168s
[RQ-VAE] epoch=375 loss=0.00027779 recon=0.00008605 beh=6.202930 w=0.000 lr=8.898e-04 time=0.165s
[RQ-VAE] epoch=376 loss=0.00027900 recon=0.00008600 beh=6.194858 w=0.000 lr=8.895e-04 time=0.166s
[RQ-VAE] epoch=377 loss=0.00027895 recon=0.00008592 beh=6.195725 w=0.000 lr=8.892e-04 time=0.165s
[RQ-VAE] epoch=378 loss=0.00027943 recon=0.00008591 beh=6.194214 w=0.000 lr=8.888e-04 time=0.168s
[RQ-VAE] epoch=379 loss=0.00027935 recon=0.00008586 beh=6.195521 w=0.000 lr=8.885e-04 time=0.167s
[RQ-VAE] epoch=380 loss=0.00028170 recon=0.00008572 beh=6.197838 w=0.000 lr=8.881e-04 time=0.281s
[RQ-VAE] epoch=381 loss=0.00027921 recon=0.00008557 beh=6.195691 w=0.000 lr=8.878e-04 time=0.165s
[RQ-VAE] epoch=382 loss=0.00027867 recon=0.00008562 beh=6.197664 w=0.000 lr=8.875e-04 time=0.166s
[RQ-VAE] epoch=383 loss=0.00028059 recon=0.00008549 beh=6.196741 w=0.000 lr=8.871e-04 time=0.165s
[RQ-VAE] epoch=384 loss=0.00028094 recon=0.00008550 beh=6.195302 w=0.000 lr=8.868e-04 time=0.165s
[RQ-VAE] epoch=385 loss=0.00028054 recon=0.00008562 beh=6.199113 w=0.000 lr=8.864e-04 time=0.166s
[RQ-VAE] epoch=386 loss=0.00028078 recon=0.00008546 beh=6.196187 w=0.000 lr=8.861e-04 time=0.167s
[RQ-VAE] epoch=387 loss=0.00028252 recon=0.00008536 beh=6.200141 w=0.000 lr=8.858e-04 time=0.165s
[RQ-VAE] epoch=388 loss=0.00028166 recon=0.00008550 beh=6.198244 w=0.000 lr=8.854e-04 time=0.165s
[RQ-VAE] epoch=389 loss=0.00027983 recon=0.00008553 beh=6.199992 w=0.000 lr=8.851e-04 time=0.167s
[RQ-VAE] epoch=390 loss=0.00028343 recon=0.00008548 beh=6.193802 w=0.000 lr=8.847e-04 time=0.167s
[RQ-VAE] epoch=391 loss=0.00028068 recon=0.00008531 beh=6.197302 w=0.000 lr=8.844e-04 time=0.166s
[RQ-VAE] epoch=392 loss=0.00027961 recon=0.00008537 beh=6.198338 w=0.000 lr=8.841e-04 time=0.166s
[RQ-VAE] epoch=393 loss=0.00028081 recon=0.00008542 beh=6.196441 w=0.000 lr=8.837e-04 time=0.165s
[RQ-VAE] epoch=394 loss=0.00028403 recon=0.00008523 beh=6.198916 w=0.000 lr=8.834e-04 time=0.167s
[RQ-VAE] epoch=395 loss=0.00028173 recon=0.00008525 beh=6.194166 w=0.000 lr=8.831e-04 time=0.167s
[RQ-VAE] epoch=396 loss=0.00028032 recon=0.00008523 beh=6.192346 w=0.000 lr=8.827e-04 time=0.265s
[RQ-VAE] epoch=397 loss=0.00028222 recon=0.00008509 beh=6.197768 w=0.000 lr=8.824e-04 time=0.166s
[RQ-VAE] epoch=398 loss=0.00028150 recon=0.00008500 beh=6.192459 w=0.000 lr=8.820e-04 time=0.165s
[RQ-VAE] epoch=399 loss=0.00028207 recon=0.00008500 beh=6.191914 w=0.000 lr=8.817e-04 time=0.167s
[RQ-VAE] epoch=400 loss=0.00028355 recon=0.00008498 lr=8.814e-04 raw_unique=20884/24587 collision=0.150608 time=0.167s
[RQ-VAE] epoch=401 loss=0.00028432 recon=0.00008492 beh=6.197084 w=0.000 lr=8.810e-04 time=0.167s
[RQ-VAE] epoch=402 loss=0.00028186 recon=0.00008502 beh=6.195213 w=0.000 lr=8.807e-04 time=0.169s
[RQ-VAE] epoch=403 loss=0.00028293 recon=0.00008488 beh=6.196210 w=0.000 lr=8.803e-04 time=0.166s
[RQ-VAE] epoch=404 loss=0.00028365 recon=0.00008479 beh=6.196266 w=0.000 lr=8.800e-04 time=0.166s
[RQ-VAE] epoch=405 loss=0.00028234 recon=0.00008508 beh=6.195517 w=0.000 lr=8.797e-04 time=0.166s
[RQ-VAE] epoch=406 loss=0.00028364 recon=0.00008480 beh=6.199676 w=0.000 lr=8.793e-04 time=0.166s
[RQ-VAE] epoch=407 loss=0.00028247 recon=0.00008473 beh=6.200472 w=0.000 lr=8.790e-04 time=0.168s
[RQ-VAE] epoch=408 loss=0.00028431 recon=0.00008479 beh=6.197361 w=0.000 lr=8.786e-04 time=0.166s
[RQ-VAE] epoch=409 loss=0.00028402 recon=0.00008472 beh=6.197980 w=0.000 lr=8.783e-04 time=0.166s
[RQ-VAE] epoch=410 loss=0.00028416 recon=0.00008483 beh=6.195787 w=0.000 lr=8.780e-04 time=0.167s
[RQ-VAE] epoch=411 loss=0.00028526 recon=0.00008466 beh=6.194086 w=0.000 lr=8.776e-04 time=0.166s
[RQ-VAE] epoch=412 loss=0.00028406 recon=0.00008455 beh=6.196921 w=0.000 lr=8.773e-04 time=0.265s
[RQ-VAE] epoch=413 loss=0.00028394 recon=0.00008455 beh=6.191033 w=0.000 lr=8.769e-04 time=0.165s
[RQ-VAE] epoch=414 loss=0.00028503 recon=0.00008447 beh=6.197186 w=0.000 lr=8.766e-04 time=0.165s
[RQ-VAE] epoch=415 loss=0.00028496 recon=0.00008444 beh=6.196671 w=0.000 lr=8.763e-04 time=0.166s
[RQ-VAE] epoch=416 loss=0.00028405 recon=0.00008438 beh=6.197732 w=0.000 lr=8.759e-04 time=0.166s
[RQ-VAE] epoch=417 loss=0.00028596 recon=0.00008441 beh=6.196171 w=0.000 lr=8.756e-04 time=0.167s
[RQ-VAE] epoch=418 loss=0.00028640 recon=0.00008438 beh=6.201782 w=0.000 lr=8.753e-04 time=0.164s
[RQ-VAE] epoch=419 loss=0.00028422 recon=0.00008434 beh=6.198569 w=0.000 lr=8.749e-04 time=0.166s
[RQ-VAE] epoch=420 loss=0.00028519 recon=0.00008448 beh=6.201577 w=0.000 lr=8.746e-04 time=0.165s
[RQ-VAE] epoch=421 loss=0.00028699 recon=0.00008445 beh=6.199000 w=0.000 lr=8.742e-04 time=0.165s
[RQ-VAE] epoch=422 loss=0.00028419 recon=0.00008441 beh=6.190623 w=0.000 lr=8.739e-04 time=0.165s
[RQ-VAE] epoch=423 loss=0.00028442 recon=0.00008415 beh=6.196014 w=0.000 lr=8.736e-04 time=0.168s
[RQ-VAE] epoch=424 loss=0.00028526 recon=0.00008414 beh=6.197006 w=0.000 lr=8.732e-04 time=0.166s
[RQ-VAE] epoch=425 loss=0.00028554 recon=0.00008406 beh=6.195035 w=0.000 lr=8.729e-04 time=0.166s
[RQ-VAE] epoch=426 loss=0.00028453 recon=0.00008392 beh=6.196100 w=0.000 lr=8.725e-04 time=0.165s
[RQ-VAE] epoch=427 loss=0.00028530 recon=0.00008409 beh=6.193899 w=0.000 lr=8.722e-04 time=0.268s
[RQ-VAE] epoch=428 loss=0.00028486 recon=0.00008384 beh=6.193543 w=0.000 lr=8.719e-04 time=0.165s
[RQ-VAE] epoch=429 loss=0.00028637 recon=0.00008390 beh=6.191354 w=0.000 lr=8.715e-04 time=0.167s
[RQ-VAE] epoch=430 loss=0.00028619 recon=0.00008387 beh=6.197508 w=0.000 lr=8.712e-04 time=0.165s
[RQ-VAE] epoch=431 loss=0.00028517 recon=0.00008381 beh=6.199342 w=0.000 lr=8.708e-04 time=0.167s
[RQ-VAE] epoch=432 loss=0.00028585 recon=0.00008378 beh=6.192810 w=0.000 lr=8.705e-04 time=0.166s
[RQ-VAE] epoch=433 loss=0.00028694 recon=0.00008398 beh=6.194471 w=0.000 lr=8.702e-04 time=0.167s
[RQ-VAE] epoch=434 loss=0.00028735 recon=0.00008403 beh=6.199454 w=0.000 lr=8.698e-04 time=0.166s
[RQ-VAE] epoch=435 loss=0.00028701 recon=0.00008382 beh=6.195754 w=0.000 lr=8.695e-04 time=0.166s
[RQ-VAE] epoch=436 loss=0.00028672 recon=0.00008368 beh=6.199208 w=0.000 lr=8.692e-04 time=0.166s
[RQ-VAE] epoch=437 loss=0.00028578 recon=0.00008362 beh=6.195635 w=0.000 lr=8.688e-04 time=0.166s
[RQ-VAE] epoch=438 loss=0.00028646 recon=0.00008361 beh=6.198228 w=0.000 lr=8.685e-04 time=0.167s
[RQ-VAE] epoch=439 loss=0.00028645 recon=0.00008392 beh=6.195699 w=0.000 lr=8.681e-04 time=0.168s
[RQ-VAE] epoch=440 loss=0.00028745 recon=0.00008355 beh=6.194530 w=0.000 lr=8.678e-04 time=0.164s
[RQ-VAE] epoch=441 loss=0.00028710 recon=0.00008347 beh=6.197947 w=0.000 lr=8.675e-04 time=0.167s
[RQ-VAE] epoch=442 loss=0.00028754 recon=0.00008362 beh=6.197664 w=0.000 lr=8.671e-04 time=0.167s
[RQ-VAE] epoch=443 loss=0.00028714 recon=0.00008363 beh=6.197953 w=0.000 lr=8.668e-04 time=0.269s
[RQ-VAE] epoch=444 loss=0.00028574 recon=0.00008374 beh=6.197511 w=0.000 lr=8.664e-04 time=0.166s
[RQ-VAE] epoch=445 loss=0.00028630 recon=0.00008358 beh=6.196277 w=0.000 lr=8.661e-04 time=0.166s
[RQ-VAE] epoch=446 loss=0.00028735 recon=0.00008355 beh=6.197561 w=0.000 lr=8.658e-04 time=0.165s
[RQ-VAE] epoch=447 loss=0.00028755 recon=0.00008357 beh=6.195899 w=0.000 lr=8.654e-04 time=0.166s
[RQ-VAE] epoch=448 loss=0.00028946 recon=0.00008380 beh=6.190622 w=0.000 lr=8.651e-04 time=0.167s
[RQ-VAE] epoch=449 loss=0.00028906 recon=0.00008353 beh=6.196397 w=0.000 lr=8.647e-04 time=0.166s
[RQ-VAE] epoch=450 loss=0.00028877 recon=0.00008337 lr=8.644e-04 raw_unique=20699/24587 collision=0.158132 time=0.166s
[RQ-VAE] epoch=451 loss=0.00028802 recon=0.00008337 beh=6.198311 w=0.000 lr=8.641e-04 time=0.166s
[RQ-VAE] epoch=452 loss=0.00028833 recon=0.00008326 beh=6.196736 w=0.000 lr=8.637e-04 time=0.165s
[RQ-VAE] epoch=453 loss=0.00029018 recon=0.00008325 beh=6.194811 w=0.000 lr=8.634e-04 time=0.166s
[RQ-VAE] epoch=454 loss=0.00028888 recon=0.00008331 beh=6.192136 w=0.000 lr=8.631e-04 time=0.168s
[RQ-VAE] epoch=455 loss=0.00028960 recon=0.00008320 beh=6.196022 w=0.000 lr=8.627e-04 time=0.165s
[RQ-VAE] epoch=456 loss=0.00028986 recon=0.00008318 beh=6.198887 w=0.000 lr=8.624e-04 time=0.166s
[RQ-VAE] epoch=457 loss=0.00028978 recon=0.00008317 beh=6.195376 w=0.000 lr=8.620e-04 time=0.166s
[RQ-VAE] epoch=458 loss=0.00029069 recon=0.00008307 beh=6.199008 w=0.000 lr=8.617e-04 time=0.167s
[RQ-VAE] epoch=459 loss=0.00028981 recon=0.00008306 beh=6.194940 w=0.000 lr=8.614e-04 time=0.265s
[RQ-VAE] epoch=460 loss=0.00029170 recon=0.00008314 beh=6.199491 w=0.000 lr=8.610e-04 time=0.165s
[RQ-VAE] epoch=461 loss=0.00028997 recon=0.00008307 beh=6.199598 w=0.000 lr=8.607e-04 time=0.165s
[RQ-VAE] epoch=462 loss=0.00028827 recon=0.00008314 beh=6.195560 w=0.000 lr=8.603e-04 time=0.165s
[RQ-VAE] epoch=463 loss=0.00029123 recon=0.00008302 beh=6.195888 w=0.000 lr=8.600e-04 time=0.165s
[RQ-VAE] epoch=464 loss=0.00029026 recon=0.00008301 beh=6.198520 w=0.000 lr=8.597e-04 time=0.166s
[RQ-VAE] epoch=465 loss=0.00029174 recon=0.00008304 beh=6.195840 w=0.000 lr=8.593e-04 time=0.166s
[RQ-VAE] epoch=466 loss=0.00029263 recon=0.00008291 beh=6.197095 w=0.000 lr=8.590e-04 time=0.166s
[RQ-VAE] epoch=467 loss=0.00029129 recon=0.00008280 beh=6.197140 w=0.000 lr=8.586e-04 time=0.167s
[RQ-VAE] epoch=468 loss=0.00029152 recon=0.00008293 beh=6.199178 w=0.000 lr=8.583e-04 time=0.166s
[RQ-VAE] epoch=469 loss=0.00029164 recon=0.00008292 beh=6.198555 w=0.000 lr=8.580e-04 time=0.165s
[RQ-VAE] epoch=470 loss=0.00029308 recon=0.00008281 beh=6.201888 w=0.000 lr=8.576e-04 time=0.165s
[RQ-VAE] epoch=471 loss=0.00029278 recon=0.00008287 beh=6.198129 w=0.000 lr=8.573e-04 time=0.166s
[RQ-VAE] epoch=472 loss=0.00029230 recon=0.00008281 beh=6.196909 w=0.000 lr=8.569e-04 time=0.165s
[RQ-VAE] epoch=473 loss=0.00029068 recon=0.00008283 beh=6.197512 w=0.000 lr=8.566e-04 time=0.165s
[RQ-VAE] epoch=474 loss=0.00029149 recon=0.00008276 beh=6.197758 w=0.000 lr=8.563e-04 time=0.166s
[RQ-VAE] epoch=475 loss=0.00029233 recon=0.00008258 beh=6.193083 w=0.000 lr=8.559e-04 time=0.268s
[RQ-VAE] epoch=476 loss=0.00029156 recon=0.00008269 beh=6.192919 w=0.000 lr=8.556e-04 time=0.164s
[RQ-VAE] epoch=477 loss=0.00029216 recon=0.00008272 beh=6.199106 w=0.000 lr=8.553e-04 time=0.166s
[RQ-VAE] epoch=478 loss=0.00029210 recon=0.00008245 beh=6.196805 w=0.000 lr=8.549e-04 time=0.165s
[RQ-VAE] epoch=479 loss=0.00029079 recon=0.00008240 beh=6.198107 w=0.000 lr=8.546e-04 time=0.166s
[RQ-VAE] epoch=480 loss=0.00029104 recon=0.00008254 beh=6.195219 w=0.000 lr=8.542e-04 time=0.166s
[RQ-VAE] epoch=481 loss=0.00029037 recon=0.00008241 beh=6.195219 w=0.000 lr=8.539e-04 time=0.165s
[RQ-VAE] epoch=482 loss=0.00029110 recon=0.00008238 beh=6.197542 w=0.000 lr=8.536e-04 time=0.166s
[RQ-VAE] epoch=483 loss=0.00029134 recon=0.00008246 beh=6.196406 w=0.000 lr=8.532e-04 time=0.166s
[RQ-VAE] epoch=484 loss=0.00029056 recon=0.00008239 beh=6.187790 w=0.000 lr=8.529e-04 time=0.165s
[RQ-VAE] epoch=485 loss=0.00029229 recon=0.00008239 beh=6.199011 w=0.000 lr=8.525e-04 time=0.172s
[RQ-VAE] epoch=486 loss=0.00029073 recon=0.00008226 beh=6.194103 w=0.000 lr=8.522e-04 time=0.167s
[RQ-VAE] epoch=487 loss=0.00029198 recon=0.00008235 beh=6.197593 w=0.000 lr=8.519e-04 time=0.166s
[RQ-VAE] epoch=488 loss=0.00029252 recon=0.00008227 beh=6.195989 w=0.000 lr=8.515e-04 time=0.165s
[RQ-VAE] epoch=489 loss=0.00029387 recon=0.00008229 beh=6.193925 w=0.000 lr=8.512e-04 time=0.166s
[RQ-VAE] epoch=490 loss=0.00029276 recon=0.00008221 beh=6.194659 w=0.000 lr=8.508e-04 time=0.171s
[RQ-VAE] epoch=491 loss=0.00029336 recon=0.00008225 beh=6.198479 w=0.000 lr=8.505e-04 time=0.261s
[RQ-VAE] epoch=492 loss=0.00029496 recon=0.00008226 beh=6.201068 w=0.000 lr=8.502e-04 time=0.165s
[RQ-VAE] epoch=493 loss=0.00029434 recon=0.00008228 beh=6.196226 w=0.000 lr=8.498e-04 time=0.166s
[RQ-VAE] epoch=494 loss=0.00029523 recon=0.00008208 beh=6.197495 w=0.000 lr=8.495e-04 time=0.166s
[RQ-VAE] epoch=495 loss=0.00029185 recon=0.00008235 beh=6.197186 w=0.000 lr=8.492e-04 time=0.166s
[RQ-VAE] epoch=496 loss=0.00029334 recon=0.00008208 beh=6.192227 w=0.000 lr=8.488e-04 time=0.165s
[RQ-VAE] epoch=497 loss=0.00029322 recon=0.00008201 beh=6.200324 w=0.000 lr=8.485e-04 time=0.168s
[RQ-VAE] epoch=498 loss=0.00029526 recon=0.00008199 beh=6.191389 w=0.000 lr=8.481e-04 time=0.165s
[RQ-VAE] epoch=499 loss=0.00029547 recon=0.00008216 beh=6.197249 w=0.000 lr=8.478e-04 time=0.166s
[RQ-VAE] epoch=500 loss=0.00029438 recon=0.00008214 lr=8.475e-04 raw_unique=20544/24587 collision=0.164436 time=0.165s
[RQ-VAE] epoch=501 loss=0.00029484 recon=0.00008207 beh=6.192460 w=0.000 lr=8.471e-04 time=0.166s
[RQ-VAE] epoch=502 loss=0.00029476 recon=0.00008208 beh=6.193690 w=0.000 lr=8.468e-04 time=0.166s
[RQ-VAE] epoch=503 loss=0.00029615 recon=0.00008199 beh=6.194018 w=0.000 lr=8.464e-04 time=0.165s
[RQ-VAE] epoch=504 loss=0.00029663 recon=0.00008219 beh=6.197270 w=0.000 lr=8.461e-04 time=0.167s
[RQ-VAE] epoch=505 loss=0.00029689 recon=0.00008212 beh=6.198435 w=0.000 lr=8.458e-04 time=0.166s
[RQ-VAE] epoch=506 loss=0.00029708 recon=0.00008206 beh=6.194447 w=0.000 lr=8.454e-04 time=0.165s
[RQ-VAE] epoch=507 loss=0.00029689 recon=0.00008185 beh=6.198309 w=0.000 lr=8.451e-04 time=0.258s
[RQ-VAE] epoch=508 loss=0.00029690 recon=0.00008194 beh=6.195751 w=0.000 lr=8.447e-04 time=0.166s
[RQ-VAE] epoch=509 loss=0.00029697 recon=0.00008216 beh=6.192770 w=0.000 lr=8.444e-04 time=0.164s
[RQ-VAE] epoch=510 loss=0.00029669 recon=0.00008187 beh=6.200518 w=0.000 lr=8.441e-04 time=0.165s
[RQ-VAE] epoch=511 loss=0.00029633 recon=0.00008195 beh=6.187159 w=0.000 lr=8.437e-04 time=0.165s
[RQ-VAE] epoch=512 loss=0.00029644 recon=0.00008201 beh=6.195005 w=0.000 lr=8.434e-04 time=0.167s
[RQ-VAE] epoch=513 loss=0.00029802 recon=0.00008196 beh=6.197251 w=0.000 lr=8.431e-04 time=0.164s
[RQ-VAE] epoch=514 loss=0.00029604 recon=0.00008168 beh=6.195319 w=0.000 lr=8.427e-04 time=0.165s
[RQ-VAE] epoch=515 loss=0.00029545 recon=0.00008157 beh=6.195150 w=0.000 lr=8.424e-04 time=0.164s
[RQ-VAE] epoch=516 loss=0.00029708 recon=0.00008166 beh=6.199061 w=0.000 lr=8.420e-04 time=0.167s
[RQ-VAE] epoch=517 loss=0.00029710 recon=0.00008156 beh=6.192541 w=0.000 lr=8.417e-04 time=0.167s
[RQ-VAE] epoch=518 loss=0.00029609 recon=0.00008158 beh=6.195350 w=0.000 lr=8.414e-04 time=0.166s
[RQ-VAE] epoch=519 loss=0.00029737 recon=0.00008185 beh=6.195850 w=0.000 lr=8.410e-04 time=0.165s
[RQ-VAE] epoch=520 loss=0.00029517 recon=0.00008152 beh=6.193906 w=0.000 lr=8.407e-04 time=0.166s
[RQ-VAE] epoch=521 loss=0.00029746 recon=0.00008149 beh=6.191154 w=0.000 lr=8.403e-04 time=0.166s
[RQ-VAE] epoch=522 loss=0.00029671 recon=0.00008160 beh=6.188575 w=0.000 lr=8.400e-04 time=0.263s
[RQ-VAE] epoch=523 loss=0.00029601 recon=0.00008143 beh=6.196178 w=0.000 lr=8.397e-04 time=0.165s
[RQ-VAE] epoch=524 loss=0.00029573 recon=0.00008159 beh=6.197298 w=0.000 lr=8.393e-04 time=0.166s
[RQ-VAE] epoch=525 loss=0.00029643 recon=0.00008146 beh=6.187231 w=0.000 lr=8.390e-04 time=0.165s
[RQ-VAE] epoch=526 loss=0.00029701 recon=0.00008143 beh=6.197369 w=0.000 lr=8.386e-04 time=0.165s
[RQ-VAE] epoch=527 loss=0.00029842 recon=0.00008147 beh=6.195563 w=0.000 lr=8.383e-04 time=0.165s
[RQ-VAE] epoch=528 loss=0.00029689 recon=0.00008144 beh=6.199172 w=0.000 lr=8.380e-04 time=0.166s
[RQ-VAE] epoch=529 loss=0.00029647 recon=0.00008143 beh=6.196402 w=0.000 lr=8.376e-04 time=0.165s
[RQ-VAE] epoch=530 loss=0.00029706 recon=0.00008150 beh=6.192134 w=0.000 lr=8.373e-04 time=0.165s
[RQ-VAE] epoch=531 loss=0.00029711 recon=0.00008148 beh=6.196775 w=0.000 lr=8.369e-04 time=0.165s
[RQ-VAE] epoch=532 loss=0.00029833 recon=0.00008137 beh=6.191051 w=0.000 lr=8.366e-04 time=0.166s
[RQ-VAE] epoch=533 loss=0.00029852 recon=0.00008149 beh=6.204284 w=0.000 lr=8.363e-04 time=0.164s
[RQ-VAE] epoch=534 loss=0.00029937 recon=0.00008143 beh=6.195521 w=0.000 lr=8.359e-04 time=0.165s
[RQ-VAE] epoch=535 loss=0.00029921 recon=0.00008127 beh=6.196992 w=0.000 lr=8.356e-04 time=0.165s
[RQ-VAE] epoch=536 loss=0.00029723 recon=0.00008116 beh=6.193111 w=0.000 lr=8.353e-04 time=0.166s
[RQ-VAE] epoch=537 loss=0.00029994 recon=0.00008134 beh=6.198694 w=0.000 lr=8.349e-04 time=0.166s
[RQ-VAE] epoch=538 loss=0.00029964 recon=0.00008136 beh=6.201070 w=0.000 lr=8.346e-04 time=0.258s
[RQ-VAE] epoch=539 loss=0.00029937 recon=0.00008141 beh=6.192778 w=0.000 lr=8.342e-04 time=0.164s
[RQ-VAE] epoch=540 loss=0.00029978 recon=0.00008131 beh=6.192168 w=0.000 lr=8.339e-04 time=0.165s
[RQ-VAE] epoch=541 loss=0.00029989 recon=0.00008125 beh=6.195421 w=0.000 lr=8.336e-04 time=0.165s
[RQ-VAE] epoch=542 loss=0.00029973 recon=0.00008121 beh=6.194701 w=0.000 lr=8.332e-04 time=0.166s
[RQ-VAE] epoch=543 loss=0.00029891 recon=0.00008122 beh=6.191795 w=0.000 lr=8.329e-04 time=0.164s
[RQ-VAE] epoch=544 loss=0.00030010 recon=0.00008108 beh=6.194259 w=0.000 lr=8.325e-04 time=0.166s
[RQ-VAE] epoch=545 loss=0.00029913 recon=0.00008120 beh=6.198372 w=0.000 lr=8.322e-04 time=0.166s
[RQ-VAE] epoch=546 loss=0.00029824 recon=0.00008109 beh=6.195334 w=0.000 lr=8.319e-04 time=0.164s
[RQ-VAE] epoch=547 loss=0.00029748 recon=0.00008097 beh=6.193227 w=0.000 lr=8.315e-04 time=0.166s
[RQ-VAE] epoch=548 loss=0.00029933 recon=0.00008115 beh=6.189732 w=0.000 lr=8.312e-04 time=0.165s
[RQ-VAE] epoch=549 loss=0.00030095 recon=0.00008108 beh=6.193888 w=0.000 lr=8.308e-04 time=0.166s
[RQ-VAE] epoch=550 loss=0.00029915 recon=0.00008091 lr=8.305e-04 raw_unique=20632/24587 collision=0.160857 time=0.165s
[RQ-VAE] epoch=551 loss=0.00029888 recon=0.00008107 beh=6.196703 w=0.000 lr=8.302e-04 time=0.166s
[RQ-VAE] epoch=552 loss=0.00029893 recon=0.00008093 beh=6.197621 w=0.000 lr=8.298e-04 time=0.166s
[RQ-VAE] epoch=553 loss=0.00029946 recon=0.00008090 beh=6.195959 w=0.000 lr=8.295e-04 time=0.165s
[RQ-VAE] epoch=554 loss=0.00029980 recon=0.00008091 beh=6.196470 w=0.000 lr=8.292e-04 time=0.259s
[RQ-VAE] epoch=555 loss=0.00030008 recon=0.00008089 beh=6.196068 w=0.000 lr=8.288e-04 time=0.164s
[RQ-VAE] epoch=556 loss=0.00030075 recon=0.00008099 beh=6.198544 w=0.000 lr=8.285e-04 time=0.165s
[RQ-VAE] epoch=557 loss=0.00030005 recon=0.00008079 beh=6.197785 w=0.000 lr=8.281e-04 time=0.165s
[RQ-VAE] epoch=558 loss=0.00030058 recon=0.00008077 beh=6.190713 w=0.000 lr=8.278e-04 time=0.166s
[RQ-VAE] epoch=559 loss=0.00030034 recon=0.00008076 beh=6.196504 w=0.000 lr=8.275e-04 time=0.165s
[RQ-VAE] epoch=560 loss=0.00029952 recon=0.00008075 beh=6.197797 w=0.000 lr=8.271e-04 time=0.166s
[RQ-VAE] epoch=561 loss=0.00030078 recon=0.00008093 beh=6.195714 w=0.000 lr=8.268e-04 time=0.165s
[RQ-VAE] epoch=562 loss=0.00030144 recon=0.00008083 beh=6.198068 w=0.000 lr=8.264e-04 time=0.165s
[RQ-VAE] epoch=563 loss=0.00030330 recon=0.00008074 beh=6.193881 w=0.000 lr=8.261e-04 time=0.166s
[RQ-VAE] epoch=564 loss=0.00030083 recon=0.00008062 beh=6.197760 w=0.000 lr=8.258e-04 time=0.166s
[RQ-VAE] epoch=565 loss=0.00030028 recon=0.00008063 beh=6.197107 w=0.000 lr=8.254e-04 time=0.164s
[RQ-VAE] epoch=566 loss=0.00029991 recon=0.00008057 beh=6.193083 w=0.000 lr=8.251e-04 time=0.165s
[RQ-VAE] epoch=567 loss=0.00030033 recon=0.00008046 beh=6.193662 w=0.000 lr=8.247e-04 time=0.165s
[RQ-VAE] epoch=568 loss=0.00030270 recon=0.00008056 beh=6.195605 w=0.000 lr=8.244e-04 time=0.166s
[RQ-VAE] epoch=569 loss=0.00030051 recon=0.00008056 beh=6.194743 w=0.000 lr=8.241e-04 time=0.166s
[RQ-VAE] epoch=570 loss=0.00030131 recon=0.00008045 beh=6.195591 w=0.000 lr=8.237e-04 time=0.26s
[RQ-VAE] epoch=571 loss=0.00030118 recon=0.00008050 beh=6.198246 w=0.000 lr=8.234e-04 time=0.164s
[RQ-VAE] epoch=572 loss=0.00030063 recon=0.00008048 beh=6.194892 w=0.000 lr=8.231e-04 time=0.165s
[RQ-VAE] epoch=573 loss=0.00030185 recon=0.00008054 beh=6.192628 w=0.000 lr=8.227e-04 time=0.166s
[RQ-VAE] epoch=574 loss=0.00030045 recon=0.00008039 beh=6.191749 w=0.000 lr=8.224e-04 time=0.167s
[RQ-VAE] epoch=575 loss=0.00030059 recon=0.00008042 beh=6.191903 w=0.000 lr=8.220e-04 time=0.165s
[RQ-VAE] epoch=576 loss=0.00030069 recon=0.00008037 beh=6.194745 w=0.000 lr=8.217e-04 time=0.166s
[RQ-VAE] epoch=577 loss=0.00030168 recon=0.00008037 beh=6.198009 w=0.000 lr=8.214e-04 time=0.166s
[RQ-VAE] epoch=578 loss=0.00030177 recon=0.00008038 beh=6.195923 w=0.000 lr=8.210e-04 time=0.166s
[RQ-VAE] epoch=579 loss=0.00030214 recon=0.00008036 beh=6.194161 w=0.000 lr=8.207e-04 time=0.165s
[RQ-VAE] epoch=580 loss=0.00030253 recon=0.00008046 beh=6.193491 w=0.000 lr=8.203e-04 time=0.166s
[RQ-VAE] epoch=581 loss=0.00030189 recon=0.00008027 beh=6.190926 w=0.000 lr=8.200e-04 time=0.166s
[RQ-VAE] epoch=582 loss=0.00030264 recon=0.00008040 beh=6.196552 w=0.000 lr=8.197e-04 time=0.166s
[RQ-VAE] epoch=583 loss=0.00030240 recon=0.00008037 beh=6.191034 w=0.000 lr=8.193e-04 time=0.166s
[RQ-VAE] epoch=584 loss=0.00029928 recon=0.00008031 beh=6.196493 w=0.000 lr=8.190e-04 time=0.166s
[RQ-VAE] epoch=585 loss=0.00030104 recon=0.00008016 beh=6.191768 w=0.000 lr=8.186e-04 time=0.164s
[RQ-VAE] epoch=586 loss=0.00030115 recon=0.00008017 beh=6.192531 w=0.000 lr=8.183e-04 time=0.259s
[RQ-VAE] epoch=587 loss=0.00030185 recon=0.00008023 beh=6.194347 w=0.000 lr=8.180e-04 time=0.166s
[RQ-VAE] epoch=588 loss=0.00030102 recon=0.00008002 beh=6.188905 w=0.000 lr=8.176e-04 time=0.171s
[RQ-VAE] epoch=589 loss=0.00030033 recon=0.00008018 beh=6.192629 w=0.000 lr=8.173e-04 time=0.171s
[RQ-VAE] epoch=590 loss=0.00030062 recon=0.00008016 beh=6.189849 w=0.000 lr=8.169e-04 time=0.171s
[RQ-VAE] epoch=591 loss=0.00030260 recon=0.00008021 beh=6.192212 w=0.000 lr=8.166e-04 time=0.171s
[RQ-VAE] epoch=592 loss=0.00030191 recon=0.00008015 beh=6.198952 w=0.000 lr=8.163e-04 time=0.17s
[RQ-VAE] epoch=593 loss=0.00030278 recon=0.00008005 beh=6.197575 w=0.000 lr=8.159e-04 time=0.17s
[RQ-VAE] epoch=594 loss=0.00030170 recon=0.00008001 beh=6.197165 w=0.000 lr=8.156e-04 time=0.171s
[RQ-VAE] epoch=595 loss=0.00030176 recon=0.00008004 beh=6.191721 w=0.000 lr=8.153e-04 time=0.168s
[RQ-VAE] epoch=596 loss=0.00030119 recon=0.00008009 beh=6.193482 w=0.000 lr=8.149e-04 time=0.166s
[RQ-VAE] epoch=597 loss=0.00030111 recon=0.00007998 beh=6.192544 w=0.000 lr=8.146e-04 time=0.166s
[RQ-VAE] epoch=598 loss=0.00030171 recon=0.00007980 beh=6.191288 w=0.000 lr=8.142e-04 time=0.167s
[RQ-VAE] epoch=599 loss=0.00030217 recon=0.00008006 beh=6.195208 w=0.000 lr=8.139e-04 time=0.166s
[RQ-VAE] epoch=600 loss=0.00030219 recon=0.00007995 lr=8.136e-04 raw_unique=20541/24587 collision=0.164559 time=0.167s
[RQ-VAE] epoch=601 loss=0.00030208 recon=0.00007991 beh=6.192225 w=0.000 lr=8.132e-04 time=0.167s
[RQ-VAE] epoch=602 loss=0.00030224 recon=0.00008001 beh=6.186116 w=0.000 lr=8.129e-04 time=0.257s
[RQ-VAE] epoch=603 loss=0.00030279 recon=0.00007985 beh=6.196019 w=0.000 lr=8.125e-04 time=0.165s
[RQ-VAE] epoch=604 loss=0.00030372 recon=0.00007982 beh=6.195455 w=0.000 lr=8.122e-04 time=0.165s
[RQ-VAE] epoch=605 loss=0.00030238 recon=0.00007980 beh=6.193639 w=0.000 lr=8.119e-04 time=0.166s
[RQ-VAE] epoch=606 loss=0.00030173 recon=0.00007964 beh=6.195733 w=0.000 lr=8.115e-04 time=0.165s
[RQ-VAE] epoch=607 loss=0.00030173 recon=0.00007963 beh=6.198389 w=0.000 lr=8.112e-04 time=0.166s
[RQ-VAE] epoch=608 loss=0.00030398 recon=0.00007979 beh=6.193458 w=0.000 lr=8.108e-04 time=0.165s
[RQ-VAE] epoch=609 loss=0.00030402 recon=0.00007987 beh=6.198246 w=0.000 lr=8.105e-04 time=0.166s
[RQ-VAE] epoch=610 loss=0.00030372 recon=0.00007977 beh=6.194948 w=0.000 lr=8.102e-04 time=0.165s
[RQ-VAE] epoch=611 loss=0.00030499 recon=0.00007984 beh=6.195322 w=0.000 lr=8.098e-04 time=0.166s
[RQ-VAE] epoch=612 loss=0.00030516 recon=0.00007973 beh=6.197351 w=0.000 lr=8.095e-04 time=0.164s
[RQ-VAE] epoch=613 loss=0.00030491 recon=0.00007972 beh=6.196647 w=0.000 lr=8.092e-04 time=0.165s
[RQ-VAE] epoch=614 loss=0.00030412 recon=0.00007970 beh=6.191117 w=0.000 lr=8.088e-04 time=0.164s
[RQ-VAE] epoch=615 loss=0.00030394 recon=0.00007978 beh=6.194294 w=0.000 lr=8.085e-04 time=0.165s
[RQ-VAE] epoch=616 loss=0.00030347 recon=0.00007966 beh=6.196437 w=0.000 lr=8.081e-04 time=0.166s
[RQ-VAE] epoch=617 loss=0.00030288 recon=0.00007965 beh=6.194148 w=0.000 lr=8.078e-04 time=0.259s
[RQ-VAE] epoch=618 loss=0.00030384 recon=0.00007972 beh=6.195670 w=0.000 lr=8.075e-04 time=0.165s
[RQ-VAE] epoch=619 loss=0.00030427 recon=0.00007963 beh=6.198027 w=0.000 lr=8.071e-04 time=0.166s
[RQ-VAE] epoch=620 loss=0.00030455 recon=0.00007950 beh=6.194654 w=0.000 lr=8.068e-04 time=0.165s
[RQ-VAE] epoch=621 loss=0.00030442 recon=0.00007958 beh=6.194508 w=0.000 lr=8.064e-04 time=0.165s
[RQ-VAE] epoch=622 loss=0.00030469 recon=0.00007956 beh=6.197766 w=0.000 lr=8.061e-04 time=0.166s
[RQ-VAE] epoch=623 loss=0.00030321 recon=0.00007960 beh=6.194862 w=0.000 lr=8.058e-04 time=0.167s
[RQ-VAE] epoch=624 loss=0.00030450 recon=0.00007961 beh=6.194421 w=0.000 lr=8.054e-04 time=0.166s
[RQ-VAE] epoch=625 loss=0.00030348 recon=0.00007962 beh=6.191832 w=0.000 lr=8.051e-04 time=0.167s
[RQ-VAE] epoch=626 loss=0.00030535 recon=0.00007978 beh=6.195917 w=0.000 lr=8.047e-04 time=0.165s
[RQ-VAE] epoch=627 loss=0.00030527 recon=0.00007983 beh=6.190291 w=0.000 lr=8.044e-04 time=0.165s
[RQ-VAE] epoch=628 loss=0.00030425 recon=0.00007969 beh=6.193889 w=0.000 lr=8.041e-04 time=0.166s
[RQ-VAE] epoch=629 loss=0.00030460 recon=0.00007953 beh=6.197916 w=0.000 lr=8.037e-04 time=0.166s
[RQ-VAE] epoch=630 loss=0.00030430 recon=0.00007948 beh=6.194380 w=0.000 lr=8.034e-04 time=0.165s
[RQ-VAE] epoch=631 loss=0.00030710 recon=0.00007948 beh=6.196556 w=0.000 lr=8.031e-04 time=0.167s
[RQ-VAE] epoch=632 loss=0.00030637 recon=0.00007948 beh=6.190033 w=0.000 lr=8.027e-04 time=0.165s
[RQ-VAE] epoch=633 loss=0.00030416 recon=0.00007933 beh=6.194077 w=0.000 lr=8.024e-04 time=0.259s
[RQ-VAE] epoch=634 loss=0.00030607 recon=0.00007942 beh=6.194668 w=0.000 lr=8.020e-04 time=0.165s
[RQ-VAE] epoch=635 loss=0.00030641 recon=0.00007956 beh=6.196631 w=0.000 lr=8.017e-04 time=0.165s
[RQ-VAE] epoch=636 loss=0.00030482 recon=0.00007941 beh=6.196229 w=0.000 lr=8.014e-04 time=0.167s
[RQ-VAE] epoch=637 loss=0.00030477 recon=0.00007931 beh=6.193091 w=0.000 lr=8.010e-04 time=0.165s
[RQ-VAE] epoch=638 loss=0.00030662 recon=0.00007917 beh=6.193837 w=0.000 lr=8.007e-04 time=0.165s
[RQ-VAE] epoch=639 loss=0.00030493 recon=0.00007925 beh=6.191780 w=0.000 lr=8.003e-04 time=0.166s
[RQ-VAE] epoch=640 loss=0.00030524 recon=0.00007925 beh=6.192290 w=0.000 lr=8.000e-04 time=0.165s
[RQ-VAE] epoch=641 loss=0.00030672 recon=0.00007916 beh=6.197316 w=0.000 lr=7.997e-04 time=0.166s
[RQ-VAE] epoch=642 loss=0.00030501 recon=0.00007919 beh=6.193409 w=0.000 lr=7.993e-04 time=0.166s
[RQ-VAE] epoch=643 loss=0.00030576 recon=0.00007926 beh=6.192925 w=0.000 lr=7.990e-04 time=0.167s
[RQ-VAE] epoch=644 loss=0.00030675 recon=0.00007913 beh=6.195302 w=0.000 lr=7.986e-04 time=0.165s
[RQ-VAE] epoch=645 loss=0.00030585 recon=0.00007903 beh=6.191107 w=0.000 lr=7.983e-04 time=0.165s
[RQ-VAE] epoch=646 loss=0.00030429 recon=0.00007912 beh=6.193763 w=0.000 lr=7.980e-04 time=0.165s
[RQ-VAE] epoch=647 loss=0.00030400 recon=0.00007916 beh=6.196285 w=0.000 lr=7.976e-04 time=0.165s
[RQ-VAE] epoch=648 loss=0.00030451 recon=0.00007910 beh=6.193995 w=0.000 lr=7.973e-04 time=0.165s
[RQ-VAE] epoch=649 loss=0.00030502 recon=0.00007911 beh=6.196613 w=0.000 lr=7.969e-04 time=0.259s
[RQ-VAE] epoch=650 loss=0.00030482 recon=0.00007908 lr=7.966e-04 raw_unique=20429/24587 collision=0.169114 time=0.166s
[RQ-VAE] epoch=651 loss=0.00030358 recon=0.00007902 beh=6.190494 w=0.000 lr=7.963e-04 time=0.167s
[RQ-VAE] epoch=652 loss=0.00030528 recon=0.00007909 beh=6.189308 w=0.000 lr=7.959e-04 time=0.166s
[RQ-VAE] epoch=653 loss=0.00030479 recon=0.00007910 beh=6.195339 w=0.000 lr=7.956e-04 time=0.167s
[RQ-VAE] epoch=654 loss=0.00030482 recon=0.00007897 beh=6.199736 w=0.000 lr=7.953e-04 time=0.165s
[RQ-VAE] epoch=655 loss=0.00030538 recon=0.00007886 beh=6.197320 w=0.000 lr=7.949e-04 time=0.171s
[RQ-VAE] epoch=656 loss=0.00030260 recon=0.00007877 beh=6.195885 w=0.000 lr=7.946e-04 time=0.167s
[RQ-VAE] epoch=657 loss=0.00030385 recon=0.00007867 beh=6.197477 w=0.000 lr=7.942e-04 time=0.166s
[RQ-VAE] epoch=658 loss=0.00030324 recon=0.00007876 beh=6.186237 w=0.000 lr=7.939e-04 time=0.166s
[RQ-VAE] epoch=659 loss=0.00030423 recon=0.00007875 beh=6.192055 w=0.000 lr=7.936e-04 time=0.167s
[RQ-VAE] epoch=660 loss=0.00030525 recon=0.00007894 beh=6.194067 w=0.000 lr=7.932e-04 time=0.166s
[RQ-VAE] epoch=661 loss=0.00030616 recon=0.00007898 beh=6.197034 w=0.000 lr=7.929e-04 time=0.166s
[RQ-VAE] epoch=662 loss=0.00030575 recon=0.00007900 beh=6.190386 w=0.000 lr=7.925e-04 time=0.165s
[RQ-VAE] epoch=663 loss=0.00030666 recon=0.00007909 beh=6.193157 w=0.000 lr=7.922e-04 time=0.167s
[RQ-VAE] epoch=664 loss=0.00030672 recon=0.00007881 beh=6.196208 w=0.000 lr=7.919e-04 time=0.165s
[RQ-VAE] epoch=665 loss=0.00030427 recon=0.00007882 beh=6.197512 w=0.000 lr=7.915e-04 time=0.259s
[RQ-VAE] epoch=666 loss=0.00030373 recon=0.00007894 beh=6.194476 w=0.000 lr=7.912e-04 time=0.166s
[RQ-VAE] epoch=667 loss=0.00030646 recon=0.00007892 beh=6.195566 w=0.000 lr=7.908e-04 time=0.166s
[RQ-VAE] epoch=668 loss=0.00030745 recon=0.00007876 beh=6.195361 w=0.000 lr=7.905e-04 time=0.166s
[RQ-VAE] epoch=669 loss=0.00030611 recon=0.00007882 beh=6.193700 w=0.000 lr=7.902e-04 time=0.166s
[RQ-VAE] epoch=670 loss=0.00030614 recon=0.00007884 beh=6.195964 w=0.000 lr=7.898e-04 time=0.166s
[RQ-VAE] epoch=671 loss=0.00030583 recon=0.00007876 beh=6.194405 w=0.000 lr=7.895e-04 time=0.166s
[RQ-VAE] epoch=672 loss=0.00030681 recon=0.00007862 beh=6.198125 w=0.000 lr=7.892e-04 time=0.166s
[RQ-VAE] epoch=673 loss=0.00030543 recon=0.00007868 beh=6.193795 w=0.000 lr=7.888e-04 time=0.166s
[RQ-VAE] epoch=674 loss=0.00030680 recon=0.00007897 beh=6.194595 w=0.000 lr=7.885e-04 time=0.17s
[RQ-VAE] epoch=675 loss=0.00030750 recon=0.00007865 beh=6.196727 w=0.000 lr=7.881e-04 time=0.17s
[RQ-VAE] epoch=676 loss=0.00030750 recon=0.00007856 beh=6.195714 w=0.000 lr=7.878e-04 time=0.169s
[RQ-VAE] epoch=677 loss=0.00030544 recon=0.00007858 beh=6.196383 w=0.000 lr=7.875e-04 time=0.17s
[RQ-VAE] epoch=678 loss=0.00030691 recon=0.00007869 beh=6.195510 w=0.000 lr=7.871e-04 time=0.169s
[RQ-VAE] epoch=679 loss=0.00030610 recon=0.00007859 beh=6.193987 w=0.000 lr=7.868e-04 time=0.171s
[RQ-VAE] epoch=680 loss=0.00030647 recon=0.00007852 beh=6.194318 w=0.000 lr=7.864e-04 time=0.17s
[RQ-VAE] epoch=681 loss=0.00030610 recon=0.00007858 beh=6.194414 w=0.000 lr=7.861e-04 time=0.261s
[RQ-VAE] epoch=682 loss=0.00030757 recon=0.00007848 beh=6.193795 w=0.000 lr=7.858e-04 time=0.166s
[RQ-VAE] epoch=683 loss=0.00030887 recon=0.00007865 beh=6.194934 w=0.000 lr=7.854e-04 time=0.166s
[RQ-VAE] epoch=684 loss=0.00030748 recon=0.00007865 beh=6.199846 w=0.000 lr=7.851e-04 time=0.166s
[RQ-VAE] epoch=685 loss=0.00030710 recon=0.00007859 beh=6.189140 w=0.000 lr=7.847e-04 time=0.165s
[RQ-VAE] epoch=686 loss=0.00030813 recon=0.00007856 beh=6.190002 w=0.000 lr=7.844e-04 time=0.166s
[RQ-VAE] epoch=687 loss=0.00030690 recon=0.00007843 beh=6.194605 w=0.000 lr=7.841e-04 time=0.166s
[RQ-VAE] epoch=688 loss=0.00030551 recon=0.00007844 beh=6.195422 w=0.000 lr=7.837e-04 time=0.166s
[RQ-VAE] epoch=689 loss=0.00030674 recon=0.00007860 beh=6.195393 w=0.000 lr=7.834e-04 time=0.166s
[RQ-VAE] epoch=690 loss=0.00030685 recon=0.00007842 beh=6.197021 w=0.000 lr=7.831e-04 time=0.165s
[RQ-VAE] epoch=691 loss=0.00030878 recon=0.00007843 beh=6.195489 w=0.000 lr=7.827e-04 time=0.166s
[RQ-VAE] epoch=692 loss=0.00030756 recon=0.00007842 beh=6.199027 w=0.000 lr=7.824e-04 time=0.165s
[RQ-VAE] epoch=693 loss=0.00030927 recon=0.00007840 beh=6.195962 w=0.000 lr=7.820e-04 time=0.166s
[RQ-VAE] epoch=694 loss=0.00030912 recon=0.00007834 beh=6.195165 w=0.000 lr=7.817e-04 time=0.17s
[RQ-VAE] epoch=695 loss=0.00030895 recon=0.00007834 beh=6.203338 w=0.000 lr=7.814e-04 time=0.167s
[RQ-VAE] epoch=696 loss=0.00030927 recon=0.00007849 beh=6.196757 w=0.000 lr=7.810e-04 time=0.166s
[RQ-VAE] epoch=697 loss=0.00030952 recon=0.00007834 beh=6.195085 w=0.000 lr=7.807e-04 time=0.259s
[RQ-VAE] epoch=698 loss=0.00030794 recon=0.00007827 beh=6.191035 w=0.000 lr=7.803e-04 time=0.166s
[RQ-VAE] epoch=699 loss=0.00030771 recon=0.00007838 beh=6.195859 w=0.000 lr=7.800e-04 time=0.165s
[RQ-VAE] epoch=700 loss=0.00030851 recon=0.00007825 lr=7.797e-04 raw_unique=20525/24587 collision=0.165209 time=0.165s
[RQ-VAE] epoch=701 loss=0.00030854 recon=0.00007828 beh=6.199220 w=0.000 lr=7.793e-04 time=0.165s
[RQ-VAE] epoch=702 loss=0.00030666 recon=0.00007820 beh=6.193798 w=0.000 lr=7.790e-04 time=0.166s
[RQ-VAE] epoch=703 loss=0.00030696 recon=0.00007820 beh=6.197643 w=0.000 lr=7.786e-04 time=0.165s
[RQ-VAE] epoch=704 loss=0.00030900 recon=0.00007839 beh=6.194579 w=0.000 lr=7.783e-04 time=0.164s
[RQ-VAE] epoch=705 loss=0.00030738 recon=0.00007825 beh=6.196260 w=0.000 lr=7.780e-04 time=0.165s
[RQ-VAE] epoch=706 loss=0.00030703 recon=0.00007807 beh=6.197148 w=0.000 lr=7.776e-04 time=0.166s
[RQ-VAE] epoch=707 loss=0.00030667 recon=0.00007817 beh=6.189231 w=0.000 lr=7.773e-04 time=0.164s
[RQ-VAE] epoch=708 loss=0.00030726 recon=0.00007811 beh=6.198155 w=0.000 lr=7.769e-04 time=0.167s
[RQ-VAE] epoch=709 loss=0.00030544 recon=0.00007807 beh=6.197937 w=0.000 lr=7.766e-04 time=0.168s
[RQ-VAE] epoch=710 loss=0.00030711 recon=0.00007817 beh=6.189579 w=0.000 lr=7.763e-04 time=0.169s
[RQ-VAE] epoch=711 loss=0.00030872 recon=0.00007813 beh=6.191288 w=0.000 lr=7.759e-04 time=0.17s
[RQ-VAE] epoch=712 loss=0.00030962 recon=0.00007807 beh=6.193427 w=0.000 lr=7.756e-04 time=0.27s
[RQ-VAE] epoch=713 loss=0.00030712 recon=0.00007787 beh=6.193970 w=0.000 lr=7.753e-04 time=0.165s
[RQ-VAE] epoch=714 loss=0.00030719 recon=0.00007779 beh=6.194701 w=0.000 lr=7.749e-04 time=0.167s
[RQ-VAE] epoch=715 loss=0.00030767 recon=0.00007794 beh=6.198728 w=0.000 lr=7.746e-04 time=0.164s
[RQ-VAE] epoch=716 loss=0.00030848 recon=0.00007789 beh=6.193742 w=0.000 lr=7.742e-04 time=0.166s
[RQ-VAE] epoch=717 loss=0.00030657 recon=0.00007784 beh=6.194243 w=0.000 lr=7.739e-04 time=0.165s
[RQ-VAE] epoch=718 loss=0.00030629 recon=0.00007799 beh=6.194293 w=0.000 lr=7.736e-04 time=0.166s
[RQ-VAE] epoch=719 loss=0.00030767 recon=0.00007781 beh=6.194392 w=0.000 lr=7.732e-04 time=0.165s
[RQ-VAE] epoch=720 loss=0.00030746 recon=0.00007800 beh=6.191428 w=0.000 lr=7.729e-04 time=0.166s
[RQ-VAE] epoch=721 loss=0.00030621 recon=0.00007798 beh=6.199837 w=0.000 lr=7.725e-04 time=0.165s
[RQ-VAE] epoch=722 loss=0.00030705 recon=0.00007793 beh=6.190713 w=0.000 lr=7.722e-04 time=0.166s
[RQ-VAE] epoch=723 loss=0.00030647 recon=0.00007806 beh=6.194600 w=0.000 lr=7.719e-04 time=0.166s
[RQ-VAE] epoch=724 loss=0.00030709 recon=0.00007793 beh=6.194473 w=0.000 lr=7.715e-04 time=0.165s
[RQ-VAE] epoch=725 loss=0.00030627 recon=0.00007776 beh=6.197140 w=0.000 lr=7.712e-04 time=0.168s
[RQ-VAE] epoch=726 loss=0.00030749 recon=0.00007768 beh=6.199306 w=0.000 lr=7.708e-04 time=0.166s
[RQ-VAE] epoch=727 loss=0.00030847 recon=0.00007783 beh=6.194464 w=0.000 lr=7.705e-04 time=0.17s
[RQ-VAE] epoch=728 loss=0.00030591 recon=0.00007780 beh=6.195663 w=0.000 lr=7.702e-04 time=0.278s
[RQ-VAE] epoch=729 loss=0.00030765 recon=0.00007782 beh=6.190400 w=0.000 lr=7.698e-04 time=0.165s
[RQ-VAE] epoch=730 loss=0.00030903 recon=0.00007786 beh=6.193779 w=0.000 lr=7.695e-04 time=0.165s
[RQ-VAE] epoch=731 loss=0.00030767 recon=0.00007779 beh=6.197410 w=0.000 lr=7.692e-04 time=0.165s
[RQ-VAE] epoch=732 loss=0.00030703 recon=0.00007771 beh=6.196943 w=0.000 lr=7.688e-04 time=0.166s
[RQ-VAE] epoch=733 loss=0.00030702 recon=0.00007786 beh=6.193974 w=0.000 lr=7.685e-04 time=0.166s
[RQ-VAE] epoch=734 loss=0.00030914 recon=0.00007769 beh=6.195146 w=0.000 lr=7.681e-04 time=0.167s
[RQ-VAE] epoch=735 loss=0.00030630 recon=0.00007764 beh=6.194272 w=0.000 lr=7.678e-04 time=0.165s
[RQ-VAE] epoch=736 loss=0.00030640 recon=0.00007756 beh=6.193535 w=0.000 lr=7.675e-04 time=0.166s
[RQ-VAE] epoch=737 loss=0.00030702 recon=0.00007763 beh=6.193540 w=0.000 lr=7.671e-04 time=0.165s
[RQ-VAE] epoch=738 loss=0.00030744 recon=0.00007760 beh=6.190881 w=0.000 lr=7.668e-04 time=0.166s
[RQ-VAE] epoch=739 loss=0.00030874 recon=0.00007768 beh=6.189861 w=0.000 lr=7.664e-04 time=0.167s
[RQ-VAE] epoch=740 loss=0.00030747 recon=0.00007750 beh=6.193493 w=0.000 lr=7.661e-04 time=0.166s
[RQ-VAE] epoch=741 loss=0.00030767 recon=0.00007758 beh=6.194168 w=0.000 lr=7.658e-04 time=0.166s
[RQ-VAE] epoch=742 loss=0.00030877 recon=0.00007771 beh=6.199863 w=0.000 lr=7.654e-04 time=0.167s
[RQ-VAE] epoch=743 loss=0.00030871 recon=0.00007767 beh=6.198614 w=0.000 lr=7.651e-04 time=0.165s
[RQ-VAE] epoch=744 loss=0.00030823 recon=0.00007747 beh=6.192180 w=0.000 lr=7.647e-04 time=0.261s
[RQ-VAE] epoch=745 loss=0.00030827 recon=0.00007759 beh=6.193918 w=0.000 lr=7.644e-04 time=0.166s
[RQ-VAE] epoch=746 loss=0.00030694 recon=0.00007747 beh=6.193937 w=0.000 lr=7.641e-04 time=0.166s
[RQ-VAE] epoch=747 loss=0.00030806 recon=0.00007744 beh=6.197475 w=0.000 lr=7.637e-04 time=0.164s
[RQ-VAE] epoch=748 loss=0.00030963 recon=0.00007756 beh=6.194384 w=0.000 lr=7.634e-04 time=0.165s
[RQ-VAE] epoch=749 loss=0.00030935 recon=0.00007750 beh=6.191807 w=0.000 lr=7.631e-04 time=0.167s
[RQ-VAE] epoch=750 loss=0.00030927 recon=0.00007752 lr=7.627e-04 raw_unique=20474/24587 collision=0.167284 time=0.166s
[RQ-VAE] epoch=751 loss=0.00031065 recon=0.00007753 beh=6.194090 w=0.000 lr=7.624e-04 time=0.165s
[RQ-VAE] epoch=752 loss=0.00031106 recon=0.00007746 beh=6.191661 w=0.000 lr=7.620e-04 time=0.168s
[RQ-VAE] epoch=753 loss=0.00030976 recon=0.00007765 beh=6.191606 w=0.000 lr=7.617e-04 time=0.167s
[RQ-VAE] epoch=754 loss=0.00030912 recon=0.00007739 beh=6.198068 w=0.000 lr=7.614e-04 time=0.167s
[RQ-VAE] epoch=755 loss=0.00030973 recon=0.00007736 beh=6.191641 w=0.000 lr=7.610e-04 time=0.165s
[RQ-VAE] epoch=756 loss=0.00030923 recon=0.00007734 beh=6.190451 w=0.000 lr=7.607e-04 time=0.166s
[RQ-VAE] epoch=757 loss=0.00030927 recon=0.00007740 beh=6.197024 w=0.000 lr=7.603e-04 time=0.166s
[RQ-VAE] epoch=758 loss=0.00031197 recon=0.00007746 beh=6.191696 w=0.000 lr=7.600e-04 time=0.166s
[RQ-VAE] epoch=759 loss=0.00031097 recon=0.00007739 beh=6.195391 w=0.000 lr=7.597e-04 time=0.166s
[RQ-VAE] epoch=760 loss=0.00031214 recon=0.00007720 beh=6.200922 w=0.000 lr=7.593e-04 time=0.26s
[RQ-VAE] epoch=761 loss=0.00031185 recon=0.00007736 beh=6.199517 w=0.000 lr=7.590e-04 time=0.165s
[RQ-VAE] epoch=762 loss=0.00031050 recon=0.00007723 beh=6.191548 w=0.000 lr=7.586e-04 time=0.165s
[RQ-VAE] epoch=763 loss=0.00031075 recon=0.00007713 beh=6.198781 w=0.000 lr=7.583e-04 time=0.165s
[RQ-VAE] epoch=764 loss=0.00031023 recon=0.00007726 beh=6.191710 w=0.000 lr=7.580e-04 time=0.166s
[RQ-VAE] epoch=765 loss=0.00031025 recon=0.00007731 beh=6.193745 w=0.000 lr=7.576e-04 time=0.165s
[RQ-VAE] epoch=766 loss=0.00031093 recon=0.00007717 beh=6.194837 w=0.000 lr=7.573e-04 time=0.165s
[RQ-VAE] epoch=767 loss=0.00031177 recon=0.00007736 beh=6.192240 w=0.000 lr=7.569e-04 time=0.168s
[RQ-VAE] epoch=768 loss=0.00031099 recon=0.00007724 beh=6.195889 w=0.000 lr=7.566e-04 time=0.171s
[RQ-VAE] epoch=769 loss=0.00031379 recon=0.00007730 beh=6.196672 w=0.000 lr=7.563e-04 time=0.165s
[RQ-VAE] epoch=770 loss=0.00031045 recon=0.00007717 beh=6.195108 w=0.000 lr=7.559e-04 time=0.166s
[RQ-VAE] epoch=771 loss=0.00031095 recon=0.00007724 beh=6.194980 w=0.000 lr=7.556e-04 time=0.166s
[RQ-VAE] epoch=772 loss=0.00031340 recon=0.00007728 beh=6.192484 w=0.000 lr=7.553e-04 time=0.166s
[RQ-VAE] epoch=773 loss=0.00031196 recon=0.00007735 beh=6.188777 w=0.000 lr=7.549e-04 time=0.167s
[RQ-VAE] epoch=774 loss=0.00031213 recon=0.00007732 beh=6.190318 w=0.000 lr=7.546e-04 time=0.166s
[RQ-VAE] epoch=775 loss=0.00031288 recon=0.00007753 beh=6.192839 w=0.000 lr=7.542e-04 time=0.165s
[RQ-VAE] epoch=776 loss=0.00031123 recon=0.00007743 beh=6.196482 w=0.000 lr=7.539e-04 time=0.267s
[RQ-VAE] epoch=777 loss=0.00031242 recon=0.00007741 beh=6.197215 w=0.000 lr=7.536e-04 time=0.165s
[RQ-VAE] epoch=778 loss=0.00031242 recon=0.00007734 beh=6.197117 w=0.000 lr=7.532e-04 time=0.165s
[RQ-VAE] epoch=779 loss=0.00031255 recon=0.00007722 beh=6.198601 w=0.000 lr=7.529e-04 time=0.165s
[RQ-VAE] epoch=780 loss=0.00031266 recon=0.00007723 beh=6.194092 w=0.000 lr=7.525e-04 time=0.166s
[RQ-VAE] epoch=781 loss=0.00031159 recon=0.00007720 beh=6.193907 w=0.000 lr=7.522e-04 time=0.165s
[RQ-VAE] epoch=782 loss=0.00031126 recon=0.00007719 beh=6.191999 w=0.000 lr=7.519e-04 time=0.166s
[RQ-VAE] epoch=783 loss=0.00031430 recon=0.00007716 beh=6.197479 w=0.000 lr=7.515e-04 time=0.166s
[RQ-VAE] epoch=784 loss=0.00031394 recon=0.00007729 beh=6.197148 w=0.000 lr=7.512e-04 time=0.166s
[RQ-VAE] epoch=785 loss=0.00031197 recon=0.00007718 beh=6.194827 w=0.000 lr=7.508e-04 time=0.17s
[RQ-VAE] epoch=786 loss=0.00031219 recon=0.00007725 beh=6.193973 w=0.000 lr=7.505e-04 time=0.167s
[RQ-VAE] epoch=787 loss=0.00031235 recon=0.00007711 beh=6.192351 w=0.000 lr=7.502e-04 time=0.166s
[RQ-VAE] epoch=788 loss=0.00031361 recon=0.00007725 beh=6.197135 w=0.000 lr=7.498e-04 time=0.166s
[RQ-VAE] epoch=789 loss=0.00031237 recon=0.00007709 beh=6.195564 w=0.000 lr=7.495e-04 time=0.167s
[RQ-VAE] epoch=790 loss=0.00031320 recon=0.00007702 beh=6.193146 w=0.000 lr=7.492e-04 time=0.167s
[RQ-VAE] epoch=791 loss=0.00031203 recon=0.00007691 beh=6.193110 w=0.000 lr=7.488e-04 time=0.166s
[RQ-VAE] epoch=792 loss=0.00031184 recon=0.00007696 beh=6.195057 w=0.000 lr=7.485e-04 time=0.267s
[RQ-VAE] epoch=793 loss=0.00031306 recon=0.00007684 beh=6.191174 w=0.000 lr=7.481e-04 time=0.165s
[RQ-VAE] epoch=794 loss=0.00031193 recon=0.00007688 beh=6.191419 w=0.000 lr=7.478e-04 time=0.165s
[RQ-VAE] epoch=795 loss=0.00031166 recon=0.00007724 beh=6.194081 w=0.000 lr=7.475e-04 time=0.169s
[RQ-VAE] epoch=796 loss=0.00031347 recon=0.00007704 beh=6.194585 w=0.000 lr=7.471e-04 time=0.167s
[RQ-VAE] epoch=797 loss=0.00031246 recon=0.00007696 beh=6.197040 w=0.000 lr=7.468e-04 time=0.166s
[RQ-VAE] epoch=798 loss=0.00031529 recon=0.00007717 beh=6.195760 w=0.000 lr=7.464e-04 time=0.166s
[RQ-VAE] epoch=799 loss=0.00031300 recon=0.00007716 beh=6.196641 w=0.000 lr=7.461e-04 time=0.166s
[RQ-VAE] epoch=800 loss=0.00031259 recon=0.00007698 lr=7.458e-04 raw_unique=20390/24587 collision=0.170700 time=0.165s
[RQ-VAE] epoch=801 loss=0.00031343 recon=0.00007707 beh=6.195046 w=0.000 lr=7.454e-04 time=0.167s
[RQ-VAE] epoch=802 loss=0.00031197 recon=0.00007707 beh=6.193670 w=0.000 lr=7.451e-04 time=0.165s
[RQ-VAE] epoch=803 loss=0.00031311 recon=0.00007683 beh=6.197869 w=0.000 lr=7.447e-04 time=0.166s
[RQ-VAE] epoch=804 loss=0.00031521 recon=0.00007698 beh=6.197371 w=0.000 lr=7.444e-04 time=0.164s
[RQ-VAE] epoch=805 loss=0.00031302 recon=0.00007700 beh=6.195082 w=0.000 lr=7.441e-04 time=0.165s
[RQ-VAE] epoch=806 loss=0.00031078 recon=0.00007691 beh=6.199410 w=0.000 lr=7.437e-04 time=0.166s
[RQ-VAE] epoch=807 loss=0.00031136 recon=0.00007692 beh=6.194302 w=0.000 lr=7.434e-04 time=0.26s
[RQ-VAE] epoch=808 loss=0.00031135 recon=0.00007696 beh=6.193645 w=0.000 lr=7.431e-04 time=0.166s
[RQ-VAE] epoch=809 loss=0.00031103 recon=0.00007679 beh=6.196840 w=0.000 lr=7.427e-04 time=0.166s
[RQ-VAE] epoch=810 loss=0.00031063 recon=0.00007709 beh=6.193184 w=0.000 lr=7.424e-04 time=0.167s
[RQ-VAE] epoch=811 loss=0.00031111 recon=0.00007698 beh=6.194638 w=0.000 lr=7.420e-04 time=0.167s
[RQ-VAE] epoch=812 loss=0.00031277 recon=0.00007694 beh=6.194030 w=0.000 lr=7.417e-04 time=0.165s
[RQ-VAE] epoch=813 loss=0.00031278 recon=0.00007699 beh=6.194444 w=0.000 lr=7.414e-04 time=0.166s
[RQ-VAE] epoch=814 loss=0.00031281 recon=0.00007698 beh=6.192507 w=0.000 lr=7.410e-04 time=0.166s
[RQ-VAE] epoch=815 loss=0.00031224 recon=0.00007701 beh=6.196170 w=0.000 lr=7.407e-04 time=0.166s
[RQ-VAE] epoch=816 loss=0.00031276 recon=0.00007683 beh=6.195558 w=0.000 lr=7.403e-04 time=0.166s
[RQ-VAE] epoch=817 loss=0.00031303 recon=0.00007702 beh=6.192632 w=0.000 lr=7.400e-04 time=0.172s
[RQ-VAE] epoch=818 loss=0.00031285 recon=0.00007691 beh=6.194008 w=0.000 lr=7.397e-04 time=0.165s
[RQ-VAE] epoch=819 loss=0.00031431 recon=0.00007694 beh=6.197784 w=0.000 lr=7.393e-04 time=0.166s
[RQ-VAE] epoch=820 loss=0.00031461 recon=0.00007695 beh=6.196770 w=0.000 lr=7.390e-04 time=0.165s
[RQ-VAE] epoch=821 loss=0.00031393 recon=0.00007680 beh=6.198601 w=0.000 lr=7.386e-04 time=0.166s
[RQ-VAE] epoch=822 loss=0.00031339 recon=0.00007650 beh=6.194721 w=0.000 lr=7.383e-04 time=0.167s
[RQ-VAE] epoch=823 loss=0.00031313 recon=0.00007660 beh=6.194119 w=0.000 lr=7.380e-04 time=0.259s
[RQ-VAE] epoch=824 loss=0.00031382 recon=0.00007658 beh=6.190806 w=0.000 lr=7.376e-04 time=0.166s
[RQ-VAE] epoch=825 loss=0.00031452 recon=0.00007654 beh=6.193470 w=0.000 lr=7.373e-04 time=0.172s
[RQ-VAE] epoch=826 loss=0.00031309 recon=0.00007692 beh=6.199604 w=0.000 lr=7.369e-04 time=0.165s
[RQ-VAE] epoch=827 loss=0.00031458 recon=0.00007666 beh=6.193690 w=0.000 lr=7.366e-04 time=0.165s
[RQ-VAE] epoch=828 loss=0.00031543 recon=0.00007672 beh=6.192742 w=0.000 lr=7.363e-04 time=0.164s
[RQ-VAE] epoch=829 loss=0.00031603 recon=0.00007679 beh=6.191683 w=0.000 lr=7.359e-04 time=0.166s
[RQ-VAE] epoch=830 loss=0.00031508 recon=0.00007651 beh=6.191607 w=0.000 lr=7.356e-04 time=0.167s
[RQ-VAE] epoch=831 loss=0.00031334 recon=0.00007650 beh=6.196163 w=0.000 lr=7.353e-04 time=0.166s
[RQ-VAE] epoch=832 loss=0.00031349 recon=0.00007644 beh=6.195971 w=0.000 lr=7.349e-04 time=0.166s
[RQ-VAE] epoch=833 loss=0.00031667 recon=0.00007659 beh=6.197987 w=0.000 lr=7.346e-04 time=0.166s
[RQ-VAE] epoch=834 loss=0.00031565 recon=0.00007676 beh=6.194418 w=0.000 lr=7.342e-04 time=0.166s
[RQ-VAE] epoch=835 loss=0.00031498 recon=0.00007657 beh=6.197301 w=0.000 lr=7.339e-04 time=0.166s
[RQ-VAE] epoch=836 loss=0.00031372 recon=0.00007651 beh=6.191015 w=0.000 lr=7.336e-04 time=0.166s
[RQ-VAE] epoch=837 loss=0.00031398 recon=0.00007665 beh=6.195851 w=0.000 lr=7.332e-04 time=0.166s
[RQ-VAE] epoch=838 loss=0.00031375 recon=0.00007666 beh=6.192762 w=0.000 lr=7.329e-04 time=0.165s
[RQ-VAE] epoch=839 loss=0.00031369 recon=0.00007634 beh=6.195970 w=0.000 lr=7.325e-04 time=0.262s
[RQ-VAE] epoch=840 loss=0.00031481 recon=0.00007656 beh=6.194577 w=0.000 lr=7.322e-04 time=0.165s
[RQ-VAE] epoch=841 loss=0.00031514 recon=0.00007653 beh=6.195236 w=0.000 lr=7.319e-04 time=0.166s
[RQ-VAE] epoch=842 loss=0.00031378 recon=0.00007663 beh=6.196380 w=0.000 lr=7.315e-04 time=0.164s
[RQ-VAE] epoch=843 loss=0.00031502 recon=0.00007652 beh=6.195862 w=0.000 lr=7.312e-04 time=0.166s
[RQ-VAE] epoch=844 loss=0.00031442 recon=0.00007659 beh=6.192242 w=0.000 lr=7.308e-04 time=0.166s
[RQ-VAE] epoch=845 loss=0.00031339 recon=0.00007645 beh=6.193965 w=0.000 lr=7.305e-04 time=0.167s
[RQ-VAE] epoch=846 loss=0.00031482 recon=0.00007640 beh=6.196336 w=0.000 lr=7.302e-04 time=0.166s
[RQ-VAE] epoch=847 loss=0.00031436 recon=0.00007645 beh=6.193065 w=0.000 lr=7.298e-04 time=0.167s
[RQ-VAE] epoch=848 loss=0.00031384 recon=0.00007654 beh=6.194410 w=0.000 lr=7.295e-04 time=0.166s
[RQ-VAE] epoch=849 loss=0.00031342 recon=0.00007626 beh=6.195700 w=0.000 lr=7.292e-04 time=0.165s
[RQ-VAE] epoch=850 loss=0.00031403 recon=0.00007642 lr=7.288e-04 raw_unique=20364/24587 collision=0.171757 time=0.166s
[RQ-VAE] epoch=851 loss=0.00031442 recon=0.00007651 beh=6.194266 w=0.000 lr=7.285e-04 time=0.167s
[RQ-VAE] epoch=852 loss=0.00031461 recon=0.00007656 beh=6.194191 w=0.000 lr=7.281e-04 time=0.165s
[RQ-VAE] epoch=853 loss=0.00031430 recon=0.00007630 beh=6.202528 w=0.000 lr=7.278e-04 time=0.166s
[RQ-VAE] epoch=854 loss=0.00031506 recon=0.00007631 beh=6.193410 w=0.000 lr=7.275e-04 time=0.167s
[RQ-VAE] epoch=855 loss=0.00031404 recon=0.00007635 beh=6.195813 w=0.000 lr=7.271e-04 time=0.265s
[RQ-VAE] epoch=856 loss=0.00031397 recon=0.00007641 beh=6.194548 w=0.000 lr=7.268e-04 time=0.165s
[RQ-VAE] epoch=857 loss=0.00031315 recon=0.00007637 beh=6.195826 w=0.000 lr=7.264e-04 time=0.166s
[RQ-VAE] epoch=858 loss=0.00031452 recon=0.00007635 beh=6.195258 w=0.000 lr=7.261e-04 time=0.166s
[RQ-VAE] epoch=859 loss=0.00031452 recon=0.00007643 beh=6.194932 w=0.000 lr=7.258e-04 time=0.166s
[RQ-VAE] epoch=860 loss=0.00031487 recon=0.00007624 beh=6.191236 w=0.000 lr=7.254e-04 time=0.166s
[RQ-VAE] epoch=861 loss=0.00031632 recon=0.00007630 beh=6.195920 w=0.000 lr=7.251e-04 time=0.166s
[RQ-VAE] epoch=862 loss=0.00031486 recon=0.00007602 beh=6.190088 w=0.000 lr=7.247e-04 time=0.166s
[RQ-VAE] epoch=863 loss=0.00031518 recon=0.00007603 beh=6.196280 w=0.000 lr=7.244e-04 time=0.165s
[RQ-VAE] epoch=864 loss=0.00031356 recon=0.00007600 beh=6.190074 w=0.000 lr=7.241e-04 time=0.165s
[RQ-VAE] epoch=865 loss=0.00031360 recon=0.00007616 beh=6.194181 w=0.000 lr=7.237e-04 time=0.166s
[RQ-VAE] epoch=866 loss=0.00031410 recon=0.00007603 beh=6.189317 w=0.000 lr=7.234e-04 time=0.165s
[RQ-VAE] epoch=867 loss=0.00031413 recon=0.00007610 beh=6.196697 w=0.000 lr=7.231e-04 time=0.166s
[RQ-VAE] epoch=868 loss=0.00031506 recon=0.00007621 beh=6.196056 w=0.000 lr=7.227e-04 time=0.165s
[RQ-VAE] epoch=869 loss=0.00031622 recon=0.00007618 beh=6.187517 w=0.000 lr=7.224e-04 time=0.165s
[RQ-VAE] epoch=870 loss=0.00031592 recon=0.00007618 beh=6.194454 w=0.000 lr=7.220e-04 time=0.165s
[RQ-VAE] epoch=871 loss=0.00031513 recon=0.00007615 beh=6.193238 w=0.000 lr=7.217e-04 time=0.258s
[RQ-VAE] epoch=872 loss=0.00031409 recon=0.00007596 beh=6.192838 w=0.000 lr=7.214e-04 time=0.165s
[RQ-VAE] epoch=873 loss=0.00031377 recon=0.00007598 beh=6.195981 w=0.000 lr=7.210e-04 time=0.165s
[RQ-VAE] epoch=874 loss=0.00031435 recon=0.00007603 beh=6.190821 w=0.000 lr=7.207e-04 time=0.165s
[RQ-VAE] epoch=875 loss=0.00031343 recon=0.00007604 beh=6.193393 w=0.000 lr=7.203e-04 time=0.166s
[RQ-VAE] epoch=876 loss=0.00031406 recon=0.00007599 beh=6.195588 w=0.000 lr=7.200e-04 time=0.165s
[RQ-VAE] epoch=877 loss=0.00031444 recon=0.00007602 beh=6.194277 w=0.000 lr=7.197e-04 time=0.167s
[RQ-VAE] epoch=878 loss=0.00031565 recon=0.00007591 beh=6.192792 w=0.000 lr=7.193e-04 time=0.166s
[RQ-VAE] epoch=879 loss=0.00031392 recon=0.00007609 beh=6.196193 w=0.000 lr=7.190e-04 time=0.166s
[RQ-VAE] epoch=880 loss=0.00031499 recon=0.00007577 beh=6.192606 w=0.000 lr=7.186e-04 time=0.165s
[RQ-VAE] epoch=881 loss=0.00031321 recon=0.00007584 beh=6.196667 w=0.000 lr=7.183e-04 time=0.167s
[RQ-VAE] epoch=882 loss=0.00031413 recon=0.00007579 beh=6.196136 w=0.000 lr=7.180e-04 time=0.165s
[RQ-VAE] epoch=883 loss=0.00031552 recon=0.00007602 beh=6.194184 w=0.000 lr=7.176e-04 time=0.166s
[RQ-VAE] epoch=884 loss=0.00031651 recon=0.00007583 beh=6.191868 w=0.000 lr=7.173e-04 time=0.17s
[RQ-VAE] epoch=885 loss=0.00031541 recon=0.00007579 beh=6.195944 w=0.000 lr=7.169e-04 time=0.169s
[RQ-VAE] epoch=886 loss=0.00031431 recon=0.00007577 beh=6.186213 w=0.000 lr=7.166e-04 time=0.165s
[RQ-VAE] epoch=887 loss=0.00031560 recon=0.00007588 beh=6.192780 w=0.000 lr=7.163e-04 time=0.259s
[RQ-VAE] epoch=888 loss=0.00031641 recon=0.00007584 beh=6.196095 w=0.000 lr=7.159e-04 time=0.167s
[RQ-VAE] epoch=889 loss=0.00031436 recon=0.00007579 beh=6.193538 w=0.000 lr=7.156e-04 time=0.167s
[RQ-VAE] epoch=890 loss=0.00031422 recon=0.00007581 beh=6.187725 w=0.000 lr=7.153e-04 time=0.168s
[RQ-VAE] epoch=891 loss=0.00031440 recon=0.00007578 beh=6.192336 w=0.000 lr=7.149e-04 time=0.167s
[RQ-VAE] epoch=892 loss=0.00031620 recon=0.00007577 beh=6.194695 w=0.000 lr=7.146e-04 time=0.168s
[RQ-VAE] epoch=893 loss=0.00031456 recon=0.00007588 beh=6.193633 w=0.000 lr=7.142e-04 time=0.167s
[RQ-VAE] epoch=894 loss=0.00031411 recon=0.00007588 beh=6.195749 w=0.000 lr=7.139e-04 time=0.166s
[RQ-VAE] epoch=895 loss=0.00031543 recon=0.00007574 beh=6.194186 w=0.000 lr=7.136e-04 time=0.167s
[RQ-VAE] epoch=896 loss=0.00031401 recon=0.00007569 beh=6.195804 w=0.000 lr=7.132e-04 time=0.166s
[RQ-VAE] epoch=897 loss=0.00031336 recon=0.00007565 beh=6.193652 w=0.000 lr=7.129e-04 time=0.167s
[RQ-VAE] epoch=898 loss=0.00031306 recon=0.00007561 beh=6.198010 w=0.000 lr=7.125e-04 time=0.168s
[RQ-VAE] epoch=899 loss=0.00031389 recon=0.00007556 beh=6.195368 w=0.000 lr=7.122e-04 time=0.167s
[RQ-VAE] epoch=900 loss=0.00031318 recon=0.00007561 lr=7.119e-04 raw_unique=20302/24587 collision=0.174279 time=0.168s
[RQ-VAE] epoch=901 loss=0.00031278 recon=0.00007565 beh=6.193136 w=0.000 lr=7.115e-04 time=0.166s
[RQ-VAE] epoch=902 loss=0.00031232 recon=0.00007552 beh=6.194184 w=0.000 lr=7.112e-04 time=0.261s
[RQ-VAE] epoch=903 loss=0.00031433 recon=0.00007562 beh=6.188627 w=0.000 lr=7.108e-04 time=0.167s
[RQ-VAE] epoch=904 loss=0.00031490 recon=0.00007556 beh=6.196733 w=0.000 lr=7.105e-04 time=0.169s
[RQ-VAE] epoch=905 loss=0.00031367 recon=0.00007574 beh=6.195579 w=0.000 lr=7.102e-04 time=0.168s
[RQ-VAE] epoch=906 loss=0.00031572 recon=0.00007600 beh=6.192188 w=0.000 lr=7.098e-04 time=0.168s
[RQ-VAE] epoch=907 loss=0.00031489 recon=0.00007570 beh=6.192831 w=0.000 lr=7.095e-04 time=0.167s
[RQ-VAE] epoch=908 loss=0.00031507 recon=0.00007574 beh=6.190745 w=0.000 lr=7.092e-04 time=0.168s
[RQ-VAE] epoch=909 loss=0.00031384 recon=0.00007570 beh=6.196655 w=0.000 lr=7.088e-04 time=0.168s
[RQ-VAE] epoch=910 loss=0.00031393 recon=0.00007568 beh=6.197495 w=0.000 lr=7.085e-04 time=0.168s
[RQ-VAE] epoch=911 loss=0.00031530 recon=0.00007569 beh=6.192862 w=0.000 lr=7.081e-04 time=0.166s
[RQ-VAE] epoch=912 loss=0.00031519 recon=0.00007565 beh=6.195285 w=0.000 lr=7.078e-04 time=0.168s
[RQ-VAE] epoch=913 loss=0.00031376 recon=0.00007556 beh=6.190978 w=0.000 lr=7.075e-04 time=0.168s
[RQ-VAE] epoch=914 loss=0.00031498 recon=0.00007573 beh=6.189849 w=0.000 lr=7.071e-04 time=0.166s
[RQ-VAE] epoch=915 loss=0.00031611 recon=0.00007566 beh=6.195607 w=0.000 lr=7.068e-04 time=0.166s
[RQ-VAE] epoch=916 loss=0.00031536 recon=0.00007572 beh=6.192380 w=0.000 lr=7.064e-04 time=0.167s
[RQ-VAE] epoch=917 loss=0.00031576 recon=0.00007560 beh=6.197327 w=0.000 lr=7.061e-04 time=0.168s
[RQ-VAE] epoch=918 loss=0.00031500 recon=0.00007549 beh=6.190585 w=0.000 lr=7.058e-04 time=0.26s
[RQ-VAE] epoch=919 loss=0.00031477 recon=0.00007557 beh=6.190551 w=0.000 lr=7.054e-04 time=0.167s
[RQ-VAE] epoch=920 loss=0.00031442 recon=0.00007555 beh=6.197427 w=0.000 lr=7.051e-04 time=0.168s
[RQ-VAE] epoch=921 loss=0.00031317 recon=0.00007559 beh=6.192610 w=0.000 lr=7.047e-04 time=0.167s
[RQ-VAE] epoch=922 loss=0.00031636 recon=0.00007551 beh=6.194151 w=0.000 lr=7.044e-04 time=0.168s
[RQ-VAE] epoch=923 loss=0.00031615 recon=0.00007558 beh=6.192239 w=0.000 lr=7.041e-04 time=0.168s
[RQ-VAE] epoch=924 loss=0.00031640 recon=0.00007571 beh=6.195882 w=0.000 lr=7.037e-04 time=0.167s
[RQ-VAE] epoch=925 loss=0.00031572 recon=0.00007555 beh=6.194707 w=0.000 lr=7.034e-04 time=0.167s
[RQ-VAE] epoch=926 loss=0.00031639 recon=0.00007565 beh=6.198088 w=0.000 lr=7.031e-04 time=0.167s
[RQ-VAE] epoch=927 loss=0.00031765 recon=0.00007563 beh=6.192518 w=0.000 lr=7.027e-04 time=0.167s
[RQ-VAE] epoch=928 loss=0.00031681 recon=0.00007558 beh=6.196598 w=0.000 lr=7.024e-04 time=0.168s
[RQ-VAE] epoch=929 loss=0.00031757 recon=0.00007559 beh=6.195013 w=0.000 lr=7.020e-04 time=0.167s
[RQ-VAE] epoch=930 loss=0.00031592 recon=0.00007565 beh=6.202779 w=0.000 lr=7.017e-04 time=0.168s
[RQ-VAE] epoch=931 loss=0.00031886 recon=0.00007554 beh=6.194019 w=0.000 lr=7.014e-04 time=0.167s
[RQ-VAE] epoch=932 loss=0.00031720 recon=0.00007530 beh=6.200569 w=0.000 lr=7.010e-04 time=0.166s
[RQ-VAE] epoch=933 loss=0.00031642 recon=0.00007543 beh=6.198058 w=0.000 lr=7.007e-04 time=0.168s
[RQ-VAE] epoch=934 loss=0.00031560 recon=0.00007537 beh=6.190487 w=0.000 lr=7.003e-04 time=0.261s
[RQ-VAE] epoch=935 loss=0.00031826 recon=0.00007562 beh=6.191099 w=0.000 lr=7.000e-04 time=0.166s
[RQ-VAE] epoch=936 loss=0.00031988 recon=0.00007535 beh=6.193169 w=0.000 lr=6.997e-04 time=0.167s
[RQ-VAE] epoch=937 loss=0.00031845 recon=0.00007543 beh=6.191922 w=0.000 lr=6.993e-04 time=0.167s
[RQ-VAE] epoch=938 loss=0.00031683 recon=0.00007537 beh=6.195748 w=0.000 lr=6.990e-04 time=0.168s
[RQ-VAE] epoch=939 loss=0.00031692 recon=0.00007551 beh=6.195411 w=0.000 lr=6.986e-04 time=0.168s
[RQ-VAE] epoch=940 loss=0.00031678 recon=0.00007542 beh=6.195232 w=0.000 lr=6.983e-04 time=0.168s
[RQ-VAE] epoch=941 loss=0.00031430 recon=0.00007542 beh=6.193713 w=0.000 lr=6.980e-04 time=0.167s
[RQ-VAE] epoch=942 loss=0.00031489 recon=0.00007527 beh=6.191808 w=0.000 lr=6.976e-04 time=0.167s
[RQ-VAE] epoch=943 loss=0.00031532 recon=0.00007545 beh=6.194685 w=0.000 lr=6.973e-04 time=0.167s
[RQ-VAE] epoch=944 loss=0.00031584 recon=0.00007547 beh=6.195452 w=0.000 lr=6.969e-04 time=0.167s
[RQ-VAE] epoch=945 loss=0.00031558 recon=0.00007547 beh=6.198794 w=0.000 lr=6.966e-04 time=0.167s
[RQ-VAE] epoch=946 loss=0.00031564 recon=0.00007529 beh=6.191458 w=0.000 lr=6.963e-04 time=0.168s
[RQ-VAE] epoch=947 loss=0.00031673 recon=0.00007547 beh=6.191787 w=0.000 lr=6.959e-04 time=0.167s
[RQ-VAE] epoch=948 loss=0.00031735 recon=0.00007539 beh=6.193832 w=0.000 lr=6.956e-04 time=0.168s
[RQ-VAE] epoch=949 loss=0.00031575 recon=0.00007537 beh=6.193303 w=0.000 lr=6.953e-04 time=0.168s
[RQ-VAE] epoch=950 loss=0.00031485 recon=0.00007527 lr=6.949e-04 raw_unique=20545/24587 collision=0.164396 time=0.26s
[RQ-VAE] epoch=951 loss=0.00031595 recon=0.00007516 beh=6.196311 w=0.000 lr=6.946e-04 time=0.168s
[RQ-VAE] epoch=952 loss=0.00031423 recon=0.00007528 beh=6.193603 w=0.000 lr=6.942e-04 time=0.168s
[RQ-VAE] epoch=953 loss=0.00031605 recon=0.00007520 beh=6.194994 w=0.000 lr=6.939e-04 time=0.167s
[RQ-VAE] epoch=954 loss=0.00031548 recon=0.00007526 beh=6.192144 w=0.000 lr=6.936e-04 time=0.168s
[RQ-VAE] epoch=955 loss=0.00031395 recon=0.00007501 beh=6.194412 w=0.000 lr=6.932e-04 time=0.167s
[RQ-VAE] epoch=956 loss=0.00031326 recon=0.00007500 beh=6.192112 w=0.000 lr=6.929e-04 time=0.167s
[RQ-VAE] epoch=957 loss=0.00031454 recon=0.00007507 beh=6.194924 w=0.000 lr=6.925e-04 time=0.167s
[RQ-VAE] epoch=958 loss=0.00031447 recon=0.00007525 beh=6.194250 w=0.000 lr=6.922e-04 time=0.167s
[RQ-VAE] epoch=959 loss=0.00031611 recon=0.00007513 beh=6.194741 w=0.000 lr=6.919e-04 time=0.167s
[RQ-VAE] epoch=960 loss=0.00031564 recon=0.00007496 beh=6.194334 w=0.000 lr=6.915e-04 time=0.168s
[RQ-VAE] epoch=961 loss=0.00031568 recon=0.00007501 beh=6.193064 w=0.000 lr=6.912e-04 time=0.168s
[RQ-VAE] epoch=962 loss=0.00031340 recon=0.00007503 beh=6.191559 w=0.000 lr=6.908e-04 time=0.167s
[RQ-VAE] epoch=963 loss=0.00031482 recon=0.00007496 beh=6.195149 w=0.000 lr=6.905e-04 time=0.168s
[RQ-VAE] epoch=964 loss=0.00031573 recon=0.00007508 beh=6.194217 w=0.000 lr=6.902e-04 time=0.167s
[RQ-VAE] epoch=965 loss=0.00031569 recon=0.00007503 beh=6.192916 w=0.000 lr=6.898e-04 time=0.167s
[RQ-VAE] epoch=966 loss=0.00031492 recon=0.00007494 beh=6.196348 w=0.000 lr=6.895e-04 time=0.258s
[RQ-VAE] epoch=967 loss=0.00031548 recon=0.00007495 beh=6.189878 w=0.000 lr=6.892e-04 time=0.168s
[RQ-VAE] epoch=968 loss=0.00031418 recon=0.00007495 beh=6.198573 w=0.000 lr=6.888e-04 time=0.168s
[RQ-VAE] epoch=969 loss=0.00031368 recon=0.00007515 beh=6.198116 w=0.000 lr=6.885e-04 time=0.168s
[RQ-VAE] epoch=970 loss=0.00031454 recon=0.00007502 beh=6.195232 w=0.000 lr=6.881e-04 time=0.168s
[RQ-VAE] epoch=971 loss=0.00031543 recon=0.00007496 beh=6.191795 w=0.000 lr=6.878e-04 time=0.167s
[RQ-VAE] epoch=972 loss=0.00031504 recon=0.00007503 beh=6.194898 w=0.000 lr=6.875e-04 time=0.168s
[RQ-VAE] epoch=973 loss=0.00031518 recon=0.00007499 beh=6.195014 w=0.000 lr=6.871e-04 time=0.168s
[RQ-VAE] epoch=974 loss=0.00031527 recon=0.00007498 beh=6.192844 w=0.000 lr=6.868e-04 time=0.167s
[RQ-VAE] epoch=975 loss=0.00031604 recon=0.00007509 beh=6.195305 w=0.000 lr=6.864e-04 time=0.169s
[RQ-VAE] epoch=976 loss=0.00031530 recon=0.00007501 beh=6.191247 w=0.000 lr=6.861e-04 time=0.167s
[RQ-VAE] epoch=977 loss=0.00031581 recon=0.00007492 beh=6.194169 w=0.000 lr=6.858e-04 time=0.167s
[RQ-VAE] epoch=978 loss=0.00031572 recon=0.00007488 beh=6.194981 w=0.000 lr=6.854e-04 time=0.168s
[RQ-VAE] epoch=979 loss=0.00031520 recon=0.00007498 beh=6.189903 w=0.000 lr=6.851e-04 time=0.167s
[RQ-VAE] epoch=980 loss=0.00031770 recon=0.00007507 beh=6.194224 w=0.000 lr=6.847e-04 time=0.168s
[RQ-VAE] epoch=981 loss=0.00031668 recon=0.00007511 beh=6.196756 w=0.000 lr=6.844e-04 time=0.168s
[RQ-VAE] epoch=982 loss=0.00031762 recon=0.00007504 beh=6.194362 w=0.000 lr=6.841e-04 time=0.259s
[RQ-VAE] epoch=983 loss=0.00031579 recon=0.00007511 beh=6.193926 w=0.000 lr=6.837e-04 time=0.167s
[RQ-VAE] epoch=984 loss=0.00031730 recon=0.00007507 beh=6.192871 w=0.000 lr=6.834e-04 time=0.168s
[RQ-VAE] epoch=985 loss=0.00031757 recon=0.00007495 beh=6.196135 w=0.000 lr=6.831e-04 time=0.167s
[RQ-VAE] epoch=986 loss=0.00031578 recon=0.00007485 beh=6.195760 w=0.000 lr=6.827e-04 time=0.165s
[RQ-VAE] epoch=987 loss=0.00031691 recon=0.00007506 beh=6.194413 w=0.000 lr=6.824e-04 time=0.166s
[RQ-VAE] epoch=988 loss=0.00031673 recon=0.00007496 beh=6.190106 w=0.000 lr=6.820e-04 time=0.166s
[RQ-VAE] epoch=989 loss=0.00031714 recon=0.00007508 beh=6.188489 w=0.000 lr=6.817e-04 time=0.166s
[RQ-VAE] epoch=990 loss=0.00031740 recon=0.00007500 beh=6.193753 w=0.000 lr=6.814e-04 time=0.166s
[RQ-VAE] epoch=991 loss=0.00031635 recon=0.00007489 beh=6.192689 w=0.000 lr=6.810e-04 time=0.166s
[RQ-VAE] epoch=992 loss=0.00031677 recon=0.00007473 beh=6.192610 w=0.000 lr=6.807e-04 time=0.165s
[RQ-VAE] epoch=993 loss=0.00031594 recon=0.00007481 beh=6.194327 w=0.000 lr=6.803e-04 time=0.166s
[RQ-VAE] epoch=994 loss=0.00031631 recon=0.00007487 beh=6.193406 w=0.000 lr=6.800e-04 time=0.165s
[RQ-VAE] epoch=995 loss=0.00031875 recon=0.00007496 beh=6.194528 w=0.000 lr=6.797e-04 time=0.165s
[RQ-VAE] epoch=996 loss=0.00031920 recon=0.00007503 beh=6.192717 w=0.000 lr=6.793e-04 time=0.165s
[RQ-VAE] epoch=997 loss=0.00031787 recon=0.00007477 beh=6.195926 w=0.000 lr=6.790e-04 time=0.261s
[RQ-VAE] epoch=998 loss=0.00031908 recon=0.00007480 beh=6.199238 w=0.000 lr=6.786e-04 time=0.166s
[RQ-VAE] epoch=999 loss=0.00031828 recon=0.00007482 beh=6.193991 w=0.000 lr=6.783e-04 time=0.166s
[RQ-VAE] epoch=1000 loss=0.00031796 recon=0.00007485 lr=6.780e-04 raw_unique=20490/24587 collision=0.166633 time=0.165s
[RQ-VAE] epoch=1001 loss=0.00031786 recon=0.00007486 beh=6.194019 w=0.000 lr=6.776e-04 time=0.166s
[RQ-VAE] epoch=1002 loss=0.00031998 recon=0.00007482 beh=6.191647 w=0.000 lr=6.773e-04 time=0.165s
[RQ-VAE] epoch=1003 loss=0.00031954 recon=0.00007476 beh=6.195809 w=0.000 lr=6.769e-04 time=0.166s
[RQ-VAE] epoch=1004 loss=0.00031809 recon=0.00007482 beh=6.192801 w=0.000 lr=6.766e-04 time=0.165s
[RQ-VAE] epoch=1005 loss=0.00031770 recon=0.00007470 beh=6.191224 w=0.000 lr=6.763e-04 time=0.165s
[RQ-VAE] epoch=1006 loss=0.00031847 recon=0.00007469 beh=6.192436 w=0.000 lr=6.759e-04 time=0.165s
[RQ-VAE] epoch=1007 loss=0.00031717 recon=0.00007479 beh=6.192030 w=0.000 lr=6.756e-04 time=0.166s
[RQ-VAE] epoch=1008 loss=0.00031724 recon=0.00007468 beh=6.191382 w=0.000 lr=6.753e-04 time=0.165s
[RQ-VAE] epoch=1009 loss=0.00031740 recon=0.00007463 beh=6.195117 w=0.000 lr=6.749e-04 time=0.166s
[RQ-VAE] epoch=1010 loss=0.00031985 recon=0.00007445 beh=6.190460 w=0.000 lr=6.746e-04 time=0.165s
[RQ-VAE] epoch=1011 loss=0.00031777 recon=0.00007462 beh=6.190643 w=0.000 lr=6.742e-04 time=0.166s
[RQ-VAE] epoch=1012 loss=0.00031778 recon=0.00007455 beh=6.194162 w=0.000 lr=6.739e-04 time=0.166s
[RQ-VAE] epoch=1013 loss=0.00031827 recon=0.00007463 beh=6.196191 w=0.000 lr=6.736e-04 time=0.26s
[RQ-VAE] epoch=1014 loss=0.00031841 recon=0.00007451 beh=6.191405 w=0.000 lr=6.732e-04 time=0.166s
[RQ-VAE] epoch=1015 loss=0.00031753 recon=0.00007451 beh=6.194878 w=0.000 lr=6.729e-04 time=0.166s
[RQ-VAE] epoch=1016 loss=0.00031623 recon=0.00007463 beh=6.189009 w=0.000 lr=6.725e-04 time=0.165s
[RQ-VAE] epoch=1017 loss=0.00031748 recon=0.00007456 beh=6.188470 w=0.000 lr=6.722e-04 time=0.166s
[RQ-VAE] epoch=1018 loss=0.00031992 recon=0.00007452 beh=6.190836 w=0.000 lr=6.719e-04 time=0.165s
[RQ-VAE] epoch=1019 loss=0.00032033 recon=0.00007456 beh=6.191142 w=0.000 lr=6.715e-04 time=0.166s
[RQ-VAE] epoch=1020 loss=0.00031805 recon=0.00007465 beh=6.194671 w=0.000 lr=6.712e-04 time=0.166s
[RQ-VAE] epoch=1021 loss=0.00031692 recon=0.00007454 beh=6.196292 w=0.000 lr=6.708e-04 time=0.166s
[RQ-VAE] epoch=1022 loss=0.00031898 recon=0.00007458 beh=6.197056 w=0.000 lr=6.705e-04 time=0.166s
[RQ-VAE] epoch=1023 loss=0.00031950 recon=0.00007471 beh=6.193545 w=0.000 lr=6.702e-04 time=0.167s
[RQ-VAE] epoch=1024 loss=0.00031767 recon=0.00007470 beh=6.192739 w=0.000 lr=6.698e-04 time=0.166s
[RQ-VAE] epoch=1025 loss=0.00031754 recon=0.00007448 beh=6.195206 w=0.000 lr=6.695e-04 time=0.165s
[RQ-VAE] epoch=1026 loss=0.00031916 recon=0.00007455 beh=6.191027 w=0.000 lr=6.692e-04 time=0.166s
[RQ-VAE] epoch=1027 loss=0.00031979 recon=0.00007457 beh=6.193346 w=0.000 lr=6.688e-04 time=0.166s
[RQ-VAE] epoch=1028 loss=0.00031731 recon=0.00007460 beh=6.199373 w=0.000 lr=6.685e-04 time=0.166s
[RQ-VAE] epoch=1029 loss=0.00031708 recon=0.00007454 beh=6.192900 w=0.000 lr=6.681e-04 time=0.26s
[RQ-VAE] epoch=1030 loss=0.00031955 recon=0.00007437 beh=6.193907 w=0.000 lr=6.678e-04 time=0.165s
[RQ-VAE] epoch=1031 loss=0.00031969 recon=0.00007441 beh=6.192682 w=0.000 lr=6.675e-04 time=0.166s
[RQ-VAE] epoch=1032 loss=0.00031855 recon=0.00007442 beh=6.194643 w=0.000 lr=6.671e-04 time=0.166s
[RQ-VAE] epoch=1033 loss=0.00031772 recon=0.00007452 beh=6.193755 w=0.000 lr=6.668e-04 time=0.167s
[RQ-VAE] epoch=1034 loss=0.00031809 recon=0.00007452 beh=6.195795 w=0.000 lr=6.664e-04 time=0.165s
[RQ-VAE] epoch=1035 loss=0.00031899 recon=0.00007459 beh=6.192302 w=0.000 lr=6.661e-04 time=0.167s
[RQ-VAE] epoch=1036 loss=0.00031775 recon=0.00007443 beh=6.192703 w=0.000 lr=6.658e-04 time=0.165s
[RQ-VAE] epoch=1037 loss=0.00031821 recon=0.00007434 beh=6.196270 w=0.000 lr=6.654e-04 time=0.167s
[RQ-VAE] epoch=1038 loss=0.00031767 recon=0.00007444 beh=6.194010 w=0.000 lr=6.651e-04 time=0.166s
[RQ-VAE] epoch=1039 loss=0.00031840 recon=0.00007444 beh=6.191362 w=0.000 lr=6.647e-04 time=0.167s
[RQ-VAE] epoch=1040 loss=0.00032033 recon=0.00007451 beh=6.191822 w=0.000 lr=6.644e-04 time=0.165s
[RQ-VAE] epoch=1041 loss=0.00031886 recon=0.00007443 beh=6.193973 w=0.000 lr=6.641e-04 time=0.166s
[RQ-VAE] epoch=1042 loss=0.00031955 recon=0.00007447 beh=6.194201 w=0.000 lr=6.637e-04 time=0.165s
[RQ-VAE] epoch=1043 loss=0.00032019 recon=0.00007444 beh=6.192262 w=0.000 lr=6.634e-04 time=0.167s
[RQ-VAE] epoch=1044 loss=0.00031990 recon=0.00007487 beh=6.194149 w=0.000 lr=6.631e-04 time=0.166s
[RQ-VAE] epoch=1045 loss=0.00031961 recon=0.00007444 beh=6.196247 w=0.000 lr=6.627e-04 time=0.26s
[RQ-VAE] epoch=1046 loss=0.00032034 recon=0.00007441 beh=6.195718 w=0.000 lr=6.624e-04 time=0.166s
[RQ-VAE] epoch=1047 loss=0.00032135 recon=0.00007452 beh=6.188743 w=0.000 lr=6.620e-04 time=0.167s
[RQ-VAE] epoch=1048 loss=0.00031995 recon=0.00007457 beh=6.192209 w=0.000 lr=6.617e-04 time=0.166s
[RQ-VAE] epoch=1049 loss=0.00031928 recon=0.00007452 beh=6.193655 w=0.000 lr=6.614e-04 time=0.166s
[RQ-VAE] epoch=1050 loss=0.00032022 recon=0.00007452 lr=6.610e-04 raw_unique=20462/24587 collision=0.167772 time=0.165s
[RQ-VAE] epoch=1051 loss=0.00032283 recon=0.00007456 beh=6.190967 w=0.000 lr=6.607e-04 time=0.166s
[RQ-VAE] epoch=1052 loss=0.00032170 recon=0.00007466 beh=6.193898 w=0.000 lr=6.603e-04 time=0.166s
[RQ-VAE] epoch=1053 loss=0.00032342 recon=0.00007443 beh=6.188846 w=0.000 lr=6.600e-04 time=0.167s
[RQ-VAE] epoch=1054 loss=0.00032055 recon=0.00007444 beh=6.191350 w=0.000 lr=6.597e-04 time=0.166s
[RQ-VAE] epoch=1055 loss=0.00031991 recon=0.00007459 beh=6.191494 w=0.000 lr=6.593e-04 time=0.167s
[RQ-VAE] epoch=1056 loss=0.00032112 recon=0.00007447 beh=6.190850 w=0.000 lr=6.590e-04 time=0.166s
[RQ-VAE] epoch=1057 loss=0.00032148 recon=0.00007449 beh=6.187995 w=0.000 lr=6.586e-04 time=0.166s
[RQ-VAE] epoch=1058 loss=0.00032302 recon=0.00007439 beh=6.198006 w=0.000 lr=6.583e-04 time=0.166s
[RQ-VAE] epoch=1059 loss=0.00032087 recon=0.00007446 beh=6.195647 w=0.000 lr=6.580e-04 time=0.165s
[RQ-VAE] epoch=1060 loss=0.00032098 recon=0.00007440 beh=6.192166 w=0.000 lr=6.576e-04 time=0.164s
[RQ-VAE] epoch=1061 loss=0.00032158 recon=0.00007445 beh=6.193585 w=0.000 lr=6.573e-04 time=0.257s
[RQ-VAE] epoch=1062 loss=0.00032209 recon=0.00007432 beh=6.191957 w=0.000 lr=6.569e-04 time=0.166s
[RQ-VAE] epoch=1063 loss=0.00032156 recon=0.00007436 beh=6.197639 w=0.000 lr=6.566e-04 time=0.166s
[RQ-VAE] epoch=1064 loss=0.00031984 recon=0.00007423 beh=6.196904 w=0.000 lr=6.563e-04 time=0.166s
[RQ-VAE] epoch=1065 loss=0.00032084 recon=0.00007442 beh=6.194734 w=0.000 lr=6.559e-04 time=0.169s
[RQ-VAE] epoch=1066 loss=0.00032092 recon=0.00007429 beh=6.196558 w=0.000 lr=6.556e-04 time=0.166s
[RQ-VAE] epoch=1067 loss=0.00032140 recon=0.00007463 beh=6.195215 w=0.000 lr=6.553e-04 time=0.167s
[RQ-VAE] epoch=1068 loss=0.00032239 recon=0.00007429 beh=6.193660 w=0.000 lr=6.549e-04 time=0.165s
[RQ-VAE] epoch=1069 loss=0.00032113 recon=0.00007438 beh=6.193464 w=0.000 lr=6.546e-04 time=0.166s
[RQ-VAE] epoch=1070 loss=0.00032010 recon=0.00007427 beh=6.191303 w=0.000 lr=6.542e-04 time=0.166s
[RQ-VAE] epoch=1071 loss=0.00032024 recon=0.00007419 beh=6.195912 w=0.000 lr=6.539e-04 time=0.166s
[RQ-VAE] epoch=1072 loss=0.00032132 recon=0.00007415 beh=6.191930 w=0.000 lr=6.536e-04 time=0.166s
[RQ-VAE] epoch=1073 loss=0.00032139 recon=0.00007436 beh=6.192215 w=0.000 lr=6.532e-04 time=0.167s
[RQ-VAE] epoch=1074 loss=0.00032148 recon=0.00007441 beh=6.193109 w=0.000 lr=6.529e-04 time=0.166s
[RQ-VAE] epoch=1075 loss=0.00032156 recon=0.00007445 beh=6.196854 w=0.000 lr=6.525e-04 time=0.166s
[RQ-VAE] epoch=1076 loss=0.00032225 recon=0.00007439 beh=6.194370 w=0.000 lr=6.522e-04 time=0.166s
[RQ-VAE] epoch=1077 loss=0.00032203 recon=0.00007436 beh=6.190958 w=0.000 lr=6.519e-04 time=0.258s
[RQ-VAE] epoch=1078 loss=0.00032134 recon=0.00007422 beh=6.190331 w=0.000 lr=6.515e-04 time=0.166s
[RQ-VAE] epoch=1079 loss=0.00031990 recon=0.00007427 beh=6.193748 w=0.000 lr=6.512e-04 time=0.166s
[RQ-VAE] epoch=1080 loss=0.00032164 recon=0.00007432 beh=6.195255 w=0.000 lr=6.508e-04 time=0.166s
[RQ-VAE] epoch=1081 loss=0.00032177 recon=0.00007432 beh=6.195700 w=0.000 lr=6.505e-04 time=0.165s
[RQ-VAE] epoch=1082 loss=0.00032158 recon=0.00007436 beh=6.195128 w=0.000 lr=6.502e-04 time=0.166s
[RQ-VAE] epoch=1083 loss=0.00032078 recon=0.00007433 beh=6.199018 w=0.000 lr=6.498e-04 time=0.165s
[RQ-VAE] epoch=1084 loss=0.00032143 recon=0.00007428 beh=6.195210 w=0.000 lr=6.495e-04 time=0.166s
[RQ-VAE] epoch=1085 loss=0.00032262 recon=0.00007416 beh=6.193027 w=0.000 lr=6.492e-04 time=0.164s
[RQ-VAE] epoch=1086 loss=0.00032202 recon=0.00007416 beh=6.193036 w=0.000 lr=6.488e-04 time=0.166s
[RQ-VAE] epoch=1087 loss=0.00031903 recon=0.00007417 beh=6.193649 w=0.000 lr=6.485e-04 time=0.165s
[RQ-VAE] epoch=1088 loss=0.00031915 recon=0.00007421 beh=6.188800 w=0.000 lr=6.481e-04 time=0.166s
[RQ-VAE] epoch=1089 loss=0.00031849 recon=0.00007393 beh=6.194974 w=0.000 lr=6.478e-04 time=0.166s
[RQ-VAE] epoch=1090 loss=0.00031803 recon=0.00007383 beh=6.196621 w=0.000 lr=6.475e-04 time=0.166s
[RQ-VAE] epoch=1091 loss=0.00031793 recon=0.00007407 beh=6.189457 w=0.000 lr=6.471e-04 time=0.164s
[RQ-VAE] epoch=1092 loss=0.00031753 recon=0.00007410 beh=6.193703 w=0.000 lr=6.468e-04 time=0.261s
[RQ-VAE] epoch=1093 loss=0.00031656 recon=0.00007386 beh=6.189749 w=0.000 lr=6.464e-04 time=0.164s
[RQ-VAE] epoch=1094 loss=0.00031755 recon=0.00007404 beh=6.191745 w=0.000 lr=6.461e-04 time=0.165s
[RQ-VAE] epoch=1095 loss=0.00031806 recon=0.00007385 beh=6.191730 w=0.000 lr=6.458e-04 time=0.165s
[RQ-VAE] epoch=1096 loss=0.00031983 recon=0.00007411 beh=6.189558 w=0.000 lr=6.454e-04 time=0.166s
[RQ-VAE] epoch=1097 loss=0.00031740 recon=0.00007403 beh=6.198085 w=0.000 lr=6.451e-04 time=0.166s
[RQ-VAE] epoch=1098 loss=0.00031814 recon=0.00007392 beh=6.192297 w=0.000 lr=6.447e-04 time=0.165s
[RQ-VAE] epoch=1099 loss=0.00032007 recon=0.00007386 beh=6.191756 w=0.000 lr=6.444e-04 time=0.165s
[RQ-VAE] epoch=1100 loss=0.00032050 recon=0.00007401 lr=6.441e-04 raw_unique=20253/24587 collision=0.176272 time=0.166s
[RQ-VAE] epoch=1101 loss=0.00031771 recon=0.00007399 beh=6.190045 w=0.000 lr=6.437e-04 time=0.165s
[RQ-VAE] epoch=1102 loss=0.00031620 recon=0.00007405 beh=6.194732 w=0.000 lr=6.434e-04 time=0.166s
[RQ-VAE] epoch=1103 loss=0.00031857 recon=0.00007406 beh=6.195804 w=0.000 lr=6.431e-04 time=0.166s
[RQ-VAE] epoch=1104 loss=0.00031895 recon=0.00007384 beh=6.193314 w=0.000 lr=6.427e-04 time=0.165s
[RQ-VAE] epoch=1105 loss=0.00031935 recon=0.00007397 beh=6.190621 w=0.000 lr=6.424e-04 time=0.166s
[RQ-VAE] epoch=1106 loss=0.00031929 recon=0.00007400 beh=6.196541 w=0.000 lr=6.420e-04 time=0.167s
[RQ-VAE] epoch=1107 loss=0.00031984 recon=0.00007411 beh=6.195734 w=0.000 lr=6.417e-04 time=0.166s
[RQ-VAE] epoch=1108 loss=0.00031922 recon=0.00007402 beh=6.194831 w=0.000 lr=6.414e-04 time=0.259s
[RQ-VAE] epoch=1109 loss=0.00031718 recon=0.00007373 beh=6.196042 w=0.000 lr=6.410e-04 time=0.165s
[RQ-VAE] epoch=1110 loss=0.00031825 recon=0.00007397 beh=6.192616 w=0.000 lr=6.407e-04 time=0.165s
[RQ-VAE] epoch=1111 loss=0.00031941 recon=0.00007379 beh=6.195079 w=0.000 lr=6.403e-04 time=0.165s
[RQ-VAE] epoch=1112 loss=0.00031910 recon=0.00007389 beh=6.195927 w=0.000 lr=6.400e-04 time=0.166s
[RQ-VAE] epoch=1113 loss=0.00032129 recon=0.00007416 beh=6.199092 w=0.000 lr=6.397e-04 time=0.166s
[RQ-VAE] epoch=1114 loss=0.00032070 recon=0.00007386 beh=6.191606 w=0.000 lr=6.393e-04 time=0.166s
[RQ-VAE] epoch=1115 loss=0.00032035 recon=0.00007388 beh=6.193569 w=0.000 lr=6.390e-04 time=0.166s
[RQ-VAE] epoch=1116 loss=0.00032014 recon=0.00007373 beh=6.194210 w=0.000 lr=6.386e-04 time=0.167s
[RQ-VAE] epoch=1117 loss=0.00031910 recon=0.00007378 beh=6.193226 w=0.000 lr=6.383e-04 time=0.165s
[RQ-VAE] epoch=1118 loss=0.00032072 recon=0.00007394 beh=6.196339 w=0.000 lr=6.380e-04 time=0.165s
[RQ-VAE] epoch=1119 loss=0.00032122 recon=0.00007376 beh=6.198299 w=0.000 lr=6.376e-04 time=0.165s
[RQ-VAE] epoch=1120 loss=0.00032113 recon=0.00007375 beh=6.194197 w=0.000 lr=6.373e-04 time=0.165s
[RQ-VAE] epoch=1121 loss=0.00032064 recon=0.00007414 beh=6.194953 w=0.000 lr=6.369e-04 time=0.166s
[RQ-VAE] epoch=1122 loss=0.00032139 recon=0.00007389 beh=6.194255 w=0.000 lr=6.366e-04 time=0.167s
[RQ-VAE] epoch=1123 loss=0.00032165 recon=0.00007391 beh=6.194239 w=0.000 lr=6.363e-04 time=0.165s
[RQ-VAE] epoch=1124 loss=0.00032131 recon=0.00007388 beh=6.191007 w=0.000 lr=6.359e-04 time=0.261s
[RQ-VAE] epoch=1125 loss=0.00031916 recon=0.00007375 beh=6.195885 w=0.000 lr=6.356e-04 time=0.165s
[RQ-VAE] epoch=1126 loss=0.00032010 recon=0.00007374 beh=6.198116 w=0.000 lr=6.353e-04 time=0.165s
[RQ-VAE] epoch=1127 loss=0.00031993 recon=0.00007380 beh=6.190704 w=0.000 lr=6.349e-04 time=0.165s
[RQ-VAE] epoch=1128 loss=0.00032131 recon=0.00007372 beh=6.190874 w=0.000 lr=6.346e-04 time=0.166s
[RQ-VAE] epoch=1129 loss=0.00032064 recon=0.00007368 beh=6.191783 w=0.000 lr=6.342e-04 time=0.165s
[RQ-VAE] epoch=1130 loss=0.00032058 recon=0.00007376 beh=6.192685 w=0.000 lr=6.339e-04 time=0.166s
[RQ-VAE] epoch=1131 loss=0.00032077 recon=0.00007362 beh=6.194310 w=0.000 lr=6.336e-04 time=0.166s
[RQ-VAE] epoch=1132 loss=0.00031821 recon=0.00007375 beh=6.191509 w=0.000 lr=6.332e-04 time=0.167s
[RQ-VAE] epoch=1133 loss=0.00031856 recon=0.00007363 beh=6.196132 w=0.000 lr=6.329e-04 time=0.166s
[RQ-VAE] epoch=1134 loss=0.00031939 recon=0.00007361 beh=6.191214 w=0.000 lr=6.325e-04 time=0.166s
[RQ-VAE] epoch=1135 loss=0.00031986 recon=0.00007374 beh=6.188620 w=0.000 lr=6.322e-04 time=0.165s
[RQ-VAE] epoch=1136 loss=0.00032002 recon=0.00007365 beh=6.187690 w=0.000 lr=6.319e-04 time=0.167s
[RQ-VAE] epoch=1137 loss=0.00032000 recon=0.00007391 beh=6.191642 w=0.000 lr=6.315e-04 time=0.165s
[RQ-VAE] epoch=1138 loss=0.00031896 recon=0.00007368 beh=6.187623 w=0.000 lr=6.312e-04 time=0.166s
[RQ-VAE] epoch=1139 loss=0.00031996 recon=0.00007371 beh=6.196768 w=0.000 lr=6.308e-04 time=0.165s
[RQ-VAE] epoch=1140 loss=0.00032054 recon=0.00007373 beh=6.190502 w=0.000 lr=6.305e-04 time=0.26s
[RQ-VAE] epoch=1141 loss=0.00031893 recon=0.00007379 beh=6.196595 w=0.000 lr=6.302e-04 time=0.165s
[RQ-VAE] epoch=1142 loss=0.00032046 recon=0.00007373 beh=6.197054 w=0.000 lr=6.298e-04 time=0.165s
[RQ-VAE] epoch=1143 loss=0.00032191 recon=0.00007376 beh=6.194924 w=0.000 lr=6.295e-04 time=0.165s
[RQ-VAE] epoch=1144 loss=0.00032056 recon=0.00007373 beh=6.194827 w=0.000 lr=6.292e-04 time=0.166s
[RQ-VAE] epoch=1145 loss=0.00032025 recon=0.00007369 beh=6.190381 w=0.000 lr=6.288e-04 time=0.166s
[RQ-VAE] epoch=1146 loss=0.00031744 recon=0.00007388 beh=6.193884 w=0.000 lr=6.285e-04 time=0.166s
[RQ-VAE] epoch=1147 loss=0.00031776 recon=0.00007350 beh=6.194540 w=0.000 lr=6.281e-04 time=0.165s
[RQ-VAE] epoch=1148 loss=0.00031865 recon=0.00007345 beh=6.193917 w=0.000 lr=6.278e-04 time=0.166s
[RQ-VAE] epoch=1149 loss=0.00031877 recon=0.00007328 beh=6.191354 w=0.000 lr=6.275e-04 time=0.164s
[RQ-VAE] epoch=1150 loss=0.00031810 recon=0.00007354 lr=6.271e-04 raw_unique=20339/24587 collision=0.172774 time=0.166s
[RQ-VAE] epoch=1151 loss=0.00031822 recon=0.00007361 beh=6.190924 w=0.000 lr=6.268e-04 time=0.166s
[RQ-VAE] epoch=1152 loss=0.00031846 recon=0.00007360 beh=6.189199 w=0.000 lr=6.264e-04 time=0.166s
[RQ-VAE] epoch=1153 loss=0.00031939 recon=0.00007335 beh=6.190495 w=0.000 lr=6.261e-04 time=0.166s
[RQ-VAE] epoch=1154 loss=0.00031886 recon=0.00007344 beh=6.190190 w=0.000 lr=6.258e-04 time=0.166s
[RQ-VAE] epoch=1155 loss=0.00031777 recon=0.00007339 beh=6.193187 w=0.000 lr=6.254e-04 time=0.166s
[RQ-VAE] epoch=1156 loss=0.00031934 recon=0.00007335 beh=6.191650 w=0.000 lr=6.251e-04 time=0.259s
[RQ-VAE] epoch=1157 loss=0.00031988 recon=0.00007339 beh=6.192509 w=0.000 lr=6.247e-04 time=0.166s
[RQ-VAE] epoch=1158 loss=0.00031903 recon=0.00007337 beh=6.196310 w=0.000 lr=6.244e-04 time=0.166s
[RQ-VAE] epoch=1159 loss=0.00032014 recon=0.00007334 beh=6.193293 w=0.000 lr=6.241e-04 time=0.166s
[RQ-VAE] epoch=1160 loss=0.00032040 recon=0.00007340 beh=6.196243 w=0.000 lr=6.237e-04 time=0.166s
[RQ-VAE] epoch=1161 loss=0.00031851 recon=0.00007349 beh=6.194138 w=0.000 lr=6.234e-04 time=0.166s
[RQ-VAE] epoch=1162 loss=0.00031980 recon=0.00007333 beh=6.193259 w=0.000 lr=6.231e-04 time=0.167s
[RQ-VAE] epoch=1163 loss=0.00031902 recon=0.00007346 beh=6.192796 w=0.000 lr=6.227e-04 time=0.166s
[RQ-VAE] epoch=1164 loss=0.00031883 recon=0.00007334 beh=6.195087 w=0.000 lr=6.224e-04 time=0.166s
[RQ-VAE] epoch=1165 loss=0.00032026 recon=0.00007335 beh=6.193477 w=0.000 lr=6.220e-04 time=0.165s
[RQ-VAE] epoch=1166 loss=0.00031835 recon=0.00007314 beh=6.193219 w=0.000 lr=6.217e-04 time=0.167s
[RQ-VAE] epoch=1167 loss=0.00031824 recon=0.00007341 beh=6.193034 w=0.000 lr=6.214e-04 time=0.166s
[RQ-VAE] epoch=1168 loss=0.00032082 recon=0.00007340 beh=6.192506 w=0.000 lr=6.210e-04 time=0.167s
[RQ-VAE] epoch=1169 loss=0.00032142 recon=0.00007334 beh=6.187933 w=0.000 lr=6.207e-04 time=0.165s
[RQ-VAE] epoch=1170 loss=0.00031987 recon=0.00007321 beh=6.198877 w=0.000 lr=6.203e-04 time=0.166s
[RQ-VAE] epoch=1171 loss=0.00031944 recon=0.00007334 beh=6.190489 w=0.000 lr=6.200e-04 time=0.166s
[RQ-VAE] epoch=1172 loss=0.00031997 recon=0.00007326 beh=6.196243 w=0.000 lr=6.197e-04 time=0.259s
[RQ-VAE] epoch=1173 loss=0.00031865 recon=0.00007326 beh=6.195254 w=0.000 lr=6.193e-04 time=0.166s
[RQ-VAE] epoch=1174 loss=0.00031864 recon=0.00007313 beh=6.191916 w=0.000 lr=6.190e-04 time=0.164s
[RQ-VAE] epoch=1175 loss=0.00031850 recon=0.00007324 beh=6.194571 w=0.000 lr=6.186e-04 time=0.166s
[RQ-VAE] epoch=1176 loss=0.00031775 recon=0.00007318 beh=6.193241 w=0.000 lr=6.183e-04 time=0.165s
[RQ-VAE] epoch=1177 loss=0.00031790 recon=0.00007314 beh=6.190910 w=0.000 lr=6.180e-04 time=0.165s
[RQ-VAE] epoch=1178 loss=0.00031803 recon=0.00007326 beh=6.192002 w=0.000 lr=6.176e-04 time=0.164s
[RQ-VAE] epoch=1179 loss=0.00032081 recon=0.00007331 beh=6.192401 w=0.000 lr=6.173e-04 time=0.166s
[RQ-VAE] epoch=1180 loss=0.00031813 recon=0.00007316 beh=6.190902 w=0.000 lr=6.169e-04 time=0.164s
[RQ-VAE] epoch=1181 loss=0.00031812 recon=0.00007306 beh=6.193945 w=0.000 lr=6.166e-04 time=0.166s
[RQ-VAE] epoch=1182 loss=0.00031949 recon=0.00007304 beh=6.191162 w=0.000 lr=6.163e-04 time=0.164s
[RQ-VAE] epoch=1183 loss=0.00031922 recon=0.00007306 beh=6.195761 w=0.000 lr=6.159e-04 time=0.167s
[RQ-VAE] epoch=1184 loss=0.00031854 recon=0.00007308 beh=6.191672 w=0.000 lr=6.156e-04 time=0.165s
[RQ-VAE] epoch=1185 loss=0.00032028 recon=0.00007330 beh=6.192405 w=0.000 lr=6.153e-04 time=0.166s
[RQ-VAE] epoch=1186 loss=0.00032194 recon=0.00007308 beh=6.194925 w=0.000 lr=6.149e-04 time=0.165s
[RQ-VAE] epoch=1187 loss=0.00032060 recon=0.00007312 beh=6.195643 w=0.000 lr=6.146e-04 time=0.26s
[RQ-VAE] epoch=1188 loss=0.00032095 recon=0.00007319 beh=6.191949 w=0.000 lr=6.142e-04 time=0.165s
[RQ-VAE] epoch=1189 loss=0.00032072 recon=0.00007318 beh=6.190216 w=0.000 lr=6.139e-04 time=0.166s
[RQ-VAE] epoch=1190 loss=0.00032049 recon=0.00007313 beh=6.194168 w=0.000 lr=6.136e-04 time=0.166s
[RQ-VAE] epoch=1191 loss=0.00032292 recon=0.00007313 beh=6.194864 w=0.000 lr=6.132e-04 time=0.166s
[RQ-VAE] epoch=1192 loss=0.00032370 recon=0.00007322 beh=6.191473 w=0.000 lr=6.129e-04 time=0.166s
[RQ-VAE] epoch=1193 loss=0.00032419 recon=0.00007324 beh=6.190465 w=0.000 lr=6.125e-04 time=0.166s
[RQ-VAE] epoch=1194 loss=0.00032449 recon=0.00007328 beh=6.192285 w=0.000 lr=6.122e-04 time=0.166s
[RQ-VAE] epoch=1195 loss=0.00032273 recon=0.00007316 beh=6.192352 w=0.000 lr=6.119e-04 time=0.166s
[RQ-VAE] epoch=1196 loss=0.00032421 recon=0.00007327 beh=6.191011 w=0.000 lr=6.115e-04 time=0.165s
[RQ-VAE] epoch=1197 loss=0.00032473 recon=0.00007321 beh=6.194981 w=0.000 lr=6.112e-04 time=0.166s
[RQ-VAE] epoch=1198 loss=0.00032380 recon=0.00007324 beh=6.193269 w=0.000 lr=6.108e-04 time=0.165s
[RQ-VAE] epoch=1199 loss=0.00032326 recon=0.00007308 beh=6.195010 w=0.000 lr=6.105e-04 time=0.166s
[RQ-VAE] epoch=1200 loss=0.00032235 recon=0.00007313 lr=6.102e-04 raw_unique=20287/24587 collision=0.174889 time=0.166s
[RQ-VAE] epoch=1201 loss=0.00032424 recon=0.00007327 beh=6.186196 w=0.000 lr=6.098e-04 time=0.167s
[RQ-VAE] epoch=1202 loss=0.00032167 recon=0.00007310 beh=6.192434 w=0.000 lr=6.095e-04 time=0.165s
[RQ-VAE] epoch=1203 loss=0.00032071 recon=0.00007324 beh=6.192547 w=0.000 lr=6.092e-04 time=0.259s
[RQ-VAE] epoch=1204 loss=0.00032297 recon=0.00007325 beh=6.190148 w=0.000 lr=6.088e-04 time=0.166s
[RQ-VAE] epoch=1205 loss=0.00032319 recon=0.00007315 beh=6.191711 w=0.000 lr=6.085e-04 time=0.166s
[RQ-VAE] epoch=1206 loss=0.00032158 recon=0.00007315 beh=6.194127 w=0.000 lr=6.081e-04 time=0.165s
[RQ-VAE] epoch=1207 loss=0.00032324 recon=0.00007312 beh=6.192271 w=0.000 lr=6.078e-04 time=0.166s
[RQ-VAE] epoch=1208 loss=0.00032257 recon=0.00007329 beh=6.190061 w=0.000 lr=6.075e-04 time=0.165s
[RQ-VAE] epoch=1209 loss=0.00032070 recon=0.00007307 beh=6.186683 w=0.000 lr=6.071e-04 time=0.166s
[RQ-VAE] epoch=1210 loss=0.00032052 recon=0.00007303 beh=6.193037 w=0.000 lr=6.068e-04 time=0.166s
[RQ-VAE] epoch=1211 loss=0.00032033 recon=0.00007304 beh=6.195483 w=0.000 lr=6.064e-04 time=0.166s
[RQ-VAE] epoch=1212 loss=0.00032085 recon=0.00007309 beh=6.190992 w=0.000 lr=6.061e-04 time=0.166s
[RQ-VAE] epoch=1213 loss=0.00032073 recon=0.00007314 beh=6.191235 w=0.000 lr=6.058e-04 time=0.165s
[RQ-VAE] epoch=1214 loss=0.00032060 recon=0.00007304 beh=6.196702 w=0.000 lr=6.054e-04 time=0.165s
[RQ-VAE] epoch=1215 loss=0.00032077 recon=0.00007312 beh=6.193490 w=0.000 lr=6.051e-04 time=0.166s
[RQ-VAE] epoch=1216 loss=0.00032078 recon=0.00007304 beh=6.195644 w=0.000 lr=6.047e-04 time=0.165s
[RQ-VAE] epoch=1217 loss=0.00031976 recon=0.00007310 beh=6.189847 w=0.000 lr=6.044e-04 time=0.165s
[RQ-VAE] epoch=1218 loss=0.00032094 recon=0.00007292 beh=6.191819 w=0.000 lr=6.041e-04 time=0.165s
[RQ-VAE] epoch=1219 loss=0.00032058 recon=0.00007277 beh=6.192895 w=0.000 lr=6.037e-04 time=0.26s
[RQ-VAE] epoch=1220 loss=0.00032106 recon=0.00007291 beh=6.190882 w=0.000 lr=6.034e-04 time=0.165s
[RQ-VAE] epoch=1221 loss=0.00032063 recon=0.00007283 beh=6.190104 w=0.000 lr=6.031e-04 time=0.165s
[RQ-VAE] epoch=1222 loss=0.00032173 recon=0.00007273 beh=6.190419 w=0.000 lr=6.027e-04 time=0.163s
[RQ-VAE] epoch=1223 loss=0.00032228 recon=0.00007279 beh=6.199653 w=0.000 lr=6.024e-04 time=0.166s
[RQ-VAE] epoch=1224 loss=0.00032065 recon=0.00007279 beh=6.186217 w=0.000 lr=6.020e-04 time=0.165s
[RQ-VAE] epoch=1225 loss=0.00032131 recon=0.00007284 beh=6.191339 w=0.000 lr=6.017e-04 time=0.166s
[RQ-VAE] epoch=1226 loss=0.00031935 recon=0.00007269 beh=6.191271 w=0.000 lr=6.014e-04 time=0.166s
[RQ-VAE] epoch=1227 loss=0.00032073 recon=0.00007290 beh=6.193567 w=0.000 lr=6.010e-04 time=0.166s
[RQ-VAE] epoch=1228 loss=0.00032304 recon=0.00007289 beh=6.193364 w=0.000 lr=6.007e-04 time=0.166s
[RQ-VAE] epoch=1229 loss=0.00032268 recon=0.00007259 beh=6.192352 w=0.000 lr=6.003e-04 time=0.166s
[RQ-VAE] epoch=1230 loss=0.00031968 recon=0.00007279 beh=6.189352 w=0.000 lr=6.000e-04 time=0.165s
[RQ-VAE] epoch=1231 loss=0.00032094 recon=0.00007287 beh=6.190227 w=0.000 lr=5.997e-04 time=0.166s
[RQ-VAE] epoch=1232 loss=0.00032189 recon=0.00007262 beh=6.195669 w=0.000 lr=5.993e-04 time=0.165s
[RQ-VAE] epoch=1233 loss=0.00032229 recon=0.00007268 beh=6.192168 w=0.000 lr=5.990e-04 time=0.167s
[RQ-VAE] epoch=1234 loss=0.00032129 recon=0.00007280 beh=6.193917 w=0.000 lr=5.986e-04 time=0.166s
[RQ-VAE] epoch=1235 loss=0.00032203 recon=0.00007274 beh=6.194435 w=0.000 lr=5.983e-04 time=0.259s
[RQ-VAE] epoch=1236 loss=0.00032054 recon=0.00007276 beh=6.195732 w=0.000 lr=5.980e-04 time=0.164s
[RQ-VAE] epoch=1237 loss=0.00032078 recon=0.00007257 beh=6.192904 w=0.000 lr=5.976e-04 time=0.166s
[RQ-VAE] epoch=1238 loss=0.00031988 recon=0.00007263 beh=6.188443 w=0.000 lr=5.973e-04 time=0.165s
[RQ-VAE] epoch=1239 loss=0.00032141 recon=0.00007277 beh=6.191833 w=0.000 lr=5.969e-04 time=0.164s
[RQ-VAE] epoch=1240 loss=0.00032049 recon=0.00007277 beh=6.193903 w=0.000 lr=5.966e-04 time=0.166s
[RQ-VAE] epoch=1241 loss=0.00031907 recon=0.00007268 beh=6.196229 w=0.000 lr=5.963e-04 time=0.166s
[RQ-VAE] epoch=1242 loss=0.00032143 recon=0.00007260 beh=6.186678 w=0.000 lr=5.959e-04 time=0.165s
[RQ-VAE] epoch=1243 loss=0.00032004 recon=0.00007266 beh=6.197435 w=0.000 lr=5.956e-04 time=0.166s
[RQ-VAE] epoch=1244 loss=0.00032002 recon=0.00007287 beh=6.194937 w=0.000 lr=5.953e-04 time=0.165s
[RQ-VAE] epoch=1245 loss=0.00032034 recon=0.00007269 beh=6.196592 w=0.000 lr=5.949e-04 time=0.166s
[RQ-VAE] epoch=1246 loss=0.00032098 recon=0.00007273 beh=6.191860 w=0.000 lr=5.946e-04 time=0.165s
[RQ-VAE] epoch=1247 loss=0.00032113 recon=0.00007265 beh=6.190045 w=0.000 lr=5.942e-04 time=0.166s
[RQ-VAE] epoch=1248 loss=0.00032003 recon=0.00007268 beh=6.195560 w=0.000 lr=5.939e-04 time=0.165s
[RQ-VAE] epoch=1249 loss=0.00032088 recon=0.00007261 beh=6.187704 w=0.000 lr=5.936e-04 time=0.166s
[RQ-VAE] epoch=1250 loss=0.00032030 recon=0.00007295 lr=5.932e-04 raw_unique=20377/24587 collision=0.171229 time=0.165s
[RQ-VAE] epoch=1251 loss=0.00032248 recon=0.00007280 beh=6.193396 w=0.000 lr=5.929e-04 time=0.258s
[RQ-VAE] epoch=1252 loss=0.00032189 recon=0.00007284 beh=6.192951 w=0.000 lr=5.925e-04 time=0.166s
[RQ-VAE] epoch=1253 loss=0.00032144 recon=0.00007290 beh=6.195616 w=0.000 lr=5.922e-04 time=0.165s
[RQ-VAE] epoch=1254 loss=0.00032237 recon=0.00007287 beh=6.194685 w=0.000 lr=5.919e-04 time=0.166s
[RQ-VAE] epoch=1255 loss=0.00032297 recon=0.00007276 beh=6.192960 w=0.000 lr=5.915e-04 time=0.167s
[RQ-VAE] epoch=1256 loss=0.00032203 recon=0.00007275 beh=6.197825 w=0.000 lr=5.912e-04 time=0.166s
[RQ-VAE] epoch=1257 loss=0.00032128 recon=0.00007280 beh=6.188869 w=0.000 lr=5.908e-04 time=0.167s
[RQ-VAE] epoch=1258 loss=0.00032299 recon=0.00007274 beh=6.195116 w=0.000 lr=5.905e-04 time=0.166s
[RQ-VAE] epoch=1259 loss=0.00032284 recon=0.00007275 beh=6.191411 w=0.000 lr=5.902e-04 time=0.167s
[RQ-VAE] epoch=1260 loss=0.00032165 recon=0.00007290 beh=6.195618 w=0.000 lr=5.898e-04 time=0.167s
[RQ-VAE] epoch=1261 loss=0.00032142 recon=0.00007268 beh=6.196138 w=0.000 lr=5.895e-04 time=0.167s
[RQ-VAE] epoch=1262 loss=0.00032104 recon=0.00007270 beh=6.192727 w=0.000 lr=5.892e-04 time=0.166s
[RQ-VAE] epoch=1263 loss=0.00032111 recon=0.00007271 beh=6.195743 w=0.000 lr=5.888e-04 time=0.167s
[RQ-VAE] epoch=1264 loss=0.00032213 recon=0.00007260 beh=6.194193 w=0.000 lr=5.885e-04 time=0.166s
[RQ-VAE] epoch=1265 loss=0.00031996 recon=0.00007263 beh=6.188869 w=0.000 lr=5.881e-04 time=0.167s
[RQ-VAE] epoch=1266 loss=0.00031970 recon=0.00007270 beh=6.191493 w=0.000 lr=5.878e-04 time=0.167s
[RQ-VAE] epoch=1267 loss=0.00031987 recon=0.00007266 beh=6.194255 w=0.000 lr=5.875e-04 time=0.259s
[RQ-VAE] epoch=1268 loss=0.00032048 recon=0.00007257 beh=6.194011 w=0.000 lr=5.871e-04 time=0.165s
[RQ-VAE] epoch=1269 loss=0.00032027 recon=0.00007271 beh=6.193246 w=0.000 lr=5.868e-04 time=0.164s
[RQ-VAE] epoch=1270 loss=0.00032135 recon=0.00007275 beh=6.190083 w=0.000 lr=5.864e-04 time=0.166s
[RQ-VAE] epoch=1271 loss=0.00032104 recon=0.00007278 beh=6.192216 w=0.000 lr=5.861e-04 time=0.165s
[RQ-VAE] epoch=1272 loss=0.00032125 recon=0.00007258 beh=6.192064 w=0.000 lr=5.858e-04 time=0.165s
[RQ-VAE] epoch=1273 loss=0.00032126 recon=0.00007263 beh=6.193367 w=0.000 lr=5.854e-04 time=0.165s
[RQ-VAE] epoch=1274 loss=0.00032216 recon=0.00007280 beh=6.192589 w=0.000 lr=5.851e-04 time=0.166s
[RQ-VAE] epoch=1275 loss=0.00032151 recon=0.00007249 beh=6.194953 w=0.000 lr=5.847e-04 time=0.167s
[RQ-VAE] epoch=1276 loss=0.00032167 recon=0.00007262 beh=6.191609 w=0.000 lr=5.844e-04 time=0.166s
[RQ-VAE] epoch=1277 loss=0.00032088 recon=0.00007281 beh=6.195805 w=0.000 lr=5.841e-04 time=0.165s
[RQ-VAE] epoch=1278 loss=0.00032236 recon=0.00007256 beh=6.195999 w=0.000 lr=5.837e-04 time=0.166s
[RQ-VAE] epoch=1279 loss=0.00032154 recon=0.00007247 beh=6.197682 w=0.000 lr=5.834e-04 time=0.166s
[RQ-VAE] epoch=1280 loss=0.00032046 recon=0.00007252 beh=6.193551 w=0.000 lr=5.831e-04 time=0.166s
[RQ-VAE] epoch=1281 loss=0.00032158 recon=0.00007280 beh=6.195286 w=0.000 lr=5.827e-04 time=0.166s
[RQ-VAE] epoch=1282 loss=0.00032209 recon=0.00007259 beh=6.194259 w=0.000 lr=5.824e-04 time=0.268s
[RQ-VAE] epoch=1283 loss=0.00032097 recon=0.00007260 beh=6.191761 w=0.000 lr=5.820e-04 time=0.165s
[RQ-VAE] epoch=1284 loss=0.00032044 recon=0.00007257 beh=6.188282 w=0.000 lr=5.817e-04 time=0.166s
[RQ-VAE] epoch=1285 loss=0.00032245 recon=0.00007257 beh=6.193853 w=0.000 lr=5.814e-04 time=0.166s
[RQ-VAE] epoch=1286 loss=0.00032132 recon=0.00007262 beh=6.194732 w=0.000 lr=5.810e-04 time=0.166s
[RQ-VAE] epoch=1287 loss=0.00032197 recon=0.00007250 beh=6.192118 w=0.000 lr=5.807e-04 time=0.166s
[RQ-VAE] epoch=1288 loss=0.00032457 recon=0.00007280 beh=6.189711 w=0.000 lr=5.803e-04 time=0.167s
[RQ-VAE] epoch=1289 loss=0.00032232 recon=0.00007270 beh=6.194269 w=0.000 lr=5.800e-04 time=0.165s
[RQ-VAE] epoch=1290 loss=0.00032245 recon=0.00007255 beh=6.194548 w=0.000 lr=5.797e-04 time=0.166s
[RQ-VAE] epoch=1291 loss=0.00032277 recon=0.00007256 beh=6.194303 w=0.000 lr=5.793e-04 time=0.166s
[RQ-VAE] epoch=1292 loss=0.00032265 recon=0.00007248 beh=6.191319 w=0.000 lr=5.790e-04 time=0.166s
[RQ-VAE] epoch=1293 loss=0.00032160 recon=0.00007272 beh=6.195670 w=0.000 lr=5.786e-04 time=0.165s
[RQ-VAE] epoch=1294 loss=0.00032100 recon=0.00007272 beh=6.192808 w=0.000 lr=5.783e-04 time=0.166s
[RQ-VAE] epoch=1295 loss=0.00032402 recon=0.00007267 beh=6.193415 w=0.000 lr=5.780e-04 time=0.166s
[RQ-VAE] epoch=1296 loss=0.00032489 recon=0.00007253 beh=6.188045 w=0.000 lr=5.776e-04 time=0.166s
[RQ-VAE] epoch=1297 loss=0.00032373 recon=0.00007269 beh=6.193218 w=0.000 lr=5.773e-04 time=0.166s
[RQ-VAE] epoch=1298 loss=0.00032383 recon=0.00007277 beh=6.194802 w=0.000 lr=5.769e-04 time=0.26s
[RQ-VAE] epoch=1299 loss=0.00032373 recon=0.00007249 beh=6.186604 w=0.000 lr=5.766e-04 time=0.166s
[RQ-VAE] epoch=1300 loss=0.00032268 recon=0.00007259 lr=5.763e-04 raw_unique=20343/24587 collision=0.172612 time=0.167s
[RQ-VAE] epoch=1301 loss=0.00032259 recon=0.00007254 beh=6.196241 w=0.000 lr=5.759e-04 time=0.165s
[RQ-VAE] epoch=1302 loss=0.00032391 recon=0.00007265 beh=6.195514 w=0.000 lr=5.756e-04 time=0.167s
[RQ-VAE] epoch=1303 loss=0.00032272 recon=0.00007259 beh=6.190941 w=0.000 lr=5.753e-04 time=0.166s
[RQ-VAE] epoch=1304 loss=0.00032313 recon=0.00007256 beh=6.194319 w=0.000 lr=5.749e-04 time=0.166s
[RQ-VAE] epoch=1305 loss=0.00032296 recon=0.00007258 beh=6.187531 w=0.000 lr=5.746e-04 time=0.165s
[RQ-VAE] epoch=1306 loss=0.00032380 recon=0.00007265 beh=6.194970 w=0.000 lr=5.742e-04 time=0.166s
[RQ-VAE] epoch=1307 loss=0.00032340 recon=0.00007244 beh=6.189316 w=0.000 lr=5.739e-04 time=0.165s
[RQ-VAE] epoch=1308 loss=0.00032188 recon=0.00007245 beh=6.195170 w=0.000 lr=5.736e-04 time=0.167s
[RQ-VAE] epoch=1309 loss=0.00031996 recon=0.00007236 beh=6.190663 w=0.000 lr=5.732e-04 time=0.166s
[RQ-VAE] epoch=1310 loss=0.00032076 recon=0.00007243 beh=6.190709 w=0.000 lr=5.729e-04 time=0.168s
[RQ-VAE] epoch=1311 loss=0.00031935 recon=0.00007225 beh=6.193845 w=0.000 lr=5.725e-04 time=0.166s
[RQ-VAE] epoch=1312 loss=0.00032024 recon=0.00007239 beh=6.196252 w=0.000 lr=5.722e-04 time=0.166s
[RQ-VAE] epoch=1313 loss=0.00032144 recon=0.00007240 beh=6.192724 w=0.000 lr=5.719e-04 time=0.167s
[RQ-VAE] epoch=1314 loss=0.00032155 recon=0.00007249 beh=6.190422 w=0.000 lr=5.715e-04 time=0.259s
[RQ-VAE] epoch=1315 loss=0.00032185 recon=0.00007243 beh=6.191455 w=0.000 lr=5.712e-04 time=0.165s
[RQ-VAE] epoch=1316 loss=0.00032085 recon=0.00007241 beh=6.191191 w=0.000 lr=5.708e-04 time=0.166s
[RQ-VAE] epoch=1317 loss=0.00032121 recon=0.00007247 beh=6.190762 w=0.000 lr=5.705e-04 time=0.166s
[RQ-VAE] epoch=1318 loss=0.00032117 recon=0.00007240 beh=6.190834 w=0.000 lr=5.702e-04 time=0.165s
[RQ-VAE] epoch=1319 loss=0.00032213 recon=0.00007246 beh=6.188919 w=0.000 lr=5.698e-04 time=0.166s
[RQ-VAE] epoch=1320 loss=0.00032221 recon=0.00007237 beh=6.190039 w=0.000 lr=5.695e-04 time=0.166s
[RQ-VAE] epoch=1321 loss=0.00032158 recon=0.00007225 beh=6.194796 w=0.000 lr=5.692e-04 time=0.166s
[RQ-VAE] epoch=1322 loss=0.00032410 recon=0.00007245 beh=6.188198 w=0.000 lr=5.688e-04 time=0.167s
[RQ-VAE] epoch=1323 loss=0.00032437 recon=0.00007228 beh=6.189505 w=0.000 lr=5.685e-04 time=0.166s
[RQ-VAE] epoch=1324 loss=0.00032366 recon=0.00007216 beh=6.194871 w=0.000 lr=5.681e-04 time=0.166s
[RQ-VAE] epoch=1325 loss=0.00032134 recon=0.00007211 beh=6.197524 w=0.000 lr=5.678e-04 time=0.165s
[RQ-VAE] epoch=1326 loss=0.00032200 recon=0.00007234 beh=6.189128 w=0.000 lr=5.675e-04 time=0.166s
[RQ-VAE] epoch=1327 loss=0.00032188 recon=0.00007215 beh=6.189986 w=0.000 lr=5.671e-04 time=0.167s
[RQ-VAE] epoch=1328 loss=0.00032114 recon=0.00007202 beh=6.190287 w=0.000 lr=5.668e-04 time=0.166s
[RQ-VAE] epoch=1329 loss=0.00031969 recon=0.00007215 beh=6.193167 w=0.000 lr=5.664e-04 time=0.166s
[RQ-VAE] epoch=1330 loss=0.00032041 recon=0.00007213 beh=6.191771 w=0.000 lr=5.661e-04 time=0.26s
[RQ-VAE] epoch=1331 loss=0.00032095 recon=0.00007213 beh=6.194434 w=0.000 lr=5.658e-04 time=0.166s
[RQ-VAE] epoch=1332 loss=0.00032073 recon=0.00007237 beh=6.196028 w=0.000 lr=5.654e-04 time=0.167s
[RQ-VAE] epoch=1333 loss=0.00032010 recon=0.00007241 beh=6.196906 w=0.000 lr=5.651e-04 time=0.165s
[RQ-VAE] epoch=1334 loss=0.00032013 recon=0.00007198 beh=6.191889 w=0.000 lr=5.647e-04 time=0.167s
[RQ-VAE] epoch=1335 loss=0.00032080 recon=0.00007213 beh=6.192144 w=0.000 lr=5.644e-04 time=0.165s
[RQ-VAE] epoch=1336 loss=0.00031972 recon=0.00007211 beh=6.194657 w=0.000 lr=5.641e-04 time=0.167s
[RQ-VAE] epoch=1337 loss=0.00031899 recon=0.00007189 beh=6.191624 w=0.000 lr=5.637e-04 time=0.166s
[RQ-VAE] epoch=1338 loss=0.00031912 recon=0.00007185 beh=6.192724 w=0.000 lr=5.634e-04 time=0.167s
[RQ-VAE] epoch=1339 loss=0.00031982 recon=0.00007207 beh=6.194871 w=0.000 lr=5.631e-04 time=0.166s
[RQ-VAE] epoch=1340 loss=0.00031880 recon=0.00007195 beh=6.191834 w=0.000 lr=5.627e-04 time=0.167s
[RQ-VAE] epoch=1341 loss=0.00031881 recon=0.00007202 beh=6.189872 w=0.000 lr=5.624e-04 time=0.165s
[RQ-VAE] epoch=1342 loss=0.00031970 recon=0.00007188 beh=6.193856 w=0.000 lr=5.620e-04 time=0.167s
[RQ-VAE] epoch=1343 loss=0.00031677 recon=0.00007192 beh=6.193902 w=0.000 lr=5.617e-04 time=0.165s
[RQ-VAE] epoch=1344 loss=0.00031729 recon=0.00007208 beh=6.194268 w=0.000 lr=5.614e-04 time=0.167s
[RQ-VAE] epoch=1345 loss=0.00031873 recon=0.00007201 beh=6.198497 w=0.000 lr=5.610e-04 time=0.166s
[RQ-VAE] epoch=1346 loss=0.00031833 recon=0.00007193 beh=6.192391 w=0.000 lr=5.607e-04 time=0.268s
[RQ-VAE] epoch=1347 loss=0.00031860 recon=0.00007192 beh=6.194306 w=0.000 lr=5.603e-04 time=0.166s
[RQ-VAE] epoch=1348 loss=0.00031755 recon=0.00007201 beh=6.193491 w=0.000 lr=5.600e-04 time=0.166s
[RQ-VAE] epoch=1349 loss=0.00031929 recon=0.00007197 beh=6.187618 w=0.000 lr=5.597e-04 time=0.167s
[RQ-VAE] epoch=1350 loss=0.00031934 recon=0.00007208 lr=5.593e-04 raw_unique=20349/24587 collision=0.172368 time=0.166s
[RQ-VAE] epoch=1351 loss=0.00031841 recon=0.00007205 beh=6.197280 w=0.000 lr=5.590e-04 time=0.167s
[RQ-VAE] epoch=1352 loss=0.00031715 recon=0.00007195 beh=6.188454 w=0.000 lr=5.586e-04 time=0.166s
[RQ-VAE] epoch=1353 loss=0.00031913 recon=0.00007182 beh=6.191973 w=0.000 lr=5.583e-04 time=0.166s
[RQ-VAE] epoch=1354 loss=0.00031662 recon=0.00007192 beh=6.194954 w=0.000 lr=5.580e-04 time=0.166s
[RQ-VAE] epoch=1355 loss=0.00031831 recon=0.00007192 beh=6.195283 w=0.000 lr=5.576e-04 time=0.167s
[RQ-VAE] epoch=1356 loss=0.00031958 recon=0.00007199 beh=6.194508 w=0.000 lr=5.573e-04 time=0.167s
[RQ-VAE] epoch=1357 loss=0.00031917 recon=0.00007185 beh=6.195888 w=0.000 lr=5.569e-04 time=0.166s
[RQ-VAE] epoch=1358 loss=0.00031872 recon=0.00007191 beh=6.193372 w=0.000 lr=5.566e-04 time=0.167s
[RQ-VAE] epoch=1359 loss=0.00032037 recon=0.00007177 beh=6.200246 w=0.000 lr=5.563e-04 time=0.166s
[RQ-VAE] epoch=1360 loss=0.00032056 recon=0.00007184 beh=6.190045 w=0.000 lr=5.559e-04 time=0.166s
[RQ-VAE] epoch=1361 loss=0.00031997 recon=0.00007195 beh=6.191378 w=0.000 lr=5.556e-04 time=0.167s
[RQ-VAE] epoch=1362 loss=0.00031867 recon=0.00007190 beh=6.197367 w=0.000 lr=5.553e-04 time=0.259s
[RQ-VAE] epoch=1363 loss=0.00031893 recon=0.00007184 beh=6.193249 w=0.000 lr=5.549e-04 time=0.165s
[RQ-VAE] epoch=1364 loss=0.00031971 recon=0.00007180 beh=6.193621 w=0.000 lr=5.546e-04 time=0.164s
[RQ-VAE] epoch=1365 loss=0.00032143 recon=0.00007171 beh=6.194746 w=0.000 lr=5.542e-04 time=0.166s
[RQ-VAE] epoch=1366 loss=0.00032059 recon=0.00007188 beh=6.195228 w=0.000 lr=5.539e-04 time=0.167s
[RQ-VAE] epoch=1367 loss=0.00031857 recon=0.00007189 beh=6.192098 w=0.000 lr=5.536e-04 time=0.166s
[RQ-VAE] epoch=1368 loss=0.00031933 recon=0.00007183 beh=6.196594 w=0.000 lr=5.532e-04 time=0.166s
[RQ-VAE] epoch=1369 loss=0.00032109 recon=0.00007185 beh=6.190157 w=0.000 lr=5.529e-04 time=0.166s
[RQ-VAE] epoch=1370 loss=0.00031957 recon=0.00007176 beh=6.192588 w=0.000 lr=5.525e-04 time=0.165s
[RQ-VAE] epoch=1371 loss=0.00031975 recon=0.00007184 beh=6.190248 w=0.000 lr=5.522e-04 time=0.166s
[RQ-VAE] epoch=1372 loss=0.00032029 recon=0.00007189 beh=6.192490 w=0.000 lr=5.519e-04 time=0.165s
[RQ-VAE] epoch=1373 loss=0.00032054 recon=0.00007179 beh=6.189746 w=0.000 lr=5.515e-04 time=0.166s
[RQ-VAE] epoch=1374 loss=0.00032082 recon=0.00007175 beh=6.196738 w=0.000 lr=5.512e-04 time=0.166s
[RQ-VAE] epoch=1375 loss=0.00032201 recon=0.00007174 beh=6.192116 w=0.000 lr=5.508e-04 time=0.167s
[RQ-VAE] epoch=1376 loss=0.00032107 recon=0.00007192 beh=6.191090 w=0.000 lr=5.505e-04 time=0.166s
[RQ-VAE] epoch=1377 loss=0.00032038 recon=0.00007171 beh=6.194381 w=0.000 lr=5.502e-04 time=0.268s
[RQ-VAE] epoch=1378 loss=0.00032032 recon=0.00007187 beh=6.194300 w=0.000 lr=5.498e-04 time=0.164s
[RQ-VAE] epoch=1379 loss=0.00032190 recon=0.00007208 beh=6.191588 w=0.000 lr=5.495e-04 time=0.172s
[RQ-VAE] epoch=1380 loss=0.00032165 recon=0.00007182 beh=6.192364 w=0.000 lr=5.492e-04 time=0.171s
[RQ-VAE] epoch=1381 loss=0.00032293 recon=0.00007172 beh=6.193891 w=0.000 lr=5.488e-04 time=0.172s
[RQ-VAE] epoch=1382 loss=0.00032344 recon=0.00007185 beh=6.188605 w=0.000 lr=5.485e-04 time=0.165s
[RQ-VAE] epoch=1383 loss=0.00032365 recon=0.00007172 beh=6.195740 w=0.000 lr=5.481e-04 time=0.166s
[RQ-VAE] epoch=1384 loss=0.00032244 recon=0.00007169 beh=6.189002 w=0.000 lr=5.478e-04 time=0.164s
[RQ-VAE] epoch=1385 loss=0.00032058 recon=0.00007177 beh=6.193301 w=0.000 lr=5.475e-04 time=0.168s
[RQ-VAE] epoch=1386 loss=0.00032246 recon=0.00007192 beh=6.192430 w=0.000 lr=5.471e-04 time=0.166s
[RQ-VAE] epoch=1387 loss=0.00032325 recon=0.00007202 beh=6.191623 w=0.000 lr=5.468e-04 time=0.166s
[RQ-VAE] epoch=1388 loss=0.00032450 recon=0.00007179 beh=6.190594 w=0.000 lr=5.464e-04 time=0.166s
[RQ-VAE] epoch=1389 loss=0.00032264 recon=0.00007185 beh=6.189010 w=0.000 lr=5.461e-04 time=0.165s
[RQ-VAE] epoch=1390 loss=0.00032481 recon=0.00007188 beh=6.194730 w=0.000 lr=5.458e-04 time=0.165s
[RQ-VAE] epoch=1391 loss=0.00032259 recon=0.00007165 beh=6.191299 w=0.000 lr=5.454e-04 time=0.165s
[RQ-VAE] epoch=1392 loss=0.00032203 recon=0.00007185 beh=6.191834 w=0.000 lr=5.451e-04 time=0.171s
[RQ-VAE] epoch=1393 loss=0.00032285 recon=0.00007179 beh=6.192465 w=0.000 lr=5.447e-04 time=0.258s
[RQ-VAE] epoch=1394 loss=0.00032218 recon=0.00007193 beh=6.194264 w=0.000 lr=5.444e-04 time=0.165s
[RQ-VAE] epoch=1395 loss=0.00032303 recon=0.00007182 beh=6.191914 w=0.000 lr=5.441e-04 time=0.166s
[RQ-VAE] epoch=1396 loss=0.00032403 recon=0.00007181 beh=6.194015 w=0.000 lr=5.437e-04 time=0.166s
[RQ-VAE] epoch=1397 loss=0.00032287 recon=0.00007175 beh=6.195995 w=0.000 lr=5.434e-04 time=0.166s
[RQ-VAE] epoch=1398 loss=0.00032105 recon=0.00007178 beh=6.190439 w=0.000 lr=5.431e-04 time=0.165s
[RQ-VAE] epoch=1399 loss=0.00032164 recon=0.00007159 beh=6.194917 w=0.000 lr=5.427e-04 time=0.165s
[RQ-VAE] epoch=1400 loss=0.00032334 recon=0.00007171 lr=5.424e-04 raw_unique=20325/24587 collision=0.173344 time=0.166s
[RQ-VAE] epoch=1401 loss=0.00032247 recon=0.00007177 beh=6.198386 w=0.000 lr=5.420e-04 time=0.167s
[RQ-VAE] epoch=1402 loss=0.00032144 recon=0.00007182 beh=6.193415 w=0.000 lr=5.417e-04 time=0.166s
[RQ-VAE] epoch=1403 loss=0.00032061 recon=0.00007170 beh=6.191830 w=0.000 lr=5.414e-04 time=0.167s
[RQ-VAE] epoch=1404 loss=0.00032065 recon=0.00007180 beh=6.193743 w=0.000 lr=5.410e-04 time=0.166s
[RQ-VAE] epoch=1405 loss=0.00032121 recon=0.00007174 beh=6.191154 w=0.000 lr=5.407e-04 time=0.166s
[RQ-VAE] epoch=1406 loss=0.00032277 recon=0.00007153 beh=6.192841 w=0.000 lr=5.403e-04 time=0.165s
[RQ-VAE] epoch=1407 loss=0.00032183 recon=0.00007165 beh=6.191428 w=0.000 lr=5.400e-04 time=0.167s
[RQ-VAE] epoch=1408 loss=0.00032123 recon=0.00007173 beh=6.194792 w=0.000 lr=5.397e-04 time=0.168s
[RQ-VAE] epoch=1409 loss=0.00032313 recon=0.00007195 beh=6.193650 w=0.000 lr=5.393e-04 time=0.26s
[RQ-VAE] epoch=1410 loss=0.00032369 recon=0.00007172 beh=6.192972 w=0.000 lr=5.390e-04 time=0.166s
[RQ-VAE] epoch=1411 loss=0.00032245 recon=0.00007179 beh=6.195492 w=0.000 lr=5.386e-04 time=0.165s
[RQ-VAE] epoch=1412 loss=0.00032475 recon=0.00007170 beh=6.190325 w=0.000 lr=5.383e-04 time=0.166s
[RQ-VAE] epoch=1413 loss=0.00032364 recon=0.00007175 beh=6.195125 w=0.000 lr=5.380e-04 time=0.167s
[RQ-VAE] epoch=1414 loss=0.00032124 recon=0.00007180 beh=6.198810 w=0.000 lr=5.376e-04 time=0.165s
[RQ-VAE] epoch=1415 loss=0.00032248 recon=0.00007176 beh=6.195128 w=0.000 lr=5.373e-04 time=0.166s
[RQ-VAE] epoch=1416 loss=0.00032368 recon=0.00007177 beh=6.195780 w=0.000 lr=5.369e-04 time=0.165s
[RQ-VAE] epoch=1417 loss=0.00032311 recon=0.00007169 beh=6.192158 w=0.000 lr=5.366e-04 time=0.169s
[RQ-VAE] epoch=1418 loss=0.00032245 recon=0.00007165 beh=6.189575 w=0.000 lr=5.363e-04 time=0.171s
[RQ-VAE] epoch=1419 loss=0.00032285 recon=0.00007164 beh=6.195623 w=0.000 lr=5.359e-04 time=0.17s
[RQ-VAE] epoch=1420 loss=0.00032517 recon=0.00007160 beh=6.196711 w=0.000 lr=5.356e-04 time=0.169s
[RQ-VAE] epoch=1421 loss=0.00032303 recon=0.00007176 beh=6.188958 w=0.000 lr=5.353e-04 time=0.172s
[RQ-VAE] epoch=1422 loss=0.00032213 recon=0.00007180 beh=6.192867 w=0.000 lr=5.349e-04 time=0.17s
[RQ-VAE] epoch=1423 loss=0.00032230 recon=0.00007172 beh=6.194188 w=0.000 lr=5.346e-04 time=0.171s
[RQ-VAE] epoch=1424 loss=0.00032308 recon=0.00007175 beh=6.193151 w=0.000 lr=5.342e-04 time=0.17s
[RQ-VAE] epoch=1425 loss=0.00032203 recon=0.00007167 beh=6.194512 w=0.000 lr=5.339e-04 time=0.272s
[RQ-VAE] epoch=1426 loss=0.00032076 recon=0.00007164 beh=6.191926 w=0.000 lr=5.336e-04 time=0.164s
[RQ-VAE] epoch=1427 loss=0.00032099 recon=0.00007172 beh=6.194763 w=0.000 lr=5.332e-04 time=0.165s
[RQ-VAE] epoch=1428 loss=0.00032045 recon=0.00007169 beh=6.188926 w=0.000 lr=5.329e-04 time=0.165s
[RQ-VAE] epoch=1429 loss=0.00032082 recon=0.00007170 beh=6.197876 w=0.000 lr=5.325e-04 time=0.166s
[RQ-VAE] epoch=1430 loss=0.00032161 recon=0.00007166 beh=6.192511 w=0.000 lr=5.322e-04 time=0.165s
[RQ-VAE] epoch=1431 loss=0.00032100 recon=0.00007165 beh=6.187929 w=0.000 lr=5.319e-04 time=0.166s
[RQ-VAE] epoch=1432 loss=0.00031970 recon=0.00007178 beh=6.197040 w=0.000 lr=5.315e-04 time=0.165s
[RQ-VAE] epoch=1433 loss=0.00032019 recon=0.00007160 beh=6.190206 w=0.000 lr=5.312e-04 time=0.166s
[RQ-VAE] epoch=1434 loss=0.00032093 recon=0.00007178 beh=6.196627 w=0.000 lr=5.308e-04 time=0.166s
[RQ-VAE] epoch=1435 loss=0.00032123 recon=0.00007164 beh=6.189390 w=0.000 lr=5.305e-04 time=0.168s
[RQ-VAE] epoch=1436 loss=0.00032156 recon=0.00007171 beh=6.195229 w=0.000 lr=5.302e-04 time=0.165s
[RQ-VAE] epoch=1437 loss=0.00032033 recon=0.00007170 beh=6.193035 w=0.000 lr=5.298e-04 time=0.166s
[RQ-VAE] epoch=1438 loss=0.00032137 recon=0.00007148 beh=6.191653 w=0.000 lr=5.295e-04 time=0.165s
[RQ-VAE] epoch=1439 loss=0.00032120 recon=0.00007159 beh=6.196481 w=0.000 lr=5.292e-04 time=0.167s
[RQ-VAE] epoch=1440 loss=0.00032006 recon=0.00007154 beh=6.196997 w=0.000 lr=5.288e-04 time=0.165s
[RQ-VAE] epoch=1441 loss=0.00031961 recon=0.00007172 beh=6.191041 w=0.000 lr=5.285e-04 time=0.268s
[RQ-VAE] epoch=1442 loss=0.00032252 recon=0.00007187 beh=6.194001 w=0.000 lr=5.281e-04 time=0.166s
[RQ-VAE] epoch=1443 loss=0.00032106 recon=0.00007152 beh=6.196416 w=0.000 lr=5.278e-04 time=0.165s
[RQ-VAE] epoch=1444 loss=0.00032060 recon=0.00007145 beh=6.194061 w=0.000 lr=5.275e-04 time=0.165s
[RQ-VAE] epoch=1445 loss=0.00032150 recon=0.00007164 beh=6.191957 w=0.000 lr=5.271e-04 time=0.166s
[RQ-VAE] epoch=1446 loss=0.00032141 recon=0.00007163 beh=6.189414 w=0.000 lr=5.268e-04 time=0.166s
[RQ-VAE] epoch=1447 loss=0.00031998 recon=0.00007150 beh=6.192942 w=0.000 lr=5.264e-04 time=0.166s
[RQ-VAE] epoch=1448 loss=0.00031949 recon=0.00007144 beh=6.189800 w=0.000 lr=5.261e-04 time=0.166s
[RQ-VAE] epoch=1449 loss=0.00031870 recon=0.00007139 beh=6.192867 w=0.000 lr=5.258e-04 time=0.167s
[RQ-VAE] epoch=1450 loss=0.00031996 recon=0.00007139 lr=5.254e-04 raw_unique=20364/24587 collision=0.171757 time=0.166s
[RQ-VAE] epoch=1451 loss=0.00032117 recon=0.00007147 beh=6.194253 w=0.000 lr=5.251e-04 time=0.167s
[RQ-VAE] epoch=1452 loss=0.00032058 recon=0.00007151 beh=6.196002 w=0.000 lr=5.247e-04 time=0.166s
[RQ-VAE] epoch=1453 loss=0.00031935 recon=0.00007152 beh=6.190324 w=0.000 lr=5.244e-04 time=0.166s
[RQ-VAE] epoch=1454 loss=0.00032093 recon=0.00007140 beh=6.193579 w=0.000 lr=5.241e-04 time=0.166s
[RQ-VAE] epoch=1455 loss=0.00032225 recon=0.00007152 beh=6.190507 w=0.000 lr=5.237e-04 time=0.166s
[RQ-VAE] epoch=1456 loss=0.00032148 recon=0.00007150 beh=6.198274 w=0.000 lr=5.234e-04 time=0.167s
[RQ-VAE] epoch=1457 loss=0.00032074 recon=0.00007153 beh=6.195126 w=0.000 lr=5.231e-04 time=0.259s
[RQ-VAE] epoch=1458 loss=0.00032079 recon=0.00007124 beh=6.191014 w=0.000 lr=5.227e-04 time=0.165s
[RQ-VAE] epoch=1459 loss=0.00032039 recon=0.00007137 beh=6.192028 w=0.000 lr=5.224e-04 time=0.165s
[RQ-VAE] epoch=1460 loss=0.00032150 recon=0.00007139 beh=6.196947 w=0.000 lr=5.220e-04 time=0.165s
[RQ-VAE] epoch=1461 loss=0.00032008 recon=0.00007138 beh=6.195206 w=0.000 lr=5.217e-04 time=0.166s
[RQ-VAE] epoch=1462 loss=0.00031971 recon=0.00007134 beh=6.189136 w=0.000 lr=5.214e-04 time=0.166s
[RQ-VAE] epoch=1463 loss=0.00032063 recon=0.00007140 beh=6.195134 w=0.000 lr=5.210e-04 time=0.166s
[RQ-VAE] epoch=1464 loss=0.00032065 recon=0.00007144 beh=6.193748 w=0.000 lr=5.207e-04 time=0.166s
[RQ-VAE] epoch=1465 loss=0.00032216 recon=0.00007144 beh=6.192561 w=0.000 lr=5.203e-04 time=0.165s
[RQ-VAE] epoch=1466 loss=0.00032109 recon=0.00007120 beh=6.193257 w=0.000 lr=5.200e-04 time=0.165s
[RQ-VAE] epoch=1467 loss=0.00032044 recon=0.00007140 beh=6.194805 w=0.000 lr=5.197e-04 time=0.165s
[RQ-VAE] epoch=1468 loss=0.00032071 recon=0.00007140 beh=6.193342 w=0.000 lr=5.193e-04 time=0.165s
[RQ-VAE] epoch=1469 loss=0.00032126 recon=0.00007137 beh=6.191998 w=0.000 lr=5.190e-04 time=0.166s
[RQ-VAE] epoch=1470 loss=0.00032165 recon=0.00007123 beh=6.195276 w=0.000 lr=5.186e-04 time=0.165s
[RQ-VAE] epoch=1471 loss=0.00032041 recon=0.00007127 beh=6.189409 w=0.000 lr=5.183e-04 time=0.166s
[RQ-VAE] epoch=1472 loss=0.00031952 recon=0.00007147 beh=6.191702 w=0.000 lr=5.180e-04 time=0.26s
[RQ-VAE] epoch=1473 loss=0.00032033 recon=0.00007131 beh=6.188956 w=0.000 lr=5.176e-04 time=0.164s
[RQ-VAE] epoch=1474 loss=0.00032059 recon=0.00007125 beh=6.190186 w=0.000 lr=5.173e-04 time=0.166s
[RQ-VAE] epoch=1475 loss=0.00032237 recon=0.00007122 beh=6.189478 w=0.000 lr=5.169e-04 time=0.165s
[RQ-VAE] epoch=1476 loss=0.00032069 recon=0.00007126 beh=6.192881 w=0.000 lr=5.166e-04 time=0.165s
[RQ-VAE] epoch=1477 loss=0.00032002 recon=0.00007117 beh=6.197212 w=0.000 lr=5.163e-04 time=0.166s
[RQ-VAE] epoch=1478 loss=0.00032043 recon=0.00007126 beh=6.196043 w=0.000 lr=5.159e-04 time=0.166s
[RQ-VAE] epoch=1479 loss=0.00032130 recon=0.00007119 beh=6.196908 w=0.000 lr=5.156e-04 time=0.166s
[RQ-VAE] epoch=1480 loss=0.00032204 recon=0.00007108 beh=6.191478 w=0.000 lr=5.153e-04 time=0.166s
[RQ-VAE] epoch=1481 loss=0.00032117 recon=0.00007135 beh=6.195836 w=0.000 lr=5.149e-04 time=0.166s
[RQ-VAE] epoch=1482 loss=0.00032109 recon=0.00007122 beh=6.192116 w=0.000 lr=5.146e-04 time=0.166s
[RQ-VAE] epoch=1483 loss=0.00032057 recon=0.00007123 beh=6.192425 w=0.000 lr=5.142e-04 time=0.165s
[RQ-VAE] epoch=1484 loss=0.00032161 recon=0.00007137 beh=6.191448 w=0.000 lr=5.139e-04 time=0.166s
[RQ-VAE] epoch=1485 loss=0.00032119 recon=0.00007119 beh=6.195174 w=0.000 lr=5.136e-04 time=0.165s
[RQ-VAE] epoch=1486 loss=0.00032040 recon=0.00007121 beh=6.195436 w=0.000 lr=5.132e-04 time=0.166s
[RQ-VAE] epoch=1487 loss=0.00032045 recon=0.00007113 beh=6.195940 w=0.000 lr=5.129e-04 time=0.165s
[RQ-VAE] epoch=1488 loss=0.00031891 recon=0.00007126 beh=6.193307 w=0.000 lr=5.125e-04 time=0.269s
[RQ-VAE] epoch=1489 loss=0.00031934 recon=0.00007120 beh=6.195967 w=0.000 lr=5.122e-04 time=0.166s
[RQ-VAE] epoch=1490 loss=0.00031957 recon=0.00007112 beh=6.193958 w=0.000 lr=5.119e-04 time=0.165s
[RQ-VAE] epoch=1491 loss=0.00031845 recon=0.00007109 beh=6.190621 w=0.000 lr=5.115e-04 time=0.166s
[RQ-VAE] epoch=1492 loss=0.00031893 recon=0.00007108 beh=6.193120 w=0.000 lr=5.112e-04 time=0.166s
[RQ-VAE] epoch=1493 loss=0.00031879 recon=0.00007112 beh=6.190167 w=0.000 lr=5.108e-04 time=0.166s
[RQ-VAE] epoch=1494 loss=0.00031903 recon=0.00007123 beh=6.195498 w=0.000 lr=5.105e-04 time=0.165s
[RQ-VAE] epoch=1495 loss=0.00031989 recon=0.00007116 beh=6.190711 w=0.000 lr=5.102e-04 time=0.165s
[RQ-VAE] epoch=1496 loss=0.00032021 recon=0.00007121 beh=6.191325 w=0.000 lr=5.098e-04 time=0.165s
[RQ-VAE] epoch=1497 loss=0.00031857 recon=0.00007110 beh=6.193724 w=0.000 lr=5.095e-04 time=0.166s
[RQ-VAE] epoch=1498 loss=0.00031749 recon=0.00007110 beh=6.193594 w=0.000 lr=5.092e-04 time=0.166s
[RQ-VAE] epoch=1499 loss=0.00031934 recon=0.00007117 beh=6.193095 w=0.000 lr=5.088e-04 time=0.166s
[RQ-VAE] epoch=1500 loss=0.00032096 recon=0.00007103 lr=5.085e-04 raw_unique=20253/24587 collision=0.176272 time=0.166s
/home/wlia0047/ar57_scratch/wenyu/genrec_env_v2/lib64/python3.9/site-packages/torch/functional.py:1510: UserWarning: Deterministic behavior was enabled with either `torch.use_deterministic_algorithms(True)` or `at::Context::setDeterministicAlgorithms(true)`, but this operation is not deterministic because it uses CuBLAS and you have CUDA >= 10.2. To enable deterministic behavior in this case, you must set an environment variable before running your PyTorch application: CUBLAS_WORKSPACE_CONFIG=:4096:8 or CUBLAS_WORKSPACE_CONFIG=:16:8. For more information, go to https://docs.nvidia.com/cuda/cublas/index.html#results-reproducibility (Triggered internally at /pytorch/aten/src/ATen/Context.cpp:233.)
  return _VF.cdist(x1, x2, p, None)  # type: ignore[attr-defined]
/home/wlia0047/ar57_scratch/wenyu/genrec_env_v2/lib64/python3.9/site-packages/torch/functional.py:1510: UserWarning: Deterministic behavior was enabled with either `torch.use_deterministic_algorithms(True)` or `at::Context::setDeterministicAlgorithms(true)`, but this operation is not deterministic because it uses CuBLAS and you have CUDA >= 10.2. To enable deterministic behavior in this case, you must set an environment variable before running your PyTorch application: CUBLAS_WORKSPACE_CONFIG=:4096:8 or CUBLAS_WORKSPACE_CONFIG=:16:8. For more information, go to https://docs.nvidia.com/cuda/cublas/index.html#results-reproducibility (Triggered internally at /pytorch/aten/src/ATen/Context.cpp:233.)
  return _VF.cdist(x1, x2, p, None)  # type: ignore[attr-defined]
/home/wlia0047/ar57_scratch/wenyu/genrec_env_v2/lib64/python3.9/site-packages/torch/functional.py:1510: UserWarning: Deterministic behavior was enabled with either `torch.use_deterministic_algorithms(True)` or `at::Context::setDeterministicAlgorithms(true)`, but this operation is not deterministic because it uses CuBLAS and you have CUDA >= 10.2. To enable deterministic behavior in this case, you must set an environment variable before running your PyTorch application: CUBLAS_WORKSPACE_CONFIG=:4096:8 or CUBLAS_WORKSPACE_CONFIG=:16:8. For more information, go to https://docs.nvidia.com/cuda/cublas/index.html#results-reproducibility (Triggered internally at /pytorch/aten/src/ATen/Context.cpp:233.)
  return _VF.cdist(x1, x2, p, None)  # type: ignore[attr-defined]
/home/wlia0047/ar57_scratch/wenyu/genrec_env_v2/lib64/python3.9/site-packages/torch/functional.py:1510: UserWarning: Deterministic behavior was enabled with either `torch.use_deterministic_algorithms(True)` or `at::Context::setDeterministicAlgorithms(true)`, but this operation is not deterministic because it uses CuBLAS and you have CUDA >= 10.2. To enable deterministic behavior in this case, you must set an environment variable before running your PyTorch application: CUBLAS_WORKSPACE_CONFIG=:4096:8 or CUBLAS_WORKSPACE_CONFIG=:16:8. For more information, go to https://docs.nvidia.com/cuda/cublas/index.html#results-reproducibility (Triggered internally at /pytorch/aten/src/ATen/Context.cpp:233.)
  return _VF.cdist(x1, x2, p, None)  # type: ignore[attr-defined]
/fs04/ar57/wenyu/GeneRec/stage2_RQ-VAE/TIGER_FORK_RQ-VAE/train_rqvae.py:723: UserWarning: Deterministic behavior was enabled with either `torch.use_deterministic_algorithms(True)` or `at::Context::setDeterministicAlgorithms(true)`, but this operation is not deterministic because it uses CuBLAS and you have CUDA >= 10.2. To enable deterministic behavior in this case, you must set an environment variable before running your PyTorch application: CUBLAS_WORKSPACE_CONFIG=:4096:8 or CUBLAS_WORKSPACE_CONFIG=:16:8. For more information, go to https://docs.nvidia.com/cuda/cublas/index.html#results-reproducibility (Triggered internally at /pytorch/aten/src/ATen/Context.cpp:233.)
  - 2 * x @ codebook.t()
/fs04/ar57/wenyu/GeneRec/stage2_RQ-VAE/TIGER_FORK_RQ-VAE/train_rqvae.py:723: UserWarning: Deterministic behavior was enabled with either `torch.use_deterministic_algorithms(True)` or `at::Context::setDeterministicAlgorithms(true)`, but this operation is not deterministic because it uses CuBLAS and you have CUDA >= 10.2. To enable deterministic behavior in this case, you must set an environment variable before running your PyTorch application: CUBLAS_WORKSPACE_CONFIG=:4096:8 or CUBLAS_WORKSPACE_CONFIG=:16:8. For more information, go to https://docs.nvidia.com/cuda/cublas/index.html#results-reproducibility (Triggered internally at /pytorch/aten/src/ATen/Context.cpp:233.)
  - 2 * x @ codebook.t()
/fs04/ar57/wenyu/GeneRec/stage2_RQ-VAE/TIGER_FORK_RQ-VAE/train_rqvae.py:723: UserWarning: Deterministic behavior was enabled with either `torch.use_deterministic_algorithms(True)` or `at::Context::setDeterministicAlgorithms(true)`, but this operation is not deterministic because it uses CuBLAS and you have CUDA >= 10.2. To enable deterministic behavior in this case, you must set an environment variable before running your PyTorch application: CUBLAS_WORKSPACE_CONFIG=:4096:8 or CUBLAS_WORKSPACE_CONFIG=:16:8. For more information, go to https://docs.nvidia.com/cuda/cublas/index.html#results-reproducibility (Triggered internally at /pytorch/aten/src/ATen/Context.cpp:233.)
  - 2 * x @ codebook.t()
/fs04/ar57/wenyu/GeneRec/stage2_RQ-VAE/TIGER_FORK_RQ-VAE/train_rqvae.py:723: UserWarning: Deterministic behavior was enabled with either `torch.use_deterministic_algorithms(True)` or `at::Context::setDeterministicAlgorithms(true)`, but this operation is not deterministic because it uses CuBLAS and you have CUDA >= 10.2. To enable deterministic behavior in this case, you must set an environment variable before running your PyTorch application: CUBLAS_WORKSPACE_CONFIG=:4096:8 or CUBLAS_WORKSPACE_CONFIG=:16:8. For more information, go to https://docs.nvidia.com/cuda/cublas/index.html#results-reproducibility (Triggered internally at /pytorch/aten/src/ATen/Context.cpp:233.)
  - 2 * x @ codebook.t()
[RQ-VAE] epoch=1501 loss=0.00116349 recon=0.00007127 beh=6.183558 w=0.000 lr=5.081e-04 time=0.267s
[RQ-VAE] epoch=1502 loss=0.00201240 recon=0.00007238 beh=6.158532 w=0.000 lr=5.078e-04 time=0.199s
[RQ-VAE] epoch=1503 loss=0.00286040 recon=0.00007367 beh=6.149850 w=0.000 lr=5.075e-04 time=0.197s
[RQ-VAE] epoch=1504 loss=0.00370723 recon=0.00007510 beh=6.146491 w=0.001 lr=5.071e-04 time=0.29s
[RQ-VAE] epoch=1505 loss=0.00454698 recon=0.00007605 beh=6.145268 w=0.001 lr=5.068e-04 time=0.196s
[RQ-VAE] epoch=1506 loss=0.00537823 recon=0.00007645 beh=6.139952 w=0.001 lr=5.064e-04 time=0.197s
[RQ-VAE] epoch=1507 loss=0.00621349 recon=0.00007691 beh=6.137412 w=0.001 lr=5.061e-04 time=0.196s
[RQ-VAE] epoch=1508 loss=0.00704564 recon=0.00007739 beh=6.131395 w=0.001 lr=5.058e-04 time=0.196s
[RQ-VAE] epoch=1509 loss=0.00787972 recon=0.00007818 beh=6.132544 w=0.001 lr=5.054e-04 time=0.202s
[RQ-VAE] epoch=1510 loss=0.00871198 recon=0.00007859 beh=6.128935 w=0.001 lr=5.051e-04 time=0.198s
[RQ-VAE] epoch=1511 loss=0.00953591 recon=0.00007907 beh=6.124298 w=0.001 lr=5.047e-04 time=0.195s
[RQ-VAE] epoch=1512 loss=0.01036475 recon=0.00007978 beh=6.119816 w=0.002 lr=5.044e-04 time=0.196s
[RQ-VAE] epoch=1513 loss=0.01119512 recon=0.00008055 beh=6.114799 w=0.002 lr=5.041e-04 time=0.196s
[RQ-VAE] epoch=1514 loss=0.01201254 recon=0.00008095 beh=6.111390 w=0.002 lr=5.037e-04 time=0.196s
[RQ-VAE] epoch=1515 loss=0.01283504 recon=0.00008211 beh=6.104967 w=0.002 lr=5.034e-04 time=0.196s
[RQ-VAE] epoch=1516 loss=0.01367134 recon=0.00008236 beh=6.108408 w=0.002 lr=5.031e-04 time=0.197s
[RQ-VAE] epoch=1517 loss=0.01448126 recon=0.00008250 beh=6.098824 w=0.002 lr=5.027e-04 time=0.196s
[RQ-VAE] epoch=1518 loss=0.01529158 recon=0.00008303 beh=6.093330 w=0.002 lr=5.024e-04 time=0.197s
[RQ-VAE] epoch=1519 loss=0.01611691 recon=0.00008323 beh=6.095494 w=0.003 lr=5.020e-04 time=0.195s
[RQ-VAE] epoch=1520 loss=0.01692980 recon=0.00008445 beh=6.086885 w=0.003 lr=5.017e-04 time=0.289s
[RQ-VAE] epoch=1521 loss=0.01778183 recon=0.00008485 beh=6.096558 w=0.003 lr=5.014e-04 time=0.195s
[RQ-VAE] epoch=1522 loss=0.01856653 recon=0.00008583 beh=6.080671 w=0.003 lr=5.010e-04 time=0.196s
[RQ-VAE] epoch=1523 loss=0.01940521 recon=0.00008668 beh=6.091283 w=0.003 lr=5.007e-04 time=0.196s
[RQ-VAE] epoch=1524 loss=0.02023442 recon=0.00008735 beh=6.085450 w=0.003 lr=5.003e-04 time=0.197s
[RQ-VAE] epoch=1525 loss=0.02103481 recon=0.00008775 beh=6.078051 w=0.003 lr=5.000e-04 time=0.196s
[RQ-VAE] epoch=1526 loss=0.02184282 recon=0.00008858 beh=6.076552 w=0.003 lr=4.997e-04 time=0.196s
[RQ-VAE] epoch=1527 loss=0.02266039 recon=0.00008979 beh=6.072084 w=0.004 lr=4.993e-04 time=0.196s
[RQ-VAE] epoch=1528 loss=0.02346496 recon=0.00009077 beh=6.069707 w=0.004 lr=4.990e-04 time=0.197s
[RQ-VAE] epoch=1529 loss=0.02430019 recon=0.00009167 beh=6.070120 w=0.004 lr=4.986e-04 time=0.196s
[RQ-VAE] epoch=1530 loss=0.02512925 recon=0.00009229 beh=6.072174 w=0.004 lr=4.983e-04 time=0.2s
[RQ-VAE] epoch=1531 loss=0.02589116 recon=0.00009313 beh=6.060092 w=0.004 lr=4.980e-04 time=0.2s
[RQ-VAE] epoch=1532 loss=0.02673469 recon=0.00009332 beh=6.063879 w=0.004 lr=4.976e-04 time=0.197s
[RQ-VAE] epoch=1533 loss=0.02752500 recon=0.00009387 beh=6.052946 w=0.004 lr=4.973e-04 time=0.196s
[RQ-VAE] epoch=1534 loss=0.02834213 recon=0.00009496 beh=6.053676 w=0.005 lr=4.969e-04 time=0.196s
[RQ-VAE] epoch=1535 loss=0.02916260 recon=0.00009578 beh=6.054870 w=0.005 lr=4.966e-04 time=0.196s
[RQ-VAE] epoch=1536 loss=0.02994965 recon=0.00009588 beh=6.047507 w=0.005 lr=4.963e-04 time=0.289s
[RQ-VAE] epoch=1537 loss=0.03075313 recon=0.00009641 beh=6.046831 w=0.005 lr=4.959e-04 time=0.196s
[RQ-VAE] epoch=1538 loss=0.03153780 recon=0.00009685 beh=6.036710 w=0.005 lr=4.956e-04 time=0.197s
[RQ-VAE] epoch=1539 loss=0.03240348 recon=0.00009816 beh=6.046809 w=0.005 lr=4.953e-04 time=0.196s
[RQ-VAE] epoch=1540 loss=0.03321248 recon=0.00009898 beh=6.043749 w=0.005 lr=4.949e-04 time=0.198s
[RQ-VAE] epoch=1541 loss=0.03394629 recon=0.00009990 beh=6.026465 w=0.005 lr=4.946e-04 time=0.196s
[RQ-VAE] epoch=1542 loss=0.03475670 recon=0.00010152 beh=6.023357 w=0.006 lr=4.942e-04 time=0.196s
[RQ-VAE] epoch=1543 loss=0.03558777 recon=0.00010251 beh=6.027341 w=0.006 lr=4.939e-04 time=0.195s
[RQ-VAE] epoch=1544 loss=0.03634568 recon=0.00010341 beh=6.015540 w=0.006 lr=4.936e-04 time=0.197s
[RQ-VAE] epoch=1545 loss=0.03721234 recon=0.00010446 beh=6.021017 w=0.006 lr=4.932e-04 time=0.196s
[RQ-VAE] epoch=1546 loss=0.03796269 recon=0.00010440 beh=6.010337 w=0.006 lr=4.929e-04 time=0.195s
[RQ-VAE] epoch=1547 loss=0.03876366 recon=0.00010593 beh=6.004843 w=0.006 lr=4.925e-04 time=0.195s
[RQ-VAE] epoch=1548 loss=0.03958734 recon=0.00010758 beh=6.007929 w=0.006 lr=4.922e-04 time=0.197s
[RQ-VAE] epoch=1549 loss=0.04041874 recon=0.00010919 beh=6.003407 w=0.007 lr=4.919e-04 time=0.196s
[RQ-VAE] epoch=1550 loss=0.04123226 recon=0.00011176 lr=4.915e-04 raw_unique=18426/24587 collision=0.250580 time=0.197s
[RQ-VAE] epoch=1551 loss=0.04209109 recon=0.00011561 beh=5.998539 w=0.007 lr=4.912e-04 time=0.197s
[RQ-VAE] epoch=1552 loss=0.04271952 recon=0.00011605 beh=5.973510 w=0.007 lr=4.908e-04 time=0.288s
[RQ-VAE] epoch=1553 loss=0.04347480 recon=0.00011614 beh=5.966947 w=0.007 lr=4.905e-04 time=0.196s
[RQ-VAE] epoch=1554 loss=0.04430347 recon=0.00011833 beh=5.963864 w=0.007 lr=4.902e-04 time=0.195s
[RQ-VAE] epoch=1555 loss=0.04515563 recon=0.00011953 beh=5.961745 w=0.007 lr=4.898e-04 time=0.195s
[RQ-VAE] epoch=1556 loss=0.04590681 recon=0.00012060 beh=5.950045 w=0.007 lr=4.895e-04 time=0.196s
[RQ-VAE] epoch=1557 loss=0.04673138 recon=0.00012177 beh=5.949005 w=0.008 lr=4.892e-04 time=0.196s
[RQ-VAE] epoch=1558 loss=0.04754099 recon=0.00012232 beh=5.940217 w=0.008 lr=4.888e-04 time=0.194s
[RQ-VAE] epoch=1559 loss=0.04827417 recon=0.00012287 beh=5.932960 w=0.008 lr=4.885e-04 time=0.196s
[RQ-VAE] epoch=1560 loss=0.04905378 recon=0.00012368 beh=5.930520 w=0.008 lr=4.881e-04 time=0.195s
[RQ-VAE] epoch=1561 loss=0.04991879 recon=0.00012337 beh=5.931835 w=0.008 lr=4.878e-04 time=0.196s
[RQ-VAE] epoch=1562 loss=0.05070524 recon=0.00012269 beh=5.926390 w=0.008 lr=4.875e-04 time=0.195s
[RQ-VAE] epoch=1563 loss=0.05151134 recon=0.00012329 beh=5.924921 w=0.008 lr=4.871e-04 time=0.194s
[RQ-VAE] epoch=1564 loss=0.05231102 recon=0.00012272 beh=5.924729 w=0.009 lr=4.868e-04 time=0.196s
[RQ-VAE] epoch=1565 loss=0.05319802 recon=0.00012241 beh=5.933371 w=0.009 lr=4.864e-04 time=0.197s
[RQ-VAE] epoch=1566 loss=0.05396139 recon=0.00012248 beh=5.927730 w=0.009 lr=4.861e-04 time=0.195s
[RQ-VAE] epoch=1567 loss=0.05478565 recon=0.00012213 beh=5.932257 w=0.009 lr=4.858e-04 time=0.298s
[RQ-VAE] epoch=1568 loss=0.05566478 recon=0.00012184 beh=5.934750 w=0.009 lr=4.854e-04 time=0.197s
[RQ-VAE] epoch=1569 loss=0.05667188 recon=0.00012241 beh=5.932372 w=0.009 lr=4.851e-04 time=0.195s
[RQ-VAE] epoch=1570 loss=0.05753458 recon=0.00012200 beh=5.921145 w=0.009 lr=4.847e-04 time=0.195s
[RQ-VAE] epoch=1571 loss=0.05849321 recon=0.00012287 beh=5.926419 w=0.009 lr=4.844e-04 time=0.196s
[RQ-VAE] epoch=1572 loss=0.05945379 recon=0.00012161 beh=5.921895 w=0.010 lr=4.841e-04 time=0.195s
[RQ-VAE] epoch=1573 loss=0.06017577 recon=0.00012271 beh=5.917478 w=0.010 lr=4.837e-04 time=0.196s
[RQ-VAE] epoch=1574 loss=0.06088252 recon=0.00012248 beh=5.916995 w=0.010 lr=4.834e-04 time=0.195s
[RQ-VAE] epoch=1575 loss=0.06167675 recon=0.00012264 beh=5.926608 w=0.010 lr=4.831e-04 time=0.196s
[RQ-VAE] epoch=1576 loss=0.06247976 recon=0.00012205 beh=5.926537 w=0.010 lr=4.827e-04 time=0.195s
[RQ-VAE] epoch=1577 loss=0.06339823 recon=0.00012222 beh=5.925623 w=0.010 lr=4.824e-04 time=0.196s
[RQ-VAE] epoch=1578 loss=0.06429426 recon=0.00012160 beh=5.924573 w=0.010 lr=4.820e-04 time=0.196s
[RQ-VAE] epoch=1579 loss=0.06519229 recon=0.00012141 beh=5.922287 w=0.011 lr=4.817e-04 time=0.195s
[RQ-VAE] epoch=1580 loss=0.06590760 recon=0.00012140 beh=5.914880 w=0.011 lr=4.814e-04 time=0.195s
[RQ-VAE] epoch=1581 loss=0.06684943 recon=0.00012153 beh=5.914664 w=0.011 lr=4.810e-04 time=0.197s
[RQ-VAE] epoch=1582 loss=0.06778425 recon=0.00012109 beh=5.915703 w=0.011 lr=4.807e-04 time=0.195s
[RQ-VAE] epoch=1583 loss=0.06856613 recon=0.00012144 beh=5.922254 w=0.011 lr=4.803e-04 time=0.289s
[RQ-VAE] epoch=1584 loss=0.06941284 recon=0.00012097 beh=5.916252 w=0.011 lr=4.800e-04 time=0.195s
[RQ-VAE] epoch=1585 loss=0.07030203 recon=0.00012115 beh=5.920678 w=0.011 lr=4.797e-04 time=0.197s
[RQ-VAE] epoch=1586 loss=0.07105867 recon=0.00012184 beh=5.913238 w=0.011 lr=4.793e-04 time=0.195s
[RQ-VAE] epoch=1587 loss=0.07200890 recon=0.00012193 beh=5.919281 w=0.012 lr=4.790e-04 time=0.196s
[RQ-VAE] epoch=1588 loss=0.07296010 recon=0.00012130 beh=5.915181 w=0.012 lr=4.786e-04 time=0.196s
[RQ-VAE] epoch=1589 loss=0.07357340 recon=0.00012241 beh=5.912100 w=0.012 lr=4.783e-04 time=0.195s
[RQ-VAE] epoch=1590 loss=0.07424629 recon=0.00012270 beh=5.913914 w=0.012 lr=4.780e-04 time=0.198s
[RQ-VAE] epoch=1591 loss=0.07545201 recon=0.00012121 beh=5.918719 w=0.012 lr=4.776e-04 time=0.197s
[RQ-VAE] epoch=1592 loss=0.07652508 recon=0.00012165 beh=5.915904 w=0.012 lr=4.773e-04 time=0.196s
[RQ-VAE] epoch=1593 loss=0.07704125 recon=0.00012190 beh=5.914614 w=0.012 lr=4.769e-04 time=0.196s
[RQ-VAE] epoch=1594 loss=0.07795018 recon=0.00012200 beh=5.916991 w=0.013 lr=4.766e-04 time=0.195s
[RQ-VAE] epoch=1595 loss=0.07875593 recon=0.00012265 beh=5.910861 w=0.013 lr=4.763e-04 time=0.196s
[RQ-VAE] epoch=1596 loss=0.08015965 recon=0.00012211 beh=5.910951 w=0.013 lr=4.759e-04 time=0.196s
[RQ-VAE] epoch=1597 loss=0.08098903 recon=0.00012214 beh=5.907490 w=0.013 lr=4.756e-04 time=0.197s
[RQ-VAE] epoch=1598 loss=0.08178891 recon=0.00012231 beh=5.911274 w=0.013 lr=4.753e-04 time=0.198s
[RQ-VAE] epoch=1599 loss=0.08218885 recon=0.00012201 beh=5.896435 w=0.013 lr=4.749e-04 time=0.29s
[RQ-VAE] epoch=1600 loss=0.08286569 recon=0.00012221 lr=4.746e-04 raw_unique=16903/24587 collision=0.312523 time=0.195s
[RQ-VAE] epoch=1601 loss=0.08465921 recon=0.00012141 beh=5.903481 w=0.013 lr=4.742e-04 time=0.196s
[RQ-VAE] epoch=1602 loss=0.08452319 recon=0.00012136 beh=5.912324 w=0.014 lr=4.739e-04 time=0.195s
[RQ-VAE] epoch=1603 loss=0.08538172 recon=0.00012224 beh=5.904671 w=0.014 lr=4.736e-04 time=0.197s
[RQ-VAE] epoch=1604 loss=0.08710724 recon=0.00012243 beh=5.904296 w=0.014 lr=4.732e-04 time=0.196s
[RQ-VAE] epoch=1605 loss=0.08803758 recon=0.00012255 beh=5.911139 w=0.014 lr=4.729e-04 time=0.197s
[RQ-VAE] epoch=1606 loss=0.08858234 recon=0.00012254 beh=5.902854 w=0.014 lr=4.725e-04 time=0.199s
[RQ-VAE] epoch=1607 loss=0.08905592 recon=0.00012219 beh=5.899661 w=0.014 lr=4.722e-04 time=0.196s
[RQ-VAE] epoch=1608 loss=0.09066473 recon=0.00012237 beh=5.910931 w=0.014 lr=4.719e-04 time=0.195s
[RQ-VAE] epoch=1609 loss=0.09238802 recon=0.00012265 beh=5.906334 w=0.015 lr=4.715e-04 time=0.196s
[RQ-VAE] epoch=1610 loss=0.09357093 recon=0.00012265 beh=5.904136 w=0.015 lr=4.712e-04 time=0.195s
[RQ-VAE] epoch=1611 loss=0.09341738 recon=0.00012264 beh=5.903002 w=0.015 lr=4.708e-04 time=0.196s
[RQ-VAE] epoch=1612 loss=0.09393374 recon=0.00012261 beh=5.908658 w=0.015 lr=4.705e-04 time=0.195s
[RQ-VAE] epoch=1613 loss=0.09597127 recon=0.00012276 beh=5.905936 w=0.015 lr=4.702e-04 time=0.197s
[RQ-VAE] epoch=1614 loss=0.09654209 recon=0.00012251 beh=5.904235 w=0.015 lr=4.698e-04 time=0.195s
[RQ-VAE] epoch=1615 loss=0.09698708 recon=0.00012251 beh=5.908705 w=0.015 lr=4.695e-04 time=0.298s
[RQ-VAE] epoch=1616 loss=0.09689336 recon=0.00012314 beh=5.894559 w=0.015 lr=4.692e-04 time=0.195s
[RQ-VAE] epoch=1617 loss=0.09757127 recon=0.00012294 beh=5.898279 w=0.016 lr=4.688e-04 time=0.196s
[RQ-VAE] epoch=1618 loss=0.09886458 recon=0.00012316 beh=5.903060 w=0.016 lr=4.685e-04 time=0.197s
[RQ-VAE] epoch=1619 loss=0.09952308 recon=0.00012303 beh=5.901433 w=0.016 lr=4.681e-04 time=0.195s
[RQ-VAE] epoch=1620 loss=0.09975602 recon=0.00012324 beh=5.901059 w=0.016 lr=4.678e-04 time=0.195s
[RQ-VAE] epoch=1621 loss=0.10075942 recon=0.00012358 beh=5.900488 w=0.016 lr=4.675e-04 time=0.198s
[RQ-VAE] epoch=1622 loss=0.10179789 recon=0.00012321 beh=5.909026 w=0.016 lr=4.671e-04 time=0.195s
[RQ-VAE] epoch=1623 loss=0.10288693 recon=0.00012302 beh=5.900578 w=0.016 lr=4.668e-04 time=0.196s
[RQ-VAE] epoch=1624 loss=0.10386249 recon=0.00012384 beh=5.899220 w=0.017 lr=4.664e-04 time=0.194s
[RQ-VAE] epoch=1625 loss=0.10545796 recon=0.00012306 beh=5.891971 w=0.017 lr=4.661e-04 time=0.195s
[RQ-VAE] epoch=1626 loss=0.10612436 recon=0.00012360 beh=5.895644 w=0.017 lr=4.658e-04 time=0.196s
[RQ-VAE] epoch=1627 loss=0.10668568 recon=0.00012407 beh=5.894703 w=0.017 lr=4.654e-04 time=0.196s
[RQ-VAE] epoch=1628 loss=0.10849525 recon=0.00012365 beh=5.899419 w=0.017 lr=4.651e-04 time=0.194s
[RQ-VAE] epoch=1629 loss=0.10939281 recon=0.00012312 beh=5.894528 w=0.017 lr=4.647e-04 time=0.196s
[RQ-VAE] epoch=1630 loss=0.11054990 recon=0.00012372 beh=5.898506 w=0.017 lr=4.644e-04 time=0.197s
[RQ-VAE] epoch=1631 loss=0.11069854 recon=0.00012376 beh=5.894242 w=0.017 lr=4.641e-04 time=0.29s
[RQ-VAE] epoch=1632 loss=0.11129652 recon=0.00012493 beh=5.899697 w=0.018 lr=4.637e-04 time=0.196s
[RQ-VAE] epoch=1633 loss=0.11177930 recon=0.00012509 beh=5.894005 w=0.018 lr=4.634e-04 time=0.196s
[RQ-VAE] epoch=1634 loss=0.11235224 recon=0.00012501 beh=5.889471 w=0.018 lr=4.631e-04 time=0.196s
[RQ-VAE] epoch=1635 loss=0.11293017 recon=0.00012510 beh=5.889407 w=0.018 lr=4.627e-04 time=0.198s
[RQ-VAE] epoch=1636 loss=0.11458877 recon=0.00012536 beh=5.897672 w=0.018 lr=4.624e-04 time=0.196s
[RQ-VAE] epoch=1637 loss=0.11534756 recon=0.00012506 beh=5.898840 w=0.018 lr=4.620e-04 time=0.197s
[RQ-VAE] epoch=1638 loss=0.11485016 recon=0.00012605 beh=5.896087 w=0.018 lr=4.617e-04 time=0.197s
[RQ-VAE] epoch=1639 loss=0.11687392 recon=0.00012524 beh=5.898641 w=0.019 lr=4.614e-04 time=0.196s
[RQ-VAE] epoch=1640 loss=0.11806057 recon=0.00012535 beh=5.878816 w=0.019 lr=4.610e-04 time=0.197s
[RQ-VAE] epoch=1641 loss=0.11918784 recon=0.00012489 beh=5.892793 w=0.019 lr=4.607e-04 time=0.196s
[RQ-VAE] epoch=1642 loss=0.12048647 recon=0.00012417 beh=5.889296 w=0.019 lr=4.603e-04 time=0.197s
[RQ-VAE] epoch=1643 loss=0.12090252 recon=0.00012489 beh=5.891163 w=0.019 lr=4.600e-04 time=0.196s
[RQ-VAE] epoch=1644 loss=0.12382825 recon=0.00012492 beh=5.893367 w=0.019 lr=4.597e-04 time=0.196s
[RQ-VAE] epoch=1645 loss=0.12273838 recon=0.00012444 beh=5.890726 w=0.019 lr=4.593e-04 time=0.199s
[RQ-VAE] epoch=1646 loss=0.12319191 recon=0.00012470 beh=5.884180 w=0.019 lr=4.590e-04 time=0.197s
[RQ-VAE] epoch=1647 loss=0.12518361 recon=0.00012452 beh=5.886525 w=0.020 lr=4.586e-04 time=0.286s
[RQ-VAE] epoch=1648 loss=0.12488518 recon=0.00012438 beh=5.894927 w=0.020 lr=4.583e-04 time=0.197s
[RQ-VAE] epoch=1649 loss=0.12588972 recon=0.00012457 beh=5.894603 w=0.020 lr=4.580e-04 time=0.195s
[RQ-VAE] epoch=1650 loss=0.12690409 recon=0.00012412 lr=4.576e-04 raw_unique=16734/24587 collision=0.319396 time=0.196s
[RQ-VAE] epoch=1651 loss=0.12703779 recon=0.00012412 beh=5.891943 w=0.020 lr=4.573e-04 time=0.196s
[RQ-VAE] epoch=1652 loss=0.12765978 recon=0.00012415 beh=5.895565 w=0.020 lr=4.569e-04 time=0.197s
[RQ-VAE] epoch=1653 loss=0.13186365 recon=0.00012442 beh=5.890806 w=0.020 lr=4.566e-04 time=0.194s
[RQ-VAE] epoch=1654 loss=0.13476990 recon=0.00012413 beh=5.892023 w=0.021 lr=4.563e-04 time=0.197s
[RQ-VAE] epoch=1655 loss=0.13249061 recon=0.00012473 beh=5.881535 w=0.021 lr=4.559e-04 time=0.197s
[RQ-VAE] epoch=1656 loss=0.13295171 recon=0.00012488 beh=5.882887 w=0.021 lr=4.556e-04 time=0.197s
[RQ-VAE] epoch=1657 loss=0.13343671 recon=0.00012441 beh=5.886490 w=0.021 lr=4.553e-04 time=0.195s
[RQ-VAE] epoch=1658 loss=0.13573611 recon=0.00012465 beh=5.884775 w=0.021 lr=4.549e-04 time=0.198s
[RQ-VAE] epoch=1659 loss=0.13450107 recon=0.00012496 beh=5.887794 w=0.021 lr=4.546e-04 time=0.197s
[RQ-VAE] epoch=1660 loss=0.13607842 recon=0.00012447 beh=5.896221 w=0.021 lr=4.542e-04 time=0.199s
[RQ-VAE] epoch=1661 loss=0.13968436 recon=0.00012433 beh=5.885870 w=0.021 lr=4.539e-04 time=0.195s
[RQ-VAE] epoch=1662 loss=0.13791408 recon=0.00012503 beh=5.878235 w=0.022 lr=4.536e-04 time=0.298s
[RQ-VAE] epoch=1663 loss=0.13866898 recon=0.00012442 beh=5.889113 w=0.022 lr=4.532e-04 time=0.196s
[RQ-VAE] epoch=1664 loss=0.13998561 recon=0.00012485 beh=5.888171 w=0.022 lr=4.529e-04 time=0.196s
[RQ-VAE] epoch=1665 loss=0.14181276 recon=0.00012511 beh=5.882740 w=0.022 lr=4.525e-04 time=0.195s
[RQ-VAE] epoch=1666 loss=0.14134887 recon=0.00012509 beh=5.888942 w=0.022 lr=4.522e-04 time=0.197s
[RQ-VAE] epoch=1667 loss=0.14242691 recon=0.00012531 beh=5.882734 w=0.022 lr=4.519e-04 time=0.197s
[RQ-VAE] epoch=1668 loss=0.14349046 recon=0.00012507 beh=5.890555 w=0.022 lr=4.515e-04 time=0.197s
[RQ-VAE] epoch=1669 loss=0.14573804 recon=0.00012518 beh=5.888383 w=0.023 lr=4.512e-04 time=0.196s
[RQ-VAE] epoch=1670 loss=0.14483117 recon=0.00012598 beh=5.886570 w=0.023 lr=4.508e-04 time=0.195s
[RQ-VAE] epoch=1671 loss=0.14427356 recon=0.00012559 beh=5.892118 w=0.023 lr=4.505e-04 time=0.196s
[RQ-VAE] epoch=1672 loss=0.15016259 recon=0.00012552 beh=5.893696 w=0.023 lr=4.502e-04 time=0.195s
[RQ-VAE] epoch=1673 loss=0.15102200 recon=0.00012552 beh=5.875974 w=0.023 lr=4.498e-04 time=0.194s
[RQ-VAE] epoch=1674 loss=0.14933500 recon=0.00012534 beh=5.881218 w=0.023 lr=4.495e-04 time=0.197s
[RQ-VAE] epoch=1675 loss=0.15108238 recon=0.00012535 beh=5.886984 w=0.023 lr=4.492e-04 time=0.196s
[RQ-VAE] epoch=1676 loss=0.15154450 recon=0.00012557 beh=5.893059 w=0.023 lr=4.488e-04 time=0.197s
[RQ-VAE] epoch=1677 loss=0.15350716 recon=0.00012529 beh=5.879665 w=0.024 lr=4.485e-04 time=0.197s
[RQ-VAE] epoch=1678 loss=0.15401372 recon=0.00012541 beh=5.878985 w=0.024 lr=4.481e-04 time=0.296s
[RQ-VAE] epoch=1679 loss=0.15457086 recon=0.00012578 beh=5.881218 w=0.024 lr=4.478e-04 time=0.197s
[RQ-VAE] epoch=1680 loss=0.15422273 recon=0.00012603 beh=5.889654 w=0.024 lr=4.475e-04 time=0.196s
[RQ-VAE] epoch=1681 loss=0.15662391 recon=0.00012569 beh=5.879710 w=0.024 lr=4.471e-04 time=0.196s
[RQ-VAE] epoch=1682 loss=0.15515780 recon=0.00012548 beh=5.889099 w=0.024 lr=4.468e-04 time=0.197s
[RQ-VAE] epoch=1683 loss=0.15587001 recon=0.00012575 beh=5.877884 w=0.024 lr=4.464e-04 time=0.196s
[RQ-VAE] epoch=1684 loss=0.15875116 recon=0.00012591 beh=5.870289 w=0.025 lr=4.461e-04 time=0.196s
[RQ-VAE] epoch=1685 loss=0.16250823 recon=0.00012576 beh=5.885663 w=0.025 lr=4.458e-04 time=0.197s
[RQ-VAE] epoch=1686 loss=0.16073747 recon=0.00012616 beh=5.892830 w=0.025 lr=4.454e-04 time=0.198s
[RQ-VAE] epoch=1687 loss=0.15811844 recon=0.00012579 beh=5.880977 w=0.025 lr=4.451e-04 time=0.196s
[RQ-VAE] epoch=1688 loss=0.16124061 recon=0.00012613 beh=5.883279 w=0.025 lr=4.447e-04 time=0.197s
[RQ-VAE] epoch=1689 loss=0.16344540 recon=0.00012584 beh=5.882134 w=0.025 lr=4.444e-04 time=0.195s
[RQ-VAE] epoch=1690 loss=0.16209017 recon=0.00012592 beh=5.886905 w=0.025 lr=4.441e-04 time=0.198s
[RQ-VAE] epoch=1691 loss=0.16244756 recon=0.00012635 beh=5.889303 w=0.025 lr=4.437e-04 time=0.196s
[RQ-VAE] epoch=1692 loss=0.16588254 recon=0.00012631 beh=5.879764 w=0.026 lr=4.434e-04 time=0.195s
[RQ-VAE] epoch=1693 loss=0.17008096 recon=0.00012617 beh=5.889755 w=0.026 lr=4.431e-04 time=0.196s
[RQ-VAE] epoch=1694 loss=0.17261323 recon=0.00012623 beh=5.880980 w=0.026 lr=4.427e-04 time=0.296s
[RQ-VAE] epoch=1695 loss=0.17036894 recon=0.00012634 beh=5.886677 w=0.026 lr=4.424e-04 time=0.195s
[RQ-VAE] epoch=1696 loss=0.17809999 recon=0.00012644 beh=5.881910 w=0.026 lr=4.420e-04 time=0.197s
[RQ-VAE] epoch=1697 loss=0.17282665 recon=0.00012625 beh=5.873025 w=0.026 lr=4.417e-04 time=0.196s
[RQ-VAE] epoch=1698 loss=0.17611577 recon=0.00012594 beh=5.880579 w=0.026 lr=4.414e-04 time=0.197s
[RQ-VAE] epoch=1699 loss=0.17596754 recon=0.00012613 beh=5.881559 w=0.027 lr=4.410e-04 time=0.195s
[RQ-VAE] epoch=1700 loss=0.17501256 recon=0.00012621 lr=4.407e-04 raw_unique=16869/24587 collision=0.313906 time=0.197s
[RQ-VAE] epoch=1701 loss=0.17519653 recon=0.00012640 beh=5.881785 w=0.027 lr=4.403e-04 time=0.197s
[RQ-VAE] epoch=1702 loss=0.18328317 recon=0.00012600 beh=5.875102 w=0.027 lr=4.400e-04 time=0.197s
[RQ-VAE] epoch=1703 loss=0.17822291 recon=0.00012610 beh=5.877567 w=0.027 lr=4.397e-04 time=0.197s
[RQ-VAE] epoch=1704 loss=0.17941871 recon=0.00012629 beh=5.881116 w=0.027 lr=4.393e-04 time=0.197s
[RQ-VAE] epoch=1705 loss=0.17657475 recon=0.00012674 beh=5.880982 w=0.027 lr=4.390e-04 time=0.196s
[RQ-VAE] epoch=1706 loss=0.17982498 recon=0.00012662 beh=5.889269 w=0.027 lr=4.386e-04 time=0.197s
[RQ-VAE] epoch=1707 loss=0.18494271 recon=0.00012641 beh=5.880848 w=0.028 lr=4.383e-04 time=0.195s
[RQ-VAE] epoch=1708 loss=0.18465570 recon=0.00012662 beh=5.885294 w=0.028 lr=4.380e-04 time=0.196s
[RQ-VAE] epoch=1709 loss=0.18293996 recon=0.00012660 beh=5.877410 w=0.028 lr=4.376e-04 time=0.197s
[RQ-VAE] epoch=1710 loss=0.18073344 recon=0.00012673 beh=5.870481 w=0.028 lr=4.373e-04 time=0.291s
[RQ-VAE] epoch=1711 loss=0.18590344 recon=0.00012668 beh=5.877327 w=0.028 lr=4.369e-04 time=0.195s
[RQ-VAE] epoch=1712 loss=0.18293650 recon=0.00012674 beh=5.886909 w=0.028 lr=4.366e-04 time=0.197s
[RQ-VAE] epoch=1713 loss=0.17966661 recon=0.00012744 beh=5.876619 w=0.028 lr=4.363e-04 time=0.196s
[RQ-VAE] epoch=1714 loss=0.17975272 recon=0.00012669 beh=5.876773 w=0.029 lr=4.359e-04 time=0.196s
[RQ-VAE] epoch=1715 loss=0.19033113 recon=0.00012678 beh=5.880079 w=0.029 lr=4.356e-04 time=0.195s
[RQ-VAE] epoch=1716 loss=0.19241947 recon=0.00012673 beh=5.879875 w=0.029 lr=4.353e-04 time=0.197s
[RQ-VAE] epoch=1717 loss=0.19362244 recon=0.00012679 beh=5.882509 w=0.029 lr=4.349e-04 time=0.197s
[RQ-VAE] epoch=1718 loss=0.18873389 recon=0.00012707 beh=5.879270 w=0.029 lr=4.346e-04 time=0.196s
[RQ-VAE] epoch=1719 loss=0.20274046 recon=0.00012693 beh=5.878058 w=0.029 lr=4.342e-04 time=0.196s
[RQ-VAE] epoch=1720 loss=0.19917445 recon=0.00012689 beh=5.879618 w=0.029 lr=4.339e-04 time=0.196s
[RQ-VAE] epoch=1721 loss=0.19560832 recon=0.00012681 beh=5.864044 w=0.029 lr=4.336e-04 time=0.196s
[RQ-VAE] epoch=1722 loss=0.19763851 recon=0.00012705 beh=5.878680 w=0.030 lr=4.332e-04 time=0.195s
[RQ-VAE] epoch=1723 loss=0.19976082 recon=0.00012718 beh=5.878835 w=0.030 lr=4.329e-04 time=0.195s
[RQ-VAE] epoch=1724 loss=0.19746312 recon=0.00012730 beh=5.881660 w=0.030 lr=4.325e-04 time=0.196s
[RQ-VAE] epoch=1725 loss=0.20011756 recon=0.00012716 beh=5.873728 w=0.030 lr=4.322e-04 time=0.196s
[RQ-VAE] epoch=1726 loss=0.20389551 recon=0.00012740 beh=5.882203 w=0.030 lr=4.319e-04 time=0.289s
[RQ-VAE] epoch=1727 loss=0.20077533 recon=0.00012739 beh=5.880776 w=0.030 lr=4.315e-04 time=0.196s
[RQ-VAE] epoch=1728 loss=0.19841923 recon=0.00012792 beh=5.878142 w=0.030 lr=4.312e-04 time=0.195s
[RQ-VAE] epoch=1729 loss=0.20385483 recon=0.00012795 beh=5.873632 w=0.031 lr=4.308e-04 time=0.196s
[RQ-VAE] epoch=1730 loss=0.21166208 recon=0.00012792 beh=5.878864 w=0.031 lr=4.305e-04 time=0.197s
[RQ-VAE] epoch=1731 loss=0.20521466 recon=0.00012803 beh=5.874829 w=0.031 lr=4.302e-04 time=0.196s
[RQ-VAE] epoch=1732 loss=0.20160404 recon=0.00012783 beh=5.869939 w=0.031 lr=4.298e-04 time=0.202s
[RQ-VAE] epoch=1733 loss=0.20015851 recon=0.00012778 beh=5.875527 w=0.031 lr=4.295e-04 time=0.197s
[RQ-VAE] epoch=1734 loss=0.20906897 recon=0.00012775 beh=5.882810 w=0.031 lr=4.292e-04 time=0.197s
[RQ-VAE] epoch=1735 loss=0.21036506 recon=0.00012793 beh=5.876264 w=0.031 lr=4.288e-04 time=0.196s
[RQ-VAE] epoch=1736 loss=0.20683749 recon=0.00012811 beh=5.875193 w=0.031 lr=4.285e-04 time=0.196s
[RQ-VAE] epoch=1737 loss=0.21006954 recon=0.00012784 beh=5.875875 w=0.032 lr=4.281e-04 time=0.196s
[RQ-VAE] epoch=1738 loss=0.20994404 recon=0.00012790 beh=5.874640 w=0.032 lr=4.278e-04 time=0.197s
[RQ-VAE] epoch=1739 loss=0.20989618 recon=0.00012783 beh=5.880350 w=0.032 lr=4.275e-04 time=0.196s
[RQ-VAE] epoch=1740 loss=0.21418896 recon=0.00012753 beh=5.882981 w=0.032 lr=4.271e-04 time=0.198s
[RQ-VAE] epoch=1741 loss=0.22340257 recon=0.00012723 beh=5.873404 w=0.032 lr=4.268e-04 time=0.197s
[RQ-VAE] epoch=1742 loss=0.22992593 recon=0.00012734 beh=5.877683 w=0.032 lr=4.264e-04 time=0.295s
[RQ-VAE] epoch=1743 loss=0.21951008 recon=0.00012810 beh=5.872386 w=0.032 lr=4.261e-04 time=0.196s
[RQ-VAE] epoch=1744 loss=0.22460896 recon=0.00012825 beh=5.877920 w=0.033 lr=4.258e-04 time=0.194s
[RQ-VAE] epoch=1745 loss=0.22277537 recon=0.00012859 beh=5.878434 w=0.033 lr=4.254e-04 time=0.197s
[RQ-VAE] epoch=1746 loss=0.22341841 recon=0.00012875 beh=5.874345 w=0.033 lr=4.251e-04 time=0.195s
[RQ-VAE] epoch=1747 loss=0.22934404 recon=0.00012864 beh=5.865255 w=0.033 lr=4.247e-04 time=0.195s
[RQ-VAE] epoch=1748 loss=0.22157577 recon=0.00012854 beh=5.875406 w=0.033 lr=4.244e-04 time=0.194s
[RQ-VAE] epoch=1749 loss=0.23107207 recon=0.00012867 beh=5.872576 w=0.033 lr=4.241e-04 time=0.196s
[RQ-VAE] epoch=1750 loss=0.22383046 recon=0.00012821 lr=4.237e-04 raw_unique=16733/24587 collision=0.319437 time=0.194s
[RQ-VAE] epoch=1751 loss=0.23205097 recon=0.00012829 beh=5.876906 w=0.033 lr=4.234e-04 time=0.197s
[RQ-VAE] epoch=1752 loss=0.22624680 recon=0.00012861 beh=5.874616 w=0.034 lr=4.231e-04 time=0.194s
[RQ-VAE] epoch=1753 loss=0.23764305 recon=0.00012848 beh=5.867858 w=0.034 lr=4.227e-04 time=0.196s
[RQ-VAE] epoch=1754 loss=0.22264339 recon=0.00012855 beh=5.873038 w=0.034 lr=4.224e-04 time=0.195s
[RQ-VAE] epoch=1755 loss=0.23469895 recon=0.00012854 beh=5.876679 w=0.034 lr=4.220e-04 time=0.196s
[RQ-VAE] epoch=1756 loss=0.23097892 recon=0.00012895 beh=5.882336 w=0.034 lr=4.217e-04 time=0.196s
[RQ-VAE] epoch=1757 loss=0.22924525 recon=0.00012907 beh=5.874028 w=0.034 lr=4.214e-04 time=0.298s
[RQ-VAE] epoch=1758 loss=0.23304576 recon=0.00012903 beh=5.878033 w=0.034 lr=4.210e-04 time=0.195s
[RQ-VAE] epoch=1759 loss=0.23182359 recon=0.00012899 beh=5.874151 w=0.035 lr=4.207e-04 time=0.195s
[RQ-VAE] epoch=1760 loss=0.23281080 recon=0.00012906 beh=5.874949 w=0.035 lr=4.203e-04 time=0.199s
[RQ-VAE] epoch=1761 loss=0.24151480 recon=0.00012894 beh=5.879316 w=0.035 lr=4.200e-04 time=0.198s
[RQ-VAE] epoch=1762 loss=0.23026848 recon=0.00012925 beh=5.870035 w=0.035 lr=4.197e-04 time=0.195s
[RQ-VAE] epoch=1763 loss=0.22675386 recon=0.00012965 beh=5.879839 w=0.035 lr=4.193e-04 time=0.197s
[RQ-VAE] epoch=1764 loss=0.23739442 recon=0.00012932 beh=5.881093 w=0.035 lr=4.190e-04 time=0.196s
[RQ-VAE] epoch=1765 loss=0.23844275 recon=0.00012910 beh=5.875094 w=0.035 lr=4.186e-04 time=0.198s
[RQ-VAE] epoch=1766 loss=0.23500243 recon=0.00012920 beh=5.869617 w=0.035 lr=4.183e-04 time=0.197s
[RQ-VAE] epoch=1767 loss=0.23804183 recon=0.00012867 beh=5.864383 w=0.036 lr=4.180e-04 time=0.196s
[RQ-VAE] epoch=1768 loss=0.24202332 recon=0.00012841 beh=5.877707 w=0.036 lr=4.176e-04 time=0.196s
[RQ-VAE] epoch=1769 loss=0.23617458 recon=0.00012930 beh=5.875230 w=0.036 lr=4.173e-04 time=0.197s
[RQ-VAE] epoch=1770 loss=0.24637744 recon=0.00012917 beh=5.875595 w=0.036 lr=4.169e-04 time=0.195s
[RQ-VAE] epoch=1771 loss=0.24389267 recon=0.00012910 beh=5.876149 w=0.036 lr=4.166e-04 time=0.196s
[RQ-VAE] epoch=1772 loss=0.24879587 recon=0.00012921 beh=5.873646 w=0.036 lr=4.163e-04 time=0.194s
[RQ-VAE] epoch=1773 loss=0.24413362 recon=0.00012912 beh=5.880241 w=0.036 lr=4.159e-04 time=0.296s
[RQ-VAE] epoch=1774 loss=0.24717715 recon=0.00012848 beh=5.874901 w=0.037 lr=4.156e-04 time=0.196s
[RQ-VAE] epoch=1775 loss=0.24951416 recon=0.00012882 beh=5.887003 w=0.037 lr=4.153e-04 time=0.197s
[RQ-VAE] epoch=1776 loss=0.24442360 recon=0.00012893 beh=5.878300 w=0.037 lr=4.149e-04 time=0.198s
[RQ-VAE] epoch=1777 loss=0.24956544 recon=0.00012895 beh=5.872734 w=0.037 lr=4.146e-04 time=0.197s
[RQ-VAE] epoch=1778 loss=0.26090658 recon=0.00012916 beh=5.882916 w=0.037 lr=4.142e-04 time=0.197s
[RQ-VAE] epoch=1779 loss=0.25270128 recon=0.00012930 beh=5.881084 w=0.037 lr=4.139e-04 time=0.197s
[RQ-VAE] epoch=1780 loss=0.24666494 recon=0.00012920 beh=5.873297 w=0.037 lr=4.136e-04 time=0.194s
[RQ-VAE] epoch=1781 loss=0.24294794 recon=0.00012899 beh=5.878488 w=0.037 lr=4.132e-04 time=0.197s
[RQ-VAE] epoch=1782 loss=0.25048608 recon=0.00012887 beh=5.877626 w=0.038 lr=4.129e-04 time=0.195s
[RQ-VAE] epoch=1783 loss=0.25133622 recon=0.00012884 beh=5.873376 w=0.038 lr=4.125e-04 time=0.196s
[RQ-VAE] epoch=1784 loss=0.24803460 recon=0.00012902 beh=5.873511 w=0.038 lr=4.122e-04 time=0.196s
[RQ-VAE] epoch=1785 loss=0.24676377 recon=0.00012911 beh=5.878489 w=0.038 lr=4.119e-04 time=0.197s
[RQ-VAE] epoch=1786 loss=0.26466697 recon=0.00012955 beh=5.875168 w=0.038 lr=4.115e-04 time=0.195s
[RQ-VAE] epoch=1787 loss=0.26147395 recon=0.00013042 beh=5.868209 w=0.038 lr=4.112e-04 time=0.198s
[RQ-VAE] epoch=1788 loss=0.27082759 recon=0.00013047 beh=5.875055 w=0.038 lr=4.108e-04 time=0.196s
[RQ-VAE] epoch=1789 loss=0.26474583 recon=0.00012988 beh=5.872201 w=0.039 lr=4.105e-04 time=0.296s
[RQ-VAE] epoch=1790 loss=0.25385073 recon=0.00012966 beh=5.872723 w=0.039 lr=4.102e-04 time=0.196s
[RQ-VAE] epoch=1791 loss=0.26380396 recon=0.00012980 beh=5.878368 w=0.039 lr=4.098e-04 time=0.196s
[RQ-VAE] epoch=1792 loss=0.27841026 recon=0.00013024 beh=5.874496 w=0.039 lr=4.095e-04 time=0.196s
[RQ-VAE] epoch=1793 loss=0.27291912 recon=0.00013015 beh=5.870908 w=0.039 lr=4.092e-04 time=0.195s
[RQ-VAE] epoch=1794 loss=0.26841331 recon=0.00013006 beh=5.866868 w=0.039 lr=4.088e-04 time=0.196s
[RQ-VAE] epoch=1795 loss=0.25855976 recon=0.00013001 beh=5.874166 w=0.039 lr=4.085e-04 time=0.196s
[RQ-VAE] epoch=1796 loss=0.27504784 recon=0.00013002 beh=5.875491 w=0.039 lr=4.081e-04 time=0.195s
[RQ-VAE] epoch=1797 loss=0.27851653 recon=0.00013007 beh=5.876648 w=0.040 lr=4.078e-04 time=0.198s
[RQ-VAE] epoch=1798 loss=0.27338487 recon=0.00013086 beh=5.874324 w=0.040 lr=4.075e-04 time=0.196s
[RQ-VAE] epoch=1799 loss=0.27628449 recon=0.00013078 beh=5.875853 w=0.040 lr=4.071e-04 time=0.196s
[RQ-VAE] epoch=1800 loss=0.29110098 recon=0.00013018 lr=4.068e-04 raw_unique=16177/24587 collision=0.342051 time=0.195s
[RQ-VAE] epoch=1801 loss=0.27560100 recon=0.00013085 beh=5.871484 w=0.040 lr=4.064e-04 time=0.196s
[RQ-VAE] epoch=1802 loss=0.26941055 recon=0.00013096 beh=5.866150 w=0.040 lr=4.061e-04 time=0.195s
[RQ-VAE] epoch=1803 loss=0.28260529 recon=0.00013057 beh=5.872601 w=0.040 lr=4.058e-04 time=0.196s
[RQ-VAE] epoch=1804 loss=0.27549079 recon=0.00013068 beh=5.870686 w=0.041 lr=4.054e-04 time=0.196s
[RQ-VAE] epoch=1805 loss=0.27640641 recon=0.00013159 beh=5.874144 w=0.041 lr=4.051e-04 time=0.289s
[RQ-VAE] epoch=1806 loss=0.27047086 recon=0.00013139 beh=5.871435 w=0.041 lr=4.047e-04 time=0.195s
[RQ-VAE] epoch=1807 loss=0.27715999 recon=0.00013048 beh=5.869542 w=0.041 lr=4.044e-04 time=0.195s
[RQ-VAE] epoch=1808 loss=0.28371441 recon=0.00013045 beh=5.876779 w=0.041 lr=4.041e-04 time=0.196s
[RQ-VAE] epoch=1809 loss=0.27236983 recon=0.00013087 beh=5.868187 w=0.041 lr=4.037e-04 time=0.197s
[RQ-VAE] epoch=1810 loss=0.29787377 recon=0.00013120 beh=5.864631 w=0.041 lr=4.034e-04 time=0.197s
[RQ-VAE] epoch=1811 loss=0.29323453 recon=0.00013129 beh=5.877687 w=0.041 lr=4.031e-04 time=0.195s
[RQ-VAE] epoch=1812 loss=0.29710823 recon=0.00013145 beh=5.868264 w=0.042 lr=4.027e-04 time=0.197s
[RQ-VAE] epoch=1813 loss=0.28765070 recon=0.00013138 beh=5.873113 w=0.042 lr=4.024e-04 time=0.197s
[RQ-VAE] epoch=1814 loss=0.29219389 recon=0.00013111 beh=5.873202 w=0.042 lr=4.020e-04 time=0.195s
[RQ-VAE] epoch=1815 loss=0.29269612 recon=0.00013199 beh=5.880246 w=0.042 lr=4.017e-04 time=0.196s
[RQ-VAE] epoch=1816 loss=0.28609359 recon=0.00013207 beh=5.870544 w=0.042 lr=4.014e-04 time=0.196s
[RQ-VAE] epoch=1817 loss=0.28453887 recon=0.00013228 beh=5.873676 w=0.042 lr=4.010e-04 time=0.195s
[RQ-VAE] epoch=1818 loss=0.28019363 recon=0.00013210 beh=5.866482 w=0.042 lr=4.007e-04 time=0.195s
[RQ-VAE] epoch=1819 loss=0.28399691 recon=0.00013212 beh=5.867916 w=0.043 lr=4.003e-04 time=0.196s
[RQ-VAE] epoch=1820 loss=0.28168583 recon=0.00013229 beh=5.868950 w=0.043 lr=4.000e-04 time=0.194s
[RQ-VAE] epoch=1821 loss=0.29117203 recon=0.00013210 beh=5.865118 w=0.043 lr=3.997e-04 time=0.289s
[RQ-VAE] epoch=1822 loss=0.29260412 recon=0.00013171 beh=5.866300 w=0.043 lr=3.993e-04 time=0.196s
[RQ-VAE] epoch=1823 loss=0.28773728 recon=0.00013174 beh=5.872953 w=0.043 lr=3.990e-04 time=0.197s
[RQ-VAE] epoch=1824 loss=0.29100513 recon=0.00013128 beh=5.862254 w=0.043 lr=3.986e-04 time=0.197s
[RQ-VAE] epoch=1825 loss=0.29108876 recon=0.00013129 beh=5.870422 w=0.043 lr=3.983e-04 time=0.196s
[RQ-VAE] epoch=1826 loss=0.30559891 recon=0.00013247 beh=5.876681 w=0.043 lr=3.980e-04 time=0.196s
[RQ-VAE] epoch=1827 loss=0.30028582 recon=0.00013259 beh=5.869751 w=0.044 lr=3.976e-04 time=0.197s
[RQ-VAE] epoch=1828 loss=0.29020220 recon=0.00013230 beh=5.872681 w=0.044 lr=3.973e-04 time=0.196s
[RQ-VAE] epoch=1829 loss=0.28973192 recon=0.00013238 beh=5.867109 w=0.044 lr=3.969e-04 time=0.196s
[RQ-VAE] epoch=1830 loss=0.29863557 recon=0.00013235 beh=5.872107 w=0.044 lr=3.966e-04 time=0.197s
[RQ-VAE] epoch=1831 loss=0.31069162 recon=0.00013232 beh=5.874115 w=0.044 lr=3.963e-04 time=0.196s
[RQ-VAE] epoch=1832 loss=0.30256456 recon=0.00013211 beh=5.867378 w=0.044 lr=3.959e-04 time=0.197s
[RQ-VAE] epoch=1833 loss=0.31184101 recon=0.00013208 beh=5.875402 w=0.044 lr=3.956e-04 time=0.196s
[RQ-VAE] epoch=1834 loss=0.30534932 recon=0.00013210 beh=5.879933 w=0.045 lr=3.953e-04 time=0.196s
[RQ-VAE] epoch=1835 loss=0.30260339 recon=0.00013229 beh=5.872011 w=0.045 lr=3.949e-04 time=0.197s
[RQ-VAE] epoch=1836 loss=0.30171886 recon=0.00013234 beh=5.863608 w=0.045 lr=3.946e-04 time=0.197s
[RQ-VAE] epoch=1837 loss=0.31694540 recon=0.00013233 beh=5.877895 w=0.045 lr=3.942e-04 time=0.286s
[RQ-VAE] epoch=1838 loss=0.30985516 recon=0.00013223 beh=5.873415 w=0.045 lr=3.939e-04 time=0.196s
[RQ-VAE] epoch=1839 loss=0.31218791 recon=0.00013215 beh=5.879989 w=0.045 lr=3.936e-04 time=0.195s
[RQ-VAE] epoch=1840 loss=0.31192517 recon=0.00013162 beh=5.875406 w=0.045 lr=3.932e-04 time=0.196s
[RQ-VAE] epoch=1841 loss=0.32419980 recon=0.00013154 beh=5.867692 w=0.045 lr=3.929e-04 time=0.195s
[RQ-VAE] epoch=1842 loss=0.33171257 recon=0.00013151 beh=5.872508 w=0.046 lr=3.925e-04 time=0.196s
[RQ-VAE] epoch=1843 loss=0.33362296 recon=0.00013148 beh=5.861969 w=0.046 lr=3.922e-04 time=0.195s
[RQ-VAE] epoch=1844 loss=0.32859534 recon=0.00013226 beh=5.871985 w=0.046 lr=3.919e-04 time=0.196s
[RQ-VAE] epoch=1845 loss=0.32290316 recon=0.00013272 beh=5.863770 w=0.046 lr=3.915e-04 time=0.195s
[RQ-VAE] epoch=1846 loss=0.31262684 recon=0.00013271 beh=5.863897 w=0.046 lr=3.912e-04 time=0.196s
[RQ-VAE] epoch=1847 loss=0.32750982 recon=0.00013266 beh=5.871236 w=0.046 lr=3.908e-04 time=0.196s
[RQ-VAE] epoch=1848 loss=0.32625043 recon=0.00013255 beh=5.865387 w=0.046 lr=3.905e-04 time=0.196s
[RQ-VAE] epoch=1849 loss=0.32232308 recon=0.00013260 beh=5.873967 w=0.047 lr=3.902e-04 time=0.195s
[RQ-VAE] epoch=1850 loss=0.31192157 recon=0.00013252 lr=3.898e-04 raw_unique=16952/24587 collision=0.310530 time=0.196s
[RQ-VAE] epoch=1851 loss=0.30949941 recon=0.00013245 beh=5.871690 w=0.047 lr=3.895e-04 time=0.195s
[RQ-VAE] epoch=1852 loss=0.30823591 recon=0.00013255 beh=5.872897 w=0.047 lr=3.892e-04 time=0.289s
[RQ-VAE] epoch=1853 loss=0.34430581 recon=0.00013257 beh=5.870873 w=0.047 lr=3.888e-04 time=0.196s
[RQ-VAE] epoch=1854 loss=0.33142361 recon=0.00013239 beh=5.869770 w=0.047 lr=3.885e-04 time=0.195s
[RQ-VAE] epoch=1855 loss=0.32866627 recon=0.00013248 beh=5.870654 w=0.047 lr=3.881e-04 time=0.196s
[RQ-VAE] epoch=1856 loss=0.34061295 recon=0.00013249 beh=5.865974 w=0.047 lr=3.878e-04 time=0.196s
[RQ-VAE] epoch=1857 loss=0.33212036 recon=0.00013289 beh=5.869419 w=0.048 lr=3.875e-04 time=0.196s
[RQ-VAE] epoch=1858 loss=0.33219868 recon=0.00013256 beh=5.871919 w=0.048 lr=3.871e-04 time=0.196s
[RQ-VAE] epoch=1859 loss=0.33909395 recon=0.00013222 beh=5.867633 w=0.048 lr=3.868e-04 time=0.196s
[RQ-VAE] epoch=1860 loss=0.33263278 recon=0.00013152 beh=5.867460 w=0.048 lr=3.864e-04 time=0.195s
[RQ-VAE] epoch=1861 loss=0.32706583 recon=0.00013190 beh=5.862252 w=0.048 lr=3.861e-04 time=0.196s
[RQ-VAE] epoch=1862 loss=0.32926440 recon=0.00013218 beh=5.864559 w=0.048 lr=3.858e-04 time=0.196s
[RQ-VAE] epoch=1863 loss=0.32290083 recon=0.00013265 beh=5.865731 w=0.048 lr=3.854e-04 time=0.197s
[RQ-VAE] epoch=1864 loss=0.32266161 recon=0.00013238 beh=5.862173 w=0.049 lr=3.851e-04 time=0.196s
[RQ-VAE] epoch=1865 loss=0.31827018 recon=0.00013265 beh=5.871627 w=0.049 lr=3.847e-04 time=0.196s
[RQ-VAE] epoch=1866 loss=0.32062453 recon=0.00013252 beh=5.865660 w=0.049 lr=3.844e-04 time=0.197s
[RQ-VAE] epoch=1867 loss=0.36856458 recon=0.00013254 beh=5.864031 w=0.049 lr=3.841e-04 time=0.196s
[RQ-VAE] epoch=1868 loss=0.36827657 recon=0.00013250 beh=5.874121 w=0.049 lr=3.837e-04 time=0.289s
[RQ-VAE] epoch=1869 loss=0.35458118 recon=0.00013225 beh=5.864629 w=0.049 lr=3.834e-04 time=0.195s
[RQ-VAE] epoch=1870 loss=0.36205509 recon=0.00013241 beh=5.866166 w=0.049 lr=3.831e-04 time=0.197s
[RQ-VAE] epoch=1871 loss=0.35589573 recon=0.00013178 beh=5.866189 w=0.049 lr=3.827e-04 time=0.195s
[RQ-VAE] epoch=1872 loss=0.35247797 recon=0.00013242 beh=5.866515 w=0.050 lr=3.824e-04 time=0.195s
[RQ-VAE] epoch=1873 loss=0.34665018 recon=0.00013289 beh=5.870676 w=0.050 lr=3.820e-04 time=0.196s
[RQ-VAE] epoch=1874 loss=0.35332620 recon=0.00013284 beh=5.868024 w=0.050 lr=3.817e-04 time=0.197s
[RQ-VAE] epoch=1875 loss=0.35209203 recon=0.00013283 beh=5.867330 w=0.050 lr=3.814e-04 time=0.196s
[RQ-VAE] epoch=1876 loss=0.35255900 recon=0.00013214 beh=5.869166 w=0.050 lr=3.810e-04 time=0.198s
[RQ-VAE] epoch=1877 loss=0.35288516 recon=0.00013224 beh=5.870770 w=0.050 lr=3.807e-04 time=0.197s
[RQ-VAE] epoch=1878 loss=0.35124049 recon=0.00013231 beh=5.872155 w=0.050 lr=3.803e-04 time=0.196s
[RQ-VAE] epoch=1879 loss=0.36573890 recon=0.00013233 beh=5.868147 w=0.051 lr=3.800e-04 time=0.196s
[RQ-VAE] epoch=1880 loss=0.35442221 recon=0.00013214 beh=5.869019 w=0.051 lr=3.797e-04 time=0.196s
[RQ-VAE] epoch=1881 loss=0.34368509 recon=0.00013309 beh=5.862021 w=0.051 lr=3.793e-04 time=0.195s
[RQ-VAE] epoch=1882 loss=0.34608003 recon=0.00013310 beh=5.874505 w=0.051 lr=3.790e-04 time=0.196s
[RQ-VAE] epoch=1883 loss=0.34432906 recon=0.00013298 beh=5.867105 w=0.051 lr=3.786e-04 time=0.196s
[RQ-VAE] epoch=1884 loss=0.37166598 recon=0.00013284 beh=5.863489 w=0.051 lr=3.783e-04 time=0.29s
[RQ-VAE] epoch=1885 loss=0.37316298 recon=0.00013273 beh=5.863857 w=0.051 lr=3.780e-04 time=0.195s
[RQ-VAE] epoch=1886 loss=0.36026853 recon=0.00013301 beh=5.869594 w=0.051 lr=3.776e-04 time=0.197s
[RQ-VAE] epoch=1887 loss=0.35485014 recon=0.00013304 beh=5.869572 w=0.052 lr=3.773e-04 time=0.196s
[RQ-VAE] epoch=1888 loss=0.34200686 recon=0.00013293 beh=5.864697 w=0.052 lr=3.769e-04 time=0.197s
[RQ-VAE] epoch=1889 loss=0.36803836 recon=0.00013302 beh=5.860707 w=0.052 lr=3.766e-04 time=0.196s
[RQ-VAE] epoch=1890 loss=0.37761694 recon=0.00013307 beh=5.865188 w=0.052 lr=3.763e-04 time=0.198s
[RQ-VAE] epoch=1891 loss=0.36687389 recon=0.00013310 beh=5.873502 w=0.052 lr=3.759e-04 time=0.195s
[RQ-VAE] epoch=1892 loss=0.36780778 recon=0.00013325 beh=5.865016 w=0.052 lr=3.756e-04 time=0.197s
[RQ-VAE] epoch=1893 loss=0.37886986 recon=0.00013321 beh=5.870161 w=0.052 lr=3.753e-04 time=0.197s
[RQ-VAE] epoch=1894 loss=0.36175981 recon=0.00013336 beh=5.872909 w=0.053 lr=3.749e-04 time=0.196s
[RQ-VAE] epoch=1895 loss=0.35858935 recon=0.00013358 beh=5.864674 w=0.053 lr=3.746e-04 time=0.196s
[RQ-VAE] epoch=1896 loss=0.38424498 recon=0.00013323 beh=5.865680 w=0.053 lr=3.742e-04 time=0.197s
[RQ-VAE] epoch=1897 loss=0.37730840 recon=0.00013322 beh=5.869349 w=0.053 lr=3.739e-04 time=0.196s
[RQ-VAE] epoch=1898 loss=0.36894879 recon=0.00013388 beh=5.871453 w=0.053 lr=3.736e-04 time=0.197s
[RQ-VAE] epoch=1899 loss=0.37765148 recon=0.00013388 beh=5.867241 w=0.053 lr=3.732e-04 time=0.195s
[RQ-VAE] epoch=1900 loss=0.37676623 recon=0.00013407 lr=3.729e-04 raw_unique=17302/24587 collision=0.296295 time=0.289s
[RQ-VAE] epoch=1901 loss=0.36894581 recon=0.00013402 beh=5.873161 w=0.053 lr=3.725e-04 time=0.194s
[RQ-VAE] epoch=1902 loss=0.36590326 recon=0.00013381 beh=5.872859 w=0.054 lr=3.722e-04 time=0.196s
[RQ-VAE] epoch=1903 loss=0.36436290 recon=0.00013268 beh=5.868685 w=0.054 lr=3.719e-04 time=0.195s
[RQ-VAE] epoch=1904 loss=0.35775772 recon=0.00013303 beh=5.863744 w=0.054 lr=3.715e-04 time=0.196s
[RQ-VAE] epoch=1905 loss=0.37603584 recon=0.00013273 beh=5.855680 w=0.054 lr=3.712e-04 time=0.196s
[RQ-VAE] epoch=1906 loss=0.40391970 recon=0.00013349 beh=5.855806 w=0.054 lr=3.708e-04 time=0.196s
[RQ-VAE] epoch=1907 loss=0.41113365 recon=0.00013355 beh=5.863424 w=0.054 lr=3.705e-04 time=0.195s
[RQ-VAE] epoch=1908 loss=0.39577609 recon=0.00013361 beh=5.868246 w=0.054 lr=3.702e-04 time=0.197s
[RQ-VAE] epoch=1909 loss=0.38908389 recon=0.00013369 beh=5.870719 w=0.055 lr=3.698e-04 time=0.195s
[RQ-VAE] epoch=1910 loss=0.37364277 recon=0.00013364 beh=5.863930 w=0.055 lr=3.695e-04 time=0.196s
[RQ-VAE] epoch=1911 loss=0.39942378 recon=0.00013311 beh=5.864871 w=0.055 lr=3.692e-04 time=0.197s
[RQ-VAE] epoch=1912 loss=0.40612030 recon=0.00013313 beh=5.865326 w=0.055 lr=3.688e-04 time=0.197s
[RQ-VAE] epoch=1913 loss=0.40513173 recon=0.00013318 beh=5.871782 w=0.055 lr=3.685e-04 time=0.196s
[RQ-VAE] epoch=1914 loss=0.39434022 recon=0.00013307 beh=5.859865 w=0.055 lr=3.681e-04 time=0.196s
[RQ-VAE] epoch=1915 loss=0.38639721 recon=0.00013291 beh=5.869253 w=0.055 lr=3.678e-04 time=0.195s
[RQ-VAE] epoch=1916 loss=0.38332078 recon=0.00013262 beh=5.872276 w=0.055 lr=3.675e-04 time=0.288s
[RQ-VAE] epoch=1917 loss=0.40815389 recon=0.00013249 beh=5.863029 w=0.056 lr=3.671e-04 time=0.197s
[RQ-VAE] epoch=1918 loss=0.39093769 recon=0.00013270 beh=5.867072 w=0.056 lr=3.668e-04 time=0.198s
[RQ-VAE] epoch=1919 loss=0.38959998 recon=0.00013278 beh=5.868934 w=0.056 lr=3.664e-04 time=0.197s
[RQ-VAE] epoch=1920 loss=0.39289904 recon=0.00013302 beh=5.868382 w=0.056 lr=3.661e-04 time=0.197s
[RQ-VAE] epoch=1921 loss=0.40747383 recon=0.00013387 beh=5.870956 w=0.056 lr=3.658e-04 time=0.196s
[RQ-VAE] epoch=1922 loss=0.40134180 recon=0.00013375 beh=5.871727 w=0.056 lr=3.654e-04 time=0.196s
[RQ-VAE] epoch=1923 loss=0.40099469 recon=0.00013355 beh=5.868501 w=0.056 lr=3.651e-04 time=0.196s
[RQ-VAE] epoch=1924 loss=0.39336172 recon=0.00013294 beh=5.864919 w=0.057 lr=3.647e-04 time=0.197s
[RQ-VAE] epoch=1925 loss=0.38777655 recon=0.00013375 beh=5.870424 w=0.057 lr=3.644e-04 time=0.197s
[RQ-VAE] epoch=1926 loss=0.38731623 recon=0.00013402 beh=5.864573 w=0.057 lr=3.641e-04 time=0.197s
[RQ-VAE] epoch=1927 loss=0.39365363 recon=0.00013363 beh=5.873034 w=0.057 lr=3.637e-04 time=0.196s
[RQ-VAE] epoch=1928 loss=0.38560289 recon=0.00013374 beh=5.864255 w=0.057 lr=3.634e-04 time=0.198s
[RQ-VAE] epoch=1929 loss=0.40870982 recon=0.00013379 beh=5.866995 w=0.057 lr=3.631e-04 time=0.196s
[RQ-VAE] epoch=1930 loss=0.40380454 recon=0.00013390 beh=5.867773 w=0.057 lr=3.627e-04 time=0.197s
[RQ-VAE] epoch=1931 loss=0.41164720 recon=0.00013397 beh=5.870375 w=0.057 lr=3.624e-04 time=0.197s
[RQ-VAE] epoch=1932 loss=0.41558179 recon=0.00013393 beh=5.867905 w=0.058 lr=3.620e-04 time=0.287s
[RQ-VAE] epoch=1933 loss=0.40859219 recon=0.00013426 beh=5.867968 w=0.058 lr=3.617e-04 time=0.196s
[RQ-VAE] epoch=1934 loss=0.42180932 recon=0.00013442 beh=5.863078 w=0.058 lr=3.614e-04 time=0.195s
[RQ-VAE] epoch=1935 loss=0.41397449 recon=0.00013456 beh=5.864231 w=0.058 lr=3.610e-04 time=0.196s
[RQ-VAE] epoch=1936 loss=0.39917865 recon=0.00013394 beh=5.863330 w=0.058 lr=3.607e-04 time=0.195s
[RQ-VAE] epoch=1937 loss=0.43152282 recon=0.00013433 beh=5.869575 w=0.058 lr=3.603e-04 time=0.196s
[RQ-VAE] epoch=1938 loss=0.40938479 recon=0.00013457 beh=5.865794 w=0.058 lr=3.600e-04 time=0.195s
[RQ-VAE] epoch=1939 loss=0.39825517 recon=0.00013436 beh=5.869096 w=0.059 lr=3.597e-04 time=0.197s
[RQ-VAE] epoch=1940 loss=0.39541969 recon=0.00013390 beh=5.867927 w=0.059 lr=3.593e-04 time=0.195s
[RQ-VAE] epoch=1941 loss=0.39211574 recon=0.00013432 beh=5.867083 w=0.059 lr=3.590e-04 time=0.197s
[RQ-VAE] epoch=1942 loss=0.42493635 recon=0.00013454 beh=5.869141 w=0.059 lr=3.586e-04 time=0.194s
[RQ-VAE] epoch=1943 loss=0.42420250 recon=0.00013452 beh=5.868191 w=0.059 lr=3.583e-04 time=0.196s
[RQ-VAE] epoch=1944 loss=0.43665466 recon=0.00013422 beh=5.866838 w=0.059 lr=3.580e-04 time=0.196s
[RQ-VAE] epoch=1945 loss=0.43045020 recon=0.00013395 beh=5.867591 w=0.059 lr=3.576e-04 time=0.197s
[RQ-VAE] epoch=1946 loss=0.43377888 recon=0.00013435 beh=5.872994 w=0.059 lr=3.573e-04 time=0.195s
[RQ-VAE] epoch=1947 loss=0.43208846 recon=0.00013397 beh=5.872361 w=0.060 lr=3.569e-04 time=0.29s
[RQ-VAE] epoch=1948 loss=0.42061886 recon=0.00013419 beh=5.867165 w=0.060 lr=3.566e-04 time=0.196s
[RQ-VAE] epoch=1949 loss=0.40904820 recon=0.00013431 beh=5.861856 w=0.060 lr=3.563e-04 time=0.197s
[RQ-VAE] epoch=1950 loss=0.41596544 recon=0.00013426 lr=3.559e-04 raw_unique=17114/24587 collision=0.303941 time=0.196s
[RQ-VAE] epoch=1951 loss=0.41223964 recon=0.00013430 beh=5.876214 w=0.060 lr=3.556e-04 time=0.197s
[RQ-VAE] epoch=1952 loss=0.39835098 recon=0.00013438 beh=5.864373 w=0.060 lr=3.553e-04 time=0.195s
[RQ-VAE] epoch=1953 loss=0.40325022 recon=0.00013421 beh=5.858313 w=0.060 lr=3.549e-04 time=0.197s
[RQ-VAE] epoch=1954 loss=0.44010597 recon=0.00013451 beh=5.856627 w=0.061 lr=3.546e-04 time=0.195s
[RQ-VAE] epoch=1955 loss=0.43554077 recon=0.00013459 beh=5.856753 w=0.061 lr=3.542e-04 time=0.196s
[RQ-VAE] epoch=1956 loss=0.46688348 recon=0.00013509 beh=5.866631 w=0.061 lr=3.539e-04 time=0.196s
[RQ-VAE] epoch=1957 loss=0.44260854 recon=0.00013494 beh=5.864812 w=0.061 lr=3.536e-04 time=0.197s
[RQ-VAE] epoch=1958 loss=0.43318850 recon=0.00013476 beh=5.865336 w=0.061 lr=3.532e-04 time=0.196s
[RQ-VAE] epoch=1959 loss=0.42881104 recon=0.00013517 beh=5.861948 w=0.061 lr=3.529e-04 time=0.197s
[RQ-VAE] epoch=1960 loss=0.41974324 recon=0.00013493 beh=5.859789 w=0.061 lr=3.525e-04 time=0.196s
[RQ-VAE] epoch=1961 loss=0.42297989 recon=0.00013497 beh=5.867884 w=0.061 lr=3.522e-04 time=0.197s
[RQ-VAE] epoch=1962 loss=0.42282706 recon=0.00013489 beh=5.866950 w=0.062 lr=3.519e-04 time=0.196s
[RQ-VAE] epoch=1963 loss=0.42088205 recon=0.00013467 beh=5.865394 w=0.062 lr=3.515e-04 time=0.289s
[RQ-VAE] epoch=1964 loss=0.41615462 recon=0.00013483 beh=5.862132 w=0.062 lr=3.512e-04 time=0.195s
[RQ-VAE] epoch=1965 loss=0.41439503 recon=0.00013524 beh=5.869765 w=0.062 lr=3.508e-04 time=0.196s
[RQ-VAE] epoch=1966 loss=0.41469902 recon=0.00013522 beh=5.868458 w=0.062 lr=3.505e-04 time=0.195s
[RQ-VAE] epoch=1967 loss=0.47252536 recon=0.00013522 beh=5.861107 w=0.062 lr=3.502e-04 time=0.197s
[RQ-VAE] epoch=1968 loss=0.43287304 recon=0.00013506 beh=5.869087 w=0.062 lr=3.498e-04 time=0.195s
[RQ-VAE] epoch=1969 loss=0.42907989 recon=0.00013498 beh=5.868946 w=0.063 lr=3.495e-04 time=0.196s
[RQ-VAE] epoch=1970 loss=0.44125932 recon=0.00013501 beh=5.868207 w=0.063 lr=3.492e-04 time=0.196s
[RQ-VAE] epoch=1971 loss=0.44693738 recon=0.00013483 beh=5.861342 w=0.063 lr=3.488e-04 time=0.196s
[RQ-VAE] epoch=1972 loss=0.46171495 recon=0.00013522 beh=5.870337 w=0.063 lr=3.485e-04 time=0.196s
[RQ-VAE] epoch=1973 loss=0.46028408 recon=0.00013549 beh=5.868117 w=0.063 lr=3.481e-04 time=0.197s
[RQ-VAE] epoch=1974 loss=0.46588361 recon=0.00013565 beh=5.863746 w=0.063 lr=3.478e-04 time=0.201s
[RQ-VAE] epoch=1975 loss=0.45055649 recon=0.00013565 beh=5.868614 w=0.063 lr=3.475e-04 time=0.196s
[RQ-VAE] epoch=1976 loss=0.44950339 recon=0.00013550 beh=5.860349 w=0.063 lr=3.471e-04 time=0.196s
[RQ-VAE] epoch=1977 loss=0.46102455 recon=0.00013558 beh=5.856606 w=0.064 lr=3.468e-04 time=0.197s
[RQ-VAE] epoch=1978 loss=0.45836318 recon=0.00013512 beh=5.868452 w=0.064 lr=3.464e-04 time=0.196s
[RQ-VAE] epoch=1979 loss=0.44652253 recon=0.00013549 beh=5.866088 w=0.064 lr=3.461e-04 time=0.288s
[RQ-VAE] epoch=1980 loss=0.45924705 recon=0.00013588 beh=5.856012 w=0.064 lr=3.458e-04 time=0.195s
[RQ-VAE] epoch=1981 loss=0.45078254 recon=0.00013584 beh=5.863675 w=0.064 lr=3.454e-04 time=0.196s
[RQ-VAE] epoch=1982 loss=0.44294664 recon=0.00013569 beh=5.856251 w=0.064 lr=3.451e-04 time=0.196s
[RQ-VAE] epoch=1983 loss=0.43890032 recon=0.00013541 beh=5.857436 w=0.064 lr=3.447e-04 time=0.196s
[RQ-VAE] epoch=1984 loss=0.43840003 recon=0.00013534 beh=5.871047 w=0.065 lr=3.444e-04 time=0.196s
[RQ-VAE] epoch=1985 loss=0.43679869 recon=0.00013549 beh=5.861201 w=0.065 lr=3.441e-04 time=0.197s
[RQ-VAE] epoch=1986 loss=0.42803085 recon=0.00013551 beh=5.865930 w=0.065 lr=3.437e-04 time=0.195s
[RQ-VAE] epoch=1987 loss=0.47620669 recon=0.00013579 beh=5.861410 w=0.065 lr=3.434e-04 time=0.196s
[RQ-VAE] epoch=1988 loss=0.46528336 recon=0.00013579 beh=5.865538 w=0.065 lr=3.431e-04 time=0.195s
[RQ-VAE] epoch=1989 loss=0.47936958 recon=0.00013588 beh=5.866252 w=0.065 lr=3.427e-04 time=0.196s
[RQ-VAE] epoch=1990 loss=0.47239953 recon=0.00013594 beh=5.867480 w=0.065 lr=3.424e-04 time=0.197s
[RQ-VAE] epoch=1991 loss=0.46876025 recon=0.00013578 beh=5.867877 w=0.065 lr=3.420e-04 time=0.196s
[RQ-VAE] epoch=1992 loss=0.46222496 recon=0.00013594 beh=5.869715 w=0.066 lr=3.417e-04 time=0.197s
[RQ-VAE] epoch=1993 loss=0.45668665 recon=0.00013632 beh=5.868522 w=0.066 lr=3.414e-04 time=0.195s
[RQ-VAE] epoch=1994 loss=0.45700654 recon=0.00013636 beh=5.858106 w=0.066 lr=3.410e-04 time=0.197s
[RQ-VAE] epoch=1995 loss=0.45573646 recon=0.00013645 beh=5.862473 w=0.066 lr=3.407e-04 time=0.289s
[RQ-VAE] epoch=1996 loss=0.45198622 recon=0.00013655 beh=5.857843 w=0.066 lr=3.403e-04 time=0.196s
[RQ-VAE] epoch=1997 loss=0.44990420 recon=0.00013643 beh=5.861469 w=0.066 lr=3.400e-04 time=0.195s
[RQ-VAE] epoch=1998 loss=0.47441334 recon=0.00013645 beh=5.869238 w=0.066 lr=3.397e-04 time=0.195s
[RQ-VAE] epoch=1999 loss=0.47904912 recon=0.00013626 beh=5.869652 w=0.067 lr=3.393e-04 time=0.197s
[RQ-VAE] epoch=2000 loss=0.48784655 recon=0.00013647 lr=3.390e-04 raw_unique=16874/24587 collision=0.313702 time=0.196s
[RQ-VAE] epoch=2001 loss=0.49309984 recon=0.00013635 beh=5.868583 w=0.067 lr=3.386e-04 time=0.196s
[RQ-VAE] epoch=2002 loss=0.48023030 recon=0.00013636 beh=5.863884 w=0.067 lr=3.383e-04 time=0.196s
[RQ-VAE] epoch=2003 loss=0.46902794 recon=0.00013614 beh=5.866413 w=0.067 lr=3.380e-04 time=0.196s
[RQ-VAE] epoch=2004 loss=0.47166008 recon=0.00013621 beh=5.869694 w=0.067 lr=3.376e-04 time=0.196s
[RQ-VAE] epoch=2005 loss=0.46221304 recon=0.00013609 beh=5.865198 w=0.067 lr=3.373e-04 time=0.197s
[RQ-VAE] epoch=2006 loss=0.46315855 recon=0.00013605 beh=5.865849 w=0.067 lr=3.369e-04 time=0.203s
[RQ-VAE] epoch=2007 loss=0.47286415 recon=0.00013624 beh=5.872167 w=0.068 lr=3.366e-04 time=0.2s
[RQ-VAE] epoch=2008 loss=0.46434623 recon=0.00013627 beh=5.864273 w=0.068 lr=3.363e-04 time=0.201s
[RQ-VAE] epoch=2009 loss=0.46903896 recon=0.00013673 beh=5.858446 w=0.068 lr=3.359e-04 time=0.201s
[RQ-VAE] epoch=2010 loss=0.50212163 recon=0.00013699 beh=5.867556 w=0.068 lr=3.356e-04 time=0.201s
[RQ-VAE] epoch=2011 loss=0.48848757 recon=0.00013684 beh=5.856276 w=0.068 lr=3.353e-04 time=0.294s
[RQ-VAE] epoch=2012 loss=0.47410941 recon=0.00013672 beh=5.864325 w=0.068 lr=3.349e-04 time=0.196s
[RQ-VAE] epoch=2013 loss=0.47886458 recon=0.00013684 beh=5.861290 w=0.068 lr=3.346e-04 time=0.197s
[RQ-VAE] epoch=2014 loss=0.49331504 recon=0.00013664 beh=5.853942 w=0.069 lr=3.342e-04 time=0.197s
[RQ-VAE] epoch=2015 loss=0.48048678 recon=0.00013654 beh=5.866128 w=0.069 lr=3.339e-04 time=0.202s
[RQ-VAE] epoch=2016 loss=0.48553619 recon=0.00013670 beh=5.858788 w=0.069 lr=3.336e-04 time=0.198s
[RQ-VAE] epoch=2017 loss=0.51600289 recon=0.00013668 beh=5.863782 w=0.069 lr=3.332e-04 time=0.201s
[RQ-VAE] epoch=2018 loss=0.51388758 recon=0.00013668 beh=5.872861 w=0.069 lr=3.329e-04 time=0.197s
[RQ-VAE] epoch=2019 loss=0.50827777 recon=0.00013690 beh=5.860061 w=0.069 lr=3.325e-04 time=0.197s
[RQ-VAE] epoch=2020 loss=0.49214891 recon=0.00013721 beh=5.867189 w=0.069 lr=3.322e-04 time=0.196s
[RQ-VAE] epoch=2021 loss=0.47303444 recon=0.00013689 beh=5.862944 w=0.069 lr=3.319e-04 time=0.197s
[RQ-VAE] epoch=2022 loss=0.47774255 recon=0.00013678 beh=5.870395 w=0.070 lr=3.315e-04 time=0.201s
[RQ-VAE] epoch=2023 loss=0.48889321 recon=0.00013677 beh=5.859245 w=0.070 lr=3.312e-04 time=0.199s
[RQ-VAE] epoch=2024 loss=0.52100688 recon=0.00013668 beh=5.859137 w=0.070 lr=3.308e-04 time=0.199s
[RQ-VAE] epoch=2025 loss=0.49136528 recon=0.00013697 beh=5.868095 w=0.070 lr=3.305e-04 time=0.2s
[RQ-VAE] epoch=2026 loss=0.52273017 recon=0.00013683 beh=5.860660 w=0.070 lr=3.302e-04 time=0.199s
[RQ-VAE] epoch=2027 loss=0.49738657 recon=0.00013684 beh=5.863986 w=0.070 lr=3.298e-04 time=0.29s
[RQ-VAE] epoch=2028 loss=0.49100876 recon=0.00013705 beh=5.863624 w=0.070 lr=3.295e-04 time=0.202s
[RQ-VAE] epoch=2029 loss=0.47547936 recon=0.00013711 beh=5.856886 w=0.071 lr=3.292e-04 time=0.2s
[RQ-VAE] epoch=2030 loss=0.47434726 recon=0.00013750 beh=5.856574 w=0.071 lr=3.288e-04 time=0.202s
[RQ-VAE] epoch=2031 loss=0.49487785 recon=0.00013735 beh=5.865124 w=0.071 lr=3.285e-04 time=0.2s
[RQ-VAE] epoch=2032 loss=0.51013839 recon=0.00013718 beh=5.861444 w=0.071 lr=3.281e-04 time=0.201s
[RQ-VAE] epoch=2033 loss=0.49269205 recon=0.00013691 beh=5.859992 w=0.071 lr=3.278e-04 time=0.2s
[RQ-VAE] epoch=2034 loss=0.49580330 recon=0.00013718 beh=5.859175 w=0.071 lr=3.275e-04 time=0.202s
[RQ-VAE] epoch=2035 loss=0.48778659 recon=0.00013740 beh=5.868827 w=0.071 lr=3.271e-04 time=0.2s
[RQ-VAE] epoch=2036 loss=0.51630980 recon=0.00013747 beh=5.863910 w=0.071 lr=3.268e-04 time=0.202s
[RQ-VAE] epoch=2037 loss=0.52794826 recon=0.00013766 beh=5.864510 w=0.072 lr=3.264e-04 time=0.199s
[RQ-VAE] epoch=2038 loss=0.51008952 recon=0.00013709 beh=5.867542 w=0.072 lr=3.261e-04 time=0.202s
[RQ-VAE] epoch=2039 loss=0.52855575 recon=0.00013681 beh=5.858706 w=0.072 lr=3.258e-04 time=0.2s
[RQ-VAE] epoch=2040 loss=0.50656784 recon=0.00013702 beh=5.866289 w=0.072 lr=3.254e-04 time=0.201s
[RQ-VAE] epoch=2041 loss=0.51051748 recon=0.00013743 beh=5.865516 w=0.072 lr=3.251e-04 time=0.201s
[RQ-VAE] epoch=2042 loss=0.51562923 recon=0.00013730 beh=5.861769 w=0.072 lr=3.247e-04 time=0.301s
[RQ-VAE] epoch=2043 loss=0.50946879 recon=0.00013690 beh=5.865651 w=0.072 lr=3.244e-04 time=0.195s
[RQ-VAE] epoch=2044 loss=0.54635650 recon=0.00013680 beh=5.861640 w=0.073 lr=3.241e-04 time=0.196s
[RQ-VAE] epoch=2045 loss=0.53838927 recon=0.00013695 beh=5.875421 w=0.073 lr=3.237e-04 time=0.196s
[RQ-VAE] epoch=2046 loss=0.51928008 recon=0.00013704 beh=5.854961 w=0.073 lr=3.234e-04 time=0.196s
[RQ-VAE] epoch=2047 loss=0.50304019 recon=0.00013696 beh=5.866786 w=0.073 lr=3.231e-04 time=0.196s
[RQ-VAE] epoch=2048 loss=0.49708745 recon=0.00013708 beh=5.861088 w=0.073 lr=3.227e-04 time=0.197s
[RQ-VAE] epoch=2049 loss=0.49075738 recon=0.00013671 beh=5.865105 w=0.073 lr=3.224e-04 time=0.196s
[RQ-VAE] epoch=2050 loss=0.53748751 recon=0.00013691 lr=3.220e-04 raw_unique=16712/24587 collision=0.320291 time=0.196s
[RQ-VAE] epoch=2051 loss=0.54747915 recon=0.00013707 beh=5.861886 w=0.073 lr=3.217e-04 time=0.196s
[RQ-VAE] epoch=2052 loss=0.53749549 recon=0.00013729 beh=5.862733 w=0.074 lr=3.214e-04 time=0.196s
[RQ-VAE] epoch=2053 loss=0.53568983 recon=0.00013786 beh=5.859050 w=0.074 lr=3.210e-04 time=0.196s
[RQ-VAE] epoch=2054 loss=0.55996102 recon=0.00013698 beh=5.863215 w=0.074 lr=3.207e-04 time=0.197s
[RQ-VAE] epoch=2055 loss=0.54484051 recon=0.00013668 beh=5.850090 w=0.074 lr=3.203e-04 time=0.196s
[RQ-VAE] epoch=2056 loss=0.54156470 recon=0.00013711 beh=5.862610 w=0.074 lr=3.200e-04 time=0.214s
[RQ-VAE] epoch=2057 loss=0.53678501 recon=0.00013729 beh=5.858534 w=0.074 lr=3.197e-04 time=0.211s
[RQ-VAE] epoch=2058 loss=0.53416741 recon=0.00013721 beh=5.864190 w=0.074 lr=3.193e-04 time=0.372s
[RQ-VAE] epoch=2059 loss=0.52179670 recon=0.00013764 beh=5.861975 w=0.075 lr=3.190e-04 time=0.211s
[RQ-VAE] epoch=2060 loss=0.53065306 recon=0.00013821 beh=5.865852 w=0.075 lr=3.186e-04 time=0.212s
[RQ-VAE] epoch=2061 loss=0.51890355 recon=0.00013832 beh=5.867697 w=0.075 lr=3.183e-04 time=0.211s
[RQ-VAE] epoch=2062 loss=0.51420879 recon=0.00013760 beh=5.866809 w=0.075 lr=3.180e-04 time=0.212s
[RQ-VAE] epoch=2063 loss=0.52213109 recon=0.00013743 beh=5.868560 w=0.075 lr=3.176e-04 time=0.21s
[RQ-VAE] epoch=2064 loss=0.51537585 recon=0.00013754 beh=5.861132 w=0.075 lr=3.173e-04 time=0.211s
[RQ-VAE] epoch=2065 loss=0.52469552 recon=0.00013738 beh=5.863138 w=0.075 lr=3.169e-04 time=0.218s
[RQ-VAE] epoch=2066 loss=0.52012289 recon=0.00013720 beh=5.858877 w=0.075 lr=3.166e-04 time=0.213s
[RQ-VAE] epoch=2067 loss=0.54470599 recon=0.00013732 beh=5.854754 w=0.076 lr=3.163e-04 time=0.213s
[RQ-VAE] epoch=2068 loss=0.58118302 recon=0.00013710 beh=5.862030 w=0.076 lr=3.159e-04 time=0.212s
[RQ-VAE] epoch=2069 loss=0.56343800 recon=0.00013769 beh=5.861928 w=0.076 lr=3.156e-04 time=0.211s
[RQ-VAE] epoch=2070 loss=0.57169002 recon=0.00013799 beh=5.860995 w=0.076 lr=3.153e-04 time=0.212s
[RQ-VAE] epoch=2071 loss=0.56787854 recon=0.00013786 beh=5.867852 w=0.076 lr=3.149e-04 time=0.211s
[RQ-VAE] epoch=2072 loss=0.55595398 recon=0.00013818 beh=5.852838 w=0.076 lr=3.146e-04 time=0.212s
[RQ-VAE] epoch=2073 loss=0.53906661 recon=0.00013832 beh=5.859727 w=0.076 lr=3.142e-04 time=0.212s
[RQ-VAE] epoch=2074 loss=0.53420758 recon=0.00013824 beh=5.863160 w=0.077 lr=3.139e-04 time=0.374s
[RQ-VAE] epoch=2075 loss=0.52188194 recon=0.00013795 beh=5.862832 w=0.077 lr=3.136e-04 time=0.209s
[RQ-VAE] epoch=2076 loss=0.52735507 recon=0.00013769 beh=5.863032 w=0.077 lr=3.132e-04 time=0.211s
[RQ-VAE] epoch=2077 loss=0.53261977 recon=0.00013796 beh=5.857623 w=0.077 lr=3.129e-04 time=0.21s
[RQ-VAE] epoch=2078 loss=0.56640881 recon=0.00013809 beh=5.863134 w=0.077 lr=3.125e-04 time=0.211s
[RQ-VAE] epoch=2079 loss=0.56599021 recon=0.00013848 beh=5.861164 w=0.077 lr=3.122e-04 time=0.209s
[RQ-VAE] epoch=2080 loss=0.55700785 recon=0.00013819 beh=5.868535 w=0.077 lr=3.119e-04 time=0.21s
[RQ-VAE] epoch=2081 loss=0.54799038 recon=0.00013770 beh=5.863965 w=0.077 lr=3.115e-04 time=0.209s
[RQ-VAE] epoch=2082 loss=0.55001897 recon=0.00013787 beh=5.854751 w=0.078 lr=3.112e-04 time=0.211s
[RQ-VAE] epoch=2083 loss=0.54800618 recon=0.00013807 beh=5.862881 w=0.078 lr=3.108e-04 time=0.21s
[RQ-VAE] epoch=2084 loss=0.54142320 recon=0.00013751 beh=5.854713 w=0.078 lr=3.105e-04 time=0.212s
[RQ-VAE] epoch=2085 loss=0.55646706 recon=0.00013766 beh=5.860183 w=0.078 lr=3.102e-04 time=0.209s
[RQ-VAE] epoch=2086 loss=0.55904269 recon=0.00013778 beh=5.860105 w=0.078 lr=3.098e-04 time=0.212s
[RQ-VAE] epoch=2087 loss=0.56029046 recon=0.00013729 beh=5.864273 w=0.078 lr=3.095e-04 time=0.21s
[RQ-VAE] epoch=2088 loss=0.58384174 recon=0.00013730 beh=5.857678 w=0.078 lr=3.092e-04 time=0.211s
[RQ-VAE] epoch=2089 loss=0.55135792 recon=0.00013742 beh=5.860538 w=0.079 lr=3.088e-04 time=0.211s
[RQ-VAE] epoch=2090 loss=0.59020197 recon=0.00013800 beh=5.859107 w=0.079 lr=3.085e-04 time=0.366s
[RQ-VAE] epoch=2091 loss=0.56407750 recon=0.00013804 beh=5.860340 w=0.079 lr=3.081e-04 time=0.209s
[RQ-VAE] epoch=2092 loss=0.57971108 recon=0.00013766 beh=5.864048 w=0.079 lr=3.078e-04 time=0.21s
[RQ-VAE] epoch=2093 loss=0.56488299 recon=0.00013743 beh=5.855235 w=0.079 lr=3.075e-04 time=0.209s
[RQ-VAE] epoch=2094 loss=0.56792200 recon=0.00013736 beh=5.860970 w=0.079 lr=3.071e-04 time=0.211s
[RQ-VAE] epoch=2095 loss=0.55725795 recon=0.00013770 beh=5.868857 w=0.079 lr=3.068e-04 time=0.21s
[RQ-VAE] epoch=2096 loss=0.56648064 recon=0.00013809 beh=5.864895 w=0.079 lr=3.064e-04 time=0.209s
[RQ-VAE] epoch=2097 loss=0.55785161 recon=0.00013831 beh=5.861351 w=0.080 lr=3.061e-04 time=0.209s
[RQ-VAE] epoch=2098 loss=0.55264437 recon=0.00013790 beh=5.865897 w=0.080 lr=3.058e-04 time=0.211s
[RQ-VAE] epoch=2099 loss=0.54711878 recon=0.00013816 beh=5.866093 w=0.080 lr=3.054e-04 time=0.21s
[RQ-VAE] epoch=2100 loss=0.58351815 recon=0.00013757 lr=3.051e-04 raw_unique=17102/24587 collision=0.304429 time=0.21s
[RQ-VAE] epoch=2101 loss=0.57250774 recon=0.00013750 beh=5.852680 w=0.080 lr=3.047e-04 time=0.211s
[RQ-VAE] epoch=2102 loss=0.55748916 recon=0.00013774 beh=5.860469 w=0.080 lr=3.044e-04 time=0.211s
[RQ-VAE] epoch=2103 loss=0.55515373 recon=0.00013762 beh=5.850822 w=0.080 lr=3.041e-04 time=0.21s
[RQ-VAE] epoch=2104 loss=0.56198889 recon=0.00013787 beh=5.870143 w=0.081 lr=3.037e-04 time=0.21s
[RQ-VAE] epoch=2105 loss=0.58040696 recon=0.00013855 beh=5.861809 w=0.081 lr=3.034e-04 time=0.21s
[RQ-VAE] epoch=2106 loss=0.59406334 recon=0.00013842 beh=5.855493 w=0.081 lr=3.031e-04 time=0.361s
[RQ-VAE] epoch=2107 loss=0.58615404 recon=0.00013813 beh=5.854946 w=0.081 lr=3.027e-04 time=0.211s
[RQ-VAE] epoch=2108 loss=0.59530050 recon=0.00013799 beh=5.867045 w=0.081 lr=3.024e-04 time=0.211s
[RQ-VAE] epoch=2109 loss=0.58355784 recon=0.00013807 beh=5.857558 w=0.081 lr=3.020e-04 time=0.21s
[RQ-VAE] epoch=2110 loss=0.58017975 recon=0.00013766 beh=5.857747 w=0.081 lr=3.017e-04 time=0.21s
[RQ-VAE] epoch=2111 loss=0.56958902 recon=0.00013778 beh=5.861588 w=0.081 lr=3.014e-04 time=0.21s
[RQ-VAE] epoch=2112 loss=0.61136699 recon=0.00013807 beh=5.860388 w=0.082 lr=3.010e-04 time=0.21s
[RQ-VAE] epoch=2113 loss=0.58688271 recon=0.00013831 beh=5.859355 w=0.082 lr=3.007e-04 time=0.211s
[RQ-VAE] epoch=2114 loss=0.57390344 recon=0.00013800 beh=5.861596 w=0.082 lr=3.003e-04 time=0.21s
[RQ-VAE] epoch=2115 loss=0.56667578 recon=0.00013813 beh=5.865283 w=0.082 lr=3.000e-04 time=0.208s
[RQ-VAE] epoch=2116 loss=0.56832123 recon=0.00013835 beh=5.856953 w=0.082 lr=2.997e-04 time=0.21s
[RQ-VAE] epoch=2117 loss=0.64220196 recon=0.00013842 beh=5.861847 w=0.082 lr=2.993e-04 time=0.21s
[RQ-VAE] epoch=2118 loss=0.60957813 recon=0.00013853 beh=5.852784 w=0.082 lr=2.990e-04 time=0.211s
[RQ-VAE] epoch=2119 loss=0.62049806 recon=0.00013828 beh=5.854390 w=0.083 lr=2.986e-04 time=0.211s
[RQ-VAE] epoch=2120 loss=0.61094081 recon=0.00013884 beh=5.858397 w=0.083 lr=2.983e-04 time=0.211s
[RQ-VAE] epoch=2121 loss=0.60251808 recon=0.00013846 beh=5.861018 w=0.083 lr=2.980e-04 time=0.21s
[RQ-VAE] epoch=2122 loss=0.58367193 recon=0.00013843 beh=5.856954 w=0.083 lr=2.976e-04 time=0.358s
[RQ-VAE] epoch=2123 loss=0.56660783 recon=0.00013816 beh=5.858220 w=0.083 lr=2.973e-04 time=0.21s
[RQ-VAE] epoch=2124 loss=0.59980041 recon=0.00013821 beh=5.857919 w=0.083 lr=2.969e-04 time=0.209s
[RQ-VAE] epoch=2125 loss=0.60427207 recon=0.00013816 beh=5.864963 w=0.083 lr=2.966e-04 time=0.209s
[RQ-VAE] epoch=2126 loss=0.59375572 recon=0.00013825 beh=5.859482 w=0.083 lr=2.963e-04 time=0.209s
[RQ-VAE] epoch=2127 loss=0.59592694 recon=0.00013824 beh=5.854561 w=0.084 lr=2.959e-04 time=0.211s
[RQ-VAE] epoch=2128 loss=0.61648715 recon=0.00013844 beh=5.862042 w=0.084 lr=2.956e-04 time=0.209s
[RQ-VAE] epoch=2129 loss=0.62883043 recon=0.00013861 beh=5.868184 w=0.084 lr=2.953e-04 time=0.21s
[RQ-VAE] epoch=2130 loss=0.62471735 recon=0.00013864 beh=5.860014 w=0.084 lr=2.949e-04 time=0.209s
[RQ-VAE] epoch=2131 loss=0.62243390 recon=0.00013855 beh=5.860446 w=0.084 lr=2.946e-04 time=0.21s
[RQ-VAE] epoch=2132 loss=0.60085857 recon=0.00013898 beh=5.853158 w=0.084 lr=2.942e-04 time=0.209s
[RQ-VAE] epoch=2133 loss=0.60248691 recon=0.00013808 beh=5.856788 w=0.084 lr=2.939e-04 time=0.21s
[RQ-VAE] epoch=2134 loss=0.59482551 recon=0.00013797 beh=5.861044 w=0.085 lr=2.936e-04 time=0.209s
[RQ-VAE] epoch=2135 loss=0.59537554 recon=0.00013827 beh=5.863475 w=0.085 lr=2.932e-04 time=0.211s
[RQ-VAE] epoch=2136 loss=0.63899308 recon=0.00013875 beh=5.862426 w=0.085 lr=2.929e-04 time=0.209s
[RQ-VAE] epoch=2137 loss=0.61759156 recon=0.00013942 beh=5.866250 w=0.085 lr=2.925e-04 time=0.361s
[RQ-VAE] epoch=2138 loss=0.61443293 recon=0.00013938 beh=5.860370 w=0.085 lr=2.922e-04 time=0.209s
[RQ-VAE] epoch=2139 loss=0.59928703 recon=0.00013893 beh=5.860239 w=0.085 lr=2.919e-04 time=0.21s
[RQ-VAE] epoch=2140 loss=0.60058701 recon=0.00013921 beh=5.861335 w=0.085 lr=2.915e-04 time=0.209s
[RQ-VAE] epoch=2141 loss=0.62690783 recon=0.00013881 beh=5.858874 w=0.085 lr=2.912e-04 time=0.211s
[RQ-VAE] epoch=2142 loss=0.62674028 recon=0.00013872 beh=5.857892 w=0.086 lr=2.908e-04 time=0.209s
[RQ-VAE] epoch=2143 loss=0.62469459 recon=0.00013893 beh=5.856598 w=0.086 lr=2.905e-04 time=0.21s
[RQ-VAE] epoch=2144 loss=0.62137771 recon=0.00013895 beh=5.856488 w=0.086 lr=2.902e-04 time=0.209s
[RQ-VAE] epoch=2145 loss=0.63621491 recon=0.00013882 beh=5.858357 w=0.086 lr=2.898e-04 time=0.211s
[RQ-VAE] epoch=2146 loss=0.62778628 recon=0.00013887 beh=5.859255 w=0.086 lr=2.895e-04 time=0.21s
[RQ-VAE] epoch=2147 loss=0.62153840 recon=0.00013875 beh=5.857476 w=0.086 lr=2.892e-04 time=0.21s
[RQ-VAE] epoch=2148 loss=0.61802483 recon=0.00013896 beh=5.861597 w=0.086 lr=2.888e-04 time=0.209s
[RQ-VAE] epoch=2149 loss=0.61769158 recon=0.00013910 beh=5.857105 w=0.087 lr=2.885e-04 time=0.21s
[RQ-VAE] epoch=2150 loss=0.60137206 recon=0.00013906 lr=2.881e-04 raw_unique=17013/24587 collision=0.308049 time=0.209s
[RQ-VAE] epoch=2151 loss=0.60372066 recon=0.00013935 beh=5.864021 w=0.087 lr=2.878e-04 time=0.212s
[RQ-VAE] epoch=2152 loss=0.59152734 recon=0.00013945 beh=5.862164 w=0.087 lr=2.875e-04 time=0.209s
[RQ-VAE] epoch=2153 loss=0.60338867 recon=0.00013957 beh=5.860286 w=0.087 lr=2.871e-04 time=0.36s
[RQ-VAE] epoch=2154 loss=0.59983367 recon=0.00013919 beh=5.859824 w=0.087 lr=2.868e-04 time=0.21s
[RQ-VAE] epoch=2155 loss=0.62528157 recon=0.00013933 beh=5.858809 w=0.087 lr=2.864e-04 time=0.21s
[RQ-VAE] epoch=2156 loss=0.66195601 recon=0.00013903 beh=5.855851 w=0.087 lr=2.861e-04 time=0.209s
[RQ-VAE] epoch=2157 loss=0.65420526 recon=0.00013930 beh=5.855501 w=0.088 lr=2.858e-04 time=0.209s
[RQ-VAE] epoch=2158 loss=0.63023663 recon=0.00013947 beh=5.859729 w=0.088 lr=2.854e-04 time=0.209s
[RQ-VAE] epoch=2159 loss=0.60857630 recon=0.00013909 beh=5.862871 w=0.088 lr=2.851e-04 time=0.21s
[RQ-VAE] epoch=2160 loss=0.63947821 recon=0.00013904 beh=5.856578 w=0.088 lr=2.847e-04 time=0.21s
[RQ-VAE] epoch=2161 loss=0.63862109 recon=0.00013913 beh=5.853576 w=0.088 lr=2.844e-04 time=0.209s
[RQ-VAE] epoch=2162 loss=0.63417405 recon=0.00013917 beh=5.856660 w=0.088 lr=2.841e-04 time=0.21s
[RQ-VAE] epoch=2163 loss=0.62074494 recon=0.00013901 beh=5.853045 w=0.088 lr=2.837e-04 time=0.212s
[RQ-VAE] epoch=2164 loss=0.61851579 recon=0.00013910 beh=5.863727 w=0.089 lr=2.834e-04 time=0.21s
[RQ-VAE] epoch=2165 loss=0.63859308 recon=0.00013941 beh=5.862868 w=0.089 lr=2.831e-04 time=0.209s
[RQ-VAE] epoch=2166 loss=0.64185709 recon=0.00013941 beh=5.841336 w=0.089 lr=2.827e-04 time=0.208s
[RQ-VAE] epoch=2167 loss=0.64910287 recon=0.00013911 beh=5.854334 w=0.089 lr=2.824e-04 time=0.211s
[RQ-VAE] epoch=2168 loss=0.69174659 recon=0.00013931 beh=5.862589 w=0.089 lr=2.820e-04 time=0.21s
[RQ-VAE] epoch=2169 loss=0.67250240 recon=0.00013932 beh=5.852015 w=0.089 lr=2.817e-04 time=0.359s
[RQ-VAE] epoch=2170 loss=0.65410042 recon=0.00013967 beh=5.856383 w=0.089 lr=2.814e-04 time=0.209s
[RQ-VAE] epoch=2171 loss=0.63167143 recon=0.00014011 beh=5.851977 w=0.089 lr=2.810e-04 time=0.21s
[RQ-VAE] epoch=2172 loss=0.61320853 recon=0.00013957 beh=5.850770 w=0.090 lr=2.807e-04 time=0.209s
[RQ-VAE] epoch=2173 loss=0.64585841 recon=0.00013943 beh=5.847798 w=0.090 lr=2.803e-04 time=0.21s
[RQ-VAE] epoch=2174 loss=0.68667525 recon=0.00013954 beh=5.845355 w=0.090 lr=2.800e-04 time=0.21s
[RQ-VAE] epoch=2175 loss=0.67245930 recon=0.00013995 beh=5.859391 w=0.090 lr=2.797e-04 time=0.213s
[RQ-VAE] epoch=2176 loss=0.66029346 recon=0.00013999 beh=5.863448 w=0.090 lr=2.793e-04 time=0.197s
[RQ-VAE] epoch=2177 loss=0.65540630 recon=0.00013977 beh=5.862068 w=0.090 lr=2.790e-04 time=0.201s
[RQ-VAE] epoch=2178 loss=0.65001023 recon=0.00013965 beh=5.857079 w=0.090 lr=2.786e-04 time=0.201s
[RQ-VAE] epoch=2179 loss=0.64943117 recon=0.00013955 beh=5.861705 w=0.091 lr=2.783e-04 time=0.202s
[RQ-VAE] epoch=2180 loss=0.69339615 recon=0.00013963 beh=5.866831 w=0.091 lr=2.780e-04 time=0.2s
[RQ-VAE] epoch=2181 loss=0.68071300 recon=0.00013978 beh=5.854893 w=0.091 lr=2.776e-04 time=0.201s
[RQ-VAE] epoch=2182 loss=0.66623032 recon=0.00013977 beh=5.865102 w=0.091 lr=2.773e-04 time=0.201s
[RQ-VAE] epoch=2183 loss=0.69159341 recon=0.00013972 beh=5.853531 w=0.091 lr=2.769e-04 time=0.203s
[RQ-VAE] epoch=2184 loss=0.69532806 recon=0.00013964 beh=5.863217 w=0.091 lr=2.766e-04 time=0.202s
[RQ-VAE] epoch=2185 loss=0.68170583 recon=0.00013976 beh=5.855547 w=0.091 lr=2.763e-04 time=0.309s
[RQ-VAE] epoch=2186 loss=0.65412593 recon=0.00013974 beh=5.850303 w=0.091 lr=2.759e-04 time=0.196s
[RQ-VAE] epoch=2187 loss=0.63466024 recon=0.00013989 beh=5.859560 w=0.092 lr=2.756e-04 time=0.196s
[RQ-VAE] epoch=2188 loss=0.62834024 recon=0.00013988 beh=5.858309 w=0.092 lr=2.753e-04 time=0.196s
[RQ-VAE] epoch=2189 loss=0.62535453 recon=0.00013963 beh=5.848562 w=0.092 lr=2.749e-04 time=0.196s
[RQ-VAE] epoch=2190 loss=0.64393044 recon=0.00013964 beh=5.856192 w=0.092 lr=2.746e-04 time=0.196s
[RQ-VAE] epoch=2191 loss=0.66685683 recon=0.00013970 beh=5.857060 w=0.092 lr=2.742e-04 time=0.195s
[RQ-VAE] epoch=2192 loss=0.69918603 recon=0.00013987 beh=5.857931 w=0.092 lr=2.739e-04 time=0.196s
[RQ-VAE] epoch=2193 loss=0.67938536 recon=0.00013975 beh=5.853767 w=0.092 lr=2.736e-04 time=0.198s
[RQ-VAE] epoch=2194 loss=0.70567602 recon=0.00013956 beh=5.855155 w=0.093 lr=2.732e-04 time=0.201s
[RQ-VAE] epoch=2195 loss=0.68428433 recon=0.00013978 beh=5.855428 w=0.093 lr=2.729e-04 time=0.201s
[RQ-VAE] epoch=2196 loss=0.67951494 recon=0.00013985 beh=5.858216 w=0.093 lr=2.725e-04 time=0.201s
[RQ-VAE] epoch=2197 loss=0.66847414 recon=0.00013994 beh=5.864498 w=0.093 lr=2.722e-04 time=0.201s
[RQ-VAE] epoch=2198 loss=0.68617791 recon=0.00014021 beh=5.856951 w=0.093 lr=2.719e-04 time=0.201s
[RQ-VAE] epoch=2199 loss=0.68296778 recon=0.00014007 beh=5.863004 w=0.093 lr=2.715e-04 time=0.201s
[RQ-VAE] epoch=2200 loss=0.67157871 recon=0.00014013 lr=2.712e-04 raw_unique=17067/24587 collision=0.305853 time=0.202s
[RQ-VAE] epoch=2201 loss=0.68428290 recon=0.00013982 beh=5.864756 w=0.093 lr=2.708e-04 time=0.298s
[RQ-VAE] epoch=2202 loss=0.70443606 recon=0.00013993 beh=5.857430 w=0.094 lr=2.705e-04 time=0.196s
[RQ-VAE] epoch=2203 loss=0.70196944 recon=0.00013979 beh=5.860807 w=0.094 lr=2.702e-04 time=0.196s
[RQ-VAE] epoch=2204 loss=0.70592308 recon=0.00013988 beh=5.850572 w=0.094 lr=2.698e-04 time=0.203s
[RQ-VAE] epoch=2205 loss=0.70309061 recon=0.00014000 beh=5.854305 w=0.094 lr=2.695e-04 time=0.199s
[RQ-VAE] epoch=2206 loss=0.67382836 recon=0.00014010 beh=5.855367 w=0.094 lr=2.692e-04 time=0.199s
[RQ-VAE] epoch=2207 loss=0.65964323 recon=0.00014020 beh=5.852865 w=0.094 lr=2.688e-04 time=0.196s
[RQ-VAE] epoch=2208 loss=0.73375863 recon=0.00014030 beh=5.860863 w=0.094 lr=2.685e-04 time=0.198s
[RQ-VAE] epoch=2209 loss=0.69612306 recon=0.00014064 beh=5.851960 w=0.095 lr=2.681e-04 time=0.196s
[RQ-VAE] epoch=2210 loss=0.68120384 recon=0.00014037 beh=5.850714 w=0.095 lr=2.678e-04 time=0.196s
[RQ-VAE] epoch=2211 loss=0.65948045 recon=0.00014011 beh=5.858201 w=0.095 lr=2.675e-04 time=0.199s
[RQ-VAE] epoch=2212 loss=0.68388486 recon=0.00014007 beh=5.860393 w=0.095 lr=2.671e-04 time=0.196s
[RQ-VAE] epoch=2213 loss=0.72819477 recon=0.00014058 beh=5.859283 w=0.095 lr=2.668e-04 time=0.196s
[RQ-VAE] epoch=2214 loss=0.68589902 recon=0.00014050 beh=5.859260 w=0.095 lr=2.664e-04 time=0.196s
[RQ-VAE] epoch=2215 loss=0.70385528 recon=0.00014037 beh=5.866163 w=0.095 lr=2.661e-04 time=0.198s
[RQ-VAE] epoch=2216 loss=0.71999133 recon=0.00014027 beh=5.857888 w=0.095 lr=2.658e-04 time=0.197s
[RQ-VAE] epoch=2217 loss=0.70451617 recon=0.00014038 beh=5.867865 w=0.096 lr=2.654e-04 time=0.307s
[RQ-VAE] epoch=2218 loss=0.69707704 recon=0.00013999 beh=5.866696 w=0.096 lr=2.651e-04 time=0.198s
[RQ-VAE] epoch=2219 loss=0.68670422 recon=0.00014000 beh=5.856991 w=0.096 lr=2.647e-04 time=0.196s
[RQ-VAE] epoch=2220 loss=0.68076408 recon=0.00014016 beh=5.865572 w=0.096 lr=2.644e-04 time=0.197s
[RQ-VAE] epoch=2221 loss=0.68717647 recon=0.00014022 beh=5.861328 w=0.096 lr=2.641e-04 time=0.195s
[RQ-VAE] epoch=2222 loss=0.66862786 recon=0.00014045 beh=5.864614 w=0.096 lr=2.637e-04 time=0.196s
[RQ-VAE] epoch=2223 loss=0.66728729 recon=0.00014034 beh=5.860226 w=0.096 lr=2.634e-04 time=0.198s
[RQ-VAE] epoch=2224 loss=0.69276673 recon=0.00014026 beh=5.851164 w=0.097 lr=2.631e-04 time=0.197s
[RQ-VAE] epoch=2225 loss=0.66851187 recon=0.00014044 beh=5.860082 w=0.097 lr=2.627e-04 time=0.195s
[RQ-VAE] epoch=2226 loss=0.66941476 recon=0.00014051 beh=5.852786 w=0.097 lr=2.624e-04 time=0.196s
[RQ-VAE] epoch=2227 loss=0.74802911 recon=0.00014036 beh=5.862432 w=0.097 lr=2.620e-04 time=0.195s
[RQ-VAE] epoch=2228 loss=0.70046878 recon=0.00014002 beh=5.857988 w=0.097 lr=2.617e-04 time=0.196s
[RQ-VAE] epoch=2229 loss=0.72167480 recon=0.00014031 beh=5.858662 w=0.097 lr=2.614e-04 time=0.196s
[RQ-VAE] epoch=2230 loss=0.69740677 recon=0.00014026 beh=5.856927 w=0.097 lr=2.610e-04 time=0.195s
[RQ-VAE] epoch=2231 loss=0.67468089 recon=0.00014032 beh=5.857328 w=0.097 lr=2.607e-04 time=0.199s
[RQ-VAE] epoch=2232 loss=0.68161261 recon=0.00014049 beh=5.857921 w=0.098 lr=2.603e-04 time=0.314s
[RQ-VAE] epoch=2233 loss=0.69433862 recon=0.00014048 beh=5.853418 w=0.098 lr=2.600e-04 time=0.195s
[RQ-VAE] epoch=2234 loss=0.70247591 recon=0.00014044 beh=5.854631 w=0.098 lr=2.597e-04 time=0.195s
[RQ-VAE] epoch=2235 loss=0.71722043 recon=0.00014103 beh=5.848829 w=0.098 lr=2.593e-04 time=0.196s
[RQ-VAE] epoch=2236 loss=0.72965592 recon=0.00014086 beh=5.853934 w=0.098 lr=2.590e-04 time=0.197s
[RQ-VAE] epoch=2237 loss=0.72395432 recon=0.00014057 beh=5.858098 w=0.098 lr=2.586e-04 time=0.196s
[RQ-VAE] epoch=2238 loss=0.70974350 recon=0.00014059 beh=5.856545 w=0.098 lr=2.583e-04 time=0.196s
[RQ-VAE] epoch=2239 loss=0.72081703 recon=0.00014090 beh=5.858601 w=0.099 lr=2.580e-04 time=0.195s
[RQ-VAE] epoch=2240 loss=0.72077620 recon=0.00014099 beh=5.862262 w=0.099 lr=2.576e-04 time=0.197s
[RQ-VAE] epoch=2241 loss=0.70507097 recon=0.00014098 beh=5.859924 w=0.099 lr=2.573e-04 time=0.195s
[RQ-VAE] epoch=2242 loss=0.70710224 recon=0.00014117 beh=5.855862 w=0.099 lr=2.569e-04 time=0.196s
[RQ-VAE] epoch=2243 loss=0.76574534 recon=0.00014105 beh=5.857846 w=0.099 lr=2.566e-04 time=0.196s
[RQ-VAE] epoch=2244 loss=0.73147607 recon=0.00014094 beh=5.861108 w=0.099 lr=2.563e-04 time=0.196s
[RQ-VAE] epoch=2245 loss=0.75126702 recon=0.00014114 beh=5.860153 w=0.099 lr=2.559e-04 time=0.196s
[RQ-VAE] epoch=2246 loss=0.71717119 recon=0.00014119 beh=5.853765 w=0.099 lr=2.556e-04 time=0.197s
[RQ-VAE] epoch=2247 loss=0.72129369 recon=0.00014113 beh=5.858799 w=0.100 lr=2.553e-04 time=0.195s
[RQ-VAE] epoch=2248 loss=0.77015281 recon=0.00014100 beh=5.852314 w=0.100 lr=2.549e-04 time=0.289s
[RQ-VAE] epoch=2249 loss=0.74415708 recon=0.00014124 beh=5.855259 w=0.100 lr=2.546e-04 time=0.196s
[RQ-VAE] epoch=2250 loss=0.75141275 recon=0.00014116 lr=2.542e-04 raw_unique=16753/24587 collision=0.318624 time=0.196s
[RQ-VAE] epoch=2251 loss=0.73736155 recon=0.00014100 beh=5.853953 w=0.100 lr=2.539e-04 time=0.196s
[RQ-VAE] epoch=2252 loss=0.71375418 recon=0.00014091 beh=5.856958 w=0.100 lr=2.536e-04 time=0.196s
[RQ-VAE] epoch=2253 loss=0.70639908 recon=0.00014094 beh=5.857475 w=0.100 lr=2.532e-04 time=0.195s
[RQ-VAE] epoch=2254 loss=0.75079656 recon=0.00014104 beh=5.859606 w=0.101 lr=2.529e-04 time=0.195s
[RQ-VAE] epoch=2255 loss=0.73568559 recon=0.00014097 beh=5.855922 w=0.101 lr=2.525e-04 time=0.198s
[RQ-VAE] epoch=2256 loss=0.71790802 recon=0.00014130 beh=5.854439 w=0.101 lr=2.522e-04 time=0.197s
[RQ-VAE] epoch=2257 loss=0.73921847 recon=0.00014111 beh=5.865034 w=0.101 lr=2.519e-04 time=0.197s
[RQ-VAE] epoch=2258 loss=0.78966689 recon=0.00014079 beh=5.858169 w=0.101 lr=2.515e-04 time=0.202s
[RQ-VAE] epoch=2259 loss=0.76318175 recon=0.00014063 beh=5.854116 w=0.101 lr=2.512e-04 time=0.195s
[RQ-VAE] epoch=2260 loss=0.71939254 recon=0.00014140 beh=5.867233 w=0.101 lr=2.508e-04 time=0.197s
[RQ-VAE] epoch=2261 loss=0.70464009 recon=0.00014118 beh=5.855910 w=0.101 lr=2.505e-04 time=0.198s
[RQ-VAE] epoch=2262 loss=0.69991344 recon=0.00014102 beh=5.854465 w=0.102 lr=2.502e-04 time=0.197s
[RQ-VAE] epoch=2263 loss=0.78079009 recon=0.00014099 beh=5.860241 w=0.102 lr=2.498e-04 time=0.196s
[RQ-VAE] epoch=2264 loss=0.76915240 recon=0.00014063 beh=5.855615 w=0.102 lr=2.495e-04 time=0.306s
[RQ-VAE] epoch=2265 loss=0.77616578 recon=0.00014091 beh=5.859491 w=0.102 lr=2.492e-04 time=0.198s
[RQ-VAE] epoch=2266 loss=0.74789703 recon=0.00014123 beh=5.855243 w=0.102 lr=2.488e-04 time=0.197s
[RQ-VAE] epoch=2267 loss=0.72837371 recon=0.00014145 beh=5.857533 w=0.102 lr=2.485e-04 time=0.196s
[RQ-VAE] epoch=2268 loss=0.74062490 recon=0.00014128 beh=5.853347 w=0.102 lr=2.481e-04 time=0.197s
[RQ-VAE] epoch=2269 loss=0.73047531 recon=0.00014112 beh=5.858007 w=0.103 lr=2.478e-04 time=0.195s
[RQ-VAE] epoch=2270 loss=0.72087657 recon=0.00014097 beh=5.856698 w=0.103 lr=2.475e-04 time=0.196s
[RQ-VAE] epoch=2271 loss=0.71972066 recon=0.00014104 beh=5.852389 w=0.103 lr=2.471e-04 time=0.195s
[RQ-VAE] epoch=2272 loss=0.74048519 recon=0.00014143 beh=5.862061 w=0.103 lr=2.468e-04 time=0.196s
[RQ-VAE] epoch=2273 loss=0.74461454 recon=0.00014124 beh=5.857498 w=0.103 lr=2.464e-04 time=0.196s
[RQ-VAE] epoch=2274 loss=0.77074236 recon=0.00014107 beh=5.853485 w=0.103 lr=2.461e-04 time=0.196s
[RQ-VAE] epoch=2275 loss=0.76713109 recon=0.00014112 beh=5.867327 w=0.103 lr=2.458e-04 time=0.196s
[RQ-VAE] epoch=2276 loss=0.74170709 recon=0.00014126 beh=5.863768 w=0.103 lr=2.454e-04 time=0.196s
[RQ-VAE] epoch=2277 loss=0.75576836 recon=0.00014167 beh=5.861133 w=0.104 lr=2.451e-04 time=0.201s
[RQ-VAE] epoch=2278 loss=0.74425209 recon=0.00014123 beh=5.860112 w=0.104 lr=2.447e-04 time=0.197s
[RQ-VAE] epoch=2279 loss=0.72401804 recon=0.00014148 beh=5.855735 w=0.104 lr=2.444e-04 time=0.196s
[RQ-VAE] epoch=2280 loss=0.72872764 recon=0.00014133 beh=5.859481 w=0.104 lr=2.441e-04 time=0.305s
[RQ-VAE] epoch=2281 loss=0.78783131 recon=0.00014121 beh=5.864038 w=0.104 lr=2.437e-04 time=0.195s
[RQ-VAE] epoch=2282 loss=0.75102150 recon=0.00014138 beh=5.847945 w=0.104 lr=2.434e-04 time=0.198s
[RQ-VAE] epoch=2283 loss=0.73577738 recon=0.00014146 beh=5.855905 w=0.104 lr=2.431e-04 time=0.196s
[RQ-VAE] epoch=2284 loss=0.76884317 recon=0.00014161 beh=5.851335 w=0.105 lr=2.427e-04 time=0.197s
[RQ-VAE] epoch=2285 loss=0.76831579 recon=0.00014155 beh=5.861691 w=0.105 lr=2.424e-04 time=0.196s
[RQ-VAE] epoch=2286 loss=0.75122768 recon=0.00014168 beh=5.848303 w=0.105 lr=2.420e-04 time=0.197s
[RQ-VAE] epoch=2287 loss=0.74613953 recon=0.00014192 beh=5.859975 w=0.105 lr=2.417e-04 time=0.201s
[RQ-VAE] epoch=2288 loss=0.74977922 recon=0.00014179 beh=5.861036 w=0.105 lr=2.414e-04 time=0.201s
[RQ-VAE] epoch=2289 loss=0.74695182 recon=0.00014183 beh=5.852384 w=0.105 lr=2.410e-04 time=0.2s
[RQ-VAE] epoch=2290 loss=0.76501226 recon=0.00014169 beh=5.861041 w=0.105 lr=2.407e-04 time=0.201s
[RQ-VAE] epoch=2291 loss=0.76343030 recon=0.00014186 beh=5.854659 w=0.105 lr=2.403e-04 time=0.202s
[RQ-VAE] epoch=2292 loss=0.78569162 recon=0.00014168 beh=5.853126 w=0.106 lr=2.400e-04 time=0.203s
[RQ-VAE] epoch=2293 loss=0.75661075 recon=0.00014207 beh=5.858872 w=0.106 lr=2.397e-04 time=0.201s
[RQ-VAE] epoch=2294 loss=0.74017417 recon=0.00014208 beh=5.853449 w=0.106 lr=2.393e-04 time=0.202s
[RQ-VAE] epoch=2295 loss=0.72896141 recon=0.00014214 beh=5.863748 w=0.106 lr=2.390e-04 time=0.202s
[RQ-VAE] epoch=2296 loss=0.71999222 recon=0.00014205 beh=5.854026 w=0.106 lr=2.386e-04 time=0.306s
[RQ-VAE] epoch=2297 loss=0.72764635 recon=0.00014206 beh=5.851621 w=0.106 lr=2.383e-04 time=0.2s
[RQ-VAE] epoch=2298 loss=0.71723133 recon=0.00014218 beh=5.856449 w=0.106 lr=2.380e-04 time=0.201s
[RQ-VAE] epoch=2299 loss=0.71891612 recon=0.00014205 beh=5.860734 w=0.107 lr=2.376e-04 time=0.202s
[RQ-VAE] epoch=2300 loss=0.75874972 recon=0.00014228 lr=2.373e-04 raw_unique=17314/24587 collision=0.295807 time=0.201s
[RQ-VAE] epoch=2301 loss=0.79949713 recon=0.00014231 beh=5.855879 w=0.107 lr=2.369e-04 time=0.203s
[RQ-VAE] epoch=2302 loss=0.79371083 recon=0.00014206 beh=5.849493 w=0.107 lr=2.366e-04 time=0.201s
[RQ-VAE] epoch=2303 loss=0.78399277 recon=0.00014205 beh=5.848026 w=0.107 lr=2.363e-04 time=0.202s
[RQ-VAE] epoch=2304 loss=0.75389004 recon=0.00014188 beh=5.847130 w=0.107 lr=2.359e-04 time=0.202s
[RQ-VAE] epoch=2305 loss=0.75480217 recon=0.00014209 beh=5.849261 w=0.107 lr=2.356e-04 time=0.202s
[RQ-VAE] epoch=2306 loss=0.78808135 recon=0.00014236 beh=5.845808 w=0.107 lr=2.353e-04 time=0.202s
[RQ-VAE] epoch=2307 loss=0.77583617 recon=0.00014218 beh=5.854215 w=0.108 lr=2.349e-04 time=0.202s
[RQ-VAE] epoch=2308 loss=0.77225327 recon=0.00014241 beh=5.850472 w=0.108 lr=2.346e-04 time=0.202s
[RQ-VAE] epoch=2309 loss=0.76905453 recon=0.00014218 beh=5.853607 w=0.108 lr=2.342e-04 time=0.202s
[RQ-VAE] epoch=2310 loss=0.75851190 recon=0.00014246 beh=5.858731 w=0.108 lr=2.339e-04 time=0.201s
[RQ-VAE] epoch=2311 loss=0.74762350 recon=0.00014262 beh=5.856400 w=0.108 lr=2.336e-04 time=0.201s
[RQ-VAE] epoch=2312 loss=0.77605367 recon=0.00014254 beh=5.849276 w=0.108 lr=2.332e-04 time=0.312s
[RQ-VAE] epoch=2313 loss=0.76886469 recon=0.00014230 beh=5.855348 w=0.108 lr=2.329e-04 time=0.201s
[RQ-VAE] epoch=2314 loss=0.76435620 recon=0.00014241 beh=5.861464 w=0.109 lr=2.325e-04 time=0.2s
[RQ-VAE] epoch=2315 loss=0.76247263 recon=0.00014221 beh=5.852809 w=0.109 lr=2.322e-04 time=0.202s
[RQ-VAE] epoch=2316 loss=0.74993521 recon=0.00014216 beh=5.860463 w=0.109 lr=2.319e-04 time=0.199s
[RQ-VAE] epoch=2317 loss=0.75503397 recon=0.00014183 beh=5.858026 w=0.109 lr=2.315e-04 time=0.202s
[RQ-VAE] epoch=2318 loss=0.74396008 recon=0.00014200 beh=5.858942 w=0.109 lr=2.312e-04 time=0.2s
[RQ-VAE] epoch=2319 loss=0.77126396 recon=0.00014268 beh=5.854551 w=0.109 lr=2.308e-04 time=0.201s
[RQ-VAE] epoch=2320 loss=0.79373562 recon=0.00014285 beh=5.846889 w=0.109 lr=2.305e-04 time=0.201s
[RQ-VAE] epoch=2321 loss=0.81238389 recon=0.00014293 beh=5.854931 w=0.109 lr=2.302e-04 time=0.2s
[RQ-VAE] epoch=2322 loss=0.76286191 recon=0.00014281 beh=5.856606 w=0.110 lr=2.298e-04 time=0.2s
[RQ-VAE] epoch=2323 loss=0.76809204 recon=0.00014276 beh=5.860002 w=0.110 lr=2.295e-04 time=0.201s
[RQ-VAE] epoch=2324 loss=0.77103812 recon=0.00014232 beh=5.851415 w=0.110 lr=2.292e-04 time=0.2s
[RQ-VAE] epoch=2325 loss=0.75966084 recon=0.00014246 beh=5.851165 w=0.110 lr=2.288e-04 time=0.2s
[RQ-VAE] epoch=2326 loss=0.81365550 recon=0.00014256 beh=5.856236 w=0.110 lr=2.285e-04 time=0.199s
[RQ-VAE] epoch=2327 loss=0.84435332 recon=0.00014232 beh=5.854760 w=0.110 lr=2.281e-04 time=0.31s
[RQ-VAE] epoch=2328 loss=0.80533201 recon=0.00014213 beh=5.859729 w=0.110 lr=2.278e-04 time=0.202s
[RQ-VAE] epoch=2329 loss=0.76904154 recon=0.00014216 beh=5.854263 w=0.111 lr=2.275e-04 time=0.2s
[RQ-VAE] epoch=2330 loss=0.74245280 recon=0.00014217 beh=5.856622 w=0.111 lr=2.271e-04 time=0.2s
[RQ-VAE] epoch=2331 loss=0.74994320 recon=0.00014220 beh=5.855564 w=0.111 lr=2.268e-04 time=0.201s
[RQ-VAE] epoch=2332 loss=0.80313146 recon=0.00014266 beh=5.854518 w=0.111 lr=2.264e-04 time=0.201s
[RQ-VAE] epoch=2333 loss=0.81105942 recon=0.00014274 beh=5.855652 w=0.111 lr=2.261e-04 time=0.201s
[RQ-VAE] epoch=2334 loss=0.77320790 recon=0.00014274 beh=5.848947 w=0.111 lr=2.258e-04 time=0.201s
[RQ-VAE] epoch=2335 loss=0.79534537 recon=0.00014267 beh=5.853421 w=0.111 lr=2.254e-04 time=0.2s
[RQ-VAE] epoch=2336 loss=0.80554718 recon=0.00014278 beh=5.851626 w=0.111 lr=2.251e-04 time=0.2s
[RQ-VAE] epoch=2337 loss=0.76717937 recon=0.00014192 beh=5.851141 w=0.112 lr=2.247e-04 time=0.201s
[RQ-VAE] epoch=2338 loss=0.79349804 recon=0.00014206 beh=5.856897 w=0.112 lr=2.244e-04 time=0.202s
[RQ-VAE] epoch=2339 loss=0.80835223 recon=0.00014212 beh=5.854255 w=0.112 lr=2.241e-04 time=0.202s
[RQ-VAE] epoch=2340 loss=0.78567493 recon=0.00014237 beh=5.851261 w=0.112 lr=2.237e-04 time=0.202s
[RQ-VAE] epoch=2341 loss=0.78481925 recon=0.00014266 beh=5.858427 w=0.112 lr=2.234e-04 time=0.201s
[RQ-VAE] epoch=2342 loss=0.78614700 recon=0.00014305 beh=5.860195 w=0.112 lr=2.231e-04 time=0.201s
[RQ-VAE] epoch=2343 loss=0.80525345 recon=0.00014295 beh=5.859348 w=0.112 lr=2.227e-04 time=0.315s
[RQ-VAE] epoch=2344 loss=0.80146849 recon=0.00014255 beh=5.852643 w=0.113 lr=2.224e-04 time=0.198s
[RQ-VAE] epoch=2345 loss=0.78710592 recon=0.00014274 beh=5.855961 w=0.113 lr=2.220e-04 time=0.2s
[RQ-VAE] epoch=2346 loss=0.82000142 recon=0.00014265 beh=5.853874 w=0.113 lr=2.217e-04 time=0.198s
[RQ-VAE] epoch=2347 loss=0.79139113 recon=0.00014293 beh=5.856906 w=0.113 lr=2.214e-04 time=0.199s
[RQ-VAE] epoch=2348 loss=0.80030918 recon=0.00014326 beh=5.856656 w=0.113 lr=2.210e-04 time=0.198s
[RQ-VAE] epoch=2349 loss=0.77226770 recon=0.00014326 beh=5.853026 w=0.113 lr=2.207e-04 time=0.199s
[RQ-VAE] epoch=2350 loss=0.79475254 recon=0.00014321 lr=2.203e-04 raw_unique=16992/24587 collision=0.308903 time=0.198s
[RQ-VAE] epoch=2351 loss=0.78647196 recon=0.00014331 beh=5.857210 w=0.113 lr=2.200e-04 time=0.199s
[RQ-VAE] epoch=2352 loss=0.82900280 recon=0.00014330 beh=5.855571 w=0.114 lr=2.197e-04 time=0.2s
[RQ-VAE] epoch=2353 loss=0.82151401 recon=0.00014299 beh=5.854593 w=0.114 lr=2.193e-04 time=0.199s
[RQ-VAE] epoch=2354 loss=0.79988098 recon=0.00014303 beh=5.849856 w=0.114 lr=2.190e-04 time=0.199s
[RQ-VAE] epoch=2355 loss=0.77455693 recon=0.00014306 beh=5.856788 w=0.114 lr=2.186e-04 time=0.199s
[RQ-VAE] epoch=2356 loss=0.77670580 recon=0.00014336 beh=5.856037 w=0.114 lr=2.183e-04 time=0.197s
[RQ-VAE] epoch=2357 loss=0.77405816 recon=0.00014352 beh=5.854324 w=0.114 lr=2.180e-04 time=0.199s
[RQ-VAE] epoch=2358 loss=0.84483349 recon=0.00014346 beh=5.846733 w=0.114 lr=2.176e-04 time=0.198s
[RQ-VAE] epoch=2359 loss=0.82024860 recon=0.00014352 beh=5.850704 w=0.115 lr=2.173e-04 time=0.3s
[RQ-VAE] epoch=2360 loss=0.79102170 recon=0.00014362 beh=5.848992 w=0.115 lr=2.169e-04 time=0.197s
[RQ-VAE] epoch=2361 loss=0.81983829 recon=0.00014327 beh=5.847679 w=0.115 lr=2.166e-04 time=0.198s
[RQ-VAE] epoch=2362 loss=0.81101549 recon=0.00014369 beh=5.854127 w=0.115 lr=2.163e-04 time=0.198s
[RQ-VAE] epoch=2363 loss=0.83866435 recon=0.00014352 beh=5.850499 w=0.115 lr=2.159e-04 time=0.2s
[RQ-VAE] epoch=2364 loss=0.82415736 recon=0.00014327 beh=5.860915 w=0.115 lr=2.156e-04 time=0.197s
[RQ-VAE] epoch=2365 loss=0.81679702 recon=0.00014335 beh=5.856696 w=0.115 lr=2.153e-04 time=0.199s
[RQ-VAE] epoch=2366 loss=0.80278909 recon=0.00014344 beh=5.854469 w=0.115 lr=2.149e-04 time=0.197s
[RQ-VAE] epoch=2367 loss=0.79588789 recon=0.00014369 beh=5.856165 w=0.116 lr=2.146e-04 time=0.199s
[RQ-VAE] epoch=2368 loss=0.78142035 recon=0.00014376 beh=5.852417 w=0.116 lr=2.142e-04 time=0.198s
[RQ-VAE] epoch=2369 loss=0.79024541 recon=0.00014390 beh=5.852400 w=0.116 lr=2.139e-04 time=0.199s
[RQ-VAE] epoch=2370 loss=0.79290640 recon=0.00014375 beh=5.848593 w=0.116 lr=2.136e-04 time=0.208s
[RQ-VAE] epoch=2371 loss=0.79087120 recon=0.00014360 beh=5.856442 w=0.116 lr=2.132e-04 time=0.211s
[RQ-VAE] epoch=2372 loss=0.77551544 recon=0.00014377 beh=5.855545 w=0.116 lr=2.129e-04 time=0.195s
[RQ-VAE] epoch=2373 loss=0.77629375 recon=0.00014373 beh=5.851571 w=0.116 lr=2.125e-04 time=0.197s
[RQ-VAE] epoch=2374 loss=0.85621619 recon=0.00014380 beh=5.859669 w=0.117 lr=2.122e-04 time=0.195s
[RQ-VAE] epoch=2375 loss=0.83665669 recon=0.00014382 beh=5.862453 w=0.117 lr=2.119e-04 time=0.291s
[RQ-VAE] epoch=2376 loss=0.81770343 recon=0.00014402 beh=5.851211 w=0.117 lr=2.115e-04 time=0.195s
[RQ-VAE] epoch=2377 loss=0.79882860 recon=0.00014421 beh=5.848863 w=0.117 lr=2.112e-04 time=0.195s
[RQ-VAE] epoch=2378 loss=0.79858297 recon=0.00014377 beh=5.859697 w=0.117 lr=2.108e-04 time=0.196s
[RQ-VAE] epoch=2379 loss=0.86893773 recon=0.00014393 beh=5.860515 w=0.117 lr=2.105e-04 time=0.196s
[RQ-VAE] epoch=2380 loss=0.84644431 recon=0.00014361 beh=5.856716 w=0.117 lr=2.102e-04 time=0.195s
[RQ-VAE] epoch=2381 loss=0.81663465 recon=0.00014348 beh=5.848578 w=0.117 lr=2.098e-04 time=0.196s
[RQ-VAE] epoch=2382 loss=0.79096931 recon=0.00014375 beh=5.850844 w=0.118 lr=2.095e-04 time=0.195s
[RQ-VAE] epoch=2383 loss=0.80100858 recon=0.00014397 beh=5.857873 w=0.118 lr=2.092e-04 time=0.196s
[RQ-VAE] epoch=2384 loss=0.83251286 recon=0.00014399 beh=5.851295 w=0.118 lr=2.088e-04 time=0.195s
[RQ-VAE] epoch=2385 loss=0.87102604 recon=0.00014381 beh=5.844049 w=0.118 lr=2.085e-04 time=0.196s
[RQ-VAE] epoch=2386 loss=0.84231162 recon=0.00014380 beh=5.850668 w=0.118 lr=2.081e-04 time=0.195s
[RQ-VAE] epoch=2387 loss=0.81212711 recon=0.00014401 beh=5.859281 w=0.118 lr=2.078e-04 time=0.196s
[RQ-VAE] epoch=2388 loss=0.83335340 recon=0.00014394 beh=5.854428 w=0.118 lr=2.075e-04 time=0.195s
[RQ-VAE] epoch=2389 loss=0.84948599 recon=0.00014409 beh=5.857262 w=0.119 lr=2.071e-04 time=0.197s
[RQ-VAE] epoch=2390 loss=0.82968211 recon=0.00014442 beh=5.855037 w=0.119 lr=2.068e-04 time=0.196s
[RQ-VAE] epoch=2391 loss=0.82539093 recon=0.00014434 beh=5.853068 w=0.119 lr=2.064e-04 time=0.29s
[RQ-VAE] epoch=2392 loss=0.81697583 recon=0.00014425 beh=5.848599 w=0.119 lr=2.061e-04 time=0.196s
[RQ-VAE] epoch=2393 loss=0.79251295 recon=0.00014379 beh=5.854836 w=0.119 lr=2.058e-04 time=0.196s
[RQ-VAE] epoch=2394 loss=0.85811889 recon=0.00014407 beh=5.847232 w=0.119 lr=2.054e-04 time=0.198s
[RQ-VAE] epoch=2395 loss=0.86662203 recon=0.00014459 beh=5.853772 w=0.119 lr=2.051e-04 time=0.196s
[RQ-VAE] epoch=2396 loss=0.83146536 recon=0.00014446 beh=5.850448 w=0.119 lr=2.047e-04 time=0.196s
[RQ-VAE] epoch=2397 loss=0.83044195 recon=0.00014420 beh=5.854752 w=0.120 lr=2.044e-04 time=0.197s
[RQ-VAE] epoch=2398 loss=0.83446312 recon=0.00014412 beh=5.859325 w=0.120 lr=2.041e-04 time=0.196s
[RQ-VAE] epoch=2399 loss=0.80392146 recon=0.00014409 beh=5.852831 w=0.120 lr=2.037e-04 time=0.196s
[RQ-VAE] epoch=2400 loss=0.81649649 recon=0.00014407 lr=2.034e-04 raw_unique=16924/24587 collision=0.311669 time=0.196s
[RQ-VAE] epoch=2401 loss=0.82607919 recon=0.00014427 beh=5.860539 w=0.120 lr=2.031e-04 time=0.197s
[RQ-VAE] epoch=2402 loss=0.82563764 recon=0.00014417 beh=5.847598 w=0.120 lr=2.027e-04 time=0.196s
[RQ-VAE] epoch=2403 loss=0.87512517 recon=0.00014417 beh=5.855059 w=0.120 lr=2.024e-04 time=0.196s
[RQ-VAE] epoch=2404 loss=0.87976050 recon=0.00014406 beh=5.848383 w=0.121 lr=2.020e-04 time=0.195s
[RQ-VAE] epoch=2405 loss=0.88864267 recon=0.00014414 beh=5.855628 w=0.121 lr=2.017e-04 time=0.198s
[RQ-VAE] epoch=2406 loss=0.87037444 recon=0.00014448 beh=5.858985 w=0.121 lr=2.014e-04 time=0.198s
[RQ-VAE] epoch=2407 loss=0.84570909 recon=0.00014444 beh=5.854406 w=0.121 lr=2.010e-04 time=0.301s
[RQ-VAE] epoch=2408 loss=0.91840315 recon=0.00014453 beh=5.852094 w=0.121 lr=2.007e-04 time=0.196s
[RQ-VAE] epoch=2409 loss=0.91670978 recon=0.00014438 beh=5.861151 w=0.121 lr=2.003e-04 time=0.195s
[RQ-VAE] epoch=2410 loss=0.91126013 recon=0.00014434 beh=5.856751 w=0.121 lr=2.000e-04 time=0.196s
[RQ-VAE] epoch=2411 loss=0.88937509 recon=0.00014443 beh=5.855856 w=0.121 lr=1.997e-04 time=0.194s
[RQ-VAE] epoch=2412 loss=0.86404943 recon=0.00014454 beh=5.856071 w=0.122 lr=1.993e-04 time=0.196s
[RQ-VAE] epoch=2413 loss=0.83231759 recon=0.00014412 beh=5.861440 w=0.122 lr=1.990e-04 time=0.195s
[RQ-VAE] epoch=2414 loss=0.90677804 recon=0.00014408 beh=5.845156 w=0.122 lr=1.986e-04 time=0.196s
[RQ-VAE] epoch=2415 loss=0.89592367 recon=0.00014451 beh=5.853591 w=0.122 lr=1.983e-04 time=0.194s
[RQ-VAE] epoch=2416 loss=0.89160013 recon=0.00014428 beh=5.851835 w=0.122 lr=1.980e-04 time=0.195s
[RQ-VAE] epoch=2417 loss=0.85580444 recon=0.00014438 beh=5.854023 w=0.122 lr=1.976e-04 time=0.196s
[RQ-VAE] epoch=2418 loss=0.84390152 recon=0.00014431 beh=5.859360 w=0.122 lr=1.973e-04 time=0.196s
[RQ-VAE] epoch=2419 loss=0.84743148 recon=0.00014428 beh=5.862152 w=0.123 lr=1.969e-04 time=0.197s
[RQ-VAE] epoch=2420 loss=0.86217201 recon=0.00014423 beh=5.848823 w=0.123 lr=1.966e-04 time=0.197s
[RQ-VAE] epoch=2421 loss=0.85299349 recon=0.00014434 beh=5.858845 w=0.123 lr=1.963e-04 time=0.195s
[RQ-VAE] epoch=2422 loss=0.87758577 recon=0.00014455 beh=5.857038 w=0.123 lr=1.959e-04 time=0.29s
[RQ-VAE] epoch=2423 loss=0.92450148 recon=0.00014444 beh=5.853009 w=0.123 lr=1.956e-04 time=0.196s
[RQ-VAE] epoch=2424 loss=0.89401698 recon=0.00014485 beh=5.851385 w=0.123 lr=1.953e-04 time=0.196s
[RQ-VAE] epoch=2425 loss=0.88010418 recon=0.00014511 beh=5.846700 w=0.123 lr=1.949e-04 time=0.195s
[RQ-VAE] epoch=2426 loss=0.87603748 recon=0.00014483 beh=5.857426 w=0.123 lr=1.946e-04 time=0.197s
[RQ-VAE] epoch=2427 loss=0.87552881 recon=0.00014527 beh=5.858777 w=0.124 lr=1.942e-04 time=0.198s
[RQ-VAE] epoch=2428 loss=0.87632644 recon=0.00014533 beh=5.852552 w=0.124 lr=1.939e-04 time=0.196s
[RQ-VAE] epoch=2429 loss=0.89281428 recon=0.00014575 beh=5.846950 w=0.124 lr=1.936e-04 time=0.196s
[RQ-VAE] epoch=2430 loss=0.88212639 recon=0.00014570 beh=5.851303 w=0.124 lr=1.932e-04 time=0.197s
[RQ-VAE] epoch=2431 loss=0.86292922 recon=0.00014554 beh=5.845140 w=0.124 lr=1.929e-04 time=0.196s
[RQ-VAE] epoch=2432 loss=0.87387276 recon=0.00014510 beh=5.861979 w=0.124 lr=1.925e-04 time=0.197s
[RQ-VAE] epoch=2433 loss=0.86115336 recon=0.00014569 beh=5.852044 w=0.124 lr=1.922e-04 time=0.196s
[RQ-VAE] epoch=2434 loss=0.91929507 recon=0.00014540 beh=5.849468 w=0.125 lr=1.919e-04 time=0.196s
[RQ-VAE] epoch=2435 loss=0.92373288 recon=0.00014560 beh=5.846041 w=0.125 lr=1.915e-04 time=0.195s
[RQ-VAE] epoch=2436 loss=0.91359121 recon=0.00014560 beh=5.855236 w=0.125 lr=1.912e-04 time=0.197s
[RQ-VAE] epoch=2437 loss=0.91144478 recon=0.00014551 beh=5.855219 w=0.125 lr=1.908e-04 time=0.196s
[RQ-VAE] epoch=2438 loss=0.89724016 recon=0.00014531 beh=5.853258 w=0.125 lr=1.905e-04 time=0.31s
[RQ-VAE] epoch=2439 loss=0.87852728 recon=0.00014517 beh=5.847610 w=0.125 lr=1.902e-04 time=0.195s
[RQ-VAE] epoch=2440 loss=0.86716473 recon=0.00014477 beh=5.847456 w=0.125 lr=1.898e-04 time=0.196s
[RQ-VAE] epoch=2441 loss=0.85941374 recon=0.00014535 beh=5.858395 w=0.125 lr=1.895e-04 time=0.195s
[RQ-VAE] epoch=2442 loss=0.87939805 recon=0.00014510 beh=5.846754 w=0.126 lr=1.892e-04 time=0.196s
[RQ-VAE] epoch=2443 loss=0.93507272 recon=0.00014516 beh=5.851988 w=0.126 lr=1.888e-04 time=0.196s
[RQ-VAE] epoch=2444 loss=0.98863494 recon=0.00014518 beh=5.859653 w=0.126 lr=1.885e-04 time=0.196s
[RQ-VAE] epoch=2445 loss=0.92811280 recon=0.00014509 beh=5.849851 w=0.126 lr=1.881e-04 time=0.196s
[RQ-VAE] epoch=2446 loss=0.90921611 recon=0.00014500 beh=5.856686 w=0.126 lr=1.878e-04 time=0.196s
[RQ-VAE] epoch=2447 loss=0.88315672 recon=0.00014505 beh=5.851380 w=0.126 lr=1.875e-04 time=0.195s
[RQ-VAE] epoch=2448 loss=0.95463055 recon=0.00014517 beh=5.860173 w=0.126 lr=1.871e-04 time=0.196s
[RQ-VAE] epoch=2449 loss=0.95714629 recon=0.00014535 beh=5.861992 w=0.127 lr=1.868e-04 time=0.195s
[RQ-VAE] epoch=2450 loss=0.96065044 recon=0.00014546 lr=1.864e-04 raw_unique=17158/24587 collision=0.302152 time=0.197s
[RQ-VAE] epoch=2451 loss=0.94055820 recon=0.00014535 beh=5.852112 w=0.127 lr=1.861e-04 time=0.196s
[RQ-VAE] epoch=2452 loss=0.92157269 recon=0.00014539 beh=5.849142 w=0.127 lr=1.858e-04 time=0.196s
[RQ-VAE] epoch=2453 loss=0.89262497 recon=0.00014522 beh=5.846591 w=0.127 lr=1.854e-04 time=0.195s
[RQ-VAE] epoch=2454 loss=0.93182492 recon=0.00014498 beh=5.856414 w=0.127 lr=1.851e-04 time=0.289s
[RQ-VAE] epoch=2455 loss=0.91610861 recon=0.00014549 beh=5.848291 w=0.127 lr=1.847e-04 time=0.195s
[RQ-VAE] epoch=2456 loss=0.87880170 recon=0.00014529 beh=5.860016 w=0.127 lr=1.844e-04 time=0.195s
[RQ-VAE] epoch=2457 loss=0.88972121 recon=0.00014534 beh=5.857352 w=0.128 lr=1.841e-04 time=0.198s
[RQ-VAE] epoch=2458 loss=0.88503432 recon=0.00014530 beh=5.846021 w=0.128 lr=1.837e-04 time=0.203s
[RQ-VAE] epoch=2459 loss=0.88048679 recon=0.00014480 beh=5.847075 w=0.128 lr=1.834e-04 time=0.2s
[RQ-VAE] epoch=2460 loss=0.97199005 recon=0.00014502 beh=5.852818 w=0.128 lr=1.831e-04 time=0.201s
[RQ-VAE] epoch=2461 loss=0.94695884 recon=0.00014503 beh=5.857649 w=0.128 lr=1.827e-04 time=0.201s
[RQ-VAE] epoch=2462 loss=0.97622740 recon=0.00014497 beh=5.854844 w=0.128 lr=1.824e-04 time=0.201s
[RQ-VAE] epoch=2463 loss=0.96897531 recon=0.00014527 beh=5.853540 w=0.128 lr=1.820e-04 time=0.201s
[RQ-VAE] epoch=2464 loss=0.93648916 recon=0.00014524 beh=5.853752 w=0.129 lr=1.817e-04 time=0.202s
[RQ-VAE] epoch=2465 loss=0.91477531 recon=0.00014536 beh=5.857743 w=0.129 lr=1.814e-04 time=0.201s
[RQ-VAE] epoch=2466 loss=0.88739109 recon=0.00014541 beh=5.855049 w=0.129 lr=1.810e-04 time=0.201s
[RQ-VAE] epoch=2467 loss=0.86487770 recon=0.00014553 beh=5.856101 w=0.129 lr=1.807e-04 time=0.201s
[RQ-VAE] epoch=2468 loss=0.87150729 recon=0.00014568 beh=5.854343 w=0.129 lr=1.803e-04 time=0.202s
[RQ-VAE] epoch=2469 loss=0.94435769 recon=0.00014571 beh=5.854231 w=0.129 lr=1.800e-04 time=0.2s
[RQ-VAE] epoch=2470 loss=0.98801517 recon=0.00014560 beh=5.853706 w=0.129 lr=1.797e-04 time=0.301s
[RQ-VAE] epoch=2471 loss=0.95202792 recon=0.00014564 beh=5.849334 w=0.129 lr=1.793e-04 time=0.195s
[RQ-VAE] epoch=2472 loss=0.92487121 recon=0.00014586 beh=5.848251 w=0.130 lr=1.790e-04 time=0.196s
[RQ-VAE] epoch=2473 loss=0.98056972 recon=0.00014625 beh=5.851016 w=0.130 lr=1.786e-04 time=0.196s
[RQ-VAE] epoch=2474 loss=0.92454171 recon=0.00014607 beh=5.850676 w=0.130 lr=1.783e-04 time=0.196s
[RQ-VAE] epoch=2475 loss=0.93184352 recon=0.00014587 beh=5.856544 w=0.130 lr=1.780e-04 time=0.196s
[RQ-VAE] epoch=2476 loss=0.92908710 recon=0.00014506 beh=5.860072 w=0.130 lr=1.776e-04 time=0.197s
[RQ-VAE] epoch=2477 loss=0.92883462 recon=0.00014596 beh=5.853932 w=0.130 lr=1.773e-04 time=0.194s
[RQ-VAE] epoch=2478 loss=0.89181995 recon=0.00014656 beh=5.850754 w=0.130 lr=1.769e-04 time=0.197s
[RQ-VAE] epoch=2479 loss=0.91950142 recon=0.00014574 beh=5.858364 w=0.131 lr=1.766e-04 time=0.196s
[RQ-VAE] epoch=2480 loss=0.91899818 recon=0.00014546 beh=5.854167 w=0.131 lr=1.763e-04 time=0.196s
[RQ-VAE] epoch=2481 loss=0.91791159 recon=0.00014572 beh=5.855796 w=0.131 lr=1.759e-04 time=0.197s
[RQ-VAE] epoch=2482 loss=0.97524202 recon=0.00014622 beh=5.857662 w=0.131 lr=1.756e-04 time=0.196s
[RQ-VAE] epoch=2483 loss=0.93099785 recon=0.00014635 beh=5.856740 w=0.131 lr=1.753e-04 time=0.198s
[RQ-VAE] epoch=2484 loss=0.91876823 recon=0.00014643 beh=5.862335 w=0.131 lr=1.749e-04 time=0.196s
[RQ-VAE] epoch=2485 loss=0.95307976 recon=0.00014573 beh=5.853210 w=0.131 lr=1.746e-04 time=0.196s
[RQ-VAE] epoch=2486 loss=0.98753929 recon=0.00014599 beh=5.859970 w=0.131 lr=1.742e-04 time=0.308s
[RQ-VAE] epoch=2487 loss=0.94749004 recon=0.00014603 beh=5.848017 w=0.132 lr=1.739e-04 time=0.195s
[RQ-VAE] epoch=2488 loss=0.94502354 recon=0.00014652 beh=5.849314 w=0.132 lr=1.736e-04 time=0.197s
[RQ-VAE] epoch=2489 loss=0.91572094 recon=0.00014563 beh=5.854079 w=0.132 lr=1.732e-04 time=0.196s
[RQ-VAE] epoch=2490 loss=1.02814949 recon=0.00014602 beh=5.858542 w=0.132 lr=1.729e-04 time=0.197s
[RQ-VAE] epoch=2491 loss=0.97878540 recon=0.00014633 beh=5.853706 w=0.132 lr=1.725e-04 time=0.196s
[RQ-VAE] epoch=2492 loss=0.97695720 recon=0.00014627 beh=5.852420 w=0.132 lr=1.722e-04 time=0.197s
[RQ-VAE] epoch=2493 loss=0.97270060 recon=0.00014619 beh=5.848302 w=0.132 lr=1.719e-04 time=0.196s
[RQ-VAE] epoch=2494 loss=0.96016026 recon=0.00014624 beh=5.855964 w=0.133 lr=1.715e-04 time=0.196s
[RQ-VAE] epoch=2495 loss=0.93554580 recon=0.00014604 beh=5.841195 w=0.133 lr=1.712e-04 time=0.195s
[RQ-VAE] epoch=2496 loss=0.95201731 recon=0.00014621 beh=5.846872 w=0.133 lr=1.708e-04 time=0.196s
[RQ-VAE] epoch=2497 loss=0.91780728 recon=0.00014624 beh=5.851430 w=0.133 lr=1.705e-04 time=0.196s
[RQ-VAE] epoch=2498 loss=0.91133451 recon=0.00014631 beh=5.856791 w=0.133 lr=1.702e-04 time=0.195s
[RQ-VAE] epoch=2499 loss=0.90662712 recon=0.00014647 beh=5.852160 w=0.133 lr=1.698e-04 time=0.195s
[RQ-VAE] epoch=2500 loss=0.93044627 recon=0.00014611 lr=1.695e-04 raw_unique=16611/24587 collision=0.324399 time=0.198s
[RQ-VAE] epoch=2501 loss=0.93504268 recon=0.00014621 beh=5.853713 w=0.133 lr=1.692e-04 time=0.196s
[RQ-VAE] epoch=2502 loss=0.91932541 recon=0.00014609 beh=5.856651 w=0.134 lr=1.688e-04 time=0.295s
[RQ-VAE] epoch=2503 loss=0.99863100 recon=0.00014628 beh=5.856334 w=0.134 lr=1.685e-04 time=0.197s
[RQ-VAE] epoch=2504 loss=0.99641800 recon=0.00014643 beh=5.857953 w=0.134 lr=1.681e-04 time=0.195s
[RQ-VAE] epoch=2505 loss=0.96441233 recon=0.00014638 beh=5.851140 w=0.134 lr=1.678e-04 time=0.196s
[RQ-VAE] epoch=2506 loss=0.93226331 recon=0.00014645 beh=5.852699 w=0.134 lr=1.675e-04 time=0.194s
[RQ-VAE] epoch=2507 loss=1.02134943 recon=0.00014638 beh=5.849606 w=0.134 lr=1.671e-04 time=0.195s
[RQ-VAE] epoch=2508 loss=0.98040116 recon=0.00014655 beh=5.854834 w=0.134 lr=1.668e-04 time=0.195s
[RQ-VAE] epoch=2509 loss=0.96755898 recon=0.00014653 beh=5.848076 w=0.135 lr=1.664e-04 time=0.196s
[RQ-VAE] epoch=2510 loss=0.93745464 recon=0.00014647 beh=5.850575 w=0.135 lr=1.661e-04 time=0.196s
[RQ-VAE] epoch=2511 loss=0.93470025 recon=0.00014631 beh=5.847229 w=0.135 lr=1.658e-04 time=0.196s
[RQ-VAE] epoch=2512 loss=0.90331256 recon=0.00014624 beh=5.839070 w=0.135 lr=1.654e-04 time=0.195s
[RQ-VAE] epoch=2513 loss=1.01009679 recon=0.00014645 beh=5.851086 w=0.135 lr=1.651e-04 time=0.195s
[RQ-VAE] epoch=2514 loss=0.98874152 recon=0.00014635 beh=5.859935 w=0.135 lr=1.647e-04 time=0.195s
[RQ-VAE] epoch=2515 loss=0.98523784 recon=0.00014642 beh=5.850531 w=0.135 lr=1.644e-04 time=0.196s
[RQ-VAE] epoch=2516 loss=0.96709573 recon=0.00014637 beh=5.853347 w=0.135 lr=1.641e-04 time=0.194s
[RQ-VAE] epoch=2517 loss=0.93954217 recon=0.00014641 beh=5.843609 w=0.136 lr=1.637e-04 time=0.288s
[RQ-VAE] epoch=2518 loss=0.93276435 recon=0.00014651 beh=5.839382 w=0.136 lr=1.634e-04 time=0.196s
[RQ-VAE] epoch=2519 loss=1.00502336 recon=0.00014642 beh=5.847923 w=0.136 lr=1.631e-04 time=0.195s
[RQ-VAE] epoch=2520 loss=1.02441490 recon=0.00014648 beh=5.853030 w=0.136 lr=1.627e-04 time=0.195s
[RQ-VAE] epoch=2521 loss=0.97521299 recon=0.00014621 beh=5.843675 w=0.136 lr=1.624e-04 time=0.196s
[RQ-VAE] epoch=2522 loss=0.97363627 recon=0.00014662 beh=5.849001 w=0.136 lr=1.620e-04 time=0.196s
[RQ-VAE] epoch=2523 loss=1.01075172 recon=0.00014707 beh=5.851350 w=0.136 lr=1.617e-04 time=0.196s
[RQ-VAE] epoch=2524 loss=1.01480496 recon=0.00014634 beh=5.850554 w=0.137 lr=1.614e-04 time=0.197s
[RQ-VAE] epoch=2525 loss=0.98878729 recon=0.00014644 beh=5.857611 w=0.137 lr=1.610e-04 time=0.196s
[RQ-VAE] epoch=2526 loss=0.96222603 recon=0.00014693 beh=5.854485 w=0.137 lr=1.607e-04 time=0.196s
[RQ-VAE] epoch=2527 loss=0.94004118 recon=0.00014684 beh=5.854833 w=0.137 lr=1.603e-04 time=0.196s
[RQ-VAE] epoch=2528 loss=1.02471876 recon=0.00014654 beh=5.857535 w=0.137 lr=1.600e-04 time=0.202s
[RQ-VAE] epoch=2529 loss=1.01236749 recon=0.00014691 beh=5.859030 w=0.137 lr=1.597e-04 time=0.199s
[RQ-VAE] epoch=2530 loss=0.99235225 recon=0.00014691 beh=5.851960 w=0.137 lr=1.593e-04 time=0.198s
[RQ-VAE] epoch=2531 loss=0.98891968 recon=0.00014699 beh=5.848375 w=0.137 lr=1.590e-04 time=0.201s
[RQ-VAE] epoch=2532 loss=0.96224755 recon=0.00014657 beh=5.843778 w=0.138 lr=1.586e-04 time=0.195s
[RQ-VAE] epoch=2533 loss=0.99009001 recon=0.00014648 beh=5.854547 w=0.138 lr=1.583e-04 time=0.294s
[RQ-VAE] epoch=2534 loss=0.99716961 recon=0.00014653 beh=5.847505 w=0.138 lr=1.580e-04 time=0.195s
[RQ-VAE] epoch=2535 loss=0.98583686 recon=0.00014642 beh=5.844105 w=0.138 lr=1.576e-04 time=0.197s
[RQ-VAE] epoch=2536 loss=0.94618982 recon=0.00014712 beh=5.857334 w=0.138 lr=1.573e-04 time=0.195s
[RQ-VAE] epoch=2537 loss=1.04689348 recon=0.00014701 beh=5.853026 w=0.138 lr=1.569e-04 time=0.196s
[RQ-VAE] epoch=2538 loss=1.04124033 recon=0.00014703 beh=5.850117 w=0.138 lr=1.566e-04 time=0.196s
[RQ-VAE] epoch=2539 loss=0.99243057 recon=0.00014701 beh=5.844696 w=0.139 lr=1.563e-04 time=0.198s
[RQ-VAE] epoch=2540 loss=0.95832688 recon=0.00014706 beh=5.855325 w=0.139 lr=1.559e-04 time=0.201s
[RQ-VAE] epoch=2541 loss=0.92781138 recon=0.00014693 beh=5.845863 w=0.139 lr=1.556e-04 time=0.201s
[RQ-VAE] epoch=2542 loss=0.92958248 recon=0.00014711 beh=5.849245 w=0.139 lr=1.553e-04 time=0.201s
[RQ-VAE] epoch=2543 loss=1.06344569 recon=0.00014701 beh=5.849436 w=0.139 lr=1.549e-04 time=0.201s
[RQ-VAE] epoch=2544 loss=1.01526213 recon=0.00014677 beh=5.839831 w=0.139 lr=1.546e-04 time=0.201s
[RQ-VAE] epoch=2545 loss=0.97542769 recon=0.00014710 beh=5.855068 w=0.139 lr=1.542e-04 time=0.201s
[RQ-VAE] epoch=2546 loss=0.95402139 recon=0.00014686 beh=5.850910 w=0.139 lr=1.539e-04 time=0.201s
[RQ-VAE] epoch=2547 loss=0.93353266 recon=0.00014683 beh=5.852256 w=0.140 lr=1.536e-04 time=0.202s
[RQ-VAE] epoch=2548 loss=1.02320027 recon=0.00014662 beh=5.847862 w=0.140 lr=1.532e-04 time=0.202s
[RQ-VAE] epoch=2549 loss=1.00043440 recon=0.00014707 beh=5.854013 w=0.140 lr=1.529e-04 time=0.297s
[RQ-VAE] epoch=2550 loss=0.97418582 recon=0.00014712 lr=1.525e-04 raw_unique=16979/24587 collision=0.309432 time=0.196s
[RQ-VAE] epoch=2551 loss=0.97987896 recon=0.00014735 beh=5.846727 w=0.140 lr=1.522e-04 time=0.196s
[RQ-VAE] epoch=2552 loss=0.96329355 recon=0.00014740 beh=5.853729 w=0.140 lr=1.519e-04 time=0.195s
[RQ-VAE] epoch=2553 loss=1.00499701 recon=0.00014727 beh=5.860670 w=0.140 lr=1.515e-04 time=0.198s
[RQ-VAE] epoch=2554 loss=1.06060863 recon=0.00014704 beh=5.849110 w=0.141 lr=1.512e-04 time=0.196s
[RQ-VAE] epoch=2555 loss=1.00016522 recon=0.00014731 beh=5.850810 w=0.141 lr=1.508e-04 time=0.198s
[RQ-VAE] epoch=2556 loss=0.95449412 recon=0.00014720 beh=5.843228 w=0.141 lr=1.505e-04 time=0.196s
[RQ-VAE] epoch=2557 loss=0.93255210 recon=0.00014733 beh=5.844059 w=0.141 lr=1.502e-04 time=0.196s
[RQ-VAE] epoch=2558 loss=1.06440127 recon=0.00014737 beh=5.848203 w=0.141 lr=1.498e-04 time=0.197s
[RQ-VAE] epoch=2559 loss=1.02076137 recon=0.00014744 beh=5.850994 w=0.141 lr=1.495e-04 time=0.196s
[RQ-VAE] epoch=2560 loss=0.95017266 recon=0.00014749 beh=5.843124 w=0.141 lr=1.492e-04 time=0.196s
[RQ-VAE] epoch=2561 loss=0.94331753 recon=0.00014746 beh=5.846279 w=0.141 lr=1.488e-04 time=0.196s
[RQ-VAE] epoch=2562 loss=0.93102348 recon=0.00014765 beh=5.851556 w=0.142 lr=1.485e-04 time=0.196s
[RQ-VAE] epoch=2563 loss=1.02651870 recon=0.00014759 beh=5.841874 w=0.142 lr=1.481e-04 time=0.196s
[RQ-VAE] epoch=2564 loss=1.02806556 recon=0.00014697 beh=5.845825 w=0.142 lr=1.478e-04 time=0.196s
[RQ-VAE] epoch=2565 loss=1.04647040 recon=0.00014692 beh=5.855065 w=0.142 lr=1.475e-04 time=0.292s
[RQ-VAE] epoch=2566 loss=1.08090794 recon=0.00014693 beh=5.853184 w=0.142 lr=1.471e-04 time=0.195s
[RQ-VAE] epoch=2567 loss=1.04947138 recon=0.00014746 beh=5.841984 w=0.142 lr=1.468e-04 time=0.196s
[RQ-VAE] epoch=2568 loss=0.99482960 recon=0.00014748 beh=5.851189 w=0.142 lr=1.464e-04 time=0.196s
[RQ-VAE] epoch=2569 loss=0.99913752 recon=0.00014752 beh=5.856760 w=0.143 lr=1.461e-04 time=0.196s
[RQ-VAE] epoch=2570 loss=0.99423021 recon=0.00014738 beh=5.845458 w=0.143 lr=1.458e-04 time=0.197s
[RQ-VAE] epoch=2571 loss=1.00550520 recon=0.00014746 beh=5.854687 w=0.143 lr=1.454e-04 time=0.196s
[RQ-VAE] epoch=2572 loss=0.99566787 recon=0.00014728 beh=5.851602 w=0.143 lr=1.451e-04 time=0.196s
[RQ-VAE] epoch=2573 loss=1.08269215 recon=0.00014737 beh=5.853285 w=0.143 lr=1.447e-04 time=0.196s
[RQ-VAE] epoch=2574 loss=1.05319893 recon=0.00014747 beh=5.862224 w=0.143 lr=1.444e-04 time=0.197s
[RQ-VAE] epoch=2575 loss=1.09711409 recon=0.00014755 beh=5.859076 w=0.143 lr=1.441e-04 time=0.196s
[RQ-VAE] epoch=2576 loss=1.06882668 recon=0.00014760 beh=5.856955 w=0.143 lr=1.437e-04 time=0.196s
[RQ-VAE] epoch=2577 loss=1.01684880 recon=0.00014778 beh=5.853453 w=0.144 lr=1.434e-04 time=0.196s
[RQ-VAE] epoch=2578 loss=1.03225839 recon=0.00014773 beh=5.847901 w=0.144 lr=1.431e-04 time=0.196s
[RQ-VAE] epoch=2579 loss=1.04201567 recon=0.00014734 beh=5.851920 w=0.144 lr=1.427e-04 time=0.197s
[RQ-VAE] epoch=2580 loss=1.07214820 recon=0.00014730 beh=5.847641 w=0.144 lr=1.424e-04 time=0.197s
[RQ-VAE] epoch=2581 loss=1.01651919 recon=0.00014783 beh=5.845878 w=0.144 lr=1.420e-04 time=0.293s
[RQ-VAE] epoch=2582 loss=0.99575204 recon=0.00014777 beh=5.853440 w=0.144 lr=1.417e-04 time=0.197s
[RQ-VAE] epoch=2583 loss=1.00906694 recon=0.00014782 beh=5.858831 w=0.144 lr=1.414e-04 time=0.196s
[RQ-VAE] epoch=2584 loss=1.00185037 recon=0.00014746 beh=5.851479 w=0.145 lr=1.410e-04 time=0.197s
[RQ-VAE] epoch=2585 loss=1.01119006 recon=0.00014762 beh=5.848968 w=0.145 lr=1.407e-04 time=0.196s
[RQ-VAE] epoch=2586 loss=1.00694251 recon=0.00014783 beh=5.847268 w=0.145 lr=1.403e-04 time=0.196s
[RQ-VAE] epoch=2587 loss=1.00160134 recon=0.00014770 beh=5.854130 w=0.145 lr=1.400e-04 time=0.196s
[RQ-VAE] epoch=2588 loss=1.00357699 recon=0.00014770 beh=5.852590 w=0.145 lr=1.397e-04 time=0.196s
[RQ-VAE] epoch=2589 loss=1.04350328 recon=0.00014780 beh=5.852535 w=0.145 lr=1.393e-04 time=0.196s
[RQ-VAE] epoch=2590 loss=1.07514405 recon=0.00014784 beh=5.848105 w=0.145 lr=1.390e-04 time=0.196s
[RQ-VAE] epoch=2591 loss=1.04163706 recon=0.00014791 beh=5.847301 w=0.145 lr=1.386e-04 time=0.197s
[RQ-VAE] epoch=2592 loss=1.02057886 recon=0.00014741 beh=5.855087 w=0.146 lr=1.383e-04 time=0.196s
[RQ-VAE] epoch=2593 loss=0.98065770 recon=0.00014756 beh=5.850004 w=0.146 lr=1.380e-04 time=0.196s
[RQ-VAE] epoch=2594 loss=0.98565578 recon=0.00014757 beh=5.854275 w=0.146 lr=1.376e-04 time=0.196s
[RQ-VAE] epoch=2595 loss=0.99989313 recon=0.00014770 beh=5.847480 w=0.146 lr=1.373e-04 time=0.197s
[RQ-VAE] epoch=2596 loss=0.99900657 recon=0.00014773 beh=5.854813 w=0.146 lr=1.369e-04 time=0.196s
[RQ-VAE] epoch=2597 loss=1.00303960 recon=0.00014772 beh=5.840447 w=0.146 lr=1.366e-04 time=0.29s
[RQ-VAE] epoch=2598 loss=0.99489266 recon=0.00014762 beh=5.854259 w=0.146 lr=1.363e-04 time=0.196s
[RQ-VAE] epoch=2599 loss=0.98422384 recon=0.00014761 beh=5.845762 w=0.147 lr=1.359e-04 time=0.194s
[RQ-VAE] epoch=2600 loss=0.98448199 recon=0.00014757 lr=1.356e-04 raw_unique=17791/24587 collision=0.276406 time=0.195s
[RQ-VAE] epoch=2601 loss=1.00269687 recon=0.00014759 beh=5.839439 w=0.147 lr=1.353e-04 time=0.196s
[RQ-VAE] epoch=2602 loss=1.01625752 recon=0.00014761 beh=5.853451 w=0.147 lr=1.349e-04 time=0.196s
[RQ-VAE] epoch=2603 loss=1.00128913 recon=0.00014767 beh=5.850242 w=0.147 lr=1.346e-04 time=0.195s
[RQ-VAE] epoch=2604 loss=0.99168742 recon=0.00014767 beh=5.840425 w=0.147 lr=1.342e-04 time=0.197s
[RQ-VAE] epoch=2605 loss=1.03687501 recon=0.00014764 beh=5.854575 w=0.147 lr=1.339e-04 time=0.196s
[RQ-VAE] epoch=2606 loss=1.01887417 recon=0.00014748 beh=5.846066 w=0.147 lr=1.336e-04 time=0.195s
[RQ-VAE] epoch=2607 loss=0.99318266 recon=0.00014754 beh=5.846535 w=0.148 lr=1.332e-04 time=0.195s
[RQ-VAE] epoch=2608 loss=0.99839437 recon=0.00014756 beh=5.844373 w=0.148 lr=1.329e-04 time=0.197s
[RQ-VAE] epoch=2609 loss=0.98805875 recon=0.00014757 beh=5.850727 w=0.148 lr=1.325e-04 time=0.195s
[RQ-VAE] epoch=2610 loss=1.08431363 recon=0.00014779 beh=5.853289 w=0.148 lr=1.322e-04 time=0.196s
[RQ-VAE] epoch=2611 loss=1.02695918 recon=0.00014763 beh=5.851054 w=0.148 lr=1.319e-04 time=0.2s
[RQ-VAE] epoch=2612 loss=1.00929451 recon=0.00014755 beh=5.860377 w=0.148 lr=1.315e-04 time=0.292s
[RQ-VAE] epoch=2613 loss=1.05532169 recon=0.00014772 beh=5.849260 w=0.148 lr=1.312e-04 time=0.195s
[RQ-VAE] epoch=2614 loss=1.12589097 recon=0.00014773 beh=5.849403 w=0.149 lr=1.308e-04 time=0.196s
[RQ-VAE] epoch=2615 loss=1.06500554 recon=0.00014786 beh=5.853047 w=0.149 lr=1.305e-04 time=0.196s
[RQ-VAE] epoch=2616 loss=1.04279375 recon=0.00014769 beh=5.851773 w=0.149 lr=1.302e-04 time=0.196s
[RQ-VAE] epoch=2617 loss=1.01874077 recon=0.00014768 beh=5.854382 w=0.149 lr=1.298e-04 time=0.196s
[RQ-VAE] epoch=2618 loss=1.00313520 recon=0.00014774 beh=5.850748 w=0.149 lr=1.295e-04 time=0.196s
[RQ-VAE] epoch=2619 loss=1.10903311 recon=0.00014763 beh=5.853837 w=0.149 lr=1.292e-04 time=0.197s
[RQ-VAE] epoch=2620 loss=1.05847943 recon=0.00014785 beh=5.843632 w=0.149 lr=1.288e-04 time=0.202s
[RQ-VAE] epoch=2621 loss=1.02658653 recon=0.00014781 beh=5.847734 w=0.149 lr=1.285e-04 time=0.201s
[RQ-VAE] epoch=2622 loss=1.01043701 recon=0.00014772 beh=5.853801 w=0.150 lr=1.281e-04 time=0.202s
[RQ-VAE] epoch=2623 loss=0.99704468 recon=0.00014777 beh=5.850569 w=0.150 lr=1.278e-04 time=0.2s
[RQ-VAE] epoch=2624 loss=0.99881434 recon=0.00014771 beh=5.844492 w=0.150 lr=1.275e-04 time=0.202s
[RQ-VAE] epoch=2625 loss=1.16022968 recon=0.00014782 beh=5.849728 w=0.150 lr=1.271e-04 time=0.2s
[RQ-VAE] epoch=2626 loss=1.06763601 recon=0.00014768 beh=5.848675 w=0.150 lr=1.268e-04 time=0.202s
[RQ-VAE] epoch=2627 loss=1.06856346 recon=0.00014767 beh=5.849505 w=0.150 lr=1.264e-04 time=0.201s
[RQ-VAE] epoch=2628 loss=1.09569430 recon=0.00014780 beh=5.855744 w=0.150 lr=1.261e-04 time=0.302s
[RQ-VAE] epoch=2629 loss=1.10808396 recon=0.00014780 beh=5.852570 w=0.151 lr=1.258e-04 time=0.194s
[RQ-VAE] epoch=2630 loss=1.07397187 recon=0.00014784 beh=5.855055 w=0.151 lr=1.254e-04 time=0.195s
[RQ-VAE] epoch=2631 loss=1.05901051 recon=0.00014789 beh=5.852492 w=0.151 lr=1.251e-04 time=0.196s
[RQ-VAE] epoch=2632 loss=1.02355218 recon=0.00014785 beh=5.854901 w=0.151 lr=1.247e-04 time=0.196s
[RQ-VAE] epoch=2633 loss=1.06029260 recon=0.00014769 beh=5.845305 w=0.151 lr=1.244e-04 time=0.196s
[RQ-VAE] epoch=2634 loss=1.12720156 recon=0.00014785 beh=5.849493 w=0.151 lr=1.241e-04 time=0.197s
[RQ-VAE] epoch=2635 loss=1.10911083 recon=0.00014768 beh=5.850883 w=0.151 lr=1.237e-04 time=0.196s
[RQ-VAE] epoch=2636 loss=1.13169372 recon=0.00014779 beh=5.850093 w=0.151 lr=1.234e-04 time=0.196s
[RQ-VAE] epoch=2637 loss=1.07603097 recon=0.00014786 beh=5.850147 w=0.152 lr=1.231e-04 time=0.2s
[RQ-VAE] epoch=2638 loss=1.04646683 recon=0.00014784 beh=5.847410 w=0.152 lr=1.227e-04 time=0.196s
[RQ-VAE] epoch=2639 loss=1.13262796 recon=0.00014783 beh=5.849369 w=0.152 lr=1.224e-04 time=0.195s
[RQ-VAE] epoch=2640 loss=1.11206079 recon=0.00014790 beh=5.853132 w=0.152 lr=1.220e-04 time=0.196s
[RQ-VAE] epoch=2641 loss=1.10665178 recon=0.00014818 beh=5.843788 w=0.152 lr=1.217e-04 time=0.195s
[RQ-VAE] epoch=2642 loss=1.09401441 recon=0.00014791 beh=5.854283 w=0.152 lr=1.214e-04 time=0.197s
[RQ-VAE] epoch=2643 loss=1.15461278 recon=0.00014776 beh=5.851683 w=0.152 lr=1.210e-04 time=0.195s
[RQ-VAE] epoch=2644 loss=1.09928894 recon=0.00014789 beh=5.841086 w=0.153 lr=1.207e-04 time=0.29s
[RQ-VAE] epoch=2645 loss=1.06890631 recon=0.00014802 beh=5.850606 w=0.153 lr=1.203e-04 time=0.196s
[RQ-VAE] epoch=2646 loss=1.04831326 recon=0.00014798 beh=5.847789 w=0.153 lr=1.200e-04 time=0.196s
[RQ-VAE] epoch=2647 loss=1.08879101 recon=0.00014806 beh=5.856792 w=0.153 lr=1.197e-04 time=0.195s
[RQ-VAE] epoch=2648 loss=1.12046039 recon=0.00014792 beh=5.845055 w=0.153 lr=1.193e-04 time=0.196s
[RQ-VAE] epoch=2649 loss=1.11000800 recon=0.00014781 beh=5.857908 w=0.153 lr=1.190e-04 time=0.195s
[RQ-VAE] epoch=2650 loss=1.09056067 recon=0.00014801 lr=1.186e-04 raw_unique=17153/24587 collision=0.302355 time=0.197s
[RQ-VAE] epoch=2651 loss=1.06147480 recon=0.00014791 beh=5.852777 w=0.153 lr=1.183e-04 time=0.195s
[RQ-VAE] epoch=2652 loss=1.02646792 recon=0.00014770 beh=5.854618 w=0.154 lr=1.180e-04 time=0.196s
[RQ-VAE] epoch=2653 loss=1.02753806 recon=0.00014819 beh=5.854487 w=0.154 lr=1.176e-04 time=0.196s
[RQ-VAE] epoch=2654 loss=1.00688946 recon=0.00014802 beh=5.854135 w=0.154 lr=1.173e-04 time=0.198s
[RQ-VAE] epoch=2655 loss=1.01297069 recon=0.00014787 beh=5.844864 w=0.154 lr=1.169e-04 time=0.196s
[RQ-VAE] epoch=2656 loss=1.00588131 recon=0.00014797 beh=5.837181 w=0.154 lr=1.166e-04 time=0.197s
[RQ-VAE] epoch=2657 loss=1.08123314 recon=0.00014816 beh=5.848338 w=0.154 lr=1.163e-04 time=0.197s
[RQ-VAE] epoch=2658 loss=1.17162740 recon=0.00014821 beh=5.839745 w=0.154 lr=1.159e-04 time=0.196s
[RQ-VAE] epoch=2659 loss=1.12718511 recon=0.00014801 beh=5.842431 w=0.155 lr=1.156e-04 time=0.196s
[RQ-VAE] epoch=2660 loss=1.08689570 recon=0.00014799 beh=5.856700 w=0.155 lr=1.153e-04 time=0.291s
[RQ-VAE] epoch=2661 loss=1.06159174 recon=0.00014811 beh=5.854282 w=0.155 lr=1.149e-04 time=0.196s
[RQ-VAE] epoch=2662 loss=1.09872091 recon=0.00014815 beh=5.847696 w=0.155 lr=1.146e-04 time=0.196s
[RQ-VAE] epoch=2663 loss=1.16811502 recon=0.00014800 beh=5.847662 w=0.155 lr=1.142e-04 time=0.196s
[RQ-VAE] epoch=2664 loss=1.11880589 recon=0.00014811 beh=5.855436 w=0.155 lr=1.139e-04 time=0.196s
[RQ-VAE] epoch=2665 loss=1.08224320 recon=0.00014824 beh=5.858799 w=0.155 lr=1.136e-04 time=0.195s
[RQ-VAE] epoch=2666 loss=1.19466126 recon=0.00014825 beh=5.849167 w=0.155 lr=1.132e-04 time=0.196s
[RQ-VAE] epoch=2667 loss=1.14851308 recon=0.00014807 beh=5.850116 w=0.156 lr=1.129e-04 time=0.196s
[RQ-VAE] epoch=2668 loss=1.12276113 recon=0.00014821 beh=5.850686 w=0.156 lr=1.125e-04 time=0.196s
[RQ-VAE] epoch=2669 loss=1.07814026 recon=0.00014817 beh=5.847786 w=0.156 lr=1.122e-04 time=0.196s
[RQ-VAE] epoch=2670 loss=1.07878017 recon=0.00014821 beh=5.848569 w=0.156 lr=1.119e-04 time=0.195s
[RQ-VAE] epoch=2671 loss=1.04385519 recon=0.00014841 beh=5.844512 w=0.156 lr=1.115e-04 time=0.196s
[RQ-VAE] epoch=2672 loss=1.05252934 recon=0.00014837 beh=5.838862 w=0.156 lr=1.112e-04 time=0.195s
[RQ-VAE] epoch=2673 loss=1.02982950 recon=0.00014820 beh=5.840424 w=0.156 lr=1.108e-04 time=0.196s
[RQ-VAE] epoch=2674 loss=1.04010260 recon=0.00014809 beh=5.848317 w=0.157 lr=1.105e-04 time=0.196s
[RQ-VAE] epoch=2675 loss=1.04757452 recon=0.00014831 beh=5.842378 w=0.157 lr=1.102e-04 time=0.196s
[RQ-VAE] epoch=2676 loss=1.06300092 recon=0.00014825 beh=5.847518 w=0.157 lr=1.098e-04 time=0.289s
[RQ-VAE] epoch=2677 loss=1.12003195 recon=0.00014829 beh=5.847402 w=0.157 lr=1.095e-04 time=0.195s
[RQ-VAE] epoch=2678 loss=1.07093000 recon=0.00014862 beh=5.853822 w=0.157 lr=1.092e-04 time=0.197s
[RQ-VAE] epoch=2679 loss=1.10576475 recon=0.00014823 beh=5.843824 w=0.157 lr=1.088e-04 time=0.196s
[RQ-VAE] epoch=2680 loss=1.14271188 recon=0.00014812 beh=5.848884 w=0.157 lr=1.085e-04 time=0.199s
[RQ-VAE] epoch=2681 loss=1.10343432 recon=0.00014798 beh=5.844520 w=0.157 lr=1.081e-04 time=0.196s
[RQ-VAE] epoch=2682 loss=1.10489833 recon=0.00014835 beh=5.849874 w=0.158 lr=1.078e-04 time=0.195s
[RQ-VAE] epoch=2683 loss=1.06077516 recon=0.00014846 beh=5.848456 w=0.158 lr=1.075e-04 time=0.196s
[RQ-VAE] epoch=2684 loss=1.09508395 recon=0.00014844 beh=5.851727 w=0.158 lr=1.071e-04 time=0.196s
[RQ-VAE] epoch=2685 loss=1.12605238 recon=0.00014855 beh=5.851859 w=0.158 lr=1.068e-04 time=0.196s
[RQ-VAE] epoch=2686 loss=1.10864735 recon=0.00014850 beh=5.846136 w=0.158 lr=1.064e-04 time=0.196s
[RQ-VAE] epoch=2687 loss=1.07944691 recon=0.00014852 beh=5.849184 w=0.158 lr=1.061e-04 time=0.196s
[RQ-VAE] epoch=2688 loss=1.07533610 recon=0.00014849 beh=5.848954 w=0.158 lr=1.058e-04 time=0.197s
[RQ-VAE] epoch=2689 loss=1.07117581 recon=0.00014859 beh=5.855506 w=0.159 lr=1.054e-04 time=0.197s
[RQ-VAE] epoch=2690 loss=1.08081079 recon=0.00014861 beh=5.856056 w=0.159 lr=1.051e-04 time=0.196s
[RQ-VAE] epoch=2691 loss=1.07104015 recon=0.00014861 beh=5.849283 w=0.159 lr=1.047e-04 time=0.195s
[RQ-VAE] epoch=2692 loss=1.08567619 recon=0.00014852 beh=5.843189 w=0.159 lr=1.044e-04 time=0.297s
[RQ-VAE] epoch=2693 loss=1.12249041 recon=0.00014870 beh=5.850874 w=0.159 lr=1.041e-04 time=0.195s
[RQ-VAE] epoch=2694 loss=1.11007321 recon=0.00014884 beh=5.841384 w=0.159 lr=1.037e-04 time=0.194s
[RQ-VAE] epoch=2695 loss=1.08779371 recon=0.00014855 beh=5.846449 w=0.159 lr=1.034e-04 time=0.196s
[RQ-VAE] epoch=2696 loss=1.06900644 recon=0.00014863 beh=5.854377 w=0.159 lr=1.031e-04 time=0.194s
[RQ-VAE] epoch=2697 loss=1.05766058 recon=0.00014853 beh=5.852897 w=0.160 lr=1.027e-04 time=0.196s
[RQ-VAE] epoch=2698 loss=1.03827572 recon=0.00014852 beh=5.854463 w=0.160 lr=1.024e-04 time=0.195s
[RQ-VAE] epoch=2699 loss=1.07034183 recon=0.00014839 beh=5.859056 w=0.160 lr=1.020e-04 time=0.196s
[RQ-VAE] epoch=2700 loss=1.21435857 recon=0.00014839 lr=1.017e-04 raw_unique=16969/24587 collision=0.309839 time=0.195s
[RQ-VAE] epoch=2701 loss=1.17804921 recon=0.00014880 beh=5.851641 w=0.160 lr=1.014e-04 time=0.196s
[RQ-VAE] epoch=2702 loss=1.12923670 recon=0.00014881 beh=5.854381 w=0.160 lr=1.010e-04 time=0.194s
[RQ-VAE] epoch=2703 loss=1.15362144 recon=0.00014878 beh=5.851791 w=0.160 lr=1.007e-04 time=0.196s
[RQ-VAE] epoch=2704 loss=1.17894518 recon=0.00014864 beh=5.852509 w=0.161 lr=1.003e-04 time=0.195s
[RQ-VAE] epoch=2705 loss=1.11563981 recon=0.00014859 beh=5.851393 w=0.161 lr=1.000e-04 time=0.197s
[RQ-VAE] epoch=2706 loss=1.11416626 recon=0.00014856 beh=5.850692 w=0.161 lr=9.966e-05 time=0.195s
[RQ-VAE] epoch=2707 loss=1.12157726 recon=0.00014855 beh=5.853691 w=0.161 lr=9.932e-05 time=0.29s
[RQ-VAE] epoch=2708 loss=1.13263702 recon=0.00014851 beh=5.851388 w=0.161 lr=9.898e-05 time=0.195s
[RQ-VAE] epoch=2709 loss=1.12705791 recon=0.00014843 beh=5.844190 w=0.161 lr=9.864e-05 time=0.2s
[RQ-VAE] epoch=2710 loss=1.11847675 recon=0.00014863 beh=5.858798 w=0.161 lr=9.831e-05 time=0.196s
[RQ-VAE] epoch=2711 loss=1.13420677 recon=0.00014862 beh=5.848213 w=0.161 lr=9.797e-05 time=0.196s
[RQ-VAE] epoch=2712 loss=1.11735451 recon=0.00014844 beh=5.845078 w=0.162 lr=9.763e-05 time=0.196s
[RQ-VAE] epoch=2713 loss=1.09880996 recon=0.00014856 beh=5.846935 w=0.162 lr=9.729e-05 time=0.197s
[RQ-VAE] epoch=2714 loss=1.12161899 recon=0.00014845 beh=5.849008 w=0.162 lr=9.695e-05 time=0.195s
[RQ-VAE] epoch=2715 loss=1.15434694 recon=0.00014848 beh=5.844817 w=0.162 lr=9.661e-05 time=0.195s
[RQ-VAE] epoch=2716 loss=1.14121413 recon=0.00014852 beh=5.846725 w=0.162 lr=9.627e-05 time=0.194s
[RQ-VAE] epoch=2717 loss=1.17623174 recon=0.00014845 beh=5.849965 w=0.162 lr=9.593e-05 time=0.196s
[RQ-VAE] epoch=2718 loss=1.15150428 recon=0.00014850 beh=5.852069 w=0.162 lr=9.559e-05 time=0.196s
[RQ-VAE] epoch=2719 loss=1.17739177 recon=0.00014855 beh=5.852028 w=0.163 lr=9.525e-05 time=0.196s
[RQ-VAE] epoch=2720 loss=1.14318323 recon=0.00014856 beh=5.852092 w=0.163 lr=9.492e-05 time=0.196s
[RQ-VAE] epoch=2721 loss=1.09973025 recon=0.00014856 beh=5.839917 w=0.163 lr=9.458e-05 time=0.197s
[RQ-VAE] epoch=2722 loss=1.19473958 recon=0.00014845 beh=5.842446 w=0.163 lr=9.424e-05 time=0.196s
[RQ-VAE] epoch=2723 loss=1.12972355 recon=0.00014840 beh=5.846043 w=0.163 lr=9.390e-05 time=0.29s
[RQ-VAE] epoch=2724 loss=1.10524404 recon=0.00014846 beh=5.848658 w=0.163 lr=9.356e-05 time=0.195s
[RQ-VAE] epoch=2725 loss=1.08608317 recon=0.00014837 beh=5.850214 w=0.163 lr=9.322e-05 time=0.196s
[RQ-VAE] epoch=2726 loss=1.20282674 recon=0.00014847 beh=5.840231 w=0.163 lr=9.288e-05 time=0.196s
[RQ-VAE] epoch=2727 loss=1.19632387 recon=0.00014839 beh=5.839753 w=0.164 lr=9.254e-05 time=0.197s
[RQ-VAE] epoch=2728 loss=1.13506556 recon=0.00014847 beh=5.849184 w=0.164 lr=9.220e-05 time=0.195s
[RQ-VAE] epoch=2729 loss=1.12895215 recon=0.00014855 beh=5.844198 w=0.164 lr=9.186e-05 time=0.196s
[RQ-VAE] epoch=2730 loss=1.14514267 recon=0.00014849 beh=5.844522 w=0.164 lr=9.153e-05 time=0.195s
[RQ-VAE] epoch=2731 loss=1.10483551 recon=0.00014854 beh=5.844376 w=0.164 lr=9.119e-05 time=0.196s
[RQ-VAE] epoch=2732 loss=1.09209728 recon=0.00014849 beh=5.845903 w=0.164 lr=9.085e-05 time=0.196s
[RQ-VAE] epoch=2733 loss=1.17657089 recon=0.00014830 beh=5.855771 w=0.164 lr=9.051e-05 time=0.197s
[RQ-VAE] epoch=2734 loss=1.18020308 recon=0.00014867 beh=5.848646 w=0.165 lr=9.017e-05 time=0.196s
[RQ-VAE] epoch=2735 loss=1.12949133 recon=0.00014857 beh=5.854575 w=0.165 lr=8.983e-05 time=0.196s
[RQ-VAE] epoch=2736 loss=1.10961854 recon=0.00014864 beh=5.848341 w=0.165 lr=8.949e-05 time=0.195s
[RQ-VAE] epoch=2737 loss=1.15000176 recon=0.00014841 beh=5.847179 w=0.165 lr=8.915e-05 time=0.196s
[RQ-VAE] epoch=2738 loss=1.24209380 recon=0.00014859 beh=5.845665 w=0.165 lr=8.881e-05 time=0.197s
[RQ-VAE] epoch=2739 loss=1.19693398 recon=0.00014868 beh=5.847138 w=0.165 lr=8.847e-05 time=0.293s
[RQ-VAE] epoch=2740 loss=1.16744900 recon=0.00014873 beh=5.853358 w=0.165 lr=8.814e-05 time=0.196s
[RQ-VAE] epoch=2741 loss=1.12827158 recon=0.00014850 beh=5.848378 w=0.165 lr=8.780e-05 time=0.196s
[RQ-VAE] epoch=2742 loss=1.22056901 recon=0.00014880 beh=5.850628 w=0.166 lr=8.746e-05 time=0.195s
[RQ-VAE] epoch=2743 loss=1.19778049 recon=0.00014860 beh=5.851370 w=0.166 lr=8.712e-05 time=0.195s
[RQ-VAE] epoch=2744 loss=1.19947743 recon=0.00014847 beh=5.838713 w=0.166 lr=8.678e-05 time=0.195s
[RQ-VAE] epoch=2745 loss=1.17492723 recon=0.00014848 beh=5.841497 w=0.166 lr=8.644e-05 time=0.196s
[RQ-VAE] epoch=2746 loss=1.20130825 recon=0.00014855 beh=5.840385 w=0.166 lr=8.610e-05 time=0.196s
[RQ-VAE] epoch=2747 loss=1.15597427 recon=0.00014855 beh=5.847052 w=0.166 lr=8.576e-05 time=0.195s
[RQ-VAE] epoch=2748 loss=1.17729747 recon=0.00014859 beh=5.853520 w=0.166 lr=8.542e-05 time=0.197s
[RQ-VAE] epoch=2749 loss=1.14174938 recon=0.00014845 beh=5.850475 w=0.167 lr=8.508e-05 time=0.196s
[RQ-VAE] epoch=2750 loss=1.17082775 recon=0.00014850 lr=8.475e-05 raw_unique=17575/24587 collision=0.285191 time=0.196s
[RQ-VAE] epoch=2751 loss=1.19671690 recon=0.00014857 beh=5.846398 w=0.167 lr=8.441e-05 time=0.197s
[RQ-VAE] epoch=2752 loss=1.20511460 recon=0.00014862 beh=5.848104 w=0.167 lr=8.407e-05 time=0.2s
[RQ-VAE] epoch=2753 loss=1.18315661 recon=0.00014880 beh=5.850955 w=0.167 lr=8.373e-05 time=0.202s
[RQ-VAE] epoch=2754 loss=1.16957867 recon=0.00014875 beh=5.843776 w=0.167 lr=8.339e-05 time=0.2s
[RQ-VAE] epoch=2755 loss=1.15795135 recon=0.00014883 beh=5.852167 w=0.167 lr=8.305e-05 time=0.308s
[RQ-VAE] epoch=2756 loss=1.13170981 recon=0.00014869 beh=5.850629 w=0.167 lr=8.271e-05 time=0.196s
[RQ-VAE] epoch=2757 loss=1.18458068 recon=0.00014877 beh=5.853050 w=0.168 lr=8.237e-05 time=0.198s
[RQ-VAE] epoch=2758 loss=1.18062270 recon=0.00014870 beh=5.858696 w=0.168 lr=8.203e-05 time=0.2s
[RQ-VAE] epoch=2759 loss=1.14168644 recon=0.00014882 beh=5.850868 w=0.168 lr=8.169e-05 time=0.196s
[RQ-VAE] epoch=2760 loss=1.18685532 recon=0.00014872 beh=5.847163 w=0.168 lr=8.136e-05 time=0.196s
[RQ-VAE] epoch=2761 loss=1.20809317 recon=0.00014864 beh=5.850101 w=0.168 lr=8.102e-05 time=0.196s
[RQ-VAE] epoch=2762 loss=1.16635299 recon=0.00014859 beh=5.849851 w=0.168 lr=8.068e-05 time=0.196s
[RQ-VAE] epoch=2763 loss=1.16542661 recon=0.00014875 beh=5.845441 w=0.168 lr=8.034e-05 time=0.196s
[RQ-VAE] epoch=2764 loss=1.16560197 recon=0.00014891 beh=5.846088 w=0.169 lr=8.000e-05 time=0.195s
[RQ-VAE] epoch=2765 loss=1.14829469 recon=0.00014893 beh=5.855684 w=0.169 lr=7.966e-05 time=0.196s
[RQ-VAE] epoch=2766 loss=1.15719819 recon=0.00014882 beh=5.850126 w=0.169 lr=7.932e-05 time=0.196s
[RQ-VAE] epoch=2767 loss=1.22661817 recon=0.00014872 beh=5.845737 w=0.169 lr=7.898e-05 time=0.196s
[RQ-VAE] epoch=2768 loss=1.19017315 recon=0.00014857 beh=5.848158 w=0.169 lr=7.864e-05 time=0.195s
[RQ-VAE] epoch=2769 loss=1.16457164 recon=0.00014878 beh=5.847730 w=0.169 lr=7.831e-05 time=0.196s
[RQ-VAE] epoch=2770 loss=1.12237656 recon=0.00014889 beh=5.837463 w=0.169 lr=7.797e-05 time=0.195s
[RQ-VAE] epoch=2771 loss=1.11438465 recon=0.00014900 beh=5.852436 w=0.169 lr=7.763e-05 time=0.293s
[RQ-VAE] epoch=2772 loss=1.14197755 recon=0.00014899 beh=5.848455 w=0.170 lr=7.729e-05 time=0.195s
[RQ-VAE] epoch=2773 loss=1.09321809 recon=0.00014899 beh=5.851121 w=0.170 lr=7.695e-05 time=0.195s
[RQ-VAE] epoch=2774 loss=1.09571326 recon=0.00014894 beh=5.845319 w=0.170 lr=7.661e-05 time=0.196s
[RQ-VAE] epoch=2775 loss=1.11067533 recon=0.00014883 beh=5.848720 w=0.170 lr=7.627e-05 time=0.196s
[RQ-VAE] epoch=2776 loss=1.09714794 recon=0.00014882 beh=5.835658 w=0.170 lr=7.593e-05 time=0.197s
[RQ-VAE] epoch=2777 loss=1.15777040 recon=0.00014880 beh=5.842702 w=0.170 lr=7.559e-05 time=0.197s
[RQ-VAE] epoch=2778 loss=1.16148353 recon=0.00014910 beh=5.848038 w=0.170 lr=7.525e-05 time=0.197s
[RQ-VAE] epoch=2779 loss=1.12653947 recon=0.00014885 beh=5.845454 w=0.171 lr=7.492e-05 time=0.196s
[RQ-VAE] epoch=2780 loss=1.14911652 recon=0.00014899 beh=5.848739 w=0.171 lr=7.458e-05 time=0.196s
[RQ-VAE] epoch=2781 loss=1.17522466 recon=0.00014936 beh=5.849912 w=0.171 lr=7.424e-05 time=0.196s
[RQ-VAE] epoch=2782 loss=1.15037751 recon=0.00014935 beh=5.854311 w=0.171 lr=7.390e-05 time=0.196s
[RQ-VAE] epoch=2783 loss=1.19928837 recon=0.00014948 beh=5.848949 w=0.171 lr=7.356e-05 time=0.196s
[RQ-VAE] epoch=2784 loss=1.17233789 recon=0.00014956 beh=5.848002 w=0.171 lr=7.322e-05 time=0.197s
[RQ-VAE] epoch=2785 loss=1.13934052 recon=0.00014955 beh=5.849048 w=0.171 lr=7.288e-05 time=0.196s
[RQ-VAE] epoch=2786 loss=1.22478187 recon=0.00014926 beh=5.847934 w=0.171 lr=7.254e-05 time=0.196s
[RQ-VAE] epoch=2787 loss=1.18227065 recon=0.00014933 beh=5.852870 w=0.172 lr=7.220e-05 time=0.289s
[RQ-VAE] epoch=2788 loss=1.16746330 recon=0.00014929 beh=5.855460 w=0.172 lr=7.186e-05 time=0.195s
[RQ-VAE] epoch=2789 loss=1.23880267 recon=0.00014930 beh=5.860785 w=0.172 lr=7.153e-05 time=0.195s
[RQ-VAE] epoch=2790 loss=1.20124483 recon=0.00014922 beh=5.846605 w=0.172 lr=7.119e-05 time=0.196s
[RQ-VAE] epoch=2791 loss=1.16246831 recon=0.00014926 beh=5.842740 w=0.172 lr=7.085e-05 time=0.194s
[RQ-VAE] epoch=2792 loss=1.26277852 recon=0.00014934 beh=5.849852 w=0.172 lr=7.051e-05 time=0.196s
[RQ-VAE] epoch=2793 loss=1.23818111 recon=0.00014943 beh=5.853770 w=0.172 lr=7.017e-05 time=0.195s
[RQ-VAE] epoch=2794 loss=1.19728065 recon=0.00014935 beh=5.851131 w=0.173 lr=6.983e-05 time=0.196s
[RQ-VAE] epoch=2795 loss=1.15611339 recon=0.00014918 beh=5.852369 w=0.173 lr=6.949e-05 time=0.196s
[RQ-VAE] epoch=2796 loss=1.16135168 recon=0.00014925 beh=5.849576 w=0.173 lr=6.915e-05 time=0.196s
[RQ-VAE] epoch=2797 loss=1.13581920 recon=0.00014908 beh=5.856985 w=0.173 lr=6.881e-05 time=0.195s
[RQ-VAE] epoch=2798 loss=1.13564992 recon=0.00014924 beh=5.851120 w=0.173 lr=6.847e-05 time=0.196s
[RQ-VAE] epoch=2799 loss=1.15846539 recon=0.00014938 beh=5.845481 w=0.173 lr=6.814e-05 time=0.195s
[RQ-VAE] epoch=2800 loss=1.17701733 recon=0.00014929 lr=6.780e-05 raw_unique=17226/24587 collision=0.299386 time=0.196s
[RQ-VAE] epoch=2801 loss=1.22320402 recon=0.00014942 beh=5.847131 w=0.173 lr=6.746e-05 time=0.195s
[RQ-VAE] epoch=2802 loss=1.18226397 recon=0.00014934 beh=5.843979 w=0.174 lr=6.712e-05 time=0.291s
[RQ-VAE] epoch=2803 loss=1.24010777 recon=0.00014921 beh=5.850802 w=0.174 lr=6.678e-05 time=0.195s
[RQ-VAE] epoch=2804 loss=1.18921971 recon=0.00014928 beh=5.844826 w=0.174 lr=6.644e-05 time=0.196s
[RQ-VAE] epoch=2805 loss=1.25157893 recon=0.00014933 beh=5.848767 w=0.174 lr=6.610e-05 time=0.198s
[RQ-VAE] epoch=2806 loss=1.21316075 recon=0.00014933 beh=5.844933 w=0.174 lr=6.576e-05 time=0.197s
[RQ-VAE] epoch=2807 loss=1.21955395 recon=0.00014951 beh=5.847550 w=0.174 lr=6.542e-05 time=0.197s
[RQ-VAE] epoch=2808 loss=1.21157277 recon=0.00014944 beh=5.847915 w=0.174 lr=6.508e-05 time=0.197s
[RQ-VAE] epoch=2809 loss=1.18547297 recon=0.00014946 beh=5.847268 w=0.175 lr=6.475e-05 time=0.196s
[RQ-VAE] epoch=2810 loss=1.19833517 recon=0.00014927 beh=5.846502 w=0.175 lr=6.441e-05 time=0.197s
[RQ-VAE] epoch=2811 loss=1.19624341 recon=0.00014941 beh=5.847120 w=0.175 lr=6.407e-05 time=0.196s
[RQ-VAE] epoch=2812 loss=1.17166913 recon=0.00014951 beh=5.836406 w=0.175 lr=6.373e-05 time=0.196s
[RQ-VAE] epoch=2813 loss=1.16143346 recon=0.00014929 beh=5.844554 w=0.175 lr=6.339e-05 time=0.196s
[RQ-VAE] epoch=2814 loss=1.15511954 recon=0.00014945 beh=5.853224 w=0.175 lr=6.305e-05 time=0.197s
[RQ-VAE] epoch=2815 loss=1.13464677 recon=0.00014944 beh=5.847250 w=0.175 lr=6.271e-05 time=0.196s
[RQ-VAE] epoch=2816 loss=1.14880276 recon=0.00014964 beh=5.848512 w=0.175 lr=6.237e-05 time=0.196s
[RQ-VAE] epoch=2817 loss=1.12943864 recon=0.00014941 beh=5.852084 w=0.176 lr=6.203e-05 time=0.196s
[RQ-VAE] epoch=2818 loss=1.22623730 recon=0.00014956 beh=5.842883 w=0.176 lr=6.169e-05 time=0.294s
[RQ-VAE] epoch=2819 loss=1.23392773 recon=0.00014955 beh=5.846559 w=0.176 lr=6.136e-05 time=0.195s
[RQ-VAE] epoch=2820 loss=1.22061133 recon=0.00014944 beh=5.845419 w=0.176 lr=6.102e-05 time=0.196s
[RQ-VAE] epoch=2821 loss=1.18118596 recon=0.00014940 beh=5.848514 w=0.176 lr=6.068e-05 time=0.195s
[RQ-VAE] epoch=2822 loss=1.15238702 recon=0.00014950 beh=5.850457 w=0.176 lr=6.034e-05 time=0.196s
[RQ-VAE] epoch=2823 loss=1.27787566 recon=0.00014947 beh=5.846985 w=0.176 lr=6.000e-05 time=0.195s
[RQ-VAE] epoch=2824 loss=1.23362041 recon=0.00014962 beh=5.844985 w=0.177 lr=5.966e-05 time=0.195s
[RQ-VAE] epoch=2825 loss=1.22581899 recon=0.00014955 beh=5.852099 w=0.177 lr=5.932e-05 time=0.197s
[RQ-VAE] epoch=2826 loss=1.23582435 recon=0.00014954 beh=5.848607 w=0.177 lr=5.898e-05 time=0.196s
[RQ-VAE] epoch=2827 loss=1.20983064 recon=0.00014949 beh=5.851580 w=0.177 lr=5.864e-05 time=0.197s
[RQ-VAE] epoch=2828 loss=1.19790184 recon=0.00014944 beh=5.851883 w=0.177 lr=5.831e-05 time=0.196s
[RQ-VAE] epoch=2829 loss=1.21700060 recon=0.00014949 beh=5.847845 w=0.177 lr=5.797e-05 time=0.196s
[RQ-VAE] epoch=2830 loss=1.18591440 recon=0.00014957 beh=5.847969 w=0.177 lr=5.763e-05 time=0.196s
[RQ-VAE] epoch=2831 loss=1.18235111 recon=0.00014941 beh=5.855623 w=0.177 lr=5.729e-05 time=0.196s
[RQ-VAE] epoch=2832 loss=1.20574749 recon=0.00014944 beh=5.843289 w=0.178 lr=5.695e-05 time=0.197s
[RQ-VAE] epoch=2833 loss=1.22875130 recon=0.00014942 beh=5.847419 w=0.178 lr=5.661e-05 time=0.197s
[RQ-VAE] epoch=2834 loss=1.18868339 recon=0.00014942 beh=5.845658 w=0.178 lr=5.627e-05 time=0.291s
[RQ-VAE] epoch=2835 loss=1.17636204 recon=0.00014943 beh=5.844132 w=0.178 lr=5.593e-05 time=0.196s
[RQ-VAE] epoch=2836 loss=1.17876256 recon=0.00014950 beh=5.848656 w=0.178 lr=5.559e-05 time=0.196s
[RQ-VAE] epoch=2837 loss=1.19353843 recon=0.00014927 beh=5.851277 w=0.178 lr=5.525e-05 time=0.196s
[RQ-VAE] epoch=2838 loss=1.25505066 recon=0.00014926 beh=5.845646 w=0.178 lr=5.492e-05 time=0.196s
[RQ-VAE] epoch=2839 loss=1.20995355 recon=0.00014948 beh=5.845851 w=0.179 lr=5.458e-05 time=0.196s
[RQ-VAE] epoch=2840 loss=1.19440937 recon=0.00014933 beh=5.857213 w=0.179 lr=5.424e-05 time=0.196s
[RQ-VAE] epoch=2841 loss=1.25171459 recon=0.00014935 beh=5.846817 w=0.179 lr=5.390e-05 time=0.195s
[RQ-VAE] epoch=2842 loss=1.22381210 recon=0.00014933 beh=5.847685 w=0.179 lr=5.356e-05 time=0.197s
[RQ-VAE] epoch=2843 loss=1.24228513 recon=0.00014936 beh=5.840049 w=0.179 lr=5.322e-05 time=0.195s
[RQ-VAE] epoch=2844 loss=1.28550565 recon=0.00014947 beh=5.848171 w=0.179 lr=5.288e-05 time=0.197s
[RQ-VAE] epoch=2845 loss=1.28239870 recon=0.00014936 beh=5.842257 w=0.179 lr=5.254e-05 time=0.196s
[RQ-VAE] epoch=2846 loss=1.24058127 recon=0.00014932 beh=5.845532 w=0.179 lr=5.220e-05 time=0.196s
[RQ-VAE] epoch=2847 loss=1.26013970 recon=0.00014935 beh=5.844398 w=0.180 lr=5.186e-05 time=0.195s
[RQ-VAE] epoch=2848 loss=1.26449227 recon=0.00014942 beh=5.850248 w=0.180 lr=5.153e-05 time=0.196s
[RQ-VAE] epoch=2849 loss=1.23960972 recon=0.00014949 beh=5.840396 w=0.180 lr=5.119e-05 time=0.196s
[RQ-VAE] epoch=2850 loss=1.24280977 recon=0.00014952 lr=5.085e-05 raw_unique=16858/24587 collision=0.314353 time=0.29s
[RQ-VAE] epoch=2851 loss=1.25151753 recon=0.00014947 beh=5.848737 w=0.180 lr=5.051e-05 time=0.196s
[RQ-VAE] epoch=2852 loss=1.20860803 recon=0.00014943 beh=5.851698 w=0.180 lr=5.017e-05 time=0.195s
[RQ-VAE] epoch=2853 loss=1.19409442 recon=0.00014945 beh=5.846716 w=0.180 lr=4.983e-05 time=0.195s
[RQ-VAE] epoch=2854 loss=1.20910048 recon=0.00014960 beh=5.848479 w=0.181 lr=4.949e-05 time=0.197s
[RQ-VAE] epoch=2855 loss=1.25061440 recon=0.00014954 beh=5.844563 w=0.181 lr=4.915e-05 time=0.208s
[RQ-VAE] epoch=2856 loss=1.25249410 recon=0.00014942 beh=5.851588 w=0.181 lr=4.881e-05 time=0.201s
[RQ-VAE] epoch=2857 loss=1.20372200 recon=0.00014952 beh=5.851018 w=0.181 lr=4.847e-05 time=0.2s
[RQ-VAE] epoch=2858 loss=1.20607662 recon=0.00014936 beh=5.846410 w=0.181 lr=4.814e-05 time=0.2s
[RQ-VAE] epoch=2859 loss=1.19367957 recon=0.00014936 beh=5.849409 w=0.181 lr=4.780e-05 time=0.201s
[RQ-VAE] epoch=2860 loss=1.27000928 recon=0.00014948 beh=5.848845 w=0.181 lr=4.746e-05 time=0.202s
[RQ-VAE] epoch=2861 loss=1.23580146 recon=0.00014956 beh=5.853920 w=0.181 lr=4.712e-05 time=0.202s
[RQ-VAE] epoch=2862 loss=1.28939390 recon=0.00014948 beh=5.847480 w=0.182 lr=4.678e-05 time=0.201s
[RQ-VAE] epoch=2863 loss=1.28041363 recon=0.00014945 beh=5.846981 w=0.182 lr=4.644e-05 time=0.201s
[RQ-VAE] epoch=2864 loss=1.26446676 recon=0.00014947 beh=5.846739 w=0.182 lr=4.610e-05 time=0.2s
[RQ-VAE] epoch=2865 loss=1.20670080 recon=0.00014945 beh=5.849864 w=0.182 lr=4.576e-05 time=0.201s
[RQ-VAE] epoch=2866 loss=1.22380364 recon=0.00014929 beh=5.847108 w=0.182 lr=4.542e-05 time=0.319s
[RQ-VAE] epoch=2867 loss=1.20662045 recon=0.00014958 beh=5.842390 w=0.182 lr=4.508e-05 time=0.196s
[RQ-VAE] epoch=2868 loss=1.19493914 recon=0.00014955 beh=5.846476 w=0.182 lr=4.475e-05 time=0.196s
[RQ-VAE] epoch=2869 loss=1.18463206 recon=0.00014946 beh=5.848449 w=0.183 lr=4.441e-05 time=0.195s
[RQ-VAE] epoch=2870 loss=1.18976402 recon=0.00014933 beh=5.850966 w=0.183 lr=4.407e-05 time=0.197s
[RQ-VAE] epoch=2871 loss=1.18152571 recon=0.00014943 beh=5.845076 w=0.183 lr=4.373e-05 time=0.195s
[RQ-VAE] epoch=2872 loss=1.27682447 recon=0.00014951 beh=5.851287 w=0.183 lr=4.339e-05 time=0.197s
[RQ-VAE] epoch=2873 loss=1.22809756 recon=0.00014958 beh=5.837090 w=0.183 lr=4.305e-05 time=0.196s
[RQ-VAE] epoch=2874 loss=1.25299799 recon=0.00014947 beh=5.848374 w=0.183 lr=4.271e-05 time=0.196s
[RQ-VAE] epoch=2875 loss=1.26535702 recon=0.00014959 beh=5.850337 w=0.183 lr=4.237e-05 time=0.196s
[RQ-VAE] epoch=2876 loss=1.29191077 recon=0.00014947 beh=5.846924 w=0.183 lr=4.203e-05 time=0.197s
[RQ-VAE] epoch=2877 loss=1.28384852 recon=0.00014959 beh=5.845979 w=0.184 lr=4.169e-05 time=0.196s
[RQ-VAE] epoch=2878 loss=1.24066448 recon=0.00014963 beh=5.845308 w=0.184 lr=4.136e-05 time=0.197s
[RQ-VAE] epoch=2879 loss=1.26132905 recon=0.00014961 beh=5.850205 w=0.184 lr=4.102e-05 time=0.197s
[RQ-VAE] epoch=2880 loss=1.23366654 recon=0.00014962 beh=5.848550 w=0.184 lr=4.068e-05 time=0.196s
[RQ-VAE] epoch=2881 loss=1.20245862 recon=0.00014964 beh=5.857492 w=0.184 lr=4.034e-05 time=0.196s
[RQ-VAE] epoch=2882 loss=1.22956657 recon=0.00014963 beh=5.851653 w=0.184 lr=4.000e-05 time=0.292s
[RQ-VAE] epoch=2883 loss=1.22895575 recon=0.00014962 beh=5.849814 w=0.184 lr=3.966e-05 time=0.197s
[RQ-VAE] epoch=2884 loss=1.25511026 recon=0.00014978 beh=5.859571 w=0.185 lr=3.932e-05 time=0.194s
[RQ-VAE] epoch=2885 loss=1.22750890 recon=0.00014973 beh=5.849350 w=0.185 lr=3.898e-05 time=0.196s
[RQ-VAE] epoch=2886 loss=1.21856141 recon=0.00014957 beh=5.853078 w=0.185 lr=3.864e-05 time=0.194s
[RQ-VAE] epoch=2887 loss=1.23153925 recon=0.00014969 beh=5.848011 w=0.185 lr=3.831e-05 time=0.196s
[RQ-VAE] epoch=2888 loss=1.23258686 recon=0.00014968 beh=5.841421 w=0.185 lr=3.797e-05 time=0.195s
[RQ-VAE] epoch=2889 loss=1.20584655 recon=0.00014965 beh=5.846784 w=0.185 lr=3.763e-05 time=0.197s
[RQ-VAE] epoch=2890 loss=1.24342537 recon=0.00014970 beh=5.850839 w=0.185 lr=3.729e-05 time=0.195s
[RQ-VAE] epoch=2891 loss=1.25657642 recon=0.00014960 beh=5.847586 w=0.185 lr=3.695e-05 time=0.196s
[RQ-VAE] epoch=2892 loss=1.25058138 recon=0.00014971 beh=5.851402 w=0.186 lr=3.661e-05 time=0.194s
[RQ-VAE] epoch=2893 loss=1.27818680 recon=0.00014959 beh=5.844074 w=0.186 lr=3.627e-05 time=0.196s
[RQ-VAE] epoch=2894 loss=1.25900900 recon=0.00014971 beh=5.849344 w=0.186 lr=3.593e-05 time=0.196s
[RQ-VAE] epoch=2895 loss=1.21938932 recon=0.00014979 beh=5.849175 w=0.186 lr=3.559e-05 time=0.197s
[RQ-VAE] epoch=2896 loss=1.25447679 recon=0.00014964 beh=5.845778 w=0.186 lr=3.525e-05 time=0.196s
[RQ-VAE] epoch=2897 loss=1.28654850 recon=0.00014964 beh=5.843116 w=0.186 lr=3.492e-05 time=0.293s
[RQ-VAE] epoch=2898 loss=1.26397586 recon=0.00014962 beh=5.846675 w=0.186 lr=3.458e-05 time=0.195s
[RQ-VAE] epoch=2899 loss=1.23028326 recon=0.00014970 beh=5.847330 w=0.187 lr=3.424e-05 time=0.196s
[RQ-VAE] epoch=2900 loss=1.23862743 recon=0.00014971 lr=3.390e-05 raw_unique=17017/24587 collision=0.307886 time=0.196s
[RQ-VAE] epoch=2901 loss=1.31724739 recon=0.00014966 beh=5.845024 w=0.187 lr=3.356e-05 time=0.197s
[RQ-VAE] epoch=2902 loss=1.27679431 recon=0.00014964 beh=5.850633 w=0.187 lr=3.322e-05 time=0.197s
[RQ-VAE] epoch=2903 loss=1.29051709 recon=0.00014963 beh=5.841552 w=0.187 lr=3.288e-05 time=0.196s
[RQ-VAE] epoch=2904 loss=1.26592040 recon=0.00014958 beh=5.847838 w=0.187 lr=3.254e-05 time=0.199s
[RQ-VAE] epoch=2905 loss=1.22348642 recon=0.00014951 beh=5.842648 w=0.187 lr=3.220e-05 time=0.201s
[RQ-VAE] epoch=2906 loss=1.34551919 recon=0.00014956 beh=5.843900 w=0.187 lr=3.186e-05 time=0.2s
[RQ-VAE] epoch=2907 loss=1.31346893 recon=0.00014973 beh=5.848843 w=0.188 lr=3.153e-05 time=0.201s
[RQ-VAE] epoch=2908 loss=1.28380311 recon=0.00014971 beh=5.849839 w=0.188 lr=3.119e-05 time=0.203s
[RQ-VAE] epoch=2909 loss=1.25537491 recon=0.00014938 beh=5.840530 w=0.188 lr=3.085e-05 time=0.201s
[RQ-VAE] epoch=2910 loss=1.23545289 recon=0.00014957 beh=5.845593 w=0.188 lr=3.051e-05 time=0.201s
[RQ-VAE] epoch=2911 loss=1.21261382 recon=0.00014946 beh=5.846882 w=0.188 lr=3.017e-05 time=0.201s
[RQ-VAE] epoch=2912 loss=1.22996557 recon=0.00014958 beh=5.841808 w=0.188 lr=2.983e-05 time=0.2s
[RQ-VAE] epoch=2913 loss=1.28111947 recon=0.00014950 beh=5.855572 w=0.188 lr=2.949e-05 time=0.309s
[RQ-VAE] epoch=2914 loss=1.26117086 recon=0.00014968 beh=5.846352 w=0.189 lr=2.915e-05 time=0.196s
[RQ-VAE] epoch=2915 loss=1.24342716 recon=0.00014977 beh=5.847868 w=0.189 lr=2.881e-05 time=0.196s
[RQ-VAE] epoch=2916 loss=1.22786570 recon=0.00014973 beh=5.840595 w=0.189 lr=2.847e-05 time=0.196s
[RQ-VAE] epoch=2917 loss=1.20826459 recon=0.00014987 beh=5.841915 w=0.189 lr=2.814e-05 time=0.196s
[RQ-VAE] epoch=2918 loss=1.24288797 recon=0.00014966 beh=5.847294 w=0.189 lr=2.780e-05 time=0.197s
[RQ-VAE] epoch=2919 loss=1.27822828 recon=0.00014959 beh=5.840652 w=0.189 lr=2.746e-05 time=0.195s
[RQ-VAE] epoch=2920 loss=1.24912095 recon=0.00014970 beh=5.850161 w=0.189 lr=2.712e-05 time=0.201s
[RQ-VAE] epoch=2921 loss=1.25484264 recon=0.00014980 beh=5.845963 w=0.189 lr=2.678e-05 time=0.195s
[RQ-VAE] epoch=2922 loss=1.27598262 recon=0.00014969 beh=5.846541 w=0.190 lr=2.644e-05 time=0.196s
[RQ-VAE] epoch=2923 loss=1.28457177 recon=0.00014963 beh=5.845898 w=0.190 lr=2.610e-05 time=0.195s
[RQ-VAE] epoch=2924 loss=1.25762975 recon=0.00014957 beh=5.841748 w=0.190 lr=2.576e-05 time=0.195s
[RQ-VAE] epoch=2925 loss=1.24822307 recon=0.00014956 beh=5.847356 w=0.190 lr=2.542e-05 time=0.196s
[RQ-VAE] epoch=2926 loss=1.28460002 recon=0.00014966 beh=5.845348 w=0.190 lr=2.508e-05 time=0.196s
[RQ-VAE] epoch=2927 loss=1.23872435 recon=0.00014946 beh=5.841043 w=0.190 lr=2.475e-05 time=0.198s
[RQ-VAE] epoch=2928 loss=1.23996317 recon=0.00014963 beh=5.853561 w=0.190 lr=2.441e-05 time=0.201s
[RQ-VAE] epoch=2929 loss=1.26589704 recon=0.00014969 beh=5.845314 w=0.191 lr=2.407e-05 time=0.301s
[RQ-VAE] epoch=2930 loss=1.25641179 recon=0.00014962 beh=5.843168 w=0.191 lr=2.373e-05 time=0.195s
[RQ-VAE] epoch=2931 loss=1.27979410 recon=0.00014957 beh=5.850926 w=0.191 lr=2.339e-05 time=0.196s
[RQ-VAE] epoch=2932 loss=1.30153298 recon=0.00014955 beh=5.852551 w=0.191 lr=2.305e-05 time=0.196s
[RQ-VAE] epoch=2933 loss=1.25918460 recon=0.00014948 beh=5.845872 w=0.191 lr=2.271e-05 time=0.197s
[RQ-VAE] epoch=2934 loss=1.26346684 recon=0.00014949 beh=5.852779 w=0.191 lr=2.237e-05 time=0.196s
[RQ-VAE] epoch=2935 loss=1.25894904 recon=0.00014961 beh=5.847948 w=0.191 lr=2.203e-05 time=0.196s
[RQ-VAE] epoch=2936 loss=1.22738373 recon=0.00014956 beh=5.846150 w=0.191 lr=2.169e-05 time=0.195s
[RQ-VAE] epoch=2937 loss=1.22102344 recon=0.00014967 beh=5.856734 w=0.192 lr=2.136e-05 time=0.196s
[RQ-VAE] epoch=2938 loss=1.26531112 recon=0.00014966 beh=5.854239 w=0.192 lr=2.102e-05 time=0.196s
[RQ-VAE] epoch=2939 loss=1.28517270 recon=0.00014950 beh=5.846722 w=0.192 lr=2.068e-05 time=0.197s
[RQ-VAE] epoch=2940 loss=1.29628479 recon=0.00014957 beh=5.848026 w=0.192 lr=2.034e-05 time=0.197s
[RQ-VAE] epoch=2941 loss=1.26761377 recon=0.00014965 beh=5.848473 w=0.192 lr=2.000e-05 time=0.196s
[RQ-VAE] epoch=2942 loss=1.25276005 recon=0.00014941 beh=5.851106 w=0.192 lr=1.966e-05 time=0.195s
[RQ-VAE] epoch=2943 loss=1.27850366 recon=0.00014972 beh=5.840645 w=0.192 lr=1.932e-05 time=0.197s
[RQ-VAE] epoch=2944 loss=1.28213704 recon=0.00014971 beh=5.855124 w=0.193 lr=1.898e-05 time=0.195s
[RQ-VAE] epoch=2945 loss=1.29814255 recon=0.00014960 beh=5.851499 w=0.193 lr=1.864e-05 time=0.291s
[RQ-VAE] epoch=2946 loss=1.26719880 recon=0.00014968 beh=5.850195 w=0.193 lr=1.831e-05 time=0.194s
[RQ-VAE] epoch=2947 loss=1.24132013 recon=0.00014964 beh=5.840374 w=0.193 lr=1.797e-05 time=0.196s
[RQ-VAE] epoch=2948 loss=1.25095451 recon=0.00014953 beh=5.841242 w=0.193 lr=1.763e-05 time=0.195s
[RQ-VAE] epoch=2949 loss=1.25740814 recon=0.00014952 beh=5.850897 w=0.193 lr=1.729e-05 time=0.196s
[RQ-VAE] epoch=2950 loss=1.27328980 recon=0.00014954 lr=1.695e-05 raw_unique=17347/24587 collision=0.294465 time=0.195s
[RQ-VAE] epoch=2951 loss=1.28584671 recon=0.00014947 beh=5.847428 w=0.193 lr=1.661e-05 time=0.196s
[RQ-VAE] epoch=2952 loss=1.25795603 recon=0.00014967 beh=5.835291 w=0.194 lr=1.627e-05 time=0.195s
[RQ-VAE] epoch=2953 loss=1.27207196 recon=0.00014958 beh=5.842974 w=0.194 lr=1.593e-05 time=0.196s
[RQ-VAE] epoch=2954 loss=1.24543190 recon=0.00014958 beh=5.844551 w=0.194 lr=1.559e-05 time=0.196s
[RQ-VAE] epoch=2955 loss=1.21917844 recon=0.00014955 beh=5.837959 w=0.194 lr=1.525e-05 time=0.196s
[RQ-VAE] epoch=2956 loss=1.26905942 recon=0.00014955 beh=5.841784 w=0.194 lr=1.492e-05 time=0.196s
[RQ-VAE] epoch=2957 loss=1.27182126 recon=0.00014947 beh=5.848907 w=0.194 lr=1.458e-05 time=0.196s
[RQ-VAE] epoch=2958 loss=1.25626671 recon=0.00014952 beh=5.852603 w=0.194 lr=1.424e-05 time=0.196s
[RQ-VAE] epoch=2959 loss=1.24359381 recon=0.00014956 beh=5.842940 w=0.195 lr=1.390e-05 time=0.196s
[RQ-VAE] epoch=2960 loss=1.26671338 recon=0.00014957 beh=5.852030 w=0.195 lr=1.356e-05 time=0.195s
[RQ-VAE] epoch=2961 loss=1.26520526 recon=0.00014958 beh=5.843364 w=0.195 lr=1.322e-05 time=0.292s
[RQ-VAE] epoch=2962 loss=1.24965191 recon=0.00014958 beh=5.843698 w=0.195 lr=1.288e-05 time=0.197s
[RQ-VAE] epoch=2963 loss=1.26281476 recon=0.00014960 beh=5.841668 w=0.195 lr=1.254e-05 time=0.196s
[RQ-VAE] epoch=2964 loss=1.26037681 recon=0.00014965 beh=5.853179 w=0.195 lr=1.220e-05 time=0.195s
[RQ-VAE] epoch=2965 loss=1.23778534 recon=0.00014953 beh=5.848568 w=0.195 lr=1.186e-05 time=0.202s
[RQ-VAE] epoch=2966 loss=1.25129616 recon=0.00014976 beh=5.841926 w=0.195 lr=1.153e-05 time=0.197s
[RQ-VAE] epoch=2967 loss=1.26880431 recon=0.00014964 beh=5.847956 w=0.196 lr=1.119e-05 time=0.197s
[RQ-VAE] epoch=2968 loss=1.23876810 recon=0.00014976 beh=5.848658 w=0.196 lr=1.085e-05 time=0.197s
[RQ-VAE] epoch=2969 loss=1.22415435 recon=0.00014976 beh=5.852273 w=0.196 lr=1.051e-05 time=0.197s
[RQ-VAE] epoch=2970 loss=1.24038529 recon=0.00014960 beh=5.843572 w=0.196 lr=1.017e-05 time=0.196s
[RQ-VAE] epoch=2971 loss=1.22682667 recon=0.00014966 beh=5.845510 w=0.196 lr=9.831e-06 time=0.196s
[RQ-VAE] epoch=2972 loss=1.20868778 recon=0.00014975 beh=5.850488 w=0.196 lr=9.492e-06 time=0.196s
[RQ-VAE] epoch=2973 loss=1.20587277 recon=0.00014972 beh=5.853294 w=0.196 lr=9.153e-06 time=0.196s
[RQ-VAE] epoch=2974 loss=1.23022354 recon=0.00014959 beh=5.854427 w=0.197 lr=8.814e-06 time=0.197s
[RQ-VAE] epoch=2975 loss=1.21422410 recon=0.00014968 beh=5.841263 w=0.197 lr=8.475e-06 time=0.197s
[RQ-VAE] epoch=2976 loss=1.22015774 recon=0.00014969 beh=5.850735 w=0.197 lr=8.136e-06 time=0.196s
[RQ-VAE] epoch=2977 loss=1.22300851 recon=0.00014967 beh=5.848519 w=0.197 lr=7.797e-06 time=0.29s
[RQ-VAE] epoch=2978 loss=1.25045061 recon=0.00014976 beh=5.852949 w=0.197 lr=7.458e-06 time=0.196s
[RQ-VAE] epoch=2979 loss=1.23399830 recon=0.00014971 beh=5.846592 w=0.197 lr=7.119e-06 time=0.197s
[RQ-VAE] epoch=2980 loss=1.23396897 recon=0.00014961 beh=5.842136 w=0.197 lr=6.780e-06 time=0.201s
[RQ-VAE] epoch=2981 loss=1.20715880 recon=0.00014970 beh=5.852620 w=0.197 lr=6.441e-06 time=0.199s
[RQ-VAE] epoch=2982 loss=1.20851481 recon=0.00014962 beh=5.848117 w=0.198 lr=6.102e-06 time=0.202s
[RQ-VAE] epoch=2983 loss=1.22370851 recon=0.00014971 beh=5.846970 w=0.198 lr=5.763e-06 time=0.2s
[RQ-VAE] epoch=2984 loss=1.21399140 recon=0.00014964 beh=5.844846 w=0.198 lr=5.424e-06 time=0.201s
[RQ-VAE] epoch=2985 loss=1.19815683 recon=0.00014961 beh=5.840481 w=0.198 lr=5.085e-06 time=0.2s
[RQ-VAE] epoch=2986 loss=1.20479298 recon=0.00014949 beh=5.844131 w=0.198 lr=4.746e-06 time=0.201s
[RQ-VAE] epoch=2987 loss=1.20565820 recon=0.00014959 beh=5.857655 w=0.198 lr=4.407e-06 time=0.199s
[RQ-VAE] epoch=2988 loss=1.19740725 recon=0.00014961 beh=5.844974 w=0.198 lr=4.068e-06 time=0.2s
[RQ-VAE] epoch=2989 loss=1.19903302 recon=0.00014962 beh=5.845453 w=0.199 lr=3.729e-06 time=0.199s
[RQ-VAE] epoch=2990 loss=1.19655085 recon=0.00014949 beh=5.846103 w=0.199 lr=3.390e-06 time=0.201s
[RQ-VAE] epoch=2991 loss=1.18970811 recon=0.00014963 beh=5.848358 w=0.199 lr=3.051e-06 time=0.199s
[RQ-VAE] epoch=2992 loss=1.18859971 recon=0.00014958 beh=5.854976 w=0.199 lr=2.712e-06 time=0.303s
[RQ-VAE] epoch=2993 loss=1.18779933 recon=0.00014972 beh=5.852522 w=0.199 lr=2.373e-06 time=0.196s
[RQ-VAE] epoch=2994 loss=1.18688631 recon=0.00014952 beh=5.847235 w=0.199 lr=2.034e-06 time=0.196s
[RQ-VAE] epoch=2995 loss=1.18627024 recon=0.00014959 beh=5.849396 w=0.199 lr=1.695e-06 time=0.196s
[RQ-VAE] epoch=2996 loss=1.18607593 recon=0.00014960 beh=5.847102 w=0.199 lr=1.356e-06 time=0.195s
[RQ-VAE] epoch=2997 loss=1.18238568 recon=0.00014966 beh=5.843482 w=0.200 lr=1.017e-06 time=0.196s
[RQ-VAE] epoch=2998 loss=1.18189406 recon=0.00014969 beh=5.852435 w=0.200 lr=6.780e-07 time=0.197s
[RQ-VAE] epoch=2999 loss=1.18100512 recon=0.00014963 beh=5.854788 w=0.200 lr=3.390e-07 time=0.196s
[RQ-VAE] epoch=3000 loss=1.17857194 recon=0.00014960 lr=0.000e+00 raw_unique=19000/24587 collision=0.227234 time=0.197s
[RecBole RQ-VAE] exported raw_shape=(24587, 3) sid_shape=(24587, 4) unique=24587 -> /home/wlia0047/ar57/wenyu/GeneRec/results/stage2_RQ-VAE/TIGER_FORK_RQ-VAE/prefix_sib/sids_for_hgrec.npy
