W1010 21:38:06.969134 1029244 /fs04/scratch2/ar57/wenyu/genrec_env_v2/lib/python3.9/site-packages/torch/distributed/run.py:774] 
W1010 21:38:06.969134 1029244 /fs04/scratch2/ar57/wenyu/genrec_env_v2/lib/python3.9/site-packages/torch/distributed/run.py:774] *****************************************
W1010 21:38:06.969134 1029244 /fs04/scratch2/ar57/wenyu/genrec_env_v2/lib/python3.9/site-packages/torch/distributed/run.py:774] Setting OMP_NUM_THREADS environment variable for each process to be 1 in default, to avoid your system being overloaded, please further tune the variable for optimal performance in your application as needed. 
W1010 21:38:06.969134 1029244 /fs04/scratch2/ar57/wenyu/genrec_env_v2/lib/python3.9/site-packages/torch/distributed/run.py:774] *****************************************
[RecBole RQ-VAE] device=cuda:0 all_items=24587 train_items=24556 world_size=4
[RecBole RQ-VAE] config: epochs=3000 batch_size_per_rank=1024 total_batch=4096 lr=0.001
[RecBole RQ-VAE] initializing codebooks with KMeans
/fs04/ar57/wenyu/GeneRec/stage2_RQ-VAE/TIGER_HYPERBOLIC_RQ-VAE/model/layers.py:102: UserWarning: Deterministic behavior was enabled with either `torch.use_deterministic_algorithms(True)` or `at::Context::setDeterministicAlgorithms(true)`, but this operation is not deterministic because it uses CuBLAS and you have CUDA >= 10.2. To enable deterministic behavior in this case, you must set an environment variable before running your PyTorch application: CUBLAS_WORKSPACE_CONFIG=:4096:8 or CUBLAS_WORKSPACE_CONFIG=:16:8. For more information, go to https://docs.nvidia.com/cuda/cublas/index.html#results-reproducibility (Triggered internally at /pytorch/aten/src/ATen/Context.cpp:233.)
  - 2 * latent @ code_embs.t()
/fs04/ar57/wenyu/GeneRec/stage2_RQ-VAE/TIGER_HYPERBOLIC_RQ-VAE/model/layers.py:102: UserWarning: Deterministic behavior was enabled with either `torch.use_deterministic_algorithms(True)` or `at::Context::setDeterministicAlgorithms(true)`, but this operation is not deterministic because it uses CuBLAS and you have CUDA >= 10.2. To enable deterministic behavior in this case, you must set an environment variable before running your PyTorch application: CUBLAS_WORKSPACE_CONFIG=:4096:8 or CUBLAS_WORKSPACE_CONFIG=:16:8. For more information, go to https://docs.nvidia.com/cuda/cublas/index.html#results-reproducibility (Triggered internally at /pytorch/aten/src/ATen/Context.cpp:233.)
  - 2 * latent @ code_embs.t()
/fs04/ar57/wenyu/GeneRec/stage2_RQ-VAE/TIGER_HYPERBOLIC_RQ-VAE/model/layers.py:102: UserWarning: Deterministic behavior was enabled with either `torch.use_deterministic_algorithms(True)` or `at::Context::setDeterministicAlgorithms(true)`, but this operation is not deterministic because it uses CuBLAS and you have CUDA >= 10.2. To enable deterministic behavior in this case, you must set an environment variable before running your PyTorch application: CUBLAS_WORKSPACE_CONFIG=:4096:8 or CUBLAS_WORKSPACE_CONFIG=:16:8. For more information, go to https://docs.nvidia.com/cuda/cublas/index.html#results-reproducibility (Triggered internally at /pytorch/aten/src/ATen/Context.cpp:233.)
  - 2 * latent @ code_embs.t()
/fs04/ar57/wenyu/GeneRec/stage2_RQ-VAE/TIGER_HYPERBOLIC_RQ-VAE/model/layers.py:102: UserWarning: Deterministic behavior was enabled with either `torch.use_deterministic_algorithms(True)` or `at::Context::setDeterministicAlgorithms(true)`, but this operation is not deterministic because it uses CuBLAS and you have CUDA >= 10.2. To enable deterministic behavior in this case, you must set an environment variable before running your PyTorch application: CUBLAS_WORKSPACE_CONFIG=:4096:8 or CUBLAS_WORKSPACE_CONFIG=:16:8. For more information, go to https://docs.nvidia.com/cuda/cublas/index.html#results-reproducibility (Triggered internally at /pytorch/aten/src/ATen/Context.cpp:233.)
  - 2 * latent @ code_embs.t()
/fs04/ar57/wenyu/GeneRec/stage2_RQ-VAE/TIGER_HYPERBOLIC_RQ-VAE/model/layers.py:102: UserWarning: Deterministic behavior was enabled with either `torch.use_deterministic_algorithms(True)` or `at::Context::setDeterministicAlgorithms(true)`, but this operation is not deterministic because it uses CuBLAS and you have CUDA >= 10.2. To enable deterministic behavior in this case, you must set an environment variable before running your PyTorch application: CUBLAS_WORKSPACE_CONFIG=:4096:8 or CUBLAS_WORKSPACE_CONFIG=:16:8. For more information, go to https://docs.nvidia.com/cuda/cublas/index.html#results-reproducibility (Triggered internally at /pytorch/aten/src/ATen/Context.cpp:233.)
  - 2 * latent @ code_embs.t()
/fs04/ar57/wenyu/GeneRec/stage2_RQ-VAE/TIGER_HYPERBOLIC_RQ-VAE/model/layers.py:102: UserWarning: Deterministic behavior was enabled with either `torch.use_deterministic_algorithms(True)` or `at::Context::setDeterministicAlgorithms(true)`, but this operation is not deterministic because it uses CuBLAS and you have CUDA >= 10.2. To enable deterministic behavior in this case, you must set an environment variable before running your PyTorch application: CUBLAS_WORKSPACE_CONFIG=:4096:8 or CUBLAS_WORKSPACE_CONFIG=:16:8. For more information, go to https://docs.nvidia.com/cuda/cublas/index.html#results-reproducibility (Triggered internally at /pytorch/aten/src/ATen/Context.cpp:233.)
  - 2 * latent @ code_embs.t()
/fs04/ar57/wenyu/GeneRec/stage2_RQ-VAE/TIGER_HYPERBOLIC_RQ-VAE/model/layers.py:102: UserWarning: Deterministic behavior was enabled with either `torch.use_deterministic_algorithms(True)` or `at::Context::setDeterministicAlgorithms(true)`, but this operation is not deterministic because it uses CuBLAS and you have CUDA >= 10.2. To enable deterministic behavior in this case, you must set an environment variable before running your PyTorch application: CUBLAS_WORKSPACE_CONFIG=:4096:8 or CUBLAS_WORKSPACE_CONFIG=:16:8. For more information, go to https://docs.nvidia.com/cuda/cublas/index.html#results-reproducibility (Triggered internally at /pytorch/aten/src/ATen/Context.cpp:233.)
  - 2 * latent @ code_embs.t()
/fs04/ar57/wenyu/GeneRec/stage2_RQ-VAE/TIGER_HYPERBOLIC_RQ-VAE/model/layers.py:102: UserWarning: Deterministic behavior was enabled with either `torch.use_deterministic_algorithms(True)` or `at::Context::setDeterministicAlgorithms(true)`, but this operation is not deterministic because it uses CuBLAS and you have CUDA >= 10.2. To enable deterministic behavior in this case, you must set an environment variable before running your PyTorch application: CUBLAS_WORKSPACE_CONFIG=:4096:8 or CUBLAS_WORKSPACE_CONFIG=:16:8. For more information, go to https://docs.nvidia.com/cuda/cublas/index.html#results-reproducibility (Triggered internally at /pytorch/aten/src/ATen/Context.cpp:233.)
  - 2 * latent @ code_embs.t()
/fs04/ar57/wenyu/GeneRec/stage2_RQ-VAE/TIGER_HYPERBOLIC_RQ-VAE/model/layers.py:102: UserWarning: Deterministic behavior was enabled with either `torch.use_deterministic_algorithms(True)` or `at::Context::setDeterministicAlgorithms(true)`, but this operation is not deterministic because it uses CuBLAS and you have CUDA >= 10.2. To enable deterministic behavior in this case, you must set an environment variable before running your PyTorch application: CUBLAS_WORKSPACE_CONFIG=:4096:8 or CUBLAS_WORKSPACE_CONFIG=:16:8. For more information, go to https://docs.nvidia.com/cuda/cublas/index.html#results-reproducibility (Triggered internally at /pytorch/aten/src/ATen/Context.cpp:233.)
  - 2 * latent @ code_embs.t()
/home/wlia0047/ar57_scratch/wenyu/genrec_env_v2/lib64/python3.9/site-packages/torch/distributed/distributed_c10d.py:4807: UserWarning: No device id is provided via `init_process_group` or `barrier `. Using the current device set by the user. 
  warnings.warn(  # warn only once
/fs04/ar57/wenyu/GeneRec/stage2_RQ-VAE/TIGER_HYPERBOLIC_RQ-VAE/model/layers.py:102: UserWarning: Deterministic behavior was enabled with either `torch.use_deterministic_algorithms(True)` or `at::Context::setDeterministicAlgorithms(true)`, but this operation is not deterministic because it uses CuBLAS and you have CUDA >= 10.2. To enable deterministic behavior in this case, you must set an environment variable before running your PyTorch application: CUBLAS_WORKSPACE_CONFIG=:4096:8 or CUBLAS_WORKSPACE_CONFIG=:16:8. For more information, go to https://docs.nvidia.com/cuda/cublas/index.html#results-reproducibility (Triggered internally at /pytorch/aten/src/ATen/Context.cpp:233.)
  - 2 * latent @ code_embs.t()
/home/wlia0047/ar57_scratch/wenyu/genrec_env_v2/lib64/python3.9/site-packages/torch/distributed/distributed_c10d.py:4807: UserWarning: No device id is provided via `init_process_group` or `barrier `. Using the current device set by the user. 
  warnings.warn(  # warn only once
/fs04/ar57/wenyu/GeneRec/stage2_RQ-VAE/TIGER_HYPERBOLIC_RQ-VAE/model/layers.py:102: UserWarning: Deterministic behavior was enabled with either `torch.use_deterministic_algorithms(True)` or `at::Context::setDeterministicAlgorithms(true)`, but this operation is not deterministic because it uses CuBLAS and you have CUDA >= 10.2. To enable deterministic behavior in this case, you must set an environment variable before running your PyTorch application: CUBLAS_WORKSPACE_CONFIG=:4096:8 or CUBLAS_WORKSPACE_CONFIG=:16:8. For more information, go to https://docs.nvidia.com/cuda/cublas/index.html#results-reproducibility (Triggered internally at /pytorch/aten/src/ATen/Context.cpp:233.)
  - 2 * latent @ code_embs.t()
/home/wlia0047/ar57_scratch/wenyu/genrec_env_v2/lib64/python3.9/site-packages/torch/distributed/distributed_c10d.py:4807: UserWarning: No device id is provided via `init_process_group` or `barrier `. Using the current device set by the user. 
  warnings.warn(  # warn only once
/fs04/ar57/wenyu/GeneRec/stage2_RQ-VAE/TIGER_HYPERBOLIC_RQ-VAE/model/layers.py:102: UserWarning: Deterministic behavior was enabled with either `torch.use_deterministic_algorithms(True)` or `at::Context::setDeterministicAlgorithms(true)`, but this operation is not deterministic because it uses CuBLAS and you have CUDA >= 10.2. To enable deterministic behavior in this case, you must set an environment variable before running your PyTorch application: CUBLAS_WORKSPACE_CONFIG=:4096:8 or CUBLAS_WORKSPACE_CONFIG=:16:8. For more information, go to https://docs.nvidia.com/cuda/cublas/index.html#results-reproducibility (Triggered internally at /pytorch/aten/src/ATen/Context.cpp:233.)
  - 2 * latent @ code_embs.t()
/home/wlia0047/ar57_scratch/wenyu/genrec_env_v2/lib64/python3.9/site-packages/torch/distributed/distributed_c10d.py:4807: UserWarning: No device id is provided via `init_process_group` or `barrier `. Using the current device set by the user. 
  warnings.warn(  # warn only once
/fs04/ar57/wenyu/GeneRec/stage2_RQ-VAE/TIGER_HYPERBOLIC_RQ-VAE/train_rqvae.py:375: UserWarning: Deterministic behavior was enabled with either `torch.use_deterministic_algorithms(True)` or `at::Context::setDeterministicAlgorithms(true)`, but this operation is not deterministic because it uses CuBLAS and you have CUDA >= 10.2. To enable deterministic behavior in this case, you must set an environment variable before running your PyTorch application: CUBLAS_WORKSPACE_CONFIG=:4096:8 or CUBLAS_WORKSPACE_CONFIG=:16:8. For more information, go to https://docs.nvidia.com/cuda/cublas/index.html#results-reproducibility (Triggered internally at /pytorch/aten/src/ATen/Context.cpp:233.)
  return _inside_ball(z_anchor + z_anchor @ transition_weight.t())
/fs04/ar57/wenyu/GeneRec/stage2_RQ-VAE/TIGER_HYPERBOLIC_RQ-VAE/train_rqvae.py:375: UserWarning: Deterministic behavior was enabled with either `torch.use_deterministic_algorithms(True)` or `at::Context::setDeterministicAlgorithms(true)`, but this operation is not deterministic because it uses CuBLAS and you have CUDA >= 10.2. To enable deterministic behavior in this case, you must set an environment variable before running your PyTorch application: CUBLAS_WORKSPACE_CONFIG=:4096:8 or CUBLAS_WORKSPACE_CONFIG=:16:8. For more information, go to https://docs.nvidia.com/cuda/cublas/index.html#results-reproducibility (Triggered internally at /pytorch/aten/src/ATen/Context.cpp:233.)
  return _inside_ball(z_anchor + z_anchor @ transition_weight.t())
/fs04/ar57/wenyu/GeneRec/stage2_RQ-VAE/TIGER_HYPERBOLIC_RQ-VAE/train_rqvae.py:375: UserWarning: Deterministic behavior was enabled with either `torch.use_deterministic_algorithms(True)` or `at::Context::setDeterministicAlgorithms(true)`, but this operation is not deterministic because it uses CuBLAS and you have CUDA >= 10.2. To enable deterministic behavior in this case, you must set an environment variable before running your PyTorch application: CUBLAS_WORKSPACE_CONFIG=:4096:8 or CUBLAS_WORKSPACE_CONFIG=:16:8. For more information, go to https://docs.nvidia.com/cuda/cublas/index.html#results-reproducibility (Triggered internally at /pytorch/aten/src/ATen/Context.cpp:233.)
  return _inside_ball(z_anchor + z_anchor @ transition_weight.t())
/fs04/ar57/wenyu/GeneRec/stage2_RQ-VAE/TIGER_HYPERBOLIC_RQ-VAE/train_rqvae.py:375: UserWarning: Deterministic behavior was enabled with either `torch.use_deterministic_algorithms(True)` or `at::Context::setDeterministicAlgorithms(true)`, but this operation is not deterministic because it uses CuBLAS and you have CUDA >= 10.2. To enable deterministic behavior in this case, you must set an environment variable before running your PyTorch application: CUBLAS_WORKSPACE_CONFIG=:4096:8 or CUBLAS_WORKSPACE_CONFIG=:16:8. For more information, go to https://docs.nvidia.com/cuda/cublas/index.html#results-reproducibility (Triggered internally at /pytorch/aten/src/ATen/Context.cpp:233.)
  return _inside_ball(z_anchor + z_anchor @ transition_weight.t())
/home/wlia0047/ar57_scratch/wenyu/genrec_env_v2/lib64/python3.9/site-packages/torch/autograd/graph.py:829: UserWarning: Deterministic behavior was enabled with either `torch.use_deterministic_algorithms(True)` or `at::Context::setDeterministicAlgorithms(true)`, but this operation is not deterministic because it uses CuBLAS and you have CUDA >= 10.2. To enable deterministic behavior in this case, you must set an environment variable before running your PyTorch application: CUBLAS_WORKSPACE_CONFIG=:4096:8 or CUBLAS_WORKSPACE_CONFIG=:16:8. For more information, go to https://docs.nvidia.com/cuda/cublas/index.html#results-reproducibility (Triggered internally at /pytorch/aten/src/ATen/Context.cpp:233.)
  return Variable._execution_engine.run_backward(  # Calls into the C++ engine to run the backward pass
/home/wlia0047/ar57_scratch/wenyu/genrec_env_v2/lib64/python3.9/site-packages/torch/autograd/graph.py:829: UserWarning: Deterministic behavior was enabled with either `torch.use_deterministic_algorithms(True)` or `at::Context::setDeterministicAlgorithms(true)`, but this operation is not deterministic because it uses CuBLAS and you have CUDA >= 10.2. To enable deterministic behavior in this case, you must set an environment variable before running your PyTorch application: CUBLAS_WORKSPACE_CONFIG=:4096:8 or CUBLAS_WORKSPACE_CONFIG=:16:8. For more information, go to https://docs.nvidia.com/cuda/cublas/index.html#results-reproducibility (Triggered internally at /pytorch/aten/src/ATen/Context.cpp:233.)
  return Variable._execution_engine.run_backward(  # Calls into the C++ engine to run the backward pass
/home/wlia0047/ar57_scratch/wenyu/genrec_env_v2/lib64/python3.9/site-packages/torch/autograd/graph.py:829: UserWarning: Deterministic behavior was enabled with either `torch.use_deterministic_algorithms(True)` or `at::Context::setDeterministicAlgorithms(true)`, but this operation is not deterministic because it uses CuBLAS and you have CUDA >= 10.2. To enable deterministic behavior in this case, you must set an environment variable before running your PyTorch application: CUBLAS_WORKSPACE_CONFIG=:4096:8 or CUBLAS_WORKSPACE_CONFIG=:16:8. For more information, go to https://docs.nvidia.com/cuda/cublas/index.html#results-reproducibility (Triggered internally at /pytorch/aten/src/ATen/Context.cpp:233.)
  return Variable._execution_engine.run_backward(  # Calls into the C++ engine to run the backward pass
/home/wlia0047/ar57_scratch/wenyu/genrec_env_v2/lib64/python3.9/site-packages/torch/autograd/graph.py:829: UserWarning: Deterministic behavior was enabled with either `torch.use_deterministic_algorithms(True)` or `at::Context::setDeterministicAlgorithms(true)`, but this operation is not deterministic because it uses CuBLAS and you have CUDA >= 10.2. To enable deterministic behavior in this case, you must set an environment variable before running your PyTorch application: CUBLAS_WORKSPACE_CONFIG=:4096:8 or CUBLAS_WORKSPACE_CONFIG=:16:8. For more information, go to https://docs.nvidia.com/cuda/cublas/index.html#results-reproducibility (Triggered internally at /pytorch/aten/src/ATen/Context.cpp:233.)
  return Variable._execution_engine.run_backward(  # Calls into the C++ engine to run the backward pass
[RQ-VAE] epoch=1 loss=0.00048904 recon=0.00046251 beh=6.293331 w=0.000 lr=2.333e-05 time=0.985s
[RQ-VAE] epoch=2 loss=0.00048493 recon=0.00045522 beh=6.285614 w=0.000 lr=4.333e-05 time=0.177s
[RQ-VAE] epoch=3 loss=0.00047947 recon=0.00044265 beh=6.279283 w=0.000 lr=6.333e-05 time=0.178s
[RQ-VAE] epoch=4 loss=0.00046753 recon=0.00042372 beh=6.288701 w=0.000 lr=8.333e-05 time=0.175s
[RQ-VAE] epoch=5 loss=0.00045873 recon=0.00039499 beh=6.321224 w=0.000 lr=1.033e-04 time=0.176s
[RQ-VAE] epoch=6 loss=0.00044895 recon=0.00035533 beh=6.364936 w=0.000 lr=1.233e-04 time=0.176s
[RQ-VAE] epoch=7 loss=0.00040072 recon=0.00031116 beh=6.359454 w=0.000 lr=1.433e-04 time=0.176s
[RQ-VAE] epoch=8 loss=0.00034060 recon=0.00027091 beh=6.364392 w=0.000 lr=1.633e-04 time=0.178s
[RQ-VAE] epoch=9 loss=0.00031248 recon=0.00023878 beh=6.436412 w=0.000 lr=1.833e-04 time=0.174s
[RQ-VAE] epoch=10 loss=0.00028887 recon=0.00021726 beh=6.482088 w=0.000 lr=2.033e-04 time=0.176s
[RQ-VAE] epoch=11 loss=0.00026135 recon=0.00020558 beh=6.466754 w=0.000 lr=2.233e-04 time=0.176s
[RQ-VAE] epoch=12 loss=0.00023563 recon=0.00020000 beh=6.427539 w=0.000 lr=2.433e-04 time=0.175s
[RQ-VAE] epoch=13 loss=0.00022344 recon=0.00019662 beh=6.412791 w=0.000 lr=2.633e-04 time=0.173s
[RQ-VAE] epoch=14 loss=0.00021770 recon=0.00019311 beh=6.423304 w=0.000 lr=2.833e-04 time=0.175s
[RQ-VAE] epoch=15 loss=0.00021155 recon=0.00018973 beh=6.417752 w=0.000 lr=3.033e-04 time=0.174s
[RQ-VAE] epoch=16 loss=0.00020390 recon=0.00018613 beh=6.421059 w=0.000 lr=3.233e-04 time=0.174s
[RQ-VAE] epoch=17 loss=0.00019771 recon=0.00018261 beh=6.409324 w=0.000 lr=3.433e-04 time=0.173s
[RQ-VAE] epoch=18 loss=0.00019264 recon=0.00017976 beh=6.382924 w=0.000 lr=3.633e-04 time=0.174s
[RQ-VAE] epoch=19 loss=0.00018878 recon=0.00017780 beh=6.363296 w=0.000 lr=3.833e-04 time=0.175s
[RQ-VAE] epoch=20 loss=0.00018682 recon=0.00017659 beh=6.353845 w=0.000 lr=4.033e-04 time=0.308s
[RQ-VAE] epoch=21 loss=0.00018569 recon=0.00017571 beh=6.349927 w=0.000 lr=4.233e-04 time=0.176s
[RQ-VAE] epoch=22 loss=0.00018532 recon=0.00017490 beh=6.336236 w=0.000 lr=4.433e-04 time=0.175s
[RQ-VAE] epoch=23 loss=0.00018498 recon=0.00017358 beh=6.305179 w=0.000 lr=4.633e-04 time=0.176s
[RQ-VAE] epoch=24 loss=0.00018477 recon=0.00017135 beh=6.295009 w=0.000 lr=4.833e-04 time=0.175s
[RQ-VAE] epoch=25 loss=0.00018289 recon=0.00016838 beh=6.313217 w=0.000 lr=5.033e-04 time=0.176s
[RQ-VAE] epoch=26 loss=0.00017930 recon=0.00016530 beh=6.322364 w=0.000 lr=5.233e-04 time=0.174s
[RQ-VAE] epoch=27 loss=0.00017656 recon=0.00016300 beh=6.304201 w=0.000 lr=5.433e-04 time=0.176s
[RQ-VAE] epoch=28 loss=0.00017511 recon=0.00016163 beh=6.310955 w=0.000 lr=5.633e-04 time=0.173s
[RQ-VAE] epoch=29 loss=0.00017419 recon=0.00016040 beh=6.296710 w=0.000 lr=5.833e-04 time=0.174s
[RQ-VAE] epoch=30 loss=0.00017373 recon=0.00015958 beh=6.295028 w=0.000 lr=6.033e-04 time=0.176s
[RQ-VAE] epoch=31 loss=0.00017249 recon=0.00015826 beh=6.289425 w=0.000 lr=6.233e-04 time=0.175s
[RQ-VAE] epoch=32 loss=0.00017081 recon=0.00015679 beh=6.290949 w=0.000 lr=6.433e-04 time=0.174s
[RQ-VAE] epoch=33 loss=0.00016936 recon=0.00015560 beh=6.292206 w=0.000 lr=6.633e-04 time=0.174s
[RQ-VAE] epoch=34 loss=0.00016833 recon=0.00015460 beh=6.280233 w=0.000 lr=6.833e-04 time=0.175s
[RQ-VAE] epoch=35 loss=0.00016810 recon=0.00015387 beh=6.273207 w=0.000 lr=7.033e-04 time=0.3s
[RQ-VAE] epoch=36 loss=0.00016804 recon=0.00015311 beh=6.270808 w=0.000 lr=7.233e-04 time=0.173s
[RQ-VAE] epoch=37 loss=0.00016976 recon=0.00015323 beh=6.267400 w=0.000 lr=7.433e-04 time=0.174s
[RQ-VAE] epoch=38 loss=0.00016963 recon=0.00015198 beh=6.262462 w=0.000 lr=7.633e-04 time=0.174s
[RQ-VAE] epoch=39 loss=0.00016994 recon=0.00015066 beh=6.254272 w=0.000 lr=7.833e-04 time=0.175s
[RQ-VAE] epoch=40 loss=0.00017042 recon=0.00014921 beh=6.259848 w=0.000 lr=8.033e-04 time=0.174s
[RQ-VAE] epoch=41 loss=0.00017023 recon=0.00014779 beh=6.265993 w=0.000 lr=8.233e-04 time=0.176s
[RQ-VAE] epoch=42 loss=0.00017043 recon=0.00014647 beh=6.247647 w=0.000 lr=8.433e-04 time=0.174s
[RQ-VAE] epoch=43 loss=0.00017129 recon=0.00014530 beh=6.248026 w=0.000 lr=8.633e-04 time=0.176s
[RQ-VAE] epoch=44 loss=0.00017009 recon=0.00014374 beh=6.254870 w=0.000 lr=8.833e-04 time=0.175s
[RQ-VAE] epoch=45 loss=0.00016974 recon=0.00014244 beh=6.253881 w=0.000 lr=9.033e-04 time=0.174s
[RQ-VAE] epoch=46 loss=0.00017016 recon=0.00014134 beh=6.260084 w=0.000 lr=9.233e-04 time=0.174s
[RQ-VAE] epoch=47 loss=0.00016986 recon=0.00014033 beh=6.261518 w=0.000 lr=9.433e-04 time=0.173s
[RQ-VAE] epoch=48 loss=0.00017036 recon=0.00013982 beh=6.254837 w=0.000 lr=9.633e-04 time=0.176s
[RQ-VAE] epoch=49 loss=0.00017001 recon=0.00013878 beh=6.254446 w=0.000 lr=9.833e-04 time=0.175s
[RQ-VAE] epoch=50 loss=0.00016993 recon=0.00013770 lr=1.000e-03 raw_unique=18773/24587 collision=0.236466 time=0.176s
[RQ-VAE] epoch=51 loss=0.00017070 recon=0.00013733 beh=6.257683 w=0.000 lr=9.997e-04 time=0.174s
[RQ-VAE] epoch=52 loss=0.00017076 recon=0.00013667 beh=6.255598 w=0.000 lr=9.993e-04 time=0.175s
[RQ-VAE] epoch=53 loss=0.00017043 recon=0.00013564 beh=6.252773 w=0.000 lr=9.990e-04 time=0.174s
[RQ-VAE] epoch=54 loss=0.00017082 recon=0.00013483 beh=6.259621 w=0.000 lr=9.986e-04 time=0.174s
[RQ-VAE] epoch=55 loss=0.00017113 recon=0.00013414 beh=6.251511 w=0.000 lr=9.983e-04 time=0.176s
[RQ-VAE] epoch=56 loss=0.00017196 recon=0.00013361 beh=6.253217 w=0.000 lr=9.980e-04 time=0.176s
[RQ-VAE] epoch=57 loss=0.00017181 recon=0.00013281 beh=6.246268 w=0.000 lr=9.976e-04 time=0.175s
[RQ-VAE] epoch=58 loss=0.00017291 recon=0.00013218 beh=6.242874 w=0.000 lr=9.973e-04 time=0.177s
[RQ-VAE] epoch=59 loss=0.00017373 recon=0.00013173 beh=6.252747 w=0.000 lr=9.969e-04 time=0.174s
[RQ-VAE] epoch=60 loss=0.00017517 recon=0.00013081 beh=6.246605 w=0.000 lr=9.966e-04 time=0.174s
[RQ-VAE] epoch=61 loss=0.00017585 recon=0.00013013 beh=6.241904 w=0.000 lr=9.963e-04 time=0.175s
[RQ-VAE] epoch=62 loss=0.00017610 recon=0.00012920 beh=6.247432 w=0.000 lr=9.959e-04 time=0.176s
[RQ-VAE] epoch=63 loss=0.00017633 recon=0.00012835 beh=6.236994 w=0.000 lr=9.956e-04 time=0.174s
[RQ-VAE] epoch=64 loss=0.00017692 recon=0.00012757 beh=6.251885 w=0.000 lr=9.953e-04 time=0.173s
[RQ-VAE] epoch=65 loss=0.00017672 recon=0.00012690 beh=6.246500 w=0.000 lr=9.949e-04 time=0.175s
[RQ-VAE] epoch=66 loss=0.00017777 recon=0.00012621 beh=6.241277 w=0.000 lr=9.946e-04 time=0.174s
[RQ-VAE] epoch=67 loss=0.00017885 recon=0.00012561 beh=6.241202 w=0.000 lr=9.942e-04 time=0.176s
[RQ-VAE] epoch=68 loss=0.00017909 recon=0.00012506 beh=6.245629 w=0.000 lr=9.939e-04 time=0.176s
[RQ-VAE] epoch=69 loss=0.00017923 recon=0.00012450 beh=6.246522 w=0.000 lr=9.936e-04 time=0.174s
[RQ-VAE] epoch=70 loss=0.00018009 recon=0.00012398 beh=6.247156 w=0.000 lr=9.932e-04 time=0.174s
[RQ-VAE] epoch=71 loss=0.00017990 recon=0.00012347 beh=6.247186 w=0.000 lr=9.929e-04 time=0.173s
[RQ-VAE] epoch=72 loss=0.00018003 recon=0.00012293 beh=6.244091 w=0.000 lr=9.925e-04 time=0.173s
[RQ-VAE] epoch=73 loss=0.00018123 recon=0.00012244 beh=6.241966 w=0.000 lr=9.922e-04 time=0.174s
[RQ-VAE] epoch=74 loss=0.00018185 recon=0.00012199 beh=6.245079 w=0.000 lr=9.919e-04 time=0.174s
[RQ-VAE] epoch=75 loss=0.00018211 recon=0.00012150 beh=6.249259 w=0.000 lr=9.915e-04 time=0.175s
[RQ-VAE] epoch=76 loss=0.00018232 recon=0.00012110 beh=6.247054 w=0.000 lr=9.912e-04 time=0.177s
[RQ-VAE] epoch=77 loss=0.00018280 recon=0.00012067 beh=6.251371 w=0.000 lr=9.908e-04 time=0.174s
[RQ-VAE] epoch=78 loss=0.00018219 recon=0.00012008 beh=6.247077 w=0.000 lr=9.905e-04 time=0.174s
[RQ-VAE] epoch=79 loss=0.00018313 recon=0.00011976 beh=6.249130 w=0.000 lr=9.902e-04 time=0.177s
[RQ-VAE] epoch=80 loss=0.00018346 recon=0.00011936 beh=6.247046 w=0.000 lr=9.898e-04 time=0.176s
[RQ-VAE] epoch=81 loss=0.00018431 recon=0.00011908 beh=6.239119 w=0.000 lr=9.895e-04 time=0.175s
[RQ-VAE] epoch=82 loss=0.00018583 recon=0.00011884 beh=6.248786 w=0.000 lr=9.892e-04 time=0.174s
[RQ-VAE] epoch=83 loss=0.00018603 recon=0.00011848 beh=6.243865 w=0.000 lr=9.888e-04 time=0.174s
[RQ-VAE] epoch=84 loss=0.00018546 recon=0.00011803 beh=6.244168 w=0.000 lr=9.885e-04 time=0.174s
[RQ-VAE] epoch=85 loss=0.00018774 recon=0.00011768 beh=6.239838 w=0.000 lr=9.881e-04 time=0.175s
[RQ-VAE] epoch=86 loss=0.00018730 recon=0.00011721 beh=6.236696 w=0.000 lr=9.878e-04 time=0.174s
[RQ-VAE] epoch=87 loss=0.00018744 recon=0.00011679 beh=6.240123 w=0.000 lr=9.875e-04 time=0.174s
[RQ-VAE] epoch=88 loss=0.00018832 recon=0.00011644 beh=6.238634 w=0.000 lr=9.871e-04 time=0.174s
[RQ-VAE] epoch=89 loss=0.00018898 recon=0.00011633 beh=6.234456 w=0.000 lr=9.868e-04 time=0.175s
[RQ-VAE] epoch=90 loss=0.00018975 recon=0.00011594 beh=6.242528 w=0.000 lr=9.864e-04 time=0.174s
[RQ-VAE] epoch=91 loss=0.00019003 recon=0.00011557 beh=6.240523 w=0.000 lr=9.861e-04 time=0.174s
[RQ-VAE] epoch=92 loss=0.00019014 recon=0.00011527 beh=6.239819 w=0.000 lr=9.858e-04 time=0.299s
[RQ-VAE] epoch=93 loss=0.00019047 recon=0.00011486 beh=6.242773 w=0.000 lr=9.854e-04 time=0.174s
[RQ-VAE] epoch=94 loss=0.00019086 recon=0.00011455 beh=6.240003 w=0.000 lr=9.851e-04 time=0.174s
[RQ-VAE] epoch=95 loss=0.00019168 recon=0.00011417 beh=6.235479 w=0.000 lr=9.847e-04 time=0.174s
[RQ-VAE] epoch=96 loss=0.00019107 recon=0.00011380 beh=6.235932 w=0.000 lr=9.844e-04 time=0.174s
[RQ-VAE] epoch=97 loss=0.00019231 recon=0.00011364 beh=6.236760 w=0.000 lr=9.841e-04 time=0.174s
[RQ-VAE] epoch=98 loss=0.00019307 recon=0.00011351 beh=6.232303 w=0.000 lr=9.837e-04 time=0.177s
[RQ-VAE] epoch=99 loss=0.00019368 recon=0.00011319 beh=6.241800 w=0.000 lr=9.834e-04 time=0.174s
[RQ-VAE] epoch=100 loss=0.00019401 recon=0.00011302 lr=9.831e-04 raw_unique=20994/24587 collision=0.146134 time=0.176s
[RQ-VAE] epoch=101 loss=0.00019424 recon=0.00011286 beh=6.234865 w=0.000 lr=9.827e-04 time=0.174s
[RQ-VAE] epoch=102 loss=0.00019487 recon=0.00011261 beh=6.235958 w=0.000 lr=9.824e-04 time=0.174s
[RQ-VAE] epoch=103 loss=0.00019520 recon=0.00011230 beh=6.238610 w=0.000 lr=9.820e-04 time=0.175s
[RQ-VAE] epoch=104 loss=0.00019467 recon=0.00011205 beh=6.246981 w=0.000 lr=9.817e-04 time=0.174s
[RQ-VAE] epoch=105 loss=0.00019492 recon=0.00011176 beh=6.233018 w=0.000 lr=9.814e-04 time=0.174s
[RQ-VAE] epoch=106 loss=0.00019581 recon=0.00011152 beh=6.240191 w=0.000 lr=9.810e-04 time=0.173s
[RQ-VAE] epoch=107 loss=0.00019674 recon=0.00011139 beh=6.234960 w=0.000 lr=9.807e-04 time=0.175s
[RQ-VAE] epoch=108 loss=0.00019689 recon=0.00011108 beh=6.238367 w=0.000 lr=9.803e-04 time=0.174s
[RQ-VAE] epoch=109 loss=0.00019727 recon=0.00011069 beh=6.245036 w=0.000 lr=9.800e-04 time=0.174s
[RQ-VAE] epoch=110 loss=0.00019820 recon=0.00011054 beh=6.238965 w=0.000 lr=9.797e-04 time=0.173s
[RQ-VAE] epoch=111 loss=0.00019796 recon=0.00011032 beh=6.238489 w=0.000 lr=9.793e-04 time=0.173s
[RQ-VAE] epoch=112 loss=0.00019796 recon=0.00011027 beh=6.237049 w=0.000 lr=9.790e-04 time=0.174s
[RQ-VAE] epoch=113 loss=0.00019810 recon=0.00010998 beh=6.236538 w=0.000 lr=9.786e-04 time=0.175s
[RQ-VAE] epoch=114 loss=0.00019944 recon=0.00010977 beh=6.241791 w=0.000 lr=9.783e-04 time=0.174s
[RQ-VAE] epoch=115 loss=0.00019901 recon=0.00010937 beh=6.236005 w=0.000 lr=9.780e-04 time=0.173s
[RQ-VAE] epoch=116 loss=0.00020003 recon=0.00010927 beh=6.235461 w=0.000 lr=9.776e-04 time=0.173s
[RQ-VAE] epoch=117 loss=0.00019960 recon=0.00010897 beh=6.229112 w=0.000 lr=9.773e-04 time=0.174s
[RQ-VAE] epoch=118 loss=0.00019960 recon=0.00010894 beh=6.233904 w=0.000 lr=9.769e-04 time=0.175s
[RQ-VAE] epoch=119 loss=0.00020027 recon=0.00010857 beh=6.233887 w=0.000 lr=9.766e-04 time=0.174s
[RQ-VAE] epoch=120 loss=0.00020105 recon=0.00010852 beh=6.238925 w=0.000 lr=9.763e-04 time=0.174s
[RQ-VAE] epoch=121 loss=0.00020118 recon=0.00010813 beh=6.236124 w=0.000 lr=9.759e-04 time=0.288s
[RQ-VAE] epoch=122 loss=0.00020113 recon=0.00010811 beh=6.234214 w=0.000 lr=9.756e-04 time=0.174s
[RQ-VAE] epoch=123 loss=0.00020268 recon=0.00010795 beh=6.238535 w=0.000 lr=9.753e-04 time=0.174s
[RQ-VAE] epoch=124 loss=0.00020337 recon=0.00010788 beh=6.247682 w=0.000 lr=9.749e-04 time=0.174s
[RQ-VAE] epoch=125 loss=0.00020310 recon=0.00010748 beh=6.238651 w=0.000 lr=9.746e-04 time=0.174s
[RQ-VAE] epoch=126 loss=0.00020327 recon=0.00010726 beh=6.238341 w=0.000 lr=9.742e-04 time=0.175s
[RQ-VAE] epoch=127 loss=0.00020354 recon=0.00010709 beh=6.243714 w=0.000 lr=9.739e-04 time=0.175s
[RQ-VAE] epoch=128 loss=0.00020305 recon=0.00010676 beh=6.235171 w=0.000 lr=9.736e-04 time=0.176s
[RQ-VAE] epoch=129 loss=0.00020351 recon=0.00010663 beh=6.237754 w=0.000 lr=9.732e-04 time=0.174s
[RQ-VAE] epoch=130 loss=0.00020394 recon=0.00010646 beh=6.243426 w=0.000 lr=9.729e-04 time=0.173s
[RQ-VAE] epoch=131 loss=0.00020366 recon=0.00010613 beh=6.238020 w=0.000 lr=9.725e-04 time=0.174s
[RQ-VAE] epoch=132 loss=0.00020505 recon=0.00010604 beh=6.244975 w=0.000 lr=9.722e-04 time=0.173s
[RQ-VAE] epoch=133 loss=0.00020532 recon=0.00010589 beh=6.230913 w=0.000 lr=9.719e-04 time=0.175s
[RQ-VAE] epoch=134 loss=0.00020561 recon=0.00010569 beh=6.247439 w=0.000 lr=9.715e-04 time=0.175s
[RQ-VAE] epoch=135 loss=0.00020664 recon=0.00010556 beh=6.238699 w=0.000 lr=9.712e-04 time=0.174s
[RQ-VAE] epoch=136 loss=0.00020727 recon=0.00010543 beh=6.239893 w=0.000 lr=9.708e-04 time=0.175s
[RQ-VAE] epoch=137 loss=0.00020658 recon=0.00010518 beh=6.233420 w=0.000 lr=9.705e-04 time=0.175s
[RQ-VAE] epoch=138 loss=0.00020706 recon=0.00010524 beh=6.236176 w=0.000 lr=9.702e-04 time=0.177s
[RQ-VAE] epoch=139 loss=0.00020834 recon=0.00010493 beh=6.239145 w=0.000 lr=9.698e-04 time=0.174s
[RQ-VAE] epoch=140 loss=0.00020934 recon=0.00010482 beh=6.240813 w=0.000 lr=9.695e-04 time=0.288s
[RQ-VAE] epoch=141 loss=0.00020902 recon=0.00010472 beh=6.227691 w=0.000 lr=9.692e-04 time=0.175s
[RQ-VAE] epoch=142 loss=0.00021005 recon=0.00010453 beh=6.239048 w=0.000 lr=9.688e-04 time=0.177s
[RQ-VAE] epoch=143 loss=0.00021072 recon=0.00010428 beh=6.233175 w=0.000 lr=9.685e-04 time=0.175s
[RQ-VAE] epoch=144 loss=0.00021241 recon=0.00010425 beh=6.237593 w=0.000 lr=9.681e-04 time=0.176s
[RQ-VAE] epoch=145 loss=0.00021182 recon=0.00010415 beh=6.243290 w=0.000 lr=9.678e-04 time=0.174s
[RQ-VAE] epoch=146 loss=0.00021281 recon=0.00010397 beh=6.235747 w=0.000 lr=9.675e-04 time=0.173s
[RQ-VAE] epoch=147 loss=0.00021301 recon=0.00010378 beh=6.232576 w=0.000 lr=9.671e-04 time=0.174s
[RQ-VAE] epoch=148 loss=0.00021323 recon=0.00010365 beh=6.237241 w=0.000 lr=9.668e-04 time=0.174s
[RQ-VAE] epoch=149 loss=0.00021500 recon=0.00010337 beh=6.235474 w=0.000 lr=9.664e-04 time=0.177s
[RQ-VAE] epoch=150 loss=0.00021505 recon=0.00010341 lr=9.661e-04 raw_unique=21117/24587 collision=0.141131 time=0.174s
[RQ-VAE] epoch=151 loss=0.00021575 recon=0.00010331 beh=6.234822 w=0.000 lr=9.658e-04 time=0.174s
[RQ-VAE] epoch=152 loss=0.00021670 recon=0.00010329 beh=6.238297 w=0.000 lr=9.654e-04 time=0.176s
[RQ-VAE] epoch=153 loss=0.00021672 recon=0.00010316 beh=6.236475 w=0.000 lr=9.651e-04 time=0.174s
[RQ-VAE] epoch=154 loss=0.00021632 recon=0.00010316 beh=6.242221 w=0.000 lr=9.647e-04 time=0.174s
[RQ-VAE] epoch=155 loss=0.00021744 recon=0.00010297 beh=6.235471 w=0.000 lr=9.644e-04 time=0.292s
[RQ-VAE] epoch=156 loss=0.00021838 recon=0.00010271 beh=6.232071 w=0.000 lr=9.641e-04 time=0.172s
[RQ-VAE] epoch=157 loss=0.00021761 recon=0.00010244 beh=6.232729 w=0.000 lr=9.637e-04 time=0.173s
[RQ-VAE] epoch=158 loss=0.00021850 recon=0.00010228 beh=6.232963 w=0.000 lr=9.634e-04 time=0.173s
[RQ-VAE] epoch=159 loss=0.00021804 recon=0.00010212 beh=6.238961 w=0.000 lr=9.631e-04 time=0.173s
[RQ-VAE] epoch=160 loss=0.00021841 recon=0.00010191 beh=6.240765 w=0.000 lr=9.627e-04 time=0.173s
[RQ-VAE] epoch=161 loss=0.00021998 recon=0.00010183 beh=6.240011 w=0.000 lr=9.624e-04 time=0.172s
[RQ-VAE] epoch=162 loss=0.00021983 recon=0.00010184 beh=6.232258 w=0.000 lr=9.620e-04 time=0.172s
[RQ-VAE] epoch=163 loss=0.00022006 recon=0.00010149 beh=6.235126 w=0.000 lr=9.617e-04 time=0.173s
[RQ-VAE] epoch=164 loss=0.00022056 recon=0.00010135 beh=6.238637 w=0.000 lr=9.614e-04 time=0.173s
[RQ-VAE] epoch=165 loss=0.00022089 recon=0.00010125 beh=6.236382 w=0.000 lr=9.610e-04 time=0.172s
[RQ-VAE] epoch=166 loss=0.00022209 recon=0.00010111 beh=6.228921 w=0.000 lr=9.607e-04 time=0.173s
[RQ-VAE] epoch=167 loss=0.00022173 recon=0.00010101 beh=6.231453 w=0.000 lr=9.603e-04 time=0.171s
[RQ-VAE] epoch=168 loss=0.00022272 recon=0.00010112 beh=6.236865 w=0.000 lr=9.600e-04 time=0.175s
[RQ-VAE] epoch=169 loss=0.00022316 recon=0.00010070 beh=6.237510 w=0.000 lr=9.597e-04 time=0.172s
[RQ-VAE] epoch=170 loss=0.00022286 recon=0.00010054 beh=6.239719 w=0.000 lr=9.593e-04 time=0.173s
[RQ-VAE] epoch=171 loss=0.00022279 recon=0.00010056 beh=6.232651 w=0.000 lr=9.590e-04 time=0.175s
[RQ-VAE] epoch=172 loss=0.00022453 recon=0.00010024 beh=6.237314 w=0.000 lr=9.586e-04 time=0.173s
[RQ-VAE] epoch=173 loss=0.00022260 recon=0.00010007 beh=6.237152 w=0.000 lr=9.583e-04 time=0.173s
[RQ-VAE] epoch=174 loss=0.00022315 recon=0.00010019 beh=6.239424 w=0.000 lr=9.580e-04 time=0.174s
[RQ-VAE] epoch=175 loss=0.00022396 recon=0.00009998 beh=6.240669 w=0.000 lr=9.576e-04 time=0.172s
[RQ-VAE] epoch=176 loss=0.00022486 recon=0.00009990 beh=6.230518 w=0.000 lr=9.573e-04 time=0.172s
[RQ-VAE] epoch=177 loss=0.00022506 recon=0.00009967 beh=6.236268 w=0.000 lr=9.569e-04 time=0.173s
[RQ-VAE] epoch=178 loss=0.00022469 recon=0.00009946 beh=6.238296 w=0.000 lr=9.566e-04 time=0.172s
[RQ-VAE] epoch=179 loss=0.00022547 recon=0.00009929 beh=6.234380 w=0.000 lr=9.563e-04 time=0.173s
[RQ-VAE] epoch=180 loss=0.00022758 recon=0.00009927 beh=6.237803 w=0.000 lr=9.559e-04 time=0.175s
[RQ-VAE] epoch=181 loss=0.00022605 recon=0.00009902 beh=6.229711 w=0.000 lr=9.556e-04 time=0.173s
[RQ-VAE] epoch=182 loss=0.00022802 recon=0.00009913 beh=6.236256 w=0.000 lr=9.553e-04 time=0.172s
[RQ-VAE] epoch=183 loss=0.00022814 recon=0.00009892 beh=6.237800 w=0.000 lr=9.549e-04 time=0.173s
[RQ-VAE] epoch=184 loss=0.00022912 recon=0.00009895 beh=6.243397 w=0.000 lr=9.546e-04 time=0.173s
[RQ-VAE] epoch=185 loss=0.00022825 recon=0.00009871 beh=6.235452 w=0.000 lr=9.542e-04 time=0.174s
[RQ-VAE] epoch=186 loss=0.00022774 recon=0.00009858 beh=6.235785 w=0.000 lr=9.539e-04 time=0.173s
[RQ-VAE] epoch=187 loss=0.00022908 recon=0.00009833 beh=6.239591 w=0.000 lr=9.536e-04 time=0.172s
[RQ-VAE] epoch=188 loss=0.00022994 recon=0.00009843 beh=6.230405 w=0.000 lr=9.532e-04 time=0.172s
[RQ-VAE] epoch=189 loss=0.00022927 recon=0.00009813 beh=6.233637 w=0.000 lr=9.529e-04 time=0.173s
[RQ-VAE] epoch=190 loss=0.00022819 recon=0.00009796 beh=6.240482 w=0.000 lr=9.525e-04 time=0.173s
[RQ-VAE] epoch=191 loss=0.00022939 recon=0.00009792 beh=6.233650 w=0.000 lr=9.522e-04 time=0.173s
[RQ-VAE] epoch=192 loss=0.00022900 recon=0.00009773 beh=6.232469 w=0.000 lr=9.519e-04 time=0.172s
[RQ-VAE] epoch=193 loss=0.00022930 recon=0.00009765 beh=6.241785 w=0.000 lr=9.515e-04 time=0.172s
[RQ-VAE] epoch=194 loss=0.00023077 recon=0.00009765 beh=6.230055 w=0.000 lr=9.512e-04 time=0.173s
[RQ-VAE] epoch=195 loss=0.00022929 recon=0.00009751 beh=6.235381 w=0.000 lr=9.508e-04 time=0.172s
[RQ-VAE] epoch=196 loss=0.00022939 recon=0.00009743 beh=6.237273 w=0.000 lr=9.505e-04 time=0.172s
[RQ-VAE] epoch=197 loss=0.00023145 recon=0.00009720 beh=6.231514 w=0.000 lr=9.502e-04 time=0.172s
[RQ-VAE] epoch=198 loss=0.00023165 recon=0.00009708 beh=6.240279 w=0.000 lr=9.498e-04 time=0.173s
[RQ-VAE] epoch=199 loss=0.00023165 recon=0.00009707 beh=6.234164 w=0.000 lr=9.495e-04 time=0.171s
[RQ-VAE] epoch=200 loss=0.00023184 recon=0.00009695 lr=9.492e-04 raw_unique=21478/24587 collision=0.126449 time=0.172s
[RQ-VAE] epoch=201 loss=0.00023349 recon=0.00009674 beh=6.230140 w=0.000 lr=9.488e-04 time=0.172s
[RQ-VAE] epoch=202 loss=0.00023159 recon=0.00009661 beh=6.232102 w=0.000 lr=9.485e-04 time=0.173s
[RQ-VAE] epoch=203 loss=0.00023349 recon=0.00009664 beh=6.236253 w=0.000 lr=9.481e-04 time=0.172s
[RQ-VAE] epoch=204 loss=0.00023363 recon=0.00009625 beh=6.237968 w=0.000 lr=9.478e-04 time=0.172s
[RQ-VAE] epoch=205 loss=0.00023391 recon=0.00009621 beh=6.233927 w=0.000 lr=9.475e-04 time=0.173s
[RQ-VAE] epoch=206 loss=0.00023369 recon=0.00009628 beh=6.236650 w=0.000 lr=9.471e-04 time=0.173s
[RQ-VAE] epoch=207 loss=0.00023403 recon=0.00009604 beh=6.234811 w=0.000 lr=9.468e-04 time=0.173s
[RQ-VAE] epoch=208 loss=0.00023512 recon=0.00009597 beh=6.231699 w=0.000 lr=9.464e-04 time=0.173s
[RQ-VAE] epoch=209 loss=0.00023473 recon=0.00009580 beh=6.238373 w=0.000 lr=9.461e-04 time=0.173s
[RQ-VAE] epoch=210 loss=0.00023532 recon=0.00009565 beh=6.230818 w=0.000 lr=9.458e-04 time=0.172s
[RQ-VAE] epoch=211 loss=0.00023504 recon=0.00009547 beh=6.233637 w=0.000 lr=9.454e-04 time=0.172s
[RQ-VAE] epoch=212 loss=0.00023547 recon=0.00009555 beh=6.235685 w=0.000 lr=9.451e-04 time=0.299s
[RQ-VAE] epoch=213 loss=0.00023650 recon=0.00009549 beh=6.228885 w=0.000 lr=9.447e-04 time=0.174s
[RQ-VAE] epoch=214 loss=0.00023646 recon=0.00009537 beh=6.231413 w=0.000 lr=9.444e-04 time=0.173s
[RQ-VAE] epoch=215 loss=0.00023790 recon=0.00009543 beh=6.234373 w=0.000 lr=9.441e-04 time=0.173s
[RQ-VAE] epoch=216 loss=0.00023771 recon=0.00009529 beh=6.236243 w=0.000 lr=9.437e-04 time=0.172s
[RQ-VAE] epoch=217 loss=0.00023777 recon=0.00009522 beh=6.234975 w=0.000 lr=9.434e-04 time=0.173s
[RQ-VAE] epoch=218 loss=0.00023804 recon=0.00009511 beh=6.236617 w=0.000 lr=9.431e-04 time=0.173s
[RQ-VAE] epoch=219 loss=0.00023871 recon=0.00009505 beh=6.231074 w=0.000 lr=9.427e-04 time=0.173s
[RQ-VAE] epoch=220 loss=0.00023992 recon=0.00009499 beh=6.233576 w=0.000 lr=9.424e-04 time=0.173s
[RQ-VAE] epoch=221 loss=0.00024034 recon=0.00009483 beh=6.235949 w=0.000 lr=9.420e-04 time=0.173s
[RQ-VAE] epoch=222 loss=0.00023905 recon=0.00009496 beh=6.228815 w=0.000 lr=9.417e-04 time=0.172s
[RQ-VAE] epoch=223 loss=0.00024031 recon=0.00009479 beh=6.232874 w=0.000 lr=9.414e-04 time=0.173s
[RQ-VAE] epoch=224 loss=0.00024068 recon=0.00009461 beh=6.233642 w=0.000 lr=9.410e-04 time=0.174s
[RQ-VAE] epoch=225 loss=0.00024007 recon=0.00009440 beh=6.236289 w=0.000 lr=9.407e-04 time=0.172s
[RQ-VAE] epoch=226 loss=0.00024108 recon=0.00009447 beh=6.232630 w=0.000 lr=9.403e-04 time=0.173s
[RQ-VAE] epoch=227 loss=0.00024214 recon=0.00009432 beh=6.229102 w=0.000 lr=9.400e-04 time=0.173s
[RQ-VAE] epoch=228 loss=0.00024247 recon=0.00009442 beh=6.235750 w=0.000 lr=9.397e-04 time=0.173s
[RQ-VAE] epoch=229 loss=0.00024334 recon=0.00009428 beh=6.235204 w=0.000 lr=9.393e-04 time=0.174s
[RQ-VAE] epoch=230 loss=0.00024337 recon=0.00009412 beh=6.231893 w=0.000 lr=9.390e-04 time=0.172s
[RQ-VAE] epoch=231 loss=0.00024290 recon=0.00009395 beh=6.236449 w=0.000 lr=9.386e-04 time=0.173s
[RQ-VAE] epoch=232 loss=0.00024347 recon=0.00009388 beh=6.235922 w=0.000 lr=9.383e-04 time=0.173s
[RQ-VAE] epoch=233 loss=0.00024440 recon=0.00009379 beh=6.234059 w=0.000 lr=9.380e-04 time=0.175s
[RQ-VAE] epoch=234 loss=0.00024383 recon=0.00009378 beh=6.238778 w=0.000 lr=9.376e-04 time=0.173s
[RQ-VAE] epoch=235 loss=0.00024413 recon=0.00009370 beh=6.231935 w=0.000 lr=9.373e-04 time=0.172s
[RQ-VAE] epoch=236 loss=0.00024503 recon=0.00009352 beh=6.240205 w=0.000 lr=9.369e-04 time=0.173s
[RQ-VAE] epoch=237 loss=0.00024468 recon=0.00009364 beh=6.238800 w=0.000 lr=9.366e-04 time=0.173s
[RQ-VAE] epoch=238 loss=0.00024539 recon=0.00009353 beh=6.235738 w=0.000 lr=9.363e-04 time=0.172s
[RQ-VAE] epoch=239 loss=0.00024456 recon=0.00009322 beh=6.231538 w=0.000 lr=9.359e-04 time=0.173s
[RQ-VAE] epoch=240 loss=0.00024525 recon=0.00009325 beh=6.238353 w=0.000 lr=9.356e-04 time=0.175s
[RQ-VAE] epoch=241 loss=0.00024673 recon=0.00009313 beh=6.237652 w=0.000 lr=9.353e-04 time=0.282s
[RQ-VAE] epoch=242 loss=0.00024781 recon=0.00009317 beh=6.233248 w=0.000 lr=9.349e-04 time=0.173s
[RQ-VAE] epoch=243 loss=0.00024696 recon=0.00009306 beh=6.234876 w=0.000 lr=9.346e-04 time=0.174s
[RQ-VAE] epoch=244 loss=0.00024672 recon=0.00009300 beh=6.237528 w=0.000 lr=9.342e-04 time=0.173s
[RQ-VAE] epoch=245 loss=0.00024844 recon=0.00009279 beh=6.236951 w=0.000 lr=9.339e-04 time=0.175s
[RQ-VAE] epoch=246 loss=0.00024937 recon=0.00009284 beh=6.227266 w=0.000 lr=9.336e-04 time=0.176s
[RQ-VAE] epoch=247 loss=0.00024753 recon=0.00009276 beh=6.230362 w=0.000 lr=9.332e-04 time=0.173s
[RQ-VAE] epoch=248 loss=0.00024771 recon=0.00009264 beh=6.242775 w=0.000 lr=9.329e-04 time=0.173s
[RQ-VAE] epoch=249 loss=0.00024933 recon=0.00009257 beh=6.237635 w=0.000 lr=9.325e-04 time=0.176s
[RQ-VAE] epoch=250 loss=0.00024990 recon=0.00009242 lr=9.322e-04 raw_unique=21426/24587 collision=0.128564 time=0.174s
[RQ-VAE] epoch=251 loss=0.00024920 recon=0.00009238 beh=6.234921 w=0.000 lr=9.319e-04 time=0.176s
[RQ-VAE] epoch=252 loss=0.00024914 recon=0.00009228 beh=6.241640 w=0.000 lr=9.315e-04 time=0.173s
[RQ-VAE] epoch=253 loss=0.00025192 recon=0.00009245 beh=6.235312 w=0.000 lr=9.312e-04 time=0.173s
[RQ-VAE] epoch=254 loss=0.00025216 recon=0.00009239 beh=6.234236 w=0.000 lr=9.308e-04 time=0.173s
[RQ-VAE] epoch=255 loss=0.00025119 recon=0.00009212 beh=6.232248 w=0.000 lr=9.305e-04 time=0.172s
[RQ-VAE] epoch=256 loss=0.00025124 recon=0.00009206 beh=6.238288 w=0.000 lr=9.302e-04 time=0.173s
[RQ-VAE] epoch=257 loss=0.00025077 recon=0.00009196 beh=6.239052 w=0.000 lr=9.298e-04 time=0.172s
[RQ-VAE] epoch=258 loss=0.00025105 recon=0.00009206 beh=6.243181 w=0.000 lr=9.295e-04 time=0.173s
[RQ-VAE] epoch=259 loss=0.00025250 recon=0.00009213 beh=6.237128 w=0.000 lr=9.292e-04 time=0.174s
[RQ-VAE] epoch=260 loss=0.00025212 recon=0.00009186 beh=6.233346 w=0.000 lr=9.288e-04 time=0.291s
[RQ-VAE] epoch=261 loss=0.00025163 recon=0.00009183 beh=6.238740 w=0.000 lr=9.285e-04 time=0.173s
[RQ-VAE] epoch=262 loss=0.00025308 recon=0.00009175 beh=6.238194 w=0.000 lr=9.281e-04 time=0.173s
[RQ-VAE] epoch=263 loss=0.00025297 recon=0.00009161 beh=6.231072 w=0.000 lr=9.278e-04 time=0.173s
[RQ-VAE] epoch=264 loss=0.00025428 recon=0.00009161 beh=6.233592 w=0.000 lr=9.275e-04 time=0.173s
[RQ-VAE] epoch=265 loss=0.00025273 recon=0.00009147 beh=6.229816 w=0.000 lr=9.271e-04 time=0.175s
[RQ-VAE] epoch=266 loss=0.00025411 recon=0.00009141 beh=6.233405 w=0.000 lr=9.268e-04 time=0.173s
[RQ-VAE] epoch=267 loss=0.00025623 recon=0.00009130 beh=6.239667 w=0.000 lr=9.264e-04 time=0.173s
[RQ-VAE] epoch=268 loss=0.00025451 recon=0.00009142 beh=6.233229 w=0.000 lr=9.261e-04 time=0.175s
[RQ-VAE] epoch=269 loss=0.00025628 recon=0.00009159 beh=6.234274 w=0.000 lr=9.258e-04 time=0.173s
[RQ-VAE] epoch=270 loss=0.00025533 recon=0.00009139 beh=6.241169 w=0.000 lr=9.254e-04 time=0.173s
[RQ-VAE] epoch=271 loss=0.00025496 recon=0.00009124 beh=6.242945 w=0.000 lr=9.251e-04 time=0.172s
[RQ-VAE] epoch=272 loss=0.00025611 recon=0.00009142 beh=6.230400 w=0.000 lr=9.247e-04 time=0.173s
[RQ-VAE] epoch=273 loss=0.00025975 recon=0.00009111 beh=6.235806 w=0.000 lr=9.244e-04 time=0.175s
[RQ-VAE] epoch=274 loss=0.00025802 recon=0.00009088 beh=6.234507 w=0.000 lr=9.241e-04 time=0.173s
[RQ-VAE] epoch=275 loss=0.00025814 recon=0.00009095 beh=6.232145 w=0.000 lr=9.237e-04 time=0.289s
[RQ-VAE] epoch=276 loss=0.00025699 recon=0.00009077 beh=6.231462 w=0.000 lr=9.234e-04 time=0.173s
[RQ-VAE] epoch=277 loss=0.00025761 recon=0.00009057 beh=6.234165 w=0.000 lr=9.231e-04 time=0.173s
[RQ-VAE] epoch=278 loss=0.00025710 recon=0.00009058 beh=6.233549 w=0.000 lr=9.227e-04 time=0.173s
[RQ-VAE] epoch=279 loss=0.00025831 recon=0.00009088 beh=6.234740 w=0.000 lr=9.224e-04 time=0.175s
[RQ-VAE] epoch=280 loss=0.00025889 recon=0.00009046 beh=6.232851 w=0.000 lr=9.220e-04 time=0.174s
[RQ-VAE] epoch=281 loss=0.00025975 recon=0.00009046 beh=6.234837 w=0.000 lr=9.217e-04 time=0.173s
[RQ-VAE] epoch=282 loss=0.00026040 recon=0.00009041 beh=6.237356 w=0.000 lr=9.214e-04 time=0.174s
[RQ-VAE] epoch=283 loss=0.00025938 recon=0.00009027 beh=6.236271 w=0.000 lr=9.210e-04 time=0.173s
[RQ-VAE] epoch=284 loss=0.00025948 recon=0.00009020 beh=6.236036 w=0.000 lr=9.207e-04 time=0.173s
[RQ-VAE] epoch=285 loss=0.00026003 recon=0.00009034 beh=6.239246 w=0.000 lr=9.203e-04 time=0.174s
[RQ-VAE] epoch=286 loss=0.00026129 recon=0.00009015 beh=6.236651 w=0.000 lr=9.200e-04 time=0.173s
[RQ-VAE] epoch=287 loss=0.00026116 recon=0.00009004 beh=6.241230 w=0.000 lr=9.197e-04 time=0.173s
[RQ-VAE] epoch=288 loss=0.00026174 recon=0.00009020 beh=6.232519 w=0.000 lr=9.193e-04 time=0.173s
[RQ-VAE] epoch=289 loss=0.00026278 recon=0.00009012 beh=6.241982 w=0.000 lr=9.190e-04 time=0.173s
[RQ-VAE] epoch=290 loss=0.00026225 recon=0.00008999 beh=6.233864 w=0.000 lr=9.186e-04 time=0.173s
[RQ-VAE] epoch=291 loss=0.00026177 recon=0.00008989 beh=6.231012 w=0.000 lr=9.183e-04 time=0.175s
[RQ-VAE] epoch=292 loss=0.00026245 recon=0.00008990 beh=6.235173 w=0.000 lr=9.180e-04 time=0.174s
[RQ-VAE] epoch=293 loss=0.00026260 recon=0.00008993 beh=6.237825 w=0.000 lr=9.176e-04 time=0.173s
[RQ-VAE] epoch=294 loss=0.00026248 recon=0.00008980 beh=6.234046 w=0.000 lr=9.173e-04 time=0.174s
[RQ-VAE] epoch=295 loss=0.00026316 recon=0.00008971 beh=6.239342 w=0.000 lr=9.169e-04 time=0.174s
[RQ-VAE] epoch=296 loss=0.00026416 recon=0.00008963 beh=6.233388 w=0.000 lr=9.166e-04 time=0.173s
[RQ-VAE] epoch=297 loss=0.00026506 recon=0.00008989 beh=6.233593 w=0.000 lr=9.163e-04 time=0.177s
[RQ-VAE] epoch=298 loss=0.00026331 recon=0.00008938 beh=6.233742 w=0.000 lr=9.159e-04 time=0.174s
[RQ-VAE] epoch=299 loss=0.00026356 recon=0.00008935 beh=6.236765 w=0.000 lr=9.156e-04 time=0.175s
[RQ-VAE] epoch=300 loss=0.00026482 recon=0.00008931 lr=9.153e-04 raw_unique=21386/24587 collision=0.130191 time=0.174s
[RQ-VAE] epoch=301 loss=0.00026470 recon=0.00008940 beh=6.230852 w=0.000 lr=9.149e-04 time=0.174s
[RQ-VAE] epoch=302 loss=0.00026529 recon=0.00008927 beh=6.232282 w=0.000 lr=9.146e-04 time=0.173s
[RQ-VAE] epoch=303 loss=0.00026559 recon=0.00008930 beh=6.236057 w=0.000 lr=9.142e-04 time=0.173s
[RQ-VAE] epoch=304 loss=0.00026676 recon=0.00008934 beh=6.238128 w=0.000 lr=9.139e-04 time=0.173s
[RQ-VAE] epoch=305 loss=0.00026607 recon=0.00008937 beh=6.230294 w=0.000 lr=9.136e-04 time=0.173s
[RQ-VAE] epoch=306 loss=0.00026595 recon=0.00008915 beh=6.237633 w=0.000 lr=9.132e-04 time=0.177s
[RQ-VAE] epoch=307 loss=0.00026747 recon=0.00008911 beh=6.240476 w=0.000 lr=9.129e-04 time=0.173s
[RQ-VAE] epoch=308 loss=0.00026655 recon=0.00008911 beh=6.234845 w=0.000 lr=9.125e-04 time=0.173s
[RQ-VAE] epoch=309 loss=0.00026611 recon=0.00008903 beh=6.237315 w=0.000 lr=9.122e-04 time=0.173s
[RQ-VAE] epoch=310 loss=0.00026721 recon=0.00008919 beh=6.230437 w=0.000 lr=9.119e-04 time=0.175s
[RQ-VAE] epoch=311 loss=0.00026798 recon=0.00008901 beh=6.230790 w=0.000 lr=9.115e-04 time=0.172s
[RQ-VAE] epoch=312 loss=0.00026733 recon=0.00008889 beh=6.235898 w=0.000 lr=9.112e-04 time=0.173s
[RQ-VAE] epoch=313 loss=0.00026766 recon=0.00008873 beh=6.236437 w=0.000 lr=9.108e-04 time=0.174s
[RQ-VAE] epoch=314 loss=0.00026865 recon=0.00008871 beh=6.235669 w=0.000 lr=9.105e-04 time=0.175s
[RQ-VAE] epoch=315 loss=0.00026751 recon=0.00008875 beh=6.230955 w=0.000 lr=9.102e-04 time=0.173s
[RQ-VAE] epoch=316 loss=0.00026663 recon=0.00008862 beh=6.239611 w=0.000 lr=9.098e-04 time=0.173s
[RQ-VAE] epoch=317 loss=0.00026851 recon=0.00008903 beh=6.234872 w=0.000 lr=9.095e-04 time=0.173s
[RQ-VAE] epoch=318 loss=0.00027068 recon=0.00008863 beh=6.233473 w=0.000 lr=9.092e-04 time=0.173s
[RQ-VAE] epoch=319 loss=0.00026854 recon=0.00008850 beh=6.231937 w=0.000 lr=9.088e-04 time=0.174s
[RQ-VAE] epoch=320 loss=0.00026865 recon=0.00008861 beh=6.229002 w=0.000 lr=9.085e-04 time=0.174s
[RQ-VAE] epoch=321 loss=0.00026948 recon=0.00008856 beh=6.237197 w=0.000 lr=9.081e-04 time=0.173s
[RQ-VAE] epoch=322 loss=0.00027096 recon=0.00008857 beh=6.237970 w=0.000 lr=9.078e-04 time=0.174s
[RQ-VAE] epoch=323 loss=0.00027008 recon=0.00008836 beh=6.234243 w=0.000 lr=9.075e-04 time=0.173s
[RQ-VAE] epoch=324 loss=0.00027108 recon=0.00008846 beh=6.234877 w=0.000 lr=9.071e-04 time=0.176s
[RQ-VAE] epoch=325 loss=0.00027117 recon=0.00008862 beh=6.236773 w=0.000 lr=9.068e-04 time=0.173s
[RQ-VAE] epoch=326 loss=0.00026979 recon=0.00008832 beh=6.233931 w=0.000 lr=9.064e-04 time=0.173s
[RQ-VAE] epoch=327 loss=0.00027075 recon=0.00008826 beh=6.231460 w=0.000 lr=9.061e-04 time=0.173s
[RQ-VAE] epoch=328 loss=0.00027084 recon=0.00008823 beh=6.244582 w=0.000 lr=9.058e-04 time=0.173s
[RQ-VAE] epoch=329 loss=0.00027022 recon=0.00008814 beh=6.236559 w=0.000 lr=9.054e-04 time=0.174s
[RQ-VAE] epoch=330 loss=0.00027189 recon=0.00008805 beh=6.243432 w=0.000 lr=9.051e-04 time=0.174s
[RQ-VAE] epoch=331 loss=0.00027271 recon=0.00008811 beh=6.236433 w=0.000 lr=9.047e-04 time=0.174s
[RQ-VAE] epoch=332 loss=0.00027309 recon=0.00008799 beh=6.232612 w=0.000 lr=9.044e-04 time=0.297s
[RQ-VAE] epoch=333 loss=0.00027278 recon=0.00008785 beh=6.237885 w=0.000 lr=9.041e-04 time=0.174s
[RQ-VAE] epoch=334 loss=0.00027288 recon=0.00008781 beh=6.244487 w=0.000 lr=9.037e-04 time=0.173s
[RQ-VAE] epoch=335 loss=0.00027347 recon=0.00008775 beh=6.234046 w=0.000 lr=9.034e-04 time=0.173s
[RQ-VAE] epoch=336 loss=0.00027361 recon=0.00008771 beh=6.243464 w=0.000 lr=9.031e-04 time=0.174s
[RQ-VAE] epoch=337 loss=0.00027438 recon=0.00008793 beh=6.236161 w=0.000 lr=9.027e-04 time=0.174s
[RQ-VAE] epoch=338 loss=0.00027470 recon=0.00008775 beh=6.232057 w=0.000 lr=9.024e-04 time=0.174s
[RQ-VAE] epoch=339 loss=0.00027272 recon=0.00008763 beh=6.235565 w=0.000 lr=9.020e-04 time=0.173s
[RQ-VAE] epoch=340 loss=0.00027398 recon=0.00008768 beh=6.233666 w=0.000 lr=9.017e-04 time=0.173s
[RQ-VAE] epoch=341 loss=0.00027503 recon=0.00008755 beh=6.230490 w=0.000 lr=9.014e-04 time=0.174s
[RQ-VAE] epoch=342 loss=0.00027420 recon=0.00008773 beh=6.236042 w=0.000 lr=9.010e-04 time=0.175s
[RQ-VAE] epoch=343 loss=0.00027308 recon=0.00008752 beh=6.236465 w=0.000 lr=9.007e-04 time=0.174s
[RQ-VAE] epoch=344 loss=0.00027354 recon=0.00008747 beh=6.237676 w=0.000 lr=9.003e-04 time=0.174s
[RQ-VAE] epoch=345 loss=0.00027388 recon=0.00008727 beh=6.227613 w=0.000 lr=9.000e-04 time=0.176s
[RQ-VAE] epoch=346 loss=0.00027469 recon=0.00008731 beh=6.242561 w=0.000 lr=8.997e-04 time=0.173s
[RQ-VAE] epoch=347 loss=0.00027455 recon=0.00008749 beh=6.242992 w=0.000 lr=8.993e-04 time=0.174s
[RQ-VAE] epoch=348 loss=0.00027236 recon=0.00008724 beh=6.234708 w=0.000 lr=8.990e-04 time=0.173s
[RQ-VAE] epoch=349 loss=0.00027375 recon=0.00008717 beh=6.232184 w=0.000 lr=8.986e-04 time=0.173s
[RQ-VAE] epoch=350 loss=0.00027371 recon=0.00008713 lr=8.983e-04 raw_unique=21070/24587 collision=0.143043 time=0.173s
[RQ-VAE] epoch=351 loss=0.00027342 recon=0.00008711 beh=6.234161 w=0.000 lr=8.980e-04 time=0.173s
[RQ-VAE] epoch=352 loss=0.00027491 recon=0.00008717 beh=6.236930 w=0.000 lr=8.976e-04 time=0.174s
[RQ-VAE] epoch=353 loss=0.00027417 recon=0.00008691 beh=6.230868 w=0.000 lr=8.973e-04 time=0.174s
[RQ-VAE] epoch=354 loss=0.00027230 recon=0.00008693 beh=6.238050 w=0.000 lr=8.969e-04 time=0.174s
[RQ-VAE] epoch=355 loss=0.00027388 recon=0.00008690 beh=6.238448 w=0.000 lr=8.966e-04 time=0.174s
[RQ-VAE] epoch=356 loss=0.00027630 recon=0.00008688 beh=6.233925 w=0.000 lr=8.963e-04 time=0.174s
[RQ-VAE] epoch=357 loss=0.00027512 recon=0.00008672 beh=6.239093 w=0.000 lr=8.959e-04 time=0.173s
[RQ-VAE] epoch=358 loss=0.00027396 recon=0.00008694 beh=6.240639 w=0.000 lr=8.956e-04 time=0.173s
[RQ-VAE] epoch=359 loss=0.00027486 recon=0.00008681 beh=6.235710 w=0.000 lr=8.953e-04 time=0.173s
[RQ-VAE] epoch=360 loss=0.00027612 recon=0.00008682 beh=6.231180 w=0.000 lr=8.949e-04 time=0.173s
[RQ-VAE] epoch=361 loss=0.00027580 recon=0.00008685 beh=6.239890 w=0.000 lr=8.946e-04 time=0.296s
[RQ-VAE] epoch=362 loss=0.00027724 recon=0.00008675 beh=6.239268 w=0.000 lr=8.942e-04 time=0.174s
[RQ-VAE] epoch=363 loss=0.00027672 recon=0.00008651 beh=6.240335 w=0.000 lr=8.939e-04 time=0.174s
[RQ-VAE] epoch=364 loss=0.00027487 recon=0.00008643 beh=6.242279 w=0.000 lr=8.936e-04 time=0.173s
[RQ-VAE] epoch=365 loss=0.00027494 recon=0.00008648 beh=6.235155 w=0.000 lr=8.932e-04 time=0.173s
[RQ-VAE] epoch=366 loss=0.00027718 recon=0.00008635 beh=6.233944 w=0.000 lr=8.929e-04 time=0.173s
[RQ-VAE] epoch=367 loss=0.00027590 recon=0.00008644 beh=6.237663 w=0.000 lr=8.925e-04 time=0.174s
[RQ-VAE] epoch=368 loss=0.00027648 recon=0.00008642 beh=6.241158 w=0.000 lr=8.922e-04 time=0.173s
[RQ-VAE] epoch=369 loss=0.00027519 recon=0.00008631 beh=6.239583 w=0.000 lr=8.919e-04 time=0.175s
[RQ-VAE] epoch=370 loss=0.00027651 recon=0.00008642 beh=6.237462 w=0.000 lr=8.915e-04 time=0.173s
[RQ-VAE] epoch=371 loss=0.00027568 recon=0.00008614 beh=6.233753 w=0.000 lr=8.912e-04 time=0.173s
[RQ-VAE] epoch=372 loss=0.00027808 recon=0.00008636 beh=6.240014 w=0.000 lr=8.908e-04 time=0.174s
[RQ-VAE] epoch=373 loss=0.00027919 recon=0.00008642 beh=6.237038 w=0.000 lr=8.905e-04 time=0.173s
[RQ-VAE] epoch=374 loss=0.00027904 recon=0.00008627 beh=6.240283 w=0.000 lr=8.902e-04 time=0.173s
[RQ-VAE] epoch=375 loss=0.00027608 recon=0.00008611 beh=6.240558 w=0.000 lr=8.898e-04 time=0.174s
[RQ-VAE] epoch=376 loss=0.00027570 recon=0.00008603 beh=6.231338 w=0.000 lr=8.895e-04 time=0.173s
[RQ-VAE] epoch=377 loss=0.00027801 recon=0.00008616 beh=6.232230 w=0.000 lr=8.892e-04 time=0.173s
[RQ-VAE] epoch=378 loss=0.00027798 recon=0.00008607 beh=6.231192 w=0.000 lr=8.888e-04 time=0.175s
[RQ-VAE] epoch=379 loss=0.00027798 recon=0.00008593 beh=6.234691 w=0.000 lr=8.885e-04 time=0.173s
[RQ-VAE] epoch=380 loss=0.00027800 recon=0.00008592 beh=6.237227 w=0.000 lr=8.881e-04 time=0.27s
[RQ-VAE] epoch=381 loss=0.00027765 recon=0.00008575 beh=6.233549 w=0.000 lr=8.878e-04 time=0.174s
[RQ-VAE] epoch=382 loss=0.00027750 recon=0.00008578 beh=6.233006 w=0.000 lr=8.875e-04 time=0.174s
[RQ-VAE] epoch=383 loss=0.00027781 recon=0.00008582 beh=6.234746 w=0.000 lr=8.871e-04 time=0.173s
[RQ-VAE] epoch=384 loss=0.00027870 recon=0.00008577 beh=6.229996 w=0.000 lr=8.868e-04 time=0.173s
[RQ-VAE] epoch=385 loss=0.00028040 recon=0.00008615 beh=6.236080 w=0.000 lr=8.864e-04 time=0.174s
[RQ-VAE] epoch=386 loss=0.00027969 recon=0.00008572 beh=6.233828 w=0.000 lr=8.861e-04 time=0.173s
[RQ-VAE] epoch=387 loss=0.00028014 recon=0.00008563 beh=6.238977 w=0.000 lr=8.858e-04 time=0.174s
[RQ-VAE] epoch=388 loss=0.00027949 recon=0.00008557 beh=6.241975 w=0.000 lr=8.854e-04 time=0.175s
[RQ-VAE] epoch=389 loss=0.00027754 recon=0.00008569 beh=6.233286 w=0.000 lr=8.851e-04 time=0.174s
[RQ-VAE] epoch=390 loss=0.00027886 recon=0.00008546 beh=6.230104 w=0.000 lr=8.847e-04 time=0.174s
[RQ-VAE] epoch=391 loss=0.00028084 recon=0.00008542 beh=6.236565 w=0.000 lr=8.844e-04 time=0.174s
[RQ-VAE] epoch=392 loss=0.00027930 recon=0.00008529 beh=6.235806 w=0.000 lr=8.841e-04 time=0.173s
[RQ-VAE] epoch=393 loss=0.00027837 recon=0.00008536 beh=6.232853 w=0.000 lr=8.837e-04 time=0.174s
[RQ-VAE] epoch=394 loss=0.00027820 recon=0.00008530 beh=6.236260 w=0.000 lr=8.834e-04 time=0.173s
[RQ-VAE] epoch=395 loss=0.00028096 recon=0.00008530 beh=6.231332 w=0.000 lr=8.831e-04 time=0.174s
[RQ-VAE] epoch=396 loss=0.00028024 recon=0.00008527 beh=6.230034 w=0.000 lr=8.827e-04 time=0.265s
[RQ-VAE] epoch=397 loss=0.00027988 recon=0.00008512 beh=6.236057 w=0.000 lr=8.824e-04 time=0.174s
[RQ-VAE] epoch=398 loss=0.00027941 recon=0.00008517 beh=6.229160 w=0.000 lr=8.820e-04 time=0.173s
[RQ-VAE] epoch=399 loss=0.00027990 recon=0.00008505 beh=6.228850 w=0.000 lr=8.817e-04 time=0.173s
[RQ-VAE] epoch=400 loss=0.00027970 recon=0.00008501 lr=8.814e-04 raw_unique=21100/24587 collision=0.141823 time=0.174s
[RQ-VAE] epoch=401 loss=0.00028069 recon=0.00008514 beh=6.235363 w=0.000 lr=8.810e-04 time=0.176s
[RQ-VAE] epoch=402 loss=0.00028166 recon=0.00008511 beh=6.233014 w=0.000 lr=8.807e-04 time=0.174s
[RQ-VAE] epoch=403 loss=0.00028229 recon=0.00008506 beh=6.232660 w=0.000 lr=8.803e-04 time=0.173s
[RQ-VAE] epoch=404 loss=0.00028093 recon=0.00008494 beh=6.234828 w=0.000 lr=8.800e-04 time=0.174s
[RQ-VAE] epoch=405 loss=0.00028296 recon=0.00008500 beh=6.231412 w=0.000 lr=8.797e-04 time=0.174s
[RQ-VAE] epoch=406 loss=0.00028321 recon=0.00008520 beh=6.238002 w=0.000 lr=8.793e-04 time=0.175s
[RQ-VAE] epoch=407 loss=0.00028136 recon=0.00008495 beh=6.236013 w=0.000 lr=8.790e-04 time=0.174s
[RQ-VAE] epoch=408 loss=0.00028077 recon=0.00008496 beh=6.239130 w=0.000 lr=8.786e-04 time=0.174s
[RQ-VAE] epoch=409 loss=0.00028319 recon=0.00008469 beh=6.239939 w=0.000 lr=8.783e-04 time=0.173s
[RQ-VAE] epoch=410 loss=0.00028217 recon=0.00008484 beh=6.235570 w=0.000 lr=8.780e-04 time=0.173s
[RQ-VAE] epoch=411 loss=0.00028193 recon=0.00008478 beh=6.233586 w=0.000 lr=8.776e-04 time=0.174s
[RQ-VAE] epoch=412 loss=0.00028314 recon=0.00008472 beh=6.234968 w=0.000 lr=8.773e-04 time=0.173s
[RQ-VAE] epoch=413 loss=0.00028221 recon=0.00008458 beh=6.230242 w=0.000 lr=8.769e-04 time=0.173s
[RQ-VAE] epoch=414 loss=0.00028259 recon=0.00008450 beh=6.236041 w=0.000 lr=8.766e-04 time=0.174s
[RQ-VAE] epoch=415 loss=0.00028289 recon=0.00008463 beh=6.236138 w=0.000 lr=8.763e-04 time=0.174s
[RQ-VAE] epoch=416 loss=0.00028222 recon=0.00008451 beh=6.234301 w=0.000 lr=8.759e-04 time=0.173s
[RQ-VAE] epoch=417 loss=0.00028285 recon=0.00008449 beh=6.236199 w=0.000 lr=8.756e-04 time=0.175s
[RQ-VAE] epoch=418 loss=0.00028288 recon=0.00008440 beh=6.241759 w=0.000 lr=8.753e-04 time=0.172s
[RQ-VAE] epoch=419 loss=0.00028394 recon=0.00008436 beh=6.235259 w=0.000 lr=8.749e-04 time=0.172s
[RQ-VAE] epoch=420 loss=0.00028257 recon=0.00008448 beh=6.240100 w=0.000 lr=8.746e-04 time=0.173s
[RQ-VAE] epoch=421 loss=0.00028268 recon=0.00008444 beh=6.237969 w=0.000 lr=8.742e-04 time=0.174s
[RQ-VAE] epoch=422 loss=0.00028297 recon=0.00008435 beh=6.228475 w=0.000 lr=8.739e-04 time=0.173s
[RQ-VAE] epoch=423 loss=0.00028255 recon=0.00008447 beh=6.231518 w=0.000 lr=8.736e-04 time=0.173s
[RQ-VAE] epoch=424 loss=0.00028522 recon=0.00008437 beh=6.235641 w=0.000 lr=8.732e-04 time=0.174s
[RQ-VAE] epoch=425 loss=0.00028292 recon=0.00008429 beh=6.237175 w=0.000 lr=8.729e-04 time=0.175s
[RQ-VAE] epoch=426 loss=0.00028344 recon=0.00008427 beh=6.233938 w=0.000 lr=8.725e-04 time=0.171s
[RQ-VAE] epoch=427 loss=0.00028398 recon=0.00008416 beh=6.230580 w=0.000 lr=8.722e-04 time=0.171s
[RQ-VAE] epoch=428 loss=0.00028477 recon=0.00008412 beh=6.233369 w=0.000 lr=8.719e-04 time=0.171s
[RQ-VAE] epoch=429 loss=0.00028627 recon=0.00008423 beh=6.230129 w=0.000 lr=8.715e-04 time=0.172s
[RQ-VAE] epoch=430 loss=0.00028506 recon=0.00008408 beh=6.236186 w=0.000 lr=8.712e-04 time=0.171s
[RQ-VAE] epoch=431 loss=0.00028612 recon=0.00008397 beh=6.237911 w=0.000 lr=8.708e-04 time=0.172s
[RQ-VAE] epoch=432 loss=0.00028514 recon=0.00008405 beh=6.233245 w=0.000 lr=8.705e-04 time=0.172s
[RQ-VAE] epoch=433 loss=0.00028264 recon=0.00008398 beh=6.231930 w=0.000 lr=8.702e-04 time=0.171s
[RQ-VAE] epoch=434 loss=0.00028450 recon=0.00008383 beh=6.241605 w=0.000 lr=8.698e-04 time=0.171s
[RQ-VAE] epoch=435 loss=0.00028511 recon=0.00008384 beh=6.238212 w=0.000 lr=8.695e-04 time=0.171s
[RQ-VAE] epoch=436 loss=0.00028531 recon=0.00008373 beh=6.239313 w=0.000 lr=8.692e-04 time=0.17s
[RQ-VAE] epoch=437 loss=0.00028580 recon=0.00008368 beh=6.232873 w=0.000 lr=8.688e-04 time=0.172s
[RQ-VAE] epoch=438 loss=0.00028661 recon=0.00008370 beh=6.238636 w=0.000 lr=8.685e-04 time=0.172s
[RQ-VAE] epoch=439 loss=0.00028625 recon=0.00008372 beh=6.233621 w=0.000 lr=8.681e-04 time=0.173s
[RQ-VAE] epoch=440 loss=0.00028650 recon=0.00008422 beh=6.231375 w=0.000 lr=8.678e-04 time=0.171s
[RQ-VAE] epoch=441 loss=0.00028914 recon=0.00008371 beh=6.238884 w=0.000 lr=8.675e-04 time=0.172s
[RQ-VAE] epoch=442 loss=0.00028828 recon=0.00008361 beh=6.236228 w=0.000 lr=8.671e-04 time=0.172s
[RQ-VAE] epoch=443 loss=0.00028628 recon=0.00008367 beh=6.239385 w=0.000 lr=8.668e-04 time=0.171s
[RQ-VAE] epoch=444 loss=0.00028799 recon=0.00008372 beh=6.236405 w=0.000 lr=8.664e-04 time=0.172s
[RQ-VAE] epoch=445 loss=0.00028815 recon=0.00008367 beh=6.231795 w=0.000 lr=8.661e-04 time=0.172s
[RQ-VAE] epoch=446 loss=0.00028734 recon=0.00008365 beh=6.236288 w=0.000 lr=8.658e-04 time=0.173s
[RQ-VAE] epoch=447 loss=0.00028751 recon=0.00008346 beh=6.237737 w=0.000 lr=8.654e-04 time=0.171s
[RQ-VAE] epoch=448 loss=0.00028587 recon=0.00008353 beh=6.226091 w=0.000 lr=8.651e-04 time=0.171s
[RQ-VAE] epoch=449 loss=0.00028638 recon=0.00008355 beh=6.236469 w=0.000 lr=8.647e-04 time=0.173s
[RQ-VAE] epoch=450 loss=0.00028696 recon=0.00008372 lr=8.644e-04 raw_unique=20857/24587 collision=0.151706 time=0.172s
[RQ-VAE] epoch=451 loss=0.00028812 recon=0.00008340 beh=6.237767 w=0.000 lr=8.641e-04 time=0.172s
[RQ-VAE] epoch=452 loss=0.00028883 recon=0.00008342 beh=6.236921 w=0.000 lr=8.637e-04 time=0.282s
[RQ-VAE] epoch=453 loss=0.00028757 recon=0.00008326 beh=6.238181 w=0.000 lr=8.634e-04 time=0.171s
[RQ-VAE] epoch=454 loss=0.00028790 recon=0.00008325 beh=6.229925 w=0.000 lr=8.631e-04 time=0.171s
[RQ-VAE] epoch=455 loss=0.00028898 recon=0.00008343 beh=6.240929 w=0.000 lr=8.627e-04 time=0.172s
[RQ-VAE] epoch=456 loss=0.00028866 recon=0.00008320 beh=6.240475 w=0.000 lr=8.624e-04 time=0.172s
[RQ-VAE] epoch=457 loss=0.00028797 recon=0.00008309 beh=6.236572 w=0.000 lr=8.620e-04 time=0.172s
[RQ-VAE] epoch=458 loss=0.00028808 recon=0.00008302 beh=6.241080 w=0.000 lr=8.617e-04 time=0.172s
[RQ-VAE] epoch=459 loss=0.00028865 recon=0.00008316 beh=6.233240 w=0.000 lr=8.614e-04 time=0.173s
[RQ-VAE] epoch=460 loss=0.00028997 recon=0.00008311 beh=6.235850 w=0.000 lr=8.610e-04 time=0.175s
[RQ-VAE] epoch=461 loss=0.00028865 recon=0.00008321 beh=6.240360 w=0.000 lr=8.607e-04 time=0.171s
[RQ-VAE] epoch=462 loss=0.00028759 recon=0.00008305 beh=6.233067 w=0.000 lr=8.603e-04 time=0.171s
[RQ-VAE] epoch=463 loss=0.00028859 recon=0.00008312 beh=6.237623 w=0.000 lr=8.600e-04 time=0.171s
[RQ-VAE] epoch=464 loss=0.00029081 recon=0.00008303 beh=6.236110 w=0.000 lr=8.597e-04 time=0.172s
[RQ-VAE] epoch=465 loss=0.00028848 recon=0.00008296 beh=6.236911 w=0.000 lr=8.593e-04 time=0.172s
[RQ-VAE] epoch=466 loss=0.00028954 recon=0.00008292 beh=6.233590 w=0.000 lr=8.590e-04 time=0.172s
[RQ-VAE] epoch=467 loss=0.00028910 recon=0.00008288 beh=6.239931 w=0.000 lr=8.586e-04 time=0.172s
[RQ-VAE] epoch=468 loss=0.00029008 recon=0.00008294 beh=6.237048 w=0.000 lr=8.583e-04 time=0.171s
[RQ-VAE] epoch=469 loss=0.00028907 recon=0.00008308 beh=6.239207 w=0.000 lr=8.580e-04 time=0.171s
[RQ-VAE] epoch=470 loss=0.00029176 recon=0.00008304 beh=6.242053 w=0.000 lr=8.576e-04 time=0.171s
[RQ-VAE] epoch=471 loss=0.00028931 recon=0.00008287 beh=6.237724 w=0.000 lr=8.573e-04 time=0.172s
[RQ-VAE] epoch=472 loss=0.00028903 recon=0.00008287 beh=6.236512 w=0.000 lr=8.569e-04 time=0.173s
[RQ-VAE] epoch=473 loss=0.00029071 recon=0.00008285 beh=6.235053 w=0.000 lr=8.566e-04 time=0.171s
[RQ-VAE] epoch=474 loss=0.00029102 recon=0.00008293 beh=6.235336 w=0.000 lr=8.563e-04 time=0.171s
[RQ-VAE] epoch=475 loss=0.00028912 recon=0.00008293 beh=6.230657 w=0.000 lr=8.559e-04 time=0.171s
[RQ-VAE] epoch=476 loss=0.00029016 recon=0.00008267 beh=6.229750 w=0.000 lr=8.556e-04 time=0.171s
[RQ-VAE] epoch=477 loss=0.00029258 recon=0.00008276 beh=6.240623 w=0.000 lr=8.553e-04 time=0.171s
[RQ-VAE] epoch=478 loss=0.00029375 recon=0.00008274 beh=6.236214 w=0.000 lr=8.549e-04 time=0.172s
[RQ-VAE] epoch=479 loss=0.00029227 recon=0.00008277 beh=6.238423 w=0.000 lr=8.546e-04 time=0.172s
[RQ-VAE] epoch=480 loss=0.00029151 recon=0.00008268 beh=6.235057 w=0.000 lr=8.542e-04 time=0.171s
[RQ-VAE] epoch=481 loss=0.00029240 recon=0.00008269 beh=6.237648 w=0.000 lr=8.539e-04 time=0.273s
[RQ-VAE] epoch=482 loss=0.00028969 recon=0.00008258 beh=6.240273 w=0.000 lr=8.536e-04 time=0.172s
[RQ-VAE] epoch=483 loss=0.00029147 recon=0.00008262 beh=6.234411 w=0.000 lr=8.532e-04 time=0.171s
[RQ-VAE] epoch=484 loss=0.00029300 recon=0.00008253 beh=6.224757 w=0.000 lr=8.529e-04 time=0.171s
[RQ-VAE] epoch=485 loss=0.00029214 recon=0.00008241 beh=6.239573 w=0.000 lr=8.525e-04 time=0.171s
[RQ-VAE] epoch=486 loss=0.00029204 recon=0.00008229 beh=6.234910 w=0.000 lr=8.522e-04 time=0.173s
[RQ-VAE] epoch=487 loss=0.00028996 recon=0.00008237 beh=6.235723 w=0.000 lr=8.519e-04 time=0.171s
[RQ-VAE] epoch=488 loss=0.00029020 recon=0.00008235 beh=6.234120 w=0.000 lr=8.515e-04 time=0.171s
[RQ-VAE] epoch=489 loss=0.00029145 recon=0.00008225 beh=6.230142 w=0.000 lr=8.512e-04 time=0.171s
[RQ-VAE] epoch=490 loss=0.00029170 recon=0.00008236 beh=6.235253 w=0.000 lr=8.508e-04 time=0.172s
[RQ-VAE] epoch=491 loss=0.00029217 recon=0.00008232 beh=6.241804 w=0.000 lr=8.505e-04 time=0.172s
[RQ-VAE] epoch=492 loss=0.00029287 recon=0.00008234 beh=6.242108 w=0.000 lr=8.502e-04 time=0.171s
[RQ-VAE] epoch=493 loss=0.00029218 recon=0.00008241 beh=6.234807 w=0.000 lr=8.498e-04 time=0.171s
[RQ-VAE] epoch=494 loss=0.00029210 recon=0.00008237 beh=6.233771 w=0.000 lr=8.495e-04 time=0.171s
[RQ-VAE] epoch=495 loss=0.00029084 recon=0.00008218 beh=6.236966 w=0.000 lr=8.492e-04 time=0.172s
[RQ-VAE] epoch=496 loss=0.00029237 recon=0.00008223 beh=6.229441 w=0.000 lr=8.488e-04 time=0.172s
[RQ-VAE] epoch=497 loss=0.00029263 recon=0.00008225 beh=6.241233 w=0.000 lr=8.485e-04 time=0.171s
[RQ-VAE] epoch=498 loss=0.00029394 recon=0.00008225 beh=6.232237 w=0.000 lr=8.481e-04 time=0.171s
[RQ-VAE] epoch=499 loss=0.00029378 recon=0.00008205 beh=6.237451 w=0.000 lr=8.478e-04 time=0.171s
[RQ-VAE] epoch=500 loss=0.00029261 recon=0.00008232 lr=8.475e-04 raw_unique=20833/24587 collision=0.152682 time=0.171s
[RQ-VAE] epoch=501 loss=0.00029238 recon=0.00008203 beh=6.233257 w=0.000 lr=8.471e-04 time=0.267s
[RQ-VAE] epoch=502 loss=0.00029248 recon=0.00008192 beh=6.230743 w=0.000 lr=8.468e-04 time=0.172s
[RQ-VAE] epoch=503 loss=0.00029232 recon=0.00008193 beh=6.236334 w=0.000 lr=8.464e-04 time=0.171s
[RQ-VAE] epoch=504 loss=0.00029248 recon=0.00008197 beh=6.232771 w=0.000 lr=8.461e-04 time=0.172s
[RQ-VAE] epoch=505 loss=0.00029096 recon=0.00008211 beh=6.234794 w=0.000 lr=8.458e-04 time=0.173s
[RQ-VAE] epoch=506 loss=0.00029366 recon=0.00008209 beh=6.233968 w=0.000 lr=8.454e-04 time=0.171s
[RQ-VAE] epoch=507 loss=0.00029358 recon=0.00008189 beh=6.238613 w=0.000 lr=8.451e-04 time=0.172s
[RQ-VAE] epoch=508 loss=0.00029185 recon=0.00008188 beh=6.237116 w=0.000 lr=8.447e-04 time=0.171s
[RQ-VAE] epoch=509 loss=0.00029371 recon=0.00008182 beh=6.229880 w=0.000 lr=8.444e-04 time=0.171s
[RQ-VAE] epoch=510 loss=0.00029354 recon=0.00008196 beh=6.239670 w=0.000 lr=8.441e-04 time=0.172s
[RQ-VAE] epoch=511 loss=0.00029320 recon=0.00008185 beh=6.223180 w=0.000 lr=8.437e-04 time=0.172s
[RQ-VAE] epoch=512 loss=0.00029304 recon=0.00008154 beh=6.236004 w=0.000 lr=8.434e-04 time=0.171s
[RQ-VAE] epoch=513 loss=0.00029472 recon=0.00008161 beh=6.235887 w=0.000 lr=8.431e-04 time=0.172s
[RQ-VAE] epoch=514 loss=0.00029181 recon=0.00008153 beh=6.236811 w=0.000 lr=8.427e-04 time=0.171s
[RQ-VAE] epoch=515 loss=0.00029337 recon=0.00008153 beh=6.235028 w=0.000 lr=8.424e-04 time=0.172s
[RQ-VAE] epoch=516 loss=0.00029425 recon=0.00008160 beh=6.241785 w=0.000 lr=8.420e-04 time=0.262s
[RQ-VAE] epoch=517 loss=0.00029516 recon=0.00008161 beh=6.231443 w=0.000 lr=8.417e-04 time=0.17s
[RQ-VAE] epoch=518 loss=0.00029466 recon=0.00008159 beh=6.237065 w=0.000 lr=8.414e-04 time=0.171s
[RQ-VAE] epoch=519 loss=0.00029467 recon=0.00008144 beh=6.234298 w=0.000 lr=8.410e-04 time=0.17s
[RQ-VAE] epoch=520 loss=0.00029445 recon=0.00008162 beh=6.233367 w=0.000 lr=8.407e-04 time=0.17s
[RQ-VAE] epoch=521 loss=0.00029501 recon=0.00008143 beh=6.229923 w=0.000 lr=8.403e-04 time=0.17s
[RQ-VAE] epoch=522 loss=0.00029703 recon=0.00008168 beh=6.225702 w=0.000 lr=8.400e-04 time=0.171s
[RQ-VAE] epoch=523 loss=0.00029708 recon=0.00008147 beh=6.232536 w=0.000 lr=8.397e-04 time=0.17s
[RQ-VAE] epoch=524 loss=0.00029490 recon=0.00008154 beh=6.236558 w=0.000 lr=8.393e-04 time=0.17s
[RQ-VAE] epoch=525 loss=0.00029333 recon=0.00008148 beh=6.226946 w=0.000 lr=8.390e-04 time=0.169s
[RQ-VAE] epoch=526 loss=0.00029566 recon=0.00008153 beh=6.235622 w=0.000 lr=8.386e-04 time=0.171s
[RQ-VAE] epoch=527 loss=0.00029555 recon=0.00008148 beh=6.235054 w=0.000 lr=8.383e-04 time=0.17s
[RQ-VAE] epoch=528 loss=0.00029649 recon=0.00008135 beh=6.241732 w=0.000 lr=8.380e-04 time=0.17s
[RQ-VAE] epoch=529 loss=0.00029531 recon=0.00008142 beh=6.235485 w=0.000 lr=8.376e-04 time=0.172s
[RQ-VAE] epoch=530 loss=0.00029634 recon=0.00008141 beh=6.230967 w=0.000 lr=8.373e-04 time=0.17s
[RQ-VAE] epoch=531 loss=0.00029498 recon=0.00008132 beh=6.234864 w=0.000 lr=8.369e-04 time=0.17s
[RQ-VAE] epoch=532 loss=0.00029634 recon=0.00008139 beh=6.230752 w=0.000 lr=8.366e-04 time=0.17s
[RQ-VAE] epoch=533 loss=0.00029690 recon=0.00008147 beh=6.243164 w=0.000 lr=8.363e-04 time=0.17s
[RQ-VAE] epoch=534 loss=0.00029479 recon=0.00008134 beh=6.234860 w=0.000 lr=8.359e-04 time=0.17s
[RQ-VAE] epoch=535 loss=0.00029536 recon=0.00008133 beh=6.236121 w=0.000 lr=8.356e-04 time=0.17s
[RQ-VAE] epoch=536 loss=0.00029638 recon=0.00008125 beh=6.234331 w=0.000 lr=8.353e-04 time=0.171s
[RQ-VAE] epoch=537 loss=0.00029482 recon=0.00008116 beh=6.240835 w=0.000 lr=8.349e-04 time=0.171s
[RQ-VAE] epoch=538 loss=0.00029609 recon=0.00008115 beh=6.240217 w=0.000 lr=8.346e-04 time=0.17s
[RQ-VAE] epoch=539 loss=0.00029731 recon=0.00008112 beh=6.235007 w=0.000 lr=8.342e-04 time=0.171s
[RQ-VAE] epoch=540 loss=0.00029704 recon=0.00008117 beh=6.235742 w=0.000 lr=8.339e-04 time=0.171s
[RQ-VAE] epoch=541 loss=0.00029657 recon=0.00008119 beh=6.237923 w=0.000 lr=8.336e-04 time=0.17s
[RQ-VAE] epoch=542 loss=0.00029646 recon=0.00008093 beh=6.235192 w=0.000 lr=8.332e-04 time=0.17s
[RQ-VAE] epoch=543 loss=0.00029762 recon=0.00008096 beh=6.233829 w=0.000 lr=8.329e-04 time=0.171s
[RQ-VAE] epoch=544 loss=0.00029670 recon=0.00008097 beh=6.232312 w=0.000 lr=8.325e-04 time=0.171s
[RQ-VAE] epoch=545 loss=0.00029763 recon=0.00008109 beh=6.242820 w=0.000 lr=8.322e-04 time=0.17s
[RQ-VAE] epoch=546 loss=0.00029990 recon=0.00008106 beh=6.234630 w=0.000 lr=8.319e-04 time=0.17s
[RQ-VAE] epoch=547 loss=0.00029873 recon=0.00008102 beh=6.237851 w=0.000 lr=8.315e-04 time=0.17s
[RQ-VAE] epoch=548 loss=0.00029931 recon=0.00008091 beh=6.231698 w=0.000 lr=8.312e-04 time=0.17s
[RQ-VAE] epoch=549 loss=0.00029780 recon=0.00008097 beh=6.235993 w=0.000 lr=8.308e-04 time=0.17s
[RQ-VAE] epoch=550 loss=0.00029898 recon=0.00008091 lr=8.305e-04 raw_unique=20845/24587 collision=0.152194 time=0.17s
[RQ-VAE] epoch=551 loss=0.00029823 recon=0.00008080 beh=6.238032 w=0.000 lr=8.302e-04 time=0.171s
[RQ-VAE] epoch=552 loss=0.00029761 recon=0.00008080 beh=6.237235 w=0.000 lr=8.298e-04 time=0.17s
[RQ-VAE] epoch=553 loss=0.00029946 recon=0.00008095 beh=6.238222 w=0.000 lr=8.295e-04 time=0.171s
[RQ-VAE] epoch=554 loss=0.00030108 recon=0.00008102 beh=6.237076 w=0.000 lr=8.292e-04 time=0.171s
[RQ-VAE] epoch=555 loss=0.00030023 recon=0.00008097 beh=6.238469 w=0.000 lr=8.288e-04 time=0.17s
[RQ-VAE] epoch=556 loss=0.00029897 recon=0.00008084 beh=6.241342 w=0.000 lr=8.285e-04 time=0.17s
[RQ-VAE] epoch=557 loss=0.00029884 recon=0.00008100 beh=6.238663 w=0.000 lr=8.281e-04 time=0.17s
[RQ-VAE] epoch=558 loss=0.00030051 recon=0.00008097 beh=6.230363 w=0.000 lr=8.278e-04 time=0.17s
[RQ-VAE] epoch=559 loss=0.00030181 recon=0.00008098 beh=6.238625 w=0.000 lr=8.275e-04 time=0.17s
[RQ-VAE] epoch=560 loss=0.00030101 recon=0.00008073 beh=6.241265 w=0.000 lr=8.271e-04 time=0.171s
[RQ-VAE] epoch=561 loss=0.00030100 recon=0.00008104 beh=6.239111 w=0.000 lr=8.268e-04 time=0.17s
[RQ-VAE] epoch=562 loss=0.00030035 recon=0.00008075 beh=6.240379 w=0.000 lr=8.264e-04 time=0.17s
[RQ-VAE] epoch=563 loss=0.00030015 recon=0.00008075 beh=6.236788 w=0.000 lr=8.261e-04 time=0.17s
[RQ-VAE] epoch=564 loss=0.00030075 recon=0.00008076 beh=6.236089 w=0.000 lr=8.258e-04 time=0.17s
[RQ-VAE] epoch=565 loss=0.00030203 recon=0.00008065 beh=6.238831 w=0.000 lr=8.254e-04 time=0.171s
[RQ-VAE] epoch=566 loss=0.00030076 recon=0.00008086 beh=6.234025 w=0.000 lr=8.251e-04 time=0.172s
[RQ-VAE] epoch=567 loss=0.00030132 recon=0.00008057 beh=6.233201 w=0.000 lr=8.247e-04 time=0.17s
[RQ-VAE] epoch=568 loss=0.00029963 recon=0.00008069 beh=6.236311 w=0.000 lr=8.244e-04 time=0.17s
[RQ-VAE] epoch=569 loss=0.00030084 recon=0.00008056 beh=6.237963 w=0.000 lr=8.241e-04 time=0.17s
[RQ-VAE] epoch=570 loss=0.00030103 recon=0.00008060 beh=6.236112 w=0.000 lr=8.237e-04 time=0.17s
[RQ-VAE] epoch=571 loss=0.00030146 recon=0.00008059 beh=6.240389 w=0.000 lr=8.234e-04 time=0.17s
[RQ-VAE] epoch=572 loss=0.00030042 recon=0.00008047 beh=6.236619 w=0.000 lr=8.231e-04 time=0.267s
[RQ-VAE] epoch=573 loss=0.00029986 recon=0.00008077 beh=6.232991 w=0.000 lr=8.227e-04 time=0.171s
[RQ-VAE] epoch=574 loss=0.00030115 recon=0.00008055 beh=6.235238 w=0.000 lr=8.224e-04 time=0.171s
[RQ-VAE] epoch=575 loss=0.00029972 recon=0.00008049 beh=6.229200 w=0.000 lr=8.220e-04 time=0.17s
[RQ-VAE] epoch=576 loss=0.00029858 recon=0.00008051 beh=6.239645 w=0.000 lr=8.217e-04 time=0.171s
[RQ-VAE] epoch=577 loss=0.00029925 recon=0.00008043 beh=6.238777 w=0.000 lr=8.214e-04 time=0.171s
[RQ-VAE] epoch=578 loss=0.00030092 recon=0.00008044 beh=6.235680 w=0.000 lr=8.210e-04 time=0.171s
[RQ-VAE] epoch=579 loss=0.00029949 recon=0.00008064 beh=6.234194 w=0.000 lr=8.207e-04 time=0.17s
[RQ-VAE] epoch=580 loss=0.00030052 recon=0.00008032 beh=6.237248 w=0.000 lr=8.203e-04 time=0.17s
[RQ-VAE] epoch=581 loss=0.00030050 recon=0.00008013 beh=6.234343 w=0.000 lr=8.200e-04 time=0.171s
[RQ-VAE] epoch=582 loss=0.00030068 recon=0.00008043 beh=6.240896 w=0.000 lr=8.197e-04 time=0.171s
[RQ-VAE] epoch=583 loss=0.00029981 recon=0.00008037 beh=6.230564 w=0.000 lr=8.193e-04 time=0.171s
[RQ-VAE] epoch=584 loss=0.00030046 recon=0.00008043 beh=6.235528 w=0.000 lr=8.190e-04 time=0.171s
[RQ-VAE] epoch=585 loss=0.00030053 recon=0.00008017 beh=6.232244 w=0.000 lr=8.186e-04 time=0.172s
[RQ-VAE] epoch=586 loss=0.00029908 recon=0.00008018 beh=6.234403 w=0.000 lr=8.183e-04 time=0.17s
[RQ-VAE] epoch=587 loss=0.00029952 recon=0.00008050 beh=6.235544 w=0.000 lr=8.180e-04 time=0.17s
[RQ-VAE] epoch=588 loss=0.00030043 recon=0.00008033 beh=6.228068 w=0.000 lr=8.176e-04 time=0.17s
[RQ-VAE] epoch=589 loss=0.00030104 recon=0.00008035 beh=6.231407 w=0.000 lr=8.173e-04 time=0.171s
[RQ-VAE] epoch=590 loss=0.00029975 recon=0.00008025 beh=6.231524 w=0.000 lr=8.169e-04 time=0.171s
[RQ-VAE] epoch=591 loss=0.00029939 recon=0.00008019 beh=6.233305 w=0.000 lr=8.166e-04 time=0.172s
[RQ-VAE] epoch=592 loss=0.00030028 recon=0.00008022 beh=6.238210 w=0.000 lr=8.163e-04 time=0.17s
[RQ-VAE] epoch=593 loss=0.00029881 recon=0.00008018 beh=6.233027 w=0.000 lr=8.159e-04 time=0.171s
[RQ-VAE] epoch=594 loss=0.00029874 recon=0.00007997 beh=6.236793 w=0.000 lr=8.156e-04 time=0.171s
[RQ-VAE] epoch=595 loss=0.00029920 recon=0.00008003 beh=6.231555 w=0.000 lr=8.153e-04 time=0.171s
[RQ-VAE] epoch=596 loss=0.00029968 recon=0.00008003 beh=6.230935 w=0.000 lr=8.149e-04 time=0.171s
[RQ-VAE] epoch=597 loss=0.00029978 recon=0.00007998 beh=6.237170 w=0.000 lr=8.146e-04 time=0.171s
[RQ-VAE] epoch=598 loss=0.00030041 recon=0.00007992 beh=6.228989 w=0.000 lr=8.142e-04 time=0.171s
[RQ-VAE] epoch=599 loss=0.00029856 recon=0.00007997 beh=6.239804 w=0.000 lr=8.139e-04 time=0.17s
[RQ-VAE] epoch=600 loss=0.00029972 recon=0.00007993 lr=8.136e-04 raw_unique=20642/24587 collision=0.160451 time=0.171s
[RQ-VAE] epoch=601 loss=0.00029973 recon=0.00007990 beh=6.233384 w=0.000 lr=8.132e-04 time=0.263s
[RQ-VAE] epoch=602 loss=0.00029870 recon=0.00007975 beh=6.222620 w=0.000 lr=8.129e-04 time=0.17s
[RQ-VAE] epoch=603 loss=0.00030030 recon=0.00007985 beh=6.238618 w=0.000 lr=8.125e-04 time=0.17s
[RQ-VAE] epoch=604 loss=0.00030039 recon=0.00007975 beh=6.235950 w=0.000 lr=8.122e-04 time=0.171s
[RQ-VAE] epoch=605 loss=0.00030176 recon=0.00007973 beh=6.231862 w=0.000 lr=8.119e-04 time=0.171s
[RQ-VAE] epoch=606 loss=0.00030009 recon=0.00007980 beh=6.238362 w=0.000 lr=8.115e-04 time=0.17s
[RQ-VAE] epoch=607 loss=0.00030105 recon=0.00007966 beh=6.239140 w=0.000 lr=8.112e-04 time=0.171s
[RQ-VAE] epoch=608 loss=0.00030115 recon=0.00007961 beh=6.235756 w=0.000 lr=8.108e-04 time=0.171s
[RQ-VAE] epoch=609 loss=0.00030063 recon=0.00007966 beh=6.240370 w=0.000 lr=8.105e-04 time=0.171s
[RQ-VAE] epoch=610 loss=0.00030077 recon=0.00007967 beh=6.234275 w=0.000 lr=8.102e-04 time=0.172s
[RQ-VAE] epoch=611 loss=0.00030070 recon=0.00007958 beh=6.231056 w=0.000 lr=8.098e-04 time=0.172s
[RQ-VAE] epoch=612 loss=0.00030039 recon=0.00007951 beh=6.239755 w=0.000 lr=8.095e-04 time=0.171s
[RQ-VAE] epoch=613 loss=0.00030211 recon=0.00007954 beh=6.239073 w=0.000 lr=8.092e-04 time=0.171s
[RQ-VAE] epoch=614 loss=0.00030143 recon=0.00007954 beh=6.230996 w=0.000 lr=8.088e-04 time=0.171s
[RQ-VAE] epoch=615 loss=0.00030099 recon=0.00007961 beh=6.235128 w=0.000 lr=8.085e-04 time=0.17s
[RQ-VAE] epoch=616 loss=0.00030267 recon=0.00007963 beh=6.238522 w=0.000 lr=8.081e-04 time=0.172s
[RQ-VAE] epoch=617 loss=0.00030214 recon=0.00007960 beh=6.233042 w=0.000 lr=8.078e-04 time=0.171s
[RQ-VAE] epoch=618 loss=0.00030244 recon=0.00007955 beh=6.233270 w=0.000 lr=8.075e-04 time=0.171s
[RQ-VAE] epoch=619 loss=0.00030117 recon=0.00007951 beh=6.240772 w=0.000 lr=8.071e-04 time=0.171s
[RQ-VAE] epoch=620 loss=0.00030307 recon=0.00007956 beh=6.233362 w=0.000 lr=8.068e-04 time=0.17s
[RQ-VAE] epoch=621 loss=0.00030305 recon=0.00007960 beh=6.239518 w=0.000 lr=8.064e-04 time=0.263s
[RQ-VAE] epoch=622 loss=0.00030298 recon=0.00007975 beh=6.239297 w=0.000 lr=8.061e-04 time=0.171s
[RQ-VAE] epoch=623 loss=0.00030278 recon=0.00007953 beh=6.239924 w=0.000 lr=8.058e-04 time=0.171s
[RQ-VAE] epoch=624 loss=0.00030304 recon=0.00007965 beh=6.234529 w=0.000 lr=8.054e-04 time=0.17s
[RQ-VAE] epoch=625 loss=0.00030245 recon=0.00007952 beh=6.237174 w=0.000 lr=8.051e-04 time=0.17s
[RQ-VAE] epoch=626 loss=0.00030270 recon=0.00007947 beh=6.236522 w=0.000 lr=8.047e-04 time=0.172s
[RQ-VAE] epoch=627 loss=0.00030390 recon=0.00007952 beh=6.231966 w=0.000 lr=8.044e-04 time=0.171s
[RQ-VAE] epoch=628 loss=0.00030333 recon=0.00007957 beh=6.236408 w=0.000 lr=8.041e-04 time=0.172s
[RQ-VAE] epoch=629 loss=0.00030271 recon=0.00007933 beh=6.241522 w=0.000 lr=8.037e-04 time=0.17s
[RQ-VAE] epoch=630 loss=0.00030246 recon=0.00007921 beh=6.233523 w=0.000 lr=8.034e-04 time=0.171s
[RQ-VAE] epoch=631 loss=0.00030169 recon=0.00007922 beh=6.237560 w=0.000 lr=8.031e-04 time=0.17s
[RQ-VAE] epoch=632 loss=0.00030057 recon=0.00007930 beh=6.229066 w=0.000 lr=8.027e-04 time=0.171s
[RQ-VAE] epoch=633 loss=0.00030297 recon=0.00007916 beh=6.239384 w=0.000 lr=8.024e-04 time=0.172s
[RQ-VAE] epoch=634 loss=0.00030399 recon=0.00007915 beh=6.231105 w=0.000 lr=8.020e-04 time=0.17s
[RQ-VAE] epoch=635 loss=0.00030421 recon=0.00007921 beh=6.235504 w=0.000 lr=8.017e-04 time=0.17s
[RQ-VAE] epoch=636 loss=0.00030271 recon=0.00007910 beh=6.235161 w=0.000 lr=8.014e-04 time=0.263s
[RQ-VAE] epoch=637 loss=0.00030218 recon=0.00007910 beh=6.231349 w=0.000 lr=8.010e-04 time=0.172s
[RQ-VAE] epoch=638 loss=0.00030412 recon=0.00007919 beh=6.231665 w=0.000 lr=8.007e-04 time=0.171s
[RQ-VAE] epoch=639 loss=0.00030381 recon=0.00007927 beh=6.237684 w=0.000 lr=8.003e-04 time=0.172s
[RQ-VAE] epoch=640 loss=0.00030354 recon=0.00007914 beh=6.235244 w=0.000 lr=8.000e-04 time=0.171s
[RQ-VAE] epoch=641 loss=0.00030469 recon=0.00007898 beh=6.237684 w=0.000 lr=7.997e-04 time=0.17s
[RQ-VAE] epoch=642 loss=0.00030394 recon=0.00007899 beh=6.237234 w=0.000 lr=7.993e-04 time=0.171s
[RQ-VAE] epoch=643 loss=0.00030423 recon=0.00007904 beh=6.235623 w=0.000 lr=7.990e-04 time=0.172s
[RQ-VAE] epoch=644 loss=0.00030485 recon=0.00007913 beh=6.234457 w=0.000 lr=7.986e-04 time=0.172s
[RQ-VAE] epoch=645 loss=0.00030495 recon=0.00007917 beh=6.235914 w=0.000 lr=7.983e-04 time=0.171s
[RQ-VAE] epoch=646 loss=0.00030476 recon=0.00007915 beh=6.234290 w=0.000 lr=7.980e-04 time=0.172s
[RQ-VAE] epoch=647 loss=0.00030479 recon=0.00007913 beh=6.235969 w=0.000 lr=7.976e-04 time=0.171s
[RQ-VAE] epoch=648 loss=0.00030544 recon=0.00007898 beh=6.236859 w=0.000 lr=7.973e-04 time=0.17s
[RQ-VAE] epoch=649 loss=0.00030379 recon=0.00007897 beh=6.240023 w=0.000 lr=7.969e-04 time=0.17s
[RQ-VAE] epoch=650 loss=0.00030404 recon=0.00007913 lr=7.966e-04 raw_unique=20625/24587 collision=0.161142 time=0.17s
[RQ-VAE] epoch=651 loss=0.00030489 recon=0.00007904 beh=6.234402 w=0.000 lr=7.963e-04 time=0.172s
[RQ-VAE] epoch=652 loss=0.00030592 recon=0.00007899 beh=6.229455 w=0.000 lr=7.959e-04 time=0.17s
[RQ-VAE] epoch=653 loss=0.00030518 recon=0.00007915 beh=6.237066 w=0.000 lr=7.956e-04 time=0.171s
[RQ-VAE] epoch=654 loss=0.00030327 recon=0.00007894 beh=6.243715 w=0.000 lr=7.953e-04 time=0.171s
[RQ-VAE] epoch=655 loss=0.00030428 recon=0.00007885 beh=6.242887 w=0.000 lr=7.949e-04 time=0.171s
[RQ-VAE] epoch=656 loss=0.00030497 recon=0.00007898 beh=6.234735 w=0.000 lr=7.946e-04 time=0.171s
[RQ-VAE] epoch=657 loss=0.00030581 recon=0.00007887 beh=6.241849 w=0.000 lr=7.942e-04 time=0.171s
[RQ-VAE] epoch=658 loss=0.00030454 recon=0.00007872 beh=6.228179 w=0.000 lr=7.939e-04 time=0.17s
[RQ-VAE] epoch=659 loss=0.00030551 recon=0.00007894 beh=6.235995 w=0.000 lr=7.936e-04 time=0.171s
[RQ-VAE] epoch=660 loss=0.00030447 recon=0.00007897 beh=6.238953 w=0.000 lr=7.932e-04 time=0.172s
[RQ-VAE] epoch=661 loss=0.00030622 recon=0.00007873 beh=6.240615 w=0.000 lr=7.929e-04 time=0.172s
[RQ-VAE] epoch=662 loss=0.00030424 recon=0.00007877 beh=6.229818 w=0.000 lr=7.925e-04 time=0.171s
[RQ-VAE] epoch=663 loss=0.00030576 recon=0.00007885 beh=6.233196 w=0.000 lr=7.922e-04 time=0.171s
[RQ-VAE] epoch=664 loss=0.00030464 recon=0.00007882 beh=6.240548 w=0.000 lr=7.919e-04 time=0.171s
[RQ-VAE] epoch=665 loss=0.00030480 recon=0.00007866 beh=6.237940 w=0.000 lr=7.915e-04 time=0.171s
[RQ-VAE] epoch=666 loss=0.00030394 recon=0.00007864 beh=6.237741 w=0.000 lr=7.912e-04 time=0.171s
[RQ-VAE] epoch=667 loss=0.00030485 recon=0.00007864 beh=6.234157 w=0.000 lr=7.908e-04 time=0.17s
[RQ-VAE] epoch=668 loss=0.00030521 recon=0.00007872 beh=6.238657 w=0.000 lr=7.905e-04 time=0.171s
[RQ-VAE] epoch=669 loss=0.00030462 recon=0.00007865 beh=6.235004 w=0.000 lr=7.902e-04 time=0.17s
[RQ-VAE] epoch=670 loss=0.00030576 recon=0.00007863 beh=6.239491 w=0.000 lr=7.898e-04 time=0.17s
[RQ-VAE] epoch=671 loss=0.00030282 recon=0.00007858 beh=6.236132 w=0.000 lr=7.895e-04 time=0.171s
[RQ-VAE] epoch=672 loss=0.00030441 recon=0.00007853 beh=6.240560 w=0.000 lr=7.892e-04 time=0.172s
[RQ-VAE] epoch=673 loss=0.00030338 recon=0.00007846 beh=6.233669 w=0.000 lr=7.888e-04 time=0.172s
[RQ-VAE] epoch=674 loss=0.00030550 recon=0.00007847 beh=6.232770 w=0.000 lr=7.885e-04 time=0.171s
[RQ-VAE] epoch=675 loss=0.00030381 recon=0.00007828 beh=6.238234 w=0.000 lr=7.881e-04 time=0.171s
[RQ-VAE] epoch=676 loss=0.00030343 recon=0.00007838 beh=6.233596 w=0.000 lr=7.878e-04 time=0.172s
[RQ-VAE] epoch=677 loss=0.00030359 recon=0.00007857 beh=6.237779 w=0.000 lr=7.875e-04 time=0.171s
[RQ-VAE] epoch=678 loss=0.00030367 recon=0.00007859 beh=6.240107 w=0.000 lr=7.871e-04 time=0.171s
[RQ-VAE] epoch=679 loss=0.00030499 recon=0.00007837 beh=6.233363 w=0.000 lr=7.868e-04 time=0.172s
[RQ-VAE] epoch=680 loss=0.00030362 recon=0.00007839 beh=6.233320 w=0.000 lr=7.864e-04 time=0.171s
[RQ-VAE] epoch=681 loss=0.00030623 recon=0.00007830 beh=6.234939 w=0.000 lr=7.861e-04 time=0.171s
[RQ-VAE] epoch=682 loss=0.00030488 recon=0.00007850 beh=6.235939 w=0.000 lr=7.858e-04 time=0.172s
[RQ-VAE] epoch=683 loss=0.00030422 recon=0.00007835 beh=6.235566 w=0.000 lr=7.854e-04 time=0.171s
[RQ-VAE] epoch=684 loss=0.00030482 recon=0.00007844 beh=6.243530 w=0.000 lr=7.851e-04 time=0.17s
[RQ-VAE] epoch=685 loss=0.00030474 recon=0.00007843 beh=6.231630 w=0.000 lr=7.847e-04 time=0.171s
[RQ-VAE] epoch=686 loss=0.00030463 recon=0.00007830 beh=6.230518 w=0.000 lr=7.844e-04 time=0.17s
[RQ-VAE] epoch=687 loss=0.00030473 recon=0.00007849 beh=6.236981 w=0.000 lr=7.841e-04 time=0.172s
[RQ-VAE] epoch=688 loss=0.00030437 recon=0.00007832 beh=6.238563 w=0.000 lr=7.837e-04 time=0.171s
[RQ-VAE] epoch=689 loss=0.00030462 recon=0.00007838 beh=6.235795 w=0.000 lr=7.834e-04 time=0.172s
[RQ-VAE] epoch=690 loss=0.00030489 recon=0.00007826 beh=6.239517 w=0.000 lr=7.831e-04 time=0.171s
[RQ-VAE] epoch=691 loss=0.00030449 recon=0.00007840 beh=6.238216 w=0.000 lr=7.827e-04 time=0.171s
[RQ-VAE] epoch=692 loss=0.00030452 recon=0.00007829 beh=6.244532 w=0.000 lr=7.824e-04 time=0.261s
[RQ-VAE] epoch=693 loss=0.00030547 recon=0.00007836 beh=6.238018 w=0.000 lr=7.820e-04 time=0.172s
[RQ-VAE] epoch=694 loss=0.00030576 recon=0.00007848 beh=6.234052 w=0.000 lr=7.817e-04 time=0.171s
[RQ-VAE] epoch=695 loss=0.00030601 recon=0.00007840 beh=6.244528 w=0.000 lr=7.814e-04 time=0.171s
[RQ-VAE] epoch=696 loss=0.00030464 recon=0.00007834 beh=6.238216 w=0.000 lr=7.810e-04 time=0.172s
[RQ-VAE] epoch=697 loss=0.00030569 recon=0.00007829 beh=6.236380 w=0.000 lr=7.807e-04 time=0.172s
[RQ-VAE] epoch=698 loss=0.00030451 recon=0.00007824 beh=6.230510 w=0.000 lr=7.803e-04 time=0.172s
[RQ-VAE] epoch=699 loss=0.00030553 recon=0.00007819 beh=6.240088 w=0.000 lr=7.800e-04 time=0.173s
[RQ-VAE] epoch=700 loss=0.00030413 recon=0.00007817 lr=7.797e-04 raw_unique=20613/24587 collision=0.161630 time=0.172s
[RQ-VAE] epoch=701 loss=0.00030479 recon=0.00007815 beh=6.242298 w=0.000 lr=7.793e-04 time=0.173s
[RQ-VAE] epoch=702 loss=0.00030423 recon=0.00007813 beh=6.232498 w=0.000 lr=7.790e-04 time=0.172s
[RQ-VAE] epoch=703 loss=0.00030839 recon=0.00007829 beh=6.239481 w=0.000 lr=7.786e-04 time=0.171s
[RQ-VAE] epoch=704 loss=0.00030730 recon=0.00007815 beh=6.237842 w=0.000 lr=7.783e-04 time=0.171s
[RQ-VAE] epoch=705 loss=0.00030496 recon=0.00007813 beh=6.240899 w=0.000 lr=7.780e-04 time=0.172s
[RQ-VAE] epoch=706 loss=0.00030629 recon=0.00007824 beh=6.237894 w=0.000 lr=7.776e-04 time=0.171s
[RQ-VAE] epoch=707 loss=0.00030594 recon=0.00007820 beh=6.227239 w=0.000 lr=7.773e-04 time=0.17s
[RQ-VAE] epoch=708 loss=0.00030671 recon=0.00007806 beh=6.237633 w=0.000 lr=7.769e-04 time=0.171s
[RQ-VAE] epoch=709 loss=0.00030524 recon=0.00007830 beh=6.240274 w=0.000 lr=7.766e-04 time=0.171s
[RQ-VAE] epoch=710 loss=0.00030704 recon=0.00007810 beh=6.228854 w=0.000 lr=7.763e-04 time=0.172s
[RQ-VAE] epoch=711 loss=0.00030710 recon=0.00007799 beh=6.229439 w=0.000 lr=7.759e-04 time=0.172s
[RQ-VAE] epoch=712 loss=0.00030685 recon=0.00007796 beh=6.236080 w=0.000 lr=7.756e-04 time=0.171s
[RQ-VAE] epoch=713 loss=0.00030604 recon=0.00007801 beh=6.232391 w=0.000 lr=7.753e-04 time=0.171s
[RQ-VAE] epoch=714 loss=0.00030598 recon=0.00007794 beh=6.235044 w=0.000 lr=7.749e-04 time=0.17s
[RQ-VAE] epoch=715 loss=0.00030629 recon=0.00007794 beh=6.239374 w=0.000 lr=7.746e-04 time=0.172s
[RQ-VAE] epoch=716 loss=0.00030813 recon=0.00007805 beh=6.237101 w=0.000 lr=7.742e-04 time=0.172s
[RQ-VAE] epoch=717 loss=0.00030861 recon=0.00007789 beh=6.236912 w=0.000 lr=7.739e-04 time=0.171s
[RQ-VAE] epoch=718 loss=0.00030452 recon=0.00007784 beh=6.235907 w=0.000 lr=7.736e-04 time=0.172s
[RQ-VAE] epoch=719 loss=0.00030598 recon=0.00007775 beh=6.234634 w=0.000 lr=7.732e-04 time=0.174s
[RQ-VAE] epoch=720 loss=0.00030561 recon=0.00007773 beh=6.235514 w=0.000 lr=7.729e-04 time=0.171s
[RQ-VAE] epoch=721 loss=0.00030465 recon=0.00007778 beh=6.243339 w=0.000 lr=7.725e-04 time=0.263s
[RQ-VAE] epoch=722 loss=0.00030509 recon=0.00007756 beh=6.233652 w=0.000 lr=7.722e-04 time=0.171s
[RQ-VAE] epoch=723 loss=0.00030621 recon=0.00007781 beh=6.231491 w=0.000 lr=7.719e-04 time=0.171s
[RQ-VAE] epoch=724 loss=0.00030460 recon=0.00007750 beh=6.237031 w=0.000 lr=7.715e-04 time=0.169s
[RQ-VAE] epoch=725 loss=0.00030625 recon=0.00007762 beh=6.239134 w=0.000 lr=7.712e-04 time=0.171s
[RQ-VAE] epoch=726 loss=0.00030790 recon=0.00007771 beh=6.239232 w=0.000 lr=7.708e-04 time=0.172s
[RQ-VAE] epoch=727 loss=0.00030612 recon=0.00007773 beh=6.234721 w=0.000 lr=7.705e-04 time=0.172s
[RQ-VAE] epoch=728 loss=0.00030610 recon=0.00007755 beh=6.234776 w=0.000 lr=7.702e-04 time=0.172s
[RQ-VAE] epoch=729 loss=0.00030727 recon=0.00007776 beh=6.231662 w=0.000 lr=7.698e-04 time=0.172s
[RQ-VAE] epoch=730 loss=0.00030759 recon=0.00007756 beh=6.235760 w=0.000 lr=7.695e-04 time=0.172s
[RQ-VAE] epoch=731 loss=0.00030569 recon=0.00007751 beh=6.240721 w=0.000 lr=7.692e-04 time=0.171s
[RQ-VAE] epoch=732 loss=0.00030479 recon=0.00007745 beh=6.235543 w=0.000 lr=7.688e-04 time=0.171s
[RQ-VAE] epoch=733 loss=0.00030618 recon=0.00007747 beh=6.236389 w=0.000 lr=7.685e-04 time=0.171s
[RQ-VAE] epoch=734 loss=0.00030813 recon=0.00007753 beh=6.235391 w=0.000 lr=7.681e-04 time=0.172s
[RQ-VAE] epoch=735 loss=0.00030746 recon=0.00007773 beh=6.235564 w=0.000 lr=7.678e-04 time=0.173s
[RQ-VAE] epoch=736 loss=0.00030714 recon=0.00007758 beh=6.234584 w=0.000 lr=7.675e-04 time=0.171s
[RQ-VAE] epoch=737 loss=0.00030786 recon=0.00007746 beh=6.232761 w=0.000 lr=7.671e-04 time=0.171s
[RQ-VAE] epoch=738 loss=0.00030442 recon=0.00007736 beh=6.234972 w=0.000 lr=7.668e-04 time=0.172s
[RQ-VAE] epoch=739 loss=0.00030857 recon=0.00007751 beh=6.228236 w=0.000 lr=7.664e-04 time=0.171s
[RQ-VAE] epoch=740 loss=0.00030849 recon=0.00007744 beh=6.230296 w=0.000 lr=7.661e-04 time=0.172s
[RQ-VAE] epoch=741 loss=0.00030790 recon=0.00007751 beh=6.236526 w=0.000 lr=7.658e-04 time=0.264s
[RQ-VAE] epoch=742 loss=0.00030656 recon=0.00007715 beh=6.240757 w=0.000 lr=7.654e-04 time=0.172s
[RQ-VAE] epoch=743 loss=0.00030581 recon=0.00007739 beh=6.236559 w=0.000 lr=7.651e-04 time=0.172s
[RQ-VAE] epoch=744 loss=0.00030626 recon=0.00007738 beh=6.231453 w=0.000 lr=7.647e-04 time=0.172s
[RQ-VAE] epoch=745 loss=0.00030669 recon=0.00007730 beh=6.232185 w=0.000 lr=7.644e-04 time=0.172s
[RQ-VAE] epoch=746 loss=0.00030580 recon=0.00007724 beh=6.231338 w=0.000 lr=7.641e-04 time=0.172s
[RQ-VAE] epoch=747 loss=0.00030523 recon=0.00007729 beh=6.237829 w=0.000 lr=7.637e-04 time=0.17s
[RQ-VAE] epoch=748 loss=0.00030758 recon=0.00007737 beh=6.232716 w=0.000 lr=7.634e-04 time=0.172s
[RQ-VAE] epoch=749 loss=0.00030867 recon=0.00007723 beh=6.233739 w=0.000 lr=7.631e-04 time=0.171s
[RQ-VAE] epoch=750 loss=0.00030689 recon=0.00007729 lr=7.627e-04 raw_unique=20534/24587 collision=0.164843 time=0.171s
[RQ-VAE] epoch=751 loss=0.00030710 recon=0.00007716 beh=6.235703 w=0.000 lr=7.624e-04 time=0.173s
[RQ-VAE] epoch=752 loss=0.00030657 recon=0.00007741 beh=6.230886 w=0.000 lr=7.620e-04 time=0.171s
[RQ-VAE] epoch=753 loss=0.00030882 recon=0.00007735 beh=6.232924 w=0.000 lr=7.617e-04 time=0.172s
[RQ-VAE] epoch=754 loss=0.00030840 recon=0.00007720 beh=6.237099 w=0.000 lr=7.614e-04 time=0.172s
[RQ-VAE] epoch=755 loss=0.00030630 recon=0.00007728 beh=6.233560 w=0.000 lr=7.610e-04 time=0.173s
[RQ-VAE] epoch=756 loss=0.00030742 recon=0.00007723 beh=6.229290 w=0.000 lr=7.607e-04 time=0.262s
[RQ-VAE] epoch=757 loss=0.00030664 recon=0.00007716 beh=6.237315 w=0.000 lr=7.603e-04 time=0.172s
[RQ-VAE] epoch=758 loss=0.00030750 recon=0.00007718 beh=6.232092 w=0.000 lr=7.600e-04 time=0.171s
[RQ-VAE] epoch=759 loss=0.00030595 recon=0.00007711 beh=6.234699 w=0.000 lr=7.597e-04 time=0.171s
[RQ-VAE] epoch=760 loss=0.00030767 recon=0.00007708 beh=6.243187 w=0.000 lr=7.593e-04 time=0.172s
[RQ-VAE] epoch=761 loss=0.00030685 recon=0.00007707 beh=6.240779 w=0.000 lr=7.590e-04 time=0.171s
[RQ-VAE] epoch=762 loss=0.00030674 recon=0.00007708 beh=6.230245 w=0.000 lr=7.586e-04 time=0.172s
[RQ-VAE] epoch=763 loss=0.00030658 recon=0.00007712 beh=6.238797 w=0.000 lr=7.583e-04 time=0.172s
[RQ-VAE] epoch=764 loss=0.00030844 recon=0.00007715 beh=6.230531 w=0.000 lr=7.580e-04 time=0.172s
[RQ-VAE] epoch=765 loss=0.00030762 recon=0.00007706 beh=6.231710 w=0.000 lr=7.576e-04 time=0.171s
[RQ-VAE] epoch=766 loss=0.00030735 recon=0.00007698 beh=6.235199 w=0.000 lr=7.573e-04 time=0.172s
[RQ-VAE] epoch=767 loss=0.00030632 recon=0.00007701 beh=6.230800 w=0.000 lr=7.569e-04 time=0.172s
[RQ-VAE] epoch=768 loss=0.00030609 recon=0.00007704 beh=6.238645 w=0.000 lr=7.566e-04 time=0.171s
[RQ-VAE] epoch=769 loss=0.00030704 recon=0.00007696 beh=6.241658 w=0.000 lr=7.563e-04 time=0.17s
[RQ-VAE] epoch=770 loss=0.00030852 recon=0.00007709 beh=6.237334 w=0.000 lr=7.559e-04 time=0.171s
[RQ-VAE] epoch=771 loss=0.00030988 recon=0.00007695 beh=6.237790 w=0.000 lr=7.556e-04 time=0.17s
[RQ-VAE] epoch=772 loss=0.00030839 recon=0.00007698 beh=6.231953 w=0.000 lr=7.553e-04 time=0.171s
[RQ-VAE] epoch=773 loss=0.00030919 recon=0.00007688 beh=6.226715 w=0.000 lr=7.549e-04 time=0.172s
[RQ-VAE] epoch=774 loss=0.00030960 recon=0.00007699 beh=6.229054 w=0.000 lr=7.546e-04 time=0.172s
[RQ-VAE] epoch=775 loss=0.00030901 recon=0.00007687 beh=6.239260 w=0.000 lr=7.542e-04 time=0.172s
[RQ-VAE] epoch=776 loss=0.00031142 recon=0.00007703 beh=6.240165 w=0.000 lr=7.539e-04 time=0.173s
[RQ-VAE] epoch=777 loss=0.00030952 recon=0.00007697 beh=6.243552 w=0.000 lr=7.536e-04 time=0.171s
[RQ-VAE] epoch=778 loss=0.00031073 recon=0.00007694 beh=6.237579 w=0.000 lr=7.532e-04 time=0.172s
[RQ-VAE] epoch=779 loss=0.00031011 recon=0.00007683 beh=6.242298 w=0.000 lr=7.529e-04 time=0.171s
[RQ-VAE] epoch=780 loss=0.00030970 recon=0.00007703 beh=6.235606 w=0.000 lr=7.525e-04 time=0.172s
[RQ-VAE] epoch=781 loss=0.00030952 recon=0.00007681 beh=6.238780 w=0.000 lr=7.522e-04 time=0.172s
[RQ-VAE] epoch=782 loss=0.00030826 recon=0.00007683 beh=6.229472 w=0.000 lr=7.519e-04 time=0.172s
[RQ-VAE] epoch=783 loss=0.00030915 recon=0.00007676 beh=6.236277 w=0.000 lr=7.515e-04 time=0.171s
[RQ-VAE] epoch=784 loss=0.00031055 recon=0.00007684 beh=6.233741 w=0.000 lr=7.512e-04 time=0.172s
[RQ-VAE] epoch=785 loss=0.00030849 recon=0.00007684 beh=6.234262 w=0.000 lr=7.508e-04 time=0.171s
[RQ-VAE] epoch=786 loss=0.00030909 recon=0.00007693 beh=6.239135 w=0.000 lr=7.505e-04 time=0.171s
[RQ-VAE] epoch=787 loss=0.00031008 recon=0.00007694 beh=6.235114 w=0.000 lr=7.502e-04 time=0.173s
[RQ-VAE] epoch=788 loss=0.00030931 recon=0.00007669 beh=6.241859 w=0.000 lr=7.498e-04 time=0.171s
[RQ-VAE] epoch=789 loss=0.00030947 recon=0.00007671 beh=6.235306 w=0.000 lr=7.495e-04 time=0.171s
[RQ-VAE] epoch=790 loss=0.00031064 recon=0.00007692 beh=6.233879 w=0.000 lr=7.492e-04 time=0.172s
[RQ-VAE] epoch=791 loss=0.00031076 recon=0.00007684 beh=6.236468 w=0.000 lr=7.488e-04 time=0.171s
[RQ-VAE] epoch=792 loss=0.00031035 recon=0.00007669 beh=6.233117 w=0.000 lr=7.485e-04 time=0.171s
[RQ-VAE] epoch=793 loss=0.00031151 recon=0.00007674 beh=6.235816 w=0.000 lr=7.481e-04 time=0.171s
[RQ-VAE] epoch=794 loss=0.00031046 recon=0.00007671 beh=6.234297 w=0.000 lr=7.478e-04 time=0.172s
[RQ-VAE] epoch=795 loss=0.00030933 recon=0.00007677 beh=6.234258 w=0.000 lr=7.475e-04 time=0.171s
[RQ-VAE] epoch=796 loss=0.00030831 recon=0.00007672 beh=6.235988 w=0.000 lr=7.471e-04 time=0.172s
[RQ-VAE] epoch=797 loss=0.00030932 recon=0.00007665 beh=6.237968 w=0.000 lr=7.468e-04 time=0.171s
[RQ-VAE] epoch=798 loss=0.00031004 recon=0.00007660 beh=6.236732 w=0.000 lr=7.464e-04 time=0.172s
[RQ-VAE] epoch=799 loss=0.00030872 recon=0.00007668 beh=6.242274 w=0.000 lr=7.461e-04 time=0.172s
[RQ-VAE] epoch=800 loss=0.00031112 recon=0.00007672 lr=7.458e-04 raw_unique=20552/24587 collision=0.164111 time=0.171s
[RQ-VAE] epoch=801 loss=0.00031031 recon=0.00007677 beh=6.237750 w=0.000 lr=7.454e-04 time=0.172s
[RQ-VAE] epoch=802 loss=0.00030980 recon=0.00007679 beh=6.235264 w=0.000 lr=7.451e-04 time=0.172s
[RQ-VAE] epoch=803 loss=0.00030884 recon=0.00007655 beh=6.242234 w=0.000 lr=7.447e-04 time=0.172s
[RQ-VAE] epoch=804 loss=0.00030979 recon=0.00007671 beh=6.243589 w=0.000 lr=7.444e-04 time=0.172s
[RQ-VAE] epoch=805 loss=0.00030853 recon=0.00007650 beh=6.235236 w=0.000 lr=7.441e-04 time=0.171s
[RQ-VAE] epoch=806 loss=0.00030840 recon=0.00007669 beh=6.242121 w=0.000 lr=7.437e-04 time=0.172s
[RQ-VAE] epoch=807 loss=0.00030940 recon=0.00007663 beh=6.237473 w=0.000 lr=7.434e-04 time=0.172s
[RQ-VAE] epoch=808 loss=0.00031001 recon=0.00007663 beh=6.236660 w=0.000 lr=7.431e-04 time=0.172s
[RQ-VAE] epoch=809 loss=0.00030748 recon=0.00007652 beh=6.241992 w=0.000 lr=7.427e-04 time=0.171s
[RQ-VAE] epoch=810 loss=0.00030783 recon=0.00007658 beh=6.237363 w=0.000 lr=7.424e-04 time=0.171s
[RQ-VAE] epoch=811 loss=0.00030953 recon=0.00007652 beh=6.240718 w=0.000 lr=7.420e-04 time=0.172s
[RQ-VAE] epoch=812 loss=0.00030771 recon=0.00007641 beh=6.237300 w=0.000 lr=7.417e-04 time=0.17s
[RQ-VAE] epoch=813 loss=0.00030706 recon=0.00007639 beh=6.235130 w=0.000 lr=7.414e-04 time=0.261s
[RQ-VAE] epoch=814 loss=0.00030807 recon=0.00007637 beh=6.234887 w=0.000 lr=7.410e-04 time=0.172s
[RQ-VAE] epoch=815 loss=0.00030826 recon=0.00007642 beh=6.239832 w=0.000 lr=7.407e-04 time=0.171s
[RQ-VAE] epoch=816 loss=0.00030774 recon=0.00007645 beh=6.235042 w=0.000 lr=7.403e-04 time=0.173s
[RQ-VAE] epoch=817 loss=0.00030984 recon=0.00007637 beh=6.234282 w=0.000 lr=7.400e-04 time=0.172s
[RQ-VAE] epoch=818 loss=0.00031163 recon=0.00007634 beh=6.240362 w=0.000 lr=7.397e-04 time=0.171s
[RQ-VAE] epoch=819 loss=0.00031010 recon=0.00007646 beh=6.243165 w=0.000 lr=7.393e-04 time=0.172s
[RQ-VAE] epoch=820 loss=0.00030891 recon=0.00007620 beh=6.237630 w=0.000 lr=7.390e-04 time=0.171s
[RQ-VAE] epoch=821 loss=0.00031080 recon=0.00007635 beh=6.243613 w=0.000 lr=7.386e-04 time=0.172s
[RQ-VAE] epoch=822 loss=0.00031209 recon=0.00007631 beh=6.234930 w=0.000 lr=7.383e-04 time=0.172s
[RQ-VAE] epoch=823 loss=0.00030991 recon=0.00007635 beh=6.234724 w=0.000 lr=7.380e-04 time=0.171s
[RQ-VAE] epoch=824 loss=0.00030824 recon=0.00007629 beh=6.236558 w=0.000 lr=7.376e-04 time=0.172s
[RQ-VAE] epoch=825 loss=0.00031051 recon=0.00007633 beh=6.235840 w=0.000 lr=7.373e-04 time=0.172s
[RQ-VAE] epoch=826 loss=0.00031076 recon=0.00007646 beh=6.245268 w=0.000 lr=7.369e-04 time=0.171s
[RQ-VAE] epoch=827 loss=0.00031151 recon=0.00007619 beh=6.234795 w=0.000 lr=7.366e-04 time=0.173s
[RQ-VAE] epoch=828 loss=0.00031052 recon=0.00007633 beh=6.235635 w=0.000 lr=7.363e-04 time=0.172s
[RQ-VAE] epoch=829 loss=0.00031075 recon=0.00007640 beh=6.232635 w=0.000 lr=7.359e-04 time=0.172s
[RQ-VAE] epoch=830 loss=0.00031051 recon=0.00007641 beh=6.234258 w=0.000 lr=7.356e-04 time=0.172s
[RQ-VAE] epoch=831 loss=0.00030986 recon=0.00007626 beh=6.242577 w=0.000 lr=7.353e-04 time=0.171s
[RQ-VAE] epoch=832 loss=0.00031148 recon=0.00007623 beh=6.240482 w=0.000 lr=7.349e-04 time=0.171s
[RQ-VAE] epoch=833 loss=0.00031206 recon=0.00007643 beh=6.237530 w=0.000 lr=7.346e-04 time=0.172s
[RQ-VAE] epoch=834 loss=0.00031167 recon=0.00007621 beh=6.234291 w=0.000 lr=7.342e-04 time=0.171s
[RQ-VAE] epoch=835 loss=0.00031247 recon=0.00007619 beh=6.238925 w=0.000 lr=7.339e-04 time=0.171s
[RQ-VAE] epoch=836 loss=0.00031002 recon=0.00007622 beh=6.235523 w=0.000 lr=7.336e-04 time=0.172s
[RQ-VAE] epoch=837 loss=0.00031054 recon=0.00007619 beh=6.237927 w=0.000 lr=7.332e-04 time=0.172s
[RQ-VAE] epoch=838 loss=0.00031221 recon=0.00007615 beh=6.234407 w=0.000 lr=7.329e-04 time=0.173s
[RQ-VAE] epoch=839 loss=0.00031223 recon=0.00007629 beh=6.237941 w=0.000 lr=7.325e-04 time=0.172s
[RQ-VAE] epoch=840 loss=0.00031352 recon=0.00007629 beh=6.237011 w=0.000 lr=7.322e-04 time=0.172s
[RQ-VAE] epoch=841 loss=0.00031129 recon=0.00007617 beh=6.237941 w=0.000 lr=7.319e-04 time=0.171s
[RQ-VAE] epoch=842 loss=0.00030949 recon=0.00007604 beh=6.238375 w=0.000 lr=7.315e-04 time=0.261s
[RQ-VAE] epoch=843 loss=0.00030999 recon=0.00007616 beh=6.239500 w=0.000 lr=7.312e-04 time=0.173s
[RQ-VAE] epoch=844 loss=0.00031073 recon=0.00007617 beh=6.233446 w=0.000 lr=7.308e-04 time=0.171s
[RQ-VAE] epoch=845 loss=0.00031131 recon=0.00007612 beh=6.234711 w=0.000 lr=7.305e-04 time=0.171s
[RQ-VAE] epoch=846 loss=0.00031160 recon=0.00007597 beh=6.238324 w=0.000 lr=7.302e-04 time=0.17s
[RQ-VAE] epoch=847 loss=0.00030996 recon=0.00007592 beh=6.236042 w=0.000 lr=7.298e-04 time=0.171s
[RQ-VAE] epoch=848 loss=0.00030991 recon=0.00007609 beh=6.236112 w=0.000 lr=7.295e-04 time=0.172s
[RQ-VAE] epoch=849 loss=0.00031294 recon=0.00007624 beh=6.237074 w=0.000 lr=7.292e-04 time=0.172s
[RQ-VAE] epoch=850 loss=0.00031303 recon=0.00007588 lr=7.288e-04 raw_unique=20520/24587 collision=0.165413 time=0.172s
[RQ-VAE] epoch=851 loss=0.00031176 recon=0.00007611 beh=6.234726 w=0.000 lr=7.285e-04 time=0.172s
[RQ-VAE] epoch=852 loss=0.00031211 recon=0.00007605 beh=6.236093 w=0.000 lr=7.281e-04 time=0.171s
[RQ-VAE] epoch=853 loss=0.00031178 recon=0.00007600 beh=6.244378 w=0.000 lr=7.278e-04 time=0.172s
[RQ-VAE] epoch=854 loss=0.00031177 recon=0.00007589 beh=6.235694 w=0.000 lr=7.275e-04 time=0.172s
[RQ-VAE] epoch=855 loss=0.00031103 recon=0.00007595 beh=6.239324 w=0.000 lr=7.271e-04 time=0.172s
[RQ-VAE] epoch=856 loss=0.00031335 recon=0.00007595 beh=6.235062 w=0.000 lr=7.268e-04 time=0.171s
[RQ-VAE] epoch=857 loss=0.00031142 recon=0.00007599 beh=6.237807 w=0.000 lr=7.264e-04 time=0.172s
[RQ-VAE] epoch=858 loss=0.00031085 recon=0.00007596 beh=6.237043 w=0.000 lr=7.261e-04 time=0.172s
[RQ-VAE] epoch=859 loss=0.00031011 recon=0.00007577 beh=6.233020 w=0.000 lr=7.258e-04 time=0.171s
[RQ-VAE] epoch=860 loss=0.00031120 recon=0.00007572 beh=6.231603 w=0.000 lr=7.254e-04 time=0.171s
[RQ-VAE] epoch=861 loss=0.00031141 recon=0.00007571 beh=6.235533 w=0.000 lr=7.251e-04 time=0.263s
[RQ-VAE] epoch=862 loss=0.00030943 recon=0.00007595 beh=6.228825 w=0.000 lr=7.247e-04 time=0.171s
[RQ-VAE] epoch=863 loss=0.00031110 recon=0.00007571 beh=6.235473 w=0.000 lr=7.244e-04 time=0.171s
[RQ-VAE] epoch=864 loss=0.00031198 recon=0.00007581 beh=6.232937 w=0.000 lr=7.241e-04 time=0.172s
[RQ-VAE] epoch=865 loss=0.00031209 recon=0.00007581 beh=6.233092 w=0.000 lr=7.237e-04 time=0.172s
[RQ-VAE] epoch=866 loss=0.00031321 recon=0.00007579 beh=6.229208 w=0.000 lr=7.234e-04 time=0.172s
[RQ-VAE] epoch=867 loss=0.00031080 recon=0.00007572 beh=6.237434 w=0.000 lr=7.231e-04 time=0.172s
[RQ-VAE] epoch=868 loss=0.00031155 recon=0.00007567 beh=6.239462 w=0.000 lr=7.227e-04 time=0.173s
[RQ-VAE] epoch=869 loss=0.00031150 recon=0.00007573 beh=6.226789 w=0.000 lr=7.224e-04 time=0.172s
[RQ-VAE] epoch=870 loss=0.00031234 recon=0.00007594 beh=6.234181 w=0.000 lr=7.220e-04 time=0.174s
[RQ-VAE] epoch=871 loss=0.00031054 recon=0.00007571 beh=6.235096 w=0.000 lr=7.217e-04 time=0.177s
[RQ-VAE] epoch=872 loss=0.00031199 recon=0.00007569 beh=6.233767 w=0.000 lr=7.214e-04 time=0.175s
[RQ-VAE] epoch=873 loss=0.00031191 recon=0.00007579 beh=6.239470 w=0.000 lr=7.210e-04 time=0.176s
[RQ-VAE] epoch=874 loss=0.00031207 recon=0.00007586 beh=6.229222 w=0.000 lr=7.207e-04 time=0.175s
[RQ-VAE] epoch=875 loss=0.00031219 recon=0.00007567 beh=6.236063 w=0.000 lr=7.203e-04 time=0.175s
[RQ-VAE] epoch=876 loss=0.00031235 recon=0.00007578 beh=6.237027 w=0.000 lr=7.200e-04 time=0.268s
[RQ-VAE] epoch=877 loss=0.00031212 recon=0.00007560 beh=6.238111 w=0.000 lr=7.197e-04 time=0.173s
[RQ-VAE] epoch=878 loss=0.00031347 recon=0.00007573 beh=6.237333 w=0.000 lr=7.193e-04 time=0.174s
[RQ-VAE] epoch=879 loss=0.00031258 recon=0.00007560 beh=6.236910 w=0.000 lr=7.190e-04 time=0.175s
[RQ-VAE] epoch=880 loss=0.00031225 recon=0.00007579 beh=6.235161 w=0.000 lr=7.186e-04 time=0.175s
[RQ-VAE] epoch=881 loss=0.00031185 recon=0.00007557 beh=6.238102 w=0.000 lr=7.183e-04 time=0.173s
[RQ-VAE] epoch=882 loss=0.00031294 recon=0.00007581 beh=6.236476 w=0.000 lr=7.180e-04 time=0.173s
[RQ-VAE] epoch=883 loss=0.00031357 recon=0.00007572 beh=6.235505 w=0.000 lr=7.176e-04 time=0.172s
[RQ-VAE] epoch=884 loss=0.00031333 recon=0.00007564 beh=6.235369 w=0.000 lr=7.173e-04 time=0.174s
[RQ-VAE] epoch=885 loss=0.00031301 recon=0.00007562 beh=6.240775 w=0.000 lr=7.169e-04 time=0.172s
[RQ-VAE] epoch=886 loss=0.00031244 recon=0.00007566 beh=6.230172 w=0.000 lr=7.166e-04 time=0.173s
[RQ-VAE] epoch=887 loss=0.00031330 recon=0.00007551 beh=6.238046 w=0.000 lr=7.163e-04 time=0.174s
[RQ-VAE] epoch=888 loss=0.00031306 recon=0.00007557 beh=6.235240 w=0.000 lr=7.159e-04 time=0.173s
[RQ-VAE] epoch=889 loss=0.00031116 recon=0.00007543 beh=6.236830 w=0.000 lr=7.156e-04 time=0.173s
[RQ-VAE] epoch=890 loss=0.00031217 recon=0.00007551 beh=6.226843 w=0.000 lr=7.153e-04 time=0.173s
[RQ-VAE] epoch=891 loss=0.00031136 recon=0.00007542 beh=6.236462 w=0.000 lr=7.149e-04 time=0.174s
[RQ-VAE] epoch=892 loss=0.00031164 recon=0.00007552 beh=6.237142 w=0.000 lr=7.146e-04 time=0.173s
[RQ-VAE] epoch=893 loss=0.00031449 recon=0.00007546 beh=6.238717 w=0.000 lr=7.142e-04 time=0.175s
[RQ-VAE] epoch=894 loss=0.00031304 recon=0.00007556 beh=6.239630 w=0.000 lr=7.139e-04 time=0.173s
[RQ-VAE] epoch=895 loss=0.00031258 recon=0.00007544 beh=6.237222 w=0.000 lr=7.136e-04 time=0.174s
[RQ-VAE] epoch=896 loss=0.00031295 recon=0.00007544 beh=6.238913 w=0.000 lr=7.132e-04 time=0.174s
[RQ-VAE] epoch=897 loss=0.00031272 recon=0.00007534 beh=6.238260 w=0.000 lr=7.129e-04 time=0.173s
[RQ-VAE] epoch=898 loss=0.00031098 recon=0.00007537 beh=6.241673 w=0.000 lr=7.125e-04 time=0.173s
[RQ-VAE] epoch=899 loss=0.00031187 recon=0.00007547 beh=6.235324 w=0.000 lr=7.122e-04 time=0.174s
[RQ-VAE] epoch=900 loss=0.00031187 recon=0.00007537 lr=7.119e-04 raw_unique=20584/24587 collision=0.162810 time=0.174s
[RQ-VAE] epoch=901 loss=0.00031307 recon=0.00007558 beh=6.233666 w=0.000 lr=7.115e-04 time=0.175s
[RQ-VAE] epoch=902 loss=0.00031195 recon=0.00007544 beh=6.238179 w=0.000 lr=7.112e-04 time=0.174s
[RQ-VAE] epoch=903 loss=0.00031195 recon=0.00007539 beh=6.233282 w=0.000 lr=7.108e-04 time=0.173s
[RQ-VAE] epoch=904 loss=0.00031036 recon=0.00007540 beh=6.239814 w=0.000 lr=7.105e-04 time=0.174s
[RQ-VAE] epoch=905 loss=0.00031270 recon=0.00007536 beh=6.238425 w=0.000 lr=7.102e-04 time=0.173s
[RQ-VAE] epoch=906 loss=0.00031302 recon=0.00007545 beh=6.235481 w=0.000 lr=7.098e-04 time=0.174s
[RQ-VAE] epoch=907 loss=0.00031254 recon=0.00007547 beh=6.232117 w=0.000 lr=7.095e-04 time=0.174s
[RQ-VAE] epoch=908 loss=0.00031108 recon=0.00007538 beh=6.229510 w=0.000 lr=7.092e-04 time=0.174s
[RQ-VAE] epoch=909 loss=0.00031153 recon=0.00007546 beh=6.241480 w=0.000 lr=7.088e-04 time=0.174s
[RQ-VAE] epoch=910 loss=0.00031260 recon=0.00007545 beh=6.243122 w=0.000 lr=7.085e-04 time=0.173s
[RQ-VAE] epoch=911 loss=0.00031402 recon=0.00007544 beh=6.234073 w=0.000 lr=7.081e-04 time=0.174s
[RQ-VAE] epoch=912 loss=0.00031194 recon=0.00007544 beh=6.237253 w=0.000 lr=7.078e-04 time=0.174s
[RQ-VAE] epoch=913 loss=0.00031380 recon=0.00007544 beh=6.231000 w=0.000 lr=7.075e-04 time=0.173s
[RQ-VAE] epoch=914 loss=0.00031280 recon=0.00007530 beh=6.231840 w=0.000 lr=7.071e-04 time=0.175s
[RQ-VAE] epoch=915 loss=0.00031196 recon=0.00007535 beh=6.239010 w=0.000 lr=7.068e-04 time=0.174s
[RQ-VAE] epoch=916 loss=0.00031127 recon=0.00007526 beh=6.233423 w=0.000 lr=7.064e-04 time=0.174s
[RQ-VAE] epoch=917 loss=0.00031311 recon=0.00007519 beh=6.241451 w=0.000 lr=7.061e-04 time=0.174s
[RQ-VAE] epoch=918 loss=0.00031290 recon=0.00007529 beh=6.231819 w=0.000 lr=7.058e-04 time=0.174s
[RQ-VAE] epoch=919 loss=0.00031367 recon=0.00007538 beh=6.234477 w=0.000 lr=7.054e-04 time=0.174s
[RQ-VAE] epoch=920 loss=0.00031401 recon=0.00007539 beh=6.239098 w=0.000 lr=7.051e-04 time=0.173s
[RQ-VAE] epoch=921 loss=0.00031500 recon=0.00007518 beh=6.236333 w=0.000 lr=7.047e-04 time=0.172s
[RQ-VAE] epoch=922 loss=0.00031564 recon=0.00007543 beh=6.240170 w=0.000 lr=7.044e-04 time=0.172s
[RQ-VAE] epoch=923 loss=0.00031470 recon=0.00007539 beh=6.234204 w=0.000 lr=7.041e-04 time=0.172s
[RQ-VAE] epoch=924 loss=0.00031324 recon=0.00007532 beh=6.239106 w=0.000 lr=7.037e-04 time=0.173s
[RQ-VAE] epoch=925 loss=0.00031529 recon=0.00007524 beh=6.236603 w=0.000 lr=7.034e-04 time=0.172s
[RQ-VAE] epoch=926 loss=0.00031530 recon=0.00007527 beh=6.242622 w=0.000 lr=7.031e-04 time=0.172s
[RQ-VAE] epoch=927 loss=0.00031457 recon=0.00007520 beh=6.234647 w=0.000 lr=7.027e-04 time=0.173s
[RQ-VAE] epoch=928 loss=0.00031420 recon=0.00007551 beh=6.238722 w=0.000 lr=7.024e-04 time=0.172s
[RQ-VAE] epoch=929 loss=0.00031524 recon=0.00007517 beh=6.240607 w=0.000 lr=7.020e-04 time=0.173s
[RQ-VAE] epoch=930 loss=0.00031482 recon=0.00007519 beh=6.243895 w=0.000 lr=7.017e-04 time=0.172s
[RQ-VAE] epoch=931 loss=0.00031319 recon=0.00007510 beh=6.236547 w=0.000 lr=7.014e-04 time=0.172s
[RQ-VAE] epoch=932 loss=0.00031454 recon=0.00007515 beh=6.242578 w=0.000 lr=7.010e-04 time=0.172s
[RQ-VAE] epoch=933 loss=0.00031491 recon=0.00007510 beh=6.241507 w=0.000 lr=7.007e-04 time=0.265s
[RQ-VAE] epoch=934 loss=0.00031319 recon=0.00007518 beh=6.233981 w=0.000 lr=7.003e-04 time=0.173s
[RQ-VAE] epoch=935 loss=0.00031480 recon=0.00007520 beh=6.231070 w=0.000 lr=7.000e-04 time=0.173s
[RQ-VAE] epoch=936 loss=0.00031320 recon=0.00007516 beh=6.234980 w=0.000 lr=6.997e-04 time=0.172s
[RQ-VAE] epoch=937 loss=0.00031254 recon=0.00007517 beh=6.235032 w=0.000 lr=6.993e-04 time=0.173s
[RQ-VAE] epoch=938 loss=0.00031366 recon=0.00007508 beh=6.237791 w=0.000 lr=6.990e-04 time=0.173s
[RQ-VAE] epoch=939 loss=0.00031363 recon=0.00007506 beh=6.240062 w=0.000 lr=6.986e-04 time=0.172s
[RQ-VAE] epoch=940 loss=0.00031450 recon=0.00007521 beh=6.238977 w=0.000 lr=6.983e-04 time=0.173s
[RQ-VAE] epoch=941 loss=0.00031295 recon=0.00007518 beh=6.238665 w=0.000 lr=6.980e-04 time=0.173s
[RQ-VAE] epoch=942 loss=0.00031403 recon=0.00007535 beh=6.234704 w=0.000 lr=6.976e-04 time=0.172s
[RQ-VAE] epoch=943 loss=0.00031507 recon=0.00007521 beh=6.239981 w=0.000 lr=6.973e-04 time=0.172s
[RQ-VAE] epoch=944 loss=0.00031626 recon=0.00007520 beh=6.241719 w=0.000 lr=6.969e-04 time=0.173s
[RQ-VAE] epoch=945 loss=0.00031719 recon=0.00007511 beh=6.242894 w=0.000 lr=6.966e-04 time=0.172s
[RQ-VAE] epoch=946 loss=0.00031468 recon=0.00007515 beh=6.234211 w=0.000 lr=6.963e-04 time=0.173s
[RQ-VAE] epoch=947 loss=0.00031587 recon=0.00007526 beh=6.234422 w=0.000 lr=6.959e-04 time=0.173s
[RQ-VAE] epoch=948 loss=0.00031948 recon=0.00007522 beh=6.234108 w=0.000 lr=6.956e-04 time=0.172s
[RQ-VAE] epoch=949 loss=0.00031687 recon=0.00007511 beh=6.234834 w=0.000 lr=6.953e-04 time=0.172s
[RQ-VAE] epoch=950 loss=0.00031551 recon=0.00007510 lr=6.949e-04 raw_unique=20525/24587 collision=0.165209 time=0.173s
[RQ-VAE] epoch=951 loss=0.00031482 recon=0.00007524 beh=6.240693 w=0.000 lr=6.946e-04 time=0.172s
[RQ-VAE] epoch=952 loss=0.00031483 recon=0.00007529 beh=6.239175 w=0.000 lr=6.942e-04 time=0.173s
[RQ-VAE] epoch=953 loss=0.00031494 recon=0.00007522 beh=6.239993 w=0.000 lr=6.939e-04 time=0.172s
[RQ-VAE] epoch=954 loss=0.00031517 recon=0.00007520 beh=6.233693 w=0.000 lr=6.936e-04 time=0.173s
[RQ-VAE] epoch=955 loss=0.00031356 recon=0.00007505 beh=6.237941 w=0.000 lr=6.932e-04 time=0.172s
[RQ-VAE] epoch=956 loss=0.00031451 recon=0.00007494 beh=6.231526 w=0.000 lr=6.929e-04 time=0.173s
[RQ-VAE] epoch=957 loss=0.00031436 recon=0.00007535 beh=6.236536 w=0.000 lr=6.925e-04 time=0.173s
[RQ-VAE] epoch=958 loss=0.00031516 recon=0.00007519 beh=6.235959 w=0.000 lr=6.922e-04 time=0.173s
[RQ-VAE] epoch=959 loss=0.00031600 recon=0.00007510 beh=6.240166 w=0.000 lr=6.919e-04 time=0.172s
[RQ-VAE] epoch=960 loss=0.00031606 recon=0.00007497 beh=6.236752 w=0.000 lr=6.915e-04 time=0.172s
[RQ-VAE] epoch=961 loss=0.00031483 recon=0.00007498 beh=6.234807 w=0.000 lr=6.912e-04 time=0.172s
[RQ-VAE] epoch=962 loss=0.00031470 recon=0.00007484 beh=6.236928 w=0.000 lr=6.908e-04 time=0.265s
[RQ-VAE] epoch=963 loss=0.00031386 recon=0.00007501 beh=6.237084 w=0.000 lr=6.905e-04 time=0.172s
[RQ-VAE] epoch=964 loss=0.00031472 recon=0.00007474 beh=6.239512 w=0.000 lr=6.902e-04 time=0.173s
[RQ-VAE] epoch=965 loss=0.00031449 recon=0.00007470 beh=6.233791 w=0.000 lr=6.898e-04 time=0.172s
[RQ-VAE] epoch=966 loss=0.00031542 recon=0.00007502 beh=6.238914 w=0.000 lr=6.895e-04 time=0.171s
[RQ-VAE] epoch=967 loss=0.00031444 recon=0.00007498 beh=6.228580 w=0.000 lr=6.892e-04 time=0.172s
[RQ-VAE] epoch=968 loss=0.00031492 recon=0.00007491 beh=6.241586 w=0.000 lr=6.888e-04 time=0.172s
[RQ-VAE] epoch=969 loss=0.00031540 recon=0.00007484 beh=6.241386 w=0.000 lr=6.885e-04 time=0.173s
[RQ-VAE] epoch=970 loss=0.00031547 recon=0.00007488 beh=6.236847 w=0.000 lr=6.881e-04 time=0.172s
[RQ-VAE] epoch=971 loss=0.00031507 recon=0.00007485 beh=6.232670 w=0.000 lr=6.878e-04 time=0.172s
[RQ-VAE] epoch=972 loss=0.00031534 recon=0.00007480 beh=6.232982 w=0.000 lr=6.875e-04 time=0.174s
[RQ-VAE] epoch=973 loss=0.00031519 recon=0.00007491 beh=6.234209 w=0.000 lr=6.871e-04 time=0.173s
[RQ-VAE] epoch=974 loss=0.00031586 recon=0.00007476 beh=6.233006 w=0.000 lr=6.868e-04 time=0.173s
[RQ-VAE] epoch=975 loss=0.00031561 recon=0.00007458 beh=6.234734 w=0.000 lr=6.864e-04 time=0.173s
[RQ-VAE] epoch=976 loss=0.00031354 recon=0.00007475 beh=6.234334 w=0.000 lr=6.861e-04 time=0.173s
[RQ-VAE] epoch=977 loss=0.00031587 recon=0.00007473 beh=6.235746 w=0.000 lr=6.858e-04 time=0.173s
[RQ-VAE] epoch=978 loss=0.00031664 recon=0.00007466 beh=6.235755 w=0.000 lr=6.854e-04 time=0.173s
[RQ-VAE] epoch=979 loss=0.00031529 recon=0.00007477 beh=6.229548 w=0.000 lr=6.851e-04 time=0.173s
[RQ-VAE] epoch=980 loss=0.00031505 recon=0.00007493 beh=6.234806 w=0.000 lr=6.847e-04 time=0.173s
[RQ-VAE] epoch=981 loss=0.00031642 recon=0.00007484 beh=6.241998 w=0.000 lr=6.844e-04 time=0.264s
[RQ-VAE] epoch=982 loss=0.00031695 recon=0.00007472 beh=6.241027 w=0.000 lr=6.841e-04 time=0.172s
[RQ-VAE] epoch=983 loss=0.00031736 recon=0.00007474 beh=6.232904 w=0.000 lr=6.837e-04 time=0.172s
[RQ-VAE] epoch=984 loss=0.00031568 recon=0.00007471 beh=6.235376 w=0.000 lr=6.834e-04 time=0.173s
[RQ-VAE] epoch=985 loss=0.00031722 recon=0.00007465 beh=6.241142 w=0.000 lr=6.831e-04 time=0.173s
[RQ-VAE] epoch=986 loss=0.00031708 recon=0.00007475 beh=6.239258 w=0.000 lr=6.827e-04 time=0.173s
[RQ-VAE] epoch=987 loss=0.00031703 recon=0.00007460 beh=6.237108 w=0.000 lr=6.824e-04 time=0.172s
[RQ-VAE] epoch=988 loss=0.00031645 recon=0.00007460 beh=6.232242 w=0.000 lr=6.820e-04 time=0.173s
[RQ-VAE] epoch=989 loss=0.00031456 recon=0.00007463 beh=6.234494 w=0.000 lr=6.817e-04 time=0.172s
[RQ-VAE] epoch=990 loss=0.00031447 recon=0.00007466 beh=6.236428 w=0.000 lr=6.814e-04 time=0.172s
[RQ-VAE] epoch=991 loss=0.00031596 recon=0.00007455 beh=6.236699 w=0.000 lr=6.810e-04 time=0.174s
[RQ-VAE] epoch=992 loss=0.00031410 recon=0.00007449 beh=6.232676 w=0.000 lr=6.807e-04 time=0.174s
[RQ-VAE] epoch=993 loss=0.00031370 recon=0.00007476 beh=6.239095 w=0.000 lr=6.803e-04 time=0.173s
[RQ-VAE] epoch=994 loss=0.00031544 recon=0.00007457 beh=6.236476 w=0.000 lr=6.800e-04 time=0.173s
[RQ-VAE] epoch=995 loss=0.00031631 recon=0.00007474 beh=6.239049 w=0.000 lr=6.797e-04 time=0.173s
[RQ-VAE] epoch=996 loss=0.00031496 recon=0.00007458 beh=6.237619 w=0.000 lr=6.793e-04 time=0.272s
[RQ-VAE] epoch=997 loss=0.00031324 recon=0.00007465 beh=6.236722 w=0.000 lr=6.790e-04 time=0.173s
[RQ-VAE] epoch=998 loss=0.00031470 recon=0.00007456 beh=6.242712 w=0.000 lr=6.786e-04 time=0.172s
[RQ-VAE] epoch=999 loss=0.00031435 recon=0.00007447 beh=6.237250 w=0.000 lr=6.783e-04 time=0.172s
[RQ-VAE] epoch=1000 loss=0.00031440 recon=0.00007434 lr=6.780e-04 raw_unique=20575/24587 collision=0.163176 time=0.172s
[RQ-VAE] epoch=1001 loss=0.00031378 recon=0.00007448 beh=6.235321 w=0.000 lr=6.776e-04 time=0.173s
[RQ-VAE] epoch=1002 loss=0.00031426 recon=0.00007455 beh=6.232973 w=0.000 lr=6.773e-04 time=0.173s
[RQ-VAE] epoch=1003 loss=0.00031629 recon=0.00007450 beh=6.236663 w=0.000 lr=6.769e-04 time=0.173s
[RQ-VAE] epoch=1004 loss=0.00031388 recon=0.00007445 beh=6.234364 w=0.000 lr=6.766e-04 time=0.173s
[RQ-VAE] epoch=1005 loss=0.00031351 recon=0.00007460 beh=6.235249 w=0.000 lr=6.763e-04 time=0.173s
[RQ-VAE] epoch=1006 loss=0.00031525 recon=0.00007467 beh=6.238675 w=0.000 lr=6.759e-04 time=0.173s
[RQ-VAE] epoch=1007 loss=0.00031467 recon=0.00007434 beh=6.234666 w=0.000 lr=6.756e-04 time=0.173s
[RQ-VAE] epoch=1008 loss=0.00031411 recon=0.00007448 beh=6.232775 w=0.000 lr=6.753e-04 time=0.175s
[RQ-VAE] epoch=1009 loss=0.00031393 recon=0.00007446 beh=6.233976 w=0.000 lr=6.749e-04 time=0.172s
[RQ-VAE] epoch=1010 loss=0.00031341 recon=0.00007442 beh=6.232818 w=0.000 lr=6.746e-04 time=0.172s
[RQ-VAE] epoch=1011 loss=0.00031444 recon=0.00007436 beh=6.233229 w=0.000 lr=6.742e-04 time=0.172s
[RQ-VAE] epoch=1012 loss=0.00031491 recon=0.00007434 beh=6.234251 w=0.000 lr=6.739e-04 time=0.173s
[RQ-VAE] epoch=1013 loss=0.00031383 recon=0.00007445 beh=6.237880 w=0.000 lr=6.736e-04 time=0.173s
[RQ-VAE] epoch=1014 loss=0.00031387 recon=0.00007444 beh=6.230104 w=0.000 lr=6.732e-04 time=0.173s
[RQ-VAE] epoch=1015 loss=0.00031189 recon=0.00007435 beh=6.239016 w=0.000 lr=6.729e-04 time=0.177s
[RQ-VAE] epoch=1016 loss=0.00031471 recon=0.00007441 beh=6.229056 w=0.000 lr=6.725e-04 time=0.174s
[RQ-VAE] epoch=1017 loss=0.00031510 recon=0.00007428 beh=6.228890 w=0.000 lr=6.722e-04 time=0.174s
[RQ-VAE] epoch=1018 loss=0.00031620 recon=0.00007432 beh=6.231968 w=0.000 lr=6.719e-04 time=0.174s
[RQ-VAE] epoch=1019 loss=0.00031434 recon=0.00007425 beh=6.236593 w=0.000 lr=6.715e-04 time=0.175s
[RQ-VAE] epoch=1020 loss=0.00031571 recon=0.00007437 beh=6.237817 w=0.000 lr=6.712e-04 time=0.175s
[RQ-VAE] epoch=1021 loss=0.00031411 recon=0.00007425 beh=6.239286 w=0.000 lr=6.708e-04 time=0.172s
[RQ-VAE] epoch=1022 loss=0.00031450 recon=0.00007438 beh=6.237971 w=0.000 lr=6.705e-04 time=0.173s
[RQ-VAE] epoch=1023 loss=0.00031574 recon=0.00007427 beh=6.236238 w=0.000 lr=6.702e-04 time=0.173s
[RQ-VAE] epoch=1024 loss=0.00031425 recon=0.00007442 beh=6.232440 w=0.000 lr=6.698e-04 time=0.174s
[RQ-VAE] epoch=1025 loss=0.00031561 recon=0.00007446 beh=6.241628 w=0.000 lr=6.695e-04 time=0.174s
[RQ-VAE] epoch=1026 loss=0.00031565 recon=0.00007432 beh=6.233003 w=0.000 lr=6.692e-04 time=0.174s
[RQ-VAE] epoch=1027 loss=0.00031523 recon=0.00007412 beh=6.232455 w=0.000 lr=6.688e-04 time=0.173s
[RQ-VAE] epoch=1028 loss=0.00031288 recon=0.00007406 beh=6.243464 w=0.000 lr=6.685e-04 time=0.173s
[RQ-VAE] epoch=1029 loss=0.00031407 recon=0.00007412 beh=6.239013 w=0.000 lr=6.681e-04 time=0.174s
[RQ-VAE] epoch=1030 loss=0.00031400 recon=0.00007419 beh=6.239215 w=0.000 lr=6.678e-04 time=0.174s
[RQ-VAE] epoch=1031 loss=0.00031552 recon=0.00007420 beh=6.234317 w=0.000 lr=6.675e-04 time=0.173s
[RQ-VAE] epoch=1032 loss=0.00031510 recon=0.00007411 beh=6.236983 w=0.000 lr=6.671e-04 time=0.174s
[RQ-VAE] epoch=1033 loss=0.00031623 recon=0.00007425 beh=6.237336 w=0.000 lr=6.668e-04 time=0.174s
[RQ-VAE] epoch=1034 loss=0.00031625 recon=0.00007425 beh=6.239728 w=0.000 lr=6.664e-04 time=0.173s
[RQ-VAE] epoch=1035 loss=0.00031720 recon=0.00007420 beh=6.233943 w=0.000 lr=6.661e-04 time=0.174s
[RQ-VAE] epoch=1036 loss=0.00031534 recon=0.00007420 beh=6.236330 w=0.000 lr=6.658e-04 time=0.174s
[RQ-VAE] epoch=1037 loss=0.00031548 recon=0.00007420 beh=6.239157 w=0.000 lr=6.654e-04 time=0.173s
[RQ-VAE] epoch=1038 loss=0.00031485 recon=0.00007413 beh=6.234939 w=0.000 lr=6.651e-04 time=0.173s
[RQ-VAE] epoch=1039 loss=0.00031671 recon=0.00007424 beh=6.234842 w=0.000 lr=6.647e-04 time=0.173s
[RQ-VAE] epoch=1040 loss=0.00031790 recon=0.00007424 beh=6.235999 w=0.000 lr=6.644e-04 time=0.174s
[RQ-VAE] epoch=1041 loss=0.00031844 recon=0.00007430 beh=6.238721 w=0.000 lr=6.641e-04 time=0.173s
[RQ-VAE] epoch=1042 loss=0.00031819 recon=0.00007413 beh=6.238831 w=0.000 lr=6.637e-04 time=0.173s
[RQ-VAE] epoch=1043 loss=0.00031711 recon=0.00007419 beh=6.236600 w=0.000 lr=6.634e-04 time=0.172s
[RQ-VAE] epoch=1044 loss=0.00031838 recon=0.00007438 beh=6.234140 w=0.000 lr=6.631e-04 time=0.173s
[RQ-VAE] epoch=1045 loss=0.00031996 recon=0.00007419 beh=6.242073 w=0.000 lr=6.627e-04 time=0.173s
[RQ-VAE] epoch=1046 loss=0.00031747 recon=0.00007417 beh=6.237749 w=0.000 lr=6.624e-04 time=0.173s
[RQ-VAE] epoch=1047 loss=0.00031992 recon=0.00007414 beh=6.228878 w=0.000 lr=6.620e-04 time=0.173s
[RQ-VAE] epoch=1048 loss=0.00031842 recon=0.00007422 beh=6.236215 w=0.000 lr=6.617e-04 time=0.173s
[RQ-VAE] epoch=1049 loss=0.00031673 recon=0.00007424 beh=6.237510 w=0.000 lr=6.614e-04 time=0.173s
[RQ-VAE] epoch=1050 loss=0.00031738 recon=0.00007433 lr=6.610e-04 raw_unique=20537/24587 collision=0.164721 time=0.172s
[RQ-VAE] epoch=1051 loss=0.00031852 recon=0.00007402 beh=6.230273 w=0.000 lr=6.607e-04 time=0.173s
[RQ-VAE] epoch=1052 loss=0.00031724 recon=0.00007417 beh=6.235203 w=0.000 lr=6.603e-04 time=0.174s
[RQ-VAE] epoch=1053 loss=0.00031716 recon=0.00007417 beh=6.232442 w=0.000 lr=6.600e-04 time=0.271s
[RQ-VAE] epoch=1054 loss=0.00031869 recon=0.00007407 beh=6.233617 w=0.000 lr=6.597e-04 time=0.172s
[RQ-VAE] epoch=1055 loss=0.00031727 recon=0.00007395 beh=6.235248 w=0.000 lr=6.593e-04 time=0.173s
[RQ-VAE] epoch=1056 loss=0.00031620 recon=0.00007396 beh=6.232642 w=0.000 lr=6.590e-04 time=0.173s
[RQ-VAE] epoch=1057 loss=0.00031608 recon=0.00007389 beh=6.226645 w=0.000 lr=6.586e-04 time=0.174s
[RQ-VAE] epoch=1058 loss=0.00031593 recon=0.00007401 beh=6.243875 w=0.000 lr=6.583e-04 time=0.174s
[RQ-VAE] epoch=1059 loss=0.00031678 recon=0.00007387 beh=6.238407 w=0.000 lr=6.580e-04 time=0.174s
[RQ-VAE] epoch=1060 loss=0.00031625 recon=0.00007394 beh=6.235408 w=0.000 lr=6.576e-04 time=0.173s
[RQ-VAE] epoch=1061 loss=0.00031602 recon=0.00007424 beh=6.237595 w=0.000 lr=6.573e-04 time=0.174s
[RQ-VAE] epoch=1062 loss=0.00031664 recon=0.00007389 beh=6.239603 w=0.000 lr=6.569e-04 time=0.173s
[RQ-VAE] epoch=1063 loss=0.00031713 recon=0.00007384 beh=6.240128 w=0.000 lr=6.566e-04 time=0.173s
[RQ-VAE] epoch=1064 loss=0.00031540 recon=0.00007389 beh=6.241647 w=0.000 lr=6.563e-04 time=0.173s
[RQ-VAE] epoch=1065 loss=0.00031543 recon=0.00007388 beh=6.238500 w=0.000 lr=6.559e-04 time=0.173s
[RQ-VAE] epoch=1066 loss=0.00031384 recon=0.00007397 beh=6.239113 w=0.000 lr=6.556e-04 time=0.174s
[RQ-VAE] epoch=1067 loss=0.00031480 recon=0.00007403 beh=6.234463 w=0.000 lr=6.553e-04 time=0.173s
[RQ-VAE] epoch=1068 loss=0.00031445 recon=0.00007407 beh=6.236004 w=0.000 lr=6.549e-04 time=0.173s
[RQ-VAE] epoch=1069 loss=0.00031596 recon=0.00007395 beh=6.237823 w=0.000 lr=6.546e-04 time=0.173s
[RQ-VAE] epoch=1070 loss=0.00031650 recon=0.00007378 beh=6.235976 w=0.000 lr=6.542e-04 time=0.174s
[RQ-VAE] epoch=1071 loss=0.00031552 recon=0.00007378 beh=6.240196 w=0.000 lr=6.539e-04 time=0.173s
[RQ-VAE] epoch=1072 loss=0.00031463 recon=0.00007388 beh=6.234046 w=0.000 lr=6.536e-04 time=0.173s
[RQ-VAE] epoch=1073 loss=0.00031401 recon=0.00007382 beh=6.236092 w=0.000 lr=6.532e-04 time=0.175s
[RQ-VAE] epoch=1074 loss=0.00031520 recon=0.00007369 beh=6.235769 w=0.000 lr=6.529e-04 time=0.173s
[RQ-VAE] epoch=1075 loss=0.00031621 recon=0.00007383 beh=6.239460 w=0.000 lr=6.525e-04 time=0.173s
[RQ-VAE] epoch=1076 loss=0.00031571 recon=0.00007363 beh=6.237272 w=0.000 lr=6.522e-04 time=0.173s
[RQ-VAE] epoch=1077 loss=0.00031446 recon=0.00007365 beh=6.230555 w=0.000 lr=6.519e-04 time=0.173s
[RQ-VAE] epoch=1078 loss=0.00031414 recon=0.00007380 beh=6.228077 w=0.000 lr=6.515e-04 time=0.173s
[RQ-VAE] epoch=1079 loss=0.00031634 recon=0.00007374 beh=6.233468 w=0.000 lr=6.512e-04 time=0.173s
[RQ-VAE] epoch=1080 loss=0.00031527 recon=0.00007362 beh=6.237696 w=0.000 lr=6.508e-04 time=0.173s
[RQ-VAE] epoch=1081 loss=0.00031456 recon=0.00007375 beh=6.239302 w=0.000 lr=6.505e-04 time=0.173s
[RQ-VAE] epoch=1082 loss=0.00031528 recon=0.00007359 beh=6.237182 w=0.000 lr=6.502e-04 time=0.266s
[RQ-VAE] epoch=1083 loss=0.00031566 recon=0.00007349 beh=6.241598 w=0.000 lr=6.498e-04 time=0.173s
[RQ-VAE] epoch=1084 loss=0.00031482 recon=0.00007352 beh=6.240074 w=0.000 lr=6.495e-04 time=0.173s
[RQ-VAE] epoch=1085 loss=0.00031483 recon=0.00007367 beh=6.233607 w=0.000 lr=6.492e-04 time=0.173s
[RQ-VAE] epoch=1086 loss=0.00031536 recon=0.00007378 beh=6.234774 w=0.000 lr=6.488e-04 time=0.173s
[RQ-VAE] epoch=1087 loss=0.00031734 recon=0.00007357 beh=6.234595 w=0.000 lr=6.485e-04 time=0.173s
[RQ-VAE] epoch=1088 loss=0.00031684 recon=0.00007371 beh=6.231234 w=0.000 lr=6.481e-04 time=0.172s
[RQ-VAE] epoch=1089 loss=0.00031603 recon=0.00007369 beh=6.238850 w=0.000 lr=6.478e-04 time=0.173s
[RQ-VAE] epoch=1090 loss=0.00031648 recon=0.00007358 beh=6.237889 w=0.000 lr=6.475e-04 time=0.173s
[RQ-VAE] epoch=1091 loss=0.00031802 recon=0.00007369 beh=6.228876 w=0.000 lr=6.471e-04 time=0.174s
[RQ-VAE] epoch=1092 loss=0.00031797 recon=0.00007368 beh=6.233300 w=0.000 lr=6.468e-04 time=0.177s
[RQ-VAE] epoch=1093 loss=0.00031749 recon=0.00007378 beh=6.227876 w=0.000 lr=6.464e-04 time=0.174s
[RQ-VAE] epoch=1094 loss=0.00031659 recon=0.00007365 beh=6.237884 w=0.000 lr=6.461e-04 time=0.174s
[RQ-VAE] epoch=1095 loss=0.00031625 recon=0.00007379 beh=6.229141 w=0.000 lr=6.458e-04 time=0.173s
[RQ-VAE] epoch=1096 loss=0.00031689 recon=0.00007353 beh=6.228815 w=0.000 lr=6.454e-04 time=0.173s
[RQ-VAE] epoch=1097 loss=0.00031760 recon=0.00007352 beh=6.240836 w=0.000 lr=6.451e-04 time=0.174s
[RQ-VAE] epoch=1098 loss=0.00031747 recon=0.00007375 beh=6.229712 w=0.000 lr=6.447e-04 time=0.174s
[RQ-VAE] epoch=1099 loss=0.00031606 recon=0.00007357 beh=6.232805 w=0.000 lr=6.444e-04 time=0.173s
[RQ-VAE] epoch=1100 loss=0.00031770 recon=0.00007359 lr=6.441e-04 raw_unique=20488/24587 collision=0.166714 time=0.173s
[RQ-VAE] epoch=1101 loss=0.00031771 recon=0.00007348 beh=6.232265 w=0.000 lr=6.437e-04 time=0.275s
[RQ-VAE] epoch=1102 loss=0.00031659 recon=0.00007357 beh=6.235493 w=0.000 lr=6.434e-04 time=0.173s
[RQ-VAE] epoch=1103 loss=0.00031618 recon=0.00007339 beh=6.235875 w=0.000 lr=6.431e-04 time=0.173s
[RQ-VAE] epoch=1104 loss=0.00031541 recon=0.00007348 beh=6.238846 w=0.000 lr=6.427e-04 time=0.173s
[RQ-VAE] epoch=1105 loss=0.00031790 recon=0.00007345 beh=6.233930 w=0.000 lr=6.424e-04 time=0.173s
[RQ-VAE] epoch=1106 loss=0.00031640 recon=0.00007341 beh=6.241848 w=0.000 lr=6.420e-04 time=0.174s
[RQ-VAE] epoch=1107 loss=0.00031537 recon=0.00007341 beh=6.237480 w=0.000 lr=6.417e-04 time=0.173s
[RQ-VAE] epoch=1108 loss=0.00031783 recon=0.00007348 beh=6.238070 w=0.000 lr=6.414e-04 time=0.173s
[RQ-VAE] epoch=1109 loss=0.00031711 recon=0.00007363 beh=6.237267 w=0.000 lr=6.410e-04 time=0.174s
[RQ-VAE] epoch=1110 loss=0.00031601 recon=0.00007337 beh=6.234798 w=0.000 lr=6.407e-04 time=0.172s
[RQ-VAE] epoch=1111 loss=0.00031643 recon=0.00007327 beh=6.239049 w=0.000 lr=6.403e-04 time=0.173s
[RQ-VAE] epoch=1112 loss=0.00031660 recon=0.00007346 beh=6.237969 w=0.000 lr=6.400e-04 time=0.174s
[RQ-VAE] epoch=1113 loss=0.00031684 recon=0.00007328 beh=6.242315 w=0.000 lr=6.397e-04 time=0.174s
[RQ-VAE] epoch=1114 loss=0.00031673 recon=0.00007335 beh=6.235115 w=0.000 lr=6.393e-04 time=0.174s
[RQ-VAE] epoch=1115 loss=0.00031703 recon=0.00007335 beh=6.236074 w=0.000 lr=6.390e-04 time=0.173s
[RQ-VAE] epoch=1116 loss=0.00031725 recon=0.00007355 beh=6.232734 w=0.000 lr=6.386e-04 time=0.173s
[RQ-VAE] epoch=1117 loss=0.00031796 recon=0.00007330 beh=6.240465 w=0.000 lr=6.383e-04 time=0.263s
[RQ-VAE] epoch=1118 loss=0.00031585 recon=0.00007325 beh=6.239000 w=0.000 lr=6.380e-04 time=0.172s
[RQ-VAE] epoch=1119 loss=0.00031630 recon=0.00007339 beh=6.243325 w=0.000 lr=6.376e-04 time=0.173s
[RQ-VAE] epoch=1120 loss=0.00031617 recon=0.00007341 beh=6.233467 w=0.000 lr=6.373e-04 time=0.174s
[RQ-VAE] epoch=1121 loss=0.00031600 recon=0.00007343 beh=6.237812 w=0.000 lr=6.369e-04 time=0.174s
[RQ-VAE] epoch=1122 loss=0.00032083 recon=0.00007326 beh=6.237485 w=0.000 lr=6.366e-04 time=0.174s
[RQ-VAE] epoch=1123 loss=0.00031885 recon=0.00007346 beh=6.239248 w=0.000 lr=6.363e-04 time=0.174s
[RQ-VAE] epoch=1124 loss=0.00031647 recon=0.00007327 beh=6.235157 w=0.000 lr=6.359e-04 time=0.173s
[RQ-VAE] epoch=1125 loss=0.00031704 recon=0.00007330 beh=6.238259 w=0.000 lr=6.356e-04 time=0.174s
[RQ-VAE] epoch=1126 loss=0.00031587 recon=0.00007343 beh=6.241706 w=0.000 lr=6.353e-04 time=0.173s
[RQ-VAE] epoch=1127 loss=0.00031650 recon=0.00007344 beh=6.235806 w=0.000 lr=6.349e-04 time=0.174s
[RQ-VAE] epoch=1128 loss=0.00031871 recon=0.00007339 beh=6.232473 w=0.000 lr=6.346e-04 time=0.173s
[RQ-VAE] epoch=1129 loss=0.00031596 recon=0.00007335 beh=6.235834 w=0.000 lr=6.342e-04 time=0.174s
[RQ-VAE] epoch=1130 loss=0.00031799 recon=0.00007337 beh=6.237037 w=0.000 lr=6.339e-04 time=0.174s
[RQ-VAE] epoch=1131 loss=0.00031807 recon=0.00007322 beh=6.235762 w=0.000 lr=6.336e-04 time=0.173s
[RQ-VAE] epoch=1132 loss=0.00031632 recon=0.00007337 beh=6.234357 w=0.000 lr=6.332e-04 time=0.173s
[RQ-VAE] epoch=1133 loss=0.00031588 recon=0.00007355 beh=6.238531 w=0.000 lr=6.329e-04 time=0.173s
[RQ-VAE] epoch=1134 loss=0.00031696 recon=0.00007342 beh=6.238647 w=0.000 lr=6.325e-04 time=0.174s
[RQ-VAE] epoch=1135 loss=0.00031936 recon=0.00007339 beh=6.232640 w=0.000 lr=6.322e-04 time=0.173s
[RQ-VAE] epoch=1136 loss=0.00031889 recon=0.00007326 beh=6.229912 w=0.000 lr=6.319e-04 time=0.173s
[RQ-VAE] epoch=1137 loss=0.00031867 recon=0.00007337 beh=6.234771 w=0.000 lr=6.315e-04 time=0.174s
[RQ-VAE] epoch=1138 loss=0.00031954 recon=0.00007330 beh=6.231491 w=0.000 lr=6.312e-04 time=0.174s
[RQ-VAE] epoch=1139 loss=0.00031854 recon=0.00007350 beh=6.242008 w=0.000 lr=6.308e-04 time=0.174s
[RQ-VAE] epoch=1140 loss=0.00031758 recon=0.00007350 beh=6.233741 w=0.000 lr=6.305e-04 time=0.173s
[RQ-VAE] epoch=1141 loss=0.00031958 recon=0.00007335 beh=6.237385 w=0.000 lr=6.302e-04 time=0.174s
[RQ-VAE] epoch=1142 loss=0.00031863 recon=0.00007315 beh=6.245665 w=0.000 lr=6.298e-04 time=0.172s
[RQ-VAE] epoch=1143 loss=0.00031830 recon=0.00007309 beh=6.238893 w=0.000 lr=6.295e-04 time=0.173s
[RQ-VAE] epoch=1144 loss=0.00031850 recon=0.00007306 beh=6.240747 w=0.000 lr=6.292e-04 time=0.173s
[RQ-VAE] epoch=1145 loss=0.00031811 recon=0.00007325 beh=6.235521 w=0.000 lr=6.288e-04 time=0.173s
[RQ-VAE] epoch=1146 loss=0.00032036 recon=0.00007339 beh=6.237178 w=0.000 lr=6.285e-04 time=0.174s
[RQ-VAE] epoch=1147 loss=0.00031998 recon=0.00007313 beh=6.239188 w=0.000 lr=6.281e-04 time=0.173s
[RQ-VAE] epoch=1148 loss=0.00031755 recon=0.00007319 beh=6.237819 w=0.000 lr=6.278e-04 time=0.174s
[RQ-VAE] epoch=1149 loss=0.00031897 recon=0.00007311 beh=6.234701 w=0.000 lr=6.275e-04 time=0.173s
[RQ-VAE] epoch=1150 loss=0.00031914 recon=0.00007323 lr=6.271e-04 raw_unique=20504/24587 collision=0.166063 time=0.175s
[RQ-VAE] epoch=1151 loss=0.00031870 recon=0.00007314 beh=6.233842 w=0.000 lr=6.268e-04 time=0.174s
[RQ-VAE] epoch=1152 loss=0.00031918 recon=0.00007315 beh=6.231715 w=0.000 lr=6.264e-04 time=0.174s
[RQ-VAE] epoch=1153 loss=0.00031936 recon=0.00007325 beh=6.234561 w=0.000 lr=6.261e-04 time=0.174s
[RQ-VAE] epoch=1154 loss=0.00031825 recon=0.00007299 beh=6.235590 w=0.000 lr=6.258e-04 time=0.173s
[RQ-VAE] epoch=1155 loss=0.00031672 recon=0.00007307 beh=6.236770 w=0.000 lr=6.254e-04 time=0.173s
[RQ-VAE] epoch=1156 loss=0.00031783 recon=0.00007295 beh=6.236443 w=0.000 lr=6.251e-04 time=0.174s
[RQ-VAE] epoch=1157 loss=0.00031881 recon=0.00007311 beh=6.236939 w=0.000 lr=6.247e-04 time=0.174s
[RQ-VAE] epoch=1158 loss=0.00031693 recon=0.00007306 beh=6.240715 w=0.000 lr=6.244e-04 time=0.173s
[RQ-VAE] epoch=1159 loss=0.00031818 recon=0.00007320 beh=6.237858 w=0.000 lr=6.241e-04 time=0.174s
[RQ-VAE] epoch=1160 loss=0.00031936 recon=0.00007315 beh=6.237673 w=0.000 lr=6.237e-04 time=0.174s
[RQ-VAE] epoch=1161 loss=0.00031819 recon=0.00007319 beh=6.235376 w=0.000 lr=6.234e-04 time=0.173s
[RQ-VAE] epoch=1162 loss=0.00031898 recon=0.00007305 beh=6.240327 w=0.000 lr=6.231e-04 time=0.173s
[RQ-VAE] epoch=1163 loss=0.00031768 recon=0.00007312 beh=6.237540 w=0.000 lr=6.227e-04 time=0.172s
[RQ-VAE] epoch=1164 loss=0.00031956 recon=0.00007309 beh=6.241795 w=0.000 lr=6.224e-04 time=0.172s
[RQ-VAE] epoch=1165 loss=0.00031851 recon=0.00007314 beh=6.239979 w=0.000 lr=6.220e-04 time=0.174s
[RQ-VAE] epoch=1166 loss=0.00031792 recon=0.00007307 beh=6.236670 w=0.000 lr=6.217e-04 time=0.173s
[RQ-VAE] epoch=1167 loss=0.00031845 recon=0.00007317 beh=6.239288 w=0.000 lr=6.214e-04 time=0.174s
[RQ-VAE] epoch=1168 loss=0.00031838 recon=0.00007296 beh=6.238155 w=0.000 lr=6.210e-04 time=0.174s
[RQ-VAE] epoch=1169 loss=0.00031821 recon=0.00007311 beh=6.230395 w=0.000 lr=6.207e-04 time=0.173s
[RQ-VAE] epoch=1170 loss=0.00031915 recon=0.00007292 beh=6.241482 w=0.000 lr=6.203e-04 time=0.173s
[RQ-VAE] epoch=1171 loss=0.00031776 recon=0.00007307 beh=6.234276 w=0.000 lr=6.200e-04 time=0.173s
[RQ-VAE] epoch=1172 loss=0.00031675 recon=0.00007300 beh=6.241839 w=0.000 lr=6.197e-04 time=0.174s
[RQ-VAE] epoch=1173 loss=0.00031896 recon=0.00007309 beh=6.241147 w=0.000 lr=6.193e-04 time=0.271s
[RQ-VAE] epoch=1174 loss=0.00031788 recon=0.00007303 beh=6.237644 w=0.000 lr=6.190e-04 time=0.173s
[RQ-VAE] epoch=1175 loss=0.00031686 recon=0.00007298 beh=6.236988 w=0.000 lr=6.186e-04 time=0.173s
[RQ-VAE] epoch=1176 loss=0.00031626 recon=0.00007303 beh=6.238120 w=0.000 lr=6.183e-04 time=0.173s
[RQ-VAE] epoch=1177 loss=0.00031770 recon=0.00007302 beh=6.230385 w=0.000 lr=6.180e-04 time=0.174s
[RQ-VAE] epoch=1178 loss=0.00031887 recon=0.00007315 beh=6.232191 w=0.000 lr=6.176e-04 time=0.173s
[RQ-VAE] epoch=1179 loss=0.00031912 recon=0.00007299 beh=6.233398 w=0.000 lr=6.173e-04 time=0.173s
[RQ-VAE] epoch=1180 loss=0.00031928 recon=0.00007301 beh=6.233164 w=0.000 lr=6.169e-04 time=0.174s
[RQ-VAE] epoch=1181 loss=0.00031828 recon=0.00007297 beh=6.237396 w=0.000 lr=6.166e-04 time=0.173s
[RQ-VAE] epoch=1182 loss=0.00031615 recon=0.00007283 beh=6.234530 w=0.000 lr=6.163e-04 time=0.173s
[RQ-VAE] epoch=1183 loss=0.00031879 recon=0.00007313 beh=6.237939 w=0.000 lr=6.159e-04 time=0.175s
[RQ-VAE] epoch=1184 loss=0.00031991 recon=0.00007302 beh=6.232765 w=0.000 lr=6.156e-04 time=0.172s
[RQ-VAE] epoch=1185 loss=0.00031976 recon=0.00007292 beh=6.234646 w=0.000 lr=6.153e-04 time=0.173s
[RQ-VAE] epoch=1186 loss=0.00031959 recon=0.00007293 beh=6.238202 w=0.000 lr=6.149e-04 time=0.173s
[RQ-VAE] epoch=1187 loss=0.00031845 recon=0.00007288 beh=6.238094 w=0.000 lr=6.146e-04 time=0.174s
[RQ-VAE] epoch=1188 loss=0.00031826 recon=0.00007304 beh=6.236342 w=0.000 lr=6.142e-04 time=0.174s
[RQ-VAE] epoch=1189 loss=0.00031805 recon=0.00007318 beh=6.230705 w=0.000 lr=6.139e-04 time=0.173s
[RQ-VAE] epoch=1190 loss=0.00031878 recon=0.00007279 beh=6.237021 w=0.000 lr=6.136e-04 time=0.173s
[RQ-VAE] epoch=1191 loss=0.00031704 recon=0.00007283 beh=6.239051 w=0.000 lr=6.132e-04 time=0.174s
[RQ-VAE] epoch=1192 loss=0.00031727 recon=0.00007303 beh=6.232642 w=0.000 lr=6.129e-04 time=0.174s
[RQ-VAE] epoch=1193 loss=0.00031743 recon=0.00007300 beh=6.231994 w=0.000 lr=6.125e-04 time=0.173s
[RQ-VAE] epoch=1194 loss=0.00031783 recon=0.00007309 beh=6.235722 w=0.000 lr=6.122e-04 time=0.174s
[RQ-VAE] epoch=1195 loss=0.00031936 recon=0.00007284 beh=6.236083 w=0.000 lr=6.119e-04 time=0.173s
[RQ-VAE] epoch=1196 loss=0.00031793 recon=0.00007298 beh=6.236437 w=0.000 lr=6.115e-04 time=0.173s
[RQ-VAE] epoch=1197 loss=0.00031864 recon=0.00007270 beh=6.236360 w=0.000 lr=6.112e-04 time=0.172s
[RQ-VAE] epoch=1198 loss=0.00031713 recon=0.00007276 beh=6.234637 w=0.000 lr=6.108e-04 time=0.173s
[RQ-VAE] epoch=1199 loss=0.00031494 recon=0.00007279 beh=6.238285 w=0.000 lr=6.105e-04 time=0.173s
[RQ-VAE] epoch=1200 loss=0.00031683 recon=0.00007270 lr=6.102e-04 raw_unique=20519/24587 collision=0.165453 time=0.174s
[RQ-VAE] epoch=1201 loss=0.00031721 recon=0.00007262 beh=6.227890 w=0.000 lr=6.098e-04 time=0.174s
[RQ-VAE] epoch=1202 loss=0.00031579 recon=0.00007255 beh=6.234731 w=0.000 lr=6.095e-04 time=0.273s
[RQ-VAE] epoch=1203 loss=0.00031591 recon=0.00007257 beh=6.237224 w=0.000 lr=6.092e-04 time=0.173s
[RQ-VAE] epoch=1204 loss=0.00031682 recon=0.00007270 beh=6.236372 w=0.000 lr=6.088e-04 time=0.173s
[RQ-VAE] epoch=1205 loss=0.00031782 recon=0.00007267 beh=6.234353 w=0.000 lr=6.085e-04 time=0.174s
[RQ-VAE] epoch=1206 loss=0.00031647 recon=0.00007255 beh=6.237949 w=0.000 lr=6.081e-04 time=0.174s
[RQ-VAE] epoch=1207 loss=0.00031587 recon=0.00007252 beh=6.237713 w=0.000 lr=6.078e-04 time=0.172s
[RQ-VAE] epoch=1208 loss=0.00031611 recon=0.00007263 beh=6.234447 w=0.000 lr=6.075e-04 time=0.174s
[RQ-VAE] epoch=1209 loss=0.00031738 recon=0.00007272 beh=6.232163 w=0.000 lr=6.071e-04 time=0.173s
[RQ-VAE] epoch=1210 loss=0.00031648 recon=0.00007274 beh=6.236786 w=0.000 lr=6.068e-04 time=0.173s
[RQ-VAE] epoch=1211 loss=0.00031731 recon=0.00007264 beh=6.238658 w=0.000 lr=6.064e-04 time=0.173s
[RQ-VAE] epoch=1212 loss=0.00031655 recon=0.00007271 beh=6.233754 w=0.000 lr=6.061e-04 time=0.174s
[RQ-VAE] epoch=1213 loss=0.00031576 recon=0.00007249 beh=6.234802 w=0.000 lr=6.058e-04 time=0.173s
[RQ-VAE] epoch=1214 loss=0.00031537 recon=0.00007256 beh=6.241703 w=0.000 lr=6.054e-04 time=0.173s
[RQ-VAE] epoch=1215 loss=0.00031541 recon=0.00007258 beh=6.239948 w=0.000 lr=6.051e-04 time=0.174s
[RQ-VAE] epoch=1216 loss=0.00031740 recon=0.00007259 beh=6.242179 w=0.000 lr=6.047e-04 time=0.173s
[RQ-VAE] epoch=1217 loss=0.00031684 recon=0.00007257 beh=6.232344 w=0.000 lr=6.044e-04 time=0.174s
[RQ-VAE] epoch=1218 loss=0.00031665 recon=0.00007269 beh=6.235392 w=0.000 lr=6.041e-04 time=0.173s
[RQ-VAE] epoch=1219 loss=0.00031611 recon=0.00007260 beh=6.239120 w=0.000 lr=6.037e-04 time=0.173s
[RQ-VAE] epoch=1220 loss=0.00031623 recon=0.00007242 beh=6.237153 w=0.000 lr=6.034e-04 time=0.173s
[RQ-VAE] epoch=1221 loss=0.00031553 recon=0.00007270 beh=6.234325 w=0.000 lr=6.031e-04 time=0.173s
[RQ-VAE] epoch=1222 loss=0.00031603 recon=0.00007250 beh=6.235203 w=0.000 lr=6.027e-04 time=0.264s
[RQ-VAE] epoch=1223 loss=0.00031837 recon=0.00007264 beh=6.244859 w=0.000 lr=6.024e-04 time=0.174s
[RQ-VAE] epoch=1224 loss=0.00031733 recon=0.00007245 beh=6.226600 w=0.000 lr=6.020e-04 time=0.174s
[RQ-VAE] epoch=1225 loss=0.00031703 recon=0.00007269 beh=6.234474 w=0.000 lr=6.017e-04 time=0.174s
[RQ-VAE] epoch=1226 loss=0.00031716 recon=0.00007235 beh=6.235304 w=0.000 lr=6.014e-04 time=0.173s
[RQ-VAE] epoch=1227 loss=0.00031751 recon=0.00007251 beh=6.235744 w=0.000 lr=6.010e-04 time=0.174s
[RQ-VAE] epoch=1228 loss=0.00031783 recon=0.00007259 beh=6.233603 w=0.000 lr=6.007e-04 time=0.174s
[RQ-VAE] epoch=1229 loss=0.00031758 recon=0.00007246 beh=6.239264 w=0.000 lr=6.003e-04 time=0.173s
[RQ-VAE] epoch=1230 loss=0.00031833 recon=0.00007235 beh=6.233140 w=0.000 lr=6.000e-04 time=0.174s
[RQ-VAE] epoch=1231 loss=0.00031872 recon=0.00007251 beh=6.232820 w=0.000 lr=5.997e-04 time=0.174s
[RQ-VAE] epoch=1232 loss=0.00031730 recon=0.00007255 beh=6.238104 w=0.000 lr=5.993e-04 time=0.174s
[RQ-VAE] epoch=1233 loss=0.00031892 recon=0.00007255 beh=6.236458 w=0.000 lr=5.990e-04 time=0.173s
[RQ-VAE] epoch=1234 loss=0.00031916 recon=0.00007246 beh=6.239123 w=0.000 lr=5.986e-04 time=0.173s
[RQ-VAE] epoch=1235 loss=0.00031723 recon=0.00007239 beh=6.238067 w=0.000 lr=5.983e-04 time=0.174s
[RQ-VAE] epoch=1236 loss=0.00031822 recon=0.00007252 beh=6.242778 w=0.000 lr=5.980e-04 time=0.173s
[RQ-VAE] epoch=1237 loss=0.00031950 recon=0.00007249 beh=6.239509 w=0.000 lr=5.976e-04 time=0.263s
[RQ-VAE] epoch=1238 loss=0.00031955 recon=0.00007237 beh=6.233129 w=0.000 lr=5.973e-04 time=0.172s
[RQ-VAE] epoch=1239 loss=0.00032106 recon=0.00007267 beh=6.235436 w=0.000 lr=5.969e-04 time=0.171s
[RQ-VAE] epoch=1240 loss=0.00032026 recon=0.00007248 beh=6.235846 w=0.000 lr=5.966e-04 time=0.172s
[RQ-VAE] epoch=1241 loss=0.00031769 recon=0.00007239 beh=6.237985 w=0.000 lr=5.963e-04 time=0.173s
[RQ-VAE] epoch=1242 loss=0.00031873 recon=0.00007237 beh=6.231753 w=0.000 lr=5.959e-04 time=0.173s
[RQ-VAE] epoch=1243 loss=0.00031733 recon=0.00007243 beh=6.240969 w=0.000 lr=5.956e-04 time=0.172s
[RQ-VAE] epoch=1244 loss=0.00031779 recon=0.00007242 beh=6.235182 w=0.000 lr=5.953e-04 time=0.172s
[RQ-VAE] epoch=1245 loss=0.00031782 recon=0.00007235 beh=6.242288 w=0.000 lr=5.949e-04 time=0.173s
[RQ-VAE] epoch=1246 loss=0.00031985 recon=0.00007231 beh=6.236479 w=0.000 lr=5.946e-04 time=0.172s
[RQ-VAE] epoch=1247 loss=0.00031757 recon=0.00007244 beh=6.231907 w=0.000 lr=5.942e-04 time=0.173s
[RQ-VAE] epoch=1248 loss=0.00031542 recon=0.00007233 beh=6.239773 w=0.000 lr=5.939e-04 time=0.171s
[RQ-VAE] epoch=1249 loss=0.00031667 recon=0.00007237 beh=6.230815 w=0.000 lr=5.936e-04 time=0.172s
[RQ-VAE] epoch=1250 loss=0.00031795 recon=0.00007236 lr=5.932e-04 raw_unique=20500/24587 collision=0.166226 time=0.172s
[RQ-VAE] epoch=1251 loss=0.00031797 recon=0.00007231 beh=6.238975 w=0.000 lr=5.929e-04 time=0.172s
[RQ-VAE] epoch=1252 loss=0.00031659 recon=0.00007220 beh=6.237094 w=0.000 lr=5.925e-04 time=0.172s
[RQ-VAE] epoch=1253 loss=0.00031669 recon=0.00007220 beh=6.238780 w=0.000 lr=5.922e-04 time=0.171s
[RQ-VAE] epoch=1254 loss=0.00031704 recon=0.00007222 beh=6.235739 w=0.000 lr=5.919e-04 time=0.173s
[RQ-VAE] epoch=1255 loss=0.00031668 recon=0.00007230 beh=6.236985 w=0.000 lr=5.915e-04 time=0.171s
[RQ-VAE] epoch=1256 loss=0.00031752 recon=0.00007222 beh=6.244602 w=0.000 lr=5.912e-04 time=0.172s
[RQ-VAE] epoch=1257 loss=0.00031837 recon=0.00007216 beh=6.233237 w=0.000 lr=5.908e-04 time=0.171s
[RQ-VAE] epoch=1258 loss=0.00031721 recon=0.00007214 beh=6.240951 w=0.000 lr=5.905e-04 time=0.172s
[RQ-VAE] epoch=1259 loss=0.00031704 recon=0.00007223 beh=6.234037 w=0.000 lr=5.902e-04 time=0.172s
[RQ-VAE] epoch=1260 loss=0.00031682 recon=0.00007224 beh=6.237987 w=0.000 lr=5.898e-04 time=0.172s
[RQ-VAE] epoch=1261 loss=0.00031669 recon=0.00007237 beh=6.244537 w=0.000 lr=5.895e-04 time=0.171s
[RQ-VAE] epoch=1262 loss=0.00032080 recon=0.00007238 beh=6.238003 w=0.000 lr=5.892e-04 time=0.172s
[RQ-VAE] epoch=1263 loss=0.00031853 recon=0.00007234 beh=6.239465 w=0.000 lr=5.888e-04 time=0.171s
[RQ-VAE] epoch=1264 loss=0.00031650 recon=0.00007207 beh=6.239343 w=0.000 lr=5.885e-04 time=0.171s
[RQ-VAE] epoch=1265 loss=0.00031915 recon=0.00007234 beh=6.234115 w=0.000 lr=5.881e-04 time=0.171s
[RQ-VAE] epoch=1266 loss=0.00032053 recon=0.00007245 beh=6.232795 w=0.000 lr=5.878e-04 time=0.172s
[RQ-VAE] epoch=1267 loss=0.00032044 recon=0.00007229 beh=6.236577 w=0.000 lr=5.875e-04 time=0.172s
[RQ-VAE] epoch=1268 loss=0.00031924 recon=0.00007218 beh=6.235729 w=0.000 lr=5.871e-04 time=0.173s
[RQ-VAE] epoch=1269 loss=0.00031971 recon=0.00007208 beh=6.238841 w=0.000 lr=5.868e-04 time=0.173s
[RQ-VAE] epoch=1270 loss=0.00031883 recon=0.00007206 beh=6.236283 w=0.000 lr=5.864e-04 time=0.172s
[RQ-VAE] epoch=1271 loss=0.00031868 recon=0.00007211 beh=6.236833 w=0.000 lr=5.861e-04 time=0.172s
[RQ-VAE] epoch=1272 loss=0.00031806 recon=0.00007212 beh=6.241251 w=0.000 lr=5.858e-04 time=0.172s
[RQ-VAE] epoch=1273 loss=0.00032048 recon=0.00007215 beh=6.238002 w=0.000 lr=5.854e-04 time=0.172s
[RQ-VAE] epoch=1274 loss=0.00031940 recon=0.00007219 beh=6.233788 w=0.000 lr=5.851e-04 time=0.172s
[RQ-VAE] epoch=1275 loss=0.00031954 recon=0.00007211 beh=6.240595 w=0.000 lr=5.847e-04 time=0.171s
[RQ-VAE] epoch=1276 loss=0.00031804 recon=0.00007214 beh=6.236136 w=0.000 lr=5.844e-04 time=0.172s
[RQ-VAE] epoch=1277 loss=0.00031854 recon=0.00007216 beh=6.239775 w=0.000 lr=5.841e-04 time=0.173s
[RQ-VAE] epoch=1278 loss=0.00031911 recon=0.00007233 beh=6.238854 w=0.000 lr=5.837e-04 time=0.171s
[RQ-VAE] epoch=1279 loss=0.00031886 recon=0.00007212 beh=6.242435 w=0.000 lr=5.834e-04 time=0.173s
[RQ-VAE] epoch=1280 loss=0.00031940 recon=0.00007230 beh=6.239684 w=0.000 lr=5.831e-04 time=0.172s
[RQ-VAE] epoch=1281 loss=0.00032264 recon=0.00007223 beh=6.240198 w=0.000 lr=5.827e-04 time=0.173s
[RQ-VAE] epoch=1282 loss=0.00031753 recon=0.00007213 beh=6.237005 w=0.000 lr=5.824e-04 time=0.171s
[RQ-VAE] epoch=1283 loss=0.00031864 recon=0.00007216 beh=6.236768 w=0.000 lr=5.820e-04 time=0.171s
[RQ-VAE] epoch=1284 loss=0.00031877 recon=0.00007204 beh=6.231269 w=0.000 lr=5.817e-04 time=0.171s
[RQ-VAE] epoch=1285 loss=0.00031973 recon=0.00007220 beh=6.235408 w=0.000 lr=5.814e-04 time=0.173s
[RQ-VAE] epoch=1286 loss=0.00031944 recon=0.00007218 beh=6.238881 w=0.000 lr=5.810e-04 time=0.173s
[RQ-VAE] epoch=1287 loss=0.00031960 recon=0.00007204 beh=6.238150 w=0.000 lr=5.807e-04 time=0.173s
[RQ-VAE] epoch=1288 loss=0.00031872 recon=0.00007197 beh=6.231317 w=0.000 lr=5.803e-04 time=0.172s
[RQ-VAE] epoch=1289 loss=0.00031838 recon=0.00007202 beh=6.240331 w=0.000 lr=5.800e-04 time=0.172s
[RQ-VAE] epoch=1290 loss=0.00032046 recon=0.00007199 beh=6.239547 w=0.000 lr=5.797e-04 time=0.172s
[RQ-VAE] epoch=1291 loss=0.00031965 recon=0.00007205 beh=6.239582 w=0.000 lr=5.793e-04 time=0.172s
[RQ-VAE] epoch=1292 loss=0.00031935 recon=0.00007208 beh=6.236553 w=0.000 lr=5.790e-04 time=0.173s
[RQ-VAE] epoch=1293 loss=0.00031809 recon=0.00007205 beh=6.235861 w=0.000 lr=5.786e-04 time=0.263s
[RQ-VAE] epoch=1294 loss=0.00031834 recon=0.00007200 beh=6.239559 w=0.000 lr=5.783e-04 time=0.172s
[RQ-VAE] epoch=1295 loss=0.00031768 recon=0.00007214 beh=6.236192 w=0.000 lr=5.780e-04 time=0.171s
[RQ-VAE] epoch=1296 loss=0.00031893 recon=0.00007191 beh=6.231231 w=0.000 lr=5.776e-04 time=0.171s
[RQ-VAE] epoch=1297 loss=0.00031833 recon=0.00007205 beh=6.236367 w=0.000 lr=5.773e-04 time=0.173s
[RQ-VAE] epoch=1298 loss=0.00031919 recon=0.00007205 beh=6.237454 w=0.000 lr=5.769e-04 time=0.173s
[RQ-VAE] epoch=1299 loss=0.00031767 recon=0.00007210 beh=6.225874 w=0.000 lr=5.766e-04 time=0.173s
[RQ-VAE] epoch=1300 loss=0.00031901 recon=0.00007211 lr=5.763e-04 raw_unique=20364/24587 collision=0.171757 time=0.173s
[RQ-VAE] epoch=1301 loss=0.00031936 recon=0.00007226 beh=6.239948 w=0.000 lr=5.759e-04 time=0.172s
[RQ-VAE] epoch=1302 loss=0.00031939 recon=0.00007200 beh=6.241704 w=0.000 lr=5.756e-04 time=0.173s
[RQ-VAE] epoch=1303 loss=0.00032060 recon=0.00007225 beh=6.238176 w=0.000 lr=5.753e-04 time=0.173s
[RQ-VAE] epoch=1304 loss=0.00032225 recon=0.00007248 beh=6.239175 w=0.000 lr=5.749e-04 time=0.172s
[RQ-VAE] epoch=1305 loss=0.00032198 recon=0.00007194 beh=6.231577 w=0.000 lr=5.746e-04 time=0.173s
[RQ-VAE] epoch=1306 loss=0.00032094 recon=0.00007208 beh=6.241054 w=0.000 lr=5.742e-04 time=0.173s
[RQ-VAE] epoch=1307 loss=0.00032008 recon=0.00007210 beh=6.233443 w=0.000 lr=5.739e-04 time=0.172s
[RQ-VAE] epoch=1308 loss=0.00032006 recon=0.00007212 beh=6.236873 w=0.000 lr=5.736e-04 time=0.173s
[RQ-VAE] epoch=1309 loss=0.00032042 recon=0.00007205 beh=6.234492 w=0.000 lr=5.732e-04 time=0.172s
[RQ-VAE] epoch=1310 loss=0.00032116 recon=0.00007189 beh=6.237489 w=0.000 lr=5.729e-04 time=0.172s
[RQ-VAE] epoch=1311 loss=0.00032060 recon=0.00007205 beh=6.236351 w=0.000 lr=5.725e-04 time=0.173s
[RQ-VAE] epoch=1312 loss=0.00032009 recon=0.00007236 beh=6.240403 w=0.000 lr=5.722e-04 time=0.173s
[RQ-VAE] epoch=1313 loss=0.00031984 recon=0.00007220 beh=6.238338 w=0.000 lr=5.719e-04 time=0.172s
[RQ-VAE] epoch=1314 loss=0.00032225 recon=0.00007214 beh=6.230026 w=0.000 lr=5.715e-04 time=0.172s
[RQ-VAE] epoch=1315 loss=0.00032050 recon=0.00007199 beh=6.235492 w=0.000 lr=5.712e-04 time=0.172s
[RQ-VAE] epoch=1316 loss=0.00031957 recon=0.00007194 beh=6.238060 w=0.000 lr=5.708e-04 time=0.173s
[RQ-VAE] epoch=1317 loss=0.00031986 recon=0.00007203 beh=6.235775 w=0.000 lr=5.705e-04 time=0.173s
[RQ-VAE] epoch=1318 loss=0.00031872 recon=0.00007208 beh=6.234937 w=0.000 lr=5.702e-04 time=0.172s
[RQ-VAE] epoch=1319 loss=0.00032068 recon=0.00007223 beh=6.229533 w=0.000 lr=5.698e-04 time=0.172s
[RQ-VAE] epoch=1320 loss=0.00032090 recon=0.00007200 beh=6.232179 w=0.000 lr=5.695e-04 time=0.172s
[RQ-VAE] epoch=1321 loss=0.00032178 recon=0.00007214 beh=6.241258 w=0.000 lr=5.692e-04 time=0.172s
[RQ-VAE] epoch=1322 loss=0.00031977 recon=0.00007213 beh=6.233381 w=0.000 lr=5.688e-04 time=0.263s
[RQ-VAE] epoch=1323 loss=0.00031868 recon=0.00007192 beh=6.233327 w=0.000 lr=5.685e-04 time=0.172s
[RQ-VAE] epoch=1324 loss=0.00031980 recon=0.00007213 beh=6.240861 w=0.000 lr=5.681e-04 time=0.172s
[RQ-VAE] epoch=1325 loss=0.00031611 recon=0.00007202 beh=6.244069 w=0.000 lr=5.678e-04 time=0.174s
[RQ-VAE] epoch=1326 loss=0.00031750 recon=0.00007195 beh=6.231376 w=0.000 lr=5.675e-04 time=0.173s
[RQ-VAE] epoch=1327 loss=0.00031953 recon=0.00007185 beh=6.231512 w=0.000 lr=5.671e-04 time=0.172s
[RQ-VAE] epoch=1328 loss=0.00031918 recon=0.00007179 beh=6.236965 w=0.000 lr=5.668e-04 time=0.172s
[RQ-VAE] epoch=1329 loss=0.00031880 recon=0.00007181 beh=6.237255 w=0.000 lr=5.664e-04 time=0.172s
[RQ-VAE] epoch=1330 loss=0.00031804 recon=0.00007200 beh=6.233744 w=0.000 lr=5.661e-04 time=0.172s
[RQ-VAE] epoch=1331 loss=0.00031832 recon=0.00007189 beh=6.238095 w=0.000 lr=5.658e-04 time=0.172s
[RQ-VAE] epoch=1332 loss=0.00031984 recon=0.00007185 beh=6.239541 w=0.000 lr=5.654e-04 time=0.172s
[RQ-VAE] epoch=1333 loss=0.00031860 recon=0.00007181 beh=6.241951 w=0.000 lr=5.651e-04 time=0.173s
[RQ-VAE] epoch=1334 loss=0.00031926 recon=0.00007185 beh=6.238371 w=0.000 lr=5.647e-04 time=0.172s
[RQ-VAE] epoch=1335 loss=0.00031775 recon=0.00007184 beh=6.236790 w=0.000 lr=5.644e-04 time=0.172s
[RQ-VAE] epoch=1336 loss=0.00031887 recon=0.00007176 beh=6.238372 w=0.000 lr=5.641e-04 time=0.173s
[RQ-VAE] epoch=1337 loss=0.00031787 recon=0.00007178 beh=6.232055 w=0.000 lr=5.637e-04 time=0.172s
[RQ-VAE] epoch=1338 loss=0.00031775 recon=0.00007167 beh=6.238937 w=0.000 lr=5.634e-04 time=0.172s
[RQ-VAE] epoch=1339 loss=0.00031862 recon=0.00007179 beh=6.238371 w=0.000 lr=5.631e-04 time=0.175s
[RQ-VAE] epoch=1340 loss=0.00031853 recon=0.00007175 beh=6.234693 w=0.000 lr=5.627e-04 time=0.172s
[RQ-VAE] epoch=1341 loss=0.00031859 recon=0.00007174 beh=6.235265 w=0.000 lr=5.624e-04 time=0.173s
[RQ-VAE] epoch=1342 loss=0.00031761 recon=0.00007175 beh=6.239048 w=0.000 lr=5.620e-04 time=0.264s
[RQ-VAE] epoch=1343 loss=0.00031779 recon=0.00007181 beh=6.240366 w=0.000 lr=5.617e-04 time=0.172s
[RQ-VAE] epoch=1344 loss=0.00031763 recon=0.00007167 beh=6.240783 w=0.000 lr=5.614e-04 time=0.172s
[RQ-VAE] epoch=1345 loss=0.00031681 recon=0.00007183 beh=6.243295 w=0.000 lr=5.610e-04 time=0.172s
[RQ-VAE] epoch=1346 loss=0.00031794 recon=0.00007187 beh=6.235804 w=0.000 lr=5.607e-04 time=0.173s
[RQ-VAE] epoch=1347 loss=0.00031877 recon=0.00007184 beh=6.238796 w=0.000 lr=5.603e-04 time=0.172s
[RQ-VAE] epoch=1348 loss=0.00031811 recon=0.00007180 beh=6.236698 w=0.000 lr=5.600e-04 time=0.172s
[RQ-VAE] epoch=1349 loss=0.00031768 recon=0.00007180 beh=6.230378 w=0.000 lr=5.597e-04 time=0.172s
[RQ-VAE] epoch=1350 loss=0.00031650 recon=0.00007172 lr=5.593e-04 raw_unique=20484/24587 collision=0.166877 time=0.173s
[RQ-VAE] epoch=1351 loss=0.00031791 recon=0.00007188 beh=6.242879 w=0.000 lr=5.590e-04 time=0.173s
[RQ-VAE] epoch=1352 loss=0.00031785 recon=0.00007178 beh=6.233648 w=0.000 lr=5.586e-04 time=0.172s
[RQ-VAE] epoch=1353 loss=0.00031852 recon=0.00007175 beh=6.239652 w=0.000 lr=5.583e-04 time=0.173s
[RQ-VAE] epoch=1354 loss=0.00031854 recon=0.00007168 beh=6.242225 w=0.000 lr=5.580e-04 time=0.173s
[RQ-VAE] epoch=1355 loss=0.00031841 recon=0.00007162 beh=6.234601 w=0.000 lr=5.576e-04 time=0.172s
[RQ-VAE] epoch=1356 loss=0.00032005 recon=0.00007166 beh=6.236121 w=0.000 lr=5.573e-04 time=0.172s
[RQ-VAE] epoch=1357 loss=0.00031986 recon=0.00007154 beh=6.238438 w=0.000 lr=5.569e-04 time=0.265s
[RQ-VAE] epoch=1358 loss=0.00031875 recon=0.00007177 beh=6.237759 w=0.000 lr=5.566e-04 time=0.173s
[RQ-VAE] epoch=1359 loss=0.00032083 recon=0.00007160 beh=6.247523 w=0.000 lr=5.563e-04 time=0.173s
[RQ-VAE] epoch=1360 loss=0.00031806 recon=0.00007171 beh=6.234273 w=0.000 lr=5.559e-04 time=0.173s
[RQ-VAE] epoch=1361 loss=0.00031966 recon=0.00007197 beh=6.234717 w=0.000 lr=5.556e-04 time=0.173s
[RQ-VAE] epoch=1362 loss=0.00032240 recon=0.00007176 beh=6.242175 w=0.000 lr=5.553e-04 time=0.173s
[RQ-VAE] epoch=1363 loss=0.00032229 recon=0.00007169 beh=6.236480 w=0.000 lr=5.549e-04 time=0.174s
[RQ-VAE] epoch=1364 loss=0.00032110 recon=0.00007172 beh=6.237408 w=0.000 lr=5.546e-04 time=0.173s
[RQ-VAE] epoch=1365 loss=0.00032066 recon=0.00007170 beh=6.238929 w=0.000 lr=5.542e-04 time=0.174s
[RQ-VAE] epoch=1366 loss=0.00032028 recon=0.00007158 beh=6.241412 w=0.000 lr=5.539e-04 time=0.174s
[RQ-VAE] epoch=1367 loss=0.00031948 recon=0.00007148 beh=6.238414 w=0.000 lr=5.536e-04 time=0.173s
[RQ-VAE] epoch=1368 loss=0.00031929 recon=0.00007148 beh=6.243764 w=0.000 lr=5.532e-04 time=0.174s
[RQ-VAE] epoch=1369 loss=0.00031792 recon=0.00007147 beh=6.236386 w=0.000 lr=5.529e-04 time=0.173s
[RQ-VAE] epoch=1370 loss=0.00032031 recon=0.00007154 beh=6.236567 w=0.000 lr=5.525e-04 time=0.174s
[RQ-VAE] epoch=1371 loss=0.00031826 recon=0.00007168 beh=6.232139 w=0.000 lr=5.522e-04 time=0.174s
[RQ-VAE] epoch=1372 loss=0.00031917 recon=0.00007144 beh=6.235817 w=0.000 lr=5.519e-04 time=0.172s
[RQ-VAE] epoch=1373 loss=0.00031959 recon=0.00007166 beh=6.235981 w=0.000 lr=5.515e-04 time=0.173s
[RQ-VAE] epoch=1374 loss=0.00032013 recon=0.00007153 beh=6.247146 w=0.000 lr=5.512e-04 time=0.173s
[RQ-VAE] epoch=1375 loss=0.00031843 recon=0.00007149 beh=6.237836 w=0.000 lr=5.508e-04 time=0.172s
[RQ-VAE] epoch=1376 loss=0.00031844 recon=0.00007161 beh=6.235733 w=0.000 lr=5.505e-04 time=0.173s
[RQ-VAE] epoch=1377 loss=0.00031960 recon=0.00007159 beh=6.238514 w=0.000 lr=5.502e-04 time=0.173s
[RQ-VAE] epoch=1378 loss=0.00031860 recon=0.00007150 beh=6.237554 w=0.000 lr=5.498e-04 time=0.173s
[RQ-VAE] epoch=1379 loss=0.00031929 recon=0.00007154 beh=6.236401 w=0.000 lr=5.495e-04 time=0.172s
[RQ-VAE] epoch=1380 loss=0.00031802 recon=0.00007141 beh=6.232825 w=0.000 lr=5.492e-04 time=0.173s
[RQ-VAE] epoch=1381 loss=0.00031744 recon=0.00007143 beh=6.235970 w=0.000 lr=5.488e-04 time=0.173s
[RQ-VAE] epoch=1382 loss=0.00031868 recon=0.00007153 beh=6.231240 w=0.000 lr=5.485e-04 time=0.174s
[RQ-VAE] epoch=1383 loss=0.00031897 recon=0.00007168 beh=6.238678 w=0.000 lr=5.481e-04 time=0.173s
[RQ-VAE] epoch=1384 loss=0.00031950 recon=0.00007150 beh=6.235474 w=0.000 lr=5.478e-04 time=0.173s
[RQ-VAE] epoch=1385 loss=0.00031825 recon=0.00007147 beh=6.240678 w=0.000 lr=5.475e-04 time=0.174s
[RQ-VAE] epoch=1386 loss=0.00031823 recon=0.00007152 beh=6.237370 w=0.000 lr=5.471e-04 time=0.173s
[RQ-VAE] epoch=1387 loss=0.00031858 recon=0.00007145 beh=6.235730 w=0.000 lr=5.468e-04 time=0.171s
[RQ-VAE] epoch=1388 loss=0.00031847 recon=0.00007146 beh=6.232648 w=0.000 lr=5.464e-04 time=0.173s
[RQ-VAE] epoch=1389 loss=0.00031688 recon=0.00007164 beh=6.232609 w=0.000 lr=5.461e-04 time=0.172s
[RQ-VAE] epoch=1390 loss=0.00031798 recon=0.00007141 beh=6.237464 w=0.000 lr=5.458e-04 time=0.173s
[RQ-VAE] epoch=1391 loss=0.00032042 recon=0.00007137 beh=6.235225 w=0.000 lr=5.454e-04 time=0.173s
[RQ-VAE] epoch=1392 loss=0.00031897 recon=0.00007127 beh=6.237802 w=0.000 lr=5.451e-04 time=0.173s
[RQ-VAE] epoch=1393 loss=0.00031753 recon=0.00007143 beh=6.236294 w=0.000 lr=5.447e-04 time=0.173s
[RQ-VAE] epoch=1394 loss=0.00031823 recon=0.00007137 beh=6.235574 w=0.000 lr=5.444e-04 time=0.173s
[RQ-VAE] epoch=1395 loss=0.00031715 recon=0.00007135 beh=6.236339 w=0.000 lr=5.441e-04 time=0.172s
[RQ-VAE] epoch=1396 loss=0.00031756 recon=0.00007156 beh=6.236326 w=0.000 lr=5.437e-04 time=0.173s
[RQ-VAE] epoch=1397 loss=0.00031738 recon=0.00007144 beh=6.242589 w=0.000 lr=5.434e-04 time=0.173s
[RQ-VAE] epoch=1398 loss=0.00031843 recon=0.00007151 beh=6.229510 w=0.000 lr=5.431e-04 time=0.173s
[RQ-VAE] epoch=1399 loss=0.00031949 recon=0.00007140 beh=6.242229 w=0.000 lr=5.427e-04 time=0.173s
[RQ-VAE] epoch=1400 loss=0.00031770 recon=0.00007132 lr=5.424e-04 raw_unique=20409/24587 collision=0.169927 time=0.169s
[RQ-VAE] epoch=1401 loss=0.00031796 recon=0.00007145 beh=6.241298 w=0.000 lr=5.420e-04 time=0.17s
[RQ-VAE] epoch=1402 loss=0.00031768 recon=0.00007126 beh=6.236815 w=0.000 lr=5.417e-04 time=0.168s
[RQ-VAE] epoch=1403 loss=0.00031861 recon=0.00007140 beh=6.236482 w=0.000 lr=5.414e-04 time=0.17s
[RQ-VAE] epoch=1404 loss=0.00031787 recon=0.00007146 beh=6.237238 w=0.000 lr=5.410e-04 time=0.169s
[RQ-VAE] epoch=1405 loss=0.00031776 recon=0.00007138 beh=6.232597 w=0.000 lr=5.407e-04 time=0.17s
[RQ-VAE] epoch=1406 loss=0.00031832 recon=0.00007148 beh=6.238409 w=0.000 lr=5.403e-04 time=0.17s
[RQ-VAE] epoch=1407 loss=0.00031888 recon=0.00007131 beh=6.233191 w=0.000 lr=5.400e-04 time=0.17s
[RQ-VAE] epoch=1408 loss=0.00031851 recon=0.00007131 beh=6.236831 w=0.000 lr=5.397e-04 time=0.169s
[RQ-VAE] epoch=1409 loss=0.00031769 recon=0.00007140 beh=6.235175 w=0.000 lr=5.393e-04 time=0.17s
[RQ-VAE] epoch=1410 loss=0.00031892 recon=0.00007139 beh=6.235128 w=0.000 lr=5.390e-04 time=0.171s
[RQ-VAE] epoch=1411 loss=0.00032012 recon=0.00007159 beh=6.239391 w=0.000 lr=5.386e-04 time=0.169s
[RQ-VAE] epoch=1412 loss=0.00032125 recon=0.00007152 beh=6.231929 w=0.000 lr=5.383e-04 time=0.169s
[RQ-VAE] epoch=1413 loss=0.00031885 recon=0.00007150 beh=6.237923 w=0.000 lr=5.380e-04 time=0.262s
[RQ-VAE] epoch=1414 loss=0.00031890 recon=0.00007147 beh=6.245615 w=0.000 lr=5.376e-04 time=0.17s
[RQ-VAE] epoch=1415 loss=0.00032000 recon=0.00007148 beh=6.240515 w=0.000 lr=5.373e-04 time=0.17s
[RQ-VAE] epoch=1416 loss=0.00032061 recon=0.00007149 beh=6.242736 w=0.000 lr=5.369e-04 time=0.17s
[RQ-VAE] epoch=1417 loss=0.00032095 recon=0.00007150 beh=6.238171 w=0.000 lr=5.366e-04 time=0.171s
[RQ-VAE] epoch=1418 loss=0.00032092 recon=0.00007135 beh=6.238831 w=0.000 lr=5.363e-04 time=0.172s
[RQ-VAE] epoch=1419 loss=0.00031915 recon=0.00007153 beh=6.237399 w=0.000 lr=5.359e-04 time=0.17s
[RQ-VAE] epoch=1420 loss=0.00032063 recon=0.00007139 beh=6.240559 w=0.000 lr=5.356e-04 time=0.17s
[RQ-VAE] epoch=1421 loss=0.00032001 recon=0.00007152 beh=6.236085 w=0.000 lr=5.353e-04 time=0.17s
[RQ-VAE] epoch=1422 loss=0.00032152 recon=0.00007149 beh=6.238265 w=0.000 lr=5.349e-04 time=0.17s
[RQ-VAE] epoch=1423 loss=0.00032034 recon=0.00007126 beh=6.238672 w=0.000 lr=5.346e-04 time=0.17s
[RQ-VAE] epoch=1424 loss=0.00032047 recon=0.00007133 beh=6.235846 w=0.000 lr=5.342e-04 time=0.169s
[RQ-VAE] epoch=1425 loss=0.00032075 recon=0.00007128 beh=6.235056 w=0.000 lr=5.339e-04 time=0.169s
[RQ-VAE] epoch=1426 loss=0.00032064 recon=0.00007144 beh=6.236488 w=0.000 lr=5.336e-04 time=0.17s
[RQ-VAE] epoch=1427 loss=0.00032052 recon=0.00007136 beh=6.238713 w=0.000 lr=5.332e-04 time=0.169s
[RQ-VAE] epoch=1428 loss=0.00032090 recon=0.00007145 beh=6.232384 w=0.000 lr=5.329e-04 time=0.169s
[RQ-VAE] epoch=1429 loss=0.00032164 recon=0.00007140 beh=6.239747 w=0.000 lr=5.325e-04 time=0.17s
[RQ-VAE] epoch=1430 loss=0.00032218 recon=0.00007143 beh=6.238084 w=0.000 lr=5.322e-04 time=0.169s
[RQ-VAE] epoch=1431 loss=0.00032218 recon=0.00007138 beh=6.233832 w=0.000 lr=5.319e-04 time=0.169s
[RQ-VAE] epoch=1432 loss=0.00032075 recon=0.00007138 beh=6.242384 w=0.000 lr=5.315e-04 time=0.169s
[RQ-VAE] epoch=1433 loss=0.00032115 recon=0.00007153 beh=6.234350 w=0.000 lr=5.312e-04 time=0.17s
[RQ-VAE] epoch=1434 loss=0.00032179 recon=0.00007135 beh=6.241802 w=0.000 lr=5.308e-04 time=0.17s
[RQ-VAE] epoch=1435 loss=0.00032281 recon=0.00007151 beh=6.234933 w=0.000 lr=5.305e-04 time=0.17s
[RQ-VAE] epoch=1436 loss=0.00032179 recon=0.00007148 beh=6.239661 w=0.000 lr=5.302e-04 time=0.171s
[RQ-VAE] epoch=1437 loss=0.00032260 recon=0.00007152 beh=6.235920 w=0.000 lr=5.298e-04 time=0.171s
[RQ-VAE] epoch=1438 loss=0.00032226 recon=0.00007129 beh=6.236582 w=0.000 lr=5.295e-04 time=0.17s
[RQ-VAE] epoch=1439 loss=0.00032222 recon=0.00007111 beh=6.237819 w=0.000 lr=5.292e-04 time=0.17s
[RQ-VAE] epoch=1440 loss=0.00032147 recon=0.00007137 beh=6.242867 w=0.000 lr=5.288e-04 time=0.17s
[RQ-VAE] epoch=1441 loss=0.00032185 recon=0.00007134 beh=6.235081 w=0.000 lr=5.285e-04 time=0.172s
[RQ-VAE] epoch=1442 loss=0.00032315 recon=0.00007162 beh=6.235458 w=0.000 lr=5.281e-04 time=0.262s
[RQ-VAE] epoch=1443 loss=0.00032401 recon=0.00007126 beh=6.239784 w=0.000 lr=5.278e-04 time=0.17s
[RQ-VAE] epoch=1444 loss=0.00032127 recon=0.00007121 beh=6.240349 w=0.000 lr=5.275e-04 time=0.17s
[RQ-VAE] epoch=1445 loss=0.00031984 recon=0.00007117 beh=6.237074 w=0.000 lr=5.271e-04 time=0.169s
[RQ-VAE] epoch=1446 loss=0.00032171 recon=0.00007129 beh=6.232224 w=0.000 lr=5.268e-04 time=0.17s
[RQ-VAE] epoch=1447 loss=0.00032276 recon=0.00007111 beh=6.236815 w=0.000 lr=5.264e-04 time=0.17s
[RQ-VAE] epoch=1448 loss=0.00032206 recon=0.00007105 beh=6.232046 w=0.000 lr=5.261e-04 time=0.17s
[RQ-VAE] epoch=1449 loss=0.00031970 recon=0.00007117 beh=6.237844 w=0.000 lr=5.258e-04 time=0.169s
[RQ-VAE] epoch=1450 loss=0.00032067 recon=0.00007135 lr=5.254e-04 raw_unique=20450/24587 collision=0.168260 time=0.17s
[RQ-VAE] epoch=1451 loss=0.00032109 recon=0.00007136 beh=6.238705 w=0.000 lr=5.251e-04 time=0.17s
[RQ-VAE] epoch=1452 loss=0.00032063 recon=0.00007111 beh=6.239156 w=0.000 lr=5.247e-04 time=0.171s
[RQ-VAE] epoch=1453 loss=0.00031964 recon=0.00007110 beh=6.231919 w=0.000 lr=5.244e-04 time=0.169s
[RQ-VAE] epoch=1454 loss=0.00031907 recon=0.00007137 beh=6.235703 w=0.000 lr=5.241e-04 time=0.17s
[RQ-VAE] epoch=1455 loss=0.00031999 recon=0.00007112 beh=6.230208 w=0.000 lr=5.237e-04 time=0.17s
[RQ-VAE] epoch=1456 loss=0.00031979 recon=0.00007121 beh=6.242191 w=0.000 lr=5.234e-04 time=0.171s
[RQ-VAE] epoch=1457 loss=0.00032004 recon=0.00007100 beh=6.237645 w=0.000 lr=5.231e-04 time=0.169s
[RQ-VAE] epoch=1458 loss=0.00032003 recon=0.00007092 beh=6.233203 w=0.000 lr=5.227e-04 time=0.17s
[RQ-VAE] epoch=1459 loss=0.00031975 recon=0.00007099 beh=6.236356 w=0.000 lr=5.224e-04 time=0.17s
[RQ-VAE] epoch=1460 loss=0.00031952 recon=0.00007113 beh=6.239809 w=0.000 lr=5.220e-04 time=0.169s
[RQ-VAE] epoch=1461 loss=0.00031839 recon=0.00007086 beh=6.244000 w=0.000 lr=5.217e-04 time=0.17s
[RQ-VAE] epoch=1462 loss=0.00031706 recon=0.00007097 beh=6.235715 w=0.000 lr=5.214e-04 time=0.264s
[RQ-VAE] epoch=1463 loss=0.00031712 recon=0.00007105 beh=6.240158 w=0.000 lr=5.210e-04 time=0.169s
[RQ-VAE] epoch=1464 loss=0.00031863 recon=0.00007099 beh=6.236965 w=0.000 lr=5.207e-04 time=0.171s
[RQ-VAE] epoch=1465 loss=0.00031948 recon=0.00007085 beh=6.237238 w=0.000 lr=5.203e-04 time=0.169s
[RQ-VAE] epoch=1466 loss=0.00031805 recon=0.00007107 beh=6.238572 w=0.000 lr=5.200e-04 time=0.171s
[RQ-VAE] epoch=1467 loss=0.00031715 recon=0.00007085 beh=6.240559 w=0.000 lr=5.197e-04 time=0.171s
[RQ-VAE] epoch=1468 loss=0.00031878 recon=0.00007104 beh=6.238678 w=0.000 lr=5.193e-04 time=0.17s
[RQ-VAE] epoch=1469 loss=0.00031943 recon=0.00007094 beh=6.235678 w=0.000 lr=5.190e-04 time=0.171s
[RQ-VAE] epoch=1470 loss=0.00031990 recon=0.00007113 beh=6.240404 w=0.000 lr=5.186e-04 time=0.169s
[RQ-VAE] epoch=1471 loss=0.00031994 recon=0.00007117 beh=6.232981 w=0.000 lr=5.183e-04 time=0.171s
[RQ-VAE] epoch=1472 loss=0.00031926 recon=0.00007101 beh=6.236052 w=0.000 lr=5.180e-04 time=0.17s
[RQ-VAE] epoch=1473 loss=0.00031932 recon=0.00007096 beh=6.232703 w=0.000 lr=5.176e-04 time=0.17s
[RQ-VAE] epoch=1474 loss=0.00031836 recon=0.00007093 beh=6.235724 w=0.000 lr=5.173e-04 time=0.17s
[RQ-VAE] epoch=1475 loss=0.00031863 recon=0.00007114 beh=6.234674 w=0.000 lr=5.169e-04 time=0.17s
[RQ-VAE] epoch=1476 loss=0.00031932 recon=0.00007120 beh=6.235275 w=0.000 lr=5.166e-04 time=0.17s
[RQ-VAE] epoch=1477 loss=0.00032014 recon=0.00007094 beh=6.237932 w=0.000 lr=5.163e-04 time=0.262s
[RQ-VAE] epoch=1478 loss=0.00031885 recon=0.00007118 beh=6.237826 w=0.000 lr=5.159e-04 time=0.17s
[RQ-VAE] epoch=1479 loss=0.00031917 recon=0.00007115 beh=6.244366 w=0.000 lr=5.156e-04 time=0.171s
[RQ-VAE] epoch=1480 loss=0.00031953 recon=0.00007113 beh=6.234312 w=0.000 lr=5.153e-04 time=0.17s
[RQ-VAE] epoch=1481 loss=0.00031802 recon=0.00007090 beh=6.240454 w=0.000 lr=5.149e-04 time=0.17s
[RQ-VAE] epoch=1482 loss=0.00031903 recon=0.00007103 beh=6.234902 w=0.000 lr=5.146e-04 time=0.17s
[RQ-VAE] epoch=1483 loss=0.00031791 recon=0.00007101 beh=6.236166 w=0.000 lr=5.142e-04 time=0.171s
[RQ-VAE] epoch=1484 loss=0.00031725 recon=0.00007092 beh=6.235373 w=0.000 lr=5.139e-04 time=0.171s
[RQ-VAE] epoch=1485 loss=0.00031731 recon=0.00007090 beh=6.239556 w=0.000 lr=5.136e-04 time=0.171s
[RQ-VAE] epoch=1486 loss=0.00031780 recon=0.00007100 beh=6.240576 w=0.000 lr=5.132e-04 time=0.17s
[RQ-VAE] epoch=1487 loss=0.00031870 recon=0.00007101 beh=6.237967 w=0.000 lr=5.129e-04 time=0.171s
[RQ-VAE] epoch=1488 loss=0.00031791 recon=0.00007074 beh=6.236486 w=0.000 lr=5.125e-04 time=0.171s
[RQ-VAE] epoch=1489 loss=0.00031792 recon=0.00007085 beh=6.243884 w=0.000 lr=5.122e-04 time=0.171s
[RQ-VAE] epoch=1490 loss=0.00031922 recon=0.00007084 beh=6.239172 w=0.000 lr=5.119e-04 time=0.17s
[RQ-VAE] epoch=1491 loss=0.00031783 recon=0.00007098 beh=6.232381 w=0.000 lr=5.115e-04 time=0.169s
[RQ-VAE] epoch=1492 loss=0.00031768 recon=0.00007078 beh=6.235046 w=0.000 lr=5.112e-04 time=0.171s
[RQ-VAE] epoch=1493 loss=0.00031868 recon=0.00007093 beh=6.234708 w=0.000 lr=5.108e-04 time=0.17s
[RQ-VAE] epoch=1494 loss=0.00031822 recon=0.00007073 beh=6.239896 w=0.000 lr=5.105e-04 time=0.171s
[RQ-VAE] epoch=1495 loss=0.00031942 recon=0.00007074 beh=6.233499 w=0.000 lr=5.102e-04 time=0.169s
[RQ-VAE] epoch=1496 loss=0.00031995 recon=0.00007073 beh=6.232952 w=0.000 lr=5.098e-04 time=0.171s
[RQ-VAE] epoch=1497 loss=0.00031936 recon=0.00007077 beh=6.237849 w=0.000 lr=5.095e-04 time=0.17s
[RQ-VAE] epoch=1498 loss=0.00031823 recon=0.00007073 beh=6.238602 w=0.000 lr=5.092e-04 time=0.168s
[RQ-VAE] epoch=1499 loss=0.00031858 recon=0.00007058 beh=6.237104 w=0.000 lr=5.088e-04 time=0.169s
[RQ-VAE] epoch=1500 loss=0.00031848 recon=0.00007072 lr=5.085e-04 raw_unique=20509/24587 collision=0.165860 time=0.17s
[RQ-VAE] epoch=1501 loss=0.00115303 recon=0.00007097 beh=6.224823 w=0.000 lr=5.081e-04 time=0.171s
[RQ-VAE] epoch=1502 loss=0.00197753 recon=0.00007202 beh=6.181838 w=0.000 lr=5.078e-04 time=0.169s
[RQ-VAE] epoch=1503 loss=0.00279154 recon=0.00007325 beh=6.165253 w=0.000 lr=5.075e-04 time=0.171s
[RQ-VAE] epoch=1504 loss=0.00361288 recon=0.00007452 beh=6.161145 w=0.001 lr=5.071e-04 time=0.17s
[RQ-VAE] epoch=1505 loss=0.00442883 recon=0.00007585 beh=6.152109 w=0.001 lr=5.068e-04 time=0.169s
[RQ-VAE] epoch=1506 loss=0.00524905 recon=0.00007705 beh=6.150387 w=0.001 lr=5.064e-04 time=0.17s
[RQ-VAE] epoch=1507 loss=0.00605990 recon=0.00007772 beh=6.141947 w=0.001 lr=5.061e-04 time=0.169s
[RQ-VAE] epoch=1508 loss=0.00686821 recon=0.00007927 beh=6.129108 w=0.001 lr=5.058e-04 time=0.17s
[RQ-VAE] epoch=1509 loss=0.00768414 recon=0.00008038 beh=6.130250 w=0.001 lr=5.054e-04 time=0.171s
[RQ-VAE] epoch=1510 loss=0.00849429 recon=0.00008156 beh=6.129076 w=0.001 lr=5.051e-04 time=0.169s
[RQ-VAE] epoch=1511 loss=0.00929437 recon=0.00008237 beh=6.119771 w=0.001 lr=5.047e-04 time=0.17s
[RQ-VAE] epoch=1512 loss=0.01009468 recon=0.00008250 beh=6.107781 w=0.002 lr=5.044e-04 time=0.17s
[RQ-VAE] epoch=1513 loss=0.01090810 recon=0.00008429 beh=6.107675 w=0.002 lr=5.041e-04 time=0.169s
[RQ-VAE] epoch=1514 loss=0.01170619 recon=0.00008616 beh=6.101019 w=0.002 lr=5.037e-04 time=0.169s
[RQ-VAE] epoch=1515 loss=0.01251104 recon=0.00008693 beh=6.098741 w=0.002 lr=5.034e-04 time=0.17s
[RQ-VAE] epoch=1516 loss=0.01332525 recon=0.00008662 beh=6.098659 w=0.002 lr=5.031e-04 time=0.169s
[RQ-VAE] epoch=1517 loss=0.01411246 recon=0.00008789 beh=6.086500 w=0.002 lr=5.027e-04 time=0.169s
[RQ-VAE] epoch=1518 loss=0.01491233 recon=0.00008961 beh=6.082142 w=0.002 lr=5.024e-04 time=0.169s
[RQ-VAE] epoch=1519 loss=0.01572574 recon=0.00008950 beh=6.083832 w=0.003 lr=5.020e-04 time=0.169s
[RQ-VAE] epoch=1520 loss=0.01652564 recon=0.00009180 beh=6.079946 w=0.003 lr=5.017e-04 time=0.17s
[RQ-VAE] epoch=1521 loss=0.01735134 recon=0.00009164 beh=6.087084 w=0.003 lr=5.014e-04 time=0.171s
[RQ-VAE] epoch=1522 loss=0.01811455 recon=0.00009183 beh=6.068903 w=0.003 lr=5.010e-04 time=0.17s
[RQ-VAE] epoch=1523 loss=0.01896929 recon=0.00009292 beh=6.083121 w=0.003 lr=5.007e-04 time=0.17s
[RQ-VAE] epoch=1524 loss=0.01976017 recon=0.00009322 beh=6.077263 w=0.003 lr=5.003e-04 time=0.17s
[RQ-VAE] epoch=1525 loss=0.02055751 recon=0.00009416 beh=6.071996 w=0.003 lr=5.000e-04 time=0.17s
[RQ-VAE] epoch=1526 loss=0.02136045 recon=0.00009528 beh=6.070044 w=0.003 lr=4.997e-04 time=0.17s
[RQ-VAE] epoch=1527 loss=0.02213890 recon=0.00009640 beh=6.062778 w=0.004 lr=4.993e-04 time=0.171s
[RQ-VAE] epoch=1528 loss=0.02293951 recon=0.00009705 beh=6.062145 w=0.004 lr=4.990e-04 time=0.17s
[RQ-VAE] epoch=1529 loss=0.02374664 recon=0.00009765 beh=6.062274 w=0.004 lr=4.986e-04 time=0.169s
[RQ-VAE] epoch=1530 loss=0.02459599 recon=0.00009914 beh=6.070849 w=0.004 lr=4.983e-04 time=0.169s
[RQ-VAE] epoch=1531 loss=0.02536071 recon=0.00009796 beh=6.060871 w=0.004 lr=4.980e-04 time=0.17s
[RQ-VAE] epoch=1532 loss=0.02616941 recon=0.00009889 beh=6.060656 w=0.004 lr=4.976e-04 time=0.171s
[RQ-VAE] epoch=1533 loss=0.02697401 recon=0.00009981 beh=6.060226 w=0.004 lr=4.973e-04 time=0.169s
[RQ-VAE] epoch=1534 loss=0.02776990 recon=0.00010148 beh=6.057389 w=0.005 lr=4.969e-04 time=0.258s
[RQ-VAE] epoch=1535 loss=0.02860733 recon=0.00010239 beh=6.064132 w=0.005 lr=4.966e-04 time=0.169s
[RQ-VAE] epoch=1536 loss=0.02941450 recon=0.00010156 beh=6.064824 w=0.005 lr=4.963e-04 time=0.17s
[RQ-VAE] epoch=1537 loss=0.03018226 recon=0.00010132 beh=6.057042 w=0.005 lr=4.959e-04 time=0.17s
[RQ-VAE] epoch=1538 loss=0.03098197 recon=0.00010234 beh=6.055420 w=0.005 lr=4.956e-04 time=0.169s
[RQ-VAE] epoch=1539 loss=0.03180939 recon=0.00010333 beh=6.059359 w=0.005 lr=4.953e-04 time=0.17s
[RQ-VAE] epoch=1540 loss=0.03263611 recon=0.00010341 beh=6.061921 w=0.005 lr=4.949e-04 time=0.17s
[RQ-VAE] epoch=1541 loss=0.03334625 recon=0.00010254 beh=6.043211 w=0.005 lr=4.946e-04 time=0.169s
[RQ-VAE] epoch=1542 loss=0.03414635 recon=0.00010361 beh=6.042746 w=0.006 lr=4.942e-04 time=0.17s
[RQ-VAE] epoch=1543 loss=0.03503906 recon=0.00010407 beh=6.058959 w=0.006 lr=4.939e-04 time=0.171s
[RQ-VAE] epoch=1544 loss=0.03579647 recon=0.00010479 beh=6.050901 w=0.006 lr=4.936e-04 time=0.169s
[RQ-VAE] epoch=1545 loss=0.03664394 recon=0.00010652 beh=6.056054 w=0.006 lr=4.932e-04 time=0.17s
[RQ-VAE] epoch=1546 loss=0.03736622 recon=0.00010632 beh=6.042583 w=0.006 lr=4.929e-04 time=0.169s
[RQ-VAE] epoch=1547 loss=0.03819504 recon=0.00010602 beh=6.046718 w=0.006 lr=4.925e-04 time=0.17s
[RQ-VAE] epoch=1548 loss=0.03902575 recon=0.00010656 beh=6.051342 w=0.006 lr=4.922e-04 time=0.17s
[RQ-VAE] epoch=1549 loss=0.03981834 recon=0.00010701 beh=6.048597 w=0.007 lr=4.919e-04 time=0.169s
[RQ-VAE] epoch=1550 loss=0.04058883 recon=0.00010670 lr=4.915e-04 raw_unique=21571/24587 collision=0.122666 time=0.17s
[RQ-VAE] epoch=1551 loss=0.04139876 recon=0.00010723 beh=6.043674 w=0.007 lr=4.912e-04 time=0.171s
[RQ-VAE] epoch=1552 loss=0.04219092 recon=0.00010706 beh=6.041826 w=0.007 lr=4.908e-04 time=0.169s
[RQ-VAE] epoch=1553 loss=0.04298802 recon=0.00010703 beh=6.041344 w=0.007 lr=4.905e-04 time=0.17s
[RQ-VAE] epoch=1554 loss=0.04380437 recon=0.00010892 beh=6.042001 w=0.007 lr=4.902e-04 time=0.17s
[RQ-VAE] epoch=1555 loss=0.04459403 recon=0.00010991 beh=6.039368 w=0.007 lr=4.898e-04 time=0.17s
[RQ-VAE] epoch=1556 loss=0.04541304 recon=0.00010996 beh=6.042273 w=0.007 lr=4.895e-04 time=0.17s
[RQ-VAE] epoch=1557 loss=0.04622129 recon=0.00010932 beh=6.042709 w=0.008 lr=4.892e-04 time=0.169s
[RQ-VAE] epoch=1558 loss=0.04705707 recon=0.00010958 beh=6.046785 w=0.008 lr=4.888e-04 time=0.169s
[RQ-VAE] epoch=1559 loss=0.04774478 recon=0.00011032 beh=6.031260 w=0.008 lr=4.885e-04 time=0.169s
[RQ-VAE] epoch=1560 loss=0.04854430 recon=0.00011112 beh=6.030286 w=0.008 lr=4.881e-04 time=0.17s
[RQ-VAE] epoch=1561 loss=0.04945437 recon=0.00011140 beh=6.044172 w=0.008 lr=4.878e-04 time=0.169s
[RQ-VAE] epoch=1562 loss=0.05015480 recon=0.00011084 beh=6.031641 w=0.008 lr=4.875e-04 time=0.17s
[RQ-VAE] epoch=1563 loss=0.05098057 recon=0.00011080 beh=6.034051 w=0.008 lr=4.871e-04 time=0.26s
[RQ-VAE] epoch=1564 loss=0.05181589 recon=0.00011116 beh=6.038347 w=0.009 lr=4.868e-04 time=0.17s
[RQ-VAE] epoch=1565 loss=0.05264325 recon=0.00011108 beh=6.040789 w=0.009 lr=4.864e-04 time=0.169s
[RQ-VAE] epoch=1566 loss=0.05340430 recon=0.00011273 beh=6.034935 w=0.009 lr=4.861e-04 time=0.173s
[RQ-VAE] epoch=1567 loss=0.05421638 recon=0.00011202 beh=6.035649 w=0.009 lr=4.858e-04 time=0.173s
[RQ-VAE] epoch=1568 loss=0.05510489 recon=0.00011279 beh=6.045260 w=0.009 lr=4.854e-04 time=0.173s
[RQ-VAE] epoch=1569 loss=0.05583850 recon=0.00011315 beh=6.037110 w=0.009 lr=4.851e-04 time=0.174s
[RQ-VAE] epoch=1570 loss=0.05659296 recon=0.00011262 beh=6.031342 w=0.009 lr=4.847e-04 time=0.174s
[RQ-VAE] epoch=1571 loss=0.05737469 recon=0.00011342 beh=6.029634 w=0.009 lr=4.844e-04 time=0.173s
[RQ-VAE] epoch=1572 loss=0.05822413 recon=0.00011313 beh=6.034798 w=0.010 lr=4.841e-04 time=0.174s
[RQ-VAE] epoch=1573 loss=0.05895400 recon=0.00011361 beh=6.026875 w=0.010 lr=4.837e-04 time=0.174s
[RQ-VAE] epoch=1574 loss=0.05976747 recon=0.00011341 beh=6.027268 w=0.010 lr=4.834e-04 time=0.173s
[RQ-VAE] epoch=1575 loss=0.06059217 recon=0.00011413 beh=6.029331 w=0.010 lr=4.831e-04 time=0.173s
[RQ-VAE] epoch=1576 loss=0.06150676 recon=0.00011472 beh=6.040688 w=0.010 lr=4.827e-04 time=0.174s
[RQ-VAE] epoch=1577 loss=0.06231685 recon=0.00011450 beh=6.041656 w=0.010 lr=4.824e-04 time=0.173s
[RQ-VAE] epoch=1578 loss=0.06309301 recon=0.00011460 beh=6.038930 w=0.010 lr=4.820e-04 time=0.173s
[RQ-VAE] epoch=1579 loss=0.06380242 recon=0.00011604 beh=6.029612 w=0.011 lr=4.817e-04 time=0.173s
[RQ-VAE] epoch=1580 loss=0.06450537 recon=0.00011605 beh=6.020447 w=0.011 lr=4.814e-04 time=0.173s
[RQ-VAE] epoch=1581 loss=0.06541418 recon=0.00011577 beh=6.030374 w=0.011 lr=4.810e-04 time=0.174s
[RQ-VAE] epoch=1582 loss=0.06616433 recon=0.00011485 beh=6.025234 w=0.011 lr=4.807e-04 time=0.266s
[RQ-VAE] epoch=1583 loss=0.06713277 recon=0.00011522 beh=6.039945 w=0.011 lr=4.803e-04 time=0.174s
[RQ-VAE] epoch=1584 loss=0.06780583 recon=0.00011413 beh=6.028526 w=0.011 lr=4.800e-04 time=0.174s
[RQ-VAE] epoch=1585 loss=0.06868429 recon=0.00011424 beh=6.035233 w=0.011 lr=4.797e-04 time=0.173s
[RQ-VAE] epoch=1586 loss=0.06938642 recon=0.00011670 beh=6.026064 w=0.011 lr=4.793e-04 time=0.174s
[RQ-VAE] epoch=1587 loss=0.07016477 recon=0.00011647 beh=6.023747 w=0.012 lr=4.790e-04 time=0.175s
[RQ-VAE] epoch=1588 loss=0.07113470 recon=0.00011530 beh=6.038105 w=0.012 lr=4.786e-04 time=0.174s
[RQ-VAE] epoch=1589 loss=0.07187066 recon=0.00011640 beh=6.032676 w=0.012 lr=4.783e-04 time=0.174s
[RQ-VAE] epoch=1590 loss=0.07267660 recon=0.00011791 beh=6.032626 w=0.012 lr=4.780e-04 time=0.174s
[RQ-VAE] epoch=1591 loss=0.07343508 recon=0.00011834 beh=6.029213 w=0.012 lr=4.776e-04 time=0.174s
[RQ-VAE] epoch=1592 loss=0.07414012 recon=0.00011825 beh=6.020586 w=0.012 lr=4.773e-04 time=0.173s
[RQ-VAE] epoch=1593 loss=0.07495454 recon=0.00011822 beh=6.021540 w=0.012 lr=4.769e-04 time=0.173s
[RQ-VAE] epoch=1594 loss=0.07583249 recon=0.00011773 beh=6.027991 w=0.013 lr=4.766e-04 time=0.173s
[RQ-VAE] epoch=1595 loss=0.07662471 recon=0.00011801 beh=6.027122 w=0.013 lr=4.763e-04 time=0.174s
[RQ-VAE] epoch=1596 loss=0.07740736 recon=0.00011855 beh=6.025206 w=0.013 lr=4.759e-04 time=0.174s
[RQ-VAE] epoch=1597 loss=0.07815714 recon=0.00011925 beh=6.020569 w=0.013 lr=4.756e-04 time=0.266s
[RQ-VAE] epoch=1598 loss=0.07908729 recon=0.00011855 beh=6.030998 w=0.013 lr=4.753e-04 time=0.172s
[RQ-VAE] epoch=1599 loss=0.07969285 recon=0.00011987 beh=6.015607 w=0.013 lr=4.749e-04 time=0.172s
[RQ-VAE] epoch=1600 loss=0.08065364 recon=0.00012094 lr=4.746e-04 raw_unique=21953/24587 collision=0.107130 time=0.173s
[RQ-VAE] epoch=1601 loss=0.08135770 recon=0.00011955 beh=6.020301 w=0.013 lr=4.742e-04 time=0.172s
[RQ-VAE] epoch=1602 loss=0.08221870 recon=0.00011947 beh=6.024634 w=0.014 lr=4.739e-04 time=0.172s
[RQ-VAE] epoch=1603 loss=0.08298171 recon=0.00011986 beh=6.021960 w=0.014 lr=4.736e-04 time=0.172s
[RQ-VAE] epoch=1604 loss=0.08382165 recon=0.00011978 beh=6.024706 w=0.014 lr=4.732e-04 time=0.172s
[RQ-VAE] epoch=1605 loss=0.08467868 recon=0.00011943 beh=6.028508 w=0.014 lr=4.729e-04 time=0.172s
[RQ-VAE] epoch=1606 loss=0.08535255 recon=0.00011972 beh=6.019176 w=0.014 lr=4.725e-04 time=0.173s
[RQ-VAE] epoch=1607 loss=0.08624704 recon=0.00012044 beh=6.026139 w=0.014 lr=4.722e-04 time=0.172s
[RQ-VAE] epoch=1608 loss=0.08699147 recon=0.00012024 beh=6.021522 w=0.014 lr=4.719e-04 time=0.172s
[RQ-VAE] epoch=1609 loss=0.08768298 recon=0.00012026 beh=6.013572 w=0.015 lr=4.715e-04 time=0.172s
[RQ-VAE] epoch=1610 loss=0.08853458 recon=0.00011995 beh=6.017362 w=0.015 lr=4.712e-04 time=0.173s
[RQ-VAE] epoch=1611 loss=0.08944289 recon=0.00011949 beh=6.024763 w=0.015 lr=4.708e-04 time=0.171s
[RQ-VAE] epoch=1612 loss=0.09024163 recon=0.00011979 beh=6.024287 w=0.015 lr=4.705e-04 time=0.172s
[RQ-VAE] epoch=1613 loss=0.09099457 recon=0.00011986 beh=6.021179 w=0.015 lr=4.702e-04 time=0.171s
[RQ-VAE] epoch=1614 loss=0.09177119 recon=0.00012096 beh=6.019089 w=0.015 lr=4.698e-04 time=0.172s
[RQ-VAE] epoch=1615 loss=0.09268108 recon=0.00012289 beh=6.026200 w=0.015 lr=4.695e-04 time=0.172s
[RQ-VAE] epoch=1616 loss=0.09339681 recon=0.00012219 beh=6.020697 w=0.015 lr=4.692e-04 time=0.172s
[RQ-VAE] epoch=1617 loss=0.09415893 recon=0.00012179 beh=6.018298 w=0.016 lr=4.688e-04 time=0.173s
[RQ-VAE] epoch=1618 loss=0.09512592 recon=0.00012172 beh=6.028781 w=0.016 lr=4.685e-04 time=0.172s
[RQ-VAE] epoch=1619 loss=0.09585240 recon=0.00012246 beh=6.024218 w=0.016 lr=4.681e-04 time=0.172s
[RQ-VAE] epoch=1620 loss=0.09661264 recon=0.00012188 beh=6.021623 w=0.016 lr=4.678e-04 time=0.172s
[RQ-VAE] epoch=1621 loss=0.09740280 recon=0.00012176 beh=6.020721 w=0.016 lr=4.675e-04 time=0.172s
[RQ-VAE] epoch=1622 loss=0.09822705 recon=0.00012165 beh=6.021818 w=0.016 lr=4.671e-04 time=0.172s
[RQ-VAE] epoch=1623 loss=0.09901517 recon=0.00012297 beh=6.020710 w=0.016 lr=4.668e-04 time=0.172s
[RQ-VAE] epoch=1624 loss=0.09993883 recon=0.00012318 beh=6.028032 w=0.017 lr=4.664e-04 time=0.172s
[RQ-VAE] epoch=1625 loss=0.10059913 recon=0.00012338 beh=6.019530 w=0.017 lr=4.661e-04 time=0.172s
[RQ-VAE] epoch=1626 loss=0.10142204 recon=0.00012363 beh=6.020870 w=0.017 lr=4.658e-04 time=0.171s
[RQ-VAE] epoch=1627 loss=0.10223947 recon=0.00012289 beh=6.021834 w=0.017 lr=4.654e-04 time=0.172s
[RQ-VAE] epoch=1628 loss=0.10304487 recon=0.00012358 beh=6.022007 w=0.017 lr=4.651e-04 time=0.172s
[RQ-VAE] epoch=1629 loss=0.10389294 recon=0.00012327 beh=6.024757 w=0.017 lr=4.647e-04 time=0.173s
[RQ-VAE] epoch=1630 loss=0.10464825 recon=0.00012415 beh=6.021806 w=0.017 lr=4.644e-04 time=0.172s
[RQ-VAE] epoch=1631 loss=0.10535571 recon=0.00012459 beh=6.016283 w=0.017 lr=4.641e-04 time=0.172s
[RQ-VAE] epoch=1632 loss=0.10626546 recon=0.00012474 beh=6.022320 w=0.018 lr=4.637e-04 time=0.169s
[RQ-VAE] epoch=1633 loss=0.10686395 recon=0.00012532 beh=6.010860 w=0.018 lr=4.634e-04 time=0.167s
[RQ-VAE] epoch=1634 loss=0.10767940 recon=0.00012534 beh=6.011704 w=0.018 lr=4.631e-04 time=0.169s
[RQ-VAE] epoch=1635 loss=0.10841429 recon=0.00012596 beh=6.007499 w=0.018 lr=4.627e-04 time=0.169s
[RQ-VAE] epoch=1636 loss=0.10940363 recon=0.00012546 beh=6.018192 w=0.018 lr=4.624e-04 time=0.17s
[RQ-VAE] epoch=1637 loss=0.11034873 recon=0.00012445 beh=6.026186 w=0.018 lr=4.620e-04 time=0.169s
[RQ-VAE] epoch=1638 loss=0.11105779 recon=0.00012565 beh=6.020978 w=0.018 lr=4.617e-04 time=0.167s
[RQ-VAE] epoch=1639 loss=0.11194890 recon=0.00012497 beh=6.025702 w=0.019 lr=4.614e-04 time=0.169s
[RQ-VAE] epoch=1640 loss=0.11249277 recon=0.00012436 beh=6.012187 w=0.019 lr=4.610e-04 time=0.168s
[RQ-VAE] epoch=1641 loss=0.11343999 recon=0.00012547 beh=6.019645 w=0.019 lr=4.607e-04 time=0.169s
[RQ-VAE] epoch=1642 loss=0.11402256 recon=0.00012492 beh=6.008082 w=0.019 lr=4.603e-04 time=0.169s
[RQ-VAE] epoch=1643 loss=0.11503680 recon=0.00012672 beh=6.019295 w=0.019 lr=4.600e-04 time=0.168s
[RQ-VAE] epoch=1644 loss=0.11577586 recon=0.00012569 beh=6.015999 w=0.019 lr=4.597e-04 time=0.168s
[RQ-VAE] epoch=1645 loss=0.11639941 recon=0.00012587 beh=6.006525 w=0.019 lr=4.593e-04 time=0.169s
[RQ-VAE] epoch=1646 loss=0.11732802 recon=0.00012718 beh=6.013238 w=0.019 lr=4.590e-04 time=0.168s
[RQ-VAE] epoch=1647 loss=0.11825908 recon=0.00012828 beh=6.019959 w=0.020 lr=4.586e-04 time=0.169s
[RQ-VAE] epoch=1648 loss=0.11917821 recon=0.00012752 beh=6.025850 w=0.020 lr=4.583e-04 time=0.17s
[RQ-VAE] epoch=1649 loss=0.11978273 recon=0.00012671 beh=6.015770 w=0.020 lr=4.580e-04 time=0.169s
[RQ-VAE] epoch=1650 loss=0.12066167 recon=0.00012703 lr=4.576e-04 raw_unique=22386/24587 collision=0.089519 time=0.169s
[RQ-VAE] epoch=1651 loss=0.12140024 recon=0.00012714 beh=6.016539 w=0.020 lr=4.573e-04 time=0.17s
[RQ-VAE] epoch=1652 loss=0.12226729 recon=0.00012739 beh=6.019807 w=0.020 lr=4.569e-04 time=0.169s
[RQ-VAE] epoch=1653 loss=0.12308428 recon=0.00012768 beh=6.020261 w=0.020 lr=4.566e-04 time=0.169s
[RQ-VAE] epoch=1654 loss=0.12371426 recon=0.00012748 beh=6.011782 w=0.021 lr=4.563e-04 time=0.261s
[RQ-VAE] epoch=1655 loss=0.12436637 recon=0.00012745 beh=6.004738 w=0.021 lr=4.559e-04 time=0.169s
[RQ-VAE] epoch=1656 loss=0.12542181 recon=0.00012798 beh=6.017149 w=0.021 lr=4.556e-04 time=0.169s
[RQ-VAE] epoch=1657 loss=0.12623867 recon=0.00012740 beh=6.017776 w=0.021 lr=4.553e-04 time=0.168s
[RQ-VAE] epoch=1658 loss=0.12705548 recon=0.00012808 beh=6.018336 w=0.021 lr=4.549e-04 time=0.169s
[RQ-VAE] epoch=1659 loss=0.12757625 recon=0.00012822 beh=6.005020 w=0.021 lr=4.546e-04 time=0.17s
[RQ-VAE] epoch=1660 loss=0.12869127 recon=0.00012847 beh=6.019614 w=0.021 lr=4.542e-04 time=0.168s
[RQ-VAE] epoch=1661 loss=0.12932503 recon=0.00012859 beh=6.011767 w=0.021 lr=4.539e-04 time=0.169s
[RQ-VAE] epoch=1662 loss=0.13009028 recon=0.00012789 beh=6.010352 w=0.022 lr=4.536e-04 time=0.169s
[RQ-VAE] epoch=1663 loss=0.13106333 recon=0.00012856 beh=6.018194 w=0.022 lr=4.532e-04 time=0.168s
[RQ-VAE] epoch=1664 loss=0.13174285 recon=0.00012940 beh=6.012606 w=0.022 lr=4.529e-04 time=0.169s
[RQ-VAE] epoch=1665 loss=0.13249671 recon=0.00012941 beh=6.010467 w=0.022 lr=4.525e-04 time=0.168s
[RQ-VAE] epoch=1666 loss=0.13338502 recon=0.00012902 beh=6.014446 w=0.022 lr=4.522e-04 time=0.169s
[RQ-VAE] epoch=1667 loss=0.13422313 recon=0.00012901 beh=6.016079 w=0.022 lr=4.519e-04 time=0.169s
[RQ-VAE] epoch=1668 loss=0.13501410 recon=0.00012802 beh=6.015449 w=0.022 lr=4.515e-04 time=0.169s
[RQ-VAE] epoch=1669 loss=0.13577078 recon=0.00012884 beh=6.013339 w=0.023 lr=4.512e-04 time=0.168s
[RQ-VAE] epoch=1670 loss=0.13655332 recon=0.00012858 beh=6.012702 w=0.023 lr=4.508e-04 time=0.17s
[RQ-VAE] epoch=1671 loss=0.13739495 recon=0.00012911 beh=6.014320 w=0.023 lr=4.505e-04 time=0.169s
[RQ-VAE] epoch=1672 loss=0.13831177 recon=0.00013004 beh=6.019217 w=0.023 lr=4.502e-04 time=0.171s
[RQ-VAE] epoch=1673 loss=0.13898914 recon=0.00012969 beh=6.014066 w=0.023 lr=4.498e-04 time=0.168s
[RQ-VAE] epoch=1674 loss=0.13966352 recon=0.00013003 beh=6.008456 w=0.023 lr=4.495e-04 time=0.169s
[RQ-VAE] epoch=1675 loss=0.14066195 recon=0.00013099 beh=6.016672 w=0.023 lr=4.492e-04 time=0.169s
[RQ-VAE] epoch=1676 loss=0.14157830 recon=0.00013069 beh=6.021870 w=0.023 lr=4.488e-04 time=0.169s
[RQ-VAE] epoch=1677 loss=0.14223850 recon=0.00013014 beh=6.015984 w=0.024 lr=4.485e-04 time=0.17s
[RQ-VAE] epoch=1678 loss=0.14296815 recon=0.00012964 beh=6.013004 w=0.024 lr=4.481e-04 time=0.17s
[RQ-VAE] epoch=1679 loss=0.14383288 recon=0.00012933 beh=6.015457 w=0.024 lr=4.478e-04 time=0.169s
[RQ-VAE] epoch=1680 loss=0.14452916 recon=0.00013034 beh=6.010851 w=0.024 lr=4.475e-04 time=0.169s
[RQ-VAE] epoch=1681 loss=0.14528957 recon=0.00013035 beh=6.009181 w=0.024 lr=4.471e-04 time=0.168s
[RQ-VAE] epoch=1682 loss=0.14628337 recon=0.00013066 beh=6.017121 w=0.024 lr=4.468e-04 time=0.169s
[RQ-VAE] epoch=1683 loss=0.14676739 recon=0.00013064 beh=6.004155 w=0.024 lr=4.464e-04 time=0.261s
[RQ-VAE] epoch=1684 loss=0.14746830 recon=0.00013020 beh=5.999977 w=0.025 lr=4.461e-04 time=0.168s
[RQ-VAE] epoch=1685 loss=0.14858504 recon=0.00012975 beh=6.012875 w=0.025 lr=4.458e-04 time=0.17s
[RQ-VAE] epoch=1686 loss=0.14944820 recon=0.00012996 beh=6.015338 w=0.025 lr=4.454e-04 time=0.169s
[RQ-VAE] epoch=1687 loss=0.15017416 recon=0.00013013 beh=6.012461 w=0.025 lr=4.451e-04 time=0.169s
[RQ-VAE] epoch=1688 loss=0.15126652 recon=0.00013003 beh=6.024193 w=0.025 lr=4.447e-04 time=0.17s
[RQ-VAE] epoch=1689 loss=0.15193376 recon=0.00012995 beh=6.018753 w=0.025 lr=4.444e-04 time=0.169s
[RQ-VAE] epoch=1690 loss=0.15272567 recon=0.00013059 beh=6.018280 w=0.025 lr=4.441e-04 time=0.169s
[RQ-VAE] epoch=1691 loss=0.15344331 recon=0.00012999 beh=6.014931 w=0.025 lr=4.437e-04 time=0.169s
[RQ-VAE] epoch=1692 loss=0.15416080 recon=0.00013054 beh=6.011585 w=0.026 lr=4.434e-04 time=0.168s
[RQ-VAE] epoch=1693 loss=0.15508829 recon=0.00013150 beh=6.016674 w=0.026 lr=4.431e-04 time=0.169s
[RQ-VAE] epoch=1694 loss=0.15570398 recon=0.00013215 beh=6.009454 w=0.026 lr=4.427e-04 time=0.168s
[RQ-VAE] epoch=1695 loss=0.15655133 recon=0.00013215 beh=6.011141 w=0.026 lr=4.424e-04 time=0.169s
[RQ-VAE] epoch=1696 loss=0.15732944 recon=0.00013181 beh=6.010269 w=0.026 lr=4.420e-04 time=0.169s
[RQ-VAE] epoch=1697 loss=0.15806435 recon=0.00013182 beh=6.007794 w=0.026 lr=4.417e-04 time=0.169s
[RQ-VAE] epoch=1698 loss=0.15896347 recon=0.00013268 beh=6.011427 w=0.026 lr=4.414e-04 time=0.169s
[RQ-VAE] epoch=1699 loss=0.15964505 recon=0.00013305 beh=6.007015 w=0.027 lr=4.410e-04 time=0.169s
[RQ-VAE] epoch=1700 loss=0.16079226 recon=0.00013222 lr=4.407e-04 raw_unique=22701/24587 collision=0.076707 time=0.169s
[RQ-VAE] epoch=1701 loss=0.16147721 recon=0.00013186 beh=6.015674 w=0.027 lr=4.403e-04 time=0.169s
[RQ-VAE] epoch=1702 loss=0.16218682 recon=0.00013152 beh=6.012243 w=0.027 lr=4.400e-04 time=0.262s
[RQ-VAE] epoch=1703 loss=0.16302639 recon=0.00013218 beh=6.013671 w=0.027 lr=4.397e-04 time=0.169s
[RQ-VAE] epoch=1704 loss=0.16371778 recon=0.00013292 beh=6.009437 w=0.027 lr=4.393e-04 time=0.169s
[RQ-VAE] epoch=1705 loss=0.16464299 recon=0.00013306 beh=6.014028 w=0.027 lr=4.390e-04 time=0.168s
[RQ-VAE] epoch=1706 loss=0.16564746 recon=0.00013347 beh=6.021256 w=0.027 lr=4.386e-04 time=0.169s
[RQ-VAE] epoch=1707 loss=0.16623411 recon=0.00013349 beh=6.013388 w=0.028 lr=4.383e-04 time=0.17s
[RQ-VAE] epoch=1708 loss=0.16714105 recon=0.00013300 beh=6.017397 w=0.028 lr=4.380e-04 time=0.169s
[RQ-VAE] epoch=1709 loss=0.16774753 recon=0.00013269 beh=6.010266 w=0.028 lr=4.376e-04 time=0.169s
[RQ-VAE] epoch=1710 loss=0.16817939 recon=0.00013344 beh=5.997059 w=0.028 lr=4.373e-04 time=0.169s
[RQ-VAE] epoch=1711 loss=0.16947755 recon=0.00013340 beh=6.014928 w=0.028 lr=4.369e-04 time=0.17s
[RQ-VAE] epoch=1712 loss=0.17046136 recon=0.00013316 beh=6.021358 w=0.028 lr=4.366e-04 time=0.171s
[RQ-VAE] epoch=1713 loss=0.17101437 recon=0.00013328 beh=6.012592 w=0.028 lr=4.363e-04 time=0.17s
[RQ-VAE] epoch=1714 loss=0.17167419 recon=0.00013345 beh=6.007589 w=0.029 lr=4.359e-04 time=0.169s
[RQ-VAE] epoch=1715 loss=0.17238131 recon=0.00013393 beh=6.004154 w=0.029 lr=4.356e-04 time=0.17s
[RQ-VAE] epoch=1716 loss=0.17324892 recon=0.00013413 beh=6.006381 w=0.029 lr=4.353e-04 time=0.17s
[RQ-VAE] epoch=1717 loss=0.17421862 recon=0.00013462 beh=6.012400 w=0.029 lr=4.349e-04 time=0.263s
[RQ-VAE] epoch=1718 loss=0.17501643 recon=0.00013422 beh=6.012288 w=0.029 lr=4.346e-04 time=0.171s
[RQ-VAE] epoch=1719 loss=0.17589028 recon=0.00013319 beh=6.014726 w=0.029 lr=4.342e-04 time=0.169s
[RQ-VAE] epoch=1720 loss=0.17665161 recon=0.00013415 beh=6.013241 w=0.029 lr=4.339e-04 time=0.169s
[RQ-VAE] epoch=1721 loss=0.17715001 recon=0.00013407 beh=6.002986 w=0.029 lr=4.336e-04 time=0.17s
[RQ-VAE] epoch=1722 loss=0.17829975 recon=0.00013423 beh=6.014912 w=0.030 lr=4.332e-04 time=0.169s
[RQ-VAE] epoch=1723 loss=0.17891109 recon=0.00013434 beh=6.008465 w=0.030 lr=4.329e-04 time=0.168s
[RQ-VAE] epoch=1724 loss=0.17972606 recon=0.00013479 beh=6.008929 w=0.030 lr=4.325e-04 time=0.17s
[RQ-VAE] epoch=1725 loss=0.18032105 recon=0.00013456 beh=6.002098 w=0.030 lr=4.322e-04 time=0.17s
[RQ-VAE] epoch=1726 loss=0.18143949 recon=0.00013462 beh=6.012741 w=0.030 lr=4.319e-04 time=0.169s
[RQ-VAE] epoch=1727 loss=0.18233535 recon=0.00013511 beh=6.015817 w=0.030 lr=4.315e-04 time=0.171s
[RQ-VAE] epoch=1728 loss=0.18310887 recon=0.00013402 beh=6.014877 w=0.030 lr=4.312e-04 time=0.17s
[RQ-VAE] epoch=1729 loss=0.18370908 recon=0.00013357 beh=6.008193 w=0.031 lr=4.308e-04 time=0.171s
[RQ-VAE] epoch=1730 loss=0.18467298 recon=0.00013427 beh=6.013529 w=0.031 lr=4.305e-04 time=0.17s
[RQ-VAE] epoch=1731 loss=0.18524703 recon=0.00013520 beh=6.006145 w=0.031 lr=4.302e-04 time=0.171s
[RQ-VAE] epoch=1732 loss=0.18618515 recon=0.00013567 beh=6.010614 w=0.031 lr=4.298e-04 time=0.17s
[RQ-VAE] epoch=1733 loss=0.18724054 recon=0.00013600 beh=6.018789 w=0.031 lr=4.295e-04 time=0.17s
[RQ-VAE] epoch=1734 loss=0.18794303 recon=0.00013496 beh=6.015614 w=0.031 lr=4.292e-04 time=0.17s
[RQ-VAE] epoch=1735 loss=0.18872213 recon=0.00013453 beh=6.014879 w=0.031 lr=4.288e-04 time=0.17s
[RQ-VAE] epoch=1736 loss=0.18940638 recon=0.00013558 beh=6.011065 w=0.031 lr=4.285e-04 time=0.17s
[RQ-VAE] epoch=1737 loss=0.19031841 recon=0.00013568 beh=6.014603 w=0.032 lr=4.281e-04 time=0.17s
[RQ-VAE] epoch=1738 loss=0.19108738 recon=0.00013667 beh=6.013400 w=0.032 lr=4.278e-04 time=0.17s
[RQ-VAE] epoch=1739 loss=0.19200794 recon=0.00013685 beh=6.017288 w=0.032 lr=4.275e-04 time=0.17s
[RQ-VAE] epoch=1740 loss=0.19282338 recon=0.00013632 beh=6.017677 w=0.032 lr=4.271e-04 time=0.17s
[RQ-VAE] epoch=1741 loss=0.19346762 recon=0.00013572 beh=6.012699 w=0.032 lr=4.268e-04 time=0.169s
[RQ-VAE] epoch=1742 loss=0.19422960 recon=0.00013526 beh=6.011495 w=0.032 lr=4.264e-04 time=0.17s
[RQ-VAE] epoch=1743 loss=0.19508198 recon=0.00013598 beh=6.013138 w=0.032 lr=4.261e-04 time=0.169s
[RQ-VAE] epoch=1744 loss=0.19619766 recon=0.00013713 beh=6.022830 w=0.033 lr=4.258e-04 time=0.17s
[RQ-VAE] epoch=1745 loss=0.19702476 recon=0.00013775 beh=6.023569 w=0.033 lr=4.254e-04 time=0.171s
[RQ-VAE] epoch=1746 loss=0.19730484 recon=0.00013714 beh=6.007586 w=0.033 lr=4.251e-04 time=0.17s
[RQ-VAE] epoch=1747 loss=0.19807552 recon=0.00013622 beh=6.006663 w=0.033 lr=4.247e-04 time=0.17s
[RQ-VAE] epoch=1748 loss=0.19914964 recon=0.00013619 beh=6.015048 w=0.033 lr=4.244e-04 time=0.169s
[RQ-VAE] epoch=1749 loss=0.19965461 recon=0.00013739 beh=6.005972 w=0.033 lr=4.241e-04 time=0.17s
[RQ-VAE] epoch=1750 loss=0.20051120 recon=0.00013701 lr=4.237e-04 raw_unique=22801/24587 collision=0.072640 time=0.17s
[RQ-VAE] epoch=1751 loss=0.20133704 recon=0.00013654 beh=6.008438 w=0.033 lr=4.234e-04 time=0.173s
[RQ-VAE] epoch=1752 loss=0.20225015 recon=0.00013592 beh=6.011863 w=0.034 lr=4.231e-04 time=0.17s
[RQ-VAE] epoch=1753 loss=0.20293827 recon=0.00013616 beh=6.008542 w=0.034 lr=4.227e-04 time=0.17s
[RQ-VAE] epoch=1754 loss=0.20371266 recon=0.00013683 beh=6.007580 w=0.034 lr=4.224e-04 time=0.169s
[RQ-VAE] epoch=1755 loss=0.20473756 recon=0.00013651 beh=6.014150 w=0.034 lr=4.220e-04 time=0.17s
[RQ-VAE] epoch=1756 loss=0.20574187 recon=0.00013702 beh=6.020069 w=0.034 lr=4.217e-04 time=0.17s
[RQ-VAE] epoch=1757 loss=0.20646697 recon=0.00013676 beh=6.017879 w=0.034 lr=4.214e-04 time=0.17s
[RQ-VAE] epoch=1758 loss=0.20731267 recon=0.00013732 beh=6.019069 w=0.034 lr=4.210e-04 time=0.17s
[RQ-VAE] epoch=1759 loss=0.20793959 recon=0.00013694 beh=6.014108 w=0.035 lr=4.207e-04 time=0.17s
[RQ-VAE] epoch=1760 loss=0.20868459 recon=0.00013673 beh=6.012436 w=0.035 lr=4.203e-04 time=0.17s
[RQ-VAE] epoch=1761 loss=0.20956439 recon=0.00013682 beh=6.014681 w=0.035 lr=4.200e-04 time=0.17s
[RQ-VAE] epoch=1762 loss=0.21013860 recon=0.00013627 beh=6.008222 w=0.035 lr=4.197e-04 time=0.168s
[RQ-VAE] epoch=1763 loss=0.21104956 recon=0.00013650 beh=6.011340 w=0.035 lr=4.193e-04 time=0.17s
[RQ-VAE] epoch=1764 loss=0.21223341 recon=0.00013701 beh=6.022201 w=0.035 lr=4.190e-04 time=0.169s
[RQ-VAE] epoch=1765 loss=0.21267587 recon=0.00013795 beh=6.012024 w=0.035 lr=4.186e-04 time=0.169s
[RQ-VAE] epoch=1766 loss=0.21335973 recon=0.00013833 beh=6.008643 w=0.035 lr=4.183e-04 time=0.169s
[RQ-VAE] epoch=1767 loss=0.21403752 recon=0.00013760 beh=6.005239 w=0.036 lr=4.180e-04 time=0.17s
[RQ-VAE] epoch=1768 loss=0.21512112 recon=0.00013777 beh=6.013116 w=0.036 lr=4.176e-04 time=0.168s
[RQ-VAE] epoch=1769 loss=0.21582845 recon=0.00013799 beh=6.010461 w=0.036 lr=4.173e-04 time=0.169s
[RQ-VAE] epoch=1770 loss=0.21660474 recon=0.00013815 beh=6.009757 w=0.036 lr=4.169e-04 time=0.169s
[RQ-VAE] epoch=1771 loss=0.21784529 recon=0.00013896 beh=6.021943 w=0.036 lr=4.166e-04 time=0.169s
[RQ-VAE] epoch=1772 loss=0.21869159 recon=0.00013880 beh=6.023214 w=0.036 lr=4.163e-04 time=0.169s
[RQ-VAE] epoch=1773 loss=0.21923436 recon=0.00013847 beh=6.016087 w=0.036 lr=4.159e-04 time=0.169s
[RQ-VAE] epoch=1774 loss=0.21993190 recon=0.00013719 beh=6.013180 w=0.037 lr=4.156e-04 time=0.262s
[RQ-VAE] epoch=1775 loss=0.22121905 recon=0.00013710 beh=6.026457 w=0.037 lr=4.153e-04 time=0.169s
[RQ-VAE] epoch=1776 loss=0.22193076 recon=0.00013737 beh=6.024002 w=0.037 lr=4.149e-04 time=0.17s
[RQ-VAE] epoch=1777 loss=0.22227365 recon=0.00013823 beh=6.011551 w=0.037 lr=4.146e-04 time=0.169s
[RQ-VAE] epoch=1778 loss=0.22343656 recon=0.00013863 beh=6.021291 w=0.037 lr=4.142e-04 time=0.169s
[RQ-VAE] epoch=1779 loss=0.22389536 recon=0.00013855 beh=6.012015 w=0.037 lr=4.139e-04 time=0.17s
[RQ-VAE] epoch=1780 loss=0.22455382 recon=0.00013953 beh=6.008145 w=0.037 lr=4.136e-04 time=0.169s
[RQ-VAE] epoch=1781 loss=0.22567821 recon=0.00013977 beh=6.016798 w=0.037 lr=4.132e-04 time=0.17s
[RQ-VAE] epoch=1782 loss=0.22629076 recon=0.00013933 beh=6.011765 w=0.038 lr=4.129e-04 time=0.17s
[RQ-VAE] epoch=1783 loss=0.22717270 recon=0.00013923 beh=6.013923 w=0.038 lr=4.125e-04 time=0.17s
[RQ-VAE] epoch=1784 loss=0.22790094 recon=0.00013786 beh=6.011991 w=0.038 lr=4.122e-04 time=0.17s
[RQ-VAE] epoch=1785 loss=0.22870433 recon=0.00013869 beh=6.012044 w=0.038 lr=4.119e-04 time=0.17s
[RQ-VAE] epoch=1786 loss=0.22951484 recon=0.00013912 beh=6.012239 w=0.038 lr=4.115e-04 time=0.17s
[RQ-VAE] epoch=1787 loss=0.23012334 recon=0.00013939 beh=6.007185 w=0.038 lr=4.112e-04 time=0.17s
[RQ-VAE] epoch=1788 loss=0.23130028 recon=0.00013948 beh=6.016981 w=0.038 lr=4.108e-04 time=0.169s
[RQ-VAE] epoch=1789 loss=0.23191290 recon=0.00013885 beh=6.012069 w=0.039 lr=4.105e-04 time=0.17s
[RQ-VAE] epoch=1790 loss=0.23300548 recon=0.00013897 beh=6.019716 w=0.039 lr=4.102e-04 time=0.169s
[RQ-VAE] epoch=1791 loss=0.23373990 recon=0.00013863 beh=6.017902 w=0.039 lr=4.098e-04 time=0.169s
[RQ-VAE] epoch=1792 loss=0.23428264 recon=0.00013815 beh=6.011159 w=0.039 lr=4.095e-04 time=0.17s
[RQ-VAE] epoch=1793 loss=0.23480777 recon=0.00013895 beh=6.004106 w=0.039 lr=4.092e-04 time=0.17s
[RQ-VAE] epoch=1794 loss=0.23581450 recon=0.00013841 beh=6.009409 w=0.039 lr=4.088e-04 time=0.17s
[RQ-VAE] epoch=1795 loss=0.23661223 recon=0.00013873 beh=6.009311 w=0.039 lr=4.085e-04 time=0.171s
[RQ-VAE] epoch=1796 loss=0.23725936 recon=0.00014000 beh=6.005225 w=0.039 lr=4.081e-04 time=0.171s
[RQ-VAE] epoch=1797 loss=0.23816839 recon=0.00013983 beh=6.008031 w=0.040 lr=4.078e-04 time=0.169s
[RQ-VAE] epoch=1798 loss=0.23914199 recon=0.00013924 beh=6.012422 w=0.040 lr=4.075e-04 time=0.17s
[RQ-VAE] epoch=1799 loss=0.24010888 recon=0.00013994 beh=6.016593 w=0.040 lr=4.071e-04 time=0.169s
[RQ-VAE] epoch=1800 loss=0.24087368 recon=0.00014016 lr=4.068e-04 raw_unique=22604/24587 collision=0.080652 time=0.169s
[RQ-VAE] epoch=1801 loss=0.24144986 recon=0.00013992 beh=6.010040 w=0.040 lr=4.064e-04 time=0.17s
[RQ-VAE] epoch=1802 loss=0.24191535 recon=0.00013970 beh=6.001751 w=0.040 lr=4.061e-04 time=0.169s
[RQ-VAE] epoch=1803 loss=0.24288924 recon=0.00013993 beh=6.006024 w=0.040 lr=4.058e-04 time=0.263s
[RQ-VAE] epoch=1804 loss=0.24403732 recon=0.00014047 beh=6.014559 w=0.041 lr=4.054e-04 time=0.17s
[RQ-VAE] epoch=1805 loss=0.24447981 recon=0.00014076 beh=6.005716 w=0.041 lr=4.051e-04 time=0.17s
[RQ-VAE] epoch=1806 loss=0.24538013 recon=0.00014048 beh=6.008166 w=0.041 lr=4.047e-04 time=0.17s
[RQ-VAE] epoch=1807 loss=0.24629799 recon=0.00013929 beh=6.011087 w=0.041 lr=4.044e-04 time=0.169s
[RQ-VAE] epoch=1808 loss=0.24717259 recon=0.00014011 beh=6.012854 w=0.041 lr=4.041e-04 time=0.168s
[RQ-VAE] epoch=1809 loss=0.24766263 recon=0.00014073 beh=6.005247 w=0.041 lr=4.037e-04 time=0.169s
[RQ-VAE] epoch=1810 loss=0.24817765 recon=0.00014145 beh=5.998294 w=0.041 lr=4.034e-04 time=0.169s
[RQ-VAE] epoch=1811 loss=0.24919148 recon=0.00014132 beh=6.003455 w=0.041 lr=4.031e-04 time=0.17s
[RQ-VAE] epoch=1812 loss=0.25012577 recon=0.00014191 beh=6.006675 w=0.042 lr=4.027e-04 time=0.17s
[RQ-VAE] epoch=1813 loss=0.25101882 recon=0.00014150 beh=6.008906 w=0.042 lr=4.024e-04 time=0.17s
[RQ-VAE] epoch=1814 loss=0.25204158 recon=0.00014083 beh=6.014133 w=0.042 lr=4.020e-04 time=0.171s
[RQ-VAE] epoch=1815 loss=0.25291991 recon=0.00014088 beh=6.016000 w=0.042 lr=4.017e-04 time=0.17s
[RQ-VAE] epoch=1816 loss=0.25369895 recon=0.00014089 beh=6.015447 w=0.042 lr=4.014e-04 time=0.17s
[RQ-VAE] epoch=1817 loss=0.25473493 recon=0.00014050 beh=6.021023 w=0.042 lr=4.010e-04 time=0.17s
[RQ-VAE] epoch=1818 loss=0.25518614 recon=0.00013984 beh=6.012740 w=0.042 lr=4.007e-04 time=0.17s
[RQ-VAE] epoch=1819 loss=0.25584954 recon=0.00014077 beh=6.009489 w=0.043 lr=4.003e-04 time=0.169s
[RQ-VAE] epoch=1820 loss=0.25641069 recon=0.00014063 beh=6.003839 w=0.043 lr=4.000e-04 time=0.17s
[RQ-VAE] epoch=1821 loss=0.25718248 recon=0.00014219 beh=6.003075 w=0.043 lr=3.997e-04 time=0.17s
[RQ-VAE] epoch=1822 loss=0.25793222 recon=0.00014132 beh=6.001916 w=0.043 lr=3.993e-04 time=0.261s
[RQ-VAE] epoch=1823 loss=0.25895995 recon=0.00014017 beh=6.007268 w=0.043 lr=3.990e-04 time=0.17s
[RQ-VAE] epoch=1824 loss=0.25939161 recon=0.00014033 beh=5.998713 w=0.043 lr=3.986e-04 time=0.169s
[RQ-VAE] epoch=1825 loss=0.26070732 recon=0.00014130 beh=6.010574 w=0.043 lr=3.983e-04 time=0.171s
[RQ-VAE] epoch=1826 loss=0.26183364 recon=0.00014157 beh=6.018078 w=0.043 lr=3.980e-04 time=0.17s
[RQ-VAE] epoch=1827 loss=0.26238981 recon=0.00014161 beh=6.012453 w=0.044 lr=3.976e-04 time=0.171s
[RQ-VAE] epoch=1828 loss=0.26297495 recon=0.00014151 beh=6.007459 w=0.044 lr=3.973e-04 time=0.17s
[RQ-VAE] epoch=1829 loss=0.26385513 recon=0.00014036 beh=6.009323 w=0.044 lr=3.969e-04 time=0.17s
[RQ-VAE] epoch=1830 loss=0.26490787 recon=0.00014011 beh=6.015064 w=0.044 lr=3.966e-04 time=0.17s
[RQ-VAE] epoch=1831 loss=0.26584843 recon=0.00014045 beh=6.018225 w=0.044 lr=3.963e-04 time=0.17s
[RQ-VAE] epoch=1832 loss=0.26658532 recon=0.00013986 beh=6.016750 w=0.044 lr=3.959e-04 time=0.169s
[RQ-VAE] epoch=1833 loss=0.26727813 recon=0.00014088 beh=6.014290 w=0.044 lr=3.956e-04 time=0.17s
[RQ-VAE] epoch=1834 loss=0.26826799 recon=0.00014082 beh=6.018495 w=0.045 lr=3.953e-04 time=0.17s
[RQ-VAE] epoch=1835 loss=0.26893762 recon=0.00014151 beh=6.015460 w=0.045 lr=3.949e-04 time=0.17s
[RQ-VAE] epoch=1836 loss=0.26915812 recon=0.00014181 beh=6.002517 w=0.045 lr=3.946e-04 time=0.17s
[RQ-VAE] epoch=1837 loss=0.27026892 recon=0.00014074 beh=6.009451 w=0.045 lr=3.942e-04 time=0.169s
[RQ-VAE] epoch=1838 loss=0.27120188 recon=0.00014124 beh=6.012390 w=0.045 lr=3.939e-04 time=0.26s
[RQ-VAE] epoch=1839 loss=0.27228403 recon=0.00014091 beh=6.018622 w=0.045 lr=3.936e-04 time=0.17s
[RQ-VAE] epoch=1840 loss=0.27285469 recon=0.00014086 beh=6.013468 w=0.045 lr=3.932e-04 time=0.17s
[RQ-VAE] epoch=1841 loss=0.27344289 recon=0.00014101 beh=6.008731 w=0.045 lr=3.929e-04 time=0.17s
[RQ-VAE] epoch=1842 loss=0.27437279 recon=0.00014096 beh=6.011562 w=0.046 lr=3.925e-04 time=0.171s
[RQ-VAE] epoch=1843 loss=0.27481252 recon=0.00014127 beh=6.003637 w=0.046 lr=3.922e-04 time=0.171s
[RQ-VAE] epoch=1844 loss=0.27564895 recon=0.00014067 beh=6.004427 w=0.046 lr=3.919e-04 time=0.171s
[RQ-VAE] epoch=1845 loss=0.27648661 recon=0.00014076 beh=6.005263 w=0.046 lr=3.915e-04 time=0.17s
[RQ-VAE] epoch=1846 loss=0.27713847 recon=0.00014193 beh=6.002018 w=0.046 lr=3.912e-04 time=0.171s
[RQ-VAE] epoch=1847 loss=0.27839723 recon=0.00014195 beh=6.011956 w=0.046 lr=3.908e-04 time=0.169s
[RQ-VAE] epoch=1848 loss=0.27873254 recon=0.00014190 beh=6.001905 w=0.046 lr=3.905e-04 time=0.17s
[RQ-VAE] epoch=1849 loss=0.28007659 recon=0.00014202 beh=6.013547 w=0.047 lr=3.902e-04 time=0.17s
[RQ-VAE] epoch=1850 loss=0.28081238 recon=0.00014222 lr=3.898e-04 raw_unique=22775/24587 collision=0.073697 time=0.17s
[RQ-VAE] epoch=1851 loss=0.28172958 recon=0.00014179 beh=6.014661 w=0.047 lr=3.895e-04 time=0.173s
[RQ-VAE] epoch=1852 loss=0.28258342 recon=0.00014099 beh=6.015814 w=0.047 lr=3.892e-04 time=0.17s
[RQ-VAE] epoch=1853 loss=0.28310707 recon=0.00013995 beh=6.009898 w=0.047 lr=3.888e-04 time=0.171s
[RQ-VAE] epoch=1854 loss=0.28395292 recon=0.00014010 beh=6.010791 w=0.047 lr=3.885e-04 time=0.17s
[RQ-VAE] epoch=1855 loss=0.28497744 recon=0.00014075 beh=6.015548 w=0.047 lr=3.881e-04 time=0.17s
[RQ-VAE] epoch=1856 loss=0.28569946 recon=0.00014236 beh=6.013889 w=0.047 lr=3.878e-04 time=0.17s
[RQ-VAE] epoch=1857 loss=0.28655607 recon=0.00014153 beh=6.015054 w=0.048 lr=3.875e-04 time=0.17s
[RQ-VAE] epoch=1858 loss=0.28711551 recon=0.00014067 beh=6.009938 w=0.048 lr=3.871e-04 time=0.169s
[RQ-VAE] epoch=1859 loss=0.28780094 recon=0.00014043 beh=6.007531 w=0.048 lr=3.868e-04 time=0.17s
[RQ-VAE] epoch=1860 loss=0.28846860 recon=0.00014189 beh=6.004723 w=0.048 lr=3.864e-04 time=0.17s
[RQ-VAE] epoch=1861 loss=0.28933376 recon=0.00014188 beh=6.006078 w=0.048 lr=3.861e-04 time=0.17s
[RQ-VAE] epoch=1862 loss=0.29055732 recon=0.00014180 beh=6.014835 w=0.048 lr=3.858e-04 time=0.17s
[RQ-VAE] epoch=1863 loss=0.29109839 recon=0.00014283 beh=6.009448 w=0.048 lr=3.854e-04 time=0.17s
[RQ-VAE] epoch=1864 loss=0.29161900 recon=0.00014308 beh=6.003639 w=0.049 lr=3.851e-04 time=0.17s
[RQ-VAE] epoch=1865 loss=0.29268497 recon=0.00014187 beh=6.009100 w=0.049 lr=3.847e-04 time=0.17s
[RQ-VAE] epoch=1866 loss=0.29332885 recon=0.00014122 beh=6.005882 w=0.049 lr=3.844e-04 time=0.17s
[RQ-VAE] epoch=1867 loss=0.29388070 recon=0.00014170 beh=6.000804 w=0.049 lr=3.841e-04 time=0.17s
[RQ-VAE] epoch=1868 loss=0.29533869 recon=0.00014193 beh=6.014241 w=0.049 lr=3.837e-04 time=0.17s
[RQ-VAE] epoch=1869 loss=0.29612127 recon=0.00014188 beh=6.013801 w=0.049 lr=3.834e-04 time=0.169s
[RQ-VAE] epoch=1870 loss=0.29702967 recon=0.00014186 beh=6.015986 w=0.049 lr=3.831e-04 time=0.169s
[RQ-VAE] epoch=1871 loss=0.29754215 recon=0.00014194 beh=6.010112 w=0.049 lr=3.827e-04 time=0.17s
[RQ-VAE] epoch=1872 loss=0.29787433 recon=0.00014170 beh=6.000600 w=0.050 lr=3.824e-04 time=0.169s
[RQ-VAE] epoch=1873 loss=0.29904252 recon=0.00014127 beh=6.008051 w=0.050 lr=3.820e-04 time=0.169s
[RQ-VAE] epoch=1874 loss=0.30005455 recon=0.00014139 beh=6.012347 w=0.050 lr=3.817e-04 time=0.17s
[RQ-VAE] epoch=1875 loss=0.30121678 recon=0.00014158 beh=6.019549 w=0.050 lr=3.814e-04 time=0.17s
[RQ-VAE] epoch=1876 loss=0.30175400 recon=0.00014152 beh=6.014240 w=0.050 lr=3.810e-04 time=0.17s
[RQ-VAE] epoch=1877 loss=0.30266371 recon=0.00014224 beh=6.016371 w=0.050 lr=3.807e-04 time=0.17s
[RQ-VAE] epoch=1878 loss=0.30354419 recon=0.00014201 beh=6.017941 w=0.050 lr=3.803e-04 time=0.171s
[RQ-VAE] epoch=1879 loss=0.30403131 recon=0.00014287 beh=6.011718 w=0.051 lr=3.800e-04 time=0.169s
[RQ-VAE] epoch=1880 loss=0.30487737 recon=0.00014226 beh=6.012585 w=0.051 lr=3.797e-04 time=0.169s
[RQ-VAE] epoch=1881 loss=0.30517966 recon=0.00014214 beh=6.002717 w=0.051 lr=3.793e-04 time=0.171s
[RQ-VAE] epoch=1882 loss=0.30623680 recon=0.00014272 beh=6.007663 w=0.051 lr=3.790e-04 time=0.17s
[RQ-VAE] epoch=1883 loss=0.30692446 recon=0.00014336 beh=6.005502 w=0.051 lr=3.786e-04 time=0.169s
[RQ-VAE] epoch=1884 loss=0.30784321 recon=0.00014216 beh=6.007912 w=0.051 lr=3.783e-04 time=0.17s
[RQ-VAE] epoch=1885 loss=0.30877849 recon=0.00014178 beh=6.010551 w=0.051 lr=3.780e-04 time=0.171s
[RQ-VAE] epoch=1886 loss=0.30986544 recon=0.00014205 beh=6.016087 w=0.051 lr=3.776e-04 time=0.171s
[RQ-VAE] epoch=1887 loss=0.31050766 recon=0.00014229 beh=6.012953 w=0.052 lr=3.773e-04 time=0.17s
[RQ-VAE] epoch=1888 loss=0.31114227 recon=0.00014276 beh=6.009697 w=0.052 lr=3.769e-04 time=0.17s
[RQ-VAE] epoch=1889 loss=0.31147668 recon=0.00014201 beh=6.000724 w=0.052 lr=3.766e-04 time=0.169s
[RQ-VAE] epoch=1890 loss=0.31265840 recon=0.00014304 beh=6.008074 w=0.052 lr=3.763e-04 time=0.171s
[RQ-VAE] epoch=1891 loss=0.31396511 recon=0.00014310 beh=6.017735 w=0.052 lr=3.759e-04 time=0.169s
[RQ-VAE] epoch=1892 loss=0.31433859 recon=0.00014290 beh=6.009499 w=0.052 lr=3.756e-04 time=0.169s
[RQ-VAE] epoch=1893 loss=0.31485185 recon=0.00014326 beh=6.003987 w=0.052 lr=3.753e-04 time=0.17s
[RQ-VAE] epoch=1894 loss=0.31584799 recon=0.00014367 beh=6.007757 w=0.053 lr=3.749e-04 time=0.261s
[RQ-VAE] epoch=1895 loss=0.31680256 recon=0.00014329 beh=6.010668 w=0.053 lr=3.746e-04 time=0.17s
[RQ-VAE] epoch=1896 loss=0.31744319 recon=0.00014297 beh=6.007617 w=0.053 lr=3.742e-04 time=0.17s
[RQ-VAE] epoch=1897 loss=0.31878656 recon=0.00014273 beh=6.017895 w=0.053 lr=3.739e-04 time=0.171s
[RQ-VAE] epoch=1898 loss=0.31946403 recon=0.00014263 beh=6.015537 w=0.053 lr=3.736e-04 time=0.17s
[RQ-VAE] epoch=1899 loss=0.31976297 recon=0.00014276 beh=6.006082 w=0.053 lr=3.732e-04 time=0.17s
[RQ-VAE] epoch=1900 loss=0.32089546 recon=0.00014354 lr=3.729e-04 raw_unique=22649/24587 collision=0.078822 time=0.169s
[RQ-VAE] epoch=1901 loss=0.32153386 recon=0.00014358 beh=6.009246 w=0.053 lr=3.725e-04 time=0.171s
[RQ-VAE] epoch=1902 loss=0.32256386 recon=0.00014365 beh=6.013539 w=0.054 lr=3.722e-04 time=0.17s
[RQ-VAE] epoch=1903 loss=0.32316437 recon=0.00014409 beh=6.009771 w=0.054 lr=3.719e-04 time=0.17s
[RQ-VAE] epoch=1904 loss=0.32376963 recon=0.00014360 beh=6.006152 w=0.054 lr=3.715e-04 time=0.171s
[RQ-VAE] epoch=1905 loss=0.32434294 recon=0.00014346 beh=6.001956 w=0.054 lr=3.712e-04 time=0.17s
[RQ-VAE] epoch=1906 loss=0.32468113 recon=0.00014370 beh=5.993377 w=0.054 lr=3.708e-04 time=0.17s
[RQ-VAE] epoch=1907 loss=0.32595965 recon=0.00014377 beh=6.002187 w=0.054 lr=3.705e-04 time=0.171s
[RQ-VAE] epoch=1908 loss=0.32711193 recon=0.00014407 beh=6.008680 w=0.054 lr=3.702e-04 time=0.169s
[RQ-VAE] epoch=1909 loss=0.32784712 recon=0.00014410 beh=6.007453 w=0.055 lr=3.698e-04 time=0.171s
[RQ-VAE] epoch=1910 loss=0.32852271 recon=0.00014463 beh=6.005145 w=0.055 lr=3.695e-04 time=0.17s
[RQ-VAE] epoch=1911 loss=0.32914641 recon=0.00014468 beh=6.001911 w=0.055 lr=3.692e-04 time=0.17s
[RQ-VAE] epoch=1912 loss=0.33020359 recon=0.00014406 beh=6.006643 w=0.055 lr=3.688e-04 time=0.17s
[RQ-VAE] epoch=1913 loss=0.33146167 recon=0.00014389 beh=6.014930 w=0.055 lr=3.685e-04 time=0.17s
[RQ-VAE] epoch=1914 loss=0.33197445 recon=0.00014382 beh=6.009691 w=0.055 lr=3.681e-04 time=0.17s
[RQ-VAE] epoch=1915 loss=0.33321893 recon=0.00014319 beh=6.017715 w=0.055 lr=3.678e-04 time=0.17s
[RQ-VAE] epoch=1916 loss=0.33393183 recon=0.00014311 beh=6.016104 w=0.055 lr=3.675e-04 time=0.17s
[RQ-VAE] epoch=1917 loss=0.33393818 recon=0.00014297 beh=6.001782 w=0.056 lr=3.671e-04 time=0.17s
[RQ-VAE] epoch=1918 loss=0.33511150 recon=0.00014331 beh=6.008470 w=0.056 lr=3.668e-04 time=0.17s
[RQ-VAE] epoch=1919 loss=0.33578867 recon=0.00014281 beh=6.006256 w=0.056 lr=3.664e-04 time=0.17s
[RQ-VAE] epoch=1920 loss=0.33639094 recon=0.00014327 beh=6.002703 w=0.056 lr=3.661e-04 time=0.17s
[RQ-VAE] epoch=1921 loss=0.33791718 recon=0.00014443 beh=6.015670 w=0.056 lr=3.658e-04 time=0.17s
[RQ-VAE] epoch=1922 loss=0.33878952 recon=0.00014396 beh=6.016939 w=0.056 lr=3.654e-04 time=0.17s
[RQ-VAE] epoch=1923 loss=0.33926865 recon=0.00014370 beh=6.011184 w=0.056 lr=3.651e-04 time=0.263s
[RQ-VAE] epoch=1924 loss=0.34021476 recon=0.00014456 beh=6.013760 w=0.057 lr=3.647e-04 time=0.17s
[RQ-VAE] epoch=1925 loss=0.34114304 recon=0.00014427 beh=6.015987 w=0.057 lr=3.644e-04 time=0.17s
[RQ-VAE] epoch=1926 loss=0.34114438 recon=0.00014340 beh=6.001894 w=0.057 lr=3.641e-04 time=0.17s
[RQ-VAE] epoch=1927 loss=0.34267217 recon=0.00014405 beh=6.014640 w=0.057 lr=3.637e-04 time=0.169s
[RQ-VAE] epoch=1928 loss=0.34313926 recon=0.00014422 beh=6.008765 w=0.057 lr=3.634e-04 time=0.171s
[RQ-VAE] epoch=1929 loss=0.34411645 recon=0.00014288 beh=6.011889 w=0.057 lr=3.631e-04 time=0.172s
[RQ-VAE] epoch=1930 loss=0.34518650 recon=0.00014259 beh=6.016562 w=0.057 lr=3.627e-04 time=0.171s
[RQ-VAE] epoch=1931 loss=0.34565446 recon=0.00014343 beh=6.010715 w=0.057 lr=3.624e-04 time=0.17s
[RQ-VAE] epoch=1932 loss=0.34639969 recon=0.00014375 beh=6.009733 w=0.058 lr=3.620e-04 time=0.17s
[RQ-VAE] epoch=1933 loss=0.34712720 recon=0.00014418 beh=6.008449 w=0.058 lr=3.617e-04 time=0.169s
[RQ-VAE] epoch=1934 loss=0.34779799 recon=0.00014531 beh=6.006169 w=0.058 lr=3.614e-04 time=0.17s
[RQ-VAE] epoch=1935 loss=0.34911275 recon=0.00014482 beh=6.015061 w=0.058 lr=3.610e-04 time=0.169s
[RQ-VAE] epoch=1936 loss=0.34942168 recon=0.00014471 beh=6.006554 w=0.058 lr=3.607e-04 time=0.17s
[RQ-VAE] epoch=1937 loss=0.35053909 recon=0.00014491 beh=6.011967 w=0.058 lr=3.603e-04 time=0.17s
[RQ-VAE] epoch=1938 loss=0.35114753 recon=0.00014430 beh=6.008732 w=0.058 lr=3.600e-04 time=0.17s
[RQ-VAE] epoch=1939 loss=0.35234752 recon=0.00014368 beh=6.015589 w=0.059 lr=3.597e-04 time=0.17s
[RQ-VAE] epoch=1940 loss=0.35321659 recon=0.00014353 beh=6.016726 w=0.059 lr=3.593e-04 time=0.17s
[RQ-VAE] epoch=1941 loss=0.35347483 recon=0.00014406 beh=6.007443 w=0.059 lr=3.590e-04 time=0.171s
[RQ-VAE] epoch=1942 loss=0.35444522 recon=0.00014434 beh=6.010283 w=0.059 lr=3.586e-04 time=0.171s
[RQ-VAE] epoch=1943 loss=0.35501266 recon=0.00014401 beh=6.006350 w=0.059 lr=3.583e-04 time=0.262s
[RQ-VAE] epoch=1944 loss=0.35620832 recon=0.00014368 beh=6.013054 w=0.059 lr=3.580e-04 time=0.171s
[RQ-VAE] epoch=1945 loss=0.35732675 recon=0.00014407 beh=6.018404 w=0.059 lr=3.576e-04 time=0.17s
[RQ-VAE] epoch=1946 loss=0.35799041 recon=0.00014453 beh=6.016044 w=0.059 lr=3.573e-04 time=0.171s
[RQ-VAE] epoch=1947 loss=0.35871691 recon=0.00014439 beh=6.014770 w=0.060 lr=3.569e-04 time=0.17s
[RQ-VAE] epoch=1948 loss=0.35920039 recon=0.00014485 beh=6.009412 w=0.060 lr=3.566e-04 time=0.169s
[RQ-VAE] epoch=1949 loss=0.36000827 recon=0.00014433 beh=6.009514 w=0.060 lr=3.563e-04 time=0.168s
[RQ-VAE] epoch=1950 loss=0.36082113 recon=0.00014403 lr=3.559e-04 raw_unique=22791/24587 collision=0.073047 time=0.172s
[RQ-VAE] epoch=1951 loss=0.36136529 recon=0.00014452 beh=6.005388 w=0.060 lr=3.556e-04 time=0.171s
[RQ-VAE] epoch=1952 loss=0.36227661 recon=0.00014429 beh=6.007234 w=0.060 lr=3.553e-04 time=0.17s
[RQ-VAE] epoch=1953 loss=0.36294585 recon=0.00014496 beh=6.005062 w=0.060 lr=3.549e-04 time=0.169s
[RQ-VAE] epoch=1954 loss=0.36365473 recon=0.00014548 beh=6.003534 w=0.061 lr=3.546e-04 time=0.171s
[RQ-VAE] epoch=1955 loss=0.36464140 recon=0.00014633 beh=6.006609 w=0.061 lr=3.542e-04 time=0.169s
[RQ-VAE] epoch=1956 loss=0.36609596 recon=0.00014552 beh=6.017349 w=0.061 lr=3.539e-04 time=0.17s
[RQ-VAE] epoch=1957 loss=0.36667058 recon=0.00014412 beh=6.013662 w=0.061 lr=3.536e-04 time=0.17s
[RQ-VAE] epoch=1958 loss=0.36759061 recon=0.00014498 beh=6.015605 w=0.061 lr=3.532e-04 time=0.26s
[RQ-VAE] epoch=1959 loss=0.36763227 recon=0.00014414 beh=6.003173 w=0.061 lr=3.529e-04 time=0.168s
[RQ-VAE] epoch=1960 loss=0.36849210 recon=0.00014447 beh=6.004113 w=0.061 lr=3.525e-04 time=0.169s
[RQ-VAE] epoch=1961 loss=0.36959863 recon=0.00014595 beh=6.009090 w=0.061 lr=3.522e-04 time=0.169s
[RQ-VAE] epoch=1962 loss=0.37058306 recon=0.00014527 beh=6.012088 w=0.062 lr=3.519e-04 time=0.17s
[RQ-VAE] epoch=1963 loss=0.37109125 recon=0.00014525 beh=6.007324 w=0.062 lr=3.515e-04 time=0.17s
[RQ-VAE] epoch=1964 loss=0.37183148 recon=0.00014600 beh=6.006316 w=0.062 lr=3.512e-04 time=0.168s
[RQ-VAE] epoch=1965 loss=0.37326750 recon=0.00014632 beh=6.016576 w=0.062 lr=3.508e-04 time=0.168s
[RQ-VAE] epoch=1966 loss=0.37378028 recon=0.00014557 beh=6.011943 w=0.062 lr=3.505e-04 time=0.168s
[RQ-VAE] epoch=1967 loss=0.37416077 recon=0.00014507 beh=6.005195 w=0.062 lr=3.502e-04 time=0.169s
[RQ-VAE] epoch=1968 loss=0.37554798 recon=0.00014431 beh=6.014584 w=0.062 lr=3.498e-04 time=0.169s
[RQ-VAE] epoch=1969 loss=0.37636137 recon=0.00014448 beh=6.014768 w=0.063 lr=3.495e-04 time=0.169s
[RQ-VAE] epoch=1970 loss=0.37729445 recon=0.00014486 beh=6.016876 w=0.063 lr=3.492e-04 time=0.169s
[RQ-VAE] epoch=1971 loss=0.37775496 recon=0.00014545 beh=6.011417 w=0.063 lr=3.488e-04 time=0.169s
[RQ-VAE] epoch=1972 loss=0.37911469 recon=0.00014671 beh=6.020268 w=0.063 lr=3.485e-04 time=0.169s
[RQ-VAE] epoch=1973 loss=0.37973306 recon=0.00014700 beh=6.017347 w=0.063 lr=3.481e-04 time=0.169s
[RQ-VAE] epoch=1974 loss=0.38038298 recon=0.00014670 beh=6.014957 w=0.063 lr=3.478e-04 time=0.168s
[RQ-VAE] epoch=1975 loss=0.38149554 recon=0.00014660 beh=6.019883 w=0.063 lr=3.475e-04 time=0.168s
[RQ-VAE] epoch=1976 loss=0.38138515 recon=0.00014615 beh=6.005502 w=0.063 lr=3.471e-04 time=0.168s
[RQ-VAE] epoch=1977 loss=0.38173723 recon=0.00014622 beh=5.998417 w=0.064 lr=3.468e-04 time=0.168s
[RQ-VAE] epoch=1978 loss=0.38350141 recon=0.00014586 beh=6.013554 w=0.064 lr=3.464e-04 time=0.171s
[RQ-VAE] epoch=1979 loss=0.38434726 recon=0.00014613 beh=6.014215 w=0.064 lr=3.461e-04 time=0.169s
[RQ-VAE] epoch=1980 loss=0.38466585 recon=0.00014660 beh=6.006653 w=0.064 lr=3.458e-04 time=0.169s
[RQ-VAE] epoch=1981 loss=0.38557926 recon=0.00014660 beh=6.008416 w=0.064 lr=3.454e-04 time=0.169s
[RQ-VAE] epoch=1982 loss=0.38694793 recon=0.00014545 beh=6.017264 w=0.064 lr=3.451e-04 time=0.168s
[RQ-VAE] epoch=1983 loss=0.38703170 recon=0.00014567 beh=6.006125 w=0.064 lr=3.447e-04 time=0.17s
[RQ-VAE] epoch=1984 loss=0.38847443 recon=0.00014504 beh=6.016092 w=0.065 lr=3.444e-04 time=0.17s
[RQ-VAE] epoch=1985 loss=0.38917935 recon=0.00014593 beh=6.014574 w=0.065 lr=3.441e-04 time=0.169s
[RQ-VAE] epoch=1986 loss=0.38998452 recon=0.00014561 beh=6.014641 w=0.065 lr=3.437e-04 time=0.168s
[RQ-VAE] epoch=1987 loss=0.39044839 recon=0.00014622 beh=6.009415 w=0.065 lr=3.434e-04 time=0.168s
[RQ-VAE] epoch=1988 loss=0.39108270 recon=0.00014691 beh=6.006818 w=0.065 lr=3.431e-04 time=0.169s
[RQ-VAE] epoch=1989 loss=0.39188319 recon=0.00014629 beh=6.006807 w=0.065 lr=3.427e-04 time=0.169s
[RQ-VAE] epoch=1990 loss=0.39253488 recon=0.00014576 beh=6.004495 w=0.065 lr=3.424e-04 time=0.168s
[RQ-VAE] epoch=1991 loss=0.39385182 recon=0.00014573 beh=6.012391 w=0.065 lr=3.420e-04 time=0.169s
[RQ-VAE] epoch=1992 loss=0.39515138 recon=0.00014602 beh=6.020031 w=0.066 lr=3.417e-04 time=0.169s
[RQ-VAE] epoch=1993 loss=0.39594999 recon=0.00014697 beh=6.019955 w=0.066 lr=3.414e-04 time=0.169s
[RQ-VAE] epoch=1994 loss=0.39591268 recon=0.00014606 beh=6.007215 w=0.066 lr=3.410e-04 time=0.169s
[RQ-VAE] epoch=1995 loss=0.39668381 recon=0.00014537 beh=6.006777 w=0.066 lr=3.407e-04 time=0.17s
[RQ-VAE] epoch=1996 loss=0.39744210 recon=0.00014569 beh=6.006125 w=0.066 lr=3.403e-04 time=0.169s
[RQ-VAE] epoch=1997 loss=0.39833859 recon=0.00014655 beh=6.007539 w=0.066 lr=3.400e-04 time=0.17s
[RQ-VAE] epoch=1998 loss=0.39962634 recon=0.00014616 beh=6.014863 w=0.066 lr=3.397e-04 time=0.17s
[RQ-VAE] epoch=1999 loss=0.40062755 recon=0.00014677 beh=6.017878 w=0.067 lr=3.393e-04 time=0.169s
[RQ-VAE] epoch=2000 loss=0.40110090 recon=0.00014679 lr=3.390e-04 raw_unique=22875/24587 collision=0.069630 time=0.169s
[RQ-VAE] epoch=2001 loss=0.40209195 recon=0.00014576 beh=6.015791 w=0.067 lr=3.386e-04 time=0.169s
[RQ-VAE] epoch=2002 loss=0.40281206 recon=0.00014509 beh=6.014593 w=0.067 lr=3.383e-04 time=0.169s
[RQ-VAE] epoch=2003 loss=0.40398437 recon=0.00014521 beh=6.020156 w=0.067 lr=3.380e-04 time=0.168s
[RQ-VAE] epoch=2004 loss=0.40467176 recon=0.00014502 beh=6.018425 w=0.067 lr=3.376e-04 time=0.169s
[RQ-VAE] epoch=2005 loss=0.40512601 recon=0.00014579 beh=6.013213 w=0.067 lr=3.373e-04 time=0.169s
[RQ-VAE] epoch=2006 loss=0.40579551 recon=0.00014567 beh=6.011261 w=0.067 lr=3.369e-04 time=0.17s
[RQ-VAE] epoch=2007 loss=0.40696612 recon=0.00014576 beh=6.016698 w=0.068 lr=3.366e-04 time=0.17s
[RQ-VAE] epoch=2008 loss=0.40755939 recon=0.00014607 beh=6.013616 w=0.068 lr=3.363e-04 time=0.169s
[RQ-VAE] epoch=2009 loss=0.40791160 recon=0.00014588 beh=6.006979 w=0.068 lr=3.359e-04 time=0.17s
[RQ-VAE] epoch=2010 loss=0.40943229 recon=0.00014667 beh=6.017563 w=0.068 lr=3.356e-04 time=0.169s
[RQ-VAE] epoch=2011 loss=0.40966392 recon=0.00014618 beh=6.009182 w=0.068 lr=3.353e-04 time=0.168s
[RQ-VAE] epoch=2012 loss=0.41016370 recon=0.00014524 beh=6.004812 w=0.068 lr=3.349e-04 time=0.17s
[RQ-VAE] epoch=2013 loss=0.41169113 recon=0.00014622 beh=6.015410 w=0.068 lr=3.346e-04 time=0.169s
[RQ-VAE] epoch=2014 loss=0.41221154 recon=0.00014669 beh=6.011324 w=0.069 lr=3.342e-04 time=0.268s
[RQ-VAE] epoch=2015 loss=0.41309413 recon=0.00014680 beh=6.012493 w=0.069 lr=3.339e-04 time=0.169s
[RQ-VAE] epoch=2016 loss=0.41346925 recon=0.00014628 beh=6.006290 w=0.069 lr=3.336e-04 time=0.17s
[RQ-VAE] epoch=2017 loss=0.41484946 recon=0.00014534 beh=6.014709 w=0.069 lr=3.332e-04 time=0.17s
[RQ-VAE] epoch=2018 loss=0.41574141 recon=0.00014543 beh=6.016023 w=0.069 lr=3.329e-04 time=0.17s
[RQ-VAE] epoch=2019 loss=0.41590822 recon=0.00014603 beh=6.006832 w=0.069 lr=3.325e-04 time=0.17s
[RQ-VAE] epoch=2020 loss=0.41737235 recon=0.00014582 beh=6.016418 w=0.069 lr=3.322e-04 time=0.169s
[RQ-VAE] epoch=2021 loss=0.41769153 recon=0.00014585 beh=6.009468 w=0.069 lr=3.319e-04 time=0.169s
[RQ-VAE] epoch=2022 loss=0.41864222 recon=0.00014574 beh=6.011605 w=0.070 lr=3.315e-04 time=0.172s
[RQ-VAE] epoch=2023 loss=0.41895360 recon=0.00014620 beh=6.004565 w=0.070 lr=3.312e-04 time=0.17s
[RQ-VAE] epoch=2024 loss=0.41973668 recon=0.00014652 beh=6.004284 w=0.070 lr=3.308e-04 time=0.168s
[RQ-VAE] epoch=2025 loss=0.42129207 recon=0.00014651 beh=6.015066 w=0.070 lr=3.305e-04 time=0.168s
[RQ-VAE] epoch=2026 loss=0.42135665 recon=0.00014612 beh=6.004558 w=0.070 lr=3.302e-04 time=0.169s
[RQ-VAE] epoch=2027 loss=0.42254984 recon=0.00014646 beh=6.010138 w=0.070 lr=3.298e-04 time=0.169s
[RQ-VAE] epoch=2028 loss=0.42373210 recon=0.00014646 beh=6.015552 w=0.070 lr=3.295e-04 time=0.169s
[RQ-VAE] epoch=2029 loss=0.42408466 recon=0.00014598 beh=6.009177 w=0.071 lr=3.292e-04 time=0.168s
[RQ-VAE] epoch=2030 loss=0.42513824 recon=0.00014524 beh=6.012768 w=0.071 lr=3.288e-04 time=0.169s
[RQ-VAE] epoch=2031 loss=0.42610127 recon=0.00014558 beh=6.015062 w=0.071 lr=3.285e-04 time=0.171s
[RQ-VAE] epoch=2032 loss=0.42650601 recon=0.00014646 beh=6.009461 w=0.071 lr=3.281e-04 time=0.17s
[RQ-VAE] epoch=2033 loss=0.42733365 recon=0.00014555 beh=6.009819 w=0.071 lr=3.278e-04 time=0.17s
[RQ-VAE] epoch=2034 loss=0.42766193 recon=0.00014623 beh=6.003138 w=0.071 lr=3.275e-04 time=0.17s
[RQ-VAE] epoch=2035 loss=0.42922240 recon=0.00014652 beh=6.013815 w=0.071 lr=3.271e-04 time=0.169s
[RQ-VAE] epoch=2036 loss=0.43006292 recon=0.00014601 beh=6.014358 w=0.071 lr=3.268e-04 time=0.171s
[RQ-VAE] epoch=2037 loss=0.43106595 recon=0.00014616 beh=6.017180 w=0.072 lr=3.264e-04 time=0.17s
[RQ-VAE] epoch=2038 loss=0.43174762 recon=0.00014608 beh=6.015494 w=0.072 lr=3.261e-04 time=0.169s
[RQ-VAE] epoch=2039 loss=0.43205398 recon=0.00014575 beh=6.008594 w=0.072 lr=3.258e-04 time=0.17s
[RQ-VAE] epoch=2040 loss=0.43291396 recon=0.00014634 beh=6.009386 w=0.072 lr=3.254e-04 time=0.17s
[RQ-VAE] epoch=2041 loss=0.43399617 recon=0.00014586 beh=6.013312 w=0.072 lr=3.251e-04 time=0.17s
[RQ-VAE] epoch=2042 loss=0.43472189 recon=0.00014554 beh=6.012283 w=0.072 lr=3.247e-04 time=0.168s
[RQ-VAE] epoch=2043 loss=0.43562704 recon=0.00014525 beh=6.013685 w=0.072 lr=3.244e-04 time=0.263s
[RQ-VAE] epoch=2044 loss=0.43580723 recon=0.00014550 beh=6.005095 w=0.073 lr=3.241e-04 time=0.169s
[RQ-VAE] epoch=2045 loss=0.43810245 recon=0.00014552 beh=6.025692 w=0.073 lr=3.237e-04 time=0.168s
[RQ-VAE] epoch=2046 loss=0.43731293 recon=0.00014518 beh=6.003798 w=0.073 lr=3.234e-04 time=0.169s
[RQ-VAE] epoch=2047 loss=0.43891904 recon=0.00014550 beh=6.014810 w=0.073 lr=3.231e-04 time=0.17s
[RQ-VAE] epoch=2048 loss=0.43907756 recon=0.00014518 beh=6.006040 w=0.073 lr=3.227e-04 time=0.17s
[RQ-VAE] epoch=2049 loss=0.44021776 recon=0.00014574 beh=6.010666 w=0.073 lr=3.224e-04 time=0.17s
[RQ-VAE] epoch=2050 loss=0.43997395 recon=0.00014551 lr=3.220e-04 raw_unique=22907/24587 collision=0.068329 time=0.17s
[RQ-VAE] epoch=2051 loss=0.44136453 recon=0.00014578 beh=6.004439 w=0.073 lr=3.217e-04 time=0.171s
[RQ-VAE] epoch=2052 loss=0.44334978 recon=0.00014607 beh=6.020555 w=0.074 lr=3.214e-04 time=0.17s
[RQ-VAE] epoch=2053 loss=0.44401556 recon=0.00014631 beh=6.018716 w=0.074 lr=3.210e-04 time=0.171s
[RQ-VAE] epoch=2054 loss=0.44424245 recon=0.00014611 beh=6.010903 w=0.074 lr=3.207e-04 time=0.17s
[RQ-VAE] epoch=2055 loss=0.44417080 recon=0.00014601 beh=5.999083 w=0.074 lr=3.203e-04 time=0.17s
[RQ-VAE] epoch=2056 loss=0.44574469 recon=0.00014654 beh=6.009516 w=0.074 lr=3.200e-04 time=0.169s
[RQ-VAE] epoch=2057 loss=0.44662201 recon=0.00014581 beh=6.010565 w=0.074 lr=3.197e-04 time=0.168s
[RQ-VAE] epoch=2058 loss=0.44765115 recon=0.00014564 beh=6.013634 w=0.074 lr=3.193e-04 time=0.169s
[RQ-VAE] epoch=2059 loss=0.44839513 recon=0.00014644 beh=6.012855 w=0.075 lr=3.190e-04 time=0.169s
[RQ-VAE] epoch=2060 loss=0.44921768 recon=0.00014643 beh=6.013136 w=0.075 lr=3.186e-04 time=0.169s
[RQ-VAE] epoch=2061 loss=0.45018217 recon=0.00014739 beh=6.015266 w=0.075 lr=3.183e-04 time=0.17s
[RQ-VAE] epoch=2062 loss=0.45094502 recon=0.00014706 beh=6.014760 w=0.075 lr=3.180e-04 time=0.169s
[RQ-VAE] epoch=2063 loss=0.45211515 recon=0.00014659 beh=6.019695 w=0.075 lr=3.176e-04 time=0.279s
[RQ-VAE] epoch=2064 loss=0.45216319 recon=0.00014672 beh=6.009635 w=0.075 lr=3.173e-04 time=0.169s
[RQ-VAE] epoch=2065 loss=0.45257288 recon=0.00014735 beh=6.004412 w=0.075 lr=3.169e-04 time=0.169s
[RQ-VAE] epoch=2066 loss=0.45359549 recon=0.00014671 beh=6.007378 w=0.075 lr=3.166e-04 time=0.171s
[RQ-VAE] epoch=2067 loss=0.45466176 recon=0.00014688 beh=6.010900 w=0.076 lr=3.163e-04 time=0.169s
[RQ-VAE] epoch=2068 loss=0.45581669 recon=0.00014763 beh=6.015548 w=0.076 lr=3.159e-04 time=0.169s
[RQ-VAE] epoch=2069 loss=0.45658979 recon=0.00014747 beh=6.015161 w=0.076 lr=3.156e-04 time=0.17s
[RQ-VAE] epoch=2070 loss=0.45718530 recon=0.00014860 beh=6.012442 w=0.076 lr=3.153e-04 time=0.169s
[RQ-VAE] epoch=2071 loss=0.45819986 recon=0.00014774 beh=6.015237 w=0.076 lr=3.149e-04 time=0.171s
[RQ-VAE] epoch=2072 loss=0.45809576 recon=0.00014685 beh=6.003369 w=0.076 lr=3.146e-04 time=0.171s
[RQ-VAE] epoch=2073 loss=0.45999730 recon=0.00014678 beh=6.017791 w=0.076 lr=3.142e-04 time=0.169s
[RQ-VAE] epoch=2074 loss=0.46036753 recon=0.00014725 beh=6.012163 w=0.077 lr=3.139e-04 time=0.17s
[RQ-VAE] epoch=2075 loss=0.46080130 recon=0.00014740 beh=6.007348 w=0.077 lr=3.136e-04 time=0.171s
[RQ-VAE] epoch=2076 loss=0.46200129 recon=0.00014731 beh=6.012539 w=0.077 lr=3.132e-04 time=0.169s
[RQ-VAE] epoch=2077 loss=0.46222675 recon=0.00014708 beh=6.005071 w=0.077 lr=3.129e-04 time=0.169s
[RQ-VAE] epoch=2078 loss=0.46352151 recon=0.00014626 beh=6.011493 w=0.077 lr=3.125e-04 time=0.267s
[RQ-VAE] epoch=2079 loss=0.46475422 recon=0.00014629 beh=6.017076 w=0.077 lr=3.122e-04 time=0.17s
[RQ-VAE] epoch=2080 loss=0.46544379 recon=0.00014627 beh=6.015617 w=0.077 lr=3.119e-04 time=0.17s
[RQ-VAE] epoch=2081 loss=0.46649623 recon=0.00014669 beh=6.018847 w=0.077 lr=3.115e-04 time=0.17s
[RQ-VAE] epoch=2082 loss=0.46576926 recon=0.00014731 beh=5.999125 w=0.078 lr=3.112e-04 time=0.169s
[RQ-VAE] epoch=2083 loss=0.46740338 recon=0.00014729 beh=6.009864 w=0.078 lr=3.108e-04 time=0.17s
[RQ-VAE] epoch=2084 loss=0.46811858 recon=0.00014754 beh=6.008756 w=0.078 lr=3.105e-04 time=0.169s
[RQ-VAE] epoch=2085 loss=0.46937695 recon=0.00014669 beh=6.014646 w=0.078 lr=3.102e-04 time=0.171s
[RQ-VAE] epoch=2086 loss=0.47007233 recon=0.00014607 beh=6.013280 w=0.078 lr=3.098e-04 time=0.17s
[RQ-VAE] epoch=2087 loss=0.47062770 recon=0.00014658 beh=6.010119 w=0.078 lr=3.095e-04 time=0.17s
[RQ-VAE] epoch=2088 loss=0.47177094 recon=0.00014678 beh=6.014486 w=0.078 lr=3.092e-04 time=0.17s
[RQ-VAE] epoch=2089 loss=0.47201878 recon=0.00014696 beh=6.007433 w=0.079 lr=3.088e-04 time=0.17s
[RQ-VAE] epoch=2090 loss=0.47233596 recon=0.00014723 beh=6.001270 w=0.079 lr=3.085e-04 time=0.17s
[RQ-VAE] epoch=2091 loss=0.47393018 recon=0.00014682 beh=6.011339 w=0.079 lr=3.081e-04 time=0.17s
[RQ-VAE] epoch=2092 loss=0.47465670 recon=0.00014654 beh=6.010391 w=0.079 lr=3.078e-04 time=0.17s
[RQ-VAE] epoch=2093 loss=0.47490177 recon=0.00014768 beh=6.003347 w=0.079 lr=3.075e-04 time=0.17s
[RQ-VAE] epoch=2094 loss=0.47618383 recon=0.00014689 beh=6.009438 w=0.079 lr=3.071e-04 time=0.171s
[RQ-VAE] epoch=2095 loss=0.47736207 recon=0.00014633 beh=6.014182 w=0.079 lr=3.068e-04 time=0.172s
[RQ-VAE] epoch=2096 loss=0.47751138 recon=0.00014652 beh=6.005977 w=0.079 lr=3.064e-04 time=0.172s
[RQ-VAE] epoch=2097 loss=0.47783351 recon=0.00014654 beh=5.999958 w=0.080 lr=3.061e-04 time=0.17s
[RQ-VAE] epoch=2098 loss=0.47980127 recon=0.00014659 beh=6.014616 w=0.080 lr=3.058e-04 time=0.171s
[RQ-VAE] epoch=2099 loss=0.48067474 recon=0.00014677 beh=6.015509 w=0.080 lr=3.054e-04 time=0.17s
[RQ-VAE] epoch=2100 loss=0.48114002 recon=0.00014626 lr=3.051e-04 raw_unique=22937/24587 collision=0.067109 time=0.17s
[RQ-VAE] epoch=2101 loss=0.48155332 recon=0.00014607 beh=6.006459 w=0.080 lr=3.047e-04 time=0.17s
[RQ-VAE] epoch=2102 loss=0.48305476 recon=0.00014600 beh=6.015210 w=0.080 lr=3.044e-04 time=0.169s
[RQ-VAE] epoch=2103 loss=0.48304921 recon=0.00014631 beh=6.005144 w=0.080 lr=3.041e-04 time=0.17s
[RQ-VAE] epoch=2104 loss=0.48483178 recon=0.00014627 beh=6.017341 w=0.081 lr=3.037e-04 time=0.169s
[RQ-VAE] epoch=2105 loss=0.48510098 recon=0.00014593 beh=6.010743 w=0.081 lr=3.034e-04 time=0.17s
[RQ-VAE] epoch=2106 loss=0.48566520 recon=0.00014616 beh=6.007785 w=0.081 lr=3.031e-04 time=0.17s
[RQ-VAE] epoch=2107 loss=0.48623484 recon=0.00014548 beh=6.004934 w=0.081 lr=3.027e-04 time=0.17s
[RQ-VAE] epoch=2108 loss=0.48766762 recon=0.00014575 beh=6.012733 w=0.081 lr=3.024e-04 time=0.171s
[RQ-VAE] epoch=2109 loss=0.48820508 recon=0.00014603 beh=6.009480 w=0.081 lr=3.020e-04 time=0.169s
[RQ-VAE] epoch=2110 loss=0.48905665 recon=0.00014560 beh=6.010109 w=0.081 lr=3.017e-04 time=0.169s
[RQ-VAE] epoch=2111 loss=0.48986071 recon=0.00014558 beh=6.010137 w=0.081 lr=3.014e-04 time=0.17s
[RQ-VAE] epoch=2112 loss=0.49039608 recon=0.00014579 beh=6.006876 w=0.082 lr=3.010e-04 time=0.169s
[RQ-VAE] epoch=2113 loss=0.49122888 recon=0.00014609 beh=6.007261 w=0.082 lr=3.007e-04 time=0.17s
[RQ-VAE] epoch=2114 loss=0.49230808 recon=0.00014652 beh=6.010648 w=0.082 lr=3.003e-04 time=0.17s
[RQ-VAE] epoch=2115 loss=0.49392053 recon=0.00014651 beh=6.020543 w=0.082 lr=3.000e-04 time=0.17s
[RQ-VAE] epoch=2116 loss=0.49426791 recon=0.00014676 beh=6.015009 w=0.082 lr=2.997e-04 time=0.17s
[RQ-VAE] epoch=2117 loss=0.49490792 recon=0.00014612 beh=6.013032 w=0.082 lr=2.993e-04 time=0.17s
[RQ-VAE] epoch=2118 loss=0.49544573 recon=0.00014599 beh=6.009834 w=0.082 lr=2.990e-04 time=0.17s
[RQ-VAE] epoch=2119 loss=0.49629492 recon=0.00014666 beh=6.010416 w=0.083 lr=2.986e-04 time=0.17s
[RQ-VAE] epoch=2120 loss=0.49694276 recon=0.00014746 beh=6.008564 w=0.083 lr=2.983e-04 time=0.17s
[RQ-VAE] epoch=2121 loss=0.49803513 recon=0.00014696 beh=6.012077 w=0.083 lr=2.980e-04 time=0.17s
[RQ-VAE] epoch=2122 loss=0.49834484 recon=0.00014801 beh=6.006129 w=0.083 lr=2.976e-04 time=0.169s
[RQ-VAE] epoch=2123 loss=0.49957302 recon=0.00014676 beh=6.011294 w=0.083 lr=2.973e-04 time=0.17s
[RQ-VAE] epoch=2124 loss=0.50036997 recon=0.00014570 beh=6.011244 w=0.083 lr=2.969e-04 time=0.171s
[RQ-VAE] epoch=2125 loss=0.50134182 recon=0.00014562 beh=6.013286 w=0.083 lr=2.966e-04 time=0.17s
[RQ-VAE] epoch=2126 loss=0.50138700 recon=0.00014643 beh=6.004238 w=0.083 lr=2.963e-04 time=0.17s
[RQ-VAE] epoch=2127 loss=0.50252229 recon=0.00014700 beh=6.008227 w=0.084 lr=2.959e-04 time=0.17s
[RQ-VAE] epoch=2128 loss=0.50375187 recon=0.00014731 beh=6.013332 w=0.084 lr=2.956e-04 time=0.169s
[RQ-VAE] epoch=2129 loss=0.50526619 recon=0.00014734 beh=6.021840 w=0.084 lr=2.953e-04 time=0.17s
[RQ-VAE] epoch=2130 loss=0.50452876 recon=0.00014731 beh=6.003496 w=0.084 lr=2.949e-04 time=0.169s
[RQ-VAE] epoch=2131 loss=0.50538921 recon=0.00014692 beh=6.004209 w=0.084 lr=2.946e-04 time=0.17s
[RQ-VAE] epoch=2132 loss=0.50624770 recon=0.00014680 beh=6.004914 w=0.084 lr=2.942e-04 time=0.169s
[RQ-VAE] epoch=2133 loss=0.50782949 recon=0.00014647 beh=6.014176 w=0.084 lr=2.939e-04 time=0.169s
[RQ-VAE] epoch=2134 loss=0.50907016 recon=0.00014679 beh=6.019374 w=0.085 lr=2.936e-04 time=0.269s
[RQ-VAE] epoch=2135 loss=0.50936162 recon=0.00014775 beh=6.013327 w=0.085 lr=2.932e-04 time=0.171s
[RQ-VAE] epoch=2136 loss=0.50987047 recon=0.00014798 beh=6.009851 w=0.085 lr=2.929e-04 time=0.171s
[RQ-VAE] epoch=2137 loss=0.51083052 recon=0.00014750 beh=6.011712 w=0.085 lr=2.925e-04 time=0.169s
[RQ-VAE] epoch=2138 loss=0.51092094 recon=0.00014718 beh=6.003366 w=0.085 lr=2.922e-04 time=0.171s
[RQ-VAE] epoch=2139 loss=0.51234740 recon=0.00014616 beh=6.010726 w=0.085 lr=2.919e-04 time=0.17s
[RQ-VAE] epoch=2140 loss=0.51364207 recon=0.00014646 beh=6.016502 w=0.085 lr=2.915e-04 time=0.17s
[RQ-VAE] epoch=2141 loss=0.51411080 recon=0.00014637 beh=6.012589 w=0.085 lr=2.912e-04 time=0.17s
[RQ-VAE] epoch=2142 loss=0.51484317 recon=0.00014625 beh=6.011796 w=0.086 lr=2.908e-04 time=0.17s
[RQ-VAE] epoch=2143 loss=0.51536572 recon=0.00014629 beh=6.008536 w=0.086 lr=2.905e-04 time=0.17s
[RQ-VAE] epoch=2144 loss=0.51661515 recon=0.00014619 beh=6.013760 w=0.086 lr=2.902e-04 time=0.171s
[RQ-VAE] epoch=2145 loss=0.51700014 recon=0.00014661 beh=6.008884 w=0.086 lr=2.898e-04 time=0.17s
[RQ-VAE] epoch=2146 loss=0.51792276 recon=0.00014741 beh=6.010297 w=0.086 lr=2.895e-04 time=0.17s
[RQ-VAE] epoch=2147 loss=0.51839107 recon=0.00014690 beh=6.006452 w=0.086 lr=2.892e-04 time=0.17s
[RQ-VAE] epoch=2148 loss=0.51984996 recon=0.00014629 beh=6.014061 w=0.086 lr=2.888e-04 time=0.17s
[RQ-VAE] epoch=2149 loss=0.52081925 recon=0.00014648 beh=6.016024 w=0.087 lr=2.885e-04 time=0.17s
[RQ-VAE] epoch=2150 loss=0.52163297 recon=0.00014620 lr=2.881e-04 raw_unique=22757/24587 collision=0.074430 time=0.169s
[RQ-VAE] epoch=2151 loss=0.52271146 recon=0.00014671 beh=6.019348 w=0.087 lr=2.878e-04 time=0.17s
[RQ-VAE] epoch=2152 loss=0.52299410 recon=0.00014612 beh=6.013359 w=0.087 lr=2.875e-04 time=0.171s
[RQ-VAE] epoch=2153 loss=0.52324885 recon=0.00014610 beh=6.007063 w=0.087 lr=2.871e-04 time=0.17s
[RQ-VAE] epoch=2154 loss=0.52387339 recon=0.00014638 beh=6.005034 w=0.087 lr=2.868e-04 time=0.17s
[RQ-VAE] epoch=2155 loss=0.52471393 recon=0.00014593 beh=6.005502 w=0.087 lr=2.864e-04 time=0.171s
[RQ-VAE] epoch=2156 loss=0.52562308 recon=0.00014647 beh=6.006750 w=0.087 lr=2.861e-04 time=0.17s
[RQ-VAE] epoch=2157 loss=0.52629304 recon=0.00014642 beh=6.005269 w=0.088 lr=2.858e-04 time=0.171s
[RQ-VAE] epoch=2158 loss=0.52749509 recon=0.00014729 beh=6.009836 w=0.088 lr=2.854e-04 time=0.17s
[RQ-VAE] epoch=2159 loss=0.52856785 recon=0.00014734 beh=6.012908 w=0.088 lr=2.851e-04 time=0.169s
[RQ-VAE] epoch=2160 loss=0.52884555 recon=0.00014649 beh=6.006943 w=0.088 lr=2.847e-04 time=0.169s
[RQ-VAE] epoch=2161 loss=0.52968192 recon=0.00014653 beh=6.007350 w=0.088 lr=2.844e-04 time=0.17s
[RQ-VAE] epoch=2162 loss=0.53057414 recon=0.00014596 beh=6.008405 w=0.088 lr=2.841e-04 time=0.169s
[RQ-VAE] epoch=2163 loss=0.53120553 recon=0.00014593 beh=6.006485 w=0.088 lr=2.837e-04 time=0.263s
[RQ-VAE] epoch=2164 loss=0.53278786 recon=0.00014588 beh=6.015307 w=0.089 lr=2.834e-04 time=0.17s
[RQ-VAE] epoch=2165 loss=0.53299654 recon=0.00014673 beh=6.008615 w=0.089 lr=2.831e-04 time=0.17s
[RQ-VAE] epoch=2166 loss=0.53227556 recon=0.00014608 beh=5.991467 w=0.089 lr=2.827e-04 time=0.171s
[RQ-VAE] epoch=2167 loss=0.53475451 recon=0.00014652 beh=6.010364 w=0.089 lr=2.824e-04 time=0.17s
[RQ-VAE] epoch=2168 loss=0.53606188 recon=0.00014635 beh=6.016056 w=0.089 lr=2.820e-04 time=0.17s
[RQ-VAE] epoch=2169 loss=0.53640950 recon=0.00014670 beh=6.010951 w=0.089 lr=2.817e-04 time=0.169s
[RQ-VAE] epoch=2170 loss=0.53711152 recon=0.00014646 beh=6.009843 w=0.089 lr=2.814e-04 time=0.169s
[RQ-VAE] epoch=2171 loss=0.53720069 recon=0.00014718 beh=6.001871 w=0.089 lr=2.810e-04 time=0.173s
[RQ-VAE] epoch=2172 loss=0.53761405 recon=0.00014693 beh=5.997550 w=0.090 lr=2.807e-04 time=0.171s
[RQ-VAE] epoch=2173 loss=0.53863144 recon=0.00014673 beh=5.999991 w=0.090 lr=2.803e-04 time=0.172s
[RQ-VAE] epoch=2174 loss=0.53911304 recon=0.00014613 beh=5.996466 w=0.090 lr=2.800e-04 time=0.17s
[RQ-VAE] epoch=2175 loss=0.54099530 recon=0.00014617 beh=6.008475 w=0.090 lr=2.797e-04 time=0.169s
[RQ-VAE] epoch=2176 loss=0.54233587 recon=0.00014726 beh=6.014449 w=0.090 lr=2.793e-04 time=0.171s
[RQ-VAE] epoch=2177 loss=0.54263049 recon=0.00014711 beh=6.008828 w=0.090 lr=2.790e-04 time=0.171s
[RQ-VAE] epoch=2178 loss=0.54329085 recon=0.00014629 beh=6.007274 w=0.090 lr=2.786e-04 time=0.169s
[RQ-VAE] epoch=2179 loss=0.54509687 recon=0.00014591 beh=6.018386 w=0.091 lr=2.783e-04 time=0.171s
[RQ-VAE] epoch=2180 loss=0.54571939 recon=0.00014602 beh=6.016409 w=0.091 lr=2.780e-04 time=0.17s
[RQ-VAE] epoch=2181 loss=0.54541546 recon=0.00014665 beh=6.004221 w=0.091 lr=2.776e-04 time=0.168s
[RQ-VAE] epoch=2182 loss=0.54724288 recon=0.00014668 beh=6.015502 w=0.091 lr=2.773e-04 time=0.17s
[RQ-VAE] epoch=2183 loss=0.54799193 recon=0.00014700 beh=6.014924 w=0.091 lr=2.769e-04 time=0.261s
[RQ-VAE] epoch=2184 loss=0.54845786 recon=0.00014610 beh=6.011249 w=0.091 lr=2.766e-04 time=0.17s
[RQ-VAE] epoch=2185 loss=0.54889280 recon=0.00014606 beh=6.007237 w=0.091 lr=2.763e-04 time=0.17s
[RQ-VAE] epoch=2186 loss=0.54913437 recon=0.00014698 beh=6.001122 w=0.091 lr=2.759e-04 time=0.171s
[RQ-VAE] epoch=2187 loss=0.55082923 recon=0.00014688 beh=6.010896 w=0.092 lr=2.756e-04 time=0.171s
[RQ-VAE] epoch=2188 loss=0.55212975 recon=0.00014643 beh=6.016345 w=0.092 lr=2.753e-04 time=0.169s
[RQ-VAE] epoch=2189 loss=0.55212307 recon=0.00014560 beh=6.007534 w=0.092 lr=2.749e-04 time=0.171s
[RQ-VAE] epoch=2190 loss=0.55264145 recon=0.00014624 beh=6.004459 w=0.092 lr=2.746e-04 time=0.171s
[RQ-VAE] epoch=2191 loss=0.55388093 recon=0.00014586 beh=6.009229 w=0.092 lr=2.742e-04 time=0.17s
[RQ-VAE] epoch=2192 loss=0.55510032 recon=0.00014658 beh=6.013762 w=0.092 lr=2.739e-04 time=0.17s
[RQ-VAE] epoch=2193 loss=0.55488992 recon=0.00014663 beh=6.002815 w=0.092 lr=2.736e-04 time=0.171s
[RQ-VAE] epoch=2194 loss=0.55660379 recon=0.00014679 beh=6.012702 w=0.093 lr=2.732e-04 time=0.17s
[RQ-VAE] epoch=2195 loss=0.55732179 recon=0.00014667 beh=6.011795 w=0.093 lr=2.729e-04 time=0.169s
[RQ-VAE] epoch=2196 loss=0.55768079 recon=0.00014670 beh=6.007005 w=0.093 lr=2.725e-04 time=0.17s
[RQ-VAE] epoch=2197 loss=0.55939060 recon=0.00014661 beh=6.016779 w=0.093 lr=2.722e-04 time=0.172s
[RQ-VAE] epoch=2198 loss=0.55913311 recon=0.00014706 beh=6.005396 w=0.093 lr=2.719e-04 time=0.262s
[RQ-VAE] epoch=2199 loss=0.56109786 recon=0.00014679 beh=6.017886 w=0.093 lr=2.715e-04 time=0.17s
[RQ-VAE] epoch=2200 loss=0.56187892 recon=0.00014651 lr=2.712e-04 raw_unique=22810/24587 collision=0.072274 time=0.17s
[RQ-VAE] epoch=2201 loss=0.56272084 recon=0.00014622 beh=6.018077 w=0.093 lr=2.708e-04 time=0.17s
[RQ-VAE] epoch=2202 loss=0.56273174 recon=0.00014618 beh=6.009633 w=0.094 lr=2.705e-04 time=0.169s
[RQ-VAE] epoch=2203 loss=0.56359237 recon=0.00014667 beh=6.010242 w=0.094 lr=2.702e-04 time=0.169s
[RQ-VAE] epoch=2204 loss=0.56416845 recon=0.00014710 beh=6.007837 w=0.094 lr=2.698e-04 time=0.17s
[RQ-VAE] epoch=2205 loss=0.56501293 recon=0.00014702 beh=6.008318 w=0.094 lr=2.695e-04 time=0.171s
[RQ-VAE] epoch=2206 loss=0.56560600 recon=0.00014672 beh=6.006116 w=0.094 lr=2.692e-04 time=0.17s
[RQ-VAE] epoch=2207 loss=0.56708705 recon=0.00014610 beh=6.013344 w=0.094 lr=2.688e-04 time=0.169s
[RQ-VAE] epoch=2208 loss=0.56822997 recon=0.00014622 beh=6.016949 w=0.094 lr=2.685e-04 time=0.171s
[RQ-VAE] epoch=2209 loss=0.56854063 recon=0.00014618 beh=6.011751 w=0.095 lr=2.681e-04 time=0.171s
[RQ-VAE] epoch=2210 loss=0.56850696 recon=0.00014673 beh=6.002928 w=0.095 lr=2.678e-04 time=0.17s
[RQ-VAE] epoch=2211 loss=0.57018894 recon=0.00014671 beh=6.012228 w=0.095 lr=2.675e-04 time=0.17s
[RQ-VAE] epoch=2212 loss=0.57144320 recon=0.00014716 beh=6.016996 w=0.095 lr=2.671e-04 time=0.17s
[RQ-VAE] epoch=2213 loss=0.57194084 recon=0.00014756 beh=6.013794 w=0.095 lr=2.668e-04 time=0.17s
[RQ-VAE] epoch=2214 loss=0.57232839 recon=0.00014701 beh=6.009421 w=0.095 lr=2.664e-04 time=0.17s
[RQ-VAE] epoch=2215 loss=0.57316363 recon=0.00014643 beh=6.009776 w=0.095 lr=2.661e-04 time=0.17s
[RQ-VAE] epoch=2216 loss=0.57422090 recon=0.00014634 beh=6.012458 w=0.095 lr=2.658e-04 time=0.169s
[RQ-VAE] epoch=2217 loss=0.57552785 recon=0.00014547 beh=6.017771 w=0.096 lr=2.654e-04 time=0.17s
[RQ-VAE] epoch=2218 loss=0.57628870 recon=0.00014582 beh=6.017341 w=0.096 lr=2.651e-04 time=0.169s
[RQ-VAE] epoch=2219 loss=0.57657677 recon=0.00014672 beh=6.011979 w=0.096 lr=2.647e-04 time=0.169s
[RQ-VAE] epoch=2220 loss=0.57838100 recon=0.00014719 beh=6.022427 w=0.096 lr=2.644e-04 time=0.169s
[RQ-VAE] epoch=2221 loss=0.57881922 recon=0.00014726 beh=6.018631 w=0.096 lr=2.641e-04 time=0.17s
[RQ-VAE] epoch=2222 loss=0.57929385 recon=0.00014694 beh=6.015229 w=0.096 lr=2.637e-04 time=0.171s
[RQ-VAE] epoch=2223 loss=0.57984769 recon=0.00014720 beh=6.012640 w=0.096 lr=2.634e-04 time=0.17s
[RQ-VAE] epoch=2224 loss=0.58002877 recon=0.00014682 beh=6.006212 w=0.097 lr=2.631e-04 time=0.171s
[RQ-VAE] epoch=2225 loss=0.58114892 recon=0.00014731 beh=6.009512 w=0.097 lr=2.627e-04 time=0.169s
[RQ-VAE] epoch=2226 loss=0.58103645 recon=0.00014657 beh=6.000076 w=0.097 lr=2.624e-04 time=0.171s
[RQ-VAE] epoch=2227 loss=0.58299422 recon=0.00014691 beh=6.012009 w=0.097 lr=2.620e-04 time=0.169s
[RQ-VAE] epoch=2228 loss=0.58421642 recon=0.00014647 beh=6.016371 w=0.097 lr=2.617e-04 time=0.169s
[RQ-VAE] epoch=2229 loss=0.58527809 recon=0.00014641 beh=6.019041 w=0.097 lr=2.614e-04 time=0.169s
[RQ-VAE] epoch=2230 loss=0.58528876 recon=0.00014699 beh=6.010893 w=0.097 lr=2.610e-04 time=0.169s
[RQ-VAE] epoch=2231 loss=0.58606052 recon=0.00014644 beh=6.010600 w=0.097 lr=2.607e-04 time=0.171s
[RQ-VAE] epoch=2232 loss=0.58680665 recon=0.00014679 beh=6.010033 w=0.098 lr=2.603e-04 time=0.17s
[RQ-VAE] epoch=2233 loss=0.58752847 recon=0.00014646 beh=6.009220 w=0.098 lr=2.600e-04 time=0.171s
[RQ-VAE] epoch=2234 loss=0.58873498 recon=0.00014678 beh=6.013364 w=0.098 lr=2.597e-04 time=0.17s
[RQ-VAE] epoch=2235 loss=0.58876872 recon=0.00014690 beh=6.005527 w=0.098 lr=2.593e-04 time=0.17s
[RQ-VAE] epoch=2236 loss=0.58994848 recon=0.00014683 beh=6.009398 w=0.098 lr=2.590e-04 time=0.17s
[RQ-VAE] epoch=2237 loss=0.59060317 recon=0.00014689 beh=6.007903 w=0.098 lr=2.586e-04 time=0.169s
[RQ-VAE] epoch=2238 loss=0.59191400 recon=0.00014654 beh=6.013083 w=0.098 lr=2.583e-04 time=0.168s
[RQ-VAE] epoch=2239 loss=0.59269434 recon=0.00014633 beh=6.012866 w=0.099 lr=2.580e-04 time=0.17s
[RQ-VAE] epoch=2240 loss=0.59366196 recon=0.00014657 beh=6.014529 w=0.099 lr=2.576e-04 time=0.17s
[RQ-VAE] epoch=2241 loss=0.59377563 recon=0.00014758 beh=6.007565 w=0.099 lr=2.573e-04 time=0.169s
[RQ-VAE] epoch=2242 loss=0.59439766 recon=0.00014736 beh=6.005767 w=0.099 lr=2.569e-04 time=0.17s
[RQ-VAE] epoch=2243 loss=0.59612572 recon=0.00014697 beh=6.015132 w=0.099 lr=2.566e-04 time=0.169s
[RQ-VAE] epoch=2244 loss=0.59714603 recon=0.00014673 beh=6.017344 w=0.099 lr=2.563e-04 time=0.176s
[RQ-VAE] epoch=2245 loss=0.59827083 recon=0.00014712 beh=6.020596 w=0.099 lr=2.559e-04 time=0.173s
[RQ-VAE] epoch=2246 loss=0.59855187 recon=0.00014680 beh=6.015340 w=0.099 lr=2.556e-04 time=0.173s
[RQ-VAE] epoch=2247 loss=0.59883833 recon=0.00014683 beh=6.010163 w=0.100 lr=2.553e-04 time=0.174s
[RQ-VAE] epoch=2248 loss=0.59935933 recon=0.00014666 beh=6.007357 w=0.100 lr=2.549e-04 time=0.174s
[RQ-VAE] epoch=2249 loss=0.59990805 recon=0.00014711 beh=6.004823 w=0.100 lr=2.546e-04 time=0.174s
[RQ-VAE] epoch=2250 loss=0.60169482 recon=0.00014787 lr=2.542e-04 raw_unique=22865/24587 collision=0.070037 time=0.173s
[RQ-VAE] epoch=2251 loss=0.60174561 recon=0.00014768 beh=6.007168 w=0.100 lr=2.539e-04 time=0.174s
[RQ-VAE] epoch=2252 loss=0.60266638 recon=0.00014676 beh=6.008373 w=0.100 lr=2.536e-04 time=0.173s
[RQ-VAE] epoch=2253 loss=0.60387087 recon=0.00014721 beh=6.012386 w=0.100 lr=2.532e-04 time=0.173s
[RQ-VAE] epoch=2254 loss=0.60482711 recon=0.00014669 beh=6.013929 w=0.101 lr=2.529e-04 time=0.174s
[RQ-VAE] epoch=2255 loss=0.60561705 recon=0.00014745 beh=6.013818 w=0.101 lr=2.525e-04 time=0.282s
[RQ-VAE] epoch=2256 loss=0.60621828 recon=0.00014750 beh=6.011827 w=0.101 lr=2.522e-04 time=0.17s
[RQ-VAE] epoch=2257 loss=0.60758793 recon=0.00014672 beh=6.017467 w=0.101 lr=2.519e-04 time=0.171s
[RQ-VAE] epoch=2258 loss=0.60827601 recon=0.00014711 beh=6.016334 w=0.101 lr=2.515e-04 time=0.171s
[RQ-VAE] epoch=2259 loss=0.60873932 recon=0.00014723 beh=6.012985 w=0.101 lr=2.512e-04 time=0.17s
[RQ-VAE] epoch=2260 loss=0.61036634 recon=0.00014755 beh=6.021138 w=0.101 lr=2.508e-04 time=0.17s
[RQ-VAE] epoch=2261 loss=0.61002326 recon=0.00014760 beh=6.009839 w=0.101 lr=2.505e-04 time=0.17s
[RQ-VAE] epoch=2262 loss=0.61054111 recon=0.00014709 beh=6.007049 w=0.102 lr=2.502e-04 time=0.169s
[RQ-VAE] epoch=2263 loss=0.61216080 recon=0.00014684 beh=6.015089 w=0.102 lr=2.498e-04 time=0.171s
[RQ-VAE] epoch=2264 loss=0.61241245 recon=0.00014705 beh=6.009678 w=0.102 lr=2.495e-04 time=0.17s
[RQ-VAE] epoch=2265 loss=0.61273348 recon=0.00014705 beh=6.004966 w=0.102 lr=2.492e-04 time=0.17s
[RQ-VAE] epoch=2266 loss=0.61354518 recon=0.00014675 beh=6.005088 w=0.102 lr=2.488e-04 time=0.169s
[RQ-VAE] epoch=2267 loss=0.61496758 recon=0.00014638 beh=6.011179 w=0.102 lr=2.485e-04 time=0.171s
[RQ-VAE] epoch=2268 loss=0.61502582 recon=0.00014607 beh=6.003928 w=0.102 lr=2.481e-04 time=0.17s
[RQ-VAE] epoch=2269 loss=0.61639178 recon=0.00014640 beh=6.009427 w=0.103 lr=2.478e-04 time=0.169s
[RQ-VAE] epoch=2270 loss=0.61659372 recon=0.00014642 beh=6.003576 w=0.103 lr=2.475e-04 time=0.17s
[RQ-VAE] epoch=2271 loss=0.61729914 recon=0.00014640 beh=6.002652 w=0.103 lr=2.471e-04 time=0.17s
[RQ-VAE] epoch=2272 loss=0.61883891 recon=0.00014709 beh=6.009840 w=0.103 lr=2.468e-04 time=0.171s
[RQ-VAE] epoch=2273 loss=0.62026548 recon=0.00014691 beh=6.015904 w=0.103 lr=2.464e-04 time=0.171s
[RQ-VAE] epoch=2274 loss=0.62028503 recon=0.00014714 beh=6.008324 w=0.103 lr=2.461e-04 time=0.17s
[RQ-VAE] epoch=2275 loss=0.62171280 recon=0.00014739 beh=6.014393 w=0.103 lr=2.458e-04 time=0.169s
[RQ-VAE] epoch=2276 loss=0.62259591 recon=0.00014748 beh=6.015173 w=0.103 lr=2.454e-04 time=0.169s
[RQ-VAE] epoch=2277 loss=0.62339914 recon=0.00014747 beh=6.015192 w=0.104 lr=2.451e-04 time=0.171s
[RQ-VAE] epoch=2278 loss=0.62453598 recon=0.00014753 beh=6.018430 w=0.104 lr=2.447e-04 time=0.169s
[RQ-VAE] epoch=2279 loss=0.62454772 recon=0.00014672 beh=6.010823 w=0.104 lr=2.444e-04 time=0.169s
[RQ-VAE] epoch=2280 loss=0.62497741 recon=0.00014689 beh=6.007236 w=0.104 lr=2.441e-04 time=0.169s
[RQ-VAE] epoch=2281 loss=0.62589633 recon=0.00014746 beh=6.008364 w=0.104 lr=2.437e-04 time=0.169s
[RQ-VAE] epoch=2282 loss=0.62585926 recon=0.00014784 beh=6.000326 w=0.104 lr=2.434e-04 time=0.17s
[RQ-VAE] epoch=2283 loss=0.62769496 recon=0.00014769 beh=6.010256 w=0.104 lr=2.431e-04 time=0.17s
[RQ-VAE] epoch=2284 loss=0.62805688 recon=0.00014764 beh=6.006046 w=0.105 lr=2.427e-04 time=0.259s
[RQ-VAE] epoch=2285 loss=0.62957156 recon=0.00014772 beh=6.012871 w=0.105 lr=2.424e-04 time=0.17s
[RQ-VAE] epoch=2286 loss=0.62956750 recon=0.00014741 beh=6.005172 w=0.105 lr=2.420e-04 time=0.171s
[RQ-VAE] epoch=2287 loss=0.63090545 recon=0.00014711 beh=6.010299 w=0.105 lr=2.417e-04 time=0.17s
[RQ-VAE] epoch=2288 loss=0.63162339 recon=0.00014749 beh=6.009505 w=0.105 lr=2.414e-04 time=0.171s
[RQ-VAE] epoch=2289 loss=0.63208240 recon=0.00014704 beh=6.006258 w=0.105 lr=2.410e-04 time=0.171s
[RQ-VAE] epoch=2290 loss=0.63292646 recon=0.00014761 beh=6.006662 w=0.105 lr=2.407e-04 time=0.169s
[RQ-VAE] epoch=2291 loss=0.63407099 recon=0.00014721 beh=6.009923 w=0.105 lr=2.403e-04 time=0.171s
[RQ-VAE] epoch=2292 loss=0.63465035 recon=0.00014684 beh=6.007819 w=0.106 lr=2.400e-04 time=0.171s
[RQ-VAE] epoch=2293 loss=0.63590729 recon=0.00014612 beh=6.012152 w=0.106 lr=2.397e-04 time=0.169s
[RQ-VAE] epoch=2294 loss=0.63576758 recon=0.00014607 beh=6.003252 w=0.106 lr=2.393e-04 time=0.169s
[RQ-VAE] epoch=2295 loss=0.63753688 recon=0.00014621 beh=6.012384 w=0.106 lr=2.390e-04 time=0.17s
[RQ-VAE] epoch=2296 loss=0.63755500 recon=0.00014591 beh=6.005003 w=0.106 lr=2.386e-04 time=0.17s
[RQ-VAE] epoch=2297 loss=0.63870686 recon=0.00014568 beh=6.008326 w=0.106 lr=2.383e-04 time=0.17s
[RQ-VAE] epoch=2298 loss=0.63937014 recon=0.00014722 beh=6.007012 w=0.106 lr=2.380e-04 time=0.171s
[RQ-VAE] epoch=2299 loss=0.64093453 recon=0.00014725 beh=6.014187 w=0.107 lr=2.376e-04 time=0.171s
[RQ-VAE] epoch=2300 loss=0.64147913 recon=0.00014726 lr=2.373e-04 raw_unique=22997/24587 collision=0.064668 time=0.171s
[RQ-VAE] epoch=2301 loss=0.64145643 recon=0.00014673 beh=6.004045 w=0.107 lr=2.369e-04 time=0.171s
[RQ-VAE] epoch=2302 loss=0.64198244 recon=0.00014682 beh=6.001477 w=0.107 lr=2.366e-04 time=0.17s
[RQ-VAE] epoch=2303 loss=0.64269894 recon=0.00014677 beh=6.000697 w=0.107 lr=2.363e-04 time=0.262s
[RQ-VAE] epoch=2304 loss=0.64388287 recon=0.00014654 beh=6.004275 w=0.107 lr=2.359e-04 time=0.17s
[RQ-VAE] epoch=2305 loss=0.64482409 recon=0.00014679 beh=6.005593 w=0.107 lr=2.356e-04 time=0.169s
[RQ-VAE] epoch=2306 loss=0.64546138 recon=0.00014639 beh=6.004073 w=0.107 lr=2.353e-04 time=0.17s
[RQ-VAE] epoch=2307 loss=0.64680159 recon=0.00014638 beh=6.009082 w=0.108 lr=2.349e-04 time=0.17s
[RQ-VAE] epoch=2308 loss=0.64697671 recon=0.00014667 beh=6.003276 w=0.108 lr=2.346e-04 time=0.171s
[RQ-VAE] epoch=2309 loss=0.64812148 recon=0.00014572 beh=6.006476 w=0.108 lr=2.342e-04 time=0.171s
[RQ-VAE] epoch=2310 loss=0.64992511 recon=0.00014601 beh=6.015768 w=0.108 lr=2.339e-04 time=0.171s
[RQ-VAE] epoch=2311 loss=0.65017110 recon=0.00014552 beh=6.010623 w=0.108 lr=2.336e-04 time=0.17s
[RQ-VAE] epoch=2312 loss=0.65079582 recon=0.00014558 beh=6.008997 w=0.108 lr=2.332e-04 time=0.171s
[RQ-VAE] epoch=2313 loss=0.65161783 recon=0.00014609 beh=6.009186 w=0.108 lr=2.329e-04 time=0.17s
[RQ-VAE] epoch=2314 loss=0.65256405 recon=0.00014578 beh=6.010522 w=0.109 lr=2.325e-04 time=0.17s
[RQ-VAE] epoch=2315 loss=0.65277171 recon=0.00014613 beh=6.005043 w=0.109 lr=2.322e-04 time=0.17s
[RQ-VAE] epoch=2316 loss=0.65473378 recon=0.00014631 beh=6.015714 w=0.109 lr=2.319e-04 time=0.171s
[RQ-VAE] epoch=2317 loss=0.65525877 recon=0.00014604 beh=6.013186 w=0.109 lr=2.315e-04 time=0.17s
[RQ-VAE] epoch=2318 loss=0.65545732 recon=0.00014615 beh=6.007658 w=0.109 lr=2.312e-04 time=0.262s
[RQ-VAE] epoch=2319 loss=0.65651292 recon=0.00014627 beh=6.009989 w=0.109 lr=2.308e-04 time=0.169s
[RQ-VAE] epoch=2320 loss=0.65662360 recon=0.00014589 beh=6.003675 w=0.109 lr=2.305e-04 time=0.168s
[RQ-VAE] epoch=2321 loss=0.65861928 recon=0.00014650 beh=6.014586 w=0.109 lr=2.302e-04 time=0.169s
[RQ-VAE] epoch=2322 loss=0.65883690 recon=0.00014689 beh=6.009245 w=0.110 lr=2.298e-04 time=0.169s
[RQ-VAE] epoch=2323 loss=0.65957785 recon=0.00014674 beh=6.008698 w=0.110 lr=2.295e-04 time=0.169s
[RQ-VAE] epoch=2324 loss=0.66055536 recon=0.00014640 beh=6.010314 w=0.110 lr=2.292e-04 time=0.168s
[RQ-VAE] epoch=2325 loss=0.66038972 recon=0.00014677 beh=6.001517 w=0.110 lr=2.288e-04 time=0.169s
[RQ-VAE] epoch=2326 loss=0.66174126 recon=0.00014665 beh=6.006516 w=0.110 lr=2.285e-04 time=0.168s
[RQ-VAE] epoch=2327 loss=0.66249764 recon=0.00014634 beh=6.006094 w=0.110 lr=2.281e-04 time=0.17s
[RQ-VAE] epoch=2328 loss=0.66372597 recon=0.00014593 beh=6.009987 w=0.110 lr=2.278e-04 time=0.169s
[RQ-VAE] epoch=2329 loss=0.66423732 recon=0.00014642 beh=6.007373 w=0.111 lr=2.275e-04 time=0.168s
[RQ-VAE] epoch=2330 loss=0.66580594 recon=0.00014618 beh=6.014310 w=0.111 lr=2.271e-04 time=0.169s
[RQ-VAE] epoch=2331 loss=0.66634250 recon=0.00014642 beh=6.011927 w=0.111 lr=2.268e-04 time=0.17s
[RQ-VAE] epoch=2332 loss=0.66742373 recon=0.00014639 beh=6.014454 w=0.111 lr=2.264e-04 time=0.168s
[RQ-VAE] epoch=2333 loss=0.66758323 recon=0.00014656 beh=6.008653 w=0.111 lr=2.261e-04 time=0.167s
[RQ-VAE] epoch=2334 loss=0.66782278 recon=0.00014655 beh=6.003602 w=0.111 lr=2.258e-04 time=0.171s
[RQ-VAE] epoch=2335 loss=0.66902268 recon=0.00014651 beh=6.007187 w=0.111 lr=2.254e-04 time=0.169s
[RQ-VAE] epoch=2336 loss=0.66966790 recon=0.00014736 beh=6.005782 w=0.111 lr=2.251e-04 time=0.169s
[RQ-VAE] epoch=2337 loss=0.67042136 recon=0.00014668 beh=6.005374 w=0.112 lr=2.247e-04 time=0.169s
[RQ-VAE] epoch=2338 loss=0.67139935 recon=0.00014660 beh=6.006955 w=0.112 lr=2.244e-04 time=0.168s
[RQ-VAE] epoch=2339 loss=0.67146051 recon=0.00014687 beh=6.000337 w=0.112 lr=2.241e-04 time=0.169s
[RQ-VAE] epoch=2340 loss=0.67267156 recon=0.00014667 beh=6.004015 w=0.112 lr=2.237e-04 time=0.168s
[RQ-VAE] epoch=2341 loss=0.67467505 recon=0.00014612 beh=6.014756 w=0.112 lr=2.234e-04 time=0.168s
[RQ-VAE] epoch=2342 loss=0.67517185 recon=0.00014677 beh=6.012025 w=0.112 lr=2.231e-04 time=0.169s
[RQ-VAE] epoch=2343 loss=0.67673981 recon=0.00014632 beh=6.018853 w=0.112 lr=2.227e-04 time=0.169s
[RQ-VAE] epoch=2344 loss=0.67678630 recon=0.00014700 beh=6.012129 w=0.113 lr=2.224e-04 time=0.169s
[RQ-VAE] epoch=2345 loss=0.67720968 recon=0.00014737 beh=6.008761 w=0.113 lr=2.220e-04 time=0.168s
[RQ-VAE] epoch=2346 loss=0.67811477 recon=0.00014729 beh=6.009685 w=0.113 lr=2.217e-04 time=0.17s
[RQ-VAE] epoch=2347 loss=0.67962748 recon=0.00014677 beh=6.015987 w=0.113 lr=2.214e-04 time=0.169s
[RQ-VAE] epoch=2348 loss=0.68046331 recon=0.00014683 beh=6.016303 w=0.113 lr=2.210e-04 time=0.169s
[RQ-VAE] epoch=2349 loss=0.68040228 recon=0.00014665 beh=6.008679 w=0.113 lr=2.207e-04 time=0.169s
[RQ-VAE] epoch=2350 loss=0.68120337 recon=0.00014691 lr=2.203e-04 raw_unique=22907/24587 collision=0.068329 time=0.169s
[RQ-VAE] epoch=2351 loss=0.68200856 recon=0.00014716 beh=6.008707 w=0.113 lr=2.200e-04 time=0.17s
[RQ-VAE] epoch=2352 loss=0.68267822 recon=0.00014715 beh=6.007542 w=0.114 lr=2.197e-04 time=0.169s
[RQ-VAE] epoch=2353 loss=0.68378651 recon=0.00014624 beh=6.010244 w=0.114 lr=2.193e-04 time=0.17s
[RQ-VAE] epoch=2354 loss=0.68334460 recon=0.00014665 beh=5.999320 w=0.114 lr=2.190e-04 time=0.169s
[RQ-VAE] epoch=2355 loss=0.68464839 recon=0.00014663 beh=6.003733 w=0.114 lr=2.186e-04 time=0.169s
[RQ-VAE] epoch=2356 loss=0.68581629 recon=0.00014743 beh=6.006939 w=0.114 lr=2.183e-04 time=0.17s
[RQ-VAE] epoch=2357 loss=0.68647146 recon=0.00014763 beh=6.005673 w=0.114 lr=2.180e-04 time=0.169s
[RQ-VAE] epoch=2358 loss=0.68689787 recon=0.00014723 beh=6.002411 w=0.114 lr=2.176e-04 time=0.169s
[RQ-VAE] epoch=2359 loss=0.68803465 recon=0.00014738 beh=6.005352 w=0.115 lr=2.173e-04 time=0.169s
[RQ-VAE] epoch=2360 loss=0.68884122 recon=0.00014681 beh=6.005414 w=0.115 lr=2.169e-04 time=0.169s
[RQ-VAE] epoch=2361 loss=0.68896198 recon=0.00014713 beh=5.999483 w=0.115 lr=2.166e-04 time=0.168s
[RQ-VAE] epoch=2362 loss=0.69059432 recon=0.00014702 beh=6.006725 w=0.115 lr=2.163e-04 time=0.168s
[RQ-VAE] epoch=2363 loss=0.69097668 recon=0.00014681 beh=6.003080 w=0.115 lr=2.159e-04 time=0.169s
[RQ-VAE] epoch=2364 loss=0.69289935 recon=0.00014686 beh=6.012822 w=0.115 lr=2.156e-04 time=0.168s
[RQ-VAE] epoch=2365 loss=0.69311565 recon=0.00014720 beh=6.007751 w=0.115 lr=2.153e-04 time=0.169s
[RQ-VAE] epoch=2366 loss=0.69429123 recon=0.00014671 beh=6.011008 w=0.115 lr=2.149e-04 time=0.168s
[RQ-VAE] epoch=2367 loss=0.69547200 recon=0.00014718 beh=6.014286 w=0.116 lr=2.146e-04 time=0.169s
[RQ-VAE] epoch=2368 loss=0.69532377 recon=0.00014720 beh=6.006082 w=0.116 lr=2.142e-04 time=0.17s
[RQ-VAE] epoch=2369 loss=0.69585443 recon=0.00014698 beh=6.003737 w=0.116 lr=2.139e-04 time=0.168s
[RQ-VAE] epoch=2370 loss=0.69646728 recon=0.00014711 beh=6.002115 w=0.116 lr=2.136e-04 time=0.168s
[RQ-VAE] epoch=2371 loss=0.69791436 recon=0.00014730 beh=6.007681 w=0.116 lr=2.132e-04 time=0.169s
[RQ-VAE] epoch=2372 loss=0.69899166 recon=0.00014727 beh=6.010064 w=0.116 lr=2.129e-04 time=0.168s
[RQ-VAE] epoch=2373 loss=0.69863766 recon=0.00014701 beh=6.000125 w=0.116 lr=2.125e-04 time=0.168s
[RQ-VAE] epoch=2374 loss=0.70026708 recon=0.00014719 beh=6.007249 w=0.117 lr=2.122e-04 time=0.169s
[RQ-VAE] epoch=2375 loss=0.70178604 recon=0.00014662 beh=6.013415 w=0.117 lr=2.119e-04 time=0.261s
[RQ-VAE] epoch=2376 loss=0.70161223 recon=0.00014610 beh=6.005062 w=0.117 lr=2.115e-04 time=0.169s
[RQ-VAE] epoch=2377 loss=0.70329881 recon=0.00014623 beh=6.012637 w=0.117 lr=2.112e-04 time=0.169s
[RQ-VAE] epoch=2378 loss=0.70471984 recon=0.00014599 beh=6.017927 w=0.117 lr=2.108e-04 time=0.169s
[RQ-VAE] epoch=2379 loss=0.70519066 recon=0.00014580 beh=6.015103 w=0.117 lr=2.105e-04 time=0.17s
[RQ-VAE] epoch=2380 loss=0.70492494 recon=0.00014641 beh=6.006000 w=0.117 lr=2.102e-04 time=0.169s
[RQ-VAE] epoch=2381 loss=0.70602798 recon=0.00014627 beh=6.008579 w=0.117 lr=2.098e-04 time=0.169s
[RQ-VAE] epoch=2382 loss=0.70645714 recon=0.00014638 beh=6.005420 w=0.118 lr=2.095e-04 time=0.17s
[RQ-VAE] epoch=2383 loss=0.70758939 recon=0.00014660 beh=6.008231 w=0.118 lr=2.092e-04 time=0.169s
[RQ-VAE] epoch=2384 loss=0.70849341 recon=0.00014701 beh=6.009098 w=0.118 lr=2.088e-04 time=0.168s
[RQ-VAE] epoch=2385 loss=0.70835632 recon=0.00014745 beh=6.001152 w=0.118 lr=2.085e-04 time=0.17s
[RQ-VAE] epoch=2386 loss=0.70918500 recon=0.00014707 beh=6.001396 w=0.118 lr=2.081e-04 time=0.17s
[RQ-VAE] epoch=2387 loss=0.71081746 recon=0.00014715 beh=6.008429 w=0.118 lr=2.078e-04 time=0.169s
[RQ-VAE] epoch=2388 loss=0.71224129 recon=0.00014704 beh=6.013690 w=0.118 lr=2.075e-04 time=0.169s
[RQ-VAE] epoch=2389 loss=0.71196401 recon=0.00014676 beh=6.004584 w=0.119 lr=2.071e-04 time=0.169s
[RQ-VAE] epoch=2390 loss=0.71289098 recon=0.00014731 beh=6.005643 w=0.119 lr=2.068e-04 time=0.168s
[RQ-VAE] epoch=2391 loss=0.71380746 recon=0.00014684 beh=6.006620 w=0.119 lr=2.064e-04 time=0.169s
[RQ-VAE] epoch=2392 loss=0.71391219 recon=0.00014728 beh=6.000760 w=0.119 lr=2.061e-04 time=0.169s
[RQ-VAE] epoch=2393 loss=0.71532536 recon=0.00014773 beh=6.005914 w=0.119 lr=2.058e-04 time=0.169s
[RQ-VAE] epoch=2394 loss=0.71582377 recon=0.00014740 beh=6.003368 w=0.119 lr=2.054e-04 time=0.171s
[RQ-VAE] epoch=2395 loss=0.71768355 recon=0.00014719 beh=6.012240 w=0.119 lr=2.051e-04 time=0.169s
[RQ-VAE] epoch=2396 loss=0.71743143 recon=0.00014786 beh=6.003420 w=0.119 lr=2.047e-04 time=0.17s
[RQ-VAE] epoch=2397 loss=0.71856785 recon=0.00014658 beh=6.006240 w=0.120 lr=2.044e-04 time=0.169s
[RQ-VAE] epoch=2398 loss=0.71894693 recon=0.00014726 beh=6.002709 w=0.120 lr=2.041e-04 time=0.169s
[RQ-VAE] epoch=2399 loss=0.71974373 recon=0.00014662 beh=6.002687 w=0.120 lr=2.037e-04 time=0.174s
[RQ-VAE] epoch=2400 loss=0.72109252 recon=0.00014652 lr=2.034e-04 raw_unique=22999/24587 collision=0.064587 time=0.172s
[RQ-VAE] epoch=2401 loss=0.72263396 recon=0.00014684 beh=6.013420 w=0.120 lr=2.031e-04 time=0.173s
[RQ-VAE] epoch=2402 loss=0.72178471 recon=0.00014670 beh=5.999690 w=0.120 lr=2.027e-04 time=0.173s
[RQ-VAE] epoch=2403 loss=0.72392917 recon=0.00014648 beh=6.010871 w=0.120 lr=2.024e-04 time=0.17s
[RQ-VAE] epoch=2404 loss=0.72423536 recon=0.00014649 beh=6.006763 w=0.121 lr=2.020e-04 time=0.262s
[RQ-VAE] epoch=2405 loss=0.72558683 recon=0.00014637 beh=6.011314 w=0.121 lr=2.017e-04 time=0.17s
[RQ-VAE] epoch=2406 loss=0.72580236 recon=0.00014707 beh=6.006464 w=0.121 lr=2.014e-04 time=0.171s
[RQ-VAE] epoch=2407 loss=0.72647750 recon=0.00014698 beh=6.005432 w=0.121 lr=2.010e-04 time=0.17s
[RQ-VAE] epoch=2408 loss=0.72702229 recon=0.00014602 beh=6.003324 w=0.121 lr=2.007e-04 time=0.17s
[RQ-VAE] epoch=2409 loss=0.72895783 recon=0.00014656 beh=6.012685 w=0.121 lr=2.003e-04 time=0.17s
[RQ-VAE] epoch=2410 loss=0.72957170 recon=0.00014646 beh=6.011130 w=0.121 lr=2.000e-04 time=0.17s
[RQ-VAE] epoch=2411 loss=0.73020369 recon=0.00014685 beh=6.009736 w=0.121 lr=1.997e-04 time=0.17s
[RQ-VAE] epoch=2412 loss=0.73109031 recon=0.00014695 beh=6.010446 w=0.122 lr=1.993e-04 time=0.169s
[RQ-VAE] epoch=2413 loss=0.73253846 recon=0.00014659 beh=6.015759 w=0.122 lr=1.990e-04 time=0.169s
[RQ-VAE] epoch=2414 loss=0.73097879 recon=0.00014679 beh=5.996372 w=0.122 lr=1.986e-04 time=0.171s
[RQ-VAE] epoch=2415 loss=0.73245931 recon=0.00014658 beh=6.001951 w=0.122 lr=1.983e-04 time=0.169s
[RQ-VAE] epoch=2416 loss=0.73409164 recon=0.00014629 beh=6.008775 w=0.122 lr=1.980e-04 time=0.169s
[RQ-VAE] epoch=2417 loss=0.73546183 recon=0.00014680 beh=6.013438 w=0.122 lr=1.976e-04 time=0.17s
[RQ-VAE] epoch=2418 loss=0.73665172 recon=0.00014650 beh=6.016605 w=0.122 lr=1.973e-04 time=0.169s
[RQ-VAE] epoch=2419 loss=0.73629898 recon=0.00014606 beh=6.007177 w=0.123 lr=1.969e-04 time=0.17s
[RQ-VAE] epoch=2420 loss=0.73681587 recon=0.00014648 beh=6.004853 w=0.123 lr=1.966e-04 time=0.169s
[RQ-VAE] epoch=2421 loss=0.73834246 recon=0.00014677 beh=6.010762 w=0.123 lr=1.963e-04 time=0.168s
[RQ-VAE] epoch=2422 loss=0.73946565 recon=0.00014647 beh=6.013376 w=0.123 lr=1.959e-04 time=0.169s
[RQ-VAE] epoch=2423 loss=0.73935550 recon=0.00014599 beh=6.005973 w=0.123 lr=1.956e-04 time=0.261s
[RQ-VAE] epoch=2424 loss=0.74080676 recon=0.00014581 beh=6.011260 w=0.123 lr=1.953e-04 time=0.17s
[RQ-VAE] epoch=2425 loss=0.74062532 recon=0.00014603 beh=6.003296 w=0.123 lr=1.949e-04 time=0.169s
[RQ-VAE] epoch=2426 loss=0.74307114 recon=0.00014672 beh=6.016609 w=0.123 lr=1.946e-04 time=0.17s
[RQ-VAE] epoch=2427 loss=0.74268860 recon=0.00014684 beh=6.007019 w=0.124 lr=1.942e-04 time=0.17s
[RQ-VAE] epoch=2428 loss=0.74351501 recon=0.00014612 beh=6.007236 w=0.124 lr=1.939e-04 time=0.168s
[RQ-VAE] epoch=2429 loss=0.74371523 recon=0.00014598 beh=6.002389 w=0.124 lr=1.936e-04 time=0.169s
[RQ-VAE] epoch=2430 loss=0.74489605 recon=0.00014652 beh=6.005456 w=0.124 lr=1.932e-04 time=0.169s
[RQ-VAE] epoch=2431 loss=0.74529570 recon=0.00014676 beh=6.002214 w=0.124 lr=1.929e-04 time=0.169s
[RQ-VAE] epoch=2432 loss=0.74737525 recon=0.00014642 beh=6.012512 w=0.124 lr=1.925e-04 time=0.17s
[RQ-VAE] epoch=2433 loss=0.74756908 recon=0.00014588 beh=6.007634 w=0.124 lr=1.922e-04 time=0.17s
[RQ-VAE] epoch=2434 loss=0.74858165 recon=0.00014654 beh=6.009330 w=0.125 lr=1.919e-04 time=0.169s
[RQ-VAE] epoch=2435 loss=0.74932313 recon=0.00014676 beh=6.008852 w=0.125 lr=1.915e-04 time=0.169s
[RQ-VAE] epoch=2436 loss=0.75130451 recon=0.00014698 beh=6.018314 w=0.125 lr=1.912e-04 time=0.169s
[RQ-VAE] epoch=2437 loss=0.75155890 recon=0.00014677 beh=6.013922 w=0.125 lr=1.908e-04 time=0.17s
[RQ-VAE] epoch=2438 loss=0.75150180 recon=0.00014635 beh=6.007051 w=0.125 lr=1.905e-04 time=0.26s
[RQ-VAE] epoch=2439 loss=0.75164258 recon=0.00014669 beh=6.001785 w=0.125 lr=1.902e-04 time=0.17s
[RQ-VAE] epoch=2440 loss=0.75340217 recon=0.00014645 beh=6.009437 w=0.125 lr=1.898e-04 time=0.17s
[RQ-VAE] epoch=2441 loss=0.75517440 recon=0.00014655 beh=6.017176 w=0.125 lr=1.895e-04 time=0.17s
[RQ-VAE] epoch=2442 loss=0.75443101 recon=0.00014672 beh=6.004867 w=0.126 lr=1.892e-04 time=0.17s
[RQ-VAE] epoch=2443 loss=0.75533426 recon=0.00014680 beh=6.005682 w=0.126 lr=1.888e-04 time=0.17s
[RQ-VAE] epoch=2444 loss=0.75757527 recon=0.00014731 beh=6.017122 w=0.126 lr=1.885e-04 time=0.17s
[RQ-VAE] epoch=2445 loss=0.75704008 recon=0.00014750 beh=6.006510 w=0.126 lr=1.881e-04 time=0.17s
[RQ-VAE] epoch=2446 loss=0.75926214 recon=0.00014728 beh=6.017782 w=0.126 lr=1.878e-04 time=0.169s
[RQ-VAE] epoch=2447 loss=0.75867605 recon=0.00014781 beh=6.006778 w=0.126 lr=1.875e-04 time=0.169s
[RQ-VAE] epoch=2448 loss=0.75998205 recon=0.00014795 beh=6.010764 w=0.126 lr=1.871e-04 time=0.17s
[RQ-VAE] epoch=2449 loss=0.76190579 recon=0.00014754 beh=6.019639 w=0.127 lr=1.868e-04 time=0.169s
[RQ-VAE] epoch=2450 loss=0.76102471 recon=0.00014659 lr=1.864e-04 raw_unique=22890/24587 collision=0.069020 time=0.171s
[RQ-VAE] epoch=2451 loss=0.76268321 recon=0.00014710 beh=6.013120 w=0.127 lr=1.861e-04 time=0.17s
[RQ-VAE] epoch=2452 loss=0.76225811 recon=0.00014682 beh=6.003462 w=0.127 lr=1.858e-04 time=0.17s
[RQ-VAE] epoch=2453 loss=0.76324463 recon=0.00014668 beh=6.004925 w=0.127 lr=1.854e-04 time=0.17s
[RQ-VAE] epoch=2454 loss=0.76472628 recon=0.00014583 beh=6.010283 w=0.127 lr=1.851e-04 time=0.17s
[RQ-VAE] epoch=2455 loss=0.76523578 recon=0.00014571 beh=6.007991 w=0.127 lr=1.847e-04 time=0.17s
[RQ-VAE] epoch=2456 loss=0.76668119 recon=0.00014649 beh=6.013044 w=0.127 lr=1.844e-04 time=0.169s
[RQ-VAE] epoch=2457 loss=0.76757056 recon=0.00014708 beh=6.013731 w=0.128 lr=1.841e-04 time=0.17s
[RQ-VAE] epoch=2458 loss=0.76754278 recon=0.00014652 beh=6.007238 w=0.128 lr=1.837e-04 time=0.169s
[RQ-VAE] epoch=2459 loss=0.76764500 recon=0.00014601 beh=6.001777 w=0.128 lr=1.834e-04 time=0.169s
[RQ-VAE] epoch=2460 loss=0.76866412 recon=0.00014583 beh=6.003481 w=0.128 lr=1.831e-04 time=0.169s
[RQ-VAE] epoch=2461 loss=0.77032804 recon=0.00014664 beh=6.010211 w=0.128 lr=1.827e-04 time=0.17s
[RQ-VAE] epoch=2462 loss=0.77121985 recon=0.00014660 beh=6.010923 w=0.128 lr=1.824e-04 time=0.171s
[RQ-VAE] epoch=2463 loss=0.77158999 recon=0.00014590 beh=6.007571 w=0.128 lr=1.820e-04 time=0.17s
[RQ-VAE] epoch=2464 loss=0.77231956 recon=0.00014578 beh=6.007012 w=0.129 lr=1.817e-04 time=0.171s
[RQ-VAE] epoch=2465 loss=0.77373910 recon=0.00014626 beh=6.011813 w=0.129 lr=1.814e-04 time=0.17s
[RQ-VAE] epoch=2466 loss=0.77367014 recon=0.00014605 beh=6.005052 w=0.129 lr=1.810e-04 time=0.17s
[RQ-VAE] epoch=2467 loss=0.77461052 recon=0.00014690 beh=6.006137 w=0.129 lr=1.807e-04 time=0.169s
[RQ-VAE] epoch=2468 loss=0.77570462 recon=0.00014636 beh=6.008420 w=0.129 lr=1.803e-04 time=0.17s
[RQ-VAE] epoch=2469 loss=0.77677995 recon=0.00014613 beh=6.010546 w=0.129 lr=1.800e-04 time=0.17s
[RQ-VAE] epoch=2470 loss=0.77784997 recon=0.00014640 beh=6.012616 w=0.129 lr=1.797e-04 time=0.17s
[RQ-VAE] epoch=2471 loss=0.77748835 recon=0.00014602 beh=6.003634 w=0.129 lr=1.793e-04 time=0.169s
[RQ-VAE] epoch=2472 loss=0.77859151 recon=0.00014718 beh=6.005957 w=0.130 lr=1.790e-04 time=0.169s
[RQ-VAE] epoch=2473 loss=0.77903664 recon=0.00014700 beh=6.003224 w=0.130 lr=1.786e-04 time=0.17s
[RQ-VAE] epoch=2474 loss=0.77993906 recon=0.00014684 beh=6.004012 w=0.130 lr=1.783e-04 time=0.169s
[RQ-VAE] epoch=2475 loss=0.78041947 recon=0.00014653 beh=6.001547 w=0.130 lr=1.780e-04 time=0.17s
[RQ-VAE] epoch=2476 loss=0.78255057 recon=0.00014655 beh=6.011779 w=0.130 lr=1.776e-04 time=0.17s
[RQ-VAE] epoch=2477 loss=0.78322744 recon=0.00014660 beh=6.010827 w=0.130 lr=1.773e-04 time=0.172s
[RQ-VAE] epoch=2478 loss=0.78328609 recon=0.00014653 beh=6.005129 w=0.130 lr=1.769e-04 time=0.169s
[RQ-VAE] epoch=2479 loss=0.78533566 recon=0.00014667 beh=6.014702 w=0.131 lr=1.766e-04 time=0.169s
[RQ-VAE] epoch=2480 loss=0.78538567 recon=0.00014638 beh=6.008946 w=0.131 lr=1.763e-04 time=0.17s
[RQ-VAE] epoch=2481 loss=0.78677881 recon=0.00014576 beh=6.013472 w=0.131 lr=1.759e-04 time=0.169s
[RQ-VAE] epoch=2482 loss=0.78714144 recon=0.00014601 beh=6.010114 w=0.131 lr=1.756e-04 time=0.171s
[RQ-VAE] epoch=2483 loss=0.78859687 recon=0.00014634 beh=6.015108 w=0.131 lr=1.753e-04 time=0.17s
[RQ-VAE] epoch=2484 loss=0.78983057 recon=0.00014633 beh=6.018398 w=0.131 lr=1.749e-04 time=0.17s
[RQ-VAE] epoch=2485 loss=0.78935683 recon=0.00014613 beh=6.008688 w=0.131 lr=1.746e-04 time=0.17s
[RQ-VAE] epoch=2486 loss=0.79097676 recon=0.00014620 beh=6.014914 w=0.131 lr=1.742e-04 time=0.17s
[RQ-VAE] epoch=2487 loss=0.79007179 recon=0.00014575 beh=6.001945 w=0.132 lr=1.739e-04 time=0.169s
[RQ-VAE] epoch=2488 loss=0.79120386 recon=0.00014599 beh=6.004462 w=0.132 lr=1.736e-04 time=0.171s
[RQ-VAE] epoch=2489 loss=0.79234171 recon=0.00014630 beh=6.007018 w=0.132 lr=1.732e-04 time=0.17s
[RQ-VAE] epoch=2490 loss=0.79443246 recon=0.00014648 beh=6.016788 w=0.132 lr=1.729e-04 time=0.169s
[RQ-VAE] epoch=2491 loss=0.79404265 recon=0.00014738 beh=6.007763 w=0.132 lr=1.725e-04 time=0.17s
[RQ-VAE] epoch=2492 loss=0.79457772 recon=0.00014738 beh=6.005753 w=0.132 lr=1.722e-04 time=0.171s
[RQ-VAE] epoch=2493 loss=0.79538661 recon=0.00014716 beh=6.005812 w=0.132 lr=1.719e-04 time=0.169s
[RQ-VAE] epoch=2494 loss=0.79665720 recon=0.00014676 beh=6.009353 w=0.133 lr=1.715e-04 time=0.17s
[RQ-VAE] epoch=2495 loss=0.79558647 recon=0.00014645 beh=5.995243 w=0.133 lr=1.712e-04 time=0.262s
[RQ-VAE] epoch=2496 loss=0.79719192 recon=0.00014662 beh=6.001316 w=0.133 lr=1.708e-04 time=0.17s
[RQ-VAE] epoch=2497 loss=0.79801118 recon=0.00014607 beh=6.001461 w=0.133 lr=1.705e-04 time=0.17s
[RQ-VAE] epoch=2498 loss=0.79981440 recon=0.00014603 beh=6.009007 w=0.133 lr=1.702e-04 time=0.17s
[RQ-VAE] epoch=2499 loss=0.80036789 recon=0.00014582 beh=6.007152 w=0.133 lr=1.698e-04 time=0.169s
[RQ-VAE] epoch=2500 loss=0.80104864 recon=0.00014555 lr=1.695e-04 raw_unique=22960/24587 collision=0.066173 time=0.17s
[RQ-VAE] epoch=2501 loss=0.80201399 recon=0.00014554 beh=6.007483 w=0.133 lr=1.692e-04 time=0.172s
[RQ-VAE] epoch=2502 loss=0.80334562 recon=0.00014611 beh=6.011439 w=0.134 lr=1.688e-04 time=0.169s
[RQ-VAE] epoch=2503 loss=0.80328798 recon=0.00014630 beh=6.005014 w=0.134 lr=1.685e-04 time=0.169s
[RQ-VAE] epoch=2504 loss=0.80588108 recon=0.00014655 beh=6.018412 w=0.134 lr=1.681e-04 time=0.17s
[RQ-VAE] epoch=2505 loss=0.80590320 recon=0.00014663 beh=6.012594 w=0.134 lr=1.678e-04 time=0.17s
[RQ-VAE] epoch=2506 loss=0.80684561 recon=0.00014626 beh=6.013645 w=0.134 lr=1.675e-04 time=0.169s
[RQ-VAE] epoch=2507 loss=0.80636334 recon=0.00014644 beh=6.004075 w=0.134 lr=1.671e-04 time=0.17s
[RQ-VAE] epoch=2508 loss=0.80819440 recon=0.00014642 beh=6.011750 w=0.134 lr=1.668e-04 time=0.169s
[RQ-VAE] epoch=2509 loss=0.80851114 recon=0.00014648 beh=6.008144 w=0.135 lr=1.664e-04 time=0.17s
[RQ-VAE] epoch=2510 loss=0.80825329 recon=0.00014626 beh=6.000278 w=0.135 lr=1.661e-04 time=0.17s
[RQ-VAE] epoch=2511 loss=0.80927324 recon=0.00014647 beh=6.001910 w=0.135 lr=1.658e-04 time=0.17s
[RQ-VAE] epoch=2512 loss=0.80948675 recon=0.00014662 beh=5.997559 w=0.135 lr=1.654e-04 time=0.17s
[RQ-VAE] epoch=2513 loss=0.81114602 recon=0.00014651 beh=6.003928 w=0.135 lr=1.651e-04 time=0.169s
[RQ-VAE] epoch=2514 loss=0.81316918 recon=0.00014654 beh=6.012967 w=0.135 lr=1.647e-04 time=0.17s
[RQ-VAE] epoch=2515 loss=0.81359231 recon=0.00014693 beh=6.010159 w=0.135 lr=1.644e-04 time=0.17s
[RQ-VAE] epoch=2516 loss=0.81330103 recon=0.00014671 beh=6.002099 w=0.135 lr=1.641e-04 time=0.17s
[RQ-VAE] epoch=2517 loss=0.81312096 recon=0.00014657 beh=5.994866 w=0.136 lr=1.637e-04 time=0.171s
[RQ-VAE] epoch=2518 loss=0.81468773 recon=0.00014652 beh=6.000522 w=0.136 lr=1.634e-04 time=0.169s
[RQ-VAE] epoch=2519 loss=0.81663632 recon=0.00014628 beh=6.008978 w=0.136 lr=1.631e-04 time=0.17s
[RQ-VAE] epoch=2520 loss=0.81699651 recon=0.00014637 beh=6.005727 w=0.136 lr=1.627e-04 time=0.171s
[RQ-VAE] epoch=2521 loss=0.81737423 recon=0.00014677 beh=6.002628 w=0.136 lr=1.624e-04 time=0.171s
[RQ-VAE] epoch=2522 loss=0.81879389 recon=0.00014715 beh=6.007170 w=0.136 lr=1.620e-04 time=0.17s
[RQ-VAE] epoch=2523 loss=0.82041281 recon=0.00014710 beh=6.013165 w=0.136 lr=1.617e-04 time=0.17s
[RQ-VAE] epoch=2524 loss=0.82128501 recon=0.00014675 beh=6.013688 w=0.137 lr=1.614e-04 time=0.263s
[RQ-VAE] epoch=2525 loss=0.82214284 recon=0.00014678 beh=6.014094 w=0.137 lr=1.610e-04 time=0.171s
[RQ-VAE] epoch=2526 loss=0.82170403 recon=0.00014665 beh=6.005024 w=0.137 lr=1.607e-04 time=0.17s
[RQ-VAE] epoch=2527 loss=0.82289380 recon=0.00014644 beh=6.007864 w=0.137 lr=1.603e-04 time=0.17s
[RQ-VAE] epoch=2528 loss=0.82385719 recon=0.00014686 beh=6.009044 w=0.137 lr=1.600e-04 time=0.171s
[RQ-VAE] epoch=2529 loss=0.82384074 recon=0.00014676 beh=6.003087 w=0.137 lr=1.597e-04 time=0.17s
[RQ-VAE] epoch=2530 loss=0.82468331 recon=0.00014635 beh=6.003397 w=0.137 lr=1.593e-04 time=0.17s
[RQ-VAE] epoch=2531 loss=0.82525587 recon=0.00014659 beh=6.001734 w=0.137 lr=1.590e-04 time=0.17s
[RQ-VAE] epoch=2532 loss=0.82569987 recon=0.00014658 beh=5.999146 w=0.138 lr=1.586e-04 time=0.171s
[RQ-VAE] epoch=2533 loss=0.82773000 recon=0.00014654 beh=6.008081 w=0.138 lr=1.583e-04 time=0.17s
[RQ-VAE] epoch=2534 loss=0.82804555 recon=0.00014616 beh=6.004563 w=0.138 lr=1.580e-04 time=0.17s
[RQ-VAE] epoch=2535 loss=0.82800454 recon=0.00014590 beh=5.998463 w=0.138 lr=1.576e-04 time=0.171s
[RQ-VAE] epoch=2536 loss=0.83001786 recon=0.00014610 beh=6.007248 w=0.138 lr=1.573e-04 time=0.17s
[RQ-VAE] epoch=2537 loss=0.83088875 recon=0.00014637 beh=6.007756 w=0.138 lr=1.569e-04 time=0.17s
[RQ-VAE] epoch=2538 loss=0.83139265 recon=0.00014652 beh=6.005613 w=0.138 lr=1.566e-04 time=0.17s
[RQ-VAE] epoch=2539 loss=0.83176219 recon=0.00014585 beh=6.002504 w=0.139 lr=1.563e-04 time=0.169s
[RQ-VAE] epoch=2540 loss=0.83374560 recon=0.00014584 beh=6.011036 w=0.139 lr=1.559e-04 time=0.17s
[RQ-VAE] epoch=2541 loss=0.83321255 recon=0.00014603 beh=6.001415 w=0.139 lr=1.556e-04 time=0.17s
[RQ-VAE] epoch=2542 loss=0.83435857 recon=0.00014617 beh=6.003907 w=0.139 lr=1.553e-04 time=0.17s
[RQ-VAE] epoch=2543 loss=0.83558726 recon=0.00014644 beh=6.006992 w=0.139 lr=1.549e-04 time=0.261s
[RQ-VAE] epoch=2544 loss=0.83556181 recon=0.00014641 beh=6.001060 w=0.139 lr=1.546e-04 time=0.17s
[RQ-VAE] epoch=2545 loss=0.83791018 recon=0.00014619 beh=6.012174 w=0.139 lr=1.542e-04 time=0.17s
[RQ-VAE] epoch=2546 loss=0.83787835 recon=0.00014639 beh=6.006196 w=0.139 lr=1.539e-04 time=0.169s
[RQ-VAE] epoch=2547 loss=0.83896506 recon=0.00014641 beh=6.008242 w=0.140 lr=1.536e-04 time=0.172s
[RQ-VAE] epoch=2548 loss=0.83846074 recon=0.00014637 beh=5.998895 w=0.140 lr=1.532e-04 time=0.17s
[RQ-VAE] epoch=2549 loss=0.84077597 recon=0.00014661 beh=6.009722 w=0.140 lr=1.529e-04 time=0.171s
[RQ-VAE] epoch=2550 loss=0.84154516 recon=0.00014671 lr=1.525e-04 raw_unique=22932/24587 collision=0.067312 time=0.171s
[RQ-VAE] epoch=2551 loss=0.84111410 recon=0.00014644 beh=6.000706 w=0.140 lr=1.522e-04 time=0.172s
[RQ-VAE] epoch=2552 loss=0.84284508 recon=0.00014615 beh=6.007342 w=0.140 lr=1.519e-04 time=0.171s
[RQ-VAE] epoch=2553 loss=0.84425008 recon=0.00014658 beh=6.011647 w=0.140 lr=1.515e-04 time=0.171s
[RQ-VAE] epoch=2554 loss=0.84521937 recon=0.00014623 beh=6.012844 w=0.141 lr=1.512e-04 time=0.171s
[RQ-VAE] epoch=2555 loss=0.84475529 recon=0.00014615 beh=6.003850 w=0.141 lr=1.508e-04 time=0.17s
[RQ-VAE] epoch=2556 loss=0.84520185 recon=0.00014653 beh=6.001326 w=0.141 lr=1.505e-04 time=0.171s
[RQ-VAE] epoch=2557 loss=0.84510434 recon=0.00014626 beh=5.994956 w=0.141 lr=1.502e-04 time=0.17s
[RQ-VAE] epoch=2558 loss=0.84736961 recon=0.00014609 beh=6.005352 w=0.141 lr=1.498e-04 time=0.169s
[RQ-VAE] epoch=2559 loss=0.84850335 recon=0.00014629 beh=6.007713 w=0.141 lr=1.495e-04 time=0.258s
[RQ-VAE] epoch=2560 loss=0.84810477 recon=0.00014599 beh=5.999233 w=0.141 lr=1.492e-04 time=0.17s
[RQ-VAE] epoch=2561 loss=0.84943736 recon=0.00014591 beh=6.002995 w=0.141 lr=1.488e-04 time=0.171s
[RQ-VAE] epoch=2562 loss=0.85057932 recon=0.00014618 beh=6.005404 w=0.142 lr=1.485e-04 time=0.171s
[RQ-VAE] epoch=2563 loss=0.85120368 recon=0.00014636 beh=6.004160 w=0.142 lr=1.481e-04 time=0.17s
[RQ-VAE] epoch=2564 loss=0.85134375 recon=0.00014640 beh=5.999501 w=0.142 lr=1.478e-04 time=0.17s
[RQ-VAE] epoch=2565 loss=0.85347331 recon=0.00014633 beh=6.008861 w=0.142 lr=1.475e-04 time=0.17s
[RQ-VAE] epoch=2566 loss=0.85403037 recon=0.00014641 beh=6.007144 w=0.142 lr=1.471e-04 time=0.171s
[RQ-VAE] epoch=2567 loss=0.85374075 recon=0.00014620 beh=5.999485 w=0.142 lr=1.468e-04 time=0.172s
[RQ-VAE] epoch=2568 loss=0.85475403 recon=0.00014623 beh=6.000982 w=0.142 lr=1.464e-04 time=0.17s
[RQ-VAE] epoch=2569 loss=0.85709751 recon=0.00014622 beh=6.011819 w=0.143 lr=1.461e-04 time=0.172s
[RQ-VAE] epoch=2570 loss=0.85637569 recon=0.00014611 beh=6.001139 w=0.143 lr=1.458e-04 time=0.17s
[RQ-VAE] epoch=2571 loss=0.85773242 recon=0.00014614 beh=6.005035 w=0.143 lr=1.454e-04 time=0.169s
[RQ-VAE] epoch=2572 loss=0.85926384 recon=0.00014628 beh=6.010143 w=0.143 lr=1.451e-04 time=0.17s
[RQ-VAE] epoch=2573 loss=0.85996771 recon=0.00014640 beh=6.009459 w=0.143 lr=1.447e-04 time=0.17s
[RQ-VAE] epoch=2574 loss=0.86089784 recon=0.00014604 beh=6.010367 w=0.143 lr=1.444e-04 time=0.17s
[RQ-VAE] epoch=2575 loss=0.86121130 recon=0.00014590 beh=6.006962 w=0.143 lr=1.441e-04 time=0.171s
[RQ-VAE] epoch=2576 loss=0.86351323 recon=0.00014638 beh=6.017429 w=0.143 lr=1.437e-04 time=0.169s
[RQ-VAE] epoch=2577 loss=0.86240029 recon=0.00014662 beh=6.004090 w=0.144 lr=1.434e-04 time=0.17s
[RQ-VAE] epoch=2578 loss=0.86274827 recon=0.00014686 beh=6.000933 w=0.144 lr=1.431e-04 time=0.17s
[RQ-VAE] epoch=2579 loss=0.86438525 recon=0.00014663 beh=6.006752 w=0.144 lr=1.427e-04 time=0.17s
[RQ-VAE] epoch=2580 loss=0.86456275 recon=0.00014640 beh=6.002430 w=0.144 lr=1.424e-04 time=0.17s
[RQ-VAE] epoch=2581 loss=0.86489904 recon=0.00014608 beh=5.999210 w=0.144 lr=1.420e-04 time=0.169s
[RQ-VAE] epoch=2582 loss=0.86669374 recon=0.00014605 beh=6.006108 w=0.144 lr=1.417e-04 time=0.169s
[RQ-VAE] epoch=2583 loss=0.86885357 recon=0.00014611 beh=6.015524 w=0.144 lr=1.414e-04 time=0.17s
[RQ-VAE] epoch=2584 loss=0.86884141 recon=0.00014612 beh=6.009885 w=0.145 lr=1.410e-04 time=0.169s
[RQ-VAE] epoch=2585 loss=0.86985528 recon=0.00014613 beh=6.011358 w=0.145 lr=1.407e-04 time=0.169s
[RQ-VAE] epoch=2586 loss=0.86933762 recon=0.00014634 beh=6.002243 w=0.145 lr=1.403e-04 time=0.17s
[RQ-VAE] epoch=2587 loss=0.87009746 recon=0.00014666 beh=6.001958 w=0.145 lr=1.400e-04 time=0.17s
[RQ-VAE] epoch=2588 loss=0.87130558 recon=0.00014678 beh=6.004772 w=0.145 lr=1.397e-04 time=0.17s
[RQ-VAE] epoch=2589 loss=0.87243497 recon=0.00014658 beh=6.007035 w=0.145 lr=1.393e-04 time=0.169s
[RQ-VAE] epoch=2590 loss=0.87275785 recon=0.00014692 beh=6.003744 w=0.145 lr=1.390e-04 time=0.169s
[RQ-VAE] epoch=2591 loss=0.87427753 recon=0.00014662 beh=6.008690 w=0.145 lr=1.386e-04 time=0.17s
[RQ-VAE] epoch=2592 loss=0.87493348 recon=0.00014650 beh=6.007692 w=0.146 lr=1.383e-04 time=0.17s
[RQ-VAE] epoch=2593 loss=0.87559843 recon=0.00014632 beh=6.006763 w=0.146 lr=1.380e-04 time=0.169s
[RQ-VAE] epoch=2594 loss=0.87680453 recon=0.00014650 beh=6.009537 w=0.146 lr=1.376e-04 time=0.171s
[RQ-VAE] epoch=2595 loss=0.87708843 recon=0.00014660 beh=6.005994 w=0.146 lr=1.373e-04 time=0.17s
[RQ-VAE] epoch=2596 loss=0.87872374 recon=0.00014684 beh=6.011705 w=0.146 lr=1.369e-04 time=0.169s
[RQ-VAE] epoch=2597 loss=0.87782669 recon=0.00014663 beh=6.000094 w=0.146 lr=1.366e-04 time=0.169s
[RQ-VAE] epoch=2598 loss=0.87922370 recon=0.00014651 beh=6.004172 w=0.146 lr=1.363e-04 time=0.17s
[RQ-VAE] epoch=2599 loss=0.87978756 recon=0.00014666 beh=6.002553 w=0.147 lr=1.359e-04 time=0.17s
[RQ-VAE] epoch=2600 loss=0.88213742 recon=0.00014675 lr=1.356e-04 raw_unique=23052/24587 collision=0.062431 time=0.169s
[RQ-VAE] epoch=2601 loss=0.88038135 recon=0.00014662 beh=5.995696 w=0.147 lr=1.353e-04 time=0.17s
[RQ-VAE] epoch=2602 loss=0.88340205 recon=0.00014686 beh=6.010813 w=0.147 lr=1.349e-04 time=0.17s
[RQ-VAE] epoch=2603 loss=0.88391346 recon=0.00014663 beh=6.008844 w=0.147 lr=1.346e-04 time=0.17s
[RQ-VAE] epoch=2604 loss=0.88373572 recon=0.00014712 beh=6.002187 w=0.147 lr=1.342e-04 time=0.17s
[RQ-VAE] epoch=2605 loss=0.88564801 recon=0.00014678 beh=6.009737 w=0.147 lr=1.339e-04 time=0.17s
[RQ-VAE] epoch=2606 loss=0.88586628 recon=0.00014688 beh=6.005776 w=0.147 lr=1.336e-04 time=0.17s
[RQ-VAE] epoch=2607 loss=0.88734365 recon=0.00014661 beh=6.010372 w=0.148 lr=1.332e-04 time=0.171s
[RQ-VAE] epoch=2608 loss=0.88667387 recon=0.00014636 beh=6.000412 w=0.148 lr=1.329e-04 time=0.17s
[RQ-VAE] epoch=2609 loss=0.88859975 recon=0.00014655 beh=6.008028 w=0.148 lr=1.325e-04 time=0.171s
[RQ-VAE] epoch=2610 loss=0.88891304 recon=0.00014700 beh=6.004729 w=0.148 lr=1.322e-04 time=0.17s
[RQ-VAE] epoch=2611 loss=0.89103484 recon=0.00014680 beh=6.013650 w=0.148 lr=1.319e-04 time=0.17s
[RQ-VAE] epoch=2612 loss=0.89201939 recon=0.00014671 beh=6.014882 w=0.148 lr=1.315e-04 time=0.169s
[RQ-VAE] epoch=2613 loss=0.89163798 recon=0.00014645 beh=6.006907 w=0.148 lr=1.312e-04 time=0.17s
[RQ-VAE] epoch=2614 loss=0.89331931 recon=0.00014679 beh=6.012838 w=0.149 lr=1.308e-04 time=0.17s
[RQ-VAE] epoch=2615 loss=0.89401871 recon=0.00014698 beh=6.012147 w=0.149 lr=1.305e-04 time=0.262s
[RQ-VAE] epoch=2616 loss=0.89463520 recon=0.00014690 beh=6.010902 w=0.149 lr=1.302e-04 time=0.169s
[RQ-VAE] epoch=2617 loss=0.89521003 recon=0.00014715 beh=6.009381 w=0.149 lr=1.298e-04 time=0.17s
[RQ-VAE] epoch=2618 loss=0.89565670 recon=0.00014709 beh=6.007003 w=0.149 lr=1.295e-04 time=0.17s
[RQ-VAE] epoch=2619 loss=0.89613640 recon=0.00014695 beh=6.004848 w=0.149 lr=1.292e-04 time=0.171s
[RQ-VAE] epoch=2620 loss=0.89614636 recon=0.00014707 beh=5.999555 w=0.149 lr=1.288e-04 time=0.17s
[RQ-VAE] epoch=2621 loss=0.89817160 recon=0.00014654 beh=6.007755 w=0.149 lr=1.285e-04 time=0.169s
[RQ-VAE] epoch=2622 loss=0.89940816 recon=0.00014683 beh=6.010667 w=0.150 lr=1.281e-04 time=0.17s
[RQ-VAE] epoch=2623 loss=0.90013349 recon=0.00014659 beh=6.010159 w=0.150 lr=1.278e-04 time=0.17s
[RQ-VAE] epoch=2624 loss=0.89977205 recon=0.00014660 beh=6.002400 w=0.150 lr=1.275e-04 time=0.17s
[RQ-VAE] epoch=2625 loss=0.90112066 recon=0.00014639 beh=6.006054 w=0.150 lr=1.271e-04 time=0.17s
[RQ-VAE] epoch=2626 loss=0.90210354 recon=0.00014682 beh=6.007259 w=0.150 lr=1.268e-04 time=0.171s
[RQ-VAE] epoch=2627 loss=0.90331054 recon=0.00014669 beh=6.009967 w=0.150 lr=1.264e-04 time=0.17s
[RQ-VAE] epoch=2628 loss=0.90510833 recon=0.00014677 beh=6.016593 w=0.150 lr=1.261e-04 time=0.169s
[RQ-VAE] epoch=2629 loss=0.90593004 recon=0.00014633 beh=6.016727 w=0.151 lr=1.258e-04 time=0.169s
[RQ-VAE] epoch=2630 loss=0.90570468 recon=0.00014640 beh=6.009905 w=0.151 lr=1.254e-04 time=0.169s
[RQ-VAE] epoch=2631 loss=0.90574592 recon=0.00014690 beh=6.004858 w=0.151 lr=1.251e-04 time=0.17s
[RQ-VAE] epoch=2632 loss=0.90749693 recon=0.00014648 beh=6.011158 w=0.151 lr=1.247e-04 time=0.171s
[RQ-VAE] epoch=2633 loss=0.90634036 recon=0.00014674 beh=5.998196 w=0.151 lr=1.244e-04 time=0.171s
[RQ-VAE] epoch=2634 loss=0.90857738 recon=0.00014658 beh=6.007710 w=0.151 lr=1.241e-04 time=0.17s
[RQ-VAE] epoch=2635 loss=0.90951204 recon=0.00014627 beh=6.008600 w=0.151 lr=1.237e-04 time=0.169s
[RQ-VAE] epoch=2636 loss=0.91023451 recon=0.00014646 beh=6.008080 w=0.151 lr=1.234e-04 time=0.169s
[RQ-VAE] epoch=2637 loss=0.91084731 recon=0.00014647 beh=6.006834 w=0.152 lr=1.231e-04 time=0.17s
[RQ-VAE] epoch=2638 loss=0.91193032 recon=0.00014632 beh=6.008696 w=0.152 lr=1.227e-04 time=0.169s
[RQ-VAE] epoch=2639 loss=0.91244042 recon=0.00014649 beh=6.006773 w=0.152 lr=1.224e-04 time=0.17s
[RQ-VAE] epoch=2640 loss=0.91289771 recon=0.00014645 beh=6.004507 w=0.152 lr=1.220e-04 time=0.17s
[RQ-VAE] epoch=2641 loss=0.91209120 recon=0.00014666 beh=5.993947 w=0.152 lr=1.217e-04 time=0.171s
[RQ-VAE] epoch=2642 loss=0.91540015 recon=0.00014645 beh=6.010435 w=0.152 lr=1.214e-04 time=0.169s
[RQ-VAE] epoch=2643 loss=0.91504747 recon=0.00014655 beh=6.002856 w=0.152 lr=1.210e-04 time=0.17s
[RQ-VAE] epoch=2644 loss=0.91653758 recon=0.00014662 beh=6.007380 w=0.153 lr=1.207e-04 time=0.262s
[RQ-VAE] epoch=2645 loss=0.91800928 recon=0.00014678 beh=6.011771 w=0.153 lr=1.203e-04 time=0.17s
[RQ-VAE] epoch=2646 loss=0.91859883 recon=0.00014684 beh=6.010387 w=0.153 lr=1.200e-04 time=0.171s
[RQ-VAE] epoch=2647 loss=0.91965073 recon=0.00014689 beh=6.012026 w=0.153 lr=1.197e-04 time=0.17s
[RQ-VAE] epoch=2648 loss=0.91954499 recon=0.00014670 beh=6.006104 w=0.153 lr=1.193e-04 time=0.171s
[RQ-VAE] epoch=2649 loss=0.92148292 recon=0.00014670 beh=6.013517 w=0.153 lr=1.190e-04 time=0.171s
[RQ-VAE] epoch=2650 loss=0.92191690 recon=0.00014632 lr=1.186e-04 raw_unique=22938/24587 collision=0.067068 time=0.17s
[RQ-VAE] epoch=2651 loss=0.92148638 recon=0.00014640 beh=6.003096 w=0.153 lr=1.183e-04 time=0.17s
[RQ-VAE] epoch=2652 loss=0.92382246 recon=0.00014664 beh=6.013094 w=0.154 lr=1.180e-04 time=0.169s
[RQ-VAE] epoch=2653 loss=0.92381173 recon=0.00014695 beh=6.007804 w=0.154 lr=1.176e-04 time=0.17s
[RQ-VAE] epoch=2654 loss=0.92522418 recon=0.00014631 beh=6.011786 w=0.154 lr=1.173e-04 time=0.172s
[RQ-VAE] epoch=2655 loss=0.92437315 recon=0.00014645 beh=6.001046 w=0.154 lr=1.169e-04 time=0.17s
[RQ-VAE] epoch=2656 loss=0.92446303 recon=0.00014639 beh=5.996441 w=0.154 lr=1.166e-04 time=0.171s
[RQ-VAE] epoch=2657 loss=0.92647201 recon=0.00014636 beh=6.004279 w=0.154 lr=1.163e-04 time=0.17s
[RQ-VAE] epoch=2658 loss=0.92636585 recon=0.00014644 beh=5.998413 w=0.154 lr=1.159e-04 time=0.171s
[RQ-VAE] epoch=2659 loss=0.92822379 recon=0.00014682 beh=6.005257 w=0.155 lr=1.156e-04 time=0.17s
[RQ-VAE] epoch=2660 loss=0.93001932 recon=0.00014655 beh=6.011693 w=0.155 lr=1.153e-04 time=0.171s
[RQ-VAE] epoch=2661 loss=0.93041694 recon=0.00014644 beh=6.009080 w=0.155 lr=1.149e-04 time=0.17s
[RQ-VAE] epoch=2662 loss=0.93088853 recon=0.00014642 beh=6.006955 w=0.155 lr=1.146e-04 time=0.171s
[RQ-VAE] epoch=2663 loss=0.93158865 recon=0.00014655 beh=6.006303 w=0.155 lr=1.142e-04 time=0.171s
[RQ-VAE] epoch=2664 loss=0.93330461 recon=0.00014638 beh=6.012201 w=0.155 lr=1.139e-04 time=0.259s
[RQ-VAE] epoch=2665 loss=0.93411946 recon=0.00014664 beh=6.012286 w=0.155 lr=1.136e-04 time=0.169s
[RQ-VAE] epoch=2666 loss=0.93316215 recon=0.00014633 beh=6.000972 w=0.155 lr=1.132e-04 time=0.17s
[RQ-VAE] epoch=2667 loss=0.93477046 recon=0.00014623 beh=6.006170 w=0.156 lr=1.129e-04 time=0.17s
[RQ-VAE] epoch=2668 loss=0.93601120 recon=0.00014614 beh=6.008993 w=0.156 lr=1.125e-04 time=0.172s
[RQ-VAE] epoch=2669 loss=0.93564403 recon=0.00014616 beh=6.001498 w=0.156 lr=1.122e-04 time=0.171s
[RQ-VAE] epoch=2670 loss=0.93624270 recon=0.00014663 beh=6.000198 w=0.156 lr=1.119e-04 time=0.17s
[RQ-VAE] epoch=2671 loss=0.93743885 recon=0.00014678 beh=6.002739 w=0.156 lr=1.115e-04 time=0.17s
[RQ-VAE] epoch=2672 loss=0.93777746 recon=0.00014653 beh=5.999789 w=0.156 lr=1.112e-04 time=0.168s
[RQ-VAE] epoch=2673 loss=0.93872219 recon=0.00014662 beh=6.000717 w=0.156 lr=1.108e-04 time=0.169s
[RQ-VAE] epoch=2674 loss=0.94067615 recon=0.00014661 beh=6.008082 w=0.157 lr=1.105e-04 time=0.169s
[RQ-VAE] epoch=2675 loss=0.93999195 recon=0.00014678 beh=5.998596 w=0.157 lr=1.102e-04 time=0.169s
[RQ-VAE] epoch=2676 loss=0.94156194 recon=0.00014630 beh=6.003513 w=0.157 lr=1.098e-04 time=0.171s
[RQ-VAE] epoch=2677 loss=0.94245017 recon=0.00014583 beh=6.004076 w=0.157 lr=1.095e-04 time=0.169s
[RQ-VAE] epoch=2678 loss=0.94407201 recon=0.00014593 beh=6.009303 w=0.157 lr=1.092e-04 time=0.171s
[RQ-VAE] epoch=2679 loss=0.94351387 recon=0.00014615 beh=6.000654 w=0.157 lr=1.088e-04 time=0.26s
[RQ-VAE] epoch=2680 loss=0.94520110 recon=0.00014632 beh=6.006295 w=0.157 lr=1.085e-04 time=0.168s
[RQ-VAE] epoch=2681 loss=0.94545507 recon=0.00014645 beh=6.002819 w=0.157 lr=1.081e-04 time=0.169s
[RQ-VAE] epoch=2682 loss=0.94618547 recon=0.00014693 beh=6.002368 w=0.158 lr=1.078e-04 time=0.169s
[RQ-VAE] epoch=2683 loss=0.94721061 recon=0.00014683 beh=6.003797 w=0.158 lr=1.075e-04 time=0.169s
[RQ-VAE] epoch=2684 loss=0.94824111 recon=0.00014651 beh=6.005261 w=0.158 lr=1.071e-04 time=0.168s
[RQ-VAE] epoch=2685 loss=0.94895536 recon=0.00014610 beh=6.004715 w=0.158 lr=1.068e-04 time=0.168s
[RQ-VAE] epoch=2686 loss=0.95009089 recon=0.00014606 beh=6.006833 w=0.158 lr=1.064e-04 time=0.169s
[RQ-VAE] epoch=2687 loss=0.95080191 recon=0.00014627 beh=6.006261 w=0.158 lr=1.061e-04 time=0.168s
[RQ-VAE] epoch=2688 loss=0.95132768 recon=0.00014607 beh=6.004526 w=0.158 lr=1.058e-04 time=0.169s
[RQ-VAE] epoch=2689 loss=0.95220971 recon=0.00014650 beh=6.005035 w=0.159 lr=1.054e-04 time=0.168s
[RQ-VAE] epoch=2690 loss=0.95482361 recon=0.00014649 beh=6.016467 w=0.159 lr=1.051e-04 time=0.168s
[RQ-VAE] epoch=2691 loss=0.95450276 recon=0.00014633 beh=6.009398 w=0.159 lr=1.047e-04 time=0.169s
[RQ-VAE] epoch=2692 loss=0.95453739 recon=0.00014612 beh=6.004577 w=0.159 lr=1.044e-04 time=0.168s
[RQ-VAE] epoch=2693 loss=0.95612967 recon=0.00014637 beh=6.009556 w=0.159 lr=1.041e-04 time=0.168s
[RQ-VAE] epoch=2694 loss=0.95551735 recon=0.00014634 beh=6.000675 w=0.159 lr=1.037e-04 time=0.173s
[RQ-VAE] epoch=2695 loss=0.95739532 recon=0.00014622 beh=6.007439 w=0.159 lr=1.034e-04 time=0.172s
[RQ-VAE] epoch=2696 loss=0.95795047 recon=0.00014620 beh=6.005895 w=0.159 lr=1.031e-04 time=0.173s
[RQ-VAE] epoch=2697 loss=0.95953453 recon=0.00014665 beh=6.010801 w=0.160 lr=1.027e-04 time=0.173s
[RQ-VAE] epoch=2698 loss=0.96003246 recon=0.00014661 beh=6.008903 w=0.160 lr=1.024e-04 time=0.173s
[RQ-VAE] epoch=2699 loss=0.96103114 recon=0.00014680 beh=6.010139 w=0.160 lr=1.020e-04 time=0.172s
[RQ-VAE] epoch=2700 loss=0.96072477 recon=0.00014677 lr=1.017e-04 raw_unique=22983/24587 collision=0.065238 time=0.172s
[RQ-VAE] epoch=2701 loss=0.96230340 recon=0.00014733 beh=6.008070 w=0.160 lr=1.014e-04 time=0.17s
[RQ-VAE] epoch=2702 loss=0.96424329 recon=0.00014714 beh=6.015178 w=0.160 lr=1.010e-04 time=0.169s
[RQ-VAE] epoch=2703 loss=0.96369660 recon=0.00014679 beh=6.006770 w=0.160 lr=1.007e-04 time=0.17s
[RQ-VAE] epoch=2704 loss=0.96536326 recon=0.00014694 beh=6.012163 w=0.161 lr=1.003e-04 time=0.168s
[RQ-VAE] epoch=2705 loss=0.96580267 recon=0.00014676 beh=6.009909 w=0.161 lr=1.000e-04 time=0.169s
[RQ-VAE] epoch=2706 loss=0.96593523 recon=0.00014685 beh=6.005749 w=0.161 lr=9.966e-05 time=0.17s
[RQ-VAE] epoch=2707 loss=0.96724427 recon=0.00014684 beh=6.008902 w=0.161 lr=9.932e-05 time=0.169s
[RQ-VAE] epoch=2708 loss=0.96788496 recon=0.00014689 beh=6.007908 w=0.161 lr=9.898e-05 time=0.17s
[RQ-VAE] epoch=2709 loss=0.96791363 recon=0.00014691 beh=6.003119 w=0.161 lr=9.864e-05 time=0.169s
[RQ-VAE] epoch=2710 loss=0.97060180 recon=0.00014686 beh=6.014821 w=0.161 lr=9.831e-05 time=0.17s
[RQ-VAE] epoch=2711 loss=0.96995461 recon=0.00014671 beh=6.005846 w=0.161 lr=9.797e-05 time=0.169s
[RQ-VAE] epoch=2712 loss=0.96963191 recon=0.00014631 beh=5.998897 w=0.162 lr=9.763e-05 time=0.169s
[RQ-VAE] epoch=2713 loss=0.97178578 recon=0.00014640 beh=6.007272 w=0.162 lr=9.729e-05 time=0.169s
[RQ-VAE] epoch=2714 loss=0.97204673 recon=0.00014675 beh=6.003930 w=0.162 lr=9.695e-05 time=0.169s
[RQ-VAE] epoch=2715 loss=0.97203231 recon=0.00014692 beh=5.998906 w=0.162 lr=9.661e-05 time=0.169s
[RQ-VAE] epoch=2716 loss=0.97371346 recon=0.00014717 beh=6.004339 w=0.162 lr=9.627e-05 time=0.168s
[RQ-VAE] epoch=2717 loss=0.97513115 recon=0.00014715 beh=6.008141 w=0.162 lr=9.593e-05 time=0.169s
[RQ-VAE] epoch=2718 loss=0.97622263 recon=0.00014696 beh=6.009928 w=0.162 lr=9.559e-05 time=0.169s
[RQ-VAE] epoch=2719 loss=0.97614217 recon=0.00014691 beh=6.004504 w=0.163 lr=9.525e-05 time=0.171s
[RQ-VAE] epoch=2720 loss=0.97771055 recon=0.00014660 beh=6.009225 w=0.163 lr=9.492e-05 time=0.17s
[RQ-VAE] epoch=2721 loss=0.97563261 recon=0.00014649 beh=5.991542 w=0.163 lr=9.458e-05 time=0.169s
[RQ-VAE] epoch=2722 loss=0.97820741 recon=0.00014641 beh=6.002439 w=0.163 lr=9.424e-05 time=0.169s
[RQ-VAE] epoch=2723 loss=0.97951877 recon=0.00014639 beh=6.005579 w=0.163 lr=9.390e-05 time=0.168s
[RQ-VAE] epoch=2724 loss=0.98023081 recon=0.00014637 beh=6.005036 w=0.163 lr=9.356e-05 time=0.168s
[RQ-VAE] epoch=2725 loss=0.98129046 recon=0.00014643 beh=6.006620 w=0.163 lr=9.322e-05 time=0.169s
[RQ-VAE] epoch=2726 loss=0.98082066 recon=0.00014619 beh=5.998846 w=0.163 lr=9.288e-05 time=0.17s
[RQ-VAE] epoch=2727 loss=0.98216206 recon=0.00014621 beh=6.002157 w=0.164 lr=9.254e-05 time=0.168s
[RQ-VAE] epoch=2728 loss=0.98431057 recon=0.00014672 beh=6.010390 w=0.164 lr=9.220e-05 time=0.169s
[RQ-VAE] epoch=2729 loss=0.98341775 recon=0.00014689 beh=6.000048 w=0.164 lr=9.186e-05 time=0.17s
[RQ-VAE] epoch=2730 loss=0.98438382 recon=0.00014698 beh=6.001062 w=0.164 lr=9.153e-05 time=0.169s
[RQ-VAE] epoch=2731 loss=0.98529196 recon=0.00014685 beh=6.001721 w=0.164 lr=9.119e-05 time=0.17s
[RQ-VAE] epoch=2732 loss=0.98697293 recon=0.00014677 beh=6.007086 w=0.164 lr=9.085e-05 time=0.168s
[RQ-VAE] epoch=2733 loss=0.98892689 recon=0.00014691 beh=6.014099 w=0.164 lr=9.051e-05 time=0.168s
[RQ-VAE] epoch=2734 loss=0.98880428 recon=0.00014718 beh=6.008480 w=0.165 lr=9.017e-05 time=0.169s
[RQ-VAE] epoch=2735 loss=0.98999703 recon=0.00014715 beh=6.010854 w=0.165 lr=8.983e-05 time=0.261s
[RQ-VAE] epoch=2736 loss=0.98924613 recon=0.00014691 beh=6.001438 w=0.165 lr=8.949e-05 time=0.169s
[RQ-VAE] epoch=2737 loss=0.99034470 recon=0.00014701 beh=6.003245 w=0.165 lr=8.915e-05 time=0.17s
[RQ-VAE] epoch=2738 loss=0.99193287 recon=0.00014714 beh=6.008015 w=0.165 lr=8.881e-05 time=0.169s
[RQ-VAE] epoch=2739 loss=0.99220610 recon=0.00014761 beh=6.004818 w=0.165 lr=8.847e-05 time=0.168s
[RQ-VAE] epoch=2740 loss=0.99344385 recon=0.00014751 beh=6.007460 w=0.165 lr=8.814e-05 time=0.17s
[RQ-VAE] epoch=2741 loss=0.99441576 recon=0.00014752 beh=6.008493 w=0.165 lr=8.780e-05 time=0.169s
[RQ-VAE] epoch=2742 loss=0.99448359 recon=0.00014707 beh=6.004066 w=0.166 lr=8.746e-05 time=0.17s
[RQ-VAE] epoch=2743 loss=0.99606025 recon=0.00014704 beh=6.008749 w=0.166 lr=8.712e-05 time=0.169s
[RQ-VAE] epoch=2744 loss=0.99553663 recon=0.00014690 beh=6.000766 w=0.166 lr=8.678e-05 time=0.17s
[RQ-VAE] epoch=2745 loss=0.99714541 recon=0.00014675 beh=6.005638 w=0.166 lr=8.644e-05 time=0.168s
[RQ-VAE] epoch=2746 loss=0.99685335 recon=0.00014648 beh=5.999063 w=0.166 lr=8.610e-05 time=0.169s
[RQ-VAE] epoch=2747 loss=0.99924552 recon=0.00014684 beh=6.008639 w=0.166 lr=8.576e-05 time=0.169s
[RQ-VAE] epoch=2748 loss=1.00112927 recon=0.00014684 beh=6.015144 w=0.166 lr=8.542e-05 time=0.169s
[RQ-VAE] epoch=2749 loss=1.00089312 recon=0.00014679 beh=6.008914 w=0.167 lr=8.508e-05 time=0.17s
[RQ-VAE] epoch=2750 loss=1.00164628 recon=0.00014696 lr=8.475e-05 raw_unique=22922/24587 collision=0.067719 time=0.169s
[RQ-VAE] epoch=2751 loss=1.00210142 recon=0.00014706 beh=6.006549 w=0.167 lr=8.441e-05 time=0.17s
[RQ-VAE] epoch=2752 loss=1.00232148 recon=0.00014694 beh=6.003068 w=0.167 lr=8.407e-05 time=0.169s
[RQ-VAE] epoch=2753 loss=1.00306201 recon=0.00014697 beh=6.002713 w=0.167 lr=8.373e-05 time=0.168s
[RQ-VAE] epoch=2754 loss=1.00339043 recon=0.00014722 beh=5.999886 w=0.167 lr=8.339e-05 time=0.168s
[RQ-VAE] epoch=2755 loss=1.00592804 recon=0.00014686 beh=6.010274 w=0.167 lr=8.305e-05 time=0.167s
[RQ-VAE] epoch=2756 loss=1.00631738 recon=0.00014668 beh=6.007818 w=0.167 lr=8.271e-05 time=0.169s
[RQ-VAE] epoch=2757 loss=1.00774062 recon=0.00014682 beh=6.011530 w=0.168 lr=8.237e-05 time=0.168s
[RQ-VAE] epoch=2758 loss=1.01007044 recon=0.00014629 beh=6.020646 w=0.168 lr=8.203e-05 time=0.169s
[RQ-VAE] epoch=2759 loss=1.00873828 recon=0.00014626 beh=6.007928 w=0.168 lr=8.169e-05 time=0.169s
[RQ-VAE] epoch=2760 loss=1.01001453 recon=0.00014650 beh=6.010753 w=0.168 lr=8.136e-05 time=0.169s
[RQ-VAE] epoch=2761 loss=1.01035905 recon=0.00014658 beh=6.008038 w=0.168 lr=8.102e-05 time=0.169s
[RQ-VAE] epoch=2762 loss=1.01179922 recon=0.00014645 beh=6.011836 w=0.168 lr=8.068e-05 time=0.167s
[RQ-VAE] epoch=2763 loss=1.01128483 recon=0.00014603 beh=6.004023 w=0.168 lr=8.034e-05 time=0.169s
[RQ-VAE] epoch=2764 loss=1.01177049 recon=0.00014587 beh=6.002156 w=0.169 lr=8.000e-05 time=0.261s
[RQ-VAE] epoch=2765 loss=1.01510119 recon=0.00014651 beh=6.017155 w=0.169 lr=7.966e-05 time=0.169s
[RQ-VAE] epoch=2766 loss=1.01462054 recon=0.00014633 beh=6.009556 w=0.169 lr=7.932e-05 time=0.17s
[RQ-VAE] epoch=2767 loss=1.01564360 recon=0.00014613 beh=6.010872 w=0.169 lr=7.898e-05 time=0.169s
[RQ-VAE] epoch=2768 loss=1.01583469 recon=0.00014588 beh=6.007264 w=0.169 lr=7.864e-05 time=0.169s
[RQ-VAE] epoch=2769 loss=1.01671505 recon=0.00014608 beh=6.007734 w=0.169 lr=7.831e-05 time=0.169s
[RQ-VAE] epoch=2770 loss=1.01705885 recon=0.00014609 beh=6.005033 w=0.169 lr=7.797e-05 time=0.17s
[RQ-VAE] epoch=2771 loss=1.01905942 recon=0.00014641 beh=6.012113 w=0.169 lr=7.763e-05 time=0.169s
[RQ-VAE] epoch=2772 loss=1.01857758 recon=0.00014639 beh=6.004546 w=0.170 lr=7.729e-05 time=0.169s
[RQ-VAE] epoch=2773 loss=1.02044022 recon=0.00014674 beh=6.010801 w=0.170 lr=7.695e-05 time=0.169s
[RQ-VAE] epoch=2774 loss=1.02046108 recon=0.00014659 beh=6.006206 w=0.170 lr=7.661e-05 time=0.168s
[RQ-VAE] epoch=2775 loss=1.02190065 recon=0.00014675 beh=6.009964 w=0.170 lr=7.627e-05 time=0.169s
[RQ-VAE] epoch=2776 loss=1.02074265 recon=0.00014640 beh=5.998446 w=0.170 lr=7.593e-05 time=0.168s
[RQ-VAE] epoch=2777 loss=1.02212572 recon=0.00014679 beh=6.001870 w=0.170 lr=7.559e-05 time=0.17s
[RQ-VAE] epoch=2778 loss=1.02387643 recon=0.00014696 beh=6.007445 w=0.170 lr=7.525e-05 time=0.169s
[RQ-VAE] epoch=2779 loss=1.02363300 recon=0.00014687 beh=6.001323 w=0.171 lr=7.492e-05 time=0.17s
[RQ-VAE] epoch=2780 loss=1.02526140 recon=0.00014709 beh=6.006174 w=0.171 lr=7.458e-05 time=0.169s
[RQ-VAE] epoch=2781 loss=1.02582073 recon=0.00014660 beh=6.004765 w=0.171 lr=7.424e-05 time=0.169s
[RQ-VAE] epoch=2782 loss=1.02674782 recon=0.00014691 beh=6.005504 w=0.171 lr=7.390e-05 time=0.17s
[RQ-VAE] epoch=2783 loss=1.02855706 recon=0.00014688 beh=6.011399 w=0.171 lr=7.356e-05 time=0.17s
[RQ-VAE] epoch=2784 loss=1.02917480 recon=0.00014662 beh=6.010326 w=0.171 lr=7.322e-05 time=0.261s
[RQ-VAE] epoch=2785 loss=1.02891004 recon=0.00014681 beh=6.004103 w=0.171 lr=7.288e-05 time=0.17s
[RQ-VAE] epoch=2786 loss=1.02991533 recon=0.00014650 beh=6.005298 w=0.171 lr=7.254e-05 time=0.169s
[RQ-VAE] epoch=2787 loss=1.03187394 recon=0.00014629 beh=6.012049 w=0.172 lr=7.220e-05 time=0.17s
[RQ-VAE] epoch=2788 loss=1.03217745 recon=0.00014639 beh=6.009147 w=0.172 lr=7.186e-05 time=0.169s
[RQ-VAE] epoch=2789 loss=1.03453541 recon=0.00014641 beh=6.018203 w=0.172 lr=7.153e-05 time=0.169s
[RQ-VAE] epoch=2790 loss=1.03311670 recon=0.00014601 beh=6.005294 w=0.172 lr=7.119e-05 time=0.169s
[RQ-VAE] epoch=2791 loss=1.03329766 recon=0.00014599 beh=6.001693 w=0.172 lr=7.085e-05 time=0.169s
[RQ-VAE] epoch=2792 loss=1.03471482 recon=0.00014619 beh=6.005275 w=0.172 lr=7.051e-05 time=0.168s
[RQ-VAE] epoch=2793 loss=1.03738582 recon=0.00014605 beh=6.016123 w=0.172 lr=7.017e-05 time=0.169s
[RQ-VAE] epoch=2794 loss=1.03689623 recon=0.00014593 beh=6.008636 w=0.173 lr=6.983e-05 time=0.169s
[RQ-VAE] epoch=2795 loss=1.03835785 recon=0.00014592 beh=6.012461 w=0.173 lr=6.949e-05 time=0.17s
[RQ-VAE] epoch=2796 loss=1.03819418 recon=0.00014587 beh=6.006876 w=0.173 lr=6.915e-05 time=0.169s
[RQ-VAE] epoch=2797 loss=1.04078281 recon=0.00014598 beh=6.017217 w=0.173 lr=6.881e-05 time=0.171s
[RQ-VAE] epoch=2798 loss=1.04011190 recon=0.00014622 beh=6.008701 w=0.173 lr=6.847e-05 time=0.17s
[RQ-VAE] epoch=2799 loss=1.03929102 recon=0.00014622 beh=5.999333 w=0.173 lr=6.814e-05 time=0.261s
[RQ-VAE] epoch=2800 loss=1.04035461 recon=0.00014620 lr=6.780e-05 raw_unique=22951/24587 collision=0.066539 time=0.17s
[RQ-VAE] epoch=2801 loss=1.04152226 recon=0.00014635 beh=6.002975 w=0.173 lr=6.746e-05 time=0.171s
[RQ-VAE] epoch=2802 loss=1.04189014 recon=0.00014629 beh=6.000485 w=0.174 lr=6.712e-05 time=0.169s
[RQ-VAE] epoch=2803 loss=1.04396653 recon=0.00014623 beh=6.007834 w=0.174 lr=6.678e-05 time=0.17s
[RQ-VAE] epoch=2804 loss=1.04424489 recon=0.00014614 beh=6.004828 w=0.174 lr=6.644e-05 time=0.169s
[RQ-VAE] epoch=2805 loss=1.04617262 recon=0.00014618 beh=6.011306 w=0.174 lr=6.610e-05 time=0.17s
[RQ-VAE] epoch=2806 loss=1.04626989 recon=0.00014589 beh=6.007264 w=0.174 lr=6.576e-05 time=0.169s
[RQ-VAE] epoch=2807 loss=1.04729879 recon=0.00014574 beh=6.008570 w=0.174 lr=6.542e-05 time=0.17s
[RQ-VAE] epoch=2808 loss=1.04758263 recon=0.00014579 beh=6.005602 w=0.174 lr=6.508e-05 time=0.169s
[RQ-VAE] epoch=2809 loss=1.04791570 recon=0.00014592 beh=6.002926 w=0.175 lr=6.475e-05 time=0.171s
[RQ-VAE] epoch=2810 loss=1.04878187 recon=0.00014564 beh=6.003304 w=0.175 lr=6.441e-05 time=0.169s
[RQ-VAE] epoch=2811 loss=1.04976869 recon=0.00014552 beh=6.004367 w=0.175 lr=6.407e-05 time=0.17s
[RQ-VAE] epoch=2812 loss=1.04960525 recon=0.00014597 beh=5.998857 w=0.175 lr=6.373e-05 time=0.17s
[RQ-VAE] epoch=2813 loss=1.05074179 recon=0.00014576 beh=6.000780 w=0.175 lr=6.339e-05 time=0.169s
[RQ-VAE] epoch=2814 loss=1.05253851 recon=0.00014596 beh=6.006468 w=0.175 lr=6.305e-05 time=0.17s
[RQ-VAE] epoch=2815 loss=1.05269408 recon=0.00014596 beh=6.002786 w=0.175 lr=6.271e-05 time=0.17s
[RQ-VAE] epoch=2816 loss=1.05370295 recon=0.00014589 beh=6.003974 w=0.175 lr=6.237e-05 time=0.169s
[RQ-VAE] epoch=2817 loss=1.05628550 recon=0.00014613 beh=6.014122 w=0.176 lr=6.203e-05 time=0.169s
[RQ-VAE] epoch=2818 loss=1.05529058 recon=0.00014578 beh=6.003901 w=0.176 lr=6.169e-05 time=0.169s
[RQ-VAE] epoch=2819 loss=1.05703783 recon=0.00014584 beh=6.009288 w=0.176 lr=6.136e-05 time=0.169s
[RQ-VAE] epoch=2820 loss=1.05686510 recon=0.00014581 beh=6.003752 w=0.176 lr=6.102e-05 time=0.171s
[RQ-VAE] epoch=2821 loss=1.05792499 recon=0.00014572 beh=6.005225 w=0.176 lr=6.068e-05 time=0.17s
[RQ-VAE] epoch=2822 loss=1.05999553 recon=0.00014586 beh=6.012431 w=0.176 lr=6.034e-05 time=0.169s
[RQ-VAE] epoch=2823 loss=1.05961668 recon=0.00014627 beh=6.005733 w=0.176 lr=6.000e-05 time=0.169s
[RQ-VAE] epoch=2824 loss=1.06072760 recon=0.00014630 beh=6.007492 w=0.177 lr=5.966e-05 time=0.169s
[RQ-VAE] epoch=2825 loss=1.06194496 recon=0.00014592 beh=6.009850 w=0.177 lr=5.932e-05 time=0.169s
[RQ-VAE] epoch=2826 loss=1.06193054 recon=0.00014599 beh=6.005237 w=0.177 lr=5.898e-05 time=0.169s
[RQ-VAE] epoch=2827 loss=1.06482291 recon=0.00014593 beh=6.017060 w=0.177 lr=5.864e-05 time=0.17s
[RQ-VAE] epoch=2828 loss=1.06467843 recon=0.00014625 beh=6.011710 w=0.177 lr=5.831e-05 time=0.17s
[RQ-VAE] epoch=2829 loss=1.06454420 recon=0.00014629 beh=6.006428 w=0.177 lr=5.797e-05 time=0.169s
[RQ-VAE] epoch=2830 loss=1.06479454 recon=0.00014599 beh=6.003324 w=0.177 lr=5.763e-05 time=0.17s
[RQ-VAE] epoch=2831 loss=1.06691277 recon=0.00014602 beh=6.010749 w=0.177 lr=5.729e-05 time=0.17s
[RQ-VAE] epoch=2832 loss=1.06548285 recon=0.00014590 beh=5.998188 w=0.178 lr=5.695e-05 time=0.17s
[RQ-VAE] epoch=2833 loss=1.06765628 recon=0.00014599 beh=6.005917 w=0.178 lr=5.661e-05 time=0.17s
[RQ-VAE] epoch=2834 loss=1.06779754 recon=0.00014607 beh=6.002210 w=0.178 lr=5.627e-05 time=0.169s
[RQ-VAE] epoch=2835 loss=1.06785989 recon=0.00014579 beh=5.998066 w=0.178 lr=5.593e-05 time=0.17s
[RQ-VAE] epoch=2836 loss=1.07018661 recon=0.00014583 beh=6.006635 w=0.178 lr=5.559e-05 time=0.169s
[RQ-VAE] epoch=2837 loss=1.07118690 recon=0.00014608 beh=6.007755 w=0.178 lr=5.525e-05 time=0.17s
[RQ-VAE] epoch=2838 loss=1.07028985 recon=0.00014607 beh=5.998237 w=0.178 lr=5.492e-05 time=0.17s
[RQ-VAE] epoch=2839 loss=1.07199240 recon=0.00014610 beh=6.003292 w=0.179 lr=5.458e-05 time=0.169s
[RQ-VAE] epoch=2840 loss=1.07379127 recon=0.00014593 beh=6.008881 w=0.179 lr=5.424e-05 time=0.17s
[RQ-VAE] epoch=2841 loss=1.07276094 recon=0.00014575 beh=5.998640 w=0.179 lr=5.390e-05 time=0.17s
[RQ-VAE] epoch=2842 loss=1.07378292 recon=0.00014581 beh=5.999879 w=0.179 lr=5.356e-05 time=0.17s
[RQ-VAE] epoch=2843 loss=1.07469106 recon=0.00014587 beh=6.000484 w=0.179 lr=5.322e-05 time=0.171s
[RQ-VAE] epoch=2844 loss=1.07595623 recon=0.00014587 beh=6.003079 w=0.179 lr=5.288e-05 time=0.17s
[RQ-VAE] epoch=2845 loss=1.07617855 recon=0.00014569 beh=5.999858 w=0.179 lr=5.254e-05 time=0.17s
[RQ-VAE] epoch=2846 loss=1.07792306 recon=0.00014571 beh=6.005120 w=0.179 lr=5.220e-05 time=0.17s
[RQ-VAE] epoch=2847 loss=1.07944739 recon=0.00014599 beh=6.009147 w=0.180 lr=5.186e-05 time=0.17s
[RQ-VAE] epoch=2848 loss=1.08011460 recon=0.00014601 beh=6.008404 w=0.180 lr=5.153e-05 time=0.171s
[RQ-VAE] epoch=2849 loss=1.07949734 recon=0.00014577 beh=6.000517 w=0.180 lr=5.119e-05 time=0.17s
[RQ-VAE] epoch=2850 loss=1.08190691 recon=0.00014558 lr=5.085e-05 raw_unique=22912/24587 collision=0.068125 time=0.169s
[RQ-VAE] epoch=2851 loss=1.08204889 recon=0.00014570 beh=6.005802 w=0.180 lr=5.051e-05 time=0.171s
[RQ-VAE] epoch=2852 loss=1.08307981 recon=0.00014574 beh=6.007077 w=0.180 lr=5.017e-05 time=0.17s
[RQ-VAE] epoch=2853 loss=1.08372891 recon=0.00014561 beh=6.006238 w=0.180 lr=4.983e-05 time=0.17s
[RQ-VAE] epoch=2854 loss=1.08466411 recon=0.00014548 beh=6.006984 w=0.181 lr=4.949e-05 time=0.169s
[RQ-VAE] epoch=2855 loss=1.08513618 recon=0.00014547 beh=6.005163 w=0.181 lr=4.915e-05 time=0.261s
[RQ-VAE] epoch=2856 loss=1.08679032 recon=0.00014562 beh=6.009884 w=0.181 lr=4.881e-05 time=0.169s
[RQ-VAE] epoch=2857 loss=1.08762848 recon=0.00014546 beh=6.010086 w=0.181 lr=4.847e-05 time=0.169s
[RQ-VAE] epoch=2858 loss=1.08712626 recon=0.00014565 beh=6.002887 w=0.181 lr=4.814e-05 time=0.17s
[RQ-VAE] epoch=2859 loss=1.08958578 recon=0.00014579 beh=6.012041 w=0.181 lr=4.780e-05 time=0.169s
[RQ-VAE] epoch=2860 loss=1.08980131 recon=0.00014592 beh=6.008810 w=0.181 lr=4.746e-05 time=0.171s
[RQ-VAE] epoch=2861 loss=1.09110999 recon=0.00014564 beh=6.011607 w=0.181 lr=4.712e-05 time=0.169s
[RQ-VAE] epoch=2862 loss=1.09027290 recon=0.00014580 beh=6.002583 w=0.182 lr=4.678e-05 time=0.17s
[RQ-VAE] epoch=2863 loss=1.09226179 recon=0.00014570 beh=6.009124 w=0.182 lr=4.644e-05 time=0.169s
[RQ-VAE] epoch=2864 loss=1.09151387 recon=0.00014581 beh=6.000607 w=0.182 lr=4.610e-05 time=0.17s
[RQ-VAE] epoch=2865 loss=1.09347641 recon=0.00014576 beh=6.006994 w=0.182 lr=4.576e-05 time=0.169s
[RQ-VAE] epoch=2866 loss=1.09335864 recon=0.00014579 beh=6.001947 w=0.182 lr=4.542e-05 time=0.17s
[RQ-VAE] epoch=2867 loss=1.09420741 recon=0.00014614 beh=6.002213 w=0.182 lr=4.508e-05 time=0.17s
[RQ-VAE] epoch=2868 loss=1.09519470 recon=0.00014622 beh=6.003239 w=0.182 lr=4.475e-05 time=0.169s
[RQ-VAE] epoch=2869 loss=1.09737670 recon=0.00014610 beh=6.010809 w=0.183 lr=4.441e-05 time=0.169s
[RQ-VAE] epoch=2870 loss=1.09794903 recon=0.00014599 beh=6.009556 w=0.183 lr=4.407e-05 time=0.169s
[RQ-VAE] epoch=2871 loss=1.09718311 recon=0.00014582 beh=6.000982 w=0.183 lr=4.373e-05 time=0.169s
[RQ-VAE] epoch=2872 loss=1.09958065 recon=0.00014573 beh=6.009715 w=0.183 lr=4.339e-05 time=0.168s
[RQ-VAE] epoch=2873 loss=1.09815168 recon=0.00014571 beh=5.997533 w=0.183 lr=4.305e-05 time=0.168s
[RQ-VAE] epoch=2874 loss=1.10088909 recon=0.00014575 beh=6.008111 w=0.183 lr=4.271e-05 time=0.17s
[RQ-VAE] epoch=2875 loss=1.10159016 recon=0.00014570 beh=6.007565 w=0.183 lr=4.237e-05 time=0.169s
[RQ-VAE] epoch=2876 loss=1.10309041 recon=0.00014585 beh=6.011375 w=0.183 lr=4.203e-05 time=0.17s
[RQ-VAE] epoch=2877 loss=1.10221863 recon=0.00014594 beh=6.002264 w=0.184 lr=4.169e-05 time=0.169s
[RQ-VAE] epoch=2878 loss=1.10333312 recon=0.00014588 beh=6.003973 w=0.184 lr=4.136e-05 time=0.17s
[RQ-VAE] epoch=2879 loss=1.10432100 recon=0.00014567 beh=6.004992 w=0.184 lr=4.102e-05 time=0.169s
[RQ-VAE] epoch=2880 loss=1.10585165 recon=0.00014560 beh=6.008960 w=0.184 lr=4.068e-05 time=0.17s
[RQ-VAE] epoch=2881 loss=1.10738754 recon=0.00014547 beh=6.012948 w=0.184 lr=4.034e-05 time=0.17s
[RQ-VAE] epoch=2882 loss=1.10867739 recon=0.00014573 beh=6.015597 w=0.184 lr=4.000e-05 time=0.171s
[RQ-VAE] epoch=2883 loss=1.10786068 recon=0.00014564 beh=6.006820 w=0.184 lr=3.966e-05 time=0.17s
[RQ-VAE] epoch=2884 loss=1.11096990 recon=0.00014573 beh=6.019329 w=0.185 lr=3.932e-05 time=0.262s
[RQ-VAE] epoch=2885 loss=1.10944331 recon=0.00014597 beh=6.006715 w=0.185 lr=3.898e-05 time=0.171s
[RQ-VAE] epoch=2886 loss=1.11138630 recon=0.00014598 beh=6.012897 w=0.185 lr=3.864e-05 time=0.171s
[RQ-VAE] epoch=2887 loss=1.11172867 recon=0.00014607 beh=6.010413 w=0.185 lr=3.831e-05 time=0.17s
[RQ-VAE] epoch=2888 loss=1.11061442 recon=0.00014599 beh=6.000062 w=0.185 lr=3.797e-05 time=0.171s
[RQ-VAE] epoch=2889 loss=1.11257410 recon=0.00014609 beh=6.006323 w=0.185 lr=3.763e-05 time=0.171s
[RQ-VAE] epoch=2890 loss=1.11394453 recon=0.00014577 beh=6.009397 w=0.185 lr=3.729e-05 time=0.171s
[RQ-VAE] epoch=2891 loss=1.11426759 recon=0.00014584 beh=6.006819 w=0.185 lr=3.695e-05 time=0.171s
[RQ-VAE] epoch=2892 loss=1.11610794 recon=0.00014580 beh=6.012420 w=0.186 lr=3.661e-05 time=0.171s
[RQ-VAE] epoch=2893 loss=1.11543846 recon=0.00014586 beh=6.004498 w=0.186 lr=3.627e-05 time=0.171s
[RQ-VAE] epoch=2894 loss=1.11658049 recon=0.00014607 beh=6.006335 w=0.186 lr=3.593e-05 time=0.169s
[RQ-VAE] epoch=2895 loss=1.11831498 recon=0.00014655 beh=6.011353 w=0.186 lr=3.559e-05 time=0.17s
[RQ-VAE] epoch=2896 loss=1.11880219 recon=0.00014653 beh=6.009664 w=0.186 lr=3.525e-05 time=0.17s
[RQ-VAE] epoch=2897 loss=1.11843884 recon=0.00014663 beh=6.003410 w=0.186 lr=3.492e-05 time=0.171s
[RQ-VAE] epoch=2898 loss=1.12062991 recon=0.00014613 beh=6.010874 w=0.186 lr=3.458e-05 time=0.17s
[RQ-VAE] epoch=2899 loss=1.12043166 recon=0.00014622 beh=6.005515 w=0.187 lr=3.424e-05 time=0.171s
[RQ-VAE] epoch=2900 loss=1.12218857 recon=0.00014627 lr=3.390e-05 raw_unique=22923/24587 collision=0.067678 time=0.171s
[RQ-VAE] epoch=2901 loss=1.12306666 recon=0.00014642 beh=6.011048 w=0.187 lr=3.356e-05 time=0.171s
[RQ-VAE] epoch=2902 loss=1.12402940 recon=0.00014616 beh=6.011912 w=0.187 lr=3.322e-05 time=0.171s
[RQ-VAE] epoch=2903 loss=1.12323141 recon=0.00014615 beh=6.003360 w=0.187 lr=3.288e-05 time=0.17s
[RQ-VAE] epoch=2904 loss=1.12501049 recon=0.00014625 beh=6.008587 w=0.187 lr=3.254e-05 time=0.262s
[RQ-VAE] epoch=2905 loss=1.12561965 recon=0.00014685 beh=6.007561 w=0.187 lr=3.220e-05 time=0.171s
[RQ-VAE] epoch=2906 loss=1.12538648 recon=0.00014685 beh=6.002042 w=0.187 lr=3.186e-05 time=0.17s
[RQ-VAE] epoch=2907 loss=1.12621593 recon=0.00014661 beh=6.002198 w=0.188 lr=3.153e-05 time=0.17s
[RQ-VAE] epoch=2908 loss=1.12850404 recon=0.00014654 beh=6.010126 w=0.188 lr=3.119e-05 time=0.171s
[RQ-VAE] epoch=2909 loss=1.12847245 recon=0.00014660 beh=6.005691 w=0.188 lr=3.085e-05 time=0.17s
[RQ-VAE] epoch=2910 loss=1.12830341 recon=0.00014646 beh=6.000532 w=0.188 lr=3.051e-05 time=0.17s
[RQ-VAE] epoch=2911 loss=1.13063431 recon=0.00014649 beh=6.008670 w=0.188 lr=3.017e-05 time=0.171s
[RQ-VAE] epoch=2912 loss=1.12961447 recon=0.00014661 beh=5.998997 w=0.188 lr=2.983e-05 time=0.17s
[RQ-VAE] epoch=2913 loss=1.13184309 recon=0.00014658 beh=6.006578 w=0.188 lr=2.949e-05 time=0.17s
[RQ-VAE] epoch=2914 loss=1.13262248 recon=0.00014641 beh=6.006466 w=0.189 lr=2.915e-05 time=0.17s
[RQ-VAE] epoch=2915 loss=1.13300073 recon=0.00014643 beh=6.004227 w=0.189 lr=2.881e-05 time=0.17s
[RQ-VAE] epoch=2916 loss=1.13265240 recon=0.00014640 beh=5.998141 w=0.189 lr=2.847e-05 time=0.17s
[RQ-VAE] epoch=2917 loss=1.13447022 recon=0.00014645 beh=6.003530 w=0.189 lr=2.814e-05 time=0.172s
[RQ-VAE] epoch=2918 loss=1.13642454 recon=0.00014627 beh=6.009636 w=0.189 lr=2.780e-05 time=0.17s
[RQ-VAE] epoch=2919 loss=1.13530827 recon=0.00014626 beh=5.999502 w=0.189 lr=2.746e-05 time=0.262s
[RQ-VAE] epoch=2920 loss=1.13752174 recon=0.00014623 beh=6.006968 w=0.189 lr=2.712e-05 time=0.169s
[RQ-VAE] epoch=2921 loss=1.13854551 recon=0.00014601 beh=6.008146 w=0.189 lr=2.678e-05 time=0.171s
[RQ-VAE] epoch=2922 loss=1.13851333 recon=0.00014620 beh=6.003750 w=0.190 lr=2.644e-05 time=0.17s
[RQ-VAE] epoch=2923 loss=1.14059520 recon=0.00014628 beh=6.010503 w=0.190 lr=2.610e-05 time=0.17s
[RQ-VAE] epoch=2924 loss=1.14001405 recon=0.00014621 beh=6.003221 w=0.190 lr=2.576e-05 time=0.17s
[RQ-VAE] epoch=2925 loss=1.14027035 recon=0.00014619 beh=6.000358 w=0.190 lr=2.542e-05 time=0.171s
[RQ-VAE] epoch=2926 loss=1.14228666 recon=0.00014614 beh=6.006756 w=0.190 lr=2.508e-05 time=0.171s
[RQ-VAE] epoch=2927 loss=1.14247274 recon=0.00014642 beh=6.003520 w=0.190 lr=2.475e-05 time=0.17s
[RQ-VAE] epoch=2928 loss=1.14469981 recon=0.00014621 beh=6.011013 w=0.190 lr=2.441e-05 time=0.169s
[RQ-VAE] epoch=2929 loss=1.14396763 recon=0.00014608 beh=6.002967 w=0.191 lr=2.407e-05 time=0.17s
[RQ-VAE] epoch=2930 loss=1.14404297 recon=0.00014620 beh=5.999164 w=0.191 lr=2.373e-05 time=0.17s
[RQ-VAE] epoch=2931 loss=1.14696753 recon=0.00014627 beh=6.010300 w=0.191 lr=2.339e-05 time=0.17s
[RQ-VAE] epoch=2932 loss=1.14813662 recon=0.00014630 beh=6.012226 w=0.191 lr=2.305e-05 time=0.169s
[RQ-VAE] epoch=2933 loss=1.14839017 recon=0.00014632 beh=6.009357 w=0.191 lr=2.271e-05 time=0.17s
[RQ-VAE] epoch=2934 loss=1.14897645 recon=0.00014634 beh=6.008233 w=0.191 lr=2.237e-05 time=0.169s
[RQ-VAE] epoch=2935 loss=1.14956176 recon=0.00014627 beh=6.007104 w=0.191 lr=2.203e-05 time=0.169s
[RQ-VAE] epoch=2936 loss=1.14927626 recon=0.00014632 beh=6.001430 w=0.191 lr=2.169e-05 time=0.169s
[RQ-VAE] epoch=2937 loss=1.15151954 recon=0.00014643 beh=6.008964 w=0.192 lr=2.136e-05 time=0.172s
[RQ-VAE] epoch=2938 loss=1.15385211 recon=0.00014664 beh=6.016949 w=0.192 lr=2.102e-05 time=0.17s
[RQ-VAE] epoch=2939 loss=1.15302610 recon=0.00014626 beh=6.008462 w=0.192 lr=2.068e-05 time=0.169s
[RQ-VAE] epoch=2940 loss=1.15315080 recon=0.00014624 beh=6.004939 w=0.192 lr=2.034e-05 time=0.17s
[RQ-VAE] epoch=2941 loss=1.15392363 recon=0.00014623 beh=6.004795 w=0.192 lr=2.000e-05 time=0.17s
[RQ-VAE] epoch=2942 loss=1.15628278 recon=0.00014639 beh=6.012901 w=0.192 lr=1.966e-05 time=0.17s
[RQ-VAE] epoch=2943 loss=1.15508294 recon=0.00014641 beh=6.002500 w=0.192 lr=1.932e-05 time=0.17s
[RQ-VAE] epoch=2944 loss=1.15731514 recon=0.00014650 beh=6.009934 w=0.193 lr=1.898e-05 time=0.17s
[RQ-VAE] epoch=2945 loss=1.15692163 recon=0.00014631 beh=6.003733 w=0.193 lr=1.864e-05 time=0.17s
[RQ-VAE] epoch=2946 loss=1.15980804 recon=0.00014637 beh=6.014553 w=0.193 lr=1.831e-05 time=0.17s
[RQ-VAE] epoch=2947 loss=1.15817451 recon=0.00014635 beh=6.001929 w=0.193 lr=1.797e-05 time=0.169s
[RQ-VAE] epoch=2948 loss=1.15863872 recon=0.00014608 beh=6.000190 w=0.193 lr=1.763e-05 time=0.17s
[RQ-VAE] epoch=2949 loss=1.16049421 recon=0.00014606 beh=6.005652 w=0.193 lr=1.729e-05 time=0.17s
[RQ-VAE] epoch=2950 loss=1.16258740 recon=0.00014620 lr=1.695e-05 raw_unique=22946/24587 collision=0.066743 time=0.17s
[RQ-VAE] epoch=2951 loss=1.16211402 recon=0.00014615 beh=6.005749 w=0.193 lr=1.661e-05 time=0.171s
[RQ-VAE] epoch=2952 loss=1.16088009 recon=0.00014620 beh=5.995238 w=0.194 lr=1.627e-05 time=0.17s
[RQ-VAE] epoch=2953 loss=1.16313636 recon=0.00014633 beh=6.002757 w=0.194 lr=1.593e-05 time=0.17s
[RQ-VAE] epoch=2954 loss=1.16421998 recon=0.00014619 beh=6.004218 w=0.194 lr=1.559e-05 time=0.169s
[RQ-VAE] epoch=2955 loss=1.16447806 recon=0.00014604 beh=6.001424 w=0.194 lr=1.525e-05 time=0.169s
[RQ-VAE] epoch=2956 loss=1.16640210 recon=0.00014602 beh=6.007213 w=0.194 lr=1.492e-05 time=0.17s
[RQ-VAE] epoch=2957 loss=1.16682851 recon=0.00014598 beh=6.005285 w=0.194 lr=1.458e-05 time=0.17s
[RQ-VAE] epoch=2958 loss=1.16891241 recon=0.00014598 beh=6.011887 w=0.194 lr=1.424e-05 time=0.17s
[RQ-VAE] epoch=2959 loss=1.16778696 recon=0.00014608 beh=6.001980 w=0.195 lr=1.390e-05 time=0.169s
[RQ-VAE] epoch=2960 loss=1.17053485 recon=0.00014613 beh=6.011985 w=0.195 lr=1.356e-05 time=0.169s
[RQ-VAE] epoch=2961 loss=1.16981018 recon=0.00014604 beh=6.004150 w=0.195 lr=1.322e-05 time=0.17s
[RQ-VAE] epoch=2962 loss=1.17161345 recon=0.00014601 beh=6.009295 w=0.195 lr=1.288e-05 time=0.17s
[RQ-VAE] epoch=2963 loss=1.16995466 recon=0.00014601 beh=5.996683 w=0.195 lr=1.254e-05 time=0.169s
[RQ-VAE] epoch=2964 loss=1.17348289 recon=0.00014601 beh=6.010661 w=0.195 lr=1.220e-05 time=0.17s
[RQ-VAE] epoch=2965 loss=1.17382789 recon=0.00014599 beh=6.008326 w=0.195 lr=1.186e-05 time=0.169s
[RQ-VAE] epoch=2966 loss=1.17400610 recon=0.00014613 beh=6.005138 w=0.195 lr=1.153e-05 time=0.17s
[RQ-VAE] epoch=2967 loss=1.17516351 recon=0.00014603 beh=6.006963 w=0.196 lr=1.119e-05 time=0.169s
[RQ-VAE] epoch=2968 loss=1.17627919 recon=0.00014596 beh=6.008571 w=0.196 lr=1.085e-05 time=0.17s
[RQ-VAE] epoch=2969 loss=1.17684078 recon=0.00014608 beh=6.007348 w=0.196 lr=1.051e-05 time=0.169s
[RQ-VAE] epoch=2970 loss=1.17766881 recon=0.00014595 beh=6.007486 w=0.196 lr=1.017e-05 time=0.17s
[RQ-VAE] epoch=2971 loss=1.17776000 recon=0.00014599 beh=6.003867 w=0.196 lr=9.831e-06 time=0.17s
[RQ-VAE] epoch=2972 loss=1.18030727 recon=0.00014591 beh=6.012767 w=0.196 lr=9.492e-06 time=0.175s
[RQ-VAE] epoch=2973 loss=1.18142295 recon=0.00014599 beh=6.014366 w=0.196 lr=9.153e-06 time=0.174s
[RQ-VAE] epoch=2974 loss=1.18115032 recon=0.00014573 beh=6.008900 w=0.197 lr=8.814e-06 time=0.171s
[RQ-VAE] epoch=2975 loss=1.18048811 recon=0.00014597 beh=6.001457 w=0.197 lr=8.475e-06 time=0.169s
[RQ-VAE] epoch=2976 loss=1.18345845 recon=0.00014596 beh=6.012485 w=0.197 lr=8.136e-06 time=0.26s
[RQ-VAE] epoch=2977 loss=1.18298841 recon=0.00014601 beh=6.006026 w=0.197 lr=7.797e-06 time=0.17s
[RQ-VAE] epoch=2978 loss=1.18539512 recon=0.00014601 beh=6.014176 w=0.197 lr=7.458e-06 time=0.17s
[RQ-VAE] epoch=2979 loss=1.18512857 recon=0.00014590 beh=6.008759 w=0.197 lr=7.119e-06 time=0.169s
[RQ-VAE] epoch=2980 loss=1.18405008 recon=0.00014600 beh=5.999232 w=0.197 lr=6.780e-06 time=0.169s
[RQ-VAE] epoch=2981 loss=1.18719149 recon=0.00014611 beh=6.011090 w=0.197 lr=6.441e-06 time=0.171s
[RQ-VAE] epoch=2982 loss=1.18660605 recon=0.00014621 beh=6.004070 w=0.198 lr=6.102e-06 time=0.17s
[RQ-VAE] epoch=2983 loss=1.18815255 recon=0.00014591 beh=6.007844 w=0.198 lr=5.763e-06 time=0.169s
[RQ-VAE] epoch=2984 loss=1.18849373 recon=0.00014590 beh=6.005520 w=0.198 lr=5.424e-06 time=0.17s
[RQ-VAE] epoch=2985 loss=1.18846619 recon=0.00014579 beh=6.001338 w=0.198 lr=5.085e-06 time=0.17s
[RQ-VAE] epoch=2986 loss=1.19010615 recon=0.00014586 beh=6.005576 w=0.198 lr=4.746e-06 time=0.171s
[RQ-VAE] epoch=2987 loss=1.19231331 recon=0.00014592 beh=6.012669 w=0.198 lr=4.407e-06 time=0.169s
[RQ-VAE] epoch=2988 loss=1.19100428 recon=0.00014593 beh=6.002029 w=0.198 lr=4.068e-06 time=0.169s
[RQ-VAE] epoch=2989 loss=1.19183481 recon=0.00014602 beh=6.002182 w=0.199 lr=3.729e-06 time=0.17s
[RQ-VAE] epoch=2990 loss=1.19314742 recon=0.00014594 beh=6.004761 w=0.199 lr=3.390e-06 time=0.169s
[RQ-VAE] epoch=2991 loss=1.19375658 recon=0.00014585 beh=6.003799 w=0.199 lr=3.051e-06 time=0.169s
[RQ-VAE] epoch=2992 loss=1.19540858 recon=0.00014604 beh=6.008079 w=0.199 lr=2.712e-06 time=0.17s
[RQ-VAE] epoch=2993 loss=1.19764066 recon=0.00014593 beh=6.015267 w=0.199 lr=2.373e-06 time=0.169s
[RQ-VAE] epoch=2994 loss=1.19667673 recon=0.00014601 beh=6.006402 w=0.199 lr=2.034e-06 time=0.169s
[RQ-VAE] epoch=2995 loss=1.19746053 recon=0.00014594 beh=6.006316 w=0.199 lr=1.695e-06 time=0.169s
[RQ-VAE] epoch=2996 loss=1.19832683 recon=0.00014589 beh=6.006645 w=0.199 lr=1.356e-06 time=0.17s
[RQ-VAE] epoch=2997 loss=1.19824910 recon=0.00014604 beh=6.002242 w=0.200 lr=1.017e-06 time=0.169s
[RQ-VAE] epoch=2998 loss=1.20090306 recon=0.00014592 beh=6.011524 w=0.200 lr=6.780e-07 time=0.17s
[RQ-VAE] epoch=2999 loss=1.20127201 recon=0.00014585 beh=6.009360 w=0.200 lr=3.390e-07 time=0.169s
[RQ-VAE] epoch=3000 loss=1.20230532 recon=0.00014592 lr=0.000e+00 raw_unique=22954/24587 collision=0.066417 time=0.171s
[RecBole RQ-VAE] exported raw_shape=(24587, 3) sid_shape=(24587, 4) unique=24587 -> /home/wlia0047/ar57/wenyu/GeneRec/results/stage2_RQ-VAE/TIGER_HYPERBOLIC_RQ-VAE/exp4_euclid_delta/sids_for_hgrec.npy
