W1005 08:21:35.900355 2732042 /fs04/scratch2/ar57/wenyu/genrec_env_v2/lib/python3.9/site-packages/torch/distributed/run.py:774] 
W1005 08:21:35.900355 2732042 /fs04/scratch2/ar57/wenyu/genrec_env_v2/lib/python3.9/site-packages/torch/distributed/run.py:774] *****************************************
W1005 08:21:35.900355 2732042 /fs04/scratch2/ar57/wenyu/genrec_env_v2/lib/python3.9/site-packages/torch/distributed/run.py:774] Setting OMP_NUM_THREADS environment variable for each process to be 1 in default, to avoid your system being overloaded, please further tune the variable for optimal performance in your application as needed. 
W1005 08:21:35.900355 2732042 /fs04/scratch2/ar57/wenyu/genrec_env_v2/lib/python3.9/site-packages/torch/distributed/run.py:774] *****************************************
[hyperbolic] cold_start=true max_global_steps=72000 batch_size_per_rank=1024 total_effective_batch=4096 c=[1.0, 1.0, 1.0] radius=[0.2, 0.2, 0.2]
[RecBole RQ-VAE] initializing codebooks with KMeans
/fs04/ar57/wenyu/GeneRec/stage2_RQ-VAE/curvature_RQ-VAE_iter81/model/layers.py:113: UserWarning: Deterministic behavior was enabled with either `torch.use_deterministic_algorithms(True)` or `at::Context::setDeterministicAlgorithms(true)`, but this operation is not deterministic because it uses CuBLAS and you have CUDA >= 10.2. To enable deterministic behavior in this case, you must set an environment variable before running your PyTorch application: CUBLAS_WORKSPACE_CONFIG=:4096:8 or CUBLAS_WORKSPACE_CONFIG=:16:8. For more information, go to https://docs.nvidia.com/cuda/cublas/index.html#results-reproducibility (Triggered internally at /pytorch/aten/src/ATen/Context.cpp:233.)
  dot = x_point @ y_point.t()
/fs04/ar57/wenyu/GeneRec/stage2_RQ-VAE/curvature_RQ-VAE_iter81/model/layers.py:113: UserWarning: Deterministic behavior was enabled with either `torch.use_deterministic_algorithms(True)` or `at::Context::setDeterministicAlgorithms(true)`, but this operation is not deterministic because it uses CuBLAS and you have CUDA >= 10.2. To enable deterministic behavior in this case, you must set an environment variable before running your PyTorch application: CUBLAS_WORKSPACE_CONFIG=:4096:8 or CUBLAS_WORKSPACE_CONFIG=:16:8. For more information, go to https://docs.nvidia.com/cuda/cublas/index.html#results-reproducibility (Triggered internally at /pytorch/aten/src/ATen/Context.cpp:233.)
  dot = x_point @ y_point.t()
/fs04/ar57/wenyu/GeneRec/stage2_RQ-VAE/curvature_RQ-VAE_iter81/model/layers.py:113: UserWarning: Deterministic behavior was enabled with either `torch.use_deterministic_algorithms(True)` or `at::Context::setDeterministicAlgorithms(true)`, but this operation is not deterministic because it uses CuBLAS and you have CUDA >= 10.2. To enable deterministic behavior in this case, you must set an environment variable before running your PyTorch application: CUBLAS_WORKSPACE_CONFIG=:4096:8 or CUBLAS_WORKSPACE_CONFIG=:16:8. For more information, go to https://docs.nvidia.com/cuda/cublas/index.html#results-reproducibility (Triggered internally at /pytorch/aten/src/ATen/Context.cpp:233.)
  dot = x_point @ y_point.t()
/fs04/ar57/wenyu/GeneRec/stage2_RQ-VAE/curvature_RQ-VAE_iter81/model/layers.py:113: UserWarning: Deterministic behavior was enabled with either `torch.use_deterministic_algorithms(True)` or `at::Context::setDeterministicAlgorithms(true)`, but this operation is not deterministic because it uses CuBLAS and you have CUDA >= 10.2. To enable deterministic behavior in this case, you must set an environment variable before running your PyTorch application: CUBLAS_WORKSPACE_CONFIG=:4096:8 or CUBLAS_WORKSPACE_CONFIG=:16:8. For more information, go to https://docs.nvidia.com/cuda/cublas/index.html#results-reproducibility (Triggered internally at /pytorch/aten/src/ATen/Context.cpp:233.)
  dot = x_point @ y_point.t()
/fs04/ar57/wenyu/GeneRec/stage2_RQ-VAE/curvature_RQ-VAE_iter81/model/layers.py:113: UserWarning: Deterministic behavior was enabled with either `torch.use_deterministic_algorithms(True)` or `at::Context::setDeterministicAlgorithms(true)`, but this operation is not deterministic because it uses CuBLAS and you have CUDA >= 10.2. To enable deterministic behavior in this case, you must set an environment variable before running your PyTorch application: CUBLAS_WORKSPACE_CONFIG=:4096:8 or CUBLAS_WORKSPACE_CONFIG=:16:8. For more information, go to https://docs.nvidia.com/cuda/cublas/index.html#results-reproducibility (Triggered internally at /pytorch/aten/src/ATen/Context.cpp:233.)
  dot = x_point @ y_point.t()
/fs04/ar57/wenyu/GeneRec/stage2_RQ-VAE/curvature_RQ-VAE_iter81/model/layers.py:113: UserWarning: Deterministic behavior was enabled with either `torch.use_deterministic_algorithms(True)` or `at::Context::setDeterministicAlgorithms(true)`, but this operation is not deterministic because it uses CuBLAS and you have CUDA >= 10.2. To enable deterministic behavior in this case, you must set an environment variable before running your PyTorch application: CUBLAS_WORKSPACE_CONFIG=:4096:8 or CUBLAS_WORKSPACE_CONFIG=:16:8. For more information, go to https://docs.nvidia.com/cuda/cublas/index.html#results-reproducibility (Triggered internally at /pytorch/aten/src/ATen/Context.cpp:233.)
  dot = x_point @ y_point.t()
/fs04/ar57/wenyu/GeneRec/stage2_RQ-VAE/curvature_RQ-VAE_iter81/model/layers.py:113: UserWarning: Deterministic behavior was enabled with either `torch.use_deterministic_algorithms(True)` or `at::Context::setDeterministicAlgorithms(true)`, but this operation is not deterministic because it uses CuBLAS and you have CUDA >= 10.2. To enable deterministic behavior in this case, you must set an environment variable before running your PyTorch application: CUBLAS_WORKSPACE_CONFIG=:4096:8 or CUBLAS_WORKSPACE_CONFIG=:16:8. For more information, go to https://docs.nvidia.com/cuda/cublas/index.html#results-reproducibility (Triggered internally at /pytorch/aten/src/ATen/Context.cpp:233.)
  dot = x_point @ y_point.t()
/fs04/ar57/wenyu/GeneRec/stage2_RQ-VAE/curvature_RQ-VAE_iter81/model/layers.py:113: UserWarning: Deterministic behavior was enabled with either `torch.use_deterministic_algorithms(True)` or `at::Context::setDeterministicAlgorithms(true)`, but this operation is not deterministic because it uses CuBLAS and you have CUDA >= 10.2. To enable deterministic behavior in this case, you must set an environment variable before running your PyTorch application: CUBLAS_WORKSPACE_CONFIG=:4096:8 or CUBLAS_WORKSPACE_CONFIG=:16:8. For more information, go to https://docs.nvidia.com/cuda/cublas/index.html#results-reproducibility (Triggered internally at /pytorch/aten/src/ATen/Context.cpp:233.)
  dot = x_point @ y_point.t()
/fs04/ar57/wenyu/GeneRec/stage2_RQ-VAE/curvature_RQ-VAE_iter81/model/layers.py:113: UserWarning: Deterministic behavior was enabled with either `torch.use_deterministic_algorithms(True)` or `at::Context::setDeterministicAlgorithms(true)`, but this operation is not deterministic because it uses CuBLAS and you have CUDA >= 10.2. To enable deterministic behavior in this case, you must set an environment variable before running your PyTorch application: CUBLAS_WORKSPACE_CONFIG=:4096:8 or CUBLAS_WORKSPACE_CONFIG=:16:8. For more information, go to https://docs.nvidia.com/cuda/cublas/index.html#results-reproducibility (Triggered internally at /pytorch/aten/src/ATen/Context.cpp:233.)
  dot = x_point @ y_point.t()
/fs04/ar57/wenyu/GeneRec/stage2_RQ-VAE/curvature_RQ-VAE_iter81/model/layers.py:113: UserWarning: Deterministic behavior was enabled with either `torch.use_deterministic_algorithms(True)` or `at::Context::setDeterministicAlgorithms(true)`, but this operation is not deterministic because it uses CuBLAS and you have CUDA >= 10.2. To enable deterministic behavior in this case, you must set an environment variable before running your PyTorch application: CUBLAS_WORKSPACE_CONFIG=:4096:8 or CUBLAS_WORKSPACE_CONFIG=:16:8. For more information, go to https://docs.nvidia.com/cuda/cublas/index.html#results-reproducibility (Triggered internally at /pytorch/aten/src/ATen/Context.cpp:233.)
  dot = x_point @ y_point.t()
/home/wlia0047/ar57_scratch/wenyu/genrec_env_v2/lib64/python3.9/site-packages/torch/distributed/distributed_c10d.py:4807: UserWarning: No device id is provided via `init_process_group` or `barrier `. Using the current device set by the user. 
  warnings.warn(  # warn only once
/home/wlia0047/ar57_scratch/wenyu/genrec_env_v2/lib64/python3.9/site-packages/torch/distributed/distributed_c10d.py:4807: UserWarning: No device id is provided via `init_process_group` or `barrier `. Using the current device set by the user. 
  warnings.warn(  # warn only once
/fs04/ar57/wenyu/GeneRec/stage2_RQ-VAE/curvature_RQ-VAE_iter81/model/layers.py:113: UserWarning: Deterministic behavior was enabled with either `torch.use_deterministic_algorithms(True)` or `at::Context::setDeterministicAlgorithms(true)`, but this operation is not deterministic because it uses CuBLAS and you have CUDA >= 10.2. To enable deterministic behavior in this case, you must set an environment variable before running your PyTorch application: CUBLAS_WORKSPACE_CONFIG=:4096:8 or CUBLAS_WORKSPACE_CONFIG=:16:8. For more information, go to https://docs.nvidia.com/cuda/cublas/index.html#results-reproducibility (Triggered internally at /pytorch/aten/src/ATen/Context.cpp:233.)
  dot = x_point @ y_point.t()
/fs04/ar57/wenyu/GeneRec/stage2_RQ-VAE/curvature_RQ-VAE_iter81/model/layers.py:113: UserWarning: Deterministic behavior was enabled with either `torch.use_deterministic_algorithms(True)` or `at::Context::setDeterministicAlgorithms(true)`, but this operation is not deterministic because it uses CuBLAS and you have CUDA >= 10.2. To enable deterministic behavior in this case, you must set an environment variable before running your PyTorch application: CUBLAS_WORKSPACE_CONFIG=:4096:8 or CUBLAS_WORKSPACE_CONFIG=:16:8. For more information, go to https://docs.nvidia.com/cuda/cublas/index.html#results-reproducibility (Triggered internally at /pytorch/aten/src/ATen/Context.cpp:233.)
  dot = x_point @ y_point.t()
/home/wlia0047/ar57_scratch/wenyu/genrec_env_v2/lib64/python3.9/site-packages/torch/distributed/distributed_c10d.py:4807: UserWarning: No device id is provided via `init_process_group` or `barrier `. Using the current device set by the user. 
  warnings.warn(  # warn only once
/home/wlia0047/ar57_scratch/wenyu/genrec_env_v2/lib64/python3.9/site-packages/torch/distributed/distributed_c10d.py:4807: UserWarning: No device id is provided via `init_process_group` or `barrier `. Using the current device set by the user. 
  warnings.warn(  # warn only once
/home/wlia0047/ar57_scratch/wenyu/genrec_env_v2/lib64/python3.9/site-packages/torch/autograd/graph.py:829: UserWarning: Deterministic behavior was enabled with either `torch.use_deterministic_algorithms(True)` or `at::Context::setDeterministicAlgorithms(true)`, but this operation is not deterministic because it uses CuBLAS and you have CUDA >= 10.2. To enable deterministic behavior in this case, you must set an environment variable before running your PyTorch application: CUBLAS_WORKSPACE_CONFIG=:4096:8 or CUBLAS_WORKSPACE_CONFIG=:16:8. For more information, go to https://docs.nvidia.com/cuda/cublas/index.html#results-reproducibility (Triggered internally at /pytorch/aten/src/ATen/Context.cpp:233.)
  return Variable._execution_engine.run_backward(  # Calls into the C++ engine to run the backward pass
/home/wlia0047/ar57_scratch/wenyu/genrec_env_v2/lib64/python3.9/site-packages/torch/autograd/graph.py:829: UserWarning: Deterministic behavior was enabled with either `torch.use_deterministic_algorithms(True)` or `at::Context::setDeterministicAlgorithms(true)`, but this operation is not deterministic because it uses CuBLAS and you have CUDA >= 10.2. To enable deterministic behavior in this case, you must set an environment variable before running your PyTorch application: CUBLAS_WORKSPACE_CONFIG=:4096:8 or CUBLAS_WORKSPACE_CONFIG=:16:8. For more information, go to https://docs.nvidia.com/cuda/cublas/index.html#results-reproducibility (Triggered internally at /pytorch/aten/src/ATen/Context.cpp:233.)
  return Variable._execution_engine.run_backward(  # Calls into the C++ engine to run the backward pass
/home/wlia0047/ar57_scratch/wenyu/genrec_env_v2/lib64/python3.9/site-packages/torch/autograd/graph.py:829: UserWarning: Deterministic behavior was enabled with either `torch.use_deterministic_algorithms(True)` or `at::Context::setDeterministicAlgorithms(true)`, but this operation is not deterministic because it uses CuBLAS and you have CUDA >= 10.2. To enable deterministic behavior in this case, you must set an environment variable before running your PyTorch application: CUBLAS_WORKSPACE_CONFIG=:4096:8 or CUBLAS_WORKSPACE_CONFIG=:16:8. For more information, go to https://docs.nvidia.com/cuda/cublas/index.html#results-reproducibility (Triggered internally at /pytorch/aten/src/ATen/Context.cpp:233.)
  return Variable._execution_engine.run_backward(  # Calls into the C++ engine to run the backward pass
/home/wlia0047/ar57_scratch/wenyu/genrec_env_v2/lib64/python3.9/site-packages/torch/autograd/graph.py:829: UserWarning: Deterministic behavior was enabled with either `torch.use_deterministic_algorithms(True)` or `at::Context::setDeterministicAlgorithms(true)`, but this operation is not deterministic because it uses CuBLAS and you have CUDA >= 10.2. To enable deterministic behavior in this case, you must set an environment variable before running your PyTorch application: CUBLAS_WORKSPACE_CONFIG=:4096:8 or CUBLAS_WORKSPACE_CONFIG=:16:8. For more information, go to https://docs.nvidia.com/cuda/cublas/index.html#results-reproducibility (Triggered internally at /pytorch/aten/src/ATen/Context.cpp:233.)
  return Variable._execution_engine.run_backward(  # Calls into the C++ engine to run the backward pass
[hyperbolic] global_step=136/72000 local_updates=34 loss=0.15504257 recon=0.00018686
[hyperbolic] global_step=228/72000 local_updates=57 loss=0.14451157 recon=0.00017947
[hyperbolic] global_step=268/72000 local_updates=67 loss=0.13818622 recon=0.00015976
[hyperbolic] global_step=312/72000 local_updates=78 loss=0.13204053 recon=0.00017872
[hyperbolic] global_step=360/72000 local_updates=90 loss=0.13263801 recon=0.00018089
[hyperbolic] global_step=404/72000 local_updates=101 loss=0.12941925 recon=0.00018296
[hyperbolic] global_step=444/72000 local_updates=111 loss=0.12958029 recon=0.00015876
[hyperbolic] global_step=492/72000 local_updates=123 loss=0.13414568 recon=0.00017996
[hyperbolic] global_step=540/72000 local_updates=135 loss=0.12853639 recon=0.00017862
[hyperbolic] global_step=584/72000 local_updates=146 loss=0.12919617 recon=0.00017340
[hyperbolic] global_step=632/72000 local_updates=158 loss=0.12622488 recon=0.00014728
[hyperbolic] global_step=680/72000 local_updates=170 loss=0.12739310 recon=0.00017937
[hyperbolic] global_step=728/72000 local_updates=182 loss=0.12361563 recon=0.00018081
[hyperbolic] global_step=776/72000 local_updates=194 loss=0.12625924 recon=0.00015145
[hyperbolic] global_step=816/72000 local_updates=204 loss=0.12681459 recon=0.00016728
[hyperbolic] global_step=864/72000 local_updates=216 loss=0.12239918 recon=0.00017681
[hyperbolic] global_step=912/72000 local_updates=228 loss=0.12260796 recon=0.00015291
[hyperbolic] global_step=960/72000 local_updates=240 loss=0.12024735 recon=0.00015966
[hyperbolic] global_step=1008/72000 local_updates=252 loss=0.12138156 recon=0.00018236
[hyperbolic] global_step=1056/72000 local_updates=264 loss=0.12563063 recon=0.00017269
[hyperbolic] global_step=1104/72000 local_updates=276 loss=0.12500577 recon=0.00016836
[hyperbolic] global_step=1152/72000 local_updates=288 loss=0.12277111 recon=0.00018438
[hyperbolic] global_step=1200/72000 local_updates=300 loss=0.12264849 recon=0.00016940
[hyperbolic] global_step=1248/72000 local_updates=312 loss=0.12280094 recon=0.00015498
[hyperbolic] global_step=1296/72000 local_updates=324 loss=0.12145304 recon=0.00016276
[hyperbolic] global_step=1344/72000 local_updates=336 loss=0.11787865 recon=0.00016086
[hyperbolic] global_step=1392/72000 local_updates=348 loss=0.12404974 recon=0.00015075
[hyperbolic] global_step=1440/72000 local_updates=360 loss=0.11779383 recon=0.00016115
[hyperbolic] global_step=1488/72000 local_updates=372 loss=0.12104732 recon=0.00016373
[hyperbolic] global_step=1536/72000 local_updates=384 loss=0.11797307 recon=0.00016941
[hyperbolic] global_step=1584/72000 local_updates=396 loss=0.11785339 recon=0.00018210
[hyperbolic] global_step=1632/72000 local_updates=408 loss=0.11671767 recon=0.00014511
[hyperbolic] global_step=1684/72000 local_updates=421 loss=0.11492861 recon=0.00015483
[hyperbolic] global_step=1732/72000 local_updates=433 loss=0.11577336 recon=0.00017363
[hyperbolic] global_step=1784/72000 local_updates=446 loss=0.11855256 recon=0.00015427
[hyperbolic] global_step=1836/72000 local_updates=459 loss=0.11987199 recon=0.00015518
[hyperbolic] global_step=1884/72000 local_updates=471 loss=0.11844540 recon=0.00015210
[hyperbolic] global_step=1932/72000 local_updates=483 loss=0.12028005 recon=0.00014862
[hyperbolic] global_step=1984/72000 local_updates=496 loss=0.11790614 recon=0.00016539
[hyperbolic] global_step=2032/72000 local_updates=508 loss=0.11427790 recon=0.00015431
[hyperbolic] global_step=2080/72000 local_updates=520 loss=0.11522562 recon=0.00018053
[hyperbolic] global_step=2128/72000 local_updates=532 loss=0.11397739 recon=0.00017517
[hyperbolic] global_step=2176/72000 local_updates=544 loss=0.11467271 recon=0.00016530
[hyperbolic] global_step=2224/72000 local_updates=556 loss=0.11657156 recon=0.00015058
[hyperbolic] global_step=2272/72000 local_updates=568 loss=0.11518377 recon=0.00016060
[hyperbolic] global_step=2324/72000 local_updates=581 loss=0.11574610 recon=0.00014468
[hyperbolic] global_step=2372/72000 local_updates=593 loss=0.11453514 recon=0.00015321
[hyperbolic] global_step=2420/72000 local_updates=605 loss=0.11807789 recon=0.00013968
[hyperbolic] global_step=2468/72000 local_updates=617 loss=0.11324105 recon=0.00015561
[hyperbolic] global_step=2520/72000 local_updates=630 loss=0.11488301 recon=0.00015392
[hyperbolic] global_step=2568/72000 local_updates=642 loss=0.11705445 recon=0.00015653
[hyperbolic] global_step=2616/72000 local_updates=654 loss=0.11924911 recon=0.00016285
[hyperbolic] global_step=2668/72000 local_updates=667 loss=0.11387836 recon=0.00017229
[hyperbolic] global_step=2720/72000 local_updates=680 loss=0.11585531 recon=0.00015472
[hyperbolic] global_step=2772/72000 local_updates=693 loss=0.11610895 recon=0.00016884
[hyperbolic] global_step=2820/72000 local_updates=705 loss=0.11332685 recon=0.00013442
[hyperbolic] global_step=2872/72000 local_updates=718 loss=0.11802617 recon=0.00015179
[hyperbolic] global_step=2924/72000 local_updates=731 loss=0.11611367 recon=0.00015978
[hyperbolic] global_step=2976/72000 local_updates=744 loss=0.11519405 recon=0.00014411
[hyperbolic] global_step=3024/72000 local_updates=756 loss=0.11520643 recon=0.00016123
[hyperbolic] global_step=3076/72000 local_updates=769 loss=0.11581006 recon=0.00014972
[hyperbolic] global_step=3128/72000 local_updates=782 loss=0.11698320 recon=0.00016041
[hyperbolic] global_step=3176/72000 local_updates=794 loss=0.11571509 recon=0.00015879
[hyperbolic] global_step=3228/72000 local_updates=807 loss=0.11319405 recon=0.00017579
[hyperbolic] global_step=3280/72000 local_updates=820 loss=0.11662771 recon=0.00015920
[hyperbolic] global_step=3332/72000 local_updates=833 loss=0.11500990 recon=0.00014191
[hyperbolic] global_step=3384/72000 local_updates=846 loss=0.11377294 recon=0.00015517
[hyperbolic] global_step=3436/72000 local_updates=859 loss=0.11484496 recon=0.00015354
[hyperbolic] global_step=3488/72000 local_updates=872 loss=0.11478952 recon=0.00015314
[hyperbolic] global_step=3540/72000 local_updates=885 loss=0.11792062 recon=0.00014707
[hyperbolic] global_step=3592/72000 local_updates=898 loss=0.11891668 recon=0.00016386
[hyperbolic] global_step=3644/72000 local_updates=911 loss=0.11308604 recon=0.00014396
[hyperbolic] global_step=3696/72000 local_updates=924 loss=0.11919665 recon=0.00014498
[hyperbolic] global_step=3748/72000 local_updates=937 loss=0.11360803 recon=0.00014966
[hyperbolic] global_step=3800/72000 local_updates=950 loss=0.11217241 recon=0.00014188
[hyperbolic] global_step=3856/72000 local_updates=964 loss=0.11419132 recon=0.00015194
[hyperbolic] global_step=3908/72000 local_updates=977 loss=0.11471806 recon=0.00015801
[hyperbolic] global_step=3960/72000 local_updates=990 loss=0.11267094 recon=0.00014409
[hyperbolic] global_step=4012/72000 local_updates=1003 loss=0.11421557 recon=0.00016084
[hyperbolic] global_step=4064/72000 local_updates=1016 loss=0.11176410 recon=0.00015478
[hyperbolic] global_step=4116/72000 local_updates=1029 loss=0.11354777 recon=0.00014626
[hyperbolic] global_step=4168/72000 local_updates=1042 loss=0.10991831 recon=0.00015116
[hyperbolic] global_step=4220/72000 local_updates=1055 loss=0.11137125 recon=0.00015516
[hyperbolic] global_step=4272/72000 local_updates=1068 loss=0.11358053 recon=0.00014773
[hyperbolic] global_step=4324/72000 local_updates=1081 loss=0.11138338 recon=0.00013695
[hyperbolic] global_step=4376/72000 local_updates=1094 loss=0.11338050 recon=0.00014701
[hyperbolic] global_step=4432/72000 local_updates=1108 loss=0.11520936 recon=0.00013855
[hyperbolic] global_step=4484/72000 local_updates=1121 loss=0.11455144 recon=0.00014963
[hyperbolic] global_step=4536/72000 local_updates=1134 loss=0.11572128 recon=0.00016475
[hyperbolic] global_step=4588/72000 local_updates=1147 loss=0.11234901 recon=0.00016017
[hyperbolic] global_step=4640/72000 local_updates=1160 loss=0.11441433 recon=0.00015352
[hyperbolic] global_step=4688/72000 local_updates=1172 loss=0.11079839 recon=0.00018426
[hyperbolic] global_step=4740/72000 local_updates=1185 loss=0.11226428 recon=0.00016259
[hyperbolic] global_step=4792/72000 local_updates=1198 loss=0.11418877 recon=0.00016388
[hyperbolic] global_step=4844/72000 local_updates=1211 loss=0.11349334 recon=0.00015612
[hyperbolic] global_step=4896/72000 local_updates=1224 loss=0.11214655 recon=0.00014902
[hyperbolic] global_step=4952/72000 local_updates=1238 loss=0.11123377 recon=0.00015948
[hyperbolic] global_step=5004/72000 local_updates=1251 loss=0.11138122 recon=0.00014732
[hyperbolic] global_step=5052/72000 local_updates=1263 loss=0.11386983 recon=0.00014504
[hyperbolic] global_step=5104/72000 local_updates=1276 loss=0.11193273 recon=0.00014460
[hyperbolic] global_step=5156/72000 local_updates=1289 loss=0.11179420 recon=0.00015505
[hyperbolic] global_step=5212/72000 local_updates=1303 loss=0.11322348 recon=0.00015991
[hyperbolic] global_step=5264/72000 local_updates=1316 loss=0.11203280 recon=0.00015482
[hyperbolic] global_step=5316/72000 local_updates=1329 loss=0.11168424 recon=0.00016244
[hyperbolic] global_step=5368/72000 local_updates=1342 loss=0.11297728 recon=0.00016268
[hyperbolic] global_step=5420/72000 local_updates=1355 loss=0.11130602 recon=0.00015081
[hyperbolic] global_step=5472/72000 local_updates=1368 loss=0.11173067 recon=0.00016586
[hyperbolic] global_step=5524/72000 local_updates=1381 loss=0.11065704 recon=0.00015723
[hyperbolic] global_step=5576/72000 local_updates=1394 loss=0.11002380 recon=0.00014881
[hyperbolic] global_step=5628/72000 local_updates=1407 loss=0.11144169 recon=0.00014793
[hyperbolic] global_step=5680/72000 local_updates=1420 loss=0.11403865 recon=0.00016946
[hyperbolic] global_step=5732/72000 local_updates=1433 loss=0.11221147 recon=0.00015817
[hyperbolic] global_step=5784/72000 local_updates=1446 loss=0.11127707 recon=0.00013547
[hyperbolic] global_step=5840/72000 local_updates=1460 loss=0.11224417 recon=0.00015415
[hyperbolic] global_step=5892/72000 local_updates=1473 loss=0.10988070 recon=0.00014969
[hyperbolic] global_step=5940/72000 local_updates=1485 loss=0.11418608 recon=0.00016589
[hyperbolic] global_step=5992/72000 local_updates=1498 loss=0.11271631 recon=0.00016043
[hyperbolic] global_step=6044/72000 local_updates=1511 loss=0.10913340 recon=0.00015565
[hyperbolic] global_step=6096/72000 local_updates=1524 loss=0.10930923 recon=0.00015270
[hyperbolic] global_step=6152/72000 local_updates=1538 loss=0.11446882 recon=0.00015401
[hyperbolic] global_step=6204/72000 local_updates=1551 loss=0.11223144 recon=0.00015019
[hyperbolic] global_step=6256/72000 local_updates=1564 loss=0.10992256 recon=0.00016621
[hyperbolic] global_step=6308/72000 local_updates=1577 loss=0.11133281 recon=0.00016031
[hyperbolic] global_step=6360/72000 local_updates=1590 loss=0.11119011 recon=0.00014228
[hyperbolic] global_step=6412/72000 local_updates=1603 loss=0.11072266 recon=0.00014959
[hyperbolic] global_step=6464/72000 local_updates=1616 loss=0.11195868 recon=0.00015536
[hyperbolic] global_step=6516/72000 local_updates=1629 loss=0.11431485 recon=0.00016688
[hyperbolic] global_step=6568/72000 local_updates=1642 loss=0.11162128 recon=0.00014978
[hyperbolic] global_step=6620/72000 local_updates=1655 loss=0.11032335 recon=0.00017114
[hyperbolic] global_step=6672/72000 local_updates=1668 loss=0.11064444 recon=0.00016764
[hyperbolic] global_step=6724/72000 local_updates=1681 loss=0.10991871 recon=0.00013774
[hyperbolic] global_step=6776/72000 local_updates=1694 loss=0.10940294 recon=0.00014687
[hyperbolic] global_step=6828/72000 local_updates=1707 loss=0.11284724 recon=0.00014648
[hyperbolic] global_step=6880/72000 local_updates=1720 loss=0.11133357 recon=0.00015456
[hyperbolic] global_step=6932/72000 local_updates=1733 loss=0.11359362 recon=0.00015134
[hyperbolic] global_step=6984/72000 local_updates=1746 loss=0.11069020 recon=0.00016706
[hyperbolic] global_step=7036/72000 local_updates=1759 loss=0.11218865 recon=0.00016019
[hyperbolic] global_step=7088/72000 local_updates=1772 loss=0.10838115 recon=0.00013863
[hyperbolic] global_step=7140/72000 local_updates=1785 loss=0.10857367 recon=0.00018522
[hyperbolic] global_step=7192/72000 local_updates=1798 loss=0.11281096 recon=0.00015016
[hyperbolic] global_step=7244/72000 local_updates=1811 loss=0.11028577 recon=0.00014220
[hyperbolic] global_step=7292/72000 local_updates=1823 loss=0.10823406 recon=0.00016928
[hyperbolic] global_step=7344/72000 local_updates=1836 loss=0.11145785 recon=0.00013624
[hyperbolic] global_step=7396/72000 local_updates=1849 loss=0.11021826 recon=0.00016588
[hyperbolic] global_step=7448/72000 local_updates=1862 loss=0.11163750 recon=0.00015050
[hyperbolic] global_step=7500/72000 local_updates=1875 loss=0.11159202 recon=0.00016894
[hyperbolic] global_step=7556/72000 local_updates=1889 loss=0.11099900 recon=0.00015862
[hyperbolic] global_step=7608/72000 local_updates=1902 loss=0.11065476 recon=0.00017024
[hyperbolic] global_step=7664/72000 local_updates=1916 loss=0.11260389 recon=0.00016667
[hyperbolic] global_step=7716/72000 local_updates=1929 loss=0.10860268 recon=0.00014545
[hyperbolic] global_step=7768/72000 local_updates=1942 loss=0.11110349 recon=0.00016398
[hyperbolic] global_step=7820/72000 local_updates=1955 loss=0.11161198 recon=0.00014367
[hyperbolic] global_step=7876/72000 local_updates=1969 loss=0.11073950 recon=0.00013879
[hyperbolic] global_step=7928/72000 local_updates=1982 loss=0.11062633 recon=0.00016732
[hyperbolic] global_step=7980/72000 local_updates=1995 loss=0.11165632 recon=0.00013428
[hyperbolic] global_step=8032/72000 local_updates=2008 loss=0.11062690 recon=0.00015949
[hyperbolic] global_step=8084/72000 local_updates=2021 loss=0.11173750 recon=0.00014727
[hyperbolic] global_step=8136/72000 local_updates=2034 loss=0.11455880 recon=0.00013279
[hyperbolic] global_step=8188/72000 local_updates=2047 loss=0.11234352 recon=0.00014395
[hyperbolic] global_step=8240/72000 local_updates=2060 loss=0.10881162 recon=0.00014654
[hyperbolic] global_step=8292/72000 local_updates=2073 loss=0.11265139 recon=0.00014650
[hyperbolic] global_step=8348/72000 local_updates=2087 loss=0.10937449 recon=0.00016260
[hyperbolic] global_step=8400/72000 local_updates=2100 loss=0.10999297 recon=0.00014756
[hyperbolic] global_step=8452/72000 local_updates=2113 loss=0.10977444 recon=0.00014709
[hyperbolic] global_step=8504/72000 local_updates=2126 loss=0.10730676 recon=0.00016482
[hyperbolic] global_step=8556/72000 local_updates=2139 loss=0.11075183 recon=0.00014744
[hyperbolic] global_step=8608/72000 local_updates=2152 loss=0.11082541 recon=0.00013734
[hyperbolic] global_step=8660/72000 local_updates=2165 loss=0.11017929 recon=0.00017497
[hyperbolic] global_step=8716/72000 local_updates=2179 loss=0.10978290 recon=0.00014867
[hyperbolic] global_step=8772/72000 local_updates=2193 loss=0.11171190 recon=0.00017299
[hyperbolic] global_step=8824/72000 local_updates=2206 loss=0.11428720 recon=0.00016074
[hyperbolic] global_step=8880/72000 local_updates=2220 loss=0.11091603 recon=0.00017919
[hyperbolic] global_step=8932/72000 local_updates=2233 loss=0.11192643 recon=0.00017209
[hyperbolic] global_step=8984/72000 local_updates=2246 loss=0.10887630 recon=0.00017939
[hyperbolic] global_step=9036/72000 local_updates=2259 loss=0.10803054 recon=0.00016892
[hyperbolic] global_step=9088/72000 local_updates=2272 loss=0.10954060 recon=0.00016520
[hyperbolic] global_step=9140/72000 local_updates=2285 loss=0.11111467 recon=0.00014556
[hyperbolic] global_step=9196/72000 local_updates=2299 loss=0.11095545 recon=0.00015227
[hyperbolic] global_step=9248/72000 local_updates=2312 loss=0.11697988 recon=0.00014310
[hyperbolic] global_step=9300/72000 local_updates=2325 loss=0.11144371 recon=0.00014739
[hyperbolic] global_step=9356/72000 local_updates=2339 loss=0.10958511 recon=0.00017995
[hyperbolic] global_step=9412/72000 local_updates=2353 loss=0.11066166 recon=0.00017029
[hyperbolic] global_step=9464/72000 local_updates=2366 loss=0.11331309 recon=0.00016221
[hyperbolic] global_step=9520/72000 local_updates=2380 loss=0.11064345 recon=0.00014645
[hyperbolic] global_step=9572/72000 local_updates=2393 loss=0.10643785 recon=0.00016227
[hyperbolic] global_step=9624/72000 local_updates=2406 loss=0.11123272 recon=0.00016600
[hyperbolic] global_step=9684/72000 local_updates=2421 loss=0.11014435 recon=0.00013577
[hyperbolic] global_step=9740/72000 local_updates=2435 loss=0.11297680 recon=0.00016740
[hyperbolic] global_step=9792/72000 local_updates=2448 loss=0.10980684 recon=0.00017841
[hyperbolic] global_step=9848/72000 local_updates=2462 loss=0.11014794 recon=0.00014521
[hyperbolic] global_step=9904/72000 local_updates=2476 loss=0.11204237 recon=0.00016768
[hyperbolic] global_step=9956/72000 local_updates=2489 loss=0.11279817 recon=0.00016096
[hyperbolic] global_step=10000/72000 loss=0.11560413 recon=0.00015814 c=[1.0, 1.0, 1.0] epsilon=[0.003, 0.003, 0.003] raw_unique=24546/24587 collision=0.001668 behaviour=0.22453227 codebook_used=[256, 256, 256]
[hyperbolic] global_step=10052/72000 local_updates=2513 loss=0.11111127 recon=0.00015586
[hyperbolic] global_step=10108/72000 local_updates=2527 loss=0.10862494 recon=0.00014622
[hyperbolic] global_step=10164/72000 local_updates=2541 loss=0.10839319 recon=0.00015835
[hyperbolic] global_step=10220/72000 local_updates=2555 loss=0.10914300 recon=0.00015835
[hyperbolic] global_step=10276/72000 local_updates=2569 loss=0.10784879 recon=0.00015581
[hyperbolic] global_step=10332/72000 local_updates=2583 loss=0.10841367 recon=0.00015885
[hyperbolic] global_step=10388/72000 local_updates=2597 loss=0.10749239 recon=0.00014263
[hyperbolic] global_step=10444/72000 local_updates=2611 loss=0.11045423 recon=0.00015607
[hyperbolic] global_step=10500/72000 local_updates=2625 loss=0.11162610 recon=0.00015334
[hyperbolic] global_step=10552/72000 local_updates=2638 loss=0.10863179 recon=0.00016736
[hyperbolic] global_step=10608/72000 local_updates=2652 loss=0.10781028 recon=0.00018150
[hyperbolic] global_step=10664/72000 local_updates=2666 loss=0.10990097 recon=0.00016182
[hyperbolic] global_step=10716/72000 local_updates=2679 loss=0.10853115 recon=0.00016289
[hyperbolic] global_step=10772/72000 local_updates=2693 loss=0.11110476 recon=0.00015816
[hyperbolic] global_step=10828/72000 local_updates=2707 loss=0.10916169 recon=0.00015267
[hyperbolic] global_step=10880/72000 local_updates=2720 loss=0.11166532 recon=0.00019907
[hyperbolic] global_step=10940/72000 local_updates=2735 loss=0.10891769 recon=0.00013451
[hyperbolic] global_step=10992/72000 local_updates=2748 loss=0.10922549 recon=0.00014487
[hyperbolic] global_step=11048/72000 local_updates=2762 loss=0.10998504 recon=0.00014958
[hyperbolic] global_step=11104/72000 local_updates=2776 loss=0.11111949 recon=0.00014533
[hyperbolic] global_step=11156/72000 local_updates=2789 loss=0.11019086 recon=0.00014814
[hyperbolic] global_step=11208/72000 local_updates=2802 loss=0.11096571 recon=0.00013426
[hyperbolic] global_step=11264/72000 local_updates=2816 loss=0.10783050 recon=0.00015096
[hyperbolic] global_step=11320/72000 local_updates=2830 loss=0.11213464 recon=0.00016460
[hyperbolic] global_step=11376/72000 local_updates=2844 loss=0.10958122 recon=0.00013965
[hyperbolic] global_step=11432/72000 local_updates=2858 loss=0.10808506 recon=0.00014345
[hyperbolic] global_step=11488/72000 local_updates=2872 loss=0.10937007 recon=0.00015145
[hyperbolic] global_step=11540/72000 local_updates=2885 loss=0.10924201 recon=0.00017869
[hyperbolic] global_step=11596/72000 local_updates=2899 loss=0.10997950 recon=0.00015903
[hyperbolic] global_step=11648/72000 local_updates=2912 loss=0.11166305 recon=0.00013814
[hyperbolic] global_step=11704/72000 local_updates=2926 loss=0.11008547 recon=0.00016521
[hyperbolic] global_step=11760/72000 local_updates=2940 loss=0.10814843 recon=0.00015527
[hyperbolic] global_step=11816/72000 local_updates=2954 loss=0.10591426 recon=0.00014316
[hyperbolic] global_step=11868/72000 local_updates=2967 loss=0.10976551 recon=0.00014092
[hyperbolic] global_step=11920/72000 local_updates=2980 loss=0.11020680 recon=0.00014961
[hyperbolic] global_step=11972/72000 local_updates=2993 loss=0.11001848 recon=0.00015644
[hyperbolic] global_step=12024/72000 local_updates=3006 loss=0.11301198 recon=0.00016238
[hyperbolic] global_step=12080/72000 local_updates=3020 loss=0.10887153 recon=0.00015906
[hyperbolic] global_step=12132/72000 local_updates=3033 loss=0.11008437 recon=0.00015006
[hyperbolic] global_step=12184/72000 local_updates=3046 loss=0.10947770 recon=0.00016656
[hyperbolic] global_step=12236/72000 local_updates=3059 loss=0.10909644 recon=0.00015485
[hyperbolic] global_step=12292/72000 local_updates=3073 loss=0.10821228 recon=0.00015901
[hyperbolic] global_step=12348/72000 local_updates=3087 loss=0.10948047 recon=0.00014433
[hyperbolic] global_step=12404/72000 local_updates=3101 loss=0.11148378 recon=0.00016823
[hyperbolic] global_step=12456/72000 local_updates=3114 loss=0.10928314 recon=0.00015461
[hyperbolic] global_step=12508/72000 local_updates=3127 loss=0.10986099 recon=0.00014818
[hyperbolic] global_step=12560/72000 local_updates=3140 loss=0.11272714 recon=0.00013910
[hyperbolic] global_step=12616/72000 local_updates=3154 loss=0.10924023 recon=0.00015498
[hyperbolic] global_step=12672/72000 local_updates=3168 loss=0.10814038 recon=0.00015360
[hyperbolic] global_step=12724/72000 local_updates=3181 loss=0.11387962 recon=0.00015817
[hyperbolic] global_step=12780/72000 local_updates=3195 loss=0.10892361 recon=0.00014239
[hyperbolic] global_step=12836/72000 local_updates=3209 loss=0.10974631 recon=0.00014355
[hyperbolic] global_step=12888/72000 local_updates=3222 loss=0.11092942 recon=0.00014851
[hyperbolic] global_step=12944/72000 local_updates=3236 loss=0.10972419 recon=0.00016552
[hyperbolic] global_step=13000/72000 local_updates=3250 loss=0.10742534 recon=0.00016205
[hyperbolic] global_step=13056/72000 local_updates=3264 loss=0.10800995 recon=0.00016333
[hyperbolic] global_step=13112/72000 local_updates=3278 loss=0.11202433 recon=0.00015728
[hyperbolic] global_step=13168/72000 local_updates=3292 loss=0.10803770 recon=0.00015711
[hyperbolic] global_step=13224/72000 local_updates=3306 loss=0.10758419 recon=0.00015028
[hyperbolic] global_step=13276/72000 local_updates=3319 loss=0.11090928 recon=0.00016304
[hyperbolic] global_step=13332/72000 local_updates=3333 loss=0.10565121 recon=0.00016693
[hyperbolic] global_step=13388/72000 local_updates=3347 loss=0.10781279 recon=0.00014158
[hyperbolic] global_step=13444/72000 local_updates=3361 loss=0.10690133 recon=0.00014383
[hyperbolic] global_step=13496/72000 local_updates=3374 loss=0.10785684 recon=0.00016585
[hyperbolic] global_step=13552/72000 local_updates=3388 loss=0.10860413 recon=0.00014188
[hyperbolic] global_step=13608/72000 local_updates=3402 loss=0.10813900 recon=0.00015094
[hyperbolic] global_step=13664/72000 local_updates=3416 loss=0.11060447 recon=0.00014708
[hyperbolic] global_step=13720/72000 local_updates=3430 loss=0.10768205 recon=0.00015408
[hyperbolic] global_step=13776/72000 local_updates=3444 loss=0.11047027 recon=0.00015260
[hyperbolic] global_step=13828/72000 local_updates=3457 loss=0.10831783 recon=0.00016130
[hyperbolic] global_step=13884/72000 local_updates=3471 loss=0.11004446 recon=0.00013541
[hyperbolic] global_step=13936/72000 local_updates=3484 loss=0.10918045 recon=0.00018036
[hyperbolic] global_step=13988/72000 local_updates=3497 loss=0.11076040 recon=0.00015383
[hyperbolic] global_step=14044/72000 local_updates=3511 loss=0.10799813 recon=0.00017509
[hyperbolic] global_step=14100/72000 local_updates=3525 loss=0.10724838 recon=0.00014450
[hyperbolic] global_step=14156/72000 local_updates=3539 loss=0.10883497 recon=0.00013798
[hyperbolic] global_step=14212/72000 local_updates=3553 loss=0.10915736 recon=0.00015762
[hyperbolic] global_step=14268/72000 local_updates=3567 loss=0.10935362 recon=0.00014753
[hyperbolic] global_step=14324/72000 local_updates=3581 loss=0.10973996 recon=0.00013944
[hyperbolic] global_step=14380/72000 local_updates=3595 loss=0.10972637 recon=0.00014556
[hyperbolic] global_step=14436/72000 local_updates=3609 loss=0.10911278 recon=0.00014994
[hyperbolic] global_step=14492/72000 local_updates=3623 loss=0.10827896 recon=0.00014604
[hyperbolic] global_step=14548/72000 local_updates=3637 loss=0.10911167 recon=0.00013417
[hyperbolic] global_step=14604/72000 local_updates=3651 loss=0.11120537 recon=0.00016762
[hyperbolic] global_step=14660/72000 local_updates=3665 loss=0.11091819 recon=0.00013772
[hyperbolic] global_step=14712/72000 local_updates=3678 loss=0.10833606 recon=0.00015880
[hyperbolic] global_step=14768/72000 local_updates=3692 loss=0.10921428 recon=0.00014713
[hyperbolic] global_step=14824/72000 local_updates=3706 loss=0.10616843 recon=0.00014492
[hyperbolic] global_step=14880/72000 local_updates=3720 loss=0.10818373 recon=0.00016843
[hyperbolic] global_step=14936/72000 local_updates=3734 loss=0.10815121 recon=0.00015096
[hyperbolic] global_step=14992/72000 local_updates=3748 loss=0.10671258 recon=0.00016190
[hyperbolic] global_step=15044/72000 local_updates=3761 loss=0.10818039 recon=0.00015397
[hyperbolic] global_step=15100/72000 local_updates=3775 loss=0.10664539 recon=0.00015839
[hyperbolic] global_step=15156/72000 local_updates=3789 loss=0.11242760 recon=0.00016440
[hyperbolic] global_step=15212/72000 local_updates=3803 loss=0.10834671 recon=0.00015787
[hyperbolic] global_step=15264/72000 local_updates=3816 loss=0.10989720 recon=0.00016309
[hyperbolic] global_step=15320/72000 local_updates=3830 loss=0.10792592 recon=0.00017273
[hyperbolic] global_step=15372/72000 local_updates=3843 loss=0.10812578 recon=0.00015426
[hyperbolic] global_step=15428/72000 local_updates=3857 loss=0.10536496 recon=0.00014119
[hyperbolic] global_step=15484/72000 local_updates=3871 loss=0.10732967 recon=0.00016038
[hyperbolic] global_step=15540/72000 local_updates=3885 loss=0.10535184 recon=0.00014146
[hyperbolic] global_step=15592/72000 local_updates=3898 loss=0.10920842 recon=0.00014748
[hyperbolic] global_step=15648/72000 local_updates=3912 loss=0.10737442 recon=0.00015443
[hyperbolic] global_step=15700/72000 local_updates=3925 loss=0.10684218 recon=0.00014934
[hyperbolic] global_step=15756/72000 local_updates=3939 loss=0.10626161 recon=0.00015221
[hyperbolic] global_step=15812/72000 local_updates=3953 loss=0.11120152 recon=0.00015243
[hyperbolic] global_step=15868/72000 local_updates=3967 loss=0.10691664 recon=0.00016980
[hyperbolic] global_step=15924/72000 local_updates=3981 loss=0.10915836 recon=0.00016591
[hyperbolic] global_step=15976/72000 local_updates=3994 loss=0.10868666 recon=0.00016137
[hyperbolic] global_step=16032/72000 local_updates=4008 loss=0.10829449 recon=0.00018304
[hyperbolic] global_step=16088/72000 local_updates=4022 loss=0.10980570 recon=0.00013989
[hyperbolic] global_step=16144/72000 local_updates=4036 loss=0.10664193 recon=0.00016390
[hyperbolic] global_step=16200/72000 local_updates=4050 loss=0.10742099 recon=0.00015542
[hyperbolic] global_step=16252/72000 local_updates=4063 loss=0.10891985 recon=0.00014365
[hyperbolic] global_step=16304/72000 local_updates=4076 loss=0.10649588 recon=0.00016496
[hyperbolic] global_step=16356/72000 local_updates=4089 loss=0.10745954 recon=0.00015339
[hyperbolic] global_step=16408/72000 local_updates=4102 loss=0.11091525 recon=0.00016249
[hyperbolic] global_step=16460/72000 local_updates=4115 loss=0.10910152 recon=0.00014769
[hyperbolic] global_step=16516/72000 local_updates=4129 loss=0.10811239 recon=0.00014720
[hyperbolic] global_step=16572/72000 local_updates=4143 loss=0.10901175 recon=0.00016750
[hyperbolic] global_step=16624/72000 local_updates=4156 loss=0.10950487 recon=0.00015030
[hyperbolic] global_step=16680/72000 local_updates=4170 loss=0.10831503 recon=0.00016195
[hyperbolic] global_step=16732/72000 local_updates=4183 loss=0.10833064 recon=0.00017477
[hyperbolic] global_step=16788/72000 local_updates=4197 loss=0.10945342 recon=0.00015691
[hyperbolic] global_step=16844/72000 local_updates=4211 loss=0.10880622 recon=0.00014636
[hyperbolic] global_step=16904/72000 local_updates=4226 loss=0.10689139 recon=0.00014214
[hyperbolic] global_step=16964/72000 local_updates=4241 loss=0.10759819 recon=0.00015803
[hyperbolic] global_step=17020/72000 local_updates=4255 loss=0.10916190 recon=0.00017001
[hyperbolic] global_step=17076/72000 local_updates=4269 loss=0.10672369 recon=0.00014884
[hyperbolic] global_step=17132/72000 local_updates=4283 loss=0.11077595 recon=0.00013640
[hyperbolic] global_step=17188/72000 local_updates=4297 loss=0.11046089 recon=0.00015358
[hyperbolic] global_step=17244/72000 local_updates=4311 loss=0.10665956 recon=0.00012526
[hyperbolic] global_step=17300/72000 local_updates=4325 loss=0.10881947 recon=0.00016696
[hyperbolic] global_step=17356/72000 local_updates=4339 loss=0.10809369 recon=0.00015743
[hyperbolic] global_step=17412/72000 local_updates=4353 loss=0.11071162 recon=0.00016132
[hyperbolic] global_step=17472/72000 local_updates=4368 loss=0.11052682 recon=0.00015598
[hyperbolic] global_step=17528/72000 local_updates=4382 loss=0.10860253 recon=0.00015816
[hyperbolic] global_step=17584/72000 local_updates=4396 loss=0.10940800 recon=0.00014443
[hyperbolic] global_step=17644/72000 local_updates=4411 loss=0.10679601 recon=0.00016004
[hyperbolic] global_step=17696/72000 local_updates=4424 loss=0.10664409 recon=0.00016090
[hyperbolic] global_step=17752/72000 local_updates=4438 loss=0.10688168 recon=0.00014378
[hyperbolic] global_step=17808/72000 local_updates=4452 loss=0.10698755 recon=0.00016222
[hyperbolic] global_step=17864/72000 local_updates=4466 loss=0.10581309 recon=0.00016251
[hyperbolic] global_step=17920/72000 local_updates=4480 loss=0.11144909 recon=0.00015048
[hyperbolic] global_step=17980/72000 local_updates=4495 loss=0.11134154 recon=0.00017276
[hyperbolic] global_step=18036/72000 local_updates=4509 loss=0.10951292 recon=0.00016143
[hyperbolic] global_step=18092/72000 local_updates=4523 loss=0.10818858 recon=0.00014937
[hyperbolic] global_step=18152/72000 local_updates=4538 loss=0.10762844 recon=0.00015589
[hyperbolic] global_step=18208/72000 local_updates=4552 loss=0.10963328 recon=0.00015134
[hyperbolic] global_step=18264/72000 local_updates=4566 loss=0.10946707 recon=0.00014432
[hyperbolic] global_step=18320/72000 local_updates=4580 loss=0.11148006 recon=0.00015469
[hyperbolic] global_step=18376/72000 local_updates=4594 loss=0.11223634 recon=0.00014933
[hyperbolic] global_step=18432/72000 local_updates=4608 loss=0.10576034 recon=0.00014444
[hyperbolic] global_step=18488/72000 local_updates=4622 loss=0.10722952 recon=0.00014868
[hyperbolic] global_step=18544/72000 local_updates=4636 loss=0.10952355 recon=0.00014807
[hyperbolic] global_step=18600/72000 local_updates=4650 loss=0.10706464 recon=0.00015598
[hyperbolic] global_step=18652/72000 local_updates=4663 loss=0.10418873 recon=0.00014104
[hyperbolic] global_step=18704/72000 local_updates=4676 loss=0.10674448 recon=0.00016370
[hyperbolic] global_step=18760/72000 local_updates=4690 loss=0.10960650 recon=0.00015917
[hyperbolic] global_step=18820/72000 local_updates=4705 loss=0.10904579 recon=0.00015495
[hyperbolic] global_step=18876/72000 local_updates=4719 loss=0.10826761 recon=0.00015803
[hyperbolic] global_step=18932/72000 local_updates=4733 loss=0.10915690 recon=0.00015100
[hyperbolic] global_step=18988/72000 local_updates=4747 loss=0.10550676 recon=0.00014994
[hyperbolic] global_step=19044/72000 local_updates=4761 loss=0.10823864 recon=0.00015583
[hyperbolic] global_step=19100/72000 local_updates=4775 loss=0.10677651 recon=0.00013893
[hyperbolic] global_step=19160/72000 local_updates=4790 loss=0.10806392 recon=0.00015914
[hyperbolic] global_step=19216/72000 local_updates=4804 loss=0.10838212 recon=0.00017553
[hyperbolic] global_step=19268/72000 local_updates=4817 loss=0.10968585 recon=0.00014864
[hyperbolic] global_step=19324/72000 local_updates=4831 loss=0.10759639 recon=0.00014609
[hyperbolic] global_step=19380/72000 local_updates=4845 loss=0.10824812 recon=0.00015174
[hyperbolic] global_step=19436/72000 local_updates=4859 loss=0.10789459 recon=0.00015348
[hyperbolic] global_step=19492/72000 local_updates=4873 loss=0.10650371 recon=0.00013957
[hyperbolic] global_step=19548/72000 local_updates=4887 loss=0.10868206 recon=0.00015663
[hyperbolic] global_step=19604/72000 local_updates=4901 loss=0.10759553 recon=0.00016944
[hyperbolic] global_step=19660/72000 local_updates=4915 loss=0.10878411 recon=0.00014699
[hyperbolic] global_step=19716/72000 local_updates=4929 loss=0.10822812 recon=0.00015269
[hyperbolic] global_step=19772/72000 local_updates=4943 loss=0.10741259 recon=0.00014407
[hyperbolic] global_step=19828/72000 local_updates=4957 loss=0.10575260 recon=0.00015404
[hyperbolic] global_step=19884/72000 local_updates=4971 loss=0.10686594 recon=0.00015038
[hyperbolic] global_step=19940/72000 local_updates=4985 loss=0.10735671 recon=0.00014488
[hyperbolic] global_step=19992/72000 local_updates=4998 loss=0.10916467 recon=0.00016685
[hyperbolic] global_step=20000/72000 loss=0.10873843 recon=0.00015396 c=[1.0, 1.0, 1.0] epsilon=[0.003, 0.003, 0.003] raw_unique=24550/24587 collision=0.001505 behaviour=0.20122065 codebook_used=[256, 256, 256]
[hyperbolic] global_step=20056/72000 local_updates=5014 loss=0.10886107 recon=0.00016428
[hyperbolic] global_step=20112/72000 local_updates=5028 loss=0.10797379 recon=0.00014376
[hyperbolic] global_step=20168/72000 local_updates=5042 loss=0.11076681 recon=0.00013255
[hyperbolic] global_step=20224/72000 local_updates=5056 loss=0.10613222 recon=0.00015280
[hyperbolic] global_step=20280/72000 local_updates=5070 loss=0.10589685 recon=0.00016879
[hyperbolic] global_step=20336/72000 local_updates=5084 loss=0.10643978 recon=0.00017480
[hyperbolic] global_step=20388/72000 local_updates=5097 loss=0.10732318 recon=0.00015846
[hyperbolic] global_step=20448/72000 local_updates=5112 loss=0.10944062 recon=0.00015396
[hyperbolic] global_step=20508/72000 local_updates=5127 loss=0.10579440 recon=0.00016317
[hyperbolic] global_step=20564/72000 local_updates=5141 loss=0.10491557 recon=0.00015775
[hyperbolic] global_step=20620/72000 local_updates=5155 loss=0.10650444 recon=0.00013495
[hyperbolic] global_step=20676/72000 local_updates=5169 loss=0.10933822 recon=0.00014254
[hyperbolic] global_step=20732/72000 local_updates=5183 loss=0.10702489 recon=0.00014334
[hyperbolic] global_step=20792/72000 local_updates=5198 loss=0.10846390 recon=0.00015545
[hyperbolic] global_step=20844/72000 local_updates=5211 loss=0.10634524 recon=0.00013387
[hyperbolic] global_step=20900/72000 local_updates=5225 loss=0.11022475 recon=0.00017447
[hyperbolic] global_step=20952/72000 local_updates=5238 loss=0.11270481 recon=0.00015754
[hyperbolic] global_step=21012/72000 local_updates=5253 loss=0.10846849 recon=0.00011765
[hyperbolic] global_step=21068/72000 local_updates=5267 loss=0.10841636 recon=0.00016843
[hyperbolic] global_step=21124/72000 local_updates=5281 loss=0.10896475 recon=0.00016245
[hyperbolic] global_step=21180/72000 local_updates=5295 loss=0.10714845 recon=0.00017281
[hyperbolic] global_step=21240/72000 local_updates=5310 loss=0.10610758 recon=0.00015136
[hyperbolic] global_step=21292/72000 local_updates=5323 loss=0.10738948 recon=0.00014380
[hyperbolic] global_step=21348/72000 local_updates=5337 loss=0.10451213 recon=0.00015802
[hyperbolic] global_step=21404/72000 local_updates=5351 loss=0.10819048 recon=0.00014751
[hyperbolic] global_step=21464/72000 local_updates=5366 loss=0.10768154 recon=0.00013951
[hyperbolic] global_step=21520/72000 local_updates=5380 loss=0.10805114 recon=0.00014857
[hyperbolic] global_step=21576/72000 local_updates=5394 loss=0.10704923 recon=0.00014876
[hyperbolic] global_step=21636/72000 local_updates=5409 loss=0.10587540 recon=0.00015656
[hyperbolic] global_step=21696/72000 local_updates=5424 loss=0.10818662 recon=0.00016691
[hyperbolic] global_step=21752/72000 local_updates=5438 loss=0.11068704 recon=0.00014323
[hyperbolic] global_step=21808/72000 local_updates=5452 loss=0.10820235 recon=0.00015362
[hyperbolic] global_step=21864/72000 local_updates=5466 loss=0.10553865 recon=0.00014810
[hyperbolic] global_step=21920/72000 local_updates=5480 loss=0.10769272 recon=0.00015657
[hyperbolic] global_step=21980/72000 local_updates=5495 loss=0.10685764 recon=0.00014448
[hyperbolic] global_step=22040/72000 local_updates=5510 loss=0.10445462 recon=0.00014574
[hyperbolic] global_step=22092/72000 local_updates=5523 loss=0.10747207 recon=0.00014252
[hyperbolic] global_step=22148/72000 local_updates=5537 loss=0.10607255 recon=0.00013899
[hyperbolic] global_step=22208/72000 local_updates=5552 loss=0.10719860 recon=0.00014710
[hyperbolic] global_step=22268/72000 local_updates=5567 loss=0.10643611 recon=0.00012880
[hyperbolic] global_step=22324/72000 local_updates=5581 loss=0.10733035 recon=0.00013471
[hyperbolic] global_step=22384/72000 local_updates=5596 loss=0.10750005 recon=0.00014475
[hyperbolic] global_step=22444/72000 local_updates=5611 loss=0.10799913 recon=0.00015526
[hyperbolic] global_step=22504/72000 local_updates=5626 loss=0.10873614 recon=0.00015413
[hyperbolic] global_step=22560/72000 local_updates=5640 loss=0.10706811 recon=0.00015481
[hyperbolic] global_step=22620/72000 local_updates=5655 loss=0.10742424 recon=0.00015288
[hyperbolic] global_step=22676/72000 local_updates=5669 loss=0.10723248 recon=0.00014976
[hyperbolic] global_step=22732/72000 local_updates=5683 loss=0.10822685 recon=0.00015585
[hyperbolic] global_step=22788/72000 local_updates=5697 loss=0.10694109 recon=0.00017923
[hyperbolic] global_step=22848/72000 local_updates=5712 loss=0.10736047 recon=0.00013638
[hyperbolic] global_step=22908/72000 local_updates=5727 loss=0.10933284 recon=0.00015050
[hyperbolic] global_step=22964/72000 local_updates=5741 loss=0.10586761 recon=0.00015215
[hyperbolic] global_step=23024/72000 local_updates=5756 loss=0.10692616 recon=0.00015049
[hyperbolic] global_step=23080/72000 local_updates=5770 loss=0.10645697 recon=0.00016310
[hyperbolic] global_step=23136/72000 local_updates=5784 loss=0.10452108 recon=0.00013387
[hyperbolic] global_step=23196/72000 local_updates=5799 loss=0.10689349 recon=0.00015604
[hyperbolic] global_step=23252/72000 local_updates=5813 loss=0.10787003 recon=0.00014728
[hyperbolic] global_step=23308/72000 local_updates=5827 loss=0.10677518 recon=0.00017224
[hyperbolic] global_step=23364/72000 local_updates=5841 loss=0.11007118 recon=0.00014200
[hyperbolic] global_step=23424/72000 local_updates=5856 loss=0.10775403 recon=0.00015289
[hyperbolic] global_step=23480/72000 local_updates=5870 loss=0.10779076 recon=0.00016534
[hyperbolic] global_step=23540/72000 local_updates=5885 loss=0.10715285 recon=0.00016070
[hyperbolic] global_step=23596/72000 local_updates=5899 loss=0.10756016 recon=0.00016062
[hyperbolic] global_step=23652/72000 local_updates=5913 loss=0.10673545 recon=0.00014778
[hyperbolic] global_step=23708/72000 local_updates=5927 loss=0.10828863 recon=0.00017192
[hyperbolic] global_step=23768/72000 local_updates=5942 loss=0.10606439 recon=0.00016938
[hyperbolic] global_step=23820/72000 local_updates=5955 loss=0.10570201 recon=0.00015399
[hyperbolic] global_step=23876/72000 local_updates=5969 loss=0.10805605 recon=0.00013813
[hyperbolic] global_step=23936/72000 local_updates=5984 loss=0.10744102 recon=0.00014886
[hyperbolic] global_step=23992/72000 local_updates=5998 loss=0.10933006 recon=0.00018292
[hyperbolic] global_step=24052/72000 local_updates=6013 loss=0.10813459 recon=0.00019070
[hyperbolic] global_step=24112/72000 local_updates=6028 loss=0.10550941 recon=0.00015135
[hyperbolic] global_step=24168/72000 local_updates=6042 loss=0.10642527 recon=0.00013801
[hyperbolic] global_step=24224/72000 local_updates=6056 loss=0.10791769 recon=0.00013438
[hyperbolic] global_step=24280/72000 local_updates=6070 loss=0.10898895 recon=0.00016283
[hyperbolic] global_step=24340/72000 local_updates=6085 loss=0.10677594 recon=0.00014278
[hyperbolic] global_step=24400/72000 local_updates=6100 loss=0.10761747 recon=0.00015616
[hyperbolic] global_step=24456/72000 local_updates=6114 loss=0.10580052 recon=0.00013649
[hyperbolic] global_step=24512/72000 local_updates=6128 loss=0.10633241 recon=0.00013772
[hyperbolic] global_step=24572/72000 local_updates=6143 loss=0.10716189 recon=0.00016722
[hyperbolic] global_step=24632/72000 local_updates=6158 loss=0.10599467 recon=0.00013759
[hyperbolic] global_step=24692/72000 local_updates=6173 loss=0.10699730 recon=0.00015973
[hyperbolic] global_step=24748/72000 local_updates=6187 loss=0.10737855 recon=0.00017245
[hyperbolic] global_step=24808/72000 local_updates=6202 loss=0.10640858 recon=0.00014730
[hyperbolic] global_step=24864/72000 local_updates=6216 loss=0.10819590 recon=0.00016071
[hyperbolic] global_step=24920/72000 local_updates=6230 loss=0.10562379 recon=0.00014695
[hyperbolic] global_step=24976/72000 local_updates=6244 loss=0.10565669 recon=0.00016379
[hyperbolic] global_step=25036/72000 local_updates=6259 loss=0.10741858 recon=0.00013757
[hyperbolic] global_step=25092/72000 local_updates=6273 loss=0.10984471 recon=0.00012835
[hyperbolic] global_step=25148/72000 local_updates=6287 loss=0.10672311 recon=0.00015490
[hyperbolic] global_step=25204/72000 local_updates=6301 loss=0.10678037 recon=0.00014022
[hyperbolic] global_step=25256/72000 local_updates=6314 loss=0.10866029 recon=0.00015548
[hyperbolic] global_step=25312/72000 local_updates=6328 loss=0.10650645 recon=0.00015184
[hyperbolic] global_step=25368/72000 local_updates=6342 loss=0.10667576 recon=0.00015617
[hyperbolic] global_step=25424/72000 local_updates=6356 loss=0.10718384 recon=0.00016104
[hyperbolic] global_step=25480/72000 local_updates=6370 loss=0.10973398 recon=0.00015824
[hyperbolic] global_step=25536/72000 local_updates=6384 loss=0.10686627 recon=0.00014696
[hyperbolic] global_step=25596/72000 local_updates=6399 loss=0.10506605 recon=0.00014978
[hyperbolic] global_step=25656/72000 local_updates=6414 loss=0.10755405 recon=0.00014405
[hyperbolic] global_step=25712/72000 local_updates=6428 loss=0.10540700 recon=0.00013821
[hyperbolic] global_step=25772/72000 local_updates=6443 loss=0.10725556 recon=0.00015110
[hyperbolic] global_step=25832/72000 local_updates=6458 loss=0.10668615 recon=0.00015853
[hyperbolic] global_step=25888/72000 local_updates=6472 loss=0.10461626 recon=0.00014702
[hyperbolic] global_step=25944/72000 local_updates=6486 loss=0.10611545 recon=0.00013869
[hyperbolic] global_step=26004/72000 local_updates=6501 loss=0.10406689 recon=0.00015518
[hyperbolic] global_step=26060/72000 local_updates=6515 loss=0.10903032 recon=0.00016469
[hyperbolic] global_step=26116/72000 local_updates=6529 loss=0.10935191 recon=0.00014951
[hyperbolic] global_step=26176/72000 local_updates=6544 loss=0.10931879 recon=0.00016798
[hyperbolic] global_step=26236/72000 local_updates=6559 loss=0.10633025 recon=0.00016194
[hyperbolic] global_step=26292/72000 local_updates=6573 loss=0.10734972 recon=0.00014582
[hyperbolic] global_step=26352/72000 local_updates=6588 loss=0.10631625 recon=0.00012797
[hyperbolic] global_step=26412/72000 local_updates=6603 loss=0.10742158 recon=0.00015007
[hyperbolic] global_step=26468/72000 local_updates=6617 loss=0.10876314 recon=0.00015916
[hyperbolic] global_step=26528/72000 local_updates=6632 loss=0.10848134 recon=0.00015889
[hyperbolic] global_step=26588/72000 local_updates=6647 loss=0.10786132 recon=0.00014883
[hyperbolic] global_step=26644/72000 local_updates=6661 loss=0.10703185 recon=0.00015346
[hyperbolic] global_step=26700/72000 local_updates=6675 loss=0.10693285 recon=0.00015354
[hyperbolic] global_step=26756/72000 local_updates=6689 loss=0.10691506 recon=0.00014253
[hyperbolic] global_step=26816/72000 local_updates=6704 loss=0.10751348 recon=0.00016749
[hyperbolic] global_step=26872/72000 local_updates=6718 loss=0.10615152 recon=0.00014717
[hyperbolic] global_step=26928/72000 local_updates=6732 loss=0.10468968 recon=0.00015374
[hyperbolic] global_step=26988/72000 local_updates=6747 loss=0.10699917 recon=0.00014308
[hyperbolic] global_step=27048/72000 local_updates=6762 loss=0.10660218 recon=0.00018021
[hyperbolic] global_step=27104/72000 local_updates=6776 loss=0.10703541 recon=0.00014538
[hyperbolic] global_step=27160/72000 local_updates=6790 loss=0.10757597 recon=0.00014256
[hyperbolic] global_step=27216/72000 local_updates=6804 loss=0.10495250 recon=0.00014869
[hyperbolic] global_step=27268/72000 local_updates=6817 loss=0.10693695 recon=0.00014993
[hyperbolic] global_step=27324/72000 local_updates=6831 loss=0.10772733 recon=0.00015759
[hyperbolic] global_step=27380/72000 local_updates=6845 loss=0.10701554 recon=0.00014226
[hyperbolic] global_step=27436/72000 local_updates=6859 loss=0.10763573 recon=0.00014989
[hyperbolic] global_step=27492/72000 local_updates=6873 loss=0.11023315 recon=0.00016011
[hyperbolic] global_step=27552/72000 local_updates=6888 loss=0.10842313 recon=0.00014209
[hyperbolic] global_step=27604/72000 local_updates=6901 loss=0.10673665 recon=0.00016710
[hyperbolic] global_step=27660/72000 local_updates=6915 loss=0.10767337 recon=0.00014087
[hyperbolic] global_step=27716/72000 local_updates=6929 loss=0.10606535 recon=0.00017106
[hyperbolic] global_step=27772/72000 local_updates=6943 loss=0.10567123 recon=0.00014937
[hyperbolic] global_step=27828/72000 local_updates=6957 loss=0.10552702 recon=0.00012877
[hyperbolic] global_step=27884/72000 local_updates=6971 loss=0.10634982 recon=0.00016717
[hyperbolic] global_step=27940/72000 local_updates=6985 loss=0.10801955 recon=0.00013602
[hyperbolic] global_step=28000/72000 local_updates=7000 loss=0.10610968 recon=0.00016231
[hyperbolic] global_step=28060/72000 local_updates=7015 loss=0.10632150 recon=0.00015795
[hyperbolic] global_step=28120/72000 local_updates=7030 loss=0.10744231 recon=0.00014491
[hyperbolic] global_step=28180/72000 local_updates=7045 loss=0.10935074 recon=0.00015332
[hyperbolic] global_step=28236/72000 local_updates=7059 loss=0.10561641 recon=0.00015499
[hyperbolic] global_step=28296/72000 local_updates=7074 loss=0.10661776 recon=0.00015339
[hyperbolic] global_step=28352/72000 local_updates=7088 loss=0.10948987 recon=0.00016847
[hyperbolic] global_step=28412/72000 local_updates=7103 loss=0.10588370 recon=0.00015482
[hyperbolic] global_step=28468/72000 local_updates=7117 loss=0.10861449 recon=0.00015220
[hyperbolic] global_step=28528/72000 local_updates=7132 loss=0.10485587 recon=0.00014400
[hyperbolic] global_step=28584/72000 local_updates=7146 loss=0.10750541 recon=0.00014812
[hyperbolic] global_step=28644/72000 local_updates=7161 loss=0.10836273 recon=0.00014787
[hyperbolic] global_step=28700/72000 local_updates=7175 loss=0.10607891 recon=0.00015561
[hyperbolic] global_step=28760/72000 local_updates=7190 loss=0.10544845 recon=0.00016158
[hyperbolic] global_step=28812/72000 local_updates=7203 loss=0.10692944 recon=0.00017553
[hyperbolic] global_step=28868/72000 local_updates=7217 loss=0.10675640 recon=0.00014184
[hyperbolic] global_step=28928/72000 local_updates=7232 loss=0.10737722 recon=0.00015395
[hyperbolic] global_step=28988/72000 local_updates=7247 loss=0.10716443 recon=0.00015184
[hyperbolic] global_step=29048/72000 local_updates=7262 loss=0.10823750 recon=0.00015737
[hyperbolic] global_step=29108/72000 local_updates=7277 loss=0.10649936 recon=0.00016311
[hyperbolic] global_step=29168/72000 local_updates=7292 loss=0.10833910 recon=0.00013580
[hyperbolic] global_step=29228/72000 local_updates=7307 loss=0.10589767 recon=0.00014911
[hyperbolic] global_step=29284/72000 local_updates=7321 loss=0.11001412 recon=0.00016166
[hyperbolic] global_step=29340/72000 local_updates=7335 loss=0.10753582 recon=0.00015409
[hyperbolic] global_step=29400/72000 local_updates=7350 loss=0.10751604 recon=0.00014548
[hyperbolic] global_step=29456/72000 local_updates=7364 loss=0.10621788 recon=0.00014911
[hyperbolic] global_step=29516/72000 local_updates=7379 loss=0.10813071 recon=0.00016466
[hyperbolic] global_step=29576/72000 local_updates=7394 loss=0.10676719 recon=0.00014902
[hyperbolic] global_step=29632/72000 local_updates=7408 loss=0.10615537 recon=0.00015260
[hyperbolic] global_step=29688/72000 local_updates=7422 loss=0.10616249 recon=0.00015126
[hyperbolic] global_step=29744/72000 local_updates=7436 loss=0.10685489 recon=0.00014598
[hyperbolic] global_step=29800/72000 local_updates=7450 loss=0.10521720 recon=0.00014973
[hyperbolic] global_step=29856/72000 local_updates=7464 loss=0.10749966 recon=0.00015948
[hyperbolic] global_step=29912/72000 local_updates=7478 loss=0.10662729 recon=0.00013520
[hyperbolic] global_step=29968/72000 local_updates=7492 loss=0.10402794 recon=0.00016200
[hyperbolic] global_step=30000/72000 loss=0.10720351 recon=0.00015355 c=[1.0, 1.0, 1.0] epsilon=[0.003, 0.003, 0.003] raw_unique=24550/24587 collision=0.001505 behaviour=0.19314436 codebook_used=[256, 256, 256]
[hyperbolic] global_step=30056/72000 local_updates=7514 loss=0.10664667 recon=0.00015342
[hyperbolic] global_step=30120/72000 local_updates=7530 loss=0.10627511 recon=0.00013577
[hyperbolic] global_step=30176/72000 local_updates=7544 loss=0.10640648 recon=0.00014102
[hyperbolic] global_step=30232/72000 local_updates=7558 loss=0.10787340 recon=0.00015252
[hyperbolic] global_step=30292/72000 local_updates=7573 loss=0.10666858 recon=0.00014917
[hyperbolic] global_step=30348/72000 local_updates=7587 loss=0.10691823 recon=0.00014125
[hyperbolic] global_step=30404/72000 local_updates=7601 loss=0.10920665 recon=0.00015684
[hyperbolic] global_step=30460/72000 local_updates=7615 loss=0.10913271 recon=0.00015769
[hyperbolic] global_step=30520/72000 local_updates=7630 loss=0.10772077 recon=0.00015086
[hyperbolic] global_step=30576/72000 local_updates=7644 loss=0.10500894 recon=0.00013169
[hyperbolic] global_step=30632/72000 local_updates=7658 loss=0.10473365 recon=0.00014317
[hyperbolic] global_step=30692/72000 local_updates=7673 loss=0.10806967 recon=0.00016438
[hyperbolic] global_step=30752/72000 local_updates=7688 loss=0.10646486 recon=0.00013749
[hyperbolic] global_step=30808/72000 local_updates=7702 loss=0.10732136 recon=0.00015105
[hyperbolic] global_step=30868/72000 local_updates=7717 loss=0.10553163 recon=0.00014618
[hyperbolic] global_step=30924/72000 local_updates=7731 loss=0.10899559 recon=0.00014447
[hyperbolic] global_step=30980/72000 local_updates=7745 loss=0.10527999 recon=0.00013844
[hyperbolic] global_step=31036/72000 local_updates=7759 loss=0.10520976 recon=0.00013969
[hyperbolic] global_step=31096/72000 local_updates=7774 loss=0.10823318 recon=0.00014898
[hyperbolic] global_step=31152/72000 local_updates=7788 loss=0.10608196 recon=0.00016051
[hyperbolic] global_step=31208/72000 local_updates=7802 loss=0.10883050 recon=0.00015487
[hyperbolic] global_step=31268/72000 local_updates=7817 loss=0.10703063 recon=0.00016021
[hyperbolic] global_step=31324/72000 local_updates=7831 loss=0.10635261 recon=0.00014466
[hyperbolic] global_step=31380/72000 local_updates=7845 loss=0.10290230 recon=0.00014395
[hyperbolic] global_step=31440/72000 local_updates=7860 loss=0.10793244 recon=0.00016046
[hyperbolic] global_step=31500/72000 local_updates=7875 loss=0.10545434 recon=0.00014293
[hyperbolic] global_step=31556/72000 local_updates=7889 loss=0.10603804 recon=0.00016553
[hyperbolic] global_step=31612/72000 local_updates=7903 loss=0.10578625 recon=0.00016815
[hyperbolic] global_step=31668/72000 local_updates=7917 loss=0.10618524 recon=0.00014595
[hyperbolic] global_step=31728/72000 local_updates=7932 loss=0.10876962 recon=0.00016399
[hyperbolic] global_step=31788/72000 local_updates=7947 loss=0.10643345 recon=0.00014824
[hyperbolic] global_step=31848/72000 local_updates=7962 loss=0.10704374 recon=0.00015052
[hyperbolic] global_step=31908/72000 local_updates=7977 loss=0.10818542 recon=0.00014455
[hyperbolic] global_step=31968/72000 local_updates=7992 loss=0.10731044 recon=0.00016973
[hyperbolic] global_step=32024/72000 local_updates=8006 loss=0.10634383 recon=0.00018084
[hyperbolic] global_step=32080/72000 local_updates=8020 loss=0.10752460 recon=0.00015738
[hyperbolic] global_step=32140/72000 local_updates=8035 loss=0.10507531 recon=0.00014937
[hyperbolic] global_step=32200/72000 local_updates=8050 loss=0.10811209 recon=0.00013742
[hyperbolic] global_step=32260/72000 local_updates=8065 loss=0.10575657 recon=0.00014176
[hyperbolic] global_step=32320/72000 local_updates=8080 loss=0.10718043 recon=0.00015432
[hyperbolic] global_step=32380/72000 local_updates=8095 loss=0.10643875 recon=0.00013772
[hyperbolic] global_step=32440/72000 local_updates=8110 loss=0.10576875 recon=0.00015093
[hyperbolic] global_step=32504/72000 local_updates=8126 loss=0.10726785 recon=0.00016841
[hyperbolic] global_step=32560/72000 local_updates=8140 loss=0.10733514 recon=0.00015303
[hyperbolic] global_step=32616/72000 local_updates=8154 loss=0.10565388 recon=0.00015702
[hyperbolic] global_step=32676/72000 local_updates=8169 loss=0.10609213 recon=0.00014808
[hyperbolic] global_step=32736/72000 local_updates=8184 loss=0.10413767 recon=0.00013400
[hyperbolic] global_step=32796/72000 local_updates=8199 loss=0.10826814 recon=0.00014856
[hyperbolic] global_step=32856/72000 local_updates=8214 loss=0.10389272 recon=0.00015825
[hyperbolic] global_step=32916/72000 local_updates=8229 loss=0.10364763 recon=0.00014201
[hyperbolic] global_step=32972/72000 local_updates=8243 loss=0.10605286 recon=0.00015504
[hyperbolic] global_step=33032/72000 local_updates=8258 loss=0.10639272 recon=0.00017226
[hyperbolic] global_step=33092/72000 local_updates=8273 loss=0.10498818 recon=0.00015730
[hyperbolic] global_step=33144/72000 local_updates=8286 loss=0.10556531 recon=0.00016159
[hyperbolic] global_step=33204/72000 local_updates=8301 loss=0.10531580 recon=0.00014602
[hyperbolic] global_step=33264/72000 local_updates=8316 loss=0.10479655 recon=0.00016742
[hyperbolic] global_step=33324/72000 local_updates=8331 loss=0.10555187 recon=0.00014790
[hyperbolic] global_step=33384/72000 local_updates=8346 loss=0.10799897 recon=0.00017509
[hyperbolic] global_step=33444/72000 local_updates=8361 loss=0.10750212 recon=0.00015851
[hyperbolic] global_step=33500/72000 local_updates=8375 loss=0.10733166 recon=0.00013615
[hyperbolic] global_step=33560/72000 local_updates=8390 loss=0.10699289 recon=0.00015028
[hyperbolic] global_step=33620/72000 local_updates=8405 loss=0.10673819 recon=0.00016444
[hyperbolic] global_step=33680/72000 local_updates=8420 loss=0.10628149 recon=0.00014403
[hyperbolic] global_step=33740/72000 local_updates=8435 loss=0.10500633 recon=0.00015479
[hyperbolic] global_step=33800/72000 local_updates=8450 loss=0.10705493 recon=0.00016527
[hyperbolic] global_step=33860/72000 local_updates=8465 loss=0.10788111 recon=0.00015792
[hyperbolic] global_step=33920/72000 local_updates=8480 loss=0.10520677 recon=0.00014344
[hyperbolic] global_step=33980/72000 local_updates=8495 loss=0.10756923 recon=0.00014690
[hyperbolic] global_step=34040/72000 local_updates=8510 loss=0.10624360 recon=0.00015441
[hyperbolic] global_step=34100/72000 local_updates=8525 loss=0.10608789 recon=0.00015136
[hyperbolic] global_step=34160/72000 local_updates=8540 loss=0.10621145 recon=0.00015378
[hyperbolic] global_step=34220/72000 local_updates=8555 loss=0.10929933 recon=0.00014709
[hyperbolic] global_step=34280/72000 local_updates=8570 loss=0.10528767 recon=0.00015269
[hyperbolic] global_step=34336/72000 local_updates=8584 loss=0.10781477 recon=0.00014876
[hyperbolic] global_step=34396/72000 local_updates=8599 loss=0.10707565 recon=0.00014168
[hyperbolic] global_step=34456/72000 local_updates=8614 loss=0.10602401 recon=0.00013574
[hyperbolic] global_step=34516/72000 local_updates=8629 loss=0.10666019 recon=0.00016496
[hyperbolic] global_step=34580/72000 local_updates=8645 loss=0.10668194 recon=0.00015260
[hyperbolic] global_step=34640/72000 local_updates=8660 loss=0.10830490 recon=0.00015404
[hyperbolic] global_step=34700/72000 local_updates=8675 loss=0.10724379 recon=0.00015069
[hyperbolic] global_step=34760/72000 local_updates=8690 loss=0.10759113 recon=0.00015175
[hyperbolic] global_step=34820/72000 local_updates=8705 loss=0.10622854 recon=0.00015738
[hyperbolic] global_step=34880/72000 local_updates=8720 loss=0.10828060 recon=0.00016249
[hyperbolic] global_step=34940/72000 local_updates=8735 loss=0.10605422 recon=0.00014406
[hyperbolic] global_step=35000/72000 local_updates=8750 loss=0.10621887 recon=0.00015231
[hyperbolic] global_step=35056/72000 local_updates=8764 loss=0.10667533 recon=0.00015713
[hyperbolic] global_step=35116/72000 local_updates=8779 loss=0.10673281 recon=0.00014482
[hyperbolic] global_step=35176/72000 local_updates=8794 loss=0.10698670 recon=0.00015446
[hyperbolic] global_step=35236/72000 local_updates=8809 loss=0.10529167 recon=0.00016127
[hyperbolic] global_step=35296/72000 local_updates=8824 loss=0.10635932 recon=0.00014689
[hyperbolic] global_step=35356/72000 local_updates=8839 loss=0.10727140 recon=0.00014457
[hyperbolic] global_step=35416/72000 local_updates=8854 loss=0.10507547 recon=0.00015289
[hyperbolic] global_step=35480/72000 local_updates=8870 loss=0.10718502 recon=0.00015323
[hyperbolic] global_step=35540/72000 local_updates=8885 loss=0.10563781 recon=0.00016223
[hyperbolic] global_step=35600/72000 local_updates=8900 loss=0.10388412 recon=0.00015248
[hyperbolic] global_step=35656/72000 local_updates=8914 loss=0.10570142 recon=0.00016849
[hyperbolic] global_step=35716/72000 local_updates=8929 loss=0.10679062 recon=0.00015353
[hyperbolic] global_step=35772/72000 local_updates=8943 loss=0.10583911 recon=0.00013946
[hyperbolic] global_step=35832/72000 local_updates=8958 loss=0.10583191 recon=0.00016624
[hyperbolic] global_step=35892/72000 local_updates=8973 loss=0.10552585 recon=0.00014201
[hyperbolic] global_step=35952/72000 local_updates=8988 loss=0.10652655 recon=0.00016081
[hyperbolic] global_step=36016/72000 local_updates=9004 loss=0.10719352 recon=0.00014225
[hyperbolic] global_step=36072/72000 local_updates=9018 loss=0.10457261 recon=0.00014735
[hyperbolic] global_step=36132/72000 local_updates=9033 loss=0.10464572 recon=0.00015312
[hyperbolic] global_step=36188/72000 local_updates=9047 loss=0.10784051 recon=0.00016107
[hyperbolic] global_step=36248/72000 local_updates=9062 loss=0.10787039 recon=0.00015357
[hyperbolic] global_step=36304/72000 local_updates=9076 loss=0.10871804 recon=0.00014615
[hyperbolic] global_step=36364/72000 local_updates=9091 loss=0.10968264 recon=0.00017655
[hyperbolic] global_step=36424/72000 local_updates=9106 loss=0.10843007 recon=0.00014310
[hyperbolic] global_step=36484/72000 local_updates=9121 loss=0.10603455 recon=0.00015899
[hyperbolic] global_step=36540/72000 local_updates=9135 loss=0.10625004 recon=0.00015244
[hyperbolic] global_step=36596/72000 local_updates=9149 loss=0.10672015 recon=0.00015629
[hyperbolic] global_step=36656/72000 local_updates=9164 loss=0.10515635 recon=0.00015752
[hyperbolic] global_step=36716/72000 local_updates=9179 loss=0.10759044 recon=0.00015666
[hyperbolic] global_step=36772/72000 local_updates=9193 loss=0.10528564 recon=0.00016040
[hyperbolic] global_step=36828/72000 local_updates=9207 loss=0.10639452 recon=0.00015545
[hyperbolic] global_step=36884/72000 local_updates=9221 loss=0.10801723 recon=0.00014823
[hyperbolic] global_step=36940/72000 local_updates=9235 loss=0.10762028 recon=0.00016084
[hyperbolic] global_step=37004/72000 local_updates=9251 loss=0.10773450 recon=0.00015538
[hyperbolic] global_step=37064/72000 local_updates=9266 loss=0.10817923 recon=0.00014606
[hyperbolic] global_step=37124/72000 local_updates=9281 loss=0.10711036 recon=0.00015331
[hyperbolic] global_step=37184/72000 local_updates=9296 loss=0.10842419 recon=0.00015544
[hyperbolic] global_step=37240/72000 local_updates=9310 loss=0.10581893 recon=0.00014978
[hyperbolic] global_step=37300/72000 local_updates=9325 loss=0.10572916 recon=0.00016387
[hyperbolic] global_step=37360/72000 local_updates=9340 loss=0.10956363 recon=0.00014876
[hyperbolic] global_step=37420/72000 local_updates=9355 loss=0.10757061 recon=0.00015197
[hyperbolic] global_step=37476/72000 local_updates=9369 loss=0.10755979 recon=0.00015288
[hyperbolic] global_step=37536/72000 local_updates=9384 loss=0.10749881 recon=0.00017337
[hyperbolic] global_step=37596/72000 local_updates=9399 loss=0.10886306 recon=0.00015634
[hyperbolic] global_step=37660/72000 local_updates=9415 loss=0.10814341 recon=0.00017040
[hyperbolic] global_step=37720/72000 local_updates=9430 loss=0.10647114 recon=0.00015422
[hyperbolic] global_step=37780/72000 local_updates=9445 loss=0.10662009 recon=0.00015090
[hyperbolic] global_step=37840/72000 local_updates=9460 loss=0.10515163 recon=0.00014377
[hyperbolic] global_step=37896/72000 local_updates=9474 loss=0.10650981 recon=0.00015515
[hyperbolic] global_step=37956/72000 local_updates=9489 loss=0.10526811 recon=0.00015502
[hyperbolic] global_step=38012/72000 local_updates=9503 loss=0.10754135 recon=0.00015721
[hyperbolic] global_step=38076/72000 local_updates=9519 loss=0.11012384 recon=0.00015143
[hyperbolic] global_step=38136/72000 local_updates=9534 loss=0.10544378 recon=0.00015008
[hyperbolic] global_step=38192/72000 local_updates=9548 loss=0.10740983 recon=0.00013591
[hyperbolic] global_step=38248/72000 local_updates=9562 loss=0.10572445 recon=0.00015574
[hyperbolic] global_step=38312/72000 local_updates=9578 loss=0.10838205 recon=0.00015842
[hyperbolic] global_step=38372/72000 local_updates=9593 loss=0.10517656 recon=0.00016227
[hyperbolic] global_step=38428/72000 local_updates=9607 loss=0.10735010 recon=0.00016491
[hyperbolic] global_step=38484/72000 local_updates=9621 loss=0.10797806 recon=0.00015421
[hyperbolic] global_step=38544/72000 local_updates=9636 loss=0.10956759 recon=0.00014650
[hyperbolic] global_step=38604/72000 local_updates=9651 loss=0.10990524 recon=0.00016272
[hyperbolic] global_step=38668/72000 local_updates=9667 loss=0.10710576 recon=0.00015831
[hyperbolic] global_step=38728/72000 local_updates=9682 loss=0.10733440 recon=0.00014409
[hyperbolic] global_step=38784/72000 local_updates=9696 loss=0.10474227 recon=0.00015799
[hyperbolic] global_step=38844/72000 local_updates=9711 loss=0.10592371 recon=0.00016276
[hyperbolic] global_step=38900/72000 local_updates=9725 loss=0.10780299 recon=0.00015359
[hyperbolic] global_step=38956/72000 local_updates=9739 loss=0.10518571 recon=0.00015506
[hyperbolic] global_step=39016/72000 local_updates=9754 loss=0.10517800 recon=0.00014442
[hyperbolic] global_step=39076/72000 local_updates=9769 loss=0.10734432 recon=0.00016723
[hyperbolic] global_step=39136/72000 local_updates=9784 loss=0.10608110 recon=0.00013842
[hyperbolic] global_step=39192/72000 local_updates=9798 loss=0.10741703 recon=0.00015513
[hyperbolic] global_step=39248/72000 local_updates=9812 loss=0.10829536 recon=0.00016211
[hyperbolic] global_step=39312/72000 local_updates=9828 loss=0.10658696 recon=0.00016429
[hyperbolic] global_step=39372/72000 local_updates=9843 loss=0.10678114 recon=0.00014547
[hyperbolic] global_step=39432/72000 local_updates=9858 loss=0.10544246 recon=0.00014123
[hyperbolic] global_step=39492/72000 local_updates=9873 loss=0.10668461 recon=0.00013955
[hyperbolic] global_step=39552/72000 local_updates=9888 loss=0.10503985 recon=0.00015176
[hyperbolic] global_step=39612/72000 local_updates=9903 loss=0.10388966 recon=0.00015503
[hyperbolic] global_step=39672/72000 local_updates=9918 loss=0.10510820 recon=0.00015206
[hyperbolic] global_step=39728/72000 local_updates=9932 loss=0.10745432 recon=0.00017005
[hyperbolic] global_step=39784/72000 local_updates=9946 loss=0.10539100 recon=0.00015245
[hyperbolic] global_step=39844/72000 local_updates=9961 loss=0.10799176 recon=0.00015037
[hyperbolic] global_step=39900/72000 local_updates=9975 loss=0.10707475 recon=0.00015079
[hyperbolic] global_step=39960/72000 local_updates=9990 loss=0.10805634 recon=0.00014850
[hyperbolic] global_step=40000/72000 loss=0.10652756 recon=0.00015293 c=[1.0, 1.0, 1.0] epsilon=[0.003, 0.003, 0.003] raw_unique=24550/24587 collision=0.001505 behaviour=0.18871204 codebook_used=[256, 256, 256]
[hyperbolic] global_step=40060/72000 local_updates=10015 loss=0.10452065 recon=0.00013101
[hyperbolic] global_step=40124/72000 local_updates=10031 loss=0.10371880 recon=0.00013367
[hyperbolic] global_step=40184/72000 local_updates=10046 loss=0.10458298 recon=0.00014549
[hyperbolic] global_step=40244/72000 local_updates=10061 loss=0.10755865 recon=0.00015675
[hyperbolic] global_step=40300/72000 local_updates=10075 loss=0.10380293 recon=0.00014868
[hyperbolic] global_step=40360/72000 local_updates=10090 loss=0.10806794 recon=0.00016554
[hyperbolic] global_step=40424/72000 local_updates=10106 loss=0.10815962 recon=0.00016399
[hyperbolic] global_step=40484/72000 local_updates=10121 loss=0.10831489 recon=0.00015403
[hyperbolic] global_step=40548/72000 local_updates=10137 loss=0.10725374 recon=0.00014554
[hyperbolic] global_step=40612/72000 local_updates=10153 loss=0.10659725 recon=0.00015508
[hyperbolic] global_step=40672/72000 local_updates=10168 loss=0.10623501 recon=0.00013992
[hyperbolic] global_step=40732/72000 local_updates=10183 loss=0.10558657 recon=0.00014991
[hyperbolic] global_step=40792/72000 local_updates=10198 loss=0.10507949 recon=0.00014827
[hyperbolic] global_step=40852/72000 local_updates=10213 loss=0.10547745 recon=0.00015210
[hyperbolic] global_step=40912/72000 local_updates=10228 loss=0.10703884 recon=0.00014514
[hyperbolic] global_step=40972/72000 local_updates=10243 loss=0.10556712 recon=0.00016495
[hyperbolic] global_step=41032/72000 local_updates=10258 loss=0.10693309 recon=0.00015642
[hyperbolic] global_step=41096/72000 local_updates=10274 loss=0.10480179 recon=0.00015398
[hyperbolic] global_step=41160/72000 local_updates=10290 loss=0.10751896 recon=0.00015393
[hyperbolic] global_step=41220/72000 local_updates=10305 loss=0.10686594 recon=0.00016562
[hyperbolic] global_step=41280/72000 local_updates=10320 loss=0.10829714 recon=0.00013937
[hyperbolic] global_step=41344/72000 local_updates=10336 loss=0.10681494 recon=0.00016155
[hyperbolic] global_step=41404/72000 local_updates=10351 loss=0.10605881 recon=0.00014978
[hyperbolic] global_step=41464/72000 local_updates=10366 loss=0.10586274 recon=0.00015224
[hyperbolic] global_step=41528/72000 local_updates=10382 loss=0.10815825 recon=0.00017209
[hyperbolic] global_step=41588/72000 local_updates=10397 loss=0.10624993 recon=0.00015229
[hyperbolic] global_step=41648/72000 local_updates=10412 loss=0.10594779 recon=0.00015139
[hyperbolic] global_step=41712/72000 local_updates=10428 loss=0.10718286 recon=0.00015308
[hyperbolic] global_step=41772/72000 local_updates=10443 loss=0.10537794 recon=0.00015698
[hyperbolic] global_step=41832/72000 local_updates=10458 loss=0.10577182 recon=0.00017024
[hyperbolic] global_step=41888/72000 local_updates=10472 loss=0.10808411 recon=0.00014872
[hyperbolic] global_step=41944/72000 local_updates=10486 loss=0.10519721 recon=0.00015542
[hyperbolic] global_step=42004/72000 local_updates=10501 loss=0.10617705 recon=0.00019041
[hyperbolic] global_step=42064/72000 local_updates=10516 loss=0.10680652 recon=0.00015456
[hyperbolic] global_step=42124/72000 local_updates=10531 loss=0.10706259 recon=0.00015311
[hyperbolic] global_step=42188/72000 local_updates=10547 loss=0.10462768 recon=0.00014882
[hyperbolic] global_step=42248/72000 local_updates=10562 loss=0.10423551 recon=0.00014978
[hyperbolic] global_step=42308/72000 local_updates=10577 loss=0.10567950 recon=0.00015389
[hyperbolic] global_step=42368/72000 local_updates=10592 loss=0.10729472 recon=0.00015059
[hyperbolic] global_step=42424/72000 local_updates=10606 loss=0.10569127 recon=0.00017132
[hyperbolic] global_step=42484/72000 local_updates=10621 loss=0.10715614 recon=0.00014077
[hyperbolic] global_step=42544/72000 local_updates=10636 loss=0.10757497 recon=0.00016430
[hyperbolic] global_step=42604/72000 local_updates=10651 loss=0.10814460 recon=0.00016788
[hyperbolic] global_step=42664/72000 local_updates=10666 loss=0.10392059 recon=0.00015757
[hyperbolic] global_step=42724/72000 local_updates=10681 loss=0.10827117 recon=0.00015097
[hyperbolic] global_step=42784/72000 local_updates=10696 loss=0.10607282 recon=0.00013668
[hyperbolic] global_step=42844/72000 local_updates=10711 loss=0.10385154 recon=0.00013729
[hyperbolic] global_step=42900/72000 local_updates=10725 loss=0.10804322 recon=0.00016498
[hyperbolic] global_step=42960/72000 local_updates=10740 loss=0.10671725 recon=0.00016366
[hyperbolic] global_step=43020/72000 local_updates=10755 loss=0.10732498 recon=0.00015616
[hyperbolic] global_step=43084/72000 local_updates=10771 loss=0.10586217 recon=0.00014711
[hyperbolic] global_step=43144/72000 local_updates=10786 loss=0.10589822 recon=0.00013089
[hyperbolic] global_step=43204/72000 local_updates=10801 loss=0.10524064 recon=0.00015296
[hyperbolic] global_step=43264/72000 local_updates=10816 loss=0.10618854 recon=0.00016460
[hyperbolic] global_step=43324/72000 local_updates=10831 loss=0.10428559 recon=0.00015518
[hyperbolic] global_step=43388/72000 local_updates=10847 loss=0.10654166 recon=0.00016124
[hyperbolic] global_step=43448/72000 local_updates=10862 loss=0.10655487 recon=0.00015795
[hyperbolic] global_step=43508/72000 local_updates=10877 loss=0.10767381 recon=0.00014507
[hyperbolic] global_step=43568/72000 local_updates=10892 loss=0.10639453 recon=0.00016337
[hyperbolic] global_step=43628/72000 local_updates=10907 loss=0.10520142 recon=0.00016358
[hyperbolic] global_step=43688/72000 local_updates=10922 loss=0.10614762 recon=0.00017150
[hyperbolic] global_step=43748/72000 local_updates=10937 loss=0.10650566 recon=0.00015944
[hyperbolic] global_step=43812/72000 local_updates=10953 loss=0.10525848 recon=0.00015329
[hyperbolic] global_step=43876/72000 local_updates=10969 loss=0.10770991 recon=0.00015360
[hyperbolic] global_step=43936/72000 local_updates=10984 loss=0.10584798 recon=0.00014488
[hyperbolic] global_step=44000/72000 local_updates=11000 loss=0.10509283 recon=0.00014544
[hyperbolic] global_step=44060/72000 local_updates=11015 loss=0.10753476 recon=0.00014426
[hyperbolic] global_step=44120/72000 local_updates=11030 loss=0.10559922 recon=0.00015855
[hyperbolic] global_step=44180/72000 local_updates=11045 loss=0.10616088 recon=0.00014924
[hyperbolic] global_step=44240/72000 local_updates=11060 loss=0.10664467 recon=0.00013818
[hyperbolic] global_step=44296/72000 local_updates=11074 loss=0.10507158 recon=0.00014047
[hyperbolic] global_step=44356/72000 local_updates=11089 loss=0.10803493 recon=0.00014292
[hyperbolic] global_step=44416/72000 local_updates=11104 loss=0.10400484 recon=0.00013627
[hyperbolic] global_step=44476/72000 local_updates=11119 loss=0.10315647 recon=0.00014479
[hyperbolic] global_step=44536/72000 local_updates=11134 loss=0.10735436 recon=0.00013630
[hyperbolic] global_step=44596/72000 local_updates=11149 loss=0.10722246 recon=0.00014439
[hyperbolic] global_step=44660/72000 local_updates=11165 loss=0.10546618 recon=0.00014749
[hyperbolic] global_step=44720/72000 local_updates=11180 loss=0.10627594 recon=0.00015592
[hyperbolic] global_step=44780/72000 local_updates=11195 loss=0.10611326 recon=0.00014634
[hyperbolic] global_step=44844/72000 local_updates=11211 loss=0.10434441 recon=0.00014500
[hyperbolic] global_step=44904/72000 local_updates=11226 loss=0.10752159 recon=0.00013320
[hyperbolic] global_step=44968/72000 local_updates=11242 loss=0.10499136 recon=0.00016800
[hyperbolic] global_step=45028/72000 local_updates=11257 loss=0.10602762 recon=0.00014004
[hyperbolic] global_step=45088/72000 local_updates=11272 loss=0.10632938 recon=0.00014402
[hyperbolic] global_step=45148/72000 local_updates=11287 loss=0.10393397 recon=0.00013945
[hyperbolic] global_step=45208/72000 local_updates=11302 loss=0.10842473 recon=0.00015701
[hyperbolic] global_step=45272/72000 local_updates=11318 loss=0.10757283 recon=0.00015267
[hyperbolic] global_step=45336/72000 local_updates=11334 loss=0.10626584 recon=0.00014040
[hyperbolic] global_step=45400/72000 local_updates=11350 loss=0.10449348 recon=0.00016335
[hyperbolic] global_step=45460/72000 local_updates=11365 loss=0.10744879 recon=0.00016178
[hyperbolic] global_step=45520/72000 local_updates=11380 loss=0.10562194 recon=0.00015863
[hyperbolic] global_step=45580/72000 local_updates=11395 loss=0.10430309 recon=0.00016368
[hyperbolic] global_step=45640/72000 local_updates=11410 loss=0.10680006 recon=0.00015209
[hyperbolic] global_step=45700/72000 local_updates=11425 loss=0.10714740 recon=0.00012548
[hyperbolic] global_step=45764/72000 local_updates=11441 loss=0.10529813 recon=0.00015161
[hyperbolic] global_step=45820/72000 local_updates=11455 loss=0.10648731 recon=0.00015755
[hyperbolic] global_step=45880/72000 local_updates=11470 loss=0.10792845 recon=0.00016119
[hyperbolic] global_step=45940/72000 local_updates=11485 loss=0.10733937 recon=0.00015374
[hyperbolic] global_step=46004/72000 local_updates=11501 loss=0.10448278 recon=0.00015799
[hyperbolic] global_step=46068/72000 local_updates=11517 loss=0.10569081 recon=0.00014100
[hyperbolic] global_step=46132/72000 local_updates=11533 loss=0.10680152 recon=0.00013269
[hyperbolic] global_step=46184/72000 local_updates=11546 loss=0.10171098 recon=0.00013742
[hyperbolic] global_step=46248/72000 local_updates=11562 loss=0.10773066 recon=0.00015245
[hyperbolic] global_step=46312/72000 local_updates=11578 loss=0.10609159 recon=0.00015211
[hyperbolic] global_step=46372/72000 local_updates=11593 loss=0.10685467 recon=0.00015018
[hyperbolic] global_step=46432/72000 local_updates=11608 loss=0.10613079 recon=0.00014944
[hyperbolic] global_step=46492/72000 local_updates=11623 loss=0.10660888 recon=0.00017090
[hyperbolic] global_step=46552/72000 local_updates=11638 loss=0.10711585 recon=0.00015253
[hyperbolic] global_step=46612/72000 local_updates=11653 loss=0.10643529 recon=0.00015215
[hyperbolic] global_step=46676/72000 local_updates=11669 loss=0.10551991 recon=0.00013677
[hyperbolic] global_step=46740/72000 local_updates=11685 loss=0.10544145 recon=0.00014927
[hyperbolic] global_step=46800/72000 local_updates=11700 loss=0.10544565 recon=0.00015556
[hyperbolic] global_step=46864/72000 local_updates=11716 loss=0.10515606 recon=0.00016894
[hyperbolic] global_step=46920/72000 local_updates=11730 loss=0.10365600 recon=0.00014260
[hyperbolic] global_step=46980/72000 local_updates=11745 loss=0.10549441 recon=0.00013601
[hyperbolic] global_step=47044/72000 local_updates=11761 loss=0.10871086 recon=0.00014630
[hyperbolic] global_step=47104/72000 local_updates=11776 loss=0.10434176 recon=0.00013990
[hyperbolic] global_step=47164/72000 local_updates=11791 loss=0.10597172 recon=0.00015326
[hyperbolic] global_step=47228/72000 local_updates=11807 loss=0.10572083 recon=0.00014647
[hyperbolic] global_step=47288/72000 local_updates=11822 loss=0.10641589 recon=0.00013848
[hyperbolic] global_step=47348/72000 local_updates=11837 loss=0.10840653 recon=0.00015116
[hyperbolic] global_step=47408/72000 local_updates=11852 loss=0.10604499 recon=0.00015131
[hyperbolic] global_step=47468/72000 local_updates=11867 loss=0.10663193 recon=0.00017495
[hyperbolic] global_step=47528/72000 local_updates=11882 loss=0.10468878 recon=0.00014840
[hyperbolic] global_step=47592/72000 local_updates=11898 loss=0.10543499 recon=0.00014779
[hyperbolic] global_step=47652/72000 local_updates=11913 loss=0.10582468 recon=0.00015709
[hyperbolic] global_step=47712/72000 local_updates=11928 loss=0.10557862 recon=0.00014911
[hyperbolic] global_step=47772/72000 local_updates=11943 loss=0.10599203 recon=0.00016111
[hyperbolic] global_step=47836/72000 local_updates=11959 loss=0.10869227 recon=0.00016063
[hyperbolic] global_step=47900/72000 local_updates=11975 loss=0.10396063 recon=0.00014186
[hyperbolic] global_step=47960/72000 local_updates=11990 loss=0.10528152 recon=0.00014470
[hyperbolic] global_step=48020/72000 local_updates=12005 loss=0.10572444 recon=0.00014943
[hyperbolic] global_step=48080/72000 local_updates=12020 loss=0.10640818 recon=0.00016865
[hyperbolic] global_step=48140/72000 local_updates=12035 loss=0.10531306 recon=0.00014628
[hyperbolic] global_step=48200/72000 local_updates=12050 loss=0.10629818 recon=0.00016103
[hyperbolic] global_step=48264/72000 local_updates=12066 loss=0.10571318 recon=0.00015198
[hyperbolic] global_step=48324/72000 local_updates=12081 loss=0.10460062 recon=0.00015121
[hyperbolic] global_step=48388/72000 local_updates=12097 loss=0.10540823 recon=0.00014502
[hyperbolic] global_step=48444/72000 local_updates=12111 loss=0.10827665 recon=0.00015532
[hyperbolic] global_step=48504/72000 local_updates=12126 loss=0.10733777 recon=0.00015530
[hyperbolic] global_step=48564/72000 local_updates=12141 loss=0.10840774 recon=0.00014878
[hyperbolic] global_step=48624/72000 local_updates=12156 loss=0.10712805 recon=0.00015261
[hyperbolic] global_step=48680/72000 local_updates=12170 loss=0.10615034 recon=0.00014871
[hyperbolic] global_step=48744/72000 local_updates=12186 loss=0.10826992 recon=0.00014745
[hyperbolic] global_step=48808/72000 local_updates=12202 loss=0.10607935 recon=0.00016423
[hyperbolic] global_step=48868/72000 local_updates=12217 loss=0.10588528 recon=0.00016061
[hyperbolic] global_step=48928/72000 local_updates=12232 loss=0.10551855 recon=0.00015380
[hyperbolic] global_step=48992/72000 local_updates=12248 loss=0.10688813 recon=0.00014336
[hyperbolic] global_step=49056/72000 local_updates=12264 loss=0.10607120 recon=0.00015047
[hyperbolic] global_step=49116/72000 local_updates=12279 loss=0.10881669 recon=0.00014238
[hyperbolic] global_step=49180/72000 local_updates=12295 loss=0.10596235 recon=0.00015530
[hyperbolic] global_step=49240/72000 local_updates=12310 loss=0.10550919 recon=0.00015922
[hyperbolic] global_step=49300/72000 local_updates=12325 loss=0.10592340 recon=0.00015260
[hyperbolic] global_step=49360/72000 local_updates=12340 loss=0.10736797 recon=0.00015271
[hyperbolic] global_step=49420/72000 local_updates=12355 loss=0.10689074 recon=0.00015577
[hyperbolic] global_step=49484/72000 local_updates=12371 loss=0.10642184 recon=0.00015106
[hyperbolic] global_step=49544/72000 local_updates=12386 loss=0.10789958 recon=0.00016688
[hyperbolic] global_step=49604/72000 local_updates=12401 loss=0.10605307 recon=0.00018009
[hyperbolic] global_step=49668/72000 local_updates=12417 loss=0.10726319 recon=0.00016670
[hyperbolic] global_step=49732/72000 local_updates=12433 loss=0.10686788 recon=0.00017817
[hyperbolic] global_step=49792/72000 local_updates=12448 loss=0.10606766 recon=0.00014730
[hyperbolic] global_step=49856/72000 local_updates=12464 loss=0.10374787 recon=0.00014524
[hyperbolic] global_step=49916/72000 local_updates=12479 loss=0.10939150 recon=0.00015228
[hyperbolic] global_step=49980/72000 local_updates=12495 loss=0.10482605 recon=0.00015113
[hyperbolic] global_step=50000/72000 loss=0.10617797 recon=0.00015178 c=[1.0, 1.0, 1.0] epsilon=[0.003, 0.003, 0.003] raw_unique=24554/24587 collision=0.001342 behaviour=0.18567521 codebook_used=[256, 256, 256]
[hyperbolic] global_step=50060/72000 local_updates=12515 loss=0.10490476 recon=0.00015179
[hyperbolic] global_step=50124/72000 local_updates=12531 loss=0.10555366 recon=0.00014910
[hyperbolic] global_step=50184/72000 local_updates=12546 loss=0.10592709 recon=0.00016057
[hyperbolic] global_step=50248/72000 local_updates=12562 loss=0.10676896 recon=0.00014536
[hyperbolic] global_step=50312/72000 local_updates=12578 loss=0.10624341 recon=0.00015238
[hyperbolic] global_step=50372/72000 local_updates=12593 loss=0.10485445 recon=0.00014941
[hyperbolic] global_step=50436/72000 local_updates=12609 loss=0.10681467 recon=0.00015566
[hyperbolic] global_step=50496/72000 local_updates=12624 loss=0.10662274 recon=0.00014650
[hyperbolic] global_step=50556/72000 local_updates=12639 loss=0.10599348 recon=0.00015137
[hyperbolic] global_step=50624/72000 local_updates=12656 loss=0.10506204 recon=0.00014935
[hyperbolic] global_step=50684/72000 local_updates=12671 loss=0.10704357 recon=0.00017282
[hyperbolic] global_step=50744/72000 local_updates=12686 loss=0.10669789 recon=0.00014563
[hyperbolic] global_step=50808/72000 local_updates=12702 loss=0.10697402 recon=0.00015392
[hyperbolic] global_step=50872/72000 local_updates=12718 loss=0.10604347 recon=0.00016649
[hyperbolic] global_step=50932/72000 local_updates=12733 loss=0.10383362 recon=0.00015550
[hyperbolic] global_step=50992/72000 local_updates=12748 loss=0.10555202 recon=0.00015311
[hyperbolic] global_step=51052/72000 local_updates=12763 loss=0.10517451 recon=0.00014891
[hyperbolic] global_step=51112/72000 local_updates=12778 loss=0.10617685 recon=0.00014676
[hyperbolic] global_step=51172/72000 local_updates=12793 loss=0.10455108 recon=0.00013714
[hyperbolic] global_step=51236/72000 local_updates=12809 loss=0.10531864 recon=0.00016351
[hyperbolic] global_step=51296/72000 local_updates=12824 loss=0.10804273 recon=0.00014819
[hyperbolic] global_step=51360/72000 local_updates=12840 loss=0.10618539 recon=0.00014030
[hyperbolic] global_step=51420/72000 local_updates=12855 loss=0.10821758 recon=0.00015898
[hyperbolic] global_step=51480/72000 local_updates=12870 loss=0.10272710 recon=0.00013931
[hyperbolic] global_step=51536/72000 local_updates=12884 loss=0.10367872 recon=0.00014455
[hyperbolic] global_step=51600/72000 local_updates=12900 loss=0.10539343 recon=0.00015323
[hyperbolic] global_step=51660/72000 local_updates=12915 loss=0.10554142 recon=0.00015285
[hyperbolic] global_step=51720/72000 local_updates=12930 loss=0.10427928 recon=0.00014293
[hyperbolic] global_step=51780/72000 local_updates=12945 loss=0.10573497 recon=0.00015341
[hyperbolic] global_step=51844/72000 local_updates=12961 loss=0.10666370 recon=0.00014815
[hyperbolic] global_step=51900/72000 local_updates=12975 loss=0.10555705 recon=0.00012964
[hyperbolic] global_step=51964/72000 local_updates=12991 loss=0.10783467 recon=0.00014228
[hyperbolic] global_step=52024/72000 local_updates=13006 loss=0.10695777 recon=0.00014765
[hyperbolic] global_step=52084/72000 local_updates=13021 loss=0.10833953 recon=0.00015611
[hyperbolic] global_step=52152/72000 local_updates=13038 loss=0.10543886 recon=0.00013713
[hyperbolic] global_step=52212/72000 local_updates=13053 loss=0.10730866 recon=0.00015225
[hyperbolic] global_step=52268/72000 local_updates=13067 loss=0.10641166 recon=0.00013685
[hyperbolic] global_step=52328/72000 local_updates=13082 loss=0.10453618 recon=0.00015147
[hyperbolic] global_step=52388/72000 local_updates=13097 loss=0.10733306 recon=0.00014326
[hyperbolic] global_step=52448/72000 local_updates=13112 loss=0.10808383 recon=0.00015155
[hyperbolic] global_step=52508/72000 local_updates=13127 loss=0.10669903 recon=0.00016119
[hyperbolic] global_step=52568/72000 local_updates=13142 loss=0.10609797 recon=0.00014784
[hyperbolic] global_step=52628/72000 local_updates=13157 loss=0.10747322 recon=0.00015185
[hyperbolic] global_step=52684/72000 local_updates=13171 loss=0.10691211 recon=0.00016196
[hyperbolic] global_step=52748/72000 local_updates=13187 loss=0.10696770 recon=0.00016936
[hyperbolic] global_step=52808/72000 local_updates=13202 loss=0.10574661 recon=0.00016378
[hyperbolic] global_step=52872/72000 local_updates=13218 loss=0.10323180 recon=0.00015880
[hyperbolic] global_step=52932/72000 local_updates=13233 loss=0.10588632 recon=0.00014772
[hyperbolic] global_step=52996/72000 local_updates=13249 loss=0.10632202 recon=0.00014595
[hyperbolic] global_step=53056/72000 local_updates=13264 loss=0.10708298 recon=0.00015304
[hyperbolic] global_step=53120/72000 local_updates=13280 loss=0.10838883 recon=0.00015398
[hyperbolic] global_step=53188/72000 local_updates=13297 loss=0.10479881 recon=0.00015606
[hyperbolic] global_step=53248/72000 local_updates=13312 loss=0.10659515 recon=0.00014652
[hyperbolic] global_step=53316/72000 local_updates=13329 loss=0.10568011 recon=0.00015768
[hyperbolic] global_step=53376/72000 local_updates=13344 loss=0.10620732 recon=0.00014933
[hyperbolic] global_step=53440/72000 local_updates=13360 loss=0.10613261 recon=0.00014301
[hyperbolic] global_step=53500/72000 local_updates=13375 loss=0.10442721 recon=0.00014549
[hyperbolic] global_step=53564/72000 local_updates=13391 loss=0.10641922 recon=0.00015468
[hyperbolic] global_step=53624/72000 local_updates=13406 loss=0.10401444 recon=0.00015654
[hyperbolic] global_step=53688/72000 local_updates=13422 loss=0.10601269 recon=0.00015198
[hyperbolic] global_step=53752/72000 local_updates=13438 loss=0.10708649 recon=0.00014836
[hyperbolic] global_step=53812/72000 local_updates=13453 loss=0.10554844 recon=0.00015572
[hyperbolic] global_step=53876/72000 local_updates=13469 loss=0.10442001 recon=0.00015285
[hyperbolic] global_step=53936/72000 local_updates=13484 loss=0.10256351 recon=0.00013595
[hyperbolic] global_step=53996/72000 local_updates=13499 loss=0.10488284 recon=0.00014713
[hyperbolic] global_step=54056/72000 local_updates=13514 loss=0.10793123 recon=0.00014798
[hyperbolic] global_step=54116/72000 local_updates=13529 loss=0.10701702 recon=0.00016838
[hyperbolic] global_step=54176/72000 local_updates=13544 loss=0.10915547 recon=0.00015774
[hyperbolic] global_step=54236/72000 local_updates=13559 loss=0.10751960 recon=0.00014600
[hyperbolic] global_step=54300/72000 local_updates=13575 loss=0.10216188 recon=0.00014426
[hyperbolic] global_step=54364/72000 local_updates=13591 loss=0.10806709 recon=0.00014601
[hyperbolic] global_step=54420/72000 local_updates=13605 loss=0.10534196 recon=0.00014539
[hyperbolic] global_step=54484/72000 local_updates=13621 loss=0.10560866 recon=0.00015040
[hyperbolic] global_step=54548/72000 local_updates=13637 loss=0.10634135 recon=0.00014584
[hyperbolic] global_step=54608/72000 local_updates=13652 loss=0.10649577 recon=0.00015302
[hyperbolic] global_step=54672/72000 local_updates=13668 loss=0.10654970 recon=0.00016037
[hyperbolic] global_step=54732/72000 local_updates=13683 loss=0.10409251 recon=0.00014381
[hyperbolic] global_step=54792/72000 local_updates=13698 loss=0.10706594 recon=0.00014012
[hyperbolic] global_step=54852/72000 local_updates=13713 loss=0.10387477 recon=0.00014404
[hyperbolic] global_step=54912/72000 local_updates=13728 loss=0.10496731 recon=0.00016294
[hyperbolic] global_step=54976/72000 local_updates=13744 loss=0.10621750 recon=0.00015993
[hyperbolic] global_step=55032/72000 local_updates=13758 loss=0.10623635 recon=0.00015846
[hyperbolic] global_step=55096/72000 local_updates=13774 loss=0.10520521 recon=0.00017333
[hyperbolic] global_step=55156/72000 local_updates=13789 loss=0.10769843 recon=0.00015468
[hyperbolic] global_step=55220/72000 local_updates=13805 loss=0.10654620 recon=0.00015736
[hyperbolic] global_step=55280/72000 local_updates=13820 loss=0.10685575 recon=0.00015628
[hyperbolic] global_step=55340/72000 local_updates=13835 loss=0.10805602 recon=0.00016791
[hyperbolic] global_step=55400/72000 local_updates=13850 loss=0.10726077 recon=0.00013764
[hyperbolic] global_step=55464/72000 local_updates=13866 loss=0.10511257 recon=0.00016285
[hyperbolic] global_step=55524/72000 local_updates=13881 loss=0.10440925 recon=0.00016006
[hyperbolic] global_step=55584/72000 local_updates=13896 loss=0.10500600 recon=0.00015038
[hyperbolic] global_step=55648/72000 local_updates=13912 loss=0.10659518 recon=0.00014492
[hyperbolic] global_step=55708/72000 local_updates=13927 loss=0.10699189 recon=0.00015900
[hyperbolic] global_step=55772/72000 local_updates=13943 loss=0.10640443 recon=0.00015083
[hyperbolic] global_step=55832/72000 local_updates=13958 loss=0.10540104 recon=0.00016121
[hyperbolic] global_step=55892/72000 local_updates=13973 loss=0.10853513 recon=0.00015839
[hyperbolic] global_step=55956/72000 local_updates=13989 loss=0.10604246 recon=0.00015538
[hyperbolic] global_step=56020/72000 local_updates=14005 loss=0.10549138 recon=0.00016111
[hyperbolic] global_step=56080/72000 local_updates=14020 loss=0.10570906 recon=0.00015147
[hyperbolic] global_step=56140/72000 local_updates=14035 loss=0.10583511 recon=0.00015905
[hyperbolic] global_step=56204/72000 local_updates=14051 loss=0.10598767 recon=0.00014570
[hyperbolic] global_step=56272/72000 local_updates=14068 loss=0.10669113 recon=0.00017149
[hyperbolic] global_step=56336/72000 local_updates=14084 loss=0.10426752 recon=0.00013079
[hyperbolic] global_step=56400/72000 local_updates=14100 loss=0.10785544 recon=0.00015409
[hyperbolic] global_step=56460/72000 local_updates=14115 loss=0.10604863 recon=0.00015256
[hyperbolic] global_step=56528/72000 local_updates=14132 loss=0.10680783 recon=0.00013106
[hyperbolic] global_step=56592/72000 local_updates=14148 loss=0.10535061 recon=0.00015434
[hyperbolic] global_step=56656/72000 local_updates=14164 loss=0.10577212 recon=0.00016045
[hyperbolic] global_step=56716/72000 local_updates=14179 loss=0.10616346 recon=0.00015239
[hyperbolic] global_step=56780/72000 local_updates=14195 loss=0.10492879 recon=0.00015727
[hyperbolic] global_step=56844/72000 local_updates=14211 loss=0.10455698 recon=0.00016688
[hyperbolic] global_step=56908/72000 local_updates=14227 loss=0.10473468 recon=0.00016404
[hyperbolic] global_step=56968/72000 local_updates=14242 loss=0.10547648 recon=0.00013998
[hyperbolic] global_step=57028/72000 local_updates=14257 loss=0.10779648 recon=0.00014715
[hyperbolic] global_step=57092/72000 local_updates=14273 loss=0.10495569 recon=0.00015217
[hyperbolic] global_step=57152/72000 local_updates=14288 loss=0.10723539 recon=0.00013376
[hyperbolic] global_step=57212/72000 local_updates=14303 loss=0.10484085 recon=0.00015005
[hyperbolic] global_step=57280/72000 local_updates=14320 loss=0.10704543 recon=0.00014727
[hyperbolic] global_step=57344/72000 local_updates=14336 loss=0.10759765 recon=0.00016262
[hyperbolic] global_step=57408/72000 local_updates=14352 loss=0.10583101 recon=0.00015113
[hyperbolic] global_step=57472/72000 local_updates=14368 loss=0.10734966 recon=0.00014067
[hyperbolic] global_step=57536/72000 local_updates=14384 loss=0.10629723 recon=0.00014336
[hyperbolic] global_step=57596/72000 local_updates=14399 loss=0.10549507 recon=0.00014623
[hyperbolic] global_step=57656/72000 local_updates=14414 loss=0.10603638 recon=0.00012825
[hyperbolic] global_step=57716/72000 local_updates=14429 loss=0.10392177 recon=0.00014655
[hyperbolic] global_step=57780/72000 local_updates=14445 loss=0.10503732 recon=0.00014148
[hyperbolic] global_step=57840/72000 local_updates=14460 loss=0.10830993 recon=0.00013284
[hyperbolic] global_step=57904/72000 local_updates=14476 loss=0.10694127 recon=0.00015657
[hyperbolic] global_step=57968/72000 local_updates=14492 loss=0.10597747 recon=0.00014670
[hyperbolic] global_step=58036/72000 local_updates=14509 loss=0.10689788 recon=0.00016645
[hyperbolic] global_step=58096/72000 local_updates=14524 loss=0.10812953 recon=0.00014662
[hyperbolic] global_step=58160/72000 local_updates=14540 loss=0.10748358 recon=0.00014282
[hyperbolic] global_step=58224/72000 local_updates=14556 loss=0.10468285 recon=0.00014143
[hyperbolic] global_step=58284/72000 local_updates=14571 loss=0.10677656 recon=0.00015385
[hyperbolic] global_step=58344/72000 local_updates=14586 loss=0.10550205 recon=0.00015390
[hyperbolic] global_step=58404/72000 local_updates=14601 loss=0.10759390 recon=0.00015404
[hyperbolic] global_step=58468/72000 local_updates=14617 loss=0.10560515 recon=0.00014824
[hyperbolic] global_step=58528/72000 local_updates=14632 loss=0.10534616 recon=0.00016026
[hyperbolic] global_step=58592/72000 local_updates=14648 loss=0.10648957 recon=0.00014193
[hyperbolic] global_step=58656/72000 local_updates=14664 loss=0.10675497 recon=0.00013894
[hyperbolic] global_step=58716/72000 local_updates=14679 loss=0.10422781 recon=0.00016322
[hyperbolic] global_step=58780/72000 local_updates=14695 loss=0.10672396 recon=0.00015991
[hyperbolic] global_step=58848/72000 local_updates=14712 loss=0.10493161 recon=0.00016805
[hyperbolic] global_step=58912/72000 local_updates=14728 loss=0.10376921 recon=0.00014270
[hyperbolic] global_step=58972/72000 local_updates=14743 loss=0.10513981 recon=0.00013809
[hyperbolic] global_step=59036/72000 local_updates=14759 loss=0.10555054 recon=0.00015705
[hyperbolic] global_step=59096/72000 local_updates=14774 loss=0.10481821 recon=0.00014760
[hyperbolic] global_step=59160/72000 local_updates=14790 loss=0.10666732 recon=0.00013444
[hyperbolic] global_step=59224/72000 local_updates=14806 loss=0.10653089 recon=0.00016663
[hyperbolic] global_step=59284/72000 local_updates=14821 loss=0.10602072 recon=0.00015155
[hyperbolic] global_step=59348/72000 local_updates=14837 loss=0.10596394 recon=0.00014553
[hyperbolic] global_step=59412/72000 local_updates=14853 loss=0.10709611 recon=0.00013379
[hyperbolic] global_step=59472/72000 local_updates=14868 loss=0.10493096 recon=0.00015688
[hyperbolic] global_step=59532/72000 local_updates=14883 loss=0.10584617 recon=0.00013590
[hyperbolic] global_step=59596/72000 local_updates=14899 loss=0.10663678 recon=0.00015189
[hyperbolic] global_step=59656/72000 local_updates=14914 loss=0.10603971 recon=0.00015066
[hyperbolic] global_step=59716/72000 local_updates=14929 loss=0.10610233 recon=0.00015212
[hyperbolic] global_step=59776/72000 local_updates=14944 loss=0.10462464 recon=0.00015624
[hyperbolic] global_step=59840/72000 local_updates=14960 loss=0.10930897 recon=0.00015526
[hyperbolic] global_step=59900/72000 local_updates=14975 loss=0.10631207 recon=0.00014191
[hyperbolic] global_step=59960/72000 local_updates=14990 loss=0.10641533 recon=0.00015531
[hyperbolic] global_step=60000/72000 loss=0.10594316 recon=0.00015101 c=[1.0, 1.0, 1.0] epsilon=[0.003, 0.003, 0.003] raw_unique=24549/24587 collision=0.001546 behaviour=0.18349300 codebook_used=[256, 256, 256]
[hyperbolic] global_step=60064/72000 local_updates=15016 loss=0.10502332 recon=0.00015864
[hyperbolic] global_step=60124/72000 local_updates=15031 loss=0.10539865 recon=0.00013816
[hyperbolic] global_step=60180/72000 local_updates=15045 loss=0.10666870 recon=0.00016072
[hyperbolic] global_step=60240/72000 local_updates=15060 loss=0.10513596 recon=0.00015532
[hyperbolic] global_step=60300/72000 local_updates=15075 loss=0.10411499 recon=0.00015251
[hyperbolic] global_step=60364/72000 local_updates=15091 loss=0.10382976 recon=0.00015122
[hyperbolic] global_step=60428/72000 local_updates=15107 loss=0.10393278 recon=0.00014601
[hyperbolic] global_step=60492/72000 local_updates=15123 loss=0.10435097 recon=0.00014455
[hyperbolic] global_step=60552/72000 local_updates=15138 loss=0.10615188 recon=0.00016300
[hyperbolic] global_step=60616/72000 local_updates=15154 loss=0.10591780 recon=0.00015876
[hyperbolic] global_step=60676/72000 local_updates=15169 loss=0.10752074 recon=0.00012636
[hyperbolic] global_step=60740/72000 local_updates=15185 loss=0.10823561 recon=0.00016825
[hyperbolic] global_step=60804/72000 local_updates=15201 loss=0.10733861 recon=0.00014703
[hyperbolic] global_step=60864/72000 local_updates=15216 loss=0.10636194 recon=0.00015234
[hyperbolic] global_step=60924/72000 local_updates=15231 loss=0.10479839 recon=0.00015660
[hyperbolic] global_step=60984/72000 local_updates=15246 loss=0.10739350 recon=0.00014651
[hyperbolic] global_step=61048/72000 local_updates=15262 loss=0.10389019 recon=0.00014067
[hyperbolic] global_step=61108/72000 local_updates=15277 loss=0.10636280 recon=0.00016137
[hyperbolic] global_step=61168/72000 local_updates=15292 loss=0.10672841 recon=0.00014247
[hyperbolic] global_step=61228/72000 local_updates=15307 loss=0.10578752 recon=0.00014304
[hyperbolic] global_step=61288/72000 local_updates=15322 loss=0.10607064 recon=0.00014801
[hyperbolic] global_step=61352/72000 local_updates=15338 loss=0.10584085 recon=0.00014911
[hyperbolic] global_step=61412/72000 local_updates=15353 loss=0.10662971 recon=0.00015271
[hyperbolic] global_step=61476/72000 local_updates=15369 loss=0.10482396 recon=0.00015386
[hyperbolic] global_step=61532/72000 local_updates=15383 loss=0.10768452 recon=0.00013517
[hyperbolic] global_step=61592/72000 local_updates=15398 loss=0.10722701 recon=0.00014364
[hyperbolic] global_step=61652/72000 local_updates=15413 loss=0.10587123 recon=0.00015413
[hyperbolic] global_step=61716/72000 local_updates=15429 loss=0.10596646 recon=0.00014025
[hyperbolic] global_step=61780/72000 local_updates=15445 loss=0.10511234 recon=0.00013887
[hyperbolic] global_step=61840/72000 local_updates=15460 loss=0.10746532 recon=0.00015562
[hyperbolic] global_step=61904/72000 local_updates=15476 loss=0.10547630 recon=0.00015510
[hyperbolic] global_step=61964/72000 local_updates=15491 loss=0.10512324 recon=0.00016652
[hyperbolic] global_step=62028/72000 local_updates=15507 loss=0.10595499 recon=0.00014551
[hyperbolic] global_step=62088/72000 local_updates=15522 loss=0.10558761 recon=0.00014020
[hyperbolic] global_step=62148/72000 local_updates=15537 loss=0.10672884 recon=0.00016065
[hyperbolic] global_step=62212/72000 local_updates=15553 loss=0.10489263 recon=0.00016271
[hyperbolic] global_step=62276/72000 local_updates=15569 loss=0.10533411 recon=0.00014469
[hyperbolic] global_step=62340/72000 local_updates=15585 loss=0.10512635 recon=0.00014655
[hyperbolic] global_step=62404/72000 local_updates=15601 loss=0.10398000 recon=0.00014615
[hyperbolic] global_step=62464/72000 local_updates=15616 loss=0.10695375 recon=0.00015545
[hyperbolic] global_step=62524/72000 local_updates=15631 loss=0.10729292 recon=0.00013960
[hyperbolic] global_step=62584/72000 local_updates=15646 loss=0.10590080 recon=0.00014820
[hyperbolic] global_step=62644/72000 local_updates=15661 loss=0.10630573 recon=0.00014820
[hyperbolic] global_step=62704/72000 local_updates=15676 loss=0.10573211 recon=0.00014617
[hyperbolic] global_step=62768/72000 local_updates=15692 loss=0.10604135 recon=0.00014675
[hyperbolic] global_step=62832/72000 local_updates=15708 loss=0.10536635 recon=0.00013316
[hyperbolic] global_step=62892/72000 local_updates=15723 loss=0.10860923 recon=0.00016834
[hyperbolic] global_step=62956/72000 local_updates=15739 loss=0.10468969 recon=0.00015011
[hyperbolic] global_step=63016/72000 local_updates=15754 loss=0.10620557 recon=0.00014168
[hyperbolic] global_step=63080/72000 local_updates=15770 loss=0.10745286 recon=0.00014391
[hyperbolic] global_step=63136/72000 local_updates=15784 loss=0.10503966 recon=0.00013972
[hyperbolic] global_step=63200/72000 local_updates=15800 loss=0.10529822 recon=0.00015932
[hyperbolic] global_step=63260/72000 local_updates=15815 loss=0.10628515 recon=0.00015276
[hyperbolic] global_step=63320/72000 local_updates=15830 loss=0.10610823 recon=0.00015963
[hyperbolic] global_step=63384/72000 local_updates=15846 loss=0.10538369 recon=0.00014803
[hyperbolic] global_step=63444/72000 local_updates=15861 loss=0.10519535 recon=0.00015674
[hyperbolic] global_step=63504/72000 local_updates=15876 loss=0.10735110 recon=0.00018049
[hyperbolic] global_step=63564/72000 local_updates=15891 loss=0.10651816 recon=0.00013949
[hyperbolic] global_step=63628/72000 local_updates=15907 loss=0.10569046 recon=0.00014520
[hyperbolic] global_step=63692/72000 local_updates=15923 loss=0.10502870 recon=0.00014952
[hyperbolic] global_step=63756/72000 local_updates=15939 loss=0.10669234 recon=0.00015250
[hyperbolic] global_step=63820/72000 local_updates=15955 loss=0.10591286 recon=0.00014256
[hyperbolic] global_step=63884/72000 local_updates=15971 loss=0.10454799 recon=0.00015407
[hyperbolic] global_step=63948/72000 local_updates=15987 loss=0.10720176 recon=0.00013519
[hyperbolic] global_step=64012/72000 local_updates=16003 loss=0.10462376 recon=0.00013998
[hyperbolic] global_step=64072/72000 local_updates=16018 loss=0.10736077 recon=0.00015686
[hyperbolic] global_step=64136/72000 local_updates=16034 loss=0.10478280 recon=0.00013901
[hyperbolic] global_step=64200/72000 local_updates=16050 loss=0.10620057 recon=0.00015733
[hyperbolic] global_step=64260/72000 local_updates=16065 loss=0.10458823 recon=0.00015358
[hyperbolic] global_step=64324/72000 local_updates=16081 loss=0.10423343 recon=0.00015458
[hyperbolic] global_step=64388/72000 local_updates=16097 loss=0.10458131 recon=0.00013332
[hyperbolic] global_step=64448/72000 local_updates=16112 loss=0.10395683 recon=0.00015702
[hyperbolic] global_step=64504/72000 local_updates=16126 loss=0.10519966 recon=0.00014810
[hyperbolic] global_step=64568/72000 local_updates=16142 loss=0.10652686 recon=0.00016456
[hyperbolic] global_step=64632/72000 local_updates=16158 loss=0.10599501 recon=0.00015093
[hyperbolic] global_step=64704/72000 local_updates=16176 loss=0.10771967 recon=0.00016163
[hyperbolic] global_step=64764/72000 local_updates=16191 loss=0.10673159 recon=0.00014267
[hyperbolic] global_step=64824/72000 local_updates=16206 loss=0.10756572 recon=0.00016436
[hyperbolic] global_step=64888/72000 local_updates=16222 loss=0.10581528 recon=0.00013905
[hyperbolic] global_step=64948/72000 local_updates=16237 loss=0.10629751 recon=0.00014653
[hyperbolic] global_step=65012/72000 local_updates=16253 loss=0.10770734 recon=0.00015465
[hyperbolic] global_step=65072/72000 local_updates=16268 loss=0.10729024 recon=0.00015313
[hyperbolic] global_step=65136/72000 local_updates=16284 loss=0.10726220 recon=0.00015577
[hyperbolic] global_step=65200/72000 local_updates=16300 loss=0.10677017 recon=0.00013743
[hyperbolic] global_step=65264/72000 local_updates=16316 loss=0.10591654 recon=0.00014994
[hyperbolic] global_step=65324/72000 local_updates=16331 loss=0.10700838 recon=0.00014787
[hyperbolic] global_step=65388/72000 local_updates=16347 loss=0.10687925 recon=0.00014876
[hyperbolic] global_step=65452/72000 local_updates=16363 loss=0.10732149 recon=0.00016973
[hyperbolic] global_step=65516/72000 local_updates=16379 loss=0.10465282 recon=0.00014346
[hyperbolic] global_step=65576/72000 local_updates=16394 loss=0.10494786 recon=0.00014850
[hyperbolic] global_step=65636/72000 local_updates=16409 loss=0.10484682 recon=0.00014938
[hyperbolic] global_step=65700/72000 local_updates=16425 loss=0.10367954 recon=0.00014333
[hyperbolic] global_step=65760/72000 local_updates=16440 loss=0.10626418 recon=0.00015270
[hyperbolic] global_step=65824/72000 local_updates=16456 loss=0.10330652 recon=0.00016727
[hyperbolic] global_step=65884/72000 local_updates=16471 loss=0.10603704 recon=0.00013771
[hyperbolic] global_step=65944/72000 local_updates=16486 loss=0.10692851 recon=0.00014601
[hyperbolic] global_step=66004/72000 local_updates=16501 loss=0.10613510 recon=0.00014792
[hyperbolic] global_step=66064/72000 local_updates=16516 loss=0.10597807 recon=0.00015556
[hyperbolic] global_step=66128/72000 local_updates=16532 loss=0.10550469 recon=0.00014871
[hyperbolic] global_step=66192/72000 local_updates=16548 loss=0.10676175 recon=0.00012467
[hyperbolic] global_step=66256/72000 local_updates=16564 loss=0.10471357 recon=0.00016429
[hyperbolic] global_step=66320/72000 local_updates=16580 loss=0.10626786 recon=0.00015661
[hyperbolic] global_step=66384/72000 local_updates=16596 loss=0.10684004 recon=0.00016248
[hyperbolic] global_step=66444/72000 local_updates=16611 loss=0.10464324 recon=0.00014035
[hyperbolic] global_step=66508/72000 local_updates=16627 loss=0.10638807 recon=0.00017576
[hyperbolic] global_step=66572/72000 local_updates=16643 loss=0.10492404 recon=0.00014597
[hyperbolic] global_step=66636/72000 local_updates=16659 loss=0.10732517 recon=0.00015038
[hyperbolic] global_step=66696/72000 local_updates=16674 loss=0.10793839 recon=0.00015906
[hyperbolic] global_step=66756/72000 local_updates=16689 loss=0.10629880 recon=0.00015242
[hyperbolic] global_step=66816/72000 local_updates=16704 loss=0.10837533 recon=0.00016759
[hyperbolic] global_step=66880/72000 local_updates=16720 loss=0.10609992 recon=0.00014303
[hyperbolic] global_step=66940/72000 local_updates=16735 loss=0.10410858 recon=0.00013302
[hyperbolic] global_step=67000/72000 local_updates=16750 loss=0.10521644 recon=0.00014413
[hyperbolic] global_step=67064/72000 local_updates=16766 loss=0.10707952 recon=0.00015068
[hyperbolic] global_step=67128/72000 local_updates=16782 loss=0.10410833 recon=0.00015750
[hyperbolic] global_step=67192/72000 local_updates=16798 loss=0.10578767 recon=0.00016974
[hyperbolic] global_step=67256/72000 local_updates=16814 loss=0.10476246 recon=0.00016840
[hyperbolic] global_step=67316/72000 local_updates=16829 loss=0.10745955 recon=0.00013806
[hyperbolic] global_step=67376/72000 local_updates=16844 loss=0.10420717 recon=0.00016066
[hyperbolic] global_step=67436/72000 local_updates=16859 loss=0.10622124 recon=0.00013943
[hyperbolic] global_step=67496/72000 local_updates=16874 loss=0.10739298 recon=0.00014890
[hyperbolic] global_step=67560/72000 local_updates=16890 loss=0.10585214 recon=0.00015008
[hyperbolic] global_step=67620/72000 local_updates=16905 loss=0.10512780 recon=0.00015614
[hyperbolic] global_step=67680/72000 local_updates=16920 loss=0.10453400 recon=0.00015521
[hyperbolic] global_step=67744/72000 local_updates=16936 loss=0.10497791 recon=0.00014211
[hyperbolic] global_step=67808/72000 local_updates=16952 loss=0.10695805 recon=0.00014315
[hyperbolic] global_step=67872/72000 local_updates=16968 loss=0.10401301 recon=0.00016021
[hyperbolic] global_step=67936/72000 local_updates=16984 loss=0.10763062 recon=0.00015285
[hyperbolic] global_step=68004/72000 local_updates=17001 loss=0.10645398 recon=0.00013183
[hyperbolic] global_step=68068/72000 local_updates=17017 loss=0.10480300 recon=0.00014799
[hyperbolic] global_step=68132/72000 local_updates=17033 loss=0.10668314 recon=0.00015376
[hyperbolic] global_step=68196/72000 local_updates=17049 loss=0.10660402 recon=0.00013556
[hyperbolic] global_step=68256/72000 local_updates=17064 loss=0.10712422 recon=0.00016112
[hyperbolic] global_step=68320/72000 local_updates=17080 loss=0.10714860 recon=0.00014941
[hyperbolic] global_step=68384/72000 local_updates=17096 loss=0.10818291 recon=0.00015252
[hyperbolic] global_step=68448/72000 local_updates=17112 loss=0.10781370 recon=0.00015674
[hyperbolic] global_step=68516/72000 local_updates=17129 loss=0.10461608 recon=0.00014719
[hyperbolic] global_step=68580/72000 local_updates=17145 loss=0.10434916 recon=0.00015207
[hyperbolic] global_step=68644/72000 local_updates=17161 loss=0.10626076 recon=0.00016836
[hyperbolic] global_step=68708/72000 local_updates=17177 loss=0.10467381 recon=0.00015160
[hyperbolic] global_step=68768/72000 local_updates=17192 loss=0.10629751 recon=0.00016980
[hyperbolic] global_step=68828/72000 local_updates=17207 loss=0.10514460 recon=0.00013637
[hyperbolic] global_step=68888/72000 local_updates=17222 loss=0.10692425 recon=0.00014621
[hyperbolic] global_step=68948/72000 local_updates=17237 loss=0.10703886 recon=0.00015161
[hyperbolic] global_step=69008/72000 local_updates=17252 loss=0.10725834 recon=0.00014980
[hyperbolic] global_step=69068/72000 local_updates=17267 loss=0.10488594 recon=0.00016807
[hyperbolic] global_step=69128/72000 local_updates=17282 loss=0.10669290 recon=0.00014099
[hyperbolic] global_step=69188/72000 local_updates=17297 loss=0.10659556 recon=0.00015397
[hyperbolic] global_step=69252/72000 local_updates=17313 loss=0.10697844 recon=0.00016212
[hyperbolic] global_step=69312/72000 local_updates=17328 loss=0.10347529 recon=0.00015398
[hyperbolic] global_step=69376/72000 local_updates=17344 loss=0.10346320 recon=0.00014576
[hyperbolic] global_step=69436/72000 local_updates=17359 loss=0.10292049 recon=0.00014689
[hyperbolic] global_step=69500/72000 local_updates=17375 loss=0.10688710 recon=0.00015530
[hyperbolic] global_step=69564/72000 local_updates=17391 loss=0.10705593 recon=0.00012906
[hyperbolic] global_step=69628/72000 local_updates=17407 loss=0.10571381 recon=0.00015570
[hyperbolic] global_step=69692/72000 local_updates=17423 loss=0.10461047 recon=0.00017846
[hyperbolic] global_step=69752/72000 local_updates=17438 loss=0.10592489 recon=0.00015831
[hyperbolic] global_step=69816/72000 local_updates=17454 loss=0.10727821 recon=0.00015079
[hyperbolic] global_step=69880/72000 local_updates=17470 loss=0.10851432 recon=0.00015390
[hyperbolic] global_step=69940/72000 local_updates=17485 loss=0.10548591 recon=0.00015560
[hyperbolic] global_step=70000/72000 loss=0.10595584 recon=0.00015056 c=[1.0, 1.0, 1.0] epsilon=[0.003, 0.003, 0.003] raw_unique=24554/24587 collision=0.001342 behaviour=0.18191616 codebook_used=[256, 256, 256]
[hyperbolic] global_step=70064/72000 local_updates=17516 loss=0.10391422 recon=0.00015545
[hyperbolic] global_step=70124/72000 local_updates=17531 loss=0.10456894 recon=0.00014744
[hyperbolic] global_step=70188/72000 local_updates=17547 loss=0.10636815 recon=0.00015706
[hyperbolic] global_step=70252/72000 local_updates=17563 loss=0.10772254 recon=0.00013381
[hyperbolic] global_step=70316/72000 local_updates=17579 loss=0.10612906 recon=0.00017633
[hyperbolic] global_step=70380/72000 local_updates=17595 loss=0.10661259 recon=0.00015755
[hyperbolic] global_step=70444/72000 local_updates=17611 loss=0.10598883 recon=0.00015019
[hyperbolic] global_step=70508/72000 local_updates=17627 loss=0.10700332 recon=0.00015554
[hyperbolic] global_step=70576/72000 local_updates=17644 loss=0.10672081 recon=0.00014694
[hyperbolic] global_step=70640/72000 local_updates=17660 loss=0.10504793 recon=0.00014842
[hyperbolic] global_step=70700/72000 local_updates=17675 loss=0.10576880 recon=0.00013784
[hyperbolic] global_step=70764/72000 local_updates=17691 loss=0.10754639 recon=0.00015543
[hyperbolic] global_step=70828/72000 local_updates=17707 loss=0.10585184 recon=0.00014859
[hyperbolic] global_step=70892/72000 local_updates=17723 loss=0.10327905 recon=0.00014581
[hyperbolic] global_step=70956/72000 local_updates=17739 loss=0.10634732 recon=0.00013322
[hyperbolic] global_step=71024/72000 local_updates=17756 loss=0.10369650 recon=0.00016168
[hyperbolic] global_step=71084/72000 local_updates=17771 loss=0.10640032 recon=0.00015018
[hyperbolic] global_step=71148/72000 local_updates=17787 loss=0.10515090 recon=0.00014237
[hyperbolic] global_step=71212/72000 local_updates=17803 loss=0.10460519 recon=0.00016025
[hyperbolic] global_step=71276/72000 local_updates=17819 loss=0.10494898 recon=0.00015219
[hyperbolic] global_step=71340/72000 local_updates=17835 loss=0.10595156 recon=0.00016052
[hyperbolic] global_step=71404/72000 local_updates=17851 loss=0.10660444 recon=0.00015319
[hyperbolic] global_step=71464/72000 local_updates=17866 loss=0.10665352 recon=0.00015134
[hyperbolic] global_step=71524/72000 local_updates=17881 loss=0.10625254 recon=0.00015253
[hyperbolic] global_step=71588/72000 local_updates=17897 loss=0.10452541 recon=0.00015486
[hyperbolic] global_step=71652/72000 local_updates=17913 loss=0.10511646 recon=0.00014739
[hyperbolic] global_step=71712/72000 local_updates=17928 loss=0.10661702 recon=0.00014228
[hyperbolic] global_step=71780/72000 local_updates=17945 loss=0.10559431 recon=0.00014064
[hyperbolic] global_step=71840/72000 local_updates=17960 loss=0.10514376 recon=0.00015076
[hyperbolic] global_step=71904/72000 local_updates=17976 loss=0.10828639 recon=0.00015092
[hyperbolic] global_step=71964/72000 local_updates=17991 loss=0.10624380 recon=0.00014218
[hyperbolic] global_step=72000/72000 loss=0.10591923 recon=0.00015042 c=[1.0, 1.0, 1.0] epsilon=[0.003, 0.003, 0.003] raw_unique=24551/24587 collision=0.001464 behaviour=0.18106984 codebook_used=[256, 256, 256]
