item_idx,l0_before_ref,l0_after,l1_before_ref,l1_after,l2_before_ref,l2_after
0,20,19,119,43,118,116
1,55,61,119,95,58,199
2,61,55,14,56,233,226
3,19,43,78,37,199,164
4,10,8,94,55,222,51
5,55,8,16,120,52,83
6,7,7,91,41,105,30
7,27,52,86,34,60,0
8,6,6,76,71,123,46
9,6,14,89,113,33,96
10,61,12,56,99,71,52
11,38,6,31,93,92,192
12,56,13,14,80,200,192
13,56,13,6,91,62,93
14,13,0,39,57,169,71
15,36,35,76,23,198,21
16,21,63,67,81,242,92
17,7,8,89,5,29,133
18,2,45,12,117,3,112
19,7,7,24,56,162,45
20,10,8,31,54,9,195
21,8,7,103,14,170,182
22,47,39,12,116,79,177
23,61,55,41,84,186,132
24,57,0,59,119,170,102
25,10,8,67,82,222,148
26,53,51,63,92,212,105
27,2,41,75,22,220,181
28,11,41,71,47,251,206
29,7,7,4,77,55,88
30,33,2,86,11,48,133
31,55,61,100,124,93,229
32,2,41,102,126,7,59
33,7,7,95,82,82,64
34,53,26,78,36,237,238
35,28,23,104,86,59,72
36,9,18,73,86,202,140
37,24,17,61,114,118,177
38,53,22,5,66,238,53
39,13,24,110,57,20,98
40,43,9,124,9,79,45
41,43,27,59,0,86,34
42,29,5,2,61,220,76
43,47,39,11,93,28,252
44,7,7,68,58,62,122
45,9,18,49,94,163,165
46,61,55,72,50,210,0
47,18,37,27,105,92,131
48,7,17,50,122,2,186
49,11,13,50,53,118,129
50,10,61,95,40,189,231
51,56,13,113,106,114,197
52,59,59,38,43,176,245
53,9,18,100,117,10,127
54,49,15,118,70,203,170
55,13,22,110,42,43,168
56,9,18,43,126,20,232
57,62,62,78,80,49,217
58,34,16,100,69,44,31
59,9,18,60,22,126,207
60,5,49,103,59,237,85
61,24,46,12,43,208,217
62,7,55,26,123,175,85
63,16,48,29,38,143,253
64,16,48,102,64,36,56
65,23,50,78,67,241,159
66,28,51,11,102,239,177
67,16,48,76,19,23,87
68,5,16,60,46,152,217
69,4,24,46,29,59,191
70,9,18,98,108,34,51
71,30,5,58,61,100,169
72,39,4,127,36,158,8
73,8,26,101,63,248,103
74,2,36,100,110,34,54
75,55,62,108,112,34,161
76,55,61,125,118,82,69
77,14,14,89,73,214,162
78,59,59,82,35,254,247
79,37,55,119,112,68,122
80,44,28,112,78,119,182
81,38,6,23,95,194,24
82,6,44,56,64,109,238
83,37,32,94,28,233,144
84,43,9,12,76,3,30
85,9,18,4,41,145,79
86,8,44,50,84,163,238
87,58,29,122,46,174,152
88,43,11,20,126,78,227
89,12,61,125,66,103,188
90,58,29,126,60,129,251
91,61,55,64,1,170,230
92,16,48,44,39,181,248
93,52,17,71,83,33,241
94,16,48,61,38,186,55
95,0,24,30,30,133,192
96,24,15,98,3,251,237
97,8,22,45,123,141,91
98,16,48,92,82,198,100
99,43,48,64,73,48,132
100,38,34,110,37,241,71
101,21,48,47,30,248,165
102,36,52,35,57,166,140
103,35,24,29,117,220,173
104,34,49,89,37,116,88
105,16,48,19,71,83,112
106,51,52,116,85,141,31
107,38,41,84,48,7,126
108,52,17,38,103,10,244
109,16,48,71,125,36,99
110,28,18,11,57,105,150
111,49,15,36,59,248,226
112,33,2,43,28,19,38
113,56,13,8,74,11,228
114,56,32,101,51,190,64
115,21,13,123,66,29,78
116,9,18,61,38,131,103
117,56,13,107,85,12,177
118,56,2,122,39,17,26
119,56,20,58,27,44,215
120,61,47,90,112,194,126
121,44,28,29,24,108,159
122,52,17,101,118,175,206
123,9,18,121,107,145,105
124,61,46,27,117,235,152
125,9,7,124,39,142,176
126,5,45,121,113,18,102
127,5,45,66,56,61,231
128,0,46,65,40,168,124
129,18,10,48,12,152,84
130,53,51,92,47,238,41
131,1,1,114,42,66,169
132,17,54,13,103,143,135
133,1,1,68,6,28,189
134,63,57,3,62,5,197
135,17,54,27,1,213,73
136,1,1,90,48,233,208
137,17,54,113,59,61,246
138,15,35,103,70,36,71
139,34,49,45,47,178,124
140,38,6,109,106,184,116
141,16,48,92,33,139,120
142,29,12,27,121,134,227
143,16,48,114,24,19,152
144,34,49,23,79,13,77
145,22,57,6,72,152,179
146,20,1,52,37,175,203
147,52,25,123,77,79,246
148,61,55,108,88,117,106
149,4,24,114,62,208,125
150,16,48,64,51,135,0
151,16,48,29,38,152,254
152,17,54,34,127,230,184
153,38,6,10,58,154,58
154,19,33,70,32,102,189
155,19,33,20,16,202,104
156,58,29,38,105,168,37
157,12,53,44,48,73,234
158,16,48,100,1,162,173
159,38,6,112,33,179,1
160,38,6,84,63,64,159
161,38,6,74,38,2,230
162,38,6,84,121,192,94
163,1,6,123,6,38,122
164,38,6,74,90,151,176
165,38,6,85,6,94,66
166,6,44,85,96,202,234
167,6,44,78,96,151,212
168,38,6,58,107,42,115
169,1,54,21,79,72,100
170,1,1,85,66,83,114
171,6,44,43,21,51,60
172,19,33,38,115,28,170
173,26,43,49,100,147,56
174,10,8,86,32,209,122
175,33,2,43,28,19,38
176,55,36,7,68,225,111
177,10,61,58,2,189,28
178,26,42,42,2,25,204
179,53,51,30,74,55,65
180,39,4,42,2,4,225
181,27,27,117,28,83,158
182,22,19,65,47,246,97
183,11,31,2,126,175,129
184,62,62,13,103,223,230
185,61,55,78,67,122,6
186,9,18,18,86,222,114
187,9,18,21,21,236,11
188,20,50,26,21,86,72
189,20,42,61,119,61,172
190,9,18,124,104,187,150
191,9,18,27,90,130,119
192,61,55,4,124,191,225
193,56,6,47,35,60,246
194,44,28,9,98,26,167
195,9,18,91,90,3,197
196,9,18,69,19,255,99
197,27,27,73,95,78,191
198,9,18,91,41,195,211
199,52,49,10,95,210,42
200,17,54,16,92,46,100
201,44,32,127,98,218,70
202,17,54,65,55,219,27
203,9,18,74,98,59,226
204,20,8,52,51,195,177
205,44,28,84,121,114,125
206,31,32,101,105,209,103
207,51,52,68,46,86,190
208,62,16,11,32,63,112
209,53,30,23,9,26,105
210,9,18,38,65,246,245
211,22,18,62,84,69,145
212,1,54,75,70,152,131
213,58,1,51,75,30,118
214,1,14,91,78,151,62
215,1,54,42,97,202,230
216,55,54,7,83,169,232
217,40,54,40,87,90,250
218,1,1,10,71,166,144
219,1,1,52,12,83,159
220,1,1,32,80,251,237
221,1,1,52,27,213,200
222,35,9,24,13,168,152
223,1,1,16,47,211,100
224,61,55,26,22,151,209
225,1,1,84,38,51,85
226,48,57,66,30,40,26
227,48,42,9,80,81,84
228,58,57,38,104,232,80
229,51,40,126,109,96,115
230,51,5,96,104,185,118
231,48,57,4,13,204,235
232,27,27,32,14,199,148
233,60,58,33,61,88,58
234,48,57,85,120,239,95
235,48,57,107,47,220,12
236,53,51,105,93,51,196
237,25,55,85,83,164,149
238,8,59,17,14,163,230
239,58,29,112,6,152,80
240,18,19,79,61,205,226
241,60,40,92,25,66,161
242,11,0,3,111,32,89
243,62,62,18,115,85,93
244,54,10,123,34,232,118
245,6,44,106,59,113,238
246,54,10,38,97,225,132
247,9,25,66,55,208,198
248,51,40,16,115,214,117
249,42,62,46,123,222,212
250,43,11,53,114,27,192
251,5,16,102,62,111,165
252,27,44,62,117,199,191
253,43,39,21,25,251,79
254,58,29,119,31,24,205
255,5,49,6,104,181,151
256,49,25,69,30,139,74
257,1,20,123,120,195,215
258,4,24,64,73,13,27
259,59,21,14,55,213,218
260,11,31,121,41,183,116
261,26,42,109,7,199,50
262,3,0,24,13,12,208
263,11,31,106,113,154,160
264,11,31,72,32,79,19
265,45,47,106,113,247,6
266,50,36,18,44,155,109
267,39,4,103,33,110,185
268,39,4,72,60,138,227
269,49,15,64,35,134,156
270,8,9,51,55,119,134
271,10,8,57,35,62,162
272,51,5,96,17,147,39
273,53,51,86,58,20,122
274,10,8,67,115,95,183
275,39,4,117,33,204,169
276,45,4,115,124,3,236
277,30,5,113,1,15,227
278,7,7,14,98,96,83
279,45,4,12,89,67,234
280,33,2,102,126,243,168
281,30,5,30,70,169,143
282,10,8,19,12,145,0
283,39,5,70,14,53,91
284,32,20,95,116,64,82
285,8,26,67,67,1,65
286,33,7,111,49,48,238
287,30,5,94,126,127,44
288,50,36,80,70,174,195
289,45,53,38,11,33,44
290,30,5,14,108,62,178
291,41,56,22,117,17,100
292,24,25,75,30,201,34
293,36,32,61,49,2,58
294,29,12,4,122,201,169
295,41,56,112,81,139,89
296,11,31,5,52,95,140
297,23,63,124,56,20,164
298,41,56,14,54,7,169
299,3,0,79,103,243,152
300,3,0,54,65,12,111
301,44,27,22,46,93,182
302,3,0,60,28,38,192
303,41,56,117,27,81,8
304,41,56,68,96,113,197
305,36,35,120,87,38,69
306,46,25,27,30,78,167
307,41,56,65,46,207,66
308,28,23,115,5,81,160
309,37,21,124,37,56,163
310,59,59,52,112,20,21
311,4,24,87,96,230,31
312,4,24,53,49,211,140
313,59,59,11,31,167,192
314,26,42,124,64,19,238
315,26,42,107,87,76,195
316,20,10,26,5,204,248
317,10,8,97,8,164,119
318,27,27,35,73,249,170
319,49,38,115,87,167,242
320,49,15,35,126,35,121
321,61,55,46,123,189,107
322,16,2,19,15,13,120
323,5,49,74,56,145,214
324,46,45,55,3,139,89
325,25,8,119,85,236,190
326,43,25,20,122,39,197
327,28,23,55,3,129,138
328,46,34,126,44,190,22
329,28,25,18,36,252,40
330,3,37,88,79,2,168
331,38,6,82,51,162,73
332,25,25,18,112,123,191
333,2,36,56,25,85,75
334,33,51,50,81,117,41
335,46,6,6,117,104,154
336,11,63,70,36,192,239
337,6,44,46,29,195,129
338,61,55,21,45,244,222
339,49,15,45,103,70,36
340,42,43,78,116,101,54
341,61,55,90,10,255,123
342,30,5,13,59,234,112
343,36,32,60,19,208,20
344,57,9,29,30,170,18
345,3,0,26,121,130,48
346,50,0,99,63,148,161
347,11,31,2,22,62,255
348,10,8,108,9,199,52
349,51,15,60,38,95,101
350,12,10,59,34,18,15
351,16,20,45,116,98,175
352,10,8,106,113,170,28
353,25,19,85,58,13,190
354,43,11,53,51,3,139
355,43,11,36,64,27,3
356,62,62,61,117,121,223
357,43,11,12,119,197,42
358,43,9,89,115,124,72
359,24,46,69,3,3,36
360,43,11,111,115,182,147
361,14,14,105,32,37,112
362,62,62,54,9,229,77
363,60,25,11,8,5,118
364,48,57,121,15,145,246
365,43,9,16,115,100,67
366,48,57,122,61,210,231
367,14,23,50,80,116,79
368,16,48,114,123,79,35
369,13,22,70,103,244,121
370,47,9,77,68,113,124
371,61,55,63,92,97,0
372,20,19,41,99,16,55
373,14,14,119,8,200,199
374,60,58,70,99,57,26
375,48,57,122,61,174,12
376,60,0,94,67,164,20
377,13,42,22,24,149,142
378,52,17,9,119,115,50
379,25,25,84,14,96,184
380,45,57,38,24,200,137
381,10,8,79,33,35,181
382,52,17,101,38,92,33
383,38,57,90,94,183,120
384,15,60,85,33,210,4
385,6,44,122,62,42,91
386,56,32,127,26,120,82
387,56,13,37,27,120,75
388,25,25,92,13,226,130
389,62,25,116,98,255,225
390,48,57,62,115,100,123
391,12,53,28,72,98,40
392,6,30,113,16,11,247
393,61,55,72,52,179,8
394,21,44,24,47,15,4
395,12,37,113,122,99,78
396,42,43,43,23,179,185
397,6,44,110,113,50,192
398,6,44,23,95,13,206
399,6,44,43,23,149,8
400,59,46,86,11,221,229
401,56,13,5,37,247,178
402,36,32,29,10,132,94
403,0,32,30,96,44,214
404,11,16,116,27,39,73
405,41,35,45,111,140,74
406,50,34,87,65,63,116
407,0,32,0,60,118,146
408,5,16,60,30,28,230
409,12,53,69,6,246,32
410,49,15,71,67,88,116
411,22,19,33,93,93,106
412,48,57,67,112,251,18
413,42,33,9,118,113,225
414,56,13,104,15,89,220
415,58,16,59,69,31,28
416,61,55,51,108,201,208
417,49,15,71,67,59,9
418,24,62,72,43,171,26
419,52,17,88,109,169,98
420,13,12,46,99,112,72
421,44,28,40,93,12,123
422,34,45,27,49,118,241
423,59,41,47,28,193,198
424,16,48,7,100,27,184
425,47,9,114,73,238,68
426,20,57,122,104,133,1
427,38,6,69,52,69,172
428,22,19,51,33,131,101
429,44,28,60,51,49,253
430,25,25,95,105,163,226
431,20,57,122,104,80,212
432,62,62,53,35,246,85
433,62,62,71,35,102,228
434,42,50,29,39,92,7
435,52,17,80,52,154,203
436,28,23,62,127,204,140
437,58,49,78,25,232,213
438,21,44,123,100,77,106
439,42,38,40,55,10,170
440,9,18,31,115,170,138
441,4,24,68,40,234,247
442,16,48,61,61,66,118
443,42,38,36,98,5,99
444,12,50,36,59,221,140
445,62,62,80,44,151,220
446,12,2,36,4,22,141
447,9,18,90,4,129,236
448,12,53,61,44,42,236
449,38,48,107,30,149,189
450,16,48,62,12,253,189
451,13,22,71,17,156,162
452,23,50,53,116,93,39
453,56,56,122,112,20,2
454,4,24,125,38,145,203
455,7,62,50,87,234,161
456,13,22,94,78,160,185
457,38,6,23,101,30,131
458,49,52,118,5,129,57
459,20,57,100,5,149,52
460,18,10,48,53,211,207
461,53,8,69,66,191,130
462,13,22,11,116,40,120
463,17,54,16,108,242,106
464,0,32,66,44,168,34
465,24,14,3,78,64,227
466,7,54,108,117,218,77
467,19,4,23,8,97,28
468,33,2,13,24,195,141
469,13,22,71,63,175,139
470,54,12,53,81,175,71
471,37,14,94,127,58,236
472,58,29,109,40,130,55
473,58,45,116,102,76,46
474,1,1,104,44,21,99
475,14,43,115,52,79,165
476,8,7,60,21,33,205
477,16,23,57,123,77,253
478,10,8,91,125,118,137
479,39,4,0,122,141,108
480,44,53,105,65,249,115
481,44,0,105,34,21,71
482,61,55,115,39,168,163
483,33,2,85,11,48,99
484,10,8,79,33,191,222
485,59,5,51,42,72,183
486,26,42,64,42,195,202
487,47,39,98,65,135,153
488,22,19,75,32,221,238
489,7,42,112,12,97,234
490,19,33,0,126,10,44
491,48,57,124,10,128,17
492,10,8,57,125,99,5
493,19,33,41,84,12,132
494,26,42,37,11,152,85
495,43,9,93,109,234,250
496,6,44,78,72,180,241
497,52,17,110,122,161,219
498,16,37,100,112,123,164
499,57,63,36,55,180,1
500,20,42,74,66,223,3
501,15,60,25,2,35,44
502,31,60,10,36,194,130
503,41,60,59,18,70,166
504,39,22,11,88,200,143
505,31,3,91,113,5,244
506,9,10,88,25,165,157
507,31,60,103,17,36,242
508,15,54,9,36,207,250
509,15,59,3,119,76,73
510,34,60,54,35,102,66
511,15,60,91,41,235,67
512,15,34,34,87,43,180
513,31,3,7,100,55,207
514,31,3,116,20,230,116
515,36,35,113,20,217,28
516,15,51,106,47,208,141
517,48,10,53,123,250,197
518,9,18,16,88,128,133
519,9,18,32,45,177,238
520,10,8,44,94,194,186
521,41,0,104,45,160,65
522,29,35,28,108,51,65
523,51,52,94,78,76,98
524,17,54,124,84,105,89
525,38,6,119,109,190,123
526,24,25,28,84,185,181
527,13,34,33,71,12,61
528,44,28,42,127,178,175
529,4,24,7,51,79,157
530,17,38,100,87,68,186
531,21,63,73,85,100,81
532,30,57,107,123,52,174
533,46,17,10,64,222,118
534,17,59,62,17,54,73
535,61,55,106,39,77,134
536,33,2,59,38,90,195
537,5,45,55,66,101,23
538,46,28,21,126,240,202
539,5,16,89,44,186,202
540,6,24,49,14,219,152
541,56,60,113,115,34,135
542,61,55,89,1,108,191
543,52,17,115,66,43,233
544,58,31,70,73,205,29
545,32,20,108,88,198,226
546,2,41,26,63,88,206
547,22,40,54,3,162,71
548,62,38,36,125,210,120
549,14,14,10,6,175,155
550,22,19,37,80,191,151
551,62,62,67,115,253,164
552,22,19,96,26,82,116
553,52,16,70,100,216,156
554,31,47,24,16,238,171
555,42,43,35,54,14,200
556,16,48,61,110,127,58
557,35,25,69,75,182,213
558,36,35,8,34,123,233
559,59,20,19,37,53,154
560,9,18,5,41,127,189
561,48,54,53,3,84,117
562,6,44,92,46,191,32
563,9,18,61,15,7,254
564,10,8,12,117,98,39
565,58,29,20,16,129,138
566,38,6,35,9,66,220
567,48,57,2,55,64,235
568,46,34,24,6,42,218
569,55,61,75,112,187,10
570,27,27,87,55,28,52
571,54,10,24,42,231,116
572,49,15,113,104,214,230
573,46,52,17,25,63,148
574,28,8,59,101,0,187
575,58,20,59,69,12,82
576,32,20,29,22,55,196
577,43,11,46,123,118,134
578,52,11,25,46,146,154
579,38,6,102,52,214,231
580,14,14,122,75,236,231
581,23,50,71,67,19,23
582,42,43,55,19,148,52
583,62,62,34,7,136,188
584,12,53,39,35,222,156
585,19,11,103,124,191,206
586,43,11,105,115,29,212
587,43,11,25,88,196,85
588,43,11,0,110,181,179
589,14,14,82,82,203,136
590,35,9,56,127,21,235
591,46,34,104,16,89,213
592,62,62,49,7,162,210
593,19,33,124,50,190,163
594,43,9,12,120,231,42
595,61,55,27,88,151,227
596,62,43,88,74,114,76
597,42,43,121,63,138,94
598,54,10,42,106,121,164
599,48,2,69,90,142,2
600,54,10,127,30,9,180
601,41,18,67,57,60,181
602,18,35,118,36,200,150
603,56,13,54,32,223,182
604,56,51,76,82,244,126
605,9,18,107,65,194,231
606,56,13,22,15,102,148
607,56,13,122,46,58,73
608,4,52,79,45,112,94
609,56,13,20,7,104,44
610,52,17,46,29,43,111
611,49,15,67,78,23,74
612,36,45,121,63,154,226
613,38,34,13,37,188,77
614,5,45,76,102,43,22
615,43,9,109,90,221,153
616,52,17,116,103,186,94
617,0,32,12,40,25,10
618,17,54,127,66,227,170
619,38,6,125,90,209,236
620,24,16,13,49,185,132
621,4,35,37,49,227,82
622,0,46,90,1,0,150
623,35,35,33,110,240,81
624,5,12,126,37,201,46
625,53,51,9,66,196,172
626,0,46,103,106,74,255
627,11,29,116,117,232,6
628,32,20,46,29,43,131
629,16,48,88,73,91,85
630,43,25,13,8,136,84
631,51,52,60,36,221,245
632,22,19,42,32,22,132
633,52,7,60,94,118,73
634,63,63,4,3,158,33
635,52,17,36,86,127,33
636,55,61,34,61,239,226
637,30,5,2,5,151,176
638,47,39,78,88,147,144
639,55,9,118,69,50,25
640,49,15,59,103,22,81
641,13,56,43,71,42,126
642,29,17,11,86,6,62
643,19,37,19,51,182,84
644,24,44,100,84,208,30
645,61,55,4,93,107,2
646,50,36,105,100,172,6
647,61,12,88,4,135,71
648,19,33,105,4,21,125
649,61,55,81,50,210,152
650,62,62,111,1,123,57
651,42,43,42,32,198,230
652,22,19,80,106,5,214
653,42,11,118,123,167,173
654,42,43,28,83,105,48
655,46,24,107,60,63,12
656,58,44,100,117,206,127
657,5,16,89,86,73,139
658,5,45,7,16,222,219
659,62,62,85,114,86,226
660,42,38,112,67,29,167
661,39,4,49,74,179,163
662,45,47,51,33,43,167
663,30,39,123,46,182,229
664,33,2,51,1,137,19
665,39,4,103,33,76,212
666,30,5,89,53,163,37
667,45,47,82,2,27,66
668,39,4,30,15,135,112
669,8,27,112,43,136,175
670,33,2,61,61,210,142
671,50,36,80,78,54,75
672,55,61,84,15,175,100
673,21,63,51,102,117,237
674,38,29,15,19,103,105
675,20,54,52,63,68,160
676,21,44,43,21,254,200
677,21,63,114,102,135,31
678,58,29,124,46,228,162
679,13,16,95,40,163,112
680,44,28,58,107,251,226
681,16,16,37,25,23,115
682,19,33,76,96,116,83
683,58,29,11,16,234,75
684,4,24,6,19,158,38
685,59,59,72,60,117,180
686,24,14,24,13,239,226
687,14,14,15,120,229,112
688,46,17,2,7,84,183
689,46,34,85,81,21,138
690,46,18,82,34,7,246
691,32,14,51,123,198,61
692,4,24,19,40,234,55
693,56,13,27,7,212,240
694,51,32,101,108,133,61
695,2,36,79,55,21,19
696,31,3,121,15,121,56
697,11,31,57,25,101,0
698,31,3,1,60,162,156
699,36,35,118,22,137,12
700,31,60,1,78,157,191
701,6,44,43,23,115,52
702,31,3,29,22,178,92
703,54,40,33,89,159,66
704,63,3,12,79,180,248
705,54,10,101,118,88,58
706,51,52,14,22,50,115
707,44,28,0,64,167,31
708,63,3,102,67,24,187
709,63,3,104,67,3,84
710,59,59,45,100,137,161
711,13,22,111,118,193,97
712,37,21,60,46,27,213
713,37,21,12,115,151,64
714,52,17,112,122,137,31
715,56,12,18,125,61,132
716,46,34,45,101,152,159
717,54,40,120,13,208,186
718,56,13,69,10,128,252
719,13,22,67,63,110,62
720,56,13,37,27,122,27
721,17,2,78,100,148,122
722,5,45,76,75,18,166
723,27,16,69,59,6,104
724,7,8,50,66,69,223
725,38,6,59,13,5,157
726,4,24,6,125,36,192
727,36,32,30,51,249,225
728,14,14,39,80,67,65
729,43,9,101,19,54,19
730,28,23,39,120,186,242
731,59,40,33,41,15,2
732,51,16,106,69,221,160
733,13,47,51,90,105,120
734,34,49,23,113,125,38
735,4,35,43,23,15,81
736,14,14,96,26,99,182
737,59,59,46,7,59,49
738,4,24,92,105,70,102
739,5,25,71,45,30,18
740,37,44,64,55,22,23
741,37,21,124,0,202,56
742,38,6,0,69,156,160
743,59,59,11,31,244,97
744,23,6,45,30,52,94
745,5,16,34,98,47,138
746,59,59,91,12,70,180
747,59,59,52,41,160,219
748,4,21,86,35,52,161
749,59,59,124,12,226,45
750,59,59,109,5,29,45
751,4,6,68,108,134,42
752,4,24,92,89,194,37
753,4,24,9,29,113,128
754,38,24,54,46,58,182
755,4,24,77,81,99,128
756,5,16,13,65,51,136
757,13,6,51,13,68,8
758,59,59,2,82,248,205
759,59,59,124,12,189,161
760,2,49,13,37,148,98
761,59,59,100,12,50,168
762,4,24,126,80,212,49
763,4,24,109,40,10,153
764,16,48,44,17,145,10
765,4,24,68,40,121,196
766,13,22,125,96,123,94
767,24,59,58,43,229,157
768,4,24,70,32,34,244
769,37,21,124,37,143,138
770,4,24,23,101,174,235
771,15,46,17,109,108,81
772,0,24,109,40,245,4
773,59,59,40,104,33,112
774,5,48,75,31,114,67
775,59,59,5,31,138,80
776,24,46,19,127,173,24
777,28,23,75,6,123,218
778,59,59,92,89,219,114
779,52,17,44,103,126,57
780,19,14,45,29,163,100
781,4,24,27,105,223,183
782,28,23,80,29,114,98
783,4,48,9,46,193,84
784,52,17,71,27,36,124
785,59,59,114,102,235,181
786,14,14,0,110,168,61
787,59,59,123,34,33,112
788,59,59,124,81,120,9
789,4,24,19,34,198,187
790,61,55,8,64,21,249
791,28,59,107,5,24,112
792,59,59,85,101,9,86
793,10,8,34,29,100,160
794,28,23,24,127,78,2
795,15,24,10,62,196,68
796,59,24,85,95,215,240
797,4,24,108,62,63,178
798,38,6,98,39,154,57
799,46,34,14,39,141,212
800,21,49,34,14,43,235
801,56,13,60,98,23,33
802,2,60,48,121,58,190
803,7,41,92,100,208,235
804,23,8,120,22,180,87
805,36,35,114,121,193,99
806,31,3,67,5,6,174
807,24,14,115,45,64,79
808,31,32,64,65,33,200
809,31,48,117,65,0,25
810,41,3,107,5,74,9
811,9,18,91,41,255,121
812,31,3,89,19,34,12
813,31,3,126,24,115,19
814,15,51,104,100,180,169
815,15,60,104,121,84,107
816,54,53,113,55,118,253
817,15,60,26,38,88,21
818,15,60,46,74,211,49
819,36,60,30,36,236,45
820,58,60,59,66,149,73
821,15,60,42,90,131,154
822,15,10,17,2,120,197
823,15,60,30,118,148,11
824,1,3,54,9,69,122
825,41,3,104,77,167,137
826,15,20,55,5,14,127
827,15,60,55,54,245,219
828,60,6,63,55,5,92
829,15,60,62,45,204,63
830,24,46,29,43,236,252
831,4,24,45,100,17,249
832,32,20,49,125,229,7
833,15,60,89,64,253,203
834,32,3,58,102,167,34
835,63,3,38,67,112,52
836,15,60,62,75,253,173
837,63,3,87,79,180,24
838,11,8,11,102,237,34
839,46,59,100,101,48,124
840,59,59,54,24,107,129
841,4,24,68,44,214,238
842,0,24,20,24,123,97
843,50,26,123,81,116,249
844,44,28,113,57,9,28
845,13,22,122,66,97,130
846,20,42,40,78,253,29
847,10,8,10,109,167,130
848,53,51,97,8,148,205
849,49,29,0,117,229,126
850,27,27,83,91,58,253
851,31,60,94,97,91,238
852,56,60,89,86,206,85
853,43,39,103,16,156,63
854,31,3,93,85,92,234
855,63,3,3,74,72,112
856,10,8,112,34,246,67
857,8,26,51,27,141,216
858,6,44,53,25,43,16
859,53,15,22,67,35,203
860,3,0,18,13,100,96
861,25,25,92,100,121,241
862,45,47,26,74,154,64
863,10,8,79,99,142,51
864,33,2,49,24,145,140
865,53,51,68,44,200,74
866,7,7,122,24,9,140
867,0,32,66,46,246,69
868,52,17,93,86,40,124
869,19,30,43,23,184,77
870,40,16,97,98,170,124
871,44,28,52,22,215,197
872,34,49,5,50,46,252
873,0,46,16,108,218,253
874,58,29,116,54,99,161
875,5,49,85,13,143,240
876,38,6,17,36,187,23
877,16,48,103,60,241,201
878,38,6,84,37,247,208
879,13,45,17,55,198,133
880,19,33,60,57,111,47
881,62,62,108,20,122,142
882,9,18,42,80,135,197
883,43,11,31,12,134,156
884,52,12,82,117,98,72
885,52,17,82,38,86,200
886,36,35,76,37,130,115
887,5,45,121,63,24,43
888,60,49,7,89,66,189
889,53,51,107,9,247,84
890,45,47,96,117,216,98
891,51,5,32,102,194,219
892,28,23,4,113,220,15
893,24,8,81,70,237,126
894,59,59,116,3,77,52
895,0,32,127,42,246,185
896,22,19,11,32,67,171
897,7,7,14,98,27,71
898,23,50,69,11,14,159
899,59,59,116,43,53,120
900,0,46,123,58,131,2
901,12,53,101,53,28,212
902,43,11,99,91,57,159
903,38,6,63,97,120,156
904,34,49,4,69,47,230
905,59,59,74,77,254,69
906,10,8,81,75,61,230
907,47,39,55,33,196,20
908,28,23,0,12,99,108
909,52,17,33,76,243,246
910,34,49,17,66,110,135
911,42,43,33,95,247,6
912,26,42,80,64,95,62
913,4,24,0,19,215,204
914,46,34,73,71,128,106
915,52,17,34,127,236,242
916,35,9,56,77,100,150
917,52,11,51,79,127,134
918,59,59,90,109,27,180
919,0,32,54,40,72,68
920,62,62,75,15,126,2
921,23,50,99,80,189,68
922,4,37,19,41,240,171
923,23,50,78,80,102,117
924,42,43,9,67,174,195
925,33,53,40,37,89,216
926,35,53,44,103,196,189
927,45,49,14,67,117,75
928,6,44,114,6,82,242
929,37,55,5,79,54,136
930,43,11,58,80,13,20
931,55,61,68,96,175,12
932,58,29,122,42,112,123
933,13,29,83,83,165,106
934,58,29,29,38,154,93
935,49,15,99,11,82,116
936,17,41,100,126,3,99
937,49,15,63,92,208,116
938,12,53,68,29,62,146
939,41,21,124,57,169,186
940,19,33,63,106,212,184
941,26,35,91,34,99,164
942,6,13,43,53,169,20
943,10,30,20,104,158,67
944,37,21,53,29,193,99
945,16,24,52,116,248,21
946,63,63,124,75,46,63
947,53,48,103,62,175,195
948,13,22,28,45,140,99
949,19,54,7,53,235,240
950,12,49,17,62,229,182
951,58,29,88,80,135,209
952,54,40,94,70,21,120
953,48,57,18,28,133,83
954,32,41,63,79,128,206
955,7,7,115,1,89,224
956,55,27,73,2,54,206
957,16,48,2,126,60,130
958,37,21,60,40,4,94
959,38,20,35,77,223,137
960,5,24,0,31,96,208
961,20,42,61,83,1,42
962,42,43,27,104,59,158
963,12,53,35,62,175,122
964,22,19,88,79,241,214
965,25,57,59,85,95,251
966,27,27,73,47,238,165
967,48,37,125,14,111,210
968,42,43,27,106,191,216
969,12,53,74,61,207,153
970,48,57,122,32,156,80
971,24,14,16,86,103,133
972,3,0,90,36,87,222
973,57,0,61,17,228,18
974,57,56,17,114,179,211
975,57,4,125,51,105,28
976,62,56,35,118,45,199
977,50,31,30,70,148,206
978,11,31,41,84,185,86
979,37,21,44,4,89,167
980,16,48,26,15,27,184
981,58,29,20,46,210,138
982,63,63,76,14,229,195
983,31,35,32,9,84,79
984,44,28,39,107,250,247
985,44,45,39,77,204,193
986,1,1,86,88,49,35
987,56,13,105,26,131,2
988,17,54,124,37,185,89
989,46,34,63,3,119,190
990,59,59,124,12,93,254
991,9,18,68,58,13,182
992,6,44,47,105,1,30
993,59,59,22,117,229,212
994,59,59,47,115,77,52
995,43,25,108,103,48,135
996,43,9,93,76,69,1
997,49,15,21,52,167,79
998,59,59,8,95,44,79
999,4,24,30,97,169,12
1000,38,6,43,23,37,33
1001,24,6,98,9,201,216
1002,59,24,72,39,241,2
1003,27,26,11,110,109,16
1004,50,22,11,78,240,114
1005,28,23,110,26,135,21
1006,43,62,59,67,58,19
1007,56,16,51,52,238,72
1008,38,6,36,105,225,163
1009,38,6,6,10,189,131
1010,38,6,58,19,222,144
1011,0,32,87,96,17,90
1012,34,49,91,11,90,98
1013,5,14,10,45,92,78
1014,62,18,54,57,131,179
1015,7,58,77,93,240,27
1016,46,34,66,109,85,120
1017,9,18,18,68,107,59
1018,62,62,50,75,203,35
1019,42,43,3,59,21,95
1020,29,12,4,122,134,51
1021,19,33,22,117,166,254
1022,4,59,49,6,251,244
1023,36,35,123,112,65,45
1024,4,28,109,5,97,50
1025,23,50,49,43,8,192
1026,62,38,73,29,220,174
1027,4,36,49,94,29,135
1028,42,43,87,101,174,85
1029,20,42,88,53,253,119
1030,49,15,34,61,147,204
1031,52,17,86,108,21,111
1032,46,34,74,1,13,145
1033,62,17,13,31,7,198
1034,34,48,46,60,124,18
1035,58,29,11,16,59,215
1036,53,51,58,95,10,223
1037,53,31,58,11,227,109
1038,58,29,78,35,243,255
1039,61,55,21,10,233,207
1040,42,38,89,53,47,139
1041,61,55,14,56,165,186
1042,42,43,95,116,122,247
1043,25,61,114,6,158,217
1044,23,0,55,14,45,62
1045,3,0,101,15,46,162
1046,20,53,10,48,196,133
1047,3,0,101,15,124,97
1048,52,17,116,86,225,99
1049,28,23,27,5,9,169
1050,12,38,50,121,89,6
1051,33,2,49,24,97,163
1052,28,23,101,15,10,99
1053,6,44,69,6,187,36
1054,6,44,27,44,195,0
1055,5,24,2,106,182,220
1056,37,21,83,69,137,187
1057,19,33,63,27,25,209
1058,47,39,53,62,16,222
1059,6,44,62,12,35,168
1060,8,26,41,37,111,52
1061,51,52,92,33,93,35
1062,54,40,94,92,11,53
1063,10,8,47,67,27,71
1064,7,2,65,44,227,255
1065,53,51,29,38,191,111
1066,30,5,113,36,187,185
1067,51,52,57,54,179,54
1068,11,31,35,33,116,20
1069,63,31,34,107,136,182
1070,43,9,23,120,116,39
1071,41,56,33,65,44,180
1072,11,31,31,84,40,145
1073,52,17,104,89,92,196
1074,28,56,51,36,128,210
1075,53,51,93,35,76,238
1076,14,14,108,88,79,221
1077,36,35,80,121,222,183
1078,17,54,51,68,30,73
1079,51,52,93,113,44,30
1080,1,1,112,47,63,116
1081,31,60,112,60,227,230
1082,1,1,40,50,134,55
1083,21,32,101,102,254,194
1084,54,0,58,47,246,6
1085,33,2,126,44,190,93
1086,51,40,106,18,13,20
1087,5,49,103,21,255,94
1088,33,20,70,27,251,71
1089,15,60,103,60,89,105
1090,24,25,115,96,21,165
1091,31,3,80,83,133,219
1092,51,52,54,65,249,229
1093,7,5,77,58,44,16
1094,47,9,38,99,203,1
1095,13,22,98,45,192,206
1096,14,14,116,62,134,26
1097,32,20,114,101,13,213
1098,13,24,106,99,6,101
1099,10,8,64,34,130,82
1100,31,60,75,119,67,195
1101,56,13,125,66,45,15
1102,36,26,24,41,185,14
1103,15,60,19,45,90,171
1104,9,32,33,79,218,27
1105,41,59,18,98,48,229
1106,44,28,68,42,67,36
1107,5,24,6,33,134,178
1108,17,6,49,0,163,235
1109,32,20,111,17,189,179
1110,38,6,87,100,252,5
1111,46,20,38,29,172,175
1112,29,22,53,73,157,201
1113,7,7,78,52,251,44
1114,46,34,74,121,112,243
1115,1,49,85,51,186,88
1116,3,63,102,30,17,89
1117,1,1,68,66,162,188
1118,17,54,80,118,2,58
1119,63,63,6,125,107,224
1120,19,33,23,32,135,238
1121,3,0,36,89,222,215
1122,44,28,8,112,193,249
1123,0,46,88,80,39,100
1124,36,49,103,21,215,123
1125,41,56,43,23,240,11
1126,11,32,75,51,95,244
1127,59,24,77,93,170,112
1128,49,15,95,93,231,166
1129,41,56,111,84,14,46
1130,41,22,85,73,198,68
1131,41,56,54,54,129,181
1132,16,59,21,1,119,103
1133,40,50,83,68,215,230
1134,62,62,80,61,108,3
1135,23,50,69,44,233,153
1136,62,62,75,94,183,18
1137,23,43,79,119,204,222
1138,23,34,20,61,223,44
1139,43,27,89,66,227,126
1140,62,28,103,5,56,202
1141,23,50,69,114,51,181
1142,42,43,16,122,118,74
1143,58,29,29,60,255,172
1144,38,6,61,42,102,113
1145,28,6,69,42,204,13
1146,38,6,45,38,120,35
1147,6,44,122,62,90,156
1148,37,21,44,48,104,0
1149,24,24,54,100,252,133
1150,38,6,34,36,28,242
1151,38,50,26,31,51,161
1152,46,45,59,126,147,193
1153,52,16,70,7,64,85
1154,51,17,103,39,147,177
1155,13,22,28,68,123,198
1156,46,45,66,106,37,179
1157,46,45,55,3,53,117
1158,43,9,36,64,174,252
1159,42,43,33,89,21,206
1160,28,23,70,49,28,32
1161,4,38,22,36,103,239
1162,5,24,126,60,190,168
1163,18,43,78,108,23,233
1164,43,25,13,36,157,234
1165,61,55,30,81,60,244
1166,42,43,68,67,98,200
1167,42,43,27,121,184,6
1168,42,43,8,116,13,198
1169,62,62,97,77,89,159
1170,20,57,101,104,33,131
1171,48,4,34,117,161,229
1172,39,57,100,127,164,180
1173,45,47,103,52,149,85
1174,16,48,26,116,135,195
1175,0,5,46,8,116,120
1176,4,24,19,71,233,226
1177,4,16,41,0,196,41
1178,16,48,53,102,174,131
1179,0,21,52,55,118,242
1180,35,23,64,73,202,22
1181,59,59,49,81,25,251
1182,46,48,123,109,38,192
1183,22,57,64,57,56,197
1184,59,59,92,105,55,182
1185,5,16,29,15,151,247
1186,5,45,109,40,179,17
1187,4,24,76,62,14,20
1188,4,21,100,1,128,224
1189,61,55,102,41,36,239
1190,5,48,46,60,27,67
1191,61,55,46,33,250,140
1192,37,21,37,27,174,243
1193,16,48,53,36,194,187
1194,59,59,10,91,160,107
1195,59,59,124,104,205,225
1196,4,24,76,9,56,41
1197,59,6,90,79,248,231
1198,5,16,60,89,123,23
1199,59,59,53,102,221,232
1200,4,24,47,73,135,30
1201,36,35,33,108,189,41
1202,61,44,7,71,250,16
1203,16,48,19,61,69,33
1204,61,55,108,88,250,243
1205,61,24,50,58,117,79
1206,44,28,67,119,181,196
1207,4,24,9,32,205,78
1208,36,35,19,71,189,135
1209,41,24,11,113,80,106
1210,35,32,86,73,190,20
1211,4,24,10,71,75,74
1212,36,35,99,11,25,254
1213,52,17,51,80,78,246
1214,5,16,65,63,87,202
1215,14,46,33,93,3,179
1216,0,24,19,71,217,134
1217,4,16,13,49,227,40
1218,4,24,81,79,160,104
1219,46,11,1,47,202,134
1220,5,45,79,10,138,150
1221,21,24,2,35,134,26
1222,28,23,57,101,42,61
1223,36,35,60,19,132,192
1224,63,63,69,82,32,159
1225,5,16,75,45,233,238
1226,37,23,25,29,225,187
1227,4,24,5,12,137,245
1228,4,24,20,46,130,94
1229,0,6,20,116,193,172
1230,5,16,36,44,224,26
1231,37,21,30,29,254,113
1232,61,55,27,42,174,200
1233,59,45,66,19,204,252
1234,59,48,46,0,51,181
1235,16,48,29,113,127,31
1236,51,45,70,30,20,231
1237,60,48,19,73,163,88
1238,4,24,53,102,178,27
1239,4,24,20,16,41,116
1240,5,16,42,94,90,103
1241,16,48,53,51,249,217
1242,59,24,79,100,104,167
1243,41,63,46,32,70,6
1244,5,16,49,125,61,217
1245,4,46,37,49,168,207
1246,16,37,52,14,105,237
1247,23,50,24,35,173,169
1248,5,45,40,93,159,244
1249,8,9,85,57,89,246
1250,16,48,5,114,171,56
1251,37,21,50,86,235,76
1252,36,35,19,71,135,208
1253,16,48,114,11,42,208
1254,4,48,19,71,166,84
1255,4,24,70,32,220,191
1256,4,24,19,71,182,43
1257,0,46,80,60,173,150
1258,4,24,27,32,29,216
1259,16,48,52,19,220,106
1260,6,35,105,49,83,27
1261,24,14,47,116,254,0
1262,5,16,60,24,187,74
1263,16,4,52,59,209,124
1264,5,21,41,68,87,73
1265,4,2,31,47,147,158
1266,16,48,53,25,143,187
1267,52,46,82,93,77,187
1268,52,17,51,122,72,183
1269,16,48,36,0,75,247
1270,31,12,91,72,238,17
1271,37,21,57,29,29,131
1272,4,24,38,103,245,243
1273,4,24,49,26,189,192
1274,59,54,37,1,51,240
1275,16,48,112,46,63,160
1276,16,48,7,25,7,138
1277,16,48,19,71,75,86
1278,36,35,125,62,17,149
1279,16,48,82,49,245,195
1280,4,24,69,29,56,83
1281,4,12,109,32,253,132
1282,16,24,15,40,41,185
1283,38,6,3,94,26,109
1284,9,18,50,8,52,26
1285,9,18,6,20,105,145
1286,4,24,92,33,222,102
1287,16,48,49,16,197,168
1288,61,55,111,124,156,219
1289,16,48,34,19,87,233
1290,1,29,47,89,172,200
1291,5,45,120,95,208,158
1292,7,56,108,117,93,187
1293,58,45,121,118,70,86
1294,38,6,76,25,48,247
1295,44,59,67,34,54,251
1296,59,59,40,104,82,127
1297,39,12,11,103,15,149
1298,5,16,53,89,246,208
1299,59,59,101,107,215,103
1300,5,24,103,60,134,98
1301,5,16,73,89,64,233
1302,42,43,78,62,133,39
1303,59,59,0,101,115,8
1304,37,21,124,37,112,92
1305,24,34,20,16,181,34
1306,4,24,4,122,71,219
1307,5,45,30,89,102,47
1308,14,14,74,118,147,208
1309,59,59,116,20,255,56
1310,4,23,123,34,164,77
1311,21,48,47,11,29,60
1312,4,24,67,1,3,217
1313,36,35,10,0,198,83
1314,4,24,69,6,53,121
1315,37,21,69,29,105,40
1316,13,24,52,97,93,215
1317,4,24,53,116,49,157
1318,36,22,14,105,219,236
1319,6,35,35,23,247,1
1320,34,49,110,37,35,122
1321,44,28,84,121,74,49
1322,13,22,28,39,99,62
1323,24,14,82,20,236,108
1324,12,11,54,39,236,126
1325,2,36,25,35,99,151
1326,0,46,116,11,183,70
1327,4,24,84,35,210,119
1328,36,35,118,113,157,67
1329,10,59,103,117,203,154
1330,48,47,124,117,8,63
1331,60,58,97,8,236,9
1332,49,15,81,89,81,90
1333,7,7,88,12,202,72
1334,33,2,86,11,228,62
1335,10,8,80,82,6,99
1336,3,5,72,12,81,144
1337,36,35,42,105,255,65
1338,49,15,63,92,150,101
1339,3,0,93,13,98,30
1340,60,58,21,21,30,4
1341,48,57,127,107,34,122
1342,22,18,88,104,200,59
1343,22,19,90,47,150,150
1344,49,15,123,76,227,159
1345,27,27,74,56,63,223
1346,43,9,29,22,4,209
1347,22,0,15,32,169,224
1348,35,38,93,14,151,161
1349,29,17,120,2,142,172
1350,49,15,122,36,98,200
1351,19,33,101,67,192,210
1352,45,47,67,34,153,131
1353,1,50,47,58,69,61
1354,40,8,60,39,170,81
1355,26,32,74,56,91,8
1356,42,38,64,56,103,10
1357,42,43,88,109,85,108
1358,40,29,83,2,106,177
1359,18,37,48,79,238,138
1360,22,19,14,20,30,4
1361,37,31,66,81,11,132
1362,43,11,46,44,120,214
1363,61,53,86,58,12,186
1364,4,48,87,122,29,230
1365,44,29,17,100,46,43
1366,17,54,88,108,81,199
1367,13,22,3,47,229,119
1368,1,1,20,78,85,223
1369,50,1,52,46,246,0
1370,8,26,98,58,48,79
1371,53,51,80,61,234,168
1372,10,8,54,107,250,179
1373,49,15,113,64,217,230
1374,10,8,32,14,226,239
1375,20,19,87,46,27,228
1376,26,8,102,14,217,66
1377,10,30,125,74,61,28
1378,13,22,2,91,154,91
1379,3,0,10,61,49,10
1380,45,47,124,72,33,41
1381,47,61,78,113,119,52
1382,8,26,101,114,6,44
1383,38,6,90,118,28,190
1384,29,12,5,10,64,152
1385,63,63,37,51,198,236
1386,63,63,58,80,245,165
1387,29,12,111,92,245,163
1388,11,31,35,54,129,129
1389,53,51,64,28,228,130
1390,44,28,116,35,189,196
1391,32,20,31,93,145,143
1392,58,29,14,94,175,178
1393,18,38,64,11,254,69
1394,34,49,89,3,39,147
1395,62,62,12,93,198,82
1396,18,37,104,47,249,111
1397,46,17,103,16,96,37
1398,53,8,116,57,46,70
1399,18,43,31,93,233,63
1400,30,39,75,118,254,165
1401,58,49,67,118,206,163
1402,37,50,94,28,5,252
1403,52,17,51,12,7,224
1404,4,24,30,24,177,3
1405,4,48,7,33,23,181
1406,5,48,75,31,48,98
1407,58,29,83,94,69,15
1408,63,25,110,14,104,26
1409,13,22,99,65,63,161
1410,37,48,29,118,20,253
1411,44,28,27,112,171,140
1412,23,50,103,17,222,73
1413,23,50,71,67,221,195
1414,44,28,30,63,18,168
1415,51,52,79,119,41,107
1416,54,40,92,86,63,110
1417,2,41,26,15,22,206
1418,22,19,95,32,126,166
1419,10,32,58,56,175,111
1420,5,45,121,50,53,97
1421,33,58,77,26,206,126
1422,62,19,123,62,74,180
1423,14,56,97,81,93,215
1424,22,45,1,66,175,86
1425,5,49,45,111,255,30
1426,0,14,97,120,75,86
1427,4,24,58,21,3,101
1428,50,0,61,70,84,31
1429,50,0,64,58,212,136
1430,11,32,104,2,48,142
1431,41,56,22,65,1,208
1432,50,7,64,39,219,137
1433,50,34,88,110,212,42
1434,3,31,102,5,198,191
1435,23,50,59,80,74,229
1436,44,28,37,90,160,82
1437,61,55,59,13,179,18
1438,23,37,64,23,230,51
1439,50,36,18,44,187,121
1440,37,6,74,28,112,180
1441,60,58,28,54,195,15
1442,46,46,75,88,190,128
1443,20,19,28,72,158,135
1444,23,50,114,54,28,68
1445,50,36,32,90,154,177
1446,35,35,58,56,103,203
1447,30,5,90,10,162,253
1448,8,26,51,92,233,28
1449,8,27,67,31,38,175
1450,58,47,59,32,128,75
1451,45,13,17,53,58,145
1452,55,43,44,117,174,237
1453,45,4,12,28,152,11
1454,8,26,67,5,172,148
1455,33,40,23,5,127,226
1456,35,20,39,69,237,65
1457,47,39,83,120,146,157
1458,30,5,113,36,19,94
1459,47,39,34,36,99,115
1460,39,4,27,74,163,221
1461,60,58,67,6,130,164
1462,7,7,29,22,149,209
1463,34,39,71,61,235,170
1464,53,15,10,125,242,110
1465,51,52,52,19,213,213
1466,43,55,18,3,252,176
1467,44,18,26,54,199,16
1468,1,52,4,47,127,166
1469,58,29,53,94,44,50
1470,51,52,94,4,195,4
1471,62,38,107,116,192,11
1472,42,43,87,7,64,194
1473,25,57,59,31,218,31
1474,48,57,93,47,141,123
1475,22,43,125,4,191,95
1476,35,30,66,103,150,228
1477,41,56,6,54,1,110
1478,41,56,20,46,135,141
1479,57,56,84,121,50,199
1480,41,37,92,14,62,77
1481,3,3,102,27,167,41
1482,15,51,40,9,184,126
1483,31,60,84,63,165,192
1484,15,60,82,49,181,130
1485,36,35,66,30,195,103
1486,15,60,9,35,236,251
1487,51,52,92,115,98,243
1488,15,60,28,53,10,40
1489,15,60,1,55,226,166
1490,48,57,31,115,105,180
1491,31,37,28,9,232,53
1492,15,3,18,108,37,114
1493,51,52,16,4,152,160
1494,15,60,95,93,135,173
1495,33,7,86,11,114,10
1496,33,7,98,124,51,38
1497,10,8,127,95,196,68
1498,31,60,28,125,245,206
1499,15,60,49,108,159,141
1500,7,2,110,40,203,237
1501,15,60,62,75,84,230
1502,31,60,127,65,68,170
1503,59,59,98,65,244,154
1504,15,60,122,39,144,31
1505,31,13,8,4,236,148
1506,31,3,18,73,213,63
1507,20,7,52,39,7,236
1508,7,2,101,117,19,205
1509,33,30,50,52,250,221
1510,25,39,35,78,32,155
1511,49,15,30,44,127,253
1512,3,0,86,96,118,111
1513,3,0,86,96,118,111
1514,3,47,50,101,19,28
1515,11,31,6,125,204,119
1516,41,56,42,1,111,11
1517,7,7,101,107,156,61
1518,5,24,72,60,238,162
1519,9,62,63,79,232,235
1520,9,62,63,79,232,235
1521,28,23,54,45,105,206
1522,30,5,16,10,8,176
1523,33,7,87,39,54,27
1524,30,39,111,30,48,181
1525,39,4,15,96,126,192
1526,39,4,30,22,245,143
1527,61,55,81,50,117,49
1528,21,52,63,102,65,8
1529,54,40,120,125,145,131
1530,38,6,46,105,51,57
1531,4,24,41,100,17,63
1532,52,17,31,22,189,248
1533,43,16,109,101,252,148
1534,14,14,110,34,106,102
1535,45,6,70,119,22,43
1536,46,1,115,28,200,217
1537,23,50,63,120,137,205
1538,42,35,6,96,113,176
1539,38,41,55,102,114,41
1540,36,35,44,103,9,196
1541,5,16,53,89,10,167
1542,28,23,71,101,9,215
1543,38,6,92,68,177,28
1544,4,24,119,95,18,106
1545,5,16,60,120,151,132
1546,56,16,89,68,115,255
1547,5,46,44,31,24,44
1548,58,29,54,19,158,206
1549,38,6,51,109,84,204
1550,19,33,6,75,247,14
1551,9,18,56,85,72,205
1552,38,59,70,90,175,176
1553,23,32,124,73,107,52
1554,47,39,15,123,138,255
1555,47,39,60,116,162,111
1556,47,39,105,32,247,184
1557,48,57,111,96,247,196
1558,49,15,68,107,102,221
1559,44,59,109,98,76,16
1560,13,22,52,109,195,94
1561,3,0,124,10,191,227
1562,12,55,123,109,4,112
1563,12,53,5,4,106,192
1564,3,5,35,30,195,141
1565,12,25,81,55,182,83
1566,11,31,94,70,7,129
1567,3,0,54,108,129,64
1568,12,53,79,106,39,222
1569,2,36,22,36,122,57
1570,62,62,74,119,205,33
1571,7,7,88,10,220,196
1572,49,15,64,42,18,190
1573,10,8,6,83,58,184
1574,2,41,47,53,193,168
1575,55,61,90,110,165,229
1576,53,51,80,68,92,227
1577,10,8,18,117,65,121
1578,20,19,66,48,0,30
1579,53,51,21,45,241,151
1580,59,8,22,51,232,39
1581,22,19,64,76,32,223
1582,8,15,34,36,108,144
1583,55,61,105,110,236,48
1584,26,8,42,22,95,211
1585,61,7,57,46,213,175
1586,31,3,19,127,163,66
1587,17,5,41,25,103,121
1588,13,22,3,47,156,170
1589,1,54,27,68,88,156
1590,44,28,75,63,244,18
1591,44,28,53,99,85,136
1592,21,34,94,102,219,233
1593,13,22,91,41,7,170
1594,51,52,66,14,168,153
1595,1,1,3,50,36,40
1596,1,1,1,46,3,70
1597,34,49,113,3,119,5
1598,17,45,51,102,150,30
1599,63,52,37,90,166,151
1600,34,49,36,114,126,131
1601,61,55,6,45,99,119
1602,13,22,6,65,112,179
1603,34,49,27,75,195,118
1604,34,49,89,75,247,200
1605,48,57,24,41,249,2
1606,44,28,77,44,74,119
1607,38,49,88,13,11,252
1608,3,56,102,46,153,116
1609,57,56,20,103,25,138
1610,3,0,86,30,169,39
1611,63,38,100,105,106,210
1612,11,31,94,70,199,7
1613,49,15,115,36,187,108
1614,41,15,100,8,193,79
1615,3,0,48,79,175,35
1616,3,63,51,27,26,143
1617,3,0,48,79,62,134
1618,63,26,93,39,35,120
1619,63,63,100,117,178,224
1620,63,63,100,115,65,216
1621,29,12,10,81,40,195
1622,55,3,98,34,133,111
1623,11,31,10,125,66,147
1624,29,12,35,52,145,192
1625,35,30,104,15,51,139
1626,29,12,91,71,217,225
1627,3,0,68,35,184,179
1628,56,30,89,77,237,50
1629,57,56,27,109,188,177
1630,30,5,62,32,237,63
1631,22,19,90,47,178,41
1632,7,7,98,12,123,32
1633,20,15,52,108,163,159
1634,33,2,0,113,167,18
1635,49,15,42,106,73,5
1636,55,61,54,118,176,211
1637,53,51,26,22,148,144
1638,33,41,30,93,222,126
1639,19,33,76,32,226,214
1640,4,24,84,63,152,161
1641,12,50,12,4,37,90
1642,61,55,79,98,191,32
1643,9,18,125,107,4,200
1644,48,22,55,79,175,165
1645,13,14,40,65,191,92
1646,6,35,76,23,170,166
1647,16,48,52,36,56,125
1648,14,6,123,104,118,172
1649,51,32,75,108,216,131
1650,31,3,125,37,70,145
1651,26,32,52,5,20,44
1652,37,29,94,34,100,6
1653,19,33,105,81,43,143
1654,52,17,116,3,201,33
1655,35,30,42,53,227,23
1656,51,52,54,65,204,83
1657,43,11,46,89,127,192
1658,54,40,68,78,43,99
1659,6,44,94,107,211,124
1660,13,22,90,79,41,2
1661,47,9,94,68,209,85
1662,61,55,5,80,13,11
1663,9,18,88,80,149,54
1664,8,54,103,2,223,245
1665,20,45,92,88,175,105
1666,34,49,4,39,141,253
1667,21,63,56,81,253,18
1668,10,8,36,101,115,219
1669,48,28,11,93,242,126
1670,5,16,41,82,214,181
1671,49,5,82,51,238,148
1672,2,36,12,122,82,91
1673,47,39,4,73,38,237
1674,47,39,83,39,255,74
1675,30,4,27,117,124,126
1676,55,61,83,7,255,243
1677,43,9,24,29,254,9
1678,52,51,99,81,255,209
1679,14,48,53,2,101,136
1680,27,42,48,79,18,142
1681,22,19,59,11,185,118
1682,55,61,48,28,178,245
1683,44,36,47,63,12,169
1684,50,51,84,82,253,214
1685,48,57,105,114,210,195
1686,25,57,66,3,181,116
1687,48,57,61,38,175,210
1688,48,57,101,118,157,87
1689,27,27,114,29,161,228
1690,62,43,63,33,110,168
1691,25,57,105,5,174,206
1692,48,57,4,94,222,184
1693,51,52,2,116,97,24
1694,46,17,122,35,66,80
1695,52,17,28,65,37,87
1696,9,18,90,122,39,232
1697,58,29,68,104,176,90
1698,38,37,65,31,214,161
1699,5,16,78,50,118,242
1700,37,21,88,53,133,98
1701,56,13,122,68,82,23
1702,27,63,107,105,175,36
1703,17,17,46,16,172,113
1704,56,55,37,39,45,25
1705,0,46,50,95,218,79
1706,36,35,23,0,240,235
1707,36,35,15,110,211,243
1708,36,35,114,11,211,96
1709,55,61,44,62,175,39
1710,61,25,12,51,220,106
1711,56,13,37,27,130,168
1712,52,17,65,38,218,12
1713,26,42,16,122,142,74
1714,1,52,64,66,80,29
1715,5,16,119,69,205,227
1716,41,30,106,59,39,88
1717,14,55,22,66,241,126
1718,12,53,108,96,64,252
1719,17,47,65,123,165,11
1720,15,37,56,79,170,187
1721,36,35,109,46,241,12
1722,1,1,101,15,78,107
1723,30,36,25,116,219,130
1724,30,40,81,58,141,213
1725,47,30,113,5,95,176
1726,30,36,21,19,134,158
1727,30,40,88,98,58,194
1728,4,24,106,59,146,215
1729,49,15,31,88,0,183
1730,50,36,52,111,233,68
1731,46,15,72,114,105,104
1732,39,4,99,102,188,177
1733,39,4,12,93,122,84
1734,39,4,67,36,92,176
1735,39,4,15,96,168,128
1736,30,8,16,47,72,82
1737,46,17,47,74,150,72
1738,39,4,57,81,29,1
1739,39,4,58,35,76,238
1740,35,47,35,9,239,156
1741,1,36,47,68,3,243
1742,33,2,98,92,190,232
1743,39,4,12,93,36,230
1744,40,31,6,1,230,46
1745,40,41,63,118,97,28
1746,49,15,78,91,173,138
1747,27,27,29,56,138,64
1748,40,4,59,90,13,109
1749,39,4,24,90,58,37
1750,40,41,0,45,113,41
1751,50,34,75,56,151,6
1752,45,47,122,49,107,228
1753,45,47,20,70,82,149
1754,47,11,3,74,253,160
1755,45,47,83,100,252,61
1756,51,52,57,20,166,111
1757,40,22,97,61,200,0
1758,6,6,55,54,18,24
1759,40,41,88,56,221,243
1760,40,30,102,30,51,165
1761,40,41,101,98,179,20
1762,55,61,95,82,19,117
1763,33,2,74,38,93,53
1764,33,2,108,88,78,254
1765,40,41,63,118,70,225
1766,49,15,102,125,85,145
1767,49,15,27,121,215,178
1768,20,19,113,78,242,131
1769,47,39,120,26,82,237
1770,40,41,102,83,28,76
1771,26,42,24,113,80,110
1772,33,4,104,108,0,229
1773,19,33,33,93,251,231
1774,33,47,72,117,161,125
1775,2,35,90,34,254,101
1776,39,4,80,34,158,225
1777,39,4,122,68,236,227
1778,55,61,101,118,86,195
1779,33,2,22,21,113,250
1780,39,4,27,33,160,221
1781,13,12,67,74,149,112
1782,8,26,79,88,164,9
1783,61,55,109,78,254,125
1784,61,55,44,17,130,32
1785,53,51,100,1,213,128
1786,20,19,40,99,142,14
1787,59,60,66,59,30,112
1788,5,16,91,12,64,87
1789,2,30,70,46,148,166
1790,5,24,0,87,137,211
1791,31,29,24,122,73,148
1792,46,31,123,2,164,136
1793,63,21,47,121,159,206
1794,13,2,108,70,233,26
1795,52,17,71,36,80,131
1796,34,11,100,115,39,167
1797,43,11,46,86,125,68
1798,10,8,57,101,56,20
1799,48,42,127,39,171,228
1800,49,15,115,36,126,7
1801,34,49,27,21,92,58
1802,9,18,60,56,168,232
1803,18,37,69,6,95,154
1804,49,15,84,14,214,206
1805,55,61,54,93,180,72
1806,26,42,71,67,192,51
1807,19,33,32,45,36,51
1808,43,11,85,54,37,204
1809,35,36,22,5,213,203
1810,52,52,101,6,18,34
1811,0,46,79,24,63,134
1812,43,34,103,17,66,175
1813,25,19,22,122,124,241
1814,38,54,35,117,220,13
1815,4,24,20,57,95,240
1816,9,29,94,38,109,214
1817,12,53,15,108,118,22
1818,62,62,40,14,245,183
1819,18,43,111,104,28,73
1820,42,38,93,95,59,84
1821,34,49,33,89,36,69
1822,52,17,35,73,254,225
1823,19,11,69,51,56,3
1824,36,36,20,87,172,63
1825,23,20,107,120,210,107
1826,36,45,121,116,20,121
1827,5,45,121,15,126,59
1828,62,62,22,67,147,255
1829,62,62,99,49,6,170
1830,42,43,82,71,46,117
1831,35,50,51,95,215,74
1832,34,45,113,35,76,73
1833,44,28,31,93,101,12
1834,34,49,47,6,190,0
1835,37,6,24,117,151,160
1836,59,59,76,19,3,176
1837,6,44,64,6,42,113
1838,4,24,73,42,255,215
1839,10,15,87,54,187,202
1840,49,15,92,7,32,35
1841,49,15,16,108,241,37
1842,49,15,116,113,35,116
1843,34,49,73,62,26,249
1844,9,18,69,118,218,252
1845,51,52,51,58,134,255
1846,29,46,11,65,24,84
1847,54,40,119,69,128,80
1848,13,22,31,22,56,79
1849,13,22,125,110,177,243
1850,5,16,60,38,190,179
1851,38,6,115,114,230,24
1852,24,24,47,17,255,51
1853,62,25,12,53,54,82
1854,23,49,120,56,230,105
1855,43,62,19,44,239,221
1856,13,22,52,116,235,76
1857,58,62,16,46,68,186
1858,44,28,80,53,151,191
1859,19,33,3,0,122,106
1860,20,61,52,46,48,110
1861,61,2,14,106,98,201
1862,28,35,72,83,3,31
1863,20,19,112,34,105,143
1864,49,15,29,22,156,98
1865,49,15,84,121,245,224
1866,8,26,23,18,180,1
1867,7,7,37,80,129,224
1868,16,48,22,74,147,8
1869,16,48,122,107,201,113
1870,46,34,90,109,197,30
1871,1,50,123,43,172,110
1872,48,48,53,71,175,216
1873,16,48,29,118,84,119
1874,10,8,6,25,151,255
1875,38,62,54,9,172,186
1876,35,30,14,53,95,48
1877,22,19,62,82,227,100
1878,35,33,22,62,105,66
1879,14,46,84,20,161,148
1880,58,29,74,118,102,105
1881,42,43,54,111,188,133
1882,23,61,17,86,20,66
1883,23,50,19,51,131,160
1884,23,43,91,44,110,213
1885,62,16,106,115,121,85
1886,6,30,12,16,172,28
1887,49,15,73,86,201,122
1888,49,15,96,26,116,149
1889,62,62,41,66,95,132
1890,42,43,15,7,23,156
1891,4,24,119,27,232,190
1892,48,10,45,80,46,244
1893,34,49,92,80,12,195
1894,54,7,47,23,251,164
1895,32,20,39,50,65,250
1896,13,22,113,20,167,90
1897,34,49,23,23,252,182
1898,13,22,113,74,15,94
1899,13,22,124,91,94,48
1900,18,37,61,15,62,142
1901,26,42,53,25,60,167
1902,61,55,27,43,220,132
1903,34,49,49,16,221,54
1904,49,55,10,55,4,12
1905,39,4,103,58,174,181
1906,41,56,63,27,193,116
1907,45,4,9,12,137,131
1908,49,15,14,7,54,122
1909,10,0,63,117,169,45
1910,23,50,80,44,188,252
1911,14,14,82,59,71,187
1912,54,10,121,24,152,105
1913,19,33,77,82,107,176
1914,13,22,74,73,173,78
1915,13,22,46,123,12,50
1916,29,12,68,70,18,251
1917,34,49,66,3,22,66
1918,3,0,58,89,4,35
1919,3,0,54,22,230,67
1920,5,16,110,126,192,102
1921,4,53,22,117,239,226
1922,53,51,114,54,76,144
1923,33,49,98,56,70,180
1924,61,10,36,77,30,109
1925,3,0,26,22,178,2
1926,63,63,58,107,188,206
1927,36,59,70,106,253,242
1928,11,63,116,68,156,39
1929,63,63,68,42,136,167
1930,36,63,117,39,46,127
1931,3,0,95,107,1,152
1932,50,59,124,70,141,88
1933,63,63,37,78,106,220
1934,3,0,92,124,188,15
1935,57,0,10,64,108,83
1936,58,0,90,14,232,168
1937,63,63,37,30,34,60
1938,12,0,17,70,69,104
1939,3,59,58,99,220,253
1940,50,34,103,109,96,92
1941,50,0,74,88,44,181
1942,63,63,4,111,133,214
1943,36,63,58,95,77,223
1944,50,12,74,99,35,7
1945,50,0,29,70,116,189
1946,50,60,74,53,64,234
1947,3,0,58,91,58,243
1948,36,32,75,95,65,37
1949,36,54,38,95,206,78
1950,57,63,107,111,144,106
1951,63,63,112,63,245,204
1952,63,63,29,118,153,57
1953,63,56,37,99,72,205
1954,36,35,50,39,184,127
1955,57,35,107,111,70,211
1956,24,22,43,23,204,186
1957,17,35,100,46,37,183
1958,51,32,101,108,189,223
1959,34,49,124,7,67,157
1960,5,24,6,98,89,60
1961,44,28,60,47,15,235
1962,31,60,122,39,41,197
1963,17,54,40,18,44,142
1964,21,63,104,85,100,36
1965,45,1,71,50,24,23
1966,32,32,60,114,70,44
1967,61,55,18,122,191,81
1968,0,46,56,43,143,238
1969,53,52,125,63,31,244
1970,1,1,40,50,32,250
1971,34,49,18,47,87,16
1972,5,16,81,18,204,248
1973,60,58,37,1,180,225
1974,43,9,20,35,150,56
1975,36,35,58,87,172,221
1976,17,54,29,108,68,247
1977,51,5,15,75,84,38
1978,3,15,100,8,125,78
1979,44,28,1,111,244,18
1980,6,44,48,46,157,180
1981,11,10,47,31,206,46
1982,38,6,58,107,197,61
1983,5,16,64,125,184,172
1984,61,18,40,9,88,49
1985,21,49,29,21,138,210
1986,51,0,23,50,160,154
1987,13,48,16,26,189,225
1988,57,56,113,127,61,216
1989,3,32,10,79,193,234
1990,41,56,43,90,26,238
1991,57,8,23,91,38,101
1992,5,45,101,118,3,195
1993,41,56,59,89,90,107
1994,29,12,48,79,92,170
1995,4,24,90,4,54,15
1996,4,36,39,37,53,125
1997,38,6,43,21,255,226
1998,50,35,65,70,48,236
1999,27,27,0,29,157,89
2000,20,19,70,56,11,55
2001,22,33,89,18,25,195
2002,22,19,37,80,98,199
2003,22,19,119,47,249,74
2004,54,40,1,55,3,246
2005,54,10,28,75,222,53
2006,5,16,13,80,78,187
2007,5,16,86,22,72,196
2008,37,55,66,41,225,243
2009,4,17,88,23,21,198
2010,59,59,95,45,57,189
2011,43,25,106,59,150,198
2012,44,28,76,107,190,252
2013,41,4,123,59,225,25
2014,26,42,112,34,232,239
2015,45,2,49,34,48,72
2016,62,62,127,120,225,165
2017,32,20,95,97,206,29
2018,19,33,9,106,221,77
2019,25,25,123,76,139,77
2020,30,5,90,109,75,159
2021,10,8,41,32,5,63
2022,49,15,111,30,25,41
2023,52,17,6,24,150,15
2024,0,46,15,91,127,255
2025,36,35,53,23,188,75
2026,16,48,44,103,162,113
2027,34,49,29,22,127,50
2028,35,23,114,73,38,65
2029,58,35,78,75,12,242
2030,0,32,60,58,249,234
2031,46,17,52,75,202,81
2032,11,31,51,14,8,43
2033,31,32,69,20,241,32
2034,27,8,70,101,240,178
2035,14,14,46,29,101,180
2036,21,45,71,98,172,184
2037,33,12,94,54,156,37
2038,46,17,110,16,83,162
2039,24,10,122,123,0,104
2040,44,28,77,44,174,159
2041,24,17,110,121,118,61
2042,32,24,37,16,80,161
2043,45,4,66,126,142,200
2044,11,31,58,2,249,170
2045,58,29,100,117,195,197
2046,9,18,71,80,183,150
2047,20,42,54,39,163,32
2048,12,37,96,26,156,27
2049,48,20,101,120,163,52
2050,57,45,46,123,74,6
2051,58,29,34,60,7,150
2052,56,29,77,0,104,46
2053,34,17,94,99,14,80
2054,13,22,102,74,126,14
2055,7,7,50,79,40,186
2056,58,29,29,15,147,236
2057,44,28,103,94,151,138
2058,61,59,87,106,46,150
2059,13,22,47,63,10,8
2060,13,22,71,16,133,222
2061,13,22,122,123,156,225
2062,59,59,90,109,228,156
2063,34,49,15,53,195,50
2064,34,49,117,126,111,180
2065,0,39,2,66,85,17
2066,0,46,64,24,34,210
2067,34,49,119,2,195,54
2068,0,46,33,91,178,160
2069,34,49,122,16,193,144
2070,24,14,78,16,41,142
2071,52,17,125,3,98,241
2072,24,14,89,86,59,107
2073,56,13,40,26,165,233
2074,5,16,18,76,86,252
2075,9,18,81,44,235,225
2076,14,14,38,29,120,27
2077,13,22,110,122,159,166
2078,13,22,124,113,118,92
2079,59,59,45,100,112,30
2080,38,6,16,89,167,216
2081,4,24,6,11,210,124
2082,0,32,60,6,23,74
2083,4,24,111,4,119,191
2084,4,24,20,81,134,244
2085,46,17,93,35,150,163
2086,12,16,83,63,69,134
2087,25,19,54,32,203,17
2088,44,28,18,109,81,200
2089,28,23,65,11,137,116
2090,50,1,93,45,194,89
2091,7,7,108,88,230,11
2092,14,46,105,75,241,228
2093,24,14,3,0,200,109
2094,21,63,24,90,160,104
2095,28,25,96,81,119,39
2096,0,46,116,3,115,238
2097,50,34,18,109,40,238
2098,38,6,6,100,68,189
2099,33,2,20,127,187,185
2100,38,6,17,3,97,99
2101,25,19,23,85,90,1
2102,38,6,16,55,97,137
2103,59,59,126,104,119,101
2104,10,8,64,52,125,15
2105,43,62,21,21,175,216
2106,59,59,111,10,167,191
2107,59,59,85,67,188,116
2108,59,59,84,17,232,247
2109,37,21,104,85,192,113
2110,37,21,104,85,183,201
2111,62,38,64,58,176,23
2112,10,20,48,117,9,180
2113,43,9,61,38,86,107
2114,37,21,110,126,19,100
2115,0,24,64,73,151,189
2116,38,6,27,68,228,62
2117,14,24,18,13,54,146
2118,13,22,16,89,167,55
2119,13,22,16,89,224,39
2120,63,63,7,103,243,85
2121,63,60,120,47,81,207
2122,5,51,112,47,193,63
2123,14,14,102,84,83,120
2124,59,59,31,33,26,100
2125,43,11,116,3,97,36
2126,36,16,123,45,23,233
2127,59,59,18,91,238,41
2128,63,35,7,17,123,76
2129,24,46,58,20,207,76
2130,14,14,89,82,90,232
2131,28,23,10,6,125,21
2132,14,39,28,47,190,155
2133,42,43,44,109,133,100
2134,42,43,22,117,133,136
2135,62,62,31,44,102,211
2136,14,11,85,39,201,175
2137,43,11,39,87,165,6
2138,62,62,47,3,92,223
2139,63,63,93,21,245,209
2140,30,5,2,19,62,16
2141,44,28,72,52,112,180
2142,44,28,94,17,175,202
2143,13,22,44,103,195,50
2144,23,0,18,58,253,246
2145,42,43,68,35,73,239
2146,62,62,27,35,184,69
2147,62,62,77,53,158,209
2148,43,11,75,17,165,113
2149,8,33,85,25,80,144
2150,9,23,53,56,219,15
2151,62,62,6,99,135,27
2152,28,62,51,93,79,96
2153,43,11,111,124,183,6
2154,42,43,66,16,13,77
2155,62,38,87,75,94,59
2156,36,35,125,22,91,23
2157,42,43,117,53,70,96
2158,52,17,125,123,155,43
2159,38,6,32,58,88,157
2160,17,44,69,44,54,204
2161,0,46,49,36,134,105
2162,0,46,10,36,251,21
2163,26,46,103,24,99,175
2164,4,46,44,103,241,152
2165,5,14,123,65,126,115
2166,44,46,100,24,68,41
2167,0,46,76,94,175,10
2168,4,53,100,0,171,189
2169,9,18,77,7,205,230
2170,0,46,118,24,133,12
2171,49,52,45,117,171,180
2172,42,43,25,99,14,89
2173,62,62,87,101,201,82
2174,23,50,122,89,127,178
2175,46,34,100,71,42,153
2176,62,62,77,114,219,90
2177,23,50,119,120,218,85
2178,22,19,34,105,51,122
2179,61,55,64,80,166,76
2180,26,32,82,101,21,245
2181,55,61,115,75,9,103
2182,12,53,12,28,69,183
2183,52,17,53,29,213,32
2184,5,45,76,109,208,19
2185,42,62,15,45,73,36
2186,24,14,62,108,181,243
2187,28,23,109,29,4,128
2188,52,17,123,122,118,49
2189,34,49,69,118,8,173
2190,35,9,93,45,239,229
2191,16,17,3,40,31,31
2192,34,49,125,62,194,74
2193,3,0,2,45,214,82
2194,36,32,75,45,219,63
2195,5,49,58,19,47,240
2196,43,6,34,117,63,156
2197,25,25,116,78,120,116
2198,24,14,50,43,71,79
2199,24,63,82,57,119,72
2200,42,38,20,104,59,123
2201,19,33,26,38,76,44
2202,63,3,102,77,213,23
2203,55,41,118,4,81,43
2204,40,23,33,108,159,67
2205,30,5,63,69,204,198
2206,39,4,77,22,188,176
2207,45,47,115,19,242,1
2208,39,4,71,1,29,159
2209,50,34,84,121,13,208
2210,50,36,119,38,130,17
2211,30,47,37,70,21,74
2212,50,59,84,77,139,242
2213,60,58,21,14,254,133
2214,21,41,22,53,80,126
2215,55,21,76,57,234,29
2216,2,36,58,125,230,249
2217,46,41,47,22,15,99
2218,33,2,94,124,17,113
2219,55,41,35,108,157,200
2220,2,53,5,9,243,231
2221,33,2,72,96,32,93
2222,8,26,87,104,195,217
2223,10,8,29,24,174,130
2224,55,37,9,37,78,248
2225,10,8,84,10,219,145
2226,38,6,23,95,15,15
2227,5,45,120,31,180,229
2228,1,14,13,2,128,74
2229,13,22,5,100,234,84
2230,46,34,30,22,116,245
2231,51,52,27,126,220,160
2232,43,11,123,127,138,30
2233,58,55,78,88,128,76
2234,16,48,61,30,201,221
2235,11,44,64,70,35,141
2236,11,29,64,100,178,116
2237,9,0,35,13,138,242
2238,5,16,83,12,144,125
2239,61,7,112,66,114,34
2240,14,14,46,120,146,192
2241,24,46,98,43,218,95
2242,48,10,45,80,106,229
2243,22,19,22,93,31,95
2244,29,12,61,22,188,50
2245,36,35,66,78,235,225
2246,41,56,66,106,116,253
2247,41,56,66,106,156,225
2248,34,2,43,3,176,87
2249,41,56,46,44,62,49
2250,20,42,68,46,116,45
2251,56,32,101,2,177,246
2252,9,18,26,116,234,196
2253,11,31,116,33,138,81
2254,45,45,70,9,43,193
2255,56,13,63,60,182,213
2256,56,13,80,121,206,150
2257,31,32,69,125,134,64
2258,4,24,88,18,66,101
2259,13,29,127,63,102,162
2260,5,16,9,35,167,49
2261,32,20,126,122,177,55
2262,12,55,107,55,121,128
2263,18,43,87,26,115,14
2264,18,38,73,57,47,255
2265,35,35,5,56,63,227
2266,35,30,54,21,22,129
2267,0,46,105,0,212,66
2268,28,23,118,50,57,177
2269,4,24,99,80,100,190
2270,0,46,32,61,27,150
2271,50,40,13,70,142,242
2272,44,28,53,116,246,197
2273,38,6,88,3,41,157
2274,13,22,68,54,135,29
2275,47,39,5,76,148,124
2276,40,51,33,47,166,27
2277,62,7,54,127,129,0
2278,51,40,64,73,62,192
2279,30,5,113,112,130,182
2280,7,7,83,37,210,62
2281,7,39,98,87,104,218
2282,27,27,117,28,138,66
2283,30,5,19,14,237,45
2284,54,40,34,13,204,89
2285,15,60,103,60,141,227
2286,1,54,125,97,150,208
2287,1,1,71,38,117,94
2288,1,54,108,55,92,8
2289,38,1,16,37,244,71
2290,55,61,73,95,51,184
2291,55,61,28,40,248,152
2292,55,61,47,126,37,250
2293,19,33,115,21,185,23
2294,19,33,78,116,114,163
2295,39,4,14,66,48,50
2296,35,33,43,23,196,234
2297,60,58,112,27,47,240
2298,16,48,82,100,208,21
2299,49,15,18,115,9,98
2300,39,4,9,21,200,180
2301,3,19,104,38,112,233
2302,3,0,27,58,128,242
2303,51,5,23,101,144,198
2304,32,20,100,69,143,115
2305,8,6,50,105,90,8
2306,29,12,60,15,42,230
2307,30,12,127,117,209,46
2308,48,26,84,60,42,126
2309,41,31,114,78,234,166
2310,29,12,4,122,130,70
2311,29,12,67,52,109,97
2312,50,31,98,70,120,116
2313,58,31,59,38,51,231
2314,33,31,94,2,117,140
2315,57,40,20,31,165,68
2316,57,55,20,79,226,225
2317,3,0,48,79,90,144
2318,41,34,114,87,230,235
2319,3,12,10,16,144,162
2320,41,56,15,49,1,60
2321,29,61,38,87,9,163
2322,11,31,126,72,51,93
2323,11,31,31,72,145,196
2324,57,56,50,114,51,122
2325,26,61,78,15,1,24
2326,55,33,9,80,173,37
2327,18,37,14,101,145,134
2328,62,62,87,99,30,117
2329,41,36,59,8,175,217
2330,30,5,62,87,63,66
2331,26,42,92,14,128,193
2332,29,5,39,94,245,165
2333,54,40,33,91,149,155
2334,33,33,31,20,98,95
2335,51,32,61,52,140,162
2336,22,19,88,79,136,68
2337,49,15,63,108,118,19
2338,55,61,42,49,57,162
2339,0,46,125,80,151,176
2340,62,62,107,59,154,128
2341,55,61,101,79,22,248
2342,58,61,67,90,29,252
2343,33,2,51,27,252,204
2344,10,8,127,126,121,167
2345,23,23,64,121,210,18
2346,42,43,68,58,54,94
2347,10,30,106,0,6,3
2348,49,15,108,88,251,152
2349,28,23,118,121,75,85
2350,55,23,17,54,163,73
2351,52,17,71,58,104,24
2352,6,44,90,6,151,201
2353,55,61,69,6,185,191
2354,51,5,125,107,162,58
2355,29,12,48,79,1,243
2356,58,12,22,1,98,189
2357,15,36,17,94,30,71
2358,45,30,57,73,200,213
2359,15,60,47,54,68,142
2360,15,60,101,22,202,195
2361,2,36,33,61,19,41
2362,15,60,62,45,190,230
2363,47,53,109,40,232,183
2364,60,58,104,43,139,153
2365,55,61,89,13,154,36
2366,19,33,91,104,213,28
2367,48,57,0,32,50,220
2368,10,8,81,114,58,225
2369,7,56,20,117,224,2
2370,42,43,52,82,28,191
2371,23,50,42,86,92,140
2372,30,51,25,53,39,137
2373,49,15,75,15,169,243
2374,55,36,21,56,159,128
2375,9,23,67,103,241,53
2376,5,48,34,60,145,21
2377,12,53,111,53,101,174
2378,16,48,53,25,214,217
2379,23,50,87,32,209,73
2380,4,24,92,105,17,114
2381,28,23,86,67,248,177
2382,59,59,114,54,179,166
2383,4,24,42,74,121,99
2384,63,32,101,97,10,4
2385,57,56,58,102,6,61
2386,63,63,21,21,46,87
2387,63,63,64,7,226,245
2388,2,8,79,35,94,163
2389,41,56,95,49,108,230
2390,41,31,107,106,221,103
2391,48,57,9,39,117,31
2392,56,13,37,27,145,69
2393,17,54,61,89,157,102
2394,56,1,10,127,6,247
2395,38,6,23,23,27,242
2396,56,13,5,84,7,184
2397,59,59,36,35,175,79
2398,42,43,36,5,188,45
2399,58,29,52,122,112,131
2400,62,62,76,102,216,65
2401,35,35,54,21,3,202
2402,23,43,9,118,94,124
2403,59,35,115,12,61,103
2404,2,22,89,28,148,154
2405,16,48,122,107,51,51
2406,23,50,77,62,28,209
2407,5,24,126,60,134,86
2408,50,0,48,70,47,144
2409,5,49,122,59,66,191
2410,22,25,70,39,175,100
2411,49,15,80,90,133,38
2412,42,43,78,116,83,27
2413,6,60,48,0,0,112
2414,47,30,3,33,23,253
2415,46,34,22,84,57,129
2416,20,57,100,115,240,117
2417,53,51,117,113,23,230
2418,0,46,116,11,25,101
2419,23,50,105,112,202,164
2420,33,2,124,20,26,94
2421,23,50,78,116,93,217
2422,16,48,59,78,98,134
2423,62,43,75,25,68,144
2424,18,38,13,89,174,131
2425,40,59,83,98,33,127
2426,44,6,43,9,1,70
2427,12,55,5,109,131,137
2428,42,43,78,121,110,65
2429,55,61,29,15,83,255
2430,51,52,29,22,202,31
2431,60,41,7,126,4,244
2432,32,20,34,1,61,244
2433,48,57,33,75,43,118
2434,48,57,123,112,209,163
2435,10,8,47,75,222,154
2436,27,57,105,5,24,131
2437,62,62,31,108,191,142
2438,32,6,83,109,167,57
2439,44,28,26,22,126,19
2440,51,40,88,93,84,99
2441,23,50,32,56,195,36
2442,50,40,63,70,214,8
2443,0,24,100,112,123,148
2444,34,46,101,7,170,145
2445,50,34,60,24,104,160
2446,9,39,79,48,128,224
2447,49,15,98,65,86,31
2448,0,46,69,6,210,60
2449,31,52,69,83,60,52
2450,42,62,41,84,6,26
2451,16,35,8,29,188,164
2452,23,50,63,96,32,86
2453,42,57,12,32,8,197
2454,42,43,61,61,120,82
2455,9,18,62,53,28,170
2456,18,9,17,66,189,134
2457,63,29,73,86,134,17
2458,19,37,106,12,6,89
2459,0,46,10,6,170,255
2460,0,46,49,36,186,91
2461,62,62,85,92,230,209
2462,35,30,92,91,11,136
2463,27,27,73,85,182,22
2464,8,43,88,16,136,19
2465,16,48,70,25,161,128
2466,25,25,24,13,132,237
2467,47,39,0,112,69,32
2468,61,55,81,55,170,240
2469,52,15,100,6,22,120
2470,40,51,11,82,129,234
2471,59,34,79,99,73,248
2472,32,45,51,110,127,133
2473,31,56,85,9,178,126
2474,29,18,11,55,74,18
2475,3,12,80,118,238,107
2476,61,6,14,79,172,244
2477,57,56,74,15,228,201
2478,52,17,84,121,28,238
2479,41,56,65,46,131,223
2480,5,45,120,87,223,85
2481,34,49,110,22,13,41
2482,61,55,9,98,11,80
2483,5,45,120,10,17,35
2484,28,23,38,35,136,195
2485,5,16,23,115,65,118
2486,21,63,90,37,124,54
2487,44,59,39,77,221,250
2488,44,28,66,66,175,234
2489,21,10,86,123,204,237
2490,21,32,101,102,135,159
2491,4,24,51,17,222,219
2492,5,45,5,84,121,203
2493,21,29,1,117,172,125
2494,21,34,94,102,197,18
2495,45,7,11,81,136,126
2496,20,28,120,105,203,127
2497,29,35,28,127,184,73
2498,49,15,123,76,86,228
2499,10,8,57,101,208,26
2500,10,8,65,40,231,34
2501,49,15,112,55,74,239
2502,50,34,12,43,53,66
2503,34,49,60,22,34,161
2504,24,52,32,67,172,89
2505,0,11,84,85,17,92
2506,16,63,14,32,77,54
2507,16,48,13,66,6,251
2508,52,17,20,18,30,234
2509,33,2,122,53,105,29
2510,4,24,73,64,171,153
2511,53,51,64,51,175,191
2512,24,14,59,13,172,195
2513,10,8,107,87,148,195
2514,10,8,107,87,148,195
2515,2,36,122,62,86,165
2516,13,22,71,63,226,180
2517,44,28,24,42,106,81
2518,24,17,116,2,154,240
2519,32,20,68,26,240,58
2520,34,49,80,109,214,227
2521,51,40,48,53,46,206
2522,35,35,116,103,216,112
2523,9,18,17,66,14,1
2524,62,40,45,98,229,243
2525,42,43,33,93,46,40
2526,47,39,19,66,58,229
2527,7,2,109,44,229,34
2528,58,29,89,18,57,34
2529,12,53,41,72,28,104
2530,45,47,44,100,53,238
2531,29,40,122,98,233,5
2532,61,55,112,40,151,84
2533,0,49,42,59,153,225
2534,34,49,69,90,1,192
2535,9,18,27,98,61,90
2536,61,49,40,70,241,188
2537,58,29,22,117,74,68
2538,43,11,46,82,31,185
2539,23,50,0,7,228,85
2540,26,42,99,80,241,12
2541,23,50,85,53,101,238
2542,44,28,76,107,250,36
2543,43,11,46,12,124,57
2544,49,15,2,93,31,56
2545,41,46,18,52,68,223
2546,44,28,8,89,146,74
2547,42,43,76,68,0,89
2548,60,58,102,75,245,129
2549,14,14,46,29,152,83
2550,58,29,90,4,168,214
2551,33,2,100,36,106,128
2552,58,29,109,97,98,45
2553,1,1,27,47,94,49
2554,37,21,106,94,228,90
2555,59,59,8,43,197,172
2556,5,16,61,121,222,113
2557,16,48,76,107,43,213
2558,35,35,32,34,187,96
2559,37,21,46,40,120,167
2560,52,6,21,79,221,62
2561,13,22,111,119,224,118
2562,4,24,14,10,190,67
2563,37,21,5,41,158,70
2564,45,47,77,78,143,144
2565,53,51,70,32,254,94
2566,47,30,113,5,37,24
2567,24,14,65,63,236,246
2568,4,57,84,107,25,215
2569,13,22,16,122,118,53
2570,62,62,75,113,59,160
2571,14,46,11,2,60,24
2572,9,32,6,28,218,68
2573,31,52,33,65,159,249
2574,62,62,74,61,88,208
2575,62,62,123,58,73,36
2576,61,50,56,92,32,22
2577,37,46,77,28,3,50
2578,51,52,16,115,93,98
2579,13,22,29,24,107,179
2580,0,46,15,91,173,66
2581,38,6,118,121,160,193
2582,36,35,106,127,25,161
2583,38,6,10,121,192,171
2584,17,54,101,15,68,111
2585,3,32,44,48,161,8
2586,41,56,64,90,42,255
2587,18,37,85,39,63,159
2588,29,12,20,36,189,223
2589,3,0,52,36,88,192
2590,3,0,2,108,92,38
2591,14,14,52,113,246,243
2592,14,14,113,110,246,94
2593,14,14,83,120,165,151
2594,24,6,91,79,222,220
2595,23,50,53,25,12,131
2596,19,9,89,21,94,13
2597,14,63,83,81,201,182
2598,62,25,54,27,235,73
2599,15,60,74,96,113,32
2600,54,40,72,91,61,178
2601,56,60,76,39,197,34
2602,0,46,45,100,230,80
2603,52,25,70,39,106,220
2604,5,17,124,125,237,163
2605,5,16,59,39,228,156
2606,46,17,49,68,97,72
2607,24,28,15,75,63,252
2608,63,54,116,19,167,176
2609,9,18,22,4,4,91
2610,19,15,44,114,175,63
2611,60,24,7,43,61,247
2612,31,59,91,98,170,85
2613,40,57,100,101,115,228
2614,50,34,69,24,218,140
2615,18,37,9,2,195,51
2616,51,5,47,72,14,93
2617,19,37,18,112,55,240
2618,34,31,58,6,153,190
2619,52,17,101,24,104,113
2620,62,38,93,6,78,193
2621,52,17,86,73,178,142
2622,23,62,83,120,129,137
2623,25,26,77,55,108,41
2624,48,57,89,47,149,112
2625,60,58,100,122,31,212
2626,48,27,71,15,1,70
2627,49,15,23,79,89,122
2628,55,61,30,30,25,165
2629,52,17,4,10,177,173
2630,52,17,22,117,170,23
2631,35,30,115,59,67,144
2632,45,7,49,95,72,159
2633,44,36,79,41,12,49
2634,61,55,109,40,192,99
2635,14,14,95,2,110,128
2636,10,8,92,90,66,93
2637,45,47,83,93,65,141
2638,26,32,88,115,163,210
2639,26,35,62,97,54,238
2640,51,29,25,117,73,185
2641,4,61,73,46,241,108
2642,14,14,97,123,74,209
2643,16,48,39,120,201,76
2644,0,29,97,22,57,50
2645,0,23,42,22,59,128
2646,16,48,29,118,255,193
2647,16,48,59,71,200,114
2648,59,59,125,96,59,232
2649,9,18,64,73,106,102
2650,28,23,49,101,18,197
2651,34,49,60,97,120,116
2652,11,52,86,51,16,175
2653,19,33,122,46,53,67
2654,13,22,102,74,123,40
2655,31,26,77,39,202,236
2656,34,49,29,22,137,223
2657,13,22,69,66,211,163
2658,55,61,89,18,119,36
2659,55,61,119,18,180,22
2660,50,40,122,70,62,49
2661,56,13,5,37,13,208
2662,56,13,58,80,126,31
2663,56,13,2,123,199,129
2664,56,32,101,2,146,92
2665,56,13,102,125,242,153
2666,14,14,89,85,71,148
2667,46,54,1,104,178,164
2668,17,59,2,77,226,120
2669,59,52,7,85,45,39
2670,17,61,52,70,182,26
2671,4,24,45,47,62,119
2672,52,17,112,112,76,219
2673,0,32,12,106,59,90
2674,17,54,46,29,143,15
2675,5,46,22,31,56,191
2676,17,54,29,60,27,200
2677,17,49,5,115,129,112
2678,55,61,42,42,249,133
2679,61,57,104,31,200,120
2680,23,50,63,40,72,210
2681,24,14,122,30,25,161
2682,13,6,86,65,3,78
2683,58,29,90,46,134,139
2684,13,16,103,40,248,37
2685,45,40,107,46,223,17
2686,4,48,94,78,76,157
2687,14,14,96,26,79,62
2688,55,58,72,80,107,237
2689,20,42,44,48,163,98
2690,43,11,61,56,82,45
2691,55,58,33,34,173,180
2692,43,11,56,42,142,172
2693,43,11,61,58,152,118
2694,2,11,56,67,160,51
2695,46,46,24,86,254,51
2696,24,14,73,86,16,106
2697,30,5,91,1,199,137
2698,38,6,85,30,176,41
2699,46,34,94,92,185,169
2700,14,14,124,82,203,162
2701,14,14,15,53,28,190
2702,62,62,8,57,159,249
2703,23,32,98,1,235,209
2704,52,18,59,17,85,90
2705,61,34,25,37,30,84
2706,5,16,46,96,64,233
2707,47,11,31,120,115,137
2708,14,14,73,1,153,20
2709,11,47,116,101,58,67
2710,54,10,99,16,222,169
2711,52,11,47,124,91,104
2712,16,48,70,114,192,136
2713,24,14,57,35,36,49
2714,0,35,100,34,30,50
2715,16,48,92,32,126,190
2716,14,14,1,74,243,213
2717,43,11,7,109,60,169
2718,5,14,89,127,192,125
2719,43,11,105,72,224,191
2720,14,46,72,54,65,237
2721,46,34,121,109,203,69
2722,58,12,107,32,46,24
2723,61,55,102,57,34,159
2724,14,6,34,113,227,208
2725,60,58,36,14,160,178
2726,60,58,62,107,251,197
2727,60,58,70,20,55,225
2728,35,30,64,21,236,111
2729,60,5,63,104,159,58
2730,13,22,91,127,177,53
2731,58,29,15,49,65,214
2732,61,13,92,73,186,16
2733,54,10,113,66,158,197
2734,34,49,88,115,23,190
2735,13,22,4,39,146,15
2736,28,16,120,59,26,5
2737,23,50,98,65,236,22
2738,5,30,115,127,106,234
2739,13,53,48,97,116,126
2740,1,34,68,45,91,206
2741,63,3,3,18,236,6
2742,1,52,60,85,129,143
2743,46,1,54,96,220,1
2744,17,0,44,0,2,0
2745,1,54,38,86,23,115
2746,17,0,44,0,2,0
2747,46,49,13,94,244,62
2748,1,13,85,53,93,104
2749,25,7,82,39,146,120
2750,23,50,2,7,158,182
2751,5,16,126,60,125,234
2752,58,22,109,97,82,13
2753,9,18,37,45,173,94
2754,30,5,79,14,46,4
2755,30,5,34,10,211,64
2756,8,26,57,35,171,60
2757,8,59,73,99,208,42
2758,39,61,123,60,34,147
2759,37,21,80,14,241,156
2760,12,53,8,59,58,201
2761,62,62,80,110,197,31
2762,35,30,28,72,233,59
2763,22,15,11,114,9,120
2764,8,26,31,74,9,53
2765,54,10,30,30,51,122
2766,31,63,2,7,185,251
2767,31,3,62,7,2,169
2768,24,14,73,86,26,154
2769,10,3,50,8,56,145
2770,6,60,25,6,213,175
2771,2,15,10,102,3,114
2772,18,37,46,111,142,110
2773,5,16,60,10,133,64
2774,5,24,110,69,181,85
2775,37,21,115,127,61,180
2776,16,48,34,127,179,115
2777,35,19,0,12,57,148
2778,33,2,79,88,159,197
2779,19,11,92,99,4,187
2780,62,62,33,89,110,208
2781,0,46,27,15,248,135
2782,37,21,21,76,27,13
2783,47,58,69,106,1,198
2784,40,6,116,9,200,190
2785,4,24,41,100,40,23
2786,8,26,88,115,154,173
2787,12,57,111,57,89,120
2788,5,49,103,0,117,197
2789,58,29,90,46,236,54
2790,19,30,97,120,110,135
2791,23,12,120,117,73,52
2792,4,24,39,123,90,21
2793,34,49,46,22,116,102
2794,58,29,88,108,241,209
2795,44,28,119,95,59,3
2796,10,8,123,58,50,140
2797,2,36,75,17,16,140
2798,27,27,49,22,253,99
2799,30,5,88,45,92,210
2800,20,19,34,46,45,36
2801,52,17,51,17,200,226
2802,46,17,87,70,226,175
2803,61,55,23,113,163,35
2804,46,17,1,64,19,174
2805,31,3,42,5,107,236
2806,31,3,96,40,214,56
2807,32,10,37,123,114,15
2808,63,3,57,54,41,52
2809,54,10,40,86,175,170
2810,31,3,12,97,155,251
2811,31,3,67,5,59,255
2812,34,57,47,58,122,34
2813,47,51,107,82,109,190
2814,53,30,69,46,99,28
2815,39,53,53,117,200,89
2816,48,57,102,46,185,166
2817,18,37,23,113,7,211
2818,2,43,92,43,48,230
2819,62,38,56,48,235,82
2820,35,50,43,23,189,161
2821,57,56,120,113,70,93
2822,57,56,85,71,219,27
2823,3,0,68,96,57,60
2824,41,56,5,111,117,202
2825,0,32,38,44,191,200
2826,8,39,114,34,163,148
2827,33,2,66,106,115,204
2828,32,61,67,46,224,197
2829,0,32,63,96,1,58
2830,24,14,58,52,23,32
2831,16,48,21,102,202,90
2832,62,62,9,83,143,218
2833,4,24,31,108,187,57
2834,14,14,2,7,213,254
2835,19,33,81,99,28,213
2836,62,14,92,127,84,150
2837,42,38,73,89,130,199
2838,62,62,72,33,117,213
2839,62,62,0,12,242,12
2840,17,18,15,55,125,237
2841,62,62,76,25,170,86
2842,34,11,47,57,206,228
2843,16,48,12,5,188,136
2844,61,55,48,24,133,187
2845,23,53,30,3,201,235
2846,5,16,2,7,101,32
2847,4,24,5,105,87,238
2848,63,8,100,61,81,236
2849,31,39,67,57,108,32
2850,24,8,30,66,33,14
2851,13,22,113,127,96,197
2852,16,48,28,68,254,225
2853,14,14,122,32,0,212
2854,52,17,105,53,242,227
2855,5,45,121,72,166,219
2856,22,19,37,20,95,96
2857,28,25,103,62,151,105
2858,2,36,24,37,84,63
2859,19,33,100,104,185,152
2860,18,0,14,53,150,32
2861,9,18,91,110,246,165
2862,3,0,80,83,187,255
2863,14,14,116,20,199,26
2864,38,6,84,19,179,241
2865,49,15,26,22,240,34
2866,58,29,34,60,236,3
2867,57,56,53,103,211,195
2868,55,27,22,80,216,179
2869,49,15,63,92,1,65
2870,53,51,81,81,158,120
2871,29,12,42,123,189,203
2872,29,35,28,108,17,73
2873,29,12,124,127,162,90
2874,41,56,9,67,107,152
2875,41,0,52,36,222,166
2876,3,0,64,101,140,10
2877,57,50,121,76,191,115
2878,26,56,14,70,139,115
2879,29,12,68,49,24,67
2880,41,56,114,11,227,156
2881,3,0,0,53,64,227
2882,11,47,88,28,35,108
2883,62,62,33,7,133,65
2884,18,43,5,58,81,77
2885,53,51,98,58,88,227
2886,62,62,6,111,21,169
2887,1,28,123,117,50,50
2888,44,28,45,100,124,212
2889,13,22,45,100,21,141
2890,59,22,63,124,86,2
2891,49,52,45,1,139,109
2892,57,34,46,88,4,150
2893,9,18,56,77,120,206
2894,14,14,76,102,66,228
2895,38,41,33,28,221,241
2896,0,32,38,29,73,139
2897,14,14,77,82,111,151
2898,42,43,3,110,171,173
2899,50,40,12,70,43,230
2900,61,55,41,100,167,204
2901,24,14,70,111,117,25
2902,49,49,82,89,204,238
2903,21,49,100,47,121,12
2904,42,43,7,100,166,248
2905,60,2,19,118,73,26
2906,51,36,80,114,226,188
2907,51,52,92,85,193,184
2908,1,1,1,89,254,186
2909,35,30,57,114,2,80
2910,25,25,17,68,81,42
2911,11,31,10,61,247,251
2912,11,31,42,106,85,172
2913,54,31,17,114,80,235
2914,50,0,117,48,234,22
2915,29,12,4,122,42,232
2916,3,0,99,11,247,61
2917,63,63,58,14,172,19
2918,32,8,47,87,205,142
2919,17,54,38,110,35,13
2920,22,19,31,105,118,170
2921,17,54,40,30,3,61
2922,10,8,68,58,174,128
2923,1,45,55,47,53,244
2924,44,28,20,122,65,12
2925,32,53,62,60,50,26
2926,44,28,74,58,60,242
2927,63,63,57,123,178,20
2928,52,49,70,92,183,100
2929,7,7,12,28,140,109
2930,43,9,117,80,148,240
2931,46,34,42,29,73,178
2932,34,49,113,3,139,204
2933,44,28,72,52,207,156
2934,34,49,48,47,123,53
2935,48,57,92,44,36,225
2936,10,8,59,100,249,245
2937,54,10,84,63,34,12
2938,27,27,111,124,17,164
2939,50,36,15,97,254,108
2940,3,0,20,57,208,33
2941,29,12,101,38,26,28
2942,58,6,78,66,225,113
2943,14,47,17,16,145,71
2944,7,7,98,64,27,74
2945,28,29,34,19,3,178
2946,24,46,84,126,167,67
2947,3,0,0,53,78,204
2948,36,0,99,76,94,72
2949,58,29,122,97,77,160
2950,58,29,37,127,246,189
2951,57,35,80,110,140,141
2952,63,63,24,42,201,253
2953,57,20,25,5,33,114
2954,44,29,98,80,142,202
2955,63,63,120,75,183,79
2956,39,39,70,43,175,195
2957,21,31,100,34,34,132
2958,13,22,91,60,241,142
2959,52,17,25,66,80,112
2960,57,14,19,29,115,35
2961,3,0,120,74,218,189
2962,3,31,120,113,226,44
2963,1,3,83,97,76,216
2964,29,40,28,39,166,5
2965,56,13,63,60,58,67
2966,56,13,40,24,47,61
2967,56,32,29,111,133,119
2968,51,52,109,53,118,174
2969,51,52,107,7,144,119
2970,9,16,34,28,50,51
2971,14,14,96,26,123,240
2972,32,20,63,60,194,188
2973,6,44,32,14,8,50
2974,32,20,65,63,231,54
2975,32,20,94,119,177,220
2976,44,28,30,2,241,122
2977,9,18,115,49,145,19
2978,9,18,22,108,166,44
2979,56,1,94,87,200,206
2980,34,34,89,17,206,217
2981,11,28,69,59,196,137
2982,38,49,1,0,60,77
2983,58,29,105,97,233,13
2984,59,59,87,62,224,138
2985,56,49,94,21,160,211
2986,35,30,71,125,247,218
2987,2,36,101,22,240,160
2988,61,55,24,6,90,205
2989,41,56,50,8,245,230
2990,3,0,99,60,167,254
2991,11,31,94,46,174,116
2992,29,12,29,15,59,168
2993,29,12,5,84,251,15
2994,30,5,88,14,86,101
2995,55,62,111,87,27,186
2996,30,30,21,103,0,66
2997,35,19,101,125,241,18
2998,30,5,44,63,240,151
2999,12,53,38,4,150,131
3000,63,63,100,56,23,71
3001,14,14,36,25,95,240
3002,45,47,111,48,227,79
3003,46,17,52,55,241,164
3004,3,0,78,67,147,194
3005,35,30,113,3,215,147
3006,18,38,106,127,80,184
3007,49,52,94,78,163,227
3008,47,9,56,91,178,150
3009,49,15,64,58,132,81
3010,52,17,71,56,172,195
3011,34,49,85,83,22,0
3012,61,55,109,40,151,230
3013,29,12,84,43,86,113
3014,29,12,17,42,171,209
3015,4,24,125,81,205,211
3016,39,0,88,0,214,0
3017,45,47,95,116,45,12
3018,34,49,60,22,208,40
3019,46,17,114,101,243,167
3020,46,1,54,123,91,50
3021,55,3,92,79,157,85
3022,37,21,53,29,230,252
3023,10,8,57,101,242,162
3024,42,38,20,107,92,117
3025,62,45,34,117,255,82
3026,4,24,41,84,31,136
3027,2,30,11,6,215,166
3028,0,46,32,91,63,195
3029,0,46,2,24,3,162
3030,0,22,77,73,169,237
3031,13,49,51,89,31,223
3032,17,49,90,89,128,183
3033,12,53,76,39,61,199
3034,34,49,38,68,187,200
3035,18,37,93,77,184,30
3036,24,6,72,108,63,73
3037,60,34,19,31,175,6
3038,61,55,79,98,219,5
3039,14,46,94,81,174,30
3040,13,22,68,90,104,51
3041,33,62,56,59,5,106
3042,59,59,23,8,183,143
3043,4,24,2,33,20,5
3044,14,48,34,18,181,77
3045,4,24,6,52,130,123
3046,59,59,68,42,19,232
3047,38,23,122,47,59,119
3048,4,48,75,76,218,98
3049,58,45,121,66,20,118
3050,58,45,120,8,182,87
3051,9,18,125,23,139,178
3052,4,24,85,96,238,68
3053,4,24,64,73,115,206
3054,61,55,75,38,222,189
3055,37,21,124,93,30,89
3056,59,59,87,10,214,60
3057,59,59,69,6,96,136
3058,4,24,12,40,80,172
3059,4,24,19,71,241,113
3060,4,24,0,101,153,208
3061,0,24,15,118,133,12
3062,17,49,64,26,80,223
3063,38,6,85,61,148,99
3064,9,18,77,97,1,247
3065,28,23,125,96,215,194
3066,4,24,114,11,156,104
3067,59,59,85,119,200,175
3068,21,52,16,102,101,5
3069,13,22,91,41,131,160
3070,13,22,27,89,133,139
3071,13,22,27,89,133,139
3072,42,38,73,123,4,70
3073,0,46,9,106,23,49
3074,16,48,45,63,184,152
3075,4,24,78,126,144,68
3076,16,48,80,32,202,83
3077,4,48,46,6,14,149
3078,16,48,101,40,134,144
3079,61,55,49,24,209,202
3080,61,55,102,41,6,80
3081,52,4,25,111,30,126
3082,46,46,105,55,250,183
3083,48,61,57,76,109,51
3084,23,53,90,118,207,182
3085,42,43,1,7,133,123
3086,52,39,67,48,44,175
3087,42,62,87,101,11,170
3088,62,62,87,107,174,200
3089,23,50,36,107,42,90
3090,62,19,107,40,32,171
3091,62,62,33,116,148,229
3092,42,28,87,123,46,39
3093,62,38,82,101,77,70
3094,32,29,18,4,15,43
3095,39,4,26,121,166,242
3096,10,8,61,105,64,42
3097,49,15,113,5,125,28
3098,26,42,51,33,113,127
3099,44,28,77,44,140,199
3100,61,17,45,21,30,3
3101,17,37,115,31,89,250
3102,33,2,2,126,2,201
3103,38,28,15,117,132,235
3104,13,22,124,110,104,166
3105,58,20,109,29,183,213
3106,51,52,63,70,86,160
3107,51,52,79,20,21,45
3108,30,39,102,46,20,227
3109,30,5,65,40,203,69
3110,20,42,44,48,173,152
3111,46,45,120,3,22,196
3112,11,31,117,74,53,211
3113,10,8,84,110,209,83
3114,10,8,41,84,11,28
3115,49,30,108,92,26,154
3116,2,30,101,121,175,196
3117,49,15,18,12,80,0
3118,39,47,40,14,73,156
3119,47,39,37,120,23,36
3120,45,47,26,30,146,154
3121,39,4,71,16,41,101
3122,40,41,48,76,45,172
3123,53,51,101,53,214,238
3124,26,42,98,65,217,237
3125,11,31,19,83,51,44
3126,33,2,72,82,46,122
3127,40,41,74,45,9,204
3128,31,36,63,124,238,130
3129,53,51,118,14,249,111
3130,8,26,103,69,240,40
3131,49,15,123,112,24,29
3132,8,26,106,12,99,207
3133,49,15,76,125,55,227
3134,55,20,26,58,138,154
3135,39,4,93,76,239,177
3136,7,2,70,16,247,89
3137,22,43,88,124,99,235
3138,25,25,68,33,231,221
3139,46,34,30,29,73,172
3140,19,50,14,65,3,74
3141,19,33,95,32,188,170
3142,42,43,76,102,217,251
3143,13,58,100,55,67,63
3144,18,37,35,55,255,178
3145,53,51,103,102,15,138
3146,5,14,57,72,232,95
3147,18,43,32,127,254,102
3148,24,62,125,9,62,114
3149,44,28,39,102,179,60
3150,20,19,68,46,144,113
3151,41,39,59,90,196,207
3152,13,32,101,46,15,151
3153,38,6,105,33,16,40
3154,3,0,62,28,38,251
3155,54,40,107,13,204,35
3156,12,37,126,122,201,179
3157,32,20,108,114,80,148
3158,61,61,6,0,182,197
3159,58,29,124,46,241,19
3160,26,15,0,68,195,131
3161,61,55,41,83,224,104
3162,62,62,63,11,129,57
3163,52,17,122,7,117,155
3164,5,24,114,60,215,144
3165,38,6,118,126,182,111
3166,38,46,118,9,190,157
3167,59,28,86,9,12,131
3168,7,7,12,28,19,229
3169,49,15,37,27,161,121
3170,62,62,110,126,127,164
3171,23,42,22,96,102,235
3172,38,6,13,52,145,47
3173,62,38,73,113,102,96
3174,62,22,80,88,57,112
3175,62,43,85,6,8,225
3176,40,35,43,46,141,205
3177,46,1,54,5,246,185
3178,15,60,93,34,201,12
3179,63,63,98,30,81,50
3180,23,50,85,83,177,208
3181,60,58,61,38,116,111
3182,2,41,97,62,97,188
3183,22,25,55,43,225,154
3184,56,45,106,74,198,75
3185,38,6,10,44,151,54
3186,7,7,39,11,82,63
3187,47,30,91,92,77,149
3188,46,17,76,75,192,50
3189,55,61,95,82,238,188
3190,61,55,72,33,230,53
3191,49,14,69,87,23,126
3192,25,8,107,76,19,83
3193,59,46,74,1,119,114
3194,2,12,12,43,175,151
3195,57,56,61,38,42,118
3196,57,56,112,113,154,167
3197,52,17,95,93,205,75
3198,38,6,30,30,28,156
3199,38,33,35,100,194,147
3200,16,48,32,18,143,16
3201,10,8,111,124,179,32
3202,7,7,5,88,237,39
3203,59,15,66,65,11,89
3204,50,1,87,106,64,242
3205,31,3,55,9,254,9
3206,9,18,73,86,39,207
3207,43,9,101,109,219,44
3208,14,46,94,81,181,123
3209,1,52,29,38,35,63
3210,52,34,14,87,186,77
3211,52,52,98,52,141,47
3212,36,35,94,121,17,174
3213,56,13,120,125,51,44
3214,56,13,106,106,5,120
3215,24,14,37,35,9,79
3216,36,35,84,63,138,108
3217,52,17,112,122,53,200
3218,51,47,123,15,232,161
3219,54,10,88,20,183,40
3220,24,14,83,8,88,242
3221,14,58,31,25,249,63
3222,5,17,78,76,162,243
3223,56,45,16,108,161,233
3224,33,2,45,90,143,39
3225,56,2,67,90,203,195
3226,33,2,27,78,62,189
3227,13,22,43,23,243,163
3228,13,22,70,32,130,169
3229,39,4,103,89,137,254
3230,9,18,11,94,175,21
3231,46,45,121,70,145,105
3232,33,2,85,110,140,99
3233,51,40,61,22,62,90
3234,52,17,27,10,251,219
3235,5,1,127,103,122,200
3236,15,40,88,30,157,162
3237,14,14,93,81,124,17
3238,7,7,78,34,59,12
3239,48,19,37,95,45,101
3240,7,7,105,36,59,128
3241,14,14,77,81,45,129
3242,5,16,109,40,64,87
3243,23,32,98,29,117,101
3244,5,45,76,109,253,185
3245,38,6,43,23,212,118
3246,59,59,105,91,160,93
3247,20,42,122,41,161,101
3248,5,63,12,32,245,120
3249,13,22,22,63,193,59
3250,43,25,16,4,60,122
3251,8,26,115,125,14,9
3252,27,27,73,1,165,108
3253,15,60,91,91,189,31
3254,50,34,2,5,166,231
3255,15,51,19,47,156,43
3256,7,7,51,124,113,74
3257,16,48,104,80,78,167
3258,3,31,69,6,60,158
3259,5,49,6,104,75,57
3260,1,1,16,28,83,63
3261,1,1,29,38,135,0
3262,40,27,100,0,251,165
3263,31,3,22,73,19,201
3264,31,3,3,88,45,37
3265,31,3,66,43,23,32
3266,13,29,127,63,87,181
3267,33,22,77,66,44,54
3268,1,1,10,32,29,192
3269,15,60,56,74,236,232
3270,11,8,47,76,39,245
3271,21,26,100,81,24,201
3272,31,3,49,36,67,105
3273,54,20,113,26,142,113
3274,32,20,89,21,191,42
3275,42,43,58,35,48,125
3276,32,20,94,70,102,232
3277,63,63,60,56,91,32
3278,5,16,27,61,123,211
3279,24,46,26,17,132,79
3280,26,42,71,101,234,172
3281,27,27,74,51,95,122
3282,27,27,78,51,59,168
3283,39,7,113,72,93,102
3284,8,26,83,11,208,170
3285,19,8,17,57,157,207
3286,53,8,31,57,158,87
3287,10,8,96,122,155,218
3288,60,58,66,106,22,153
3289,53,30,58,104,130,128
3290,53,8,22,119,143,154
3291,9,18,75,17,188,15
3292,44,28,18,89,192,70
3293,53,8,13,28,192,31
3294,14,14,93,109,219,188
3295,39,42,57,112,170,68
3296,37,21,77,114,51,196
3297,54,10,71,4,228,137
3298,3,0,27,98,58,203
3299,21,49,103,11,117,155
3300,14,14,2,81,178,255
3301,42,54,5,36,109,60
3302,13,22,119,30,113,35
3303,44,52,118,25,114,29
3304,47,39,29,15,102,227
3305,58,45,67,102,237,157
3306,46,17,10,75,126,57
3307,3,0,15,18,119,66
3308,54,10,110,26,32,72
3309,36,35,2,123,76,17
3310,11,31,88,53,123,150
3311,3,31,29,24,167,116
3312,50,56,4,70,206,127
3313,41,56,112,81,158,230
3314,29,12,4,122,245,208
3315,56,13,68,66,198,179
3316,61,13,107,115,223,150
3317,43,9,50,8,229,24
3318,31,32,123,56,31,230
3319,4,24,4,110,127,193
3320,6,32,54,56,172,159
3321,4,24,0,117,89,4
3322,59,59,88,93,31,158
3323,43,46,58,31,204,238
3324,19,33,72,38,239,82
3325,24,14,53,65,72,80
3326,12,37,107,63,81,27
3327,59,59,63,120,160,42
3328,49,15,42,105,19,204
3329,5,45,120,14,237,27
3330,5,16,77,102,90,87
3331,59,59,126,92,160,2
3332,42,48,52,115,198,46
3333,49,15,58,38,133,197
3334,25,57,2,7,138,165
3335,43,25,13,37,131,210
3336,55,42,111,25,87,65
3337,28,23,53,25,163,43
3338,42,38,21,118,43,60
3339,35,9,73,35,65,255
3340,23,38,24,118,147,221
3341,61,55,83,93,240,211
3342,22,19,121,113,179,102
3343,44,39,110,28,253,120
3344,36,32,125,33,131,13
3345,17,54,85,66,204,2
3346,52,17,109,40,231,248
3347,34,6,103,108,75,233
3348,46,29,17,4,45,120
3349,42,43,112,67,172,58
3350,49,15,51,98,39,154
3351,62,38,23,90,190,54
3352,24,14,28,14,246,67
3353,8,26,0,110,0,53
3354,43,11,30,15,42,12
3355,5,16,117,67,165,211
3356,47,39,5,41,233,32
3357,42,43,113,57,15,231
3358,24,14,65,63,122,78
3359,62,62,87,111,117,30
3360,7,11,56,91,22,59
3361,63,0,43,23,116,27
3362,60,58,115,95,56,249
3363,23,50,1,55,63,186
3364,62,62,41,84,226,166
3365,42,43,85,83,100,153
3366,62,38,9,46,45,248
3367,36,35,54,111,234,249
3368,42,43,85,83,181,137
3369,51,52,104,121,76,45
3370,27,27,32,14,149,107
3371,27,27,29,15,117,58
3372,62,38,99,94,133,56
3373,46,38,56,70,120,234
3374,50,36,88,14,128,42
3375,48,1,17,87,109,84
3376,3,0,109,78,176,172
3377,0,25,100,79,2,130
3378,30,5,67,68,218,168
3379,61,4,51,58,87,47
3380,40,4,59,16,72,173
3381,4,24,31,93,87,57
3382,59,59,72,60,132,223
3383,20,42,44,48,241,131
3384,37,6,113,53,153,47
3385,43,11,46,62,224,199
3386,34,49,29,118,188,50
3387,61,59,6,67,135,6
3388,16,45,79,123,208,145
3389,0,46,121,15,48,45
3390,34,49,122,62,95,66
3391,46,34,73,1,47,42
3392,36,35,14,98,73,31
3393,1,54,82,107,218,153
3394,54,47,53,101,131,191
3395,56,49,94,47,119,35
3396,14,12,54,99,63,147
3397,41,35,103,11,202,115
3398,6,6,102,77,183,110
3399,5,45,96,26,242,41
3400,44,28,39,105,141,48
3401,13,22,30,22,70,163
3402,57,6,46,127,157,179
3403,18,38,79,50,105,248
3404,59,59,72,60,169,208
3405,10,57,18,115,116,15
3406,19,33,13,115,98,39
3407,63,32,29,68,124,110
3408,10,8,12,28,177,108
3409,62,62,36,64,222,214
3410,6,44,67,1,89,83
3411,52,16,115,49,248,73
3412,22,0,33,74,103,155
3413,22,25,116,32,39,72
3414,35,33,24,18,100,40
3415,22,43,31,50,204,63
3416,42,43,102,89,53,15
3417,3,0,91,115,5,59
3418,46,17,52,75,126,182
3419,39,47,114,54,129,213
3420,33,2,103,50,190,31
3421,17,54,122,89,12,142
3422,17,54,80,114,241,160
3423,9,18,26,121,19,74
3424,17,54,124,125,25,187
3425,51,40,64,76,248,74
3426,61,55,109,76,224,171
3427,37,2,71,24,232,76
3428,0,46,76,53,108,194
3429,42,43,52,108,227,135
3430,42,30,120,105,17,42
3431,30,5,114,102,190,50
3432,22,19,2,27,228,7
3433,38,6,110,113,27,209
3434,2,36,61,61,219,8
3435,19,33,39,32,10,220
3436,12,53,0,32,254,146
3437,42,43,9,51,134,55
3438,37,6,120,23,16,154
3439,42,37,80,98,235,69
3440,19,33,57,25,144,24
3441,38,6,60,10,84,230
3442,18,43,55,46,25,58
3443,54,10,125,34,167,127
3444,62,62,76,82,28,85
3445,61,53,57,11,158,56
3446,19,33,70,103,208,232
3447,33,2,62,82,24,1
3448,53,13,59,1,238,112
3449,42,43,103,89,87,158
3450,42,43,25,99,217,93
3451,24,14,38,3,60,173
3452,24,14,96,26,183,253
3453,23,47,124,16,255,164
3454,60,55,19,24,235,82
3455,14,14,81,102,207,31
3456,34,49,104,16,255,255
3457,57,56,104,22,15,83
3458,57,56,54,111,135,129
3459,57,56,50,114,27,97
3460,57,56,77,73,150,101
3461,29,12,10,61,134,31
3462,10,8,97,8,0,100
3463,10,8,40,50,17,139
3464,36,35,64,42,84,251
3465,11,62,83,65,178,80
3466,18,0,28,53,181,55
3467,24,14,70,16,216,32
3468,14,20,11,58,188,164
3469,46,17,10,121,97,99
3470,32,22,19,13,16,164
3471,58,29,61,60,145,201
3472,1,1,25,89,245,19
3473,28,23,18,0,219,98
3474,28,25,18,0,125,234
3475,7,7,101,24,2,128
3476,51,52,74,36,187,169
3477,34,49,12,47,246,183
3478,13,22,98,103,76,231
3479,56,7,63,114,27,98
3480,21,63,13,102,228,136
3481,56,13,103,10,123,191
3482,13,22,122,7,102,221
3483,49,15,63,89,193,214
3484,4,48,29,7,166,101
3485,16,48,18,6,134,183
3486,49,15,64,5,243,69
3487,5,16,42,127,194,75
3488,24,14,96,26,188,151
3489,4,24,46,62,238,192
3490,30,5,27,5,117,31
3491,63,35,90,50,107,37
3492,32,54,63,5,167,240
3493,48,57,87,20,45,122
3494,43,11,46,96,113,57
3495,14,54,105,81,192,46
3496,17,54,51,60,208,19
3497,24,14,37,35,166,133
3498,8,26,62,82,238,110
3499,38,6,94,70,93,129
3500,56,34,89,62,4,37
3501,56,13,112,70,235,187
3502,62,62,98,43,45,126
3503,51,52,68,125,52,221
3504,22,25,61,108,252,134
3505,22,43,105,13,73,6
3506,44,58,100,56,114,198
3507,35,33,88,47,116,189
3508,22,19,88,92,230,43
3509,27,9,68,30,115,134
3510,42,38,38,2,65,217
3511,54,10,82,75,107,35
3512,55,61,91,78,232,198
3513,26,61,95,97,165,202
3514,56,13,10,10,132,16
3515,56,32,49,100,129,154
3516,22,30,36,74,111,64
3517,61,55,41,37,120,98
3518,56,13,93,17,206,17
3519,6,44,33,27,49,233
3520,52,16,13,4,109,167
3521,9,10,22,28,63,56
3522,23,50,116,3,192,205
3523,34,49,91,39,215,174
3524,50,34,125,54,11,13
3525,47,11,69,10,113,24
3526,16,21,40,57,183,209
3527,4,24,68,42,127,145
3528,35,30,64,73,111,135
3529,5,45,121,29,74,118
3530,5,17,122,64,136,143
3531,38,6,44,103,166,191
3532,0,35,115,24,179,107
3533,0,46,80,71,172,242
3534,4,24,117,110,15,201
3535,57,0,33,126,186,220
3536,11,31,31,72,31,144
3537,8,29,17,31,99,183
3538,58,29,28,20,16,224
3539,30,5,51,97,93,62
3540,9,18,87,20,129,225
3541,4,24,39,11,49,115
3542,59,59,107,95,68,186
3543,51,52,52,85,141,21
3544,43,56,109,71,113,120
3545,49,15,127,67,197,46
3546,35,32,82,75,34,78
3547,1,54,78,70,154,237
3548,42,43,80,61,86,109
3549,10,8,49,110,253,58
3550,58,29,122,97,180,182
3551,20,57,100,57,198,46
3552,60,58,12,28,218,189
3553,63,63,83,105,239,88
3554,42,43,111,124,167,111
3555,60,58,122,61,190,218
3556,25,25,58,14,5,2
3557,12,53,78,4,15,247
3558,62,62,42,1,242,87
3559,7,17,50,58,235,97
3560,16,22,109,123,210,7
3561,59,59,123,34,217,89
3562,52,17,23,1,213,15
3563,0,46,15,36,22,87
3564,36,47,43,23,31,117
3565,16,48,35,4,3,19
3566,9,18,5,38,74,200
3567,4,24,75,22,110,253
3568,56,63,40,125,179,17
3569,52,17,62,69,34,10
3570,47,5,34,10,57,221
3571,54,10,65,40,108,163
3572,39,4,89,18,133,50
3573,53,21,32,95,238,16
3574,39,4,123,127,100,110
3575,20,57,100,119,68,24
3576,11,31,10,125,169,135
3577,13,22,125,120,137,94
3578,16,48,117,119,177,30
3579,59,59,91,0,19,42
3580,12,53,29,6,123,102
3581,9,18,52,126,21,41
3582,5,16,42,74,199,87
3583,5,16,31,89,64,248
3584,5,35,8,35,253,214
3585,36,16,13,49,178,255
3586,33,47,77,101,175,164
3587,5,45,54,7,7,174
3588,4,24,65,76,163,95
3589,5,16,81,89,106,124
3590,36,35,80,42,148,192
3591,46,34,90,109,49,204
3592,4,24,51,109,234,51
3593,43,33,15,111,155,137
3594,5,16,105,12,55,44
3595,41,23,41,11,4,65
3596,26,42,88,79,139,43
3597,22,19,88,47,220,190
3598,10,8,96,30,219,59
3599,21,63,40,102,94,59
3600,44,14,38,56,195,134
3601,15,60,92,32,59,224
3602,63,38,89,99,0,195
3603,3,0,89,115,197,148
3604,32,20,108,98,59,148
3605,23,50,115,67,36,227
3606,60,58,38,9,251,37
3607,42,43,25,68,47,55
3608,23,50,71,18,47,159
3609,33,30,89,1,166,229
3610,33,2,122,68,253,249
3611,33,2,80,68,34,221
3612,0,24,64,73,196,68
3613,50,36,80,68,97,215
3614,0,46,116,122,145,99
3615,59,24,69,50,64,147
3616,29,12,109,64,190,218
3617,11,31,87,2,221,84
3618,19,33,109,97,44,45
3619,49,15,99,109,243,46
3620,44,28,2,103,97,167
3621,53,51,68,65,180,90
3622,49,15,90,46,131,210
3623,17,10,96,57,63,170
3624,9,18,69,62,237,200
3625,52,17,23,126,4,165
3626,24,14,82,107,243,227
3627,14,14,82,107,243,136
3628,44,28,16,6,202,35
3629,49,15,116,16,219,116
3630,54,10,3,0,67,108
3631,54,10,82,61,67,33
3632,49,15,123,76,19,47
3633,14,14,90,109,219,234
3634,24,14,20,46,135,253
3635,56,13,40,26,94,13
3636,52,17,89,74,245,230
3637,3,0,58,11,88,189
3638,48,57,5,85,100,89
3639,44,28,62,5,245,207
3640,56,32,101,85,65,85
3641,56,13,10,93,244,163
3642,53,51,66,87,156,94
3643,54,40,33,102,179,127
3644,47,39,74,30,46,240
3645,44,28,76,107,241,12
3646,7,6,77,121,109,160
3647,60,58,25,121,96,76
3648,49,9,115,87,174,119
3649,62,62,30,38,117,165
3650,52,17,18,122,255,173
3651,48,24,55,108,90,33
3652,52,16,21,98,134,36
3653,29,22,57,73,24,203
3654,42,43,12,56,85,29
3655,25,57,105,126,45,148
3656,3,0,38,103,47,13
3657,22,19,122,103,150,201
3658,42,43,34,7,93,74
3659,52,17,122,76,37,4
3660,61,55,83,120,145,238
3661,5,55,73,8,181,80
3662,61,55,14,39,178,247
3663,52,17,122,24,107,231
3664,23,50,73,73,229,125
3665,48,57,46,25,100,22
3666,2,36,15,36,211,188
3667,18,37,123,6,70,241
3668,13,22,79,87,131,224
3669,63,63,21,21,170,13
3670,30,5,48,67,151,172
3671,52,5,15,96,147,171
3672,34,49,48,40,6,134
3673,21,44,67,22,77,80
3674,18,37,91,113,7,138
3675,5,62,47,43,213,167
3676,24,14,12,74,158,153
3677,22,19,62,39,226,100
3678,42,38,107,40,106,231
3679,23,50,8,43,17,198
3680,14,14,30,68,219,57
3681,62,62,7,13,98,222
3682,51,40,126,84,198,254
3683,18,37,120,119,13,228
3684,26,42,112,55,43,233
3685,10,8,112,34,238,89
3686,36,36,112,76,36,184
3687,42,38,16,89,221,22
3688,60,11,92,123,27,76
3689,10,8,107,56,161,192
3690,60,58,63,83,36,23
3691,45,47,104,38,113,108
3692,50,31,98,70,169,138
3693,9,18,43,23,250,123
3694,51,60,45,108,184,5
3695,10,8,107,87,85,172
3696,15,60,109,97,90,128
3697,29,12,33,89,254,224
3698,58,22,10,7,41,135
3699,42,38,113,5,64,166
3700,25,9,64,58,56,133
3701,52,17,125,91,169,211
3702,9,18,112,32,90,68
3703,12,53,5,6,82,56
3704,19,33,103,100,91,234
3705,62,62,6,99,167,233
3706,62,62,80,3,156,140
3707,43,56,74,73,255,109
3708,43,11,68,58,68,32
3709,15,6,89,108,33,235
3710,12,53,22,73,128,95
3711,35,23,30,87,210,106
3712,49,11,82,82,163,120
3713,16,1,94,1,167,217
3714,30,46,17,60,203,218
3715,13,22,6,65,240,10
3716,24,14,15,76,8,73
3717,28,24,51,59,139,113
3718,47,5,92,29,59,141
3719,47,11,105,21,122,154
3720,14,59,91,17,33,8
3721,39,4,32,22,118,224
3722,47,39,111,25,155,196
3723,60,58,75,121,79,189
3724,10,8,15,23,86,3
3725,3,0,38,67,112,61
3726,45,47,26,22,120,87
3727,46,34,116,98,73,120
3728,37,21,109,40,161,37
3729,22,19,95,32,7,226
3730,26,30,62,106,204,90
3731,47,10,48,57,39,71
3732,52,17,75,15,145,2
3733,60,58,33,72,4,82
3734,12,53,62,28,85,209
3735,0,32,88,109,241,99
3736,8,26,2,126,252,213
3737,3,0,97,26,85,51
3738,53,30,116,16,175,196
3739,50,41,47,126,80,200
3740,4,24,90,109,172,131
3741,37,21,77,44,54,129
3742,1,25,106,36,29,39
3743,59,59,14,33,124,231
3744,23,50,122,53,28,166
3745,17,48,76,47,73,143
3746,60,52,92,9,219,144
3747,31,48,69,113,238,73
3748,34,49,64,34,209,191
3749,43,11,31,44,89,48
3750,49,15,2,7,21,138
3751,37,59,119,0,232,210
3752,9,32,29,28,181,56
3753,52,17,87,92,160,241
3754,51,40,88,92,162,167
3755,3,56,127,119,0,118
3756,12,53,78,80,122,182
3757,12,10,59,127,119,0
3758,39,42,30,39,156,243
3759,16,11,77,123,11,80
3760,59,59,46,29,195,44
3761,9,18,18,4,104,204
3762,22,3,53,37,110,184
3763,51,5,67,28,197,51
3764,30,5,102,57,231,44
3765,45,4,9,29,179,35
3766,5,22,94,4,164,160
3767,39,4,126,93,201,86
3768,45,35,107,60,215,115
3769,16,48,70,32,8,184
3770,48,57,89,86,96,235
3771,51,40,33,108,122,50
3772,32,20,11,44,235,35
3773,62,43,79,119,8,209
3774,47,39,94,78,13,248
3775,32,59,67,97,162,109
3776,46,60,100,68,24,240
3777,15,60,125,114,9,223
3778,21,9,96,60,172,119
3779,32,8,67,35,15,139
3780,49,15,80,61,117,60
3781,20,57,105,104,98,11
3782,60,58,23,9,195,245
3783,49,15,27,126,201,178
3784,63,3,3,47,55,70
3785,13,22,102,113,220,195
3786,39,4,58,56,161,18
3787,30,39,79,10,96,66
3788,19,33,32,5,177,66
3789,34,49,79,17,120,248
3790,35,39,46,102,192,107
3791,16,59,29,106,102,186
3792,49,21,90,77,48,127
3793,12,53,18,12,239,107
3794,47,44,52,117,4,154
3795,35,9,68,45,188,86
3796,61,55,32,45,243,163
3797,57,35,109,97,224,211
3798,59,24,52,4,128,21
3799,16,11,103,100,161,160
3800,6,6,46,123,188,57
3801,33,55,116,117,154,99
3802,63,63,10,44,156,50
3803,24,14,17,3,245,189
3804,28,25,13,16,166,68
3805,63,63,125,14,140,146
3806,47,39,2,7,219,130
3807,6,44,104,22,55,106
3808,50,15,106,43,69,89
3809,50,36,84,63,130,214
3810,19,43,32,58,59,89
3811,36,35,76,113,161,247
3812,17,23,100,110,212,186
3813,4,24,92,89,51,57
3814,16,48,71,25,161,109
3815,46,17,52,55,144,192
3816,19,33,6,38,250,185
3817,42,43,85,83,227,66
3818,46,17,124,4,150,26
3819,1,1,124,100,68,140
3820,59,59,45,20,236,212
3821,45,6,114,77,175,85
3822,1,1,51,60,42,177
3823,12,37,0,113,102,148
3824,62,18,99,62,69,82
3825,42,62,34,45,11,65
3826,62,62,62,7,89,204
3827,23,50,44,103,251,238
3828,12,53,58,27,249,121
3829,29,12,61,2,255,203
3830,57,56,21,124,246,198
3831,13,22,10,24,40,54
3832,61,55,24,41,2,200
3833,5,16,9,33,222,85
3834,49,15,26,22,234,91
3835,7,7,116,16,131,79
3836,26,42,57,42,136,48
3837,59,59,72,60,2,149
3838,46,17,116,62,78,239
3839,23,42,64,12,117,81
3840,42,29,95,34,74,193
3841,9,2,80,8,204,87
3842,17,48,113,100,3,99
3843,14,14,60,40,169,208
3844,43,9,32,63,41,110
3845,37,32,74,41,241,180
3846,59,59,82,116,4,157
3847,27,27,21,39,30,108
3848,22,63,98,125,211,45
3849,27,57,104,123,186,220
3850,60,58,98,21,102,22
3851,36,50,1,0,213,183
3852,35,35,49,4,107,24
3853,60,58,103,61,240,93
3854,60,58,41,124,89,137
3855,35,35,41,21,71,217
3856,35,30,54,21,166,181
3857,53,7,72,72,100,92
3858,2,36,1,103,0,72
3859,44,28,63,27,128,73
3860,9,22,7,65,157,43
3861,42,43,58,35,97,83
3862,18,37,91,18,19,240
3863,0,46,2,7,34,164
3864,6,44,21,21,56,47
3865,34,49,80,112,228,67
3866,4,24,62,82,0,96
3867,9,18,55,33,162,90
3868,16,48,5,63,174,251
3869,36,32,44,103,13,63
3870,5,45,121,52,152,45
3871,38,6,109,44,51,57
3872,31,3,25,51,145,228
3873,31,52,16,65,141,79
3874,31,3,96,15,94,14
3875,31,60,1,43,45,123
3876,40,41,0,125,44,65
3877,40,41,6,46,182,7
3878,40,41,102,58,209,154
3879,54,10,123,10,228,107
3880,33,2,2,7,180,177
3881,61,55,98,10,19,150
3882,37,63,66,44,165,54
3883,9,18,105,53,149,68
3884,49,15,126,108,62,114
3885,15,60,33,7,126,115
3886,15,13,68,53,193,72
3887,15,60,1,55,65,168
3888,13,22,91,20,10,209
3889,8,7,3,94,191,34
3890,43,46,31,57,145,6
3891,13,22,27,68,126,160
3892,13,22,116,16,247,49
3893,40,41,90,90,108,186
3894,39,47,118,74,156,195
3895,40,41,90,90,108,186
3896,44,59,43,78,114,186
3897,22,19,23,32,24,27
3898,38,6,99,27,106,30
3899,59,59,20,16,220,12
3900,50,45,55,98,102,99
3901,16,48,64,73,51,44
3902,29,12,61,38,113,99
3903,18,37,84,77,194,161
3904,25,25,91,83,188,84
3905,43,25,83,58,131,210
3906,34,49,80,52,135,227
3907,38,6,43,23,223,160
3908,62,62,41,62,182,19
3909,52,17,1,7,148,177
3910,55,33,15,34,19,144
3911,25,19,51,108,159,67
3912,46,17,10,68,55,128
3913,55,61,48,51,96,96
3914,42,43,29,22,222,213
3915,55,61,112,55,166,169
3916,28,23,115,101,9,88
3917,12,37,95,116,201,82
3918,48,12,17,1,117,169
3919,18,37,48,15,218,201
3920,51,40,80,58,207,183
3921,59,59,100,117,236,251
3922,60,58,39,54,195,17
3923,10,8,95,116,35,225
3924,49,15,71,51,75,242
3925,31,60,79,119,87,109
3926,6,56,43,52,47,107
3927,43,11,2,55,166,0
3928,61,55,43,27,82,30
3929,50,31,62,54,48,226
3930,43,11,112,121,87,97
3931,61,55,72,88,97,155
3932,9,21,45,47,144,165
3933,32,20,65,26,125,194
3934,41,20,105,9,53,205
3935,32,51,52,102,0,117
3936,38,6,118,121,220,129
3937,23,50,35,108,157,234
3938,34,49,60,116,43,233
3939,54,40,94,70,162,243
3940,54,40,66,63,117,108
3941,26,26,3,74,105,102
3942,38,6,59,14,51,196
3943,6,44,6,21,164,146
3944,5,16,90,68,186,151
3945,16,48,10,76,67,233
3946,13,31,61,34,191,71
3947,36,35,124,41,183,48
3948,28,23,17,101,165,8
3949,62,62,29,22,192,254
3950,11,31,36,64,106,255
3951,29,12,61,22,226,159
3952,36,31,30,2,28,54
3953,29,12,24,79,229,161
3954,41,56,103,27,168,162
3955,59,59,0,104,205,162
3956,31,35,37,60,60,183
3957,5,16,78,22,151,206
3958,17,54,3,89,66,106
3959,16,48,108,68,213,214
3960,10,8,58,11,216,145
3961,49,15,60,76,132,81
3962,49,15,87,51,200,114
3963,5,16,60,24,92,243
3964,36,35,5,31,209,53
3965,59,59,85,96,254,230
3966,37,21,77,15,165,57
3967,0,46,25,55,225,175
3968,59,59,111,124,237,200
3969,59,59,75,35,56,192
3970,4,24,19,61,151,136
3971,45,47,126,67,142,254
3972,39,4,123,101,188,2
3973,27,27,34,61,126,233
3974,33,55,44,49,196,96
3975,38,6,112,108,92,140
3976,23,50,31,92,97,196
3977,14,55,40,9,62,52
3978,60,58,110,43,221,232
3979,41,56,32,49,90,186
3980,49,5,96,26,129,24
3981,7,7,51,88,40,22
3982,60,58,109,64,250,91
3983,10,8,114,126,206,48
3984,14,14,36,2,72,215
3985,61,55,5,52,179,104
3986,16,4,4,25,227,14
3987,33,21,84,55,183,3
3988,60,58,37,90,97,46
3989,34,49,117,83,205,84
3990,58,29,109,44,22,197
3991,58,9,59,64,206,232
3992,62,62,15,53,123,249
3993,62,62,15,53,101,26
3994,42,43,15,53,242,74
3995,43,9,115,64,36,131
3996,43,9,36,64,24,44
3997,23,50,36,64,34,139
3998,0,46,5,10,126,209
3999,0,32,37,49,69,209
4000,42,43,58,53,160,178
4001,62,62,95,82,224,213
4002,62,62,9,114,111,153
4003,62,38,36,19,216,130
4004,42,43,88,12,158,158
4005,28,23,23,59,83,40
4006,62,62,113,127,118,74
4007,25,42,29,6,43,209
4008,42,43,115,19,53,147
4009,14,41,57,0,193,217
4010,4,24,71,29,230,228
4011,42,38,73,20,7,22
4012,62,62,94,104,195,7
4013,43,39,74,94,61,32
4014,42,43,99,62,255,223
4015,62,62,32,53,101,255
4016,18,38,46,29,44,170
4017,25,57,16,66,85,138
4018,33,43,89,34,127,76
4019,48,57,36,45,214,195
4020,48,57,47,115,126,119
4021,22,19,88,79,155,199
4022,48,57,9,67,160,35
4023,62,62,76,25,13,198
4024,23,50,116,86,86,12
4025,18,43,75,63,245,229
4026,22,38,89,79,174,251
4027,62,62,47,54,82,172
4028,42,43,15,7,120,230
4029,47,33,74,124,57,23
4030,23,62,103,17,188,220
4031,62,62,69,90,205,252
4032,25,57,59,31,204,104
4033,20,42,118,48,47,51
4034,51,5,15,101,185,40
4035,48,57,31,100,131,173
4036,38,6,104,116,248,76
4037,19,57,45,101,230,221
4038,35,30,115,20,126,13
4039,41,4,63,101,147,191
4040,49,15,51,122,201,8
4041,41,21,77,57,189,113
4042,41,20,77,120,250,5
4043,41,56,86,42,64,159
4044,61,37,112,58,122,71
4045,57,7,11,66,142,104
4046,5,45,57,120,146,26
4047,54,40,72,75,106,193
4048,37,31,119,2,11,181
4049,41,56,99,42,94,162
4050,11,31,87,54,162,140
4051,18,37,94,70,199,252
4052,25,19,85,29,88,116
4053,61,59,57,119,240,16
4054,38,6,60,44,160,82
4055,28,23,125,96,145,64
4056,9,18,67,73,89,214
4057,0,59,55,27,204,73
4058,39,23,70,34,249,193
4059,58,9,59,45,225,64
4060,36,35,68,46,134,252
4061,62,62,9,106,193,218
4062,38,6,85,96,204,234
4063,49,15,20,126,35,181
4064,51,32,9,95,189,49
4065,5,16,60,24,234,47
4066,55,33,32,34,147,247
4067,10,8,68,42,136,99
4068,50,36,67,44,162,168
4069,50,36,96,26,238,214
4070,13,22,44,103,7,238
4071,40,11,13,19,175,25
4072,55,2,123,57,173,45
4073,32,20,94,70,157,49
4074,2,36,34,42,19,33
4075,28,23,114,36,59,159
4076,38,6,102,35,118,19
4077,18,37,61,80,182,11
4078,11,24,3,4,232,65
4079,51,60,69,104,247,112
4080,38,6,92,105,51,129
4081,62,17,10,21,244,221
4082,0,46,94,15,222,156
4083,44,7,118,66,54,158
4084,13,17,102,28,107,109
4085,1,59,106,30,50,73
4086,61,6,45,9,253,67
4087,34,49,29,22,26,187
4088,16,48,91,75,241,51
4089,61,55,53,75,30,131
4090,24,20,95,81,29,251
4091,39,11,114,123,200,31
4092,38,46,101,119,177,17
4093,7,7,109,61,191,243
4094,61,39,56,28,30,86
4095,33,2,127,49,237,250
4096,53,51,115,36,144,227
4097,26,32,29,112,198,116
4098,10,8,69,89,162,240
4099,29,36,25,34,4,156
4100,49,15,105,93,231,199
4101,31,3,11,30,240,219
4102,35,30,102,20,95,165
4103,33,2,126,127,66,93
4104,33,2,122,38,8,38
4105,47,39,10,61,88,0
4106,20,57,60,121,192,5
4107,4,24,13,14,32,46
4108,24,16,24,90,3,37
4109,37,8,119,15,12,44
4110,49,15,64,56,177,89
4111,20,19,93,46,247,148
4112,24,14,62,107,215,253
4113,24,46,29,20,56,252
4114,24,14,14,100,12,236
4115,24,14,87,100,3,222
4116,52,49,125,1,220,111
4117,20,1,52,50,16,124
4118,20,26,120,48,45,218
4119,37,21,124,111,53,158
4120,34,49,59,38,218,119
4121,59,59,86,121,8,122
4122,13,22,112,86,76,95
4123,1,34,14,102,36,244
4124,52,17,18,122,244,232
4125,4,13,48,125,12,128
4126,56,13,72,60,226,155
4127,9,18,115,21,105,207
4128,54,10,48,124,108,40
4129,11,31,20,76,84,86
4130,32,20,20,70,43,191
4131,18,37,15,114,211,176
4132,3,32,26,80,123,236
4133,34,54,23,52,6,206
4134,51,40,99,120,66,200
4135,43,9,56,44,82,236
4136,47,39,29,15,166,62
4137,36,36,35,84,33,79
4138,32,20,70,45,177,14
4139,10,8,55,20,158,52
4140,52,17,72,127,187,240
4141,7,7,67,112,15,1
4142,44,28,77,44,78,56
4143,33,2,49,24,131,206
4144,52,17,54,21,222,160
4145,37,21,111,30,2,169
4146,38,6,104,121,222,25
4147,47,9,106,3,115,14
4148,5,30,28,50,59,11
4149,24,25,113,57,67,171
4150,32,9,48,75,27,134
4151,13,59,110,57,78,25
4152,28,25,16,36,72,12
4153,38,6,96,113,177,68
4154,12,28,55,21,79,50
4155,0,46,96,30,201,97
4156,44,53,54,111,54,235
4157,52,17,6,24,129,138
4158,47,39,0,110,216,252
4159,37,21,21,45,51,79
4160,14,6,100,79,241,13
4161,47,39,37,62,109,228
4162,58,24,109,114,148,108
4163,48,57,16,47,15,82
4164,45,47,99,102,53,219
4165,46,45,120,3,7,184
4166,58,29,78,4,68,68
4167,1,1,50,88,161,101
4168,52,54,59,1,251,21
4169,49,4,44,28,56,126
4170,49,15,42,74,98,142
4171,53,51,60,29,0,33
4172,53,51,5,10,10,212
4173,61,55,106,64,157,120
4174,26,42,49,29,218,117
4175,10,32,58,46,132,67
4176,50,34,11,62,196,23
4177,2,2,83,94,204,122
4178,32,20,66,43,139,191
4179,0,6,55,35,164,160
4180,37,21,28,65,217,13
4181,9,18,83,93,168,8
4182,13,22,51,58,174,168
4183,38,6,109,40,174,30
4184,3,0,14,96,31,48
4185,54,0,23,119,251,163
4186,11,31,69,58,114,0
4187,11,31,123,83,58,127
4188,57,56,20,50,38,102
4189,26,32,92,97,148,172
4190,3,0,29,121,41,197
4191,53,51,73,43,97,49
4192,25,55,98,101,93,121
4193,44,28,66,45,217,244
4194,54,10,29,121,222,18
4195,54,10,59,114,222,114
4196,29,46,122,65,51,3
4197,32,49,51,89,70,125
4198,48,7,46,124,33,118
4199,28,23,19,71,120,128
4200,20,19,68,46,156,146
4201,13,22,126,122,44,185
4202,38,34,43,0,177,45
4203,16,20,50,9,30,58
4204,33,55,123,77,69,83
4205,34,54,38,2,24,41
4206,17,9,5,100,150,134
4207,17,54,74,88,236,49
4208,61,55,118,24,75,178
4209,62,62,57,114,209,71
4210,15,60,56,112,121,158
4211,40,41,89,90,81,76
4212,60,1,65,5,190,71
4213,10,15,18,117,129,212
4214,30,5,108,74,67,144
4215,60,58,124,63,205,110
4216,58,58,67,54,100,50
4217,43,11,26,38,253,199
4218,34,6,23,122,35,90
4219,62,62,116,3,47,255
4220,58,22,109,97,202,115
4221,34,49,106,59,64,181
4222,38,6,92,105,76,28
4223,61,55,39,41,27,19
4224,59,35,66,6,49,52
4225,32,20,12,26,137,112
4226,22,19,34,38,175,165
4227,40,41,63,66,117,172
4228,40,41,43,10,123,127
4229,55,42,3,74,3,232
4230,10,8,51,58,249,154
4231,39,0,88,0,214,0
4232,30,5,118,97,226,168
4233,46,34,85,33,1,41
4234,28,23,69,6,99,87
4235,37,21,62,7,239,203
4236,9,18,101,15,165,210
4237,25,25,76,14,96,146
4238,26,42,70,25,10,5
4239,9,6,75,79,111,126
4240,52,17,18,127,173,200
4241,5,32,61,31,143,190
4242,17,54,34,19,161,244
4243,24,14,14,9,144,155
4244,13,22,38,108,128,148
4245,12,44,118,14,141,157
4246,24,46,111,119,171,100
4247,63,63,29,108,181,64
4248,33,57,101,112,65,202
4249,49,15,44,109,82,129
4250,58,54,94,117,119,176
4251,43,9,112,12,77,143
4252,41,48,92,43,238,193
4253,24,46,64,35,10,25
4254,11,1,58,12,126,240
4255,29,4,123,10,180,47
4256,7,7,90,97,93,181
4257,50,36,33,24,199,34
4258,36,63,15,7,198,46
4259,47,9,56,119,11,15
4260,41,56,38,28,47,104
4261,57,0,31,126,201,211
4262,52,17,75,31,154,200
4263,43,11,15,23,235,231
4264,3,0,110,120,183,45
4265,27,42,7,74,216,178
4266,35,58,36,64,255,66
4267,43,62,37,124,6,15
4268,46,36,67,44,128,7
4269,52,46,101,108,238,88
4270,19,33,42,1,198,171
4271,38,6,118,97,106,118
4272,59,59,9,106,146,12
4273,37,21,60,29,50,64
4274,44,28,110,113,190,200
4275,56,48,76,65,191,70
4276,12,7,65,81,49,236
4277,35,30,69,6,60,212
4278,4,16,13,49,73,127
4279,56,54,122,56,92,22
4280,13,22,124,113,139,35
4281,61,29,112,117,136,246
4282,7,7,42,42,249,219
4283,42,43,63,58,142,22
4284,35,37,117,84,226,9
4285,42,43,7,17,116,215
4286,42,43,72,68,253,58
4287,34,53,69,31,221,99
4288,34,49,0,67,38,108
4289,19,33,81,105,44,196
4290,2,36,89,49,63,128
4291,35,39,27,21,69,195
4292,42,43,29,7,185,246
4293,10,15,10,101,54,187
4294,50,0,115,113,3,92
4295,10,8,49,19,10,85
4296,50,5,27,70,127,243
4297,14,14,74,118,99,236
4298,63,63,4,111,92,222
4299,15,23,30,43,143,82
4300,52,25,22,30,147,23
4301,36,35,35,124,153,138
4302,51,40,61,22,190,165
4303,34,49,23,104,117,243
4304,59,59,53,28,212,252
4305,34,49,92,20,200,217
4306,43,11,43,6,186,253
4307,5,24,54,117,84,51
4308,46,34,68,96,130,83
4309,31,60,93,21,181,138
4310,43,11,125,96,113,216
4311,60,35,19,46,53,75
4312,46,34,20,41,181,129
4313,6,52,77,28,10,71
4314,59,59,1,16,152,134
4315,53,55,13,42,175,49
4316,56,6,85,95,238,226
4317,45,6,11,45,52,193
4318,50,34,87,65,138,115
4319,43,3,55,107,110,64
4320,6,44,39,58,162,15
4321,5,49,103,3,199,138
4322,17,52,62,83,175,89
4323,10,8,95,101,40,75
4324,63,51,100,103,4,226
4325,53,51,118,33,138,177
4326,34,49,31,50,211,140
4327,50,34,47,67,116,74
4328,34,52,41,34,81,71
4329,12,53,71,121,208,186
4330,10,8,10,125,116,188
4331,25,53,17,87,219,80
4332,32,56,69,4,55,172
4333,32,20,29,22,6,251
4334,32,10,81,8,123,5
4335,49,57,0,57,174,181
4336,6,44,31,12,211,80
4337,52,17,104,22,19,61
4338,39,4,91,69,251,163
4339,45,34,116,126,117,0
4340,56,13,55,31,97,252
4341,22,25,35,104,185,8
4342,56,13,5,37,24,148
4343,19,33,29,121,210,169
4344,63,63,100,56,242,121
4345,45,49,45,89,2,227
4346,14,14,39,80,85,247
4347,47,39,23,8,141,196
4348,61,55,112,89,64,254
4349,52,52,75,34,244,184
4350,34,3,35,34,107,161
4351,40,38,13,76,54,237
4352,5,63,115,113,98,165
4353,3,0,37,36,133,48
4354,36,35,84,57,134,18
4355,39,12,49,74,94,239
4356,16,48,34,19,175,152
4357,28,23,77,81,15,210
4358,44,28,89,44,152,59
4359,9,18,16,4,174,23
4360,7,31,125,4,178,77
4361,25,42,86,90,212,132
4362,43,9,16,115,95,107
4363,42,43,25,51,72,29
4364,42,62,73,47,3,18
4365,43,11,112,85,86,175
4366,32,20,95,40,174,118
4367,36,31,120,52,16,155
4368,31,3,124,112,198,187
4369,21,3,22,97,114,57
4370,59,24,119,95,89,43
4371,7,45,61,34,199,46
4372,8,26,69,90,162,192
4373,39,4,61,42,7,68
4374,45,47,15,39,255,21
4375,47,39,15,39,255,115
4376,39,4,92,86,158,53
4377,2,36,60,61,165,68
4378,45,47,34,87,251,220
4379,10,8,16,114,37,121
4380,8,26,91,18,236,227
4381,45,47,51,33,16,248
4382,8,26,28,74,97,110
4383,27,27,21,56,129,2
4384,42,23,101,80,48,193
4385,7,7,112,75,42,184
4386,33,2,100,74,5,191
4387,14,14,82,17,24,140
4388,4,24,27,29,134,30
4389,13,22,113,57,42,137
4390,13,59,43,70,134,207
4391,7,49,14,117,86,131
4392,53,51,11,74,16,227
4393,0,11,4,72,95,109
4394,37,21,115,83,160,180
4395,59,59,72,60,249,151
4396,4,32,22,12,133,202
4397,37,21,7,99,173,73
4398,13,22,104,121,238,70
4399,14,14,53,25,36,49
4400,59,59,5,31,70,219
4401,10,8,4,88,201,141
4402,49,15,91,36,233,154
4403,53,51,2,40,42,5
4404,53,51,30,67,28,192
4405,8,26,35,73,54,168
4406,0,46,66,127,255,170
4407,61,55,108,80,15,169
4408,51,52,9,54,184,113
4409,49,15,31,84,198,56
4410,9,32,26,32,194,35
4411,35,39,28,125,179,121
4412,57,56,82,47,73,144
4413,57,56,50,86,101,182
4414,57,56,107,26,206,227
4415,49,15,90,17,169,78
4416,41,56,21,65,51,152
4417,47,16,82,4,141,100
4418,39,4,49,111,148,207
4419,29,35,38,108,58,178
4420,53,51,80,68,244,219
4421,57,5,16,8,129,199
4422,29,37,89,53,104,122
4423,35,30,54,21,47,225
4424,2,36,81,52,153,247
4425,36,51,113,39,216,34
4426,26,42,32,19,3,127
4427,13,7,47,42,179,118
4428,47,62,55,121,207,77
4429,59,59,28,45,223,48
4430,5,16,0,7,226,24
4431,4,24,22,117,54,221
4432,10,8,31,50,204,93
4433,11,21,3,99,39,117
4434,16,32,115,111,138,126
4435,31,60,127,51,1,174
4436,49,15,30,40,245,19
4437,47,39,29,15,179,93
4438,60,58,36,64,203,75
4439,21,49,103,21,172,194
4440,21,35,10,102,84,48
4441,35,25,116,66,233,231
4442,10,7,34,112,224,24
4443,38,21,119,77,67,220
4444,29,24,47,40,24,5
4445,4,24,30,123,155,128
4446,37,21,127,120,137,161
4447,28,23,46,123,231,251
4448,59,21,123,99,254,153
4449,37,21,90,109,222,171
4450,53,8,33,36,213,42
4451,49,15,93,23,227,98
4452,61,4,25,51,77,77
4453,9,18,89,86,196,81
4454,34,54,3,60,24,99
4455,11,60,47,0,203,126
4456,5,45,6,76,96,174
4457,61,55,111,25,4,62
4458,33,2,104,80,25,195
4459,5,32,117,12,74,100
4460,4,16,50,64,230,178
4461,2,36,16,89,92,249
4462,12,50,53,37,144,204
4463,0,54,0,79,0,199
4464,0,54,0,79,0,199
4465,1,54,75,70,152,131
4466,1,46,5,127,88,149
4467,44,28,76,107,145,157
4468,54,40,33,102,223,181
4469,54,40,63,33,61,169
4470,1,1,51,69,134,201
4471,1,1,87,66,104,15
4472,17,54,82,107,201,144
4473,17,54,82,107,3,113
4474,6,54,25,116,176,166
4475,1,1,95,97,47,41
4476,46,17,122,107,69,34
4477,41,56,4,127,209,153
4478,18,37,47,5,54,253
4479,50,19,87,57,90,195
4480,3,37,88,24,144,141
4481,37,21,3,47,246,31
4482,29,60,25,14,254,32
4483,31,3,110,60,230,145
4484,36,35,88,15,135,219
4485,31,60,61,118,3,109
4486,31,52,33,65,199,31
4487,43,60,66,118,63,47
4488,31,60,40,18,8,124
4489,31,47,12,87,244,72
4490,15,60,109,44,236,227
4491,36,36,127,25,82,9
4492,40,3,126,108,101,129
4493,15,60,51,96,63,17
4494,53,60,88,74,237,0
4495,15,43,12,60,97,126
4496,15,60,74,98,121,99
4497,31,60,86,15,192,236
4498,36,32,60,5,188,161
4499,9,60,7,118,78,243
4500,15,60,62,83,230,173
4501,56,13,120,125,173,93
4502,56,13,107,97,227,119
4503,49,15,78,84,16,144
4504,10,8,58,11,50,113
4505,47,39,74,19,131,142
4506,15,60,71,49,1,228
4507,22,29,68,83,175,22
4508,33,2,9,106,17,43
4509,44,28,125,80,40,243
4510,55,61,100,110,104,82
4511,39,4,66,60,141,160
4512,17,54,80,68,166,70
4513,42,43,17,114,42,51
4514,4,22,93,1,213,219
4515,61,55,8,59,53,210
4516,18,24,11,27,131,46
4517,61,10,69,8,25,215
4518,55,30,106,11,63,255
4519,59,59,8,47,216,113
4520,30,5,27,58,218,44
4521,14,36,1,6,36,28
4522,62,62,76,82,151,103
4523,16,48,16,33,73,59
4524,42,43,15,7,214,208
4525,14,14,96,26,241,31
4526,42,43,8,67,49,249
4527,42,43,54,87,112,54
4528,58,43,74,46,212,125
4529,28,23,58,102,183,13
4530,55,61,124,64,223,110
4531,11,31,110,61,162,178
4532,11,31,91,39,187,155
4533,11,31,94,48,243,255
4534,11,31,56,86,21,243
4535,11,31,110,109,127,94
4536,58,29,102,125,244,151
4537,14,48,115,87,3,78
4538,38,47,16,16,254,249
4539,9,18,22,105,55,142
4540,51,40,91,24,216,90
4541,12,53,6,52,142,18
4542,8,26,58,58,249,144
4543,51,52,20,57,76,168
4544,41,56,8,127,55,64
4545,29,12,125,22,174,236
4546,50,34,15,39,121,92
4547,41,56,24,90,147,158
4548,63,63,23,101,242,188
4549,29,12,98,36,182,15
4550,49,15,111,106,23,0
4551,13,22,102,57,47,152
4552,13,22,94,108,15,212
4553,55,61,118,14,60,239
4554,39,4,119,88,215,215
4555,49,15,111,124,89,2
4556,55,61,72,33,114,64
4557,0,46,3,92,47,88
4558,59,59,63,77,103,209
4559,52,17,60,112,78,2
4560,34,49,46,116,87,216
4561,21,59,67,35,29,200
4562,45,47,41,17,190,59
4563,9,18,75,38,88,163
4564,17,37,79,19,157,51
4565,50,45,76,110,102,242
4566,61,55,85,83,224,69
4567,38,24,33,99,213,249
4568,38,6,60,104,195,218
4569,62,38,73,59,211,230
4570,4,56,95,76,229,46
4571,54,24,5,109,146,95
4572,26,61,78,87,114,85
4573,15,60,94,109,19,97
4574,22,19,35,91,62,18
4575,9,18,65,6,235,12
4576,3,61,26,46,244,138
4577,27,27,123,76,242,16
4578,6,2,94,3,140,209
4579,26,61,78,43,182,12
4580,42,43,38,80,15,18
4581,29,2,11,70,125,141
4582,53,51,26,50,131,144
4583,52,17,8,31,154,160
4584,10,7,103,39,132,25
4585,38,1,100,117,180,226
4586,49,15,115,36,193,232
4587,14,20,116,69,223,137
4588,14,46,84,81,28,34
4589,56,13,27,68,145,157
4590,56,13,40,93,62,233
4591,24,63,96,6,203,7
4592,31,3,17,109,60,243
4593,6,44,18,13,5,130
4594,6,6,18,83,47,43
4595,56,13,123,37,14,147
4596,58,29,105,80,232,6
4597,56,13,50,59,154,169
4598,16,48,103,85,76,49
4599,35,30,69,102,207,252
4600,25,5,16,13,207,213
4601,28,23,90,118,193,93
4602,7,7,25,23,178,51
4603,56,13,26,83,232,41
4604,36,46,120,87,126,152
4605,8,63,50,34,20,72
4606,36,13,55,9,58,137
4607,33,13,92,66,175,27
4608,56,13,13,28,200,2
4609,6,44,118,9,118,51
4610,6,44,118,19,8,157
4611,40,24,52,100,200,201
4612,56,6,67,9,237,206
4613,32,20,80,38,191,83
4614,52,17,117,44,205,27
4615,23,50,17,66,55,194
4616,3,31,7,65,162,23
4617,18,38,23,17,94,255
4618,42,43,9,67,88,180
4619,5,16,60,19,112,184
4620,58,49,103,66,7,28
4621,44,28,12,28,22,120
4622,35,33,64,102,42,192
4623,24,14,42,106,193,102
4624,55,7,105,53,76,141
4625,55,61,69,38,244,175
4626,45,47,108,92,23,209
4627,42,47,95,101,112,10
4628,43,11,14,92,230,225
4629,54,10,94,70,250,223
4630,60,57,19,87,166,215
4631,47,39,48,66,5,124
4632,54,40,68,17,246,239
4633,38,6,122,15,51,170
4634,44,28,112,22,9,5
4635,24,14,123,19,44,2
4636,57,59,126,77,212,156
4637,3,0,34,89,65,244
4638,6,44,61,89,117,218
4639,4,24,92,89,243,173
4640,54,46,53,96,163,203
4641,35,30,120,18,103,169
4642,39,4,73,86,187,255
4643,51,40,112,122,65,206
4644,40,3,120,58,231,89
4645,12,1,55,37,63,78
4646,29,12,80,125,40,130
4647,40,41,97,66,216,195
4648,20,53,90,103,198,238
4649,29,12,90,22,181,91
4650,29,12,102,45,78,0
4651,3,0,10,61,140,181
4652,32,26,83,86,68,93
4653,5,16,13,4,214,155
4654,8,35,34,87,175,94
4655,3,40,10,42,71,55
4656,29,12,40,91,200,59
4657,41,56,114,49,197,1
4658,35,30,63,33,179,42
4659,10,8,122,106,73,184
4660,16,34,59,71,242,135
4661,36,35,126,60,173,138
4662,5,16,61,69,253,218
4663,59,59,31,109,103,1
4664,13,23,47,13,96,83
4665,16,48,114,11,83,89
4666,46,48,53,55,236,53
4667,18,37,19,12,173,195
4668,55,19,20,80,11,51
4669,2,36,122,61,187,227
4670,7,2,115,43,250,49
4671,16,48,94,97,72,16
4672,23,50,78,51,74,68
4673,33,2,120,98,16,204
4674,9,30,119,127,142,2
4675,39,4,15,126,210,42
4676,55,61,30,30,51,51
4677,57,32,46,41,58,67
4678,38,6,51,105,166,85
4679,25,14,82,52,231,255
4680,23,50,75,22,5,173
4681,55,32,118,96,42,71
4682,48,7,124,114,226,179
4683,33,7,80,39,106,150
4684,30,5,33,6,170,236
4685,47,39,95,82,232,22
4686,38,6,33,27,57,44
4687,5,49,29,104,174,223
4688,49,15,51,92,0,160
4689,10,8,102,75,98,133
4690,16,48,44,103,223,218
4691,24,14,64,63,203,81
4692,57,50,25,41,254,252
4693,26,42,49,104,197,216
4694,31,1,116,123,122,9
4695,30,5,2,5,243,130
4696,32,10,72,57,73,197
4697,7,7,95,93,244,35
4698,26,42,96,65,152,168
4699,25,8,40,24,236,177
4700,27,27,51,33,105,70
4701,25,25,116,117,23,155
4702,42,43,43,23,117,183
4703,52,17,15,120,231,178
4704,29,12,30,56,227,16
4705,17,54,17,127,154,165
4706,1,1,24,50,218,172
4707,54,10,24,69,79,195
4708,53,51,118,33,165,70
4709,49,8,71,68,123,191
4710,60,58,51,30,181,62
4711,45,47,120,87,99,203
4712,33,2,27,97,79,96
4713,39,4,95,116,97,60
4714,33,2,109,56,172,181
4715,55,61,119,95,216,58
4716,61,55,72,93,178,251
4717,59,55,66,49,244,155
4718,22,55,123,93,196,169
4719,61,55,32,45,222,223
4720,38,6,71,99,85,172
4721,62,62,90,30,118,6
4722,60,39,89,78,230,63
4723,36,35,104,70,113,245
4724,62,11,35,39,132,101
4725,9,2,71,38,142,178
4726,33,2,12,51,199,215
4727,16,17,94,2,127,250
4728,4,24,88,18,249,180
4729,33,2,108,98,174,168
4730,44,28,60,89,184,214
4731,59,59,84,35,237,177
4732,14,14,92,105,68,212
4733,42,43,98,125,179,133
4734,19,33,76,20,225,71
4735,63,44,47,21,206,226
4736,31,24,105,19,160,210
4737,32,20,23,79,229,34
4738,43,11,112,122,201,106
4739,43,41,72,102,50,234
4740,41,53,104,65,214,107
4741,14,14,89,81,162,178
4742,59,59,117,113,115,55
4743,55,37,17,99,52,246
4744,38,6,23,36,36,20
4745,62,62,67,30,218,34
4746,46,17,1,81,203,175
4747,5,16,15,19,210,12
4748,14,14,77,72,47,10
4749,49,30,58,89,95,233
4750,49,15,94,70,43,51
4751,49,15,98,122,21,142
4752,30,5,101,15,5,173
4753,45,2,109,70,78,254
4754,20,57,105,104,200,50
4755,20,19,70,115,170,55
4756,41,56,22,56,55,142
4757,34,49,64,85,26,80
4758,43,11,98,37,13,42
4759,62,38,93,17,98,109
4760,7,7,51,66,150,250
4761,62,62,85,81,60,70
4762,50,34,96,21,29,179
4763,30,5,29,22,151,216
4764,52,17,51,122,50,145
4765,49,15,2,126,245,26
4766,33,36,127,31,204,125
4767,46,48,25,117,1,226
4768,29,12,35,57,14,68
4769,4,24,22,30,92,117
4770,47,39,25,109,26,182
4771,33,2,70,62,27,226
4772,59,59,36,2,79,122
4773,49,15,58,35,97,243
4774,19,30,61,38,96,205
4775,53,51,28,54,92,229
4776,40,22,13,88,125,21
4777,55,61,112,12,133,24
4778,3,13,104,53,10,29
4779,3,0,54,24,36,243
4780,26,32,29,117,106,102
4781,13,22,119,95,177,140
4782,58,22,18,34,105,158
4783,42,43,3,79,116,94
4784,32,20,107,79,26,253
4785,32,13,29,101,68,137
4786,36,35,114,11,178,240
4787,0,46,80,60,7,200
4788,46,17,32,61,172,231
4789,0,46,112,60,68,212
4790,0,46,86,27,4,196
4791,53,51,92,81,115,234
4792,5,52,22,31,138,226
4793,23,12,102,103,63,72
4794,0,46,72,60,190,223
4795,4,24,29,19,128,44
4796,4,24,2,126,34,113
4797,28,23,71,2,117,60
4798,38,46,10,37,181,69
4799,0,46,72,60,127,221
4800,14,14,25,32,202,199
4801,16,48,60,28,48,142
4802,61,55,59,85,196,133
4803,24,24,52,17,211,119
4804,59,59,116,35,25,161
4805,4,24,45,100,53,126
4806,59,52,45,51,8,226
4807,16,48,22,5,222,127
4808,52,17,110,113,104,11
4809,61,55,112,68,223,99
4810,14,14,125,118,132,104
4811,4,24,66,23,3,233
4812,38,44,65,55,248,109
4813,43,11,72,19,69,155
4814,13,22,80,90,111,105
4815,35,35,54,5,19,238
4816,6,44,33,36,87,22
4817,6,44,29,22,232,101
4818,59,59,72,10,17,227
4819,52,17,18,31,248,188
4820,16,16,63,123,158,68
4821,39,4,112,55,141,2
4822,33,2,88,93,121,189
4823,28,30,51,59,67,91
4824,47,39,107,109,100,163
4825,33,15,0,102,95,77
4826,17,54,38,18,77,44
4827,21,63,5,102,134,138
4828,10,26,21,124,51,139
4829,41,31,107,43,157,154
4830,57,47,125,106,147,131
4831,50,52,40,125,110,91
4832,51,52,68,70,118,115
4833,30,0,48,90,175,225
4834,49,60,36,73,86,88
4835,3,0,107,16,153,149
4836,50,0,60,70,9,195
4837,6,44,48,90,73,181
4838,63,63,111,10,179,222
4839,55,61,30,61,5,142
4840,61,55,60,76,248,145
4841,42,45,17,73,138,203
4842,12,53,3,79,104,212
4843,26,42,88,47,193,43
4844,38,6,103,100,37,11
4845,34,49,23,3,22,20
4846,44,28,112,113,53,196
4847,25,57,28,54,108,90
4848,21,29,47,52,45,164
4849,7,2,88,74,59,62
4850,25,54,34,56,90,150
4851,3,63,52,122,26,236
4852,11,31,66,106,104,94
4853,3,8,47,11,137,161
4854,45,47,16,124,113,98
4855,7,19,111,9,19,27
4856,2,2,53,20,196,123
4857,53,51,87,124,113,225
4858,1,52,83,85,161,209
4859,38,6,102,35,64,211
4860,7,7,60,73,106,42
4861,38,13,116,73,163,176
4862,34,49,10,40,49,227
4863,4,24,19,61,253,164
4864,34,10,2,66,195,5
4865,24,14,27,68,199,96
4866,9,18,90,17,88,221
4867,34,48,6,14,117,14
4868,34,49,73,42,181,200
4869,34,49,125,96,220,227
4870,5,16,61,121,197,122
4871,28,23,32,45,223,245
4872,14,49,34,70,236,160
4873,28,23,89,86,223,131
4874,47,39,112,64,96,153
4875,50,36,89,35,78,109
4876,41,36,104,20,238,250
4877,0,32,127,42,155,10
4878,37,21,99,95,150,2
4879,61,55,75,17,96,125
4880,42,22,12,117,217,247
4881,19,33,100,104,195,202
4882,62,4,15,101,51,120
4883,3,0,117,3,22,23
4884,57,56,112,63,206,0
4885,50,0,63,33,177,127
4886,36,35,75,87,178,146
4887,63,63,27,56,35,173
4888,11,31,118,65,59,157
4889,36,63,95,7,146,183
4890,20,19,9,67,1,110
4891,9,18,113,35,184,11
4892,19,33,32,45,174,86
4893,30,5,48,67,29,195
4894,33,2,112,68,253,102
4895,27,27,1,55,129,138
4896,10,8,109,107,1,150
4897,49,15,32,116,254,184
4898,50,8,100,55,155,181
4899,49,15,98,46,247,48
4900,49,15,95,93,44,87
4901,33,2,41,84,142,36
4902,52,17,49,24,82,19
4903,54,40,66,16,179,75
4904,23,50,45,108,66,134
4905,54,10,88,14,30,250
4906,19,7,80,53,171,122
4907,46,34,85,3,41,66
4908,33,51,121,6,2,190
4909,13,22,67,20,210,91
4910,44,28,117,39,16,102
4911,57,0,94,88,161,220
4912,11,31,13,52,237,141
4913,57,56,41,50,131,228
4914,33,55,65,45,139,146
4915,8,58,15,46,203,136
4916,55,23,55,87,219,130
4917,11,31,123,83,51,140
4918,11,31,42,29,43,194
4919,11,31,62,27,111,140
4920,25,6,92,117,148,235
4921,13,22,87,17,96,108
4922,56,13,60,11,19,238
4923,5,45,118,14,208,118
4924,56,13,120,125,241,32
4925,27,26,11,86,53,16
4926,38,6,48,89,17,248
4927,16,24,20,29,164,31
4928,43,11,79,31,96,231
4929,60,58,112,57,20,99
4930,63,63,37,106,111,212
4931,63,63,37,57,144,48
4932,63,63,50,20,252,70
4933,63,22,37,108,184,233
4934,63,63,37,106,157,161
4935,58,29,84,63,172,62
4936,33,2,127,77,41,40
4937,12,53,5,6,97,228
4938,43,25,99,123,108,159
4939,15,60,2,113,139,213
4940,15,60,121,113,99,208
4941,39,60,49,39,200,149
4942,15,60,22,88,16,115
4943,34,49,51,67,59,219
4944,57,63,47,56,225,240
4945,36,32,44,86,20,92
4946,38,6,74,119,106,94
4947,16,50,71,29,170,164
4948,37,21,116,3,9,90
4949,21,33,123,59,45,77
4950,28,25,97,8,176,27
4951,50,45,55,98,76,244
4952,20,32,58,90,127,10
4953,5,49,45,28,212,88
4954,5,18,48,60,235,130
4955,13,31,29,6,3,183
4956,58,29,98,15,190,181
4957,0,46,87,85,141,236
4958,53,51,62,51,213,130
4959,49,15,26,121,179,140
4960,34,16,125,68,249,157
4961,41,19,123,58,232,187
4962,49,15,63,33,147,65
4963,39,4,122,33,47,236
4964,33,2,19,34,128,193
4965,45,47,34,27,10,242
4966,39,4,49,15,244,227
4967,45,47,3,33,224,173
4968,52,17,41,50,32,213
4969,35,39,27,36,78,96
4970,40,12,16,37,155,3
4971,48,19,127,80,235,189
4972,61,55,27,55,64,51
4973,12,53,91,44,193,165
4974,61,55,109,40,44,28
4975,19,37,52,112,55,196
4976,34,42,100,109,206,212
4977,14,14,77,81,40,53
4978,59,59,23,59,80,208
4979,9,18,108,98,49,93
4980,13,22,16,92,47,38
4981,58,29,92,114,239,104
4982,37,21,94,121,147,222
4983,13,22,31,18,105,57
4984,36,32,44,103,218,138
4985,16,48,61,63,18,62
4986,16,48,19,71,210,13
4987,52,17,101,24,21,142
4988,46,1,16,1,1,132
4989,6,44,47,105,68,176
4990,14,14,39,120,150,96
4991,31,3,76,99,227,40
4992,32,20,4,119,11,120
4993,32,58,29,85,15,207
4994,13,22,5,60,30,50
4995,14,14,127,99,68,144
4996,59,59,83,105,253,166
4997,24,17,33,94,67,40
4998,36,49,103,39,162,255
4999,47,30,73,86,233,24
5000,38,6,122,35,178,135
5001,6,44,97,92,23,28
5002,47,63,36,126,169,143
5003,28,23,14,68,58,13
5004,26,41,106,102,101,47
5005,41,59,104,98,217,67
5006,5,24,126,60,36,24
5007,54,10,53,57,70,248
5008,5,16,42,28,48,247
5009,30,27,25,45,216,130
5010,24,48,82,20,167,127
5011,9,21,54,30,63,160
5012,25,9,36,72,236,92
5013,26,32,34,117,200,90
5014,49,15,115,36,157,24
5015,25,19,102,76,172,132
5016,63,32,67,35,81,224
5017,14,20,29,29,30,21
5018,21,47,67,106,3,124
5019,62,62,93,4,28,232
5020,58,29,76,20,97,171
5021,23,50,16,44,216,98
5022,42,43,52,22,100,8
5023,20,19,9,119,212,3
5024,46,34,14,60,42,85
5025,15,14,116,100,0,54
5026,57,56,50,114,42,101
5027,10,8,44,88,187,255
5028,22,19,53,62,121,130
5029,14,14,77,81,125,199
5030,27,27,25,20,126,199
5031,54,10,38,78,151,206
5032,13,22,31,92,100,172
5033,46,36,119,114,228,7
5034,37,21,32,45,27,113
5035,18,37,34,122,7,166
5036,35,53,90,51,95,170
5037,3,0,29,22,134,224
5038,27,27,50,8,225,51
5039,10,8,86,50,220,111
5040,7,7,0,12,6,36
5041,38,6,46,22,165,57
5042,48,63,55,50,155,189
5043,49,15,2,97,79,145
5044,49,15,84,35,23,219
5045,45,49,70,45,146,221
5046,42,43,31,115,65,170
5047,19,33,87,96,127,21
5048,62,9,97,94,12,68
5049,9,18,63,91,128,16
5050,2,36,15,11,129,41
5051,62,62,87,101,136,143
5052,47,8,69,52,194,34
5053,38,59,111,14,216,224
5054,6,44,79,105,29,232
5055,6,48,79,99,72,253
5056,42,43,4,103,198,208
5057,62,62,17,66,49,177
5058,30,39,53,55,194,49
5059,27,27,118,14,83,32
5060,19,11,108,88,116,235
5061,5,16,121,125,227,116
5062,59,59,84,77,223,126
5063,46,34,103,57,197,133
5064,51,40,3,0,185,168
5065,48,57,31,97,230,155
5066,54,10,41,0,94,151
5067,40,41,7,45,67,113
5068,14,14,92,11,15,190
5069,6,44,125,94,102,96
5070,48,57,77,89,214,57
5071,54,10,67,5,114,51
5072,14,14,36,29,4,76
5073,23,50,31,88,235,155
5074,62,62,77,14,237,212
5075,14,14,53,10,177,140
5076,46,46,78,70,190,34
5077,14,14,13,120,229,160
5078,9,48,1,86,4,13
5079,0,34,50,85,33,139
5080,62,62,111,67,15,174
5081,14,14,31,82,222,118
5082,46,34,90,109,241,99
5083,41,58,85,27,151,171
5084,18,37,104,80,209,44
5085,57,32,8,59,161,255
5086,54,10,12,40,225,28
5087,8,26,94,118,141,153
5088,58,29,30,68,57,64
5089,62,18,18,122,251,90
5090,46,17,42,67,78,182
5091,22,27,47,3,176,45
5092,27,27,73,42,131,106
5093,5,47,43,23,105,35
5094,13,22,102,37,124,44
5095,34,49,124,93,216,153
5096,18,37,62,28,74,226
5097,22,19,0,32,114,22
5098,26,3,106,34,49,251
5099,10,8,58,107,172,50
5100,2,36,4,1,165,134
5101,55,61,21,19,25,228
5102,47,39,117,79,77,189
5103,10,8,91,127,194,13
5104,9,18,97,85,96,1
5105,27,27,111,1,221,250
5106,19,33,71,119,197,72
5107,20,42,99,80,110,230
5108,16,48,36,5,0,100
5109,16,56,42,117,12,215
5110,27,8,17,54,117,159
5111,61,55,105,4,193,96
5112,14,14,44,112,140,10
5113,34,49,110,35,223,204
5114,3,0,48,15,190,66
5115,51,22,101,80,221,133
5116,34,49,110,100,110,77
5117,44,28,115,39,246,245
5118,24,14,125,20,84,159
5119,1,1,109,29,10,201
5120,34,49,16,50,244,119
5121,9,23,1,43,112,186
5122,56,13,104,22,148,30
5123,17,54,100,106,117,251
5124,32,41,51,47,128,236
5125,34,49,97,120,121,138
5126,2,0,13,80,12,245
5127,52,5,86,29,185,86
5128,14,14,125,118,99,43
5129,17,60,67,34,103,84
5130,45,36,113,45,223,47
5131,41,56,65,46,179,103
5132,34,49,75,35,59,238
5133,9,18,0,110,173,225
5134,38,6,45,15,121,85
5135,24,14,93,97,4,67
5136,46,1,76,62,244,203
5137,34,49,23,74,11,48
5138,4,24,73,42,195,191
5139,21,57,18,31,213,182
5140,10,8,37,56,246,123
5141,61,55,106,90,121,239
5142,7,7,37,122,44,151
5143,59,24,56,109,128,21
5144,5,22,119,108,217,52
5145,3,0,27,15,218,243
5146,51,40,63,92,207,183
5147,43,46,26,120,32,202
5148,36,1,99,120,106,254
5149,26,42,107,87,147,192
5150,10,42,88,12,224,189
5151,19,33,30,58,236,44
5152,34,31,38,74,54,224
5153,3,0,61,61,37,179
5154,18,43,42,89,244,244
5155,51,52,75,22,245,50
5156,3,0,68,46,109,152
5157,29,12,112,120,148,50
5158,29,12,61,96,59,160
5159,3,0,61,2,51,128
5160,57,56,116,108,201,85
5161,36,42,21,39,131,233
5162,11,31,11,112,154,240
5163,11,31,11,74,131,246
5164,10,56,15,117,99,135
5165,41,56,32,45,48,152
5166,36,30,47,60,233,165
5167,7,7,125,68,241,99
5168,46,2,43,34,38,146
5169,50,0,86,70,148,111
5170,51,52,119,95,73,58
5171,26,42,78,107,205,142
5172,50,0,60,46,211,173
5173,11,31,2,126,40,10
5174,47,39,119,77,196,211
5175,47,39,96,78,11,224
5176,11,31,11,74,97,0
5177,51,40,33,73,104,8
5178,57,56,108,17,105,145
5179,11,31,30,43,119,133
5180,11,31,75,15,191,218
5181,13,59,47,56,249,177
5182,57,56,27,14,147,199
5183,61,55,78,58,27,160
5184,3,0,58,35,20,192
5185,57,56,112,63,18,146
5186,63,0,85,54,118,48
5187,11,31,73,86,129,152
5188,48,56,55,110,169,159
5189,36,35,15,27,43,205
5190,50,0,100,55,231,246
5191,50,36,15,79,209,5
5192,47,8,86,78,119,16
5193,27,27,64,78,21,74
5194,30,5,2,36,130,168
5195,30,42,88,120,38,23
5196,51,52,60,15,197,230
5197,54,10,84,70,157,31
5198,51,52,27,121,68,162
5199,10,8,17,92,172,3
5200,63,63,88,21,44,184
5201,33,2,30,42,184,72
5202,7,7,68,58,27,178
5203,51,40,22,117,98,59
5204,9,10,7,109,32,36
5205,51,5,126,72,142,107
5206,56,11,47,123,30,242
5207,49,15,84,121,9,4
5208,49,15,123,112,132,152
5209,51,34,6,21,40,126
5210,29,50,48,108,86,114
5211,36,35,67,50,246,192
5212,11,31,27,82,179,245
5213,11,9,107,100,100,92
5214,41,56,59,45,237,103
5215,60,39,59,24,58,69
5216,10,8,20,113,18,127
5217,53,42,29,123,101,32
5218,49,36,71,2,10,7
5219,10,8,127,55,90,167
5220,27,27,9,83,255,78
5221,63,63,100,44,69,216
5222,7,7,117,32,122,153
5223,8,26,75,63,199,48
5224,53,51,84,88,206,179
5225,18,37,50,55,215,94
5226,11,18,117,45,214,82
5227,18,26,35,28,215,120
5228,62,62,86,73,96,64
5229,33,2,70,125,80,120
5230,50,31,9,55,209,85
5231,51,40,80,29,192,160
5232,36,52,81,25,186,31
5233,57,36,47,56,232,255
5234,0,32,51,19,215,192
5235,29,49,11,68,52,146
5236,52,31,21,52,229,16
5237,46,6,43,117,244,42
5238,36,40,16,35,241,162
5239,1,54,92,68,88,51
5240,1,1,28,33,229,227
5241,20,54,125,107,31,55
5242,6,44,119,95,144,154
5243,41,18,13,41,70,49
5244,10,8,80,90,205,150
5245,10,8,68,46,202,34
5246,1,1,1,87,52,171
5247,34,49,80,109,83,67
5248,6,13,127,52,138,221
5249,36,35,24,16,43,253
5250,56,13,113,43,39,166
5251,25,25,69,58,247,237
5252,2,53,24,104,153,123
5253,30,36,111,124,219,62
5254,45,47,95,40,255,247
5255,47,33,28,54,9,60
5256,29,52,66,67,236,43
5257,41,56,42,106,150,135
5258,29,12,21,113,81,99
5259,57,56,66,121,78,246
5260,29,12,77,22,116,61
5261,4,55,22,61,79,142
5262,42,43,79,68,220,67
5263,49,15,122,7,234,209
5264,2,36,27,116,12,172
5265,2,1,34,117,219,247
5266,47,39,88,53,123,128
5267,61,55,18,31,229,154
5268,30,5,67,5,255,115
5269,25,19,85,6,85,108
5270,18,37,104,2,136,159
5271,50,34,83,111,4,235
5272,46,17,46,29,194,80
5273,1,54,7,70,100,73
5274,42,43,8,59,122,6
5275,57,35,71,118,55,44
5276,63,3,95,82,97,194
5277,63,3,10,102,51,75
5278,18,37,81,106,248,241
5279,29,12,10,71,26,31
5280,20,57,78,5,23,72
5281,63,63,67,115,5,136
5282,32,20,95,116,167,253
5283,20,19,62,46,254,144
5284,35,35,25,18,210,199
5285,42,43,117,110,161,91
5286,62,62,25,99,68,84
5287,14,14,46,29,167,246
5288,23,50,115,39,42,145
5289,23,50,125,98,132,214
5290,62,62,90,112,124,43
5291,62,38,50,59,103,194
5292,38,34,22,37,43,119
5293,60,58,101,15,193,9
5294,24,14,38,18,91,32
5295,24,23,116,92,73,67
5296,34,49,69,98,85,241
5297,50,36,124,111,123,207
5298,28,16,59,14,79,112
5299,47,39,88,53,0,44
5300,4,24,109,40,14,20
5301,9,38,15,28,80,178
5302,49,15,2,126,225,74
5303,53,51,80,44,113,196
5304,29,46,11,116,2,180
5305,33,38,119,11,150,246
5306,33,2,19,34,33,128
5307,46,34,97,8,99,176
5308,24,34,85,29,4,136
5309,55,33,9,80,25,36
5310,36,3,120,113,69,226
5311,13,22,113,127,96,197
5312,63,10,94,97,140,65
5313,0,49,103,103,97,118
5314,28,16,106,18,103,55
5315,60,7,106,47,6,26
5316,60,58,53,126,63,124
5317,17,48,47,18,172,14
5318,2,59,119,117,80,73
5319,0,36,51,28,49,120
5320,41,63,59,88,176,189
5321,35,32,84,77,246,172
5322,1,1,82,17,172,32
5323,2,54,11,63,8,116
5324,1,54,102,68,224,69
5325,60,58,65,6,230,218
5326,42,43,26,116,27,119
5327,36,35,35,57,111,200
5328,28,23,10,102,90,181
5329,0,46,49,101,94,181
5330,35,35,49,22,148,139
5331,3,56,110,60,143,133
5332,48,57,59,100,70,216
5333,51,22,17,71,80,196
5334,32,20,71,101,115,85
5335,48,57,63,91,187,253
5336,63,63,29,118,247,44
5337,51,40,33,126,174,38
5338,46,42,101,82,69,120
5339,58,49,78,21,53,70
5340,32,20,66,122,176,108
5341,13,1,117,31,88,153
5342,6,16,113,59,144,115
5343,24,14,49,48,120,64
5344,46,17,49,116,149,72
5345,31,3,53,116,229,62
5346,31,60,127,51,58,123
5347,24,60,36,6,2,84
5348,26,42,69,6,16,237
5349,34,62,69,9,135,2
5350,28,23,127,5,102,25
5351,58,29,14,20,6,178
5352,54,17,5,62,14,156
5353,44,28,91,113,225,86
5354,6,6,89,108,121,238
5355,57,0,107,111,28,211
5356,50,34,45,65,49,122
5357,57,0,107,111,212,227
5358,63,35,109,97,112,192
5359,7,7,27,47,96,157
5360,7,7,12,28,84,22
5361,19,23,78,80,102,148
5362,14,16,36,67,229,164
5363,42,4,38,66,140,120
5364,29,5,31,114,129,115
5365,28,23,41,84,124,126
5366,54,40,33,102,61,32
5367,30,5,86,80,160,137
5368,20,57,71,67,207,179
5369,7,20,84,117,5,154
5370,47,39,6,72,122,41
5371,33,33,42,61,122,77
5372,49,15,27,80,191,16
5373,39,4,72,33,64,206
5374,33,2,32,91,144,178
5375,20,19,66,67,217,3
5376,22,8,53,94,255,10
5377,23,46,104,67,112,190
5378,8,26,69,35,1,159
5379,39,4,6,23,139,228
5380,0,24,34,60,236,218
5381,31,60,80,121,60,158
5382,15,60,68,38,108,152
5383,15,60,41,82,248,44
5384,15,60,56,86,252,7
5385,29,0,101,64,226,95
5386,41,11,96,66,187,134
5387,38,6,102,33,57,10
5388,22,42,101,67,182,166
5389,48,57,18,0,88,11
5390,44,28,34,52,217,89
5391,17,54,78,38,3,41
5392,59,24,66,76,63,183
5393,49,15,2,126,65,155
5394,48,57,86,121,10,201
5395,30,39,81,46,56,111
5396,30,5,88,67,1,96
5397,50,34,113,117,180,24
5398,50,36,80,68,145,223
5399,27,27,22,5,196,133
5400,15,60,16,122,161,214
5401,34,18,100,9,238,253
5402,34,12,33,99,85,27
5403,6,44,56,107,1,35
5404,43,25,13,62,111,222
5405,3,0,33,33,236,224
5406,57,56,54,111,239,217
5407,42,62,7,105,6,185
5408,18,43,4,122,13,229
5409,43,9,64,6,106,111
5410,42,43,17,66,4,232
5411,38,6,45,15,161,243
5412,46,1,23,96,138,191
5413,9,18,74,118,241,242
5414,5,22,20,113,60,120
5415,51,52,9,69,220,10
5416,24,14,38,2,136,24
5417,42,38,50,75,94,177
5418,9,18,116,4,104,120
5419,34,12,77,54,14,148
5420,46,17,124,57,226,182
5421,5,16,73,58,86,245
5422,7,44,64,117,239,109
5423,14,22,11,88,152,6
5424,10,8,49,68,228,202
5425,25,27,35,78,142,138
5426,8,26,51,105,243,105
5427,4,24,125,90,227,190
5428,13,22,74,97,248,36
5429,61,55,12,28,65,118
5430,9,18,109,97,168,200
5431,23,32,44,103,69,145
5432,52,17,14,53,62,216
5433,3,0,120,16,17,227
5434,12,53,117,113,236,100
5435,25,25,46,71,174,142
5436,6,6,18,17,238,43
5437,16,48,114,19,219,64
5438,25,42,68,6,189,239
5439,42,50,49,120,159,5
5440,42,43,107,116,112,186
5441,19,33,118,38,247,12
5442,23,50,21,21,165,209
5443,19,33,66,38,117,197
5444,62,62,84,42,59,167
5445,42,43,53,62,149,164
5446,14,14,1,9,110,86
5447,27,27,74,27,251,5
5448,22,36,34,50,155,250
5449,51,40,61,22,240,189
5450,61,55,51,124,19,64
5451,52,17,35,108,191,17
5452,23,0,39,123,138,241
5453,49,12,34,5,212,197
5454,52,17,63,56,160,82
5455,63,30,37,94,137,124
5456,35,30,22,56,76,56
5457,39,4,56,29,95,176
5458,53,51,65,110,1,222
5459,33,2,90,109,203,234
5460,39,4,71,1,146,40
5461,39,4,112,61,36,239
5462,30,5,44,10,84,131
5463,48,31,71,117,241,224
5464,7,1,75,37,243,229
5465,30,4,21,101,85,124
5466,30,5,101,101,129,128
5467,0,0,0,0,0,0
5468,45,47,51,30,145,246
5469,50,36,90,63,100,101
5470,37,56,66,99,103,46
5471,2,36,81,89,106,230
5472,26,42,86,126,41,55
5473,47,39,28,72,129,110
5474,61,36,14,83,30,123
5475,55,61,42,110,81,22
5476,49,15,88,78,210,54
5477,43,11,71,67,36,239
5478,23,50,70,84,132,50
5479,28,23,76,114,58,13
5480,1,25,47,121,89,182
5481,58,45,79,98,91,139
5482,44,28,110,113,94,177
5483,22,19,40,18,152,14
5484,48,57,59,47,196,133
5485,48,57,61,79,166,196
5486,51,52,35,4,237,72
5487,15,31,30,73,70,109
5488,15,53,30,65,131,26
5489,31,52,63,10,185,225
5490,51,52,35,86,17,54
5491,31,32,84,113,70,80
5492,50,36,115,87,150,153
5493,42,43,14,114,140,18
5494,63,63,100,56,127,102
5495,35,37,19,2,193,212
5496,47,39,118,97,83,132
5497,44,28,98,65,244,106
5498,11,31,58,35,210,35
5499,39,5,121,17,211,35
5500,53,26,52,24,195,192
5501,17,54,33,91,9,106
5502,3,0,100,122,153,240
5503,49,15,8,19,110,205
5504,49,15,6,54,156,108
5505,46,34,41,12,138,100
5506,5,45,20,41,184,191
5507,5,16,24,78,73,173
5508,2,36,51,34,46,250
5509,9,18,119,49,198,122
5510,9,18,41,12,134,252
5511,43,11,88,79,101,168
5512,37,21,44,103,136,217
5513,45,36,57,31,166,250
5514,23,50,44,103,85,139
5515,16,48,92,32,147,201
5516,12,37,0,63,10,167
5517,43,9,77,94,208,132
5518,25,57,81,6,2,60
5519,7,7,122,61,105,168
5520,20,2,26,86,33,87
5521,30,1,119,115,12,20
5522,32,23,81,100,75,88
5523,34,44,33,55,63,191
5524,4,59,68,119,117,109
5525,20,19,57,14,8,117
5526,4,48,75,63,181,100
5527,14,46,104,81,78,70
5528,14,14,77,81,45,129
5529,23,50,21,21,227,66
5530,20,42,61,58,50,46
5531,52,17,68,42,15,210
5532,29,12,60,22,190,69
5533,7,7,78,44,113,179
5534,42,38,40,21,150,184
5535,35,9,112,27,103,150
5536,16,48,101,119,7,118
5537,43,11,5,76,58,23
5538,16,48,69,17,156,90
5539,4,24,69,6,33,37
5540,4,24,125,96,165,255
5541,38,11,81,91,115,186
5542,51,52,92,76,138,167
5543,56,13,80,15,195,49
5544,9,18,75,43,204,45
5545,56,16,5,117,52,18
5546,56,13,120,14,243,64
5547,5,16,115,21,135,165
5548,38,22,17,31,220,178
5549,23,50,102,49,194,165
5550,29,12,77,38,193,51
5551,7,2,9,105,219,113
5552,33,7,51,39,207,213
5553,14,14,24,34,223,152
5554,3,20,11,60,244,154
5555,49,15,90,76,249,78
5556,7,55,20,57,109,179
5557,10,7,67,101,54,122
5558,2,41,102,126,135,181
5559,41,0,33,57,167,213
5560,45,53,71,52,153,123
5561,2,36,84,36,181,218
5562,10,8,108,9,251,7
5563,33,20,70,27,215,251
5564,47,39,117,103,48,55
5565,48,57,93,94,160,63
5566,55,25,9,71,207,126
5567,61,55,108,88,121,107
5568,7,7,72,35,63,73
5569,8,8,85,61,158,20
5570,46,46,78,55,155,221
5571,16,0,97,31,96,125
5572,36,36,34,94,15,77
5573,16,44,50,1,13,1
5574,23,44,11,5,52,1
5575,40,34,23,42,233,62
5576,9,18,100,117,7,251
5577,63,58,24,47,124,237
5578,29,12,28,45,110,53
5579,42,43,13,28,69,211
5580,32,56,15,111,169,183
5581,44,29,53,0,242,166
5582,63,63,52,19,132,247
5583,42,38,71,101,21,60
5584,42,43,81,11,171,209
5585,13,22,81,41,254,111
5586,38,6,101,79,180,140
5587,0,6,10,1,205,250
5588,43,11,41,75,52,60
5589,49,15,81,71,157,225
5590,7,7,21,28,93,181
5591,10,8,72,12,220,181
5592,7,2,70,16,234,181
5593,20,51,120,90,66,134
5594,49,15,24,42,181,2
5595,51,40,32,112,157,116
5596,37,1,51,2,100,240
5597,15,1,3,56,29,71
5598,5,55,123,59,53,80
5599,20,26,52,123,146,153
5600,62,38,82,114,95,105
5601,9,18,84,38,145,119
5602,17,54,65,63,228,208
5603,28,52,33,7,159,15
5604,1,1,75,38,162,203
5605,61,55,51,88,113,153
5606,46,17,10,102,150,121
5607,25,8,33,76,54,241
5608,25,26,58,39,179,83
5609,2,30,57,20,44,19
5610,61,41,57,0,164,112
5611,3,0,89,115,154,194
5612,51,52,75,116,239,248
5613,19,30,98,28,23,143
5614,33,7,104,67,220,76
5615,25,57,59,85,6,60
5616,19,33,100,110,211,150
5617,30,5,80,68,182,83
5618,33,7,81,39,116,139
5619,9,18,36,2,8,51
5620,59,21,12,50,252,89
5621,21,63,31,102,37,54
5622,38,6,49,104,111,90
5623,59,23,24,122,95,17
5624,26,57,107,123,50,197
5625,12,53,71,67,1,196
5626,45,53,71,38,89,18
5627,44,28,116,121,167,165
5628,62,38,56,33,61,49
5629,62,62,15,19,110,82
5630,36,35,125,22,181,159
5631,6,44,99,94,122,101
5632,42,43,111,124,231,117
5633,19,33,76,112,218,170
5634,34,49,101,121,26,35
5635,6,55,104,39,173,139
5636,6,44,121,68,136,58
5637,61,25,49,112,106,197
5638,39,19,30,120,57,95
5639,23,50,98,112,167,196
5640,48,42,125,91,42,182
5641,12,57,96,62,245,237
5642,37,44,97,71,129,28
5643,16,15,67,8,92,202
5644,38,35,43,6,174,177
5645,27,42,3,74,110,185
5646,29,12,116,114,216,220
5647,14,14,22,122,127,80
5648,62,38,90,113,102,228
5649,62,37,34,94,248,90
5650,23,50,120,14,17,215
5651,62,38,86,126,125,45
5652,42,62,76,25,202,18
5653,62,62,101,118,42,134
5654,43,53,114,62,232,141
5655,62,25,124,20,237,198
5656,23,38,16,15,123,239
5657,31,3,12,7,199,37
5658,63,3,3,47,53,37
5659,58,23,5,41,89,65
5660,38,6,110,109,188,211
5661,5,16,13,76,59,3
5662,4,24,80,61,140,31
5663,13,22,57,123,145,53
5664,18,19,79,61,72,117
5665,38,34,94,113,172,11
5666,46,17,116,16,194,7
5667,3,52,2,120,81,156
5668,18,38,38,95,188,136
5669,42,43,87,75,41,95
5670,58,29,9,101,115,91
5671,43,11,0,109,232,44
5672,17,58,14,55,103,78
5673,3,31,72,73,201,116
5674,36,35,120,113,65,248
5675,29,12,84,35,46,22
5676,32,20,28,72,22,195
5677,19,33,68,29,126,45
5678,32,20,100,117,230,90
5679,10,8,13,28,106,207
5680,57,20,69,69,229,41
5681,27,27,25,15,53,98
5682,32,20,124,125,15,83
5683,26,42,120,74,237,187
5684,11,31,12,13,204,231
5685,13,22,47,29,202,241
5686,6,5,67,10,128,75
5687,45,47,58,107,226,167
5688,22,28,52,56,8,193
5689,47,39,83,33,162,125
5690,39,4,91,113,115,45
5691,47,39,22,110,124,160
5692,10,8,15,53,211,152
5693,13,57,17,31,104,166
5694,58,29,28,39,141,19
5695,36,35,108,15,219,158
5696,48,57,38,13,42,1
5697,52,17,88,92,28,213
5698,46,34,30,86,205,164
5699,19,50,19,112,110,3
5700,34,49,110,126,196,198
5701,38,6,84,118,88,157
5702,49,8,71,34,130,122
5703,24,14,82,107,130,64
5704,4,24,100,1,201,15
5705,5,16,76,118,87,50
5706,32,61,100,15,198,192
5707,16,48,29,22,87,73
5708,59,63,111,56,196,17
5709,18,37,74,19,177,101
5710,36,35,101,61,134,12
5711,36,35,17,61,174,55
5712,39,4,107,3,141,38
5713,34,48,67,60,95,209
5714,54,14,11,42,125,255
5715,63,20,3,13,94,82
5716,46,34,90,109,88,159
5717,30,5,94,63,154,168
5718,25,25,106,113,238,237
5719,52,17,109,44,118,170
5720,33,2,127,11,36,127
5721,28,25,16,0,154,91
5722,60,18,19,79,169,124
5723,32,20,127,51,76,139
5724,34,49,15,40,43,236
5725,13,22,13,49,211,121
5726,55,61,111,124,231,221
5727,34,49,18,6,250,54
5728,55,61,76,82,122,36
5729,13,22,124,93,26,76
5730,53,55,88,64,130,21
5731,44,28,44,121,104,21
5732,61,33,89,50,11,67
5733,48,0,29,117,212,27
5734,43,11,75,14,143,98
5735,46,34,73,86,77,221
5736,33,2,12,16,220,42
5737,9,32,6,81,142,10
5738,16,48,2,126,238,171
5739,23,50,83,120,126,82
5740,62,11,54,82,4,182
5741,62,62,69,62,145,57
5742,52,17,34,94,245,179
5743,37,21,8,59,44,163
5744,14,19,74,102,20,234
5745,8,26,41,84,239,173
5746,18,37,60,31,117,12
5747,39,4,30,36,84,131
5748,39,4,38,38,85,231
5749,33,30,76,37,126,202
5750,16,48,71,112,209,244
5751,17,16,106,0,200,55
5752,35,36,80,31,7,112
5753,58,43,83,66,95,255
5754,7,11,92,10,178,89
5755,8,52,67,67,110,52
5756,33,27,79,37,160,246
5757,42,43,58,24,155,184
5758,41,34,10,123,193,61
5759,2,36,122,12,124,99
5760,60,7,19,95,252,107
5761,7,32,50,60,34,136
5762,31,60,74,28,27,165
5763,57,56,111,88,105,43
5764,15,60,86,42,247,144
5765,61,55,58,14,243,249
5766,6,44,114,68,104,159
5767,62,62,7,17,148,128
5768,16,48,20,78,88,99
5769,4,48,9,59,0,213
5770,24,34,85,37,83,11
5771,20,42,118,78,65,131
5772,17,54,122,62,222,160
5773,43,59,93,67,240,150
5774,46,17,82,107,64,7
5775,1,1,1,16,89,166
5776,17,54,2,62,237,103
5777,26,32,29,15,137,22
5778,60,58,68,97,1,123
5779,46,17,35,101,71,31
5780,63,3,107,77,254,176
5781,35,30,66,17,226,223
5782,47,33,89,3,58,190
5783,10,8,70,25,167,181
5784,10,8,57,32,101,159
5785,49,15,117,115,95,100
5786,4,24,44,15,70,27
5787,43,53,72,111,142,253
5788,39,37,11,112,134,248
5789,37,21,44,124,11,112
5790,49,15,23,96,151,118
5791,14,46,71,63,40,52
5792,5,49,103,3,120,27
5793,38,6,16,108,90,120
5794,47,27,48,68,147,47
5795,47,58,104,74,121,167
5796,8,26,29,15,191,75
5797,39,4,95,33,179,183
5798,27,27,112,57,243,130
5799,55,41,76,6,153,126
5800,0,34,66,123,11,189
5801,28,23,107,42,136,205
5802,46,17,58,2,195,179
5803,43,25,33,68,140,213
5804,62,62,91,127,185,28
5805,62,62,122,35,61,125
5806,62,43,15,7,47,86
5807,7,7,78,109,84,241
5808,62,62,3,127,61,163
5809,35,56,45,46,201,24
5810,10,15,73,1,106,50
5811,20,57,105,72,78,46
5812,60,58,64,27,191,135
5813,7,7,109,110,87,128
5814,12,53,2,34,128,123
5815,22,19,96,37,78,97
5816,46,34,5,3,119,136
5817,5,45,102,81,222,94
5818,55,61,7,118,241,186
5819,10,33,67,115,0,231
5820,2,41,30,104,236,42
5821,22,19,111,124,118,182
5822,13,4,42,59,12,126
5823,63,63,24,13,210,234
5824,52,32,75,126,96,214
5825,38,6,69,53,253,252
5826,2,57,116,126,251,178
5827,3,0,62,12,40,243
5828,33,2,47,3,242,241
5829,36,35,27,33,162,113
5830,30,5,52,59,211,221
5831,30,5,68,58,50,136
5832,9,18,96,26,224,53
5833,59,59,109,12,7,183
5834,20,59,46,1,61,232
5835,59,59,85,57,216,139
5836,45,47,33,122,78,40
5837,49,15,102,75,16,51
5838,16,16,59,13,46,75
5839,14,21,123,121,181,10
5840,10,8,77,29,158,13
5841,34,2,100,38,164,22
5842,59,59,103,60,97,53
5843,37,21,9,78,103,49
5844,25,25,69,58,250,36
5845,35,23,64,73,84,150
5846,62,62,60,28,38,135
5847,42,43,125,96,16,169
5848,19,33,117,88,15,235
5849,47,39,90,10,69,117
5850,47,39,4,95,132,240
5851,22,19,86,97,93,39
5852,13,22,126,56,143,244
5853,13,22,68,58,143,98
5854,42,43,17,8,231,184
5855,22,38,56,13,176,216
5856,24,14,109,26,13,27
5857,38,6,85,53,27,49
5858,14,14,105,81,60,148
5859,12,22,92,125,229,21
5860,4,24,105,91,40,10
5861,46,17,114,55,46,34
5862,18,37,17,39,77,161
5863,22,38,109,116,136,24
5864,3,0,72,19,220,107
5865,1,34,42,114,247,218
5866,36,63,49,113,151,196
5867,63,63,50,95,155,32
5868,57,44,107,1,134,88
5869,60,58,92,90,232,120
5870,52,17,75,22,62,37
5871,24,14,16,78,8,216
5872,16,48,103,17,190,234
5873,59,59,125,38,216,61
5874,26,42,49,24,143,202
5875,35,23,64,73,199,168
5876,56,13,124,0,144,16
5877,8,20,45,29,158,43
5878,5,13,8,127,241,153
5879,21,1,78,120,68,75
5880,21,63,60,40,214,126
5881,0,32,58,38,165,157
5882,29,47,11,28,244,215
5883,59,6,79,113,112,210
5884,51,17,69,101,222,99
5885,34,49,79,99,253,158
5886,34,60,94,81,183,244
5887,46,17,82,75,226,64
5888,56,21,120,77,191,143
5889,31,60,94,13,232,85
5890,8,26,112,67,1,123
5891,51,40,21,39,58,53
5892,47,58,78,12,214,11
5893,46,45,55,3,26,5
5894,61,55,53,25,132,41
5895,34,49,110,103,180,19
5896,3,0,2,7,28,204
5897,41,56,99,72,63,124
5898,3,0,8,42,247,220
5899,17,54,77,44,131,149
5900,58,29,102,7,240,162
5901,39,4,10,63,18,104
5902,62,25,3,114,248,82
5903,51,20,114,27,20,185
5904,41,15,123,96,39,131
5905,41,0,126,57,138,110
5906,10,8,60,28,96,255
5907,10,8,65,126,159,116
5908,43,11,1,12,7,138
5909,0,46,105,91,64,100
5910,17,54,101,83,47,113
5911,1,1,122,60,233,201
5912,24,14,99,80,100,191
5913,17,28,27,87,254,137
5914,1,1,82,25,205,37
5915,54,10,65,63,32,24
5916,9,1,35,66,241,222
5917,50,34,114,126,226,115
5918,20,26,120,119,177,66
5919,36,35,51,100,135,183
5920,7,31,98,73,219,15
5921,3,0,30,117,180,149
5922,30,5,85,72,22,153
5923,10,8,58,24,181,144
5924,33,2,51,96,225,8
5925,36,32,26,33,34,80
5926,42,62,46,73,196,140
5927,31,60,79,119,24,15
5928,44,24,111,68,54,178
5929,26,42,99,14,179,166
5930,36,35,76,19,112,60
5931,14,14,109,81,170,112
5932,14,22,82,47,169,48
5933,46,17,122,107,150,99
5934,46,46,29,70,24,196
5935,3,0,18,89,141,81
5936,53,24,103,57,238,183
5937,17,54,34,127,21,122
5938,21,49,126,18,230,210
5939,32,15,116,82,35,34
5940,32,20,44,10,132,0
5941,63,38,24,9,66,186
5942,54,40,94,63,173,13
5943,56,13,28,72,65,142
5944,56,13,20,45,45,127
5945,5,21,70,98,216,170
5946,50,34,103,39,215,233
5947,24,14,81,100,92,194
5948,13,22,68,37,107,12
5949,33,4,88,34,27,47
5950,16,11,127,47,227,92
5951,6,32,100,46,30,61
5952,1,14,10,118,38,221
5953,14,14,14,53,61,247
5954,24,14,120,50,151,76
5955,43,30,8,112,255,249
5956,18,37,125,96,36,132
5957,42,43,14,57,144,184
5958,43,11,70,19,217,104
5959,61,55,110,88,168,232
5960,13,54,127,104,184,65
5961,46,45,55,3,116,179
5962,38,6,17,66,145,49
5963,14,14,97,123,54,211
5964,41,3,49,5,244,141
5965,36,35,5,10,120,69
5966,60,9,86,69,22,92
5967,26,42,111,124,47,19
5968,27,62,69,117,11,133
5969,26,42,9,61,140,231
5970,23,50,119,106,97,145
5971,23,50,68,58,171,218
5972,61,7,112,81,165,153
5973,40,41,101,74,55,66
5974,27,27,87,96,49,143
5975,19,33,32,19,143,160
5976,63,63,117,110,127,129
5977,63,63,37,30,191,142
5978,49,15,2,103,191,118
5979,55,9,106,64,212,195
5980,43,25,99,120,5,40
5981,53,51,70,7,130,9
5982,55,61,29,15,230,219
5983,39,4,12,78,220,108
5984,30,5,84,63,117,90
5985,35,47,43,23,204,48
5986,56,13,12,32,210,149
5987,60,58,58,107,169,61
5988,27,27,26,15,44,252
5989,49,30,9,30,189,22
5990,45,47,64,11,254,194
5991,35,37,19,112,143,110
5992,35,33,48,58,50,17
5993,11,31,35,45,211,163
5994,61,55,77,81,208,36
5995,51,40,72,92,149,19
5996,51,40,105,84,130,172
5997,47,39,9,36,251,84
5998,33,2,13,76,72,250
5999,48,57,37,69,81,101
6000,63,3,107,94,26,7
6001,63,3,3,67,29,72
6002,39,56,49,49,226,21
6003,3,31,15,73,210,54
6004,41,0,33,57,246,150
6005,24,34,47,37,211,159
6006,24,41,82,28,111,141
6007,46,34,123,37,116,37
6008,24,28,10,121,241,124
6009,54,10,40,97,136,108
6010,49,15,58,126,220,195
6011,61,55,97,72,191,253
6012,13,55,47,43,206,237
6013,16,48,19,112,150,42
6014,42,43,78,62,78,6
6015,10,8,104,56,63,200
6016,35,30,8,112,78,40
6017,62,62,44,100,121,56
6018,36,47,4,36,214,33
6019,49,15,125,94,51,241
6020,23,50,63,93,107,67
6021,8,26,36,42,133,192
6022,1,33,47,30,203,36
6023,54,10,92,12,59,165
6024,60,58,21,19,174,215
6025,55,61,69,6,202,136
6026,14,9,90,75,172,219
6027,21,43,67,107,0,100
6028,9,18,5,85,106,252
6029,24,14,74,20,30,150
6030,34,9,38,87,118,32
6031,8,20,82,61,159,94
6032,0,46,29,24,173,157
6033,32,20,11,32,0,251
6034,2,36,33,36,188,41
6035,42,43,114,116,51,179
6036,23,50,125,8,210,171
6037,42,43,9,114,80,3
6038,62,62,35,33,195,74
6039,23,50,58,112,135,144
6040,7,7,98,105,64,180
6041,39,12,107,87,9,173
6042,42,43,85,83,46,59
6043,45,47,28,82,156,165
6044,11,31,29,121,28,138
6045,11,31,66,57,41,63
6046,32,31,34,57,128,107
6047,44,14,53,113,225,178
6048,32,3,95,53,70,171
6049,60,58,32,14,1,4
6050,53,8,67,116,135,146
6051,8,35,58,14,164,29
6052,42,43,110,22,181,254
6053,14,14,15,96,202,175
6054,49,15,107,31,171,156
6055,22,19,99,120,198,213
6056,45,47,34,122,97,246
6057,30,5,44,103,156,62
6058,15,7,67,79,159,26
6059,33,2,51,27,219,193
6060,2,45,42,108,153,229
6061,23,50,29,30,146,125
6062,13,22,111,119,218,122
6063,29,52,57,9,236,236
6064,60,58,59,32,163,181
6065,30,59,82,99,148,154
6066,36,35,66,16,224,67
6067,44,28,17,66,63,235
6068,12,53,125,96,190,102
6069,47,9,73,78,225,160
6070,20,19,28,72,182,131
6071,52,9,93,60,199,126
6072,62,62,74,30,18,69
6073,56,49,78,8,85,226
6074,56,13,76,91,171,1
6075,54,10,48,91,44,211
6076,56,13,104,15,215,101
6077,51,52,9,13,204,159
6078,13,22,120,127,212,98
6079,47,5,16,86,146,1
6080,45,47,12,28,203,13
6081,52,17,46,97,11,62
6082,18,55,4,0,185,40
6083,23,32,123,73,55,3
6084,41,29,96,115,209,72
6085,23,50,31,22,116,8
6086,41,34,7,123,222,78
6087,10,8,92,50,175,62
6088,61,55,41,100,145,49
6089,54,40,20,107,110,106
6090,62,30,0,53,243,105
6091,46,34,73,86,227,90
6092,38,57,43,6,120,89
6093,34,49,69,90,233,248
6094,13,22,116,35,67,99
6095,18,7,93,8,203,4
6096,16,48,15,96,100,164
6097,9,57,99,107,103,17
6098,11,45,110,65,62,66
6099,31,3,51,43,20,36
6100,39,4,81,73,150,184
6101,13,22,125,98,205,61
6102,58,29,85,91,205,151
6103,5,49,28,95,147,70
6104,52,17,101,50,156,61
6105,13,22,11,109,207,162
6106,31,3,96,40,70,167
6107,33,24,72,77,162,95
6108,61,49,50,95,57,105
6109,46,17,10,55,151,130
6110,28,23,81,101,14,185
6111,13,22,38,121,222,89
6112,36,13,75,5,23,240
6113,29,12,27,5,132,232
6114,17,14,67,20,37,109
6115,47,19,63,27,5,16
6116,19,33,9,90,230,225
6117,58,29,91,106,235,75
6118,52,17,74,56,62,54
6119,4,24,20,57,230,25
6120,46,46,101,30,255,73
6121,32,20,114,53,136,175
6122,16,48,29,30,233,177
6123,4,16,74,118,173,179
6124,7,4,88,122,99,78
6125,8,26,50,69,154,41
6126,51,5,62,94,99,119
6127,52,17,84,85,169,73
6128,42,38,36,107,53,74
6129,42,43,87,101,159,204
6130,28,25,22,54,16,12
6131,4,24,35,100,52,25
6132,3,0,125,22,216,178
6133,48,57,14,107,81,236
6134,42,62,46,58,205,235
6135,36,15,29,100,89,157
6136,7,7,41,84,1,180
6137,23,62,24,58,255,126
6138,62,38,100,104,199,154
6139,34,49,119,45,24,19
6140,33,2,2,45,191,234
6141,47,39,127,103,230,152
6142,28,23,82,49,34,67
6143,4,24,76,19,90,175
6144,6,44,48,16,166,156
6145,61,55,67,23,113,16
6146,16,48,116,121,241,25
6147,56,13,65,26,249,1
6148,21,49,103,21,198,40
6149,52,17,116,105,237,25
6150,5,16,106,59,14,139
6151,13,22,126,122,196,235
6152,8,6,52,22,163,127
6153,4,24,84,16,129,81
6154,0,49,7,26,26,96
6155,24,14,114,19,177,119
6156,56,13,105,24,181,10
6157,62,62,12,56,223,183
6158,60,58,36,64,163,237
6159,25,42,68,6,181,49
6160,26,15,34,38,216,198
6161,2,44,97,30,48,213
6162,6,44,27,68,163,102
6163,16,48,114,19,231,125
6164,46,34,90,40,72,70
6165,4,24,97,8,241,215
6166,35,41,6,71,207,117
6167,35,30,69,6,222,145
6168,11,56,35,10,53,114
6169,29,40,48,25,220,103
6170,4,24,62,49,183,38
6171,47,11,69,127,27,212
6172,42,43,29,102,183,167
6173,9,18,52,120,127,243
6174,28,23,15,5,152,230
6175,16,48,95,116,135,187
6176,49,15,2,50,124,213
6177,41,56,80,90,250,239
6178,30,5,60,112,251,243
6179,41,36,59,75,123,115
6180,39,27,71,52,185,101
6181,43,9,65,104,124,97
6182,38,54,13,36,134,139
6183,31,60,66,65,247,245
6184,23,38,37,38,65,65
6185,5,45,87,54,236,73
6186,31,45,76,95,230,219
6187,2,56,56,38,175,199
6188,39,40,82,8,210,5
6189,52,10,27,123,214,46
6190,43,11,91,92,160,158
6191,28,23,30,30,3,196
6192,40,41,122,64,204,49
6193,40,41,122,46,114,0
6194,58,29,80,68,175,214
6195,58,12,80,5,92,72
6196,24,46,84,20,149,200
6197,9,19,22,47,103,174
6198,46,17,10,102,17,29
6199,55,14,106,9,129,44
6200,46,46,26,111,107,7
6201,24,14,14,24,172,109
6202,52,17,105,9,173,107
6203,46,34,15,126,244,140
6204,42,43,51,63,41,248
6205,48,19,125,102,121,62
6206,3,0,108,67,197,53
6207,16,48,111,119,218,167
6208,16,48,117,110,153,30
6209,43,48,19,115,193,172
6210,53,8,22,46,60,193
6211,0,46,42,0,94,143
6212,56,13,6,82,7,134
6213,38,14,45,65,21,69
6214,51,63,9,89,67,66
6215,46,45,55,3,167,74
6216,16,48,106,59,126,63
6217,20,57,11,6,39,109
6218,3,0,38,56,161,173
6219,41,56,44,25,73,36
6220,11,31,62,61,169,64
6221,10,8,15,79,201,5
6222,33,59,92,104,222,187
6223,59,59,125,23,113,194
6224,14,63,14,82,87,16
6225,3,0,91,20,44,59
6226,24,25,56,124,185,171
6227,61,55,68,29,21,149
6228,3,0,29,22,242,181
6229,11,51,123,91,230,234
6230,24,14,65,30,88,37
6231,24,14,96,122,70,150
6232,52,17,91,92,173,138
6233,6,13,127,77,246,36
6234,6,13,127,77,66,101
6235,56,13,74,27,108,184
6236,12,55,107,26,240,61
6237,35,30,18,34,171,181
6238,39,49,49,42,39,193
6239,22,19,22,30,215,46
6240,20,38,56,78,21,253
6241,36,35,92,35,223,182
6242,24,14,110,103,105,94
6243,55,61,103,33,222,219
6244,24,14,69,17,12,64
6245,43,41,66,1,229,35
6246,48,3,55,67,109,172
6247,24,22,66,9,74,241
6248,36,35,52,19,117,213
6249,50,59,123,118,175,233
6250,3,0,85,67,174,168
6251,39,4,127,30,65,131
6252,60,58,54,54,50,255
6253,53,8,22,30,174,94
6254,56,18,89,85,72,163
6255,9,18,56,85,202,177
6256,49,15,61,51,1,80
6257,7,58,111,13,72,103
6258,58,29,20,46,211,86
6259,58,29,101,22,175,33
6260,0,50,66,46,105,251
6261,26,42,67,2,64,190
6262,26,32,33,117,20,166
6263,4,59,3,77,52,23
6264,61,55,95,97,243,171
6265,35,35,41,84,63,39
6266,58,38,67,58,196,77
6267,10,8,82,45,154,214
6268,44,28,3,113,7,119
6269,42,60,36,59,54,175
6270,15,3,76,57,222,127
6271,6,44,102,35,8,110
6272,9,18,98,76,83,55
6273,6,6,25,95,159,146
6274,4,60,45,6,166,112
6275,24,14,6,100,27,49
6276,16,14,38,2,58,140
6277,14,14,69,29,27,5
6278,7,7,118,23,179,8
6279,27,5,34,84,205,168
6280,30,36,68,126,215,168
6281,8,26,127,67,5,244
6282,41,26,59,111,119,74
6283,8,27,124,31,100,28
6284,39,4,88,33,242,190
6285,55,61,118,78,43,19
6286,55,61,120,76,185,169
6287,50,36,113,116,0,72
6288,30,5,124,0,9,50
6289,3,0,96,26,205,132
6290,24,14,24,26,190,14
6291,40,60,107,121,251,198
6292,15,60,74,98,133,35
6293,31,3,55,19,67,122
6294,15,3,121,33,65,114
6295,15,60,125,9,18,172
6296,15,13,34,53,90,174
6297,8,60,1,110,159,71
6298,56,60,1,36,217,229
6299,55,61,86,118,223,35
6300,47,39,115,42,64,15
6301,60,58,86,118,89,118
6302,10,8,22,65,85,116
6303,47,39,127,8,199,167
6304,54,15,79,116,54,49
6305,56,60,118,85,206,7
6306,48,18,55,86,235,228
6307,43,9,93,121,172,165
6308,43,11,84,118,42,40
6309,49,15,24,65,6,45
6310,5,11,47,99,122,1
6311,15,49,62,67,161,6
6312,5,45,39,95,242,35
6313,7,7,97,66,30,203
6314,7,2,112,113,123,130
6315,42,33,65,110,76,36
6316,9,29,1,4,30,134
6317,13,22,122,110,179,83
6318,19,53,90,20,252,1
6319,17,28,76,104,212,15
6320,55,33,117,63,24,212
6321,56,13,13,28,89,81
6322,30,35,82,111,48,38
6323,49,15,75,112,187,165
6324,14,46,111,96,3,78
6325,20,19,113,36,209,189
6326,49,15,18,13,223,5
6327,8,26,24,104,199,88
6328,26,42,9,2,102,105
6329,10,8,91,41,236,6
6330,10,8,101,38,163,162
6331,63,63,15,39,18,80
6332,46,14,49,117,24,186
6333,62,62,85,23,186,82
6334,5,16,119,69,5,148
6335,5,16,60,124,220,75
6336,3,0,77,78,139,169
6337,43,9,82,17,100,150
6338,5,16,111,3,192,217
6339,18,37,23,126,235,147
6340,48,57,75,112,29,7
6341,22,19,11,32,51,67
6342,39,4,79,119,62,193
6343,48,57,82,107,112,209
6344,59,59,10,71,75,198
6345,59,59,20,46,189,116
6346,46,34,45,24,176,159
6347,7,47,76,101,178,47
6348,59,48,127,117,11,149
6349,36,1,1,36,121,183
6350,17,54,117,74,223,184
6351,13,22,52,89,34,206
6352,4,24,29,60,99,135
6353,59,59,109,42,108,47
6354,15,60,93,121,122,42
6355,3,0,40,26,148,141
6356,2,53,122,11,8,233
6357,35,37,19,112,161,32
6358,7,7,21,119,253,108
6359,28,23,116,3,91,186
6360,42,50,10,64,110,231
6361,56,13,58,53,7,21
6362,8,3,1,97,175,103
6363,14,14,23,95,192,221
6364,6,44,28,78,2,8
6365,2,21,48,43,160,16
6366,14,48,64,18,75,190
6367,52,17,51,10,84,154
6368,14,14,87,96,127,204
6369,14,46,29,113,18,59
6370,37,21,28,83,233,156
6371,25,25,43,119,7,237
6372,56,13,40,18,51,87
6373,7,55,17,30,191,178
6374,19,2,34,34,31,162
6375,55,8,70,87,187,212
6376,34,14,89,29,34,19
6377,13,22,111,119,207,94
6378,61,55,122,89,204,228
6379,7,7,95,93,112,218
6380,13,22,84,63,171,240
6381,44,25,54,100,74,126
6382,6,44,49,42,171,102
6383,20,57,60,7,149,248
6384,42,43,4,20,122,68
6385,35,30,70,25,105,224
6386,61,55,83,120,67,47
6387,4,24,61,12,123,57
6388,40,24,13,123,31,215
6389,34,5,6,114,150,45
6390,38,6,35,9,79,192
6391,8,26,122,38,227,234
6392,59,46,45,65,168,227
6393,63,63,41,21,46,85
6394,8,26,114,57,174,129
6395,56,13,93,13,98,206
6396,23,48,55,78,194,92
6397,7,7,120,88,179,17
6398,3,0,27,28,101,243
6399,63,63,15,45,83,208
6400,21,34,94,80,165,243
6401,36,35,48,28,101,219
6402,60,58,101,118,168,148
6403,23,50,8,47,176,51
6404,48,42,71,80,34,55
6405,31,3,109,76,149,192
6406,49,8,12,24,112,128
6407,63,3,107,77,246,81
6408,27,27,42,106,182,22
6409,54,60,113,109,251,141
6410,45,0,70,52,77,71
6411,18,37,104,79,145,246
6412,19,33,118,73,149,7
6413,14,14,83,120,139,178
6414,19,33,99,62,175,253
6415,62,54,108,21,79,240
6416,11,31,40,40,32,20
6417,57,56,53,4,144,38
6418,57,63,107,111,250,146
6419,63,21,12,117,21,85
6420,35,29,17,34,241,85
6421,18,37,6,10,198,117
6422,52,17,117,7,117,43
6423,54,10,123,71,168,83
6424,17,60,78,18,252,175
6425,28,25,16,68,253,141
6426,47,39,58,120,161,10
6427,55,61,73,95,138,42
6428,8,26,81,72,29,127
6429,21,32,29,102,65,122
6430,31,32,19,102,238,138
6431,46,34,74,96,126,49
6432,13,22,67,121,189,57
6433,13,22,76,114,83,191
6434,13,22,17,66,142,6
6435,13,22,11,94,173,90
6436,13,22,115,65,46,250
6437,13,40,126,37,23,197
6438,13,22,17,66,142,6
6439,49,22,76,89,141,33
6440,13,22,24,16,74,149
6441,13,22,87,111,124,4
6442,36,35,17,41,6,55
6443,13,22,51,68,84,224
6444,46,45,39,20,104,73
6445,36,12,33,62,89,38
6446,13,22,95,76,202,162
6447,13,22,95,111,133,180
6448,46,34,74,10,194,159
6449,13,22,16,44,182,191
6450,43,11,99,49,165,151
6451,23,50,23,103,55,123
6452,43,11,79,99,224,104
6453,10,8,127,119,202,161
6454,49,15,88,73,137,219
6455,26,57,78,123,74,9
6456,34,4,100,51,176,120
6457,40,41,63,66,69,178
6458,57,56,45,26,247,7
6459,35,42,45,11,171,234
6460,38,6,59,52,250,109
6461,50,45,121,43,53,117
6462,46,17,10,63,118,156
6463,4,24,109,40,127,215
6464,28,23,80,64,74,142
6465,4,24,114,62,44,152
6466,19,15,62,25,232,157
6467,51,32,69,108,140,23
6468,63,63,76,19,50,60
6469,8,26,67,34,45,123
6470,22,19,22,108,118,19
6471,24,10,30,31,24,120
6472,16,16,60,7,233,140
6473,4,24,45,100,179,9
6474,24,14,27,68,0,212
6475,38,6,102,9,253,252
6476,34,49,63,120,188,75
6477,22,14,11,117,189,109
6478,13,22,31,108,216,192
6479,20,42,44,48,242,161
6480,4,24,32,88,151,160
6481,48,57,88,91,48,4
6482,33,2,26,38,240,39
6483,9,18,28,83,185,26
6484,62,62,46,123,87,97
6485,46,11,105,82,105,212
6486,37,24,1,24,75,155
6487,63,3,107,97,106,42
6488,56,60,77,99,109,234
6489,13,22,95,116,208,177
6490,43,14,45,20,211,70
6491,6,6,49,100,228,242
6492,24,14,116,20,37,132
6493,58,29,90,42,136,47
6494,19,33,116,3,88,99
6495,13,22,13,7,212,96
6496,7,7,14,114,107,224
6497,49,1,81,37,144,154
6498,51,40,33,108,165,22
6499,14,14,51,10,255,22
6500,14,14,38,2,154,61
6501,17,28,114,37,204,18
6502,46,17,112,75,211,243
6503,56,13,41,84,182,230
6504,28,32,8,59,229,125
6505,56,4,120,8,16,197
6506,45,47,120,32,189,15
6507,17,54,35,108,80,227
6508,4,59,53,25,105,230
6509,56,13,66,57,104,209
6510,0,46,50,35,18,161
6511,37,21,74,118,102,230
6512,62,62,22,56,164,118
6513,46,17,52,55,103,91
6514,56,13,122,62,196,188
6515,50,34,62,45,129,138
6516,5,16,42,89,64,87
6517,36,8,39,85,188,126
6518,11,31,60,15,71,0
6519,2,57,117,104,122,169
6520,13,31,29,6,1,132
6521,34,49,92,114,188,47
6522,50,34,67,5,178,150
6523,51,17,77,65,7,54
6524,47,39,114,123,81,190
6525,3,32,110,49,48,116
6526,35,35,7,82,6,153
6527,43,9,65,119,113,56
6528,39,4,92,103,102,183
6529,4,24,19,71,75,49
6530,50,34,122,45,224,116
6531,28,23,33,89,244,180
6532,23,50,70,7,151,224
6533,60,58,60,58,162,47
6534,20,17,34,55,4,135
6535,13,52,46,83,245,140
6536,3,0,26,121,26,125
6537,53,19,126,43,16,143
6538,14,14,57,120,201,13
6539,50,36,67,121,0,112
6540,40,20,126,69,93,246
6541,50,1,71,19,26,13
6542,52,17,6,65,43,234
6543,35,53,48,103,198,33
6544,15,60,94,70,83,191
6545,15,60,25,49,47,99
6546,13,6,29,79,147,143
6547,13,22,2,7,177,140
6548,10,8,104,95,220,81
6549,63,32,29,2,174,19
6550,46,22,24,85,148,190
6551,18,43,88,47,17,102
6552,34,49,127,95,239,32
6553,1,7,78,81,120,104
6554,37,59,49,13,28,186
6555,58,23,113,113,139,28
6556,3,0,39,18,12,238
6557,58,30,47,106,12,51
6558,15,60,94,55,137,146
6559,12,25,36,61,29,16
6560,55,61,28,83,19,175
6561,58,29,29,6,119,113
6562,43,25,16,93,129,122
6563,37,13,26,104,170,104
6564,55,27,81,11,146,192
6565,49,45,36,5,133,128
6566,24,46,54,11,174,9
6567,18,37,3,13,143,51
6568,23,50,49,101,229,27
6569,4,24,109,40,211,141
6570,59,59,77,81,157,234
6571,59,48,74,18,12,79
6572,13,22,29,22,151,62
6573,59,59,82,107,61,79
6574,42,43,109,46,138,27
6575,0,46,103,106,140,21
6576,46,46,78,55,216,242
6577,24,14,109,46,153,57
6578,58,29,27,63,126,148
6579,17,54,3,113,7,155
6580,1,1,5,88,34,107
6581,59,59,45,47,244,119
6582,43,9,124,0,237,39
6583,51,3,47,38,79,23
6584,18,12,64,99,68,154
6585,15,60,49,116,189,252
6586,62,38,16,113,236,19
6587,34,49,75,109,215,89
6588,14,14,11,2,140,90
6589,43,11,42,40,239,203
6590,54,28,47,117,125,16
6591,2,1,56,41,31,71
6592,57,35,120,53,104,71
6593,50,0,15,70,169,254
6594,14,14,46,29,236,58
6595,43,11,116,3,149,212
6596,61,8,87,12,165,43
6597,59,59,75,38,143,165
6598,28,25,20,16,119,10
6599,20,19,72,110,160,38
6600,56,13,75,38,82,179
6601,3,32,84,1,167,4
6602,20,55,106,100,159,225
6603,38,6,18,115,113,69
6604,32,63,66,4,68,134
6605,14,14,31,72,227,129
6606,42,49,118,68,109,43
6607,51,52,110,103,211,22
6608,51,5,91,79,147,26
6609,48,57,67,5,245,210
6610,3,0,93,78,77,84
6611,24,46,92,86,29,100
6612,18,43,14,39,96,42
6613,52,17,122,66,76,65
6614,49,15,108,88,87,164
6615,46,46,10,68,74,99
6616,36,35,122,55,128,49
6617,37,54,22,76,98,7
6618,31,3,55,125,204,9
6619,31,3,18,30,18,114
6620,22,43,58,14,140,227
6621,2,41,102,126,37,24
6622,47,39,99,79,77,230
6623,2,41,5,1,86,119
6624,2,3,102,34,96,16
6625,62,62,0,95,94,105
6626,4,24,7,114,64,166
6627,24,25,42,123,247,178
6628,26,42,49,68,253,28
6629,12,53,32,4,210,51
6630,12,45,57,80,150,112
6631,34,49,64,89,165,192
6632,14,48,61,70,20,58
6633,50,34,99,126,4,161
6634,7,7,60,97,248,245
6635,31,60,75,119,165,124
6636,14,60,100,119,233,35
6637,31,3,39,87,230,63
6638,34,41,119,47,213,129
6639,27,27,126,122,98,199
6640,2,36,111,124,249,2
6641,49,15,87,12,124,114
6642,52,17,18,122,127,94
6643,42,43,114,116,67,236
6644,11,31,41,84,75,124
6645,11,31,20,39,207,130
6646,57,5,16,47,81,143
6647,41,56,28,45,216,159
6648,51,52,9,67,131,243
6649,17,54,68,46,65,61
6650,16,4,22,16,45,28
6651,9,12,35,13,45,220
6652,10,8,127,27,151,167
6653,25,6,58,126,141,251
6654,38,6,35,68,209,191
6655,28,23,16,33,1,106
6656,27,27,111,25,49,9
6657,57,56,7,17,215,118
6658,52,17,30,121,108,78
6659,43,11,72,19,1,244
6660,3,0,126,41,86,118
6661,3,0,48,28,185,59
6662,36,35,2,84,78,111
6663,8,26,96,110,246,61
6664,9,18,49,110,130,94
6665,9,18,34,42,231,125
6666,18,5,73,25,243,112
6667,42,43,38,35,173,48
6668,62,62,42,53,207,127
6669,24,16,113,75,162,25
6670,22,30,58,80,78,107
6671,19,8,12,53,51,82
6672,26,4,76,31,73,44
6673,15,60,3,92,16,177
6674,42,38,44,103,96,193
6675,43,33,23,29,75,39
6676,19,33,73,86,178,255
6677,37,21,25,114,163,62
6678,22,19,62,12,173,169
6679,22,19,23,39,169,211
6680,53,51,26,22,156,231
6681,60,58,29,44,230,62
6682,58,29,13,31,102,84
6683,5,29,58,121,20,93
6684,6,44,7,14,64,67
6685,0,44,127,125,31,124
6686,59,20,8,6,221,247
6687,4,24,92,89,123,219
6688,62,38,36,40,239,90
6689,18,38,23,110,149,185
6690,2,36,49,12,165,200
6691,43,11,33,7,212,160
6692,43,50,19,110,218,163
6693,9,25,24,13,230,225
6694,0,32,34,19,179,198
6695,0,46,24,42,74,238
6696,40,41,82,98,65,50
6697,54,40,1,16,21,97
6698,44,28,95,7,134,7
6699,63,63,91,32,202,138
6700,24,6,44,79,179,176
6701,14,14,50,67,171,83
6702,43,44,64,115,255,105
6703,32,20,62,47,246,185
6704,49,15,109,36,177,226
6705,17,36,100,1,128,146
6706,54,10,80,125,238,113
6707,10,8,90,10,167,223
6708,60,58,33,53,130,93
6709,30,36,7,1,109,55
6710,12,53,115,20,105,203
6711,43,11,112,1,243,106
6712,43,9,82,48,103,182
6713,56,13,76,91,59,5
6714,7,7,78,72,27,187
6715,48,57,127,95,137,42
6716,48,61,9,39,239,173
6717,47,39,29,38,113,23
6718,28,23,71,58,195,76
6719,42,43,78,80,116,69
6720,61,55,126,69,241,92
6721,62,18,41,54,41,45
6722,61,55,61,42,220,118
6723,35,35,87,72,239,7
6724,18,62,9,61,198,207
6725,22,43,58,16,67,37
6726,32,20,74,46,63,83
6727,1,1,112,109,51,184
6728,39,4,69,25,196,190
6729,29,0,52,31,85,241
6730,29,12,117,53,27,200
6731,9,18,23,21,77,141
6732,13,29,15,63,79,50
6733,58,49,103,21,125,99
6734,61,55,33,109,32,80
6735,11,31,7,20,201,193
6736,14,14,96,26,96,109
6737,63,32,86,67,78,122
6738,14,14,20,6,235,254
6739,34,49,75,69,21,206
6740,41,0,33,59,53,244
6741,29,12,4,122,189,7
6742,35,35,87,93,69,105
6743,45,36,66,26,155,188
6744,42,33,116,3,245,170
6745,22,1,1,28,67,71
6746,39,4,3,74,69,102
6747,36,63,14,46,160,178
6748,11,24,105,52,39,231
6749,33,2,6,109,214,93
6750,27,4,32,53,222,112
6751,53,51,123,76,107,230
6752,7,7,36,35,89,176
6753,5,45,121,37,217,171
6754,24,14,36,86,204,54
6755,49,15,2,126,166,65
6756,11,1,101,118,112,14
6757,45,47,99,4,235,177
6758,11,31,27,118,38,54
6759,11,31,84,63,18,171
6760,20,57,105,64,184,9
6761,19,33,26,2,59,200
6762,49,15,109,7,107,37
6763,3,0,28,72,77,51
6764,43,9,93,99,30,37
6765,44,28,84,121,3,252
6766,38,6,84,121,223,76
6767,59,59,116,16,249,161
6768,4,21,47,57,6,8
6769,27,27,41,73,128,133
6770,39,4,100,93,54,229
6771,37,21,91,41,23,207
6772,37,21,95,77,45,91
6773,27,27,66,39,199,200
6774,50,34,122,45,246,244
6775,31,3,124,93,72,130
6776,15,60,96,13,8,182
6777,15,60,125,109,62,80
6778,31,31,69,73,25,46
6779,14,49,79,114,241,13
6780,46,45,121,57,26,132
6781,47,29,45,19,58,7
6782,33,11,30,76,42,154
6783,25,8,98,0,98,2
6784,30,5,68,70,124,251
6785,53,7,96,26,116,141
6786,48,38,52,123,88,135
6787,43,11,86,7,121,194
6788,28,23,18,41,1,31
6789,4,24,9,61,5,99
6790,63,63,15,45,42,174
6791,16,48,109,16,182,29
6792,16,48,109,16,182,29
6793,46,17,16,55,241,37
6794,20,42,29,27,162,36
6795,40,40,126,39,53,155
6796,49,15,60,6,210,244
6797,52,17,69,28,67,110
6798,59,59,8,1,132,79
6799,5,16,77,89,70,179
6800,4,24,19,12,70,172
6801,46,34,30,29,115,145
6802,0,24,64,73,209,42
6803,4,31,19,73,120,132
6804,14,14,60,107,102,223
6805,59,7,22,101,98,121
6806,13,22,112,44,121,168
6807,13,22,58,11,141,210
6808,63,60,50,18,206,232
6809,16,54,119,93,237,220
6810,49,15,84,63,247,228
6811,62,43,86,3,110,82
6812,51,40,24,1,15,206
6813,52,40,32,15,85,64
6814,22,19,81,114,86,31
6815,48,42,80,61,34,119
6816,47,39,60,120,251,186
6817,54,10,89,75,207,70
6818,62,16,92,44,180,199
6819,27,27,17,39,70,216
6820,26,42,65,97,212,202
6821,53,30,23,42,100,106
6822,7,44,112,117,203,77
6823,11,31,30,70,4,0
6824,10,8,32,12,127,173
6825,4,24,45,63,18,48
6826,22,19,86,96,214,111
6827,51,32,26,100,247,125
6828,56,13,118,107,177,51
6829,51,52,27,56,59,49
6830,47,27,64,73,232,239
6831,20,19,9,119,46,55
6832,4,24,70,94,175,32
6833,52,17,78,119,226,167
6834,7,33,50,36,175,77
6835,47,11,125,80,98,117
6836,47,39,55,33,82,23
6837,30,39,68,70,95,238
6838,32,20,37,95,174,228
6839,12,53,72,6,151,170
6840,14,14,36,2,48,13
6841,18,37,87,122,154,162
6842,54,10,98,124,73,243
6843,54,10,30,97,204,165
6844,14,14,74,90,23,65
6845,6,49,1,45,11,115
6846,34,40,35,25,189,197
6847,11,31,58,61,5,8
6848,49,15,98,125,238,222
6849,62,62,24,13,0,55
6850,35,38,117,125,221,235
6851,19,23,53,56,93,193
6852,52,36,25,89,233,74
6853,2,36,10,89,219,50
6854,2,36,10,10,113,33
6855,16,6,78,71,227,136
6856,38,6,96,40,26,204
6857,58,29,126,120,192,254
6858,19,11,87,28,133,92
6859,41,53,84,86,70,84
6860,61,55,5,52,173,51
6861,6,44,95,89,167,19
6862,63,63,37,80,117,119
6863,63,63,37,80,27,64
6864,32,20,89,18,141,84
6865,63,3,53,49,49,194
6866,31,3,59,85,156,173
6867,63,63,4,113,84,159
6868,63,63,47,67,90,213
6869,18,37,12,79,88,91
6870,57,56,9,22,160,43
6871,43,11,46,29,21,58
6872,58,29,98,75,120,47
6873,63,3,122,12,179,198
6874,42,43,31,120,201,138
6875,20,42,86,67,101,225
6876,62,38,8,41,133,128
6877,34,14,110,117,222,77
6878,1,41,47,126,217,227
6879,10,8,98,18,28,10
6880,32,20,51,35,52,169
6881,19,33,0,110,164,246
6882,23,50,33,91,116,161
6883,20,57,0,104,174,179
6884,13,28,61,104,167,50
6885,63,3,38,8,114,109
6886,3,3,102,67,39,195
6887,48,37,19,13,42,217
6888,14,46,72,92,190,104
6889,42,43,101,125,52,96
6890,5,16,60,15,65,91
6891,5,16,24,24,235,59
6892,7,7,2,97,206,174
6893,28,23,62,103,73,66
6894,23,50,95,95,99,205
6895,6,44,26,44,161,83
6896,40,41,101,14,228,66
6897,45,47,58,77,139,215
6898,20,22,55,73,203,77
6899,8,26,61,51,186,223
6900,25,28,98,117,223,186
6901,10,8,38,21,83,244
6902,34,49,33,40,188,247
6903,19,33,76,38,81,20
6904,23,54,21,53,112,109
6905,16,48,44,48,120,47
6906,16,48,74,69,220,196
6907,14,14,4,120,116,61
6908,4,24,121,16,83,181
6909,36,3,23,36,172,12
6910,6,44,58,87,44,139
6911,53,51,98,10,56,200
6912,49,15,75,38,25,183
6913,20,61,52,117,31,210
6914,52,17,112,122,133,50
6915,23,37,33,22,124,221
6916,42,62,69,107,37,99
6917,20,36,20,106,10,30
6918,60,58,25,5,243,25
6919,24,34,94,3,241,10
6920,49,15,37,17,248,207
6921,28,25,55,66,143,72
6922,36,49,92,49,49,51
6923,63,54,24,5,90,248
6924,42,16,46,34,220,111
6925,19,33,89,115,186,234
6926,56,13,29,24,204,225
6927,42,43,78,121,81,208
6928,14,14,17,118,3,41
6929,8,26,94,70,148,83
6930,60,58,115,9,107,230
6931,25,57,33,76,41,31
6932,23,24,124,69,235,156
6933,5,49,33,36,249,240
6934,6,44,45,46,177,4
6935,38,6,85,96,244,181
6936,53,51,71,46,235,151
6937,36,35,88,121,13,149
6938,51,52,49,59,23,23
6939,24,14,116,70,225,28
6940,52,17,18,112,1,224
6941,49,15,115,110,124,9
6942,33,2,84,77,221,236
6943,55,61,87,39,183,1
6944,10,8,116,3,89,81
6945,63,8,20,35,78,189
6946,54,40,51,74,247,221
6947,32,20,34,93,8,251
6948,37,21,83,94,94,15
6949,32,20,41,84,29,130
6950,17,54,88,22,218,155
6951,17,54,3,79,240,149
6952,57,0,96,17,15,20
6953,6,44,114,5,255,2
6954,1,1,1,55,76,251
6955,63,63,91,104,181,178
6956,51,52,111,122,235,209
6957,2,36,33,24,195,49
6958,27,27,113,42,122,244
6959,33,2,109,40,62,150
6960,44,28,44,103,126,116
6961,25,42,101,76,255,23
6962,25,57,61,31,236,60
6963,25,57,126,37,112,254
6964,25,53,59,76,123,189
6965,17,40,64,98,170,249
6966,61,24,3,42,234,51
6967,58,29,71,104,19,50
6968,46,17,10,81,170,99
6969,13,22,15,42,9,57
6970,38,6,81,114,85,241
6971,25,25,104,4,196,241
6972,59,29,7,63,146,170
6973,14,14,51,45,210,244
6974,0,46,24,58,131,41
6975,4,24,84,121,52,161
6976,1,34,44,17,151,201
6977,17,54,58,106,114,50
6978,63,35,58,105,107,35
6979,17,54,28,72,166,119
6980,20,42,44,51,145,137
6981,12,50,19,4,70,164
6982,48,32,2,110,158,190
6983,51,40,88,93,137,227
6984,42,37,10,22,62,140
6985,52,52,107,85,52,49
6986,0,46,77,44,230,58
6987,36,12,60,16,27,32
6988,5,16,105,34,73,201
6989,24,14,35,20,14,94
6990,59,59,58,19,208,195
6991,29,12,2,7,35,188
6992,29,12,113,127,220,129
6993,39,4,80,112,44,178
6994,12,45,56,34,132,229
6995,10,8,72,60,25,159
6996,45,47,59,58,36,183
6997,30,39,113,30,145,227
6998,42,33,115,95,112,199
6999,51,52,1,7,133,121
7000,57,0,33,126,212,21
7001,11,31,66,43,111,86
7002,63,15,37,102,50,119
7003,36,35,66,60,143,253
7004,61,2,79,98,177,222
7005,6,44,33,27,114,64
7006,36,35,18,29,74,244
7007,18,37,74,98,19,135
7008,10,8,112,120,127,146
7009,49,15,71,63,24,180
7010,5,45,79,56,67,25
7011,6,44,49,6,131,200
7012,2,20,12,101,71,97
7013,34,49,58,45,156,33
7014,63,3,36,102,71,96
7015,30,5,60,5,255,223
7016,4,26,109,102,88,175
7017,36,35,10,24,19,81
7018,31,3,84,30,63,83
7019,15,60,62,28,187,49
7020,33,60,121,51,11,41
7021,31,60,9,51,174,78
7022,11,60,53,26,119,126
7023,6,44,39,58,50,125
7024,34,49,52,0,210,159
7025,5,16,13,120,149,187
7026,8,26,49,36,194,118
7027,35,35,32,74,239,226
7028,10,8,126,122,151,118
7029,62,38,50,124,53,197
7030,23,50,97,97,190,211
7031,11,18,47,65,119,124
7032,51,44,123,79,221,105
7033,49,15,51,33,189,192
7034,47,2,46,100,5,240
7035,2,36,4,57,184,6
7036,26,8,37,30,124,20
7037,53,8,126,30,120,221
7038,10,33,110,0,183,109
7039,49,15,73,1,177,139
7040,25,8,98,17,155,234
7041,17,54,74,2,105,135
7042,0,32,54,121,165,170
7043,54,3,98,84,147,58
7044,45,47,101,15,235,11
7045,56,63,31,100,213,246
7046,48,57,118,14,105,214
7047,51,52,68,33,23,36
7048,4,24,20,109,224,122
7049,14,14,23,17,97,247
7050,14,14,10,71,179,54
7051,24,14,96,63,229,142
7052,0,46,2,91,181,113
7053,19,33,6,75,157,83
7054,28,50,118,55,246,234
7055,25,52,93,48,234,29
7056,63,3,26,38,48,159
7057,37,32,25,114,11,217
7058,61,55,109,7,50,34
7059,19,33,32,56,176,36
7060,25,25,91,13,166,54
7061,31,42,47,87,122,232
7062,61,55,120,90,88,237
7063,61,55,112,1,234,51
7064,3,0,89,18,23,203
7065,16,61,50,60,63,113
7066,42,43,111,124,191,248
7067,60,42,48,93,22,137
7068,38,47,100,16,219,135
7069,35,50,69,110,163,197
7070,9,27,28,41,146,166
7071,42,61,47,32,138,73
7072,42,22,53,93,31,13
7073,14,12,20,11,205,158
7074,59,59,119,120,72,172
7075,11,31,20,104,112,76
7076,3,0,37,35,155,22
7077,3,0,109,5,114,29
7078,38,4,111,0,243,126
7079,46,45,121,68,233,105
7080,38,6,118,9,100,173
7081,60,58,23,9,236,17
7082,21,49,34,102,228,235
7083,5,6,75,28,96,65
7084,20,19,16,78,230,90
7085,4,24,23,101,158,94
7086,59,23,19,34,33,179
7087,43,11,0,110,34,87
7088,39,4,64,73,129,34
7089,3,0,48,91,127,10
7090,6,7,100,54,71,122
7091,39,4,69,33,220,146
7092,49,15,83,86,100,48
7093,39,4,29,30,152,58
7094,58,29,34,10,179,251
7095,26,32,122,5,116,218
7096,39,4,123,41,105,110
7097,36,63,42,83,143,97
7098,61,55,67,57,210,132
7099,14,14,85,67,82,174
7100,27,27,26,121,28,19
7101,2,36,61,49,26,203
7102,58,41,47,28,172,20
7103,25,25,125,34,36,4
7104,2,36,34,46,190,184
7105,2,36,80,61,103,50
7106,53,51,0,110,172,227
7107,49,51,25,55,121,107
7108,61,57,19,57,215,234
7109,32,10,48,25,134,5
7110,7,2,101,3,26,93
7111,49,15,16,39,46,98
7112,20,58,52,46,185,40
7113,3,0,117,32,152,23
7114,53,51,17,53,135,83
7115,41,41,105,95,107,249
7116,24,14,24,63,248,11
7117,17,54,92,105,104,236
7118,60,58,95,82,227,43
7119,0,46,36,45,214,205
7120,9,25,47,2,225,135
7121,2,61,56,62,48,120
7122,61,55,111,101,34,248
7123,48,57,63,81,88,225
7124,58,14,77,118,39,33
7125,52,44,25,6,105,198
7126,23,50,99,49,255,21
7127,0,46,10,24,3,150
7128,17,54,114,120,222,72
7129,13,8,22,33,87,87
7130,38,59,99,90,18,53
7131,16,45,120,105,220,145
7132,46,17,90,51,129,174
7133,38,6,65,97,221,238
7134,0,46,111,124,192,152
7135,51,52,40,13,97,168
7136,2,36,23,104,240,150
7137,38,6,55,54,68,51
7138,27,27,15,56,227,129
7139,21,44,125,114,156,155
7140,16,15,40,102,223,34
7141,56,15,94,31,28,132
7142,55,61,111,124,222,209
7143,55,61,99,89,26,40
7144,47,39,1,0,17,73
7145,54,40,68,63,223,99
7146,27,27,38,5,54,238
7147,7,63,50,54,31,166
7148,32,20,58,22,102,162
7149,19,18,11,54,118,164
7150,27,27,109,42,122,87
7151,0,0,0,0,0,0
7152,21,40,114,31,52,104
7153,7,7,22,41,23,24
7154,24,38,44,37,36,58
7155,58,29,29,38,145,23
7156,16,48,5,31,186,10
7157,13,22,59,85,43,242
7158,33,53,90,61,42,243
7159,3,0,80,53,28,213
7160,53,22,125,9,238,43
7161,46,17,115,49,69,134
7162,37,21,77,114,239,91
7163,14,14,81,71,217,53
7164,18,37,34,7,54,95
7165,52,17,125,22,63,33
7166,30,39,3,78,225,134
7167,47,39,104,78,18,118
7168,54,58,126,79,238,14
7169,3,0,115,127,190,66
7170,12,55,96,26,49,162
7171,35,30,36,123,81,179
7172,14,14,111,124,243,146
7173,36,35,54,30,205,171
7174,3,0,6,107,39,38
7175,63,3,57,49,255,247
7176,36,35,95,111,105,247
7177,63,60,24,53,194,88
7178,63,63,80,34,103,67
7179,63,63,32,14,125,15
7180,47,27,104,70,113,184
7181,45,47,116,86,202,159
7182,0,16,119,61,73,145
7183,7,45,50,101,85,17
7184,49,51,7,127,109,25
7185,59,59,72,60,152,85
7186,7,7,112,61,48,107
7187,32,20,127,110,184,228
7188,50,12,7,43,204,136
7189,63,35,7,17,246,25
7190,31,60,104,15,135,109
7191,5,45,118,22,70,145
7192,49,15,16,0,144,234
7193,56,18,17,64,19,143
7194,36,35,2,7,212,183
7195,48,57,117,39,46,201
7196,24,14,40,97,219,181
7197,9,18,11,31,235,120
7198,7,7,51,88,193,97
7199,36,35,27,63,30,113
7200,14,28,74,104,134,217
7201,9,7,123,98,11,209
7202,49,15,31,68,199,138
7203,55,61,15,39,52,140
7204,38,6,17,66,67,47
7205,38,6,85,66,39,180
7206,43,9,38,113,21,11
7207,10,8,123,51,228,19
7208,33,2,62,36,27,90
7209,55,61,51,69,36,32
7210,22,19,9,88,16,8
7211,34,16,100,17,98,82
7212,5,16,99,80,246,218
7213,55,39,102,80,146,50
7214,39,4,93,23,84,121
7215,8,26,10,46,20,227
7216,40,41,82,45,112,79
7217,10,8,28,83,104,132
7218,1,3,14,52,131,101
7219,9,18,60,22,115,197
7220,13,22,67,68,37,238
7221,56,13,77,35,10,145
7222,44,28,84,85,236,123
7223,14,14,29,117,50,115
7224,43,11,55,124,116,59
7225,21,24,89,115,0,41
7226,8,26,58,107,197,241
7227,16,48,78,51,83,45
7228,57,3,19,6,225,190
7229,44,24,71,57,93,60
7230,38,35,15,11,169,10
7231,43,9,64,102,133,154
7232,11,12,116,25,80,149
7233,53,47,103,66,2,171
7234,58,29,90,46,223,172
7235,53,51,101,67,170,196
7236,7,2,99,72,14,166
7237,44,28,93,109,217,121
7238,13,22,77,73,192,125
7239,37,21,124,37,50,74
7240,48,57,18,112,145,114
7241,14,14,58,41,185,210
7242,57,56,108,73,174,171
7243,48,61,23,48,138,92
7244,54,10,77,97,143,225
7245,45,47,76,109,238,185
7246,0,48,46,78,97,111
7247,42,43,30,106,139,192
7248,9,63,32,34,112,203
7249,24,25,48,38,38,44
7250,54,0,79,70,80,18
7251,9,21,65,70,97,100
7252,11,31,69,42,220,62
7253,29,0,62,40,203,38
7254,11,31,29,38,5,244
7255,11,31,117,103,69,211
7256,3,0,12,109,232,201
7257,28,23,115,59,77,24
7258,10,8,55,74,38,87
7259,49,30,37,108,47,225
7260,54,10,4,124,246,207
7261,63,63,107,16,224,173
7262,49,15,118,78,108,221
7263,11,31,117,53,35,189
7264,5,45,118,22,7,89
7265,32,20,66,112,175,253
7266,48,38,53,11,21,93
7267,7,7,88,8,30,41
7268,61,55,29,88,7,12
7269,42,43,122,40,117,58
7270,42,50,92,47,222,136
7271,42,43,98,65,194,185
7272,42,43,52,62,22,102
7273,54,10,38,105,28,100
7274,49,15,0,36,152,145
7275,56,56,120,4,18,27
7276,33,2,85,51,49,164
7277,51,40,18,0,106,192
7278,38,6,45,100,50,111
7279,62,38,93,90,38,206
7280,19,33,27,53,22,120
7281,13,22,91,12,248,12
7282,42,43,78,112,87,253
7283,57,56,82,82,168,101
7284,46,46,123,103,206,44
7285,52,9,25,46,150,198
7286,25,46,14,50,109,69
7287,63,3,104,121,207,213
7288,13,45,17,49,149,229
7289,5,16,13,7,81,39
7290,37,21,29,58,114,167
7291,54,10,67,63,32,239
7292,59,59,83,33,36,152
7293,5,16,77,44,22,124
7294,41,56,67,124,17,246
7295,29,12,2,45,246,69
7296,15,60,115,20,79,148
7297,20,26,106,76,251,88
7298,56,60,67,6,232,28
7299,12,49,107,87,244,132
7300,16,48,54,65,217,21
7301,5,52,61,71,138,131
7302,33,2,20,108,230,225
7303,52,16,115,55,223,152
7304,14,45,74,6,193,18
7305,23,43,63,116,49,253
7306,59,59,124,87,77,149
7307,42,43,97,120,112,9
7308,43,9,93,17,206,133
7309,62,29,101,117,63,234
7310,9,18,32,75,9,169
7311,24,14,73,78,143,253
7312,57,21,19,1,180,85
7313,34,49,81,89,67,247
7314,58,26,76,39,150,220
7315,39,4,114,123,243,220
7316,61,13,77,81,30,16
7317,4,24,114,36,251,65
7318,16,48,109,57,225,16
7319,5,36,35,114,228,35
7320,35,35,107,115,220,147
7321,26,8,96,26,142,14
7322,18,43,14,39,77,254
7323,50,32,10,75,9,244
7324,34,49,74,56,76,85
7325,34,49,17,66,24,37
7326,61,55,83,120,231,18
7327,6,44,49,53,87,162
7328,45,47,90,34,213,116
7329,34,49,125,42,83,54
7330,47,39,104,56,161,109
7331,30,1,1,117,231,52
7332,49,57,8,9,11,166
7333,17,54,110,62,92,208
7334,62,62,33,108,65,241
7335,38,11,116,47,181,186
7336,17,54,52,62,193,249
7337,43,19,20,126,46,174
7338,61,55,32,14,81,18
7339,22,19,47,74,114,154
7340,39,4,74,118,207,74
7341,42,43,66,63,34,225
7342,6,46,43,77,216,143
7343,43,11,112,78,18,61
7344,49,15,50,59,61,122
7345,37,21,83,95,247,211
7346,20,19,12,28,185,112
7347,24,46,84,43,54,104
7348,62,62,41,84,137,30
7349,24,16,106,114,27,234
7350,30,4,106,0,90,143
7351,51,52,84,121,29,70
7352,40,29,13,121,163,105
7353,13,22,69,66,97,49
7354,43,9,77,68,18,91
7355,56,55,110,73,170,35
7356,44,28,17,87,83,55
7357,50,32,52,55,132,222
7358,39,4,105,75,16,209
7359,33,2,9,54,81,113
7360,0,46,125,94,37,33
7361,50,40,28,57,34,9
7362,47,39,67,117,72,16
7363,9,18,79,105,191,168
7364,12,53,30,106,73,87
7365,38,60,17,81,233,88
7366,58,29,29,38,112,62
7367,1,1,68,50,172,221
7368,27,27,26,121,219,202
7369,10,8,4,88,24,39
7370,49,15,101,110,140,131
7371,53,51,6,84,76,50
7372,16,48,60,42,99,101
7373,34,49,74,118,65,0
7374,27,27,25,55,137,199
7375,3,32,26,80,252,122
7376,57,56,71,121,137,97
7377,56,13,33,62,144,191
7378,28,29,114,80,218,50
7379,58,56,122,90,79,129
7380,46,34,103,62,223,49
7381,56,13,40,79,87,74
7382,36,35,22,108,144,90
7383,38,13,122,113,124,139
7384,40,41,88,98,1,82
7385,9,21,26,121,220,85
7386,3,0,12,93,77,203
7387,42,43,111,113,66,245
7388,43,11,35,68,6,246
7389,41,56,40,39,69,121
7390,18,37,15,39,227,176
7391,23,32,59,80,245,100
7392,3,0,9,67,104,11
7393,27,27,32,45,84,178
7394,28,23,62,32,64,243
7395,22,42,26,32,24,153
7396,28,23,113,43,147,131
7397,34,32,54,125,116,243
7398,9,18,33,45,63,81
7399,22,19,66,42,255,178
7400,52,17,14,92,231,236
7401,27,19,70,19,61,18
7402,29,59,38,67,24,193
7403,10,8,61,38,147,172
7404,62,62,123,112,209,98
7405,51,34,69,126,100,245
7406,34,49,27,122,154,139
7407,6,44,116,3,225,72
7408,34,2,6,50,176,122
7409,2,16,106,39,235,127
7410,45,47,58,32,5,226
7411,61,55,83,120,15,135
7412,20,49,52,89,144,115
7413,6,44,64,6,224,101
7414,12,53,71,45,153,70
7415,31,60,78,84,68,124
7416,9,18,108,48,30,152
7417,6,44,23,95,106,1
7418,44,28,84,22,137,116
7419,16,14,3,105,11,22
7420,4,24,114,11,193,167
7421,63,19,41,100,180,155
7422,51,52,14,120,89,181
7423,21,1,94,49,213,139
7424,3,63,40,26,156,33
7425,11,0,23,87,69,211
7426,63,63,99,63,178,81
7427,3,0,72,126,17,82
7428,3,0,109,57,247,243
7429,10,8,111,119,211,59
7430,25,42,58,11,189,237
7431,28,23,89,90,4,100
7432,28,23,75,32,127,223
7433,13,22,84,45,241,124
7434,0,32,127,42,15,50
7435,28,23,77,81,192,212
7436,52,17,112,10,189,159
7437,36,35,58,11,134,122
7438,13,22,27,63,189,243
7439,37,21,112,93,93,50
7440,10,8,73,86,153,208
7441,57,56,108,88,76,58
7442,25,25,69,34,26,173
7443,14,14,10,109,42,54
7444,14,14,106,127,179,199
7445,18,38,38,5,95,160
7446,9,18,95,53,28,7
7447,63,63,31,12,7,209
7448,57,20,46,58,202,246
7449,61,25,38,51,223,233
7450,50,34,45,45,111,163
7451,42,2,107,90,167,229
7452,57,56,122,94,227,83
7453,26,42,112,35,152,49
7454,29,12,85,67,103,87
7455,54,10,96,115,170,126
7456,19,33,91,96,170,28
7457,40,54,83,116,164,178
7458,13,11,108,0,66,77
7459,5,5,126,12,149,115
7460,5,55,126,39,181,21
7461,25,25,122,109,151,212
7462,25,38,89,72,209,229
7463,13,22,50,86,210,142
7464,20,57,105,104,88,149
7465,33,4,29,25,55,124
7466,13,22,42,98,132,159
7467,26,42,96,24,201,9
7468,60,58,123,4,14,126
7469,3,0,48,28,38,189
7470,36,35,91,66,187,63
7471,41,15,100,39,167,8
7472,11,31,20,126,245,107
7473,54,38,14,37,221,186
7474,47,27,99,126,176,239
7475,4,32,43,23,79,94
7476,9,18,32,38,121,150
7477,19,33,32,61,178,101
7478,20,61,8,46,67,121
7479,23,50,69,48,228,87
7480,8,3,7,72,58,72
7481,29,12,86,52,167,196
7482,45,47,80,34,72,230
7483,32,20,70,45,177,14
7484,5,45,36,105,16,166
7485,42,43,66,66,158,30
7486,48,53,90,79,134,2
7487,45,55,30,24,180,130
7488,4,24,47,120,251,140
7489,13,22,113,127,96,197
7490,17,14,53,125,3,78
7491,50,20,49,70,86,86
7492,0,32,127,63,5,184
7493,12,55,68,26,14,4
7494,63,3,57,74,180,141
7495,6,3,12,80,213,172
7496,31,32,114,65,36,99
7497,49,15,91,41,107,190
7498,48,57,16,47,179,51
7499,48,42,26,80,43,201
7500,37,21,124,37,218,54
7501,10,8,26,101,32,83
7502,9,18,111,124,213,172
7503,13,22,67,126,55,62
7504,21,48,86,18,52,25
7505,46,34,12,0,163,136
7506,5,16,92,58,100,158
7507,59,59,116,63,8,67
7508,46,34,94,92,227,157
7509,52,17,58,24,117,183
7510,37,21,84,35,43,200
7511,3,63,124,29,224,118
7512,37,21,110,126,214,158
7513,51,6,21,9,70,18
7514,52,17,35,35,88,240
7515,5,16,73,43,66,207
7516,28,23,69,48,230,45
7517,54,10,65,64,56,163
7518,63,35,68,63,190,67
7519,16,48,92,82,19,81
7520,62,62,15,64,74,57
7521,42,43,17,24,217,36
7522,16,48,112,57,201,221
7523,16,36,94,123,112,168
7524,47,39,67,78,225,120
7525,46,34,30,123,48,47
7526,46,34,30,29,27,32
7527,40,6,13,23,69,87
7528,38,53,100,6,11,82
7529,3,0,85,53,64,31
7530,63,63,126,122,252,156
7531,51,5,15,39,99,144
7532,62,62,4,113,104,8
7533,28,23,38,5,187,55
7534,19,50,101,21,163,23
7535,1,32,34,60,80,102
7536,61,55,109,40,184,198
7537,31,60,54,15,178,238
7538,4,24,123,34,217,133
7539,3,0,34,127,46,228
7540,31,3,46,36,169,167
7541,40,54,83,107,129,167
7542,61,55,27,35,136,99
7543,31,48,15,65,90,65
7544,28,23,64,52,164,191
7545,4,24,31,93,214,202
7546,32,20,11,101,122,28
7547,1,1,4,94,62,93
7548,9,38,120,60,207,67
7549,10,8,65,113,139,59
7550,61,55,68,35,2,49
7551,40,54,13,85,65,20
7552,6,54,1,85,53,41
7553,17,54,84,58,120,255
7554,9,7,102,66,206,129
7555,37,21,71,63,199,5
7556,17,54,31,50,36,60
7557,5,45,36,32,70,75
7558,0,46,72,60,152,50
7559,41,32,104,100,252,36
7560,1,1,36,89,78,224
7561,43,25,116,3,77,176
7562,61,55,111,25,92,57
7563,9,18,2,7,83,25
7564,61,55,91,0,155,240
7565,21,1,94,49,136,247
7566,49,15,115,87,110,88
7567,19,33,71,29,158,131
7568,27,27,46,42,59,154
7569,31,51,1,6,106,126
7570,15,60,16,108,92,191
7571,15,60,113,1,19,5
7572,16,60,127,5,103,75
7573,48,60,55,19,250,71
7574,10,8,50,8,182,48
7575,10,8,70,35,112,38
7576,5,45,3,85,41,63
7577,5,16,104,55,169,124
7578,17,54,40,115,209,61
7579,34,16,3,73,76,14
7580,54,32,44,79,251,150
7581,26,42,27,41,210,103
7582,5,45,46,29,154,192
7583,16,48,50,76,229,99
7584,4,24,69,6,153,60
7585,31,3,96,30,42,14
7586,21,49,69,80,35,141
7587,11,60,122,23,209,120
7588,38,17,22,29,71,213
7589,24,53,100,11,181,189
7590,51,52,116,4,228,53
7591,63,63,39,20,252,48
7592,34,49,71,70,246,224
7593,5,16,30,17,94,8
7594,52,17,102,103,40,58
7595,0,46,29,118,212,187
7596,4,24,22,30,208,229
7597,4,24,39,123,182,48
7598,17,54,3,47,140,71
7599,17,54,91,41,86,120
7600,3,63,57,42,66,51
7601,43,11,32,112,218,144
7602,16,48,115,119,121,231
7603,34,49,91,41,96,216
7604,51,52,68,124,220,146
7605,41,56,65,46,17,244
7606,38,6,46,29,228,62
7607,46,48,30,70,38,250
7608,4,16,37,49,163,145
7609,60,58,41,104,215,54
7610,23,49,120,106,14,248
7611,24,25,31,82,172,121
7612,22,19,6,96,127,197
7613,44,28,87,111,81,220
7614,27,27,100,5,128,203
7615,63,63,58,106,192,144
7616,45,4,73,86,9,238
7617,3,0,71,107,39,0
7618,38,6,104,63,220,253
7619,27,33,123,117,197,212
7620,8,26,69,58,74,1
7621,62,62,116,43,244,99
7622,33,2,119,27,113,103
7623,33,2,10,61,165,93
7624,14,23,25,70,52,185
7625,45,47,54,19,157,236
7626,49,15,26,121,151,57
7627,45,47,83,100,202,125
7628,62,38,23,96,64,171
7629,18,37,2,116,90,174
7630,19,33,115,42,82,87
7631,48,57,29,19,34,23
7632,27,27,90,38,216,66
7633,47,30,73,5,76,245
7634,30,36,25,95,208,155
7635,63,63,21,21,253,102
7636,62,62,87,20,236,196
7637,43,9,64,54,21,81
7638,13,41,46,100,223,117
7639,58,50,78,104,176,184
7640,23,50,115,21,181,19
7641,38,44,98,7,255,89
7642,55,1,107,57,41,111
7643,42,43,72,68,117,231
7644,38,6,22,119,113,174
7645,44,28,18,41,94,42
7646,58,23,38,87,190,2
7647,5,16,64,24,246,173
7648,12,53,41,21,12,95
7649,28,23,46,123,195,49
7650,61,55,76,123,136,5
7651,5,30,8,0,185,214
7652,58,29,95,116,183,13
7653,61,55,95,116,10,184
7654,56,13,76,34,13,52
7655,47,39,52,93,149,105
7656,51,40,33,44,248,82
7657,8,26,34,94,79,246
7658,24,17,54,103,201,20
7659,55,61,51,69,241,4
7660,55,61,118,88,251,129
7661,30,5,27,74,121,168
7662,28,23,125,42,102,108
7663,24,1,92,117,237,248
7664,52,17,51,10,198,65
7665,50,1,114,101,53,194
7666,51,35,28,92,26,149
7667,17,1,52,116,166,43
7668,9,59,69,106,93,109
7669,31,3,12,97,156,100
7670,13,22,120,87,52,92
7671,13,22,104,80,154,97
7672,29,28,11,75,60,139
7673,50,34,122,107,79,129
7674,25,4,115,41,116,160
7675,62,62,46,29,73,209
7676,34,29,23,46,200,170
7677,5,16,86,24,235,194
7678,2,41,102,126,218,172
7679,30,5,11,2,201,170
7680,49,15,71,26,148,4
7681,14,23,126,44,201,116
7682,5,24,84,119,92,76
7683,51,40,126,93,207,86
7684,36,35,47,58,223,1
7685,40,41,6,54,157,124
7686,26,42,3,74,242,193
7687,36,35,24,122,78,251
7688,37,21,31,68,42,155
7689,32,20,38,114,218,131
7690,13,22,91,92,114,183
7691,42,38,93,20,95,226
7692,49,15,27,56,217,230
7693,3,0,48,15,110,108
7694,24,34,94,24,35,163
7695,59,24,84,11,210,63
7696,38,6,10,58,127,21
7697,43,61,99,85,229,106
7698,35,53,76,54,142,38
7699,42,30,102,96,54,225
7700,5,16,60,36,54,129
7701,35,53,43,23,104,243
7702,35,33,112,51,155,185
7703,20,19,70,48,107,202
7704,2,58,102,98,251,114
7705,11,31,11,74,241,140
7706,37,34,69,37,220,125
7707,4,24,92,82,238,102
7708,19,38,86,67,213,137
7709,25,57,105,29,200,52
7710,49,15,10,15,92,62
7711,58,3,59,27,176,146
7712,39,31,82,72,203,32
7713,11,31,61,44,126,152
7714,29,12,48,79,148,221
7715,51,52,82,65,67,99
7716,9,18,100,74,165,210
7717,9,18,127,51,48,186
7718,56,13,24,37,245,111
7719,63,63,12,79,216,109
7720,47,39,72,92,7,237
7721,3,0,13,8,44,11
7722,14,16,24,13,204,199
7723,23,46,120,119,63,3
7724,45,47,119,110,46,149
7725,13,22,102,125,190,167
7726,49,15,25,68,100,148
7727,24,46,122,16,174,1
7728,53,24,125,13,196,18
7729,49,15,61,58,254,8
7730,34,17,111,60,159,53
7731,46,46,44,55,140,108
7732,28,23,12,97,201,231
7733,30,39,55,46,96,26
7734,49,25,92,56,143,220
7735,41,56,66,106,114,84
7736,33,33,89,1,136,152
7737,32,6,100,23,146,29
7738,55,61,42,49,78,22
7739,22,19,42,74,193,249
7740,43,62,7,4,28,60
7741,51,5,113,92,47,28
7742,55,61,125,38,34,36
7743,23,29,102,117,210,159
7744,56,54,88,63,170,124
7745,53,51,82,51,161,209
7746,49,15,71,90,25,228
7747,25,8,98,109,45,2
7748,43,11,94,78,0,85
7749,28,23,86,42,211,144
7750,43,11,57,123,251,152
7751,62,62,5,58,82,56
7752,35,53,89,18,130,74
7753,14,14,36,105,245,215
7754,54,10,127,30,94,33
7755,63,32,48,114,218,208
7756,1,25,76,125,143,122
7757,37,21,112,1,246,67
7758,37,21,104,26,233,160
7759,25,37,82,27,78,127
7760,7,2,62,87,140,90
7761,8,26,67,115,240,80
7762,13,22,124,0,159,199
7763,16,21,41,25,48,71
7764,57,0,29,121,108,220
7765,10,32,92,52,109,164
7766,5,24,99,80,89,103
7767,38,46,94,103,180,211
7768,13,22,4,20,58,235
7769,28,23,100,117,255,76
7770,48,57,33,100,31,193
7771,38,6,16,47,110,67
7772,20,38,86,58,165,126
7773,33,2,47,3,242,241
7774,20,57,99,62,149,179
7775,52,17,125,96,126,63
7776,26,15,34,38,5,222
7777,13,35,32,42,122,179
7778,24,31,41,4,12,132
7779,47,39,44,103,79,186
7780,8,39,34,87,4,78
7781,45,47,26,15,161,111
7782,35,19,31,82,168,83
7783,13,35,106,6,194,13
7784,29,26,53,25,202,182
7785,37,38,94,11,141,126
7786,3,0,54,30,176,216
7787,34,46,84,122,65,13
7788,44,32,127,98,79,209
7789,22,38,89,74,221,238
7790,2,36,28,93,38,110
7791,39,4,26,108,43,64
7792,14,25,127,36,23,84
7793,42,43,3,80,49,219
7794,3,0,105,53,158,147
7795,56,13,18,108,159,16
7796,38,6,40,9,196,234
7797,46,17,116,62,123,99
7798,37,7,119,48,206,141
7799,15,3,49,51,148,48
7800,56,13,39,51,98,142
7801,51,40,48,15,62,206
7802,26,15,124,125,200,238
7803,2,36,94,1,12,130
7804,28,23,72,80,189,204
7805,10,8,1,126,182,185
7806,8,8,73,91,110,146
7807,45,47,38,21,191,98
7808,24,22,115,95,164,123
7809,58,29,14,20,250,113
7810,18,43,73,126,222,165
7811,42,43,44,103,245,254
7812,13,22,109,76,83,191
7813,30,5,102,9,118,244
7814,42,43,115,20,122,65
7815,44,28,46,123,108,30
7816,60,58,21,95,87,139
7817,16,58,22,25,25,232
7818,38,6,110,113,143,119
7819,50,36,118,14,105,209
7820,33,55,7,45,242,4
7821,52,17,93,48,28,232
7822,14,49,123,111,233,107
7823,34,49,36,111,124,145
7824,42,43,117,110,52,252
7825,62,38,8,29,76,32
7826,46,17,31,115,100,53
7827,62,62,113,113,44,154
7828,53,63,88,117,175,203
7829,58,29,15,36,14,56
7830,14,46,29,44,222,239
7831,9,51,75,0,126,175
7832,28,25,16,123,197,250
7833,34,49,80,76,43,246
7834,21,63,27,68,9,36
7835,21,28,19,28,225,77
7836,52,17,51,56,181,246
7837,43,11,42,79,165,84
7838,19,30,34,36,10,145
7839,47,36,45,41,5,92
7840,35,30,99,81,41,63
7841,56,13,92,123,223,198
7842,41,20,80,83,68,137
7843,11,45,55,77,232,112
7844,3,0,26,116,248,241
7845,29,0,7,70,115,192
7846,4,35,43,23,165,97
7847,62,62,95,45,82,60
7848,0,0,0,0,0,0
7849,21,13,125,79,49,148
7850,36,35,45,89,117,170
7851,40,49,52,59,40,98
7852,52,17,20,18,18,181
7853,56,13,78,37,109,228
7854,56,42,5,12,29,120
7855,56,13,2,7,84,129
7856,1,1,21,98,87,229
7857,62,62,87,4,119,194
7858,35,42,101,39,227,139
7859,49,15,57,11,183,162
7860,58,29,27,89,165,85
7861,52,17,122,66,58,73
7862,11,31,18,109,28,59
7863,41,56,8,127,158,84
7864,11,31,10,76,1,131
7865,39,23,123,117,59,193
7866,45,41,26,38,221,17
7867,53,22,58,61,238,50
7868,38,6,122,16,147,214
7869,5,16,117,57,60,56
7870,9,18,63,27,209,28
7871,40,56,83,83,169,89
7872,14,14,1,82,13,30
7873,62,11,31,100,131,82
7874,24,22,70,62,157,155
7875,3,15,113,8,59,108
7876,21,63,105,102,133,107
7877,49,15,93,77,177,181
7878,35,30,57,72,112,152
7879,4,28,91,54,73,126
7880,34,12,61,31,65,132
7881,19,33,72,111,49,19
7882,18,37,1,55,208,17
7883,3,0,74,28,38,172
7884,24,14,73,86,91,160
7885,61,55,122,19,245,221
7886,18,37,116,54,181,114
7887,13,22,112,55,151,69
7888,50,36,71,74,177,242
7889,10,13,112,73,38,52
7890,46,45,55,20,221,105
7891,18,37,3,0,71,134
7892,59,59,105,24,107,212
7893,28,23,94,96,183,117
7894,42,43,97,11,229,125
7895,42,43,87,101,231,120
7896,6,30,76,41,157,157
7897,6,44,42,1,140,73
7898,17,34,96,79,113,77
7899,9,18,75,17,100,146
7900,27,42,101,56,83,180
7901,3,0,29,15,0,5
7902,19,30,80,110,138,140
7903,28,23,89,0,234,250
7904,24,46,29,3,178,159
7905,46,46,105,68,195,97
7906,14,17,1,21,52,80
7907,46,62,111,43,132,220
7908,12,53,78,47,191,170
7909,52,32,101,108,244,120
7910,9,18,88,108,68,145
7911,25,25,46,72,60,241
7912,0,6,47,121,4,231
7913,3,0,68,42,150,27
7914,11,31,88,53,255,209
7915,54,24,43,4,133,38
7916,14,14,85,39,191,174
7917,23,50,19,61,63,233
7918,49,15,0,110,140,140
7919,53,51,64,58,6,169
7920,53,51,68,65,113,69
7921,53,51,7,83,25,201
7922,14,48,29,101,145,37
7923,18,37,75,112,247,34
7924,34,49,46,22,127,182
7925,59,54,59,117,104,73
7926,19,33,122,35,41,31
7927,10,8,9,99,179,107
7928,57,56,121,113,179,6
7929,3,0,107,40,203,134
7930,21,49,67,78,154,85
7931,39,4,94,70,1,124
7932,58,29,96,117,183,148
7933,59,59,92,33,16,219
7934,37,21,30,29,95,19
7935,42,28,65,99,70,126
7936,45,47,41,4,65,222
7937,35,30,31,53,9,217
7938,12,53,100,36,251,206
7939,13,22,124,94,64,231
7940,63,3,26,38,214,22
7941,22,63,52,4,69,121
7942,11,31,24,37,208,253
7943,63,63,46,33,7,10
7944,9,18,94,22,65,118
7945,47,39,75,80,165,183
7946,22,38,16,91,240,56
7947,25,8,98,76,251,199
7948,58,49,41,113,142,88
7949,43,11,120,19,78,123
7950,33,2,6,125,142,190
7951,27,27,111,1,125,78
7952,10,57,105,82,217,89
7953,30,5,113,1,162,243
7954,47,39,119,77,242,227
7955,2,17,102,67,137,231
7956,42,33,23,94,110,106
7957,22,19,25,17,45,148
7958,62,37,41,9,169,226
7959,10,8,111,108,236,131
7960,49,15,113,1,165,154
7961,20,8,119,17,39,55
7962,47,39,102,126,146,239
7963,25,26,59,56,217,104
7964,30,4,74,7,8,129
7965,45,47,48,15,113,79
7966,12,61,17,66,117,225
7967,12,60,120,48,58,33
7968,29,12,23,20,97,97
7969,7,7,112,110,178,254
7970,39,4,3,35,199,134
7971,39,4,37,52,28,73
7972,40,41,6,125,242,236
7973,9,18,125,58,118,87
7974,10,8,87,50,129,46
7975,56,13,40,51,228,149
7976,18,37,68,96,230,51
7977,32,20,90,10,226,232
7978,59,59,102,77,138,44
7979,4,24,88,124,146,101
7980,42,43,23,23,164,96
7981,10,8,107,36,122,147
7982,22,19,42,94,56,13
7983,59,59,41,50,218,5
7984,63,63,117,48,191,33
7985,39,40,49,15,235,167
7986,19,33,91,123,189,155
7987,7,7,83,35,249,180
7988,53,51,75,97,83,9
7989,49,15,123,112,187,230
7990,33,2,95,111,117,209
7991,47,19,104,126,41,239
7992,1,1,115,19,3,240
7993,11,31,4,56,216,9
7994,11,31,110,22,148,95
7995,47,39,46,78,174,192
7996,56,13,96,37,167,196
7997,32,20,20,21,59,78
7998,50,41,51,79,90,59
7999,33,48,26,13,44,77
8000,62,62,53,101,231,7
8001,62,62,57,99,8,118
8002,42,43,55,90,211,51
8003,34,49,33,40,19,233
8004,58,29,61,34,130,61
8005,24,25,8,62,192,201
8006,27,27,104,121,108,69
8007,18,43,57,75,24,250
8008,16,48,71,15,151,176
8009,22,38,89,79,234,193
8010,8,28,51,73,104,222
8011,2,36,31,72,84,74
8012,26,42,5,12,84,247
8013,35,30,38,121,114,7
8014,4,16,83,49,26,68
8015,5,16,18,4,186,14
8016,3,0,10,15,1,165
8017,4,24,61,61,36,0
8018,30,47,4,122,8,129
8019,35,33,95,82,115,12
8020,11,20,47,29,160,70
8021,14,14,76,0,200,199
8022,46,34,96,81,122,45
8023,60,58,4,88,100,120
8024,12,50,12,76,251,84
8025,35,30,60,28,157,81
8026,0,46,92,105,107,157
8027,4,24,23,104,34,203
8028,2,29,13,60,11,135
8029,55,16,14,93,169,243
8030,61,55,31,72,134,219
8031,11,16,47,126,192,50
8032,61,25,116,31,175,200
8033,47,39,108,19,3,137
8034,10,8,80,62,196,96
8035,58,29,32,112,87,178
8036,34,33,22,100,44,67
8037,44,28,35,126,116,122
8038,47,52,120,59,245,136
8039,4,24,109,46,132,84
8040,8,26,79,119,116,15
8041,2,36,59,109,222,201
8042,8,4,32,4,73,110
8043,14,14,115,58,191,235
8044,5,49,122,59,51,202
8045,14,14,5,83,0,52
8046,43,25,15,97,41,52
8047,46,34,16,113,171,102
8048,47,39,67,117,180,52
8049,49,15,25,75,104,202
8050,46,34,85,33,42,234
8051,15,60,57,42,111,1
8052,15,60,75,118,50,212
8053,15,3,125,9,179,221
8054,39,4,103,33,163,165
8055,48,57,33,79,227,73
8056,59,59,90,118,20,215
8057,53,42,83,9,238,206
8058,31,3,110,36,101,21
8059,6,13,127,77,141,186
8060,3,0,96,49,61,56
8061,13,54,3,46,141,88
8062,17,54,16,92,88,35
8063,39,36,113,83,49,220
8064,8,26,3,74,101,145
8065,60,58,108,112,15,8
8066,26,42,46,29,100,227
8067,20,42,118,78,144,32
8068,34,32,101,60,146,80
8069,27,3,17,94,133,103
8070,49,51,115,53,121,206
8071,23,50,78,73,106,6
8072,45,47,63,89,48,182
8073,15,17,91,11,227,217
8074,28,23,49,7,20,165
8075,33,19,77,111,53,198
8076,30,36,21,95,173,158
8077,44,28,124,113,213,24
8078,37,21,101,80,229,111
8079,39,4,80,108,201,221
8080,39,4,76,96,59,252
8081,27,27,88,56,63,201
8082,34,58,23,25,195,67
8083,13,48,52,33,68,223
8084,63,63,76,114,79,195
8085,63,1,7,56,165,52
8086,37,21,64,42,112,15
8087,18,35,107,17,69,177
8088,56,13,113,43,102,178
8089,34,49,66,106,88,225
8090,35,30,122,114,95,97
8091,9,18,24,90,255,147
8092,6,32,100,24,172,216
8093,4,48,61,96,188,255
8094,63,10,23,57,89,154
8095,11,30,18,77,162,143
8096,16,48,78,93,234,30
8097,19,33,95,82,81,130
8098,4,7,22,102,39,252
8099,2,40,67,31,85,248
8100,52,17,124,113,21,138
8101,63,41,23,79,181,117
8102,15,47,62,117,70,25
8103,15,60,23,1,63,33
8104,15,60,25,127,194,156
8105,26,42,101,42,108,137
8106,33,2,86,100,92,86
8107,39,4,95,7,235,193
8108,2,41,30,96,254,118
8109,16,46,88,8,208,203
8110,43,11,78,15,38,159
8111,43,9,73,29,4,166
8112,14,28,84,93,181,131
8113,43,24,24,6,113,59
8114,12,53,34,61,94,249
8115,35,35,7,68,253,203
8116,4,24,71,32,212,0
8117,52,17,86,73,184,86
8118,17,54,5,105,87,20
8119,9,18,75,22,145,119
8120,24,14,36,43,207,255
8121,8,26,114,11,148,223
8122,3,0,2,7,62,150
8123,57,56,13,103,95,96
8124,3,0,93,115,100,96
8125,63,63,29,38,42,208
8126,23,50,79,56,120,252
8127,8,15,82,64,201,188
8128,26,32,62,5,10,53
8129,54,10,89,35,4,230
8130,11,31,22,55,215,101
8131,30,63,82,110,204,242
8132,37,21,78,104,195,119
8133,44,28,90,34,174,122
8134,37,21,119,47,141,123
8135,51,52,2,93,233,230
8136,2,36,112,34,8,119
8137,2,36,112,36,137,149
8138,39,49,114,112,226,182
8139,49,7,96,104,50,141
8140,63,63,36,105,91,6
8141,33,36,50,28,167,217
8142,14,46,29,96,137,227
8143,26,50,15,65,114,183
8144,35,30,47,103,46,203
8145,32,20,51,106,74,44
8146,44,28,26,80,141,125
8147,34,16,27,70,186,150
8148,24,14,75,103,178,237
8149,35,18,13,84,57,6
8150,8,26,68,121,136,22
8151,4,37,22,27,98,130
8152,53,51,58,38,224,228
8153,27,27,0,120,87,128
8154,8,51,17,19,67,99
8155,24,14,41,100,51,252
8156,12,53,64,63,171,230
8157,60,58,20,57,89,86
8158,63,63,61,80,216,67
8159,36,35,30,29,14,194
8160,44,28,12,44,104,189
8161,13,22,31,44,17,88
8162,49,15,62,76,86,79
8163,55,19,66,42,212,220
8164,59,59,45,35,56,126
8165,32,3,117,110,243,40
8166,14,46,105,75,207,209
8167,30,39,6,70,226,123
8168,8,26,101,121,1,108
8169,30,5,94,70,57,56
8170,13,22,13,110,51,136
8171,8,26,67,5,138,172
8172,45,47,19,42,36,81
8173,16,48,15,39,253,13
8174,34,63,56,6,52,53
8175,55,61,7,62,175,67
8176,38,49,103,62,219,98
8177,18,37,94,124,227,169
8178,42,43,119,22,65,199
8179,49,15,118,109,83,168
8180,5,45,65,40,93,174
8181,20,19,72,117,202,35
8182,14,14,84,95,123,175
8183,43,11,112,35,9,27
8184,0,32,127,11,175,12
8185,49,15,104,109,152,177
8186,25,8,107,109,187,206
8187,51,16,9,69,80,213
8188,36,20,38,77,53,246
8189,42,43,97,120,4,120
8190,8,19,74,19,46,200
8191,6,13,107,52,166,11
8192,6,44,27,44,212,102
8193,52,17,15,39,193,102
8194,7,7,112,23,135,157
8195,60,58,18,104,33,107
8196,49,15,13,76,56,36
8197,60,58,12,93,214,119
8198,44,28,33,92,23,133
8199,22,5,33,67,146,149
8200,27,27,32,45,20,144
8201,30,5,24,113,243,245
8202,42,43,107,16,108,117
8203,3,0,2,124,113,129
8204,5,24,60,10,84,79
8205,46,34,85,82,135,97
8206,14,11,51,38,161,209
8207,46,34,14,33,32,236
8208,54,10,93,85,204,253
8209,40,5,4,14,186,29
8210,48,57,123,45,128,21
8211,39,4,63,97,103,41
8212,53,51,16,104,154,98
8213,11,49,116,68,26,145
8214,0,9,56,108,112,205
8215,3,63,75,118,26,191
8216,26,32,94,117,155,179
8217,27,27,71,1,96,64
8218,27,27,29,14,179,92
8219,20,57,60,103,135,91
8220,60,41,29,93,22,188
8221,37,27,51,14,241,180
8222,42,43,20,46,205,227
8223,13,22,84,67,212,94
8224,45,47,6,75,207,109
8225,51,4,61,101,104,249
8226,34,49,74,89,232,203
8227,28,23,74,107,158,214
8228,13,22,85,82,199,55
8229,44,55,67,109,177,195
8230,45,47,116,3,168,67
8231,36,32,125,49,150,203
8232,49,7,78,26,116,131
8233,38,54,17,87,160,164
8234,24,23,98,31,179,104
8235,28,23,124,113,116,20
8236,28,23,85,96,31,234
8237,6,44,46,29,179,21
8238,14,48,81,114,114,71
8239,44,54,98,7,188,240
8240,7,7,41,25,118,137
8241,19,33,53,29,133,197
8242,4,24,45,63,243,98
8243,4,24,6,37,14,4
8244,38,6,124,71,217,2
8245,0,32,100,4,56,179
8246,4,24,9,32,169,153
8247,16,48,113,57,42,46
8248,3,63,52,122,145,75
8249,50,34,23,95,42,86
8250,49,15,23,36,67,211
8251,29,35,57,58,52,134
8252,28,23,114,6,42,4
8253,61,55,120,31,151,85
8254,13,41,40,21,52,236
8255,31,20,0,29,100,115
8256,51,52,54,108,222,7
8257,62,62,50,18,204,101
8258,56,54,89,117,38,247
8259,9,18,115,45,90,64
8260,35,32,30,64,224,142
8261,8,26,52,76,208,125
8262,52,17,51,115,28,246
8263,31,60,22,117,66,63
8264,59,59,45,17,253,161
8265,9,18,75,58,36,29
8266,24,16,24,13,57,29
8267,34,49,79,20,240,216
8268,2,30,125,3,139,127
8269,5,45,14,19,3,139
8270,6,13,1,80,98,70
8271,56,13,1,55,82,31
8272,8,2,94,22,90,99
8273,38,22,115,66,172,121
8274,17,54,22,63,115,238
8275,49,8,82,36,98,57
8276,3,0,42,53,158,47
8277,28,23,114,41,158,249
8278,44,17,47,112,54,70
8279,0,32,73,86,165,113
8280,10,8,127,67,104,5
8281,58,29,58,19,209,57
8282,46,17,31,68,61,222
8283,37,21,37,52,254,51
8284,31,51,42,94,111,249
8285,14,14,35,54,111,219
8286,61,55,16,1,186,107
8287,61,55,27,42,36,44
8288,42,43,87,16,22,56
8289,42,63,39,73,220,52
8290,48,38,56,47,199,210
8291,62,62,121,4,126,215
8292,63,63,64,56,38,111
8293,62,38,23,94,4,179
8294,23,9,98,39,201,246
8295,2,30,59,34,108,101
8296,51,40,64,73,165,1
8297,39,4,74,38,117,223
8298,14,14,66,107,216,255
8299,61,55,4,124,5,11
8300,13,22,37,56,3,127
8301,37,13,94,81,232,240
8302,29,31,66,4,58,166
8303,57,0,40,50,214,227
8304,54,10,123,34,36,90
8305,54,10,67,22,24,163
8306,47,33,117,103,22,56
8307,35,35,40,115,246,17
8308,5,59,34,98,144,14
8309,21,16,67,65,85,92
8310,28,23,46,123,55,94
8311,28,9,11,87,55,134
8312,28,55,123,0,176,75
8313,31,16,1,87,99,29
8314,15,60,86,38,171,116
8315,51,32,7,44,190,98
8316,15,60,5,33,136,183
8317,42,38,40,101,89,170
8318,47,27,111,124,38,68
8319,29,35,113,39,58,73
8320,4,55,24,0,44,141
8321,15,51,94,66,62,59
8322,15,60,62,45,87,82
8323,15,60,16,108,81,211
8324,51,52,120,33,90,206
8325,15,60,127,65,37,68
8326,62,38,16,115,98,132
8327,34,49,6,68,151,192
8328,46,46,75,57,84,180
8329,8,6,50,85,158,3
8330,61,55,83,103,22,206
8331,61,13,38,115,172,103
8332,39,4,83,35,193,87
8333,36,51,42,91,210,104
8334,63,63,52,112,156,227
8335,3,63,97,95,80,235
8336,13,50,13,48,12,108
8337,51,40,126,84,18,97
8338,56,13,63,92,37,242
8339,15,1,5,37,206,125
8340,8,26,9,83,227,66
8341,39,4,39,4,188,169
8342,39,4,43,23,58,201
8343,63,3,26,102,62,214
8344,33,55,7,119,198,18
8345,9,18,84,17,49,22
8346,16,48,63,96,86,122
8347,62,62,46,123,241,209
8348,3,0,37,119,177,152
8349,57,56,6,63,137,7
8350,41,4,59,0,163,34
8351,20,57,61,22,17,242
8352,36,35,74,98,0,206
8353,16,48,72,60,138,218
8354,59,59,2,7,114,140
8355,56,13,36,107,120,103
8356,23,50,115,45,152,20
8357,45,23,123,117,157,14
8358,44,28,60,6,22,64
8359,59,59,19,61,8,112
8360,26,42,49,24,129,74
8361,49,15,1,55,46,121
8362,56,13,123,37,245,22
8363,32,35,19,24,128,38
8364,56,31,113,43,36,0
8365,9,18,92,11,74,44
8366,5,16,91,41,32,4
8367,28,34,101,0,111,29
8368,38,6,60,34,232,79
8369,8,26,101,63,15,188
8370,63,63,100,56,143,11
8371,49,5,103,16,60,254
8372,10,8,14,39,46,141
8373,34,49,110,109,103,9
8374,21,52,67,60,213,37
8375,9,18,60,112,254,34
8376,44,28,93,109,186,216
8377,13,22,60,117,225,214
8378,13,22,43,23,145,126
8379,61,25,49,112,28,202
8380,11,31,41,84,118,151
8381,19,11,68,51,235,218
8382,7,49,92,78,175,218
8383,34,49,31,83,73,145
8384,44,36,119,47,198,18
8385,21,44,4,102,131,88
8386,21,44,43,21,131,194
8387,18,37,109,97,179,49
8388,34,26,33,82,72,234
8389,5,14,47,8,56,166
8390,3,36,58,8,29,186
8391,54,10,78,91,33,97
8392,38,6,6,123,89,2
8393,62,55,18,115,204,87
8394,62,62,48,40,67,108
8395,50,0,126,70,169,134
8396,34,49,97,120,233,30
8397,28,25,120,23,151,227
8398,33,7,29,22,149,137
8399,19,7,48,81,171,79
8400,28,23,65,63,10,105
8401,4,24,14,8,65,51
8402,11,31,2,126,94,230
8403,60,58,29,61,214,62
8404,27,27,108,121,97,166
8405,15,60,77,53,111,76
8406,51,52,49,127,61,47
8407,37,21,104,120,137,98
8408,61,59,92,34,30,0
8409,4,23,19,71,85,21
8410,57,0,33,126,188,236
8411,37,21,60,44,28,255
8412,31,60,1,117,152,134
8413,20,29,34,16,20,151
8414,32,22,2,119,128,76
8415,53,51,91,104,197,153
8416,17,54,62,76,202,20
8417,6,44,63,42,249,207
8418,30,24,11,24,204,15
8419,62,62,9,61,212,148
8420,22,19,32,127,21,189
8421,48,57,66,106,240,80
8422,51,5,62,39,234,187
8423,38,6,62,82,54,62
8424,4,16,37,49,152,63
8425,38,6,22,63,229,231
8426,0,46,45,100,17,233
8427,21,63,57,11,194,171
8428,0,32,54,89,141,123
8429,6,44,114,2,236,246
8430,41,56,66,30,191,253
8431,57,45,121,95,55,236
8432,41,56,8,36,22,102
8433,57,56,64,58,154,216
8434,0,46,125,33,126,221
8435,26,42,18,122,75,227
8436,48,42,121,80,25,206
8437,36,35,31,12,243,133
8438,37,21,39,120,137,21
8439,43,48,30,86,55,111
8440,42,62,80,75,252,152
8441,23,50,109,61,216,230
8442,62,38,110,113,15,69
8443,61,60,14,119,234,67
8444,34,49,110,39,233,132
8445,63,60,108,48,212,11
8446,31,60,19,46,109,229
8447,40,56,126,58,170,107
8448,8,26,57,101,234,30
8449,58,29,71,63,116,49
8450,44,28,47,101,29,186
8451,4,48,114,62,4,94
8452,32,20,108,80,232,173
8453,32,20,28,72,154,203
8454,48,57,22,108,144,181
8455,9,63,62,51,52,204
8456,25,27,72,72,28,197
8457,13,22,109,63,79,177
8458,44,28,42,74,119,177
8459,21,16,5,55,13,18
8460,21,63,38,102,36,36
8461,14,16,100,59,177,187
8462,62,38,73,57,130,192
8463,6,44,79,68,174,69
8464,20,42,74,119,216,10
8465,51,40,90,37,124,150
8466,53,15,91,57,158,34
8467,33,2,108,88,242,168
8468,14,14,82,107,90,171
8469,52,34,49,0,207,92
8470,38,11,25,31,213,2
8471,51,29,71,93,113,16
8472,46,17,8,64,62,102
8473,56,4,122,85,167,28
8474,56,16,73,43,5,30
8475,47,39,34,5,81,73
8476,39,4,100,53,234,206
8477,33,2,62,83,164,112
8478,11,31,86,126,41,142
8479,11,31,110,109,2,213
8480,23,50,71,78,64,202
8481,53,51,51,88,113,127
8482,49,15,71,67,76,133
8483,33,39,27,36,122,180
8484,36,49,103,65,233,244
8485,49,15,87,36,194,100
8486,15,60,74,96,1,167
8487,26,42,53,87,201,8
8488,15,60,20,55,10,9
8489,12,53,27,11,210,51
8490,60,58,102,75,14,50
8491,45,47,93,110,124,93
8492,12,55,66,39,146,153
8493,0,32,71,111,233,156
8494,6,44,48,65,133,75
8495,4,24,53,62,175,243
8496,26,61,74,60,191,98
8497,15,44,5,55,112,126
8498,38,6,101,15,145,8
8499,17,57,27,9,204,104
8500,61,55,109,5,213,12
8501,25,25,125,14,96,237
8502,60,58,20,57,215,153
8503,4,24,100,1,66,160
8504,8,26,75,110,144,200
8505,42,39,79,34,142,85
8506,11,31,91,6,42,225
8507,49,15,27,126,199,164
8508,35,23,40,18,126,134
8509,60,58,64,27,21,81
8510,49,15,40,65,200,14
8511,38,44,100,37,37,188
8512,6,44,23,5,247,20
8513,14,14,0,53,89,47
8514,62,62,8,112,167,25
8515,19,33,35,78,229,125
8516,24,46,88,92,133,37
8517,27,19,31,100,227,125
8518,45,41,25,38,193,180
8519,38,6,102,29,23,76
8520,54,60,53,97,204,172
8521,14,46,101,81,190,0
8522,51,52,120,1,95,165
8523,17,54,2,62,17,68
8524,0,24,20,24,92,122
8525,22,38,42,87,221,84
8526,56,2,32,36,232,246
8527,62,38,87,100,190,175
8528,20,11,52,95,114,124
8529,43,9,61,44,35,33
8530,16,48,59,18,149,11
8531,33,2,106,59,172,57
8532,10,8,48,117,22,137
8533,14,14,25,82,231,12
8534,45,47,61,96,247,160
8535,53,51,78,93,166,167
8536,63,63,124,29,35,149
8537,57,56,54,111,247,163
8538,39,45,70,73,200,148
8539,39,4,118,22,160,183
8540,27,27,88,21,185,180
8541,4,24,9,98,80,3
8542,47,39,118,14,164,206
8543,15,60,57,54,49,125
8544,15,22,9,47,183,186
8545,43,11,108,97,40,25
8546,7,7,12,117,200,134
8547,34,49,109,40,227,157
8548,23,50,125,12,185,104
8549,30,54,7,19,48,16
8550,16,48,2,7,174,113
8551,5,24,34,60,36,234
8552,8,62,85,112,219,47
8553,35,35,38,21,24,52
8554,36,32,108,35,89,150
8555,14,14,80,83,27,113
8556,3,0,4,115,100,230
8557,33,2,26,88,110,195
8558,20,42,44,48,230,252
8559,58,29,9,44,11,13
8560,14,14,31,23,252,138
8561,4,24,87,6,190,38
8562,52,17,50,47,244,196
8563,49,15,63,120,231,58
8564,24,14,8,103,245,220
8565,14,47,102,101,74,126
8566,22,19,54,120,82,14
8567,44,28,63,94,108,25
8568,14,14,77,44,42,38
8569,14,14,86,8,196,101
8570,17,54,102,74,103,74
8571,31,3,125,30,117,223
8572,32,6,110,119,205,193
8573,33,32,104,117,234,180
8574,36,45,120,125,52,180
8575,10,8,80,58,235,93
8576,49,15,80,44,157,31
8577,33,44,62,71,10,153
8578,10,8,12,28,78,68
8579,52,17,42,83,173,141
8580,12,56,107,71,52,98
8581,58,23,105,118,125,200
8582,63,56,124,47,109,173
8583,54,10,47,5,220,87
8584,63,32,26,114,36,171
8585,3,0,48,28,160,21
8586,38,6,22,63,60,160
8587,31,3,113,5,205,26
8588,33,2,27,68,134,118
8589,13,22,96,26,17,0
8590,42,16,34,69,53,212
8591,25,25,70,65,199,248
8592,15,60,87,37,185,120
8593,29,12,54,127,184,54
8594,11,31,86,126,111,86
8595,55,60,92,108,235,249
8596,24,14,122,100,7,227
8597,5,16,73,35,248,245
8598,17,54,74,42,66,83
8599,19,33,82,114,104,179
8600,37,30,66,26,45,247
8601,56,13,92,123,181,40
8602,51,52,109,40,116,174
8603,26,42,112,110,199,156
8604,47,39,122,57,161,62
8605,3,0,98,60,128,229
8606,40,41,27,66,129,31
8607,58,29,50,98,70,190
8608,10,8,127,88,206,97
8609,18,37,96,96,40,168
8610,11,31,66,57,243,70
8611,24,14,107,65,85,61
8612,24,14,107,111,26,11
8613,15,60,65,44,163,118
8614,51,52,25,16,83,127
8615,3,0,78,117,98,228
8616,59,59,5,31,97,121
8617,34,49,32,45,57,123
8618,52,44,82,55,247,16
8619,20,41,14,80,122,97
8620,55,61,118,14,161,168
8621,63,63,37,55,89,70
8622,11,31,84,126,214,50
8623,39,4,16,126,27,63
8624,20,57,78,116,181,179
8625,5,16,60,24,104,168
8626,13,22,49,110,8,200
8627,58,14,122,65,65,86
8628,24,16,82,114,177,153
8629,49,15,2,5,254,20
8630,18,34,94,1,14,13
8631,36,35,80,60,111,99
8632,54,35,34,44,51,236
8633,51,52,63,92,93,128
8634,34,49,122,89,157,31
8635,59,59,47,3,139,159
8636,58,29,45,102,204,37
8637,15,60,27,1,235,195
8638,15,60,10,109,112,192
8639,47,61,105,48,147,52
8640,45,47,21,1,213,139
8641,52,17,115,83,170,244
8642,31,3,59,47,45,17
8643,7,59,56,98,235,161
8644,47,39,93,4,126,232
8645,36,35,38,43,41,37
8646,7,1,17,67,178,1
8647,30,39,53,46,208,243
8648,22,20,123,69,81,28
8649,7,7,28,41,22,72
8650,42,43,42,5,219,199
8651,63,35,7,100,119,37
8652,19,33,98,24,2,28
8653,19,30,32,119,171,36
8654,41,56,15,96,43,230
8655,33,2,122,15,133,94
8656,36,35,104,55,33,118
8657,6,44,99,22,54,231
8658,16,48,94,30,141,58
8659,2,41,102,126,102,211
8660,11,49,123,117,104,9
8661,36,35,106,127,19,35
8662,10,8,59,95,78,130
8663,34,49,103,89,64,157
8664,32,20,94,46,246,209
8665,26,42,57,101,37,90
8666,50,19,47,92,38,124
8667,9,18,91,41,59,30
8668,29,12,90,10,245,99
8669,63,63,41,72,28,70
8670,51,52,114,36,144,198
8671,54,10,36,79,9,26
8672,24,14,82,100,168,102
8673,51,52,109,10,91,156
8674,9,18,4,94,9,93
8675,16,48,52,41,255,33
8676,15,60,103,60,133,98
8677,57,56,109,46,95,18
8678,22,55,52,83,40,118
8679,34,59,108,66,84,73
8680,13,22,120,111,2,209
8681,2,57,59,104,59,254
8682,45,4,60,6,85,196
8683,62,62,89,61,36,88
8684,43,17,34,62,235,37
8685,36,30,64,24,180,22
8686,39,4,102,75,137,159
8687,46,34,91,113,218,159
8688,13,22,15,42,88,4
8689,58,22,127,49,83,18
8690,42,43,17,66,158,175
8691,5,45,118,22,169,227
8692,44,28,28,68,29,224
8693,5,35,38,115,91,67
8694,25,25,77,78,131,241
8695,10,8,66,36,19,153
8696,53,8,13,56,65,81
8697,13,22,71,64,139,159
8698,2,2,12,68,195,99
8699,33,2,70,62,247,1
8700,11,63,125,7,107,102
8701,29,12,106,127,128,146
8702,23,37,126,96,99,111
8703,10,8,81,54,105,25
8704,9,18,54,54,37,201
8705,60,0,14,67,170,137
8706,13,26,61,96,239,156
8707,19,33,51,112,5,87
8708,3,19,41,12,184,26
8709,36,24,41,84,196,76
8710,62,62,71,67,28,138
8711,49,15,115,36,2,153
8712,37,21,36,65,219,67
8713,30,5,46,112,207,31
8714,36,32,44,84,149,99
8715,62,62,36,5,253,189
8716,3,0,49,7,81,111
8717,31,3,69,22,62,181
8718,38,25,100,112,74,237
8719,17,6,97,79,170,73
8720,24,14,87,70,11,182
8721,39,56,107,71,166,67
8722,44,28,60,124,234,64
8723,23,37,17,23,99,221
8724,56,13,72,91,155,162
8725,48,63,50,110,156,196
8726,38,6,87,30,143,24
8727,45,47,26,89,64,195
8728,46,17,75,2,233,98
8729,0,5,91,29,221,14
8730,2,41,5,6,2,190
8731,48,57,42,74,199,87
8732,39,28,116,104,202,112
8733,25,57,54,76,155,171
8734,61,55,54,124,133,195
8735,28,42,59,48,128,91
8736,51,52,57,54,116,97
8737,51,52,64,51,88,247
8738,51,52,57,93,133,217
8739,8,26,49,36,249,56
8740,44,28,91,41,193,70
8741,31,52,94,65,129,127
8742,0,24,49,101,84,118
8743,7,55,13,43,26,2
8744,34,49,15,61,62,94
8745,16,48,71,105,87,131
8746,0,24,91,114,64,87
8747,19,33,26,103,18,67
8748,56,13,78,37,96,30
8749,59,59,2,91,32,12
8750,52,17,70,103,58,87
8751,32,45,31,34,68,250
8752,48,42,26,47,134,228
8753,48,57,123,85,166,180
8754,9,18,5,113,19,35
8755,32,20,125,75,122,34
8756,45,54,45,52,39,27
8757,63,63,68,35,16,208
8758,32,20,50,78,121,169
8759,12,53,59,47,63,229
8760,59,21,86,55,52,220
8761,53,51,102,19,249,71
8762,3,32,2,126,121,66
8763,13,53,74,26,132,125
8764,17,54,82,107,9,162
8765,17,54,73,69,5,253
8766,5,16,58,69,244,144
8767,3,32,80,106,20,4
8768,37,21,7,14,87,32
8769,59,59,15,42,97,242
8770,19,33,34,10,86,12
8771,41,60,103,65,167,36
8772,63,63,37,106,43,119
8773,0,45,121,118,242,223
8774,57,63,2,113,23,220
8775,63,63,94,70,183,55
8776,17,29,82,4,29,70
8777,38,6,35,9,1,169
8778,43,25,49,91,216,171
8779,63,63,10,19,35,50
8780,51,15,100,121,134,190
8781,39,49,49,68,90,52
8782,52,17,34,41,160,226
8783,8,50,14,55,99,27
8784,29,25,47,55,11,205
8785,34,49,71,78,40,113
8786,36,24,52,65,198,65
8787,48,57,18,0,200,246
8788,14,14,40,50,118,221
8789,42,43,87,75,203,47
8790,34,49,122,60,133,7
8791,54,50,60,65,117,126
8792,54,10,114,53,209,182
8793,59,23,17,109,241,200
8794,63,63,23,113,129,177
8795,63,63,95,14,204,205
8796,10,8,87,20,79,177
8797,32,20,4,13,5,211
8798,10,8,92,60,247,185
8799,33,2,45,38,88,108
8800,10,8,27,110,197,84
8801,17,54,51,60,68,144
8802,34,62,58,31,214,123
8803,61,55,65,40,151,168
8804,35,30,36,76,43,145
8805,11,31,94,70,188,210
8806,34,49,101,121,151,223
8807,62,62,88,108,159,174
8808,5,15,22,92,122,50
8809,55,2,34,8,52,113
8810,54,10,101,22,50,111
8811,10,8,127,103,70,48
8812,42,33,97,123,69,35
8813,63,31,37,73,63,203
8814,38,39,28,125,144,120
8815,37,21,60,67,60,94
8816,25,62,63,69,5,247
8817,49,41,82,126,60,230
8818,42,43,23,26,169,55
8819,14,9,39,25,74,18
8820,52,17,24,18,129,111
8821,15,53,30,11,42,26
8822,56,13,36,106,59,231
8823,22,19,6,50,180,19
8824,52,17,120,10,150,109
8825,5,30,115,6,59,47
8826,35,35,2,88,8,82
8827,20,33,105,78,134,118
8828,19,33,3,78,220,44
8829,20,57,18,6,26,246
8830,61,7,126,69,112,241
8831,61,42,111,31,135,119
8832,42,62,77,114,224,184
8833,38,56,66,9,77,202
8834,20,11,114,117,248,77
8835,33,2,112,35,254,22
8836,20,57,42,5,149,44
8837,30,36,25,14,241,145
8838,59,59,29,60,173,173
8839,28,25,16,0,18,25
8840,28,25,4,42,184,9
8841,42,43,91,12,124,106
8842,54,10,48,79,254,5
8843,61,55,60,122,180,195
8844,10,8,123,103,220,150
8845,43,9,93,43,23,116
8846,1,13,7,53,204,126
8847,42,43,4,24,172,203
8848,9,47,32,94,31,100
8849,52,17,84,24,235,94
8850,14,21,100,62,145,218
8851,47,39,109,97,12,69
8852,46,17,34,89,192,157
8853,32,3,28,53,129,175
8854,60,10,92,88,203,225
8855,37,34,71,79,225,148
8856,43,11,125,88,197,210
8857,61,55,52,88,97,83
8858,60,58,75,117,172,37
8859,23,50,124,122,161,183
8860,9,30,15,28,184,62
8861,49,15,2,93,181,65
8862,53,51,87,89,162,1
8863,10,8,99,94,85,200
8864,62,62,31,27,81,53
8865,39,4,37,52,28,73
8866,62,62,27,14,217,23
8867,24,14,53,10,91,32
8868,45,47,27,58,27,99
8869,27,60,32,81,235,11
8870,59,13,45,126,156,137
8871,50,34,12,117,176,201
8872,15,60,127,51,219,239
8873,27,27,46,42,140,140
8874,28,23,14,45,162,176
8875,22,59,11,99,149,109
8876,54,40,33,102,23,35
8877,20,57,60,58,74,1
8878,10,8,9,42,88,159
8879,4,48,53,11,162,5
8880,18,38,49,12,73,122
8881,37,21,69,90,210,132
8882,7,1,56,28,175,84
8883,56,13,94,55,10,209
8884,56,32,89,51,33,191
8885,12,53,101,22,147,252
8886,42,37,100,115,123,217
8887,42,43,23,19,76,206
8888,32,20,28,72,69,227
8889,39,4,29,30,116,216
8890,22,19,33,91,62,114
8891,25,25,3,72,158,88
8892,35,30,54,101,34,150
8893,23,43,97,27,61,214
8894,22,19,0,32,101,213
8895,58,29,122,97,156,107
8896,18,24,46,27,131,172
8897,34,49,31,50,65,208
8898,32,20,5,84,59,245
8899,14,14,61,27,78,223
8900,10,8,112,1,39,163
8901,38,6,55,104,82,53
8902,7,7,78,52,95,118
8903,18,37,94,70,55,154
8904,46,45,55,3,193,105
8905,16,39,59,47,30,134
8906,39,4,60,103,93,196
8907,45,4,95,111,97,67
8908,27,27,117,53,181,66
8909,39,4,82,25,113,196
8910,18,37,74,80,197,101
8911,21,6,100,117,213,73
8912,5,16,32,69,6,113
8913,4,24,20,16,193,196
8914,20,42,29,28,209,85
8915,60,58,2,81,24,24
8916,28,60,26,66,241,55
8917,13,22,97,120,222,214
8918,5,45,35,126,34,194
8919,19,33,98,117,41,123
8920,19,33,64,27,99,36
8921,24,14,106,113,155,147
8922,14,48,74,125,250,153
8923,51,21,6,57,237,153
8924,35,58,40,65,180,90
8925,61,55,52,126,119,135
8926,56,13,104,63,174,103
8927,48,57,61,24,174,113
8928,31,32,80,20,113,219
8929,5,16,59,99,76,17
8930,9,18,36,105,116,34
8931,63,32,44,103,78,228
8932,24,14,96,26,2,98
8933,14,14,74,118,87,113
8934,18,37,31,84,198,22
8935,29,12,80,76,125,185
8936,49,15,99,80,177,191
8937,17,54,27,62,147,113
8938,34,49,69,17,24,90
8939,14,54,82,46,96,153
8940,14,14,98,83,160,54
8941,47,42,30,5,172,16
8942,22,63,77,115,209,172
8943,36,30,91,89,87,155
8944,2,36,16,104,33,47
8945,43,9,16,85,136,111
8946,35,43,0,95,122,56
8947,34,49,94,63,188,53
8948,9,18,75,85,106,196
8949,39,4,108,88,216,145
8950,25,19,51,122,78,101
8951,51,52,7,32,76,218
8952,11,3,3,84,121,113
8953,2,3,48,60,204,248
8954,32,20,1,55,215,220
8955,29,35,53,73,230,172
8956,31,34,38,117,64,226
8957,63,27,7,55,10,234
8958,3,0,0,45,56,175
8959,3,0,46,25,173,94
8960,52,17,46,29,220,169
8961,36,52,116,8,103,90
8962,29,9,57,86,100,199
8963,8,9,88,113,89,199
8964,14,46,29,96,247,178
8965,5,45,121,63,43,97
8966,53,16,103,106,70,102
8967,43,11,15,55,121,240
8968,4,24,15,91,91,188
8969,57,56,94,70,221,188
8970,50,39,43,46,52,134
8971,43,25,12,116,49,84
8972,43,9,40,78,119,132
8973,11,31,58,91,56,123
8974,49,15,0,87,110,33
8975,15,60,64,22,190,111
8976,15,60,20,46,155,240
8977,34,20,6,69,63,62
8978,14,14,83,120,10,231
8979,0,46,49,36,247,20
8980,44,12,98,41,57,63
8981,30,5,4,124,188,27
8982,28,23,83,120,155,129
8983,4,24,52,10,79,15
8984,35,35,54,21,198,166
8985,8,26,124,110,190,90
8986,14,14,83,120,20,33
8987,43,9,61,44,103,43
8988,32,20,124,19,96,83
8989,32,20,41,25,47,224
8990,8,26,49,36,125,54
8991,4,24,30,97,239,113
8992,35,35,65,40,156,206
8993,63,63,21,119,121,231
8994,1,1,76,113,157,195
8995,43,25,0,12,236,53
8996,49,15,0,110,247,119
8997,49,15,26,96,57,168
8998,24,14,41,103,253,23
8999,33,36,77,31,20,172
9000,13,24,22,119,198,142
9001,11,31,104,121,95,0
9002,1,1,13,28,2,20
9003,32,20,18,91,57,124
9004,51,52,7,63,34,184
9005,57,0,40,50,63,9
9006,9,18,3,13,204,119
9007,10,57,18,117,38,103
9008,34,49,46,62,46,61
9009,31,60,32,21,119,195
9010,55,61,95,89,139,100
9011,6,44,27,30,165,145
9012,22,19,66,39,217,79
9013,57,56,67,108,127,146
9014,49,15,74,33,104,113
9015,16,35,127,117,217,82
9016,35,30,28,72,78,8
9017,19,44,116,53,43,72
9018,46,46,61,30,195,143
9019,15,60,88,22,195,160
9020,24,14,117,103,129,105
9021,27,27,48,65,145,192
9022,47,39,60,24,36,135
9023,32,20,31,120,13,199
9024,7,8,89,71,201,214
9025,51,5,37,114,140,161
9026,38,6,43,18,115,131
9027,61,55,27,35,81,111
9028,56,13,101,15,243,36
9029,57,58,105,0,56,10
9030,0,46,80,60,14,91
9031,15,60,53,32,35,164
9032,31,3,69,60,173,119
9033,5,49,103,113,126,63
9034,42,43,16,43,27,82
9035,44,29,30,52,142,43
9036,25,22,68,115,88,101
9037,28,23,125,96,33,228
9038,42,43,27,58,161,210
9039,11,31,6,89,64,152
9040,17,54,85,118,70,156
9041,21,41,67,91,232,188
9042,14,14,34,11,25,113
9043,21,63,75,102,130,157
9044,17,54,81,6,89,194
9045,48,57,91,91,230,225
9046,10,8,13,13,152,55
9047,25,18,62,34,80,148
9048,24,14,27,43,177,10
9049,63,3,95,67,114,112
9050,16,48,61,30,116,69
9051,5,49,78,63,223,184
9052,61,55,2,62,29,250
9053,40,41,15,89,141,20
9054,45,47,109,110,30,61
9055,61,42,101,127,110,113
9056,16,48,34,19,62,229
9057,43,25,8,107,248,69
9058,40,34,16,95,11,18
9059,8,26,75,110,100,0
9060,62,62,62,51,200,93
9061,62,62,9,90,83,208
9062,5,45,121,44,203,179
9063,61,55,108,88,157,90
9064,13,22,0,40,43,115
9065,47,39,88,79,48,81
9066,36,32,60,10,151,152
9067,2,63,60,27,191,228
9068,50,36,67,88,93,76
9069,9,18,93,86,254,41
9070,37,21,2,126,19,50
9071,5,49,103,92,28,40
9072,48,57,71,118,135,44
9073,46,1,126,120,229,146
9074,58,3,100,106,112,103
9075,63,63,64,106,184,247
9076,17,54,82,107,136,182
9077,3,31,120,92,224,29
9078,8,26,127,67,235,238
9079,4,16,83,49,183,235
9080,33,29,29,34,234,221
9081,39,4,42,97,239,35
9082,32,20,70,45,177,14
9083,47,39,67,71,230,51
9084,32,20,93,50,236,76
9085,33,2,127,76,90,46
9086,32,47,40,16,243,28
9087,16,14,50,117,77,134
9088,41,16,92,15,196,4
9089,41,56,60,36,135,168
9090,48,57,123,15,53,47
9091,56,13,113,7,101,103
9092,4,24,64,73,72,84
9093,59,59,39,20,121,213
9094,55,61,26,38,211,38
9095,24,14,3,78,103,44
9096,49,15,62,32,166,169
9097,25,42,30,85,241,22
9098,48,57,18,4,135,229
9099,34,49,122,16,20,125
9100,46,17,10,68,37,171
9101,16,14,45,125,156,97
9102,7,2,85,6,109,142
9103,9,18,77,93,65,172
9104,24,14,108,3,238,54
9105,16,61,99,66,21,166
9106,34,49,116,100,191,147
9107,4,24,114,11,204,36
9108,46,34,84,121,51,9
9109,36,35,15,97,65,68
9110,59,59,28,5,59,55
9111,14,14,30,29,154,78
9112,13,22,111,119,154,12
9113,12,53,58,24,51,173
9114,37,21,99,30,141,161
9115,59,59,19,67,115,128
9116,33,2,87,12,124,72
9117,49,15,68,58,27,218
9118,52,17,60,10,224,62
9119,17,54,118,44,5,208
9120,61,55,7,100,129,252
9121,52,17,40,13,130,129
9122,12,53,0,110,196,213
9123,60,58,104,118,3,142
9124,42,43,115,112,174,1
9125,40,41,64,90,193,229
9126,22,19,36,74,197,35
9127,58,29,112,122,185,80
9128,13,22,75,49,227,98
9129,0,46,112,36,134,145
9130,20,42,86,73,67,122
9131,48,42,118,73,65,42
9132,18,37,59,4,157,134
9133,50,1,1,5,251,65
9134,28,23,0,63,138,231
9135,52,17,75,112,130,208
9136,49,15,64,42,178,133
9137,8,15,88,50,90,223
9138,39,4,86,22,198,137
9139,10,8,87,20,149,7
9140,4,24,84,63,235,67
9141,49,48,51,117,80,92
9142,3,0,29,22,147,3
9143,21,54,22,89,207,33
9144,53,8,42,106,22,252
9145,24,14,25,89,55,121
9146,24,54,62,1,78,242
9147,6,44,22,27,10,44
9148,5,45,121,44,30,208
9149,34,49,82,112,91,231
9150,46,17,27,35,96,139
9151,58,29,8,1,62,255
9152,47,39,111,124,142,156
9153,29,12,10,114,88,107
9154,25,25,10,100,163,188
9155,14,14,76,96,99,178
9156,1,54,9,68,179,184
9157,41,56,106,127,150,42
9158,2,41,104,102,175,97
9159,47,39,127,103,97,131
9160,3,0,12,18,125,91
9161,6,13,31,115,216,175
9162,38,6,101,51,7,145
9163,43,9,99,49,86,132
9164,40,54,23,83,155,106
9165,26,29,17,117,158,192
9166,59,54,22,117,39,246
9167,35,30,90,10,254,247
9168,46,34,85,53,16,17
9169,0,0,0,0,0,0
9170,14,62,122,9,56,27
9171,31,52,33,51,40,236
9172,47,39,71,67,197,250
9173,35,30,126,120,231,57
9174,6,44,29,58,131,31
9175,6,44,85,93,137,156
9176,43,25,13,37,37,39
9177,35,35,19,34,99,235
9178,24,14,9,90,135,212
9179,10,59,42,53,57,248
9180,32,20,111,10,127,36
9181,35,33,68,75,142,75
9182,49,15,98,46,184,178
9183,35,35,31,20,179,199
9184,16,48,121,125,68,248
9185,35,35,54,21,35,103
9186,36,35,22,117,69,50
9187,11,11,13,45,206,126
9188,42,7,78,39,138,13
9189,27,27,16,78,35,206
9190,39,4,15,61,9,4
9191,51,40,33,93,15,113
9192,36,35,125,29,253,4
9193,34,49,94,70,152,200
9194,18,37,66,20,46,23
9195,37,13,115,53,140,240
9196,49,15,63,92,114,22
9197,10,39,67,51,158,120
9198,10,8,96,26,49,84
9199,56,1,118,116,90,17
9200,63,35,84,38,255,7
9201,29,12,23,5,167,121
9202,16,48,64,42,221,6
9203,11,31,66,106,158,66
9204,39,4,42,96,14,248
9205,54,10,47,54,237,16
9206,38,51,42,82,88,101
9207,11,31,64,49,234,76
9208,58,4,39,101,206,126
9209,53,51,58,38,131,20
9210,62,62,105,6,50,52
9211,35,30,87,114,8,121
9212,21,44,69,114,88,108
9213,24,14,24,85,66,2
9214,38,6,78,51,42,157
9215,44,28,104,121,199,234
9216,1,54,5,60,179,177
9217,43,11,27,121,159,244
9218,24,46,34,46,218,70
9219,18,37,35,57,114,80
9220,15,3,121,60,125,72
9221,15,60,2,109,36,227
9222,36,35,44,48,162,213
9223,38,6,104,121,179,227
9224,49,15,80,68,102,173
9225,26,39,88,114,44,35
9226,6,44,58,38,191,35
9227,20,19,102,63,208,30
9228,26,3,122,30,179,145
9229,30,12,34,10,147,24
9230,57,54,25,50,230,127
9231,55,61,114,120,245,38
9232,13,22,17,53,87,184
9233,56,52,20,51,159,5
9234,37,18,5,52,137,164
9235,31,60,94,70,10,30
9236,31,3,121,113,210,14
9237,27,27,94,70,1,79
9238,56,13,124,126,184,198
9239,16,48,26,22,65,48
9240,25,25,87,72,199,242
9241,47,39,62,72,117,130
9242,50,19,118,60,184,126
9243,59,59,56,80,241,79
9244,55,61,119,1,98,149
9245,0,32,127,11,25,10
9246,2,32,60,104,65,242
9247,15,60,68,113,102,64
9248,39,4,51,33,207,101
9249,17,54,126,26,240,240
9250,60,58,70,114,30,139
9251,1,41,66,47,159,117
9252,7,7,101,1,234,205
9253,33,2,101,79,253,44
9254,14,61,101,66,36,120
9255,26,56,3,34,100,71
9256,47,27,80,64,98,16
9257,39,4,88,124,145,31
9258,54,10,42,79,9,252
9259,22,19,44,119,177,100
9260,10,8,127,19,29,46
9261,63,3,3,47,214,90
9262,38,6,91,92,236,110
9263,55,61,0,110,246,67
9264,5,45,79,31,154,224
9265,16,23,70,25,0,173
9266,22,19,40,104,63,61
9267,10,8,22,73,216,244
9268,28,10,72,5,176,207
9269,24,14,96,16,26,253
9270,32,20,103,75,150,229
9271,3,0,107,97,19,147
9272,60,58,28,49,150,227
9273,4,48,69,6,12,224
9274,31,28,29,93,112,186
9275,35,30,66,43,146,242
9276,13,22,61,61,248,183
9277,20,19,1,46,53,76
9278,54,10,127,36,209,210
9279,18,37,61,15,177,108
9280,38,6,110,113,102,88
9281,37,21,5,37,231,175
9282,14,14,20,41,127,223
9283,47,39,27,121,208,162
9284,45,47,75,2,55,216
9285,11,50,47,55,237,124
9286,22,50,58,125,244,242
9287,60,58,101,14,179,202
9288,39,4,108,88,132,50
9289,11,5,47,84,153,220
9290,30,30,70,103,20,80
9291,5,16,48,65,233,55
9292,36,32,104,16,37,224
9293,46,17,98,110,234,67
9294,18,37,1,33,230,167
9295,32,20,79,99,253,219
9296,32,20,103,75,237,142
9297,3,0,36,127,124,148
9298,26,42,107,87,54,188
9299,32,14,93,127,195,92
9300,8,26,62,82,31,186
9301,19,42,118,2,152,239
9302,46,17,35,35,184,72
9303,46,17,91,33,81,239
9304,54,40,29,38,162,243
9305,5,16,11,31,219,181
9306,5,45,17,41,250,145
9307,47,39,99,67,89,159
9308,6,13,45,121,65,20
9309,54,40,26,38,134,119
9310,13,22,96,32,84,241
9311,44,28,85,98,245,115
9312,24,46,117,103,38,70
9313,34,16,42,34,227,222
9314,13,40,51,70,110,5
9315,25,8,107,109,236,138
9316,52,17,58,24,205,223
9317,41,19,47,32,31,1
9318,58,29,109,40,193,99
9319,41,22,104,97,203,177
9320,25,8,98,50,172,229
9321,63,63,98,111,201,122
9322,54,10,67,5,174,118
9323,47,8,48,49,37,79
9324,56,13,78,37,125,170
9325,56,13,41,84,108,133
9326,54,10,75,22,137,218
9327,49,52,93,78,230,109
9328,61,55,47,41,212,1
9329,54,10,75,30,63,50
9330,3,0,0,5,17,227
9331,46,17,98,35,66,218
9332,50,36,102,69,130,176
9333,15,60,90,109,100,43
9334,34,49,46,32,255,192
9335,26,42,3,74,242,193
9336,14,14,96,26,208,93
9337,36,2,8,127,130,198
9338,18,37,6,45,78,46
9339,4,7,50,114,110,34
9340,55,61,64,54,233,82
9341,39,27,49,14,205,2
9342,16,48,122,35,130,64
9343,10,8,48,67,112,142
9344,34,49,10,89,246,109
9345,9,25,113,28,225,28
9346,29,18,11,70,25,26
9347,6,44,45,43,150,128
9348,28,23,72,96,31,193
9349,24,25,47,35,210,239
9350,24,14,49,94,61,181
9351,42,38,89,64,37,7
9352,14,14,36,2,223,190
9353,10,8,71,21,195,91
9354,21,32,101,102,214,227
9355,43,11,110,17,206,29
9356,23,9,93,121,225,42
9357,34,49,10,58,119,234
9358,35,30,13,103,4,95
9359,52,17,29,112,148,214
9360,49,15,2,7,27,243
9361,3,0,87,26,141,182
9362,25,42,30,85,55,60
9363,36,1,50,49,223,240
9364,25,19,82,32,201,145
9365,10,8,24,69,81,255
9366,59,1,66,63,89,72
9367,6,6,109,95,248,205
9368,49,15,37,80,71,239
9369,12,10,59,52,152,47
9370,31,3,27,34,190,253
9371,31,60,127,88,206,238
9372,8,40,51,8,89,103
9373,8,26,70,36,81,25
9374,2,36,86,11,106,111
9375,27,27,73,42,152,231
9376,59,59,50,43,110,249
9377,29,5,25,51,236,119
9378,9,18,14,98,172,193
9379,32,20,42,53,57,44
9380,50,36,123,76,34,189
9381,24,46,101,35,131,240
9382,16,48,29,38,220,76
9383,5,59,35,5,223,113
9384,51,52,68,63,193,242
9385,63,63,92,29,6,121
9386,39,4,64,23,40,247
9387,63,63,37,80,68,60
9388,54,10,48,79,183,41
9389,11,3,101,53,185,45
9390,19,33,3,0,245,125
9391,22,19,24,104,210,36
9392,12,37,117,109,85,29
9393,28,23,125,96,14,2
9394,54,19,91,91,82,23
9395,28,23,114,55,147,144
9396,24,14,117,98,151,1
9397,6,44,108,17,160,43
9398,9,18,28,98,233,92
9399,50,36,105,109,222,7
9400,32,8,47,18,128,239
9401,54,10,77,121,70,178
9402,14,14,10,34,190,247
9403,12,53,101,118,104,162
9404,30,39,102,7,239,227
9405,5,57,109,9,241,234
9406,63,26,7,114,193,126
9407,63,63,83,56,176,190
9408,10,43,42,37,85,126
9409,24,34,20,16,165,27
9410,5,16,98,105,149,115
9411,34,49,0,41,148,255
9412,7,7,95,116,201,169
9413,30,5,84,20,149,163
9414,51,52,51,108,220,224
9415,8,26,43,17,191,65
9416,22,19,98,125,142,220
9417,5,16,78,100,166,190
9418,53,51,62,33,10,68
9419,25,19,57,112,172,155
9420,50,34,80,45,120,49
9421,59,59,21,76,67,208
9422,63,63,95,38,190,219
9423,50,1,1,7,38,208
9424,42,43,27,42,21,137
9425,50,36,32,90,73,12
9426,53,8,67,57,123,16
9427,28,54,51,89,110,118
9428,7,7,75,14,69,189
9429,38,6,9,67,101,243
9430,60,58,115,9,54,86
9431,50,49,55,117,125,92
9432,38,21,110,57,169,123
9433,27,27,32,66,40,21
9434,3,32,69,96,167,242
9435,42,43,108,88,187,193
9436,0,46,5,25,97,165
9437,0,46,103,20,94,153
9438,21,63,88,102,26,209
9439,36,32,101,64,74,143
9440,23,50,44,88,253,107
9441,19,33,76,12,80,178
9442,36,35,5,33,239,35
9443,21,63,13,127,209,135
9444,60,3,25,81,120,249
9445,49,15,31,93,93,28
9446,19,61,45,15,180,165
9447,62,43,97,41,154,253
9448,35,25,49,19,163,21
9449,24,11,47,91,87,19
9450,47,39,97,77,194,161
9451,58,29,109,44,43,25
9452,27,56,7,10,139,253
9453,20,42,61,83,14,159
9454,44,28,68,66,23,74
9455,9,63,124,0,0,3
9456,13,22,87,109,178,99
9457,49,15,101,38,64,76
9458,19,11,108,2,175,208
9459,35,53,8,5,119,106
9460,55,39,120,40,133,115
9461,10,8,99,95,194,212
9462,24,25,126,30,65,114
9463,27,27,35,14,242,31
9464,57,63,53,87,220,179
9465,3,0,4,122,219,228
9466,46,14,37,78,22,242
9467,17,44,85,48,143,107
9468,45,50,9,45,158,251
9469,13,31,83,6,167,58
9470,21,63,51,102,102,127
9471,16,48,42,15,247,13
9472,7,7,24,109,183,149
9473,51,60,51,97,54,191
9474,36,35,91,12,90,5
9475,50,4,62,66,202,126
9476,39,61,70,47,101,63
9477,15,40,7,37,94,232
9478,6,44,17,42,131,28
9479,42,62,55,5,181,4
9480,62,62,99,80,89,81
9481,32,1,122,107,162,3
9482,61,2,57,9,103,120
9483,5,16,5,4,119,138
9484,51,32,75,108,62,106
9485,18,37,48,79,62,71
9486,11,31,117,53,151,206
9487,34,31,6,82,35,105
9488,49,15,5,60,194,99
9489,5,45,121,38,148,146
9490,60,58,48,106,191,93
9491,50,7,123,57,39,57
9492,54,10,123,52,252,1
9493,2,41,97,59,250,68
9494,28,23,29,118,96,219
9495,10,8,81,101,30,13
9496,31,60,72,50,79,48
9497,15,60,4,111,72,17
9498,3,63,39,3,163,236
9499,34,49,73,80,9,231
9500,48,57,37,80,107,51
9501,17,6,76,112,205,85
9502,17,54,80,44,225,76
9503,56,13,79,99,214,238
9504,9,18,111,119,169,78
9505,34,49,33,112,212,26
9506,56,13,5,37,25,53
9507,3,0,49,104,32,163
9508,61,55,92,24,42,63
9509,49,15,0,103,151,175
9510,22,43,114,74,102,231
9511,10,8,78,49,24,39
9512,20,19,40,46,247,29
9513,14,43,100,10,251,10
9514,14,14,24,50,40,223
9515,36,45,121,125,167,50
9516,46,34,100,115,0,57
9517,19,19,63,77,169,175
9518,24,14,97,3,78,125
9519,20,19,98,119,188,255
9520,36,35,87,60,236,85
9521,36,35,69,31,49,69
9522,56,13,74,97,120,135
9523,62,38,93,109,141,107
9524,41,56,115,125,107,152
9525,50,45,55,106,209,32
9526,35,30,81,102,50,192
9527,63,3,108,102,56,8
9528,44,28,18,41,88,11
9529,31,3,42,42,185,191
9530,55,61,110,12,6,168
9531,2,36,6,101,144,207
9532,39,4,123,75,220,11
9533,47,39,7,14,195,240
9534,6,44,110,126,106,83
9535,7,7,23,20,52,252
9536,36,5,114,2,186,115
9537,16,48,13,28,87,125
9538,5,16,91,12,175,198
9539,60,58,95,93,196,62
9540,10,8,18,115,122,2
9541,31,60,127,119,51,170
9542,33,2,26,38,239,201
9543,34,49,114,123,88,159
9544,16,48,127,95,242,91
9545,49,15,27,116,198,65
9546,32,20,61,61,246,83
9547,28,23,101,2,45,118
9548,37,21,124,37,38,21
9549,10,8,90,10,44,122
9550,61,55,58,45,130,211
9551,52,49,10,104,27,240
9552,25,57,78,6,119,132
9553,25,30,58,80,182,173
9554,33,58,49,90,142,246
9555,5,63,22,60,204,63
9556,50,40,3,70,43,4
9557,34,58,80,90,227,182
9558,14,14,81,72,183,159
9559,5,16,61,70,223,162
9560,50,31,58,70,116,54
9561,16,48,88,115,95,178
9562,37,61,71,46,98,152
9563,42,43,108,88,127,65
9564,2,36,44,1,77,228
9565,36,35,117,85,152,66
9566,56,13,122,89,162,169
9567,49,15,51,92,158,140
9568,25,57,57,78,98,45
9569,32,20,29,30,191,130
9570,49,15,29,121,40,243
9571,33,2,80,56,130,209
9572,39,18,103,70,44,77
9573,18,37,48,79,150,33
9574,6,44,81,60,130,159
9575,39,4,27,33,179,224
9576,54,10,40,90,253,188
9577,51,40,59,42,99,41
9578,29,31,11,4,45,213
9579,47,39,33,92,119,118
9580,58,34,22,125,252,235
9581,60,58,3,47,80,110
9582,12,10,45,34,214,83
9583,56,13,75,5,212,144
9584,39,4,118,86,188,176
9585,49,15,127,51,160,116
9586,8,8,77,101,37,51
9587,8,26,115,53,227,37
9588,11,31,62,61,193,11
9589,36,35,52,76,120,33
9590,16,3,50,30,57,34
9591,19,30,123,34,61,55
9592,6,44,115,5,104,160
9593,19,33,101,118,171,160
9594,7,2,101,111,84,118
9595,49,7,47,97,4,116
9596,1,54,64,78,254,111
9597,46,34,30,89,255,184
9598,39,4,123,76,114,160
9599,37,21,110,29,254,27
9600,39,4,63,120,105,62
9601,45,47,116,3,8,150
9602,10,8,23,23,178,141
9603,8,14,82,117,158,157
9604,39,54,114,89,53,182
9605,54,10,76,75,60,60
9606,19,20,103,69,235,104
9607,28,23,115,8,253,231
9608,58,29,61,34,164,201
9609,59,59,124,12,117,179
9610,43,11,61,79,9,245
9611,32,20,60,116,183,88
9612,16,60,115,19,165,75
9613,34,54,6,5,244,65
9614,27,27,58,61,2,12
9615,27,27,64,42,55,103
9616,19,33,0,110,38,5
9617,45,47,103,52,149,85
9618,60,58,75,63,220,195
9619,22,57,61,12,204,84
9620,0,32,51,113,100,241
9621,39,4,80,58,110,51
9622,10,8,82,114,124,202
9623,18,37,19,6,123,96
9624,34,49,80,40,240,83
9625,13,35,22,29,168,14
9626,39,4,123,51,106,229
9627,62,38,73,57,78,135
9628,63,3,69,90,10,213
9629,31,32,105,35,88,44
9630,21,63,13,102,247,40
9631,17,54,101,15,28,4
9632,17,54,122,32,83,54
9633,1,54,48,89,192,91
9634,36,35,1,126,192,205
9635,24,14,76,19,215,252
9636,51,5,15,101,142,254
9637,43,11,108,17,193,98
9638,24,60,32,88,128,154
9639,4,24,125,101,244,27
9640,49,15,35,54,88,234
9641,7,7,99,95,248,162
9642,54,40,13,102,92,79
9643,11,31,27,14,15,54
9644,54,10,96,26,142,246
9645,18,25,47,85,251,150
9646,1,1,52,89,165,70
9647,59,59,72,60,9,30
9648,29,12,84,35,56,232
9649,19,33,83,49,234,189
9650,17,54,74,60,252,157
9651,17,54,65,63,74,240
9652,8,31,106,34,215,70
9653,12,55,11,63,138,162
9654,21,63,60,102,136,47
9655,56,13,94,55,78,116
9656,22,19,27,120,82,23
9657,47,39,108,4,121,68
9658,63,63,50,78,42,101
9659,36,35,91,122,213,73
9660,56,13,76,91,178,232
9661,8,26,40,104,134,195
9662,46,34,86,29,4,76
9663,53,8,65,26,130,243
9664,40,41,111,119,28,213
9665,18,37,9,56,6,99
9666,32,20,127,110,136,135
9667,39,4,92,86,45,170
9668,0,24,4,15,177,15
9669,35,25,49,19,226,12
9670,28,23,5,17,34,230
9671,5,14,89,127,15,111
9672,52,17,67,56,191,97
9673,4,24,20,16,0,191
9674,17,54,38,117,210,178
9675,60,58,71,16,166,250
9676,56,13,38,18,51,202
9677,18,37,35,45,121,174
9678,63,47,123,13,57,231
9679,63,47,123,13,57,231
9680,63,47,123,13,57,231
9681,0,32,120,113,251,186
9682,37,21,29,118,188,64
9683,3,63,106,43,254,203
9684,34,49,120,125,199,177
9685,60,58,37,49,48,137
9686,35,35,72,122,246,169
9687,37,18,119,55,4,80
9688,31,60,98,51,136,200
9689,46,17,13,35,248,26
9690,3,0,21,119,100,3
9691,23,38,17,121,42,237
9692,38,6,43,117,151,207
9693,21,14,67,107,73,32
9694,45,47,32,110,253,227
9695,47,39,115,77,251,33
9696,9,18,46,29,193,200
9697,14,14,36,105,75,3
9698,12,53,111,92,21,120
9699,15,60,49,24,192,236
9700,32,20,124,125,102,1
9701,16,48,76,62,4,75
9702,0,46,92,33,42,199
9703,37,21,8,64,199,163
9704,26,42,49,117,65,129
9705,47,58,104,74,110,133
9706,57,56,127,108,201,208
9707,60,58,31,65,105,104
9708,9,18,52,120,231,106
9709,25,53,80,24,168,11
9710,33,27,56,77,45,80
9711,24,14,96,119,58,114
9712,51,52,51,105,245,21
9713,31,32,29,7,117,219
9714,48,37,53,27,144,156
9715,28,23,53,25,152,30
9716,54,42,47,79,38,58
9717,49,15,51,33,88,177
9718,17,6,123,75,156,235
9719,50,34,82,107,193,196
9720,35,43,85,67,12,222
9721,31,14,85,123,125,215
9722,33,2,27,110,198,76
9723,13,22,84,63,101,5
9724,24,25,90,26,148,117
9725,9,32,107,28,174,154
9726,43,9,93,118,219,234
9727,33,4,51,34,36,143
9728,23,61,45,38,15,81
9729,39,4,123,21,155,110
9730,49,15,120,52,132,38
9731,32,20,111,19,133,196
9732,7,7,98,54,26,227
9733,53,8,113,57,199,76
9734,7,7,60,22,241,62
9735,37,21,77,114,241,51
9736,19,57,7,104,176,221
9737,34,49,80,63,59,5
9738,39,4,112,67,88,49
9739,28,23,58,10,167,135
9740,22,19,51,69,23,59
9741,49,15,2,97,211,20
9742,7,7,61,121,97,108
9743,5,16,124,93,188,75
9744,62,62,32,14,92,255
9745,20,57,13,117,149,46
9746,55,61,42,110,187,74
9747,40,41,31,37,138,225
9748,63,35,7,17,197,136
9749,34,28,6,117,255,18
9750,47,39,0,32,126,143
9751,14,14,87,101,140,162
9752,6,44,37,27,72,11
9753,8,8,67,53,104,186
9754,10,30,72,72,60,67
9755,17,54,7,66,47,186
9756,13,21,108,57,112,104
9757,23,42,101,47,176,141
9758,23,50,120,58,82,173
9759,8,26,75,103,220,110
9760,49,15,104,121,92,35
9761,9,25,77,79,230,87
9762,56,32,77,111,218,218
9763,8,26,67,40,248,148
9764,38,6,110,109,209,33
9765,36,32,42,5,165,204
9766,34,52,23,85,160,113
9767,63,63,100,56,216,44
9768,38,0,35,0,102,0
9769,38,0,35,0,102,0
9770,21,44,4,100,224,139
9771,29,40,28,99,236,26
9772,35,30,83,93,227,186
9773,49,15,115,59,221,66
9774,30,5,94,70,117,123
9775,58,31,27,73,90,104
9776,54,40,66,15,71,25
9777,52,17,105,91,127,96
9778,2,36,51,34,183,134
9779,5,54,104,69,244,128
9780,3,0,44,67,77,37
9781,3,63,92,10,198,55
9782,26,61,114,58,254,195
9783,34,49,109,93,149,105
9784,34,51,100,60,30,136
9785,27,27,111,92,199,56
9786,50,36,32,14,0,162
9787,11,31,73,35,242,20
9788,54,57,53,66,14,175
9789,32,23,61,80,198,134
9790,8,26,118,7,198,16
9791,39,47,11,123,155,89
9792,49,3,69,6,151,215
9793,20,19,72,104,126,156
9794,11,31,68,58,84,35
9795,20,53,90,21,123,109
9796,55,61,35,29,36,190
9797,22,19,86,30,113,132
9798,27,2,67,9,250,234
9799,27,27,60,112,39,78
9800,59,54,14,85,182,83
9801,17,54,16,0,2,26
9802,63,16,112,67,225,202
9803,44,28,28,45,255,13
9804,5,45,65,24,37,57
9805,34,61,8,46,201,26
9806,9,54,45,28,134,124
9807,10,8,29,68,253,211
9808,51,40,33,7,157,14
9809,53,23,115,69,117,109
9810,27,27,48,117,225,34
9811,27,27,1,1,27,199
9812,40,23,13,44,155,197
9813,38,6,18,4,81,97
9814,10,8,0,110,219,57
9815,62,23,120,115,175,237
9816,48,57,92,99,75,58
9817,26,42,21,74,71,121
9818,50,34,126,65,175,138
9819,58,29,38,63,115,142
9820,55,27,73,8,98,6
9821,26,42,3,74,97,127
9822,31,3,106,39,224,93
9823,13,35,21,90,251,234
9824,49,30,36,33,250,58
9825,55,58,54,80,110,164
9826,19,33,117,38,110,235
9827,24,14,49,124,91,54
9828,52,17,18,112,87,95
9829,15,60,1,55,122,154
9830,28,23,101,51,48,252
9831,35,30,122,96,226,130
9832,10,8,22,79,58,124
9833,41,21,125,95,48,143
9834,14,14,81,72,35,58
9835,54,10,24,69,220,165
9836,1,1,10,89,87,238
9837,49,15,101,15,191,236
9838,60,48,65,43,162,224
9839,37,21,12,4,235,205
9840,27,27,87,96,199,24
9841,50,34,122,45,185,86
9842,14,14,20,40,120,81
9843,54,23,100,108,226,127
9844,18,38,9,106,100,149
9845,26,42,3,74,107,50
9846,17,54,51,69,64,230
9847,3,0,110,33,230,29
9848,55,27,66,106,100,34
9849,22,19,96,26,142,111
9850,24,14,30,97,120,78
9851,36,63,88,110,156,146
9852,16,62,22,9,103,126
9853,17,54,76,33,43,192
9854,1,9,10,100,132,174
9855,52,17,123,58,3,37
9856,40,7,106,9,155,120
9857,10,53,95,87,212,136
9858,43,11,49,115,188,45
9859,56,13,113,5,148,103
9860,20,57,113,26,214,24
9861,25,57,90,34,194,41
9862,1,54,108,33,163,8
9863,15,60,19,127,254,173
9864,35,35,31,72,173,158
9865,3,0,40,26,169,215
9866,8,26,67,34,162,16
9867,16,23,70,25,9,212
9868,43,11,61,38,3,91
9869,9,18,75,17,21,45
9870,49,15,96,26,247,37
9871,24,14,30,30,153,61
9872,32,20,41,82,195,54
9873,24,54,32,68,244,164
9874,14,14,46,29,27,204
9875,14,11,28,114,67,152
9876,2,54,12,76,48,1
9877,1,1,16,108,10,40
9878,49,15,124,112,140,12
9879,60,58,70,3,213,24
9880,14,22,4,73,218,46
9881,41,41,105,28,193,117
9882,23,50,116,3,193,44
9883,43,9,39,11,234,82
9884,13,14,108,63,24,153
9885,50,1,52,87,90,65
9886,27,27,112,36,76,99
9887,48,57,92,47,249,242
9888,49,32,13,28,250,34
9889,43,11,29,30,255,76
9890,18,37,50,101,181,242
9891,28,23,72,92,184,110
9892,27,27,67,5,254,69
9893,24,17,30,114,54,131
9894,24,52,61,29,179,13
9895,15,60,74,35,84,5
9896,4,1,97,93,110,78
9897,62,38,38,44,65,217
9898,51,5,27,107,239,170
9899,41,58,55,47,71,225
9900,8,26,75,111,239,173
9901,38,49,15,68,165,183
9902,48,57,16,79,80,211
9903,15,62,85,94,80,212
9904,55,58,72,34,199,140
9905,56,13,122,89,104,196
9906,50,40,10,70,106,22
9907,55,26,55,15,155,1
9908,24,14,49,92,23,121
9909,20,19,96,117,129,254
9910,39,47,57,11,25,247
9911,25,8,73,85,155,83
9912,61,55,109,40,158,153
9913,3,0,58,38,110,194
9914,27,27,67,82,111,239
9915,27,27,32,45,127,96
9916,30,36,25,116,162,193
9917,15,60,1,55,15,232
9918,55,61,66,30,241,195
9919,38,6,43,23,253,44
9920,46,8,6,31,215,81
9921,30,5,116,121,13,149
