sample_idx,canary_exact,stage4_exact,canary_prefix3,stage4_prefix3,canary_first1,stage4_first1,canary_last1,stage4_last1,canary_top1_eq,stage4_top1_eq,canary_rank,stage4_rank
0,0,0,0,0,0,0,1,1,0,0,21,21
1,0,0,0,0,0,1,1,1,0,0,21,21
2,0,0,0,0,0,0,1,1,0,0,21,21
3,0,0,0,0,0,1,1,1,0,0,21,21
4,0,0,0,0,0,1,1,1,0,0,21,21
5,0,0,0,0,0,0,1,1,0,0,21,21
6,0,0,0,0,0,0,1,1,0,0,21,21
7,0,0,0,0,0,0,1,1,0,0,21,21
8,0,0,0,0,0,1,1,1,0,0,21,21
9,0,0,0,0,0,0,1,1,0,0,21,21
10,0,0,0,0,0,0,1,1,0,0,21,21
11,0,0,0,0,0,1,1,1,0,0,21,21
12,0,0,0,0,0,0,1,1,0,0,21,21
13,0,0,0,0,0,1,1,1,0,0,21,21
14,0,0,0,0,0,1,1,1,0,0,21,21
15,0,0,0,0,0,1,1,1,0,0,21,21
16,0,1,0,1,0,1,1,1,0,1,21,1
17,0,0,0,0,0,0,1,1,0,0,21,21
18,0,0,0,0,0,0,1,1,0,0,21,21
19,0,0,0,0,0,1,1,1,0,0,21,21
20,0,0,0,0,0,0,1,1,0,0,21,21
21,0,0,0,0,0,0,1,1,0,0,21,21
22,0,0,0,0,0,0,1,1,0,0,21,21
23,0,0,0,0,0,0,1,1,0,0,21,21
24,0,0,0,0,0,1,1,1,0,0,21,21
25,0,0,0,0,0,1,1,1,0,0,21,21
26,0,0,0,0,0,1,1,1,0,0,21,21
27,0,0,0,0,0,1,1,1,0,0,21,21
28,0,1,0,1,0,1,1,1,0,0,21,11
29,0,1,0,1,0,1,1,1,0,0,21,9
30,0,0,0,0,0,0,1,1,0,0,21,21
31,0,0,0,0,0,0,1,1,0,0,21,21
32,0,0,0,0,0,1,1,1,0,0,21,21
33,0,0,0,0,0,1,1,1,0,0,21,21
34,0,0,0,0,0,1,1,1,0,0,21,21
35,0,0,0,0,0,0,1,1,0,0,21,21
36,0,0,0,0,0,1,1,1,0,0,21,21
37,0,0,0,0,0,1,1,1,0,0,21,21
38,0,0,0,0,0,1,1,1,0,0,21,21
39,0,0,0,0,0,0,1,1,0,0,21,21
40,0,0,0,0,0,1,1,1,0,0,21,21
41,0,0,0,0,0,0,1,1,0,0,21,21
42,0,0,0,0,0,1,1,1,0,0,21,21
43,0,1,0,1,0,1,1,1,0,0,21,8
44,0,0,0,0,0,0,1,1,0,0,21,21
45,0,0,0,0,0,0,1,1,0,0,21,21
46,0,0,0,0,0,0,1,1,0,0,21,21
47,0,0,0,0,0,1,1,1,0,0,21,21
48,0,0,0,0,0,1,1,1,0,0,21,21
49,0,1,0,1,0,1,1,1,0,1,21,1
50,0,0,0,0,0,0,1,1,0,0,21,21
51,0,0,0,0,0,0,1,1,0,0,21,21
52,0,0,0,0,0,0,1,1,0,0,21,21
53,0,0,0,0,0,1,1,1,0,0,21,21
54,0,0,0,0,0,0,1,1,0,0,21,21
55,0,0,0,0,0,1,1,1,0,0,21,21
56,0,0,0,0,0,1,1,1,0,0,21,21
57,0,0,0,0,0,1,1,1,0,0,21,21
58,0,0,0,0,0,0,1,1,0,0,21,21
59,0,0,0,0,0,1,1,1,0,0,21,21
60,0,0,0,0,0,0,1,1,0,0,21,21
61,0,0,0,0,0,0,1,1,0,0,21,21
62,0,0,0,0,0,1,1,1,0,0,21,21
63,0,0,0,0,0,0,1,1,0,0,21,21
64,0,0,0,0,1,0,1,1,0,0,21,21
65,0,0,0,0,0,1,1,1,0,0,21,21
66,0,0,0,0,0,0,1,1,0,0,21,21
67,0,0,0,0,0,1,1,1,0,0,21,21
68,0,0,0,0,0,0,1,1,0,0,21,21
69,0,1,0,1,0,1,1,1,0,1,21,1
70,0,0,0,0,0,0,1,1,0,0,21,21
71,0,0,0,0,0,1,1,1,0,0,21,21
72,0,1,0,1,0,1,1,1,0,0,21,6
73,0,0,0,0,0,0,1,1,0,0,21,21
74,0,0,0,0,0,1,1,1,0,0,21,21
75,0,0,0,0,0,1,1,1,0,0,21,21
76,0,0,0,0,0,1,1,1,0,0,21,21
77,0,0,0,0,0,1,1,1,0,0,21,21
78,0,0,0,0,0,1,1,1,0,0,21,21
79,0,0,0,0,0,0,1,1,0,0,21,21
80,0,0,0,0,0,1,1,1,0,0,21,21
81,0,0,0,0,0,1,1,1,0,0,21,21
82,0,0,0,0,0,0,1,1,0,0,21,21
83,0,0,0,0,0,1,1,1,0,0,21,21
84,0,0,0,0,0,1,1,1,0,0,21,21
85,0,0,0,0,0,0,1,1,0,0,21,21
86,0,0,0,0,0,1,1,1,0,0,21,21
87,0,0,0,0,0,1,1,1,0,0,21,21
88,0,0,0,0,0,0,1,1,0,0,21,21
89,0,0,0,0,0,0,1,1,0,0,21,21
90,0,0,0,0,1,1,1,1,0,0,21,21
91,0,0,0,0,0,1,1,1,0,0,21,21
92,0,1,0,1,0,1,1,1,0,1,21,1
93,0,0,0,0,0,0,1,1,0,0,21,21
94,0,0,0,0,0,0,1,1,0,0,21,21
95,0,0,0,0,0,0,1,1,0,0,21,21
96,0,0,0,0,0,0,1,1,0,0,21,21
97,0,0,0,0,0,0,1,1,0,0,21,21
98,0,0,0,0,0,1,1,1,0,0,21,21
99,0,0,0,0,0,1,1,1,0,0,21,21
100,0,0,0,0,0,1,1,1,0,0,21,21
101,0,0,0,0,0,0,1,1,0,0,21,21
102,0,0,0,0,0,0,1,1,0,0,21,21
103,0,1,0,1,0,1,1,1,0,1,21,1
104,0,0,0,0,0,0,1,1,0,0,21,21
105,0,0,0,0,0,0,1,1,0,0,21,21
106,0,0,0,0,0,0,1,1,0,0,21,21
107,0,0,0,0,0,0,1,1,0,0,21,21
108,0,0,0,0,0,1,1,1,0,0,21,21
109,0,0,0,0,0,0,1,1,0,0,21,21
110,0,1,0,1,0,1,1,1,0,0,21,5
111,0,1,0,1,0,1,1,1,0,0,21,15
112,0,0,0,0,0,1,1,1,0,0,21,21
113,0,0,0,0,0,1,1,1,0,0,21,21
114,0,0,0,0,0,0,1,1,0,0,21,21
115,0,0,0,0,0,1,1,1,0,0,21,21
116,0,1,0,1,0,1,1,1,0,1,21,1
117,0,0,0,0,0,1,1,1,0,0,21,21
118,0,0,0,0,0,0,1,1,0,0,21,21
119,0,0,0,0,0,1,1,1,0,0,21,21
120,0,1,0,1,0,1,1,1,0,1,21,1
121,0,0,0,0,0,1,1,1,0,0,21,21
122,0,0,0,0,0,0,1,1,0,0,21,21
123,0,0,0,0,0,0,1,1,0,0,21,21
124,0,0,0,0,0,1,1,1,0,0,21,21
125,0,0,0,0,0,0,1,1,0,0,21,21
126,0,0,0,0,0,0,1,1,0,0,21,21
127,0,1,0,1,0,1,1,1,0,0,21,2
128,0,0,0,0,0,0,1,1,0,0,21,21
129,0,0,0,0,0,0,1,1,0,0,21,21
130,0,0,0,0,0,1,1,1,0,0,21,21
131,0,0,0,0,0,0,1,1,0,0,21,21
132,0,0,0,0,0,0,1,1,0,0,21,21
133,0,0,0,0,0,1,1,1,0,0,21,21
134,0,1,0,1,0,1,1,1,0,0,21,12
135,0,0,0,0,0,0,1,1,0,0,21,21
136,0,1,0,1,0,1,1,1,0,0,21,17
137,0,0,0,0,0,0,1,1,0,0,21,21
138,0,0,0,0,0,0,1,1,0,0,21,21
139,0,0,0,0,0,0,1,1,0,0,21,21
140,0,0,0,0,0,1,1,1,0,0,21,21
141,0,0,0,0,0,1,1,1,0,0,21,21
142,0,0,0,0,0,0,1,1,0,0,21,21
143,0,0,0,0,0,1,1,1,0,0,21,21
144,0,0,0,0,0,1,1,1,0,0,21,21
145,0,0,0,0,0,1,1,1,0,0,21,21
146,0,0,0,0,0,0,1,1,0,0,21,21
147,0,1,0,1,0,1,1,1,0,0,21,12
148,0,0,0,0,0,0,1,1,0,0,21,21
149,0,0,0,0,0,0,1,1,0,0,21,21
150,0,0,0,0,0,1,1,1,0,0,21,21
151,0,0,0,0,0,1,1,1,0,0,21,21
152,0,0,0,0,0,1,1,1,0,0,21,21
153,0,0,0,0,0,1,1,1,0,0,21,21
154,0,0,0,0,0,1,1,1,0,0,21,21
155,0,0,0,0,0,0,1,1,0,0,21,21
156,0,0,0,0,0,0,1,1,0,0,21,21
157,0,0,0,0,0,1,1,1,0,0,21,21
158,0,0,0,0,0,0,1,1,0,0,21,21
159,0,0,0,0,0,0,1,1,0,0,21,21
160,0,0,0,0,0,0,1,1,0,0,21,21
161,0,0,0,0,0,1,1,1,0,0,21,21
162,0,0,0,0,0,0,1,1,0,0,21,21
163,0,0,0,0,0,0,1,1,0,0,21,21
164,0,0,0,0,0,1,1,1,0,0,21,21
165,0,0,0,0,0,1,1,1,0,0,21,21
166,0,0,0,0,0,0,1,1,0,0,21,21
167,0,0,0,0,0,0,1,1,0,0,21,21
168,0,0,0,0,0,0,1,1,0,0,21,21
169,0,0,0,0,0,1,1,1,0,0,21,21
170,0,0,0,0,0,1,1,1,0,0,21,21
171,0,1,0,1,0,1,1,1,0,0,21,7
172,0,0,0,0,0,1,1,1,0,0,21,21
173,0,0,0,0,0,0,1,1,0,0,21,21
174,0,0,0,0,0,0,1,1,0,0,21,21
175,0,0,0,0,0,1,1,1,0,0,21,21
176,0,0,0,0,0,0,1,1,0,0,21,21
177,0,0,0,0,0,0,1,1,0,0,21,21
178,0,0,0,0,0,1,1,1,0,0,21,21
179,0,0,0,0,0,0,1,1,0,0,21,21
180,0,0,0,0,0,1,1,1,0,0,21,21
181,0,0,0,0,0,1,1,1,0,0,21,21
182,0,0,0,0,0,1,1,1,0,0,21,21
183,0,0,0,0,0,1,1,1,0,0,21,21
184,0,0,0,0,0,1,1,1,0,0,21,21
185,0,0,0,0,0,1,1,1,0,0,21,21
186,0,1,0,1,0,1,1,1,0,0,21,2
187,0,0,0,0,0,1,1,1,0,0,21,21
188,0,0,0,0,0,0,1,1,0,0,21,21
189,0,0,0,0,0,1,1,1,0,0,21,21
190,0,0,0,0,0,0,1,1,0,0,21,21
191,0,0,0,0,0,0,1,1,0,0,21,21
192,0,0,0,0,0,0,1,1,0,0,21,21
193,0,0,0,0,0,0,1,1,0,0,21,21
194,0,1,0,1,0,1,1,1,0,1,21,1
195,0,0,0,0,0,0,1,1,0,0,21,21
196,0,0,0,0,0,0,1,1,0,0,21,21
197,0,1,0,1,0,1,1,1,0,0,21,14
198,0,0,0,0,0,1,1,1,0,0,21,21
199,0,0,0,0,0,1,1,1,0,0,21,21
200,0,0,0,0,0,0,1,1,0,0,21,21
201,0,0,0,0,0,0,1,1,0,0,21,21
202,0,0,0,0,0,1,1,1,0,0,21,21
203,0,0,0,0,0,0,1,1,0,0,21,21
204,0,0,0,0,0,0,1,1,0,0,21,21
205,0,0,0,0,0,0,1,1,0,0,21,21
206,0,0,0,0,0,1,1,1,0,0,21,21
207,0,0,0,0,0,0,1,1,0,0,21,21
208,0,0,0,0,0,1,1,1,0,0,21,21
209,0,0,0,0,0,1,1,1,0,0,21,21
210,0,0,0,0,0,1,1,1,0,0,21,21
211,0,0,0,0,0,0,1,1,0,0,21,21
212,0,0,0,0,0,1,1,1,0,0,21,21
213,0,0,0,0,0,0,1,1,0,0,21,21
214,0,0,0,0,0,1,1,1,0,0,21,21
215,0,0,0,0,1,0,1,1,0,0,21,21
216,0,1,0,1,0,1,1,1,0,1,21,1
217,0,1,0,1,0,1,1,1,0,1,21,1
218,0,0,0,0,0,1,1,1,0,0,21,21
219,0,0,0,0,0,1,1,1,0,0,21,21
220,0,0,0,0,0,0,1,1,0,0,21,21
221,0,1,0,1,0,1,1,1,0,1,21,1
222,0,0,0,0,0,0,1,1,0,0,21,21
223,0,0,0,0,0,0,1,1,0,0,21,21
224,0,0,0,0,0,1,1,1,0,0,21,21
225,0,0,0,0,0,0,1,1,0,0,21,21
226,0,0,0,0,0,0,1,1,0,0,21,21
227,0,0,0,0,0,1,1,1,0,0,21,21
228,0,0,0,0,0,1,1,1,0,0,21,21
229,0,0,0,0,0,0,1,1,0,0,21,21
230,0,0,0,0,0,0,1,1,0,0,21,21
231,0,0,0,0,0,1,1,1,0,0,21,21
232,0,0,0,0,0,0,1,1,0,0,21,21
233,0,0,0,0,0,1,1,1,0,0,21,21
234,0,0,0,0,0,0,1,1,0,0,21,21
235,0,0,0,0,0,1,1,1,0,0,21,21
236,0,1,0,1,0,1,1,1,0,1,21,1
237,0,0,0,0,0,0,1,1,0,0,21,21
238,0,0,0,0,0,1,1,1,0,0,21,21
239,0,0,0,0,0,1,1,1,0,0,21,21
240,0,0,0,0,0,0,1,1,0,0,21,21
241,0,0,0,0,0,0,1,1,0,0,21,21
242,0,0,0,0,0,0,1,1,0,0,21,21
243,0,0,0,0,0,1,1,1,0,0,21,21
244,0,0,0,0,0,0,1,1,0,0,21,21
245,0,0,0,0,0,0,1,1,0,0,21,21
246,0,0,0,0,0,0,1,1,0,0,21,21
247,0,0,0,0,0,0,1,1,0,0,21,21
248,0,0,0,0,0,1,1,1,0,0,21,21
249,0,0,0,0,0,0,1,1,0,0,21,21
250,0,0,0,0,0,1,1,1,0,0,21,21
251,0,0,0,0,0,1,1,1,0,0,21,21
252,0,0,0,0,0,0,1,1,0,0,21,21
253,0,0,0,0,0,0,1,1,0,0,21,21
254,0,0,0,0,0,0,1,1,0,0,21,21
255,0,0,0,0,0,0,1,1,0,0,21,21
256,0,0,0,0,0,0,1,1,0,0,21,21
257,0,0,0,0,0,0,1,1,0,0,21,21
258,0,0,0,0,0,1,1,1,0,0,21,21
259,0,0,0,0,0,0,1,1,0,0,21,21
260,0,0,0,0,0,0,1,1,0,0,21,21
261,0,0,0,0,0,0,1,1,0,0,21,21
262,0,0,0,0,0,0,1,1,0,0,21,21
263,0,0,0,0,0,1,1,1,0,0,21,21
264,0,0,0,0,0,0,1,1,0,0,21,21
265,0,0,0,0,0,0,1,1,0,0,21,21
266,0,0,0,0,0,0,1,1,0,0,21,21
267,0,0,0,0,0,1,1,1,0,0,21,21
268,0,0,0,0,0,0,1,1,0,0,21,21
269,0,0,0,0,0,0,1,1,0,0,21,21
270,0,0,0,0,0,1,1,1,0,0,21,21
271,0,0,0,0,0,1,1,1,0,0,21,21
272,0,0,0,0,0,1,1,1,0,0,21,21
273,0,0,0,0,0,0,1,1,0,0,21,21
274,0,0,0,0,0,1,1,1,0,0,21,21
275,0,0,0,0,0,0,1,1,0,0,21,21
276,0,0,0,0,1,1,1,1,0,0,21,21
277,0,0,0,0,0,1,1,1,0,0,21,21
278,0,0,0,0,0,0,1,1,0,0,21,21
279,0,0,0,0,0,1,1,1,0,0,21,21
280,0,0,0,0,1,0,1,1,0,0,21,21
281,0,0,0,0,0,1,1,1,0,0,21,21
282,0,0,0,0,0,0,1,1,0,0,21,21
283,0,0,0,0,0,1,1,1,0,0,21,21
284,0,0,0,0,0,1,1,1,0,0,21,21
285,0,0,0,0,0,1,1,1,0,0,21,21
286,0,0,0,0,0,1,1,1,0,0,21,21
287,0,0,0,0,0,1,1,1,0,0,21,21
288,0,0,0,0,1,0,1,1,0,0,21,21
289,0,0,0,0,0,1,1,1,0,0,21,21
290,0,0,0,0,0,0,1,1,0,0,21,21
291,0,1,0,1,0,1,1,1,0,0,21,6
292,0,0,0,0,0,1,1,1,0,0,21,21
293,0,0,0,0,0,0,1,1,0,0,21,21
294,0,0,0,0,0,1,1,1,0,0,21,21
295,0,0,0,0,0,1,1,1,0,0,21,21
296,0,0,0,0,0,0,1,1,0,0,21,21
297,0,0,0,0,0,1,1,1,0,0,21,21
298,0,0,0,0,0,0,1,1,0,0,21,21
299,0,0,0,0,0,1,1,1,0,0,21,21
300,0,0,0,0,0,1,1,1,0,0,21,21
301,0,0,0,0,0,0,1,1,0,0,21,21
302,0,1,0,1,0,1,1,1,0,0,21,7
303,0,1,0,1,0,1,1,1,0,0,21,3
304,0,0,0,0,0,0,1,1,0,0,21,21
305,0,1,0,1,0,1,1,1,0,0,21,19
306,0,0,0,0,0,1,1,1,0,0,21,21
307,0,0,0,0,0,1,1,1,0,0,21,21
308,0,0,0,0,0,1,1,1,0,0,21,21
309,0,0,0,0,0,0,1,1,0,0,21,21
310,0,0,0,0,0,0,1,1,0,0,21,21
311,0,0,0,0,0,0,1,1,0,0,21,21
312,0,0,0,0,0,0,1,1,0,0,21,21
313,0,0,0,0,0,0,1,1,0,0,21,21
314,0,1,0,1,0,1,1,1,0,0,21,5
315,0,0,0,0,0,1,1,1,0,0,21,21
316,0,0,0,0,0,1,1,1,0,0,21,21
317,0,0,0,0,0,1,1,1,0,0,21,21
318,0,0,0,0,0,0,1,1,0,0,21,21
319,0,0,0,0,0,0,1,1,0,0,21,21
320,0,0,0,0,0,0,1,1,0,0,21,21
321,0,0,0,0,0,1,1,1,0,0,21,21
322,0,1,0,1,0,1,1,1,0,0,21,18
323,0,0,0,0,0,0,1,1,0,0,21,21
324,0,1,0,1,0,1,1,1,0,1,21,1
325,0,0,0,0,0,1,1,1,0,0,21,21
326,0,0,0,0,0,1,1,1,0,0,21,21
327,0,0,0,0,0,0,1,1,0,0,21,21
328,0,0,0,0,0,0,1,1,0,0,21,21
329,0,0,0,0,0,1,1,1,0,0,21,21
330,0,0,0,0,0,1,1,1,0,0,21,21
331,0,0,0,0,0,0,1,1,0,0,21,21
332,0,0,0,0,0,0,1,1,0,0,21,21
333,0,0,0,0,0,0,1,1,0,0,21,21
334,0,0,0,0,0,0,1,1,0,0,21,21
335,0,1,0,1,0,1,1,1,0,0,21,9
336,0,0,0,0,0,1,1,1,0,0,21,21
337,0,0,0,0,0,0,1,1,0,0,21,21
338,0,0,0,0,0,0,1,1,0,0,21,21
339,0,0,0,0,0,0,1,1,0,0,21,21
340,0,0,0,0,0,0,1,1,0,0,21,21
341,0,0,0,0,0,0,1,1,0,0,21,21
342,0,0,0,0,0,1,1,1,0,0,21,21
343,0,0,0,0,0,0,1,1,0,0,21,21
344,0,0,0,0,0,0,1,1,0,0,21,21
345,0,0,0,0,0,0,1,1,0,0,21,21
346,0,0,0,0,0,0,1,1,0,0,21,21
347,0,0,0,0,0,1,1,1,0,0,21,21
348,0,0,0,0,0,0,1,1,0,0,21,21
349,0,0,0,0,0,1,1,1,0,0,21,21
350,0,0,0,0,0,0,1,1,0,0,21,21
351,0,0,0,0,0,1,1,1,0,0,21,21
352,0,0,0,0,0,0,1,1,0,0,21,21
353,0,0,0,0,0,1,1,1,0,0,21,21
354,0,0,0,0,0,0,1,1,0,0,21,21
355,0,0,0,0,0,0,1,1,0,0,21,21
356,0,0,0,0,0,1,1,1,0,0,21,21
357,0,0,0,0,0,1,1,1,0,0,21,21
358,0,0,0,0,0,0,1,1,0,0,21,21
359,0,0,0,0,0,0,1,1,0,0,21,21
360,0,0,0,0,0,0,1,1,0,0,21,21
361,0,0,0,0,0,1,1,1,0,0,21,21
362,0,0,0,0,0,0,1,1,0,0,21,21
363,0,0,0,0,0,1,1,1,0,0,21,21
364,0,0,0,0,0,1,1,1,0,0,21,21
365,0,0,0,0,0,0,1,1,0,0,21,21
366,0,0,0,0,0,1,1,1,0,0,21,21
367,0,0,0,0,0,1,1,1,0,0,21,21
368,0,1,0,1,0,1,1,1,0,1,21,1
369,0,0,0,0,0,0,1,1,0,0,21,21
370,0,0,0,0,0,1,1,1,0,0,21,21
371,0,0,0,0,0,1,1,1,0,0,21,21
372,0,0,0,0,0,0,1,1,0,0,21,21
373,0,1,0,1,0,1,1,1,0,1,21,1
374,0,0,0,0,0,1,1,1,0,0,21,21
375,0,0,0,0,0,1,1,1,0,0,21,21
376,0,0,0,0,0,1,1,1,0,0,21,21
377,0,0,0,0,0,1,1,1,0,0,21,21
378,0,0,0,0,0,1,1,1,0,0,21,21
379,0,0,0,0,0,1,1,1,0,0,21,21
380,0,1,0,1,0,1,1,1,0,1,21,1
381,0,0,0,0,0,0,1,1,0,0,21,21
382,0,0,0,0,0,0,1,1,0,0,21,21
383,0,0,0,0,0,0,1,1,0,0,21,21
384,0,0,0,0,0,1,1,1,0,0,21,21
385,0,0,0,0,0,0,1,1,0,0,21,21
386,0,0,0,0,0,1,1,1,0,0,21,21
387,0,0,0,0,0,1,1,1,0,0,21,21
388,0,0,0,0,0,0,1,1,0,0,21,21
389,0,0,0,0,0,0,1,1,0,0,21,21
390,0,0,0,0,0,1,1,1,0,0,21,21
391,0,0,0,0,0,0,1,1,0,0,21,21
392,0,0,0,0,0,0,1,1,0,0,21,21
393,0,0,0,0,0,1,1,1,0,0,21,21
394,0,0,0,0,0,0,1,1,0,0,21,21
395,0,0,0,0,0,0,1,1,0,0,21,21
396,0,0,0,0,0,1,1,1,0,0,21,21
397,0,0,0,0,0,1,1,1,0,0,21,21
398,0,1,0,1,0,1,1,1,0,0,21,2
399,0,1,0,1,0,1,1,1,0,0,21,2
400,0,0,0,0,0,1,1,1,0,0,21,21
401,0,0,0,0,0,0,1,1,0,0,21,21
402,0,0,0,0,0,1,1,1,0,0,21,21
403,0,0,0,0,0,0,1,1,0,0,21,21
404,0,0,0,0,0,1,1,1,0,0,21,21
405,0,0,0,0,0,0,1,1,0,0,21,21
406,0,0,0,0,0,1,1,1,0,0,21,21
407,0,0,0,0,0,0,1,1,0,0,21,21
408,0,0,0,0,0,1,1,1,0,0,21,21
409,0,1,0,1,0,1,1,1,0,1,21,1
410,0,0,0,0,0,0,1,1,0,0,21,21
411,0,0,0,0,0,1,1,1,0,0,21,21
412,0,0,0,0,0,0,1,1,0,0,21,21
413,0,0,0,0,0,1,1,1,0,0,21,21
414,0,0,0,0,0,0,1,1,0,0,21,21
415,0,0,0,0,0,1,1,1,0,0,21,21
416,0,0,0,0,0,0,1,1,0,0,21,21
417,0,0,0,0,0,0,1,1,0,0,21,21
418,0,1,0,1,0,1,1,1,0,0,21,2
419,0,0,0,0,0,0,1,1,0,0,21,21
420,0,0,0,0,0,1,1,1,0,0,21,21
421,0,1,0,1,0,1,1,1,0,1,21,1
422,0,0,0,0,0,1,1,1,0,0,21,21
423,0,0,0,0,0,0,1,1,0,0,21,21
424,0,0,0,0,0,1,1,1,0,0,21,21
425,0,1,0,1,0,1,1,1,0,1,21,1
426,0,1,0,1,0,1,1,1,0,0,21,2
427,0,0,0,0,0,1,1,1,0,0,21,21
428,0,1,0,1,0,1,1,1,0,0,21,10
429,0,0,0,0,0,1,1,1,0,0,21,21
430,0,0,0,0,0,1,1,1,0,0,21,21
431,0,0,0,0,0,0,1,1,0,0,21,21
432,0,0,0,0,0,0,1,1,0,0,21,21
433,0,1,0,1,0,1,1,1,0,1,21,1
434,0,0,0,0,0,0,1,1,0,0,21,21
435,0,0,0,0,0,0,1,1,0,0,21,21
436,0,0,0,0,0,1,1,1,0,0,21,21
437,0,0,0,0,0,0,1,1,0,0,21,21
438,0,0,0,0,0,0,1,1,0,0,21,21
439,0,0,0,0,0,1,1,1,0,0,21,21
440,0,1,0,1,0,1,1,1,0,0,21,18
441,0,0,0,0,0,0,1,1,0,0,21,21
442,0,0,0,0,0,0,1,1,0,0,21,21
443,0,0,0,0,0,0,1,1,0,0,21,21
444,0,1,0,1,0,1,1,1,0,1,21,1
445,0,1,0,1,0,1,1,1,0,0,21,2
446,0,0,0,0,0,0,1,1,0,0,21,21
447,0,0,0,0,0,0,1,1,0,0,21,21
448,0,0,0,0,0,0,1,1,0,0,21,21
449,0,0,0,0,0,0,1,1,0,0,21,21
450,0,0,0,0,0,0,1,1,0,0,21,21
451,0,0,0,0,0,1,1,1,0,0,21,21
452,0,0,0,0,0,1,1,1,0,0,21,21
453,0,0,0,0,0,0,1,1,0,0,21,21
454,0,1,0,1,0,1,1,1,0,1,21,1
455,0,0,0,0,0,0,1,1,0,0,21,21
456,0,0,0,0,0,0,1,1,0,0,21,21
457,0,0,0,0,0,1,1,1,0,0,21,21
458,0,0,0,0,0,1,1,1,0,0,21,21
459,0,0,0,0,0,1,1,1,0,0,21,21
460,0,0,0,0,0,1,1,1,0,0,21,21
461,0,0,0,0,0,1,1,1,0,0,21,21
462,0,0,0,0,0,1,1,1,0,0,21,21
463,0,0,0,0,0,0,1,1,0,0,21,21
464,0,0,0,0,0,0,1,1,0,0,21,21
465,0,0,0,0,0,0,1,1,0,0,21,21
466,0,0,0,0,0,0,1,1,0,0,21,21
467,0,0,0,0,0,1,1,1,0,0,21,21
468,0,0,0,0,0,0,1,1,0,0,21,21
469,0,0,0,0,0,0,1,1,0,0,21,21
470,0,0,0,0,0,0,1,1,0,0,21,21
471,0,0,0,0,0,0,1,1,0,0,21,21
472,0,0,0,0,0,0,1,1,0,0,21,21
473,0,0,0,0,0,1,1,1,0,0,21,21
474,0,0,0,0,0,1,1,1,0,0,21,21
475,0,0,0,0,0,1,1,1,0,0,21,21
476,0,0,0,0,0,0,1,1,0,0,21,21
477,0,0,0,0,0,1,1,1,0,0,21,21
478,0,0,0,0,0,0,1,1,0,0,21,21
479,0,0,0,0,0,1,1,1,0,0,21,21
480,0,0,0,0,0,1,1,1,0,0,21,21
481,0,0,0,0,0,0,1,1,0,0,21,21
482,0,0,0,0,0,1,1,1,0,0,21,21
483,0,1,0,1,0,1,1,1,0,0,21,9
484,0,0,0,0,0,0,1,1,0,0,21,21
485,0,0,0,0,0,0,1,1,0,0,21,21
486,0,0,0,0,0,1,1,1,0,0,21,21
487,0,0,0,0,0,0,1,1,0,0,21,21
488,0,0,0,0,0,0,1,1,0,0,21,21
489,0,0,0,0,0,1,1,1,0,0,21,21
490,0,0,0,0,0,0,1,1,0,0,21,21
491,0,0,0,0,0,0,1,1,0,0,21,21
492,0,0,0,0,0,0,1,1,0,0,21,21
493,0,0,0,0,0,0,1,1,0,0,21,21
494,0,1,0,1,0,1,1,1,0,1,21,1
495,0,0,0,0,0,0,1,1,0,0,21,21
496,0,0,0,0,0,0,1,1,0,0,21,21
497,0,0,0,0,0,1,1,1,0,0,21,21
498,0,0,0,0,0,1,1,1,0,0,21,21
499,0,0,0,0,0,1,1,1,0,0,21,21
500,0,0,0,0,0,0,1,1,0,0,21,21
501,0,0,0,0,0,0,1,1,0,0,21,21
502,0,1,0,1,0,1,1,1,0,0,21,13
503,0,0,0,0,0,0,1,1,0,0,21,21
504,0,1,0,1,0,1,1,1,0,1,21,1
505,0,1,0,1,0,1,1,1,0,1,21,1
506,0,0,0,0,0,1,1,1,0,0,21,21
507,0,0,0,0,0,1,1,1,0,0,21,21
508,0,0,0,0,0,0,1,1,0,0,21,21
509,0,0,0,0,0,1,1,1,0,0,21,21
510,0,0,0,0,0,0,1,1,0,0,21,21
511,0,0,0,0,0,1,1,1,0,0,21,21
512,0,0,0,0,0,0,1,1,0,0,21,21
513,0,0,0,0,0,1,1,1,0,0,21,21
514,0,0,0,0,0,0,1,1,0,0,21,21
515,0,0,0,0,0,0,1,1,0,0,21,21
516,0,1,0,1,0,1,1,1,0,1,21,1
517,0,0,0,0,0,0,1,1,0,0,21,21
518,0,0,0,0,0,0,1,1,0,0,21,21
519,0,0,0,0,0,0,1,1,0,0,21,21
520,0,0,0,0,0,0,1,1,0,0,21,21
521,0,0,0,0,0,1,1,1,0,0,21,21
522,0,0,0,0,0,0,1,1,0,0,21,21
523,0,0,0,0,0,0,1,1,0,0,21,21
524,0,0,0,0,1,0,1,1,0,0,21,21
525,0,0,0,0,0,0,1,1,0,0,21,21
526,0,0,0,0,0,0,1,1,0,0,21,21
527,0,1,0,1,0,1,1,1,0,1,21,1
528,0,0,0,0,0,1,1,1,0,0,21,21
529,0,0,0,0,0,1,1,1,0,0,21,21
530,0,0,0,0,0,0,1,1,0,0,21,21
531,0,0,0,0,0,1,1,1,0,0,21,21
532,0,0,0,0,0,0,1,1,0,0,21,21
533,0,1,0,1,0,1,1,1,0,1,21,1
534,0,0,0,0,0,0,1,1,0,0,21,21
535,0,0,0,0,0,0,1,1,0,0,21,21
536,0,0,0,0,0,0,1,1,0,0,21,21
537,0,0,0,0,0,0,1,1,0,0,21,21
538,0,0,0,0,0,1,1,1,0,0,21,21
539,0,0,0,0,0,1,1,1,0,0,21,21
540,0,0,0,0,0,1,1,1,0,0,21,21
541,0,0,0,0,0,1,1,1,0,0,21,21
542,0,0,0,0,0,0,1,1,0,0,21,21
543,0,1,0,1,0,1,1,1,0,0,21,2
544,0,0,0,0,0,0,1,1,0,0,21,21
545,0,0,0,0,0,1,1,1,0,0,21,21
546,0,0,0,0,0,0,1,1,0,0,21,21
547,0,0,0,0,0,1,1,1,0,0,21,21
548,0,0,0,0,0,0,1,1,0,0,21,21
549,0,0,0,0,0,0,1,1,0,0,21,21
550,0,0,0,0,0,1,1,1,0,0,21,21
551,0,0,0,0,0,1,1,1,0,0,21,21
552,0,0,0,0,0,1,1,1,0,0,21,21
553,0,0,0,0,0,0,1,1,0,0,21,21
554,0,0,0,0,0,1,1,1,0,0,21,21
555,0,0,0,0,0,0,1,1,0,0,21,21
556,0,0,0,0,0,0,1,1,0,0,21,21
557,0,0,0,0,0,1,1,1,0,0,21,21
558,0,0,0,0,0,1,1,1,0,0,21,21
559,0,1,0,1,0,1,1,1,0,1,21,1
560,0,0,0,0,0,0,1,1,0,0,21,21
561,0,0,0,0,0,0,1,1,0,0,21,21
562,0,0,0,0,0,1,1,1,0,0,21,21
563,0,0,0,0,0,0,1,1,0,0,21,21
564,0,0,0,0,0,0,1,1,0,0,21,21
565,0,0,0,0,0,0,1,1,0,0,21,21
566,0,0,0,0,0,1,1,1,0,0,21,21
567,0,0,0,0,0,0,1,1,0,0,21,21
568,0,1,0,1,0,1,1,1,0,1,21,1
569,0,0,0,0,0,0,1,1,0,0,21,21
570,0,1,0,1,0,1,1,1,0,0,21,18
571,0,0,0,0,0,1,1,1,0,0,21,21
572,0,0,0,0,0,0,1,1,0,0,21,21
573,0,0,0,0,0,1,1,1,0,0,21,21
574,0,0,0,0,0,1,1,1,0,0,21,21
575,0,0,0,0,0,0,1,1,0,0,21,21
576,0,0,0,0,0,0,1,1,0,0,21,21
577,0,1,0,1,0,1,1,1,0,0,21,8
578,0,0,0,0,0,0,1,1,0,0,21,21
579,0,0,0,0,0,0,1,1,0,0,21,21
580,0,0,0,0,0,1,1,1,0,0,21,21
581,0,0,0,0,0,1,1,1,0,0,21,21
582,0,0,0,0,0,1,1,1,0,0,21,21
583,0,0,0,0,0,0,1,1,0,0,21,21
584,0,1,0,1,0,1,1,1,0,0,21,6
585,0,0,0,0,0,0,1,1,0,0,21,21
586,0,0,0,0,0,0,1,1,0,0,21,21
587,0,0,0,0,0,1,1,1,0,0,21,21
588,0,0,0,0,0,1,1,1,0,0,21,21
589,0,0,0,0,0,0,1,1,0,0,21,21
590,0,0,0,0,0,1,1,1,0,0,21,21
591,0,0,0,0,0,1,1,1,0,0,21,21
592,0,0,0,0,0,0,1,1,0,0,21,21
593,0,0,0,0,0,0,1,1,0,0,21,21
594,0,0,0,0,0,0,1,1,0,0,21,21
595,0,0,0,0,0,1,1,1,0,0,21,21
596,0,1,0,1,0,1,1,1,0,0,21,6
597,0,0,0,0,0,0,1,1,0,0,21,21
598,0,0,0,0,0,0,1,1,0,0,21,21
599,0,0,0,0,0,0,1,1,0,0,21,21
600,0,0,0,0,0,0,1,1,0,0,21,21
601,0,0,0,0,0,1,1,1,0,0,21,21
602,0,0,0,0,0,1,1,1,0,0,21,21
603,0,0,0,0,0,1,1,1,0,0,21,21
604,0,0,0,0,0,1,1,1,0,0,21,21
605,0,0,0,0,0,1,1,1,0,0,21,21
606,0,0,0,0,0,1,1,1,0,0,21,21
607,0,0,0,0,0,0,1,1,0,0,21,21
608,0,0,0,0,0,1,0,1,0,0,21,21
609,0,0,0,0,0,0,1,1,0,0,21,21
610,0,1,0,1,0,1,1,1,0,0,21,15
611,0,1,0,1,0,1,1,1,0,0,21,20
612,0,1,0,1,0,1,1,1,0,0,21,8
613,0,0,0,0,0,0,1,1,0,0,21,21
614,0,0,0,0,0,1,1,1,0,0,21,21
615,0,0,0,0,0,0,1,1,0,0,21,21
616,0,0,0,0,0,0,1,1,0,0,21,21
617,0,0,0,0,0,0,1,1,0,0,21,21
618,0,0,0,0,1,0,1,1,0,0,21,21
619,0,0,0,0,0,1,1,1,0,0,21,21
620,0,0,0,0,0,0,1,1,0,0,21,21
621,0,0,0,0,0,0,1,1,0,0,21,21
622,0,0,0,0,0,1,1,1,0,0,21,21
623,0,0,0,0,0,1,1,1,0,0,21,21
624,0,0,0,0,0,1,1,1,0,0,21,21
625,0,1,0,1,0,1,1,1,0,0,21,8
626,0,0,0,0,0,0,1,1,0,0,21,21
627,0,0,0,0,0,1,1,1,0,0,21,21
628,0,0,0,0,0,0,1,1,0,0,21,21
629,0,0,0,0,0,0,1,1,0,0,21,21
630,0,0,0,0,0,0,1,1,0,0,21,21
631,0,0,0,0,0,0,1,1,0,0,21,21
632,0,0,0,0,0,0,1,1,0,0,21,21
633,0,0,0,0,0,0,1,1,0,0,21,21
634,0,0,0,0,0,0,1,1,0,0,21,21
635,0,0,0,0,0,0,1,1,0,0,21,21
636,0,0,0,0,0,0,1,1,0,0,21,21
637,0,0,0,0,0,1,1,1,0,0,21,21
638,0,0,0,0,0,1,0,1,0,0,21,21
639,0,0,0,0,0,1,1,1,0,0,21,21
640,0,0,0,0,0,1,1,1,0,0,21,21
641,0,0,0,0,0,0,1,1,0,0,21,21
642,0,0,0,0,0,1,1,1,0,0,21,21
643,0,0,0,0,0,0,1,1,0,0,21,21
644,0,1,0,1,0,1,1,1,0,1,21,1
645,0,0,0,0,0,0,1,1,0,0,21,21
646,0,1,0,1,0,1,1,1,0,0,21,8
647,0,0,0,0,0,0,1,1,0,0,21,21
648,0,1,0,1,0,1,1,1,0,1,21,1
649,0,0,0,0,0,0,1,1,0,0,21,21
650,0,0,0,0,0,0,1,1,0,0,21,21
651,0,0,0,0,0,0,1,1,0,0,21,21
652,0,0,0,0,0,1,1,1,0,0,21,21
653,0,0,0,0,0,0,1,1,0,0,21,21
654,0,0,0,0,0,1,1,1,0,0,21,21
655,0,0,0,0,0,0,1,1,0,0,21,21
656,0,0,0,0,0,0,1,1,0,0,21,21
657,0,0,0,0,0,0,1,1,0,0,21,21
658,0,0,0,0,0,0,1,1,0,0,21,21
659,0,0,0,0,0,1,1,1,0,0,21,21
660,0,0,0,0,0,0,1,1,0,0,21,21
661,0,0,0,0,0,0,1,1,0,0,21,21
662,0,0,0,0,0,1,1,1,0,0,21,21
663,0,0,0,0,0,1,1,1,0,0,21,21
664,0,0,0,0,0,0,1,1,0,0,21,21
665,0,0,0,0,0,0,1,1,0,0,21,21
666,0,0,0,0,0,1,1,1,0,0,21,21
667,0,0,0,0,0,0,1,1,0,0,21,21
668,0,0,0,0,0,0,1,1,0,0,21,21
669,0,0,0,0,0,0,1,1,0,0,21,21
670,0,1,0,1,0,1,1,1,0,0,21,9
671,0,0,0,0,0,0,1,1,0,0,21,21
672,0,0,0,0,0,0,1,1,0,0,21,21
673,0,0,0,0,0,1,1,1,0,0,21,21
674,0,0,0,0,0,0,1,1,0,0,21,21
675,0,0,0,0,0,1,1,1,0,0,21,21
676,0,0,0,0,0,1,1,1,0,0,21,21
677,0,0,0,0,0,0,1,1,0,0,21,21
678,0,0,0,0,0,1,1,1,0,0,21,21
679,0,0,0,0,0,1,1,1,0,0,21,21
680,0,0,0,0,0,1,1,1,0,0,21,21
681,0,0,0,0,0,0,1,1,0,0,21,21
682,0,0,0,0,0,1,1,1,0,0,21,21
683,0,0,0,0,0,1,1,1,0,0,21,21
684,0,0,0,0,0,1,1,1,0,0,21,21
685,0,0,0,0,0,0,1,1,0,0,21,21
686,0,0,0,0,0,0,1,1,0,0,21,21
687,0,1,0,1,0,1,1,1,0,1,21,1
688,0,0,0,0,0,1,1,1,0,0,21,21
689,0,0,0,0,0,0,1,1,0,0,21,21
690,0,1,0,1,0,1,1,1,0,1,21,1
691,0,0,0,0,0,1,1,1,0,0,21,21
692,0,0,0,0,0,1,1,1,0,0,21,21
693,0,0,0,0,0,0,1,1,0,0,21,21
694,0,0,0,0,0,1,1,1,0,0,21,21
695,0,0,0,0,0,1,1,1,0,0,21,21
696,0,0,0,0,0,0,1,1,0,0,21,21
697,0,0,0,0,1,1,1,1,0,0,21,21
698,0,0,0,0,0,0,1,1,0,0,21,21
699,0,0,0,0,0,1,1,1,0,0,21,21
700,0,0,0,0,0,0,1,1,0,0,21,21
701,0,0,0,0,0,1,1,1,0,0,21,21
702,0,0,0,0,0,0,1,1,0,0,21,21
703,0,1,0,1,0,1,1,1,0,1,21,1
704,0,0,0,0,0,1,1,1,0,0,21,21
705,0,0,0,0,0,0,1,1,0,0,21,21
706,0,0,0,0,0,0,1,1,0,0,21,21
707,0,0,0,0,0,1,1,1,0,0,21,21
708,0,0,0,0,0,0,1,1,0,0,21,21
709,0,0,0,0,0,1,1,1,0,0,21,21
710,0,1,0,1,0,1,1,1,0,0,21,5
711,0,1,0,1,0,1,1,1,0,0,21,3
712,0,1,0,1,0,1,1,1,0,1,21,1
713,0,1,0,1,0,1,1,1,0,0,21,2
714,0,0,0,0,0,1,1,1,0,0,21,21
715,0,0,0,0,0,1,1,1,0,0,21,21
716,0,0,0,0,0,1,1,1,0,0,21,21
717,0,0,0,0,0,0,1,1,0,0,21,21
718,0,0,0,0,0,0,1,1,0,0,21,21
719,0,0,0,0,0,1,1,1,0,0,21,21
720,0,0,0,0,0,1,1,1,0,0,21,21
721,0,0,0,0,0,0,1,1,0,0,21,21
722,0,0,0,0,0,1,1,1,0,0,21,21
723,0,0,0,0,0,1,1,1,0,0,21,21
724,0,1,0,1,0,1,1,1,0,0,21,3
725,0,0,0,0,0,1,1,1,0,0,21,21
726,0,0,0,0,0,1,1,1,0,0,21,21
727,0,0,0,0,0,1,1,1,0,0,21,21
728,0,0,0,0,0,0,1,1,0,0,21,21
729,0,0,0,0,0,1,1,1,0,0,21,21
730,0,0,0,0,0,0,1,1,0,0,21,21
731,0,0,0,0,0,0,1,1,0,0,21,21
732,0,0,0,0,0,0,1,1,0,0,21,21
733,0,0,0,0,0,0,1,1,0,0,21,21
734,0,0,0,0,0,0,1,1,0,0,21,21
735,0,0,0,0,0,0,1,1,0,0,21,21
736,0,0,0,0,0,1,1,1,0,0,21,21
737,0,0,0,0,0,1,1,1,0,0,21,21
738,0,0,0,0,0,1,1,1,0,0,21,21
739,0,1,0,1,0,1,1,1,0,1,21,1
740,0,0,0,0,0,0,1,1,0,0,21,21
741,0,0,0,0,0,1,1,1,0,0,21,21
742,0,1,0,1,0,1,1,1,0,0,21,16
743,0,0,0,0,0,1,1,1,0,0,21,21
744,0,0,0,0,0,0,1,1,0,0,21,21
745,0,0,0,0,0,0,1,1,0,0,21,21
746,0,0,0,0,0,1,1,1,0,0,21,21
747,0,0,0,0,0,1,1,1,0,0,21,21
748,0,0,0,0,0,1,1,1,0,0,21,21
749,0,0,0,0,0,0,1,1,0,0,21,21
750,0,0,0,0,0,0,1,1,0,0,21,21
751,0,0,0,0,0,1,1,1,0,0,21,21
752,0,0,0,0,0,0,1,1,0,0,21,21
753,0,0,0,0,0,0,1,1,0,0,21,21
754,0,0,0,0,0,0,1,1,0,0,21,21
755,0,0,0,0,0,1,1,1,0,0,21,21
756,0,1,0,1,0,1,1,1,0,1,21,1
757,0,0,0,0,0,0,1,1,0,0,21,21
758,0,0,0,0,0,0,1,1,0,0,21,21
759,0,0,0,0,0,1,1,1,0,0,21,21
760,0,0,0,0,0,0,1,1,0,0,21,21
761,0,1,0,1,0,1,1,1,0,0,21,8
762,0,0,0,0,0,0,1,1,0,0,21,21
763,0,0,0,0,0,1,1,1,0,0,21,21
764,0,0,0,0,0,1,1,1,0,0,21,21
765,0,0,0,0,0,1,1,1,0,0,21,21
766,0,0,0,0,0,1,1,1,0,0,21,21
767,0,0,0,0,0,0,1,1,0,0,21,21
768,0,0,0,0,0,0,1,1,0,0,21,21
769,0,1,0,1,0,1,1,1,0,0,21,7
770,0,0,0,0,0,0,1,1,0,0,21,21
771,0,0,0,0,0,0,1,1,0,0,21,21
772,0,0,0,0,0,0,1,1,0,0,21,21
773,0,1,0,1,0,1,1,1,0,1,21,1
774,0,0,0,0,0,0,1,1,0,0,21,21
775,0,0,0,0,0,0,1,1,0,0,21,21
776,0,0,0,0,0,0,1,1,0,0,21,21
777,0,0,0,0,0,0,1,1,0,0,21,21
778,0,0,0,0,0,0,1,1,0,0,21,21
779,0,0,0,0,0,0,1,1,0,0,21,21
780,0,0,0,0,0,1,1,1,0,0,21,21
781,0,0,0,0,0,1,1,1,0,0,21,21
782,0,0,0,0,0,1,1,1,0,0,21,21
783,0,0,0,0,0,0,1,1,0,0,21,21
784,0,0,0,0,0,0,1,1,0,0,21,21
785,0,0,0,0,0,0,1,1,0,0,21,21
786,0,0,0,0,0,1,1,1,0,0,21,21
787,0,0,0,0,0,1,1,1,0,0,21,21
788,0,0,0,0,0,1,1,1,0,0,21,21
789,0,0,0,0,0,0,1,1,0,0,21,21
790,0,0,0,0,0,1,1,1,0,0,21,21
791,0,0,0,0,0,1,1,1,0,0,21,21
792,0,0,0,0,0,1,1,1,0,0,21,21
793,0,0,0,0,0,0,1,1,0,0,21,21
794,0,0,0,0,0,1,1,1,0,0,21,21
795,0,0,0,0,0,1,1,1,0,0,21,21
796,0,0,0,0,0,0,1,1,0,0,21,21
797,0,0,0,0,0,1,1,1,0,0,21,21
798,0,0,0,0,0,1,1,1,0,0,21,21
799,0,0,0,0,0,1,1,1,0,0,21,21
800,0,0,0,0,0,1,1,1,0,0,21,21
801,0,0,0,0,0,0,1,1,0,0,21,21
802,0,0,0,0,0,0,1,1,0,0,21,21
803,0,0,0,0,0,0,1,1,0,0,21,21
804,0,1,0,1,0,1,1,1,0,0,21,10
805,0,0,0,0,0,0,1,1,0,0,21,21
806,0,0,0,0,0,1,1,1,0,0,21,21
807,0,0,0,0,0,0,1,1,0,0,21,21
808,0,0,0,0,0,1,1,1,0,0,21,21
809,0,0,0,0,0,0,1,1,0,0,21,21
810,0,0,0,0,0,1,1,1,0,0,21,21
811,0,0,0,0,0,0,1,1,0,0,21,21
812,0,0,0,0,0,1,1,1,0,0,21,21
813,0,0,0,0,0,1,1,1,0,0,21,21
814,0,0,0,0,0,1,1,1,0,0,21,21
815,0,0,0,0,0,0,1,1,0,0,21,21
816,0,0,0,0,0,0,1,1,0,0,21,21
817,0,0,0,0,0,0,1,1,0,0,21,21
818,0,0,0,0,0,0,1,1,0,0,21,21
819,0,0,0,0,0,1,1,1,0,0,21,21
820,0,0,0,0,0,1,1,1,0,0,21,21
821,0,0,0,0,0,0,1,1,0,0,21,21
822,0,0,0,0,0,0,1,1,0,0,21,21
823,0,0,0,0,0,0,1,1,0,0,21,21
824,0,0,0,0,0,1,1,1,0,0,21,21
825,0,0,0,0,0,0,1,1,0,0,21,21
826,0,0,0,0,0,0,1,1,0,0,21,21
827,0,0,0,0,0,0,1,1,0,0,21,21
828,0,0,0,0,1,0,1,1,0,0,21,21
829,0,0,0,0,0,0,1,1,0,0,21,21
830,0,0,0,0,0,1,1,1,0,0,21,21
831,0,0,0,0,0,0,1,1,0,0,21,21
832,0,0,0,0,0,0,1,1,0,0,21,21
833,0,0,0,0,0,1,1,1,0,0,21,21
834,0,0,0,0,0,0,1,1,0,0,21,21
835,0,0,0,0,0,0,1,1,0,0,21,21
836,0,0,0,0,0,1,1,1,0,0,21,21
837,0,0,0,0,0,0,1,1,0,0,21,21
838,0,0,0,0,0,0,1,1,0,0,21,21
839,0,0,0,0,0,0,1,1,0,0,21,21
840,0,0,0,0,0,1,1,1,0,0,21,21
841,0,0,0,0,0,0,1,1,0,0,21,21
842,0,0,0,0,0,0,1,1,0,0,21,21
843,0,0,0,0,0,0,1,1,0,0,21,21
844,0,0,0,0,0,0,1,1,0,0,21,21
845,0,1,0,1,0,1,1,1,0,1,21,1
846,0,0,0,0,0,0,1,1,0,0,21,21
847,0,1,0,1,0,1,1,1,0,0,21,3
848,0,0,0,0,0,0,1,1,0,0,21,21
849,0,0,0,0,0,0,1,1,0,0,21,21
850,0,1,0,1,0,1,1,1,0,0,21,18
851,0,0,0,0,0,1,1,1,0,0,21,21
852,0,0,0,0,0,1,1,1,0,0,21,21
853,0,0,0,0,0,1,1,1,0,0,21,21
854,0,0,0,0,0,1,1,1,0,0,21,21
855,0,0,0,0,0,0,1,1,0,0,21,21
856,0,0,0,0,0,0,1,1,0,0,21,21
857,0,0,0,0,0,1,1,1,0,0,21,21
858,0,1,0,1,0,1,1,1,0,0,21,12
859,0,0,0,0,0,0,1,1,0,0,21,21
860,0,0,0,0,0,0,1,1,0,0,21,21
861,0,0,0,0,0,1,1,1,0,0,21,21
862,0,0,0,0,0,0,1,1,0,0,21,21
863,0,0,0,0,0,1,1,1,0,0,21,21
864,0,0,0,0,0,1,1,1,0,0,21,21
865,0,0,0,0,0,1,1,1,0,0,21,21
866,0,0,0,0,0,0,1,1,0,0,21,21
867,0,0,0,0,0,0,1,1,0,0,21,21
868,0,0,0,0,0,1,1,1,0,0,21,21
869,0,0,0,0,0,0,1,1,0,0,21,21
870,0,0,0,0,0,0,1,1,0,0,21,21
871,0,1,0,1,0,1,1,1,0,1,21,1
872,0,0,0,0,0,0,1,1,0,0,21,21
873,0,0,0,0,0,0,1,1,0,0,21,21
874,0,1,0,1,0,1,1,1,0,0,21,16
875,0,1,0,1,0,1,1,1,0,1,21,1
876,0,0,0,0,0,1,1,1,0,0,21,21
877,0,0,0,0,0,1,1,1,0,0,21,21
878,0,0,0,0,0,0,1,1,0,0,21,21
879,0,1,0,1,0,1,1,1,0,1,21,1
880,0,0,0,0,0,1,1,1,0,0,21,21
881,0,0,0,0,0,0,1,1,0,0,21,21
882,0,0,0,0,0,0,1,1,0,0,21,21
883,0,0,0,0,0,1,1,1,0,0,21,21
884,0,0,0,0,0,0,1,1,0,0,21,21
885,0,0,0,0,0,1,1,1,0,0,21,21
886,0,0,0,0,0,0,1,1,0,0,21,21
887,0,1,0,1,0,1,1,1,0,0,21,8
888,0,0,0,0,0,1,1,1,0,0,21,21
889,0,0,0,0,0,0,1,1,0,0,21,21
890,0,0,0,0,0,0,1,1,0,0,21,21
891,0,0,0,0,0,0,1,1,0,0,21,21
892,0,0,0,0,0,0,1,1,0,0,21,21
893,0,0,0,0,0,0,1,1,0,0,21,21
894,0,0,0,0,0,0,1,1,0,0,21,21
895,0,0,0,0,0,1,1,1,0,0,21,21
896,0,0,0,0,0,0,1,1,0,0,21,21
897,0,0,0,0,0,0,1,1,0,0,21,21
898,0,0,0,0,0,0,1,1,0,0,21,21
899,0,1,0,1,0,1,1,1,0,1,21,1
900,0,1,0,1,0,1,1,1,0,0,21,12
901,0,0,0,0,0,1,1,1,0,0,21,21
902,0,0,0,0,0,0,1,1,0,0,21,21
903,0,0,0,0,0,1,1,1,0,0,21,21
904,0,0,0,0,0,0,1,1,0,0,21,21
905,0,0,0,0,0,1,1,1,0,0,21,21
906,0,0,0,0,0,1,1,1,0,0,21,21
907,0,0,0,0,0,0,1,1,0,0,21,21
908,0,0,0,0,0,1,1,1,0,0,21,21
909,0,0,0,0,0,0,1,1,0,0,21,21
910,0,1,0,1,0,1,1,1,0,1,21,1
911,0,1,0,1,0,1,1,1,0,0,21,9
912,0,0,0,0,0,0,1,1,0,0,21,21
913,0,0,0,0,0,0,1,1,0,0,21,21
914,0,0,0,0,0,0,1,1,0,0,21,21
915,0,0,0,0,0,1,1,1,0,0,21,21
916,0,1,0,1,0,1,1,1,0,0,21,7
917,0,0,0,0,0,0,1,1,0,0,21,21
918,0,0,0,0,0,1,1,1,0,0,21,21
919,0,0,0,0,0,0,1,1,0,0,21,21
920,0,0,0,0,0,1,1,1,0,0,21,21
921,0,1,0,1,0,1,1,1,0,0,21,6
922,0,0,0,0,0,0,1,1,0,0,21,21
923,0,1,0,1,0,1,1,1,0,1,21,1
924,0,0,0,0,0,1,1,1,0,0,21,21
925,0,0,0,0,0,0,1,1,0,0,21,21
926,0,0,0,0,0,1,1,1,0,0,21,21
927,0,0,0,0,0,1,1,1,0,0,21,21
928,0,0,0,0,0,0,1,1,0,0,21,21
929,0,0,0,0,0,0,1,1,0,0,21,21
930,0,0,0,0,0,0,1,1,0,0,21,21
931,0,0,0,0,0,0,1,1,0,0,21,21
932,0,0,0,0,0,0,1,1,0,0,21,21
933,0,0,0,0,0,0,1,1,0,0,21,21
934,0,0,0,0,0,0,1,1,0,0,21,21
935,0,0,0,0,0,0,1,1,0,0,21,21
936,0,0,0,0,0,1,1,1,0,0,21,21
937,0,0,0,0,0,0,1,1,0,0,21,21
938,0,0,0,0,0,1,1,1,0,0,21,21
939,0,0,0,0,0,1,1,1,0,0,21,21
940,0,0,0,0,0,0,1,1,0,0,21,21
941,0,0,0,0,0,1,1,1,0,0,21,21
942,0,0,0,0,0,0,1,1,0,0,21,21
943,0,0,0,0,0,1,1,1,0,0,21,21
944,0,0,0,0,0,0,1,1,0,0,21,21
945,0,0,0,0,0,1,1,1,0,0,21,21
946,0,0,0,0,0,0,1,1,0,0,21,21
947,0,0,0,0,0,0,1,1,0,0,21,21
948,0,0,0,0,0,0,1,1,0,0,21,21
949,0,0,0,0,0,0,1,1,0,0,21,21
950,0,0,0,0,0,1,1,1,0,0,21,21
951,0,0,0,0,0,0,1,1,0,0,21,21
952,0,0,0,0,0,1,1,1,0,0,21,21
953,0,0,0,0,0,0,1,1,0,0,21,21
954,0,0,0,0,0,1,1,1,0,0,21,21
955,0,0,0,0,0,1,1,1,0,0,21,21
956,0,0,0,0,0,0,1,1,0,0,21,21
957,0,0,0,0,0,1,1,1,0,0,21,21
958,0,0,0,0,0,1,1,1,0,0,21,21
959,0,0,0,0,0,0,1,1,0,0,21,21
960,0,0,0,0,0,1,1,1,0,0,21,21
961,0,0,0,0,0,1,1,1,0,0,21,21
962,0,0,0,0,0,0,1,1,0,0,21,21
963,0,0,0,0,0,1,1,1,0,0,21,21
964,0,0,0,0,0,0,1,1,0,0,21,21
965,0,0,0,0,0,1,1,1,0,0,21,21
966,0,0,0,0,0,1,1,1,0,0,21,21
967,0,0,0,0,0,0,1,1,0,0,21,21
968,0,0,0,0,0,0,1,1,0,0,21,21
969,0,0,0,0,0,0,1,1,0,0,21,21
970,0,0,0,0,0,0,1,1,0,0,21,21
971,0,0,0,0,0,0,1,1,0,0,21,21
972,0,0,0,0,0,0,1,1,0,0,21,21
973,0,0,0,0,0,0,1,1,0,0,21,21
974,0,0,0,0,0,0,1,1,0,0,21,21
975,0,0,0,0,0,0,1,1,0,0,21,21
976,0,1,0,1,0,1,1,1,0,1,21,1
977,0,0,0,0,0,0,1,1,0,0,21,21
978,0,0,0,0,0,0,1,1,0,0,21,21
979,0,0,0,0,1,0,1,1,0,0,21,21
980,0,0,0,0,0,0,1,1,0,0,21,21
981,0,0,0,0,0,0,1,1,0,0,21,21
982,0,0,0,0,0,0,1,1,0,0,21,21
983,0,0,0,0,0,1,1,1,0,0,21,21
984,0,1,0,1,0,1,1,1,0,0,21,4
985,0,0,0,0,0,0,1,1,0,0,21,21
986,0,0,0,0,0,0,1,1,0,0,21,21
987,0,0,0,0,0,0,1,1,0,0,21,21
988,0,0,0,0,0,1,1,1,0,0,21,21
989,0,0,0,0,0,1,1,1,0,0,21,21
990,0,0,0,0,0,0,1,1,0,0,21,21
991,0,0,0,0,0,0,1,1,0,0,21,21
992,0,0,0,0,0,1,1,1,0,0,21,21
993,0,0,0,0,0,1,1,1,0,0,21,21
994,0,0,0,0,0,1,1,1,0,0,21,21
995,0,0,0,0,0,0,1,1,0,0,21,21
996,0,0,0,0,0,0,1,1,0,0,21,21
997,0,0,0,0,0,0,1,1,0,0,21,21
998,0,0,0,0,0,0,1,1,0,0,21,21
999,0,0,0,0,0,0,1,1,0,0,21,21
1000,0,0,0,0,0,0,1,1,0,0,21,21
1001,0,0,0,0,0,0,1,1,0,0,21,21
1002,0,0,0,0,0,1,1,1,0,0,21,21
1003,0,0,0,0,0,0,1,1,0,0,21,21
1004,0,0,0,0,0,0,1,1,0,0,21,21
1005,0,0,0,0,0,1,1,1,0,0,21,21
1006,0,0,0,0,0,0,1,1,0,0,21,21
1007,0,0,0,0,0,1,1,1,0,0,21,21
1008,0,0,0,0,0,0,1,1,0,0,21,21
1009,0,0,0,0,0,1,1,1,0,0,21,21
1010,0,0,0,0,0,1,1,1,0,0,21,21
1011,0,0,0,0,0,0,1,1,0,0,21,21
1012,0,0,0,0,0,1,1,1,0,0,21,21
1013,0,0,0,0,0,0,1,1,0,0,21,21
1014,0,0,0,0,1,1,1,1,0,0,21,21
1015,0,0,0,0,0,0,1,1,0,0,21,21
1016,0,0,0,0,0,0,1,1,0,0,21,21
1017,0,0,0,0,0,0,1,1,0,0,21,21
1018,0,0,0,0,0,0,1,1,0,0,21,21
1019,0,0,0,0,0,1,1,1,0,0,21,21
1020,0,0,0,0,0,1,1,1,0,0,21,21
1021,0,0,0,0,0,0,1,1,0,0,21,21
1022,0,0,0,0,0,0,1,1,0,0,21,21
1023,0,0,0,0,0,0,1,1,0,0,21,21
1024,0,0,0,0,0,1,1,1,0,0,21,21
1025,0,0,0,0,0,1,1,1,0,0,21,21
1026,0,0,0,0,0,0,1,1,0,0,21,21
1027,0,0,0,0,0,1,1,1,0,0,21,21
1028,0,0,0,0,0,1,1,1,0,0,21,21
1029,0,0,0,0,0,0,1,1,0,0,21,21
1030,0,0,0,0,0,0,1,1,0,0,21,21
1031,0,0,0,0,0,1,1,1,0,0,21,21
1032,0,0,0,0,0,0,1,1,0,0,21,21
1033,0,0,0,0,0,0,1,1,0,0,21,21
1034,0,0,0,0,0,0,1,1,0,0,21,21
1035,0,0,0,0,0,0,1,1,0,0,21,21
1036,0,0,0,0,0,0,1,1,0,0,21,21
1037,0,0,0,0,0,0,1,1,0,0,21,21
1038,0,0,0,0,0,0,1,1,0,0,21,21
1039,0,0,0,0,0,0,1,1,0,0,21,21
1040,0,0,0,0,0,0,1,1,0,0,21,21
1041,0,0,0,0,0,1,1,1,0,0,21,21
1042,0,0,0,0,1,1,1,1,0,0,21,21
1043,0,0,0,0,0,1,1,1,0,0,21,21
1044,0,0,0,0,0,0,1,1,0,0,21,21
1045,0,0,0,0,0,1,1,1,0,0,21,21
1046,0,0,0,0,0,0,1,1,0,0,21,21
1047,0,1,0,1,0,1,1,1,0,1,21,1
1048,0,0,0,0,0,0,1,1,0,0,21,21
1049,0,0,0,0,0,1,1,1,0,0,21,21
1050,0,0,0,0,0,1,1,1,0,0,21,21
1051,0,0,0,0,0,1,1,1,0,0,21,21
1052,0,0,0,0,0,1,1,1,0,0,21,21
1053,0,0,0,0,0,0,1,1,0,0,21,21
1054,0,0,0,0,0,1,1,1,0,0,21,21
1055,0,0,0,0,0,1,1,1,0,0,21,21
1056,0,0,0,0,0,1,1,1,0,0,21,21
1057,0,0,0,0,0,1,1,1,0,0,21,21
1058,0,0,0,0,0,0,1,1,0,0,21,21
1059,0,0,0,0,0,1,0,1,0,0,21,21
1060,0,0,0,0,0,0,1,1,0,0,21,21
1061,0,1,0,1,0,1,1,1,0,0,21,4
1062,0,0,0,0,0,0,1,1,0,0,21,21
1063,0,0,0,0,0,0,1,1,0,0,21,21
1064,0,0,0,0,0,1,1,1,0,0,21,21
1065,0,0,0,0,0,1,1,1,0,0,21,21
1066,0,0,0,0,0,1,1,1,0,0,21,21
1067,0,0,0,0,0,0,1,1,0,0,21,21
1068,0,0,0,0,0,1,1,1,0,0,21,21
1069,0,0,0,0,0,0,1,1,0,0,21,21
1070,0,0,0,0,0,0,1,1,0,0,21,21
1071,0,0,0,0,0,0,1,1,0,0,21,21
1072,0,0,0,0,0,1,1,1,0,0,21,21
1073,0,0,0,0,0,0,1,1,0,0,21,21
1074,0,0,0,0,0,0,1,1,0,0,21,21
1075,0,0,0,0,0,1,1,1,0,0,21,21
1076,0,0,0,0,0,1,1,1,0,0,21,21
1077,0,0,0,0,0,0,1,1,0,0,21,21
1078,0,1,0,1,0,1,1,1,0,0,21,19
1079,0,0,0,0,0,1,1,1,0,0,21,21
1080,0,0,0,0,0,0,1,1,0,0,21,21
1081,0,1,0,1,0,1,1,1,0,0,21,5
1082,0,0,0,0,0,0,1,1,0,0,21,21
1083,0,0,0,0,0,0,1,1,0,0,21,21
1084,0,0,0,0,0,0,1,1,0,0,21,21
1085,0,0,0,0,0,0,1,1,0,0,21,21
1086,0,0,0,0,0,0,1,1,0,0,21,21
1087,0,0,0,0,0,1,1,1,0,0,21,21
1088,0,0,0,0,0,1,1,1,0,0,21,21
1089,0,0,0,0,0,1,1,1,0,0,21,21
1090,0,1,0,1,0,1,1,1,0,1,21,1
1091,0,0,0,0,0,1,1,1,0,0,21,21
1092,0,0,0,0,0,1,1,1,0,0,21,21
1093,0,0,0,0,0,1,1,1,0,0,21,21
1094,0,0,0,0,0,0,1,1,0,0,21,21
1095,0,0,0,0,0,1,1,1,0,0,21,21
1096,0,0,0,0,0,0,1,1,0,0,21,21
1097,0,1,0,1,0,1,1,1,0,1,21,1
1098,0,0,0,0,0,1,1,1,0,0,21,21
1099,0,0,0,0,0,0,1,1,0,0,21,21
1100,0,1,0,1,0,1,1,1,0,1,21,1
1101,0,0,0,0,0,1,1,1,0,0,21,21
1102,0,0,0,0,0,1,1,1,0,0,21,21
1103,0,0,0,0,0,0,1,1,0,0,21,21
1104,0,0,0,0,0,1,1,1,0,0,21,21
1105,0,0,0,0,1,0,1,1,0,0,21,21
1106,0,0,0,0,0,1,1,1,0,0,21,21
1107,0,0,0,0,0,0,1,1,0,0,21,21
1108,0,0,0,0,0,0,1,1,0,0,21,21
1109,0,0,0,0,0,0,1,1,0,0,21,21
1110,0,0,0,0,0,0,1,1,0,0,21,21
1111,0,0,0,0,0,0,1,1,0,0,21,21
1112,0,0,0,0,0,1,1,1,0,0,21,21
1113,0,1,0,1,0,1,1,1,0,1,21,1
1114,0,0,0,0,0,0,1,1,0,0,21,21
1115,0,0,0,0,0,0,1,1,0,0,21,21
1116,0,0,0,0,0,1,1,1,0,0,21,21
1117,0,0,0,0,0,1,1,1,0,0,21,21
1118,0,0,0,0,0,0,1,1,0,0,21,21
1119,0,0,0,0,0,1,1,1,0,0,21,21
1120,0,0,0,0,0,1,1,1,0,0,21,21
1121,0,0,0,0,0,0,1,1,0,0,21,21
1122,0,0,0,0,0,1,1,1,0,0,21,21
1123,0,0,0,0,0,0,1,1,0,0,21,21
1124,0,1,0,1,0,1,1,1,0,0,21,7
1125,0,0,0,0,0,1,1,1,0,0,21,21
1126,0,0,0,0,0,0,1,1,0,0,21,21
1127,0,0,0,0,0,1,1,1,0,0,21,21
1128,0,0,0,0,0,0,1,1,0,0,21,21
1129,0,0,0,0,0,0,1,1,0,0,21,21
1130,0,0,0,0,0,1,1,1,0,0,21,21
1131,0,0,0,0,0,0,1,1,0,0,21,21
1132,0,0,0,0,0,0,1,1,0,0,21,21
1133,0,1,0,1,0,1,1,1,0,1,21,1
1134,0,1,0,1,0,1,1,1,0,0,21,4
1135,0,1,0,1,0,1,1,1,0,0,21,20
1136,0,0,0,0,0,1,1,1,0,0,21,21
1137,0,0,0,0,0,0,1,1,0,0,21,21
1138,0,0,0,0,0,1,1,1,0,0,21,21
1139,0,0,0,0,0,0,1,1,0,0,21,21
1140,0,0,0,0,0,0,1,1,0,0,21,21
1141,0,0,0,0,0,1,1,1,0,0,21,21
1142,0,0,0,0,0,0,1,1,0,0,21,21
1143,0,0,0,0,0,1,1,1,0,0,21,21
1144,0,0,0,0,0,1,1,1,0,0,21,21
1145,0,0,0,0,0,1,1,1,0,0,21,21
1146,0,0,0,0,0,0,1,1,0,0,21,21
1147,0,0,0,0,0,1,1,1,0,0,21,21
1148,0,1,0,1,0,1,1,1,0,0,21,3
1149,0,0,0,0,0,1,1,1,0,0,21,21
1150,0,0,0,0,0,0,1,1,0,0,21,21
1151,0,0,0,0,0,1,1,1,0,0,21,21
1152,0,0,0,0,0,0,1,1,0,0,21,21
1153,0,0,0,0,0,1,1,1,0,0,21,21
1154,0,0,0,0,0,0,1,1,0,0,21,21
1155,0,1,0,1,0,1,1,1,0,0,21,9
1156,0,1,0,1,0,1,1,1,0,0,21,2
1157,0,0,0,0,0,1,1,1,0,0,21,21
1158,0,0,0,0,0,0,1,1,0,0,21,21
1159,0,1,0,1,0,1,1,1,0,0,21,5
1160,0,0,0,0,0,0,1,1,0,0,21,21
1161,0,1,0,1,0,1,1,1,0,1,21,1
1162,0,0,0,0,0,0,1,1,0,0,21,21
1163,0,0,0,0,0,1,1,1,0,0,21,21
1164,0,0,0,0,0,0,1,1,0,0,21,21
1165,0,0,0,0,0,0,1,1,0,0,21,21
1166,0,1,0,1,0,1,1,1,0,0,21,2
1167,0,0,0,0,0,1,1,1,0,0,21,21
1168,0,0,0,0,1,1,1,1,0,0,21,21
1169,0,0,0,0,0,1,1,1,0,0,21,21
1170,0,0,0,0,0,0,1,1,0,0,21,21
1171,0,0,0,0,0,0,1,1,0,0,21,21
1172,0,0,0,0,0,1,1,1,0,0,21,21
1173,0,0,0,0,0,0,1,1,0,0,21,21
1174,0,0,0,0,0,0,1,1,0,0,21,21
1175,0,0,0,0,0,1,1,1,0,0,21,21
1176,0,0,0,0,0,1,1,1,0,0,21,21
1177,0,0,0,0,0,0,1,1,0,0,21,21
1178,0,1,0,1,0,1,1,1,0,1,21,1
1179,0,0,0,0,0,1,1,1,0,0,21,21
1180,0,0,0,0,0,1,1,1,0,0,21,21
1181,0,0,0,0,0,1,1,1,0,0,21,21
1182,0,0,0,0,0,0,1,1,0,0,21,21
1183,0,0,0,0,0,0,1,1,0,0,21,21
1184,0,0,0,0,0,1,1,1,0,0,21,21
1185,0,0,0,0,0,1,1,1,0,0,21,21
1186,0,0,0,0,0,0,1,1,0,0,21,21
1187,0,0,0,0,0,1,1,1,0,0,21,21
1188,0,0,0,0,0,1,1,1,0,0,21,21
1189,0,0,0,0,0,0,1,1,0,0,21,21
1190,0,0,0,0,0,1,1,1,0,0,21,21
1191,0,0,0,0,0,1,1,1,0,0,21,21
1192,0,0,0,0,0,1,1,1,0,0,21,21
1193,0,0,0,0,0,0,1,1,0,0,21,21
1194,0,0,0,0,0,0,1,1,0,0,21,21
1195,0,0,0,0,1,0,1,1,0,0,21,21
1196,0,0,0,0,0,1,1,1,0,0,21,21
1197,0,0,0,0,0,0,1,1,0,0,21,21
1198,0,0,0,0,0,0,1,1,0,0,21,21
1199,0,0,0,0,0,0,1,1,0,0,21,21
1200,0,0,0,0,0,1,1,1,0,0,21,21
1201,0,0,0,0,0,0,1,1,0,0,21,21
1202,0,0,0,0,0,1,1,1,0,0,21,21
1203,0,0,0,0,0,1,1,1,0,0,21,21
1204,0,0,0,0,0,0,1,1,0,0,21,21
1205,0,0,0,0,0,0,1,1,0,0,21,21
1206,0,0,0,0,0,0,1,1,0,0,21,21
1207,0,0,0,0,0,1,1,1,0,0,21,21
1208,0,0,0,0,0,1,1,1,0,0,21,21
1209,0,0,0,0,0,1,1,1,0,0,21,21
1210,0,1,0,1,0,1,1,1,0,0,21,17
1211,0,0,0,0,0,1,1,1,0,0,21,21
1212,0,0,0,0,0,0,1,1,0,0,21,21
1213,0,0,0,0,0,0,1,1,0,0,21,21
1214,0,0,0,0,0,1,1,1,0,0,21,21
1215,0,0,0,0,0,1,1,1,0,0,21,21
1216,0,0,0,0,0,0,1,1,0,0,21,21
1217,0,0,0,0,0,1,1,1,0,0,21,21
1218,0,0,0,0,0,0,1,1,0,0,21,21
1219,0,0,0,0,0,1,1,1,0,0,21,21
1220,0,0,0,0,0,1,1,1,0,0,21,21
1221,0,0,0,0,0,1,1,1,0,0,21,21
1222,0,0,0,0,0,0,1,1,0,0,21,21
1223,0,0,0,0,0,1,1,1,0,0,21,21
1224,0,1,0,1,0,1,1,1,0,1,21,1
1225,0,0,0,0,0,0,1,1,0,0,21,21
1226,0,0,0,0,0,1,1,1,0,0,21,21
1227,0,0,0,0,0,1,1,1,0,0,21,21
1228,0,0,0,0,0,0,1,1,0,0,21,21
1229,0,0,0,0,0,0,1,1,0,0,21,21
1230,0,0,0,0,0,0,1,1,0,0,21,21
1231,0,0,0,0,0,1,1,1,0,0,21,21
1232,0,0,0,0,0,0,1,1,0,0,21,21
1233,0,0,0,0,0,1,1,1,0,0,21,21
1234,0,1,0,1,0,1,1,1,0,1,21,1
1235,0,0,0,0,0,0,1,1,0,0,21,21
1236,0,0,0,0,0,1,1,1,0,0,21,21
1237,0,0,0,0,0,1,1,1,0,0,21,21
1238,0,0,0,0,0,1,1,1,0,0,21,21
1239,0,0,0,0,0,0,1,1,0,0,21,21
1240,0,1,0,1,0,1,1,1,0,0,21,3
1241,0,0,0,0,0,1,1,1,0,0,21,21
1242,0,0,0,0,0,1,1,1,0,0,21,21
1243,0,0,0,0,0,0,1,1,0,0,21,21
1244,0,0,0,0,0,1,1,1,0,0,21,21
1245,0,0,0,0,0,0,1,1,0,0,21,21
1246,0,0,0,0,0,0,1,1,0,0,21,21
1247,0,1,0,1,0,1,1,1,0,1,21,1
1248,0,0,0,0,0,0,1,1,0,0,21,21
1249,0,0,0,0,0,0,1,1,0,0,21,21
1250,0,1,0,1,0,1,1,1,0,0,21,10
1251,0,0,0,0,0,1,1,1,0,0,21,21
1252,0,0,0,0,0,1,1,1,0,0,21,21
1253,0,0,0,0,0,0,1,1,0,0,21,21
1254,0,0,0,0,0,0,1,1,0,0,21,21
1255,0,0,0,0,0,1,1,1,0,0,21,21
1256,0,1,0,1,0,1,1,1,0,1,21,1
1257,0,0,0,0,0,1,1,1,0,0,21,21
1258,0,1,0,1,0,1,1,1,0,0,21,13
1259,0,0,0,0,0,0,1,1,0,0,21,21
1260,0,0,0,0,0,0,1,1,0,0,21,21
1261,0,0,0,0,0,0,1,1,0,0,21,21
1262,0,0,0,0,0,1,1,1,0,0,21,21
1263,0,0,0,0,0,1,1,1,0,0,21,21
1264,0,0,0,0,0,1,1,1,0,0,21,21
1265,0,0,0,0,0,0,1,1,0,0,21,21
1266,0,0,0,0,1,0,1,1,0,0,21,21
1267,0,0,0,0,0,0,1,1,0,0,21,21
1268,0,0,0,0,0,1,1,1,0,0,21,21
1269,0,1,0,1,0,1,1,1,0,1,21,1
1270,0,0,0,0,0,0,1,1,0,0,21,21
1271,0,0,0,0,0,1,1,1,0,0,21,21
1272,0,0,0,0,0,1,1,1,0,0,21,21
1273,0,0,0,0,0,0,1,1,0,0,21,21
1274,0,0,0,0,0,1,1,1,0,0,21,21
1275,0,0,0,0,0,1,1,1,0,0,21,21
1276,0,0,0,0,0,0,1,1,0,0,21,21
1277,0,0,0,0,0,0,1,1,0,0,21,21
1278,0,0,0,0,0,1,1,1,0,0,21,21
1279,0,0,0,0,0,0,1,1,0,0,21,21
1280,0,1,0,1,0,1,1,1,0,0,21,13
1281,0,0,0,0,0,0,1,1,0,0,21,21
1282,0,0,0,0,0,0,1,1,0,0,21,21
1283,0,0,0,0,0,1,1,1,0,0,21,21
1284,0,0,0,0,1,0,1,1,0,0,21,21
1285,0,0,0,0,0,0,1,1,0,0,21,21
1286,0,0,0,0,0,0,1,1,0,0,21,21
1287,0,0,0,0,0,1,1,1,0,0,21,21
1288,0,0,0,0,0,0,1,1,0,0,21,21
1289,0,0,0,0,0,0,1,1,0,0,21,21
1290,0,0,0,0,0,1,1,1,0,0,21,21
1291,0,0,0,0,0,1,1,1,0,0,21,21
1292,0,0,0,0,0,0,1,1,0,0,21,21
1293,0,0,0,0,0,1,1,1,0,0,21,21
1294,0,0,0,0,0,1,1,1,0,0,21,21
1295,0,0,0,0,1,0,1,1,0,0,21,21
1296,0,0,0,0,0,0,1,1,0,0,21,21
1297,0,1,0,1,0,1,1,1,0,0,21,15
1298,0,0,0,0,0,1,1,1,0,0,21,21
1299,0,0,0,0,0,1,1,1,0,0,21,21
1300,0,0,0,0,0,1,1,1,0,0,21,21
1301,0,0,0,0,0,1,1,1,0,0,21,21
1302,0,0,0,0,0,1,1,1,0,0,21,21
1303,0,0,0,0,0,0,1,1,0,0,21,21
1304,0,0,0,0,0,1,1,1,0,0,21,21
1305,0,0,0,0,0,0,1,1,0,0,21,21
1306,0,0,0,0,0,0,1,1,0,0,21,21
1307,0,0,0,0,0,0,1,1,0,0,21,21
1308,0,1,0,1,0,1,1,1,0,0,21,13
1309,0,1,0,1,0,1,1,1,0,0,21,7
1310,0,0,0,0,0,1,1,1,0,0,21,21
1311,0,1,0,1,0,1,1,1,0,1,21,1
1312,0,0,0,0,0,1,1,1,0,0,21,21
1313,0,0,0,0,0,1,1,1,0,0,21,21
1314,0,0,0,0,0,0,1,1,0,0,21,21
1315,0,0,0,0,0,0,1,1,0,0,21,21
1316,0,0,0,0,0,1,1,1,0,0,21,21
1317,0,0,0,0,0,0,1,1,0,0,21,21
1318,0,0,0,0,0,0,1,1,0,0,21,21
1319,0,0,0,0,0,1,1,1,0,0,21,21
1320,0,0,0,0,0,0,1,1,0,0,21,21
1321,0,0,0,0,0,1,1,1,0,0,21,21
1322,0,0,0,0,0,0,1,1,0,0,21,21
1323,0,0,0,0,0,0,1,1,0,0,21,21
1324,0,0,0,0,0,1,1,1,0,0,21,21
1325,0,0,0,0,0,0,1,1,0,0,21,21
1326,0,1,0,1,0,1,1,1,0,0,21,7
1327,0,0,0,0,0,1,1,1,0,0,21,21
1328,0,0,0,0,0,0,1,1,0,0,21,21
1329,0,0,0,0,0,0,1,1,0,0,21,21
1330,0,0,0,0,0,0,1,1,0,0,21,21
1331,0,0,0,0,0,0,1,1,0,0,21,21
1332,0,0,0,0,0,1,1,1,0,0,21,21
1333,0,0,0,0,0,0,1,1,0,0,21,21
1334,0,0,0,0,0,1,1,1,0,0,21,21
1335,0,0,0,0,0,1,1,1,0,0,21,21
1336,0,0,0,0,0,1,1,1,0,0,21,21
1337,0,0,0,0,0,0,1,1,0,0,21,21
1338,0,0,0,0,0,0,1,1,0,0,21,21
1339,0,0,0,0,0,1,1,1,0,0,21,21
1340,0,0,0,0,0,0,1,1,0,0,21,21
1341,0,0,0,0,0,1,1,1,0,0,21,21
1342,0,0,0,0,0,0,1,1,0,0,21,21
1343,0,0,0,0,0,0,1,1,0,0,21,21
1344,0,0,0,0,0,0,1,1,0,0,21,21
1345,0,0,0,0,0,1,1,1,0,0,21,21
1346,0,0,0,0,0,1,1,1,0,0,21,21
1347,0,0,0,0,0,1,1,1,0,0,21,21
1348,0,0,0,0,0,0,1,1,0,0,21,21
1349,0,0,0,0,0,0,1,1,0,0,21,21
1350,0,0,0,0,0,0,1,1,0,0,21,21
1351,0,0,0,0,0,0,1,1,0,0,21,21
1352,0,0,0,0,0,0,1,1,0,0,21,21
1353,0,0,0,0,0,0,1,1,0,0,21,21
1354,0,0,0,0,0,0,1,1,0,0,21,21
1355,0,0,0,0,0,1,1,1,0,0,21,21
1356,0,1,0,1,0,1,1,1,0,0,21,15
1357,0,0,0,0,0,0,1,1,0,0,21,21
1358,0,0,0,0,0,1,1,1,0,0,21,21
1359,0,0,0,0,0,0,1,1,0,0,21,21
1360,0,0,0,0,0,0,1,1,0,0,21,21
1361,0,0,0,0,0,0,1,1,0,0,21,21
1362,0,0,0,0,0,1,1,1,0,0,21,21
1363,0,0,0,0,0,1,1,1,0,0,21,21
1364,0,0,0,0,0,0,1,1,0,0,21,21
1365,0,0,0,0,0,0,1,1,0,0,21,21
1366,0,0,0,0,0,0,1,1,0,0,21,21
1367,0,0,0,0,0,0,1,1,0,0,21,21
1368,0,0,0,0,0,1,1,1,0,0,21,21
1369,0,1,0,1,0,1,1,1,0,0,21,6
1370,0,0,0,0,0,0,1,1,0,0,21,21
1371,0,0,0,0,0,0,1,1,0,0,21,21
1372,0,0,0,0,0,0,1,1,0,0,21,21
1373,0,0,0,0,0,0,1,1,0,0,21,21
1374,0,0,0,0,0,1,1,1,0,0,21,21
1375,0,0,0,0,0,0,1,1,0,0,21,21
1376,0,0,0,0,0,1,1,1,0,0,21,21
1377,0,1,0,1,0,1,1,1,0,1,21,1
1378,0,0,0,0,0,0,1,1,0,0,21,21
1379,0,0,0,0,0,0,1,1,0,0,21,21
1380,0,0,0,0,0,1,1,1,0,0,21,21
1381,0,0,0,0,0,1,1,1,0,0,21,21
1382,0,0,0,0,0,0,1,1,0,0,21,21
1383,0,0,0,0,0,0,1,1,0,0,21,21
1384,0,0,0,0,0,1,1,1,0,0,21,21
1385,0,0,0,0,0,1,1,1,0,0,21,21
1386,0,0,0,0,0,1,1,1,0,0,21,21
1387,0,0,0,0,0,0,1,1,0,0,21,21
1388,0,0,0,0,0,0,1,1,0,0,21,21
1389,0,0,0,0,0,0,1,1,0,0,21,21
1390,0,0,0,0,0,0,1,1,0,0,21,21
1391,0,0,0,0,0,0,1,1,0,0,21,21
1392,0,0,0,0,0,0,1,1,0,0,21,21
1393,0,0,0,0,0,0,1,1,0,0,21,21
1394,0,0,0,0,0,1,1,1,0,0,21,21
1395,0,0,0,0,0,0,1,1,0,0,21,21
1396,0,0,0,0,0,0,1,1,0,0,21,21
1397,0,0,0,0,0,1,1,1,0,0,21,21
1398,0,0,0,0,0,0,1,1,0,0,21,21
1399,0,0,0,0,0,0,1,1,0,0,21,21
1400,0,0,0,0,0,0,1,1,0,0,21,21
1401,0,1,0,1,0,1,1,1,0,0,21,7
1402,0,0,0,0,0,0,1,1,0,0,21,21
1403,0,0,0,0,0,0,1,1,0,0,21,21
1404,0,0,0,0,0,0,1,1,0,0,21,21
1405,0,0,0,0,0,1,1,1,0,0,21,21
1406,0,0,0,0,0,0,1,1,0,0,21,21
1407,0,0,0,0,0,1,1,1,0,0,21,21
1408,0,0,0,0,0,0,1,1,0,0,21,21
1409,0,0,0,0,0,0,1,1,0,0,21,21
1410,0,0,0,0,0,0,1,1,0,0,21,21
1411,0,0,0,0,0,1,1,1,0,0,21,21
1412,0,1,0,1,0,1,1,1,0,1,21,1
1413,0,0,0,0,0,0,1,1,0,0,21,21
1414,0,0,0,0,0,0,1,1,0,0,21,21
1415,0,0,0,0,0,0,1,1,0,0,21,21
1416,0,0,0,0,0,1,1,1,0,0,21,21
1417,0,0,0,0,0,1,1,1,0,0,21,21
1418,0,0,0,0,0,1,1,1,0,0,21,21
1419,0,0,0,0,0,0,1,1,0,0,21,21
1420,0,0,0,0,0,1,1,1,0,0,21,21
1421,0,0,0,0,0,0,1,1,0,0,21,21
1422,0,0,0,0,0,0,1,1,0,0,21,21
1423,0,0,0,0,0,0,1,1,0,0,21,21
1424,0,0,0,0,0,1,1,1,0,0,21,21
1425,0,0,0,0,0,1,1,1,0,0,21,21
1426,0,0,0,0,0,1,1,1,0,0,21,21
1427,0,0,0,0,0,1,1,1,0,0,21,21
1428,0,0,0,0,0,1,1,1,0,0,21,21
1429,0,0,0,0,0,1,1,1,0,0,21,21
1430,0,0,0,0,1,0,1,1,0,0,21,21
1431,0,0,0,0,0,0,1,1,0,0,21,21
1432,0,0,0,0,0,1,1,1,0,0,21,21
1433,0,0,0,0,0,1,1,1,0,0,21,21
1434,0,0,0,0,0,0,1,1,0,0,21,21
1435,0,0,0,0,0,0,1,1,0,0,21,21
1436,0,0,0,0,0,0,1,1,0,0,21,21
1437,0,0,0,0,0,1,1,1,0,0,21,21
1438,0,0,0,0,0,0,1,1,0,0,21,21
1439,0,0,0,0,0,1,1,1,0,0,21,21
1440,0,0,0,0,0,1,1,1,0,0,21,21
1441,0,0,0,0,0,1,1,1,0,0,21,21
1442,0,0,0,0,0,0,1,1,0,0,21,21
1443,0,0,0,0,0,1,1,1,0,0,21,21
1444,0,0,0,0,0,0,1,1,0,0,21,21
1445,0,0,0,0,0,1,1,1,0,0,21,21
1446,0,0,0,0,0,1,1,1,0,0,21,21
1447,0,0,0,0,0,0,1,1,0,0,21,21
1448,0,0,0,0,0,0,1,1,0,0,21,21
1449,0,0,0,0,0,0,1,1,0,0,21,21
1450,0,0,0,0,0,0,1,1,0,0,21,21
1451,0,0,0,0,0,1,1,1,0,0,21,21
1452,0,0,0,0,0,0,1,1,0,0,21,21
1453,0,0,0,0,0,1,1,1,0,0,21,21
1454,0,0,0,0,0,1,1,1,0,0,21,21
1455,0,0,0,0,0,1,1,1,0,0,21,21
1456,0,0,0,0,0,0,1,1,0,0,21,21
1457,0,0,0,0,0,0,1,1,0,0,21,21
1458,0,0,0,0,0,1,1,1,0,0,21,21
1459,0,0,0,0,0,0,1,1,0,0,21,21
1460,0,0,0,0,0,1,1,1,0,0,21,21
1461,0,0,0,0,0,0,1,1,0,0,21,21
1462,0,0,0,0,0,0,1,1,0,0,21,21
1463,0,0,0,0,0,1,1,1,0,0,21,21
1464,0,0,0,0,0,1,1,1,0,0,21,21
1465,0,0,0,0,0,1,1,1,0,0,21,21
1466,0,0,0,0,0,0,1,1,0,0,21,21
1467,0,0,0,0,0,0,1,1,0,0,21,21
1468,0,0,0,0,0,0,1,1,0,0,21,21
1469,0,1,0,1,0,1,1,1,0,1,21,1
1470,0,1,0,1,0,1,1,1,0,0,21,11
1471,0,0,0,0,1,1,1,1,0,0,21,21
1472,0,0,0,0,0,1,1,1,0,0,21,21
1473,0,0,0,0,0,0,1,1,0,0,21,21
1474,0,0,0,0,0,1,1,1,0,0,21,21
1475,0,0,0,0,0,0,1,1,0,0,21,21
1476,0,0,0,0,0,0,1,1,0,0,21,21
1477,0,0,0,0,0,0,1,1,0,0,21,21
1478,0,0,0,0,0,0,1,1,0,0,21,21
1479,0,0,0,0,0,0,1,1,0,0,21,21
1480,0,0,0,0,0,0,1,1,0,0,21,21
1481,0,0,0,0,0,0,1,1,0,0,21,21
1482,0,0,0,0,0,0,1,1,0,0,21,21
1483,0,0,0,0,0,0,1,1,0,0,21,21
1484,0,0,0,0,0,1,1,1,0,0,21,21
1485,0,0,0,0,0,1,1,1,0,0,21,21
1486,0,0,0,0,0,0,1,1,0,0,21,21
1487,0,0,0,0,0,0,1,1,0,0,21,21
1488,0,0,0,0,0,0,1,1,0,0,21,21
1489,0,0,0,0,0,1,1,1,0,0,21,21
1490,0,0,0,0,0,1,1,1,0,0,21,21
1491,0,0,0,0,0,1,1,1,0,0,21,21
1492,0,0,0,0,0,0,1,1,0,0,21,21
1493,0,0,0,0,0,1,1,1,0,0,21,21
1494,0,0,0,0,0,0,1,1,0,0,21,21
1495,0,0,0,0,0,1,1,1,0,0,21,21
1496,0,0,0,0,0,0,1,1,0,0,21,21
1497,0,0,0,0,1,1,1,1,0,0,21,21
1498,0,0,0,0,0,0,1,1,0,0,21,21
1499,0,1,0,1,0,1,1,1,0,0,21,2
1500,0,0,0,0,0,0,1,1,0,0,21,21
1501,0,0,0,0,0,0,1,1,0,0,21,21
1502,0,0,0,0,0,1,1,1,0,0,21,21
1503,0,0,0,0,0,0,1,1,0,0,21,21
1504,0,0,0,0,0,1,1,1,0,0,21,21
1505,0,0,0,0,0,1,1,1,0,0,21,21
1506,0,0,0,0,0,0,1,1,0,0,21,21
1507,0,0,0,0,0,0,1,1,0,0,21,21
1508,0,0,0,0,0,0,1,1,0,0,21,21
1509,0,0,0,0,0,1,1,1,0,0,21,21
1510,0,0,0,0,0,1,1,1,0,0,21,21
1511,0,0,0,0,0,1,1,1,0,0,21,21
1512,0,0,0,0,0,0,1,1,0,0,21,21
1513,0,0,0,0,0,1,1,1,0,0,21,21
1514,0,0,0,0,0,1,1,1,0,0,21,21
1515,0,0,0,0,0,1,1,1,0,0,21,21
1516,0,0,0,0,0,1,1,1,0,0,21,21
1517,0,0,0,0,0,1,1,1,0,0,21,21
1518,0,0,0,0,0,0,1,1,0,0,21,21
1519,0,0,0,0,0,1,1,1,0,0,21,21
1520,0,0,0,0,0,1,1,1,0,0,21,21
1521,0,0,0,0,0,0,1,1,0,0,21,21
1522,0,0,0,0,0,1,1,1,0,0,21,21
1523,0,0,0,0,0,0,1,1,0,0,21,21
1524,0,0,0,0,0,0,1,1,0,0,21,21
1525,0,0,0,0,0,1,1,1,0,0,21,21
1526,0,0,0,0,0,1,1,1,0,0,21,21
1527,0,0,0,0,0,1,1,1,0,0,21,21
1528,0,0,0,0,0,1,1,1,0,0,21,21
1529,0,0,0,0,0,0,1,1,0,0,21,21
1530,0,0,0,0,0,0,1,1,0,0,21,21
1531,0,0,0,0,0,1,1,1,0,0,21,21
1532,0,0,0,0,0,0,1,1,0,0,21,21
1533,0,0,0,0,0,1,1,1,0,0,21,21
1534,0,0,0,0,0,0,1,1,0,0,21,21
1535,0,0,0,0,0,0,1,1,0,0,21,21
1536,0,0,0,0,0,0,1,1,0,0,21,21
1537,0,0,0,0,0,1,1,1,0,0,21,21
1538,0,0,0,0,0,1,1,1,0,0,21,21
1539,0,0,0,0,0,1,1,1,0,0,21,21
1540,0,0,0,0,0,1,1,1,0,0,21,21
1541,0,0,0,0,0,0,1,1,0,0,21,21
1542,0,0,0,0,0,1,1,1,0,0,21,21
1543,0,0,0,0,0,1,1,1,0,0,21,21
1544,0,0,0,0,0,0,1,1,0,0,21,21
1545,0,0,0,0,0,0,1,1,0,0,21,21
1546,0,0,0,0,0,1,1,1,0,0,21,21
1547,0,0,0,0,0,0,1,1,0,0,21,21
1548,0,0,0,0,0,0,1,1,0,0,21,21
1549,0,0,0,0,0,0,1,1,0,0,21,21
1550,0,0,0,0,0,1,1,1,0,0,21,21
1551,0,0,0,0,0,0,1,1,0,0,21,21
1552,0,0,0,0,1,0,1,1,0,0,21,21
1553,0,0,0,0,0,1,1,1,0,0,21,21
1554,0,0,0,0,0,0,1,1,0,0,21,21
1555,0,0,0,0,0,1,1,1,0,0,21,21
1556,0,0,0,0,0,1,1,1,0,0,21,21
1557,0,0,0,0,0,1,1,1,0,0,21,21
1558,0,0,0,0,0,1,1,1,0,0,21,21
1559,0,0,0,0,0,0,1,1,0,0,21,21
1560,0,0,0,0,0,0,1,1,0,0,21,21
1561,0,0,0,0,0,0,1,1,0,0,21,21
1562,0,0,0,0,0,1,1,1,0,0,21,21
1563,0,0,0,0,0,1,1,1,0,0,21,21
1564,0,0,0,0,0,0,1,1,0,0,21,21
1565,0,1,0,1,0,1,1,1,0,0,21,3
1566,0,0,0,0,0,1,1,1,0,0,21,21
1567,0,0,0,0,0,1,1,1,0,0,21,21
1568,0,1,0,1,0,1,1,1,0,1,21,1
1569,0,1,0,1,0,1,1,1,0,0,21,13
1570,0,0,0,0,0,0,1,1,0,0,21,21
1571,0,0,0,0,0,1,1,1,0,0,21,21
1572,0,0,0,0,0,1,1,1,0,0,21,21
1573,0,1,0,1,0,1,1,1,0,0,21,5
1574,0,0,0,0,0,0,1,1,0,0,21,21
1575,0,0,0,0,0,0,1,1,0,0,21,21
1576,0,0,0,0,0,1,1,1,0,0,21,21
1577,0,0,0,0,0,1,1,1,0,0,21,21
1578,0,0,0,0,0,0,1,1,0,0,21,21
1579,0,0,0,0,0,0,1,1,0,0,21,21
1580,0,0,0,0,0,1,1,1,0,0,21,21
1581,0,1,0,1,0,1,1,1,0,1,21,1
1582,0,0,0,0,0,0,1,1,0,0,21,21
1583,0,0,0,0,0,0,1,1,0,0,21,21
1584,0,0,0,0,0,1,1,1,0,0,21,21
1585,0,0,0,0,0,1,1,1,0,0,21,21
1586,0,0,0,0,0,1,1,1,0,0,21,21
1587,0,0,0,0,0,0,1,1,0,0,21,21
1588,0,0,0,0,0,0,1,1,0,0,21,21
1589,0,0,0,0,0,0,1,1,0,0,21,21
1590,0,0,0,0,0,1,1,1,0,0,21,21
1591,0,1,0,1,0,1,1,1,0,0,21,12
1592,0,0,0,0,0,0,1,1,0,0,21,21
1593,0,1,0,1,0,1,1,1,0,1,21,1
1594,0,0,0,0,0,0,1,1,0,0,21,21
1595,0,0,0,0,0,1,1,1,0,0,21,21
1596,0,0,0,0,0,1,1,1,0,0,21,21
1597,0,0,0,0,0,0,1,1,0,0,21,21
1598,0,0,0,0,0,1,1,1,0,0,21,21
1599,0,0,0,0,0,0,1,1,0,0,21,21
1600,0,0,0,0,0,1,1,1,0,0,21,21
1601,0,0,0,0,0,0,1,1,0,0,21,21
1602,0,0,0,0,0,0,1,1,0,0,21,21
1603,0,0,0,0,0,0,1,1,0,0,21,21
1604,0,1,0,1,0,1,1,1,0,0,21,5
1605,0,0,0,0,0,0,1,1,0,0,21,21
1606,0,0,0,0,0,1,1,1,0,0,21,21
1607,0,0,0,0,0,0,1,1,0,0,21,21
1608,0,1,0,1,0,1,1,1,0,0,21,10
1609,0,0,0,0,0,0,1,1,0,0,21,21
1610,0,0,0,0,0,0,1,1,0,0,21,21
1611,0,0,0,0,1,0,1,1,0,0,21,21
1612,0,0,0,0,0,1,1,1,0,0,21,21
1613,0,0,0,0,0,1,1,1,0,0,21,21
1614,0,0,0,0,0,0,1,1,0,0,21,21
1615,0,0,0,0,0,0,1,1,0,0,21,21
1616,0,0,0,0,0,0,1,1,0,0,21,21
1617,0,0,0,0,0,1,1,1,0,0,21,21
1618,0,0,0,0,0,0,1,1,0,0,21,21
1619,0,0,0,0,0,0,1,1,0,0,21,21
1620,0,0,0,0,0,0,1,1,0,0,21,21
1621,0,0,0,0,0,0,1,1,0,0,21,21
1622,0,0,0,0,0,1,1,1,0,0,21,21
1623,0,0,0,0,0,0,1,1,0,0,21,21
1624,0,0,0,0,0,0,1,1,0,0,21,21
1625,0,0,0,0,0,1,1,1,0,0,21,21
1626,0,0,0,0,0,0,1,1,0,0,21,21
1627,0,0,0,0,0,0,1,1,0,0,21,21
1628,0,0,0,0,0,1,1,1,0,0,21,21
1629,0,0,0,0,0,1,1,1,0,0,21,21
1630,0,0,0,0,0,1,1,1,0,0,21,21
1631,0,0,0,0,0,1,1,1,0,0,21,21
1632,0,0,0,0,0,0,1,1,0,0,21,21
1633,0,0,0,0,0,1,1,1,0,0,21,21
1634,0,0,0,0,0,0,1,1,0,0,21,21
1635,0,0,0,0,0,0,1,1,0,0,21,21
1636,0,0,0,0,0,0,1,1,0,0,21,21
1637,0,0,0,0,0,0,1,1,0,0,21,21
1638,0,0,0,0,0,1,1,1,0,0,21,21
1639,0,0,0,0,0,0,1,1,0,0,21,21
1640,0,0,0,0,0,1,1,1,0,0,21,21
1641,0,0,0,0,0,0,1,1,0,0,21,21
1642,0,0,0,0,0,0,1,1,0,0,21,21
1643,0,0,0,0,0,1,1,1,0,0,21,21
1644,0,1,0,1,0,1,1,1,0,0,21,13
1645,0,0,0,0,0,1,1,1,0,0,21,21
1646,0,0,0,0,0,0,1,1,0,0,21,21
1647,0,0,0,0,0,0,1,1,0,0,21,21
1648,0,0,0,0,0,0,1,1,0,0,21,21
1649,0,0,0,0,0,0,1,1,0,0,21,21
1650,0,0,0,0,0,0,1,1,0,0,21,21
1651,0,0,0,0,0,1,1,1,0,0,21,21
1652,0,0,0,0,0,0,1,1,0,0,21,21
1653,0,0,0,0,0,0,1,1,0,0,21,21
1654,0,1,0,1,0,1,1,1,0,0,21,3
1655,0,1,0,1,0,1,1,1,0,1,21,1
1656,0,1,0,1,0,1,1,1,0,1,21,1
1657,0,0,0,0,0,1,1,1,0,0,21,21
1658,0,0,0,0,1,0,1,1,0,0,21,21
1659,0,0,0,0,0,0,1,1,0,0,21,21
1660,0,0,0,0,0,1,1,1,0,0,21,21
1661,0,0,0,0,0,1,1,1,0,0,21,21
1662,0,1,0,1,0,1,1,1,0,0,21,2
1663,0,0,0,0,0,1,1,1,0,0,21,21
1664,0,0,0,0,0,0,1,1,0,0,21,21
1665,0,1,0,1,0,1,1,1,0,0,21,11
1666,0,0,0,0,0,0,1,1,0,0,21,21
1667,0,0,0,0,0,0,1,1,0,0,21,21
1668,0,0,0,0,0,1,1,1,0,0,21,21
1669,0,0,0,0,0,1,1,1,0,0,21,21
1670,0,1,0,1,0,1,1,1,0,0,21,4
1671,0,0,0,0,0,1,1,1,0,0,21,21
1672,0,1,0,1,0,1,1,1,0,1,21,1
1673,0,0,0,0,0,1,1,1,0,0,21,21
1674,0,0,0,0,0,0,1,1,0,0,21,21
1675,0,0,0,0,0,0,1,1,0,0,21,21
1676,0,0,0,0,0,0,1,1,0,0,21,21
1677,0,0,0,0,0,0,1,1,0,0,21,21
1678,0,0,0,0,0,1,1,1,0,0,21,21
1679,0,0,0,0,0,1,1,1,0,0,21,21
1680,0,0,0,0,0,0,1,1,0,0,21,21
1681,0,0,0,0,0,1,1,1,0,0,21,21
1682,0,0,0,0,0,0,1,1,0,0,21,21
1683,0,0,0,0,0,1,1,1,0,0,21,21
1684,0,0,0,0,0,0,1,1,0,0,21,21
1685,0,0,0,0,0,1,1,1,0,0,21,21
1686,0,0,0,0,0,0,1,1,0,0,21,21
1687,0,0,0,0,0,1,1,1,0,0,21,21
1688,0,1,0,1,0,1,1,1,0,0,21,15
1689,0,0,0,0,0,0,1,1,0,0,21,21
1690,0,0,0,0,0,1,1,1,0,0,21,21
1691,0,0,0,0,0,0,1,1,0,0,21,21
1692,0,0,0,0,0,1,1,1,0,0,21,21
1693,0,0,0,0,0,1,1,1,0,0,21,21
1694,0,0,0,0,0,0,1,1,0,0,21,21
1695,0,0,0,0,0,0,1,1,0,0,21,21
1696,0,0,0,0,0,0,1,1,0,0,21,21
1697,0,0,0,0,0,0,1,1,0,0,21,21
1698,0,0,0,0,0,1,1,1,0,0,21,21
1699,0,0,0,0,0,1,1,1,0,0,21,21
1700,0,0,0,0,0,0,1,1,0,0,21,21
1701,0,1,0,1,0,1,1,1,0,1,21,1
1702,0,0,0,0,0,0,1,1,0,0,21,21
1703,0,0,0,0,0,0,1,1,0,0,21,21
1704,0,0,0,0,0,0,1,1,0,0,21,21
1705,0,0,0,0,0,1,1,1,0,0,21,21
1706,0,0,0,0,0,1,1,1,0,0,21,21
1707,0,0,0,0,0,1,1,1,0,0,21,21
1708,0,0,0,0,0,0,1,1,0,0,21,21
1709,0,0,0,0,0,0,1,1,0,0,21,21
1710,0,0,0,0,0,0,1,1,0,0,21,21
1711,0,0,0,0,0,1,1,1,0,0,21,21
1712,0,0,0,0,0,1,1,1,0,0,21,21
1713,0,0,0,0,0,0,1,1,0,0,21,21
1714,0,0,0,0,0,0,1,1,0,0,21,21
1715,0,0,0,0,0,0,1,1,0,0,21,21
1716,0,0,0,0,0,0,1,1,0,0,21,21
1717,0,0,0,0,0,1,1,1,0,0,21,21
1718,0,0,0,0,0,1,1,1,0,0,21,21
1719,0,0,0,0,0,0,1,1,0,0,21,21
1720,0,0,0,0,0,0,1,1,0,0,21,21
1721,0,0,0,0,0,0,1,1,0,0,21,21
1722,0,1,0,1,0,1,1,1,0,0,21,6
1723,0,0,0,0,0,1,1,1,0,0,21,21
1724,0,0,0,0,0,1,1,1,0,0,21,21
1725,0,1,0,1,0,1,1,1,0,0,21,14
1726,0,0,0,0,0,0,1,1,0,0,21,21
1727,0,0,0,0,0,0,1,1,0,0,21,21
1728,0,0,0,0,0,0,1,1,0,0,21,21
1729,0,0,0,0,0,1,1,1,0,0,21,21
1730,0,0,0,0,0,0,1,1,0,0,21,21
1731,0,0,0,0,0,0,1,1,0,0,21,21
1732,0,0,0,0,0,0,1,1,0,0,21,21
1733,0,0,0,0,0,0,1,1,0,0,21,21
1734,0,0,0,0,0,0,1,1,0,0,21,21
1735,0,0,0,0,0,1,1,1,0,0,21,21
1736,0,0,0,0,0,1,1,1,0,0,21,21
1737,0,0,0,0,0,1,1,1,0,0,21,21
1738,0,0,0,0,0,0,1,1,0,0,21,21
1739,0,0,0,0,0,0,1,1,0,0,21,21
1740,0,0,0,0,0,1,1,1,0,0,21,21
1741,0,0,0,0,0,1,1,1,0,0,21,21
1742,0,0,0,0,0,0,1,1,0,0,21,21
1743,0,0,0,0,0,0,1,1,0,0,21,21
1744,0,0,0,0,0,1,1,1,0,0,21,21
1745,0,1,0,1,0,1,1,1,0,1,21,1
1746,0,0,0,0,0,0,1,1,0,0,21,21
1747,0,0,0,0,0,1,1,1,0,0,21,21
1748,0,0,0,0,0,1,1,1,0,0,21,21
1749,0,0,0,0,0,0,1,1,0,0,21,21
1750,0,0,0,0,0,0,1,1,0,0,21,21
1751,0,0,0,0,0,0,1,1,0,0,21,21
1752,0,0,0,0,0,0,1,1,0,0,21,21
1753,0,0,0,0,0,0,1,1,0,0,21,21
1754,0,0,0,0,0,1,1,1,0,0,21,21
1755,0,0,0,0,0,0,1,1,0,0,21,21
1756,0,0,0,0,0,0,1,1,0,0,21,21
1757,0,0,0,0,0,1,1,1,0,0,21,21
1758,0,0,0,0,0,1,1,1,0,0,21,21
1759,0,0,0,0,0,0,1,1,0,0,21,21
1760,0,1,0,1,0,1,1,1,0,0,21,4
1761,0,0,0,0,0,0,1,1,0,0,21,21
1762,0,0,0,0,0,0,1,1,0,0,21,21
1763,0,0,0,0,0,0,1,1,0,0,21,21
1764,0,0,0,0,0,0,1,1,0,0,21,21
1765,0,0,0,0,0,1,1,1,0,0,21,21
1766,0,0,0,0,1,1,1,1,0,0,21,21
1767,0,0,0,0,0,1,1,1,0,0,21,21
1768,0,0,0,0,0,0,1,1,0,0,21,21
1769,0,0,0,0,0,0,1,1,0,0,21,21
1770,0,0,0,0,0,1,1,1,0,0,21,21
1771,0,1,0,1,0,1,1,1,0,1,21,1
1772,0,0,0,0,0,0,1,1,0,0,21,21
1773,0,0,0,0,0,0,1,1,0,0,21,21
1774,0,0,0,0,0,1,1,1,0,0,21,21
1775,0,0,0,0,0,1,1,1,0,0,21,21
1776,0,0,0,0,0,1,1,1,0,0,21,21
1777,0,0,0,0,0,0,1,1,0,0,21,21
1778,0,0,0,0,0,1,1,1,0,0,21,21
1779,0,1,0,1,0,1,1,1,0,1,21,1
1780,0,0,0,0,0,1,1,1,0,0,21,21
1781,0,0,0,0,0,0,1,1,0,0,21,21
1782,0,0,0,0,0,0,1,1,0,0,21,21
1783,0,0,0,0,0,0,1,1,0,0,21,21
1784,0,0,0,0,0,1,1,1,0,0,21,21
1785,0,0,0,0,0,1,1,1,0,0,21,21
1786,0,0,0,0,0,0,1,1,0,0,21,21
1787,0,0,0,0,0,1,1,1,0,0,21,21
1788,0,0,0,0,0,1,1,1,0,0,21,21
1789,0,0,0,0,0,0,1,1,0,0,21,21
1790,0,0,0,0,0,1,1,1,0,0,21,21
1791,0,0,0,0,0,0,1,1,0,0,21,21
1792,0,0,0,0,0,0,1,1,0,0,21,21
1793,0,0,0,0,0,0,1,1,0,0,21,21
1794,0,0,0,0,0,1,1,1,0,0,21,21
1795,0,0,0,0,0,1,1,1,0,0,21,21
1796,0,0,0,0,1,1,1,1,0,0,21,21
1797,0,0,0,0,0,0,1,1,0,0,21,21
1798,0,0,0,0,0,1,1,1,0,0,21,21
1799,0,0,0,0,0,0,1,1,0,0,21,21
1800,0,0,0,0,0,0,1,1,0,0,21,21
1801,0,0,0,0,0,0,1,1,0,0,21,21
1802,0,0,0,0,0,0,1,1,0,0,21,21
1803,0,0,0,0,0,1,1,1,0,0,21,21
1804,0,1,0,1,0,1,1,1,0,0,21,9
1805,0,0,0,0,0,0,1,1,0,0,21,21
1806,0,0,0,0,0,1,1,1,0,0,21,21
1807,0,0,0,0,0,0,1,1,0,0,21,21
1808,0,0,0,0,0,0,1,1,0,0,21,21
1809,0,0,0,0,0,0,1,1,0,0,21,21
1810,0,0,0,0,0,1,1,1,0,0,21,21
1811,0,0,0,0,0,0,1,1,0,0,21,21
1812,0,0,0,0,0,0,1,1,0,0,21,21
1813,0,0,0,0,0,0,1,1,0,0,21,21
1814,0,0,0,0,0,1,1,1,0,0,21,21
1815,0,0,0,0,0,0,1,1,0,0,21,21
1816,0,1,0,1,0,1,1,1,0,0,21,5
1817,0,0,0,0,0,1,1,1,0,0,21,21
1818,0,0,0,0,0,0,1,1,0,0,21,21
1819,0,0,0,0,0,1,1,1,0,0,21,21
1820,0,0,0,0,0,1,1,1,0,0,21,21
1821,0,0,0,0,0,0,1,1,0,0,21,21
1822,0,0,0,0,0,1,1,1,0,0,21,21
1823,0,0,0,0,0,1,1,1,0,0,21,21
1824,0,0,0,0,0,0,1,1,0,0,21,21
1825,0,0,0,0,0,1,1,1,0,0,21,21
1826,0,0,0,0,0,1,1,1,0,0,21,21
1827,0,0,0,0,0,0,1,1,0,0,21,21
1828,0,0,0,0,0,0,1,1,0,0,21,21
1829,0,0,0,0,0,1,1,1,0,0,21,21
1830,0,0,0,0,0,0,1,1,0,0,21,21
1831,0,0,0,0,0,0,1,1,0,0,21,21
1832,0,0,0,0,0,1,1,1,0,0,21,21
1833,0,0,0,0,0,0,1,1,0,0,21,21
1834,0,0,0,0,0,1,1,1,0,0,21,21
1835,0,1,0,1,0,1,1,1,0,0,21,10
1836,0,0,0,0,0,1,1,1,0,0,21,21
1837,0,0,0,0,0,1,1,1,0,0,21,21
1838,0,0,0,0,0,0,1,1,0,0,21,21
1839,0,0,0,0,0,1,1,1,0,0,21,21
1840,0,0,0,0,0,0,1,1,0,0,21,21
1841,0,0,0,0,0,1,1,1,0,0,21,21
1842,0,0,0,0,0,0,1,1,0,0,21,21
1843,0,0,0,0,0,0,1,1,0,0,21,21
1844,0,0,0,0,0,0,1,1,0,0,21,21
1845,0,0,0,0,0,0,1,1,0,0,21,21
1846,0,0,0,0,0,1,1,1,0,0,21,21
1847,0,0,0,0,0,0,1,1,0,0,21,21
1848,0,0,0,0,0,0,1,1,0,0,21,21
1849,0,0,0,0,0,1,1,1,0,0,21,21
1850,0,1,0,1,0,1,1,1,0,0,21,2
1851,0,0,0,0,0,1,1,1,0,0,21,21
1852,0,0,0,0,0,1,1,1,0,0,21,21
1853,0,0,0,0,0,1,1,1,0,0,21,21
1854,0,0,0,0,0,0,1,1,0,0,21,21
1855,0,0,0,0,0,0,1,1,0,0,21,21
1856,0,0,0,0,0,0,1,1,0,0,21,21
1857,0,0,0,0,0,0,1,1,0,0,21,21
1858,0,0,0,0,0,0,1,1,0,0,21,21
1859,0,0,0,0,0,0,1,1,0,0,21,21
1860,0,0,0,0,0,0,1,1,0,0,21,21
1861,0,0,0,0,0,0,1,1,0,0,21,21
1862,0,0,0,0,0,0,1,1,0,0,21,21
1863,0,0,0,0,0,0,1,1,0,0,21,21
1864,0,0,0,0,0,0,1,1,0,0,21,21
1865,0,0,0,0,0,0,1,1,0,0,21,21
1866,0,0,0,0,1,0,1,1,0,0,21,21
1867,0,0,0,0,0,1,1,1,0,0,21,21
1868,0,0,0,0,0,0,1,1,0,0,21,21
1869,0,0,0,0,0,0,1,1,0,0,21,21
1870,0,0,0,0,0,0,1,1,0,0,21,21
1871,0,0,0,0,0,1,1,1,0,0,21,21
1872,0,0,0,0,0,0,1,1,0,0,21,21
1873,0,1,0,1,0,1,1,1,0,0,21,8
1874,0,0,0,0,0,0,1,1,0,0,21,21
1875,0,0,0,0,0,0,1,1,0,0,21,21
1876,0,0,0,0,0,0,1,1,0,0,21,21
1877,0,0,0,0,0,0,1,1,0,0,21,21
1878,0,0,0,0,0,0,1,1,0,0,21,21
1879,0,0,0,0,0,1,1,1,0,0,21,21
1880,0,1,0,1,0,1,1,1,0,0,21,7
1881,0,0,0,0,0,1,1,1,0,0,21,21
1882,0,0,0,0,0,1,0,1,0,0,21,21
1883,0,0,0,0,0,1,1,1,0,0,21,21
1884,0,0,0,0,0,0,1,1,0,0,21,21
1885,0,0,0,0,0,0,1,1,0,0,21,21
1886,0,0,0,0,0,0,1,1,0,0,21,21
1887,0,0,0,0,0,1,1,1,0,0,21,21
1888,0,1,0,1,0,1,1,1,0,0,21,13
1889,0,0,0,0,0,1,1,1,0,0,21,21
1890,0,0,0,0,0,1,1,1,0,0,21,21
1891,0,0,0,0,0,1,1,1,0,0,21,21
1892,0,0,0,0,0,0,1,1,0,0,21,21
1893,0,0,0,0,0,0,1,1,0,0,21,21
1894,0,0,0,0,1,1,1,1,0,0,21,21
1895,0,1,0,1,0,1,1,1,0,1,21,1
1896,0,0,0,0,0,1,1,1,0,0,21,21
1897,0,0,0,0,0,0,1,1,0,0,21,21
1898,0,0,0,0,0,1,1,1,0,0,21,21
1899,0,0,0,0,0,0,1,1,0,0,21,21
1900,0,0,0,0,0,0,1,1,0,0,21,21
1901,0,0,0,0,0,0,1,1,0,0,21,21
1902,0,0,0,0,0,0,1,1,0,0,21,21
1903,0,0,0,0,0,0,1,1,0,0,21,21
1904,0,0,0,0,0,1,1,1,0,0,21,21
1905,0,0,0,0,0,1,1,1,0,0,21,21
1906,0,0,0,0,0,1,1,1,0,0,21,21
1907,0,0,0,0,0,0,1,1,0,0,21,21
1908,0,0,0,0,0,0,1,1,0,0,21,21
1909,0,0,0,0,0,1,1,1,0,0,21,21
1910,0,0,0,0,0,0,1,1,0,0,21,21
1911,0,1,0,1,0,1,1,1,0,0,21,11
1912,0,0,0,0,0,0,1,1,0,0,21,21
1913,0,0,0,0,0,1,1,1,0,0,21,21
1914,0,0,0,0,0,0,1,1,0,0,21,21
1915,0,0,0,0,1,1,1,1,0,0,21,21
1916,0,0,0,0,0,1,1,1,0,0,21,21
1917,0,0,0,0,0,1,1,1,0,0,21,21
1918,0,0,0,0,0,0,1,1,0,0,21,21
1919,0,0,0,0,0,1,1,1,0,0,21,21
1920,0,0,0,0,0,0,1,1,0,0,21,21
1921,0,0,0,0,0,0,1,1,0,0,21,21
1922,0,0,0,0,0,0,1,1,0,0,21,21
1923,0,0,0,0,0,1,1,1,0,0,21,21
1924,0,0,0,0,0,0,1,1,0,0,21,21
1925,0,0,0,0,0,1,1,1,0,0,21,21
1926,0,0,0,0,0,0,1,1,0,0,21,21
1927,0,0,0,0,0,1,1,1,0,0,21,21
1928,0,1,0,1,0,1,1,1,0,0,21,9
1929,0,0,0,0,0,0,1,1,0,0,21,21
1930,0,0,0,0,0,0,1,1,0,0,21,21
1931,0,0,0,0,0,0,1,1,0,0,21,21
1932,0,0,0,0,0,0,1,1,0,0,21,21
1933,0,0,0,0,1,0,1,1,0,0,21,21
1934,0,0,0,0,0,1,1,1,0,0,21,21
1935,0,0,0,0,0,0,1,1,0,0,21,21
1936,0,1,0,1,0,1,1,1,0,1,21,1
1937,0,0,0,0,0,0,1,1,0,0,21,21
1938,0,0,0,0,0,1,1,1,0,0,21,21
1939,0,0,0,0,0,0,1,1,0,0,21,21
1940,0,0,0,0,0,1,1,1,0,0,21,21
1941,0,0,0,0,0,1,1,1,0,0,21,21
1942,0,0,0,0,0,0,1,1,0,0,21,21
1943,0,0,0,0,0,1,1,1,0,0,21,21
1944,0,0,0,0,0,0,1,1,0,0,21,21
1945,0,0,0,0,0,1,1,1,0,0,21,21
1946,0,0,0,0,0,1,1,1,0,0,21,21
1947,0,0,0,0,0,0,1,1,0,0,21,21
1948,0,0,0,0,0,0,1,1,0,0,21,21
1949,0,0,0,0,0,0,1,1,0,0,21,21
1950,0,0,0,0,0,1,1,1,0,0,21,21
1951,0,0,0,0,0,1,1,1,0,0,21,21
1952,0,0,0,0,0,1,1,1,0,0,21,21
1953,0,0,0,0,0,0,1,1,0,0,21,21
1954,0,0,0,0,0,0,1,1,0,0,21,21
1955,0,0,0,0,0,1,1,1,0,0,21,21
1956,0,0,0,0,1,0,1,1,0,0,21,21
1957,0,0,0,0,0,1,1,1,0,0,21,21
1958,0,0,0,0,0,1,1,1,0,0,21,21
1959,0,0,0,0,0,0,1,1,0,0,21,21
1960,0,0,0,0,0,1,1,1,0,0,21,21
1961,0,1,0,1,0,1,1,1,0,0,21,2
1962,0,0,0,0,0,1,1,1,0,0,21,21
1963,0,0,0,0,0,1,1,1,0,0,21,21
1964,0,0,0,0,0,1,1,1,0,0,21,21
1965,0,0,0,0,0,0,1,1,0,0,21,21
1966,0,0,0,0,0,0,1,1,0,0,21,21
1967,0,0,0,0,0,0,1,1,0,0,21,21
1968,0,0,0,0,0,1,1,1,0,0,21,21
1969,0,0,0,0,0,0,1,1,0,0,21,21
1970,0,0,0,0,0,0,1,1,0,0,21,21
1971,0,0,0,0,0,0,1,1,0,0,21,21
1972,0,0,0,0,0,0,1,1,0,0,21,21
1973,0,0,0,0,0,0,1,1,0,0,21,21
1974,0,0,0,0,0,1,1,1,0,0,21,21
1975,0,0,0,0,0,1,1,1,0,0,21,21
1976,0,0,0,0,0,0,1,1,0,0,21,21
1977,0,0,0,0,1,1,1,1,0,0,21,21
1978,0,0,0,0,0,1,1,1,0,0,21,21
1979,0,1,0,1,0,1,1,1,0,0,21,15
1980,0,0,0,0,0,0,1,1,0,0,21,21
1981,0,0,0,0,0,1,1,1,0,0,21,21
1982,0,0,0,0,0,0,1,1,0,0,21,21
1983,0,0,0,0,0,1,1,1,0,0,21,21
1984,0,0,0,0,0,0,1,1,0,0,21,21
1985,0,0,0,0,0,1,1,1,0,0,21,21
1986,0,0,0,0,0,0,1,1,0,0,21,21
1987,0,0,0,0,0,0,1,1,0,0,21,21
1988,0,0,0,0,0,1,1,1,0,0,21,21
1989,0,0,0,0,0,1,1,1,0,0,21,21
1990,0,1,0,1,0,1,1,1,0,1,21,1
1991,0,0,0,0,0,0,1,1,0,0,21,21
1992,0,0,0,0,1,0,1,1,0,0,21,21
1993,0,0,0,0,1,0,1,1,0,0,21,21
1994,0,0,0,0,0,1,1,1,0,0,21,21
1995,0,0,0,0,0,0,1,1,0,0,21,21
1996,0,0,0,0,0,1,1,1,0,0,21,21
1997,0,0,0,0,0,0,1,1,0,0,21,21
1998,0,0,0,0,0,0,1,1,0,0,21,21
1999,0,0,0,0,0,0,1,1,0,0,21,21
2000,0,0,0,0,0,0,1,1,0,0,21,21
2001,0,0,0,0,0,1,1,1,0,0,21,21
2002,0,0,0,0,0,0,1,1,0,0,21,21
2003,0,0,0,0,0,1,1,1,0,0,21,21
2004,0,0,0,0,0,1,1,1,0,0,21,21
2005,0,0,0,0,0,1,1,1,0,0,21,21
2006,0,0,0,0,0,0,1,1,0,0,21,21
2007,0,0,0,0,0,1,1,1,0,0,21,21
2008,0,0,0,0,0,0,1,1,0,0,21,21
2009,0,0,0,0,0,1,1,1,0,0,21,21
2010,0,0,0,0,0,0,1,1,0,0,21,21
2011,0,0,0,0,0,0,1,1,0,0,21,21
2012,0,0,0,0,0,1,1,1,0,0,21,21
2013,0,0,0,0,0,1,1,1,0,0,21,21
2014,0,0,0,0,0,0,1,1,0,0,21,21
2015,0,0,0,0,0,0,1,1,0,0,21,21
2016,0,0,0,0,0,0,1,1,0,0,21,21
2017,0,0,0,0,0,1,1,1,0,0,21,21
2018,0,0,0,0,0,1,1,1,0,0,21,21
2019,0,0,0,0,0,0,1,1,0,0,21,21
2020,0,0,0,0,0,1,1,1,0,0,21,21
2021,0,0,0,0,0,0,1,1,0,0,21,21
2022,0,0,0,0,0,1,1,1,0,0,21,21
2023,0,0,0,0,0,0,1,1,0,0,21,21
2024,0,0,0,0,0,0,1,1,0,0,21,21
2025,0,1,0,1,0,1,1,1,0,1,21,1
2026,0,0,0,0,0,0,1,1,0,0,21,21
2027,0,0,0,0,0,0,1,1,0,0,21,21
2028,0,0,0,0,0,1,1,1,0,0,21,21
2029,0,0,0,0,0,1,1,1,0,0,21,21
2030,0,0,0,0,0,0,1,1,0,0,21,21
2031,0,0,0,0,0,1,1,1,0,0,21,21
2032,0,0,0,0,0,1,1,1,0,0,21,21
2033,0,1,0,1,0,1,1,1,0,1,21,1
2034,0,0,0,0,0,0,1,1,0,0,21,21
2035,0,0,0,0,0,0,1,1,0,0,21,21
2036,0,0,0,0,0,0,1,1,0,0,21,21
2037,0,0,0,0,0,0,1,1,0,0,21,21
2038,0,0,0,0,0,1,1,1,0,0,21,21
2039,0,1,0,1,0,1,1,1,0,1,21,1
2040,0,0,0,0,0,1,1,1,0,0,21,21
2041,0,0,0,0,0,1,1,1,0,0,21,21
2042,0,0,0,0,0,1,1,1,0,0,21,21
2043,0,0,0,0,0,0,1,1,0,0,21,21
2044,0,0,0,0,0,1,1,1,0,0,21,21
2045,0,0,0,0,0,1,1,1,0,0,21,21
2046,0,0,0,0,0,0,1,1,0,0,21,21
2047,0,0,0,0,0,0,1,1,0,0,21,21
2048,0,0,0,0,0,1,1,1,0,0,21,21
2049,0,0,0,0,0,1,1,1,0,0,21,21
2050,0,0,0,0,0,0,1,1,0,0,21,21
2051,0,0,0,0,0,0,1,1,0,0,21,21
2052,0,0,0,0,0,1,1,1,0,0,21,21
2053,0,0,0,0,0,0,1,1,0,0,21,21
2054,0,0,0,0,0,1,1,1,0,0,21,21
2055,0,1,0,1,0,1,1,1,0,0,21,16
2056,0,0,0,0,0,0,1,1,0,0,21,21
2057,0,0,0,0,0,1,1,1,0,0,21,21
2058,0,0,0,0,1,1,1,1,0,0,21,21
2059,0,0,0,0,0,0,1,1,0,0,21,21
2060,0,0,0,0,0,0,1,1,0,0,21,21
2061,0,1,0,1,0,1,1,1,0,1,21,1
2062,0,0,0,0,0,0,1,1,0,0,21,21
2063,0,1,0,1,0,1,1,1,0,0,21,14
2064,0,0,0,0,0,1,1,1,0,0,21,21
2065,0,0,0,0,0,0,1,1,0,0,21,21
2066,0,0,0,0,0,1,1,1,0,0,21,21
2067,0,1,0,1,0,1,1,1,0,0,21,12
2068,0,0,0,0,0,0,1,1,0,0,21,21
2069,0,0,0,0,0,1,1,1,0,0,21,21
2070,0,0,0,0,0,1,1,1,0,0,21,21
2071,0,0,0,0,0,0,1,1,0,0,21,21
2072,0,0,0,0,0,0,1,1,0,0,21,21
2073,0,0,0,0,0,0,1,1,0,0,21,21
2074,0,0,0,0,0,1,1,1,0,0,21,21
2075,0,0,0,0,0,0,1,1,0,0,21,21
2076,0,0,0,0,0,1,1,1,0,0,21,21
2077,0,0,0,0,0,1,1,1,0,0,21,21
2078,0,0,0,0,0,1,1,1,0,0,21,21
2079,0,0,0,0,0,1,1,1,0,0,21,21
2080,0,0,0,0,1,1,1,1,0,0,21,21
2081,0,0,0,0,0,1,1,1,0,0,21,21
2082,0,0,0,0,0,0,1,1,0,0,21,21
2083,0,0,0,0,0,0,1,1,0,0,21,21
2084,0,0,0,0,0,0,1,1,0,0,21,21
2085,0,0,0,0,0,1,1,1,0,0,21,21
2086,0,0,0,0,0,0,1,1,0,0,21,21
2087,0,0,0,0,0,0,1,1,0,0,21,21
2088,0,0,0,0,0,1,1,1,0,0,21,21
2089,0,0,0,0,0,0,1,1,0,0,21,21
2090,0,0,0,0,0,0,1,1,0,0,21,21
2091,0,0,0,0,0,1,1,1,0,0,21,21
2092,0,0,0,0,0,0,1,1,0,0,21,21
2093,0,0,0,0,0,0,1,1,0,0,21,21
2094,0,0,0,0,0,0,1,1,0,0,21,21
2095,0,0,0,0,0,1,1,1,0,0,21,21
2096,0,0,0,0,0,1,1,1,0,0,21,21
2097,0,0,0,0,0,1,1,1,0,0,21,21
2098,0,0,0,0,0,1,1,1,0,0,21,21
2099,0,0,0,0,0,1,1,1,0,0,21,21
2100,0,0,0,0,0,1,1,1,0,0,21,21
2101,0,0,0,0,0,1,1,1,0,0,21,21
2102,0,0,0,0,0,0,1,1,0,0,21,21
2103,0,0,0,0,0,1,1,1,0,0,21,21
2104,0,0,0,0,0,0,1,1,0,0,21,21
2105,0,0,0,0,0,0,1,1,0,0,21,21
2106,0,1,0,1,0,1,1,1,0,0,21,3
2107,0,0,0,0,0,0,1,1,0,0,21,21
2108,0,0,0,0,0,1,1,1,0,0,21,21
2109,0,0,0,0,0,1,1,1,0,0,21,21
2110,0,0,0,0,0,1,1,1,0,0,21,21
2111,0,0,0,0,0,1,1,1,0,0,21,21
2112,0,0,0,0,0,0,1,1,0,0,21,21
2113,0,0,0,0,0,0,1,1,0,0,21,21
2114,0,0,0,0,0,0,1,1,0,0,21,21
2115,0,0,0,0,0,0,1,1,0,0,21,21
2116,0,0,0,0,0,0,1,1,0,0,21,21
2117,0,0,0,0,0,0,1,1,0,0,21,21
2118,0,0,0,0,0,1,1,1,0,0,21,21
2119,0,0,0,0,0,1,1,1,0,0,21,21
2120,0,0,0,0,0,1,1,1,0,0,21,21
2121,0,0,0,0,0,1,1,1,0,0,21,21
2122,0,0,0,0,0,0,1,1,0,0,21,21
2123,0,1,0,1,0,1,1,1,0,0,21,14
2124,0,0,0,0,0,1,1,1,0,0,21,21
2125,0,0,0,0,0,1,1,1,0,0,21,21
2126,0,0,0,0,0,1,1,1,0,0,21,21
2127,0,0,0,0,0,0,1,1,0,0,21,21
2128,0,0,0,0,0,0,1,1,0,0,21,21
2129,0,0,0,0,0,1,1,1,0,0,21,21
2130,0,0,0,0,0,1,1,1,0,0,21,21
2131,0,0,0,0,0,0,1,1,0,0,21,21
2132,0,0,0,0,0,0,1,1,0,0,21,21
2133,0,0,0,0,0,0,1,1,0,0,21,21
2134,0,0,0,0,0,1,1,1,0,0,21,21
2135,0,1,0,1,0,1,1,1,0,1,21,1
2136,0,0,0,0,0,0,1,1,0,0,21,21
2137,0,0,0,0,0,0,1,1,0,0,21,21
2138,0,0,0,0,0,1,1,1,0,0,21,21
2139,0,0,0,0,0,1,1,1,0,0,21,21
2140,0,0,0,0,0,1,1,1,0,0,21,21
2141,0,0,0,0,0,0,1,1,0,0,21,21
2142,0,1,0,1,0,1,1,1,0,0,21,9
2143,0,0,0,0,0,0,1,1,0,0,21,21
2144,0,0,0,0,0,1,1,1,0,0,21,21
2145,0,0,0,0,0,0,1,1,0,0,21,21
2146,0,0,0,0,0,0,1,1,0,0,21,21
2147,0,0,0,0,0,1,1,1,0,0,21,21
2148,0,0,0,0,0,0,1,1,0,0,21,21
2149,0,0,0,0,0,1,1,1,0,0,21,21
2150,0,0,0,0,0,0,1,1,0,0,21,21
2151,0,0,0,0,0,1,1,1,0,0,21,21
2152,0,0,0,0,0,0,1,1,0,0,21,21
2153,0,0,0,0,0,0,1,1,0,0,21,21
2154,0,0,0,0,0,1,1,1,0,0,21,21
2155,0,0,0,0,0,0,1,1,0,0,21,21
2156,0,0,0,0,0,0,1,1,0,0,21,21
2157,0,0,0,0,0,0,1,1,0,0,21,21
2158,0,0,0,0,0,1,1,1,0,0,21,21
2159,0,0,0,0,0,1,1,1,0,0,21,21
2160,0,0,0,0,0,0,1,1,0,0,21,21
2161,0,0,0,0,0,0,1,1,0,0,21,21
2162,0,0,0,0,0,0,1,1,0,0,21,21
2163,0,1,0,1,0,1,1,1,0,1,21,1
2164,0,0,0,0,0,0,1,1,0,0,21,21
2165,0,0,0,0,0,1,1,1,0,0,21,21
2166,0,0,0,0,0,0,1,1,0,0,21,21
2167,0,0,0,0,0,1,1,1,0,0,21,21
2168,0,0,0,0,0,1,1,1,0,0,21,21
2169,0,0,0,0,0,0,1,1,0,0,21,21
2170,0,0,0,0,0,0,1,1,0,0,21,21
2171,0,0,0,0,0,0,1,1,0,0,21,21
2172,0,0,0,0,0,1,1,1,0,0,21,21
2173,0,0,0,0,0,0,1,1,0,0,21,21
2174,0,0,0,0,0,0,1,1,0,0,21,21
2175,0,1,0,1,0,1,1,1,0,0,21,3
2176,0,0,0,0,0,0,1,1,0,0,21,21
2177,0,0,0,0,0,0,1,1,0,0,21,21
2178,0,0,0,0,0,1,1,1,0,0,21,21
2179,0,0,0,0,0,1,1,1,0,0,21,21
2180,0,0,0,0,0,0,1,1,0,0,21,21
2181,0,0,0,0,0,1,1,1,0,0,21,21
2182,0,1,0,1,0,1,1,1,0,0,21,9
2183,0,0,0,0,0,0,1,1,0,0,21,21
2184,0,1,0,1,0,1,1,1,0,0,21,2
2185,0,0,0,0,0,1,1,1,0,0,21,21
2186,0,0,0,0,0,0,1,1,0,0,21,21
2187,0,0,0,0,0,0,1,1,0,0,21,21
2188,0,0,0,0,0,0,1,0,0,0,21,21
2189,0,0,0,0,0,0,1,1,0,0,21,21
2190,0,0,0,0,0,0,1,1,0,0,21,21
2191,0,1,0,1,0,1,1,1,0,0,21,5
2192,0,0,0,0,0,0,1,1,0,0,21,21
2193,0,1,0,1,0,1,1,1,0,0,21,12
2194,0,0,0,0,0,1,1,1,0,0,21,21
2195,0,0,0,0,0,0,1,1,0,0,21,21
2196,0,0,0,0,0,0,1,1,0,0,21,21
2197,0,0,0,0,0,0,1,1,0,0,21,21
2198,0,0,0,0,0,0,1,1,0,0,21,21
2199,0,0,0,0,0,1,1,1,0,0,21,21
2200,0,0,0,0,0,0,1,1,0,0,21,21
2201,0,0,0,0,0,1,1,1,0,0,21,21
2202,0,0,0,0,0,1,1,1,0,0,21,21
2203,0,0,0,0,0,0,1,1,0,0,21,21
2204,0,0,0,0,0,1,1,1,0,0,21,21
2205,0,0,0,0,0,1,1,1,0,0,21,21
2206,0,1,0,1,0,1,1,1,0,1,21,1
2207,0,0,0,0,0,0,1,1,0,0,21,21
2208,0,0,0,0,0,0,1,1,0,0,21,21
2209,0,0,0,0,0,0,1,1,0,0,21,21
2210,0,0,0,0,0,1,1,1,0,0,21,21
2211,0,0,0,0,0,1,1,1,0,0,21,21
2212,0,0,0,0,0,1,1,1,0,0,21,21
2213,0,0,0,0,0,1,1,1,0,0,21,21
2214,0,0,0,0,0,1,1,1,0,0,21,21
2215,0,0,0,0,0,1,1,1,0,0,21,21
2216,0,1,0,1,0,1,1,1,0,0,21,14
2217,0,0,0,0,0,1,1,1,0,0,21,21
2218,0,0,0,0,0,0,1,1,0,0,21,21
2219,0,0,0,0,0,0,1,1,0,0,21,21
2220,0,0,0,0,0,0,1,1,0,0,21,21
2221,0,0,0,0,0,0,1,1,0,0,21,21
2222,0,0,0,0,0,1,1,1,0,0,21,21
2223,0,0,0,0,0,0,1,1,0,0,21,21
2224,0,0,0,0,0,1,1,1,0,0,21,21
2225,0,0,0,0,0,0,1,1,0,0,21,21
2226,0,0,0,0,0,0,1,1,0,0,21,21
2227,0,0,0,0,0,0,1,1,0,0,21,21
2228,0,0,0,0,0,0,1,1,0,0,21,21
2229,0,0,0,0,0,1,1,1,0,0,21,21
2230,0,0,0,0,0,1,1,1,0,0,21,21
2231,0,0,0,0,0,1,1,1,0,0,21,21
2232,0,0,0,0,0,0,1,1,0,0,21,21
2233,0,1,0,1,0,1,1,1,0,1,21,1
2234,0,0,0,0,0,0,1,1,0,0,21,21
2235,0,0,0,0,0,0,1,1,0,0,21,21
2236,0,0,0,0,0,1,1,1,0,0,21,21
2237,0,1,0,1,0,1,1,1,0,0,21,2
2238,0,0,0,0,0,0,1,1,0,0,21,21
2239,0,1,0,1,0,1,1,1,0,1,21,1
2240,0,0,0,0,0,0,1,1,0,0,21,21
2241,0,0,0,0,0,0,1,1,0,0,21,21
2242,0,0,0,0,0,1,1,1,0,0,21,21
2243,0,0,0,0,0,0,1,1,0,0,21,21
2244,0,0,0,0,0,0,1,1,0,0,21,21
2245,0,0,0,0,0,1,1,1,0,0,21,21
2246,0,0,0,0,0,0,1,1,0,0,21,21
2247,0,0,0,0,0,0,1,1,0,0,21,21
2248,0,0,0,0,0,1,1,1,0,0,21,21
2249,0,0,0,0,0,0,1,1,0,0,21,21
2250,0,1,0,1,0,1,1,1,0,0,21,2
2251,0,0,0,0,0,0,1,1,0,0,21,21
2252,0,0,0,0,0,0,1,1,0,0,21,21
2253,0,0,0,0,0,0,1,1,0,0,21,21
2254,0,0,0,0,0,0,1,1,0,0,21,21
2255,0,0,0,0,0,0,1,1,0,0,21,21
2256,0,0,0,0,0,0,1,1,0,0,21,21
2257,0,0,0,0,0,0,1,1,0,0,21,21
2258,0,0,0,0,0,1,1,1,0,0,21,21
2259,0,0,0,0,1,0,1,1,0,0,21,21
2260,0,0,0,0,0,1,1,1,0,0,21,21
2261,0,0,0,0,0,0,1,1,0,0,21,21
2262,0,0,0,0,0,0,1,1,0,0,21,21
2263,0,0,0,0,0,0,1,1,0,0,21,21
2264,0,0,0,0,0,1,1,1,0,0,21,21
2265,0,0,0,0,0,0,1,1,0,0,21,21
2266,0,1,0,1,0,1,1,1,0,0,21,5
2267,0,1,0,1,0,1,1,1,0,0,21,9
2268,0,0,0,0,0,0,1,1,0,0,21,21
2269,0,0,0,0,0,0,1,1,0,0,21,21
2270,0,0,0,0,0,0,1,1,0,0,21,21
2271,0,0,0,0,0,1,1,1,0,0,21,21
2272,0,0,0,0,0,0,1,1,0,0,21,21
2273,0,1,0,1,0,1,1,1,0,1,21,1
2274,0,0,0,0,0,0,1,1,0,0,21,21
2275,0,0,0,0,0,0,1,1,0,0,21,21
2276,0,0,0,0,0,1,1,1,0,0,21,21
2277,0,0,0,0,0,0,1,1,0,0,21,21
2278,0,0,0,0,0,0,1,1,0,0,21,21
2279,0,0,0,0,0,0,1,1,0,0,21,21
2280,0,0,0,0,0,0,1,1,0,0,21,21
2281,0,0,0,0,0,0,1,1,0,0,21,21
2282,0,0,0,0,0,1,1,1,0,0,21,21
2283,0,0,0,0,0,1,1,1,0,0,21,21
2284,0,0,0,0,0,0,1,1,0,0,21,21
2285,0,0,0,0,0,0,1,1,0,0,21,21
2286,0,0,0,0,0,0,1,1,0,0,21,21
2287,0,0,0,0,0,1,1,1,0,0,21,21
2288,0,0,0,0,0,0,1,1,0,0,21,21
2289,0,0,0,0,0,1,1,1,0,0,21,21
2290,0,0,0,0,0,0,1,1,0,0,21,21
2291,0,0,0,0,0,0,1,1,0,0,21,21
2292,0,0,0,0,0,0,1,1,0,0,21,21
2293,0,0,0,0,0,0,1,1,0,0,21,21
2294,0,0,0,0,1,1,1,1,0,0,21,21
2295,0,0,0,0,0,0,1,1,0,0,21,21
2296,0,1,0,1,0,1,1,1,0,0,21,8
2297,0,0,0,0,0,0,1,1,0,0,21,21
2298,0,0,0,0,0,1,1,1,0,0,21,21
2299,0,0,0,0,0,0,1,1,0,0,21,21
2300,0,0,0,0,0,1,1,1,0,0,21,21
2301,0,0,0,0,0,0,1,1,0,0,21,21
2302,0,0,0,0,0,0,1,1,0,0,21,21
2303,0,0,0,0,0,0,1,1,0,0,21,21
2304,0,0,0,0,0,0,1,1,0,0,21,21
2305,0,0,0,0,0,0,1,1,0,0,21,21
2306,0,0,0,0,0,1,1,1,0,0,21,21
2307,0,0,0,0,0,1,1,1,0,0,21,21
2308,0,1,0,1,0,1,1,1,0,1,21,1
2309,0,0,0,0,0,0,1,1,0,0,21,21
2310,0,0,0,0,0,0,1,1,0,0,21,21
2311,0,0,0,0,0,0,1,1,0,0,21,21
2312,0,0,0,0,0,0,1,1,0,0,21,21
2313,0,0,0,0,0,0,1,1,0,0,21,21
2314,0,0,0,0,0,1,1,1,0,0,21,21
2315,0,0,0,0,0,0,1,1,0,0,21,21
2316,0,0,0,0,0,0,1,1,0,0,21,21
2317,0,0,0,0,0,1,1,1,0,0,21,21
2318,0,1,0,1,0,1,1,1,0,1,21,1
2319,0,0,0,0,0,0,1,1,0,0,21,21
2320,0,0,0,0,0,1,1,1,0,0,21,21
2321,0,0,0,0,0,0,1,1,0,0,21,21
2322,0,0,0,0,0,0,1,1,0,0,21,21
2323,0,1,0,1,0,1,1,1,0,0,21,2
2324,0,0,0,0,0,0,1,1,0,0,21,21
2325,0,0,0,0,0,1,1,1,0,0,21,21
2326,0,0,0,0,0,1,1,1,0,0,21,21
2327,0,0,0,0,0,1,1,1,0,0,21,21
2328,0,0,0,0,0,1,1,1,0,0,21,21
2329,0,0,0,0,0,0,1,1,0,0,21,21
2330,0,0,0,0,0,1,1,1,0,0,21,21
2331,0,0,0,0,0,1,1,1,0,0,21,21
2332,0,0,0,0,0,0,1,1,0,0,21,21
2333,0,0,0,0,0,0,1,1,0,0,21,21
2334,0,0,0,0,0,1,1,1,0,0,21,21
2335,0,1,0,1,0,1,1,1,0,0,21,4
2336,0,0,0,0,0,1,1,1,0,0,21,21
2337,0,0,0,0,0,0,1,1,0,0,21,21
2338,0,0,0,0,0,1,1,1,0,0,21,21
2339,0,0,0,0,0,1,1,1,0,0,21,21
2340,0,0,0,0,0,0,1,1,0,0,21,21
2341,0,0,0,0,0,0,1,1,0,0,21,21
2342,0,1,0,1,0,1,1,1,0,0,21,16
2343,0,0,0,0,0,0,1,1,0,0,21,21
2344,0,0,0,0,0,0,1,1,0,0,21,21
2345,0,1,0,1,0,1,1,1,0,1,21,1
2346,0,0,0,0,0,0,1,1,0,0,21,21
2347,0,0,0,0,0,1,1,1,0,0,21,21
2348,0,0,0,0,0,0,1,1,0,0,21,21
2349,0,0,0,0,0,1,1,1,0,0,21,21
2350,0,0,0,0,0,0,1,1,0,0,21,21
2351,0,0,0,0,0,0,1,1,0,0,21,21
2352,0,0,0,0,0,1,1,1,0,0,21,21
2353,0,0,0,0,0,0,1,1,0,0,21,21
2354,0,0,0,0,0,1,1,1,0,0,21,21
2355,0,0,0,0,0,1,1,1,0,0,21,21
2356,0,0,0,0,0,1,1,1,0,0,21,21
2357,0,0,0,0,0,0,1,1,0,0,21,21
2358,0,0,0,0,0,0,1,1,0,0,21,21
2359,0,0,0,0,0,0,1,1,0,0,21,21
2360,0,0,0,0,0,0,1,1,0,0,21,21
2361,0,0,0,0,0,0,1,1,0,0,21,21
2362,0,0,0,0,0,1,1,1,0,0,21,21
2363,0,0,0,0,0,1,1,1,0,0,21,21
2364,0,0,0,0,0,0,1,1,0,0,21,21
2365,0,0,0,0,0,0,1,1,0,0,21,21
2366,0,0,0,0,0,0,1,1,0,0,21,21
2367,0,0,0,0,0,0,1,1,0,0,21,21
2368,0,0,0,0,0,0,1,1,0,0,21,21
2369,0,1,0,1,0,1,1,1,0,0,21,19
2370,0,0,0,0,0,1,1,1,0,0,21,21
2371,0,0,0,0,0,0,1,1,0,0,21,21
2372,0,0,0,0,0,0,1,1,0,0,21,21
2373,0,1,0,1,0,1,1,1,0,0,21,16
2374,0,0,0,0,0,0,1,1,0,0,21,21
2375,0,0,0,0,0,0,1,1,0,0,21,21
2376,0,0,0,0,0,1,1,1,0,0,21,21
2377,0,0,0,0,0,1,1,1,0,0,21,21
2378,0,0,0,0,0,0,1,1,0,0,21,21
2379,0,0,0,0,0,0,1,1,0,0,21,21
2380,0,0,0,0,0,1,1,1,0,0,21,21
2381,0,0,0,0,0,1,1,1,0,0,21,21
2382,0,0,0,0,0,0,1,1,0,0,21,21
2383,0,0,0,0,0,1,1,1,0,0,21,21
2384,0,1,0,1,0,1,1,1,0,0,21,2
2385,0,0,0,0,0,0,1,1,0,0,21,21
2386,0,0,0,0,0,1,1,1,0,0,21,21
2387,0,0,0,0,0,0,1,1,0,0,21,21
2388,0,0,0,0,0,1,1,1,0,0,21,21
2389,0,0,0,0,0,1,1,1,0,0,21,21
2390,0,0,0,0,0,1,1,1,0,0,21,21
2391,0,0,0,0,0,0,1,1,0,0,21,21
2392,0,0,0,0,1,1,1,1,0,0,21,21
2393,0,0,0,0,0,0,1,1,0,0,21,21
2394,0,0,0,0,0,1,1,1,0,0,21,21
2395,0,0,0,0,0,0,1,1,0,0,21,21
2396,0,0,0,0,0,0,1,1,0,0,21,21
2397,0,0,0,0,0,0,1,1,0,0,21,21
2398,0,0,0,0,0,0,1,1,0,0,21,21
2399,0,0,0,0,0,0,1,1,0,0,21,21
2400,0,0,0,0,0,0,1,1,0,0,21,21
2401,0,0,0,0,0,0,1,1,0,0,21,21
2402,0,0,0,0,0,1,1,1,0,0,21,21
2403,0,0,0,0,0,0,1,1,0,0,21,21
2404,0,0,0,0,0,1,1,1,0,0,21,21
2405,0,0,0,0,0,0,1,1,0,0,21,21
2406,0,0,0,0,0,0,1,1,0,0,21,21
2407,0,0,0,0,0,1,1,1,0,0,21,21
2408,0,1,0,1,0,1,1,1,0,0,21,15
2409,0,0,0,0,0,1,1,1,0,0,21,21
2410,0,1,0,1,0,1,1,1,0,0,21,15
2411,0,0,0,0,0,1,1,1,0,0,21,21
2412,0,0,0,0,0,0,1,1,0,0,21,21
2413,0,0,0,0,0,0,1,1,0,0,21,21
2414,0,0,0,0,0,0,1,1,0,0,21,21
2415,0,0,0,0,0,0,1,1,0,0,21,21
2416,0,0,0,0,0,0,1,1,0,0,21,21
2417,0,0,0,0,0,1,1,1,0,0,21,21
2418,0,0,0,0,0,0,1,1,0,0,21,21
2419,0,0,0,0,0,1,1,1,0,0,21,21
2420,0,0,0,0,0,0,1,1,0,0,21,21
2421,0,0,0,0,0,0,1,1,0,0,21,21
2422,0,0,0,0,0,0,1,1,0,0,21,21
2423,0,0,0,0,0,0,1,1,0,0,21,21
2424,0,0,0,0,0,0,1,0,0,0,21,21
2425,0,0,0,0,0,1,1,1,0,0,21,21
2426,0,0,0,0,0,1,1,1,0,0,21,21
2427,0,0,0,0,0,1,1,1,0,0,21,21
2428,0,0,0,0,0,0,1,1,0,0,21,21
2429,0,0,0,0,0,1,1,1,0,0,21,21
2430,0,0,0,0,0,0,1,1,0,0,21,21
2431,0,0,0,0,0,1,1,1,0,0,21,21
2432,0,0,0,0,0,1,1,1,0,0,21,21
2433,0,1,0,1,0,1,1,1,0,1,21,1
2434,0,0,0,0,0,0,1,1,0,0,21,21
2435,0,1,0,1,0,1,1,1,0,0,21,4
2436,0,0,0,0,0,1,1,1,0,0,21,21
2437,0,0,0,0,0,0,1,1,0,0,21,21
2438,0,0,0,0,0,1,1,1,0,0,21,21
2439,0,0,0,0,0,0,1,1,0,0,21,21
2440,0,0,0,0,0,0,1,1,0,0,21,21
2441,0,0,0,0,1,1,1,1,0,0,21,21
2442,0,0,0,0,0,0,1,1,0,0,21,21
2443,0,0,0,0,0,0,1,1,0,0,21,21
2444,0,0,0,0,0,0,1,1,0,0,21,21
2445,0,0,0,0,0,1,1,1,0,0,21,21
2446,0,0,0,0,0,0,1,1,0,0,21,21
2447,0,0,0,0,0,0,1,1,0,0,21,21
2448,0,0,0,0,0,0,1,1,0,0,21,21
2449,0,0,0,0,0,1,1,1,0,0,21,21
2450,0,0,0,0,0,1,1,1,0,0,21,21
2451,0,0,0,0,0,1,1,1,0,0,21,21
2452,0,0,0,0,0,1,1,1,0,0,21,21
2453,0,1,0,1,0,1,1,1,0,0,21,7
2454,0,0,0,0,0,0,1,1,0,0,21,21
2455,0,0,0,0,0,0,1,1,0,0,21,21
2456,0,0,0,0,0,1,1,1,0,0,21,21
2457,0,1,0,1,0,1,1,1,0,1,21,1
2458,0,0,0,0,0,0,1,1,0,0,21,21
2459,0,0,0,0,0,0,1,1,0,0,21,21
2460,0,0,0,0,0,0,1,1,0,0,21,21
2461,0,0,0,0,0,1,1,1,0,0,21,21
2462,0,0,0,0,0,1,1,1,0,0,21,21
2463,0,0,0,0,0,0,1,1,0,0,21,21
2464,0,0,0,0,0,0,1,1,0,0,21,21
2465,0,0,0,0,0,0,1,1,0,0,21,21
2466,0,0,0,0,0,1,1,1,0,0,21,21
2467,0,0,0,0,0,1,1,1,0,0,21,21
2468,0,0,0,0,0,1,1,1,0,0,21,21
2469,0,0,0,0,0,1,1,1,0,0,21,21
2470,0,0,0,0,0,0,1,1,0,0,21,21
2471,0,0,0,0,0,0,1,1,0,0,21,21
2472,0,1,0,1,0,1,1,1,0,1,21,1
2473,0,0,0,0,0,0,1,1,0,0,21,21
2474,0,0,0,0,0,1,1,1,0,0,21,21
2475,0,0,0,0,0,1,1,0,0,0,21,21
2476,0,0,0,0,0,1,1,1,0,0,21,21
2477,0,1,0,1,0,1,1,1,0,0,21,4
2478,0,0,0,0,0,0,1,1,0,0,21,21
2479,0,0,0,0,0,1,1,1,0,0,21,21
2480,0,0,0,0,0,1,1,1,0,0,21,21
2481,0,0,0,0,0,0,1,1,0,0,21,21
2482,0,0,0,0,0,0,1,1,0,0,21,21
2483,0,0,0,0,0,1,1,1,0,0,21,21
2484,0,0,0,0,0,1,1,1,0,0,21,21
2485,0,0,0,0,0,1,1,1,0,0,21,21
2486,0,0,0,0,0,1,1,1,0,0,21,21
2487,0,0,0,0,0,1,1,1,0,0,21,21
2488,0,0,0,0,0,1,1,1,0,0,21,21
2489,0,0,0,0,0,0,1,1,0,0,21,21
2490,0,0,0,0,0,1,1,1,0,0,21,21
2491,0,0,0,0,0,0,1,1,0,0,21,21
2492,0,0,0,0,0,1,1,1,0,0,21,21
2493,0,0,0,0,0,0,1,1,0,0,21,21
2494,0,0,0,0,0,0,1,1,0,0,21,21
2495,0,0,0,0,0,0,1,1,0,0,21,21
2496,0,0,0,0,0,0,1,1,0,0,21,21
2497,0,0,0,0,0,1,1,1,0,0,21,21
2498,0,0,0,0,0,0,1,1,0,0,21,21
2499,0,0,0,0,0,0,1,1,0,0,21,21
2500,0,0,0,0,0,1,1,1,0,0,21,21
2501,0,0,0,0,0,1,1,1,0,0,21,21
2502,0,1,0,1,0,1,1,1,0,1,21,1
2503,0,0,0,0,0,1,1,1,0,0,21,21
2504,0,0,0,0,0,0,1,1,0,0,21,21
2505,0,0,0,0,0,0,1,1,0,0,21,21
2506,0,0,0,0,0,0,1,1,0,0,21,21
2507,0,0,0,0,0,0,1,1,0,0,21,21
2508,0,1,0,1,0,1,1,1,0,0,21,2
2509,0,0,0,0,0,0,1,1,0,0,21,21
2510,0,1,0,1,0,1,1,1,0,0,21,9
2511,0,0,0,0,0,1,1,1,0,0,21,21
2512,0,0,0,0,0,0,1,1,0,0,21,21
2513,0,0,0,0,0,1,1,1,0,0,21,21
2514,0,0,0,0,0,0,1,1,0,0,21,21
2515,0,0,0,0,0,0,1,1,0,0,21,21
2516,0,0,0,0,0,1,1,1,0,0,21,21
2517,0,0,0,0,0,0,1,1,0,0,21,21
2518,0,0,0,0,0,0,1,1,0,0,21,21
2519,0,0,0,0,0,0,1,1,0,0,21,21
2520,0,0,0,0,0,1,1,1,0,0,21,21
2521,0,0,0,0,0,0,1,1,0,0,21,21
2522,0,0,0,0,0,1,1,1,0,0,21,21
2523,0,0,0,0,0,0,1,1,0,0,21,21
2524,0,0,0,0,0,1,1,1,0,0,21,21
2525,0,1,0,1,0,1,1,1,0,0,21,9
2526,0,0,0,0,0,1,1,1,0,0,21,21
2527,0,0,0,0,0,0,1,1,0,0,21,21
2528,0,0,0,0,0,0,1,1,0,0,21,21
2529,0,0,0,0,0,1,1,1,0,0,21,21
2530,0,0,0,0,0,0,1,1,0,0,21,21
2531,0,0,0,0,0,1,1,1,0,0,21,21
2532,0,1,0,1,0,1,1,1,0,1,21,1
2533,0,1,0,1,0,1,1,1,0,0,21,14
2534,0,0,0,0,0,1,1,1,0,0,21,21
2535,0,0,0,0,0,1,1,1,0,0,21,21
2536,0,0,0,0,0,1,1,1,0,0,21,21
2537,0,0,0,0,0,0,1,1,0,0,21,21
2538,0,0,0,0,0,1,1,1,0,0,21,21
2539,0,0,0,0,0,0,1,1,0,0,21,21
2540,0,0,0,0,0,0,1,1,0,0,21,21
2541,0,0,0,0,0,0,1,1,0,0,21,21
2542,0,0,0,0,0,0,1,1,0,0,21,21
2543,0,1,0,1,0,1,1,1,0,0,21,6
2544,0,0,0,0,0,0,1,1,0,0,21,21
2545,0,0,0,0,0,0,1,1,0,0,21,21
2546,0,0,0,0,0,0,1,1,0,0,21,21
2547,0,0,0,0,0,0,1,1,0,0,21,21
2548,0,0,0,0,0,0,1,1,0,0,21,21
2549,0,0,0,0,0,1,1,1,0,0,21,21
2550,0,0,0,0,0,0,1,1,0,0,21,21
2551,0,0,0,0,0,1,1,1,0,0,21,21
2552,0,0,0,0,0,1,1,1,0,0,21,21
2553,0,0,0,0,0,0,1,1,0,0,21,21
2554,0,1,0,1,0,1,1,1,0,1,21,1
2555,0,0,0,0,0,0,1,1,0,0,21,21
2556,0,0,0,0,0,0,1,1,0,0,21,21
2557,0,0,0,0,0,1,1,1,0,0,21,21
2558,0,1,0,1,0,1,1,1,0,1,21,1
2559,0,0,0,0,0,0,1,1,0,0,21,21
2560,0,0,0,0,0,0,1,1,0,0,21,21
2561,0,0,0,0,0,1,1,1,0,0,21,21
2562,0,0,0,0,0,0,1,1,0,0,21,21
2563,0,0,0,0,0,1,1,1,0,0,21,21
2564,0,0,0,0,0,0,1,1,0,0,21,21
2565,0,0,0,0,0,0,1,1,0,0,21,21
2566,0,0,0,0,0,0,1,1,0,0,21,21
2567,0,0,0,0,0,0,1,1,0,0,21,21
2568,0,0,0,0,0,0,1,1,0,0,21,21
2569,0,0,0,0,0,1,1,1,0,0,21,21
2570,0,0,0,0,0,0,1,1,0,0,21,21
2571,0,0,0,0,0,0,1,1,0,0,21,21
2572,0,0,0,0,0,0,1,1,0,0,21,21
2573,0,0,0,0,0,0,1,1,0,0,21,21
2574,0,0,0,0,0,0,1,1,0,0,21,21
2575,0,0,0,0,0,0,1,1,0,0,21,21
2576,0,0,0,0,0,1,1,1,0,0,21,21
2577,0,0,0,0,0,1,1,1,0,0,21,21
2578,0,0,0,0,0,1,1,1,0,0,21,21
2579,0,0,0,0,0,0,1,1,0,0,21,21
2580,0,0,0,0,0,0,1,1,0,0,21,21
2581,0,0,0,0,0,0,1,1,0,0,21,21
2582,0,0,0,0,0,1,1,1,0,0,21,21
2583,0,1,0,1,0,1,1,1,0,0,21,3
2584,0,0,0,0,0,0,1,1,0,0,21,21
2585,0,0,0,0,0,0,1,1,0,0,21,21
2586,0,0,0,0,0,0,1,1,0,0,21,21
2587,0,0,0,0,0,1,1,1,0,0,21,21
2588,0,0,0,0,0,0,1,1,0,0,21,21
2589,0,0,0,0,0,0,1,1,0,0,21,21
2590,0,0,0,0,0,1,1,1,0,0,21,21
2591,0,0,0,0,0,1,1,1,0,0,21,21
2592,0,0,0,0,0,1,1,1,0,0,21,21
2593,0,0,0,0,0,0,1,1,0,0,21,21
2594,0,0,0,0,0,0,1,1,0,0,21,21
2595,0,0,0,0,0,0,1,1,0,0,21,21
2596,0,0,0,0,0,0,1,1,0,0,21,21
2597,0,0,0,0,0,0,1,1,0,0,21,21
2598,0,0,0,0,0,1,1,1,0,0,21,21
2599,0,0,0,0,0,1,1,1,0,0,21,21
2600,0,0,0,0,0,0,1,1,0,0,21,21
2601,0,1,0,1,0,1,1,1,0,0,21,2
2602,0,0,0,0,0,0,1,1,0,0,21,21
2603,0,0,0,0,0,0,1,1,0,0,21,21
2604,0,1,0,1,0,1,1,1,0,0,21,3
2605,0,0,0,0,0,1,1,1,0,0,21,21
2606,0,0,0,0,0,0,1,1,0,0,21,21
2607,0,0,0,0,0,1,1,1,0,0,21,21
2608,0,1,0,1,0,1,1,1,0,0,21,12
2609,0,0,0,0,0,0,1,1,0,0,21,21
2610,0,0,0,0,0,0,1,1,0,0,21,21
2611,0,0,0,0,0,1,1,1,0,0,21,21
2612,0,0,0,0,0,0,1,1,0,0,21,21
2613,0,0,0,0,0,0,1,1,0,0,21,21
2614,0,1,0,1,0,1,1,1,0,0,21,10
2615,0,0,0,0,0,0,1,1,0,0,21,21
2616,0,0,0,0,0,1,1,1,0,0,21,21
2617,0,0,0,0,0,0,1,1,0,0,21,21
2618,0,0,0,0,0,0,1,1,0,0,21,21
2619,0,1,0,1,0,1,1,1,0,1,21,1
2620,0,0,0,0,0,0,1,1,0,0,21,21
2621,0,0,0,0,0,0,1,1,0,0,21,21
2622,0,0,0,0,0,0,1,1,0,0,21,21
2623,0,0,0,0,0,0,1,1,0,0,21,21
2624,0,0,0,0,0,0,1,1,0,0,21,21
2625,0,0,0,0,0,1,1,1,0,0,21,21
2626,0,0,0,0,0,1,1,1,0,0,21,21
2627,0,0,0,0,0,1,1,1,0,0,21,21
2628,0,0,0,0,0,0,1,1,0,0,21,21
2629,0,0,0,0,0,1,1,1,0,0,21,21
2630,0,0,0,0,0,0,1,1,0,0,21,21
2631,0,0,0,0,0,1,1,1,0,0,21,21
2632,0,1,0,1,0,1,1,1,0,0,21,12
2633,0,1,0,1,0,1,1,1,0,1,21,1
2634,0,0,0,0,0,1,1,1,0,0,21,21
2635,0,0,0,0,0,1,1,1,0,0,21,21
2636,0,0,0,0,0,1,1,1,0,0,21,21
2637,0,1,0,1,0,1,1,1,0,1,21,1
2638,0,0,0,0,0,1,1,1,0,0,21,21
2639,0,0,0,0,0,0,1,1,0,0,21,21
2640,0,0,0,0,0,1,1,1,0,0,21,21
2641,0,0,0,0,0,1,1,1,0,0,21,21
2642,0,1,0,1,0,1,1,1,0,1,21,1
2643,0,0,0,0,0,0,1,1,0,0,21,21
2644,0,0,0,0,0,0,1,1,0,0,21,21
2645,0,0,0,0,0,1,1,1,0,0,21,21
2646,0,0,0,0,0,1,1,1,0,0,21,21
2647,0,0,0,0,0,0,1,1,0,0,21,21
2648,0,0,0,0,0,0,1,1,0,0,21,21
2649,0,0,0,0,0,1,1,1,0,0,21,21
2650,0,0,0,0,0,0,1,1,0,0,21,21
2651,0,0,0,0,0,0,1,1,0,0,21,21
2652,0,0,0,0,0,0,1,1,0,0,21,21
2653,0,0,0,0,0,0,1,1,0,0,21,21
2654,0,0,0,0,0,1,1,1,0,0,21,21
2655,0,1,0,1,0,1,1,1,0,0,21,3
2656,0,0,0,0,0,0,1,1,0,0,21,21
2657,0,0,0,0,0,1,1,1,0,0,21,21
2658,0,0,0,0,0,0,1,1,0,0,21,21
2659,0,0,0,0,0,0,1,1,0,0,21,21
2660,0,0,0,0,0,1,1,1,0,0,21,21
2661,0,0,0,0,0,1,1,1,0,0,21,21
2662,0,0,0,0,0,0,1,1,0,0,21,21
2663,0,0,0,0,0,1,1,1,0,0,21,21
2664,0,0,0,0,0,0,1,1,0,0,21,21
2665,0,0,0,0,0,1,1,1,0,0,21,21
2666,0,0,0,0,0,0,1,1,0,0,21,21
2667,0,0,0,0,0,0,1,1,0,0,21,21
2668,0,0,0,0,0,0,1,1,0,0,21,21
2669,0,0,0,0,0,0,1,1,0,0,21,21
2670,0,0,0,0,0,1,1,1,0,0,21,21
2671,0,0,0,0,0,0,1,1,0,0,21,21
2672,0,0,0,0,0,0,1,1,0,0,21,21
2673,0,1,0,1,0,1,1,1,0,0,21,2
2674,0,0,0,0,0,1,1,1,0,0,21,21
2675,0,0,0,0,0,0,1,1,0,0,21,21
2676,0,0,0,0,0,0,1,1,0,0,21,21
2677,0,0,0,0,0,0,1,1,0,0,21,21
2678,0,0,0,0,0,0,1,1,0,0,21,21
2679,0,0,0,0,0,0,1,1,0,0,21,21
2680,0,0,0,0,0,1,1,1,0,0,21,21
2681,0,0,0,0,0,1,1,1,0,0,21,21
2682,0,0,0,0,0,1,1,1,0,0,21,21
2683,0,0,0,0,0,1,1,1,0,0,21,21
2684,0,0,0,0,0,0,1,1,0,0,21,21
2685,0,0,0,0,0,0,1,1,0,0,21,21
2686,0,0,0,0,0,0,1,1,0,0,21,21
2687,0,0,0,0,0,1,1,1,0,0,21,21
2688,0,0,0,0,0,1,1,1,0,0,21,21
2689,0,0,0,0,0,0,1,1,0,0,21,21
2690,0,0,0,0,0,0,1,1,0,0,21,21
2691,0,1,0,1,0,1,1,1,0,1,21,1
2692,0,1,0,1,0,1,1,1,0,1,21,1
2693,0,1,0,1,0,1,1,1,0,0,21,14
2694,0,0,0,0,0,0,1,1,0,0,21,21
2695,0,0,0,0,0,1,1,1,0,0,21,21
2696,0,1,0,1,0,1,1,1,0,1,21,1
2697,0,0,0,0,0,1,1,1,0,0,21,21
2698,0,0,0,0,0,0,1,1,0,0,21,21
2699,0,0,0,0,0,0,1,1,0,0,21,21
2700,0,0,0,0,0,1,1,1,0,0,21,21
2701,0,0,0,0,0,0,1,1,0,0,21,21
2702,0,0,0,0,0,0,1,1,0,0,21,21
2703,0,0,0,0,0,0,1,1,0,0,21,21
2704,0,0,0,0,0,1,1,1,0,0,21,21
2705,0,0,0,0,0,0,1,1,0,0,21,21
2706,0,0,0,0,0,0,1,1,0,0,21,21
2707,0,0,0,0,0,0,1,1,0,0,21,21
2708,0,0,0,0,0,1,1,1,0,0,21,21
2709,0,0,0,0,0,1,1,1,0,0,21,21
2710,0,0,0,0,0,0,1,1,0,0,21,21
2711,0,1,0,1,0,1,1,1,0,0,21,12
2712,0,0,0,0,0,1,1,1,0,0,21,21
2713,0,0,0,0,0,0,1,1,0,0,21,21
2714,0,0,0,0,0,1,1,1,0,0,21,21
2715,0,1,0,1,0,1,1,1,0,1,21,1
2716,0,0,0,0,0,0,1,1,0,0,21,21
2717,0,0,0,0,0,1,1,1,0,0,21,21
2718,0,0,0,0,0,0,1,1,0,0,21,21
2719,0,0,0,0,0,1,1,1,0,0,21,21
2720,0,1,0,1,0,1,1,1,0,0,21,12
2721,0,0,0,0,0,1,1,1,0,0,21,21
2722,0,0,0,0,0,0,1,1,0,0,21,21
2723,0,0,0,0,0,0,1,1,0,0,21,21
2724,0,0,0,0,0,0,1,1,0,0,21,21
2725,0,1,0,1,0,1,1,1,0,0,21,4
2726,0,0,0,0,0,1,1,1,0,0,21,21
2727,0,0,0,0,0,1,1,1,0,0,21,21
2728,0,0,0,0,0,0,1,1,0,0,21,21
2729,0,0,0,0,0,1,1,1,0,0,21,21
2730,0,0,0,0,0,0,1,1,0,0,21,21
2731,0,1,0,1,0,1,1,1,0,0,21,3
2732,0,1,0,1,0,1,1,1,0,0,21,8
2733,0,0,0,0,0,0,1,1,0,0,21,21
2734,0,0,0,0,0,1,1,1,0,0,21,21
2735,0,0,0,0,0,0,1,1,0,0,21,21
2736,0,0,0,0,0,1,1,1,0,0,21,21
2737,0,0,0,0,0,0,1,1,0,0,21,21
2738,0,0,0,0,0,1,1,1,0,0,21,21
2739,0,0,0,0,0,1,1,1,0,0,21,21
2740,0,0,0,0,0,1,1,1,0,0,21,21
2741,0,0,0,0,0,0,1,1,0,0,21,21
2742,0,0,0,0,0,1,1,1,0,0,21,21
2743,0,0,0,0,0,0,1,1,0,0,21,21
2744,0,0,0,0,0,1,1,1,0,0,21,21
2745,0,0,0,0,0,1,1,1,0,0,21,21
2746,0,0,0,0,0,0,1,1,0,0,21,21
2747,0,0,0,0,0,0,1,1,0,0,21,21
2748,0,1,0,1,0,1,1,1,0,0,21,15
2749,0,0,0,0,0,0,1,1,0,0,21,21
2750,0,0,0,0,0,1,1,1,0,0,21,21
2751,0,0,0,0,0,0,1,1,0,0,21,21
2752,0,0,0,0,0,1,1,1,0,0,21,21
2753,0,0,0,0,0,0,1,1,0,0,21,21
2754,0,0,0,0,0,0,1,1,0,0,21,21
2755,0,0,0,0,0,1,1,1,0,0,21,21
2756,0,0,0,0,0,0,1,1,0,0,21,21
2757,0,0,0,0,0,1,1,1,0,0,21,21
2758,0,0,0,0,0,0,1,1,0,0,21,21
2759,0,0,0,0,0,0,1,1,0,0,21,21
2760,0,0,0,0,0,0,1,1,0,0,21,21
2761,0,0,0,0,0,1,1,1,0,0,21,21
2762,0,0,0,0,0,1,1,1,0,0,21,21
2763,0,0,0,0,0,0,1,1,0,0,21,21
2764,0,0,0,0,0,0,1,1,0,0,21,21
2765,0,0,0,0,0,0,1,1,0,0,21,21
2766,0,0,0,0,0,1,1,1,0,0,21,21
2767,0,0,0,0,0,1,1,1,0,0,21,21
2768,0,0,0,0,0,1,1,1,0,0,21,21
2769,0,0,0,0,0,0,1,1,0,0,21,21
2770,0,0,0,0,0,0,1,1,0,0,21,21
2771,0,0,0,0,0,1,1,1,0,0,21,21
2772,0,1,0,1,0,1,1,1,0,1,21,1
2773,0,0,0,0,0,1,1,1,0,0,21,21
2774,0,1,0,1,0,1,1,1,0,1,21,1
2775,0,0,0,0,0,0,1,1,0,0,21,21
2776,0,0,0,0,0,1,1,1,0,0,21,21
2777,0,0,0,0,0,0,1,1,0,0,21,21
2778,0,0,0,0,0,0,1,1,0,0,21,21
2779,0,0,0,0,0,1,1,1,0,0,21,21
2780,0,0,0,0,0,1,1,1,0,0,21,21
2781,0,0,0,0,0,0,1,1,0,0,21,21
2782,0,0,0,0,0,1,1,1,0,0,21,21
2783,0,0,0,0,0,1,1,1,0,0,21,21
2784,0,1,0,1,0,1,1,1,0,1,21,1
2785,0,0,0,0,0,0,1,1,0,0,21,21
2786,0,0,0,0,0,0,1,1,0,0,21,21
2787,0,0,0,0,0,0,1,1,0,0,21,21
2788,0,0,0,0,0,0,1,1,0,0,21,21
2789,0,1,0,1,0,1,1,1,0,1,21,1
2790,0,0,0,0,1,0,1,1,0,0,21,21
2791,0,0,0,0,0,0,1,1,0,0,21,21
2792,0,0,0,0,0,0,1,1,0,0,21,21
2793,0,1,0,1,0,1,1,1,0,1,21,1
2794,0,0,0,0,0,1,1,1,0,0,21,21
2795,0,0,0,0,0,0,1,1,0,0,21,21
2796,0,0,0,0,0,1,1,1,0,0,21,21
2797,0,0,0,0,0,0,1,1,0,0,21,21
2798,0,0,0,0,0,1,1,1,0,0,21,21
2799,0,0,0,0,0,0,1,1,0,0,21,21
2800,0,0,0,0,0,0,1,1,0,0,21,21
2801,0,0,0,0,0,0,1,1,0,0,21,21
2802,0,0,0,0,0,1,1,1,0,0,21,21
2803,0,0,0,0,0,1,1,1,0,0,21,21
2804,0,0,0,0,1,0,1,1,0,0,21,21
2805,0,0,0,0,0,0,1,1,0,0,21,21
2806,0,1,0,1,0,1,1,1,0,1,21,1
2807,0,0,0,0,0,0,1,1,0,0,21,21
2808,0,0,0,0,0,0,1,1,0,0,21,21
2809,0,0,0,0,0,1,1,1,0,0,21,21
2810,0,0,0,0,0,0,1,1,0,0,21,21
2811,0,1,0,1,0,1,1,1,0,1,21,1
2812,0,0,0,0,0,1,1,1,0,0,21,21
2813,0,0,0,0,0,1,1,1,0,0,21,21
2814,0,0,0,0,0,1,1,1,0,0,21,21
2815,0,0,0,0,0,1,1,1,0,0,21,21
2816,0,0,0,0,0,0,1,1,0,0,21,21
2817,0,1,0,1,0,1,1,1,0,1,21,1
2818,0,0,0,0,0,1,1,1,0,0,21,21
2819,0,0,0,0,0,1,1,1,0,0,21,21
2820,0,0,0,0,1,1,1,1,0,0,21,21
2821,0,0,0,0,0,0,1,1,0,0,21,21
2822,0,0,0,0,0,0,1,1,0,0,21,21
2823,0,0,0,0,0,0,1,1,0,0,21,21
2824,0,0,0,0,0,0,1,1,0,0,21,21
2825,0,0,0,0,0,0,1,1,0,0,21,21
2826,0,0,0,0,0,0,1,1,0,0,21,21
2827,0,0,0,0,0,0,1,1,0,0,21,21
2828,0,0,0,0,0,1,1,1,0,0,21,21
2829,0,0,0,0,0,0,1,1,0,0,21,21
2830,0,0,0,0,0,1,1,1,0,0,21,21
2831,0,0,0,0,0,0,1,1,0,0,21,21
2832,0,0,0,0,0,0,1,1,0,0,21,21
2833,0,0,0,0,0,0,1,1,0,0,21,21
2834,0,0,0,0,0,0,1,1,0,0,21,21
2835,0,0,0,0,0,0,1,1,0,0,21,21
2836,0,0,0,0,0,0,1,1,0,0,21,21
2837,0,0,0,0,0,0,1,1,0,0,21,21
2838,0,0,0,0,0,0,1,1,0,0,21,21
2839,0,0,0,0,0,0,1,1,0,0,21,21
2840,0,0,0,0,0,1,1,1,0,0,21,21
2841,0,0,0,0,0,1,1,1,0,0,21,21
2842,0,0,0,0,0,1,1,1,0,0,21,21
2843,0,0,0,0,0,1,1,1,0,0,21,21
2844,0,0,0,0,0,1,1,1,0,0,21,21
2845,0,0,0,0,0,0,1,1,0,0,21,21
2846,0,0,0,0,0,1,1,1,0,0,21,21
2847,0,0,0,0,1,1,1,1,0,0,21,21
2848,0,1,0,1,0,1,1,1,0,1,21,1
2849,0,0,0,0,0,1,1,1,0,0,21,21
2850,0,1,0,1,0,1,1,1,0,1,21,1
2851,0,0,0,0,0,1,1,1,0,0,21,21
2852,0,0,0,0,0,1,1,1,0,0,21,21
2853,0,0,0,0,0,0,1,1,0,0,21,21
2854,0,0,0,0,0,0,1,1,0,0,21,21
2855,0,0,0,0,0,0,1,1,0,0,21,21
2856,0,0,0,0,0,0,1,1,0,0,21,21
2857,0,0,0,0,0,1,1,1,0,0,21,21
2858,0,0,0,0,0,0,1,1,0,0,21,21
2859,0,0,0,0,0,0,1,1,0,0,21,21
2860,0,0,0,0,0,0,1,1,0,0,21,21
2861,0,0,0,0,0,1,1,1,0,0,21,21
2862,0,0,0,0,0,1,1,1,0,0,21,21
2863,0,0,0,0,0,0,1,1,0,0,21,21
2864,0,0,0,0,0,0,1,1,0,0,21,21
2865,0,0,0,0,0,0,1,1,0,0,21,21
2866,0,0,0,0,0,0,1,1,0,0,21,21
2867,0,0,0,0,0,0,1,1,0,0,21,21
2868,0,0,0,0,0,0,1,1,0,0,21,21
2869,0,0,0,0,0,0,1,1,0,0,21,21
2870,0,1,0,1,0,1,1,1,0,1,21,1
2871,0,0,0,0,0,0,1,1,0,0,21,21
2872,0,1,0,1,0,1,1,1,0,1,21,1
2873,0,0,0,0,0,1,1,1,0,0,21,21
2874,0,0,0,0,0,1,1,1,0,0,21,21
2875,0,1,0,1,0,1,1,1,0,0,21,9
2876,0,0,0,0,0,1,1,1,0,0,21,21
2877,0,0,0,0,0,0,1,1,0,0,21,21
2878,0,0,0,0,0,0,1,1,0,0,21,21
2879,0,0,0,0,0,0,1,1,0,0,21,21
2880,0,0,0,0,0,0,1,1,0,0,21,21
2881,0,0,0,0,0,0,1,1,0,0,21,21
2882,0,0,0,0,0,1,1,1,0,0,21,21
2883,0,0,0,0,0,0,1,1,0,0,21,21
2884,0,0,0,0,0,0,1,1,0,0,21,21
2885,0,0,0,0,0,1,1,1,0,0,21,21
2886,0,0,0,0,0,1,1,1,0,0,21,21
2887,0,0,0,0,1,0,1,1,0,0,21,21
2888,0,0,0,0,0,0,1,1,0,0,21,21
2889,0,0,0,0,0,0,1,1,0,0,21,21
2890,0,0,0,0,0,1,1,1,0,0,21,21
2891,0,0,0,0,0,1,1,1,0,0,21,21
2892,0,0,0,0,0,1,1,1,0,0,21,21
2893,0,0,0,0,0,1,1,1,0,0,21,21
2894,0,0,0,0,0,0,1,1,0,0,21,21
2895,0,0,0,0,0,1,1,1,0,0,21,21
2896,0,1,0,1,0,1,1,1,0,1,21,1
2897,0,0,0,0,0,1,1,1,0,0,21,21
2898,0,0,0,0,0,1,1,1,0,0,21,21
2899,0,0,0,0,0,0,1,1,0,0,21,21
2900,0,0,0,0,0,0,1,1,0,0,21,21
2901,0,0,0,0,0,0,1,1,0,0,21,21
2902,0,0,0,0,0,1,1,1,0,0,21,21
2903,0,0,0,0,0,1,1,1,0,0,21,21
2904,0,0,0,0,0,0,1,1,0,0,21,21
2905,0,0,0,0,0,0,1,1,0,0,21,21
2906,0,0,0,0,0,0,1,1,0,0,21,21
2907,0,0,0,0,1,0,1,1,0,0,21,21
2908,0,0,0,0,0,0,1,1,0,0,21,21
2909,0,0,0,0,0,1,1,1,0,0,21,21
2910,0,0,0,0,0,0,1,1,0,0,21,21
2911,0,1,0,1,0,1,1,1,0,1,21,1
2912,0,0,0,0,1,0,1,1,0,0,21,21
2913,0,0,0,0,0,1,1,1,0,0,21,21
2914,0,0,0,0,0,0,1,1,0,0,21,21
2915,0,0,0,0,0,0,1,1,0,0,21,21
2916,0,0,0,0,0,0,1,1,0,0,21,21
2917,0,0,0,0,0,1,1,1,0,0,21,21
2918,0,0,0,0,0,0,1,1,0,0,21,21
2919,0,0,0,0,0,0,1,1,0,0,21,21
2920,0,1,0,1,0,1,1,1,0,1,21,1
2921,0,0,0,0,0,1,1,1,0,0,21,21
2922,0,0,0,0,0,0,1,1,0,0,21,21
2923,0,0,0,0,0,1,1,1,0,0,21,21
2924,0,0,0,0,0,0,1,1,0,0,21,21
2925,0,0,0,0,0,1,1,1,0,0,21,21
2926,0,0,0,0,0,0,1,1,0,0,21,21
2927,0,0,0,0,0,1,1,1,0,0,21,21
2928,0,0,0,0,0,1,1,1,0,0,21,21
2929,0,0,0,0,0,0,1,1,0,0,21,21
2930,0,0,0,0,0,1,1,1,0,0,21,21
2931,0,0,0,0,0,0,1,1,0,0,21,21
2932,0,1,0,1,0,1,1,1,0,0,21,12
2933,0,0,0,0,0,0,1,1,0,0,21,21
2934,0,0,0,0,0,1,1,1,0,0,21,21
2935,0,0,0,0,0,0,1,1,0,0,21,21
2936,0,0,0,0,0,1,1,1,0,0,21,21
2937,0,0,0,0,1,1,1,1,0,0,21,21
2938,0,0,0,0,0,0,1,1,0,0,21,21
2939,0,0,0,0,0,0,1,1,0,0,21,21
2940,0,0,0,0,0,0,1,1,0,0,21,21
2941,0,0,0,0,0,0,1,1,0,0,21,21
2942,0,0,0,0,0,0,1,1,0,0,21,21
2943,0,0,0,0,0,1,1,1,0,0,21,21
2944,0,0,0,0,0,0,1,1,0,0,21,21
2945,0,1,0,1,0,1,1,1,0,0,21,5
2946,0,0,0,0,0,1,1,1,0,0,21,21
2947,0,0,0,0,0,1,1,1,0,0,21,21
2948,0,0,0,0,0,1,1,1,0,0,21,21
2949,0,0,0,0,0,0,1,1,0,0,21,21
2950,0,0,0,0,0,0,1,1,0,0,21,21
2951,0,0,0,0,0,0,1,1,0,0,21,21
2952,0,0,0,0,0,0,1,1,0,0,21,21
2953,0,0,0,0,0,1,1,1,0,0,21,21
2954,0,0,0,0,0,0,1,1,0,0,21,21
2955,0,0,0,0,0,0,1,1,0,0,21,21
2956,0,0,0,0,0,1,1,1,0,0,21,21
2957,0,0,0,0,0,1,1,1,0,0,21,21
2958,0,0,0,0,0,0,1,1,0,0,21,21
2959,0,0,0,0,0,0,1,1,0,0,21,21
2960,0,0,0,0,0,1,1,1,0,0,21,21
2961,0,1,0,1,0,1,1,1,0,1,21,1
2962,0,0,0,0,0,1,1,1,0,0,21,21
2963,0,0,0,0,0,0,1,1,0,0,21,21
2964,0,0,0,0,0,1,1,1,0,0,21,21
2965,0,0,0,0,0,0,1,1,0,0,21,21
2966,0,0,0,0,0,0,1,1,0,0,21,21
2967,0,0,0,0,0,1,1,1,0,0,21,21
2968,0,0,0,0,0,1,1,1,0,0,21,21
2969,0,0,0,0,0,0,1,1,0,0,21,21
2970,0,0,0,0,0,0,1,1,0,0,21,21
2971,0,1,0,1,0,1,1,1,0,0,21,2
2972,0,0,0,0,0,1,1,1,0,0,21,21
2973,0,1,0,1,0,1,1,1,0,1,21,1
2974,0,0,0,0,0,0,1,1,0,0,21,21
2975,0,0,0,0,0,0,1,1,0,0,21,21
2976,0,0,0,0,0,1,1,1,0,0,21,21
2977,0,0,0,0,0,1,1,1,0,0,21,21
2978,0,0,0,0,0,0,1,1,0,0,21,21
2979,0,0,0,0,0,0,1,1,0,0,21,21
2980,0,0,0,0,0,1,1,1,0,0,21,21
2981,0,0,0,0,0,1,1,1,0,0,21,21
2982,0,0,0,0,0,0,1,1,0,0,21,21
2983,0,0,0,0,0,1,1,1,0,0,21,21
2984,0,0,0,0,0,0,1,1,0,0,21,21
2985,0,0,0,0,0,0,1,1,0,0,21,21
2986,0,0,0,0,0,0,1,1,0,0,21,21
2987,0,0,0,0,1,1,1,1,0,0,21,21
2988,0,1,0,1,0,1,1,1,0,0,21,4
2989,0,0,0,0,0,1,1,1,0,0,21,21
2990,0,0,0,0,0,1,1,1,0,0,21,21
2991,0,1,0,1,0,1,1,1,0,1,21,1
2992,0,0,0,0,0,0,1,1,0,0,21,21
2993,0,0,0,0,0,0,1,1,0,0,21,21
2994,0,0,0,0,0,1,1,1,0,0,21,21
2995,0,0,0,0,0,1,1,1,0,0,21,21
2996,0,0,0,0,0,1,1,1,0,0,21,21
2997,0,0,0,0,0,1,1,1,0,0,21,21
2998,0,0,0,0,0,0,1,1,0,0,21,21
2999,0,0,0,0,0,0,1,1,0,0,21,21
3000,0,1,0,1,0,1,1,1,0,0,21,4
3001,0,0,0,0,0,1,1,1,0,0,21,21
3002,0,0,0,0,0,0,1,1,0,0,21,21
3003,0,0,0,0,0,1,1,1,0,0,21,21
3004,0,1,0,1,0,1,1,1,0,1,21,1
3005,0,0,0,0,0,1,1,1,0,0,21,21
3006,0,0,0,0,0,0,1,1,0,0,21,21
3007,0,0,0,0,0,0,1,1,0,0,21,21
3008,0,0,0,0,0,1,1,1,0,0,21,21
3009,0,0,0,0,0,0,1,1,0,0,21,21
3010,0,1,0,1,0,1,1,1,0,1,21,1
3011,0,0,0,0,0,0,1,1,0,0,21,21
3012,0,0,0,0,0,0,1,1,0,0,21,21
3013,0,0,0,0,0,0,1,1,0,0,21,21
3014,0,0,0,0,0,0,1,1,0,0,21,21
3015,0,0,0,0,0,0,1,1,0,0,21,21
3016,0,0,0,0,0,1,1,1,0,0,21,21
3017,0,0,0,0,0,0,1,1,0,0,21,21
3018,0,0,0,0,0,1,1,1,0,0,21,21
3019,0,0,0,0,0,0,1,1,0,0,21,21
3020,0,0,0,0,0,1,1,1,0,0,21,21
3021,0,0,0,0,0,0,1,1,0,0,21,21
3022,0,0,0,0,0,1,1,1,0,0,21,21
3023,0,0,0,0,0,0,1,1,0,0,21,21
3024,0,0,0,0,0,0,1,1,0,0,21,21
3025,0,0,0,0,0,0,1,1,0,0,21,21
3026,0,0,0,0,0,0,1,1,0,0,21,21
3027,0,0,0,0,0,1,1,1,0,0,21,21
3028,0,0,0,0,0,0,1,1,0,0,21,21
3029,0,1,0,1,0,1,1,1,0,1,21,1
3030,0,0,0,0,0,0,1,1,0,0,21,21
3031,0,0,0,0,0,0,1,1,0,0,21,21
3032,0,0,0,0,0,1,1,1,0,0,21,21
3033,0,0,0,0,0,1,1,1,0,0,21,21
3034,0,0,0,0,0,1,1,1,0,0,21,21
3035,0,0,0,0,0,0,1,1,0,0,21,21
3036,0,0,0,0,0,0,1,1,0,0,21,21
3037,0,1,0,1,0,1,1,1,0,0,21,20
3038,0,0,0,0,0,1,1,1,0,0,21,21
3039,0,0,0,0,0,1,1,1,0,0,21,21
3040,0,0,0,0,0,1,1,1,0,0,21,21
3041,0,0,0,0,0,0,1,1,0,0,21,21
3042,0,0,0,0,0,1,1,1,0,0,21,21
3043,0,0,0,0,0,1,1,1,0,0,21,21
3044,0,0,0,0,0,0,1,1,0,0,21,21
3045,0,0,0,0,0,0,1,1,0,0,21,21
3046,0,0,0,0,0,0,1,1,0,0,21,21
3047,0,0,0,0,0,0,1,1,0,0,21,21
3048,0,0,0,0,0,0,1,1,0,0,21,21
3049,0,0,0,0,0,1,1,1,0,0,21,21
3050,0,0,0,0,0,0,1,1,0,0,21,21
3051,0,0,0,0,0,0,1,1,0,0,21,21
3052,0,0,0,0,0,0,1,1,0,0,21,21
3053,0,0,0,0,1,1,1,1,0,0,21,21
3054,0,0,0,0,0,1,1,1,0,0,21,21
3055,0,0,0,0,0,1,1,1,0,0,21,21
3056,0,0,0,0,0,0,1,1,0,0,21,21
3057,0,0,0,0,0,0,1,1,0,0,21,21
3058,0,0,0,0,0,1,1,1,0,0,21,21
3059,0,0,0,0,0,1,1,1,0,0,21,21
3060,0,0,0,0,0,1,1,1,0,0,21,21
3061,0,0,0,0,0,0,1,1,0,0,21,21
3062,0,0,0,0,0,0,1,1,0,0,21,21
3063,0,1,0,1,0,1,1,1,0,1,21,1
3064,0,0,0,0,0,0,1,1,0,0,21,21
3065,0,0,0,0,0,0,1,1,0,0,21,21
3066,0,0,0,0,0,0,1,1,0,0,21,21
3067,0,0,0,0,0,1,1,1,0,0,21,21
3068,0,0,0,0,0,0,1,1,0,0,21,21
3069,0,0,0,0,0,0,1,1,0,0,21,21
3070,0,0,0,0,0,1,1,1,0,0,21,21
3071,0,0,0,0,0,0,1,1,0,0,21,21
3072,0,0,0,0,0,1,1,1,0,0,21,21
3073,0,0,0,0,0,0,1,1,0,0,21,21
3074,0,0,0,0,0,0,1,1,0,0,21,21
3075,0,0,0,0,0,0,1,1,0,0,21,21
3076,0,0,0,0,0,1,1,1,0,0,21,21
3077,0,1,0,1,0,1,1,1,0,1,21,1
3078,0,0,0,0,0,1,1,1,0,0,21,21
3079,0,0,0,0,0,0,1,1,0,0,21,21
3080,0,0,0,0,0,0,1,1,0,0,21,21
3081,0,0,0,0,0,1,1,1,0,0,21,21
3082,0,1,0,1,0,1,1,1,0,1,21,1
3083,0,0,0,0,0,1,1,1,0,0,21,21
3084,0,0,0,0,0,1,1,1,0,0,21,21
3085,0,0,0,0,0,1,1,1,0,0,21,21
3086,0,0,0,0,0,0,1,1,0,0,21,21
3087,0,0,0,0,0,1,1,1,0,0,21,21
3088,0,0,0,0,0,0,1,1,0,0,21,21
3089,0,0,0,0,0,1,1,1,0,0,21,21
3090,0,0,0,0,0,0,1,1,0,0,21,21
3091,0,0,0,0,0,1,1,1,0,0,21,21
3092,0,0,0,0,0,0,1,1,0,0,21,21
3093,0,0,0,0,0,0,1,1,0,0,21,21
3094,0,0,0,0,0,0,1,1,0,0,21,21
3095,0,0,0,0,0,1,1,1,0,0,21,21
3096,0,0,0,0,0,0,1,1,0,0,21,21
3097,0,0,0,0,0,0,1,1,0,0,21,21
3098,0,0,0,0,0,1,1,1,0,0,21,21
3099,0,0,0,0,0,1,1,1,0,0,21,21
3100,0,0,0,0,0,0,1,1,0,0,21,21
3101,0,0,0,0,0,0,1,1,0,0,21,21
3102,0,0,0,0,0,0,1,1,0,0,21,21
3103,0,0,0,0,0,0,1,1,0,0,21,21
3104,0,0,0,0,0,1,1,1,0,0,21,21
3105,0,0,0,0,0,0,1,1,0,0,21,21
3106,0,0,0,0,0,1,1,1,0,0,21,21
3107,0,0,0,0,1,0,1,1,0,0,21,21
3108,0,0,0,0,0,1,1,1,0,0,21,21
3109,0,0,0,0,0,0,1,1,0,0,21,21
3110,0,0,0,0,0,0,1,1,0,0,21,21
3111,0,0,0,0,0,0,1,1,0,0,21,21
3112,0,0,0,0,0,0,1,1,0,0,21,21
3113,0,0,0,0,0,0,1,1,0,0,21,21
3114,0,0,0,0,0,0,1,1,0,0,21,21
3115,0,0,0,0,0,1,1,1,0,0,21,21
3116,0,0,0,0,0,0,1,1,0,0,21,21
3117,0,0,0,0,0,1,1,1,0,0,21,21
3118,0,0,0,0,0,0,1,1,0,0,21,21
3119,0,0,0,0,0,0,1,1,0,0,21,21
3120,0,0,0,0,0,0,1,1,0,0,21,21
3121,0,0,0,0,0,1,1,1,0,0,21,21
3122,0,1,0,1,0,1,1,1,0,0,21,9
3123,0,0,0,0,0,0,1,1,0,0,21,21
3124,0,1,0,1,0,1,1,1,0,0,21,2
3125,0,0,0,0,0,1,1,1,0,0,21,21
3126,0,1,0,1,0,1,1,1,0,0,21,5
3127,0,0,0,0,0,1,1,1,0,0,21,21
3128,0,0,0,0,0,1,1,1,0,0,21,21
3129,0,0,0,0,0,0,1,1,0,0,21,21
3130,0,0,0,0,0,1,1,1,0,0,21,21
3131,0,0,0,0,0,1,1,1,0,0,21,21
3132,0,0,0,0,0,0,1,1,0,0,21,21
3133,0,0,0,0,0,0,1,1,0,0,21,21
3134,0,0,0,0,0,1,1,1,0,0,21,21
3135,0,0,0,0,0,1,1,1,0,0,21,21
3136,0,0,0,0,0,0,1,1,0,0,21,21
3137,0,0,0,0,0,0,1,1,0,0,21,21
3138,0,0,0,0,0,1,1,1,0,0,21,21
3139,0,0,0,0,0,1,1,1,0,0,21,21
3140,0,1,0,1,0,1,1,1,0,0,21,4
3141,0,0,0,0,0,0,1,1,0,0,21,21
3142,0,0,0,0,0,0,1,1,0,0,21,21
3143,0,0,0,0,0,0,1,1,0,0,21,21
3144,0,0,0,0,0,0,1,1,0,0,21,21
3145,0,0,0,0,0,0,1,1,0,0,21,21
3146,0,1,0,1,0,1,1,1,0,1,21,1
3147,0,0,0,0,0,0,1,1,0,0,21,21
3148,0,0,0,0,0,1,1,1,0,0,21,21
3149,0,0,0,0,0,0,1,1,0,0,21,21
3150,0,0,0,0,0,0,1,1,0,0,21,21
3151,0,1,0,1,0,1,1,1,0,1,21,1
3152,0,0,0,0,0,0,1,1,0,0,21,21
3153,0,0,0,0,0,1,1,1,0,0,21,21
3154,0,1,0,1,0,1,1,1,0,1,21,1
3155,0,1,0,1,0,1,1,1,0,0,21,8
3156,0,0,0,0,0,1,1,1,0,0,21,21
3157,0,0,0,0,0,0,1,1,0,0,21,21
3158,0,0,0,0,0,0,1,1,0,0,21,21
3159,0,0,0,0,0,1,1,1,0,0,21,21
3160,0,0,0,0,0,1,1,1,0,0,21,21
3161,0,0,0,0,0,1,1,1,0,0,21,21
3162,0,0,0,0,0,0,1,1,0,0,21,21
3163,0,0,0,0,0,0,1,1,0,0,21,21
3164,0,0,0,0,0,1,1,1,0,0,21,21
3165,0,0,0,0,0,0,1,1,0,0,21,21
3166,0,0,0,0,0,0,1,1,0,0,21,21
3167,0,0,0,0,0,1,1,1,0,0,21,21
3168,0,0,0,0,0,0,1,1,0,0,21,21
3169,0,0,0,0,0,0,1,1,0,0,21,21
3170,0,0,0,0,0,0,1,1,0,0,21,21
3171,0,0,0,0,0,1,1,1,0,0,21,21
3172,0,0,0,0,0,1,1,1,0,0,21,21
3173,0,0,0,0,0,1,1,1,0,0,21,21
3174,0,0,0,0,0,1,1,1,0,0,21,21
3175,0,0,0,0,0,0,1,1,0,0,21,21
3176,0,0,0,0,0,1,1,1,0,0,21,21
3177,0,0,0,0,0,1,1,1,0,0,21,21
3178,0,1,0,1,0,1,1,1,0,1,21,1
3179,0,0,0,0,0,0,1,1,0,0,21,21
3180,0,0,0,0,0,0,1,1,0,0,21,21
3181,0,0,0,0,0,1,1,1,0,0,21,21
3182,0,0,0,0,0,1,1,1,0,0,21,21
3183,0,0,0,0,0,0,1,1,0,0,21,21
3184,0,0,0,0,0,0,1,1,0,0,21,21
3185,0,0,0,0,0,0,1,1,0,0,21,21
3186,0,0,0,0,0,0,1,1,0,0,21,21
3187,0,0,0,0,0,1,1,1,0,0,21,21
3188,0,0,0,0,0,0,1,1,0,0,21,21
3189,0,0,0,0,0,0,1,1,0,0,21,21
3190,0,1,0,1,0,1,1,1,0,0,21,16
3191,0,0,0,0,0,1,1,1,0,0,21,21
3192,0,0,0,0,0,0,1,1,0,0,21,21
3193,0,0,0,0,0,0,1,1,0,0,21,21
3194,0,0,0,0,0,0,1,1,0,0,21,21
3195,0,0,0,0,0,1,1,1,0,0,21,21
3196,0,0,0,0,0,0,1,1,0,0,21,21
3197,0,0,0,0,0,0,1,1,0,0,21,21
3198,0,0,0,0,0,0,1,1,0,0,21,21
3199,0,0,0,0,0,0,1,1,0,0,21,21
3200,0,0,0,0,0,0,1,1,0,0,21,21
3201,0,0,0,0,0,0,1,1,0,0,21,21
3202,0,0,0,0,0,0,1,1,0,0,21,21
3203,0,0,0,0,0,0,1,1,0,0,21,21
3204,0,0,0,0,0,0,1,1,0,0,21,21
3205,0,0,0,0,0,0,1,1,0,0,21,21
3206,0,0,0,0,0,0,1,1,0,0,21,21
3207,0,0,0,0,0,1,1,1,0,0,21,21
3208,0,0,0,0,0,0,1,1,0,0,21,21
3209,0,0,0,0,0,1,1,1,0,0,21,21
3210,0,0,0,0,0,0,1,1,0,0,21,21
3211,0,0,0,0,0,0,1,1,0,0,21,21
3212,0,0,0,0,0,0,1,1,0,0,21,21
3213,0,0,0,0,0,0,1,1,0,0,21,21
3214,0,0,0,0,0,0,1,1,0,0,21,21
3215,0,0,0,0,0,0,1,1,0,0,21,21
3216,0,0,0,0,0,1,1,1,0,0,21,21
3217,0,0,0,0,0,0,1,1,0,0,21,21
3218,0,0,0,0,0,1,1,1,0,0,21,21
3219,0,0,0,0,0,1,1,1,0,0,21,21
3220,0,0,0,0,0,1,1,1,0,0,21,21
3221,0,0,0,0,0,1,1,1,0,0,21,21
3222,0,1,0,1,0,1,1,1,0,1,21,1
3223,0,0,0,0,0,0,1,1,0,0,21,21
3224,0,0,0,0,0,0,1,1,0,0,21,21
3225,0,0,0,0,0,1,1,1,0,0,21,21
3226,0,0,0,0,0,0,1,1,0,0,21,21
3227,0,0,0,0,0,0,1,1,0,0,21,21
3228,0,0,0,0,0,0,1,1,0,0,21,21
3229,0,0,0,0,0,1,1,1,0,0,21,21
3230,0,0,0,0,0,0,1,1,0,0,21,21
3231,0,1,0,1,0,1,1,1,0,1,21,1
3232,0,0,0,0,0,1,1,1,0,0,21,21
3233,0,0,0,0,0,0,1,1,0,0,21,21
3234,0,1,0,1,0,1,1,1,0,1,21,1
3235,0,0,0,0,0,0,1,1,0,0,21,21
3236,0,0,0,0,0,0,1,1,0,0,21,21
3237,0,0,0,0,0,1,1,1,0,0,21,21
3238,0,0,0,0,0,0,1,1,0,0,21,21
3239,0,1,0,1,0,1,1,1,0,0,21,13
3240,0,0,0,0,0,1,1,1,0,0,21,21
3241,0,0,0,0,0,0,1,1,0,0,21,21
3242,0,0,0,0,0,0,1,1,0,0,21,21
3243,0,0,0,0,0,1,1,1,0,0,21,21
3244,0,0,0,0,0,0,1,1,0,0,21,21
3245,0,0,0,0,0,1,1,1,0,0,21,21
3246,0,0,0,0,0,0,1,1,0,0,21,21
3247,0,0,0,0,0,0,1,1,0,0,21,21
3248,0,0,0,0,0,0,1,1,0,0,21,21
3249,0,0,0,0,0,1,1,1,0,0,21,21
3250,0,0,0,0,0,1,1,1,0,0,21,21
3251,0,0,0,0,0,0,1,1,0,0,21,21
3252,0,0,0,0,0,1,1,1,0,0,21,21
3253,0,0,0,0,0,0,1,1,0,0,21,21
3254,0,0,0,0,0,1,1,1,0,0,21,21
3255,0,0,0,0,0,0,1,1,0,0,21,21
3256,0,0,0,0,0,0,1,1,0,0,21,21
3257,0,0,0,0,0,0,1,1,0,0,21,21
3258,0,0,0,0,0,1,1,1,0,0,21,21
3259,0,0,0,0,0,0,1,1,0,0,21,21
3260,0,0,0,0,0,1,1,1,0,0,21,21
3261,0,0,0,0,0,0,1,1,0,0,21,21
3262,0,0,0,0,0,1,1,1,0,0,21,21
3263,0,1,0,1,0,1,1,1,0,0,21,19
3264,0,0,0,0,0,0,1,1,0,0,21,21
3265,0,0,0,0,0,0,1,1,0,0,21,21
3266,0,0,0,0,0,1,1,1,0,0,21,21
3267,0,0,0,0,0,0,1,1,0,0,21,21
3268,0,0,0,0,0,0,1,1,0,0,21,21
3269,0,1,0,1,0,1,1,1,0,0,21,6
3270,0,0,0,0,0,1,1,1,0,0,21,21
3271,0,1,0,1,0,1,1,1,0,1,21,1
3272,0,0,0,0,0,0,1,1,0,0,21,21
3273,0,0,0,0,0,0,1,1,0,0,21,21
3274,0,0,0,0,0,0,1,1,0,0,21,21
3275,0,0,0,0,0,1,1,1,0,0,21,21
3276,0,0,0,0,0,1,1,1,0,0,21,21
3277,0,0,0,0,0,1,1,1,0,0,21,21
3278,0,0,0,0,0,0,1,1,0,0,21,21
3279,0,0,0,0,0,0,1,1,0,0,21,21
3280,0,0,0,0,0,1,1,1,0,0,21,21
3281,0,0,0,0,0,1,1,1,0,0,21,21
3282,0,0,0,0,0,1,1,1,0,0,21,21
3283,0,0,0,0,0,0,1,1,0,0,21,21
3284,0,0,0,0,0,1,1,1,0,0,21,21
3285,0,0,0,0,0,1,1,1,0,0,21,21
3286,0,0,0,0,0,0,1,1,0,0,21,21
3287,0,0,0,0,0,0,1,1,0,0,21,21
3288,0,0,0,0,0,1,1,1,0,0,21,21
3289,0,0,0,0,0,1,1,1,0,0,21,21
3290,0,0,0,0,0,0,1,1,0,0,21,21
3291,0,0,0,0,0,0,1,1,0,0,21,21
3292,0,0,0,0,0,1,1,1,0,0,21,21
3293,0,0,0,0,0,0,1,1,0,0,21,21
3294,0,0,0,0,0,0,1,1,0,0,21,21
3295,0,0,0,0,0,1,1,1,0,0,21,21
3296,0,0,0,0,0,1,1,1,0,0,21,21
3297,0,0,0,0,0,1,1,1,0,0,21,21
3298,0,0,0,0,0,1,1,1,0,0,21,21
3299,0,0,0,0,0,0,1,1,0,0,21,21
3300,0,0,0,0,0,0,1,1,0,0,21,21
3301,0,0,0,0,0,0,1,1,0,0,21,21
3302,0,1,0,1,0,1,1,1,0,0,21,2
3303,0,0,0,0,0,0,1,1,0,0,21,21
3304,0,0,0,0,0,0,1,1,0,0,21,21
3305,0,0,0,0,0,1,1,1,0,0,21,21
3306,0,0,0,0,0,0,1,1,0,0,21,21
3307,0,0,0,0,0,1,1,1,0,0,21,21
3308,0,0,0,0,0,1,1,1,0,0,21,21
3309,0,0,0,0,0,0,1,1,0,0,21,21
3310,0,0,0,0,0,0,1,1,0,0,21,21
3311,0,1,0,1,0,1,1,1,0,1,21,1
3312,0,1,0,1,0,1,1,1,0,1,21,1
3313,0,0,0,0,0,1,1,1,0,0,21,21
3314,0,0,0,0,0,0,1,1,0,0,21,21
3315,0,1,0,1,0,1,1,1,0,1,21,1
3316,0,0,0,0,0,1,1,1,0,0,21,21
3317,0,0,0,0,0,0,1,1,0,0,21,21
3318,0,0,0,0,0,0,1,1,0,0,21,21
3319,0,0,0,0,0,0,1,1,0,0,21,21
3320,0,0,0,0,0,1,1,1,0,0,21,21
3321,0,1,0,1,0,1,1,1,0,1,21,1
3322,0,0,0,0,0,0,1,1,0,0,21,21
3323,0,0,0,0,0,0,1,1,0,0,21,21
3324,0,0,0,0,0,0,1,1,0,0,21,21
3325,0,0,0,0,0,0,1,1,0,0,21,21
3326,0,0,0,0,0,0,1,1,0,0,21,21
3327,0,0,0,0,0,1,1,1,0,0,21,21
3328,0,0,0,0,0,0,1,1,0,0,21,21
3329,0,0,0,0,0,0,1,1,0,0,21,21
3330,0,0,0,0,0,1,1,1,0,0,21,21
3331,0,0,0,0,0,1,1,1,0,0,21,21
3332,0,0,0,0,0,0,1,1,0,0,21,21
3333,0,0,0,0,0,0,1,1,0,0,21,21
3334,0,1,0,1,0,1,1,1,0,1,21,1
3335,0,0,0,0,0,0,1,1,0,0,21,21
3336,0,0,0,0,0,0,1,1,0,0,21,21
3337,0,0,0,0,0,1,1,1,0,0,21,21
3338,0,0,0,0,0,0,1,1,0,0,21,21
3339,0,0,0,0,0,0,1,1,0,0,21,21
3340,0,0,0,0,0,1,1,1,0,0,21,21
3341,0,0,0,0,0,0,1,1,0,0,21,21
3342,0,0,0,0,0,0,1,1,0,0,21,21
3343,0,0,0,0,0,1,1,1,0,0,21,21
3344,0,0,0,0,0,1,1,1,0,0,21,21
3345,0,0,0,0,0,1,1,1,0,0,21,21
3346,0,0,0,0,0,0,1,1,0,0,21,21
3347,0,0,0,0,0,1,1,1,0,0,21,21
3348,0,0,0,0,0,0,1,1,0,0,21,21
3349,0,0,0,0,0,0,1,1,0,0,21,21
3350,0,0,0,0,0,0,1,1,0,0,21,21
3351,0,0,0,0,0,0,1,1,0,0,21,21
3352,0,0,0,0,0,1,1,1,0,0,21,21
3353,0,0,0,0,0,1,1,1,0,0,21,21
3354,0,1,0,1,0,1,1,1,0,1,21,1
3355,0,0,0,0,0,0,1,1,0,0,21,21
3356,0,0,0,0,0,1,1,1,0,0,21,21
3357,0,0,0,0,0,0,1,1,0,0,21,21
3358,0,0,0,0,0,1,1,1,0,0,21,21
3359,0,0,0,0,0,0,1,1,0,0,21,21
3360,0,0,0,0,0,1,1,1,0,0,21,21
3361,0,0,0,0,0,0,1,1,0,0,21,21
3362,0,0,0,0,0,1,1,1,0,0,21,21
3363,0,0,0,0,0,1,1,1,0,0,21,21
3364,0,1,0,1,0,1,1,1,0,0,21,12
3365,0,0,0,0,0,0,1,1,0,0,21,21
3366,0,1,0,1,0,1,1,1,0,0,21,3
3367,0,0,0,0,0,1,1,1,0,0,21,21
3368,0,0,0,0,0,0,1,1,0,0,21,21
3369,0,0,0,0,1,1,1,1,0,0,21,21
3370,0,0,0,0,0,0,1,1,0,0,21,21
3371,0,0,0,0,0,0,1,1,0,0,21,21
3372,0,0,0,0,0,1,1,1,0,0,21,21
3373,0,1,0,1,0,1,1,1,0,1,21,1
3374,0,0,0,0,0,0,1,1,0,0,21,21
3375,0,1,0,1,0,1,1,1,0,0,21,10
3376,0,0,0,0,0,0,1,1,0,0,21,21
3377,0,0,0,0,0,0,1,1,0,0,21,21
3378,0,0,0,0,0,0,1,1,0,0,21,21
3379,0,0,0,0,0,0,1,1,0,0,21,21
3380,0,0,0,0,0,1,1,1,0,0,21,21
3381,0,0,0,0,0,0,1,1,0,0,21,21
3382,0,1,0,1,0,1,1,1,0,1,21,1
3383,0,0,0,0,0,1,1,1,0,0,21,21
3384,0,0,0,0,0,1,1,1,0,0,21,21
3385,0,0,0,0,0,1,1,1,0,0,21,21
3386,0,1,0,1,0,1,1,1,0,1,21,1
3387,0,0,0,0,0,1,1,1,0,0,21,21
3388,0,0,0,0,0,1,1,1,0,0,21,21
3389,0,0,0,0,0,1,1,1,0,0,21,21
3390,0,0,0,0,0,1,1,1,0,0,21,21
3391,0,0,0,0,0,1,1,1,0,0,21,21
3392,0,0,0,0,0,0,1,1,0,0,21,21
3393,0,0,0,0,0,0,1,1,0,0,21,21
3394,0,0,0,0,0,1,1,1,0,0,21,21
3395,0,0,0,0,0,1,1,1,0,0,21,21
3396,0,0,0,0,0,0,1,1,0,0,21,21
3397,0,0,0,0,0,0,1,1,0,0,21,21
3398,0,0,0,0,0,1,1,1,0,0,21,21
3399,0,0,0,0,0,0,1,1,0,0,21,21
3400,0,0,0,0,0,0,1,1,0,0,21,21
3401,0,0,0,0,0,0,0,1,0,0,21,21
3402,0,1,0,1,0,1,1,1,0,0,21,5
3403,0,0,0,0,0,0,1,1,0,0,21,21
3404,0,0,0,0,0,1,1,1,0,0,21,21
3405,0,0,0,0,0,0,1,1,0,0,21,21
3406,0,0,0,0,0,0,1,1,0,0,21,21
3407,0,0,0,0,0,1,1,1,0,0,21,21
3408,0,0,0,0,0,1,1,1,0,0,21,21
3409,0,0,0,0,0,0,1,1,0,0,21,21
3410,0,1,0,1,0,1,1,1,0,1,21,1
3411,0,0,0,0,0,0,1,1,0,0,21,21
3412,0,0,0,0,0,0,1,1,0,0,21,21
3413,0,1,0,1,0,1,1,1,0,0,21,8
3414,0,0,0,0,0,0,1,1,0,0,21,21
3415,0,0,0,0,0,0,1,1,0,0,21,21
3416,0,0,0,0,0,0,1,1,0,0,21,21
3417,0,1,0,1,0,1,1,1,0,0,21,15
3418,0,0,0,0,0,0,1,1,0,0,21,21
3419,0,0,0,0,0,0,1,1,0,0,21,21
3420,0,0,0,0,0,0,1,1,0,0,21,21
3421,0,0,0,0,0,0,1,1,0,0,21,21
3422,0,0,0,0,0,0,1,1,0,0,21,21
3423,0,0,0,0,0,0,1,1,0,0,21,21
3424,0,0,0,0,0,0,1,1,0,0,21,21
3425,0,0,0,0,0,0,1,1,0,0,21,21
3426,0,0,0,0,0,0,1,1,0,0,21,21
3427,0,0,0,0,0,0,1,1,0,0,21,21
3428,0,0,0,0,0,0,1,1,0,0,21,21
3429,0,0,0,0,0,1,1,1,0,0,21,21
3430,0,0,0,0,0,0,1,1,0,0,21,21
3431,0,0,0,0,0,0,1,1,0,0,21,21
3432,0,0,0,0,0,0,1,1,0,0,21,21
3433,0,0,0,0,0,0,1,1,0,0,21,21
3434,0,0,0,0,0,1,1,1,0,0,21,21
3435,0,0,0,0,0,0,1,1,0,0,21,21
3436,0,0,0,0,0,1,1,1,0,0,21,21
3437,0,0,0,0,0,0,1,1,0,0,21,21
3438,0,1,0,1,0,1,1,1,0,1,21,1
3439,0,0,0,0,0,1,1,1,0,0,21,21
3440,0,0,0,0,0,0,1,1,0,0,21,21
3441,0,0,0,0,0,0,1,1,0,0,21,21
3442,0,1,0,1,0,1,1,1,0,1,21,1
3443,0,0,0,0,0,1,1,1,0,0,21,21
3444,0,0,0,0,0,1,1,1,0,0,21,21
3445,0,0,0,0,0,1,1,1,0,0,21,21
3446,0,0,0,0,0,0,1,1,0,0,21,21
3447,0,0,0,0,0,0,1,1,0,0,21,21
3448,0,0,0,0,1,0,1,1,0,0,21,21
3449,0,0,0,0,0,0,1,1,0,0,21,21
3450,0,1,0,1,0,1,1,1,0,0,21,10
3451,0,0,0,0,0,0,1,1,0,0,21,21
3452,0,1,0,1,0,1,1,1,0,0,21,3
3453,0,0,0,0,0,0,1,1,0,0,21,21
3454,0,0,0,0,0,1,1,1,0,0,21,21
3455,0,0,0,0,0,0,1,1,0,0,21,21
3456,0,0,0,0,0,1,1,1,0,0,21,21
3457,0,0,0,0,0,0,1,1,0,0,21,21
3458,0,0,0,0,0,1,1,1,0,0,21,21
3459,0,0,0,0,0,0,1,1,0,0,21,21
3460,0,0,0,0,0,1,1,1,0,0,21,21
3461,0,1,0,1,0,1,1,1,0,1,21,1
3462,0,0,0,0,0,1,1,1,0,0,21,21
3463,0,0,0,0,0,0,1,1,0,0,21,21
3464,0,0,0,0,0,1,1,1,0,0,21,21
3465,0,0,0,0,0,0,1,1,0,0,21,21
3466,0,0,0,0,0,1,1,1,0,0,21,21
3467,0,1,0,1,0,1,1,1,0,0,21,11
3468,0,0,0,0,0,0,1,1,0,0,21,21
3469,0,0,0,0,0,0,1,1,0,0,21,21
3470,0,0,0,0,0,1,1,1,0,0,21,21
3471,0,0,0,0,0,0,1,1,0,0,21,21
3472,0,1,0,1,0,1,1,1,0,0,21,10
3473,0,0,0,0,0,0,1,1,0,0,21,21
3474,0,0,0,0,0,1,1,1,0,0,21,21
3475,0,0,0,0,0,1,1,1,0,0,21,21
3476,0,1,0,1,0,1,1,1,0,1,21,1
3477,0,0,0,0,0,1,1,1,0,0,21,21
3478,0,0,0,0,0,0,1,1,0,0,21,21
3479,0,0,0,0,0,0,1,1,0,0,21,21
3480,0,0,0,0,0,0,1,1,0,0,21,21
3481,0,0,0,0,0,0,1,1,0,0,21,21
3482,0,0,0,0,0,0,1,1,0,0,21,21
3483,0,0,0,0,0,0,1,1,0,0,21,21
3484,0,1,0,1,0,1,1,1,0,1,21,1
3485,0,0,0,0,0,1,1,1,0,0,21,21
3486,0,0,0,0,0,1,1,1,0,0,21,21
3487,0,0,0,0,0,0,1,1,0,0,21,21
3488,0,0,0,0,0,1,1,1,0,0,21,21
3489,0,0,0,0,0,1,1,1,0,0,21,21
3490,0,0,0,0,0,0,1,1,0,0,21,21
3491,0,0,0,0,0,0,1,1,0,0,21,21
3492,0,0,0,0,0,1,1,1,0,0,21,21
3493,0,0,0,0,0,1,1,1,0,0,21,21
3494,0,0,0,0,0,0,1,1,0,0,21,21
3495,0,0,0,0,0,1,1,1,0,0,21,21
3496,0,0,0,0,0,1,1,1,0,0,21,21
3497,0,1,0,1,0,1,1,1,0,0,21,9
3498,0,1,0,1,0,1,1,1,0,0,21,10
3499,0,0,0,0,0,1,1,1,0,0,21,21
3500,0,0,0,0,0,0,1,1,0,0,21,21
3501,0,0,0,0,0,0,1,1,0,0,21,21
3502,0,1,0,1,0,1,1,1,0,1,21,1
3503,0,0,0,0,0,1,1,1,0,0,21,21
3504,0,1,0,1,0,1,1,1,0,1,21,1
3505,0,0,0,0,0,1,1,1,0,0,21,21
3506,0,0,0,0,0,0,1,1,0,0,21,21
3507,0,1,0,1,0,1,1,1,0,1,21,1
3508,0,0,0,0,0,0,1,1,0,0,21,21
3509,0,0,0,0,0,0,1,1,0,0,21,21
3510,0,0,0,0,0,0,1,1,0,0,21,21
3511,0,1,0,1,0,1,1,1,0,0,21,11
3512,0,0,0,0,0,0,1,1,0,0,21,21
3513,0,0,0,0,0,0,0,1,0,0,21,21
3514,0,1,0,1,0,1,1,1,0,0,21,7
3515,0,0,0,0,0,0,1,1,0,0,21,21
3516,0,0,0,0,0,1,1,1,0,0,21,21
3517,0,0,0,0,0,0,1,1,0,0,21,21
3518,0,0,0,0,0,0,1,1,0,0,21,21
3519,0,0,0,0,0,0,1,1,0,0,21,21
3520,0,0,0,0,0,0,1,1,0,0,21,21
3521,0,1,0,1,0,1,1,1,0,1,21,1
3522,0,0,0,0,0,0,1,1,0,0,21,21
3523,0,0,0,0,0,1,1,1,0,0,21,21
3524,0,1,0,1,0,1,1,1,0,0,21,9
3525,0,0,0,0,0,0,1,1,0,0,21,21
3526,0,0,0,0,0,0,1,1,0,0,21,21
3527,0,0,0,0,0,1,1,1,0,0,21,21
3528,0,0,0,0,0,1,1,1,0,0,21,21
3529,0,0,0,0,1,1,1,1,0,0,21,21
3530,0,0,0,0,0,1,1,1,0,0,21,21
3531,0,0,0,0,0,0,1,1,0,0,21,21
3532,0,0,0,0,0,1,1,1,0,0,21,21
3533,0,0,0,0,0,1,1,1,0,0,21,21
3534,0,0,0,0,0,0,1,1,0,0,21,21
3535,0,0,0,0,0,1,1,1,0,0,21,21
3536,0,0,0,0,0,0,1,1,0,0,21,21
3537,0,0,0,0,0,1,1,1,0,0,21,21
3538,0,0,0,0,0,0,1,1,0,0,21,21
3539,0,0,0,0,0,1,1,1,0,0,21,21
3540,0,0,0,0,0,1,1,1,0,0,21,21
3541,0,0,0,0,0,1,1,1,0,0,21,21
3542,0,0,0,0,0,1,1,1,0,0,21,21
3543,0,0,0,0,0,0,1,1,0,0,21,21
3544,0,0,0,0,0,1,1,1,0,0,21,21
3545,0,0,0,0,0,0,1,1,0,0,21,21
3546,0,0,0,0,0,0,1,1,0,0,21,21
3547,0,0,0,0,0,1,1,1,0,0,21,21
3548,0,0,0,0,0,1,1,1,0,0,21,21
3549,0,0,0,0,0,1,1,1,0,0,21,21
3550,0,0,0,0,0,0,1,1,0,0,21,21
3551,0,0,0,0,0,0,1,1,0,0,21,21
3552,0,0,0,0,0,0,1,1,0,0,21,21
3553,0,0,0,0,0,0,1,1,0,0,21,21
3554,0,0,0,0,0,1,1,1,0,0,21,21
3555,0,0,0,0,0,0,1,1,0,0,21,21
3556,0,0,0,0,0,1,1,1,0,0,21,21
3557,0,0,0,0,0,0,1,1,0,0,21,21
3558,0,0,0,0,0,0,1,1,0,0,21,21
3559,0,0,0,0,0,1,1,1,0,0,21,21
3560,0,0,0,0,0,0,1,1,0,0,21,21
3561,0,0,0,0,0,1,1,1,0,0,21,21
3562,0,0,0,0,0,0,1,1,0,0,21,21
3563,0,1,0,1,0,1,1,1,0,1,21,1
3564,0,0,0,0,0,0,1,1,0,0,21,21
3565,0,0,0,0,0,1,1,1,0,0,21,21
3566,0,0,0,0,0,1,1,1,0,0,21,21
3567,0,0,0,0,1,1,1,1,0,0,21,21
3568,0,0,0,0,0,0,1,1,0,0,21,21
3569,0,1,0,1,0,1,1,1,0,0,21,11
3570,0,0,0,0,0,0,1,1,0,0,21,21
3571,0,0,0,0,0,1,1,1,0,0,21,21
3572,0,0,0,0,0,1,1,1,0,0,21,21
3573,0,0,0,0,0,1,1,1,0,0,21,21
3574,0,0,0,0,0,0,1,1,0,0,21,21
3575,0,0,0,0,0,0,1,1,0,0,21,21
3576,0,0,0,0,0,0,1,1,0,0,21,21
3577,0,0,0,0,0,0,1,1,0,0,21,21
3578,0,0,0,0,0,1,1,1,0,0,21,21
3579,0,0,0,0,0,0,1,1,0,0,21,21
3580,0,0,0,0,0,1,1,1,0,0,21,21
3581,0,0,0,0,0,1,1,1,0,0,21,21
3582,0,0,0,0,0,1,1,1,0,0,21,21
3583,0,0,0,0,0,0,1,1,0,0,21,21
3584,0,0,0,0,1,0,1,1,0,0,21,21
3585,0,0,0,0,0,0,1,1,0,0,21,21
3586,0,0,0,0,0,1,1,1,0,0,21,21
3587,0,0,0,0,0,1,1,1,0,0,21,21
3588,0,0,0,0,0,1,1,1,0,0,21,21
3589,0,0,0,0,0,1,1,1,0,0,21,21
3590,0,0,0,0,0,1,1,1,0,0,21,21
3591,0,0,0,0,0,0,1,1,0,0,21,21
3592,0,0,0,0,0,0,1,1,0,0,21,21
3593,0,0,0,0,0,1,0,1,0,0,21,21
3594,0,0,0,0,0,0,1,1,0,0,21,21
3595,0,1,0,1,0,1,1,1,0,1,21,1
3596,0,0,0,0,0,1,1,1,0,0,21,21
3597,0,0,0,0,0,0,1,1,0,0,21,21
3598,0,1,0,1,0,1,1,1,0,1,21,1
3599,0,0,0,0,0,0,1,1,0,0,21,21
3600,0,0,0,0,0,1,1,1,0,0,21,21
3601,0,0,0,0,0,0,1,1,0,0,21,21
3602,0,0,0,0,0,0,1,1,0,0,21,21
3603,0,0,0,0,0,0,1,1,0,0,21,21
3604,0,0,0,0,0,1,1,1,0,0,21,21
3605,0,1,0,1,0,1,1,1,0,1,21,1
3606,0,0,0,0,0,1,1,1,0,0,21,21
3607,0,0,0,0,0,0,1,1,0,0,21,21
3608,0,0,0,0,0,1,1,1,0,0,21,21
3609,0,0,0,0,0,1,1,1,0,0,21,21
3610,0,1,0,1,0,1,1,1,0,1,21,1
3611,0,1,0,1,0,1,1,1,0,1,21,1
3612,0,0,0,0,0,0,1,1,0,0,21,21
3613,0,0,0,0,0,1,1,1,0,0,21,21
3614,0,0,0,0,0,0,1,1,0,0,21,21
3615,0,0,0,0,0,0,1,1,0,0,21,21
3616,0,0,0,0,0,1,1,1,0,0,21,21
3617,0,0,0,0,0,1,1,1,0,0,21,21
3618,0,0,0,0,0,1,1,1,0,0,21,21
3619,0,1,0,1,0,1,1,1,0,0,21,6
3620,0,0,0,0,0,0,1,1,0,0,21,21
3621,0,0,0,0,0,0,1,1,0,0,21,21
3622,0,0,0,0,0,1,1,1,0,0,21,21
3623,0,1,0,1,0,1,1,1,0,0,21,2
3624,0,0,0,0,0,0,1,1,0,0,21,21
3625,0,0,0,0,0,0,1,1,0,0,21,21
3626,0,0,0,0,0,1,1,1,0,0,21,21
3627,0,1,0,1,0,1,1,1,0,1,21,1
3628,0,1,0,1,0,1,1,1,0,1,21,1
3629,0,0,0,0,0,1,1,1,0,0,21,21
3630,0,1,0,1,0,1,1,1,0,0,21,13
3631,0,0,0,0,0,0,1,1,0,0,21,21
3632,0,1,0,1,0,1,1,1,0,0,21,5
3633,0,0,0,0,0,0,1,1,0,0,21,21
3634,0,0,0,0,0,0,1,1,0,0,21,21
3635,0,0,0,0,0,1,1,1,0,0,21,21
3636,0,0,0,0,0,0,1,1,0,0,21,21
3637,0,0,0,0,0,1,1,1,0,0,21,21
3638,0,0,0,0,0,1,1,1,0,0,21,21
3639,0,0,0,0,0,0,1,1,0,0,21,21
3640,0,0,0,0,0,0,1,1,0,0,21,21
3641,0,0,0,0,0,1,1,1,0,0,21,21
3642,0,0,0,0,0,1,1,1,0,0,21,21
3643,0,0,0,0,0,1,1,1,0,0,21,21
3644,0,0,0,0,0,0,1,1,0,0,21,21
3645,0,0,0,0,0,0,1,1,0,0,21,21
3646,0,1,0,1,0,1,1,1,0,0,21,7
3647,0,0,0,0,0,0,1,1,0,0,21,21
3648,0,0,0,0,0,0,1,1,0,0,21,21
3649,0,1,0,1,0,1,1,1,0,1,21,1
3650,0,0,0,0,0,0,1,1,0,0,21,21
3651,0,0,0,0,0,1,1,1,0,0,21,21
3652,0,0,0,0,0,1,1,1,0,0,21,21
3653,0,0,0,0,0,0,1,1,0,0,21,21
3654,0,0,0,0,0,0,1,1,0,0,21,21
3655,0,1,0,1,0,1,1,1,0,0,21,3
3656,0,0,0,0,0,0,1,1,0,0,21,21
3657,0,0,0,0,0,1,1,1,0,0,21,21
3658,0,0,0,0,0,0,1,1,0,0,21,21
3659,0,0,0,0,0,0,1,1,0,0,21,21
3660,0,0,0,0,0,0,1,1,0,0,21,21
3661,0,0,0,0,0,1,1,1,0,0,21,21
3662,0,0,0,0,1,0,1,1,0,0,21,21
3663,0,0,0,0,0,0,1,1,0,0,21,21
3664,0,1,0,1,0,1,1,1,0,1,21,1
3665,0,0,0,0,0,0,1,1,0,0,21,21
3666,0,0,0,0,0,0,1,1,0,0,21,21
3667,0,0,0,0,0,1,1,1,0,0,21,21
3668,0,0,0,0,0,0,1,1,0,0,21,21
3669,0,0,0,0,0,1,1,1,0,0,21,21
3670,0,0,0,0,0,0,1,1,0,0,21,21
3671,0,0,0,0,0,0,1,1,0,0,21,21
3672,0,0,0,0,0,0,1,1,0,0,21,21
3673,0,0,0,0,0,0,1,1,0,0,21,21
3674,0,0,0,0,0,1,1,1,0,0,21,21
3675,0,0,0,0,0,1,1,1,0,0,21,21
3676,0,0,0,0,0,0,1,1,0,0,21,21
3677,0,0,0,0,0,0,1,1,0,0,21,21
3678,0,0,0,0,0,0,1,1,0,0,21,21
3679,0,0,0,0,0,1,1,1,0,0,21,21
3680,0,0,0,0,0,1,1,1,0,0,21,21
3681,0,0,0,0,0,1,1,1,0,0,21,21
3682,0,0,0,0,0,1,1,1,0,0,21,21
3683,0,0,0,0,0,0,1,1,0,0,21,21
3684,0,1,0,1,0,1,1,1,0,0,21,16
3685,0,0,0,0,0,1,1,1,0,0,21,21
3686,0,0,0,0,0,0,1,1,0,0,21,21
3687,0,0,0,0,0,0,1,1,0,0,21,21
3688,0,0,0,0,0,0,1,1,0,0,21,21
3689,0,0,0,0,0,0,1,1,0,0,21,21
3690,0,0,0,0,0,1,1,1,0,0,21,21
3691,0,0,0,0,0,1,1,1,0,0,21,21
3692,0,0,0,0,0,1,1,1,0,0,21,21
3693,0,0,0,0,0,0,1,1,0,0,21,21
3694,0,0,0,0,0,0,1,1,0,0,21,21
3695,0,1,0,1,0,1,1,1,0,0,21,8
3696,0,1,0,1,0,1,1,1,0,1,21,1
3697,0,0,0,0,0,0,1,1,0,0,21,21
3698,0,0,0,0,0,0,1,1,0,0,21,21
3699,0,0,0,0,0,0,1,1,0,0,21,21
3700,0,0,0,0,0,1,1,1,0,0,21,21
3701,0,0,0,0,0,1,1,1,0,0,21,21
3702,0,0,0,0,0,0,1,1,0,0,21,21
3703,0,0,0,0,0,1,1,1,0,0,21,21
3704,0,1,0,1,0,1,1,1,0,1,21,1
3705,0,1,0,1,0,1,1,1,0,1,21,1
3706,0,0,0,0,0,1,1,1,0,0,21,21
3707,0,0,0,0,0,1,1,1,0,0,21,21
3708,0,1,0,1,0,1,1,1,0,0,21,13
3709,0,0,0,0,0,0,1,1,0,0,21,21
3710,0,0,0,0,0,1,1,1,0,0,21,21
3711,0,0,0,0,0,0,1,1,0,0,21,21
3712,0,0,0,0,0,1,1,1,0,0,21,21
3713,0,0,0,0,0,1,1,1,0,0,21,21
3714,0,0,0,0,0,1,1,1,0,0,21,21
3715,0,0,0,0,0,0,1,1,0,0,21,21
3716,0,0,0,0,0,1,1,1,0,0,21,21
3717,0,0,0,0,0,1,1,1,0,0,21,21
3718,0,1,0,1,0,1,1,1,0,0,21,5
3719,0,0,0,0,0,0,1,1,0,0,21,21
3720,0,0,0,0,0,1,1,1,0,0,21,21
3721,0,0,0,0,0,0,1,1,0,0,21,21
3722,0,0,0,0,0,0,1,1,0,0,21,21
3723,0,0,0,0,0,1,1,1,0,0,21,21
3724,0,0,0,0,0,0,1,1,0,0,21,21
3725,0,0,0,0,0,1,1,1,0,0,21,21
3726,0,0,0,0,0,0,1,1,0,0,21,21
3727,0,0,0,0,0,0,1,1,0,0,21,21
3728,0,0,0,0,0,1,1,1,0,0,21,21
3729,0,0,0,0,0,1,1,1,0,0,21,21
3730,0,0,0,0,0,0,1,1,0,0,21,21
3731,0,0,0,0,0,0,1,1,0,0,21,21
3732,0,0,0,0,0,1,1,1,0,0,21,21
3733,0,0,0,0,0,0,1,1,0,0,21,21
3734,0,0,0,0,0,0,1,1,0,0,21,21
3735,0,0,0,0,0,1,1,1,0,0,21,21
3736,0,0,0,0,0,0,1,1,0,0,21,21
3737,0,0,0,0,0,1,1,1,0,0,21,21
3738,0,0,0,0,0,0,1,1,0,0,21,21
3739,0,1,0,1,0,1,1,1,0,1,21,1
3740,0,0,0,0,0,0,1,1,0,0,21,21
3741,0,0,0,0,0,1,1,1,0,0,21,21
3742,0,0,0,0,0,0,1,1,0,0,21,21
3743,0,1,0,1,0,1,1,1,0,0,21,5
3744,0,0,0,0,0,0,1,1,0,0,21,21
3745,0,0,0,0,0,1,1,1,0,0,21,21
3746,0,0,0,0,0,0,1,1,0,0,21,21
3747,0,0,0,0,0,0,1,1,0,0,21,21
3748,0,0,0,0,0,1,1,1,0,0,21,21
3749,0,0,0,0,0,1,1,1,0,0,21,21
3750,0,1,0,1,0,1,1,1,0,0,21,10
3751,0,0,0,0,0,1,1,1,0,0,21,21
3752,0,0,0,0,0,0,1,1,0,0,21,21
3753,0,0,0,0,0,0,1,1,0,0,21,21
3754,0,0,0,0,0,0,1,1,0,0,21,21
3755,0,0,0,0,0,0,1,1,0,0,21,21
3756,0,0,0,0,0,1,1,1,0,0,21,21
3757,0,0,0,0,0,0,1,1,0,0,21,21
3758,0,0,0,0,0,0,1,1,0,0,21,21
3759,0,0,0,0,0,1,1,1,0,0,21,21
3760,0,0,0,0,0,1,1,1,0,0,21,21
3761,0,0,0,0,0,1,1,1,0,0,21,21
3762,0,0,0,0,0,1,1,1,0,0,21,21
3763,0,1,0,1,0,1,1,1,0,0,21,18
3764,0,0,0,0,0,0,1,1,0,0,21,21
3765,0,1,0,1,0,1,1,1,0,0,21,16
3766,0,0,0,0,0,0,1,1,0,0,21,21
3767,0,0,0,0,0,1,1,1,0,0,21,21
3768,0,0,0,0,0,0,1,1,0,0,21,21
3769,0,0,0,0,0,0,1,1,0,0,21,21
3770,0,0,0,0,0,1,1,1,0,0,21,21
3771,0,0,0,0,0,0,1,1,0,0,21,21
3772,0,0,0,0,0,0,1,1,0,0,21,21
3773,0,0,0,0,0,0,1,1,0,0,21,21
3774,0,0,0,0,0,1,1,1,0,0,21,21
3775,0,0,0,0,0,0,1,1,0,0,21,21
3776,0,0,0,0,0,1,1,1,0,0,21,21
3777,0,0,0,0,0,0,1,1,0,0,21,21
3778,0,0,0,0,0,0,1,1,0,0,21,21
3779,0,0,0,0,0,0,1,1,0,0,21,21
3780,0,1,0,1,0,1,1,1,0,1,21,1
3781,0,0,0,0,0,0,1,1,0,0,21,21
3782,0,0,0,0,0,0,1,1,0,0,21,21
3783,0,0,0,0,0,0,1,1,0,0,21,21
3784,0,0,0,0,0,1,1,1,0,0,21,21
3785,0,1,0,1,0,1,1,1,0,0,21,8
3786,0,1,0,1,0,1,1,1,0,1,21,1
3787,0,0,0,0,0,1,1,1,0,0,21,21
3788,0,0,0,0,0,1,1,1,0,0,21,21
3789,0,0,0,0,0,0,1,1,0,0,21,21
3790,0,0,0,0,0,0,1,1,0,0,21,21
3791,0,0,0,0,0,1,1,1,0,0,21,21
3792,0,0,0,0,0,0,1,1,0,0,21,21
3793,0,0,0,0,0,1,1,1,0,0,21,21
3794,0,0,0,0,0,0,1,1,0,0,21,21
3795,0,0,0,0,0,0,1,1,0,0,21,21
3796,0,0,0,0,0,1,1,1,0,0,21,21
3797,0,0,0,0,0,0,1,1,0,0,21,21
3798,0,0,0,0,0,0,1,1,0,0,21,21
3799,0,0,0,0,0,1,1,1,0,0,21,21
3800,0,0,0,0,0,0,1,1,0,0,21,21
3801,0,1,0,1,0,1,1,1,0,0,21,19
3802,0,0,0,0,0,1,1,1,0,0,21,21
3803,0,0,0,0,0,1,1,1,0,0,21,21
3804,0,0,0,0,0,1,1,1,0,0,21,21
3805,0,1,0,1,0,1,1,1,0,0,21,5
3806,0,1,0,1,0,1,1,1,0,0,21,10
3807,0,0,0,0,0,0,1,1,0,0,21,21
3808,0,0,0,0,0,1,1,1,0,0,21,21
3809,0,0,0,0,0,0,1,1,0,0,21,21
3810,0,0,0,0,0,0,1,1,0,0,21,21
3811,0,0,0,0,0,0,1,1,0,0,21,21
3812,0,0,0,0,0,1,1,1,0,0,21,21
3813,0,0,0,0,0,0,1,1,0,0,21,21
3814,0,0,0,0,0,0,1,1,0,0,21,21
3815,0,0,0,0,0,0,1,1,0,0,21,21
3816,0,1,0,1,0,1,1,1,0,0,21,19
3817,0,0,0,0,0,0,1,1,0,0,21,21
3818,0,0,0,0,0,1,1,1,0,0,21,21
3819,0,0,0,0,0,0,1,1,0,0,21,21
3820,0,0,0,0,0,0,1,1,0,0,21,21
3821,0,1,0,1,0,1,1,1,0,0,21,14
3822,0,0,0,0,0,0,1,1,0,0,21,21
3823,0,0,0,0,0,0,1,1,0,0,21,21
3824,0,0,0,0,0,0,1,1,0,0,21,21
3825,0,1,0,1,0,1,1,1,0,0,21,16
3826,0,0,0,0,0,0,1,1,0,0,21,21
3827,0,0,0,0,0,1,1,1,0,0,21,21
3828,0,0,0,0,0,1,1,1,0,0,21,21
3829,0,0,0,0,0,1,1,1,0,0,21,21
3830,0,0,0,0,0,1,1,1,0,0,21,21
3831,0,0,0,0,0,0,1,1,0,0,21,21
3832,0,0,0,0,0,0,1,1,0,0,21,21
3833,0,1,0,1,0,1,1,1,0,0,21,16
3834,0,0,0,0,0,1,1,1,0,0,21,21
3835,0,0,0,0,0,0,1,1,0,0,21,21
3836,0,0,0,0,0,0,1,1,0,0,21,21
3837,0,1,0,1,0,1,1,1,0,1,21,1
3838,0,0,0,0,0,1,1,1,0,0,21,21
3839,0,0,0,0,0,0,1,1,0,0,21,21
3840,0,0,0,0,0,1,1,1,0,0,21,21
3841,0,0,0,0,0,1,1,1,0,0,21,21
3842,0,1,0,1,0,1,1,1,0,0,21,7
3843,0,0,0,0,0,0,0,1,0,0,21,21
3844,0,0,0,0,0,1,1,1,0,0,21,21
3845,0,0,0,0,0,1,1,1,0,0,21,21
3846,0,0,0,0,0,0,1,1,0,0,21,21
3847,0,0,0,0,0,0,1,1,0,0,21,21
3848,0,0,0,0,0,0,1,1,0,0,21,21
3849,0,0,0,0,0,0,1,1,0,0,21,21
3850,0,0,0,0,0,1,1,1,0,0,21,21
3851,0,0,0,0,0,0,1,1,0,0,21,21
3852,0,0,0,0,0,0,1,1,0,0,21,21
3853,0,0,0,0,0,0,1,1,0,0,21,21
3854,0,0,0,0,0,1,1,1,0,0,21,21
3855,0,0,0,0,0,0,1,1,0,0,21,21
3856,0,0,0,0,0,1,1,1,0,0,21,21
3857,0,0,0,0,0,0,1,1,0,0,21,21
3858,0,0,0,0,0,1,1,1,0,0,21,21
3859,0,1,0,1,0,1,1,1,0,0,21,6
3860,0,0,0,0,0,0,1,1,0,0,21,21
3861,0,0,0,0,0,0,1,1,0,0,21,21
3862,0,0,0,0,0,0,1,1,0,0,21,21
3863,0,0,0,0,0,0,1,1,0,0,21,21
3864,0,0,0,0,0,0,1,1,0,0,21,21
3865,0,0,0,0,0,1,1,1,0,0,21,21
3866,0,0,0,0,0,1,1,1,0,0,21,21
3867,0,0,0,0,0,0,1,1,0,0,21,21
3868,0,0,0,0,0,1,1,1,0,0,21,21
3869,0,0,0,0,0,0,1,1,0,0,21,21
3870,0,1,0,1,0,1,1,1,0,0,21,13
3871,0,0,0,0,0,0,1,1,0,0,21,21
3872,0,0,0,0,0,0,1,1,0,0,21,21
3873,0,0,0,0,0,0,1,1,0,0,21,21
3874,0,0,0,0,0,0,1,1,0,0,21,21
3875,0,0,0,0,0,1,0,1,0,0,21,21
3876,0,0,0,0,0,0,1,1,0,0,21,21
3877,0,0,0,0,0,0,1,1,0,0,21,21
3878,0,0,0,0,0,0,1,1,0,0,21,21
3879,0,0,0,0,0,0,1,1,0,0,21,21
3880,0,0,0,0,0,1,1,1,0,0,21,21
3881,0,0,0,0,0,0,1,1,0,0,21,21
3882,0,0,0,0,0,0,1,1,0,0,21,21
3883,0,0,0,0,0,0,1,1,0,0,21,21
3884,0,0,0,0,0,1,1,1,0,0,21,21
3885,0,1,0,1,0,1,1,1,0,0,21,7
3886,0,0,0,0,0,1,1,1,0,0,21,21
3887,0,0,0,0,0,0,1,1,0,0,21,21
3888,0,0,0,0,0,0,1,1,0,0,21,21
3889,0,0,0,0,0,0,1,1,0,0,21,21
3890,0,0,0,0,0,0,1,1,0,0,21,21
3891,0,0,0,0,0,0,1,1,0,0,21,21
3892,0,0,0,0,0,0,1,1,0,0,21,21
3893,0,0,0,0,0,0,1,1,0,0,21,21
3894,0,0,0,0,0,1,1,1,0,0,21,21
3895,0,0,0,0,0,1,1,1,0,0,21,21
3896,0,0,0,0,0,0,1,1,0,0,21,21
3897,0,0,0,0,0,0,1,1,0,0,21,21
3898,0,0,0,0,0,0,1,1,0,0,21,21
3899,0,0,0,0,0,1,1,1,0,0,21,21
3900,0,0,0,0,0,1,1,1,0,0,21,21
3901,0,1,0,1,0,1,1,1,0,1,21,1
3902,0,0,0,0,0,1,1,1,0,0,21,21
3903,0,0,0,0,0,0,1,1,0,0,21,21
3904,0,0,0,0,0,1,1,1,0,0,21,21
3905,0,0,0,0,0,1,1,1,0,0,21,21
3906,0,0,0,0,0,0,1,1,0,0,21,21
3907,0,0,0,0,0,0,1,1,0,0,21,21
3908,0,0,0,0,0,0,1,1,0,0,21,21
3909,0,0,0,0,0,1,1,1,0,0,21,21
3910,0,0,0,0,0,0,1,1,0,0,21,21
3911,0,1,0,1,0,1,1,1,0,1,21,1
3912,0,0,0,0,0,0,1,1,0,0,21,21
3913,0,0,0,0,0,0,1,1,0,0,21,21
3914,0,0,0,0,0,0,1,1,0,0,21,21
3915,0,0,0,0,0,0,1,1,0,0,21,21
3916,0,0,0,0,0,0,1,1,0,0,21,21
3917,0,1,0,1,0,1,1,1,0,1,21,1
3918,0,0,0,0,0,0,1,1,0,0,21,21
3919,0,0,0,0,0,1,1,1,0,0,21,21
3920,0,0,0,0,0,0,1,1,0,0,21,21
3921,0,0,0,0,0,0,1,1,0,0,21,21
3922,0,0,0,0,0,1,1,1,0,0,21,21
3923,0,0,0,0,0,1,1,1,0,0,21,21
3924,0,0,0,0,0,1,1,1,0,0,21,21
3925,0,0,0,0,0,0,1,1,0,0,21,21
3926,0,0,0,0,0,0,1,1,0,0,21,21
3927,0,0,0,0,0,1,1,1,0,0,21,21
3928,0,0,0,0,0,0,1,1,0,0,21,21
3929,0,0,0,0,0,0,1,1,0,0,21,21
3930,0,0,0,0,0,1,1,1,0,0,21,21
3931,0,0,0,0,0,0,1,1,0,0,21,21
3932,0,0,0,0,0,1,1,1,0,0,21,21
3933,0,0,0,0,0,0,1,1,0,0,21,21
3934,0,0,0,0,0,0,1,1,0,0,21,21
3935,0,0,0,0,0,0,1,1,0,0,21,21
3936,0,0,0,0,0,0,1,1,0,0,21,21
3937,0,0,0,0,0,0,1,1,0,0,21,21
3938,0,0,0,0,0,1,1,1,0,0,21,21
3939,0,0,0,0,0,0,1,1,0,0,21,21
3940,0,0,0,0,0,0,1,1,0,0,21,21
3941,0,0,0,0,0,0,1,1,0,0,21,21
3942,0,0,0,0,0,1,1,1,0,0,21,21
3943,0,0,0,0,1,0,1,1,0,0,21,21
3944,0,0,0,0,0,1,1,1,0,0,21,21
3945,0,0,0,0,0,0,1,1,0,0,21,21
3946,0,0,0,0,0,0,1,1,0,0,21,21
3947,0,0,0,0,0,1,1,1,0,0,21,21
3948,0,1,0,1,0,1,1,1,0,1,21,1
3949,0,0,0,0,0,0,1,1,0,0,21,21
3950,0,0,0,0,0,0,1,1,0,0,21,21
3951,0,0,0,0,0,0,1,1,0,0,21,21
3952,0,0,0,0,0,1,1,1,0,0,21,21
3953,0,0,0,0,0,0,1,1,0,0,21,21
3954,0,1,0,1,0,1,1,1,0,1,21,1
3955,0,0,0,0,0,1,1,1,0,0,21,21
3956,0,0,0,0,0,0,1,1,0,0,21,21
3957,0,0,0,0,0,1,1,1,0,0,21,21
3958,0,0,0,0,0,1,1,1,0,0,21,21
3959,0,0,0,0,0,0,1,1,0,0,21,21
3960,0,0,0,0,0,0,1,1,0,0,21,21
3961,0,0,0,0,0,1,1,1,0,0,21,21
3962,0,0,0,0,0,1,1,1,0,0,21,21
3963,0,0,0,0,0,1,1,1,0,0,21,21
3964,0,0,0,0,0,0,1,1,0,0,21,21
3965,0,0,0,0,0,0,1,1,0,0,21,21
3966,0,0,0,0,0,1,1,1,0,0,21,21
3967,0,0,0,0,0,0,1,1,0,0,21,21
3968,0,0,0,0,0,0,1,1,0,0,21,21
3969,0,1,0,1,0,1,1,1,0,0,21,14
3970,0,0,0,0,0,1,1,1,0,0,21,21
3971,0,0,0,0,0,0,1,1,0,0,21,21
3972,0,0,0,0,0,1,1,1,0,0,21,21
3973,0,0,0,0,0,0,1,1,0,0,21,21
3974,0,0,0,0,0,1,1,1,0,0,21,21
3975,0,0,0,0,0,1,1,1,0,0,21,21
3976,0,0,0,0,0,0,1,1,0,0,21,21
3977,0,0,0,0,0,1,1,1,0,0,21,21
3978,0,0,0,0,0,1,1,1,0,0,21,21
3979,0,0,0,0,0,0,1,1,0,0,21,21
3980,0,1,0,1,0,1,1,1,0,1,21,1
3981,0,0,0,0,0,0,1,1,0,0,21,21
3982,0,0,0,0,0,0,1,1,0,0,21,21
3983,0,1,0,1,0,1,1,1,0,0,21,2
3984,0,1,0,1,0,1,1,1,0,1,21,1
3985,0,0,0,0,0,0,1,1,0,0,21,21
3986,0,0,0,0,0,1,1,1,0,0,21,21
3987,0,1,0,1,0,1,1,1,0,0,21,6
3988,0,0,0,0,0,0,1,1,0,0,21,21
3989,0,0,0,0,0,0,1,1,0,0,21,21
3990,0,0,0,0,0,0,1,1,0,0,21,21
3991,0,0,0,0,0,1,1,1,0,0,21,21
3992,0,0,0,0,0,0,1,1,0,0,21,21
3993,0,0,0,0,0,1,1,1,0,0,21,21
3994,0,0,0,0,0,1,1,1,0,0,21,21
3995,0,0,0,0,0,1,1,1,0,0,21,21
3996,0,1,0,1,0,1,1,1,0,1,21,1
3997,0,0,0,0,0,1,1,1,0,0,21,21
3998,0,0,0,0,0,0,1,1,0,0,21,21
3999,0,0,0,0,0,0,1,1,0,0,21,21
4000,0,0,0,0,0,0,1,1,0,0,21,21
4001,0,0,0,0,0,1,1,1,0,0,21,21
4002,0,0,0,0,0,0,1,1,0,0,21,21
4003,0,0,0,0,0,0,1,1,0,0,21,21
4004,0,0,0,0,0,1,1,1,0,0,21,21
4005,0,0,0,0,0,1,1,1,0,0,21,21
4006,0,0,0,0,0,0,1,1,0,0,21,21
4007,0,0,0,0,0,1,1,1,0,0,21,21
4008,0,0,0,0,0,0,1,1,0,0,21,21
4009,0,0,0,0,0,1,1,1,0,0,21,21
4010,0,0,0,0,0,1,1,1,0,0,21,21
4011,0,1,0,1,0,1,1,1,0,1,21,1
4012,0,0,0,0,0,0,1,1,0,0,21,21
4013,0,0,0,0,0,1,1,1,0,0,21,21
4014,0,0,0,0,0,1,1,1,0,0,21,21
4015,0,1,0,1,0,1,1,1,0,1,21,1
4016,0,1,0,1,0,1,1,1,0,0,21,3
4017,0,0,0,0,0,0,1,1,0,0,21,21
4018,0,0,0,0,0,0,1,1,0,0,21,21
4019,0,0,0,0,0,0,1,1,0,0,21,21
4020,0,0,0,0,0,0,1,1,0,0,21,21
4021,0,0,0,0,0,1,1,1,0,0,21,21
4022,0,0,0,0,0,1,1,1,0,0,21,21
4023,0,0,0,0,0,0,1,1,0,0,21,21
4024,0,0,0,0,0,1,1,1,0,0,21,21
4025,0,0,0,0,0,0,1,1,0,0,21,21
4026,0,0,0,0,0,0,1,1,0,0,21,21
4027,0,0,0,0,0,0,1,1,0,0,21,21
4028,0,0,0,0,0,0,1,1,0,0,21,21
4029,0,0,0,0,0,0,1,1,0,0,21,21
4030,0,0,0,0,0,1,1,1,0,0,21,21
4031,0,0,0,0,0,0,1,1,0,0,21,21
4032,0,0,0,0,0,0,1,1,0,0,21,21
4033,0,0,0,0,0,0,1,1,0,0,21,21
4034,0,0,0,0,0,0,1,1,0,0,21,21
4035,0,1,0,1,0,1,1,1,0,1,21,1
4036,0,0,0,0,0,1,1,1,0,0,21,21
4037,0,0,0,0,0,1,1,1,0,0,21,21
4038,0,0,0,0,0,1,1,1,0,0,21,21
4039,0,0,0,0,0,0,1,1,0,0,21,21
4040,0,0,0,0,0,0,1,1,0,0,21,21
4041,0,0,0,0,0,0,1,1,0,0,21,21
4042,0,0,0,0,0,1,1,1,0,0,21,21
4043,0,0,0,0,0,1,1,1,0,0,21,21
4044,0,0,0,0,0,0,1,1,0,0,21,21
4045,0,0,0,0,0,0,1,1,0,0,21,21
4046,0,0,0,0,0,0,1,1,0,0,21,21
4047,0,0,0,0,0,0,1,1,0,0,21,21
4048,0,0,0,0,0,0,1,1,0,0,21,21
4049,0,0,0,0,0,0,1,1,0,0,21,21
4050,0,0,0,0,0,1,1,1,0,0,21,21
4051,0,0,0,0,0,1,1,1,0,0,21,21
4052,0,0,0,0,0,1,1,1,0,0,21,21
4053,0,0,0,0,0,1,1,1,0,0,21,21
4054,0,0,0,0,0,1,1,1,0,0,21,21
4055,0,0,0,0,0,0,1,1,0,0,21,21
4056,0,0,0,0,0,0,1,1,0,0,21,21
4057,0,1,0,1,0,1,1,1,0,0,21,3
4058,0,0,0,0,0,0,1,1,0,0,21,21
4059,0,1,0,1,0,1,1,1,0,0,21,7
4060,0,0,0,0,0,0,1,1,0,0,21,21
4061,0,0,0,0,0,1,1,1,0,0,21,21
4062,0,0,0,0,0,1,1,1,0,0,21,21
4063,0,0,0,0,0,1,1,1,0,0,21,21
4064,0,0,0,0,0,0,1,1,0,0,21,21
4065,0,0,0,0,0,0,1,1,0,0,21,21
4066,0,0,0,0,1,1,1,1,0,0,21,21
4067,0,0,0,0,0,0,1,1,0,0,21,21
4068,0,0,0,0,0,0,1,1,0,0,21,21
4069,0,0,0,0,0,0,1,1,0,0,21,21
4070,0,0,0,0,0,1,1,1,0,0,21,21
4071,0,0,0,0,0,1,1,1,0,0,21,21
4072,0,0,0,0,0,1,1,1,0,0,21,21
4073,0,0,0,0,0,0,1,1,0,0,21,21
4074,0,0,0,0,0,0,1,1,0,0,21,21
4075,0,0,0,0,0,1,1,1,0,0,21,21
4076,0,0,0,0,0,0,1,1,0,0,21,21
4077,0,0,0,0,0,1,1,1,0,0,21,21
4078,0,0,0,0,0,0,1,1,0,0,21,21
4079,0,0,0,0,0,1,1,1,0,0,21,21
4080,0,0,0,0,0,1,1,1,0,0,21,21
4081,0,0,0,0,0,0,1,1,0,0,21,21
4082,0,0,0,0,0,1,1,1,0,0,21,21
4083,0,0,0,0,0,0,1,1,0,0,21,21
4084,0,0,0,0,0,0,1,1,0,0,21,21
4085,0,0,0,0,0,1,1,1,0,0,21,21
4086,0,0,0,0,0,1,1,1,0,0,21,21
4087,0,0,0,0,0,0,1,1,0,0,21,21
4088,0,0,0,0,0,0,1,1,0,0,21,21
4089,0,0,0,0,0,0,1,1,0,0,21,21
4090,0,0,0,0,0,0,1,1,0,0,21,21
4091,0,1,0,1,0,1,1,1,0,0,21,16
4092,0,0,0,0,1,0,1,1,0,0,21,21
4093,0,0,0,0,0,0,1,1,0,0,21,21
4094,0,0,0,0,0,1,1,1,0,0,21,21
4095,0,0,0,0,0,0,1,1,0,0,21,21
4096,0,0,0,0,0,1,1,1,0,0,21,21
4097,0,1,0,1,0,1,1,1,0,1,21,1
4098,0,0,0,0,0,0,1,1,0,0,21,21
4099,0,0,0,0,0,0,1,1,0,0,21,21
4100,0,0,0,0,0,0,1,1,0,0,21,21
4101,0,0,0,0,0,1,1,1,0,0,21,21
4102,0,0,0,0,0,0,1,1,0,0,21,21
4103,0,0,0,0,0,1,1,1,0,0,21,21
4104,0,0,0,0,0,1,1,1,0,0,21,21
4105,0,0,0,0,0,0,1,1,0,0,21,21
4106,0,0,0,0,0,1,1,1,0,0,21,21
4107,0,1,0,1,0,1,1,1,0,0,21,2
4108,0,0,0,0,0,0,1,1,0,0,21,21
4109,0,0,0,0,0,1,1,1,0,0,21,21
4110,0,0,0,0,0,0,1,1,0,0,21,21
4111,0,0,0,0,0,0,1,1,0,0,21,21
4112,0,0,0,0,0,0,1,1,0,0,21,21
4113,0,0,0,0,0,1,1,1,0,0,21,21
4114,0,0,0,0,0,1,1,1,0,0,21,21
4115,0,0,0,0,0,1,1,1,0,0,21,21
4116,0,0,0,0,0,0,1,1,0,0,21,21
4117,0,0,0,0,0,0,1,1,0,0,21,21
4118,0,0,0,0,0,1,1,1,0,0,21,21
4119,0,0,1,0,1,0,0,1,0,0,21,21
4120,0,0,0,0,0,1,1,1,0,0,21,21
4121,0,0,0,0,0,1,1,1,0,0,21,21
4122,0,0,0,0,0,0,1,1,0,0,21,21
4123,0,0,0,0,0,0,1,1,0,0,21,21
4124,0,0,0,0,0,1,1,1,0,0,21,21
4125,0,1,0,1,0,1,1,1,0,1,21,1
4126,0,0,0,0,0,0,1,1,0,0,21,21
4127,0,0,0,0,0,0,1,1,0,0,21,21
4128,0,1,0,1,0,1,1,1,0,1,21,1
4129,0,0,0,0,0,0,1,1,0,0,21,21
4130,0,0,0,0,0,1,1,1,0,0,21,21
4131,0,0,0,0,0,0,1,1,0,0,21,21
4132,0,0,0,0,0,0,1,1,0,0,21,21
4133,0,1,0,1,0,1,1,1,0,1,21,1
4134,0,0,0,0,0,1,1,1,0,0,21,21
4135,0,0,0,0,0,0,1,1,0,0,21,21
4136,0,0,0,0,0,0,1,1,0,0,21,21
4137,0,0,0,0,0,0,1,1,0,0,21,21
4138,0,0,0,0,0,1,1,1,0,0,21,21
4139,0,0,0,0,0,1,1,1,0,0,21,21
4140,0,0,0,0,0,1,1,1,0,0,21,21
4141,0,0,0,0,0,0,1,1,0,0,21,21
4142,0,0,0,0,0,1,1,1,0,0,21,21
4143,0,0,0,0,0,1,1,1,0,0,21,21
4144,0,0,0,0,0,0,1,1,0,0,21,21
4145,0,0,0,0,0,0,1,1,0,0,21,21
4146,0,1,0,1,0,1,1,1,0,0,21,8
4147,0,0,0,0,0,0,1,1,0,0,21,21
4148,0,0,0,0,0,0,1,1,0,0,21,21
4149,0,0,0,0,0,0,1,1,0,0,21,21
4150,0,0,0,0,0,1,1,1,0,0,21,21
4151,0,0,0,0,0,0,1,1,0,0,21,21
4152,0,0,0,0,0,1,1,1,0,0,21,21
4153,0,0,0,0,0,0,1,1,0,0,21,21
4154,0,0,0,0,0,1,0,1,0,0,21,21
4155,0,0,0,0,0,0,1,1,0,0,21,21
4156,0,0,0,0,0,1,1,1,0,0,21,21
4157,0,1,0,1,0,1,1,1,0,0,21,3
4158,0,0,0,0,0,1,1,1,0,0,21,21
4159,0,0,0,0,0,0,1,1,0,0,21,21
4160,0,0,0,0,0,0,1,1,0,0,21,21
4161,0,0,0,0,0,0,1,1,0,0,21,21
4162,0,0,0,0,0,0,1,1,0,0,21,21
4163,0,0,0,0,0,1,1,1,0,0,21,21
4164,0,0,0,0,0,0,1,1,0,0,21,21
4165,0,0,0,0,0,1,1,1,0,0,21,21
4166,0,0,0,0,0,0,1,1,0,0,21,21
4167,0,0,0,0,0,0,1,1,0,0,21,21
4168,0,1,0,1,0,1,1,1,0,1,21,1
4169,0,1,0,1,0,1,1,1,0,0,21,7
4170,0,0,0,0,0,1,1,1,0,0,21,21
4171,0,0,0,0,0,1,1,1,0,0,21,21
4172,0,0,0,0,0,1,1,1,0,0,21,21
4173,0,0,0,0,0,0,1,1,0,0,21,21
4174,0,0,0,0,0,1,1,1,0,0,21,21
4175,0,0,0,0,0,0,1,1,0,0,21,21
4176,0,0,0,0,0,1,1,1,0,0,21,21
4177,0,0,0,0,0,0,1,1,0,0,21,21
4178,0,0,0,0,0,1,1,1,0,0,21,21
4179,0,0,0,0,0,0,1,1,0,0,21,21
4180,0,0,0,0,0,0,1,1,0,0,21,21
4181,0,0,0,0,0,1,1,1,0,0,21,21
4182,0,0,0,0,0,1,1,1,0,0,21,21
4183,0,0,0,0,0,0,1,1,0,0,21,21
4184,0,0,0,0,0,0,1,1,0,0,21,21
4185,0,0,0,0,0,0,1,1,0,0,21,21
4186,0,0,0,0,0,0,1,1,0,0,21,21
4187,0,0,0,0,0,1,1,1,0,0,21,21
4188,0,1,0,1,0,1,1,1,0,0,21,18
4189,0,0,0,0,0,0,1,1,0,0,21,21
4190,0,0,0,0,0,0,1,1,0,0,21,21
4191,0,1,0,1,0,1,1,1,0,0,21,10
4192,0,0,0,0,0,1,1,1,0,0,21,21
4193,0,0,0,0,0,1,1,1,0,0,21,21
4194,0,0,0,0,0,1,1,1,0,0,21,21
4195,0,0,0,0,0,1,1,1,0,0,21,21
4196,0,0,0,0,0,1,1,1,0,0,21,21
4197,0,0,0,0,0,0,1,1,0,0,21,21
4198,0,0,0,0,0,1,1,1,0,0,21,21
4199,0,0,0,0,0,1,1,1,0,0,21,21
4200,0,0,0,0,0,1,1,1,0,0,21,21
4201,0,0,0,0,0,0,1,1,0,0,21,21
4202,0,0,0,0,0,0,1,1,0,0,21,21
4203,0,0,0,0,0,0,1,1,0,0,21,21
4204,0,0,0,0,0,1,1,1,0,0,21,21
4205,0,0,0,0,0,0,1,1,0,0,21,21
4206,0,0,0,0,0,0,1,1,0,0,21,21
4207,0,0,0,0,0,0,1,1,0,0,21,21
4208,0,0,0,0,0,0,1,1,0,0,21,21
4209,0,0,0,0,0,1,1,1,0,0,21,21
4210,0,0,0,0,1,0,1,1,0,0,21,21
4211,0,0,0,0,0,0,1,1,0,0,21,21
4212,0,0,0,0,0,0,1,1,0,0,21,21
4213,0,0,0,0,0,1,1,1,0,0,21,21
4214,0,0,0,0,0,1,1,1,0,0,21,21
4215,0,0,0,0,0,0,1,1,0,0,21,21
4216,0,0,0,0,0,1,1,1,0,0,21,21
4217,0,1,0,1,0,1,1,1,0,1,21,1
4218,0,0,0,0,0,1,1,1,0,0,21,21
4219,0,0,0,0,0,0,1,1,0,0,21,21
4220,0,0,0,0,0,0,1,1,0,0,21,21
4221,0,1,0,1,0,1,1,1,0,0,21,2
4222,0,0,0,0,0,0,1,1,0,0,21,21
4223,0,0,0,0,0,0,1,1,0,0,21,21
4224,0,0,0,0,0,1,1,1,0,0,21,21
4225,0,0,0,0,0,0,1,1,0,0,21,21
4226,0,0,0,0,0,0,1,1,0,0,21,21
4227,0,0,0,0,0,1,1,1,0,0,21,21
4228,0,0,0,0,0,0,1,1,0,0,21,21
4229,0,0,0,0,0,1,1,1,0,0,21,21
4230,0,0,0,0,0,0,1,1,0,0,21,21
4231,0,0,0,0,0,1,1,1,0,0,21,21
4232,0,0,0,0,0,1,1,1,0,0,21,21
4233,0,0,0,0,0,1,1,1,0,0,21,21
4234,0,0,0,0,0,0,1,1,0,0,21,21
4235,0,0,0,0,0,0,1,1,0,0,21,21
4236,0,0,0,0,0,0,1,1,0,0,21,21
4237,0,0,0,0,0,0,1,1,0,0,21,21
4238,0,0,0,0,0,1,1,1,0,0,21,21
4239,0,0,0,0,0,0,1,1,0,0,21,21
4240,0,0,0,0,0,0,1,1,0,0,21,21
4241,0,1,0,1,0,1,1,1,0,0,21,5
4242,0,0,0,0,0,0,1,1,0,0,21,21
4243,0,0,0,0,0,1,1,1,0,0,21,21
4244,0,0,0,0,0,0,1,1,0,0,21,21
4245,0,0,0,0,0,0,1,1,0,0,21,21
4246,0,0,0,0,0,0,1,1,0,0,21,21
4247,0,0,0,0,1,0,1,1,0,0,21,21
4248,0,0,0,0,0,0,1,1,0,0,21,21
4249,0,0,0,0,0,0,1,1,0,0,21,21
4250,0,0,0,0,0,1,1,1,0,0,21,21
4251,0,0,0,0,0,0,1,1,0,0,21,21
4252,0,0,0,0,0,1,1,1,0,0,21,21
4253,0,0,0,0,0,1,1,1,0,0,21,21
4254,0,0,0,0,0,0,1,1,0,0,21,21
4255,0,0,0,0,0,0,1,1,0,0,21,21
4256,0,0,0,0,0,1,1,1,0,0,21,21
4257,0,0,0,0,0,0,1,1,0,0,21,21
4258,0,0,0,0,0,0,1,1,0,0,21,21
4259,0,0,0,0,0,0,1,1,0,0,21,21
4260,0,1,0,1,0,1,1,1,0,1,21,1
4261,0,0,0,0,0,1,1,1,0,0,21,21
4262,0,0,0,0,0,1,1,1,0,0,21,21
4263,0,0,0,0,0,1,1,1,0,0,21,21
4264,0,0,0,0,0,0,1,1,0,0,21,21
4265,0,0,0,0,0,0,1,1,0,0,21,21
4266,0,0,0,0,0,1,1,1,0,0,21,21
4267,0,0,0,0,0,0,1,1,0,0,21,21
4268,0,0,0,0,0,0,1,1,0,0,21,21
4269,0,1,0,1,0,1,1,1,0,0,21,2
4270,0,0,0,0,0,0,1,1,0,0,21,21
4271,0,0,0,0,0,1,1,1,0,0,21,21
4272,0,0,0,0,0,0,1,1,0,0,21,21
4273,0,0,0,0,0,0,1,1,0,0,21,21
4274,0,0,0,0,0,1,1,1,0,0,21,21
4275,0,0,0,0,0,1,1,1,0,0,21,21
4276,0,0,0,0,0,0,1,1,0,0,21,21
4277,0,1,0,1,0,1,1,1,0,1,21,1
4278,0,0,0,0,0,0,1,1,0,0,21,21
4279,0,0,0,0,0,1,1,1,0,0,21,21
4280,0,0,0,0,0,0,1,1,0,0,21,21
4281,0,0,0,0,0,0,1,1,0,0,21,21
4282,0,0,0,0,0,0,1,1,0,0,21,21
4283,0,0,0,0,0,1,1,1,0,0,21,21
4284,0,0,0,0,0,0,1,1,0,0,21,21
4285,0,0,0,0,0,0,1,1,0,0,21,21
4286,0,0,0,0,0,1,1,1,0,0,21,21
4287,0,0,0,0,0,1,1,1,0,0,21,21
4288,0,0,0,0,0,1,1,1,0,0,21,21
4289,0,0,0,0,0,0,1,1,0,0,21,21
4290,0,0,0,0,0,0,1,1,0,0,21,21
4291,0,0,0,0,0,0,1,1,0,0,21,21
4292,0,0,0,0,0,1,1,1,0,0,21,21
4293,0,0,0,0,0,0,1,1,0,0,21,21
4294,0,0,0,0,0,1,1,1,0,0,21,21
4295,0,0,0,0,0,1,1,1,0,0,21,21
4296,0,0,0,0,0,1,1,1,0,0,21,21
4297,0,0,0,0,0,0,1,1,0,0,21,21
4298,0,0,0,0,0,0,1,1,0,0,21,21
4299,0,0,0,0,0,0,1,1,0,0,21,21
4300,0,0,0,0,0,0,1,1,0,0,21,21
4301,0,1,0,1,0,1,1,1,0,1,21,1
4302,0,0,0,0,0,1,1,1,0,0,21,21
4303,0,0,0,0,0,1,1,1,0,0,21,21
4304,0,0,0,0,0,0,1,1,0,0,21,21
4305,0,0,0,0,0,1,1,1,0,0,21,21
4306,0,0,0,0,0,0,1,1,0,0,21,21
4307,0,0,0,0,0,0,1,1,0,0,21,21
4308,0,0,0,0,0,1,1,1,0,0,21,21
4309,0,0,0,0,0,1,1,1,0,0,21,21
4310,0,0,0,0,0,1,1,1,0,0,21,21
4311,0,0,0,0,0,0,1,1,0,0,21,21
4312,0,0,0,0,0,1,1,1,0,0,21,21
4313,0,0,0,0,0,0,1,1,0,0,21,21
4314,0,0,0,0,0,1,1,1,0,0,21,21
4315,0,0,0,0,0,0,1,1,0,0,21,21
4316,0,0,0,0,0,1,1,1,0,0,21,21
4317,0,1,0,1,0,1,1,1,0,0,21,10
4318,0,0,0,0,0,0,1,1,0,0,21,21
4319,0,0,0,0,0,1,1,1,0,0,21,21
4320,0,0,0,0,0,0,1,1,0,0,21,21
4321,0,0,0,0,0,1,1,1,0,0,21,21
4322,0,1,0,1,0,1,1,1,0,0,21,6
4323,0,0,0,0,0,0,1,1,0,0,21,21
4324,0,0,0,0,0,0,1,1,0,0,21,21
4325,0,0,0,0,0,0,1,1,0,0,21,21
4326,0,0,0,0,0,1,1,1,0,0,21,21
4327,0,1,0,1,0,1,1,1,0,0,21,13
4328,0,0,0,0,0,1,1,1,0,0,21,21
4329,0,0,0,0,0,1,1,1,0,0,21,21
4330,0,0,0,0,0,0,1,1,0,0,21,21
4331,0,0,0,0,0,0,1,1,0,0,21,21
4332,0,0,0,0,0,1,1,1,0,0,21,21
4333,0,0,0,0,1,1,1,1,0,0,21,21
4334,0,0,0,0,0,1,1,1,0,0,21,21
4335,0,0,0,0,0,0,1,1,0,0,21,21
4336,0,0,0,0,0,1,1,1,0,0,21,21
4337,0,0,0,0,0,0,1,1,0,0,21,21
4338,0,0,0,0,0,0,1,1,0,0,21,21
4339,0,0,0,0,0,0,1,1,0,0,21,21
4340,0,0,0,0,0,1,1,1,0,0,21,21
4341,0,0,0,0,0,0,1,1,0,0,21,21
4342,0,1,0,1,0,1,1,1,0,1,21,1
4343,0,0,0,0,0,0,1,1,0,0,21,21
4344,0,0,0,0,0,0,1,1,0,0,21,21
4345,0,0,0,0,0,1,1,1,0,0,21,21
4346,0,1,0,1,0,1,1,1,0,0,21,4
4347,0,0,0,0,0,0,1,1,0,0,21,21
4348,0,0,0,0,0,0,1,1,0,0,21,21
4349,0,0,0,0,0,0,1,1,0,0,21,21
4350,0,0,0,0,0,1,1,1,0,0,21,21
4351,0,0,0,0,0,1,1,1,0,0,21,21
4352,0,0,0,0,0,0,1,1,0,0,21,21
4353,0,0,0,0,0,1,1,1,0,0,21,21
4354,0,0,0,0,0,1,1,1,0,0,21,21
4355,0,0,0,0,0,0,1,1,0,0,21,21
4356,0,0,0,0,0,1,1,1,0,0,21,21
4357,0,0,0,0,0,1,1,1,0,0,21,21
4358,0,0,0,0,0,0,1,1,0,0,21,21
4359,0,0,0,0,0,0,1,1,0,0,21,21
4360,0,1,0,1,0,1,1,1,0,0,21,4
4361,0,1,0,1,0,1,1,1,0,0,21,6
4362,0,0,0,0,0,1,1,1,0,0,21,21
4363,0,0,0,0,0,1,1,1,0,0,21,21
4364,0,0,0,0,0,0,1,1,0,0,21,21
4365,0,0,0,0,0,0,1,1,0,0,21,21
4366,0,0,0,0,0,1,1,1,0,0,21,21
4367,0,0,0,0,0,1,1,1,0,0,21,21
4368,0,0,0,0,0,0,1,1,0,0,21,21
4369,0,0,0,0,0,1,1,1,0,0,21,21
4370,0,0,0,0,0,0,1,1,0,0,21,21
4371,0,0,0,0,0,0,1,1,0,0,21,21
4372,0,0,0,0,0,0,1,1,0,0,21,21
4373,0,0,0,0,0,0,1,1,0,0,21,21
4374,0,1,0,1,0,1,1,1,0,1,21,1
4375,0,0,0,0,0,0,1,1,0,0,21,21
4376,0,0,0,0,0,0,1,1,0,0,21,21
4377,0,0,0,0,0,1,1,1,0,0,21,21
4378,0,0,0,0,0,0,1,1,0,0,21,21
4379,0,0,0,0,0,1,1,1,0,0,21,21
4380,0,0,0,0,0,1,1,1,0,0,21,21
4381,0,0,0,0,0,0,1,1,0,0,21,21
4382,0,0,0,0,0,0,1,1,0,0,21,21
4383,0,0,0,0,0,0,1,1,0,0,21,21
4384,0,0,0,0,0,0,1,1,0,0,21,21
4385,0,0,0,0,0,1,1,1,0,0,21,21
4386,0,0,0,0,0,1,1,1,0,0,21,21
4387,0,0,0,0,0,1,1,1,0,0,21,21
4388,0,0,0,0,0,1,1,1,0,0,21,21
4389,0,0,0,0,0,1,1,1,0,0,21,21
4390,0,1,0,1,0,1,1,1,0,0,21,4
4391,0,0,0,0,0,0,1,1,0,0,21,21
4392,0,0,0,0,0,0,1,1,0,0,21,21
4393,0,0,0,0,0,0,1,1,0,0,21,21
4394,0,0,0,0,0,0,1,1,0,0,21,21
4395,0,0,0,0,0,1,1,1,0,0,21,21
4396,0,0,0,0,0,0,1,1,0,0,21,21
4397,0,0,0,0,0,0,1,1,0,0,21,21
4398,0,0,0,0,0,0,1,1,0,0,21,21
4399,0,0,0,0,0,1,1,1,0,0,21,21
4400,0,0,0,0,0,0,1,1,0,0,21,21
4401,0,0,0,0,0,0,1,1,0,0,21,21
4402,0,0,0,0,0,1,1,1,0,0,21,21
4403,0,0,0,0,0,0,1,1,0,0,21,21
4404,0,0,0,0,0,0,1,1,0,0,21,21
4405,0,0,0,0,0,0,1,1,0,0,21,21
4406,0,0,0,0,0,0,1,1,0,0,21,21
4407,0,0,0,0,0,1,1,1,0,0,21,21
4408,0,0,0,0,0,0,1,1,0,0,21,21
4409,0,0,0,0,0,1,1,1,0,0,21,21
4410,0,0,0,0,0,0,1,1,0,0,21,21
4411,0,0,0,0,0,0,1,1,0,0,21,21
4412,0,0,0,0,0,1,1,1,0,0,21,21
4413,0,0,0,0,0,0,1,1,0,0,21,21
4414,0,0,0,0,0,0,1,1,0,0,21,21
4415,0,0,0,0,0,1,1,1,0,0,21,21
4416,0,1,0,1,0,1,1,1,0,0,21,10
4417,0,0,0,0,0,1,1,1,0,0,21,21
4418,0,0,0,0,0,1,1,1,0,0,21,21
4419,0,0,0,0,0,0,1,1,0,0,21,21
4420,0,0,0,0,0,1,1,1,0,0,21,21
4421,0,0,0,0,0,0,1,1,0,0,21,21
4422,0,1,0,1,0,1,1,1,0,0,21,14
4423,0,0,0,0,0,0,1,1,0,0,21,21
4424,0,0,0,0,0,0,1,1,0,0,21,21
4425,0,0,0,0,0,0,1,1,0,0,21,21
4426,0,0,0,0,0,1,1,1,0,0,21,21
4427,0,0,0,0,0,0,1,1,0,0,21,21
4428,0,0,0,0,0,0,1,1,0,0,21,21
4429,0,0,0,0,0,1,1,1,0,0,21,21
4430,0,0,0,0,0,0,1,1,0,0,21,21
4431,0,0,0,0,0,0,1,1,0,0,21,21
4432,0,0,0,0,0,0,1,1,0,0,21,21
4433,0,1,0,1,0,1,1,1,0,0,21,3
4434,0,0,0,0,0,0,1,1,0,0,21,21
4435,0,0,0,0,0,0,1,1,0,0,21,21
4436,0,0,0,0,0,1,1,1,0,0,21,21
4437,0,0,0,0,0,0,1,1,0,0,21,21
4438,0,1,0,1,0,1,1,1,0,0,21,11
4439,0,0,0,0,0,1,1,1,0,0,21,21
4440,0,0,0,0,0,0,1,1,0,0,21,21
4441,0,1,0,1,0,1,1,1,0,0,21,5
4442,0,0,0,0,0,1,1,1,0,0,21,21
4443,0,1,0,1,0,1,1,1,0,0,21,12
4444,0,1,0,1,0,1,1,1,0,1,21,1
4445,0,1,0,1,0,1,1,1,0,1,21,1
4446,0,0,0,0,0,0,1,1,0,0,21,21
4447,0,0,0,0,0,1,1,1,0,0,21,21
4448,0,0,0,0,0,0,1,1,0,0,21,21
4449,0,0,0,0,0,0,1,1,0,0,21,21
4450,0,0,0,0,0,0,1,1,0,0,21,21
4451,0,0,0,0,0,1,1,1,0,0,21,21
4452,0,0,0,0,0,1,1,1,0,0,21,21
4453,0,0,0,0,0,0,1,1,0,0,21,21
4454,0,0,0,0,0,0,1,1,0,0,21,21
4455,0,0,0,0,0,0,1,1,0,0,21,21
4456,0,0,0,0,0,1,1,1,0,0,21,21
4457,0,0,0,0,1,0,1,1,0,0,21,21
4458,0,0,0,0,0,1,1,1,0,0,21,21
4459,0,0,0,0,0,0,1,1,0,0,21,21
4460,0,0,0,0,0,1,1,1,0,0,21,21
4461,0,0,0,0,0,1,1,1,0,0,21,21
4462,0,0,0,0,0,0,1,1,0,0,21,21
4463,0,1,0,1,0,1,1,1,0,0,21,10
4464,0,0,0,0,0,1,1,1,0,0,21,21
4465,0,0,0,0,0,0,1,1,0,0,21,21
4466,0,0,0,0,0,0,1,1,0,0,21,21
4467,0,0,0,0,0,1,1,1,0,0,21,21
4468,0,0,0,0,0,1,1,1,0,0,21,21
4469,0,0,0,0,0,1,1,1,0,0,21,21
4470,0,0,0,0,0,1,1,1,0,0,21,21
4471,0,0,0,0,0,1,1,1,0,0,21,21
4472,0,0,0,0,0,1,1,1,0,0,21,21
4473,0,0,0,0,0,0,1,1,0,0,21,21
4474,0,0,0,0,0,0,1,1,0,0,21,21
4475,0,0,0,0,0,1,1,1,0,0,21,21
4476,0,0,0,0,0,0,1,1,0,0,21,21
4477,0,0,0,0,0,0,1,1,0,0,21,21
4478,0,0,0,0,0,1,1,1,0,0,21,21
4479,0,0,0,0,0,0,1,1,0,0,21,21
4480,0,0,0,0,1,0,1,1,0,0,21,21
4481,0,0,0,0,0,1,1,1,0,0,21,21
4482,0,0,0,0,0,0,1,1,0,0,21,21
4483,0,0,0,0,0,0,1,1,0,0,21,21
4484,0,1,0,1,0,1,1,1,0,0,21,3
4485,0,0,0,0,0,0,1,1,0,0,21,21
4486,0,0,0,0,0,0,1,1,0,0,21,21
4487,0,0,0,0,0,0,1,1,0,0,21,21
4488,0,0,0,0,0,0,1,1,0,0,21,21
4489,0,0,0,0,0,0,1,1,0,0,21,21
4490,0,0,0,0,0,0,1,1,0,0,21,21
4491,0,0,0,0,0,0,1,1,0,0,21,21
4492,0,0,0,0,1,0,1,1,0,0,21,21
4493,0,0,0,0,0,0,1,1,0,0,21,21
4494,0,0,0,0,0,1,1,1,0,0,21,21
4495,0,0,0,0,0,1,1,1,0,0,21,21
4496,0,0,0,0,0,1,1,1,0,0,21,21
4497,0,1,0,1,0,1,1,1,0,0,21,18
4498,0,0,0,0,0,1,1,1,0,0,21,21
4499,0,0,0,0,0,1,1,1,0,0,21,21
4500,0,0,0,0,0,1,1,1,0,0,21,21
4501,0,0,0,0,0,0,1,1,0,0,21,21
4502,0,0,0,0,0,0,1,1,0,0,21,21
4503,0,0,0,0,0,1,1,1,0,0,21,21
4504,0,0,0,0,0,0,1,1,0,0,21,21
4505,0,0,0,0,0,0,1,1,0,0,21,21
4506,0,1,0,1,0,1,1,1,0,1,21,1
4507,0,0,0,0,0,0,1,1,0,0,21,21
4508,0,0,0,0,0,0,1,1,0,0,21,21
4509,0,0,0,0,0,0,1,1,0,0,21,21
4510,0,0,0,0,0,0,1,1,0,0,21,21
4511,0,0,0,0,0,0,1,1,0,0,21,21
4512,0,0,0,0,0,0,1,1,0,0,21,21
4513,0,0,0,0,0,0,1,1,0,0,21,21
4514,0,0,0,0,0,0,1,1,0,0,21,21
4515,0,1,0,1,0,1,1,1,0,1,21,1
4516,0,0,0,0,0,1,1,1,0,0,21,21
4517,0,0,0,0,0,1,1,1,0,0,21,21
4518,0,0,0,0,0,0,1,1,0,0,21,21
4519,0,0,0,0,0,0,1,1,0,0,21,21
4520,0,0,0,0,0,0,1,1,0,0,21,21
4521,0,0,0,0,0,0,1,1,0,0,21,21
4522,0,0,0,0,0,0,1,1,0,0,21,21
4523,0,0,0,0,0,1,1,1,0,0,21,21
4524,0,0,0,0,0,1,1,1,0,0,21,21
4525,0,0,0,0,0,0,1,1,0,0,21,21
4526,0,0,0,0,0,0,1,1,0,0,21,21
4527,0,0,0,0,0,0,1,1,0,0,21,21
4528,0,0,0,0,0,1,1,1,0,0,21,21
4529,0,0,0,0,0,0,1,1,0,0,21,21
4530,0,0,0,0,0,1,1,1,0,0,21,21
4531,0,0,0,0,0,0,1,1,0,0,21,21
4532,0,0,0,0,0,0,1,1,0,0,21,21
4533,0,0,0,0,0,0,1,1,0,0,21,21
4534,0,0,0,0,0,0,1,1,0,0,21,21
4535,0,0,0,0,0,0,1,1,0,0,21,21
4536,0,0,0,0,0,1,1,1,0,0,21,21
4537,0,0,0,0,0,0,1,1,0,0,21,21
4538,0,0,0,0,0,1,1,1,0,0,21,21
4539,0,0,0,0,0,0,1,1,0,0,21,21
4540,0,1,0,1,0,1,1,1,0,0,21,20
4541,0,0,0,0,0,0,1,1,0,0,21,21
4542,0,0,0,0,0,1,1,1,0,0,21,21
4543,0,0,0,0,0,0,1,1,0,0,21,21
4544,0,0,0,0,0,0,1,1,0,0,21,21
4545,0,0,0,0,0,1,1,1,0,0,21,21
4546,0,0,0,0,0,0,1,1,0,0,21,21
4547,0,0,0,0,0,1,1,1,0,0,21,21
4548,0,0,0,0,0,0,1,1,0,0,21,21
4549,0,0,0,0,0,1,1,1,0,0,21,21
4550,0,0,0,0,0,1,1,1,0,0,21,21
4551,0,1,0,1,0,1,1,1,0,1,21,1
4552,0,0,0,0,0,1,1,1,0,0,21,21
4553,0,0,0,0,0,0,1,1,0,0,21,21
4554,0,0,0,0,0,0,1,1,0,0,21,21
4555,0,0,0,0,0,1,1,1,0,0,21,21
4556,0,1,0,1,0,1,1,1,0,1,21,1
4557,0,0,0,0,0,1,1,1,0,0,21,21
4558,0,0,0,0,0,0,1,1,0,0,21,21
4559,0,0,0,0,0,0,1,1,0,0,21,21
4560,0,0,0,0,0,0,1,1,0,0,21,21
4561,0,0,0,0,0,0,1,1,0,0,21,21
4562,0,0,0,0,0,0,1,1,0,0,21,21
4563,0,0,0,0,0,1,1,1,0,0,21,21
4564,0,1,0,1,0,1,1,1,0,1,21,1
4565,0,0,0,0,0,0,1,1,0,0,21,21
4566,0,1,0,1,0,1,1,1,0,1,21,1
4567,0,0,0,0,0,0,1,1,0,0,21,21
4568,0,0,0,0,0,0,1,1,0,0,21,21
4569,0,0,0,0,0,0,1,1,0,0,21,21
4570,0,0,0,0,0,0,1,1,0,0,21,21
4571,0,0,0,0,0,0,1,1,0,0,21,21
4572,0,0,0,0,0,1,1,1,0,0,21,21
4573,0,1,0,1,0,1,1,1,0,0,21,17
4574,0,1,0,1,0,1,1,1,0,0,21,14
4575,0,0,0,0,0,0,1,1,0,0,21,21
4576,0,0,0,0,0,1,1,1,0,0,21,21
4577,0,0,0,0,0,1,1,1,0,0,21,21
4578,0,0,0,0,0,1,1,1,0,0,21,21
4579,0,0,0,0,0,0,1,1,0,0,21,21
4580,0,0,0,0,0,0,1,1,0,0,21,21
4581,0,0,0,0,0,1,1,1,0,0,21,21
4582,0,0,0,0,0,0,1,1,0,0,21,21
4583,0,0,0,0,0,0,1,1,0,0,21,21
4584,0,0,0,0,0,1,1,1,0,0,21,21
4585,0,0,0,0,0,0,1,1,0,0,21,21
4586,0,0,0,0,0,0,1,1,0,0,21,21
4587,0,0,0,0,0,0,1,1,0,0,21,21
4588,0,0,0,0,0,1,1,1,0,0,21,21
4589,0,0,0,0,0,0,1,1,0,0,21,21
4590,0,0,0,0,0,0,1,1,0,0,21,21
4591,0,0,0,0,0,1,1,1,0,0,21,21
4592,0,1,0,1,0,1,1,1,0,0,21,2
4593,0,0,0,0,0,0,1,1,0,0,21,21
4594,0,0,0,0,0,0,1,1,0,0,21,21
4595,0,0,0,0,0,0,1,1,0,0,21,21
4596,0,0,0,0,0,1,1,1,0,0,21,21
4597,0,0,0,0,0,1,1,1,0,0,21,21
4598,0,0,0,0,0,1,1,1,0,0,21,21
4599,0,1,0,1,0,1,1,1,0,0,21,6
4600,0,0,0,0,0,0,1,1,0,0,21,21
4601,0,0,0,0,0,0,1,1,0,0,21,21
4602,0,0,0,0,0,0,1,1,0,0,21,21
4603,0,0,0,0,0,0,1,1,0,0,21,21
4604,0,0,0,0,0,0,1,1,0,0,21,21
4605,0,0,0,0,0,0,1,1,0,0,21,21
4606,0,0,0,0,0,0,1,1,0,0,21,21
4607,0,1,0,1,0,1,1,1,0,0,21,6
4608,0,0,0,0,0,1,1,1,0,0,21,21
4609,0,0,0,0,0,1,1,1,0,0,21,21
4610,0,0,0,0,0,1,1,1,0,0,21,21
4611,0,0,0,0,0,0,1,1,0,0,21,21
4612,0,0,0,0,0,1,1,1,0,0,21,21
4613,0,0,0,0,0,0,1,1,0,0,21,21
4614,0,0,0,0,0,0,1,1,0,0,21,21
4615,0,0,0,0,0,0,1,1,0,0,21,21
4616,0,0,1,0,1,0,0,1,0,0,21,21
4617,0,0,0,0,0,1,1,1,0,0,21,21
4618,0,0,0,0,0,0,1,1,0,0,21,21
4619,0,0,0,0,0,1,1,1,0,0,21,21
4620,0,0,0,0,0,0,1,1,0,0,21,21
4621,0,0,0,0,0,0,1,1,0,0,21,21
4622,0,0,0,0,0,0,1,1,0,0,21,21
4623,0,0,0,0,0,0,1,1,0,0,21,21
4624,0,1,0,1,0,1,1,1,0,0,21,10
4625,0,1,0,1,0,1,1,1,0,0,21,12
4626,0,0,0,0,0,1,1,1,0,0,21,21
4627,0,0,0,0,0,0,1,1,0,0,21,21
4628,0,0,0,0,0,1,1,1,0,0,21,21
4629,0,0,0,0,0,1,1,1,0,0,21,21
4630,0,0,0,0,0,0,1,1,0,0,21,21
4631,0,0,0,0,0,0,1,1,0,0,21,21
4632,0,0,0,0,0,0,1,1,0,0,21,21
4633,0,0,0,0,0,0,1,1,0,0,21,21
4634,0,0,0,0,0,0,1,1,0,0,21,21
4635,0,1,0,1,0,1,1,1,0,0,21,2
4636,0,0,0,0,0,0,1,1,0,0,21,21
4637,0,0,0,0,1,1,1,1,0,0,21,21
4638,0,0,0,0,0,1,1,1,0,0,21,21
4639,0,0,0,0,0,0,1,1,0,0,21,21
4640,0,0,0,0,0,0,1,1,0,0,21,21
4641,0,0,0,0,0,0,1,1,0,0,21,21
4642,0,0,0,0,0,0,1,1,0,0,21,21
4643,0,0,0,0,0,0,1,1,0,0,21,21
4644,0,0,0,0,0,0,1,1,0,0,21,21
4645,0,0,0,0,0,0,1,1,0,0,21,21
4646,0,0,0,0,0,0,1,1,0,0,21,21
4647,0,0,0,0,0,0,1,1,0,0,21,21
4648,0,0,0,0,0,1,1,1,0,0,21,21
4649,0,0,0,0,0,0,1,1,0,0,21,21
4650,0,0,0,0,0,0,1,1,0,0,21,21
4651,0,0,0,0,0,1,1,1,0,0,21,21
4652,0,0,0,0,0,1,1,1,0,0,21,21
4653,0,0,0,0,0,0,1,1,0,0,21,21
4654,0,0,0,0,0,1,1,1,0,0,21,21
4655,0,0,0,0,0,0,1,1,0,0,21,21
4656,0,0,0,0,0,0,1,1,0,0,21,21
4657,0,0,0,0,0,1,1,1,0,0,21,21
4658,0,0,0,0,0,1,1,1,0,0,21,21
4659,0,0,0,0,0,0,1,1,0,0,21,21
4660,0,0,0,0,0,1,1,1,0,0,21,21
4661,0,0,0,0,0,1,1,1,0,0,21,21
4662,0,0,0,0,0,0,1,1,0,0,21,21
4663,0,0,0,0,0,0,1,1,0,0,21,21
4664,0,0,0,0,0,0,1,1,0,0,21,21
4665,0,0,0,0,0,1,1,1,0,0,21,21
4666,0,0,0,0,0,1,1,1,0,0,21,21
4667,0,0,0,0,0,0,1,1,0,0,21,21
4668,0,0,0,0,0,1,1,1,0,0,21,21
4669,0,0,0,0,0,1,1,1,0,0,21,21
4670,0,0,0,0,0,1,1,1,0,0,21,21
4671,0,0,0,0,0,0,1,1,0,0,21,21
4672,0,0,0,0,0,1,1,1,0,0,21,21
4673,0,0,0,0,0,1,1,1,0,0,21,21
4674,0,0,0,0,0,0,1,1,0,0,21,21
4675,0,0,0,0,0,1,1,1,0,0,21,21
4676,0,1,0,1,0,1,1,1,0,1,21,1
4677,0,0,0,0,0,0,1,1,0,0,21,21
4678,0,0,0,0,0,0,1,1,0,0,21,21
4679,0,1,0,1,0,1,1,1,0,1,21,1
4680,0,0,0,0,0,0,1,1,0,0,21,21
4681,0,0,0,0,0,0,1,1,0,0,21,21
4682,0,0,0,0,0,1,1,1,0,0,21,21
4683,0,0,0,0,0,1,1,1,0,0,21,21
4684,0,0,0,0,0,0,1,1,0,0,21,21
4685,0,0,0,0,0,0,1,1,0,0,21,21
4686,0,1,0,1,0,1,1,1,0,0,21,3
4687,0,0,0,0,0,1,1,1,0,0,21,21
4688,0,0,0,0,0,0,1,1,0,0,21,21
4689,0,0,0,0,0,1,1,1,0,0,21,21
4690,0,0,0,0,0,0,1,1,0,0,21,21
4691,0,0,0,0,0,0,1,1,0,0,21,21
4692,0,0,0,0,0,0,1,1,0,0,21,21
4693,0,0,0,0,0,1,1,1,0,0,21,21
4694,0,0,0,0,0,1,1,1,0,0,21,21
4695,0,0,0,0,0,0,1,1,0,0,21,21
4696,0,0,0,0,0,1,1,1,0,0,21,21
4697,0,0,0,0,0,0,1,1,0,0,21,21
4698,0,0,0,0,0,1,1,1,0,0,21,21
4699,0,0,0,0,0,0,1,1,0,0,21,21
4700,0,0,0,0,0,0,1,1,0,0,21,21
4701,0,0,0,0,1,0,1,1,0,0,21,21
4702,0,0,0,0,0,1,1,1,0,0,21,21
4703,0,0,0,0,0,1,1,1,0,0,21,21
4704,0,0,0,0,0,1,1,1,0,0,21,21
4705,0,1,0,1,0,1,1,1,0,0,21,6
4706,0,0,0,0,0,1,1,1,0,0,21,21
4707,0,0,0,0,0,0,1,1,0,0,21,21
4708,0,0,0,0,0,1,1,1,0,0,21,21
4709,0,0,0,0,0,0,1,1,0,0,21,21
4710,0,0,0,0,0,0,1,1,0,0,21,21
4711,0,0,0,0,0,1,1,1,0,0,21,21
4712,0,0,0,0,0,0,1,1,0,0,21,21
4713,0,0,0,0,0,0,1,1,0,0,21,21
4714,0,0,0,0,0,0,1,1,0,0,21,21
4715,0,0,0,0,0,1,1,1,0,0,21,21
4716,0,0,0,0,0,0,1,1,0,0,21,21
4717,0,0,0,0,0,0,1,1,0,0,21,21
4718,0,0,0,0,0,1,1,1,0,0,21,21
4719,0,0,0,0,0,0,1,1,0,0,21,21
4720,0,0,0,0,0,0,1,1,0,0,21,21
4721,0,0,0,0,0,0,1,1,0,0,21,21
4722,0,0,0,0,0,1,1,1,0,0,21,21
4723,0,1,0,1,0,1,1,1,0,0,21,10
4724,0,0,0,0,0,1,1,1,0,0,21,21
4725,0,0,0,0,0,0,1,1,0,0,21,21
4726,0,0,0,0,0,1,1,1,0,0,21,21
4727,0,0,0,0,0,0,1,1,0,0,21,21
4728,0,0,0,0,0,0,1,1,0,0,21,21
4729,0,1,0,1,0,1,1,1,0,0,21,3
4730,0,0,0,0,0,0,1,1,0,0,21,21
4731,0,0,0,0,0,0,1,1,0,0,21,21
4732,0,0,0,0,0,1,1,1,0,0,21,21
4733,0,0,0,0,0,1,1,1,0,0,21,21
4734,0,0,0,0,0,1,1,1,0,0,21,21
4735,0,0,0,0,0,1,1,1,0,0,21,21
4736,0,0,0,0,0,0,1,1,0,0,21,21
4737,0,0,0,0,0,0,1,1,0,0,21,21
4738,0,0,0,0,0,0,1,1,0,0,21,21
4739,0,0,0,0,0,0,1,1,0,0,21,21
4740,0,0,0,0,0,1,1,1,0,0,21,21
4741,0,0,0,0,0,0,1,1,0,0,21,21
4742,0,0,0,0,0,0,1,1,0,0,21,21
4743,0,0,0,0,0,0,1,1,0,0,21,21
4744,0,0,0,0,0,1,1,1,0,0,21,21
4745,0,0,0,0,0,0,1,1,0,0,21,21
4746,0,0,0,0,1,0,1,1,0,0,21,21
4747,0,0,0,0,0,1,1,1,0,0,21,21
4748,0,0,0,0,0,1,1,1,0,0,21,21
4749,0,1,0,1,0,1,1,1,0,1,21,1
4750,0,0,0,0,0,0,1,1,0,0,21,21
4751,0,0,0,0,0,1,1,1,0,0,21,21
4752,0,0,0,0,0,0,1,1,0,0,21,21
4753,0,1,0,1,0,1,1,1,0,0,21,16
4754,0,0,0,0,0,0,1,1,0,0,21,21
4755,0,0,0,0,0,1,1,1,0,0,21,21
4756,0,0,0,0,0,1,1,1,0,0,21,21
4757,0,0,0,0,0,1,1,1,0,0,21,21
4758,0,0,0,0,0,0,1,1,0,0,21,21
4759,0,0,0,0,0,1,1,1,0,0,21,21
4760,0,0,0,0,0,1,1,1,0,0,21,21
4761,0,0,0,0,0,0,1,1,0,0,21,21
4762,0,0,0,0,0,0,1,1,0,0,21,21
4763,0,1,0,1,0,1,1,1,0,0,21,9
4764,0,0,0,0,0,0,1,1,0,0,21,21
4765,0,0,0,0,0,1,1,1,0,0,21,21
4766,0,0,0,0,0,0,1,1,0,0,21,21
4767,0,0,0,0,0,0,1,1,0,0,21,21
4768,0,0,0,0,0,0,1,1,0,0,21,21
4769,0,0,0,0,0,0,1,1,0,0,21,21
4770,0,0,0,0,0,0,1,1,0,0,21,21
4771,0,0,0,0,0,1,1,1,0,0,21,21
4772,0,0,0,0,0,1,1,1,0,0,21,21
4773,0,0,0,0,0,0,1,1,0,0,21,21
4774,0,0,0,0,0,1,1,1,0,0,21,21
4775,0,0,0,0,0,1,1,1,0,0,21,21
4776,0,0,0,0,0,0,1,1,0,0,21,21
4777,0,0,0,0,0,0,1,1,0,0,21,21
4778,0,0,0,0,0,0,1,1,0,0,21,21
4779,0,0,0,0,0,1,1,1,0,0,21,21
4780,0,0,0,0,0,0,1,1,0,0,21,21
4781,0,1,0,1,0,1,1,1,0,0,21,2
4782,0,1,0,1,0,1,1,1,0,1,21,1
4783,0,0,0,0,0,0,1,1,0,0,21,21
4784,0,0,0,0,0,0,1,1,0,0,21,21
4785,0,0,0,0,0,1,1,1,0,0,21,21
4786,0,0,0,0,0,1,1,1,0,0,21,21
4787,0,0,0,0,0,1,1,1,0,0,21,21
4788,0,0,0,0,0,1,1,1,0,0,21,21
4789,0,1,0,1,0,1,1,1,0,0,21,3
4790,0,0,0,0,0,1,1,1,0,0,21,21
4791,0,0,0,0,0,1,1,1,0,0,21,21
4792,0,0,0,0,0,0,1,1,0,0,21,21
4793,0,0,0,0,0,0,1,1,0,0,21,21
4794,0,0,0,0,0,1,1,1,0,0,21,21
4795,0,0,0,0,0,0,1,1,0,0,21,21
4796,0,1,0,1,0,1,1,1,0,0,21,13
4797,0,0,0,0,1,1,1,1,0,0,21,21
4798,0,0,0,0,0,0,1,1,0,0,21,21
4799,0,0,0,0,0,0,1,1,0,0,21,21
4800,0,1,0,1,0,1,1,1,0,1,21,1
4801,0,0,0,0,0,1,1,1,0,0,21,21
4802,0,0,0,0,0,0,1,1,0,0,21,21
4803,0,1,0,1,0,1,1,1,0,0,21,3
4804,0,1,0,1,0,1,1,1,0,1,21,1
4805,0,0,0,0,0,1,1,1,0,0,21,21
4806,0,0,0,0,0,0,1,1,0,0,21,21
4807,0,0,0,0,0,1,1,1,0,0,21,21
4808,0,0,0,0,0,0,1,1,0,0,21,21
4809,0,0,0,0,0,0,1,1,0,0,21,21
4810,0,0,0,0,0,1,1,1,0,0,21,21
4811,0,0,0,0,0,1,1,1,0,0,21,21
4812,0,0,0,0,0,0,1,1,0,0,21,21
4813,0,0,0,0,0,0,1,1,0,0,21,21
4814,0,0,0,0,0,1,1,1,0,0,21,21
4815,0,0,0,0,0,0,1,1,0,0,21,21
4816,0,0,0,0,0,0,1,1,0,0,21,21
4817,0,0,0,0,0,1,1,1,0,0,21,21
4818,0,0,0,0,1,0,1,1,0,0,21,21
4819,0,0,0,0,0,1,1,1,0,0,21,21
4820,0,0,0,0,0,1,1,1,0,0,21,21
4821,0,0,0,0,0,0,1,1,0,0,21,21
4822,0,0,0,0,0,1,1,1,0,0,21,21
4823,0,0,0,0,0,0,1,1,0,0,21,21
4824,0,0,0,0,0,1,1,1,0,0,21,21
4825,0,0,0,0,0,1,1,1,0,0,21,21
4826,0,0,0,0,0,0,1,1,0,0,21,21
4827,0,1,0,1,0,1,1,1,0,1,21,1
4828,0,1,0,1,0,1,1,1,0,0,21,11
4829,0,0,0,0,0,0,1,1,0,0,21,21
4830,0,0,0,0,0,0,1,1,0,0,21,21
4831,0,0,0,0,0,0,1,1,0,0,21,21
4832,0,0,0,0,0,1,1,1,0,0,21,21
4833,0,1,0,1,0,1,1,1,0,1,21,1
4834,0,0,0,0,0,1,1,1,0,0,21,21
4835,0,1,0,1,0,1,1,1,0,1,21,1
4836,0,1,0,1,0,1,1,1,0,1,21,1
4837,0,0,0,0,0,0,1,1,0,0,21,21
4838,0,0,0,0,0,1,1,1,0,0,21,21
4839,0,0,0,0,0,1,1,1,0,0,21,21
4840,0,0,0,0,0,1,1,1,0,0,21,21
4841,0,0,0,0,0,0,1,1,0,0,21,21
4842,0,0,0,0,0,0,1,1,0,0,21,21
4843,0,0,0,0,0,0,1,1,0,0,21,21
4844,0,0,0,0,1,0,1,1,0,0,21,21
4845,0,0,0,0,0,1,1,1,0,0,21,21
4846,0,0,0,0,0,0,1,1,0,0,21,21
4847,0,0,0,0,0,0,1,1,0,0,21,21
4848,0,0,0,0,0,0,1,1,0,0,21,21
4849,0,0,0,0,0,1,1,1,0,0,21,21
4850,0,0,0,0,0,0,1,1,0,0,21,21
4851,0,0,0,0,0,1,1,1,0,0,21,21
4852,0,0,0,0,0,0,1,1,0,0,21,21
4853,0,0,0,0,0,1,1,1,0,0,21,21
4854,0,0,0,0,0,0,1,1,0,0,21,21
4855,0,1,0,1,0,1,1,1,0,1,21,1
4856,0,1,0,1,0,1,1,1,0,0,21,11
4857,0,1,0,1,0,1,1,1,0,0,21,8
4858,0,0,0,0,0,0,1,1,0,0,21,21
4859,0,0,0,0,0,1,1,1,0,0,21,21
4860,0,0,0,0,0,1,1,1,0,0,21,21
4861,0,1,0,1,0,1,1,1,0,1,21,1
4862,0,0,0,0,0,1,1,1,0,0,21,21
4863,0,1,0,1,0,1,1,1,0,0,21,19
4864,0,0,0,0,0,1,1,1,0,0,21,21
4865,0,0,0,0,0,1,1,1,0,0,21,21
4866,0,0,0,0,0,0,1,1,0,0,21,21
4867,0,0,0,0,1,0,1,1,0,0,21,21
4868,0,0,0,0,0,0,1,1,0,0,21,21
4869,0,0,0,0,0,0,1,1,0,0,21,21
4870,0,0,0,0,0,1,1,1,0,0,21,21
4871,0,0,0,0,0,1,1,1,0,0,21,21
4872,0,0,0,0,0,0,1,1,0,0,21,21
4873,0,0,0,0,0,0,1,1,0,0,21,21
4874,0,0,0,0,0,0,1,1,0,0,21,21
4875,0,0,0,0,0,0,1,1,0,0,21,21
4876,0,0,0,0,0,1,1,1,0,0,21,21
4877,0,0,0,0,0,0,1,1,0,0,21,21
4878,0,0,0,0,0,1,1,1,0,0,21,21
4879,0,0,0,0,0,0,1,1,0,0,21,21
4880,0,0,0,0,0,1,1,1,0,0,21,21
4881,0,1,0,1,0,1,1,1,0,1,21,1
4882,0,0,0,0,0,0,1,1,0,0,21,21
4883,0,0,0,0,0,0,1,1,0,0,21,21
4884,0,0,0,0,0,1,1,1,0,0,21,21
4885,0,0,0,0,0,0,1,1,0,0,21,21
4886,0,1,0,1,0,1,1,1,0,0,21,5
4887,0,0,0,0,0,0,1,1,0,0,21,21
4888,0,0,0,0,0,1,1,1,0,0,21,21
4889,0,0,0,0,0,1,1,1,0,0,21,21
4890,0,0,0,0,0,1,1,1,0,0,21,21
4891,0,0,0,0,0,0,1,1,0,0,21,21
4892,0,0,0,0,0,1,1,1,0,0,21,21
4893,0,0,0,0,0,1,1,1,0,0,21,21
4894,0,0,0,0,0,1,1,1,0,0,21,21
4895,0,1,0,1,0,1,1,1,0,0,21,6
4896,0,0,0,0,0,0,1,1,0,0,21,21
4897,0,1,0,1,0,1,1,1,0,1,21,1
4898,0,1,0,1,0,1,1,1,0,0,21,2
4899,0,0,0,0,0,0,1,1,0,0,21,21
4900,0,0,0,0,0,0,1,1,0,0,21,21
4901,0,0,0,0,0,0,1,1,0,0,21,21
4902,0,1,0,1,0,1,1,1,0,1,21,1
4903,0,0,0,0,0,0,1,1,0,0,21,21
4904,0,0,0,0,0,1,1,1,0,0,21,21
4905,0,0,0,0,0,0,1,1,0,0,21,21
4906,0,1,0,1,0,1,1,1,0,0,21,6
4907,0,0,0,0,0,0,1,1,0,0,21,21
4908,0,0,0,0,0,1,1,1,0,0,21,21
4909,0,0,0,0,0,0,1,1,0,0,21,21
4910,0,0,0,0,1,1,1,1,0,0,21,21
4911,0,0,0,0,0,0,1,1,0,0,21,21
4912,0,0,0,0,0,0,1,1,0,0,21,21
4913,0,0,0,0,0,0,1,1,0,0,21,21
4914,0,0,0,0,0,0,1,1,0,0,21,21
4915,0,0,0,0,0,0,1,1,0,0,21,21
4916,0,1,0,1,0,1,1,1,0,0,21,4
4917,0,0,0,0,0,1,1,1,0,0,21,21
4918,0,1,0,1,0,1,1,1,0,1,21,1
4919,0,0,0,0,0,0,1,1,0,0,21,21
4920,0,0,0,0,0,1,1,1,0,0,21,21
4921,0,0,0,0,0,0,1,1,0,0,21,21
4922,0,0,0,0,0,1,1,1,0,0,21,21
4923,0,1,0,1,0,1,1,1,0,0,21,5
4924,0,0,0,0,0,0,1,1,0,0,21,21
4925,0,0,0,0,0,0,1,1,0,0,21,21
4926,0,0,0,0,0,1,1,1,0,0,21,21
4927,0,0,0,0,0,0,1,1,0,0,21,21
4928,0,0,0,0,0,0,1,1,0,0,21,21
4929,0,0,0,0,0,0,1,1,0,0,21,21
4930,0,0,0,0,0,1,1,1,0,0,21,21
4931,0,1,0,1,0,1,1,1,0,0,21,2
4932,0,0,0,0,0,1,1,1,0,0,21,21
4933,0,0,0,0,0,0,1,1,0,0,21,21
4934,0,0,0,0,0,1,1,1,0,0,21,21
4935,0,0,0,0,0,0,1,1,0,0,21,21
4936,0,0,0,0,0,0,1,1,0,0,21,21
4937,0,0,0,0,0,1,1,1,0,0,21,21
4938,0,0,0,0,0,1,1,1,0,0,21,21
4939,0,1,0,1,0,1,1,1,0,0,21,5
4940,0,0,0,0,0,0,1,1,0,0,21,21
4941,0,0,0,0,0,0,1,1,0,0,21,21
4942,0,0,0,0,0,0,1,1,0,0,21,21
4943,0,0,0,0,0,0,1,1,0,0,21,21
4944,0,1,0,1,0,1,1,1,0,1,21,1
4945,0,0,0,0,0,1,1,1,0,0,21,21
4946,0,0,0,0,0,0,1,1,0,0,21,21
4947,0,0,0,0,0,1,1,1,0,0,21,21
4948,0,0,0,0,0,0,1,1,0,0,21,21
4949,0,0,0,0,0,1,1,1,0,0,21,21
4950,0,0,0,0,0,0,1,1,0,0,21,21
4951,0,0,0,0,0,0,1,1,0,0,21,21
4952,0,0,0,0,0,0,1,1,0,0,21,21
4953,0,0,0,0,0,1,1,1,0,0,21,21
4954,0,0,0,0,0,1,1,1,0,0,21,21
4955,0,0,0,0,0,1,1,1,0,0,21,21
4956,0,0,0,0,0,0,1,1,0,0,21,21
4957,0,0,0,0,0,0,1,1,0,0,21,21
4958,0,1,0,1,0,1,1,1,0,0,21,16
4959,0,0,0,0,0,0,1,1,0,0,21,21
4960,0,1,0,1,0,1,1,1,0,1,21,1
4961,0,0,0,0,0,0,1,1,0,0,21,21
4962,0,0,0,0,0,0,1,1,0,0,21,21
4963,0,0,0,0,0,1,1,1,0,0,21,21
4964,0,0,0,0,0,0,1,1,0,0,21,21
4965,0,0,0,0,0,0,1,1,0,0,21,21
4966,0,0,0,0,0,1,1,1,0,0,21,21
4967,0,0,0,0,0,0,1,1,0,0,21,21
4968,0,0,0,0,0,0,1,1,0,0,21,21
4969,0,0,0,0,0,1,1,1,0,0,21,21
4970,0,0,0,0,0,0,1,1,0,0,21,21
4971,0,0,0,0,0,0,1,1,0,0,21,21
4972,0,0,0,0,0,0,1,1,0,0,21,21
4973,0,0,0,0,0,0,1,1,0,0,21,21
4974,0,1,0,1,0,1,1,1,0,0,21,12
4975,0,1,0,1,0,1,1,1,0,0,21,10
4976,0,0,0,0,0,0,1,1,0,0,21,21
4977,0,0,0,0,0,1,1,1,0,0,21,21
4978,0,0,0,0,0,1,1,1,0,0,21,21
4979,0,1,0,1,0,1,1,1,0,0,21,4
4980,0,0,0,0,0,0,1,1,0,0,21,21
4981,0,0,0,0,0,1,1,1,0,0,21,21
4982,0,0,0,0,0,0,1,1,0,0,21,21
4983,0,0,0,0,0,0,1,1,0,0,21,21
4984,0,0,0,0,0,1,1,1,0,0,21,21
4985,0,1,0,1,0,1,1,1,0,0,21,16
4986,0,0,0,0,0,0,1,1,0,0,21,21
4987,0,1,0,1,0,1,1,1,0,0,21,4
4988,0,1,0,1,0,1,1,1,0,0,21,14
4989,0,0,0,0,0,0,1,1,0,0,21,21
4990,0,0,0,0,0,1,1,1,0,0,21,21
4991,0,0,0,0,0,0,1,1,0,0,21,21
4992,0,0,0,0,0,1,1,1,0,0,21,21
4993,0,0,0,0,0,0,1,1,0,0,21,21
4994,0,0,0,0,0,0,1,1,0,0,21,21
4995,0,0,0,0,0,0,1,1,0,0,21,21
4996,0,0,0,0,0,1,1,1,0,0,21,21
4997,0,0,0,0,0,1,1,1,0,0,21,21
4998,0,0,0,0,0,0,1,1,0,0,21,21
4999,0,1,0,1,0,1,1,1,0,1,21,1
