W1010 19:43:58.178792 810935 /fs04/scratch2/ar57/wenyu/genrec_env_v2/lib/python3.9/site-packages/torch/distributed/run.py:774] 
W1010 19:43:58.178792 810935 /fs04/scratch2/ar57/wenyu/genrec_env_v2/lib/python3.9/site-packages/torch/distributed/run.py:774] *****************************************
W1010 19:43:58.178792 810935 /fs04/scratch2/ar57/wenyu/genrec_env_v2/lib/python3.9/site-packages/torch/distributed/run.py:774] Setting OMP_NUM_THREADS environment variable for each process to be 1 in default, to avoid your system being overloaded, please further tune the variable for optimal performance in your application as needed. 
W1010 19:43:58.178792 810935 /fs04/scratch2/ar57/wenyu/genrec_env_v2/lib/python3.9/site-packages/torch/distributed/run.py:774] *****************************************
[RecBole RQ-VAE] device=cuda:0 all_items=24587 train_items=24556 world_size=4
[RecBole RQ-VAE] config: epochs=3000 batch_size_per_rank=1024 total_batch=4096 lr=0.001
[RecBole RQ-VAE] initializing codebooks with KMeans
/fs04/ar57/wenyu/GeneRec/stage2_RQ-VAE/TIGER_HYPERBOLIC_RQ-VAE/model/layers.py:102: UserWarning: Deterministic behavior was enabled with either `torch.use_deterministic_algorithms(True)` or `at::Context::setDeterministicAlgorithms(true)`, but this operation is not deterministic because it uses CuBLAS and you have CUDA >= 10.2. To enable deterministic behavior in this case, you must set an environment variable before running your PyTorch application: CUBLAS_WORKSPACE_CONFIG=:4096:8 or CUBLAS_WORKSPACE_CONFIG=:16:8. For more information, go to https://docs.nvidia.com/cuda/cublas/index.html#results-reproducibility (Triggered internally at /pytorch/aten/src/ATen/Context.cpp:233.)
  - 2 * latent @ code_embs.t()
/fs04/ar57/wenyu/GeneRec/stage2_RQ-VAE/TIGER_HYPERBOLIC_RQ-VAE/model/layers.py:102: UserWarning: Deterministic behavior was enabled with either `torch.use_deterministic_algorithms(True)` or `at::Context::setDeterministicAlgorithms(true)`, but this operation is not deterministic because it uses CuBLAS and you have CUDA >= 10.2. To enable deterministic behavior in this case, you must set an environment variable before running your PyTorch application: CUBLAS_WORKSPACE_CONFIG=:4096:8 or CUBLAS_WORKSPACE_CONFIG=:16:8. For more information, go to https://docs.nvidia.com/cuda/cublas/index.html#results-reproducibility (Triggered internally at /pytorch/aten/src/ATen/Context.cpp:233.)
  - 2 * latent @ code_embs.t()
/fs04/ar57/wenyu/GeneRec/stage2_RQ-VAE/TIGER_HYPERBOLIC_RQ-VAE/model/layers.py:102: UserWarning: Deterministic behavior was enabled with either `torch.use_deterministic_algorithms(True)` or `at::Context::setDeterministicAlgorithms(true)`, but this operation is not deterministic because it uses CuBLAS and you have CUDA >= 10.2. To enable deterministic behavior in this case, you must set an environment variable before running your PyTorch application: CUBLAS_WORKSPACE_CONFIG=:4096:8 or CUBLAS_WORKSPACE_CONFIG=:16:8. For more information, go to https://docs.nvidia.com/cuda/cublas/index.html#results-reproducibility (Triggered internally at /pytorch/aten/src/ATen/Context.cpp:233.)
  - 2 * latent @ code_embs.t()
/fs04/ar57/wenyu/GeneRec/stage2_RQ-VAE/TIGER_HYPERBOLIC_RQ-VAE/model/layers.py:102: UserWarning: Deterministic behavior was enabled with either `torch.use_deterministic_algorithms(True)` or `at::Context::setDeterministicAlgorithms(true)`, but this operation is not deterministic because it uses CuBLAS and you have CUDA >= 10.2. To enable deterministic behavior in this case, you must set an environment variable before running your PyTorch application: CUBLAS_WORKSPACE_CONFIG=:4096:8 or CUBLAS_WORKSPACE_CONFIG=:16:8. For more information, go to https://docs.nvidia.com/cuda/cublas/index.html#results-reproducibility (Triggered internally at /pytorch/aten/src/ATen/Context.cpp:233.)
  - 2 * latent @ code_embs.t()
/fs04/ar57/wenyu/GeneRec/stage2_RQ-VAE/TIGER_HYPERBOLIC_RQ-VAE/model/layers.py:102: UserWarning: Deterministic behavior was enabled with either `torch.use_deterministic_algorithms(True)` or `at::Context::setDeterministicAlgorithms(true)`, but this operation is not deterministic because it uses CuBLAS and you have CUDA >= 10.2. To enable deterministic behavior in this case, you must set an environment variable before running your PyTorch application: CUBLAS_WORKSPACE_CONFIG=:4096:8 or CUBLAS_WORKSPACE_CONFIG=:16:8. For more information, go to https://docs.nvidia.com/cuda/cublas/index.html#results-reproducibility (Triggered internally at /pytorch/aten/src/ATen/Context.cpp:233.)
  - 2 * latent @ code_embs.t()
/fs04/ar57/wenyu/GeneRec/stage2_RQ-VAE/TIGER_HYPERBOLIC_RQ-VAE/model/layers.py:102: UserWarning: Deterministic behavior was enabled with either `torch.use_deterministic_algorithms(True)` or `at::Context::setDeterministicAlgorithms(true)`, but this operation is not deterministic because it uses CuBLAS and you have CUDA >= 10.2. To enable deterministic behavior in this case, you must set an environment variable before running your PyTorch application: CUBLAS_WORKSPACE_CONFIG=:4096:8 or CUBLAS_WORKSPACE_CONFIG=:16:8. For more information, go to https://docs.nvidia.com/cuda/cublas/index.html#results-reproducibility (Triggered internally at /pytorch/aten/src/ATen/Context.cpp:233.)
  - 2 * latent @ code_embs.t()
/fs04/ar57/wenyu/GeneRec/stage2_RQ-VAE/TIGER_HYPERBOLIC_RQ-VAE/model/layers.py:102: UserWarning: Deterministic behavior was enabled with either `torch.use_deterministic_algorithms(True)` or `at::Context::setDeterministicAlgorithms(true)`, but this operation is not deterministic because it uses CuBLAS and you have CUDA >= 10.2. To enable deterministic behavior in this case, you must set an environment variable before running your PyTorch application: CUBLAS_WORKSPACE_CONFIG=:4096:8 or CUBLAS_WORKSPACE_CONFIG=:16:8. For more information, go to https://docs.nvidia.com/cuda/cublas/index.html#results-reproducibility (Triggered internally at /pytorch/aten/src/ATen/Context.cpp:233.)
  - 2 * latent @ code_embs.t()
/fs04/ar57/wenyu/GeneRec/stage2_RQ-VAE/TIGER_HYPERBOLIC_RQ-VAE/model/layers.py:102: UserWarning: Deterministic behavior was enabled with either `torch.use_deterministic_algorithms(True)` or `at::Context::setDeterministicAlgorithms(true)`, but this operation is not deterministic because it uses CuBLAS and you have CUDA >= 10.2. To enable deterministic behavior in this case, you must set an environment variable before running your PyTorch application: CUBLAS_WORKSPACE_CONFIG=:4096:8 or CUBLAS_WORKSPACE_CONFIG=:16:8. For more information, go to https://docs.nvidia.com/cuda/cublas/index.html#results-reproducibility (Triggered internally at /pytorch/aten/src/ATen/Context.cpp:233.)
  - 2 * latent @ code_embs.t()
/fs04/ar57/wenyu/GeneRec/stage2_RQ-VAE/TIGER_HYPERBOLIC_RQ-VAE/model/layers.py:102: UserWarning: Deterministic behavior was enabled with either `torch.use_deterministic_algorithms(True)` or `at::Context::setDeterministicAlgorithms(true)`, but this operation is not deterministic because it uses CuBLAS and you have CUDA >= 10.2. To enable deterministic behavior in this case, you must set an environment variable before running your PyTorch application: CUBLAS_WORKSPACE_CONFIG=:4096:8 or CUBLAS_WORKSPACE_CONFIG=:16:8. For more information, go to https://docs.nvidia.com/cuda/cublas/index.html#results-reproducibility (Triggered internally at /pytorch/aten/src/ATen/Context.cpp:233.)
  - 2 * latent @ code_embs.t()
/home/wlia0047/ar57_scratch/wenyu/genrec_env_v2/lib64/python3.9/site-packages/torch/distributed/distributed_c10d.py:4807: UserWarning: No device id is provided via `init_process_group` or `barrier `. Using the current device set by the user. 
  warnings.warn(  # warn only once
/fs04/ar57/wenyu/GeneRec/stage2_RQ-VAE/TIGER_HYPERBOLIC_RQ-VAE/model/layers.py:102: UserWarning: Deterministic behavior was enabled with either `torch.use_deterministic_algorithms(True)` or `at::Context::setDeterministicAlgorithms(true)`, but this operation is not deterministic because it uses CuBLAS and you have CUDA >= 10.2. To enable deterministic behavior in this case, you must set an environment variable before running your PyTorch application: CUBLAS_WORKSPACE_CONFIG=:4096:8 or CUBLAS_WORKSPACE_CONFIG=:16:8. For more information, go to https://docs.nvidia.com/cuda/cublas/index.html#results-reproducibility (Triggered internally at /pytorch/aten/src/ATen/Context.cpp:233.)
  - 2 * latent @ code_embs.t()
/home/wlia0047/ar57_scratch/wenyu/genrec_env_v2/lib64/python3.9/site-packages/torch/distributed/distributed_c10d.py:4807: UserWarning: No device id is provided via `init_process_group` or `barrier `. Using the current device set by the user. 
  warnings.warn(  # warn only once
/fs04/ar57/wenyu/GeneRec/stage2_RQ-VAE/TIGER_HYPERBOLIC_RQ-VAE/model/layers.py:102: UserWarning: Deterministic behavior was enabled with either `torch.use_deterministic_algorithms(True)` or `at::Context::setDeterministicAlgorithms(true)`, but this operation is not deterministic because it uses CuBLAS and you have CUDA >= 10.2. To enable deterministic behavior in this case, you must set an environment variable before running your PyTorch application: CUBLAS_WORKSPACE_CONFIG=:4096:8 or CUBLAS_WORKSPACE_CONFIG=:16:8. For more information, go to https://docs.nvidia.com/cuda/cublas/index.html#results-reproducibility (Triggered internally at /pytorch/aten/src/ATen/Context.cpp:233.)
  - 2 * latent @ code_embs.t()
/home/wlia0047/ar57_scratch/wenyu/genrec_env_v2/lib64/python3.9/site-packages/torch/distributed/distributed_c10d.py:4807: UserWarning: No device id is provided via `init_process_group` or `barrier `. Using the current device set by the user. 
  warnings.warn(  # warn only once
/fs04/ar57/wenyu/GeneRec/stage2_RQ-VAE/TIGER_HYPERBOLIC_RQ-VAE/model/layers.py:102: UserWarning: Deterministic behavior was enabled with either `torch.use_deterministic_algorithms(True)` or `at::Context::setDeterministicAlgorithms(true)`, but this operation is not deterministic because it uses CuBLAS and you have CUDA >= 10.2. To enable deterministic behavior in this case, you must set an environment variable before running your PyTorch application: CUBLAS_WORKSPACE_CONFIG=:4096:8 or CUBLAS_WORKSPACE_CONFIG=:16:8. For more information, go to https://docs.nvidia.com/cuda/cublas/index.html#results-reproducibility (Triggered internally at /pytorch/aten/src/ATen/Context.cpp:233.)
  - 2 * latent @ code_embs.t()
/home/wlia0047/ar57_scratch/wenyu/genrec_env_v2/lib64/python3.9/site-packages/torch/distributed/distributed_c10d.py:4807: UserWarning: No device id is provided via `init_process_group` or `barrier `. Using the current device set by the user. 
  warnings.warn(  # warn only once
/home/wlia0047/ar57_scratch/wenyu/genrec_env_v2/lib64/python3.9/site-packages/torch/autograd/graph.py:829: UserWarning: Deterministic behavior was enabled with either `torch.use_deterministic_algorithms(True)` or `at::Context::setDeterministicAlgorithms(true)`, but this operation is not deterministic because it uses CuBLAS and you have CUDA >= 10.2. To enable deterministic behavior in this case, you must set an environment variable before running your PyTorch application: CUBLAS_WORKSPACE_CONFIG=:4096:8 or CUBLAS_WORKSPACE_CONFIG=:16:8. For more information, go to https://docs.nvidia.com/cuda/cublas/index.html#results-reproducibility (Triggered internally at /pytorch/aten/src/ATen/Context.cpp:233.)
  return Variable._execution_engine.run_backward(  # Calls into the C++ engine to run the backward pass
/home/wlia0047/ar57_scratch/wenyu/genrec_env_v2/lib64/python3.9/site-packages/torch/autograd/graph.py:829: UserWarning: Deterministic behavior was enabled with either `torch.use_deterministic_algorithms(True)` or `at::Context::setDeterministicAlgorithms(true)`, but this operation is not deterministic because it uses CuBLAS and you have CUDA >= 10.2. To enable deterministic behavior in this case, you must set an environment variable before running your PyTorch application: CUBLAS_WORKSPACE_CONFIG=:4096:8 or CUBLAS_WORKSPACE_CONFIG=:16:8. For more information, go to https://docs.nvidia.com/cuda/cublas/index.html#results-reproducibility (Triggered internally at /pytorch/aten/src/ATen/Context.cpp:233.)
  return Variable._execution_engine.run_backward(  # Calls into the C++ engine to run the backward pass
/home/wlia0047/ar57_scratch/wenyu/genrec_env_v2/lib64/python3.9/site-packages/torch/autograd/graph.py:829: UserWarning: Deterministic behavior was enabled with either `torch.use_deterministic_algorithms(True)` or `at::Context::setDeterministicAlgorithms(true)`, but this operation is not deterministic because it uses CuBLAS and you have CUDA >= 10.2. To enable deterministic behavior in this case, you must set an environment variable before running your PyTorch application: CUBLAS_WORKSPACE_CONFIG=:4096:8 or CUBLAS_WORKSPACE_CONFIG=:16:8. For more information, go to https://docs.nvidia.com/cuda/cublas/index.html#results-reproducibility (Triggered internally at /pytorch/aten/src/ATen/Context.cpp:233.)
  return Variable._execution_engine.run_backward(  # Calls into the C++ engine to run the backward pass
/home/wlia0047/ar57_scratch/wenyu/genrec_env_v2/lib64/python3.9/site-packages/torch/autograd/graph.py:829: UserWarning: Deterministic behavior was enabled with either `torch.use_deterministic_algorithms(True)` or `at::Context::setDeterministicAlgorithms(true)`, but this operation is not deterministic because it uses CuBLAS and you have CUDA >= 10.2. To enable deterministic behavior in this case, you must set an environment variable before running your PyTorch application: CUBLAS_WORKSPACE_CONFIG=:4096:8 or CUBLAS_WORKSPACE_CONFIG=:16:8. For more information, go to https://docs.nvidia.com/cuda/cublas/index.html#results-reproducibility (Triggered internally at /pytorch/aten/src/ATen/Context.cpp:233.)
  return Variable._execution_engine.run_backward(  # Calls into the C++ engine to run the backward pass
[RQ-VAE] epoch=1 loss=0.00048904 recon=0.00046251 beh=6.278878 w=0.000 lr=2.333e-05 time=4.863s
[RQ-VAE] epoch=2 loss=0.00048493 recon=0.00045522 beh=6.272361 w=0.000 lr=4.333e-05 time=0.188s
[RQ-VAE] epoch=3 loss=0.00047947 recon=0.00044265 beh=6.263276 w=0.000 lr=6.333e-05 time=0.182s
[RQ-VAE] epoch=4 loss=0.00046754 recon=0.00042372 beh=6.262645 w=0.000 lr=8.333e-05 time=0.181s
[RQ-VAE] epoch=5 loss=0.00045873 recon=0.00039499 beh=6.268028 w=0.000 lr=1.033e-04 time=0.183s
[RQ-VAE] epoch=6 loss=0.00044894 recon=0.00035533 beh=6.279833 w=0.000 lr=1.233e-04 time=0.184s
[RQ-VAE] epoch=7 loss=0.00040074 recon=0.00031117 beh=6.300182 w=0.000 lr=1.433e-04 time=0.183s
[RQ-VAE] epoch=8 loss=0.00034059 recon=0.00027090 beh=6.300276 w=0.000 lr=1.633e-04 time=0.183s
[RQ-VAE] epoch=9 loss=0.00031246 recon=0.00023879 beh=6.318891 w=0.000 lr=1.833e-04 time=0.186s
[RQ-VAE] epoch=10 loss=0.00028889 recon=0.00021726 beh=6.324226 w=0.000 lr=2.033e-04 time=0.185s
[RQ-VAE] epoch=11 loss=0.00026133 recon=0.00020557 beh=6.317085 w=0.000 lr=2.233e-04 time=0.183s
[RQ-VAE] epoch=12 loss=0.00023560 recon=0.00020000 beh=6.308101 w=0.000 lr=2.433e-04 time=0.183s
[RQ-VAE] epoch=13 loss=0.00022349 recon=0.00019663 beh=6.305347 w=0.000 lr=2.633e-04 time=0.185s
[RQ-VAE] epoch=14 loss=0.00021754 recon=0.00019309 beh=6.308333 w=0.000 lr=2.833e-04 time=0.181s
[RQ-VAE] epoch=15 loss=0.00021138 recon=0.00018975 beh=6.307985 w=0.000 lr=3.033e-04 time=0.181s
[RQ-VAE] epoch=16 loss=0.00020388 recon=0.00018614 beh=6.308050 w=0.000 lr=3.233e-04 time=0.188s
[RQ-VAE] epoch=17 loss=0.00019779 recon=0.00018263 beh=6.300824 w=0.000 lr=3.433e-04 time=0.178s
[RQ-VAE] epoch=18 loss=0.00019268 recon=0.00017977 beh=6.286949 w=0.000 lr=3.633e-04 time=0.187s
[RQ-VAE] epoch=19 loss=0.00018883 recon=0.00017780 beh=6.276872 w=0.000 lr=3.833e-04 time=0.184s
[RQ-VAE] epoch=20 loss=0.00018685 recon=0.00017658 beh=6.273210 w=0.000 lr=4.033e-04 time=0.387s
[RQ-VAE] epoch=21 loss=0.00018567 recon=0.00017566 beh=6.272678 w=0.000 lr=4.233e-04 time=0.187s
[RQ-VAE] epoch=22 loss=0.00018529 recon=0.00017482 beh=6.263198 w=0.000 lr=4.433e-04 time=0.184s
[RQ-VAE] epoch=23 loss=0.00018477 recon=0.00017345 beh=6.248531 w=0.000 lr=4.633e-04 time=0.181s
[RQ-VAE] epoch=24 loss=0.00018446 recon=0.00017113 beh=6.241151 w=0.000 lr=4.833e-04 time=0.179s
[RQ-VAE] epoch=25 loss=0.00018239 recon=0.00016804 beh=6.246268 w=0.000 lr=5.033e-04 time=0.181s
[RQ-VAE] epoch=26 loss=0.00017874 recon=0.00016503 beh=6.247847 w=0.000 lr=5.233e-04 time=0.178s
[RQ-VAE] epoch=27 loss=0.00017643 recon=0.00016303 beh=6.241615 w=0.000 lr=5.433e-04 time=0.176s
[RQ-VAE] epoch=28 loss=0.00017492 recon=0.00016148 beh=6.245466 w=0.000 lr=5.633e-04 time=0.177s
[RQ-VAE] epoch=29 loss=0.00017443 recon=0.00016038 beh=6.240868 w=0.000 lr=5.833e-04 time=0.177s
[RQ-VAE] epoch=30 loss=0.00017347 recon=0.00015922 beh=6.240064 w=0.000 lr=6.033e-04 time=0.178s
[RQ-VAE] epoch=31 loss=0.00017275 recon=0.00015843 beh=6.238235 w=0.000 lr=6.233e-04 time=0.18s
[RQ-VAE] epoch=32 loss=0.00017114 recon=0.00015699 beh=6.238270 w=0.000 lr=6.433e-04 time=0.177s
[RQ-VAE] epoch=33 loss=0.00016948 recon=0.00015561 beh=6.238788 w=0.000 lr=6.633e-04 time=0.179s
[RQ-VAE] epoch=34 loss=0.00016852 recon=0.00015465 beh=6.234005 w=0.000 lr=6.833e-04 time=0.176s
[RQ-VAE] epoch=35 loss=0.00016812 recon=0.00015394 beh=6.235281 w=0.000 lr=7.033e-04 time=0.308s
[RQ-VAE] epoch=36 loss=0.00016835 recon=0.00015332 beh=6.237123 w=0.000 lr=7.233e-04 time=0.177s
[RQ-VAE] epoch=37 loss=0.00016850 recon=0.00015240 beh=6.239179 w=0.000 lr=7.433e-04 time=0.179s
[RQ-VAE] epoch=38 loss=0.00016921 recon=0.00015131 beh=6.233629 w=0.000 lr=7.633e-04 time=0.177s
[RQ-VAE] epoch=39 loss=0.00016999 recon=0.00015019 beh=6.236222 w=0.000 lr=7.833e-04 time=0.181s
[RQ-VAE] epoch=40 loss=0.00017021 recon=0.00014882 beh=6.235822 w=0.000 lr=8.033e-04 time=0.178s
[RQ-VAE] epoch=41 loss=0.00017030 recon=0.00014747 beh=6.238655 w=0.000 lr=8.233e-04 time=0.178s
[RQ-VAE] epoch=42 loss=0.00017061 recon=0.00014633 beh=6.234491 w=0.000 lr=8.433e-04 time=0.178s
[RQ-VAE] epoch=43 loss=0.00017033 recon=0.00014472 beh=6.234228 w=0.000 lr=8.633e-04 time=0.177s
[RQ-VAE] epoch=44 loss=0.00017040 recon=0.00014338 beh=6.234758 w=0.000 lr=8.833e-04 time=0.183s
[RQ-VAE] epoch=45 loss=0.00017178 recon=0.00014304 beh=6.239749 w=0.000 lr=9.033e-04 time=0.177s
[RQ-VAE] epoch=46 loss=0.00017152 recon=0.00014199 beh=6.240931 w=0.000 lr=9.233e-04 time=0.179s
[RQ-VAE] epoch=47 loss=0.00017103 recon=0.00014059 beh=6.239105 w=0.000 lr=9.433e-04 time=0.179s
[RQ-VAE] epoch=48 loss=0.00017078 recon=0.00013946 beh=6.241641 w=0.000 lr=9.633e-04 time=0.178s
[RQ-VAE] epoch=49 loss=0.00017009 recon=0.00013860 beh=6.236658 w=0.000 lr=9.833e-04 time=0.178s
[RQ-VAE] epoch=50 loss=0.00017103 recon=0.00013781 lr=1.000e-03 raw_unique=19025/24587 collision=0.226217 time=0.178s
[RQ-VAE] epoch=51 loss=0.00016968 recon=0.00013672 beh=6.241539 w=0.000 lr=9.997e-04 time=0.178s
[RQ-VAE] epoch=52 loss=0.00016998 recon=0.00013591 beh=6.242504 w=0.000 lr=9.993e-04 time=0.177s
[RQ-VAE] epoch=53 loss=0.00017044 recon=0.00013532 beh=6.241269 w=0.000 lr=9.990e-04 time=0.177s
[RQ-VAE] epoch=54 loss=0.00017100 recon=0.00013456 beh=6.243444 w=0.000 lr=9.986e-04 time=0.178s
[RQ-VAE] epoch=55 loss=0.00017139 recon=0.00013383 beh=6.242258 w=0.000 lr=9.983e-04 time=0.177s
[RQ-VAE] epoch=56 loss=0.00017185 recon=0.00013319 beh=6.244193 w=0.000 lr=9.980e-04 time=0.177s
[RQ-VAE] epoch=57 loss=0.00017211 recon=0.00013236 beh=6.241722 w=0.000 lr=9.976e-04 time=0.178s
[RQ-VAE] epoch=58 loss=0.00017329 recon=0.00013168 beh=6.239626 w=0.000 lr=9.973e-04 time=0.178s
[RQ-VAE] epoch=59 loss=0.00017416 recon=0.00013107 beh=6.245958 w=0.000 lr=9.969e-04 time=0.176s
[RQ-VAE] epoch=60 loss=0.00017469 recon=0.00013020 beh=6.247831 w=0.000 lr=9.966e-04 time=0.177s
[RQ-VAE] epoch=61 loss=0.00017551 recon=0.00012923 beh=6.243823 w=0.000 lr=9.963e-04 time=0.177s
[RQ-VAE] epoch=62 loss=0.00017581 recon=0.00012838 beh=6.245815 w=0.000 lr=9.959e-04 time=0.178s
[RQ-VAE] epoch=63 loss=0.00017674 recon=0.00012772 beh=6.241070 w=0.000 lr=9.956e-04 time=0.178s
[RQ-VAE] epoch=64 loss=0.00017713 recon=0.00012694 beh=6.249762 w=0.000 lr=9.953e-04 time=0.177s
[RQ-VAE] epoch=65 loss=0.00017832 recon=0.00012641 beh=6.245818 w=0.000 lr=9.949e-04 time=0.178s
[RQ-VAE] epoch=66 loss=0.00017820 recon=0.00012585 beh=6.245090 w=0.000 lr=9.946e-04 time=0.177s
[RQ-VAE] epoch=67 loss=0.00017894 recon=0.00012521 beh=6.244524 w=0.000 lr=9.942e-04 time=0.178s
[RQ-VAE] epoch=68 loss=0.00017980 recon=0.00012479 beh=6.245875 w=0.000 lr=9.939e-04 time=0.177s
[RQ-VAE] epoch=69 loss=0.00017952 recon=0.00012423 beh=6.247145 w=0.000 lr=9.936e-04 time=0.177s
[RQ-VAE] epoch=70 loss=0.00017980 recon=0.00012372 beh=6.250908 w=0.000 lr=9.932e-04 time=0.178s
[RQ-VAE] epoch=71 loss=0.00018043 recon=0.00012316 beh=6.247964 w=0.000 lr=9.929e-04 time=0.177s
[RQ-VAE] epoch=72 loss=0.00018026 recon=0.00012276 beh=6.243916 w=0.000 lr=9.925e-04 time=0.178s
[RQ-VAE] epoch=73 loss=0.00018062 recon=0.00012222 beh=6.247638 w=0.000 lr=9.922e-04 time=0.176s
[RQ-VAE] epoch=74 loss=0.00018092 recon=0.00012167 beh=6.252136 w=0.000 lr=9.919e-04 time=0.178s
[RQ-VAE] epoch=75 loss=0.00018049 recon=0.00012115 beh=6.248440 w=0.000 lr=9.915e-04 time=0.178s
[RQ-VAE] epoch=76 loss=0.00018142 recon=0.00012089 beh=6.248605 w=0.000 lr=9.912e-04 time=0.177s
[RQ-VAE] epoch=77 loss=0.00018143 recon=0.00012040 beh=6.252196 w=0.000 lr=9.908e-04 time=0.176s
[RQ-VAE] epoch=78 loss=0.00018089 recon=0.00011996 beh=6.250352 w=0.000 lr=9.905e-04 time=0.176s
[RQ-VAE] epoch=79 loss=0.00018167 recon=0.00011955 beh=6.251183 w=0.000 lr=9.902e-04 time=0.177s
[RQ-VAE] epoch=80 loss=0.00018122 recon=0.00011927 beh=6.248944 w=0.000 lr=9.898e-04 time=0.177s
[RQ-VAE] epoch=81 loss=0.00018237 recon=0.00011899 beh=6.246488 w=0.000 lr=9.895e-04 time=0.178s
[RQ-VAE] epoch=82 loss=0.00018314 recon=0.00011853 beh=6.252984 w=0.000 lr=9.892e-04 time=0.178s
[RQ-VAE] epoch=83 loss=0.00018289 recon=0.00011810 beh=6.248415 w=0.000 lr=9.888e-04 time=0.176s
[RQ-VAE] epoch=84 loss=0.00018332 recon=0.00011775 beh=6.251818 w=0.000 lr=9.885e-04 time=0.178s
[RQ-VAE] epoch=85 loss=0.00018393 recon=0.00011733 beh=6.250082 w=0.000 lr=9.881e-04 time=0.178s
[RQ-VAE] epoch=86 loss=0.00018405 recon=0.00011697 beh=6.246703 w=0.000 lr=9.878e-04 time=0.177s
[RQ-VAE] epoch=87 loss=0.00018541 recon=0.00011667 beh=6.247704 w=0.000 lr=9.875e-04 time=0.178s
[RQ-VAE] epoch=88 loss=0.00018496 recon=0.00011639 beh=6.251416 w=0.000 lr=9.871e-04 time=0.176s
[RQ-VAE] epoch=89 loss=0.00018535 recon=0.00011613 beh=6.247370 w=0.000 lr=9.868e-04 time=0.176s
[RQ-VAE] epoch=90 loss=0.00018579 recon=0.00011591 beh=6.249226 w=0.000 lr=9.864e-04 time=0.176s
[RQ-VAE] epoch=91 loss=0.00018595 recon=0.00011556 beh=6.250510 w=0.000 lr=9.861e-04 time=0.177s
[RQ-VAE] epoch=92 loss=0.00018740 recon=0.00011538 beh=6.248467 w=0.000 lr=9.858e-04 time=0.304s
[RQ-VAE] epoch=93 loss=0.00018853 recon=0.00011522 beh=6.250594 w=0.000 lr=9.854e-04 time=0.176s
[RQ-VAE] epoch=94 loss=0.00018922 recon=0.00011490 beh=6.250287 w=0.000 lr=9.851e-04 time=0.177s
[RQ-VAE] epoch=95 loss=0.00018914 recon=0.00011450 beh=6.246752 w=0.000 lr=9.847e-04 time=0.176s
[RQ-VAE] epoch=96 loss=0.00018861 recon=0.00011396 beh=6.249303 w=0.000 lr=9.844e-04 time=0.176s
[RQ-VAE] epoch=97 loss=0.00018909 recon=0.00011388 beh=6.248412 w=0.000 lr=9.841e-04 time=0.177s
[RQ-VAE] epoch=98 loss=0.00019048 recon=0.00011366 beh=6.248409 w=0.000 lr=9.837e-04 time=0.177s
[RQ-VAE] epoch=99 loss=0.00019042 recon=0.00011330 beh=6.250046 w=0.000 lr=9.834e-04 time=0.174s
[RQ-VAE] epoch=100 loss=0.00019023 recon=0.00011316 lr=9.831e-04 raw_unique=20736/24587 collision=0.156627 time=0.177s
[RQ-VAE] epoch=101 loss=0.00019129 recon=0.00011291 beh=6.251977 w=0.000 lr=9.827e-04 time=0.178s
[RQ-VAE] epoch=102 loss=0.00019196 recon=0.00011259 beh=6.250721 w=0.000 lr=9.824e-04 time=0.177s
[RQ-VAE] epoch=103 loss=0.00019148 recon=0.00011229 beh=6.250071 w=0.000 lr=9.820e-04 time=0.177s
[RQ-VAE] epoch=104 loss=0.00019243 recon=0.00011203 beh=6.252014 w=0.000 lr=9.817e-04 time=0.179s
[RQ-VAE] epoch=105 loss=0.00019206 recon=0.00011175 beh=6.248466 w=0.000 lr=9.814e-04 time=0.176s
[RQ-VAE] epoch=106 loss=0.00019228 recon=0.00011147 beh=6.249135 w=0.000 lr=9.810e-04 time=0.176s
[RQ-VAE] epoch=107 loss=0.00019288 recon=0.00011120 beh=6.249688 w=0.000 lr=9.807e-04 time=0.175s
[RQ-VAE] epoch=108 loss=0.00019275 recon=0.00011090 beh=6.250732 w=0.000 lr=9.803e-04 time=0.175s
[RQ-VAE] epoch=109 loss=0.00019424 recon=0.00011073 beh=6.254250 w=0.000 lr=9.800e-04 time=0.177s
[RQ-VAE] epoch=110 loss=0.00019513 recon=0.00011065 beh=6.252139 w=0.000 lr=9.797e-04 time=0.177s
[RQ-VAE] epoch=111 loss=0.00019512 recon=0.00011036 beh=6.250904 w=0.000 lr=9.793e-04 time=0.175s
[RQ-VAE] epoch=112 loss=0.00019600 recon=0.00011010 beh=6.252751 w=0.000 lr=9.790e-04 time=0.176s
[RQ-VAE] epoch=113 loss=0.00019671 recon=0.00010992 beh=6.253831 w=0.000 lr=9.786e-04 time=0.176s
[RQ-VAE] epoch=114 loss=0.00019684 recon=0.00010969 beh=6.253498 w=0.000 lr=9.783e-04 time=0.177s
[RQ-VAE] epoch=115 loss=0.00019732 recon=0.00010947 beh=6.249310 w=0.000 lr=9.780e-04 time=0.176s
[RQ-VAE] epoch=116 loss=0.00019786 recon=0.00010942 beh=6.248928 w=0.000 lr=9.776e-04 time=0.176s
[RQ-VAE] epoch=117 loss=0.00019748 recon=0.00010913 beh=6.249843 w=0.000 lr=9.773e-04 time=0.177s
[RQ-VAE] epoch=118 loss=0.00019823 recon=0.00010880 beh=6.254322 w=0.000 lr=9.769e-04 time=0.179s
[RQ-VAE] epoch=119 loss=0.00019920 recon=0.00010866 beh=6.251554 w=0.000 lr=9.766e-04 time=0.176s
[RQ-VAE] epoch=120 loss=0.00019912 recon=0.00010849 beh=6.255499 w=0.000 lr=9.763e-04 time=0.177s
[RQ-VAE] epoch=121 loss=0.00019989 recon=0.00010832 beh=6.253057 w=0.000 lr=9.759e-04 time=0.301s
[RQ-VAE] epoch=122 loss=0.00019990 recon=0.00010810 beh=6.252398 w=0.000 lr=9.756e-04 time=0.176s
[RQ-VAE] epoch=123 loss=0.00020069 recon=0.00010804 beh=6.253124 w=0.000 lr=9.753e-04 time=0.175s
[RQ-VAE] epoch=124 loss=0.00020101 recon=0.00010780 beh=6.257105 w=0.000 lr=9.749e-04 time=0.177s
[RQ-VAE] epoch=125 loss=0.00020273 recon=0.00010767 beh=6.252529 w=0.000 lr=9.746e-04 time=0.179s
[RQ-VAE] epoch=126 loss=0.00020344 recon=0.00010735 beh=6.253480 w=0.000 lr=9.742e-04 time=0.177s
[RQ-VAE] epoch=127 loss=0.00020228 recon=0.00010716 beh=6.254788 w=0.000 lr=9.739e-04 time=0.177s
[RQ-VAE] epoch=128 loss=0.00020336 recon=0.00010698 beh=6.250839 w=0.000 lr=9.736e-04 time=0.175s
[RQ-VAE] epoch=129 loss=0.00020342 recon=0.00010668 beh=6.253043 w=0.000 lr=9.732e-04 time=0.175s
[RQ-VAE] epoch=130 loss=0.00020328 recon=0.00010648 beh=6.255990 w=0.000 lr=9.729e-04 time=0.175s
[RQ-VAE] epoch=131 loss=0.00020454 recon=0.00010636 beh=6.252815 w=0.000 lr=9.725e-04 time=0.176s
[RQ-VAE] epoch=132 loss=0.00020528 recon=0.00010617 beh=6.257322 w=0.000 lr=9.722e-04 time=0.177s
[RQ-VAE] epoch=133 loss=0.00020582 recon=0.00010614 beh=6.249319 w=0.000 lr=9.719e-04 time=0.175s
[RQ-VAE] epoch=134 loss=0.00020580 recon=0.00010583 beh=6.256496 w=0.000 lr=9.715e-04 time=0.176s
[RQ-VAE] epoch=135 loss=0.00020716 recon=0.00010562 beh=6.251332 w=0.000 lr=9.712e-04 time=0.176s
[RQ-VAE] epoch=136 loss=0.00020612 recon=0.00010557 beh=6.252792 w=0.000 lr=9.708e-04 time=0.176s
[RQ-VAE] epoch=137 loss=0.00020805 recon=0.00010526 beh=6.253024 w=0.000 lr=9.705e-04 time=0.175s
[RQ-VAE] epoch=138 loss=0.00020853 recon=0.00010504 beh=6.253597 w=0.000 lr=9.702e-04 time=0.176s
[RQ-VAE] epoch=139 loss=0.00020742 recon=0.00010502 beh=6.251876 w=0.000 lr=9.698e-04 time=0.175s
[RQ-VAE] epoch=140 loss=0.00020853 recon=0.00010496 beh=6.255230 w=0.000 lr=9.695e-04 time=0.298s
[RQ-VAE] epoch=141 loss=0.00020920 recon=0.00010462 beh=6.251562 w=0.000 lr=9.692e-04 time=0.178s
[RQ-VAE] epoch=142 loss=0.00021056 recon=0.00010455 beh=6.254497 w=0.000 lr=9.688e-04 time=0.176s
[RQ-VAE] epoch=143 loss=0.00021045 recon=0.00010441 beh=6.251885 w=0.000 lr=9.685e-04 time=0.176s
[RQ-VAE] epoch=144 loss=0.00021018 recon=0.00010422 beh=6.254908 w=0.000 lr=9.681e-04 time=0.177s
[RQ-VAE] epoch=145 loss=0.00021089 recon=0.00010403 beh=6.255939 w=0.000 lr=9.678e-04 time=0.176s
[RQ-VAE] epoch=146 loss=0.00021075 recon=0.00010372 beh=6.252976 w=0.000 lr=9.675e-04 time=0.176s
[RQ-VAE] epoch=147 loss=0.00021178 recon=0.00010349 beh=6.251924 w=0.000 lr=9.671e-04 time=0.176s
[RQ-VAE] epoch=148 loss=0.00021164 recon=0.00010341 beh=6.255153 w=0.000 lr=9.668e-04 time=0.182s
[RQ-VAE] epoch=149 loss=0.00021256 recon=0.00010327 beh=6.252500 w=0.000 lr=9.664e-04 time=0.175s
[RQ-VAE] epoch=150 loss=0.00021221 recon=0.00010306 lr=9.661e-04 raw_unique=21432/24587 collision=0.128320 time=0.175s
[RQ-VAE] epoch=151 loss=0.00021242 recon=0.00010288 beh=6.256126 w=0.000 lr=9.658e-04 time=0.179s
[RQ-VAE] epoch=152 loss=0.00021447 recon=0.00010283 beh=6.254789 w=0.000 lr=9.654e-04 time=0.175s
[RQ-VAE] epoch=153 loss=0.00021515 recon=0.00010278 beh=6.255562 w=0.000 lr=9.651e-04 time=0.176s
[RQ-VAE] epoch=154 loss=0.00021351 recon=0.00010255 beh=6.256875 w=0.000 lr=9.647e-04 time=0.175s
[RQ-VAE] epoch=155 loss=0.00021537 recon=0.00010234 beh=6.252409 w=0.000 lr=9.644e-04 time=0.304s
[RQ-VAE] epoch=156 loss=0.00021448 recon=0.00010205 beh=6.255054 w=0.000 lr=9.641e-04 time=0.175s
[RQ-VAE] epoch=157 loss=0.00021448 recon=0.00010186 beh=6.253207 w=0.000 lr=9.637e-04 time=0.175s
[RQ-VAE] epoch=158 loss=0.00021488 recon=0.00010175 beh=6.254200 w=0.000 lr=9.634e-04 time=0.174s
[RQ-VAE] epoch=159 loss=0.00021533 recon=0.00010162 beh=6.255424 w=0.000 lr=9.631e-04 time=0.174s
[RQ-VAE] epoch=160 loss=0.00021780 recon=0.00010166 beh=6.256363 w=0.000 lr=9.627e-04 time=0.174s
[RQ-VAE] epoch=161 loss=0.00021666 recon=0.00010144 beh=6.256319 w=0.000 lr=9.624e-04 time=0.175s
[RQ-VAE] epoch=162 loss=0.00021630 recon=0.00010132 beh=6.254765 w=0.000 lr=9.620e-04 time=0.174s
[RQ-VAE] epoch=163 loss=0.00021716 recon=0.00010109 beh=6.255459 w=0.000 lr=9.617e-04 time=0.175s
[RQ-VAE] epoch=164 loss=0.00021735 recon=0.00010089 beh=6.256398 w=0.000 lr=9.614e-04 time=0.175s
[RQ-VAE] epoch=165 loss=0.00021791 recon=0.00010076 beh=6.257960 w=0.000 lr=9.610e-04 time=0.175s
[RQ-VAE] epoch=166 loss=0.00021925 recon=0.00010059 beh=6.254118 w=0.000 lr=9.607e-04 time=0.174s
[RQ-VAE] epoch=167 loss=0.00022010 recon=0.00010047 beh=6.254813 w=0.000 lr=9.603e-04 time=0.175s
[RQ-VAE] epoch=168 loss=0.00021980 recon=0.00010028 beh=6.256897 w=0.000 lr=9.600e-04 time=0.175s
[RQ-VAE] epoch=169 loss=0.00022123 recon=0.00010045 beh=6.257304 w=0.000 lr=9.597e-04 time=0.174s
[RQ-VAE] epoch=170 loss=0.00022162 recon=0.00010016 beh=6.255876 w=0.000 lr=9.593e-04 time=0.175s
[RQ-VAE] epoch=171 loss=0.00022264 recon=0.00010004 beh=6.256252 w=0.000 lr=9.590e-04 time=0.174s
[RQ-VAE] epoch=172 loss=0.00022350 recon=0.00009990 beh=6.254511 w=0.000 lr=9.586e-04 time=0.175s
[RQ-VAE] epoch=173 loss=0.00022211 recon=0.00009982 beh=6.257283 w=0.000 lr=9.583e-04 time=0.175s
[RQ-VAE] epoch=174 loss=0.00022274 recon=0.00009964 beh=6.255636 w=0.000 lr=9.580e-04 time=0.175s
[RQ-VAE] epoch=175 loss=0.00022424 recon=0.00009970 beh=6.258242 w=0.000 lr=9.576e-04 time=0.173s
[RQ-VAE] epoch=176 loss=0.00022438 recon=0.00009951 beh=6.251453 w=0.000 lr=9.573e-04 time=0.176s
[RQ-VAE] epoch=177 loss=0.00022372 recon=0.00009926 beh=6.256368 w=0.000 lr=9.569e-04 time=0.175s
[RQ-VAE] epoch=178 loss=0.00022316 recon=0.00009912 beh=6.256112 w=0.000 lr=9.566e-04 time=0.175s
[RQ-VAE] epoch=179 loss=0.00022453 recon=0.00009902 beh=6.254143 w=0.000 lr=9.563e-04 time=0.174s
[RQ-VAE] epoch=180 loss=0.00022580 recon=0.00009893 beh=6.255733 w=0.000 lr=9.559e-04 time=0.175s
[RQ-VAE] epoch=181 loss=0.00022677 recon=0.00009885 beh=6.255218 w=0.000 lr=9.556e-04 time=0.179s
[RQ-VAE] epoch=182 loss=0.00022704 recon=0.00009861 beh=6.255592 w=0.000 lr=9.553e-04 time=0.174s
[RQ-VAE] epoch=183 loss=0.00022613 recon=0.00009856 beh=6.256997 w=0.000 lr=9.549e-04 time=0.173s
[RQ-VAE] epoch=184 loss=0.00022623 recon=0.00009838 beh=6.260181 w=0.000 lr=9.546e-04 time=0.174s
[RQ-VAE] epoch=185 loss=0.00022598 recon=0.00009821 beh=6.256984 w=0.000 lr=9.542e-04 time=0.174s
[RQ-VAE] epoch=186 loss=0.00022663 recon=0.00009817 beh=6.256363 w=0.000 lr=9.539e-04 time=0.173s
[RQ-VAE] epoch=187 loss=0.00022803 recon=0.00009809 beh=6.257625 w=0.000 lr=9.536e-04 time=0.175s
[RQ-VAE] epoch=188 loss=0.00022878 recon=0.00009781 beh=6.254355 w=0.000 lr=9.532e-04 time=0.174s
[RQ-VAE] epoch=189 loss=0.00022937 recon=0.00009770 beh=6.257573 w=0.000 lr=9.529e-04 time=0.174s
[RQ-VAE] epoch=190 loss=0.00022805 recon=0.00009761 beh=6.257650 w=0.000 lr=9.525e-04 time=0.175s
[RQ-VAE] epoch=191 loss=0.00022975 recon=0.00009759 beh=6.253908 w=0.000 lr=9.522e-04 time=0.174s
[RQ-VAE] epoch=192 loss=0.00022845 recon=0.00009745 beh=6.255999 w=0.000 lr=9.519e-04 time=0.173s
[RQ-VAE] epoch=193 loss=0.00023002 recon=0.00009731 beh=6.257705 w=0.000 lr=9.515e-04 time=0.175s
[RQ-VAE] epoch=194 loss=0.00023083 recon=0.00009741 beh=6.254411 w=0.000 lr=9.512e-04 time=0.175s
[RQ-VAE] epoch=195 loss=0.00023054 recon=0.00009716 beh=6.257571 w=0.000 lr=9.508e-04 time=0.174s
[RQ-VAE] epoch=196 loss=0.00023059 recon=0.00009706 beh=6.256877 w=0.000 lr=9.505e-04 time=0.174s
[RQ-VAE] epoch=197 loss=0.00023032 recon=0.00009687 beh=6.254997 w=0.000 lr=9.502e-04 time=0.173s
[RQ-VAE] epoch=198 loss=0.00023102 recon=0.00009672 beh=6.259601 w=0.000 lr=9.498e-04 time=0.174s
[RQ-VAE] epoch=199 loss=0.00023035 recon=0.00009666 beh=6.255367 w=0.000 lr=9.495e-04 time=0.175s
[RQ-VAE] epoch=200 loss=0.00023235 recon=0.00009672 lr=9.492e-04 raw_unique=21453/24587 collision=0.127466 time=0.176s
[RQ-VAE] epoch=201 loss=0.00023359 recon=0.00009643 beh=6.254877 w=0.000 lr=9.488e-04 time=0.174s
[RQ-VAE] epoch=202 loss=0.00023264 recon=0.00009655 beh=6.256835 w=0.000 lr=9.485e-04 time=0.173s
[RQ-VAE] epoch=203 loss=0.00023305 recon=0.00009630 beh=6.256982 w=0.000 lr=9.481e-04 time=0.175s
[RQ-VAE] epoch=204 loss=0.00023280 recon=0.00009613 beh=6.259121 w=0.000 lr=9.478e-04 time=0.174s
[RQ-VAE] epoch=205 loss=0.00023343 recon=0.00009612 beh=6.258336 w=0.000 lr=9.475e-04 time=0.174s
[RQ-VAE] epoch=206 loss=0.00023439 recon=0.00009603 beh=6.259274 w=0.000 lr=9.471e-04 time=0.175s
[RQ-VAE] epoch=207 loss=0.00023606 recon=0.00009588 beh=6.257351 w=0.000 lr=9.468e-04 time=0.173s
[RQ-VAE] epoch=208 loss=0.00023503 recon=0.00009579 beh=6.256616 w=0.000 lr=9.464e-04 time=0.175s
[RQ-VAE] epoch=209 loss=0.00023550 recon=0.00009574 beh=6.257992 w=0.000 lr=9.461e-04 time=0.174s
[RQ-VAE] epoch=210 loss=0.00023661 recon=0.00009560 beh=6.257152 w=0.000 lr=9.458e-04 time=0.175s
[RQ-VAE] epoch=211 loss=0.00023541 recon=0.00009553 beh=6.257160 w=0.000 lr=9.454e-04 time=0.175s
[RQ-VAE] epoch=212 loss=0.00023683 recon=0.00009526 beh=6.257475 w=0.000 lr=9.451e-04 time=0.301s
[RQ-VAE] epoch=213 loss=0.00023722 recon=0.00009540 beh=6.256965 w=0.000 lr=9.447e-04 time=0.175s
[RQ-VAE] epoch=214 loss=0.00023687 recon=0.00009521 beh=6.255128 w=0.000 lr=9.444e-04 time=0.174s
[RQ-VAE] epoch=215 loss=0.00023841 recon=0.00009515 beh=6.256632 w=0.000 lr=9.441e-04 time=0.175s
[RQ-VAE] epoch=216 loss=0.00023755 recon=0.00009513 beh=6.258373 w=0.000 lr=9.437e-04 time=0.175s
[RQ-VAE] epoch=217 loss=0.00023870 recon=0.00009507 beh=6.257308 w=0.000 lr=9.434e-04 time=0.174s
[RQ-VAE] epoch=218 loss=0.00023883 recon=0.00009504 beh=6.258374 w=0.000 lr=9.431e-04 time=0.175s
[RQ-VAE] epoch=219 loss=0.00024006 recon=0.00009491 beh=6.257205 w=0.000 lr=9.427e-04 time=0.174s
[RQ-VAE] epoch=220 loss=0.00024028 recon=0.00009495 beh=6.258031 w=0.000 lr=9.424e-04 time=0.174s
[RQ-VAE] epoch=221 loss=0.00024123 recon=0.00009480 beh=6.260072 w=0.000 lr=9.420e-04 time=0.18s
[RQ-VAE] epoch=222 loss=0.00024044 recon=0.00009478 beh=6.256831 w=0.000 lr=9.417e-04 time=0.174s
[RQ-VAE] epoch=223 loss=0.00023984 recon=0.00009452 beh=6.258379 w=0.000 lr=9.414e-04 time=0.173s
[RQ-VAE] epoch=224 loss=0.00024197 recon=0.00009446 beh=6.258612 w=0.000 lr=9.410e-04 time=0.174s
[RQ-VAE] epoch=225 loss=0.00024217 recon=0.00009450 beh=6.259241 w=0.000 lr=9.407e-04 time=0.174s
[RQ-VAE] epoch=226 loss=0.00024231 recon=0.00009435 beh=6.256759 w=0.000 lr=9.403e-04 time=0.174s
[RQ-VAE] epoch=227 loss=0.00024251 recon=0.00009420 beh=6.255841 w=0.000 lr=9.400e-04 time=0.173s
[RQ-VAE] epoch=228 loss=0.00024196 recon=0.00009426 beh=6.256479 w=0.000 lr=9.397e-04 time=0.173s
[RQ-VAE] epoch=229 loss=0.00024271 recon=0.00009404 beh=6.257106 w=0.000 lr=9.393e-04 time=0.175s
[RQ-VAE] epoch=230 loss=0.00024292 recon=0.00009384 beh=6.259398 w=0.000 lr=9.390e-04 time=0.178s
[RQ-VAE] epoch=231 loss=0.00024298 recon=0.00009391 beh=6.259668 w=0.000 lr=9.386e-04 time=0.174s
[RQ-VAE] epoch=232 loss=0.00024448 recon=0.00009371 beh=6.256484 w=0.000 lr=9.383e-04 time=0.175s
[RQ-VAE] epoch=233 loss=0.00024496 recon=0.00009356 beh=6.259088 w=0.000 lr=9.380e-04 time=0.176s
[RQ-VAE] epoch=234 loss=0.00024435 recon=0.00009364 beh=6.260770 w=0.000 lr=9.376e-04 time=0.174s
[RQ-VAE] epoch=235 loss=0.00024496 recon=0.00009359 beh=6.258148 w=0.000 lr=9.373e-04 time=0.176s
[RQ-VAE] epoch=236 loss=0.00024571 recon=0.00009349 beh=6.259878 w=0.000 lr=9.369e-04 time=0.177s
[RQ-VAE] epoch=237 loss=0.00024557 recon=0.00009332 beh=6.259099 w=0.000 lr=9.366e-04 time=0.177s
[RQ-VAE] epoch=238 loss=0.00024497 recon=0.00009324 beh=6.259331 w=0.000 lr=9.363e-04 time=0.175s
[RQ-VAE] epoch=239 loss=0.00024489 recon=0.00009305 beh=6.258335 w=0.000 lr=9.359e-04 time=0.175s
[RQ-VAE] epoch=240 loss=0.00024751 recon=0.00009303 beh=6.260828 w=0.000 lr=9.356e-04 time=0.175s
[RQ-VAE] epoch=241 loss=0.00024690 recon=0.00009313 beh=6.260364 w=0.000 lr=9.353e-04 time=0.295s
[RQ-VAE] epoch=242 loss=0.00024760 recon=0.00009316 beh=6.255865 w=0.000 lr=9.349e-04 time=0.176s
[RQ-VAE] epoch=243 loss=0.00024667 recon=0.00009299 beh=6.259603 w=0.000 lr=9.346e-04 time=0.176s
[RQ-VAE] epoch=244 loss=0.00024717 recon=0.00009295 beh=6.259210 w=0.000 lr=9.342e-04 time=0.176s
[RQ-VAE] epoch=245 loss=0.00024746 recon=0.00009276 beh=6.261173 w=0.000 lr=9.339e-04 time=0.176s
[RQ-VAE] epoch=246 loss=0.00024700 recon=0.00009263 beh=6.255809 w=0.000 lr=9.336e-04 time=0.176s
[RQ-VAE] epoch=247 loss=0.00024689 recon=0.00009262 beh=6.258808 w=0.000 lr=9.332e-04 time=0.177s
[RQ-VAE] epoch=248 loss=0.00024788 recon=0.00009247 beh=6.261586 w=0.000 lr=9.329e-04 time=0.174s
[RQ-VAE] epoch=249 loss=0.00024825 recon=0.00009241 beh=6.262815 w=0.000 lr=9.325e-04 time=0.178s
[RQ-VAE] epoch=250 loss=0.00024776 recon=0.00009227 lr=9.322e-04 raw_unique=21388/24587 collision=0.130109 time=0.175s
[RQ-VAE] epoch=251 loss=0.00024886 recon=0.00009224 beh=6.259998 w=0.000 lr=9.319e-04 time=0.178s
[RQ-VAE] epoch=252 loss=0.00024868 recon=0.00009206 beh=6.262290 w=0.000 lr=9.315e-04 time=0.176s
[RQ-VAE] epoch=253 loss=0.00024839 recon=0.00009197 beh=6.258458 w=0.000 lr=9.312e-04 time=0.174s
[RQ-VAE] epoch=254 loss=0.00024978 recon=0.00009212 beh=6.259353 w=0.000 lr=9.308e-04 time=0.174s
[RQ-VAE] epoch=255 loss=0.00024899 recon=0.00009182 beh=6.260433 w=0.000 lr=9.305e-04 time=0.175s
[RQ-VAE] epoch=256 loss=0.00024892 recon=0.00009186 beh=6.262725 w=0.000 lr=9.302e-04 time=0.175s
[RQ-VAE] epoch=257 loss=0.00024975 recon=0.00009178 beh=6.261365 w=0.000 lr=9.298e-04 time=0.175s
[RQ-VAE] epoch=258 loss=0.00025028 recon=0.00009174 beh=6.263189 w=0.000 lr=9.295e-04 time=0.175s
[RQ-VAE] epoch=259 loss=0.00025216 recon=0.00009170 beh=6.259895 w=0.000 lr=9.292e-04 time=0.176s
[RQ-VAE] epoch=260 loss=0.00025144 recon=0.00009173 beh=6.260701 w=0.000 lr=9.288e-04 time=0.291s
[RQ-VAE] epoch=261 loss=0.00025161 recon=0.00009184 beh=6.261075 w=0.000 lr=9.285e-04 time=0.174s
[RQ-VAE] epoch=262 loss=0.00025313 recon=0.00009171 beh=6.261404 w=0.000 lr=9.281e-04 time=0.175s
[RQ-VAE] epoch=263 loss=0.00025425 recon=0.00009165 beh=6.260436 w=0.000 lr=9.278e-04 time=0.175s
[RQ-VAE] epoch=264 loss=0.00025430 recon=0.00009148 beh=6.259342 w=0.000 lr=9.275e-04 time=0.176s
[RQ-VAE] epoch=265 loss=0.00025472 recon=0.00009151 beh=6.258831 w=0.000 lr=9.271e-04 time=0.176s
[RQ-VAE] epoch=266 loss=0.00025526 recon=0.00009166 beh=6.259373 w=0.000 lr=9.268e-04 time=0.176s
[RQ-VAE] epoch=267 loss=0.00025568 recon=0.00009149 beh=6.260450 w=0.000 lr=9.264e-04 time=0.176s
[RQ-VAE] epoch=268 loss=0.00025359 recon=0.00009133 beh=6.260356 w=0.000 lr=9.261e-04 time=0.174s
[RQ-VAE] epoch=269 loss=0.00025585 recon=0.00009118 beh=6.260324 w=0.000 lr=9.258e-04 time=0.176s
[RQ-VAE] epoch=270 loss=0.00025629 recon=0.00009129 beh=6.262539 w=0.000 lr=9.254e-04 time=0.175s
[RQ-VAE] epoch=271 loss=0.00025380 recon=0.00009103 beh=6.262235 w=0.000 lr=9.251e-04 time=0.177s
[RQ-VAE] epoch=272 loss=0.00025498 recon=0.00009111 beh=6.258779 w=0.000 lr=9.247e-04 time=0.175s
[RQ-VAE] epoch=273 loss=0.00025837 recon=0.00009115 beh=6.260013 w=0.000 lr=9.244e-04 time=0.178s
[RQ-VAE] epoch=274 loss=0.00025608 recon=0.00009083 beh=6.261629 w=0.000 lr=9.241e-04 time=0.175s
[RQ-VAE] epoch=275 loss=0.00025769 recon=0.00009087 beh=6.257718 w=0.000 lr=9.237e-04 time=0.277s
[RQ-VAE] epoch=276 loss=0.00025787 recon=0.00009064 beh=6.261426 w=0.000 lr=9.234e-04 time=0.176s
[RQ-VAE] epoch=277 loss=0.00025702 recon=0.00009071 beh=6.259507 w=0.000 lr=9.231e-04 time=0.176s
[RQ-VAE] epoch=278 loss=0.00025685 recon=0.00009072 beh=6.257352 w=0.000 lr=9.227e-04 time=0.176s
[RQ-VAE] epoch=279 loss=0.00025812 recon=0.00009054 beh=6.261316 w=0.000 lr=9.224e-04 time=0.177s
[RQ-VAE] epoch=280 loss=0.00025745 recon=0.00009062 beh=6.259135 w=0.000 lr=9.220e-04 time=0.178s
[RQ-VAE] epoch=281 loss=0.00025777 recon=0.00009057 beh=6.259686 w=0.000 lr=9.217e-04 time=0.176s
[RQ-VAE] epoch=282 loss=0.00025915 recon=0.00009044 beh=6.260692 w=0.000 lr=9.214e-04 time=0.176s
[RQ-VAE] epoch=283 loss=0.00025900 recon=0.00009027 beh=6.262623 w=0.000 lr=9.210e-04 time=0.179s
[RQ-VAE] epoch=284 loss=0.00025679 recon=0.00009033 beh=6.261359 w=0.000 lr=9.207e-04 time=0.176s
[RQ-VAE] epoch=285 loss=0.00025954 recon=0.00009012 beh=6.262707 w=0.000 lr=9.203e-04 time=0.176s
[RQ-VAE] epoch=286 loss=0.00025933 recon=0.00009017 beh=6.261494 w=0.000 lr=9.200e-04 time=0.176s
[RQ-VAE] epoch=287 loss=0.00025726 recon=0.00009003 beh=6.263080 w=0.000 lr=9.197e-04 time=0.176s
[RQ-VAE] epoch=288 loss=0.00025833 recon=0.00009001 beh=6.259140 w=0.000 lr=9.193e-04 time=0.176s
[RQ-VAE] epoch=289 loss=0.00025914 recon=0.00008982 beh=6.261853 w=0.000 lr=9.190e-04 time=0.176s
[RQ-VAE] epoch=290 loss=0.00025931 recon=0.00008979 beh=6.260388 w=0.000 lr=9.186e-04 time=0.177s
[RQ-VAE] epoch=291 loss=0.00025997 recon=0.00008990 beh=6.261022 w=0.000 lr=9.183e-04 time=0.176s
[RQ-VAE] epoch=292 loss=0.00026078 recon=0.00008966 beh=6.262619 w=0.000 lr=9.180e-04 time=0.176s
[RQ-VAE] epoch=293 loss=0.00026052 recon=0.00008957 beh=6.260938 w=0.000 lr=9.176e-04 time=0.176s
[RQ-VAE] epoch=294 loss=0.00026098 recon=0.00008950 beh=6.260664 w=0.000 lr=9.173e-04 time=0.176s
[RQ-VAE] epoch=295 loss=0.00026175 recon=0.00008936 beh=6.261368 w=0.000 lr=9.169e-04 time=0.177s
[RQ-VAE] epoch=296 loss=0.00026233 recon=0.00008936 beh=6.260698 w=0.000 lr=9.166e-04 time=0.176s
[RQ-VAE] epoch=297 loss=0.00026301 recon=0.00008955 beh=6.260563 w=0.000 lr=9.163e-04 time=0.176s
[RQ-VAE] epoch=298 loss=0.00026245 recon=0.00008955 beh=6.261683 w=0.000 lr=9.159e-04 time=0.176s
[RQ-VAE] epoch=299 loss=0.00026369 recon=0.00008959 beh=6.262311 w=0.000 lr=9.156e-04 time=0.175s
[RQ-VAE] epoch=300 loss=0.00026384 recon=0.00008930 lr=9.153e-04 raw_unique=21150/24587 collision=0.139789 time=0.176s
[RQ-VAE] epoch=301 loss=0.00026434 recon=0.00008930 beh=6.260019 w=0.000 lr=9.149e-04 time=0.177s
[RQ-VAE] epoch=302 loss=0.00026617 recon=0.00008928 beh=6.259492 w=0.000 lr=9.146e-04 time=0.176s
[RQ-VAE] epoch=303 loss=0.00026623 recon=0.00008925 beh=6.261733 w=0.000 lr=9.142e-04 time=0.178s
[RQ-VAE] epoch=304 loss=0.00026465 recon=0.00008914 beh=6.261924 w=0.000 lr=9.139e-04 time=0.176s
[RQ-VAE] epoch=305 loss=0.00026707 recon=0.00008921 beh=6.262137 w=0.000 lr=9.136e-04 time=0.176s
[RQ-VAE] epoch=306 loss=0.00026729 recon=0.00008920 beh=6.263156 w=0.000 lr=9.132e-04 time=0.176s
[RQ-VAE] epoch=307 loss=0.00026529 recon=0.00008920 beh=6.263088 w=0.000 lr=9.129e-04 time=0.177s
[RQ-VAE] epoch=308 loss=0.00026723 recon=0.00008919 beh=6.262382 w=0.000 lr=9.125e-04 time=0.18s
[RQ-VAE] epoch=309 loss=0.00026738 recon=0.00008902 beh=6.262339 w=0.000 lr=9.122e-04 time=0.176s
[RQ-VAE] epoch=310 loss=0.00026687 recon=0.00008885 beh=6.260995 w=0.000 lr=9.119e-04 time=0.175s
[RQ-VAE] epoch=311 loss=0.00026684 recon=0.00008885 beh=6.260907 w=0.000 lr=9.115e-04 time=0.176s
[RQ-VAE] epoch=312 loss=0.00026806 recon=0.00008868 beh=6.263476 w=0.000 lr=9.112e-04 time=0.178s
[RQ-VAE] epoch=313 loss=0.00026793 recon=0.00008857 beh=6.262517 w=0.000 lr=9.108e-04 time=0.177s
[RQ-VAE] epoch=314 loss=0.00026717 recon=0.00008867 beh=6.262788 w=0.000 lr=9.105e-04 time=0.176s
[RQ-VAE] epoch=315 loss=0.00026854 recon=0.00008852 beh=6.258914 w=0.000 lr=9.102e-04 time=0.176s
[RQ-VAE] epoch=316 loss=0.00026890 recon=0.00008878 beh=6.265024 w=0.000 lr=9.098e-04 time=0.175s
[RQ-VAE] epoch=317 loss=0.00026942 recon=0.00008869 beh=6.261265 w=0.000 lr=9.095e-04 time=0.177s
[RQ-VAE] epoch=318 loss=0.00026925 recon=0.00008842 beh=6.260839 w=0.000 lr=9.092e-04 time=0.176s
[RQ-VAE] epoch=319 loss=0.00026782 recon=0.00008838 beh=6.260890 w=0.000 lr=9.088e-04 time=0.176s
[RQ-VAE] epoch=320 loss=0.00026964 recon=0.00008839 beh=6.257892 w=0.000 lr=9.085e-04 time=0.177s
[RQ-VAE] epoch=321 loss=0.00026997 recon=0.00008824 beh=6.262562 w=0.000 lr=9.081e-04 time=0.176s
[RQ-VAE] epoch=322 loss=0.00026958 recon=0.00008826 beh=6.262409 w=0.000 lr=9.078e-04 time=0.176s
[RQ-VAE] epoch=323 loss=0.00026985 recon=0.00008814 beh=6.262383 w=0.000 lr=9.075e-04 time=0.176s
[RQ-VAE] epoch=324 loss=0.00026947 recon=0.00008817 beh=6.262085 w=0.000 lr=9.071e-04 time=0.177s
[RQ-VAE] epoch=325 loss=0.00027041 recon=0.00008827 beh=6.263134 w=0.000 lr=9.068e-04 time=0.176s
[RQ-VAE] epoch=326 loss=0.00027169 recon=0.00008800 beh=6.261866 w=0.000 lr=9.064e-04 time=0.177s
[RQ-VAE] epoch=327 loss=0.00026964 recon=0.00008796 beh=6.259920 w=0.000 lr=9.061e-04 time=0.176s
[RQ-VAE] epoch=328 loss=0.00026944 recon=0.00008779 beh=6.266654 w=0.000 lr=9.058e-04 time=0.177s
[RQ-VAE] epoch=329 loss=0.00027247 recon=0.00008799 beh=6.263199 w=0.000 lr=9.054e-04 time=0.177s
[RQ-VAE] epoch=330 loss=0.00027131 recon=0.00008772 beh=6.266115 w=0.000 lr=9.051e-04 time=0.176s
[RQ-VAE] epoch=331 loss=0.00027051 recon=0.00008785 beh=6.264319 w=0.000 lr=9.047e-04 time=0.176s
[RQ-VAE] epoch=332 loss=0.00027148 recon=0.00008769 beh=6.259989 w=0.000 lr=9.044e-04 time=0.342s
[RQ-VAE] epoch=333 loss=0.00027355 recon=0.00008776 beh=6.262411 w=0.000 lr=9.041e-04 time=0.178s
[RQ-VAE] epoch=334 loss=0.00027259 recon=0.00008762 beh=6.268091 w=0.000 lr=9.037e-04 time=0.177s
[RQ-VAE] epoch=335 loss=0.00027287 recon=0.00008784 beh=6.261775 w=0.000 lr=9.034e-04 time=0.176s
[RQ-VAE] epoch=336 loss=0.00027336 recon=0.00008766 beh=6.264831 w=0.000 lr=9.031e-04 time=0.176s
[RQ-VAE] epoch=337 loss=0.00027263 recon=0.00008758 beh=6.263013 w=0.000 lr=9.027e-04 time=0.175s
[RQ-VAE] epoch=338 loss=0.00027328 recon=0.00008749 beh=6.260676 w=0.000 lr=9.024e-04 time=0.175s
[RQ-VAE] epoch=339 loss=0.00027557 recon=0.00008760 beh=6.263179 w=0.000 lr=9.020e-04 time=0.175s
[RQ-VAE] epoch=340 loss=0.00027469 recon=0.00008741 beh=6.262932 w=0.000 lr=9.017e-04 time=0.179s
[RQ-VAE] epoch=341 loss=0.00027391 recon=0.00008742 beh=6.262233 w=0.000 lr=9.014e-04 time=0.177s
[RQ-VAE] epoch=342 loss=0.00027385 recon=0.00008742 beh=6.262306 w=0.000 lr=9.010e-04 time=0.178s
[RQ-VAE] epoch=343 loss=0.00027439 recon=0.00008748 beh=6.262897 w=0.000 lr=9.007e-04 time=0.178s
[RQ-VAE] epoch=344 loss=0.00027621 recon=0.00008727 beh=6.265432 w=0.000 lr=9.003e-04 time=0.177s
[RQ-VAE] epoch=345 loss=0.00027478 recon=0.00008739 beh=6.257082 w=0.000 lr=9.000e-04 time=0.175s
[RQ-VAE] epoch=346 loss=0.00027437 recon=0.00008720 beh=6.263703 w=0.000 lr=8.997e-04 time=0.176s
[RQ-VAE] epoch=347 loss=0.00027423 recon=0.00008723 beh=6.265725 w=0.000 lr=8.993e-04 time=0.178s
[RQ-VAE] epoch=348 loss=0.00027489 recon=0.00008706 beh=6.261124 w=0.000 lr=8.990e-04 time=0.176s
[RQ-VAE] epoch=349 loss=0.00027366 recon=0.00008689 beh=6.262009 w=0.000 lr=8.986e-04 time=0.176s
[RQ-VAE] epoch=350 loss=0.00027349 recon=0.00008691 lr=8.983e-04 raw_unique=20904/24587 collision=0.149795 time=0.177s
[RQ-VAE] epoch=351 loss=0.00027441 recon=0.00008701 beh=6.260109 w=0.000 lr=8.980e-04 time=0.176s
[RQ-VAE] epoch=352 loss=0.00027471 recon=0.00008681 beh=6.263041 w=0.000 lr=8.976e-04 time=0.177s
[RQ-VAE] epoch=353 loss=0.00027517 recon=0.00008680 beh=6.260190 w=0.000 lr=8.973e-04 time=0.176s
[RQ-VAE] epoch=354 loss=0.00027550 recon=0.00008696 beh=6.262250 w=0.000 lr=8.969e-04 time=0.177s
[RQ-VAE] epoch=355 loss=0.00027520 recon=0.00008689 beh=6.262324 w=0.000 lr=8.966e-04 time=0.175s
[RQ-VAE] epoch=356 loss=0.00027616 recon=0.00008689 beh=6.261507 w=0.000 lr=8.963e-04 time=0.176s
[RQ-VAE] epoch=357 loss=0.00027740 recon=0.00008668 beh=6.262507 w=0.000 lr=8.959e-04 time=0.176s
[RQ-VAE] epoch=358 loss=0.00027411 recon=0.00008664 beh=6.264798 w=0.000 lr=8.956e-04 time=0.176s
[RQ-VAE] epoch=359 loss=0.00027459 recon=0.00008674 beh=6.261136 w=0.000 lr=8.953e-04 time=0.177s
[RQ-VAE] epoch=360 loss=0.00027780 recon=0.00008669 beh=6.262759 w=0.000 lr=8.949e-04 time=0.176s
[RQ-VAE] epoch=361 loss=0.00027612 recon=0.00008649 beh=6.265026 w=0.000 lr=8.946e-04 time=0.295s
[RQ-VAE] epoch=362 loss=0.00027515 recon=0.00008651 beh=6.264401 w=0.000 lr=8.942e-04 time=0.176s
[RQ-VAE] epoch=363 loss=0.00027686 recon=0.00008641 beh=6.266759 w=0.000 lr=8.939e-04 time=0.175s
[RQ-VAE] epoch=364 loss=0.00027709 recon=0.00008643 beh=6.264322 w=0.000 lr=8.936e-04 time=0.176s
[RQ-VAE] epoch=365 loss=0.00027560 recon=0.00008626 beh=6.262532 w=0.000 lr=8.932e-04 time=0.176s
[RQ-VAE] epoch=366 loss=0.00027811 recon=0.00008632 beh=6.262689 w=0.000 lr=8.929e-04 time=0.177s
[RQ-VAE] epoch=367 loss=0.00027689 recon=0.00008616 beh=6.264122 w=0.000 lr=8.925e-04 time=0.176s
[RQ-VAE] epoch=368 loss=0.00027712 recon=0.00008616 beh=6.266347 w=0.000 lr=8.922e-04 time=0.175s
[RQ-VAE] epoch=369 loss=0.00027697 recon=0.00008617 beh=6.265464 w=0.000 lr=8.919e-04 time=0.176s
[RQ-VAE] epoch=370 loss=0.00027756 recon=0.00008616 beh=6.262429 w=0.000 lr=8.915e-04 time=0.176s
[RQ-VAE] epoch=371 loss=0.00027857 recon=0.00008610 beh=6.261778 w=0.000 lr=8.912e-04 time=0.175s
[RQ-VAE] epoch=372 loss=0.00027887 recon=0.00008615 beh=6.267212 w=0.000 lr=8.908e-04 time=0.176s
[RQ-VAE] epoch=373 loss=0.00027805 recon=0.00008611 beh=6.263707 w=0.000 lr=8.905e-04 time=0.183s
[RQ-VAE] epoch=374 loss=0.00027977 recon=0.00008589 beh=6.263218 w=0.000 lr=8.902e-04 time=0.181s
[RQ-VAE] epoch=375 loss=0.00027779 recon=0.00008605 beh=6.264588 w=0.000 lr=8.898e-04 time=0.176s
[RQ-VAE] epoch=376 loss=0.00027900 recon=0.00008600 beh=6.262318 w=0.000 lr=8.895e-04 time=0.178s
[RQ-VAE] epoch=377 loss=0.00027895 recon=0.00008592 beh=6.262223 w=0.000 lr=8.892e-04 time=0.176s
[RQ-VAE] epoch=378 loss=0.00027943 recon=0.00008591 beh=6.261996 w=0.000 lr=8.888e-04 time=0.178s
[RQ-VAE] epoch=379 loss=0.00027935 recon=0.00008586 beh=6.263187 w=0.000 lr=8.885e-04 time=0.177s
[RQ-VAE] epoch=380 loss=0.00028170 recon=0.00008572 beh=6.262739 w=0.000 lr=8.881e-04 time=0.283s
[RQ-VAE] epoch=381 loss=0.00027921 recon=0.00008557 beh=6.261945 w=0.000 lr=8.878e-04 time=0.178s
[RQ-VAE] epoch=382 loss=0.00027867 recon=0.00008562 beh=6.263049 w=0.000 lr=8.875e-04 time=0.177s
[RQ-VAE] epoch=383 loss=0.00028059 recon=0.00008549 beh=6.265270 w=0.000 lr=8.871e-04 time=0.176s
[RQ-VAE] epoch=384 loss=0.00028094 recon=0.00008550 beh=6.261777 w=0.000 lr=8.868e-04 time=0.176s
[RQ-VAE] epoch=385 loss=0.00028054 recon=0.00008562 beh=6.264184 w=0.000 lr=8.864e-04 time=0.178s
[RQ-VAE] epoch=386 loss=0.00028078 recon=0.00008546 beh=6.261628 w=0.000 lr=8.861e-04 time=0.177s
[RQ-VAE] epoch=387 loss=0.00028252 recon=0.00008536 beh=6.265575 w=0.000 lr=8.858e-04 time=0.177s
[RQ-VAE] epoch=388 loss=0.00028166 recon=0.00008550 beh=6.264293 w=0.000 lr=8.854e-04 time=0.177s
[RQ-VAE] epoch=389 loss=0.00027983 recon=0.00008553 beh=6.262412 w=0.000 lr=8.851e-04 time=0.176s
[RQ-VAE] epoch=390 loss=0.00028343 recon=0.00008548 beh=6.261051 w=0.000 lr=8.847e-04 time=0.176s
[RQ-VAE] epoch=391 loss=0.00028068 recon=0.00008531 beh=6.263165 w=0.000 lr=8.844e-04 time=0.179s
[RQ-VAE] epoch=392 loss=0.00027961 recon=0.00008537 beh=6.263607 w=0.000 lr=8.841e-04 time=0.176s
[RQ-VAE] epoch=393 loss=0.00028081 recon=0.00008542 beh=6.264766 w=0.000 lr=8.837e-04 time=0.177s
[RQ-VAE] epoch=394 loss=0.00028403 recon=0.00008523 beh=6.264093 w=0.000 lr=8.834e-04 time=0.177s
[RQ-VAE] epoch=395 loss=0.00028173 recon=0.00008525 beh=6.260499 w=0.000 lr=8.831e-04 time=0.176s
[RQ-VAE] epoch=396 loss=0.00028032 recon=0.00008523 beh=6.261173 w=0.000 lr=8.827e-04 time=0.279s
[RQ-VAE] epoch=397 loss=0.00028222 recon=0.00008509 beh=6.264577 w=0.000 lr=8.824e-04 time=0.178s
[RQ-VAE] epoch=398 loss=0.00028150 recon=0.00008500 beh=6.260410 w=0.000 lr=8.820e-04 time=0.177s
[RQ-VAE] epoch=399 loss=0.00028207 recon=0.00008500 beh=6.261235 w=0.000 lr=8.817e-04 time=0.177s
[RQ-VAE] epoch=400 loss=0.00028355 recon=0.00008498 lr=8.814e-04 raw_unique=20884/24587 collision=0.150608 time=0.176s
[RQ-VAE] epoch=401 loss=0.00028432 recon=0.00008492 beh=6.262868 w=0.000 lr=8.810e-04 time=0.177s
[RQ-VAE] epoch=402 loss=0.00028186 recon=0.00008502 beh=6.260814 w=0.000 lr=8.807e-04 time=0.176s
[RQ-VAE] epoch=403 loss=0.00028293 recon=0.00008488 beh=6.263999 w=0.000 lr=8.803e-04 time=0.176s
[RQ-VAE] epoch=404 loss=0.00028365 recon=0.00008479 beh=6.263256 w=0.000 lr=8.800e-04 time=0.176s
[RQ-VAE] epoch=405 loss=0.00028234 recon=0.00008508 beh=6.262351 w=0.000 lr=8.797e-04 time=0.177s
[RQ-VAE] epoch=406 loss=0.00028364 recon=0.00008480 beh=6.264520 w=0.000 lr=8.793e-04 time=0.176s
[RQ-VAE] epoch=407 loss=0.00028247 recon=0.00008473 beh=6.263659 w=0.000 lr=8.790e-04 time=0.178s
[RQ-VAE] epoch=408 loss=0.00028431 recon=0.00008479 beh=6.264192 w=0.000 lr=8.786e-04 time=0.176s
[RQ-VAE] epoch=409 loss=0.00028402 recon=0.00008472 beh=6.263892 w=0.000 lr=8.783e-04 time=0.176s
[RQ-VAE] epoch=410 loss=0.00028416 recon=0.00008483 beh=6.264199 w=0.000 lr=8.780e-04 time=0.177s
[RQ-VAE] epoch=411 loss=0.00028526 recon=0.00008466 beh=6.263264 w=0.000 lr=8.776e-04 time=0.177s
[RQ-VAE] epoch=412 loss=0.00028406 recon=0.00008455 beh=6.262287 w=0.000 lr=8.773e-04 time=0.176s
[RQ-VAE] epoch=413 loss=0.00028394 recon=0.00008455 beh=6.261281 w=0.000 lr=8.769e-04 time=0.177s
[RQ-VAE] epoch=414 loss=0.00028503 recon=0.00008447 beh=6.262171 w=0.000 lr=8.766e-04 time=0.177s
[RQ-VAE] epoch=415 loss=0.00028496 recon=0.00008444 beh=6.263727 w=0.000 lr=8.763e-04 time=0.177s
[RQ-VAE] epoch=416 loss=0.00028405 recon=0.00008438 beh=6.262328 w=0.000 lr=8.759e-04 time=0.177s
[RQ-VAE] epoch=417 loss=0.00028596 recon=0.00008441 beh=6.263250 w=0.000 lr=8.756e-04 time=0.178s
[RQ-VAE] epoch=418 loss=0.00028640 recon=0.00008438 beh=6.265809 w=0.000 lr=8.753e-04 time=0.177s
[RQ-VAE] epoch=419 loss=0.00028422 recon=0.00008434 beh=6.265824 w=0.000 lr=8.749e-04 time=0.176s
[RQ-VAE] epoch=420 loss=0.00028519 recon=0.00008448 beh=6.264197 w=0.000 lr=8.746e-04 time=0.177s
[RQ-VAE] epoch=421 loss=0.00028699 recon=0.00008445 beh=6.265170 w=0.000 lr=8.742e-04 time=0.177s
[RQ-VAE] epoch=422 loss=0.00028419 recon=0.00008441 beh=6.260462 w=0.000 lr=8.739e-04 time=0.177s
[RQ-VAE] epoch=423 loss=0.00028442 recon=0.00008415 beh=6.264191 w=0.000 lr=8.736e-04 time=0.177s
[RQ-VAE] epoch=424 loss=0.00028526 recon=0.00008414 beh=6.262669 w=0.000 lr=8.732e-04 time=0.177s
[RQ-VAE] epoch=425 loss=0.00028554 recon=0.00008406 beh=6.262881 w=0.000 lr=8.729e-04 time=0.176s
[RQ-VAE] epoch=426 loss=0.00028453 recon=0.00008392 beh=6.261909 w=0.000 lr=8.725e-04 time=0.178s
[RQ-VAE] epoch=427 loss=0.00028530 recon=0.00008409 beh=6.262315 w=0.000 lr=8.722e-04 time=0.178s
[RQ-VAE] epoch=428 loss=0.00028486 recon=0.00008384 beh=6.264281 w=0.000 lr=8.719e-04 time=0.177s
[RQ-VAE] epoch=429 loss=0.00028637 recon=0.00008390 beh=6.260069 w=0.000 lr=8.715e-04 time=0.179s
[RQ-VAE] epoch=430 loss=0.00028619 recon=0.00008387 beh=6.263387 w=0.000 lr=8.712e-04 time=0.175s
[RQ-VAE] epoch=431 loss=0.00028517 recon=0.00008381 beh=6.264033 w=0.000 lr=8.708e-04 time=0.175s
[RQ-VAE] epoch=432 loss=0.00028585 recon=0.00008378 beh=6.263107 w=0.000 lr=8.705e-04 time=0.175s
[RQ-VAE] epoch=433 loss=0.00028694 recon=0.00008398 beh=6.262222 w=0.000 lr=8.702e-04 time=0.175s
[RQ-VAE] epoch=434 loss=0.00028735 recon=0.00008403 beh=6.265709 w=0.000 lr=8.698e-04 time=0.175s
[RQ-VAE] epoch=435 loss=0.00028701 recon=0.00008382 beh=6.262847 w=0.000 lr=8.695e-04 time=0.176s
[RQ-VAE] epoch=436 loss=0.00028672 recon=0.00008368 beh=6.263379 w=0.000 lr=8.692e-04 time=0.175s
[RQ-VAE] epoch=437 loss=0.00028578 recon=0.00008362 beh=6.260085 w=0.000 lr=8.688e-04 time=0.175s
[RQ-VAE] epoch=438 loss=0.00028646 recon=0.00008361 beh=6.266202 w=0.000 lr=8.685e-04 time=0.177s
[RQ-VAE] epoch=439 loss=0.00028645 recon=0.00008392 beh=6.261456 w=0.000 lr=8.681e-04 time=0.175s
[RQ-VAE] epoch=440 loss=0.00028745 recon=0.00008355 beh=6.265129 w=0.000 lr=8.678e-04 time=0.175s
[RQ-VAE] epoch=441 loss=0.00028710 recon=0.00008347 beh=6.265139 w=0.000 lr=8.675e-04 time=0.176s
[RQ-VAE] epoch=442 loss=0.00028754 recon=0.00008362 beh=6.263394 w=0.000 lr=8.671e-04 time=0.175s
[RQ-VAE] epoch=443 loss=0.00028714 recon=0.00008363 beh=6.264655 w=0.000 lr=8.668e-04 time=0.175s
[RQ-VAE] epoch=444 loss=0.00028574 recon=0.00008374 beh=6.264146 w=0.000 lr=8.664e-04 time=0.175s
[RQ-VAE] epoch=445 loss=0.00028630 recon=0.00008358 beh=6.263355 w=0.000 lr=8.661e-04 time=0.174s
[RQ-VAE] epoch=446 loss=0.00028735 recon=0.00008355 beh=6.263588 w=0.000 lr=8.658e-04 time=0.175s
[RQ-VAE] epoch=447 loss=0.00028755 recon=0.00008357 beh=6.265498 w=0.000 lr=8.654e-04 time=0.174s
[RQ-VAE] epoch=448 loss=0.00028946 recon=0.00008380 beh=6.260876 w=0.000 lr=8.651e-04 time=0.175s
[RQ-VAE] epoch=449 loss=0.00028906 recon=0.00008353 beh=6.264085 w=0.000 lr=8.647e-04 time=0.175s
[RQ-VAE] epoch=450 loss=0.00028877 recon=0.00008337 lr=8.644e-04 raw_unique=20699/24587 collision=0.158132 time=0.175s
[RQ-VAE] epoch=451 loss=0.00028802 recon=0.00008337 beh=6.263857 w=0.000 lr=8.641e-04 time=0.176s
[RQ-VAE] epoch=452 loss=0.00028833 recon=0.00008326 beh=6.264139 w=0.000 lr=8.637e-04 time=0.29s
[RQ-VAE] epoch=453 loss=0.00029018 recon=0.00008325 beh=6.263128 w=0.000 lr=8.634e-04 time=0.175s
[RQ-VAE] epoch=454 loss=0.00028888 recon=0.00008331 beh=6.260185 w=0.000 lr=8.631e-04 time=0.176s
[RQ-VAE] epoch=455 loss=0.00028960 recon=0.00008320 beh=6.265211 w=0.000 lr=8.627e-04 time=0.175s
[RQ-VAE] epoch=456 loss=0.00028986 recon=0.00008318 beh=6.263082 w=0.000 lr=8.624e-04 time=0.175s
[RQ-VAE] epoch=457 loss=0.00028978 recon=0.00008317 beh=6.263103 w=0.000 lr=8.620e-04 time=0.176s
[RQ-VAE] epoch=458 loss=0.00029069 recon=0.00008307 beh=6.263771 w=0.000 lr=8.617e-04 time=0.176s
[RQ-VAE] epoch=459 loss=0.00028981 recon=0.00008306 beh=6.265682 w=0.000 lr=8.614e-04 time=0.174s
[RQ-VAE] epoch=460 loss=0.00029170 recon=0.00008314 beh=6.263597 w=0.000 lr=8.610e-04 time=0.175s
[RQ-VAE] epoch=461 loss=0.00028997 recon=0.00008307 beh=6.266010 w=0.000 lr=8.607e-04 time=0.174s
[RQ-VAE] epoch=462 loss=0.00028827 recon=0.00008314 beh=6.264116 w=0.000 lr=8.603e-04 time=0.176s
[RQ-VAE] epoch=463 loss=0.00029123 recon=0.00008302 beh=6.265365 w=0.000 lr=8.600e-04 time=0.174s
[RQ-VAE] epoch=464 loss=0.00029026 recon=0.00008301 beh=6.264428 w=0.000 lr=8.597e-04 time=0.175s
[RQ-VAE] epoch=465 loss=0.00029174 recon=0.00008304 beh=6.263616 w=0.000 lr=8.593e-04 time=0.176s
[RQ-VAE] epoch=466 loss=0.00029263 recon=0.00008291 beh=6.263522 w=0.000 lr=8.590e-04 time=0.174s
[RQ-VAE] epoch=467 loss=0.00029129 recon=0.00008280 beh=6.264216 w=0.000 lr=8.586e-04 time=0.175s
[RQ-VAE] epoch=468 loss=0.00029152 recon=0.00008293 beh=6.264616 w=0.000 lr=8.583e-04 time=0.175s
[RQ-VAE] epoch=469 loss=0.00029164 recon=0.00008292 beh=6.267509 w=0.000 lr=8.580e-04 time=0.174s
[RQ-VAE] epoch=470 loss=0.00029308 recon=0.00008281 beh=6.267630 w=0.000 lr=8.576e-04 time=0.174s
[RQ-VAE] epoch=471 loss=0.00029278 recon=0.00008287 beh=6.265603 w=0.000 lr=8.573e-04 time=0.174s
[RQ-VAE] epoch=472 loss=0.00029230 recon=0.00008281 beh=6.264379 w=0.000 lr=8.569e-04 time=0.174s
[RQ-VAE] epoch=473 loss=0.00029068 recon=0.00008283 beh=6.263678 w=0.000 lr=8.566e-04 time=0.177s
[RQ-VAE] epoch=474 loss=0.00029149 recon=0.00008276 beh=6.262443 w=0.000 lr=8.563e-04 time=0.175s
[RQ-VAE] epoch=475 loss=0.00029233 recon=0.00008258 beh=6.263590 w=0.000 lr=8.559e-04 time=0.175s
[RQ-VAE] epoch=476 loss=0.00029156 recon=0.00008269 beh=6.262541 w=0.000 lr=8.556e-04 time=0.175s
[RQ-VAE] epoch=477 loss=0.00029216 recon=0.00008272 beh=6.266191 w=0.000 lr=8.553e-04 time=0.175s
[RQ-VAE] epoch=478 loss=0.00029210 recon=0.00008245 beh=6.264792 w=0.000 lr=8.549e-04 time=0.176s
[RQ-VAE] epoch=479 loss=0.00029079 recon=0.00008240 beh=6.264805 w=0.000 lr=8.546e-04 time=0.178s
[RQ-VAE] epoch=480 loss=0.00029104 recon=0.00008254 beh=6.263106 w=0.000 lr=8.542e-04 time=0.175s
[RQ-VAE] epoch=481 loss=0.00029037 recon=0.00008241 beh=6.264187 w=0.000 lr=8.539e-04 time=0.285s
[RQ-VAE] epoch=482 loss=0.00029110 recon=0.00008238 beh=6.263673 w=0.000 lr=8.536e-04 time=0.175s
[RQ-VAE] epoch=483 loss=0.00029134 recon=0.00008246 beh=6.263745 w=0.000 lr=8.532e-04 time=0.175s
[RQ-VAE] epoch=484 loss=0.00029056 recon=0.00008239 beh=6.259577 w=0.000 lr=8.529e-04 time=0.175s
[RQ-VAE] epoch=485 loss=0.00029229 recon=0.00008239 beh=6.264911 w=0.000 lr=8.525e-04 time=0.174s
[RQ-VAE] epoch=486 loss=0.00029073 recon=0.00008226 beh=6.264978 w=0.000 lr=8.522e-04 time=0.174s
[RQ-VAE] epoch=487 loss=0.00029198 recon=0.00008235 beh=6.263740 w=0.000 lr=8.519e-04 time=0.175s
[RQ-VAE] epoch=488 loss=0.00029252 recon=0.00008227 beh=6.264277 w=0.000 lr=8.515e-04 time=0.175s
[RQ-VAE] epoch=489 loss=0.00029387 recon=0.00008229 beh=6.264812 w=0.000 lr=8.512e-04 time=0.174s
[RQ-VAE] epoch=490 loss=0.00029276 recon=0.00008221 beh=6.264899 w=0.000 lr=8.508e-04 time=0.175s
[RQ-VAE] epoch=491 loss=0.00029336 recon=0.00008225 beh=6.267974 w=0.000 lr=8.505e-04 time=0.175s
[RQ-VAE] epoch=492 loss=0.00029496 recon=0.00008226 beh=6.267956 w=0.000 lr=8.502e-04 time=0.175s
[RQ-VAE] epoch=493 loss=0.00029434 recon=0.00008228 beh=6.264255 w=0.000 lr=8.498e-04 time=0.174s
[RQ-VAE] epoch=494 loss=0.00029523 recon=0.00008208 beh=6.265538 w=0.000 lr=8.495e-04 time=0.175s
[RQ-VAE] epoch=495 loss=0.00029185 recon=0.00008235 beh=6.266579 w=0.000 lr=8.492e-04 time=0.174s
[RQ-VAE] epoch=496 loss=0.00029334 recon=0.00008208 beh=6.261147 w=0.000 lr=8.488e-04 time=0.175s
[RQ-VAE] epoch=497 loss=0.00029322 recon=0.00008201 beh=6.266383 w=0.000 lr=8.485e-04 time=0.175s
[RQ-VAE] epoch=498 loss=0.00029526 recon=0.00008199 beh=6.263978 w=0.000 lr=8.481e-04 time=0.175s
[RQ-VAE] epoch=499 loss=0.00029547 recon=0.00008216 beh=6.264978 w=0.000 lr=8.478e-04 time=0.174s
[RQ-VAE] epoch=500 loss=0.00029438 recon=0.00008214 lr=8.475e-04 raw_unique=20544/24587 collision=0.164436 time=0.176s
[RQ-VAE] epoch=501 loss=0.00029484 recon=0.00008207 beh=6.262312 w=0.000 lr=8.471e-04 time=0.281s
[RQ-VAE] epoch=502 loss=0.00029476 recon=0.00008208 beh=6.264393 w=0.000 lr=8.468e-04 time=0.175s
[RQ-VAE] epoch=503 loss=0.00029615 recon=0.00008199 beh=6.264178 w=0.000 lr=8.464e-04 time=0.175s
[RQ-VAE] epoch=504 loss=0.00029663 recon=0.00008219 beh=6.263963 w=0.000 lr=8.461e-04 time=0.174s
[RQ-VAE] epoch=505 loss=0.00029689 recon=0.00008212 beh=6.266713 w=0.000 lr=8.458e-04 time=0.175s
[RQ-VAE] epoch=506 loss=0.00029708 recon=0.00008206 beh=6.265873 w=0.000 lr=8.454e-04 time=0.175s
[RQ-VAE] epoch=507 loss=0.00029689 recon=0.00008185 beh=6.266764 w=0.000 lr=8.451e-04 time=0.175s
[RQ-VAE] epoch=508 loss=0.00029690 recon=0.00008194 beh=6.265436 w=0.000 lr=8.447e-04 time=0.174s
[RQ-VAE] epoch=509 loss=0.00029697 recon=0.00008216 beh=6.263127 w=0.000 lr=8.444e-04 time=0.177s
[RQ-VAE] epoch=510 loss=0.00029669 recon=0.00008187 beh=6.264763 w=0.000 lr=8.441e-04 time=0.177s
[RQ-VAE] epoch=511 loss=0.00029633 recon=0.00008195 beh=6.260404 w=0.000 lr=8.437e-04 time=0.174s
[RQ-VAE] epoch=512 loss=0.00029644 recon=0.00008201 beh=6.265675 w=0.000 lr=8.434e-04 time=0.175s
[RQ-VAE] epoch=513 loss=0.00029802 recon=0.00008196 beh=6.265569 w=0.000 lr=8.431e-04 time=0.175s
[RQ-VAE] epoch=514 loss=0.00029604 recon=0.00008168 beh=6.262141 w=0.000 lr=8.427e-04 time=0.175s
[RQ-VAE] epoch=515 loss=0.00029545 recon=0.00008157 beh=6.262085 w=0.000 lr=8.424e-04 time=0.175s
[RQ-VAE] epoch=516 loss=0.00029708 recon=0.00008166 beh=6.267083 w=0.000 lr=8.420e-04 time=0.264s
[RQ-VAE] epoch=517 loss=0.00029710 recon=0.00008156 beh=6.260907 w=0.000 lr=8.417e-04 time=0.174s
[RQ-VAE] epoch=518 loss=0.00029609 recon=0.00008158 beh=6.265594 w=0.000 lr=8.414e-04 time=0.175s
[RQ-VAE] epoch=519 loss=0.00029737 recon=0.00008185 beh=6.261972 w=0.000 lr=8.410e-04 time=0.174s
[RQ-VAE] epoch=520 loss=0.00029517 recon=0.00008152 beh=6.263671 w=0.000 lr=8.407e-04 time=0.175s
[RQ-VAE] epoch=521 loss=0.00029746 recon=0.00008149 beh=6.263704 w=0.000 lr=8.403e-04 time=0.174s
[RQ-VAE] epoch=522 loss=0.00029671 recon=0.00008160 beh=6.261463 w=0.000 lr=8.400e-04 time=0.173s
[RQ-VAE] epoch=523 loss=0.00029601 recon=0.00008143 beh=6.262912 w=0.000 lr=8.397e-04 time=0.175s
[RQ-VAE] epoch=524 loss=0.00029573 recon=0.00008159 beh=6.264647 w=0.000 lr=8.393e-04 time=0.175s
[RQ-VAE] epoch=525 loss=0.00029643 recon=0.00008146 beh=6.258863 w=0.000 lr=8.390e-04 time=0.174s
[RQ-VAE] epoch=526 loss=0.00029701 recon=0.00008143 beh=6.266644 w=0.000 lr=8.386e-04 time=0.174s
[RQ-VAE] epoch=527 loss=0.00029842 recon=0.00008147 beh=6.265055 w=0.000 lr=8.383e-04 time=0.174s
[RQ-VAE] epoch=528 loss=0.00029689 recon=0.00008144 beh=6.267660 w=0.000 lr=8.380e-04 time=0.174s
[RQ-VAE] epoch=529 loss=0.00029647 recon=0.00008143 beh=6.265342 w=0.000 lr=8.376e-04 time=0.173s
[RQ-VAE] epoch=530 loss=0.00029706 recon=0.00008150 beh=6.261395 w=0.000 lr=8.373e-04 time=0.174s
[RQ-VAE] epoch=531 loss=0.00029711 recon=0.00008148 beh=6.264834 w=0.000 lr=8.369e-04 time=0.172s
[RQ-VAE] epoch=532 loss=0.00029833 recon=0.00008137 beh=6.264091 w=0.000 lr=8.366e-04 time=0.175s
[RQ-VAE] epoch=533 loss=0.00029852 recon=0.00008149 beh=6.269262 w=0.000 lr=8.363e-04 time=0.174s
[RQ-VAE] epoch=534 loss=0.00029937 recon=0.00008143 beh=6.262370 w=0.000 lr=8.359e-04 time=0.174s
[RQ-VAE] epoch=535 loss=0.00029921 recon=0.00008127 beh=6.266377 w=0.000 lr=8.356e-04 time=0.175s
[RQ-VAE] epoch=536 loss=0.00029723 recon=0.00008116 beh=6.263345 w=0.000 lr=8.353e-04 time=0.175s
[RQ-VAE] epoch=537 loss=0.00029994 recon=0.00008134 beh=6.267377 w=0.000 lr=8.349e-04 time=0.173s
[RQ-VAE] epoch=538 loss=0.00029964 recon=0.00008136 beh=6.268685 w=0.000 lr=8.346e-04 time=0.175s
[RQ-VAE] epoch=539 loss=0.00029937 recon=0.00008141 beh=6.265022 w=0.000 lr=8.342e-04 time=0.175s
[RQ-VAE] epoch=540 loss=0.00029978 recon=0.00008131 beh=6.261766 w=0.000 lr=8.339e-04 time=0.174s
[RQ-VAE] epoch=541 loss=0.00029989 recon=0.00008125 beh=6.266220 w=0.000 lr=8.336e-04 time=0.175s
[RQ-VAE] epoch=542 loss=0.00029973 recon=0.00008121 beh=6.265943 w=0.000 lr=8.332e-04 time=0.174s
[RQ-VAE] epoch=543 loss=0.00029891 recon=0.00008122 beh=6.264987 w=0.000 lr=8.329e-04 time=0.174s
[RQ-VAE] epoch=544 loss=0.00030010 recon=0.00008108 beh=6.265213 w=0.000 lr=8.325e-04 time=0.174s
[RQ-VAE] epoch=545 loss=0.00029913 recon=0.00008120 beh=6.266916 w=0.000 lr=8.322e-04 time=0.176s
[RQ-VAE] epoch=546 loss=0.00029824 recon=0.00008109 beh=6.265879 w=0.000 lr=8.319e-04 time=0.175s
[RQ-VAE] epoch=547 loss=0.00029748 recon=0.00008097 beh=6.263520 w=0.000 lr=8.315e-04 time=0.175s
[RQ-VAE] epoch=548 loss=0.00029933 recon=0.00008115 beh=6.261844 w=0.000 lr=8.312e-04 time=0.174s
[RQ-VAE] epoch=549 loss=0.00030095 recon=0.00008108 beh=6.261857 w=0.000 lr=8.308e-04 time=0.174s
[RQ-VAE] epoch=550 loss=0.00029915 recon=0.00008091 lr=8.305e-04 raw_unique=20632/24587 collision=0.160857 time=0.174s
[RQ-VAE] epoch=551 loss=0.00029888 recon=0.00008107 beh=6.265269 w=0.000 lr=8.302e-04 time=0.175s
[RQ-VAE] epoch=552 loss=0.00029893 recon=0.00008093 beh=6.267121 w=0.000 lr=8.298e-04 time=0.175s
[RQ-VAE] epoch=553 loss=0.00029946 recon=0.00008090 beh=6.265656 w=0.000 lr=8.295e-04 time=0.175s
[RQ-VAE] epoch=554 loss=0.00029980 recon=0.00008091 beh=6.266078 w=0.000 lr=8.292e-04 time=0.175s
[RQ-VAE] epoch=555 loss=0.00030008 recon=0.00008089 beh=6.267118 w=0.000 lr=8.288e-04 time=0.174s
[RQ-VAE] epoch=556 loss=0.00030075 recon=0.00008099 beh=6.267355 w=0.000 lr=8.285e-04 time=0.174s
[RQ-VAE] epoch=557 loss=0.00030005 recon=0.00008079 beh=6.266612 w=0.000 lr=8.281e-04 time=0.175s
[RQ-VAE] epoch=558 loss=0.00030058 recon=0.00008077 beh=6.262902 w=0.000 lr=8.278e-04 time=0.175s
[RQ-VAE] epoch=559 loss=0.00030034 recon=0.00008076 beh=6.265459 w=0.000 lr=8.275e-04 time=0.174s
[RQ-VAE] epoch=560 loss=0.00029952 recon=0.00008075 beh=6.266768 w=0.000 lr=8.271e-04 time=0.174s
[RQ-VAE] epoch=561 loss=0.00030078 recon=0.00008093 beh=6.263474 w=0.000 lr=8.268e-04 time=0.175s
[RQ-VAE] epoch=562 loss=0.00030144 recon=0.00008083 beh=6.265886 w=0.000 lr=8.264e-04 time=0.173s
[RQ-VAE] epoch=563 loss=0.00030330 recon=0.00008074 beh=6.264243 w=0.000 lr=8.261e-04 time=0.173s
[RQ-VAE] epoch=564 loss=0.00030083 recon=0.00008062 beh=6.266119 w=0.000 lr=8.258e-04 time=0.173s
[RQ-VAE] epoch=565 loss=0.00030028 recon=0.00008063 beh=6.268276 w=0.000 lr=8.254e-04 time=0.175s
[RQ-VAE] epoch=566 loss=0.00029991 recon=0.00008057 beh=6.263753 w=0.000 lr=8.251e-04 time=0.173s
[RQ-VAE] epoch=567 loss=0.00030033 recon=0.00008046 beh=6.263891 w=0.000 lr=8.247e-04 time=0.179s
[RQ-VAE] epoch=568 loss=0.00030270 recon=0.00008056 beh=6.266174 w=0.000 lr=8.244e-04 time=0.173s
[RQ-VAE] epoch=569 loss=0.00030051 recon=0.00008056 beh=6.266513 w=0.000 lr=8.241e-04 time=0.173s
[RQ-VAE] epoch=570 loss=0.00030131 recon=0.00008045 beh=6.265753 w=0.000 lr=8.237e-04 time=0.174s
[RQ-VAE] epoch=571 loss=0.00030118 recon=0.00008050 beh=6.266489 w=0.000 lr=8.234e-04 time=0.174s
[RQ-VAE] epoch=572 loss=0.00030063 recon=0.00008048 beh=6.267293 w=0.000 lr=8.231e-04 time=0.296s
[RQ-VAE] epoch=573 loss=0.00030185 recon=0.00008054 beh=6.264430 w=0.000 lr=8.227e-04 time=0.174s
[RQ-VAE] epoch=574 loss=0.00030045 recon=0.00008039 beh=6.264112 w=0.000 lr=8.224e-04 time=0.175s
[RQ-VAE] epoch=575 loss=0.00030059 recon=0.00008042 beh=6.262414 w=0.000 lr=8.220e-04 time=0.175s
[RQ-VAE] epoch=576 loss=0.00030069 recon=0.00008037 beh=6.265824 w=0.000 lr=8.217e-04 time=0.174s
[RQ-VAE] epoch=577 loss=0.00030168 recon=0.00008037 beh=6.265707 w=0.000 lr=8.214e-04 time=0.174s
[RQ-VAE] epoch=578 loss=0.00030177 recon=0.00008038 beh=6.265450 w=0.000 lr=8.210e-04 time=0.174s
[RQ-VAE] epoch=579 loss=0.00030214 recon=0.00008036 beh=6.262303 w=0.000 lr=8.207e-04 time=0.174s
[RQ-VAE] epoch=580 loss=0.00030253 recon=0.00008046 beh=6.264110 w=0.000 lr=8.203e-04 time=0.174s
[RQ-VAE] epoch=581 loss=0.00030189 recon=0.00008027 beh=6.266165 w=0.000 lr=8.200e-04 time=0.174s
[RQ-VAE] epoch=582 loss=0.00030264 recon=0.00008040 beh=6.267168 w=0.000 lr=8.197e-04 time=0.173s
[RQ-VAE] epoch=583 loss=0.00030240 recon=0.00008037 beh=6.263200 w=0.000 lr=8.193e-04 time=0.174s
[RQ-VAE] epoch=584 loss=0.00029928 recon=0.00008031 beh=6.265153 w=0.000 lr=8.190e-04 time=0.174s
[RQ-VAE] epoch=585 loss=0.00030104 recon=0.00008016 beh=6.264312 w=0.000 lr=8.186e-04 time=0.174s
[RQ-VAE] epoch=586 loss=0.00030115 recon=0.00008017 beh=6.264152 w=0.000 lr=8.183e-04 time=0.175s
[RQ-VAE] epoch=587 loss=0.00030185 recon=0.00008023 beh=6.264786 w=0.000 lr=8.180e-04 time=0.175s
[RQ-VAE] epoch=588 loss=0.00030102 recon=0.00008002 beh=6.263004 w=0.000 lr=8.176e-04 time=0.174s
[RQ-VAE] epoch=589 loss=0.00030033 recon=0.00008018 beh=6.265004 w=0.000 lr=8.173e-04 time=0.174s
[RQ-VAE] epoch=590 loss=0.00030062 recon=0.00008016 beh=6.262455 w=0.000 lr=8.169e-04 time=0.174s
[RQ-VAE] epoch=591 loss=0.00030260 recon=0.00008021 beh=6.263010 w=0.000 lr=8.166e-04 time=0.174s
[RQ-VAE] epoch=592 loss=0.00030191 recon=0.00008015 beh=6.265605 w=0.000 lr=8.163e-04 time=0.175s
[RQ-VAE] epoch=593 loss=0.00030278 recon=0.00008005 beh=6.266447 w=0.000 lr=8.159e-04 time=0.173s
[RQ-VAE] epoch=594 loss=0.00030170 recon=0.00008001 beh=6.265344 w=0.000 lr=8.156e-04 time=0.175s
[RQ-VAE] epoch=595 loss=0.00030176 recon=0.00008004 beh=6.263949 w=0.000 lr=8.153e-04 time=0.177s
[RQ-VAE] epoch=596 loss=0.00030119 recon=0.00008009 beh=6.264644 w=0.000 lr=8.149e-04 time=0.174s
[RQ-VAE] epoch=597 loss=0.00030111 recon=0.00007998 beh=6.266300 w=0.000 lr=8.146e-04 time=0.174s
[RQ-VAE] epoch=598 loss=0.00030171 recon=0.00007980 beh=6.263409 w=0.000 lr=8.142e-04 time=0.175s
[RQ-VAE] epoch=599 loss=0.00030217 recon=0.00008006 beh=6.265037 w=0.000 lr=8.139e-04 time=0.173s
[RQ-VAE] epoch=600 loss=0.00030219 recon=0.00007995 lr=8.136e-04 raw_unique=20541/24587 collision=0.164559 time=0.174s
[RQ-VAE] epoch=601 loss=0.00030208 recon=0.00007991 beh=6.262491 w=0.000 lr=8.132e-04 time=0.268s
[RQ-VAE] epoch=602 loss=0.00030224 recon=0.00008001 beh=6.261225 w=0.000 lr=8.129e-04 time=0.175s
[RQ-VAE] epoch=603 loss=0.00030279 recon=0.00007985 beh=6.267011 w=0.000 lr=8.125e-04 time=0.172s
[RQ-VAE] epoch=604 loss=0.00030372 recon=0.00007982 beh=6.265763 w=0.000 lr=8.122e-04 time=0.174s
[RQ-VAE] epoch=605 loss=0.00030238 recon=0.00007980 beh=6.262403 w=0.000 lr=8.119e-04 time=0.174s
[RQ-VAE] epoch=606 loss=0.00030173 recon=0.00007964 beh=6.266669 w=0.000 lr=8.115e-04 time=0.174s
[RQ-VAE] epoch=607 loss=0.00030173 recon=0.00007963 beh=6.265081 w=0.000 lr=8.112e-04 time=0.173s
[RQ-VAE] epoch=608 loss=0.00030398 recon=0.00007979 beh=6.263817 w=0.000 lr=8.108e-04 time=0.174s
[RQ-VAE] epoch=609 loss=0.00030402 recon=0.00007987 beh=6.264918 w=0.000 lr=8.105e-04 time=0.175s
[RQ-VAE] epoch=610 loss=0.00030372 recon=0.00007977 beh=6.264501 w=0.000 lr=8.102e-04 time=0.174s
[RQ-VAE] epoch=611 loss=0.00030499 recon=0.00007984 beh=6.265554 w=0.000 lr=8.098e-04 time=0.174s
[RQ-VAE] epoch=612 loss=0.00030516 recon=0.00007973 beh=6.266625 w=0.000 lr=8.095e-04 time=0.174s
[RQ-VAE] epoch=613 loss=0.00030491 recon=0.00007972 beh=6.264959 w=0.000 lr=8.092e-04 time=0.174s
[RQ-VAE] epoch=614 loss=0.00030412 recon=0.00007970 beh=6.264607 w=0.000 lr=8.088e-04 time=0.174s
[RQ-VAE] epoch=615 loss=0.00030394 recon=0.00007978 beh=6.264571 w=0.000 lr=8.085e-04 time=0.174s
[RQ-VAE] epoch=616 loss=0.00030347 recon=0.00007966 beh=6.264693 w=0.000 lr=8.081e-04 time=0.175s
[RQ-VAE] epoch=617 loss=0.00030288 recon=0.00007965 beh=6.264028 w=0.000 lr=8.078e-04 time=0.174s
[RQ-VAE] epoch=618 loss=0.00030384 recon=0.00007972 beh=6.263059 w=0.000 lr=8.075e-04 time=0.175s
[RQ-VAE] epoch=619 loss=0.00030427 recon=0.00007963 beh=6.267939 w=0.000 lr=8.071e-04 time=0.173s
[RQ-VAE] epoch=620 loss=0.00030455 recon=0.00007950 beh=6.264380 w=0.000 lr=8.068e-04 time=0.174s
[RQ-VAE] epoch=621 loss=0.00030442 recon=0.00007958 beh=6.264996 w=0.000 lr=8.064e-04 time=0.269s
[RQ-VAE] epoch=622 loss=0.00030469 recon=0.00007956 beh=6.267018 w=0.000 lr=8.061e-04 time=0.174s
[RQ-VAE] epoch=623 loss=0.00030321 recon=0.00007960 beh=6.265534 w=0.000 lr=8.058e-04 time=0.174s
[RQ-VAE] epoch=624 loss=0.00030450 recon=0.00007961 beh=6.264801 w=0.000 lr=8.054e-04 time=0.174s
[RQ-VAE] epoch=625 loss=0.00030348 recon=0.00007962 beh=6.262964 w=0.000 lr=8.051e-04 time=0.174s
[RQ-VAE] epoch=626 loss=0.00030535 recon=0.00007978 beh=6.267432 w=0.000 lr=8.047e-04 time=0.173s
[RQ-VAE] epoch=627 loss=0.00030527 recon=0.00007983 beh=6.263915 w=0.000 lr=8.044e-04 time=0.174s
[RQ-VAE] epoch=628 loss=0.00030425 recon=0.00007969 beh=6.265272 w=0.000 lr=8.041e-04 time=0.174s
[RQ-VAE] epoch=629 loss=0.00030460 recon=0.00007953 beh=6.267320 w=0.000 lr=8.037e-04 time=0.173s
[RQ-VAE] epoch=630 loss=0.00030430 recon=0.00007948 beh=6.267366 w=0.000 lr=8.034e-04 time=0.174s
[RQ-VAE] epoch=631 loss=0.00030710 recon=0.00007948 beh=6.267498 w=0.000 lr=8.031e-04 time=0.174s
[RQ-VAE] epoch=632 loss=0.00030637 recon=0.00007948 beh=6.265481 w=0.000 lr=8.027e-04 time=0.174s
[RQ-VAE] epoch=633 loss=0.00030416 recon=0.00007933 beh=6.264928 w=0.000 lr=8.024e-04 time=0.175s
[RQ-VAE] epoch=634 loss=0.00030607 recon=0.00007942 beh=6.263640 w=0.000 lr=8.020e-04 time=0.174s
[RQ-VAE] epoch=635 loss=0.00030641 recon=0.00007956 beh=6.264970 w=0.000 lr=8.017e-04 time=0.174s
[RQ-VAE] epoch=636 loss=0.00030482 recon=0.00007941 beh=6.267108 w=0.000 lr=8.014e-04 time=0.27s
[RQ-VAE] epoch=637 loss=0.00030477 recon=0.00007931 beh=6.265846 w=0.000 lr=8.010e-04 time=0.175s
[RQ-VAE] epoch=638 loss=0.00030662 recon=0.00007917 beh=6.263484 w=0.000 lr=8.007e-04 time=0.174s
[RQ-VAE] epoch=639 loss=0.00030493 recon=0.00007925 beh=6.267057 w=0.000 lr=8.003e-04 time=0.175s
[RQ-VAE] epoch=640 loss=0.00030524 recon=0.00007925 beh=6.266014 w=0.000 lr=8.000e-04 time=0.175s
[RQ-VAE] epoch=641 loss=0.00030672 recon=0.00007916 beh=6.267395 w=0.000 lr=7.997e-04 time=0.175s
[RQ-VAE] epoch=642 loss=0.00030501 recon=0.00007919 beh=6.266308 w=0.000 lr=7.993e-04 time=0.174s
[RQ-VAE] epoch=643 loss=0.00030576 recon=0.00007926 beh=6.264620 w=0.000 lr=7.990e-04 time=0.175s
[RQ-VAE] epoch=644 loss=0.00030675 recon=0.00007913 beh=6.265359 w=0.000 lr=7.986e-04 time=0.175s
[RQ-VAE] epoch=645 loss=0.00030585 recon=0.00007903 beh=6.264564 w=0.000 lr=7.983e-04 time=0.175s
[RQ-VAE] epoch=646 loss=0.00030429 recon=0.00007912 beh=6.266208 w=0.000 lr=7.980e-04 time=0.175s
[RQ-VAE] epoch=647 loss=0.00030400 recon=0.00007916 beh=6.264650 w=0.000 lr=7.976e-04 time=0.174s
[RQ-VAE] epoch=648 loss=0.00030451 recon=0.00007910 beh=6.264413 w=0.000 lr=7.973e-04 time=0.174s
[RQ-VAE] epoch=649 loss=0.00030502 recon=0.00007911 beh=6.265408 w=0.000 lr=7.969e-04 time=0.174s
[RQ-VAE] epoch=650 loss=0.00030482 recon=0.00007908 lr=7.966e-04 raw_unique=20429/24587 collision=0.169114 time=0.174s
[RQ-VAE] epoch=651 loss=0.00030358 recon=0.00007902 beh=6.263682 w=0.000 lr=7.963e-04 time=0.175s
[RQ-VAE] epoch=652 loss=0.00030528 recon=0.00007909 beh=6.260102 w=0.000 lr=7.959e-04 time=0.173s
[RQ-VAE] epoch=653 loss=0.00030479 recon=0.00007910 beh=6.267239 w=0.000 lr=7.956e-04 time=0.174s
[RQ-VAE] epoch=654 loss=0.00030482 recon=0.00007897 beh=6.267279 w=0.000 lr=7.953e-04 time=0.174s
[RQ-VAE] epoch=655 loss=0.00030538 recon=0.00007886 beh=6.267828 w=0.000 lr=7.949e-04 time=0.172s
[RQ-VAE] epoch=656 loss=0.00030260 recon=0.00007877 beh=6.265123 w=0.000 lr=7.946e-04 time=0.174s
[RQ-VAE] epoch=657 loss=0.00030385 recon=0.00007867 beh=6.267554 w=0.000 lr=7.942e-04 time=0.175s
[RQ-VAE] epoch=658 loss=0.00030324 recon=0.00007876 beh=6.261142 w=0.000 lr=7.939e-04 time=0.174s
[RQ-VAE] epoch=659 loss=0.00030423 recon=0.00007875 beh=6.264297 w=0.000 lr=7.936e-04 time=0.175s
[RQ-VAE] epoch=660 loss=0.00030525 recon=0.00007894 beh=6.266055 w=0.000 lr=7.932e-04 time=0.173s
[RQ-VAE] epoch=661 loss=0.00030616 recon=0.00007898 beh=6.265914 w=0.000 lr=7.929e-04 time=0.174s
[RQ-VAE] epoch=662 loss=0.00030575 recon=0.00007900 beh=6.263313 w=0.000 lr=7.925e-04 time=0.174s
[RQ-VAE] epoch=663 loss=0.00030666 recon=0.00007909 beh=6.261995 w=0.000 lr=7.922e-04 time=0.178s
[RQ-VAE] epoch=664 loss=0.00030672 recon=0.00007881 beh=6.265520 w=0.000 lr=7.919e-04 time=0.174s
[RQ-VAE] epoch=665 loss=0.00030427 recon=0.00007882 beh=6.265391 w=0.000 lr=7.915e-04 time=0.173s
[RQ-VAE] epoch=666 loss=0.00030373 recon=0.00007894 beh=6.264382 w=0.000 lr=7.912e-04 time=0.173s
[RQ-VAE] epoch=667 loss=0.00030646 recon=0.00007892 beh=6.265546 w=0.000 lr=7.908e-04 time=0.173s
[RQ-VAE] epoch=668 loss=0.00030745 recon=0.00007876 beh=6.267345 w=0.000 lr=7.905e-04 time=0.173s
[RQ-VAE] epoch=669 loss=0.00030611 recon=0.00007882 beh=6.264735 w=0.000 lr=7.902e-04 time=0.173s
[RQ-VAE] epoch=670 loss=0.00030614 recon=0.00007884 beh=6.267846 w=0.000 lr=7.898e-04 time=0.173s
[RQ-VAE] epoch=671 loss=0.00030583 recon=0.00007876 beh=6.265886 w=0.000 lr=7.895e-04 time=0.173s
[RQ-VAE] epoch=672 loss=0.00030681 recon=0.00007862 beh=6.267448 w=0.000 lr=7.892e-04 time=0.173s
[RQ-VAE] epoch=673 loss=0.00030543 recon=0.00007868 beh=6.265540 w=0.000 lr=7.888e-04 time=0.174s
[RQ-VAE] epoch=674 loss=0.00030680 recon=0.00007897 beh=6.265469 w=0.000 lr=7.885e-04 time=0.173s
[RQ-VAE] epoch=675 loss=0.00030750 recon=0.00007865 beh=6.267877 w=0.000 lr=7.881e-04 time=0.173s
[RQ-VAE] epoch=676 loss=0.00030750 recon=0.00007856 beh=6.265751 w=0.000 lr=7.878e-04 time=0.173s
[RQ-VAE] epoch=677 loss=0.00030544 recon=0.00007858 beh=6.266072 w=0.000 lr=7.875e-04 time=0.174s
[RQ-VAE] epoch=678 loss=0.00030691 recon=0.00007869 beh=6.266486 w=0.000 lr=7.871e-04 time=0.173s
[RQ-VAE] epoch=679 loss=0.00030610 recon=0.00007859 beh=6.265552 w=0.000 lr=7.868e-04 time=0.173s
[RQ-VAE] epoch=680 loss=0.00030647 recon=0.00007852 beh=6.264327 w=0.000 lr=7.864e-04 time=0.173s
[RQ-VAE] epoch=681 loss=0.00030610 recon=0.00007858 beh=6.265377 w=0.000 lr=7.861e-04 time=0.173s
[RQ-VAE] epoch=682 loss=0.00030757 recon=0.00007848 beh=6.264455 w=0.000 lr=7.858e-04 time=0.173s
[RQ-VAE] epoch=683 loss=0.00030887 recon=0.00007865 beh=6.265077 w=0.000 lr=7.854e-04 time=0.173s
[RQ-VAE] epoch=684 loss=0.00030748 recon=0.00007865 beh=6.268628 w=0.000 lr=7.851e-04 time=0.173s
[RQ-VAE] epoch=685 loss=0.00030710 recon=0.00007859 beh=6.264039 w=0.000 lr=7.847e-04 time=0.175s
[RQ-VAE] epoch=686 loss=0.00030813 recon=0.00007856 beh=6.263858 w=0.000 lr=7.844e-04 time=0.173s
[RQ-VAE] epoch=687 loss=0.00030690 recon=0.00007843 beh=6.266497 w=0.000 lr=7.841e-04 time=0.173s
[RQ-VAE] epoch=688 loss=0.00030551 recon=0.00007844 beh=6.266933 w=0.000 lr=7.837e-04 time=0.173s
[RQ-VAE] epoch=689 loss=0.00030674 recon=0.00007860 beh=6.267564 w=0.000 lr=7.834e-04 time=0.172s
[RQ-VAE] epoch=690 loss=0.00030685 recon=0.00007842 beh=6.266993 w=0.000 lr=7.831e-04 time=0.173s
[RQ-VAE] epoch=691 loss=0.00030878 recon=0.00007843 beh=6.266128 w=0.000 lr=7.827e-04 time=0.173s
[RQ-VAE] epoch=692 loss=0.00030756 recon=0.00007842 beh=6.267880 w=0.000 lr=7.824e-04 time=0.274s
[RQ-VAE] epoch=693 loss=0.00030927 recon=0.00007840 beh=6.265686 w=0.000 lr=7.820e-04 time=0.173s
[RQ-VAE] epoch=694 loss=0.00030912 recon=0.00007834 beh=6.264998 w=0.000 lr=7.817e-04 time=0.172s
[RQ-VAE] epoch=695 loss=0.00030895 recon=0.00007834 beh=6.269414 w=0.000 lr=7.814e-04 time=0.173s
[RQ-VAE] epoch=696 loss=0.00030927 recon=0.00007849 beh=6.267249 w=0.000 lr=7.810e-04 time=0.174s
[RQ-VAE] epoch=697 loss=0.00030952 recon=0.00007834 beh=6.267610 w=0.000 lr=7.807e-04 time=0.173s
[RQ-VAE] epoch=698 loss=0.00030794 recon=0.00007827 beh=6.263886 w=0.000 lr=7.803e-04 time=0.174s
[RQ-VAE] epoch=699 loss=0.00030771 recon=0.00007838 beh=6.267685 w=0.000 lr=7.800e-04 time=0.174s
[RQ-VAE] epoch=700 loss=0.00030851 recon=0.00007825 lr=7.797e-04 raw_unique=20525/24587 collision=0.165209 time=0.174s
[RQ-VAE] epoch=701 loss=0.00030854 recon=0.00007828 beh=6.267261 w=0.000 lr=7.793e-04 time=0.174s
[RQ-VAE] epoch=702 loss=0.00030666 recon=0.00007820 beh=6.266619 w=0.000 lr=7.790e-04 time=0.175s
[RQ-VAE] epoch=703 loss=0.00030696 recon=0.00007820 beh=6.266973 w=0.000 lr=7.786e-04 time=0.173s
[RQ-VAE] epoch=704 loss=0.00030900 recon=0.00007839 beh=6.267562 w=0.000 lr=7.783e-04 time=0.173s
[RQ-VAE] epoch=705 loss=0.00030738 recon=0.00007825 beh=6.266994 w=0.000 lr=7.780e-04 time=0.172s
[RQ-VAE] epoch=706 loss=0.00030703 recon=0.00007807 beh=6.268817 w=0.000 lr=7.776e-04 time=0.173s
[RQ-VAE] epoch=707 loss=0.00030667 recon=0.00007817 beh=6.262754 w=0.000 lr=7.773e-04 time=0.174s
[RQ-VAE] epoch=708 loss=0.00030726 recon=0.00007811 beh=6.267866 w=0.000 lr=7.769e-04 time=0.174s
[RQ-VAE] epoch=709 loss=0.00030544 recon=0.00007807 beh=6.268502 w=0.000 lr=7.766e-04 time=0.174s
[RQ-VAE] epoch=710 loss=0.00030711 recon=0.00007817 beh=6.263186 w=0.000 lr=7.763e-04 time=0.173s
[RQ-VAE] epoch=711 loss=0.00030872 recon=0.00007813 beh=6.263375 w=0.000 lr=7.759e-04 time=0.173s
[RQ-VAE] epoch=712 loss=0.00030962 recon=0.00007807 beh=6.266454 w=0.000 lr=7.756e-04 time=0.172s
[RQ-VAE] epoch=713 loss=0.00030712 recon=0.00007787 beh=6.265075 w=0.000 lr=7.753e-04 time=0.173s
[RQ-VAE] epoch=714 loss=0.00030719 recon=0.00007779 beh=6.266607 w=0.000 lr=7.749e-04 time=0.174s
[RQ-VAE] epoch=715 loss=0.00030767 recon=0.00007794 beh=6.268591 w=0.000 lr=7.746e-04 time=0.175s
[RQ-VAE] epoch=716 loss=0.00030848 recon=0.00007789 beh=6.266487 w=0.000 lr=7.742e-04 time=0.175s
[RQ-VAE] epoch=717 loss=0.00030657 recon=0.00007784 beh=6.265672 w=0.000 lr=7.739e-04 time=0.173s
[RQ-VAE] epoch=718 loss=0.00030629 recon=0.00007799 beh=6.265984 w=0.000 lr=7.736e-04 time=0.173s
[RQ-VAE] epoch=719 loss=0.00030767 recon=0.00007781 beh=6.264394 w=0.000 lr=7.732e-04 time=0.173s
[RQ-VAE] epoch=720 loss=0.00030746 recon=0.00007800 beh=6.263883 w=0.000 lr=7.729e-04 time=0.173s
[RQ-VAE] epoch=721 loss=0.00030621 recon=0.00007798 beh=6.266675 w=0.000 lr=7.725e-04 time=0.267s
[RQ-VAE] epoch=722 loss=0.00030705 recon=0.00007793 beh=6.265097 w=0.000 lr=7.722e-04 time=0.174s
[RQ-VAE] epoch=723 loss=0.00030647 recon=0.00007806 beh=6.265011 w=0.000 lr=7.719e-04 time=0.172s
[RQ-VAE] epoch=724 loss=0.00030709 recon=0.00007793 beh=6.265647 w=0.000 lr=7.715e-04 time=0.173s
[RQ-VAE] epoch=725 loss=0.00030627 recon=0.00007776 beh=6.269260 w=0.000 lr=7.712e-04 time=0.174s
[RQ-VAE] epoch=726 loss=0.00030749 recon=0.00007768 beh=6.269078 w=0.000 lr=7.708e-04 time=0.174s
[RQ-VAE] epoch=727 loss=0.00030847 recon=0.00007783 beh=6.266759 w=0.000 lr=7.705e-04 time=0.174s
[RQ-VAE] epoch=728 loss=0.00030591 recon=0.00007780 beh=6.265746 w=0.000 lr=7.702e-04 time=0.174s
[RQ-VAE] epoch=729 loss=0.00030765 recon=0.00007782 beh=6.263942 w=0.000 lr=7.698e-04 time=0.174s
[RQ-VAE] epoch=730 loss=0.00030903 recon=0.00007786 beh=6.265262 w=0.000 lr=7.695e-04 time=0.174s
[RQ-VAE] epoch=731 loss=0.00030767 recon=0.00007779 beh=6.265928 w=0.000 lr=7.692e-04 time=0.174s
[RQ-VAE] epoch=732 loss=0.00030703 recon=0.00007771 beh=6.266737 w=0.000 lr=7.688e-04 time=0.174s
[RQ-VAE] epoch=733 loss=0.00030702 recon=0.00007786 beh=6.262098 w=0.000 lr=7.685e-04 time=0.173s
[RQ-VAE] epoch=734 loss=0.00030914 recon=0.00007769 beh=6.263698 w=0.000 lr=7.681e-04 time=0.174s
[RQ-VAE] epoch=735 loss=0.00030630 recon=0.00007764 beh=6.264479 w=0.000 lr=7.678e-04 time=0.174s
[RQ-VAE] epoch=736 loss=0.00030640 recon=0.00007756 beh=6.263148 w=0.000 lr=7.675e-04 time=0.173s
[RQ-VAE] epoch=737 loss=0.00030702 recon=0.00007763 beh=6.264034 w=0.000 lr=7.671e-04 time=0.173s
[RQ-VAE] epoch=738 loss=0.00030744 recon=0.00007760 beh=6.265145 w=0.000 lr=7.668e-04 time=0.175s
[RQ-VAE] epoch=739 loss=0.00030874 recon=0.00007768 beh=6.263609 w=0.000 lr=7.664e-04 time=0.174s
[RQ-VAE] epoch=740 loss=0.00030747 recon=0.00007750 beh=6.265187 w=0.000 lr=7.661e-04 time=0.173s
[RQ-VAE] epoch=741 loss=0.00030767 recon=0.00007758 beh=6.266819 w=0.000 lr=7.658e-04 time=0.268s
[RQ-VAE] epoch=742 loss=0.00030877 recon=0.00007771 beh=6.268319 w=0.000 lr=7.654e-04 time=0.173s
[RQ-VAE] epoch=743 loss=0.00030871 recon=0.00007767 beh=6.266949 w=0.000 lr=7.651e-04 time=0.173s
[RQ-VAE] epoch=744 loss=0.00030823 recon=0.00007747 beh=6.265063 w=0.000 lr=7.647e-04 time=0.173s
[RQ-VAE] epoch=745 loss=0.00030827 recon=0.00007759 beh=6.265782 w=0.000 lr=7.644e-04 time=0.174s
[RQ-VAE] epoch=746 loss=0.00030694 recon=0.00007747 beh=6.264077 w=0.000 lr=7.641e-04 time=0.174s
[RQ-VAE] epoch=747 loss=0.00030806 recon=0.00007744 beh=6.266850 w=0.000 lr=7.637e-04 time=0.174s
[RQ-VAE] epoch=748 loss=0.00030963 recon=0.00007756 beh=6.264667 w=0.000 lr=7.634e-04 time=0.175s
[RQ-VAE] epoch=749 loss=0.00030935 recon=0.00007750 beh=6.265595 w=0.000 lr=7.631e-04 time=0.174s
[RQ-VAE] epoch=750 loss=0.00030927 recon=0.00007752 lr=7.627e-04 raw_unique=20474/24587 collision=0.167284 time=0.173s
[RQ-VAE] epoch=751 loss=0.00031065 recon=0.00007753 beh=6.267379 w=0.000 lr=7.624e-04 time=0.174s
[RQ-VAE] epoch=752 loss=0.00031106 recon=0.00007746 beh=6.265534 w=0.000 lr=7.620e-04 time=0.174s
[RQ-VAE] epoch=753 loss=0.00030976 recon=0.00007765 beh=6.263956 w=0.000 lr=7.617e-04 time=0.174s
[RQ-VAE] epoch=754 loss=0.00030912 recon=0.00007739 beh=6.267049 w=0.000 lr=7.614e-04 time=0.173s
[RQ-VAE] epoch=755 loss=0.00030973 recon=0.00007736 beh=6.265334 w=0.000 lr=7.610e-04 time=0.173s
[RQ-VAE] epoch=756 loss=0.00030923 recon=0.00007734 beh=6.264304 w=0.000 lr=7.607e-04 time=0.267s
[RQ-VAE] epoch=757 loss=0.00030927 recon=0.00007740 beh=6.268408 w=0.000 lr=7.603e-04 time=0.173s
[RQ-VAE] epoch=758 loss=0.00031197 recon=0.00007746 beh=6.264898 w=0.000 lr=7.600e-04 time=0.174s
[RQ-VAE] epoch=759 loss=0.00031097 recon=0.00007739 beh=6.265627 w=0.000 lr=7.597e-04 time=0.173s
[RQ-VAE] epoch=760 loss=0.00031214 recon=0.00007720 beh=6.267522 w=0.000 lr=7.593e-04 time=0.173s
[RQ-VAE] epoch=761 loss=0.00031185 recon=0.00007736 beh=6.267617 w=0.000 lr=7.590e-04 time=0.173s
[RQ-VAE] epoch=762 loss=0.00031050 recon=0.00007723 beh=6.264118 w=0.000 lr=7.586e-04 time=0.173s
[RQ-VAE] epoch=763 loss=0.00031075 recon=0.00007713 beh=6.269071 w=0.000 lr=7.583e-04 time=0.174s
[RQ-VAE] epoch=764 loss=0.00031023 recon=0.00007726 beh=6.263333 w=0.000 lr=7.580e-04 time=0.174s
[RQ-VAE] epoch=765 loss=0.00031025 recon=0.00007731 beh=6.266547 w=0.000 lr=7.576e-04 time=0.173s
[RQ-VAE] epoch=766 loss=0.00031093 recon=0.00007717 beh=6.267046 w=0.000 lr=7.573e-04 time=0.173s
[RQ-VAE] epoch=767 loss=0.00031177 recon=0.00007736 beh=6.263753 w=0.000 lr=7.569e-04 time=0.173s
[RQ-VAE] epoch=768 loss=0.00031099 recon=0.00007724 beh=6.269790 w=0.000 lr=7.566e-04 time=0.174s
[RQ-VAE] epoch=769 loss=0.00031379 recon=0.00007730 beh=6.267664 w=0.000 lr=7.563e-04 time=0.172s
[RQ-VAE] epoch=770 loss=0.00031045 recon=0.00007717 beh=6.266761 w=0.000 lr=7.559e-04 time=0.173s
[RQ-VAE] epoch=771 loss=0.00031095 recon=0.00007724 beh=6.265823 w=0.000 lr=7.556e-04 time=0.174s
[RQ-VAE] epoch=772 loss=0.00031340 recon=0.00007728 beh=6.264618 w=0.000 lr=7.553e-04 time=0.174s
[RQ-VAE] epoch=773 loss=0.00031196 recon=0.00007735 beh=6.262780 w=0.000 lr=7.549e-04 time=0.174s
[RQ-VAE] epoch=774 loss=0.00031213 recon=0.00007732 beh=6.262723 w=0.000 lr=7.546e-04 time=0.173s
[RQ-VAE] epoch=775 loss=0.00031288 recon=0.00007753 beh=6.266600 w=0.000 lr=7.542e-04 time=0.173s
[RQ-VAE] epoch=776 loss=0.00031123 recon=0.00007743 beh=6.265883 w=0.000 lr=7.539e-04 time=0.173s
[RQ-VAE] epoch=777 loss=0.00031242 recon=0.00007741 beh=6.270029 w=0.000 lr=7.536e-04 time=0.174s
[RQ-VAE] epoch=778 loss=0.00031242 recon=0.00007734 beh=6.267296 w=0.000 lr=7.532e-04 time=0.174s
[RQ-VAE] epoch=779 loss=0.00031255 recon=0.00007722 beh=6.270452 w=0.000 lr=7.529e-04 time=0.176s
[RQ-VAE] epoch=780 loss=0.00031266 recon=0.00007723 beh=6.265878 w=0.000 lr=7.525e-04 time=0.174s
[RQ-VAE] epoch=781 loss=0.00031159 recon=0.00007720 beh=6.266206 w=0.000 lr=7.522e-04 time=0.174s
[RQ-VAE] epoch=782 loss=0.00031126 recon=0.00007719 beh=6.265341 w=0.000 lr=7.519e-04 time=0.173s
[RQ-VAE] epoch=783 loss=0.00031430 recon=0.00007716 beh=6.266743 w=0.000 lr=7.515e-04 time=0.172s
[RQ-VAE] epoch=784 loss=0.00031394 recon=0.00007729 beh=6.267112 w=0.000 lr=7.512e-04 time=0.174s
[RQ-VAE] epoch=785 loss=0.00031197 recon=0.00007718 beh=6.264876 w=0.000 lr=7.508e-04 time=0.174s
[RQ-VAE] epoch=786 loss=0.00031219 recon=0.00007725 beh=6.265903 w=0.000 lr=7.505e-04 time=0.175s
[RQ-VAE] epoch=787 loss=0.00031235 recon=0.00007711 beh=6.264330 w=0.000 lr=7.502e-04 time=0.173s
[RQ-VAE] epoch=788 loss=0.00031361 recon=0.00007725 beh=6.269505 w=0.000 lr=7.498e-04 time=0.173s
[RQ-VAE] epoch=789 loss=0.00031237 recon=0.00007709 beh=6.266473 w=0.000 lr=7.495e-04 time=0.174s
[RQ-VAE] epoch=790 loss=0.00031320 recon=0.00007702 beh=6.266201 w=0.000 lr=7.492e-04 time=0.174s
[RQ-VAE] epoch=791 loss=0.00031203 recon=0.00007691 beh=6.267378 w=0.000 lr=7.488e-04 time=0.175s
[RQ-VAE] epoch=792 loss=0.00031184 recon=0.00007696 beh=6.267760 w=0.000 lr=7.485e-04 time=0.175s
[RQ-VAE] epoch=793 loss=0.00031306 recon=0.00007684 beh=6.266707 w=0.000 lr=7.481e-04 time=0.174s
[RQ-VAE] epoch=794 loss=0.00031193 recon=0.00007688 beh=6.268922 w=0.000 lr=7.478e-04 time=0.174s
[RQ-VAE] epoch=795 loss=0.00031166 recon=0.00007724 beh=6.265976 w=0.000 lr=7.475e-04 time=0.175s
[RQ-VAE] epoch=796 loss=0.00031347 recon=0.00007704 beh=6.267236 w=0.000 lr=7.471e-04 time=0.175s
[RQ-VAE] epoch=797 loss=0.00031246 recon=0.00007696 beh=6.267693 w=0.000 lr=7.468e-04 time=0.176s
[RQ-VAE] epoch=798 loss=0.00031529 recon=0.00007717 beh=6.268142 w=0.000 lr=7.464e-04 time=0.175s
[RQ-VAE] epoch=799 loss=0.00031300 recon=0.00007716 beh=6.269752 w=0.000 lr=7.461e-04 time=0.174s
[RQ-VAE] epoch=800 loss=0.00031259 recon=0.00007698 lr=7.458e-04 raw_unique=20390/24587 collision=0.170700 time=0.175s
[RQ-VAE] epoch=801 loss=0.00031343 recon=0.00007707 beh=6.266248 w=0.000 lr=7.454e-04 time=0.174s
[RQ-VAE] epoch=802 loss=0.00031197 recon=0.00007707 beh=6.265772 w=0.000 lr=7.451e-04 time=0.174s
[RQ-VAE] epoch=803 loss=0.00031311 recon=0.00007683 beh=6.267605 w=0.000 lr=7.447e-04 time=0.174s
[RQ-VAE] epoch=804 loss=0.00031521 recon=0.00007698 beh=6.267733 w=0.000 lr=7.444e-04 time=0.174s
[RQ-VAE] epoch=805 loss=0.00031302 recon=0.00007700 beh=6.265535 w=0.000 lr=7.441e-04 time=0.175s
[RQ-VAE] epoch=806 loss=0.00031078 recon=0.00007691 beh=6.269155 w=0.000 lr=7.437e-04 time=0.175s
[RQ-VAE] epoch=807 loss=0.00031136 recon=0.00007692 beh=6.265743 w=0.000 lr=7.434e-04 time=0.175s
[RQ-VAE] epoch=808 loss=0.00031135 recon=0.00007696 beh=6.264240 w=0.000 lr=7.431e-04 time=0.174s
[RQ-VAE] epoch=809 loss=0.00031103 recon=0.00007679 beh=6.267160 w=0.000 lr=7.427e-04 time=0.175s
[RQ-VAE] epoch=810 loss=0.00031063 recon=0.00007709 beh=6.266940 w=0.000 lr=7.424e-04 time=0.18s
[RQ-VAE] epoch=811 loss=0.00031111 recon=0.00007698 beh=6.265570 w=0.000 lr=7.420e-04 time=0.175s
[RQ-VAE] epoch=812 loss=0.00031277 recon=0.00007694 beh=6.266393 w=0.000 lr=7.417e-04 time=0.174s
[RQ-VAE] epoch=813 loss=0.00031278 recon=0.00007699 beh=6.266486 w=0.000 lr=7.414e-04 time=0.273s
[RQ-VAE] epoch=814 loss=0.00031281 recon=0.00007698 beh=6.264148 w=0.000 lr=7.410e-04 time=0.174s
[RQ-VAE] epoch=815 loss=0.00031224 recon=0.00007701 beh=6.267537 w=0.000 lr=7.407e-04 time=0.175s
[RQ-VAE] epoch=816 loss=0.00031276 recon=0.00007683 beh=6.266699 w=0.000 lr=7.403e-04 time=0.177s
[RQ-VAE] epoch=817 loss=0.00031303 recon=0.00007702 beh=6.265291 w=0.000 lr=7.400e-04 time=0.174s
[RQ-VAE] epoch=818 loss=0.00031285 recon=0.00007691 beh=6.266811 w=0.000 lr=7.397e-04 time=0.175s
[RQ-VAE] epoch=819 loss=0.00031431 recon=0.00007694 beh=6.268711 w=0.000 lr=7.393e-04 time=0.173s
[RQ-VAE] epoch=820 loss=0.00031461 recon=0.00007695 beh=6.266274 w=0.000 lr=7.390e-04 time=0.174s
[RQ-VAE] epoch=821 loss=0.00031393 recon=0.00007680 beh=6.269228 w=0.000 lr=7.386e-04 time=0.174s
[RQ-VAE] epoch=822 loss=0.00031339 recon=0.00007650 beh=6.266138 w=0.000 lr=7.383e-04 time=0.173s
[RQ-VAE] epoch=823 loss=0.00031313 recon=0.00007660 beh=6.266698 w=0.000 lr=7.380e-04 time=0.174s
[RQ-VAE] epoch=824 loss=0.00031382 recon=0.00007658 beh=6.264991 w=0.000 lr=7.376e-04 time=0.175s
[RQ-VAE] epoch=825 loss=0.00031452 recon=0.00007654 beh=6.266523 w=0.000 lr=7.373e-04 time=0.176s
[RQ-VAE] epoch=826 loss=0.00031309 recon=0.00007692 beh=6.271930 w=0.000 lr=7.369e-04 time=0.175s
[RQ-VAE] epoch=827 loss=0.00031458 recon=0.00007666 beh=6.267262 w=0.000 lr=7.366e-04 time=0.177s
[RQ-VAE] epoch=828 loss=0.00031543 recon=0.00007672 beh=6.265693 w=0.000 lr=7.363e-04 time=0.178s
[RQ-VAE] epoch=829 loss=0.00031603 recon=0.00007679 beh=6.266347 w=0.000 lr=7.359e-04 time=0.177s
[RQ-VAE] epoch=830 loss=0.00031508 recon=0.00007651 beh=6.265696 w=0.000 lr=7.356e-04 time=0.175s
[RQ-VAE] epoch=831 loss=0.00031334 recon=0.00007650 beh=6.267401 w=0.000 lr=7.353e-04 time=0.174s
[RQ-VAE] epoch=832 loss=0.00031349 recon=0.00007644 beh=6.268086 w=0.000 lr=7.349e-04 time=0.175s
[RQ-VAE] epoch=833 loss=0.00031667 recon=0.00007659 beh=6.268857 w=0.000 lr=7.346e-04 time=0.174s
[RQ-VAE] epoch=834 loss=0.00031565 recon=0.00007676 beh=6.267235 w=0.000 lr=7.342e-04 time=0.175s
[RQ-VAE] epoch=835 loss=0.00031498 recon=0.00007657 beh=6.267592 w=0.000 lr=7.339e-04 time=0.174s
[RQ-VAE] epoch=836 loss=0.00031372 recon=0.00007651 beh=6.265007 w=0.000 lr=7.336e-04 time=0.174s
[RQ-VAE] epoch=837 loss=0.00031398 recon=0.00007665 beh=6.267789 w=0.000 lr=7.332e-04 time=0.173s
[RQ-VAE] epoch=838 loss=0.00031375 recon=0.00007666 beh=6.264902 w=0.000 lr=7.329e-04 time=0.175s
[RQ-VAE] epoch=839 loss=0.00031369 recon=0.00007634 beh=6.267539 w=0.000 lr=7.325e-04 time=0.173s
[RQ-VAE] epoch=840 loss=0.00031481 recon=0.00007656 beh=6.267389 w=0.000 lr=7.322e-04 time=0.174s
[RQ-VAE] epoch=841 loss=0.00031514 recon=0.00007653 beh=6.267310 w=0.000 lr=7.319e-04 time=0.175s
[RQ-VAE] epoch=842 loss=0.00031378 recon=0.00007663 beh=6.268231 w=0.000 lr=7.315e-04 time=0.277s
[RQ-VAE] epoch=843 loss=0.00031502 recon=0.00007652 beh=6.268283 w=0.000 lr=7.312e-04 time=0.175s
[RQ-VAE] epoch=844 loss=0.00031442 recon=0.00007659 beh=6.266004 w=0.000 lr=7.308e-04 time=0.175s
[RQ-VAE] epoch=845 loss=0.00031339 recon=0.00007645 beh=6.266216 w=0.000 lr=7.305e-04 time=0.173s
[RQ-VAE] epoch=846 loss=0.00031482 recon=0.00007640 beh=6.267720 w=0.000 lr=7.302e-04 time=0.174s
[RQ-VAE] epoch=847 loss=0.00031436 recon=0.00007645 beh=6.265997 w=0.000 lr=7.298e-04 time=0.174s
[RQ-VAE] epoch=848 loss=0.00031384 recon=0.00007654 beh=6.266424 w=0.000 lr=7.295e-04 time=0.175s
[RQ-VAE] epoch=849 loss=0.00031342 recon=0.00007626 beh=6.269589 w=0.000 lr=7.292e-04 time=0.174s
[RQ-VAE] epoch=850 loss=0.00031403 recon=0.00007642 lr=7.288e-04 raw_unique=20364/24587 collision=0.171757 time=0.174s
[RQ-VAE] epoch=851 loss=0.00031442 recon=0.00007651 beh=6.267041 w=0.000 lr=7.285e-04 time=0.174s
[RQ-VAE] epoch=852 loss=0.00031461 recon=0.00007656 beh=6.266888 w=0.000 lr=7.281e-04 time=0.175s
[RQ-VAE] epoch=853 loss=0.00031430 recon=0.00007630 beh=6.270331 w=0.000 lr=7.278e-04 time=0.174s
[RQ-VAE] epoch=854 loss=0.00031506 recon=0.00007631 beh=6.266491 w=0.000 lr=7.275e-04 time=0.173s
[RQ-VAE] epoch=855 loss=0.00031404 recon=0.00007635 beh=6.268333 w=0.000 lr=7.271e-04 time=0.174s
[RQ-VAE] epoch=856 loss=0.00031397 recon=0.00007641 beh=6.267498 w=0.000 lr=7.268e-04 time=0.174s
[RQ-VAE] epoch=857 loss=0.00031315 recon=0.00007637 beh=6.267540 w=0.000 lr=7.264e-04 time=0.174s
[RQ-VAE] epoch=858 loss=0.00031452 recon=0.00007635 beh=6.265955 w=0.000 lr=7.261e-04 time=0.174s
[RQ-VAE] epoch=859 loss=0.00031452 recon=0.00007643 beh=6.266993 w=0.000 lr=7.258e-04 time=0.174s
[RQ-VAE] epoch=860 loss=0.00031487 recon=0.00007624 beh=6.266021 w=0.000 lr=7.254e-04 time=0.174s
[RQ-VAE] epoch=861 loss=0.00031632 recon=0.00007630 beh=6.266476 w=0.000 lr=7.251e-04 time=0.27s
[RQ-VAE] epoch=862 loss=0.00031486 recon=0.00007602 beh=6.263803 w=0.000 lr=7.247e-04 time=0.173s
[RQ-VAE] epoch=863 loss=0.00031518 recon=0.00007603 beh=6.268499 w=0.000 lr=7.244e-04 time=0.173s
[RQ-VAE] epoch=864 loss=0.00031356 recon=0.00007600 beh=6.265682 w=0.000 lr=7.241e-04 time=0.174s
[RQ-VAE] epoch=865 loss=0.00031360 recon=0.00007616 beh=6.267399 w=0.000 lr=7.237e-04 time=0.174s
[RQ-VAE] epoch=866 loss=0.00031410 recon=0.00007603 beh=6.266839 w=0.000 lr=7.234e-04 time=0.173s
[RQ-VAE] epoch=867 loss=0.00031413 recon=0.00007610 beh=6.268647 w=0.000 lr=7.231e-04 time=0.173s
[RQ-VAE] epoch=868 loss=0.00031506 recon=0.00007621 beh=6.267941 w=0.000 lr=7.227e-04 time=0.176s
[RQ-VAE] epoch=869 loss=0.00031622 recon=0.00007618 beh=6.262420 w=0.000 lr=7.224e-04 time=0.174s
[RQ-VAE] epoch=870 loss=0.00031592 recon=0.00007618 beh=6.267578 w=0.000 lr=7.220e-04 time=0.174s
[RQ-VAE] epoch=871 loss=0.00031513 recon=0.00007615 beh=6.266985 w=0.000 lr=7.217e-04 time=0.172s
[RQ-VAE] epoch=872 loss=0.00031409 recon=0.00007596 beh=6.265470 w=0.000 lr=7.214e-04 time=0.173s
[RQ-VAE] epoch=873 loss=0.00031377 recon=0.00007598 beh=6.266895 w=0.000 lr=7.210e-04 time=0.173s
[RQ-VAE] epoch=874 loss=0.00031435 recon=0.00007603 beh=6.264825 w=0.000 lr=7.207e-04 time=0.173s
[RQ-VAE] epoch=875 loss=0.00031343 recon=0.00007604 beh=6.265946 w=0.000 lr=7.203e-04 time=0.173s
[RQ-VAE] epoch=876 loss=0.00031406 recon=0.00007599 beh=6.266718 w=0.000 lr=7.200e-04 time=0.271s
[RQ-VAE] epoch=877 loss=0.00031444 recon=0.00007602 beh=6.267454 w=0.000 lr=7.197e-04 time=0.172s
[RQ-VAE] epoch=878 loss=0.00031565 recon=0.00007591 beh=6.264976 w=0.000 lr=7.193e-04 time=0.172s
[RQ-VAE] epoch=879 loss=0.00031392 recon=0.00007609 beh=6.267917 w=0.000 lr=7.190e-04 time=0.173s
[RQ-VAE] epoch=880 loss=0.00031499 recon=0.00007577 beh=6.268553 w=0.000 lr=7.186e-04 time=0.171s
[RQ-VAE] epoch=881 loss=0.00031321 recon=0.00007584 beh=6.267969 w=0.000 lr=7.183e-04 time=0.171s
[RQ-VAE] epoch=882 loss=0.00031413 recon=0.00007579 beh=6.268259 w=0.000 lr=7.180e-04 time=0.171s
[RQ-VAE] epoch=883 loss=0.00031552 recon=0.00007602 beh=6.268276 w=0.000 lr=7.176e-04 time=0.173s
[RQ-VAE] epoch=884 loss=0.00031651 recon=0.00007583 beh=6.264059 w=0.000 lr=7.173e-04 time=0.172s
[RQ-VAE] epoch=885 loss=0.00031541 recon=0.00007579 beh=6.267809 w=0.000 lr=7.169e-04 time=0.172s
[RQ-VAE] epoch=886 loss=0.00031431 recon=0.00007577 beh=6.263732 w=0.000 lr=7.166e-04 time=0.171s
[RQ-VAE] epoch=887 loss=0.00031560 recon=0.00007588 beh=6.265884 w=0.000 lr=7.163e-04 time=0.172s
[RQ-VAE] epoch=888 loss=0.00031641 recon=0.00007584 beh=6.267510 w=0.000 lr=7.159e-04 time=0.173s
[RQ-VAE] epoch=889 loss=0.00031436 recon=0.00007579 beh=6.266024 w=0.000 lr=7.156e-04 time=0.172s
[RQ-VAE] epoch=890 loss=0.00031422 recon=0.00007581 beh=6.263402 w=0.000 lr=7.153e-04 time=0.172s
[RQ-VAE] epoch=891 loss=0.00031440 recon=0.00007578 beh=6.267421 w=0.000 lr=7.149e-04 time=0.173s
[RQ-VAE] epoch=892 loss=0.00031620 recon=0.00007577 beh=6.265825 w=0.000 lr=7.146e-04 time=0.172s
[RQ-VAE] epoch=893 loss=0.00031456 recon=0.00007588 beh=6.266591 w=0.000 lr=7.142e-04 time=0.172s
[RQ-VAE] epoch=894 loss=0.00031411 recon=0.00007588 beh=6.268286 w=0.000 lr=7.139e-04 time=0.172s
[RQ-VAE] epoch=895 loss=0.00031543 recon=0.00007574 beh=6.267206 w=0.000 lr=7.136e-04 time=0.172s
[RQ-VAE] epoch=896 loss=0.00031401 recon=0.00007569 beh=6.267295 w=0.000 lr=7.132e-04 time=0.172s
[RQ-VAE] epoch=897 loss=0.00031336 recon=0.00007565 beh=6.265794 w=0.000 lr=7.129e-04 time=0.173s
[RQ-VAE] epoch=898 loss=0.00031306 recon=0.00007561 beh=6.269234 w=0.000 lr=7.125e-04 time=0.172s
[RQ-VAE] epoch=899 loss=0.00031389 recon=0.00007556 beh=6.268414 w=0.000 lr=7.122e-04 time=0.173s
[RQ-VAE] epoch=900 loss=0.00031318 recon=0.00007561 lr=7.119e-04 raw_unique=20302/24587 collision=0.174279 time=0.172s
[RQ-VAE] epoch=901 loss=0.00031278 recon=0.00007565 beh=6.265402 w=0.000 lr=7.115e-04 time=0.174s
[RQ-VAE] epoch=902 loss=0.00031232 recon=0.00007552 beh=6.268572 w=0.000 lr=7.112e-04 time=0.172s
[RQ-VAE] epoch=903 loss=0.00031433 recon=0.00007562 beh=6.263714 w=0.000 lr=7.108e-04 time=0.172s
[RQ-VAE] epoch=904 loss=0.00031490 recon=0.00007556 beh=6.268034 w=0.000 lr=7.105e-04 time=0.172s
[RQ-VAE] epoch=905 loss=0.00031367 recon=0.00007574 beh=6.266525 w=0.000 lr=7.102e-04 time=0.171s
[RQ-VAE] epoch=906 loss=0.00031572 recon=0.00007600 beh=6.265469 w=0.000 lr=7.098e-04 time=0.172s
[RQ-VAE] epoch=907 loss=0.00031489 recon=0.00007570 beh=6.268686 w=0.000 lr=7.095e-04 time=0.173s
[RQ-VAE] epoch=908 loss=0.00031507 recon=0.00007574 beh=6.263285 w=0.000 lr=7.092e-04 time=0.172s
[RQ-VAE] epoch=909 loss=0.00031384 recon=0.00007570 beh=6.269052 w=0.000 lr=7.088e-04 time=0.173s
[RQ-VAE] epoch=910 loss=0.00031393 recon=0.00007568 beh=6.267621 w=0.000 lr=7.085e-04 time=0.172s
[RQ-VAE] epoch=911 loss=0.00031530 recon=0.00007569 beh=6.264832 w=0.000 lr=7.081e-04 time=0.172s
[RQ-VAE] epoch=912 loss=0.00031519 recon=0.00007565 beh=6.267030 w=0.000 lr=7.078e-04 time=0.171s
[RQ-VAE] epoch=913 loss=0.00031376 recon=0.00007556 beh=6.263802 w=0.000 lr=7.075e-04 time=0.173s
[RQ-VAE] epoch=914 loss=0.00031498 recon=0.00007573 beh=6.263214 w=0.000 lr=7.071e-04 time=0.172s
[RQ-VAE] epoch=915 loss=0.00031611 recon=0.00007566 beh=6.269395 w=0.000 lr=7.068e-04 time=0.173s
[RQ-VAE] epoch=916 loss=0.00031536 recon=0.00007572 beh=6.265382 w=0.000 lr=7.064e-04 time=0.172s
[RQ-VAE] epoch=917 loss=0.00031576 recon=0.00007560 beh=6.270517 w=0.000 lr=7.061e-04 time=0.173s
[RQ-VAE] epoch=918 loss=0.00031500 recon=0.00007549 beh=6.264646 w=0.000 lr=7.058e-04 time=0.172s
[RQ-VAE] epoch=919 loss=0.00031477 recon=0.00007557 beh=6.269167 w=0.000 lr=7.054e-04 time=0.172s
[RQ-VAE] epoch=920 loss=0.00031442 recon=0.00007555 beh=6.267618 w=0.000 lr=7.051e-04 time=0.173s
[RQ-VAE] epoch=921 loss=0.00031317 recon=0.00007559 beh=6.266096 w=0.000 lr=7.047e-04 time=0.172s
[RQ-VAE] epoch=922 loss=0.00031636 recon=0.00007551 beh=6.268788 w=0.000 lr=7.044e-04 time=0.173s
[RQ-VAE] epoch=923 loss=0.00031615 recon=0.00007558 beh=6.263423 w=0.000 lr=7.041e-04 time=0.172s
[RQ-VAE] epoch=924 loss=0.00031640 recon=0.00007571 beh=6.268025 w=0.000 lr=7.037e-04 time=0.173s
[RQ-VAE] epoch=925 loss=0.00031572 recon=0.00007555 beh=6.266840 w=0.000 lr=7.034e-04 time=0.172s
[RQ-VAE] epoch=926 loss=0.00031639 recon=0.00007565 beh=6.268538 w=0.000 lr=7.031e-04 time=0.172s
[RQ-VAE] epoch=927 loss=0.00031765 recon=0.00007563 beh=6.268365 w=0.000 lr=7.027e-04 time=0.172s
[RQ-VAE] epoch=928 loss=0.00031681 recon=0.00007558 beh=6.267817 w=0.000 lr=7.024e-04 time=0.171s
[RQ-VAE] epoch=929 loss=0.00031757 recon=0.00007559 beh=6.267915 w=0.000 lr=7.020e-04 time=0.174s
[RQ-VAE] epoch=930 loss=0.00031592 recon=0.00007565 beh=6.271014 w=0.000 lr=7.017e-04 time=0.172s
[RQ-VAE] epoch=931 loss=0.00031886 recon=0.00007554 beh=6.266697 w=0.000 lr=7.014e-04 time=0.172s
[RQ-VAE] epoch=932 loss=0.00031720 recon=0.00007530 beh=6.272079 w=0.000 lr=7.010e-04 time=0.173s
[RQ-VAE] epoch=933 loss=0.00031642 recon=0.00007543 beh=6.268470 w=0.000 lr=7.007e-04 time=0.267s
[RQ-VAE] epoch=934 loss=0.00031560 recon=0.00007537 beh=6.264890 w=0.000 lr=7.003e-04 time=0.173s
[RQ-VAE] epoch=935 loss=0.00031826 recon=0.00007562 beh=6.264931 w=0.000 lr=7.000e-04 time=0.172s
[RQ-VAE] epoch=936 loss=0.00031988 recon=0.00007535 beh=6.268983 w=0.000 lr=6.997e-04 time=0.173s
[RQ-VAE] epoch=937 loss=0.00031845 recon=0.00007543 beh=6.265593 w=0.000 lr=6.993e-04 time=0.173s
[RQ-VAE] epoch=938 loss=0.00031683 recon=0.00007537 beh=6.269042 w=0.000 lr=6.990e-04 time=0.172s
[RQ-VAE] epoch=939 loss=0.00031692 recon=0.00007551 beh=6.267714 w=0.000 lr=6.986e-04 time=0.172s
[RQ-VAE] epoch=940 loss=0.00031678 recon=0.00007542 beh=6.266063 w=0.000 lr=6.983e-04 time=0.171s
[RQ-VAE] epoch=941 loss=0.00031430 recon=0.00007542 beh=6.268389 w=0.000 lr=6.980e-04 time=0.172s
[RQ-VAE] epoch=942 loss=0.00031489 recon=0.00007527 beh=6.264114 w=0.000 lr=6.976e-04 time=0.172s
[RQ-VAE] epoch=943 loss=0.00031532 recon=0.00007545 beh=6.269221 w=0.000 lr=6.973e-04 time=0.175s
[RQ-VAE] epoch=944 loss=0.00031584 recon=0.00007547 beh=6.270041 w=0.000 lr=6.969e-04 time=0.172s
[RQ-VAE] epoch=945 loss=0.00031558 recon=0.00007547 beh=6.269105 w=0.000 lr=6.966e-04 time=0.173s
[RQ-VAE] epoch=946 loss=0.00031564 recon=0.00007529 beh=6.266135 w=0.000 lr=6.963e-04 time=0.174s
[RQ-VAE] epoch=947 loss=0.00031673 recon=0.00007547 beh=6.268051 w=0.000 lr=6.959e-04 time=0.173s
[RQ-VAE] epoch=948 loss=0.00031735 recon=0.00007539 beh=6.264520 w=0.000 lr=6.956e-04 time=0.172s
[RQ-VAE] epoch=949 loss=0.00031575 recon=0.00007537 beh=6.265602 w=0.000 lr=6.953e-04 time=0.174s
[RQ-VAE] epoch=950 loss=0.00031485 recon=0.00007527 lr=6.949e-04 raw_unique=20545/24587 collision=0.164396 time=0.172s
[RQ-VAE] epoch=951 loss=0.00031595 recon=0.00007516 beh=6.267932 w=0.000 lr=6.946e-04 time=0.173s
[RQ-VAE] epoch=952 loss=0.00031423 recon=0.00007528 beh=6.267105 w=0.000 lr=6.942e-04 time=0.174s
[RQ-VAE] epoch=953 loss=0.00031605 recon=0.00007520 beh=6.267540 w=0.000 lr=6.939e-04 time=0.174s
[RQ-VAE] epoch=954 loss=0.00031548 recon=0.00007526 beh=6.266690 w=0.000 lr=6.936e-04 time=0.173s
[RQ-VAE] epoch=955 loss=0.00031395 recon=0.00007501 beh=6.267874 w=0.000 lr=6.932e-04 time=0.173s
[RQ-VAE] epoch=956 loss=0.00031326 recon=0.00007500 beh=6.265412 w=0.000 lr=6.929e-04 time=0.173s
[RQ-VAE] epoch=957 loss=0.00031454 recon=0.00007507 beh=6.268662 w=0.000 lr=6.925e-04 time=0.173s
[RQ-VAE] epoch=958 loss=0.00031447 recon=0.00007525 beh=6.264380 w=0.000 lr=6.922e-04 time=0.172s
[RQ-VAE] epoch=959 loss=0.00031611 recon=0.00007513 beh=6.266490 w=0.000 lr=6.919e-04 time=0.174s
[RQ-VAE] epoch=960 loss=0.00031564 recon=0.00007496 beh=6.265743 w=0.000 lr=6.915e-04 time=0.172s
[RQ-VAE] epoch=961 loss=0.00031568 recon=0.00007501 beh=6.266933 w=0.000 lr=6.912e-04 time=0.172s
[RQ-VAE] epoch=962 loss=0.00031340 recon=0.00007503 beh=6.264475 w=0.000 lr=6.908e-04 time=0.267s
[RQ-VAE] epoch=963 loss=0.00031482 recon=0.00007496 beh=6.268004 w=0.000 lr=6.905e-04 time=0.173s
[RQ-VAE] epoch=964 loss=0.00031573 recon=0.00007508 beh=6.268236 w=0.000 lr=6.902e-04 time=0.174s
[RQ-VAE] epoch=965 loss=0.00031569 recon=0.00007503 beh=6.267054 w=0.000 lr=6.898e-04 time=0.172s
[RQ-VAE] epoch=966 loss=0.00031492 recon=0.00007494 beh=6.268298 w=0.000 lr=6.895e-04 time=0.173s
[RQ-VAE] epoch=967 loss=0.00031548 recon=0.00007495 beh=6.263680 w=0.000 lr=6.892e-04 time=0.172s
[RQ-VAE] epoch=968 loss=0.00031418 recon=0.00007495 beh=6.268273 w=0.000 lr=6.888e-04 time=0.173s
[RQ-VAE] epoch=969 loss=0.00031368 recon=0.00007515 beh=6.269053 w=0.000 lr=6.885e-04 time=0.173s
[RQ-VAE] epoch=970 loss=0.00031454 recon=0.00007502 beh=6.267123 w=0.000 lr=6.881e-04 time=0.173s
[RQ-VAE] epoch=971 loss=0.00031543 recon=0.00007496 beh=6.264452 w=0.000 lr=6.878e-04 time=0.172s
[RQ-VAE] epoch=972 loss=0.00031504 recon=0.00007503 beh=6.267294 w=0.000 lr=6.875e-04 time=0.173s
[RQ-VAE] epoch=973 loss=0.00031518 recon=0.00007499 beh=6.266975 w=0.000 lr=6.871e-04 time=0.171s
[RQ-VAE] epoch=974 loss=0.00031527 recon=0.00007498 beh=6.266382 w=0.000 lr=6.868e-04 time=0.173s
[RQ-VAE] epoch=975 loss=0.00031604 recon=0.00007509 beh=6.264765 w=0.000 lr=6.864e-04 time=0.172s
[RQ-VAE] epoch=976 loss=0.00031530 recon=0.00007501 beh=6.266159 w=0.000 lr=6.861e-04 time=0.172s
[RQ-VAE] epoch=977 loss=0.00031581 recon=0.00007492 beh=6.269192 w=0.000 lr=6.858e-04 time=0.173s
[RQ-VAE] epoch=978 loss=0.00031572 recon=0.00007488 beh=6.267781 w=0.000 lr=6.854e-04 time=0.172s
[RQ-VAE] epoch=979 loss=0.00031520 recon=0.00007498 beh=6.265375 w=0.000 lr=6.851e-04 time=0.172s
[RQ-VAE] epoch=980 loss=0.00031770 recon=0.00007507 beh=6.265874 w=0.000 lr=6.847e-04 time=0.172s
[RQ-VAE] epoch=981 loss=0.00031668 recon=0.00007511 beh=6.270342 w=0.000 lr=6.844e-04 time=0.269s
[RQ-VAE] epoch=982 loss=0.00031762 recon=0.00007504 beh=6.267741 w=0.000 lr=6.841e-04 time=0.175s
[RQ-VAE] epoch=983 loss=0.00031579 recon=0.00007511 beh=6.264780 w=0.000 lr=6.837e-04 time=0.173s
[RQ-VAE] epoch=984 loss=0.00031730 recon=0.00007507 beh=6.266960 w=0.000 lr=6.834e-04 time=0.172s
[RQ-VAE] epoch=985 loss=0.00031757 recon=0.00007495 beh=6.267737 w=0.000 lr=6.831e-04 time=0.173s
[RQ-VAE] epoch=986 loss=0.00031578 recon=0.00007485 beh=6.267481 w=0.000 lr=6.827e-04 time=0.172s
[RQ-VAE] epoch=987 loss=0.00031691 recon=0.00007506 beh=6.266514 w=0.000 lr=6.824e-04 time=0.173s
[RQ-VAE] epoch=988 loss=0.00031673 recon=0.00007496 beh=6.265328 w=0.000 lr=6.820e-04 time=0.172s
[RQ-VAE] epoch=989 loss=0.00031714 recon=0.00007508 beh=6.265824 w=0.000 lr=6.817e-04 time=0.172s
[RQ-VAE] epoch=990 loss=0.00031740 recon=0.00007500 beh=6.268434 w=0.000 lr=6.814e-04 time=0.172s
[RQ-VAE] epoch=991 loss=0.00031635 recon=0.00007489 beh=6.267204 w=0.000 lr=6.810e-04 time=0.172s
[RQ-VAE] epoch=992 loss=0.00031677 recon=0.00007473 beh=6.265216 w=0.000 lr=6.807e-04 time=0.173s
[RQ-VAE] epoch=993 loss=0.00031594 recon=0.00007481 beh=6.268640 w=0.000 lr=6.803e-04 time=0.176s
[RQ-VAE] epoch=994 loss=0.00031631 recon=0.00007487 beh=6.266979 w=0.000 lr=6.800e-04 time=0.173s
[RQ-VAE] epoch=995 loss=0.00031875 recon=0.00007496 beh=6.267983 w=0.000 lr=6.797e-04 time=0.172s
[RQ-VAE] epoch=996 loss=0.00031920 recon=0.00007503 beh=6.266292 w=0.000 lr=6.793e-04 time=0.286s
[RQ-VAE] epoch=997 loss=0.00031787 recon=0.00007477 beh=6.266872 w=0.000 lr=6.790e-04 time=0.173s
[RQ-VAE] epoch=998 loss=0.00031908 recon=0.00007480 beh=6.270109 w=0.000 lr=6.786e-04 time=0.173s
[RQ-VAE] epoch=999 loss=0.00031828 recon=0.00007482 beh=6.267720 w=0.000 lr=6.783e-04 time=0.173s
[RQ-VAE] epoch=1000 loss=0.00031796 recon=0.00007485 lr=6.780e-04 raw_unique=20490/24587 collision=0.166633 time=0.173s
[RQ-VAE] epoch=1001 loss=0.00031786 recon=0.00007486 beh=6.266159 w=0.000 lr=6.776e-04 time=0.174s
[RQ-VAE] epoch=1002 loss=0.00031998 recon=0.00007482 beh=6.266326 w=0.000 lr=6.773e-04 time=0.174s
[RQ-VAE] epoch=1003 loss=0.00031954 recon=0.00007476 beh=6.267023 w=0.000 lr=6.769e-04 time=0.174s
[RQ-VAE] epoch=1004 loss=0.00031809 recon=0.00007482 beh=6.266643 w=0.000 lr=6.766e-04 time=0.173s
[RQ-VAE] epoch=1005 loss=0.00031770 recon=0.00007470 beh=6.266835 w=0.000 lr=6.763e-04 time=0.174s
[RQ-VAE] epoch=1006 loss=0.00031847 recon=0.00007469 beh=6.266034 w=0.000 lr=6.759e-04 time=0.173s
[RQ-VAE] epoch=1007 loss=0.00031717 recon=0.00007479 beh=6.267248 w=0.000 lr=6.756e-04 time=0.173s
[RQ-VAE] epoch=1008 loss=0.00031724 recon=0.00007468 beh=6.266729 w=0.000 lr=6.753e-04 time=0.173s
[RQ-VAE] epoch=1009 loss=0.00031740 recon=0.00007463 beh=6.268552 w=0.000 lr=6.749e-04 time=0.173s
[RQ-VAE] epoch=1010 loss=0.00031985 recon=0.00007445 beh=6.265932 w=0.000 lr=6.746e-04 time=0.173s
[RQ-VAE] epoch=1011 loss=0.00031777 recon=0.00007462 beh=6.265800 w=0.000 lr=6.742e-04 time=0.173s
[RQ-VAE] epoch=1012 loss=0.00031778 recon=0.00007455 beh=6.266166 w=0.000 lr=6.739e-04 time=0.174s
[RQ-VAE] epoch=1013 loss=0.00031827 recon=0.00007463 beh=6.267215 w=0.000 lr=6.736e-04 time=0.173s
[RQ-VAE] epoch=1014 loss=0.00031841 recon=0.00007451 beh=6.265512 w=0.000 lr=6.732e-04 time=0.174s
[RQ-VAE] epoch=1015 loss=0.00031753 recon=0.00007451 beh=6.268531 w=0.000 lr=6.729e-04 time=0.173s
[RQ-VAE] epoch=1016 loss=0.00031623 recon=0.00007463 beh=6.263375 w=0.000 lr=6.725e-04 time=0.172s
[RQ-VAE] epoch=1017 loss=0.00031748 recon=0.00007456 beh=6.262925 w=0.000 lr=6.722e-04 time=0.173s
[RQ-VAE] epoch=1018 loss=0.00031992 recon=0.00007452 beh=6.266118 w=0.000 lr=6.719e-04 time=0.173s
[RQ-VAE] epoch=1019 loss=0.00032033 recon=0.00007456 beh=6.266531 w=0.000 lr=6.715e-04 time=0.173s
[RQ-VAE] epoch=1020 loss=0.00031805 recon=0.00007465 beh=6.267942 w=0.000 lr=6.712e-04 time=0.173s
[RQ-VAE] epoch=1021 loss=0.00031692 recon=0.00007454 beh=6.268888 w=0.000 lr=6.708e-04 time=0.173s
[RQ-VAE] epoch=1022 loss=0.00031898 recon=0.00007458 beh=6.269377 w=0.000 lr=6.705e-04 time=0.173s
[RQ-VAE] epoch=1023 loss=0.00031950 recon=0.00007471 beh=6.267982 w=0.000 lr=6.702e-04 time=0.174s
[RQ-VAE] epoch=1024 loss=0.00031767 recon=0.00007470 beh=6.266562 w=0.000 lr=6.698e-04 time=0.172s
[RQ-VAE] epoch=1025 loss=0.00031754 recon=0.00007448 beh=6.266534 w=0.000 lr=6.695e-04 time=0.173s
[RQ-VAE] epoch=1026 loss=0.00031916 recon=0.00007455 beh=6.265289 w=0.000 lr=6.692e-04 time=0.173s
[RQ-VAE] epoch=1027 loss=0.00031979 recon=0.00007457 beh=6.264801 w=0.000 lr=6.688e-04 time=0.173s
[RQ-VAE] epoch=1028 loss=0.00031731 recon=0.00007460 beh=6.270803 w=0.000 lr=6.685e-04 time=0.172s
[RQ-VAE] epoch=1029 loss=0.00031708 recon=0.00007454 beh=6.268291 w=0.000 lr=6.681e-04 time=0.172s
[RQ-VAE] epoch=1030 loss=0.00031955 recon=0.00007437 beh=6.267599 w=0.000 lr=6.678e-04 time=0.172s
[RQ-VAE] epoch=1031 loss=0.00031969 recon=0.00007441 beh=6.266638 w=0.000 lr=6.675e-04 time=0.173s
[RQ-VAE] epoch=1032 loss=0.00031855 recon=0.00007442 beh=6.267816 w=0.000 lr=6.671e-04 time=0.174s
[RQ-VAE] epoch=1033 loss=0.00031772 recon=0.00007452 beh=6.265666 w=0.000 lr=6.668e-04 time=0.173s
[RQ-VAE] epoch=1034 loss=0.00031809 recon=0.00007452 beh=6.268831 w=0.000 lr=6.664e-04 time=0.174s
[RQ-VAE] epoch=1035 loss=0.00031899 recon=0.00007459 beh=6.265181 w=0.000 lr=6.661e-04 time=0.174s
[RQ-VAE] epoch=1036 loss=0.00031775 recon=0.00007443 beh=6.266055 w=0.000 lr=6.658e-04 time=0.174s
[RQ-VAE] epoch=1037 loss=0.00031821 recon=0.00007434 beh=6.268459 w=0.000 lr=6.654e-04 time=0.174s
[RQ-VAE] epoch=1038 loss=0.00031767 recon=0.00007444 beh=6.266829 w=0.000 lr=6.651e-04 time=0.173s
[RQ-VAE] epoch=1039 loss=0.00031840 recon=0.00007444 beh=6.265671 w=0.000 lr=6.647e-04 time=0.173s
[RQ-VAE] epoch=1040 loss=0.00032033 recon=0.00007451 beh=6.265260 w=0.000 lr=6.644e-04 time=0.174s
[RQ-VAE] epoch=1041 loss=0.00031886 recon=0.00007443 beh=6.267169 w=0.000 lr=6.641e-04 time=0.174s
[RQ-VAE] epoch=1042 loss=0.00031955 recon=0.00007447 beh=6.267150 w=0.000 lr=6.637e-04 time=0.173s
[RQ-VAE] epoch=1043 loss=0.00032019 recon=0.00007444 beh=6.264976 w=0.000 lr=6.634e-04 time=0.172s
[RQ-VAE] epoch=1044 loss=0.00031990 recon=0.00007487 beh=6.267186 w=0.000 lr=6.631e-04 time=0.174s
[RQ-VAE] epoch=1045 loss=0.00031961 recon=0.00007444 beh=6.266469 w=0.000 lr=6.627e-04 time=0.174s
[RQ-VAE] epoch=1046 loss=0.00032034 recon=0.00007441 beh=6.268792 w=0.000 lr=6.624e-04 time=0.174s
[RQ-VAE] epoch=1047 loss=0.00032135 recon=0.00007452 beh=6.265209 w=0.000 lr=6.620e-04 time=0.173s
[RQ-VAE] epoch=1048 loss=0.00031995 recon=0.00007457 beh=6.266564 w=0.000 lr=6.617e-04 time=0.174s
[RQ-VAE] epoch=1049 loss=0.00031928 recon=0.00007452 beh=6.266922 w=0.000 lr=6.614e-04 time=0.173s
[RQ-VAE] epoch=1050 loss=0.00032022 recon=0.00007452 lr=6.610e-04 raw_unique=20462/24587 collision=0.167772 time=0.174s
[RQ-VAE] epoch=1051 loss=0.00032283 recon=0.00007456 beh=6.265399 w=0.000 lr=6.607e-04 time=0.174s
[RQ-VAE] epoch=1052 loss=0.00032170 recon=0.00007466 beh=6.269196 w=0.000 lr=6.603e-04 time=0.173s
[RQ-VAE] epoch=1053 loss=0.00032342 recon=0.00007443 beh=6.266006 w=0.000 lr=6.600e-04 time=0.266s
[RQ-VAE] epoch=1054 loss=0.00032055 recon=0.00007444 beh=6.265562 w=0.000 lr=6.597e-04 time=0.171s
[RQ-VAE] epoch=1055 loss=0.00031991 recon=0.00007459 beh=6.265737 w=0.000 lr=6.593e-04 time=0.173s
[RQ-VAE] epoch=1056 loss=0.00032112 recon=0.00007447 beh=6.266117 w=0.000 lr=6.590e-04 time=0.173s
[RQ-VAE] epoch=1057 loss=0.00032148 recon=0.00007449 beh=6.265481 w=0.000 lr=6.586e-04 time=0.173s
[RQ-VAE] epoch=1058 loss=0.00032302 recon=0.00007439 beh=6.269421 w=0.000 lr=6.583e-04 time=0.173s
[RQ-VAE] epoch=1059 loss=0.00032087 recon=0.00007446 beh=6.267469 w=0.000 lr=6.580e-04 time=0.173s
[RQ-VAE] epoch=1060 loss=0.00032098 recon=0.00007440 beh=6.266781 w=0.000 lr=6.576e-04 time=0.173s
[RQ-VAE] epoch=1061 loss=0.00032158 recon=0.00007445 beh=6.267539 w=0.000 lr=6.573e-04 time=0.173s
[RQ-VAE] epoch=1062 loss=0.00032209 recon=0.00007432 beh=6.267466 w=0.000 lr=6.569e-04 time=0.174s
[RQ-VAE] epoch=1063 loss=0.00032156 recon=0.00007436 beh=6.268226 w=0.000 lr=6.566e-04 time=0.173s
[RQ-VAE] epoch=1064 loss=0.00031984 recon=0.00007423 beh=6.268366 w=0.000 lr=6.563e-04 time=0.172s
[RQ-VAE] epoch=1065 loss=0.00032084 recon=0.00007442 beh=6.268154 w=0.000 lr=6.559e-04 time=0.174s
[RQ-VAE] epoch=1066 loss=0.00032092 recon=0.00007429 beh=6.266652 w=0.000 lr=6.556e-04 time=0.173s
[RQ-VAE] epoch=1067 loss=0.00032140 recon=0.00007463 beh=6.266007 w=0.000 lr=6.553e-04 time=0.173s
[RQ-VAE] epoch=1068 loss=0.00032239 recon=0.00007429 beh=6.268340 w=0.000 lr=6.549e-04 time=0.174s
[RQ-VAE] epoch=1069 loss=0.00032113 recon=0.00007438 beh=6.268024 w=0.000 lr=6.546e-04 time=0.172s
[RQ-VAE] epoch=1070 loss=0.00032010 recon=0.00007427 beh=6.268208 w=0.000 lr=6.542e-04 time=0.173s
[RQ-VAE] epoch=1071 loss=0.00032024 recon=0.00007419 beh=6.268495 w=0.000 lr=6.539e-04 time=0.172s
[RQ-VAE] epoch=1072 loss=0.00032132 recon=0.00007415 beh=6.266019 w=0.000 lr=6.536e-04 time=0.174s
[RQ-VAE] epoch=1073 loss=0.00032139 recon=0.00007436 beh=6.267137 w=0.000 lr=6.532e-04 time=0.173s
[RQ-VAE] epoch=1074 loss=0.00032148 recon=0.00007441 beh=6.265843 w=0.000 lr=6.529e-04 time=0.173s
[RQ-VAE] epoch=1075 loss=0.00032156 recon=0.00007445 beh=6.266880 w=0.000 lr=6.525e-04 time=0.173s
[RQ-VAE] epoch=1076 loss=0.00032225 recon=0.00007439 beh=6.267796 w=0.000 lr=6.522e-04 time=0.173s
[RQ-VAE] epoch=1077 loss=0.00032203 recon=0.00007436 beh=6.266362 w=0.000 lr=6.519e-04 time=0.174s
[RQ-VAE] epoch=1078 loss=0.00032134 recon=0.00007422 beh=6.263279 w=0.000 lr=6.515e-04 time=0.173s
[RQ-VAE] epoch=1079 loss=0.00031990 recon=0.00007427 beh=6.266714 w=0.000 lr=6.512e-04 time=0.174s
[RQ-VAE] epoch=1080 loss=0.00032164 recon=0.00007432 beh=6.267819 w=0.000 lr=6.508e-04 time=0.174s
[RQ-VAE] epoch=1081 loss=0.00032177 recon=0.00007432 beh=6.268686 w=0.000 lr=6.505e-04 time=0.173s
[RQ-VAE] epoch=1082 loss=0.00032158 recon=0.00007436 beh=6.269201 w=0.000 lr=6.502e-04 time=0.267s
[RQ-VAE] epoch=1083 loss=0.00032078 recon=0.00007433 beh=6.268401 w=0.000 lr=6.498e-04 time=0.174s
[RQ-VAE] epoch=1084 loss=0.00032143 recon=0.00007428 beh=6.267648 w=0.000 lr=6.495e-04 time=0.173s
[RQ-VAE] epoch=1085 loss=0.00032262 recon=0.00007416 beh=6.266877 w=0.000 lr=6.492e-04 time=0.172s
[RQ-VAE] epoch=1086 loss=0.00032202 recon=0.00007416 beh=6.268492 w=0.000 lr=6.488e-04 time=0.174s
[RQ-VAE] epoch=1087 loss=0.00031903 recon=0.00007417 beh=6.266210 w=0.000 lr=6.485e-04 time=0.172s
[RQ-VAE] epoch=1088 loss=0.00031915 recon=0.00007421 beh=6.263038 w=0.000 lr=6.481e-04 time=0.173s
[RQ-VAE] epoch=1089 loss=0.00031849 recon=0.00007393 beh=6.267459 w=0.000 lr=6.478e-04 time=0.173s
[RQ-VAE] epoch=1090 loss=0.00031803 recon=0.00007383 beh=6.267435 w=0.000 lr=6.475e-04 time=0.174s
[RQ-VAE] epoch=1091 loss=0.00031793 recon=0.00007407 beh=6.263677 w=0.000 lr=6.471e-04 time=0.173s
[RQ-VAE] epoch=1092 loss=0.00031753 recon=0.00007410 beh=6.266860 w=0.000 lr=6.468e-04 time=0.174s
[RQ-VAE] epoch=1093 loss=0.00031656 recon=0.00007386 beh=6.265018 w=0.000 lr=6.464e-04 time=0.173s
[RQ-VAE] epoch=1094 loss=0.00031755 recon=0.00007404 beh=6.267464 w=0.000 lr=6.461e-04 time=0.174s
[RQ-VAE] epoch=1095 loss=0.00031806 recon=0.00007385 beh=6.264410 w=0.000 lr=6.458e-04 time=0.173s
[RQ-VAE] epoch=1096 loss=0.00031983 recon=0.00007411 beh=6.264781 w=0.000 lr=6.454e-04 time=0.174s
[RQ-VAE] epoch=1097 loss=0.00031740 recon=0.00007403 beh=6.268215 w=0.000 lr=6.451e-04 time=0.173s
[RQ-VAE] epoch=1098 loss=0.00031814 recon=0.00007392 beh=6.265011 w=0.000 lr=6.447e-04 time=0.173s
[RQ-VAE] epoch=1099 loss=0.00032007 recon=0.00007386 beh=6.267053 w=0.000 lr=6.444e-04 time=0.175s
[RQ-VAE] epoch=1100 loss=0.00032050 recon=0.00007401 lr=6.441e-04 raw_unique=20253/24587 collision=0.176272 time=0.173s
[RQ-VAE] epoch=1101 loss=0.00031771 recon=0.00007399 beh=6.264634 w=0.000 lr=6.437e-04 time=0.268s
[RQ-VAE] epoch=1102 loss=0.00031620 recon=0.00007405 beh=6.265061 w=0.000 lr=6.434e-04 time=0.174s
[RQ-VAE] epoch=1103 loss=0.00031857 recon=0.00007406 beh=6.266770 w=0.000 lr=6.431e-04 time=0.173s
[RQ-VAE] epoch=1104 loss=0.00031895 recon=0.00007384 beh=6.267659 w=0.000 lr=6.427e-04 time=0.174s
[RQ-VAE] epoch=1105 loss=0.00031935 recon=0.00007397 beh=6.265521 w=0.000 lr=6.424e-04 time=0.173s
[RQ-VAE] epoch=1106 loss=0.00031929 recon=0.00007400 beh=6.268443 w=0.000 lr=6.420e-04 time=0.174s
[RQ-VAE] epoch=1107 loss=0.00031984 recon=0.00007411 beh=6.267342 w=0.000 lr=6.417e-04 time=0.173s
[RQ-VAE] epoch=1108 loss=0.00031922 recon=0.00007402 beh=6.268283 w=0.000 lr=6.414e-04 time=0.174s
[RQ-VAE] epoch=1109 loss=0.00031718 recon=0.00007373 beh=6.267825 w=0.000 lr=6.410e-04 time=0.173s
[RQ-VAE] epoch=1110 loss=0.00031825 recon=0.00007397 beh=6.266617 w=0.000 lr=6.407e-04 time=0.172s
[RQ-VAE] epoch=1111 loss=0.00031941 recon=0.00007379 beh=6.268128 w=0.000 lr=6.403e-04 time=0.172s
[RQ-VAE] epoch=1112 loss=0.00031910 recon=0.00007389 beh=6.268181 w=0.000 lr=6.400e-04 time=0.173s
[RQ-VAE] epoch=1113 loss=0.00032129 recon=0.00007416 beh=6.269014 w=0.000 lr=6.397e-04 time=0.173s
[RQ-VAE] epoch=1114 loss=0.00032070 recon=0.00007386 beh=6.265272 w=0.000 lr=6.393e-04 time=0.173s
[RQ-VAE] epoch=1115 loss=0.00032035 recon=0.00007388 beh=6.267962 w=0.000 lr=6.390e-04 time=0.174s
[RQ-VAE] epoch=1116 loss=0.00032014 recon=0.00007373 beh=6.266399 w=0.000 lr=6.386e-04 time=0.174s
[RQ-VAE] epoch=1117 loss=0.00031910 recon=0.00007378 beh=6.269309 w=0.000 lr=6.383e-04 time=0.268s
[RQ-VAE] epoch=1118 loss=0.00032072 recon=0.00007394 beh=6.268234 w=0.000 lr=6.380e-04 time=0.173s
[RQ-VAE] epoch=1119 loss=0.00032122 recon=0.00007376 beh=6.269737 w=0.000 lr=6.376e-04 time=0.174s
[RQ-VAE] epoch=1120 loss=0.00032113 recon=0.00007375 beh=6.267304 w=0.000 lr=6.373e-04 time=0.174s
[RQ-VAE] epoch=1121 loss=0.00032064 recon=0.00007414 beh=6.267549 w=0.000 lr=6.369e-04 time=0.173s
[RQ-VAE] epoch=1122 loss=0.00032139 recon=0.00007389 beh=6.267256 w=0.000 lr=6.366e-04 time=0.173s
[RQ-VAE] epoch=1123 loss=0.00032165 recon=0.00007391 beh=6.267142 w=0.000 lr=6.363e-04 time=0.173s
[RQ-VAE] epoch=1124 loss=0.00032131 recon=0.00007388 beh=6.266273 w=0.000 lr=6.359e-04 time=0.174s
[RQ-VAE] epoch=1125 loss=0.00031916 recon=0.00007375 beh=6.266297 w=0.000 lr=6.356e-04 time=0.174s
[RQ-VAE] epoch=1126 loss=0.00032010 recon=0.00007374 beh=6.269107 w=0.000 lr=6.353e-04 time=0.173s
[RQ-VAE] epoch=1127 loss=0.00031993 recon=0.00007380 beh=6.264269 w=0.000 lr=6.349e-04 time=0.174s
[RQ-VAE] epoch=1128 loss=0.00032131 recon=0.00007372 beh=6.266286 w=0.000 lr=6.346e-04 time=0.174s
[RQ-VAE] epoch=1129 loss=0.00032064 recon=0.00007368 beh=6.267162 w=0.000 lr=6.342e-04 time=0.173s
[RQ-VAE] epoch=1130 loss=0.00032058 recon=0.00007376 beh=6.265934 w=0.000 lr=6.339e-04 time=0.172s
[RQ-VAE] epoch=1131 loss=0.00032077 recon=0.00007362 beh=6.267226 w=0.000 lr=6.336e-04 time=0.174s
[RQ-VAE] epoch=1132 loss=0.00031821 recon=0.00007375 beh=6.266799 w=0.000 lr=6.332e-04 time=0.174s
[RQ-VAE] epoch=1133 loss=0.00031856 recon=0.00007363 beh=6.267309 w=0.000 lr=6.329e-04 time=0.174s
[RQ-VAE] epoch=1134 loss=0.00031939 recon=0.00007361 beh=6.265583 w=0.000 lr=6.325e-04 time=0.174s
[RQ-VAE] epoch=1135 loss=0.00031986 recon=0.00007374 beh=6.266349 w=0.000 lr=6.322e-04 time=0.173s
[RQ-VAE] epoch=1136 loss=0.00032002 recon=0.00007365 beh=6.264734 w=0.000 lr=6.319e-04 time=0.173s
[RQ-VAE] epoch=1137 loss=0.00032000 recon=0.00007391 beh=6.266644 w=0.000 lr=6.315e-04 time=0.174s
[RQ-VAE] epoch=1138 loss=0.00031896 recon=0.00007368 beh=6.262344 w=0.000 lr=6.312e-04 time=0.174s
[RQ-VAE] epoch=1139 loss=0.00031996 recon=0.00007371 beh=6.268369 w=0.000 lr=6.308e-04 time=0.174s
[RQ-VAE] epoch=1140 loss=0.00032054 recon=0.00007373 beh=6.265382 w=0.000 lr=6.305e-04 time=0.174s
[RQ-VAE] epoch=1141 loss=0.00031893 recon=0.00007379 beh=6.267076 w=0.000 lr=6.302e-04 time=0.173s
[RQ-VAE] epoch=1142 loss=0.00032046 recon=0.00007373 beh=6.268268 w=0.000 lr=6.298e-04 time=0.174s
[RQ-VAE] epoch=1143 loss=0.00032191 recon=0.00007376 beh=6.266921 w=0.000 lr=6.295e-04 time=0.174s
[RQ-VAE] epoch=1144 loss=0.00032056 recon=0.00007373 beh=6.266264 w=0.000 lr=6.292e-04 time=0.173s
[RQ-VAE] epoch=1145 loss=0.00032025 recon=0.00007369 beh=6.265715 w=0.000 lr=6.288e-04 time=0.173s
[RQ-VAE] epoch=1146 loss=0.00031744 recon=0.00007388 beh=6.269054 w=0.000 lr=6.285e-04 time=0.174s
[RQ-VAE] epoch=1147 loss=0.00031776 recon=0.00007350 beh=6.267410 w=0.000 lr=6.281e-04 time=0.173s
[RQ-VAE] epoch=1148 loss=0.00031865 recon=0.00007345 beh=6.268061 w=0.000 lr=6.278e-04 time=0.173s
[RQ-VAE] epoch=1149 loss=0.00031877 recon=0.00007328 beh=6.263852 w=0.000 lr=6.275e-04 time=0.174s
[RQ-VAE] epoch=1150 loss=0.00031810 recon=0.00007354 lr=6.271e-04 raw_unique=20339/24587 collision=0.172774 time=0.172s
[RQ-VAE] epoch=1151 loss=0.00031822 recon=0.00007361 beh=6.266417 w=0.000 lr=6.268e-04 time=0.174s
[RQ-VAE] epoch=1152 loss=0.00031846 recon=0.00007360 beh=6.265266 w=0.000 lr=6.264e-04 time=0.174s
[RQ-VAE] epoch=1153 loss=0.00031939 recon=0.00007335 beh=6.266295 w=0.000 lr=6.261e-04 time=0.173s
[RQ-VAE] epoch=1154 loss=0.00031886 recon=0.00007344 beh=6.264689 w=0.000 lr=6.258e-04 time=0.173s
[RQ-VAE] epoch=1155 loss=0.00031777 recon=0.00007339 beh=6.265832 w=0.000 lr=6.254e-04 time=0.173s
[RQ-VAE] epoch=1156 loss=0.00031934 recon=0.00007335 beh=6.267376 w=0.000 lr=6.251e-04 time=0.173s
[RQ-VAE] epoch=1157 loss=0.00031988 recon=0.00007339 beh=6.267116 w=0.000 lr=6.247e-04 time=0.174s
[RQ-VAE] epoch=1158 loss=0.00031903 recon=0.00007337 beh=6.265583 w=0.000 lr=6.244e-04 time=0.174s
[RQ-VAE] epoch=1159 loss=0.00032014 recon=0.00007334 beh=6.268071 w=0.000 lr=6.241e-04 time=0.175s
[RQ-VAE] epoch=1160 loss=0.00032040 recon=0.00007340 beh=6.266633 w=0.000 lr=6.237e-04 time=0.174s
[RQ-VAE] epoch=1161 loss=0.00031851 recon=0.00007349 beh=6.267741 w=0.000 lr=6.234e-04 time=0.174s
[RQ-VAE] epoch=1162 loss=0.00031980 recon=0.00007333 beh=6.266904 w=0.000 lr=6.231e-04 time=0.172s
[RQ-VAE] epoch=1163 loss=0.00031902 recon=0.00007346 beh=6.266736 w=0.000 lr=6.227e-04 time=0.175s
[RQ-VAE] epoch=1164 loss=0.00031883 recon=0.00007334 beh=6.266913 w=0.000 lr=6.224e-04 time=0.173s
[RQ-VAE] epoch=1165 loss=0.00032026 recon=0.00007335 beh=6.268822 w=0.000 lr=6.220e-04 time=0.173s
[RQ-VAE] epoch=1166 loss=0.00031835 recon=0.00007314 beh=6.266746 w=0.000 lr=6.217e-04 time=0.174s
[RQ-VAE] epoch=1167 loss=0.00031824 recon=0.00007341 beh=6.267210 w=0.000 lr=6.214e-04 time=0.179s
[RQ-VAE] epoch=1168 loss=0.00032082 recon=0.00007340 beh=6.267319 w=0.000 lr=6.210e-04 time=0.172s
[RQ-VAE] epoch=1169 loss=0.00032142 recon=0.00007334 beh=6.265612 w=0.000 lr=6.207e-04 time=0.173s
[RQ-VAE] epoch=1170 loss=0.00031987 recon=0.00007321 beh=6.269024 w=0.000 lr=6.203e-04 time=0.174s
[RQ-VAE] epoch=1171 loss=0.00031944 recon=0.00007334 beh=6.265203 w=0.000 lr=6.200e-04 time=0.173s
[RQ-VAE] epoch=1172 loss=0.00031997 recon=0.00007326 beh=6.267879 w=0.000 lr=6.197e-04 time=0.174s
[RQ-VAE] epoch=1173 loss=0.00031865 recon=0.00007326 beh=6.267123 w=0.000 lr=6.193e-04 time=0.268s
[RQ-VAE] epoch=1174 loss=0.00031864 recon=0.00007313 beh=6.266034 w=0.000 lr=6.190e-04 time=0.174s
[RQ-VAE] epoch=1175 loss=0.00031850 recon=0.00007324 beh=6.268130 w=0.000 lr=6.186e-04 time=0.173s
[RQ-VAE] epoch=1176 loss=0.00031775 recon=0.00007318 beh=6.267133 w=0.000 lr=6.183e-04 time=0.173s
[RQ-VAE] epoch=1177 loss=0.00031790 recon=0.00007314 beh=6.267374 w=0.000 lr=6.180e-04 time=0.174s
[RQ-VAE] epoch=1178 loss=0.00031803 recon=0.00007326 beh=6.266819 w=0.000 lr=6.176e-04 time=0.173s
[RQ-VAE] epoch=1179 loss=0.00032081 recon=0.00007331 beh=6.266376 w=0.000 lr=6.173e-04 time=0.174s
[RQ-VAE] epoch=1180 loss=0.00031813 recon=0.00007316 beh=6.265821 w=0.000 lr=6.169e-04 time=0.173s
[RQ-VAE] epoch=1181 loss=0.00031812 recon=0.00007306 beh=6.268170 w=0.000 lr=6.166e-04 time=0.173s
[RQ-VAE] epoch=1182 loss=0.00031949 recon=0.00007304 beh=6.267702 w=0.000 lr=6.163e-04 time=0.173s
[RQ-VAE] epoch=1183 loss=0.00031922 recon=0.00007306 beh=6.267443 w=0.000 lr=6.159e-04 time=0.174s
[RQ-VAE] epoch=1184 loss=0.00031854 recon=0.00007308 beh=6.264085 w=0.000 lr=6.156e-04 time=0.176s
[RQ-VAE] epoch=1185 loss=0.00032028 recon=0.00007330 beh=6.268116 w=0.000 lr=6.153e-04 time=0.174s
[RQ-VAE] epoch=1186 loss=0.00032194 recon=0.00007308 beh=6.267535 w=0.000 lr=6.149e-04 time=0.175s
[RQ-VAE] epoch=1187 loss=0.00032060 recon=0.00007312 beh=6.268702 w=0.000 lr=6.146e-04 time=0.174s
[RQ-VAE] epoch=1188 loss=0.00032095 recon=0.00007319 beh=6.266205 w=0.000 lr=6.142e-04 time=0.175s
[RQ-VAE] epoch=1189 loss=0.00032072 recon=0.00007318 beh=6.262897 w=0.000 lr=6.139e-04 time=0.175s
[RQ-VAE] epoch=1190 loss=0.00032049 recon=0.00007313 beh=6.267969 w=0.000 lr=6.136e-04 time=0.174s
[RQ-VAE] epoch=1191 loss=0.00032292 recon=0.00007313 beh=6.268162 w=0.000 lr=6.132e-04 time=0.174s
[RQ-VAE] epoch=1192 loss=0.00032370 recon=0.00007322 beh=6.266158 w=0.000 lr=6.129e-04 time=0.174s
[RQ-VAE] epoch=1193 loss=0.00032419 recon=0.00007324 beh=6.264770 w=0.000 lr=6.125e-04 time=0.176s
[RQ-VAE] epoch=1194 loss=0.00032449 recon=0.00007328 beh=6.267261 w=0.000 lr=6.122e-04 time=0.173s
[RQ-VAE] epoch=1195 loss=0.00032273 recon=0.00007316 beh=6.266185 w=0.000 lr=6.119e-04 time=0.173s
[RQ-VAE] epoch=1196 loss=0.00032421 recon=0.00007327 beh=6.267250 w=0.000 lr=6.115e-04 time=0.173s
[RQ-VAE] epoch=1197 loss=0.00032473 recon=0.00007321 beh=6.268365 w=0.000 lr=6.112e-04 time=0.174s
[RQ-VAE] epoch=1198 loss=0.00032380 recon=0.00007324 beh=6.268061 w=0.000 lr=6.108e-04 time=0.173s
[RQ-VAE] epoch=1199 loss=0.00032326 recon=0.00007308 beh=6.267731 w=0.000 lr=6.105e-04 time=0.173s
[RQ-VAE] epoch=1200 loss=0.00032235 recon=0.00007313 lr=6.102e-04 raw_unique=20287/24587 collision=0.174889 time=0.173s
[RQ-VAE] epoch=1201 loss=0.00032424 recon=0.00007327 beh=6.263565 w=0.000 lr=6.098e-04 time=0.178s
[RQ-VAE] epoch=1202 loss=0.00032167 recon=0.00007310 beh=6.265996 w=0.000 lr=6.095e-04 time=0.27s
[RQ-VAE] epoch=1203 loss=0.00032071 recon=0.00007324 beh=6.266376 w=0.000 lr=6.092e-04 time=0.173s
[RQ-VAE] epoch=1204 loss=0.00032297 recon=0.00007325 beh=6.265968 w=0.000 lr=6.088e-04 time=0.173s
[RQ-VAE] epoch=1205 loss=0.00032319 recon=0.00007315 beh=6.266591 w=0.000 lr=6.085e-04 time=0.175s
[RQ-VAE] epoch=1206 loss=0.00032158 recon=0.00007315 beh=6.266593 w=0.000 lr=6.081e-04 time=0.174s
[RQ-VAE] epoch=1207 loss=0.00032324 recon=0.00007312 beh=6.268054 w=0.000 lr=6.078e-04 time=0.173s
[RQ-VAE] epoch=1208 loss=0.00032257 recon=0.00007329 beh=6.266379 w=0.000 lr=6.075e-04 time=0.173s
[RQ-VAE] epoch=1209 loss=0.00032070 recon=0.00007307 beh=6.265620 w=0.000 lr=6.071e-04 time=0.175s
[RQ-VAE] epoch=1210 loss=0.00032052 recon=0.00007303 beh=6.267211 w=0.000 lr=6.068e-04 time=0.173s
[RQ-VAE] epoch=1211 loss=0.00032033 recon=0.00007304 beh=6.266246 w=0.000 lr=6.064e-04 time=0.174s
[RQ-VAE] epoch=1212 loss=0.00032085 recon=0.00007309 beh=6.263975 w=0.000 lr=6.061e-04 time=0.173s
[RQ-VAE] epoch=1213 loss=0.00032073 recon=0.00007314 beh=6.265415 w=0.000 lr=6.058e-04 time=0.173s
[RQ-VAE] epoch=1214 loss=0.00032060 recon=0.00007304 beh=6.268985 w=0.000 lr=6.054e-04 time=0.173s
[RQ-VAE] epoch=1215 loss=0.00032077 recon=0.00007312 beh=6.267563 w=0.000 lr=6.051e-04 time=0.175s
[RQ-VAE] epoch=1216 loss=0.00032078 recon=0.00007304 beh=6.269085 w=0.000 lr=6.047e-04 time=0.174s
[RQ-VAE] epoch=1217 loss=0.00031976 recon=0.00007310 beh=6.265369 w=0.000 lr=6.044e-04 time=0.173s
[RQ-VAE] epoch=1218 loss=0.00032094 recon=0.00007292 beh=6.267269 w=0.000 lr=6.041e-04 time=0.174s
[RQ-VAE] epoch=1219 loss=0.00032058 recon=0.00007277 beh=6.268204 w=0.000 lr=6.037e-04 time=0.174s
[RQ-VAE] epoch=1220 loss=0.00032106 recon=0.00007291 beh=6.266886 w=0.000 lr=6.034e-04 time=0.174s
[RQ-VAE] epoch=1221 loss=0.00032063 recon=0.00007283 beh=6.265913 w=0.000 lr=6.031e-04 time=0.175s
[RQ-VAE] epoch=1222 loss=0.00032173 recon=0.00007273 beh=6.266814 w=0.000 lr=6.027e-04 time=0.268s
[RQ-VAE] epoch=1223 loss=0.00032228 recon=0.00007279 beh=6.270097 w=0.000 lr=6.024e-04 time=0.173s
[RQ-VAE] epoch=1224 loss=0.00032065 recon=0.00007279 beh=6.262536 w=0.000 lr=6.020e-04 time=0.172s
[RQ-VAE] epoch=1225 loss=0.00032131 recon=0.00007284 beh=6.267643 w=0.000 lr=6.017e-04 time=0.173s
[RQ-VAE] epoch=1226 loss=0.00031935 recon=0.00007269 beh=6.266521 w=0.000 lr=6.014e-04 time=0.174s
[RQ-VAE] epoch=1227 loss=0.00032073 recon=0.00007290 beh=6.267426 w=0.000 lr=6.010e-04 time=0.175s
[RQ-VAE] epoch=1228 loss=0.00032304 recon=0.00007289 beh=6.266966 w=0.000 lr=6.007e-04 time=0.174s
[RQ-VAE] epoch=1229 loss=0.00032268 recon=0.00007259 beh=6.266876 w=0.000 lr=6.003e-04 time=0.173s
[RQ-VAE] epoch=1230 loss=0.00031968 recon=0.00007279 beh=6.264841 w=0.000 lr=6.000e-04 time=0.174s
[RQ-VAE] epoch=1231 loss=0.00032094 recon=0.00007287 beh=6.266176 w=0.000 lr=5.997e-04 time=0.173s
[RQ-VAE] epoch=1232 loss=0.00032189 recon=0.00007262 beh=6.269924 w=0.000 lr=5.993e-04 time=0.174s
[RQ-VAE] epoch=1233 loss=0.00032229 recon=0.00007268 beh=6.267063 w=0.000 lr=5.990e-04 time=0.173s
[RQ-VAE] epoch=1234 loss=0.00032129 recon=0.00007280 beh=6.268096 w=0.000 lr=5.986e-04 time=0.176s
[RQ-VAE] epoch=1235 loss=0.00032203 recon=0.00007274 beh=6.265280 w=0.000 lr=5.983e-04 time=0.174s
[RQ-VAE] epoch=1236 loss=0.00032054 recon=0.00007276 beh=6.268769 w=0.000 lr=5.980e-04 time=0.174s
[RQ-VAE] epoch=1237 loss=0.00032078 recon=0.00007257 beh=6.267721 w=0.000 lr=5.976e-04 time=0.267s
[RQ-VAE] epoch=1238 loss=0.00031988 recon=0.00007263 beh=6.263270 w=0.000 lr=5.973e-04 time=0.172s
[RQ-VAE] epoch=1239 loss=0.00032141 recon=0.00007277 beh=6.266499 w=0.000 lr=5.969e-04 time=0.172s
[RQ-VAE] epoch=1240 loss=0.00032049 recon=0.00007277 beh=6.267159 w=0.000 lr=5.966e-04 time=0.172s
[RQ-VAE] epoch=1241 loss=0.00031907 recon=0.00007268 beh=6.267835 w=0.000 lr=5.963e-04 time=0.172s
[RQ-VAE] epoch=1242 loss=0.00032143 recon=0.00007260 beh=6.265173 w=0.000 lr=5.959e-04 time=0.174s
[RQ-VAE] epoch=1243 loss=0.00032004 recon=0.00007266 beh=6.269914 w=0.000 lr=5.956e-04 time=0.173s
[RQ-VAE] epoch=1244 loss=0.00032002 recon=0.00007287 beh=6.267133 w=0.000 lr=5.953e-04 time=0.171s
[RQ-VAE] epoch=1245 loss=0.00032034 recon=0.00007269 beh=6.268942 w=0.000 lr=5.949e-04 time=0.171s
[RQ-VAE] epoch=1246 loss=0.00032098 recon=0.00007273 beh=6.265225 w=0.000 lr=5.946e-04 time=0.172s
[RQ-VAE] epoch=1247 loss=0.00032113 recon=0.00007265 beh=6.265795 w=0.000 lr=5.942e-04 time=0.172s
[RQ-VAE] epoch=1248 loss=0.00032003 recon=0.00007268 beh=6.268746 w=0.000 lr=5.939e-04 time=0.172s
[RQ-VAE] epoch=1249 loss=0.00032088 recon=0.00007261 beh=6.264910 w=0.000 lr=5.936e-04 time=0.172s
[RQ-VAE] epoch=1250 loss=0.00032030 recon=0.00007295 lr=5.932e-04 raw_unique=20377/24587 collision=0.171229 time=0.174s
[RQ-VAE] epoch=1251 loss=0.00032248 recon=0.00007280 beh=6.265240 w=0.000 lr=5.929e-04 time=0.173s
[RQ-VAE] epoch=1252 loss=0.00032189 recon=0.00007284 beh=6.266070 w=0.000 lr=5.925e-04 time=0.173s
[RQ-VAE] epoch=1253 loss=0.00032144 recon=0.00007290 beh=6.268511 w=0.000 lr=5.922e-04 time=0.171s
[RQ-VAE] epoch=1254 loss=0.00032237 recon=0.00007287 beh=6.267997 w=0.000 lr=5.919e-04 time=0.172s
[RQ-VAE] epoch=1255 loss=0.00032297 recon=0.00007276 beh=6.266893 w=0.000 lr=5.915e-04 time=0.172s
[RQ-VAE] epoch=1256 loss=0.00032203 recon=0.00007275 beh=6.269979 w=0.000 lr=5.912e-04 time=0.172s
[RQ-VAE] epoch=1257 loss=0.00032128 recon=0.00007280 beh=6.263850 w=0.000 lr=5.908e-04 time=0.172s
[RQ-VAE] epoch=1258 loss=0.00032299 recon=0.00007274 beh=6.269695 w=0.000 lr=5.905e-04 time=0.172s
[RQ-VAE] epoch=1259 loss=0.00032284 recon=0.00007275 beh=6.265481 w=0.000 lr=5.902e-04 time=0.172s
[RQ-VAE] epoch=1260 loss=0.00032165 recon=0.00007290 beh=6.269178 w=0.000 lr=5.898e-04 time=0.173s
[RQ-VAE] epoch=1261 loss=0.00032142 recon=0.00007268 beh=6.270370 w=0.000 lr=5.895e-04 time=0.172s
[RQ-VAE] epoch=1262 loss=0.00032104 recon=0.00007270 beh=6.265952 w=0.000 lr=5.892e-04 time=0.173s
[RQ-VAE] epoch=1263 loss=0.00032111 recon=0.00007271 beh=6.269070 w=0.000 lr=5.888e-04 time=0.171s
[RQ-VAE] epoch=1264 loss=0.00032213 recon=0.00007260 beh=6.267960 w=0.000 lr=5.885e-04 time=0.172s
[RQ-VAE] epoch=1265 loss=0.00031996 recon=0.00007263 beh=6.266682 w=0.000 lr=5.881e-04 time=0.172s
[RQ-VAE] epoch=1266 loss=0.00031970 recon=0.00007270 beh=6.265189 w=0.000 lr=5.878e-04 time=0.172s
[RQ-VAE] epoch=1267 loss=0.00031987 recon=0.00007266 beh=6.266379 w=0.000 lr=5.875e-04 time=0.171s
[RQ-VAE] epoch=1268 loss=0.00032048 recon=0.00007257 beh=6.267700 w=0.000 lr=5.871e-04 time=0.171s
[RQ-VAE] epoch=1269 loss=0.00032027 recon=0.00007271 beh=6.267220 w=0.000 lr=5.868e-04 time=0.173s
[RQ-VAE] epoch=1270 loss=0.00032135 recon=0.00007275 beh=6.264742 w=0.000 lr=5.864e-04 time=0.174s
[RQ-VAE] epoch=1271 loss=0.00032104 recon=0.00007278 beh=6.267384 w=0.000 lr=5.861e-04 time=0.172s
[RQ-VAE] epoch=1272 loss=0.00032125 recon=0.00007258 beh=6.268519 w=0.000 lr=5.858e-04 time=0.172s
[RQ-VAE] epoch=1273 loss=0.00032126 recon=0.00007263 beh=6.267344 w=0.000 lr=5.854e-04 time=0.173s
[RQ-VAE] epoch=1274 loss=0.00032216 recon=0.00007280 beh=6.267042 w=0.000 lr=5.851e-04 time=0.172s
[RQ-VAE] epoch=1275 loss=0.00032151 recon=0.00007249 beh=6.269079 w=0.000 lr=5.847e-04 time=0.173s
[RQ-VAE] epoch=1276 loss=0.00032167 recon=0.00007262 beh=6.268184 w=0.000 lr=5.844e-04 time=0.171s
[RQ-VAE] epoch=1277 loss=0.00032088 recon=0.00007281 beh=6.266716 w=0.000 lr=5.841e-04 time=0.172s
[RQ-VAE] epoch=1278 loss=0.00032236 recon=0.00007256 beh=6.267373 w=0.000 lr=5.837e-04 time=0.172s
[RQ-VAE] epoch=1279 loss=0.00032154 recon=0.00007247 beh=6.268849 w=0.000 lr=5.834e-04 time=0.172s
[RQ-VAE] epoch=1280 loss=0.00032046 recon=0.00007252 beh=6.268688 w=0.000 lr=5.831e-04 time=0.172s
[RQ-VAE] epoch=1281 loss=0.00032158 recon=0.00007280 beh=6.267709 w=0.000 lr=5.827e-04 time=0.172s
[RQ-VAE] epoch=1282 loss=0.00032209 recon=0.00007259 beh=6.269492 w=0.000 lr=5.824e-04 time=0.17s
[RQ-VAE] epoch=1283 loss=0.00032097 recon=0.00007260 beh=6.266078 w=0.000 lr=5.820e-04 time=0.171s
[RQ-VAE] epoch=1284 loss=0.00032044 recon=0.00007257 beh=6.263180 w=0.000 lr=5.817e-04 time=0.172s
[RQ-VAE] epoch=1285 loss=0.00032245 recon=0.00007257 beh=6.268378 w=0.000 lr=5.814e-04 time=0.172s
[RQ-VAE] epoch=1286 loss=0.00032132 recon=0.00007262 beh=6.268375 w=0.000 lr=5.810e-04 time=0.172s
[RQ-VAE] epoch=1287 loss=0.00032197 recon=0.00007250 beh=6.265860 w=0.000 lr=5.807e-04 time=0.171s
[RQ-VAE] epoch=1288 loss=0.00032457 recon=0.00007280 beh=6.265567 w=0.000 lr=5.803e-04 time=0.172s
[RQ-VAE] epoch=1289 loss=0.00032232 recon=0.00007270 beh=6.266860 w=0.000 lr=5.800e-04 time=0.173s
[RQ-VAE] epoch=1290 loss=0.00032245 recon=0.00007255 beh=6.267707 w=0.000 lr=5.797e-04 time=0.173s
[RQ-VAE] epoch=1291 loss=0.00032277 recon=0.00007256 beh=6.267831 w=0.000 lr=5.793e-04 time=0.173s
[RQ-VAE] epoch=1292 loss=0.00032265 recon=0.00007248 beh=6.267483 w=0.000 lr=5.790e-04 time=0.172s
[RQ-VAE] epoch=1293 loss=0.00032160 recon=0.00007272 beh=6.268541 w=0.000 lr=5.786e-04 time=0.268s
[RQ-VAE] epoch=1294 loss=0.00032100 recon=0.00007272 beh=6.266290 w=0.000 lr=5.783e-04 time=0.172s
[RQ-VAE] epoch=1295 loss=0.00032402 recon=0.00007267 beh=6.266998 w=0.000 lr=5.780e-04 time=0.173s
[RQ-VAE] epoch=1296 loss=0.00032489 recon=0.00007253 beh=6.264434 w=0.000 lr=5.776e-04 time=0.173s
[RQ-VAE] epoch=1297 loss=0.00032373 recon=0.00007269 beh=6.266093 w=0.000 lr=5.773e-04 time=0.172s
[RQ-VAE] epoch=1298 loss=0.00032383 recon=0.00007277 beh=6.269061 w=0.000 lr=5.769e-04 time=0.173s
[RQ-VAE] epoch=1299 loss=0.00032373 recon=0.00007249 beh=6.262954 w=0.000 lr=5.766e-04 time=0.172s
[RQ-VAE] epoch=1300 loss=0.00032268 recon=0.00007259 lr=5.763e-04 raw_unique=20343/24587 collision=0.172612 time=0.173s
[RQ-VAE] epoch=1301 loss=0.00032259 recon=0.00007254 beh=6.268954 w=0.000 lr=5.759e-04 time=0.172s
[RQ-VAE] epoch=1302 loss=0.00032391 recon=0.00007265 beh=6.268125 w=0.000 lr=5.756e-04 time=0.172s
[RQ-VAE] epoch=1303 loss=0.00032272 recon=0.00007259 beh=6.267765 w=0.000 lr=5.753e-04 time=0.172s
[RQ-VAE] epoch=1304 loss=0.00032313 recon=0.00007256 beh=6.267047 w=0.000 lr=5.749e-04 time=0.172s
[RQ-VAE] epoch=1305 loss=0.00032296 recon=0.00007258 beh=6.263093 w=0.000 lr=5.746e-04 time=0.173s
[RQ-VAE] epoch=1306 loss=0.00032380 recon=0.00007265 beh=6.269116 w=0.000 lr=5.742e-04 time=0.172s
[RQ-VAE] epoch=1307 loss=0.00032340 recon=0.00007244 beh=6.264562 w=0.000 lr=5.739e-04 time=0.173s
[RQ-VAE] epoch=1308 loss=0.00032188 recon=0.00007245 beh=6.267588 w=0.000 lr=5.736e-04 time=0.172s
[RQ-VAE] epoch=1309 loss=0.00031996 recon=0.00007236 beh=6.265403 w=0.000 lr=5.732e-04 time=0.172s
[RQ-VAE] epoch=1310 loss=0.00032076 recon=0.00007243 beh=6.266346 w=0.000 lr=5.729e-04 time=0.172s
[RQ-VAE] epoch=1311 loss=0.00031935 recon=0.00007225 beh=6.264984 w=0.000 lr=5.725e-04 time=0.172s
[RQ-VAE] epoch=1312 loss=0.00032024 recon=0.00007239 beh=6.266297 w=0.000 lr=5.722e-04 time=0.173s
[RQ-VAE] epoch=1313 loss=0.00032144 recon=0.00007240 beh=6.265278 w=0.000 lr=5.719e-04 time=0.173s
[RQ-VAE] epoch=1314 loss=0.00032155 recon=0.00007249 beh=6.266000 w=0.000 lr=5.715e-04 time=0.173s
[RQ-VAE] epoch=1315 loss=0.00032185 recon=0.00007243 beh=6.265989 w=0.000 lr=5.712e-04 time=0.172s
[RQ-VAE] epoch=1316 loss=0.00032085 recon=0.00007241 beh=6.263722 w=0.000 lr=5.708e-04 time=0.172s
[RQ-VAE] epoch=1317 loss=0.00032121 recon=0.00007247 beh=6.267902 w=0.000 lr=5.705e-04 time=0.173s
[RQ-VAE] epoch=1318 loss=0.00032117 recon=0.00007240 beh=6.266824 w=0.000 lr=5.702e-04 time=0.172s
[RQ-VAE] epoch=1319 loss=0.00032213 recon=0.00007246 beh=6.264609 w=0.000 lr=5.698e-04 time=0.173s
[RQ-VAE] epoch=1320 loss=0.00032221 recon=0.00007237 beh=6.263742 w=0.000 lr=5.695e-04 time=0.172s
[RQ-VAE] epoch=1321 loss=0.00032158 recon=0.00007225 beh=6.268086 w=0.000 lr=5.692e-04 time=0.172s
[RQ-VAE] epoch=1322 loss=0.00032410 recon=0.00007245 beh=6.265040 w=0.000 lr=5.688e-04 time=0.271s
[RQ-VAE] epoch=1323 loss=0.00032437 recon=0.00007228 beh=6.266314 w=0.000 lr=5.685e-04 time=0.173s
[RQ-VAE] epoch=1324 loss=0.00032366 recon=0.00007216 beh=6.269466 w=0.000 lr=5.681e-04 time=0.173s
[RQ-VAE] epoch=1325 loss=0.00032134 recon=0.00007211 beh=6.268523 w=0.000 lr=5.678e-04 time=0.174s
[RQ-VAE] epoch=1326 loss=0.00032200 recon=0.00007234 beh=6.264437 w=0.000 lr=5.675e-04 time=0.173s
[RQ-VAE] epoch=1327 loss=0.00032188 recon=0.00007215 beh=6.265713 w=0.000 lr=5.671e-04 time=0.173s
[RQ-VAE] epoch=1328 loss=0.00032114 recon=0.00007202 beh=6.266565 w=0.000 lr=5.668e-04 time=0.173s
[RQ-VAE] epoch=1329 loss=0.00031969 recon=0.00007215 beh=6.266470 w=0.000 lr=5.664e-04 time=0.172s
[RQ-VAE] epoch=1330 loss=0.00032041 recon=0.00007213 beh=6.265356 w=0.000 lr=5.661e-04 time=0.173s
[RQ-VAE] epoch=1331 loss=0.00032095 recon=0.00007213 beh=6.266879 w=0.000 lr=5.658e-04 time=0.172s
[RQ-VAE] epoch=1332 loss=0.00032073 recon=0.00007237 beh=6.269353 w=0.000 lr=5.654e-04 time=0.172s
[RQ-VAE] epoch=1333 loss=0.00032010 recon=0.00007241 beh=6.268007 w=0.000 lr=5.651e-04 time=0.173s
[RQ-VAE] epoch=1334 loss=0.00032013 recon=0.00007198 beh=6.265995 w=0.000 lr=5.647e-04 time=0.172s
[RQ-VAE] epoch=1335 loss=0.00032080 recon=0.00007213 beh=6.268287 w=0.000 lr=5.644e-04 time=0.173s
[RQ-VAE] epoch=1336 loss=0.00031972 recon=0.00007211 beh=6.267031 w=0.000 lr=5.641e-04 time=0.173s
[RQ-VAE] epoch=1337 loss=0.00031899 recon=0.00007189 beh=6.263824 w=0.000 lr=5.637e-04 time=0.172s
[RQ-VAE] epoch=1338 loss=0.00031912 recon=0.00007185 beh=6.268284 w=0.000 lr=5.634e-04 time=0.172s
[RQ-VAE] epoch=1339 loss=0.00031982 recon=0.00007207 beh=6.268484 w=0.000 lr=5.631e-04 time=0.171s
[RQ-VAE] epoch=1340 loss=0.00031880 recon=0.00007195 beh=6.265625 w=0.000 lr=5.627e-04 time=0.171s
[RQ-VAE] epoch=1341 loss=0.00031881 recon=0.00007202 beh=6.264537 w=0.000 lr=5.624e-04 time=0.172s
[RQ-VAE] epoch=1342 loss=0.00031970 recon=0.00007188 beh=6.267162 w=0.000 lr=5.620e-04 time=0.266s
[RQ-VAE] epoch=1343 loss=0.00031677 recon=0.00007192 beh=6.268320 w=0.000 lr=5.617e-04 time=0.172s
[RQ-VAE] epoch=1344 loss=0.00031729 recon=0.00007208 beh=6.268103 w=0.000 lr=5.614e-04 time=0.172s
[RQ-VAE] epoch=1345 loss=0.00031873 recon=0.00007201 beh=6.271987 w=0.000 lr=5.610e-04 time=0.172s
[RQ-VAE] epoch=1346 loss=0.00031833 recon=0.00007193 beh=6.266114 w=0.000 lr=5.607e-04 time=0.172s
[RQ-VAE] epoch=1347 loss=0.00031860 recon=0.00007192 beh=6.268408 w=0.000 lr=5.603e-04 time=0.172s
[RQ-VAE] epoch=1348 loss=0.00031755 recon=0.00007201 beh=6.268003 w=0.000 lr=5.600e-04 time=0.174s
[RQ-VAE] epoch=1349 loss=0.00031929 recon=0.00007197 beh=6.266046 w=0.000 lr=5.597e-04 time=0.172s
[RQ-VAE] epoch=1350 loss=0.00031934 recon=0.00007208 lr=5.593e-04 raw_unique=20349/24587 collision=0.172368 time=0.172s
[RQ-VAE] epoch=1351 loss=0.00031841 recon=0.00007205 beh=6.268372 w=0.000 lr=5.590e-04 time=0.172s
[RQ-VAE] epoch=1352 loss=0.00031715 recon=0.00007195 beh=6.266589 w=0.000 lr=5.586e-04 time=0.174s
[RQ-VAE] epoch=1353 loss=0.00031913 recon=0.00007182 beh=6.265350 w=0.000 lr=5.583e-04 time=0.173s
[RQ-VAE] epoch=1354 loss=0.00031662 recon=0.00007192 beh=6.266744 w=0.000 lr=5.580e-04 time=0.172s
[RQ-VAE] epoch=1355 loss=0.00031831 recon=0.00007192 beh=6.267850 w=0.000 lr=5.576e-04 time=0.172s
[RQ-VAE] epoch=1356 loss=0.00031958 recon=0.00007199 beh=6.268480 w=0.000 lr=5.573e-04 time=0.173s
[RQ-VAE] epoch=1357 loss=0.00031917 recon=0.00007185 beh=6.268683 w=0.000 lr=5.569e-04 time=0.269s
[RQ-VAE] epoch=1358 loss=0.00031872 recon=0.00007191 beh=6.267756 w=0.000 lr=5.566e-04 time=0.174s
[RQ-VAE] epoch=1359 loss=0.00032037 recon=0.00007177 beh=6.271015 w=0.000 lr=5.563e-04 time=0.173s
[RQ-VAE] epoch=1360 loss=0.00032056 recon=0.00007184 beh=6.266538 w=0.000 lr=5.559e-04 time=0.173s
[RQ-VAE] epoch=1361 loss=0.00031997 recon=0.00007195 beh=6.265392 w=0.000 lr=5.556e-04 time=0.174s
[RQ-VAE] epoch=1362 loss=0.00031867 recon=0.00007190 beh=6.268683 w=0.000 lr=5.553e-04 time=0.173s
[RQ-VAE] epoch=1363 loss=0.00031893 recon=0.00007184 beh=6.266242 w=0.000 lr=5.549e-04 time=0.171s
[RQ-VAE] epoch=1364 loss=0.00031971 recon=0.00007180 beh=6.267496 w=0.000 lr=5.546e-04 time=0.173s
[RQ-VAE] epoch=1365 loss=0.00032143 recon=0.00007171 beh=6.269351 w=0.000 lr=5.542e-04 time=0.173s
[RQ-VAE] epoch=1366 loss=0.00032059 recon=0.00007188 beh=6.268577 w=0.000 lr=5.539e-04 time=0.174s
[RQ-VAE] epoch=1367 loss=0.00031857 recon=0.00007189 beh=6.266786 w=0.000 lr=5.536e-04 time=0.173s
[RQ-VAE] epoch=1368 loss=0.00031933 recon=0.00007183 beh=6.269470 w=0.000 lr=5.532e-04 time=0.173s
[RQ-VAE] epoch=1369 loss=0.00032109 recon=0.00007185 beh=6.264852 w=0.000 lr=5.529e-04 time=0.174s
[RQ-VAE] epoch=1370 loss=0.00031957 recon=0.00007176 beh=6.265338 w=0.000 lr=5.525e-04 time=0.172s
[RQ-VAE] epoch=1371 loss=0.00031975 recon=0.00007184 beh=6.266416 w=0.000 lr=5.522e-04 time=0.173s
[RQ-VAE] epoch=1372 loss=0.00032029 recon=0.00007189 beh=6.265724 w=0.000 lr=5.519e-04 time=0.173s
[RQ-VAE] epoch=1373 loss=0.00032054 recon=0.00007179 beh=6.266148 w=0.000 lr=5.515e-04 time=0.172s
[RQ-VAE] epoch=1374 loss=0.00032082 recon=0.00007175 beh=6.268539 w=0.000 lr=5.512e-04 time=0.173s
[RQ-VAE] epoch=1375 loss=0.00032201 recon=0.00007174 beh=6.266938 w=0.000 lr=5.508e-04 time=0.173s
[RQ-VAE] epoch=1376 loss=0.00032107 recon=0.00007192 beh=6.266334 w=0.000 lr=5.505e-04 time=0.173s
[RQ-VAE] epoch=1377 loss=0.00032038 recon=0.00007171 beh=6.266767 w=0.000 lr=5.502e-04 time=0.173s
[RQ-VAE] epoch=1378 loss=0.00032032 recon=0.00007187 beh=6.267736 w=0.000 lr=5.498e-04 time=0.172s
[RQ-VAE] epoch=1379 loss=0.00032190 recon=0.00007208 beh=6.267913 w=0.000 lr=5.495e-04 time=0.175s
[RQ-VAE] epoch=1380 loss=0.00032165 recon=0.00007182 beh=6.266283 w=0.000 lr=5.492e-04 time=0.173s
[RQ-VAE] epoch=1381 loss=0.00032293 recon=0.00007172 beh=6.267469 w=0.000 lr=5.488e-04 time=0.173s
[RQ-VAE] epoch=1382 loss=0.00032344 recon=0.00007185 beh=6.263739 w=0.000 lr=5.485e-04 time=0.173s
[RQ-VAE] epoch=1383 loss=0.00032365 recon=0.00007172 beh=6.267039 w=0.000 lr=5.481e-04 time=0.173s
[RQ-VAE] epoch=1384 loss=0.00032244 recon=0.00007169 beh=6.266737 w=0.000 lr=5.478e-04 time=0.173s
[RQ-VAE] epoch=1385 loss=0.00032058 recon=0.00007177 beh=6.269498 w=0.000 lr=5.475e-04 time=0.174s
[RQ-VAE] epoch=1386 loss=0.00032246 recon=0.00007192 beh=6.268031 w=0.000 lr=5.471e-04 time=0.172s
[RQ-VAE] epoch=1387 loss=0.00032325 recon=0.00007202 beh=6.265673 w=0.000 lr=5.468e-04 time=0.173s
[RQ-VAE] epoch=1388 loss=0.00032450 recon=0.00007179 beh=6.265476 w=0.000 lr=5.464e-04 time=0.172s
[RQ-VAE] epoch=1389 loss=0.00032264 recon=0.00007185 beh=6.267353 w=0.000 lr=5.461e-04 time=0.173s
[RQ-VAE] epoch=1390 loss=0.00032481 recon=0.00007188 beh=6.268121 w=0.000 lr=5.458e-04 time=0.174s
[RQ-VAE] epoch=1391 loss=0.00032259 recon=0.00007165 beh=6.266923 w=0.000 lr=5.454e-04 time=0.172s
[RQ-VAE] epoch=1392 loss=0.00032203 recon=0.00007185 beh=6.266298 w=0.000 lr=5.451e-04 time=0.173s
[RQ-VAE] epoch=1393 loss=0.00032285 recon=0.00007179 beh=6.265977 w=0.000 lr=5.447e-04 time=0.173s
[RQ-VAE] epoch=1394 loss=0.00032218 recon=0.00007193 beh=6.265496 w=0.000 lr=5.444e-04 time=0.172s
[RQ-VAE] epoch=1395 loss=0.00032303 recon=0.00007182 beh=6.268008 w=0.000 lr=5.441e-04 time=0.174s
[RQ-VAE] epoch=1396 loss=0.00032403 recon=0.00007181 beh=6.267659 w=0.000 lr=5.437e-04 time=0.173s
[RQ-VAE] epoch=1397 loss=0.00032287 recon=0.00007175 beh=6.269512 w=0.000 lr=5.434e-04 time=0.171s
[RQ-VAE] epoch=1398 loss=0.00032105 recon=0.00007178 beh=6.264972 w=0.000 lr=5.431e-04 time=0.173s
[RQ-VAE] epoch=1399 loss=0.00032164 recon=0.00007159 beh=6.269516 w=0.000 lr=5.427e-04 time=0.174s
[RQ-VAE] epoch=1400 loss=0.00032334 recon=0.00007171 lr=5.424e-04 raw_unique=20325/24587 collision=0.173344 time=0.173s
[RQ-VAE] epoch=1401 loss=0.00032247 recon=0.00007177 beh=6.269722 w=0.000 lr=5.420e-04 time=0.173s
[RQ-VAE] epoch=1402 loss=0.00032144 recon=0.00007182 beh=6.268167 w=0.000 lr=5.417e-04 time=0.173s
[RQ-VAE] epoch=1403 loss=0.00032061 recon=0.00007170 beh=6.264217 w=0.000 lr=5.414e-04 time=0.173s
[RQ-VAE] epoch=1404 loss=0.00032065 recon=0.00007180 beh=6.267931 w=0.000 lr=5.410e-04 time=0.174s
[RQ-VAE] epoch=1405 loss=0.00032121 recon=0.00007174 beh=6.266003 w=0.000 lr=5.407e-04 time=0.174s
[RQ-VAE] epoch=1406 loss=0.00032277 recon=0.00007153 beh=6.267854 w=0.000 lr=5.403e-04 time=0.174s
[RQ-VAE] epoch=1407 loss=0.00032183 recon=0.00007165 beh=6.268262 w=0.000 lr=5.400e-04 time=0.173s
[RQ-VAE] epoch=1408 loss=0.00032123 recon=0.00007173 beh=6.267635 w=0.000 lr=5.397e-04 time=0.173s
[RQ-VAE] epoch=1409 loss=0.00032313 recon=0.00007195 beh=6.268330 w=0.000 lr=5.393e-04 time=0.172s
[RQ-VAE] epoch=1410 loss=0.00032369 recon=0.00007172 beh=6.267133 w=0.000 lr=5.390e-04 time=0.174s
[RQ-VAE] epoch=1411 loss=0.00032245 recon=0.00007179 beh=6.268136 w=0.000 lr=5.386e-04 time=0.175s
[RQ-VAE] epoch=1412 loss=0.00032475 recon=0.00007170 beh=6.263235 w=0.000 lr=5.383e-04 time=0.174s
[RQ-VAE] epoch=1413 loss=0.00032364 recon=0.00007175 beh=6.269021 w=0.000 lr=5.380e-04 time=0.269s
[RQ-VAE] epoch=1414 loss=0.00032124 recon=0.00007180 beh=6.269929 w=0.000 lr=5.376e-04 time=0.172s
[RQ-VAE] epoch=1415 loss=0.00032248 recon=0.00007176 beh=6.268867 w=0.000 lr=5.373e-04 time=0.173s
[RQ-VAE] epoch=1416 loss=0.00032368 recon=0.00007177 beh=6.269594 w=0.000 lr=5.369e-04 time=0.173s
[RQ-VAE] epoch=1417 loss=0.00032311 recon=0.00007169 beh=6.267286 w=0.000 lr=5.366e-04 time=0.173s
[RQ-VAE] epoch=1418 loss=0.00032245 recon=0.00007165 beh=6.266198 w=0.000 lr=5.363e-04 time=0.174s
[RQ-VAE] epoch=1419 loss=0.00032285 recon=0.00007164 beh=6.264986 w=0.000 lr=5.359e-04 time=0.173s
[RQ-VAE] epoch=1420 loss=0.00032517 recon=0.00007160 beh=6.268364 w=0.000 lr=5.356e-04 time=0.173s
[RQ-VAE] epoch=1421 loss=0.00032303 recon=0.00007176 beh=6.263845 w=0.000 lr=5.353e-04 time=0.174s
[RQ-VAE] epoch=1422 loss=0.00032213 recon=0.00007180 beh=6.266097 w=0.000 lr=5.349e-04 time=0.173s
[RQ-VAE] epoch=1423 loss=0.00032230 recon=0.00007172 beh=6.268119 w=0.000 lr=5.346e-04 time=0.173s
[RQ-VAE] epoch=1424 loss=0.00032308 recon=0.00007175 beh=6.268220 w=0.000 lr=5.342e-04 time=0.173s
[RQ-VAE] epoch=1425 loss=0.00032203 recon=0.00007167 beh=6.267905 w=0.000 lr=5.339e-04 time=0.173s
[RQ-VAE] epoch=1426 loss=0.00032076 recon=0.00007164 beh=6.267310 w=0.000 lr=5.336e-04 time=0.173s
[RQ-VAE] epoch=1427 loss=0.00032099 recon=0.00007172 beh=6.267065 w=0.000 lr=5.332e-04 time=0.173s
[RQ-VAE] epoch=1428 loss=0.00032045 recon=0.00007169 beh=6.267400 w=0.000 lr=5.329e-04 time=0.173s
[RQ-VAE] epoch=1429 loss=0.00032082 recon=0.00007170 beh=6.269317 w=0.000 lr=5.325e-04 time=0.172s
[RQ-VAE] epoch=1430 loss=0.00032161 recon=0.00007166 beh=6.267020 w=0.000 lr=5.322e-04 time=0.173s
[RQ-VAE] epoch=1431 loss=0.00032100 recon=0.00007165 beh=6.266226 w=0.000 lr=5.319e-04 time=0.172s
[RQ-VAE] epoch=1432 loss=0.00031970 recon=0.00007178 beh=6.268641 w=0.000 lr=5.315e-04 time=0.172s
[RQ-VAE] epoch=1433 loss=0.00032019 recon=0.00007160 beh=6.266500 w=0.000 lr=5.312e-04 time=0.173s
[RQ-VAE] epoch=1434 loss=0.00032093 recon=0.00007178 beh=6.266847 w=0.000 lr=5.308e-04 time=0.173s
[RQ-VAE] epoch=1435 loss=0.00032123 recon=0.00007164 beh=6.267532 w=0.000 lr=5.305e-04 time=0.173s
[RQ-VAE] epoch=1436 loss=0.00032156 recon=0.00007171 beh=6.267459 w=0.000 lr=5.302e-04 time=0.173s
[RQ-VAE] epoch=1437 loss=0.00032033 recon=0.00007170 beh=6.264740 w=0.000 lr=5.298e-04 time=0.174s
[RQ-VAE] epoch=1438 loss=0.00032137 recon=0.00007148 beh=6.265868 w=0.000 lr=5.295e-04 time=0.173s
[RQ-VAE] epoch=1439 loss=0.00032120 recon=0.00007159 beh=6.267725 w=0.000 lr=5.292e-04 time=0.173s
[RQ-VAE] epoch=1440 loss=0.00032006 recon=0.00007154 beh=6.267748 w=0.000 lr=5.288e-04 time=0.174s
[RQ-VAE] epoch=1441 loss=0.00031961 recon=0.00007172 beh=6.265074 w=0.000 lr=5.285e-04 time=0.171s
[RQ-VAE] epoch=1442 loss=0.00032252 recon=0.00007187 beh=6.267216 w=0.000 lr=5.281e-04 time=0.266s
[RQ-VAE] epoch=1443 loss=0.00032106 recon=0.00007152 beh=6.268410 w=0.000 lr=5.278e-04 time=0.172s
[RQ-VAE] epoch=1444 loss=0.00032060 recon=0.00007145 beh=6.269955 w=0.000 lr=5.275e-04 time=0.173s
[RQ-VAE] epoch=1445 loss=0.00032150 recon=0.00007164 beh=6.266168 w=0.000 lr=5.271e-04 time=0.173s
[RQ-VAE] epoch=1446 loss=0.00032141 recon=0.00007163 beh=6.265508 w=0.000 lr=5.268e-04 time=0.173s
[RQ-VAE] epoch=1447 loss=0.00031998 recon=0.00007150 beh=6.266719 w=0.000 lr=5.264e-04 time=0.173s
[RQ-VAE] epoch=1448 loss=0.00031949 recon=0.00007144 beh=6.266307 w=0.000 lr=5.261e-04 time=0.174s
[RQ-VAE] epoch=1449 loss=0.00031870 recon=0.00007139 beh=6.266746 w=0.000 lr=5.258e-04 time=0.173s
[RQ-VAE] epoch=1450 loss=0.00031996 recon=0.00007139 lr=5.254e-04 raw_unique=20364/24587 collision=0.171757 time=0.173s
[RQ-VAE] epoch=1451 loss=0.00032117 recon=0.00007147 beh=6.267200 w=0.000 lr=5.251e-04 time=0.174s
[RQ-VAE] epoch=1452 loss=0.00032058 recon=0.00007151 beh=6.270006 w=0.000 lr=5.247e-04 time=0.173s
[RQ-VAE] epoch=1453 loss=0.00031935 recon=0.00007152 beh=6.267040 w=0.000 lr=5.244e-04 time=0.173s
[RQ-VAE] epoch=1454 loss=0.00032093 recon=0.00007140 beh=6.267984 w=0.000 lr=5.241e-04 time=0.173s
[RQ-VAE] epoch=1455 loss=0.00032225 recon=0.00007152 beh=6.266094 w=0.000 lr=5.237e-04 time=0.173s
[RQ-VAE] epoch=1456 loss=0.00032148 recon=0.00007150 beh=6.269611 w=0.000 lr=5.234e-04 time=0.174s
[RQ-VAE] epoch=1457 loss=0.00032074 recon=0.00007153 beh=6.268920 w=0.000 lr=5.231e-04 time=0.172s
[RQ-VAE] epoch=1458 loss=0.00032079 recon=0.00007124 beh=6.267132 w=0.000 lr=5.227e-04 time=0.172s
[RQ-VAE] epoch=1459 loss=0.00032039 recon=0.00007137 beh=6.266555 w=0.000 lr=5.224e-04 time=0.174s
[RQ-VAE] epoch=1460 loss=0.00032150 recon=0.00007139 beh=6.268870 w=0.000 lr=5.220e-04 time=0.173s
[RQ-VAE] epoch=1461 loss=0.00032008 recon=0.00007138 beh=6.267331 w=0.000 lr=5.217e-04 time=0.172s
[RQ-VAE] epoch=1462 loss=0.00031971 recon=0.00007134 beh=6.266541 w=0.000 lr=5.214e-04 time=0.269s
[RQ-VAE] epoch=1463 loss=0.00032063 recon=0.00007140 beh=6.268326 w=0.000 lr=5.210e-04 time=0.172s
[RQ-VAE] epoch=1464 loss=0.00032065 recon=0.00007144 beh=6.269131 w=0.000 lr=5.207e-04 time=0.174s
[RQ-VAE] epoch=1465 loss=0.00032216 recon=0.00007144 beh=6.268404 w=0.000 lr=5.203e-04 time=0.173s
[RQ-VAE] epoch=1466 loss=0.00032109 recon=0.00007120 beh=6.269343 w=0.000 lr=5.200e-04 time=0.175s
[RQ-VAE] epoch=1467 loss=0.00032044 recon=0.00007140 beh=6.267760 w=0.000 lr=5.197e-04 time=0.173s
[RQ-VAE] epoch=1468 loss=0.00032071 recon=0.00007140 beh=6.267625 w=0.000 lr=5.193e-04 time=0.174s
[RQ-VAE] epoch=1469 loss=0.00032126 recon=0.00007137 beh=6.267900 w=0.000 lr=5.190e-04 time=0.173s
[RQ-VAE] epoch=1470 loss=0.00032165 recon=0.00007123 beh=6.268847 w=0.000 lr=5.186e-04 time=0.173s
[RQ-VAE] epoch=1471 loss=0.00032041 recon=0.00007127 beh=6.266211 w=0.000 lr=5.183e-04 time=0.173s
[RQ-VAE] epoch=1472 loss=0.00031952 recon=0.00007147 beh=6.266406 w=0.000 lr=5.180e-04 time=0.174s
[RQ-VAE] epoch=1473 loss=0.00032033 recon=0.00007131 beh=6.265177 w=0.000 lr=5.176e-04 time=0.172s
[RQ-VAE] epoch=1474 loss=0.00032059 recon=0.00007125 beh=6.266041 w=0.000 lr=5.173e-04 time=0.173s
[RQ-VAE] epoch=1475 loss=0.00032237 recon=0.00007122 beh=6.264894 w=0.000 lr=5.169e-04 time=0.173s
[RQ-VAE] epoch=1476 loss=0.00032069 recon=0.00007126 beh=6.266357 w=0.000 lr=5.166e-04 time=0.174s
[RQ-VAE] epoch=1477 loss=0.00032002 recon=0.00007117 beh=6.267677 w=0.000 lr=5.163e-04 time=0.266s
[RQ-VAE] epoch=1478 loss=0.00032043 recon=0.00007126 beh=6.268145 w=0.000 lr=5.159e-04 time=0.173s
[RQ-VAE] epoch=1479 loss=0.00032130 recon=0.00007119 beh=6.269576 w=0.000 lr=5.156e-04 time=0.173s
[RQ-VAE] epoch=1480 loss=0.00032204 recon=0.00007108 beh=6.267956 w=0.000 lr=5.153e-04 time=0.173s
[RQ-VAE] epoch=1481 loss=0.00032117 recon=0.00007135 beh=6.268747 w=0.000 lr=5.149e-04 time=0.174s
[RQ-VAE] epoch=1482 loss=0.00032109 recon=0.00007122 beh=6.266008 w=0.000 lr=5.146e-04 time=0.173s
[RQ-VAE] epoch=1483 loss=0.00032057 recon=0.00007123 beh=6.267476 w=0.000 lr=5.142e-04 time=0.173s
[RQ-VAE] epoch=1484 loss=0.00032161 recon=0.00007137 beh=6.265512 w=0.000 lr=5.139e-04 time=0.173s
[RQ-VAE] epoch=1485 loss=0.00032119 recon=0.00007119 beh=6.267378 w=0.000 lr=5.136e-04 time=0.174s
[RQ-VAE] epoch=1486 loss=0.00032040 recon=0.00007121 beh=6.267817 w=0.000 lr=5.132e-04 time=0.173s
[RQ-VAE] epoch=1487 loss=0.00032045 recon=0.00007113 beh=6.269206 w=0.000 lr=5.129e-04 time=0.173s
[RQ-VAE] epoch=1488 loss=0.00031891 recon=0.00007126 beh=6.267073 w=0.000 lr=5.125e-04 time=0.172s
[RQ-VAE] epoch=1489 loss=0.00031934 recon=0.00007120 beh=6.270822 w=0.000 lr=5.122e-04 time=0.173s
[RQ-VAE] epoch=1490 loss=0.00031957 recon=0.00007112 beh=6.267966 w=0.000 lr=5.119e-04 time=0.173s
[RQ-VAE] epoch=1491 loss=0.00031845 recon=0.00007109 beh=6.265172 w=0.000 lr=5.115e-04 time=0.173s
[RQ-VAE] epoch=1492 loss=0.00031893 recon=0.00007108 beh=6.265893 w=0.000 lr=5.112e-04 time=0.173s
[RQ-VAE] epoch=1493 loss=0.00031879 recon=0.00007112 beh=6.264992 w=0.000 lr=5.108e-04 time=0.173s
[RQ-VAE] epoch=1494 loss=0.00031903 recon=0.00007123 beh=6.269388 w=0.000 lr=5.105e-04 time=0.174s
[RQ-VAE] epoch=1495 loss=0.00031989 recon=0.00007116 beh=6.266282 w=0.000 lr=5.102e-04 time=0.173s
[RQ-VAE] epoch=1496 loss=0.00032021 recon=0.00007121 beh=6.264272 w=0.000 lr=5.098e-04 time=0.173s
[RQ-VAE] epoch=1497 loss=0.00031857 recon=0.00007110 beh=6.266801 w=0.000 lr=5.095e-04 time=0.172s
[RQ-VAE] epoch=1498 loss=0.00031749 recon=0.00007110 beh=6.266979 w=0.000 lr=5.092e-04 time=0.173s
[RQ-VAE] epoch=1499 loss=0.00031934 recon=0.00007117 beh=6.266315 w=0.000 lr=5.088e-04 time=0.176s
[RQ-VAE] epoch=1500 loss=0.00032096 recon=0.00007103 lr=5.085e-04 raw_unique=20253/24587 collision=0.176272 time=0.173s
[RQ-VAE] epoch=1501 loss=0.00115657 recon=0.00007102 beh=6.263661 w=0.000 lr=5.081e-04 time=0.175s
[RQ-VAE] epoch=1502 loss=0.00198757 recon=0.00007177 beh=6.251112 w=0.000 lr=5.078e-04 time=0.173s
[RQ-VAE] epoch=1503 loss=0.00281428 recon=0.00007288 beh=6.240438 w=0.000 lr=5.075e-04 time=0.172s
[RQ-VAE] epoch=1504 loss=0.00363998 recon=0.00007419 beh=6.232961 w=0.001 lr=5.071e-04 time=0.173s
[RQ-VAE] epoch=1505 loss=0.00446093 recon=0.00007613 beh=6.221250 w=0.001 lr=5.068e-04 time=0.174s
[RQ-VAE] epoch=1506 loss=0.00527940 recon=0.00007817 beh=6.211658 w=0.001 lr=5.064e-04 time=0.173s
[RQ-VAE] epoch=1507 loss=0.00609835 recon=0.00007982 beh=6.205995 w=0.001 lr=5.061e-04 time=0.174s
[RQ-VAE] epoch=1508 loss=0.00691594 recon=0.00008137 beh=6.195657 w=0.001 lr=5.058e-04 time=0.174s
[RQ-VAE] epoch=1509 loss=0.00774097 recon=0.00008228 beh=6.195089 w=0.001 lr=5.054e-04 time=0.173s
[RQ-VAE] epoch=1510 loss=0.00855964 recon=0.00008436 beh=6.190162 w=0.001 lr=5.051e-04 time=0.171s
[RQ-VAE] epoch=1511 loss=0.00937831 recon=0.00008576 beh=6.185575 w=0.001 lr=5.047e-04 time=0.172s
[RQ-VAE] epoch=1512 loss=0.01019834 recon=0.00008646 beh=6.182481 w=0.002 lr=5.044e-04 time=0.172s
[RQ-VAE] epoch=1513 loss=0.01101915 recon=0.00008787 beh=6.179370 w=0.002 lr=5.041e-04 time=0.172s
[RQ-VAE] epoch=1514 loss=0.01183356 recon=0.00008895 beh=6.175071 w=0.002 lr=5.037e-04 time=0.173s
[RQ-VAE] epoch=1515 loss=0.01264269 recon=0.00009025 beh=6.169148 w=0.002 lr=5.034e-04 time=0.173s
[RQ-VAE] epoch=1516 loss=0.01346918 recon=0.00009082 beh=6.171528 w=0.002 lr=5.031e-04 time=0.173s
[RQ-VAE] epoch=1517 loss=0.01427469 recon=0.00009195 beh=6.163392 w=0.002 lr=5.027e-04 time=0.173s
[RQ-VAE] epoch=1518 loss=0.01509186 recon=0.00009244 beh=6.163257 w=0.002 lr=5.024e-04 time=0.173s
[RQ-VAE] epoch=1519 loss=0.01590434 recon=0.00009274 beh=6.160925 w=0.003 lr=5.020e-04 time=0.172s
[RQ-VAE] epoch=1520 loss=0.01670870 recon=0.00009330 beh=6.154307 w=0.003 lr=5.017e-04 time=0.172s
[RQ-VAE] epoch=1521 loss=0.01755365 recon=0.00009366 beh=6.163102 w=0.003 lr=5.014e-04 time=0.173s
[RQ-VAE] epoch=1522 loss=0.01834920 recon=0.00009347 beh=6.155941 w=0.003 lr=5.010e-04 time=0.174s
[RQ-VAE] epoch=1523 loss=0.01917660 recon=0.00009470 beh=6.158510 w=0.003 lr=5.007e-04 time=0.174s
[RQ-VAE] epoch=1524 loss=0.01999823 recon=0.00009509 beh=6.158875 w=0.003 lr=5.003e-04 time=0.174s
[RQ-VAE] epoch=1525 loss=0.02081491 recon=0.00009533 beh=6.156468 w=0.003 lr=5.000e-04 time=0.173s
[RQ-VAE] epoch=1526 loss=0.02161841 recon=0.00009678 beh=6.151389 w=0.003 lr=4.997e-04 time=0.174s
[RQ-VAE] epoch=1527 loss=0.02241526 recon=0.00009595 beh=6.146428 w=0.004 lr=4.993e-04 time=0.173s
[RQ-VAE] epoch=1528 loss=0.02324438 recon=0.00009696 beh=6.149367 w=0.004 lr=4.990e-04 time=0.174s
[RQ-VAE] epoch=1529 loss=0.02407973 recon=0.00009745 beh=6.152848 w=0.004 lr=4.986e-04 time=0.174s
[RQ-VAE] epoch=1530 loss=0.02489251 recon=0.00009774 beh=6.150140 w=0.004 lr=4.983e-04 time=0.173s
[RQ-VAE] epoch=1531 loss=0.02568553 recon=0.00009816 beh=6.144419 w=0.004 lr=4.980e-04 time=0.174s
[RQ-VAE] epoch=1532 loss=0.02651506 recon=0.00009815 beh=6.146923 w=0.004 lr=4.976e-04 time=0.174s
[RQ-VAE] epoch=1533 loss=0.02732907 recon=0.00009843 beh=6.146405 w=0.004 lr=4.973e-04 time=0.172s
[RQ-VAE] epoch=1534 loss=0.02813739 recon=0.00009921 beh=6.143455 w=0.005 lr=4.969e-04 time=0.267s
[RQ-VAE] epoch=1535 loss=0.02896961 recon=0.00010004 beh=6.146389 w=0.005 lr=4.966e-04 time=0.174s
[RQ-VAE] epoch=1536 loss=0.02977959 recon=0.00010045 beh=6.144956 w=0.005 lr=4.963e-04 time=0.175s
[RQ-VAE] epoch=1537 loss=0.03059996 recon=0.00010102 beh=6.144554 w=0.005 lr=4.959e-04 time=0.173s
[RQ-VAE] epoch=1538 loss=0.03140604 recon=0.00010030 beh=6.142083 w=0.005 lr=4.956e-04 time=0.174s
[RQ-VAE] epoch=1539 loss=0.03223456 recon=0.00010163 beh=6.143565 w=0.005 lr=4.953e-04 time=0.173s
[RQ-VAE] epoch=1540 loss=0.03307560 recon=0.00010227 beh=6.147287 w=0.005 lr=4.949e-04 time=0.175s
[RQ-VAE] epoch=1541 loss=0.03383878 recon=0.00010202 beh=6.137249 w=0.005 lr=4.946e-04 time=0.174s
[RQ-VAE] epoch=1542 loss=0.03466564 recon=0.00010269 beh=6.140240 w=0.006 lr=4.942e-04 time=0.174s
[RQ-VAE] epoch=1543 loss=0.03548016 recon=0.00010405 beh=6.138513 w=0.006 lr=4.939e-04 time=0.174s
[RQ-VAE] epoch=1544 loss=0.03627002 recon=0.00010289 beh=6.134151 w=0.006 lr=4.936e-04 time=0.173s
[RQ-VAE] epoch=1545 loss=0.03713466 recon=0.00010339 beh=6.141826 w=0.006 lr=4.932e-04 time=0.173s
[RQ-VAE] epoch=1546 loss=0.03792590 recon=0.00010375 beh=6.136863 w=0.006 lr=4.929e-04 time=0.173s
[RQ-VAE] epoch=1547 loss=0.03874499 recon=0.00010362 beh=6.136292 w=0.006 lr=4.925e-04 time=0.174s
[RQ-VAE] epoch=1548 loss=0.03958850 recon=0.00010306 beh=6.141913 w=0.006 lr=4.922e-04 time=0.173s
[RQ-VAE] epoch=1549 loss=0.04040145 recon=0.00010578 beh=6.141017 w=0.007 lr=4.919e-04 time=0.173s
[RQ-VAE] epoch=1550 loss=0.04119850 recon=0.00010373 lr=4.915e-04 raw_unique=19032/24587 collision=0.225932 time=0.173s
[RQ-VAE] epoch=1551 loss=0.04202100 recon=0.00010401 beh=6.138830 w=0.007 lr=4.912e-04 time=0.175s
[RQ-VAE] epoch=1552 loss=0.04280861 recon=0.00010522 beh=6.133275 w=0.007 lr=4.908e-04 time=0.173s
[RQ-VAE] epoch=1553 loss=0.04363597 recon=0.00010520 beh=6.135695 w=0.007 lr=4.905e-04 time=0.174s
[RQ-VAE] epoch=1554 loss=0.04445962 recon=0.00010538 beh=6.135839 w=0.007 lr=4.902e-04 time=0.173s
[RQ-VAE] epoch=1555 loss=0.04527765 recon=0.00010559 beh=6.135813 w=0.007 lr=4.898e-04 time=0.173s
[RQ-VAE] epoch=1556 loss=0.04609026 recon=0.00010602 beh=6.135628 w=0.007 lr=4.895e-04 time=0.173s
[RQ-VAE] epoch=1557 loss=0.04692554 recon=0.00010553 beh=6.138332 w=0.008 lr=4.892e-04 time=0.174s
[RQ-VAE] epoch=1558 loss=0.04775690 recon=0.00010655 beh=6.139982 w=0.008 lr=4.888e-04 time=0.174s
[RQ-VAE] epoch=1559 loss=0.04851460 recon=0.00010776 beh=6.132154 w=0.008 lr=4.885e-04 time=0.173s
[RQ-VAE] epoch=1560 loss=0.04936475 recon=0.00010708 beh=6.136338 w=0.008 lr=4.881e-04 time=0.173s
[RQ-VAE] epoch=1561 loss=0.05018263 recon=0.00010757 beh=6.135554 w=0.008 lr=4.878e-04 time=0.174s
[RQ-VAE] epoch=1562 loss=0.05097922 recon=0.00010677 beh=6.133425 w=0.008 lr=4.875e-04 time=0.173s
[RQ-VAE] epoch=1563 loss=0.05178372 recon=0.00010764 beh=6.131664 w=0.008 lr=4.871e-04 time=0.269s
[RQ-VAE] epoch=1564 loss=0.05261534 recon=0.00010947 beh=6.132790 w=0.009 lr=4.868e-04 time=0.174s
[RQ-VAE] epoch=1565 loss=0.05342529 recon=0.00010749 beh=6.132600 w=0.009 lr=4.864e-04 time=0.173s
[RQ-VAE] epoch=1566 loss=0.05421261 recon=0.00010807 beh=6.129655 w=0.009 lr=4.861e-04 time=0.174s
[RQ-VAE] epoch=1567 loss=0.05508055 recon=0.00010815 beh=6.134123 w=0.009 lr=4.858e-04 time=0.182s
[RQ-VAE] epoch=1568 loss=0.05589817 recon=0.00010977 beh=6.133202 w=0.009 lr=4.854e-04 time=0.182s
[RQ-VAE] epoch=1569 loss=0.05672204 recon=0.00010872 beh=6.134852 w=0.009 lr=4.851e-04 time=0.18s
[RQ-VAE] epoch=1570 loss=0.05749914 recon=0.00010827 beh=6.131449 w=0.009 lr=4.847e-04 time=0.18s
[RQ-VAE] epoch=1571 loss=0.05832109 recon=0.00010761 beh=6.131595 w=0.009 lr=4.844e-04 time=0.18s
[RQ-VAE] epoch=1572 loss=0.05914906 recon=0.00010820 beh=6.132938 w=0.010 lr=4.841e-04 time=0.18s
[RQ-VAE] epoch=1573 loss=0.05992617 recon=0.00010940 beh=6.129090 w=0.010 lr=4.837e-04 time=0.179s
[RQ-VAE] epoch=1574 loss=0.06076022 recon=0.00010867 beh=6.131112 w=0.010 lr=4.834e-04 time=0.179s
[RQ-VAE] epoch=1575 loss=0.06163006 recon=0.00010875 beh=6.136331 w=0.010 lr=4.831e-04 time=0.18s
[RQ-VAE] epoch=1576 loss=0.06243577 recon=0.00010913 beh=6.134836 w=0.010 lr=4.827e-04 time=0.18s
[RQ-VAE] epoch=1577 loss=0.06323630 recon=0.00010894 beh=6.133587 w=0.010 lr=4.824e-04 time=0.18s
[RQ-VAE] epoch=1578 loss=0.06408352 recon=0.00011078 beh=6.135130 w=0.010 lr=4.820e-04 time=0.179s
[RQ-VAE] epoch=1579 loss=0.06490312 recon=0.00010916 beh=6.135489 w=0.011 lr=4.817e-04 time=0.179s
[RQ-VAE] epoch=1580 loss=0.06568985 recon=0.00010991 beh=6.133143 w=0.011 lr=4.814e-04 time=0.18s
[RQ-VAE] epoch=1581 loss=0.06652568 recon=0.00011080 beh=6.134216 w=0.011 lr=4.810e-04 time=0.179s
[RQ-VAE] epoch=1582 loss=0.06732924 recon=0.00011156 beh=6.133317 w=0.011 lr=4.807e-04 time=0.284s
[RQ-VAE] epoch=1583 loss=0.06812430 recon=0.00011157 beh=6.130600 w=0.011 lr=4.803e-04 time=0.173s
[RQ-VAE] epoch=1584 loss=0.06892733 recon=0.00011147 beh=6.129364 w=0.011 lr=4.800e-04 time=0.174s
[RQ-VAE] epoch=1585 loss=0.06973466 recon=0.00011148 beh=6.129379 w=0.011 lr=4.797e-04 time=0.174s
[RQ-VAE] epoch=1586 loss=0.07053608 recon=0.00011075 beh=6.127669 w=0.011 lr=4.793e-04 time=0.174s
[RQ-VAE] epoch=1587 loss=0.07139545 recon=0.00010988 beh=6.131448 w=0.012 lr=4.790e-04 time=0.174s
[RQ-VAE] epoch=1588 loss=0.07225486 recon=0.00011083 beh=6.135237 w=0.012 lr=4.786e-04 time=0.174s
[RQ-VAE] epoch=1589 loss=0.07305861 recon=0.00011181 beh=6.133588 w=0.012 lr=4.783e-04 time=0.174s
[RQ-VAE] epoch=1590 loss=0.07382432 recon=0.00011225 beh=6.129496 w=0.012 lr=4.780e-04 time=0.174s
[RQ-VAE] epoch=1591 loss=0.07472329 recon=0.00011231 beh=6.136062 w=0.012 lr=4.776e-04 time=0.174s
[RQ-VAE] epoch=1592 loss=0.07551669 recon=0.00011216 beh=6.134130 w=0.012 lr=4.773e-04 time=0.173s
[RQ-VAE] epoch=1593 loss=0.07629384 recon=0.00011339 beh=6.130746 w=0.012 lr=4.769e-04 time=0.174s
[RQ-VAE] epoch=1594 loss=0.07712916 recon=0.00011251 beh=6.132197 w=0.013 lr=4.766e-04 time=0.175s
[RQ-VAE] epoch=1595 loss=0.07791167 recon=0.00011246 beh=6.129756 w=0.013 lr=4.763e-04 time=0.175s
[RQ-VAE] epoch=1596 loss=0.07876730 recon=0.00011276 beh=6.132547 w=0.013 lr=4.759e-04 time=0.173s
[RQ-VAE] epoch=1597 loss=0.07951802 recon=0.00011292 beh=6.127183 w=0.013 lr=4.756e-04 time=0.268s
[RQ-VAE] epoch=1598 loss=0.08040859 recon=0.00011281 beh=6.133104 w=0.013 lr=4.753e-04 time=0.172s
[RQ-VAE] epoch=1599 loss=0.08115454 recon=0.00011345 beh=6.127551 w=0.013 lr=4.749e-04 time=0.173s
[RQ-VAE] epoch=1600 loss=0.08207650 recon=0.00011317 lr=4.746e-04 raw_unique=18951/24587 collision=0.229227 time=0.172s
[RQ-VAE] epoch=1601 loss=0.08280173 recon=0.00011187 beh=6.128368 w=0.013 lr=4.742e-04 time=0.174s
[RQ-VAE] epoch=1602 loss=0.08364324 recon=0.00011340 beh=6.130031 w=0.014 lr=4.739e-04 time=0.173s
[RQ-VAE] epoch=1603 loss=0.08445946 recon=0.00011388 beh=6.130020 w=0.014 lr=4.736e-04 time=0.173s
[RQ-VAE] epoch=1604 loss=0.08533434 recon=0.00011249 beh=6.134226 w=0.014 lr=4.732e-04 time=0.172s
[RQ-VAE] epoch=1605 loss=0.08613126 recon=0.00011379 beh=6.133116 w=0.014 lr=4.729e-04 time=0.172s
[RQ-VAE] epoch=1606 loss=0.08691637 recon=0.00011314 beh=6.130605 w=0.014 lr=4.725e-04 time=0.173s
[RQ-VAE] epoch=1607 loss=0.08769934 recon=0.00011313 beh=6.128130 w=0.014 lr=4.722e-04 time=0.172s
[RQ-VAE] epoch=1608 loss=0.08861055 recon=0.00011293 beh=6.134803 w=0.014 lr=4.719e-04 time=0.172s
[RQ-VAE] epoch=1609 loss=0.08940396 recon=0.00011323 beh=6.133041 w=0.015 lr=4.715e-04 time=0.173s
[RQ-VAE] epoch=1610 loss=0.09022738 recon=0.00011342 beh=6.133817 w=0.015 lr=4.712e-04 time=0.173s
[RQ-VAE] epoch=1611 loss=0.09101462 recon=0.00011409 beh=6.131584 w=0.015 lr=4.708e-04 time=0.172s
[RQ-VAE] epoch=1612 loss=0.09187128 recon=0.00011399 beh=6.134360 w=0.015 lr=4.705e-04 time=0.172s
[RQ-VAE] epoch=1613 loss=0.09261616 recon=0.00011376 beh=6.129166 w=0.015 lr=4.702e-04 time=0.172s
[RQ-VAE] epoch=1614 loss=0.09347849 recon=0.00011401 beh=6.132516 w=0.015 lr=4.698e-04 time=0.173s
[RQ-VAE] epoch=1615 loss=0.09429375 recon=0.00011486 beh=6.132180 w=0.015 lr=4.695e-04 time=0.172s
[RQ-VAE] epoch=1616 loss=0.09502629 recon=0.00011498 beh=6.126514 w=0.015 lr=4.692e-04 time=0.173s
[RQ-VAE] epoch=1617 loss=0.09590677 recon=0.00011470 beh=6.130650 w=0.016 lr=4.688e-04 time=0.173s
[RQ-VAE] epoch=1618 loss=0.09683744 recon=0.00011414 beh=6.137964 w=0.016 lr=4.685e-04 time=0.172s
[RQ-VAE] epoch=1619 loss=0.09755197 recon=0.00011468 beh=6.131288 w=0.016 lr=4.681e-04 time=0.172s
[RQ-VAE] epoch=1620 loss=0.09832866 recon=0.00011490 beh=6.128920 w=0.016 lr=4.678e-04 time=0.172s
[RQ-VAE] epoch=1621 loss=0.09912714 recon=0.00011551 beh=6.127535 w=0.016 lr=4.675e-04 time=0.172s
[RQ-VAE] epoch=1622 loss=0.10004102 recon=0.00011633 beh=6.133348 w=0.016 lr=4.671e-04 time=0.172s
[RQ-VAE] epoch=1623 loss=0.10089501 recon=0.00011448 beh=6.135721 w=0.016 lr=4.668e-04 time=0.172s
[RQ-VAE] epoch=1624 loss=0.10166658 recon=0.00011540 beh=6.133020 w=0.017 lr=4.664e-04 time=0.171s
[RQ-VAE] epoch=1625 loss=0.10239922 recon=0.00011589 beh=6.127821 w=0.017 lr=4.661e-04 time=0.172s
[RQ-VAE] epoch=1626 loss=0.10326053 recon=0.00011670 beh=6.130294 w=0.017 lr=4.658e-04 time=0.172s
[RQ-VAE] epoch=1627 loss=0.10396554 recon=0.00011678 beh=6.123139 w=0.017 lr=4.654e-04 time=0.172s
[RQ-VAE] epoch=1628 loss=0.10486535 recon=0.00011733 beh=6.128664 w=0.017 lr=4.651e-04 time=0.172s
[RQ-VAE] epoch=1629 loss=0.10568255 recon=0.00011729 beh=6.128747 w=0.017 lr=4.647e-04 time=0.172s
[RQ-VAE] epoch=1630 loss=0.10656612 recon=0.00011689 beh=6.132568 w=0.017 lr=4.644e-04 time=0.174s
[RQ-VAE] epoch=1631 loss=0.10732881 recon=0.00011605 beh=6.129625 w=0.017 lr=4.641e-04 time=0.171s
[RQ-VAE] epoch=1632 loss=0.10825326 recon=0.00011636 beh=6.135701 w=0.018 lr=4.637e-04 time=0.171s
[RQ-VAE] epoch=1633 loss=0.10898441 recon=0.00011512 beh=6.131124 w=0.018 lr=4.634e-04 time=0.173s
[RQ-VAE] epoch=1634 loss=0.10973231 recon=0.00011611 beh=6.126841 w=0.018 lr=4.631e-04 time=0.173s
[RQ-VAE] epoch=1635 loss=0.11053734 recon=0.00011630 beh=6.126185 w=0.018 lr=4.627e-04 time=0.173s
[RQ-VAE] epoch=1636 loss=0.11147379 recon=0.00011593 beh=6.132884 w=0.018 lr=4.624e-04 time=0.172s
[RQ-VAE] epoch=1637 loss=0.11230968 recon=0.00011667 beh=6.133525 w=0.018 lr=4.620e-04 time=0.173s
[RQ-VAE] epoch=1638 loss=0.11306681 recon=0.00011762 beh=6.130458 w=0.018 lr=4.617e-04 time=0.172s
[RQ-VAE] epoch=1639 loss=0.11389514 recon=0.00011692 beh=6.130986 w=0.019 lr=4.614e-04 time=0.173s
[RQ-VAE] epoch=1640 loss=0.11455761 recon=0.00011834 beh=6.122225 w=0.019 lr=4.610e-04 time=0.172s
[RQ-VAE] epoch=1641 loss=0.11551251 recon=0.00011746 beh=6.129909 w=0.019 lr=4.607e-04 time=0.171s
[RQ-VAE] epoch=1642 loss=0.11634823 recon=0.00011757 beh=6.131144 w=0.019 lr=4.603e-04 time=0.173s
[RQ-VAE] epoch=1643 loss=0.11712962 recon=0.00011704 beh=6.129303 w=0.019 lr=4.600e-04 time=0.172s
[RQ-VAE] epoch=1644 loss=0.11797669 recon=0.00011677 beh=6.131092 w=0.019 lr=4.597e-04 time=0.173s
[RQ-VAE] epoch=1645 loss=0.11874178 recon=0.00011907 beh=6.128430 w=0.019 lr=4.593e-04 time=0.172s
[RQ-VAE] epoch=1646 loss=0.11954973 recon=0.00011830 beh=6.127229 w=0.019 lr=4.590e-04 time=0.173s
[RQ-VAE] epoch=1647 loss=0.12044120 recon=0.00011774 beh=6.131229 w=0.020 lr=4.586e-04 time=0.171s
[RQ-VAE] epoch=1648 loss=0.12122582 recon=0.00011853 beh=6.129596 w=0.020 lr=4.583e-04 time=0.172s
[RQ-VAE] epoch=1649 loss=0.12203583 recon=0.00011810 beh=6.128829 w=0.020 lr=4.580e-04 time=0.171s
[RQ-VAE] epoch=1650 loss=0.12286356 recon=0.00011802 lr=4.576e-04 raw_unique=18680/24587 collision=0.240249 time=0.172s
[RQ-VAE] epoch=1651 loss=0.12366030 recon=0.00011950 beh=6.128429 w=0.020 lr=4.573e-04 time=0.174s
[RQ-VAE] epoch=1652 loss=0.12454539 recon=0.00011813 beh=6.131856 w=0.020 lr=4.569e-04 time=0.172s
[RQ-VAE] epoch=1653 loss=0.12531734 recon=0.00011964 beh=6.129907 w=0.020 lr=4.566e-04 time=0.172s
[RQ-VAE] epoch=1654 loss=0.12614875 recon=0.00011888 beh=6.130330 w=0.021 lr=4.563e-04 time=0.266s
[RQ-VAE] epoch=1655 loss=0.12688383 recon=0.00011790 beh=6.126750 w=0.021 lr=4.559e-04 time=0.173s
[RQ-VAE] epoch=1656 loss=0.12761068 recon=0.00012021 beh=6.122029 w=0.021 lr=4.556e-04 time=0.173s
[RQ-VAE] epoch=1657 loss=0.12855104 recon=0.00011886 beh=6.128242 w=0.021 lr=4.553e-04 time=0.174s
[RQ-VAE] epoch=1658 loss=0.12943183 recon=0.00011834 beh=6.131311 w=0.021 lr=4.549e-04 time=0.173s
[RQ-VAE] epoch=1659 loss=0.13026063 recon=0.00011843 beh=6.132064 w=0.021 lr=4.546e-04 time=0.173s
[RQ-VAE] epoch=1660 loss=0.13109659 recon=0.00011810 beh=6.132600 w=0.021 lr=4.542e-04 time=0.172s
[RQ-VAE] epoch=1661 loss=0.13175401 recon=0.00011910 beh=6.124847 w=0.021 lr=4.539e-04 time=0.173s
[RQ-VAE] epoch=1662 loss=0.13243449 recon=0.00011867 beh=6.118663 w=0.022 lr=4.536e-04 time=0.174s
[RQ-VAE] epoch=1663 loss=0.13355434 recon=0.00011946 beh=6.133232 w=0.022 lr=4.532e-04 time=0.173s
[RQ-VAE] epoch=1664 loss=0.13432370 recon=0.00012121 beh=6.130706 w=0.022 lr=4.529e-04 time=0.174s
[RQ-VAE] epoch=1665 loss=0.13503715 recon=0.00011951 beh=6.126068 w=0.022 lr=4.525e-04 time=0.172s
[RQ-VAE] epoch=1666 loss=0.13600449 recon=0.00011907 beh=6.132999 w=0.022 lr=4.522e-04 time=0.172s
[RQ-VAE] epoch=1667 loss=0.13674410 recon=0.00011977 beh=6.129373 w=0.022 lr=4.519e-04 time=0.173s
[RQ-VAE] epoch=1668 loss=0.13767743 recon=0.00011890 beh=6.134694 w=0.022 lr=4.515e-04 time=0.174s
[RQ-VAE] epoch=1669 loss=0.13835953 recon=0.00011960 beh=6.128448 w=0.023 lr=4.512e-04 time=0.173s
[RQ-VAE] epoch=1670 loss=0.13920434 recon=0.00011951 beh=6.129500 w=0.023 lr=4.508e-04 time=0.173s
[RQ-VAE] epoch=1671 loss=0.14008045 recon=0.00011942 beh=6.132326 w=0.023 lr=4.505e-04 time=0.173s
[RQ-VAE] epoch=1672 loss=0.14090954 recon=0.00012095 beh=6.132724 w=0.023 lr=4.502e-04 time=0.172s
[RQ-VAE] epoch=1673 loss=0.14160915 recon=0.00012043 beh=6.127904 w=0.023 lr=4.498e-04 time=0.172s
[RQ-VAE] epoch=1674 loss=0.14241233 recon=0.00011963 beh=6.127013 w=0.023 lr=4.495e-04 time=0.173s
[RQ-VAE] epoch=1675 loss=0.14338610 recon=0.00011956 beh=6.133564 w=0.023 lr=4.492e-04 time=0.172s
[RQ-VAE] epoch=1676 loss=0.14414614 recon=0.00012038 beh=6.130965 w=0.023 lr=4.488e-04 time=0.173s
[RQ-VAE] epoch=1677 loss=0.14496168 recon=0.00011974 beh=6.131085 w=0.024 lr=4.485e-04 time=0.172s
[RQ-VAE] epoch=1678 loss=0.14570771 recon=0.00011910 beh=6.128226 w=0.024 lr=4.481e-04 time=0.174s
[RQ-VAE] epoch=1679 loss=0.14667302 recon=0.00011894 beh=6.134788 w=0.024 lr=4.478e-04 time=0.173s
[RQ-VAE] epoch=1680 loss=0.14750260 recon=0.00011935 beh=6.135118 w=0.024 lr=4.475e-04 time=0.173s
[RQ-VAE] epoch=1681 loss=0.14821425 recon=0.00011864 beh=6.130831 w=0.024 lr=4.471e-04 time=0.172s
[RQ-VAE] epoch=1682 loss=0.14896250 recon=0.00012026 beh=6.127494 w=0.024 lr=4.468e-04 time=0.171s
[RQ-VAE] epoch=1683 loss=0.14985466 recon=0.00011966 beh=6.130740 w=0.024 lr=4.464e-04 time=0.282s
[RQ-VAE] epoch=1684 loss=0.15056857 recon=0.00011969 beh=6.126642 w=0.025 lr=4.461e-04 time=0.172s
[RQ-VAE] epoch=1685 loss=0.15157180 recon=0.00011992 beh=6.134262 w=0.025 lr=4.458e-04 time=0.172s
[RQ-VAE] epoch=1686 loss=0.15252939 recon=0.00011980 beh=6.139833 w=0.025 lr=4.454e-04 time=0.172s
[RQ-VAE] epoch=1687 loss=0.15308709 recon=0.00012042 beh=6.129107 w=0.025 lr=4.451e-04 time=0.173s
[RQ-VAE] epoch=1688 loss=0.15395328 recon=0.00012174 beh=6.131204 w=0.025 lr=4.447e-04 time=0.172s
[RQ-VAE] epoch=1689 loss=0.15481156 recon=0.00012078 beh=6.132636 w=0.025 lr=4.444e-04 time=0.173s
[RQ-VAE] epoch=1690 loss=0.15561597 recon=0.00012123 beh=6.132311 w=0.025 lr=4.441e-04 time=0.172s
[RQ-VAE] epoch=1691 loss=0.15654570 recon=0.00012157 beh=6.136715 w=0.025 lr=4.437e-04 time=0.174s
[RQ-VAE] epoch=1692 loss=0.15719302 recon=0.00012192 beh=6.129936 w=0.026 lr=4.434e-04 time=0.173s
[RQ-VAE] epoch=1693 loss=0.15809642 recon=0.00012177 beh=6.133448 w=0.026 lr=4.431e-04 time=0.173s
[RQ-VAE] epoch=1694 loss=0.15886544 recon=0.00012135 beh=6.131607 w=0.026 lr=4.427e-04 time=0.173s
[RQ-VAE] epoch=1695 loss=0.15980753 recon=0.00012335 beh=6.136175 w=0.026 lr=4.424e-04 time=0.173s
[RQ-VAE] epoch=1696 loss=0.16049722 recon=0.00012127 beh=6.131355 w=0.026 lr=4.420e-04 time=0.173s
[RQ-VAE] epoch=1697 loss=0.16121931 recon=0.00011978 beh=6.127903 w=0.026 lr=4.417e-04 time=0.173s
[RQ-VAE] epoch=1698 loss=0.16210021 recon=0.00012218 beh=6.130028 w=0.026 lr=4.414e-04 time=0.173s
[RQ-VAE] epoch=1699 loss=0.16286409 recon=0.00012203 beh=6.128193 w=0.027 lr=4.410e-04 time=0.172s
[RQ-VAE] epoch=1700 loss=0.16372454 recon=0.00012279 lr=4.407e-04 raw_unique=19354/24587 collision=0.212836 time=0.172s
[RQ-VAE] epoch=1701 loss=0.16462390 recon=0.00012243 beh=6.133016 w=0.027 lr=4.403e-04 time=0.173s
[RQ-VAE] epoch=1702 loss=0.16540937 recon=0.00012102 beh=6.131731 w=0.027 lr=4.400e-04 time=0.28s
[RQ-VAE] epoch=1703 loss=0.16629243 recon=0.00012087 beh=6.134296 w=0.027 lr=4.397e-04 time=0.173s
[RQ-VAE] epoch=1704 loss=0.16710851 recon=0.00012048 beh=6.134007 w=0.027 lr=4.393e-04 time=0.173s
[RQ-VAE] epoch=1705 loss=0.16795321 recon=0.00012070 beh=6.134946 w=0.027 lr=4.390e-04 time=0.173s
[RQ-VAE] epoch=1706 loss=0.16876197 recon=0.00012229 beh=6.134647 w=0.027 lr=4.386e-04 time=0.173s
[RQ-VAE] epoch=1707 loss=0.16961189 recon=0.00012079 beh=6.135961 w=0.028 lr=4.383e-04 time=0.173s
[RQ-VAE] epoch=1708 loss=0.17037389 recon=0.00012077 beh=6.133934 w=0.028 lr=4.380e-04 time=0.174s
[RQ-VAE] epoch=1709 loss=0.17112760 recon=0.00012173 beh=6.131578 w=0.028 lr=4.376e-04 time=0.174s
[RQ-VAE] epoch=1710 loss=0.17185536 recon=0.00012009 beh=6.128447 w=0.028 lr=4.373e-04 time=0.174s
[RQ-VAE] epoch=1711 loss=0.17278869 recon=0.00012104 beh=6.132636 w=0.028 lr=4.369e-04 time=0.173s
[RQ-VAE] epoch=1712 loss=0.17371762 recon=0.00012215 beh=6.136663 w=0.028 lr=4.366e-04 time=0.173s
[RQ-VAE] epoch=1713 loss=0.17448911 recon=0.00012078 beh=6.134952 w=0.028 lr=4.363e-04 time=0.172s
[RQ-VAE] epoch=1714 loss=0.17526822 recon=0.00011983 beh=6.133589 w=0.029 lr=4.359e-04 time=0.174s
[RQ-VAE] epoch=1715 loss=0.17608474 recon=0.00012095 beh=6.133375 w=0.029 lr=4.356e-04 time=0.173s
[RQ-VAE] epoch=1716 loss=0.17673124 recon=0.00012245 beh=6.127431 w=0.029 lr=4.353e-04 time=0.174s
[RQ-VAE] epoch=1717 loss=0.17778552 recon=0.00012316 beh=6.135813 w=0.029 lr=4.349e-04 time=0.267s
[RQ-VAE] epoch=1718 loss=0.17850773 recon=0.00012237 beh=6.132544 w=0.029 lr=4.346e-04 time=0.174s
[RQ-VAE] epoch=1719 loss=0.17942303 recon=0.00012157 beh=6.135744 w=0.029 lr=4.342e-04 time=0.173s
[RQ-VAE] epoch=1720 loss=0.18014514 recon=0.00012316 beh=6.132324 w=0.029 lr=4.339e-04 time=0.173s
[RQ-VAE] epoch=1721 loss=0.18078442 recon=0.00012242 beh=6.126363 w=0.029 lr=4.336e-04 time=0.173s
[RQ-VAE] epoch=1722 loss=0.18184599 recon=0.00012284 beh=6.134594 w=0.030 lr=4.332e-04 time=0.173s
[RQ-VAE] epoch=1723 loss=0.18253335 recon=0.00012452 beh=6.129934 w=0.030 lr=4.329e-04 time=0.173s
[RQ-VAE] epoch=1724 loss=0.18328109 recon=0.00012436 beh=6.127510 w=0.030 lr=4.325e-04 time=0.174s
[RQ-VAE] epoch=1725 loss=0.18404043 recon=0.00012529 beh=6.125777 w=0.030 lr=4.322e-04 time=0.174s
[RQ-VAE] epoch=1726 loss=0.18506983 recon=0.00012503 beh=6.132814 w=0.030 lr=4.319e-04 time=0.173s
[RQ-VAE] epoch=1727 loss=0.18577527 recon=0.00012573 beh=6.129207 w=0.030 lr=4.315e-04 time=0.172s
[RQ-VAE] epoch=1728 loss=0.18661425 recon=0.00012445 beh=6.129968 w=0.030 lr=4.312e-04 time=0.173s
[RQ-VAE] epoch=1729 loss=0.18740916 recon=0.00012271 beh=6.129278 w=0.031 lr=4.308e-04 time=0.173s
[RQ-VAE] epoch=1730 loss=0.18838917 recon=0.00012358 beh=6.134622 w=0.031 lr=4.305e-04 time=0.173s
[RQ-VAE] epoch=1731 loss=0.18899615 recon=0.00012380 beh=6.127761 w=0.031 lr=4.302e-04 time=0.173s
[RQ-VAE] epoch=1732 loss=0.18990874 recon=0.00012304 beh=6.130980 w=0.031 lr=4.298e-04 time=0.174s
[RQ-VAE] epoch=1733 loss=0.19081330 recon=0.00012249 beh=6.133913 w=0.031 lr=4.295e-04 time=0.174s
[RQ-VAE] epoch=1734 loss=0.19147503 recon=0.00012225 beh=6.128693 w=0.031 lr=4.292e-04 time=0.173s
[RQ-VAE] epoch=1735 loss=0.19230980 recon=0.00012369 beh=6.129060 w=0.031 lr=4.288e-04 time=0.173s
[RQ-VAE] epoch=1736 loss=0.19323713 recon=0.00012410 beh=6.132863 w=0.031 lr=4.285e-04 time=0.173s
[RQ-VAE] epoch=1737 loss=0.19388135 recon=0.00012402 beh=6.127458 w=0.032 lr=4.281e-04 time=0.173s
[RQ-VAE] epoch=1738 loss=0.19488160 recon=0.00012337 beh=6.133290 w=0.032 lr=4.278e-04 time=0.173s
[RQ-VAE] epoch=1739 loss=0.19578084 recon=0.00012242 beh=6.135879 w=0.032 lr=4.275e-04 time=0.172s
[RQ-VAE] epoch=1740 loss=0.19662023 recon=0.00012312 beh=6.136433 w=0.032 lr=4.271e-04 time=0.173s
[RQ-VAE] epoch=1741 loss=0.19717136 recon=0.00012237 beh=6.128077 w=0.032 lr=4.268e-04 time=0.173s
[RQ-VAE] epoch=1742 loss=0.19804311 recon=0.00012249 beh=6.129805 w=0.032 lr=4.264e-04 time=0.173s
[RQ-VAE] epoch=1743 loss=0.19882601 recon=0.00012323 beh=6.128771 w=0.032 lr=4.261e-04 time=0.173s
[RQ-VAE] epoch=1744 loss=0.19979869 recon=0.00012427 beh=6.133454 w=0.033 lr=4.258e-04 time=0.173s
[RQ-VAE] epoch=1745 loss=0.20055446 recon=0.00012287 beh=6.131577 w=0.033 lr=4.254e-04 time=0.173s
[RQ-VAE] epoch=1746 loss=0.20114195 recon=0.00012357 beh=6.124574 w=0.033 lr=4.251e-04 time=0.173s
[RQ-VAE] epoch=1747 loss=0.20206198 recon=0.00012425 beh=6.127696 w=0.033 lr=4.247e-04 time=0.174s
[RQ-VAE] epoch=1748 loss=0.20286481 recon=0.00012260 beh=6.127303 w=0.033 lr=4.244e-04 time=0.173s
[RQ-VAE] epoch=1749 loss=0.20378414 recon=0.00012329 beh=6.130431 w=0.033 lr=4.241e-04 time=0.173s
[RQ-VAE] epoch=1750 loss=0.20471936 recon=0.00012314 lr=4.237e-04 raw_unique=19643/24587 collision=0.201082 time=0.173s
[RQ-VAE] epoch=1751 loss=0.20547417 recon=0.00012375 beh=6.131993 w=0.033 lr=4.234e-04 time=0.174s
[RQ-VAE] epoch=1752 loss=0.20625472 recon=0.00012351 beh=6.130927 w=0.034 lr=4.231e-04 time=0.174s
[RQ-VAE] epoch=1753 loss=0.20710187 recon=0.00012357 beh=6.132057 w=0.034 lr=4.227e-04 time=0.174s
[RQ-VAE] epoch=1754 loss=0.20796481 recon=0.00012371 beh=6.133307 w=0.034 lr=4.224e-04 time=0.174s
[RQ-VAE] epoch=1755 loss=0.20873031 recon=0.00012513 beh=6.131495 w=0.034 lr=4.220e-04 time=0.173s
[RQ-VAE] epoch=1756 loss=0.20962515 recon=0.00012448 beh=6.133721 w=0.034 lr=4.217e-04 time=0.174s
[RQ-VAE] epoch=1757 loss=0.21037018 recon=0.00012379 beh=6.131743 w=0.034 lr=4.214e-04 time=0.173s
[RQ-VAE] epoch=1758 loss=0.21116683 recon=0.00012562 beh=6.131037 w=0.034 lr=4.210e-04 time=0.173s
[RQ-VAE] epoch=1759 loss=0.21196839 recon=0.00012446 beh=6.130547 w=0.035 lr=4.207e-04 time=0.173s
[RQ-VAE] epoch=1760 loss=0.21270645 recon=0.00012492 beh=6.128163 w=0.035 lr=4.203e-04 time=0.173s
[RQ-VAE] epoch=1761 loss=0.21377993 recon=0.00012507 beh=6.135797 w=0.035 lr=4.200e-04 time=0.174s
[RQ-VAE] epoch=1762 loss=0.21429700 recon=0.00012489 beh=6.127117 w=0.035 lr=4.197e-04 time=0.173s
[RQ-VAE] epoch=1763 loss=0.21528579 recon=0.00012381 beh=6.132105 w=0.035 lr=4.193e-04 time=0.173s
[RQ-VAE] epoch=1764 loss=0.21629743 recon=0.00012378 beh=6.137657 w=0.035 lr=4.190e-04 time=0.173s
[RQ-VAE] epoch=1765 loss=0.21698792 recon=0.00012383 beh=6.134123 w=0.035 lr=4.186e-04 time=0.173s
[RQ-VAE] epoch=1766 loss=0.21745723 recon=0.00012476 beh=6.124141 w=0.035 lr=4.183e-04 time=0.172s
[RQ-VAE] epoch=1767 loss=0.21821621 recon=0.00012494 beh=6.122334 w=0.036 lr=4.180e-04 time=0.174s
[RQ-VAE] epoch=1768 loss=0.21941729 recon=0.00012533 beh=6.133035 w=0.036 lr=4.176e-04 time=0.173s
[RQ-VAE] epoch=1769 loss=0.22025312 recon=0.00012547 beh=6.133799 w=0.036 lr=4.173e-04 time=0.174s
[RQ-VAE] epoch=1770 loss=0.22091641 recon=0.00012483 beh=6.129453 w=0.036 lr=4.169e-04 time=0.173s
[RQ-VAE] epoch=1771 loss=0.22171801 recon=0.00012527 beh=6.128664 w=0.036 lr=4.166e-04 time=0.173s
[RQ-VAE] epoch=1772 loss=0.22254637 recon=0.00012530 beh=6.129234 w=0.036 lr=4.163e-04 time=0.173s
[RQ-VAE] epoch=1773 loss=0.22348788 recon=0.00012512 beh=6.132822 w=0.036 lr=4.159e-04 time=0.174s
[RQ-VAE] epoch=1774 loss=0.22425285 recon=0.00012519 beh=6.131352 w=0.037 lr=4.156e-04 time=0.273s
[RQ-VAE] epoch=1775 loss=0.22514087 recon=0.00012559 beh=6.133255 w=0.037 lr=4.153e-04 time=0.174s
[RQ-VAE] epoch=1776 loss=0.22600833 recon=0.00012516 beh=6.134645 w=0.037 lr=4.149e-04 time=0.174s
[RQ-VAE] epoch=1777 loss=0.22658157 recon=0.00012600 beh=6.127880 w=0.037 lr=4.146e-04 time=0.174s
[RQ-VAE] epoch=1778 loss=0.22782999 recon=0.00012645 beh=6.139547 w=0.037 lr=4.142e-04 time=0.174s
[RQ-VAE] epoch=1779 loss=0.22867632 recon=0.00012558 beh=6.140322 w=0.037 lr=4.139e-04 time=0.174s
[RQ-VAE] epoch=1780 loss=0.22911683 recon=0.00012671 beh=6.130047 w=0.037 lr=4.136e-04 time=0.174s
[RQ-VAE] epoch=1781 loss=0.23013994 recon=0.00012530 beh=6.135802 w=0.037 lr=4.132e-04 time=0.173s
[RQ-VAE] epoch=1782 loss=0.23097101 recon=0.00012456 beh=6.136099 w=0.038 lr=4.129e-04 time=0.173s
[RQ-VAE] epoch=1783 loss=0.23178983 recon=0.00012468 beh=6.136155 w=0.038 lr=4.125e-04 time=0.173s
[RQ-VAE] epoch=1784 loss=0.23243476 recon=0.00012507 beh=6.131612 w=0.038 lr=4.122e-04 time=0.174s
[RQ-VAE] epoch=1785 loss=0.23325446 recon=0.00012505 beh=6.131683 w=0.038 lr=4.119e-04 time=0.173s
[RQ-VAE] epoch=1786 loss=0.23407871 recon=0.00012508 beh=6.131838 w=0.038 lr=4.115e-04 time=0.174s
[RQ-VAE] epoch=1787 loss=0.23483105 recon=0.00012518 beh=6.130133 w=0.038 lr=4.112e-04 time=0.173s
[RQ-VAE] epoch=1788 loss=0.23562051 recon=0.00012580 beh=6.129481 w=0.038 lr=4.108e-04 time=0.174s
[RQ-VAE] epoch=1789 loss=0.23667502 recon=0.00012619 beh=6.135659 w=0.039 lr=4.105e-04 time=0.174s
[RQ-VAE] epoch=1790 loss=0.23728816 recon=0.00012557 beh=6.130340 w=0.039 lr=4.102e-04 time=0.173s
[RQ-VAE] epoch=1791 loss=0.23831300 recon=0.00012568 beh=6.135610 w=0.039 lr=4.098e-04 time=0.173s
[RQ-VAE] epoch=1792 loss=0.23897552 recon=0.00012623 beh=6.131560 w=0.039 lr=4.095e-04 time=0.174s
[RQ-VAE] epoch=1793 loss=0.23974267 recon=0.00012544 beh=6.130478 w=0.039 lr=4.092e-04 time=0.174s
[RQ-VAE] epoch=1794 loss=0.24046376 recon=0.00012567 beh=6.127954 w=0.039 lr=4.088e-04 time=0.174s
[RQ-VAE] epoch=1795 loss=0.24154745 recon=0.00012530 beh=6.134771 w=0.039 lr=4.085e-04 time=0.173s
[RQ-VAE] epoch=1796 loss=0.24222282 recon=0.00012625 beh=6.130962 w=0.039 lr=4.081e-04 time=0.172s
[RQ-VAE] epoch=1797 loss=0.24307190 recon=0.00012573 beh=6.131755 w=0.040 lr=4.078e-04 time=0.172s
[RQ-VAE] epoch=1798 loss=0.24380326 recon=0.00012576 beh=6.129799 w=0.040 lr=4.075e-04 time=0.173s
[RQ-VAE] epoch=1799 loss=0.24491508 recon=0.00012602 beh=6.137094 w=0.040 lr=4.071e-04 time=0.174s
[RQ-VAE] epoch=1800 loss=0.24566835 recon=0.00012546 lr=4.068e-04 raw_unique=20073/24587 collision=0.183593 time=0.174s
[RQ-VAE] epoch=1801 loss=0.24620232 recon=0.00012540 beh=6.128431 w=0.040 lr=4.064e-04 time=0.175s
[RQ-VAE] epoch=1802 loss=0.24704298 recon=0.00012638 beh=6.129113 w=0.040 lr=4.061e-04 time=0.174s
[RQ-VAE] epoch=1803 loss=0.24801426 recon=0.00012741 beh=6.132871 w=0.040 lr=4.058e-04 time=0.267s
[RQ-VAE] epoch=1804 loss=0.24893345 recon=0.00012759 beh=6.135338 w=0.041 lr=4.054e-04 time=0.174s
[RQ-VAE] epoch=1805 loss=0.24950537 recon=0.00012683 beh=6.129288 w=0.041 lr=4.051e-04 time=0.173s
[RQ-VAE] epoch=1806 loss=0.25045690 recon=0.00012644 beh=6.132592 w=0.041 lr=4.047e-04 time=0.173s
[RQ-VAE] epoch=1807 loss=0.25113145 recon=0.00012585 beh=6.129152 w=0.041 lr=4.044e-04 time=0.173s
[RQ-VAE] epoch=1808 loss=0.25214073 recon=0.00012682 beh=6.133800 w=0.041 lr=4.041e-04 time=0.174s
[RQ-VAE] epoch=1809 loss=0.25272858 recon=0.00012681 beh=6.128140 w=0.041 lr=4.037e-04 time=0.174s
[RQ-VAE] epoch=1810 loss=0.25351018 recon=0.00012625 beh=6.127345 w=0.041 lr=4.034e-04 time=0.174s
[RQ-VAE] epoch=1811 loss=0.25460190 recon=0.00012690 beh=6.133966 w=0.041 lr=4.031e-04 time=0.174s
[RQ-VAE] epoch=1812 loss=0.25538468 recon=0.00012668 beh=6.133179 w=0.042 lr=4.027e-04 time=0.174s
[RQ-VAE] epoch=1813 loss=0.25617933 recon=0.00012647 beh=6.132647 w=0.042 lr=4.024e-04 time=0.174s
[RQ-VAE] epoch=1814 loss=0.25698489 recon=0.00012607 beh=6.132278 w=0.042 lr=4.020e-04 time=0.173s
[RQ-VAE] epoch=1815 loss=0.25791359 recon=0.00012660 beh=6.134937 w=0.042 lr=4.017e-04 time=0.174s
[RQ-VAE] epoch=1816 loss=0.25857344 recon=0.00012650 beh=6.131091 w=0.042 lr=4.014e-04 time=0.173s
[RQ-VAE] epoch=1817 loss=0.25941938 recon=0.00012598 beh=6.131865 w=0.042 lr=4.010e-04 time=0.172s
[RQ-VAE] epoch=1818 loss=0.26019230 recon=0.00012597 beh=6.130823 w=0.042 lr=4.007e-04 time=0.174s
[RQ-VAE] epoch=1819 loss=0.26094761 recon=0.00012626 beh=6.129367 w=0.043 lr=4.003e-04 time=0.174s
[RQ-VAE] epoch=1820 loss=0.26185805 recon=0.00012599 beh=6.131589 w=0.043 lr=4.000e-04 time=0.174s
[RQ-VAE] epoch=1821 loss=0.26270452 recon=0.00012615 beh=6.132281 w=0.043 lr=3.997e-04 time=0.174s
[RQ-VAE] epoch=1822 loss=0.26337111 recon=0.00012664 beh=6.128695 w=0.043 lr=3.993e-04 time=0.271s
[RQ-VAE] epoch=1823 loss=0.26430255 recon=0.00012730 beh=6.131375 w=0.043 lr=3.990e-04 time=0.174s
[RQ-VAE] epoch=1824 loss=0.26487654 recon=0.00012751 beh=6.125622 w=0.043 lr=3.986e-04 time=0.172s
[RQ-VAE] epoch=1825 loss=0.26602340 recon=0.00012768 beh=6.133308 w=0.043 lr=3.983e-04 time=0.174s
[RQ-VAE] epoch=1826 loss=0.26673698 recon=0.00012805 beh=6.130815 w=0.043 lr=3.980e-04 time=0.173s
[RQ-VAE] epoch=1827 loss=0.26753384 recon=0.00012741 beh=6.130361 w=0.044 lr=3.976e-04 time=0.173s
[RQ-VAE] epoch=1828 loss=0.26840031 recon=0.00012773 beh=6.131552 w=0.044 lr=3.973e-04 time=0.173s
[RQ-VAE] epoch=1829 loss=0.26895157 recon=0.00012802 beh=6.125395 w=0.044 lr=3.969e-04 time=0.174s
[RQ-VAE] epoch=1830 loss=0.26997095 recon=0.00012704 beh=6.130054 w=0.044 lr=3.966e-04 time=0.174s
[RQ-VAE] epoch=1831 loss=0.27079368 recon=0.00012761 beh=6.130228 w=0.044 lr=3.963e-04 time=0.174s
[RQ-VAE] epoch=1832 loss=0.27170724 recon=0.00012762 beh=6.132377 w=0.044 lr=3.959e-04 time=0.175s
[RQ-VAE] epoch=1833 loss=0.27257475 recon=0.00012744 beh=6.133490 w=0.044 lr=3.956e-04 time=0.174s
[RQ-VAE] epoch=1834 loss=0.27348006 recon=0.00012751 beh=6.135476 w=0.045 lr=3.953e-04 time=0.174s
[RQ-VAE] epoch=1835 loss=0.27401218 recon=0.00012773 beh=6.129086 w=0.045 lr=3.949e-04 time=0.174s
[RQ-VAE] epoch=1836 loss=0.27465528 recon=0.00012724 beh=6.125212 w=0.045 lr=3.946e-04 time=0.173s
[RQ-VAE] epoch=1837 loss=0.27571857 recon=0.00012827 beh=6.130665 w=0.045 lr=3.942e-04 time=0.173s
[RQ-VAE] epoch=1838 loss=0.27660784 recon=0.00012723 beh=6.132238 w=0.045 lr=3.939e-04 time=0.263s
[RQ-VAE] epoch=1839 loss=0.27761352 recon=0.00012733 beh=6.136425 w=0.045 lr=3.936e-04 time=0.173s
[RQ-VAE] epoch=1840 loss=0.27837321 recon=0.00012753 beh=6.135162 w=0.045 lr=3.932e-04 time=0.174s
[RQ-VAE] epoch=1841 loss=0.27896780 recon=0.00012820 beh=6.130254 w=0.045 lr=3.929e-04 time=0.173s
[RQ-VAE] epoch=1842 loss=0.27987486 recon=0.00012678 beh=6.132274 w=0.046 lr=3.925e-04 time=0.174s
[RQ-VAE] epoch=1843 loss=0.28055146 recon=0.00012808 beh=6.129135 w=0.046 lr=3.922e-04 time=0.174s
[RQ-VAE] epoch=1844 loss=0.28146222 recon=0.00012762 beh=6.131238 w=0.046 lr=3.919e-04 time=0.173s
[RQ-VAE] epoch=1845 loss=0.28224021 recon=0.00012743 beh=6.130360 w=0.046 lr=3.915e-04 time=0.173s
[RQ-VAE] epoch=1846 loss=0.28277761 recon=0.00012773 beh=6.124281 w=0.046 lr=3.912e-04 time=0.174s
[RQ-VAE] epoch=1847 loss=0.28417161 recon=0.00012754 beh=6.136889 w=0.046 lr=3.908e-04 time=0.173s
[RQ-VAE] epoch=1848 loss=0.28451988 recon=0.00012736 beh=6.126715 w=0.046 lr=3.905e-04 time=0.172s
[RQ-VAE] epoch=1849 loss=0.28555694 recon=0.00012715 beh=6.131432 w=0.047 lr=3.902e-04 time=0.175s
[RQ-VAE] epoch=1850 loss=0.28641939 recon=0.00012770 lr=3.898e-04 raw_unique=20540/24587 collision=0.164599 time=0.175s
[RQ-VAE] epoch=1851 loss=0.28709245 recon=0.00012771 beh=6.129254 w=0.047 lr=3.895e-04 time=0.174s
[RQ-VAE] epoch=1852 loss=0.28797662 recon=0.00012656 beh=6.130735 w=0.047 lr=3.892e-04 time=0.175s
[RQ-VAE] epoch=1853 loss=0.28888476 recon=0.00012621 beh=6.132689 w=0.047 lr=3.888e-04 time=0.175s
[RQ-VAE] epoch=1854 loss=0.28975207 recon=0.00012750 beh=6.133685 w=0.047 lr=3.885e-04 time=0.175s
[RQ-VAE] epoch=1855 loss=0.29062667 recon=0.00012725 beh=6.134912 w=0.047 lr=3.881e-04 time=0.176s
[RQ-VAE] epoch=1856 loss=0.29105988 recon=0.00012668 beh=6.126804 w=0.047 lr=3.878e-04 time=0.175s
[RQ-VAE] epoch=1857 loss=0.29227358 recon=0.00012684 beh=6.135040 w=0.048 lr=3.875e-04 time=0.176s
[RQ-VAE] epoch=1858 loss=0.29295862 recon=0.00012853 beh=6.132303 w=0.048 lr=3.871e-04 time=0.175s
[RQ-VAE] epoch=1859 loss=0.29381138 recon=0.00012818 beh=6.133149 w=0.048 lr=3.868e-04 time=0.176s
[RQ-VAE] epoch=1860 loss=0.29432851 recon=0.00012907 beh=6.126659 w=0.048 lr=3.864e-04 time=0.176s
[RQ-VAE] epoch=1861 loss=0.29498497 recon=0.00012932 beh=6.123391 w=0.048 lr=3.861e-04 time=0.175s
[RQ-VAE] epoch=1862 loss=0.29617608 recon=0.00012972 beh=6.131238 w=0.048 lr=3.858e-04 time=0.174s
[RQ-VAE] epoch=1863 loss=0.29700980 recon=0.00012930 beh=6.131544 w=0.048 lr=3.854e-04 time=0.175s
[RQ-VAE] epoch=1864 loss=0.29737774 recon=0.00012875 beh=6.122224 w=0.049 lr=3.851e-04 time=0.176s
[RQ-VAE] epoch=1865 loss=0.29832616 recon=0.00012821 beh=6.124979 w=0.049 lr=3.847e-04 time=0.177s
[RQ-VAE] epoch=1866 loss=0.29942584 recon=0.00012759 beh=6.130886 w=0.049 lr=3.844e-04 time=0.175s
[RQ-VAE] epoch=1867 loss=0.30018249 recon=0.00012731 beh=6.129584 w=0.049 lr=3.841e-04 time=0.175s
[RQ-VAE] epoch=1868 loss=0.30125496 recon=0.00012736 beh=6.134785 w=0.049 lr=3.837e-04 time=0.176s
[RQ-VAE] epoch=1869 loss=0.30182922 recon=0.00012735 beh=6.129864 w=0.049 lr=3.834e-04 time=0.176s
[RQ-VAE] epoch=1870 loss=0.30260229 recon=0.00012745 beh=6.128906 w=0.049 lr=3.831e-04 time=0.177s
[RQ-VAE] epoch=1871 loss=0.30350715 recon=0.00012792 beh=6.130715 w=0.049 lr=3.827e-04 time=0.177s
[RQ-VAE] epoch=1872 loss=0.30423924 recon=0.00012896 beh=6.128964 w=0.050 lr=3.824e-04 time=0.175s
[RQ-VAE] epoch=1873 loss=0.30514520 recon=0.00012897 beh=6.130768 w=0.050 lr=3.820e-04 time=0.178s
[RQ-VAE] epoch=1874 loss=0.30582786 recon=0.00012841 beh=6.128100 w=0.050 lr=3.817e-04 time=0.176s
[RQ-VAE] epoch=1875 loss=0.30677208 recon=0.00013013 beh=6.130597 w=0.050 lr=3.814e-04 time=0.176s
[RQ-VAE] epoch=1876 loss=0.30746865 recon=0.00012918 beh=6.128069 w=0.050 lr=3.810e-04 time=0.176s
[RQ-VAE] epoch=1877 loss=0.30839372 recon=0.00012824 beh=6.130306 w=0.050 lr=3.807e-04 time=0.175s
[RQ-VAE] epoch=1878 loss=0.30932993 recon=0.00012833 beh=6.132649 w=0.050 lr=3.803e-04 time=0.175s
[RQ-VAE] epoch=1879 loss=0.30981603 recon=0.00012991 beh=6.126037 w=0.051 lr=3.800e-04 time=0.176s
[RQ-VAE] epoch=1880 loss=0.31086540 recon=0.00012887 beh=6.130761 w=0.051 lr=3.797e-04 time=0.174s
[RQ-VAE] epoch=1881 loss=0.31190443 recon=0.00012859 beh=6.135094 w=0.051 lr=3.793e-04 time=0.176s
[RQ-VAE] epoch=1882 loss=0.31256276 recon=0.00012849 beh=6.131868 w=0.051 lr=3.790e-04 time=0.175s
[RQ-VAE] epoch=1883 loss=0.31328422 recon=0.00012908 beh=6.130091 w=0.051 lr=3.786e-04 time=0.176s
[RQ-VAE] epoch=1884 loss=0.31414929 recon=0.00012935 beh=6.131093 w=0.051 lr=3.783e-04 time=0.176s
[RQ-VAE] epoch=1885 loss=0.31506556 recon=0.00012992 beh=6.132941 w=0.051 lr=3.780e-04 time=0.176s
[RQ-VAE] epoch=1886 loss=0.31597236 recon=0.00012956 beh=6.134668 w=0.051 lr=3.776e-04 time=0.176s
[RQ-VAE] epoch=1887 loss=0.31658253 recon=0.00012816 beh=6.130671 w=0.052 lr=3.773e-04 time=0.175s
[RQ-VAE] epoch=1888 loss=0.31731737 recon=0.00012865 beh=6.129074 w=0.052 lr=3.769e-04 time=0.176s
[RQ-VAE] epoch=1889 loss=0.31804520 recon=0.00012960 beh=6.127327 w=0.052 lr=3.766e-04 time=0.175s
[RQ-VAE] epoch=1890 loss=0.31895477 recon=0.00012959 beh=6.129194 w=0.052 lr=3.763e-04 time=0.177s
[RQ-VAE] epoch=1891 loss=0.31998682 recon=0.00012939 beh=6.133279 w=0.052 lr=3.759e-04 time=0.175s
[RQ-VAE] epoch=1892 loss=0.32059634 recon=0.00013036 beh=6.129170 w=0.052 lr=3.756e-04 time=0.176s
[RQ-VAE] epoch=1893 loss=0.32163388 recon=0.00013050 beh=6.133466 w=0.052 lr=3.753e-04 time=0.176s
[RQ-VAE] epoch=1894 loss=0.32232934 recon=0.00013029 beh=6.131122 w=0.053 lr=3.749e-04 time=0.303s
[RQ-VAE] epoch=1895 loss=0.32294953 recon=0.00013025 beh=6.127365 w=0.053 lr=3.746e-04 time=0.175s
[RQ-VAE] epoch=1896 loss=0.32394749 recon=0.00012998 beh=6.130707 w=0.053 lr=3.742e-04 time=0.175s
[RQ-VAE] epoch=1897 loss=0.32469940 recon=0.00012908 beh=6.129562 w=0.053 lr=3.739e-04 time=0.174s
[RQ-VAE] epoch=1898 loss=0.32578784 recon=0.00012921 beh=6.134744 w=0.053 lr=3.736e-04 time=0.178s
[RQ-VAE] epoch=1899 loss=0.32651073 recon=0.00012936 beh=6.132949 w=0.053 lr=3.732e-04 time=0.175s
[RQ-VAE] epoch=1900 loss=0.32761872 recon=0.00012954 lr=3.729e-04 raw_unique=20812/24587 collision=0.153536 time=0.176s
[RQ-VAE] epoch=1901 loss=0.32830185 recon=0.00013029 beh=6.135849 w=0.053 lr=3.725e-04 time=0.178s
[RQ-VAE] epoch=1902 loss=0.32885814 recon=0.00013069 beh=6.130939 w=0.054 lr=3.722e-04 time=0.175s
[RQ-VAE] epoch=1903 loss=0.32989228 recon=0.00012912 beh=6.135024 w=0.054 lr=3.719e-04 time=0.176s
[RQ-VAE] epoch=1904 loss=0.33031923 recon=0.00012845 beh=6.127753 w=0.054 lr=3.715e-04 time=0.176s
[RQ-VAE] epoch=1905 loss=0.33108789 recon=0.00012833 beh=6.126894 w=0.054 lr=3.712e-04 time=0.176s
[RQ-VAE] epoch=1906 loss=0.33168253 recon=0.00012983 beh=6.122790 w=0.054 lr=3.708e-04 time=0.176s
[RQ-VAE] epoch=1907 loss=0.33290869 recon=0.00013004 beh=6.130344 w=0.054 lr=3.705e-04 time=0.175s
[RQ-VAE] epoch=1908 loss=0.33346203 recon=0.00012982 beh=6.125404 w=0.054 lr=3.702e-04 time=0.179s
[RQ-VAE] epoch=1909 loss=0.33424026 recon=0.00013004 beh=6.124675 w=0.055 lr=3.698e-04 time=0.173s
[RQ-VAE] epoch=1910 loss=0.33506310 recon=0.00012921 beh=6.124831 w=0.055 lr=3.695e-04 time=0.173s
[RQ-VAE] epoch=1911 loss=0.33592981 recon=0.00012840 beh=6.125822 w=0.055 lr=3.692e-04 time=0.174s
[RQ-VAE] epoch=1912 loss=0.33709207 recon=0.00012810 beh=6.132114 w=0.055 lr=3.688e-04 time=0.173s
[RQ-VAE] epoch=1913 loss=0.33783630 recon=0.00012861 beh=6.130804 w=0.055 lr=3.685e-04 time=0.175s
[RQ-VAE] epoch=1914 loss=0.33834487 recon=0.00012915 beh=6.125171 w=0.055 lr=3.681e-04 time=0.175s
[RQ-VAE] epoch=1915 loss=0.33965942 recon=0.00012812 beh=6.134226 w=0.055 lr=3.678e-04 time=0.174s
[RQ-VAE] epoch=1916 loss=0.34042767 recon=0.00012853 beh=6.133359 w=0.055 lr=3.675e-04 time=0.174s
[RQ-VAE] epoch=1917 loss=0.34109166 recon=0.00012896 beh=6.130511 w=0.056 lr=3.671e-04 time=0.174s
[RQ-VAE] epoch=1918 loss=0.34185076 recon=0.00012976 beh=6.129400 w=0.056 lr=3.668e-04 time=0.173s
[RQ-VAE] epoch=1919 loss=0.34265870 recon=0.00013016 beh=6.129314 w=0.056 lr=3.664e-04 time=0.176s
[RQ-VAE] epoch=1920 loss=0.34369853 recon=0.00013048 beh=6.133282 w=0.056 lr=3.661e-04 time=0.173s
[RQ-VAE] epoch=1921 loss=0.34430325 recon=0.00013045 beh=6.129470 w=0.056 lr=3.658e-04 time=0.175s
[RQ-VAE] epoch=1922 loss=0.34512308 recon=0.00012955 beh=6.129518 w=0.056 lr=3.654e-04 time=0.173s
[RQ-VAE] epoch=1923 loss=0.34605551 recon=0.00012946 beh=6.131537 w=0.056 lr=3.651e-04 time=0.304s
[RQ-VAE] epoch=1924 loss=0.34673676 recon=0.00013058 beh=6.129124 w=0.057 lr=3.647e-04 time=0.173s
[RQ-VAE] epoch=1925 loss=0.34781125 recon=0.00013054 beh=6.133694 w=0.057 lr=3.644e-04 time=0.176s
[RQ-VAE] epoch=1926 loss=0.34844792 recon=0.00013030 beh=6.130506 w=0.057 lr=3.641e-04 time=0.173s
[RQ-VAE] epoch=1927 loss=0.34929138 recon=0.00013075 beh=6.130969 w=0.057 lr=3.637e-04 time=0.174s
[RQ-VAE] epoch=1928 loss=0.34987983 recon=0.00013025 beh=6.126915 w=0.057 lr=3.634e-04 time=0.174s
[RQ-VAE] epoch=1929 loss=0.35069400 recon=0.00013000 beh=6.126845 w=0.057 lr=3.631e-04 time=0.176s
[RQ-VAE] epoch=1930 loss=0.35161415 recon=0.00012972 beh=6.128730 w=0.057 lr=3.627e-04 time=0.173s
[RQ-VAE] epoch=1931 loss=0.35269830 recon=0.00012957 beh=6.133359 w=0.057 lr=3.624e-04 time=0.174s
[RQ-VAE] epoch=1932 loss=0.35333094 recon=0.00012948 beh=6.130122 w=0.058 lr=3.620e-04 time=0.175s
[RQ-VAE] epoch=1933 loss=0.35413364 recon=0.00012952 beh=6.129880 w=0.058 lr=3.617e-04 time=0.173s
[RQ-VAE] epoch=1934 loss=0.35490987 recon=0.00013096 beh=6.129161 w=0.058 lr=3.614e-04 time=0.174s
[RQ-VAE] epoch=1935 loss=0.35583398 recon=0.00013097 beh=6.130980 w=0.058 lr=3.610e-04 time=0.174s
[RQ-VAE] epoch=1936 loss=0.35652423 recon=0.00012991 beh=6.128784 w=0.058 lr=3.607e-04 time=0.174s
[RQ-VAE] epoch=1937 loss=0.35732165 recon=0.00013020 beh=6.128372 w=0.058 lr=3.603e-04 time=0.175s
[RQ-VAE] epoch=1938 loss=0.35760897 recon=0.00013147 beh=6.119256 w=0.058 lr=3.600e-04 time=0.174s
[RQ-VAE] epoch=1939 loss=0.35894951 recon=0.00013098 beh=6.128348 w=0.059 lr=3.597e-04 time=0.176s
[RQ-VAE] epoch=1940 loss=0.35989285 recon=0.00013164 beh=6.130509 w=0.059 lr=3.593e-04 time=0.174s
[RQ-VAE] epoch=1941 loss=0.36073482 recon=0.00013247 beh=6.130885 w=0.059 lr=3.590e-04 time=0.174s
[RQ-VAE] epoch=1942 loss=0.36134481 recon=0.00013176 beh=6.127420 w=0.059 lr=3.586e-04 time=0.175s
[RQ-VAE] epoch=1943 loss=0.36238462 recon=0.00013078 beh=6.131219 w=0.059 lr=3.583e-04 time=0.292s
[RQ-VAE] epoch=1944 loss=0.36299667 recon=0.00013127 beh=6.127759 w=0.059 lr=3.580e-04 time=0.173s
[RQ-VAE] epoch=1945 loss=0.36393833 recon=0.00013121 beh=6.129838 w=0.059 lr=3.576e-04 time=0.173s
[RQ-VAE] epoch=1946 loss=0.36495990 recon=0.00013131 beh=6.133306 w=0.059 lr=3.573e-04 time=0.174s
[RQ-VAE] epoch=1947 loss=0.36563742 recon=0.00013141 beh=6.130941 w=0.060 lr=3.569e-04 time=0.174s
[RQ-VAE] epoch=1948 loss=0.36634636 recon=0.00013123 beh=6.129131 w=0.060 lr=3.566e-04 time=0.173s
[RQ-VAE] epoch=1949 loss=0.36702502 recon=0.00013146 beh=6.126810 w=0.060 lr=3.563e-04 time=0.175s
[RQ-VAE] epoch=1950 loss=0.36784700 recon=0.00013086 lr=3.559e-04 raw_unique=20573/24587 collision=0.163257 time=0.174s
[RQ-VAE] epoch=1951 loss=0.36892208 recon=0.00013020 beh=6.131168 w=0.060 lr=3.556e-04 time=0.175s
[RQ-VAE] epoch=1952 loss=0.36958164 recon=0.00013022 beh=6.128608 w=0.060 lr=3.553e-04 time=0.175s
[RQ-VAE] epoch=1953 loss=0.37035283 recon=0.00013116 beh=6.127819 w=0.060 lr=3.549e-04 time=0.174s
[RQ-VAE] epoch=1954 loss=0.37111753 recon=0.00013178 beh=6.127001 w=0.061 lr=3.546e-04 time=0.174s
[RQ-VAE] epoch=1955 loss=0.37186360 recon=0.00013104 beh=6.125811 w=0.061 lr=3.542e-04 time=0.174s
[RQ-VAE] epoch=1956 loss=0.37287205 recon=0.00013152 beh=6.128932 w=0.061 lr=3.539e-04 time=0.173s
[RQ-VAE] epoch=1957 loss=0.37380052 recon=0.00013139 beh=6.130759 w=0.061 lr=3.536e-04 time=0.176s
[RQ-VAE] epoch=1958 loss=0.37461427 recon=0.00013107 beh=6.130752 w=0.061 lr=3.532e-04 time=0.278s
[RQ-VAE] epoch=1959 loss=0.37524945 recon=0.00013034 beh=6.127766 w=0.061 lr=3.529e-04 time=0.173s
[RQ-VAE] epoch=1960 loss=0.37617058 recon=0.00013124 beh=6.129467 w=0.061 lr=3.525e-04 time=0.175s
[RQ-VAE] epoch=1961 loss=0.37712628 recon=0.00013125 beh=6.131753 w=0.061 lr=3.522e-04 time=0.173s
[RQ-VAE] epoch=1962 loss=0.37812138 recon=0.00013075 beh=6.134696 w=0.062 lr=3.519e-04 time=0.174s
[RQ-VAE] epoch=1963 loss=0.37876609 recon=0.00013076 beh=6.131777 w=0.062 lr=3.515e-04 time=0.173s
[RQ-VAE] epoch=1964 loss=0.37937436 recon=0.00013196 beh=6.128357 w=0.062 lr=3.512e-04 time=0.171s
[RQ-VAE] epoch=1965 loss=0.38053083 recon=0.00013156 beh=6.133886 w=0.062 lr=3.508e-04 time=0.173s
[RQ-VAE] epoch=1966 loss=0.38130391 recon=0.00013176 beh=6.133165 w=0.062 lr=3.505e-04 time=0.174s
[RQ-VAE] epoch=1967 loss=0.38187352 recon=0.00013149 beh=6.129203 w=0.062 lr=3.502e-04 time=0.173s
[RQ-VAE] epoch=1968 loss=0.38270307 recon=0.00013275 beh=6.129405 w=0.062 lr=3.498e-04 time=0.171s
[RQ-VAE] epoch=1969 loss=0.38382569 recon=0.00013215 beh=6.134302 w=0.063 lr=3.495e-04 time=0.173s
[RQ-VAE] epoch=1970 loss=0.38470957 recon=0.00013169 beh=6.135418 w=0.063 lr=3.492e-04 time=0.172s
[RQ-VAE] epoch=1971 loss=0.38532162 recon=0.00013208 beh=6.132082 w=0.063 lr=3.488e-04 time=0.172s
[RQ-VAE] epoch=1972 loss=0.38648897 recon=0.00013265 beh=6.137632 w=0.063 lr=3.485e-04 time=0.175s
[RQ-VAE] epoch=1973 loss=0.38689300 recon=0.00013273 beh=6.131083 w=0.063 lr=3.481e-04 time=0.173s
[RQ-VAE] epoch=1974 loss=0.38792107 recon=0.00013295 beh=6.134377 w=0.063 lr=3.478e-04 time=0.172s
[RQ-VAE] epoch=1975 loss=0.38868725 recon=0.00013244 beh=6.133535 w=0.063 lr=3.475e-04 time=0.172s
[RQ-VAE] epoch=1976 loss=0.38905627 recon=0.00013236 beh=6.126490 w=0.063 lr=3.471e-04 time=0.172s
[RQ-VAE] epoch=1977 loss=0.38981965 recon=0.00013116 beh=6.125664 w=0.064 lr=3.468e-04 time=0.173s
[RQ-VAE] epoch=1978 loss=0.39101207 recon=0.00013211 beh=6.131526 w=0.064 lr=3.464e-04 time=0.172s
[RQ-VAE] epoch=1979 loss=0.39196357 recon=0.00013229 beh=6.133582 w=0.064 lr=3.461e-04 time=0.173s
[RQ-VAE] epoch=1980 loss=0.39217165 recon=0.00013298 beh=6.124080 w=0.064 lr=3.458e-04 time=0.171s
[RQ-VAE] epoch=1981 loss=0.39343166 recon=0.00013307 beh=6.131062 w=0.064 lr=3.454e-04 time=0.172s
[RQ-VAE] epoch=1982 loss=0.39417112 recon=0.00013286 beh=6.129813 w=0.064 lr=3.451e-04 time=0.173s
[RQ-VAE] epoch=1983 loss=0.39476609 recon=0.00013257 beh=6.126375 w=0.064 lr=3.447e-04 time=0.173s
[RQ-VAE] epoch=1984 loss=0.39589527 recon=0.00013400 beh=6.131191 w=0.065 lr=3.444e-04 time=0.172s
[RQ-VAE] epoch=1985 loss=0.39664781 recon=0.00013295 beh=6.130219 w=0.065 lr=3.441e-04 time=0.172s
[RQ-VAE] epoch=1986 loss=0.39755914 recon=0.00013142 beh=6.131719 w=0.065 lr=3.437e-04 time=0.171s
[RQ-VAE] epoch=1987 loss=0.39835319 recon=0.00013187 beh=6.131349 w=0.065 lr=3.434e-04 time=0.174s
[RQ-VAE] epoch=1988 loss=0.39877686 recon=0.00013222 beh=6.125202 w=0.065 lr=3.431e-04 time=0.172s
[RQ-VAE] epoch=1989 loss=0.40008026 recon=0.00013090 beh=6.132768 w=0.065 lr=3.427e-04 time=0.171s
[RQ-VAE] epoch=1990 loss=0.40081561 recon=0.00013138 beh=6.131504 w=0.065 lr=3.424e-04 time=0.171s
[RQ-VAE] epoch=1991 loss=0.40176612 recon=0.00013258 beh=6.133466 w=0.065 lr=3.420e-04 time=0.173s
[RQ-VAE] epoch=1992 loss=0.40243429 recon=0.00013244 beh=6.131235 w=0.066 lr=3.417e-04 time=0.171s
[RQ-VAE] epoch=1993 loss=0.40348452 recon=0.00013242 beh=6.134805 w=0.066 lr=3.414e-04 time=0.173s
[RQ-VAE] epoch=1994 loss=0.40364027 recon=0.00013319 beh=6.124688 w=0.066 lr=3.410e-04 time=0.173s
[RQ-VAE] epoch=1995 loss=0.40500724 recon=0.00013278 beh=6.133082 w=0.066 lr=3.407e-04 time=0.173s
[RQ-VAE] epoch=1996 loss=0.40515143 recon=0.00013324 beh=6.122847 w=0.066 lr=3.403e-04 time=0.171s
[RQ-VAE] epoch=1997 loss=0.40588441 recon=0.00013318 beh=6.121572 w=0.066 lr=3.400e-04 time=0.171s
[RQ-VAE] epoch=1998 loss=0.40728727 recon=0.00013318 beh=6.130419 w=0.066 lr=3.397e-04 time=0.173s
[RQ-VAE] epoch=1999 loss=0.40835127 recon=0.00013296 beh=6.134202 w=0.067 lr=3.393e-04 time=0.173s
[RQ-VAE] epoch=2000 loss=0.40898180 recon=0.00013300 lr=3.390e-04 raw_unique=20974/24587 collision=0.146948 time=0.171s
[RQ-VAE] epoch=2001 loss=0.40992928 recon=0.00013304 beh=6.133336 w=0.067 lr=3.386e-04 time=0.172s
[RQ-VAE] epoch=2002 loss=0.41074228 recon=0.00013360 beh=6.133244 w=0.067 lr=3.383e-04 time=0.172s
[RQ-VAE] epoch=2003 loss=0.41158551 recon=0.00013315 beh=6.133664 w=0.067 lr=3.380e-04 time=0.171s
[RQ-VAE] epoch=2004 loss=0.41232911 recon=0.00013315 beh=6.132525 w=0.067 lr=3.376e-04 time=0.171s
[RQ-VAE] epoch=2005 loss=0.41311994 recon=0.00013332 beh=6.132109 w=0.067 lr=3.373e-04 time=0.172s
[RQ-VAE] epoch=2006 loss=0.41395146 recon=0.00013381 beh=6.132333 w=0.067 lr=3.369e-04 time=0.172s
[RQ-VAE] epoch=2007 loss=0.41485071 recon=0.00013375 beh=6.133499 w=0.068 lr=3.366e-04 time=0.173s
[RQ-VAE] epoch=2008 loss=0.41520047 recon=0.00013396 beh=6.126596 w=0.068 lr=3.363e-04 time=0.175s
[RQ-VAE] epoch=2009 loss=0.41591156 recon=0.00013401 beh=6.125078 w=0.068 lr=3.359e-04 time=0.173s
[RQ-VAE] epoch=2010 loss=0.41698551 recon=0.00013396 beh=6.128843 w=0.068 lr=3.356e-04 time=0.173s
[RQ-VAE] epoch=2011 loss=0.41756362 recon=0.00013369 beh=6.125345 w=0.068 lr=3.353e-04 time=0.174s
[RQ-VAE] epoch=2012 loss=0.41881409 recon=0.00013318 beh=6.131708 w=0.068 lr=3.349e-04 time=0.173s
[RQ-VAE] epoch=2013 loss=0.41960436 recon=0.00013392 beh=6.131282 w=0.068 lr=3.346e-04 time=0.173s
[RQ-VAE] epoch=2014 loss=0.42002174 recon=0.00013295 beh=6.125502 w=0.069 lr=3.342e-04 time=0.298s
[RQ-VAE] epoch=2015 loss=0.42105293 recon=0.00013380 beh=6.128563 w=0.069 lr=3.339e-04 time=0.173s
[RQ-VAE] epoch=2016 loss=0.42168206 recon=0.00013386 beh=6.125872 w=0.069 lr=3.336e-04 time=0.172s
[RQ-VAE] epoch=2017 loss=0.42291281 recon=0.00013444 beh=6.131869 w=0.069 lr=3.332e-04 time=0.172s
[RQ-VAE] epoch=2018 loss=0.42373419 recon=0.00013392 beh=6.131866 w=0.069 lr=3.329e-04 time=0.173s
[RQ-VAE] epoch=2019 loss=0.42423153 recon=0.00013327 beh=6.127264 w=0.069 lr=3.325e-04 time=0.177s
[RQ-VAE] epoch=2020 loss=0.42520756 recon=0.00013350 beh=6.129579 w=0.069 lr=3.322e-04 time=0.172s
[RQ-VAE] epoch=2021 loss=0.42622262 recon=0.00013458 beh=6.132427 w=0.069 lr=3.319e-04 time=0.178s
[RQ-VAE] epoch=2022 loss=0.42669505 recon=0.00013427 beh=6.127450 w=0.070 lr=3.315e-04 time=0.175s
[RQ-VAE] epoch=2023 loss=0.42719963 recon=0.00013398 beh=6.122996 w=0.070 lr=3.312e-04 time=0.176s
[RQ-VAE] epoch=2024 loss=0.42848784 recon=0.00013442 beh=6.129770 w=0.070 lr=3.308e-04 time=0.177s
[RQ-VAE] epoch=2025 loss=0.42938596 recon=0.00013402 beh=6.130936 w=0.070 lr=3.305e-04 time=0.176s
[RQ-VAE] epoch=2026 loss=0.42999244 recon=0.00013433 beh=6.127901 w=0.070 lr=3.302e-04 time=0.176s
[RQ-VAE] epoch=2027 loss=0.43103835 recon=0.00013387 beh=6.131164 w=0.070 lr=3.298e-04 time=0.177s
[RQ-VAE] epoch=2028 loss=0.43185550 recon=0.00013315 beh=6.131216 w=0.070 lr=3.295e-04 time=0.177s
[RQ-VAE] epoch=2029 loss=0.43223888 recon=0.00013374 beh=6.124996 w=0.071 lr=3.292e-04 time=0.176s
[RQ-VAE] epoch=2030 loss=0.43283275 recon=0.00013326 beh=6.121819 w=0.071 lr=3.288e-04 time=0.176s
[RQ-VAE] epoch=2031 loss=0.43428189 recon=0.00013322 beh=6.130781 w=0.071 lr=3.285e-04 time=0.176s
[RQ-VAE] epoch=2032 loss=0.43502742 recon=0.00013255 beh=6.129774 w=0.071 lr=3.281e-04 time=0.176s
[RQ-VAE] epoch=2033 loss=0.43570098 recon=0.00013383 beh=6.127766 w=0.071 lr=3.278e-04 time=0.176s
[RQ-VAE] epoch=2034 loss=0.43645123 recon=0.00013405 beh=6.126814 w=0.071 lr=3.275e-04 time=0.176s
[RQ-VAE] epoch=2035 loss=0.43751943 recon=0.00013325 beh=6.130332 w=0.071 lr=3.271e-04 time=0.176s
[RQ-VAE] epoch=2036 loss=0.43845451 recon=0.00013435 beh=6.131952 w=0.071 lr=3.268e-04 time=0.175s
[RQ-VAE] epoch=2037 loss=0.43915448 recon=0.00013440 beh=6.130378 w=0.072 lr=3.264e-04 time=0.176s
[RQ-VAE] epoch=2038 loss=0.44006640 recon=0.00013406 beh=6.131675 w=0.072 lr=3.261e-04 time=0.176s
[RQ-VAE] epoch=2039 loss=0.44071999 recon=0.00013399 beh=6.129361 w=0.072 lr=3.258e-04 time=0.176s
[RQ-VAE] epoch=2040 loss=0.44164395 recon=0.00013454 beh=6.130847 w=0.072 lr=3.254e-04 time=0.179s
[RQ-VAE] epoch=2041 loss=0.44250551 recon=0.00013434 beh=6.131475 w=0.072 lr=3.251e-04 time=0.176s
[RQ-VAE] epoch=2042 loss=0.44315720 recon=0.00013424 beh=6.129206 w=0.072 lr=3.247e-04 time=0.177s
[RQ-VAE] epoch=2043 loss=0.44400933 recon=0.00013412 beh=6.129673 w=0.072 lr=3.244e-04 time=0.306s
[RQ-VAE] epoch=2044 loss=0.44494072 recon=0.00013475 beh=6.131259 w=0.073 lr=3.241e-04 time=0.176s
[RQ-VAE] epoch=2045 loss=0.44627398 recon=0.00013405 beh=6.138371 w=0.073 lr=3.237e-04 time=0.177s
[RQ-VAE] epoch=2046 loss=0.44634968 recon=0.00013427 beh=6.128175 w=0.073 lr=3.234e-04 time=0.175s
[RQ-VAE] epoch=2047 loss=0.44762504 recon=0.00013485 beh=6.134479 w=0.073 lr=3.231e-04 time=0.176s
[RQ-VAE] epoch=2048 loss=0.44809163 recon=0.00013453 beh=6.129673 w=0.073 lr=3.227e-04 time=0.177s
[RQ-VAE] epoch=2049 loss=0.44897544 recon=0.00013411 beh=6.130589 w=0.073 lr=3.224e-04 time=0.176s
[RQ-VAE] epoch=2050 loss=0.44959944 recon=0.00013401 lr=3.220e-04 raw_unique=21344/24587 collision=0.131899 time=0.177s
[RQ-VAE] epoch=2051 loss=0.45017153 recon=0.00013586 beh=6.124579 w=0.073 lr=3.217e-04 time=0.175s
[RQ-VAE] epoch=2052 loss=0.45147035 recon=0.00013561 beh=6.131119 w=0.074 lr=3.214e-04 time=0.176s
[RQ-VAE] epoch=2053 loss=0.45199063 recon=0.00013444 beh=6.127122 w=0.074 lr=3.210e-04 time=0.18s
[RQ-VAE] epoch=2054 loss=0.45253867 recon=0.00013488 beh=6.123477 w=0.074 lr=3.207e-04 time=0.176s
[RQ-VAE] epoch=2055 loss=0.45332080 recon=0.00013475 beh=6.123035 w=0.074 lr=3.203e-04 time=0.176s
[RQ-VAE] epoch=2056 loss=0.45461699 recon=0.00013490 beh=6.129511 w=0.074 lr=3.200e-04 time=0.176s
[RQ-VAE] epoch=2057 loss=0.45508695 recon=0.00013437 beh=6.124861 w=0.074 lr=3.197e-04 time=0.176s
[RQ-VAE] epoch=2058 loss=0.45630467 recon=0.00013557 beh=6.130221 w=0.074 lr=3.193e-04 time=0.176s
[RQ-VAE] epoch=2059 loss=0.45700794 recon=0.00013428 beh=6.128742 w=0.075 lr=3.190e-04 time=0.176s
[RQ-VAE] epoch=2060 loss=0.45803502 recon=0.00013425 beh=6.131529 w=0.075 lr=3.186e-04 time=0.178s
[RQ-VAE] epoch=2061 loss=0.45849743 recon=0.00013424 beh=6.126748 w=0.075 lr=3.183e-04 time=0.176s
[RQ-VAE] epoch=2062 loss=0.45932239 recon=0.00013466 beh=6.126837 w=0.075 lr=3.180e-04 time=0.177s
[RQ-VAE] epoch=2063 loss=0.46052909 recon=0.00013462 beh=6.132057 w=0.075 lr=3.176e-04 time=0.296s
[RQ-VAE] epoch=2064 loss=0.46110019 recon=0.00013453 beh=6.128785 w=0.075 lr=3.173e-04 time=0.176s
[RQ-VAE] epoch=2065 loss=0.46190667 recon=0.00013468 beh=6.128642 w=0.075 lr=3.169e-04 time=0.176s
[RQ-VAE] epoch=2066 loss=0.46269158 recon=0.00013478 beh=6.128218 w=0.075 lr=3.166e-04 time=0.176s
[RQ-VAE] epoch=2067 loss=0.46325067 recon=0.00013552 beh=6.124819 w=0.076 lr=3.163e-04 time=0.176s
[RQ-VAE] epoch=2068 loss=0.46422768 recon=0.00013510 beh=6.126937 w=0.076 lr=3.159e-04 time=0.176s
[RQ-VAE] epoch=2069 loss=0.46510023 recon=0.00013518 beh=6.127665 w=0.076 lr=3.156e-04 time=0.176s
[RQ-VAE] epoch=2070 loss=0.46618804 recon=0.00013445 beh=6.131227 w=0.076 lr=3.153e-04 time=0.177s
[RQ-VAE] epoch=2071 loss=0.46699768 recon=0.00013409 beh=6.131134 w=0.076 lr=3.149e-04 time=0.176s
[RQ-VAE] epoch=2072 loss=0.46737850 recon=0.00013475 beh=6.125377 w=0.076 lr=3.146e-04 time=0.176s
[RQ-VAE] epoch=2073 loss=0.46848774 recon=0.00013529 beh=6.129226 w=0.076 lr=3.142e-04 time=0.177s
[RQ-VAE] epoch=2074 loss=0.46934697 recon=0.00013541 beh=6.129795 w=0.077 lr=3.139e-04 time=0.176s
[RQ-VAE] epoch=2075 loss=0.46999937 recon=0.00013584 beh=6.127608 w=0.077 lr=3.136e-04 time=0.177s
[RQ-VAE] epoch=2076 loss=0.47110999 recon=0.00013483 beh=6.131474 w=0.077 lr=3.132e-04 time=0.175s
[RQ-VAE] epoch=2077 loss=0.47192407 recon=0.00013492 beh=6.131460 w=0.077 lr=3.129e-04 time=0.174s
[RQ-VAE] epoch=2078 loss=0.47251141 recon=0.00013522 beh=6.128453 w=0.077 lr=3.125e-04 time=0.272s
[RQ-VAE] epoch=2079 loss=0.47343570 recon=0.00013498 beh=6.129848 w=0.077 lr=3.122e-04 time=0.177s
[RQ-VAE] epoch=2080 loss=0.47442827 recon=0.00013528 beh=6.132102 w=0.077 lr=3.119e-04 time=0.177s
[RQ-VAE] epoch=2081 loss=0.47506243 recon=0.00013537 beh=6.129748 w=0.077 lr=3.115e-04 time=0.177s
[RQ-VAE] epoch=2082 loss=0.47580647 recon=0.00013524 beh=6.128830 w=0.078 lr=3.112e-04 time=0.176s
[RQ-VAE] epoch=2083 loss=0.47660023 recon=0.00013547 beh=6.128503 w=0.078 lr=3.108e-04 time=0.178s
[RQ-VAE] epoch=2084 loss=0.47727522 recon=0.00013556 beh=6.126647 w=0.078 lr=3.105e-04 time=0.176s
[RQ-VAE] epoch=2085 loss=0.47824031 recon=0.00013467 beh=6.128564 w=0.078 lr=3.102e-04 time=0.175s
[RQ-VAE] epoch=2086 loss=0.47924954 recon=0.00013558 beh=6.131021 w=0.078 lr=3.098e-04 time=0.177s
[RQ-VAE] epoch=2087 loss=0.47998479 recon=0.00013569 beh=6.129976 w=0.078 lr=3.095e-04 time=0.177s
[RQ-VAE] epoch=2088 loss=0.48053688 recon=0.00013619 beh=6.126597 w=0.078 lr=3.092e-04 time=0.177s
[RQ-VAE] epoch=2089 loss=0.48132670 recon=0.00013595 beh=6.126260 w=0.079 lr=3.088e-04 time=0.178s
[RQ-VAE] epoch=2090 loss=0.48217133 recon=0.00013606 beh=6.126628 w=0.079 lr=3.085e-04 time=0.177s
[RQ-VAE] epoch=2091 loss=0.48330450 recon=0.00013561 beh=6.130651 w=0.079 lr=3.081e-04 time=0.178s
[RQ-VAE] epoch=2092 loss=0.48424685 recon=0.00013530 beh=6.132238 w=0.079 lr=3.078e-04 time=0.177s
[RQ-VAE] epoch=2093 loss=0.48459601 recon=0.00013518 beh=6.126271 w=0.079 lr=3.075e-04 time=0.177s
[RQ-VAE] epoch=2094 loss=0.48559523 recon=0.00013491 beh=6.128603 w=0.079 lr=3.071e-04 time=0.176s
[RQ-VAE] epoch=2095 loss=0.48658702 recon=0.00013523 beh=6.130798 w=0.079 lr=3.068e-04 time=0.176s
[RQ-VAE] epoch=2096 loss=0.48710963 recon=0.00013468 beh=6.127082 w=0.079 lr=3.064e-04 time=0.176s
[RQ-VAE] epoch=2097 loss=0.48783961 recon=0.00013448 beh=6.126020 w=0.080 lr=3.061e-04 time=0.179s
[RQ-VAE] epoch=2098 loss=0.48917997 recon=0.00013383 beh=6.132585 w=0.080 lr=3.058e-04 time=0.178s
[RQ-VAE] epoch=2099 loss=0.48992199 recon=0.00013432 beh=6.131616 w=0.080 lr=3.054e-04 time=0.176s
[RQ-VAE] epoch=2100 loss=0.49082094 recon=0.00013544 lr=3.051e-04 raw_unique=21144/24587 collision=0.140033 time=0.176s
[RQ-VAE] epoch=2101 loss=0.49133098 recon=0.00013520 beh=6.128805 w=0.080 lr=3.047e-04 time=0.178s
[RQ-VAE] epoch=2102 loss=0.49214560 recon=0.00013543 beh=6.128779 w=0.080 lr=3.044e-04 time=0.176s
[RQ-VAE] epoch=2103 loss=0.49268910 recon=0.00013555 beh=6.125380 w=0.080 lr=3.041e-04 time=0.177s
[RQ-VAE] epoch=2104 loss=0.49401897 recon=0.00013587 beh=6.131746 w=0.081 lr=3.037e-04 time=0.176s
[RQ-VAE] epoch=2105 loss=0.49434310 recon=0.00013650 beh=6.125580 w=0.081 lr=3.034e-04 time=0.177s
[RQ-VAE] epoch=2106 loss=0.49511847 recon=0.00013606 beh=6.125104 w=0.081 lr=3.031e-04 time=0.177s
[RQ-VAE] epoch=2107 loss=0.49583751 recon=0.00013570 beh=6.123911 w=0.081 lr=3.027e-04 time=0.177s
[RQ-VAE] epoch=2108 loss=0.49704632 recon=0.00013627 beh=6.128728 w=0.081 lr=3.024e-04 time=0.178s
[RQ-VAE] epoch=2109 loss=0.49774429 recon=0.00013697 beh=6.127275 w=0.081 lr=3.020e-04 time=0.18s
[RQ-VAE] epoch=2110 loss=0.49862391 recon=0.00013663 beh=6.128074 w=0.081 lr=3.017e-04 time=0.177s
[RQ-VAE] epoch=2111 loss=0.49989158 recon=0.00013677 beh=6.133573 w=0.081 lr=3.014e-04 time=0.177s
[RQ-VAE] epoch=2112 loss=0.49997199 recon=0.00013641 beh=6.124541 w=0.082 lr=3.010e-04 time=0.178s
[RQ-VAE] epoch=2113 loss=0.50101477 recon=0.00013628 beh=6.127319 w=0.082 lr=3.007e-04 time=0.177s
[RQ-VAE] epoch=2114 loss=0.50201708 recon=0.00013620 beh=6.129584 w=0.082 lr=3.003e-04 time=0.176s
[RQ-VAE] epoch=2115 loss=0.50309861 recon=0.00013619 beh=6.132824 w=0.082 lr=3.000e-04 time=0.176s
[RQ-VAE] epoch=2116 loss=0.50382853 recon=0.00013565 beh=6.131761 w=0.082 lr=2.997e-04 time=0.176s
[RQ-VAE] epoch=2117 loss=0.50412565 recon=0.00013499 beh=6.125457 w=0.082 lr=2.993e-04 time=0.176s
[RQ-VAE] epoch=2118 loss=0.50485814 recon=0.00013580 beh=6.124436 w=0.082 lr=2.990e-04 time=0.176s
[RQ-VAE] epoch=2119 loss=0.50589609 recon=0.00013535 beh=6.127116 w=0.083 lr=2.986e-04 time=0.177s
[RQ-VAE] epoch=2120 loss=0.50636530 recon=0.00013606 beh=6.122890 w=0.083 lr=2.983e-04 time=0.176s
[RQ-VAE] epoch=2121 loss=0.50758713 recon=0.00013600 beh=6.127761 w=0.083 lr=2.980e-04 time=0.176s
[RQ-VAE] epoch=2122 loss=0.50856155 recon=0.00013570 beh=6.129692 w=0.083 lr=2.976e-04 time=0.179s
[RQ-VAE] epoch=2123 loss=0.50922477 recon=0.00013618 beh=6.127845 w=0.083 lr=2.973e-04 time=0.177s
[RQ-VAE] epoch=2124 loss=0.50993878 recon=0.00013603 beh=6.126606 w=0.083 lr=2.969e-04 time=0.177s
[RQ-VAE] epoch=2125 loss=0.51105577 recon=0.00013627 beh=6.130182 w=0.083 lr=2.966e-04 time=0.177s
[RQ-VAE] epoch=2126 loss=0.51175278 recon=0.00013658 beh=6.128759 w=0.083 lr=2.963e-04 time=0.177s
[RQ-VAE] epoch=2127 loss=0.51202863 recon=0.00013740 beh=6.122256 w=0.084 lr=2.959e-04 time=0.177s
[RQ-VAE] epoch=2128 loss=0.51336771 recon=0.00013673 beh=6.128508 w=0.084 lr=2.956e-04 time=0.177s
[RQ-VAE] epoch=2129 loss=0.51426429 recon=0.00013716 beh=6.129452 w=0.084 lr=2.953e-04 time=0.178s
[RQ-VAE] epoch=2130 loss=0.51484346 recon=0.00013674 beh=6.126623 w=0.084 lr=2.949e-04 time=0.178s
[RQ-VAE] epoch=2131 loss=0.51561505 recon=0.00013662 beh=6.126085 w=0.084 lr=2.946e-04 time=0.177s
[RQ-VAE] epoch=2132 loss=0.51640487 recon=0.00013637 beh=6.125774 w=0.084 lr=2.942e-04 time=0.178s
[RQ-VAE] epoch=2133 loss=0.51722550 recon=0.00013689 beh=6.125807 w=0.084 lr=2.939e-04 time=0.175s
[RQ-VAE] epoch=2134 loss=0.51790386 recon=0.00013721 beh=6.124194 w=0.085 lr=2.936e-04 time=0.306s
[RQ-VAE] epoch=2135 loss=0.51894790 recon=0.00013837 beh=6.126863 w=0.085 lr=2.932e-04 time=0.177s
[RQ-VAE] epoch=2136 loss=0.51995146 recon=0.00013780 beh=6.129072 w=0.085 lr=2.929e-04 time=0.177s
[RQ-VAE] epoch=2137 loss=0.52104694 recon=0.00013902 beh=6.132311 w=0.085 lr=2.925e-04 time=0.176s
[RQ-VAE] epoch=2138 loss=0.52134728 recon=0.00013819 beh=6.126290 w=0.085 lr=2.922e-04 time=0.176s
[RQ-VAE] epoch=2139 loss=0.52200186 recon=0.00013720 beh=6.124373 w=0.085 lr=2.919e-04 time=0.177s
[RQ-VAE] epoch=2140 loss=0.52308136 recon=0.00013741 beh=6.127425 w=0.085 lr=2.915e-04 time=0.177s
[RQ-VAE] epoch=2141 loss=0.52375489 recon=0.00013713 beh=6.125781 w=0.085 lr=2.912e-04 time=0.177s
[RQ-VAE] epoch=2142 loss=0.52450126 recon=0.00013722 beh=6.124948 w=0.086 lr=2.908e-04 time=0.177s
[RQ-VAE] epoch=2143 loss=0.52514637 recon=0.00013742 beh=6.122951 w=0.086 lr=2.905e-04 time=0.177s
[RQ-VAE] epoch=2144 loss=0.52600646 recon=0.00013685 beh=6.123468 w=0.086 lr=2.902e-04 time=0.178s
[RQ-VAE] epoch=2145 loss=0.52705532 recon=0.00013762 beh=6.126161 w=0.086 lr=2.898e-04 time=0.178s
[RQ-VAE] epoch=2146 loss=0.52800298 recon=0.00013792 beh=6.127678 w=0.086 lr=2.895e-04 time=0.177s
[RQ-VAE] epoch=2147 loss=0.52900666 recon=0.00013710 beh=6.129862 w=0.086 lr=2.892e-04 time=0.177s
[RQ-VAE] epoch=2148 loss=0.52991521 recon=0.00013753 beh=6.130919 w=0.086 lr=2.888e-04 time=0.178s
[RQ-VAE] epoch=2149 loss=0.53064352 recon=0.00013779 beh=6.129894 w=0.087 lr=2.885e-04 time=0.177s
[RQ-VAE] epoch=2150 loss=0.53129393 recon=0.00013664 lr=2.881e-04 raw_unique=21498/24587 collision=0.125635 time=0.177s
[RQ-VAE] epoch=2151 loss=0.53251970 recon=0.00013719 beh=6.132697 w=0.087 lr=2.878e-04 time=0.178s
[RQ-VAE] epoch=2152 loss=0.53295141 recon=0.00013724 beh=6.128238 w=0.087 lr=2.875e-04 time=0.177s
[RQ-VAE] epoch=2153 loss=0.53387070 recon=0.00013759 beh=6.129408 w=0.087 lr=2.871e-04 time=0.178s
[RQ-VAE] epoch=2154 loss=0.53446597 recon=0.00013719 beh=6.126873 w=0.087 lr=2.868e-04 time=0.177s
[RQ-VAE] epoch=2155 loss=0.53554320 recon=0.00013699 beh=6.129880 w=0.087 lr=2.864e-04 time=0.178s
[RQ-VAE] epoch=2156 loss=0.53590643 recon=0.00013735 beh=6.124680 w=0.087 lr=2.861e-04 time=0.177s
[RQ-VAE] epoch=2157 loss=0.53671217 recon=0.00013736 beh=6.124551 w=0.088 lr=2.858e-04 time=0.178s
[RQ-VAE] epoch=2158 loss=0.53793561 recon=0.00013786 beh=6.129208 w=0.088 lr=2.854e-04 time=0.177s
[RQ-VAE] epoch=2159 loss=0.53875458 recon=0.00013838 beh=6.129210 w=0.088 lr=2.851e-04 time=0.179s
[RQ-VAE] epoch=2160 loss=0.53929466 recon=0.00013773 beh=6.126062 w=0.088 lr=2.847e-04 time=0.176s
[RQ-VAE] epoch=2161 loss=0.53984296 recon=0.00013772 beh=6.123006 w=0.088 lr=2.844e-04 time=0.177s
[RQ-VAE] epoch=2162 loss=0.54101682 recon=0.00013783 beh=6.127076 w=0.088 lr=2.841e-04 time=0.177s
[RQ-VAE] epoch=2163 loss=0.54184055 recon=0.00013746 beh=6.127149 w=0.088 lr=2.837e-04 time=0.297s
[RQ-VAE] epoch=2164 loss=0.54264534 recon=0.00013802 beh=6.127021 w=0.089 lr=2.834e-04 time=0.176s
[RQ-VAE] epoch=2165 loss=0.54340482 recon=0.00013796 beh=6.126356 w=0.089 lr=2.831e-04 time=0.177s
[RQ-VAE] epoch=2166 loss=0.54346013 recon=0.00013783 beh=6.117786 w=0.089 lr=2.827e-04 time=0.177s
[RQ-VAE] epoch=2167 loss=0.54496467 recon=0.00013786 beh=6.125548 w=0.089 lr=2.824e-04 time=0.177s
[RQ-VAE] epoch=2168 loss=0.54612267 recon=0.00013738 beh=6.129380 w=0.089 lr=2.820e-04 time=0.177s
[RQ-VAE] epoch=2169 loss=0.54657537 recon=0.00013802 beh=6.125285 w=0.089 lr=2.817e-04 time=0.178s
[RQ-VAE] epoch=2170 loss=0.54703671 recon=0.00013810 beh=6.121306 w=0.089 lr=2.814e-04 time=0.177s
[RQ-VAE] epoch=2171 loss=0.54803193 recon=0.00013762 beh=6.123321 w=0.089 lr=2.810e-04 time=0.178s
[RQ-VAE] epoch=2172 loss=0.54878318 recon=0.00013802 beh=6.122586 w=0.090 lr=2.807e-04 time=0.178s
[RQ-VAE] epoch=2173 loss=0.54947299 recon=0.00013873 beh=6.121182 w=0.090 lr=2.803e-04 time=0.178s
[RQ-VAE] epoch=2174 loss=0.55046642 recon=0.00013818 beh=6.123160 w=0.090 lr=2.800e-04 time=0.176s
[RQ-VAE] epoch=2175 loss=0.55168092 recon=0.00013807 beh=6.127570 w=0.090 lr=2.797e-04 time=0.178s
[RQ-VAE] epoch=2176 loss=0.55239171 recon=0.00013729 beh=6.126396 w=0.090 lr=2.793e-04 time=0.177s
[RQ-VAE] epoch=2177 loss=0.55344325 recon=0.00013867 beh=6.128987 w=0.090 lr=2.790e-04 time=0.177s
[RQ-VAE] epoch=2178 loss=0.55413651 recon=0.00013774 beh=6.127625 w=0.090 lr=2.786e-04 time=0.177s
[RQ-VAE] epoch=2179 loss=0.55521250 recon=0.00013730 beh=6.130509 w=0.091 lr=2.783e-04 time=0.178s
[RQ-VAE] epoch=2180 loss=0.55602556 recon=0.00013727 beh=6.130455 w=0.091 lr=2.780e-04 time=0.178s
[RQ-VAE] epoch=2181 loss=0.55633593 recon=0.00013716 beh=6.124858 w=0.091 lr=2.776e-04 time=0.177s
[RQ-VAE] epoch=2182 loss=0.55785298 recon=0.00013806 beh=6.132555 w=0.091 lr=2.773e-04 time=0.177s
[RQ-VAE] epoch=2183 loss=0.55805242 recon=0.00013849 beh=6.125787 w=0.091 lr=2.769e-04 time=0.27s
[RQ-VAE] epoch=2184 loss=0.55887526 recon=0.00014012 beh=6.125813 w=0.091 lr=2.766e-04 time=0.177s
[RQ-VAE] epoch=2185 loss=0.55949044 recon=0.00014007 beh=6.123596 w=0.091 lr=2.763e-04 time=0.177s
[RQ-VAE] epoch=2186 loss=0.56023359 recon=0.00013923 beh=6.122815 w=0.091 lr=2.759e-04 time=0.178s
[RQ-VAE] epoch=2187 loss=0.56119025 recon=0.00013844 beh=6.124364 w=0.092 lr=2.756e-04 time=0.176s
[RQ-VAE] epoch=2188 loss=0.56207585 recon=0.00013799 beh=6.125125 w=0.092 lr=2.753e-04 time=0.177s
[RQ-VAE] epoch=2189 loss=0.56235564 recon=0.00013805 beh=6.119276 w=0.092 lr=2.749e-04 time=0.176s
[RQ-VAE] epoch=2190 loss=0.56332469 recon=0.00013930 beh=6.120909 w=0.092 lr=2.746e-04 time=0.178s
[RQ-VAE] epoch=2191 loss=0.56418639 recon=0.00013896 beh=6.121418 w=0.092 lr=2.742e-04 time=0.178s
[RQ-VAE] epoch=2192 loss=0.56541443 recon=0.00013900 beh=6.125910 w=0.092 lr=2.739e-04 time=0.177s
[RQ-VAE] epoch=2193 loss=0.56598622 recon=0.00013948 beh=6.123247 w=0.092 lr=2.736e-04 time=0.176s
[RQ-VAE] epoch=2194 loss=0.56692499 recon=0.00013920 beh=6.124569 w=0.093 lr=2.732e-04 time=0.178s
[RQ-VAE] epoch=2195 loss=0.56794858 recon=0.00013919 beh=6.126799 w=0.093 lr=2.729e-04 time=0.177s
[RQ-VAE] epoch=2196 loss=0.56860316 recon=0.00013885 beh=6.125054 w=0.093 lr=2.725e-04 time=0.177s
[RQ-VAE] epoch=2197 loss=0.56977254 recon=0.00013857 beh=6.128869 w=0.093 lr=2.722e-04 time=0.177s
[RQ-VAE] epoch=2198 loss=0.57015902 recon=0.00013920 beh=6.124218 w=0.093 lr=2.719e-04 time=0.268s
[RQ-VAE] epoch=2199 loss=0.57166892 recon=0.00013929 beh=6.131664 w=0.093 lr=2.715e-04 time=0.176s
[RQ-VAE] epoch=2200 loss=0.57199049 recon=0.00013900 lr=2.712e-04 raw_unique=21557/24587 collision=0.123236 time=0.177s
[RQ-VAE] epoch=2201 loss=0.57332051 recon=0.00013798 beh=6.131865 w=0.093 lr=2.708e-04 time=0.177s
[RQ-VAE] epoch=2202 loss=0.57352746 recon=0.00013835 beh=6.125331 w=0.094 lr=2.705e-04 time=0.176s
[RQ-VAE] epoch=2203 loss=0.57418120 recon=0.00013920 beh=6.123568 w=0.094 lr=2.702e-04 time=0.18s
[RQ-VAE] epoch=2204 loss=0.57485723 recon=0.00013920 beh=6.122082 w=0.094 lr=2.698e-04 time=0.177s
[RQ-VAE] epoch=2205 loss=0.57599938 recon=0.00013932 beh=6.125552 w=0.094 lr=2.695e-04 time=0.177s
[RQ-VAE] epoch=2206 loss=0.57710248 recon=0.00013887 beh=6.128602 w=0.094 lr=2.692e-04 time=0.177s
[RQ-VAE] epoch=2207 loss=0.57757020 recon=0.00013968 beh=6.124902 w=0.094 lr=2.688e-04 time=0.176s
[RQ-VAE] epoch=2208 loss=0.57896364 recon=0.00013931 beh=6.131014 w=0.094 lr=2.685e-04 time=0.177s
[RQ-VAE] epoch=2209 loss=0.57918650 recon=0.00013958 beh=6.124728 w=0.095 lr=2.681e-04 time=0.176s
[RQ-VAE] epoch=2210 loss=0.58009332 recon=0.00013960 beh=6.125689 w=0.095 lr=2.678e-04 time=0.177s
[RQ-VAE] epoch=2211 loss=0.58097261 recon=0.00013948 beh=6.126345 w=0.095 lr=2.675e-04 time=0.177s
[RQ-VAE] epoch=2212 loss=0.58196718 recon=0.00013979 beh=6.128205 w=0.095 lr=2.671e-04 time=0.177s
[RQ-VAE] epoch=2213 loss=0.58253795 recon=0.00013998 beh=6.125623 w=0.095 lr=2.668e-04 time=0.176s
[RQ-VAE] epoch=2214 loss=0.58345163 recon=0.00013920 beh=6.126648 w=0.095 lr=2.664e-04 time=0.176s
[RQ-VAE] epoch=2215 loss=0.58435363 recon=0.00013897 beh=6.127525 w=0.095 lr=2.661e-04 time=0.176s
[RQ-VAE] epoch=2216 loss=0.58513570 recon=0.00013863 beh=6.127182 w=0.095 lr=2.658e-04 time=0.176s
[RQ-VAE] epoch=2217 loss=0.58628917 recon=0.00013876 beh=6.130707 w=0.096 lr=2.654e-04 time=0.177s
[RQ-VAE] epoch=2218 loss=0.58702695 recon=0.00013883 beh=6.129858 w=0.096 lr=2.651e-04 time=0.176s
[RQ-VAE] epoch=2219 loss=0.58738899 recon=0.00013954 beh=6.125110 w=0.096 lr=2.647e-04 time=0.177s
[RQ-VAE] epoch=2220 loss=0.58888489 recon=0.00013972 beh=6.132201 w=0.096 lr=2.644e-04 time=0.178s
[RQ-VAE] epoch=2221 loss=0.58923680 recon=0.00014014 beh=6.127346 w=0.096 lr=2.641e-04 time=0.177s
[RQ-VAE] epoch=2222 loss=0.59045088 recon=0.00013952 beh=6.131470 w=0.096 lr=2.637e-04 time=0.176s
[RQ-VAE] epoch=2223 loss=0.59055483 recon=0.00013955 beh=6.124071 w=0.096 lr=2.634e-04 time=0.177s
[RQ-VAE] epoch=2224 loss=0.59136999 recon=0.00014030 beh=6.124056 w=0.097 lr=2.631e-04 time=0.177s
[RQ-VAE] epoch=2225 loss=0.59232831 recon=0.00014104 beh=6.125515 w=0.097 lr=2.627e-04 time=0.177s
[RQ-VAE] epoch=2226 loss=0.59259379 recon=0.00014171 beh=6.119802 w=0.097 lr=2.624e-04 time=0.176s
[RQ-VAE] epoch=2227 loss=0.59394324 recon=0.00014052 beh=6.125322 w=0.097 lr=2.620e-04 time=0.177s
[RQ-VAE] epoch=2228 loss=0.59491795 recon=0.00013969 beh=6.126958 w=0.097 lr=2.617e-04 time=0.177s
[RQ-VAE] epoch=2229 loss=0.59595573 recon=0.00014071 beh=6.129223 w=0.097 lr=2.614e-04 time=0.177s
[RQ-VAE] epoch=2230 loss=0.59625697 recon=0.00014129 beh=6.123925 w=0.097 lr=2.610e-04 time=0.177s
[RQ-VAE] epoch=2231 loss=0.59718478 recon=0.00014036 beh=6.125075 w=0.097 lr=2.607e-04 time=0.178s
[RQ-VAE] epoch=2232 loss=0.59775889 recon=0.00013905 beh=6.122593 w=0.098 lr=2.603e-04 time=0.176s
[RQ-VAE] epoch=2233 loss=0.59856999 recon=0.00013915 beh=6.122551 w=0.098 lr=2.600e-04 time=0.177s
[RQ-VAE] epoch=2234 loss=0.59969831 recon=0.00013939 beh=6.125737 w=0.098 lr=2.597e-04 time=0.176s
[RQ-VAE] epoch=2235 loss=0.60006803 recon=0.00013950 beh=6.121171 w=0.098 lr=2.593e-04 time=0.176s
[RQ-VAE] epoch=2236 loss=0.60118306 recon=0.00014021 beh=6.124218 w=0.098 lr=2.590e-04 time=0.176s
[RQ-VAE] epoch=2237 loss=0.60238659 recon=0.00013994 beh=6.128164 w=0.098 lr=2.586e-04 time=0.178s
[RQ-VAE] epoch=2238 loss=0.60315728 recon=0.00013915 beh=6.127708 w=0.098 lr=2.583e-04 time=0.177s
[RQ-VAE] epoch=2239 loss=0.60407561 recon=0.00014000 beh=6.128727 w=0.099 lr=2.580e-04 time=0.178s
[RQ-VAE] epoch=2240 loss=0.60487103 recon=0.00013961 beh=6.128506 w=0.099 lr=2.576e-04 time=0.177s
[RQ-VAE] epoch=2241 loss=0.60549152 recon=0.00014145 beh=6.126505 w=0.099 lr=2.573e-04 time=0.177s
[RQ-VAE] epoch=2242 loss=0.60607761 recon=0.00014003 beh=6.124183 w=0.099 lr=2.569e-04 time=0.177s
[RQ-VAE] epoch=2243 loss=0.60650194 recon=0.00014025 beh=6.120199 w=0.099 lr=2.566e-04 time=0.177s
[RQ-VAE] epoch=2244 loss=0.60785377 recon=0.00014016 beh=6.125599 w=0.099 lr=2.563e-04 time=0.177s
[RQ-VAE] epoch=2245 loss=0.60889596 recon=0.00014056 beh=6.127887 w=0.099 lr=2.559e-04 time=0.175s
[RQ-VAE] epoch=2246 loss=0.60956198 recon=0.00014018 beh=6.126347 w=0.099 lr=2.556e-04 time=0.176s
[RQ-VAE] epoch=2247 loss=0.61059642 recon=0.00013999 beh=6.128547 w=0.100 lr=2.553e-04 time=0.176s
[RQ-VAE] epoch=2248 loss=0.61120808 recon=0.00013965 beh=6.126499 w=0.100 lr=2.549e-04 time=0.177s
[RQ-VAE] epoch=2249 loss=0.61178803 recon=0.00014073 beh=6.124100 w=0.100 lr=2.546e-04 time=0.176s
[RQ-VAE] epoch=2250 loss=0.61275387 recon=0.00014086 lr=2.542e-04 raw_unique=21547/24587 collision=0.123643 time=0.176s
[RQ-VAE] epoch=2251 loss=0.61338532 recon=0.00014119 beh=6.123755 w=0.100 lr=2.539e-04 time=0.177s
[RQ-VAE] epoch=2252 loss=0.61443818 recon=0.00014016 beh=6.126126 w=0.100 lr=2.536e-04 time=0.178s
[RQ-VAE] epoch=2253 loss=0.61533576 recon=0.00014096 beh=6.126932 w=0.100 lr=2.532e-04 time=0.176s
[RQ-VAE] epoch=2254 loss=0.61634421 recon=0.00014102 beh=6.128834 w=0.101 lr=2.529e-04 time=0.177s
[RQ-VAE] epoch=2255 loss=0.61677623 recon=0.00014078 beh=6.125015 w=0.101 lr=2.525e-04 time=0.279s
[RQ-VAE] epoch=2256 loss=0.61741745 recon=0.00014105 beh=6.123264 w=0.101 lr=2.522e-04 time=0.176s
[RQ-VAE] epoch=2257 loss=0.61920905 recon=0.00014026 beh=6.132941 w=0.101 lr=2.519e-04 time=0.177s
[RQ-VAE] epoch=2258 loss=0.61960095 recon=0.00014035 beh=6.128719 w=0.101 lr=2.515e-04 time=0.176s
[RQ-VAE] epoch=2259 loss=0.62036300 recon=0.00013982 beh=6.128190 w=0.101 lr=2.512e-04 time=0.177s
[RQ-VAE] epoch=2260 loss=0.62165391 recon=0.00014001 beh=6.132870 w=0.101 lr=2.508e-04 time=0.177s
[RQ-VAE] epoch=2261 loss=0.62190795 recon=0.00014110 beh=6.127295 w=0.101 lr=2.505e-04 time=0.177s
[RQ-VAE] epoch=2262 loss=0.62236500 recon=0.00014080 beh=6.123772 w=0.102 lr=2.502e-04 time=0.176s
[RQ-VAE] epoch=2263 loss=0.62374109 recon=0.00014025 beh=6.129281 w=0.102 lr=2.498e-04 time=0.177s
[RQ-VAE] epoch=2264 loss=0.62427628 recon=0.00014054 beh=6.126487 w=0.102 lr=2.495e-04 time=0.176s
[RQ-VAE] epoch=2265 loss=0.62482262 recon=0.00014056 beh=6.123836 w=0.102 lr=2.492e-04 time=0.176s
[RQ-VAE] epoch=2266 loss=0.62551665 recon=0.00014070 beh=6.122654 w=0.102 lr=2.488e-04 time=0.177s
[RQ-VAE] epoch=2267 loss=0.62669706 recon=0.00014035 beh=6.126222 w=0.102 lr=2.485e-04 time=0.177s
[RQ-VAE] epoch=2268 loss=0.62745649 recon=0.00014067 beh=6.125645 w=0.102 lr=2.481e-04 time=0.177s
[RQ-VAE] epoch=2269 loss=0.62842929 recon=0.00014099 beh=6.127178 w=0.103 lr=2.478e-04 time=0.178s
[RQ-VAE] epoch=2270 loss=0.62901455 recon=0.00014162 beh=6.124918 w=0.103 lr=2.475e-04 time=0.177s
[RQ-VAE] epoch=2271 loss=0.63003683 recon=0.00014140 beh=6.126904 w=0.103 lr=2.471e-04 time=0.177s
[RQ-VAE] epoch=2272 loss=0.63111824 recon=0.00014180 beh=6.129476 w=0.103 lr=2.468e-04 time=0.177s
[RQ-VAE] epoch=2273 loss=0.63153630 recon=0.00014092 beh=6.125612 w=0.103 lr=2.464e-04 time=0.177s
[RQ-VAE] epoch=2274 loss=0.63187814 recon=0.00014109 beh=6.121015 w=0.103 lr=2.461e-04 time=0.178s
[RQ-VAE] epoch=2275 loss=0.63343370 recon=0.00014119 beh=6.128162 w=0.103 lr=2.458e-04 time=0.178s
[RQ-VAE] epoch=2276 loss=0.63420248 recon=0.00014042 beh=6.127705 w=0.103 lr=2.454e-04 time=0.176s
[RQ-VAE] epoch=2277 loss=0.63518745 recon=0.00014086 beh=6.129333 w=0.104 lr=2.451e-04 time=0.176s
[RQ-VAE] epoch=2278 loss=0.63571370 recon=0.00014109 beh=6.126532 w=0.104 lr=2.447e-04 time=0.177s
[RQ-VAE] epoch=2279 loss=0.63631576 recon=0.00014104 beh=6.124457 w=0.104 lr=2.444e-04 time=0.177s
[RQ-VAE] epoch=2280 loss=0.63720977 recon=0.00014173 beh=6.125196 w=0.104 lr=2.441e-04 time=0.177s
[RQ-VAE] epoch=2281 loss=0.63828790 recon=0.00014112 beh=6.127724 w=0.104 lr=2.437e-04 time=0.178s
[RQ-VAE] epoch=2282 loss=0.63853145 recon=0.00014039 beh=6.122228 w=0.104 lr=2.434e-04 time=0.179s
[RQ-VAE] epoch=2283 loss=0.63989168 recon=0.00014131 beh=6.127413 w=0.104 lr=2.431e-04 time=0.177s
[RQ-VAE] epoch=2284 loss=0.64009488 recon=0.00014141 beh=6.121554 w=0.105 lr=2.427e-04 time=0.275s
[RQ-VAE] epoch=2285 loss=0.64150161 recon=0.00014156 beh=6.127197 w=0.105 lr=2.424e-04 time=0.176s
[RQ-VAE] epoch=2286 loss=0.64185160 recon=0.00014132 beh=6.122736 w=0.105 lr=2.420e-04 time=0.176s
[RQ-VAE] epoch=2287 loss=0.64306009 recon=0.00014118 beh=6.126478 w=0.105 lr=2.417e-04 time=0.176s
[RQ-VAE] epoch=2288 loss=0.64397061 recon=0.00014147 beh=6.127367 w=0.105 lr=2.414e-04 time=0.177s
[RQ-VAE] epoch=2289 loss=0.64450568 recon=0.00014165 beh=6.124701 w=0.105 lr=2.410e-04 time=0.178s
[RQ-VAE] epoch=2290 loss=0.64553410 recon=0.00014043 beh=6.126719 w=0.105 lr=2.407e-04 time=0.178s
[RQ-VAE] epoch=2291 loss=0.64587152 recon=0.00014004 beh=6.122165 w=0.105 lr=2.403e-04 time=0.176s
[RQ-VAE] epoch=2292 loss=0.64640909 recon=0.00014103 beh=6.119513 w=0.106 lr=2.400e-04 time=0.177s
[RQ-VAE] epoch=2293 loss=0.64769965 recon=0.00014160 beh=6.123993 w=0.106 lr=2.397e-04 time=0.177s
[RQ-VAE] epoch=2294 loss=0.64847898 recon=0.00014138 beh=6.123658 w=0.106 lr=2.393e-04 time=0.177s
[RQ-VAE] epoch=2295 loss=0.64993286 recon=0.00014130 beh=6.129666 w=0.106 lr=2.390e-04 time=0.177s
[RQ-VAE] epoch=2296 loss=0.65044457 recon=0.00014116 beh=6.126803 w=0.106 lr=2.386e-04 time=0.176s
[RQ-VAE] epoch=2297 loss=0.65123188 recon=0.00014176 beh=6.126510 w=0.106 lr=2.383e-04 time=0.177s
[RQ-VAE] epoch=2298 loss=0.65194798 recon=0.00014150 beh=6.125557 w=0.106 lr=2.380e-04 time=0.176s
[RQ-VAE] epoch=2299 loss=0.65278757 recon=0.00014165 beh=6.125769 w=0.107 lr=2.376e-04 time=0.178s
[RQ-VAE] epoch=2300 loss=0.65358877 recon=0.00014246 lr=2.373e-04 raw_unique=21662/24587 collision=0.118965 time=0.176s
[RQ-VAE] epoch=2301 loss=0.65440106 recon=0.00014201 beh=6.125590 w=0.107 lr=2.369e-04 time=0.177s
[RQ-VAE] epoch=2302 loss=0.65488684 recon=0.00014174 beh=6.122510 w=0.107 lr=2.366e-04 time=0.174s
[RQ-VAE] epoch=2303 loss=0.65575725 recon=0.00014129 beh=6.123021 w=0.107 lr=2.363e-04 time=0.273s
[RQ-VAE] epoch=2304 loss=0.65655714 recon=0.00014135 beh=6.122864 w=0.107 lr=2.359e-04 time=0.177s
[RQ-VAE] epoch=2305 loss=0.65740550 recon=0.00014075 beh=6.123168 w=0.107 lr=2.356e-04 time=0.178s
[RQ-VAE] epoch=2306 loss=0.65832543 recon=0.00014067 beh=6.124132 w=0.107 lr=2.353e-04 time=0.178s
[RQ-VAE] epoch=2307 loss=0.65932196 recon=0.00014133 beh=6.125798 w=0.108 lr=2.349e-04 time=0.178s
[RQ-VAE] epoch=2308 loss=0.65959036 recon=0.00014177 beh=6.120711 w=0.108 lr=2.346e-04 time=0.176s
[RQ-VAE] epoch=2309 loss=0.66064548 recon=0.00014258 beh=6.122915 w=0.108 lr=2.342e-04 time=0.177s
[RQ-VAE] epoch=2310 loss=0.66201186 recon=0.00014254 beh=6.128007 w=0.108 lr=2.339e-04 time=0.177s
[RQ-VAE] epoch=2311 loss=0.66257095 recon=0.00014238 beh=6.125626 w=0.108 lr=2.336e-04 time=0.177s
[RQ-VAE] epoch=2312 loss=0.66342711 recon=0.00014211 beh=6.125996 w=0.108 lr=2.332e-04 time=0.178s
[RQ-VAE] epoch=2313 loss=0.66436708 recon=0.00014171 beh=6.127141 w=0.108 lr=2.329e-04 time=0.177s
[RQ-VAE] epoch=2314 loss=0.66521055 recon=0.00014176 beh=6.127383 w=0.109 lr=2.325e-04 time=0.177s
[RQ-VAE] epoch=2315 loss=0.66588068 recon=0.00014246 beh=6.126026 w=0.109 lr=2.322e-04 time=0.177s
[RQ-VAE] epoch=2316 loss=0.66672355 recon=0.00014305 beh=6.126256 w=0.109 lr=2.319e-04 time=0.178s
[RQ-VAE] epoch=2317 loss=0.66730744 recon=0.00014253 beh=6.124112 w=0.109 lr=2.315e-04 time=0.177s
[RQ-VAE] epoch=2318 loss=0.66819322 recon=0.00014159 beh=6.124775 w=0.109 lr=2.312e-04 time=0.272s
[RQ-VAE] epoch=2319 loss=0.66899091 recon=0.00014233 beh=6.124596 w=0.109 lr=2.308e-04 time=0.176s
[RQ-VAE] epoch=2320 loss=0.66919398 recon=0.00014203 beh=6.118985 w=0.109 lr=2.305e-04 time=0.174s
[RQ-VAE] epoch=2321 loss=0.67062920 recon=0.00014167 beh=6.124647 w=0.109 lr=2.302e-04 time=0.176s
[RQ-VAE] epoch=2322 loss=0.67157227 recon=0.00014135 beh=6.125803 w=0.110 lr=2.298e-04 time=0.175s
[RQ-VAE] epoch=2323 loss=0.67252547 recon=0.00014072 beh=6.127044 w=0.110 lr=2.295e-04 time=0.176s
[RQ-VAE] epoch=2324 loss=0.67290914 recon=0.00014152 beh=6.123095 w=0.110 lr=2.292e-04 time=0.175s
[RQ-VAE] epoch=2325 loss=0.67343771 recon=0.00014132 beh=6.120482 w=0.110 lr=2.288e-04 time=0.175s
[RQ-VAE] epoch=2326 loss=0.67481554 recon=0.00014068 beh=6.125595 w=0.110 lr=2.285e-04 time=0.177s
[RQ-VAE] epoch=2327 loss=0.67556250 recon=0.00014019 beh=6.124960 w=0.110 lr=2.281e-04 time=0.176s
[RQ-VAE] epoch=2328 loss=0.67600369 recon=0.00014085 beh=6.121559 w=0.110 lr=2.278e-04 time=0.175s
[RQ-VAE] epoch=2329 loss=0.67728835 recon=0.00014113 beh=6.125798 w=0.111 lr=2.275e-04 time=0.175s
[RQ-VAE] epoch=2330 loss=0.67819828 recon=0.00014106 beh=6.126643 w=0.111 lr=2.271e-04 time=0.176s
[RQ-VAE] epoch=2331 loss=0.67908907 recon=0.00014139 beh=6.127307 w=0.111 lr=2.268e-04 time=0.176s
[RQ-VAE] epoch=2332 loss=0.67999089 recon=0.00014158 beh=6.128072 w=0.111 lr=2.264e-04 time=0.175s
[RQ-VAE] epoch=2333 loss=0.68052292 recon=0.00014157 beh=6.125509 w=0.111 lr=2.261e-04 time=0.174s
[RQ-VAE] epoch=2334 loss=0.68109280 recon=0.00014160 beh=6.123284 w=0.111 lr=2.258e-04 time=0.175s
[RQ-VAE] epoch=2335 loss=0.68147242 recon=0.00014208 beh=6.119352 w=0.111 lr=2.254e-04 time=0.175s
[RQ-VAE] epoch=2336 loss=0.68255162 recon=0.00014154 beh=6.121710 w=0.111 lr=2.251e-04 time=0.176s
[RQ-VAE] epoch=2337 loss=0.68339157 recon=0.00014074 beh=6.121940 w=0.112 lr=2.247e-04 time=0.175s
[RQ-VAE] epoch=2338 loss=0.68481386 recon=0.00014076 beh=6.127367 w=0.112 lr=2.244e-04 time=0.176s
[RQ-VAE] epoch=2339 loss=0.68540740 recon=0.00014071 beh=6.125369 w=0.112 lr=2.241e-04 time=0.175s
[RQ-VAE] epoch=2340 loss=0.68582803 recon=0.00014089 beh=6.121830 w=0.112 lr=2.237e-04 time=0.176s
[RQ-VAE] epoch=2341 loss=0.68728083 recon=0.00014102 beh=6.127503 w=0.112 lr=2.234e-04 time=0.175s
[RQ-VAE] epoch=2342 loss=0.68779993 recon=0.00014151 beh=6.124853 w=0.112 lr=2.231e-04 time=0.175s
[RQ-VAE] epoch=2343 loss=0.68879968 recon=0.00014231 beh=6.126472 w=0.112 lr=2.227e-04 time=0.175s
[RQ-VAE] epoch=2344 loss=0.68949521 recon=0.00014293 beh=6.125390 w=0.113 lr=2.224e-04 time=0.176s
[RQ-VAE] epoch=2345 loss=0.69004458 recon=0.00014216 beh=6.123032 w=0.113 lr=2.220e-04 time=0.176s
[RQ-VAE] epoch=2346 loss=0.69128823 recon=0.00014222 beh=6.126821 w=0.113 lr=2.217e-04 time=0.175s
[RQ-VAE] epoch=2347 loss=0.69190031 recon=0.00014158 beh=6.125011 w=0.113 lr=2.214e-04 time=0.175s
[RQ-VAE] epoch=2348 loss=0.69296265 recon=0.00014100 beh=6.127189 w=0.113 lr=2.210e-04 time=0.176s
[RQ-VAE] epoch=2349 loss=0.69331306 recon=0.00014056 beh=6.123066 w=0.113 lr=2.207e-04 time=0.176s
[RQ-VAE] epoch=2350 loss=0.69417608 recon=0.00014101 lr=2.203e-04 raw_unique=21972/24587 collision=0.106357 time=0.176s
[RQ-VAE] epoch=2351 loss=0.69542861 recon=0.00014116 beh=6.127310 w=0.113 lr=2.200e-04 time=0.175s
[RQ-VAE] epoch=2352 loss=0.69614357 recon=0.00014108 beh=6.126417 w=0.114 lr=2.197e-04 time=0.176s
[RQ-VAE] epoch=2353 loss=0.69677317 recon=0.00014132 beh=6.124767 w=0.114 lr=2.193e-04 time=0.176s
[RQ-VAE] epoch=2354 loss=0.69738865 recon=0.00014107 beh=6.123002 w=0.114 lr=2.190e-04 time=0.175s
[RQ-VAE] epoch=2355 loss=0.69881964 recon=0.00014148 beh=6.128400 w=0.114 lr=2.186e-04 time=0.175s
[RQ-VAE] epoch=2356 loss=0.69952255 recon=0.00014142 beh=6.127395 w=0.114 lr=2.183e-04 time=0.175s
[RQ-VAE] epoch=2357 loss=0.69996011 recon=0.00014209 beh=6.124058 w=0.114 lr=2.180e-04 time=0.175s
[RQ-VAE] epoch=2358 loss=0.70060533 recon=0.00014184 beh=6.122566 w=0.114 lr=2.176e-04 time=0.175s
[RQ-VAE] epoch=2359 loss=0.70136607 recon=0.00014165 beh=6.122097 w=0.115 lr=2.173e-04 time=0.175s
[RQ-VAE] epoch=2360 loss=0.70215452 recon=0.00014203 beh=6.121855 w=0.115 lr=2.169e-04 time=0.176s
[RQ-VAE] epoch=2361 loss=0.70336425 recon=0.00014181 beh=6.125281 w=0.115 lr=2.166e-04 time=0.175s
[RQ-VAE] epoch=2362 loss=0.70418793 recon=0.00014162 beh=6.125338 w=0.115 lr=2.163e-04 time=0.176s
[RQ-VAE] epoch=2363 loss=0.70483702 recon=0.00014287 beh=6.123868 w=0.115 lr=2.159e-04 time=0.177s
[RQ-VAE] epoch=2364 loss=0.70587409 recon=0.00014185 beh=6.125797 w=0.115 lr=2.156e-04 time=0.176s
[RQ-VAE] epoch=2365 loss=0.70634055 recon=0.00014166 beh=6.122762 w=0.115 lr=2.153e-04 time=0.176s
[RQ-VAE] epoch=2366 loss=0.70735770 recon=0.00014114 beh=6.124502 w=0.115 lr=2.149e-04 time=0.175s
[RQ-VAE] epoch=2367 loss=0.70778084 recon=0.00014150 beh=6.121091 w=0.116 lr=2.146e-04 time=0.176s
[RQ-VAE] epoch=2368 loss=0.70868677 recon=0.00014074 beh=6.121880 w=0.116 lr=2.142e-04 time=0.176s
[RQ-VAE] epoch=2369 loss=0.70965695 recon=0.00014193 beh=6.123199 w=0.116 lr=2.139e-04 time=0.175s
[RQ-VAE] epoch=2370 loss=0.71054989 recon=0.00014231 beh=6.123858 w=0.116 lr=2.136e-04 time=0.175s
[RQ-VAE] epoch=2371 loss=0.71167547 recon=0.00014163 beh=6.126533 w=0.116 lr=2.132e-04 time=0.177s
[RQ-VAE] epoch=2372 loss=0.71250594 recon=0.00014083 beh=6.126660 w=0.116 lr=2.129e-04 time=0.175s
[RQ-VAE] epoch=2373 loss=0.71298140 recon=0.00014096 beh=6.123715 w=0.116 lr=2.125e-04 time=0.176s
[RQ-VAE] epoch=2374 loss=0.71376473 recon=0.00014128 beh=6.123436 w=0.117 lr=2.122e-04 time=0.176s
[RQ-VAE] epoch=2375 loss=0.71493763 recon=0.00014136 beh=6.126490 w=0.117 lr=2.119e-04 time=0.27s
[RQ-VAE] epoch=2376 loss=0.71532875 recon=0.00014158 beh=6.122835 w=0.117 lr=2.115e-04 time=0.176s
[RQ-VAE] epoch=2377 loss=0.71614182 recon=0.00014212 beh=6.122806 w=0.117 lr=2.112e-04 time=0.176s
[RQ-VAE] epoch=2378 loss=0.71737099 recon=0.00014200 beh=6.126335 w=0.117 lr=2.108e-04 time=0.176s
[RQ-VAE] epoch=2379 loss=0.71844655 recon=0.00014155 beh=6.128549 w=0.117 lr=2.105e-04 time=0.176s
[RQ-VAE] epoch=2380 loss=0.71887594 recon=0.00014117 beh=6.125252 w=0.117 lr=2.102e-04 time=0.176s
[RQ-VAE] epoch=2381 loss=0.71917993 recon=0.00014233 beh=6.120876 w=0.117 lr=2.098e-04 time=0.175s
[RQ-VAE] epoch=2382 loss=0.72018462 recon=0.00014154 beh=6.122491 w=0.118 lr=2.095e-04 time=0.176s
[RQ-VAE] epoch=2383 loss=0.72096217 recon=0.00014299 beh=6.122147 w=0.118 lr=2.092e-04 time=0.177s
[RQ-VAE] epoch=2384 loss=0.72226793 recon=0.00014261 beh=6.126302 w=0.118 lr=2.088e-04 time=0.177s
[RQ-VAE] epoch=2385 loss=0.72269785 recon=0.00014285 beh=6.123025 w=0.118 lr=2.085e-04 time=0.176s
[RQ-VAE] epoch=2386 loss=0.72384584 recon=0.00014308 beh=6.125833 w=0.118 lr=2.081e-04 time=0.176s
[RQ-VAE] epoch=2387 loss=0.72456008 recon=0.00014271 beh=6.124971 w=0.118 lr=2.078e-04 time=0.176s
[RQ-VAE] epoch=2388 loss=0.72549349 recon=0.00014283 beh=6.125952 w=0.118 lr=2.075e-04 time=0.176s
[RQ-VAE] epoch=2389 loss=0.72601271 recon=0.00014275 beh=6.123438 w=0.119 lr=2.071e-04 time=0.177s
[RQ-VAE] epoch=2390 loss=0.72703004 recon=0.00014231 beh=6.125139 w=0.119 lr=2.068e-04 time=0.176s
[RQ-VAE] epoch=2391 loss=0.72751999 recon=0.00014192 beh=6.122396 w=0.119 lr=2.064e-04 time=0.176s
[RQ-VAE] epoch=2392 loss=0.72808313 recon=0.00014134 beh=6.120268 w=0.119 lr=2.061e-04 time=0.177s
[RQ-VAE] epoch=2393 loss=0.72913468 recon=0.00014207 beh=6.122237 w=0.119 lr=2.058e-04 time=0.176s
[RQ-VAE] epoch=2394 loss=0.73008239 recon=0.00014273 beh=6.123337 w=0.119 lr=2.054e-04 time=0.177s
[RQ-VAE] epoch=2395 loss=0.73096269 recon=0.00014264 beh=6.123863 w=0.119 lr=2.051e-04 time=0.176s
[RQ-VAE] epoch=2396 loss=0.73168826 recon=0.00014307 beh=6.123104 w=0.119 lr=2.047e-04 time=0.177s
[RQ-VAE] epoch=2397 loss=0.73252887 recon=0.00014243 beh=6.123321 w=0.120 lr=2.044e-04 time=0.177s
[RQ-VAE] epoch=2398 loss=0.73343050 recon=0.00014192 beh=6.124032 w=0.120 lr=2.041e-04 time=0.176s
[RQ-VAE] epoch=2399 loss=0.73414826 recon=0.00014199 beh=6.123212 w=0.120 lr=2.037e-04 time=0.176s
[RQ-VAE] epoch=2400 loss=0.73498195 recon=0.00014270 lr=2.034e-04 raw_unique=21959/24587 collision=0.106886 time=0.177s
[RQ-VAE] epoch=2401 loss=0.73633885 recon=0.00014242 beh=6.127848 w=0.120 lr=2.031e-04 time=0.177s
[RQ-VAE] epoch=2402 loss=0.73657107 recon=0.00014326 beh=6.122977 w=0.120 lr=2.027e-04 time=0.176s
[RQ-VAE] epoch=2403 loss=0.73755455 recon=0.00014356 beh=6.124372 w=0.120 lr=2.024e-04 time=0.176s
[RQ-VAE] epoch=2404 loss=0.73806810 recon=0.00014410 beh=6.121850 w=0.121 lr=2.020e-04 time=0.271s
[RQ-VAE] epoch=2405 loss=0.73912060 recon=0.00014389 beh=6.123792 w=0.121 lr=2.017e-04 time=0.176s
[RQ-VAE] epoch=2406 loss=0.73998052 recon=0.00014351 beh=6.124156 w=0.121 lr=2.014e-04 time=0.176s
[RQ-VAE] epoch=2407 loss=0.74057972 recon=0.00014335 beh=6.122372 w=0.121 lr=2.010e-04 time=0.176s
[RQ-VAE] epoch=2408 loss=0.74142492 recon=0.00014394 beh=6.122605 w=0.121 lr=2.007e-04 time=0.177s
[RQ-VAE] epoch=2409 loss=0.74289262 recon=0.00014346 beh=6.127985 w=0.121 lr=2.003e-04 time=0.175s
[RQ-VAE] epoch=2410 loss=0.74278057 recon=0.00014379 beh=6.120318 w=0.121 lr=2.000e-04 time=0.177s
[RQ-VAE] epoch=2411 loss=0.74407995 recon=0.00014389 beh=6.124296 w=0.121 lr=1.997e-04 time=0.176s
[RQ-VAE] epoch=2412 loss=0.74495316 recon=0.00014297 beh=6.124777 w=0.122 lr=1.993e-04 time=0.177s
[RQ-VAE] epoch=2413 loss=0.74637878 recon=0.00014312 beh=6.129778 w=0.122 lr=1.990e-04 time=0.181s
[RQ-VAE] epoch=2414 loss=0.74612892 recon=0.00014403 beh=6.121013 w=0.122 lr=1.986e-04 time=0.174s
[RQ-VAE] epoch=2415 loss=0.74710321 recon=0.00014375 beh=6.122310 w=0.122 lr=1.983e-04 time=0.177s
[RQ-VAE] epoch=2416 loss=0.74819034 recon=0.00014431 beh=6.124525 w=0.122 lr=1.980e-04 time=0.174s
[RQ-VAE] epoch=2417 loss=0.74901545 recon=0.00014359 beh=6.124603 w=0.122 lr=1.976e-04 time=0.177s
[RQ-VAE] epoch=2418 loss=0.75022578 recon=0.00014303 beh=6.127824 w=0.122 lr=1.973e-04 time=0.175s
[RQ-VAE] epoch=2419 loss=0.75087309 recon=0.00014236 beh=6.126449 w=0.123 lr=1.969e-04 time=0.176s
[RQ-VAE] epoch=2420 loss=0.75112081 recon=0.00014303 beh=6.121803 w=0.123 lr=1.966e-04 time=0.176s
[RQ-VAE] epoch=2421 loss=0.75249416 recon=0.00014231 beh=6.126347 w=0.123 lr=1.963e-04 time=0.176s
[RQ-VAE] epoch=2422 loss=0.75313997 recon=0.00014286 beh=6.124953 w=0.123 lr=1.959e-04 time=0.176s
[RQ-VAE] epoch=2423 loss=0.75369930 recon=0.00014320 beh=6.122860 w=0.123 lr=1.956e-04 time=0.277s
[RQ-VAE] epoch=2424 loss=0.75429744 recon=0.00014359 beh=6.121086 w=0.123 lr=1.953e-04 time=0.175s
[RQ-VAE] epoch=2425 loss=0.75519925 recon=0.00014364 beh=6.121782 w=0.123 lr=1.949e-04 time=0.176s
[RQ-VAE] epoch=2426 loss=0.75649804 recon=0.00014374 beh=6.125686 w=0.123 lr=1.946e-04 time=0.176s
[RQ-VAE] epoch=2427 loss=0.75734282 recon=0.00014354 beh=6.125910 w=0.124 lr=1.942e-04 time=0.176s
[RQ-VAE] epoch=2428 loss=0.75778335 recon=0.00014358 beh=6.122866 w=0.124 lr=1.939e-04 time=0.176s
[RQ-VAE] epoch=2429 loss=0.75826359 recon=0.00014370 beh=6.120155 w=0.124 lr=1.936e-04 time=0.176s
[RQ-VAE] epoch=2430 loss=0.75943255 recon=0.00014291 beh=6.123011 w=0.124 lr=1.932e-04 time=0.176s
[RQ-VAE] epoch=2431 loss=0.75994146 recon=0.00014355 beh=6.120523 w=0.124 lr=1.929e-04 time=0.175s
[RQ-VAE] epoch=2432 loss=0.76144177 recon=0.00014403 beh=6.126028 w=0.124 lr=1.925e-04 time=0.176s
[RQ-VAE] epoch=2433 loss=0.76207030 recon=0.00014328 beh=6.124519 w=0.124 lr=1.922e-04 time=0.176s
[RQ-VAE] epoch=2434 loss=0.76257968 recon=0.00014284 beh=6.122059 w=0.125 lr=1.919e-04 time=0.176s
[RQ-VAE] epoch=2435 loss=0.76338941 recon=0.00014325 beh=6.122004 w=0.125 lr=1.915e-04 time=0.176s
[RQ-VAE] epoch=2436 loss=0.76472259 recon=0.00014281 beh=6.126152 w=0.125 lr=1.912e-04 time=0.176s
[RQ-VAE] epoch=2437 loss=0.76526517 recon=0.00014370 beh=6.123950 w=0.125 lr=1.908e-04 time=0.176s
[RQ-VAE] epoch=2438 loss=0.76628608 recon=0.00014356 beh=6.125587 w=0.125 lr=1.905e-04 time=0.272s
[RQ-VAE] epoch=2439 loss=0.76626295 recon=0.00014280 beh=6.118889 w=0.125 lr=1.902e-04 time=0.177s
[RQ-VAE] epoch=2440 loss=0.76801175 recon=0.00014348 beh=6.126329 w=0.125 lr=1.898e-04 time=0.177s
[RQ-VAE] epoch=2441 loss=0.76893067 recon=0.00014372 beh=6.127137 w=0.125 lr=1.895e-04 time=0.176s
[RQ-VAE] epoch=2442 loss=0.76917732 recon=0.00014427 beh=6.122593 w=0.126 lr=1.892e-04 time=0.177s
[RQ-VAE] epoch=2443 loss=0.77011675 recon=0.00014337 beh=6.123578 w=0.126 lr=1.888e-04 time=0.177s
[RQ-VAE] epoch=2444 loss=0.77147907 recon=0.00014344 beh=6.127908 w=0.126 lr=1.885e-04 time=0.176s
[RQ-VAE] epoch=2445 loss=0.77193594 recon=0.00014319 beh=6.125059 w=0.126 lr=1.881e-04 time=0.176s
[RQ-VAE] epoch=2446 loss=0.77262235 recon=0.00014315 beh=6.124031 w=0.126 lr=1.878e-04 time=0.177s
[RQ-VAE] epoch=2447 loss=0.77354145 recon=0.00014398 beh=6.124835 w=0.126 lr=1.875e-04 time=0.177s
[RQ-VAE] epoch=2448 loss=0.77392310 recon=0.00014301 beh=6.121398 w=0.126 lr=1.871e-04 time=0.176s
[RQ-VAE] epoch=2449 loss=0.77573645 recon=0.00014384 beh=6.129278 w=0.127 lr=1.868e-04 time=0.175s
[RQ-VAE] epoch=2450 loss=0.77567160 recon=0.00014381 lr=1.864e-04 raw_unique=21960/24587 collision=0.106845 time=0.177s
[RQ-VAE] epoch=2451 loss=0.77709013 recon=0.00014408 beh=6.127060 w=0.127 lr=1.861e-04 time=0.177s
[RQ-VAE] epoch=2452 loss=0.77750885 recon=0.00014386 beh=6.123926 w=0.127 lr=1.858e-04 time=0.176s
[RQ-VAE] epoch=2453 loss=0.77753222 recon=0.00014371 beh=6.117687 w=0.127 lr=1.854e-04 time=0.177s
[RQ-VAE] epoch=2454 loss=0.77956235 recon=0.00014281 beh=6.127242 w=0.127 lr=1.851e-04 time=0.176s
[RQ-VAE] epoch=2455 loss=0.77972507 recon=0.00014295 beh=6.122097 w=0.127 lr=1.847e-04 time=0.176s
[RQ-VAE] epoch=2456 loss=0.78154576 recon=0.00014359 beh=6.129977 w=0.127 lr=1.844e-04 time=0.176s
[RQ-VAE] epoch=2457 loss=0.78184736 recon=0.00014416 beh=6.125929 w=0.128 lr=1.841e-04 time=0.176s
[RQ-VAE] epoch=2458 loss=0.78217149 recon=0.00014407 beh=6.122073 w=0.128 lr=1.837e-04 time=0.176s
[RQ-VAE] epoch=2459 loss=0.78317654 recon=0.00014344 beh=6.123551 w=0.128 lr=1.834e-04 time=0.177s
[RQ-VAE] epoch=2460 loss=0.78354102 recon=0.00014382 beh=6.120020 w=0.128 lr=1.831e-04 time=0.176s
[RQ-VAE] epoch=2461 loss=0.78501320 recon=0.00014418 beh=6.125142 w=0.128 lr=1.827e-04 time=0.177s
[RQ-VAE] epoch=2462 loss=0.78557169 recon=0.00014407 beh=6.123130 w=0.128 lr=1.824e-04 time=0.177s
[RQ-VAE] epoch=2463 loss=0.78655201 recon=0.00014355 beh=6.124414 w=0.128 lr=1.820e-04 time=0.177s
[RQ-VAE] epoch=2464 loss=0.78725046 recon=0.00014288 beh=6.123507 w=0.129 lr=1.817e-04 time=0.177s
[RQ-VAE] epoch=2465 loss=0.78861368 recon=0.00014398 beh=6.127744 w=0.129 lr=1.814e-04 time=0.176s
[RQ-VAE] epoch=2466 loss=0.78889167 recon=0.00014406 beh=6.123549 w=0.129 lr=1.810e-04 time=0.176s
[RQ-VAE] epoch=2467 loss=0.79036522 recon=0.00014373 beh=6.128650 w=0.129 lr=1.807e-04 time=0.176s
[RQ-VAE] epoch=2468 loss=0.79040551 recon=0.00014367 beh=6.122638 w=0.129 lr=1.803e-04 time=0.177s
[RQ-VAE] epoch=2469 loss=0.79106694 recon=0.00014369 beh=6.121437 w=0.129 lr=1.800e-04 time=0.18s
[RQ-VAE] epoch=2470 loss=0.79218674 recon=0.00014403 beh=6.123778 w=0.129 lr=1.797e-04 time=0.173s
[RQ-VAE] epoch=2471 loss=0.79266757 recon=0.00014504 beh=6.121177 w=0.129 lr=1.793e-04 time=0.172s
[RQ-VAE] epoch=2472 loss=0.79365277 recon=0.00014417 beh=6.122493 w=0.130 lr=1.790e-04 time=0.173s
[RQ-VAE] epoch=2473 loss=0.79413086 recon=0.00014446 beh=6.119883 w=0.130 lr=1.786e-04 time=0.173s
[RQ-VAE] epoch=2474 loss=0.79500121 recon=0.00014437 beh=6.120302 w=0.130 lr=1.783e-04 time=0.173s
[RQ-VAE] epoch=2475 loss=0.79621369 recon=0.00014492 beh=6.123348 w=0.130 lr=1.780e-04 time=0.173s
[RQ-VAE] epoch=2476 loss=0.79720956 recon=0.00014346 beh=6.124739 w=0.130 lr=1.776e-04 time=0.174s
[RQ-VAE] epoch=2477 loss=0.79824919 recon=0.00014440 beh=6.126441 w=0.130 lr=1.773e-04 time=0.176s
[RQ-VAE] epoch=2478 loss=0.79836655 recon=0.00014418 beh=6.121082 w=0.130 lr=1.769e-04 time=0.174s
[RQ-VAE] epoch=2479 loss=0.79980534 recon=0.00014444 beh=6.125852 w=0.131 lr=1.766e-04 time=0.174s
[RQ-VAE] epoch=2480 loss=0.80028456 recon=0.00014449 beh=6.123270 w=0.131 lr=1.763e-04 time=0.174s
[RQ-VAE] epoch=2481 loss=0.80165780 recon=0.00014449 beh=6.127526 w=0.131 lr=1.759e-04 time=0.173s
[RQ-VAE] epoch=2482 loss=0.80213809 recon=0.00014368 beh=6.124958 w=0.131 lr=1.756e-04 time=0.173s
[RQ-VAE] epoch=2483 loss=0.80299169 recon=0.00014405 beh=6.125238 w=0.131 lr=1.753e-04 time=0.173s
[RQ-VAE] epoch=2484 loss=0.80382389 recon=0.00014391 beh=6.125360 w=0.131 lr=1.749e-04 time=0.173s
[RQ-VAE] epoch=2485 loss=0.80432379 recon=0.00014367 beh=6.122945 w=0.131 lr=1.746e-04 time=0.174s
[RQ-VAE] epoch=2486 loss=0.80547947 recon=0.00014368 beh=6.125529 w=0.131 lr=1.742e-04 time=0.173s
[RQ-VAE] epoch=2487 loss=0.80620229 recon=0.00014375 beh=6.124815 w=0.132 lr=1.739e-04 time=0.174s
[RQ-VAE] epoch=2488 loss=0.80623847 recon=0.00014347 beh=6.118894 w=0.132 lr=1.736e-04 time=0.173s
[RQ-VAE] epoch=2489 loss=0.80777210 recon=0.00014303 beh=6.124341 w=0.132 lr=1.732e-04 time=0.174s
[RQ-VAE] epoch=2490 loss=0.80870044 recon=0.00014327 beh=6.125185 w=0.132 lr=1.729e-04 time=0.174s
[RQ-VAE] epoch=2491 loss=0.80940521 recon=0.00014395 beh=6.124336 w=0.132 lr=1.725e-04 time=0.173s
[RQ-VAE] epoch=2492 loss=0.81074476 recon=0.00014407 beh=6.128285 w=0.132 lr=1.722e-04 time=0.173s
[RQ-VAE] epoch=2493 loss=0.81112754 recon=0.00014431 beh=6.125000 w=0.132 lr=1.719e-04 time=0.173s
[RQ-VAE] epoch=2494 loss=0.81181479 recon=0.00014404 beh=6.124030 w=0.133 lr=1.715e-04 time=0.173s
[RQ-VAE] epoch=2495 loss=0.81155014 recon=0.00014417 beh=6.115880 w=0.133 lr=1.712e-04 time=0.267s
[RQ-VAE] epoch=2496 loss=0.81278038 recon=0.00014403 beh=6.119006 w=0.133 lr=1.708e-04 time=0.174s
[RQ-VAE] epoch=2497 loss=0.81399417 recon=0.00014423 beh=6.121993 w=0.133 lr=1.705e-04 time=0.173s
[RQ-VAE] epoch=2498 loss=0.81521785 recon=0.00014382 beh=6.125061 w=0.133 lr=1.702e-04 time=0.173s
[RQ-VAE] epoch=2499 loss=0.81620163 recon=0.00014347 beh=6.126318 w=0.133 lr=1.698e-04 time=0.174s
[RQ-VAE] epoch=2500 loss=0.81671733 recon=0.00014389 lr=1.695e-04 raw_unique=21974/24587 collision=0.106276 time=0.174s
[RQ-VAE] epoch=2501 loss=0.81709969 recon=0.00014394 beh=6.120809 w=0.133 lr=1.692e-04 time=0.174s
[RQ-VAE] epoch=2502 loss=0.81850970 recon=0.00014388 beh=6.125252 w=0.134 lr=1.688e-04 time=0.173s
[RQ-VAE] epoch=2503 loss=0.81908590 recon=0.00014320 beh=6.123462 w=0.134 lr=1.685e-04 time=0.172s
[RQ-VAE] epoch=2504 loss=0.81984699 recon=0.00014360 beh=6.123044 w=0.134 lr=1.681e-04 time=0.173s
[RQ-VAE] epoch=2505 loss=0.82073331 recon=0.00014389 beh=6.123565 w=0.134 lr=1.678e-04 time=0.174s
[RQ-VAE] epoch=2506 loss=0.82168597 recon=0.00014350 beh=6.124583 w=0.134 lr=1.675e-04 time=0.174s
[RQ-VAE] epoch=2507 loss=0.82195497 recon=0.00014302 beh=6.120508 w=0.134 lr=1.671e-04 time=0.174s
[RQ-VAE] epoch=2508 loss=0.82343972 recon=0.00014312 beh=6.125482 w=0.134 lr=1.668e-04 time=0.173s
[RQ-VAE] epoch=2509 loss=0.82429528 recon=0.00014282 beh=6.125772 w=0.135 lr=1.664e-04 time=0.174s
[RQ-VAE] epoch=2510 loss=0.82500458 recon=0.00014359 beh=6.124965 w=0.135 lr=1.661e-04 time=0.173s
[RQ-VAE] epoch=2511 loss=0.82549441 recon=0.00014390 beh=6.122538 w=0.135 lr=1.658e-04 time=0.173s
[RQ-VAE] epoch=2512 loss=0.82529896 recon=0.00014337 beh=6.115050 w=0.135 lr=1.654e-04 time=0.173s
[RQ-VAE] epoch=2513 loss=0.82679999 recon=0.00014348 beh=6.120125 w=0.135 lr=1.651e-04 time=0.173s
[RQ-VAE] epoch=2514 loss=0.82808805 recon=0.00014405 beh=6.123614 w=0.135 lr=1.647e-04 time=0.173s
[RQ-VAE] epoch=2515 loss=0.82868594 recon=0.00014448 beh=6.121995 w=0.135 lr=1.644e-04 time=0.175s
[RQ-VAE] epoch=2516 loss=0.82956767 recon=0.00014434 beh=6.122479 w=0.135 lr=1.641e-04 time=0.174s
[RQ-VAE] epoch=2517 loss=0.83006853 recon=0.00014452 beh=6.120152 w=0.136 lr=1.637e-04 time=0.174s
[RQ-VAE] epoch=2518 loss=0.83092654 recon=0.00014386 beh=6.120466 w=0.136 lr=1.634e-04 time=0.173s
[RQ-VAE] epoch=2519 loss=0.83200049 recon=0.00014365 beh=6.122366 w=0.136 lr=1.631e-04 time=0.173s
[RQ-VAE] epoch=2520 loss=0.83302593 recon=0.00014409 beh=6.123899 w=0.136 lr=1.627e-04 time=0.173s
[RQ-VAE] epoch=2521 loss=0.83313090 recon=0.00014429 beh=6.118674 w=0.136 lr=1.624e-04 time=0.174s
[RQ-VAE] epoch=2522 loss=0.83426678 recon=0.00014380 beh=6.121025 w=0.136 lr=1.620e-04 time=0.174s
[RQ-VAE] epoch=2523 loss=0.83480763 recon=0.00014398 beh=6.119004 w=0.136 lr=1.617e-04 time=0.174s
[RQ-VAE] epoch=2524 loss=0.83565700 recon=0.00014461 beh=6.119244 w=0.137 lr=1.614e-04 time=0.272s
[RQ-VAE] epoch=2525 loss=0.83751106 recon=0.00014443 beh=6.126845 w=0.137 lr=1.610e-04 time=0.179s
[RQ-VAE] epoch=2526 loss=0.83757818 recon=0.00014474 beh=6.121360 w=0.137 lr=1.607e-04 time=0.179s
[RQ-VAE] epoch=2527 loss=0.83844793 recon=0.00014438 beh=6.121758 w=0.137 lr=1.603e-04 time=0.177s
[RQ-VAE] epoch=2528 loss=0.83994186 recon=0.00014472 beh=6.126699 w=0.137 lr=1.600e-04 time=0.174s
[RQ-VAE] epoch=2529 loss=0.84032953 recon=0.00014441 beh=6.123575 w=0.137 lr=1.597e-04 time=0.174s
[RQ-VAE] epoch=2530 loss=0.84105074 recon=0.00014464 beh=6.122878 w=0.137 lr=1.593e-04 time=0.173s
[RQ-VAE] epoch=2531 loss=0.84207231 recon=0.00014512 beh=6.124365 w=0.137 lr=1.590e-04 time=0.174s
[RQ-VAE] epoch=2532 loss=0.84208822 recon=0.00014541 beh=6.118545 w=0.138 lr=1.586e-04 time=0.176s
[RQ-VAE] epoch=2533 loss=0.84318888 recon=0.00014523 beh=6.120613 w=0.138 lr=1.583e-04 time=0.173s
[RQ-VAE] epoch=2534 loss=0.84407467 recon=0.00014504 beh=6.121127 w=0.138 lr=1.580e-04 time=0.173s
[RQ-VAE] epoch=2535 loss=0.84495789 recon=0.00014472 beh=6.121615 w=0.138 lr=1.576e-04 time=0.173s
[RQ-VAE] epoch=2536 loss=0.84662372 recon=0.00014537 beh=6.127760 w=0.138 lr=1.573e-04 time=0.174s
[RQ-VAE] epoch=2537 loss=0.84703028 recon=0.00014523 beh=6.124795 w=0.138 lr=1.569e-04 time=0.173s
[RQ-VAE] epoch=2538 loss=0.84766316 recon=0.00014519 beh=6.123466 w=0.138 lr=1.566e-04 time=0.173s
[RQ-VAE] epoch=2539 loss=0.84835690 recon=0.00014473 beh=6.122585 w=0.139 lr=1.563e-04 time=0.174s
[RQ-VAE] epoch=2540 loss=0.84999716 recon=0.00014514 beh=6.128525 w=0.139 lr=1.559e-04 time=0.173s
[RQ-VAE] epoch=2541 loss=0.84920442 recon=0.00014513 beh=6.116926 w=0.139 lr=1.556e-04 time=0.174s
[RQ-VAE] epoch=2542 loss=0.85042745 recon=0.00014483 beh=6.119862 w=0.139 lr=1.553e-04 time=0.174s
[RQ-VAE] epoch=2543 loss=0.85123456 recon=0.00014500 beh=6.119795 w=0.139 lr=1.549e-04 time=0.274s
[RQ-VAE] epoch=2544 loss=0.85181737 recon=0.00014503 beh=6.118119 w=0.139 lr=1.546e-04 time=0.173s
[RQ-VAE] epoch=2545 loss=0.85358906 recon=0.00014508 beh=6.124980 w=0.139 lr=1.542e-04 time=0.173s
[RQ-VAE] epoch=2546 loss=0.85390407 recon=0.00014494 beh=6.121387 w=0.139 lr=1.539e-04 time=0.174s
[RQ-VAE] epoch=2547 loss=0.85551286 recon=0.00014495 beh=6.127066 w=0.140 lr=1.536e-04 time=0.176s
[RQ-VAE] epoch=2548 loss=0.85551459 recon=0.00014524 beh=6.121227 w=0.140 lr=1.532e-04 time=0.174s
[RQ-VAE] epoch=2549 loss=0.85649085 recon=0.00014492 beh=6.122374 w=0.140 lr=1.529e-04 time=0.173s
[RQ-VAE] epoch=2550 loss=0.85768187 recon=0.00014448 lr=1.525e-04 raw_unique=22131/24587 collision=0.099890 time=0.175s
[RQ-VAE] epoch=2551 loss=0.85789299 recon=0.00014427 beh=6.120733 w=0.140 lr=1.522e-04 time=0.175s
[RQ-VAE] epoch=2552 loss=0.85901457 recon=0.00014484 beh=6.122906 w=0.140 lr=1.519e-04 time=0.172s
[RQ-VAE] epoch=2553 loss=0.86032408 recon=0.00014464 beh=6.126421 w=0.140 lr=1.515e-04 time=0.173s
[RQ-VAE] epoch=2554 loss=0.86052799 recon=0.00014519 beh=6.122054 w=0.141 lr=1.512e-04 time=0.173s
[RQ-VAE] epoch=2555 loss=0.86125976 recon=0.00014513 beh=6.121453 w=0.141 lr=1.508e-04 time=0.173s
[RQ-VAE] epoch=2556 loss=0.86166656 recon=0.00014482 beh=6.118555 w=0.141 lr=1.505e-04 time=0.174s
[RQ-VAE] epoch=2557 loss=0.86211842 recon=0.00014498 beh=6.115971 w=0.141 lr=1.502e-04 time=0.174s
[RQ-VAE] epoch=2558 loss=0.86340535 recon=0.00014500 beh=6.119312 w=0.141 lr=1.498e-04 time=0.172s
[RQ-VAE] epoch=2559 loss=0.86420476 recon=0.00014543 beh=6.119191 w=0.141 lr=1.495e-04 time=0.269s
[RQ-VAE] epoch=2560 loss=0.86497182 recon=0.00014496 beh=6.118850 w=0.141 lr=1.492e-04 time=0.174s
[RQ-VAE] epoch=2561 loss=0.86622918 recon=0.00014445 beh=6.121980 w=0.141 lr=1.488e-04 time=0.173s
[RQ-VAE] epoch=2562 loss=0.86739874 recon=0.00014471 beh=6.124475 w=0.142 lr=1.485e-04 time=0.173s
[RQ-VAE] epoch=2563 loss=0.86749220 recon=0.00014481 beh=6.119370 w=0.142 lr=1.481e-04 time=0.173s
[RQ-VAE] epoch=2564 loss=0.86885619 recon=0.00014489 beh=6.123230 w=0.142 lr=1.478e-04 time=0.173s
[RQ-VAE] epoch=2565 loss=0.86992127 recon=0.00014416 beh=6.124987 w=0.142 lr=1.475e-04 time=0.174s
[RQ-VAE] epoch=2566 loss=0.87042141 recon=0.00014467 beh=6.122756 w=0.142 lr=1.471e-04 time=0.173s
[RQ-VAE] epoch=2567 loss=0.87064976 recon=0.00014465 beh=6.118624 w=0.142 lr=1.468e-04 time=0.173s
[RQ-VAE] epoch=2568 loss=0.87208784 recon=0.00014421 beh=6.122998 w=0.142 lr=1.464e-04 time=0.175s
[RQ-VAE] epoch=2569 loss=0.87344104 recon=0.00014478 beh=6.126760 w=0.143 lr=1.461e-04 time=0.173s
[RQ-VAE] epoch=2570 loss=0.87385213 recon=0.00014496 beh=6.123918 w=0.143 lr=1.458e-04 time=0.173s
[RQ-VAE] epoch=2571 loss=0.87453163 recon=0.00014569 beh=6.122952 w=0.143 lr=1.454e-04 time=0.173s
[RQ-VAE] epoch=2572 loss=0.87524557 recon=0.00014559 beh=6.122234 w=0.143 lr=1.451e-04 time=0.173s
[RQ-VAE] epoch=2573 loss=0.87632591 recon=0.00014504 beh=6.124088 w=0.143 lr=1.447e-04 time=0.175s
[RQ-VAE] epoch=2574 loss=0.87713122 recon=0.00014496 beh=6.124010 w=0.143 lr=1.444e-04 time=0.174s
[RQ-VAE] epoch=2575 loss=0.87804925 recon=0.00014528 beh=6.124716 w=0.143 lr=1.441e-04 time=0.173s
[RQ-VAE] epoch=2576 loss=0.87944746 recon=0.00014560 beh=6.128764 w=0.143 lr=1.437e-04 time=0.174s
[RQ-VAE] epoch=2577 loss=0.87957525 recon=0.00014568 beh=6.123961 w=0.144 lr=1.434e-04 time=0.173s
[RQ-VAE] epoch=2578 loss=0.88025546 recon=0.00014534 beh=6.123021 w=0.144 lr=1.431e-04 time=0.174s
[RQ-VAE] epoch=2579 loss=0.88085866 recon=0.00014574 beh=6.121534 w=0.144 lr=1.427e-04 time=0.172s
[RQ-VAE] epoch=2580 loss=0.88178009 recon=0.00014562 beh=6.122266 w=0.144 lr=1.424e-04 time=0.174s
[RQ-VAE] epoch=2581 loss=0.88198543 recon=0.00014538 beh=6.118030 w=0.144 lr=1.420e-04 time=0.174s
[RQ-VAE] epoch=2582 loss=0.88342369 recon=0.00014510 beh=6.122346 w=0.144 lr=1.417e-04 time=0.175s
[RQ-VAE] epoch=2583 loss=0.88466060 recon=0.00014522 beh=6.125250 w=0.144 lr=1.414e-04 time=0.173s
[RQ-VAE] epoch=2584 loss=0.88518995 recon=0.00014531 beh=6.123260 w=0.145 lr=1.410e-04 time=0.175s
[RQ-VAE] epoch=2585 loss=0.88613141 recon=0.00014527 beh=6.124131 w=0.145 lr=1.407e-04 time=0.174s
[RQ-VAE] epoch=2586 loss=0.88659060 recon=0.00014548 beh=6.121662 w=0.145 lr=1.403e-04 time=0.173s
[RQ-VAE] epoch=2587 loss=0.88747001 recon=0.00014516 beh=6.122099 w=0.145 lr=1.400e-04 time=0.175s
[RQ-VAE] epoch=2588 loss=0.88857818 recon=0.00014482 beh=6.124114 w=0.145 lr=1.397e-04 time=0.175s
[RQ-VAE] epoch=2589 loss=0.88954371 recon=0.00014479 beh=6.125145 w=0.145 lr=1.393e-04 time=0.174s
[RQ-VAE] epoch=2590 loss=0.88972789 recon=0.00014521 beh=6.120790 w=0.145 lr=1.390e-04 time=0.173s
[RQ-VAE] epoch=2591 loss=0.89097536 recon=0.00014467 beh=6.123760 w=0.145 lr=1.386e-04 time=0.174s
[RQ-VAE] epoch=2592 loss=0.89198864 recon=0.00014530 beh=6.125104 w=0.146 lr=1.383e-04 time=0.174s
[RQ-VAE] epoch=2593 loss=0.89220166 recon=0.00014495 beh=6.120963 w=0.146 lr=1.380e-04 time=0.178s
[RQ-VAE] epoch=2594 loss=0.89316314 recon=0.00014497 beh=6.121960 w=0.146 lr=1.376e-04 time=0.173s
[RQ-VAE] epoch=2595 loss=0.89400101 recon=0.00014508 beh=6.122109 w=0.146 lr=1.373e-04 time=0.173s
[RQ-VAE] epoch=2596 loss=0.89553386 recon=0.00014555 beh=6.127011 w=0.146 lr=1.369e-04 time=0.173s
[RQ-VAE] epoch=2597 loss=0.89513493 recon=0.00014578 beh=6.118698 w=0.146 lr=1.366e-04 time=0.173s
[RQ-VAE] epoch=2598 loss=0.89671445 recon=0.00014551 beh=6.123915 w=0.146 lr=1.363e-04 time=0.173s
[RQ-VAE] epoch=2599 loss=0.89716840 recon=0.00014488 beh=6.121447 w=0.147 lr=1.359e-04 time=0.178s
[RQ-VAE] epoch=2600 loss=0.89854556 recon=0.00014511 lr=1.356e-04 raw_unique=22015/24587 collision=0.104608 time=0.175s
[RQ-VAE] epoch=2601 loss=0.89841205 recon=0.00014545 beh=6.118796 w=0.147 lr=1.353e-04 time=0.174s
[RQ-VAE] epoch=2602 loss=0.90032279 recon=0.00014545 beh=6.126248 w=0.147 lr=1.349e-04 time=0.173s
[RQ-VAE] epoch=2603 loss=0.90043664 recon=0.00014503 beh=6.121471 w=0.147 lr=1.346e-04 time=0.173s
[RQ-VAE] epoch=2604 loss=0.90074098 recon=0.00014560 beh=6.117989 w=0.147 lr=1.342e-04 time=0.173s
[RQ-VAE] epoch=2605 loss=0.90289760 recon=0.00014525 beh=6.127096 w=0.147 lr=1.339e-04 time=0.174s
[RQ-VAE] epoch=2606 loss=0.90263802 recon=0.00014573 beh=6.119782 w=0.147 lr=1.336e-04 time=0.173s
[RQ-VAE] epoch=2607 loss=0.90361410 recon=0.00014569 beh=6.120869 w=0.148 lr=1.332e-04 time=0.174s
[RQ-VAE] epoch=2608 loss=0.90391213 recon=0.00014606 beh=6.117365 w=0.148 lr=1.329e-04 time=0.173s
[RQ-VAE] epoch=2609 loss=0.90556240 recon=0.00014590 beh=6.123012 w=0.148 lr=1.325e-04 time=0.174s
[RQ-VAE] epoch=2610 loss=0.90663528 recon=0.00014605 beh=6.124744 w=0.148 lr=1.322e-04 time=0.174s
[RQ-VAE] epoch=2611 loss=0.90752184 recon=0.00014568 beh=6.125221 w=0.148 lr=1.319e-04 time=0.174s
[RQ-VAE] epoch=2612 loss=0.90892887 recon=0.00014602 beh=6.129198 w=0.148 lr=1.315e-04 time=0.174s
[RQ-VAE] epoch=2613 loss=0.90870982 recon=0.00014582 beh=6.122216 w=0.148 lr=1.312e-04 time=0.175s
[RQ-VAE] epoch=2614 loss=0.90933597 recon=0.00014616 beh=6.120932 w=0.149 lr=1.308e-04 time=0.176s
[RQ-VAE] epoch=2615 loss=0.91023463 recon=0.00014612 beh=6.121487 w=0.149 lr=1.305e-04 time=0.278s
[RQ-VAE] epoch=2616 loss=0.91065711 recon=0.00014581 beh=6.118844 w=0.149 lr=1.302e-04 time=0.173s
[RQ-VAE] epoch=2617 loss=0.91224521 recon=0.00014593 beh=6.124029 w=0.149 lr=1.298e-04 time=0.174s
[RQ-VAE] epoch=2618 loss=0.91320324 recon=0.00014532 beh=6.124987 w=0.149 lr=1.295e-04 time=0.173s
[RQ-VAE] epoch=2619 loss=0.91382182 recon=0.00014557 beh=6.123657 w=0.149 lr=1.292e-04 time=0.174s
[RQ-VAE] epoch=2620 loss=0.91423649 recon=0.00014549 beh=6.120965 w=0.149 lr=1.288e-04 time=0.174s
[RQ-VAE] epoch=2621 loss=0.91484153 recon=0.00014560 beh=6.119551 w=0.149 lr=1.285e-04 time=0.174s
[RQ-VAE] epoch=2622 loss=0.91644466 recon=0.00014479 beh=6.124822 w=0.150 lr=1.281e-04 time=0.174s
[RQ-VAE] epoch=2623 loss=0.91697884 recon=0.00014570 beh=6.122929 w=0.150 lr=1.278e-04 time=0.174s
[RQ-VAE] epoch=2624 loss=0.91695637 recon=0.00014554 beh=6.117334 w=0.150 lr=1.275e-04 time=0.173s
[RQ-VAE] epoch=2625 loss=0.91850764 recon=0.00014628 beh=6.122230 w=0.150 lr=1.271e-04 time=0.175s
[RQ-VAE] epoch=2626 loss=0.91899455 recon=0.00014596 beh=6.120039 w=0.150 lr=1.268e-04 time=0.173s
[RQ-VAE] epoch=2627 loss=0.91973102 recon=0.00014661 beh=6.119505 w=0.150 lr=1.264e-04 time=0.173s
[RQ-VAE] epoch=2628 loss=0.92082268 recon=0.00014616 beh=6.121340 w=0.150 lr=1.261e-04 time=0.179s
[RQ-VAE] epoch=2629 loss=0.92186928 recon=0.00014586 beh=6.122873 w=0.151 lr=1.258e-04 time=0.173s
[RQ-VAE] epoch=2630 loss=0.92249870 recon=0.00014549 beh=6.121637 w=0.151 lr=1.254e-04 time=0.173s
[RQ-VAE] epoch=2631 loss=0.92372429 recon=0.00014601 beh=6.124348 w=0.151 lr=1.251e-04 time=0.174s
[RQ-VAE] epoch=2632 loss=0.92450690 recon=0.00014653 beh=6.124118 w=0.151 lr=1.247e-04 time=0.173s
[RQ-VAE] epoch=2633 loss=0.92501140 recon=0.00014571 beh=6.122057 w=0.151 lr=1.244e-04 time=0.173s
[RQ-VAE] epoch=2634 loss=0.92603266 recon=0.00014587 beh=6.123412 w=0.151 lr=1.241e-04 time=0.174s
[RQ-VAE] epoch=2635 loss=0.92710966 recon=0.00014546 beh=6.125139 w=0.151 lr=1.237e-04 time=0.176s
[RQ-VAE] epoch=2636 loss=0.92789894 recon=0.00014550 beh=6.124960 w=0.151 lr=1.234e-04 time=0.174s
[RQ-VAE] epoch=2637 loss=0.92867321 recon=0.00014543 beh=6.124682 w=0.152 lr=1.231e-04 time=0.173s
[RQ-VAE] epoch=2638 loss=0.92926896 recon=0.00014565 beh=6.123223 w=0.152 lr=1.227e-04 time=0.174s
[RQ-VAE] epoch=2639 loss=0.92991263 recon=0.00014531 beh=6.122090 w=0.152 lr=1.224e-04 time=0.179s
[RQ-VAE] epoch=2640 loss=0.93082434 recon=0.00014542 beh=6.122714 w=0.152 lr=1.220e-04 time=0.172s
[RQ-VAE] epoch=2641 loss=0.93097508 recon=0.00014558 beh=6.118340 w=0.152 lr=1.217e-04 time=0.174s
[RQ-VAE] epoch=2642 loss=0.93249476 recon=0.00014596 beh=6.122960 w=0.152 lr=1.214e-04 time=0.173s
[RQ-VAE] epoch=2643 loss=0.93340993 recon=0.00014596 beh=6.123610 w=0.152 lr=1.210e-04 time=0.174s
[RQ-VAE] epoch=2644 loss=0.93344647 recon=0.00014597 beh=6.118496 w=0.153 lr=1.207e-04 time=0.273s
[RQ-VAE] epoch=2645 loss=0.93493438 recon=0.00014577 beh=6.122899 w=0.153 lr=1.203e-04 time=0.174s
[RQ-VAE] epoch=2646 loss=0.93521595 recon=0.00014610 beh=6.119398 w=0.153 lr=1.200e-04 time=0.174s
[RQ-VAE] epoch=2647 loss=0.93676120 recon=0.00014615 beh=6.124166 w=0.153 lr=1.197e-04 time=0.174s
[RQ-VAE] epoch=2648 loss=0.93715775 recon=0.00014634 beh=6.121419 w=0.153 lr=1.193e-04 time=0.174s
[RQ-VAE] epoch=2649 loss=0.93887854 recon=0.00014607 beh=6.127326 w=0.153 lr=1.190e-04 time=0.174s
[RQ-VAE] epoch=2650 loss=0.93920791 recon=0.00014528 lr=1.186e-04 raw_unique=22061/24587 collision=0.102737 time=0.174s
[RQ-VAE] epoch=2651 loss=0.93994462 recon=0.00014512 beh=6.123633 w=0.153 lr=1.183e-04 time=0.174s
[RQ-VAE] epoch=2652 loss=0.94073933 recon=0.00014501 beh=6.123493 w=0.154 lr=1.180e-04 time=0.173s
[RQ-VAE] epoch=2653 loss=0.94174355 recon=0.00014577 beh=6.124709 w=0.154 lr=1.176e-04 time=0.173s
[RQ-VAE] epoch=2654 loss=0.94285184 recon=0.00014578 beh=6.126604 w=0.154 lr=1.173e-04 time=0.175s
[RQ-VAE] epoch=2655 loss=0.94288033 recon=0.00014588 beh=6.121486 w=0.154 lr=1.169e-04 time=0.173s
[RQ-VAE] epoch=2656 loss=0.94282186 recon=0.00014610 beh=6.115810 w=0.154 lr=1.166e-04 time=0.173s
[RQ-VAE] epoch=2657 loss=0.94504923 recon=0.00014699 beh=6.124957 w=0.154 lr=1.163e-04 time=0.174s
[RQ-VAE] epoch=2658 loss=0.94508779 recon=0.00014656 beh=6.119921 w=0.154 lr=1.159e-04 time=0.173s
[RQ-VAE] epoch=2659 loss=0.94614977 recon=0.00014585 beh=6.121518 w=0.155 lr=1.156e-04 time=0.174s
[RQ-VAE] epoch=2660 loss=0.94766378 recon=0.00014532 beh=6.126035 w=0.155 lr=1.153e-04 time=0.174s
[RQ-VAE] epoch=2661 loss=0.94878912 recon=0.00014589 beh=6.128025 w=0.155 lr=1.149e-04 time=0.174s
[RQ-VAE] epoch=2662 loss=0.94867820 recon=0.00014627 beh=6.122033 w=0.155 lr=1.146e-04 time=0.173s
[RQ-VAE] epoch=2663 loss=0.94934577 recon=0.00014617 beh=6.121073 w=0.155 lr=1.142e-04 time=0.174s
[RQ-VAE] epoch=2664 loss=0.95102900 recon=0.00014631 beh=6.126660 w=0.155 lr=1.139e-04 time=0.265s
[RQ-VAE] epoch=2665 loss=0.95167285 recon=0.00014613 beh=6.125546 w=0.155 lr=1.136e-04 time=0.173s
[RQ-VAE] epoch=2666 loss=0.95238316 recon=0.00014575 beh=6.124865 w=0.155 lr=1.132e-04 time=0.173s
[RQ-VAE] epoch=2667 loss=0.95354414 recon=0.00014630 beh=6.127071 w=0.156 lr=1.129e-04 time=0.173s
[RQ-VAE] epoch=2668 loss=0.95408362 recon=0.00014604 beh=6.125292 w=0.156 lr=1.125e-04 time=0.174s
[RQ-VAE] epoch=2669 loss=0.95374238 recon=0.00014614 beh=6.117861 w=0.156 lr=1.122e-04 time=0.174s
[RQ-VAE] epoch=2670 loss=0.95524842 recon=0.00014601 beh=6.122284 w=0.156 lr=1.119e-04 time=0.174s
[RQ-VAE] epoch=2671 loss=0.95619285 recon=0.00014603 beh=6.123105 w=0.156 lr=1.115e-04 time=0.174s
[RQ-VAE] epoch=2672 loss=0.95642519 recon=0.00014582 beh=6.119372 w=0.156 lr=1.112e-04 time=0.177s
[RQ-VAE] epoch=2673 loss=0.95711410 recon=0.00014617 beh=6.118560 w=0.156 lr=1.108e-04 time=0.175s
[RQ-VAE] epoch=2674 loss=0.95857573 recon=0.00014650 beh=6.122684 w=0.157 lr=1.105e-04 time=0.174s
[RQ-VAE] epoch=2675 loss=0.95864129 recon=0.00014642 beh=6.117890 w=0.157 lr=1.102e-04 time=0.173s
[RQ-VAE] epoch=2676 loss=0.96075451 recon=0.00014599 beh=6.126170 w=0.157 lr=1.098e-04 time=0.174s
[RQ-VAE] epoch=2677 loss=0.96076941 recon=0.00014609 beh=6.121059 w=0.157 lr=1.095e-04 time=0.174s
[RQ-VAE] epoch=2678 loss=0.96251565 recon=0.00014646 beh=6.126977 w=0.157 lr=1.092e-04 time=0.178s
[RQ-VAE] epoch=2679 loss=0.96239281 recon=0.00014636 beh=6.120999 w=0.157 lr=1.088e-04 time=0.272s
[RQ-VAE] epoch=2680 loss=0.96355855 recon=0.00014609 beh=6.123222 w=0.157 lr=1.085e-04 time=0.173s
[RQ-VAE] epoch=2681 loss=0.96457911 recon=0.00014579 beh=6.124521 w=0.157 lr=1.081e-04 time=0.172s
[RQ-VAE] epoch=2682 loss=0.96502596 recon=0.00014678 beh=6.122170 w=0.158 lr=1.078e-04 time=0.172s
[RQ-VAE] epoch=2683 loss=0.96597326 recon=0.00014656 beh=6.123003 w=0.158 lr=1.075e-04 time=0.171s
[RQ-VAE] epoch=2684 loss=0.96651739 recon=0.00014656 beh=6.121279 w=0.158 lr=1.071e-04 time=0.173s
[RQ-VAE] epoch=2685 loss=0.96771580 recon=0.00014669 beh=6.123698 w=0.158 lr=1.068e-04 time=0.175s
[RQ-VAE] epoch=2686 loss=0.96822089 recon=0.00014634 beh=6.121732 w=0.158 lr=1.064e-04 time=0.172s
[RQ-VAE] epoch=2687 loss=0.96961033 recon=0.00014632 beh=6.125354 w=0.158 lr=1.061e-04 time=0.172s
[RQ-VAE] epoch=2688 loss=0.97032899 recon=0.00014559 beh=6.124741 w=0.158 lr=1.058e-04 time=0.172s
[RQ-VAE] epoch=2689 loss=0.97088414 recon=0.00014625 beh=6.123087 w=0.159 lr=1.054e-04 time=0.172s
[RQ-VAE] epoch=2690 loss=0.97206324 recon=0.00014644 beh=6.125370 w=0.159 lr=1.051e-04 time=0.172s
[RQ-VAE] epoch=2691 loss=0.97248453 recon=0.00014606 beh=6.122882 w=0.159 lr=1.047e-04 time=0.173s
[RQ-VAE] epoch=2692 loss=0.97283065 recon=0.00014642 beh=6.119921 w=0.159 lr=1.044e-04 time=0.172s
[RQ-VAE] epoch=2693 loss=0.97418427 recon=0.00014676 beh=6.123299 w=0.159 lr=1.041e-04 time=0.179s
[RQ-VAE] epoch=2694 loss=0.97473621 recon=0.00014668 beh=6.121640 w=0.159 lr=1.037e-04 time=0.172s
[RQ-VAE] epoch=2695 loss=0.97551477 recon=0.00014648 beh=6.121404 w=0.159 lr=1.034e-04 time=0.173s
[RQ-VAE] epoch=2696 loss=0.97651041 recon=0.00014625 beh=6.122531 w=0.159 lr=1.031e-04 time=0.178s
[RQ-VAE] epoch=2697 loss=0.97787076 recon=0.00014655 beh=6.125938 w=0.160 lr=1.027e-04 time=0.172s
[RQ-VAE] epoch=2698 loss=0.97908318 recon=0.00014647 beh=6.128417 w=0.160 lr=1.024e-04 time=0.171s
[RQ-VAE] epoch=2699 loss=0.97927189 recon=0.00014621 beh=6.124488 w=0.160 lr=1.020e-04 time=0.172s
[RQ-VAE] epoch=2700 loss=0.97999239 recon=0.00014624 lr=1.017e-04 raw_unique=22167/24587 collision=0.098426 time=0.178s
[RQ-VAE] epoch=2701 loss=0.98083603 recon=0.00014650 beh=6.124053 w=0.160 lr=1.014e-04 time=0.178s
[RQ-VAE] epoch=2702 loss=0.98184884 recon=0.00014646 beh=6.125278 w=0.160 lr=1.010e-04 time=0.173s
[RQ-VAE] epoch=2703 loss=0.98284554 recon=0.00014648 beh=6.126400 w=0.160 lr=1.007e-04 time=0.172s
[RQ-VAE] epoch=2704 loss=0.98351014 recon=0.00014610 beh=6.125453 w=0.161 lr=1.003e-04 time=0.173s
[RQ-VAE] epoch=2705 loss=0.98403120 recon=0.00014583 beh=6.123615 w=0.161 lr=1.000e-04 time=0.172s
[RQ-VAE] epoch=2706 loss=0.98495770 recon=0.00014589 beh=6.124299 w=0.161 lr=9.966e-05 time=0.171s
[RQ-VAE] epoch=2707 loss=0.98561907 recon=0.00014651 beh=6.123331 w=0.161 lr=9.932e-05 time=0.173s
[RQ-VAE] epoch=2708 loss=0.98658514 recon=0.00014595 beh=6.124265 w=0.161 lr=9.898e-05 time=0.172s
[RQ-VAE] epoch=2709 loss=0.98699820 recon=0.00014577 beh=6.121763 w=0.161 lr=9.864e-05 time=0.172s
[RQ-VAE] epoch=2710 loss=0.98851967 recon=0.00014576 beh=6.126135 w=0.161 lr=9.831e-05 time=0.173s
[RQ-VAE] epoch=2711 loss=0.98892939 recon=0.00014581 beh=6.123614 w=0.161 lr=9.797e-05 time=0.173s
[RQ-VAE] epoch=2712 loss=0.98908556 recon=0.00014582 beh=6.119527 w=0.162 lr=9.763e-05 time=0.172s
[RQ-VAE] epoch=2713 loss=0.99019271 recon=0.00014600 beh=6.121325 w=0.162 lr=9.729e-05 time=0.173s
[RQ-VAE] epoch=2714 loss=0.99132985 recon=0.00014596 beh=6.123308 w=0.162 lr=9.695e-05 time=0.172s
[RQ-VAE] epoch=2715 loss=0.99114704 recon=0.00014594 beh=6.117141 w=0.162 lr=9.661e-05 time=0.172s
[RQ-VAE] epoch=2716 loss=0.99242747 recon=0.00014602 beh=6.120008 w=0.162 lr=9.627e-05 time=0.172s
[RQ-VAE] epoch=2717 loss=0.99392462 recon=0.00014601 beh=6.124207 w=0.162 lr=9.593e-05 time=0.172s
[RQ-VAE] epoch=2718 loss=0.99475610 recon=0.00014569 beh=6.124301 w=0.162 lr=9.559e-05 time=0.172s
[RQ-VAE] epoch=2719 loss=0.99517244 recon=0.00014608 beh=6.121836 w=0.163 lr=9.525e-05 time=0.174s
[RQ-VAE] epoch=2720 loss=0.99628544 recon=0.00014565 beh=6.123665 w=0.163 lr=9.492e-05 time=0.173s
[RQ-VAE] epoch=2721 loss=0.99656576 recon=0.00014604 beh=6.120368 w=0.163 lr=9.458e-05 time=0.173s
[RQ-VAE] epoch=2722 loss=0.99730444 recon=0.00014549 beh=6.119896 w=0.163 lr=9.424e-05 time=0.172s
[RQ-VAE] epoch=2723 loss=0.99786544 recon=0.00014586 beh=6.118330 w=0.163 lr=9.390e-05 time=0.171s
[RQ-VAE] epoch=2724 loss=0.99940246 recon=0.00014570 beh=6.122752 w=0.163 lr=9.356e-05 time=0.172s
[RQ-VAE] epoch=2725 loss=1.00081336 recon=0.00014593 beh=6.126391 w=0.163 lr=9.322e-05 time=0.172s
[RQ-VAE] epoch=2726 loss=1.00074220 recon=0.00014588 beh=6.120958 w=0.163 lr=9.288e-05 time=0.172s
[RQ-VAE] epoch=2727 loss=1.00128162 recon=0.00014613 beh=6.119264 w=0.164 lr=9.254e-05 time=0.178s
[RQ-VAE] epoch=2728 loss=1.00297356 recon=0.00014615 beh=6.124615 w=0.164 lr=9.220e-05 time=0.172s
[RQ-VAE] epoch=2729 loss=1.00333762 recon=0.00014626 beh=6.121851 w=0.164 lr=9.186e-05 time=0.173s
[RQ-VAE] epoch=2730 loss=1.00385451 recon=0.00014578 beh=6.120032 w=0.164 lr=9.153e-05 time=0.173s
[RQ-VAE] epoch=2731 loss=1.00497484 recon=0.00014606 beh=6.121883 w=0.164 lr=9.119e-05 time=0.173s
[RQ-VAE] epoch=2732 loss=1.00617695 recon=0.00014594 beh=6.124232 w=0.164 lr=9.085e-05 time=0.172s
[RQ-VAE] epoch=2733 loss=1.00701809 recon=0.00014654 beh=6.124381 w=0.164 lr=9.051e-05 time=0.172s
[RQ-VAE] epoch=2734 loss=1.00734925 recon=0.00014618 beh=6.121431 w=0.165 lr=9.017e-05 time=0.172s
[RQ-VAE] epoch=2735 loss=1.00892758 recon=0.00014670 beh=6.126056 w=0.165 lr=8.983e-05 time=0.266s
[RQ-VAE] epoch=2736 loss=1.00977814 recon=0.00014624 beh=6.126264 w=0.165 lr=8.949e-05 time=0.172s
[RQ-VAE] epoch=2737 loss=1.01021636 recon=0.00014571 beh=6.123972 w=0.165 lr=8.915e-05 time=0.179s
[RQ-VAE] epoch=2738 loss=1.01054490 recon=0.00014570 beh=6.121017 w=0.165 lr=8.881e-05 time=0.174s
[RQ-VAE] epoch=2739 loss=1.01178336 recon=0.00014595 beh=6.123572 w=0.165 lr=8.847e-05 time=0.172s
[RQ-VAE] epoch=2740 loss=1.01266778 recon=0.00014635 beh=6.123980 w=0.165 lr=8.814e-05 time=0.173s
[RQ-VAE] epoch=2741 loss=1.01316690 recon=0.00014626 beh=6.122060 w=0.165 lr=8.780e-05 time=0.172s
[RQ-VAE] epoch=2742 loss=1.01394403 recon=0.00014630 beh=6.121824 w=0.166 lr=8.746e-05 time=0.172s
[RQ-VAE] epoch=2743 loss=1.01498151 recon=0.00014609 beh=6.123162 w=0.166 lr=8.712e-05 time=0.173s
[RQ-VAE] epoch=2744 loss=1.01499903 recon=0.00014564 beh=6.118348 w=0.166 lr=8.678e-05 time=0.173s
[RQ-VAE] epoch=2745 loss=1.01583767 recon=0.00014644 beh=6.118481 w=0.166 lr=8.644e-05 time=0.173s
[RQ-VAE] epoch=2746 loss=1.01671040 recon=0.00014603 beh=6.118825 w=0.166 lr=8.610e-05 time=0.173s
[RQ-VAE] epoch=2747 loss=1.01800215 recon=0.00014631 beh=6.121686 w=0.166 lr=8.576e-05 time=0.173s
[RQ-VAE] epoch=2748 loss=1.01895297 recon=0.00014607 beh=6.122496 w=0.166 lr=8.542e-05 time=0.179s
[RQ-VAE] epoch=2749 loss=1.02020729 recon=0.00014635 beh=6.125125 w=0.167 lr=8.508e-05 time=0.172s
[RQ-VAE] epoch=2750 loss=1.02026892 recon=0.00014607 lr=8.475e-05 raw_unique=22091/24587 collision=0.101517 time=0.173s
[RQ-VAE] epoch=2751 loss=1.02120066 recon=0.00014644 beh=6.121287 w=0.167 lr=8.441e-05 time=0.174s
[RQ-VAE] epoch=2752 loss=1.02184880 recon=0.00014642 beh=6.120283 w=0.167 lr=8.407e-05 time=0.173s
[RQ-VAE] epoch=2753 loss=1.02301955 recon=0.00014605 beh=6.122409 w=0.167 lr=8.373e-05 time=0.178s
[RQ-VAE] epoch=2754 loss=1.02318919 recon=0.00014660 beh=6.118538 w=0.167 lr=8.339e-05 time=0.173s
[RQ-VAE] epoch=2755 loss=1.02449131 recon=0.00014670 beh=6.121444 w=0.167 lr=8.305e-05 time=0.174s
[RQ-VAE] epoch=2756 loss=1.02530158 recon=0.00014679 beh=6.121408 w=0.167 lr=8.271e-05 time=0.173s
[RQ-VAE] epoch=2757 loss=1.02679479 recon=0.00014695 beh=6.125447 w=0.168 lr=8.237e-05 time=0.172s
[RQ-VAE] epoch=2758 loss=1.02785170 recon=0.00014688 beh=6.126880 w=0.168 lr=8.203e-05 time=0.173s
[RQ-VAE] epoch=2759 loss=1.02795947 recon=0.00014685 beh=6.122655 w=0.168 lr=8.169e-05 time=0.172s
[RQ-VAE] epoch=2760 loss=1.02907848 recon=0.00014703 beh=6.124456 w=0.168 lr=8.136e-05 time=0.172s
[RQ-VAE] epoch=2761 loss=1.02952886 recon=0.00014699 beh=6.122280 w=0.168 lr=8.102e-05 time=0.173s
[RQ-VAE] epoch=2762 loss=1.03018081 recon=0.00014651 beh=6.121304 w=0.168 lr=8.068e-05 time=0.173s
[RQ-VAE] epoch=2763 loss=1.03087854 recon=0.00014711 beh=6.120597 w=0.168 lr=8.034e-05 time=0.176s
[RQ-VAE] epoch=2764 loss=1.03176427 recon=0.00014647 beh=6.121014 w=0.169 lr=8.000e-05 time=0.295s
[RQ-VAE] epoch=2765 loss=1.03352892 recon=0.00014691 beh=6.126636 w=0.169 lr=7.966e-05 time=0.172s
[RQ-VAE] epoch=2766 loss=1.03355122 recon=0.00014617 beh=6.121933 w=0.169 lr=7.932e-05 time=0.173s
[RQ-VAE] epoch=2767 loss=1.03416657 recon=0.00014572 beh=6.120746 w=0.169 lr=7.898e-05 time=0.177s
[RQ-VAE] epoch=2768 loss=1.03509235 recon=0.00014607 beh=6.121393 w=0.169 lr=7.864e-05 time=0.176s
[RQ-VAE] epoch=2769 loss=1.03640342 recon=0.00014617 beh=6.124318 w=0.169 lr=7.831e-05 time=0.177s
[RQ-VAE] epoch=2770 loss=1.03629720 recon=0.00014633 beh=6.118867 w=0.169 lr=7.797e-05 time=0.177s
[RQ-VAE] epoch=2771 loss=1.03825533 recon=0.00014641 beh=6.125608 w=0.169 lr=7.763e-05 time=0.176s
[RQ-VAE] epoch=2772 loss=1.03902376 recon=0.00014673 beh=6.125321 w=0.170 lr=7.729e-05 time=0.177s
[RQ-VAE] epoch=2773 loss=1.03911805 recon=0.00014653 beh=6.121066 w=0.170 lr=7.695e-05 time=0.176s
[RQ-VAE] epoch=2774 loss=1.03947258 recon=0.00014681 beh=6.118346 w=0.170 lr=7.661e-05 time=0.175s
[RQ-VAE] epoch=2775 loss=1.04112661 recon=0.00014670 beh=6.123279 w=0.170 lr=7.627e-05 time=0.176s
[RQ-VAE] epoch=2776 loss=1.04125977 recon=0.00014672 beh=6.119263 w=0.170 lr=7.593e-05 time=0.176s
[RQ-VAE] epoch=2777 loss=1.04219282 recon=0.00014606 beh=6.119954 w=0.170 lr=7.559e-05 time=0.175s
[RQ-VAE] epoch=2778 loss=1.04371953 recon=0.00014642 beh=6.124123 w=0.170 lr=7.525e-05 time=0.176s
[RQ-VAE] epoch=2779 loss=1.04381168 recon=0.00014653 beh=6.119875 w=0.171 lr=7.492e-05 time=0.176s
[RQ-VAE] epoch=2780 loss=1.04508722 recon=0.00014665 beh=6.122567 w=0.171 lr=7.458e-05 time=0.175s
[RQ-VAE] epoch=2781 loss=1.04593897 recon=0.00014644 beh=6.122775 w=0.171 lr=7.424e-05 time=0.177s
[RQ-VAE] epoch=2782 loss=1.04685593 recon=0.00014624 beh=6.123364 w=0.171 lr=7.390e-05 time=0.177s
[RQ-VAE] epoch=2783 loss=1.04796624 recon=0.00014621 beh=6.125082 w=0.171 lr=7.356e-05 time=0.176s
[RQ-VAE] epoch=2784 loss=1.04846728 recon=0.00014609 beh=6.123239 w=0.171 lr=7.322e-05 time=0.273s
[RQ-VAE] epoch=2785 loss=1.04913628 recon=0.00014656 beh=6.122377 w=0.171 lr=7.288e-05 time=0.173s
[RQ-VAE] epoch=2786 loss=1.04998076 recon=0.00014655 beh=6.122542 w=0.171 lr=7.254e-05 time=0.173s
[RQ-VAE] epoch=2787 loss=1.05063617 recon=0.00014666 beh=6.121602 w=0.172 lr=7.220e-05 time=0.173s
[RQ-VAE] epoch=2788 loss=1.05166793 recon=0.00014691 beh=6.122857 w=0.172 lr=7.186e-05 time=0.174s
[RQ-VAE] epoch=2789 loss=1.05336642 recon=0.00014691 beh=6.127989 w=0.172 lr=7.153e-05 time=0.172s
[RQ-VAE] epoch=2790 loss=1.05303216 recon=0.00014700 beh=6.121294 w=0.172 lr=7.119e-05 time=0.173s
[RQ-VAE] epoch=2791 loss=1.05383873 recon=0.00014721 beh=6.121239 w=0.172 lr=7.085e-05 time=0.173s
[RQ-VAE] epoch=2792 loss=1.05548561 recon=0.00014699 beh=6.126062 w=0.172 lr=7.051e-05 time=0.174s
[RQ-VAE] epoch=2793 loss=1.05639398 recon=0.00014689 beh=6.126594 w=0.172 lr=7.017e-05 time=0.172s
[RQ-VAE] epoch=2794 loss=1.05695331 recon=0.00014699 beh=6.125100 w=0.173 lr=6.983e-05 time=0.175s
[RQ-VAE] epoch=2795 loss=1.05747592 recon=0.00014662 beh=6.123398 w=0.173 lr=6.949e-05 time=0.174s
[RQ-VAE] epoch=2796 loss=1.05811107 recon=0.00014630 beh=6.122352 w=0.173 lr=6.915e-05 time=0.173s
[RQ-VAE] epoch=2797 loss=1.05946803 recon=0.00014667 beh=6.125476 w=0.173 lr=6.881e-05 time=0.173s
[RQ-VAE] epoch=2798 loss=1.05979204 recon=0.00014642 beh=6.122631 w=0.173 lr=6.847e-05 time=0.174s
[RQ-VAE] epoch=2799 loss=1.06048918 recon=0.00014630 beh=6.121943 w=0.173 lr=6.814e-05 time=0.273s
[RQ-VAE] epoch=2800 loss=1.06103814 recon=0.00014615 lr=6.780e-05 raw_unique=22049/24587 collision=0.103225 time=0.174s
[RQ-VAE] epoch=2801 loss=1.06227708 recon=0.00014658 beh=6.122839 w=0.173 lr=6.746e-05 time=0.173s
[RQ-VAE] epoch=2802 loss=1.06290650 recon=0.00014621 beh=6.121764 w=0.174 lr=6.712e-05 time=0.173s
[RQ-VAE] epoch=2803 loss=1.06387222 recon=0.00014668 beh=6.122621 w=0.174 lr=6.678e-05 time=0.174s
[RQ-VAE] epoch=2804 loss=1.06438458 recon=0.00014681 beh=6.120872 w=0.174 lr=6.644e-05 time=0.173s
[RQ-VAE] epoch=2805 loss=1.06586552 recon=0.00014699 beh=6.124692 w=0.174 lr=6.610e-05 time=0.173s
[RQ-VAE] epoch=2806 loss=1.06604803 recon=0.00014687 beh=6.121052 w=0.174 lr=6.576e-05 time=0.173s
[RQ-VAE] epoch=2807 loss=1.06699872 recon=0.00014705 beh=6.121822 w=0.174 lr=6.542e-05 time=0.173s
[RQ-VAE] epoch=2808 loss=1.06788504 recon=0.00014747 beh=6.122221 w=0.174 lr=6.508e-05 time=0.174s
[RQ-VAE] epoch=2809 loss=1.06857204 recon=0.00014707 beh=6.121483 w=0.175 lr=6.475e-05 time=0.178s
[RQ-VAE] epoch=2810 loss=1.06931186 recon=0.00014735 beh=6.121044 w=0.175 lr=6.441e-05 time=0.185s
[RQ-VAE] epoch=2811 loss=1.06949091 recon=0.00014740 beh=6.117400 w=0.175 lr=6.407e-05 time=0.184s
[RQ-VAE] epoch=2812 loss=1.07062173 recon=0.00014734 beh=6.119202 w=0.175 lr=6.373e-05 time=0.179s
[RQ-VAE] epoch=2813 loss=1.07179773 recon=0.00014681 beh=6.121262 w=0.175 lr=6.339e-05 time=0.181s
[RQ-VAE] epoch=2814 loss=1.07318997 recon=0.00014697 beh=6.124549 w=0.175 lr=6.305e-05 time=0.177s
[RQ-VAE] epoch=2815 loss=1.07374001 recon=0.00014672 beh=6.123031 w=0.175 lr=6.271e-05 time=0.177s
[RQ-VAE] epoch=2816 loss=1.07357013 recon=0.00014714 beh=6.117406 w=0.175 lr=6.237e-05 time=0.176s
[RQ-VAE] epoch=2817 loss=1.07504761 recon=0.00014734 beh=6.121172 w=0.176 lr=6.203e-05 time=0.176s
[RQ-VAE] epoch=2818 loss=1.07608914 recon=0.00014735 beh=6.122457 w=0.176 lr=6.169e-05 time=0.176s
[RQ-VAE] epoch=2819 loss=1.07666194 recon=0.00014684 beh=6.121075 w=0.176 lr=6.136e-05 time=0.176s
[RQ-VAE] epoch=2820 loss=1.07744884 recon=0.00014709 beh=6.120909 w=0.176 lr=6.102e-05 time=0.176s
[RQ-VAE] epoch=2821 loss=1.07831144 recon=0.00014709 beh=6.121172 w=0.176 lr=6.068e-05 time=0.177s
[RQ-VAE] epoch=2822 loss=1.07905698 recon=0.00014712 beh=6.120771 w=0.176 lr=6.034e-05 time=0.177s
[RQ-VAE] epoch=2823 loss=1.08014131 recon=0.00014702 beh=6.122292 w=0.176 lr=6.000e-05 time=0.177s
[RQ-VAE] epoch=2824 loss=1.08089852 recon=0.00014687 beh=6.121958 w=0.177 lr=5.966e-05 time=0.177s
[RQ-VAE] epoch=2825 loss=1.08230770 recon=0.00014734 beh=6.125311 w=0.177 lr=5.932e-05 time=0.177s
[RQ-VAE] epoch=2826 loss=1.08299601 recon=0.00014692 beh=6.124588 w=0.177 lr=5.898e-05 time=0.176s
[RQ-VAE] epoch=2827 loss=1.08357906 recon=0.00014716 beh=6.123266 w=0.177 lr=5.864e-05 time=0.176s
[RQ-VAE] epoch=2828 loss=1.08487654 recon=0.00014733 beh=6.125981 w=0.177 lr=5.831e-05 time=0.177s
[RQ-VAE] epoch=2829 loss=1.08517861 recon=0.00014713 beh=6.123079 w=0.177 lr=5.797e-05 time=0.177s
[RQ-VAE] epoch=2830 loss=1.08585739 recon=0.00014679 beh=6.122305 w=0.177 lr=5.763e-05 time=0.176s
[RQ-VAE] epoch=2831 loss=1.08726501 recon=0.00014674 beh=6.125638 w=0.177 lr=5.729e-05 time=0.184s
[RQ-VAE] epoch=2832 loss=1.08722281 recon=0.00014713 beh=6.120800 w=0.178 lr=5.695e-05 time=0.177s
[RQ-VAE] epoch=2833 loss=1.08814192 recon=0.00014686 beh=6.121381 w=0.178 lr=5.661e-05 time=0.181s
[RQ-VAE] epoch=2834 loss=1.08822727 recon=0.00014704 beh=6.117271 w=0.178 lr=5.627e-05 time=0.183s
[RQ-VAE] epoch=2835 loss=1.09011424 recon=0.00014688 beh=6.123290 w=0.178 lr=5.593e-05 time=0.18s
[RQ-VAE] epoch=2836 loss=1.09039354 recon=0.00014721 beh=6.120273 w=0.178 lr=5.559e-05 time=0.178s
[RQ-VAE] epoch=2837 loss=1.09155583 recon=0.00014700 beh=6.122217 w=0.178 lr=5.525e-05 time=0.179s
[RQ-VAE] epoch=2838 loss=1.09202814 recon=0.00014680 beh=6.120289 w=0.178 lr=5.492e-05 time=0.179s
[RQ-VAE] epoch=2839 loss=1.09275937 recon=0.00014684 beh=6.119814 w=0.179 lr=5.458e-05 time=0.18s
[RQ-VAE] epoch=2840 loss=1.09452844 recon=0.00014678 beh=6.125149 w=0.179 lr=5.424e-05 time=0.181s
[RQ-VAE] epoch=2841 loss=1.09490108 recon=0.00014709 beh=6.122664 w=0.179 lr=5.390e-05 time=0.179s
[RQ-VAE] epoch=2842 loss=1.09573758 recon=0.00014727 beh=6.122776 w=0.179 lr=5.356e-05 time=0.18s
[RQ-VAE] epoch=2843 loss=1.09553218 recon=0.00014760 beh=6.117068 w=0.179 lr=5.322e-05 time=0.18s
[RQ-VAE] epoch=2844 loss=1.09754491 recon=0.00014771 beh=6.123749 w=0.179 lr=5.288e-05 time=0.18s
[RQ-VAE] epoch=2845 loss=1.09744954 recon=0.00014756 beh=6.118665 w=0.179 lr=5.254e-05 time=0.18s
[RQ-VAE] epoch=2846 loss=1.09879529 recon=0.00014723 beh=6.121620 w=0.179 lr=5.220e-05 time=0.18s
[RQ-VAE] epoch=2847 loss=1.09988427 recon=0.00014706 beh=6.123139 w=0.180 lr=5.186e-05 time=0.181s
[RQ-VAE] epoch=2848 loss=1.10033226 recon=0.00014718 beh=6.121089 w=0.180 lr=5.153e-05 time=0.18s
[RQ-VAE] epoch=2849 loss=1.10081387 recon=0.00014714 beh=6.119228 w=0.180 lr=5.119e-05 time=0.18s
[RQ-VAE] epoch=2850 loss=1.10301745 recon=0.00014702 lr=5.085e-05 raw_unique=22144/24587 collision=0.099361 time=0.18s
[RQ-VAE] epoch=2851 loss=1.10338950 recon=0.00014716 beh=6.124469 w=0.180 lr=5.051e-05 time=0.181s
[RQ-VAE] epoch=2852 loss=1.10459137 recon=0.00014754 beh=6.126604 w=0.180 lr=5.017e-05 time=0.18s
[RQ-VAE] epoch=2853 loss=1.10427213 recon=0.00014749 beh=6.120306 w=0.180 lr=4.983e-05 time=0.179s
[RQ-VAE] epoch=2854 loss=1.10583019 recon=0.00014774 beh=6.124414 w=0.181 lr=4.949e-05 time=0.18s
[RQ-VAE] epoch=2855 loss=1.10591269 recon=0.00014768 beh=6.120353 w=0.181 lr=4.915e-05 time=0.293s
[RQ-VAE] epoch=2856 loss=1.10726297 recon=0.00014767 beh=6.123308 w=0.181 lr=4.881e-05 time=0.175s
[RQ-VAE] epoch=2857 loss=1.10841334 recon=0.00014725 beh=6.125156 w=0.181 lr=4.847e-05 time=0.176s
[RQ-VAE] epoch=2858 loss=1.10868883 recon=0.00014719 beh=6.122169 w=0.181 lr=4.814e-05 time=0.174s
[RQ-VAE] epoch=2859 loss=1.10979700 recon=0.00014724 beh=6.123779 w=0.181 lr=4.780e-05 time=0.175s
[RQ-VAE] epoch=2860 loss=1.11045527 recon=0.00014706 beh=6.122907 w=0.181 lr=4.746e-05 time=0.175s
[RQ-VAE] epoch=2861 loss=1.11183262 recon=0.00014741 beh=6.125996 w=0.181 lr=4.712e-05 time=0.177s
[RQ-VAE] epoch=2862 loss=1.11192918 recon=0.00014766 beh=6.122028 w=0.182 lr=4.678e-05 time=0.175s
[RQ-VAE] epoch=2863 loss=1.11273241 recon=0.00014779 beh=6.121955 w=0.182 lr=4.644e-05 time=0.175s
[RQ-VAE] epoch=2864 loss=1.11405015 recon=0.00014810 beh=6.124712 w=0.182 lr=4.610e-05 time=0.175s
[RQ-VAE] epoch=2865 loss=1.11507213 recon=0.00014820 beh=6.125839 w=0.182 lr=4.576e-05 time=0.175s
[RQ-VAE] epoch=2866 loss=1.11522996 recon=0.00014775 beh=6.122223 w=0.182 lr=4.542e-05 time=0.176s
[RQ-VAE] epoch=2867 loss=1.11613870 recon=0.00014800 beh=6.122729 w=0.182 lr=4.508e-05 time=0.176s
[RQ-VAE] epoch=2868 loss=1.11649561 recon=0.00014761 beh=6.120212 w=0.182 lr=4.475e-05 time=0.176s
[RQ-VAE] epoch=2869 loss=1.11781096 recon=0.00014751 beh=6.122949 w=0.183 lr=4.441e-05 time=0.175s
[RQ-VAE] epoch=2870 loss=1.11849153 recon=0.00014772 beh=6.122204 w=0.183 lr=4.407e-05 time=0.176s
[RQ-VAE] epoch=2871 loss=1.11876607 recon=0.00014732 beh=6.119243 w=0.183 lr=4.373e-05 time=0.175s
[RQ-VAE] epoch=2872 loss=1.12101579 recon=0.00014723 beh=6.127081 w=0.183 lr=4.339e-05 time=0.175s
[RQ-VAE] epoch=2873 loss=1.12059379 recon=0.00014676 beh=6.120317 w=0.183 lr=4.305e-05 time=0.177s
[RQ-VAE] epoch=2874 loss=1.12141871 recon=0.00014696 beh=6.120364 w=0.183 lr=4.271e-05 time=0.176s
[RQ-VAE] epoch=2875 loss=1.12242699 recon=0.00014752 beh=6.121409 w=0.183 lr=4.237e-05 time=0.175s
[RQ-VAE] epoch=2876 loss=1.12393689 recon=0.00014713 beh=6.125192 w=0.183 lr=4.203e-05 time=0.174s
[RQ-VAE] epoch=2877 loss=1.12401557 recon=0.00014727 beh=6.121172 w=0.184 lr=4.169e-05 time=0.176s
[RQ-VAE] epoch=2878 loss=1.12498629 recon=0.00014780 beh=6.122011 w=0.184 lr=4.136e-05 time=0.175s
[RQ-VAE] epoch=2879 loss=1.12669945 recon=0.00014723 beh=6.126892 w=0.184 lr=4.102e-05 time=0.176s
[RQ-VAE] epoch=2880 loss=1.12689316 recon=0.00014719 beh=6.123505 w=0.184 lr=4.068e-05 time=0.176s
[RQ-VAE] epoch=2881 loss=1.12842631 recon=0.00014714 beh=6.127398 w=0.184 lr=4.034e-05 time=0.175s
[RQ-VAE] epoch=2882 loss=1.12853765 recon=0.00014655 beh=6.123571 w=0.184 lr=4.000e-05 time=0.176s
[RQ-VAE] epoch=2883 loss=1.12936282 recon=0.00014661 beh=6.123617 w=0.184 lr=3.966e-05 time=0.176s
[RQ-VAE] epoch=2884 loss=1.13074112 recon=0.00014686 beh=6.126662 w=0.185 lr=3.932e-05 time=0.278s
[RQ-VAE] epoch=2885 loss=1.13087869 recon=0.00014624 beh=6.122986 w=0.185 lr=3.898e-05 time=0.175s
[RQ-VAE] epoch=2886 loss=1.13226807 recon=0.00014703 beh=6.126082 w=0.185 lr=3.864e-05 time=0.176s
[RQ-VAE] epoch=2887 loss=1.13235736 recon=0.00014682 beh=6.122149 w=0.185 lr=3.831e-05 time=0.175s
[RQ-VAE] epoch=2888 loss=1.13234317 recon=0.00014704 beh=6.117660 w=0.185 lr=3.797e-05 time=0.176s
[RQ-VAE] epoch=2889 loss=1.13394320 recon=0.00014731 beh=6.121894 w=0.185 lr=3.763e-05 time=0.174s
[RQ-VAE] epoch=2890 loss=1.13518107 recon=0.00014708 beh=6.124171 w=0.185 lr=3.729e-05 time=0.175s
[RQ-VAE] epoch=2891 loss=1.13568616 recon=0.00014778 beh=6.122488 w=0.185 lr=3.695e-05 time=0.176s
[RQ-VAE] epoch=2892 loss=1.13610375 recon=0.00014795 beh=6.120337 w=0.186 lr=3.661e-05 time=0.175s
[RQ-VAE] epoch=2893 loss=1.13676786 recon=0.00014767 beh=6.119522 w=0.186 lr=3.627e-05 time=0.175s
[RQ-VAE] epoch=2894 loss=1.13824081 recon=0.00014782 beh=6.123055 w=0.186 lr=3.593e-05 time=0.175s
[RQ-VAE] epoch=2895 loss=1.13871014 recon=0.00014774 beh=6.121190 w=0.186 lr=3.559e-05 time=0.175s
[RQ-VAE] epoch=2896 loss=1.13860011 recon=0.00014752 beh=6.116215 w=0.186 lr=3.525e-05 time=0.175s
[RQ-VAE] epoch=2897 loss=1.13997316 recon=0.00014746 beh=6.119209 w=0.186 lr=3.492e-05 time=0.175s
[RQ-VAE] epoch=2898 loss=1.14132810 recon=0.00014735 beh=6.122101 w=0.186 lr=3.458e-05 time=0.175s
[RQ-VAE] epoch=2899 loss=1.14208663 recon=0.00014763 beh=6.121791 w=0.187 lr=3.424e-05 time=0.175s
[RQ-VAE] epoch=2900 loss=1.14294660 recon=0.00014717 lr=3.390e-05 raw_unique=22006/24587 collision=0.104974 time=0.175s
[RQ-VAE] epoch=2901 loss=1.14397383 recon=0.00014729 beh=6.123156 w=0.187 lr=3.356e-05 time=0.176s
[RQ-VAE] epoch=2902 loss=1.14510107 recon=0.00014732 beh=6.124818 w=0.187 lr=3.322e-05 time=0.175s
[RQ-VAE] epoch=2903 loss=1.14545012 recon=0.00014764 beh=6.122317 w=0.187 lr=3.288e-05 time=0.175s
[RQ-VAE] epoch=2904 loss=1.14638233 recon=0.00014716 beh=6.122940 w=0.187 lr=3.254e-05 time=0.271s
[RQ-VAE] epoch=2905 loss=1.14670539 recon=0.00014722 beh=6.120306 w=0.187 lr=3.220e-05 time=0.176s
[RQ-VAE] epoch=2906 loss=1.14752376 recon=0.00014710 beh=6.120319 w=0.187 lr=3.186e-05 time=0.177s
[RQ-VAE] epoch=2907 loss=1.14829171 recon=0.00014718 beh=6.120062 w=0.188 lr=3.153e-05 time=0.175s
[RQ-VAE] epoch=2908 loss=1.14971054 recon=0.00014703 beh=6.123274 w=0.188 lr=3.119e-05 time=0.175s
[RQ-VAE] epoch=2909 loss=1.15024531 recon=0.00014722 beh=6.121773 w=0.188 lr=3.085e-05 time=0.176s
[RQ-VAE] epoch=2910 loss=1.15055966 recon=0.00014725 beh=6.119103 w=0.188 lr=3.051e-05 time=0.176s
[RQ-VAE] epoch=2911 loss=1.15208542 recon=0.00014750 beh=6.122876 w=0.188 lr=3.017e-05 time=0.176s
[RQ-VAE] epoch=2912 loss=1.15240252 recon=0.00014731 beh=6.120225 w=0.188 lr=2.983e-05 time=0.177s
[RQ-VAE] epoch=2913 loss=1.15474439 recon=0.00014690 beh=6.128326 w=0.188 lr=2.949e-05 time=0.178s
[RQ-VAE] epoch=2914 loss=1.15447831 recon=0.00014660 beh=6.122583 w=0.189 lr=2.915e-05 time=0.176s
[RQ-VAE] epoch=2915 loss=1.15529013 recon=0.00014698 beh=6.122557 w=0.189 lr=2.881e-05 time=0.176s
[RQ-VAE] epoch=2916 loss=1.15560651 recon=0.00014690 beh=6.119908 w=0.189 lr=2.847e-05 time=0.174s
[RQ-VAE] epoch=2917 loss=1.15671659 recon=0.00014705 beh=6.121465 w=0.189 lr=2.814e-05 time=0.175s
[RQ-VAE] epoch=2918 loss=1.15800428 recon=0.00014685 beh=6.123960 w=0.189 lr=2.780e-05 time=0.176s
[RQ-VAE] epoch=2919 loss=1.15834010 recon=0.00014700 beh=6.121419 w=0.189 lr=2.746e-05 time=0.271s
[RQ-VAE] epoch=2920 loss=1.15945292 recon=0.00014731 beh=6.122984 w=0.189 lr=2.712e-05 time=0.176s
[RQ-VAE] epoch=2921 loss=1.16035628 recon=0.00014706 beh=6.123445 w=0.189 lr=2.678e-05 time=0.175s
[RQ-VAE] epoch=2922 loss=1.16068220 recon=0.00014712 beh=6.120857 w=0.190 lr=2.644e-05 time=0.176s
[RQ-VAE] epoch=2923 loss=1.16170681 recon=0.00014688 beh=6.121957 w=0.190 lr=2.610e-05 time=0.177s
[RQ-VAE] epoch=2924 loss=1.16183174 recon=0.00014723 beh=6.118314 w=0.190 lr=2.576e-05 time=0.175s
[RQ-VAE] epoch=2925 loss=1.16338539 recon=0.00014699 beh=6.122199 w=0.190 lr=2.542e-05 time=0.176s
[RQ-VAE] epoch=2926 loss=1.16450918 recon=0.00014720 beh=6.123814 w=0.190 lr=2.508e-05 time=0.176s
[RQ-VAE] epoch=2927 loss=1.16435325 recon=0.00014695 beh=6.118705 w=0.190 lr=2.475e-05 time=0.175s
[RQ-VAE] epoch=2928 loss=1.16688728 recon=0.00014736 beh=6.127727 w=0.190 lr=2.441e-05 time=0.176s
[RQ-VAE] epoch=2929 loss=1.16674876 recon=0.00014713 beh=6.122713 w=0.191 lr=2.407e-05 time=0.175s
[RQ-VAE] epoch=2930 loss=1.16704583 recon=0.00014705 beh=6.119990 w=0.191 lr=2.373e-05 time=0.176s
[RQ-VAE] epoch=2931 loss=1.16865659 recon=0.00014657 beh=6.124158 w=0.191 lr=2.339e-05 time=0.176s
[RQ-VAE] epoch=2932 loss=1.16922343 recon=0.00014688 beh=6.122850 w=0.191 lr=2.305e-05 time=0.174s
[RQ-VAE] epoch=2933 loss=1.16987646 recon=0.00014696 beh=6.121994 w=0.191 lr=2.271e-05 time=0.175s
[RQ-VAE] epoch=2934 loss=1.17089903 recon=0.00014680 beh=6.123074 w=0.191 lr=2.237e-05 time=0.174s
[RQ-VAE] epoch=2935 loss=1.17116046 recon=0.00014682 beh=6.120173 w=0.191 lr=2.203e-05 time=0.175s
[RQ-VAE] epoch=2936 loss=1.17197192 recon=0.00014701 beh=6.120149 w=0.191 lr=2.169e-05 time=0.176s
[RQ-VAE] epoch=2937 loss=1.17336500 recon=0.00014685 beh=6.123162 w=0.192 lr=2.136e-05 time=0.175s
[RQ-VAE] epoch=2938 loss=1.17455781 recon=0.00014695 beh=6.125125 w=0.192 lr=2.102e-05 time=0.176s
[RQ-VAE] epoch=2939 loss=1.17500901 recon=0.00014702 beh=6.123219 w=0.192 lr=2.068e-05 time=0.175s
[RQ-VAE] epoch=2940 loss=1.17553627 recon=0.00014711 beh=6.121713 w=0.192 lr=2.034e-05 time=0.175s
[RQ-VAE] epoch=2941 loss=1.17651391 recon=0.00014718 beh=6.122553 w=0.192 lr=2.000e-05 time=0.175s
[RQ-VAE] epoch=2942 loss=1.17760420 recon=0.00014683 beh=6.123978 w=0.192 lr=1.966e-05 time=0.176s
[RQ-VAE] epoch=2943 loss=1.17730141 recon=0.00014706 beh=6.118159 w=0.192 lr=1.932e-05 time=0.175s
[RQ-VAE] epoch=2944 loss=1.17988479 recon=0.00014713 beh=6.127340 w=0.193 lr=1.898e-05 time=0.175s
[RQ-VAE] epoch=2945 loss=1.18010294 recon=0.00014684 beh=6.124235 w=0.193 lr=1.864e-05 time=0.175s
[RQ-VAE] epoch=2946 loss=1.18117166 recon=0.00014707 beh=6.125541 w=0.193 lr=1.831e-05 time=0.176s
[RQ-VAE] epoch=2947 loss=1.18062186 recon=0.00014732 beh=6.118457 w=0.193 lr=1.797e-05 time=0.175s
[RQ-VAE] epoch=2948 loss=1.18124056 recon=0.00014720 beh=6.117436 w=0.193 lr=1.763e-05 time=0.176s
[RQ-VAE] epoch=2949 loss=1.18331957 recon=0.00014697 beh=6.123977 w=0.193 lr=1.729e-05 time=0.174s
[RQ-VAE] epoch=2950 loss=1.18387222 recon=0.00014707 lr=1.695e-05 raw_unique=22100/24587 collision=0.101151 time=0.176s
[RQ-VAE] epoch=2951 loss=1.18459463 recon=0.00014704 beh=6.122126 w=0.193 lr=1.661e-05 time=0.177s
[RQ-VAE] epoch=2952 loss=1.18461144 recon=0.00014724 beh=6.117995 w=0.194 lr=1.627e-05 time=0.176s
[RQ-VAE] epoch=2953 loss=1.18587279 recon=0.00014734 beh=6.120295 w=0.194 lr=1.593e-05 time=0.176s
[RQ-VAE] epoch=2954 loss=1.18679821 recon=0.00014710 beh=6.120860 w=0.194 lr=1.559e-05 time=0.175s
[RQ-VAE] epoch=2955 loss=1.18690133 recon=0.00014719 beh=6.117184 w=0.194 lr=1.525e-05 time=0.175s
[RQ-VAE] epoch=2956 loss=1.18809891 recon=0.00014716 beh=6.119153 w=0.194 lr=1.492e-05 time=0.176s
[RQ-VAE] epoch=2957 loss=1.18962276 recon=0.00014722 beh=6.122797 w=0.194 lr=1.458e-05 time=0.176s
[RQ-VAE] epoch=2958 loss=1.19092393 recon=0.00014715 beh=6.125291 w=0.194 lr=1.424e-05 time=0.181s
[RQ-VAE] epoch=2959 loss=1.19021463 recon=0.00014724 beh=6.117446 w=0.195 lr=1.390e-05 time=0.179s
[RQ-VAE] epoch=2960 loss=1.19215512 recon=0.00014733 beh=6.123223 w=0.195 lr=1.356e-05 time=0.174s
[RQ-VAE] epoch=2961 loss=1.19210958 recon=0.00014715 beh=6.118800 w=0.195 lr=1.322e-05 time=0.174s
[RQ-VAE] epoch=2962 loss=1.19309735 recon=0.00014704 beh=6.119682 w=0.195 lr=1.288e-05 time=0.174s
[RQ-VAE] epoch=2963 loss=1.19367182 recon=0.00014720 beh=6.118443 w=0.195 lr=1.254e-05 time=0.173s
[RQ-VAE] epoch=2964 loss=1.19638753 recon=0.00014725 beh=6.128176 w=0.195 lr=1.220e-05 time=0.177s
[RQ-VAE] epoch=2965 loss=1.19606864 recon=0.00014721 beh=6.122361 w=0.195 lr=1.186e-05 time=0.175s
[RQ-VAE] epoch=2966 loss=1.19600987 recon=0.00014680 beh=6.117887 w=0.195 lr=1.153e-05 time=0.174s
[RQ-VAE] epoch=2967 loss=1.19791579 recon=0.00014720 beh=6.123458 w=0.196 lr=1.119e-05 time=0.174s
[RQ-VAE] epoch=2968 loss=1.19823754 recon=0.00014714 beh=6.120931 w=0.196 lr=1.085e-05 time=0.177s
[RQ-VAE] epoch=2969 loss=1.19974899 recon=0.00014697 beh=6.124482 w=0.196 lr=1.051e-05 time=0.174s
[RQ-VAE] epoch=2970 loss=1.20003855 recon=0.00014702 beh=6.121793 w=0.196 lr=1.017e-05 time=0.173s
[RQ-VAE] epoch=2971 loss=1.20040703 recon=0.00014724 beh=6.119508 w=0.196 lr=9.831e-06 time=0.175s
[RQ-VAE] epoch=2972 loss=1.20198333 recon=0.00014725 beh=6.123382 w=0.196 lr=9.492e-06 time=0.173s
[RQ-VAE] epoch=2973 loss=1.20249355 recon=0.00014714 beh=6.121823 w=0.196 lr=9.153e-06 time=0.174s
[RQ-VAE] epoch=2974 loss=1.20350003 recon=0.00014688 beh=6.122793 w=0.197 lr=8.814e-06 time=0.174s
[RQ-VAE] epoch=2975 loss=1.20317578 recon=0.00014714 beh=6.116992 w=0.197 lr=8.475e-06 time=0.173s
[RQ-VAE] epoch=2976 loss=1.20516682 recon=0.00014710 beh=6.122965 w=0.197 lr=8.136e-06 time=0.27s
[RQ-VAE] epoch=2977 loss=1.20573735 recon=0.00014692 beh=6.121718 w=0.197 lr=7.797e-06 time=0.173s
[RQ-VAE] epoch=2978 loss=1.20721114 recon=0.00014701 beh=6.125054 w=0.197 lr=7.458e-06 time=0.174s
[RQ-VAE] epoch=2979 loss=1.20767426 recon=0.00014704 beh=6.123260 w=0.197 lr=7.119e-06 time=0.173s
[RQ-VAE] epoch=2980 loss=1.20789385 recon=0.00014709 beh=6.120235 w=0.197 lr=6.780e-06 time=0.172s
[RQ-VAE] epoch=2981 loss=1.20940948 recon=0.00014691 beh=6.123780 w=0.197 lr=6.441e-06 time=0.175s
[RQ-VAE] epoch=2982 loss=1.20962381 recon=0.00014737 beh=6.120730 w=0.198 lr=6.102e-06 time=0.174s
[RQ-VAE] epoch=2983 loss=1.21070826 recon=0.00014714 beh=6.122089 w=0.198 lr=5.763e-06 time=0.174s
[RQ-VAE] epoch=2984 loss=1.21160364 recon=0.00014726 beh=6.122488 w=0.198 lr=5.424e-06 time=0.174s
[RQ-VAE] epoch=2985 loss=1.21153688 recon=0.00014702 beh=6.118028 w=0.198 lr=5.085e-06 time=0.174s
[RQ-VAE] epoch=2986 loss=1.21303630 recon=0.00014706 beh=6.121479 w=0.198 lr=4.746e-06 time=0.174s
[RQ-VAE] epoch=2987 loss=1.21512556 recon=0.00014710 beh=6.127900 w=0.198 lr=4.407e-06 time=0.174s
[RQ-VAE] epoch=2988 loss=1.21415567 recon=0.00014706 beh=6.118894 w=0.198 lr=4.068e-06 time=0.174s
[RQ-VAE] epoch=2989 loss=1.21516275 recon=0.00014693 beh=6.119857 w=0.199 lr=3.729e-06 time=0.174s
[RQ-VAE] epoch=2990 loss=1.21636713 recon=0.00014685 beh=6.121813 w=0.199 lr=3.390e-06 time=0.175s
[RQ-VAE] epoch=2991 loss=1.21716607 recon=0.00014701 beh=6.121725 w=0.199 lr=3.051e-06 time=0.175s
[RQ-VAE] epoch=2992 loss=1.21847475 recon=0.00014652 beh=6.124203 w=0.199 lr=2.712e-06 time=0.174s
[RQ-VAE] epoch=2993 loss=1.21924794 recon=0.00014707 beh=6.123982 w=0.199 lr=2.373e-06 time=0.173s
[RQ-VAE] epoch=2994 loss=1.22005987 recon=0.00014692 beh=6.123960 w=0.199 lr=2.034e-06 time=0.174s
[RQ-VAE] epoch=2995 loss=1.22028983 recon=0.00014688 beh=6.121017 w=0.199 lr=1.695e-06 time=0.174s
[RQ-VAE] epoch=2996 loss=1.22129488 recon=0.00014691 beh=6.121964 w=0.199 lr=1.356e-06 time=0.175s
[RQ-VAE] epoch=2997 loss=1.22142744 recon=0.00014693 beh=6.118539 w=0.200 lr=1.017e-06 time=0.173s
[RQ-VAE] epoch=2998 loss=1.22352934 recon=0.00014692 beh=6.124978 w=0.200 lr=6.780e-07 time=0.174s
[RQ-VAE] epoch=2999 loss=1.22400439 recon=0.00014704 beh=6.123268 w=0.200 lr=3.390e-07 time=0.174s
[RQ-VAE] epoch=3000 loss=1.22492957 recon=0.00014702 lr=0.000e+00 raw_unique=22032/24587 collision=0.103917 time=0.174s
[RecBole RQ-VAE] exported raw_shape=(24587, 3) sid_shape=(24587, 4) unique=24587 -> /home/wlia0047/ar57/wenyu/GeneRec/results/stage2_RQ-VAE/TIGER_HYPERBOLIC_RQ-VAE/exp2_poincare_c1/sids_for_hgrec.npy
