W1010 22:41:32.669916 1146939 /fs04/scratch2/ar57/wenyu/genrec_env_v2/lib/python3.9/site-packages/torch/distributed/run.py:774] 
W1010 22:41:32.669916 1146939 /fs04/scratch2/ar57/wenyu/genrec_env_v2/lib/python3.9/site-packages/torch/distributed/run.py:774] *****************************************
W1010 22:41:32.669916 1146939 /fs04/scratch2/ar57/wenyu/genrec_env_v2/lib/python3.9/site-packages/torch/distributed/run.py:774] Setting OMP_NUM_THREADS environment variable for each process to be 1 in default, to avoid your system being overloaded, please further tune the variable for optimal performance in your application as needed. 
W1010 22:41:32.669916 1146939 /fs04/scratch2/ar57/wenyu/genrec_env_v2/lib/python3.9/site-packages/torch/distributed/run.py:774] *****************************************
[RecBole RQ-VAE] device=cuda:0 all_items=24587 train_items=24556 world_size=4
[RecBole RQ-VAE] config: epochs=3000 batch_size_per_rank=1024 total_batch=4096 lr=0.001
[RecBole RQ-VAE] initializing codebooks with KMeans
/fs04/ar57/wenyu/GeneRec/stage2_RQ-VAE/TIGER_BEHAVIOR_SAMPLE_RQ-VAE/model/layers.py:102: UserWarning: Deterministic behavior was enabled with either `torch.use_deterministic_algorithms(True)` or `at::Context::setDeterministicAlgorithms(true)`, but this operation is not deterministic because it uses CuBLAS and you have CUDA >= 10.2. To enable deterministic behavior in this case, you must set an environment variable before running your PyTorch application: CUBLAS_WORKSPACE_CONFIG=:4096:8 or CUBLAS_WORKSPACE_CONFIG=:16:8. For more information, go to https://docs.nvidia.com/cuda/cublas/index.html#results-reproducibility (Triggered internally at /pytorch/aten/src/ATen/Context.cpp:233.)
  - 2 * latent @ code_embs.t()
/fs04/ar57/wenyu/GeneRec/stage2_RQ-VAE/TIGER_BEHAVIOR_SAMPLE_RQ-VAE/model/layers.py:102: UserWarning: Deterministic behavior was enabled with either `torch.use_deterministic_algorithms(True)` or `at::Context::setDeterministicAlgorithms(true)`, but this operation is not deterministic because it uses CuBLAS and you have CUDA >= 10.2. To enable deterministic behavior in this case, you must set an environment variable before running your PyTorch application: CUBLAS_WORKSPACE_CONFIG=:4096:8 or CUBLAS_WORKSPACE_CONFIG=:16:8. For more information, go to https://docs.nvidia.com/cuda/cublas/index.html#results-reproducibility (Triggered internally at /pytorch/aten/src/ATen/Context.cpp:233.)
  - 2 * latent @ code_embs.t()
/fs04/ar57/wenyu/GeneRec/stage2_RQ-VAE/TIGER_BEHAVIOR_SAMPLE_RQ-VAE/model/layers.py:102: UserWarning: Deterministic behavior was enabled with either `torch.use_deterministic_algorithms(True)` or `at::Context::setDeterministicAlgorithms(true)`, but this operation is not deterministic because it uses CuBLAS and you have CUDA >= 10.2. To enable deterministic behavior in this case, you must set an environment variable before running your PyTorch application: CUBLAS_WORKSPACE_CONFIG=:4096:8 or CUBLAS_WORKSPACE_CONFIG=:16:8. For more information, go to https://docs.nvidia.com/cuda/cublas/index.html#results-reproducibility (Triggered internally at /pytorch/aten/src/ATen/Context.cpp:233.)
  - 2 * latent @ code_embs.t()
/fs04/ar57/wenyu/GeneRec/stage2_RQ-VAE/TIGER_BEHAVIOR_SAMPLE_RQ-VAE/model/layers.py:102: UserWarning: Deterministic behavior was enabled with either `torch.use_deterministic_algorithms(True)` or `at::Context::setDeterministicAlgorithms(true)`, but this operation is not deterministic because it uses CuBLAS and you have CUDA >= 10.2. To enable deterministic behavior in this case, you must set an environment variable before running your PyTorch application: CUBLAS_WORKSPACE_CONFIG=:4096:8 or CUBLAS_WORKSPACE_CONFIG=:16:8. For more information, go to https://docs.nvidia.com/cuda/cublas/index.html#results-reproducibility (Triggered internally at /pytorch/aten/src/ATen/Context.cpp:233.)
  - 2 * latent @ code_embs.t()
/fs04/ar57/wenyu/GeneRec/stage2_RQ-VAE/TIGER_BEHAVIOR_SAMPLE_RQ-VAE/model/layers.py:102: UserWarning: Deterministic behavior was enabled with either `torch.use_deterministic_algorithms(True)` or `at::Context::setDeterministicAlgorithms(true)`, but this operation is not deterministic because it uses CuBLAS and you have CUDA >= 10.2. To enable deterministic behavior in this case, you must set an environment variable before running your PyTorch application: CUBLAS_WORKSPACE_CONFIG=:4096:8 or CUBLAS_WORKSPACE_CONFIG=:16:8. For more information, go to https://docs.nvidia.com/cuda/cublas/index.html#results-reproducibility (Triggered internally at /pytorch/aten/src/ATen/Context.cpp:233.)
  - 2 * latent @ code_embs.t()
/fs04/ar57/wenyu/GeneRec/stage2_RQ-VAE/TIGER_BEHAVIOR_SAMPLE_RQ-VAE/model/layers.py:102: UserWarning: Deterministic behavior was enabled with either `torch.use_deterministic_algorithms(True)` or `at::Context::setDeterministicAlgorithms(true)`, but this operation is not deterministic because it uses CuBLAS and you have CUDA >= 10.2. To enable deterministic behavior in this case, you must set an environment variable before running your PyTorch application: CUBLAS_WORKSPACE_CONFIG=:4096:8 or CUBLAS_WORKSPACE_CONFIG=:16:8. For more information, go to https://docs.nvidia.com/cuda/cublas/index.html#results-reproducibility (Triggered internally at /pytorch/aten/src/ATen/Context.cpp:233.)
  - 2 * latent @ code_embs.t()
/fs04/ar57/wenyu/GeneRec/stage2_RQ-VAE/TIGER_BEHAVIOR_SAMPLE_RQ-VAE/model/layers.py:102: UserWarning: Deterministic behavior was enabled with either `torch.use_deterministic_algorithms(True)` or `at::Context::setDeterministicAlgorithms(true)`, but this operation is not deterministic because it uses CuBLAS and you have CUDA >= 10.2. To enable deterministic behavior in this case, you must set an environment variable before running your PyTorch application: CUBLAS_WORKSPACE_CONFIG=:4096:8 or CUBLAS_WORKSPACE_CONFIG=:16:8. For more information, go to https://docs.nvidia.com/cuda/cublas/index.html#results-reproducibility (Triggered internally at /pytorch/aten/src/ATen/Context.cpp:233.)
  - 2 * latent @ code_embs.t()
/fs04/ar57/wenyu/GeneRec/stage2_RQ-VAE/TIGER_BEHAVIOR_SAMPLE_RQ-VAE/model/layers.py:102: UserWarning: Deterministic behavior was enabled with either `torch.use_deterministic_algorithms(True)` or `at::Context::setDeterministicAlgorithms(true)`, but this operation is not deterministic because it uses CuBLAS and you have CUDA >= 10.2. To enable deterministic behavior in this case, you must set an environment variable before running your PyTorch application: CUBLAS_WORKSPACE_CONFIG=:4096:8 or CUBLAS_WORKSPACE_CONFIG=:16:8. For more information, go to https://docs.nvidia.com/cuda/cublas/index.html#results-reproducibility (Triggered internally at /pytorch/aten/src/ATen/Context.cpp:233.)
  - 2 * latent @ code_embs.t()
/fs04/ar57/wenyu/GeneRec/stage2_RQ-VAE/TIGER_BEHAVIOR_SAMPLE_RQ-VAE/model/layers.py:102: UserWarning: Deterministic behavior was enabled with either `torch.use_deterministic_algorithms(True)` or `at::Context::setDeterministicAlgorithms(true)`, but this operation is not deterministic because it uses CuBLAS and you have CUDA >= 10.2. To enable deterministic behavior in this case, you must set an environment variable before running your PyTorch application: CUBLAS_WORKSPACE_CONFIG=:4096:8 or CUBLAS_WORKSPACE_CONFIG=:16:8. For more information, go to https://docs.nvidia.com/cuda/cublas/index.html#results-reproducibility (Triggered internally at /pytorch/aten/src/ATen/Context.cpp:233.)
  - 2 * latent @ code_embs.t()
/home/wlia0047/ar57_scratch/wenyu/genrec_env_v2/lib64/python3.9/site-packages/torch/distributed/distributed_c10d.py:4807: UserWarning: No device id is provided via `init_process_group` or `barrier `. Using the current device set by the user. 
  warnings.warn(  # warn only once
/fs04/ar57/wenyu/GeneRec/stage2_RQ-VAE/TIGER_BEHAVIOR_SAMPLE_RQ-VAE/model/layers.py:102: UserWarning: Deterministic behavior was enabled with either `torch.use_deterministic_algorithms(True)` or `at::Context::setDeterministicAlgorithms(true)`, but this operation is not deterministic because it uses CuBLAS and you have CUDA >= 10.2. To enable deterministic behavior in this case, you must set an environment variable before running your PyTorch application: CUBLAS_WORKSPACE_CONFIG=:4096:8 or CUBLAS_WORKSPACE_CONFIG=:16:8. For more information, go to https://docs.nvidia.com/cuda/cublas/index.html#results-reproducibility (Triggered internally at /pytorch/aten/src/ATen/Context.cpp:233.)
  - 2 * latent @ code_embs.t()
/home/wlia0047/ar57_scratch/wenyu/genrec_env_v2/lib64/python3.9/site-packages/torch/distributed/distributed_c10d.py:4807: UserWarning: No device id is provided via `init_process_group` or `barrier `. Using the current device set by the user. 
  warnings.warn(  # warn only once
/fs04/ar57/wenyu/GeneRec/stage2_RQ-VAE/TIGER_BEHAVIOR_SAMPLE_RQ-VAE/model/layers.py:102: UserWarning: Deterministic behavior was enabled with either `torch.use_deterministic_algorithms(True)` or `at::Context::setDeterministicAlgorithms(true)`, but this operation is not deterministic because it uses CuBLAS and you have CUDA >= 10.2. To enable deterministic behavior in this case, you must set an environment variable before running your PyTorch application: CUBLAS_WORKSPACE_CONFIG=:4096:8 or CUBLAS_WORKSPACE_CONFIG=:16:8. For more information, go to https://docs.nvidia.com/cuda/cublas/index.html#results-reproducibility (Triggered internally at /pytorch/aten/src/ATen/Context.cpp:233.)
  - 2 * latent @ code_embs.t()
/home/wlia0047/ar57_scratch/wenyu/genrec_env_v2/lib64/python3.9/site-packages/torch/distributed/distributed_c10d.py:4807: UserWarning: No device id is provided via `init_process_group` or `barrier `. Using the current device set by the user. 
  warnings.warn(  # warn only once
/fs04/ar57/wenyu/GeneRec/stage2_RQ-VAE/TIGER_BEHAVIOR_SAMPLE_RQ-VAE/model/layers.py:102: UserWarning: Deterministic behavior was enabled with either `torch.use_deterministic_algorithms(True)` or `at::Context::setDeterministicAlgorithms(true)`, but this operation is not deterministic because it uses CuBLAS and you have CUDA >= 10.2. To enable deterministic behavior in this case, you must set an environment variable before running your PyTorch application: CUBLAS_WORKSPACE_CONFIG=:4096:8 or CUBLAS_WORKSPACE_CONFIG=:16:8. For more information, go to https://docs.nvidia.com/cuda/cublas/index.html#results-reproducibility (Triggered internally at /pytorch/aten/src/ATen/Context.cpp:233.)
  - 2 * latent @ code_embs.t()
/home/wlia0047/ar57_scratch/wenyu/genrec_env_v2/lib64/python3.9/site-packages/torch/distributed/distributed_c10d.py:4807: UserWarning: No device id is provided via `init_process_group` or `barrier `. Using the current device set by the user. 
  warnings.warn(  # warn only once
/home/wlia0047/ar57_scratch/wenyu/genrec_env_v2/lib64/python3.9/site-packages/torch/autograd/graph.py:829: UserWarning: Deterministic behavior was enabled with either `torch.use_deterministic_algorithms(True)` or `at::Context::setDeterministicAlgorithms(true)`, but this operation is not deterministic because it uses CuBLAS and you have CUDA >= 10.2. To enable deterministic behavior in this case, you must set an environment variable before running your PyTorch application: CUBLAS_WORKSPACE_CONFIG=:4096:8 or CUBLAS_WORKSPACE_CONFIG=:16:8. For more information, go to https://docs.nvidia.com/cuda/cublas/index.html#results-reproducibility (Triggered internally at /pytorch/aten/src/ATen/Context.cpp:233.)
  return Variable._execution_engine.run_backward(  # Calls into the C++ engine to run the backward pass
/home/wlia0047/ar57_scratch/wenyu/genrec_env_v2/lib64/python3.9/site-packages/torch/autograd/graph.py:829: UserWarning: Deterministic behavior was enabled with either `torch.use_deterministic_algorithms(True)` or `at::Context::setDeterministicAlgorithms(true)`, but this operation is not deterministic because it uses CuBLAS and you have CUDA >= 10.2. To enable deterministic behavior in this case, you must set an environment variable before running your PyTorch application: CUBLAS_WORKSPACE_CONFIG=:4096:8 or CUBLAS_WORKSPACE_CONFIG=:16:8. For more information, go to https://docs.nvidia.com/cuda/cublas/index.html#results-reproducibility (Triggered internally at /pytorch/aten/src/ATen/Context.cpp:233.)
  return Variable._execution_engine.run_backward(  # Calls into the C++ engine to run the backward pass
/home/wlia0047/ar57_scratch/wenyu/genrec_env_v2/lib64/python3.9/site-packages/torch/autograd/graph.py:829: UserWarning: Deterministic behavior was enabled with either `torch.use_deterministic_algorithms(True)` or `at::Context::setDeterministicAlgorithms(true)`, but this operation is not deterministic because it uses CuBLAS and you have CUDA >= 10.2. To enable deterministic behavior in this case, you must set an environment variable before running your PyTorch application: CUBLAS_WORKSPACE_CONFIG=:4096:8 or CUBLAS_WORKSPACE_CONFIG=:16:8. For more information, go to https://docs.nvidia.com/cuda/cublas/index.html#results-reproducibility (Triggered internally at /pytorch/aten/src/ATen/Context.cpp:233.)
  return Variable._execution_engine.run_backward(  # Calls into the C++ engine to run the backward pass
/home/wlia0047/ar57_scratch/wenyu/genrec_env_v2/lib64/python3.9/site-packages/torch/autograd/graph.py:829: UserWarning: Deterministic behavior was enabled with either `torch.use_deterministic_algorithms(True)` or `at::Context::setDeterministicAlgorithms(true)`, but this operation is not deterministic because it uses CuBLAS and you have CUDA >= 10.2. To enable deterministic behavior in this case, you must set an environment variable before running your PyTorch application: CUBLAS_WORKSPACE_CONFIG=:4096:8 or CUBLAS_WORKSPACE_CONFIG=:16:8. For more information, go to https://docs.nvidia.com/cuda/cublas/index.html#results-reproducibility (Triggered internally at /pytorch/aten/src/ATen/Context.cpp:233.)
  return Variable._execution_engine.run_backward(  # Calls into the C++ engine to run the backward pass
[RQ-VAE] epoch=1 loss=0.00049419 recon=0.00046366 beh=0.000000 w=0.000 lr=2.333e-05 time=8.737s
[RQ-VAE] epoch=2 loss=0.00049051 recon=0.00045727 beh=0.000000 w=0.000 lr=4.333e-05 time=0.095s
[RQ-VAE] epoch=3 loss=0.00048367 recon=0.00044572 beh=0.000000 w=0.000 lr=6.333e-05 time=0.094s
[RQ-VAE] epoch=4 loss=0.00046930 recon=0.00042914 beh=0.000000 w=0.000 lr=8.333e-05 time=0.095s
[RQ-VAE] epoch=5 loss=0.00045567 recon=0.00040448 beh=0.000000 w=0.000 lr=1.033e-04 time=0.095s
[RQ-VAE] epoch=6 loss=0.00044234 recon=0.00036883 beh=0.000000 w=0.000 lr=1.233e-04 time=0.093s
[RQ-VAE] epoch=7 loss=0.00041829 recon=0.00032419 beh=0.000000 w=0.000 lr=1.433e-04 time=0.094s
[RQ-VAE] epoch=8 loss=0.00037460 recon=0.00028181 beh=0.000000 w=0.000 lr=1.633e-04 time=0.093s
[RQ-VAE] epoch=9 loss=0.00032377 recon=0.00024740 beh=0.000000 w=0.000 lr=1.833e-04 time=0.094s
[RQ-VAE] epoch=10 loss=0.00029253 recon=0.00022233 beh=0.000000 w=0.000 lr=2.033e-04 time=0.094s
[RQ-VAE] epoch=11 loss=0.00026430 recon=0.00020702 beh=0.000000 w=0.000 lr=2.233e-04 time=0.094s
[RQ-VAE] epoch=12 loss=0.00023494 recon=0.00019899 beh=0.000000 w=0.000 lr=2.433e-04 time=0.101s
[RQ-VAE] epoch=13 loss=0.00022042 recon=0.00019493 beh=0.000000 w=0.000 lr=2.633e-04 time=0.098s
[RQ-VAE] epoch=14 loss=0.00021483 recon=0.00019108 beh=0.000000 w=0.000 lr=2.833e-04 time=0.093s
[RQ-VAE] epoch=15 loss=0.00020829 recon=0.00018724 beh=0.000000 w=0.000 lr=3.033e-04 time=0.094s
[RQ-VAE] epoch=16 loss=0.00020133 recon=0.00018379 beh=0.000000 w=0.000 lr=3.233e-04 time=0.097s
[RQ-VAE] epoch=17 loss=0.00019656 recon=0.00018028 beh=0.000000 w=0.000 lr=3.433e-04 time=0.094s
[RQ-VAE] epoch=18 loss=0.00019287 recon=0.00017727 beh=0.000000 w=0.000 lr=3.633e-04 time=0.094s
[RQ-VAE] epoch=19 loss=0.00019077 recon=0.00017446 beh=0.000000 w=0.000 lr=3.833e-04 time=0.093s
[RQ-VAE] epoch=20 loss=0.00018850 recon=0.00017145 beh=0.000000 w=0.000 lr=4.033e-04 time=0.226s
[RQ-VAE] epoch=21 loss=0.00018572 recon=0.00016841 beh=0.000000 w=0.000 lr=4.233e-04 time=0.094s
[RQ-VAE] epoch=22 loss=0.00018146 recon=0.00016590 beh=0.000000 w=0.000 lr=4.433e-04 time=0.095s
[RQ-VAE] epoch=23 loss=0.00017816 recon=0.00016405 beh=0.000000 w=0.000 lr=4.633e-04 time=0.094s
[RQ-VAE] epoch=24 loss=0.00017588 recon=0.00016286 beh=0.000000 w=0.000 lr=4.833e-04 time=0.093s
[RQ-VAE] epoch=25 loss=0.00017429 recon=0.00016212 beh=0.000000 w=0.000 lr=5.033e-04 time=0.095s
[RQ-VAE] epoch=26 loss=0.00017349 recon=0.00016164 beh=0.000000 w=0.000 lr=5.233e-04 time=0.093s
[RQ-VAE] epoch=27 loss=0.00017323 recon=0.00016130 beh=0.000000 w=0.000 lr=5.433e-04 time=0.093s
[RQ-VAE] epoch=28 loss=0.00017346 recon=0.00016096 beh=0.000000 w=0.000 lr=5.633e-04 time=0.093s
[RQ-VAE] epoch=29 loss=0.00017343 recon=0.00016017 beh=0.000000 w=0.000 lr=5.833e-04 time=0.102s
[RQ-VAE] epoch=30 loss=0.00017379 recon=0.00015911 beh=0.000000 w=0.000 lr=6.033e-04 time=0.093s
[RQ-VAE] epoch=31 loss=0.00017435 recon=0.00015764 beh=0.000000 w=0.000 lr=6.233e-04 time=0.096s
[RQ-VAE] epoch=32 loss=0.00017421 recon=0.00015583 beh=0.000000 w=0.000 lr=6.433e-04 time=0.092s
[RQ-VAE] epoch=33 loss=0.00017330 recon=0.00015408 beh=0.000000 w=0.000 lr=6.633e-04 time=0.095s
[RQ-VAE] epoch=34 loss=0.00017278 recon=0.00015237 beh=0.000000 w=0.000 lr=6.833e-04 time=0.094s
[RQ-VAE] epoch=35 loss=0.00017342 recon=0.00015103 beh=0.000000 w=0.000 lr=7.033e-04 time=0.221s
[RQ-VAE] epoch=36 loss=0.00017275 recon=0.00014914 beh=0.000000 w=0.000 lr=7.233e-04 time=0.093s
[RQ-VAE] epoch=37 loss=0.00017266 recon=0.00014758 beh=0.000000 w=0.000 lr=7.433e-04 time=0.092s
[RQ-VAE] epoch=38 loss=0.00017244 recon=0.00014635 beh=0.000000 w=0.000 lr=7.633e-04 time=0.093s
[RQ-VAE] epoch=39 loss=0.00017269 recon=0.00014603 beh=0.000000 w=0.000 lr=7.833e-04 time=0.093s
[RQ-VAE] epoch=40 loss=0.00017136 recon=0.00014404 beh=0.000000 w=0.000 lr=8.033e-04 time=0.093s
[RQ-VAE] epoch=41 loss=0.00017130 recon=0.00014299 beh=0.000000 w=0.000 lr=8.233e-04 time=0.1s
[RQ-VAE] epoch=42 loss=0.00017142 recon=0.00014187 beh=0.000000 w=0.000 lr=8.433e-04 time=0.097s
[RQ-VAE] epoch=43 loss=0.00017226 recon=0.00014089 beh=0.000000 w=0.000 lr=8.633e-04 time=0.093s
[RQ-VAE] epoch=44 loss=0.00017248 recon=0.00013978 beh=0.000000 w=0.000 lr=8.833e-04 time=0.093s
[RQ-VAE] epoch=45 loss=0.00017242 recon=0.00013867 beh=0.000000 w=0.000 lr=9.033e-04 time=0.093s
[RQ-VAE] epoch=46 loss=0.00017188 recon=0.00013785 beh=0.000000 w=0.000 lr=9.233e-04 time=0.091s
[RQ-VAE] epoch=47 loss=0.00017153 recon=0.00013689 beh=0.000000 w=0.000 lr=9.433e-04 time=0.093s
[RQ-VAE] epoch=48 loss=0.00017189 recon=0.00013653 beh=0.000000 w=0.000 lr=9.633e-04 time=0.092s
[RQ-VAE] epoch=49 loss=0.00017257 recon=0.00013623 beh=0.000000 w=0.000 lr=9.833e-04 time=0.093s
[RQ-VAE] epoch=50 loss=0.00017234 recon=0.00013515 lr=1.000e-03 raw_unique=18698/24587 collision=0.239517 time=0.094s
[RQ-VAE] epoch=51 loss=0.00017228 recon=0.00013431 beh=0.000000 w=0.000 lr=9.997e-04 time=0.095s
[RQ-VAE] epoch=52 loss=0.00017261 recon=0.00013366 beh=0.000000 w=0.000 lr=9.993e-04 time=0.093s
[RQ-VAE] epoch=53 loss=0.00017286 recon=0.00013291 beh=0.000000 w=0.000 lr=9.990e-04 time=0.092s
[RQ-VAE] epoch=54 loss=0.00017402 recon=0.00013241 beh=0.000000 w=0.000 lr=9.986e-04 time=0.094s
[RQ-VAE] epoch=55 loss=0.00017521 recon=0.00013188 beh=0.000000 w=0.000 lr=9.983e-04 time=0.095s
[RQ-VAE] epoch=56 loss=0.00017540 recon=0.00013105 beh=0.000000 w=0.000 lr=9.980e-04 time=0.093s
[RQ-VAE] epoch=57 loss=0.00017622 recon=0.00013054 beh=0.000000 w=0.000 lr=9.976e-04 time=0.094s
[RQ-VAE] epoch=58 loss=0.00017539 recon=0.00012961 beh=0.000000 w=0.000 lr=9.973e-04 time=0.093s
[RQ-VAE] epoch=59 loss=0.00017546 recon=0.00012880 beh=0.000000 w=0.000 lr=9.969e-04 time=0.093s
[RQ-VAE] epoch=60 loss=0.00017604 recon=0.00012796 beh=0.000000 w=0.000 lr=9.966e-04 time=0.094s
[RQ-VAE] epoch=61 loss=0.00017579 recon=0.00012731 beh=0.000000 w=0.000 lr=9.963e-04 time=0.092s
[RQ-VAE] epoch=62 loss=0.00017671 recon=0.00012674 beh=0.000000 w=0.000 lr=9.959e-04 time=0.093s
[RQ-VAE] epoch=63 loss=0.00017699 recon=0.00012619 beh=0.000000 w=0.000 lr=9.956e-04 time=0.092s
[RQ-VAE] epoch=64 loss=0.00017735 recon=0.00012559 beh=0.000000 w=0.000 lr=9.953e-04 time=0.095s
[RQ-VAE] epoch=65 loss=0.00017852 recon=0.00012502 beh=0.000000 w=0.000 lr=9.949e-04 time=0.094s
[RQ-VAE] epoch=66 loss=0.00017860 recon=0.00012443 beh=0.000000 w=0.000 lr=9.946e-04 time=0.094s
[RQ-VAE] epoch=67 loss=0.00017953 recon=0.00012389 beh=0.000000 w=0.000 lr=9.942e-04 time=0.092s
[RQ-VAE] epoch=68 loss=0.00018025 recon=0.00012331 beh=0.000000 w=0.000 lr=9.939e-04 time=0.092s
[RQ-VAE] epoch=69 loss=0.00018019 recon=0.00012282 beh=0.000000 w=0.000 lr=9.936e-04 time=0.093s
[RQ-VAE] epoch=70 loss=0.00018150 recon=0.00012234 beh=0.000000 w=0.000 lr=9.932e-04 time=0.099s
[RQ-VAE] epoch=71 loss=0.00018187 recon=0.00012172 beh=0.000000 w=0.000 lr=9.929e-04 time=0.098s
[RQ-VAE] epoch=72 loss=0.00018180 recon=0.00012130 beh=0.000000 w=0.000 lr=9.925e-04 time=0.094s
[RQ-VAE] epoch=73 loss=0.00018287 recon=0.00012083 beh=0.000000 w=0.000 lr=9.922e-04 time=0.094s
[RQ-VAE] epoch=74 loss=0.00018341 recon=0.00012056 beh=0.000000 w=0.000 lr=9.919e-04 time=0.092s
[RQ-VAE] epoch=75 loss=0.00018482 recon=0.00012032 beh=0.000000 w=0.000 lr=9.915e-04 time=0.093s
[RQ-VAE] epoch=76 loss=0.00018631 recon=0.00012002 beh=0.000000 w=0.000 lr=9.912e-04 time=0.096s
[RQ-VAE] epoch=77 loss=0.00018572 recon=0.00011962 beh=0.000000 w=0.000 lr=9.908e-04 time=0.094s
[RQ-VAE] epoch=78 loss=0.00018606 recon=0.00011919 beh=0.000000 w=0.000 lr=9.905e-04 time=0.093s
[RQ-VAE] epoch=79 loss=0.00018774 recon=0.00011871 beh=0.000000 w=0.000 lr=9.902e-04 time=0.093s
[RQ-VAE] epoch=80 loss=0.00018828 recon=0.00011831 beh=0.000000 w=0.000 lr=9.898e-04 time=0.094s
[RQ-VAE] epoch=81 loss=0.00018824 recon=0.00011789 beh=0.000000 w=0.000 lr=9.895e-04 time=0.092s
[RQ-VAE] epoch=82 loss=0.00018932 recon=0.00011746 beh=0.000000 w=0.000 lr=9.892e-04 time=0.093s
[RQ-VAE] epoch=83 loss=0.00018976 recon=0.00011711 beh=0.000000 w=0.000 lr=9.888e-04 time=0.094s
[RQ-VAE] epoch=84 loss=0.00018998 recon=0.00011676 beh=0.000000 w=0.000 lr=9.885e-04 time=0.093s
[RQ-VAE] epoch=85 loss=0.00019040 recon=0.00011636 beh=0.000000 w=0.000 lr=9.881e-04 time=0.097s
[RQ-VAE] epoch=86 loss=0.00019075 recon=0.00011597 beh=0.000000 w=0.000 lr=9.878e-04 time=0.093s
[RQ-VAE] epoch=87 loss=0.00019110 recon=0.00011568 beh=0.000000 w=0.000 lr=9.875e-04 time=0.093s
[RQ-VAE] epoch=88 loss=0.00019075 recon=0.00011535 beh=0.000000 w=0.000 lr=9.871e-04 time=0.092s
[RQ-VAE] epoch=89 loss=0.00019154 recon=0.00011514 beh=0.000000 w=0.000 lr=9.868e-04 time=0.093s
[RQ-VAE] epoch=90 loss=0.00019192 recon=0.00011495 beh=0.000000 w=0.000 lr=9.864e-04 time=0.092s
[RQ-VAE] epoch=91 loss=0.00019360 recon=0.00011465 beh=0.000000 w=0.000 lr=9.861e-04 time=0.092s
[RQ-VAE] epoch=92 loss=0.00019255 recon=0.00011419 beh=0.000000 w=0.000 lr=9.858e-04 time=0.22s
[RQ-VAE] epoch=93 loss=0.00019249 recon=0.00011372 beh=0.000000 w=0.000 lr=9.854e-04 time=0.094s
[RQ-VAE] epoch=94 loss=0.00019387 recon=0.00011333 beh=0.000000 w=0.000 lr=9.851e-04 time=0.094s
[RQ-VAE] epoch=95 loss=0.00019402 recon=0.00011304 beh=0.000000 w=0.000 lr=9.847e-04 time=0.098s
[RQ-VAE] epoch=96 loss=0.00019445 recon=0.00011286 beh=0.000000 w=0.000 lr=9.844e-04 time=0.094s
[RQ-VAE] epoch=97 loss=0.00019594 recon=0.00011254 beh=0.000000 w=0.000 lr=9.841e-04 time=0.093s
[RQ-VAE] epoch=98 loss=0.00019680 recon=0.00011243 beh=0.000000 w=0.000 lr=9.837e-04 time=0.092s
[RQ-VAE] epoch=99 loss=0.00019703 recon=0.00011218 beh=0.000000 w=0.000 lr=9.834e-04 time=0.095s
[RQ-VAE] epoch=100 loss=0.00019784 recon=0.00011194 lr=9.831e-04 raw_unique=20943/24587 collision=0.148208 time=0.094s
[RQ-VAE] epoch=101 loss=0.00019875 recon=0.00011175 beh=0.000000 w=0.000 lr=9.827e-04 time=0.093s
[RQ-VAE] epoch=102 loss=0.00019873 recon=0.00011148 beh=0.000000 w=0.000 lr=9.824e-04 time=0.092s
[RQ-VAE] epoch=103 loss=0.00019976 recon=0.00011119 beh=0.000000 w=0.000 lr=9.820e-04 time=0.093s
[RQ-VAE] epoch=104 loss=0.00020117 recon=0.00011100 beh=0.000000 w=0.000 lr=9.817e-04 time=0.093s
[RQ-VAE] epoch=105 loss=0.00020126 recon=0.00011079 beh=0.000000 w=0.000 lr=9.814e-04 time=0.093s
[RQ-VAE] epoch=106 loss=0.00020180 recon=0.00011052 beh=0.000000 w=0.000 lr=9.810e-04 time=0.093s
[RQ-VAE] epoch=107 loss=0.00020274 recon=0.00011038 beh=0.000000 w=0.000 lr=9.807e-04 time=0.096s
[RQ-VAE] epoch=108 loss=0.00020359 recon=0.00011019 beh=0.000000 w=0.000 lr=9.803e-04 time=0.093s
[RQ-VAE] epoch=109 loss=0.00020396 recon=0.00010986 beh=0.000000 w=0.000 lr=9.800e-04 time=0.095s
[RQ-VAE] epoch=110 loss=0.00020327 recon=0.00010952 beh=0.000000 w=0.000 lr=9.797e-04 time=0.093s
[RQ-VAE] epoch=111 loss=0.00020517 recon=0.00010932 beh=0.000000 w=0.000 lr=9.793e-04 time=0.094s
[RQ-VAE] epoch=112 loss=0.00020509 recon=0.00010916 beh=0.000000 w=0.000 lr=9.790e-04 time=0.096s
[RQ-VAE] epoch=113 loss=0.00020552 recon=0.00010889 beh=0.000000 w=0.000 lr=9.786e-04 time=0.094s
[RQ-VAE] epoch=114 loss=0.00020572 recon=0.00010861 beh=0.000000 w=0.000 lr=9.783e-04 time=0.093s
[RQ-VAE] epoch=115 loss=0.00020616 recon=0.00010851 beh=0.000000 w=0.000 lr=9.780e-04 time=0.092s
[RQ-VAE] epoch=116 loss=0.00020777 recon=0.00010823 beh=0.000000 w=0.000 lr=9.776e-04 time=0.094s
[RQ-VAE] epoch=117 loss=0.00020915 recon=0.00010806 beh=0.000000 w=0.000 lr=9.773e-04 time=0.093s
[RQ-VAE] epoch=118 loss=0.00020920 recon=0.00010785 beh=0.000000 w=0.000 lr=9.769e-04 time=0.094s
[RQ-VAE] epoch=119 loss=0.00020984 recon=0.00010767 beh=0.000000 w=0.000 lr=9.766e-04 time=0.094s
[RQ-VAE] epoch=120 loss=0.00021011 recon=0.00010752 beh=0.000000 w=0.000 lr=9.763e-04 time=0.094s
[RQ-VAE] epoch=121 loss=0.00021152 recon=0.00010740 beh=0.000000 w=0.000 lr=9.759e-04 time=0.221s
[RQ-VAE] epoch=122 loss=0.00021176 recon=0.00010715 beh=0.000000 w=0.000 lr=9.756e-04 time=0.094s
[RQ-VAE] epoch=123 loss=0.00021296 recon=0.00010698 beh=0.000000 w=0.000 lr=9.753e-04 time=0.097s
[RQ-VAE] epoch=124 loss=0.00021294 recon=0.00010685 beh=0.000000 w=0.000 lr=9.749e-04 time=0.094s
[RQ-VAE] epoch=125 loss=0.00021430 recon=0.00010668 beh=0.000000 w=0.000 lr=9.746e-04 time=0.093s
[RQ-VAE] epoch=126 loss=0.00021455 recon=0.00010643 beh=0.000000 w=0.000 lr=9.742e-04 time=0.095s
[RQ-VAE] epoch=127 loss=0.00021560 recon=0.00010655 beh=0.000000 w=0.000 lr=9.739e-04 time=0.094s
[RQ-VAE] epoch=128 loss=0.00021593 recon=0.00010625 beh=0.000000 w=0.000 lr=9.736e-04 time=0.093s
[RQ-VAE] epoch=129 loss=0.00021630 recon=0.00010583 beh=0.000000 w=0.000 lr=9.732e-04 time=0.098s
[RQ-VAE] epoch=130 loss=0.00021653 recon=0.00010575 beh=0.000000 w=0.000 lr=9.729e-04 time=0.093s
[RQ-VAE] epoch=131 loss=0.00021743 recon=0.00010552 beh=0.000000 w=0.000 lr=9.725e-04 time=0.094s
[RQ-VAE] epoch=132 loss=0.00021937 recon=0.00010533 beh=0.000000 w=0.000 lr=9.722e-04 time=0.096s
[RQ-VAE] epoch=133 loss=0.00021934 recon=0.00010512 beh=0.000000 w=0.000 lr=9.719e-04 time=0.094s
[RQ-VAE] epoch=134 loss=0.00022001 recon=0.00010505 beh=0.000000 w=0.000 lr=9.715e-04 time=0.093s
[RQ-VAE] epoch=135 loss=0.00022164 recon=0.00010487 beh=0.000000 w=0.000 lr=9.712e-04 time=0.092s
[RQ-VAE] epoch=136 loss=0.00022112 recon=0.00010471 beh=0.000000 w=0.000 lr=9.708e-04 time=0.096s
[RQ-VAE] epoch=137 loss=0.00022235 recon=0.00010459 beh=0.000000 w=0.000 lr=9.705e-04 time=0.093s
[RQ-VAE] epoch=138 loss=0.00022329 recon=0.00010440 beh=0.000000 w=0.000 lr=9.702e-04 time=0.094s
[RQ-VAE] epoch=139 loss=0.00022383 recon=0.00010424 beh=0.000000 w=0.000 lr=9.698e-04 time=0.093s
[RQ-VAE] epoch=140 loss=0.00022479 recon=0.00010402 beh=0.000000 w=0.000 lr=9.695e-04 time=0.093s
[RQ-VAE] epoch=141 loss=0.00022655 recon=0.00010393 beh=0.000000 w=0.000 lr=9.692e-04 time=0.217s
[RQ-VAE] epoch=142 loss=0.00022577 recon=0.00010356 beh=0.000000 w=0.000 lr=9.688e-04 time=0.092s
[RQ-VAE] epoch=143 loss=0.00022527 recon=0.00010337 beh=0.000000 w=0.000 lr=9.685e-04 time=0.094s
[RQ-VAE] epoch=144 loss=0.00022581 recon=0.00010332 beh=0.000000 w=0.000 lr=9.681e-04 time=0.093s
[RQ-VAE] epoch=145 loss=0.00022826 recon=0.00010318 beh=0.000000 w=0.000 lr=9.678e-04 time=0.093s
[RQ-VAE] epoch=146 loss=0.00022721 recon=0.00010283 beh=0.000000 w=0.000 lr=9.675e-04 time=0.094s
[RQ-VAE] epoch=147 loss=0.00022942 recon=0.00010292 beh=0.000000 w=0.000 lr=9.671e-04 time=0.093s
[RQ-VAE] epoch=148 loss=0.00023117 recon=0.00010281 beh=0.000000 w=0.000 lr=9.668e-04 time=0.094s
[RQ-VAE] epoch=149 loss=0.00023031 recon=0.00010262 beh=0.000000 w=0.000 lr=9.664e-04 time=0.093s
[RQ-VAE] epoch=150 loss=0.00022975 recon=0.00010247 lr=9.661e-04 raw_unique=21219/24587 collision=0.136983 time=0.093s
[RQ-VAE] epoch=151 loss=0.00023200 recon=0.00010237 beh=0.000000 w=0.000 lr=9.658e-04 time=0.093s
[RQ-VAE] epoch=152 loss=0.00023282 recon=0.00010220 beh=0.000000 w=0.000 lr=9.654e-04 time=0.094s
[RQ-VAE] epoch=153 loss=0.00023196 recon=0.00010196 beh=0.000000 w=0.000 lr=9.651e-04 time=0.097s
[RQ-VAE] epoch=154 loss=0.00023322 recon=0.00010173 beh=0.000000 w=0.000 lr=9.647e-04 time=0.095s
[RQ-VAE] epoch=155 loss=0.00023402 recon=0.00010161 beh=0.000000 w=0.000 lr=9.644e-04 time=0.093s
[RQ-VAE] epoch=156 loss=0.00023432 recon=0.00010137 beh=0.000000 w=0.000 lr=9.641e-04 time=0.215s
[RQ-VAE] epoch=157 loss=0.00023480 recon=0.00010128 beh=0.000000 w=0.000 lr=9.637e-04 time=0.093s
[RQ-VAE] epoch=158 loss=0.00023501 recon=0.00010113 beh=0.000000 w=0.000 lr=9.634e-04 time=0.093s
[RQ-VAE] epoch=159 loss=0.00023543 recon=0.00010089 beh=0.000000 w=0.000 lr=9.631e-04 time=0.093s
[RQ-VAE] epoch=160 loss=0.00023576 recon=0.00010077 beh=0.000000 w=0.000 lr=9.627e-04 time=0.092s
[RQ-VAE] epoch=161 loss=0.00023722 recon=0.00010063 beh=0.000000 w=0.000 lr=9.624e-04 time=0.101s
[RQ-VAE] epoch=162 loss=0.00023703 recon=0.00010052 beh=0.000000 w=0.000 lr=9.620e-04 time=0.1s
[RQ-VAE] epoch=163 loss=0.00023778 recon=0.00010047 beh=0.000000 w=0.000 lr=9.617e-04 time=0.094s
[RQ-VAE] epoch=164 loss=0.00023822 recon=0.00010034 beh=0.000000 w=0.000 lr=9.614e-04 time=0.095s
[RQ-VAE] epoch=165 loss=0.00023908 recon=0.00010016 beh=0.000000 w=0.000 lr=9.610e-04 time=0.096s
[RQ-VAE] epoch=166 loss=0.00023846 recon=0.00010007 beh=0.000000 w=0.000 lr=9.607e-04 time=0.094s
[RQ-VAE] epoch=167 loss=0.00023920 recon=0.00009991 beh=0.000000 w=0.000 lr=9.603e-04 time=0.094s
[RQ-VAE] epoch=168 loss=0.00024101 recon=0.00009991 beh=0.000000 w=0.000 lr=9.600e-04 time=0.095s
[RQ-VAE] epoch=169 loss=0.00024024 recon=0.00009968 beh=0.000000 w=0.000 lr=9.597e-04 time=0.099s
[RQ-VAE] epoch=170 loss=0.00024008 recon=0.00009947 beh=0.000000 w=0.000 lr=9.593e-04 time=0.093s
[RQ-VAE] epoch=171 loss=0.00024097 recon=0.00009933 beh=0.000000 w=0.000 lr=9.590e-04 time=0.093s
[RQ-VAE] epoch=172 loss=0.00024142 recon=0.00009922 beh=0.000000 w=0.000 lr=9.586e-04 time=0.092s
[RQ-VAE] epoch=173 loss=0.00024301 recon=0.00009912 beh=0.000000 w=0.000 lr=9.583e-04 time=0.094s
[RQ-VAE] epoch=174 loss=0.00024251 recon=0.00009905 beh=0.000000 w=0.000 lr=9.580e-04 time=0.093s
[RQ-VAE] epoch=175 loss=0.00024284 recon=0.00009880 beh=0.000000 w=0.000 lr=9.576e-04 time=0.095s
[RQ-VAE] epoch=176 loss=0.00024414 recon=0.00009863 beh=0.000000 w=0.000 lr=9.573e-04 time=0.093s
[RQ-VAE] epoch=177 loss=0.00024298 recon=0.00009862 beh=0.000000 w=0.000 lr=9.569e-04 time=0.093s
[RQ-VAE] epoch=178 loss=0.00024405 recon=0.00009838 beh=0.000000 w=0.000 lr=9.566e-04 time=0.093s
[RQ-VAE] epoch=179 loss=0.00024385 recon=0.00009823 beh=0.000000 w=0.000 lr=9.563e-04 time=0.094s
[RQ-VAE] epoch=180 loss=0.00024452 recon=0.00009823 beh=0.000000 w=0.000 lr=9.559e-04 time=0.094s
[RQ-VAE] epoch=181 loss=0.00024451 recon=0.00009802 beh=0.000000 w=0.000 lr=9.556e-04 time=0.093s
[RQ-VAE] epoch=182 loss=0.00024491 recon=0.00009794 beh=0.000000 w=0.000 lr=9.553e-04 time=0.093s
[RQ-VAE] epoch=183 loss=0.00024497 recon=0.00009775 beh=0.000000 w=0.000 lr=9.549e-04 time=0.092s
[RQ-VAE] epoch=184 loss=0.00024424 recon=0.00009760 beh=0.000000 w=0.000 lr=9.546e-04 time=0.094s
[RQ-VAE] epoch=185 loss=0.00024550 recon=0.00009749 beh=0.000000 w=0.000 lr=9.542e-04 time=0.092s
[RQ-VAE] epoch=186 loss=0.00024633 recon=0.00009735 beh=0.000000 w=0.000 lr=9.539e-04 time=0.095s
[RQ-VAE] epoch=187 loss=0.00024686 recon=0.00009722 beh=0.000000 w=0.000 lr=9.536e-04 time=0.093s
[RQ-VAE] epoch=188 loss=0.00024659 recon=0.00009734 beh=0.000000 w=0.000 lr=9.532e-04 time=0.092s
[RQ-VAE] epoch=189 loss=0.00024774 recon=0.00009719 beh=0.000000 w=0.000 lr=9.529e-04 time=0.094s
[RQ-VAE] epoch=190 loss=0.00024785 recon=0.00009704 beh=0.000000 w=0.000 lr=9.525e-04 time=0.094s
[RQ-VAE] epoch=191 loss=0.00024871 recon=0.00009693 beh=0.000000 w=0.000 lr=9.522e-04 time=0.094s
[RQ-VAE] epoch=192 loss=0.00024727 recon=0.00009669 beh=0.000000 w=0.000 lr=9.519e-04 time=0.093s
[RQ-VAE] epoch=193 loss=0.00024657 recon=0.00009658 beh=0.000000 w=0.000 lr=9.515e-04 time=0.092s
[RQ-VAE] epoch=194 loss=0.00024825 recon=0.00009648 beh=0.000000 w=0.000 lr=9.512e-04 time=0.093s
[RQ-VAE] epoch=195 loss=0.00024825 recon=0.00009654 beh=0.000000 w=0.000 lr=9.508e-04 time=0.092s
[RQ-VAE] epoch=196 loss=0.00024864 recon=0.00009639 beh=0.000000 w=0.000 lr=9.505e-04 time=0.093s
[RQ-VAE] epoch=197 loss=0.00024969 recon=0.00009624 beh=0.000000 w=0.000 lr=9.502e-04 time=0.096s
[RQ-VAE] epoch=198 loss=0.00024951 recon=0.00009612 beh=0.000000 w=0.000 lr=9.498e-04 time=0.094s
[RQ-VAE] epoch=199 loss=0.00024924 recon=0.00009607 beh=0.000000 w=0.000 lr=9.495e-04 time=0.095s
[RQ-VAE] epoch=200 loss=0.00025036 recon=0.00009604 lr=9.492e-04 raw_unique=21226/24587 collision=0.136698 time=0.093s
[RQ-VAE] epoch=201 loss=0.00025148 recon=0.00009590 beh=0.000000 w=0.000 lr=9.488e-04 time=0.093s
[RQ-VAE] epoch=202 loss=0.00025129 recon=0.00009585 beh=0.000000 w=0.000 lr=9.485e-04 time=0.092s
[RQ-VAE] epoch=203 loss=0.00025111 recon=0.00009575 beh=0.000000 w=0.000 lr=9.481e-04 time=0.094s
[RQ-VAE] epoch=204 loss=0.00025159 recon=0.00009557 beh=0.000000 w=0.000 lr=9.478e-04 time=0.092s
[RQ-VAE] epoch=205 loss=0.00025186 recon=0.00009557 beh=0.000000 w=0.000 lr=9.475e-04 time=0.093s
[RQ-VAE] epoch=206 loss=0.00025221 recon=0.00009558 beh=0.000000 w=0.000 lr=9.471e-04 time=0.095s
[RQ-VAE] epoch=207 loss=0.00025396 recon=0.00009550 beh=0.000000 w=0.000 lr=9.468e-04 time=0.092s
[RQ-VAE] epoch=208 loss=0.00025317 recon=0.00009524 beh=0.000000 w=0.000 lr=9.464e-04 time=0.092s
[RQ-VAE] epoch=209 loss=0.00025197 recon=0.00009514 beh=0.000000 w=0.000 lr=9.461e-04 time=0.093s
[RQ-VAE] epoch=210 loss=0.00025395 recon=0.00009514 beh=0.000000 w=0.000 lr=9.458e-04 time=0.093s
[RQ-VAE] epoch=211 loss=0.00025438 recon=0.00009515 beh=0.000000 w=0.000 lr=9.454e-04 time=0.093s
[RQ-VAE] epoch=212 loss=0.00025580 recon=0.00009516 beh=0.000000 w=0.000 lr=9.451e-04 time=0.093s
[RQ-VAE] epoch=213 loss=0.00025522 recon=0.00009485 beh=0.000000 w=0.000 lr=9.447e-04 time=0.221s
[RQ-VAE] epoch=214 loss=0.00025595 recon=0.00009485 beh=0.000000 w=0.000 lr=9.444e-04 time=0.093s
[RQ-VAE] epoch=215 loss=0.00025512 recon=0.00009472 beh=0.000000 w=0.000 lr=9.441e-04 time=0.097s
[RQ-VAE] epoch=216 loss=0.00025543 recon=0.00009465 beh=0.000000 w=0.000 lr=9.437e-04 time=0.099s
[RQ-VAE] epoch=217 loss=0.00025559 recon=0.00009463 beh=0.000000 w=0.000 lr=9.434e-04 time=0.097s
[RQ-VAE] epoch=218 loss=0.00025564 recon=0.00009451 beh=0.000000 w=0.000 lr=9.431e-04 time=0.094s
[RQ-VAE] epoch=219 loss=0.00025732 recon=0.00009434 beh=0.000000 w=0.000 lr=9.427e-04 time=0.093s
[RQ-VAE] epoch=220 loss=0.00025936 recon=0.00009424 beh=0.000000 w=0.000 lr=9.424e-04 time=0.093s
[RQ-VAE] epoch=221 loss=0.00025939 recon=0.00009427 beh=0.000000 w=0.000 lr=9.420e-04 time=0.103s
[RQ-VAE] epoch=222 loss=0.00025670 recon=0.00009405 beh=0.000000 w=0.000 lr=9.417e-04 time=0.099s
[RQ-VAE] epoch=223 loss=0.00025846 recon=0.00009422 beh=0.000000 w=0.000 lr=9.414e-04 time=0.097s
[RQ-VAE] epoch=224 loss=0.00025870 recon=0.00009411 beh=0.000000 w=0.000 lr=9.410e-04 time=0.093s
[RQ-VAE] epoch=225 loss=0.00025843 recon=0.00009400 beh=0.000000 w=0.000 lr=9.407e-04 time=0.1s
[RQ-VAE] epoch=226 loss=0.00025941 recon=0.00009397 beh=0.000000 w=0.000 lr=9.403e-04 time=0.098s
[RQ-VAE] epoch=227 loss=0.00026058 recon=0.00009378 beh=0.000000 w=0.000 lr=9.400e-04 time=0.093s
[RQ-VAE] epoch=228 loss=0.00026113 recon=0.00009384 beh=0.000000 w=0.000 lr=9.397e-04 time=0.092s
[RQ-VAE] epoch=229 loss=0.00026159 recon=0.00009379 beh=0.000000 w=0.000 lr=9.393e-04 time=0.094s
[RQ-VAE] epoch=230 loss=0.00026044 recon=0.00009358 beh=0.000000 w=0.000 lr=9.390e-04 time=0.1s
[RQ-VAE] epoch=231 loss=0.00026018 recon=0.00009353 beh=0.000000 w=0.000 lr=9.386e-04 time=0.093s
[RQ-VAE] epoch=232 loss=0.00026051 recon=0.00009335 beh=0.000000 w=0.000 lr=9.383e-04 time=0.093s
[RQ-VAE] epoch=233 loss=0.00026077 recon=0.00009334 beh=0.000000 w=0.000 lr=9.380e-04 time=0.095s
[RQ-VAE] epoch=234 loss=0.00026027 recon=0.00009342 beh=0.000000 w=0.000 lr=9.376e-04 time=0.097s
[RQ-VAE] epoch=235 loss=0.00026306 recon=0.00009341 beh=0.000000 w=0.000 lr=9.373e-04 time=0.092s
[RQ-VAE] epoch=236 loss=0.00026371 recon=0.00009333 beh=0.000000 w=0.000 lr=9.369e-04 time=0.093s
[RQ-VAE] epoch=237 loss=0.00026127 recon=0.00009330 beh=0.000000 w=0.000 lr=9.366e-04 time=0.094s
[RQ-VAE] epoch=238 loss=0.00026224 recon=0.00009312 beh=0.000000 w=0.000 lr=9.363e-04 time=0.093s
[RQ-VAE] epoch=239 loss=0.00026292 recon=0.00009295 beh=0.000000 w=0.000 lr=9.359e-04 time=0.092s
[RQ-VAE] epoch=240 loss=0.00026373 recon=0.00009288 beh=0.000000 w=0.000 lr=9.356e-04 time=0.093s
[RQ-VAE] epoch=241 loss=0.00026462 recon=0.00009283 beh=0.000000 w=0.000 lr=9.353e-04 time=0.094s
[RQ-VAE] epoch=242 loss=0.00026399 recon=0.00009282 beh=0.000000 w=0.000 lr=9.349e-04 time=0.24s
[RQ-VAE] epoch=243 loss=0.00026427 recon=0.00009283 beh=0.000000 w=0.000 lr=9.346e-04 time=0.098s
[RQ-VAE] epoch=244 loss=0.00026617 recon=0.00009276 beh=0.000000 w=0.000 lr=9.342e-04 time=0.092s
[RQ-VAE] epoch=245 loss=0.00026620 recon=0.00009270 beh=0.000000 w=0.000 lr=9.339e-04 time=0.093s
[RQ-VAE] epoch=246 loss=0.00026493 recon=0.00009251 beh=0.000000 w=0.000 lr=9.336e-04 time=0.092s
[RQ-VAE] epoch=247 loss=0.00026474 recon=0.00009245 beh=0.000000 w=0.000 lr=9.332e-04 time=0.092s
[RQ-VAE] epoch=248 loss=0.00026482 recon=0.00009241 beh=0.000000 w=0.000 lr=9.329e-04 time=0.095s
[RQ-VAE] epoch=249 loss=0.00026493 recon=0.00009242 beh=0.000000 w=0.000 lr=9.325e-04 time=0.093s
[RQ-VAE] epoch=250 loss=0.00026567 recon=0.00009225 lr=9.322e-04 raw_unique=21165/24587 collision=0.139179 time=0.097s
[RQ-VAE] epoch=251 loss=0.00026480 recon=0.00009214 beh=0.000000 w=0.000 lr=9.319e-04 time=0.094s
[RQ-VAE] epoch=252 loss=0.00026581 recon=0.00009203 beh=0.000000 w=0.000 lr=9.315e-04 time=0.095s
[RQ-VAE] epoch=253 loss=0.00026596 recon=0.00009210 beh=0.000000 w=0.000 lr=9.312e-04 time=0.092s
[RQ-VAE] epoch=254 loss=0.00026657 recon=0.00009209 beh=0.000000 w=0.000 lr=9.308e-04 time=0.092s
[RQ-VAE] epoch=255 loss=0.00026669 recon=0.00009211 beh=0.000000 w=0.000 lr=9.305e-04 time=0.092s
[RQ-VAE] epoch=256 loss=0.00026731 recon=0.00009195 beh=0.000000 w=0.000 lr=9.302e-04 time=0.095s
[RQ-VAE] epoch=257 loss=0.00026655 recon=0.00009185 beh=0.000000 w=0.000 lr=9.298e-04 time=0.092s
[RQ-VAE] epoch=258 loss=0.00026772 recon=0.00009185 beh=0.000000 w=0.000 lr=9.295e-04 time=0.091s
[RQ-VAE] epoch=259 loss=0.00026817 recon=0.00009175 beh=0.000000 w=0.000 lr=9.292e-04 time=0.092s
[RQ-VAE] epoch=260 loss=0.00026737 recon=0.00009168 beh=0.000000 w=0.000 lr=9.288e-04 time=0.092s
[RQ-VAE] epoch=261 loss=0.00026824 recon=0.00009159 beh=0.000000 w=0.000 lr=9.285e-04 time=0.211s
[RQ-VAE] epoch=262 loss=0.00026934 recon=0.00009158 beh=0.000000 w=0.000 lr=9.281e-04 time=0.092s
[RQ-VAE] epoch=263 loss=0.00026791 recon=0.00009142 beh=0.000000 w=0.000 lr=9.278e-04 time=0.092s
[RQ-VAE] epoch=264 loss=0.00026885 recon=0.00009139 beh=0.000000 w=0.000 lr=9.275e-04 time=0.092s
[RQ-VAE] epoch=265 loss=0.00026931 recon=0.00009127 beh=0.000000 w=0.000 lr=9.271e-04 time=0.097s
[RQ-VAE] epoch=266 loss=0.00026977 recon=0.00009129 beh=0.000000 w=0.000 lr=9.268e-04 time=0.091s
[RQ-VAE] epoch=267 loss=0.00026918 recon=0.00009120 beh=0.000000 w=0.000 lr=9.264e-04 time=0.093s
[RQ-VAE] epoch=268 loss=0.00026954 recon=0.00009101 beh=0.000000 w=0.000 lr=9.261e-04 time=0.092s
[RQ-VAE] epoch=269 loss=0.00026943 recon=0.00009113 beh=0.000000 w=0.000 lr=9.258e-04 time=0.092s
[RQ-VAE] epoch=270 loss=0.00027062 recon=0.00009111 beh=0.000000 w=0.000 lr=9.254e-04 time=0.091s
[RQ-VAE] epoch=271 loss=0.00027117 recon=0.00009106 beh=0.000000 w=0.000 lr=9.251e-04 time=0.094s
[RQ-VAE] epoch=272 loss=0.00027150 recon=0.00009097 beh=0.000000 w=0.000 lr=9.247e-04 time=0.092s
[RQ-VAE] epoch=273 loss=0.00026965 recon=0.00009089 beh=0.000000 w=0.000 lr=9.244e-04 time=0.092s
[RQ-VAE] epoch=274 loss=0.00027124 recon=0.00009089 beh=0.000000 w=0.000 lr=9.241e-04 time=0.092s
[RQ-VAE] epoch=275 loss=0.00027150 recon=0.00009070 beh=0.000000 w=0.000 lr=9.237e-04 time=0.092s
[RQ-VAE] epoch=276 loss=0.00027108 recon=0.00009073 beh=0.000000 w=0.000 lr=9.234e-04 time=0.215s
[RQ-VAE] epoch=277 loss=0.00027114 recon=0.00009069 beh=0.000000 w=0.000 lr=9.231e-04 time=0.092s
[RQ-VAE] epoch=278 loss=0.00027153 recon=0.00009061 beh=0.000000 w=0.000 lr=9.227e-04 time=0.093s
[RQ-VAE] epoch=279 loss=0.00027188 recon=0.00009068 beh=0.000000 w=0.000 lr=9.224e-04 time=0.092s
[RQ-VAE] epoch=280 loss=0.00027286 recon=0.00009054 beh=0.000000 w=0.000 lr=9.220e-04 time=0.091s
[RQ-VAE] epoch=281 loss=0.00027216 recon=0.00009047 beh=0.000000 w=0.000 lr=9.217e-04 time=0.092s
[RQ-VAE] epoch=282 loss=0.00027160 recon=0.00009035 beh=0.000000 w=0.000 lr=9.214e-04 time=0.096s
[RQ-VAE] epoch=283 loss=0.00027284 recon=0.00009037 beh=0.000000 w=0.000 lr=9.210e-04 time=0.092s
[RQ-VAE] epoch=284 loss=0.00027265 recon=0.00009021 beh=0.000000 w=0.000 lr=9.207e-04 time=0.092s
[RQ-VAE] epoch=285 loss=0.00027312 recon=0.00009029 beh=0.000000 w=0.000 lr=9.203e-04 time=0.092s
[RQ-VAE] epoch=286 loss=0.00027269 recon=0.00009012 beh=0.000000 w=0.000 lr=9.200e-04 time=0.092s
[RQ-VAE] epoch=287 loss=0.00027378 recon=0.00009001 beh=0.000000 w=0.000 lr=9.197e-04 time=0.092s
[RQ-VAE] epoch=288 loss=0.00027507 recon=0.00009001 beh=0.000000 w=0.000 lr=9.193e-04 time=0.096s
[RQ-VAE] epoch=289 loss=0.00027710 recon=0.00009012 beh=0.000000 w=0.000 lr=9.190e-04 time=0.092s
[RQ-VAE] epoch=290 loss=0.00027562 recon=0.00008991 beh=0.000000 w=0.000 lr=9.186e-04 time=0.091s
[RQ-VAE] epoch=291 loss=0.00027438 recon=0.00008991 beh=0.000000 w=0.000 lr=9.183e-04 time=0.092s
[RQ-VAE] epoch=292 loss=0.00027512 recon=0.00008992 beh=0.000000 w=0.000 lr=9.180e-04 time=0.092s
[RQ-VAE] epoch=293 loss=0.00027711 recon=0.00008991 beh=0.000000 w=0.000 lr=9.176e-04 time=0.092s
[RQ-VAE] epoch=294 loss=0.00027589 recon=0.00008978 beh=0.000000 w=0.000 lr=9.173e-04 time=0.092s
[RQ-VAE] epoch=295 loss=0.00027606 recon=0.00008984 beh=0.000000 w=0.000 lr=9.169e-04 time=0.092s
[RQ-VAE] epoch=296 loss=0.00027687 recon=0.00008960 beh=0.000000 w=0.000 lr=9.166e-04 time=0.093s
[RQ-VAE] epoch=297 loss=0.00027669 recon=0.00008965 beh=0.000000 w=0.000 lr=9.163e-04 time=0.093s
[RQ-VAE] epoch=298 loss=0.00027622 recon=0.00008976 beh=0.000000 w=0.000 lr=9.159e-04 time=0.092s
[RQ-VAE] epoch=299 loss=0.00027748 recon=0.00008966 beh=0.000000 w=0.000 lr=9.156e-04 time=0.092s
[RQ-VAE] epoch=300 loss=0.00027881 recon=0.00008957 lr=9.153e-04 raw_unique=20935/24587 collision=0.148534 time=0.092s
[RQ-VAE] epoch=301 loss=0.00027805 recon=0.00008948 beh=0.000000 w=0.000 lr=9.149e-04 time=0.093s
[RQ-VAE] epoch=302 loss=0.00027810 recon=0.00008936 beh=0.000000 w=0.000 lr=9.146e-04 time=0.093s
[RQ-VAE] epoch=303 loss=0.00027839 recon=0.00008930 beh=0.000000 w=0.000 lr=9.142e-04 time=0.092s
[RQ-VAE] epoch=304 loss=0.00027772 recon=0.00008930 beh=0.000000 w=0.000 lr=9.139e-04 time=0.092s
[RQ-VAE] epoch=305 loss=0.00027738 recon=0.00008918 beh=0.000000 w=0.000 lr=9.136e-04 time=0.092s
[RQ-VAE] epoch=306 loss=0.00027828 recon=0.00008914 beh=0.000000 w=0.000 lr=9.132e-04 time=0.095s
[RQ-VAE] epoch=307 loss=0.00027962 recon=0.00008924 beh=0.000000 w=0.000 lr=9.129e-04 time=0.092s
[RQ-VAE] epoch=308 loss=0.00027931 recon=0.00008946 beh=0.000000 w=0.000 lr=9.125e-04 time=0.096s
[RQ-VAE] epoch=309 loss=0.00027814 recon=0.00008915 beh=0.000000 w=0.000 lr=9.122e-04 time=0.092s
[RQ-VAE] epoch=310 loss=0.00028085 recon=0.00008940 beh=0.000000 w=0.000 lr=9.119e-04 time=0.091s
[RQ-VAE] epoch=311 loss=0.00028015 recon=0.00008902 beh=0.000000 w=0.000 lr=9.115e-04 time=0.092s
[RQ-VAE] epoch=312 loss=0.00027983 recon=0.00008900 beh=0.000000 w=0.000 lr=9.112e-04 time=0.092s
[RQ-VAE] epoch=313 loss=0.00028037 recon=0.00008883 beh=0.000000 w=0.000 lr=9.108e-04 time=0.092s
[RQ-VAE] epoch=314 loss=0.00028034 recon=0.00008889 beh=0.000000 w=0.000 lr=9.105e-04 time=0.091s
[RQ-VAE] epoch=315 loss=0.00027918 recon=0.00008874 beh=0.000000 w=0.000 lr=9.102e-04 time=0.091s
[RQ-VAE] epoch=316 loss=0.00028047 recon=0.00008870 beh=0.000000 w=0.000 lr=9.098e-04 time=0.092s
[RQ-VAE] epoch=317 loss=0.00028064 recon=0.00008874 beh=0.000000 w=0.000 lr=9.095e-04 time=0.092s
[RQ-VAE] epoch=318 loss=0.00028048 recon=0.00008860 beh=0.000000 w=0.000 lr=9.092e-04 time=0.092s
[RQ-VAE] epoch=319 loss=0.00027971 recon=0.00008857 beh=0.000000 w=0.000 lr=9.088e-04 time=0.093s
[RQ-VAE] epoch=320 loss=0.00027897 recon=0.00008845 beh=0.000000 w=0.000 lr=9.085e-04 time=0.092s
[RQ-VAE] epoch=321 loss=0.00028069 recon=0.00008861 beh=0.000000 w=0.000 lr=9.081e-04 time=0.092s
[RQ-VAE] epoch=322 loss=0.00028010 recon=0.00008862 beh=0.000000 w=0.000 lr=9.078e-04 time=0.093s
[RQ-VAE] epoch=323 loss=0.00028205 recon=0.00008858 beh=0.000000 w=0.000 lr=9.075e-04 time=0.092s
[RQ-VAE] epoch=324 loss=0.00028094 recon=0.00008840 beh=0.000000 w=0.000 lr=9.071e-04 time=0.094s
[RQ-VAE] epoch=325 loss=0.00028004 recon=0.00008835 beh=0.000000 w=0.000 lr=9.068e-04 time=0.092s
[RQ-VAE] epoch=326 loss=0.00028020 recon=0.00008829 beh=0.000000 w=0.000 lr=9.064e-04 time=0.093s
[RQ-VAE] epoch=327 loss=0.00028079 recon=0.00008829 beh=0.000000 w=0.000 lr=9.061e-04 time=0.092s
[RQ-VAE] epoch=328 loss=0.00028139 recon=0.00008813 beh=0.000000 w=0.000 lr=9.058e-04 time=0.096s
[RQ-VAE] epoch=329 loss=0.00028247 recon=0.00008829 beh=0.000000 w=0.000 lr=9.054e-04 time=0.091s
[RQ-VAE] epoch=330 loss=0.00028498 recon=0.00008815 beh=0.000000 w=0.000 lr=9.051e-04 time=0.091s
[RQ-VAE] epoch=331 loss=0.00028220 recon=0.00008810 beh=0.000000 w=0.000 lr=9.047e-04 time=0.092s
[RQ-VAE] epoch=332 loss=0.00028225 recon=0.00008816 beh=0.000000 w=0.000 lr=9.044e-04 time=0.094s
[RQ-VAE] epoch=333 loss=0.00028359 recon=0.00008788 beh=0.000000 w=0.000 lr=9.041e-04 time=0.213s
[RQ-VAE] epoch=334 loss=0.00028337 recon=0.00008785 beh=0.000000 w=0.000 lr=9.037e-04 time=0.095s
[RQ-VAE] epoch=335 loss=0.00028218 recon=0.00008785 beh=0.000000 w=0.000 lr=9.034e-04 time=0.092s
[RQ-VAE] epoch=336 loss=0.00028130 recon=0.00008769 beh=0.000000 w=0.000 lr=9.031e-04 time=0.092s
[RQ-VAE] epoch=337 loss=0.00028237 recon=0.00008769 beh=0.000000 w=0.000 lr=9.027e-04 time=0.093s
[RQ-VAE] epoch=338 loss=0.00028311 recon=0.00008762 beh=0.000000 w=0.000 lr=9.024e-04 time=0.092s
[RQ-VAE] epoch=339 loss=0.00028333 recon=0.00008766 beh=0.000000 w=0.000 lr=9.020e-04 time=0.096s
[RQ-VAE] epoch=340 loss=0.00028465 recon=0.00008757 beh=0.000000 w=0.000 lr=9.017e-04 time=0.093s
[RQ-VAE] epoch=341 loss=0.00028502 recon=0.00008775 beh=0.000000 w=0.000 lr=9.014e-04 time=0.092s
[RQ-VAE] epoch=342 loss=0.00028388 recon=0.00008772 beh=0.000000 w=0.000 lr=9.010e-04 time=0.093s
[RQ-VAE] epoch=343 loss=0.00028530 recon=0.00008796 beh=0.000000 w=0.000 lr=9.007e-04 time=0.092s
[RQ-VAE] epoch=344 loss=0.00028637 recon=0.00008800 beh=0.000000 w=0.000 lr=9.003e-04 time=0.092s
[RQ-VAE] epoch=345 loss=0.00028717 recon=0.00008816 beh=0.000000 w=0.000 lr=9.000e-04 time=0.092s
[RQ-VAE] epoch=346 loss=0.00028904 recon=0.00008787 beh=0.000000 w=0.000 lr=8.997e-04 time=0.092s
[RQ-VAE] epoch=347 loss=0.00028707 recon=0.00008760 beh=0.000000 w=0.000 lr=8.993e-04 time=0.093s
[RQ-VAE] epoch=348 loss=0.00028625 recon=0.00008769 beh=0.000000 w=0.000 lr=8.990e-04 time=0.092s
[RQ-VAE] epoch=349 loss=0.00028832 recon=0.00008759 beh=0.000000 w=0.000 lr=8.986e-04 time=0.093s
[RQ-VAE] epoch=350 loss=0.00028656 recon=0.00008791 lr=8.983e-04 raw_unique=20942/24587 collision=0.148249 time=0.093s
[RQ-VAE] epoch=351 loss=0.00028812 recon=0.00008744 beh=0.000000 w=0.000 lr=8.980e-04 time=0.093s
[RQ-VAE] epoch=352 loss=0.00028546 recon=0.00008728 beh=0.000000 w=0.000 lr=8.976e-04 time=0.093s
[RQ-VAE] epoch=353 loss=0.00028539 recon=0.00008732 beh=0.000000 w=0.000 lr=8.973e-04 time=0.093s
[RQ-VAE] epoch=354 loss=0.00028625 recon=0.00008709 beh=0.000000 w=0.000 lr=8.969e-04 time=0.093s
[RQ-VAE] epoch=355 loss=0.00028610 recon=0.00008696 beh=0.000000 w=0.000 lr=8.966e-04 time=0.092s
[RQ-VAE] epoch=356 loss=0.00028910 recon=0.00008708 beh=0.000000 w=0.000 lr=8.963e-04 time=0.091s
[RQ-VAE] epoch=357 loss=0.00028650 recon=0.00008703 beh=0.000000 w=0.000 lr=8.959e-04 time=0.092s
[RQ-VAE] epoch=358 loss=0.00028473 recon=0.00008691 beh=0.000000 w=0.000 lr=8.956e-04 time=0.094s
[RQ-VAE] epoch=359 loss=0.00028481 recon=0.00008680 beh=0.000000 w=0.000 lr=8.953e-04 time=0.092s
[RQ-VAE] epoch=360 loss=0.00028559 recon=0.00008684 beh=0.000000 w=0.000 lr=8.949e-04 time=0.092s
[RQ-VAE] epoch=361 loss=0.00028538 recon=0.00008673 beh=0.000000 w=0.000 lr=8.946e-04 time=0.093s
[RQ-VAE] epoch=362 loss=0.00028626 recon=0.00008683 beh=0.000000 w=0.000 lr=8.942e-04 time=0.213s
[RQ-VAE] epoch=363 loss=0.00028654 recon=0.00008663 beh=0.000000 w=0.000 lr=8.939e-04 time=0.092s
[RQ-VAE] epoch=364 loss=0.00028617 recon=0.00008650 beh=0.000000 w=0.000 lr=8.936e-04 time=0.094s
[RQ-VAE] epoch=365 loss=0.00028621 recon=0.00008659 beh=0.000000 w=0.000 lr=8.932e-04 time=0.093s
[RQ-VAE] epoch=366 loss=0.00028648 recon=0.00008651 beh=0.000000 w=0.000 lr=8.929e-04 time=0.092s
[RQ-VAE] epoch=367 loss=0.00028593 recon=0.00008643 beh=0.000000 w=0.000 lr=8.925e-04 time=0.092s
[RQ-VAE] epoch=368 loss=0.00028806 recon=0.00008640 beh=0.000000 w=0.000 lr=8.922e-04 time=0.092s
[RQ-VAE] epoch=369 loss=0.00028653 recon=0.00008635 beh=0.000000 w=0.000 lr=8.919e-04 time=0.093s
[RQ-VAE] epoch=370 loss=0.00028692 recon=0.00008632 beh=0.000000 w=0.000 lr=8.915e-04 time=0.093s
[RQ-VAE] epoch=371 loss=0.00028806 recon=0.00008637 beh=0.000000 w=0.000 lr=8.912e-04 time=0.093s
[RQ-VAE] epoch=372 loss=0.00028744 recon=0.00008632 beh=0.000000 w=0.000 lr=8.908e-04 time=0.092s
[RQ-VAE] epoch=373 loss=0.00028691 recon=0.00008630 beh=0.000000 w=0.000 lr=8.905e-04 time=0.093s
[RQ-VAE] epoch=374 loss=0.00028735 recon=0.00008608 beh=0.000000 w=0.000 lr=8.902e-04 time=0.093s
[RQ-VAE] epoch=375 loss=0.00028815 recon=0.00008615 beh=0.000000 w=0.000 lr=8.898e-04 time=0.092s
[RQ-VAE] epoch=376 loss=0.00028841 recon=0.00008627 beh=0.000000 w=0.000 lr=8.895e-04 time=0.093s
[RQ-VAE] epoch=377 loss=0.00028990 recon=0.00008610 beh=0.000000 w=0.000 lr=8.892e-04 time=0.092s
[RQ-VAE] epoch=378 loss=0.00028956 recon=0.00008603 beh=0.000000 w=0.000 lr=8.888e-04 time=0.093s
[RQ-VAE] epoch=379 loss=0.00028922 recon=0.00008605 beh=0.000000 w=0.000 lr=8.885e-04 time=0.094s
[RQ-VAE] epoch=380 loss=0.00028866 recon=0.00008587 beh=0.000000 w=0.000 lr=8.881e-04 time=0.093s
[RQ-VAE] epoch=381 loss=0.00028890 recon=0.00008591 beh=0.000000 w=0.000 lr=8.878e-04 time=0.093s
[RQ-VAE] epoch=382 loss=0.00028958 recon=0.00008596 beh=0.000000 w=0.000 lr=8.875e-04 time=0.205s
[RQ-VAE] epoch=383 loss=0.00029041 recon=0.00008588 beh=0.000000 w=0.000 lr=8.871e-04 time=0.092s
[RQ-VAE] epoch=384 loss=0.00029124 recon=0.00008597 beh=0.000000 w=0.000 lr=8.868e-04 time=0.094s
[RQ-VAE] epoch=385 loss=0.00029070 recon=0.00008579 beh=0.000000 w=0.000 lr=8.864e-04 time=0.092s
[RQ-VAE] epoch=386 loss=0.00029096 recon=0.00008585 beh=0.000000 w=0.000 lr=8.861e-04 time=0.092s
[RQ-VAE] epoch=387 loss=0.00029012 recon=0.00008570 beh=0.000000 w=0.000 lr=8.858e-04 time=0.093s
[RQ-VAE] epoch=388 loss=0.00028995 recon=0.00008587 beh=0.000000 w=0.000 lr=8.854e-04 time=0.092s
[RQ-VAE] epoch=389 loss=0.00029130 recon=0.00008562 beh=0.000000 w=0.000 lr=8.851e-04 time=0.093s
[RQ-VAE] epoch=390 loss=0.00029217 recon=0.00008584 beh=0.000000 w=0.000 lr=8.847e-04 time=0.093s
[RQ-VAE] epoch=391 loss=0.00029053 recon=0.00008554 beh=0.000000 w=0.000 lr=8.844e-04 time=0.092s
[RQ-VAE] epoch=392 loss=0.00029275 recon=0.00008555 beh=0.000000 w=0.000 lr=8.841e-04 time=0.093s
[RQ-VAE] epoch=393 loss=0.00029199 recon=0.00008558 beh=0.000000 w=0.000 lr=8.837e-04 time=0.094s
[RQ-VAE] epoch=394 loss=0.00029122 recon=0.00008548 beh=0.000000 w=0.000 lr=8.834e-04 time=0.093s
[RQ-VAE] epoch=395 loss=0.00029213 recon=0.00008551 beh=0.000000 w=0.000 lr=8.831e-04 time=0.093s
[RQ-VAE] epoch=396 loss=0.00029175 recon=0.00008551 beh=0.000000 w=0.000 lr=8.827e-04 time=0.092s
[RQ-VAE] epoch=397 loss=0.00029010 recon=0.00008530 beh=0.000000 w=0.000 lr=8.824e-04 time=0.209s
[RQ-VAE] epoch=398 loss=0.00029041 recon=0.00008525 beh=0.000000 w=0.000 lr=8.820e-04 time=0.092s
[RQ-VAE] epoch=399 loss=0.00028933 recon=0.00008529 beh=0.000000 w=0.000 lr=8.817e-04 time=0.092s
[RQ-VAE] epoch=400 loss=0.00029260 recon=0.00008542 lr=8.814e-04 raw_unique=20892/24587 collision=0.150283 time=0.093s
[RQ-VAE] epoch=401 loss=0.00029179 recon=0.00008539 beh=0.000000 w=0.000 lr=8.810e-04 time=0.093s
[RQ-VAE] epoch=402 loss=0.00029180 recon=0.00008539 beh=0.000000 w=0.000 lr=8.807e-04 time=0.093s
[RQ-VAE] epoch=403 loss=0.00029269 recon=0.00008532 beh=0.000000 w=0.000 lr=8.803e-04 time=0.093s
[RQ-VAE] epoch=404 loss=0.00029275 recon=0.00008522 beh=0.000000 w=0.000 lr=8.800e-04 time=0.092s
[RQ-VAE] epoch=405 loss=0.00029322 recon=0.00008537 beh=0.000000 w=0.000 lr=8.797e-04 time=0.092s
[RQ-VAE] epoch=406 loss=0.00029289 recon=0.00008522 beh=0.000000 w=0.000 lr=8.793e-04 time=0.095s
[RQ-VAE] epoch=407 loss=0.00029406 recon=0.00008524 beh=0.000000 w=0.000 lr=8.790e-04 time=0.094s
[RQ-VAE] epoch=408 loss=0.00029357 recon=0.00008505 beh=0.000000 w=0.000 lr=8.786e-04 time=0.092s
[RQ-VAE] epoch=409 loss=0.00029382 recon=0.00008511 beh=0.000000 w=0.000 lr=8.783e-04 time=0.092s
[RQ-VAE] epoch=410 loss=0.00029387 recon=0.00008515 beh=0.000000 w=0.000 lr=8.780e-04 time=0.092s
[RQ-VAE] epoch=411 loss=0.00029440 recon=0.00008514 beh=0.000000 w=0.000 lr=8.776e-04 time=0.092s
[RQ-VAE] epoch=412 loss=0.00029455 recon=0.00008505 beh=0.000000 w=0.000 lr=8.773e-04 time=0.092s
[RQ-VAE] epoch=413 loss=0.00029321 recon=0.00008486 beh=0.000000 w=0.000 lr=8.769e-04 time=0.091s
[RQ-VAE] epoch=414 loss=0.00029319 recon=0.00008481 beh=0.000000 w=0.000 lr=8.766e-04 time=0.092s
[RQ-VAE] epoch=415 loss=0.00029348 recon=0.00008483 beh=0.000000 w=0.000 lr=8.763e-04 time=0.093s
[RQ-VAE] epoch=416 loss=0.00029408 recon=0.00008470 beh=0.000000 w=0.000 lr=8.759e-04 time=0.092s
[RQ-VAE] epoch=417 loss=0.00029481 recon=0.00008480 beh=0.000000 w=0.000 lr=8.756e-04 time=0.092s
[RQ-VAE] epoch=418 loss=0.00029608 recon=0.00008491 beh=0.000000 w=0.000 lr=8.753e-04 time=0.094s
[RQ-VAE] epoch=419 loss=0.00029443 recon=0.00008470 beh=0.000000 w=0.000 lr=8.749e-04 time=0.092s
[RQ-VAE] epoch=420 loss=0.00029525 recon=0.00008489 beh=0.000000 w=0.000 lr=8.746e-04 time=0.092s
[RQ-VAE] epoch=421 loss=0.00029516 recon=0.00008462 beh=0.000000 w=0.000 lr=8.742e-04 time=0.092s
[RQ-VAE] epoch=422 loss=0.00029252 recon=0.00008456 beh=0.000000 w=0.000 lr=8.739e-04 time=0.092s
[RQ-VAE] epoch=423 loss=0.00029372 recon=0.00008456 beh=0.000000 w=0.000 lr=8.736e-04 time=0.092s
[RQ-VAE] epoch=424 loss=0.00029532 recon=0.00008461 beh=0.000000 w=0.000 lr=8.732e-04 time=0.093s
[RQ-VAE] epoch=425 loss=0.00029455 recon=0.00008445 beh=0.000000 w=0.000 lr=8.729e-04 time=0.093s
[RQ-VAE] epoch=426 loss=0.00029419 recon=0.00008449 beh=0.000000 w=0.000 lr=8.725e-04 time=0.093s
[RQ-VAE] epoch=427 loss=0.00029566 recon=0.00008452 beh=0.000000 w=0.000 lr=8.722e-04 time=0.092s
[RQ-VAE] epoch=428 loss=0.00029458 recon=0.00008439 beh=0.000000 w=0.000 lr=8.719e-04 time=0.092s
[RQ-VAE] epoch=429 loss=0.00029503 recon=0.00008428 beh=0.000000 w=0.000 lr=8.715e-04 time=0.092s
[RQ-VAE] epoch=430 loss=0.00029702 recon=0.00008446 beh=0.000000 w=0.000 lr=8.712e-04 time=0.092s
[RQ-VAE] epoch=431 loss=0.00029609 recon=0.00008443 beh=0.000000 w=0.000 lr=8.708e-04 time=0.092s
[RQ-VAE] epoch=432 loss=0.00029548 recon=0.00008424 beh=0.000000 w=0.000 lr=8.705e-04 time=0.093s
[RQ-VAE] epoch=433 loss=0.00029595 recon=0.00008424 beh=0.000000 w=0.000 lr=8.702e-04 time=0.092s
[RQ-VAE] epoch=434 loss=0.00029688 recon=0.00008426 beh=0.000000 w=0.000 lr=8.698e-04 time=0.093s
[RQ-VAE] epoch=435 loss=0.00029567 recon=0.00008423 beh=0.000000 w=0.000 lr=8.695e-04 time=0.091s
[RQ-VAE] epoch=436 loss=0.00029641 recon=0.00008428 beh=0.000000 w=0.000 lr=8.692e-04 time=0.094s
[RQ-VAE] epoch=437 loss=0.00029752 recon=0.00008420 beh=0.000000 w=0.000 lr=8.688e-04 time=0.093s
[RQ-VAE] epoch=438 loss=0.00029724 recon=0.00008428 beh=0.000000 w=0.000 lr=8.685e-04 time=0.093s
[RQ-VAE] epoch=439 loss=0.00029734 recon=0.00008421 beh=0.000000 w=0.000 lr=8.681e-04 time=0.093s
[RQ-VAE] epoch=440 loss=0.00029644 recon=0.00008414 beh=0.000000 w=0.000 lr=8.678e-04 time=0.093s
[RQ-VAE] epoch=441 loss=0.00029831 recon=0.00008410 beh=0.000000 w=0.000 lr=8.675e-04 time=0.092s
[RQ-VAE] epoch=442 loss=0.00029702 recon=0.00008411 beh=0.000000 w=0.000 lr=8.671e-04 time=0.093s
[RQ-VAE] epoch=443 loss=0.00029811 recon=0.00008425 beh=0.000000 w=0.000 lr=8.668e-04 time=0.092s
[RQ-VAE] epoch=444 loss=0.00029675 recon=0.00008398 beh=0.000000 w=0.000 lr=8.664e-04 time=0.092s
[RQ-VAE] epoch=445 loss=0.00029774 recon=0.00008397 beh=0.000000 w=0.000 lr=8.661e-04 time=0.093s
[RQ-VAE] epoch=446 loss=0.00029732 recon=0.00008388 beh=0.000000 w=0.000 lr=8.658e-04 time=0.092s
[RQ-VAE] epoch=447 loss=0.00029809 recon=0.00008375 beh=0.000000 w=0.000 lr=8.654e-04 time=0.092s
[RQ-VAE] epoch=448 loss=0.00029884 recon=0.00008377 beh=0.000000 w=0.000 lr=8.651e-04 time=0.092s
[RQ-VAE] epoch=449 loss=0.00029796 recon=0.00008384 beh=0.000000 w=0.000 lr=8.647e-04 time=0.093s
[RQ-VAE] epoch=450 loss=0.00029738 recon=0.00008380 lr=8.644e-04 raw_unique=20756/24587 collision=0.155814 time=0.092s
[RQ-VAE] epoch=451 loss=0.00029771 recon=0.00008379 beh=0.000000 w=0.000 lr=8.641e-04 time=0.093s
[RQ-VAE] epoch=452 loss=0.00029858 recon=0.00008376 beh=0.000000 w=0.000 lr=8.637e-04 time=0.093s
[RQ-VAE] epoch=453 loss=0.00030042 recon=0.00008371 beh=0.000000 w=0.000 lr=8.634e-04 time=0.091s
[RQ-VAE] epoch=454 loss=0.00029911 recon=0.00008364 beh=0.000000 w=0.000 lr=8.631e-04 time=0.214s
[RQ-VAE] epoch=455 loss=0.00029866 recon=0.00008381 beh=0.000000 w=0.000 lr=8.627e-04 time=0.092s
[RQ-VAE] epoch=456 loss=0.00029680 recon=0.00008371 beh=0.000000 w=0.000 lr=8.624e-04 time=0.093s
[RQ-VAE] epoch=457 loss=0.00029821 recon=0.00008374 beh=0.000000 w=0.000 lr=8.620e-04 time=0.092s
[RQ-VAE] epoch=458 loss=0.00030008 recon=0.00008353 beh=0.000000 w=0.000 lr=8.617e-04 time=0.093s
[RQ-VAE] epoch=459 loss=0.00029901 recon=0.00008368 beh=0.000000 w=0.000 lr=8.614e-04 time=0.093s
[RQ-VAE] epoch=460 loss=0.00029884 recon=0.00008352 beh=0.000000 w=0.000 lr=8.610e-04 time=0.093s
[RQ-VAE] epoch=461 loss=0.00029761 recon=0.00008342 beh=0.000000 w=0.000 lr=8.607e-04 time=0.094s
[RQ-VAE] epoch=462 loss=0.00029946 recon=0.00008345 beh=0.000000 w=0.000 lr=8.603e-04 time=0.092s
[RQ-VAE] epoch=463 loss=0.00029872 recon=0.00008333 beh=0.000000 w=0.000 lr=8.600e-04 time=0.093s
[RQ-VAE] epoch=464 loss=0.00029809 recon=0.00008326 beh=0.000000 w=0.000 lr=8.597e-04 time=0.092s
[RQ-VAE] epoch=465 loss=0.00029970 recon=0.00008331 beh=0.000000 w=0.000 lr=8.593e-04 time=0.092s
[RQ-VAE] epoch=466 loss=0.00030047 recon=0.00008326 beh=0.000000 w=0.000 lr=8.590e-04 time=0.092s
[RQ-VAE] epoch=467 loss=0.00029942 recon=0.00008327 beh=0.000000 w=0.000 lr=8.586e-04 time=0.093s
[RQ-VAE] epoch=468 loss=0.00029986 recon=0.00008326 beh=0.000000 w=0.000 lr=8.583e-04 time=0.092s
[RQ-VAE] epoch=469 loss=0.00029858 recon=0.00008320 beh=0.000000 w=0.000 lr=8.580e-04 time=0.092s
[RQ-VAE] epoch=470 loss=0.00029830 recon=0.00008325 beh=0.000000 w=0.000 lr=8.576e-04 time=0.093s
[RQ-VAE] epoch=471 loss=0.00030049 recon=0.00008317 beh=0.000000 w=0.000 lr=8.573e-04 time=0.092s
[RQ-VAE] epoch=472 loss=0.00030125 recon=0.00008307 beh=0.000000 w=0.000 lr=8.569e-04 time=0.092s
[RQ-VAE] epoch=473 loss=0.00030172 recon=0.00008318 beh=0.000000 w=0.000 lr=8.566e-04 time=0.092s
[RQ-VAE] epoch=474 loss=0.00030042 recon=0.00008301 beh=0.000000 w=0.000 lr=8.563e-04 time=0.091s
[RQ-VAE] epoch=475 loss=0.00029869 recon=0.00008295 beh=0.000000 w=0.000 lr=8.559e-04 time=0.093s
[RQ-VAE] epoch=476 loss=0.00030140 recon=0.00008315 beh=0.000000 w=0.000 lr=8.556e-04 time=0.093s
[RQ-VAE] epoch=477 loss=0.00030015 recon=0.00008309 beh=0.000000 w=0.000 lr=8.553e-04 time=0.093s
[RQ-VAE] epoch=478 loss=0.00029902 recon=0.00008294 beh=0.000000 w=0.000 lr=8.549e-04 time=0.092s
[RQ-VAE] epoch=479 loss=0.00030126 recon=0.00008297 beh=0.000000 w=0.000 lr=8.546e-04 time=0.093s
[RQ-VAE] epoch=480 loss=0.00030218 recon=0.00008300 beh=0.000000 w=0.000 lr=8.542e-04 time=0.093s
[RQ-VAE] epoch=481 loss=0.00030091 recon=0.00008294 beh=0.000000 w=0.000 lr=8.539e-04 time=0.092s
[RQ-VAE] epoch=482 loss=0.00030107 recon=0.00008287 beh=0.000000 w=0.000 lr=8.536e-04 time=0.092s
[RQ-VAE] epoch=483 loss=0.00030209 recon=0.00008287 beh=0.000000 w=0.000 lr=8.532e-04 time=0.194s
[RQ-VAE] epoch=484 loss=0.00030082 recon=0.00008286 beh=0.000000 w=0.000 lr=8.529e-04 time=0.091s
[RQ-VAE] epoch=485 loss=0.00030271 recon=0.00008301 beh=0.000000 w=0.000 lr=8.525e-04 time=0.092s
[RQ-VAE] epoch=486 loss=0.00030493 recon=0.00008287 beh=0.000000 w=0.000 lr=8.522e-04 time=0.092s
[RQ-VAE] epoch=487 loss=0.00030295 recon=0.00008283 beh=0.000000 w=0.000 lr=8.519e-04 time=0.092s
[RQ-VAE] epoch=488 loss=0.00030395 recon=0.00008275 beh=0.000000 w=0.000 lr=8.515e-04 time=0.092s
[RQ-VAE] epoch=489 loss=0.00030230 recon=0.00008283 beh=0.000000 w=0.000 lr=8.512e-04 time=0.092s
[RQ-VAE] epoch=490 loss=0.00030255 recon=0.00008261 beh=0.000000 w=0.000 lr=8.508e-04 time=0.093s
[RQ-VAE] epoch=491 loss=0.00030192 recon=0.00008257 beh=0.000000 w=0.000 lr=8.505e-04 time=0.092s
[RQ-VAE] epoch=492 loss=0.00030172 recon=0.00008275 beh=0.000000 w=0.000 lr=8.502e-04 time=0.092s
[RQ-VAE] epoch=493 loss=0.00030472 recon=0.00008276 beh=0.000000 w=0.000 lr=8.498e-04 time=0.092s
[RQ-VAE] epoch=494 loss=0.00030361 recon=0.00008275 beh=0.000000 w=0.000 lr=8.495e-04 time=0.092s
[RQ-VAE] epoch=495 loss=0.00030273 recon=0.00008260 beh=0.000000 w=0.000 lr=8.492e-04 time=0.092s
[RQ-VAE] epoch=496 loss=0.00030112 recon=0.00008248 beh=0.000000 w=0.000 lr=8.488e-04 time=0.093s
[RQ-VAE] epoch=497 loss=0.00030320 recon=0.00008268 beh=0.000000 w=0.000 lr=8.485e-04 time=0.092s
[RQ-VAE] epoch=498 loss=0.00030355 recon=0.00008255 beh=0.000000 w=0.000 lr=8.481e-04 time=0.093s
[RQ-VAE] epoch=499 loss=0.00030382 recon=0.00008245 beh=0.000000 w=0.000 lr=8.478e-04 time=0.092s
[RQ-VAE] epoch=500 loss=0.00030392 recon=0.00008264 lr=8.475e-04 raw_unique=20687/24587 collision=0.158620 time=0.092s
[RQ-VAE] epoch=501 loss=0.00030497 recon=0.00008242 beh=0.000000 w=0.000 lr=8.471e-04 time=0.093s
[RQ-VAE] epoch=502 loss=0.00030496 recon=0.00008244 beh=0.000000 w=0.000 lr=8.468e-04 time=0.093s
[RQ-VAE] epoch=503 loss=0.00030464 recon=0.00008246 beh=0.000000 w=0.000 lr=8.464e-04 time=0.188s
[RQ-VAE] epoch=504 loss=0.00030512 recon=0.00008255 beh=0.000000 w=0.000 lr=8.461e-04 time=0.093s
[RQ-VAE] epoch=505 loss=0.00030548 recon=0.00008247 beh=0.000000 w=0.000 lr=8.458e-04 time=0.093s
[RQ-VAE] epoch=506 loss=0.00030634 recon=0.00008222 beh=0.000000 w=0.000 lr=8.454e-04 time=0.093s
[RQ-VAE] epoch=507 loss=0.00030548 recon=0.00008254 beh=0.000000 w=0.000 lr=8.451e-04 time=0.092s
[RQ-VAE] epoch=508 loss=0.00030594 recon=0.00008246 beh=0.000000 w=0.000 lr=8.447e-04 time=0.093s
[RQ-VAE] epoch=509 loss=0.00030590 recon=0.00008244 beh=0.000000 w=0.000 lr=8.444e-04 time=0.092s
[RQ-VAE] epoch=510 loss=0.00030667 recon=0.00008242 beh=0.000000 w=0.000 lr=8.441e-04 time=0.092s
[RQ-VAE] epoch=511 loss=0.00030730 recon=0.00008212 beh=0.000000 w=0.000 lr=8.437e-04 time=0.097s
[RQ-VAE] epoch=512 loss=0.00030628 recon=0.00008218 beh=0.000000 w=0.000 lr=8.434e-04 time=0.091s
[RQ-VAE] epoch=513 loss=0.00030611 recon=0.00008219 beh=0.000000 w=0.000 lr=8.431e-04 time=0.093s
[RQ-VAE] epoch=514 loss=0.00030626 recon=0.00008200 beh=0.000000 w=0.000 lr=8.427e-04 time=0.092s
[RQ-VAE] epoch=515 loss=0.00030826 recon=0.00008216 beh=0.000000 w=0.000 lr=8.424e-04 time=0.092s
[RQ-VAE] epoch=516 loss=0.00030799 recon=0.00008205 beh=0.000000 w=0.000 lr=8.420e-04 time=0.092s
[RQ-VAE] epoch=517 loss=0.00030846 recon=0.00008218 beh=0.000000 w=0.000 lr=8.417e-04 time=0.093s
[RQ-VAE] epoch=518 loss=0.00030732 recon=0.00008200 beh=0.000000 w=0.000 lr=8.414e-04 time=0.201s
[RQ-VAE] epoch=519 loss=0.00030832 recon=0.00008194 beh=0.000000 w=0.000 lr=8.410e-04 time=0.092s
[RQ-VAE] epoch=520 loss=0.00030780 recon=0.00008212 beh=0.000000 w=0.000 lr=8.407e-04 time=0.092s
[RQ-VAE] epoch=521 loss=0.00030706 recon=0.00008185 beh=0.000000 w=0.000 lr=8.403e-04 time=0.093s
[RQ-VAE] epoch=522 loss=0.00030732 recon=0.00008200 beh=0.000000 w=0.000 lr=8.400e-04 time=0.099s
[RQ-VAE] epoch=523 loss=0.00030713 recon=0.00008196 beh=0.000000 w=0.000 lr=8.397e-04 time=0.093s
[RQ-VAE] epoch=524 loss=0.00030563 recon=0.00008195 beh=0.000000 w=0.000 lr=8.393e-04 time=0.092s
[RQ-VAE] epoch=525 loss=0.00030717 recon=0.00008202 beh=0.000000 w=0.000 lr=8.390e-04 time=0.092s
[RQ-VAE] epoch=526 loss=0.00031070 recon=0.00008178 beh=0.000000 w=0.000 lr=8.386e-04 time=0.092s
[RQ-VAE] epoch=527 loss=0.00030851 recon=0.00008174 beh=0.000000 w=0.000 lr=8.383e-04 time=0.092s
[RQ-VAE] epoch=528 loss=0.00030715 recon=0.00008168 beh=0.000000 w=0.000 lr=8.380e-04 time=0.092s
[RQ-VAE] epoch=529 loss=0.00030638 recon=0.00008185 beh=0.000000 w=0.000 lr=8.376e-04 time=0.093s
[RQ-VAE] epoch=530 loss=0.00030760 recon=0.00008169 beh=0.000000 w=0.000 lr=8.373e-04 time=0.092s
[RQ-VAE] epoch=531 loss=0.00030646 recon=0.00008190 beh=0.000000 w=0.000 lr=8.369e-04 time=0.092s
[RQ-VAE] epoch=532 loss=0.00030779 recon=0.00008177 beh=0.000000 w=0.000 lr=8.366e-04 time=0.091s
[RQ-VAE] epoch=533 loss=0.00030637 recon=0.00008175 beh=0.000000 w=0.000 lr=8.363e-04 time=0.091s
[RQ-VAE] epoch=534 loss=0.00030649 recon=0.00008194 beh=0.000000 w=0.000 lr=8.359e-04 time=0.092s
[RQ-VAE] epoch=535 loss=0.00030719 recon=0.00008167 beh=0.000000 w=0.000 lr=8.356e-04 time=0.092s
[RQ-VAE] epoch=536 loss=0.00030586 recon=0.00008189 beh=0.000000 w=0.000 lr=8.353e-04 time=0.092s
[RQ-VAE] epoch=537 loss=0.00030775 recon=0.00008178 beh=0.000000 w=0.000 lr=8.349e-04 time=0.091s
[RQ-VAE] epoch=538 loss=0.00030721 recon=0.00008162 beh=0.000000 w=0.000 lr=8.346e-04 time=0.091s
[RQ-VAE] epoch=539 loss=0.00030652 recon=0.00008148 beh=0.000000 w=0.000 lr=8.342e-04 time=0.092s
[RQ-VAE] epoch=540 loss=0.00030550 recon=0.00008145 beh=0.000000 w=0.000 lr=8.339e-04 time=0.092s
[RQ-VAE] epoch=541 loss=0.00030573 recon=0.00008143 beh=0.000000 w=0.000 lr=8.336e-04 time=0.092s
[RQ-VAE] epoch=542 loss=0.00030608 recon=0.00008155 beh=0.000000 w=0.000 lr=8.332e-04 time=0.092s
[RQ-VAE] epoch=543 loss=0.00030691 recon=0.00008138 beh=0.000000 w=0.000 lr=8.329e-04 time=0.092s
[RQ-VAE] epoch=544 loss=0.00030624 recon=0.00008137 beh=0.000000 w=0.000 lr=8.325e-04 time=0.092s
[RQ-VAE] epoch=545 loss=0.00030580 recon=0.00008128 beh=0.000000 w=0.000 lr=8.322e-04 time=0.092s
[RQ-VAE] epoch=546 loss=0.00030512 recon=0.00008124 beh=0.000000 w=0.000 lr=8.319e-04 time=0.094s
[RQ-VAE] epoch=547 loss=0.00030494 recon=0.00008122 beh=0.000000 w=0.000 lr=8.315e-04 time=0.093s
[RQ-VAE] epoch=548 loss=0.00030550 recon=0.00008116 beh=0.000000 w=0.000 lr=8.312e-04 time=0.092s
[RQ-VAE] epoch=549 loss=0.00030597 recon=0.00008138 beh=0.000000 w=0.000 lr=8.308e-04 time=0.093s
[RQ-VAE] epoch=550 loss=0.00030560 recon=0.00008123 lr=8.305e-04 raw_unique=20676/24587 collision=0.159068 time=0.092s
[RQ-VAE] epoch=551 loss=0.00030743 recon=0.00008120 beh=0.000000 w=0.000 lr=8.302e-04 time=0.092s
[RQ-VAE] epoch=552 loss=0.00030651 recon=0.00008110 beh=0.000000 w=0.000 lr=8.298e-04 time=0.092s
[RQ-VAE] epoch=553 loss=0.00030650 recon=0.00008121 beh=0.000000 w=0.000 lr=8.295e-04 time=0.092s
[RQ-VAE] epoch=554 loss=0.00030545 recon=0.00008106 beh=0.000000 w=0.000 lr=8.292e-04 time=0.092s
[RQ-VAE] epoch=555 loss=0.00030644 recon=0.00008098 beh=0.000000 w=0.000 lr=8.288e-04 time=0.092s
[RQ-VAE] epoch=556 loss=0.00030737 recon=0.00008098 beh=0.000000 w=0.000 lr=8.285e-04 time=0.094s
[RQ-VAE] epoch=557 loss=0.00030635 recon=0.00008113 beh=0.000000 w=0.000 lr=8.281e-04 time=0.099s
[RQ-VAE] epoch=558 loss=0.00030489 recon=0.00008104 beh=0.000000 w=0.000 lr=8.278e-04 time=0.092s
[RQ-VAE] epoch=559 loss=0.00030776 recon=0.00008109 beh=0.000000 w=0.000 lr=8.275e-04 time=0.092s
[RQ-VAE] epoch=560 loss=0.00030592 recon=0.00008097 beh=0.000000 w=0.000 lr=8.271e-04 time=0.096s
[RQ-VAE] epoch=561 loss=0.00030645 recon=0.00008084 beh=0.000000 w=0.000 lr=8.268e-04 time=0.092s
[RQ-VAE] epoch=562 loss=0.00030665 recon=0.00008085 beh=0.000000 w=0.000 lr=8.264e-04 time=0.093s
[RQ-VAE] epoch=563 loss=0.00030715 recon=0.00008085 beh=0.000000 w=0.000 lr=8.261e-04 time=0.092s
[RQ-VAE] epoch=564 loss=0.00030776 recon=0.00008089 beh=0.000000 w=0.000 lr=8.258e-04 time=0.092s
[RQ-VAE] epoch=565 loss=0.00030532 recon=0.00008088 beh=0.000000 w=0.000 lr=8.254e-04 time=0.091s
[RQ-VAE] epoch=566 loss=0.00030675 recon=0.00008090 beh=0.000000 w=0.000 lr=8.251e-04 time=0.092s
[RQ-VAE] epoch=567 loss=0.00030857 recon=0.00008093 beh=0.000000 w=0.000 lr=8.247e-04 time=0.093s
[RQ-VAE] epoch=568 loss=0.00030767 recon=0.00008095 beh=0.000000 w=0.000 lr=8.244e-04 time=0.092s
[RQ-VAE] epoch=569 loss=0.00030825 recon=0.00008128 beh=0.000000 w=0.000 lr=8.241e-04 time=0.092s
[RQ-VAE] epoch=570 loss=0.00030843 recon=0.00008098 beh=0.000000 w=0.000 lr=8.237e-04 time=0.092s
[RQ-VAE] epoch=571 loss=0.00030895 recon=0.00008067 beh=0.000000 w=0.000 lr=8.234e-04 time=0.093s
[RQ-VAE] epoch=572 loss=0.00030833 recon=0.00008088 beh=0.000000 w=0.000 lr=8.231e-04 time=0.094s
[RQ-VAE] epoch=573 loss=0.00030779 recon=0.00008096 beh=0.000000 w=0.000 lr=8.227e-04 time=0.093s
[RQ-VAE] epoch=574 loss=0.00031048 recon=0.00008084 beh=0.000000 w=0.000 lr=8.224e-04 time=0.093s
[RQ-VAE] epoch=575 loss=0.00031026 recon=0.00008096 beh=0.000000 w=0.000 lr=8.220e-04 time=0.217s
[RQ-VAE] epoch=576 loss=0.00030843 recon=0.00008078 beh=0.000000 w=0.000 lr=8.217e-04 time=0.092s
[RQ-VAE] epoch=577 loss=0.00030714 recon=0.00008054 beh=0.000000 w=0.000 lr=8.214e-04 time=0.091s
[RQ-VAE] epoch=578 loss=0.00030833 recon=0.00008059 beh=0.000000 w=0.000 lr=8.210e-04 time=0.093s
[RQ-VAE] epoch=579 loss=0.00030815 recon=0.00008060 beh=0.000000 w=0.000 lr=8.207e-04 time=0.092s
[RQ-VAE] epoch=580 loss=0.00030869 recon=0.00008075 beh=0.000000 w=0.000 lr=8.203e-04 time=0.092s
[RQ-VAE] epoch=581 loss=0.00030800 recon=0.00008066 beh=0.000000 w=0.000 lr=8.200e-04 time=0.093s
[RQ-VAE] epoch=582 loss=0.00030853 recon=0.00008065 beh=0.000000 w=0.000 lr=8.197e-04 time=0.092s
[RQ-VAE] epoch=583 loss=0.00030668 recon=0.00008059 beh=0.000000 w=0.000 lr=8.193e-04 time=0.092s
[RQ-VAE] epoch=584 loss=0.00030835 recon=0.00008038 beh=0.000000 w=0.000 lr=8.190e-04 time=0.093s
[RQ-VAE] epoch=585 loss=0.00030837 recon=0.00008053 beh=0.000000 w=0.000 lr=8.186e-04 time=0.091s
[RQ-VAE] epoch=586 loss=0.00030877 recon=0.00008063 beh=0.000000 w=0.000 lr=8.183e-04 time=0.091s
[RQ-VAE] epoch=587 loss=0.00030856 recon=0.00008063 beh=0.000000 w=0.000 lr=8.180e-04 time=0.092s
[RQ-VAE] epoch=588 loss=0.00030829 recon=0.00008042 beh=0.000000 w=0.000 lr=8.176e-04 time=0.092s
[RQ-VAE] epoch=589 loss=0.00030881 recon=0.00008065 beh=0.000000 w=0.000 lr=8.173e-04 time=0.093s
[RQ-VAE] epoch=590 loss=0.00031031 recon=0.00008052 beh=0.000000 w=0.000 lr=8.169e-04 time=0.092s
[RQ-VAE] epoch=591 loss=0.00030850 recon=0.00008067 beh=0.000000 w=0.000 lr=8.166e-04 time=0.092s
[RQ-VAE] epoch=592 loss=0.00030873 recon=0.00008050 beh=0.000000 w=0.000 lr=8.163e-04 time=0.092s
[RQ-VAE] epoch=593 loss=0.00030751 recon=0.00008041 beh=0.000000 w=0.000 lr=8.159e-04 time=0.091s
[RQ-VAE] epoch=594 loss=0.00030799 recon=0.00008045 beh=0.000000 w=0.000 lr=8.156e-04 time=0.094s
[RQ-VAE] epoch=595 loss=0.00030865 recon=0.00008038 beh=0.000000 w=0.000 lr=8.153e-04 time=0.092s
[RQ-VAE] epoch=596 loss=0.00030848 recon=0.00008037 beh=0.000000 w=0.000 lr=8.149e-04 time=0.092s
[RQ-VAE] epoch=597 loss=0.00030761 recon=0.00008038 beh=0.000000 w=0.000 lr=8.146e-04 time=0.092s
[RQ-VAE] epoch=598 loss=0.00030887 recon=0.00008058 beh=0.000000 w=0.000 lr=8.142e-04 time=0.093s
[RQ-VAE] epoch=599 loss=0.00030884 recon=0.00008021 beh=0.000000 w=0.000 lr=8.139e-04 time=0.092s
[RQ-VAE] epoch=600 loss=0.00030891 recon=0.00008029 lr=8.136e-04 raw_unique=20510/24587 collision=0.165819 time=0.092s
[RQ-VAE] epoch=601 loss=0.00030831 recon=0.00008020 beh=0.000000 w=0.000 lr=8.132e-04 time=0.093s
[RQ-VAE] epoch=602 loss=0.00030858 recon=0.00008022 beh=0.000000 w=0.000 lr=8.129e-04 time=0.092s
[RQ-VAE] epoch=603 loss=0.00031038 recon=0.00008039 beh=0.000000 w=0.000 lr=8.125e-04 time=0.092s
[RQ-VAE] epoch=604 loss=0.00030882 recon=0.00008035 beh=0.000000 w=0.000 lr=8.122e-04 time=0.187s
[RQ-VAE] epoch=605 loss=0.00030888 recon=0.00008005 beh=0.000000 w=0.000 lr=8.119e-04 time=0.093s
[RQ-VAE] epoch=606 loss=0.00031009 recon=0.00008022 beh=0.000000 w=0.000 lr=8.115e-04 time=0.092s
[RQ-VAE] epoch=607 loss=0.00031056 recon=0.00008029 beh=0.000000 w=0.000 lr=8.112e-04 time=0.092s
[RQ-VAE] epoch=608 loss=0.00030961 recon=0.00008009 beh=0.000000 w=0.000 lr=8.108e-04 time=0.093s
[RQ-VAE] epoch=609 loss=0.00030957 recon=0.00008004 beh=0.000000 w=0.000 lr=8.105e-04 time=0.093s
[RQ-VAE] epoch=610 loss=0.00031031 recon=0.00008020 beh=0.000000 w=0.000 lr=8.102e-04 time=0.093s
[RQ-VAE] epoch=611 loss=0.00031126 recon=0.00008007 beh=0.000000 w=0.000 lr=8.098e-04 time=0.092s
[RQ-VAE] epoch=612 loss=0.00031065 recon=0.00008015 beh=0.000000 w=0.000 lr=8.095e-04 time=0.092s
[RQ-VAE] epoch=613 loss=0.00030884 recon=0.00008000 beh=0.000000 w=0.000 lr=8.092e-04 time=0.092s
[RQ-VAE] epoch=614 loss=0.00031027 recon=0.00007997 beh=0.000000 w=0.000 lr=8.088e-04 time=0.092s
[RQ-VAE] epoch=615 loss=0.00031070 recon=0.00008004 beh=0.000000 w=0.000 lr=8.085e-04 time=0.091s
[RQ-VAE] epoch=616 loss=0.00031192 recon=0.00008037 beh=0.000000 w=0.000 lr=8.081e-04 time=0.093s
[RQ-VAE] epoch=617 loss=0.00031153 recon=0.00008026 beh=0.000000 w=0.000 lr=8.078e-04 time=0.093s
[RQ-VAE] epoch=618 loss=0.00031053 recon=0.00008000 beh=0.000000 w=0.000 lr=8.075e-04 time=0.092s
[RQ-VAE] epoch=619 loss=0.00031062 recon=0.00007987 beh=0.000000 w=0.000 lr=8.071e-04 time=0.092s
[RQ-VAE] epoch=620 loss=0.00031009 recon=0.00008000 beh=0.000000 w=0.000 lr=8.068e-04 time=0.091s
[RQ-VAE] epoch=621 loss=0.00031120 recon=0.00007998 beh=0.000000 w=0.000 lr=8.064e-04 time=0.092s
[RQ-VAE] epoch=622 loss=0.00031114 recon=0.00007999 beh=0.000000 w=0.000 lr=8.061e-04 time=0.093s
[RQ-VAE] epoch=623 loss=0.00031181 recon=0.00007976 beh=0.000000 w=0.000 lr=8.058e-04 time=0.184s
[RQ-VAE] epoch=624 loss=0.00031141 recon=0.00007985 beh=0.000000 w=0.000 lr=8.054e-04 time=0.095s
[RQ-VAE] epoch=625 loss=0.00031034 recon=0.00007972 beh=0.000000 w=0.000 lr=8.051e-04 time=0.092s
[RQ-VAE] epoch=626 loss=0.00031120 recon=0.00007971 beh=0.000000 w=0.000 lr=8.047e-04 time=0.093s
[RQ-VAE] epoch=627 loss=0.00031059 recon=0.00007990 beh=0.000000 w=0.000 lr=8.044e-04 time=0.092s
[RQ-VAE] epoch=628 loss=0.00031098 recon=0.00007966 beh=0.000000 w=0.000 lr=8.041e-04 time=0.093s
[RQ-VAE] epoch=629 loss=0.00031033 recon=0.00007966 beh=0.000000 w=0.000 lr=8.037e-04 time=0.093s
[RQ-VAE] epoch=630 loss=0.00030988 recon=0.00007963 beh=0.000000 w=0.000 lr=8.034e-04 time=0.093s
[RQ-VAE] epoch=631 loss=0.00031371 recon=0.00007972 beh=0.000000 w=0.000 lr=8.031e-04 time=0.092s
[RQ-VAE] epoch=632 loss=0.00030972 recon=0.00007961 beh=0.000000 w=0.000 lr=8.027e-04 time=0.092s
[RQ-VAE] epoch=633 loss=0.00031043 recon=0.00007958 beh=0.000000 w=0.000 lr=8.024e-04 time=0.092s
[RQ-VAE] epoch=634 loss=0.00030973 recon=0.00007954 beh=0.000000 w=0.000 lr=8.020e-04 time=0.098s
[RQ-VAE] epoch=635 loss=0.00031064 recon=0.00007970 beh=0.000000 w=0.000 lr=8.017e-04 time=0.092s
[RQ-VAE] epoch=636 loss=0.00031159 recon=0.00007959 beh=0.000000 w=0.000 lr=8.014e-04 time=0.092s
[RQ-VAE] epoch=637 loss=0.00031161 recon=0.00007954 beh=0.000000 w=0.000 lr=8.010e-04 time=0.093s
[RQ-VAE] epoch=638 loss=0.00031375 recon=0.00007956 beh=0.000000 w=0.000 lr=8.007e-04 time=0.184s
[RQ-VAE] epoch=639 loss=0.00031205 recon=0.00007956 beh=0.000000 w=0.000 lr=8.003e-04 time=0.092s
[RQ-VAE] epoch=640 loss=0.00031248 recon=0.00007954 beh=0.000000 w=0.000 lr=8.000e-04 time=0.091s
[RQ-VAE] epoch=641 loss=0.00031163 recon=0.00007950 beh=0.000000 w=0.000 lr=7.997e-04 time=0.092s
[RQ-VAE] epoch=642 loss=0.00031305 recon=0.00007950 beh=0.000000 w=0.000 lr=7.993e-04 time=0.092s
[RQ-VAE] epoch=643 loss=0.00031301 recon=0.00007947 beh=0.000000 w=0.000 lr=7.990e-04 time=0.092s
[RQ-VAE] epoch=644 loss=0.00031212 recon=0.00007935 beh=0.000000 w=0.000 lr=7.986e-04 time=0.093s
[RQ-VAE] epoch=645 loss=0.00031571 recon=0.00007964 beh=0.000000 w=0.000 lr=7.983e-04 time=0.096s
[RQ-VAE] epoch=646 loss=0.00031633 recon=0.00007960 beh=0.000000 w=0.000 lr=7.980e-04 time=0.092s
[RQ-VAE] epoch=647 loss=0.00031509 recon=0.00007949 beh=0.000000 w=0.000 lr=7.976e-04 time=0.092s
[RQ-VAE] epoch=648 loss=0.00031512 recon=0.00007929 beh=0.000000 w=0.000 lr=7.973e-04 time=0.092s
[RQ-VAE] epoch=649 loss=0.00031607 recon=0.00007946 beh=0.000000 w=0.000 lr=7.969e-04 time=0.093s
[RQ-VAE] epoch=650 loss=0.00031421 recon=0.00007929 lr=7.966e-04 raw_unique=20542/24587 collision=0.164518 time=0.092s
[RQ-VAE] epoch=651 loss=0.00031545 recon=0.00007943 beh=0.000000 w=0.000 lr=7.963e-04 time=0.093s
[RQ-VAE] epoch=652 loss=0.00031494 recon=0.00007948 beh=0.000000 w=0.000 lr=7.959e-04 time=0.093s
[RQ-VAE] epoch=653 loss=0.00031311 recon=0.00007930 beh=0.000000 w=0.000 lr=7.956e-04 time=0.092s
[RQ-VAE] epoch=654 loss=0.00031305 recon=0.00007945 beh=0.000000 w=0.000 lr=7.953e-04 time=0.092s
[RQ-VAE] epoch=655 loss=0.00031291 recon=0.00007924 beh=0.000000 w=0.000 lr=7.949e-04 time=0.092s
[RQ-VAE] epoch=656 loss=0.00031366 recon=0.00007934 beh=0.000000 w=0.000 lr=7.946e-04 time=0.092s
[RQ-VAE] epoch=657 loss=0.00031240 recon=0.00007939 beh=0.000000 w=0.000 lr=7.942e-04 time=0.092s
[RQ-VAE] epoch=658 loss=0.00031311 recon=0.00007931 beh=0.000000 w=0.000 lr=7.939e-04 time=0.093s
[RQ-VAE] epoch=659 loss=0.00031434 recon=0.00007921 beh=0.000000 w=0.000 lr=7.936e-04 time=0.093s
[RQ-VAE] epoch=660 loss=0.00031256 recon=0.00007918 beh=0.000000 w=0.000 lr=7.932e-04 time=0.092s
[RQ-VAE] epoch=661 loss=0.00031320 recon=0.00007912 beh=0.000000 w=0.000 lr=7.929e-04 time=0.092s
[RQ-VAE] epoch=662 loss=0.00031266 recon=0.00007918 beh=0.000000 w=0.000 lr=7.925e-04 time=0.092s
[RQ-VAE] epoch=663 loss=0.00031072 recon=0.00007912 beh=0.000000 w=0.000 lr=7.922e-04 time=0.092s
[RQ-VAE] epoch=664 loss=0.00031283 recon=0.00007905 beh=0.000000 w=0.000 lr=7.919e-04 time=0.091s
[RQ-VAE] epoch=665 loss=0.00031272 recon=0.00007907 beh=0.000000 w=0.000 lr=7.915e-04 time=0.093s
[RQ-VAE] epoch=666 loss=0.00031263 recon=0.00007894 beh=0.000000 w=0.000 lr=7.912e-04 time=0.092s
[RQ-VAE] epoch=667 loss=0.00031118 recon=0.00007897 beh=0.000000 w=0.000 lr=7.908e-04 time=0.092s
[RQ-VAE] epoch=668 loss=0.00031233 recon=0.00007898 beh=0.000000 w=0.000 lr=7.905e-04 time=0.092s
[RQ-VAE] epoch=669 loss=0.00031180 recon=0.00007880 beh=0.000000 w=0.000 lr=7.902e-04 time=0.093s
[RQ-VAE] epoch=670 loss=0.00031089 recon=0.00007883 beh=0.000000 w=0.000 lr=7.898e-04 time=0.092s
[RQ-VAE] epoch=671 loss=0.00031358 recon=0.00007893 beh=0.000000 w=0.000 lr=7.895e-04 time=0.093s
[RQ-VAE] epoch=672 loss=0.00031263 recon=0.00007872 beh=0.000000 w=0.000 lr=7.892e-04 time=0.091s
[RQ-VAE] epoch=673 loss=0.00031199 recon=0.00007894 beh=0.000000 w=0.000 lr=7.888e-04 time=0.092s
[RQ-VAE] epoch=674 loss=0.00031406 recon=0.00007891 beh=0.000000 w=0.000 lr=7.885e-04 time=0.093s
[RQ-VAE] epoch=675 loss=0.00031547 recon=0.00007901 beh=0.000000 w=0.000 lr=7.881e-04 time=0.093s
[RQ-VAE] epoch=676 loss=0.00031222 recon=0.00007900 beh=0.000000 w=0.000 lr=7.878e-04 time=0.092s
[RQ-VAE] epoch=677 loss=0.00031203 recon=0.00007887 beh=0.000000 w=0.000 lr=7.875e-04 time=0.092s
[RQ-VAE] epoch=678 loss=0.00031306 recon=0.00007878 beh=0.000000 w=0.000 lr=7.871e-04 time=0.092s
[RQ-VAE] epoch=679 loss=0.00031288 recon=0.00007881 beh=0.000000 w=0.000 lr=7.868e-04 time=0.093s
[RQ-VAE] epoch=680 loss=0.00031314 recon=0.00007894 beh=0.000000 w=0.000 lr=7.864e-04 time=0.092s
[RQ-VAE] epoch=681 loss=0.00031408 recon=0.00007891 beh=0.000000 w=0.000 lr=7.861e-04 time=0.093s
[RQ-VAE] epoch=682 loss=0.00031408 recon=0.00007878 beh=0.000000 w=0.000 lr=7.858e-04 time=0.092s
[RQ-VAE] epoch=683 loss=0.00031418 recon=0.00007884 beh=0.000000 w=0.000 lr=7.854e-04 time=0.093s
[RQ-VAE] epoch=684 loss=0.00031418 recon=0.00007881 beh=0.000000 w=0.000 lr=7.851e-04 time=0.092s
[RQ-VAE] epoch=685 loss=0.00031438 recon=0.00007876 beh=0.000000 w=0.000 lr=7.847e-04 time=0.093s
[RQ-VAE] epoch=686 loss=0.00031552 recon=0.00007869 beh=0.000000 w=0.000 lr=7.844e-04 time=0.092s
[RQ-VAE] epoch=687 loss=0.00031465 recon=0.00007853 beh=0.000000 w=0.000 lr=7.841e-04 time=0.092s
[RQ-VAE] epoch=688 loss=0.00031355 recon=0.00007872 beh=0.000000 w=0.000 lr=7.837e-04 time=0.093s
[RQ-VAE] epoch=689 loss=0.00031501 recon=0.00007872 beh=0.000000 w=0.000 lr=7.834e-04 time=0.091s
[RQ-VAE] epoch=690 loss=0.00031611 recon=0.00007872 beh=0.000000 w=0.000 lr=7.831e-04 time=0.092s
[RQ-VAE] epoch=691 loss=0.00031430 recon=0.00007859 beh=0.000000 w=0.000 lr=7.827e-04 time=0.092s
[RQ-VAE] epoch=692 loss=0.00031502 recon=0.00007881 beh=0.000000 w=0.000 lr=7.824e-04 time=0.092s
[RQ-VAE] epoch=693 loss=0.00031484 recon=0.00007876 beh=0.000000 w=0.000 lr=7.820e-04 time=0.092s
[RQ-VAE] epoch=694 loss=0.00031485 recon=0.00007863 beh=0.000000 w=0.000 lr=7.817e-04 time=0.092s
[RQ-VAE] epoch=695 loss=0.00031375 recon=0.00007878 beh=0.000000 w=0.000 lr=7.814e-04 time=0.2s
[RQ-VAE] epoch=696 loss=0.00031540 recon=0.00007865 beh=0.000000 w=0.000 lr=7.810e-04 time=0.091s
[RQ-VAE] epoch=697 loss=0.00031521 recon=0.00007863 beh=0.000000 w=0.000 lr=7.807e-04 time=0.093s
[RQ-VAE] epoch=698 loss=0.00031471 recon=0.00007871 beh=0.000000 w=0.000 lr=7.803e-04 time=0.092s
[RQ-VAE] epoch=699 loss=0.00031683 recon=0.00007860 beh=0.000000 w=0.000 lr=7.800e-04 time=0.092s
[RQ-VAE] epoch=700 loss=0.00031658 recon=0.00007869 lr=7.797e-04 raw_unique=20449/24587 collision=0.168300 time=0.093s
[RQ-VAE] epoch=701 loss=0.00031552 recon=0.00007870 beh=0.000000 w=0.000 lr=7.793e-04 time=0.094s
[RQ-VAE] epoch=702 loss=0.00031684 recon=0.00007851 beh=0.000000 w=0.000 lr=7.790e-04 time=0.092s
[RQ-VAE] epoch=703 loss=0.00031638 recon=0.00007857 beh=0.000000 w=0.000 lr=7.786e-04 time=0.092s
[RQ-VAE] epoch=704 loss=0.00031523 recon=0.00007867 beh=0.000000 w=0.000 lr=7.783e-04 time=0.091s
[RQ-VAE] epoch=705 loss=0.00031536 recon=0.00007870 beh=0.000000 w=0.000 lr=7.780e-04 time=0.094s
[RQ-VAE] epoch=706 loss=0.00031399 recon=0.00007832 beh=0.000000 w=0.000 lr=7.776e-04 time=0.092s
[RQ-VAE] epoch=707 loss=0.00031453 recon=0.00007842 beh=0.000000 w=0.000 lr=7.773e-04 time=0.092s
[RQ-VAE] epoch=708 loss=0.00031464 recon=0.00007845 beh=0.000000 w=0.000 lr=7.769e-04 time=0.092s
[RQ-VAE] epoch=709 loss=0.00031422 recon=0.00007855 beh=0.000000 w=0.000 lr=7.766e-04 time=0.093s
[RQ-VAE] epoch=710 loss=0.00031443 recon=0.00007839 beh=0.000000 w=0.000 lr=7.763e-04 time=0.092s
[RQ-VAE] epoch=711 loss=0.00031496 recon=0.00007843 beh=0.000000 w=0.000 lr=7.759e-04 time=0.093s
[RQ-VAE] epoch=712 loss=0.00031540 recon=0.00007842 beh=0.000000 w=0.000 lr=7.756e-04 time=0.093s
[RQ-VAE] epoch=713 loss=0.00031514 recon=0.00007839 beh=0.000000 w=0.000 lr=7.753e-04 time=0.092s
[RQ-VAE] epoch=714 loss=0.00031376 recon=0.00007837 beh=0.000000 w=0.000 lr=7.749e-04 time=0.093s
[RQ-VAE] epoch=715 loss=0.00031505 recon=0.00007831 beh=0.000000 w=0.000 lr=7.746e-04 time=0.094s
[RQ-VAE] epoch=716 loss=0.00031712 recon=0.00007833 beh=0.000000 w=0.000 lr=7.742e-04 time=0.095s
[RQ-VAE] epoch=717 loss=0.00031588 recon=0.00007817 beh=0.000000 w=0.000 lr=7.739e-04 time=0.094s
[RQ-VAE] epoch=718 loss=0.00031661 recon=0.00007840 beh=0.000000 w=0.000 lr=7.736e-04 time=0.093s
[RQ-VAE] epoch=719 loss=0.00031608 recon=0.00007827 beh=0.000000 w=0.000 lr=7.732e-04 time=0.092s
[RQ-VAE] epoch=720 loss=0.00031599 recon=0.00007833 beh=0.000000 w=0.000 lr=7.729e-04 time=0.092s
[RQ-VAE] epoch=721 loss=0.00031615 recon=0.00007831 beh=0.000000 w=0.000 lr=7.725e-04 time=0.093s
[RQ-VAE] epoch=722 loss=0.00031770 recon=0.00007824 beh=0.000000 w=0.000 lr=7.722e-04 time=0.094s
[RQ-VAE] epoch=723 loss=0.00031719 recon=0.00007824 beh=0.000000 w=0.000 lr=7.719e-04 time=0.093s
[RQ-VAE] epoch=724 loss=0.00031599 recon=0.00007825 beh=0.000000 w=0.000 lr=7.715e-04 time=0.184s
[RQ-VAE] epoch=725 loss=0.00031652 recon=0.00007827 beh=0.000000 w=0.000 lr=7.712e-04 time=0.093s
[RQ-VAE] epoch=726 loss=0.00031727 recon=0.00007807 beh=0.000000 w=0.000 lr=7.708e-04 time=0.093s
[RQ-VAE] epoch=727 loss=0.00031621 recon=0.00007808 beh=0.000000 w=0.000 lr=7.705e-04 time=0.093s
[RQ-VAE] epoch=728 loss=0.00031543 recon=0.00007802 beh=0.000000 w=0.000 lr=7.702e-04 time=0.093s
[RQ-VAE] epoch=729 loss=0.00031649 recon=0.00007833 beh=0.000000 w=0.000 lr=7.698e-04 time=0.092s
[RQ-VAE] epoch=730 loss=0.00031606 recon=0.00007814 beh=0.000000 w=0.000 lr=7.695e-04 time=0.092s
[RQ-VAE] epoch=731 loss=0.00031857 recon=0.00007797 beh=0.000000 w=0.000 lr=7.692e-04 time=0.093s
[RQ-VAE] epoch=732 loss=0.00031631 recon=0.00007813 beh=0.000000 w=0.000 lr=7.688e-04 time=0.092s
[RQ-VAE] epoch=733 loss=0.00031620 recon=0.00007793 beh=0.000000 w=0.000 lr=7.685e-04 time=0.092s
[RQ-VAE] epoch=734 loss=0.00031589 recon=0.00007798 beh=0.000000 w=0.000 lr=7.681e-04 time=0.093s
[RQ-VAE] epoch=735 loss=0.00031590 recon=0.00007807 beh=0.000000 w=0.000 lr=7.678e-04 time=0.093s
[RQ-VAE] epoch=736 loss=0.00031608 recon=0.00007788 beh=0.000000 w=0.000 lr=7.675e-04 time=0.092s
[RQ-VAE] epoch=737 loss=0.00031609 recon=0.00007795 beh=0.000000 w=0.000 lr=7.671e-04 time=0.093s
[RQ-VAE] epoch=738 loss=0.00031539 recon=0.00007796 beh=0.000000 w=0.000 lr=7.668e-04 time=0.093s
[RQ-VAE] epoch=739 loss=0.00031575 recon=0.00007795 beh=0.000000 w=0.000 lr=7.664e-04 time=0.094s
[RQ-VAE] epoch=740 loss=0.00031634 recon=0.00007800 beh=0.000000 w=0.000 lr=7.661e-04 time=0.093s
[RQ-VAE] epoch=741 loss=0.00031743 recon=0.00007803 beh=0.000000 w=0.000 lr=7.658e-04 time=0.093s
[RQ-VAE] epoch=742 loss=0.00031829 recon=0.00007802 beh=0.000000 w=0.000 lr=7.654e-04 time=0.093s
[RQ-VAE] epoch=743 loss=0.00031806 recon=0.00007808 beh=0.000000 w=0.000 lr=7.651e-04 time=0.092s
[RQ-VAE] epoch=744 loss=0.00031679 recon=0.00007812 beh=0.000000 w=0.000 lr=7.647e-04 time=0.194s
[RQ-VAE] epoch=745 loss=0.00031601 recon=0.00007808 beh=0.000000 w=0.000 lr=7.644e-04 time=0.092s
[RQ-VAE] epoch=746 loss=0.00031701 recon=0.00007810 beh=0.000000 w=0.000 lr=7.641e-04 time=0.092s
[RQ-VAE] epoch=747 loss=0.00031762 recon=0.00007815 beh=0.000000 w=0.000 lr=7.637e-04 time=0.093s
[RQ-VAE] epoch=748 loss=0.00031551 recon=0.00007807 beh=0.000000 w=0.000 lr=7.634e-04 time=0.092s
[RQ-VAE] epoch=749 loss=0.00031584 recon=0.00007804 beh=0.000000 w=0.000 lr=7.631e-04 time=0.093s
[RQ-VAE] epoch=750 loss=0.00031455 recon=0.00007787 lr=7.627e-04 raw_unique=20444/24587 collision=0.168504 time=0.092s
[RQ-VAE] epoch=751 loss=0.00031637 recon=0.00007811 beh=0.000000 w=0.000 lr=7.624e-04 time=0.094s
[RQ-VAE] epoch=752 loss=0.00031668 recon=0.00007796 beh=0.000000 w=0.000 lr=7.620e-04 time=0.092s
[RQ-VAE] epoch=753 loss=0.00031676 recon=0.00007803 beh=0.000000 w=0.000 lr=7.617e-04 time=0.092s
[RQ-VAE] epoch=754 loss=0.00031845 recon=0.00007774 beh=0.000000 w=0.000 lr=7.614e-04 time=0.093s
[RQ-VAE] epoch=755 loss=0.00031715 recon=0.00007796 beh=0.000000 w=0.000 lr=7.610e-04 time=0.093s
[RQ-VAE] epoch=756 loss=0.00031686 recon=0.00007775 beh=0.000000 w=0.000 lr=7.607e-04 time=0.093s
[RQ-VAE] epoch=757 loss=0.00031684 recon=0.00007779 beh=0.000000 w=0.000 lr=7.603e-04 time=0.093s
[RQ-VAE] epoch=758 loss=0.00031674 recon=0.00007781 beh=0.000000 w=0.000 lr=7.600e-04 time=0.093s
[RQ-VAE] epoch=759 loss=0.00031735 recon=0.00007765 beh=0.000000 w=0.000 lr=7.597e-04 time=0.185s
[RQ-VAE] epoch=760 loss=0.00031617 recon=0.00007775 beh=0.000000 w=0.000 lr=7.593e-04 time=0.092s
[RQ-VAE] epoch=761 loss=0.00031541 recon=0.00007777 beh=0.000000 w=0.000 lr=7.590e-04 time=0.093s
[RQ-VAE] epoch=762 loss=0.00031705 recon=0.00007770 beh=0.000000 w=0.000 lr=7.586e-04 time=0.093s
[RQ-VAE] epoch=763 loss=0.00031703 recon=0.00007770 beh=0.000000 w=0.000 lr=7.583e-04 time=0.092s
[RQ-VAE] epoch=764 loss=0.00031670 recon=0.00007768 beh=0.000000 w=0.000 lr=7.580e-04 time=0.092s
[RQ-VAE] epoch=765 loss=0.00031533 recon=0.00007758 beh=0.000000 w=0.000 lr=7.576e-04 time=0.092s
[RQ-VAE] epoch=766 loss=0.00031657 recon=0.00007761 beh=0.000000 w=0.000 lr=7.573e-04 time=0.093s
[RQ-VAE] epoch=767 loss=0.00031739 recon=0.00007780 beh=0.000000 w=0.000 lr=7.569e-04 time=0.093s
[RQ-VAE] epoch=768 loss=0.00031822 recon=0.00007775 beh=0.000000 w=0.000 lr=7.566e-04 time=0.092s
[RQ-VAE] epoch=769 loss=0.00031855 recon=0.00007767 beh=0.000000 w=0.000 lr=7.563e-04 time=0.093s
[RQ-VAE] epoch=770 loss=0.00031701 recon=0.00007747 beh=0.000000 w=0.000 lr=7.559e-04 time=0.092s
[RQ-VAE] epoch=771 loss=0.00031586 recon=0.00007761 beh=0.000000 w=0.000 lr=7.556e-04 time=0.092s
[RQ-VAE] epoch=772 loss=0.00031692 recon=0.00007767 beh=0.000000 w=0.000 lr=7.553e-04 time=0.093s
[RQ-VAE] epoch=773 loss=0.00031754 recon=0.00007745 beh=0.000000 w=0.000 lr=7.549e-04 time=0.093s
[RQ-VAE] epoch=774 loss=0.00031549 recon=0.00007775 beh=0.000000 w=0.000 lr=7.546e-04 time=0.093s
[RQ-VAE] epoch=775 loss=0.00031926 recon=0.00007756 beh=0.000000 w=0.000 lr=7.542e-04 time=0.093s
[RQ-VAE] epoch=776 loss=0.00031734 recon=0.00007773 beh=0.000000 w=0.000 lr=7.539e-04 time=0.092s
[RQ-VAE] epoch=777 loss=0.00031830 recon=0.00007756 beh=0.000000 w=0.000 lr=7.536e-04 time=0.092s
[RQ-VAE] epoch=778 loss=0.00031856 recon=0.00007777 beh=0.000000 w=0.000 lr=7.532e-04 time=0.093s
[RQ-VAE] epoch=779 loss=0.00031788 recon=0.00007745 beh=0.000000 w=0.000 lr=7.529e-04 time=0.092s
[RQ-VAE] epoch=780 loss=0.00031713 recon=0.00007738 beh=0.000000 w=0.000 lr=7.525e-04 time=0.092s
[RQ-VAE] epoch=781 loss=0.00031792 recon=0.00007768 beh=0.000000 w=0.000 lr=7.522e-04 time=0.092s
[RQ-VAE] epoch=782 loss=0.00031828 recon=0.00007751 beh=0.000000 w=0.000 lr=7.519e-04 time=0.092s
[RQ-VAE] epoch=783 loss=0.00031841 recon=0.00007743 beh=0.000000 w=0.000 lr=7.515e-04 time=0.092s
[RQ-VAE] epoch=784 loss=0.00031694 recon=0.00007739 beh=0.000000 w=0.000 lr=7.512e-04 time=0.092s
[RQ-VAE] epoch=785 loss=0.00031814 recon=0.00007749 beh=0.000000 w=0.000 lr=7.508e-04 time=0.092s
[RQ-VAE] epoch=786 loss=0.00031838 recon=0.00007727 beh=0.000000 w=0.000 lr=7.505e-04 time=0.092s
[RQ-VAE] epoch=787 loss=0.00031835 recon=0.00007733 beh=0.000000 w=0.000 lr=7.502e-04 time=0.093s
[RQ-VAE] epoch=788 loss=0.00031907 recon=0.00007718 beh=0.000000 w=0.000 lr=7.498e-04 time=0.093s
[RQ-VAE] epoch=789 loss=0.00031866 recon=0.00007723 beh=0.000000 w=0.000 lr=7.495e-04 time=0.093s
[RQ-VAE] epoch=790 loss=0.00031873 recon=0.00007730 beh=0.000000 w=0.000 lr=7.492e-04 time=0.092s
[RQ-VAE] epoch=791 loss=0.00031957 recon=0.00007727 beh=0.000000 w=0.000 lr=7.488e-04 time=0.092s
[RQ-VAE] epoch=792 loss=0.00031948 recon=0.00007704 beh=0.000000 w=0.000 lr=7.485e-04 time=0.093s
[RQ-VAE] epoch=793 loss=0.00031840 recon=0.00007725 beh=0.000000 w=0.000 lr=7.481e-04 time=0.092s
[RQ-VAE] epoch=794 loss=0.00031806 recon=0.00007708 beh=0.000000 w=0.000 lr=7.478e-04 time=0.093s
[RQ-VAE] epoch=795 loss=0.00031851 recon=0.00007710 beh=0.000000 w=0.000 lr=7.475e-04 time=0.093s
[RQ-VAE] epoch=796 loss=0.00032038 recon=0.00007712 beh=0.000000 w=0.000 lr=7.471e-04 time=0.092s
[RQ-VAE] epoch=797 loss=0.00031968 recon=0.00007721 beh=0.000000 w=0.000 lr=7.468e-04 time=0.092s
[RQ-VAE] epoch=798 loss=0.00031939 recon=0.00007710 beh=0.000000 w=0.000 lr=7.464e-04 time=0.093s
[RQ-VAE] epoch=799 loss=0.00032041 recon=0.00007724 beh=0.000000 w=0.000 lr=7.461e-04 time=0.092s
[RQ-VAE] epoch=800 loss=0.00032067 recon=0.00007721 lr=7.458e-04 raw_unique=20449/24587 collision=0.168300 time=0.092s
[RQ-VAE] epoch=801 loss=0.00032006 recon=0.00007710 beh=0.000000 w=0.000 lr=7.454e-04 time=0.097s
[RQ-VAE] epoch=802 loss=0.00032010 recon=0.00007717 beh=0.000000 w=0.000 lr=7.451e-04 time=0.093s
[RQ-VAE] epoch=803 loss=0.00031961 recon=0.00007724 beh=0.000000 w=0.000 lr=7.447e-04 time=0.093s
[RQ-VAE] epoch=804 loss=0.00031902 recon=0.00007727 beh=0.000000 w=0.000 lr=7.444e-04 time=0.093s
[RQ-VAE] epoch=805 loss=0.00031958 recon=0.00007728 beh=0.000000 w=0.000 lr=7.441e-04 time=0.092s
[RQ-VAE] epoch=806 loss=0.00031969 recon=0.00007737 beh=0.000000 w=0.000 lr=7.437e-04 time=0.093s
[RQ-VAE] epoch=807 loss=0.00032024 recon=0.00007724 beh=0.000000 w=0.000 lr=7.434e-04 time=0.092s
[RQ-VAE] epoch=808 loss=0.00031964 recon=0.00007733 beh=0.000000 w=0.000 lr=7.431e-04 time=0.093s
[RQ-VAE] epoch=809 loss=0.00031943 recon=0.00007724 beh=0.000000 w=0.000 lr=7.427e-04 time=0.093s
[RQ-VAE] epoch=810 loss=0.00031799 recon=0.00007731 beh=0.000000 w=0.000 lr=7.424e-04 time=0.092s
[RQ-VAE] epoch=811 loss=0.00031816 recon=0.00007730 beh=0.000000 w=0.000 lr=7.420e-04 time=0.093s
[RQ-VAE] epoch=812 loss=0.00031879 recon=0.00007718 beh=0.000000 w=0.000 lr=7.417e-04 time=0.093s
[RQ-VAE] epoch=813 loss=0.00031828 recon=0.00007694 beh=0.000000 w=0.000 lr=7.414e-04 time=0.092s
[RQ-VAE] epoch=814 loss=0.00032082 recon=0.00007719 beh=0.000000 w=0.000 lr=7.410e-04 time=0.093s
[RQ-VAE] epoch=815 loss=0.00031939 recon=0.00007716 beh=0.000000 w=0.000 lr=7.407e-04 time=0.092s
[RQ-VAE] epoch=816 loss=0.00031929 recon=0.00007704 beh=0.000000 w=0.000 lr=7.403e-04 time=0.184s
[RQ-VAE] epoch=817 loss=0.00031916 recon=0.00007701 beh=0.000000 w=0.000 lr=7.400e-04 time=0.093s
[RQ-VAE] epoch=818 loss=0.00032162 recon=0.00007725 beh=0.000000 w=0.000 lr=7.397e-04 time=0.092s
[RQ-VAE] epoch=819 loss=0.00032069 recon=0.00007721 beh=0.000000 w=0.000 lr=7.393e-04 time=0.093s
[RQ-VAE] epoch=820 loss=0.00031879 recon=0.00007684 beh=0.000000 w=0.000 lr=7.390e-04 time=0.093s
[RQ-VAE] epoch=821 loss=0.00031911 recon=0.00007702 beh=0.000000 w=0.000 lr=7.386e-04 time=0.092s
[RQ-VAE] epoch=822 loss=0.00031926 recon=0.00007687 beh=0.000000 w=0.000 lr=7.383e-04 time=0.093s
[RQ-VAE] epoch=823 loss=0.00032003 recon=0.00007697 beh=0.000000 w=0.000 lr=7.380e-04 time=0.093s
[RQ-VAE] epoch=824 loss=0.00031883 recon=0.00007675 beh=0.000000 w=0.000 lr=7.376e-04 time=0.092s
[RQ-VAE] epoch=825 loss=0.00031801 recon=0.00007687 beh=0.000000 w=0.000 lr=7.373e-04 time=0.093s
[RQ-VAE] epoch=826 loss=0.00031855 recon=0.00007683 beh=0.000000 w=0.000 lr=7.369e-04 time=0.093s
[RQ-VAE] epoch=827 loss=0.00031833 recon=0.00007679 beh=0.000000 w=0.000 lr=7.366e-04 time=0.093s
[RQ-VAE] epoch=828 loss=0.00031784 recon=0.00007675 beh=0.000000 w=0.000 lr=7.363e-04 time=0.092s
[RQ-VAE] epoch=829 loss=0.00031833 recon=0.00007673 beh=0.000000 w=0.000 lr=7.359e-04 time=0.093s
[RQ-VAE] epoch=830 loss=0.00031775 recon=0.00007680 beh=0.000000 w=0.000 lr=7.356e-04 time=0.092s
[RQ-VAE] epoch=831 loss=0.00031868 recon=0.00007676 beh=0.000000 w=0.000 lr=7.353e-04 time=0.092s
[RQ-VAE] epoch=832 loss=0.00031890 recon=0.00007663 beh=0.000000 w=0.000 lr=7.349e-04 time=0.092s
[RQ-VAE] epoch=833 loss=0.00031770 recon=0.00007679 beh=0.000000 w=0.000 lr=7.346e-04 time=0.093s
[RQ-VAE] epoch=834 loss=0.00031875 recon=0.00007660 beh=0.000000 w=0.000 lr=7.342e-04 time=0.092s
[RQ-VAE] epoch=835 loss=0.00031852 recon=0.00007674 beh=0.000000 w=0.000 lr=7.339e-04 time=0.093s
[RQ-VAE] epoch=836 loss=0.00031911 recon=0.00007661 beh=0.000000 w=0.000 lr=7.336e-04 time=0.092s
[RQ-VAE] epoch=837 loss=0.00031812 recon=0.00007667 beh=0.000000 w=0.000 lr=7.332e-04 time=0.093s
[RQ-VAE] epoch=838 loss=0.00031876 recon=0.00007671 beh=0.000000 w=0.000 lr=7.329e-04 time=0.092s
[RQ-VAE] epoch=839 loss=0.00032154 recon=0.00007662 beh=0.000000 w=0.000 lr=7.325e-04 time=0.092s
[RQ-VAE] epoch=840 loss=0.00031961 recon=0.00007675 beh=0.000000 w=0.000 lr=7.322e-04 time=0.092s
[RQ-VAE] epoch=841 loss=0.00031991 recon=0.00007661 beh=0.000000 w=0.000 lr=7.319e-04 time=0.092s
[RQ-VAE] epoch=842 loss=0.00031895 recon=0.00007654 beh=0.000000 w=0.000 lr=7.315e-04 time=0.092s
[RQ-VAE] epoch=843 loss=0.00031932 recon=0.00007653 beh=0.000000 w=0.000 lr=7.312e-04 time=0.093s
[RQ-VAE] epoch=844 loss=0.00032001 recon=0.00007650 beh=0.000000 w=0.000 lr=7.308e-04 time=0.093s
[RQ-VAE] epoch=845 loss=0.00031905 recon=0.00007670 beh=0.000000 w=0.000 lr=7.305e-04 time=0.185s
[RQ-VAE] epoch=846 loss=0.00031953 recon=0.00007647 beh=0.000000 w=0.000 lr=7.302e-04 time=0.093s
[RQ-VAE] epoch=847 loss=0.00031937 recon=0.00007645 beh=0.000000 w=0.000 lr=7.298e-04 time=0.091s
[RQ-VAE] epoch=848 loss=0.00031856 recon=0.00007654 beh=0.000000 w=0.000 lr=7.295e-04 time=0.093s
[RQ-VAE] epoch=849 loss=0.00031724 recon=0.00007662 beh=0.000000 w=0.000 lr=7.292e-04 time=0.092s
[RQ-VAE] epoch=850 loss=0.00031914 recon=0.00007650 lr=7.288e-04 raw_unique=20482/24587 collision=0.166958 time=0.093s
[RQ-VAE] epoch=851 loss=0.00032024 recon=0.00007650 beh=0.000000 w=0.000 lr=7.285e-04 time=0.094s
[RQ-VAE] epoch=852 loss=0.00032031 recon=0.00007643 beh=0.000000 w=0.000 lr=7.281e-04 time=0.092s
[RQ-VAE] epoch=853 loss=0.00031869 recon=0.00007649 beh=0.000000 w=0.000 lr=7.278e-04 time=0.092s
[RQ-VAE] epoch=854 loss=0.00031844 recon=0.00007663 beh=0.000000 w=0.000 lr=7.275e-04 time=0.093s
[RQ-VAE] epoch=855 loss=0.00031887 recon=0.00007636 beh=0.000000 w=0.000 lr=7.271e-04 time=0.091s
[RQ-VAE] epoch=856 loss=0.00031817 recon=0.00007661 beh=0.000000 w=0.000 lr=7.268e-04 time=0.093s
[RQ-VAE] epoch=857 loss=0.00031752 recon=0.00007630 beh=0.000000 w=0.000 lr=7.264e-04 time=0.093s
[RQ-VAE] epoch=858 loss=0.00031857 recon=0.00007626 beh=0.000000 w=0.000 lr=7.261e-04 time=0.093s
[RQ-VAE] epoch=859 loss=0.00031723 recon=0.00007632 beh=0.000000 w=0.000 lr=7.258e-04 time=0.092s
[RQ-VAE] epoch=860 loss=0.00031914 recon=0.00007644 beh=0.000000 w=0.000 lr=7.254e-04 time=0.093s
[RQ-VAE] epoch=861 loss=0.00031898 recon=0.00007641 beh=0.000000 w=0.000 lr=7.251e-04 time=0.092s
[RQ-VAE] epoch=862 loss=0.00031878 recon=0.00007656 beh=0.000000 w=0.000 lr=7.247e-04 time=0.093s
[RQ-VAE] epoch=863 loss=0.00031805 recon=0.00007649 beh=0.000000 w=0.000 lr=7.244e-04 time=0.092s
[RQ-VAE] epoch=864 loss=0.00032026 recon=0.00007635 beh=0.000000 w=0.000 lr=7.241e-04 time=0.092s
[RQ-VAE] epoch=865 loss=0.00032046 recon=0.00007650 beh=0.000000 w=0.000 lr=7.237e-04 time=0.181s
[RQ-VAE] epoch=866 loss=0.00032043 recon=0.00007674 beh=0.000000 w=0.000 lr=7.234e-04 time=0.092s
[RQ-VAE] epoch=867 loss=0.00032059 recon=0.00007669 beh=0.000000 w=0.000 lr=7.231e-04 time=0.093s
[RQ-VAE] epoch=868 loss=0.00032134 recon=0.00007639 beh=0.000000 w=0.000 lr=7.227e-04 time=0.093s
[RQ-VAE] epoch=869 loss=0.00032054 recon=0.00007642 beh=0.000000 w=0.000 lr=7.224e-04 time=0.092s
[RQ-VAE] epoch=870 loss=0.00031951 recon=0.00007650 beh=0.000000 w=0.000 lr=7.220e-04 time=0.092s
[RQ-VAE] epoch=871 loss=0.00032076 recon=0.00007626 beh=0.000000 w=0.000 lr=7.217e-04 time=0.093s
[RQ-VAE] epoch=872 loss=0.00031798 recon=0.00007616 beh=0.000000 w=0.000 lr=7.214e-04 time=0.093s
[RQ-VAE] epoch=873 loss=0.00031969 recon=0.00007645 beh=0.000000 w=0.000 lr=7.210e-04 time=0.093s
[RQ-VAE] epoch=874 loss=0.00031919 recon=0.00007623 beh=0.000000 w=0.000 lr=7.207e-04 time=0.092s
[RQ-VAE] epoch=875 loss=0.00031812 recon=0.00007641 beh=0.000000 w=0.000 lr=7.203e-04 time=0.093s
[RQ-VAE] epoch=876 loss=0.00032004 recon=0.00007622 beh=0.000000 w=0.000 lr=7.200e-04 time=0.094s
[RQ-VAE] epoch=877 loss=0.00032132 recon=0.00007628 beh=0.000000 w=0.000 lr=7.197e-04 time=0.092s
[RQ-VAE] epoch=878 loss=0.00032131 recon=0.00007643 beh=0.000000 w=0.000 lr=7.193e-04 time=0.093s
[RQ-VAE] epoch=879 loss=0.00031978 recon=0.00007629 beh=0.000000 w=0.000 lr=7.190e-04 time=0.092s
[RQ-VAE] epoch=880 loss=0.00031926 recon=0.00007622 beh=0.000000 w=0.000 lr=7.186e-04 time=0.183s
[RQ-VAE] epoch=881 loss=0.00032013 recon=0.00007611 beh=0.000000 w=0.000 lr=7.183e-04 time=0.092s
[RQ-VAE] epoch=882 loss=0.00031961 recon=0.00007615 beh=0.000000 w=0.000 lr=7.180e-04 time=0.092s
[RQ-VAE] epoch=883 loss=0.00031876 recon=0.00007634 beh=0.000000 w=0.000 lr=7.176e-04 time=0.092s
[RQ-VAE] epoch=884 loss=0.00031968 recon=0.00007616 beh=0.000000 w=0.000 lr=7.173e-04 time=0.093s
[RQ-VAE] epoch=885 loss=0.00031991 recon=0.00007625 beh=0.000000 w=0.000 lr=7.169e-04 time=0.092s
[RQ-VAE] epoch=886 loss=0.00032074 recon=0.00007619 beh=0.000000 w=0.000 lr=7.166e-04 time=0.093s
[RQ-VAE] epoch=887 loss=0.00031898 recon=0.00007615 beh=0.000000 w=0.000 lr=7.163e-04 time=0.093s
[RQ-VAE] epoch=888 loss=0.00031866 recon=0.00007616 beh=0.000000 w=0.000 lr=7.159e-04 time=0.093s
[RQ-VAE] epoch=889 loss=0.00032040 recon=0.00007602 beh=0.000000 w=0.000 lr=7.156e-04 time=0.093s
[RQ-VAE] epoch=890 loss=0.00031812 recon=0.00007603 beh=0.000000 w=0.000 lr=7.153e-04 time=0.092s
[RQ-VAE] epoch=891 loss=0.00031963 recon=0.00007637 beh=0.000000 w=0.000 lr=7.149e-04 time=0.093s
[RQ-VAE] epoch=892 loss=0.00031993 recon=0.00007620 beh=0.000000 w=0.000 lr=7.146e-04 time=0.091s
[RQ-VAE] epoch=893 loss=0.00032073 recon=0.00007620 beh=0.000000 w=0.000 lr=7.142e-04 time=0.092s
[RQ-VAE] epoch=894 loss=0.00031986 recon=0.00007613 beh=0.000000 w=0.000 lr=7.139e-04 time=0.093s
[RQ-VAE] epoch=895 loss=0.00032156 recon=0.00007599 beh=0.000000 w=0.000 lr=7.136e-04 time=0.092s
[RQ-VAE] epoch=896 loss=0.00032003 recon=0.00007612 beh=0.000000 w=0.000 lr=7.132e-04 time=0.092s
[RQ-VAE] epoch=897 loss=0.00032083 recon=0.00007605 beh=0.000000 w=0.000 lr=7.129e-04 time=0.092s
[RQ-VAE] epoch=898 loss=0.00031979 recon=0.00007583 beh=0.000000 w=0.000 lr=7.125e-04 time=0.092s
[RQ-VAE] epoch=899 loss=0.00032027 recon=0.00007581 beh=0.000000 w=0.000 lr=7.122e-04 time=0.093s
[RQ-VAE] epoch=900 loss=0.00031894 recon=0.00007583 lr=7.119e-04 raw_unique=20439/24587 collision=0.168707 time=0.092s
[RQ-VAE] epoch=901 loss=0.00031950 recon=0.00007594 beh=0.000000 w=0.000 lr=7.115e-04 time=0.093s
[RQ-VAE] epoch=902 loss=0.00032008 recon=0.00007584 beh=0.000000 w=0.000 lr=7.112e-04 time=0.092s
[RQ-VAE] epoch=903 loss=0.00032030 recon=0.00007603 beh=0.000000 w=0.000 lr=7.108e-04 time=0.092s
[RQ-VAE] epoch=904 loss=0.00032122 recon=0.00007577 beh=0.000000 w=0.000 lr=7.105e-04 time=0.091s
[RQ-VAE] epoch=905 loss=0.00032208 recon=0.00007595 beh=0.000000 w=0.000 lr=7.102e-04 time=0.092s
[RQ-VAE] epoch=906 loss=0.00032276 recon=0.00007602 beh=0.000000 w=0.000 lr=7.098e-04 time=0.092s
[RQ-VAE] epoch=907 loss=0.00032035 recon=0.00007601 beh=0.000000 w=0.000 lr=7.095e-04 time=0.092s
[RQ-VAE] epoch=908 loss=0.00031967 recon=0.00007585 beh=0.000000 w=0.000 lr=7.092e-04 time=0.092s
[RQ-VAE] epoch=909 loss=0.00031937 recon=0.00007576 beh=0.000000 w=0.000 lr=7.088e-04 time=0.092s
[RQ-VAE] epoch=910 loss=0.00031932 recon=0.00007572 beh=0.000000 w=0.000 lr=7.085e-04 time=0.092s
[RQ-VAE] epoch=911 loss=0.00031911 recon=0.00007576 beh=0.000000 w=0.000 lr=7.081e-04 time=0.092s
[RQ-VAE] epoch=912 loss=0.00031947 recon=0.00007580 beh=0.000000 w=0.000 lr=7.078e-04 time=0.093s
[RQ-VAE] epoch=913 loss=0.00032073 recon=0.00007574 beh=0.000000 w=0.000 lr=7.075e-04 time=0.092s
[RQ-VAE] epoch=914 loss=0.00032217 recon=0.00007578 beh=0.000000 w=0.000 lr=7.071e-04 time=0.091s
[RQ-VAE] epoch=915 loss=0.00031992 recon=0.00007569 beh=0.000000 w=0.000 lr=7.068e-04 time=0.092s
[RQ-VAE] epoch=916 loss=0.00032015 recon=0.00007583 beh=0.000000 w=0.000 lr=7.064e-04 time=0.092s
[RQ-VAE] epoch=917 loss=0.00032164 recon=0.00007579 beh=0.000000 w=0.000 lr=7.061e-04 time=0.092s
[RQ-VAE] epoch=918 loss=0.00031891 recon=0.00007574 beh=0.000000 w=0.000 lr=7.058e-04 time=0.093s
[RQ-VAE] epoch=919 loss=0.00032169 recon=0.00007586 beh=0.000000 w=0.000 lr=7.054e-04 time=0.092s
[RQ-VAE] epoch=920 loss=0.00032224 recon=0.00007576 beh=0.000000 w=0.000 lr=7.051e-04 time=0.092s
[RQ-VAE] epoch=921 loss=0.00032190 recon=0.00007576 beh=0.000000 w=0.000 lr=7.047e-04 time=0.092s
[RQ-VAE] epoch=922 loss=0.00032060 recon=0.00007579 beh=0.000000 w=0.000 lr=7.044e-04 time=0.092s
[RQ-VAE] epoch=923 loss=0.00031799 recon=0.00007586 beh=0.000000 w=0.000 lr=7.041e-04 time=0.093s
[RQ-VAE] epoch=924 loss=0.00031976 recon=0.00007566 beh=0.000000 w=0.000 lr=7.037e-04 time=0.092s
[RQ-VAE] epoch=925 loss=0.00032171 recon=0.00007578 beh=0.000000 w=0.000 lr=7.034e-04 time=0.092s
[RQ-VAE] epoch=926 loss=0.00031924 recon=0.00007576 beh=0.000000 w=0.000 lr=7.031e-04 time=0.092s
[RQ-VAE] epoch=927 loss=0.00031956 recon=0.00007563 beh=0.000000 w=0.000 lr=7.027e-04 time=0.092s
[RQ-VAE] epoch=928 loss=0.00032059 recon=0.00007561 beh=0.000000 w=0.000 lr=7.024e-04 time=0.092s
[RQ-VAE] epoch=929 loss=0.00032002 recon=0.00007566 beh=0.000000 w=0.000 lr=7.020e-04 time=0.093s
[RQ-VAE] epoch=930 loss=0.00032008 recon=0.00007572 beh=0.000000 w=0.000 lr=7.017e-04 time=0.093s
[RQ-VAE] epoch=931 loss=0.00031989 recon=0.00007569 beh=0.000000 w=0.000 lr=7.014e-04 time=0.093s
[RQ-VAE] epoch=932 loss=0.00032121 recon=0.00007552 beh=0.000000 w=0.000 lr=7.010e-04 time=0.091s
[RQ-VAE] epoch=933 loss=0.00032152 recon=0.00007563 beh=0.000000 w=0.000 lr=7.007e-04 time=0.092s
[RQ-VAE] epoch=934 loss=0.00031954 recon=0.00007554 beh=0.000000 w=0.000 lr=7.003e-04 time=0.092s
[RQ-VAE] epoch=935 loss=0.00031977 recon=0.00007562 beh=0.000000 w=0.000 lr=7.000e-04 time=0.093s
[RQ-VAE] epoch=936 loss=0.00031950 recon=0.00007556 beh=0.000000 w=0.000 lr=6.997e-04 time=0.093s
[RQ-VAE] epoch=937 loss=0.00031950 recon=0.00007545 beh=0.000000 w=0.000 lr=6.993e-04 time=0.19s
[RQ-VAE] epoch=938 loss=0.00032077 recon=0.00007555 beh=0.000000 w=0.000 lr=6.990e-04 time=0.091s
[RQ-VAE] epoch=939 loss=0.00032043 recon=0.00007567 beh=0.000000 w=0.000 lr=6.986e-04 time=0.093s
[RQ-VAE] epoch=940 loss=0.00031977 recon=0.00007549 beh=0.000000 w=0.000 lr=6.983e-04 time=0.092s
[RQ-VAE] epoch=941 loss=0.00031909 recon=0.00007532 beh=0.000000 w=0.000 lr=6.980e-04 time=0.092s
[RQ-VAE] epoch=942 loss=0.00031913 recon=0.00007539 beh=0.000000 w=0.000 lr=6.976e-04 time=0.092s
[RQ-VAE] epoch=943 loss=0.00032046 recon=0.00007535 beh=0.000000 w=0.000 lr=6.973e-04 time=0.092s
[RQ-VAE] epoch=944 loss=0.00032208 recon=0.00007532 beh=0.000000 w=0.000 lr=6.969e-04 time=0.092s
[RQ-VAE] epoch=945 loss=0.00032092 recon=0.00007549 beh=0.000000 w=0.000 lr=6.966e-04 time=0.093s
[RQ-VAE] epoch=946 loss=0.00032134 recon=0.00007541 beh=0.000000 w=0.000 lr=6.963e-04 time=0.092s
[RQ-VAE] epoch=947 loss=0.00031919 recon=0.00007525 beh=0.000000 w=0.000 lr=6.959e-04 time=0.093s
[RQ-VAE] epoch=948 loss=0.00031887 recon=0.00007524 beh=0.000000 w=0.000 lr=6.956e-04 time=0.092s
[RQ-VAE] epoch=949 loss=0.00031937 recon=0.00007524 beh=0.000000 w=0.000 lr=6.953e-04 time=0.092s
[RQ-VAE] epoch=950 loss=0.00031848 recon=0.00007512 lr=6.949e-04 raw_unique=20465/24587 collision=0.167650 time=0.093s
[RQ-VAE] epoch=951 loss=0.00032140 recon=0.00007522 beh=0.000000 w=0.000 lr=6.946e-04 time=0.093s
[RQ-VAE] epoch=952 loss=0.00031963 recon=0.00007520 beh=0.000000 w=0.000 lr=6.942e-04 time=0.092s
[RQ-VAE] epoch=953 loss=0.00032017 recon=0.00007525 beh=0.000000 w=0.000 lr=6.939e-04 time=0.092s
[RQ-VAE] epoch=954 loss=0.00032139 recon=0.00007521 beh=0.000000 w=0.000 lr=6.936e-04 time=0.092s
[RQ-VAE] epoch=955 loss=0.00032036 recon=0.00007517 beh=0.000000 w=0.000 lr=6.932e-04 time=0.092s
[RQ-VAE] epoch=956 loss=0.00031914 recon=0.00007518 beh=0.000000 w=0.000 lr=6.929e-04 time=0.092s
[RQ-VAE] epoch=957 loss=0.00031952 recon=0.00007512 beh=0.000000 w=0.000 lr=6.925e-04 time=0.093s
[RQ-VAE] epoch=958 loss=0.00032198 recon=0.00007525 beh=0.000000 w=0.000 lr=6.922e-04 time=0.092s
[RQ-VAE] epoch=959 loss=0.00032296 recon=0.00007528 beh=0.000000 w=0.000 lr=6.919e-04 time=0.091s
[RQ-VAE] epoch=960 loss=0.00032263 recon=0.00007522 beh=0.000000 w=0.000 lr=6.915e-04 time=0.092s
[RQ-VAE] epoch=961 loss=0.00032075 recon=0.00007519 beh=0.000000 w=0.000 lr=6.912e-04 time=0.092s
[RQ-VAE] epoch=962 loss=0.00032027 recon=0.00007520 beh=0.000000 w=0.000 lr=6.908e-04 time=0.093s
[RQ-VAE] epoch=963 loss=0.00032171 recon=0.00007531 beh=0.000000 w=0.000 lr=6.905e-04 time=0.092s
[RQ-VAE] epoch=964 loss=0.00032222 recon=0.00007534 beh=0.000000 w=0.000 lr=6.902e-04 time=0.092s
[RQ-VAE] epoch=965 loss=0.00032092 recon=0.00007522 beh=0.000000 w=0.000 lr=6.898e-04 time=0.093s
[RQ-VAE] epoch=966 loss=0.00032057 recon=0.00007535 beh=0.000000 w=0.000 lr=6.895e-04 time=0.184s
[RQ-VAE] epoch=967 loss=0.00032133 recon=0.00007516 beh=0.000000 w=0.000 lr=6.892e-04 time=0.092s
[RQ-VAE] epoch=968 loss=0.00032175 recon=0.00007511 beh=0.000000 w=0.000 lr=6.888e-04 time=0.093s
[RQ-VAE] epoch=969 loss=0.00032296 recon=0.00007515 beh=0.000000 w=0.000 lr=6.885e-04 time=0.092s
[RQ-VAE] epoch=970 loss=0.00032178 recon=0.00007511 beh=0.000000 w=0.000 lr=6.881e-04 time=0.092s
[RQ-VAE] epoch=971 loss=0.00032074 recon=0.00007500 beh=0.000000 w=0.000 lr=6.878e-04 time=0.092s
[RQ-VAE] epoch=972 loss=0.00032002 recon=0.00007504 beh=0.000000 w=0.000 lr=6.875e-04 time=0.092s
[RQ-VAE] epoch=973 loss=0.00032129 recon=0.00007517 beh=0.000000 w=0.000 lr=6.871e-04 time=0.093s
[RQ-VAE] epoch=974 loss=0.00032100 recon=0.00007512 beh=0.000000 w=0.000 lr=6.868e-04 time=0.093s
[RQ-VAE] epoch=975 loss=0.00032286 recon=0.00007507 beh=0.000000 w=0.000 lr=6.864e-04 time=0.093s
[RQ-VAE] epoch=976 loss=0.00032316 recon=0.00007494 beh=0.000000 w=0.000 lr=6.861e-04 time=0.093s
[RQ-VAE] epoch=977 loss=0.00032105 recon=0.00007522 beh=0.000000 w=0.000 lr=6.858e-04 time=0.092s
[RQ-VAE] epoch=978 loss=0.00032222 recon=0.00007521 beh=0.000000 w=0.000 lr=6.854e-04 time=0.092s
[RQ-VAE] epoch=979 loss=0.00032084 recon=0.00007501 beh=0.000000 w=0.000 lr=6.851e-04 time=0.092s
[RQ-VAE] epoch=980 loss=0.00032134 recon=0.00007533 beh=0.000000 w=0.000 lr=6.847e-04 time=0.092s
[RQ-VAE] epoch=981 loss=0.00032279 recon=0.00007505 beh=0.000000 w=0.000 lr=6.844e-04 time=0.092s
[RQ-VAE] epoch=982 loss=0.00032243 recon=0.00007502 beh=0.000000 w=0.000 lr=6.841e-04 time=0.092s
[RQ-VAE] epoch=983 loss=0.00032185 recon=0.00007489 beh=0.000000 w=0.000 lr=6.837e-04 time=0.093s
[RQ-VAE] epoch=984 loss=0.00032238 recon=0.00007511 beh=0.000000 w=0.000 lr=6.834e-04 time=0.093s
[RQ-VAE] epoch=985 loss=0.00032289 recon=0.00007495 beh=0.000000 w=0.000 lr=6.831e-04 time=0.188s
[RQ-VAE] epoch=986 loss=0.00032303 recon=0.00007485 beh=0.000000 w=0.000 lr=6.827e-04 time=0.092s
[RQ-VAE] epoch=987 loss=0.00032253 recon=0.00007487 beh=0.000000 w=0.000 lr=6.824e-04 time=0.092s
[RQ-VAE] epoch=988 loss=0.00031973 recon=0.00007485 beh=0.000000 w=0.000 lr=6.820e-04 time=0.092s
[RQ-VAE] epoch=989 loss=0.00032187 recon=0.00007506 beh=0.000000 w=0.000 lr=6.817e-04 time=0.092s
[RQ-VAE] epoch=990 loss=0.00032337 recon=0.00007512 beh=0.000000 w=0.000 lr=6.814e-04 time=0.092s
[RQ-VAE] epoch=991 loss=0.00032429 recon=0.00007505 beh=0.000000 w=0.000 lr=6.810e-04 time=0.092s
[RQ-VAE] epoch=992 loss=0.00032066 recon=0.00007506 beh=0.000000 w=0.000 lr=6.807e-04 time=0.092s
[RQ-VAE] epoch=993 loss=0.00032123 recon=0.00007514 beh=0.000000 w=0.000 lr=6.803e-04 time=0.093s
[RQ-VAE] epoch=994 loss=0.00032198 recon=0.00007490 beh=0.000000 w=0.000 lr=6.800e-04 time=0.092s
[RQ-VAE] epoch=995 loss=0.00032124 recon=0.00007488 beh=0.000000 w=0.000 lr=6.797e-04 time=0.093s
[RQ-VAE] epoch=996 loss=0.00032326 recon=0.00007495 beh=0.000000 w=0.000 lr=6.793e-04 time=0.093s
[RQ-VAE] epoch=997 loss=0.00032309 recon=0.00007522 beh=0.000000 w=0.000 lr=6.790e-04 time=0.092s
[RQ-VAE] epoch=998 loss=0.00032410 recon=0.00007509 beh=0.000000 w=0.000 lr=6.786e-04 time=0.092s
[RQ-VAE] epoch=999 loss=0.00032373 recon=0.00007489 beh=0.000000 w=0.000 lr=6.783e-04 time=0.092s
[RQ-VAE] epoch=1000 loss=0.00032214 recon=0.00007490 lr=6.780e-04 raw_unique=20487/24587 collision=0.166755 time=0.184s
[RQ-VAE] epoch=1001 loss=0.00032273 recon=0.00007491 beh=0.000000 w=0.000 lr=6.776e-04 time=0.093s
[RQ-VAE] epoch=1002 loss=0.00032525 recon=0.00007500 beh=0.000000 w=0.000 lr=6.773e-04 time=0.092s
[RQ-VAE] epoch=1003 loss=0.00032395 recon=0.00007492 beh=0.000000 w=0.000 lr=6.769e-04 time=0.092s
[RQ-VAE] epoch=1004 loss=0.00032279 recon=0.00007478 beh=0.000000 w=0.000 lr=6.766e-04 time=0.092s
[RQ-VAE] epoch=1005 loss=0.00032154 recon=0.00007491 beh=0.000000 w=0.000 lr=6.763e-04 time=0.092s
[RQ-VAE] epoch=1006 loss=0.00032482 recon=0.00007473 beh=0.000000 w=0.000 lr=6.759e-04 time=0.092s
[RQ-VAE] epoch=1007 loss=0.00032375 recon=0.00007477 beh=0.000000 w=0.000 lr=6.756e-04 time=0.092s
[RQ-VAE] epoch=1008 loss=0.00032291 recon=0.00007487 beh=0.000000 w=0.000 lr=6.753e-04 time=0.092s
[RQ-VAE] epoch=1009 loss=0.00032258 recon=0.00007477 beh=0.000000 w=0.000 lr=6.749e-04 time=0.092s
[RQ-VAE] epoch=1010 loss=0.00032236 recon=0.00007474 beh=0.000000 w=0.000 lr=6.746e-04 time=0.092s
[RQ-VAE] epoch=1011 loss=0.00032481 recon=0.00007486 beh=0.000000 w=0.000 lr=6.742e-04 time=0.093s
[RQ-VAE] epoch=1012 loss=0.00032299 recon=0.00007495 beh=0.000000 w=0.000 lr=6.739e-04 time=0.092s
[RQ-VAE] epoch=1013 loss=0.00032427 recon=0.00007504 beh=0.000000 w=0.000 lr=6.736e-04 time=0.093s
[RQ-VAE] epoch=1014 loss=0.00032373 recon=0.00007480 beh=0.000000 w=0.000 lr=6.732e-04 time=0.093s
[RQ-VAE] epoch=1015 loss=0.00032485 recon=0.00007473 beh=0.000000 w=0.000 lr=6.729e-04 time=0.092s
[RQ-VAE] epoch=1016 loss=0.00032349 recon=0.00007466 beh=0.000000 w=0.000 lr=6.725e-04 time=0.092s
[RQ-VAE] epoch=1017 loss=0.00032256 recon=0.00007485 beh=0.000000 w=0.000 lr=6.722e-04 time=0.092s
[RQ-VAE] epoch=1018 loss=0.00032351 recon=0.00007475 beh=0.000000 w=0.000 lr=6.719e-04 time=0.092s
[RQ-VAE] epoch=1019 loss=0.00032191 recon=0.00007473 beh=0.000000 w=0.000 lr=6.715e-04 time=0.092s
[RQ-VAE] epoch=1020 loss=0.00032219 recon=0.00007470 beh=0.000000 w=0.000 lr=6.712e-04 time=0.092s
[RQ-VAE] epoch=1021 loss=0.00032269 recon=0.00007465 beh=0.000000 w=0.000 lr=6.708e-04 time=0.093s
[RQ-VAE] epoch=1022 loss=0.00032023 recon=0.00007467 beh=0.000000 w=0.000 lr=6.705e-04 time=0.092s
[RQ-VAE] epoch=1023 loss=0.00032064 recon=0.00007462 beh=0.000000 w=0.000 lr=6.702e-04 time=0.093s
[RQ-VAE] epoch=1024 loss=0.00032187 recon=0.00007470 beh=0.000000 w=0.000 lr=6.698e-04 time=0.092s
[RQ-VAE] epoch=1025 loss=0.00032094 recon=0.00007462 beh=0.000000 w=0.000 lr=6.695e-04 time=0.093s
[RQ-VAE] epoch=1026 loss=0.00032147 recon=0.00007455 beh=0.000000 w=0.000 lr=6.692e-04 time=0.092s
[RQ-VAE] epoch=1027 loss=0.00032055 recon=0.00007457 beh=0.000000 w=0.000 lr=6.688e-04 time=0.093s
[RQ-VAE] epoch=1028 loss=0.00032208 recon=0.00007453 beh=0.000000 w=0.000 lr=6.685e-04 time=0.092s
[RQ-VAE] epoch=1029 loss=0.00032183 recon=0.00007459 beh=0.000000 w=0.000 lr=6.681e-04 time=0.093s
[RQ-VAE] epoch=1030 loss=0.00032284 recon=0.00007464 beh=0.000000 w=0.000 lr=6.678e-04 time=0.092s
[RQ-VAE] epoch=1031 loss=0.00032264 recon=0.00007460 beh=0.000000 w=0.000 lr=6.675e-04 time=0.092s
[RQ-VAE] epoch=1032 loss=0.00032247 recon=0.00007464 beh=0.000000 w=0.000 lr=6.671e-04 time=0.092s
[RQ-VAE] epoch=1033 loss=0.00032323 recon=0.00007440 beh=0.000000 w=0.000 lr=6.668e-04 time=0.093s
[RQ-VAE] epoch=1034 loss=0.00032224 recon=0.00007434 beh=0.000000 w=0.000 lr=6.664e-04 time=0.093s
[RQ-VAE] epoch=1035 loss=0.00032154 recon=0.00007443 beh=0.000000 w=0.000 lr=6.661e-04 time=0.092s
[RQ-VAE] epoch=1036 loss=0.00032279 recon=0.00007466 beh=0.000000 w=0.000 lr=6.658e-04 time=0.092s
[RQ-VAE] epoch=1037 loss=0.00032407 recon=0.00007450 beh=0.000000 w=0.000 lr=6.654e-04 time=0.093s
[RQ-VAE] epoch=1038 loss=0.00032411 recon=0.00007447 beh=0.000000 w=0.000 lr=6.651e-04 time=0.092s
[RQ-VAE] epoch=1039 loss=0.00032325 recon=0.00007459 beh=0.000000 w=0.000 lr=6.647e-04 time=0.093s
[RQ-VAE] epoch=1040 loss=0.00032305 recon=0.00007467 beh=0.000000 w=0.000 lr=6.644e-04 time=0.094s
[RQ-VAE] epoch=1041 loss=0.00032333 recon=0.00007473 beh=0.000000 w=0.000 lr=6.641e-04 time=0.093s
[RQ-VAE] epoch=1042 loss=0.00032312 recon=0.00007457 beh=0.000000 w=0.000 lr=6.637e-04 time=0.093s
[RQ-VAE] epoch=1043 loss=0.00032500 recon=0.00007472 beh=0.000000 w=0.000 lr=6.634e-04 time=0.092s
[RQ-VAE] epoch=1044 loss=0.00032462 recon=0.00007453 beh=0.000000 w=0.000 lr=6.631e-04 time=0.092s
[RQ-VAE] epoch=1045 loss=0.00032424 recon=0.00007466 beh=0.000000 w=0.000 lr=6.627e-04 time=0.093s
[RQ-VAE] epoch=1046 loss=0.00032420 recon=0.00007451 beh=0.000000 w=0.000 lr=6.624e-04 time=0.092s
[RQ-VAE] epoch=1047 loss=0.00032482 recon=0.00007463 beh=0.000000 w=0.000 lr=6.620e-04 time=0.093s
[RQ-VAE] epoch=1048 loss=0.00032524 recon=0.00007449 beh=0.000000 w=0.000 lr=6.617e-04 time=0.091s
[RQ-VAE] epoch=1049 loss=0.00032411 recon=0.00007439 beh=0.000000 w=0.000 lr=6.614e-04 time=0.093s
[RQ-VAE] epoch=1050 loss=0.00032330 recon=0.00007456 lr=6.610e-04 raw_unique=20447/24587 collision=0.168382 time=0.093s
[RQ-VAE] epoch=1051 loss=0.00032257 recon=0.00007438 beh=0.000000 w=0.000 lr=6.607e-04 time=0.093s
[RQ-VAE] epoch=1052 loss=0.00032382 recon=0.00007423 beh=0.000000 w=0.000 lr=6.603e-04 time=0.092s
[RQ-VAE] epoch=1053 loss=0.00032398 recon=0.00007443 beh=0.000000 w=0.000 lr=6.600e-04 time=0.093s
[RQ-VAE] epoch=1054 loss=0.00032426 recon=0.00007438 beh=0.000000 w=0.000 lr=6.597e-04 time=0.092s
[RQ-VAE] epoch=1055 loss=0.00032557 recon=0.00007451 beh=0.000000 w=0.000 lr=6.593e-04 time=0.092s
[RQ-VAE] epoch=1056 loss=0.00032376 recon=0.00007438 beh=0.000000 w=0.000 lr=6.590e-04 time=0.092s
[RQ-VAE] epoch=1057 loss=0.00032298 recon=0.00007426 beh=0.000000 w=0.000 lr=6.586e-04 time=0.19s
[RQ-VAE] epoch=1058 loss=0.00032278 recon=0.00007426 beh=0.000000 w=0.000 lr=6.583e-04 time=0.092s
[RQ-VAE] epoch=1059 loss=0.00032171 recon=0.00007433 beh=0.000000 w=0.000 lr=6.580e-04 time=0.092s
[RQ-VAE] epoch=1060 loss=0.00032256 recon=0.00007417 beh=0.000000 w=0.000 lr=6.576e-04 time=0.093s
[RQ-VAE] epoch=1061 loss=0.00032291 recon=0.00007427 beh=0.000000 w=0.000 lr=6.573e-04 time=0.093s
[RQ-VAE] epoch=1062 loss=0.00032394 recon=0.00007415 beh=0.000000 w=0.000 lr=6.569e-04 time=0.092s
[RQ-VAE] epoch=1063 loss=0.00032388 recon=0.00007408 beh=0.000000 w=0.000 lr=6.566e-04 time=0.093s
[RQ-VAE] epoch=1064 loss=0.00032095 recon=0.00007423 beh=0.000000 w=0.000 lr=6.563e-04 time=0.093s
[RQ-VAE] epoch=1065 loss=0.00032122 recon=0.00007423 beh=0.000000 w=0.000 lr=6.559e-04 time=0.092s
[RQ-VAE] epoch=1066 loss=0.00032133 recon=0.00007417 beh=0.000000 w=0.000 lr=6.556e-04 time=0.092s
[RQ-VAE] epoch=1067 loss=0.00032224 recon=0.00007408 beh=0.000000 w=0.000 lr=6.553e-04 time=0.093s
[RQ-VAE] epoch=1068 loss=0.00032206 recon=0.00007412 beh=0.000000 w=0.000 lr=6.549e-04 time=0.092s
[RQ-VAE] epoch=1069 loss=0.00032281 recon=0.00007403 beh=0.000000 w=0.000 lr=6.546e-04 time=0.092s
[RQ-VAE] epoch=1070 loss=0.00032418 recon=0.00007404 beh=0.000000 w=0.000 lr=6.542e-04 time=0.092s
[RQ-VAE] epoch=1071 loss=0.00032345 recon=0.00007413 beh=0.000000 w=0.000 lr=6.539e-04 time=0.092s
[RQ-VAE] epoch=1072 loss=0.00031879 recon=0.00007400 beh=0.000000 w=0.000 lr=6.536e-04 time=0.093s
[RQ-VAE] epoch=1073 loss=0.00032037 recon=0.00007398 beh=0.000000 w=0.000 lr=6.532e-04 time=0.093s
[RQ-VAE] epoch=1074 loss=0.00032009 recon=0.00007404 beh=0.000000 w=0.000 lr=6.529e-04 time=0.092s
[RQ-VAE] epoch=1075 loss=0.00032136 recon=0.00007406 beh=0.000000 w=0.000 lr=6.525e-04 time=0.093s
[RQ-VAE] epoch=1076 loss=0.00032180 recon=0.00007403 beh=0.000000 w=0.000 lr=6.522e-04 time=0.092s
[RQ-VAE] epoch=1077 loss=0.00032219 recon=0.00007408 beh=0.000000 w=0.000 lr=6.519e-04 time=0.093s
[RQ-VAE] epoch=1078 loss=0.00032195 recon=0.00007417 beh=0.000000 w=0.000 lr=6.515e-04 time=0.092s
[RQ-VAE] epoch=1079 loss=0.00032157 recon=0.00007403 beh=0.000000 w=0.000 lr=6.512e-04 time=0.092s
[RQ-VAE] epoch=1080 loss=0.00032288 recon=0.00007412 beh=0.000000 w=0.000 lr=6.508e-04 time=0.093s
[RQ-VAE] epoch=1081 loss=0.00032358 recon=0.00007380 beh=0.000000 w=0.000 lr=6.505e-04 time=0.092s
[RQ-VAE] epoch=1082 loss=0.00032177 recon=0.00007415 beh=0.000000 w=0.000 lr=6.502e-04 time=0.093s
[RQ-VAE] epoch=1083 loss=0.00032405 recon=0.00007410 beh=0.000000 w=0.000 lr=6.498e-04 time=0.092s
[RQ-VAE] epoch=1084 loss=0.00032326 recon=0.00007405 beh=0.000000 w=0.000 lr=6.495e-04 time=0.092s
[RQ-VAE] epoch=1085 loss=0.00032393 recon=0.00007402 beh=0.000000 w=0.000 lr=6.492e-04 time=0.092s
[RQ-VAE] epoch=1086 loss=0.00032272 recon=0.00007410 beh=0.000000 w=0.000 lr=6.488e-04 time=0.185s
[RQ-VAE] epoch=1087 loss=0.00032392 recon=0.00007399 beh=0.000000 w=0.000 lr=6.485e-04 time=0.092s
[RQ-VAE] epoch=1088 loss=0.00032309 recon=0.00007400 beh=0.000000 w=0.000 lr=6.481e-04 time=0.093s
[RQ-VAE] epoch=1089 loss=0.00032427 recon=0.00007410 beh=0.000000 w=0.000 lr=6.478e-04 time=0.092s
[RQ-VAE] epoch=1090 loss=0.00032476 recon=0.00007397 beh=0.000000 w=0.000 lr=6.475e-04 time=0.093s
[RQ-VAE] epoch=1091 loss=0.00032427 recon=0.00007398 beh=0.000000 w=0.000 lr=6.471e-04 time=0.093s
[RQ-VAE] epoch=1092 loss=0.00032416 recon=0.00007399 beh=0.000000 w=0.000 lr=6.468e-04 time=0.093s
[RQ-VAE] epoch=1093 loss=0.00032282 recon=0.00007397 beh=0.000000 w=0.000 lr=6.464e-04 time=0.092s
[RQ-VAE] epoch=1094 loss=0.00032214 recon=0.00007419 beh=0.000000 w=0.000 lr=6.461e-04 time=0.093s
[RQ-VAE] epoch=1095 loss=0.00032300 recon=0.00007396 beh=0.000000 w=0.000 lr=6.458e-04 time=0.092s
[RQ-VAE] epoch=1096 loss=0.00032288 recon=0.00007389 beh=0.000000 w=0.000 lr=6.454e-04 time=0.092s
[RQ-VAE] epoch=1097 loss=0.00032206 recon=0.00007398 beh=0.000000 w=0.000 lr=6.451e-04 time=0.093s
[RQ-VAE] epoch=1098 loss=0.00032175 recon=0.00007386 beh=0.000000 w=0.000 lr=6.447e-04 time=0.093s
[RQ-VAE] epoch=1099 loss=0.00032170 recon=0.00007389 beh=0.000000 w=0.000 lr=6.444e-04 time=0.094s
[RQ-VAE] epoch=1100 loss=0.00032368 recon=0.00007396 lr=6.441e-04 raw_unique=20497/24587 collision=0.166348 time=0.092s
[RQ-VAE] epoch=1101 loss=0.00032429 recon=0.00007404 beh=0.000000 w=0.000 lr=6.437e-04 time=0.092s
[RQ-VAE] epoch=1102 loss=0.00032321 recon=0.00007397 beh=0.000000 w=0.000 lr=6.434e-04 time=0.093s
[RQ-VAE] epoch=1103 loss=0.00032341 recon=0.00007398 beh=0.000000 w=0.000 lr=6.431e-04 time=0.093s
[RQ-VAE] epoch=1104 loss=0.00032468 recon=0.00007381 beh=0.000000 w=0.000 lr=6.427e-04 time=0.092s
[RQ-VAE] epoch=1105 loss=0.00032475 recon=0.00007395 beh=0.000000 w=0.000 lr=6.424e-04 time=0.093s
[RQ-VAE] epoch=1106 loss=0.00032676 recon=0.00007395 beh=0.000000 w=0.000 lr=6.420e-04 time=0.186s
[RQ-VAE] epoch=1107 loss=0.00032214 recon=0.00007387 beh=0.000000 w=0.000 lr=6.417e-04 time=0.093s
[RQ-VAE] epoch=1108 loss=0.00032275 recon=0.00007367 beh=0.000000 w=0.000 lr=6.414e-04 time=0.093s
[RQ-VAE] epoch=1109 loss=0.00032047 recon=0.00007365 beh=0.000000 w=0.000 lr=6.410e-04 time=0.093s
[RQ-VAE] epoch=1110 loss=0.00032199 recon=0.00007367 beh=0.000000 w=0.000 lr=6.407e-04 time=0.094s
[RQ-VAE] epoch=1111 loss=0.00032331 recon=0.00007364 beh=0.000000 w=0.000 lr=6.403e-04 time=0.093s
[RQ-VAE] epoch=1112 loss=0.00032269 recon=0.00007387 beh=0.000000 w=0.000 lr=6.400e-04 time=0.093s
[RQ-VAE] epoch=1113 loss=0.00032411 recon=0.00007379 beh=0.000000 w=0.000 lr=6.397e-04 time=0.093s
[RQ-VAE] epoch=1114 loss=0.00032440 recon=0.00007374 beh=0.000000 w=0.000 lr=6.393e-04 time=0.094s
[RQ-VAE] epoch=1115 loss=0.00032317 recon=0.00007378 beh=0.000000 w=0.000 lr=6.390e-04 time=0.092s
[RQ-VAE] epoch=1116 loss=0.00032307 recon=0.00007378 beh=0.000000 w=0.000 lr=6.386e-04 time=0.093s
[RQ-VAE] epoch=1117 loss=0.00032508 recon=0.00007379 beh=0.000000 w=0.000 lr=6.383e-04 time=0.093s
[RQ-VAE] epoch=1118 loss=0.00032398 recon=0.00007367 beh=0.000000 w=0.000 lr=6.380e-04 time=0.093s
[RQ-VAE] epoch=1119 loss=0.00032243 recon=0.00007369 beh=0.000000 w=0.000 lr=6.376e-04 time=0.093s
[RQ-VAE] epoch=1120 loss=0.00032353 recon=0.00007383 beh=0.000000 w=0.000 lr=6.373e-04 time=0.093s
[RQ-VAE] epoch=1121 loss=0.00032454 recon=0.00007360 beh=0.000000 w=0.000 lr=6.369e-04 time=0.184s
[RQ-VAE] epoch=1122 loss=0.00032398 recon=0.00007387 beh=0.000000 w=0.000 lr=6.366e-04 time=0.092s
[RQ-VAE] epoch=1123 loss=0.00032495 recon=0.00007389 beh=0.000000 w=0.000 lr=6.363e-04 time=0.093s
[RQ-VAE] epoch=1124 loss=0.00032768 recon=0.00007377 beh=0.000000 w=0.000 lr=6.359e-04 time=0.093s
[RQ-VAE] epoch=1125 loss=0.00032472 recon=0.00007365 beh=0.000000 w=0.000 lr=6.356e-04 time=0.092s
[RQ-VAE] epoch=1126 loss=0.00032345 recon=0.00007377 beh=0.000000 w=0.000 lr=6.353e-04 time=0.093s
[RQ-VAE] epoch=1127 loss=0.00032498 recon=0.00007373 beh=0.000000 w=0.000 lr=6.349e-04 time=0.093s
[RQ-VAE] epoch=1128 loss=0.00032466 recon=0.00007380 beh=0.000000 w=0.000 lr=6.346e-04 time=0.092s
[RQ-VAE] epoch=1129 loss=0.00032531 recon=0.00007394 beh=0.000000 w=0.000 lr=6.342e-04 time=0.093s
[RQ-VAE] epoch=1130 loss=0.00032752 recon=0.00007382 beh=0.000000 w=0.000 lr=6.339e-04 time=0.092s
[RQ-VAE] epoch=1131 loss=0.00032677 recon=0.00007378 beh=0.000000 w=0.000 lr=6.336e-04 time=0.092s
[RQ-VAE] epoch=1132 loss=0.00032598 recon=0.00007373 beh=0.000000 w=0.000 lr=6.332e-04 time=0.092s
[RQ-VAE] epoch=1133 loss=0.00032504 recon=0.00007399 beh=0.000000 w=0.000 lr=6.329e-04 time=0.093s
[RQ-VAE] epoch=1134 loss=0.00032417 recon=0.00007385 beh=0.000000 w=0.000 lr=6.325e-04 time=0.092s
[RQ-VAE] epoch=1135 loss=0.00032737 recon=0.00007366 beh=0.000000 w=0.000 lr=6.322e-04 time=0.093s
[RQ-VAE] epoch=1136 loss=0.00032530 recon=0.00007390 beh=0.000000 w=0.000 lr=6.319e-04 time=0.093s
[RQ-VAE] epoch=1137 loss=0.00032403 recon=0.00007373 beh=0.000000 w=0.000 lr=6.315e-04 time=0.093s
[RQ-VAE] epoch=1138 loss=0.00032378 recon=0.00007381 beh=0.000000 w=0.000 lr=6.312e-04 time=0.094s
[RQ-VAE] epoch=1139 loss=0.00032488 recon=0.00007377 beh=0.000000 w=0.000 lr=6.308e-04 time=0.093s
[RQ-VAE] epoch=1140 loss=0.00032572 recon=0.00007376 beh=0.000000 w=0.000 lr=6.305e-04 time=0.093s
[RQ-VAE] epoch=1141 loss=0.00032577 recon=0.00007373 beh=0.000000 w=0.000 lr=6.302e-04 time=0.093s
[RQ-VAE] epoch=1142 loss=0.00032765 recon=0.00007354 beh=0.000000 w=0.000 lr=6.298e-04 time=0.092s
[RQ-VAE] epoch=1143 loss=0.00032458 recon=0.00007352 beh=0.000000 w=0.000 lr=6.295e-04 time=0.093s
[RQ-VAE] epoch=1144 loss=0.00032495 recon=0.00007364 beh=0.000000 w=0.000 lr=6.292e-04 time=0.093s
[RQ-VAE] epoch=1145 loss=0.00032384 recon=0.00007359 beh=0.000000 w=0.000 lr=6.288e-04 time=0.093s
[RQ-VAE] epoch=1146 loss=0.00032444 recon=0.00007364 beh=0.000000 w=0.000 lr=6.285e-04 time=0.093s
[RQ-VAE] epoch=1147 loss=0.00032314 recon=0.00007366 beh=0.000000 w=0.000 lr=6.281e-04 time=0.092s
[RQ-VAE] epoch=1148 loss=0.00032410 recon=0.00007342 beh=0.000000 w=0.000 lr=6.278e-04 time=0.092s
[RQ-VAE] epoch=1149 loss=0.00032213 recon=0.00007358 beh=0.000000 w=0.000 lr=6.275e-04 time=0.092s
[RQ-VAE] epoch=1150 loss=0.00032382 recon=0.00007346 lr=6.271e-04 raw_unique=20546/24587 collision=0.164355 time=0.092s
[RQ-VAE] epoch=1151 loss=0.00032367 recon=0.00007340 beh=0.000000 w=0.000 lr=6.268e-04 time=0.094s
[RQ-VAE] epoch=1152 loss=0.00032397 recon=0.00007338 beh=0.000000 w=0.000 lr=6.264e-04 time=0.093s
[RQ-VAE] epoch=1153 loss=0.00032383 recon=0.00007361 beh=0.000000 w=0.000 lr=6.261e-04 time=0.092s
[RQ-VAE] epoch=1154 loss=0.00032342 recon=0.00007327 beh=0.000000 w=0.000 lr=6.258e-04 time=0.093s
[RQ-VAE] epoch=1155 loss=0.00032247 recon=0.00007347 beh=0.000000 w=0.000 lr=6.254e-04 time=0.094s
[RQ-VAE] epoch=1156 loss=0.00032502 recon=0.00007324 beh=0.000000 w=0.000 lr=6.251e-04 time=0.092s
[RQ-VAE] epoch=1157 loss=0.00032509 recon=0.00007340 beh=0.000000 w=0.000 lr=6.247e-04 time=0.092s
[RQ-VAE] epoch=1158 loss=0.00032386 recon=0.00007347 beh=0.000000 w=0.000 lr=6.244e-04 time=0.093s
[RQ-VAE] epoch=1159 loss=0.00032520 recon=0.00007336 beh=0.000000 w=0.000 lr=6.241e-04 time=0.093s
[RQ-VAE] epoch=1160 loss=0.00032373 recon=0.00007326 beh=0.000000 w=0.000 lr=6.237e-04 time=0.093s
[RQ-VAE] epoch=1161 loss=0.00032719 recon=0.00007335 beh=0.000000 w=0.000 lr=6.234e-04 time=0.092s
[RQ-VAE] epoch=1162 loss=0.00032504 recon=0.00007321 beh=0.000000 w=0.000 lr=6.231e-04 time=0.092s
[RQ-VAE] epoch=1163 loss=0.00032413 recon=0.00007358 beh=0.000000 w=0.000 lr=6.227e-04 time=0.093s
[RQ-VAE] epoch=1164 loss=0.00032518 recon=0.00007325 beh=0.000000 w=0.000 lr=6.224e-04 time=0.093s
[RQ-VAE] epoch=1165 loss=0.00032425 recon=0.00007335 beh=0.000000 w=0.000 lr=6.220e-04 time=0.092s
[RQ-VAE] epoch=1166 loss=0.00032213 recon=0.00007334 beh=0.000000 w=0.000 lr=6.217e-04 time=0.092s
[RQ-VAE] epoch=1167 loss=0.00032407 recon=0.00007334 beh=0.000000 w=0.000 lr=6.214e-04 time=0.093s
[RQ-VAE] epoch=1168 loss=0.00032485 recon=0.00007338 beh=0.000000 w=0.000 lr=6.210e-04 time=0.092s
[RQ-VAE] epoch=1169 loss=0.00032505 recon=0.00007344 beh=0.000000 w=0.000 lr=6.207e-04 time=0.092s
[RQ-VAE] epoch=1170 loss=0.00032590 recon=0.00007337 beh=0.000000 w=0.000 lr=6.203e-04 time=0.093s
[RQ-VAE] epoch=1171 loss=0.00032482 recon=0.00007331 beh=0.000000 w=0.000 lr=6.200e-04 time=0.092s
[RQ-VAE] epoch=1172 loss=0.00032410 recon=0.00007343 beh=0.000000 w=0.000 lr=6.197e-04 time=0.093s
[RQ-VAE] epoch=1173 loss=0.00032370 recon=0.00007341 beh=0.000000 w=0.000 lr=6.193e-04 time=0.093s
[RQ-VAE] epoch=1174 loss=0.00032515 recon=0.00007333 beh=0.000000 w=0.000 lr=6.190e-04 time=0.093s
[RQ-VAE] epoch=1175 loss=0.00032787 recon=0.00007341 beh=0.000000 w=0.000 lr=6.186e-04 time=0.093s
[RQ-VAE] epoch=1176 loss=0.00032541 recon=0.00007320 beh=0.000000 w=0.000 lr=6.183e-04 time=0.091s
[RQ-VAE] epoch=1177 loss=0.00032551 recon=0.00007338 beh=0.000000 w=0.000 lr=6.180e-04 time=0.092s
[RQ-VAE] epoch=1178 loss=0.00032387 recon=0.00007322 beh=0.000000 w=0.000 lr=6.176e-04 time=0.192s
[RQ-VAE] epoch=1179 loss=0.00032417 recon=0.00007335 beh=0.000000 w=0.000 lr=6.173e-04 time=0.092s
[RQ-VAE] epoch=1180 loss=0.00032309 recon=0.00007327 beh=0.000000 w=0.000 lr=6.169e-04 time=0.092s
[RQ-VAE] epoch=1181 loss=0.00032396 recon=0.00007322 beh=0.000000 w=0.000 lr=6.166e-04 time=0.093s
[RQ-VAE] epoch=1182 loss=0.00032308 recon=0.00007336 beh=0.000000 w=0.000 lr=6.163e-04 time=0.092s
[RQ-VAE] epoch=1183 loss=0.00032387 recon=0.00007334 beh=0.000000 w=0.000 lr=6.159e-04 time=0.092s
[RQ-VAE] epoch=1184 loss=0.00032377 recon=0.00007343 beh=0.000000 w=0.000 lr=6.156e-04 time=0.092s
[RQ-VAE] epoch=1185 loss=0.00032290 recon=0.00007323 beh=0.000000 w=0.000 lr=6.153e-04 time=0.093s
[RQ-VAE] epoch=1186 loss=0.00032387 recon=0.00007334 beh=0.000000 w=0.000 lr=6.149e-04 time=0.092s
[RQ-VAE] epoch=1187 loss=0.00032476 recon=0.00007329 beh=0.000000 w=0.000 lr=6.146e-04 time=0.092s
[RQ-VAE] epoch=1188 loss=0.00032465 recon=0.00007327 beh=0.000000 w=0.000 lr=6.142e-04 time=0.093s
[RQ-VAE] epoch=1189 loss=0.00032329 recon=0.00007318 beh=0.000000 w=0.000 lr=6.139e-04 time=0.094s
[RQ-VAE] epoch=1190 loss=0.00032349 recon=0.00007319 beh=0.000000 w=0.000 lr=6.136e-04 time=0.093s
[RQ-VAE] epoch=1191 loss=0.00032485 recon=0.00007318 beh=0.000000 w=0.000 lr=6.132e-04 time=0.093s
[RQ-VAE] epoch=1192 loss=0.00032394 recon=0.00007313 beh=0.000000 w=0.000 lr=6.129e-04 time=0.093s
[RQ-VAE] epoch=1193 loss=0.00032473 recon=0.00007317 beh=0.000000 w=0.000 lr=6.125e-04 time=0.091s
[RQ-VAE] epoch=1194 loss=0.00032338 recon=0.00007310 beh=0.000000 w=0.000 lr=6.122e-04 time=0.093s
[RQ-VAE] epoch=1195 loss=0.00032381 recon=0.00007313 beh=0.000000 w=0.000 lr=6.119e-04 time=0.094s
[RQ-VAE] epoch=1196 loss=0.00032443 recon=0.00007313 beh=0.000000 w=0.000 lr=6.115e-04 time=0.092s
[RQ-VAE] epoch=1197 loss=0.00032354 recon=0.00007311 beh=0.000000 w=0.000 lr=6.112e-04 time=0.092s
[RQ-VAE] epoch=1198 loss=0.00032495 recon=0.00007328 beh=0.000000 w=0.000 lr=6.108e-04 time=0.092s
[RQ-VAE] epoch=1199 loss=0.00032433 recon=0.00007311 beh=0.000000 w=0.000 lr=6.105e-04 time=0.093s
[RQ-VAE] epoch=1200 loss=0.00032407 recon=0.00007310 lr=6.102e-04 raw_unique=20442/24587 collision=0.168585 time=0.093s
[RQ-VAE] epoch=1201 loss=0.00032544 recon=0.00007310 beh=0.000000 w=0.000 lr=6.098e-04 time=0.093s
[RQ-VAE] epoch=1202 loss=0.00032425 recon=0.00007309 beh=0.000000 w=0.000 lr=6.095e-04 time=0.092s
[RQ-VAE] epoch=1203 loss=0.00032422 recon=0.00007301 beh=0.000000 w=0.000 lr=6.092e-04 time=0.092s
[RQ-VAE] epoch=1204 loss=0.00032372 recon=0.00007304 beh=0.000000 w=0.000 lr=6.088e-04 time=0.092s
[RQ-VAE] epoch=1205 loss=0.00032462 recon=0.00007284 beh=0.000000 w=0.000 lr=6.085e-04 time=0.092s
[RQ-VAE] epoch=1206 loss=0.00032376 recon=0.00007315 beh=0.000000 w=0.000 lr=6.081e-04 time=0.093s
[RQ-VAE] epoch=1207 loss=0.00032382 recon=0.00007313 beh=0.000000 w=0.000 lr=6.078e-04 time=0.187s
[RQ-VAE] epoch=1208 loss=0.00032504 recon=0.00007312 beh=0.000000 w=0.000 lr=6.075e-04 time=0.093s
[RQ-VAE] epoch=1209 loss=0.00032441 recon=0.00007305 beh=0.000000 w=0.000 lr=6.071e-04 time=0.093s
[RQ-VAE] epoch=1210 loss=0.00032392 recon=0.00007331 beh=0.000000 w=0.000 lr=6.068e-04 time=0.092s
[RQ-VAE] epoch=1211 loss=0.00032611 recon=0.00007303 beh=0.000000 w=0.000 lr=6.064e-04 time=0.092s
[RQ-VAE] epoch=1212 loss=0.00032540 recon=0.00007316 beh=0.000000 w=0.000 lr=6.061e-04 time=0.092s
[RQ-VAE] epoch=1213 loss=0.00032765 recon=0.00007307 beh=0.000000 w=0.000 lr=6.058e-04 time=0.092s
[RQ-VAE] epoch=1214 loss=0.00032518 recon=0.00007312 beh=0.000000 w=0.000 lr=6.054e-04 time=0.092s
[RQ-VAE] epoch=1215 loss=0.00032363 recon=0.00007317 beh=0.000000 w=0.000 lr=6.051e-04 time=0.092s
[RQ-VAE] epoch=1216 loss=0.00032464 recon=0.00007319 beh=0.000000 w=0.000 lr=6.047e-04 time=0.092s
[RQ-VAE] epoch=1217 loss=0.00032539 recon=0.00007306 beh=0.000000 w=0.000 lr=6.044e-04 time=0.092s
[RQ-VAE] epoch=1218 loss=0.00032591 recon=0.00007319 beh=0.000000 w=0.000 lr=6.041e-04 time=0.093s
[RQ-VAE] epoch=1219 loss=0.00032605 recon=0.00007310 beh=0.000000 w=0.000 lr=6.037e-04 time=0.092s
[RQ-VAE] epoch=1220 loss=0.00032610 recon=0.00007300 beh=0.000000 w=0.000 lr=6.034e-04 time=0.092s
[RQ-VAE] epoch=1221 loss=0.00032646 recon=0.00007294 beh=0.000000 w=0.000 lr=6.031e-04 time=0.093s
[RQ-VAE] epoch=1222 loss=0.00032529 recon=0.00007326 beh=0.000000 w=0.000 lr=6.027e-04 time=0.093s
[RQ-VAE] epoch=1223 loss=0.00032443 recon=0.00007291 beh=0.000000 w=0.000 lr=6.024e-04 time=0.092s
[RQ-VAE] epoch=1224 loss=0.00032411 recon=0.00007294 beh=0.000000 w=0.000 lr=6.020e-04 time=0.093s
[RQ-VAE] epoch=1225 loss=0.00032622 recon=0.00007293 beh=0.000000 w=0.000 lr=6.017e-04 time=0.092s
[RQ-VAE] epoch=1226 loss=0.00032639 recon=0.00007289 beh=0.000000 w=0.000 lr=6.014e-04 time=0.092s
[RQ-VAE] epoch=1227 loss=0.00032626 recon=0.00007299 beh=0.000000 w=0.000 lr=6.010e-04 time=0.184s
[RQ-VAE] epoch=1228 loss=0.00032665 recon=0.00007307 beh=0.000000 w=0.000 lr=6.007e-04 time=0.093s
[RQ-VAE] epoch=1229 loss=0.00032624 recon=0.00007300 beh=0.000000 w=0.000 lr=6.003e-04 time=0.092s
[RQ-VAE] epoch=1230 loss=0.00032679 recon=0.00007296 beh=0.000000 w=0.000 lr=6.000e-04 time=0.093s
[RQ-VAE] epoch=1231 loss=0.00032703 recon=0.00007309 beh=0.000000 w=0.000 lr=5.997e-04 time=0.091s
[RQ-VAE] epoch=1232 loss=0.00032600 recon=0.00007288 beh=0.000000 w=0.000 lr=5.993e-04 time=0.093s
[RQ-VAE] epoch=1233 loss=0.00032733 recon=0.00007299 beh=0.000000 w=0.000 lr=5.990e-04 time=0.094s
[RQ-VAE] epoch=1234 loss=0.00032784 recon=0.00007290 beh=0.000000 w=0.000 lr=5.986e-04 time=0.093s
[RQ-VAE] epoch=1235 loss=0.00032542 recon=0.00007300 beh=0.000000 w=0.000 lr=5.983e-04 time=0.093s
[RQ-VAE] epoch=1236 loss=0.00032604 recon=0.00007308 beh=0.000000 w=0.000 lr=5.980e-04 time=0.093s
[RQ-VAE] epoch=1237 loss=0.00032587 recon=0.00007291 beh=0.000000 w=0.000 lr=5.976e-04 time=0.092s
[RQ-VAE] epoch=1238 loss=0.00032637 recon=0.00007295 beh=0.000000 w=0.000 lr=5.973e-04 time=0.092s
[RQ-VAE] epoch=1239 loss=0.00032747 recon=0.00007304 beh=0.000000 w=0.000 lr=5.969e-04 time=0.092s
[RQ-VAE] epoch=1240 loss=0.00032673 recon=0.00007284 beh=0.000000 w=0.000 lr=5.966e-04 time=0.093s
[RQ-VAE] epoch=1241 loss=0.00032497 recon=0.00007288 beh=0.000000 w=0.000 lr=5.963e-04 time=0.093s
[RQ-VAE] epoch=1242 loss=0.00032483 recon=0.00007274 beh=0.000000 w=0.000 lr=5.959e-04 time=0.184s
[RQ-VAE] epoch=1243 loss=0.00032609 recon=0.00007276 beh=0.000000 w=0.000 lr=5.956e-04 time=0.094s
[RQ-VAE] epoch=1244 loss=0.00032531 recon=0.00007283 beh=0.000000 w=0.000 lr=5.953e-04 time=0.093s
[RQ-VAE] epoch=1245 loss=0.00032685 recon=0.00007288 beh=0.000000 w=0.000 lr=5.949e-04 time=0.096s
[RQ-VAE] epoch=1246 loss=0.00032788 recon=0.00007272 beh=0.000000 w=0.000 lr=5.946e-04 time=0.094s
[RQ-VAE] epoch=1247 loss=0.00032636 recon=0.00007284 beh=0.000000 w=0.000 lr=5.942e-04 time=0.094s
[RQ-VAE] epoch=1248 loss=0.00032836 recon=0.00007285 beh=0.000000 w=0.000 lr=5.939e-04 time=0.095s
[RQ-VAE] epoch=1249 loss=0.00032756 recon=0.00007299 beh=0.000000 w=0.000 lr=5.936e-04 time=0.092s
[RQ-VAE] epoch=1250 loss=0.00032559 recon=0.00007282 lr=5.932e-04 raw_unique=20501/24587 collision=0.166185 time=0.092s
[RQ-VAE] epoch=1251 loss=0.00032528 recon=0.00007276 beh=0.000000 w=0.000 lr=5.929e-04 time=0.093s
[RQ-VAE] epoch=1252 loss=0.00032791 recon=0.00007262 beh=0.000000 w=0.000 lr=5.925e-04 time=0.092s
[RQ-VAE] epoch=1253 loss=0.00032599 recon=0.00007265 beh=0.000000 w=0.000 lr=5.922e-04 time=0.092s
[RQ-VAE] epoch=1254 loss=0.00032630 recon=0.00007293 beh=0.000000 w=0.000 lr=5.919e-04 time=0.092s
[RQ-VAE] epoch=1255 loss=0.00032528 recon=0.00007262 beh=0.000000 w=0.000 lr=5.915e-04 time=0.091s
[RQ-VAE] epoch=1256 loss=0.00032491 recon=0.00007279 beh=0.000000 w=0.000 lr=5.912e-04 time=0.091s
[RQ-VAE] epoch=1257 loss=0.00032483 recon=0.00007266 beh=0.000000 w=0.000 lr=5.908e-04 time=0.091s
[RQ-VAE] epoch=1258 loss=0.00032573 recon=0.00007267 beh=0.000000 w=0.000 lr=5.905e-04 time=0.092s
[RQ-VAE] epoch=1259 loss=0.00032722 recon=0.00007283 beh=0.000000 w=0.000 lr=5.902e-04 time=0.092s
[RQ-VAE] epoch=1260 loss=0.00032613 recon=0.00007274 beh=0.000000 w=0.000 lr=5.898e-04 time=0.092s
[RQ-VAE] epoch=1261 loss=0.00032693 recon=0.00007281 beh=0.000000 w=0.000 lr=5.895e-04 time=0.092s
[RQ-VAE] epoch=1262 loss=0.00032660 recon=0.00007270 beh=0.000000 w=0.000 lr=5.892e-04 time=0.093s
[RQ-VAE] epoch=1263 loss=0.00032665 recon=0.00007286 beh=0.000000 w=0.000 lr=5.888e-04 time=0.093s
[RQ-VAE] epoch=1264 loss=0.00032565 recon=0.00007288 beh=0.000000 w=0.000 lr=5.885e-04 time=0.092s
[RQ-VAE] epoch=1265 loss=0.00032711 recon=0.00007294 beh=0.000000 w=0.000 lr=5.881e-04 time=0.093s
[RQ-VAE] epoch=1266 loss=0.00032783 recon=0.00007261 beh=0.000000 w=0.000 lr=5.878e-04 time=0.091s
[RQ-VAE] epoch=1267 loss=0.00032715 recon=0.00007267 beh=0.000000 w=0.000 lr=5.875e-04 time=0.093s
[RQ-VAE] epoch=1268 loss=0.00032665 recon=0.00007282 beh=0.000000 w=0.000 lr=5.871e-04 time=0.092s
[RQ-VAE] epoch=1269 loss=0.00032551 recon=0.00007262 beh=0.000000 w=0.000 lr=5.868e-04 time=0.092s
[RQ-VAE] epoch=1270 loss=0.00032582 recon=0.00007272 beh=0.000000 w=0.000 lr=5.864e-04 time=0.092s
[RQ-VAE] epoch=1271 loss=0.00032742 recon=0.00007281 beh=0.000000 w=0.000 lr=5.861e-04 time=0.092s
[RQ-VAE] epoch=1272 loss=0.00032795 recon=0.00007257 beh=0.000000 w=0.000 lr=5.858e-04 time=0.092s
[RQ-VAE] epoch=1273 loss=0.00032926 recon=0.00007272 beh=0.000000 w=0.000 lr=5.854e-04 time=0.092s
[RQ-VAE] epoch=1274 loss=0.00032609 recon=0.00007277 beh=0.000000 w=0.000 lr=5.851e-04 time=0.092s
[RQ-VAE] epoch=1275 loss=0.00032677 recon=0.00007280 beh=0.000000 w=0.000 lr=5.847e-04 time=0.092s
[RQ-VAE] epoch=1276 loss=0.00032727 recon=0.00007265 beh=0.000000 w=0.000 lr=5.844e-04 time=0.092s
[RQ-VAE] epoch=1277 loss=0.00032865 recon=0.00007278 beh=0.000000 w=0.000 lr=5.841e-04 time=0.093s
[RQ-VAE] epoch=1278 loss=0.00032714 recon=0.00007268 beh=0.000000 w=0.000 lr=5.837e-04 time=0.092s
[RQ-VAE] epoch=1279 loss=0.00032772 recon=0.00007285 beh=0.000000 w=0.000 lr=5.834e-04 time=0.092s
[RQ-VAE] epoch=1280 loss=0.00032591 recon=0.00007278 beh=0.000000 w=0.000 lr=5.831e-04 time=0.092s
[RQ-VAE] epoch=1281 loss=0.00032629 recon=0.00007269 beh=0.000000 w=0.000 lr=5.827e-04 time=0.092s
[RQ-VAE] epoch=1282 loss=0.00032641 recon=0.00007258 beh=0.000000 w=0.000 lr=5.824e-04 time=0.092s
[RQ-VAE] epoch=1283 loss=0.00032689 recon=0.00007267 beh=0.000000 w=0.000 lr=5.820e-04 time=0.093s
[RQ-VAE] epoch=1284 loss=0.00032485 recon=0.00007271 beh=0.000000 w=0.000 lr=5.817e-04 time=0.092s
[RQ-VAE] epoch=1285 loss=0.00032686 recon=0.00007266 beh=0.000000 w=0.000 lr=5.814e-04 time=0.092s
[RQ-VAE] epoch=1286 loss=0.00032798 recon=0.00007266 beh=0.000000 w=0.000 lr=5.810e-04 time=0.091s
[RQ-VAE] epoch=1287 loss=0.00032740 recon=0.00007276 beh=0.000000 w=0.000 lr=5.807e-04 time=0.093s
[RQ-VAE] epoch=1288 loss=0.00032610 recon=0.00007278 beh=0.000000 w=0.000 lr=5.803e-04 time=0.093s
[RQ-VAE] epoch=1289 loss=0.00032667 recon=0.00007265 beh=0.000000 w=0.000 lr=5.800e-04 time=0.093s
[RQ-VAE] epoch=1290 loss=0.00032768 recon=0.00007254 beh=0.000000 w=0.000 lr=5.797e-04 time=0.092s
[RQ-VAE] epoch=1291 loss=0.00032514 recon=0.00007260 beh=0.000000 w=0.000 lr=5.793e-04 time=0.093s
[RQ-VAE] epoch=1292 loss=0.00032436 recon=0.00007250 beh=0.000000 w=0.000 lr=5.790e-04 time=0.093s
[RQ-VAE] epoch=1293 loss=0.00032653 recon=0.00007258 beh=0.000000 w=0.000 lr=5.786e-04 time=0.092s
[RQ-VAE] epoch=1294 loss=0.00032655 recon=0.00007243 beh=0.000000 w=0.000 lr=5.783e-04 time=0.096s
[RQ-VAE] epoch=1295 loss=0.00032709 recon=0.00007243 beh=0.000000 w=0.000 lr=5.780e-04 time=0.094s
[RQ-VAE] epoch=1296 loss=0.00032558 recon=0.00007259 beh=0.000000 w=0.000 lr=5.776e-04 time=0.093s
[RQ-VAE] epoch=1297 loss=0.00032609 recon=0.00007254 beh=0.000000 w=0.000 lr=5.773e-04 time=0.093s
[RQ-VAE] epoch=1298 loss=0.00032651 recon=0.00007242 beh=0.000000 w=0.000 lr=5.769e-04 time=0.093s
[RQ-VAE] epoch=1299 loss=0.00032654 recon=0.00007227 beh=0.000000 w=0.000 lr=5.766e-04 time=0.187s
[RQ-VAE] epoch=1300 loss=0.00032512 recon=0.00007246 lr=5.763e-04 raw_unique=20455/24587 collision=0.168056 time=0.093s
[RQ-VAE] epoch=1301 loss=0.00032526 recon=0.00007242 beh=0.000000 w=0.000 lr=5.759e-04 time=0.093s
[RQ-VAE] epoch=1302 loss=0.00032486 recon=0.00007243 beh=0.000000 w=0.000 lr=5.756e-04 time=0.091s
[RQ-VAE] epoch=1303 loss=0.00032414 recon=0.00007237 beh=0.000000 w=0.000 lr=5.753e-04 time=0.092s
[RQ-VAE] epoch=1304 loss=0.00032536 recon=0.00007244 beh=0.000000 w=0.000 lr=5.749e-04 time=0.094s
[RQ-VAE] epoch=1305 loss=0.00032588 recon=0.00007222 beh=0.000000 w=0.000 lr=5.746e-04 time=0.093s
[RQ-VAE] epoch=1306 loss=0.00032537 recon=0.00007249 beh=0.000000 w=0.000 lr=5.742e-04 time=0.094s
[RQ-VAE] epoch=1307 loss=0.00032347 recon=0.00007214 beh=0.000000 w=0.000 lr=5.739e-04 time=0.092s
[RQ-VAE] epoch=1308 loss=0.00032386 recon=0.00007220 beh=0.000000 w=0.000 lr=5.736e-04 time=0.093s
[RQ-VAE] epoch=1309 loss=0.00032444 recon=0.00007221 beh=0.000000 w=0.000 lr=5.732e-04 time=0.092s
[RQ-VAE] epoch=1310 loss=0.00032548 recon=0.00007229 beh=0.000000 w=0.000 lr=5.729e-04 time=0.092s
[RQ-VAE] epoch=1311 loss=0.00032548 recon=0.00007220 beh=0.000000 w=0.000 lr=5.725e-04 time=0.092s
[RQ-VAE] epoch=1312 loss=0.00032479 recon=0.00007225 beh=0.000000 w=0.000 lr=5.722e-04 time=0.093s
[RQ-VAE] epoch=1313 loss=0.00032444 recon=0.00007223 beh=0.000000 w=0.000 lr=5.719e-04 time=0.093s
[RQ-VAE] epoch=1314 loss=0.00032478 recon=0.00007228 beh=0.000000 w=0.000 lr=5.715e-04 time=0.093s
[RQ-VAE] epoch=1315 loss=0.00032535 recon=0.00007220 beh=0.000000 w=0.000 lr=5.712e-04 time=0.093s
[RQ-VAE] epoch=1316 loss=0.00032448 recon=0.00007233 beh=0.000000 w=0.000 lr=5.708e-04 time=0.092s
[RQ-VAE] epoch=1317 loss=0.00032511 recon=0.00007228 beh=0.000000 w=0.000 lr=5.705e-04 time=0.093s
[RQ-VAE] epoch=1318 loss=0.00032503 recon=0.00007250 beh=0.000000 w=0.000 lr=5.702e-04 time=0.093s
[RQ-VAE] epoch=1319 loss=0.00032688 recon=0.00007254 beh=0.000000 w=0.000 lr=5.698e-04 time=0.092s
[RQ-VAE] epoch=1320 loss=0.00032618 recon=0.00007243 beh=0.000000 w=0.000 lr=5.695e-04 time=0.092s
[RQ-VAE] epoch=1321 loss=0.00032739 recon=0.00007235 beh=0.000000 w=0.000 lr=5.692e-04 time=0.092s
[RQ-VAE] epoch=1322 loss=0.00032647 recon=0.00007223 beh=0.000000 w=0.000 lr=5.688e-04 time=0.093s
[RQ-VAE] epoch=1323 loss=0.00032412 recon=0.00007228 beh=0.000000 w=0.000 lr=5.685e-04 time=0.093s
[RQ-VAE] epoch=1324 loss=0.00032373 recon=0.00007218 beh=0.000000 w=0.000 lr=5.681e-04 time=0.092s
[RQ-VAE] epoch=1325 loss=0.00032778 recon=0.00007248 beh=0.000000 w=0.000 lr=5.678e-04 time=0.093s
[RQ-VAE] epoch=1326 loss=0.00032727 recon=0.00007257 beh=0.000000 w=0.000 lr=5.675e-04 time=0.092s
[RQ-VAE] epoch=1327 loss=0.00032671 recon=0.00007216 beh=0.000000 w=0.000 lr=5.671e-04 time=0.093s
[RQ-VAE] epoch=1328 loss=0.00032607 recon=0.00007214 beh=0.000000 w=0.000 lr=5.668e-04 time=0.188s
[RQ-VAE] epoch=1329 loss=0.00032540 recon=0.00007214 beh=0.000000 w=0.000 lr=5.664e-04 time=0.092s
[RQ-VAE] epoch=1330 loss=0.00032453 recon=0.00007219 beh=0.000000 w=0.000 lr=5.661e-04 time=0.092s
[RQ-VAE] epoch=1331 loss=0.00032514 recon=0.00007217 beh=0.000000 w=0.000 lr=5.658e-04 time=0.093s
[RQ-VAE] epoch=1332 loss=0.00032575 recon=0.00007219 beh=0.000000 w=0.000 lr=5.654e-04 time=0.093s
[RQ-VAE] epoch=1333 loss=0.00032523 recon=0.00007220 beh=0.000000 w=0.000 lr=5.651e-04 time=0.092s
[RQ-VAE] epoch=1334 loss=0.00032497 recon=0.00007220 beh=0.000000 w=0.000 lr=5.647e-04 time=0.093s
[RQ-VAE] epoch=1335 loss=0.00032411 recon=0.00007210 beh=0.000000 w=0.000 lr=5.644e-04 time=0.1s
[RQ-VAE] epoch=1336 loss=0.00032403 recon=0.00007211 beh=0.000000 w=0.000 lr=5.641e-04 time=0.093s
[RQ-VAE] epoch=1337 loss=0.00032376 recon=0.00007189 beh=0.000000 w=0.000 lr=5.637e-04 time=0.093s
[RQ-VAE] epoch=1338 loss=0.00032421 recon=0.00007224 beh=0.000000 w=0.000 lr=5.634e-04 time=0.092s
[RQ-VAE] epoch=1339 loss=0.00032518 recon=0.00007203 beh=0.000000 w=0.000 lr=5.631e-04 time=0.092s
[RQ-VAE] epoch=1340 loss=0.00032321 recon=0.00007211 beh=0.000000 w=0.000 lr=5.627e-04 time=0.092s
[RQ-VAE] epoch=1341 loss=0.00032291 recon=0.00007220 beh=0.000000 w=0.000 lr=5.624e-04 time=0.093s
[RQ-VAE] epoch=1342 loss=0.00032615 recon=0.00007240 beh=0.000000 w=0.000 lr=5.620e-04 time=0.097s
[RQ-VAE] epoch=1343 loss=0.00032603 recon=0.00007208 beh=0.000000 w=0.000 lr=5.617e-04 time=0.095s
[RQ-VAE] epoch=1344 loss=0.00032362 recon=0.00007189 beh=0.000000 w=0.000 lr=5.614e-04 time=0.094s
[RQ-VAE] epoch=1345 loss=0.00032490 recon=0.00007190 beh=0.000000 w=0.000 lr=5.610e-04 time=0.094s
[RQ-VAE] epoch=1346 loss=0.00032327 recon=0.00007183 beh=0.000000 w=0.000 lr=5.607e-04 time=0.094s
[RQ-VAE] epoch=1347 loss=0.00032538 recon=0.00007207 beh=0.000000 w=0.000 lr=5.603e-04 time=0.183s
[RQ-VAE] epoch=1348 loss=0.00032529 recon=0.00007203 beh=0.000000 w=0.000 lr=5.600e-04 time=0.094s
[RQ-VAE] epoch=1349 loss=0.00032403 recon=0.00007212 beh=0.000000 w=0.000 lr=5.597e-04 time=0.098s
[RQ-VAE] epoch=1350 loss=0.00032510 recon=0.00007208 lr=5.593e-04 raw_unique=20521/24587 collision=0.165372 time=0.096s
[RQ-VAE] epoch=1351 loss=0.00032765 recon=0.00007180 beh=0.000000 w=0.000 lr=5.590e-04 time=0.093s
[RQ-VAE] epoch=1352 loss=0.00032514 recon=0.00007206 beh=0.000000 w=0.000 lr=5.586e-04 time=0.093s
[RQ-VAE] epoch=1353 loss=0.00032612 recon=0.00007215 beh=0.000000 w=0.000 lr=5.583e-04 time=0.092s
[RQ-VAE] epoch=1354 loss=0.00032833 recon=0.00007224 beh=0.000000 w=0.000 lr=5.580e-04 time=0.093s
[RQ-VAE] epoch=1355 loss=0.00032634 recon=0.00007211 beh=0.000000 w=0.000 lr=5.576e-04 time=0.093s
[RQ-VAE] epoch=1356 loss=0.00032523 recon=0.00007205 beh=0.000000 w=0.000 lr=5.573e-04 time=0.092s
[RQ-VAE] epoch=1357 loss=0.00032742 recon=0.00007226 beh=0.000000 w=0.000 lr=5.569e-04 time=0.092s
[RQ-VAE] epoch=1358 loss=0.00032961 recon=0.00007227 beh=0.000000 w=0.000 lr=5.566e-04 time=0.093s
[RQ-VAE] epoch=1359 loss=0.00032853 recon=0.00007226 beh=0.000000 w=0.000 lr=5.563e-04 time=0.093s
[RQ-VAE] epoch=1360 loss=0.00032689 recon=0.00007218 beh=0.000000 w=0.000 lr=5.559e-04 time=0.093s
[RQ-VAE] epoch=1361 loss=0.00032727 recon=0.00007215 beh=0.000000 w=0.000 lr=5.556e-04 time=0.099s
[RQ-VAE] epoch=1362 loss=0.00032740 recon=0.00007197 beh=0.000000 w=0.000 lr=5.553e-04 time=0.183s
[RQ-VAE] epoch=1363 loss=0.00032742 recon=0.00007224 beh=0.000000 w=0.000 lr=5.549e-04 time=0.092s
[RQ-VAE] epoch=1364 loss=0.00032848 recon=0.00007222 beh=0.000000 w=0.000 lr=5.546e-04 time=0.1s
[RQ-VAE] epoch=1365 loss=0.00033064 recon=0.00007216 beh=0.000000 w=0.000 lr=5.542e-04 time=0.093s
[RQ-VAE] epoch=1366 loss=0.00032933 recon=0.00007207 beh=0.000000 w=0.000 lr=5.539e-04 time=0.092s
[RQ-VAE] epoch=1367 loss=0.00032745 recon=0.00007226 beh=0.000000 w=0.000 lr=5.536e-04 time=0.092s
[RQ-VAE] epoch=1368 loss=0.00032769 recon=0.00007220 beh=0.000000 w=0.000 lr=5.532e-04 time=0.093s
[RQ-VAE] epoch=1369 loss=0.00032506 recon=0.00007204 beh=0.000000 w=0.000 lr=5.529e-04 time=0.093s
[RQ-VAE] epoch=1370 loss=0.00032715 recon=0.00007230 beh=0.000000 w=0.000 lr=5.525e-04 time=0.094s
[RQ-VAE] epoch=1371 loss=0.00032648 recon=0.00007211 beh=0.000000 w=0.000 lr=5.522e-04 time=0.093s
[RQ-VAE] epoch=1372 loss=0.00032567 recon=0.00007208 beh=0.000000 w=0.000 lr=5.519e-04 time=0.092s
[RQ-VAE] epoch=1373 loss=0.00032555 recon=0.00007191 beh=0.000000 w=0.000 lr=5.515e-04 time=0.093s
[RQ-VAE] epoch=1374 loss=0.00032435 recon=0.00007193 beh=0.000000 w=0.000 lr=5.512e-04 time=0.098s
[RQ-VAE] epoch=1375 loss=0.00032345 recon=0.00007201 beh=0.000000 w=0.000 lr=5.508e-04 time=0.092s
[RQ-VAE] epoch=1376 loss=0.00032575 recon=0.00007192 beh=0.000000 w=0.000 lr=5.505e-04 time=0.092s
[RQ-VAE] epoch=1377 loss=0.00032625 recon=0.00007186 beh=0.000000 w=0.000 lr=5.502e-04 time=0.093s
[RQ-VAE] epoch=1378 loss=0.00032513 recon=0.00007195 beh=0.000000 w=0.000 lr=5.498e-04 time=0.092s
[RQ-VAE] epoch=1379 loss=0.00032571 recon=0.00007175 beh=0.000000 w=0.000 lr=5.495e-04 time=0.093s
[RQ-VAE] epoch=1380 loss=0.00032450 recon=0.00007194 beh=0.000000 w=0.000 lr=5.492e-04 time=0.094s
[RQ-VAE] epoch=1381 loss=0.00032634 recon=0.00007189 beh=0.000000 w=0.000 lr=5.488e-04 time=0.093s
[RQ-VAE] epoch=1382 loss=0.00032660 recon=0.00007201 beh=0.000000 w=0.000 lr=5.485e-04 time=0.093s
[RQ-VAE] epoch=1383 loss=0.00032680 recon=0.00007190 beh=0.000000 w=0.000 lr=5.481e-04 time=0.093s
[RQ-VAE] epoch=1384 loss=0.00032720 recon=0.00007191 beh=0.000000 w=0.000 lr=5.478e-04 time=0.093s
[RQ-VAE] epoch=1385 loss=0.00032577 recon=0.00007187 beh=0.000000 w=0.000 lr=5.475e-04 time=0.093s
[RQ-VAE] epoch=1386 loss=0.00032607 recon=0.00007175 beh=0.000000 w=0.000 lr=5.471e-04 time=0.097s
[RQ-VAE] epoch=1387 loss=0.00032594 recon=0.00007186 beh=0.000000 w=0.000 lr=5.468e-04 time=0.097s
[RQ-VAE] epoch=1388 loss=0.00032685 recon=0.00007183 beh=0.000000 w=0.000 lr=5.464e-04 time=0.092s
[RQ-VAE] epoch=1389 loss=0.00032585 recon=0.00007179 beh=0.000000 w=0.000 lr=5.461e-04 time=0.092s
[RQ-VAE] epoch=1390 loss=0.00032492 recon=0.00007197 beh=0.000000 w=0.000 lr=5.458e-04 time=0.092s
[RQ-VAE] epoch=1391 loss=0.00032549 recon=0.00007192 beh=0.000000 w=0.000 lr=5.454e-04 time=0.098s
[RQ-VAE] epoch=1392 loss=0.00032707 recon=0.00007193 beh=0.000000 w=0.000 lr=5.451e-04 time=0.102s
[RQ-VAE] epoch=1393 loss=0.00032745 recon=0.00007172 beh=0.000000 w=0.000 lr=5.447e-04 time=0.093s
[RQ-VAE] epoch=1394 loss=0.00032763 recon=0.00007187 beh=0.000000 w=0.000 lr=5.444e-04 time=0.094s
[RQ-VAE] epoch=1395 loss=0.00032696 recon=0.00007170 beh=0.000000 w=0.000 lr=5.441e-04 time=0.092s
[RQ-VAE] epoch=1396 loss=0.00032527 recon=0.00007173 beh=0.000000 w=0.000 lr=5.437e-04 time=0.092s
[RQ-VAE] epoch=1397 loss=0.00032438 recon=0.00007194 beh=0.000000 w=0.000 lr=5.434e-04 time=0.093s
[RQ-VAE] epoch=1398 loss=0.00032700 recon=0.00007184 beh=0.000000 w=0.000 lr=5.431e-04 time=0.094s
[RQ-VAE] epoch=1399 loss=0.00032728 recon=0.00007198 beh=0.000000 w=0.000 lr=5.427e-04 time=0.092s
[RQ-VAE] epoch=1400 loss=0.00032545 recon=0.00007172 lr=5.424e-04 raw_unique=20486/24587 collision=0.166795 time=0.098s
[RQ-VAE] epoch=1401 loss=0.00032515 recon=0.00007174 beh=0.000000 w=0.000 lr=5.420e-04 time=0.098s
[RQ-VAE] epoch=1402 loss=0.00032525 recon=0.00007173 beh=0.000000 w=0.000 lr=5.417e-04 time=0.092s
[RQ-VAE] epoch=1403 loss=0.00032620 recon=0.00007182 beh=0.000000 w=0.000 lr=5.414e-04 time=0.092s
[RQ-VAE] epoch=1404 loss=0.00032718 recon=0.00007207 beh=0.000000 w=0.000 lr=5.410e-04 time=0.092s
[RQ-VAE] epoch=1405 loss=0.00032643 recon=0.00007198 beh=0.000000 w=0.000 lr=5.407e-04 time=0.093s
[RQ-VAE] epoch=1406 loss=0.00032566 recon=0.00007166 beh=0.000000 w=0.000 lr=5.403e-04 time=0.092s
[RQ-VAE] epoch=1407 loss=0.00032682 recon=0.00007171 beh=0.000000 w=0.000 lr=5.400e-04 time=0.093s
[RQ-VAE] epoch=1408 loss=0.00032714 recon=0.00007168 beh=0.000000 w=0.000 lr=5.397e-04 time=0.095s
[RQ-VAE] epoch=1409 loss=0.00032639 recon=0.00007165 beh=0.000000 w=0.000 lr=5.393e-04 time=0.092s
[RQ-VAE] epoch=1410 loss=0.00032516 recon=0.00007169 beh=0.000000 w=0.000 lr=5.390e-04 time=0.093s
[RQ-VAE] epoch=1411 loss=0.00032657 recon=0.00007162 beh=0.000000 w=0.000 lr=5.386e-04 time=0.093s
[RQ-VAE] epoch=1412 loss=0.00032738 recon=0.00007185 beh=0.000000 w=0.000 lr=5.383e-04 time=0.093s
[RQ-VAE] epoch=1413 loss=0.00032759 recon=0.00007182 beh=0.000000 w=0.000 lr=5.380e-04 time=0.092s
[RQ-VAE] epoch=1414 loss=0.00032779 recon=0.00007178 beh=0.000000 w=0.000 lr=5.376e-04 time=0.094s
[RQ-VAE] epoch=1415 loss=0.00032689 recon=0.00007169 beh=0.000000 w=0.000 lr=5.373e-04 time=0.093s
[RQ-VAE] epoch=1416 loss=0.00032528 recon=0.00007170 beh=0.000000 w=0.000 lr=5.369e-04 time=0.092s
[RQ-VAE] epoch=1417 loss=0.00032593 recon=0.00007180 beh=0.000000 w=0.000 lr=5.366e-04 time=0.094s
[RQ-VAE] epoch=1418 loss=0.00032601 recon=0.00007181 beh=0.000000 w=0.000 lr=5.363e-04 time=0.093s
[RQ-VAE] epoch=1419 loss=0.00032739 recon=0.00007177 beh=0.000000 w=0.000 lr=5.359e-04 time=0.187s
[RQ-VAE] epoch=1420 loss=0.00032473 recon=0.00007170 beh=0.000000 w=0.000 lr=5.356e-04 time=0.093s
[RQ-VAE] epoch=1421 loss=0.00032332 recon=0.00007161 beh=0.000000 w=0.000 lr=5.353e-04 time=0.092s
[RQ-VAE] epoch=1422 loss=0.00032485 recon=0.00007149 beh=0.000000 w=0.000 lr=5.349e-04 time=0.093s
[RQ-VAE] epoch=1423 loss=0.00032477 recon=0.00007176 beh=0.000000 w=0.000 lr=5.346e-04 time=0.092s
[RQ-VAE] epoch=1424 loss=0.00032614 recon=0.00007160 beh=0.000000 w=0.000 lr=5.342e-04 time=0.093s
[RQ-VAE] epoch=1425 loss=0.00032595 recon=0.00007168 beh=0.000000 w=0.000 lr=5.339e-04 time=0.093s
[RQ-VAE] epoch=1426 loss=0.00032516 recon=0.00007164 beh=0.000000 w=0.000 lr=5.336e-04 time=0.093s
[RQ-VAE] epoch=1427 loss=0.00032445 recon=0.00007159 beh=0.000000 w=0.000 lr=5.332e-04 time=0.092s
[RQ-VAE] epoch=1428 loss=0.00032513 recon=0.00007175 beh=0.000000 w=0.000 lr=5.329e-04 time=0.093s
[RQ-VAE] epoch=1429 loss=0.00032720 recon=0.00007177 beh=0.000000 w=0.000 lr=5.325e-04 time=0.092s
[RQ-VAE] epoch=1430 loss=0.00032609 recon=0.00007165 beh=0.000000 w=0.000 lr=5.322e-04 time=0.093s
[RQ-VAE] epoch=1431 loss=0.00032476 recon=0.00007150 beh=0.000000 w=0.000 lr=5.319e-04 time=0.093s
[RQ-VAE] epoch=1432 loss=0.00032528 recon=0.00007162 beh=0.000000 w=0.000 lr=5.315e-04 time=0.093s
[RQ-VAE] epoch=1433 loss=0.00032473 recon=0.00007152 beh=0.000000 w=0.000 lr=5.312e-04 time=0.093s
[RQ-VAE] epoch=1434 loss=0.00032507 recon=0.00007163 beh=0.000000 w=0.000 lr=5.308e-04 time=0.092s
[RQ-VAE] epoch=1435 loss=0.00032747 recon=0.00007152 beh=0.000000 w=0.000 lr=5.305e-04 time=0.092s
[RQ-VAE] epoch=1436 loss=0.00032672 recon=0.00007159 beh=0.000000 w=0.000 lr=5.302e-04 time=0.091s
[RQ-VAE] epoch=1437 loss=0.00032479 recon=0.00007143 beh=0.000000 w=0.000 lr=5.298e-04 time=0.093s
[RQ-VAE] epoch=1438 loss=0.00032576 recon=0.00007141 beh=0.000000 w=0.000 lr=5.295e-04 time=0.093s
[RQ-VAE] epoch=1439 loss=0.00032606 recon=0.00007138 beh=0.000000 w=0.000 lr=5.292e-04 time=0.093s
[RQ-VAE] epoch=1440 loss=0.00032638 recon=0.00007143 beh=0.000000 w=0.000 lr=5.288e-04 time=0.092s
[RQ-VAE] epoch=1441 loss=0.00032688 recon=0.00007154 beh=0.000000 w=0.000 lr=5.285e-04 time=0.093s
[RQ-VAE] epoch=1442 loss=0.00032669 recon=0.00007136 beh=0.000000 w=0.000 lr=5.281e-04 time=0.093s
[RQ-VAE] epoch=1443 loss=0.00032432 recon=0.00007152 beh=0.000000 w=0.000 lr=5.278e-04 time=0.093s
[RQ-VAE] epoch=1444 loss=0.00032471 recon=0.00007140 beh=0.000000 w=0.000 lr=5.275e-04 time=0.093s
[RQ-VAE] epoch=1445 loss=0.00032567 recon=0.00007135 beh=0.000000 w=0.000 lr=5.271e-04 time=0.094s
[RQ-VAE] epoch=1446 loss=0.00032717 recon=0.00007166 beh=0.000000 w=0.000 lr=5.268e-04 time=0.094s
[RQ-VAE] epoch=1447 loss=0.00032763 recon=0.00007168 beh=0.000000 w=0.000 lr=5.264e-04 time=0.093s
[RQ-VAE] epoch=1448 loss=0.00032863 recon=0.00007152 beh=0.000000 w=0.000 lr=5.261e-04 time=0.181s
[RQ-VAE] epoch=1449 loss=0.00032783 recon=0.00007146 beh=0.000000 w=0.000 lr=5.258e-04 time=0.093s
[RQ-VAE] epoch=1450 loss=0.00032616 recon=0.00007148 lr=5.254e-04 raw_unique=20492/24587 collision=0.166551 time=0.092s
[RQ-VAE] epoch=1451 loss=0.00032548 recon=0.00007144 beh=0.000000 w=0.000 lr=5.251e-04 time=0.093s
[RQ-VAE] epoch=1452 loss=0.00032779 recon=0.00007163 beh=0.000000 w=0.000 lr=5.247e-04 time=0.093s
[RQ-VAE] epoch=1453 loss=0.00032721 recon=0.00007158 beh=0.000000 w=0.000 lr=5.244e-04 time=0.092s
[RQ-VAE] epoch=1454 loss=0.00032692 recon=0.00007158 beh=0.000000 w=0.000 lr=5.241e-04 time=0.093s
[RQ-VAE] epoch=1455 loss=0.00032562 recon=0.00007138 beh=0.000000 w=0.000 lr=5.237e-04 time=0.092s
[RQ-VAE] epoch=1456 loss=0.00032590 recon=0.00007150 beh=0.000000 w=0.000 lr=5.234e-04 time=0.093s
[RQ-VAE] epoch=1457 loss=0.00032735 recon=0.00007154 beh=0.000000 w=0.000 lr=5.231e-04 time=0.093s
[RQ-VAE] epoch=1458 loss=0.00032725 recon=0.00007132 beh=0.000000 w=0.000 lr=5.227e-04 time=0.093s
[RQ-VAE] epoch=1459 loss=0.00032607 recon=0.00007132 beh=0.000000 w=0.000 lr=5.224e-04 time=0.093s
[RQ-VAE] epoch=1460 loss=0.00032617 recon=0.00007140 beh=0.000000 w=0.000 lr=5.220e-04 time=0.093s
[RQ-VAE] epoch=1461 loss=0.00032685 recon=0.00007140 beh=0.000000 w=0.000 lr=5.217e-04 time=0.093s
[RQ-VAE] epoch=1462 loss=0.00032627 recon=0.00007144 beh=0.000000 w=0.000 lr=5.214e-04 time=0.092s
[RQ-VAE] epoch=1463 loss=0.00032666 recon=0.00007131 beh=0.000000 w=0.000 lr=5.210e-04 time=0.092s
[RQ-VAE] epoch=1464 loss=0.00032595 recon=0.00007139 beh=0.000000 w=0.000 lr=5.207e-04 time=0.093s
[RQ-VAE] epoch=1465 loss=0.00032694 recon=0.00007114 beh=0.000000 w=0.000 lr=5.203e-04 time=0.092s
[RQ-VAE] epoch=1466 loss=0.00032513 recon=0.00007132 beh=0.000000 w=0.000 lr=5.200e-04 time=0.093s
[RQ-VAE] epoch=1467 loss=0.00032575 recon=0.00007130 beh=0.000000 w=0.000 lr=5.197e-04 time=0.092s
[RQ-VAE] epoch=1468 loss=0.00032692 recon=0.00007119 beh=0.000000 w=0.000 lr=5.193e-04 time=0.182s
[RQ-VAE] epoch=1469 loss=0.00032692 recon=0.00007118 beh=0.000000 w=0.000 lr=5.190e-04 time=0.093s
[RQ-VAE] epoch=1470 loss=0.00032598 recon=0.00007134 beh=0.000000 w=0.000 lr=5.186e-04 time=0.093s
[RQ-VAE] epoch=1471 loss=0.00032605 recon=0.00007119 beh=0.000000 w=0.000 lr=5.183e-04 time=0.093s
[RQ-VAE] epoch=1472 loss=0.00032725 recon=0.00007127 beh=0.000000 w=0.000 lr=5.180e-04 time=0.092s
[RQ-VAE] epoch=1473 loss=0.00032647 recon=0.00007130 beh=0.000000 w=0.000 lr=5.176e-04 time=0.092s
[RQ-VAE] epoch=1474 loss=0.00032499 recon=0.00007121 beh=0.000000 w=0.000 lr=5.173e-04 time=0.093s
[RQ-VAE] epoch=1475 loss=0.00032717 recon=0.00007137 beh=0.000000 w=0.000 lr=5.169e-04 time=0.093s
[RQ-VAE] epoch=1476 loss=0.00032811 recon=0.00007129 beh=0.000000 w=0.000 lr=5.166e-04 time=0.093s
[RQ-VAE] epoch=1477 loss=0.00032697 recon=0.00007111 beh=0.000000 w=0.000 lr=5.163e-04 time=0.092s
[RQ-VAE] epoch=1478 loss=0.00032669 recon=0.00007141 beh=0.000000 w=0.000 lr=5.159e-04 time=0.092s
[RQ-VAE] epoch=1479 loss=0.00032769 recon=0.00007138 beh=0.000000 w=0.000 lr=5.156e-04 time=0.092s
[RQ-VAE] epoch=1480 loss=0.00032682 recon=0.00007127 beh=0.000000 w=0.000 lr=5.153e-04 time=0.092s
[RQ-VAE] epoch=1481 loss=0.00032693 recon=0.00007115 beh=0.000000 w=0.000 lr=5.149e-04 time=0.092s
[RQ-VAE] epoch=1482 loss=0.00032667 recon=0.00007110 beh=0.000000 w=0.000 lr=5.146e-04 time=0.092s
[RQ-VAE] epoch=1483 loss=0.00032592 recon=0.00007125 beh=0.000000 w=0.000 lr=5.142e-04 time=0.183s
[RQ-VAE] epoch=1484 loss=0.00032643 recon=0.00007111 beh=0.000000 w=0.000 lr=5.139e-04 time=0.093s
[RQ-VAE] epoch=1485 loss=0.00032702 recon=0.00007131 beh=0.000000 w=0.000 lr=5.136e-04 time=0.092s
[RQ-VAE] epoch=1486 loss=0.00032696 recon=0.00007130 beh=0.000000 w=0.000 lr=5.132e-04 time=0.092s
[RQ-VAE] epoch=1487 loss=0.00032795 recon=0.00007126 beh=0.000000 w=0.000 lr=5.129e-04 time=0.092s
[RQ-VAE] epoch=1488 loss=0.00032502 recon=0.00007108 beh=0.000000 w=0.000 lr=5.125e-04 time=0.092s
[RQ-VAE] epoch=1489 loss=0.00032724 recon=0.00007145 beh=0.000000 w=0.000 lr=5.122e-04 time=0.092s
[RQ-VAE] epoch=1490 loss=0.00032615 recon=0.00007119 beh=0.000000 w=0.000 lr=5.119e-04 time=0.092s
[RQ-VAE] epoch=1491 loss=0.00032588 recon=0.00007120 beh=0.000000 w=0.000 lr=5.115e-04 time=0.092s
[RQ-VAE] epoch=1492 loss=0.00032601 recon=0.00007131 beh=0.000000 w=0.000 lr=5.112e-04 time=0.093s
[RQ-VAE] epoch=1493 loss=0.00032680 recon=0.00007145 beh=0.000000 w=0.000 lr=5.108e-04 time=0.093s
[RQ-VAE] epoch=1494 loss=0.00032870 recon=0.00007114 beh=0.000000 w=0.000 lr=5.105e-04 time=0.092s
[RQ-VAE] epoch=1495 loss=0.00032774 recon=0.00007122 beh=0.000000 w=0.000 lr=5.102e-04 time=0.092s
[RQ-VAE] epoch=1496 loss=0.00032588 recon=0.00007124 beh=0.000000 w=0.000 lr=5.098e-04 time=0.092s
[RQ-VAE] epoch=1497 loss=0.00032647 recon=0.00007131 beh=0.000000 w=0.000 lr=5.095e-04 time=0.093s
[RQ-VAE] epoch=1498 loss=0.00032788 recon=0.00007132 beh=0.000000 w=0.000 lr=5.092e-04 time=0.093s
[RQ-VAE] epoch=1499 loss=0.00032765 recon=0.00007124 beh=0.000000 w=0.000 lr=5.088e-04 time=0.093s
[RQ-VAE] epoch=1500 loss=0.00032741 recon=0.00007150 lr=5.085e-04 raw_unique=20336/24587 collision=0.172896 time=0.092s
/home/wlia0047/ar57_scratch/wenyu/genrec_env_v2/lib64/python3.9/site-packages/torch/functional.py:1510: UserWarning: Deterministic behavior was enabled with either `torch.use_deterministic_algorithms(True)` or `at::Context::setDeterministicAlgorithms(true)`, but this operation is not deterministic because it uses CuBLAS and you have CUDA >= 10.2. To enable deterministic behavior in this case, you must set an environment variable before running your PyTorch application: CUBLAS_WORKSPACE_CONFIG=:4096:8 or CUBLAS_WORKSPACE_CONFIG=:16:8. For more information, go to https://docs.nvidia.com/cuda/cublas/index.html#results-reproducibility (Triggered internally at /pytorch/aten/src/ATen/Context.cpp:233.)
  return _VF.cdist(x1, x2, p, None)  # type: ignore[attr-defined]
/home/wlia0047/ar57_scratch/wenyu/genrec_env_v2/lib64/python3.9/site-packages/torch/functional.py:1510: UserWarning: Deterministic behavior was enabled with either `torch.use_deterministic_algorithms(True)` or `at::Context::setDeterministicAlgorithms(true)`, but this operation is not deterministic because it uses CuBLAS and you have CUDA >= 10.2. To enable deterministic behavior in this case, you must set an environment variable before running your PyTorch application: CUBLAS_WORKSPACE_CONFIG=:4096:8 or CUBLAS_WORKSPACE_CONFIG=:16:8. For more information, go to https://docs.nvidia.com/cuda/cublas/index.html#results-reproducibility (Triggered internally at /pytorch/aten/src/ATen/Context.cpp:233.)
  return _VF.cdist(x1, x2, p, None)  # type: ignore[attr-defined]
/home/wlia0047/ar57_scratch/wenyu/genrec_env_v2/lib64/python3.9/site-packages/torch/functional.py:1510: UserWarning: Deterministic behavior was enabled with either `torch.use_deterministic_algorithms(True)` or `at::Context::setDeterministicAlgorithms(true)`, but this operation is not deterministic because it uses CuBLAS and you have CUDA >= 10.2. To enable deterministic behavior in this case, you must set an environment variable before running your PyTorch application: CUBLAS_WORKSPACE_CONFIG=:4096:8 or CUBLAS_WORKSPACE_CONFIG=:16:8. For more information, go to https://docs.nvidia.com/cuda/cublas/index.html#results-reproducibility (Triggered internally at /pytorch/aten/src/ATen/Context.cpp:233.)
  return _VF.cdist(x1, x2, p, None)  # type: ignore[attr-defined]
/home/wlia0047/ar57_scratch/wenyu/genrec_env_v2/lib64/python3.9/site-packages/torch/functional.py:1510: UserWarning: Deterministic behavior was enabled with either `torch.use_deterministic_algorithms(True)` or `at::Context::setDeterministicAlgorithms(true)`, but this operation is not deterministic because it uses CuBLAS and you have CUDA >= 10.2. To enable deterministic behavior in this case, you must set an environment variable before running your PyTorch application: CUBLAS_WORKSPACE_CONFIG=:4096:8 or CUBLAS_WORKSPACE_CONFIG=:16:8. For more information, go to https://docs.nvidia.com/cuda/cublas/index.html#results-reproducibility (Triggered internally at /pytorch/aten/src/ATen/Context.cpp:233.)
  return _VF.cdist(x1, x2, p, None)  # type: ignore[attr-defined]
[RQ-VAE] epoch=1501 loss=0.00116098 recon=0.00007150 beh=6.248424 w=0.000 lr=5.081e-04 time=3.144s
[RQ-VAE] epoch=1502 loss=0.00198694 recon=0.00007278 beh=6.220239 w=0.000 lr=5.078e-04 time=0.153s
[RQ-VAE] epoch=1503 loss=0.00280376 recon=0.00007540 beh=6.203013 w=0.000 lr=5.075e-04 time=0.153s
[RQ-VAE] epoch=1504 loss=0.00361895 recon=0.00007801 beh=6.178189 w=0.001 lr=5.071e-04 time=0.15s
[RQ-VAE] epoch=1505 loss=0.00443276 recon=0.00008093 beh=6.165734 w=0.001 lr=5.068e-04 time=0.15s
[RQ-VAE] epoch=1506 loss=0.00524911 recon=0.00008441 beh=6.153746 w=0.001 lr=5.064e-04 time=0.149s
[RQ-VAE] epoch=1507 loss=0.00605753 recon=0.00008662 beh=6.137364 w=0.001 lr=5.061e-04 time=0.149s
[RQ-VAE] epoch=1508 loss=0.00686922 recon=0.00008917 beh=6.131435 w=0.001 lr=5.058e-04 time=0.15s
[RQ-VAE] epoch=1509 loss=0.00767965 recon=0.00009199 beh=6.129008 w=0.001 lr=5.054e-04 time=0.152s
[RQ-VAE] epoch=1510 loss=0.00848206 recon=0.00009270 beh=6.117178 w=0.001 lr=5.051e-04 time=0.151s
[RQ-VAE] epoch=1511 loss=0.00929210 recon=0.00009406 beh=6.111375 w=0.001 lr=5.047e-04 time=0.15s
[RQ-VAE] epoch=1512 loss=0.01010956 recon=0.00009593 beh=6.106679 w=0.002 lr=5.044e-04 time=0.15s
[RQ-VAE] epoch=1513 loss=0.01091444 recon=0.00009954 beh=6.100271 w=0.002 lr=5.041e-04 time=0.15s
[RQ-VAE] epoch=1514 loss=0.01171003 recon=0.00009781 beh=6.091321 w=0.002 lr=5.037e-04 time=0.15s
[RQ-VAE] epoch=1515 loss=0.01252205 recon=0.00009987 beh=6.092193 w=0.002 lr=5.034e-04 time=0.15s
[RQ-VAE] epoch=1516 loss=0.01331350 recon=0.00010198 beh=6.081009 w=0.002 lr=5.031e-04 time=0.149s
[RQ-VAE] epoch=1517 loss=0.01412958 recon=0.00010172 beh=6.078318 w=0.002 lr=5.027e-04 time=0.15s
[RQ-VAE] epoch=1518 loss=0.01493960 recon=0.00010307 beh=6.076186 w=0.002 lr=5.024e-04 time=0.149s
[RQ-VAE] epoch=1519 loss=0.01574745 recon=0.00010524 beh=6.072964 w=0.003 lr=5.020e-04 time=0.149s
[RQ-VAE] epoch=1520 loss=0.01657733 recon=0.00010495 beh=6.079595 w=0.003 lr=5.017e-04 time=0.149s
[RQ-VAE] epoch=1521 loss=0.01733366 recon=0.00010632 beh=6.056498 w=0.003 lr=5.014e-04 time=0.149s
[RQ-VAE] epoch=1522 loss=0.01818963 recon=0.00010683 beh=6.074882 w=0.003 lr=5.010e-04 time=0.15s
[RQ-VAE] epoch=1523 loss=0.01898963 recon=0.00010814 beh=6.070175 w=0.003 lr=5.007e-04 time=0.149s
[RQ-VAE] epoch=1524 loss=0.01979147 recon=0.00010885 beh=6.067228 w=0.003 lr=5.003e-04 time=0.149s
[RQ-VAE] epoch=1525 loss=0.02056975 recon=0.00010872 beh=6.056186 w=0.003 lr=5.000e-04 time=0.149s
[RQ-VAE] epoch=1526 loss=0.02137245 recon=0.00010946 beh=6.054598 w=0.003 lr=4.997e-04 time=0.149s
[RQ-VAE] epoch=1527 loss=0.02218892 recon=0.00010874 beh=6.055737 w=0.004 lr=4.993e-04 time=0.151s
[RQ-VAE] epoch=1528 loss=0.02301075 recon=0.00011287 beh=6.057251 w=0.004 lr=4.990e-04 time=0.149s
[RQ-VAE] epoch=1529 loss=0.02384027 recon=0.00011073 beh=6.061373 w=0.004 lr=4.986e-04 time=0.149s
[RQ-VAE] epoch=1530 loss=0.02456897 recon=0.00011131 beh=6.043013 w=0.004 lr=4.983e-04 time=0.15s
[RQ-VAE] epoch=1531 loss=0.02540986 recon=0.00011261 beh=6.049655 w=0.004 lr=4.980e-04 time=0.15s
[RQ-VAE] epoch=1532 loss=0.02621593 recon=0.00011270 beh=6.048939 w=0.004 lr=4.976e-04 time=0.149s
[RQ-VAE] epoch=1533 loss=0.02700510 recon=0.00011248 beh=6.043881 w=0.004 lr=4.973e-04 time=0.149s
[RQ-VAE] epoch=1534 loss=0.02782903 recon=0.00011309 beh=6.050482 w=0.005 lr=4.969e-04 time=0.149s
[RQ-VAE] epoch=1535 loss=0.02862074 recon=0.00011156 beh=6.045076 w=0.005 lr=4.966e-04 time=0.149s
[RQ-VAE] epoch=1536 loss=0.02942463 recon=0.00011387 beh=6.046342 w=0.005 lr=4.963e-04 time=0.15s
[RQ-VAE] epoch=1537 loss=0.03020677 recon=0.00011378 beh=6.038928 w=0.005 lr=4.959e-04 time=0.149s
[RQ-VAE] epoch=1538 loss=0.03104373 recon=0.00011374 beh=6.045809 w=0.005 lr=4.956e-04 time=0.15s
[RQ-VAE] epoch=1539 loss=0.03185076 recon=0.00011477 beh=6.047510 w=0.005 lr=4.953e-04 time=0.149s
[RQ-VAE] epoch=1540 loss=0.03257503 recon=0.00011398 beh=6.031402 w=0.005 lr=4.949e-04 time=0.244s
[RQ-VAE] epoch=1541 loss=0.03338325 recon=0.00011469 beh=6.032062 w=0.005 lr=4.946e-04 time=0.15s
[RQ-VAE] epoch=1542 loss=0.03421599 recon=0.00011459 beh=6.035810 w=0.006 lr=4.942e-04 time=0.15s
[RQ-VAE] epoch=1543 loss=0.03499273 recon=0.00011441 beh=6.031926 w=0.006 lr=4.939e-04 time=0.149s
[RQ-VAE] epoch=1544 loss=0.03585706 recon=0.00011473 beh=6.041442 w=0.006 lr=4.936e-04 time=0.149s
[RQ-VAE] epoch=1545 loss=0.03658672 recon=0.00011608 beh=6.027487 w=0.006 lr=4.932e-04 time=0.149s
[RQ-VAE] epoch=1546 loss=0.03740850 recon=0.00011702 beh=6.031362 w=0.006 lr=4.929e-04 time=0.149s
[RQ-VAE] epoch=1547 loss=0.03822682 recon=0.00011590 beh=6.032618 w=0.006 lr=4.925e-04 time=0.15s
[RQ-VAE] epoch=1548 loss=0.03907520 recon=0.00011767 beh=6.038252 w=0.006 lr=4.922e-04 time=0.149s
[RQ-VAE] epoch=1549 loss=0.03980248 recon=0.00011654 beh=6.027377 w=0.007 lr=4.919e-04 time=0.15s
[RQ-VAE] epoch=1550 loss=0.04066912 recon=0.00011634 lr=4.915e-04 raw_unique=21652/24587 collision=0.119372 time=0.15s
[RQ-VAE] epoch=1551 loss=0.04138078 recon=0.00011687 beh=6.019539 w=0.007 lr=4.912e-04 time=0.151s
[RQ-VAE] epoch=1552 loss=0.04218553 recon=0.00011871 beh=6.021110 w=0.007 lr=4.908e-04 time=0.151s
[RQ-VAE] epoch=1553 loss=0.04300975 recon=0.00011778 beh=6.023265 w=0.007 lr=4.905e-04 time=0.151s
[RQ-VAE] epoch=1554 loss=0.04380719 recon=0.00011855 beh=6.022742 w=0.007 lr=4.902e-04 time=0.151s
[RQ-VAE] epoch=1555 loss=0.04461987 recon=0.00011850 beh=6.024760 w=0.007 lr=4.898e-04 time=0.15s
[RQ-VAE] epoch=1556 loss=0.04544616 recon=0.00011780 beh=6.028698 w=0.007 lr=4.895e-04 time=0.149s
[RQ-VAE] epoch=1557 loss=0.04622722 recon=0.00011898 beh=6.024058 w=0.008 lr=4.892e-04 time=0.15s
[RQ-VAE] epoch=1558 loss=0.04696763 recon=0.00011796 beh=6.017923 w=0.008 lr=4.888e-04 time=0.149s
[RQ-VAE] epoch=1559 loss=0.04778558 recon=0.00011810 beh=6.018898 w=0.008 lr=4.885e-04 time=0.149s
[RQ-VAE] epoch=1560 loss=0.04863489 recon=0.00011798 beh=6.025433 w=0.008 lr=4.881e-04 time=0.153s
[RQ-VAE] epoch=1561 loss=0.04935557 recon=0.00011841 beh=6.014278 w=0.008 lr=4.878e-04 time=0.156s
[RQ-VAE] epoch=1562 loss=0.05012768 recon=0.00011882 beh=6.010438 w=0.008 lr=4.875e-04 time=0.153s
[RQ-VAE] epoch=1563 loss=0.05096580 recon=0.00011875 beh=6.014097 w=0.008 lr=4.871e-04 time=0.15s
[RQ-VAE] epoch=1564 loss=0.05183463 recon=0.00011794 beh=6.023148 w=0.009 lr=4.868e-04 time=0.154s
[RQ-VAE] epoch=1565 loss=0.05258970 recon=0.00012002 beh=6.016628 w=0.009 lr=4.864e-04 time=0.155s
[RQ-VAE] epoch=1566 loss=0.05342026 recon=0.00011957 beh=6.020581 w=0.009 lr=4.861e-04 time=0.156s
[RQ-VAE] epoch=1567 loss=0.05428954 recon=0.00011875 beh=6.027781 w=0.009 lr=4.858e-04 time=0.156s
[RQ-VAE] epoch=1568 loss=0.05505213 recon=0.00012014 beh=6.022773 w=0.009 lr=4.854e-04 time=0.158s
[RQ-VAE] epoch=1569 loss=0.05573373 recon=0.00011896 beh=6.010403 w=0.009 lr=4.851e-04 time=0.242s
[RQ-VAE] epoch=1570 loss=0.05660120 recon=0.00011889 beh=6.016573 w=0.009 lr=4.847e-04 time=0.152s
[RQ-VAE] epoch=1571 loss=0.05733829 recon=0.00012012 beh=6.010736 w=0.009 lr=4.844e-04 time=0.15s
[RQ-VAE] epoch=1572 loss=0.05809617 recon=0.00011967 beh=6.006388 w=0.010 lr=4.841e-04 time=0.149s
[RQ-VAE] epoch=1573 loss=0.05895152 recon=0.00012041 beh=6.010537 w=0.010 lr=4.837e-04 time=0.15s
[RQ-VAE] epoch=1574 loss=0.05979634 recon=0.00011995 beh=6.015526 w=0.010 lr=4.834e-04 time=0.149s
[RQ-VAE] epoch=1575 loss=0.06061054 recon=0.00012168 beh=6.017483 w=0.010 lr=4.831e-04 time=0.149s
[RQ-VAE] epoch=1576 loss=0.06141694 recon=0.00012323 beh=6.016130 w=0.010 lr=4.827e-04 time=0.153s
[RQ-VAE] epoch=1577 loss=0.06222571 recon=0.00012120 beh=6.015531 w=0.010 lr=4.824e-04 time=0.156s
[RQ-VAE] epoch=1578 loss=0.06297447 recon=0.00012276 beh=6.012614 w=0.010 lr=4.820e-04 time=0.156s
[RQ-VAE] epoch=1579 loss=0.06369711 recon=0.00012312 beh=6.004189 w=0.011 lr=4.817e-04 time=0.157s
[RQ-VAE] epoch=1580 loss=0.06450389 recon=0.00012281 beh=6.004989 w=0.011 lr=4.814e-04 time=0.156s
[RQ-VAE] epoch=1581 loss=0.06526308 recon=0.00012210 beh=6.001118 w=0.011 lr=4.810e-04 time=0.156s
[RQ-VAE] epoch=1582 loss=0.06625937 recon=0.00012156 beh=6.019240 w=0.011 lr=4.807e-04 time=0.156s
[RQ-VAE] epoch=1583 loss=0.06693381 recon=0.00012199 beh=6.007804 w=0.011 lr=4.803e-04 time=0.156s
[RQ-VAE] epoch=1584 loss=0.06778572 recon=0.00012071 beh=6.011284 w=0.011 lr=4.800e-04 time=0.156s
[RQ-VAE] epoch=1585 loss=0.06853506 recon=0.00012301 beh=6.006739 w=0.011 lr=4.797e-04 time=0.158s
[RQ-VAE] epoch=1586 loss=0.06937715 recon=0.00012177 beh=6.009931 w=0.011 lr=4.793e-04 time=0.157s
[RQ-VAE] epoch=1587 loss=0.07018219 recon=0.00012179 beh=6.011824 w=0.012 lr=4.790e-04 time=0.155s
[RQ-VAE] epoch=1588 loss=0.07088031 recon=0.00012130 beh=6.001704 w=0.012 lr=4.786e-04 time=0.276s
[RQ-VAE] epoch=1589 loss=0.07169785 recon=0.00012173 beh=6.004352 w=0.012 lr=4.783e-04 time=0.151s
[RQ-VAE] epoch=1590 loss=0.07262237 recon=0.00012251 beh=6.014450 w=0.012 lr=4.780e-04 time=0.149s
[RQ-VAE] epoch=1591 loss=0.07330650 recon=0.00012192 beh=6.005155 w=0.012 lr=4.776e-04 time=0.151s
[RQ-VAE] epoch=1592 loss=0.07410438 recon=0.00012206 beh=6.004028 w=0.012 lr=4.773e-04 time=0.156s
[RQ-VAE] epoch=1593 loss=0.07498781 recon=0.00012360 beh=6.011832 w=0.012 lr=4.769e-04 time=0.15s
[RQ-VAE] epoch=1594 loss=0.07568876 recon=0.00012307 beh=6.004236 w=0.013 lr=4.766e-04 time=0.15s
[RQ-VAE] epoch=1595 loss=0.07648574 recon=0.00012256 beh=6.003297 w=0.013 lr=4.763e-04 time=0.149s
[RQ-VAE] epoch=1596 loss=0.07721555 recon=0.00012231 beh=5.996076 w=0.013 lr=4.759e-04 time=0.151s
[RQ-VAE] epoch=1597 loss=0.07812736 recon=0.00012224 beh=6.006279 w=0.013 lr=4.756e-04 time=0.15s
[RQ-VAE] epoch=1598 loss=0.07868885 recon=0.00012325 beh=5.986411 w=0.013 lr=4.753e-04 time=0.149s
[RQ-VAE] epoch=1599 loss=0.07977161 recon=0.00012414 beh=6.008502 w=0.013 lr=4.749e-04 time=0.15s
[RQ-VAE] epoch=1600 loss=0.08037641 recon=0.00012411 lr=4.746e-04 raw_unique=22523/24587 collision=0.083947 time=0.149s
[RQ-VAE] epoch=1601 loss=0.08118256 recon=0.00012447 beh=5.992596 w=0.013 lr=4.742e-04 time=0.15s
[RQ-VAE] epoch=1602 loss=0.08194666 recon=0.00012470 beh=5.991781 w=0.014 lr=4.739e-04 time=0.152s
[RQ-VAE] epoch=1603 loss=0.08281292 recon=0.00012371 beh=5.996107 w=0.014 lr=4.736e-04 time=0.252s
[RQ-VAE] epoch=1604 loss=0.08377030 recon=0.00012377 beh=6.007337 w=0.014 lr=4.732e-04 time=0.148s
[RQ-VAE] epoch=1605 loss=0.08440829 recon=0.00012431 beh=5.996146 w=0.014 lr=4.729e-04 time=0.15s
[RQ-VAE] epoch=1606 loss=0.08520725 recon=0.00012436 beh=5.996399 w=0.014 lr=4.725e-04 time=0.148s
[RQ-VAE] epoch=1607 loss=0.08614159 recon=0.00012503 beh=6.005658 w=0.014 lr=4.722e-04 time=0.149s
[RQ-VAE] epoch=1608 loss=0.08685911 recon=0.00012454 beh=5.998940 w=0.014 lr=4.719e-04 time=0.149s
[RQ-VAE] epoch=1609 loss=0.08760625 recon=0.00012568 beh=5.996015 w=0.015 lr=4.715e-04 time=0.15s
[RQ-VAE] epoch=1610 loss=0.08840331 recon=0.00012523 beh=5.995431 w=0.015 lr=4.712e-04 time=0.148s
[RQ-VAE] epoch=1611 loss=0.08933281 recon=0.00012419 beh=6.005211 w=0.015 lr=4.708e-04 time=0.148s
[RQ-VAE] epoch=1612 loss=0.09006296 recon=0.00012390 beh=5.999611 w=0.015 lr=4.705e-04 time=0.147s
[RQ-VAE] epoch=1613 loss=0.09080707 recon=0.00012366 beh=5.996560 w=0.015 lr=4.702e-04 time=0.148s
[RQ-VAE] epoch=1614 loss=0.09169495 recon=0.00012429 beh=6.003209 w=0.015 lr=4.698e-04 time=0.153s
[RQ-VAE] epoch=1615 loss=0.09217660 recon=0.00012420 beh=5.981653 w=0.015 lr=4.695e-04 time=0.149s
[RQ-VAE] epoch=1616 loss=0.09307747 recon=0.00012382 beh=5.987829 w=0.015 lr=4.692e-04 time=0.149s
[RQ-VAE] epoch=1617 loss=0.09403020 recon=0.00012515 beh=5.997380 w=0.016 lr=4.688e-04 time=0.148s
[RQ-VAE] epoch=1618 loss=0.09471804 recon=0.00012460 beh=5.990232 w=0.016 lr=4.685e-04 time=0.148s
[RQ-VAE] epoch=1619 loss=0.09555943 recon=0.00012535 beh=5.992832 w=0.016 lr=4.681e-04 time=0.149s
[RQ-VAE] epoch=1620 loss=0.09641878 recon=0.00012589 beh=5.997239 w=0.016 lr=4.678e-04 time=0.148s
[RQ-VAE] epoch=1621 loss=0.09726797 recon=0.00012588 beh=5.999627 w=0.016 lr=4.675e-04 time=0.148s
[RQ-VAE] epoch=1622 loss=0.09804842 recon=0.00012618 beh=5.998868 w=0.016 lr=4.671e-04 time=0.152s
[RQ-VAE] epoch=1623 loss=0.09880364 recon=0.00012670 beh=5.995789 w=0.016 lr=4.668e-04 time=0.148s
[RQ-VAE] epoch=1624 loss=0.09945399 recon=0.00012556 beh=5.987729 w=0.017 lr=4.664e-04 time=0.149s
[RQ-VAE] epoch=1625 loss=0.10024706 recon=0.00012536 beh=5.986548 w=0.017 lr=4.661e-04 time=0.148s
[RQ-VAE] epoch=1626 loss=0.10101610 recon=0.00012497 beh=5.985294 w=0.017 lr=4.658e-04 time=0.149s
[RQ-VAE] epoch=1627 loss=0.10191128 recon=0.00012595 beh=5.991358 w=0.017 lr=4.654e-04 time=0.149s
[RQ-VAE] epoch=1628 loss=0.10266289 recon=0.00012622 beh=5.987573 w=0.017 lr=4.651e-04 time=0.148s
[RQ-VAE] epoch=1629 loss=0.10351923 recon=0.00012582 beh=5.990764 w=0.017 lr=4.647e-04 time=0.148s
[RQ-VAE] epoch=1630 loss=0.10429972 recon=0.00012620 beh=5.990422 w=0.017 lr=4.644e-04 time=0.148s
[RQ-VAE] epoch=1631 loss=0.10518733 recon=0.00012643 beh=5.995224 w=0.017 lr=4.641e-04 time=0.148s
[RQ-VAE] epoch=1632 loss=0.10584337 recon=0.00012606 beh=5.986504 w=0.018 lr=4.637e-04 time=0.148s
[RQ-VAE] epoch=1633 loss=0.10658699 recon=0.00012620 beh=5.983953 w=0.018 lr=4.634e-04 time=0.147s
[RQ-VAE] epoch=1634 loss=0.10738152 recon=0.00012612 beh=5.983715 w=0.018 lr=4.631e-04 time=0.15s
[RQ-VAE] epoch=1635 loss=0.10837038 recon=0.00012711 beh=5.994160 w=0.018 lr=4.627e-04 time=0.148s
[RQ-VAE] epoch=1636 loss=0.10911106 recon=0.00012674 beh=5.991269 w=0.018 lr=4.624e-04 time=0.149s
[RQ-VAE] epoch=1637 loss=0.10989259 recon=0.00012709 beh=5.990357 w=0.018 lr=4.620e-04 time=0.154s
[RQ-VAE] epoch=1638 loss=0.11072025 recon=0.00012756 beh=5.991202 w=0.018 lr=4.617e-04 time=0.15s
[RQ-VAE] epoch=1639 loss=0.11112013 recon=0.00012686 beh=5.969811 w=0.019 lr=4.614e-04 time=0.15s
[RQ-VAE] epoch=1640 loss=0.11225261 recon=0.00012615 beh=5.986806 w=0.019 lr=4.610e-04 time=0.148s
[RQ-VAE] epoch=1641 loss=0.11290416 recon=0.00012616 beh=5.979772 w=0.019 lr=4.607e-04 time=0.148s
[RQ-VAE] epoch=1642 loss=0.11381613 recon=0.00012784 beh=5.985978 w=0.019 lr=4.603e-04 time=0.149s
[RQ-VAE] epoch=1643 loss=0.11469655 recon=0.00012779 beh=5.990420 w=0.019 lr=4.600e-04 time=0.149s
[RQ-VAE] epoch=1644 loss=0.11545366 recon=0.00012779 beh=5.988123 w=0.019 lr=4.597e-04 time=0.149s
[RQ-VAE] epoch=1645 loss=0.11609747 recon=0.00012665 beh=5.979256 w=0.019 lr=4.593e-04 time=0.148s
[RQ-VAE] epoch=1646 loss=0.11697943 recon=0.00012733 beh=5.984117 w=0.019 lr=4.590e-04 time=0.15s
[RQ-VAE] epoch=1647 loss=0.11787703 recon=0.00012702 beh=5.988751 w=0.020 lr=4.586e-04 time=0.148s
[RQ-VAE] epoch=1648 loss=0.11859088 recon=0.00012700 beh=5.985031 w=0.020 lr=4.583e-04 time=0.149s
[RQ-VAE] epoch=1649 loss=0.11944185 recon=0.00012715 beh=5.987236 w=0.020 lr=4.580e-04 time=0.149s
[RQ-VAE] epoch=1650 loss=0.12021036 recon=0.00012815 lr=4.576e-04 raw_unique=23041/24587 collision=0.062879 time=0.148s
[RQ-VAE] epoch=1651 loss=0.12103154 recon=0.00012822 beh=5.987359 w=0.020 lr=4.573e-04 time=0.149s
[RQ-VAE] epoch=1652 loss=0.12182643 recon=0.00012700 beh=5.986579 w=0.020 lr=4.569e-04 time=0.149s
[RQ-VAE] epoch=1653 loss=0.12259927 recon=0.00012761 beh=5.986223 w=0.020 lr=4.566e-04 time=0.148s
[RQ-VAE] epoch=1654 loss=0.12307987 recon=0.00012864 beh=5.970597 w=0.021 lr=4.563e-04 time=0.15s
[RQ-VAE] epoch=1655 loss=0.12400979 recon=0.00012804 beh=5.976799 w=0.021 lr=4.559e-04 time=0.149s
[RQ-VAE] epoch=1656 loss=0.12487381 recon=0.00012851 beh=5.979618 w=0.021 lr=4.556e-04 time=0.148s
[RQ-VAE] epoch=1657 loss=0.12570231 recon=0.00012906 beh=5.981304 w=0.021 lr=4.553e-04 time=0.148s
[RQ-VAE] epoch=1658 loss=0.12636152 recon=0.00012901 beh=5.974172 w=0.021 lr=4.549e-04 time=0.148s
[RQ-VAE] epoch=1659 loss=0.12754777 recon=0.00012926 beh=5.993209 w=0.021 lr=4.546e-04 time=0.149s
[RQ-VAE] epoch=1660 loss=0.12800214 recon=0.00012874 beh=5.976891 w=0.021 lr=4.542e-04 time=0.271s
[RQ-VAE] epoch=1661 loss=0.12856235 recon=0.00012841 beh=5.965749 w=0.021 lr=4.539e-04 time=0.148s
[RQ-VAE] epoch=1662 loss=0.12968731 recon=0.00012814 beh=5.981029 w=0.022 lr=4.536e-04 time=0.147s
[RQ-VAE] epoch=1663 loss=0.13049373 recon=0.00012858 beh=5.981361 w=0.022 lr=4.532e-04 time=0.149s
[RQ-VAE] epoch=1664 loss=0.13118413 recon=0.00012857 beh=5.976873 w=0.022 lr=4.529e-04 time=0.149s
[RQ-VAE] epoch=1665 loss=0.13204323 recon=0.00012914 beh=5.979783 w=0.022 lr=4.525e-04 time=0.148s
[RQ-VAE] epoch=1666 loss=0.13276823 recon=0.00013009 beh=5.975535 w=0.022 lr=4.522e-04 time=0.148s
[RQ-VAE] epoch=1667 loss=0.13369109 recon=0.00012915 beh=5.982241 w=0.022 lr=4.519e-04 time=0.148s
[RQ-VAE] epoch=1668 loss=0.13453156 recon=0.00013046 beh=5.984087 w=0.022 lr=4.515e-04 time=0.15s
[RQ-VAE] epoch=1669 loss=0.13511240 recon=0.00013066 beh=5.974159 w=0.023 lr=4.512e-04 time=0.148s
[RQ-VAE] epoch=1670 loss=0.13611962 recon=0.00013044 beh=5.983507 w=0.023 lr=4.508e-04 time=0.148s
[RQ-VAE] epoch=1671 loss=0.13689792 recon=0.00013112 beh=5.982787 w=0.023 lr=4.505e-04 time=0.148s
[RQ-VAE] epoch=1672 loss=0.13740155 recon=0.00013090 beh=5.969657 w=0.023 lr=4.502e-04 time=0.149s
[RQ-VAE] epoch=1673 loss=0.13818967 recon=0.00013025 beh=5.969348 w=0.023 lr=4.498e-04 time=0.147s
[RQ-VAE] epoch=1674 loss=0.13919327 recon=0.00013082 beh=5.978052 w=0.023 lr=4.495e-04 time=0.148s
[RQ-VAE] epoch=1675 loss=0.14010984 recon=0.00012995 beh=5.983079 w=0.023 lr=4.492e-04 time=0.148s
[RQ-VAE] epoch=1676 loss=0.14069152 recon=0.00012936 beh=5.974258 w=0.023 lr=4.488e-04 time=0.149s
[RQ-VAE] epoch=1677 loss=0.14143218 recon=0.00012990 beh=5.971475 w=0.024 lr=4.485e-04 time=0.15s
[RQ-VAE] epoch=1678 loss=0.14234275 recon=0.00012939 beh=5.976094 w=0.024 lr=4.481e-04 time=0.148s
[RQ-VAE] epoch=1679 loss=0.14328733 recon=0.00012951 beh=5.982926 w=0.024 lr=4.478e-04 time=0.149s
[RQ-VAE] epoch=1680 loss=0.14378437 recon=0.00013007 beh=5.970222 w=0.024 lr=4.475e-04 time=0.149s
[RQ-VAE] epoch=1681 loss=0.14480659 recon=0.00013075 beh=5.979477 w=0.024 lr=4.471e-04 time=0.148s
[RQ-VAE] epoch=1682 loss=0.14526895 recon=0.00012993 beh=5.965481 w=0.024 lr=4.468e-04 time=0.148s
[RQ-VAE] epoch=1683 loss=0.14596578 recon=0.00012943 beh=5.961927 w=0.024 lr=4.464e-04 time=0.149s
[RQ-VAE] epoch=1684 loss=0.14716110 recon=0.00012926 beh=5.978197 w=0.025 lr=4.461e-04 time=0.149s
[RQ-VAE] epoch=1685 loss=0.14818114 recon=0.00012867 beh=5.986894 w=0.025 lr=4.458e-04 time=0.15s
[RQ-VAE] epoch=1686 loss=0.14858678 recon=0.00012999 beh=5.971055 w=0.025 lr=4.454e-04 time=0.149s
[RQ-VAE] epoch=1687 loss=0.14953598 recon=0.00012981 beh=5.977752 w=0.025 lr=4.451e-04 time=0.148s
[RQ-VAE] epoch=1688 loss=0.15025228 recon=0.00012920 beh=5.974434 w=0.025 lr=4.447e-04 time=0.148s
[RQ-VAE] epoch=1689 loss=0.15105364 recon=0.00012941 beh=5.974574 w=0.025 lr=4.444e-04 time=0.239s
[RQ-VAE] epoch=1690 loss=0.15192595 recon=0.00012989 beh=5.977919 w=0.025 lr=4.441e-04 time=0.148s
[RQ-VAE] epoch=1691 loss=0.15252993 recon=0.00012942 beh=5.970222 w=0.025 lr=4.437e-04 time=0.148s
[RQ-VAE] epoch=1692 loss=0.15347186 recon=0.00012992 beh=5.975590 w=0.026 lr=4.434e-04 time=0.148s
[RQ-VAE] epoch=1693 loss=0.15420838 recon=0.00013043 beh=5.972898 w=0.026 lr=4.431e-04 time=0.148s
[RQ-VAE] epoch=1694 loss=0.15505521 recon=0.00013011 beh=5.974852 w=0.026 lr=4.427e-04 time=0.148s
[RQ-VAE] epoch=1695 loss=0.15558195 recon=0.00013005 beh=5.964480 w=0.026 lr=4.424e-04 time=0.148s
[RQ-VAE] epoch=1696 loss=0.15630752 recon=0.00012914 beh=5.962149 w=0.026 lr=4.420e-04 time=0.148s
[RQ-VAE] epoch=1697 loss=0.15731218 recon=0.00012963 beh=5.969618 w=0.026 lr=4.417e-04 time=0.148s
[RQ-VAE] epoch=1698 loss=0.15800321 recon=0.00013080 beh=5.966229 w=0.026 lr=4.414e-04 time=0.148s
[RQ-VAE] epoch=1699 loss=0.15900360 recon=0.00013083 beh=5.973386 w=0.027 lr=4.410e-04 time=0.149s
[RQ-VAE] epoch=1700 loss=0.15958467 recon=0.00013073 lr=4.407e-04 raw_unique=23169/24587 collision=0.057673 time=0.151s
[RQ-VAE] epoch=1701 loss=0.16026449 recon=0.00013100 beh=5.961021 w=0.027 lr=4.403e-04 time=0.149s
[RQ-VAE] epoch=1702 loss=0.16121662 recon=0.00013100 beh=5.967109 w=0.027 lr=4.400e-04 time=0.149s
[RQ-VAE] epoch=1703 loss=0.16214618 recon=0.00013137 beh=5.972253 w=0.027 lr=4.397e-04 time=0.149s
[RQ-VAE] epoch=1704 loss=0.16278780 recon=0.00013185 beh=5.966229 w=0.027 lr=4.393e-04 time=0.149s
[RQ-VAE] epoch=1705 loss=0.16411158 recon=0.00013194 beh=5.985404 w=0.027 lr=4.390e-04 time=0.149s
[RQ-VAE] epoch=1706 loss=0.16451611 recon=0.00013068 beh=5.971561 w=0.027 lr=4.386e-04 time=0.148s
[RQ-VAE] epoch=1707 loss=0.16536029 recon=0.00013073 beh=5.973068 w=0.028 lr=4.383e-04 time=0.148s
[RQ-VAE] epoch=1708 loss=0.16607706 recon=0.00013071 beh=5.970388 w=0.028 lr=4.380e-04 time=0.267s
[RQ-VAE] epoch=1709 loss=0.16653466 recon=0.00013017 beh=5.957925 w=0.028 lr=4.376e-04 time=0.151s
[RQ-VAE] epoch=1710 loss=0.16737738 recon=0.00013129 beh=5.959540 w=0.028 lr=4.373e-04 time=0.149s
[RQ-VAE] epoch=1711 loss=0.16859722 recon=0.00013149 beh=5.974179 w=0.028 lr=4.369e-04 time=0.148s
[RQ-VAE] epoch=1712 loss=0.16926309 recon=0.00013080 beh=5.969999 w=0.028 lr=4.366e-04 time=0.149s
[RQ-VAE] epoch=1713 loss=0.16995545 recon=0.00013182 beh=5.966228 w=0.028 lr=4.363e-04 time=0.149s
[RQ-VAE] epoch=1714 loss=0.17074695 recon=0.00013172 beh=5.966150 w=0.029 lr=4.359e-04 time=0.149s
[RQ-VAE] epoch=1715 loss=0.17168885 recon=0.00013305 beh=5.971593 w=0.029 lr=4.356e-04 time=0.149s
[RQ-VAE] epoch=1716 loss=0.17250261 recon=0.00013298 beh=5.972141 w=0.029 lr=4.353e-04 time=0.149s
[RQ-VAE] epoch=1717 loss=0.17321013 recon=0.00013284 beh=5.969240 w=0.029 lr=4.349e-04 time=0.149s
[RQ-VAE] epoch=1718 loss=0.17390116 recon=0.00013296 beh=5.965220 w=0.029 lr=4.346e-04 time=0.148s
[RQ-VAE] epoch=1719 loss=0.17479791 recon=0.00013249 beh=5.968479 w=0.029 lr=4.342e-04 time=0.149s
[RQ-VAE] epoch=1720 loss=0.17518888 recon=0.00013186 beh=5.955400 w=0.029 lr=4.339e-04 time=0.149s
[RQ-VAE] epoch=1721 loss=0.17641193 recon=0.00013198 beh=5.969830 w=0.029 lr=4.336e-04 time=0.149s
[RQ-VAE] epoch=1722 loss=0.17700723 recon=0.00013162 beh=5.962838 w=0.030 lr=4.332e-04 time=0.148s
[RQ-VAE] epoch=1723 loss=0.17782490 recon=0.00013170 beh=5.963069 w=0.030 lr=4.329e-04 time=0.242s
[RQ-VAE] epoch=1724 loss=0.17850403 recon=0.00013240 beh=5.959300 w=0.030 lr=4.325e-04 time=0.15s
[RQ-VAE] epoch=1725 loss=0.17957537 recon=0.00013126 beh=5.968861 w=0.030 lr=4.322e-04 time=0.15s
[RQ-VAE] epoch=1726 loss=0.18028475 recon=0.00013157 beh=5.966232 w=0.030 lr=4.319e-04 time=0.148s
[RQ-VAE] epoch=1727 loss=0.18101533 recon=0.00013171 beh=5.963676 w=0.030 lr=4.315e-04 time=0.149s
[RQ-VAE] epoch=1728 loss=0.18168655 recon=0.00013188 beh=5.959703 w=0.030 lr=4.312e-04 time=0.15s
[RQ-VAE] epoch=1729 loss=0.18261552 recon=0.00013229 beh=5.964035 w=0.031 lr=4.308e-04 time=0.149s
[RQ-VAE] epoch=1730 loss=0.18325818 recon=0.00013261 beh=5.958853 w=0.031 lr=4.305e-04 time=0.15s
[RQ-VAE] epoch=1731 loss=0.18373968 recon=0.00013196 beh=5.948721 w=0.031 lr=4.302e-04 time=0.15s
[RQ-VAE] epoch=1732 loss=0.18505329 recon=0.00013289 beh=5.965559 w=0.031 lr=4.298e-04 time=0.149s
[RQ-VAE] epoch=1733 loss=0.18592186 recon=0.00013365 beh=5.968132 w=0.031 lr=4.295e-04 time=0.149s
[RQ-VAE] epoch=1734 loss=0.18649821 recon=0.00013364 beh=5.961102 w=0.031 lr=4.292e-04 time=0.153s
[RQ-VAE] epoch=1735 loss=0.18738705 recon=0.00013459 beh=5.964060 w=0.031 lr=4.288e-04 time=0.149s
[RQ-VAE] epoch=1736 loss=0.18800507 recon=0.00013520 beh=5.958094 w=0.031 lr=4.285e-04 time=0.148s
[RQ-VAE] epoch=1737 loss=0.18888924 recon=0.00013509 beh=5.960903 w=0.032 lr=4.281e-04 time=0.15s
[RQ-VAE] epoch=1738 loss=0.18979207 recon=0.00013515 beh=5.964630 w=0.032 lr=4.278e-04 time=0.152s
[RQ-VAE] epoch=1739 loss=0.19065636 recon=0.00013356 beh=5.966866 w=0.032 lr=4.275e-04 time=0.15s
[RQ-VAE] epoch=1740 loss=0.19115451 recon=0.00013348 beh=5.957438 w=0.032 lr=4.271e-04 time=0.15s
[RQ-VAE] epoch=1741 loss=0.19204417 recon=0.00013337 beh=5.960517 w=0.032 lr=4.268e-04 time=0.149s
[RQ-VAE] epoch=1742 loss=0.19279844 recon=0.00013422 beh=5.959317 w=0.032 lr=4.264e-04 time=0.149s
[RQ-VAE] epoch=1743 loss=0.19390365 recon=0.00013477 beh=5.968727 w=0.032 lr=4.261e-04 time=0.149s
[RQ-VAE] epoch=1744 loss=0.19467604 recon=0.00013460 beh=5.968089 w=0.033 lr=4.258e-04 time=0.149s
[RQ-VAE] epoch=1745 loss=0.19522193 recon=0.00013360 beh=5.960312 w=0.033 lr=4.254e-04 time=0.149s
[RQ-VAE] epoch=1746 loss=0.19558278 recon=0.00013345 beh=5.947079 w=0.033 lr=4.251e-04 time=0.148s
[RQ-VAE] epoch=1747 loss=0.19673336 recon=0.00013361 beh=5.957726 w=0.033 lr=4.247e-04 time=0.149s
[RQ-VAE] epoch=1748 loss=0.19756755 recon=0.00013349 beh=5.959052 w=0.033 lr=4.244e-04 time=0.148s
[RQ-VAE] epoch=1749 loss=0.19841698 recon=0.00013307 beh=5.960554 w=0.033 lr=4.241e-04 time=0.15s
[RQ-VAE] epoch=1750 loss=0.19930220 recon=0.00013407 lr=4.237e-04 raw_unique=23266/24587 collision=0.053728 time=0.149s
[RQ-VAE] epoch=1751 loss=0.19991836 recon=0.00013372 beh=5.958225 w=0.033 lr=4.234e-04 time=0.15s
[RQ-VAE] epoch=1752 loss=0.20046231 recon=0.00013397 beh=5.950696 w=0.034 lr=4.231e-04 time=0.149s
[RQ-VAE] epoch=1753 loss=0.20128205 recon=0.00013431 beh=5.951382 w=0.034 lr=4.227e-04 time=0.15s
[RQ-VAE] epoch=1754 loss=0.20240629 recon=0.00013381 beh=5.960793 w=0.034 lr=4.224e-04 time=0.149s
[RQ-VAE] epoch=1755 loss=0.20356135 recon=0.00013438 beh=5.971703 w=0.034 lr=4.220e-04 time=0.149s
[RQ-VAE] epoch=1756 loss=0.20399985 recon=0.00013345 beh=5.961272 w=0.034 lr=4.217e-04 time=0.15s
[RQ-VAE] epoch=1757 loss=0.20482665 recon=0.00013428 beh=5.962111 w=0.034 lr=4.214e-04 time=0.151s
[RQ-VAE] epoch=1758 loss=0.20537955 recon=0.00013399 beh=5.954953 w=0.034 lr=4.210e-04 time=0.149s
[RQ-VAE] epoch=1759 loss=0.20616251 recon=0.00013374 beh=5.954474 w=0.035 lr=4.207e-04 time=0.15s
[RQ-VAE] epoch=1760 loss=0.20722696 recon=0.00013457 beh=5.962529 w=0.035 lr=4.203e-04 time=0.15s
[RQ-VAE] epoch=1761 loss=0.20771538 recon=0.00013378 beh=5.953903 w=0.035 lr=4.200e-04 time=0.154s
[RQ-VAE] epoch=1762 loss=0.20864844 recon=0.00013486 beh=5.957521 w=0.035 lr=4.197e-04 time=0.149s
[RQ-VAE] epoch=1763 loss=0.20969921 recon=0.00013490 beh=5.964813 w=0.035 lr=4.193e-04 time=0.149s
[RQ-VAE] epoch=1764 loss=0.21005215 recon=0.00013434 beh=5.952332 w=0.035 lr=4.190e-04 time=0.15s
[RQ-VAE] epoch=1765 loss=0.21089348 recon=0.00013450 beh=5.953691 w=0.035 lr=4.186e-04 time=0.149s
[RQ-VAE] epoch=1766 loss=0.21149239 recon=0.00013479 beh=5.948009 w=0.035 lr=4.183e-04 time=0.149s
[RQ-VAE] epoch=1767 loss=0.21291101 recon=0.00013518 beh=5.965792 w=0.036 lr=4.180e-04 time=0.149s
[RQ-VAE] epoch=1768 loss=0.21341085 recon=0.00013476 beh=5.957776 w=0.036 lr=4.176e-04 time=0.149s
[RQ-VAE] epoch=1769 loss=0.21416323 recon=0.00013445 beh=5.956036 w=0.036 lr=4.173e-04 time=0.152s
[RQ-VAE] epoch=1770 loss=0.21515560 recon=0.00013452 beh=5.961791 w=0.036 lr=4.169e-04 time=0.149s
[RQ-VAE] epoch=1771 loss=0.21582529 recon=0.00013519 beh=5.958505 w=0.036 lr=4.166e-04 time=0.149s
[RQ-VAE] epoch=1772 loss=0.21677075 recon=0.00013459 beh=5.962556 w=0.036 lr=4.163e-04 time=0.15s
[RQ-VAE] epoch=1773 loss=0.21739432 recon=0.00013433 beh=5.957870 w=0.036 lr=4.159e-04 time=0.15s
[RQ-VAE] epoch=1774 loss=0.21854247 recon=0.00013481 beh=5.967573 w=0.037 lr=4.156e-04 time=0.149s
[RQ-VAE] epoch=1775 loss=0.21921374 recon=0.00013530 beh=5.964205 w=0.037 lr=4.153e-04 time=0.149s
[RQ-VAE] epoch=1776 loss=0.21981156 recon=0.00013493 beh=5.958838 w=0.037 lr=4.149e-04 time=0.148s
[RQ-VAE] epoch=1777 loss=0.22094683 recon=0.00013468 beh=5.968146 w=0.037 lr=4.146e-04 time=0.149s
[RQ-VAE] epoch=1778 loss=0.22152767 recon=0.00013425 beh=5.962507 w=0.037 lr=4.142e-04 time=0.15s
[RQ-VAE] epoch=1779 loss=0.22171843 recon=0.00013467 beh=5.945992 w=0.037 lr=4.139e-04 time=0.15s
[RQ-VAE] epoch=1780 loss=0.22305876 recon=0.00013456 beh=5.960562 w=0.037 lr=4.136e-04 time=0.272s
[RQ-VAE] epoch=1781 loss=0.22359616 recon=0.00013484 beh=5.953818 w=0.037 lr=4.132e-04 time=0.151s
[RQ-VAE] epoch=1782 loss=0.22418994 recon=0.00013436 beh=5.948343 w=0.038 lr=4.129e-04 time=0.151s
[RQ-VAE] epoch=1783 loss=0.22488745 recon=0.00013490 beh=5.945672 w=0.038 lr=4.125e-04 time=0.149s
[RQ-VAE] epoch=1784 loss=0.22613315 recon=0.00013449 beh=5.957935 w=0.038 lr=4.122e-04 time=0.149s
[RQ-VAE] epoch=1785 loss=0.22658306 recon=0.00013545 beh=5.949086 w=0.038 lr=4.119e-04 time=0.15s
[RQ-VAE] epoch=1786 loss=0.22723423 recon=0.00013520 beh=5.944746 w=0.038 lr=4.115e-04 time=0.15s
[RQ-VAE] epoch=1787 loss=0.22864333 recon=0.00013487 beh=5.960967 w=0.038 lr=4.112e-04 time=0.152s
[RQ-VAE] epoch=1788 loss=0.22905087 recon=0.00013535 beh=5.951416 w=0.038 lr=4.108e-04 time=0.15s
[RQ-VAE] epoch=1789 loss=0.22987565 recon=0.00013477 beh=5.952001 w=0.039 lr=4.105e-04 time=0.149s
[RQ-VAE] epoch=1790 loss=0.23075968 recon=0.00013548 beh=5.953887 w=0.039 lr=4.102e-04 time=0.149s
[RQ-VAE] epoch=1791 loss=0.23150569 recon=0.00013589 beh=5.952986 w=0.039 lr=4.098e-04 time=0.149s
[RQ-VAE] epoch=1792 loss=0.23217885 recon=0.00013555 beh=5.949974 w=0.039 lr=4.095e-04 time=0.15s
[RQ-VAE] epoch=1793 loss=0.23292485 recon=0.00013498 beh=5.948736 w=0.039 lr=4.092e-04 time=0.153s
[RQ-VAE] epoch=1794 loss=0.23392937 recon=0.00013502 beh=5.954129 w=0.039 lr=4.088e-04 time=0.149s
[RQ-VAE] epoch=1795 loss=0.23487726 recon=0.00013589 beh=5.957777 w=0.039 lr=4.085e-04 time=0.15s
[RQ-VAE] epoch=1796 loss=0.23566568 recon=0.00013542 beh=5.957650 w=0.039 lr=4.081e-04 time=0.151s
[RQ-VAE] epoch=1797 loss=0.23617598 recon=0.00013653 beh=5.950485 w=0.040 lr=4.078e-04 time=0.15s
[RQ-VAE] epoch=1798 loss=0.23730502 recon=0.00013661 beh=5.959149 w=0.040 lr=4.075e-04 time=0.151s
[RQ-VAE] epoch=1799 loss=0.23779497 recon=0.00013514 beh=5.951436 w=0.040 lr=4.071e-04 time=0.151s
[RQ-VAE] epoch=1800 loss=0.23862563 recon=0.00013552 lr=4.068e-04 raw_unique=23313/24587 collision=0.051816 time=0.149s
[RQ-VAE] epoch=1801 loss=0.23905493 recon=0.00013630 beh=5.943082 w=0.040 lr=4.064e-04 time=0.15s
[RQ-VAE] epoch=1802 loss=0.24031866 recon=0.00013668 beh=5.955194 w=0.040 lr=4.061e-04 time=0.15s
[RQ-VAE] epoch=1803 loss=0.24089189 recon=0.00013678 beh=5.949628 w=0.040 lr=4.058e-04 time=0.149s
[RQ-VAE] epoch=1804 loss=0.24169517 recon=0.00013707 beh=5.949505 w=0.041 lr=4.054e-04 time=0.149s
[RQ-VAE] epoch=1805 loss=0.24228491 recon=0.00013677 beh=5.944660 w=0.041 lr=4.051e-04 time=0.149s
[RQ-VAE] epoch=1806 loss=0.24312894 recon=0.00013629 beh=5.945553 w=0.041 lr=4.047e-04 time=0.15s
[RQ-VAE] epoch=1807 loss=0.24446794 recon=0.00013574 beh=5.959006 w=0.041 lr=4.044e-04 time=0.149s
[RQ-VAE] epoch=1808 loss=0.24481356 recon=0.00013623 beh=5.948208 w=0.041 lr=4.041e-04 time=0.148s
[RQ-VAE] epoch=1809 loss=0.24526541 recon=0.00013642 beh=5.939643 w=0.041 lr=4.037e-04 time=0.245s
[RQ-VAE] epoch=1810 loss=0.24684161 recon=0.00013622 beh=5.958860 w=0.041 lr=4.034e-04 time=0.15s
[RQ-VAE] epoch=1811 loss=0.24727677 recon=0.00013663 beh=5.950320 w=0.041 lr=4.031e-04 time=0.15s
[RQ-VAE] epoch=1812 loss=0.24812692 recon=0.00013777 beh=5.951776 w=0.042 lr=4.027e-04 time=0.15s
[RQ-VAE] epoch=1813 loss=0.24911961 recon=0.00013719 beh=5.956234 w=0.042 lr=4.024e-04 time=0.148s
[RQ-VAE] epoch=1814 loss=0.24997091 recon=0.00013626 beh=5.957819 w=0.042 lr=4.020e-04 time=0.149s
[RQ-VAE] epoch=1815 loss=0.25033802 recon=0.00013509 beh=5.947915 w=0.042 lr=4.017e-04 time=0.15s
[RQ-VAE] epoch=1816 loss=0.25130814 recon=0.00013544 beh=5.951972 w=0.042 lr=4.014e-04 time=0.149s
[RQ-VAE] epoch=1817 loss=0.25181332 recon=0.00013488 beh=5.945133 w=0.042 lr=4.010e-04 time=0.152s
[RQ-VAE] epoch=1818 loss=0.25258133 recon=0.00013555 beh=5.944586 w=0.042 lr=4.007e-04 time=0.15s
[RQ-VAE] epoch=1819 loss=0.25362664 recon=0.00013585 beh=5.950513 w=0.043 lr=4.003e-04 time=0.149s
[RQ-VAE] epoch=1820 loss=0.25399446 recon=0.00013614 beh=5.940454 w=0.043 lr=4.000e-04 time=0.149s
[RQ-VAE] epoch=1821 loss=0.25509435 recon=0.00013639 beh=5.947609 w=0.043 lr=3.997e-04 time=0.149s
[RQ-VAE] epoch=1822 loss=0.25599816 recon=0.00013674 beh=5.950271 w=0.043 lr=3.993e-04 time=0.149s
[RQ-VAE] epoch=1823 loss=0.25615969 recon=0.00013653 beh=5.935292 w=0.043 lr=3.990e-04 time=0.151s
[RQ-VAE] epoch=1824 loss=0.25745606 recon=0.00013619 beh=5.946723 w=0.043 lr=3.986e-04 time=0.149s
[RQ-VAE] epoch=1825 loss=0.25847441 recon=0.00013749 beh=5.952081 w=0.043 lr=3.983e-04 time=0.15s
[RQ-VAE] epoch=1826 loss=0.25931346 recon=0.00013685 beh=5.953448 w=0.043 lr=3.980e-04 time=0.15s
[RQ-VAE] epoch=1827 loss=0.25993824 recon=0.00013724 beh=5.949706 w=0.044 lr=3.976e-04 time=0.149s
[RQ-VAE] epoch=1828 loss=0.26059282 recon=0.00013783 beh=5.946327 w=0.044 lr=3.973e-04 time=0.269s
[RQ-VAE] epoch=1829 loss=0.26169467 recon=0.00013802 beh=5.953346 w=0.044 lr=3.969e-04 time=0.149s
[RQ-VAE] epoch=1830 loss=0.26227862 recon=0.00013741 beh=5.948570 w=0.044 lr=3.966e-04 time=0.149s
[RQ-VAE] epoch=1831 loss=0.26295111 recon=0.00013785 beh=5.945918 w=0.044 lr=3.963e-04 time=0.15s
[RQ-VAE] epoch=1832 loss=0.26388061 recon=0.00013811 beh=5.949217 w=0.044 lr=3.959e-04 time=0.148s
[RQ-VAE] epoch=1833 loss=0.26496238 recon=0.00013818 beh=5.955433 w=0.044 lr=3.956e-04 time=0.149s
[RQ-VAE] epoch=1834 loss=0.26535416 recon=0.00013775 beh=5.946362 w=0.045 lr=3.953e-04 time=0.15s
[RQ-VAE] epoch=1835 loss=0.26546896 recon=0.00013749 beh=5.930870 w=0.045 lr=3.949e-04 time=0.149s
[RQ-VAE] epoch=1836 loss=0.26716307 recon=0.00013770 beh=5.951144 w=0.045 lr=3.946e-04 time=0.149s
[RQ-VAE] epoch=1837 loss=0.26817855 recon=0.00013789 beh=5.956372 w=0.045 lr=3.942e-04 time=0.149s
[RQ-VAE] epoch=1838 loss=0.26878667 recon=0.00013688 beh=5.952161 w=0.045 lr=3.939e-04 time=0.149s
[RQ-VAE] epoch=1839 loss=0.26956421 recon=0.00013681 beh=5.951768 w=0.045 lr=3.936e-04 time=0.151s
[RQ-VAE] epoch=1840 loss=0.27017203 recon=0.00013732 beh=5.947769 w=0.045 lr=3.932e-04 time=0.149s
[RQ-VAE] epoch=1841 loss=0.27107656 recon=0.00013751 beh=5.950175 w=0.045 lr=3.929e-04 time=0.153s
[RQ-VAE] epoch=1842 loss=0.27138183 recon=0.00013795 beh=5.939561 w=0.046 lr=3.925e-04 time=0.149s
[RQ-VAE] epoch=1843 loss=0.27227324 recon=0.00013749 beh=5.941404 w=0.046 lr=3.922e-04 time=0.15s
[RQ-VAE] epoch=1844 loss=0.27293968 recon=0.00013793 beh=5.938655 w=0.046 lr=3.919e-04 time=0.24s
[RQ-VAE] epoch=1845 loss=0.27356043 recon=0.00013898 beh=5.934787 w=0.046 lr=3.915e-04 time=0.151s
[RQ-VAE] epoch=1846 loss=0.27487564 recon=0.00013829 beh=5.946417 w=0.046 lr=3.912e-04 time=0.149s
[RQ-VAE] epoch=1847 loss=0.27530867 recon=0.00013804 beh=5.938737 w=0.046 lr=3.908e-04 time=0.15s
[RQ-VAE] epoch=1848 loss=0.27650961 recon=0.00013721 beh=5.947393 w=0.046 lr=3.905e-04 time=0.149s
[RQ-VAE] epoch=1849 loss=0.27722508 recon=0.00013763 beh=5.945590 w=0.047 lr=3.902e-04 time=0.15s
[RQ-VAE] epoch=1850 loss=0.27811217 recon=0.00013717 lr=3.898e-04 raw_unique=23349/24587 collision=0.050352 time=0.15s
[RQ-VAE] epoch=1851 loss=0.27887949 recon=0.00013847 beh=5.946935 w=0.047 lr=3.895e-04 time=0.152s
[RQ-VAE] epoch=1852 loss=0.27962539 recon=0.00013873 beh=5.946067 w=0.047 lr=3.892e-04 time=0.148s
[RQ-VAE] epoch=1853 loss=0.28030306 recon=0.00013805 beh=5.943769 w=0.047 lr=3.888e-04 time=0.15s
[RQ-VAE] epoch=1854 loss=0.28105822 recon=0.00013813 beh=5.942933 w=0.047 lr=3.885e-04 time=0.15s
[RQ-VAE] epoch=1855 loss=0.28168899 recon=0.00013800 beh=5.939544 w=0.047 lr=3.881e-04 time=0.15s
[RQ-VAE] epoch=1856 loss=0.28256017 recon=0.00013770 beh=5.941163 w=0.047 lr=3.878e-04 time=0.15s
[RQ-VAE] epoch=1857 loss=0.28371388 recon=0.00013775 beh=5.948622 w=0.048 lr=3.875e-04 time=0.15s
[RQ-VAE] epoch=1858 loss=0.28423434 recon=0.00013718 beh=5.943213 w=0.048 lr=3.871e-04 time=0.149s
[RQ-VAE] epoch=1859 loss=0.28509480 recon=0.00013747 beh=5.944475 w=0.048 lr=3.868e-04 time=0.149s
[RQ-VAE] epoch=1860 loss=0.28553870 recon=0.00013796 beh=5.937296 w=0.048 lr=3.864e-04 time=0.149s
[RQ-VAE] epoch=1861 loss=0.28648809 recon=0.00013831 beh=5.940551 w=0.048 lr=3.861e-04 time=0.149s
[RQ-VAE] epoch=1862 loss=0.28699118 recon=0.00013837 beh=5.934321 w=0.048 lr=3.858e-04 time=0.149s
[RQ-VAE] epoch=1863 loss=0.28792885 recon=0.00013851 beh=5.937418 w=0.048 lr=3.854e-04 time=0.149s
[RQ-VAE] epoch=1864 loss=0.28900170 recon=0.00013816 beh=5.943380 w=0.049 lr=3.851e-04 time=0.149s
[RQ-VAE] epoch=1865 loss=0.28985798 recon=0.00013792 beh=5.944791 w=0.049 lr=3.847e-04 time=0.148s
[RQ-VAE] epoch=1866 loss=0.29029936 recon=0.00013819 beh=5.937477 w=0.049 lr=3.844e-04 time=0.149s
[RQ-VAE] epoch=1867 loss=0.29151353 recon=0.00013796 beh=5.945930 w=0.049 lr=3.841e-04 time=0.149s
[RQ-VAE] epoch=1868 loss=0.29205611 recon=0.00013718 beh=5.940997 w=0.049 lr=3.837e-04 time=0.149s
[RQ-VAE] epoch=1869 loss=0.29294920 recon=0.00013796 beh=5.942917 w=0.049 lr=3.834e-04 time=0.15s
[RQ-VAE] epoch=1870 loss=0.29340830 recon=0.00013736 beh=5.936156 w=0.049 lr=3.831e-04 time=0.15s
[RQ-VAE] epoch=1871 loss=0.29428011 recon=0.00013684 beh=5.937826 w=0.049 lr=3.827e-04 time=0.15s
[RQ-VAE] epoch=1872 loss=0.29508641 recon=0.00013664 beh=5.938147 w=0.050 lr=3.824e-04 time=0.15s
[RQ-VAE] epoch=1873 loss=0.29600251 recon=0.00013711 beh=5.940644 w=0.050 lr=3.820e-04 time=0.15s
[RQ-VAE] epoch=1874 loss=0.29672474 recon=0.00013717 beh=5.939231 w=0.050 lr=3.817e-04 time=0.148s
[RQ-VAE] epoch=1875 loss=0.29757789 recon=0.00013662 beh=5.940427 w=0.050 lr=3.814e-04 time=0.151s
[RQ-VAE] epoch=1876 loss=0.29856610 recon=0.00013793 beh=5.944384 w=0.050 lr=3.810e-04 time=0.149s
[RQ-VAE] epoch=1877 loss=0.29927030 recon=0.00013774 beh=5.942564 w=0.050 lr=3.807e-04 time=0.149s
[RQ-VAE] epoch=1878 loss=0.29978645 recon=0.00013799 beh=5.937120 w=0.050 lr=3.803e-04 time=0.15s
[RQ-VAE] epoch=1879 loss=0.30077177 recon=0.00013779 beh=5.940995 w=0.051 lr=3.800e-04 time=0.149s
[RQ-VAE] epoch=1880 loss=0.30148959 recon=0.00013781 beh=5.939505 w=0.051 lr=3.797e-04 time=0.152s
[RQ-VAE] epoch=1881 loss=0.30262965 recon=0.00013771 beh=5.946188 w=0.051 lr=3.793e-04 time=0.149s
[RQ-VAE] epoch=1882 loss=0.30303124 recon=0.00013747 beh=5.938560 w=0.051 lr=3.790e-04 time=0.15s
[RQ-VAE] epoch=1883 loss=0.30344543 recon=0.00013755 beh=5.931231 w=0.051 lr=3.786e-04 time=0.149s
[RQ-VAE] epoch=1884 loss=0.30451566 recon=0.00013845 beh=5.936696 w=0.051 lr=3.783e-04 time=0.151s
[RQ-VAE] epoch=1885 loss=0.30557367 recon=0.00013854 beh=5.941876 w=0.051 lr=3.780e-04 time=0.149s
[RQ-VAE] epoch=1886 loss=0.30639511 recon=0.00013913 beh=5.942433 w=0.051 lr=3.776e-04 time=0.15s
[RQ-VAE] epoch=1887 loss=0.30702764 recon=0.00013918 beh=5.939300 w=0.052 lr=3.773e-04 time=0.149s
[RQ-VAE] epoch=1888 loss=0.30722231 recon=0.00013930 beh=5.927695 w=0.052 lr=3.769e-04 time=0.15s
[RQ-VAE] epoch=1889 loss=0.30850983 recon=0.00013798 beh=5.937388 w=0.052 lr=3.766e-04 time=0.15s
[RQ-VAE] epoch=1890 loss=0.30985498 recon=0.00013878 beh=5.947985 w=0.052 lr=3.763e-04 time=0.15s
[RQ-VAE] epoch=1891 loss=0.31015795 recon=0.00013779 beh=5.938616 w=0.052 lr=3.759e-04 time=0.148s
[RQ-VAE] epoch=1892 loss=0.31110588 recon=0.00013762 beh=5.941549 w=0.052 lr=3.756e-04 time=0.149s
[RQ-VAE] epoch=1893 loss=0.31204996 recon=0.00013794 beh=5.944559 w=0.052 lr=3.753e-04 time=0.149s
[RQ-VAE] epoch=1894 loss=0.31254596 recon=0.00013845 beh=5.938565 w=0.053 lr=3.749e-04 time=0.149s
[RQ-VAE] epoch=1895 loss=0.31325778 recon=0.00013865 beh=5.937083 w=0.053 lr=3.746e-04 time=0.15s
[RQ-VAE] epoch=1896 loss=0.31441885 recon=0.00013797 beh=5.944308 w=0.053 lr=3.742e-04 time=0.15s
[RQ-VAE] epoch=1897 loss=0.31536889 recon=0.00013858 beh=5.947230 w=0.053 lr=3.739e-04 time=0.149s
[RQ-VAE] epoch=1898 loss=0.31572920 recon=0.00013903 beh=5.939208 w=0.053 lr=3.736e-04 time=0.149s
[RQ-VAE] epoch=1899 loss=0.31669247 recon=0.00013907 beh=5.942445 w=0.053 lr=3.732e-04 time=0.149s
[RQ-VAE] epoch=1900 loss=0.31772071 recon=0.00013870 lr=3.729e-04 raw_unique=23438/24587 collision=0.046732 time=0.248s
[RQ-VAE] epoch=1901 loss=0.31838953 recon=0.00013883 beh=5.944343 w=0.053 lr=3.725e-04 time=0.149s
[RQ-VAE] epoch=1902 loss=0.31862622 recon=0.00013790 beh=5.933851 w=0.054 lr=3.722e-04 time=0.149s
[RQ-VAE] epoch=1903 loss=0.31918722 recon=0.00013809 beh=5.929606 w=0.054 lr=3.719e-04 time=0.15s
[RQ-VAE] epoch=1904 loss=0.31987306 recon=0.00013836 beh=5.927725 w=0.054 lr=3.715e-04 time=0.15s
[RQ-VAE] epoch=1905 loss=0.32033280 recon=0.00013934 beh=5.921557 w=0.054 lr=3.712e-04 time=0.149s
[RQ-VAE] epoch=1906 loss=0.32168376 recon=0.00013881 beh=5.931971 w=0.054 lr=3.708e-04 time=0.149s
[RQ-VAE] epoch=1907 loss=0.32272774 recon=0.00013866 beh=5.936591 w=0.054 lr=3.705e-04 time=0.149s
[RQ-VAE] epoch=1908 loss=0.32366714 recon=0.00013881 beh=5.939178 w=0.054 lr=3.702e-04 time=0.149s
[RQ-VAE] epoch=1909 loss=0.32420290 recon=0.00013848 beh=5.934856 w=0.055 lr=3.698e-04 time=0.149s
[RQ-VAE] epoch=1910 loss=0.32507619 recon=0.00013805 beh=5.936296 w=0.055 lr=3.695e-04 time=0.149s
[RQ-VAE] epoch=1911 loss=0.32554787 recon=0.00013789 beh=5.930322 w=0.055 lr=3.692e-04 time=0.15s
[RQ-VAE] epoch=1912 loss=0.32727656 recon=0.00013787 beh=5.947346 w=0.055 lr=3.688e-04 time=0.149s
[RQ-VAE] epoch=1913 loss=0.32708427 recon=0.00013812 beh=5.929358 w=0.055 lr=3.685e-04 time=0.149s
[RQ-VAE] epoch=1914 loss=0.32847905 recon=0.00013902 beh=5.940400 w=0.055 lr=3.681e-04 time=0.15s
[RQ-VAE] epoch=1915 loss=0.32944378 recon=0.00013909 beh=5.943629 w=0.055 lr=3.678e-04 time=0.15s
[RQ-VAE] epoch=1916 loss=0.32972714 recon=0.00013883 beh=5.934450 w=0.055 lr=3.675e-04 time=0.15s
[RQ-VAE] epoch=1917 loss=0.33065403 recon=0.00013822 beh=5.936910 w=0.056 lr=3.671e-04 time=0.152s
[RQ-VAE] epoch=1918 loss=0.33149260 recon=0.00013874 beh=5.937614 w=0.056 lr=3.668e-04 time=0.151s
[RQ-VAE] epoch=1919 loss=0.33226126 recon=0.00013886 beh=5.937166 w=0.056 lr=3.664e-04 time=0.15s
[RQ-VAE] epoch=1920 loss=0.33308202 recon=0.00013827 beh=5.937880 w=0.056 lr=3.661e-04 time=0.15s
[RQ-VAE] epoch=1921 loss=0.33403566 recon=0.00013797 beh=5.940679 w=0.056 lr=3.658e-04 time=0.15s
[RQ-VAE] epoch=1922 loss=0.33424467 recon=0.00013845 beh=5.930302 w=0.056 lr=3.654e-04 time=0.149s
[RQ-VAE] epoch=1923 loss=0.33534572 recon=0.00013870 beh=5.935718 w=0.056 lr=3.651e-04 time=0.151s
[RQ-VAE] epoch=1924 loss=0.33641472 recon=0.00013890 beh=5.940784 w=0.057 lr=3.647e-04 time=0.149s
[RQ-VAE] epoch=1925 loss=0.33697218 recon=0.00013841 beh=5.936769 w=0.057 lr=3.644e-04 time=0.149s
[RQ-VAE] epoch=1926 loss=0.33813190 recon=0.00013824 beh=5.943115 w=0.057 lr=3.641e-04 time=0.15s
[RQ-VAE] epoch=1927 loss=0.33841753 recon=0.00013829 beh=5.934142 w=0.057 lr=3.637e-04 time=0.15s
[RQ-VAE] epoch=1928 loss=0.33901247 recon=0.00013863 beh=5.930781 w=0.057 lr=3.634e-04 time=0.15s
[RQ-VAE] epoch=1929 loss=0.34002456 recon=0.00013792 beh=5.934641 w=0.057 lr=3.631e-04 time=0.242s
[RQ-VAE] epoch=1930 loss=0.34105033 recon=0.00013836 beh=5.938694 w=0.057 lr=3.627e-04 time=0.15s
[RQ-VAE] epoch=1931 loss=0.34136689 recon=0.00013878 beh=5.930336 w=0.057 lr=3.624e-04 time=0.15s
[RQ-VAE] epoch=1932 loss=0.34255916 recon=0.00013788 beh=5.937387 w=0.058 lr=3.620e-04 time=0.149s
[RQ-VAE] epoch=1933 loss=0.34288219 recon=0.00013749 beh=5.929205 w=0.058 lr=3.617e-04 time=0.149s
[RQ-VAE] epoch=1934 loss=0.34393764 recon=0.00013763 beh=5.933803 w=0.058 lr=3.614e-04 time=0.15s
[RQ-VAE] epoch=1935 loss=0.34440768 recon=0.00013779 beh=5.928286 w=0.058 lr=3.610e-04 time=0.15s
[RQ-VAE] epoch=1936 loss=0.34590280 recon=0.00013839 beh=5.940374 w=0.058 lr=3.607e-04 time=0.149s
[RQ-VAE] epoch=1937 loss=0.34620678 recon=0.00013744 beh=5.932044 w=0.058 lr=3.603e-04 time=0.149s
[RQ-VAE] epoch=1938 loss=0.34757286 recon=0.00013812 beh=5.941799 w=0.058 lr=3.600e-04 time=0.15s
[RQ-VAE] epoch=1939 loss=0.34810430 recon=0.00013796 beh=5.937465 w=0.059 lr=3.597e-04 time=0.149s
[RQ-VAE] epoch=1940 loss=0.34892187 recon=0.00013815 beh=5.937992 w=0.059 lr=3.593e-04 time=0.149s
[RQ-VAE] epoch=1941 loss=0.34955981 recon=0.00013944 beh=5.935368 w=0.059 lr=3.590e-04 time=0.149s
[RQ-VAE] epoch=1942 loss=0.35016119 recon=0.00013954 beh=5.932143 w=0.059 lr=3.586e-04 time=0.149s
[RQ-VAE] epoch=1943 loss=0.35085094 recon=0.00013943 beh=5.930361 w=0.059 lr=3.583e-04 time=0.149s
[RQ-VAE] epoch=1944 loss=0.35194451 recon=0.00013960 beh=5.935422 w=0.059 lr=3.580e-04 time=0.15s
[RQ-VAE] epoch=1945 loss=0.35320771 recon=0.00013901 beh=5.943446 w=0.059 lr=3.576e-04 time=0.149s
[RQ-VAE] epoch=1946 loss=0.35385504 recon=0.00013909 beh=5.941094 w=0.059 lr=3.573e-04 time=0.149s
[RQ-VAE] epoch=1947 loss=0.35414422 recon=0.00013969 beh=5.932536 w=0.060 lr=3.569e-04 time=0.15s
[RQ-VAE] epoch=1948 loss=0.35472259 recon=0.00013893 beh=5.928971 w=0.060 lr=3.566e-04 time=0.15s
[RQ-VAE] epoch=1949 loss=0.35600653 recon=0.00013907 beh=5.937238 w=0.060 lr=3.563e-04 time=0.238s
[RQ-VAE] epoch=1950 loss=0.35710984 recon=0.00013876 lr=3.559e-04 raw_unique=23465/24587 collision=0.045634 time=0.149s
[RQ-VAE] epoch=1951 loss=0.35766807 recon=0.00013961 beh=5.938670 w=0.060 lr=3.556e-04 time=0.15s
[RQ-VAE] epoch=1952 loss=0.35786328 recon=0.00014018 beh=5.928633 w=0.060 lr=3.553e-04 time=0.149s
[RQ-VAE] epoch=1953 loss=0.35829964 recon=0.00013957 beh=5.922700 w=0.060 lr=3.549e-04 time=0.151s
[RQ-VAE] epoch=1954 loss=0.35914114 recon=0.00013998 beh=5.923555 w=0.061 lr=3.546e-04 time=0.153s
[RQ-VAE] epoch=1955 loss=0.36051595 recon=0.00013914 beh=5.933124 w=0.061 lr=3.542e-04 time=0.151s
[RQ-VAE] epoch=1956 loss=0.36129498 recon=0.00013898 beh=5.933035 w=0.061 lr=3.539e-04 time=0.15s
[RQ-VAE] epoch=1957 loss=0.36222342 recon=0.00013955 beh=5.935357 w=0.061 lr=3.536e-04 time=0.151s
[RQ-VAE] epoch=1958 loss=0.36231482 recon=0.00013904 beh=5.923744 w=0.061 lr=3.532e-04 time=0.151s
[RQ-VAE] epoch=1959 loss=0.36324638 recon=0.00013976 beh=5.925946 w=0.061 lr=3.529e-04 time=0.15s
[RQ-VAE] epoch=1960 loss=0.36451149 recon=0.00014027 beh=5.933710 w=0.061 lr=3.525e-04 time=0.15s
[RQ-VAE] epoch=1961 loss=0.36557847 recon=0.00014039 beh=5.938217 w=0.061 lr=3.522e-04 time=0.149s
[RQ-VAE] epoch=1962 loss=0.36591187 recon=0.00014041 beh=5.930833 w=0.062 lr=3.519e-04 time=0.15s
[RQ-VAE] epoch=1963 loss=0.36667180 recon=0.00014084 beh=5.930355 w=0.062 lr=3.515e-04 time=0.15s
[RQ-VAE] epoch=1964 loss=0.36797655 recon=0.00014136 beh=5.938570 w=0.062 lr=3.512e-04 time=0.245s
[RQ-VAE] epoch=1965 loss=0.36830008 recon=0.00014058 beh=5.931180 w=0.062 lr=3.508e-04 time=0.149s
[RQ-VAE] epoch=1966 loss=0.36866331 recon=0.00014012 beh=5.924170 w=0.062 lr=3.505e-04 time=0.148s
[RQ-VAE] epoch=1967 loss=0.37032431 recon=0.00013984 beh=5.937959 w=0.062 lr=3.502e-04 time=0.149s
[RQ-VAE] epoch=1968 loss=0.37082696 recon=0.00013954 beh=5.933474 w=0.062 lr=3.498e-04 time=0.148s
[RQ-VAE] epoch=1969 loss=0.37194249 recon=0.00014003 beh=5.938747 w=0.063 lr=3.495e-04 time=0.149s
[RQ-VAE] epoch=1970 loss=0.37225062 recon=0.00014030 beh=5.931117 w=0.063 lr=3.492e-04 time=0.149s
[RQ-VAE] epoch=1971 loss=0.37362629 recon=0.00014035 beh=5.940307 w=0.063 lr=3.488e-04 time=0.148s
[RQ-VAE] epoch=1972 loss=0.37405780 recon=0.00014037 beh=5.934630 w=0.063 lr=3.485e-04 time=0.149s
[RQ-VAE] epoch=1973 loss=0.37493190 recon=0.00013977 beh=5.936005 w=0.063 lr=3.481e-04 time=0.148s
[RQ-VAE] epoch=1974 loss=0.37566173 recon=0.00014067 beh=5.934967 w=0.063 lr=3.478e-04 time=0.149s
[RQ-VAE] epoch=1975 loss=0.37590280 recon=0.00014035 beh=5.926315 w=0.063 lr=3.475e-04 time=0.148s
[RQ-VAE] epoch=1976 loss=0.37620932 recon=0.00014019 beh=5.918601 w=0.063 lr=3.471e-04 time=0.148s
[RQ-VAE] epoch=1977 loss=0.37812850 recon=0.00014049 beh=5.936357 w=0.064 lr=3.468e-04 time=0.149s
[RQ-VAE] epoch=1978 loss=0.37860513 recon=0.00014132 beh=5.931467 w=0.064 lr=3.464e-04 time=0.148s
[RQ-VAE] epoch=1979 loss=0.37881631 recon=0.00014128 beh=5.922432 w=0.064 lr=3.461e-04 time=0.149s
[RQ-VAE] epoch=1980 loss=0.37996703 recon=0.00014198 beh=5.928004 w=0.064 lr=3.458e-04 time=0.148s
[RQ-VAE] epoch=1981 loss=0.38048199 recon=0.00014175 beh=5.923678 w=0.064 lr=3.454e-04 time=0.148s
[RQ-VAE] epoch=1982 loss=0.38111079 recon=0.00014092 beh=5.921136 w=0.064 lr=3.451e-04 time=0.148s
[RQ-VAE] epoch=1983 loss=0.38270622 recon=0.00014086 beh=5.933498 w=0.064 lr=3.447e-04 time=0.149s
[RQ-VAE] epoch=1984 loss=0.38332254 recon=0.00014132 beh=5.930879 w=0.065 lr=3.444e-04 time=0.148s
[RQ-VAE] epoch=1985 loss=0.38445014 recon=0.00014102 beh=5.936273 w=0.065 lr=3.441e-04 time=0.148s
[RQ-VAE] epoch=1986 loss=0.38485616 recon=0.00014090 beh=5.930355 w=0.065 lr=3.437e-04 time=0.149s
[RQ-VAE] epoch=1987 loss=0.38565105 recon=0.00014169 beh=5.930238 w=0.065 lr=3.434e-04 time=0.148s
[RQ-VAE] epoch=1988 loss=0.38657323 recon=0.00014127 beh=5.932211 w=0.065 lr=3.431e-04 time=0.148s
[RQ-VAE] epoch=1989 loss=0.38724318 recon=0.00014084 beh=5.930378 w=0.065 lr=3.427e-04 time=0.148s
[RQ-VAE] epoch=1990 loss=0.38846707 recon=0.00014146 beh=5.937103 w=0.065 lr=3.424e-04 time=0.147s
[RQ-VAE] epoch=1991 loss=0.38873956 recon=0.00014132 beh=5.929215 w=0.065 lr=3.420e-04 time=0.149s
[RQ-VAE] epoch=1992 loss=0.39003134 recon=0.00014035 beh=5.936761 w=0.066 lr=3.417e-04 time=0.148s
[RQ-VAE] epoch=1993 loss=0.39007080 recon=0.00014038 beh=5.925336 w=0.066 lr=3.414e-04 time=0.148s
[RQ-VAE] epoch=1994 loss=0.39074901 recon=0.00014065 beh=5.923679 w=0.066 lr=3.410e-04 time=0.148s
[RQ-VAE] epoch=1995 loss=0.39158729 recon=0.00014065 beh=5.924347 w=0.066 lr=3.407e-04 time=0.149s
[RQ-VAE] epoch=1996 loss=0.39216074 recon=0.00014038 beh=5.921109 w=0.066 lr=3.403e-04 time=0.148s
[RQ-VAE] epoch=1997 loss=0.39369464 recon=0.00014063 beh=5.932359 w=0.066 lr=3.400e-04 time=0.15s
[RQ-VAE] epoch=1998 loss=0.39476049 recon=0.00014066 beh=5.936532 w=0.066 lr=3.397e-04 time=0.148s
[RQ-VAE] epoch=1999 loss=0.39502269 recon=0.00014019 beh=5.928492 w=0.067 lr=3.393e-04 time=0.152s
[RQ-VAE] epoch=2000 loss=0.39637464 recon=0.00014046 lr=3.390e-04 raw_unique=23472/24587 collision=0.045349 time=0.148s
[RQ-VAE] epoch=2001 loss=0.39678574 recon=0.00014104 beh=5.931191 w=0.067 lr=3.386e-04 time=0.149s
[RQ-VAE] epoch=2002 loss=0.39761060 recon=0.00014046 beh=5.931781 w=0.067 lr=3.383e-04 time=0.148s
[RQ-VAE] epoch=2003 loss=0.39869496 recon=0.00014018 beh=5.936147 w=0.067 lr=3.380e-04 time=0.149s
[RQ-VAE] epoch=2004 loss=0.39916953 recon=0.00014047 beh=5.931480 w=0.067 lr=3.376e-04 time=0.148s
[RQ-VAE] epoch=2005 loss=0.39975363 recon=0.00014046 beh=5.928452 w=0.067 lr=3.373e-04 time=0.148s
[RQ-VAE] epoch=2006 loss=0.40070310 recon=0.00014004 beh=5.930591 w=0.067 lr=3.369e-04 time=0.149s
[RQ-VAE] epoch=2007 loss=0.40094057 recon=0.00013978 beh=5.922371 w=0.068 lr=3.366e-04 time=0.148s
[RQ-VAE] epoch=2008 loss=0.40180796 recon=0.00014068 beh=5.923491 w=0.068 lr=3.363e-04 time=0.148s
[RQ-VAE] epoch=2009 loss=0.40319905 recon=0.00014010 beh=5.932569 w=0.068 lr=3.359e-04 time=0.148s
[RQ-VAE] epoch=2010 loss=0.40310773 recon=0.00013917 beh=5.919502 w=0.068 lr=3.356e-04 time=0.148s
[RQ-VAE] epoch=2011 loss=0.40413445 recon=0.00013968 beh=5.922765 w=0.068 lr=3.353e-04 time=0.148s
[RQ-VAE] epoch=2012 loss=0.40497947 recon=0.00013998 beh=5.923615 w=0.068 lr=3.349e-04 time=0.149s
[RQ-VAE] epoch=2013 loss=0.40564182 recon=0.00014070 beh=5.921979 w=0.068 lr=3.346e-04 time=0.147s
[RQ-VAE] epoch=2014 loss=0.40682459 recon=0.00014024 beh=5.927607 w=0.069 lr=3.342e-04 time=0.148s
[RQ-VAE] epoch=2015 loss=0.40754631 recon=0.00013996 beh=5.926667 w=0.069 lr=3.339e-04 time=0.148s
[RQ-VAE] epoch=2016 loss=0.40850449 recon=0.00013991 beh=5.929135 w=0.069 lr=3.336e-04 time=0.148s
[RQ-VAE] epoch=2017 loss=0.40928283 recon=0.00013979 beh=5.928934 w=0.069 lr=3.332e-04 time=0.15s
[RQ-VAE] epoch=2018 loss=0.40985370 recon=0.00013975 beh=5.925727 w=0.069 lr=3.329e-04 time=0.148s
[RQ-VAE] epoch=2019 loss=0.41100949 recon=0.00013998 beh=5.930781 w=0.069 lr=3.325e-04 time=0.149s
[RQ-VAE] epoch=2020 loss=0.41159573 recon=0.00014049 beh=5.928038 w=0.069 lr=3.322e-04 time=0.244s
[RQ-VAE] epoch=2021 loss=0.41299829 recon=0.00014038 beh=5.937016 w=0.069 lr=3.319e-04 time=0.149s
[RQ-VAE] epoch=2022 loss=0.41249487 recon=0.00014055 beh=5.918286 w=0.070 lr=3.315e-04 time=0.149s
[RQ-VAE] epoch=2023 loss=0.41377077 recon=0.00014044 beh=5.925218 w=0.070 lr=3.312e-04 time=0.148s
[RQ-VAE] epoch=2024 loss=0.41481748 recon=0.00014055 beh=5.928867 w=0.070 lr=3.308e-04 time=0.148s
[RQ-VAE] epoch=2025 loss=0.41524398 recon=0.00014047 beh=5.923760 w=0.070 lr=3.305e-04 time=0.148s
[RQ-VAE] epoch=2026 loss=0.41640121 recon=0.00014012 beh=5.929018 w=0.070 lr=3.302e-04 time=0.148s
[RQ-VAE] epoch=2027 loss=0.41732085 recon=0.00014082 beh=5.930902 w=0.070 lr=3.298e-04 time=0.148s
[RQ-VAE] epoch=2028 loss=0.41751531 recon=0.00014093 beh=5.922325 w=0.070 lr=3.295e-04 time=0.148s
[RQ-VAE] epoch=2029 loss=0.41795307 recon=0.00014072 beh=5.917178 w=0.071 lr=3.292e-04 time=0.148s
[RQ-VAE] epoch=2030 loss=0.41937914 recon=0.00014085 beh=5.926342 w=0.071 lr=3.288e-04 time=0.149s
[RQ-VAE] epoch=2031 loss=0.41994461 recon=0.00014116 beh=5.923203 w=0.071 lr=3.285e-04 time=0.148s
[RQ-VAE] epoch=2032 loss=0.42074758 recon=0.00014069 beh=5.923294 w=0.071 lr=3.281e-04 time=0.148s
[RQ-VAE] epoch=2033 loss=0.42143440 recon=0.00014078 beh=5.921925 w=0.071 lr=3.278e-04 time=0.149s
[RQ-VAE] epoch=2034 loss=0.42280009 recon=0.00014110 beh=5.929995 w=0.071 lr=3.275e-04 time=0.149s
[RQ-VAE] epoch=2035 loss=0.42371747 recon=0.00014094 beh=5.931801 w=0.071 lr=3.271e-04 time=0.148s
[RQ-VAE] epoch=2036 loss=0.42455164 recon=0.00014075 beh=5.932462 w=0.071 lr=3.268e-04 time=0.149s
[RQ-VAE] epoch=2037 loss=0.42515129 recon=0.00014082 beh=5.929785 w=0.072 lr=3.264e-04 time=0.148s
[RQ-VAE] epoch=2038 loss=0.42529285 recon=0.00014096 beh=5.920647 w=0.072 lr=3.261e-04 time=0.148s
[RQ-VAE] epoch=2039 loss=0.42683241 recon=0.00014017 beh=5.931048 w=0.072 lr=3.258e-04 time=0.148s
[RQ-VAE] epoch=2040 loss=0.42771184 recon=0.00014016 beh=5.932368 w=0.072 lr=3.254e-04 time=0.149s
[RQ-VAE] epoch=2041 loss=0.42853129 recon=0.00014064 beh=5.932863 w=0.072 lr=3.251e-04 time=0.148s
[RQ-VAE] epoch=2042 loss=0.42872152 recon=0.00014043 beh=5.924516 w=0.072 lr=3.247e-04 time=0.149s
[RQ-VAE] epoch=2043 loss=0.42962262 recon=0.00014085 beh=5.925947 w=0.072 lr=3.244e-04 time=0.148s
[RQ-VAE] epoch=2044 loss=0.43114424 recon=0.00014106 beh=5.935922 w=0.073 lr=3.241e-04 time=0.148s
[RQ-VAE] epoch=2045 loss=0.43087801 recon=0.00014061 beh=5.921432 w=0.073 lr=3.237e-04 time=0.148s
[RQ-VAE] epoch=2046 loss=0.43244076 recon=0.00014042 beh=5.931990 w=0.073 lr=3.234e-04 time=0.148s
[RQ-VAE] epoch=2047 loss=0.43271860 recon=0.00013978 beh=5.925017 w=0.073 lr=3.231e-04 time=0.148s
[RQ-VAE] epoch=2048 loss=0.43364555 recon=0.00013976 beh=5.927008 w=0.073 lr=3.227e-04 time=0.148s
[RQ-VAE] epoch=2049 loss=0.43314731 recon=0.00013975 beh=5.909398 w=0.073 lr=3.224e-04 time=0.239s
[RQ-VAE] epoch=2050 loss=0.43478608 recon=0.00013973 lr=3.220e-04 raw_unique=23502/24587 collision=0.044129 time=0.148s
[RQ-VAE] epoch=2051 loss=0.43584305 recon=0.00014098 beh=5.924578 w=0.073 lr=3.217e-04 time=0.149s
[RQ-VAE] epoch=2052 loss=0.43653744 recon=0.00014127 beh=5.923353 w=0.074 lr=3.214e-04 time=0.148s
[RQ-VAE] epoch=2053 loss=0.43757200 recon=0.00014141 beh=5.926558 w=0.074 lr=3.210e-04 time=0.148s
[RQ-VAE] epoch=2054 loss=0.43769968 recon=0.00014009 beh=5.917608 w=0.074 lr=3.207e-04 time=0.148s
[RQ-VAE] epoch=2055 loss=0.43889225 recon=0.00014049 beh=5.923069 w=0.074 lr=3.203e-04 time=0.148s
[RQ-VAE] epoch=2056 loss=0.43933341 recon=0.00014082 beh=5.918250 w=0.074 lr=3.200e-04 time=0.148s
[RQ-VAE] epoch=2057 loss=0.44069356 recon=0.00014130 beh=5.925856 w=0.074 lr=3.197e-04 time=0.149s
[RQ-VAE] epoch=2058 loss=0.44142675 recon=0.00014176 beh=5.925275 w=0.074 lr=3.193e-04 time=0.149s
[RQ-VAE] epoch=2059 loss=0.44256610 recon=0.00014097 beh=5.929966 w=0.075 lr=3.190e-04 time=0.149s
[RQ-VAE] epoch=2060 loss=0.44339511 recon=0.00014085 beh=5.930481 w=0.075 lr=3.186e-04 time=0.15s
[RQ-VAE] epoch=2061 loss=0.44437811 recon=0.00014076 beh=5.933226 w=0.075 lr=3.183e-04 time=0.149s
[RQ-VAE] epoch=2062 loss=0.44524968 recon=0.00014117 beh=5.934133 w=0.075 lr=3.180e-04 time=0.148s
[RQ-VAE] epoch=2063 loss=0.44529974 recon=0.00014144 beh=5.924258 w=0.075 lr=3.176e-04 time=0.149s
[RQ-VAE] epoch=2064 loss=0.44620135 recon=0.00014111 beh=5.925738 w=0.075 lr=3.173e-04 time=0.149s
[RQ-VAE] epoch=2065 loss=0.44682664 recon=0.00013999 beh=5.923652 w=0.075 lr=3.169e-04 time=0.148s
[RQ-VAE] epoch=2066 loss=0.44704035 recon=0.00013984 beh=5.916034 w=0.075 lr=3.166e-04 time=0.148s
[RQ-VAE] epoch=2067 loss=0.44834781 recon=0.00014050 beh=5.922757 w=0.076 lr=3.163e-04 time=0.15s
[RQ-VAE] epoch=2068 loss=0.44919482 recon=0.00014056 beh=5.923508 w=0.076 lr=3.159e-04 time=0.15s
[RQ-VAE] epoch=2069 loss=0.44982663 recon=0.00014128 beh=5.921470 w=0.076 lr=3.156e-04 time=0.239s
[RQ-VAE] epoch=2070 loss=0.45143741 recon=0.00014068 beh=5.932255 w=0.076 lr=3.153e-04 time=0.148s
[RQ-VAE] epoch=2071 loss=0.45075154 recon=0.00014079 beh=5.912818 w=0.076 lr=3.149e-04 time=0.148s
[RQ-VAE] epoch=2072 loss=0.45215446 recon=0.00014074 beh=5.920743 w=0.076 lr=3.146e-04 time=0.148s
[RQ-VAE] epoch=2073 loss=0.45283458 recon=0.00014221 beh=5.919387 w=0.076 lr=3.142e-04 time=0.149s
[RQ-VAE] epoch=2074 loss=0.45395637 recon=0.00014131 beh=5.923883 w=0.077 lr=3.139e-04 time=0.149s
[RQ-VAE] epoch=2075 loss=0.45530179 recon=0.00014150 beh=5.931053 w=0.077 lr=3.136e-04 time=0.149s
[RQ-VAE] epoch=2076 loss=0.45527065 recon=0.00014143 beh=5.920402 w=0.077 lr=3.132e-04 time=0.149s
[RQ-VAE] epoch=2077 loss=0.45607960 recon=0.00014064 beh=5.920628 w=0.077 lr=3.129e-04 time=0.149s
[RQ-VAE] epoch=2078 loss=0.45669475 recon=0.00014075 beh=5.918364 w=0.077 lr=3.125e-04 time=0.148s
[RQ-VAE] epoch=2079 loss=0.45842811 recon=0.00014168 beh=5.930535 w=0.077 lr=3.122e-04 time=0.149s
[RQ-VAE] epoch=2080 loss=0.45933717 recon=0.00014235 beh=5.932141 w=0.077 lr=3.119e-04 time=0.149s
[RQ-VAE] epoch=2081 loss=0.45880839 recon=0.00014162 beh=5.915093 w=0.077 lr=3.115e-04 time=0.149s
[RQ-VAE] epoch=2082 loss=0.46020114 recon=0.00014144 beh=5.922835 w=0.078 lr=3.112e-04 time=0.149s
[RQ-VAE] epoch=2083 loss=0.46032840 recon=0.00014076 beh=5.914267 w=0.078 lr=3.108e-04 time=0.15s
[RQ-VAE] epoch=2084 loss=0.46182111 recon=0.00014116 beh=5.923312 w=0.078 lr=3.105e-04 time=0.241s
[RQ-VAE] epoch=2085 loss=0.46238035 recon=0.00014126 beh=5.920457 w=0.078 lr=3.102e-04 time=0.149s
[RQ-VAE] epoch=2086 loss=0.46358961 recon=0.00014216 beh=5.925845 w=0.078 lr=3.098e-04 time=0.148s
[RQ-VAE] epoch=2087 loss=0.46379736 recon=0.00014284 beh=5.918370 w=0.078 lr=3.095e-04 time=0.148s
[RQ-VAE] epoch=2088 loss=0.46503833 recon=0.00014254 beh=5.924042 w=0.078 lr=3.092e-04 time=0.149s
[RQ-VAE] epoch=2089 loss=0.46530622 recon=0.00014128 beh=5.917521 w=0.079 lr=3.088e-04 time=0.148s
[RQ-VAE] epoch=2090 loss=0.46621960 recon=0.00014147 beh=5.919089 w=0.079 lr=3.085e-04 time=0.149s
[RQ-VAE] epoch=2091 loss=0.46770698 recon=0.00014039 beh=5.927896 w=0.079 lr=3.081e-04 time=0.148s
[RQ-VAE] epoch=2092 loss=0.46762490 recon=0.00014144 beh=5.916872 w=0.079 lr=3.078e-04 time=0.149s
[RQ-VAE] epoch=2093 loss=0.46860555 recon=0.00014074 beh=5.919252 w=0.079 lr=3.075e-04 time=0.15s
[RQ-VAE] epoch=2094 loss=0.46998450 recon=0.00014059 beh=5.926630 w=0.079 lr=3.071e-04 time=0.149s
[RQ-VAE] epoch=2095 loss=0.47068110 recon=0.00014203 beh=5.925467 w=0.079 lr=3.068e-04 time=0.15s
[RQ-VAE] epoch=2096 loss=0.47129962 recon=0.00014228 beh=5.923339 w=0.079 lr=3.064e-04 time=0.149s
[RQ-VAE] epoch=2097 loss=0.47259352 recon=0.00014272 beh=5.929648 w=0.080 lr=3.061e-04 time=0.149s
[RQ-VAE] epoch=2098 loss=0.47316396 recon=0.00014173 beh=5.926969 w=0.080 lr=3.058e-04 time=0.148s
[RQ-VAE] epoch=2099 loss=0.47360396 recon=0.00014255 beh=5.922552 w=0.080 lr=3.054e-04 time=0.149s
[RQ-VAE] epoch=2100 loss=0.47391924 recon=0.00014175 lr=3.051e-04 raw_unique=23557/24587 collision=0.041892 time=0.149s
[RQ-VAE] epoch=2101 loss=0.47549143 recon=0.00014159 beh=5.926399 w=0.080 lr=3.047e-04 time=0.148s
[RQ-VAE] epoch=2102 loss=0.47554201 recon=0.00014206 beh=5.917194 w=0.080 lr=3.044e-04 time=0.148s
[RQ-VAE] epoch=2103 loss=0.47799081 recon=0.00014208 beh=5.937834 w=0.080 lr=3.041e-04 time=0.149s
[RQ-VAE] epoch=2104 loss=0.47773585 recon=0.00014140 beh=5.924842 w=0.081 lr=3.037e-04 time=0.149s
[RQ-VAE] epoch=2105 loss=0.47774208 recon=0.00014162 beh=5.915121 w=0.081 lr=3.034e-04 time=0.149s
[RQ-VAE] epoch=2106 loss=0.47822297 recon=0.00014262 beh=5.911172 w=0.081 lr=3.031e-04 time=0.149s
[RQ-VAE] epoch=2107 loss=0.48002613 recon=0.00014294 beh=5.923743 w=0.081 lr=3.027e-04 time=0.149s
[RQ-VAE] epoch=2108 loss=0.48022786 recon=0.00014201 beh=5.916628 w=0.081 lr=3.024e-04 time=0.149s
[RQ-VAE] epoch=2109 loss=0.48117611 recon=0.00014238 beh=5.918578 w=0.081 lr=3.020e-04 time=0.15s
[RQ-VAE] epoch=2110 loss=0.48308420 recon=0.00014302 beh=5.932233 w=0.081 lr=3.017e-04 time=0.151s
[RQ-VAE] epoch=2111 loss=0.48269302 recon=0.00014291 beh=5.917768 w=0.081 lr=3.014e-04 time=0.149s
[RQ-VAE] epoch=2112 loss=0.48395774 recon=0.00014261 beh=5.923563 w=0.082 lr=3.010e-04 time=0.148s
[RQ-VAE] epoch=2113 loss=0.48440874 recon=0.00014208 beh=5.919447 w=0.082 lr=3.007e-04 time=0.15s
[RQ-VAE] epoch=2114 loss=0.48584473 recon=0.00014254 beh=5.927378 w=0.082 lr=3.003e-04 time=0.149s
[RQ-VAE] epoch=2115 loss=0.48614663 recon=0.00014239 beh=5.921441 w=0.082 lr=3.000e-04 time=0.149s
[RQ-VAE] epoch=2116 loss=0.48731709 recon=0.00014296 beh=5.926093 w=0.082 lr=2.997e-04 time=0.15s
[RQ-VAE] epoch=2117 loss=0.48676881 recon=0.00014294 beh=5.909755 w=0.082 lr=2.993e-04 time=0.15s
[RQ-VAE] epoch=2118 loss=0.48813051 recon=0.00014286 beh=5.916643 w=0.082 lr=2.990e-04 time=0.149s
[RQ-VAE] epoch=2119 loss=0.48855376 recon=0.00014298 beh=5.912275 w=0.083 lr=2.986e-04 time=0.149s
[RQ-VAE] epoch=2120 loss=0.49036849 recon=0.00014335 beh=5.924705 w=0.083 lr=2.983e-04 time=0.148s
[RQ-VAE] epoch=2121 loss=0.49059999 recon=0.00014330 beh=5.917914 w=0.083 lr=2.980e-04 time=0.149s
[RQ-VAE] epoch=2122 loss=0.49119392 recon=0.00014245 beh=5.915580 w=0.083 lr=2.976e-04 time=0.149s
[RQ-VAE] epoch=2123 loss=0.49267432 recon=0.00014272 beh=5.923906 w=0.083 lr=2.973e-04 time=0.149s
[RQ-VAE] epoch=2124 loss=0.49355614 recon=0.00014190 beh=5.924985 w=0.083 lr=2.969e-04 time=0.15s
[RQ-VAE] epoch=2125 loss=0.49445763 recon=0.00014259 beh=5.926453 w=0.083 lr=2.966e-04 time=0.149s
[RQ-VAE] epoch=2126 loss=0.49463445 recon=0.00014280 beh=5.918965 w=0.083 lr=2.963e-04 time=0.149s
[RQ-VAE] epoch=2127 loss=0.49565971 recon=0.00014278 beh=5.921802 w=0.084 lr=2.959e-04 time=0.149s
[RQ-VAE] epoch=2128 loss=0.49724528 recon=0.00014332 beh=5.931397 w=0.084 lr=2.956e-04 time=0.149s
[RQ-VAE] epoch=2129 loss=0.49709865 recon=0.00014298 beh=5.920242 w=0.084 lr=2.953e-04 time=0.149s
[RQ-VAE] epoch=2130 loss=0.49796835 recon=0.00014212 beh=5.921193 w=0.084 lr=2.949e-04 time=0.149s
[RQ-VAE] epoch=2131 loss=0.49775857 recon=0.00014212 beh=5.909272 w=0.084 lr=2.946e-04 time=0.149s
[RQ-VAE] epoch=2132 loss=0.49896419 recon=0.00014201 beh=5.914208 w=0.084 lr=2.942e-04 time=0.149s
[RQ-VAE] epoch=2133 loss=0.49999428 recon=0.00014312 beh=5.917080 w=0.084 lr=2.939e-04 time=0.149s
[RQ-VAE] epoch=2134 loss=0.50144768 recon=0.00014294 beh=5.924885 w=0.085 lr=2.936e-04 time=0.149s
[RQ-VAE] epoch=2135 loss=0.50165522 recon=0.00014312 beh=5.917934 w=0.085 lr=2.932e-04 time=0.148s
[RQ-VAE] epoch=2136 loss=0.50322205 recon=0.00014275 beh=5.927155 w=0.085 lr=2.929e-04 time=0.149s
[RQ-VAE] epoch=2137 loss=0.50313443 recon=0.00014248 beh=5.916832 w=0.085 lr=2.925e-04 time=0.15s
[RQ-VAE] epoch=2138 loss=0.50405097 recon=0.00014194 beh=5.918330 w=0.085 lr=2.922e-04 time=0.148s
[RQ-VAE] epoch=2139 loss=0.50556439 recon=0.00014210 beh=5.926926 w=0.085 lr=2.919e-04 time=0.15s
[RQ-VAE] epoch=2140 loss=0.50569767 recon=0.00014280 beh=5.919199 w=0.085 lr=2.915e-04 time=0.244s
[RQ-VAE] epoch=2141 loss=0.50639856 recon=0.00014186 beh=5.918125 w=0.085 lr=2.912e-04 time=0.15s
[RQ-VAE] epoch=2142 loss=0.50681114 recon=0.00014167 beh=5.913707 w=0.086 lr=2.908e-04 time=0.149s
[RQ-VAE] epoch=2143 loss=0.50829268 recon=0.00014273 beh=5.921794 w=0.086 lr=2.905e-04 time=0.149s
[RQ-VAE] epoch=2144 loss=0.50924516 recon=0.00014198 beh=5.923786 w=0.086 lr=2.902e-04 time=0.15s
[RQ-VAE] epoch=2145 loss=0.50968069 recon=0.00014260 beh=5.919712 w=0.086 lr=2.898e-04 time=0.15s
[RQ-VAE] epoch=2146 loss=0.51048064 recon=0.00014288 beh=5.919740 w=0.086 lr=2.895e-04 time=0.149s
[RQ-VAE] epoch=2147 loss=0.51107347 recon=0.00014258 beh=5.917454 w=0.086 lr=2.892e-04 time=0.15s
[RQ-VAE] epoch=2148 loss=0.51154506 recon=0.00014306 beh=5.913697 w=0.086 lr=2.888e-04 time=0.15s
[RQ-VAE] epoch=2149 loss=0.51279688 recon=0.00014329 beh=5.918982 w=0.087 lr=2.885e-04 time=0.15s
[RQ-VAE] epoch=2150 loss=0.51390564 recon=0.00014222 lr=2.881e-04 raw_unique=23504/24587 collision=0.044048 time=0.15s
[RQ-VAE] epoch=2151 loss=0.51444983 recon=0.00014232 beh=5.919950 w=0.087 lr=2.878e-04 time=0.15s
[RQ-VAE] epoch=2152 loss=0.51514441 recon=0.00014250 beh=5.918764 w=0.087 lr=2.875e-04 time=0.149s
[RQ-VAE] epoch=2153 loss=0.51576650 recon=0.00014280 beh=5.916876 w=0.087 lr=2.871e-04 time=0.149s
[RQ-VAE] epoch=2154 loss=0.51635003 recon=0.00014240 beh=5.914555 w=0.087 lr=2.868e-04 time=0.149s
[RQ-VAE] epoch=2155 loss=0.51721233 recon=0.00014237 beh=5.915410 w=0.087 lr=2.864e-04 time=0.148s
[RQ-VAE] epoch=2156 loss=0.51812816 recon=0.00014268 beh=5.916877 w=0.087 lr=2.861e-04 time=0.149s
[RQ-VAE] epoch=2157 loss=0.51874518 recon=0.00014197 beh=5.914935 w=0.088 lr=2.858e-04 time=0.15s
[RQ-VAE] epoch=2158 loss=0.51982641 recon=0.00014173 beh=5.918240 w=0.088 lr=2.854e-04 time=0.15s
[RQ-VAE] epoch=2159 loss=0.52041209 recon=0.00014177 beh=5.915882 w=0.088 lr=2.851e-04 time=0.15s
[RQ-VAE] epoch=2160 loss=0.52072191 recon=0.00014194 beh=5.910380 w=0.088 lr=2.847e-04 time=0.149s
[RQ-VAE] epoch=2161 loss=0.52176398 recon=0.00014143 beh=5.913258 w=0.088 lr=2.844e-04 time=0.15s
[RQ-VAE] epoch=2162 loss=0.52240455 recon=0.00014146 beh=5.911664 w=0.088 lr=2.841e-04 time=0.149s
[RQ-VAE] epoch=2163 loss=0.52428627 recon=0.00014131 beh=5.923999 w=0.088 lr=2.837e-04 time=0.15s
[RQ-VAE] epoch=2164 loss=0.52463543 recon=0.00014148 beh=5.919062 w=0.089 lr=2.834e-04 time=0.151s
[RQ-VAE] epoch=2165 loss=0.52387261 recon=0.00014125 beh=5.901612 w=0.089 lr=2.831e-04 time=0.149s
[RQ-VAE] epoch=2166 loss=0.52589977 recon=0.00014217 beh=5.915532 w=0.089 lr=2.827e-04 time=0.149s
[RQ-VAE] epoch=2167 loss=0.52780795 recon=0.00014208 beh=5.928144 w=0.089 lr=2.824e-04 time=0.15s
[RQ-VAE] epoch=2168 loss=0.52724558 recon=0.00014203 beh=5.913019 w=0.089 lr=2.820e-04 time=0.149s
[RQ-VAE] epoch=2169 loss=0.52804238 recon=0.00014209 beh=5.913039 w=0.089 lr=2.817e-04 time=0.246s
[RQ-VAE] epoch=2170 loss=0.52824515 recon=0.00014285 beh=5.906417 w=0.089 lr=2.814e-04 time=0.15s
[RQ-VAE] epoch=2171 loss=0.52901024 recon=0.00014324 beh=5.906134 w=0.089 lr=2.810e-04 time=0.149s
[RQ-VAE] epoch=2172 loss=0.52999353 recon=0.00014322 beh=5.908405 w=0.090 lr=2.807e-04 time=0.149s
[RQ-VAE] epoch=2173 loss=0.53015894 recon=0.00014293 beh=5.901479 w=0.090 lr=2.803e-04 time=0.149s
[RQ-VAE] epoch=2174 loss=0.53234851 recon=0.00014237 beh=5.917023 w=0.090 lr=2.800e-04 time=0.149s
[RQ-VAE] epoch=2175 loss=0.53359044 recon=0.00014200 beh=5.922136 w=0.090 lr=2.797e-04 time=0.149s
[RQ-VAE] epoch=2176 loss=0.53403729 recon=0.00014237 beh=5.918371 w=0.090 lr=2.793e-04 time=0.148s
[RQ-VAE] epoch=2177 loss=0.53411740 recon=0.00014222 beh=5.910453 w=0.090 lr=2.790e-04 time=0.15s
[RQ-VAE] epoch=2178 loss=0.53574061 recon=0.00014167 beh=5.919640 w=0.090 lr=2.786e-04 time=0.149s
[RQ-VAE] epoch=2179 loss=0.53709042 recon=0.00014209 beh=5.925857 w=0.091 lr=2.783e-04 time=0.15s
[RQ-VAE] epoch=2180 loss=0.53656244 recon=0.00014214 beh=5.911395 w=0.091 lr=2.780e-04 time=0.149s
[RQ-VAE] epoch=2181 loss=0.53829110 recon=0.00014261 beh=5.921695 w=0.091 lr=2.776e-04 time=0.149s
[RQ-VAE] epoch=2182 loss=0.53814834 recon=0.00014302 beh=5.911424 w=0.091 lr=2.773e-04 time=0.149s
[RQ-VAE] epoch=2183 loss=0.53954530 recon=0.00014254 beh=5.918057 w=0.091 lr=2.769e-04 time=0.15s
[RQ-VAE] epoch=2184 loss=0.53944141 recon=0.00014247 beh=5.908267 w=0.091 lr=2.766e-04 time=0.151s
[RQ-VAE] epoch=2185 loss=0.54033595 recon=0.00014451 beh=5.909456 w=0.091 lr=2.763e-04 time=0.15s
[RQ-VAE] epoch=2186 loss=0.54177105 recon=0.00014389 beh=5.916457 w=0.091 lr=2.759e-04 time=0.15s
[RQ-VAE] epoch=2187 loss=0.54236126 recon=0.00014299 beh=5.914361 w=0.092 lr=2.756e-04 time=0.149s
[RQ-VAE] epoch=2188 loss=0.54262745 recon=0.00014230 beh=5.908682 w=0.092 lr=2.753e-04 time=0.149s
[RQ-VAE] epoch=2189 loss=0.54334098 recon=0.00014191 beh=5.907779 w=0.092 lr=2.749e-04 time=0.24s
[RQ-VAE] epoch=2190 loss=0.54519248 recon=0.00014226 beh=5.919403 w=0.092 lr=2.746e-04 time=0.149s
[RQ-VAE] epoch=2191 loss=0.54628450 recon=0.00014287 beh=5.922847 w=0.092 lr=2.742e-04 time=0.149s
[RQ-VAE] epoch=2192 loss=0.54548585 recon=0.00014157 beh=5.905605 w=0.092 lr=2.739e-04 time=0.149s
[RQ-VAE] epoch=2193 loss=0.54702163 recon=0.00014151 beh=5.913605 w=0.092 lr=2.736e-04 time=0.15s
[RQ-VAE] epoch=2194 loss=0.54814005 recon=0.00014163 beh=5.917129 w=0.093 lr=2.732e-04 time=0.15s
[RQ-VAE] epoch=2195 loss=0.54859722 recon=0.00014140 beh=5.913592 w=0.093 lr=2.729e-04 time=0.15s
[RQ-VAE] epoch=2196 loss=0.55030984 recon=0.00014182 beh=5.923568 w=0.093 lr=2.725e-04 time=0.149s
[RQ-VAE] epoch=2197 loss=0.55033612 recon=0.00014205 beh=5.915358 w=0.093 lr=2.722e-04 time=0.149s
[RQ-VAE] epoch=2198 loss=0.55183530 recon=0.00014213 beh=5.922959 w=0.093 lr=2.719e-04 time=0.149s
[RQ-VAE] epoch=2199 loss=0.55189884 recon=0.00014208 beh=5.915188 w=0.093 lr=2.715e-04 time=0.149s
[RQ-VAE] epoch=2200 loss=0.55406982 recon=0.00014202 lr=2.712e-04 raw_unique=23580/24587 collision=0.040957 time=0.149s
[RQ-VAE] epoch=2201 loss=0.55329740 recon=0.00014228 beh=5.913307 w=0.093 lr=2.708e-04 time=0.151s
[RQ-VAE] epoch=2202 loss=0.55427533 recon=0.00014234 beh=5.915263 w=0.094 lr=2.705e-04 time=0.149s
[RQ-VAE] epoch=2203 loss=0.55434346 recon=0.00014169 beh=5.907551 w=0.094 lr=2.702e-04 time=0.151s
[RQ-VAE] epoch=2204 loss=0.55554283 recon=0.00014181 beh=5.911965 w=0.094 lr=2.698e-04 time=0.24s
[RQ-VAE] epoch=2205 loss=0.55570984 recon=0.00014246 beh=5.905416 w=0.094 lr=2.695e-04 time=0.15s
[RQ-VAE] epoch=2206 loss=0.55677974 recon=0.00014240 beh=5.908328 w=0.094 lr=2.692e-04 time=0.149s
[RQ-VAE] epoch=2207 loss=0.55861437 recon=0.00014259 beh=5.919419 w=0.094 lr=2.688e-04 time=0.149s
[RQ-VAE] epoch=2208 loss=0.55868059 recon=0.00014289 beh=5.911775 w=0.094 lr=2.685e-04 time=0.149s
[RQ-VAE] epoch=2209 loss=0.55895573 recon=0.00014200 beh=5.906342 w=0.095 lr=2.681e-04 time=0.149s
[RQ-VAE] epoch=2210 loss=0.55987471 recon=0.00014135 beh=5.907739 w=0.095 lr=2.678e-04 time=0.15s
[RQ-VAE] epoch=2211 loss=0.56135994 recon=0.00014297 beh=5.915080 w=0.095 lr=2.675e-04 time=0.149s
[RQ-VAE] epoch=2212 loss=0.56233799 recon=0.00014206 beh=5.917131 w=0.095 lr=2.671e-04 time=0.149s
[RQ-VAE] epoch=2213 loss=0.56301719 recon=0.00014110 beh=5.915987 w=0.095 lr=2.668e-04 time=0.149s
[RQ-VAE] epoch=2214 loss=0.56426513 recon=0.00014229 beh=5.920772 w=0.095 lr=2.664e-04 time=0.15s
[RQ-VAE] epoch=2215 loss=0.56491184 recon=0.00014133 beh=5.919310 w=0.095 lr=2.661e-04 time=0.149s
[RQ-VAE] epoch=2216 loss=0.56660771 recon=0.00014146 beh=5.928860 w=0.095 lr=2.658e-04 time=0.149s
[RQ-VAE] epoch=2217 loss=0.56687027 recon=0.00014204 beh=5.923405 w=0.096 lr=2.654e-04 time=0.149s
[RQ-VAE] epoch=2218 loss=0.56649697 recon=0.00014170 beh=5.911152 w=0.096 lr=2.651e-04 time=0.148s
[RQ-VAE] epoch=2219 loss=0.56791073 recon=0.00014201 beh=5.917596 w=0.096 lr=2.647e-04 time=0.149s
[RQ-VAE] epoch=2220 loss=0.56784463 recon=0.00014251 beh=5.908666 w=0.096 lr=2.644e-04 time=0.149s
[RQ-VAE] epoch=2221 loss=0.56950533 recon=0.00014205 beh=5.917742 w=0.096 lr=2.641e-04 time=0.149s
[RQ-VAE] epoch=2222 loss=0.57036334 recon=0.00014121 beh=5.918515 w=0.096 lr=2.637e-04 time=0.149s
[RQ-VAE] epoch=2223 loss=0.57000244 recon=0.00014148 beh=5.906611 w=0.096 lr=2.634e-04 time=0.149s
[RQ-VAE] epoch=2224 loss=0.57144105 recon=0.00014238 beh=5.913277 w=0.097 lr=2.631e-04 time=0.148s
[RQ-VAE] epoch=2225 loss=0.57185042 recon=0.00014339 beh=5.909348 w=0.097 lr=2.627e-04 time=0.159s
[RQ-VAE] epoch=2226 loss=0.57284212 recon=0.00014270 beh=5.911412 w=0.097 lr=2.624e-04 time=0.16s
[RQ-VAE] epoch=2227 loss=0.57395959 recon=0.00014250 beh=5.914845 w=0.097 lr=2.620e-04 time=0.157s
[RQ-VAE] epoch=2228 loss=0.57527769 recon=0.00014258 beh=5.920381 w=0.097 lr=2.617e-04 time=0.164s
[RQ-VAE] epoch=2229 loss=0.57591134 recon=0.00014354 beh=5.918800 w=0.097 lr=2.614e-04 time=0.161s
[RQ-VAE] epoch=2230 loss=0.57629663 recon=0.00014341 beh=5.914657 w=0.097 lr=2.610e-04 time=0.16s
[RQ-VAE] epoch=2231 loss=0.57689357 recon=0.00014299 beh=5.912609 w=0.097 lr=2.607e-04 time=0.154s
[RQ-VAE] epoch=2232 loss=0.57725787 recon=0.00014300 beh=5.908292 w=0.098 lr=2.603e-04 time=0.154s
[RQ-VAE] epoch=2233 loss=0.57838893 recon=0.00014305 beh=5.911796 w=0.098 lr=2.600e-04 time=0.154s
[RQ-VAE] epoch=2234 loss=0.57814753 recon=0.00014318 beh=5.901187 w=0.098 lr=2.597e-04 time=0.154s
[RQ-VAE] epoch=2235 loss=0.57927656 recon=0.00014357 beh=5.904650 w=0.098 lr=2.593e-04 time=0.154s
[RQ-VAE] epoch=2236 loss=0.58092630 recon=0.00014259 beh=5.913582 w=0.098 lr=2.590e-04 time=0.154s
[RQ-VAE] epoch=2237 loss=0.58242315 recon=0.00014316 beh=5.920804 w=0.098 lr=2.586e-04 time=0.155s
[RQ-VAE] epoch=2238 loss=0.58292431 recon=0.00014272 beh=5.917926 w=0.098 lr=2.583e-04 time=0.153s
[RQ-VAE] epoch=2239 loss=0.58381480 recon=0.00014300 beh=5.918908 w=0.099 lr=2.580e-04 time=0.153s
[RQ-VAE] epoch=2240 loss=0.58379966 recon=0.00014379 beh=5.910683 w=0.099 lr=2.576e-04 time=0.154s
[RQ-VAE] epoch=2241 loss=0.58405191 recon=0.00014286 beh=5.905283 w=0.099 lr=2.573e-04 time=0.153s
[RQ-VAE] epoch=2242 loss=0.58586353 recon=0.00014377 beh=5.915581 w=0.099 lr=2.569e-04 time=0.153s
[RQ-VAE] epoch=2243 loss=0.58679765 recon=0.00014344 beh=5.917023 w=0.099 lr=2.566e-04 time=0.153s
[RQ-VAE] epoch=2244 loss=0.58794284 recon=0.00014363 beh=5.920756 w=0.099 lr=2.563e-04 time=0.153s
[RQ-VAE] epoch=2245 loss=0.58795595 recon=0.00014338 beh=5.912987 w=0.099 lr=2.559e-04 time=0.154s
[RQ-VAE] epoch=2246 loss=0.58907813 recon=0.00014314 beh=5.916319 w=0.099 lr=2.556e-04 time=0.158s
[RQ-VAE] epoch=2247 loss=0.58885241 recon=0.00014346 beh=5.906082 w=0.100 lr=2.553e-04 time=0.158s
[RQ-VAE] epoch=2248 loss=0.59009421 recon=0.00014401 beh=5.910556 w=0.100 lr=2.549e-04 time=0.158s
[RQ-VAE] epoch=2249 loss=0.59204769 recon=0.00014431 beh=5.922204 w=0.100 lr=2.546e-04 time=0.157s
[RQ-VAE] epoch=2250 loss=0.59156442 recon=0.00014410 lr=2.542e-04 raw_unique=23563/24587 collision=0.041648 time=0.156s
[RQ-VAE] epoch=2251 loss=0.59279281 recon=0.00014409 beh=5.913923 w=0.100 lr=2.539e-04 time=0.161s
[RQ-VAE] epoch=2252 loss=0.59369564 recon=0.00014438 beh=5.915065 w=0.100 lr=2.536e-04 time=0.157s
[RQ-VAE] epoch=2253 loss=0.59486043 recon=0.00014352 beh=5.918826 w=0.100 lr=2.532e-04 time=0.158s
[RQ-VAE] epoch=2254 loss=0.59469247 recon=0.00014322 beh=5.909392 w=0.101 lr=2.529e-04 time=0.159s
[RQ-VAE] epoch=2255 loss=0.59538043 recon=0.00014389 beh=5.908412 w=0.101 lr=2.525e-04 time=0.159s
[RQ-VAE] epoch=2256 loss=0.59762114 recon=0.00014342 beh=5.922697 w=0.101 lr=2.522e-04 time=0.158s
[RQ-VAE] epoch=2257 loss=0.59697145 recon=0.00014319 beh=5.908422 w=0.101 lr=2.519e-04 time=0.159s
[RQ-VAE] epoch=2258 loss=0.59785306 recon=0.00014339 beh=5.909416 w=0.101 lr=2.515e-04 time=0.159s
[RQ-VAE] epoch=2259 loss=0.60031480 recon=0.00014365 beh=5.925979 w=0.101 lr=2.512e-04 time=0.157s
[RQ-VAE] epoch=2260 loss=0.59993100 recon=0.00014372 beh=5.914404 w=0.101 lr=2.508e-04 time=0.158s
[RQ-VAE] epoch=2261 loss=0.59999347 recon=0.00014359 beh=5.907227 w=0.101 lr=2.505e-04 time=0.322s
[RQ-VAE] epoch=2262 loss=0.60116851 recon=0.00014347 beh=5.910963 w=0.102 lr=2.502e-04 time=0.158s
[RQ-VAE] epoch=2263 loss=0.60223353 recon=0.00014369 beh=5.913676 w=0.102 lr=2.498e-04 time=0.158s
[RQ-VAE] epoch=2264 loss=0.60247743 recon=0.00014401 beh=5.908350 w=0.102 lr=2.495e-04 time=0.158s
[RQ-VAE] epoch=2265 loss=0.60306937 recon=0.00014415 beh=5.906452 w=0.102 lr=2.492e-04 time=0.159s
[RQ-VAE] epoch=2266 loss=0.60461831 recon=0.00014368 beh=5.913868 w=0.102 lr=2.488e-04 time=0.158s
[RQ-VAE] epoch=2267 loss=0.60513657 recon=0.00014409 beh=5.911193 w=0.102 lr=2.485e-04 time=0.16s
[RQ-VAE] epoch=2268 loss=0.60559124 recon=0.00014381 beh=5.908033 w=0.102 lr=2.481e-04 time=0.158s
[RQ-VAE] epoch=2269 loss=0.60700774 recon=0.00014442 beh=5.914167 w=0.103 lr=2.478e-04 time=0.159s
[RQ-VAE] epoch=2270 loss=0.60729206 recon=0.00014420 beh=5.909230 w=0.103 lr=2.475e-04 time=0.158s
[RQ-VAE] epoch=2271 loss=0.60860634 recon=0.00014391 beh=5.914298 w=0.103 lr=2.471e-04 time=0.157s
[RQ-VAE] epoch=2272 loss=0.60945439 recon=0.00014462 beh=5.914897 w=0.103 lr=2.468e-04 time=0.158s
[RQ-VAE] epoch=2273 loss=0.60930133 recon=0.00014441 beh=5.905695 w=0.103 lr=2.464e-04 time=0.158s
[RQ-VAE] epoch=2274 loss=0.61186463 recon=0.00014440 beh=5.922943 w=0.103 lr=2.461e-04 time=0.158s
[RQ-VAE] epoch=2275 loss=0.61272073 recon=0.00014416 beh=5.923697 w=0.103 lr=2.458e-04 time=0.158s
[RQ-VAE] epoch=2276 loss=0.61283022 recon=0.00014418 beh=5.917092 w=0.103 lr=2.454e-04 time=0.158s
[RQ-VAE] epoch=2277 loss=0.61321002 recon=0.00014447 beh=5.913160 w=0.104 lr=2.451e-04 time=0.158s
[RQ-VAE] epoch=2278 loss=0.61390561 recon=0.00014381 beh=5.912266 w=0.104 lr=2.447e-04 time=0.157s
[RQ-VAE] epoch=2279 loss=0.61441898 recon=0.00014354 beh=5.909581 w=0.104 lr=2.444e-04 time=0.158s
[RQ-VAE] epoch=2280 loss=0.61602843 recon=0.00014314 beh=5.917462 w=0.104 lr=2.441e-04 time=0.157s
[RQ-VAE] epoch=2281 loss=0.61501229 recon=0.00014427 beh=5.900126 w=0.104 lr=2.437e-04 time=0.157s
[RQ-VAE] epoch=2282 loss=0.61672759 recon=0.00014345 beh=5.909048 w=0.104 lr=2.434e-04 time=0.158s
[RQ-VAE] epoch=2283 loss=0.61696553 recon=0.00014348 beh=5.903795 w=0.104 lr=2.431e-04 time=0.158s
[RQ-VAE] epoch=2284 loss=0.61904627 recon=0.00014415 beh=5.916201 w=0.105 lr=2.427e-04 time=0.158s
[RQ-VAE] epoch=2285 loss=0.61850321 recon=0.00014434 beh=5.903401 w=0.105 lr=2.424e-04 time=0.158s
[RQ-VAE] epoch=2286 loss=0.62029767 recon=0.00014371 beh=5.912991 w=0.105 lr=2.420e-04 time=0.158s
[RQ-VAE] epoch=2287 loss=0.62122560 recon=0.00014307 beh=5.914377 w=0.105 lr=2.417e-04 time=0.159s
[RQ-VAE] epoch=2288 loss=0.62153721 recon=0.00014317 beh=5.909823 w=0.105 lr=2.414e-04 time=0.158s
[RQ-VAE] epoch=2289 loss=0.62202984 recon=0.00014340 beh=5.906997 w=0.105 lr=2.410e-04 time=0.158s
[RQ-VAE] epoch=2290 loss=0.62328196 recon=0.00014289 beh=5.911394 w=0.105 lr=2.407e-04 time=0.314s
[RQ-VAE] epoch=2291 loss=0.62272924 recon=0.00014223 beh=5.898729 w=0.105 lr=2.403e-04 time=0.157s
[RQ-VAE] epoch=2292 loss=0.62471890 recon=0.00014258 beh=5.910140 w=0.106 lr=2.400e-04 time=0.159s
[RQ-VAE] epoch=2293 loss=0.62474114 recon=0.00014302 beh=5.902872 w=0.106 lr=2.397e-04 time=0.157s
[RQ-VAE] epoch=2294 loss=0.62723190 recon=0.00014402 beh=5.918943 w=0.106 lr=2.393e-04 time=0.158s
[RQ-VAE] epoch=2295 loss=0.62642205 recon=0.00014398 beh=5.903845 w=0.106 lr=2.390e-04 time=0.158s
[RQ-VAE] epoch=2296 loss=0.62764853 recon=0.00014357 beh=5.908006 w=0.106 lr=2.386e-04 time=0.157s
[RQ-VAE] epoch=2297 loss=0.62836862 recon=0.00014339 beh=5.907373 w=0.106 lr=2.383e-04 time=0.158s
[RQ-VAE] epoch=2298 loss=0.63027745 recon=0.00014351 beh=5.917815 w=0.106 lr=2.380e-04 time=0.157s
[RQ-VAE] epoch=2299 loss=0.63085783 recon=0.00014401 beh=5.915888 w=0.107 lr=2.376e-04 time=0.158s
[RQ-VAE] epoch=2300 loss=0.63077950 recon=0.00014259 lr=2.373e-04 raw_unique=23588/24587 collision=0.040631 time=0.159s
[RQ-VAE] epoch=2301 loss=0.63065660 recon=0.00014345 beh=5.899307 w=0.107 lr=2.369e-04 time=0.16s
[RQ-VAE] epoch=2302 loss=0.63199812 recon=0.00014299 beh=5.904459 w=0.107 lr=2.366e-04 time=0.159s
[RQ-VAE] epoch=2303 loss=0.63247305 recon=0.00014336 beh=5.901457 w=0.107 lr=2.363e-04 time=0.158s
[RQ-VAE] epoch=2304 loss=0.63313079 recon=0.00014261 beh=5.900272 w=0.107 lr=2.359e-04 time=0.158s
[RQ-VAE] epoch=2305 loss=0.63361418 recon=0.00014323 beh=5.897458 w=0.107 lr=2.356e-04 time=0.158s
[RQ-VAE] epoch=2306 loss=0.63560891 recon=0.00014305 beh=5.908710 w=0.107 lr=2.353e-04 time=0.158s
[RQ-VAE] epoch=2307 loss=0.63543069 recon=0.00014256 beh=5.899809 w=0.108 lr=2.349e-04 time=0.158s
[RQ-VAE] epoch=2308 loss=0.63742572 recon=0.00014261 beh=5.911005 w=0.108 lr=2.346e-04 time=0.159s
[RQ-VAE] epoch=2309 loss=0.63859284 recon=0.00014203 beh=5.914511 w=0.108 lr=2.342e-04 time=0.318s
[RQ-VAE] epoch=2310 loss=0.63904250 recon=0.00014265 beh=5.911384 w=0.108 lr=2.339e-04 time=0.158s
[RQ-VAE] epoch=2311 loss=0.63907236 recon=0.00014305 beh=5.904424 w=0.108 lr=2.336e-04 time=0.159s
[RQ-VAE] epoch=2312 loss=0.64046174 recon=0.00014271 beh=5.909974 w=0.108 lr=2.332e-04 time=0.157s
[RQ-VAE] epoch=2313 loss=0.64255315 recon=0.00014318 beh=5.921944 w=0.108 lr=2.329e-04 time=0.159s
[RQ-VAE] epoch=2314 loss=0.64262247 recon=0.00014335 beh=5.915314 w=0.109 lr=2.325e-04 time=0.158s
[RQ-VAE] epoch=2315 loss=0.64340001 recon=0.00014397 beh=5.915267 w=0.109 lr=2.322e-04 time=0.158s
[RQ-VAE] epoch=2316 loss=0.64377344 recon=0.00014382 beh=5.911462 w=0.109 lr=2.319e-04 time=0.159s
[RQ-VAE] epoch=2317 loss=0.64412367 recon=0.00014398 beh=5.907376 w=0.109 lr=2.315e-04 time=0.158s
[RQ-VAE] epoch=2318 loss=0.64534259 recon=0.00014447 beh=5.911311 w=0.109 lr=2.312e-04 time=0.158s
[RQ-VAE] epoch=2319 loss=0.64444220 recon=0.00014414 beh=5.895862 w=0.109 lr=2.308e-04 time=0.158s
[RQ-VAE] epoch=2320 loss=0.64646661 recon=0.00014350 beh=5.907146 w=0.109 lr=2.305e-04 time=0.158s
[RQ-VAE] epoch=2321 loss=0.64758253 recon=0.00014411 beh=5.910084 w=0.109 lr=2.302e-04 time=0.159s
[RQ-VAE] epoch=2322 loss=0.64884537 recon=0.00014338 beh=5.914432 w=0.110 lr=2.298e-04 time=0.158s
[RQ-VAE] epoch=2323 loss=0.64934349 recon=0.00014377 beh=5.911778 w=0.110 lr=2.295e-04 time=0.159s
[RQ-VAE] epoch=2324 loss=0.64929652 recon=0.00014350 beh=5.904216 w=0.110 lr=2.292e-04 time=0.314s
[RQ-VAE] epoch=2325 loss=0.65037608 recon=0.00014361 beh=5.906897 w=0.110 lr=2.288e-04 time=0.157s
[RQ-VAE] epoch=2326 loss=0.65140486 recon=0.00014364 beh=5.909065 w=0.110 lr=2.285e-04 time=0.157s
[RQ-VAE] epoch=2327 loss=0.65259576 recon=0.00014394 beh=5.912776 w=0.110 lr=2.281e-04 time=0.157s
[RQ-VAE] epoch=2328 loss=0.65320528 recon=0.00014397 beh=5.911173 w=0.110 lr=2.278e-04 time=0.158s
[RQ-VAE] epoch=2329 loss=0.65381217 recon=0.00014352 beh=5.909505 w=0.111 lr=2.275e-04 time=0.157s
[RQ-VAE] epoch=2330 loss=0.65491962 recon=0.00014420 beh=5.912391 w=0.111 lr=2.271e-04 time=0.156s
[RQ-VAE] epoch=2331 loss=0.65545511 recon=0.00014432 beh=5.910132 w=0.111 lr=2.268e-04 time=0.157s
[RQ-VAE] epoch=2332 loss=0.65546668 recon=0.00014326 beh=5.903097 w=0.111 lr=2.264e-04 time=0.157s
[RQ-VAE] epoch=2333 loss=0.65570188 recon=0.00014318 beh=5.898098 w=0.111 lr=2.261e-04 time=0.157s
[RQ-VAE] epoch=2334 loss=0.65721673 recon=0.00014348 beh=5.904654 w=0.111 lr=2.258e-04 time=0.157s
[RQ-VAE] epoch=2335 loss=0.65799201 recon=0.00014362 beh=5.904564 w=0.111 lr=2.254e-04 time=0.159s
[RQ-VAE] epoch=2336 loss=0.65808976 recon=0.00014339 beh=5.898334 w=0.111 lr=2.251e-04 time=0.158s
[RQ-VAE] epoch=2337 loss=0.65977514 recon=0.00014395 beh=5.906418 w=0.112 lr=2.247e-04 time=0.159s
[RQ-VAE] epoch=2338 loss=0.66109031 recon=0.00014354 beh=5.911182 w=0.112 lr=2.244e-04 time=0.158s
[RQ-VAE] epoch=2339 loss=0.66133332 recon=0.00014383 beh=5.906313 w=0.112 lr=2.241e-04 time=0.157s
[RQ-VAE] epoch=2340 loss=0.66325653 recon=0.00014357 beh=5.916439 w=0.112 lr=2.237e-04 time=0.157s
[RQ-VAE] epoch=2341 loss=0.66410816 recon=0.00014304 beh=5.916967 w=0.112 lr=2.234e-04 time=0.158s
[RQ-VAE] epoch=2342 loss=0.66498941 recon=0.00014231 beh=5.917826 w=0.112 lr=2.231e-04 time=0.156s
[RQ-VAE] epoch=2343 loss=0.66489255 recon=0.00014232 beh=5.909992 w=0.112 lr=2.227e-04 time=0.157s
[RQ-VAE] epoch=2344 loss=0.66552186 recon=0.00014311 beh=5.908570 w=0.113 lr=2.224e-04 time=0.158s
[RQ-VAE] epoch=2345 loss=0.66655010 recon=0.00014327 beh=5.910709 w=0.113 lr=2.220e-04 time=0.157s
[RQ-VAE] epoch=2346 loss=0.66765106 recon=0.00014450 beh=5.913405 w=0.113 lr=2.217e-04 time=0.157s
[RQ-VAE] epoch=2347 loss=0.66810429 recon=0.00014410 beh=5.910489 w=0.113 lr=2.214e-04 time=0.158s
[RQ-VAE] epoch=2348 loss=0.66808045 recon=0.00014456 beh=5.903249 w=0.113 lr=2.210e-04 time=0.156s
[RQ-VAE] epoch=2349 loss=0.66860199 recon=0.00014381 beh=5.900882 w=0.113 lr=2.207e-04 time=0.157s
[RQ-VAE] epoch=2350 loss=0.67028773 recon=0.00014448 lr=2.203e-04 raw_unique=23590/24587 collision=0.040550 time=0.156s
[RQ-VAE] epoch=2351 loss=0.67097306 recon=0.00014567 beh=5.907919 w=0.113 lr=2.200e-04 time=0.158s
[RQ-VAE] epoch=2352 loss=0.67188984 recon=0.00014462 beh=5.909015 w=0.114 lr=2.197e-04 time=0.157s
[RQ-VAE] epoch=2353 loss=0.67187947 recon=0.00014364 beh=5.902094 w=0.114 lr=2.193e-04 time=0.157s
[RQ-VAE] epoch=2354 loss=0.67414743 recon=0.00014334 beh=5.915122 w=0.114 lr=2.190e-04 time=0.156s
[RQ-VAE] epoch=2355 loss=0.67487240 recon=0.00014383 beh=5.914514 w=0.114 lr=2.186e-04 time=0.157s
[RQ-VAE] epoch=2356 loss=0.67487365 recon=0.00014446 beh=5.907611 w=0.114 lr=2.183e-04 time=0.156s
[RQ-VAE] epoch=2357 loss=0.67483026 recon=0.00014469 beh=5.900311 w=0.114 lr=2.180e-04 time=0.156s
[RQ-VAE] epoch=2358 loss=0.67619848 recon=0.00014362 beh=5.905413 w=0.114 lr=2.176e-04 time=0.156s
[RQ-VAE] epoch=2359 loss=0.67649144 recon=0.00014479 beh=5.901114 w=0.115 lr=2.173e-04 time=0.157s
[RQ-VAE] epoch=2360 loss=0.67717117 recon=0.00014435 beh=5.900156 w=0.115 lr=2.169e-04 time=0.157s
[RQ-VAE] epoch=2361 loss=0.67836976 recon=0.00014434 beh=5.903640 w=0.115 lr=2.166e-04 time=0.156s
[RQ-VAE] epoch=2362 loss=0.67901838 recon=0.00014399 beh=5.902438 w=0.115 lr=2.163e-04 time=0.156s
[RQ-VAE] epoch=2363 loss=0.68066746 recon=0.00014392 beh=5.910007 w=0.115 lr=2.159e-04 time=0.156s
[RQ-VAE] epoch=2364 loss=0.68213511 recon=0.00014362 beh=5.915935 w=0.115 lr=2.156e-04 time=0.156s
[RQ-VAE] epoch=2365 loss=0.68243235 recon=0.00014296 beh=5.911741 w=0.115 lr=2.153e-04 time=0.156s
[RQ-VAE] epoch=2366 loss=0.68275416 recon=0.00014362 beh=5.907709 w=0.115 lr=2.149e-04 time=0.156s
[RQ-VAE] epoch=2367 loss=0.68305463 recon=0.00014435 beh=5.903453 w=0.116 lr=2.146e-04 time=0.156s
[RQ-VAE] epoch=2368 loss=0.68433934 recon=0.00014445 beh=5.907735 w=0.116 lr=2.142e-04 time=0.156s
[RQ-VAE] epoch=2369 loss=0.68356413 recon=0.00014368 beh=5.894219 w=0.116 lr=2.139e-04 time=0.158s
[RQ-VAE] epoch=2370 loss=0.68601930 recon=0.00014393 beh=5.908599 w=0.116 lr=2.136e-04 time=0.156s
[RQ-VAE] epoch=2371 loss=0.68694800 recon=0.00014434 beh=5.909833 w=0.116 lr=2.132e-04 time=0.157s
[RQ-VAE] epoch=2372 loss=0.68716395 recon=0.00014445 beh=5.904923 w=0.116 lr=2.129e-04 time=0.156s
[RQ-VAE] epoch=2373 loss=0.68879682 recon=0.00014361 beh=5.912145 w=0.116 lr=2.125e-04 time=0.156s
[RQ-VAE] epoch=2374 loss=0.68968648 recon=0.00014361 beh=5.913025 w=0.117 lr=2.122e-04 time=0.157s
[RQ-VAE] epoch=2375 loss=0.68886721 recon=0.00014359 beh=5.899238 w=0.117 lr=2.119e-04 time=0.157s
[RQ-VAE] epoch=2376 loss=0.69034642 recon=0.00014330 beh=5.905172 w=0.117 lr=2.115e-04 time=0.156s
[RQ-VAE] epoch=2377 loss=0.69193578 recon=0.00014397 beh=5.912026 w=0.117 lr=2.112e-04 time=0.156s
[RQ-VAE] epoch=2378 loss=0.69298804 recon=0.00014348 beh=5.914289 w=0.117 lr=2.108e-04 time=0.156s
[RQ-VAE] epoch=2379 loss=0.69332623 recon=0.00014286 beh=5.910500 w=0.117 lr=2.105e-04 time=0.156s
[RQ-VAE] epoch=2380 loss=0.69337827 recon=0.00014365 beh=5.904190 w=0.117 lr=2.102e-04 time=0.156s
[RQ-VAE] epoch=2381 loss=0.69377840 recon=0.00014408 beh=5.900876 w=0.117 lr=2.098e-04 time=0.313s
[RQ-VAE] epoch=2382 loss=0.69463319 recon=0.00014357 beh=5.901433 w=0.118 lr=2.095e-04 time=0.157s
[RQ-VAE] epoch=2383 loss=0.69564378 recon=0.00014410 beh=5.903301 w=0.118 lr=2.092e-04 time=0.158s
[RQ-VAE] epoch=2384 loss=0.69575226 recon=0.00014405 beh=5.897595 w=0.118 lr=2.088e-04 time=0.156s
[RQ-VAE] epoch=2385 loss=0.69774359 recon=0.00014325 beh=5.907816 w=0.118 lr=2.085e-04 time=0.156s
[RQ-VAE] epoch=2386 loss=0.69895297 recon=0.00014274 beh=5.911399 w=0.118 lr=2.081e-04 time=0.157s
[RQ-VAE] epoch=2387 loss=0.69944441 recon=0.00014330 beh=5.908905 w=0.118 lr=2.078e-04 time=0.157s
[RQ-VAE] epoch=2388 loss=0.70019662 recon=0.00014307 beh=5.908590 w=0.118 lr=2.075e-04 time=0.157s
[RQ-VAE] epoch=2389 loss=0.70147425 recon=0.00014333 beh=5.912767 w=0.119 lr=2.071e-04 time=0.156s
[RQ-VAE] epoch=2390 loss=0.70121145 recon=0.00014331 beh=5.903926 w=0.119 lr=2.068e-04 time=0.155s
[RQ-VAE] epoch=2391 loss=0.70160800 recon=0.00014293 beh=5.900638 w=0.119 lr=2.064e-04 time=0.157s
[RQ-VAE] epoch=2392 loss=0.70344841 recon=0.00014290 beh=5.909468 w=0.119 lr=2.061e-04 time=0.157s
[RQ-VAE] epoch=2393 loss=0.70311058 recon=0.00014300 beh=5.899980 w=0.119 lr=2.058e-04 time=0.158s
[RQ-VAE] epoch=2394 loss=0.70462102 recon=0.00014343 beh=5.906003 w=0.119 lr=2.054e-04 time=0.157s
[RQ-VAE] epoch=2395 loss=0.70499456 recon=0.00014303 beh=5.902569 w=0.119 lr=2.051e-04 time=0.156s
[RQ-VAE] epoch=2396 loss=0.70623457 recon=0.00014375 beh=5.906350 w=0.119 lr=2.047e-04 time=0.157s
[RQ-VAE] epoch=2397 loss=0.70725524 recon=0.00014435 beh=5.908313 w=0.120 lr=2.044e-04 time=0.157s
[RQ-VAE] epoch=2398 loss=0.70759940 recon=0.00014396 beh=5.904596 w=0.120 lr=2.041e-04 time=0.156s
[RQ-VAE] epoch=2399 loss=0.70896608 recon=0.00014342 beh=5.909430 w=0.120 lr=2.037e-04 time=0.156s
[RQ-VAE] epoch=2400 loss=0.71003789 recon=0.00014332 lr=2.034e-04 raw_unique=23619/24587 collision=0.039370 time=0.157s
[RQ-VAE] epoch=2401 loss=0.70898092 recon=0.00014409 beh=5.896418 w=0.120 lr=2.031e-04 time=0.158s
[RQ-VAE] epoch=2402 loss=0.71089119 recon=0.00014322 beh=5.905768 w=0.120 lr=2.027e-04 time=0.157s
[RQ-VAE] epoch=2403 loss=0.71066678 recon=0.00014441 beh=5.897359 w=0.120 lr=2.024e-04 time=0.157s
[RQ-VAE] epoch=2404 loss=0.71268559 recon=0.00014434 beh=5.907598 w=0.121 lr=2.020e-04 time=0.158s
[RQ-VAE] epoch=2405 loss=0.71282321 recon=0.00014387 beh=5.902204 w=0.121 lr=2.017e-04 time=0.157s
[RQ-VAE] epoch=2406 loss=0.71439761 recon=0.00014342 beh=5.908750 w=0.121 lr=2.014e-04 time=0.157s
[RQ-VAE] epoch=2407 loss=0.71456850 recon=0.00014337 beh=5.903666 w=0.121 lr=2.010e-04 time=0.157s
[RQ-VAE] epoch=2408 loss=0.71589965 recon=0.00014346 beh=5.908131 w=0.121 lr=2.007e-04 time=0.156s
[RQ-VAE] epoch=2409 loss=0.71677434 recon=0.00014336 beh=5.908795 w=0.121 lr=2.003e-04 time=0.157s
[RQ-VAE] epoch=2410 loss=0.71774244 recon=0.00014414 beh=5.910277 w=0.121 lr=2.000e-04 time=0.312s
[RQ-VAE] epoch=2411 loss=0.71769339 recon=0.00014353 beh=5.903409 w=0.121 lr=1.997e-04 time=0.156s
[RQ-VAE] epoch=2412 loss=0.71967340 recon=0.00014411 beh=5.913219 w=0.122 lr=1.993e-04 time=0.156s
[RQ-VAE] epoch=2413 loss=0.71799254 recon=0.00014423 beh=5.892959 w=0.122 lr=1.990e-04 time=0.158s
[RQ-VAE] epoch=2414 loss=0.71976185 recon=0.00014349 beh=5.900943 w=0.122 lr=1.986e-04 time=0.158s
[RQ-VAE] epoch=2415 loss=0.72036093 recon=0.00014391 beh=5.899380 w=0.122 lr=1.983e-04 time=0.158s
[RQ-VAE] epoch=2416 loss=0.72242671 recon=0.00014451 beh=5.909893 w=0.122 lr=1.980e-04 time=0.157s
[RQ-VAE] epoch=2417 loss=0.72377300 recon=0.00014423 beh=5.914515 w=0.122 lr=1.976e-04 time=0.157s
[RQ-VAE] epoch=2418 loss=0.72429609 recon=0.00014303 beh=5.912346 w=0.122 lr=1.973e-04 time=0.158s
[RQ-VAE] epoch=2419 loss=0.72419196 recon=0.00014336 beh=5.905088 w=0.123 lr=1.969e-04 time=0.157s
[RQ-VAE] epoch=2420 loss=0.72584963 recon=0.00014363 beh=5.912181 w=0.123 lr=1.966e-04 time=0.158s
[RQ-VAE] epoch=2421 loss=0.72655416 recon=0.00014379 beh=5.911512 w=0.123 lr=1.963e-04 time=0.157s
[RQ-VAE] epoch=2422 loss=0.72693324 recon=0.00014399 beh=5.908150 w=0.123 lr=1.959e-04 time=0.157s
[RQ-VAE] epoch=2423 loss=0.72668213 recon=0.00014399 beh=5.899691 w=0.123 lr=1.956e-04 time=0.157s
[RQ-VAE] epoch=2424 loss=0.72720098 recon=0.00014367 beh=5.897562 w=0.123 lr=1.953e-04 time=0.157s
[RQ-VAE] epoch=2425 loss=0.72921693 recon=0.00014326 beh=5.907499 w=0.123 lr=1.949e-04 time=0.158s
[RQ-VAE] epoch=2426 loss=0.73039407 recon=0.00014409 beh=5.910573 w=0.123 lr=1.946e-04 time=0.156s
[RQ-VAE] epoch=2427 loss=0.73082328 recon=0.00014412 beh=5.907752 w=0.124 lr=1.942e-04 time=0.157s
[RQ-VAE] epoch=2428 loss=0.73074788 recon=0.00014438 beh=5.900783 w=0.124 lr=1.939e-04 time=0.158s
[RQ-VAE] epoch=2429 loss=0.73138630 recon=0.00014390 beh=5.899592 w=0.124 lr=1.936e-04 time=0.313s
[RQ-VAE] epoch=2430 loss=0.73179805 recon=0.00014347 beh=5.896550 w=0.124 lr=1.932e-04 time=0.157s
[RQ-VAE] epoch=2431 loss=0.73534346 recon=0.00014387 beh=5.918777 w=0.124 lr=1.929e-04 time=0.157s
[RQ-VAE] epoch=2432 loss=0.73386943 recon=0.00014463 beh=5.900615 w=0.124 lr=1.925e-04 time=0.158s
[RQ-VAE] epoch=2433 loss=0.73462915 recon=0.00014469 beh=5.900388 w=0.124 lr=1.922e-04 time=0.157s
[RQ-VAE] epoch=2434 loss=0.73577464 recon=0.00014443 beh=5.903224 w=0.125 lr=1.919e-04 time=0.158s
[RQ-VAE] epoch=2435 loss=0.73746800 recon=0.00014468 beh=5.910491 w=0.125 lr=1.915e-04 time=0.157s
[RQ-VAE] epoch=2436 loss=0.73761857 recon=0.00014445 beh=5.905396 w=0.125 lr=1.912e-04 time=0.157s
[RQ-VAE] epoch=2437 loss=0.73859286 recon=0.00014476 beh=5.906880 w=0.125 lr=1.908e-04 time=0.158s
[RQ-VAE] epoch=2438 loss=0.73778921 recon=0.00014463 beh=5.894131 w=0.125 lr=1.905e-04 time=0.157s
[RQ-VAE] epoch=2439 loss=0.74040705 recon=0.00014531 beh=5.908747 w=0.125 lr=1.902e-04 time=0.157s
[RQ-VAE] epoch=2440 loss=0.74153250 recon=0.00014416 beh=5.911448 w=0.125 lr=1.898e-04 time=0.158s
[RQ-VAE] epoch=2441 loss=0.74054110 recon=0.00014432 beh=5.897252 w=0.125 lr=1.895e-04 time=0.157s
[RQ-VAE] epoch=2442 loss=0.74146241 recon=0.00014363 beh=5.898354 w=0.126 lr=1.892e-04 time=0.157s
[RQ-VAE] epoch=2443 loss=0.74432003 recon=0.00014452 beh=5.914840 w=0.126 lr=1.888e-04 time=0.158s
[RQ-VAE] epoch=2444 loss=0.74369812 recon=0.00014453 beh=5.903646 w=0.126 lr=1.885e-04 time=0.312s
[RQ-VAE] epoch=2445 loss=0.74564636 recon=0.00014376 beh=5.912867 w=0.126 lr=1.881e-04 time=0.157s
[RQ-VAE] epoch=2446 loss=0.74530423 recon=0.00014378 beh=5.903918 w=0.126 lr=1.878e-04 time=0.157s
[RQ-VAE] epoch=2447 loss=0.74681944 recon=0.00014456 beh=5.909631 w=0.126 lr=1.875e-04 time=0.158s
[RQ-VAE] epoch=2448 loss=0.74879479 recon=0.00014403 beh=5.919052 w=0.126 lr=1.871e-04 time=0.156s
[RQ-VAE] epoch=2449 loss=0.74743927 recon=0.00014465 beh=5.902143 w=0.127 lr=1.868e-04 time=0.158s
[RQ-VAE] epoch=2450 loss=0.74894267 recon=0.00014522 lr=1.864e-04 raw_unique=23651/24587 collision=0.038069 time=0.157s
[RQ-VAE] epoch=2451 loss=0.74873924 recon=0.00014446 beh=5.899929 w=0.127 lr=1.861e-04 time=0.159s
[RQ-VAE] epoch=2452 loss=0.74885315 recon=0.00014347 beh=5.894612 w=0.127 lr=1.858e-04 time=0.158s
[RQ-VAE] epoch=2453 loss=0.75076568 recon=0.00014407 beh=5.903489 w=0.127 lr=1.854e-04 time=0.157s
[RQ-VAE] epoch=2454 loss=0.75124323 recon=0.00014409 beh=5.901074 w=0.127 lr=1.851e-04 time=0.158s
[RQ-VAE] epoch=2455 loss=0.75347495 recon=0.00014459 beh=5.912418 w=0.127 lr=1.847e-04 time=0.157s
[RQ-VAE] epoch=2456 loss=0.75339508 recon=0.00014445 beh=5.905589 w=0.127 lr=1.844e-04 time=0.157s
[RQ-VAE] epoch=2457 loss=0.75269288 recon=0.00014431 beh=5.893897 w=0.128 lr=1.841e-04 time=0.157s
[RQ-VAE] epoch=2458 loss=0.75427377 recon=0.00014367 beh=5.900134 w=0.128 lr=1.837e-04 time=0.158s
[RQ-VAE] epoch=2459 loss=0.75515598 recon=0.00014430 beh=5.900891 w=0.128 lr=1.834e-04 time=0.159s
[RQ-VAE] epoch=2460 loss=0.75624013 recon=0.00014389 beh=5.903213 w=0.128 lr=1.831e-04 time=0.157s
[RQ-VAE] epoch=2461 loss=0.75681680 recon=0.00014412 beh=5.901593 w=0.128 lr=1.827e-04 time=0.156s
[RQ-VAE] epoch=2462 loss=0.75788599 recon=0.00014414 beh=5.903789 w=0.128 lr=1.824e-04 time=0.157s
[RQ-VAE] epoch=2463 loss=0.75786489 recon=0.00014406 beh=5.897487 w=0.128 lr=1.820e-04 time=0.158s
[RQ-VAE] epoch=2464 loss=0.76009494 recon=0.00014378 beh=5.908683 w=0.129 lr=1.817e-04 time=0.158s
[RQ-VAE] epoch=2465 loss=0.76064169 recon=0.00014361 beh=5.906823 w=0.129 lr=1.814e-04 time=0.158s
[RQ-VAE] epoch=2466 loss=0.76242793 recon=0.00014487 beh=5.914617 w=0.129 lr=1.810e-04 time=0.157s
[RQ-VAE] epoch=2467 loss=0.76243103 recon=0.00014434 beh=5.908544 w=0.129 lr=1.807e-04 time=0.159s
[RQ-VAE] epoch=2468 loss=0.76296413 recon=0.00014465 beh=5.906538 w=0.129 lr=1.803e-04 time=0.157s
[RQ-VAE] epoch=2469 loss=0.76407397 recon=0.00014445 beh=5.909036 w=0.129 lr=1.800e-04 time=0.158s
[RQ-VAE] epoch=2470 loss=0.76329178 recon=0.00014470 beh=5.896911 w=0.129 lr=1.797e-04 time=0.157s
[RQ-VAE] epoch=2471 loss=0.76393354 recon=0.00014475 beh=5.895776 w=0.129 lr=1.793e-04 time=0.157s
[RQ-VAE] epoch=2472 loss=0.76521504 recon=0.00014454 beh=5.899599 w=0.130 lr=1.790e-04 time=0.158s
[RQ-VAE] epoch=2473 loss=0.76559764 recon=0.00014490 beh=5.896449 w=0.130 lr=1.786e-04 time=0.158s
[RQ-VAE] epoch=2474 loss=0.76766485 recon=0.00014531 beh=5.906311 w=0.130 lr=1.783e-04 time=0.158s
[RQ-VAE] epoch=2475 loss=0.76924711 recon=0.00014484 beh=5.912455 w=0.130 lr=1.780e-04 time=0.158s
[RQ-VAE] epoch=2476 loss=0.76935273 recon=0.00014465 beh=5.907216 w=0.130 lr=1.776e-04 time=0.158s
[RQ-VAE] epoch=2477 loss=0.76966119 recon=0.00014398 beh=5.903548 w=0.130 lr=1.773e-04 time=0.157s
[RQ-VAE] epoch=2478 loss=0.77107191 recon=0.00014395 beh=5.908345 w=0.130 lr=1.769e-04 time=0.158s
[RQ-VAE] epoch=2479 loss=0.77165544 recon=0.00014435 beh=5.906751 w=0.131 lr=1.766e-04 time=0.158s
[RQ-VAE] epoch=2480 loss=0.77141428 recon=0.00014376 beh=5.898854 w=0.131 lr=1.763e-04 time=0.157s
[RQ-VAE] epoch=2481 loss=0.77314019 recon=0.00014459 beh=5.906019 w=0.131 lr=1.759e-04 time=0.157s
[RQ-VAE] epoch=2482 loss=0.77448094 recon=0.00014493 beh=5.910294 w=0.131 lr=1.756e-04 time=0.157s
[RQ-VAE] epoch=2483 loss=0.77584893 recon=0.00014511 beh=5.914712 w=0.131 lr=1.753e-04 time=0.158s
[RQ-VAE] epoch=2484 loss=0.77480686 recon=0.00014465 beh=5.900762 w=0.131 lr=1.749e-04 time=0.156s
[RQ-VAE] epoch=2485 loss=0.77600610 recon=0.00014478 beh=5.903862 w=0.131 lr=1.746e-04 time=0.157s
[RQ-VAE] epoch=2486 loss=0.77546060 recon=0.00014439 beh=5.893730 w=0.131 lr=1.742e-04 time=0.158s
[RQ-VAE] epoch=2487 loss=0.77670562 recon=0.00014416 beh=5.897214 w=0.132 lr=1.739e-04 time=0.157s
[RQ-VAE] epoch=2488 loss=0.77819788 recon=0.00014396 beh=5.902601 w=0.132 lr=1.736e-04 time=0.158s
[RQ-VAE] epoch=2489 loss=0.77930552 recon=0.00014441 beh=5.905029 w=0.132 lr=1.732e-04 time=0.157s
[RQ-VAE] epoch=2490 loss=0.78013563 recon=0.00014423 beh=5.905357 w=0.132 lr=1.729e-04 time=0.158s
[RQ-VAE] epoch=2491 loss=0.78036702 recon=0.00014442 beh=5.901121 w=0.132 lr=1.725e-04 time=0.158s
[RQ-VAE] epoch=2492 loss=0.78114367 recon=0.00014471 beh=5.901046 w=0.132 lr=1.722e-04 time=0.158s
[RQ-VAE] epoch=2493 loss=0.78313285 recon=0.00014471 beh=5.910129 w=0.132 lr=1.719e-04 time=0.158s
[RQ-VAE] epoch=2494 loss=0.78174424 recon=0.00014474 beh=5.893718 w=0.133 lr=1.715e-04 time=0.159s
[RQ-VAE] epoch=2495 loss=0.78283387 recon=0.00014467 beh=5.896030 w=0.133 lr=1.712e-04 time=0.157s
[RQ-VAE] epoch=2496 loss=0.78377843 recon=0.00014478 beh=5.897196 w=0.133 lr=1.708e-04 time=0.159s
[RQ-VAE] epoch=2497 loss=0.78590834 recon=0.00014468 beh=5.907299 w=0.133 lr=1.705e-04 time=0.158s
[RQ-VAE] epoch=2498 loss=0.78596264 recon=0.00014424 beh=5.901805 w=0.133 lr=1.702e-04 time=0.157s
[RQ-VAE] epoch=2499 loss=0.78630918 recon=0.00014450 beh=5.898500 w=0.133 lr=1.698e-04 time=0.158s
[RQ-VAE] epoch=2500 loss=0.78791869 recon=0.00014458 lr=1.695e-04 raw_unique=23655/24587 collision=0.037906 time=0.158s
[RQ-VAE] epoch=2501 loss=0.78923166 recon=0.00014469 beh=5.908612 w=0.133 lr=1.692e-04 time=0.323s
[RQ-VAE] epoch=2502 loss=0.78879285 recon=0.00014464 beh=5.899433 w=0.134 lr=1.688e-04 time=0.157s
[RQ-VAE] epoch=2503 loss=0.79084206 recon=0.00014474 beh=5.908881 w=0.134 lr=1.685e-04 time=0.158s
[RQ-VAE] epoch=2504 loss=0.79058522 recon=0.00014465 beh=5.901074 w=0.134 lr=1.681e-04 time=0.158s
[RQ-VAE] epoch=2505 loss=0.79180545 recon=0.00014455 beh=5.904298 w=0.134 lr=1.678e-04 time=0.158s
[RQ-VAE] epoch=2506 loss=0.79153275 recon=0.00014434 beh=5.896376 w=0.134 lr=1.675e-04 time=0.157s
[RQ-VAE] epoch=2507 loss=0.79313385 recon=0.00014451 beh=5.902419 w=0.134 lr=1.671e-04 time=0.157s
[RQ-VAE] epoch=2508 loss=0.79284137 recon=0.00014447 beh=5.894383 w=0.134 lr=1.668e-04 time=0.157s
[RQ-VAE] epoch=2509 loss=0.79385298 recon=0.00014455 beh=5.896053 w=0.135 lr=1.664e-04 time=0.158s
[RQ-VAE] epoch=2510 loss=0.79414284 recon=0.00014471 beh=5.892376 w=0.135 lr=1.661e-04 time=0.158s
[RQ-VAE] epoch=2511 loss=0.79410768 recon=0.00014487 beh=5.886316 w=0.135 lr=1.658e-04 time=0.158s
[RQ-VAE] epoch=2512 loss=0.79680967 recon=0.00014467 beh=5.900507 w=0.135 lr=1.654e-04 time=0.157s
[RQ-VAE] epoch=2513 loss=0.79882169 recon=0.00014391 beh=5.909585 w=0.135 lr=1.651e-04 time=0.157s
[RQ-VAE] epoch=2514 loss=0.79943544 recon=0.00014444 beh=5.908309 w=0.135 lr=1.647e-04 time=0.158s
[RQ-VAE] epoch=2515 loss=0.79924101 recon=0.00014500 beh=5.901066 w=0.135 lr=1.644e-04 time=0.158s
[RQ-VAE] epoch=2516 loss=0.79904288 recon=0.00014494 beh=5.893771 w=0.135 lr=1.641e-04 time=0.158s
[RQ-VAE] epoch=2517 loss=0.79972887 recon=0.00014449 beh=5.893021 w=0.136 lr=1.637e-04 time=0.157s
[RQ-VAE] epoch=2518 loss=0.80102217 recon=0.00014486 beh=5.896770 w=0.136 lr=1.634e-04 time=0.157s
[RQ-VAE] epoch=2519 loss=0.80292976 recon=0.00014454 beh=5.905020 w=0.136 lr=1.631e-04 time=0.158s
[RQ-VAE] epoch=2520 loss=0.80252224 recon=0.00014452 beh=5.896245 w=0.136 lr=1.627e-04 time=0.157s
[RQ-VAE] epoch=2521 loss=0.80366856 recon=0.00014457 beh=5.898865 w=0.136 lr=1.624e-04 time=0.158s
[RQ-VAE] epoch=2522 loss=0.80503702 recon=0.00014439 beh=5.903149 w=0.136 lr=1.620e-04 time=0.157s
[RQ-VAE] epoch=2523 loss=0.80626094 recon=0.00014489 beh=5.906338 w=0.136 lr=1.617e-04 time=0.157s
[RQ-VAE] epoch=2524 loss=0.80764008 recon=0.00014494 beh=5.910674 w=0.137 lr=1.614e-04 time=0.157s
[RQ-VAE] epoch=2525 loss=0.80780095 recon=0.00014427 beh=5.906098 w=0.137 lr=1.610e-04 time=0.156s
[RQ-VAE] epoch=2526 loss=0.80744439 recon=0.00014411 beh=5.897766 w=0.137 lr=1.607e-04 time=0.157s
[RQ-VAE] epoch=2527 loss=0.80993611 recon=0.00014432 beh=5.910213 w=0.137 lr=1.603e-04 time=0.157s
[RQ-VAE] epoch=2528 loss=0.81034559 recon=0.00014438 beh=5.907444 w=0.137 lr=1.600e-04 time=0.158s
[RQ-VAE] epoch=2529 loss=0.81021142 recon=0.00014444 beh=5.900750 w=0.137 lr=1.597e-04 time=0.158s
[RQ-VAE] epoch=2530 loss=0.81024331 recon=0.00014519 beh=5.895208 w=0.137 lr=1.593e-04 time=0.327s
[RQ-VAE] epoch=2531 loss=0.80998975 recon=0.00014454 beh=5.887642 w=0.137 lr=1.590e-04 time=0.157s
[RQ-VAE] epoch=2532 loss=0.81233227 recon=0.00014394 beh=5.898985 w=0.138 lr=1.586e-04 time=0.157s
[RQ-VAE] epoch=2533 loss=0.81214565 recon=0.00014395 beh=5.891924 w=0.138 lr=1.583e-04 time=0.158s
[RQ-VAE] epoch=2534 loss=0.81335396 recon=0.00014427 beh=5.894977 w=0.138 lr=1.580e-04 time=0.157s
[RQ-VAE] epoch=2535 loss=0.81622434 recon=0.00014447 beh=5.910030 w=0.138 lr=1.576e-04 time=0.157s
[RQ-VAE] epoch=2536 loss=0.81626546 recon=0.00014508 beh=5.904686 w=0.138 lr=1.573e-04 time=0.158s
[RQ-VAE] epoch=2537 loss=0.81687599 recon=0.00014504 beh=5.903429 w=0.138 lr=1.569e-04 time=0.157s
[RQ-VAE] epoch=2538 loss=0.81618953 recon=0.00014490 beh=5.892755 w=0.138 lr=1.566e-04 time=0.16s
[RQ-VAE] epoch=2539 loss=0.81935740 recon=0.00014469 beh=5.909938 w=0.139 lr=1.563e-04 time=0.166s
[RQ-VAE] epoch=2540 loss=0.81899548 recon=0.00014453 beh=5.901630 w=0.139 lr=1.559e-04 time=0.158s
[RQ-VAE] epoch=2541 loss=0.81931490 recon=0.00014441 beh=5.898274 w=0.139 lr=1.556e-04 time=0.159s
[RQ-VAE] epoch=2542 loss=0.81928372 recon=0.00014457 beh=5.892401 w=0.139 lr=1.553e-04 time=0.158s
[RQ-VAE] epoch=2543 loss=0.81946367 recon=0.00014471 beh=5.888041 w=0.139 lr=1.549e-04 time=0.164s
[RQ-VAE] epoch=2544 loss=0.82270586 recon=0.00014453 beh=5.905679 w=0.139 lr=1.546e-04 time=0.157s
[RQ-VAE] epoch=2545 loss=0.82221812 recon=0.00014513 beh=5.896504 w=0.139 lr=1.542e-04 time=0.157s
[RQ-VAE] epoch=2546 loss=0.82443500 recon=0.00014457 beh=5.906802 w=0.139 lr=1.539e-04 time=0.157s
[RQ-VAE] epoch=2547 loss=0.82363909 recon=0.00014487 beh=5.895492 w=0.140 lr=1.536e-04 time=0.157s
[RQ-VAE] epoch=2548 loss=0.82534134 recon=0.00014483 beh=5.902027 w=0.140 lr=1.532e-04 time=0.157s
[RQ-VAE] epoch=2549 loss=0.82655025 recon=0.00014523 beh=5.905049 w=0.140 lr=1.529e-04 time=0.315s
[RQ-VAE] epoch=2550 loss=0.82604468 recon=0.00014502 lr=1.525e-04 raw_unique=23647/24587 collision=0.038232 time=0.158s
[RQ-VAE] epoch=2551 loss=0.82775700 recon=0.00014492 beh=5.902400 w=0.140 lr=1.522e-04 time=0.158s
[RQ-VAE] epoch=2552 loss=0.82938558 recon=0.00014492 beh=5.908400 w=0.140 lr=1.519e-04 time=0.159s
[RQ-VAE] epoch=2553 loss=0.82937956 recon=0.00014451 beh=5.902769 w=0.140 lr=1.515e-04 time=0.156s
[RQ-VAE] epoch=2554 loss=0.82964444 recon=0.00014403 beh=5.899053 w=0.141 lr=1.512e-04 time=0.159s
[RQ-VAE] epoch=2555 loss=0.82920063 recon=0.00014414 beh=5.890294 w=0.141 lr=1.508e-04 time=0.158s
[RQ-VAE] epoch=2556 loss=0.83030128 recon=0.00014445 beh=5.892521 w=0.141 lr=1.505e-04 time=0.156s
[RQ-VAE] epoch=2557 loss=0.83199358 recon=0.00014462 beh=5.898953 w=0.141 lr=1.502e-04 time=0.157s
[RQ-VAE] epoch=2558 loss=0.83214086 recon=0.00014387 beh=5.894421 w=0.141 lr=1.498e-04 time=0.158s
[RQ-VAE] epoch=2559 loss=0.83256239 recon=0.00014379 beh=5.891843 w=0.141 lr=1.495e-04 time=0.156s
[RQ-VAE] epoch=2560 loss=0.83389145 recon=0.00014384 beh=5.895700 w=0.141 lr=1.492e-04 time=0.158s
[RQ-VAE] epoch=2561 loss=0.83558834 recon=0.00014405 beh=5.902146 w=0.141 lr=1.488e-04 time=0.157s
[RQ-VAE] epoch=2562 loss=0.83442318 recon=0.00014394 beh=5.888327 w=0.142 lr=1.485e-04 time=0.157s
[RQ-VAE] epoch=2563 loss=0.83551955 recon=0.00014354 beh=5.890530 w=0.142 lr=1.481e-04 time=0.157s
[RQ-VAE] epoch=2564 loss=0.83928418 recon=0.00014411 beh=5.911549 w=0.142 lr=1.478e-04 time=0.158s
[RQ-VAE] epoch=2565 loss=0.83871031 recon=0.00014357 beh=5.901978 w=0.142 lr=1.475e-04 time=0.313s
[RQ-VAE] epoch=2566 loss=0.83882278 recon=0.00014375 beh=5.897235 w=0.142 lr=1.471e-04 time=0.157s
[RQ-VAE] epoch=2567 loss=0.83975673 recon=0.00014389 beh=5.898255 w=0.142 lr=1.468e-04 time=0.158s
[RQ-VAE] epoch=2568 loss=0.84204543 recon=0.00014392 beh=5.908772 w=0.142 lr=1.464e-04 time=0.158s
[RQ-VAE] epoch=2569 loss=0.84100407 recon=0.00014402 beh=5.895953 w=0.143 lr=1.461e-04 time=0.158s
[RQ-VAE] epoch=2570 loss=0.84310716 recon=0.00014388 beh=5.905166 w=0.143 lr=1.458e-04 time=0.158s
[RQ-VAE] epoch=2571 loss=0.84293407 recon=0.00014396 beh=5.898456 w=0.143 lr=1.454e-04 time=0.158s
[RQ-VAE] epoch=2572 loss=0.84458673 recon=0.00014393 beh=5.904506 w=0.143 lr=1.451e-04 time=0.157s
[RQ-VAE] epoch=2573 loss=0.84608382 recon=0.00014351 beh=5.909479 w=0.143 lr=1.447e-04 time=0.158s
[RQ-VAE] epoch=2574 loss=0.84577823 recon=0.00014383 beh=5.901818 w=0.143 lr=1.444e-04 time=0.158s
[RQ-VAE] epoch=2575 loss=0.84734666 recon=0.00014387 beh=5.907276 w=0.143 lr=1.441e-04 time=0.158s
[RQ-VAE] epoch=2576 loss=0.84701729 recon=0.00014373 beh=5.899513 w=0.143 lr=1.437e-04 time=0.158s
[RQ-VAE] epoch=2577 loss=0.84706092 recon=0.00014380 beh=5.894335 w=0.144 lr=1.434e-04 time=0.158s
[RQ-VAE] epoch=2578 loss=0.84827012 recon=0.00014367 beh=5.897281 w=0.144 lr=1.431e-04 time=0.157s
[RQ-VAE] epoch=2579 loss=0.84843183 recon=0.00014317 beh=5.892941 w=0.144 lr=1.427e-04 time=0.157s
[RQ-VAE] epoch=2580 loss=0.84853655 recon=0.00014337 beh=5.888193 w=0.144 lr=1.424e-04 time=0.158s
[RQ-VAE] epoch=2581 loss=0.85130459 recon=0.00014316 beh=5.901936 w=0.144 lr=1.420e-04 time=0.159s
[RQ-VAE] epoch=2582 loss=0.85398769 recon=0.00014324 beh=5.915145 w=0.144 lr=1.417e-04 time=0.158s
[RQ-VAE] epoch=2583 loss=0.85351515 recon=0.00014303 beh=5.906427 w=0.144 lr=1.414e-04 time=0.157s
[RQ-VAE] epoch=2584 loss=0.85416138 recon=0.00014308 beh=5.905457 w=0.145 lr=1.410e-04 time=0.157s
[RQ-VAE] epoch=2585 loss=0.85355687 recon=0.00014353 beh=5.895824 w=0.145 lr=1.407e-04 time=0.157s
[RQ-VAE] epoch=2586 loss=0.85565114 recon=0.00014351 beh=5.904821 w=0.145 lr=1.403e-04 time=0.158s
[RQ-VAE] epoch=2587 loss=0.85610884 recon=0.00014344 beh=5.902529 w=0.145 lr=1.400e-04 time=0.158s
[RQ-VAE] epoch=2588 loss=0.85697579 recon=0.00014344 beh=5.903103 w=0.145 lr=1.397e-04 time=0.158s
[RQ-VAE] epoch=2589 loss=0.85696280 recon=0.00014381 beh=5.897625 w=0.145 lr=1.393e-04 time=0.157s
[RQ-VAE] epoch=2590 loss=0.85786188 recon=0.00014312 beh=5.898387 w=0.145 lr=1.390e-04 time=0.156s
[RQ-VAE] epoch=2591 loss=0.86030543 recon=0.00014326 beh=5.909753 w=0.145 lr=1.386e-04 time=0.157s
[RQ-VAE] epoch=2592 loss=0.85995066 recon=0.00014350 beh=5.901918 w=0.146 lr=1.383e-04 time=0.157s
[RQ-VAE] epoch=2593 loss=0.86128819 recon=0.00014314 beh=5.905719 w=0.146 lr=1.380e-04 time=0.158s
[RQ-VAE] epoch=2594 loss=0.86115462 recon=0.00014324 beh=5.899398 w=0.146 lr=1.376e-04 time=0.158s
[RQ-VAE] epoch=2595 loss=0.86267549 recon=0.00014349 beh=5.904418 w=0.146 lr=1.373e-04 time=0.157s
[RQ-VAE] epoch=2596 loss=0.86129546 recon=0.00014360 beh=5.889606 w=0.146 lr=1.369e-04 time=0.158s
[RQ-VAE] epoch=2597 loss=0.86361343 recon=0.00014324 beh=5.900077 w=0.146 lr=1.366e-04 time=0.157s
[RQ-VAE] epoch=2598 loss=0.86372089 recon=0.00014348 beh=5.895419 w=0.146 lr=1.363e-04 time=0.158s
[RQ-VAE] epoch=2599 loss=0.86590904 recon=0.00014377 beh=5.904978 w=0.147 lr=1.359e-04 time=0.158s
[RQ-VAE] epoch=2600 loss=0.86415899 recon=0.00014395 lr=1.356e-04 raw_unique=23626/24587 collision=0.039086 time=0.158s
[RQ-VAE] epoch=2601 loss=0.86745536 recon=0.00014372 beh=5.904772 w=0.147 lr=1.353e-04 time=0.159s
[RQ-VAE] epoch=2602 loss=0.86724031 recon=0.00014291 beh=5.897933 w=0.147 lr=1.349e-04 time=0.157s
[RQ-VAE] epoch=2603 loss=0.86644930 recon=0.00014326 beh=5.887212 w=0.147 lr=1.346e-04 time=0.157s
[RQ-VAE] epoch=2604 loss=0.86948991 recon=0.00014337 beh=5.902546 w=0.147 lr=1.342e-04 time=0.157s
[RQ-VAE] epoch=2605 loss=0.87035346 recon=0.00014314 beh=5.903049 w=0.147 lr=1.339e-04 time=0.157s
[RQ-VAE] epoch=2606 loss=0.86973858 recon=0.00014294 beh=5.893541 w=0.147 lr=1.336e-04 time=0.158s
[RQ-VAE] epoch=2607 loss=0.86990243 recon=0.00014314 beh=5.889336 w=0.148 lr=1.332e-04 time=0.158s
[RQ-VAE] epoch=2608 loss=0.87212211 recon=0.00014293 beh=5.899066 w=0.148 lr=1.329e-04 time=0.158s
[RQ-VAE] epoch=2609 loss=0.87342227 recon=0.00014302 beh=5.902550 w=0.148 lr=1.325e-04 time=0.158s
[RQ-VAE] epoch=2610 loss=0.87444413 recon=0.00014256 beh=5.904130 w=0.148 lr=1.322e-04 time=0.158s
[RQ-VAE] epoch=2611 loss=0.87587869 recon=0.00014363 beh=5.908490 w=0.148 lr=1.319e-04 time=0.158s
[RQ-VAE] epoch=2612 loss=0.87553418 recon=0.00014323 beh=5.900859 w=0.148 lr=1.315e-04 time=0.159s
[RQ-VAE] epoch=2613 loss=0.87644309 recon=0.00014302 beh=5.901711 w=0.148 lr=1.312e-04 time=0.158s
[RQ-VAE] epoch=2614 loss=0.87713408 recon=0.00014314 beh=5.901066 w=0.149 lr=1.308e-04 time=0.158s
[RQ-VAE] epoch=2615 loss=0.87873667 recon=0.00014314 beh=5.906559 w=0.149 lr=1.305e-04 time=0.158s
[RQ-VAE] epoch=2616 loss=0.87941378 recon=0.00014337 beh=5.905821 w=0.149 lr=1.302e-04 time=0.157s
[RQ-VAE] epoch=2617 loss=0.87859964 recon=0.00014324 beh=5.895052 w=0.149 lr=1.298e-04 time=0.159s
[RQ-VAE] epoch=2618 loss=0.88124532 recon=0.00014271 beh=5.907522 w=0.149 lr=1.295e-04 time=0.156s
[RQ-VAE] epoch=2619 loss=0.87982821 recon=0.00014329 beh=5.892737 w=0.149 lr=1.292e-04 time=0.156s
[RQ-VAE] epoch=2620 loss=0.88134837 recon=0.00014298 beh=5.897651 w=0.149 lr=1.288e-04 time=0.157s
[RQ-VAE] epoch=2621 loss=0.88259619 recon=0.00014271 beh=5.900733 w=0.149 lr=1.285e-04 time=0.314s
[RQ-VAE] epoch=2622 loss=0.88301224 recon=0.00014241 beh=5.898252 w=0.150 lr=1.281e-04 time=0.158s
[RQ-VAE] epoch=2623 loss=0.88314688 recon=0.00014302 beh=5.893900 w=0.150 lr=1.278e-04 time=0.157s
[RQ-VAE] epoch=2624 loss=0.88546717 recon=0.00014259 beh=5.904140 w=0.150 lr=1.275e-04 time=0.157s
[RQ-VAE] epoch=2625 loss=0.88487089 recon=0.00014243 beh=5.894903 w=0.150 lr=1.271e-04 time=0.157s
[RQ-VAE] epoch=2626 loss=0.88617098 recon=0.00014221 beh=5.898334 w=0.150 lr=1.268e-04 time=0.158s
[RQ-VAE] epoch=2627 loss=0.88817036 recon=0.00014232 beh=5.906402 w=0.150 lr=1.264e-04 time=0.158s
[RQ-VAE] epoch=2628 loss=0.88856530 recon=0.00014256 beh=5.903802 w=0.150 lr=1.261e-04 time=0.157s
[RQ-VAE] epoch=2629 loss=0.88879949 recon=0.00014244 beh=5.900136 w=0.151 lr=1.258e-04 time=0.158s
[RQ-VAE] epoch=2630 loss=0.88925159 recon=0.00014245 beh=5.897919 w=0.151 lr=1.254e-04 time=0.158s
[RQ-VAE] epoch=2631 loss=0.89038205 recon=0.00014255 beh=5.900187 w=0.151 lr=1.251e-04 time=0.158s
[RQ-VAE] epoch=2632 loss=0.89002007 recon=0.00014328 beh=5.892542 w=0.151 lr=1.247e-04 time=0.157s
[RQ-VAE] epoch=2633 loss=0.89248765 recon=0.00014272 beh=5.903678 w=0.151 lr=1.244e-04 time=0.158s
[RQ-VAE] epoch=2634 loss=0.89289290 recon=0.00014242 beh=5.901192 w=0.151 lr=1.241e-04 time=0.161s
[RQ-VAE] epoch=2635 loss=0.89346313 recon=0.00014289 beh=5.899779 w=0.151 lr=1.237e-04 time=0.16s
[RQ-VAE] epoch=2636 loss=0.89429855 recon=0.00014259 beh=5.900086 w=0.151 lr=1.234e-04 time=0.159s
[RQ-VAE] epoch=2637 loss=0.89521891 recon=0.00014280 beh=5.900983 w=0.152 lr=1.231e-04 time=0.158s
[RQ-VAE] epoch=2638 loss=0.89463264 recon=0.00014292 beh=5.891911 w=0.152 lr=1.227e-04 time=0.159s
[RQ-VAE] epoch=2639 loss=0.89667821 recon=0.00014313 beh=5.900158 w=0.152 lr=1.224e-04 time=0.159s
[RQ-VAE] epoch=2640 loss=0.89598179 recon=0.00014356 beh=5.890443 w=0.152 lr=1.220e-04 time=0.158s
[RQ-VAE] epoch=2641 loss=0.89859593 recon=0.00014337 beh=5.902474 w=0.152 lr=1.217e-04 time=0.158s
[RQ-VAE] epoch=2642 loss=0.89973927 recon=0.00014351 beh=5.904801 w=0.152 lr=1.214e-04 time=0.158s
[RQ-VAE] epoch=2643 loss=0.89869606 recon=0.00014324 beh=5.892776 w=0.152 lr=1.210e-04 time=0.159s
[RQ-VAE] epoch=2644 loss=0.90072650 recon=0.00014380 beh=5.900909 w=0.153 lr=1.207e-04 time=0.158s
[RQ-VAE] epoch=2645 loss=0.90073383 recon=0.00014355 beh=5.895835 w=0.153 lr=1.203e-04 time=0.158s
[RQ-VAE] epoch=2646 loss=0.90248817 recon=0.00014327 beh=5.902197 w=0.153 lr=1.200e-04 time=0.158s
[RQ-VAE] epoch=2647 loss=0.90176457 recon=0.00014326 beh=5.892337 w=0.153 lr=1.197e-04 time=0.159s
[RQ-VAE] epoch=2648 loss=0.90500206 recon=0.00014321 beh=5.908333 w=0.153 lr=1.193e-04 time=0.158s
[RQ-VAE] epoch=2649 loss=0.90444994 recon=0.00014336 beh=5.899588 w=0.153 lr=1.190e-04 time=0.158s
[RQ-VAE] epoch=2650 loss=0.90438497 recon=0.00014338 lr=1.186e-04 raw_unique=23656/24587 collision=0.037866 time=0.321s
[RQ-VAE] epoch=2651 loss=0.90703458 recon=0.00014342 beh=5.906139 w=0.153 lr=1.183e-04 time=0.159s
[RQ-VAE] epoch=2652 loss=0.90661567 recon=0.00014318 beh=5.898306 w=0.154 lr=1.180e-04 time=0.162s
[RQ-VAE] epoch=2653 loss=0.90838808 recon=0.00014310 beh=5.904740 w=0.154 lr=1.176e-04 time=0.159s
[RQ-VAE] epoch=2654 loss=0.90803009 recon=0.00014303 beh=5.897305 w=0.154 lr=1.173e-04 time=0.158s
[RQ-VAE] epoch=2655 loss=0.90685868 recon=0.00014340 beh=5.884568 w=0.154 lr=1.169e-04 time=0.157s
[RQ-VAE] epoch=2656 loss=0.90941453 recon=0.00014403 beh=5.896024 w=0.154 lr=1.166e-04 time=0.158s
[RQ-VAE] epoch=2657 loss=0.90857679 recon=0.00014387 beh=5.885504 w=0.154 lr=1.163e-04 time=0.158s
[RQ-VAE] epoch=2658 loss=0.91110218 recon=0.00014397 beh=5.896792 w=0.154 lr=1.159e-04 time=0.159s
[RQ-VAE] epoch=2659 loss=0.91246980 recon=0.00014390 beh=5.900574 w=0.155 lr=1.156e-04 time=0.158s
[RQ-VAE] epoch=2660 loss=0.91368538 recon=0.00014356 beh=5.903354 w=0.155 lr=1.153e-04 time=0.159s
[RQ-VAE] epoch=2661 loss=0.91329753 recon=0.00014319 beh=5.895770 w=0.155 lr=1.149e-04 time=0.158s
[RQ-VAE] epoch=2662 loss=0.91404867 recon=0.00014221 beh=5.895550 w=0.155 lr=1.146e-04 time=0.158s
[RQ-VAE] epoch=2663 loss=0.91525221 recon=0.00014260 beh=5.898216 w=0.155 lr=1.142e-04 time=0.159s
[RQ-VAE] epoch=2664 loss=0.91746294 recon=0.00014253 beh=5.907415 w=0.155 lr=1.139e-04 time=0.158s
[RQ-VAE] epoch=2665 loss=0.91577780 recon=0.00014285 beh=5.891505 w=0.155 lr=1.136e-04 time=0.157s
[RQ-VAE] epoch=2666 loss=0.91715896 recon=0.00014270 beh=5.895326 w=0.155 lr=1.132e-04 time=0.155s
[RQ-VAE] epoch=2667 loss=0.91811329 recon=0.00014266 beh=5.896365 w=0.156 lr=1.129e-04 time=0.153s
[RQ-VAE] epoch=2668 loss=0.91811806 recon=0.00014297 beh=5.891346 w=0.156 lr=1.125e-04 time=0.155s
[RQ-VAE] epoch=2669 loss=0.91906357 recon=0.00014294 beh=5.892360 w=0.156 lr=1.122e-04 time=0.155s
[RQ-VAE] epoch=2670 loss=0.91940832 recon=0.00014250 beh=5.889535 w=0.156 lr=1.119e-04 time=0.314s
[RQ-VAE] epoch=2671 loss=0.91999519 recon=0.00014339 beh=5.888273 w=0.156 lr=1.115e-04 time=0.155s
[RQ-VAE] epoch=2672 loss=0.91995043 recon=0.00014303 beh=5.882963 w=0.156 lr=1.112e-04 time=0.155s
[RQ-VAE] epoch=2673 loss=0.92249721 recon=0.00014258 beh=5.894224 w=0.156 lr=1.108e-04 time=0.155s
[RQ-VAE] epoch=2674 loss=0.92218816 recon=0.00014292 beh=5.887227 w=0.157 lr=1.105e-04 time=0.154s
[RQ-VAE] epoch=2675 loss=0.92459744 recon=0.00014303 beh=5.897605 w=0.157 lr=1.102e-04 time=0.17s
[RQ-VAE] epoch=2676 loss=0.92641056 recon=0.00014334 beh=5.904161 w=0.157 lr=1.098e-04 time=0.161s
[RQ-VAE] epoch=2677 loss=0.92683959 recon=0.00014306 beh=5.901902 w=0.157 lr=1.095e-04 time=0.158s
[RQ-VAE] epoch=2678 loss=0.92623520 recon=0.00014317 beh=5.893035 w=0.157 lr=1.092e-04 time=0.16s
[RQ-VAE] epoch=2679 loss=0.92787677 recon=0.00014308 beh=5.898478 w=0.157 lr=1.088e-04 time=0.158s
[RQ-VAE] epoch=2680 loss=0.92802286 recon=0.00014337 beh=5.894386 w=0.157 lr=1.085e-04 time=0.16s
[RQ-VAE] epoch=2681 loss=0.92895204 recon=0.00014339 beh=5.895280 w=0.157 lr=1.081e-04 time=0.159s
[RQ-VAE] epoch=2682 loss=0.93016350 recon=0.00014304 beh=5.897989 w=0.158 lr=1.078e-04 time=0.158s
[RQ-VAE] epoch=2683 loss=0.93168199 recon=0.00014338 beh=5.902649 w=0.158 lr=1.075e-04 time=0.159s
[RQ-VAE] epoch=2684 loss=0.93234837 recon=0.00014338 beh=5.901900 w=0.158 lr=1.071e-04 time=0.156s
[RQ-VAE] epoch=2685 loss=0.93190825 recon=0.00014305 beh=5.894131 w=0.158 lr=1.068e-04 time=0.278s
[RQ-VAE] epoch=2686 loss=0.93366241 recon=0.00014302 beh=5.900245 w=0.158 lr=1.064e-04 time=0.15s
[RQ-VAE] epoch=2687 loss=0.93395877 recon=0.00014338 beh=5.897140 w=0.158 lr=1.061e-04 time=0.151s
[RQ-VAE] epoch=2688 loss=0.93513125 recon=0.00014316 beh=5.899593 w=0.158 lr=1.058e-04 time=0.149s
[RQ-VAE] epoch=2689 loss=0.93627685 recon=0.00014344 beh=5.901855 w=0.159 lr=1.054e-04 time=0.152s
[RQ-VAE] epoch=2690 loss=0.93701571 recon=0.00014316 beh=5.901562 w=0.159 lr=1.051e-04 time=0.149s
[RQ-VAE] epoch=2691 loss=0.93616247 recon=0.00014305 beh=5.891229 w=0.159 lr=1.047e-04 time=0.149s
[RQ-VAE] epoch=2692 loss=0.93773401 recon=0.00014338 beh=5.896172 w=0.159 lr=1.044e-04 time=0.154s
[RQ-VAE] epoch=2693 loss=0.93776858 recon=0.00014312 beh=5.891436 w=0.159 lr=1.041e-04 time=0.151s
[RQ-VAE] epoch=2694 loss=0.93896323 recon=0.00014335 beh=5.893987 w=0.159 lr=1.037e-04 time=0.149s
[RQ-VAE] epoch=2695 loss=0.94034511 recon=0.00014241 beh=5.897758 w=0.159 lr=1.034e-04 time=0.149s
[RQ-VAE] epoch=2696 loss=0.94197965 recon=0.00014329 beh=5.903076 w=0.159 lr=1.031e-04 time=0.151s
[RQ-VAE] epoch=2697 loss=0.94378018 recon=0.00014315 beh=5.909434 w=0.160 lr=1.027e-04 time=0.153s
[RQ-VAE] epoch=2698 loss=0.94415689 recon=0.00014286 beh=5.906878 w=0.160 lr=1.024e-04 time=0.149s
[RQ-VAE] epoch=2699 loss=0.94364071 recon=0.00014309 beh=5.898716 w=0.160 lr=1.020e-04 time=0.149s
[RQ-VAE] epoch=2700 loss=0.94432235 recon=0.00014291 lr=1.017e-04 raw_unique=23626/24587 collision=0.039086 time=0.148s
[RQ-VAE] epoch=2701 loss=0.94618344 recon=0.00014306 beh=5.904766 w=0.160 lr=1.014e-04 time=0.15s
[RQ-VAE] epoch=2702 loss=0.94484925 recon=0.00014339 beh=5.891515 w=0.160 lr=1.010e-04 time=0.148s
[RQ-VAE] epoch=2703 loss=0.94782948 recon=0.00014251 beh=5.905213 w=0.160 lr=1.007e-04 time=0.15s
[RQ-VAE] epoch=2704 loss=0.94903529 recon=0.00014289 beh=5.907809 w=0.161 lr=1.003e-04 time=0.149s
[RQ-VAE] epoch=2705 loss=0.94887364 recon=0.00014319 beh=5.901903 w=0.161 lr=1.000e-04 time=0.149s
[RQ-VAE] epoch=2706 loss=0.94993591 recon=0.00014282 beh=5.903607 w=0.161 lr=9.966e-05 time=0.15s
[RQ-VAE] epoch=2707 loss=0.94975400 recon=0.00014267 beh=5.897597 w=0.161 lr=9.932e-05 time=0.15s
[RQ-VAE] epoch=2708 loss=0.94962353 recon=0.00014277 beh=5.891903 w=0.161 lr=9.898e-05 time=0.15s
[RQ-VAE] epoch=2709 loss=0.95231128 recon=0.00014274 beh=5.903698 w=0.161 lr=9.864e-05 time=0.15s
[RQ-VAE] epoch=2710 loss=0.95056891 recon=0.00014250 beh=5.888008 w=0.161 lr=9.831e-05 time=0.149s
[RQ-VAE] epoch=2711 loss=0.95197773 recon=0.00014234 beh=5.891877 w=0.161 lr=9.797e-05 time=0.15s
[RQ-VAE] epoch=2712 loss=0.95279080 recon=0.00014264 beh=5.892045 w=0.162 lr=9.763e-05 time=0.149s
[RQ-VAE] epoch=2713 loss=0.95328236 recon=0.00014315 beh=5.890203 w=0.162 lr=9.729e-05 time=0.149s
[RQ-VAE] epoch=2714 loss=0.95328784 recon=0.00014283 beh=5.885415 w=0.162 lr=9.695e-05 time=0.149s
[RQ-VAE] epoch=2715 loss=0.95565283 recon=0.00014299 beh=5.895167 w=0.162 lr=9.661e-05 time=0.149s
[RQ-VAE] epoch=2716 loss=0.95644951 recon=0.00014232 beh=5.895233 w=0.162 lr=9.627e-05 time=0.151s
[RQ-VAE] epoch=2717 loss=0.95861876 recon=0.00014245 beh=5.903758 w=0.162 lr=9.593e-05 time=0.149s
[RQ-VAE] epoch=2718 loss=0.95806223 recon=0.00014246 beh=5.895492 w=0.162 lr=9.559e-05 time=0.149s
[RQ-VAE] epoch=2719 loss=0.96004975 recon=0.00014217 beh=5.902900 w=0.163 lr=9.525e-05 time=0.149s
[RQ-VAE] epoch=2720 loss=0.95891571 recon=0.00014251 beh=5.891088 w=0.163 lr=9.492e-05 time=0.148s
[RQ-VAE] epoch=2721 loss=0.95994121 recon=0.00014340 beh=5.892544 w=0.163 lr=9.458e-05 time=0.15s
[RQ-VAE] epoch=2722 loss=0.96025962 recon=0.00014293 beh=5.889661 w=0.163 lr=9.424e-05 time=0.15s
[RQ-VAE] epoch=2723 loss=0.96081847 recon=0.00014255 beh=5.888247 w=0.163 lr=9.390e-05 time=0.149s
[RQ-VAE] epoch=2724 loss=0.96370578 recon=0.00014270 beh=5.901112 w=0.163 lr=9.356e-05 time=0.15s
[RQ-VAE] epoch=2725 loss=0.96125174 recon=0.00014263 beh=5.881283 w=0.163 lr=9.322e-05 time=0.15s
[RQ-VAE] epoch=2726 loss=0.96250898 recon=0.00014256 beh=5.884172 w=0.163 lr=9.288e-05 time=0.149s
[RQ-VAE] epoch=2727 loss=0.96551120 recon=0.00014234 beh=5.897744 w=0.164 lr=9.254e-05 time=0.149s
[RQ-VAE] epoch=2728 loss=0.96416092 recon=0.00014250 beh=5.884708 w=0.164 lr=9.220e-05 time=0.149s
[RQ-VAE] epoch=2729 loss=0.96581733 recon=0.00014263 beh=5.890030 w=0.164 lr=9.186e-05 time=0.15s
[RQ-VAE] epoch=2730 loss=0.96634614 recon=0.00014246 beh=5.888451 w=0.164 lr=9.153e-05 time=0.149s
[RQ-VAE] epoch=2731 loss=0.96851110 recon=0.00014269 beh=5.896853 w=0.164 lr=9.119e-05 time=0.149s
[RQ-VAE] epoch=2732 loss=0.97099733 recon=0.00014252 beh=5.907222 w=0.164 lr=9.085e-05 time=0.148s
[RQ-VAE] epoch=2733 loss=0.96946979 recon=0.00014232 beh=5.893148 w=0.164 lr=9.051e-05 time=0.15s
[RQ-VAE] epoch=2734 loss=0.97229749 recon=0.00014267 beh=5.905566 w=0.165 lr=9.017e-05 time=0.15s
[RQ-VAE] epoch=2735 loss=0.97112250 recon=0.00014262 beh=5.893646 w=0.165 lr=8.983e-05 time=0.15s
[RQ-VAE] epoch=2736 loss=0.97239125 recon=0.00014219 beh=5.896579 w=0.165 lr=8.949e-05 time=0.15s
[RQ-VAE] epoch=2737 loss=0.97296226 recon=0.00014265 beh=5.895251 w=0.165 lr=8.915e-05 time=0.149s
[RQ-VAE] epoch=2738 loss=0.97412097 recon=0.00014235 beh=5.897515 w=0.165 lr=8.881e-05 time=0.149s
[RQ-VAE] epoch=2739 loss=0.97525442 recon=0.00014226 beh=5.899612 w=0.165 lr=8.847e-05 time=0.148s
[RQ-VAE] epoch=2740 loss=0.97534168 recon=0.00014220 beh=5.895387 w=0.165 lr=8.814e-05 time=0.151s
[RQ-VAE] epoch=2741 loss=0.97673959 recon=0.00014235 beh=5.899093 w=0.165 lr=8.780e-05 time=0.291s
[RQ-VAE] epoch=2742 loss=0.97838378 recon=0.00014258 beh=5.904278 w=0.166 lr=8.746e-05 time=0.149s
[RQ-VAE] epoch=2743 loss=0.97610623 recon=0.00014236 beh=5.885791 w=0.166 lr=8.712e-05 time=0.15s
[RQ-VAE] epoch=2744 loss=0.97739744 recon=0.00014252 beh=5.888825 w=0.166 lr=8.678e-05 time=0.149s
[RQ-VAE] epoch=2745 loss=0.97764593 recon=0.00014253 beh=5.885589 w=0.166 lr=8.644e-05 time=0.15s
[RQ-VAE] epoch=2746 loss=0.97946817 recon=0.00014251 beh=5.891835 w=0.166 lr=8.610e-05 time=0.149s
[RQ-VAE] epoch=2747 loss=0.98173511 recon=0.00014243 beh=5.900725 w=0.166 lr=8.576e-05 time=0.15s
[RQ-VAE] epoch=2748 loss=0.98063236 recon=0.00014226 beh=5.889372 w=0.166 lr=8.542e-05 time=0.15s
[RQ-VAE] epoch=2749 loss=0.98111916 recon=0.00014263 beh=5.887572 w=0.167 lr=8.508e-05 time=0.149s
[RQ-VAE] epoch=2750 loss=0.98359299 recon=0.00014261 lr=8.475e-05 raw_unique=23597/24587 collision=0.040265 time=0.151s
[RQ-VAE] epoch=2751 loss=0.98405874 recon=0.00014261 beh=5.895808 w=0.167 lr=8.441e-05 time=0.152s
[RQ-VAE] epoch=2752 loss=0.98478788 recon=0.00014254 beh=5.895468 w=0.167 lr=8.407e-05 time=0.15s
[RQ-VAE] epoch=2753 loss=0.98482496 recon=0.00014221 beh=5.890995 w=0.167 lr=8.373e-05 time=0.15s
[RQ-VAE] epoch=2754 loss=0.98692697 recon=0.00014253 beh=5.898880 w=0.167 lr=8.339e-05 time=0.148s
[RQ-VAE] epoch=2755 loss=0.98714781 recon=0.00014233 beh=5.895509 w=0.167 lr=8.305e-05 time=0.149s
[RQ-VAE] epoch=2756 loss=0.98931456 recon=0.00014253 beh=5.903743 w=0.167 lr=8.271e-05 time=0.152s
[RQ-VAE] epoch=2757 loss=0.99084491 recon=0.00014249 beh=5.908187 w=0.168 lr=8.237e-05 time=0.15s
[RQ-VAE] epoch=2758 loss=0.98974246 recon=0.00014250 beh=5.896919 w=0.168 lr=8.203e-05 time=0.149s
[RQ-VAE] epoch=2759 loss=0.99105877 recon=0.00014253 beh=5.900069 w=0.168 lr=8.169e-05 time=0.152s
[RQ-VAE] epoch=2760 loss=0.99096763 recon=0.00014220 beh=5.894840 w=0.168 lr=8.136e-05 time=0.149s
[RQ-VAE] epoch=2761 loss=0.99159795 recon=0.00014251 beh=5.893893 w=0.168 lr=8.102e-05 time=0.152s
[RQ-VAE] epoch=2762 loss=0.99202728 recon=0.00014262 beh=5.891764 w=0.168 lr=8.068e-05 time=0.149s
[RQ-VAE] epoch=2763 loss=0.99193680 recon=0.00014247 beh=5.886574 w=0.168 lr=8.034e-05 time=0.149s
[RQ-VAE] epoch=2764 loss=0.99544275 recon=0.00014270 beh=5.902723 w=0.169 lr=8.000e-05 time=0.151s
[RQ-VAE] epoch=2765 loss=0.99536049 recon=0.00014226 beh=5.897578 w=0.169 lr=7.966e-05 time=0.15s
[RQ-VAE] epoch=2766 loss=0.99521273 recon=0.00014231 beh=5.892060 w=0.169 lr=7.932e-05 time=0.15s
[RQ-VAE] epoch=2767 loss=0.99645633 recon=0.00014215 beh=5.894747 w=0.169 lr=7.898e-05 time=0.148s
[RQ-VAE] epoch=2768 loss=0.99711359 recon=0.00014238 beh=5.893981 w=0.169 lr=7.864e-05 time=0.15s
[RQ-VAE] epoch=2769 loss=0.99665916 recon=0.00014259 beh=5.886644 w=0.169 lr=7.831e-05 time=0.149s
[RQ-VAE] epoch=2770 loss=0.99965787 recon=0.00014226 beh=5.899739 w=0.169 lr=7.797e-05 time=0.271s
[RQ-VAE] epoch=2771 loss=0.99966073 recon=0.00014219 beh=5.895118 w=0.169 lr=7.763e-05 time=0.149s
[RQ-VAE] epoch=2772 loss=1.00113964 recon=0.00014278 beh=5.899179 w=0.170 lr=7.729e-05 time=0.151s
[RQ-VAE] epoch=2773 loss=1.00060916 recon=0.00014238 beh=5.891437 w=0.170 lr=7.695e-05 time=0.15s
[RQ-VAE] epoch=2774 loss=1.00315976 recon=0.00014255 beh=5.901842 w=0.170 lr=7.661e-05 time=0.15s
[RQ-VAE] epoch=2775 loss=1.00128317 recon=0.00014269 beh=5.886178 w=0.170 lr=7.627e-05 time=0.15s
[RQ-VAE] epoch=2776 loss=1.00253117 recon=0.00014271 beh=5.888887 w=0.170 lr=7.593e-05 time=0.15s
[RQ-VAE] epoch=2777 loss=1.00373042 recon=0.00014263 beh=5.891298 w=0.170 lr=7.559e-05 time=0.149s
[RQ-VAE] epoch=2778 loss=1.00500810 recon=0.00014257 beh=5.894185 w=0.170 lr=7.525e-05 time=0.15s
[RQ-VAE] epoch=2779 loss=1.00576091 recon=0.00014253 beh=5.893998 w=0.171 lr=7.492e-05 time=0.15s
[RQ-VAE] epoch=2780 loss=1.00704205 recon=0.00014225 beh=5.896907 w=0.171 lr=7.458e-05 time=0.15s
[RQ-VAE] epoch=2781 loss=1.00815308 recon=0.00014238 beh=5.898804 w=0.171 lr=7.424e-05 time=0.15s
[RQ-VAE] epoch=2782 loss=1.00839043 recon=0.00014236 beh=5.895590 w=0.171 lr=7.390e-05 time=0.152s
[RQ-VAE] epoch=2783 loss=1.00917757 recon=0.00014224 beh=5.895613 w=0.171 lr=7.356e-05 time=0.15s
[RQ-VAE] epoch=2784 loss=1.01063609 recon=0.00014247 beh=5.899541 w=0.171 lr=7.322e-05 time=0.15s
[RQ-VAE] epoch=2785 loss=1.01079750 recon=0.00014259 beh=5.895886 w=0.171 lr=7.288e-05 time=0.152s
[RQ-VAE] epoch=2786 loss=1.01209736 recon=0.00014230 beh=5.898888 w=0.171 lr=7.254e-05 time=0.149s
[RQ-VAE] epoch=2787 loss=1.01410794 recon=0.00014244 beh=5.906025 w=0.172 lr=7.220e-05 time=0.15s
[RQ-VAE] epoch=2788 loss=1.01655221 recon=0.00014269 beh=5.915661 w=0.172 lr=7.186e-05 time=0.15s
[RQ-VAE] epoch=2789 loss=1.01418519 recon=0.00014246 beh=5.897306 w=0.172 lr=7.153e-05 time=0.151s
[RQ-VAE] epoch=2790 loss=1.01436877 recon=0.00014231 beh=5.893787 w=0.172 lr=7.119e-05 time=0.272s
[RQ-VAE] epoch=2791 loss=1.01586628 recon=0.00014229 beh=5.897928 w=0.172 lr=7.085e-05 time=0.15s
[RQ-VAE] epoch=2792 loss=1.01737809 recon=0.00014195 beh=5.902154 w=0.172 lr=7.051e-05 time=0.15s
[RQ-VAE] epoch=2793 loss=1.01710105 recon=0.00014244 beh=5.895977 w=0.172 lr=7.017e-05 time=0.151s
[RQ-VAE] epoch=2794 loss=1.01874340 recon=0.00014223 beh=5.900936 w=0.173 lr=6.983e-05 time=0.149s
[RQ-VAE] epoch=2795 loss=1.01867259 recon=0.00014208 beh=5.895972 w=0.173 lr=6.949e-05 time=0.149s
[RQ-VAE] epoch=2796 loss=1.02157879 recon=0.00014241 beh=5.908246 w=0.173 lr=6.915e-05 time=0.155s
[RQ-VAE] epoch=2797 loss=1.01996279 recon=0.00014228 beh=5.894350 w=0.173 lr=6.881e-05 time=0.149s
[RQ-VAE] epoch=2798 loss=1.02006841 recon=0.00014235 beh=5.890410 w=0.173 lr=6.847e-05 time=0.151s
[RQ-VAE] epoch=2799 loss=1.01971829 recon=0.00014220 beh=5.883848 w=0.173 lr=6.814e-05 time=0.151s
[RQ-VAE] epoch=2800 loss=1.02230334 recon=0.00014256 lr=6.780e-05 raw_unique=23609/24587 collision=0.039777 time=0.15s
[RQ-VAE] epoch=2801 loss=1.02218556 recon=0.00014232 beh=5.889025 w=0.173 lr=6.746e-05 time=0.15s
[RQ-VAE] epoch=2802 loss=1.02465916 recon=0.00014218 beh=5.898767 w=0.174 lr=6.712e-05 time=0.149s
[RQ-VAE] epoch=2803 loss=1.02355099 recon=0.00014245 beh=5.887862 w=0.174 lr=6.678e-05 time=0.149s
[RQ-VAE] epoch=2804 loss=1.02615023 recon=0.00014264 beh=5.898287 w=0.174 lr=6.644e-05 time=0.15s
[RQ-VAE] epoch=2805 loss=1.02633834 recon=0.00014226 beh=5.894847 w=0.174 lr=6.610e-05 time=0.247s
[RQ-VAE] epoch=2806 loss=1.02862000 recon=0.00014205 beh=5.903430 w=0.174 lr=6.576e-05 time=0.15s
[RQ-VAE] epoch=2807 loss=1.02740479 recon=0.00014183 beh=5.891935 w=0.174 lr=6.542e-05 time=0.15s
[RQ-VAE] epoch=2808 loss=1.02806497 recon=0.00014209 beh=5.891223 w=0.174 lr=6.508e-05 time=0.15s
[RQ-VAE] epoch=2809 loss=1.02813148 recon=0.00014233 beh=5.887103 w=0.175 lr=6.475e-05 time=0.151s
[RQ-VAE] epoch=2810 loss=1.03004467 recon=0.00014209 beh=5.893562 w=0.175 lr=6.441e-05 time=0.151s
[RQ-VAE] epoch=2811 loss=1.02920198 recon=0.00014179 beh=5.884249 w=0.175 lr=6.407e-05 time=0.15s
[RQ-VAE] epoch=2812 loss=1.03069472 recon=0.00014234 beh=5.888295 w=0.175 lr=6.373e-05 time=0.151s
[RQ-VAE] epoch=2813 loss=1.03285551 recon=0.00014216 beh=5.896166 w=0.175 lr=6.339e-05 time=0.15s
[RQ-VAE] epoch=2814 loss=1.03441238 recon=0.00014220 beh=5.900572 w=0.175 lr=6.305e-05 time=0.15s
[RQ-VAE] epoch=2815 loss=1.03375185 recon=0.00014239 beh=5.892310 w=0.175 lr=6.271e-05 time=0.15s
[RQ-VAE] epoch=2816 loss=1.03560114 recon=0.00014205 beh=5.898364 w=0.175 lr=6.237e-05 time=0.15s
[RQ-VAE] epoch=2817 loss=1.03507543 recon=0.00014171 beh=5.890893 w=0.176 lr=6.203e-05 time=0.15s
[RQ-VAE] epoch=2818 loss=1.03563464 recon=0.00014208 beh=5.889613 w=0.176 lr=6.169e-05 time=0.15s
[RQ-VAE] epoch=2819 loss=1.03685462 recon=0.00014216 beh=5.892073 w=0.176 lr=6.136e-05 time=0.149s
[RQ-VAE] epoch=2820 loss=1.03808570 recon=0.00014199 beh=5.894610 w=0.176 lr=6.102e-05 time=0.149s
[RQ-VAE] epoch=2821 loss=1.03966451 recon=0.00014178 beh=5.899123 w=0.176 lr=6.068e-05 time=0.151s
[RQ-VAE] epoch=2822 loss=1.03891850 recon=0.00014174 beh=5.890436 w=0.176 lr=6.034e-05 time=0.15s
[RQ-VAE] epoch=2823 loss=1.03982019 recon=0.00014183 beh=5.891094 w=0.176 lr=6.000e-05 time=0.149s
[RQ-VAE] epoch=2824 loss=1.04197526 recon=0.00014212 beh=5.898835 w=0.177 lr=5.966e-05 time=0.15s
[RQ-VAE] epoch=2825 loss=1.04200602 recon=0.00014186 beh=5.894550 w=0.177 lr=5.932e-05 time=0.149s
[RQ-VAE] epoch=2826 loss=1.04299712 recon=0.00014203 beh=5.895708 w=0.177 lr=5.898e-05 time=0.149s
[RQ-VAE] epoch=2827 loss=1.04470658 recon=0.00014159 beh=5.900926 w=0.177 lr=5.864e-05 time=0.149s
[RQ-VAE] epoch=2828 loss=1.04392552 recon=0.00014167 beh=5.892062 w=0.177 lr=5.831e-05 time=0.15s
[RQ-VAE] epoch=2829 loss=1.04529262 recon=0.00014189 beh=5.895334 w=0.177 lr=5.797e-05 time=0.148s
[RQ-VAE] epoch=2830 loss=1.04606676 recon=0.00014178 beh=5.895268 w=0.177 lr=5.763e-05 time=0.149s
[RQ-VAE] epoch=2831 loss=1.04564142 recon=0.00014183 beh=5.888452 w=0.177 lr=5.729e-05 time=0.149s
[RQ-VAE] epoch=2832 loss=1.04729712 recon=0.00014176 beh=5.893368 w=0.178 lr=5.695e-05 time=0.149s
[RQ-VAE] epoch=2833 loss=1.04703081 recon=0.00014181 beh=5.887444 w=0.178 lr=5.661e-05 time=0.15s
[RQ-VAE] epoch=2834 loss=1.04800773 recon=0.00014166 beh=5.888516 w=0.178 lr=5.627e-05 time=0.152s
[RQ-VAE] epoch=2835 loss=1.04897141 recon=0.00014183 beh=5.889510 w=0.178 lr=5.593e-05 time=0.15s
[RQ-VAE] epoch=2836 loss=1.05037808 recon=0.00014198 beh=5.892992 w=0.178 lr=5.559e-05 time=0.149s
[RQ-VAE] epoch=2837 loss=1.05078387 recon=0.00014214 beh=5.890862 w=0.178 lr=5.525e-05 time=0.15s
[RQ-VAE] epoch=2838 loss=1.05190456 recon=0.00014224 beh=5.892742 w=0.178 lr=5.492e-05 time=0.151s
[RQ-VAE] epoch=2839 loss=1.05492270 recon=0.00014185 beh=5.905254 w=0.179 lr=5.458e-05 time=0.15s
[RQ-VAE] epoch=2840 loss=1.05322218 recon=0.00014193 beh=5.891334 w=0.179 lr=5.424e-05 time=0.161s
[RQ-VAE] epoch=2841 loss=1.05503345 recon=0.00014179 beh=5.897075 w=0.179 lr=5.390e-05 time=0.16s
[RQ-VAE] epoch=2842 loss=1.05342984 recon=0.00014168 beh=5.883724 w=0.179 lr=5.356e-05 time=0.157s
[RQ-VAE] epoch=2843 loss=1.05553865 recon=0.00014173 beh=5.891120 w=0.179 lr=5.322e-05 time=0.166s
[RQ-VAE] epoch=2844 loss=1.05590987 recon=0.00014195 beh=5.888805 w=0.179 lr=5.288e-05 time=0.17s
[RQ-VAE] epoch=2845 loss=1.05744815 recon=0.00014188 beh=5.893003 w=0.179 lr=5.254e-05 time=0.163s
[RQ-VAE] epoch=2846 loss=1.05818474 recon=0.00014179 beh=5.892726 w=0.179 lr=5.220e-05 time=0.154s
[RQ-VAE] epoch=2847 loss=1.05973625 recon=0.00014206 beh=5.896997 w=0.180 lr=5.186e-05 time=0.16s
[RQ-VAE] epoch=2848 loss=1.05847740 recon=0.00014210 beh=5.885624 w=0.180 lr=5.153e-05 time=0.161s
[RQ-VAE] epoch=2849 loss=1.06171501 recon=0.00014192 beh=5.899266 w=0.180 lr=5.119e-05 time=0.16s
[RQ-VAE] epoch=2850 loss=1.06180716 recon=0.00014180 lr=5.085e-05 raw_unique=23618/24587 collision=0.039411 time=0.164s
[RQ-VAE] epoch=2851 loss=1.06243706 recon=0.00014177 beh=5.894539 w=0.180 lr=5.051e-05 time=0.159s
[RQ-VAE] epoch=2852 loss=1.06253135 recon=0.00014171 beh=5.890702 w=0.180 lr=5.017e-05 time=0.154s
[RQ-VAE] epoch=2853 loss=1.06434011 recon=0.00014200 beh=5.896377 w=0.180 lr=4.983e-05 time=0.156s
[RQ-VAE] epoch=2854 loss=1.06381059 recon=0.00014195 beh=5.889091 w=0.181 lr=4.949e-05 time=0.153s
[RQ-VAE] epoch=2855 loss=1.06577778 recon=0.00014186 beh=5.895630 w=0.181 lr=4.915e-05 time=0.16s
[RQ-VAE] epoch=2856 loss=1.06593573 recon=0.00014156 beh=5.892144 w=0.181 lr=4.881e-05 time=0.158s
[RQ-VAE] epoch=2857 loss=1.06647778 recon=0.00014181 beh=5.890797 w=0.181 lr=4.847e-05 time=0.156s
[RQ-VAE] epoch=2858 loss=1.06833017 recon=0.00014167 beh=5.896691 w=0.181 lr=4.814e-05 time=0.156s
[RQ-VAE] epoch=2859 loss=1.06889725 recon=0.00014185 beh=5.895482 w=0.181 lr=4.780e-05 time=0.158s
[RQ-VAE] epoch=2860 loss=1.06998658 recon=0.00014163 beh=5.897162 w=0.181 lr=4.746e-05 time=0.156s
[RQ-VAE] epoch=2861 loss=1.06979275 recon=0.00014181 beh=5.891763 w=0.181 lr=4.712e-05 time=0.357s
[RQ-VAE] epoch=2862 loss=1.06948066 recon=0.00014174 beh=5.885713 w=0.182 lr=4.678e-05 time=0.155s
[RQ-VAE] epoch=2863 loss=1.07009530 recon=0.00014168 beh=5.884777 w=0.182 lr=4.644e-05 time=0.155s
[RQ-VAE] epoch=2864 loss=1.07268178 recon=0.00014182 beh=5.894674 w=0.182 lr=4.610e-05 time=0.154s
[RQ-VAE] epoch=2865 loss=1.07344317 recon=0.00014184 beh=5.894526 w=0.182 lr=4.576e-05 time=0.167s
[RQ-VAE] epoch=2866 loss=1.07390225 recon=0.00014193 beh=5.892738 w=0.182 lr=4.542e-05 time=0.155s
[RQ-VAE] epoch=2867 loss=1.07473028 recon=0.00014219 beh=5.892979 w=0.182 lr=4.508e-05 time=0.158s
[RQ-VAE] epoch=2868 loss=1.07568383 recon=0.00014182 beh=5.893907 w=0.182 lr=4.475e-05 time=0.155s
[RQ-VAE] epoch=2869 loss=1.07662249 recon=0.00014194 beh=5.894749 w=0.183 lr=4.441e-05 time=0.157s
[RQ-VAE] epoch=2870 loss=1.07579768 recon=0.00014184 beh=5.885938 w=0.183 lr=4.407e-05 time=0.159s
[RQ-VAE] epoch=2871 loss=1.07891977 recon=0.00014163 beh=5.898723 w=0.183 lr=4.373e-05 time=0.156s
[RQ-VAE] epoch=2872 loss=1.07594395 recon=0.00014166 beh=5.878144 w=0.183 lr=4.339e-05 time=0.16s
[RQ-VAE] epoch=2873 loss=1.07980537 recon=0.00014160 beh=5.894948 w=0.183 lr=4.305e-05 time=0.154s
[RQ-VAE] epoch=2874 loss=1.08171225 recon=0.00014167 beh=5.901064 w=0.183 lr=4.271e-05 time=0.157s
[RQ-VAE] epoch=2875 loss=1.08092582 recon=0.00014200 beh=5.892471 w=0.183 lr=4.237e-05 time=0.154s
[RQ-VAE] epoch=2876 loss=1.08161426 recon=0.00014178 beh=5.891945 w=0.183 lr=4.203e-05 time=0.154s
[RQ-VAE] epoch=2877 loss=1.08218360 recon=0.00014174 beh=5.890765 w=0.184 lr=4.169e-05 time=0.153s
[RQ-VAE] epoch=2878 loss=1.08367145 recon=0.00014155 beh=5.894592 w=0.184 lr=4.136e-05 time=0.156s
[RQ-VAE] epoch=2879 loss=1.08392203 recon=0.00014192 beh=5.891682 w=0.184 lr=4.102e-05 time=0.154s
[RQ-VAE] epoch=2880 loss=1.08669066 recon=0.00014164 beh=5.902466 w=0.184 lr=4.068e-05 time=0.155s
[RQ-VAE] epoch=2881 loss=1.08673012 recon=0.00014176 beh=5.898403 w=0.184 lr=4.034e-05 time=0.153s
[RQ-VAE] epoch=2882 loss=1.08731890 recon=0.00014193 beh=5.897335 w=0.184 lr=4.000e-05 time=0.153s
[RQ-VAE] epoch=2883 loss=1.08930051 recon=0.00014193 beh=5.903817 w=0.184 lr=3.966e-05 time=0.155s
[RQ-VAE] epoch=2884 loss=1.08839977 recon=0.00014190 beh=5.894671 w=0.185 lr=3.932e-05 time=0.153s
[RQ-VAE] epoch=2885 loss=1.08975124 recon=0.00014187 beh=5.897739 w=0.185 lr=3.898e-05 time=0.153s
[RQ-VAE] epoch=2886 loss=1.08937776 recon=0.00014144 beh=5.891469 w=0.185 lr=3.864e-05 time=0.153s
[RQ-VAE] epoch=2887 loss=1.08871245 recon=0.00014178 beh=5.883622 w=0.185 lr=3.831e-05 time=0.154s
[RQ-VAE] epoch=2888 loss=1.09146452 recon=0.00014134 beh=5.894254 w=0.185 lr=3.797e-05 time=0.155s
[RQ-VAE] epoch=2889 loss=1.09297299 recon=0.00014149 beh=5.898149 w=0.185 lr=3.763e-05 time=0.153s
[RQ-VAE] epoch=2890 loss=1.09313214 recon=0.00014168 beh=5.894767 w=0.185 lr=3.729e-05 time=0.356s
[RQ-VAE] epoch=2891 loss=1.09396505 recon=0.00014147 beh=5.895026 w=0.185 lr=3.695e-05 time=0.153s
[RQ-VAE] epoch=2892 loss=1.09339869 recon=0.00014147 beh=5.887740 w=0.186 lr=3.661e-05 time=0.155s
[RQ-VAE] epoch=2893 loss=1.09419394 recon=0.00014173 beh=5.887792 w=0.186 lr=3.627e-05 time=0.154s
[RQ-VAE] epoch=2894 loss=1.09554815 recon=0.00014154 beh=5.890857 w=0.186 lr=3.593e-05 time=0.153s
[RQ-VAE] epoch=2895 loss=1.09607542 recon=0.00014183 beh=5.889465 w=0.186 lr=3.559e-05 time=0.158s
[RQ-VAE] epoch=2896 loss=1.09607553 recon=0.00014191 beh=5.885242 w=0.186 lr=3.525e-05 time=0.154s
[RQ-VAE] epoch=2897 loss=1.09804451 recon=0.00014179 beh=5.891598 w=0.186 lr=3.492e-05 time=0.152s
[RQ-VAE] epoch=2898 loss=1.09883785 recon=0.00014176 beh=5.891635 w=0.186 lr=3.458e-05 time=0.155s
[RQ-VAE] epoch=2899 loss=1.10085535 recon=0.00014187 beh=5.898240 w=0.187 lr=3.424e-05 time=0.152s
[RQ-VAE] epoch=2900 loss=1.10078430 recon=0.00014167 lr=3.390e-05 raw_unique=23667/24587 collision=0.037418 time=0.154s
[RQ-VAE] epoch=2901 loss=1.10243070 recon=0.00014153 beh=5.898262 w=0.187 lr=3.356e-05 time=0.155s
[RQ-VAE] epoch=2902 loss=1.10115826 recon=0.00014190 beh=5.887239 w=0.187 lr=3.322e-05 time=0.153s
[RQ-VAE] epoch=2903 loss=1.10299277 recon=0.00014180 beh=5.892844 w=0.187 lr=3.288e-05 time=0.152s
[RQ-VAE] epoch=2904 loss=1.10286593 recon=0.00014169 beh=5.887974 w=0.187 lr=3.254e-05 time=0.155s
[RQ-VAE] epoch=2905 loss=1.10361183 recon=0.00014169 beh=5.887765 w=0.187 lr=3.220e-05 time=0.153s
[RQ-VAE] epoch=2906 loss=1.10501552 recon=0.00014177 beh=5.891060 w=0.187 lr=3.186e-05 time=0.152s
[RQ-VAE] epoch=2907 loss=1.10581613 recon=0.00014177 beh=5.891144 w=0.188 lr=3.153e-05 time=0.153s
[RQ-VAE] epoch=2908 loss=1.10560358 recon=0.00014136 beh=5.885833 w=0.188 lr=3.119e-05 time=0.152s
[RQ-VAE] epoch=2909 loss=1.10691655 recon=0.00014163 beh=5.888645 w=0.188 lr=3.085e-05 time=0.153s
[RQ-VAE] epoch=2910 loss=1.10896611 recon=0.00014144 beh=5.895372 w=0.188 lr=3.051e-05 time=0.29s
[RQ-VAE] epoch=2911 loss=1.10814142 recon=0.00014154 beh=5.886815 w=0.188 lr=3.017e-05 time=0.152s
[RQ-VAE] epoch=2912 loss=1.11065805 recon=0.00014141 beh=5.896016 w=0.188 lr=2.983e-05 time=0.153s
[RQ-VAE] epoch=2913 loss=1.11074674 recon=0.00014172 beh=5.892312 w=0.188 lr=2.949e-05 time=0.153s
[RQ-VAE] epoch=2914 loss=1.11176968 recon=0.00014181 beh=5.893568 w=0.189 lr=2.915e-05 time=0.153s
[RQ-VAE] epoch=2915 loss=1.11079466 recon=0.00014167 beh=5.884232 w=0.189 lr=2.881e-05 time=0.154s
[RQ-VAE] epoch=2916 loss=1.11152720 recon=0.00014182 beh=5.883953 w=0.189 lr=2.847e-05 time=0.153s
[RQ-VAE] epoch=2917 loss=1.11358571 recon=0.00014196 beh=5.890697 w=0.189 lr=2.814e-05 time=0.154s
[RQ-VAE] epoch=2918 loss=1.11264014 recon=0.00014164 beh=5.881542 w=0.189 lr=2.780e-05 time=0.153s
[RQ-VAE] epoch=2919 loss=1.11578822 recon=0.00014183 beh=5.894036 w=0.189 lr=2.746e-05 time=0.153s
[RQ-VAE] epoch=2920 loss=1.11644280 recon=0.00014189 beh=5.893346 w=0.189 lr=2.712e-05 time=0.154s
[RQ-VAE] epoch=2921 loss=1.11721992 recon=0.00014183 beh=5.893302 w=0.189 lr=2.678e-05 time=0.153s
[RQ-VAE] epoch=2922 loss=1.11752224 recon=0.00014170 beh=5.890754 w=0.190 lr=2.644e-05 time=0.153s
[RQ-VAE] epoch=2923 loss=1.11738050 recon=0.00014179 beh=5.885866 w=0.190 lr=2.610e-05 time=0.153s
[RQ-VAE] epoch=2924 loss=1.11827207 recon=0.00014181 beh=5.886429 w=0.190 lr=2.576e-05 time=0.154s
[RQ-VAE] epoch=2925 loss=1.12004209 recon=0.00014181 beh=5.891611 w=0.190 lr=2.542e-05 time=0.291s
[RQ-VAE] epoch=2926 loss=1.11825144 recon=0.00014204 beh=5.878054 w=0.190 lr=2.508e-05 time=0.153s
[RQ-VAE] epoch=2927 loss=1.12341487 recon=0.00014196 beh=5.901068 w=0.190 lr=2.475e-05 time=0.153s
[RQ-VAE] epoch=2928 loss=1.12195230 recon=0.00014166 beh=5.889261 w=0.190 lr=2.441e-05 time=0.153s
[RQ-VAE] epoch=2929 loss=1.12187648 recon=0.00014158 beh=5.884742 w=0.191 lr=2.407e-05 time=0.153s
[RQ-VAE] epoch=2930 loss=1.12500715 recon=0.00014185 beh=5.897046 w=0.191 lr=2.373e-05 time=0.153s
[RQ-VAE] epoch=2931 loss=1.12475276 recon=0.00014179 beh=5.891598 w=0.191 lr=2.339e-05 time=0.152s
[RQ-VAE] epoch=2932 loss=1.12524474 recon=0.00014165 beh=5.890064 w=0.191 lr=2.305e-05 time=0.155s
[RQ-VAE] epoch=2933 loss=1.12745833 recon=0.00014176 beh=5.897539 w=0.191 lr=2.271e-05 time=0.153s
[RQ-VAE] epoch=2934 loss=1.12719893 recon=0.00014167 beh=5.892068 w=0.191 lr=2.237e-05 time=0.153s
[RQ-VAE] epoch=2935 loss=1.12803209 recon=0.00014190 beh=5.892315 w=0.191 lr=2.203e-05 time=0.153s
[RQ-VAE] epoch=2936 loss=1.12997246 recon=0.00014143 beh=5.898349 w=0.191 lr=2.169e-05 time=0.152s
[RQ-VAE] epoch=2937 loss=1.13089931 recon=0.00014161 beh=5.899082 w=0.192 lr=2.136e-05 time=0.153s
[RQ-VAE] epoch=2938 loss=1.13013470 recon=0.00014187 beh=5.890993 w=0.192 lr=2.102e-05 time=0.152s
[RQ-VAE] epoch=2939 loss=1.13223147 recon=0.00014195 beh=5.897827 w=0.192 lr=2.068e-05 time=0.152s
[RQ-VAE] epoch=2940 loss=1.13204551 recon=0.00014189 beh=5.892765 w=0.192 lr=2.034e-05 time=0.152s
[RQ-VAE] epoch=2941 loss=1.13424468 recon=0.00014174 beh=5.900125 w=0.192 lr=2.000e-05 time=0.153s
[RQ-VAE] epoch=2942 loss=1.13199043 recon=0.00014161 beh=5.884310 w=0.192 lr=1.966e-05 time=0.153s
[RQ-VAE] epoch=2943 loss=1.13674331 recon=0.00014158 beh=5.904933 w=0.192 lr=1.932e-05 time=0.152s
[RQ-VAE] epoch=2944 loss=1.13685739 recon=0.00014172 beh=5.901431 w=0.193 lr=1.898e-05 time=0.155s
[RQ-VAE] epoch=2945 loss=1.13680243 recon=0.00014166 beh=5.897068 w=0.193 lr=1.864e-05 time=0.153s
[RQ-VAE] epoch=2946 loss=1.13652897 recon=0.00014165 beh=5.891573 w=0.193 lr=1.831e-05 time=0.153s
[RQ-VAE] epoch=2947 loss=1.13575399 recon=0.00014158 beh=5.883485 w=0.193 lr=1.797e-05 time=0.154s
[RQ-VAE] epoch=2948 loss=1.13930190 recon=0.00014170 beh=5.897791 w=0.193 lr=1.763e-05 time=0.153s
[RQ-VAE] epoch=2949 loss=1.13931823 recon=0.00014157 beh=5.893802 w=0.193 lr=1.729e-05 time=0.153s
[RQ-VAE] epoch=2950 loss=1.13948083 recon=0.00014138 lr=1.695e-05 raw_unique=23644/24587 collision=0.038354 time=0.154s
[RQ-VAE] epoch=2951 loss=1.13710451 recon=0.00014141 beh=5.874244 w=0.193 lr=1.661e-05 time=0.155s
[RQ-VAE] epoch=2952 loss=1.14107299 recon=0.00014155 beh=5.890694 w=0.194 lr=1.627e-05 time=0.153s
[RQ-VAE] epoch=2953 loss=1.14125323 recon=0.00014140 beh=5.887566 w=0.194 lr=1.593e-05 time=0.153s
[RQ-VAE] epoch=2954 loss=1.14145637 recon=0.00014133 beh=5.884562 w=0.194 lr=1.559e-05 time=0.153s
[RQ-VAE] epoch=2955 loss=1.14291501 recon=0.00014138 beh=5.888039 w=0.194 lr=1.525e-05 time=0.152s
[RQ-VAE] epoch=2956 loss=1.14411330 recon=0.00014121 beh=5.890168 w=0.194 lr=1.492e-05 time=0.152s
[RQ-VAE] epoch=2957 loss=1.14632511 recon=0.00014124 beh=5.897513 w=0.194 lr=1.458e-05 time=0.153s
[RQ-VAE] epoch=2958 loss=1.14472270 recon=0.00014138 beh=5.885227 w=0.194 lr=1.424e-05 time=0.153s
[RQ-VAE] epoch=2959 loss=1.14841104 recon=0.00014119 beh=5.900156 w=0.195 lr=1.390e-05 time=0.155s
[RQ-VAE] epoch=2960 loss=1.14669359 recon=0.00014123 beh=5.887294 w=0.195 lr=1.356e-05 time=0.153s
[RQ-VAE] epoch=2961 loss=1.14799321 recon=0.00014119 beh=5.889936 w=0.195 lr=1.322e-05 time=0.153s
[RQ-VAE] epoch=2962 loss=1.14783800 recon=0.00014136 beh=5.885109 w=0.195 lr=1.288e-05 time=0.152s
[RQ-VAE] epoch=2963 loss=1.15028226 recon=0.00014130 beh=5.893613 w=0.195 lr=1.254e-05 time=0.153s
[RQ-VAE] epoch=2964 loss=1.15074325 recon=0.00014148 beh=5.891946 w=0.195 lr=1.220e-05 time=0.153s
[RQ-VAE] epoch=2965 loss=1.15020180 recon=0.00014150 beh=5.885151 w=0.195 lr=1.186e-05 time=0.152s
[RQ-VAE] epoch=2966 loss=1.15297985 recon=0.00014137 beh=5.895352 w=0.195 lr=1.153e-05 time=0.152s
[RQ-VAE] epoch=2967 loss=1.15356481 recon=0.00014136 beh=5.894324 w=0.196 lr=1.119e-05 time=0.152s
[RQ-VAE] epoch=2968 loss=1.15502381 recon=0.00014141 beh=5.897762 w=0.196 lr=1.085e-05 time=0.153s
[RQ-VAE] epoch=2969 loss=1.15258169 recon=0.00014115 beh=5.881280 w=0.196 lr=1.051e-05 time=0.152s
[RQ-VAE] epoch=2970 loss=1.15533972 recon=0.00014112 beh=5.891349 w=0.196 lr=1.017e-05 time=0.155s
[RQ-VAE] epoch=2971 loss=1.15648317 recon=0.00014125 beh=5.893175 w=0.196 lr=9.831e-06 time=0.152s
[RQ-VAE] epoch=2972 loss=1.15841198 recon=0.00014131 beh=5.899000 w=0.196 lr=9.492e-06 time=0.152s
[RQ-VAE] epoch=2973 loss=1.15880907 recon=0.00014130 beh=5.897019 w=0.196 lr=9.153e-06 time=0.154s
[RQ-VAE] epoch=2974 loss=1.15736353 recon=0.00014130 beh=5.885663 w=0.197 lr=8.814e-06 time=0.153s
[RQ-VAE] epoch=2975 loss=1.15990686 recon=0.00014125 beh=5.894604 w=0.197 lr=8.475e-06 time=0.153s
[RQ-VAE] epoch=2976 loss=1.16019130 recon=0.00014104 beh=5.892056 w=0.197 lr=8.136e-06 time=0.152s
[RQ-VAE] epoch=2977 loss=1.16227126 recon=0.00014136 beh=5.898627 w=0.197 lr=7.797e-06 time=0.153s
[RQ-VAE] epoch=2978 loss=1.16224122 recon=0.00014132 beh=5.894485 w=0.197 lr=7.458e-06 time=0.153s
[RQ-VAE] epoch=2979 loss=1.16100454 recon=0.00014112 beh=5.884231 w=0.197 lr=7.119e-06 time=0.153s
[RQ-VAE] epoch=2980 loss=1.16456914 recon=0.00014111 beh=5.898319 w=0.197 lr=6.780e-06 time=0.153s
[RQ-VAE] epoch=2981 loss=1.16324437 recon=0.00014132 beh=5.887628 w=0.197 lr=6.441e-06 time=0.152s
[RQ-VAE] epoch=2982 loss=1.16408753 recon=0.00014128 beh=5.887922 w=0.198 lr=6.102e-06 time=0.275s
[RQ-VAE] epoch=2983 loss=1.16650963 recon=0.00014110 beh=5.896203 w=0.198 lr=5.763e-06 time=0.154s
[RQ-VAE] epoch=2984 loss=1.16470718 recon=0.00014115 beh=5.883119 w=0.198 lr=5.424e-06 time=0.153s
[RQ-VAE] epoch=2985 loss=1.16661656 recon=0.00014132 beh=5.888799 w=0.198 lr=5.085e-06 time=0.153s
[RQ-VAE] epoch=2986 loss=1.17091489 recon=0.00014113 beh=5.906530 w=0.198 lr=4.746e-06 time=0.153s
[RQ-VAE] epoch=2987 loss=1.16811132 recon=0.00014122 beh=5.888416 w=0.198 lr=4.407e-06 time=0.153s
[RQ-VAE] epoch=2988 loss=1.16937160 recon=0.00014124 beh=5.890812 w=0.198 lr=4.068e-06 time=0.153s
[RQ-VAE] epoch=2989 loss=1.17091608 recon=0.00014136 beh=5.894636 w=0.199 lr=3.729e-06 time=0.153s
[RQ-VAE] epoch=2990 loss=1.17028081 recon=0.00014129 beh=5.887484 w=0.199 lr=3.390e-06 time=0.156s
[RQ-VAE] epoch=2991 loss=1.17360806 recon=0.00014120 beh=5.900272 w=0.199 lr=3.051e-06 time=0.153s
[RQ-VAE] epoch=2992 loss=1.17396593 recon=0.00014127 beh=5.898117 w=0.199 lr=2.712e-06 time=0.153s
[RQ-VAE] epoch=2993 loss=1.17378366 recon=0.00014126 beh=5.893251 w=0.199 lr=2.373e-06 time=0.153s
[RQ-VAE] epoch=2994 loss=1.17468572 recon=0.00014117 beh=5.893835 w=0.199 lr=2.034e-06 time=0.153s
[RQ-VAE] epoch=2995 loss=1.17551255 recon=0.00014150 beh=5.894039 w=0.199 lr=1.695e-06 time=0.153s
[RQ-VAE] epoch=2996 loss=1.17487442 recon=0.00014139 beh=5.886901 w=0.199 lr=1.356e-06 time=0.152s
[RQ-VAE] epoch=2997 loss=1.17801178 recon=0.00014139 beh=5.898686 w=0.200 lr=1.017e-06 time=0.153s
[RQ-VAE] epoch=2998 loss=1.17946386 recon=0.00014116 beh=5.902020 w=0.200 lr=6.780e-07 time=0.154s
[RQ-VAE] epoch=2999 loss=1.17932630 recon=0.00014127 beh=5.897394 w=0.200 lr=3.390e-07 time=0.153s
[RQ-VAE] epoch=3000 loss=1.17779183 recon=0.00014127 lr=0.000e+00 raw_unique=23625/24587 collision=0.039126 time=0.153s
[RecBole RQ-VAE] exported raw_shape=(24587, 3) sid_shape=(24587, 4) unique=24587 -> /home/wlia0047/ar57/wenyu/GeneRec/results/stage2_RQ-VAE/TIGER_BEHAVIOR_SAMPLE_RQ-VAE/resample_s43/sids_for_hgrec.npy
