step,theta_min,theta_max,theta_mean,c_min,c_max,c_mean,c_std,mu_d,boundary_hits,theta_grad_norm,theta_grad_finite,anchor_loss
0,0.05623487010598183,0.05623487010598183,0.05623487010598183,1.0140550136566162,1.0140550136566162,1.0140550136566162,0.0,0.05765988677740097,0,4.6484131226735414e-08,True,0.0
5,0.0561712309718132,0.056253183633089066,0.0561971440911293,1.0140390396118164,1.0140595436096191,1.0140455961227417,3.5592238418757915e-06,0.06918984651565552,0,4.6762871011368987e-07,True,9.855750937592944e-11
10,0.05600934848189354,0.05629093945026398,0.05620604753494263,1.0139987468719482,1.0140690803527832,1.0140478610992432,1.641054404899478e-05,0.09711902588605881,0,8.509899674730267e-07,True,3.080977972746979e-10
15,0.055006951093673706,0.05629346892237663,0.05611804872751236,1.013748288154602,1.0140695571899414,1.0140258073806763,7.651527266716585e-05,0.171832874417305,0,1.6024360925570065e-05,True,6.4363243623688504e-09
20,0.05340725928544998,0.05657099559903145,0.05597365275025368,1.0133485794067383,1.01413893699646,1.0139896869659424,0.0001856071612564847,0.27402809262275696,0,0.00011648905167085943,True,3.7145230891155734e-08
25,0.05109569802880287,0.05627528578042984,0.0557088777422905,1.0127711296081543,1.0140650272369385,1.0139236450195312,0.00034094686270691454,0.3111672103404999,0,0.00017407966323866126,True,1.2821404027363315e-07
30,0.048145394772291183,0.05725202336907387,0.05545193701982498,1.0120340585708618,1.0143091678619385,1.0138593912124634,0.0005403835093602538,0.18839214742183685,0,2.2525737288279337e-05,True,3.172675633322797e-07
35,0.046017058193683624,0.05700695142149925,0.05524788051843643,1.0115022659301758,1.0142478942871094,1.0138084888458252,0.000652708753477782,0.111971914768219,0,4.048404590063161e-05,True,4.6792612806711986e-07
40,0.044955138117074966,0.05666181072592735,0.05533120036125183,1.0112369060516357,1.0141615867614746,1.013829231262207,0.0006433662492781878,0.09345537424087524,0,4.0522822322875276e-05,True,4.4681110011879355e-07
45,0.04487618803977966,0.05647766590118408,0.05551838129758835,1.0112171173095703,1.014115571975708,1.013875961303711,0.000585720525123179,0.08273762464523315,0,3.685832213171041e-05,True,3.603726099754567e-07
50,0.045603346079587936,0.05849447846412659,0.05576319620013237,1.0113987922668457,1.0146194696426392,1.0139371156692505,0.0005086002056486905,0.08274459838867188,0,3.1531581524828766e-05,True,2.6166966904384026e-07
55,0.04686034098267555,0.058349449187517166,0.05592615529894829,1.0117130279541016,1.0145832300186157,1.0139778852462769,0.0004150395398028195,0.07550933212041855,0,2.556334077622612e-05,True,1.709729389176573e-07
60,0.04854404181241989,0.05777094140648842,0.05603346973657608,1.0121335983276367,1.0144386291503906,1.0140047073364258,0.0003056847199331969,0.0735626295208931,0,1.8769551553984606e-05,True,9.205746920315505e-08
65,0.050368838012218475,0.05823754146695137,0.056091416627168655,1.0125895738601685,1.0145552158355713,1.014019250869751,0.00021771634055767208,0.08061601221561432,0,1.3314848433975397e-05,True,4.666943098641241e-08
70,0.05220336094498634,0.05769764259457588,0.056155815720558167,1.0130479335784912,1.0144203901290894,1.0140352249145508,0.00015585587243549526,0.09694437682628632,0,9.398594214252109e-06,True,2.3649231906119894e-08
75,0.05388263612985611,0.05787156894803047,0.05620192736387253,1.0134673118591309,1.0144639015197754,1.0140466690063477,0.00011097334936494008,0.1093849390745163,0,6.564269779053289e-06,True,1.185807363413005e-08
80,0.05525863543152809,0.05780360475182533,0.05625179409980774,1.0138111114501953,1.0144469738006592,1.01405930519104,8.779777272138745e-05,0.1148390918970108,0,5.247635768975699e-06,True,7.395645429397746e-09
85,0.05539696663618088,0.05755242332816124,0.056243766099214554,1.013845682144165,1.0143840312957764,1.0140571594238281,7.582885154988617e-05,0.11824209988117218,0,4.325460920144394e-06,True,5.50936052334805e-09
90,0.05528772249817848,0.05747868865728378,0.05621449649333954,1.013818383216858,1.0143656730651855,1.0140498876571655,7.023186481092125e-05,0.12496732175350189,0,3.725598080646319e-06,True,4.747491288981109e-09
95,0.05562862381339073,0.05722232535481453,0.05620114505290985,1.0139036178588867,1.0143016576766968,1.014046549797058,5.868341031600721e-05,0.1285688877105713,0,3.1793802719191816e-06,True,3.3649252273448838e-09
100,0.05553220584988594,0.057214245200157166,0.05619668588042259,1.0138795375823975,1.0142996311187744,1.0140454769134521,5.464927380671725e-05,0.13788668811321259,0,3.165024119281789e-06,True,2.9477469354333152e-09
105,0.055709220468997955,0.05700557306408882,0.05616369470953941,1.0139236450195312,1.0142475366592407,1.0140373706817627,4.9499853048473597e-05,0.14735329151153564,0,2.832773448860883e-06,True,2.651717956325683e-09
110,0.05552837997674942,0.05670257657766342,0.05614457651972771,1.013878583908081,1.014171838760376,1.0140323638916016,5.1958188123535365e-05,0.15668892860412598,0,3.266545874599748e-06,True,3.0789379934503813e-09
115,0.0551806315779686,0.05649380758404732,0.05612201616168022,1.0137916803359985,1.0141196250915527,1.0140267610549927,7.000158802838996e-05,0.1684151291847229,0,3.272034888536971e-06,True,5.465926378178665e-09
120,0.05530643090605736,0.056506697088479996,0.056066855788230896,1.0138230323791504,1.0141229629516602,1.0140130519866943,6.947357906028628e-05,0.1779962182044983,0,3.4974785393783986e-06,True,6.332605995140739e-09
125,0.054672952741384506,0.056565023958683014,0.056007105857133865,1.0136648416519165,1.0141375064849854,1.0139981508255005,9.233246964868158e-05,0.18305599689483643,0,3.5885791994632502e-06,True,1.131452265212829e-08
130,0.05402529239654541,0.05648677423596382,0.05600936710834503,1.013503074645996,1.014117956161499,1.0139987468719482,0.00010636651131790131,0.19167502224445343,0,5.071834503284887e-06,True,1.3921853891929459e-08
135,0.054215870797634125,0.05641322210431099,0.055979080498218536,1.0135507583618164,1.0140995979309082,1.013991117477417,0.00010733648377936333,0.20071418583393097,0,3.8052835785274632e-06,True,1.5005003461965316e-08
140,0.05444665253162384,0.05662490054965019,0.05598321929574013,1.0136083364486694,1.0141525268554688,1.0139920711517334,9.457628766540438e-05,0.21112215518951416,0,5.798515915642901e-06,True,1.2406567329037443e-08
145,0.053679950535297394,0.05644344538450241,0.05591970682144165,1.0134167671203613,1.01410710811615,1.0139763355255127,0.00012655544560402632,0.21474236249923706,0,4.850618981321907e-06,True,2.1364286340030958e-08
150,0.05399683490395546,0.05656769871711731,0.05586221069097519,1.013495922088623,1.0141382217407227,1.0139620304107666,0.00013691509957425296,0.2248625010251999,0,4.992983849061646e-06,True,2.637801088667402e-08
155,0.0543365404009819,0.056603364646434784,0.055819325149059296,1.0135807991027832,1.0141470432281494,1.013951301574707,0.00013870101247448474,0.22601543366909027,0,5.038725271496553e-06,True,2.8906026017239128e-08
160,0.053319286555051804,0.056621383875608444,0.05568252131342888,1.013326644897461,1.0141515731811523,1.0139169692993164,0.00018729919975157827,0.24274680018424988,0,7.005546832631479e-06,True,5.212592313341702e-08
165,0.052374597638845444,0.05671832710504532,0.05559476464986801,1.0130906105041504,1.0141757726669312,1.0138951539993286,0.00022276878007687628,0.25264471769332886,0,8.466939435949306e-06,True,7.240785748763301e-08
170,0.053433775901794434,0.05658160150051117,0.055625781416893005,1.0133552551269531,1.01414155960083,1.0139027833938599,0.00019772832456510514,0.26018524169921875,0,9.94490994667494e-06,True,5.996883345460446e-08
175,0.05166289582848549,0.056583959609270096,0.055413391441106796,1.0129128694534302,1.0141422748565674,1.0138498544692993,0.0002681418845895678,0.2564657926559448,0,9.610933358968182e-06,True,1.09860010866214e-07
180,0.05175909027457237,0.05656246468424797,0.05531608313322067,1.0129368305206299,1.014136791229248,1.013825535774231,0.0002792191517073661,0.27557888627052307,0,8.507622238161631e-06,True,1.259487021343375e-07
185,0.05197545140981674,0.05716727674007416,0.05526728928089142,1.012990951538086,1.0142879486083984,1.0138132572174072,0.0002989299246110022,0.2767210602760315,0,1.2420849561075438e-05,True,1.4244993451484333e-07
190,0.05230190232396126,0.0569443479180336,0.05531301349401474,1.0130724906921387,1.0142322778701782,1.013824701309204,0.0002604159526526928,0.29152077436447144,0,1.1237155732997147e-05,True,1.1656332077336629e-07
195,0.05119844526052475,0.0565149150788784,0.05504912883043289,1.0127968788146973,1.0141249895095825,1.013758897781372,0.00031426906934939325,0.291980504989624,0,1.045694435327154e-05,True,1.7999465740103915e-07
200,0.051241565495729446,0.05681121349334717,0.05479588732123375,1.0128076076507568,1.0141990184783936,1.013695478439331,0.0003582446079235524,0.3027268648147583,0,1.1095519168871237e-05,True,2.487259962435928e-07
205,0.051602162420749664,0.05673157051205635,0.05494647100567818,1.0128977298736572,1.014178991317749,1.013733148574829,0.00031294647487811744,0.30253446102142334,0,1.4954103692798628e-05,True,1.946314540646199e-07
210,0.05087435245513916,0.056620270013809204,0.0547051727771759,1.0127158164978027,1.0141513347625732,1.0136728286743164,0.0003518722951412201,0.3149838447570801,0,1.182245104857227e-05,True,2.6074860670632916e-07
215,0.04881313815712929,0.05688771232962608,0.054672181606292725,1.0122008323669434,1.0142180919647217,1.013664722442627,0.0004019802436232567,0.32251888513565063,0,1.547023882335631e-05,True,3.032034783245763e-07
220,0.05014409124851227,0.05706526339054108,0.054755717515945435,1.01253342628479,1.0142624378204346,1.0136854648590088,0.00037294195499271154,0.32364335656166077,0,1.8312827106692727e-05,True,2.6615774117999536e-07
225,0.049648527055978775,0.056294865906238556,0.0543171688914299,1.0124095678329468,1.0140700340270996,1.0135759115219116,0.00042273601866327226,0.33490926027297974,0,1.7091888463024183e-05,True,3.946613844618696e-07
230,0.05094341188669205,0.05633127689361572,0.05439255014061928,1.0127331018447876,1.0140790939331055,1.0135947465896606,0.00037328392500057817,0.3358536958694458,0,1.661229546842577e-05,True,3.3965079637710005e-07
235,0.049183186143636703,0.05651561915874481,0.05415674299001694,1.0122933387756348,1.014125108718872,1.0135358572006226,0.0004865372902713716,0.339958131313324,0,1.563489239782908e-05,True,4.892556830782269e-07
240,0.05075504258275032,0.056303318589925766,0.054184939712285995,1.012686014175415,1.0140721797943115,1.013542890548706,0.00041245497413910925,0.3537023067474365,0,1.873143106739634e-05,True,4.1827507857306045e-07
245,0.04559312388300896,0.0562419518828392,0.05391789227724075,1.0113962888717651,1.0140568017959595,1.0134761333465576,0.0005471218028105795,0.354927659034729,0,1.6385376056646157e-05,True,6.132522685220465e-07
250,0.04906219244003296,0.056416090577840805,0.05395472049713135,1.0122630596160889,1.0141003131866455,1.0134854316711426,0.00040657943463884294,0.36234793066978455,0,1.9821783840956063e-05,True,4.7424367721760063e-07
255,0.047362081706523895,0.05664106085896492,0.053593721240758896,1.0118383169174194,1.014156460762024,1.0133951902389526,0.0005327118560671806,0.36459362506866455,0,1.8481087958192194e-05,True,6.958950962143717e-07
260,0.04919266328215599,0.0573158822953701,0.053941141813993454,1.0122957229614258,1.0143251419067383,1.0134819746017456,0.000480686838272959,0.37051016092300415,0,2.037252353947645e-05,True,5.410771564129391e-07
265,0.048572711646556854,0.05639379099011421,0.05355508625507355,1.0121407508850098,1.0140947103500366,1.013385534286499,0.0004972087335772812,0.37008237838745117,0,1.807680793518186e-05,True,6.73315980748157e-07
270,0.04818101227283478,0.05639680474996567,0.05326185002923012,1.0120429992675781,1.0140955448150635,1.0133123397827148,0.0005585241597145796,0.37708353996276855,0,2.1283875805839376e-05,True,8.361766390407865e-07
275,0.04683821275830269,0.05644248053431511,0.053303975611925125,1.0117074251174927,1.0141068696975708,1.0133228302001953,0.0005697166780009866,0.3783816695213318,0,1.978891013229316e-05,True,8.33206286188215e-07
280,0.04746885225176811,0.05621808022260666,0.053476013243198395,1.0118649005889893,1.0140507221221924,1.0133657455444336,0.0005432076868601143,0.3813515603542328,0,2.6705193588054816e-05,True,7.45381839806214e-07
285,0.04481744021177292,0.0567854680120945,0.05308527499437332,1.0112025737762451,1.0141925811767578,1.013268232345581,0.0006356408703140914,0.3880588412284851,0,2.7906153986463666e-05,True,9.904031230689725e-07
290,0.04378717765212059,0.05623522773385048,0.052931398153305054,1.0109450817108154,1.0140550136566162,1.0132297277450562,0.0006440325523726642,0.38947761058807373,0,2.3844134202360525e-05,True,1.0611261131998617e-06
295,0.04752456769347191,0.05622883886098862,0.052933476865291595,1.0118789672851562,1.0140535831451416,1.013230323791504,0.0005732044810429215,0.3883441686630249,0,2.1899949576139133e-05,True,9.773660849532462e-07
300,0.04702093079686165,0.056560274213552475,0.052998051047325134,1.0117530822753906,1.0141363143920898,1.0132462978363037,0.0006053572869859636,0.39170390367507935,0,2.3805333828420348e-05,True,9.881304094960797e-07
305,0.04567667469382286,0.056222543120384216,0.052512235939502716,1.0114171504974365,1.014051914215088,1.013124942779541,0.0006643820670433342,0.4016599953174591,0,2.5367818889570678e-05,True,1.2657060324272607e-06
310,0.04768167436122894,0.056237004697322845,0.05269048362970352,1.0119181871414185,1.0140554904937744,1.013169527053833,0.0006622272776439786,0.40132206678390503,0,2.2568620481310952e-05,True,1.184120264952071e-06
315,0.04483800753951073,0.056263647973537445,0.052407752722501755,1.0112075805664062,1.0140621662139893,1.013098955154419,0.0006429062341339886,0.4025016129016876,0,2.1201952833642566e-05,True,1.286735482608492e-06
320,0.044788725674152374,0.05656895786523819,0.0524069219827652,1.0111953020095825,1.0141384601593018,1.0130987167358398,0.00069959438405931,0.40953755378723145,0,2.3090220368280228e-05,True,1.3601917316918843e-06
325,0.04481407254934311,0.056445229798555374,0.052397221326828,1.0112016201019287,1.014107584953308,1.0130963325500488,0.0006778360693715513,0.4149485230445862,0,2.5520257729381185e-05,True,1.3359428976400523e-06
330,0.04355788230895996,0.05621578171849251,0.052067652344703674,1.0108877420425415,1.0140502452850342,1.0130138397216797,0.0007049393025226891,0.41386497020721436,0,2.548849332466719e-05,True,1.5324721971410327e-06
335,0.046326421201229095,0.0562124066054821,0.052448153495788574,1.0115795135498047,1.0140494108200073,1.0131089687347412,0.0006650944706052542,0.41734760999679565,0,2.815191977074208e-05,True,1.2958937531948322e-06
340,0.04440529644489288,0.05688340216875076,0.05149737000465393,1.0110995769500732,1.0142170190811157,1.012871503829956,0.0008449422311969101,0.4166160225868225,0,3.086424804347066e-05,True,2.049809154414106e-06
345,0.04288283362984657,0.05669660121202469,0.052139244973659515,1.0107190608978271,1.0141704082489014,1.0130318403244019,0.000780505477450788,0.4196959137916565,0,2.96532238576893e-05,True,1.6045460142777301e-06
350,0.04355844110250473,0.05673703923821449,0.051668986678123474,1.010887861251831,1.0141804218292236,1.0129144191741943,0.0007757876883260906,0.41436296701431274,0,2.845622463386202e-05,True,1.8449097751727095e-06
355,0.04286843165755272,0.05639258772134781,0.05167195945978165,1.0107154846191406,1.014094352722168,1.0129151344299316,0.0008240056922659278,0.4235953688621521,0,2.9616585743634178e-05,True,1.917558165587252e-06
360,0.04243259131908417,0.05724341422319412,0.05163542926311493,1.0106065273284912,1.0143070220947266,1.0129059553146362,0.0008104115258902311,0.42941001057624817,0,3.121631228298319e-05,True,1.9167027858202346e-06
365,0.04265093430876732,0.056242041289806366,0.05136949568986893,1.0106611251831055,1.0140568017959595,1.012839436531067,0.0008578194538131356,0.431924432516098,0,3.455952516169969e-05,True,2.1457881302922033e-06
370,0.041407451033592224,0.05621451139450073,0.05145835876464844,1.0103504657745361,1.014050006866455,1.012861728668213,0.0008366100955754519,0.43499356508255005,0,3.073955960008695e-05,True,2.0592474356817547e-06
375,0.04446868970990181,0.05621148645877838,0.051380403339862823,1.011115312576294,1.0140491724014282,1.0128421783447266,0.0007492528529837728,0.4329688549041748,0,3.163107824483476e-05,True,1.9715034795808606e-06
380,0.04116367548704147,0.05622435733675957,0.05112879350781441,1.0102894306182861,1.014052391052246,1.0127794742584229,0.0008433712064288557,0.4435543119907379,0,3.797536739498849e-05,True,2.2681913378619356e-06
385,0.0415818952023983,0.05649150535464287,0.05109965056180954,1.0103939771652222,1.0141191482543945,1.0127720832824707,0.0009316235664300621,0.44304317235946655,0,3.754494624563409e-05,True,2.43730846705148e-06
390,0.042647093534469604,0.0562036894261837,0.05105360597372055,1.010660171508789,1.0140471458435059,1.0127606391906738,0.0008080467232502997,0.44151878356933594,0,3.560848388708525e-05,True,2.2590963908442063e-06
395,0.038099613040685654,0.05648664012551308,0.05094437301158905,1.0095237493515015,1.014117956161499,1.0127332210540771,0.0009128894307650626,0.4434734284877777,0,4.117242611993143e-05,True,2.502537199688959e-06
400,0.042068738490343094,0.05617447942495346,0.050831522792577744,1.0105156898498535,1.0140399932861328,1.0127052068710327,0.0008480979595333338,0.45522335171699524,0,4.888427336440868e-05,True,2.465964143993915e-06
405,0.04139849916100502,0.05617111176252365,0.0506461039185524,1.0103480815887451,1.0140390396118164,1.0126588344573975,0.0009435725514777005,0.45385974645614624,0,4.0855923826244434e-05,True,2.7545906959858257e-06
410,0.04188607633113861,0.05619581416249275,0.050589174032211304,1.010469913482666,1.014045238494873,1.0126445293426514,0.0008780680946074426,0.4509918689727783,0,3.84008373598182e-05,True,2.6786747184814885e-06
415,0.040977563709020615,0.056185003370046616,0.05058140307664871,1.0102429389953613,1.014042615890503,1.0126426219940186,0.0009037617710418999,0.45175206661224365,0,3.730852458049777e-05,True,2.728092340475996e-06
420,0.04137789085507393,0.05615003779530525,0.05045151710510254,1.010343074798584,1.0140337944030762,1.0126101970672607,0.0009494000114500523,0.46310511231422424,0,3.506353890978686e-05,True,2.8999047572142445e-06
425,0.04240936413407326,0.05618105083703995,0.050187673419713974,1.0106008052825928,1.0140416622161865,1.0125442743301392,0.0009072670945897698,0.4660114645957947,0,3.97118078206736e-05,True,3.01462250718032e-06
430,0.03914257884025574,0.056190911680459976,0.050120510160923004,1.009784460067749,1.0140440464019775,1.0125274658203125,0.0009817176032811403,0.45888596773147583,0,4.167721096495693e-05,True,3.199812454113271e-06
435,0.04107724875211716,0.056138768792152405,0.05043206736445427,1.0102678537368774,1.0140310525894165,1.0126053094863892,0.0008832519524730742,0.46638137102127075,0,4.044869518649086e-05,True,2.7971559575235005e-06
440,0.04037310183048248,0.056448571383953094,0.04980771243572235,1.0100919008255005,1.014108419418335,1.0124492645263672,0.0009349772008135915,0.46129071712493896,0,3.84706848199277e-05,True,3.3521741897857282e-06
445,0.040034085512161255,0.05613943561911583,0.049876198172569275,1.0100071430206299,1.014031171798706,1.0124664306640625,0.001042292919009924,0.4709222912788391,0,3.610809387071066e-05,True,3.5032694540859666e-06
450,0.03992955759167671,0.056419216096401215,0.04978037253022194,1.0099810361862183,1.0141010284423828,1.0124424695968628,0.000895210774615407,0.4652189016342163,0,3.667293632974839e-05,True,3.3039193567674374e-06
455,0.03704217076301575,0.05615346133708954,0.05003245919942856,1.0092594623565674,1.0140347480773926,1.0125055313110352,0.0010080566862598062,0.4694085121154785,0,4.6961815163539405e-05,True,3.316492438898422e-06
460,0.03691023960709572,0.056160081177949905,0.04937627539038658,1.0092265605926514,1.0140362977981567,1.0123414993286133,0.001089179771952331,0.47338587045669556,0,4.240869027300446e-05,True,4.002129116997821e-06
465,0.040078070014715195,0.05615133419632912,0.049498822540044785,1.0100181102752686,1.0140341520309448,1.0123721361160278,0.0009179795160889626,0.47485917806625366,0,4.14832929190957e-05,True,3.569646423784434e-06
470,0.03989401087164879,0.05646135285496712,0.04993649199604988,1.0099722146987915,1.0141115188598633,1.012481451034546,0.0010350501397624612,0.47840189933776855,0,4.0639640570751893e-05,True,3.442506567807868e-06
475,0.03963707014918327,0.05611709505319595,0.04918334260582924,1.0099079608917236,1.0140256881713867,1.0122933387756348,0.0009072212851606309,0.4753345847129822,0,4.5295231723459695e-05,True,3.815530362771824e-06
480,0.0371444970369339,0.0560646690428257,0.049376558512449265,1.0092849731445312,1.0140125751495361,1.0123416185379028,0.0010813697008416057,0.48060691356658936,0,4.443086794149043e-05,True,3.985847797594033e-06
485,0.03810450807213783,0.05600768327713013,0.04922176152467728,1.009524941444397,1.01399827003479,1.0123028755187988,0.0010339443106204271,0.4835592806339264,0,4.4298323279110765e-05,True,4.019945663458202e-06
490,0.03948258236050606,0.05604521185159683,0.049014613032341,1.0098693370819092,1.014007568359375,1.0122511386871338,0.0009502536267973483,0.48458153009414673,0,4.0074143778401514e-05,True,4.039193754579173e-06
495,0.03962639719247818,0.056075308471918106,0.04947391897439957,1.0099053382873535,1.0140151977539062,1.0123659372329712,0.0009696745546534657,0.48790937662124634,0,3.981118795783813e-05,True,3.6841188375547063e-06
500,0.035825423896312714,0.05596112459897995,0.04902249574661255,1.008955478668213,1.013986587524414,1.0122530460357666,0.0010945096146315336,0.480396568775177,0,3.636335377809513e-05,True,4.316898412071168e-06
505,0.03824136033654213,0.05591600760817528,0.04870279133319855,1.009559154510498,1.0139753818511963,1.0121731758117676,0.001032548607327044,0.49020668864250183,0,4.041182453942862e-05,True,4.476686626730952e-06
510,0.03839121758937836,0.057010769844055176,0.04877025634050369,1.009596586227417,1.0142488479614258,1.0121901035308838,0.0009888609638437629,0.49094659090042114,0,3.729313479953757e-05,True,4.330013325670734e-06
515,0.03743411973118782,0.0564030259847641,0.048780906945466995,1.0093574523925781,1.014096975326538,1.012192726135254,0.001143730478361249,0.4881092309951782,0,3.786028641234883e-05,True,4.638602604245534e-06
520,0.038246575742959976,0.056029707193374634,0.04860493540763855,1.009560465812683,1.0140037536621094,1.0121488571166992,0.0010513393208384514,0.4956364631652832,0,4.659271697221624e-05,True,4.6050649871176574e-06
525,0.03749687597155571,0.055898431688547134,0.04888564720749855,1.0093731880187988,1.013970971107483,1.012218952178955,0.001115104416385293,0.49528783559799194,0,4.973101296224581e-05,True,4.48185619461583e-06
530,0.03603893518447876,0.05570773407816887,0.048480842262506485,1.009008765220642,1.0139234066009521,1.0121177434921265,0.0010527222184464335,0.4989688992500305,0,4.451436009499764e-05,True,4.724384780274704e-06
535,0.03609921410679817,0.055654317140579224,0.048248011618852615,1.0090237855911255,1.0139100551605225,1.0120595693588257,0.0011156771797686815,0.5017982721328735,0,4.5829265309623654e-05,True,5.0791059038601816e-06
540,0.03934500366449356,0.05575919896364212,0.04862755537033081,1.0098350048065186,1.013936161994934,1.012154459953308,0.0010266678873449564,0.49803170561790466,0,3.8597076726628425e-05,True,4.534282197710127e-06
545,0.03677288442850113,0.05585086718201637,0.04852663353085518,1.0091922283172607,1.0139591693878174,1.0121291875839233,0.001038046320900321,0.5025050044059753,0,5.5944660459028646e-05,True,4.651613380701747e-06
550,0.034309256821870804,0.055850572884082794,0.048010941594839096,1.008576512336731,1.0139590501785278,1.012000322341919,0.0011509556788951159,0.5068953037261963,0,4.5592058637796184e-05,True,5.390708793129306e-06
555,0.0374395027756691,0.05569164827466011,0.04835331067442894,1.0093587636947632,1.0139193534851074,1.0120859146118164,0.001062913448549807,0.5022405982017517,0,4.4842664125576976e-05,True,4.866523340751883e-06
560,0.03653949871659279,0.05556892603635788,0.0485038086771965,1.0091338157653809,1.0138885974884033,1.0121235847473145,0.0010823929915204644,0.5096598863601685,0,4.991117584613449e-05,True,4.7635749069740996e-06
565,0.03290199860930443,0.05536444112658501,0.04792199283838272,1.0082247257232666,1.0138375759124756,1.0119781494140625,0.0011150581995025277,0.5065349340438843,0,4.341842206207251e-05,True,5.4019269555283245e-06
570,0.03391123190522194,0.05546708032488823,0.047912098467350006,1.008476972579956,1.013863205909729,1.011975646018982,0.0011624725302681327,0.5048887729644775,0,5.3263851989226356e-05,True,5.515880729944911e-06
575,0.03610414266586304,0.05644385516643524,0.0481417253613472,1.0090250968933105,1.0141072273254395,1.0120331048965454,0.0010407950030639768,0.5000165104866028,0,5.313081307925607e-05,True,5.027246515965089e-06
580,0.03764087334275246,0.055831097066402435,0.04789815843105316,1.0094091892242432,1.0139541625976562,1.011972188949585,0.001095366314984858,0.5169258117675781,0,5.588066467796693e-05,True,5.383431016525719e-06
585,0.036005645990371704,0.055356454104185104,0.04733186960220337,1.0090004205703735,1.0138355493545532,1.0118305683135986,0.0011472335318103433,0.5110326409339905,0,4.860458752983068e-05,True,6.091054729040479e-06
590,0.03275970369577408,0.05541833117604256,0.04776705801486969,1.0081892013549805,1.0138510465621948,1.011939525604248,0.0011610470246523619,0.5071117877960205,0,5.1212133220624857e-05,True,5.661193426931277e-06
595,0.03550390526652336,0.05535827577114105,0.0477658212184906,1.0088751316070557,1.0138360261917114,1.0119391679763794,0.0010399577440693974,0.5153992176055908,0,3.5064418693286776e-05,True,5.404986495705089e-06
600,0.03686823695898056,0.05502893775701523,0.047810811549425125,1.009216070175171,1.0137537717819214,1.0119502544403076,0.001056239358149469,0.5192446708679199,0,5.974740476176369e-05,True,5.3915609896648675e-06
605,0.03527730703353882,0.055177610367536545,0.04701058194041252,1.0088183879852295,1.0137908458709717,1.0117504596710205,0.0011856001801788807,0.5156058073043823,0,5.416450890883425e-05,True,6.531911822094116e-06
610,0.031772714108228683,0.05504753440618515,0.04748743027448654,1.0079424381256104,1.0137584209442139,1.0118695497512817,0.001111840596422553,0.5208418965339661,0,4.974386177261483e-05,True,5.8467294365982525e-06
615,0.032607823610305786,0.05530112609267235,0.047732822597026825,1.0081512928009033,1.0138218402862549,1.0119309425354004,0.0011496373917907476,0.5209393501281738,0,4.521396139377091e-05,True,5.671150120178936e-06
620,0.03681713342666626,0.05473843589425087,0.04723817855119705,1.0092031955718994,1.013681173324585,1.0118073225021362,0.0010981413070112467,0.518875777721405,0,5.615099773663344e-05,True,6.08649452260579e-06
625,0.03361041471362114,0.054807886481285095,0.0473250076174736,1.008401870727539,1.0136985778808594,1.0118290185928345,0.0010854358552023768,0.524315595626831,0,5.393703021823972e-05,True,5.965435775578953e-06
630,0.03359456732869148,0.05584859848022461,0.04707684740424156,1.0083978176116943,1.01395845413208,1.0117669105529785,0.0011612927773967385,0.5282410383224487,0,4.119384098115811e-05,True,6.402969120244961e-06
635,0.03123878315091133,0.0554841086268425,0.04714399576187134,1.007809042930603,1.0138674974441528,1.0117838382720947,0.0012575837317854166,0.5279973149299622,0,5.849576096879372e-05,True,6.5535241446923465e-06
640,0.03456888720393181,0.05456600338220596,0.04726157337427139,1.0086413621902466,1.0136380195617676,1.0118131637573242,0.0011788065312430263,0.5257267951965332,0,4.759623159531786e-05,True,6.238376954570413e-06
645,0.035513099282979965,0.05463011562824249,0.04713626205921173,1.0088772773742676,1.013654112815857,1.0117818117141724,0.0010722926817834377,0.5306102633476257,0,4.868565862817676e-05,True,6.1451296460290905e-06
650,0.037700675427913666,0.05484488978981972,0.0469294935464859,1.0094239711761475,1.0137078762054443,1.0117301940917969,0.0011007471475750208,0.5331152677536011,0,5.2846669257672e-05,True,6.436314379243413e-06
655,0.033860620111227036,0.053986404091119766,0.047039903700351715,1.0084643363952637,1.013493299484253,1.0117578506469727,0.0011447792639955878,0.5247306823730469,0,5.032988526338044e-05,True,6.4078903960762545e-06
660,0.030400259420275688,0.05496910959482193,0.04675741493701935,1.0075994729995728,1.0137388706207275,1.011687159538269,0.0011942292330786586,0.5345330238342285,0,5.238646452902085e-05,True,6.841371032351162e-06
665,0.03544501215219498,0.054460540413856506,0.04682094603776932,1.0088603496551514,1.0136117935180664,1.0117030143737793,0.0011292764684185386,0.5264262557029724,0,5.5335860530721595e-05,True,6.621841293963371e-06
670,0.03356846049427986,0.055185284465551376,0.047137822955846786,1.0083913803100586,1.0137927532196045,1.011782169342041,0.001149579300545156,0.5360755324363708,0,5.663200571812618e-05,True,6.309196578513365e-06
675,0.035628821700811386,0.054404933005571365,0.04649779200553894,1.0089062452316284,1.0135979652404785,1.0116223096847534,0.0011213086545467377,0.5316460728645325,0,4.58148373358588e-05,True,6.9819125201320276e-06
680,0.02803700417280197,0.05505455657839775,0.04663180559873581,1.0070087909698486,1.0137600898742676,1.0116558074951172,0.0012170058907940984,0.5327110886573792,0,5.8286505074354055e-05,True,7.040399395918939e-06
685,0.03224152326583862,0.05423390120267868,0.04662727564573288,1.0080597400665283,1.0135551691055298,1.0116547346115112,0.0011531594209372997,0.5356671810150146,0,5.6889352497197633e-05,True,6.899192158016376e-06
690,0.034953948110342026,0.055108096450567245,0.04647427797317505,1.008737564086914,1.0137735605239868,1.0116163492202759,0.0011825289111584425,0.5290195345878601,0,7.376938064041118e-05,True,7.145999916247092e-06
695,0.03257732838392258,0.054480571299791336,0.04669417068362236,1.008143663406372,1.0136168003082275,1.0116713047027588,0.0010855542495846748,0.5335166454315186,0,4.2050310665473434e-05,True,6.675180429738248e-06
700,0.032511863857507706,0.053925178945064545,0.04638207331299782,1.008127212524414,1.0134780406951904,1.0115933418273926,0.0011633182875812054,0.5385298728942871,0,5.316628588170291e-05,True,7.213101525849197e-06
705,0.027388079091906548,0.055702608078718185,0.046415671706199646,1.0068466663360596,1.0139219760894775,1.0116016864776611,0.0011913232738152146,0.5367240905761719,0,6.392984618277107e-05,True,7.236685632960871e-06
710,0.03221450373530388,0.054048165678977966,0.0464460588991642,1.0080528259277344,1.0135087966918945,1.0116093158721924,0.001114585786126554,0.5282717347145081,0,5.576270493203865e-05,True,7.029229436739115e-06
715,0.03223760053515434,0.0548381544649601,0.046775609254837036,1.008058786392212,1.013706088066101,1.0116918087005615,0.0011731683043763041,0.5316872000694275,0,6.694512353661291e-05,True,6.771876087441342e-06
720,0.03426393121480942,0.05570755526423454,0.04669364169239998,1.0085651874542236,1.0139232873916626,1.0116713047027588,0.0010983500396832824,0.541333794593811,0,5.445794272450667e-05,True,6.702571681671543e-06
725,0.029190052300691605,0.05373707041144371,0.04638556391000748,1.0072970390319824,1.0134310722351074,1.011594295501709,0.0012111181858927011,0.5436248779296875,0,6.286114992392188e-05,True,7.3187002271879464e-06
730,0.029945025220513344,0.056245218962430954,0.046197064220905304,1.0074857473373413,1.0140576362609863,1.0115470886230469,0.0012470735237002373,0.5395498871803284,0,4.645143005016868e-05,True,7.632024789927527e-06
735,0.03313114866614342,0.05305401608347893,0.0459427610039711,1.008281946182251,1.0132603645324707,1.0114835500717163,0.001171680516563356,0.5465903282165527,0,5.896633524146441e-05,True,7.771617674734443e-06
740,0.03309152275323868,0.05488601326942444,0.046371906995773315,1.0082721710205078,1.0137181282043457,1.0115907192230225,0.0012014141539111733,0.5427715182304382,0,5.056415202408917e-05,True,7.311886292882264e-06
745,0.03258218988776207,0.05550762638449669,0.04631222039461136,1.0081448554992676,1.0138733386993408,1.0115759372711182,0.001204193220473826,0.5440545678138733,0,5.1918378257582964e-05,True,7.390684004349168e-06
750,0.03134400397539139,0.05451810359954834,0.04619179293513298,1.0078353881835938,1.0136260986328125,1.0115458965301514,0.0011969483457505703,0.550201952457428,0,5.991578044314657e-05,True,7.520602139265975e-06
755,0.03308255970478058,0.05438975989818573,0.04628027230501175,1.0082697868347168,1.013594150543213,1.0115679502487183,0.00113436218816787,0.551321804523468,0,6.237962638606638e-05,True,7.271538379427511e-06
760,0.02805394120514393,0.05594804510474205,0.04621768742799759,1.0070130825042725,1.0139833688735962,1.0115522146224976,0.0012708507711067796,0.5459362268447876,0,5.88428660812522e-05,True,7.664958502573427e-06
765,0.02905312553048134,0.05363626033067703,0.04587912559509277,1.0072627067565918,1.0134057998657227,1.011467695236206,0.0011337504256516695,0.547348141670227,0,4.595288694450484e-05,True,7.767746865283698e-06
770,0.033252567052841187,0.055523913353681564,0.04593859985470772,1.008312463760376,1.0138773918151855,1.0114824771881104,0.0012477574637159705,0.5465856194496155,0,5.415044611930594e-05,True,7.954047759994864e-06
775,0.033351246267557144,0.05407780036330223,0.04573366791009903,1.0083370208740234,1.0135161876678467,1.0114314556121826,0.0011257590958848596,0.5447814464569092,0,4.9759236380450616e-05,True,7.934568202472292e-06
780,0.028248541057109833,0.05313802883028984,0.0460159033536911,1.0070617198944092,1.0132813453674316,1.0115017890930176,0.0011821531224995852,0.5479644536972046,0,5.495774949217233e-05,True,7.704835297772661e-06
785,0.032827530056238174,0.05566900223493576,0.04626837745308876,1.0082061290740967,1.013913631439209,1.0115649700164795,0.0012132327537983656,0.5501872301101685,0,5.9805275075508555e-05,True,7.464564987458289e-06
790,0.0352344885468483,0.05296120047569275,0.04571504890918732,1.00880765914917,1.0132372379302979,1.0114268064498901,0.0011349754640832543,0.5439504384994507,0,6.836860553124696e-05,True,7.978388566698413e-06
795,0.032120540738105774,0.05592378228902817,0.04587490111589432,1.0080294609069824,1.013977289199829,1.0114667415618896,0.00113356311339885,0.5486937761306763,0,6.446971801403887e-05,True,7.77187233325094e-06
800,0.02964661456644535,0.05378913879394531,0.045956481248140335,1.0074111223220825,1.013443946838379,1.0114870071411133,0.0011886169668287039,0.5560299158096313,0,5.653898510419376e-05,True,7.793420081725344e-06
805,0.03156337887048721,0.05485447496175766,0.0455005019903183,1.007890224456787,1.0137102603912354,1.0113730430603027,0.0013119321083649993,0.5513399839401245,0,6.620122844056383e-05,True,8.67519702296704e-06
810,0.033980146050453186,0.053930431604385376,0.045706432312726974,1.008494257926941,1.0134793519973755,1.0114245414733887,0.0011021778918802738,0.5523017644882202,0,4.863072792367724e-05,True,7.918570190668106e-06
815,0.03393058106303215,0.05250756815075874,0.04583752900362015,1.0084818601608276,1.013123869895935,1.0114573240280151,0.00108660280238837,0.5630239844322205,0,8.363240150402857e-05,True,7.718848792137578e-06
820,0.028604915365576744,0.05442587658762932,0.045374274253845215,1.0071507692337036,1.0136032104492188,1.0113415718078613,0.0012846461031585932,0.5533406734466553,0,5.596570797732129e-05,True,8.773732588451821e-06
825,0.030108019709587097,0.05428881570696831,0.045407772064208984,1.0075263977050781,1.0135688781738281,1.0113499164581299,0.0011890040477737784,0.5548241138458252,0,4.474086316882882e-05,True,8.50012838782277e-06
830,0.03244934603571892,0.05489199236035347,0.045760393142700195,1.0081117153167725,1.0137195587158203,1.011438012123108,0.0011473881313577294,0.5571660399436951,0,5.915482334664798e-05,True,7.947881385916844e-06
835,0.033776603639125824,0.055652916431427,0.04562724381685257,1.0084433555603027,1.0139095783233643,1.0114047527313232,0.0011150382924824953,0.5509172677993774,0,6.001317773724466e-05,True,8.048408744798508e-06
840,0.03241927921772003,0.0538589209318161,0.045445822179317474,1.0081040859222412,1.0134614706039429,1.011359453201294,0.0011120169656351209,0.553663969039917,0,5.486953803963352e-05,True,8.278549103124533e-06
845,0.033304326236248016,0.05412164703011513,0.045308198779821396,1.0083253383636475,1.0135271549224854,1.0113251209259033,0.0011978975962847471,0.5529881119728088,0,6.596391620516201e-05,True,8.652647011331283e-06
850,0.028867244720458984,0.05463777855038643,0.04525506868958473,1.007216215133667,1.0136561393737793,1.0113117694854736,0.0012730195885524154,0.5535600185394287,0,6.0174376537254796e-05,True,8.903004527383018e-06
855,0.03166797757148743,0.05421612411737442,0.045272380113601685,1.0079163312911987,1.0135507583618164,1.011316180229187,0.001084069604985416,0.5550751090049744,0,5.79109914891394e-05,True,8.44950682221679e-06
860,0.03402494266629219,0.054269034415483475,0.04549602419137955,1.0085053443908691,1.013563871383667,1.0113719701766968,0.0011290819384157658,0.5573795437812805,0,6.535013697814446e-05,True,8.249385246017482e-06
865,0.03428094461560249,0.05260331928730011,0.045302364975214005,1.0085694789886475,1.0131478309631348,1.0113236904144287,0.0011441527167335153,0.5631521940231323,0,5.575561698563058e-05,True,8.53862820804352e-06
870,0.03223000466823578,0.05429362133145332,0.045320212841033936,1.008056879043579,1.0135700702667236,1.0113279819488525,0.0011877553770318627,0.5672723054885864,0,6.227494125608049e-05,True,8.613600584794767e-06
875,0.029872620478272438,0.0536075122654438,0.04494207724928856,1.0074676275253296,1.0133986473083496,1.0112335681915283,0.0012000160058960319,0.5646019577980042,0,5.6657533086370175e-05,True,9.154053259408101e-06
880,0.030589446425437927,0.05308694392442703,0.045016005635261536,1.0076467990875244,1.0132687091827393,1.0112520456314087,0.0011160577414557338,0.5728837251663208,0,5.218944775989378e-05,True,8.864527444529813e-06
885,0.032413847744464874,0.05427965149283409,0.045155834406614304,1.0081026554107666,1.0135666131973267,1.011286973953247,0.001191251794807613,0.5596501231193542,0,5.846497635128952e-05,True,8.841598173603415e-06
890,0.0322822742164135,0.05371258035302162,0.04517592117190361,1.0080698728561401,1.0134248733520508,1.0112919807434082,0.0011885626008734107,0.5628342032432556,0,5.321598463474165e-05,True,8.808287930150982e-06
895,0.032770030200481415,0.053206413984298706,0.0453205406665802,1.0081918239593506,1.013298511505127,1.011328101158142,0.0010441936319693923,0.5767488479614258,0,4.781128252855109e-05,True,8.303250069729984e-06
900,0.03215906023979187,0.05375676229596138,0.044944681227207184,1.0080389976501465,1.013435959815979,1.0112342834472656,0.0010857770685106516,0.5660562515258789,0,5.401910729118757e-05,True,8.89804505277425e-06
905,0.03003457374870777,0.054527491331100464,0.045037828385829926,1.0075080394744873,1.0136284828186035,1.0112574100494385,0.0012747853761538863,0.5628955960273743,0,6.28486285971731e-05,True,9.201166903949343e-06
910,0.03013846091926098,0.05269234627485275,0.04494456574320793,1.0075340270996094,1.0131700038909912,1.011234164237976,0.0011845461558550596,0.5619266033172607,0,6.250612238342132e-05,True,9.115054126596078e-06
915,0.03118862397968769,0.05439390242099762,0.044662781059741974,1.0077965259552002,1.0135951042175293,1.0111638307571411,0.0011961670825257897,0.5659674406051636,0,7.483044916188318e-05,True,9.53502421907615e-06
920,0.029925236478447914,0.05448329448699951,0.044926200062036514,1.0074807405471802,1.0136175155639648,1.0112295150756836,0.0012974569108337164,0.5720783472061157,0,5.761436725649739e-05,True,9.411412975168787e-06
925,0.03126772493124008,0.052641939371824265,0.044837482273578644,1.0078163146972656,1.0131573677062988,1.0112074613571167,0.001190858194604516,0.5680043697357178,0,7.14381909962708e-05,True,9.277382559957914e-06
930,0.03026278130710125,0.05496736615896225,0.04484957829117775,1.0075651407241821,1.0137383937835693,1.0112104415893555,0.0011082685086876154,0.56670081615448,0,5.658828349932664e-05,True,9.077150934899691e-06
935,0.029666323214769363,0.052405666559934616,0.044808439910411835,1.007416009902954,1.0130984783172607,1.011200189590454,0.0011730559635907412,0.5639193058013916,0,5.9280685764885106e-05,True,9.277964636567049e-06
940,0.027873214334249496,0.05339357629418373,0.044907525181770325,1.0069679021835327,1.0133452415466309,1.0112248659133911,0.0013259842526167631,0.5738332867622375,0,7.001956453232781e-05,True,9.509622941550333e-06
945,0.030059441924095154,0.05313192680478096,0.04460960254073143,1.007514238357544,1.013279914855957,1.0111504793167114,0.001198013313114643,0.5702954530715942,0,7.053871390832671e-05,True,9.61402020038804e-06
950,0.031129132956266403,0.05333656817674637,0.04418272152543068,1.007781744003296,1.0133309364318848,1.0110437870025635,0.0012348882155492902,0.5686885118484497,0,6.92068445933797e-05,True,1.031726787914522e-05
955,0.029095005244016647,0.05571140721440315,0.044623762369155884,1.0072731971740723,1.013924241065979,1.011154055595398,0.0011836657067760825,0.5636998414993286,0,6.0997110520634025e-05,True,9.561157639836892e-06
960,0.029070623219013214,0.05279265716671944,0.04490766301751137,1.0072672367095947,1.0131950378417969,1.0112249851226807,0.0012011082144454122,0.5765957832336426,0,5.496996878636071e-05,True,9.204419257002883e-06
965,0.02853633090853691,0.05363285541534424,0.04462922364473343,1.0071336030960083,1.0134050846099854,1.011155366897583,0.0012051007943227887,0.574219822883606,0,6.530410410197918e-05,True,9.603019861970097e-06
970,0.025342177599668503,0.05335751175880432,0.04399289935827255,1.0063352584838867,1.013336181640625,1.0109963417053223,0.0012817383976653218,0.5780941843986511,0,7.047407108937342e-05,True,1.0713935807871167e-05
975,0.02830633893609047,0.052683524787425995,0.04389793053269386,1.0070761442184448,1.0131678581237793,1.010972499847412,0.001302360207773745,0.5733862519264221,0,5.9771431759344796e-05,True,1.090710884454893e-05
980,0.03199991583824158,0.05342919006943703,0.044639430940151215,1.007999300956726,1.0133540630340576,1.0111579895019531,0.0011902772821485996,0.5673902034759521,0,6.962265153135326e-05,True,9.553741620038636e-06
985,0.028289401903748512,0.05342293530702591,0.045041970908641815,1.0070719718933105,1.013352632522583,1.0112584829330444,0.001199745456688106,0.5821089744567871,0,6.924413220088132e-05,True,9.016725925903302e-06
990,0.029456069692969322,0.05210808664560318,0.044112276285886765,1.0073635578155518,1.013024091720581,1.01102614402771,0.0012416717363521457,0.5713447332382202,0,6.167731450331629e-05,True,1.043823613144923e-05
995,0.026424530893564224,0.054671622812747955,0.043707266449928284,1.0066057443618774,1.0136644840240479,1.010925054550171,0.0013177328510209918,0.5811305046081543,0,7.06760820419686e-05,True,1.1235659258090891e-05
1000,0.02782658487558365,0.05259404703974724,0.044560372829437256,1.0069561004638672,1.0131454467773438,1.0111382007598877,0.001150693860836327,0.5778324007987976,0,4.6467045161676395e-05,True,9.577150194672868e-06
1005,0.031266745179891586,0.05176912248134613,0.04470178857445717,1.0078160762786865,1.012939453125,1.0111734867095947,0.0011217730352655053,0.5879430770874023,0,7.453779206669374e-05,True,9.313171176472679e-06
1010,0.029379360377788544,0.05615543574094772,0.04345754161477089,1.0073442459106445,1.0140352249145508,1.0108625888824463,0.0013563322136178613,0.5823975205421448,0,9.153769576694096e-05,True,1.172060910903383e-05
1015,0.0242093987762928,0.05389424413442612,0.043258197605609894,1.006052017211914,1.0134702920913696,1.010812759399414,0.0013499264605343342,0.5797650814056396,0,7.75340092599412e-05,True,1.2017924746032804e-05
1020,0.027965525165200233,0.05140127241611481,0.04452944174408913,1.006990909576416,1.0128474235534668,1.011130452156067,0.0011826364789158106,0.5818865299224854,0,8.045122790548514e-05,True,9.693707397673279e-06
1025,0.02979072369635105,0.05544150993227959,0.044693779200315475,1.0074472427368164,1.0138568878173828,1.011171579360962,0.0012378351530060172,0.5828251838684082,0,7.872445340214471e-05,True,9.589236469764728e-06
1030,0.026066139340400696,0.05435249209403992,0.04395938664674759,1.0065162181854248,1.013584852218628,1.0109879970550537,0.0013312726514413953,0.5755356550216675,0,7.184118860933374e-05,True,1.0888993529079016e-05
1035,0.024923143908381462,0.05127435550093651,0.04360783100128174,1.006230354309082,1.0128157138824463,1.0109002590179443,0.0012499078875407577,0.5913895964622498,0,7.620981865007349e-05,True,1.1220695341762621e-05
1040,0.029561003670096397,0.05260419100522995,0.04385476931929588,1.007389783859253,1.0131480693817139,1.0109617710113525,0.0011856384808197618,0.577829122543335,0,6.503083044889789e-05,True,1.0691346687963232e-05
1045,0.02905377931892872,0.05380020663142204,0.04436599463224411,1.007262945175171,1.0134468078613281,1.011089563369751,0.001186026493087411,0.5800155401229858,0,6.873040685766166e-05,True,9.935834896168672e-06
1050,0.02598901279270649,0.05213657394051552,0.04402163624763489,1.0064969062805176,1.013031244277954,1.0110036134719849,0.0013090686406940222,0.5764456987380981,0,6.0817134405419944e-05,True,1.073989005817566e-05
1055,0.027321118861436844,0.0535351000726223,0.04370348900556564,1.006829857826233,1.013380527496338,1.0109241008758545,0.0012549395905807614,0.5831077694892883,0,5.663214324929165e-05,True,1.108553260564804e-05
1060,0.029231591150164604,0.05340341106057167,0.04361951723694801,1.0073072910308838,1.0133476257324219,1.0109031200408936,0.0012266108533367515,0.5798087120056152,0,5.7188672907755926e-05,True,1.1145922144351061e-05
1065,0.027435576543211937,0.052042242139577866,0.04391026124358177,1.006858468055725,1.013007640838623,1.01097571849823,0.0012108187656849623,0.5931480526924133,0,6.7660981543372e-05,True,1.0666377420420758e-05
1070,0.025107359513640404,0.052628301084041595,0.043926071375608444,1.0062764883041382,1.0131540298461914,1.0109796524047852,0.0012346392031759024,0.5936309695243835,0,6.404403538324497e-05,True,1.069945574272424e-05
1075,0.02552924118936062,0.05361132696270943,0.043405354022979736,1.0063819885253906,1.013399600982666,1.0108494758605957,0.0013637462398037314,0.5844259858131409,0,7.341982147904833e-05,True,1.1822579836007208e-05
1080,0.02894052490592003,0.05196689814329147,0.043520569801330566,1.0072345733642578,1.012988805770874,1.010878324508667,0.0012537535512819886,0.5892031788825989,0,6.725876557846363e-05,True,1.1364560123183765e-05
1085,0.030290691182017326,0.051269616931676865,0.04363977536559105,1.007572054862976,1.0128145217895508,1.0109081268310547,0.0012254235334694386,0.5818154811859131,0,5.4252793557407504e-05,True,1.1112023457826581e-05
1090,0.0262816920876503,0.052267782390117645,0.04391612857580185,1.0065701007843018,1.013063907623291,1.0109771490097046,0.0013064605882391334,0.5817945003509521,0,6.760913555975969e-05,True,1.089068791770842e-05
1095,0.024054326117038727,0.054704125970602036,0.043797269463539124,1.00601327419281,1.0136725902557373,1.0109474658966064,0.001330958679318428,0.5880045890808105,0,8.154454325506232e-05,True,1.113292182708392e-05
1100,0.025887513533234596,0.05282307416200638,0.04343383386731148,1.0064715147018433,1.0132026672363281,1.0108566284179688,0.0011971096973866224,0.5836368799209595,0,5.597877125411769e-05,True,1.1365405043761712e-05
1105,0.028457118198275566,0.053066007792949677,0.04345574229955673,1.0071138143539429,1.013263463973999,1.010862112045288,0.0012405015295371413,0.5807169675827026,0,7.795572816353478e-05,True,1.1432725841586944e-05
1110,0.02864193357527256,0.05316619202494621,0.04343733564019203,1.007159948348999,1.0132884979248047,1.0108575820922852,0.001308920094743371,0.589227557182312,0,7.394074828919058e-05,True,1.1630366316239815e-05
1115,0.026154199615120888,0.05232546478509903,0.043379493057727814,1.0065381526947021,1.0130784511566162,1.01084303855896,0.0013885811204090714,0.587328314781189,0,7.539413771775913e-05,True,1.1929339962080121e-05
1120,0.026320723816752434,0.05494298040866852,0.043044313788414,1.006579875946045,1.0137321949005127,1.0107593536376953,0.0012646169634535909,0.5862612724304199,0,7.256120658652257e-05,True,1.2143505955464207e-05
1125,0.02675430104136467,0.05223074555397034,0.04348326101899147,1.006688117980957,1.0130547285079956,1.010869026184082,0.0012368073221296072,0.5963313579559326,0,6.987021414509855e-05,True,1.138159950642148e-05
1130,0.025322284549474716,0.05410059913992882,0.04359132796525955,1.0063302516937256,1.0135219097137451,1.0108959674835205,0.001372185768559575,0.5985537767410278,0,7.472493493350031e-05,True,1.1555473975022323e-05
1135,0.02604834735393524,0.05392514169216156,0.04334171861410141,1.0065116882324219,1.0134780406951904,1.0108336210250854,0.0012584090000018477,0.5911889672279358,0,6.066060837273545e-05,True,1.165506455436116e-05
1140,0.02653944306075573,0.05349845066666603,0.04306468367576599,1.0066344738006592,1.013371467590332,1.0107643604278564,0.001248338376171887,0.5867398381233215,0,6.33074177054009e-05,True,1.2071688615833409e-05
1145,0.02653905190527439,0.05320774018764496,0.04346597194671631,1.0066344738006592,1.013298749923706,1.0108647346496582,0.0012430049246177077,0.5932827591896057,0,6.455037084453178e-05,True,1.1423275282140821e-05
1150,0.028385819867253304,0.05381717160344124,0.043314069509506226,1.0070960521697998,1.013451099395752,1.0108267068862915,0.0014031114988029003,0.5883311629295349,0,7.197923405765616e-05,True,1.2070653610862792e-05
1155,0.029156222939491272,0.05325360968708992,0.04329269751906395,1.0072885751724243,1.013310194015503,1.0108213424682617,0.001262263162061572,0.5964319705963135,0,6.302093585285517e-05,True,1.1741230082407128e-05
1160,0.025598004460334778,0.0519547164440155,0.04311700910329819,1.006399154663086,1.0129857063293457,1.010777473449707,0.0012399698607623577,0.5921985507011414,0,8.200140128712568e-05,True,1.196732591779437e-05
1165,0.02371041476726532,0.05287212133407593,0.04283200204372406,1.005927324295044,1.0132149457931519,1.0107064247131348,0.0013167704455554485,0.5877040028572083,0,6.930256323109998e-05,True,1.2619424524018541e-05
1170,0.026452504098415375,0.05431444197893143,0.04341874644160271,1.006612777709961,1.0135753154754639,1.0108528137207031,0.0013423810014501214,0.5923177003860474,0,6.759690770424857e-05,True,1.1745407391572371e-05
1175,0.026559725403785706,0.05291668698191643,0.043274231255054474,1.0066394805908203,1.01322603225708,1.0108168125152588,0.0013416020665317774,0.5987535715103149,0,7.874251543903718e-05,True,1.1970370906055905e-05
1180,0.0264132022857666,0.05258185788989067,0.04265078902244568,1.0066030025482178,1.013142466545105,1.010661005973816,0.0012492099776864052,0.594721794128418,0,6.143973487434892e-05,True,1.2749787856591865e-05
1185,0.02663971669971943,0.05316601321101189,0.042944684624671936,1.0066595077514648,1.0132883787155151,1.0107344388961792,0.0013020948972553015,0.5983481407165527,0,6.92994673062537e-05,True,1.2398180842865258e-05
1190,0.026251450181007385,0.05386701226234436,0.04311979189515114,1.0065624713897705,1.0134634971618652,1.0107781887054443,0.0013542379019781947,0.5996259450912476,0,7.274672940620746e-05,True,1.2250020517967641e-05
1195,0.02528286539018154,0.051785316318273544,0.04280281066894531,1.0063204765319824,1.0129435062408447,1.0106990337371826,0.0013393826084211469,0.5859838128089905,0,7.234342348238465e-05,True,1.272480767511297e-05
1200,0.022858843207359314,0.053124409168958664,0.04285605251789093,1.0057144165039062,1.0132780075073242,1.0107122659683228,0.0013198894448578358,0.5926042795181274,0,8.79059250981466e-05,True,1.2587831406563055e-05
1205,0.02199895679950714,0.05189318582415581,0.04287496581673622,1.0054996013641357,1.0129704475402832,1.0107170343399048,0.0013433812418952584,0.5964736938476562,0,7.699924416427867e-05,True,1.2617763786693104e-05
1210,0.027018830180168152,0.05293714255094528,0.04308373108506203,1.0067542791366577,1.0132312774658203,1.0107691287994385,0.001361307455226779,0.589965283870697,0,7.350570998347461e-05,True,1.2326232535997406e-05
1215,0.030144991353154182,0.05273867025971413,0.0429762527346611,1.007535696029663,1.0131815671920776,1.010742425918579,0.0013268470065668225,0.5930250287055969,0,7.175128531991584e-05,True,1.2409719602146652e-05
1220,0.02647586725652218,0.05285737290978432,0.04250802844762802,1.006618618965149,1.0132112503051758,1.0106252431869507,0.001353448024019599,0.6014037132263184,0,6.206346070888042e-05,True,1.3250471965875477e-05
1225,0.0213907603174448,0.05096133053302765,0.04254144802689552,1.005347490310669,1.012737512588501,1.0106337070465088,0.0014159256825223565,0.6056311130523682,0,5.753100191124293e-05,True,1.3363058315007947e-05
1230,0.019517743960022926,0.05271168053150177,0.04274372383952141,1.0048792362213135,1.0131748914718628,1.0106841325759888,0.0014616202097386122,0.6016616821289062,0,6.36517943398909e-05,True,1.3154309272067621e-05
1235,0.022641507908701897,0.05314662307500839,0.04258488863706589,1.005660057067871,1.0132834911346436,1.0106444358825684,0.0013624206185340881,0.5960617065429688,0,7.872441466662123e-05,True,1.3145890989108011e-05
1240,0.023944593966007233,0.05151605233550072,0.042690884321928024,1.0059858560562134,1.012876272201538,1.0106710195541382,0.0013505254173651338,0.5921072959899902,0,7.650185915222964e-05,True,1.293884270126e-05
1245,0.026996418833732605,0.051481496542692184,0.04264860972762108,1.0067486763000488,1.0128674507141113,1.0106604099273682,0.0012822033604606986,0.6003892421722412,0,6.773438321106028e-05,True,1.283406436414225e-05
1250,0.02777760662138462,0.05168513208627701,0.042747125029563904,1.006943941116333,1.012918472290039,1.0106850862503052,0.0013247114839032292,0.5956250429153442,0,8.324698239659399e-05,True,1.2778416930814274e-05
1255,0.02491709589958191,0.0522741936147213,0.042350463569164276,1.0062289237976074,1.0130655765533447,1.010585904121399,0.0013697107788175344,0.596800684928894,0,6.0562808215763474e-05,True,1.3559038052335382e-05
1260,0.02536989375948906,0.05254578962922096,0.04256340116262436,1.0063421726226807,1.0131335258483887,1.0106391906738281,0.0013665882870554924,0.595435380935669,0,7.413180907943053e-05,True,1.3192412552598398e-05
1265,0.02441280148923397,0.05300578847527504,0.04264673590660095,1.0061029195785522,1.013248324394226,1.01065993309021,0.0013404242927208543,0.6052906513214111,0,7.982162590361868e-05,True,1.298503229918424e-05
1270,0.026920277625322342,0.05250401794910431,0.042357638478279114,1.0067296028137207,1.0131230354309082,1.0105878114700317,0.0013429407263174653,0.5894758701324463,0,7.52182982609304e-05,True,1.3476355888997205e-05
1275,0.027370959520339966,0.052168820053339005,0.042214006185531616,1.0068423748016357,1.013039231300354,1.010551929473877,0.0014210976660251617,0.6037513017654419,0,8.000173100192142e-05,True,1.3930429304309655e-05
1280,0.024918019771575928,0.053747281432151794,0.042385879904031754,1.0062291622161865,1.013433575630188,1.0105948448181152,0.0013850770192220807,0.5990550518035889,0,8.173084537490726e-05,True,1.3540062354877591e-05
1285,0.025516362860798836,0.05233185365796089,0.042696479707956314,1.0063786506652832,1.0130798816680908,1.0106723308563232,0.001368983881548047,0.6075924634933472,0,8.919093085664874e-05,True,1.2977700862393249e-05
1290,0.026611045002937317,0.05221185088157654,0.04237264767289162,1.0066523551940918,1.0130500793457031,1.0105915069580078,0.0013505644164979458,0.5980467796325684,0,7.01829506555485e-05,True,1.347053603240056e-05
1295,0.026653194800019264,0.05199696496129036,0.04226294904947281,1.0066628456115723,1.0129963159561157,1.0105640888214111,0.0013478437904268503,0.59613037109375,0,9.626638568827441e-05,True,1.3650457731273491e-05
1300,0.02845359593629837,0.05188724398612976,0.042410336434841156,1.007112979888916,1.012968897819519,1.0106009244918823,0.0013810598757117987,0.5985087156295776,0,7.268067372494853e-05,True,1.3487515388987958e-05
1305,0.028098778799176216,0.05222339183092117,0.042774997651576996,1.0070242881774902,1.0130529403686523,1.0106920003890991,0.0013407336082309484,0.6031333804130554,0,5.966416325377745e-05,True,1.2774140486726537e-05
1310,0.025356562808156013,0.0525892972946167,0.042535677552223206,1.0063388347625732,1.0131442546844482,1.0106322765350342,0.0013495078310370445,0.5906246900558472,0,6.445056749426845e-05,True,1.3194099665270187e-05
1315,0.025316329672932625,0.05128146708011627,0.042189821600914,1.006328821182251,1.012817621231079,1.0105457305908203,0.0013096813345327973,0.6044616103172302,0,7.009426560395055e-05,True,1.3677621609531343e-05
1320,0.0270200464874506,0.05244141072034836,0.04192214459180832,1.0067546367645264,1.0131072998046875,1.0104788541793823,0.0013247120659798384,0.5950552821159363,0,7.701042385098977e-05,True,1.4178954188537318e-05
1325,0.026196196675300598,0.05329729989171028,0.04218370467424393,1.0065486431121826,1.0133211612701416,1.0105443000793457,0.0014008154394105077,0.5974207520484924,0,7.247362181125434e-05,True,1.3926564861321822e-05
1330,0.025684809312224388,0.05188288912177086,0.042462341487407684,1.0064208507537842,1.012967824935913,1.0106139183044434,0.0013241554843261838,0.6021995544433594,0,8.113890038679496e-05,True,1.325127868767595e-05
1335,0.0251041017472744,0.050996921956539154,0.04237551987171173,1.0062756538391113,1.0127464532852173,1.0105922222137451,0.0013076214818283916,0.6024618148803711,0,7.637523782082998e-05,True,1.3355884220800363e-05
1340,0.02247888594865799,0.0518689788877964,0.042076922953128815,1.0056195259094238,1.0129643678665161,1.0105177164077759,0.0014373261947184801,0.6055152416229248,0,8.974147391971394e-05,True,1.4211753295967355e-05
1345,0.022902702912688255,0.05193796753883362,0.041726429015398026,1.005725383758545,1.012981653213501,1.0104299783706665,0.001424839603714645,0.6019726991653442,0,7.66079307377145e-05,True,1.4790861314395443e-05
1350,0.025494808331131935,0.05098657310009003,0.04183143377304077,1.006373405456543,1.0127439498901367,1.0104562044143677,0.001381447771564126,0.6063694953918457,0,7.849466011796612e-05,True,1.4487402950180694e-05
1355,0.026919033378362656,0.052131906151771545,0.04233914613723755,1.0067293643951416,1.0130300521850586,1.0105831623077393,0.0014023181283846498,0.6032154560089111,0,9.512487657396629e-05,True,1.3665463484358042e-05
1360,0.023645924404263496,0.05189346894621849,0.04201328009366989,1.0059112310409546,1.0129704475402832,1.0105016231536865,0.0013608618173748255,0.6107747554779053,0,6.736792924652644e-05,True,1.4114822988631204e-05
1365,0.023804107680916786,0.04960110783576965,0.041479796171188354,1.005950689315796,1.0123977661132812,1.0103683471679688,0.0013567600399255753,0.5942763090133667,0,7.601186988965875e-05,True,1.5048947716422845e-05
1370,0.023327820003032684,0.053295575082302094,0.04173228144645691,1.0058317184448242,1.0133206844329834,1.0104315280914307,0.0014697187580168247,0.6016204953193665,0,7.556773140967996e-05,True,1.4906112483004108e-05
1375,0.023066826164722443,0.054017096757888794,0.04197438806295395,1.0057663917541504,1.0135009288787842,1.010491967201233,0.0014148509362712502,0.6035153865814209,0,7.186602690123908e-05,True,1.4327451026474591e-05
1380,0.024483153596520424,0.05211730673909187,0.04224248230457306,1.0061204433441162,1.0130263566970825,1.01055908203125,0.0013215078506618738,0.6127469539642334,0,7.995891776330059e-05,True,1.3617771401186474e-05
1385,0.024537894874811172,0.05199994891881943,0.04204026609659195,1.0061341524124146,1.0129971504211426,1.010508418083191,0.0013708800543099642,0.6073416471481323,0,8.371686890056773e-05,True,1.4094195648794994e-05
1390,0.026351461187005043,0.053461674600839615,0.04191547632217407,1.0065875053405762,1.013362169265747,1.0104771852493286,0.001432388206012547,0.6067410707473755,0,6.993136381459319e-05,True,1.4478404409601353e-05
1395,0.026089614257216454,0.05158316344022751,0.04202163964509964,1.0065220594406128,1.0128929615020752,1.0105037689208984,0.001338438829407096,0.598300576210022,0,6.672002566923861e-05,True,1.4041197573533282e-05
1400,0.024813439697027206,0.05166742950677872,0.04210417717695236,1.006203055381775,1.0129139423370361,1.0105243921279907,0.0013803828042000532,0.6128530502319336,0,8.242993778848641e-05,True,1.4009184269525576e-05
1405,0.024366991594433784,0.05037462338805199,0.04164661467075348,1.0060914754867554,1.012591004371643,1.0104100704193115,0.0013455230509862304,0.6018372774124146,0,9.128511511411634e-05,True,1.4719689716002904e-05
1410,0.025104286149144173,0.052236706018447876,0.04163327068090439,1.0062756538391113,1.0130562782287598,1.010406732559204,0.0014171283692121506,0.6045913696289062,0,6.943455651024874e-05,True,1.4934959835954942e-05
1415,0.02479626052081585,0.052119698375463486,0.04192964732646942,1.006198763847351,1.0130269527435303,1.0104807615280151,0.0014497754164040089,0.6097689270973206,0,7.444128761826097e-05,True,1.4502211342914961e-05
1420,0.023089030757546425,0.05006338283419609,0.04125411435961723,1.0057719945907593,1.0125131607055664,1.0103119611740112,0.0013938220217823982,0.6017719507217407,0,7.030566495602202e-05,True,1.5557125152554363e-05
1425,0.023957308381795883,0.05113818868994713,0.04136541485786438,1.0059890747070312,1.0127817392349243,1.0103397369384766,0.0013221014523878694,0.6143414974212646,0,7.430948569817699e-05,True,1.5165162039920688e-05
1430,0.025935353711247444,0.05165821686387062,0.041739560663700104,1.0064834356307983,1.0129116773605347,1.0104331970214844,0.0014354023151099682,0.6057182550430298,0,7.714109453503781e-05,True,1.4796587493037805e-05
1435,0.02809377945959568,0.052674923092126846,0.04188227653503418,1.0070229768753052,1.0131657123565674,1.0104689598083496,0.001453035743907094,0.6130978465080261,0,7.099742326301157e-05,True,1.4594363165087998e-05
1440,0.023174209520220757,0.05079612880945206,0.04145512729883194,1.0057933330535889,1.0126962661743164,1.010362148284912,0.0013642982812598348,0.6086947917938232,0,6.21678424040263e-05,True,1.511316622782033e-05
1445,0.021182850003242493,0.05124212056398392,0.04132090136408806,1.0052955150604248,1.0128077268600464,1.010328769683838,0.0014229494845494628,0.614607572555542,0,7.953245631536361e-05,True,1.5515019185841084e-05
1450,0.022959750145673752,0.05155413597822189,0.041327714920043945,1.005739688873291,1.0128856897354126,1.0103304386138916,0.0014127036556601524,0.6201136112213135,0,6.906138916507862e-05,True,1.547366991871968e-05
1455,0.027693001553416252,0.0508108027279377,0.0411117859184742,1.0069228410720825,1.0126999616622925,1.0102763175964355,0.0013856225414201617,0.607944905757904,0,7.265639017824947e-05,True,1.5795512808836065e-05
1460,0.025535965338349342,0.05074561759829521,0.04138468950986862,1.0063836574554443,1.012683629989624,1.0103446245193481,0.0014280903851613402,0.6204519271850586,0,8.7768368230611e-05,True,1.541245001135394e-05
1465,0.021977778524160385,0.05266043171286583,0.04138479381799698,1.005494236946106,1.0131621360778809,1.0103446245193481,0.001498418627306819,0.6248202323913574,0,8.564366860181048e-05,True,1.5612333299941383e-05
1470,0.02257801778614521,0.050683412700891495,0.0414477214217186,1.0056443214416504,1.0126681327819824,1.0103603601455688,0.0014755489537492394,0.6133514046669006,0,8.251782267615503e-05,True,1.5432295185746625e-05
1475,0.023806201294064522,0.050337228924036026,0.04105514660477638,1.0059512853622437,1.0125815868377686,1.0102622509002686,0.0014554603258147836,0.6088593006134033,0,7.350809263920956e-05,True,1.6093827071017586e-05
1480,0.02627241052687168,0.050299499183893204,0.04086378216743469,1.0065677165985107,1.0125722885131836,1.0102143287658691,0.0013755039544776082,0.6172236204147339,0,6.633738601920924e-05,True,1.6231195331783965e-05
1485,0.025702599436044693,0.05135669186711311,0.04083628952503204,1.006425380706787,1.0128363370895386,1.0102075338363647,0.001416272483766079,0.6150870323181152,0,0.00010369842487960563,True,1.6393049008911476e-05
1490,0.025496220216155052,0.051337625831365585,0.04128656163811684,1.006373643875122,1.0128315687179565,1.0103201866149902,0.0014486291911453009,0.6124829053878784,0,8.155864510077313e-05,True,1.564828198752366e-05
1495,0.023950986564159393,0.0498955175280571,0.04141314700245857,1.0059874057769775,1.012471318244934,1.0103516578674316,0.0013514402089640498,0.6147981882095337,0,7.827334780446845e-05,True,1.5154690117924474e-05
1500,0.02123294770717621,0.05086683854460716,0.041038528084754944,1.0053080320358276,1.01271390914917,1.0102581977844238,0.0013949904823675752,0.6108742356300354,0,9.744602637714583e-05,True,1.5957823052303866e-05
1505,0.021928632631897926,0.051400039345026016,0.040683336555957794,1.0054819583892822,1.0128471851348877,1.010169267654419,0.0014962489949539304,0.6158835887908936,0,7.809567289446602e-05,True,1.6908890756894834e-05
1510,0.02331090159714222,0.05199475213885307,0.0409349650144577,1.0058274269104004,1.012995719909668,1.0102322101593018,0.001482135383412242,0.6089910864830017,0,7.62014499157903e-05,True,1.6393863916164264e-05
1515,0.02463303878903389,0.05063825100660324,0.04120147228240967,1.0061578750610352,1.0126569271087646,1.010298728942871,0.0014272824628278613,0.6141992807388306,0,7.736023040214218e-05,True,1.5744757547508925e-05
1520,0.02537321113049984,0.0507187619805336,0.0408133864402771,1.006342887878418,1.0126769542694092,1.0102019309997559,0.0014100957196205854,0.6105763912200928,0,7.804388525105478e-05,True,1.6419759049313143e-05
1525,0.022801769897341728,0.05107729136943817,0.04063824191689491,1.0057001113891602,1.0127665996551514,1.0101580619812012,0.0014615507097914815,0.6197946071624756,0,8.266061825735059e-05,True,1.689549389993772e-05
1530,0.023132989183068275,0.050985924899578094,0.04071224480867386,1.005782961845398,1.0127437114715576,1.010176658630371,0.0014298749156296253,0.6159652471542358,0,7.475798826743897e-05,True,1.6665435396134853e-05
1535,0.025525011122226715,0.05166788399219513,0.04094953462481499,1.0063809156417847,1.0129141807556152,1.0102359056472778,0.0015105399070307612,0.6142985820770264,0,8.810871932545055e-05,True,1.6448537280666642e-05
1540,0.025446444749832153,0.05174771696329117,0.04090668633580208,1.0063612461090088,1.0129340887069702,1.0102250576019287,0.001430234988220036,0.6167048215866089,0,7.842403579936896e-05,True,1.6299649360007606e-05
1545,0.02296440862119198,0.05006769672036171,0.0407242551445961,1.0057408809661865,1.012514352798462,1.0101795196533203,0.0014601924922317266,0.6145731210708618,0,7.894495400321941e-05,True,1.6728181435610168e-05
1550,0.02225099690258503,0.0518597811460495,0.04073691740632057,1.0055625438690186,1.0129621028900146,1.0101827383041382,0.0014769516419619322,0.6137873530387878,0,8.334844685651224e-05,True,1.6751811926951632e-05
1555,0.019974349066615105,0.05185626819729805,0.04106348007917404,1.0049934387207031,1.0129611492156982,1.010264277458191,0.0014782120706513524,0.6227779388427734,0,8.167207519609303e-05,True,1.6143561879289337e-05
1560,0.02356257475912571,0.05133945494890213,0.04113614931702614,1.0058903694152832,1.0128320455551147,1.0102825164794922,0.0014573268126696348,0.607712984085083,0,7.992664676823926e-05,True,1.594921741343569e-05
1565,0.024957511574029922,0.05049994960427284,0.040509045124053955,1.0062390565872192,1.012622356414795,1.010125756263733,0.0014309074031189084,0.6194318532943726,0,9.206936139414431e-05,True,1.7056308934115805e-05
1570,0.026552658528089523,0.05119613930583,0.040419742465019226,1.0066378116607666,1.01279616355896,1.010103464126587,0.0014502155827358365,0.6134339570999146,0,8.192331657934235e-05,True,1.7281650798395276e-05
1575,0.02443426102399826,0.05210728943347931,0.040892183780670166,1.006108283996582,1.013023853302002,1.0102214813232422,0.0014557859394699335,0.6231932044029236,0,7.682267914535722e-05,True,1.639790389162954e-05
1580,0.023155439645051956,0.04948180541396141,0.040710240602493286,1.0057885646820068,1.0123679637908936,1.0101760625839233,0.001367800636216998,0.6162757873535156,0,8.036348911368108e-05,True,1.650151716603432e-05
1585,0.02211596630513668,0.05055003985762596,0.04068967327475548,1.0055286884307861,1.0126347541809082,1.0101709365844727,0.0014398419298231602,0.6135788559913635,0,7.09222263335154e-05,True,1.6736645193304867e-05
1590,0.0235438235104084,0.05073368921875954,0.0410587340593338,1.0058856010437012,1.0126807689666748,1.010263204574585,0.0015203087823465466,0.6208155155181885,0,7.700391818635767e-05,True,1.6273985238512978e-05
1595,0.023957163095474243,0.05188067629933357,0.0407438725233078,1.0059890747070312,1.0129673480987549,1.010184407234192,0.001477596233598888,0.6172804832458496,0,8.070397501988352e-05,True,1.6739444617996924e-05
1600,0.024589834734797478,0.05035852640867233,0.040439870208501816,1.0061471462249756,1.012587070465088,1.010108470916748,0.0014292001724243164,0.6243124008178711,0,7.944451818989714e-05,True,1.7184669559355825e-05
1605,0.0260049756616354,0.049697570502758026,0.04035121202468872,1.0065009593963623,1.0124218463897705,1.0100862979888916,0.0013794011902064085,0.6203134059906006,0,8.226337164167686e-05,True,1.7220885638380423e-05
1610,0.02389909327030182,0.051559336483478546,0.04030247777700424,1.005974531173706,1.0128870010375977,1.0100741386413574,0.0015607655514031649,0.604860782623291,0,9.567500422060264e-05,True,1.7832826415542513e-05
1615,0.020649513229727745,0.05141540244221687,0.040704160928726196,1.005162239074707,1.0128509998321533,1.0101746320724487,0.0015085178893059492,0.6234484314918518,0,7.031423589451726e-05,True,1.6905534721445292e-05
1620,0.019660206511616707,0.050662554800510406,0.04069641977548599,1.0049148797988892,1.0126628875732422,1.0101726055145264,0.0014698848826810718,0.6151715517044067,0,8.128360602287986e-05,True,1.6808451618999243e-05
1625,0.020798908546566963,0.05022551491856575,0.040477454662323,1.0051995515823364,1.0125536918640137,1.0101178884506226,0.00147119234316051,0.6207313537597656,0,7.219322342728651e-05,True,1.7230187950190157e-05
1630,0.022222965955734253,0.050200484693050385,0.04043842479586601,1.005555510520935,1.012547492980957,1.0101081132888794,0.001517206197604537,0.6291653513908386,0,9.365958522106146e-05,True,1.7439266230212525e-05
1635,0.02444491721689701,0.05140215530991554,0.04014229029417038,1.0061109066009521,1.012847661972046,1.0100340843200684,0.0014248918741941452,0.6167996525764465,0,8.376635271038372e-05,True,1.7752950952854007e-05
1640,0.021399658173322678,0.050560805946588516,0.04015980660915375,1.0053496360778809,1.0126374959945679,1.0100384950637817,0.0014278946910053492,0.6220871210098267,0,7.502258422471273e-05,True,1.772745599737391e-05
1645,0.018925875425338745,0.05108966678380966,0.04059493914246559,1.0047314167022705,1.0127696990966797,1.010147213935852,0.001563380821608007,0.619831919670105,0,0.00010976354073430214,True,1.727678500174079e-05
1650,0.018543103709816933,0.05142262950539589,0.04052397236227989,1.0046355724334717,1.0128529071807861,1.010129451751709,0.001657739863730967,0.6271152496337891,0,8.222166114905705e-05,True,1.7707392544252798e-05
1655,0.019526155665516853,0.05002561956644058,0.04039040580391884,1.0048813819885254,1.0125038623809814,1.0100960731506348,0.0015824380097910762,0.6184855699539185,0,7.847723461474542e-05,True,1.7728933016769588e-05
1660,0.02518419921398163,0.05135415121912956,0.04018179699778557,1.0062956809997559,1.0128357410430908,1.010043978691101,0.0014794435119256377,0.6160776615142822,0,8.16729366168166e-05,True,1.7828882846515626e-05
1665,0.02500840090215206,0.0516907274723053,0.04018310084939003,1.0062518119812012,1.0129197835922241,1.0100443363189697,0.0014154899399727583,0.6197257041931152,0,8.547114234256895e-05,True,1.7646636479184963e-05
1670,0.02286156639456749,0.051025573164224625,0.04028785228729248,1.0057151317596436,1.0127536058425903,1.010070562362671,0.0015046063344925642,0.6175234317779541,0,8.793895724614967e-05,True,1.7693997506285086e-05
1675,0.022278230637311935,0.051313307136297226,0.04059465974569321,1.005569338798523,1.0128254890441895,1.0101470947265625,0.0015641286736354232,0.6204261183738708,0,6.894196969978687e-05,True,1.7279311578022316e-05
1680,0.021789662539958954,0.05012250319123268,0.040090542286634445,1.0054471492767334,1.0125279426574707,1.0100212097167969,0.001583820441737771,0.6260372996330261,0,8.218901751158795e-05,True,1.8319280570722185e-05
1685,0.02031574584543705,0.05127288028597832,0.03974772244691849,1.0050787925720215,1.0128154754638672,1.0099354982376099,0.0015027663903310895,0.6255284547805786,0,8.243744273338695e-05,True,1.8761242245091125e-05
1690,0.019329728558659554,0.05137886852025986,0.04032730311155319,1.0048322677612305,1.0128419399261475,1.010080337524414,0.0015422588912770152,0.6248070001602173,0,7.708522769239474e-05,True,1.7730028048390523e-05
1695,0.022981276735663414,0.04944529011845589,0.040364477783441544,1.0057450532913208,1.0123587846755981,1.010089635848999,0.0015338537050411105,0.6325575709342957,0,8.644313146804215e-05,True,1.763159889378585e-05
1700,0.026108965277671814,0.04924182593822479,0.0398586168885231,1.0065269470214844,1.01230788230896,1.0099631547927856,0.0015038186684250832,0.6256464719772339,0,9.121550014504409e-05,True,1.8540096789365634e-05
1705,0.023568445816636086,0.05152236670255661,0.039995066821575165,1.0058917999267578,1.0128777027130127,1.0099973678588867,0.0015700689982622862,0.6274878978729248,0,8.977175778159646e-05,True,1.846574195951689e-05
1710,0.02090202271938324,0.050327591598033905,0.040098637342453,1.005225419998169,1.0125792026519775,1.0100232362747192,0.0015187943354249,0.6227890253067017,0,7.524028315862409e-05,True,1.8107970390701666e-05
1715,0.018803808838129044,0.049864571541547775,0.04015820845961571,1.0047008991241455,1.0124635696411133,1.0100380182266235,0.001487263129092753,0.6246016621589661,0,8.103022653674225e-05,True,1.7899670638144016e-05
1720,0.020323682576417923,0.049734268337488174,0.03989065811038017,1.0050806999206543,1.0124309062957764,1.009971261024475,0.0014909097226336598,0.6226791143417358,0,7.739359890587919e-05,True,1.843960490077734e-05
1725,0.02399839460849762,0.05084740370512009,0.03963314741849899,1.0059993267059326,1.012709140777588,1.0099070072174072,0.0015575732104480267,0.6203039288520813,0,8.859419672213127e-05,True,1.9154722394887358e-05
1730,0.023056795820593834,0.05143933743238449,0.04011501371860504,1.0057640075683594,1.0128569602966309,1.010027289390564,0.0016163275577127934,0.6333951354026794,0,6.409002249603356e-05,True,1.8371662008576095e-05
1735,0.021187402307987213,0.050265658646821976,0.04019222781062126,1.0052967071533203,1.012563705444336,1.0100466012954712,0.0015288228169083595,0.6314506530761719,0,0.00010664723961415504,True,1.7953101632883772e-05
1740,0.0194883793592453,0.050869423896074295,0.03963743895292282,1.0048719644546509,1.0127146244049072,1.0099079608917236,0.0015779027016833425,0.6324021816253662,0,8.124397137527218e-05,True,1.920870090543758e-05
1745,0.020121244713664055,0.050987549126148224,0.03951038047671318,1.0050301551818848,1.0127441883087158,1.0098762512207031,0.0016010621329769492,0.6215280294418335,0,8.564524063293288e-05,True,1.9539049390004948e-05
1750,0.022445885464549065,0.050477612763643265,0.039883360266685486,1.0056111812591553,1.012616753578186,1.0099694728851318,0.00152484024874866,0.6272331476211548,0,7.749235471531391e-05,True,1.8553055269876495e-05
1755,0.024088870733976364,0.048888999968767166,0.039889734238386154,1.0060219764709473,1.012219786643982,1.009971022605896,0.001507914043031633,0.6164559125900269,0,7.379268144474823e-05,True,1.848986175900791e-05
1760,0.02392665110528469,0.05025804787874222,0.03987405076622963,1.0059814453125,1.0125617980957031,1.0099670886993408,0.0015256492188200355,0.6233157515525818,0,7.067834852096128e-05,True,1.85735771083273e-05
1765,0.024212684482336044,0.04942319914698601,0.03979260474443436,1.0060529708862305,1.0123533010482788,1.0099467039108276,0.0015608333051204681,0.6278933882713318,0,7.347662039303763e-05,True,1.8842350982595235e-05
1770,0.02234754152595997,0.05106493830680847,0.039749935269355774,1.0055866241455078,1.012763500213623,1.0099360942840576,0.0016403908375650644,0.6202250719070435,0,9.707445144239524e-05,True,1.9176401110598817e-05
1775,0.020247962325811386,0.05018322542309761,0.03977008908987045,1.0050618648529053,1.0125432014465332,1.0099411010742188,0.001605345867574215,0.6234239339828491,0,9.28376474611063e-05,True,1.90253158507403e-05
1780,0.021374592557549477,0.05146174505352974,0.039635442197322845,1.0053434371948242,1.0128626823425293,1.0099074840545654,0.001524517429061234,0.6211452484130859,0,6.519640172811034e-05,True,1.9050819901167415e-05
1785,0.022763589397072792,0.0504656657576561,0.03961559757590294,1.005690574645996,1.0126137733459473,1.0099024772644043,0.0014372600708156824,0.6327431201934814,0,8.59804762575355e-05,True,1.8840262782759964e-05
1790,0.02481367066502571,0.049411751329898834,0.03969255089759827,1.006203055381775,1.0123504400253296,1.009921669960022,0.0015111059183254838,0.6232444047927856,0,0.00010320320269941431,True,1.8895454559242353e-05
1795,0.02485569752752781,0.049714431166648865,0.03986271470785141,1.006213665008545,1.0124260187149048,1.0099642276763916,0.0016219946555793285,0.629127025604248,0,8.168058032401782e-05,True,1.8890150386141613e-05
1800,0.025030940771102905,0.05009526386857033,0.039705634117126465,1.00625741481781,1.0125212669372559,1.0099250078201294,0.0016461171908304095,0.6235193610191345,0,8.12299907632082e-05,True,1.92827865248546e-05
1805,0.02249494381248951,0.052125681191682816,0.039357639849185944,1.0056235790252686,1.0130285024642944,1.0098381042480469,0.001593070337548852,0.6242069005966187,0,7.842238635109196e-05,True,1.9826671632472426e-05
1810,0.021327681839466095,0.04931337386369705,0.03931540995836258,1.0053317546844482,1.0123257637023926,1.0098274946212769,0.0014961845008656383,0.6252081394195557,0,7.975887692438194e-05,True,1.9624229025794193e-05
1815,0.019799912348389626,0.05109957978129387,0.039595842361450195,1.0049498081207275,1.0127720832824707,1.0098974704742432,0.001550195855088532,0.6196771264076233,0,7.077171650363715e-05,True,1.9208780940971337e-05
1820,0.018287139013409615,0.05081421881914139,0.03955826908349991,1.0045716762542725,1.0127007961273193,1.0098881721496582,0.0015530521050095558,0.6368681192398071,0,7.828398971093462e-05,True,1.929477002704516e-05
1825,0.02096640132367611,0.0507543571293354,0.03913561999797821,1.0052413940429688,1.012685775756836,1.0097825527191162,0.0015730222221463919,0.6282637715339661,0,0.00010666761799212606,True,2.0227294953656383e-05
1830,0.02339521422982216,0.050177328288555145,0.03923331946134567,1.0058485269546509,1.0125417709350586,1.0098069906234741,0.0015418509719893336,0.6294903755187988,0,7.69687272532741e-05,True,1.992883517232258e-05
1835,0.023585794493556023,0.049878448247909546,0.03946538269519806,1.0058960914611816,1.0124670267105103,1.0098650455474854,0.0015389072941616178,0.6333032846450806,0,0.00011007857401728063,True,1.9440785763435997e-05
1840,0.023048970848321915,0.04780282452702522,0.03901112824678421,1.005761981010437,1.0119484663009644,1.0097514390945435,0.0014992625219747424,0.630192756652832,0,8.39192894000071e-05,True,2.0268576918169856e-05
1845,0.02339254505932331,0.05109629034996033,0.03923716023564339,1.0058479309082031,1.0127713680267334,1.0098079442977905,0.0015519735170528293,0.6319071650505066,0,8.623527957200105e-05,True,1.9951297872466967e-05
1850,0.01920514926314354,0.05061270669102669,0.039590463042259216,1.0048011541366577,1.012650489807129,1.0098962783813477,0.0016476012533530593,0.6317247748374939,0,8.1849718788053e-05,True,1.9522118236636743e-05
1855,0.01704438030719757,0.05002475529909134,0.03946409374475479,1.0042610168457031,1.0125036239624023,1.0098646879196167,0.00164054986089468,0.6300318241119385,0,9.259508619076369e-05,True,1.9758443158934824e-05
1860,0.017956921830773354,0.049964725971221924,0.03901980444788933,1.0044891834259033,1.012488603591919,1.0097535848617554,0.001559843891300261,0.6272813081741333,0,8.705030782757309e-05,True,2.0430659787962213e-05
1865,0.019727900624275208,0.04993870109319687,0.03875134885311127,1.0049318075180054,1.0124821662902832,1.0096864700317383,0.0016455677105113864,0.6224719882011414,0,8.769709326238743e-05,True,2.126712934114039e-05
1870,0.020194295793771744,0.05082371085882187,0.03891845792531967,1.005048394203186,1.0127031803131104,1.0097283124923706,0.001709051663056016,0.6320371031761169,0,9.039140511231924e-05,True,2.1117908545420505e-05
1875,0.018849242478609085,0.04991426691412926,0.03934209421277046,1.0047121047973633,1.0124759674072266,1.0098341703414917,0.0016396940918639302,0.6337803602218628,0,7.456813446660684e-05,True,2.0006315025966614e-05
1880,0.01707368530333042,0.049250245094299316,0.0392371267080307,1.0042682886123657,1.0123100280761719,1.0098079442977905,0.0015555147547274828,0.6318023800849915,0,9.450296917547212e-05,True,1.996340142795816e-05
1885,0.013533491641283035,0.04964829608798027,0.038967251777648926,1.0033833980560303,1.0124094486236572,1.0097404718399048,0.0015769873280078173,0.6320339441299438,0,7.714231779751016e-05,True,2.059595863102004e-05
1890,0.01514643244445324,0.04975788667798042,0.039177216589450836,1.003786563873291,1.012436866760254,1.0097929239273071,0.0016092004952952266,0.6290527582168579,0,7.663388314914649e-05,True,2.025369758484885e-05
1895,0.017644638195633888,0.052834246307611465,0.03921850770711899,1.004410982131958,1.0132055282592773,1.009803295135498,0.0016558084171265364,0.6259212493896484,0,0.00010281652003116788,True,2.0314124412834644e-05
1900,0.018555641174316406,0.04983658343553543,0.038952361792325974,1.004638671875,1.0124566555023193,1.0097367763519287,0.0015817852690815926,0.6248832941055298,0,7.500970046635441e-05,True,2.0639688955270685e-05
1905,0.019145149737596512,0.049596160650253296,0.03885795921087265,1.0047861337661743,1.0123965740203857,1.0097131729125977,0.0015851956559345126,0.6322253346443176,0,9.787506541640135e-05,True,2.0850773580605164e-05
1910,0.01702260784804821,0.04964303970336914,0.03888671100139618,1.0042555332183838,1.0124082565307617,1.0097203254699707,0.0015392068307846785,0.6246919631958008,0,8.010098042585092e-05,True,2.0650604710681364e-05
1915,0.015382185578346252,0.04941883310675621,0.03889734297990799,1.003845453262329,1.0123522281646729,1.0097229480743408,0.0016318291891366243,0.6298801898956299,0,9.37334741858481e-05,True,2.0912557374686003e-05
1920,0.016895724460482597,0.050429657101631165,0.039045967161655426,1.0042238235473633,1.0126047134399414,1.0097601413726807,0.0016682123532518744,0.6272546052932739,0,8.526251379765413e-05,True,2.0714802303700708e-05
1925,0.01955348066985607,0.05128547176718712,0.0391908660531044,1.0048882961273193,1.0128185749053955,1.009796380996704,0.001652565784752369,0.6329513192176819,0,8.789507245047109e-05,True,2.036102523561567e-05
1930,0.020214319229125977,0.04816987365484238,0.039162371307611465,1.0050534009933472,1.012040138244629,1.009789228439331,0.0014793871669098735,0.629630446434021,0,9.046585720132177e-05,True,1.9894241631845944e-05
1935,0.01917468011379242,0.048803023993968964,0.03893858939409256,1.0047935247421265,1.0121983289718628,1.0097334384918213,0.001485436107032001,0.6410266160964966,0,8.850731081414092e-05,True,2.0381921785883605e-05
1940,0.017157087102532387,0.05197922885417938,0.03878142684698105,1.004289150238037,1.0129919052124023,1.0096940994262695,0.0016578849172219634,0.6274330615997314,0,8.727978852129488e-05,True,2.1241374270175584e-05
1945,0.016211720183491707,0.04889335483312607,0.03839132562279701,1.0040528774261475,1.012220859527588,1.009596586227417,0.001659121480770409,0.629194974899292,0,9.548081609945226e-05,True,2.2088788682594895e-05
1950,0.015019250102341175,0.0489964596927166,0.038610611110925674,1.003754734992981,1.0122466087341309,1.0096513032913208,0.0016419149469584227,0.631685733795166,0,9.344059003829638e-05,True,2.1558777007157914e-05
1955,0.016033168882131577,0.051211241632699966,0.03922244906425476,1.0040082931518555,1.0127999782562256,1.0098042488098145,0.0016279029659926891,0.6346784830093384,0,8.87028635365677e-05,True,2.0217954443069175e-05
1960,0.019546180963516235,0.050800543278455734,0.03896719589829445,1.0048863887786865,1.012697458267212,1.0097403526306152,0.0015597824240103364,0.6366865038871765,0,0.00010724509545817933,True,2.0540914192679338e-05
1965,0.018603989854454994,0.050029244273900986,0.03850427269935608,1.0046508312225342,1.0125046968460083,1.0096248388290405,0.0016466702800244093,0.6276513338088989,0,8.916776608450933e-05,True,2.1802668925374746e-05
1970,0.01517718005925417,0.05013568699359894,0.038764387369155884,1.0037941932678223,1.0125312805175781,1.0096898078918457,0.0016904723597690463,0.6296677589416504,0,9.287614859154313e-05,True,2.1385292711784132e-05
1975,0.014089462347328663,0.05017387866973877,0.03863822668790817,1.003522276878357,1.0125408172607422,1.0096582174301147,0.0016903073992580175,0.6297972202301025,0,8.980692423379665e-05,True,2.1655523596564308e-05
1980,0.015563765540719032,0.04989204183220863,0.03883440047502518,1.003890872001648,1.0124704837799072,1.0097073316574097,0.0016733405645936728,0.6349639892578125,0,8.361007279561778e-05,True,2.1179781469982117e-05
1985,0.014399668201804161,0.049662068486213684,0.03911466896533966,1.0035998821258545,1.0124130249023438,1.009777307510376,0.0017376949544996023,0.6334278583526611,0,0.00011495322829506949,True,2.0801959180971608e-05
1990,0.015377311035990715,0.05082805082201958,0.038862474262714386,1.0038442611694336,1.0127042531967163,1.0097142457962036,0.0016773614333942533,0.6284765005111694,0,9.825826250372971e-05,True,2.1134068447281606e-05
1995,0.01529453694820404,0.05047888308763504,0.03860815614461899,1.0038235187530518,1.0126171112060547,1.009650707244873,0.0016022231429815292,0.6299484968185425,0,7.755844170107184e-05,True,2.1439154807012528e-05
2000,0.013992376625537872,0.04977467283606529,0.03871872276067734,1.0034980773925781,1.0124411582946777,1.0096783638000488,0.0016304628225043416,0.6330608129501343,0,9.0753669572256e-05,True,2.1290117729222402e-05
2005,0.012198098935186863,0.05046242102980614,0.03872807323932648,1.0030494928359985,1.0126129388809204,1.0096807479858398,0.0017105687875300646,0.6201823353767395,0,9.702882613706961e-05,True,2.1530275262193754e-05
2010,0.01593697816133499,0.050368234515190125,0.03866058588027954,1.0039842128753662,1.012589454650879,1.0096638202667236,0.0016376160783693194,0.639228343963623,0,7.593781691006738e-05,True,2.143721212632954e-05
2015,0.01962493173778057,0.04914534464478493,0.038515854626894,1.0049060583114624,1.0122838020324707,1.0096275806427002,0.0015806021401658654,0.6401160359382629,0,8.915462957205816e-05,True,2.1570722310571e-05
2020,0.017439106479287148,0.05041726306080818,0.03860821574926376,1.0043597221374512,1.012601613998413,1.009650707244873,0.0016409344971179962,0.630141019821167,0,0.00010028174016792945,True,2.1559742890531197e-05
2025,0.015985550358891487,0.05006255954504013,0.03854401782155037,1.0039963722229004,1.0125130414962769,1.0096347332000732,0.0016638442175462842,0.631076455116272,0,9.561310125916417e-05,True,2.1772191757918335e-05
2030,0.01430278830230236,0.0497078113257885,0.03833930939435959,1.0035755634307861,1.0124244689941406,1.0095834732055664,0.00167106615845114,0.6269751787185669,0,8.973338240805217e-05,True,2.2242002160055563e-05
2035,0.01371452584862709,0.0503234937787056,0.03866225481033325,1.00342857837677,1.0125782489776611,1.0096642971038818,0.0016800861340016127,0.629362940788269,0,7.86346098774536e-05,True,2.157097333110869e-05
2040,0.015036845579743385,0.051181722432374954,0.039032213389873505,1.0037591457366943,1.0127925872802734,1.0097566843032837,0.0016315021784976125,0.6371352672576904,0,8.547132630332431e-05,True,2.0627765479730442e-05
2045,0.016052475199103355,0.04872163012623787,0.038688115775585175,1.0040130615234375,1.0121779441833496,1.0096707344055176,0.0015850785421207547,0.6319612264633179,0,8.626812234137657e-05,True,2.1213827494648285e-05
2050,0.01571214571595192,0.04813918471336365,0.03801703825592995,1.0039279460906982,1.0120325088500977,1.0095030069351196,0.0016340824076905847,0.6438921689987183,0,8.011828993070962e-05,True,2.2835016352473758e-05
2055,0.01589433290064335,0.05040974169969559,0.037601225078105927,1.0039734840393066,1.0125997066497803,1.0093990564346313,0.0016393497353419662,0.6461079120635986,0,0.00010232464271170785,True,2.3788703401805833e-05
2060,0.016016850247979164,0.04957865551114082,0.037863150238990784,1.0040041208267212,1.0123920440673828,1.0094645023345947,0.0017158782575279474,0.6364564895629883,0,7.31505312241311e-05,True,2.3445247279596515e-05
2065,0.016157057136297226,0.049648717045784,0.038295552134513855,1.0040391683578491,1.0124096870422363,1.0095726251602173,0.0016718592960387468,0.6355533599853516,0,9.249617639295816e-05,True,2.234012026747223e-05
2070,0.015323135070502758,0.04763120785355568,0.038550518453121185,1.0038306713104248,1.011905550956726,1.0096362829208374,0.0015945335617288947,0.6386176943778992,0,8.091942748111893e-05,True,2.1539977751672268e-05
2075,0.012425589375197887,0.04843549430370331,0.03877628967165947,1.0031063556671143,1.0121064186096191,1.0096927881240845,0.0016576196067035198,0.641257643699646,0,9.789851166648935e-05,True,2.1254636521916837e-05
2080,0.014939890243113041,0.05151659622788429,0.03838677331805229,1.0037349462509155,1.012876272201538,1.0095953941345215,0.0016764526953920722,0.6424028277397156,0,8.735442532245985e-05,True,2.2155527403810993e-05
2085,0.01670267805457115,0.05145398527383804,0.037767160683870316,1.0041755437850952,1.012860655784607,1.009440541267395,0.0017933775670826435,0.6359133720397949,0,7.719462859704965e-05,True,2.3925194909679703e-05
2090,0.01898076757788658,0.04846882447600365,0.03743017464876175,1.0047450065612793,1.0121147632598877,1.0093562602996826,0.0017006553243845701,0.6321378350257874,0,0.00010010761372564132,True,2.437973307678476e-05
2095,0.018757138401269913,0.048247627913951874,0.03773901239037514,1.0046892166137695,1.0120595693588257,1.0094335079193115,0.0016748190391808748,0.6382797956466675,0,9.416522956341783e-05,True,2.359119571337942e-05
2100,0.017524270340800285,0.0502995103597641,0.03874640539288521,1.0043809413909912,1.0125722885131836,1.0096852779388428,0.0015917648561298847,0.6355135440826416,0,9.675517139328833e-05,True,2.110877903760411e-05
2105,0.01645597442984581,0.05118637904524803,0.039002902805805206,1.0041139125823975,1.012793779373169,1.009749412536621,0.0015749267768114805,0.6377524137496948,0,8.134216343367543e-05,True,2.0512106857495382e-05
2110,0.018208684399724007,0.04895342141389847,0.038340091705322266,1.0045521259307861,1.0122358798980713,1.0095837116241455,0.0015529111260548234,0.6377720832824707,0,9.172683525902413e-05,True,2.1869214833714068e-05
2115,0.019030636176466942,0.04848320037126541,0.037812281399965286,1.0047575235366821,1.0121184587478638,1.0094518661499023,0.001619238406419754,0.6379653215408325,0,8.683978523123831e-05,True,2.3246524506248534e-05
2120,0.01880311220884323,0.048730190843343735,0.03755607455968857,1.0047006607055664,1.0121800899505615,1.009387731552124,0.0016574880573898554,0.635955810546875,0,9.61712633718979e-05,True,2.394963667029515e-05
2125,0.013858716934919357,0.04898882284760475,0.037912167608737946,1.003464698791504,1.012244701385498,1.0094767808914185,0.001696319435723126,0.630913257598877,0,8.952359526546615e-05,True,2.3271004465641454e-05
2130,0.008063306100666523,0.04898681864142418,0.038464076817035675,1.0020158290863037,1.0122442245483398,1.0096147060394287,0.0017636026022955775,0.6405692100524902,0,9.777301314930712e-05,True,2.22813669097377e-05
2135,0.009986714459955692,0.05110626667737961,0.03831472992897034,1.0024967193603516,1.0127737522125244,1.0095773935317993,0.001704534632153809,0.6309873461723328,0,7.856194694344379e-05,True,2.2408104996429756e-05
2140,0.01442733220756054,0.04946300387382507,0.03801841288805008,1.0036067962646484,1.0123631954193115,1.0095033645629883,0.001647268538363278,0.6328458786010742,0,9.332156004041963e-05,True,2.2874926798976958e-05
2145,0.019544603303074837,0.04803530499339104,0.0378713384270668,1.0048859119415283,1.0120065212249756,1.0094666481018066,0.0015283998800441623,0.6352149248123169,0,0.00011028233475046564,True,2.2835385607322678e-05
2150,0.019991634413599968,0.050020333379507065,0.037979260087013245,1.004997730255127,1.0125024318695068,1.0094935894012451,0.0015958580188453197,0.6377545595169067,0,9.75971969045399e-05,True,2.2797812562203035e-05
2155,0.018737608566880226,0.05079913139343262,0.038227714598178864,1.0046842098236084,1.0126971006393433,1.009555697441101,0.001761564170010388,0.6397408843040466,0,9.124889942222438e-05,True,2.2787142370361835e-05
2160,0.016579318791627884,0.050276271998882294,0.03794069588184357,1.0041446685791016,1.0125664472579956,1.0094839334487915,0.001759741804562509,0.644747793674469,0,7.83634038530718e-05,True,2.341957042517606e-05
2165,0.01385782565921545,0.048546165227890015,0.037692196667194366,1.0034644603729248,1.012134075164795,1.0094218254089355,0.0016866120276972651,0.6398689150810242,0,8.405419119509816e-05,True,2.3735790819046088e-05
2170,0.01256144605576992,0.04822683706879616,0.037895314395427704,1.0031403303146362,1.012054443359375,1.0094726085662842,0.0015870603965595365,0.6441595554351807,0,7.915403953803444e-05,True,2.296156708325725e-05
2175,0.014227059669792652,0.04848458990454674,0.03803892433643341,1.003556728363037,1.0121188163757324,1.009508490562439,0.0016679847612977028,0.6359977722167969,0,9.102933467183115e-05,True,2.2895297661307268e-05
2180,0.015217702835798264,0.049911074340343475,0.03812812268733978,1.003804326057434,1.0124752521514893,1.009530782699585,0.0017395969480276108,0.645625114440918,0,8.70617362883321e-05,True,2.2933068976271898e-05
2185,0.016227029263973236,0.05123629793524742,0.037904296070337296,1.004056692123413,1.0128062963485718,1.009474754333496,0.0017176344990730286,0.6403903961181641,0,9.378329749406028e-05,True,2.3357832105830312e-05
2190,0.014193406328558922,0.04838407784700394,0.037847861647605896,1.003548264503479,1.0120936632156372,1.009460687637329,0.0016872725682333112,0.6428301930427551,0,9.530965056716093e-05,True,2.3386104658129625e-05
2195,0.012279069051146507,0.04778772220015526,0.03792513161897659,1.0030696392059326,1.0119446516036987,1.0094799995422363,0.0017808318370953202,0.6406833529472351,0,0.00011569439983042996,True,2.3528731617261656e-05
2200,0.015387244522571564,0.05062264949083328,0.037901781499385834,1.0038467645645142,1.01265287399292,1.009474277496338,0.0018421417335048318,0.6389170289039612,0,0.00010326551607505646,True,2.3795706511009485e-05
2205,0.014670820906758308,0.051188282668590546,0.037789490073919296,1.0036675930023193,1.0127942562103271,1.009446144104004,0.0017940318211913109,0.6428016424179077,0,9.48228279082434e-05,True,2.3878872525529005e-05
2210,0.017199529334902763,0.050661392509937286,0.037957411259412766,1.0042997598648071,1.012662649154663,1.0094881057739258,0.0017268666997551918,0.6405774354934692,0,8.174479999269105e-05,True,2.3272117687156424e-05
2215,0.01689179427921772,0.04870843142271042,0.037725795060396194,1.0042228698730469,1.0121747255325317,1.0094302892684937,0.0016124751418828964,0.6498222947120667,0,8.831443091059132e-05,True,2.3421363948727958e-05
2220,0.01563682034611702,0.049626752734184265,0.037433598190546036,1.0039091110229492,1.012404203414917,1.009357213973999,0.0017341792117804289,0.634419858455658,0,9.717156196062027e-05,True,2.4483570086886175e-05
2225,0.016365675255656242,0.04964730143547058,0.03761637210845947,1.0040912628173828,1.0124092102050781,1.0094027519226074,0.0017138717230409384,0.6417186856269836,0,9.191056788812698e-05,True,2.399647382844705e-05
2230,0.016592612490057945,0.04979008808732033,0.037701770663261414,1.004148006439209,1.0124449729919434,1.0094242095947266,0.0017040350940078497,0.6372608542442322,0,9.489190022563165e-05,True,2.3770026018610224e-05
2235,0.01895991899073124,0.04951038956642151,0.03765847533941269,1.004739761352539,1.0123751163482666,1.009413480758667,0.0017161756986752152,0.6380797624588013,0,9.051510626754883e-05,True,2.3909564333735034e-05
2240,0.02045855112373829,0.04797670245170593,0.037479013204574585,1.0051145553588867,1.0119918584823608,1.009368658065796,0.00172091880813241,0.6416767835617065,0,8.696908959889551e-05,True,2.4334991394425742e-05
2245,0.0203620046377182,0.04980960488319397,0.03744174540042877,1.005090355873108,1.012449860572815,1.0093592405319214,0.0017483584815636277,0.6437204480171204,0,7.426127137111748e-05,True,2.4512195523129776e-05
2250,0.018666688352823257,0.0502837710082531,0.0375034436583519,1.0046665668487549,1.0125682353973389,1.0093746185302734,0.0016623805277049541,0.641386091709137,0,9.556037546667817e-05,True,2.4085911718429998e-05
2255,0.01451616920530796,0.0524618960916996,0.03756412863731384,1.0036289691925049,1.0131125450134277,1.009389877319336,0.0017489008605480194,0.6466472744941711,0,0.00010476096276920513,True,2.4234970624092966e-05
2260,0.013165873475372791,0.05046077445149422,0.03780873864889145,1.003291368484497,1.0126125812530518,1.009450912475586,0.0017597039695829153,0.6433840990066528,0,9.588540445360529e-05,True,2.3717449948890135e-05
2265,0.014231993816792965,0.04911763221025467,0.03758668154478073,1.0035579204559326,1.0122768878936768,1.0093953609466553,0.001724075060337782,0.6441841125488281,0,0.00011952461888582936,True,2.4099947040667757e-05
2270,0.019162829965353012,0.04948269948363304,0.0371641181409359,1.0047905445098877,1.0123682022094727,1.0092898607254028,0.0016409497475251555,0.6358693838119507,0,8.791930397946684e-05,True,2.4802153347991407e-05
2275,0.021728910505771637,0.05041395127773285,0.03742067143321037,1.0054320096969604,1.0126008987426758,1.0093539953231812,0.0016717460239306092,0.648261547088623,0,8.433212518229219e-05,True,2.4305916667799465e-05
2280,0.019406965002417564,0.0522599071264267,0.03767549991607666,1.0048515796661377,1.0130620002746582,1.0094176530838013,0.0017905189888551831,0.6360442042350769,0,8.22757649183221e-05,True,2.4122487957356498e-05
2285,0.01596871390938759,0.05123341456055641,0.03756069391965866,1.0039920806884766,1.012805461883545,1.0093889236450195,0.0017856984632089734,0.6426619291305542,0,9.167117989462514e-05,True,2.4368644517380744e-05
2290,0.014484032988548279,0.04937181994318962,0.03772943094372749,1.0036208629608154,1.0123404264450073,1.0094311237335205,0.0017342321807518601,0.6479455828666687,0,7.803045565015519e-05,True,2.3809938284102827e-05
2295,0.013228354044258595,0.04998035728931427,0.03741994500160217,1.0033071041107178,1.0124924182891846,1.0093538761138916,0.0017369622364640236,0.6464950442314148,0,8.146922018341778e-05,True,2.4526070774300024e-05
2300,0.016458816826343536,0.04906856268644333,0.03720180690288544,1.0041146278381348,1.0122647285461426,1.0092992782592773,0.001782969105988741,0.6402608156204224,0,8.391626467825844e-05,True,2.5187084247590974e-05
2305,0.018168669193983078,0.05162745714187622,0.037386275827884674,1.0045421123504639,1.0129039287567139,1.009345293045044,0.0017660498851910233,0.6422586441040039,0,0.00010051986998917208,True,2.4699969799257815e-05
2310,0.019965963438153267,0.049253594130277634,0.037442199885845184,1.0049912929534912,1.0123109817504883,1.009359359741211,0.0016928694676607847,0.6449747681617737,0,9.695272921978802e-05,True,2.432534165563993e-05
2315,0.018928641453385353,0.04974706098437309,0.03716251254081726,1.0047320127487183,1.0124342441558838,1.0092893838882446,0.0016867207596078515,0.6480813026428223,0,9.613589698207492e-05,True,2.495398439350538e-05
2320,0.018070586025714874,0.04928359389305115,0.03705689311027527,1.0045175552368164,1.0123183727264404,1.009263038635254,0.0016700942069292068,0.6511083841323853,0,0.000101438023203864,True,2.514677180442959e-05
2325,0.016219034790992737,0.05198287218809128,0.037063468247652054,1.0040546655654907,1.0129928588867188,1.0092647075653076,0.0016986101400107145,0.6401291489601135,0,8.016799446100396e-05,True,2.5224409910151735e-05
2330,0.0155840078368783,0.05085418373346329,0.037189558148384094,1.0038959980010986,1.0127108097076416,1.009296178817749,0.0016960446955636144,0.63825523853302,0,8.64822196943346e-05,True,2.4921400836319663e-05
2335,0.01832720823585987,0.04984903335571289,0.037430718541145325,1.0045816898345947,1.012459635734558,1.0093564987182617,0.001629623700864613,0.6433764696121216,0,9.861402265684564e-05,True,2.414789742033463e-05
2340,0.02161603793501854,0.04750245064496994,0.03768937289714813,1.005403757095337,1.011873483657837,1.0094211101531982,0.001588085200637579,0.6432150602340698,0,7.09596697252619e-05,True,2.342659718124196e-05
2345,0.022256597876548767,0.048712875694036484,0.03773908317089081,1.0055639743804932,1.0121757984161377,1.0094335079193115,0.0015608664834871888,0.6466752290725708,0,0.00012223396249804125,True,2.3230451915878803e-05
2350,0.01683397777378559,0.05088875815272331,0.03721931576728821,1.0042083263397217,1.0127193927764893,1.0093036890029907,0.0016560334479436278,0.6495014429092407,0,9.707652591336801e-05,True,2.472153937560506e-05
2355,0.011615103110671043,0.048655927181243896,0.036883749067783356,1.002903699874878,1.0121614933013916,1.009219765663147,0.001718603540211916,0.6399772763252258,0,0.00010364951515357446,True,2.571682125562802e-05
2360,0.014171043410897255,0.0496114045381546,0.037240270525217056,1.0035426616668701,1.0124003887176514,1.0093088150024414,0.0017255842685699463,0.6396016478538513,0,9.199173268194155e-05,True,2.490244514774531e-05
2365,0.01881209947168827,0.048467714339494705,0.03752409666776657,1.0047028064727783,1.0121145248413086,1.0093798637390137,0.0017150879139080644,0.6492923498153687,0,0.00011429773941828412,True,2.4212229618569836e-05
2370,0.02239367552101612,0.049808476120233536,0.037351422011852264,1.0055981874465942,1.0124495029449463,1.0093367099761963,0.0016738068079575896,0.6426757574081421,0,8.085694436072462e-05,True,2.4472725272062235e-05
2375,0.02142464369535446,0.05013405904173851,0.03698427602648735,1.005355954170227,1.0125309228897095,1.0092449188232422,0.0016839744057506323,0.658907413482666,0,9.36629004946741e-05,True,2.5362613087054342e-05
2380,0.013870525173842907,0.047238677740097046,0.03648878633975983,1.0034675598144531,1.0118074417114258,1.0091211795806885,0.001627816236577928,0.6413170099258423,0,0.00010266945505971197,True,2.6365909434389323e-05
2385,0.010937864892184734,0.04853430017828941,0.03673999011516571,1.0027344226837158,1.0121312141418457,1.0091838836669922,0.0016636457294225693,0.6434321999549866,0,8.989171058897698e-05,True,2.5878653104882687e-05
2390,0.013235014863312244,0.0515340194106102,0.03707503527402878,1.0033087730407715,1.012880563735962,1.0092675685882568,0.0018250261200591922,0.6457263231277466,0,0.00010351013486822831,True,2.5631889002397656e-05
2395,0.018331751227378845,0.05003716051578522,0.037285514175891876,1.0045828819274902,1.0125067234039307,1.0093201398849487,0.0017943598795682192,0.6457611322402954,0,9.338573476550042e-05,True,2.5032106350408867e-05
2400,0.02174045890569687,0.047927867621183395,0.037147145718336105,1.0054348707199097,1.0119796991348267,1.009285569190979,0.0016481728525832295,0.6430432200431824,0,0.00010179484022047174,True,2.486471385054756e-05
2405,0.01931668445467949,0.049618590623140335,0.03677394986152649,1.0048290491104126,1.012402057647705,1.0091923475265503,0.001670049037784338,0.6376605033874512,0,8.518272708817588e-05,True,2.5815914341364987e-05
2410,0.015766622498631477,0.048545803874731064,0.0367092564702034,1.003941535949707,1.012134075164795,1.0091761350631714,0.001770994276739657,0.6446526646614075,0,0.0001061152432241103,True,2.6308582164347172e-05
2415,0.016705073416233063,0.048675522208213806,0.036765892058610916,1.004176139831543,1.0121665000915527,1.0091904401779175,0.00176639249548316,0.6594188213348389,0,8.664030920834577e-05,True,2.6157533284276724e-05
2420,0.01994379237294197,0.04955018311738968,0.036908432841300964,1.0049858093261719,1.0123850107192993,1.0092259645462036,0.0018339772941544652,0.6462159156799316,0,9.918970147479084e-05,True,2.60546657955274e-05
2425,0.02190627157688141,0.0495869480073452,0.037087343633174896,1.0054762363433838,1.0123941898345947,1.0092706680297852,0.001791511313058436,0.6495460867881775,0,9.643010048581446e-05,True,2.5483474018983543e-05
2430,0.02053241804242134,0.04919770732522011,0.03697201609611511,1.0051329135894775,1.0122969150543213,1.0092418193817139,0.0016541104996576905,0.6437586545944214,0,9.646414347831713e-05,True,2.529413359297905e-05
2435,0.019000330939888954,0.04950091242790222,0.03714021295309067,1.0047500133514404,1.0123727321624756,1.0092839002609253,0.0016001473413780332,0.6419560313224792,0,0.00010533457511921654,True,2.4728527932893485e-05
2440,0.01857174001634121,0.04955918341875076,0.03699282556772232,1.0046427249908447,1.0123872756958008,1.009247064590454,0.0016630056779831648,0.6477987766265869,0,8.678832113955142e-05,True,2.5274093786720186e-05
2445,0.01626008190214634,0.050454381853342056,0.03660599887371063,1.004064917564392,1.012610912322998,1.0091503858566284,0.0017292473930865526,0.6406630873680115,0,0.00010532409169662799,True,2.6413445084472187e-05
2450,0.014672743156552315,0.05072607845067978,0.036764759570360184,1.0036680698394775,1.012678861618042,1.0091900825500488,0.001886345911771059,0.6385675072669983,0,8.613280431904935e-05,True,2.6585377781884745e-05
2455,0.01274510845541954,0.04972777143120766,0.03685951977968216,1.0031862258911133,1.0124294757843018,1.0092138051986694,0.0019088505068793893,0.6428461670875549,0,9.014505353185373e-05,True,2.644363121362403e-05
2460,0.016334256157279015,0.04909297823905945,0.03679604455828667,1.0040833950042725,1.0122706890106201,1.0091979503631592,0.0016073912847787142,0.6451895833015442,0,8.853249581568037e-05,True,2.556382241891697e-05
2465,0.018598373979330063,0.04876834899187088,0.03689739853143692,1.0046494007110596,1.0121896266937256,1.009223222732544,0.0015578476013615727,0.6437140703201294,0,9.659504052874837e-05,True,2.5170811568386853e-05
2470,0.01920708827674389,0.05111515894532204,0.03686978295445442,1.004801630973816,1.0127758979797363,1.00921630859375,0.0016687811585143209,0.637976884841919,0,8.953287485018974e-05,True,2.558304913691245e-05
2475,0.01818171516060829,0.049224603921175,0.03701527789235115,1.0045452117919922,1.0123035907745361,1.009252667427063,0.0016983613604679704,0.6435537338256836,0,8.166343627737883e-05,True,2.5336225007777102e-05
2480,0.014547927305102348,0.04914781451225281,0.03688090294599533,1.0036369562149048,1.012284517288208,1.0092190504074097,0.0016957077896222472,0.6466761827468872,0,0.00010459710300609801,True,2.5645953428465873e-05
2485,0.012403796426951885,0.04928812012076378,0.03666386380791664,1.003100872039795,1.012319564819336,1.009164810180664,0.00174619909375906,0.649178147315979,0,8.934468208757142e-05,True,2.633302574395202e-05
2490,0.010346618480980396,0.0507071390748024,0.0367024727165699,1.0025866031646729,1.01267409324646,1.0091744661331177,0.001798389945179224,0.6557570695877075,0,0.00011729110310150426,True,2.6421068469062448e-05
2495,0.01121063157916069,0.049731723964214325,0.036482930183410645,1.0028026103973389,1.0124304294586182,1.0091196298599243,0.0018117191502824426,0.6448286771774292,0,9.172448185265561e-05,True,2.699565993680153e-05
2500,0.012273148633539677,0.04780704528093338,0.03641112148761749,1.003068208694458,1.0119495391845703,1.0091016292572021,0.0017370544373989105,0.638811469078064,0,0.00010058160562289143,True,2.6912270186585374e-05
2505,0.010724496096372604,0.0497363805770874,0.03674575686454773,1.002681016921997,1.0124316215515137,1.0091853141784668,0.0018520952435210347,0.6428605318069458,0,9.990751659426132e-05,True,2.6509274903219193e-05
2510,0.00984924752265215,0.047553304582834244,0.03673369064927101,1.0024622678756714,1.0118861198425293,1.0091822147369385,0.0018498299177736044,0.6560102701187134,0,0.00010720289527767577,True,2.653061346791219e-05
2515,0.014371655881404877,0.048833657056093216,0.03642144799232483,1.003592848777771,1.0122060775756836,1.0091042518615723,0.001728891278617084,0.646196722984314,0,8.113746430600885e-05,True,2.6859648642130196e-05
2520,0.018216406926512718,0.05020161345601082,0.03630639612674713,1.004554033279419,1.0125477313995361,1.009075403213501,0.0017171102808788419,0.6458585262298584,0,0.00010349549882756691,True,2.70982418442145e-05
2525,0.018344560638070107,0.04837696999311447,0.03633274883031845,1.0045859813690186,1.012091875076294,1.0090820789337158,0.001770065980963409,0.6388201713562012,0,9.87695816306611e-05,True,2.7213325665798038e-05
2530,0.01740197092294693,0.049074605107307434,0.03685148060321808,1.0043504238128662,1.0122661590576172,1.009211778640747,0.0017547148745507002,0.6441833972930908,0,8.763970926577001e-05,True,2.5913046556524932e-05
2535,0.014524656347930431,0.05050696060061455,0.03698913753032684,1.0036311149597168,1.0126240253448486,1.0092461109161377,0.001726978924125433,0.6526697874069214,0,0.00011187712379838827,True,2.5494662622804753e-05
2540,0.010080739855766296,0.049078166484832764,0.03640923649072647,1.0025200843811035,1.0122671127319336,1.009101152420044,0.0017690403619781137,0.6498769521713257,0,9.177002381895807e-05,True,2.7026304451283067e-05
2545,0.00787592027336359,0.04813215881586075,0.036157332360744476,1.0019689798355103,1.0120306015014648,1.0090382099151611,0.0018051984952762723,0.6478151082992554,0,9.699716711830552e-05,True,2.7768501240643673e-05
2550,0.006174512207508087,0.0477568581700325,0.036252427846193314,1.001543641090393,1.011936902999878,1.0090620517730713,0.0018229447305202484,0.6527278423309326,0,9.085847012910698e-05,True,2.759894596238155e-05
2555,0.005149052944034338,0.05032165348529816,0.03623233735561371,1.0012872219085693,1.012577772140503,1.0090569257736206,0.0019037264864891768,0.6415359973907471,0,0.00010303165976477088,True,2.7940717700403184e-05
2560,0.006350174080580473,0.052439842373132706,0.03640081733465195,1.0015875101089478,1.0131069421768188,1.009099006652832,0.001960339955985546,0.6437777876853943,0,0.00011068291668263772,True,2.7741607482312247e-05
2565,0.010995401069521904,0.049114763736724854,0.03650839626789093,1.0027488470077515,1.0122761726379395,1.0091259479522705,0.0018506462220102549,0.6511574387550354,0,0.00010895296500467047,True,2.7073278033640236e-05
2570,0.016728023067116737,0.04867957904934883,0.03656374663114548,1.0041818618774414,1.0121674537658691,1.0091397762298584,0.0017705262871459126,0.6496986150741577,0,9.965687394020495e-05,True,2.6656498448573984e-05
2575,0.016033804044127464,0.04944286122918129,0.03661850839853287,1.0040082931518555,1.0123581886291504,1.0091533660888672,0.0017646889900788665,0.6448208093643188,0,8.964890070205883e-05,True,2.6504490961087868e-05
2580,0.011000657454133034,0.052198782563209534,0.03664698451757431,1.0027501583099365,1.0130467414855957,1.0091605186462402,0.0017593556549400091,0.6554586887359619,0,0.00010661933286157819,True,2.6418685592943802e-05
2585,0.007510040886700153,0.051208723336458206,0.03668538108468056,1.0018775463104248,1.0127993822097778,1.0091701745986938,0.00181358412373811,0.6455026865005493,0,8.650704618951324e-05,True,2.651684008014854e-05
2590,0.007786354050040245,0.04929959774017334,0.03652145341038704,1.0019465684890747,1.0123224258422852,1.009129285812378,0.0018644784577190876,0.6531960964202881,0,0.00011108787832541744,True,2.7093046810477972e-05
2595,0.00811044778674841,0.04770921543240547,0.03619992733001709,1.0020275115966797,1.0119249820709229,1.0090489387512207,0.0018562600016593933,0.6528288125991821,0,9.589893435140626e-05,True,2.78461302514188e-05
2600,0.00946580059826374,0.050735317170619965,0.03606921434402466,1.0023664236068726,1.012681007385254,1.0090162754058838,0.0018747543217614293,0.651848316192627,0,8.832179416691178e-05,True,2.8234137062099762e-05
2605,0.011375682428479195,0.048904456198215485,0.03620728850364685,1.0028438568115234,1.012223720550537,1.0090506076812744,0.0017399193020537496,0.6566940546035767,0,0.00010825751997903195,True,2.741942080319859e-05
2610,0.014245697297155857,0.051876094192266464,0.036666139960289,1.0035613775253296,1.0129661560058594,1.0091654062271118,0.0017277676379308105,0.6514553427696228,0,0.00010818822745513498,True,2.6264588086633012e-05
2615,0.015339799225330353,0.049680523574352264,0.03655029088258743,1.0038349628448486,1.0124175548553467,1.009136438369751,0.0017988054314628243,0.6372691988945007,0,9.681659701543358e-05,True,2.678662713151425e-05
2620,0.01439862884581089,0.04968448728322983,0.036168403923511505,1.0035996437072754,1.012418508529663,1.0090410709381104,0.0017733501736074686,0.6386865973472595,0,9.861177908465456e-05,True,2.7627869712887332e-05
2625,0.014052314683794975,0.04975359886884689,0.036070823669433594,1.0035130977630615,1.012435793876648,1.0090166330337524,0.0018012801883742213,0.6469683051109314,0,9.932857867181874e-05,True,2.7965068511548452e-05
2630,0.014945998787879944,0.04963839799165726,0.03620585799217224,1.0037364959716797,1.0124070644378662,1.0090503692626953,0.001769138383679092,0.6405311822891235,0,9.694025787701171e-05,True,2.7520969524630345e-05
2635,0.017466703429818153,0.050835415720939636,0.036332450807094574,1.0043666362762451,1.0127060413360596,1.0090819597244263,0.0017135831294581294,0.6582549810409546,0,0.00012013473899367006,True,2.702285928535275e-05
2640,0.017826832830905914,0.05051122605800629,0.03624496981501579,1.0044565200805664,1.0126252174377441,1.0090601444244385,0.0017517422093078494,0.6483132839202881,0,0.00010034089633219868,True,2.7365646019461565e-05
2645,0.01547443401068449,0.04901118203997612,0.035999834537506104,1.003868579864502,1.0122504234313965,1.0089988708496094,0.0017972879577428102,0.6469115018844604,0,0.00010144554008935238,True,2.812697675835807e-05
2650,0.008456540293991566,0.0483534038066864,0.03604069724678993,1.0021140575408936,1.012086033821106,1.0090091228485107,0.0018178090685978532,0.6517529487609863,0,9.12642362894275e-05,True,2.810079968185164e-05
2655,0.00789838656783104,0.049713440239429474,0.03622147813439369,1.0019745826721191,1.0124257802963257,1.009054183959961,0.001890642219223082,0.6465989351272583,0,9.603948529674031e-05,True,2.7917776606045663e-05
2660,0.009914669208228588,0.05119214951992035,0.03606127202510834,1.0024785995483398,1.0127952098846436,1.0090141296386719,0.0019129188731312752,0.648734450340271,0,0.00010637538840409458,True,2.8393355023581535e-05
2665,0.011103231459856033,0.04937206581234932,0.035633500665426254,1.00277578830719,1.0123405456542969,1.0089073181152344,0.0019085421226918697,0.6448659896850586,0,8.837920433544365e-05,True,2.9445622203638777e-05
2670,0.01283467561006546,0.04790657386183739,0.035669319331645966,1.0032086372375488,1.0119743347167969,1.0089163780212402,0.0018558739684522152,0.6534394025802612,0,0.0001043436615526027,True,2.9161517886677757e-05
2675,0.013520958833396435,0.048576608300209045,0.03606846556067467,1.0033801794052124,1.0121417045593262,1.0090160369873047,0.001779248472303152,0.6613811254501343,0,9.239355991573454e-05,True,2.7894609957002103e-05
2680,0.01244739256799221,0.0501946322619915,0.03623199462890625,1.0031118392944336,1.0125460624694824,1.009056806564331,0.0018256475450471044,0.6466410160064697,0,0.00010016752813503538,True,2.76551963906968e-05
2685,0.010572811588644981,0.04845932498574257,0.03629899397492409,1.00264310836792,1.0121123790740967,1.0090737342834473,0.0017623219173401594,0.6487939357757568,0,0.00011835211868537007,True,2.7271358703728765e-05
2690,0.009759459644556046,0.048283662647008896,0.03626711666584015,1.0024398565292358,1.012068510055542,1.0090656280517578,0.0017701752949506044,0.6501482129096985,0,0.00010920175026363102,True,2.7376028810977004e-05
2695,0.012877261266112328,0.04807927459478378,0.03616614639759064,1.0032193660736084,1.0120174884796143,1.0090404748916626,0.0017481091199442744,0.6570146083831787,0,0.00010587902011571646,True,2.7546870114747435e-05
2700,0.013032612390816212,0.04973796755075455,0.03563902527093887,1.0032581090927124,1.0124318599700928,1.008908748626709,0.0018414125079289079,0.6505797505378723,0,9.395182585533851e-05,True,2.9185228413552977e-05
2705,0.012846618890762329,0.051490504294633865,0.035764180123806,1.0032116174697876,1.0128698348999023,1.0089399814605713,0.0019021091284230351,0.6473721861839294,0,0.00010898385359130945,True,2.9092339900671504e-05
2710,0.01213502511382103,0.049692828208208084,0.03607073426246643,1.0030336380004883,1.012420654296875,1.0090166330337524,0.0018587333615869284,0.6533008217811584,0,0.00010778673912810925,True,2.8171338271931745e-05
2715,0.010909251868724823,0.048137225210666656,0.036263011395931244,1.0027272701263428,1.0120320320129395,1.0090646743774414,0.0018172357231378555,0.6530166864395142,0,0.00010298965809759047,True,2.7550337108550593e-05
2720,0.011889111250638962,0.04795427992939949,0.03630492836236954,1.0029722452163696,1.011986255645752,1.0090751647949219,0.0017753344727680087,0.6529660224914551,0,0.0001122548988933591,True,2.730078631429933e-05
2725,0.01107250340282917,0.0493704117834568,0.03602222353219986,1.0027680397033691,1.0123400688171387,1.0090044736862183,0.0017813947051763535,0.654523491859436,0,0.00010726534861612965,True,2.8016736905556172e-05
2730,0.011571504175662994,0.049604687839746475,0.03580597788095474,1.0028928518295288,1.012398600578308,1.0089504718780518,0.0018084378680214286,0.6575791835784912,0,9.851974504039355e-05,True,2.864882117137313e-05
2735,0.011129324324429035,0.04924087971448898,0.03605198487639427,1.0027823448181152,1.0123077630996704,1.0090118646621704,0.0019041365012526512,0.6518787145614624,0,0.00013243161290871916,True,2.8383470635162666e-05
2740,0.012164199724793434,0.04856979101896286,0.036112621426582336,1.0030410289764404,1.0121400356292725,1.0090270042419434,0.0018785196589305997,0.6501238942146301,0,0.00010470163806105035,True,2.8139307687524706e-05
2745,0.010827071964740753,0.04874960333108902,0.036049943417310715,1.00270676612854,1.012184977531433,1.0090113878250122,0.0018627326935529709,0.6560511589050293,0,0.00010448728516766295,True,2.823668546625413e-05
2750,0.010691313073039055,0.04960395768284798,0.0358421728014946,1.002672791481018,1.0123984813690186,1.008959412574768,0.0018176776356995106,0.652693510055542,0,9.061495540448903e-05,True,2.8590857255039737e-05
2755,0.011498475447297096,0.050088055431842804,0.03586459904909134,1.0028746128082275,1.012519359588623,1.008965015411377,0.0017996476963162422,0.6607046127319336,0,0.00011465959113519998,True,2.8471518817241304e-05
2760,0.01399808470159769,0.05063696578145027,0.03585502505302429,1.0034995079040527,1.0126564502716064,1.008962631225586,0.0017675684066489339,0.6574574112892151,0,0.00011326539920154647,True,2.8383417884469964e-05
2765,0.01568376086652279,0.04864088445901871,0.03599707782268524,1.0039207935333252,1.012157917022705,1.008998155593872,0.0017870445735752583,0.642682671546936,0,9.803727967348825e-05,True,2.8097889298805967e-05
2770,0.017222855240106583,0.04770783334970474,0.03609377145767212,1.0043056011199951,1.0119247436523438,1.0090223550796509,0.0017579479608684778,0.6497161388397217,0,0.0001126577972707487,True,2.7758227588492446e-05
2775,0.014907211996614933,0.048946481198072433,0.03591048717498779,1.0037267208099365,1.0122342109680176,1.0089765787124634,0.001770137227140367,0.6499118804931641,0,8.586503204100623e-05,True,2.8254569770069793e-05
2780,0.01277188304811716,0.049526847898960114,0.03589104115962982,1.0031929016113281,1.0123791694641113,1.0089716911315918,0.0018196406308561563,0.6586641669273376,0,0.00010194944451542773,True,2.847661016858183e-05
2785,0.011756211519241333,0.05027109757065773,0.03598947450518608,1.002938985824585,1.0125651359558105,1.0089962482452393,0.0018735448829829693,0.6468774080276489,0,8.13507988260157e-05,True,2.8425016353139654e-05
2790,0.012236680835485458,0.049722932279109955,0.03595618158578873,1.0030591487884521,1.0124281644821167,1.0089880228042603,0.0018302222015336156,0.6455122828483582,0,0.000104159367202422,True,2.8351558285066858e-05
2795,0.013275191187858582,0.04670834168791771,0.03576049581170082,1.0033187866210938,1.0116748809814453,1.0089390277862549,0.00169425830245018,0.6580562591552734,0,0.00011950943093647719,True,2.837371539499145e-05
2800,0.01232681330293417,0.04874322563409805,0.035492971539497375,1.0030816793441772,1.012183427810669,1.0088722705841064,0.0016907211393117905,0.6537069082260132,0,8.747674732514243e-05,True,2.9037179047008976e-05
2805,0.00916400458663702,0.05171286687254906,0.03566386178135872,1.002290964126587,1.012925386428833,1.008914828300476,0.0018384556751698256,0.6557596921920776,0,0.0001093844569709494,True,2.9112870834069327e-05
2810,0.009310631081461906,0.050715308636426926,0.03595979884266853,1.0023276805877686,1.0126761198043823,1.008988857269287,0.001893194392323494,0.6537654995918274,0,0.00011626741846244639,True,2.8571506845764816e-05
2815,0.0121932877227664,0.04900209233164787,0.035789936780929565,1.003048300743103,1.0122480392456055,1.008946418762207,0.0019168753642588854,0.6472324132919312,0,0.00010199847559320546,True,2.908213355112821e-05
2820,0.013920720666646957,0.04723275080323219,0.035517506301403046,1.0034801959991455,1.0118060111999512,1.008878231048584,0.0018048281781375408,0.6492003202438354,0,0.0001030640801395299,True,2.936338023573626e-05
2825,0.01357980165630579,0.04816785454750061,0.035776637494564056,1.0033948421478271,1.0120396614074707,1.0089432001113892,0.0017885600682348013,0.652806282043457,0,0.00011017949246263934,True,2.8652964829234406e-05
2830,0.013057136908173561,0.0509176030755043,0.0361122265458107,1.0032641887664795,1.0127266645431519,1.0090270042419434,0.0017831178847700357,0.6463398933410645,0,0.00010226349021257444,True,2.77993967756629e-05
2835,0.011656703427433968,0.04999763146042824,0.03622683510184288,1.0029141902923584,1.0124967098236084,1.0090556144714355,0.001720772939734161,0.6526132822036743,0,7.362547179833959e-05,True,2.7305995899951085e-05
2840,0.009869330562651157,0.04821723699569702,0.036298967897892,1.002467393875122,1.012052059173584,1.0090737342834473,0.0017703126650303602,0.6536611914634705,0,0.00010232286969955276,True,2.7298894565319642e-05
2845,0.01051715761423111,0.04792304337024689,0.03616288676857948,1.002629280090332,1.0119783878326416,1.0090396404266357,0.001794069423340261,0.6586511135101318,0,0.00011457841401278614,True,2.7714457246474922e-05
2850,0.012209120206534863,0.048675816506147385,0.03556445240974426,1.0030522346496582,1.0121665000915527,1.0088900327682495,0.00179178430698812,0.6536452770233154,0,0.0001003327775266084,True,2.9198530683061108e-05
2855,0.011240173131227493,0.051055364310741425,0.035325005650520325,1.002810001373291,1.012761116027832,1.0088303089141846,0.0017936008516699076,0.641981840133667,0,0.00010050563297372208,True,2.981427860504482e-05
2860,0.0109163299202919,0.05115937441587448,0.035421088337898254,1.002729058265686,1.012787103652954,1.0088542699813843,0.0018102782778441906,0.6542260646820068,0,0.00012603733952248878,True,2.9627241019625217e-05
2865,0.011146544478833675,0.048282090574502945,0.03562471643090248,1.002786636352539,1.012068271636963,1.0089051723480225,0.0017973278881981969,0.6508945226669312,0,0.00011994000534718963,True,2.906622103182599e-05
2870,0.01202187966555357,0.047999195754528046,0.03580150008201599,1.0030053853988647,1.0119974613189697,1.0089492797851562,0.0018105509225279093,0.6654531955718994,0,0.00010691801473444037,True,2.8668437153100967e-05
2875,0.012772247195243835,0.049951158463954926,0.03557949513196945,1.0031930208206177,1.0124852657318115,1.0088938474655151,0.0018496474949643016,0.6505815982818604,0,9.543546231866031e-05,True,2.9365128284553066e-05
2880,0.0115721570327878,0.049849726259708405,0.03573381528258324,1.0028929710388184,1.0124598741531372,1.00893235206604,0.0018591206753626466,0.6552022695541382,0,7.30710809205762e-05,True,2.9010667276452295e-05
2885,0.010828757658600807,0.04819699749350548,0.0357646644115448,1.0027072429656982,1.0120469331741333,1.0089401006698608,0.0019212716724723577,0.649309515953064,0,0.00010450949102361706,True,2.916303310485091e-05
2890,0.01157747209072113,0.047057535499334335,0.03534724563360214,1.0028942823410034,1.0117621421813965,1.008835792541504,0.0018339880043640733,0.6473910212516785,0,7.50612932904805e-05,True,2.9901151719968766e-05
2895,0.011848563328385353,0.049070537090301514,0.03520970791578293,1.0029621124267578,1.0122652053833008,1.0088014602661133,0.0017880379455164075,0.6579391956329346,0,0.00010859782203526641,True,3.0092563974903896e-05
2900,0.014322188682854176,0.05149437114596367,0.03548615798354149,1.0035805702209473,1.0128707885742188,1.0088704824447632,0.0018081975867971778,0.6497397422790527,0,8.232978628022385e-05,True,2.9454387913574465e-05
2905,0.01560814306139946,0.05028311908245087,0.035526342689991,1.0039019584655762,1.0125681161880493,1.008880615234375,0.001793873030692339,0.6514685153961182,0,0.00011335823599415551,True,2.9301758331712335e-05
2910,0.014391779899597168,0.04746858775615692,0.03561914712190628,1.0035978555679321,1.0118649005889893,1.0089037418365479,0.0018216283060610294,0.6609431505203247,0,0.00010327767706896359,True,2.9165508749429137e-05
2915,0.013361609540879726,0.0470728725194931,0.03532787412405014,1.0033403635025024,1.011765956878662,1.0088310241699219,0.001830716384574771,0.652484655380249,0,9.533719029381963e-05,True,2.993862835865002e-05
2920,0.01165800541639328,0.0485040657222271,0.03517571836709976,1.0029144287109375,1.0121235847473145,1.0087928771972656,0.0018637580797076225,0.6547795534133911,0,9.282472506473033e-05,True,3.0448285542661324e-05
2925,0.011409296654164791,0.04889853298664093,0.035070762038230896,1.002852201461792,1.012222170829773,1.0087666511535645,0.00182422436773777,0.6558104157447815,0,0.00010836475853168853,True,3.0577713914681226e-05
2930,0.012337547726929188,0.04894416034221649,0.03518691286444664,1.003084421157837,1.0122336149215698,1.0087957382202148,0.0017796506872400641,0.662464439868927,0,9.862839714407581e-05,True,3.0121002055238932e-05
2935,0.01043701358139515,0.048026032745838165,0.03539726138114929,1.0026092529296875,1.0120041370391846,1.0088481903076172,0.0018291756277903914,0.6563655138015747,0,9.716167303845838e-05,True,2.9756642106804065e-05
2940,0.011204935610294342,0.04834044352173805,0.03557245060801506,1.0028011798858643,1.012082815170288,1.0088920593261719,0.0018302284879609942,0.6469238996505737,0,0.00010068594329848213,True,2.9315136998775415e-05
2945,0.010132783092558384,0.04929812625050545,0.03564286231994629,1.002533197402954,1.012321949005127,1.0089097023010254,0.0018564005149528384,0.6524449586868286,0,0.00011535124644397506,True,2.9231468943180516e-05
2950,0.00928539875894785,0.049009233713150024,0.0355660654604435,1.0023212432861328,1.0122499465942383,1.0088903903961182,0.0018796309595927596,0.6511436700820923,0,0.00010620175447268334,True,2.9510223612305708e-05
2955,0.007673364598304033,0.04965290054678917,0.03524133935570717,1.0019183158874512,1.0124106407165527,1.0088093280792236,0.0019268691539764404,0.6551978588104248,0,9.254925403816722e-05,True,3.0514000172843225e-05
2960,0.00790302362293005,0.049308810383081436,0.03519923985004425,1.0019757747650146,1.0123246908187866,1.0087988376617432,0.0019434279529377818,0.6514343023300171,0,0.00010539844742192786,True,3.0684517696499825e-05
2965,0.009895909577608109,0.04842820391058922,0.03518521785736084,1.0024739503860474,1.0121047496795654,1.0087952613830566,0.001908936770632863,0.6552985906600952,0,0.00011425140485856735,True,3.059075970668346e-05
2970,0.012153520248830318,0.04715239256620407,0.035140588879585266,1.0030384063720703,1.0117859840393066,1.0087840557098389,0.0018460811115801334,0.6453791856765747,0,0.00010899636027498745,True,3.047553400392644e-05
2975,0.012778016738593578,0.04767293855547905,0.03512899577617645,1.0031944513320923,1.011915922164917,1.0087811946868896,0.0018226845422759652,0.6583731174468994,0,8.537463086151289e-05,True,3.0422164854826406e-05
2980,0.012803366407752037,0.05078687146306038,0.03532460331916809,1.0032007694244385,1.012694001197815,1.0088300704956055,0.0018446670146659017,0.6429059505462646,0,9.798790761551617e-05,True,2.9996535886311904e-05
2985,0.012142534367740154,0.04969748109579086,0.03535008430480957,1.003035545349121,1.0124218463897705,1.0088365077972412,0.0018569359090179205,0.653984785079956,0,0.00011386563563801065,True,2.9975946745253168e-05
2990,0.013867039233446121,0.04838605225086212,0.03495169058442116,1.0034666061401367,1.0120941400527954,1.0087368488311768,0.0018594303401187062,0.657684862613678,0,0.00010356935959544825,True,3.101352558587678e-05
2995,0.012940775603055954,0.04761223495006561,0.03464905917644501,1.003235101699829,1.011900782585144,1.0086612701416016,0.0019638778176158667,0.6556582450866699,0,0.00010924154389464981,True,3.219737482140772e-05
3000,0.010951143689453602,0.0482025109231472,0.03477255254983902,1.0027377605438232,1.0120482444763184,1.0086920261383057,0.002008431125432253,0.6622923016548157,0,0.00011079507176419586,True,3.204523090971634e-05
3005,0.007403707131743431,0.0484592467546463,0.03505334258079529,1.001850962638855,1.0121123790740967,1.0087623596191406,0.0020218128338456154,0.6590499877929688,0,0.00011361819726021731,True,3.136543818982318e-05
3010,0.008604967966675758,0.04809532314538956,0.035062842071056366,1.0021512508392334,1.012021541595459,1.0087647438049316,0.001915079657919705,0.6537148952484131,0,0.00012363898325550753,True,3.09309471049346e-05
3015,0.010085520334541798,0.04906952381134033,0.03507101535797119,1.002521276473999,1.0122649669647217,1.0087666511535645,0.0018664515810087323,0.6560003757476807,0,9.629362666735986e-05,True,3.0730414437130094e-05
3020,0.010956273414194584,0.0481744110584259,0.03504201024770737,1.0027389526367188,1.0120413303375244,1.0087594985961914,0.0018349516903981566,0.6539386510848999,0,0.00010253845041073247,True,3.069195372518152e-05
3025,0.009332863613963127,0.04739068076014519,0.0348685123026371,1.002333164215088,1.0118454694747925,1.008716106414795,0.0019245371222496033,0.654961347579956,0,0.00010240690217675799,True,3.1472947739530355e-05
3030,0.009084884077310562,0.04894663020968437,0.03496637940406799,1.0022711753845215,1.0122342109680176,1.0087405443191528,0.0019415870774537325,0.6509600877761841,0,0.00010377823157650737,True,3.128112439299002e-05
3035,0.007747282739728689,0.04784940928220749,0.03525293990969658,1.0019367933273315,1.0119600296020508,1.0088121891021729,0.001910812221467495,0.6590496897697449,0,9.6274459741875e-05,True,3.0424760552705266e-05
3040,0.007803418207913637,0.04670625925064087,0.035403214395046234,1.0019508600234985,1.011674404144287,1.008849859237671,0.0018833924550563097,0.6506824493408203,0,9.022739081413283e-05,True,2.9939044907223433e-05
3045,0.007821764796972275,0.048885200172662735,0.03545820340514183,1.001955509185791,1.012218952178955,1.0088634490966797,0.001885780249722302,0.659546971321106,0,9.875151810389543e-05,True,2.9806878956151195e-05
3050,0.006223657168447971,0.04757024347782135,0.03523903340101242,1.0015559196472168,1.0118904113769531,1.0088087320327759,0.001913890358991921,0.6623242497444153,0,0.00014576367878777483,True,3.0472303478745744e-05
3055,0.007714853156358004,0.047488171607255936,0.03487537428736687,1.001928687095642,1.0118697881698608,1.0087178945541382,0.0019112210720777512,0.657625138759613,0,0.00012446873071953293,True,3.1405048503074795e-05
3060,0.010103804990649223,0.04844050109386444,0.03477240726351738,1.0025259256362915,1.0121078491210938,1.0086920261383057,0.0019195141503587365,0.649543285369873,0,9.7490473682565e-05,True,3.170469790347852e-05
3065,0.014031246304512024,0.04874362424015999,0.0348658561706543,1.0035077333450317,1.012183427810669,1.0087155103683472,0.0018441922729834914,0.6610338687896729,0,0.00011354590057885612,True,3.118252789136022e-05
3070,0.012633686885237694,0.04717220738530159,0.03499326482415199,1.0031583309173584,1.0117908716201782,1.0087473392486572,0.0018257000483572483,0.6582438349723816,0,7.91865044785208e-05,True,3.0785151466261595e-05
3075,0.012040332891047001,0.048173051327466965,0.03510857746005058,1.0030100345611572,1.0120408535003662,1.0087761878967285,0.0018381859408691525,0.6593917608261108,0,0.00010041722404691822,True,3.0530682124663144e-05
3080,0.010862951166927814,0.04897734895348549,0.035043250769376755,1.0027157068252563,1.0122418403625488,1.0087597370147705,0.0019106592517346144,0.6541001796722412,0,0.00010831292878668588,True,3.096479122177698e-05
3085,0.009011945687234402,0.04794221371412277,0.03490518778562546,1.0022530555725098,1.0119832754135132,1.0087252855300903,0.0019754325039684772,0.6578015089035034,0,9.098192357496914e-05,True,3.1570543796988204e-05
3090,0.010785148479044437,0.046429749578237534,0.03476210683584213,1.0026962757110596,1.0116053819656372,1.008689522743225,0.001886882702820003,0.6698547601699829,0,9.162385322352272e-05,True,3.1613111787009984e-05
3095,0.013529432006180286,0.04834833741188049,0.03477410972118378,1.0033822059631348,1.012084722518921,1.0086925029754639,0.0018752140458673239,0.6539616584777832,0,0.0001014273658456686,True,3.153716170345433e-05
3100,0.01610739156603813,0.04931507259607315,0.035168543457984924,1.0040267705917358,1.0123262405395508,1.0087910890579224,0.001864296616986394,0.6579065322875977,0,0.00011049911468142655,True,3.0467639589915052e-05
3105,0.015073787420988083,0.05031038448214531,0.03514811769127846,1.0037684440612793,1.0125749111175537,1.0087859630584717,0.0018421208951622248,0.6645607948303223,0,0.00010040405544055443,True,3.0440494811045937e-05
3110,0.014076175168156624,0.04882558807730675,0.034888461232185364,1.003519058227539,1.0122039318084717,1.008721113204956,0.0017729733372107148,0.6645140647888184,0,0.00010421374677194685,True,3.0873139621689916e-05
3115,0.011526757851243019,0.04811390861868858,0.03453186899423599,1.002881646156311,1.0120261907577515,1.008631944656372,0.0018330317689105868,0.6622872352600098,0,9.3207002881988e-05,True,3.202540028723888e-05
3120,0.010025951080024242,0.049098581075668335,0.0344928540289402,1.0025064945220947,1.0122721195220947,1.008622169494629,0.0019094847375527024,0.6573973894119263,0,0.00011949631393149969,True,3.2408395782113075e-05
3125,0.01083722710609436,0.0491713248193264,0.034801602363586426,1.0027092695236206,1.012290358543396,1.0086994171142578,0.001871317159384489,0.6611126661300659,0,0.00011595241608605786,True,3.1450643291464075e-05
3130,0.010157184675335884,0.047253306955099106,0.03508647531270981,1.0025392770767212,1.0118111371994019,1.0087705850601196,0.0018614126602187753,0.6676961183547974,0,0.00011608702743414072,True,3.0671482818434015e-05
3135,0.009472188539803028,0.048982106149196625,0.03492969647049904,1.0023679733276367,1.0122430324554443,1.008731484413147,0.0017852664459496737,0.6585556268692017,0,0.00011614003957988299,True,3.080916576436721e-05
3140,0.008736944757401943,0.049099504947662354,0.03474729135632515,1.0021841526031494,1.0122723579406738,1.008685827255249,0.0018343017436563969,0.6576512455940247,0,0.00011015874876173237,True,3.1460251193493605e-05
3145,0.009740810841321945,0.049474086612463,0.03481878340244293,1.0024352073669434,1.0123660564422607,1.0087037086486816,0.0018934113904833794,0.6687608361244202,0,0.00011253218281493944,True,3.148663017782383e-05
3150,0.010977574624121189,0.04924655705690384,0.034566741436719894,1.002744436264038,1.0123090744018555,1.0086407661437988,0.001925722579471767,0.6540994644165039,0,0.00010810162130392626,True,3.2271032978314906e-05
3155,0.010420359671115875,0.047789692878723145,0.03412795439362526,1.0026050806045532,1.011945128440857,1.008531093597412,0.001952783321030438,0.6605319976806641,0,9.766800932574722e-05,True,3.3550568332429975e-05
3160,0.011278033256530762,0.048937421292066574,0.034264881163835526,1.002819538116455,1.0122319459915161,1.0085651874542236,0.0019152776803821325,0.6608769297599792,0,0.00010110477065611603,True,3.303968333057128e-05
3165,0.009949500672519207,0.04927249997854233,0.03439485654234886,1.0024874210357666,1.0123156309127808,1.008597731590271,0.001859390875324607,0.6655151844024658,0,0.00012609644963436934,True,3.2485775591339916e-05
3170,0.010248777456581593,0.04940667375922203,0.03463860601186752,1.002562165260315,1.0123491287231445,1.008658766746521,0.0018355133943259716,0.6555970907211304,0,9.595458568699045e-05,True,3.1750896596349776e-05
3175,0.010407359339296818,0.048694413155317307,0.03484734147787094,1.0026018619537354,1.0121712684631348,1.0087108612060547,0.0018970710225403309,0.6676342487335205,0,0.00010618556251614376,True,3.142513014608994e-05
3180,0.012271902523934841,0.04850975051522255,0.034795768558979034,1.003067970275879,1.012125015258789,1.0086979866027832,0.0019275087397545576,0.6616252660751343,0,0.00010595377212306178,True,3.167393515468575e-05
3185,0.01237405277788639,0.047756604850292206,0.034488700330257416,1.0030934810638428,1.011936902999878,1.0086212158203125,0.001922369236126542,0.6578506827354431,0,0.00011136989735534552,True,3.246845881221816e-05
3190,0.010810239240527153,0.047823477536439896,0.03431493416428566,1.0027024745941162,1.011953592300415,1.008577823638916,0.0018788953311741352,0.6511787176132202,0,0.00010294714479518425,True,3.277178620919585e-05
3195,0.010749604552984238,0.047835588455200195,0.03453326225280762,1.0026874542236328,1.0119566917419434,1.0086323022842407,0.0018471281509846449,0.6576528549194336,0,9.382484498749609e-05,True,3.2071853638626635e-05
3200,0.012443285435438156,0.04808619245886803,0.03484983742237091,1.0031107664108276,1.0120192766189575,1.0087114572525024,0.0018493225798010826,0.6580191850662231,0,0.00010146330367513227,True,3.1243194825947285e-05
3205,0.012129035778343678,0.04949411749839783,0.03493558615446091,1.0030322074890137,1.0123710632324219,1.0087329149246216,0.001838757423684001,0.6534726619720459,0,0.0001010698941738565,True,3.0981704185251147e-05
3210,0.011191039346158504,0.048333797603845596,0.03470511734485626,1.0027977228164673,1.0120811462402344,1.0086753368377686,0.0018573026172816753,0.6657334566116333,0,0.00011272345028741922,True,3.16535952151753e-05
3215,0.010874965228140354,0.050183508545160294,0.034449268132448196,1.0027186870574951,1.0125432014465332,1.0086113214492798,0.0018976153805851936,0.6594486832618713,0,9.132968942911927e-05,True,3.24800748785492e-05
3220,0.010564017109572887,0.051121633499860764,0.0345095694065094,1.002640962600708,1.01277756690979,1.0086264610290527,0.001894071465358138,0.6662536859512329,0,0.00011464025262070856,True,3.230603033443913e-05
3225,0.010728389024734497,0.04854172468185425,0.03480960428714752,1.002682089805603,1.0121331214904785,1.0087013244628906,0.001881181844510138,0.6602014303207397,0,0.00010056008839538467,True,3.146622475469485e-05
3230,0.010230832733213902,0.047843243926763535,0.034673210233449936,1.0025577545166016,1.0119585990905762,1.008667230606079,0.0019133860478177667,0.6556723117828369,0,0.00011294021563204592,True,3.194472083123401e-05
3235,0.009580203332006931,0.04911266267299652,0.03438252583146095,1.0023950338363647,1.0122756958007812,1.0085946321487427,0.001922618132084608,0.6647298336029053,0,9.648136272113239e-05,True,3.2752104743849486e-05
3240,0.010496899485588074,0.04870813712477684,0.03430354222655296,1.002624273300171,1.0121746063232422,1.0085749626159668,0.0018940289737656713,0.6617409586906433,0,9.97519355089868e-05,True,3.285740967839956e-05
3245,0.010879870504140854,0.04796686768531799,0.034391045570373535,1.0027198791503906,1.0119893550872803,1.0085967779159546,0.001830020104534924,0.6616994738578796,0,9.818850822402485e-05,True,3.239023862988688e-05
3250,0.010760694742202759,0.04788675904273987,0.03432638198137283,1.002690076828003,1.0119693279266357,1.0085805654525757,0.0018642042996361852,0.6636550426483154,0,0.000123371414528499,True,3.268643922638148e-05
3255,0.011613510549068451,0.04950224608182907,0.03430557996034622,1.0029033422470093,1.0123729705810547,1.008575439453125,0.0019022544147446752,0.6647536754608154,0,0.00010416704002444557,True,3.2881285733310506e-05
3260,0.011934933252632618,0.04912105202674866,0.03420259803533554,1.0029836893081665,1.0122778415679932,1.008549690246582,0.001879219082184136,0.6596505045890808,0,0.00012002548515130184,True,3.307444421807304e-05
3265,0.012014643289148808,0.04724942892789841,0.03428715094923973,1.0030035972595215,1.011810064315796,1.0085707902908325,0.0019260378321632743,0.6527408361434937,0,0.00011167763730096438,True,3.30205584759824e-05
3270,0.008000091649591923,0.048702631145715714,0.03437687084078789,1.002000093460083,1.0121731758117676,1.0085933208465576,0.001992924837395549,0.6558152437210083,0,9.769298982397127e-05,True,3.303581979707815e-05
3275,0.006317257881164551,0.048523180186748505,0.03440955653786659,1.0015792846679688,1.0121283531188965,1.008601427078247,0.0019298734841868281,0.6620177030563354,0,0.0001330151106888712,True,3.270838351454586e-05
3280,0.008745966479182243,0.048493508249521255,0.03413338214159012,1.0021865367889404,1.0121209621429443,1.0085324048995972,0.0019175551133230329,0.6748858094215393,0,0.00011865386202711912,True,3.3404114219592884e-05
3285,0.01076150219887495,0.04746324568986893,0.03401796519756317,1.002690315246582,1.0118635892868042,1.0085035562515259,0.001934375730343163,0.6680846214294434,0,9.454714375609462e-05,True,3.378003020770848e-05
3290,0.008821459487080574,0.04936612769961357,0.034068651497364044,1.0022053718566895,1.0123391151428223,1.0085163116455078,0.0020382218062877655,0.6721577644348145,0,9.95724666717573e-05,True,3.404411472729407e-05
3295,0.007098086643964052,0.04764118045568466,0.034357454627752304,1.001774549484253,1.0119080543518066,1.008588433265686,0.0020402802620083094,0.6548761129379272,0,9.87869986342402e-05,True,3.327376180095598e-05
3300,0.0064329425804317,0.04670710489153862,0.03444495052099228,1.0016082525253296,1.0116746425628662,1.0086102485656738,0.0019969046115875244,0.6555613279342651,0,0.00010547477773691399,True,3.28700480167754e-05
3305,0.008915523067116737,0.04763902723789215,0.0344560369849205,1.002228856086731,1.0119075775146484,1.008613109588623,0.0019047650275751948,0.6578338146209717,0,0.00010121898582236281,True,3.2489093428011984e-05
3310,0.011847793124616146,0.04936783388257027,0.034441497176885605,1.0029618740081787,1.012339472770691,1.008609414100647,0.0019058152101933956,0.663972020149231,0,8.726595089325683e-05,True,3.2530322641832754e-05
3315,0.014920782297849655,0.04971424117684364,0.034434810280799866,1.003730058670044,1.0124258995056152,1.0086076259613037,0.0019014220451936126,0.6569174528121948,0,0.0001227184024580306,True,3.2530369935557246e-05
3320,0.015554987825453281,0.04835052415728569,0.03429407253861427,1.0038886070251465,1.012085199356079,1.0085725784301758,0.0018801487749442458,0.6589059829711914,0,0.00010851301136174834,True,3.282936449977569e-05
3325,0.011860760860145092,0.046051181852817535,0.034367796033620834,1.0029652118682861,1.0115108489990234,1.0085909366607666,0.0018626285018399358,0.6702196002006531,0,0.00010517073853031977,True,3.256955824326724e-05
3330,0.010326087474822998,0.04747672751545906,0.034383632242679596,1.0025814771652222,1.0118669271469116,1.0085949897766113,0.0018682264490053058,0.657998263835907,0,9.910642464674149e-05,True,3.2548283343203366e-05
3335,0.009742065332829952,0.05017808824777603,0.03442124277353287,1.0024354457855225,1.0125418901443481,1.0086042881011963,0.001965163741260767,0.6703661680221558,0,0.0001284720126540136,True,3.2809184631332755e-05
3340,0.01162117999047041,0.049960844218730927,0.03408448025584221,1.002905249595642,1.0124876499176025,1.0085201263427734,0.0019683234859257936,0.6566799879074097,0,9.810450647667098e-05,True,3.3726897527230904e-05
3345,0.015221703797578812,0.048433080315589905,0.03407321125268936,1.00380539894104,1.012105941772461,1.0085173845291138,0.0019160014344379306,0.6582099795341492,0,0.00011914681828353727,True,3.35582772095222e-05
3350,0.015547657385468483,0.04864247888326645,0.0340803861618042,1.0038868188858032,1.0121581554412842,1.008519172668457,0.001932645682245493,0.6643178462982178,0,9.444722445605624e-05,True,3.3601816539885476e-05
3355,0.012229755520820618,0.05081430450081825,0.03423047065734863,1.0030574798583984,1.0127007961273193,1.008556604385376,0.002027536043897271,0.660621702671051,0,0.000113948923628413,True,3.35631484631449e-05
3360,0.010366478003561497,0.047993335872888565,0.03429267555475235,1.002591609954834,1.0119960308074951,1.0085722208023071,0.002010344760492444,0.6656867861747742,0,0.00011641789798219711,True,3.332946653245017e-05
3365,0.009830082766711712,0.04768815636634827,0.03417768329381943,1.0024574995040894,1.0119197368621826,1.0085434913635254,0.0020132523495703936,0.669485330581665,0,8.972462340422457e-05,True,3.3650652767391875e-05
3370,0.00860262755304575,0.04858725145459175,0.03398445248603821,1.0021506547927856,1.0121443271636963,1.0084950923919678,0.002001754241064191,0.6671854257583618,0,0.00011340219550291835,True,3.413050217204727e-05
3375,0.009130245074629784,0.049102865159511566,0.03397302329540253,1.0022826194763184,1.0122733116149902,1.0084922313690186,0.001989321317523718,0.6543401479721069,0,9.992944688822872e-05,True,3.411238139960915e-05
3380,0.011828775517642498,0.04930521920323372,0.03408180922269821,1.0029571056365967,1.0123238563537598,1.0085194110870361,0.0019393103430047631,0.6602349281311035,0,0.000119204849786386,True,3.362381539773196e-05
3385,0.01133812963962555,0.049366287887096405,0.03405957296490669,1.0028345584869385,1.0123391151428223,1.0085139274597168,0.0019322903826832771,0.6636170148849487,0,0.00011878314276513658,True,3.3657819585641846e-05
3390,0.010545484721660614,0.049139443784952164,0.033798933029174805,1.0026363134384155,1.012282371520996,1.008448839187622,0.0019819100853055716,0.6605823636054993,0,0.00013056462968013473,True,3.4560769563540816e-05
3395,0.009432352147996426,0.04957863688468933,0.03372650966048241,1.002358078956604,1.0123920440673828,1.0084307193756104,0.0019579476211220026,0.6624995470046997,0,0.00010060210660987317,True,3.4668963053263724e-05
3400,0.009712222963571548,0.047878447920084,0.033730920404195786,1.0024280548095703,1.0119673013687134,1.0084317922592163,0.001953309867531061,0.6771711111068726,0,8.779715124304432e-05,True,3.463880784693174e-05
3405,0.009263994172215462,0.04814350605010986,0.03391382843255997,1.0023159980773926,1.0120335817337036,1.0084774494171143,0.0019700699485838413,0.6535764932632446,0,0.00011080309606497794,True,3.4200311347376555e-05
3410,0.008847514167428017,0.04937947168946266,0.033951785415410995,1.0022118091583252,1.0123423337936401,1.0084869861602783,0.0019306803587824106,0.6704663038253784,0,0.00011508038999839598,True,3.39463003911078e-05
3415,0.009616205468773842,0.04900486394762993,0.033891014754772186,1.002403974533081,1.0122487545013428,1.0084718465805054,0.0019236881053075194,0.6577906608581543,0,0.00010394515247102185,True,3.4085955121554434e-05
3420,0.011281129904091358,0.049025073647499084,0.03399055451154709,1.0028202533721924,1.012253761291504,1.0084967613220215,0.0019126965198665857,0.6677543520927429,0,0.00010083247906172796,True,3.3772717870306224e-05
3425,0.01196686178445816,0.04842729493975639,0.03394584730267525,1.0029916763305664,1.0121045112609863,1.0084855556488037,0.0018813706701621413,0.6672019362449646,0,0.00011493872990102626,True,3.3779135264921933e-05
3430,0.011373383924365044,0.04880881309509277,0.033847223967313766,1.0028433799743652,1.0121997594833374,1.0084607601165771,0.0019341092556715012,0.6669988036155701,0,0.00011902767953464939,True,3.424538590479642e-05
3435,0.010999761521816254,0.049272406846284866,0.03391247242689133,1.0027499198913574,1.0123156309127808,1.0084772109985352,0.0019197138026356697,0.6695367097854614,0,0.00014046311222340447,True,3.401307185413316e-05
3440,0.008050167001783848,0.04896548017859459,0.03387950360774994,1.0020124912261963,1.0122389793395996,1.0084688663482666,0.0019540623761713505,0.6724439859390259,0,0.00011626961247842112,True,3.423385714995675e-05
3445,0.007419503293931484,0.04803488403558731,0.033945802599191666,1.0018548965454102,1.012006402015686,1.0084855556488037,0.0018989192321896553,0.6642230749130249,0,0.00010852645705679019,True,3.384572482900694e-05
3450,0.00962099526077509,0.04637928679585457,0.03378642350435257,1.0024051666259766,1.0115927457809448,1.0084457397460938,0.0018460567807778716,0.6737833023071289,0,9.59570708243726e-05,True,3.408862176002003e-05
3455,0.011983878910541534,0.047024086117744446,0.033798690885305405,1.0029959678649902,1.011753797531128,1.0084487199783325,0.0018407668685540557,0.664908766746521,0,0.00011780560559456179,True,3.4034143027383834e-05
3460,0.01333755161613226,0.048102863132953644,0.03394957631826401,1.0033342838287354,1.0120234489440918,1.0084865093231201,0.0018695443868637085,0.6642210483551025,0,0.00010246702977608293,True,3.3724358218023553e-05
3465,0.013311258517205715,0.04799378290772438,0.033978741616010666,1.0033278465270996,1.0119961500167847,1.0084936618804932,0.0019087420077994466,0.6661524772644043,0,0.00011716681547933423,True,3.378957262611948e-05
3470,0.011806807480752468,0.0486738383769989,0.03380643576383591,1.0029516220092773,1.0121660232543945,1.0084506273269653,0.001962266629561782,0.6659321784973145,0,0.00011143544382765874,True,3.446387927397154e-05
3475,0.013885932974517345,0.04824046790599823,0.03355855494737625,1.0034713745117188,1.0120577812194824,1.0083887577056885,0.0019436792936176062,0.6728243827819824,0,0.00010922649259396222,True,3.5078268410870805e-05
3480,0.014218145981431007,0.04765335097908974,0.03328043222427368,1.0035544633865356,1.011911153793335,1.0083191394805908,0.0019687479361891747,0.663213849067688,0,0.00011645028975994603,True,3.59510668204166e-05
3485,0.012441614642739296,0.04817725345492363,0.03327913582324982,1.003110408782959,1.0120420455932617,1.0083189010620117,0.001919435104355216,0.6620231866836548,0,0.00011856522902207584,True,3.57680837623775e-05
3490,0.010267280973494053,0.048853758722543716,0.03396125137805939,1.0025668144226074,1.0122110843658447,1.0084893703460693,0.0019080122001469135,0.6696701049804688,0,0.00010272039354794291,True,3.38353929691948e-05
3495,0.00774748669937253,0.048215754330158234,0.034008972346782684,1.001936912536621,1.0120515823364258,1.0085012912750244,0.0018319052178412676,0.6713592410087585,0,0.00011672937369715636,True,3.342927811900154e-05
3500,0.0071454537101089954,0.04783397912979126,0.033689189702272415,1.0017863512039185,1.0119562149047852,1.0084214210510254,0.0018527531065046787,0.6661375164985657,0,0.00010682041374485246,True,3.438143539824523e-05
3505,0.009275494143366814,0.04801024869084358,0.03358950465917587,1.0023188591003418,1.012000322341919,1.0083965063095093,0.0018808281747624278,0.6601701974868774,0,9.420610950233136e-05,True,3.475860648904927e-05
3510,0.010702142491936684,0.046827591955661774,0.0335165411233902,1.0026755332946777,1.011704683303833,1.008378267288208,0.001928176498040557,0.6665548086166382,0,0.00010755248346405776,True,3.5137160011800006e-05
3515,0.012032530270516872,0.04742102697491646,0.03370139002799988,1.0030081272125244,1.0118529796600342,1.0084244012832642,0.0019039483740925789,0.6599363088607788,0,9.030096628182554e-05,True,3.453349199844524e-05
3520,0.012420917861163616,0.049760978668928146,0.03380352631211281,1.0031051635742188,1.0124377012252808,1.0084500312805176,0.0019135981565341353,0.6699270009994507,0,0.00011126340877641187,True,3.4288110327906907e-05
3525,0.010495677590370178,0.05115452781319618,0.033673591911792755,1.0026239156723022,1.0127859115600586,1.0084174871444702,0.001985137816518545,0.6592369675636292,0,0.00012574438603603323,True,3.491906318231486e-05
3530,0.010318467393517494,0.049267567694187164,0.03373072296380997,1.0025795698165894,1.0123143196105957,1.0084317922592163,0.0019463800126686692,0.6640332341194153,0,0.00010397340903952107,True,3.46126253134571e-05
3535,0.011007212102413177,0.048455700278282166,0.03366035968065262,1.0027518272399902,1.0121115446090698,1.0084142684936523,0.001872282475233078,0.6711342334747314,0,9.352009314131257e-05,True,3.4530588891357183e-05
3540,0.010894345119595528,0.0471026748418808,0.033444009721279144,1.0027235746383667,1.0117734670639038,1.0083601474761963,0.001872693537734449,0.6663219332695007,0,0.00010328807769240561,True,3.513396586640738e-05
3545,0.009760056622326374,0.05004189908504486,0.03354296833276749,1.0024399757385254,1.0125079154968262,1.0083848237991333,0.0019592868629842997,0.6673630475997925,0,0.00011814348786959639,True,3.518128869473003e-05
3550,0.009469715878367424,0.049399856477975845,0.03375624865293503,1.0023674964904785,1.0123474597930908,1.0084381103515625,0.0019752460066229105,0.66782146692276,0,0.00010371834655930332,True,3.4652213798835874e-05
3555,0.01015955675393343,0.048701588064432144,0.03373093158006668,1.002539873123169,1.0121729373931885,1.0084317922592163,0.001975574064999819,0.6684789657592773,0,0.00012293334387291805,True,3.472274693194777e-05
3560,0.012184078805148602,0.04833943396806717,0.033384814858436584,1.0030460357666016,1.012082576751709,1.008345365524292,0.0018795158248394728,0.6641336679458618,0,0.00011584315559906798,True,3.5323471820447594e-05
3565,0.01226739026606083,0.04632747173309326,0.03304259851574898,1.0030667781829834,1.0115797519683838,1.0082597732543945,0.0018085327465087175,0.6663807034492493,0,0.00011358071751874722,True,3.603434015531093e-05
3570,0.010252025909721851,0.047538887709379196,0.03310830146074295,1.0025629997253418,1.0118825435638428,1.0082762241363525,0.001851993496529758,0.6682434678077698,0,0.00012614898395489594,True,3.600319178076461e-05
3575,0.008274698629975319,0.048094864934682846,0.03330811858177185,1.0020686388015747,1.0120213031768799,1.0083261728286743,0.0019704189617186785,0.6591201424598694,0,0.0001155514598722485,True,3.588193794712424e-05
3580,0.007781262509524822,0.04917015880346298,0.033666737377643585,1.0019452571868896,1.0122900009155273,1.008415699005127,0.0020596464164555073,0.6677752137184143,0,9.648039019356879e-05,True,3.523255145410076e-05
3585,0.006357756908982992,0.047584448009729385,0.033768776804208755,1.0015895366668701,1.01189386844635,1.0084412097930908,0.002081074519082904,0.6705658435821533,0,0.00011390124138878429,True,3.503821790218353e-05
3590,0.0051794108003377914,0.046556487679481506,0.03342435508966446,1.0012948513031006,1.0116369724273682,1.0083551406860352,0.002043600892648101,0.6641916036605835,0,0.00011014033119175437,True,3.5843884688802063e-05
3595,0.00367827364243567,0.04764365404844284,0.033291399478912354,1.0009195804595947,1.0119086503982544,1.00832200050354,0.002024889225140214,0.6683328151702881,0,0.00010268764437477568,True,3.6142511817160994e-05
3600,0.0034267434384673834,0.04933923855423927,0.03347620368003845,1.000856637954712,1.0123323202133179,1.0083681344985962,0.0020101098343729973,0.6698351502418518,0,0.00011007967606964329,True,3.556655428837985e-05
3605,0.003825550666078925,0.04860970750451088,0.033540915697813034,1.000956416130066,1.0121500492095947,1.0083842277526855,0.0020802230574190617,0.6718555688858032,0,9.92217149923714e-05,True,3.5665878385771066e-05
3610,0.00754921929910779,0.04820844903588295,0.033555831760168076,1.001887321472168,1.0120497941970825,1.0083880424499512,0.0020412704907357693,0.6676279902458191,0,0.00010515309592490725,True,3.546689185895957e-05
3615,0.011631617322564125,0.048886630684137344,0.03355703875422478,1.0029078722000122,1.0122191905975342,1.0083884000778198,0.0019467612728476524,0.6679726243019104,0,0.00011113355807614761,True,3.509451562422328e-05
3620,0.014378673397004604,0.04906122758984566,0.03343462944030762,1.0035946369171143,1.0122628211975098,1.0083576440811157,0.0019486922537907958,0.6562536954879761,0,9.322550884677466e-05,True,3.544234641594812e-05
3625,0.014857669360935688,0.04933995380997658,0.033440276980400085,1.0037143230438232,1.0123324394226074,1.0083591938018799,0.0019476289162412286,0.65688556432724,0,0.0001042146184460329,True,3.5422192013356835e-05
3630,0.013343868777155876,0.04856408014893532,0.033761098980903625,1.003335952758789,1.0121386051177979,1.008439302444458,0.001928019104525447,0.6722695827484131,0,0.00012243970174788063,True,3.445802576607093e-05
3635,0.01004269439727068,0.05160195380449295,0.03368896245956421,1.0025105476379395,1.0128976106643677,1.0084214210510254,0.0018786153523251414,0.6764083504676819,0,0.00011276033510361268,True,3.447478957241401e-05
3640,0.007981427013874054,0.05022087320685387,0.033178556710481644,1.001995325088501,1.0125526189804077,1.0082937479019165,0.0018739070510491729,0.6632852554321289,0,0.00011354747341344408,True,3.5884837416233495e-05
3645,0.00627828948199749,0.04692491888999939,0.03307083249092102,1.0015695095062256,1.0117290019989014,1.008266806602478,0.0019139280775561929,0.6643730401992798,0,9.821732257199949e-05,True,3.633926826296374e-05
3650,0.006415978539735079,0.04779176414012909,0.0333329513669014,1.0016040802001953,1.0119457244873047,1.0083322525024414,0.0020189068745821714,0.6616401672363281,0,0.00012694752319487775,True,3.600085619837046e-05
3655,0.006160716060549021,0.049258165061473846,0.033681534230709076,1.001540184020996,1.0123120546340942,1.008419394493103,0.0020283879712224007,0.6734950542449951,0,0.00010876853708846952,True,3.5066936106886715e-05
3660,0.009088692255318165,0.0509384386241436,0.03383001685142517,1.002272129058838,1.0127317905426025,1.0084564685821533,0.0019861566834151745,0.6586432456970215,0,0.0001232558929844316,True,3.449107316555455e-05
3665,0.010423026047647,0.04822636395692825,0.033690646290779114,1.002605676651001,1.012054204940796,1.0084216594696045,0.0018715205369517207,0.6719198822975159,0,0.0001175277769107741,True,3.44445179507602e-05
3670,0.010780740529298782,0.04798711836338043,0.03345848247408867,1.002695083618164,1.011994481086731,1.0083637237548828,0.0018124824855476618,0.666916012763977,0,0.00010952360517755014,True,3.487777939881198e-05
3675,0.010294927284121513,0.047143545001745224,0.03338934853672981,1.0025737285614014,1.0117837190628052,1.008346438407898,0.0018346437718719244,0.6691278219223022,0,0.0001056735651338878,True,3.514968557283282e-05
3680,0.009715231135487556,0.047907955944538116,0.0335722416639328,1.0024287700653076,1.0119746923446655,1.008392095565796,0.0019044401124119759,0.6639269590377808,0,8.44536549140106e-05,True,3.48934336216189e-05
3685,0.009413096122443676,0.04948805645108223,0.03367201238870621,1.0023531913757324,1.0123695135116577,1.0084171295166016,0.0019444526406005025,0.6655063033103943,0,9.837452657963316e-05,True,3.476701022009365e-05
3690,0.009770283475518227,0.048837024718523026,0.033663902431726456,1.0024425983428955,1.012206792831421,1.0084149837493896,0.001915748231112957,0.6640033721923828,0,8.911789439867461e-05,True,3.4681685065152124e-05
3695,0.010658398270606995,0.04730337858200073,0.03349992260336876,1.002664566040039,1.0118236541748047,1.0083740949630737,0.0018580968026071787,0.6694005727767944,0,0.00011430804709037392,True,3.492480027489364e-05
3700,0.00891543086618185,0.04836641997098923,0.03336029499769211,1.002228856086731,1.0120892524719238,1.0083391666412354,0.0018547112122178078,0.665705680847168,0,0.00010869320440924966,True,3.530341200530529e-05
3705,0.007249442860484123,0.04678806662559509,0.03327164798974991,1.0018123388290405,1.0116949081420898,1.008316993713379,0.00183388264849782,0.6673012971878052,0,0.00011311645089987484,True,3.54783987859264e-05
3710,0.008333832956850529,0.046498678624629974,0.0334179662168026,1.0020835399627686,1.011622667312622,1.0083537101745605,0.001799645833671093,0.6555372476577759,0,0.00012185423716568083,True,3.494661359582096e-05
3715,0.010403253138065338,0.04612574726343155,0.03354451060295105,1.0026007890701294,1.0115294456481934,1.008385181427002,0.001853774068877101,0.6696550250053406,0,0.00010532101725481588,True,3.4786084142979234e-05
3720,0.010146566666662693,0.048610251396894455,0.03342641890048981,1.0025365352630615,1.0121501684188843,1.0083556175231934,0.001973281614482403,0.6649429202079773,0,0.00012341893958662034,True,3.556087176548317e-05
3725,0.009323852136731148,0.04851257801055908,0.033358775079250336,1.0023308992385864,1.0121257305145264,1.0083388090133667,0.002024974673986435,0.6637848615646362,0,0.00012025781318651285,True,3.5951685276813805e-05
3730,0.010646483860909939,0.047424834221601486,0.03324767202138901,1.0026615858078003,1.0118539333343506,1.0083110332489014,0.0019840446766465902,0.6664246320724487,0,0.00012024736056441051,True,3.6103883758187294e-05
3735,0.010260309092700481,0.04630652815103531,0.03310805559158325,1.0025651454925537,1.0115745067596436,1.0082762241363525,0.0019073981093242764,0.6729670763015747,0,0.00013515552671913129,True,3.620778443291783e-05
3740,0.010813413187861443,0.04744748771190643,0.03303730487823486,1.002703309059143,1.011859655380249,1.0082584619522095,0.0018837410025298595,0.6612116098403931,0,0.0001251152317175489,True,3.6320874642115086e-05
3745,0.010940786451101303,0.047789640724658966,0.03315870091319084,1.0027351379394531,1.011945128440857,1.008288860321045,0.0019120974466204643,0.6621028780937195,0,0.0001299839378578145,True,3.608133556554094e-05
3750,0.009879475459456444,0.04792178422212601,0.033159077167510986,1.002469778060913,1.0119781494140625,1.008288860321045,0.001969375181943178,0.6712013483047485,0,0.00010861359299335341,True,3.62972314178478e-05
3755,0.008504500612616539,0.04665350541472435,0.033012449741363525,1.0021260976791382,1.0116612911224365,1.0082521438598633,0.0019494438311085105,0.6595897078514099,0,8.546242110007785e-05,True,3.663797542685643e-05
3760,0.007972689345479012,0.046653661876916885,0.03294819965958595,1.001993179321289,1.0116612911224365,1.0082361698150635,0.0019317712867632508,0.6747497320175171,0,0.0001309770213034618,True,3.67542052117642e-05
3765,0.009546996094286442,0.04731161892414093,0.032971128821372986,1.0023868083953857,1.011825680732727,1.008241891860962,0.001876794034615159,0.6707413196563721,0,0.00012373768553494244,True,3.6484583688434213e-05
3770,0.01020404975861311,0.046601440757513046,0.032925013452768326,1.0025509595870972,1.011648178100586,1.008230447769165,0.001936576096341014,0.6736901998519897,0,0.00011503902096655288,True,3.683855175040662e-05
3775,0.009862134233117104,0.04839001223444939,0.032814279198646545,1.0024654865264893,1.0120952129364014,1.0082027912139893,0.001990977907553315,0.6646010875701904,0,0.00011584497598989038,True,3.736377402674407e-05
3780,0.010282015427947044,0.046127159148454666,0.03282400965690613,1.0025705099105835,1.0115296840667725,1.0082051753997803,0.0019622487016022205,0.6709157228469849,0,0.00011242878931312173,True,3.722561814356595e-05
3785,0.00966507475823164,0.04585476592183113,0.03264669328927994,1.0024162530899048,1.0114617347717285,1.0081608295440674,0.0019498149631544948,0.6678646206855774,0,0.0001352602185519549,True,3.76894895453006e-05
3790,0.009591341949999332,0.047410886734724045,0.03271482139825821,1.0023977756500244,1.0118504762649536,1.0081778764724731,0.0019524609670042992,0.662440836429596,0,0.00010034151120777237,True,3.7502613849937916e-05
3795,0.009670223109424114,0.04723333194851875,0.033004242926836014,1.0024175643920898,1.0118061304092407,1.0082502365112305,0.0019069024128839374,0.6659746766090393,0,0.0001084371214681422,True,3.650106009445153e-05
3800,0.009899330325424671,0.046847764402627945,0.03297165036201477,1.0024747848510742,1.0117098093032837,1.0082420110702515,0.0019529599230736494,0.6684474349021912,0,9.748994423475377e-05,True,3.676601772895083e-05
3805,0.010698574595153332,0.04821376875042915,0.03276409953832626,1.0026745796203613,1.0120511054992676,1.0081901550292969,0.0019749116618186235,0.6718573570251465,0,0.00013376155032576625,True,3.7444373447215185e-05
3810,0.012080521322786808,0.04781794920563698,0.03279943764209747,1.0030200481414795,1.0119521617889404,1.0081989765167236,0.0019694797229021788,0.6699507236480713,0,0.00012014708936993955,True,3.732179175131023e-05
3815,0.012242497876286507,0.04868285357952118,0.03285408020019531,1.0030605792999268,1.012168288230896,1.008212685585022,0.0019939513877034187,0.6703909039497375,0,9.441466661988301e-05,True,3.7259738746797666e-05
3820,0.011699940077960491,0.04587429761886597,0.03274581581354141,1.002924919128418,1.0114665031433105,1.008185625076294,0.0019104023231193423,0.6637415289878845,0,0.00010969573533381298,True,3.725405622390099e-05
3825,0.01195527520030737,0.044627316296100616,0.03263416886329651,1.0029888153076172,1.0111548900604248,1.008157730102539,0.0018481967272236943,0.6662711501121521,0,0.00012001915899083915,True,3.734884376171976e-05
3830,0.011202138848602772,0.04607067629694939,0.03269609063863754,1.002800464630127,1.0115156173706055,1.0081732273101807,0.001948729157447815,0.6700030565261841,0,0.00011018894695209392,True,3.754151111934334e-05
3835,0.012322339229285717,0.047575801610946655,0.032704249024391174,1.0030806064605713,1.0118917226791382,1.008175253868103,0.0019772881641983986,0.6661009788513184,0,0.0001215773074351596,True,3.762763299164362e-05
3840,0.013812721706926823,0.04699796065688133,0.032743752002716064,1.0034531354904175,1.0117473602294922,1.0081851482391357,0.0020124141592532396,0.6718226075172424,0,0.00011497583632513512,True,3.764985376619734e-05
3845,0.014897214248776436,0.04851219058036804,0.0327032096683979,1.003724217414856,1.0121257305145264,1.0081748962402344,0.0020186922047287226,0.6760807037353516,0,0.00013413504512610111,True,3.7791283830301836e-05
3850,0.014655701816082,0.0471833273768425,0.03277091681957245,1.0036638975143433,1.011793613433838,1.0081918239593506,0.001981100533157587,0.6816211938858032,0,0.00010860051394585412,True,3.744929199456237e-05
3855,0.01419701986014843,0.04701199010014534,0.032818593084812164,1.0035492181777954,1.0117508172988892,1.0082037448883057,0.001905677025206387,0.6738091111183167,0,0.00012823601497417942,True,3.702615504153073e-05
3860,0.011806860566139221,0.046368423849344254,0.03271140903234482,1.0029516220092773,1.0115900039672852,1.0081770420074463,0.0019103542435914278,0.6684532165527344,0,0.00010923531418979031,True,3.735259815584868e-05
3865,0.01095376443117857,0.046595700085163116,0.03275657445192337,1.0027384757995605,1.0116467475891113,1.008188247680664,0.0019201517570763826,0.6742826104164124,0,0.00011676103593355317,True,3.725936039700173e-05
3870,0.008983100764453411,0.04655301943421364,0.03274686634540558,1.0022456645965576,1.0116361379623413,1.008185863494873,0.001965549308806658,0.6599663496017456,0,0.00011831196306733852,True,3.746006404981017e-05
3875,0.009153703227639198,0.04796721786260605,0.0328376442193985,1.0022883415222168,1.0119894742965698,1.0082085132598877,0.0019720452837646008,0.6617928147315979,0,0.00012134406572373122,True,3.722397377714515e-05
3880,0.012522866018116474,0.0477445051074028,0.03299196809530258,1.0031306743621826,1.0119338035583496,1.0082471370697021,0.0018972730031237006,0.6712997555732727,0,0.00010677468003509528,True,3.649944846983999e-05
3885,0.014919912442564964,0.04809119552373886,0.032966069877147675,1.0037298202514648,1.0120205879211426,1.0082406997680664,0.0018706320552155375,0.6739597916603088,0,0.0001071012350484075,True,3.647495759651065e-05
3890,0.015025193803012371,0.04710744321346283,0.03292945772409439,1.0037562847137451,1.0117746591567993,1.0082314014434814,0.00192393665201962,0.6702722907066345,0,0.00012052374220014483,True,3.67763132089749e-05
3895,0.013298002071678638,0.04913683980703354,0.03301919251680374,1.0033245086669922,1.0122816562652588,1.0082539319992065,0.0020032930187880993,0.6771432757377625,0,0.00011728987791958261,True,3.6824538256041706e-05
3900,0.012870456092059612,0.04681798815727234,0.032800473272800446,1.0032175779342651,1.011702299118042,1.0081992149353027,0.0019086544634774327,0.6656489372253418,0,0.00012023396712988827,True,3.7089404941070825e-05
3905,0.01225757785141468,0.047583337873220444,0.032413676381111145,1.0030643939971924,1.0118935108184814,1.0081026554107666,0.0018758393125608563,0.6676356792449951,0,0.0001370736643988425,True,3.808944165939465e-05
3910,0.011627428233623505,0.04675159603357315,0.03226994350552559,1.0029067993164062,1.0116857290267944,1.0080666542053223,0.0018772027688100934,0.6682741045951843,0,9.558267601742084e-05,True,3.851590372505598e-05
3915,0.010574850253760815,0.046580590307712555,0.03233688324689865,1.0026435852050781,1.0116430521011353,1.0080833435058594,0.001959499903023243,0.6783223748207092,0,0.00010531567388043524,True,3.8627575122518465e-05
3920,0.01018823217600584,0.04706152155995369,0.03246031329035759,1.002547025680542,1.0117632150650024,1.008114218711853,0.002028525108471513,0.6793080568313599,0,0.00010576440463937203,True,3.853522503050044e-05
3925,0.009122584015130997,0.04673830792307854,0.03262077271938324,1.0022807121276855,1.0116825103759766,1.008154273033142,0.0020331337582319975,0.6663275957107544,0,0.00011467764906378524,True,3.808718975051306e-05
3930,0.00833945069462061,0.04653049632906914,0.032821472734212875,1.0020848512649536,1.0116305351257324,1.008204460144043,0.002020444953814149,0.6774477958679199,0,0.0001017169638824844,True,3.745924914255738e-05
3935,0.008878561668097973,0.04623093456029892,0.03254314512014389,1.0022196769714355,1.0115556716918945,1.0081348419189453,0.0019799235742539167,0.6710287928581238,0,0.00012027181319367997,True,3.8104648410808295e-05
3940,0.010237136855721474,0.047897908836603165,0.03242240101099014,1.0025591850280762,1.011972188949585,1.0081048011779785,0.0020034112967550755,0.6738815307617188,0,0.00012054664090871405,True,3.854644455714151e-05
3945,0.010112015530467033,0.046743761748075485,0.03235665708780289,1.0025279521942139,1.0116838216781616,1.0080883502960205,0.0019515431486070156,0.6679441928863525,0,0.00012834040853980673,True,3.853888119920157e-05
3950,0.010026026517152786,0.04704946652054787,0.0323505736887455,1.0025064945220947,1.0117602348327637,1.0080868005752563,0.0019468471873551607,0.6765496730804443,0,0.0001369670961133337,True,3.8538786611752585e-05
3955,0.009633169509470463,0.04611262306571007,0.03250531107187271,1.0024082660675049,1.011526107788086,1.0081255435943604,0.001954473555088043,0.668540894985199,0,0.00010324321986812519,True,3.8116944779176265e-05
3960,0.009076537564396858,0.04678567126393318,0.03255711868405342,1.0022690296173096,1.011694312095642,1.0081384181976318,0.0019573599565774202,0.6676153540611267,0,0.0001042857160002628,True,3.797734825639054e-05
3965,0.010039910674095154,0.04588187113404274,0.0326448455452919,1.0025099515914917,1.0114684104919434,1.0081603527069092,0.0019610871095210314,0.6722303628921509,0,0.00011179835038905753,True,3.7737085222033784e-05
3970,0.008926868438720703,0.04590952768921852,0.03263498842716217,1.0022317171096802,1.0114753246307373,1.0081579685211182,0.0019336706027388573,0.6677380800247192,0,0.00012356370986187567,True,3.7661578971892595e-05
3975,0.008864288218319416,0.046754226088523865,0.03248200565576553,1.002216100692749,1.0116863250732422,1.0081197023391724,0.0019223393173888326,0.6743607521057129,0,0.00012000870084866432,True,3.806286258623004e-05
3980,0.00702142808586359,0.04574740678071976,0.032501574605703354,1.0017553567886353,1.01143479347229,1.008124589920044,0.0020072688348591328,0.6766951680183411,0,0.00011124391933122752,True,3.8332073017954826e-05
3985,0.006181198637932539,0.04640650749206543,0.032551806420087814,1.0015453100204468,1.0115995407104492,1.0081372261047363,0.0020056837238371372,0.6682893633842468,0,0.00012014150566471159,True,3.818020923063159e-05
3990,0.007017511874437332,0.046996910125017166,0.032749712467193604,1.0017544031143188,1.011747121810913,1.0081864595413208,0.0019825126510113478,0.6664714217185974,0,0.00010022892675841315,True,3.751786789507605e-05
3995,0.009222730062901974,0.04786941409111023,0.032799843698740005,1.0023057460784912,1.011965036392212,1.0081990957260132,0.001974158687517047,0.6705166101455688,0,0.00010092711714760862,True,3.734060737770051e-05
4000,0.009409600868821144,0.04682544618844986,0.03258014842867851,1.0023523569107056,1.0117042064666748,1.0081442594528198,0.00190381845459342,0.6676498055458069,0,0.00012196149749837635,True,3.770855983020738e-05
4005,0.010397173464298248,0.04628921300172806,0.032223641872406006,1.0025992393493652,1.0115702152252197,1.0080550909042358,0.00187108782120049,0.6795752048492432,0,0.00011628969299249218,True,3.863009260385297e-05
4010,0.010376199148595333,0.046008650213479996,0.03207700699567795,1.002593994140625,1.0115001201629639,1.0080184936523438,0.001915434841066599,0.6723029017448425,0,0.00010652225912685159,True,3.9227619708981365e-05
4015,0.008328252471983433,0.04593368619680405,0.032348643988370895,1.002082109451294,1.0114814043045044,1.0080864429473877,0.002037469297647476,0.664827823638916,0,0.00011084119753846312,True,3.8897931517567486e-05
4020,0.005109713412821293,0.047678425908088684,0.032640986144542694,1.0012774467468262,1.0119173526763916,1.0081593990325928,0.00213201274164021,0.6635702848434448,0,0.00013386347770595182,True,3.8431870052590966e-05
4025,0.005372161511331797,0.048186734318733215,0.032794710248708725,1.001343011856079,1.0120444297790527,1.0081977844238281,0.002089651068672538,0.6702606678009033,0,0.00010163364904557246,True,3.7813777453266084e-05
4030,0.006083950400352478,0.047005925327539444,0.03278284892439842,1.0015208721160889,1.011749267578125,1.008194923400879,0.0020541418343782425,0.6709933280944824,0,0.00012725959631429895,True,3.7704536225646734e-05
4035,0.007689019665122032,0.04657389968633652,0.03256369009613991,1.0019222497940063,1.0116413831710815,1.0081400871276855,0.0019909716211259365,0.6692333221435547,0,0.00011102650567831012,True,3.808807741734199e-05
4040,0.00925863441079855,0.04569780454039574,0.03239164873957634,1.002314567565918,1.0114223957061768,1.0080971717834473,0.001944256480783224,0.6773244142532349,0,0.00012275010034158257,True,3.840983481495641e-05
4045,0.010175575502216816,0.04579851031303406,0.03237026557326317,1.0025439262390137,1.0114476680755615,1.008091688156128,0.0019457426387816668,0.6711989641189575,0,0.00010300762014184659,True,3.847793414024636e-05
4050,0.010177080519497395,0.045771580189466476,0.03269191458821297,1.0025441646575928,1.0114408731460571,1.0081721544265747,0.0019795021507889032,0.6791057586669922,0,0.00010834668874953743,True,3.7671750760637224e-05
4055,0.010909722186625004,0.046499453485012054,0.032858699560165405,1.0027273893356323,1.0116227865219116,1.0082138776779175,0.001999758882448077,0.6774172782897949,0,0.00012479617050717402,True,3.7270270695444196e-05
4060,0.010701736435294151,0.04631190001964569,0.03275923430919647,1.0026754140853882,1.0115759372711182,1.0081889629364014,0.001992124831303954,0.6797205805778503,0,0.0001166747688107448,True,3.752623888431117e-05
4065,0.009857160039246082,0.04699584096670151,0.0325058214366436,1.0024642944335938,1.0117467641830444,1.0081255435943604,0.0019843094050884247,0.6747961044311523,0,0.00010855871914831196,True,3.8229976780712605e-05
4070,0.009596646763384342,0.045415375381708145,0.032396405935287476,1.002399206161499,1.0113518238067627,1.0080983638763428,0.0020015686750411987,0.6694104671478271,0,9.924208878718943e-05,True,3.8616330130025744e-05
4075,0.008748987689614296,0.04529116675257683,0.03241083025932312,1.0021872520446777,1.0113208293914795,1.0081019401550293,0.0020462018437683582,0.6788769364356995,0,9.951729494937459e-05,True,3.8750738895032555e-05
4080,0.00972981657832861,0.04703252390027046,0.03232051059603691,1.0024324655532837,1.0117559432983398,1.0080792903900146,0.0020416523329913616,0.6768065094947815,0,0.00011621305840213967,True,3.8997015508357435e-05
4085,0.010462618432939053,0.04693267121911049,0.0322614386677742,1.0026156902313232,1.0117310285568237,1.0080645084381104,0.0020449443254619837,0.6727678775787354,0,0.00012046142753264982,True,3.918338188668713e-05
4090,0.01119906548410654,0.04706030711531639,0.032413311302661896,1.0027997493743896,1.0117628574371338,1.008102536201477,0.0020001744851469994,0.663102924823761,0,0.00010727345298610228,True,3.856134571833536e-05
4095,0.012162033468484879,0.04542551562190056,0.032582011073827744,1.0030405521392822,1.0113544464111328,1.0081446170806885,0.0019394621485844254,0.6777411699295044,0,0.0001080002508052374,True,3.783749707508832e-05
4100,0.009756719693541527,0.04604426026344299,0.03252018988132477,1.002439260482788,1.0115090608596802,1.0081291198730469,0.001952623249962926,0.6684588193893433,0,9.45295175649404e-05,True,3.806706808973104e-05
4105,0.008582152426242828,0.04630742222070694,0.03253329545259476,1.002145528793335,1.0115747451782227,1.0081324577331543,0.001982753863558173,0.6692487001419067,0,0.00011919147741485083,True,3.814478259300813e-05
4110,0.008545969612896442,0.044735223054885864,0.032225266098976135,1.002136468887329,1.0111819505691528,1.0080554485321045,0.001974879065528512,0.6723408699035645,0,0.0001242802304136731,True,3.901521267835051e-05
4115,0.006470487453043461,0.046492379158735275,0.03208693861961365,1.001617670059204,1.0116209983825684,1.0080208778381348,0.0019786835182458162,0.6731607913970947,0,9.870913234345237e-05,True,3.9439360989490524e-05
4120,0.004724736791104078,0.045501381158828735,0.03222892805933952,1.0011811256408691,1.0113734006881714,1.008056402206421,0.0020273339468985796,0.6814912557601929,0,0.0001048947727584751,True,3.921117968275212e-05
4125,0.006058956496417522,0.04658011719584465,0.032432399690151215,1.0015146732330322,1.0116429328918457,1.008107304573059,0.002007788745686412,0.6788886189460754,0,0.00011439602087726477,True,3.8537247746717185e-05
4130,0.006720367819070816,0.0461445115506649,0.0325343981385231,1.0016801357269287,1.0115339756011963,1.0081326961517334,0.001976189436390996,0.6748045086860657,0,0.00010005190235609141,True,3.811699934885837e-05
4135,0.007565763313323259,0.04502839595079422,0.03231287747621536,1.0018913745880127,1.0112552642822266,1.0080773830413818,0.0019377353601157665,0.678496778011322,0,0.00012062375682151602,True,3.8616490201093256e-05
4140,0.007974760606884956,0.04526406154036522,0.03211919218301773,1.0019936561584473,1.0113141536712646,1.0080289840698242,0.0019044355722144246,0.6673295497894287,0,0.00011196416747209106,True,3.906179335899651e-05
4145,0.008009077981114388,0.04616713523864746,0.0322810634970665,1.002002239227295,1.0115396976470947,1.0080695152282715,0.001865954720415175,0.665509819984436,0,0.00011763382135268148,True,3.844246020889841e-05
4150,0.007543493993580341,0.04603249952197075,0.0323910266160965,1.0018858909606934,1.0115060806274414,1.0080969333648682,0.0019007573137059808,0.6720174551010132,0,0.00013896141629289656,True,3.824799568974413e-05
4155,0.006203079130500555,0.04632129147648811,0.03232310712337494,1.0015506744384766,1.0115783214569092,1.008080005645752,0.0020033707842230797,0.6746517419815063,0,0.00011543532706753474,True,3.8838963519083336e-05
4160,0.006192820146679878,0.046705879271030426,0.032156649976968765,1.001548171043396,1.011674404144287,1.0080382823944092,0.001978175016120076,0.666893482208252,0,0.00010521034304977768,True,3.923131589544937e-05
4165,0.00672457879409194,0.046471577137708664,0.032024845480918884,1.0016810894012451,1.0116157531738281,1.0080053806304932,0.0019504162482917309,0.6548516750335693,0,0.00010362312141300365,True,3.9515151001978666e-05
4170,0.008404182270169258,0.04705521836876869,0.03215448930859566,1.0021010637283325,1.0117616653442383,1.008037805557251,0.0019003492780029774,0.6770880222320557,0,9.514897872825213e-05,True,3.894278052030131e-05
4175,0.010308429598808289,0.04745600000023842,0.032239191234111786,1.0025770664215088,1.011861801147461,1.008059024810791,0.001894438755698502,0.6719379425048828,0,0.00010985860682210533,True,3.8669881178066134e-05
4180,0.009335114620625973,0.04556907340884209,0.032352715730667114,1.0023337602615356,1.011390209197998,1.008087396621704,0.0018890758510679007,0.6727341413497925,0,0.00010423222551555858,True,3.8316924474202096e-05
4185,0.009356633760035038,0.045284073799848557,0.03234963119029999,1.0023391246795654,1.0113191604614258,1.0080866813659668,0.0019422505283728242,0.676156759262085,0,0.00010573170204496168,True,3.8524987758137286e-05
4190,0.009711338207125664,0.04532306641340256,0.032120924443006516,1.0024278163909912,1.0113288164138794,1.0080294609069824,0.0019957234617322683,0.6739877462387085,0,0.00012581764459945212,True,3.9403683331329376e-05
4195,0.009771781973540783,0.046886857599020004,0.03192747384309769,1.0024428367614746,1.0117195844650269,1.0079810619354248,0.00201487448066473,0.6749472618103027,0,0.00011445183348858004,True,4.005288064945489e-05
4200,0.009262156672775745,0.047113798558712006,0.032119493931531906,1.0023155212402344,1.0117762088775635,1.0080289840698242,0.00204405072145164,0.6699408888816833,0,0.00010071674631561458,True,3.95978640881367e-05
4205,0.009747276082634926,0.04679323360323906,0.03213672339916229,1.002436876296997,1.0116961002349854,1.0080333948135376,0.001987282419577241,0.6756663918495178,0,0.00011003255094961916,True,3.9323713281191885e-05
4210,0.009883605875074863,0.04658108949661255,0.03203248977661133,1.0024709701538086,1.0116431713104248,1.008007287979126,0.001956292660906911,0.6851378679275513,0,0.00010604455200651335,True,3.9512924558948725e-05
4215,0.008536758832633495,0.04744873568415642,0.03186696395277977,1.0021342039108276,1.0118598937988281,1.0079660415649414,0.0019823964685201645,0.6817229390144348,0,0.00011930300162169925,True,4.0107479435391724e-05
4220,0.008207202889025211,0.04715552181005478,0.03180763125419617,1.002051830291748,1.011786699295044,1.0079511404037476,0.0020176037214696407,0.685380756855011,0,0.00011470058193771031,True,4.042307773488574e-05
4225,0.007847514003515244,0.04541989043354988,0.031769610941410065,1.0019619464874268,1.0113530158996582,1.007941484451294,0.0020485029090195894,0.6755945682525635,0,0.0001422568766105184,True,4.066054680151865e-05
4230,0.006872456055134535,0.04675468057394028,0.03190545737743378,1.0017180442810059,1.0116865634918213,1.0079755783081055,0.002096788492053747,0.6710679531097412,0,0.0001124550266908696,True,4.044872184749693e-05
4235,0.006345583591610193,0.048134978860616684,0.032012179493904114,1.0015864372253418,1.0120314359664917,1.0080022811889648,0.0020625730976462364,0.6684702038764954,0,0.00010931820650767412,True,3.999073669547215e-05
4240,0.006133485585451126,0.04830315336585045,0.03184684365987778,1.0015333890914917,1.0120735168457031,1.0079609155654907,0.002012236276641488,0.6678042411804199,0,0.00010528432539187764,True,4.0283892303705215e-05
4245,0.005620894953608513,0.04674177244305611,0.031792424619197845,1.0014052391052246,1.0116833448410034,1.0079472064971924,0.001982767367735505,0.6821484565734863,0,0.00012907240349814276,True,4.033284494653344e-05
4250,0.007166698575019836,0.04562985897064209,0.03159727528691292,1.0017917156219482,1.0114054679870605,1.0078985691070557,0.001976865343749523,0.6759721040725708,0,0.00011228378655419002,True,4.0897735743783414e-05
4255,0.00871446542441845,0.0458739697933197,0.031596697866916656,1.00217866897583,1.0114665031433105,1.0078983306884766,0.002009705174714327,0.666572093963623,0,0.00011452302260555966,True,4.1027116822078824e-05
4260,0.010136050172150135,0.04667562618851662,0.03189951926469803,1.0025339126586914,1.0116667747497559,1.0079741477966309,0.0020562990102916956,0.678942859172821,0,0.0001254099435169173,True,4.030192576465197e-05
4265,0.009984892792999744,0.04675156623125076,0.031943127512931824,1.0024962425231934,1.0116857290267944,1.00798499584198,0.002057092497125268,0.670683741569519,0,0.00013736956767750673,True,4.017492028651759e-05
4270,0.009249880909919739,0.04828322306275368,0.03189186751842499,1.002312421798706,1.012068510055542,1.007972240447998,0.002017830964177847,0.6737703084945679,0,0.00012338950614577311,True,4.0171322325477377e-05
4275,0.008828162215650082,0.04750235006213188,0.0317637100815773,1.0022070407867432,1.0118733644485474,1.0079401731491089,0.002011018106713891,0.6661220788955688,0,9.86897891215667e-05,True,4.0528342651668936e-05
4280,0.008350404910743237,0.04664420336484909,0.03175155818462372,1.0020875930786133,1.0116589069366455,1.0079370737075806,0.0020010422449558973,0.6746671795845032,0,0.00013374421257213542,True,4.052614895044826e-05
4285,0.008814319036900997,0.046308234333992004,0.03174009919166565,1.0022035837173462,1.0115749835968018,1.007934331893921,0.002018830506131053,0.6712865233421326,0,0.00010779921777116864,True,4.063058804604225e-05
4290,0.009983520954847336,0.0475761853158474,0.031641699373722076,1.0024957656860352,1.0118918418884277,1.0079095363616943,0.002059604972600937,0.6742849946022034,0,0.0001258212857486395,True,4.1088496800512075e-05
4295,0.010129766538739204,0.04652250558137894,0.03154882788658142,1.0025324821472168,1.01162850856781,1.0078864097595215,0.0020566927269101143,0.6770004630088806,0,0.00012374746040078632,True,4.135769995627925e-05
4300,0.009104503318667412,0.04722262918949127,0.0316377654671669,1.0022761821746826,1.011803388595581,1.007908582687378,0.0020780330523848534,0.6841446161270142,0,0.00011877252332634963,True,4.1175222577294335e-05
4305,0.007147296331822872,0.04825591295957565,0.03154662996530533,1.0017868280410767,1.012061595916748,1.0078858137130737,0.002099652076140046,0.6821532845497131,0,0.00011506731317714307,True,4.15394788433332e-05
4310,0.006231178063899279,0.04637712985277176,0.03138222545385361,1.0015578269958496,1.011592149734497,1.0078446865081787,0.0020515976939350367,0.6730767488479614,0,0.00010692758069703287,True,4.184478530078195e-05
4315,0.006330849602818489,0.04652857407927513,0.03149103745818138,1.0015826225280762,1.0116300582885742,1.0078719854354858,0.002112975809723139,0.6859391927719116,0,0.00013442052080503072,True,4.176316724624485e-05
4320,0.005659142043441534,0.04689839482307434,0.03145322576165199,1.0014147758483887,1.011722445487976,1.0078624486923218,0.0021247980184853077,0.6786091327667236,0,0.00011722204740248746,True,4.1927189158741385e-05
4325,0.005554074887186289,0.048227742314338684,0.03146176040172577,1.0013885498046875,1.012054681777954,1.0078647136688232,0.0021443937439471483,0.6806476712226868,0,0.00010809955260292228,True,4.198230817564763e-05
4330,0.005654008127748966,0.04693768173456192,0.03156881779432297,1.0014135837554932,1.0117323398590088,1.0078914165496826,0.002126651117578149,0.6679414510726929,0,0.00011640828246909374,True,4.158403316978365e-05
4335,0.007014886010438204,0.046332404017448425,0.03184020146727562,1.001753807067871,1.0115809440612793,1.007959246635437,0.002080934587866068,0.6661085486412048,0,0.00012871574686192338,True,4.057933983858675e-05
4340,0.008555261418223381,0.04601383954286575,0.031823694705963135,1.0021388530731201,1.011501431465149,1.0079550743103027,0.002015654928982258,0.6872650980949402,0,0.0001128348481926452,True,4.0367303881794214e-05
4345,0.008617113344371319,0.04711383208632469,0.03157613053917885,1.0021543502807617,1.0117762088775635,1.0078933238983154,0.002018214436247945,0.6711961627006531,0,0.0001154654889904843,True,4.1122097172774374e-05
4350,0.009648344479501247,0.04662181809544563,0.03144371509552002,1.0024120807647705,1.0116534233093262,1.0078601837158203,0.0020145010203123093,0.6703542470932007,0,0.0001391104327991381,True,4.150889071752317e-05
4355,0.009316816926002502,0.04649094492197037,0.0314495787024498,1.0023291110992432,1.0116206407546997,1.007861614227295,0.0020365058444440365,0.6783130764961243,0,0.00014066756924465892,True,4.1578176023904234e-05
4360,0.008351365104317665,0.047598760575056076,0.03133608400821686,1.0020878314971924,1.0118974447250366,1.0078332424163818,0.0021201579365879297,0.6784900426864624,0,0.00013562153635742096,True,4.226368764648214e-05
4365,0.009112673811614513,0.04694439843297005,0.031238215044140816,1.0022780895233154,1.0117340087890625,1.007808804512024,0.0021170417312532663,0.669870138168335,0,0.000123657226486335,True,4.255075691617094e-05
4370,0.00796173419803381,0.04577866941690445,0.0313611663877964,1.0019904375076294,1.0114426612854004,1.007839560508728,0.0020906610880047083,0.6764812469482422,0,0.00012547148113974048,True,4.206691664876416e-05
4375,0.007060687057673931,0.04743148759007454,0.03154372423887253,1.0017651319503784,1.0118556022644043,1.007885217666626,0.002060108119621873,0.6762709021568298,0,0.00011988431354504387,True,4.1388149838894606e-05
4380,0.007053822744637728,0.04873892292380333,0.03166930004954338,1.0017634630203247,1.0121822357177734,1.0079164505004883,0.0020251383539289236,0.6688123941421509,0,0.00012791531727081252,True,4.086898115929216e-05
4385,0.005081753712147474,0.04697052389383316,0.031794726848602295,1.0012705326080322,1.0117404460906982,1.0079479217529297,0.0020375193562358618,0.6808304786682129,0,0.00012261393947560607,True,4.054163582623005e-05
4390,0.004285658709704876,0.04618369787931442,0.031615257263183594,1.0010714530944824,1.011543869972229,1.0079030990600586,0.002067429944872856,0.6815685033798218,0,0.00012620278991306016,True,4.120202356716618e-05
4395,0.004429348744452,0.045197874307632446,0.0316154882311821,1.0011073350906372,1.0112974643707275,1.0079030990600586,0.002060387283563614,0.6845767498016357,0,0.00011014480315167121,True,4.1172646888298914e-05
4400,0.006156965624541044,0.045368630439043045,0.03166116774082184,1.0015392303466797,1.0113401412963867,1.0079145431518555,0.002040188293904066,0.6716126203536987,0,0.000132540321268687,True,4.095304757356644e-05
4405,0.006550496909767389,0.046752531081438065,0.031633034348487854,1.0016376972198486,1.011686086654663,1.0079073905944824,0.002029217779636383,0.681584894657135,0,0.00012103866908729543,True,4.0994153096107766e-05
4410,0.0067391241900622845,0.04854382202029228,0.03140182048082352,1.0016847848892212,1.0121335983276367,1.0078496932983398,0.002076028846204281,0.6693622469902039,0,0.00012548107081583444,True,4.1882645746227354e-05
4415,0.006771655287593603,0.04915807768702507,0.03127790242433548,1.0016928911209106,1.0122870206832886,1.0078186988830566,0.00209405436180532,0.671427309513092,0,0.00011300344451217349,True,4.2334206227678806e-05
4420,0.00602225586771965,0.04762200638651848,0.03131960704922676,1.0015056133270264,1.0119032859802246,1.007829189300537,0.0020609477069228888,0.6820876002311707,0,0.0001196784482541514,True,4.207282472634688e-05
4425,0.006811539176851511,0.046065278351306915,0.03154151141643524,1.001702904701233,1.0115141868591309,1.0078846216201782,0.0020706974901258945,0.6785440444946289,0,0.00010674929154464263,True,4.143745900364593e-05
4430,0.008334050886332989,0.045445483177900314,0.03178400546312332,1.0020835399627686,1.011359453201294,1.0079452991485596,0.0020489580929279327,0.6833135485649109,0,0.00011555985078294539,True,4.0619048377266154e-05
4435,0.008703607134521008,0.04618142917752266,0.03193071484565735,1.0021758079528809,1.0115432739257812,1.007981777191162,0.00205434812232852,0.6728306412696838,0,0.00011485502780677907,True,4.0201484807766974e-05
4440,0.008765184320509434,0.048064377158880234,0.031773194670677185,1.0021913051605225,1.0120137929916382,1.0079424381256104,0.002036647405475378,0.6853833198547363,0,0.00011349878240283213,True,4.060123683302663e-05
4445,0.00943155400454998,0.04749559983611107,0.03134613484144211,1.0023579597473145,1.011871576309204,1.0078357458114624,0.002018918050453067,0.680616021156311,0,0.00011491669242647814,True,4.1823939682217315e-05
4450,0.009490754455327988,0.04612976312637329,0.031235184520483017,1.0023727416992188,1.0115303993225098,1.0078080892562866,0.002074445364996791,0.6678932905197144,0,0.0001313231261662619,True,4.2385858250781894e-05
4455,0.008284889161586761,0.04621857777237892,0.03129885718226433,1.0020711421966553,1.0115525722503662,1.0078239440917969,0.0021158759482204914,0.674909234046936,0,0.00010226655280305747,True,4.236061067786068e-05
4460,0.008030984550714493,0.04643064737319946,0.03154316172003746,1.0020077228546143,1.0116055011749268,1.0078849792480469,0.002109604189172387,0.6730896234512329,0,0.00013820095427520464,True,4.1590908949729055e-05
4465,0.008715583011507988,0.04671347513794899,0.03166954964399338,1.0021789073944092,1.01167631149292,1.0079166889190674,0.0020771226845681667,0.677170991897583,0,0.00010422148696878224,True,4.107585846213624e-05
4470,0.00841944757848978,0.04472796246409416,0.031615085899829865,1.0021048784255981,1.0111801624298096,1.007902979850769,0.0020186391193419695,0.6789246797561646,0,0.00012968686670478114,True,4.1006664105225354e-05
4475,0.006122962571680546,0.04427628219127655,0.03130899369716644,1.001530647277832,1.011067271232605,1.007826566696167,0.0020121168345212936,0.6783888339996338,0,0.00012564626710746962,True,4.191186235402711e-05
4480,0.0055168098770082,0.0441136360168457,0.03114994429051876,1.0013792514801025,1.0110266208648682,1.007786750793457,0.0020408155396580696,0.6715948581695557,0,0.0001062000173800214,True,4.251380596542731e-05
4485,0.005128352902829647,0.04595540463924408,0.03131384402513504,1.0012820959091187,1.0114867687225342,1.007827639579773,0.0021497909910976887,0.6770840883255005,0,0.0001214366073098958,True,4.245616582920775e-05
4490,0.006383778061717749,0.04695970192551613,0.03165780380368233,1.0015959739685059,1.0117378234863281,1.007913589477539,0.0021658095065504313,0.6799012422561646,0,0.00013609715275289145,True,4.1478317143628374e-05
4495,0.0061823041178286076,0.04802468791604042,0.03171820938587189,1.0015455484390259,1.0120038986206055,1.007928729057312,0.002211496699601412,0.6798808574676514,0,0.00013761985759060255,True,4.149158485233784e-05
4500,0.007528549060225487,0.046076297760009766,0.031450796872377396,1.0018820762634277,1.01151704788208,1.007861852645874,0.002163946395739913,0.6728606820106506,0,0.00010042243310777463,True,4.209746839478612e-05
4505,0.007182449102401733,0.044994961470365524,0.031256020069122314,1.0017955303192139,1.0112468004226685,1.0078132152557373,0.00213142903521657,0.6741644740104675,0,0.00011691854601465895,True,4.25559192080982e-05
4510,0.005224128719419241,0.04573800414800644,0.031124841421842575,1.0013060569763184,1.0114325284957886,1.0077804327011108,0.002114169066771865,0.6744753122329712,0,9.879247359754329e-05,True,4.288835043553263e-05
4515,0.004196253605186939,0.046905308961868286,0.03103143721818924,1.0010490417480469,1.0117242336273193,1.0077571868896484,0.002139669843018055,0.6642616987228394,0,0.00011916238265005218,True,4.3282991100568324e-05
4520,0.003883020021021366,0.047700054943561554,0.03122907131910324,1.0009708404541016,1.011922836303711,1.0078065395355225,0.0021357096266001463,0.6842707395553589,0,0.00014198964658724078,True,4.2657651647459716e-05
4525,0.003833432449027896,0.046383365988731384,0.031310997903347015,1.0009584426879883,1.0115938186645508,1.0078270435333252,0.002123676473274827,0.6717567443847656,0,0.00012537592947610434,True,4.2356710764579475e-05
4530,0.005647788289934397,0.045777250081300735,0.031461041420698166,1.0014119148254395,1.0114423036575317,1.0078644752502441,0.0021021950524300337,0.6767925024032593,0,0.00011327569724019515,True,4.180981341050938e-05
4535,0.006662373896688223,0.04668491706252098,0.03157643601298332,1.0016655921936035,1.0116691589355469,1.0078933238983154,0.002085520653054118,0.6782791614532471,0,0.00010781837332611449,True,4.139070006203838e-05
4540,0.005905409809201956,0.04632529243826866,0.03148762881755829,1.0014762878417969,1.0115792751312256,1.007871150970459,0.0021061894949525595,0.6802057027816772,0,0.00010690729970504945,True,4.174422429059632e-05
4545,0.004384571220725775,0.04641158878803253,0.031101219356060028,1.0010961294174194,1.0116007328033447,1.0077745914459229,0.002113176742568612,0.673768162727356,0,0.00011332910781885652,True,4.2956165998475626e-05
4550,0.005818044301122427,0.04606729745864868,0.030919458717107773,1.0014545917510986,1.0115147829055786,1.0077290534973145,0.0021354954224079847,0.6790003776550293,0,0.00011998460969075606,True,4.361152969067916e-05
4555,0.006036813836544752,0.045028697699308395,0.0310041643679142,1.001509189605713,1.0112552642822266,1.0077502727508545,0.0021025831811130047,0.6893337368965149,0,0.00010606417345291351,True,4.321330925449729e-05
4560,0.005856335628777742,0.04705905169248581,0.031164253130555153,1.0014641284942627,1.0117626190185547,1.0077903270721436,0.002046729438006878,0.6816941499710083,0,0.00011984088552043721,True,4.2492370994295925e-05
4565,0.004124831408262253,0.0492517426609993,0.031210511922836304,1.0010311603546143,1.01231050491333,1.0078017711639404,0.002090990077704191,0.6774932146072388,0,0.0001140428624584083,True,4.252865619491786e-05
4570,0.0036135988775640726,0.04877103865146637,0.031093042343854904,1.0009033679962158,1.012190341949463,1.007772445678711,0.0021219616755843163,0.6734529137611389,0,0.000132603782727611,True,4.301775697967969e-05
4575,0.004787137731909752,0.04618358984589577,0.031072096899151802,1.0011968612670898,1.011543869972229,1.0077672004699707,0.00211955513805151,0.6689713597297668,0,0.00011494262825721485,True,4.307275958126411e-05
4580,0.005234821233898401,0.04486806318163872,0.03106570988893509,1.0013086795806885,1.0112152099609375,1.0077656507492065,0.002132758963853121,0.672944962978363,0,0.00013364360823913543,True,4.3147294491063803e-05
4585,0.004167171660810709,0.046277258545160294,0.030948935076594353,1.0010417699813843,1.011567234992981,1.0077364444732666,0.0021542946342378855,0.6767836809158325,0,0.00012372150036277018,True,4.3598556658253074e-05
4590,0.004362254869192839,0.04662948101758957,0.03084293007850647,1.0010905265808105,1.011655330657959,1.0077099800109863,0.0021347312722355127,0.6778883934020996,0,0.00013448408134742327,True,4.384593921713531e-05
4595,0.004760430194437504,0.04716184735298157,0.030883977189660072,1.0011900663375854,1.011788249015808,1.0077202320098877,0.0021076754201203585,0.6753602027893066,0,0.00011078110418106472,True,4.360596358310431e-05
4600,0.004681486636400223,0.04722899943590164,0.03097059577703476,1.0011703968048096,1.0118050575256348,1.007741928100586,0.002108610002323985,0.6840938329696655,0,0.00013196087822815882,True,4.3341158743714914e-05
4605,0.0070341117680072784,0.04721270874142647,0.031010102480649948,1.0017585754394531,1.01180100440979,1.007751703262329,0.002091853879392147,0.6818773746490479,0,0.00012450712443283745,True,4.314929901738651e-05
4610,0.006020430475473404,0.04736308380961418,0.030994031578302383,1.0015051364898682,1.0118385553359985,1.007747769355774,0.0021064085885882378,0.6664347648620605,0,0.00012111679160614885,True,4.325954068917781e-05
4615,0.005043014418333769,0.047592829912900925,0.031144073233008385,1.001260757446289,1.0118958950042725,1.0077853202819824,0.0020871316082775593,0.6812539100646973,0,0.00011861803304478061,True,4.2717434553196654e-05
4620,0.005028729327023029,0.04760943725705147,0.03137550130486488,1.0012571811676025,1.0119000673294067,1.0078431367874146,0.0021092917304486036,0.6829664707183838,0,0.00010775437129919786,True,4.2099076381418854e-05
4625,0.004451976623386145,0.045456137508153915,0.031235184520483017,1.001112937927246,1.011362075805664,1.0078080892562866,0.0020772649440914392,0.6740573644638062,0,0.00012618929087575764,True,4.2397750803502277e-05
4630,0.004037925507873297,0.04537525773048401,0.031138410791754723,1.001009464263916,1.0113418102264404,1.0077838897705078,0.0020961451809853315,0.6788842678070068,0,0.00011431101137773537,True,4.2772298911586404e-05
4635,0.0036597761791199446,0.0456286296248436,0.030906615778803825,1.0009149312973022,1.0114052295684814,1.0077259540557861,0.002160827163606882,0.677489161491394,0,0.00011536941086254777,True,4.375821663415991e-05
4640,0.004354329314082861,0.04778231307864189,0.030753720551729202,1.0010886192321777,1.0119433403015137,1.0076876878738403,0.0021812263876199722,0.6818974018096924,0,0.00011841074826859867,True,4.432074274518527e-05
4645,0.0037538667675107718,0.04788573086261749,0.030710494145751,1.0009384155273438,1.0119690895080566,1.0076768398284912,0.0021839032415300608,0.6771729588508606,0,0.00012912338002880278,True,4.446745151653886e-05
4650,0.004396403674036264,0.04758970066905022,0.030783575028181076,1.0010991096496582,1.0118951797485352,1.007695198059082,0.002144950907677412,0.675126850605011,0,0.00012707358420623483,True,4.407453161547892e-05
4655,0.004010939970612526,0.04856373369693756,0.030925292521715164,1.0010027885437012,1.0121386051177979,1.007730484008789,0.0021684325765818357,0.6858456134796143,0,0.00012177795900742516,True,4.37321032222826e-05
4660,0.004240312613546848,0.04865814745426178,0.03095892444252968,1.0010600090026855,1.012162208557129,1.0077389478683472,0.0021876459941267967,0.6718692779541016,0,0.0001058649886839348,True,4.370966780697927e-05
4665,0.0024530456867069006,0.048691995441913605,0.030979493632912636,1.0006132125854492,1.0121705532073975,1.0077440738677979,0.0022128913551568985,0.6907064914703369,0,0.0001375905566836318,True,4.375425123726018e-05
4670,0.000689451233483851,0.04727243259549141,0.03083353117108345,1.0001723766326904,1.0118159055709839,1.0077075958251953,0.0022378352005034685,0.6922547221183777,0,0.0001415739155665556,True,4.431713750818744e-05
4675,0.0008122518192976713,0.04563141241669655,0.0306919664144516,1.000203013420105,1.0114059448242188,1.0076723098754883,0.0021883381996303797,0.6814560890197754,0,0.00012254600233779092,True,4.454682130017318e-05
4680,0.0010602310067042708,0.04443434253334999,0.030673032626509666,1.000265121459961,1.0111067295074463,1.0076675415039062,0.00215731980279088,0.6785979270935059,0,0.00010983854588716139,True,4.447501851245761e-05
4685,0.0017235130071640015,0.04516567289829254,0.030754713341593742,1.0004308223724365,1.0112894773483276,1.0076879262924194,0.0021795460488647223,0.6787750720977783,0,0.00013347250453819953,True,4.431182242115028e-05
4690,0.0025630786549299955,0.04664495214819908,0.031040720641613007,1.0006407499313354,1.0116591453552246,1.00775945186615,0.0022273955401033163,0.6758627891540527,0,0.00014262193371078466,True,4.3627049308270216e-05
4695,0.002383557381108403,0.046004801988601685,0.03129376098513603,1.0005958080291748,1.0114991664886475,1.0078226327896118,0.0022250500041991472,0.6815849542617798,0,0.00014931678101666606,True,4.283926318748854e-05
4700,0.003622222226113081,0.046258095651865005,0.031247073784470558,1.0009055137634277,1.0115623474121094,1.0078110694885254,0.0021714549511671066,0.6856890916824341,0,0.00011383368452922023,True,4.275272294762544e-05
4705,0.0043893237598240376,0.04558514803647995,0.03104334883391857,1.001097321510315,1.0113942623138428,1.0077600479125977,0.002114424714818597,0.6866936683654785,0,0.00012938908432093092,True,4.314170655561611e-05
4710,0.004074096214026213,0.0455951914191246,0.030854133889079094,1.0010185241699219,1.011396884918213,1.007712721824646,0.002093828981742263,0.6699278354644775,0,0.00010420258715526733,True,4.364391497801989e-05
4715,0.0019694138318300247,0.04650609567761421,0.030873486772179604,1.0004923343658447,1.0116243362426758,1.0077176094055176,0.002114607021212578,0.6782602667808533,0,0.00013628062716794918,True,4.366908615338616e-05
4720,0.0011469511082395911,0.048303037881851196,0.031023142859339714,1.0002868175506592,1.0120733976364136,1.0077550411224365,0.0021264003589749336,0.6849734783172607,0,0.00012794307862507647,True,4.32534288847819e-05
4725,0.0014122703578323126,0.04860285669565201,0.03109581768512726,1.0003530979156494,1.012148380279541,1.0077731609344482,0.0021467041224241257,0.6811079382896423,0,0.00012230142879520605,True,4.31137959822081e-05
4730,0.002901402534916997,0.04652649164199829,0.0309843048453331,1.0007253885269165,1.011629581451416,1.0077452659606934,0.0021706002298742533,0.6819159984588623,0,0.00011108659774456053,True,4.355960481916554e-05
4735,0.003515827702358365,0.04530441388487816,0.03085923194885254,1.0008790493011475,1.011324167251587,1.007714033126831,0.002174048451706767,0.6802964806556702,0,0.00014382302463430125,True,4.396262374939397e-05
4740,0.0024610888212919235,0.04618263617157936,0.03098236210644245,1.0006153583526611,1.0115435123443604,1.0077449083328247,0.0021965063642710447,0.6736727356910706,0,0.00012055842942471796,True,4.367590736364946e-05
4745,0.0026036486960947514,0.04662369564175606,0.031111247837543488,1.0006508827209473,1.0116537809371948,1.0077769756317139,0.0021939717698842287,0.6802071332931519,0,0.00011981450371241698,True,4.326642010710202e-05
4750,0.0043132430873811245,0.046995725482702255,0.031085167080163956,1.0010783672332764,1.0117467641830444,1.0077705383300781,0.0021670691203325987,0.6767643690109253,0,0.00011727897378995482,True,4.323152097640559e-05
4755,0.005460409913212061,0.04785335063934326,0.031022515147924423,1.001365065574646,1.0119609832763672,1.0077548027038574,0.002142978133633733,0.6788711547851562,0,0.00010582396150314008,True,4.3323430872987956e-05
4760,0.00734500028192997,0.04645797610282898,0.03094276785850525,1.0018362998962402,1.0116124153137207,1.007735013961792,0.0021188503596931696,0.676906943321228,0,0.00010931125442090472,True,4.346900823293254e-05
4765,0.0072892759926617146,0.04531709849834442,0.030921075493097305,1.0018223524093628,1.0113272666931152,1.0077295303344727,0.0021273924503475428,0.6689373850822449,0,0.00011629017961642238,True,4.357189027359709e-05
4770,0.006969230715185404,0.04497204348444939,0.030923359096050262,1.0017423629760742,1.0112411975860596,1.0077300071716309,0.0021063017193228006,0.6780264973640442,0,0.00011721580517416041,True,4.347779758973047e-05
4775,0.005619222763925791,0.04653804749250412,0.031094802543520927,1.0014047622680664,1.0116324424743652,1.0077729225158691,0.002085692947730422,0.6771864891052246,0,0.0001341734176036981,True,4.2863161070272326e-05
4780,0.004551481455564499,0.046825941652059555,0.031051669269800186,1.0011378526687622,1.011704444885254,1.0077621936798096,0.002115614013746381,0.6770018339157104,0,0.00012184884299789103,True,4.311925295041874e-05
4785,0.004297460429370403,0.04668785259127617,0.03090321458876133,1.0010743141174316,1.0116698741912842,1.0077250003814697,0.0021148226223886013,0.6778583526611328,0,0.00012716429413723343,True,4.357561920187436e-05
4790,0.0028332830406725407,0.04734153673052788,0.030982036143541336,1.0007083415985107,1.0118331909179688,1.0077447891235352,0.0021593612618744373,0.6780404448509216,0,0.00012643577847448306,True,4.3517782614799216e-05
4795,0.0018776973010972142,0.04797723516821861,0.031163346022367477,1.000469446182251,1.0119919776916504,1.0077900886535645,0.002215772168710828,0.6786352396011353,0,0.00014058549515849348,True,4.319887011661194e-05
4800,0.0019254771759733558,0.04722806438803673,0.030980277806520462,1.000481367111206,1.0118048191070557,1.007744312286377,0.0022412848193198442,0.6832452416419983,0,0.00012455508768248068,True,4.387536318972707e-05
4805,0.0011383439414203167,0.047333069145679474,0.030749069526791573,1.0002846717834473,1.0118310451507568,1.0076864957809448,0.0022359525319188833,0.684247612953186,0,0.0001307355356442019,True,4.4573371269507334e-05
4810,0.0015032674418762326,0.04609789326786995,0.030541757121682167,1.000375747680664,1.0115225315093994,1.0076346397399902,0.0022314039524644613,0.6864215135574341,0,0.00011683811551142235,True,4.520466609392315e-05
4815,0.0031830749940127134,0.04561494663357735,0.030487574636936188,1.0007957220077515,1.0114017724990845,1.007621169090271,0.0022035061847418547,0.6863712668418884,0,9.781120671982004e-05,True,4.525404438027181e-05
4820,0.004289495758712292,0.04679161682724953,0.03061920404434204,1.0010724067687988,1.0116958618164062,1.007654070854187,0.0021922176238149405,0.6714040040969849,0,0.00012814404850385562,True,4.478898335946724e-05
4825,0.0057090045884251595,0.04665835201740265,0.030812382698059082,1.001427173614502,1.011662483215332,1.007702350616455,0.0021485842298716307,0.6712620854377747,0,9.92624323328943e-05,True,4.399858880788088e-05
4830,0.0061566708609461784,0.04551615193486214,0.031091071665287018,1.0015392303466797,1.0113770961761475,1.0077719688415527,0.0020976087544113398,0.6887644529342651,0,0.00013820106979471782,True,4.2923093133140355e-05
4835,0.005645358934998512,0.04555125907063484,0.031202327460050583,1.0014114379882812,1.0113859176635742,1.0077998638153076,0.0020687670912593603,0.6839261651039124,0,0.00016901230587622034,True,4.246358366799541e-05
4840,0.004722864367067814,0.04617740958929062,0.031010672450065613,1.001180648803711,1.0115423202514648,1.0077519416809082,0.00211205892264843,0.6701449751853943,0,0.00012307994710226188,True,4.3231491872575134e-05
4845,0.005263008642941713,0.047761257737874985,0.030900083482265472,1.001315712928772,1.0119380950927734,1.0077242851257324,0.002122611505910754,0.6717088222503662,0,8.865867405753973e-05,True,4.36172413174063e-05
4850,0.00501386821269989,0.04748832806944847,0.030675463378429413,1.0012534856796265,1.0118699073791504,1.007668137550354,0.0021154226269572973,0.6814260482788086,0,0.0001198671400874851,True,4.428899410413578e-05
4855,0.005110690835863352,0.047106917947530746,0.030487561598420143,1.0012776851654053,1.0117745399475098,1.0076210498809814,0.002107399282976985,0.6759657859802246,0,0.00014474447404304972,True,4.484730015974492e-05
4860,0.004913287237286568,0.047272369265556335,0.030523285269737244,1.0012283325195312,1.0118159055709839,1.0076301097869873,0.002121579134836793,0.6823920011520386,0,0.00012240109177262664,True,4.479317431105301e-05
4865,0.003912325482815504,0.047041360288858414,0.030754882842302322,1.0009781122207642,1.0117580890655518,1.007688045501709,0.002114515984430909,0.6875882148742676,0,0.00011010808726379748,True,4.403756247484125e-05
4870,0.0035874308086931705,0.04686576500535011,0.030833374708890915,1.00089693069458,1.011714220046997,1.0077075958251953,0.0021259586792439222,0.6808607578277588,0,0.00011687446752006457,True,4.3840191210620105e-05
4875,0.0024799355305731297,0.046969130635261536,0.030778387561440468,1.0006200075149536,1.0117402076721191,1.0076937675476074,0.0021691755391657352,0.6859960556030273,0,0.00012705599968999278,True,4.41932788817212e-05
4880,0.002866920316591859,0.04687633365392685,0.030686890706419945,1.0007166862487793,1.0117169618606567,1.0076709985733032,0.0021351496689021587,0.6747099161148071,0,0.00013052959846417356,True,4.4336611608741805e-05
4885,0.0036724465899169445,0.04699253290891647,0.030752932652831078,1.0009181499481201,1.0117459297180176,1.0076875686645508,0.002132640453055501,0.6848958134651184,0,0.00012291030021045375,True,4.411880217958242e-05
4890,0.004462455864995718,0.046571142971515656,0.03076961077749729,1.0011155605316162,1.0116406679153442,1.0076916217803955,0.0021106561180204153,0.6848286390304565,0,0.00013885787379750597,True,4.3975138396490365e-05
4895,0.0037155705504119396,0.045714229345321655,0.03078186884522438,1.0009288787841797,1.011426568031311,1.0076947212219238,0.0021295337937772274,0.6805872917175293,0,0.00013339259555345993,True,4.401503974804655e-05
4900,0.0029428957495838404,0.04659418389201164,0.03084518201649189,1.0007357597351074,1.0116465091705322,1.0077104568481445,0.002139154588803649,0.6781593561172485,0,0.0001124081481847197,True,4.385795909911394e-05
4905,0.002707918407395482,0.04580893740057945,0.030917704105377197,1.0006769895553589,1.0114502906799316,1.0077288150787354,0.002122282050549984,0.6801798343658447,0,0.00010617203805522566,True,4.3562591599766165e-05
4910,0.0009898197604343295,0.04597510024905205,0.030797068029642105,1.0002474784851074,1.0114917755126953,1.0076985359191895,0.0021547824144363403,0.6780533790588379,0,0.00012825830578719132,True,4.407472079037689e-05
4915,0.0003582544159144163,0.04595337435603142,0.030734769999980927,1.0000895261764526,1.011486291885376,1.0076830387115479,0.002156662056222558,0.6780658960342407,0,0.0001368150736731308,True,4.427803651196882e-05
4920,0.000860096188262105,0.04540079087018967,0.030901243910193443,1.0002150535583496,1.0113482475280762,1.0077245235443115,0.002149813110008836,0.6863313913345337,0,0.00012948603504709367,True,4.3730036850320175e-05
4925,0.0019408825319260359,0.045226793736219406,0.030857283622026443,1.0004851818084717,1.0113047361373901,1.0077135562896729,0.0021404845174402,0.6735840439796448,0,0.0001143564186254485,True,4.382714178063907e-05
4930,0.0035527031868696213,0.046052757650613785,0.030771786347031593,1.0008881092071533,1.0115110874176025,1.0076922178268433,0.00210578553378582,0.6821812987327576,0,0.00012871712961802184,True,4.394896677695215e-05
4935,0.004857897758483887,0.04601728171110153,0.030733982101082802,1.0012145042419434,1.0115022659301758,1.0076828002929688,0.0020616177935153246,0.6776320338249207,0,0.00014385049045437462,True,4.3886924686376005e-05
4940,0.006019510794430971,0.04588879272341728,0.030883271247148514,1.001504898071289,1.0114701986312866,1.0077201128005981,0.00208113226108253,0.6773694753646851,0,0.00011705444530726874,True,4.349956725491211e-05
4945,0.00722512835636735,0.04387501999735832,0.030892416834831238,1.0018062591552734,1.0109670162200928,1.0077223777770996,0.002023989800363779,0.6824135780334473,0,0.00013033037170603548,True,4.324206383898854e-05
4950,0.005652027670294046,0.04423310235142708,0.030929092317819595,1.0014129877090454,1.0110564231872559,1.0077314376831055,0.002003895351663232,0.6915572881698608,0,0.00015728566014685126,True,4.304909089114517e-05
4955,0.005190693307667971,0.04716749116778374,0.03079434670507908,1.0012977123260498,1.0117897987365723,1.0076978206634521,0.0021309438161551952,0.6740598678588867,0,0.00013565609355774643,True,4.398123564897105e-05
4960,0.004625158384442329,0.04759686812758446,0.03083975613117218,1.0011563301086426,1.0118969678878784,1.007709264755249,0.002141764620319009,0.678208589553833,0,0.0001265676561268029,True,4.388495290186256e-05
4965,0.002633183728903532,0.04763109236955643,0.030963458120822906,1.0006582736968994,1.0119054317474365,1.0077400207519531,0.0021389431785792112,0.6816784143447876,0,0.00014176559527803517,True,4.348954462329857e-05
4970,0.0023343574721366167,0.04738280922174454,0.031024519354104996,1.0005836486816406,1.0118434429168701,1.0077552795410156,0.0021385655272752047,0.6874446272850037,0,0.00011286462167381099,True,4.329948569647968e-05
4975,0.001677546533755958,0.046261537820100784,0.030801352113485336,1.0004193782806396,1.0115633010864258,1.0076996088027954,0.0021518305875360966,0.6699556708335876,0,9.92655434270792e-05,True,4.404921128298156e-05
4980,0.0014178225537762046,0.04367562383413315,0.030587561428546906,1.000354528427124,1.0109171867370605,1.007646083831787,0.0021709660068154335,0.6761424541473389,0,0.00011784246501975606,True,4.480083589442074e-05
4985,0.0024833492934703827,0.043876782059669495,0.030603162944316864,1.0006208419799805,1.010967493057251,1.0076501369476318,0.002165350131690502,0.6715381145477295,0,0.00013031457829491133,True,4.472790169529617e-05
4990,0.00354994204826653,0.04547504708170891,0.030774299055337906,1.000887393951416,1.011366844177246,1.007692813873291,0.0021094996482133865,0.6787329912185669,0,0.00012504811595302065,True,4.395714495331049e-05
4995,0.0032179970294237137,0.044824399054050446,0.03088119626045227,1.0008044242858887,1.0112042427062988,1.0077195167541504,0.002073486801236868,0.6960001587867737,0,0.00012495241140621666,True,4.347682624938898e-05
5000,0.00378209725022316,0.04516810178756714,0.03075183928012848,1.0009455680847168,1.0112900733947754,1.0076872110366821,0.0020925619173794985,0.6838361024856567,0,0.00013739810185629488,True,4.395742871565744e-05
5005,0.0030454073566943407,0.04632710665464401,0.030815841630101204,1.0007612705230713,1.0115797519683838,1.0077033042907715,0.0021165970247238874,0.6742569208145142,0,0.00011038475233394073,True,4.385627471492626e-05
5010,0.004389495123177767,0.04515828192234039,0.03102491982281208,1.0010974407196045,1.0112876892089844,1.0077555179595947,0.0020733075216412544,0.6851941347122192,0,0.00014327156722871356,True,4.302987872506492e-05
5015,0.0032815609592944384,0.04703270643949509,0.03107147105038166,1.0008203983306885,1.0117559432983398,1.0077672004699707,0.0021173718851059675,0.6876014471054077,0,0.00012808240485928811,True,4.3066458601970226e-05
5020,0.0018632074352353811,0.04803183302283287,0.030902568250894547,1.0004658699035645,1.0120055675506592,1.0077248811721802,0.0021225949749350548,0.6802338361740112,0,0.0001428048454965998,True,4.3611828004941344e-05
5025,0.002331318100914359,0.04705238342285156,0.030615640804171562,1.0005828142166138,1.011760950088501,1.0076532363891602,0.0021380148828029633,0.689532995223999,0,0.000117706734843475,True,4.457230897969566e-05
5030,0.004058081656694412,0.044840987771749496,0.030490979552268982,1.0010144710540771,1.0112082958221436,1.0076220035552979,0.0021505055483430624,0.6811250448226929,0,0.00013886353855412952,True,4.501712101045996e-05
5035,0.004592458251863718,0.04527891427278519,0.030559981241822243,1.0011481046676636,1.0113177299499512,1.0076391696929932,0.0021298148203641176,0.6739321947097778,0,0.00011866905562395633,True,4.471287684282288e-05
5040,0.005407525692135096,0.04564196243882179,0.030671589076519012,1.0013518333435059,1.0114085674285889,1.007667064666748,0.002075745491310954,0.6811933517456055,0,0.0001333091714156287,True,4.4139593228464946e-05
5045,0.004782811738550663,0.046660080552101135,0.030727002769708633,1.0011956691741943,1.0116629600524902,1.007680892944336,0.0021293279714882374,0.6728244423866272,0,0.00014335522373821997,True,4.418627577251755e-05
5050,0.003315114416182041,0.046479642391204834,0.03075231797993183,1.000828742980957,1.01161789894104,1.0076873302459717,0.0021602793131023645,0.6819283962249756,0,0.0001303875482887904,True,4.423756763571873e-05
5055,0.0028140866197645664,0.04537958651781082,0.030734920874238014,1.0007035732269287,1.011343002319336,1.0076830387115479,0.002138929208740592,0.6885561943054199,0,0.00011601754945688449,True,4.4202839490026236e-05
5060,0.004309143405407667,0.0457063727080822,0.030560731887817383,1.0010772943496704,1.0114245414733887,1.0076395273208618,0.0020728539675474167,0.6829893589019775,0,0.0001158117008582321,True,4.447734681889415e-05
5065,0.004306711722165346,0.04530881717801094,0.030466075986623764,1.0010766983032227,1.0113252401351929,1.0076158046722412,0.00207704259082675,0.6779670715332031,0,0.00012280777467379178,True,4.479294875636697e-05
5070,0.002691710600629449,0.0461876206099987,0.030505627393722534,1.0006729364395142,1.0115448236465454,1.007625699043274,0.0020695372950285673,0.6824787855148315,0,0.0001310150138402179,True,4.463769801077433e-05
5075,0.0021296124905347824,0.04639092832803726,0.030643349513411522,1.0005323886871338,1.0115957260131836,1.007660150527954,0.00209064525552094,0.6868723630905151,0,0.00011310240304347695,True,4.42894124716986e-05
5080,0.0019953688606619835,0.046775996685028076,0.030607882887125015,1.0004987716674805,1.0116918087005615,1.0076513290405273,0.002070713322609663,0.6842299699783325,0,0.00011156793598013564,True,4.4319898734102026e-05
5085,0.00267685460858047,0.04556553065776825,0.030538316816091537,1.000669240951538,1.0113894939422607,1.0076338052749634,0.0020846696570515633,0.6911720037460327,0,0.00013111045490067739,True,4.459607589524239e-05
5090,0.00316432723775506,0.04409664124250412,0.030387429520487785,1.000791072845459,1.0110223293304443,1.0075961351394653,0.00209054839797318,0.6877315640449524,0,0.00011133351874878187,True,4.5097920519765466e-05
5095,0.0039894115179777145,0.04462293162941933,0.030368022620677948,1.0009973049163818,1.0111539363861084,1.0075912475585938,0.002115687122568488,0.6829825043678284,0,0.00011025209261928578,True,4.526223710854538e-05
5100,0.0037744902074337006,0.04593149945139885,0.030379731208086014,1.000943660736084,1.0114808082580566,1.0075942277908325,0.00215237308293581,0.6817212700843811,0,0.0001488554693106946,True,4.53771062893793e-05
5105,0.0032392386347055435,0.046064991503953934,0.0304279662668705,1.0008097887039185,1.0115141868591309,1.0076062679290771,0.002214033855125308,0.6800847053527832,0,0.00011209447793879497,True,4.548756987787783e-05
5110,0.003863744903355837,0.045658666640520096,0.030582286417484283,1.00096595287323,1.0114126205444336,1.007644772529602,0.002232892205938697,0.6816517114639282,0,0.00011656824932901739,True,4.5082510041538626e-05
5115,0.0029658747371286154,0.04576551169157028,0.030725806951522827,1.0007414817810059,1.011439323425293,1.0076806545257568,0.002216011518612504,0.669581413269043,0,0.00011956515991433007,True,4.4559834350366145e-05
5120,0.0035322154872119427,0.04491209238767624,0.030741684138774872,1.0008831024169922,1.0112261772155762,1.0076847076416016,0.0021864897571504116,0.6837366819381714,0,0.00014548821890310077,True,4.438329779077321e-05
5125,0.0034717554226517677,0.04572531580924988,0.03050878643989563,1.0008678436279297,1.0114293098449707,1.0076265335083008,0.0022040591575205326,0.6789032220840454,0,0.00011781669347125034,True,4.518984496826306e-05
5130,0.0025106477551162243,0.04608101770281792,0.030297791585326195,1.0006276369094849,1.0115182399749756,1.0075738430023193,0.0021959494333714247,0.6788634061813354,0,0.00011799742250516851,True,4.5823569962522015e-05
5135,0.0012496273266151547,0.0472772940993309,0.03055979683995247,1.000312328338623,1.011817216873169,1.0076391696929932,0.0021824792493134737,0.6782689094543457,0,0.00010976851205085511,True,4.4936045014765114e-05
5140,0.0005456717335619032,0.04750075191259384,0.03083120658993721,1.000136375427246,1.0118730068206787,1.007707118988037,0.0021454952657222748,0.6826344728469849,0,0.00013305427321922133,True,4.392941627884284e-05
5145,0.001337408903054893,0.04763125255703926,0.030678365379571915,1.00033438205719,1.011905550956726,1.0076688528060913,0.0020860997028648853,0.6908345222473145,0,0.0001440353193598351,True,4.416225419845432e-05
5150,0.0011155527317896485,0.04534188285470009,0.03028884157538414,1.0002789497375488,1.0113334655761719,1.0075714588165283,0.00209209811873734,0.682159423828125,0,0.00011160497132004451,True,4.541861198958941e-05
5155,0.0006375014199875295,0.04623734578490257,0.029993176460266113,1.0001593828201294,1.0115573406219482,1.0074975490570068,0.0021342781838029623,0.6704989075660706,0,0.00011061125179005407,True,4.65399025415536e-05
5160,0.0012577977031469345,0.04571560025215149,0.030148856341838837,1.000314474105835,1.0114269256591797,1.00753653049469,0.0021500776056200266,0.6783462762832642,0,0.00010395282248730462,True,4.610553150996566e-05
5165,0.0028642998076975346,0.04532252624630928,0.030462291091680527,1.0007160902023315,1.0113286972045898,1.0076148509979248,0.002181305317208171,0.6824787855148315,0,0.0001520907096024405,True,4.523922689259052e-05
5170,0.004117282573133707,0.04686965048313141,0.030830465257167816,1.0010292530059814,1.011715292930603,1.007706880569458,0.0021645654924213886,0.6779673099517822,0,0.00011347828045988305,True,4.4011252612108365e-05
5175,0.003809451125562191,0.04784250631928444,0.03080866113305092,1.0009523630142212,1.011958360671997,1.0077013969421387,0.002166011370718479,0.6778463125228882,0,0.00011620133073907727,True,4.408545282785781e-05
5180,0.0023676350247114897,0.0474717877805233,0.030584625899791718,1.0005919933319092,1.0118657350540161,1.0076453685760498,0.002188670914620161,0.697352409362793,0,0.0001282391283336449,True,4.4884633098263294e-05
5185,0.0015090216184034944,0.04694700986146927,0.03028746321797371,1.0003771781921387,1.0117346048355103,1.0075712203979492,0.002197647700086236,0.6772232055664062,0,0.00012032444650849731,True,4.5864224375691265e-05
5190,0.0015249616699293256,0.04691638797521591,0.03023403137922287,1.0003812313079834,1.011726975440979,1.0075578689575195,0.0022305226884782314,0.6856163740158081,0,0.00013096124213021304,True,4.6176635805750266e-05
5195,0.0017468846635892987,0.04619850218296051,0.03030768781900406,1.0004366636276245,1.011547565460205,1.0075762271881104,0.002217911882326007,0.6810194849967957,0,0.00011865687721237472,True,4.5887427404522896e-05
5200,0.0018526942003518343,0.04632364213466644,0.030226517468690872,1.0004632472991943,1.0115787982940674,1.0075559616088867,0.0021705529652535915,0.6904429197311401,0,0.0001251118750241983,True,4.594421261572279e-05
5205,0.002152032684534788,0.04531945660710335,0.03015454299747944,1.0005381107330322,1.0113279819488525,1.0075379610061646,0.0021641680505126715,0.6857026815414429,0,0.00010632943897850175,True,4.614740828401409e-05
5210,0.0034161109942942858,0.04412642493844032,0.030145183205604553,1.0008540153503418,1.011029839515686,1.0075355768203735,0.002169704530388117,0.6746792793273926,0,0.00011052975255117826,True,4.6200177166610956e-05
5215,0.005911732092499733,0.04672851040959358,0.03034641593694687,1.0014779567718506,1.011680006980896,1.007585883140564,0.002135754097253084,0.6850000619888306,0,0.00010115516278661758,True,4.541386442724615e-05
5220,0.007585071958601475,0.047900013625621796,0.03045175038278103,1.0018962621688843,1.0119726657867432,1.0076122283935547,0.0021093867253512144,0.6721795797348022,0,0.00016276129243104602,True,4.496922338148579e-05
5225,0.008907748386263847,0.04660696163773537,0.030401354655623436,1.0022269487380981,1.0116496086120605,1.0075995922088623,0.002068640198558569,0.6812729239463806,0,0.0001176290263990801,True,4.4962325773667544e-05
5230,0.008929370902478695,0.04545247182250023,0.030318016186356544,1.002232313156128,1.0113611221313477,1.0075788497924805,0.0020367393735796213,0.6859455108642578,0,0.0001240439685149934,True,4.5099273847881705e-05
5235,0.008676218800246716,0.04566268250346184,0.03012993559241295,1.002169132232666,1.0114136934280396,1.0075318813323975,0.002031413372606039,0.6839464902877808,0,0.00013762528881801573,True,4.567811265587807e-05
5240,0.007136811502277851,0.045802921056747437,0.029956521466374397,1.001784086227417,1.0114487409591675,1.007488489151001,0.0020255118142813444,0.6810799837112427,0,0.00013594860310567718,True,4.621270636562258e-05
5245,0.006014982238411903,0.04465419426560402,0.029982946813106537,1.0015037059783936,1.0111616849899292,1.0074950456619263,0.0020524519495666027,0.6836766004562378,0,0.00012949972008615185,True,4.623566201189533e-05
5250,0.0060851131565868855,0.04439849779009819,0.0300397090613842,1.001521348953247,1.01109778881073,1.0075092315673828,0.002087418455630541,0.685076117515564,0,0.00010813493768531124,True,4.619405808625743e-05
5255,0.007659906055778265,0.046462930738925934,0.030230922624468803,1.0019149780273438,1.0116136074066162,1.0075570344924927,0.0021116824354976416,0.6905489563941956,0,0.0001255195291766716,True,4.568023723550141e-05
5260,0.008138463832437992,0.047527018934488297,0.03029017522931099,1.0020346641540527,1.0118794441223145,1.007571816444397,0.0021220275666564703,0.6891754269599915,0,0.00012940068322154962,True,4.553348117042333e-05
5265,0.007295569870620966,0.04798496887087822,0.03024325519800186,1.001823902130127,1.0119938850402832,1.007560133934021,0.0021365766879171133,0.6723697781562805,0,0.00012600985280784973,True,4.5743836381006986e-05
5270,0.005770144518464804,0.048163238912820816,0.030148431658744812,1.001442551612854,1.0120384693145752,1.0075364112854004,0.0021594169083982706,0.6891908049583435,0,0.00012040043179651215,True,4.614363206201233e-05
5275,0.005038931500166655,0.04649539291858673,0.029901251196861267,1.0012598037719727,1.0116217136383057,1.007474660873413,0.002154882997274399,0.6782580614089966,0,0.00011520606690285348,True,4.6921035391278565e-05
5280,0.004666775930672884,0.04438672587275505,0.029852602630853653,1.0011667013168335,1.0110948085784912,1.007462501525879,0.0021552431862801313,0.6779658198356628,0,0.0001286410115157248,True,4.708109190687537e-05
5285,0.004970399662852287,0.045300208032131195,0.02995912730693817,1.0012426376342773,1.011323094367981,1.0074892044067383,0.0021760177332907915,0.6847120523452759,0,0.00012885229945885693,True,4.682438157033175e-05
5290,0.0064054736867547035,0.04658995568752289,0.029980268329381943,1.0016014575958252,1.0116453170776367,1.0074944496154785,0.0022065152879804373,0.6816527247428894,0,0.00014256954993728345,True,4.688550689024851e-05
5295,0.006969315465539694,0.04592668637633324,0.029984034597873688,1.0017423629760742,1.0114796161651611,1.007495403289795,0.002171690110117197,0.676706075668335,0,0.00010704612959280246,True,4.672382419812493e-05
5300,0.007871964946389198,0.04638954624533653,0.030017293989658356,1.0019679069519043,1.0115952491760254,1.007503628730774,0.002121164696291089,0.6796822547912598,0,0.00011959835618035495,True,4.640435872715898e-05
5305,0.008625378832221031,0.04601334407925606,0.030215268954634666,1.0021562576293945,1.0115013122558594,1.0075531005859375,0.002015967620536685,0.683466374874115,0,0.00012351415544848218,True,4.5344575482886285e-05
5310,0.008783490397036076,0.04489893466234207,0.030231887474656105,1.0021958351135254,1.0112228393554688,1.0075572729110718,0.001998673425987363,0.6872669458389282,0,0.0001225734321471426,True,4.52237218269147e-05
5315,0.009413477964699268,0.04430039972066879,0.0300760455429554,1.0023534297943115,1.011073350906372,1.0075182914733887,0.002018870785832405,0.6780728101730347,0,0.00010654751034379203,True,4.5801691157976165e-05
5320,0.009280803613364697,0.04527850076556206,0.02997516095638275,1.0023201704025269,1.0113177299499512,1.0074931383132935,0.002019732492044568,0.6827557682991028,0,0.000126167613278744,True,4.6129342081258073e-05
5325,0.009415650740265846,0.04607216641306877,0.02992287091910839,1.0023539066314697,1.0115160942077637,1.0074800252914429,0.002035953802987933,0.6805051565170288,0,0.00010588777864411704,True,4.636212543118745e-05
5330,0.00911808107048273,0.0461636558175087,0.02988499216735363,1.00227952003479,1.0115388631820679,1.0074706077575684,0.0020842032972723246,0.6787620186805725,0,0.00011145937711385867,True,4.66787168988958e-05
5335,0.009211038239300251,0.046371739357709885,0.029950901865959167,1.0023027658462524,1.011590838432312,1.0074870586395264,0.0021051589865237474,0.6781100034713745,0,0.00012503561778498992,True,4.655167140299454e-05
5340,0.0074839405715465546,0.04639299586415291,0.02997332066297531,1.0018709897994995,1.0115962028503418,1.0074925422668457,0.0021083003375679255,0.6826668381690979,0,0.00012621349670924147,True,4.649283073376864e-05
5345,0.0065998476929962635,0.04574844613671303,0.029957018792629242,1.0016499757766724,1.0114351511001587,1.0074886083602905,0.002092530718073249,0.675990104675293,0,0.0001178650188375596,True,4.648136018658988e-05
5350,0.007562071084976196,0.0440816693007946,0.03000432252883911,1.0018904209136963,1.0110186338424683,1.007500410079956,0.002076315227895975,0.6786942481994629,0,0.00011529443217709531,True,4.626307782018557e-05
5355,0.008265012875199318,0.0434088334441185,0.03005134128034115,1.0020662546157837,1.0108505487442017,1.0075122117996216,0.0020411009900271893,0.6833055019378662,0,0.0001344592479839341,True,4.5970075007062405e-05
5360,0.008322089910507202,0.044792674481868744,0.030043473467230797,1.0020804405212402,1.0111963748931885,1.0075101852416992,0.002082217950373888,0.686156690120697,0,0.00010713361110131401,True,4.6160286728991196e-05
5365,0.00785504374653101,0.04488743469119072,0.029979705810546875,1.00196373462677,1.0112199783325195,1.0074942111968994,0.002099373145028949,0.6855399012565613,0,0.0001418323301393972,True,4.643570719053969e-05
5370,0.006613521836698055,0.04674676060676575,0.030017558485269547,1.0016534328460693,1.0116846561431885,1.007503628730774,0.0021518096327781677,0.6800336837768555,0,0.00012938799691405214,True,4.653167707147077e-05
5375,0.005136540159583092,0.04664469137787819,0.029981698840856552,1.001284122467041,1.011659026145935,1.0074946880340576,0.002172979060560465,0.6774711608886719,0,0.0001358091422646952,True,4.673731018556282e-05
5380,0.004253404680639505,0.04558626934885979,0.02997085079550743,1.001063346862793,1.0113946199417114,1.0074920654296875,0.0021621116902679205,0.6838254332542419,0,0.00012162371872136869,True,4.672658542403951e-05
5385,0.005430823657661676,0.045402463525533676,0.03010738454759121,1.0013577938079834,1.0113487243652344,1.007526159286499,0.0021322888787835836,0.6812951564788818,0,0.00012099701560342542,True,4.616199657903053e-05
5390,0.006897072307765484,0.0459863506257534,0.030162880197167397,1.0017242431640625,1.0114946365356445,1.007539987564087,0.0021050074137747288,0.6902238726615906,0,0.00011948640744225704,True,4.587043804349378e-05
5395,0.007775362115353346,0.04570502042770386,0.030033424496650696,1.001943826675415,1.0114243030548096,1.0075076818466187,0.0020836140029132366,0.6891019344329834,0,0.00011132564603429695,True,4.619834362529218e-05
5400,0.008280182257294655,0.04542190581560135,0.030005503445863724,1.0020699501037598,1.0113534927368164,1.0075006484985352,0.0020843895617872477,0.6869543790817261,0,0.00012049020683420323,True,4.629128670785576e-05
5405,0.007924924604594707,0.04459768906235695,0.029984943568706512,1.001981258392334,1.0111474990844727,1.0074955224990845,0.002076927339658141,0.6801419258117676,0,0.00012372309235850955,True,4.632698983186856e-05
5410,0.007708221208304167,0.04472720995545387,0.029992928728461266,1.001927137374878,1.0111799240112305,1.0074975490570068,0.0020951316691935062,0.6838231086730957,0,0.00010874030238120709,True,4.637523670680821e-05
5415,0.006460525561124086,0.045783836394548416,0.029906287789344788,1.001615047454834,1.0114439725875854,1.0074758529663086,0.002122526988387108,0.6799346208572388,0,0.00012463309323572272,True,4.676793105318211e-05
5420,0.004517307970672846,0.04598207026720047,0.02983779087662697,1.001129388809204,1.011493444442749,1.0074588060379028,0.002166662598028779,0.687612771987915,0,0.00013630979194592172,True,4.717527190223336e-05
5425,0.0037661404348909855,0.04584304615855217,0.029864847660064697,1.000941514968872,1.0114587545394897,1.0074656009674072,0.002179042436182499,0.6896868944168091,0,0.00012193249571221902,True,4.7140616516117007e-05
5430,0.004329811781644821,0.04579370468854904,0.029793277382850647,1.001082420349121,1.011446475982666,1.0074477195739746,0.00217311829328537,0.6772081255912781,0,0.00012904984310580956,True,4.7347315557999536e-05
5435,0.005086976103484631,0.04496098682284355,0.02977391704916954,1.0012717247009277,1.0112383365631104,1.007442831993103,0.002176774200052023,0.6897566914558411,0,0.00014339248910473417,True,4.7425473894691095e-05
5440,0.005607514642179012,0.04543379321694374,0.029791943728923798,1.0014019012451172,1.0113564729690552,1.0074472427368164,0.002194600645452738,0.6817647218704224,0,0.00011822664278606799,True,4.7442797949770465e-05
5445,0.005987640470266342,0.045647088438272476,0.029841046780347824,1.0014969110488892,1.0114097595214844,1.0074596405029297,0.0022254313807934523,0.6845972537994385,0,0.00011534320649093951,True,4.7416691813850775e-05
5450,0.006322676781564951,0.04622609168291092,0.029957352206110954,1.0015807151794434,1.011554479598999,1.00748872756958,0.0022064067889004946,0.6871781349182129,0,0.00010889971180505881,True,4.695793177234009e-05
5455,0.0067946044728159904,0.046657923609018326,0.030018992722034454,1.001698613166809,1.0116623640060425,1.0075039863586426,0.0021954025141894817,0.6902545094490051,0,0.00012324956977052283,True,4.671206988859922e-05
5460,0.00705917039886117,0.045064106583595276,0.02996373362839222,1.0017647743225098,1.0112640857696533,1.0074901580810547,0.002181167947128415,0.6905883550643921,0,0.00011283530073921963,True,4.682923463406041e-05
5465,0.005738795269280672,0.04532120004296303,0.02988314814865589,1.0014346837997437,1.0113284587860107,1.0074701309204102,0.00218493165448308,0.6840299963951111,0,0.00013274995949712348,True,4.710618668468669e-05
5470,0.0035308105871081352,0.04601611942052841,0.02984984964132309,1.000882625579834,1.0115020275115967,1.0074617862701416,0.0022147404961287975,0.6810101270675659,0,0.00010854847411449124,True,4.734260437544435e-05
5475,0.0036022085696458817,0.046289898455142975,0.029943153262138367,1.0009005069732666,1.0115704536437988,1.0074851512908936,0.002206377452239394,0.6783304214477539,0,0.00011194252033583579,True,4.700418503489345e-05
5480,0.0037756641395390034,0.04620365798473358,0.030163520947098732,1.000943899154663,1.0115487575531006,1.007540225982666,0.002178208902478218,0.6882825493812561,0,0.00011833039034539811,True,4.617514423443936e-05
5485,0.00542853120714426,0.04655904695391655,0.030153054744005203,1.001357078552246,1.0116376876831055,1.007537603378296,0.002137403003871441,0.6799703240394592,0,0.0001259421026380254,True,4.6036337153054774e-05
5490,0.006597228813916445,0.04616488888859749,0.03002926893532276,1.0016493797302246,1.0115392208099365,1.0075066089630127,0.0021206156816333532,0.6753237843513489,0,0.00013469014305837192,True,4.636360245058313e-05
5495,0.006811501458287239,0.04536809027194977,0.02997344732284546,1.0017027854919434,1.0113401412963867,1.0074926614761353,0.0021124007180333138,0.6820188164710999,0,0.0001143231502395706,True,4.6509238018188626e-05
5500,0.006121652200818062,0.045978181064128876,0.029934968799352646,1.001530408859253,1.0114924907684326,1.0074830055236816,0.0021342362742871046,0.6901059746742249,0,0.00012445476852772377,True,4.6723769628442824e-05
5505,0.005306823179125786,0.04713793843984604,0.029915697872638702,1.0013267993927002,1.0117822885513306,1.0074782371520996,0.0021307889837771654,0.6857975721359253,0,0.00013178907208854213,True,4.6772016503382474e-05
5510,0.0041756536811590195,0.04603810980916023,0.02982444316148758,1.0010439157485962,1.011507511138916,1.0074553489685059,0.002147168619558215,0.6873025894165039,0,0.00014104775288495722,True,4.7136403736658394e-05
5515,0.00303262029774487,0.045681945979595184,0.029675792902708054,1.000758171081543,1.0114184617996216,1.0074182748794556,0.002181350253522396,0.6820684671401978,0,0.0001316764259864187,True,4.77648718515411e-05
5520,0.0040988498367369175,0.04510078951716423,0.029847079887986183,1.0010247230529785,1.0112732648849487,1.0074610710144043,0.00217043817974627,0.6732264161109924,0,0.00011638503656132424,True,4.7161494876490906e-05
5525,0.004909043665975332,0.045477159321308136,0.02999105677008629,1.0012272596359253,1.0113673210144043,1.0074970722198486,0.002167284023016691,0.6778779029846191,0,0.00013670279072591497,True,4.668278415920213e-05
5530,0.004751197062432766,0.046008117496967316,0.03007223643362522,1.001187801361084,1.0115000009536743,1.0075173377990723,0.002156977541744709,0.6870310306549072,0,0.00013481201777070298,True,4.6378532715607435e-05
5535,0.003816598793491721,0.046043820679187775,0.030018523335456848,1.0009541511535645,1.0115089416503906,1.0075039863586426,0.002148498548194766,0.6898590326309204,0,0.0001410784892291742,True,4.651611016015522e-05
5540,0.0024235087912529707,0.04599321633577347,0.029962103813886642,1.000605821609497,1.0114963054656982,1.007489800453186,0.002157368464395404,0.6898708939552307,0,0.0001315406785266443,True,4.673559305956587e-05
5545,0.0022193389013409615,0.04550603777170181,0.02989356778562069,1.0005548000335693,1.0113744735717773,1.0074727535247803,0.0021474254317581654,0.6836445331573486,0,0.00016375661082074396,True,4.691478898166679e-05
5550,0.0027842926792800426,0.046914685517549515,0.02977048233151436,1.000696063041687,1.0117264986038208,1.0074419975280762,0.0021781581453979015,0.6813225746154785,0,0.00012806839370881512,True,4.744329271488823e-05
5555,0.002224007621407509,0.04701792821288109,0.02974219061434269,1.0005559921264648,1.0117523670196533,1.0074348449707031,0.002210840582847595,0.6906194686889648,0,0.00012827025611177493,True,4.767578138853423e-05
5560,0.002369796158745885,0.046347733587026596,0.029698118567466736,1.0005924701690674,1.011584758758545,1.0074238777160645,0.0022011385299265385,0.6804606318473816,0,0.00011909705136672942,True,4.7777626605238765e-05
5565,0.0037801142316311598,0.04557161405682564,0.02979702688753605,1.0009450912475586,1.0113909244537354,1.0074485540390015,0.0021496755070984364,0.6805158257484436,0,0.00012375269839315164,True,4.723759047919884e-05
5570,0.005271038040518761,0.045085132122039795,0.0298897847533226,1.0013177394866943,1.0112693309783936,1.0074717998504639,0.002125953556969762,0.6717692613601685,0,0.000132780546876188,True,4.683736915467307e-05
5575,0.004834054037928581,0.04520883783698082,0.029845409095287323,1.0012085437774658,1.0113003253936768,1.007460594177246,0.0021465520840138197,0.6945522427558899,0,0.0001245047448573198,True,4.706714389612898e-05
5580,0.005081285256892443,0.045742325484752655,0.029752735048532486,1.0012702941894531,1.0114336013793945,1.0074374675750732,0.002171267056837678,0.6874127388000488,0,0.0001247388241175391,True,4.747137791127898e-05
5585,0.006207426078617573,0.04520802944898605,0.029645513743162155,1.001551866531372,1.0113000869750977,1.0074107646942139,0.0021287999115884304,0.6854438781738281,0,0.00013386430275088245,True,4.764183540828526e-05
5590,0.0061426833271980286,0.04464889317750931,0.029579710215330124,1.0015356540679932,1.0111603736877441,1.0073943138122559,0.002135335700586438,0.6799532175064087,0,0.00010838882600781853,True,4.7884364903438836e-05
5595,0.005716331303119659,0.045565731823444366,0.0296825859695673,1.0014290809631348,1.0113894939422607,1.0074200630187988,0.0021851726341992617,0.6847403645515442,0,0.00011766200596838571,True,4.775868001161143e-05
5600,0.005091003607958555,0.04698996618390083,0.029661711305379868,1.0012726783752441,1.0117453336715698,1.0074148178100586,0.002198855858296156,0.6914252042770386,0,0.00012787877676968741,True,4.7885478124953806e-05
5605,0.005170062184333801,0.04742221161723137,0.02950500324368477,1.0012924671173096,1.0118533372879028,1.0073754787445068,0.0021848832257092,0.6824232935905457,0,0.00016569952333365714,True,4.8338217311538756e-05
5610,0.0029492832254618406,0.04648171365261078,0.029472047463059425,1.0007373094558716,1.0116183757781982,1.0073673725128174,0.0021629577968269587,0.6788232326507568,0,0.00011163055605104141,True,4.8354340833611786e-05
5615,0.0012700546067208052,0.044557176530361176,0.029564905911684036,1.0003175735473633,1.0111374855041504,1.0073904991149902,0.0021692593581974506,0.6840592622756958,0,0.00015831748539272148,True,4.807719960808754e-05
5620,0.001040347502566874,0.045248664915561676,0.02955973707139492,1.0002601146697998,1.0113102197647095,1.0073893070220947,0.0022105001844465733,0.6895023584365845,0,0.00011884503989026152,True,4.8270430852426216e-05
5625,0.0029554632492363453,0.04563800245523453,0.02963036298751831,1.0007388591766357,1.0114076137542725,1.0074069499969482,0.00221019028685987,0.6842037439346313,0,0.00012432142593300758,True,4.803738556802273e-05
5630,0.004714616108685732,0.04569411650300026,0.029729895293712616,1.0011787414550781,1.0114214420318604,1.0074317455291748,0.0022345439065247774,0.6867514252662659,0,0.00012000133046535796,True,4.781782627105713e-05
5635,0.005675489082932472,0.04531411454081535,0.029790129512548447,1.0014188289642334,1.011326551437378,1.0074467658996582,0.0021975114941596985,0.68598872423172,0,0.00012521834001804027,True,4.746169724967331e-05
5640,0.005897861439734697,0.044188883155584335,0.02968984842300415,1.001474380493164,1.0110454559326172,1.007421851158142,0.002151021733880043,0.6868927478790283,0,0.00014485718682815692,True,4.7590667236363515e-05
5645,0.006119084544479847,0.0440664179623127,0.02961447834968567,1.0015296936035156,1.0110148191452026,1.007403016090393,0.002141751814633608,0.6802404522895813,0,0.00014416923480175254,True,4.779782466357574e-05
5650,0.007171590346843004,0.044969622045755386,0.029603231698274612,1.0017929077148438,1.0112404823303223,1.0074001550674438,0.00212214607745409,0.6864884495735168,0,0.00013960277858615197,True,4.775216439156793e-05
5655,0.007007871754467487,0.04576396197080612,0.029590580612421036,1.0017518997192383,1.0114389657974243,1.007396936416626,0.00217180117033422,0.6872820854187012,0,0.00011693091622621898,True,4.8001926188590005e-05
5660,0.0065718344412744045,0.04622770473361015,0.02956302836537361,1.0016429424285889,1.0115548372268677,1.007390022277832,0.00224682642146945,0.6879447102546692,0,0.00013386629079490414,True,4.841623012907803e-05
5665,0.0041357181034982204,0.04750629514455795,0.029530923813581467,1.0010340213775635,1.0118743181228638,1.0073820352554321,0.0022683993447571993,0.6943322420120239,0,0.00013610642971797582,True,4.861703564529307e-05
5670,0.0026274840347468853,0.048008356243371964,0.029508456587791443,1.0006568431854248,1.0119998455047607,1.0073764324188232,0.002258778316900134,0.6918372511863708,0,0.00011325919100012112,True,4.8648893425706774e-05
5675,0.0029945638962090015,0.045020610094070435,0.029534365981817245,1.000748634338379,1.0112532377243042,1.007382869720459,0.002223168732598424,0.6856452226638794,0,0.0001252397725717245,True,4.8408881411887705e-05
5680,0.002357497112825513,0.04372507333755493,0.029661472886800766,1.000589370727539,1.0109295845031738,1.0074145793914795,0.002207087818533182,0.6840915679931641,0,0.00010635594960364231,True,4.792387335328385e-05
5685,0.0028820058796554804,0.04412397742271423,0.029744531959295273,1.000720500946045,1.0110292434692383,1.0074355602264404,0.0021799402311444283,0.6857274770736694,0,0.00013580982100039733,True,4.75365886813961e-05
5690,0.0038127752486616373,0.04389580339193344,0.0297243669629097,1.000953197479248,1.010972261428833,1.0074304342269897,0.0021760340314358473,0.6974091529846191,0,0.00012039352197304707,True,4.758458089781925e-05
5695,0.004399987403303385,0.044934142380952835,0.029713498428463936,1.0011000633239746,1.0112316608428955,1.00742769241333,0.0021871875505894423,0.6855145692825317,0,0.00014422762031580233,True,4.766649362863973e-05
5700,0.004311287309974432,0.04571520537137985,0.029790569096803665,1.0010778903961182,1.0114268064498901,1.0074470043182373,0.0021827714517712593,0.6843947172164917,0,0.00011110945923361137,True,4.739698124467395e-05
5705,0.004332367796450853,0.04542171582579613,0.029808515682816505,1.0010831356048584,1.0113534927368164,1.0074515342712402,0.0021757360082119703,0.6908422708511353,0,0.00014666258689166256,True,4.7308851208072156e-05
5710,0.003995202947407961,0.04454395920038223,0.029608434066176414,1.0009987354278564,1.011134147644043,1.007401466369629,0.0021648125257343054,0.6776889562606812,0,0.00014173103836095938,True,4.7914676542859524e-05
5715,0.0035374625585973263,0.044565316289663315,0.029453666880726814,1.0008842945098877,1.0111393928527832,1.007362723350525,0.002170385094359517,0.688478946685791,0,0.00012653967773293932,True,4.844602881348692e-05
5720,0.003458694089204073,0.04497790336608887,0.02941097691655159,1.0008647441864014,1.0112426280975342,1.0073521137237549,0.0022051073610782623,0.6837564706802368,0,0.00013076564988704741,True,4.873485886491835e-05
5725,0.0028905896469950676,0.04464967921376228,0.029498307034373283,1.0007226467132568,1.0111606121063232,1.0073738098144531,0.0022113691084086895,0.6924748420715332,0,0.00012878236970299183,True,4.8475390940438956e-05
5730,0.0009634715970605612,0.04412420839071274,0.029531709849834442,1.0002408027648926,1.0110292434692383,1.0073821544647217,0.002196116140112281,0.681656002998352,0,0.00014804690236696957,True,4.830147008760832e-05
5735,0.0010428406530991197,0.04449119418859482,0.02950316295027733,1.0002607107162476,1.0111210346221924,1.0073751211166382,0.002205349737778306,0.6807522177696228,0,0.00012825071248112109,True,4.843488204642199e-05
5740,0.0015460309805348516,0.04439515992999077,0.029526257887482643,1.0003864765167236,1.0110969543457031,1.0073809623718262,0.002211902756243944,0.6822117567062378,0,0.0001227492037417959,True,4.838688619202003e-05
5745,0.001457617967389524,0.044409215450286865,0.02960212528705597,1.0003643035888672,1.0111005306243896,1.0073997974395752,0.002218173583969474,0.6883951425552368,0,0.0001347419675572741,True,4.8165806219913065e-05
5750,0.0015386866871267557,0.04405215382575989,0.029599811881780624,1.0003846883773804,1.0110112428665161,1.007399320602417,0.0022147130221128464,0.6896669864654541,0,0.00012877299373529995,True,4.815840657101944e-05
5755,0.003048776416108012,0.044161759316921234,0.02958344668149948,1.0007622241973877,1.0110386610031128,1.0073952674865723,0.002232203958556056,0.6815474629402161,0,0.00014079872565500747,True,4.8287256504409015e-05
5760,0.004437072668224573,0.04396108537912369,0.02957402542233467,1.00110924243927,1.010988473892212,1.0073928833007812,0.00219111074693501,0.6791398525238037,0,0.0001582446452040515,True,4.813984560314566e-05
5765,0.0062896753661334515,0.04396137595176697,0.029570963233709335,1.0015723705291748,1.0109885931015015,1.007392168045044,0.00211511948145926,0.6833328008651733,0,0.0001385936102126136,True,4.782975884154439e-05
5770,0.006115606054663658,0.04390132427215576,0.02953304350376129,1.0015289783477783,1.010973572731018,1.0073826313018799,0.002126747742295265,0.7032775282859802,0,0.00012402014683384423,True,4.800184615305625e-05
5775,0.004685324151068926,0.0437229759991169,0.029574083164334297,1.001171350479126,1.010928988456726,1.0073928833007812,0.0021807863377034664,0.681084394454956,0,0.00012148553664370573,True,4.80950329801999e-05
5780,0.004143444821238518,0.04517337679862976,0.02968762069940567,1.0010359287261963,1.01129150390625,1.0074211359024048,0.002201024442911148,0.6799322366714478,0,0.00013456389365448497,True,4.78107831440866e-05
5785,0.005288901273161173,0.045669663697481155,0.029690032824873924,1.0013222694396973,1.0114154815673828,1.0074217319488525,0.0021923671010881662,0.6890639066696167,0,0.0001116633171728922,True,4.776514106197283e-05
5790,0.00596968550235033,0.044931408017873764,0.029659252613782883,1.0014925003051758,1.0112309455871582,1.0074141025543213,0.00214752065949142,0.6863784790039062,0,0.0001183251929610742,True,4.767541031469591e-05
5795,0.0066698165610432625,0.04513964056968689,0.029585495591163635,1.0016674995422363,1.0112829208374023,1.0073957443237305,0.002112610498443246,0.682978093624115,0,0.00013100664082004443,True,4.7771009121788666e-05
5800,0.006495596840977669,0.04498758167028427,0.029521824792027473,1.0016238689422607,1.0112450122833252,1.0073797702789307,0.0021346446592360735,0.6905330419540405,0,0.00012066743629783094,True,4.80715862067882e-05
5805,0.005971571430563927,0.04530760645866394,0.02949070930480957,1.001492977142334,1.0113248825073242,1.0073719024658203,0.0021791025064885616,0.6781900525093079,0,0.00013998299250291043,True,4.8361234803451225e-05
5810,0.006540580652654171,0.044212013483047485,0.029458317905664444,1.0016350746154785,1.0110511779785156,1.0073637962341309,0.0021969699300825596,0.6871111392974854,0,0.00012803128300330937,True,4.8543904995312914e-05
5815,0.005982634145766497,0.04442156106233597,0.029514556750655174,1.001495599746704,1.011103630065918,1.0073779821395874,0.0022098280023783445,0.6843061447143555,0,0.00010566050763395228,True,4.8414774937555194e-05
5820,0.005537750199437141,0.04525895044207573,0.029508056119084358,1.0013844966888428,1.01131272315979,1.0073764324188232,0.00218635774217546,0.6861711740493774,0,0.00012267979953617739,True,4.833527054870501e-05
5825,0.00505315326154232,0.04438658058643341,0.029472872614860535,1.0012632608413696,1.0110948085784912,1.0073676109313965,0.0021863586734980345,0.6868132948875427,0,0.00012198174962115693,True,4.845147122978233e-05
5830,0.004521311726421118,0.04439801722764969,0.02950792945921421,1.0011303424835205,1.0110976696014404,1.0073763132095337,0.002226096810773015,0.6858978271484375,0,0.0001004670216781118,True,4.850823825108819e-05
5835,0.004416672047227621,0.04553881287574768,0.029580149799585342,1.0011041164398193,1.011382818222046,1.0073943138122559,0.0022307811304926872,0.6843119263648987,0,0.00010839607837088786,True,4.829190584132448e-05
5840,0.00467381626367569,0.04585063084959984,0.02966872602701187,1.0011684894561768,1.011460542678833,1.0074164867401123,0.002213564235717058,0.6795995235443115,0,0.0001122631958288688,True,4.7927322157192975e-05
5845,0.004142019897699356,0.045392125844955444,0.029699891805648804,1.001035451889038,1.0113461017608643,1.0074243545532227,0.002214064821600914,0.6859616637229919,0,0.00012175624331388365,True,4.782830728800036e-05
5850,0.0044879005290567875,0.044550247490406036,0.02962643839418888,1.001121997833252,1.0111356973648071,1.0074059963226318,0.0022050233092159033,0.6901190280914307,0,0.00012944720232377344,True,4.802869079867378e-05
5855,0.004404253326356411,0.04549694433808327,0.0295137707144022,1.001101016998291,1.0113723278045654,1.0073777437210083,0.0022042386699467897,0.6805586814880371,0,0.00014481471318039842,True,4.839376560994424e-05
5860,0.004091067239642143,0.045495033264160156,0.029450535774230957,1.0010228157043457,1.0113718509674072,1.007361888885498,0.002205182332545519,0.6932838559150696,0,0.0001153796207619237,True,4.860568151343614e-05
5865,0.003459981642663479,0.04463224112987518,0.02948630601167679,1.0008649826049805,1.0111562013626099,1.007370948791504,0.0022302642464637756,0.6972654461860657,0,0.00012319008896377126,True,4.859727778239176e-05
5870,0.0026051343884319067,0.044358640909194946,0.02947179414331913,1.0006513595581055,1.0110878944396973,1.0073673725128174,0.0022413888946175575,0.6883270740509033,0,0.00013436796465205467,True,4.869377153227106e-05
5875,0.00220998702570796,0.04411221668124199,0.029510851949453354,1.0005524158477783,1.0110262632369995,1.007377028465271,0.002259522443637252,0.6818604469299316,0,0.00011489382918973056,True,4.864544462179765e-05
5880,0.0030168811790645123,0.04408149793744087,0.02961665391921997,1.0007542371749878,1.0110185146331787,1.0074034929275513,0.002233282895758748,0.6830624341964722,0,0.00012929166854742073,True,4.81828028568998e-05
5885,0.004623465705662966,0.0446324422955513,0.029772792011499405,1.0011558532714844,1.0111563205718994,1.0074424743652344,0.0021989226806908846,0.6774463653564453,0,0.0001413510547950114,True,4.752409950015135e-05
5890,0.006064866669476032,0.04469548165798187,0.029810044914484024,1.0015162229537964,1.0111720561981201,1.0074517726898193,0.0021569435484707355,0.6869544982910156,0,0.00013011233747371988,True,4.722426820080727e-05
5895,0.006770276464521885,0.04466485232114792,0.02967461571097374,1.001692533493042,1.0111644268035889,1.0074180364608765,0.0021441765129566193,0.6864912509918213,0,0.00013474716837065214,True,4.7611632908228785e-05
5900,0.006734346970915794,0.04442024230957031,0.029594559222459793,1.0016835927963257,1.0111031532287598,1.0073978900909424,0.0021583479829132557,0.6836029291152954,0,0.00012286521966814397,True,4.793306652572937e-05
5905,0.006628071889281273,0.044091276824474335,0.02952946163713932,1.0016570091247559,1.0110210180282593,1.0073816776275635,0.002155301161110401,0.6898091435432434,0,9.474331450337371e-05,True,4.813361738342792e-05
5910,0.006154084112495184,0.044328343123197556,0.029529836028814316,1.0015385150909424,1.011080265045166,1.007381796836853,0.0021244778763502836,0.6843839883804321,0,0.000140746189237492,True,4.80031558254268e-05
5915,0.005129815544933081,0.04437253251671791,0.029525741934776306,1.0012824535369873,1.0110912322998047,1.007380723953247,0.0021429755724966526,0.6845621466636658,0,0.00012620402800381494,True,4.809413803741336e-05
5920,0.004410407971590757,0.044301386922597885,0.029471876099705696,1.0011026859283447,1.0110735893249512,1.0073672533035278,0.002160914009436965,0.6879398226737976,0,0.0001103680560613955,True,4.8346912080887705e-05
5925,0.003734652418643236,0.044469915330410004,0.029441306367516518,1.0009336471557617,1.0111156702041626,1.0073596239089966,0.0021842210553586483,0.6890075206756592,0,0.000125537304769806,True,4.854646613239311e-05
5930,0.003819376463070512,0.04445967823266983,0.029368668794631958,1.0009548664093018,1.011113166809082,1.0073415040969849,0.002196110785007477,0.6797286868095398,0,0.00011750165149401442,True,4.8836227506399155e-05
5935,0.0029610709752887487,0.04496648535132408,0.029419168829917908,1.0007402896881104,1.011239767074585,1.0073541402816772,0.002205915516242385,0.6840007901191711,0,0.00013228056496778444,True,4.8712186980992556e-05
5940,0.002121979370713234,0.044903796166181564,0.029391799122095108,1.000530481338501,1.0112240314483643,1.0073473453521729,0.002197681227698922,0.6876657009124756,0,0.00012242483494748414,True,4.876728780800477e-05
5945,0.002427477855235338,0.04464589059352875,0.02930365316569805,1.0006067752838135,1.0111596584320068,1.0073251724243164,0.0022044614888727665,0.6824085712432861,0,0.00012369922332721095,True,4.908723713015206e-05
5950,0.0023670669179409742,0.04379262030124664,0.029182959347963333,1.00059175491333,1.0109463930130005,1.0072951316833496,0.0021794061176478863,0.6835511922836304,0,0.0001215965078986414,True,4.938033453072421e-05
5955,0.0024174086283892393,0.0436340793967247,0.029165536165237427,1.0006043910980225,1.01090669631958,1.0072908401489258,0.002153694396838546,0.6848808526992798,0,0.00011613046354263753,True,4.932983574690297e-05
5960,0.0025543239898979664,0.04415217787027359,0.029192008078098297,1.0006386041641235,1.0110362768173218,1.0072972774505615,0.0021587300579994917,0.6888121962547302,0,0.0001538038916973593,True,4.926311521558091e-05
5965,0.002417256822809577,0.04481889307498932,0.02912735566496849,1.000604271888733,1.0112028121948242,1.0072811841964722,0.0021993990521878004,0.6811360716819763,0,0.00010686805427701957,True,4.96514949190896e-05
5970,0.003432921599596739,0.044903360307216644,0.0292007178068161,1.0008583068847656,1.0112240314483643,1.0072994232177734,0.00226602447219193,0.6878770589828491,0,0.0001119912979900194,True,4.969801375409588e-05
5975,0.004157726652920246,0.04528224840760231,0.02924111858010292,1.0010395050048828,1.0113186836242676,1.0073096752166748,0.002320162719115615,0.6903253793716431,0,0.00014701733976457432,True,4.980617813998833e-05
5980,0.0052263070829212666,0.04441329464316368,0.029217038303613663,1.0013065338134766,1.011101484298706,1.0073035955429077,0.0022960577625781298,0.6849764585494995,0,0.00016069686237514736,True,4.9777256208471954e-05
5985,0.005286654457449913,0.04413272812962532,0.02907969430088997,1.00132155418396,1.0110313892364502,1.0072693824768066,0.002223369898274541,0.6881969571113586,0,9.907578249813964e-05,True,4.99126581416931e-05
5990,0.004721635486930609,0.04570202901959419,0.0289862472563982,1.0011804103851318,1.0114235877990723,1.0072458982467651,0.0021841975394636393,0.6826037168502808,0,0.00014138802114938148,True,5.005551065551117e-05
5995,0.004612211603671312,0.045884616672992706,0.028957417234778404,1.0011529922485352,1.0114691257476807,1.0072386264801025,0.00219102599658072,0.6858361959457397,0,0.00013816422326076616,True,5.018127558287233e-05
6000,0.005577390547841787,0.04612923413515091,0.029026977717876434,1.001394271850586,1.0115302801132202,1.007256031036377,0.0022024926729500294,0.6928371787071228,0,0.00012318639451385047,True,4.999719385523349e-05
6005,0.004628999158740044,0.046403054147958755,0.02913195639848709,1.001157283782959,1.0115987062454224,1.0072822570800781,0.002239311346784234,0.6931731700897217,0,0.00014604909154722543,True,4.9807564209913835e-05
6010,0.0030165689531713724,0.04673777148127556,0.029165299609303474,1.0007541179656982,1.0116822719573975,1.0072906017303467,0.002256854670122266,0.6812834143638611,0,0.0001362965746482737,True,4.977492426405661e-05
6015,0.002187413861975074,0.04589857906103134,0.029148835688829422,1.000546932220459,1.0114725828170776,1.007286548614502,0.0022399630397558212,0.6785885691642761,0,0.00012976847845199728,True,4.975620686309412e-05
6020,0.0027245155069977045,0.04520965367555618,0.029163209721446037,1.0006811618804932,1.0113005638122559,1.0072901248931885,0.002225361065939069,0.6970078945159912,0,0.00011982053012700706,True,4.964440449839458e-05
6025,0.0025525009259581566,0.045181144028902054,0.02911132574081421,1.0006381273269653,1.0112934112548828,1.0072771310806274,0.0022085823584347963,0.6846200227737427,0,0.00012009900433771744,True,4.974392868462019e-05
6030,0.0025301529094576836,0.04558257386088371,0.029139943420886993,1.0006325244903564,1.011393666267395,1.00728440284729,0.0022241713013499975,0.6849446296691895,0,0.00011843237547224593,True,4.97154651384335e-05
6035,0.002128886990249157,0.045540668070316315,0.029124826192855835,1.0005321502685547,1.0113831758499146,1.0072805881500244,0.0022571529261767864,0.6847903728485107,0,0.00012240265250707924,True,4.990998422726989e-05
6040,0.002020991640165448,0.04565763846039772,0.0291889701038599,1.0005052089691162,1.0114123821258545,1.0072965621948242,0.002259823027998209,0.6901072263717651,0,0.00013203592393838922,True,4.9708669394021854e-05
6045,0.0031348622869700193,0.045268140733242035,0.029199354350566864,1.0007836818695068,1.011315107345581,1.0072991847991943,0.002239636844024062,0.6930410861968994,0,0.0001511612183589667,True,4.958516001352109e-05
6050,0.0033658333122730255,0.0448186919093132,0.029054908081889153,1.0008413791656494,1.0112028121948242,1.0072630643844604,0.0022402643226087093,0.6857932806015015,0,0.00012901958979560024,True,5.006950959796086e-05
6055,0.0038722199387848377,0.044694527983665466,0.028915487229824066,1.0009679794311523,1.011171817779541,1.0072282552719116,0.0022511316929012537,0.6811636686325073,0,0.00012091553014177232,True,5.058397800894454e-05
6060,0.002914810786023736,0.04475050047039986,0.029034528881311417,1.000728726387024,1.011185646057129,1.0072579383850098,0.002278167987242341,0.6916462779045105,0,0.000139206653774818,True,5.0305596232647076e-05
6065,0.0022738310508430004,0.046802129596471786,0.029181236401200294,1.0005683898925781,1.0116984844207764,1.0072946548461914,0.0023080380633473396,0.6940034031867981,0,0.00012305852027282564,True,4.995043855160475e-05
6070,0.0012726206332445145,0.04764007776975632,0.029226180166006088,1.000318169593811,1.0119078159332275,1.0073058605194092,0.002320657018572092,0.6876211166381836,0,0.0001395139405423804,True,4.985841587767936e-05
6075,0.0011992153013125062,0.04733332246541977,0.029283620417118073,1.0002998113632202,1.0118310451507568,1.0073201656341553,0.0023011374287307262,0.6891071796417236,0,0.00011127688433032347,True,4.958004137733951e-05
6080,0.001057932386174798,0.04746531322598457,0.029303301125764847,1.0002644062042236,1.011864185333252,1.0073251724243164,0.0022829282097518444,0.6788023710250854,0,0.00011163185447985088,True,4.9433445383328944e-05
6085,0.0021306283306330442,0.0463048592209816,0.02932891994714737,1.000532627105713,1.011574149131775,1.0073316097259521,0.0022604649420827627,0.6918727159500122,0,0.00014754525854157675,True,4.9248625145992264e-05
6090,0.004030581098049879,0.04469557851552963,0.029335586354136467,1.0010076761245728,1.0111720561981201,1.0073331594467163,0.002221447415649891,0.6825233697891235,0,0.00012203520419017346,True,4.905531750409864e-05
6095,0.004202147480100393,0.0447726771235466,0.029328562319278717,1.0010504722595215,1.0111913681030273,1.0073314905166626,0.00221446854993701,0.6871780157089233,0,0.00012734215278181724,True,4.904805246042088e-05
6100,0.003972718492150307,0.04609066620469093,0.029397139325737953,1.000993251800537,1.0115206241607666,1.007348656654358,0.0022392021492123604,0.688040018081665,0,0.00010037477405400503,True,4.892892320640385e-05
6105,0.003911755979061127,0.046302665024995804,0.02936389297246933,1.0009779930114746,1.0115735530853271,1.0073403120040894,0.00222004484385252,0.6883799433708191,0,0.00013640072628005108,True,4.895509482594207e-05
6110,0.003292806912213564,0.045581091195344925,0.029189396649599075,1.0008232593536377,1.0113933086395264,1.0072968006134033,0.002202876377850771,0.6905027627944946,0,0.00015527967722158036,True,4.945884575136006e-05
6115,0.0035986436996608973,0.04540754482150078,0.029081057757139206,1.0008996725082397,1.0113499164581299,1.0072696208953857,0.002188288839533925,0.6850599050521851,0,0.00014089808587892426,True,4.97563487442676e-05
6120,0.0039954110980033875,0.045228105038404465,0.029028434306383133,1.000998854637146,1.0113050937652588,1.0072565078735352,0.0021861165296286345,0.6904308795928955,0,0.00012192486914206525,True,4.9922484322451055e-05
6125,0.0033004709985107183,0.045659299939870834,0.02908596396446228,1.0008251667022705,1.0114128589630127,1.0072708129882812,0.0022084186784923077,0.6862843036651611,0,0.0001262063049606824,True,4.982674727216363e-05
6130,0.003645466174930334,0.04631940275430679,0.029293138533830643,1.0009113550186157,1.011577844619751,1.0073225498199463,0.002227137563750148,0.689024806022644,0,0.0001154080590933706,True,4.9219554057344794e-05
6135,0.004103297367691994,0.046055153012275696,0.029544487595558167,1.0010257959365845,1.0115118026733398,1.007385492324829,0.00216292985714972,0.6935964822769165,0,0.00014613915455197142,True,4.81160132039804e-05
6140,0.005045156925916672,0.04574736952781677,0.029480161145329475,1.0012612342834473,1.01143479347229,1.0073693990707397,0.002147601917386055,0.6924591660499573,0,0.00012607087061847642,True,4.826234362553805e-05
6145,0.005385424010455608,0.045745957642793655,0.02931729145348072,1.0013463497161865,1.011434555053711,1.0073286294937134,0.002161638578400016,0.6827573776245117,0,0.00011977334498253224,True,4.885821181233041e-05
6150,0.005313936620950699,0.0459556020796299,0.029317166656255722,1.001328468322754,1.0114868879318237,1.0073286294937134,0.002160461386665702,0.6897100210189819,0,0.00014432797689643492,True,4.88533332827501e-05
6155,0.0054061030969023705,0.0455048605799675,0.029359927400946617,1.0013515949249268,1.0113742351531982,1.007339358329773,0.0021555901039391756,0.687278687953949,0,0.00011396158435548135,True,4.8690999392420053e-05
6160,0.005406904499977827,0.045742347836494446,0.02933957614004612,1.0013517141342163,1.0114336013793945,1.0073342323303223,0.002172620967030525,0.6889690160751343,0,0.00010323537279236895,True,4.88300938741304e-05
6165,0.004774576518684626,0.04622524604201317,0.029255129396915436,1.001193642616272,1.01155424118042,1.0073131322860718,0.0021997832227498293,0.6854584813117981,0,0.00011286194872539416,True,4.922580410493538e-05
6170,0.0040734680369496346,0.04634026810526848,0.029194852337241173,1.0010182857513428,1.0115829706192017,1.0072979927062988,0.002213871804997325,0.6798378229141235,0,0.00013594363652785,True,4.9486894567962736e-05
6175,0.0035569167230278254,0.04679292440414429,0.029252568259835243,1.0008891820907593,1.0116961002349854,1.007312536239624,0.0022024712525308132,0.6891775131225586,0,0.0001270996583264867,True,4.924672975903377e-05
6180,0.0035959607921540737,0.04695237800478935,0.02929764613509178,1.0008989572525024,1.0117359161376953,1.0073237419128418,0.002164676319807768,0.6867706775665283,0,0.0001493806791485862,True,4.8936723032966256e-05
6185,0.003516531316563487,0.04692766070365906,0.029242150485515594,1.0008790493011475,1.0117297172546387,1.007309913635254,0.0021513092797249556,0.6881484389305115,0,0.00012731402872040613,True,4.9064004997489974e-05
6190,0.0038780237082391977,0.04667887091636658,0.029175754636526108,1.000969409942627,1.0116676092147827,1.0072932243347168,0.002157810842618346,0.6987805366516113,0,0.00015833612929518867,True,4.931179864797741e-05
6195,0.005058370064944029,0.04612139239907265,0.02904951572418213,1.0012645721435547,1.0115282535552979,1.0072617530822754,0.0021591088734567165,0.6818758249282837,0,0.000143257830019299,True,4.973667819285765e-05
6200,0.006434768904000521,0.04492369666695595,0.028942478820681572,1.0016087293624878,1.0112290382385254,1.007235050201416,0.002157192910090089,0.6858000755310059,0,0.0001592688195429265,True,5.008621883462183e-05
6205,0.005500715225934982,0.04503351449966431,0.028942417353391647,1.0013751983642578,1.011256456375122,1.0072349309921265,0.002170718740671873,0.6880861520767212,0,0.00013687263160881995,True,5.014404814573936e-05
6210,0.0048060487024486065,0.045750878751277924,0.028977759182453156,1.0012015104293823,1.0114357471466064,1.0072438716888428,0.002186880214139819,0.6904155015945435,0,0.00012132601402254498,True,5.0094397010980174e-05
6215,0.0042228372767567635,0.04701297730207443,0.02900276705622673,1.0010557174682617,1.0117510557174683,1.0072500705718994,0.0021913808304816484,0.6825209856033325,0,0.00013442899854911798,True,5.002973921364173e-05
6220,0.0038184027653187513,0.04718317091464996,0.02909468486905098,1.0009546279907227,1.011793613433838,1.0072730779647827,0.002186363795772195,0.6977927684783936,0,0.00012888171171397122,True,4.970182999386452e-05
6225,0.0034024061169475317,0.04661942645907402,0.029175523668527603,1.0008506774902344,1.0116527080535889,1.0072932243347168,0.0021860161796212196,0.6796233057975769,0,0.00011074882258498712,True,4.943202657159418e-05
6230,0.0022743495646864176,0.046240292489528656,0.029215099290013313,1.0005686283111572,1.0115580558776855,1.007303237915039,0.002189841354265809,0.6940521001815796,0,0.00014982679919059658,True,4.9317535740556195e-05
6235,0.0014035068452358246,0.04624754935503006,0.029173625633120537,1.0003509521484375,1.0115598440170288,1.0072927474975586,0.002178546506911516,0.674622654914856,0,0.00012705217318447856,True,4.940704093314707e-05
6240,0.0014703444903716445,0.046812646090984344,0.029201000928878784,1.0003676414489746,1.0117011070251465,1.0072996616363525,0.002172462409362197,0.6955444812774658,0,0.0001417512704908651,True,4.9289992603007704e-05
6245,0.00241642352193594,0.046901341527700424,0.029184024780988693,1.0006041526794434,1.011723279953003,1.0072953701019287,0.0021618856117129326,0.6838110685348511,0,0.00013541826358375419,True,4.930111754219979e-05
6250,0.0030343730468302965,0.046175479888916016,0.029217826202511787,1.0007586479187012,1.0115418434143066,1.0073038339614868,0.0021776151843369007,0.679932713508606,0,0.0001233817666648747,True,4.9255915655521676e-05
6255,0.0034505780786275864,0.04608900099992752,0.029331088066101074,1.0008625984191895,1.0115201473236084,1.0073322057724,0.002181812422350049,0.6947240233421326,0,0.00011005759065545569,True,4.889848787570372e-05
6260,0.003311218461021781,0.04598504677414894,0.02926531620323658,1.0008277893066406,1.0114942789077759,1.0073156356811523,0.002170252613723278,0.6882777214050293,0,0.00012853175561783136,True,4.906666435999796e-05
6265,0.003607015358284116,0.04591773450374603,0.029088802635669708,1.000901699066162,1.0114774703979492,1.0072715282440186,0.002151066903024912,0.6764450073242188,0,0.00013258685634061901,True,4.957196506438777e-05
6270,0.004770768340677023,0.045798204839229584,0.02896779403090477,1.0011926889419556,1.011447548866272,1.0072412490844727,0.0021492133382707834,0.6864204406738281,0,0.00011523730357070748,True,4.996808638679795e-05
6275,0.00458774296566844,0.045455824583768845,0.028908662497997284,1.001146912574768,1.0113619565963745,1.0072264671325684,0.002137470059096813,0.6831426024436951,0,0.00013163104632617757,True,5.011747998651117e-05
6280,0.004403240978717804,0.04649495333433151,0.028946001082658768,1.001100778579712,1.0116217136383057,1.0072357654571533,0.0021439935080707073,0.6855922937393188,0,0.00012763070756790213,True,5.001981116947718e-05
6285,0.004088426474481821,0.04726461321115494,0.02898113802075386,1.0010221004486084,1.0118138790130615,1.0072447061538696,0.0021662237122654915,0.6860734224319458,0,0.00012798109637977923,True,4.999609154765494e-05
6290,0.0035119918175041676,0.04773636907339096,0.02889304980635643,1.0008779764175415,1.0119318962097168,1.0072226524353027,0.002203797223046422,0.6868699789047241,0,0.00014145268222821075,True,5.045183206675574e-05
6295,0.0027646615635603666,0.04710960388183594,0.028891142457723618,1.0006911754608154,1.011775255203247,1.0072221755981445,0.0021916008554399014,0.6844877600669861,0,0.00012693450734063428,True,5.040632458985783e-05
6300,0.001223993836902082,0.04676404222846031,0.028939850628376007,1.0003060102462769,1.0116889476776123,1.0072343349456787,0.002200715709477663,0.6907610297203064,0,0.00012877017758807706,True,5.028251325711608e-05
6305,0.0007413410930894315,0.046159327030181885,0.028971178457140923,1.000185251235962,1.011537790298462,1.007242202758789,0.00220121699385345,0.6838030219078064,0,0.00011103409277820976,True,5.018005322199315e-05
6310,0.0003856545081362128,0.045968879014253616,0.029074732214212418,1.000096321105957,1.0114901065826416,1.0072680711746216,0.002189808990806341,0.6906045079231262,0,0.00013573149109050463,True,4.978536890121177e-05
6315,0.00027318933280184865,0.045398056507110596,0.029086606577038765,1.0000683069229126,1.0113475322723389,1.0072709321975708,0.0021544178016483784,0.6960399746894836,0,0.0001092326072054298,True,4.959588113706559e-05
6320,0.0005828400026075542,0.04597778990864754,0.029079001396894455,1.000145673751831,1.0114924907684326,1.0072691440582275,0.0021623813081532717,0.7037074565887451,0,0.00014789684134793,True,4.965447442373261e-05
6325,0.000768546829931438,0.047157276421785355,0.029007531702518463,1.0001921653747559,1.0117871761322021,1.007251262664795,0.0021770428866147995,0.687981367111206,0,0.00013018213329934325,True,4.9954796850215644e-05
6330,0.0019596752244979143,0.046612367033958435,0.028841767460107803,1.0004899501800537,1.0116510391235352,1.0072097778320312,0.002208949998021126,0.6829934120178223,0,0.00011193721814671877,True,5.06470023537986e-05
6335,0.0037661786191165447,0.04513980820775032,0.028738494962453842,1.000941514968872,1.0112829208374023,1.0071840286254883,0.002187987556681037,0.6872430443763733,0,0.00013044551865934442,True,5.090486956760287e-05
6340,0.003926141653209925,0.045021045953035355,0.028644997626543045,1.0009815692901611,1.0112533569335938,1.0071606636047363,0.0021607335656881332,0.6900930404663086,0,0.00013717421181957433,True,5.1105311285937205e-05
6345,0.0034766781609505415,0.04567249119281769,0.028663571923971176,1.0008691549301147,1.0114161968231201,1.0071651935577393,0.002154095796868205,0.6923990249633789,0,0.00012436037463214663,True,5.1014245400438085e-05
6350,0.002759211231023073,0.04703285172581673,0.02871672809123993,1.0006897449493408,1.0117560625076294,1.007178544998169,0.002171587198972702,0.692044198513031,0,0.0001407957951907187,True,5.090866034151986e-05
6355,0.0018153880955651402,0.04690616577863693,0.028718987479805946,1.0004538297653198,1.0117244720458984,1.0071790218353271,0.0021737446077167988,0.6893603801727295,0,0.00011014091307787936,True,5.091036655358039e-05
6360,0.0008049457683227956,0.04618626832962036,0.028812037780880928,1.0002012252807617,1.0115444660186768,1.007202386856079,0.0021701371297240257,0.6932953596115112,0,0.000132411972325205,True,5.0581584218889475e-05
6365,0.0004126511048525572,0.04526069760322571,0.028836660087108612,1.0001031160354614,1.0113131999969482,1.0072084665298462,0.002180875977501273,0.6939541697502136,0,0.00013644813799619014,True,5.054437860962935e-05
6370,0.0009869305649772286,0.046244315803050995,0.02871054783463478,1.0002467632293701,1.011559009552002,1.0071771144866943,0.002200100803747773,0.685270369052887,0,0.00014361687338006852,True,5.105193849885836e-05
6375,0.0018365755677223206,0.046017397195100784,0.02855236642062664,1.0004591941833496,1.0115022659301758,1.007137417793274,0.0021701387595385313,0.6981361508369446,0,0.00013546628045845759,True,5.145987233845517e-05
6380,0.002075599506497383,0.04543822631239891,0.028510967269539833,1.0005189180374146,1.0113575458526611,1.007127046585083,0.0021453602239489555,0.6889095306396484,0,0.00012996811604916417,True,5.149641583557241e-05
6385,0.0025317601393908262,0.04510221630334854,0.02853573113679886,1.0006330013275146,1.0112736225128174,1.0071332454681396,0.0021537141874432564,0.6905165910720825,0,0.00011274429530581447,True,5.1447164878482e-05
6390,0.0024770137388259172,0.04498712345957756,0.02860230952501297,1.0006191730499268,1.0112448930740356,1.0071499347686768,0.0021769199520349503,0.6928519606590271,0,0.0001173704290417571,True,5.131919533596374e-05
6395,0.0028628972359001637,0.0447443388402462,0.028669804334640503,1.000715732574463,1.0111842155456543,1.0071667432785034,0.0021721592638641596,0.6961049437522888,0,0.0001269729290269409,True,5.107022661832161e-05
6400,0.00343174091540277,0.045074835419654846,0.028590276837348938,1.000857949256897,1.011266827583313,1.007146954536438,0.00217587617225945,0.6915949583053589,0,0.0001223076157070177,True,5.135490937391296e-05
6405,0.0029704186599701643,0.045923370867967606,0.02848360501229763,1.0007425546646118,1.0114789009094238,1.0071202516555786,0.002227404620498419,0.6870747804641724,0,0.00013219775250116692,True,5.193940160097554e-05
6410,0.0025689576286822557,0.04608497396111488,0.028451625257730484,1.0006422996520996,1.011519193649292,1.0071122646331787,0.00221553654409945,0.6915725469589233,0,0.00016348527342914377,True,5.1997001719428226e-05
6415,0.0023304508067667484,0.04525170475244522,0.02852359414100647,1.0005825757980347,1.0113110542297363,1.0071302652359009,0.002205319469794631,0.6835806369781494,0,0.00013445718595180985,True,5.170806252863258e-05
6420,0.0015448878984898329,0.045032501220703125,0.028580863028764725,1.0003862380981445,1.011256217956543,1.0071446895599365,0.002181504387408495,0.6898613572120667,0,0.00014608313687414952,True,5.1412094762781635e-05
6425,0.0007962146191857755,0.04496736824512482,0.02868097461760044,1.0001990795135498,1.011240005493164,1.0071697235107422,0.00215584272518754,0.6863172054290771,0,0.00011966096402428801,True,5.0964274123543873e-05
6430,0.0011550388298928738,0.044625043869018555,0.028813254088163376,1.000288724899292,1.0111544132232666,1.0072027444839478,0.0021717699710279703,0.6945830583572388,0,0.00014057572522443505,True,5.0585411372594535e-05
6435,0.002698842203244567,0.0437769740819931,0.028784435242414474,1.0006747245788574,1.0109424591064453,1.0071954727172852,0.002171721076592803,0.6960189342498779,0,0.00014842460814407262,True,5.068167592980899e-05
6440,0.003318504896014929,0.04361477866768837,0.028700347989797592,1.0008296966552734,1.010901927947998,1.0071744918823242,0.0021777518559247255,0.6960015296936035,0,0.00014011160817936936,True,5.0990489398827776e-05
6445,0.0029039059299975634,0.04455883428454399,0.02860027179121971,1.0007259845733643,1.011137843132019,1.0071494579315186,0.0021703066304326057,0.6928248405456543,0,0.00013314088329378183,True,5.1297774916747585e-05
6450,0.0030453356448560953,0.04528762400150299,0.028523698449134827,1.0007612705230713,1.0113199949264526,1.0071301460266113,0.00216434127651155,0.6870592832565308,0,0.00013787245007836836,True,5.153248639544472e-05
6455,0.001926657510921359,0.04577277600765228,0.028436921536922455,1.0004816055297852,1.0114412307739258,1.0071085691452026,0.002190292812883854,0.6972000598907471,0,0.00013930152765175786,True,5.193950346438214e-05
6460,0.0003696806961670518,0.04534014314413071,0.028333652764558792,1.0000923871994019,1.0113331079483032,1.0070827007293701,0.0022065762896090746,0.6849044561386108,0,0.00012711137116290942,True,5.236357537796721e-05
6465,0.0006940527819097042,0.045230571180582047,0.028376182541251183,1.000173568725586,1.0113056898117065,1.0070934295654297,0.0021941778250038624,0.6943333148956299,0,0.00011407404785845288,True,5.216399222263135e-05
6470,0.001185338944196701,0.04612422734498978,0.02855270355939865,1.0002963542938232,1.0115289688110352,1.0071375370025635,0.0021916551049798727,0.6940640211105347,0,0.00013927960853298525,True,5.15503270435147e-05
6475,0.0018392354249954224,0.04616381227970123,0.028592374175786972,1.0004597902297974,1.0115389823913574,1.0071474313735962,0.002179994946345687,0.6953998804092407,0,0.00013959498261914693,True,5.136543040862307e-05
6480,0.0027930059004575014,0.04459863528609276,0.02853403240442276,1.0006983280181885,1.0111477375030518,1.007132887840271,0.002164106583222747,0.6886816620826721,0,0.00011856027022916924,True,5.149601201992482e-05
6485,0.003009970299899578,0.04441436007618904,0.028458915650844574,1.0007524490356445,1.0111017227172852,1.0071141719818115,0.002159170573577285,0.6800187826156616,0,0.00013432526220567468,True,5.17312582815066e-05
6490,0.0035002196673303843,0.044052865356206894,0.028507761657238007,1.0008749961853027,1.0110113620758057,1.0071263313293457,0.0021359561942517757,0.6875885725021362,0,0.00012423172463900853,True,5.14673774887342e-05
6495,0.0042600384913384914,0.04384278506040573,0.028615150600671768,1.0010650157928467,1.0109589099884033,1.0071532726287842,0.002135305432602763,0.7007192373275757,0,0.0001057077743978323,True,5.109944686410017e-05
6500,0.004323867615312338,0.044620003551244736,0.028636805713176727,1.0010809898376465,1.011153221130371,1.0071585178375244,0.00213901000097394,0.6799952387809753,0,0.00013529841584587098,True,5.104163574287668e-05
6505,0.004965737462043762,0.045812346041202545,0.02863238751888275,1.0012414455413818,1.011451005935669,1.0071574449539185,0.0021500412840396166,0.6811050772666931,0,0.0001405037321303002,True,5.110214260639623e-05
6510,0.004358892794698477,0.04571464657783508,0.028603386133909225,1.0010896921157837,1.0114266872406006,1.0071502923965454,0.0021602604538202286,0.6793457269668579,0,0.00011104421911723845,True,5.124364179209806e-05
6515,0.0037278428208082914,0.04554042965173721,0.028701908886432648,1.000931978225708,1.011383056640625,1.0071748495101929,0.0021812275517731905,0.6923261880874634,0,0.00015674297787145799,True,5.099936242913827e-05
6520,0.0035301409661769867,0.04532971978187561,0.02880214713513851,1.000882625579834,1.011330485343933,1.007200002670288,0.002183928620070219,0.6865518093109131,0,0.00012641639583042266,True,5.0672450015554205e-05
6525,0.0030979295261204243,0.045327648520469666,0.028837047517299652,1.0007745027542114,1.0113298892974854,1.0072085857391357,0.0021920129656791687,0.6874136924743652,0,0.00013114419674646076,True,5.0589776947163045e-05
6530,0.0022650721948593855,0.0460602268576622,0.028794599696993828,1.0005662441253662,1.0115129947662354,1.0071980953216553,0.0022025383077561855,0.6917998790740967,0,0.0001138216583614499,True,5.0778289732988924e-05
6535,0.0018361161928623915,0.04562773555517197,0.02862585335969925,1.0004589557647705,1.0114049911499023,1.0071557760238647,0.0022087690886110067,0.693148136138916,0,0.0001481371669844714,True,5.137582775205374e-05
6540,0.0012179146287962794,0.044664375483989716,0.028474461287260056,1.0003044605255127,1.0111641883850098,1.0071179866790771,0.0022165807895362377,0.6879810690879822,0,0.00012815197553873536,True,5.1924849685747176e-05
6545,0.001093451865017414,0.04395298287272453,0.028462031856179237,1.00027334690094,1.0109864473342896,1.0071148872375488,0.0022098401095718145,0.6865509152412415,0,0.00011039086892500235,True,5.19379427714739e-05
6550,0.0009595730225555599,0.04429371654987335,0.02855968102812767,1.0002398490905762,1.0110716819763184,1.0071393251419067,0.0021954711992293596,0.6875444054603577,0,0.00012667495011735018,True,5.1543400331865996e-05
6555,0.0007080032373778522,0.0442986898124218,0.028615038841962814,1.000177025794983,1.0110728740692139,1.007153034210205,0.0022033357527107,0.696158766746521,0,0.00012522502860947215,True,5.138906271895394e-05
6560,0.0012407797621563077,0.04403065890073776,0.028636595234274864,1.0003101825714111,1.0110058784484863,1.0071585178375244,0.0021946325432509184,0.694988489151001,0,0.00013059208473882583,True,5.1278224418638274e-05
6565,0.0008968770271167159,0.0443066842854023,0.028611376881599426,1.000224232673645,1.0110747814178467,1.0071523189544678,0.002210694830864668,0.6938427090644836,0,0.00013046967145350963,True,5.143341331859119e-05
6570,0.000513071718160063,0.04474882036447525,0.028529353439807892,1.0001282691955566,1.0111854076385498,1.007131814956665,0.0022274446673691273,0.6880043745040894,0,0.00013835853998102573,True,5.178506762604229e-05
6575,0.0005912691121920943,0.04565415158867836,0.02838207222521305,1.000147819519043,1.0114115476608276,1.0070948600769043,0.0022426736541092396,0.6869252920150757,0,0.00014933569188570002,True,5.235446587903425e-05
6580,0.0004574834310915321,0.045582666993141174,0.028224267065525055,1.0001144409179688,1.011393666267395,1.0070555210113525,0.002250073244795203,0.6979001760482788,0,0.00015194154984610333,True,5.2928360673831776e-05
6585,-0.00032369745895266533,0.045570261776447296,0.028151094913482666,0.999919056892395,1.0113906860351562,1.0070371627807617,0.0022763642482459545,0.6875459551811218,0,0.0001213359388616454,True,5.32969061168842e-05
6590,-0.0006116782315075397,0.04521431773900986,0.02807316929101944,0.9998471140861511,1.0113016366958618,1.0070176124572754,0.002257430460304022,0.6889045834541321,0,0.00013107966037776672,True,5.348229387891479e-05
6595,-0.00010526758705964312,0.0440668947994709,0.02809816412627697,0.9999736547470093,1.0110149383544922,1.0070240497589111,0.0022130077704787254,0.6934450268745422,0,0.00013014861981408305,True,5.3201296395855024e-05
6600,-0.0007442225469276309,0.04385186731815338,0.028233259916305542,0.999813973903656,1.0109611749649048,1.0070576667785645,0.002230869373306632,0.6992735862731934,0,0.00014575978468768527,True,5.281355697661638e-05
6605,-0.0016787698259577155,0.04417777806520462,0.028276633471250534,0.9995803236961365,1.011042594909668,1.0070686340332031,0.0022365537006407976,0.691628098487854,0,0.00013552310828695492,True,5.2689865697175264e-05
6610,-0.002540077781304717,0.04455367848277092,0.028344184160232544,0.999364972114563,1.011136531829834,1.0070854425430298,0.0022598246578127146,0.7001229524612427,0,0.0001244395278637579,True,5.256103759165853e-05
6615,-0.003423545742407441,0.04525257274508476,0.028315048664808273,0.9991440773010254,1.0113112926483154,1.0070781707763672,0.002280929358676076,0.6879202127456665,0,0.00012370519715345783,True,5.27553929714486e-05
6620,-0.004080690909177065,0.04572766646742821,0.028267674148082733,0.9989798069000244,1.011430025100708,1.007066249847412,0.0022844038903713226,0.6943055391311646,0,0.0001373913448986242,True,5.2933552069589496e-05
6625,-0.004170107189565897,0.04441475868225098,0.028260769322514534,0.9989573955535889,1.0111019611358643,1.0070645809173584,0.0022658922243863344,0.688651442527771,0,0.0001227301366031274,True,5.287496605888009e-05
6630,-0.003750501200556755,0.045443806797266006,0.02831210382282734,0.9990624189376831,1.0113589763641357,1.0070774555206299,0.0022605513222515583,0.7002266645431519,0,0.00011076567763711531,True,5.267464439384639e-05
6635,-0.004376167431473732,0.045676253736019135,0.028270769864320755,0.9989058971405029,1.0114171504974365,1.007067084312439,0.002274245722219348,0.6926301121711731,0,0.00012735545039637268,True,5.287745443638414e-05
6640,-0.0041181487031280994,0.044892117381095886,0.028200678527355194,0.9989705085754395,1.011221170425415,1.007049560546875,0.0022678282111883163,0.6958749294281006,0,0.00016306928150853491,True,5.308974868967198e-05
6645,-0.003832637332379818,0.045469436794519424,0.02814258635044098,0.9990418553352356,1.0113654136657715,1.0070350170135498,0.002274563768878579,0.6877415180206299,0,0.00011951528469533107,True,5.3319679864216596e-05
6650,-0.004157382529228926,0.04559667780995369,0.028093770146369934,0.9989606142044067,1.011397123336792,1.0070228576660156,0.002300822641700506,0.6910064220428467,0,0.00012668826941207502,True,5.360622890293598e-05
6655,-0.0038800593465566635,0.044990912079811096,0.028071146458387375,0.9990299940109253,1.0112457275390625,1.0070171356201172,0.0022906274534761906,0.6912741661071777,0,0.00013822878314592835,True,5.3638374083675444e-05
6660,-0.003489571390673518,0.044150300323963165,0.02810818701982498,0.9991276264190674,1.011035680770874,1.0070264339447021,0.0022836197167634964,0.6931139826774597,0,0.00010545310358678799,True,5.3478659538086504e-05
6665,-0.0031380329746752977,0.04441775009036064,0.02822609804570675,0.9992154836654663,1.0111026763916016,1.0070559978485107,0.002284345217049122,0.6906531453132629,0,0.00012358979935911575,True,5.307558240019716e-05
6670,-0.0028804047033190727,0.044650688767433167,0.028320299461483955,0.9992798566818237,1.0111608505249023,1.0070794820785522,0.0022778136190027,0.6968674659729004,0,0.00012717464845937146,True,5.272269481793046e-05
6675,-0.003280485048890114,0.04425371438264847,0.02827288955450058,0.9991798400878906,1.011061668395996,1.0070676803588867,0.0022710401099175215,0.6937404274940491,0,0.00015394869164533356,True,5.2855757530778646e-05
6680,-0.004007778596132994,0.04606957733631134,0.02820756658911705,0.9989980459213257,1.0115153789520264,1.0070513486862183,0.0022871997207403183,0.6962120532989502,0,0.00012246000361480818,True,5.315275848261081e-05
6685,-0.0037459051236510277,0.04730413481593132,0.02822386845946312,0.9990634918212891,1.0118238925933838,1.007055401802063,0.0022863917984068394,0.6862773299217224,0,0.00012526171816320628,True,5.3092568123247474e-05
6690,-0.003374062944203615,0.047667715698480606,0.0283184964209795,0.9991564750671387,1.0119147300720215,1.007079005241394,0.002278590342029929,0.6846620440483093,0,0.00012538228285333567,True,5.273222632240504e-05
6695,-0.0032373254653066397,0.04663477838039398,0.02834666334092617,0.9991906881332397,1.0116565227508545,1.0070860385894775,0.0022722978610545397,0.6937328577041626,0,0.00012684465588010352,True,5.2608018449973315e-05
6700,-0.002281683497130871,0.04600400850176811,0.02826087921857834,0.9994295835494995,1.0114989280700684,1.007064700126648,0.002237575128674507,0.690577507019043,0,0.0001263824833395565,True,5.274867726257071e-05
6705,-0.001951821381226182,0.045069415122270584,0.028183046728372574,0.9995120763778687,1.011265516281128,1.0070451498031616,0.002221004804596305,0.6917259693145752,0,0.00013673589504428047,True,5.2944349590688944e-05
6710,-0.0008725680527277291,0.04472149908542633,0.028220344334840775,0.9997818470001221,1.0111784934997559,1.0070545673370361,0.0022186068817973137,0.6892942190170288,0,0.00011400486879941471,True,5.2804585720878094e-05
6715,-0.0010421621846035123,0.04507182538509369,0.028355473652482033,0.999739408493042,1.0112659931182861,1.007088303565979,0.0022336505353450775,0.6912436485290527,0,0.00014783100052001333,True,5.2406285249162465e-05
6720,-0.0020851383451372385,0.04549543187022209,0.028406312689185143,0.9994786977767944,1.0113718509674072,1.007101058959961,0.002236886415630579,0.6945286989212036,0,0.0001348501064394681,True,5.224683991400525e-05
6725,-0.0022982589434832335,0.045929621905088425,0.028430528938770294,0.99942547082901,1.0114803314208984,1.0071070194244385,0.0022412638645619154,0.6954225897789001,0,0.00011671152607795705,True,5.218323349254206e-05
6730,-0.0018377796513959765,0.04670758172869682,0.0283855851739645,0.9995405077934265,1.0116747617721558,1.0070956945419312,0.002235177904367447,0.6958950161933899,0,0.00011739956054069279,True,5.2309842430986464e-05
6735,-0.0021133548580110073,0.046858809888362885,0.02829396352171898,0.9994716644287109,1.0117125511169434,1.007072925567627,0.0022285031154751778,0.7004356384277344,0,0.0001405997774495931,True,5.259475437924266e-05
6740,-0.002109743421897292,0.046023134142160416,0.028210420161485672,0.9994726181030273,1.0115036964416504,1.0070520639419556,0.002212905092164874,0.6917439699172974,0,0.00014678700340103878,True,5.281460107653402e-05
6745,-0.0020367277320474386,0.0455479733645916,0.028215745463967323,0.9994907379150391,1.0113849639892578,1.0070533752441406,0.0022101961076259613,0.6859676241874695,0,0.0001255011741007187,True,5.278459866531193e-05
6750,-0.002207307843491435,0.04564138501882553,0.028338830918073654,0.9994481801986694,1.0114083290100098,1.0070841312408447,0.002222370123490691,0.6891355514526367,0,0.00013120782434493725,True,5.241436883807182e-05
6755,-0.0021599114406853914,0.04494616389274597,0.0283791646361351,0.9994600415229797,1.0112346410751343,1.007094144821167,0.0022236951626837254,0.7049405574798584,0,0.0001595580516339096,True,5.228243753663264e-05
6760,-0.0022151360753923655,0.045393019914627075,0.02837464027106762,0.9994461536407471,1.0113463401794434,1.0070931911468506,0.0022395404521375895,0.6944003105163574,0,0.00012130627997148697,True,5.236680954112671e-05
6765,-0.0025589715223759413,0.04560943692922592,0.02830485627055168,0.9993602633476257,1.0114004611968994,1.007075548171997,0.0022679618559777737,0.6887822151184082,0,0.00012805269006044775,True,5.273100396152586e-05
6770,-0.0026955208741128445,0.04573146998882294,0.028285283595323563,0.9993261098861694,1.0114308595657349,1.007070779800415,0.0022564034443348646,0.6978813409805298,0,0.00011981422632704401,True,5.2746967412531376e-05
6775,-0.002762378193438053,0.04538438469171524,0.02830635756254196,0.9993094205856323,1.0113441944122314,1.0070760250091553,0.0022708445321768522,0.6960147023200989,0,0.00012365329923016643,True,5.2738825615961105e-05
6780,-0.002823072485625744,0.045575711876153946,0.028281737118959427,0.9992941617965698,1.0113919973373413,1.0070698261260986,0.0022629392333328724,0.6840707063674927,0,0.0001210649082660507,True,5.278816388454288e-05
6785,-0.0027531555388122797,0.04563401639461517,0.0283176489174366,0.9993116855621338,1.011406421661377,1.0070788860321045,0.0022403178736567497,0.6960999965667725,0,0.00011071396815427785,True,5.256566510070115e-05
6790,-0.002979525364935398,0.045712679624557495,0.02836914360523224,0.9992550611495972,1.0114262104034424,1.0070916414260864,0.002233471255749464,0.698285698890686,0,0.0001308962336714577,True,5.235942080616951e-05
6795,-0.002499839523807168,0.0457410104572773,0.02842564694583416,0.99937504529953,1.0114332437515259,1.007105827331543,0.002233092673122883,0.6927995681762695,0,0.00014173607286527867,True,5.216448334977031e-05
6800,-0.0017903002444654703,0.04469101503491402,0.028414318338036537,0.9995523691177368,1.0111708641052246,1.0071029663085938,0.002242741407826543,0.6906484961509705,0,0.00012943063261490085,True,5.224495180300437e-05
6805,-0.0015498115681111813,0.04427976533770561,0.028321633115410805,0.9996125102043152,1.0110681056976318,1.007079839706421,0.002240569330751896,0.6811239123344421,0,0.00012704608523087516,True,5.255276846583001e-05
6810,-0.001426398055627942,0.04444746673107147,0.02826223336160183,0.9996434450149536,1.0111100673675537,1.007064938545227,0.0022355515975505114,0.6969733238220215,0,0.00012528485127896288,True,5.2734809287358075e-05
6815,-0.0018401311244815588,0.04537832736968994,0.028129778802394867,0.9995399713516235,1.0113426446914673,1.007031798362732,0.0022431588731706142,0.6892616748809814,0,0.00012302037680774803,True,5.322457946022041e-05
6820,-0.002095949137583375,0.04597622901201248,0.028125574812293053,0.9994760155677795,1.0114920139312744,1.007030725479126,0.002251840429380536,0.6908593773841858,0,0.00013918899954114882,True,5.3277188271749765e-05
6825,-0.0029320220928639174,0.04550405219197273,0.028176220133900642,0.9992669820785522,1.0113739967346191,1.007043480873108,0.0022499144542962313,0.6898305416107178,0,0.00013565209991698576,True,5.309449988999404e-05
6830,-0.003483623033389449,0.04483020305633545,0.028221942484378815,0.999129056930542,1.0112056732177734,1.0070548057556152,0.0022600716911256313,0.6861552596092224,0,0.0001419159589438727,True,5.298233008943498e-05
6835,-0.0031610792502760887,0.04444502294063568,0.02830478921532631,0.9992097020149231,1.0111093521118164,1.007075548171997,0.0022527670953422785,0.6880106925964355,0,0.00012394393951515437,True,5.266494190436788e-05
6840,-0.002610804047435522,0.04496951773762703,0.02834433689713478,0.9993473291397095,1.0112404823303223,1.0070855617523193,0.0022352933883666992,0.692947268486023,0,0.00012803907491288678,True,5.245207285042852e-05
6845,-0.0024316306225955486,0.04503841698169708,0.02833070233464241,0.999392032623291,1.0112576484680176,1.0070819854736328,0.0022335287649184465,0.6918046474456787,0,0.000130451798746232,True,5.249122841632925e-05
6850,-0.002493271604180336,0.04520028457045555,0.028281863778829575,0.999376654624939,1.0112981796264648,1.0070698261260986,0.002249248092994094,0.6887756586074829,0,0.00012181584897893327,True,5.272750786389224e-05
6855,-0.001993143931031227,0.044958990067243576,0.028288550674915314,0.9995017051696777,1.0112378597259521,1.007071614265442,0.002229813253507018,0.6837409138679504,0,0.000132658582029041,True,5.2619052439695224e-05
6860,-0.0022501847706735134,0.04477531090378761,0.02827567607164383,0.9994374513626099,1.011191964149475,1.0070682764053345,0.0022443365305662155,0.690574586391449,0,0.00013282285155344302,True,5.272709677228704e-05
6865,-0.0021356591023504734,0.044815544039011,0.028246689587831497,0.999466061592102,1.0112019777297974,1.0070611238479614,0.0022458815947175026,0.7015382647514343,0,0.00013966327873284263,True,5.283307109493762e-05
6870,-0.002881948836147785,0.044777702540159225,0.028187021613121033,0.9992794990539551,1.0111925601959229,1.0070462226867676,0.002246720250695944,0.6878002882003784,0,0.00012971916374507353,True,5.304306614561938e-05
6875,-0.0033490266650915146,0.045228730887174606,0.028064828366041183,0.9991627931594849,1.011305332183838,1.007015585899353,0.0022450992837548256,0.6850866079330444,0,0.00013340927386223912,True,5.345822501112707e-05
6880,-0.0030179412569850683,0.045021556317806244,0.0279688723385334,0.9992454648017883,1.0112534761428833,1.0069916248321533,0.00224434700794518,0.6863709688186646,0,0.0001271110876843411,True,5.378772402764298e-05
6885,-0.0035037025809288025,0.04495517536997795,0.027932047843933105,0.9991240501403809,1.0112369060516357,1.0069823265075684,0.002252168720588088,0.6940092444419861,0,0.00013726605520018496,True,5.395061816670932e-05
6890,-0.0036149322986602783,0.04490549862384796,0.027996789664030075,0.9990962743759155,1.0112245082855225,1.0069985389709473,0.0022324020974338055,0.693839430809021,0,0.00013484497796999273,True,5.363929449231364e-05
6895,-0.0034549839328974485,0.04488696902990341,0.028126303106546402,0.9991362690925598,1.01121985912323,1.007030963897705,0.002220796188339591,0.6901768445968628,0,0.00013346813886795544,True,5.314032023306936e-05
6900,-0.0037120503839105368,0.04521094635128975,0.02822069078683853,0.9990720152854919,1.011300802230835,1.0070545673370361,0.0022493142168968916,0.686064600944519,0,0.00013965002413735412,True,5.2939351007808e-05
6905,-0.0028277751989662647,0.0452776700258255,0.028201859444379807,0.9992930293083191,1.011317491531372,1.0070499181747437,0.002233050297945738,0.6985331177711487,0,0.0001647469986134295,True,5.293214780976996e-05
6910,-0.0023070331662893295,0.04447920247912407,0.028159357607364655,0.9994232058525085,1.011117935180664,1.007039189338684,0.0022334421519190073,0.6962658166885376,0,0.0001251291493950432,True,5.30801662534941e-05
6915,-0.002100275829434395,0.0446554459631443,0.02816597744822502,0.9994750022888184,1.0111620426177979,1.0070409774780273,0.0022271284833550453,0.6923846006393433,0,0.0001328026842855829,True,5.3029740229249e-05
6920,-0.00195856811478734,0.04436787590384483,0.028115499764680862,0.9995103478431702,1.0110900402069092,1.0070282220840454,0.0022246341686695814,0.6938141584396362,0,0.00016256524057732462,True,5.319315823726356e-05
6925,-0.0010980811202898622,0.04470277577638626,0.02805396541953087,0.9997254610061646,1.0111738443374634,1.0070128440856934,0.002198421163484454,0.7012926340103149,0,0.00015884181361978838,True,5.329205305315554e-05
6930,-0.0005777208716608584,0.04432349279522896,0.02798338606953621,0.9998555183410645,1.0110790729522705,1.0069953203201294,0.0021729820873588324,0.6880402565002441,0,0.00012258858494246325,True,5.342801887309179e-05
6935,-0.0010557097848504782,0.044249918311834335,0.02794434130191803,0.9997360706329346,1.0110607147216797,1.0069854259490967,0.0022010926622897387,0.6916123628616333,0,0.00014815123187510442,True,5.3684205340687186e-05
6940,-0.001660106354393065,0.04446636885404587,0.027929235249757767,0.9995850324630737,1.0111148357391357,1.0069818496704102,0.002230806276202202,0.688732922077179,0,0.0001157982854275207,True,5.386558041209355e-05
6945,-0.002304543973878026,0.04487811028957367,0.027931280434131622,0.9994238018989563,1.0112175941467285,1.0069823265075684,0.002252297243103385,0.6935341358184814,0,0.00013960188380984965,True,5.3953248425386846e-05
6950,-0.0017927811713889241,0.04488961398601532,0.0279419906437397,0.9995517730712891,1.0112204551696777,1.0069849491119385,0.002253056038171053,0.7004407644271851,0,0.00013600172224545424,True,5.391900413087569e-05
6955,-0.0014125548768788576,0.04520685598254204,0.02789991721510887,0.9996468424797058,1.0112998485565186,1.006974458694458,0.0022673271596431732,0.6935237646102905,0,0.00011786576487450112,True,5.412792961578816e-05
6960,-0.0009722441900521517,0.045303456485271454,0.02783813513815403,0.999756932258606,1.0113239288330078,1.0069589614868164,0.0022346784826368093,0.6913085579872131,0,0.00012466421445159323,True,5.419955778052099e-05
6965,-0.00039628572994843125,0.04469234123826027,0.027820156887173653,0.9999009370803833,1.0111712217330933,1.0069544315338135,0.0022095032036304474,0.6876219511032104,0,0.00011079698181871354,True,5.415278428699821e-05
6970,-0.0003675429034046829,0.044962767511606216,0.02787303552031517,0.9999080896377563,1.0112388134002686,1.0069677829742432,0.0022109253332018852,0.6897639036178589,0,0.00015648816471906628,True,5.3974239563103765e-05
6975,-0.0009507767390459776,0.04516264423727989,0.02798229455947876,0.9997622966766357,1.0112887620925903,1.0069949626922607,0.002221347764134407,0.693007230758667,0,0.00012989266934183247,True,5.363964373827912e-05
6980,-0.0014909959863871336,0.045531123876571655,0.02807694301009178,0.9996272325515747,1.0113807916641235,1.0070186853408813,0.002232358558103442,0.6968444585800171,0,0.00012236671300926586,True,5.335972673492506e-05
6985,-0.001677436288446188,0.045164935290813446,0.028091169893741608,0.9995806217193604,1.011289358139038,1.0070221424102783,0.0022270840127021074,0.6972375512123108,0,0.00015019417609413746,True,5.328768747858703e-05
6990,-0.001197031931951642,0.045378416776657104,0.028061462566256523,0.9997007250785828,1.0113426446914673,1.0070147514343262,0.0022153255995362997,0.6929987072944641,0,0.00010338570762349494,True,5.333966328180395e-05
6995,-0.0006127585074864328,0.04486212879419327,0.028004977852106094,0.9998468160629272,1.0112136602401733,1.0070006847381592,0.00221833772957325,0.6840208768844604,0,0.00013363284384369182,True,5.354778841137886e-05
7000,0.0001286883925786242,0.04474722221493721,0.027986351400613785,1.0000321865081787,1.0111849308013916,1.0069960355758667,0.0022286539897322655,0.6878740787506104,0,0.0001233164477285072,True,5.365678953239694e-05
7005,-3.1725030567031354e-05,0.04472261294722557,0.027990564703941345,0.9999920725822449,1.011178731918335,1.0069971084594727,0.002247180789709091,0.6891562938690186,0,0.0001324113357183437,True,5.3723233577329665e-05
7010,-0.0006672993185929954,0.04513176903128624,0.02806176245212555,0.9998331665992737,1.0112810134887695,1.0070148706436157,0.0022713702637702227,0.6991842985153198,0,0.0001400549671015461,True,5.358377529773861e-05
7015,-0.0013685210142284632,0.04495442286133766,0.02807675115764141,0.9996578693389893,1.0112366676330566,1.0070185661315918,0.002291610464453697,0.6955307722091675,0,0.0001334608688477643,True,5.362254523788579e-05
7020,-0.001561519457027316,0.044728901237249374,0.027964871376752853,0.999609649181366,1.0111804008483887,1.0069905519485474,0.0023085696157068014,0.6857156753540039,0,0.00013496874295281818,True,5.408690049080178e-05
7025,-0.0013283623848110437,0.04418912157416344,0.027941042557358742,0.9996678829193115,1.0110454559326172,1.0069847106933594,0.0023021125234663486,0.6846112012863159,0,0.00013188767400130458,True,5.4140833526616916e-05
7030,-0.0010330979712307453,0.0438370518386364,0.027951285243034363,0.9997416734695435,1.0109574794769287,1.00698721408844,0.0022879280149936676,0.6915509700775146,0,0.00012508430007963142,True,5.4041389375925064e-05
7035,-0.0008854244952090085,0.04405054450035095,0.028003912419080734,0.9997786283493042,1.0110108852386475,1.0070003271102905,0.002283134963363409,0.68915194272995,0,0.00013234552459294408,True,5.383662573876791e-05
7040,-0.0007341012242250144,0.04503917694091797,0.028041137382388115,0.9998164772987366,1.0112578868865967,1.007009744644165,0.002295488491654396,0.6910995244979858,0,0.00012129083343009412,True,5.376241824706085e-05
7045,-0.0012692318996414542,0.0458868071436882,0.02808281034231186,0.9996826648712158,1.0114696025848389,1.0070202350616455,0.0023132385686039925,0.6980232000350952,0,0.00016033484700120852,True,5.3698342526331544e-05
7050,-0.0013964044628664851,0.046228304505348206,0.02802528440952301,0.9996508955955505,1.0115549564361572,1.0070056915283203,0.0023108182940632105,0.6915771961212158,0,0.00013417779656041978,True,5.3886637033429e-05
7055,-0.0011674712877720594,0.04582022503018379,0.02793012000620365,0.9997081160545349,1.0114530324935913,1.0069819688796997,0.002290612319484353,0.687671422958374,0,0.00016180981518242453,True,5.4126248869579285e-05
7060,-0.001700144144706428,0.04512108862400055,0.027884259819984436,0.9995749592781067,1.0112783908843994,1.0069704055786133,0.0022802038583904505,0.6943191885948181,0,0.00016310254378761534,True,5.423951370175928e-05
7065,-0.0023647581692785025,0.04499778524041176,0.027893690392374992,0.9994088411331177,1.0112475156784058,1.0069727897644043,0.0022856395225971937,0.687850296497345,0,0.00013661078758388275,True,5.423156835604459e-05
7070,-0.002471296349540353,0.045297201722860336,0.027948640286922455,0.9993821978569031,1.011322259902954,1.0069866180419922,0.0022898619063198566,0.701352596282959,0,0.00014432199852089557,True,5.405941919889301e-05
7075,-0.0022951997816562653,0.04502357169985771,0.028010424226522446,0.9994261860847473,1.011254072189331,1.0070019960403442,0.0022910665720701218,0.6923428177833557,0,0.00012905973034791618,True,5.385027179727331e-05
7080,-0.0017180705908685923,0.04466710984706879,0.02808818593621254,0.9995704889297485,1.011164903640747,1.007021427154541,0.002279914217069745,0.6880703568458557,0,0.00011419171073188797,True,5.353093729354441e-05
7085,-0.001770606031641364,0.04462222009897232,0.028084654361009598,0.999557375907898,1.0111536979675293,1.0070205926895142,0.002265349728986621,0.6903725266456604,0,0.00013389109828745857,True,5.347828846424818e-05
7090,-0.0017689394298940897,0.044603943824768066,0.02808401919901371,0.9995577335357666,1.0111491680145264,1.0070204734802246,0.0022745179012417793,0.7016322612762451,0,0.00012853423143430399,True,5.352146763470955e-05
7095,-0.0017074875067919493,0.04485531896352768,0.028072256594896317,0.9995731115341187,1.01121187210083,1.0070176124572754,0.002273373305797577,0.6935439109802246,0,0.00016563980441438808,True,5.3556963393930346e-05
7100,-0.0022888064850121737,0.04566652327775955,0.02807014435529709,0.9994277954101562,1.011414647102356,1.007016897201538,0.0022761495783925056,0.6968231201171875,0,0.00015005017893836645,True,5.357697227736935e-05
7105,-0.001680451794527471,0.04483150318264961,0.027986377477645874,0.999579906463623,1.0112059116363525,1.0069960355758667,0.0022826548665761948,0.6880924701690674,0,0.0001231767138487557,True,5.3896121244179085e-05
7110,-0.0016297687543556094,0.04407193884253502,0.02793232724070549,0.9995925426483154,1.0110161304473877,1.006982445716858,0.0022812180686742067,0.6977090239524841,0,0.00014986834789614868,True,5.4077525419415906e-05
7115,-0.0019926961977034807,0.04366035386919975,0.027934927493333817,0.9995018243789673,1.010913372039795,1.0069831609725952,0.0022948679979890585,0.6902743577957153,0,0.00012436772112161965,True,5.412979226093739e-05
7120,-0.002451703418046236,0.04394306242465973,0.0279092900454998,0.9993870258331299,1.010983943939209,1.006976842880249,0.0023117573000490665,0.7023012638092041,0,0.00012771376166434916,True,5.429510201793164e-05
7125,-0.0029823712538927794,0.04464644566178322,0.027823612093925476,0.9992543458938599,1.0111597776412964,1.0069553852081299,0.002322804881259799,0.6937146782875061,0,0.0001297846907004365,True,5.464400601340458e-05
7130,-0.0030687616672366858,0.04478997364640236,0.02776055783033371,0.999232828617096,1.0111956596374512,1.0069395303726196,0.002340670209378004,0.6949551701545715,0,0.0001144056574343543,True,5.4946012824075297e-05
7135,-0.003030607709661126,0.04445209726691246,0.027728993445634842,0.9992423057556152,1.0111112594604492,1.0069316625595093,0.0023568591568619013,0.6881612539291382,0,0.00013894250270804004,True,5.513090582098812e-05
7140,-0.0024869292974472046,0.04598955065011978,0.02774464711546898,0.9993782639503479,1.0114953517913818,1.0069355964660645,0.002355582546442747,0.6833198070526123,0,0.00013879794421640682,True,5.507006426341832e-05
7145,-0.001431141747161746,0.04665276035666466,0.027790822088718414,0.9996422529220581,1.0116610527038574,1.0069470405578613,0.0023414031602442265,0.6985616087913513,0,0.0001318675166894935,True,5.484271969180554e-05
7150,-0.0014168465277180076,0.04596487432718277,0.02777959033846855,0.9996457695960999,1.0114891529083252,1.0069442987442017,0.0023441610392183065,0.6931840777397156,0,0.00014090008272786306,True,5.4894779168535024e-05
7155,-0.0014665580820292234,0.04542379081249237,0.027724284678697586,0.9996333122253418,1.0113539695739746,1.0069304704666138,0.0023297900334000587,0.6954634189605713,0,0.00011950071461133616,True,5.5022755987010896e-05
7160,-0.001706911949440837,0.04493941739201546,0.02762001007795334,0.9995732307434082,1.0112329721450806,1.0069043636322021,0.0023151852656155825,0.691344141960144,0,0.00012176393777186253,True,5.532237628358416e-05
7165,-0.001675064442679286,0.044839583337306976,0.02762415260076523,0.9995812177658081,1.0112080574035645,1.0069055557250977,0.0022969290148466825,0.6932739019393921,0,0.0001557396815098213,True,5.522500578081235e-05
7170,-0.0010752882808446884,0.044538408517837524,0.02773885801434517,0.999731183052063,1.0111327171325684,1.0069341659545898,0.0022746259346604347,0.69222491979599,0,0.00015824839265719402,True,5.4722589993616566e-05
7175,-0.0009971841936931014,0.044401176273822784,0.027817372232675552,0.9997507333755493,1.0110983848571777,1.0069537162780762,0.0022859314922243357,0.6935514211654663,0,0.00013024763432876744,True,5.4498479585163295e-05
7180,-0.0014381406363099813,0.04431990161538124,0.02784082293510437,0.9996404647827148,1.011078119277954,1.0069596767425537,0.0023036408238112926,0.6926999092102051,0,0.00013153819528507194,True,5.449671880342066e-05
7185,-0.00180050206836313,0.043840955942869186,0.027836274355649948,0.9995498657226562,1.0109584331512451,1.0069584846496582,0.0023227189667522907,0.6908384561538696,0,0.00012730797052976154,True,5.459912063088268e-05
7190,-0.0015112009132280946,0.04389098286628723,0.02781081199645996,0.9996222257614136,1.010970950126648,1.006952166557312,0.0023230714723467827,0.6987313032150269,0,0.00012729647538940232,True,5.4689644457539544e-05
7195,-0.0011269343085587025,0.04432903975248337,0.0277923084795475,0.999718189239502,1.0110805034637451,1.0069475173950195,0.0023121312260627747,0.6871339678764343,0,0.00013275829902311504,True,5.470414907904342e-05
7200,-0.0010940347565338016,0.04408155754208565,0.02777678333222866,0.999726414680481,1.0110185146331787,1.0069435834884644,0.0022918162867426872,0.6880634427070618,0,0.0001370264047386114,True,5.4667063523083925e-05
7205,-0.0013708213809877634,0.044784221798181534,0.027723923325538635,0.9996572732925415,1.0111942291259766,1.0069303512573242,0.0022844274062663317,0.6861785650253296,0,0.00015743975506684612,True,5.48192037967965e-05
7210,-0.0009422509465366602,0.04532692953944206,0.0276802945882082,0.9997644424438477,1.0113297700881958,1.006919503211975,0.0022767139598727226,0.6926677227020264,0,0.00013080765973937723,True,5.4937521781539544e-05
7215,-0.0008343668887391686,0.045528605580329895,0.027699854224920273,0.9997913837432861,1.0113801956176758,1.0069243907928467,0.0022918491158634424,0.6903442740440369,0,0.00011430078643403072,True,5.493654316524044e-05
7220,-0.0006398070836439729,0.04538935422897339,0.02781759575009346,0.9998400807380676,1.011345386505127,1.0069538354873657,0.002289065159857273,0.7046870589256287,0,0.00015566451298182961,True,5.451161996461451e-05
7225,-0.0007221304695121944,0.04496657848358154,0.02788611315190792,0.9998194575309753,1.011239767074585,1.0069708824157715,0.002290066797286272,0.6903390884399414,0,0.00013950981309955512,True,5.427699943538755e-05
7230,-0.001173274009488523,0.044774170964956284,0.027860134840011597,0.9997066855430603,1.0111916065216064,1.0069644451141357,0.002288634655997157,0.6969094276428223,0,0.00013969712048825532,True,5.436155333882198e-05
7235,-0.0018053576350212097,0.044693272560834885,0.02786479890346527,0.9995486736297607,1.0111714601516724,1.0069656372070312,0.002285786671563983,0.6940690279006958,0,0.00012744281260546853,True,5.433286423794925e-05
7240,-0.002180441515520215,0.04473719373345375,0.027927830815315247,0.9994548559188843,1.011182427406311,1.006981372833252,0.0023058089427649975,0.6842488050460815,0,0.00013257829459805616,True,5.4203766922000796e-05
7245,-0.0018722648965194821,0.045048538595438004,0.027973759919404984,0.9995319843292236,1.0112602710723877,1.0069928169250488,0.002310489071533084,0.6987617015838623,0,0.0001269411617027192,True,5.4065068979980424e-05
7250,-0.0015224465169012547,0.045397404581308365,0.027927782386541367,0.9996194243431091,1.0113474130630493,1.006981372833252,0.0023151047062128782,0.6874603033065796,0,0.00015603183408418648,True,5.4245821957010776e-05
7255,-0.0012497938005253673,0.045001715421676636,0.027865801006555557,0.9996875524520874,1.0112485885620117,1.0069658756256104,0.002300202613696456,0.6927490234375,0,0.00012044326687395196,True,5.4394353355746716e-05
7260,-0.0007678577094338834,0.044669464230537415,0.02780739963054657,0.9998080134391785,1.0111654996871948,1.0069513320922852,0.0022797049023211002,0.6842678785324097,0,0.0001355245309804274,True,5.4505933803739026e-05
7265,-0.0005763036897405982,0.04434411600232124,0.02777963876724243,0.9998558759689331,1.0110841989517212,1.0069442987442017,0.00227780151180923,0.6926205158233643,0,0.00012604472886131854,True,5.459468229673803e-05
7270,-0.0007110197329893708,0.04450865834951401,0.027754362672567368,0.9998222589492798,1.0111253261566162,1.0069379806518555,0.0022715546656399965,0.6864848136901855,0,0.00014001306312075358,True,5.465521462610923e-05
7275,-0.0011396672343835235,0.044081345200538635,0.0277678444981575,0.9997150897979736,1.0110185146331787,1.006941318511963,0.0022902386263012886,0.6831643581390381,0,0.00013189794623993673,True,5.469181633088738e-05
7280,-0.001865003490820527,0.04389730468392372,0.027758508920669556,0.9995337724685669,1.010972499847412,1.0069390535354614,0.002305216621607542,0.6911858916282654,0,0.0001466123955861232,True,5.479239916894585e-05
7285,-0.002636258490383625,0.04373251646757126,0.0276758074760437,0.9993408918380737,1.010931372642517,1.0069184303283691,0.002318856306374073,0.6918187737464905,0,0.00014300444244818024,True,5.5144220823422074e-05
7290,-0.0033499274868518114,0.04376862570643425,0.027623727917671204,0.9991625547409058,1.0109403133392334,1.0069053173065186,0.002335948869585991,0.6979590654373169,0,0.0001421034183089957,True,5.5405507737305015e-05
7295,-0.004252821672707796,0.043942488729953766,0.027591463178396225,0.9989367723464966,1.0109838247299194,1.0068973302841187,0.0023519895039498806,0.6926053166389465,0,0.00015166434187459821,True,5.5592856369912624e-05
7300,-0.0038149445317685604,0.04387849569320679,0.027607206255197525,0.9990462064743042,1.0109678506851196,1.0069012641906738,0.002347312867641449,0.6925696730613708,0,0.00013496786205449528,True,5.551560388994403e-05
7305,-0.004098658915609121,0.04370724782347679,0.027613118290901184,0.998975396156311,1.010925054550171,1.0069026947021484,0.0023360939230769873,0.6931689381599426,0,0.00013173717179512185,True,5.544321538764052e-05
7310,-0.0036264716181904078,0.04395683854818344,0.027644965797662735,0.9990934133529663,1.0109875202178955,1.0069106817245483,0.002321631647646427,0.6886652708053589,0,0.00013677642881187394,True,5.526516179088503e-05
7315,-0.0037751500494778156,0.044037867337465286,0.027734309434890747,0.9990562200546265,1.0110076665878296,1.0069329738616943,0.0023225510958582163,0.6938670873641968,0,0.00012769799026037806,True,5.495609366334975e-05
7320,-0.0034762138966470957,0.04440786689519882,0.027813071385025978,0.9991309642791748,1.011100172996521,1.0069526433944702,0.0023226772900670767,0.6936140060424805,0,0.00013829403839914976,True,5.468085873872042e-05
7325,-0.003717188024893403,0.044243305921554565,0.027912136167287827,0.9990707039833069,1.011059045791626,1.0069774389266968,0.0023225790355354548,0.6907551288604736,0,0.0001312401175165667,True,5.433515980257653e-05
7330,-0.004062074236571789,0.04497361555695534,0.02793169766664505,0.9989844560623169,1.0112414360046387,1.0069823265075684,0.0023231718223541975,0.6917898654937744,0,0.00015469418761109618,True,5.4270014516077936e-05
7335,-0.004134275019168854,0.04458826035261154,0.02795283868908882,0.9989664554595947,1.0111452341079712,1.0069875717163086,0.0023270584642887115,0.6908122301101685,0,0.00015553482241624874,True,5.4214375268202275e-05
7340,-0.004259504843503237,0.043784674257040024,0.027920281514525414,0.9989351034164429,1.0109443664550781,1.0069794654846191,0.002321921056136489,0.6856991052627563,0,0.000128603485821883,True,5.430442979559302e-05
7345,-0.003925386816263199,0.0437440499663353,0.02794978767633438,0.999018669128418,1.0109343528747559,1.0069868564605713,0.0022980361245572567,0.6912481784820557,0,0.00013060895305436686,True,5.409381992649287e-05
7350,-0.0034030559472739697,0.04468615725636482,0.027998048812150955,0.9991492033004761,1.011169672012329,1.0069990158081055,0.0022934137377887964,0.6861498951911926,0,0.0001541645554085879,True,5.390530714066699e-05
7355,-0.0026879000943154097,0.04509852081537247,0.02799168787896633,0.9993280172348022,1.011272668838501,1.0069973468780518,0.0022832024842500687,0.6931592226028442,0,0.0001456900640399802,True,5.388079443946481e-05
7360,-0.0025810173247009516,0.04480212181806564,0.02800222486257553,0.9993547201156616,1.01119863986969,1.0069999694824219,0.00229738955385983,0.6872925758361816,0,0.00015425961673310633,True,5.390766455093399e-05
7365,-0.002362824510782957,0.04460262507200241,0.028004717081785202,0.9994093179702759,1.0111488103866577,1.0070005655288696,0.0022913054563105106,0.6935161352157593,0,0.0001266274256064033,True,5.387144847190939e-05
7370,-0.0017874828772619367,0.04427354782819748,0.02800753340125084,0.9995530843734741,1.0110665559768677,1.007001280784607,0.0022899180185049772,0.6901625394821167,0,0.00012733753604090575,True,5.3855317673878744e-05
7375,-0.001985763432458043,0.0442475825548172,0.028029073029756546,0.999503493309021,1.0110599994659424,1.0070066452026367,0.002286718226969242,0.6992429494857788,0,0.0001514219210290408,True,5.376608169171959e-05
7380,-0.0023579576518386602,0.04412669315934181,0.028049202635884285,0.9994105100631714,1.0110299587249756,1.0070116519927979,0.0022919520270079374,0.7020822167396545,0,0.00014753282991638537,True,5.3719930292572826e-05
7385,-0.0021315368358045816,0.04391035810112953,0.027965500950813293,0.999467134475708,1.0109758377075195,1.0069907903671265,0.002271510660648346,0.6927160024642944,0,0.00012841046848172815,True,5.3919175115879625e-05
7390,-0.0022075939923524857,0.04349787160754204,0.027922116219997406,0.9994480609893799,1.010872721672058,1.0069799423217773,0.002251456491649151,0.7005044221878052,0,0.0001174261996723723,True,5.398188659455627e-05
7395,-0.001856887829490006,0.043221358209848404,0.0279119610786438,0.9995357394218445,1.0108036994934082,1.0069774389266968,0.0022620807867497206,0.6919264793395996,0,0.00014352439347985283,True,5.406395939644426e-05
7400,-0.0015937848947942257,0.04313567653298378,0.027861768379807472,0.9996016025543213,1.010782241821289,1.006964921951294,0.002259941538795829,0.6922075748443604,0,0.00012711947335966757,True,5.4229334637057036e-05
7405,-0.0013091668952256441,0.043581847101449966,0.027780132368206978,0.9996727705001831,1.0108938217163086,1.0069444179534912,0.002259167842566967,0.6951526999473572,0,0.00013635605167049047,True,5.451065590023063e-05
7410,-0.0016729992348700762,0.043844934552907944,0.027746878564357758,0.9995817542076111,1.010959506034851,1.0069360733032227,0.002277742838487029,0.693678617477417,0,0.00011741388638043728,True,5.470946052810177e-05
7415,-0.0012487763306125998,0.04412132501602173,0.027710696682333946,0.9996877908706665,1.011028528213501,1.0069271326065063,0.002280604559928179,0.6865622997283936,0,0.00015537705862418637,True,5.48485986655578e-05
7420,-0.0011715216096490622,0.0447329580783844,0.027738332748413086,0.9997071623802185,1.011181354522705,1.0069340467453003,0.002282035304233432,0.687256932258606,0,0.00012398268743948903,True,5.47576455574017e-05
7425,-0.001078085508197546,0.04481029510498047,0.027813469991087914,0.9997304677963257,1.0112006664276123,1.0069527626037598,0.002279127947986126,0.6886427402496338,0,0.00012942749585267732,True,5.4481592087540776e-05
7430,-0.0013819162268191576,0.04448885843157768,0.02788332849740982,0.9996545314788818,1.011120319366455,1.0069701671600342,0.0022834008559584618,0.6804611682891846,0,0.0001340444184715261,True,5.4257157898973674e-05
7435,-0.0017988556064665318,0.04438215121626854,0.02792048081755638,0.9995502829551697,1.0110937356948853,1.0069795846939087,0.0022771276999264956,0.7012015581130981,0,0.0001430406572802264,True,5.4100019042380154e-05
7440,-0.001540208701044321,0.04428165405988693,0.02787094935774803,0.999614953994751,1.01106858253479,1.0069670677185059,0.0022593887988477945,0.6895594596862793,0,0.00012664576482347974,True,5.4193584219319746e-05
7445,-0.0013886317610740662,0.04417017847299576,0.027858853340148926,0.9996528625488281,1.0110406875610352,1.0069642066955566,0.0022586151026189327,0.6843631267547607,0,0.0001371626862689137,True,5.4232074035098776e-05
7450,-0.001338612288236618,0.04430532455444336,0.02789885178208351,0.999665379524231,1.0110745429992676,1.0069739818572998,0.002259247936308384,0.6806654930114746,0,0.0001297042532871584,True,5.4095577070256695e-05
7455,-0.0019462185446172953,0.04421471804380417,0.027895204722881317,0.9995134472846985,1.011051893234253,1.0069732666015625,0.0022545962128788233,0.6877828240394592,0,0.00012634284738848156,True,5.408837751019746e-05
7460,-0.0021270825527608395,0.04401101917028427,0.027873247861862183,0.999468207359314,1.0110009908676147,1.0069677829742432,0.0022552222944796085,0.6815396547317505,0,0.0001354112979005206,True,5.416753265308216e-05
7465,-0.0014195680851116776,0.04452449455857277,0.0278903990983963,0.9996451139450073,1.011129379272461,1.006972074508667,0.0022286614403128624,0.6939098238945007,0,0.00013019534806100273,True,5.3991003369446844e-05
7470,-0.001178701757453382,0.04469311982393265,0.027928126975893974,0.9997053742408752,1.0111713409423828,1.006981372833252,0.0022103225346654654,0.6833996772766113,0,0.00012077349179672143,True,5.3780087910126895e-05
7475,-0.0012751943431794643,0.04420670121908188,0.02803986519575119,0.9996812343597412,1.0110498666763306,1.0070092678070068,0.00222036917693913,0.6950598955154419,0,0.00013225903318481608,True,5.343606244423427e-05
7480,-0.0014138412661850452,0.04387122392654419,0.028046386316418648,0.9996465444564819,1.0109660625457764,1.0070109367370605,0.002222618320956826,0.6944713592529297,0,0.00011299581753712971,True,5.3423354984261096e-05
7485,-0.0014830233994871378,0.044030752032995224,0.02802974358201027,0.9996292591094971,1.0110058784484863,1.0070068836212158,0.0022397737484425306,0.6841118335723877,0,0.00013441732043090057,True,5.355569737730548e-05
7490,-0.0017379231285303831,0.04401681572198868,0.027988946065306664,0.9995654821395874,1.0110024213790894,1.0069966316223145,0.0022372715175151825,0.6863609552383423,0,0.00013466474387436564,True,5.3686308092437685e-05
7495,-0.0021180349867790937,0.0439150333404541,0.027968255802989006,0.9994704723358154,1.010977029800415,1.0069913864135742,0.0022336130496114492,0.6854919195175171,0,0.0001252236399974073,True,5.374279135139659e-05
7500,-0.0021479157730937004,0.043975718319416046,0.027972549200057983,0.9994630813598633,1.010992169380188,1.0069925785064697,0.002243422670289874,0.6953278183937073,0,0.00012537203988946882,True,5.3770618251292035e-05
7505,-0.0018327080179005861,0.04362383112311363,0.027908463031053543,0.9995418190956116,1.010904312133789,1.0069764852523804,0.002241662237793207,0.6946935653686523,0,0.00016579662783405892,True,5.398580833571032e-05
7510,-0.0024049063213169575,0.04360019043087959,0.027822133153676987,0.9993987679481506,1.0108983516693115,1.0069549083709717,0.0022597031202167273,0.687390148639679,0,0.000135990195369496,True,5.4366286349250004e-05
7515,-0.002500933827832341,0.04377635568380356,0.027804454788565636,0.9993748068809509,1.0109423398971558,1.0069506168365479,0.0022703746799379587,0.6889874935150146,0,0.00012122273020140035,True,5.447550938697532e-05
7520,-0.0018024902092292905,0.04389479383826256,0.027813315391540527,0.999549388885498,1.010972023010254,1.0069527626037598,0.0022825065534561872,0.6903923749923706,0,0.0001311256374646202,True,5.449843592941761e-05
7525,-0.0018501676386222243,0.04431114345788956,0.027816390618681908,0.9995374083518982,1.0110759735107422,1.006953477859497,0.0022933445870876312,0.7010366320610046,0,0.00012824594397444308,True,5.453638004837558e-05
7530,-0.002129671163856983,0.04472207650542259,0.02781578153371811,0.9994676113128662,1.0111786127090454,1.0069533586502075,0.0023021630477160215,0.6954033374786377,0,0.00013089778425272943,True,5.457823135657236e-05
7535,-0.0026080806273967028,0.04477931559085846,0.02781137079000473,0.9993479251861572,1.011193037033081,1.0069522857666016,0.002303904155269265,0.6957264542579651,0,0.0001276041285280918,True,5.4601729061687365e-05
7540,-0.002436182228848338,0.04491139203310013,0.027823861688375473,0.9993909597396851,1.011225938796997,1.0069553852081299,0.0022911131381988525,0.6936395168304443,0,0.0001253278501223955,True,5.4500280384672806e-05
7545,-0.002709413645789027,0.04516442492604256,0.02779395505785942,0.9993226528167725,1.011289119720459,1.0069478750228882,0.0022910370025783777,0.6904584169387817,0,0.00013389373838717654,True,5.460442116600461e-05
7550,-0.002605183981359005,0.04524235427379608,0.02776544913649559,0.9993487596511841,1.0113086700439453,1.0069408416748047,0.0022872115951031446,0.6858304738998413,0,0.00012442861355549547,True,5.468670860864222e-05
7555,-0.0022754014935344458,0.04524373263120651,0.027757704257965088,0.9994311928749084,1.0113089084625244,1.0069389343261719,0.0022806350607424974,0.7004720568656921,0,0.0001503087724993208,True,5.468415474751964e-05
7560,-0.0019313811790198088,0.04496493190526962,0.02777092345058918,0.9995172023773193,1.0112392902374268,1.0069421529769897,0.0022774389944970608,0.6963309049606323,0,0.00013353025003154804,True,5.462371336761862e-05
7565,-0.0020302478224039078,0.045027729123830795,0.027775466442108154,0.9994924068450928,1.0112550258636475,1.0069432258605957,0.0022725877352058887,0.6929149627685547,0,0.00013024395503507394,True,5.458640225697309e-05
7570,-0.002219367539510131,0.044862013310194016,0.027727890759706497,0.9994451999664307,1.0112135410308838,1.0069314241409302,0.002271330449730158,0.6887491345405579,0,0.0001172332100492145,True,5.4747248213971034e-05
7575,-0.0023673265241086483,0.04428599774837494,0.02771824598312378,0.9994081854820251,1.0110697746276855,1.0069290399551392,0.0022646673023700714,0.6961904764175415,0,0.0001374862314833422,True,5.4751850257162005e-05
7580,-0.001858134288340807,0.04388418048620224,0.027726415544748306,0.9995354413986206,1.0109692811965942,1.0069310665130615,0.002253166167065501,0.6969265937805176,0,0.00015217527087937313,True,5.4671967518515885e-05
7585,-0.0016253740759566426,0.043667908757925034,0.027707839384675026,0.9995936155319214,1.0109152793884277,1.0069262981414795,0.002251350786536932,0.6847723722457886,0,0.00012110685705606005,True,5.4729021940147504e-05
7590,-0.0014415623154491186,0.043847501277923584,0.027693897485733032,0.999639630317688,1.0109601020812988,1.006922960281372,0.0022548832930624485,0.6907300353050232,0,0.00016284419685073752,True,5.4793181334389374e-05
7595,-0.001376601867377758,0.04346382990479469,0.027678988873958588,0.9996558427810669,1.0108642578125,1.0069191455841064,0.002265168586745858,0.6919444799423218,0,0.00015532099874999378,True,5.489079194376245e-05
7600,-0.001074494211934507,0.04365452751517296,0.027636151760816574,0.9997314214706421,1.0109119415283203,1.0069084167480469,0.002260618843138218,0.6729745864868164,0,0.00014275131512051756,True,5.502087151398882e-05
7605,-0.0006399835692718625,0.04365648329257965,0.027657028287649155,0.9998399615287781,1.0109124183654785,1.006913661956787,0.002266569994390011,0.6951107978820801,0,0.00013540742955771854,True,5.4973683290882036e-05
7610,-0.0008909780299291015,0.0438128262758255,0.02772405743598938,0.9997773170471191,1.0109515190124512,1.0069304704666138,0.0022815025877207518,0.6916825175285339,0,0.00016017727901017386,True,5.4804950195830315e-05
7615,-0.0015931915258988738,0.04395632818341255,0.027746018022298813,0.9996017217636108,1.0109872817993164,1.006935954093933,0.002297499915584922,0.6880278587341309,0,0.0001494236028322922,True,5.479993706103414e-05
7620,-0.0013615901116281748,0.044055454432964325,0.027687108144164085,0.9996595978736877,1.011012077331543,1.0069212913513184,0.0023010901641100645,0.7043383717536926,0,0.0001303714449653765,True,5.502298881765455e-05
7625,-0.0014669998781755567,0.04408157989382744,0.027671940624713898,0.9996331930160522,1.0110185146331787,1.0069173574447632,0.0023150104098021984,0.6916384696960449,0,0.00010321867984174249,True,5.513922224054113e-05
7630,-0.0014163990272209048,0.043872106820344925,0.027664098888635635,0.9996458888053894,1.0109663009643555,1.0069154500961304,0.0023223005700856447,0.6949855089187622,0,0.00013779011050255719,True,5.520016929949634e-05
7635,-0.0013441781047731638,0.0430171899497509,0.0276492927223444,0.9996639490127563,1.0107526779174805,1.0069117546081543,0.002325258683413267,0.6948490142822266,0,0.00012947959206029266,True,5.526582754100673e-05
7640,-0.0011952003696933389,0.0428997278213501,0.027656447142362595,0.999701201915741,1.0107232332229614,1.0069135427474976,0.0023081316612660885,0.697883665561676,0,0.00014166347329951724,True,5.51628036191687e-05
7645,-0.0013971686130389571,0.042971767485141754,0.02762918919324875,0.9996507167816162,1.0107412338256836,1.0069067478179932,0.0023285949137061834,0.6970618367195129,0,0.00014969072068327912,True,5.5351632909150794e-05
7650,-0.0014820370124652982,0.04344141483306885,0.027614977210760117,0.9996294975280762,1.0108586549758911,1.0069031715393066,0.002337590092793107,0.6893560886383057,0,0.00015544068854812852,True,5.544252780964598e-05
7655,-0.0015860082348808646,0.043811824172735214,0.027623161673545837,0.9996035099029541,1.010951280593872,1.006905198097229,0.0023300747852772474,0.6968666911125183,0,0.0001484888742568194,True,5.537919787457213e-05
7660,-0.0016515160677954555,0.044016290456056595,0.027624376118183136,0.9995871782302856,1.0110023021697998,1.0069055557250977,0.0023268647491931915,0.6973552703857422,0,0.00012719716676549056,True,5.5360189435305074e-05
7665,-0.0016448686365038157,0.04414302855730057,0.027643520385026932,0.9995887279510498,1.0110340118408203,1.0069103240966797,0.0023197138216346502,0.6876605153083801,0,0.00012034986809745596,True,5.526038876269013e-05
7670,-0.0019195328932255507,0.04398500546813011,0.027656786143779755,0.9995200634002686,1.0109944343566895,1.006913661956787,0.0023179661948233843,0.6857320070266724,0,0.00012376301106395055,True,5.520605918718502e-05
7675,-0.0017643520841374993,0.04404214024543762,0.027649419382214546,0.9995589256286621,1.0110087394714355,1.0069117546081543,0.002311320509761572,0.6976526975631714,0,0.00013606765418479577,True,5.5201850045705214e-05
7680,-0.0013346929335966706,0.0439545176923275,0.027669278904795647,0.9996663331985474,1.0109868049621582,1.0069167613983154,0.0023077663499861956,0.6878037452697754,0,0.00012477063144202468,True,5.5115924624260515e-05
7685,-0.0006117800949141383,0.04415612295269966,0.02766023948788643,0.9998471140861511,1.0110372304916382,1.006914496421814,0.0022960309870541096,0.6880246996879578,0,0.00013138038516122085,True,5.509386392077431e-05
7690,-0.00042237003799527884,0.043903350830078125,0.02764401026070118,0.999894380569458,1.0109740495681763,1.0069103240966797,0.002297880593687296,0.6889753341674805,0,0.00010952786976389349,True,5.515907469089143e-05
7695,-0.0006551824044436216,0.04398537799715996,0.027642302215099335,0.9998362064361572,1.010994553565979,1.0069100856781006,0.0023050419986248016,0.6992271542549133,0,0.00013000575980273263,True,5.519755359273404e-05
7700,-0.00041260896250605583,0.04392079636454582,0.027649082243442535,0.9998968839645386,1.0109784603118896,1.0069116353988647,0.0022859894670546055,0.6991621851921082,0,0.00013936687993017701,True,5.508805770659819e-05
7705,-0.00016900573973543942,0.04419480264186859,0.02763911709189415,0.9999577403068542,1.0110468864440918,1.0069091320037842,0.0022807081695646048,0.701575517654419,0,0.00014402741407291083,True,5.509911716217175e-05
7710,-0.00018995767459273338,0.04396447539329529,0.027643848210573196,0.9999525547027588,1.0109894275665283,1.0069104433059692,0.002291072392836213,0.6909894347190857,0,0.00013481635388874142,True,5.5129134125309065e-05
7715,0.00022445106878876686,0.04448665305972099,0.027666879817843437,1.0000561475753784,1.0111198425292969,1.0069160461425781,0.0023117046803236008,0.6923986077308655,0,0.00015126698068636523,True,5.514085205504671e-05
7720,0.0008300468325614929,0.04503226280212402,0.027707532048225403,1.0002074241638184,1.011256217956543,1.0069262981414795,0.002325633307918906,0.6987825036048889,0,0.00014913536883490001,True,5.506056186277419e-05
7725,0.0009448589407838881,0.04516167193651199,0.027734290808439255,1.0002362728118896,1.0112884044647217,1.0069329738616943,0.002330291550606489,0.6922588348388672,0,0.00014689687980776715,True,5.4987958719721064e-05
7730,0.0011504464782774448,0.04509105533361435,0.027733713388442993,1.0002875328063965,1.0112708806991577,1.0069328546524048,0.0023271639365702868,0.6874583959579468,0,0.0001453276348864567,True,5.497599340742454e-05
7735,0.0010964378016069531,0.04502376914024353,0.02768503502011299,1.0002741813659668,1.011254072189331,1.0069206953048706,0.002323199063539505,0.6941251754760742,0,0.00013839079489401214,True,5.512856296263635e-05
7740,0.0007741791778244078,0.04510892927646637,0.027629397809505463,1.0001935958862305,1.011275291442871,1.0069067478179932,0.00231803092174232,0.6944358944892883,0,0.000129505423818707,True,5.53010031580925e-05
7745,0.0006815647939220071,0.044969167560338974,0.027566108852624893,1.0001704692840576,1.0112403631210327,1.006890892982483,0.002311551943421364,0.6869280338287354,0,0.00011960931576496651,True,5.549453271669336e-05
7750,0.00032424720120616257,0.04474470019340515,0.02755868434906006,1.0000810623168945,1.0111842155456543,1.0068891048431396,0.002323487540706992,0.6901298761367798,0,0.0001290296456510675,True,5.55754013475962e-05
7755,0.00015919005090836436,0.04490717872977257,0.02755858190357685,1.00003981590271,1.0112249851226807,1.0068891048431396,0.002329375594854355,0.6934905648231506,0,0.00014318214313273545,True,5.560267891269177e-05
7760,6.298434891505167e-05,0.04511251673102379,0.02752399630844593,1.0000157356262207,1.0112762451171875,1.0068804025650024,0.0023310191463679075,0.6850167512893677,0,0.00012464926787874117,True,5.573203816311434e-05
7765,0.0001642106071813032,0.04523014649748802,0.02750372514128685,1.0000410079956055,1.011305570602417,1.0068752765655518,0.0023236095439642668,0.6980229616165161,0,0.0001488746439242599,True,5.5769643950043246e-05
7770,0.00011500517575768754,0.04529111832380295,0.02744714729487896,1.0000287294387817,1.0113208293914795,1.0068612098693848,0.0023132378701120615,0.6953318119049072,0,0.00013404127705628956,True,5.5922806495800614e-05
7775,1.8492082745069638e-05,0.04497336223721504,0.02744157239794731,1.0000046491622925,1.0112414360046387,1.0068597793579102,0.0023045686539262533,0.7017072439193726,0,0.00015175004002576358,True,5.590348882833496e-05
7780,0.00020393887825775892,0.044914476573467255,0.02743728831410408,1.0000510215759277,1.0112266540527344,1.0068588256835938,0.002310896059498191,0.6988699436187744,0,0.00014686381920703804,True,5.594706817646511e-05
7785,0.0003912315587513149,0.04457617923617363,0.02744305320084095,1.0000977516174316,1.0111422538757324,1.0068602561950684,0.002302354434505105,0.687549889087677,0,0.0001257132107603099,True,5.588776548393071e-05
7790,0.0007416988373734057,0.04450236260890961,0.027437206357717514,1.000185489654541,1.011123776435852,1.0068587064743042,0.0023014736361801624,0.6964336633682251,0,0.00014704978915777914,True,5.590452201431617e-05
7795,0.0007099435315467417,0.0443246029317379,0.027436232194304466,1.0001775026321411,1.0110793113708496,1.0068585872650146,0.0023140611592680216,0.6959606409072876,0,0.00011491673619057256,True,5.596483242698014e-05
7800,0.0005821796366944909,0.044327445328235626,0.027420399710536003,1.0001455545425415,1.011080026626587,1.00685453414917,0.0023159836418926716,0.6808984875679016,0,0.00013038268565066945,True,5.602961391559802e-05
7805,0.0006909884978085756,0.04449160024523735,0.027429230511188507,1.000172734260559,1.0111210346221924,1.0068566799163818,0.0023087214212864637,0.7018818855285645,0,0.00013822788278165874,True,5.5964985222090036e-05
7810,0.0003760959370993078,0.044608671218156815,0.027432013303041458,1.000093936920166,1.0111503601074219,1.0068573951721191,0.0023071791511029005,0.6991917490959167,0,0.0001447201014041777,True,5.594817776000127e-05
7815,0.0005249431123957038,0.044509124010801315,0.02745233103632927,1.0001312494277954,1.0111254453659058,1.0068625211715698,0.002299906685948372,0.6958337426185608,0,0.00014079643250289325,True,5.5843374866526574e-05
7820,0.0007874309085309505,0.04410150274634361,0.02744833379983902,1.000196933746338,1.0110236406326294,1.0068614482879639,0.002289547584950924,0.6890738010406494,0,0.00013925505385262152,True,5.581117875408381e-05
7825,0.00046431197552010417,0.04386146739125252,0.02743356302380562,1.0001161098480225,1.0109636783599854,1.0068578720092773,0.0022819864097982645,0.7054661512374878,0,0.00014961306581296054,True,5.582979792961851e-05
7830,0.0002774014719761908,0.04410700500011444,0.027437230572104454,1.0000693798065186,1.0110249519348145,1.0068588256835938,0.002279276493936777,0.6885231733322144,0,0.00011425072801397212,True,5.580465222010389e-05
7835,0.0003279757220298052,0.044396597892045975,0.027486469596624374,1.000082015991211,1.0110974311828613,1.0068711042404175,0.0022879368625581264,0.6924288272857666,0,0.00014923530428800783,True,5.566923209698871e-05
7840,0.00022753745724912733,0.044846560806035995,0.02751506306231022,1.0000568628311157,1.0112097263336182,1.006878137588501,0.002296533901244402,0.6850390434265137,0,0.00014483346553732608,True,5.560705903917551e-05
7845,0.0009799064137041569,0.044750332832336426,0.027506738901138306,1.0002449750900269,1.011185646057129,1.0068761110305786,0.002283824607729912,0.6934420466423035,0,0.00015749083066665762,True,5.55789920326788e-05
7850,0.0008685571956448257,0.044633522629737854,0.027474969625473022,1.0002171993255615,1.0111565589904785,1.0068681240081787,0.0022848467342555523,0.6944650411605835,0,0.00013415900082980662,True,5.569596396526322e-05
7855,0.0005491347401402891,0.044533103704452515,0.02745029516518116,1.0001373291015625,1.0111314058303833,1.006861925125122,0.002288324059918523,0.6872873306274414,0,0.00012925684278661777,True,5.5798816902097315e-05
7860,0.0007850166875869036,0.044887032359838486,0.027476757764816284,1.0001962184906006,1.01121985912323,1.006868600845337,0.0022812422830611467,0.6963288187980652,0,0.00013746085471529523,True,5.567377229453996e-05
7865,0.000792585895396769,0.0448748916387558,0.02749466523528099,1.0001981258392334,1.0112168788909912,1.0068731307983398,0.002277360763400793,0.6812539100646973,0,0.00014462449012274273,True,5.5593056458747014e-05
7870,0.0006627806578762829,0.04480935260653496,0.0275181382894516,1.0001657009124756,1.0112004280090332,1.0068788528442383,0.0022864595521241426,0.6828192472457886,0,0.00013342409663645103,True,5.55507285753265e-05
7875,0.0007072953158058226,0.04493894428014755,0.027512509375810623,1.0001769065856934,1.011232852935791,1.0068775415420532,0.002290598349645734,0.6850520968437195,0,0.0001291470858149904,True,5.558913471759297e-05
7880,0.000913809344638139,0.044986624270677567,0.027501465752720833,1.0002284049987793,1.011244773864746,1.0068747997283936,0.0022868134547024965,0.6891217231750488,0,0.00012791486202468465,True,5.561117723118514e-05
7885,0.0009395669330842793,0.04511024057865143,0.02750455215573311,1.000234842300415,1.0112756490707397,1.0068755149841309,0.0022830271627753973,0.6890928745269775,0,0.00012929281550236107,True,5.558334305533208e-05
7890,0.0013156905770301819,0.044748321175575256,0.027508847415447235,1.0003290176391602,1.0111851692199707,1.0068767070770264,0.002266169060021639,0.7015622854232788,0,0.00012751936433670304,True,5.549284105654806e-05
7895,0.0012018780689686537,0.04471956565976143,0.027524344623088837,1.000300407409668,1.0111780166625977,1.006880521774292,0.0022696172818541527,0.6915965676307678,0,0.00013023056367466196,True,5.545367457671091e-05
7900,0.0011332748690620065,0.044709596782922745,0.027528684586286545,1.0002832412719727,1.011175513267517,1.0068817138671875,0.002276183571666479,0.6858291625976562,0,0.00012864541562101537,True,5.546769534703344e-05
7905,0.0011061951518058777,0.0445014126598835,0.02749542146921158,1.0002765655517578,1.0111234188079834,1.006873369216919,0.00227702921256423,0.7007153034210205,0,0.0001759181220612404,True,5.558882548939437e-05
7910,0.0009626852697692811,0.04450511187314987,0.02745508961379528,1.000240683555603,1.0111243724822998,1.0068631172180176,0.002278599888086319,0.6854159235954285,0,0.0001262966161238005,True,5.573840462602675e-05
7915,0.0007003806531429291,0.04439244046807289,0.027466705068945885,1.00017511844635,1.0110962390899658,1.006866216659546,0.0022889093961566687,0.6874874830245972,0,0.00013531448708760746,True,5.5743490520399064e-05
7920,0.0004203889984637499,0.04436241835355759,0.027466651052236557,1.0001051425933838,1.0110888481140137,1.0068660974502563,0.0022827032953500748,0.6887426972389221,0,0.0001575423786853229,True,5.571611109189689e-05
7925,0.0004083766252733767,0.04411448538303375,0.027465935796499252,1.0001020431518555,1.0110268592834473,1.0068659782409668,0.002270256169140339,0.6982125639915466,0,0.0001473264818210227,True,5.566321488004178e-05
7930,0.0004057582118548453,0.043944522738456726,0.027444537729024887,1.0001014471054077,1.0109844207763672,1.0068604946136475,0.002263889415189624,0.694599986076355,0,0.00013227889937406884,True,5.57106250198558e-05
7935,0.00036054581869393587,0.04395129904150963,0.027420323342084885,1.0000901222229004,1.010986089706421,1.00685453414917,0.0022679378744214773,0.6873379945755005,0,0.0001244061607912783,True,5.581454752245918e-05
7940,0.00040644314140081406,0.043868083506822586,0.02741457335650921,1.0001015663146973,1.010965347290039,1.0068531036376953,0.0022614679764956236,0.6920245289802551,0,0.00013747923133942147,True,5.5806107411626726e-05
7945,0.00029980915132910013,0.043953102082014084,0.027422484010457993,1.000074863433838,1.010986566543579,1.0068550109863281,0.002270788187161088,0.6873271465301514,0,0.00018022204221534213,True,5.581945879384875e-05
7950,0.0003661977534648031,0.04446087032556534,0.02744787558913231,1.000091552734375,1.0111134052276611,1.0068614482879639,0.002266964642331004,0.6863104104995728,0,0.00013128042573596732,True,5.571256042458117e-05
7955,0.0006934334523975849,0.04464023932814598,0.0274509284645319,1.0001733303070068,1.0111582279205322,1.0068621635437012,0.0022595238406211138,0.6912692785263062,0,0.00014120173265441815,True,5.566862819250673e-05
7960,0.0010524672688916326,0.044673338532447815,0.027478311210870743,1.0002630949020386,1.0111665725708008,1.0068690776824951,0.0022491069976240396,0.6948028802871704,0,0.00013880682827276968,True,5.5525619245599955e-05
7965,0.0011206363560631871,0.044542353600263596,0.027504371479153633,1.0002801418304443,1.0111336708068848,1.0068755149841309,0.002242355840280652,0.6958475112915039,0,0.00012741376379027627,True,5.540406709769741e-05
7970,0.0009671200532466173,0.044765979051589966,0.02747821807861328,1.000241756439209,1.011189579963684,1.0068690776824951,0.0022451020777225494,0.6943714618682861,0,0.00014498801300276092,True,5.5508480727439746e-05
7975,0.001185487024486065,0.04481677711009979,0.02746248058974743,1.0002963542938232,1.011202335357666,1.0068650245666504,0.0022439954336732626,0.7019314765930176,0,0.00010482066136355796,True,5.555922325584106e-05
7980,0.001355256186798215,0.04482582211494446,0.02744438126683235,1.0003387928009033,1.011204481124878,1.0068604946136475,0.002248961478471756,0.6927040815353394,0,0.00014778069493606358,True,5.564513412537053e-05
7985,0.00158869253937155,0.044705137610435486,0.027435146272182465,1.0003972053527832,1.0111744403839111,1.006858229637146,0.002242746064439416,0.7045508623123169,0,0.0001791167033290304,True,5.565035462495871e-05
7990,0.001959508517757058,0.044547226279973984,0.027429021894931793,1.0004899501800537,1.0111349821090698,1.0068566799163818,0.0022211603354662657,0.6946016550064087,0,0.0001488841459865602,True,5.557751137530431e-05
7995,0.002003178233280778,0.04429909959435463,0.027428504079580307,1.0005007982254028,1.0110728740692139,1.0068565607070923,0.0022173309698700905,0.6895784139633179,0,0.00013845120487269245,True,5.556280302698724e-05
8000,0.00171303388196975,0.04423946514725685,0.027438979595899582,1.0004281997680664,1.0110580921173096,1.0068591833114624,0.002227767603471875,0.6930635571479797,0,0.0001355848233148176,True,5.557133408728987e-05
8005,0.002003844128921628,0.043985456228256226,0.0274539515376091,1.0005009174346924,1.0109946727752686,1.0068628787994385,0.0022289056796580553,0.6875829100608826,0,0.00014804018261279077,True,5.5523218179587275e-05
8010,0.0021226112730801105,0.043932463973760605,0.02746569737792015,1.00053071975708,1.0109813213348389,1.0068658590316772,0.00223141023889184,0.6978280544281006,0,0.0001579727627282273,True,5.549236811930314e-05
8015,0.001758218859322369,0.04422498121857643,0.02744264528155327,1.0004395246505737,1.011054515838623,1.0068601369857788,0.002234590006992221,0.6920353174209595,0,0.00013004736887896415,True,5.558783595915884e-05
8020,0.0016731548821553588,0.04409639909863472,0.027416376397013664,1.0004183053970337,1.0110223293304443,1.0068535804748535,0.0022300502751022577,0.6869228482246399,0,0.00013834837517198403,True,5.5661228543613106e-05
8025,0.0015993680572137237,0.04413760453462601,0.02741769514977932,1.0003998279571533,1.0110325813293457,1.0068538188934326,0.002221861621364951,0.6933448314666748,0,0.00015500688971862236,True,5.562092337640934e-05
8030,0.0016099846689030528,0.044135838747024536,0.027421429753303528,1.0004024505615234,1.0110321044921875,1.006854772567749,0.002221229486167431,0.688463032245636,0,0.0001378359471263934,True,5.560498539125547e-05
8035,0.0016443153144791722,0.0441938154399395,0.027413245290517807,1.000411033630371,1.0110466480255127,1.0068528652191162,0.0022203410044312477,0.6979839205741882,0,0.0001397756033128659,True,5.56299855816178e-05
8040,0.001627184683457017,0.04390399158000946,0.027375411242246628,1.0004067420959473,1.0109741687774658,1.0068433284759521,0.002214662963524461,0.6968202590942383,0,0.00013302438684751003,True,5.573968883254565e-05
8045,0.001689051161520183,0.043886180967092514,0.02734043076634407,1.0004222393035889,1.0109697580337524,1.0068345069885254,0.0022147211711853743,0.6867818832397461,0,0.00012674180304275248,True,5.586407860391773e-05
8050,0.0014551852364093065,0.04382219538092613,0.027339916676282883,1.000363826751709,1.0109537839889526,1.0068343877792358,0.002230521524325013,0.6931656002998352,0,0.00010680549633179056,True,5.593466630671173e-05
8055,0.0010631083277985454,0.04396175593137741,0.027350783348083496,1.0002658367156982,1.010988712310791,1.0068371295928955,0.0022444643545895815,0.7032020092010498,0,0.00014154432798665662,True,5.5957156291697174e-05
8060,0.0008688192465342581,0.044183261692523956,0.027349676936864853,1.0002171993255615,1.0110440254211426,1.0068368911743164,0.0022495754528790712,0.6982134580612183,0,0.00014377616732054967,True,5.598361894953996e-05
8065,0.0006871313089504838,0.04416293278336525,0.02735036611557007,1.0001717805862427,1.0110390186309814,1.006837010383606,0.002248782431706786,0.6896899938583374,0,0.00013965346268927201,True,5.5978194723138586e-05
8070,0.0003019064897671342,0.04408875107765198,0.027353350073099136,1.0000754594802856,1.0110204219818115,1.0068378448486328,0.0022548497654497623,0.681537926197052,0,0.00011913411799160808,True,5.599419819191098e-05
8075,0.00019998459902126342,0.04447696730494499,0.027350010350346565,1.0000500679016113,1.0111174583435059,1.006837010383606,0.00224708067253232,0.6920357942581177,0,0.00014286060195932315,True,5.597188646788709e-05
8080,2.574318932602182e-05,0.04504355788230896,0.027341298758983612,1.0000064373016357,1.0112590789794922,1.0068347454071045,0.0022495933808386326,0.7010396718978882,0,0.0001437568352491347,True,5.601394877885468e-05
8085,-0.00037446647183969617,0.0454280823469162,0.027337709441781044,0.9999064207077026,1.0113550424575806,1.0068339109420776,0.0022542066872119904,0.6899603009223938,0,0.00012992517105445156,True,5.604697798844427e-05
8090,-0.00048381887609139085,0.04539657011628151,0.02733192965388298,0.999879002571106,1.0113472938537598,1.0068323612213135,0.0022501747589558363,0.6981645822525024,0,0.0001442490258735141,True,5.604993202723563e-05
8095,-0.0007099122740328312,0.04505603387951851,0.0273291002959013,0.9998225569725037,1.0112621784210205,1.0068317651748657,0.002252385951578617,0.6986175775527954,0,0.00014467305524282632,True,5.6069875427056104e-05
8100,-0.0008265312644653022,0.04472676292061806,0.027343956753611565,0.9997934103012085,1.011179804801941,1.0068354606628418,0.0022567352280020714,0.6917285919189453,0,0.0001318049461921857,True,5.603644603979774e-05
8105,-0.0007165040005929768,0.04452212154865265,0.027350110933184624,0.99982088804245,1.0111286640167236,1.006837010383606,0.0022581592202186584,0.6927428245544434,0,0.00011712482598791221,True,5.602076635113917e-05
8110,-0.0007122651441022754,0.04420209303498268,0.027368154376745224,0.9998219609260559,1.0110487937927246,1.0068414211273193,0.002252190839499235,0.6985218524932861,0,0.0001667600906569043,True,5.593046807916835e-05
8115,-0.0009755287319421768,0.043925683945417404,0.027357324957847595,0.9997560977935791,1.0109796524047852,1.0068387985229492,0.002244780771434307,0.687849760055542,0,0.00012284304226592156,True,5.593642345047556e-05
8120,-0.0008190482039935887,0.043984197080135345,0.027375806123018265,0.9997951984405518,1.0109943151474,1.0068433284759521,0.0022370689548552036,0.6969736218452454,0,0.00013587820632237382,True,5.583706661127508e-05
8125,-0.0007378613809123635,0.04385347664356232,0.02738858386874199,0.9998155236244202,1.0109615325927734,1.0068466663360596,0.0022307608742266893,0.6890726089477539,0,0.00015083140860800052,True,5.5763943237252533e-05
8130,-0.0006694396724924445,0.044185955077409744,0.0273874644190073,0.9998326897621155,1.0110447406768799,1.006846308708191,0.0022356139961630106,0.6936182975769043,0,0.0001309189080161308,True,5.5789034377085045e-05
8135,-0.0007578799850307405,0.0445241741836071,0.027381401509046555,0.999810516834259,1.0111291408538818,1.0068447589874268,0.002239844063296914,0.6921465396881104,0,0.00013490384572632281,True,5.582916855928488e-05
8140,-0.0009498022845946252,0.04448951780796051,0.02736542373895645,0.9997625350952148,1.0111205577850342,1.0068408250808716,0.002242079470306635,0.6867564916610718,0,0.00015176580093359602,True,5.5895485274959356e-05
8145,-0.0008687057415954769,0.04448602348566055,0.027338873594999313,0.9997828006744385,1.0111196041107178,1.0068341493606567,0.0022369816433638334,0.6960583925247192,0,0.00015907967995366535,True,5.59674299438484e-05
8150,-0.001044637174345553,0.04446881264448166,0.027312273159623146,0.9997388124465942,1.011115312576294,1.006827473640442,0.0022380081936717033,0.6902141571044922,0,0.00014449075572377324,True,5.6066710385493934e-05
8155,-0.0007364627090282738,0.04465522617101669,0.02731812372803688,0.9998158812522888,1.0111619234085083,1.0068289041519165,0.0022341718431562185,0.6903249025344849,0,0.00012572842640918961,True,5.6029246479738504e-05
8160,-0.0005193206015974283,0.04488763585686684,0.02734324149787426,0.9998701810836792,1.0112199783325195,1.0068352222442627,0.002228552708402276,0.692671537399292,0,0.0001377145385395852,True,5.591514127445407e-05
8165,-0.0006766601582057774,0.04494120553135872,0.027360375970602036,0.9998308420181274,1.0112333297729492,1.0068395137786865,0.0022392089013010263,0.6933887004852295,0,0.0001527885200140896,True,5.590100045083091e-05
8170,-0.0008081583073362708,0.045050788670778275,0.02740495651960373,0.9997979402542114,1.011260747909546,1.0068507194519043,0.0022506038658320904,0.6958701610565186,0,0.00016819720756416773,True,5.579307980951853e-05
8175,-0.000729900726582855,0.04500608518719673,0.02738926000893116,0.9998175501823425,1.0112495422363281,1.0068467855453491,0.0022598765790462494,0.6876496076583862,0,0.00013280499272437694,True,5.5889457144076005e-05
8180,-0.0006150027620606124,0.044805802404880524,0.02739529497921467,0.9998462796211243,1.0111995935440063,1.0068482160568237,0.0022649304009974003,0.6989892721176147,0,0.00012460383073340794,True,5.589051579590887e-05
8185,-0.000561159395147115,0.04482804983854294,0.027391821146011353,0.9998596906661987,1.0112051963806152,1.0068473815917969,0.002267183968797326,0.6924196481704712,0,0.0001531687231225387,True,5.5912623793119565e-05
8190,-0.0005967816105112433,0.04461415112018585,0.027383923530578613,0.9998507499694824,1.011151671409607,1.006845474243164,0.0022638258524239063,0.6876479387283325,0,0.000123181169045897,True,5.592596789938398e-05
8195,-0.0005028295563533902,0.04437033459544182,0.027408795431256294,0.9998742341995239,1.0110907554626465,1.0068516731262207,0.00226579955779016,0.6910673975944519,0,0.00016485090533269992,True,5.584639802691527e-05
8200,-0.000372669892385602,0.04427477344870567,0.027415862306952477,0.9999067783355713,1.0110669136047363,1.0068533420562744,0.0022577878553420305,0.6817448139190674,0,0.00014083175573571832,True,5.578606214839965e-05
8205,-0.00022190110757946968,0.04400451481342316,0.02743653953075409,0.9999445080757141,1.010999321937561,1.0068585872650146,0.0022542045917361975,0.6982533931732178,0,0.00014809041941971632,True,5.569726272369735e-05
8210,-0.0002179864386562258,0.04396340623497963,0.027441944926977158,0.9999455213546753,1.0109890699386597,1.0068600177764893,0.002256066305562854,0.703691840171814,0,0.00012327450937544177,True,5.568633787333965e-05
8215,-0.0003077977162320167,0.043981317430734634,0.027429528534412384,0.9999229907989502,1.010993480682373,1.0068567991256714,0.0022587571293115616,0.7036247849464417,0,0.00012699694633461447,True,5.574216629611328e-05
8220,-0.0004929156857542694,0.04406198486685753,0.02742673270404339,0.9998767375946045,1.0110137462615967,1.006856083869934,0.002260398119688034,0.6920546293258667,0,0.00013383565524718687,True,5.575964314630255e-05
8225,-0.0007914042798802257,0.04400981217622757,0.027440574020147324,0.9998022317886353,1.011000633239746,1.006859540939331,0.002259558532387018,0.7086603045463562,0,0.0001577084611423691,True,5.5706812418065965e-05
8230,-0.001066906494088471,0.0440623015165329,0.027445636689662933,0.9997333288192749,1.0110137462615967,1.0068609714508057,0.002262952271848917,0.7092486023902893,0,0.00014224544072455157,True,5.570403300225735e-05
8235,-0.001076900982297957,0.044295694679021835,0.0274399071931839,0.9997308254241943,1.0110721588134766,1.0068594217300415,0.00226671458221972,0.6940237879753113,0,0.00012851770757906297,True,5.5741096730344e-05
8240,-0.0010734791867434978,0.04472465068101883,0.02744472771883011,0.9997316598892212,1.0111793279647827,1.006860613822937,0.002270814962685108,0.704750657081604,0,0.00014622429101998936,True,5.574189344770275e-05
8245,-0.0011063010897487402,0.04463796317577362,0.02741830423474312,0.9997234344482422,1.0111576318740845,1.0068540573120117,0.002281799213960767,0.6948791742324829,0,0.00013835625286520248,True,5.588451313087717e-05
8250,-0.0012030638754367828,0.044423654675483704,0.027373580262064934,0.9996992349624634,1.0111041069030762,1.006842851638794,0.002290475182235241,0.6968419551849365,0,0.00014510748531561694,True,5.608188803307712e-05
8255,-0.0010422829072922468,0.04405955970287323,0.02733910083770752,0.999739408493042,1.0110130310058594,1.0068342685699463,0.002289718482643366,0.6883183121681213,0,0.00012370476318419792,True,5.620088631985709e-05
8260,-0.0010194431524723768,0.04380568489432335,0.027323279529809952,0.9997451305389404,1.0109496116638184,1.0068302154541016,0.0022831212263554335,0.7029246091842651,0,0.00016716155654622255,True,5.622764001600444e-05
8265,-0.0010006786324083805,0.04362910985946655,0.027298949658870697,0.9997497797012329,1.0109055042266846,1.006824254989624,0.0022888353560119867,0.6898419857025146,0,0.00013377723784443167,True,5.633958789985627e-05
8270,-0.0011037869844585657,0.04367717355489731,0.027309900149703026,0.9997240304946899,1.0109175443649292,1.0068268775939941,0.0022927499376237392,0.6894481182098389,0,0.00012976668791895473,True,5.631829480989836e-05
8275,-0.0009246739791706204,0.043829914182424545,0.027345962822437286,0.999768853187561,1.010955810546875,1.0068359375,0.0022883580531924963,0.6976487636566162,0,0.0001405955710680565,True,5.617027636617422e-05
8280,-0.0008919450337998569,0.04393719509243965,0.027362268418073654,0.9997769594192505,1.0109825134277344,1.0068399906158447,0.0022849775850772858,0.7043944597244263,0,0.0001382572480253092,True,5.609745130641386e-05
8285,-0.0009817415848374367,0.043965987861156464,0.02733210101723671,0.9997545480728149,1.0109896659851074,1.006832480430603,0.002293162979185581,0.6865612864494324,0,0.00013566005876126683,True,5.624096957035363e-05
8290,-0.0010129493894055486,0.04392804205417633,0.027300240471959114,0.9997467994689941,1.010980248451233,1.0068244934082031,0.0022939257323741913,0.6890931129455566,0,0.00014302363203134516,True,5.6357806897722185e-05
8295,-0.0008885012939572334,0.044025640934705734,0.027288002893328667,0.9997779130935669,1.0110046863555908,1.0068213939666748,0.002292575081810355,0.6912930607795715,0,0.00013465098027957382,True,5.6395281717414036e-05
8300,-0.0008290033438242972,0.04396263509988785,0.027284694835543633,0.9997928142547607,1.0109889507293701,1.006820559501648,0.0022921550553292036,0.7011563777923584,0,0.0001551379041375966,True,5.64052133995574e-05
8305,-0.0006773311179131269,0.04369877278804779,0.02728230692446232,0.9998306632041931,1.010922908782959,1.0068199634552002,0.002292020944878459,0.6972414255142212,0,0.00011921041026188468,True,5.641314055537805e-05
8310,-0.0007093613967299461,0.043555162847042084,0.027305690571665764,0.9998226761817932,1.0108871459960938,1.0068259239196777,0.002289507072418928,0.7066788673400879,0,0.0001281124075612696,True,5.631880048895255e-05
8315,-0.0007409547106362879,0.04348202794790268,0.027313821017742157,0.9998147487640381,1.010868787765503,1.0068278312683105,0.0022848648950457573,0.690665602684021,0,0.00013436824680982575,True,5.626925121759996e-05
8320,-0.0007237064419314265,0.043523117899894714,0.02733549475669861,0.9998190999031067,1.0108790397644043,1.0068333148956299,0.0022856013383716345,0.6971617937088013,0,0.00016146583384265938,True,5.619545845547691e-05
8325,-0.00043230460141785443,0.04365140199661255,0.027340281754732132,0.9998918771743774,1.0109111070632935,1.0068345069885254,0.002286091912537813,0.6993302702903748,0,0.00012952105360756422,True,5.6180615501943976e-05
8330,-0.0003171465068589896,0.04397666081786156,0.027330990880727768,0.9999207258224487,1.010992407798767,1.006832242012024,0.002289494965225458,0.6931104063987732,0,0.00013921428512244724,True,5.622849857900292e-05
8335,-0.0001951065205503255,0.04392372816801071,0.02732192538678646,0.9999512434005737,1.010979175567627,1.006829857826233,0.0022864146158099174,0.7022350430488586,0,0.00017913380543753933,True,5.6246903113787994e-05
8340,-0.00044086622074246407,0.04359833151102066,0.02732301875948906,0.9998897314071655,1.0108978748321533,1.0068302154541016,0.002282506786286831,0.6939467787742615,0,0.0001448130345723775,True,5.622563185170293e-05
8345,-0.000623438972979784,0.04361840710043907,0.027320057153701782,0.9998441338539124,1.0109028816223145,1.0068293809890747,0.002280747750774026,0.7037650346755981,0,0.0001469049330494718,True,5.622850585496053e-05
8350,-0.0008927381131798029,0.04371444880962372,0.027312146499753,0.9997768402099609,1.0109269618988037,1.006827473640442,0.0022758604027330875,0.7042508125305176,0,0.00010949006590179891,True,5.6234617659356445e-05
8355,-0.0008568706107325852,0.04360564053058624,0.027315814048051834,0.9997857809066772,1.0108996629714966,1.0068284273147583,0.0022768955677747726,0.6964704990386963,0,0.0001240429242328429,True,5.622605385724455e-05
8360,-0.0007251068018376827,0.04343317449092865,0.02732555940747261,0.999818742275238,1.0108566284179688,1.0068308115005493,0.0022787018679082394,0.692693829536438,0,0.00012405334664749706,True,5.619994044536725e-05
8365,-0.0005981472204439342,0.04332227259874344,0.027306219562888145,0.9998504519462585,1.0108288526535034,1.0068260431289673,0.002281847409904003,0.7040344476699829,0,0.0001523381976307312,True,5.6282588047906756e-05
8370,-0.0004758484137710184,0.043264128267765045,0.027291717007756233,0.9998810291290283,1.0108144283294678,1.0068223476409912,0.0022834588307887316,0.7027520537376404,0,0.0001320285132058348,True,5.634111221297644e-05
8375,-0.0005573069211095572,0.04332442954182625,0.027287129312753677,0.9998606443405151,1.0108294486999512,1.0068211555480957,0.002293782075867057,0.7019887566566467,0,0.00015606578639128425,True,5.6403929193038493e-05
8380,-0.0006625863024964929,0.04335745796561241,0.02729354426264763,0.9998343586921692,1.0108376741409302,1.0068228244781494,0.0022983630187809467,0.6941995620727539,0,0.00013994925055748868,True,5.6401862821076065e-05
8385,-0.0006962298066355288,0.04337282478809357,0.02730081044137478,0.9998259544372559,1.0108414888381958,1.0068244934082031,0.0022987620905041695,0.6878728866577148,0,0.0001239129206002994,True,5.6377721193712205e-05
8390,-0.000642813858576119,0.04354051873087883,0.027315545827150345,0.9998393058776855,1.0108833312988281,1.0068283081054688,0.002297649858519435,0.6925061941146851,0,0.00014523116593166753,True,5.632029933622107e-05
8395,-0.000504931784234941,0.043889403343200684,0.027318894863128662,0.9998737573623657,1.0109705924987793,1.0068292617797852,0.0022966316901147366,0.6965097188949585,0,0.00013323442015175524,True,5.6303630117326975e-05
8400,-0.0002666190848685801,0.044166531413793564,0.027316521853208542,0.9999333620071411,1.0110398530960083,1.0068285465240479,0.002299753949046135,0.6933627128601074,0,0.00012427310036891524,True,5.632587999571115e-05
8405,-7.09279629518278e-05,0.04416334629058838,0.0273125097155571,0.9999822378158569,1.0110390186309814,1.0068275928497314,0.002299010520800948,0.6955062747001648,0,0.00013398415048287738,True,5.633677574223839e-05
8410,0.00010117738565895706,0.04423552751541138,0.027300752699375153,1.0000252723693848,1.0110571384429932,1.0068246126174927,0.0023015954066067934,0.6891142129898071,0,0.00016068434456724723,True,5.6390141253359616e-05
8415,7.960867515066639e-05,0.04429914429783821,0.02728498913347721,1.000019907951355,1.0110728740692139,1.0068206787109375,0.0023035902995616198,0.6947748064994812,0,0.00012791022239585104,True,5.645517012453638e-05
8420,5.513225551112555e-05,0.04441549628973007,0.027279239147901535,1.000013828277588,1.0111019611358643,1.006819248199463,0.0023121030535548925,0.6924197673797607,0,0.00012448659240766553,True,5.651410901919007e-05
8425,2.370981383137405e-05,0.044586531817913055,0.027276035398244858,1.0000059604644775,1.0111448764801025,1.0068185329437256,0.0023198367562144995,0.6963131427764893,0,0.00011735938869526826,True,5.656052235281095e-05
8430,-0.00024704975658096373,0.04465870559215546,0.0272871982306242,0.9999382495880127,1.0111627578735352,1.0068211555480957,0.0023273183032870293,0.6905864477157593,0,0.00015457308596833006,True,5.6555061746621504e-05
8435,-0.00044587149750441313,0.04474344849586487,0.027282368391752243,0.99988853931427,1.0111839771270752,1.0068199634552002,0.002334394259378314,0.6946446895599365,0,0.00015588519500033562,True,5.66045637242496e-05
8440,-0.0003810514754150063,0.0448223352432251,0.02727022022008896,0.9999047517776489,1.0112037658691406,1.006817102432251,0.0023378797341138124,0.6922160983085632,0,0.00011994874468719838,True,5.6663764553377405e-05
8445,-0.00030795784550718963,0.044945862144231796,0.027260221540927887,0.9999229907989502,1.0112345218658447,1.0068144798278809,0.0023402783554047346,0.6949979662895203,0,0.00016522409022287448,True,5.671050530509092e-05
8450,-0.0003269280132371932,0.044959329068660736,0.027257952839136124,0.9999182224273682,1.0112378597259521,1.0068140029907227,0.002340751001611352,0.6912810206413269,0,0.0001280036060122743,True,5.672066254192032e-05
8455,-0.00025006834766827524,0.04475226625800133,0.0272567979991436,0.9999374747276306,1.011186122894287,1.006813645362854,0.0023450113367289305,0.7009005546569824,0,0.00014034890381198862,True,5.674420390278101e-05
8460,-0.00013874411524739116,0.04455660283565521,0.027246002107858658,0.9999653100967407,1.0111372470855713,1.0068109035491943,0.0023473368491977453,0.6921474933624268,0,0.00013787854186824631,True,5.6793331168591976e-05
8465,2.985732862725854e-05,0.044485051184892654,0.02722376026213169,1.0000073909759521,1.0111193656921387,1.006805419921875,0.0023498900700360537,0.6961446404457092,0,0.00014302646303638745,True,5.688449164154008e-05
8470,0.0001560503733344376,0.04447079449892044,0.027211328968405724,1.0000391006469727,1.0111157894134521,1.0068023204803467,0.0023484451230615377,0.6966322064399719,0,0.00014700937407396213,True,5.692197009921074e-05
8475,0.00013227089948486537,0.04441865161061287,0.027204353362321854,1.0000331401824951,1.0111027956008911,1.0068005323410034,0.0023481298703700304,0.6928759813308716,0,0.0001361035138543355,True,5.6945427786558867e-05
8480,0.00025263437419198453,0.04426245763897896,0.027193430811166763,1.000063180923462,1.011063814163208,1.0067977905273438,0.0023423987440764904,0.7072442770004272,0,0.00011624498012665157,True,5.695797153748572e-05
8485,0.00045073131332173944,0.04406311735510826,0.027185048907995224,1.0001126527786255,1.0110139846801758,1.0067956447601318,0.0023356007877737284,0.6928533911705017,0,0.0001597418893346879,True,5.695669096894562e-05
8490,0.0004471285792533308,0.044011376798152924,0.027169283479452133,1.0001118183135986,1.0110011100769043,1.0067918300628662,0.002329119248315692,0.6904709339141846,0,0.0001369482472790712,True,5.698324821423739e-05
8495,0.000491551763843745,0.043910227715969086,0.027153989300131798,1.0001229047775269,1.0109758377075195,1.0067880153656006,0.0023229732178151608,0.6906267404556274,0,0.00015542155333432163,True,5.7010012824321166e-05
8500,0.0005331541178748012,0.04408947378396988,0.027145741507411003,1.0001332759857178,1.011020541191101,1.0067858695983887,0.0023225743789225817,0.6900280714035034,0,0.00012366480286744633,True,5.7037595979636535e-05
8505,0.0005140649154782295,0.04423224553465843,0.02713014930486679,1.0001285076141357,1.0110561847686768,1.006782054901123,0.0023226032499223948,0.6878814697265625,0,0.00012730934249139024,True,5.70935953874141e-05
8510,0.0005302883801050484,0.04449572041630745,0.027120932936668396,1.0001325607299805,1.0111219882965088,1.006779670715332,0.0023226276971399784,0.7041951417922974,0,0.0001470530938265837,True,5.7126460887957364e-05
8515,0.0005317023606039584,0.044662799686193466,0.0271063894033432,1.0001329183578491,1.0111639499664307,1.0067760944366455,0.0023215729743242264,0.7033362984657288,0,0.00011061385491670292,True,5.717358362744562e-05
8520,0.00044662339496426284,0.04472293332219124,0.02710539847612381,1.0001115798950195,1.011178970336914,1.0067758560180664,0.0023224179167300463,0.7011352777481079,0,0.0001488333303810982,True,5.718109241570346e-05
8525,0.00039389400626532733,0.04477741941809654,0.027106713503599167,1.000098466873169,1.0111925601959229,1.0067760944366455,0.0023204705212265253,0.6982883214950562,0,0.00017683242090742136,True,5.716747182304971e-05
8530,0.0006001361762173474,0.04482817277312279,0.02711145579814911,1.0001499652862549,1.0112051963806152,1.006777286529541,0.0023170695640146732,0.6903707385063171,0,0.00017169717055136785,True,5.713501377613284e-05
8535,0.0005043442361056805,0.04477238282561302,0.02711310237646103,1.0001261234283447,1.0111911296844482,1.0067777633666992,0.002319912426173687,0.6939983367919922,0,0.00010930453005525037,True,5.7141958677675575e-05
8540,0.00037171263829804957,0.04479333758354187,0.027107158675789833,1.0000929832458496,1.0111963748931885,1.006776213645935,0.002322876825928688,0.688468873500824,0,0.00014737091140529937,True,5.717662497772835e-05
8545,0.0003792962816078216,0.04473664239048958,0.027098270133137703,1.0000948905944824,1.0111823081970215,1.0067739486694336,0.0023260212037712336,0.6926003098487854,0,0.0001649161764754837,True,5.722269997932017e-05
8550,0.00032059932709671557,0.04472925513982773,0.027092333883047104,1.0000801086425781,1.0111804008483887,1.006772518157959,0.002327793976292014,0.6969887018203735,0,0.0001348160469369501,True,5.725210576201789e-05
8555,0.0004357499710749835,0.044699713587760925,0.027088845148682594,1.0001089572906494,1.0111730098724365,1.0067716836929321,0.0023260642774403095,0.7036151885986328,0,0.00012206188047666617,True,5.725684604840353e-05
8560,0.0004212964267935604,0.044578664004802704,0.027075860649347305,1.000105381011963,1.0111427307128906,1.0067683458328247,0.002325483364984393,0.6939166784286499,0,0.00012950426906015096,True,5.7300574553664774e-05
8565,0.00046572391875088215,0.04453228786587715,0.027061941102147102,1.0001163482666016,1.0111312866210938,1.0067648887634277,0.0023231825325638056,0.7010198831558228,0,0.00013627699110998283,True,5.734006845159456e-05
8570,0.0005137940752319992,0.04445939511060715,0.027057506144046783,1.0001285076141357,1.0111130475997925,1.0067638158798218,0.0023211122024804354,0.6971820592880249,0,0.00016050819398453865,True,5.73466531932354e-05
8575,0.0006242832168936729,0.044535715132951736,0.027056565508246422,1.000156044960022,1.0111321210861206,1.0067635774612427,0.0023229941725730896,0.6973246335983276,0,0.0001403898737609097,True,5.735853483201936e-05
8580,0.0007192047196440399,0.044517382979393005,0.02705785259604454,1.0001797676086426,1.0111274719238281,1.0067639350891113,0.0023234698455780745,0.6988123059272766,0,0.00010941802794601523,True,5.7356188335688785e-05
8585,0.0006654118769802153,0.04452735558152199,0.027064312249422073,1.000166416168213,1.0111299753189087,1.006765604019165,0.0023257823195308447,0.7012041807174683,0,0.00011157917924402026,True,5.7343553635291755e-05
8590,0.0006670659640803933,0.0445159412920475,0.02705608867108822,1.0001667737960815,1.011127233505249,1.0067634582519531,0.002325254725292325,0.6970354914665222,0,0.00010921846902618852,True,5.7370521972188726e-05
8595,0.0005653868429362774,0.044362958520650864,0.02704615890979767,1.0001413822174072,1.0110888481140137,1.0067609548568726,0.002325634704902768,0.6994403600692749,0,0.00015498184958220997,True,5.7408051361562684e-05
8600,0.00044329880620352924,0.044165611267089844,0.027052316814661026,1.0001108646392822,1.0110396146774292,1.0067625045776367,0.0023287844378501177,0.6976513862609863,0,0.00014008554744799327,True,5.740027336287312e-05
8605,0.0003663499082904309,0.04426707699894905,0.027058713138103485,1.000091552734375,1.0110650062561035,1.0067641735076904,0.002331295283511281,0.691457986831665,0,0.0001503076367120469,True,5.738878098782152e-05
8610,0.0003038321156054735,0.044412970542907715,0.027063407003879547,1.0000759363174438,1.0111013650894165,1.006765365600586,0.0023323805071413517,0.6998614072799683,0,0.00012668795962047193,True,5.7376888435101137e-05
8615,0.0003132265410386026,0.044532809406518936,0.027063852176070213,1.0000783205032349,1.0111312866210938,1.006765365600586,0.002335555851459503,0.6936193704605103,0,0.00014300881155735468,True,5.738982144976035e-05
8620,0.00033691193675622344,0.0446321964263916,0.027059733867645264,1.0000841617584229,1.0111562013626099,1.0067644119262695,0.0023371148854494095,0.6984438300132751,0,0.00013318723212781875,True,5.7411678426433355e-05
8625,0.0002840797824319452,0.04461535066366196,0.02705335058271885,1.0000710487365723,1.0111520290374756,1.0067627429962158,0.002337044570595026,0.7009875774383545,0,0.0001293406592651542,True,5.743425208493136e-05
8630,0.00014291690604295582,0.04452875629067421,0.027052558958530426,1.0000357627868652,1.0111303329467773,1.0067626237869263,0.0023383295629173517,0.7009274959564209,0,0.00013365686636530673,True,5.7442986872047186e-05
8635,0.00016180430247914046,0.044583216309547424,0.027064215391874313,1.0000405311584473,1.0111439228057861,1.006765604019165,0.0023351467680186033,0.6998746395111084,0,0.00013913109857699435,True,5.738670733990148e-05
8640,8.168271597241983e-05,0.04451000690460205,0.027064859867095947,1.0000205039978027,1.0111255645751953,1.006765604019165,0.0023343695793300867,0.694588840007782,0,0.0001412504207496455,True,5.738091203966178e-05
8645,1.720179534459021e-05,0.044439852237701416,0.027065567672252655,1.0000042915344238,1.011108160018921,1.0067658424377441,0.0023331923875957727,0.6948737502098083,0,0.0001401118314551732,True,5.737288302043453e-05
8650,1.2933885500387987e-06,0.04442968592047691,0.02705659717321396,1.0000003576278687,1.0111055374145508,1.0067635774612427,0.0023303721100091934,0.6948676109313965,0,0.00013080331762638345,True,5.739214248023927e-05
8655,1.0354050573369022e-05,0.04440833628177643,0.02704949863255024,1.0000026226043701,1.0111002922058105,1.0067617893218994,0.00232464331202209,0.6981862783432007,0,0.0001449473587030577,True,5.739176776842214e-05
8660,8.34586244309321e-05,0.04452481493353844,0.02704072743654251,1.0000208616256714,1.011129379272461,1.0067596435546875,0.0023236367851495743,0.6998345255851746,0,0.00015849615314667207,True,5.741854329244234e-05
8665,0.00017220342124346644,0.04467172920703888,0.027033058926463127,1.0000430345535278,1.0111660957336426,1.0067577362060547,0.0023253525141626596,0.6938905715942383,0,0.00011894966173400231,True,5.745398811995983e-05
8670,0.00013318107812665403,0.04467330127954483,0.02703586034476757,1.0000333786010742,1.0111665725708008,1.006758451461792,0.0023280552122741938,0.692777156829834,0,0.00015451096915889022,True,5.7456083595752716e-05
8675,5.6781424063956365e-05,0.0446520559489727,0.027036715298891068,1.0000141859054565,1.0111610889434814,1.006758689880371,0.0023321080952882767,0.702111005783081,0,0.00014751748766203503,True,5.7471617765259e-05
8680,4.9064179620472714e-05,0.044752705842256546,0.027031544595956802,1.0000122785568237,1.0111863613128662,1.0067572593688965,0.002333301119506359,0.6967787742614746,0,0.00016140291300738042,True,5.749587216996588e-05
8685,7.31104300939478e-05,0.04472794011235237,0.027028962969779968,1.0000183582305908,1.0111801624298096,1.0067566633224487,0.0023359896149486303,0.6939296722412109,0,0.00013518801629115767,True,5.751724529545754e-05
8690,0.0001490623108111322,0.04459284618496895,0.02702290192246437,1.0000371932983398,1.0111463069915771,1.0067551136016846,0.002335934666916728,0.6961312294006348,0,0.00015928655373187355,True,5.7538905821274966e-05
8695,0.00020263600163161755,0.04458541050553322,0.027022946625947952,1.000050663948059,1.0111445188522339,1.0067552328109741,0.002335702069103718,0.6975904703140259,0,0.0001309425548329234,True,5.753746518166736e-05
8700,0.0001754458644427359,0.04465147480368614,0.027028240263462067,1.0000438690185547,1.0111610889434814,1.0067565441131592,0.0023366701789200306,0.7007595896720886,0,0.0001342134403146836,True,5.752290599048138e-05
8705,0.0001663196599110961,0.044758688658475876,0.027029691264033318,1.0000416040420532,1.0111877918243408,1.0067569017410278,0.002339000580832362,0.6962226033210754,0,0.00012689659188955572,True,5.752833385486156e-05
8710,0.0002205999626312405,0.044858209788799286,0.0270322747528553,1.0000550746917725,1.0112125873565674,1.0067574977874756,0.0023430068977177143,0.6940147876739502,0,0.00015275734859911854,True,5.753741061198525e-05
8715,0.000308152346406132,0.04494793340563774,0.02703840099275112,1.0000770092010498,1.011234998703003,1.0067589282989502,0.0023432991001755,0.6900220513343811,0,0.00013487305825084637,True,5.7516714150551707e-05
8720,0.0003323571290820837,0.04503149911761284,0.027039488777518272,1.000083088874817,1.0112559795379639,1.0067594051361084,0.002344010164961219,0.6845200657844543,0,0.000135028377861592,True,5.75158883293625e-05
8725,0.000397737167077139,0.04508963227272034,0.027039669454097748,1.0000994205474854,1.011270523071289,1.0067594051361084,0.0023426562547683716,0.6931926608085632,0,0.00015300309744958686,True,5.75090161873959e-05
8730,0.0003709917364176363,0.0450265146791935,0.027042198926210403,1.0000927448272705,1.0112547874450684,1.0067600011825562,0.0023426662664860487,0.6913777589797974,0,0.00012780843848110888,True,5.750022319261916e-05
8735,0.00026176811661571264,0.04493563249707222,0.027045786380767822,1.0000654458999634,1.0112320184707642,1.0067609548568726,0.0023442597594112158,0.6965530514717102,0,0.00015757203520599177,True,5.749458068748936e-05
8740,0.00022605559206567705,0.04477757588028908,0.02704411745071411,1.000056505203247,1.0111925601959229,1.0067604780197144,0.002342348452657461,0.6813668608665466,0,0.00015193167358148625,True,5.7491848565405235e-05
8745,0.000202440787688829,0.04474348947405815,0.02704622410237789,1.0000505447387695,1.0111839771270752,1.006761074066162,0.002340683713555336,0.6948584318161011,0,0.00013486542277544905,True,5.747677278122865e-05
8750,0.00022512550640385598,0.04469998553395271,0.027042323723435402,1.000056266784668,1.011173129081726,1.0067600011825562,0.0023403370287269354,0.6967734098434448,0,0.00010985072053199281,True,5.7488934544380754e-05
8755,0.0003227163106203079,0.04465845972299576,0.027037138119339943,1.0000805854797363,1.0111627578735352,1.006758689880371,0.0023381172213703394,0.7001013159751892,0,0.0001539335747026494,True,5.749767296947539e-05
8760,0.0003095371648669243,0.044748399406671524,0.02703721821308136,1.0000773668289185,1.0111851692199707,1.006758689880371,0.0023391880095005035,0.6944848299026489,0,0.00015588379515070835,True,5.750224954681471e-05
8765,0.00028138415655121207,0.044876016676425934,0.027040645480155945,1.000070333480835,1.0112171173095703,1.0067596435546875,0.0023390869610011578,0.6860939264297485,0,0.00011408585937423816,True,5.748930561821908e-05
8770,0.0002396140480414033,0.04489579424262047,0.027042679488658905,1.0000598430633545,1.0112221240997314,1.0067601203918457,0.002341056941077113,0.7003900408744812,0,0.00012976283867973315,True,5.74912155570928e-05
8775,0.00023077003424987197,0.044877052307128906,0.02704538404941559,1.0000576972961426,1.0112173557281494,1.006760835647583,0.0023415584582835436,0.6930896639823914,0,0.00014391978323048443,True,5.74837758904323e-05
8780,0.00020965802832506597,0.04482933133840561,0.02703889086842537,1.0000524520874023,1.0112054347991943,1.0067591667175293,0.0023396764881908894,0.6821046471595764,0,0.00014037412925434526,True,5.749848423874937e-05
8785,0.00023850837897043675,0.04480324313044548,0.027038468047976494,1.0000596046447754,1.0111989974975586,1.0067591667175293,0.0023386848624795675,0.7037874460220337,0,0.00016448310665802103,True,5.7495588407618925e-05
8790,0.00025786185869947076,0.04478757455945015,0.02703743427991867,1.000064492225647,1.0111949443817139,1.006758689880371,0.002339261583983898,0.7004241943359375,0,0.0001404420541173686,True,5.750170021201484e-05
8795,0.00022145295224618167,0.04482508823275566,0.027037326246500015,1.0000553131103516,1.011204481124878,1.0067588090896606,0.0023401069920510054,0.7006045579910278,0,0.00013644257892944257,True,5.7506091252435e-05
8800,0.0002190188242821023,0.04485803842544556,0.027037156745791435,1.0000548362731934,1.0112125873565674,1.006758689880371,0.0023390892893075943,0.7006615400314331,0,0.00012771029525621415,True,5.750193304265849e-05
8805,0.00017471396131440997,0.04490628093481064,0.027036117389798164,1.0000436305999756,1.0112247467041016,1.006758451461792,0.0023399279452860355,0.6924647092819214,0,0.00013591430215615632,True,5.7509580074111e-05
8810,0.00010420623584650457,0.044948969036340714,0.02703115902841091,1.000025987625122,1.0112353563308716,1.0067572593688965,0.002340464387089014,0.7053498029708862,0,0.0001442864979305333,True,5.7529989135218784e-05
8815,7.966559496708214e-05,0.04496900737285614,0.027029000222682953,1.000019907951355,1.0112403631210327,1.0067566633224487,0.0023416015319526196,0.6975000500679016,0,0.00011371848196975935,True,5.7542732974980026e-05
8820,0.00010952136653941125,0.044961098581552505,0.027030281722545624,1.0000274181365967,1.0112383365631104,1.0067570209503174,0.0023421174846589565,0.7016955614089966,0,0.00018035375873188598,True,5.754039011662826e-05
8825,0.0001388247183058411,0.04490127041935921,0.027030328288674355,1.0000346899032593,1.0112234354019165,1.0067570209503174,0.002341608051210642,0.6958740949630737,0,0.00011327351339365841,True,5.753794175689109e-05
8830,0.00014312361599877477,0.044838324189186096,0.0270296111702919,1.0000357627868652,1.0112076997756958,1.0067567825317383,0.00233999895863235,0.6931474208831787,0,0.00012836824445462369,True,5.7533241488272324e-05
8835,0.00018481120059732348,0.04484402760863304,0.027028772979974747,1.0000462532043457,1.0112091302871704,1.0067566633224487,0.0023383290972560644,0.7021739482879639,0,0.00016303142844549705,True,5.752839206252247e-05
8840,0.00020764612418133765,0.04481213167309761,0.027028542011976242,1.0000519752502441,1.0112011432647705,1.0067565441131592,0.002336854813620448,0.687522292137146,0,0.00013708984278489915,True,5.7522833230905235e-05
8845,0.00022850865207146853,0.044755008071660995,0.027032312005758286,1.0000571012496948,1.0111868381500244,1.0067574977874756,0.0023366303648799658,0.6934502124786377,0,0.00015477998830959176,True,5.75081430724822e-05
8850,0.00028046287479810417,0.04471750184893608,0.02703070268034935,1.0000700950622559,1.0111775398254395,1.006757140159607,0.0023350873962044716,0.6955967545509338,0,0.0001317888551127756,True,5.7506884331814945e-05
8855,0.00028123235097154975,0.044653039425611496,0.02702833153307438,1.000070333480835,1.0111613273620605,1.0067566633224487,0.00233460427261889,0.689842700958252,0,0.00014825671418426727,True,5.751299249823205e-05
8860,0.0002807274286169559,0.044628314673900604,0.027029400691390038,1.0000700950622559,1.011155128479004,1.0067567825317383,0.002333459910005331,0.7002667188644409,0,0.00014814718470513113,True,5.7504195865476504e-05
8865,0.0002606981433928013,0.04458043351769447,0.0270287673920393,1.0000650882720947,1.0111432075500488,1.0067566633224487,0.002333136973902583,0.7053342461585999,0,0.00014611751106151757,True,5.750502532464452e-05
8870,0.00026692813844420016,0.04452984780073166,0.027029016986489296,1.0000667572021484,1.0111305713653564,1.0067566633224487,0.002332730684429407,0.6885240077972412,0,0.0001341011656070104,True,5.750213676947169e-05
8875,0.00027390819741412997,0.04452537000179291,0.027028344571590424,1.0000684261322021,1.0111294984817505,1.0067565441131592,0.0023320079781115055,0.693501353263855,0,0.0001372750952451445,True,5.7501329138176516e-05
8880,0.00027777752256952226,0.04454459995031357,0.027027137577533722,1.0000693798065186,1.011134386062622,1.00675630569458,0.0023304230999201536,0.6982138752937317,0,0.00012353258178649315,True,5.749833508161828e-05
8885,0.00026773117133416235,0.04452597722411156,0.027026716619729996,1.0000669956207275,1.01112961769104,1.006756067276001,0.0023307683877646923,0.6963079571723938,0,0.0001030737373851728,True,5.750140189775266e-05
8890,0.0002547944022808224,0.04453074187040329,0.02702559530735016,1.0000636577606201,1.0111308097839355,1.0067558288574219,0.0023310035467147827,0.6965497732162476,0,0.00013571154769913166,True,5.750658601755276e-05
8895,0.00025083881337195635,0.04455917328596115,0.027023741975426674,1.0000627040863037,1.0111379623413086,1.0067554712295532,0.002330932067707181,0.7050495147705078,0,0.00011745736297975161,True,5.751299613621086e-05
8900,0.0002698108146432787,0.04456715285778046,0.027022555470466614,1.0000674724578857,1.0111398696899414,1.0067551136016846,0.00233065290376544,0.7027063965797424,0,0.00013001391576183253,True,5.751579737989232e-05
8905,0.0002670500543899834,0.04452678561210632,0.027020025998353958,1.0000667572021484,1.0111298561096191,1.0067543983459473,0.002331078751012683,0.6923872232437134,0,0.00013466095981995465,True,5.75268677494023e-05
8910,0.00027953548124060035,0.04452584311366081,0.02702023647725582,1.0000698566436768,1.01112961769104,1.0067545175552368,0.0023312463890761137,0.6971826553344727,0,0.00016515436605790335,True,5.7526936870999634e-05
8915,0.0003210965951438993,0.04449787735939026,0.02701874077320099,1.0000803470611572,1.011122703552246,1.0067541599273682,0.0023296268191188574,0.6979128122329712,0,0.00013638624719725792,True,5.7524921430740505e-05
8920,0.0003249819274060428,0.04448844492435455,0.02701772376894951,1.0000813007354736,1.011120319366455,1.006753921508789,0.002329071518033743,0.7023099660873413,0,0.00013953878242594538,True,5.752596916863695e-05
8925,0.0003449561190791428,0.04448425769805908,0.027016839012503624,1.0000863075256348,1.0111192464828491,1.00675368309021,0.0023290286771953106,0.7042006254196167,0,0.00013035338614831164,True,5.752890501753427e-05
8930,0.0003450399963185191,0.0445079430937767,0.027016906067728996,1.0000863075256348,1.011125087738037,1.00675368309021,0.0023294249549508095,0.6992883682250977,0,0.0001265605053176847,True,5.753048390033655e-05
8935,0.00035330254468135536,0.04453339800238609,0.027017448097467422,1.0000883340835571,1.0111315250396729,1.0067538022994995,0.0023300163447856903,0.7026827335357666,0,0.0001306269685688273,True,5.753127334173769e-05
8940,0.00035560925607569516,0.04456278681755066,0.0270184688270092,1.0000889301300049,1.0111387968063354,1.0067540407180786,0.0023296508006751537,0.700975775718689,0,0.00011817723677892335,True,5.752588913310319e-05
8945,0.00037006213096901774,0.044590190052986145,0.027019387111067772,1.0000925064086914,1.0111455917358398,1.0067542791366577,0.0023295595310628414,0.6939369440078735,0,0.0001426939836859573,True,5.7522207498550415e-05
8950,0.0003584841324482113,0.04461153596639633,0.027018962427973747,1.0000896453857422,1.0111510753631592,1.0067541599273682,0.002329920418560505,0.7012155652046204,0,0.00015209949228980188,True,5.752539436798543e-05
8955,0.00034034348209388554,0.04462738335132599,0.027019258588552475,1.0000851154327393,1.0111550092697144,1.0067541599273682,0.002330147661268711,0.6971790790557861,0,0.00013364037842218993,True,5.7525285228621215e-05
8960,0.00034987315302714705,0.04463431239128113,0.027019493281841278,1.0000874996185303,1.011156678199768,1.0067543983459473,0.0023299194872379303,0.7022066116333008,0,0.00015823828106828697,True,5.75233789277263e-05
8965,0.00035357382148504257,0.04464411363005638,0.02701924741268158,1.0000884532928467,1.0111591815948486,1.0067541599273682,0.0023296766448765993,0.6897658705711365,0,0.00012411274048890552,True,5.752309880335815e-05
8970,0.0003452907840255648,0.044641513377428055,0.027018290013074875,1.0000863075256348,1.0111584663391113,1.0067540407180786,0.0023296133149415255,0.7022172808647156,0,0.00011684608272679537,True,5.752642027800903e-05
8975,0.0003457205602899194,0.044647153466939926,0.027018344029784203,1.0000864267349243,1.011159896850586,1.0067540407180786,0.0023295984137803316,0.6933374404907227,0,0.00012878387616722676,True,5.7526034652255476e-05
8980,0.0003474768891464919,0.04465344920754433,0.027018476277589798,1.000086784362793,1.0111615657806396,1.0067541599273682,0.002329266630113125,0.691070556640625,0,0.0001252468971958389,True,5.752408833359368e-05
8985,0.00034914351999759674,0.0446564219892025,0.027018308639526367,1.0000872611999512,1.011162281036377,1.0067540407180786,0.0023291781544685364,0.6971112489700317,0,0.0001268401223625256,True,5.752441938966513e-05
8990,0.0003493588592391461,0.04465896263718605,0.0270182304084301,1.0000872611999512,1.0111628770828247,1.006753921508789,0.002329363487660885,0.7007966637611389,0,0.00013065844780297604,True,5.752560173277743e-05
8995,0.0003478787839412689,0.04466262459754944,0.027018247172236443,1.000087022781372,1.0111638307571411,1.006753921508789,0.002329494571313262,0.693672776222229,0,0.0001265752460081041,True,5.75259437027853e-05
