2026-08-14 20:04:25,217 - INFO - [1;32mepoch 0 training[0m [[1;34mtime[0m: 8.57s, [1;34mtrain loss[0m: 40.0592, [1;34mreconstruction loss[0m: 40.0082]
2026-08-14 20:04:25,219 - INFO - Epoch 1/1000
2026-08-14 20:04:25,219 - INFO - Train loss: 40.059218406677246.
2026-08-14 20:04:25,219 - INFO - Reconstruction loss: 40.00822973251343.
2026-08-14 20:04:25,537 - INFO - [1;32mepoch 1 training[0m [[1;34mtime[0m: 0.32s, [1;34mtrain loss[0m: 38.6704, [1;34mreconstruction loss[0m: 38.4710]
2026-08-14 20:04:25,537 - INFO - Epoch 2/1000
2026-08-14 20:04:25,537 - INFO - Train loss: 38.67042827606201.
2026-08-14 20:04:25,537 - INFO - Reconstruction loss: 38.4710431098938.
2026-08-14 20:04:25,838 - INFO - [1;32mepoch 2 training[0m [[1;34mtime[0m: 0.30s, [1;34mtrain loss[0m: 37.0582, [1;34mreconstruction loss[0m: 34.5572]
2026-08-14 20:04:25,838 - INFO - Epoch 3/1000
2026-08-14 20:04:25,838 - INFO - Train loss: 37.058156967163086.
2026-08-14 20:04:25,838 - INFO - Reconstruction loss: 34.55718231201172.
2026-08-14 20:04:26,140 - INFO - [1;32mepoch 3 training[0m [[1;34mtime[0m: 0.30s, [1;34mtrain loss[0m: 38.4577, [1;34mreconstruction loss[0m: 26.8216]
2026-08-14 20:04:26,140 - INFO - Epoch 4/1000
2026-08-14 20:04:26,140 - INFO - Train loss: 38.457733392715454.
2026-08-14 20:04:26,140 - INFO - Reconstruction loss: 26.82156729698181.
2026-08-14 20:04:26,450 - INFO - [1;32mepoch 4 training[0m [[1;34mtime[0m: 0.31s, [1;34mtrain loss[0m: 21.1001, [1;34mreconstruction loss[0m: 19.7723]
2026-08-14 20:04:26,451 - INFO - Epoch 5/1000
2026-08-14 20:04:26,451 - INFO - Train loss: 21.10011923313141.
2026-08-14 20:04:26,451 - INFO - Reconstruction loss: 19.772287130355835.
2026-08-14 20:04:27,001 - INFO - [1;34mSaving current[0m: ./ckpt/Instruments/Aug-14-2026_20-04-16_beta_1.000_codebook_[64,128,256]_sk_0.000/best_loss_model.pth
2026-08-14 20:04:27,027 - INFO - [1;34mSaving current[0m: ./ckpt/Instruments/Aug-14-2026_20-04-16_beta_1.000_codebook_[64,128,256]_sk_0.000/best_collision_model.pth
2026-08-14 20:04:27,027 - INFO - [1;32mepoch 4 evaluating[0m [[1;34mtime[0m: 0.58s, [1;34mcollision_rate[0m: 0.981052]
2026-08-14 20:04:27,061 - INFO - [1;34mSaving current[0m: ./ckpt/Instruments/Aug-14-2026_20-04-16_beta_1.000_codebook_[64,128,256]_sk_0.000/epoch_4_collision_0.9811_model.pth
2026-08-14 20:04:27,061 - INFO - Collision_rate: 0.981052207216287.
2026-08-14 20:04:27,334 - INFO - [1;32mepoch 5 training[0m [[1;34mtime[0m: 0.27s, [1;34mtrain loss[0m: 18.1647, [1;34mreconstruction loss[0m: 18.0363]
2026-08-14 20:04:27,334 - INFO - Epoch 6/1000
2026-08-14 20:04:27,334 - INFO - Train loss: 18.1646968126297.
2026-08-14 20:04:27,334 - INFO - Reconstruction loss: 18.03629207611084.
2026-08-14 20:04:27,639 - INFO - [1;32mepoch 6 training[0m [[1;34mtime[0m: 0.30s, [1;34mtrain loss[0m: 17.8079, [1;34mreconstruction loss[0m: 17.7668]
2026-08-14 20:04:27,639 - INFO - Epoch 7/1000
2026-08-14 20:04:27,639 - INFO - Train loss: 17.807945013046265.
2026-08-14 20:04:27,639 - INFO - Reconstruction loss: 17.76677715778351.
2026-08-14 20:04:27,932 - INFO - [1;32mepoch 7 training[0m [[1;34mtime[0m: 0.29s, [1;34mtrain loss[0m: 17.5233, [1;34mreconstruction loss[0m: 17.4625]
2026-08-14 20:04:27,933 - INFO - Epoch 8/1000
2026-08-14 20:04:27,933 - INFO - Train loss: 17.52334451675415.
2026-08-14 20:04:27,933 - INFO - Reconstruction loss: 17.462465405464172.
2026-08-14 20:04:28,210 - INFO - [1;32mepoch 8 training[0m [[1;34mtime[0m: 0.28s, [1;34mtrain loss[0m: 16.8150, [1;34mreconstruction loss[0m: 16.7128]
2026-08-14 20:04:28,210 - INFO - Epoch 9/1000
2026-08-14 20:04:28,211 - INFO - Train loss: 16.815035700798035.
2026-08-14 20:04:28,211 - INFO - Reconstruction loss: 16.71281599998474.
2026-08-14 20:04:28,508 - INFO - [1;32mepoch 9 training[0m [[1;34mtime[0m: 0.30s, [1;34mtrain loss[0m: 16.2225, [1;34mreconstruction loss[0m: 16.1460]
2026-08-14 20:04:28,509 - INFO - Epoch 10/1000
2026-08-14 20:04:28,509 - INFO - Train loss: 16.222489953041077.
2026-08-14 20:04:28,509 - INFO - Reconstruction loss: 16.145968675613403.
2026-08-14 20:04:28,787 - INFO - [1;34mSaving current[0m: ./ckpt/Instruments/Aug-14-2026_20-04-16_beta_1.000_codebook_[64,128,256]_sk_0.000/best_loss_model.pth
2026-08-14 20:04:28,814 - INFO - [1;34mSaving current[0m: ./ckpt/Instruments/Aug-14-2026_20-04-16_beta_1.000_codebook_[64,128,256]_sk_0.000/best_collision_model.pth
2026-08-14 20:04:28,814 - INFO - [1;32mepoch 9 evaluating[0m [[1;34mtime[0m: 0.31s, [1;34mcollision_rate[0m: 0.689881]
2026-08-14 20:04:28,842 - INFO - [1;34mSaving current[0m: ./ckpt/Instruments/Aug-14-2026_20-04-16_beta_1.000_codebook_[64,128,256]_sk_0.000/epoch_9_collision_0.6899_model.pth
2026-08-14 20:04:28,842 - INFO - Collision_rate: 0.6898810723644426.
2026-08-14 20:04:29,146 - INFO - [1;32mepoch 10 training[0m [[1;34mtime[0m: 0.30s, [1;34mtrain loss[0m: 15.8260, [1;34mreconstruction loss[0m: 15.7612]
2026-08-14 20:04:29,147 - INFO - Epoch 11/1000
2026-08-14 20:04:29,147 - INFO - Train loss: 15.82596755027771.
2026-08-14 20:04:29,147 - INFO - Reconstruction loss: 15.761232495307922.
2026-08-14 20:04:29,418 - INFO - [1;32mepoch 11 training[0m [[1;34mtime[0m: 0.27s, [1;34mtrain loss[0m: 15.5928, [1;34mreconstruction loss[0m: 15.5156]
2026-08-14 20:04:29,418 - INFO - Epoch 12/1000
2026-08-14 20:04:29,418 - INFO - Train loss: 15.592771291732788.
2026-08-14 20:04:29,418 - INFO - Reconstruction loss: 15.515575885772705.
2026-08-14 20:04:29,693 - INFO - [1;32mepoch 12 training[0m [[1;34mtime[0m: 0.28s, [1;34mtrain loss[0m: 15.3414, [1;34mreconstruction loss[0m: 15.2503]
2026-08-14 20:04:29,693 - INFO - Epoch 13/1000
2026-08-14 20:04:29,693 - INFO - Train loss: 15.341431856155396.
2026-08-14 20:04:29,693 - INFO - Reconstruction loss: 15.250266551971436.
2026-08-14 20:04:29,999 - INFO - [1;32mepoch 13 training[0m [[1;34mtime[0m: 0.31s, [1;34mtrain loss[0m: 15.1082, [1;34mreconstruction loss[0m: 15.0070]
2026-08-14 20:04:29,999 - INFO - Epoch 14/1000
2026-08-14 20:04:29,999 - INFO - Train loss: 15.108188033103943.
2026-08-14 20:04:29,999 - INFO - Reconstruction loss: 15.006957054138184.
2026-08-14 20:04:30,294 - INFO - [1;32mepoch 14 training[0m [[1;34mtime[0m: 0.30s, [1;34mtrain loss[0m: 14.9033, [1;34mreconstruction loss[0m: 14.7923]
2026-08-14 20:04:30,294 - INFO - Epoch 15/1000
2026-08-14 20:04:30,294 - INFO - Train loss: 14.903342008590698.
2026-08-14 20:04:30,294 - INFO - Reconstruction loss: 14.792321681976318.
2026-08-14 20:04:30,583 - INFO - [1;34mSaving current[0m: ./ckpt/Instruments/Aug-14-2026_20-04-16_beta_1.000_codebook_[64,128,256]_sk_0.000/best_loss_model.pth
2026-08-14 20:04:30,611 - INFO - [1;34mSaving current[0m: ./ckpt/Instruments/Aug-14-2026_20-04-16_beta_1.000_codebook_[64,128,256]_sk_0.000/best_collision_model.pth
2026-08-14 20:04:30,611 - INFO - [1;32mepoch 14 evaluating[0m [[1;34mtime[0m: 0.32s, [1;34mcollision_rate[0m: 0.290466]
2026-08-14 20:04:30,636 - INFO - [1;34mSaving current[0m: ./ckpt/Instruments/Aug-14-2026_20-04-16_beta_1.000_codebook_[64,128,256]_sk_0.000/epoch_14_collision_0.2905_model.pth
2026-08-14 20:04:30,636 - INFO - Collision_rate: 0.29046563192904656.
2026-08-14 20:04:30,939 - INFO - [1;32mepoch 15 training[0m [[1;34mtime[0m: 0.30s, [1;34mtrain loss[0m: 14.7707, [1;34mreconstruction loss[0m: 14.6390]
2026-08-14 20:04:30,939 - INFO - Epoch 16/1000
2026-08-14 20:04:30,940 - INFO - Train loss: 14.770679712295532.
2026-08-14 20:04:30,940 - INFO - Reconstruction loss: 14.638989210128784.
2026-08-14 20:04:31,214 - INFO - [1;32mepoch 16 training[0m [[1;34mtime[0m: 0.27s, [1;34mtrain loss[0m: 14.5498, [1;34mreconstruction loss[0m: 14.3989]
2026-08-14 20:04:31,214 - INFO - Epoch 17/1000
2026-08-14 20:04:31,214 - INFO - Train loss: 14.549798965454102.
2026-08-14 20:04:31,214 - INFO - Reconstruction loss: 14.398886561393738.
2026-08-14 20:04:31,503 - INFO - [1;32mepoch 17 training[0m [[1;34mtime[0m: 0.29s, [1;34mtrain loss[0m: 14.3356, [1;34mreconstruction loss[0m: 14.1555]
2026-08-14 20:04:31,504 - INFO - Epoch 18/1000
2026-08-14 20:04:31,504 - INFO - Train loss: 14.335579872131348.
2026-08-14 20:04:31,505 - INFO - Reconstruction loss: 14.155544996261597.
2026-08-14 20:04:31,779 - INFO - [1;32mepoch 18 training[0m [[1;34mtime[0m: 0.27s, [1;34mtrain loss[0m: 14.1585, [1;34mreconstruction loss[0m: 13.9526]
2026-08-14 20:04:31,779 - INFO - Epoch 19/1000
2026-08-14 20:04:31,779 - INFO - Train loss: 14.158508062362671.
2026-08-14 20:04:31,779 - INFO - Reconstruction loss: 13.952577233314514.
2026-08-14 20:04:32,075 - INFO - [1;32mepoch 19 training[0m [[1;34mtime[0m: 0.30s, [1;34mtrain loss[0m: 14.0039, [1;34mreconstruction loss[0m: 13.7772]
2026-08-14 20:04:32,075 - INFO - Epoch 20/1000
2026-08-14 20:04:32,075 - INFO - Train loss: 14.003893375396729.
2026-08-14 20:04:32,075 - INFO - Reconstruction loss: 13.777183532714844.
2026-08-14 20:04:32,352 - INFO - [1;34mSaving current[0m: ./ckpt/Instruments/Aug-14-2026_20-04-16_beta_1.000_codebook_[64,128,256]_sk_0.000/best_loss_model.pth
2026-08-14 20:04:32,380 - INFO - [1;34mSaving current[0m: ./ckpt/Instruments/Aug-14-2026_20-04-16_beta_1.000_codebook_[64,128,256]_sk_0.000/best_collision_model.pth
2026-08-14 20:04:32,380 - INFO - [1;32mepoch 19 evaluating[0m [[1;34mtime[0m: 0.30s, [1;34mcollision_rate[0m: 0.170026]
2026-08-14 20:04:32,406 - INFO - [1;34mSaving current[0m: ./ckpt/Instruments/Aug-14-2026_20-04-16_beta_1.000_codebook_[64,128,256]_sk_0.000/epoch_19_collision_0.1700_model.pth
2026-08-14 20:04:32,406 - INFO - Collision_rate: 0.17002620439427535.
2026-08-14 20:04:32,699 - INFO - [1;32mepoch 20 training[0m [[1;34mtime[0m: 0.29s, [1;34mtrain loss[0m: 13.8444, [1;34mreconstruction loss[0m: 13.5966]
2026-08-14 20:04:32,699 - INFO - Epoch 21/1000
2026-08-14 20:04:32,699 - INFO - Train loss: 13.844351649284363.
2026-08-14 20:04:32,699 - INFO - Reconstruction loss: 13.596641540527344.
2026-08-14 20:04:32,988 - INFO - [1;32mepoch 21 training[0m [[1;34mtime[0m: 0.29s, [1;34mtrain loss[0m: 13.6810, [1;34mreconstruction loss[0m: 13.4013]
2026-08-14 20:04:32,988 - INFO - Epoch 22/1000
2026-08-14 20:04:32,988 - INFO - Train loss: 13.681047797203064.
2026-08-14 20:04:32,988 - INFO - Reconstruction loss: 13.401321768760681.
2026-08-14 20:04:33,286 - INFO - [1;32mepoch 22 training[0m [[1;34mtime[0m: 0.30s, [1;34mtrain loss[0m: 13.6259, [1;34mreconstruction loss[0m: 13.3126]
2026-08-14 20:04:33,286 - INFO - Epoch 23/1000
2026-08-14 20:04:33,286 - INFO - Train loss: 13.625929117202759.
2026-08-14 20:04:33,286 - INFO - Reconstruction loss: 13.312561988830566.
2026-08-14 20:04:33,588 - INFO - [1;32mepoch 23 training[0m [[1;34mtime[0m: 0.30s, [1;34mtrain loss[0m: 13.5423, [1;34mreconstruction loss[0m: 13.2112]
2026-08-14 20:04:33,588 - INFO - Epoch 24/1000
2026-08-14 20:04:33,588 - INFO - Train loss: 13.54227614402771.
2026-08-14 20:04:33,588 - INFO - Reconstruction loss: 13.211153745651245.
2026-08-14 20:04:33,854 - INFO - [1;32mepoch 24 training[0m [[1;34mtime[0m: 0.27s, [1;34mtrain loss[0m: 13.4014, [1;34mreconstruction loss[0m: 13.0507]
2026-08-14 20:04:33,854 - INFO - Epoch 25/1000
2026-08-14 20:04:33,854 - INFO - Train loss: 13.401400446891785.
2026-08-14 20:04:33,854 - INFO - Reconstruction loss: 13.05069386959076.
2026-08-14 20:04:34,125 - INFO - [1;34mSaving current[0m: ./ckpt/Instruments/Aug-14-2026_20-04-16_beta_1.000_codebook_[64,128,256]_sk_0.000/best_loss_model.pth
2026-08-14 20:04:34,152 - INFO - [1;34mSaving current[0m: ./ckpt/Instruments/Aug-14-2026_20-04-16_beta_1.000_codebook_[64,128,256]_sk_0.000/best_collision_model.pth
2026-08-14 20:04:34,152 - INFO - [1;32mepoch 24 evaluating[0m [[1;34mtime[0m: 0.30s, [1;34mcollision_rate[0m: 0.119028]
2026-08-14 20:04:34,178 - INFO - [1;34mSaving current[0m: ./ckpt/Instruments/Aug-14-2026_20-04-16_beta_1.000_codebook_[64,128,256]_sk_0.000/epoch_24_collision_0.1190_model.pth
2026-08-14 20:04:34,179 - INFO - Collision_rate: 0.11902842168917557.
2026-08-14 20:04:34,471 - INFO - [1;32mepoch 25 training[0m [[1;34mtime[0m: 0.29s, [1;34mtrain loss[0m: 13.2647, [1;34mreconstruction loss[0m: 12.8872]
2026-08-14 20:04:34,471 - INFO - Epoch 26/1000
2026-08-14 20:04:34,471 - INFO - Train loss: 13.264744758605957.
2026-08-14 20:04:34,471 - INFO - Reconstruction loss: 12.887162923812866.
2026-08-14 20:04:34,765 - INFO - [1;32mepoch 26 training[0m [[1;34mtime[0m: 0.29s, [1;34mtrain loss[0m: 13.2337, [1;34mreconstruction loss[0m: 12.8247]
2026-08-14 20:04:34,765 - INFO - Epoch 27/1000
2026-08-14 20:04:34,765 - INFO - Train loss: 13.233674049377441.
2026-08-14 20:04:34,766 - INFO - Reconstruction loss: 12.824693202972412.
2026-08-14 20:04:35,071 - INFO - [1;32mepoch 27 training[0m [[1;34mtime[0m: 0.31s, [1;34mtrain loss[0m: 13.0771, [1;34mreconstruction loss[0m: 12.6452]
2026-08-14 20:04:35,071 - INFO - Epoch 28/1000
2026-08-14 20:04:35,071 - INFO - Train loss: 13.077056646347046.
2026-08-14 20:04:35,071 - INFO - Reconstruction loss: 12.645219564437866.
2026-08-14 20:04:35,364 - INFO - [1;32mepoch 28 training[0m [[1;34mtime[0m: 0.29s, [1;34mtrain loss[0m: 13.0305, [1;34mreconstruction loss[0m: 12.5696]
2026-08-14 20:04:35,364 - INFO - Epoch 29/1000
2026-08-14 20:04:35,364 - INFO - Train loss: 13.030489563941956.
2026-08-14 20:04:35,364 - INFO - Reconstruction loss: 12.569614291191101.
2026-08-14 20:04:35,675 - INFO - [1;32mepoch 29 training[0m [[1;34mtime[0m: 0.31s, [1;34mtrain loss[0m: 12.9622, [1;34mreconstruction loss[0m: 12.4794]
2026-08-14 20:04:35,675 - INFO - Epoch 30/1000
2026-08-14 20:04:35,675 - INFO - Train loss: 12.96217155456543.
2026-08-14 20:04:35,675 - INFO - Reconstruction loss: 12.479385018348694.
2026-08-14 20:04:35,946 - INFO - [1;34mSaving current[0m: ./ckpt/Instruments/Aug-14-2026_20-04-16_beta_1.000_codebook_[64,128,256]_sk_0.000/best_loss_model.pth
2026-08-14 20:04:35,974 - INFO - [1;34mSaving current[0m: ./ckpt/Instruments/Aug-14-2026_20-04-16_beta_1.000_codebook_[64,128,256]_sk_0.000/best_collision_model.pth
2026-08-14 20:04:35,974 - INFO - [1;32mepoch 29 evaluating[0m [[1;34mtime[0m: 0.30s, [1;34mcollision_rate[0m: 0.110058]
2026-08-14 20:04:35,998 - INFO - [1;34mSaving current[0m: ./ckpt/Instruments/Aug-14-2026_20-04-16_beta_1.000_codebook_[64,128,256]_sk_0.000/epoch_29_collision_0.1101_model.pth
2026-08-14 20:04:36,002 - INFO - Collision_rate: 0.1100584559564604.
2026-08-14 20:04:36,294 - INFO - [1;32mepoch 30 training[0m [[1;34mtime[0m: 0.29s, [1;34mtrain loss[0m: 12.8326, [1;34mreconstruction loss[0m: 12.3399]
2026-08-14 20:04:36,295 - INFO - Epoch 31/1000
2026-08-14 20:04:36,295 - INFO - Train loss: 12.832566618919373.
2026-08-14 20:04:36,295 - INFO - Reconstruction loss: 12.339885473251343.
2026-08-14 20:04:36,592 - INFO - [1;32mepoch 31 training[0m [[1;34mtime[0m: 0.30s, [1;34mtrain loss[0m: 12.7901, [1;34mreconstruction loss[0m: 12.2664]
2026-08-14 20:04:36,592 - INFO - Epoch 32/1000
2026-08-14 20:04:36,592 - INFO - Train loss: 12.790100812911987.
2026-08-14 20:04:36,592 - INFO - Reconstruction loss: 12.266372561454773.
2026-08-14 20:04:36,892 - INFO - [1;32mepoch 32 training[0m [[1;34mtime[0m: 0.30s, [1;34mtrain loss[0m: 12.8128, [1;34mreconstruction loss[0m: 12.2629]
2026-08-14 20:04:36,893 - INFO - Epoch 33/1000
2026-08-14 20:04:36,893 - INFO - Train loss: 12.812790036201477.
2026-08-14 20:04:36,893 - INFO - Reconstruction loss: 12.262854933738708.
2026-08-14 20:04:37,190 - INFO - [1;32mepoch 33 training[0m [[1;34mtime[0m: 0.30s, [1;34mtrain loss[0m: 12.7190, [1;34mreconstruction loss[0m: 12.1591]
2026-08-14 20:04:37,190 - INFO - Epoch 34/1000
2026-08-14 20:04:37,190 - INFO - Train loss: 12.718973517417908.
2026-08-14 20:04:37,190 - INFO - Reconstruction loss: 12.159128785133362.
2026-08-14 20:04:37,476 - INFO - [1;32mepoch 34 training[0m [[1;34mtime[0m: 0.29s, [1;34mtrain loss[0m: 12.6525, [1;34mreconstruction loss[0m: 12.0719]
2026-08-14 20:04:37,477 - INFO - Epoch 35/1000
2026-08-14 20:04:37,477 - INFO - Train loss: 12.652507781982422.
2026-08-14 20:04:37,477 - INFO - Reconstruction loss: 12.071943998336792.
2026-08-14 20:04:37,751 - INFO - [1;34mSaving current[0m: ./ckpt/Instruments/Aug-14-2026_20-04-16_beta_1.000_codebook_[64,128,256]_sk_0.000/best_loss_model.pth
2026-08-14 20:04:37,752 - INFO - [1;32mepoch 34 evaluating[0m [[1;34mtime[0m: 0.27s, [1;34mcollision_rate[0m: 0.114997]
2026-08-14 20:04:37,777 - INFO - [1;34mSaving current[0m: ./ckpt/Instruments/Aug-14-2026_20-04-16_beta_1.000_codebook_[64,128,256]_sk_0.000/epoch_34_collision_0.1150_model.pth
2026-08-14 20:04:37,781 - INFO - Collision_rate: 0.11499697641604516.
2026-08-14 20:04:38,085 - INFO - [1;32mepoch 35 training[0m [[1;34mtime[0m: 0.30s, [1;34mtrain loss[0m: 12.6632, [1;34mreconstruction loss[0m: 12.0559]
2026-08-14 20:04:38,085 - INFO - Epoch 36/1000
2026-08-14 20:04:38,085 - INFO - Train loss: 12.663201689720154.
2026-08-14 20:04:38,085 - INFO - Reconstruction loss: 12.055929064750671.
2026-08-14 20:04:38,386 - INFO - [1;32mepoch 36 training[0m [[1;34mtime[0m: 0.30s, [1;34mtrain loss[0m: 12.6190, [1;34mreconstruction loss[0m: 11.9841]
2026-08-14 20:04:38,386 - INFO - Epoch 37/1000
2026-08-14 20:04:38,386 - INFO - Train loss: 12.619044303894043.
2026-08-14 20:04:38,386 - INFO - Reconstruction loss: 11.984070658683777.
2026-08-14 20:04:38,668 - INFO - [1;32mepoch 37 training[0m [[1;34mtime[0m: 0.28s, [1;34mtrain loss[0m: 12.6188, [1;34mreconstruction loss[0m: 11.9534]
2026-08-14 20:04:38,668 - INFO - Epoch 38/1000
2026-08-14 20:04:38,668 - INFO - Train loss: 12.618842601776123.
2026-08-14 20:04:38,668 - INFO - Reconstruction loss: 11.953402042388916.
2026-08-14 20:04:38,962 - INFO - [1;32mepoch 38 training[0m [[1;34mtime[0m: 0.29s, [1;34mtrain loss[0m: 12.6008, [1;34mreconstruction loss[0m: 11.9099]
2026-08-14 20:04:38,962 - INFO - Epoch 39/1000
2026-08-14 20:04:38,962 - INFO - Train loss: 12.600812315940857.
2026-08-14 20:04:38,962 - INFO - Reconstruction loss: 11.909892797470093.
2026-08-14 20:04:39,224 - INFO - [1;32mepoch 39 training[0m [[1;34mtime[0m: 0.26s, [1;34mtrain loss[0m: 12.5600, [1;34mreconstruction loss[0m: 11.8602]
2026-08-14 20:04:39,224 - INFO - Epoch 40/1000
2026-08-14 20:04:39,224 - INFO - Train loss: 12.56004250049591.
2026-08-14 20:04:39,224 - INFO - Reconstruction loss: 11.860211730003357.
2026-08-14 20:04:39,501 - INFO - [1;34mSaving current[0m: ./ckpt/Instruments/Aug-14-2026_20-04-16_beta_1.000_codebook_[64,128,256]_sk_0.000/best_loss_model.pth
2026-08-14 20:04:39,528 - INFO - [1;34mSaving current[0m: ./ckpt/Instruments/Aug-14-2026_20-04-16_beta_1.000_codebook_[64,128,256]_sk_0.000/best_collision_model.pth
2026-08-14 20:04:39,528 - INFO - [1;32mepoch 39 evaluating[0m [[1;34mtime[0m: 0.30s, [1;34mcollision_rate[0m: 0.101290]
2026-08-14 20:04:39,554 - INFO - [1;34mSaving current[0m: ./ckpt/Instruments/Aug-14-2026_20-04-16_beta_1.000_codebook_[64,128,256]_sk_0.000/epoch_39_collision_0.1013_model.pth
2026-08-14 20:04:39,558 - INFO - Collision_rate: 0.10129006248740173.
2026-08-14 20:04:39,852 - INFO - [1;32mepoch 40 training[0m [[1;34mtime[0m: 0.29s, [1;34mtrain loss[0m: 12.5244, [1;34mreconstruction loss[0m: 11.7996]
2026-08-14 20:04:39,852 - INFO - Epoch 41/1000
2026-08-14 20:04:39,852 - INFO - Train loss: 12.524428844451904.
2026-08-14 20:04:39,852 - INFO - Reconstruction loss: 11.799646139144897.
2026-08-14 20:04:40,149 - INFO - [1;32mepoch 41 training[0m [[1;34mtime[0m: 0.30s, [1;34mtrain loss[0m: 12.4780, [1;34mreconstruction loss[0m: 11.7428]
2026-08-14 20:04:40,150 - INFO - Epoch 42/1000
2026-08-14 20:04:40,150 - INFO - Train loss: 12.478011012077332.
2026-08-14 20:04:40,150 - INFO - Reconstruction loss: 11.74275255203247.
2026-08-14 20:04:40,434 - INFO - [1;32mepoch 42 training[0m [[1;34mtime[0m: 0.28s, [1;34mtrain loss[0m: 12.4501, [1;34mreconstruction loss[0m: 11.6887]
2026-08-14 20:04:40,435 - INFO - Epoch 43/1000
2026-08-14 20:04:40,435 - INFO - Train loss: 12.450095415115356.
2026-08-14 20:04:40,435 - INFO - Reconstruction loss: 11.688744068145752.
2026-08-14 20:04:40,731 - INFO - [1;32mepoch 43 training[0m [[1;34mtime[0m: 0.30s, [1;34mtrain loss[0m: 12.4581, [1;34mreconstruction loss[0m: 11.6660]
2026-08-14 20:04:40,732 - INFO - Epoch 44/1000
2026-08-14 20:04:40,732 - INFO - Train loss: 12.458147048950195.
2026-08-14 20:04:40,732 - INFO - Reconstruction loss: 11.666012287139893.
2026-08-14 20:04:41,036 - INFO - [1;32mepoch 44 training[0m [[1;34mtime[0m: 0.30s, [1;34mtrain loss[0m: 12.4587, [1;34mreconstruction loss[0m: 11.6415]
2026-08-14 20:04:41,037 - INFO - Epoch 45/1000
2026-08-14 20:04:41,037 - INFO - Train loss: 12.45872676372528.
2026-08-14 20:04:41,037 - INFO - Reconstruction loss: 11.641521453857422.
2026-08-14 20:04:41,312 - INFO - [1;34mSaving current[0m: ./ckpt/Instruments/Aug-14-2026_20-04-16_beta_1.000_codebook_[64,128,256]_sk_0.000/best_loss_model.pth
2026-08-14 20:04:41,342 - INFO - [1;34mSaving current[0m: ./ckpt/Instruments/Aug-14-2026_20-04-16_beta_1.000_codebook_[64,128,256]_sk_0.000/best_collision_model.pth
2026-08-14 20:04:41,342 - INFO - [1;32mepoch 44 evaluating[0m [[1;34mtime[0m: 0.31s, [1;34mcollision_rate[0m: 0.098569]
2026-08-14 20:04:41,365 - INFO - [1;34mSaving current[0m: ./ckpt/Instruments/Aug-14-2026_20-04-16_beta_1.000_codebook_[64,128,256]_sk_0.000/epoch_44_collision_0.0986_model.pth
2026-08-14 20:04:41,370 - INFO - Collision_rate: 0.09856883692803871.
2026-08-14 20:04:41,657 - INFO - [1;32mepoch 45 training[0m [[1;34mtime[0m: 0.29s, [1;34mtrain loss[0m: 12.4444, [1;34mreconstruction loss[0m: 11.6161]
2026-08-14 20:04:41,657 - INFO - Epoch 46/1000
2026-08-14 20:04:41,657 - INFO - Train loss: 12.444404602050781.
2026-08-14 20:04:41,657 - INFO - Reconstruction loss: 11.616089344024658.
2026-08-14 20:04:41,957 - INFO - [1;32mepoch 46 training[0m [[1;34mtime[0m: 0.30s, [1;34mtrain loss[0m: 12.3954, [1;34mreconstruction loss[0m: 11.5584]
2026-08-14 20:04:41,957 - INFO - Epoch 47/1000
2026-08-14 20:04:41,957 - INFO - Train loss: 12.395396947860718.
2026-08-14 20:04:41,957 - INFO - Reconstruction loss: 11.558394432067871.
2026-08-14 20:04:42,269 - INFO - [1;32mepoch 47 training[0m [[1;34mtime[0m: 0.31s, [1;34mtrain loss[0m: 12.3722, [1;34mreconstruction loss[0m: 11.5082]
2026-08-14 20:04:42,270 - INFO - Epoch 48/1000
2026-08-14 20:04:42,270 - INFO - Train loss: 12.372220635414124.
2026-08-14 20:04:42,270 - INFO - Reconstruction loss: 11.508158802986145.
2026-08-14 20:04:42,553 - INFO - [1;32mepoch 48 training[0m [[1;34mtime[0m: 0.28s, [1;34mtrain loss[0m: 12.3574, [1;34mreconstruction loss[0m: 11.4670]
2026-08-14 20:04:42,553 - INFO - Epoch 49/1000
2026-08-14 20:04:42,553 - INFO - Train loss: 12.357446789741516.
2026-08-14 20:04:42,553 - INFO - Reconstruction loss: 11.467048645019531.
2026-08-14 20:04:42,836 - INFO - [1;32mepoch 49 training[0m [[1;34mtime[0m: 0.28s, [1;34mtrain loss[0m: 12.3416, [1;34mreconstruction loss[0m: 11.4226]
2026-08-14 20:04:42,836 - INFO - Epoch 50/1000
2026-08-14 20:04:42,836 - INFO - Train loss: 12.341569781303406.
2026-08-14 20:04:42,836 - INFO - Reconstruction loss: 11.422580242156982.
2026-08-14 20:04:43,105 - INFO - [1;34mSaving current[0m: ./ckpt/Instruments/Aug-14-2026_20-04-16_beta_1.000_codebook_[64,128,256]_sk_0.000/best_loss_model.pth
2026-08-14 20:04:43,133 - INFO - [1;34mSaving current[0m: ./ckpt/Instruments/Aug-14-2026_20-04-16_beta_1.000_codebook_[64,128,256]_sk_0.000/best_collision_model.pth
2026-08-14 20:04:43,133 - INFO - [1;32mepoch 49 evaluating[0m [[1;34mtime[0m: 0.30s, [1;34mcollision_rate[0m: 0.093630]
2026-08-14 20:04:43,157 - INFO - [1;34mSaving current[0m: ./ckpt/Instruments/Aug-14-2026_20-04-16_beta_1.000_codebook_[64,128,256]_sk_0.000/epoch_49_collision_0.0936_model.pth
2026-08-14 20:04:43,161 - INFO - Collision_rate: 0.09363031646845395.
2026-08-14 20:04:43,453 - INFO - [1;32mepoch 50 training[0m [[1;34mtime[0m: 0.29s, [1;34mtrain loss[0m: 12.3180, [1;34mreconstruction loss[0m: 11.3811]
2026-08-14 20:04:43,453 - INFO - Epoch 51/1000
2026-08-14 20:04:43,453 - INFO - Train loss: 12.3180330991745.
2026-08-14 20:04:43,453 - INFO - Reconstruction loss: 11.381123185157776.
2026-08-14 20:04:43,748 - INFO - [1;32mepoch 51 training[0m [[1;34mtime[0m: 0.29s, [1;34mtrain loss[0m: 12.3214, [1;34mreconstruction loss[0m: 11.3560]
2026-08-14 20:04:43,749 - INFO - Epoch 52/1000
2026-08-14 20:04:43,749 - INFO - Train loss: 12.321439981460571.
2026-08-14 20:04:43,749 - INFO - Reconstruction loss: 11.355999112129211.
2026-08-14 20:04:44,033 - INFO - [1;32mepoch 52 training[0m [[1;34mtime[0m: 0.28s, [1;34mtrain loss[0m: 12.3000, [1;34mreconstruction loss[0m: 11.3143]
2026-08-14 20:04:44,033 - INFO - Epoch 53/1000
2026-08-14 20:04:44,033 - INFO - Train loss: 12.299968361854553.
2026-08-14 20:04:44,033 - INFO - Reconstruction loss: 11.314297676086426.
2026-08-14 20:04:44,310 - INFO - [1;32mepoch 53 training[0m [[1;34mtime[0m: 0.28s, [1;34mtrain loss[0m: 12.3381, [1;34mreconstruction loss[0m: 11.3167]
2026-08-14 20:04:44,310 - INFO - Epoch 54/1000
2026-08-14 20:04:44,310 - INFO - Train loss: 12.338117599487305.
2026-08-14 20:04:44,310 - INFO - Reconstruction loss: 11.316650748252869.
2026-08-14 20:04:44,614 - INFO - [1;32mepoch 54 training[0m [[1;34mtime[0m: 0.30s, [1;34mtrain loss[0m: 12.2833, [1;34mreconstruction loss[0m: 11.2503]
2026-08-14 20:04:44,614 - INFO - Epoch 55/1000
2026-08-14 20:04:44,614 - INFO - Train loss: 12.283307313919067.
2026-08-14 20:04:44,614 - INFO - Reconstruction loss: 11.250330567359924.
2026-08-14 20:04:44,890 - INFO - [1;34mSaving current[0m: ./ckpt/Instruments/Aug-14-2026_20-04-16_beta_1.000_codebook_[64,128,256]_sk_0.000/best_loss_model.pth
2026-08-14 20:04:44,918 - INFO - [1;34mSaving current[0m: ./ckpt/Instruments/Aug-14-2026_20-04-16_beta_1.000_codebook_[64,128,256]_sk_0.000/best_collision_model.pth
2026-08-14 20:04:44,918 - INFO - [1;32mepoch 54 evaluating[0m [[1;34mtime[0m: 0.30s, [1;34mcollision_rate[0m: 0.092723]
2026-08-14 20:04:44,944 - INFO - [1;34mSaving current[0m: ./ckpt/Instruments/Aug-14-2026_20-04-16_beta_1.000_codebook_[64,128,256]_sk_0.000/epoch_54_collision_0.0927_model.pth
2026-08-14 20:04:44,944 - INFO - Collision_rate: 0.0927232412819996.
2026-08-14 20:04:45,252 - INFO - [1;32mepoch 55 training[0m [[1;34mtime[0m: 0.31s, [1;34mtrain loss[0m: 12.2935, [1;34mreconstruction loss[0m: 11.2370]
2026-08-14 20:04:45,252 - INFO - Epoch 56/1000
2026-08-14 20:04:45,252 - INFO - Train loss: 12.293533325195312.
2026-08-14 20:04:45,252 - INFO - Reconstruction loss: 11.236997961997986.
2026-08-14 20:04:45,555 - INFO - [1;32mepoch 56 training[0m [[1;34mtime[0m: 0.30s, [1;34mtrain loss[0m: 12.2985, [1;34mreconstruction loss[0m: 11.2045]
2026-08-14 20:04:45,556 - INFO - Epoch 57/1000
2026-08-14 20:04:45,556 - INFO - Train loss: 12.298474907875061.
2026-08-14 20:04:45,556 - INFO - Reconstruction loss: 11.204507946968079.
2026-08-14 20:04:45,860 - INFO - [1;32mepoch 57 training[0m [[1;34mtime[0m: 0.30s, [1;34mtrain loss[0m: 12.2912, [1;34mreconstruction loss[0m: 11.1935]
2026-08-14 20:04:45,860 - INFO - Epoch 58/1000
2026-08-14 20:04:45,860 - INFO - Train loss: 12.29117476940155.
2026-08-14 20:04:45,860 - INFO - Reconstruction loss: 11.19350016117096.
2026-08-14 20:04:46,123 - INFO - [1;32mepoch 58 training[0m [[1;34mtime[0m: 0.26s, [1;34mtrain loss[0m: 12.2452, [1;34mreconstruction loss[0m: 11.1257]
2026-08-14 20:04:46,124 - INFO - Epoch 59/1000
2026-08-14 20:04:46,124 - INFO - Train loss: 12.24519693851471.
2026-08-14 20:04:46,124 - INFO - Reconstruction loss: 11.12574326992035.
2026-08-14 20:04:46,420 - INFO - [1;32mepoch 59 training[0m [[1;34mtime[0m: 0.30s, [1;34mtrain loss[0m: 12.2315, [1;34mreconstruction loss[0m: 11.0876]
2026-08-14 20:04:46,420 - INFO - Epoch 60/1000
2026-08-14 20:04:46,420 - INFO - Train loss: 12.231481432914734.
2026-08-14 20:04:46,420 - INFO - Reconstruction loss: 11.087638974189758.
2026-08-14 20:04:46,708 - INFO - [1;34mSaving current[0m: ./ckpt/Instruments/Aug-14-2026_20-04-16_beta_1.000_codebook_[64,128,256]_sk_0.000/best_loss_model.pth
2026-08-14 20:04:46,708 - INFO - [1;32mepoch 59 evaluating[0m [[1;34mtime[0m: 0.29s, [1;34mcollision_rate[0m: 0.100585]
2026-08-14 20:04:46,733 - INFO - [1;34mSaving current[0m: ./ckpt/Instruments/Aug-14-2026_20-04-16_beta_1.000_codebook_[64,128,256]_sk_0.000/epoch_59_collision_0.1006_model.pth
2026-08-14 20:04:46,741 - INFO - Collision_rate: 0.10058455956460391.
2026-08-14 20:04:47,038 - INFO - [1;32mepoch 60 training[0m [[1;34mtime[0m: 0.30s, [1;34mtrain loss[0m: 12.1990, [1;34mreconstruction loss[0m: 11.0509]
2026-08-14 20:04:47,039 - INFO - Epoch 61/1000
2026-08-14 20:04:47,039 - INFO - Train loss: 12.199042677879333.
2026-08-14 20:04:47,039 - INFO - Reconstruction loss: 11.050896763801575.
2026-08-14 20:04:47,345 - INFO - [1;32mepoch 61 training[0m [[1;34mtime[0m: 0.31s, [1;34mtrain loss[0m: 12.2416, [1;34mreconstruction loss[0m: 11.0432]
2026-08-14 20:04:47,345 - INFO - Epoch 62/1000
2026-08-14 20:04:47,345 - INFO - Train loss: 12.24156141281128.
2026-08-14 20:04:47,345 - INFO - Reconstruction loss: 11.043218493461609.
2026-08-14 20:04:47,629 - INFO - [1;32mepoch 62 training[0m [[1;34mtime[0m: 0.28s, [1;34mtrain loss[0m: 12.3248, [1;34mreconstruction loss[0m: 11.0923]
2026-08-14 20:04:47,630 - INFO - Epoch 63/1000
2026-08-14 20:04:47,630 - INFO - Train loss: 12.324769854545593.
2026-08-14 20:04:47,630 - INFO - Reconstruction loss: 11.092278480529785.
2026-08-14 20:04:47,927 - INFO - [1;32mepoch 63 training[0m [[1;34mtime[0m: 0.30s, [1;34mtrain loss[0m: 12.2307, [1;34mreconstruction loss[0m: 10.9920]
2026-08-14 20:04:47,927 - INFO - Epoch 64/1000
2026-08-14 20:04:47,927 - INFO - Train loss: 12.230652689933777.
2026-08-14 20:04:47,927 - INFO - Reconstruction loss: 10.992049932479858.
2026-08-14 20:04:48,228 - INFO - [1;32mepoch 64 training[0m [[1;34mtime[0m: 0.30s, [1;34mtrain loss[0m: 12.2134, [1;34mreconstruction loss[0m: 10.9651]
2026-08-14 20:04:48,228 - INFO - Epoch 65/1000
2026-08-14 20:04:48,228 - INFO - Train loss: 12.213430166244507.
2026-08-14 20:04:48,228 - INFO - Reconstruction loss: 10.965096354484558.
2026-08-14 20:04:48,513 - INFO - [1;34mSaving current[0m: ./ckpt/Instruments/Aug-14-2026_20-04-16_beta_1.000_codebook_[64,128,256]_sk_0.000/best_loss_model.pth
2026-08-14 20:04:48,513 - INFO - [1;32mepoch 64 evaluating[0m [[1;34mtime[0m: 0.29s, [1;34mcollision_rate[0m: 0.101592]
2026-08-14 20:04:48,538 - INFO - [1;34mSaving current[0m: ./ckpt/Instruments/Aug-14-2026_20-04-16_beta_1.000_codebook_[64,128,256]_sk_0.000/epoch_64_collision_0.1016_model.pth
2026-08-14 20:04:48,539 - INFO - Collision_rate: 0.10159242088288652.
2026-08-14 20:04:48,840 - INFO - [1;32mepoch 65 training[0m [[1;34mtime[0m: 0.30s, [1;34mtrain loss[0m: 12.2262, [1;34mreconstruction loss[0m: 10.9420]
2026-08-14 20:04:48,840 - INFO - Epoch 66/1000
2026-08-14 20:04:48,840 - INFO - Train loss: 12.226190447807312.
2026-08-14 20:04:48,840 - INFO - Reconstruction loss: 10.941957831382751.
2026-08-14 20:04:49,116 - INFO - [1;32mepoch 66 training[0m [[1;34mtime[0m: 0.28s, [1;34mtrain loss[0m: 12.2055, [1;34mreconstruction loss[0m: 10.9013]
2026-08-14 20:04:49,116 - INFO - Epoch 67/1000
2026-08-14 20:04:49,116 - INFO - Train loss: 12.205535650253296.
2026-08-14 20:04:49,116 - INFO - Reconstruction loss: 10.901267409324646.
2026-08-14 20:04:49,422 - INFO - [1;32mepoch 67 training[0m [[1;34mtime[0m: 0.31s, [1;34mtrain loss[0m: 12.2368, [1;34mreconstruction loss[0m: 10.9015]
2026-08-14 20:04:49,422 - INFO - Epoch 68/1000
2026-08-14 20:04:49,422 - INFO - Train loss: 12.236764430999756.
2026-08-14 20:04:49,422 - INFO - Reconstruction loss: 10.901537418365479.
2026-08-14 20:04:49,718 - INFO - [1;32mepoch 68 training[0m [[1;34mtime[0m: 0.30s, [1;34mtrain loss[0m: 12.2916, [1;34mreconstruction loss[0m: 10.9207]
2026-08-14 20:04:49,718 - INFO - Epoch 69/1000
2026-08-14 20:04:49,718 - INFO - Train loss: 12.291609168052673.
2026-08-14 20:04:49,718 - INFO - Reconstruction loss: 10.920667171478271.
2026-08-14 20:04:50,018 - INFO - [1;32mepoch 69 training[0m [[1;34mtime[0m: 0.30s, [1;34mtrain loss[0m: 12.2410, [1;34mreconstruction loss[0m: 10.8706]
2026-08-14 20:04:50,018 - INFO - Epoch 70/1000
2026-08-14 20:04:50,018 - INFO - Train loss: 12.240957617759705.
2026-08-14 20:04:50,018 - INFO - Reconstruction loss: 10.870607137680054.
2026-08-14 20:04:50,258 - INFO - [1;32mepoch 69 evaluating[0m [[1;34mtime[0m: 0.24s, [1;34mcollision_rate[0m: 0.110361]
2026-08-14 20:04:50,285 - INFO - [1;34mSaving current[0m: ./ckpt/Instruments/Aug-14-2026_20-04-16_beta_1.000_codebook_[64,128,256]_sk_0.000/epoch_69_collision_0.1104_model.pth
2026-08-14 20:04:50,285 - INFO - Collision_rate: 0.11036081435194517.
2026-08-14 20:04:50,549 - INFO - [1;32mepoch 70 training[0m [[1;34mtime[0m: 0.26s, [1;34mtrain loss[0m: 12.2345, [1;34mreconstruction loss[0m: 10.8408]
2026-08-14 20:04:50,549 - INFO - Epoch 71/1000
2026-08-14 20:04:50,549 - INFO - Train loss: 12.234538435935974.
2026-08-14 20:04:50,549 - INFO - Reconstruction loss: 10.840820670127869.
2026-08-14 20:04:50,845 - INFO - [1;32mepoch 71 training[0m [[1;34mtime[0m: 0.30s, [1;34mtrain loss[0m: 12.2459, [1;34mreconstruction loss[0m: 10.8161]
2026-08-14 20:04:50,845 - INFO - Epoch 72/1000
2026-08-14 20:04:50,845 - INFO - Train loss: 12.2458815574646.
2026-08-14 20:04:50,845 - INFO - Reconstruction loss: 10.816079497337341.
2026-08-14 20:04:51,136 - INFO - [1;32mepoch 72 training[0m [[1;34mtime[0m: 0.29s, [1;34mtrain loss[0m: 12.2560, [1;34mreconstruction loss[0m: 10.8269]
2026-08-14 20:04:51,136 - INFO - Epoch 73/1000
2026-08-14 20:04:51,136 - INFO - Train loss: 12.255980610847473.
2026-08-14 20:04:51,136 - INFO - Reconstruction loss: 10.82690691947937.
2026-08-14 20:04:51,418 - INFO - [1;32mepoch 73 training[0m [[1;34mtime[0m: 0.28s, [1;34mtrain loss[0m: 12.2540, [1;34mreconstruction loss[0m: 10.7829]
2026-08-14 20:04:51,419 - INFO - Epoch 74/1000
2026-08-14 20:04:51,419 - INFO - Train loss: 12.254024982452393.
2026-08-14 20:04:51,419 - INFO - Reconstruction loss: 10.782899618148804.
2026-08-14 20:04:51,727 - INFO - [1;32mepoch 74 training[0m [[1;34mtime[0m: 0.31s, [1;34mtrain loss[0m: 12.2253, [1;34mreconstruction loss[0m: 10.7500]
2026-08-14 20:04:51,727 - INFO - Epoch 75/1000
2026-08-14 20:04:51,727 - INFO - Train loss: 12.22533929347992.
2026-08-14 20:04:51,727 - INFO - Reconstruction loss: 10.750011086463928.
2026-08-14 20:04:51,993 - INFO - [1;32mepoch 74 evaluating[0m [[1;34mtime[0m: 0.27s, [1;34mcollision_rate[0m: 0.109151]
2026-08-14 20:04:52,023 - INFO - [1;34mSaving current[0m: ./ckpt/Instruments/Aug-14-2026_20-04-16_beta_1.000_codebook_[64,128,256]_sk_0.000/epoch_74_collision_0.1092_model.pth
2026-08-14 20:04:52,023 - INFO - Collision_rate: 0.10915138077000605.
2026-08-14 20:04:52,315 - INFO - [1;32mepoch 75 training[0m [[1;34mtime[0m: 0.29s, [1;34mtrain loss[0m: 12.2867, [1;34mreconstruction loss[0m: 10.7680]
2026-08-14 20:04:52,315 - INFO - Epoch 76/1000
2026-08-14 20:04:52,315 - INFO - Train loss: 12.286691188812256.
2026-08-14 20:04:52,315 - INFO - Reconstruction loss: 10.76802933216095.
2026-08-14 20:04:52,626 - INFO - [1;32mepoch 76 training[0m [[1;34mtime[0m: 0.31s, [1;34mtrain loss[0m: 12.2687, [1;34mreconstruction loss[0m: 10.7403]
2026-08-14 20:04:52,627 - INFO - Epoch 77/1000
2026-08-14 20:04:52,627 - INFO - Train loss: 12.268680334091187.
2026-08-14 20:04:52,627 - INFO - Reconstruction loss: 10.740262627601624.
2026-08-14 20:04:52,941 - INFO - [1;32mepoch 77 training[0m [[1;34mtime[0m: 0.31s, [1;34mtrain loss[0m: 12.2239, [1;34mreconstruction loss[0m: 10.6945]
2026-08-14 20:04:52,942 - INFO - Epoch 78/1000
2026-08-14 20:04:52,942 - INFO - Train loss: 12.22394609451294.
2026-08-14 20:04:52,942 - INFO - Reconstruction loss: 10.694479703903198.
2026-08-14 20:04:53,263 - INFO - [1;32mepoch 78 training[0m [[1;34mtime[0m: 0.32s, [1;34mtrain loss[0m: 12.2819, [1;34mreconstruction loss[0m: 10.7050]
2026-08-14 20:04:53,264 - INFO - Epoch 79/1000
2026-08-14 20:04:53,264 - INFO - Train loss: 12.281930804252625.
2026-08-14 20:04:53,264 - INFO - Reconstruction loss: 10.705029249191284.
2026-08-14 20:04:53,583 - INFO - [1;32mepoch 79 training[0m [[1;34mtime[0m: 0.32s, [1;34mtrain loss[0m: 12.2965, [1;34mreconstruction loss[0m: 10.7109]
2026-08-14 20:04:53,584 - INFO - Epoch 80/1000
2026-08-14 20:04:53,584 - INFO - Train loss: 12.296545147895813.
2026-08-14 20:04:53,584 - INFO - Reconstruction loss: 10.71088433265686.
2026-08-14 20:04:53,833 - INFO - [1;32mepoch 79 evaluating[0m [[1;34mtime[0m: 0.25s, [1;34mcollision_rate[0m: 0.111268]
2026-08-14 20:04:53,860 - INFO - [1;34mSaving current[0m: ./ckpt/Instruments/Aug-14-2026_20-04-16_beta_1.000_codebook_[64,128,256]_sk_0.000/epoch_79_collision_0.1113_model.pth
2026-08-14 20:04:53,860 - INFO - Collision_rate: 0.11126788953839951.
2026-08-14 20:04:54,167 - INFO - [1;32mepoch 80 training[0m [[1;34mtime[0m: 0.31s, [1;34mtrain loss[0m: 12.2979, [1;34mreconstruction loss[0m: 10.6855]
2026-08-14 20:04:54,167 - INFO - Epoch 81/1000
2026-08-14 20:04:54,167 - INFO - Train loss: 12.297940611839294.
2026-08-14 20:04:54,167 - INFO - Reconstruction loss: 10.685531258583069.
2026-08-14 20:04:54,448 - INFO - [1;32mepoch 81 training[0m [[1;34mtime[0m: 0.28s, [1;34mtrain loss[0m: 12.2533, [1;34mreconstruction loss[0m: 10.6347]
2026-08-14 20:04:54,448 - INFO - Epoch 82/1000
2026-08-14 20:04:54,448 - INFO - Train loss: 12.253281593322754.
2026-08-14 20:04:54,448 - INFO - Reconstruction loss: 10.634653925895691.
2026-08-14 20:04:54,744 - INFO - [1;32mepoch 82 training[0m [[1;34mtime[0m: 0.30s, [1;34mtrain loss[0m: 12.3146, [1;34mreconstruction loss[0m: 10.6608]
2026-08-14 20:04:54,744 - INFO - Epoch 83/1000
2026-08-14 20:04:54,744 - INFO - Train loss: 12.314592480659485.
2026-08-14 20:04:54,744 - INFO - Reconstruction loss: 10.660783529281616.
2026-08-14 20:04:55,043 - INFO - [1;32mepoch 83 training[0m [[1;34mtime[0m: 0.30s, [1;34mtrain loss[0m: 12.2654, [1;34mreconstruction loss[0m: 10.6080]
2026-08-14 20:04:55,043 - INFO - Epoch 84/1000
2026-08-14 20:04:55,043 - INFO - Train loss: 12.265428304672241.
2026-08-14 20:04:55,043 - INFO - Reconstruction loss: 10.608002305030823.
2026-08-14 20:04:55,335 - INFO - [1;32mepoch 84 training[0m [[1;34mtime[0m: 0.29s, [1;34mtrain loss[0m: 12.2805, [1;34mreconstruction loss[0m: 10.5914]
2026-08-14 20:04:55,335 - INFO - Epoch 85/1000
2026-08-14 20:04:55,335 - INFO - Train loss: 12.28053343296051.
2026-08-14 20:04:55,335 - INFO - Reconstruction loss: 10.591405391693115.
2026-08-14 20:04:55,582 - INFO - [1;32mepoch 84 evaluating[0m [[1;34mtime[0m: 0.25s, [1;34mcollision_rate[0m: 0.112477]
2026-08-14 20:04:55,608 - INFO - [1;34mSaving current[0m: ./ckpt/Instruments/Aug-14-2026_20-04-16_beta_1.000_codebook_[64,128,256]_sk_0.000/epoch_84_collision_0.1125_model.pth
2026-08-14 20:04:55,608 - INFO - Collision_rate: 0.11247732312033865.
2026-08-14 20:04:55,904 - INFO - [1;32mepoch 85 training[0m [[1;34mtime[0m: 0.30s, [1;34mtrain loss[0m: 12.3334, [1;34mreconstruction loss[0m: 10.5996]
2026-08-14 20:04:55,905 - INFO - Epoch 86/1000
2026-08-14 20:04:55,905 - INFO - Train loss: 12.333376049995422.
2026-08-14 20:04:55,905 - INFO - Reconstruction loss: 10.599560737609863.
2026-08-14 20:04:56,206 - INFO - [1;32mepoch 86 training[0m [[1;34mtime[0m: 0.30s, [1;34mtrain loss[0m: 12.2833, [1;34mreconstruction loss[0m: 10.5691]
2026-08-14 20:04:56,207 - INFO - Epoch 87/1000
2026-08-14 20:04:56,207 - INFO - Train loss: 12.283276557922363.
2026-08-14 20:04:56,207 - INFO - Reconstruction loss: 10.569100022315979.
2026-08-14 20:04:56,497 - INFO - [1;32mepoch 87 training[0m [[1;34mtime[0m: 0.29s, [1;34mtrain loss[0m: 12.3199, [1;34mreconstruction loss[0m: 10.5564]
2026-08-14 20:04:56,497 - INFO - Epoch 88/1000
2026-08-14 20:04:56,497 - INFO - Train loss: 12.31991982460022.
2026-08-14 20:04:56,497 - INFO - Reconstruction loss: 10.556368708610535.
2026-08-14 20:04:56,782 - INFO - [1;32mepoch 88 training[0m [[1;34mtime[0m: 0.28s, [1;34mtrain loss[0m: 12.2922, [1;34mreconstruction loss[0m: 10.5302]
2026-08-14 20:04:56,782 - INFO - Epoch 89/1000
2026-08-14 20:04:56,782 - INFO - Train loss: 12.292212963104248.
2026-08-14 20:04:56,782 - INFO - Reconstruction loss: 10.53016459941864.
2026-08-14 20:04:57,072 - INFO - [1;32mepoch 89 training[0m [[1;34mtime[0m: 0.29s, [1;34mtrain loss[0m: 12.3508, [1;34mreconstruction loss[0m: 10.5337]
2026-08-14 20:04:57,072 - INFO - Epoch 90/1000
2026-08-14 20:04:57,072 - INFO - Train loss: 12.35075855255127.
2026-08-14 20:04:57,072 - INFO - Reconstruction loss: 10.533713102340698.
2026-08-14 20:04:57,334 - INFO - [1;32mepoch 89 evaluating[0m [[1;34mtime[0m: 0.26s, [1;34mcollision_rate[0m: 0.109756]
2026-08-14 20:04:57,361 - INFO - [1;34mSaving current[0m: ./ckpt/Instruments/Aug-14-2026_20-04-16_beta_1.000_codebook_[64,128,256]_sk_0.000/epoch_89_collision_0.1098_model.pth
2026-08-14 20:04:57,365 - INFO - Collision_rate: 0.10975609756097561.
2026-08-14 20:04:57,640 - INFO - [1;32mepoch 90 training[0m [[1;34mtime[0m: 0.27s, [1;34mtrain loss[0m: 12.3112, [1;34mreconstruction loss[0m: 10.5133]
2026-08-14 20:04:57,640 - INFO - Epoch 91/1000
2026-08-14 20:04:57,640 - INFO - Train loss: 12.311220526695251.
2026-08-14 20:04:57,640 - INFO - Reconstruction loss: 10.513256072998047.
2026-08-14 20:04:57,907 - INFO - [1;32mepoch 91 training[0m [[1;34mtime[0m: 0.27s, [1;34mtrain loss[0m: 12.3343, [1;34mreconstruction loss[0m: 10.5074]
2026-08-14 20:04:57,907 - INFO - Epoch 92/1000
2026-08-14 20:04:57,907 - INFO - Train loss: 12.334328651428223.
2026-08-14 20:04:57,907 - INFO - Reconstruction loss: 10.50738513469696.
2026-08-14 20:04:58,204 - INFO - [1;32mepoch 92 training[0m [[1;34mtime[0m: 0.30s, [1;34mtrain loss[0m: 12.3510, [1;34mreconstruction loss[0m: 10.4763]
2026-08-14 20:04:58,204 - INFO - Epoch 93/1000
2026-08-14 20:04:58,204 - INFO - Train loss: 12.35096788406372.
2026-08-14 20:04:58,204 - INFO - Reconstruction loss: 10.47627866268158.
2026-08-14 20:04:58,493 - INFO - [1;32mepoch 93 training[0m [[1;34mtime[0m: 0.29s, [1;34mtrain loss[0m: 12.3617, [1;34mreconstruction loss[0m: 10.4691]
2026-08-14 20:04:58,493 - INFO - Epoch 94/1000
2026-08-14 20:04:58,493 - INFO - Train loss: 12.361682891845703.
2026-08-14 20:04:58,493 - INFO - Reconstruction loss: 10.469132900238037.
2026-08-14 20:04:58,792 - INFO - [1;32mepoch 94 training[0m [[1;34mtime[0m: 0.30s, [1;34mtrain loss[0m: 12.3963, [1;34mreconstruction loss[0m: 10.4776]
2026-08-14 20:04:58,792 - INFO - Epoch 95/1000
2026-08-14 20:04:58,792 - INFO - Train loss: 12.396341681480408.
2026-08-14 20:04:58,792 - INFO - Reconstruction loss: 10.477647066116333.
2026-08-14 20:04:59,037 - INFO - [1;32mepoch 94 evaluating[0m [[1;34mtime[0m: 0.24s, [1;34mcollision_rate[0m: 0.108446]
2026-08-14 20:04:59,064 - INFO - [1;34mSaving current[0m: ./ckpt/Instruments/Aug-14-2026_20-04-16_beta_1.000_codebook_[64,128,256]_sk_0.000/epoch_94_collision_0.1084_model.pth
2026-08-14 20:04:59,068 - INFO - Collision_rate: 0.10844587784720823.
2026-08-14 20:04:59,365 - INFO - [1;32mepoch 95 training[0m [[1;34mtime[0m: 0.30s, [1;34mtrain loss[0m: 12.3659, [1;34mreconstruction loss[0m: 10.4442]
2026-08-14 20:04:59,365 - INFO - Epoch 96/1000
2026-08-14 20:04:59,365 - INFO - Train loss: 12.365909099578857.
2026-08-14 20:04:59,365 - INFO - Reconstruction loss: 10.444171667098999.
2026-08-14 20:04:59,645 - INFO - [1;32mepoch 96 training[0m [[1;34mtime[0m: 0.28s, [1;34mtrain loss[0m: 12.4362, [1;34mreconstruction loss[0m: 10.4686]
2026-08-14 20:04:59,646 - INFO - Epoch 97/1000
2026-08-14 20:04:59,646 - INFO - Train loss: 12.43624210357666.
2026-08-14 20:04:59,646 - INFO - Reconstruction loss: 10.468565583229065.
2026-08-14 20:04:59,928 - INFO - [1;32mepoch 97 training[0m [[1;34mtime[0m: 0.28s, [1;34mtrain loss[0m: 12.3755, [1;34mreconstruction loss[0m: 10.4279]
2026-08-14 20:04:59,929 - INFO - Epoch 98/1000
2026-08-14 20:04:59,929 - INFO - Train loss: 12.375505924224854.
2026-08-14 20:04:59,929 - INFO - Reconstruction loss: 10.427895307540894.
2026-08-14 20:05:00,241 - INFO - [1;32mepoch 98 training[0m [[1;34mtime[0m: 0.31s, [1;34mtrain loss[0m: 12.3916, [1;34mreconstruction loss[0m: 10.4266]
2026-08-14 20:05:00,241 - INFO - Epoch 99/1000
2026-08-14 20:05:00,241 - INFO - Train loss: 12.391620874404907.
2026-08-14 20:05:00,241 - INFO - Reconstruction loss: 10.426586508750916.
2026-08-14 20:05:00,517 - INFO - [1;32mepoch 99 training[0m [[1;34mtime[0m: 0.28s, [1;34mtrain loss[0m: 12.3863, [1;34mreconstruction loss[0m: 10.3947]
2026-08-14 20:05:00,517 - INFO - Epoch 100/1000
2026-08-14 20:05:00,517 - INFO - Train loss: 12.386317014694214.
2026-08-14 20:05:00,517 - INFO - Reconstruction loss: 10.394696354866028.
2026-08-14 20:05:00,752 - INFO - [1;32mepoch 99 evaluating[0m [[1;34mtime[0m: 0.23s, [1;34mcollision_rate[0m: 0.109555]
2026-08-14 20:05:00,780 - INFO - [1;34mSaving current[0m: ./ckpt/Instruments/Aug-14-2026_20-04-16_beta_1.000_codebook_[64,128,256]_sk_0.000/epoch_99_collision_0.1096_model.pth
2026-08-14 20:05:00,784 - INFO - Collision_rate: 0.10955452529731909.
2026-08-14 20:05:01,085 - INFO - [1;32mepoch 100 training[0m [[1;34mtime[0m: 0.30s, [1;34mtrain loss[0m: 12.3651, [1;34mreconstruction loss[0m: 10.3616]
2026-08-14 20:05:01,085 - INFO - Epoch 101/1000
2026-08-14 20:05:01,085 - INFO - Train loss: 12.365128755569458.
2026-08-14 20:05:01,085 - INFO - Reconstruction loss: 10.361613512039185.
2026-08-14 20:05:01,387 - INFO - [1;32mepoch 101 training[0m [[1;34mtime[0m: 0.30s, [1;34mtrain loss[0m: 12.3572, [1;34mreconstruction loss[0m: 10.3336]
2026-08-14 20:05:01,388 - INFO - Epoch 102/1000
2026-08-14 20:05:01,388 - INFO - Train loss: 12.357156753540039.
2026-08-14 20:05:01,388 - INFO - Reconstruction loss: 10.333618998527527.
2026-08-14 20:05:01,687 - INFO - [1;32mepoch 102 training[0m [[1;34mtime[0m: 0.30s, [1;34mtrain loss[0m: 12.4199, [1;34mreconstruction loss[0m: 10.3664]
2026-08-14 20:05:01,687 - INFO - Epoch 103/1000
2026-08-14 20:05:01,687 - INFO - Train loss: 12.419886231422424.
2026-08-14 20:05:01,687 - INFO - Reconstruction loss: 10.366366386413574.
2026-08-14 20:05:01,980 - INFO - [1;32mepoch 103 training[0m [[1;34mtime[0m: 0.29s, [1;34mtrain loss[0m: 12.4347, [1;34mreconstruction loss[0m: 10.3492]
2026-08-14 20:05:01,980 - INFO - Epoch 104/1000
2026-08-14 20:05:01,980 - INFO - Train loss: 12.434733033180237.
2026-08-14 20:05:01,980 - INFO - Reconstruction loss: 10.34916603565216.
2026-08-14 20:05:02,269 - INFO - [1;32mepoch 104 training[0m [[1;34mtime[0m: 0.29s, [1;34mtrain loss[0m: 12.4198, [1;34mreconstruction loss[0m: 10.3233]
2026-08-14 20:05:02,269 - INFO - Epoch 105/1000
2026-08-14 20:05:02,269 - INFO - Train loss: 12.419790625572205.
2026-08-14 20:05:02,269 - INFO - Reconstruction loss: 10.323309659957886.
2026-08-14 20:05:02,505 - INFO - [1;32mepoch 104 evaluating[0m [[1;34mtime[0m: 0.24s, [1;34mcollision_rate[0m: 0.115602]
2026-08-14 20:05:02,532 - INFO - [1;34mSaving current[0m: ./ckpt/Instruments/Aug-14-2026_20-04-16_beta_1.000_codebook_[64,128,256]_sk_0.000/epoch_104_collision_0.1156_model.pth
2026-08-14 20:05:02,537 - INFO - Collision_rate: 0.11560169320701472.
2026-08-14 20:05:02,816 - INFO - [1;32mepoch 105 training[0m [[1;34mtime[0m: 0.28s, [1;34mtrain loss[0m: 12.4649, [1;34mreconstruction loss[0m: 10.3340]
2026-08-14 20:05:02,817 - INFO - Epoch 106/1000
2026-08-14 20:05:02,817 - INFO - Train loss: 12.46493113040924.
2026-08-14 20:05:02,817 - INFO - Reconstruction loss: 10.334049463272095.
2026-08-14 20:05:03,121 - INFO - [1;32mepoch 106 training[0m [[1;34mtime[0m: 0.30s, [1;34mtrain loss[0m: 12.4440, [1;34mreconstruction loss[0m: 10.3100]
2026-08-14 20:05:03,122 - INFO - Epoch 107/1000
2026-08-14 20:05:03,122 - INFO - Train loss: 12.443962574005127.
2026-08-14 20:05:03,122 - INFO - Reconstruction loss: 10.309965968132019.
2026-08-14 20:05:03,417 - INFO - [1;32mepoch 107 training[0m [[1;34mtime[0m: 0.30s, [1;34mtrain loss[0m: 12.4887, [1;34mreconstruction loss[0m: 10.3144]
2026-08-14 20:05:03,417 - INFO - Epoch 108/1000
2026-08-14 20:05:03,417 - INFO - Train loss: 12.488746047019958.
2026-08-14 20:05:03,417 - INFO - Reconstruction loss: 10.314404845237732.
2026-08-14 20:05:03,738 - INFO - [1;32mepoch 108 training[0m [[1;34mtime[0m: 0.32s, [1;34mtrain loss[0m: 12.4949, [1;34mreconstruction loss[0m: 10.2973]
2026-08-14 20:05:03,739 - INFO - Epoch 109/1000
2026-08-14 20:05:03,739 - INFO - Train loss: 12.494900107383728.
2026-08-14 20:05:03,739 - INFO - Reconstruction loss: 10.297304272651672.
2026-08-14 20:05:04,044 - INFO - [1;32mepoch 109 training[0m [[1;34mtime[0m: 0.31s, [1;34mtrain loss[0m: 12.4806, [1;34mreconstruction loss[0m: 10.2889]
2026-08-14 20:05:04,044 - INFO - Epoch 110/1000
2026-08-14 20:05:04,044 - INFO - Train loss: 12.480635643005371.
2026-08-14 20:05:04,044 - INFO - Reconstruction loss: 10.288888692855835.
2026-08-14 20:05:04,289 - INFO - [1;32mepoch 109 evaluating[0m [[1;34mtime[0m: 0.25s, [1;34mcollision_rate[0m: 0.115803]
2026-08-14 20:05:04,318 - INFO - [1;34mSaving current[0m: ./ckpt/Instruments/Aug-14-2026_20-04-16_beta_1.000_codebook_[64,128,256]_sk_0.000/epoch_109_collision_0.1158_model.pth
2026-08-14 20:05:04,321 - INFO - Collision_rate: 0.11580326547067124.
2026-08-14 20:05:04,621 - INFO - [1;32mepoch 110 training[0m [[1;34mtime[0m: 0.30s, [1;34mtrain loss[0m: 12.4907, [1;34mreconstruction loss[0m: 10.2636]
2026-08-14 20:05:04,621 - INFO - Epoch 111/1000
2026-08-14 20:05:04,621 - INFO - Train loss: 12.490670680999756.
2026-08-14 20:05:04,621 - INFO - Reconstruction loss: 10.263624429702759.
2026-08-14 20:05:04,918 - INFO - [1;32mepoch 111 training[0m [[1;34mtime[0m: 0.30s, [1;34mtrain loss[0m: 12.4978, [1;34mreconstruction loss[0m: 10.2483]
2026-08-14 20:05:04,918 - INFO - Epoch 112/1000
2026-08-14 20:05:04,918 - INFO - Train loss: 12.497848510742188.
2026-08-14 20:05:04,918 - INFO - Reconstruction loss: 10.248316884040833.
2026-08-14 20:05:05,216 - INFO - [1;32mepoch 112 training[0m [[1;34mtime[0m: 0.30s, [1;34mtrain loss[0m: 12.4914, [1;34mreconstruction loss[0m: 10.2403]
2026-08-14 20:05:05,216 - INFO - Epoch 113/1000
2026-08-14 20:05:05,216 - INFO - Train loss: 12.491398334503174.
2026-08-14 20:05:05,216 - INFO - Reconstruction loss: 10.240286707878113.
2026-08-14 20:05:05,510 - INFO - [1;32mepoch 113 training[0m [[1;34mtime[0m: 0.29s, [1;34mtrain loss[0m: 12.5537, [1;34mreconstruction loss[0m: 10.2479]
2026-08-14 20:05:05,511 - INFO - Epoch 114/1000
2026-08-14 20:05:05,511 - INFO - Train loss: 12.553666710853577.
2026-08-14 20:05:05,511 - INFO - Reconstruction loss: 10.24785053730011.
2026-08-14 20:05:05,824 - INFO - [1;32mepoch 114 training[0m [[1;34mtime[0m: 0.31s, [1;34mtrain loss[0m: 12.5422, [1;34mreconstruction loss[0m: 10.2417]
2026-08-14 20:05:05,824 - INFO - Epoch 115/1000
2026-08-14 20:05:05,824 - INFO - Train loss: 12.542184829711914.
2026-08-14 20:05:05,824 - INFO - Reconstruction loss: 10.241657495498657.
2026-08-14 20:05:06,050 - INFO - [1;32mepoch 114 evaluating[0m [[1;34mtime[0m: 0.23s, [1;34mcollision_rate[0m: 0.113485]
2026-08-14 20:05:06,077 - INFO - [1;34mSaving current[0m: ./ckpt/Instruments/Aug-14-2026_20-04-16_beta_1.000_codebook_[64,128,256]_sk_0.000/epoch_114_collision_0.1135_model.pth
2026-08-14 20:05:06,081 - INFO - Collision_rate: 0.11348518443862124.
2026-08-14 20:05:06,392 - INFO - [1;32mepoch 115 training[0m [[1;34mtime[0m: 0.31s, [1;34mtrain loss[0m: 12.5084, [1;34mreconstruction loss[0m: 10.2021]
2026-08-14 20:05:06,392 - INFO - Epoch 116/1000
2026-08-14 20:05:06,392 - INFO - Train loss: 12.508390307426453.
2026-08-14 20:05:06,392 - INFO - Reconstruction loss: 10.202103018760681.
2026-08-14 20:05:06,677 - INFO - [1;32mepoch 116 training[0m [[1;34mtime[0m: 0.28s, [1;34mtrain loss[0m: 12.5347, [1;34mreconstruction loss[0m: 10.2166]
2026-08-14 20:05:06,677 - INFO - Epoch 117/1000
2026-08-14 20:05:06,677 - INFO - Train loss: 12.534690499305725.
2026-08-14 20:05:06,677 - INFO - Reconstruction loss: 10.216647624969482.
2026-08-14 20:05:06,977 - INFO - [1;32mepoch 117 training[0m [[1;34mtime[0m: 0.30s, [1;34mtrain loss[0m: 12.5720, [1;34mreconstruction loss[0m: 10.1982]
2026-08-14 20:05:06,977 - INFO - Epoch 118/1000
2026-08-14 20:05:06,977 - INFO - Train loss: 12.572014570236206.
2026-08-14 20:05:06,977 - INFO - Reconstruction loss: 10.198198080062866.
2026-08-14 20:05:07,252 - INFO - [1;32mepoch 118 training[0m [[1;34mtime[0m: 0.27s, [1;34mtrain loss[0m: 12.5356, [1;34mreconstruction loss[0m: 10.1688]
2026-08-14 20:05:07,252 - INFO - Epoch 119/1000
2026-08-14 20:05:07,252 - INFO - Train loss: 12.53560471534729.
2026-08-14 20:05:07,253 - INFO - Reconstruction loss: 10.168763041496277.
2026-08-14 20:05:07,551 - INFO - [1;32mepoch 119 training[0m [[1;34mtime[0m: 0.30s, [1;34mtrain loss[0m: 12.5331, [1;34mreconstruction loss[0m: 10.1612]
2026-08-14 20:05:07,551 - INFO - Epoch 120/1000
2026-08-14 20:05:07,551 - INFO - Train loss: 12.533103585243225.
2026-08-14 20:05:07,551 - INFO - Reconstruction loss: 10.161216020584106.
2026-08-14 20:05:07,800 - INFO - [1;32mepoch 119 evaluating[0m [[1;34mtime[0m: 0.25s, [1;34mcollision_rate[0m: 0.115199]
2026-08-14 20:05:07,829 - INFO - [1;34mSaving current[0m: ./ckpt/Instruments/Aug-14-2026_20-04-16_beta_1.000_codebook_[64,128,256]_sk_0.000/epoch_119_collision_0.1152_model.pth
2026-08-14 20:05:07,833 - INFO - Collision_rate: 0.11519854867970167.
2026-08-14 20:05:08,135 - INFO - [1;32mepoch 120 training[0m [[1;34mtime[0m: 0.30s, [1;34mtrain loss[0m: 12.5558, [1;34mreconstruction loss[0m: 10.1693]
2026-08-14 20:05:08,135 - INFO - Epoch 121/1000
2026-08-14 20:05:08,135 - INFO - Train loss: 12.555777192115784.
2026-08-14 20:05:08,135 - INFO - Reconstruction loss: 10.169278502464294.
2026-08-14 20:05:08,432 - INFO - [1;32mepoch 121 training[0m [[1;34mtime[0m: 0.30s, [1;34mtrain loss[0m: 12.5747, [1;34mreconstruction loss[0m: 10.1459]
2026-08-14 20:05:08,432 - INFO - Epoch 122/1000
2026-08-14 20:05:08,432 - INFO - Train loss: 12.574666619300842.
2026-08-14 20:05:08,432 - INFO - Reconstruction loss: 10.14586889743805.
2026-08-14 20:05:08,732 - INFO - [1;32mepoch 122 training[0m [[1;34mtime[0m: 0.30s, [1;34mtrain loss[0m: 12.5583, [1;34mreconstruction loss[0m: 10.1303]
2026-08-14 20:05:08,732 - INFO - Epoch 123/1000
2026-08-14 20:05:08,732 - INFO - Train loss: 12.558342933654785.
2026-08-14 20:05:08,732 - INFO - Reconstruction loss: 10.130256175994873.
2026-08-14 20:05:09,014 - INFO - [1;32mepoch 123 training[0m [[1;34mtime[0m: 0.28s, [1;34mtrain loss[0m: 12.5747, [1;34mreconstruction loss[0m: 10.1223]
2026-08-14 20:05:09,015 - INFO - Epoch 124/1000
2026-08-14 20:05:09,015 - INFO - Train loss: 12.574655532836914.
2026-08-14 20:05:09,015 - INFO - Reconstruction loss: 10.122307538986206.
2026-08-14 20:05:09,305 - INFO - [1;32mepoch 124 training[0m [[1;34mtime[0m: 0.29s, [1;34mtrain loss[0m: 12.6190, [1;34mreconstruction loss[0m: 10.1157]
2026-08-14 20:05:09,305 - INFO - Epoch 125/1000
2026-08-14 20:05:09,305 - INFO - Train loss: 12.619021892547607.
2026-08-14 20:05:09,305 - INFO - Reconstruction loss: 10.11571729183197.
2026-08-14 20:05:09,555 - INFO - [1;32mepoch 124 evaluating[0m [[1;34mtime[0m: 0.25s, [1;34mcollision_rate[0m: 0.115501]
2026-08-14 20:05:09,583 - INFO - [1;34mSaving current[0m: ./ckpt/Instruments/Aug-14-2026_20-04-16_beta_1.000_codebook_[64,128,256]_sk_0.000/epoch_124_collision_0.1155_model.pth
2026-08-14 20:05:09,587 - INFO - Collision_rate: 0.11550090707518645.
2026-08-14 20:05:09,883 - INFO - [1;32mepoch 125 training[0m [[1;34mtime[0m: 0.30s, [1;34mtrain loss[0m: 12.6412, [1;34mreconstruction loss[0m: 10.1163]
2026-08-14 20:05:09,883 - INFO - Epoch 126/1000
2026-08-14 20:05:09,883 - INFO - Train loss: 12.641172885894775.
2026-08-14 20:05:09,883 - INFO - Reconstruction loss: 10.116293668746948.
2026-08-14 20:05:10,175 - INFO - [1;32mepoch 126 training[0m [[1;34mtime[0m: 0.29s, [1;34mtrain loss[0m: 12.6446, [1;34mreconstruction loss[0m: 10.1142]
2026-08-14 20:05:10,176 - INFO - Epoch 127/1000
2026-08-14 20:05:10,176 - INFO - Train loss: 12.644559979438782.
2026-08-14 20:05:10,176 - INFO - Reconstruction loss: 10.114240765571594.
2026-08-14 20:05:10,482 - INFO - [1;32mepoch 127 training[0m [[1;34mtime[0m: 0.31s, [1;34mtrain loss[0m: 12.6578, [1;34mreconstruction loss[0m: 10.1177]
2026-08-14 20:05:10,482 - INFO - Epoch 128/1000
2026-08-14 20:05:10,482 - INFO - Train loss: 12.657827854156494.
2026-08-14 20:05:10,483 - INFO - Reconstruction loss: 10.117701053619385.
2026-08-14 20:05:10,792 - INFO - [1;32mepoch 128 training[0m [[1;34mtime[0m: 0.31s, [1;34mtrain loss[0m: 12.6372, [1;34mreconstruction loss[0m: 10.0774]
2026-08-14 20:05:10,792 - INFO - Epoch 129/1000
2026-08-14 20:05:10,792 - INFO - Train loss: 12.637238144874573.
2026-08-14 20:05:10,792 - INFO - Reconstruction loss: 10.077356159687042.
2026-08-14 20:05:11,088 - INFO - [1;32mepoch 129 training[0m [[1;34mtime[0m: 0.30s, [1;34mtrain loss[0m: 12.6759, [1;34mreconstruction loss[0m: 10.0776]
2026-08-14 20:05:11,088 - INFO - Epoch 130/1000
2026-08-14 20:05:11,088 - INFO - Train loss: 12.675915122032166.
2026-08-14 20:05:11,088 - INFO - Reconstruction loss: 10.077634274959564.
2026-08-14 20:05:11,298 - INFO - [1;32mepoch 129 evaluating[0m [[1;34mtime[0m: 0.21s, [1;34mcollision_rate[0m: 0.121548]
2026-08-14 20:05:11,323 - INFO - [1;34mSaving current[0m: ./ckpt/Instruments/Aug-14-2026_20-04-16_beta_1.000_codebook_[64,128,256]_sk_0.000/epoch_129_collision_0.1215_model.pth
2026-08-14 20:05:11,327 - INFO - Collision_rate: 0.12154807498488208.
2026-08-14 20:05:11,621 - INFO - [1;32mepoch 130 training[0m [[1;34mtime[0m: 0.29s, [1;34mtrain loss[0m: 12.7080, [1;34mreconstruction loss[0m: 10.0869]
2026-08-14 20:05:11,622 - INFO - Epoch 131/1000
2026-08-14 20:05:11,622 - INFO - Train loss: 12.708011269569397.
2026-08-14 20:05:11,622 - INFO - Reconstruction loss: 10.086897611618042.
2026-08-14 20:05:11,928 - INFO - [1;32mepoch 131 training[0m [[1;34mtime[0m: 0.31s, [1;34mtrain loss[0m: 12.6576, [1;34mreconstruction loss[0m: 10.0533]
2026-08-14 20:05:11,928 - INFO - Epoch 132/1000
2026-08-14 20:05:11,928 - INFO - Train loss: 12.657618761062622.
2026-08-14 20:05:11,928 - INFO - Reconstruction loss: 10.053282678127289.
2026-08-14 20:05:12,214 - INFO - [1;32mepoch 132 training[0m [[1;34mtime[0m: 0.29s, [1;34mtrain loss[0m: 12.7428, [1;34mreconstruction loss[0m: 10.0845]
2026-08-14 20:05:12,214 - INFO - Epoch 133/1000
2026-08-14 20:05:12,214 - INFO - Train loss: 12.742766380310059.
2026-08-14 20:05:12,214 - INFO - Reconstruction loss: 10.08449238538742.
2026-08-14 20:05:12,511 - INFO - [1;32mepoch 133 training[0m [[1;34mtime[0m: 0.30s, [1;34mtrain loss[0m: 12.7229, [1;34mreconstruction loss[0m: 10.0559]
2026-08-14 20:05:12,512 - INFO - Epoch 134/1000
2026-08-14 20:05:12,512 - INFO - Train loss: 12.722911834716797.
2026-08-14 20:05:12,512 - INFO - Reconstruction loss: 10.055898427963257.
2026-08-14 20:05:12,812 - INFO - [1;32mepoch 134 training[0m [[1;34mtime[0m: 0.30s, [1;34mtrain loss[0m: 12.6780, [1;34mreconstruction loss[0m: 10.0421]
2026-08-14 20:05:12,813 - INFO - Epoch 135/1000
2026-08-14 20:05:12,813 - INFO - Train loss: 12.67800486087799.
2026-08-14 20:05:12,813 - INFO - Reconstruction loss: 10.042085766792297.
2026-08-14 20:05:13,072 - INFO - [1;32mepoch 134 evaluating[0m [[1;34mtime[0m: 0.26s, [1;34mcollision_rate[0m: 0.119532]
2026-08-14 20:05:13,098 - INFO - [1;34mSaving current[0m: ./ckpt/Instruments/Aug-14-2026_20-04-16_beta_1.000_codebook_[64,128,256]_sk_0.000/epoch_134_collision_0.1195_model.pth
2026-08-14 20:05:13,102 - INFO - Collision_rate: 0.11953235234831687.
2026-08-14 20:05:13,409 - INFO - [1;32mepoch 135 training[0m [[1;34mtime[0m: 0.31s, [1;34mtrain loss[0m: 12.7053, [1;34mreconstruction loss[0m: 10.0260]
2026-08-14 20:05:13,409 - INFO - Epoch 136/1000
2026-08-14 20:05:13,409 - INFO - Train loss: 12.705302953720093.
2026-08-14 20:05:13,409 - INFO - Reconstruction loss: 10.026021718978882.
2026-08-14 20:05:13,700 - INFO - [1;32mepoch 136 training[0m [[1;34mtime[0m: 0.29s, [1;34mtrain loss[0m: 12.7015, [1;34mreconstruction loss[0m: 10.0111]
2026-08-14 20:05:13,700 - INFO - Epoch 137/1000
2026-08-14 20:05:13,700 - INFO - Train loss: 12.701498031616211.
2026-08-14 20:05:13,700 - INFO - Reconstruction loss: 10.011095523834229.
2026-08-14 20:05:13,986 - INFO - [1;32mepoch 137 training[0m [[1;34mtime[0m: 0.29s, [1;34mtrain loss[0m: 12.6772, [1;34mreconstruction loss[0m: 9.9989]
2026-08-14 20:05:13,986 - INFO - Epoch 138/1000
2026-08-14 20:05:13,986 - INFO - Train loss: 12.677211284637451.
2026-08-14 20:05:13,986 - INFO - Reconstruction loss: 9.998853921890259.
2026-08-14 20:05:14,288 - INFO - [1;32mepoch 138 training[0m [[1;34mtime[0m: 0.30s, [1;34mtrain loss[0m: 12.7364, [1;34mreconstruction loss[0m: 10.0119]
2026-08-14 20:05:14,288 - INFO - Epoch 139/1000
2026-08-14 20:05:14,288 - INFO - Train loss: 12.736353635787964.
2026-08-14 20:05:14,288 - INFO - Reconstruction loss: 10.011901378631592.
2026-08-14 20:05:14,589 - INFO - [1;32mepoch 139 training[0m [[1;34mtime[0m: 0.30s, [1;34mtrain loss[0m: 12.7201, [1;34mreconstruction loss[0m: 9.9808]
2026-08-14 20:05:14,589 - INFO - Epoch 140/1000
2026-08-14 20:05:14,589 - INFO - Train loss: 12.720083832740784.
2026-08-14 20:05:14,589 - INFO - Reconstruction loss: 9.980813801288605.
2026-08-14 20:05:14,842 - INFO - [1;32mepoch 139 evaluating[0m [[1;34mtime[0m: 0.25s, [1;34mcollision_rate[0m: 0.118827]
2026-08-14 20:05:14,870 - INFO - [1;34mSaving current[0m: ./ckpt/Instruments/Aug-14-2026_20-04-16_beta_1.000_codebook_[64,128,256]_sk_0.000/epoch_139_collision_0.1188_model.pth
2026-08-14 20:05:14,873 - INFO - Collision_rate: 0.11882684942551905.
2026-08-14 20:05:15,172 - INFO - [1;32mepoch 140 training[0m [[1;34mtime[0m: 0.30s, [1;34mtrain loss[0m: 12.7276, [1;34mreconstruction loss[0m: 9.9970]
2026-08-14 20:05:15,172 - INFO - Epoch 141/1000
2026-08-14 20:05:15,172 - INFO - Train loss: 12.727595090866089.
2026-08-14 20:05:15,173 - INFO - Reconstruction loss: 9.997044622898102.
2026-08-14 20:05:15,481 - INFO - [1;32mepoch 141 training[0m [[1;34mtime[0m: 0.31s, [1;34mtrain loss[0m: 12.7708, [1;34mreconstruction loss[0m: 9.9771]
2026-08-14 20:05:15,482 - INFO - Epoch 142/1000
2026-08-14 20:05:15,482 - INFO - Train loss: 12.770818948745728.
2026-08-14 20:05:15,482 - INFO - Reconstruction loss: 9.97711855173111.
2026-08-14 20:05:15,778 - INFO - [1;32mepoch 142 training[0m [[1;34mtime[0m: 0.30s, [1;34mtrain loss[0m: 12.7193, [1;34mreconstruction loss[0m: 9.9667]
2026-08-14 20:05:15,778 - INFO - Epoch 143/1000
2026-08-14 20:05:15,778 - INFO - Train loss: 12.71929395198822.
2026-08-14 20:05:15,778 - INFO - Reconstruction loss: 9.966692209243774.
2026-08-14 20:05:16,068 - INFO - [1;32mepoch 143 training[0m [[1;34mtime[0m: 0.29s, [1;34mtrain loss[0m: 12.7925, [1;34mreconstruction loss[0m: 9.9684]
2026-08-14 20:05:16,068 - INFO - Epoch 144/1000
2026-08-14 20:05:16,068 - INFO - Train loss: 12.792494535446167.
2026-08-14 20:05:16,068 - INFO - Reconstruction loss: 9.968361794948578.
2026-08-14 20:05:16,339 - INFO - [1;32mepoch 144 training[0m [[1;34mtime[0m: 0.27s, [1;34mtrain loss[0m: 12.7938, [1;34mreconstruction loss[0m: 9.9536]
2026-08-14 20:05:16,339 - INFO - Epoch 145/1000
2026-08-14 20:05:16,339 - INFO - Train loss: 12.793776631355286.
2026-08-14 20:05:16,339 - INFO - Reconstruction loss: 9.953603148460388.
2026-08-14 20:05:16,577 - INFO - [1;32mepoch 144 evaluating[0m [[1;34mtime[0m: 0.24s, [1;34mcollision_rate[0m: 0.123060]
2026-08-14 20:05:16,606 - INFO - [1;34mSaving current[0m: ./ckpt/Instruments/Aug-14-2026_20-04-16_beta_1.000_codebook_[64,128,256]_sk_0.000/epoch_144_collision_0.1231_model.pth
2026-08-14 20:05:16,610 - INFO - Collision_rate: 0.12305986696230599.
2026-08-14 20:05:16,922 - INFO - [1;32mepoch 145 training[0m [[1;34mtime[0m: 0.31s, [1;34mtrain loss[0m: 12.8389, [1;34mreconstruction loss[0m: 9.9686]
2026-08-14 20:05:16,922 - INFO - Epoch 146/1000
2026-08-14 20:05:16,922 - INFO - Train loss: 12.83893609046936.
2026-08-14 20:05:16,922 - INFO - Reconstruction loss: 9.968554854393005.
2026-08-14 20:05:17,218 - INFO - [1;32mepoch 146 training[0m [[1;34mtime[0m: 0.30s, [1;34mtrain loss[0m: 12.8448, [1;34mreconstruction loss[0m: 9.9674]
2026-08-14 20:05:17,219 - INFO - Epoch 147/1000
2026-08-14 20:05:17,219 - INFO - Train loss: 12.84476387500763.
2026-08-14 20:05:17,219 - INFO - Reconstruction loss: 9.967439353466034.
2026-08-14 20:05:17,523 - INFO - [1;32mepoch 147 training[0m [[1;34mtime[0m: 0.30s, [1;34mtrain loss[0m: 12.7873, [1;34mreconstruction loss[0m: 9.9364]
2026-08-14 20:05:17,524 - INFO - Epoch 148/1000
2026-08-14 20:05:17,524 - INFO - Train loss: 12.787306666374207.
2026-08-14 20:05:17,524 - INFO - Reconstruction loss: 9.936423778533936.
2026-08-14 20:05:17,823 - INFO - [1;32mepoch 148 training[0m [[1;34mtime[0m: 0.30s, [1;34mtrain loss[0m: 12.8397, [1;34mreconstruction loss[0m: 9.9401]
2026-08-14 20:05:17,823 - INFO - Epoch 149/1000
2026-08-14 20:05:17,824 - INFO - Train loss: 12.839728116989136.
2026-08-14 20:05:17,824 - INFO - Reconstruction loss: 9.94006359577179.
2026-08-14 20:05:18,107 - INFO - [1;32mepoch 149 training[0m [[1;34mtime[0m: 0.28s, [1;34mtrain loss[0m: 12.8451, [1;34mreconstruction loss[0m: 9.9325]
2026-08-14 20:05:18,107 - INFO - Epoch 150/1000
2026-08-14 20:05:18,107 - INFO - Train loss: 12.845102548599243.
2026-08-14 20:05:18,107 - INFO - Reconstruction loss: 9.932527959346771.
2026-08-14 20:05:18,362 - INFO - [1;32mepoch 149 evaluating[0m [[1;34mtime[0m: 0.25s, [1;34mcollision_rate[0m: 0.118928]
2026-08-14 20:05:18,391 - INFO - [1;34mSaving current[0m: ./ckpt/Instruments/Aug-14-2026_20-04-16_beta_1.000_codebook_[64,128,256]_sk_0.000/epoch_149_collision_0.1189_model.pth
2026-08-14 20:05:18,395 - INFO - Collision_rate: 0.11892763555734731.
2026-08-14 20:05:18,687 - INFO - [1;32mepoch 150 training[0m [[1;34mtime[0m: 0.29s, [1;34mtrain loss[0m: 12.8810, [1;34mreconstruction loss[0m: 9.9246]
2026-08-14 20:05:18,687 - INFO - Epoch 151/1000
2026-08-14 20:05:18,687 - INFO - Train loss: 12.880988478660583.
2026-08-14 20:05:18,687 - INFO - Reconstruction loss: 9.92460322380066.
2026-08-14 20:05:18,988 - INFO - [1;32mepoch 151 training[0m [[1;34mtime[0m: 0.30s, [1;34mtrain loss[0m: 12.8332, [1;34mreconstruction loss[0m: 9.9183]
2026-08-14 20:05:18,988 - INFO - Epoch 152/1000
2026-08-14 20:05:18,988 - INFO - Train loss: 12.833182096481323.
2026-08-14 20:05:18,988 - INFO - Reconstruction loss: 9.918294906616211.
2026-08-14 20:05:19,288 - INFO - [1;32mepoch 152 training[0m [[1;34mtime[0m: 0.30s, [1;34mtrain loss[0m: 12.9110, [1;34mreconstruction loss[0m: 9.9199]
2026-08-14 20:05:19,289 - INFO - Epoch 153/1000
2026-08-14 20:05:19,289 - INFO - Train loss: 12.91103196144104.
2026-08-14 20:05:19,289 - INFO - Reconstruction loss: 9.91994035243988.
2026-08-14 20:05:19,582 - INFO - [1;32mepoch 153 training[0m [[1;34mtime[0m: 0.29s, [1;34mtrain loss[0m: 12.8760, [1;34mreconstruction loss[0m: 9.9245]
2026-08-14 20:05:19,582 - INFO - Epoch 154/1000
2026-08-14 20:05:19,582 - INFO - Train loss: 12.875996351242065.
2026-08-14 20:05:19,582 - INFO - Reconstruction loss: 9.924495697021484.
2026-08-14 20:05:19,886 - INFO - [1;32mepoch 154 training[0m [[1;34mtime[0m: 0.30s, [1;34mtrain loss[0m: 12.8901, [1;34mreconstruction loss[0m: 9.8940]
2026-08-14 20:05:19,886 - INFO - Epoch 155/1000
2026-08-14 20:05:19,886 - INFO - Train loss: 12.890109777450562.
2026-08-14 20:05:19,886 - INFO - Reconstruction loss: 9.89400601387024.
2026-08-14 20:05:20,112 - INFO - [1;32mepoch 154 evaluating[0m [[1;34mtime[0m: 0.23s, [1;34mcollision_rate[0m: 0.123161]
2026-08-14 20:05:20,141 - INFO - [1;34mSaving current[0m: ./ckpt/Instruments/Aug-14-2026_20-04-16_beta_1.000_codebook_[64,128,256]_sk_0.000/epoch_154_collision_0.1232_model.pth
2026-08-14 20:05:20,145 - INFO - Collision_rate: 0.12316065309413425.
2026-08-14 20:05:20,444 - INFO - [1;32mepoch 155 training[0m [[1;34mtime[0m: 0.30s, [1;34mtrain loss[0m: 12.9392, [1;34mreconstruction loss[0m: 9.8964]
2026-08-14 20:05:20,444 - INFO - Epoch 156/1000
2026-08-14 20:05:20,444 - INFO - Train loss: 12.939183712005615.
2026-08-14 20:05:20,444 - INFO - Reconstruction loss: 9.896441519260406.
2026-08-14 20:05:20,738 - INFO - [1;32mepoch 156 training[0m [[1;34mtime[0m: 0.29s, [1;34mtrain loss[0m: 12.9435, [1;34mreconstruction loss[0m: 9.9103]
2026-08-14 20:05:20,739 - INFO - Epoch 157/1000
2026-08-14 20:05:20,739 - INFO - Train loss: 12.94350814819336.
2026-08-14 20:05:20,739 - INFO - Reconstruction loss: 9.91025024652481.
2026-08-14 20:05:21,038 - INFO - [1;32mepoch 157 training[0m [[1;34mtime[0m: 0.30s, [1;34mtrain loss[0m: 12.9787, [1;34mreconstruction loss[0m: 9.9051]
2026-08-14 20:05:21,039 - INFO - Epoch 158/1000
2026-08-14 20:05:21,039 - INFO - Train loss: 12.978715777397156.
2026-08-14 20:05:21,039 - INFO - Reconstruction loss: 9.90512603521347.
2026-08-14 20:05:21,342 - INFO - [1;32mepoch 158 training[0m [[1;34mtime[0m: 0.30s, [1;34mtrain loss[0m: 12.9620, [1;34mreconstruction loss[0m: 9.8854]
2026-08-14 20:05:21,343 - INFO - Epoch 159/1000
2026-08-14 20:05:21,343 - INFO - Train loss: 12.962011218070984.
2026-08-14 20:05:21,343 - INFO - Reconstruction loss: 9.885407865047455.
2026-08-14 20:05:21,639 - INFO - [1;32mepoch 159 training[0m [[1;34mtime[0m: 0.30s, [1;34mtrain loss[0m: 12.9611, [1;34mreconstruction loss[0m: 9.8739]
2026-08-14 20:05:21,639 - INFO - Epoch 160/1000
2026-08-14 20:05:21,640 - INFO - Train loss: 12.961065530776978.
2026-08-14 20:05:21,640 - INFO - Reconstruction loss: 9.873886108398438.
2026-08-14 20:05:21,871 - INFO - [1;32mepoch 159 evaluating[0m [[1;34mtime[0m: 0.23s, [1;34mcollision_rate[0m: 0.123463]
2026-08-14 20:05:21,900 - INFO - [1;34mSaving current[0m: ./ckpt/Instruments/Aug-14-2026_20-04-16_beta_1.000_codebook_[64,128,256]_sk_0.000/epoch_159_collision_0.1235_model.pth
2026-08-14 20:05:21,904 - INFO - Collision_rate: 0.12346301148961902.
2026-08-14 20:05:22,197 - INFO - [1;32mepoch 160 training[0m [[1;34mtime[0m: 0.29s, [1;34mtrain loss[0m: 12.9459, [1;34mreconstruction loss[0m: 9.8563]
2026-08-14 20:05:22,197 - INFO - Epoch 161/1000
2026-08-14 20:05:22,197 - INFO - Train loss: 12.945923209190369.
2026-08-14 20:05:22,197 - INFO - Reconstruction loss: 9.856330871582031.
2026-08-14 20:05:22,495 - INFO - [1;32mepoch 161 training[0m [[1;34mtime[0m: 0.30s, [1;34mtrain loss[0m: 12.9938, [1;34mreconstruction loss[0m: 9.8616]
2026-08-14 20:05:22,495 - INFO - Epoch 162/1000
2026-08-14 20:05:22,495 - INFO - Train loss: 12.993783235549927.
2026-08-14 20:05:22,495 - INFO - Reconstruction loss: 9.861612856388092.
2026-08-14 20:05:22,788 - INFO - [1;32mepoch 162 training[0m [[1;34mtime[0m: 0.29s, [1;34mtrain loss[0m: 12.9931, [1;34mreconstruction loss[0m: 9.8649]
2026-08-14 20:05:22,788 - INFO - Epoch 163/1000
2026-08-14 20:05:22,788 - INFO - Train loss: 12.99313509464264.
2026-08-14 20:05:22,788 - INFO - Reconstruction loss: 9.864871084690094.
2026-08-14 20:05:23,086 - INFO - [1;32mepoch 163 training[0m [[1;34mtime[0m: 0.30s, [1;34mtrain loss[0m: 12.9867, [1;34mreconstruction loss[0m: 9.8483]
2026-08-14 20:05:23,086 - INFO - Epoch 164/1000
2026-08-14 20:05:23,086 - INFO - Train loss: 12.98674201965332.
2026-08-14 20:05:23,086 - INFO - Reconstruction loss: 9.848258376121521.
2026-08-14 20:05:23,389 - INFO - [1;32mepoch 164 training[0m [[1;34mtime[0m: 0.30s, [1;34mtrain loss[0m: 12.9630, [1;34mreconstruction loss[0m: 9.8346]
2026-08-14 20:05:23,390 - INFO - Epoch 165/1000
2026-08-14 20:05:23,390 - INFO - Train loss: 12.963037967681885.
2026-08-14 20:05:23,390 - INFO - Reconstruction loss: 9.834608435630798.
2026-08-14 20:05:23,649 - INFO - [1;32mepoch 164 evaluating[0m [[1;34mtime[0m: 0.26s, [1;34mcollision_rate[0m: 0.120339]
2026-08-14 20:05:23,677 - INFO - [1;34mSaving current[0m: ./ckpt/Instruments/Aug-14-2026_20-04-16_beta_1.000_codebook_[64,128,256]_sk_0.000/epoch_164_collision_0.1203_model.pth
2026-08-14 20:05:23,681 - INFO - Collision_rate: 0.12033864140294295.
2026-08-14 20:05:23,979 - INFO - [1;32mepoch 165 training[0m [[1;34mtime[0m: 0.30s, [1;34mtrain loss[0m: 13.0248, [1;34mreconstruction loss[0m: 9.8390]
2026-08-14 20:05:23,979 - INFO - Epoch 166/1000
2026-08-14 20:05:23,979 - INFO - Train loss: 13.024840831756592.
2026-08-14 20:05:23,979 - INFO - Reconstruction loss: 9.838990867137909.
2026-08-14 20:05:24,281 - INFO - [1;32mepoch 166 training[0m [[1;34mtime[0m: 0.30s, [1;34mtrain loss[0m: 13.0421, [1;34mreconstruction loss[0m: 9.8462]
2026-08-14 20:05:24,281 - INFO - Epoch 167/1000
2026-08-14 20:05:24,281 - INFO - Train loss: 13.042117834091187.
2026-08-14 20:05:24,281 - INFO - Reconstruction loss: 9.846200704574585.
2026-08-14 20:05:24,582 - INFO - [1;32mepoch 167 training[0m [[1;34mtime[0m: 0.30s, [1;34mtrain loss[0m: 13.0208, [1;34mreconstruction loss[0m: 9.8253]
2026-08-14 20:05:24,582 - INFO - Epoch 168/1000
2026-08-14 20:05:24,582 - INFO - Train loss: 13.02081298828125.
2026-08-14 20:05:24,582 - INFO - Reconstruction loss: 9.825314402580261.
2026-08-14 20:05:24,867 - INFO - [1;32mepoch 168 training[0m [[1;34mtime[0m: 0.28s, [1;34mtrain loss[0m: 13.0119, [1;34mreconstruction loss[0m: 9.7977]
2026-08-14 20:05:24,868 - INFO - Epoch 169/1000
2026-08-14 20:05:24,868 - INFO - Train loss: 13.01188611984253.
2026-08-14 20:05:24,868 - INFO - Reconstruction loss: 9.797735095024109.
2026-08-14 20:05:25,162 - INFO - [1;32mepoch 169 training[0m [[1;34mtime[0m: 0.29s, [1;34mtrain loss[0m: 13.0203, [1;34mreconstruction loss[0m: 9.8134]
2026-08-14 20:05:25,162 - INFO - Epoch 170/1000
2026-08-14 20:05:25,162 - INFO - Train loss: 13.02029812335968.
2026-08-14 20:05:25,162 - INFO - Reconstruction loss: 9.81343138217926.
2026-08-14 20:05:25,409 - INFO - [1;32mepoch 169 evaluating[0m [[1;34mtime[0m: 0.25s, [1;34mcollision_rate[0m: 0.121044]
2026-08-14 20:05:25,438 - INFO - [1;34mSaving current[0m: ./ckpt/Instruments/Aug-14-2026_20-04-16_beta_1.000_codebook_[64,128,256]_sk_0.000/epoch_169_collision_0.1210_model.pth
2026-08-14 20:05:25,442 - INFO - Collision_rate: 0.12104414432574077.
2026-08-14 20:05:25,726 - INFO - [1;32mepoch 170 training[0m [[1;34mtime[0m: 0.28s, [1;34mtrain loss[0m: 13.0175, [1;34mreconstruction loss[0m: 9.7952]
2026-08-14 20:05:25,726 - INFO - Epoch 171/1000
2026-08-14 20:05:25,727 - INFO - Train loss: 13.017468690872192.
2026-08-14 20:05:25,727 - INFO - Reconstruction loss: 9.795210897922516.
2026-08-14 20:05:25,993 - INFO - [1;32mepoch 171 training[0m [[1;34mtime[0m: 0.27s, [1;34mtrain loss[0m: 13.0465, [1;34mreconstruction loss[0m: 9.8059]
2026-08-14 20:05:25,993 - INFO - Epoch 172/1000
2026-08-14 20:05:25,993 - INFO - Train loss: 13.046502709388733.
2026-08-14 20:05:25,993 - INFO - Reconstruction loss: 9.805859506130219.
2026-08-14 20:05:26,289 - INFO - [1;32mepoch 172 training[0m [[1;34mtime[0m: 0.30s, [1;34mtrain loss[0m: 13.0378, [1;34mreconstruction loss[0m: 9.7899]
2026-08-14 20:05:26,289 - INFO - Epoch 173/1000
2026-08-14 20:05:26,289 - INFO - Train loss: 13.03777551651001.
2026-08-14 20:05:26,289 - INFO - Reconstruction loss: 9.789937317371368.
2026-08-14 20:05:26,584 - INFO - [1;32mepoch 173 training[0m [[1;34mtime[0m: 0.30s, [1;34mtrain loss[0m: 13.0479, [1;34mreconstruction loss[0m: 9.7843]
2026-08-14 20:05:26,585 - INFO - Epoch 174/1000
2026-08-14 20:05:26,585 - INFO - Train loss: 13.047856211662292.
2026-08-14 20:05:26,585 - INFO - Reconstruction loss: 9.78426319360733.
2026-08-14 20:05:26,883 - INFO - [1;32mepoch 174 training[0m [[1;34mtime[0m: 0.30s, [1;34mtrain loss[0m: 13.0528, [1;34mreconstruction loss[0m: 9.7795]
2026-08-14 20:05:26,883 - INFO - Epoch 175/1000
2026-08-14 20:05:26,883 - INFO - Train loss: 13.052809715270996.
2026-08-14 20:05:26,883 - INFO - Reconstruction loss: 9.779513478279114.
2026-08-14 20:05:27,136 - INFO - [1;32mepoch 174 evaluating[0m [[1;34mtime[0m: 0.25s, [1;34mcollision_rate[0m: 0.120540]
2026-08-14 20:05:27,164 - INFO - [1;34mSaving current[0m: ./ckpt/Instruments/Aug-14-2026_20-04-16_beta_1.000_codebook_[64,128,256]_sk_0.000/epoch_174_collision_0.1205_model.pth
2026-08-14 20:05:27,168 - INFO - Collision_rate: 0.12054021366659948.
2026-08-14 20:05:27,461 - INFO - [1;32mepoch 175 training[0m [[1;34mtime[0m: 0.29s, [1;34mtrain loss[0m: 13.0019, [1;34mreconstruction loss[0m: 9.7654]
2026-08-14 20:05:27,461 - INFO - Epoch 176/1000
2026-08-14 20:05:27,461 - INFO - Train loss: 13.001939058303833.
2026-08-14 20:05:27,461 - INFO - Reconstruction loss: 9.76542717218399.
2026-08-14 20:05:27,761 - INFO - [1;32mepoch 176 training[0m [[1;34mtime[0m: 0.30s, [1;34mtrain loss[0m: 13.0828, [1;34mreconstruction loss[0m: 9.7683]
2026-08-14 20:05:27,761 - INFO - Epoch 177/1000
2026-08-14 20:05:27,761 - INFO - Train loss: 13.082777619361877.
2026-08-14 20:05:27,761 - INFO - Reconstruction loss: 9.768299162387848.
2026-08-14 20:05:28,034 - INFO - [1;32mepoch 177 training[0m [[1;34mtime[0m: 0.27s, [1;34mtrain loss[0m: 13.1207, [1;34mreconstruction loss[0m: 9.7831]
2026-08-14 20:05:28,034 - INFO - Epoch 178/1000
2026-08-14 20:05:28,034 - INFO - Train loss: 13.120670676231384.
2026-08-14 20:05:28,034 - INFO - Reconstruction loss: 9.783061265945435.
2026-08-14 20:05:28,327 - INFO - [1;32mepoch 178 training[0m [[1;34mtime[0m: 0.29s, [1;34mtrain loss[0m: 13.0817, [1;34mreconstruction loss[0m: 9.7540]
2026-08-14 20:05:28,327 - INFO - Epoch 179/1000
2026-08-14 20:05:28,327 - INFO - Train loss: 13.081656813621521.
2026-08-14 20:05:28,327 - INFO - Reconstruction loss: 9.75400722026825.
2026-08-14 20:05:28,634 - INFO - [1;32mepoch 179 training[0m [[1;34mtime[0m: 0.31s, [1;34mtrain loss[0m: 13.0547, [1;34mreconstruction loss[0m: 9.7547]
2026-08-14 20:05:28,634 - INFO - Epoch 180/1000
2026-08-14 20:05:28,634 - INFO - Train loss: 13.05466628074646.
2026-08-14 20:05:28,634 - INFO - Reconstruction loss: 9.754716753959656.
2026-08-14 20:05:28,871 - INFO - [1;32mepoch 179 evaluating[0m [[1;34mtime[0m: 0.24s, [1;34mcollision_rate[0m: 0.122858]
2026-08-14 20:05:28,899 - INFO - [1;34mSaving current[0m: ./ckpt/Instruments/Aug-14-2026_20-04-16_beta_1.000_codebook_[64,128,256]_sk_0.000/epoch_179_collision_0.1229_model.pth
2026-08-14 20:05:28,902 - INFO - Collision_rate: 0.12285829469864946.
2026-08-14 20:05:29,205 - INFO - [1;32mepoch 180 training[0m [[1;34mtime[0m: 0.30s, [1;34mtrain loss[0m: 13.0873, [1;34mreconstruction loss[0m: 9.7364]
2026-08-14 20:05:29,205 - INFO - Epoch 181/1000
2026-08-14 20:05:29,205 - INFO - Train loss: 13.087271809577942.
2026-08-14 20:05:29,205 - INFO - Reconstruction loss: 9.736352503299713.
2026-08-14 20:05:29,499 - INFO - [1;32mepoch 181 training[0m [[1;34mtime[0m: 0.29s, [1;34mtrain loss[0m: 13.0710, [1;34mreconstruction loss[0m: 9.7299]
2026-08-14 20:05:29,499 - INFO - Epoch 182/1000
2026-08-14 20:05:29,499 - INFO - Train loss: 13.070984840393066.
2026-08-14 20:05:29,499 - INFO - Reconstruction loss: 9.729949235916138.
2026-08-14 20:05:29,787 - INFO - [1;32mepoch 182 training[0m [[1;34mtime[0m: 0.29s, [1;34mtrain loss[0m: 13.0625, [1;34mreconstruction loss[0m: 9.7203]
2026-08-14 20:05:29,787 - INFO - Epoch 183/1000
2026-08-14 20:05:29,788 - INFO - Train loss: 13.06247854232788.
2026-08-14 20:05:29,788 - INFO - Reconstruction loss: 9.720305562019348.
2026-08-14 20:05:30,085 - INFO - [1;32mepoch 183 training[0m [[1;34mtime[0m: 0.30s, [1;34mtrain loss[0m: 13.1083, [1;34mreconstruction loss[0m: 9.7227]
2026-08-14 20:05:30,085 - INFO - Epoch 184/1000
2026-08-14 20:05:30,085 - INFO - Train loss: 13.10834550857544.
2026-08-14 20:05:30,085 - INFO - Reconstruction loss: 9.722717046737671.
2026-08-14 20:05:30,370 - INFO - [1;32mepoch 184 training[0m [[1;34mtime[0m: 0.29s, [1;34mtrain loss[0m: 13.1264, [1;34mreconstruction loss[0m: 9.7331]
2026-08-14 20:05:30,371 - INFO - Epoch 185/1000
2026-08-14 20:05:30,371 - INFO - Train loss: 13.126353144645691.
2026-08-14 20:05:30,371 - INFO - Reconstruction loss: 9.733116745948792.
2026-08-14 20:05:30,613 - INFO - [1;32mepoch 184 evaluating[0m [[1;34mtime[0m: 0.24s, [1;34mcollision_rate[0m: 0.120843]
2026-08-14 20:05:30,640 - INFO - [1;34mSaving current[0m: ./ckpt/Instruments/Aug-14-2026_20-04-16_beta_1.000_codebook_[64,128,256]_sk_0.000/epoch_184_collision_0.1208_model.pth
2026-08-14 20:05:30,644 - INFO - Collision_rate: 0.12084257206208426.
2026-08-14 20:05:30,951 - INFO - [1;32mepoch 185 training[0m [[1;34mtime[0m: 0.31s, [1;34mtrain loss[0m: 13.0929, [1;34mreconstruction loss[0m: 9.7015]
2026-08-14 20:05:30,951 - INFO - Epoch 186/1000
2026-08-14 20:05:30,951 - INFO - Train loss: 13.092931270599365.
2026-08-14 20:05:30,951 - INFO - Reconstruction loss: 9.70149952173233.
2026-08-14 20:05:31,241 - INFO - [1;32mepoch 186 training[0m [[1;34mtime[0m: 0.29s, [1;34mtrain loss[0m: 13.1255, [1;34mreconstruction loss[0m: 9.7152]
2026-08-14 20:05:31,241 - INFO - Epoch 187/1000
2026-08-14 20:05:31,241 - INFO - Train loss: 13.12550401687622.
2026-08-14 20:05:31,241 - INFO - Reconstruction loss: 9.715240895748138.
2026-08-14 20:05:31,552 - INFO - [1;32mepoch 187 training[0m [[1;34mtime[0m: 0.31s, [1;34mtrain loss[0m: 13.1447, [1;34mreconstruction loss[0m: 9.7090]
2026-08-14 20:05:31,553 - INFO - Epoch 188/1000
2026-08-14 20:05:31,553 - INFO - Train loss: 13.14472246170044.
2026-08-14 20:05:31,553 - INFO - Reconstruction loss: 9.709031581878662.
2026-08-14 20:05:31,850 - INFO - [1;32mepoch 188 training[0m [[1;34mtime[0m: 0.30s, [1;34mtrain loss[0m: 13.1263, [1;34mreconstruction loss[0m: 9.7106]
2026-08-14 20:05:31,850 - INFO - Epoch 189/1000
2026-08-14 20:05:31,850 - INFO - Train loss: 13.126254200935364.
2026-08-14 20:05:31,850 - INFO - Reconstruction loss: 9.710592865943909.
2026-08-14 20:05:32,147 - INFO - [1;32mepoch 189 training[0m [[1;34mtime[0m: 0.30s, [1;34mtrain loss[0m: 13.1635, [1;34mreconstruction loss[0m: 9.7265]
2026-08-14 20:05:32,147 - INFO - Epoch 190/1000
2026-08-14 20:05:32,147 - INFO - Train loss: 13.163501143455505.
2026-08-14 20:05:32,147 - INFO - Reconstruction loss: 9.726530730724335.
2026-08-14 20:05:32,381 - INFO - [1;32mepoch 189 evaluating[0m [[1;34mtime[0m: 0.23s, [1;34mcollision_rate[0m: 0.124269]
2026-08-14 20:05:32,408 - INFO - [1;34mSaving current[0m: ./ckpt/Instruments/Aug-14-2026_20-04-16_beta_1.000_codebook_[64,128,256]_sk_0.000/epoch_189_collision_0.1243_model.pth
2026-08-14 20:05:32,412 - INFO - Collision_rate: 0.1242693005442451.
2026-08-14 20:05:32,693 - INFO - [1;32mepoch 190 training[0m [[1;34mtime[0m: 0.28s, [1;34mtrain loss[0m: 13.1780, [1;34mreconstruction loss[0m: 9.7294]
2026-08-14 20:05:32,693 - INFO - Epoch 191/1000
2026-08-14 20:05:32,693 - INFO - Train loss: 13.177969217300415.
2026-08-14 20:05:32,693 - INFO - Reconstruction loss: 9.729381561279297.
2026-08-14 20:05:32,989 - INFO - [1;32mepoch 191 training[0m [[1;34mtime[0m: 0.30s, [1;34mtrain loss[0m: 13.2087, [1;34mreconstruction loss[0m: 9.7157]
2026-08-14 20:05:32,989 - INFO - Epoch 192/1000
2026-08-14 20:05:32,990 - INFO - Train loss: 13.208743214607239.
2026-08-14 20:05:32,990 - INFO - Reconstruction loss: 9.715686738491058.
2026-08-14 20:05:33,292 - INFO - [1;32mepoch 192 training[0m [[1;34mtime[0m: 0.30s, [1;34mtrain loss[0m: 13.1648, [1;34mreconstruction loss[0m: 9.6857]
2026-08-14 20:05:33,292 - INFO - Epoch 193/1000
2026-08-14 20:05:33,292 - INFO - Train loss: 13.164770007133484.
2026-08-14 20:05:33,292 - INFO - Reconstruction loss: 9.685723304748535.
2026-08-14 20:05:33,592 - INFO - [1;32mepoch 193 training[0m [[1;34mtime[0m: 0.30s, [1;34mtrain loss[0m: 13.2199, [1;34mreconstruction loss[0m: 9.6992]
2026-08-14 20:05:33,592 - INFO - Epoch 194/1000
2026-08-14 20:05:33,592 - INFO - Train loss: 13.219887018203735.
2026-08-14 20:05:33,592 - INFO - Reconstruction loss: 9.69921624660492.
2026-08-14 20:05:33,869 - INFO - [1;32mepoch 194 training[0m [[1;34mtime[0m: 0.28s, [1;34mtrain loss[0m: 13.1798, [1;34mreconstruction loss[0m: 9.6734]
2026-08-14 20:05:33,869 - INFO - Epoch 195/1000
2026-08-14 20:05:33,869 - INFO - Train loss: 13.179806113243103.
2026-08-14 20:05:33,869 - INFO - Reconstruction loss: 9.673368394374847.
2026-08-14 20:05:34,121 - INFO - [1;32mepoch 194 evaluating[0m [[1;34mtime[0m: 0.25s, [1;34mcollision_rate[0m: 0.117718]
2026-08-14 20:05:34,148 - INFO - [1;34mSaving current[0m: ./ckpt/Instruments/Aug-14-2026_20-04-16_beta_1.000_codebook_[64,128,256]_sk_0.000/epoch_194_collision_0.1177_model.pth
2026-08-14 20:05:34,152 - INFO - Collision_rate: 0.11771820197540818.
2026-08-14 20:05:34,453 - INFO - [1;32mepoch 195 training[0m [[1;34mtime[0m: 0.30s, [1;34mtrain loss[0m: 13.2234, [1;34mreconstruction loss[0m: 9.6927]
2026-08-14 20:05:34,454 - INFO - Epoch 196/1000
2026-08-14 20:05:34,454 - INFO - Train loss: 13.223448872566223.
2026-08-14 20:05:34,454 - INFO - Reconstruction loss: 9.692675769329071.
2026-08-14 20:05:34,758 - INFO - [1;32mepoch 196 training[0m [[1;34mtime[0m: 0.30s, [1;34mtrain loss[0m: 13.2191, [1;34mreconstruction loss[0m: 9.7008]
2026-08-14 20:05:34,758 - INFO - Epoch 197/1000
2026-08-14 20:05:34,758 - INFO - Train loss: 13.2191082239151.
2026-08-14 20:05:34,758 - INFO - Reconstruction loss: 9.700791776180267.
2026-08-14 20:05:35,034 - INFO - [1;32mepoch 197 training[0m [[1;34mtime[0m: 0.28s, [1;34mtrain loss[0m: 13.2474, [1;34mreconstruction loss[0m: 9.6800]
2026-08-14 20:05:35,034 - INFO - Epoch 198/1000
2026-08-14 20:05:35,034 - INFO - Train loss: 13.247413754463196.
2026-08-14 20:05:35,034 - INFO - Reconstruction loss: 9.67999005317688.
2026-08-14 20:05:35,341 - INFO - [1;32mepoch 198 training[0m [[1;34mtime[0m: 0.31s, [1;34mtrain loss[0m: 13.2399, [1;34mreconstruction loss[0m: 9.6734]
2026-08-14 20:05:35,341 - INFO - Epoch 199/1000
2026-08-14 20:05:35,341 - INFO - Train loss: 13.239887475967407.
2026-08-14 20:05:35,341 - INFO - Reconstruction loss: 9.673375904560089.
2026-08-14 20:05:35,640 - INFO - [1;32mepoch 199 training[0m [[1;34mtime[0m: 0.30s, [1;34mtrain loss[0m: 13.2889, [1;34mreconstruction loss[0m: 9.6700]
2026-08-14 20:05:35,640 - INFO - Epoch 200/1000
2026-08-14 20:05:35,640 - INFO - Train loss: 13.288938522338867.
2026-08-14 20:05:35,640 - INFO - Reconstruction loss: 9.670009195804596.
2026-08-14 20:05:35,892 - INFO - [1;32mepoch 199 evaluating[0m [[1;34mtime[0m: 0.25s, [1;34mcollision_rate[0m: 0.126587]
2026-08-14 20:05:35,920 - INFO - [1;34mSaving current[0m: ./ckpt/Instruments/Aug-14-2026_20-04-16_beta_1.000_codebook_[64,128,256]_sk_0.000/epoch_199_collision_0.1266_model.pth
2026-08-14 20:05:35,924 - INFO - Collision_rate: 0.1265873815762951.
2026-08-14 20:05:36,235 - INFO - [1;32mepoch 200 training[0m [[1;34mtime[0m: 0.31s, [1;34mtrain loss[0m: 13.2262, [1;34mreconstruction loss[0m: 9.6533]
2026-08-14 20:05:36,235 - INFO - Epoch 201/1000
2026-08-14 20:05:36,235 - INFO - Train loss: 13.226234316825867.
2026-08-14 20:05:36,235 - INFO - Reconstruction loss: 9.653346240520477.
2026-08-14 20:05:36,541 - INFO - [1;32mepoch 201 training[0m [[1;34mtime[0m: 0.31s, [1;34mtrain loss[0m: 13.2408, [1;34mreconstruction loss[0m: 9.6417]
2026-08-14 20:05:36,542 - INFO - Epoch 202/1000
2026-08-14 20:05:36,542 - INFO - Train loss: 13.240779280662537.
2026-08-14 20:05:36,542 - INFO - Reconstruction loss: 9.641703486442566.
2026-08-14 20:05:36,834 - INFO - [1;32mepoch 202 training[0m [[1;34mtime[0m: 0.29s, [1;34mtrain loss[0m: 13.2727, [1;34mreconstruction loss[0m: 9.6679]
2026-08-14 20:05:36,834 - INFO - Epoch 203/1000
2026-08-14 20:05:36,834 - INFO - Train loss: 13.272730231285095.
2026-08-14 20:05:36,834 - INFO - Reconstruction loss: 9.667890191078186.
2026-08-14 20:05:37,127 - INFO - [1;32mepoch 203 training[0m [[1;34mtime[0m: 0.29s, [1;34mtrain loss[0m: 13.2717, [1;34mreconstruction loss[0m: 9.6626]
2026-08-14 20:05:37,128 - INFO - Epoch 204/1000
2026-08-14 20:05:37,128 - INFO - Train loss: 13.271700978279114.
2026-08-14 20:05:37,128 - INFO - Reconstruction loss: 9.662636280059814.
2026-08-14 20:05:37,436 - INFO - [1;32mepoch 204 training[0m [[1;34mtime[0m: 0.31s, [1;34mtrain loss[0m: 13.2891, [1;34mreconstruction loss[0m: 9.6543]
2026-08-14 20:05:37,436 - INFO - Epoch 205/1000
2026-08-14 20:05:37,436 - INFO - Train loss: 13.289106726646423.
2026-08-14 20:05:37,436 - INFO - Reconstruction loss: 9.654338359832764.
2026-08-14 20:05:37,685 - INFO - [1;32mepoch 204 evaluating[0m [[1;34mtime[0m: 0.25s, [1;34mcollision_rate[0m: 0.124773]
2026-08-14 20:05:37,711 - INFO - [1;34mSaving current[0m: ./ckpt/Instruments/Aug-14-2026_20-04-16_beta_1.000_codebook_[64,128,256]_sk_0.000/epoch_204_collision_0.1248_model.pth
2026-08-14 20:05:37,716 - INFO - Collision_rate: 0.12477323120338642.
2026-08-14 20:05:38,027 - INFO - [1;32mepoch 205 training[0m [[1;34mtime[0m: 0.31s, [1;34mtrain loss[0m: 13.3186, [1;34mreconstruction loss[0m: 9.6495]
2026-08-14 20:05:38,028 - INFO - Epoch 206/1000
2026-08-14 20:05:38,028 - INFO - Train loss: 13.318631052970886.
2026-08-14 20:05:38,028 - INFO - Reconstruction loss: 9.649459302425385.
2026-08-14 20:05:38,333 - INFO - [1;32mepoch 206 training[0m [[1;34mtime[0m: 0.31s, [1;34mtrain loss[0m: 13.2875, [1;34mreconstruction loss[0m: 9.6440]
2026-08-14 20:05:38,334 - INFO - Epoch 207/1000
2026-08-14 20:05:38,334 - INFO - Train loss: 13.287545800209045.
2026-08-14 20:05:38,334 - INFO - Reconstruction loss: 9.64400053024292.
2026-08-14 20:05:38,636 - INFO - [1;32mepoch 207 training[0m [[1;34mtime[0m: 0.30s, [1;34mtrain loss[0m: 13.3184, [1;34mreconstruction loss[0m: 9.6402]
2026-08-14 20:05:38,636 - INFO - Epoch 208/1000
2026-08-14 20:05:38,636 - INFO - Train loss: 13.318418741226196.
2026-08-14 20:05:38,636 - INFO - Reconstruction loss: 9.640160501003265.
2026-08-14 20:05:38,944 - INFO - [1;32mepoch 208 training[0m [[1;34mtime[0m: 0.31s, [1;34mtrain loss[0m: 13.2631, [1;34mreconstruction loss[0m: 9.6242]
2026-08-14 20:05:38,944 - INFO - Epoch 209/1000
2026-08-14 20:05:38,944 - INFO - Train loss: 13.263071060180664.
2026-08-14 20:05:38,944 - INFO - Reconstruction loss: 9.624150335788727.
2026-08-14 20:05:39,262 - INFO - [1;32mepoch 209 training[0m [[1;34mtime[0m: 0.32s, [1;34mtrain loss[0m: 13.3029, [1;34mreconstruction loss[0m: 9.6371]
2026-08-14 20:05:39,262 - INFO - Epoch 210/1000
2026-08-14 20:05:39,262 - INFO - Train loss: 13.3029226064682.
2026-08-14 20:05:39,263 - INFO - Reconstruction loss: 9.637108385562897.
2026-08-14 20:05:39,516 - INFO - [1;32mepoch 209 evaluating[0m [[1;34mtime[0m: 0.25s, [1;34mcollision_rate[0m: 0.118524]
2026-08-14 20:05:39,543 - INFO - [1;34mSaving current[0m: ./ckpt/Instruments/Aug-14-2026_20-04-16_beta_1.000_codebook_[64,128,256]_sk_0.000/epoch_209_collision_0.1185_model.pth
2026-08-14 20:05:39,548 - INFO - Collision_rate: 0.11852449103003426.
2026-08-14 20:05:39,842 - INFO - [1;32mepoch 210 training[0m [[1;34mtime[0m: 0.29s, [1;34mtrain loss[0m: 13.3074, [1;34mreconstruction loss[0m: 9.6269]
2026-08-14 20:05:39,843 - INFO - Epoch 211/1000
2026-08-14 20:05:39,843 - INFO - Train loss: 13.30739688873291.
2026-08-14 20:05:39,843 - INFO - Reconstruction loss: 9.626912832260132.
2026-08-14 20:05:40,134 - INFO - [1;32mepoch 211 training[0m [[1;34mtime[0m: 0.29s, [1;34mtrain loss[0m: 13.3061, [1;34mreconstruction loss[0m: 9.6137]
2026-08-14 20:05:40,135 - INFO - Epoch 212/1000
2026-08-14 20:05:40,135 - INFO - Train loss: 13.306057095527649.
2026-08-14 20:05:40,135 - INFO - Reconstruction loss: 9.613699793815613.
2026-08-14 20:05:40,438 - INFO - [1;32mepoch 212 training[0m [[1;34mtime[0m: 0.30s, [1;34mtrain loss[0m: 13.3396, [1;34mreconstruction loss[0m: 9.6260]
2026-08-14 20:05:40,438 - INFO - Epoch 213/1000
2026-08-14 20:05:40,438 - INFO - Train loss: 13.339560985565186.
2026-08-14 20:05:40,438 - INFO - Reconstruction loss: 9.62603372335434.
2026-08-14 20:05:40,742 - INFO - [1;32mepoch 213 training[0m [[1;34mtime[0m: 0.30s, [1;34mtrain loss[0m: 13.3815, [1;34mreconstruction loss[0m: 9.6316]
2026-08-14 20:05:40,743 - INFO - Epoch 214/1000
2026-08-14 20:05:40,743 - INFO - Train loss: 13.381506085395813.
2026-08-14 20:05:40,743 - INFO - Reconstruction loss: 9.63162761926651.
2026-08-14 20:05:41,036 - INFO - [1;32mepoch 214 training[0m [[1;34mtime[0m: 0.29s, [1;34mtrain loss[0m: 13.2874, [1;34mreconstruction loss[0m: 9.5983]
2026-08-14 20:05:41,036 - INFO - Epoch 215/1000
2026-08-14 20:05:41,036 - INFO - Train loss: 13.287371754646301.
2026-08-14 20:05:41,036 - INFO - Reconstruction loss: 9.598331570625305.
2026-08-14 20:05:41,287 - INFO - [1;32mepoch 214 evaluating[0m [[1;34mtime[0m: 0.25s, [1;34mcollision_rate[0m: 0.120439]
2026-08-14 20:05:41,314 - INFO - [1;34mSaving current[0m: ./ckpt/Instruments/Aug-14-2026_20-04-16_beta_1.000_codebook_[64,128,256]_sk_0.000/epoch_214_collision_0.1204_model.pth
2026-08-14 20:05:41,319 - INFO - Collision_rate: 0.12043942753477122.
2026-08-14 20:05:41,624 - INFO - [1;32mepoch 215 training[0m [[1;34mtime[0m: 0.31s, [1;34mtrain loss[0m: 13.3757, [1;34mreconstruction loss[0m: 9.6053]
2026-08-14 20:05:41,624 - INFO - Epoch 216/1000
2026-08-14 20:05:41,624 - INFO - Train loss: 13.375650525093079.
2026-08-14 20:05:41,625 - INFO - Reconstruction loss: 9.605281233787537.
2026-08-14 20:05:41,935 - INFO - [1;32mepoch 216 training[0m [[1;34mtime[0m: 0.31s, [1;34mtrain loss[0m: 13.3123, [1;34mreconstruction loss[0m: 9.5883]
2026-08-14 20:05:41,935 - INFO - Epoch 217/1000
2026-08-14 20:05:41,935 - INFO - Train loss: 13.312328100204468.
2026-08-14 20:05:41,935 - INFO - Reconstruction loss: 9.588292360305786.
2026-08-14 20:05:42,234 - INFO - [1;32mepoch 217 training[0m [[1;34mtime[0m: 0.30s, [1;34mtrain loss[0m: 13.3459, [1;34mreconstruction loss[0m: 9.5822]
2026-08-14 20:05:42,234 - INFO - Epoch 218/1000
2026-08-14 20:05:42,234 - INFO - Train loss: 13.345935821533203.
2026-08-14 20:05:42,234 - INFO - Reconstruction loss: 9.58223432302475.
2026-08-14 20:05:42,528 - INFO - [1;32mepoch 218 training[0m [[1;34mtime[0m: 0.29s, [1;34mtrain loss[0m: 13.3716, [1;34mreconstruction loss[0m: 9.5852]
2026-08-14 20:05:42,528 - INFO - Epoch 219/1000
2026-08-14 20:05:42,528 - INFO - Train loss: 13.371631026268005.
2026-08-14 20:05:42,528 - INFO - Reconstruction loss: 9.58519822359085.
2026-08-14 20:05:42,839 - INFO - [1;32mepoch 219 training[0m [[1;34mtime[0m: 0.31s, [1;34mtrain loss[0m: 13.3765, [1;34mreconstruction loss[0m: 9.5931]
2026-08-14 20:05:42,839 - INFO - Epoch 220/1000
2026-08-14 20:05:42,839 - INFO - Train loss: 13.376490354537964.
2026-08-14 20:05:42,839 - INFO - Reconstruction loss: 9.593111634254456.
2026-08-14 20:05:43,089 - INFO - [1;32mepoch 219 evaluating[0m [[1;34mtime[0m: 0.25s, [1;34mcollision_rate[0m: 0.120238]
2026-08-14 20:05:43,117 - INFO - [1;34mSaving current[0m: ./ckpt/Instruments/Aug-14-2026_20-04-16_beta_1.000_codebook_[64,128,256]_sk_0.000/epoch_219_collision_0.1202_model.pth
2026-08-14 20:05:43,121 - INFO - Collision_rate: 0.12023785527111469.
2026-08-14 20:05:43,445 - INFO - [1;32mepoch 220 training[0m [[1;34mtime[0m: 0.32s, [1;34mtrain loss[0m: 13.3474, [1;34mreconstruction loss[0m: 9.5636]
2026-08-14 20:05:43,445 - INFO - Epoch 221/1000
2026-08-14 20:05:43,445 - INFO - Train loss: 13.3473619222641.
2026-08-14 20:05:43,445 - INFO - Reconstruction loss: 9.563607335090637.
2026-08-14 20:05:43,747 - INFO - [1;32mepoch 221 training[0m [[1;34mtime[0m: 0.30s, [1;34mtrain loss[0m: 13.3620, [1;34mreconstruction loss[0m: 9.5692]
2026-08-14 20:05:43,748 - INFO - Epoch 222/1000
2026-08-14 20:05:43,748 - INFO - Train loss: 13.36201286315918.
2026-08-14 20:05:43,748 - INFO - Reconstruction loss: 9.569235265254974.
2026-08-14 20:05:44,057 - INFO - [1;32mepoch 222 training[0m [[1;34mtime[0m: 0.31s, [1;34mtrain loss[0m: 13.3703, [1;34mreconstruction loss[0m: 9.5832]
2026-08-14 20:05:44,057 - INFO - Epoch 223/1000
2026-08-14 20:05:44,057 - INFO - Train loss: 13.370282411575317.
2026-08-14 20:05:44,057 - INFO - Reconstruction loss: 9.583168387413025.
2026-08-14 20:05:44,365 - INFO - [1;32mepoch 223 training[0m [[1;34mtime[0m: 0.31s, [1;34mtrain loss[0m: 13.3819, [1;34mreconstruction loss[0m: 9.5535]
2026-08-14 20:05:44,365 - INFO - Epoch 224/1000
2026-08-14 20:05:44,365 - INFO - Train loss: 13.381924510002136.
2026-08-14 20:05:44,365 - INFO - Reconstruction loss: 9.553487360477448.
2026-08-14 20:05:44,664 - INFO - [1;32mepoch 224 training[0m [[1;34mtime[0m: 0.30s, [1;34mtrain loss[0m: 13.3486, [1;34mreconstruction loss[0m: 9.5385]
2026-08-14 20:05:44,665 - INFO - Epoch 225/1000
2026-08-14 20:05:44,665 - INFO - Train loss: 13.348558783531189.
2026-08-14 20:05:44,665 - INFO - Reconstruction loss: 9.538538098335266.
2026-08-14 20:05:44,917 - INFO - [1;32mepoch 224 evaluating[0m [[1;34mtime[0m: 0.25s, [1;34mcollision_rate[0m: 0.117113]
2026-08-14 20:05:44,945 - INFO - [1;34mSaving current[0m: ./ckpt/Instruments/Aug-14-2026_20-04-16_beta_1.000_codebook_[64,128,256]_sk_0.000/epoch_224_collision_0.1171_model.pth
2026-08-14 20:05:44,949 - INFO - Collision_rate: 0.11711348518443862.
2026-08-14 20:05:45,249 - INFO - [1;32mepoch 225 training[0m [[1;34mtime[0m: 0.30s, [1;34mtrain loss[0m: 13.3947, [1;34mreconstruction loss[0m: 9.5627]
2026-08-14 20:05:45,250 - INFO - Epoch 226/1000
2026-08-14 20:05:45,250 - INFO - Train loss: 13.394650220870972.
2026-08-14 20:05:45,250 - INFO - Reconstruction loss: 9.562655687332153.
2026-08-14 20:05:45,576 - INFO - [1;32mepoch 226 training[0m [[1;34mtime[0m: 0.33s, [1;34mtrain loss[0m: 13.4306, [1;34mreconstruction loss[0m: 9.5622]
2026-08-14 20:05:45,576 - INFO - Epoch 227/1000
2026-08-14 20:05:45,576 - INFO - Train loss: 13.43056869506836.
2026-08-14 20:05:45,576 - INFO - Reconstruction loss: 9.562150418758392.
2026-08-14 20:05:45,876 - INFO - [1;32mepoch 227 training[0m [[1;34mtime[0m: 0.30s, [1;34mtrain loss[0m: 13.4746, [1;34mreconstruction loss[0m: 9.5653]
2026-08-14 20:05:45,876 - INFO - Epoch 228/1000
2026-08-14 20:05:45,876 - INFO - Train loss: 13.474583148956299.
2026-08-14 20:05:45,876 - INFO - Reconstruction loss: 9.565293610095978.
2026-08-14 20:05:46,170 - INFO - [1;32mepoch 228 training[0m [[1;34mtime[0m: 0.29s, [1;34mtrain loss[0m: 13.3904, [1;34mreconstruction loss[0m: 9.5446]
2026-08-14 20:05:46,171 - INFO - Epoch 229/1000
2026-08-14 20:05:46,171 - INFO - Train loss: 13.390378594398499.
2026-08-14 20:05:46,171 - INFO - Reconstruction loss: 9.544613420963287.
2026-08-14 20:05:46,474 - INFO - [1;32mepoch 229 training[0m [[1;34mtime[0m: 0.30s, [1;34mtrain loss[0m: 13.4713, [1;34mreconstruction loss[0m: 9.5610]
2026-08-14 20:05:46,474 - INFO - Epoch 230/1000
2026-08-14 20:05:46,474 - INFO - Train loss: 13.471296191215515.
2026-08-14 20:05:46,474 - INFO - Reconstruction loss: 9.560962677001953.
2026-08-14 20:05:46,740 - INFO - [1;32mepoch 229 evaluating[0m [[1;34mtime[0m: 0.27s, [1;34mcollision_rate[0m: 0.123060]
2026-08-14 20:05:46,766 - INFO - [1;34mSaving current[0m: ./ckpt/Instruments/Aug-14-2026_20-04-16_beta_1.000_codebook_[64,128,256]_sk_0.000/epoch_229_collision_0.1231_model.pth
2026-08-14 20:05:46,769 - INFO - Collision_rate: 0.12305986696230599.
2026-08-14 20:05:47,073 - INFO - [1;32mepoch 230 training[0m [[1;34mtime[0m: 0.30s, [1;34mtrain loss[0m: 13.4222, [1;34mreconstruction loss[0m: 9.5352]
2026-08-14 20:05:47,074 - INFO - Epoch 231/1000
2026-08-14 20:05:47,074 - INFO - Train loss: 13.422162294387817.
2026-08-14 20:05:47,074 - INFO - Reconstruction loss: 9.535215377807617.
2026-08-14 20:05:47,376 - INFO - [1;32mepoch 231 training[0m [[1;34mtime[0m: 0.30s, [1;34mtrain loss[0m: 13.3975, [1;34mreconstruction loss[0m: 9.5180]
2026-08-14 20:05:47,376 - INFO - Epoch 232/1000
2026-08-14 20:05:47,376 - INFO - Train loss: 13.397453308105469.
2026-08-14 20:05:47,376 - INFO - Reconstruction loss: 9.518019020557404.
2026-08-14 20:05:47,678 - INFO - [1;32mepoch 232 training[0m [[1;34mtime[0m: 0.30s, [1;34mtrain loss[0m: 13.4519, [1;34mreconstruction loss[0m: 9.5348]
2026-08-14 20:05:47,678 - INFO - Epoch 233/1000
2026-08-14 20:05:47,678 - INFO - Train loss: 13.451868176460266.
2026-08-14 20:05:47,678 - INFO - Reconstruction loss: 9.534834563732147.
2026-08-14 20:05:47,997 - INFO - [1;32mepoch 233 training[0m [[1;34mtime[0m: 0.32s, [1;34mtrain loss[0m: 13.4640, [1;34mreconstruction loss[0m: 9.5319]
2026-08-14 20:05:47,998 - INFO - Epoch 234/1000
2026-08-14 20:05:47,998 - INFO - Train loss: 13.464025855064392.
2026-08-14 20:05:47,998 - INFO - Reconstruction loss: 9.531878769397736.
2026-08-14 20:05:48,316 - INFO - [1;32mepoch 234 training[0m [[1;34mtime[0m: 0.32s, [1;34mtrain loss[0m: 13.4251, [1;34mreconstruction loss[0m: 9.5201]
2026-08-14 20:05:48,316 - INFO - Epoch 235/1000
2026-08-14 20:05:48,316 - INFO - Train loss: 13.42510712146759.
2026-08-14 20:05:48,316 - INFO - Reconstruction loss: 9.520090878009796.
2026-08-14 20:05:48,569 - INFO - [1;32mepoch 234 evaluating[0m [[1;34mtime[0m: 0.25s, [1;34mcollision_rate[0m: 0.125781]
2026-08-14 20:05:48,602 - INFO - [1;34mSaving current[0m: ./ckpt/Instruments/Aug-14-2026_20-04-16_beta_1.000_codebook_[64,128,256]_sk_0.000/epoch_234_collision_0.1258_model.pth
2026-08-14 20:05:48,607 - INFO - Collision_rate: 0.12578109252166902.
2026-08-14 20:05:48,938 - INFO - [1;32mepoch 235 training[0m [[1;34mtime[0m: 0.33s, [1;34mtrain loss[0m: 13.4536, [1;34mreconstruction loss[0m: 9.5160]
2026-08-14 20:05:48,938 - INFO - Epoch 236/1000
2026-08-14 20:05:48,938 - INFO - Train loss: 13.453604340553284.
2026-08-14 20:05:48,939 - INFO - Reconstruction loss: 9.515970647335052.
2026-08-14 20:05:49,260 - INFO - [1;32mepoch 236 training[0m [[1;34mtime[0m: 0.32s, [1;34mtrain loss[0m: 13.4718, [1;34mreconstruction loss[0m: 9.5351]
2026-08-14 20:05:49,260 - INFO - Epoch 237/1000
2026-08-14 20:05:49,260 - INFO - Train loss: 13.471751809120178.
2026-08-14 20:05:49,260 - INFO - Reconstruction loss: 9.535086929798126.
2026-08-14 20:05:49,573 - INFO - [1;32mepoch 237 training[0m [[1;34mtime[0m: 0.31s, [1;34mtrain loss[0m: 13.4705, [1;34mreconstruction loss[0m: 9.5150]
2026-08-14 20:05:49,573 - INFO - Epoch 238/1000
2026-08-14 20:05:49,573 - INFO - Train loss: 13.470549464225769.
2026-08-14 20:05:49,573 - INFO - Reconstruction loss: 9.515012502670288.
2026-08-14 20:05:49,898 - INFO - [1;32mepoch 238 training[0m [[1;34mtime[0m: 0.32s, [1;34mtrain loss[0m: 13.4873, [1;34mreconstruction loss[0m: 9.5081]
2026-08-14 20:05:49,899 - INFO - Epoch 239/1000
2026-08-14 20:05:49,899 - INFO - Train loss: 13.48726761341095.
2026-08-14 20:05:49,899 - INFO - Reconstruction loss: 9.5081188082695.
2026-08-14 20:05:50,214 - INFO - [1;32mepoch 239 training[0m [[1;34mtime[0m: 0.32s, [1;34mtrain loss[0m: 13.4350, [1;34mreconstruction loss[0m: 9.5091]
2026-08-14 20:05:50,214 - INFO - Epoch 240/1000
2026-08-14 20:05:50,214 - INFO - Train loss: 13.435009479522705.
2026-08-14 20:05:50,215 - INFO - Reconstruction loss: 9.509149610996246.
2026-08-14 20:05:50,474 - INFO - [1;32mepoch 239 evaluating[0m [[1;34mtime[0m: 0.26s, [1;34mcollision_rate[0m: 0.123665]
2026-08-14 20:05:50,503 - INFO - [1;34mSaving current[0m: ./ckpt/Instruments/Aug-14-2026_20-04-16_beta_1.000_codebook_[64,128,256]_sk_0.000/epoch_239_collision_0.1237_model.pth
2026-08-14 20:05:50,507 - INFO - Collision_rate: 0.12366458375327555.
2026-08-14 20:05:50,822 - INFO - [1;32mepoch 240 training[0m [[1;34mtime[0m: 0.32s, [1;34mtrain loss[0m: 13.5249, [1;34mreconstruction loss[0m: 9.5021]
2026-08-14 20:05:50,823 - INFO - Epoch 241/1000
2026-08-14 20:05:50,823 - INFO - Train loss: 13.52487576007843.
2026-08-14 20:05:50,823 - INFO - Reconstruction loss: 9.502137184143066.
2026-08-14 20:05:51,142 - INFO - [1;32mepoch 241 training[0m [[1;34mtime[0m: 0.32s, [1;34mtrain loss[0m: 13.4797, [1;34mreconstruction loss[0m: 9.5048]
2026-08-14 20:05:51,142 - INFO - Epoch 242/1000
2026-08-14 20:05:51,142 - INFO - Train loss: 13.479698538780212.
2026-08-14 20:05:51,142 - INFO - Reconstruction loss: 9.50482988357544.
2026-08-14 20:05:51,458 - INFO - [1;32mepoch 242 training[0m [[1;34mtime[0m: 0.32s, [1;34mtrain loss[0m: 13.4736, [1;34mreconstruction loss[0m: 9.4929]
2026-08-14 20:05:51,458 - INFO - Epoch 243/1000
2026-08-14 20:05:51,458 - INFO - Train loss: 13.473585605621338.
2026-08-14 20:05:51,459 - INFO - Reconstruction loss: 9.492881000041962.
2026-08-14 20:05:51,781 - INFO - [1;32mepoch 243 training[0m [[1;34mtime[0m: 0.32s, [1;34mtrain loss[0m: 13.4798, [1;34mreconstruction loss[0m: 9.4910]
2026-08-14 20:05:51,781 - INFO - Epoch 244/1000
2026-08-14 20:05:51,781 - INFO - Train loss: 13.479770302772522.
2026-08-14 20:05:51,781 - INFO - Reconstruction loss: 9.490955591201782.
2026-08-14 20:05:52,098 - INFO - [1;32mepoch 244 training[0m [[1;34mtime[0m: 0.32s, [1;34mtrain loss[0m: 13.4830, [1;34mreconstruction loss[0m: 9.4821]
2026-08-14 20:05:52,098 - INFO - Epoch 245/1000
2026-08-14 20:05:52,099 - INFO - Train loss: 13.483033299446106.
2026-08-14 20:05:52,099 - INFO - Reconstruction loss: 9.482064843177795.
2026-08-14 20:05:52,353 - INFO - [1;32mepoch 244 evaluating[0m [[1;34mtime[0m: 0.25s, [1;34mcollision_rate[0m: 0.127394]
2026-08-14 20:05:52,382 - INFO - [1;34mSaving current[0m: ./ckpt/Instruments/Aug-14-2026_20-04-16_beta_1.000_codebook_[64,128,256]_sk_0.000/epoch_244_collision_0.1274_model.pth
2026-08-14 20:05:52,386 - INFO - Collision_rate: 0.1273936706309212.
2026-08-14 20:05:52,706 - INFO - [1;32mepoch 245 training[0m [[1;34mtime[0m: 0.32s, [1;34mtrain loss[0m: 13.5252, [1;34mreconstruction loss[0m: 9.4824]
2026-08-14 20:05:52,706 - INFO - Epoch 246/1000
2026-08-14 20:05:52,707 - INFO - Train loss: 13.525150537490845.
2026-08-14 20:05:52,707 - INFO - Reconstruction loss: 9.482360601425171.
2026-08-14 20:05:53,032 - INFO - [1;32mepoch 246 training[0m [[1;34mtime[0m: 0.33s, [1;34mtrain loss[0m: 13.5100, [1;34mreconstruction loss[0m: 9.4856]
2026-08-14 20:05:53,032 - INFO - Epoch 247/1000
2026-08-14 20:05:53,032 - INFO - Train loss: 13.510032653808594.
2026-08-14 20:05:53,032 - INFO - Reconstruction loss: 9.485567331314087.
2026-08-14 20:05:53,342 - INFO - [1;32mepoch 247 training[0m [[1;34mtime[0m: 0.31s, [1;34mtrain loss[0m: 13.4727, [1;34mreconstruction loss[0m: 9.4677]
2026-08-14 20:05:53,342 - INFO - Epoch 248/1000
2026-08-14 20:05:53,342 - INFO - Train loss: 13.472666144371033.
2026-08-14 20:05:53,342 - INFO - Reconstruction loss: 9.467675149440765.
2026-08-14 20:05:53,651 - INFO - [1;32mepoch 248 training[0m [[1;34mtime[0m: 0.31s, [1;34mtrain loss[0m: 13.4975, [1;34mreconstruction loss[0m: 9.4575]
2026-08-14 20:05:53,651 - INFO - Epoch 249/1000
2026-08-14 20:05:53,651 - INFO - Train loss: 13.497517704963684.
2026-08-14 20:05:53,651 - INFO - Reconstruction loss: 9.45751017332077.
2026-08-14 20:05:53,940 - INFO - [1;32mepoch 249 training[0m [[1;34mtime[0m: 0.29s, [1;34mtrain loss[0m: 13.5175, [1;34mreconstruction loss[0m: 9.4595]
2026-08-14 20:05:53,940 - INFO - Epoch 250/1000
2026-08-14 20:05:53,940 - INFO - Train loss: 13.517541527748108.
2026-08-14 20:05:53,940 - INFO - Reconstruction loss: 9.459461510181427.
2026-08-14 20:05:54,192 - INFO - [1;32mepoch 249 evaluating[0m [[1;34mtime[0m: 0.25s, [1;34mcollision_rate[0m: 0.120641]
2026-08-14 20:05:54,217 - INFO - [1;34mSaving current[0m: ./ckpt/Instruments/Aug-14-2026_20-04-16_beta_1.000_codebook_[64,128,256]_sk_0.000/epoch_249_collision_0.1206_model.pth
2026-08-14 20:05:54,222 - INFO - Collision_rate: 0.12064099979842774.
2026-08-14 20:05:54,547 - INFO - [1;32mepoch 250 training[0m [[1;34mtime[0m: 0.33s, [1;34mtrain loss[0m: 13.5047, [1;34mreconstruction loss[0m: 9.4487]
2026-08-14 20:05:54,547 - INFO - Epoch 251/1000
2026-08-14 20:05:54,547 - INFO - Train loss: 13.504706621170044.
2026-08-14 20:05:54,547 - INFO - Reconstruction loss: 9.448733150959015.
2026-08-14 20:05:54,877 - INFO - [1;32mepoch 251 training[0m [[1;34mtime[0m: 0.33s, [1;34mtrain loss[0m: 13.5012, [1;34mreconstruction loss[0m: 9.4670]
2026-08-14 20:05:54,877 - INFO - Epoch 252/1000
2026-08-14 20:05:54,878 - INFO - Train loss: 13.501203298568726.
2026-08-14 20:05:54,878 - INFO - Reconstruction loss: 9.46703565120697.
2026-08-14 20:05:55,199 - INFO - [1;32mepoch 252 training[0m [[1;34mtime[0m: 0.32s, [1;34mtrain loss[0m: 13.5740, [1;34mreconstruction loss[0m: 9.4690]
2026-08-14 20:05:55,199 - INFO - Epoch 253/1000
2026-08-14 20:05:55,199 - INFO - Train loss: 13.574036121368408.
2026-08-14 20:05:55,199 - INFO - Reconstruction loss: 9.469040095806122.
2026-08-14 20:05:55,511 - INFO - [1;32mepoch 253 training[0m [[1;34mtime[0m: 0.31s, [1;34mtrain loss[0m: 13.4782, [1;34mreconstruction loss[0m: 9.4368]
2026-08-14 20:05:55,511 - INFO - Epoch 254/1000
2026-08-14 20:05:55,511 - INFO - Train loss: 13.478155255317688.
2026-08-14 20:05:55,511 - INFO - Reconstruction loss: 9.436805665493011.
2026-08-14 20:05:55,802 - INFO - [1;32mepoch 254 training[0m [[1;34mtime[0m: 0.29s, [1;34mtrain loss[0m: 13.6344, [1;34mreconstruction loss[0m: 9.4710]
2026-08-14 20:05:55,802 - INFO - Epoch 255/1000
2026-08-14 20:05:55,802 - INFO - Train loss: 13.634395956993103.
2026-08-14 20:05:55,802 - INFO - Reconstruction loss: 9.47099643945694.
2026-08-14 20:05:56,048 - INFO - [1;32mepoch 254 evaluating[0m [[1;34mtime[0m: 0.25s, [1;34mcollision_rate[0m: 0.119028]
2026-08-14 20:05:56,083 - INFO - [1;34mSaving current[0m: ./ckpt/Instruments/Aug-14-2026_20-04-16_beta_1.000_codebook_[64,128,256]_sk_0.000/epoch_254_collision_0.1190_model.pth
2026-08-14 20:05:56,087 - INFO - Collision_rate: 0.11902842168917557.
2026-08-14 20:05:56,404 - INFO - [1;32mepoch 255 training[0m [[1;34mtime[0m: 0.32s, [1;34mtrain loss[0m: 13.5544, [1;34mreconstruction loss[0m: 9.4538]
2026-08-14 20:05:56,404 - INFO - Epoch 256/1000
2026-08-14 20:05:56,404 - INFO - Train loss: 13.554362893104553.
2026-08-14 20:05:56,405 - INFO - Reconstruction loss: 9.453768193721771.
2026-08-14 20:05:56,713 - INFO - [1;32mepoch 256 training[0m [[1;34mtime[0m: 0.31s, [1;34mtrain loss[0m: 13.5608, [1;34mreconstruction loss[0m: 9.4587]
2026-08-14 20:05:56,714 - INFO - Epoch 257/1000
2026-08-14 20:05:56,714 - INFO - Train loss: 13.560831904411316.
2026-08-14 20:05:56,714 - INFO - Reconstruction loss: 9.458669543266296.
2026-08-14 20:05:57,002 - INFO - [1;32mepoch 257 training[0m [[1;34mtime[0m: 0.29s, [1;34mtrain loss[0m: 13.5829, [1;34mreconstruction loss[0m: 9.4382]
2026-08-14 20:05:57,002 - INFO - Epoch 258/1000
2026-08-14 20:05:57,002 - INFO - Train loss: 13.58289349079132.
2026-08-14 20:05:57,003 - INFO - Reconstruction loss: 9.438236057758331.
2026-08-14 20:05:57,322 - INFO - [1;32mepoch 258 training[0m [[1;34mtime[0m: 0.32s, [1;34mtrain loss[0m: 13.5598, [1;34mreconstruction loss[0m: 9.4424]
2026-08-14 20:05:57,322 - INFO - Epoch 259/1000
2026-08-14 20:05:57,322 - INFO - Train loss: 13.559810757637024.
2026-08-14 20:05:57,322 - INFO - Reconstruction loss: 9.442435920238495.
2026-08-14 20:05:57,638 - INFO - [1;32mepoch 259 training[0m [[1;34mtime[0m: 0.32s, [1;34mtrain loss[0m: 13.5950, [1;34mreconstruction loss[0m: 9.4438]
2026-08-14 20:05:57,638 - INFO - Epoch 260/1000
2026-08-14 20:05:57,638 - INFO - Train loss: 13.594950914382935.
2026-08-14 20:05:57,638 - INFO - Reconstruction loss: 9.443776428699493.
2026-08-14 20:05:57,898 - INFO - [1;32mepoch 259 evaluating[0m [[1;34mtime[0m: 0.26s, [1;34mcollision_rate[0m: 0.123161]
2026-08-14 20:05:57,926 - INFO - [1;34mSaving current[0m: ./ckpt/Instruments/Aug-14-2026_20-04-16_beta_1.000_codebook_[64,128,256]_sk_0.000/epoch_259_collision_0.1232_model.pth
2026-08-14 20:05:57,930 - INFO - Collision_rate: 0.12316065309413425.
2026-08-14 20:05:58,245 - INFO - [1;32mepoch 260 training[0m [[1;34mtime[0m: 0.31s, [1;34mtrain loss[0m: 13.5773, [1;34mreconstruction loss[0m: 9.4343]
2026-08-14 20:05:58,245 - INFO - Epoch 261/1000
2026-08-14 20:05:58,245 - INFO - Train loss: 13.577268719673157.
2026-08-14 20:05:58,245 - INFO - Reconstruction loss: 9.43430632352829.
2026-08-14 20:05:58,552 - INFO - [1;32mepoch 261 training[0m [[1;34mtime[0m: 0.31s, [1;34mtrain loss[0m: 13.5595, [1;34mreconstruction loss[0m: 9.4313]
2026-08-14 20:05:58,553 - INFO - Epoch 262/1000
2026-08-14 20:05:58,553 - INFO - Train loss: 13.559495091438293.
2026-08-14 20:05:58,553 - INFO - Reconstruction loss: 9.43127989768982.
2026-08-14 20:05:58,864 - INFO - [1;32mepoch 262 training[0m [[1;34mtime[0m: 0.31s, [1;34mtrain loss[0m: 13.5846, [1;34mreconstruction loss[0m: 9.4207]
2026-08-14 20:05:58,864 - INFO - Epoch 263/1000
2026-08-14 20:05:58,864 - INFO - Train loss: 13.584572553634644.
2026-08-14 20:05:58,864 - INFO - Reconstruction loss: 9.420670747756958.
2026-08-14 20:05:59,175 - INFO - [1;32mepoch 263 training[0m [[1;34mtime[0m: 0.31s, [1;34mtrain loss[0m: 13.5767, [1;34mreconstruction loss[0m: 9.4190]
2026-08-14 20:05:59,175 - INFO - Epoch 264/1000
2026-08-14 20:05:59,175 - INFO - Train loss: 13.576666712760925.
2026-08-14 20:05:59,176 - INFO - Reconstruction loss: 9.419010758399963.
2026-08-14 20:05:59,494 - INFO - [1;32mepoch 264 training[0m [[1;34mtime[0m: 0.32s, [1;34mtrain loss[0m: 13.6404, [1;34mreconstruction loss[0m: 9.4236]
2026-08-14 20:05:59,494 - INFO - Epoch 265/1000
2026-08-14 20:05:59,494 - INFO - Train loss: 13.640405893325806.
2026-08-14 20:05:59,494 - INFO - Reconstruction loss: 9.42362904548645.
2026-08-14 20:05:59,748 - INFO - [1;32mepoch 264 evaluating[0m [[1;34mtime[0m: 0.25s, [1;34mcollision_rate[0m: 0.122254]
2026-08-14 20:05:59,778 - INFO - [1;34mSaving current[0m: ./ckpt/Instruments/Aug-14-2026_20-04-16_beta_1.000_codebook_[64,128,256]_sk_0.000/epoch_264_collision_0.1223_model.pth
2026-08-14 20:05:59,781 - INFO - Collision_rate: 0.1222535779076799.
2026-08-14 20:06:00,094 - INFO - [1;32mepoch 265 training[0m [[1;34mtime[0m: 0.31s, [1;34mtrain loss[0m: 13.5820, [1;34mreconstruction loss[0m: 9.4213]
2026-08-14 20:06:00,095 - INFO - Epoch 266/1000
2026-08-14 20:06:00,095 - INFO - Train loss: 13.581957697868347.
2026-08-14 20:06:00,095 - INFO - Reconstruction loss: 9.421256959438324.
2026-08-14 20:06:00,408 - INFO - [1;32mepoch 266 training[0m [[1;34mtime[0m: 0.31s, [1;34mtrain loss[0m: 13.5759, [1;34mreconstruction loss[0m: 9.4121]
2026-08-14 20:06:00,408 - INFO - Epoch 267/1000
2026-08-14 20:06:00,408 - INFO - Train loss: 13.575855016708374.
2026-08-14 20:06:00,408 - INFO - Reconstruction loss: 9.412069201469421.
2026-08-14 20:06:00,736 - INFO - [1;32mepoch 267 training[0m [[1;34mtime[0m: 0.33s, [1;34mtrain loss[0m: 13.5929, [1;34mreconstruction loss[0m: 9.4032]
2026-08-14 20:06:00,736 - INFO - Epoch 268/1000
2026-08-14 20:06:00,736 - INFO - Train loss: 13.592948913574219.
2026-08-14 20:06:00,737 - INFO - Reconstruction loss: 9.403198301792145.
2026-08-14 20:06:01,037 - INFO - [1;32mepoch 268 training[0m [[1;34mtime[0m: 0.30s, [1;34mtrain loss[0m: 13.6312, [1;34mreconstruction loss[0m: 9.4153]
2026-08-14 20:06:01,037 - INFO - Epoch 269/1000
2026-08-14 20:06:01,037 - INFO - Train loss: 13.631225347518921.
2026-08-14 20:06:01,037 - INFO - Reconstruction loss: 9.41530179977417.
2026-08-14 20:06:01,337 - INFO - [1;32mepoch 269 training[0m [[1;34mtime[0m: 0.30s, [1;34mtrain loss[0m: 13.6019, [1;34mreconstruction loss[0m: 9.4156]
2026-08-14 20:06:01,338 - INFO - Epoch 270/1000
2026-08-14 20:06:01,338 - INFO - Train loss: 13.601927757263184.
2026-08-14 20:06:01,338 - INFO - Reconstruction loss: 9.415619969367981.
2026-08-14 20:06:01,595 - INFO - [1;32mepoch 269 evaluating[0m [[1;34mtime[0m: 0.26s, [1;34mcollision_rate[0m: 0.123564]
2026-08-14 20:06:01,622 - INFO - [1;34mSaving current[0m: ./ckpt/Instruments/Aug-14-2026_20-04-16_beta_1.000_codebook_[64,128,256]_sk_0.000/epoch_269_collision_0.1236_model.pth
2026-08-14 20:06:01,626 - INFO - Collision_rate: 0.12356379762144729.
2026-08-14 20:06:01,944 - INFO - [1;32mepoch 270 training[0m [[1;34mtime[0m: 0.32s, [1;34mtrain loss[0m: 13.6849, [1;34mreconstruction loss[0m: 9.4059]
2026-08-14 20:06:01,944 - INFO - Epoch 271/1000
2026-08-14 20:06:01,944 - INFO - Train loss: 13.684850215911865.
2026-08-14 20:06:01,944 - INFO - Reconstruction loss: 9.405949413776398.
2026-08-14 20:06:02,265 - INFO - [1;32mepoch 271 training[0m [[1;34mtime[0m: 0.32s, [1;34mtrain loss[0m: 13.6054, [1;34mreconstruction loss[0m: 9.3972]
2026-08-14 20:06:02,265 - INFO - Epoch 272/1000
2026-08-14 20:06:02,265 - INFO - Train loss: 13.60538113117218.
2026-08-14 20:06:02,265 - INFO - Reconstruction loss: 9.397175192832947.
2026-08-14 20:06:02,574 - INFO - [1;32mepoch 272 training[0m [[1;34mtime[0m: 0.31s, [1;34mtrain loss[0m: 13.6495, [1;34mreconstruction loss[0m: 9.3993]
2026-08-14 20:06:02,575 - INFO - Epoch 273/1000
2026-08-14 20:06:02,575 - INFO - Train loss: 13.649476170539856.
2026-08-14 20:06:02,575 - INFO - Reconstruction loss: 9.399333834648132.
2026-08-14 20:06:02,909 - INFO - [1;32mepoch 273 training[0m [[1;34mtime[0m: 0.33s, [1;34mtrain loss[0m: 13.6319, [1;34mreconstruction loss[0m: 9.4133]
2026-08-14 20:06:02,909 - INFO - Epoch 274/1000
2026-08-14 20:06:02,909 - INFO - Train loss: 13.63185203075409.
2026-08-14 20:06:02,909 - INFO - Reconstruction loss: 9.413289606571198.
2026-08-14 20:06:03,222 - INFO - [1;32mepoch 274 training[0m [[1;34mtime[0m: 0.31s, [1;34mtrain loss[0m: 13.6199, [1;34mreconstruction loss[0m: 9.3952]
2026-08-14 20:06:03,222 - INFO - Epoch 275/1000
2026-08-14 20:06:03,222 - INFO - Train loss: 13.619926571846008.
2026-08-14 20:06:03,222 - INFO - Reconstruction loss: 9.39520412683487.
2026-08-14 20:06:03,471 - INFO - [1;32mepoch 274 evaluating[0m [[1;34mtime[0m: 0.25s, [1;34mcollision_rate[0m: 0.124672]
2026-08-14 20:06:03,499 - INFO - [1;34mSaving current[0m: ./ckpt/Instruments/Aug-14-2026_20-04-16_beta_1.000_codebook_[64,128,256]_sk_0.000/epoch_274_collision_0.1247_model.pth
2026-08-14 20:06:03,502 - INFO - Collision_rate: 0.12467244507155816.
2026-08-14 20:06:03,798 - INFO - [1;32mepoch 275 training[0m [[1;34mtime[0m: 0.30s, [1;34mtrain loss[0m: 13.6272, [1;34mreconstruction loss[0m: 9.3799]
2026-08-14 20:06:03,798 - INFO - Epoch 276/1000
2026-08-14 20:06:03,799 - INFO - Train loss: 13.627236485481262.
2026-08-14 20:06:03,799 - INFO - Reconstruction loss: 9.37990403175354.
2026-08-14 20:06:04,107 - INFO - [1;32mepoch 276 training[0m [[1;34mtime[0m: 0.31s, [1;34mtrain loss[0m: 13.6691, [1;34mreconstruction loss[0m: 9.3790]
2026-08-14 20:06:04,107 - INFO - Epoch 277/1000
2026-08-14 20:06:04,107 - INFO - Train loss: 13.669086575508118.
2026-08-14 20:06:04,107 - INFO - Reconstruction loss: 9.37896877527237.
2026-08-14 20:06:04,424 - INFO - [1;32mepoch 277 training[0m [[1;34mtime[0m: 0.32s, [1;34mtrain loss[0m: 13.6305, [1;34mreconstruction loss[0m: 9.3698]
2026-08-14 20:06:04,424 - INFO - Epoch 278/1000
2026-08-14 20:06:04,424 - INFO - Train loss: 13.630490779876709.
2026-08-14 20:06:04,424 - INFO - Reconstruction loss: 9.369759976863861.
2026-08-14 20:06:04,739 - INFO - [1;32mepoch 278 training[0m [[1;34mtime[0m: 0.31s, [1;34mtrain loss[0m: 13.6655, [1;34mreconstruction loss[0m: 9.3856]
2026-08-14 20:06:04,739 - INFO - Epoch 279/1000
2026-08-14 20:06:04,739 - INFO - Train loss: 13.665470361709595.
2026-08-14 20:06:04,739 - INFO - Reconstruction loss: 9.385588467121124.
2026-08-14 20:06:05,028 - INFO - [1;32mepoch 279 training[0m [[1;34mtime[0m: 0.29s, [1;34mtrain loss[0m: 13.6869, [1;34mreconstruction loss[0m: 9.3923]
2026-08-14 20:06:05,029 - INFO - Epoch 280/1000
2026-08-14 20:06:05,029 - INFO - Train loss: 13.686908721923828.
2026-08-14 20:06:05,029 - INFO - Reconstruction loss: 9.392340660095215.
2026-08-14 20:06:05,263 - INFO - [1;32mepoch 279 evaluating[0m [[1;34mtime[0m: 0.23s, [1;34mcollision_rate[0m: 0.126688]
2026-08-14 20:06:05,289 - INFO - [1;34mSaving current[0m: ./ckpt/Instruments/Aug-14-2026_20-04-16_beta_1.000_codebook_[64,128,256]_sk_0.000/epoch_279_collision_0.1267_model.pth
2026-08-14 20:06:05,294 - INFO - Collision_rate: 0.12668816770812336.
2026-08-14 20:06:05,609 - INFO - [1;32mepoch 280 training[0m [[1;34mtime[0m: 0.32s, [1;34mtrain loss[0m: 13.6484, [1;34mreconstruction loss[0m: 9.3686]
2026-08-14 20:06:05,609 - INFO - Epoch 281/1000
2026-08-14 20:06:05,609 - INFO - Train loss: 13.648449063301086.
2026-08-14 20:06:05,610 - INFO - Reconstruction loss: 9.368633508682251.
2026-08-14 20:06:05,916 - INFO - [1;32mepoch 281 training[0m [[1;34mtime[0m: 0.31s, [1;34mtrain loss[0m: 13.7006, [1;34mreconstruction loss[0m: 9.3684]
2026-08-14 20:06:05,916 - INFO - Epoch 282/1000
2026-08-14 20:06:05,916 - INFO - Train loss: 13.700554847717285.
2026-08-14 20:06:05,916 - INFO - Reconstruction loss: 9.368409395217896.
2026-08-14 20:06:06,224 - INFO - [1;32mepoch 282 training[0m [[1;34mtime[0m: 0.31s, [1;34mtrain loss[0m: 13.6532, [1;34mreconstruction loss[0m: 9.3750]
2026-08-14 20:06:06,225 - INFO - Epoch 283/1000
2026-08-14 20:06:06,225 - INFO - Train loss: 13.653248310089111.
2026-08-14 20:06:06,225 - INFO - Reconstruction loss: 9.374983310699463.
2026-08-14 20:06:06,526 - INFO - [1;32mepoch 283 training[0m [[1;34mtime[0m: 0.30s, [1;34mtrain loss[0m: 13.7194, [1;34mreconstruction loss[0m: 9.3700]
2026-08-14 20:06:06,526 - INFO - Epoch 284/1000
2026-08-14 20:06:06,526 - INFO - Train loss: 13.71940290927887.
2026-08-14 20:06:06,526 - INFO - Reconstruction loss: 9.369995772838593.
2026-08-14 20:06:06,856 - INFO - [1;32mepoch 284 training[0m [[1;34mtime[0m: 0.33s, [1;34mtrain loss[0m: 13.7105, [1;34mreconstruction loss[0m: 9.3604]
2026-08-14 20:06:06,856 - INFO - Epoch 285/1000
2026-08-14 20:06:06,856 - INFO - Train loss: 13.710469722747803.
2026-08-14 20:06:06,856 - INFO - Reconstruction loss: 9.360443890094757.
2026-08-14 20:06:07,117 - INFO - [1;32mepoch 284 evaluating[0m [[1;34mtime[0m: 0.26s, [1;34mcollision_rate[0m: 0.122758]
2026-08-14 20:06:07,145 - INFO - [1;34mSaving current[0m: ./ckpt/Instruments/Aug-14-2026_20-04-16_beta_1.000_codebook_[64,128,256]_sk_0.000/epoch_284_collision_0.1228_model.pth
2026-08-14 20:06:07,149 - INFO - Collision_rate: 0.1227575085668212.
2026-08-14 20:06:07,459 - INFO - [1;32mepoch 285 training[0m [[1;34mtime[0m: 0.31s, [1;34mtrain loss[0m: 13.7052, [1;34mreconstruction loss[0m: 9.3707]
2026-08-14 20:06:07,459 - INFO - Epoch 286/1000
2026-08-14 20:06:07,459 - INFO - Train loss: 13.705192685127258.
2026-08-14 20:06:07,459 - INFO - Reconstruction loss: 9.370653927326202.
2026-08-14 20:06:07,763 - INFO - [1;32mepoch 286 training[0m [[1;34mtime[0m: 0.30s, [1;34mtrain loss[0m: 13.7604, [1;34mreconstruction loss[0m: 9.3807]
2026-08-14 20:06:07,763 - INFO - Epoch 287/1000
2026-08-14 20:06:07,763 - INFO - Train loss: 13.760356664657593.
2026-08-14 20:06:07,763 - INFO - Reconstruction loss: 9.380715429782867.
2026-08-14 20:06:08,078 - INFO - [1;32mepoch 287 training[0m [[1;34mtime[0m: 0.31s, [1;34mtrain loss[0m: 13.7225, [1;34mreconstruction loss[0m: 9.3515]
2026-08-14 20:06:08,078 - INFO - Epoch 288/1000
2026-08-14 20:06:08,078 - INFO - Train loss: 13.722525119781494.
2026-08-14 20:06:08,078 - INFO - Reconstruction loss: 9.351452589035034.
2026-08-14 20:06:08,397 - INFO - [1;32mepoch 288 training[0m [[1;34mtime[0m: 0.32s, [1;34mtrain loss[0m: 13.7319, [1;34mreconstruction loss[0m: 9.3559]
2026-08-14 20:06:08,397 - INFO - Epoch 289/1000
2026-08-14 20:06:08,397 - INFO - Train loss: 13.731911063194275.
2026-08-14 20:06:08,397 - INFO - Reconstruction loss: 9.355920255184174.
2026-08-14 20:06:08,694 - INFO - [1;32mepoch 289 training[0m [[1;34mtime[0m: 0.30s, [1;34mtrain loss[0m: 13.7193, [1;34mreconstruction loss[0m: 9.3646]
2026-08-14 20:06:08,694 - INFO - Epoch 290/1000
2026-08-14 20:06:08,694 - INFO - Train loss: 13.719274997711182.
2026-08-14 20:06:08,694 - INFO - Reconstruction loss: 9.364616096019745.
2026-08-14 20:06:08,973 - INFO - [1;32mepoch 289 evaluating[0m [[1;34mtime[0m: 0.28s, [1;34mcollision_rate[0m: 0.125277]
2026-08-14 20:06:09,005 - INFO - [1;34mSaving current[0m: ./ckpt/Instruments/Aug-14-2026_20-04-16_beta_1.000_codebook_[64,128,256]_sk_0.000/epoch_289_collision_0.1253_model.pth
2026-08-14 20:06:09,009 - INFO - Collision_rate: 0.12527716186252771.
2026-08-14 20:06:09,316 - INFO - [1;32mepoch 290 training[0m [[1;34mtime[0m: 0.31s, [1;34mtrain loss[0m: 13.8330, [1;34mreconstruction loss[0m: 9.3734]
2026-08-14 20:06:09,316 - INFO - Epoch 291/1000
2026-08-14 20:06:09,316 - INFO - Train loss: 13.833043217658997.
2026-08-14 20:06:09,316 - INFO - Reconstruction loss: 9.373360574245453.
2026-08-14 20:06:09,622 - INFO - [1;32mepoch 291 training[0m [[1;34mtime[0m: 0.31s, [1;34mtrain loss[0m: 13.7293, [1;34mreconstruction loss[0m: 9.3598]
2026-08-14 20:06:09,623 - INFO - Epoch 292/1000
2026-08-14 20:06:09,623 - INFO - Train loss: 13.729315876960754.
2026-08-14 20:06:09,623 - INFO - Reconstruction loss: 9.359809458255768.
2026-08-14 20:06:09,945 - INFO - [1;32mepoch 292 training[0m [[1;34mtime[0m: 0.32s, [1;34mtrain loss[0m: 13.7311, [1;34mreconstruction loss[0m: 9.3540]
2026-08-14 20:06:09,945 - INFO - Epoch 293/1000
2026-08-14 20:06:09,945 - INFO - Train loss: 13.731147527694702.
2026-08-14 20:06:09,945 - INFO - Reconstruction loss: 9.3539759516716.
2026-08-14 20:06:10,257 - INFO - [1;32mepoch 293 training[0m [[1;34mtime[0m: 0.31s, [1;34mtrain loss[0m: 13.7805, [1;34mreconstruction loss[0m: 9.3621]
2026-08-14 20:06:10,257 - INFO - Epoch 294/1000
2026-08-14 20:06:10,257 - INFO - Train loss: 13.780522346496582.
2026-08-14 20:06:10,257 - INFO - Reconstruction loss: 9.362082719802856.
2026-08-14 20:06:10,570 - INFO - [1;32mepoch 294 training[0m [[1;34mtime[0m: 0.31s, [1;34mtrain loss[0m: 13.8098, [1;34mreconstruction loss[0m: 9.3697]
2026-08-14 20:06:10,570 - INFO - Epoch 295/1000
2026-08-14 20:06:10,570 - INFO - Train loss: 13.809841632843018.
2026-08-14 20:06:10,570 - INFO - Reconstruction loss: 9.369689345359802.
2026-08-14 20:06:10,839 - INFO - [1;32mepoch 294 evaluating[0m [[1;34mtime[0m: 0.27s, [1;34mcollision_rate[0m: 0.127595]
2026-08-14 20:06:10,866 - INFO - [1;34mSaving current[0m: ./ckpt/Instruments/Aug-14-2026_20-04-16_beta_1.000_codebook_[64,128,256]_sk_0.000/epoch_294_collision_0.1276_model.pth
2026-08-14 20:06:10,870 - INFO - Collision_rate: 0.12759524289457772.
2026-08-14 20:06:11,186 - INFO - [1;32mepoch 295 training[0m [[1;34mtime[0m: 0.32s, [1;34mtrain loss[0m: 13.8102, [1;34mreconstruction loss[0m: 9.3453]
2026-08-14 20:06:11,186 - INFO - Epoch 296/1000
2026-08-14 20:06:11,186 - INFO - Train loss: 13.810169458389282.
2026-08-14 20:06:11,186 - INFO - Reconstruction loss: 9.34529459476471.
2026-08-14 20:06:11,505 - INFO - [1;32mepoch 296 training[0m [[1;34mtime[0m: 0.32s, [1;34mtrain loss[0m: 13.7540, [1;34mreconstruction loss[0m: 9.3384]
2026-08-14 20:06:11,506 - INFO - Epoch 297/1000
2026-08-14 20:06:11,506 - INFO - Train loss: 13.75404942035675.
2026-08-14 20:06:11,506 - INFO - Reconstruction loss: 9.33839726448059.
2026-08-14 20:06:11,821 - INFO - [1;32mepoch 297 training[0m [[1;34mtime[0m: 0.32s, [1;34mtrain loss[0m: 13.7648, [1;34mreconstruction loss[0m: 9.3478]
2026-08-14 20:06:11,821 - INFO - Epoch 298/1000
2026-08-14 20:06:11,821 - INFO - Train loss: 13.764844059944153.
2026-08-14 20:06:11,822 - INFO - Reconstruction loss: 9.347785472869873.
2026-08-14 20:06:12,138 - INFO - [1;32mepoch 298 training[0m [[1;34mtime[0m: 0.32s, [1;34mtrain loss[0m: 13.7703, [1;34mreconstruction loss[0m: 9.3455]
2026-08-14 20:06:12,139 - INFO - Epoch 299/1000
2026-08-14 20:06:12,139 - INFO - Train loss: 13.770281434059143.
2026-08-14 20:06:12,139 - INFO - Reconstruction loss: 9.345516443252563.
2026-08-14 20:06:12,456 - INFO - [1;32mepoch 299 training[0m [[1;34mtime[0m: 0.32s, [1;34mtrain loss[0m: 13.7588, [1;34mreconstruction loss[0m: 9.3323]
2026-08-14 20:06:12,457 - INFO - Epoch 300/1000
2026-08-14 20:06:12,457 - INFO - Train loss: 13.758798241615295.
2026-08-14 20:06:12,457 - INFO - Reconstruction loss: 9.332292914390564.
2026-08-14 20:06:12,715 - INFO - [1;32mepoch 299 evaluating[0m [[1;34mtime[0m: 0.26s, [1;34mcollision_rate[0m: 0.126487]
2026-08-14 20:06:12,747 - INFO - [1;34mSaving current[0m: ./ckpt/Instruments/Aug-14-2026_20-04-16_beta_1.000_codebook_[64,128,256]_sk_0.000/epoch_299_collision_0.1265_model.pth
2026-08-14 20:06:12,752 - INFO - Collision_rate: 0.12648659544446683.
2026-08-14 20:06:13,086 - INFO - [1;32mepoch 300 training[0m [[1;34mtime[0m: 0.33s, [1;34mtrain loss[0m: 13.7589, [1;34mreconstruction loss[0m: 9.3362]
2026-08-14 20:06:13,086 - INFO - Epoch 301/1000
2026-08-14 20:06:13,086 - INFO - Train loss: 13.75886607170105.
2026-08-14 20:06:13,086 - INFO - Reconstruction loss: 9.336166739463806.
2026-08-14 20:06:13,409 - INFO - [1;32mepoch 301 training[0m [[1;34mtime[0m: 0.32s, [1;34mtrain loss[0m: 13.7764, [1;34mreconstruction loss[0m: 9.3230]
2026-08-14 20:06:13,410 - INFO - Epoch 302/1000
2026-08-14 20:06:13,410 - INFO - Train loss: 13.776447892189026.
2026-08-14 20:06:13,410 - INFO - Reconstruction loss: 9.322980523109436.
2026-08-14 20:06:13,720 - INFO - [1;32mepoch 302 training[0m [[1;34mtime[0m: 0.31s, [1;34mtrain loss[0m: 13.7449, [1;34mreconstruction loss[0m: 9.3243]
2026-08-14 20:06:13,720 - INFO - Epoch 303/1000
2026-08-14 20:06:13,720 - INFO - Train loss: 13.744878053665161.
2026-08-14 20:06:13,720 - INFO - Reconstruction loss: 9.324276626110077.
2026-08-14 20:06:14,033 - INFO - [1;32mepoch 303 training[0m [[1;34mtime[0m: 0.31s, [1;34mtrain loss[0m: 13.8050, [1;34mreconstruction loss[0m: 9.3286]
2026-08-14 20:06:14,033 - INFO - Epoch 304/1000
2026-08-14 20:06:14,033 - INFO - Train loss: 13.804954409599304.
2026-08-14 20:06:14,033 - INFO - Reconstruction loss: 9.32861202955246.
2026-08-14 20:06:14,338 - INFO - [1;32mepoch 304 training[0m [[1;34mtime[0m: 0.30s, [1;34mtrain loss[0m: 13.8184, [1;34mreconstruction loss[0m: 9.3183]
2026-08-14 20:06:14,338 - INFO - Epoch 305/1000
2026-08-14 20:06:14,338 - INFO - Train loss: 13.81844711303711.
2026-08-14 20:06:14,338 - INFO - Reconstruction loss: 9.318344056606293.
2026-08-14 20:06:14,593 - INFO - [1;32mepoch 304 evaluating[0m [[1;34mtime[0m: 0.25s, [1;34mcollision_rate[0m: 0.126083]
2026-08-14 20:06:14,621 - INFO - [1;34mSaving current[0m: ./ckpt/Instruments/Aug-14-2026_20-04-16_beta_1.000_codebook_[64,128,256]_sk_0.000/epoch_304_collision_0.1261_model.pth
2026-08-14 20:06:14,625 - INFO - Collision_rate: 0.1260834509171538.
2026-08-14 20:06:14,930 - INFO - [1;32mepoch 305 training[0m [[1;34mtime[0m: 0.30s, [1;34mtrain loss[0m: 13.7767, [1;34mreconstruction loss[0m: 9.3258]
2026-08-14 20:06:14,930 - INFO - Epoch 306/1000
2026-08-14 20:06:14,930 - INFO - Train loss: 13.776728749275208.
2026-08-14 20:06:14,930 - INFO - Reconstruction loss: 9.325821816921234.
2026-08-14 20:06:15,239 - INFO - [1;32mepoch 306 training[0m [[1;34mtime[0m: 0.31s, [1;34mtrain loss[0m: 13.8082, [1;34mreconstruction loss[0m: 9.3202]
2026-08-14 20:06:15,240 - INFO - Epoch 307/1000
2026-08-14 20:06:15,240 - INFO - Train loss: 13.8081636428833.
2026-08-14 20:06:15,240 - INFO - Reconstruction loss: 9.320211470127106.
2026-08-14 20:06:15,550 - INFO - [1;32mepoch 307 training[0m [[1;34mtime[0m: 0.31s, [1;34mtrain loss[0m: 13.7481, [1;34mreconstruction loss[0m: 9.3007]
2026-08-14 20:06:15,550 - INFO - Epoch 308/1000
2026-08-14 20:06:15,550 - INFO - Train loss: 13.748088717460632.
2026-08-14 20:06:15,550 - INFO - Reconstruction loss: 9.300711870193481.
2026-08-14 20:06:15,858 - INFO - [1;32mepoch 308 training[0m [[1;34mtime[0m: 0.31s, [1;34mtrain loss[0m: 13.7874, [1;34mreconstruction loss[0m: 9.3095]
2026-08-14 20:06:15,858 - INFO - Epoch 309/1000
2026-08-14 20:06:15,858 - INFO - Train loss: 13.787406086921692.
2026-08-14 20:06:15,858 - INFO - Reconstruction loss: 9.309520184993744.
2026-08-14 20:06:16,163 - INFO - [1;32mepoch 309 training[0m [[1;34mtime[0m: 0.30s, [1;34mtrain loss[0m: 13.7756, [1;34mreconstruction loss[0m: 9.3005]
2026-08-14 20:06:16,163 - INFO - Epoch 310/1000
2026-08-14 20:06:16,163 - INFO - Train loss: 13.775612473487854.
2026-08-14 20:06:16,163 - INFO - Reconstruction loss: 9.300481915473938.
2026-08-14 20:06:16,415 - INFO - [1;32mepoch 309 evaluating[0m [[1;34mtime[0m: 0.25s, [1;34mcollision_rate[0m: 0.123463]
2026-08-14 20:06:16,443 - INFO - [1;34mSaving current[0m: ./ckpt/Instruments/Aug-14-2026_20-04-16_beta_1.000_codebook_[64,128,256]_sk_0.000/epoch_309_collision_0.1235_model.pth
2026-08-14 20:06:16,447 - INFO - Collision_rate: 0.12346301148961902.
2026-08-14 20:06:16,754 - INFO - [1;32mepoch 310 training[0m [[1;34mtime[0m: 0.31s, [1;34mtrain loss[0m: 13.8465, [1;34mreconstruction loss[0m: 9.3054]
2026-08-14 20:06:16,755 - INFO - Epoch 311/1000
2026-08-14 20:06:16,755 - INFO - Train loss: 13.846506237983704.
2026-08-14 20:06:16,755 - INFO - Reconstruction loss: 9.30537486076355.
2026-08-14 20:06:17,065 - INFO - [1;32mepoch 311 training[0m [[1;34mtime[0m: 0.31s, [1;34mtrain loss[0m: 13.8062, [1;34mreconstruction loss[0m: 9.3037]
2026-08-14 20:06:17,065 - INFO - Epoch 312/1000
2026-08-14 20:06:17,065 - INFO - Train loss: 13.80620551109314.
2026-08-14 20:06:17,065 - INFO - Reconstruction loss: 9.303742825984955.
2026-08-14 20:06:17,370 - INFO - [1;32mepoch 312 training[0m [[1;34mtime[0m: 0.30s, [1;34mtrain loss[0m: 13.7923, [1;34mreconstruction loss[0m: 9.3021]
2026-08-14 20:06:17,370 - INFO - Epoch 313/1000
2026-08-14 20:06:17,370 - INFO - Train loss: 13.792317390441895.
2026-08-14 20:06:17,370 - INFO - Reconstruction loss: 9.302073538303375.
2026-08-14 20:06:17,672 - INFO - [1;32mepoch 313 training[0m [[1;34mtime[0m: 0.30s, [1;34mtrain loss[0m: 13.8578, [1;34mreconstruction loss[0m: 9.3000]
2026-08-14 20:06:17,672 - INFO - Epoch 314/1000
2026-08-14 20:06:17,673 - INFO - Train loss: 13.857818007469177.
2026-08-14 20:06:17,673 - INFO - Reconstruction loss: 9.299987316131592.
2026-08-14 20:06:17,982 - INFO - [1;32mepoch 314 training[0m [[1;34mtime[0m: 0.31s, [1;34mtrain loss[0m: 13.8294, [1;34mreconstruction loss[0m: 9.3044]
2026-08-14 20:06:17,983 - INFO - Epoch 315/1000
2026-08-14 20:06:17,983 - INFO - Train loss: 13.829355835914612.
2026-08-14 20:06:17,983 - INFO - Reconstruction loss: 9.304364740848541.
2026-08-14 20:06:18,237 - INFO - [1;32mepoch 314 evaluating[0m [[1;34mtime[0m: 0.25s, [1;34mcollision_rate[0m: 0.123362]
2026-08-14 20:06:18,263 - INFO - [1;34mSaving current[0m: ./ckpt/Instruments/Aug-14-2026_20-04-16_beta_1.000_codebook_[64,128,256]_sk_0.000/epoch_314_collision_0.1234_model.pth
2026-08-14 20:06:18,267 - INFO - Collision_rate: 0.12336222535779076.
2026-08-14 20:06:18,573 - INFO - [1;32mepoch 315 training[0m [[1;34mtime[0m: 0.31s, [1;34mtrain loss[0m: 13.8167, [1;34mreconstruction loss[0m: 9.2862]
2026-08-14 20:06:18,573 - INFO - Epoch 316/1000
2026-08-14 20:06:18,574 - INFO - Train loss: 13.816697716712952.
2026-08-14 20:06:18,574 - INFO - Reconstruction loss: 9.286214351654053.
2026-08-14 20:06:18,860 - INFO - [1;32mepoch 316 training[0m [[1;34mtime[0m: 0.29s, [1;34mtrain loss[0m: 13.8156, [1;34mreconstruction loss[0m: 9.2903]
2026-08-14 20:06:18,860 - INFO - Epoch 317/1000
2026-08-14 20:06:18,860 - INFO - Train loss: 13.815636157989502.
2026-08-14 20:06:18,860 - INFO - Reconstruction loss: 9.290254354476929.
2026-08-14 20:06:19,153 - INFO - [1;32mepoch 317 training[0m [[1;34mtime[0m: 0.29s, [1;34mtrain loss[0m: 13.8475, [1;34mreconstruction loss[0m: 9.2935]
2026-08-14 20:06:19,153 - INFO - Epoch 318/1000
2026-08-14 20:06:19,153 - INFO - Train loss: 13.84749174118042.
2026-08-14 20:06:19,153 - INFO - Reconstruction loss: 9.293516099452972.
2026-08-14 20:06:19,464 - INFO - [1;32mepoch 318 training[0m [[1;34mtime[0m: 0.31s, [1;34mtrain loss[0m: 13.8557, [1;34mreconstruction loss[0m: 9.2914]
2026-08-14 20:06:19,465 - INFO - Epoch 319/1000
2026-08-14 20:06:19,465 - INFO - Train loss: 13.85565447807312.
2026-08-14 20:06:19,465 - INFO - Reconstruction loss: 9.291352927684784.
2026-08-14 20:06:19,770 - INFO - [1;32mepoch 319 training[0m [[1;34mtime[0m: 0.31s, [1;34mtrain loss[0m: 13.8588, [1;34mreconstruction loss[0m: 9.2900]
2026-08-14 20:06:19,770 - INFO - Epoch 320/1000
2026-08-14 20:06:19,770 - INFO - Train loss: 13.858830571174622.
2026-08-14 20:06:19,770 - INFO - Reconstruction loss: 9.290002703666687.
2026-08-14 20:06:20,020 - INFO - [1;32mepoch 319 evaluating[0m [[1;34mtime[0m: 0.25s, [1;34mcollision_rate[0m: 0.125176]
2026-08-14 20:06:20,047 - INFO - [1;34mSaving current[0m: ./ckpt/Instruments/Aug-14-2026_20-04-16_beta_1.000_codebook_[64,128,256]_sk_0.000/epoch_319_collision_0.1252_model.pth
2026-08-14 20:06:20,051 - INFO - Collision_rate: 0.12517637573069945.
2026-08-14 20:06:20,362 - INFO - [1;32mepoch 320 training[0m [[1;34mtime[0m: 0.31s, [1;34mtrain loss[0m: 13.8420, [1;34mreconstruction loss[0m: 9.2739]
2026-08-14 20:06:20,362 - INFO - Epoch 321/1000
2026-08-14 20:06:20,362 - INFO - Train loss: 13.842041015625.
2026-08-14 20:06:20,362 - INFO - Reconstruction loss: 9.273919343948364.
2026-08-14 20:06:20,676 - INFO - [1;32mepoch 321 training[0m [[1;34mtime[0m: 0.31s, [1;34mtrain loss[0m: 13.8331, [1;34mreconstruction loss[0m: 9.2846]
2026-08-14 20:06:20,676 - INFO - Epoch 322/1000
2026-08-14 20:06:20,676 - INFO - Train loss: 13.833120584487915.
2026-08-14 20:06:20,676 - INFO - Reconstruction loss: 9.284577131271362.
2026-08-14 20:06:20,993 - INFO - [1;32mepoch 322 training[0m [[1;34mtime[0m: 0.32s, [1;34mtrain loss[0m: 13.8480, [1;34mreconstruction loss[0m: 9.2791]
2026-08-14 20:06:20,993 - INFO - Epoch 323/1000
2026-08-14 20:06:20,993 - INFO - Train loss: 13.847950339317322.
2026-08-14 20:06:20,993 - INFO - Reconstruction loss: 9.279119789600372.
2026-08-14 20:06:21,300 - INFO - [1;32mepoch 323 training[0m [[1;34mtime[0m: 0.31s, [1;34mtrain loss[0m: 13.8558, [1;34mreconstruction loss[0m: 9.2846]
2026-08-14 20:06:21,300 - INFO - Epoch 324/1000
2026-08-14 20:06:21,300 - INFO - Train loss: 13.855783224105835.
2026-08-14 20:06:21,300 - INFO - Reconstruction loss: 9.284572839736938.
2026-08-14 20:06:21,610 - INFO - [1;32mepoch 324 training[0m [[1;34mtime[0m: 0.31s, [1;34mtrain loss[0m: 13.8567, [1;34mreconstruction loss[0m: 9.2759]
2026-08-14 20:06:21,611 - INFO - Epoch 325/1000
2026-08-14 20:06:21,611 - INFO - Train loss: 13.856721758842468.
2026-08-14 20:06:21,611 - INFO - Reconstruction loss: 9.275939106941223.
2026-08-14 20:06:21,876 - INFO - [1;32mepoch 324 evaluating[0m [[1;34mtime[0m: 0.27s, [1;34mcollision_rate[0m: 0.124471]
2026-08-14 20:06:21,904 - INFO - [1;34mSaving current[0m: ./ckpt/Instruments/Aug-14-2026_20-04-16_beta_1.000_codebook_[64,128,256]_sk_0.000/epoch_324_collision_0.1245_model.pth
2026-08-14 20:06:21,908 - INFO - Collision_rate: 0.12447087280790163.
2026-08-14 20:06:22,223 - INFO - [1;32mepoch 325 training[0m [[1;34mtime[0m: 0.31s, [1;34mtrain loss[0m: 13.8266, [1;34mreconstruction loss[0m: 9.2731]
2026-08-14 20:06:22,223 - INFO - Epoch 326/1000
2026-08-14 20:06:22,223 - INFO - Train loss: 13.826560616493225.
2026-08-14 20:06:22,223 - INFO - Reconstruction loss: 9.273129522800446.
2026-08-14 20:06:22,504 - INFO - [1;32mepoch 326 training[0m [[1;34mtime[0m: 0.28s, [1;34mtrain loss[0m: 13.8419, [1;34mreconstruction loss[0m: 9.2585]
2026-08-14 20:06:22,504 - INFO - Epoch 327/1000
2026-08-14 20:06:22,504 - INFO - Train loss: 13.841941475868225.
2026-08-14 20:06:22,504 - INFO - Reconstruction loss: 9.258524775505066.
2026-08-14 20:06:22,813 - INFO - [1;32mepoch 327 training[0m [[1;34mtime[0m: 0.31s, [1;34mtrain loss[0m: 13.8849, [1;34mreconstruction loss[0m: 9.2721]
2026-08-14 20:06:22,813 - INFO - Epoch 328/1000
2026-08-14 20:06:22,813 - INFO - Train loss: 13.88490891456604.
2026-08-14 20:06:22,813 - INFO - Reconstruction loss: 9.272050559520721.
2026-08-14 20:06:23,124 - INFO - [1;32mepoch 328 training[0m [[1;34mtime[0m: 0.31s, [1;34mtrain loss[0m: 13.9003, [1;34mreconstruction loss[0m: 9.2741]
2026-08-14 20:06:23,124 - INFO - Epoch 329/1000
2026-08-14 20:06:23,124 - INFO - Train loss: 13.900338292121887.
2026-08-14 20:06:23,124 - INFO - Reconstruction loss: 9.274097681045532.
2026-08-14 20:06:23,439 - INFO - [1;32mepoch 329 training[0m [[1;34mtime[0m: 0.31s, [1;34mtrain loss[0m: 13.9035, [1;34mreconstruction loss[0m: 9.2692]
2026-08-14 20:06:23,439 - INFO - Epoch 330/1000
2026-08-14 20:06:23,439 - INFO - Train loss: 13.90351915359497.
2026-08-14 20:06:23,439 - INFO - Reconstruction loss: 9.269194781780243.
2026-08-14 20:06:23,694 - INFO - [1;32mepoch 329 evaluating[0m [[1;34mtime[0m: 0.26s, [1;34mcollision_rate[0m: 0.124269]
2026-08-14 20:06:23,724 - INFO - [1;34mSaving current[0m: ./ckpt/Instruments/Aug-14-2026_20-04-16_beta_1.000_codebook_[64,128,256]_sk_0.000/epoch_329_collision_0.1243_model.pth
2026-08-14 20:06:23,728 - INFO - Collision_rate: 0.1242693005442451.
2026-08-14 20:06:24,045 - INFO - [1;32mepoch 330 training[0m [[1;34mtime[0m: 0.32s, [1;34mtrain loss[0m: 13.7940, [1;34mreconstruction loss[0m: 9.2378]
2026-08-14 20:06:24,046 - INFO - Epoch 331/1000
2026-08-14 20:06:24,046 - INFO - Train loss: 13.794012904167175.
2026-08-14 20:06:24,046 - INFO - Reconstruction loss: 9.237847328186035.
2026-08-14 20:06:24,368 - INFO - [1;32mepoch 331 training[0m [[1;34mtime[0m: 0.32s, [1;34mtrain loss[0m: 13.8493, [1;34mreconstruction loss[0m: 9.2609]
2026-08-14 20:06:24,368 - INFO - Epoch 332/1000
2026-08-14 20:06:24,368 - INFO - Train loss: 13.84928846359253.
2026-08-14 20:06:24,368 - INFO - Reconstruction loss: 9.260870158672333.
2026-08-14 20:06:24,681 - INFO - [1;32mepoch 332 training[0m [[1;34mtime[0m: 0.31s, [1;34mtrain loss[0m: 13.9272, [1;34mreconstruction loss[0m: 9.2565]
2026-08-14 20:06:24,681 - INFO - Epoch 333/1000
2026-08-14 20:06:24,682 - INFO - Train loss: 13.927213788032532.
2026-08-14 20:06:24,682 - INFO - Reconstruction loss: 9.256519734859467.
2026-08-14 20:06:25,003 - INFO - [1;32mepoch 333 training[0m [[1;34mtime[0m: 0.32s, [1;34mtrain loss[0m: 13.8563, [1;34mreconstruction loss[0m: 9.2572]
2026-08-14 20:06:25,003 - INFO - Epoch 334/1000
2026-08-14 20:06:25,003 - INFO - Train loss: 13.856313586235046.
2026-08-14 20:06:25,003 - INFO - Reconstruction loss: 9.257240891456604.
2026-08-14 20:06:25,303 - INFO - [1;32mepoch 334 training[0m [[1;34mtime[0m: 0.30s, [1;34mtrain loss[0m: 13.9245, [1;34mreconstruction loss[0m: 9.2669]
2026-08-14 20:06:25,303 - INFO - Epoch 335/1000
2026-08-14 20:06:25,303 - INFO - Train loss: 13.924456119537354.
2026-08-14 20:06:25,303 - INFO - Reconstruction loss: 9.266938507556915.
2026-08-14 20:06:25,574 - INFO - [1;32mepoch 334 evaluating[0m [[1;34mtime[0m: 0.27s, [1;34mcollision_rate[0m: 0.125680]
2026-08-14 20:06:25,605 - INFO - [1;34mSaving current[0m: ./ckpt/Instruments/Aug-14-2026_20-04-16_beta_1.000_codebook_[64,128,256]_sk_0.000/epoch_334_collision_0.1257_model.pth
2026-08-14 20:06:25,609 - INFO - Collision_rate: 0.12568030638984076.
2026-08-14 20:06:25,908 - INFO - [1;32mepoch 335 training[0m [[1;34mtime[0m: 0.30s, [1;34mtrain loss[0m: 13.8583, [1;34mreconstruction loss[0m: 9.2401]
2026-08-14 20:06:25,908 - INFO - Epoch 336/1000
2026-08-14 20:06:25,908 - INFO - Train loss: 13.85834288597107.
2026-08-14 20:06:25,908 - INFO - Reconstruction loss: 9.24010318517685.
2026-08-14 20:06:26,227 - INFO - [1;32mepoch 336 training[0m [[1;34mtime[0m: 0.32s, [1;34mtrain loss[0m: 13.9382, [1;34mreconstruction loss[0m: 9.2505]
2026-08-14 20:06:26,227 - INFO - Epoch 337/1000
2026-08-14 20:06:26,227 - INFO - Train loss: 13.938156366348267.
2026-08-14 20:06:26,227 - INFO - Reconstruction loss: 9.250513136386871.
2026-08-14 20:06:26,543 - INFO - [1;32mepoch 337 training[0m [[1;34mtime[0m: 0.32s, [1;34mtrain loss[0m: 13.8987, [1;34mreconstruction loss[0m: 9.2409]
2026-08-14 20:06:26,544 - INFO - Epoch 338/1000
2026-08-14 20:06:26,544 - INFO - Train loss: 13.898749947547913.
2026-08-14 20:06:26,544 - INFO - Reconstruction loss: 9.240943849086761.
2026-08-14 20:06:26,860 - INFO - [1;32mepoch 338 training[0m [[1;34mtime[0m: 0.32s, [1;34mtrain loss[0m: 13.8607, [1;34mreconstruction loss[0m: 9.2472]
2026-08-14 20:06:26,860 - INFO - Epoch 339/1000
2026-08-14 20:06:26,860 - INFO - Train loss: 13.860651969909668.
2026-08-14 20:06:26,860 - INFO - Reconstruction loss: 9.247188687324524.
2026-08-14 20:06:27,160 - INFO - [1;32mepoch 339 training[0m [[1;34mtime[0m: 0.30s, [1;34mtrain loss[0m: 13.9137, [1;34mreconstruction loss[0m: 9.2405]
2026-08-14 20:06:27,160 - INFO - Epoch 340/1000
2026-08-14 20:06:27,160 - INFO - Train loss: 13.913673520088196.
2026-08-14 20:06:27,160 - INFO - Reconstruction loss: 9.24049687385559.
2026-08-14 20:06:27,393 - INFO - [1;32mepoch 339 evaluating[0m [[1;34mtime[0m: 0.23s, [1;34mcollision_rate[0m: 0.123261]
2026-08-14 20:06:27,420 - INFO - [1;34mSaving current[0m: ./ckpt/Instruments/Aug-14-2026_20-04-16_beta_1.000_codebook_[64,128,256]_sk_0.000/epoch_339_collision_0.1233_model.pth
2026-08-14 20:06:27,424 - INFO - Collision_rate: 0.12326143922596251.
2026-08-14 20:06:27,738 - INFO - [1;32mepoch 340 training[0m [[1;34mtime[0m: 0.31s, [1;34mtrain loss[0m: 13.9289, [1;34mreconstruction loss[0m: 9.2325]
2026-08-14 20:06:27,738 - INFO - Epoch 341/1000
2026-08-14 20:06:27,738 - INFO - Train loss: 13.92888855934143.
2026-08-14 20:06:27,738 - INFO - Reconstruction loss: 9.232462286949158.
2026-08-14 20:06:28,052 - INFO - [1;32mepoch 341 training[0m [[1;34mtime[0m: 0.31s, [1;34mtrain loss[0m: 13.9152, [1;34mreconstruction loss[0m: 9.2438]
2026-08-14 20:06:28,053 - INFO - Epoch 342/1000
2026-08-14 20:06:28,053 - INFO - Train loss: 13.915238618850708.
2026-08-14 20:06:28,053 - INFO - Reconstruction loss: 9.243759989738464.
2026-08-14 20:06:28,374 - INFO - [1;32mepoch 342 training[0m [[1;34mtime[0m: 0.32s, [1;34mtrain loss[0m: 13.9508, [1;34mreconstruction loss[0m: 9.2473]
2026-08-14 20:06:28,374 - INFO - Epoch 343/1000
2026-08-14 20:06:28,374 - INFO - Train loss: 13.950836777687073.
2026-08-14 20:06:28,374 - INFO - Reconstruction loss: 9.247261941432953.
2026-08-14 20:06:28,691 - INFO - [1;32mepoch 343 training[0m [[1;34mtime[0m: 0.32s, [1;34mtrain loss[0m: 13.9217, [1;34mreconstruction loss[0m: 9.2415]
2026-08-14 20:06:28,692 - INFO - Epoch 344/1000
2026-08-14 20:06:28,692 - INFO - Train loss: 13.921684980392456.
2026-08-14 20:06:28,692 - INFO - Reconstruction loss: 9.24152684211731.
2026-08-14 20:06:28,986 - INFO - [1;32mepoch 344 training[0m [[1;34mtime[0m: 0.29s, [1;34mtrain loss[0m: 13.9130, [1;34mreconstruction loss[0m: 9.2174]
2026-08-14 20:06:28,986 - INFO - Epoch 345/1000
2026-08-14 20:06:28,986 - INFO - Train loss: 13.913011193275452.
2026-08-14 20:06:28,986 - INFO - Reconstruction loss: 9.217361688613892.
2026-08-14 20:06:29,216 - INFO - [1;32mepoch 344 evaluating[0m [[1;34mtime[0m: 0.23s, [1;34mcollision_rate[0m: 0.125076]
2026-08-14 20:06:29,244 - INFO - [1;34mSaving current[0m: ./ckpt/Instruments/Aug-14-2026_20-04-16_beta_1.000_codebook_[64,128,256]_sk_0.000/epoch_344_collision_0.1251_model.pth
2026-08-14 20:06:29,248 - INFO - Collision_rate: 0.1250755895988712.
2026-08-14 20:06:29,556 - INFO - [1;32mepoch 345 training[0m [[1;34mtime[0m: 0.31s, [1;34mtrain loss[0m: 13.9454, [1;34mreconstruction loss[0m: 9.2469]
2026-08-14 20:06:29,556 - INFO - Epoch 346/1000
2026-08-14 20:06:29,556 - INFO - Train loss: 13.945391297340393.
2026-08-14 20:06:29,556 - INFO - Reconstruction loss: 9.246921122074127.
2026-08-14 20:06:29,866 - INFO - [1;32mepoch 346 training[0m [[1;34mtime[0m: 0.31s, [1;34mtrain loss[0m: 14.0049, [1;34mreconstruction loss[0m: 9.2298]
2026-08-14 20:06:29,867 - INFO - Epoch 347/1000
2026-08-14 20:06:29,867 - INFO - Train loss: 14.004889607429504.
2026-08-14 20:06:29,867 - INFO - Reconstruction loss: 9.229849755764008.
2026-08-14 20:06:30,175 - INFO - [1;32mepoch 347 training[0m [[1;34mtime[0m: 0.31s, [1;34mtrain loss[0m: 13.9293, [1;34mreconstruction loss[0m: 9.2368]
2026-08-14 20:06:30,175 - INFO - Epoch 348/1000
2026-08-14 20:06:30,175 - INFO - Train loss: 13.929306507110596.
2026-08-14 20:06:30,175 - INFO - Reconstruction loss: 9.236770808696747.
2026-08-14 20:06:30,472 - INFO - [1;32mepoch 348 training[0m [[1;34mtime[0m: 0.30s, [1;34mtrain loss[0m: 13.9392, [1;34mreconstruction loss[0m: 9.2266]
2026-08-14 20:06:30,472 - INFO - Epoch 349/1000
2026-08-14 20:06:30,472 - INFO - Train loss: 13.939233779907227.
2026-08-14 20:06:30,472 - INFO - Reconstruction loss: 9.226631760597229.
2026-08-14 20:06:30,774 - INFO - [1;32mepoch 349 training[0m [[1;34mtime[0m: 0.30s, [1;34mtrain loss[0m: 13.9912, [1;34mreconstruction loss[0m: 9.2244]
2026-08-14 20:06:30,774 - INFO - Epoch 350/1000
2026-08-14 20:06:30,774 - INFO - Train loss: 13.991164326667786.
2026-08-14 20:06:30,774 - INFO - Reconstruction loss: 9.224364221096039.
2026-08-14 20:06:31,043 - INFO - [1;32mepoch 349 evaluating[0m [[1;34mtime[0m: 0.27s, [1;34mcollision_rate[0m: 0.125580]
2026-08-14 20:06:31,072 - INFO - [1;34mSaving current[0m: ./ckpt/Instruments/Aug-14-2026_20-04-16_beta_1.000_codebook_[64,128,256]_sk_0.000/epoch_349_collision_0.1256_model.pth
2026-08-14 20:06:31,076 - INFO - Collision_rate: 0.1255795202580125.
2026-08-14 20:06:31,400 - INFO - [1;32mepoch 350 training[0m [[1;34mtime[0m: 0.32s, [1;34mtrain loss[0m: 13.9495, [1;34mreconstruction loss[0m: 9.2147]
2026-08-14 20:06:31,400 - INFO - Epoch 351/1000
2026-08-14 20:06:31,400 - INFO - Train loss: 13.949507355690002.
2026-08-14 20:06:31,400 - INFO - Reconstruction loss: 9.21471494436264.
2026-08-14 20:06:31,695 - INFO - [1;32mepoch 351 training[0m [[1;34mtime[0m: 0.30s, [1;34mtrain loss[0m: 13.9938, [1;34mreconstruction loss[0m: 9.2202]
2026-08-14 20:06:31,695 - INFO - Epoch 352/1000
2026-08-14 20:06:31,695 - INFO - Train loss: 13.993818521499634.
2026-08-14 20:06:31,695 - INFO - Reconstruction loss: 9.220218539237976.
2026-08-14 20:06:32,009 - INFO - [1;32mepoch 352 training[0m [[1;34mtime[0m: 0.31s, [1;34mtrain loss[0m: 13.9970, [1;34mreconstruction loss[0m: 9.2355]
2026-08-14 20:06:32,009 - INFO - Epoch 353/1000
2026-08-14 20:06:32,009 - INFO - Train loss: 13.996981859207153.
2026-08-14 20:06:32,009 - INFO - Reconstruction loss: 9.235478699207306.
2026-08-14 20:06:32,313 - INFO - [1;32mepoch 353 training[0m [[1;34mtime[0m: 0.30s, [1;34mtrain loss[0m: 14.0178, [1;34mreconstruction loss[0m: 9.2254]
2026-08-14 20:06:32,313 - INFO - Epoch 354/1000
2026-08-14 20:06:32,314 - INFO - Train loss: 14.017808318138123.
2026-08-14 20:06:32,314 - INFO - Reconstruction loss: 9.225386023521423.
2026-08-14 20:06:32,619 - INFO - [1;32mepoch 354 training[0m [[1;34mtime[0m: 0.30s, [1;34mtrain loss[0m: 14.0021, [1;34mreconstruction loss[0m: 9.2014]
2026-08-14 20:06:32,619 - INFO - Epoch 355/1000
2026-08-14 20:06:32,619 - INFO - Train loss: 14.002116084098816.
2026-08-14 20:06:32,619 - INFO - Reconstruction loss: 9.201432406902313.
2026-08-14 20:06:32,880 - INFO - [1;32mepoch 354 evaluating[0m [[1;34mtime[0m: 0.26s, [1;34mcollision_rate[0m: 0.126890]
2026-08-14 20:06:32,909 - INFO - [1;34mSaving current[0m: ./ckpt/Instruments/Aug-14-2026_20-04-16_beta_1.000_codebook_[64,128,256]_sk_0.000/epoch_354_collision_0.1269_model.pth
2026-08-14 20:06:32,913 - INFO - Collision_rate: 0.12688973997177988.
2026-08-14 20:06:33,217 - INFO - [1;32mepoch 355 training[0m [[1;34mtime[0m: 0.30s, [1;34mtrain loss[0m: 13.9846, [1;34mreconstruction loss[0m: 9.2105]
2026-08-14 20:06:33,217 - INFO - Epoch 356/1000
2026-08-14 20:06:33,217 - INFO - Train loss: 13.984560489654541.
2026-08-14 20:06:33,217 - INFO - Reconstruction loss: 9.210513949394226.
2026-08-14 20:06:33,520 - INFO - [1;32mepoch 356 training[0m [[1;34mtime[0m: 0.30s, [1;34mtrain loss[0m: 13.9820, [1;34mreconstruction loss[0m: 9.2136]
2026-08-14 20:06:33,520 - INFO - Epoch 357/1000
2026-08-14 20:06:33,520 - INFO - Train loss: 13.98203992843628.
2026-08-14 20:06:33,520 - INFO - Reconstruction loss: 9.213640570640564.
2026-08-14 20:06:33,839 - INFO - [1;32mepoch 357 training[0m [[1;34mtime[0m: 0.32s, [1;34mtrain loss[0m: 14.0999, [1;34mreconstruction loss[0m: 9.2240]
2026-08-14 20:06:33,839 - INFO - Epoch 358/1000
2026-08-14 20:06:33,839 - INFO - Train loss: 14.099925994873047.
2026-08-14 20:06:33,839 - INFO - Reconstruction loss: 9.223993003368378.
2026-08-14 20:06:34,160 - INFO - [1;32mepoch 358 training[0m [[1;34mtime[0m: 0.32s, [1;34mtrain loss[0m: 13.9965, [1;34mreconstruction loss[0m: 9.2057]
2026-08-14 20:06:34,160 - INFO - Epoch 359/1000
2026-08-14 20:06:34,160 - INFO - Train loss: 13.996501922607422.
2026-08-14 20:06:34,160 - INFO - Reconstruction loss: 9.205690205097198.
2026-08-14 20:06:34,480 - INFO - [1;32mepoch 359 training[0m [[1;34mtime[0m: 0.32s, [1;34mtrain loss[0m: 14.0296, [1;34mreconstruction loss[0m: 9.2070]
2026-08-14 20:06:34,481 - INFO - Epoch 360/1000
2026-08-14 20:06:34,481 - INFO - Train loss: 14.0295889377594.
2026-08-14 20:06:34,481 - INFO - Reconstruction loss: 9.206988096237183.
2026-08-14 20:06:34,736 - INFO - [1;32mepoch 359 evaluating[0m [[1;34mtime[0m: 0.25s, [1;34mcollision_rate[0m: 0.127797]
2026-08-14 20:06:34,763 - INFO - [1;34mSaving current[0m: ./ckpt/Instruments/Aug-14-2026_20-04-16_beta_1.000_codebook_[64,128,256]_sk_0.000/epoch_359_collision_0.1278_model.pth
2026-08-14 20:06:34,766 - INFO - Collision_rate: 0.12779681515823424.
2026-08-14 20:06:35,075 - INFO - [1;32mepoch 360 training[0m [[1;34mtime[0m: 0.31s, [1;34mtrain loss[0m: 13.9782, [1;34mreconstruction loss[0m: 9.1994]
2026-08-14 20:06:35,075 - INFO - Epoch 361/1000
2026-08-14 20:06:35,075 - INFO - Train loss: 13.978207111358643.
2026-08-14 20:06:35,075 - INFO - Reconstruction loss: 9.199445605278015.
2026-08-14 20:06:35,391 - INFO - [1;32mepoch 361 training[0m [[1;34mtime[0m: 0.32s, [1;34mtrain loss[0m: 14.0184, [1;34mreconstruction loss[0m: 9.1987]
2026-08-14 20:06:35,391 - INFO - Epoch 362/1000
2026-08-14 20:06:35,391 - INFO - Train loss: 14.018395781517029.
2026-08-14 20:06:35,391 - INFO - Reconstruction loss: 9.198724031448364.
2026-08-14 20:06:35,705 - INFO - [1;32mepoch 362 training[0m [[1;34mtime[0m: 0.31s, [1;34mtrain loss[0m: 13.9974, [1;34mreconstruction loss[0m: 9.2163]
2026-08-14 20:06:35,706 - INFO - Epoch 363/1000
2026-08-14 20:06:35,706 - INFO - Train loss: 13.997361063957214.
2026-08-14 20:06:35,706 - INFO - Reconstruction loss: 9.216340124607086.
2026-08-14 20:06:36,030 - INFO - [1;32mepoch 363 training[0m [[1;34mtime[0m: 0.32s, [1;34mtrain loss[0m: 14.0407, [1;34mreconstruction loss[0m: 9.2024]
2026-08-14 20:06:36,030 - INFO - Epoch 364/1000
2026-08-14 20:06:36,030 - INFO - Train loss: 14.040740370750427.
2026-08-14 20:06:36,030 - INFO - Reconstruction loss: 9.202414214611053.
2026-08-14 20:06:36,343 - INFO - [1;32mepoch 364 training[0m [[1;34mtime[0m: 0.31s, [1;34mtrain loss[0m: 14.0464, [1;34mreconstruction loss[0m: 9.1946]
2026-08-14 20:06:36,343 - INFO - Epoch 365/1000
2026-08-14 20:06:36,343 - INFO - Train loss: 14.046391725540161.
2026-08-14 20:06:36,343 - INFO - Reconstruction loss: 9.194616794586182.
2026-08-14 20:06:36,593 - INFO - [1;32mepoch 364 evaluating[0m [[1;34mtime[0m: 0.25s, [1;34mcollision_rate[0m: 0.126587]
2026-08-14 20:06:36,624 - INFO - [1;34mSaving current[0m: ./ckpt/Instruments/Aug-14-2026_20-04-16_beta_1.000_codebook_[64,128,256]_sk_0.000/epoch_364_collision_0.1266_model.pth
2026-08-14 20:06:36,628 - INFO - Collision_rate: 0.1265873815762951.
2026-08-14 20:06:36,939 - INFO - [1;32mepoch 365 training[0m [[1;34mtime[0m: 0.31s, [1;34mtrain loss[0m: 14.0539, [1;34mreconstruction loss[0m: 9.2086]
2026-08-14 20:06:36,939 - INFO - Epoch 366/1000
2026-08-14 20:06:36,939 - INFO - Train loss: 14.053907871246338.
2026-08-14 20:06:36,939 - INFO - Reconstruction loss: 9.208572745323181.
2026-08-14 20:06:37,246 - INFO - [1;32mepoch 366 training[0m [[1;34mtime[0m: 0.31s, [1;34mtrain loss[0m: 13.9613, [1;34mreconstruction loss[0m: 9.1817]
2026-08-14 20:06:37,246 - INFO - Epoch 367/1000
2026-08-14 20:06:37,246 - INFO - Train loss: 13.961309671401978.
2026-08-14 20:06:37,246 - INFO - Reconstruction loss: 9.18174558877945.
2026-08-14 20:06:37,545 - INFO - [1;32mepoch 367 training[0m [[1;34mtime[0m: 0.30s, [1;34mtrain loss[0m: 14.0605, [1;34mreconstruction loss[0m: 9.1927]
2026-08-14 20:06:37,546 - INFO - Epoch 368/1000
2026-08-14 20:06:37,546 - INFO - Train loss: 14.060460090637207.
2026-08-14 20:06:37,546 - INFO - Reconstruction loss: 9.19271582365036.
2026-08-14 20:06:37,859 - INFO - [1;32mepoch 368 training[0m [[1;34mtime[0m: 0.31s, [1;34mtrain loss[0m: 14.0571, [1;34mreconstruction loss[0m: 9.1818]
2026-08-14 20:06:37,859 - INFO - Epoch 369/1000
2026-08-14 20:06:37,859 - INFO - Train loss: 14.057112097740173.
2026-08-14 20:06:37,859 - INFO - Reconstruction loss: 9.18184620141983.
2026-08-14 20:06:38,167 - INFO - [1;32mepoch 369 training[0m [[1;34mtime[0m: 0.31s, [1;34mtrain loss[0m: 14.0389, [1;34mreconstruction loss[0m: 9.1891]
2026-08-14 20:06:38,167 - INFO - Epoch 370/1000
2026-08-14 20:06:38,167 - INFO - Train loss: 14.038886427879333.
2026-08-14 20:06:38,167 - INFO - Reconstruction loss: 9.189079642295837.
2026-08-14 20:06:38,420 - INFO - [1;32mepoch 369 evaluating[0m [[1;34mtime[0m: 0.25s, [1;34mcollision_rate[0m: 0.125479]
2026-08-14 20:06:38,447 - INFO - [1;34mSaving current[0m: ./ckpt/Instruments/Aug-14-2026_20-04-16_beta_1.000_codebook_[64,128,256]_sk_0.000/epoch_369_collision_0.1255_model.pth
2026-08-14 20:06:38,451 - INFO - Collision_rate: 0.12547873412618424.
2026-08-14 20:06:38,762 - INFO - [1;32mepoch 370 training[0m [[1;34mtime[0m: 0.31s, [1;34mtrain loss[0m: 14.0699, [1;34mreconstruction loss[0m: 9.1954]
2026-08-14 20:06:38,762 - INFO - Epoch 371/1000
2026-08-14 20:06:38,762 - INFO - Train loss: 14.069854378700256.
2026-08-14 20:06:38,762 - INFO - Reconstruction loss: 9.195413291454315.
2026-08-14 20:06:39,057 - INFO - [1;32mepoch 371 training[0m [[1;34mtime[0m: 0.29s, [1;34mtrain loss[0m: 14.0778, [1;34mreconstruction loss[0m: 9.1956]
2026-08-14 20:06:39,057 - INFO - Epoch 372/1000
2026-08-14 20:06:39,057 - INFO - Train loss: 14.077793836593628.
2026-08-14 20:06:39,057 - INFO - Reconstruction loss: 9.195568323135376.
2026-08-14 20:06:39,382 - INFO - [1;32mepoch 372 training[0m [[1;34mtime[0m: 0.32s, [1;34mtrain loss[0m: 14.0443, [1;34mreconstruction loss[0m: 9.1759]
2026-08-14 20:06:39,382 - INFO - Epoch 373/1000
2026-08-14 20:06:39,382 - INFO - Train loss: 14.044305562973022.
2026-08-14 20:06:39,382 - INFO - Reconstruction loss: 9.175928175449371.
2026-08-14 20:06:39,705 - INFO - [1;32mepoch 373 training[0m [[1;34mtime[0m: 0.32s, [1;34mtrain loss[0m: 14.0716, [1;34mreconstruction loss[0m: 9.1870]
2026-08-14 20:06:39,706 - INFO - Epoch 374/1000
2026-08-14 20:06:39,706 - INFO - Train loss: 14.071636438369751.
2026-08-14 20:06:39,706 - INFO - Reconstruction loss: 9.187007904052734.
2026-08-14 20:06:40,017 - INFO - [1;32mepoch 374 training[0m [[1;34mtime[0m: 0.31s, [1;34mtrain loss[0m: 14.0414, [1;34mreconstruction loss[0m: 9.1758]
2026-08-14 20:06:40,018 - INFO - Epoch 375/1000
2026-08-14 20:06:40,018 - INFO - Train loss: 14.04139256477356.
2026-08-14 20:06:40,018 - INFO - Reconstruction loss: 9.1757772564888.
2026-08-14 20:06:40,244 - INFO - [1;32mepoch 374 evaluating[0m [[1;34mtime[0m: 0.23s, [1;34mcollision_rate[0m: 0.127696]
2026-08-14 20:06:40,284 - INFO - [1;34mSaving current[0m: ./ckpt/Instruments/Aug-14-2026_20-04-16_beta_1.000_codebook_[64,128,256]_sk_0.000/epoch_374_collision_0.1277_model.pth
2026-08-14 20:06:40,288 - INFO - Collision_rate: 0.12769602902640598.
2026-08-14 20:06:40,605 - INFO - [1;32mepoch 375 training[0m [[1;34mtime[0m: 0.32s, [1;34mtrain loss[0m: 14.0613, [1;34mreconstruction loss[0m: 9.1776]
2026-08-14 20:06:40,605 - INFO - Epoch 376/1000
2026-08-14 20:06:40,605 - INFO - Train loss: 14.061262845993042.
2026-08-14 20:06:40,605 - INFO - Reconstruction loss: 9.177563309669495.
2026-08-14 20:06:40,912 - INFO - [1;32mepoch 376 training[0m [[1;34mtime[0m: 0.31s, [1;34mtrain loss[0m: 14.0903, [1;34mreconstruction loss[0m: 9.1731]
2026-08-14 20:06:40,912 - INFO - Epoch 377/1000
2026-08-14 20:06:40,912 - INFO - Train loss: 14.090291738510132.
2026-08-14 20:06:40,912 - INFO - Reconstruction loss: 9.173118591308594.
2026-08-14 20:06:41,222 - INFO - [1;32mepoch 377 training[0m [[1;34mtime[0m: 0.31s, [1;34mtrain loss[0m: 14.0662, [1;34mreconstruction loss[0m: 9.1680]
2026-08-14 20:06:41,223 - INFO - Epoch 378/1000
2026-08-14 20:06:41,223 - INFO - Train loss: 14.0662122964859.
2026-08-14 20:06:41,223 - INFO - Reconstruction loss: 9.168035328388214.
2026-08-14 20:06:41,549 - INFO - [1;32mepoch 378 training[0m [[1;34mtime[0m: 0.33s, [1;34mtrain loss[0m: 14.0447, [1;34mreconstruction loss[0m: 9.1644]
2026-08-14 20:06:41,549 - INFO - Epoch 379/1000
2026-08-14 20:06:41,549 - INFO - Train loss: 14.044650197029114.
2026-08-14 20:06:41,549 - INFO - Reconstruction loss: 9.164444267749786.
2026-08-14 20:06:41,859 - INFO - [1;32mepoch 379 training[0m [[1;34mtime[0m: 0.31s, [1;34mtrain loss[0m: 14.1091, [1;34mreconstruction loss[0m: 9.1539]
2026-08-14 20:06:41,859 - INFO - Epoch 380/1000
2026-08-14 20:06:41,859 - INFO - Train loss: 14.109128475189209.
2026-08-14 20:06:41,859 - INFO - Reconstruction loss: 9.153889060020447.
2026-08-14 20:06:42,109 - INFO - [1;32mepoch 379 evaluating[0m [[1;34mtime[0m: 0.25s, [1;34mcollision_rate[0m: 0.125580]
2026-08-14 20:06:42,136 - INFO - [1;34mSaving current[0m: ./ckpt/Instruments/Aug-14-2026_20-04-16_beta_1.000_codebook_[64,128,256]_sk_0.000/epoch_379_collision_0.1256_model.pth
2026-08-14 20:06:42,140 - INFO - Collision_rate: 0.1255795202580125.
2026-08-14 20:06:42,432 - INFO - [1;32mepoch 380 training[0m [[1;34mtime[0m: 0.29s, [1;34mtrain loss[0m: 14.1043, [1;34mreconstruction loss[0m: 9.1713]
2026-08-14 20:06:42,433 - INFO - Epoch 381/1000
2026-08-14 20:06:42,433 - INFO - Train loss: 14.104337573051453.
2026-08-14 20:06:42,433 - INFO - Reconstruction loss: 9.17129760980606.
2026-08-14 20:06:42,754 - INFO - [1;32mepoch 381 training[0m [[1;34mtime[0m: 0.32s, [1;34mtrain loss[0m: 14.0957, [1;34mreconstruction loss[0m: 9.1646]
2026-08-14 20:06:42,755 - INFO - Epoch 382/1000
2026-08-14 20:06:42,755 - INFO - Train loss: 14.095737338066101.
2026-08-14 20:06:42,755 - INFO - Reconstruction loss: 9.16463041305542.
2026-08-14 20:06:43,048 - INFO - [1;32mepoch 382 training[0m [[1;34mtime[0m: 0.29s, [1;34mtrain loss[0m: 14.1195, [1;34mreconstruction loss[0m: 9.1781]
2026-08-14 20:06:43,049 - INFO - Epoch 383/1000
2026-08-14 20:06:43,049 - INFO - Train loss: 14.119491338729858.
2026-08-14 20:06:43,049 - INFO - Reconstruction loss: 9.178092956542969.
2026-08-14 20:06:43,362 - INFO - [1;32mepoch 383 training[0m [[1;34mtime[0m: 0.31s, [1;34mtrain loss[0m: 14.1441, [1;34mreconstruction loss[0m: 9.1701]
2026-08-14 20:06:43,362 - INFO - Epoch 384/1000
2026-08-14 20:06:43,362 - INFO - Train loss: 14.144101619720459.
2026-08-14 20:06:43,362 - INFO - Reconstruction loss: 9.170133471488953.
2026-08-14 20:06:43,667 - INFO - [1;32mepoch 384 training[0m [[1;34mtime[0m: 0.30s, [1;34mtrain loss[0m: 14.0842, [1;34mreconstruction loss[0m: 9.1597]
2026-08-14 20:06:43,667 - INFO - Epoch 385/1000
2026-08-14 20:06:43,667 - INFO - Train loss: 14.084168791770935.
2026-08-14 20:06:43,667 - INFO - Reconstruction loss: 9.15969729423523.
2026-08-14 20:06:43,925 - INFO - [1;32mepoch 384 evaluating[0m [[1;34mtime[0m: 0.26s, [1;34mcollision_rate[0m: 0.122254]
2026-08-14 20:06:43,953 - INFO - [1;34mSaving current[0m: ./ckpt/Instruments/Aug-14-2026_20-04-16_beta_1.000_codebook_[64,128,256]_sk_0.000/epoch_384_collision_0.1223_model.pth
2026-08-14 20:06:43,957 - INFO - Collision_rate: 0.1222535779076799.
2026-08-14 20:06:44,265 - INFO - [1;32mepoch 385 training[0m [[1;34mtime[0m: 0.31s, [1;34mtrain loss[0m: 14.0643, [1;34mreconstruction loss[0m: 9.1682]
2026-08-14 20:06:44,265 - INFO - Epoch 386/1000
2026-08-14 20:06:44,265 - INFO - Train loss: 14.064344644546509.
2026-08-14 20:06:44,265 - INFO - Reconstruction loss: 9.168172895908356.
2026-08-14 20:06:44,579 - INFO - [1;32mepoch 386 training[0m [[1;34mtime[0m: 0.31s, [1;34mtrain loss[0m: 14.1424, [1;34mreconstruction loss[0m: 9.1550]
2026-08-14 20:06:44,579 - INFO - Epoch 387/1000
2026-08-14 20:06:44,579 - INFO - Train loss: 14.142409086227417.
2026-08-14 20:06:44,579 - INFO - Reconstruction loss: 9.154984593391418.
2026-08-14 20:06:44,897 - INFO - [1;32mepoch 387 training[0m [[1;34mtime[0m: 0.32s, [1;34mtrain loss[0m: 14.1127, [1;34mreconstruction loss[0m: 9.1755]
2026-08-14 20:06:44,897 - INFO - Epoch 388/1000
2026-08-14 20:06:44,897 - INFO - Train loss: 14.112674593925476.
2026-08-14 20:06:44,897 - INFO - Reconstruction loss: 9.175544023513794.
2026-08-14 20:06:45,208 - INFO - [1;32mepoch 388 training[0m [[1;34mtime[0m: 0.31s, [1;34mtrain loss[0m: 14.1487, [1;34mreconstruction loss[0m: 9.1703]
2026-08-14 20:06:45,208 - INFO - Epoch 389/1000
2026-08-14 20:06:45,208 - INFO - Train loss: 14.148743629455566.
2026-08-14 20:06:45,208 - INFO - Reconstruction loss: 9.17025512456894.
2026-08-14 20:06:45,517 - INFO - [1;32mepoch 389 training[0m [[1;34mtime[0m: 0.31s, [1;34mtrain loss[0m: 14.1048, [1;34mreconstruction loss[0m: 9.1612]
2026-08-14 20:06:45,517 - INFO - Epoch 390/1000
2026-08-14 20:06:45,517 - INFO - Train loss: 14.10477864742279.
2026-08-14 20:06:45,517 - INFO - Reconstruction loss: 9.16117799282074.
2026-08-14 20:06:45,772 - INFO - [1;32mepoch 389 evaluating[0m [[1;34mtime[0m: 0.26s, [1;34mcollision_rate[0m: 0.124773]
2026-08-14 20:06:45,805 - INFO - [1;34mSaving current[0m: ./ckpt/Instruments/Aug-14-2026_20-04-16_beta_1.000_codebook_[64,128,256]_sk_0.000/epoch_389_collision_0.1248_model.pth
2026-08-14 20:06:45,809 - INFO - Collision_rate: 0.12477323120338642.
2026-08-14 20:06:46,128 - INFO - [1;32mepoch 390 training[0m [[1;34mtime[0m: 0.32s, [1;34mtrain loss[0m: 14.0952, [1;34mreconstruction loss[0m: 9.1540]
2026-08-14 20:06:46,128 - INFO - Epoch 391/1000
2026-08-14 20:06:46,128 - INFO - Train loss: 14.095245957374573.
2026-08-14 20:06:46,128 - INFO - Reconstruction loss: 9.15398097038269.
2026-08-14 20:06:46,430 - INFO - [1;32mepoch 391 training[0m [[1;34mtime[0m: 0.30s, [1;34mtrain loss[0m: 14.1678, [1;34mreconstruction loss[0m: 9.1694]
2026-08-14 20:06:46,430 - INFO - Epoch 392/1000
2026-08-14 20:06:46,430 - INFO - Train loss: 14.167810559272766.
2026-08-14 20:06:46,430 - INFO - Reconstruction loss: 9.169437766075134.
2026-08-14 20:06:46,747 - INFO - [1;32mepoch 392 training[0m [[1;34mtime[0m: 0.32s, [1;34mtrain loss[0m: 14.0972, [1;34mreconstruction loss[0m: 9.1431]
2026-08-14 20:06:46,748 - INFO - Epoch 393/1000
2026-08-14 20:06:46,748 - INFO - Train loss: 14.097166419029236.
2026-08-14 20:06:46,748 - INFO - Reconstruction loss: 9.143060863018036.
2026-08-14 20:06:47,067 - INFO - [1;32mepoch 393 training[0m [[1;34mtime[0m: 0.32s, [1;34mtrain loss[0m: 14.1361, [1;34mreconstruction loss[0m: 9.1537]
2026-08-14 20:06:47,067 - INFO - Epoch 394/1000
2026-08-14 20:06:47,067 - INFO - Train loss: 14.136067271232605.
2026-08-14 20:06:47,068 - INFO - Reconstruction loss: 9.15370100736618.
2026-08-14 20:06:47,377 - INFO - [1;32mepoch 394 training[0m [[1;34mtime[0m: 0.31s, [1;34mtrain loss[0m: 14.1424, [1;34mreconstruction loss[0m: 9.1763]
2026-08-14 20:06:47,377 - INFO - Epoch 395/1000
2026-08-14 20:06:47,377 - INFO - Train loss: 14.142435193061829.
2026-08-14 20:06:47,377 - INFO - Reconstruction loss: 9.176306903362274.
2026-08-14 20:06:47,635 - INFO - [1;32mepoch 394 evaluating[0m [[1;34mtime[0m: 0.26s, [1;34mcollision_rate[0m: 0.130216]
2026-08-14 20:06:47,663 - INFO - [1;34mSaving current[0m: ./ckpt/Instruments/Aug-14-2026_20-04-16_beta_1.000_codebook_[64,128,256]_sk_0.000/epoch_394_collision_0.1302_model.pth
2026-08-14 20:06:47,667 - INFO - Collision_rate: 0.13021568232211247.
2026-08-14 20:06:47,968 - INFO - [1;32mepoch 395 training[0m [[1;34mtime[0m: 0.30s, [1;34mtrain loss[0m: 14.0932, [1;34mreconstruction loss[0m: 9.1417]
2026-08-14 20:06:47,968 - INFO - Epoch 396/1000
2026-08-14 20:06:47,968 - INFO - Train loss: 14.093211054801941.
2026-08-14 20:06:47,968 - INFO - Reconstruction loss: 9.141655504703522.
2026-08-14 20:06:48,277 - INFO - [1;32mepoch 396 training[0m [[1;34mtime[0m: 0.31s, [1;34mtrain loss[0m: 14.1334, [1;34mreconstruction loss[0m: 9.1522]
2026-08-14 20:06:48,277 - INFO - Epoch 397/1000
2026-08-14 20:06:48,277 - INFO - Train loss: 14.133438348770142.
2026-08-14 20:06:48,277 - INFO - Reconstruction loss: 9.15217936038971.
2026-08-14 20:06:48,567 - INFO - [1;32mepoch 397 training[0m [[1;34mtime[0m: 0.29s, [1;34mtrain loss[0m: 14.0997, [1;34mreconstruction loss[0m: 9.1281]
2026-08-14 20:06:48,567 - INFO - Epoch 398/1000
2026-08-14 20:06:48,567 - INFO - Train loss: 14.099748373031616.
2026-08-14 20:06:48,567 - INFO - Reconstruction loss: 9.128066658973694.
2026-08-14 20:06:48,865 - INFO - [1;32mepoch 398 training[0m [[1;34mtime[0m: 0.30s, [1;34mtrain loss[0m: 14.1563, [1;34mreconstruction loss[0m: 9.1568]
2026-08-14 20:06:48,865 - INFO - Epoch 399/1000
2026-08-14 20:06:48,865 - INFO - Train loss: 14.156301140785217.
2026-08-14 20:06:48,865 - INFO - Reconstruction loss: 9.156761825084686.
2026-08-14 20:06:49,176 - INFO - [1;32mepoch 399 training[0m [[1;34mtime[0m: 0.31s, [1;34mtrain loss[0m: 14.1324, [1;34mreconstruction loss[0m: 9.1266]
2026-08-14 20:06:49,177 - INFO - Epoch 400/1000
2026-08-14 20:06:49,177 - INFO - Train loss: 14.132411122322083.
2026-08-14 20:06:49,177 - INFO - Reconstruction loss: 9.126567363739014.
2026-08-14 20:06:49,408 - INFO - [1;32mepoch 399 evaluating[0m [[1;34mtime[0m: 0.23s, [1;34mcollision_rate[0m: 0.126789]
2026-08-14 20:06:49,438 - INFO - [1;34mSaving current[0m: ./ckpt/Instruments/Aug-14-2026_20-04-16_beta_1.000_codebook_[64,128,256]_sk_0.000/epoch_399_collision_0.1268_model.pth
2026-08-14 20:06:49,441 - INFO - Collision_rate: 0.12678895383995162.
2026-08-14 20:06:49,752 - INFO - [1;32mepoch 400 training[0m [[1;34mtime[0m: 0.31s, [1;34mtrain loss[0m: 14.0972, [1;34mreconstruction loss[0m: 9.1208]
2026-08-14 20:06:49,752 - INFO - Epoch 401/1000
2026-08-14 20:06:49,752 - INFO - Train loss: 14.097166180610657.
2026-08-14 20:06:49,752 - INFO - Reconstruction loss: 9.120776236057281.
2026-08-14 20:06:50,064 - INFO - [1;32mepoch 401 training[0m [[1;34mtime[0m: 0.31s, [1;34mtrain loss[0m: 14.1174, [1;34mreconstruction loss[0m: 9.1227]
2026-08-14 20:06:50,064 - INFO - Epoch 402/1000
2026-08-14 20:06:50,064 - INFO - Train loss: 14.117365956306458.
2026-08-14 20:06:50,064 - INFO - Reconstruction loss: 9.122712135314941.
2026-08-14 20:06:50,382 - INFO - [1;32mepoch 402 training[0m [[1;34mtime[0m: 0.32s, [1;34mtrain loss[0m: 14.1307, [1;34mreconstruction loss[0m: 9.1388]
2026-08-14 20:06:50,382 - INFO - Epoch 403/1000
2026-08-14 20:06:50,383 - INFO - Train loss: 14.130691885948181.
2026-08-14 20:06:50,383 - INFO - Reconstruction loss: 9.138761520385742.
2026-08-14 20:06:50,701 - INFO - [1;32mepoch 403 training[0m [[1;34mtime[0m: 0.32s, [1;34mtrain loss[0m: 14.1497, [1;34mreconstruction loss[0m: 9.1306]
2026-08-14 20:06:50,702 - INFO - Epoch 404/1000
2026-08-14 20:06:50,702 - INFO - Train loss: 14.149663925170898.
2026-08-14 20:06:50,702 - INFO - Reconstruction loss: 9.130596160888672.
2026-08-14 20:06:51,026 - INFO - [1;32mepoch 404 training[0m [[1;34mtime[0m: 0.32s, [1;34mtrain loss[0m: 14.1092, [1;34mreconstruction loss[0m: 9.1106]
2026-08-14 20:06:51,026 - INFO - Epoch 405/1000
2026-08-14 20:06:51,026 - INFO - Train loss: 14.109192132949829.
2026-08-14 20:06:51,027 - INFO - Reconstruction loss: 9.110550701618195.
2026-08-14 20:06:51,293 - INFO - [1;32mepoch 404 evaluating[0m [[1;34mtime[0m: 0.27s, [1;34mcollision_rate[0m: 0.127192]
2026-08-14 20:06:51,322 - INFO - [1;34mSaving current[0m: ./ckpt/Instruments/Aug-14-2026_20-04-16_beta_1.000_codebook_[64,128,256]_sk_0.000/epoch_404_collision_0.1272_model.pth
2026-08-14 20:06:51,326 - INFO - Collision_rate: 0.12719209836726467.
2026-08-14 20:06:51,644 - INFO - [1;32mepoch 405 training[0m [[1;34mtime[0m: 0.32s, [1;34mtrain loss[0m: 14.0966, [1;34mreconstruction loss[0m: 9.1092]
2026-08-14 20:06:51,645 - INFO - Epoch 406/1000
2026-08-14 20:06:51,645 - INFO - Train loss: 14.09661853313446.
2026-08-14 20:06:51,645 - INFO - Reconstruction loss: 9.109248638153076.
2026-08-14 20:06:51,960 - INFO - [1;32mepoch 406 training[0m [[1;34mtime[0m: 0.31s, [1;34mtrain loss[0m: 14.1954, [1;34mreconstruction loss[0m: 9.1292]
2026-08-14 20:06:51,960 - INFO - Epoch 407/1000
2026-08-14 20:06:51,960 - INFO - Train loss: 14.19542121887207.
2026-08-14 20:06:51,960 - INFO - Reconstruction loss: 9.129176795482635.
2026-08-14 20:06:52,278 - INFO - [1;32mepoch 407 training[0m [[1;34mtime[0m: 0.32s, [1;34mtrain loss[0m: 14.0639, [1;34mreconstruction loss[0m: 9.1240]
2026-08-14 20:06:52,278 - INFO - Epoch 408/1000
2026-08-14 20:06:52,279 - INFO - Train loss: 14.063885807991028.
2026-08-14 20:06:52,279 - INFO - Reconstruction loss: 9.12400507926941.
2026-08-14 20:06:52,605 - INFO - [1;32mepoch 408 training[0m [[1;34mtime[0m: 0.33s, [1;34mtrain loss[0m: 14.1525, [1;34mreconstruction loss[0m: 9.1045]
2026-08-14 20:06:52,605 - INFO - Epoch 409/1000
2026-08-14 20:06:52,605 - INFO - Train loss: 14.152452230453491.
2026-08-14 20:06:52,605 - INFO - Reconstruction loss: 9.10452127456665.
2026-08-14 20:06:52,914 - INFO - [1;32mepoch 409 training[0m [[1;34mtime[0m: 0.31s, [1;34mtrain loss[0m: 14.1268, [1;34mreconstruction loss[0m: 9.1214]
2026-08-14 20:06:52,914 - INFO - Epoch 410/1000
2026-08-14 20:06:52,914 - INFO - Train loss: 14.12681245803833.
2026-08-14 20:06:52,914 - INFO - Reconstruction loss: 9.12144786119461.
2026-08-14 20:06:53,174 - INFO - [1;32mepoch 409 evaluating[0m [[1;34mtime[0m: 0.26s, [1;34mcollision_rate[0m: 0.129611]
2026-08-14 20:06:53,201 - INFO - [1;34mSaving current[0m: ./ckpt/Instruments/Aug-14-2026_20-04-16_beta_1.000_codebook_[64,128,256]_sk_0.000/epoch_409_collision_0.1296_model.pth
2026-08-14 20:06:53,205 - INFO - Collision_rate: 0.1296109655311429.
2026-08-14 20:06:53,501 - INFO - [1;32mepoch 410 training[0m [[1;34mtime[0m: 0.30s, [1;34mtrain loss[0m: 14.0963, [1;34mreconstruction loss[0m: 9.1002]
2026-08-14 20:06:53,502 - INFO - Epoch 411/1000
2026-08-14 20:06:53,502 - INFO - Train loss: 14.096299409866333.
2026-08-14 20:06:53,502 - INFO - Reconstruction loss: 9.100163996219635.
2026-08-14 20:06:53,814 - INFO - [1;32mepoch 411 training[0m [[1;34mtime[0m: 0.31s, [1;34mtrain loss[0m: 14.1050, [1;34mreconstruction loss[0m: 9.0893]
2026-08-14 20:06:53,814 - INFO - Epoch 412/1000
2026-08-14 20:06:53,814 - INFO - Train loss: 14.104957580566406.
2026-08-14 20:06:53,814 - INFO - Reconstruction loss: 9.089253723621368.
2026-08-14 20:06:54,123 - INFO - [1;32mepoch 412 training[0m [[1;34mtime[0m: 0.31s, [1;34mtrain loss[0m: 14.1266, [1;34mreconstruction loss[0m: 9.1148]
2026-08-14 20:06:54,123 - INFO - Epoch 413/1000
2026-08-14 20:06:54,123 - INFO - Train loss: 14.126574277877808.
2026-08-14 20:06:54,123 - INFO - Reconstruction loss: 9.114845752716064.
2026-08-14 20:06:54,431 - INFO - [1;32mepoch 413 training[0m [[1;34mtime[0m: 0.31s, [1;34mtrain loss[0m: 14.1542, [1;34mreconstruction loss[0m: 9.1082]
2026-08-14 20:06:54,431 - INFO - Epoch 414/1000
2026-08-14 20:06:54,431 - INFO - Train loss: 14.154187798500061.
2026-08-14 20:06:54,431 - INFO - Reconstruction loss: 9.108209788799286.
2026-08-14 20:06:54,753 - INFO - [1;32mepoch 414 training[0m [[1;34mtime[0m: 0.32s, [1;34mtrain loss[0m: 14.1134, [1;34mreconstruction loss[0m: 9.1175]
2026-08-14 20:06:54,753 - INFO - Epoch 415/1000
2026-08-14 20:06:54,753 - INFO - Train loss: 14.113420248031616.
2026-08-14 20:06:54,753 - INFO - Reconstruction loss: 9.117466032505035.
2026-08-14 20:06:54,982 - INFO - [1;32mepoch 414 evaluating[0m [[1;34mtime[0m: 0.23s, [1;34mcollision_rate[0m: 0.129006]
2026-08-14 20:06:55,011 - INFO - [1;34mSaving current[0m: ./ckpt/Instruments/Aug-14-2026_20-04-16_beta_1.000_codebook_[64,128,256]_sk_0.000/epoch_414_collision_0.1290_model.pth
2026-08-14 20:06:55,015 - INFO - Collision_rate: 0.12900624874017336.
2026-08-14 20:06:55,326 - INFO - [1;32mepoch 415 training[0m [[1;34mtime[0m: 0.31s, [1;34mtrain loss[0m: 14.1793, [1;34mreconstruction loss[0m: 9.1185]
2026-08-14 20:06:55,327 - INFO - Epoch 416/1000
2026-08-14 20:06:55,327 - INFO - Train loss: 14.179344415664673.
2026-08-14 20:06:55,327 - INFO - Reconstruction loss: 9.118523836135864.
2026-08-14 20:06:55,647 - INFO - [1;32mepoch 416 training[0m [[1;34mtime[0m: 0.32s, [1;34mtrain loss[0m: 14.1586, [1;34mreconstruction loss[0m: 9.1053]
2026-08-14 20:06:55,647 - INFO - Epoch 417/1000
2026-08-14 20:06:55,647 - INFO - Train loss: 14.158635258674622.
2026-08-14 20:06:55,647 - INFO - Reconstruction loss: 9.105306684970856.
2026-08-14 20:06:55,973 - INFO - [1;32mepoch 417 training[0m [[1;34mtime[0m: 0.33s, [1;34mtrain loss[0m: 14.1638, [1;34mreconstruction loss[0m: 9.1199]
2026-08-14 20:06:55,973 - INFO - Epoch 418/1000
2026-08-14 20:06:55,973 - INFO - Train loss: 14.163792848587036.
2026-08-14 20:06:55,973 - INFO - Reconstruction loss: 9.119909703731537.
2026-08-14 20:06:56,279 - INFO - [1;32mepoch 418 training[0m [[1;34mtime[0m: 0.31s, [1;34mtrain loss[0m: 14.2101, [1;34mreconstruction loss[0m: 9.1163]
2026-08-14 20:06:56,280 - INFO - Epoch 419/1000
2026-08-14 20:06:56,280 - INFO - Train loss: 14.210115432739258.
2026-08-14 20:06:56,280 - INFO - Reconstruction loss: 9.116275131702423.
2026-08-14 20:06:56,581 - INFO - [1;32mepoch 419 training[0m [[1;34mtime[0m: 0.30s, [1;34mtrain loss[0m: 14.1754, [1;34mreconstruction loss[0m: 9.1184]
2026-08-14 20:06:56,581 - INFO - Epoch 420/1000
2026-08-14 20:06:56,581 - INFO - Train loss: 14.175420880317688.
2026-08-14 20:06:56,581 - INFO - Reconstruction loss: 9.118420422077179.
2026-08-14 20:06:56,831 - INFO - [1;32mepoch 419 evaluating[0m [[1;34mtime[0m: 0.25s, [1;34mcollision_rate[0m: 0.126587]
2026-08-14 20:06:56,862 - INFO - [1;34mSaving current[0m: ./ckpt/Instruments/Aug-14-2026_20-04-16_beta_1.000_codebook_[64,128,256]_sk_0.000/epoch_419_collision_0.1266_model.pth
2026-08-14 20:06:56,866 - INFO - Collision_rate: 0.1265873815762951.
2026-08-14 20:06:57,189 - INFO - [1;32mepoch 420 training[0m [[1;34mtime[0m: 0.32s, [1;34mtrain loss[0m: 14.1985, [1;34mreconstruction loss[0m: 9.1047]
2026-08-14 20:06:57,189 - INFO - Epoch 421/1000
2026-08-14 20:06:57,189 - INFO - Train loss: 14.198495388031006.
2026-08-14 20:06:57,189 - INFO - Reconstruction loss: 9.104738235473633.
2026-08-14 20:06:57,516 - INFO - [1;32mepoch 421 training[0m [[1;34mtime[0m: 0.33s, [1;34mtrain loss[0m: 14.1574, [1;34mreconstruction loss[0m: 9.1008]
2026-08-14 20:06:57,516 - INFO - Epoch 422/1000
2026-08-14 20:06:57,516 - INFO - Train loss: 14.157387256622314.
2026-08-14 20:06:57,516 - INFO - Reconstruction loss: 9.100776553153992.
2026-08-14 20:06:57,823 - INFO - [1;32mepoch 422 training[0m [[1;34mtime[0m: 0.31s, [1;34mtrain loss[0m: 14.1913, [1;34mreconstruction loss[0m: 9.1081]
2026-08-14 20:06:57,823 - INFO - Epoch 423/1000
2026-08-14 20:06:57,823 - INFO - Train loss: 14.191331505775452.
2026-08-14 20:06:57,823 - INFO - Reconstruction loss: 9.108088433742523.
2026-08-14 20:06:58,132 - INFO - [1;32mepoch 423 training[0m [[1;34mtime[0m: 0.31s, [1;34mtrain loss[0m: 14.2279, [1;34mreconstruction loss[0m: 9.1064]
2026-08-14 20:06:58,132 - INFO - Epoch 424/1000
2026-08-14 20:06:58,132 - INFO - Train loss: 14.227935552597046.
2026-08-14 20:06:58,132 - INFO - Reconstruction loss: 9.106418073177338.
2026-08-14 20:06:58,441 - INFO - [1;32mepoch 424 training[0m [[1;34mtime[0m: 0.31s, [1;34mtrain loss[0m: 14.2009, [1;34mreconstruction loss[0m: 9.1051]
2026-08-14 20:06:58,441 - INFO - Epoch 425/1000
2026-08-14 20:06:58,441 - INFO - Train loss: 14.200925588607788.
2026-08-14 20:06:58,441 - INFO - Reconstruction loss: 9.105112135410309.
2026-08-14 20:06:58,698 - INFO - [1;32mepoch 424 evaluating[0m [[1;34mtime[0m: 0.26s, [1;34mcollision_rate[0m: 0.120036]
2026-08-14 20:06:58,726 - INFO - [1;34mSaving current[0m: ./ckpt/Instruments/Aug-14-2026_20-04-16_beta_1.000_codebook_[64,128,256]_sk_0.000/epoch_424_collision_0.1200_model.pth
2026-08-14 20:06:58,730 - INFO - Collision_rate: 0.12003628300745818.
2026-08-14 20:06:59,043 - INFO - [1;32mepoch 425 training[0m [[1;34mtime[0m: 0.31s, [1;34mtrain loss[0m: 14.1814, [1;34mreconstruction loss[0m: 9.1091]
2026-08-14 20:06:59,043 - INFO - Epoch 426/1000
2026-08-14 20:06:59,043 - INFO - Train loss: 14.18138337135315.
2026-08-14 20:06:59,043 - INFO - Reconstruction loss: 9.109093368053436.
2026-08-14 20:06:59,365 - INFO - [1;32mepoch 426 training[0m [[1;34mtime[0m: 0.32s, [1;34mtrain loss[0m: 14.2144, [1;34mreconstruction loss[0m: 9.1087]
2026-08-14 20:06:59,365 - INFO - Epoch 427/1000
2026-08-14 20:06:59,366 - INFO - Train loss: 14.214445352554321.
2026-08-14 20:06:59,366 - INFO - Reconstruction loss: 9.108671426773071.
2026-08-14 20:06:59,679 - INFO - [1;32mepoch 427 training[0m [[1;34mtime[0m: 0.31s, [1;34mtrain loss[0m: 14.1835, [1;34mreconstruction loss[0m: 9.0961]
2026-08-14 20:06:59,680 - INFO - Epoch 428/1000
2026-08-14 20:06:59,680 - INFO - Train loss: 14.183533191680908.
2026-08-14 20:06:59,680 - INFO - Reconstruction loss: 9.096113979816437.
2026-08-14 20:06:59,995 - INFO - [1;32mepoch 428 training[0m [[1;34mtime[0m: 0.32s, [1;34mtrain loss[0m: 14.1757, [1;34mreconstruction loss[0m: 9.1001]
2026-08-14 20:06:59,995 - INFO - Epoch 429/1000
2026-08-14 20:06:59,995 - INFO - Train loss: 14.175713896751404.
2026-08-14 20:06:59,995 - INFO - Reconstruction loss: 9.100056648254395.
2026-08-14 20:07:00,307 - INFO - [1;32mepoch 429 training[0m [[1;34mtime[0m: 0.31s, [1;34mtrain loss[0m: 14.2241, [1;34mreconstruction loss[0m: 9.1026]
2026-08-14 20:07:00,307 - INFO - Epoch 430/1000
2026-08-14 20:07:00,307 - INFO - Train loss: 14.22409439086914.
2026-08-14 20:07:00,307 - INFO - Reconstruction loss: 9.102583348751068.
2026-08-14 20:07:00,557 - INFO - [1;32mepoch 429 evaluating[0m [[1;34mtime[0m: 0.25s, [1;34mcollision_rate[0m: 0.122052]
2026-08-14 20:07:00,584 - INFO - [1;34mSaving current[0m: ./ckpt/Instruments/Aug-14-2026_20-04-16_beta_1.000_codebook_[64,128,256]_sk_0.000/epoch_429_collision_0.1221_model.pth
2026-08-14 20:07:00,587 - INFO - Collision_rate: 0.12205200564402338.
2026-08-14 20:07:00,897 - INFO - [1;32mepoch 430 training[0m [[1;34mtime[0m: 0.31s, [1;34mtrain loss[0m: 14.1485, [1;34mreconstruction loss[0m: 9.0948]
2026-08-14 20:07:00,897 - INFO - Epoch 431/1000
2026-08-14 20:07:00,897 - INFO - Train loss: 14.148544430732727.
2026-08-14 20:07:00,897 - INFO - Reconstruction loss: 9.094755470752716.
2026-08-14 20:07:01,204 - INFO - [1;32mepoch 431 training[0m [[1;34mtime[0m: 0.31s, [1;34mtrain loss[0m: 14.2749, [1;34mreconstruction loss[0m: 9.0976]
2026-08-14 20:07:01,204 - INFO - Epoch 432/1000
2026-08-14 20:07:01,204 - INFO - Train loss: 14.274904251098633.
2026-08-14 20:07:01,204 - INFO - Reconstruction loss: 9.097641110420227.
2026-08-14 20:07:01,510 - INFO - [1;32mepoch 432 training[0m [[1;34mtime[0m: 0.31s, [1;34mtrain loss[0m: 14.1803, [1;34mreconstruction loss[0m: 9.0866]
2026-08-14 20:07:01,510 - INFO - Epoch 433/1000
2026-08-14 20:07:01,510 - INFO - Train loss: 14.180349707603455.
2026-08-14 20:07:01,510 - INFO - Reconstruction loss: 9.086559355258942.
2026-08-14 20:07:01,805 - INFO - [1;32mepoch 433 training[0m [[1;34mtime[0m: 0.29s, [1;34mtrain loss[0m: 14.2728, [1;34mreconstruction loss[0m: 9.1005]
2026-08-14 20:07:01,805 - INFO - Epoch 434/1000
2026-08-14 20:07:01,805 - INFO - Train loss: 14.272804856300354.
2026-08-14 20:07:01,805 - INFO - Reconstruction loss: 9.100537896156311.
2026-08-14 20:07:02,107 - INFO - [1;32mepoch 434 training[0m [[1;34mtime[0m: 0.30s, [1;34mtrain loss[0m: 14.2563, [1;34mreconstruction loss[0m: 9.0970]
2026-08-14 20:07:02,107 - INFO - Epoch 435/1000
2026-08-14 20:07:02,107 - INFO - Train loss: 14.256313800811768.
2026-08-14 20:07:02,107 - INFO - Reconstruction loss: 9.097049355506897.
2026-08-14 20:07:02,363 - INFO - [1;32mepoch 434 evaluating[0m [[1;34mtime[0m: 0.26s, [1;34mcollision_rate[0m: 0.123161]
2026-08-14 20:07:02,393 - INFO - [1;34mSaving current[0m: ./ckpt/Instruments/Aug-14-2026_20-04-16_beta_1.000_codebook_[64,128,256]_sk_0.000/epoch_434_collision_0.1232_model.pth
2026-08-14 20:07:02,397 - INFO - Collision_rate: 0.12316065309413425.
2026-08-14 20:07:02,711 - INFO - [1;32mepoch 435 training[0m [[1;34mtime[0m: 0.31s, [1;34mtrain loss[0m: 14.2656, [1;34mreconstruction loss[0m: 9.0978]
2026-08-14 20:07:02,711 - INFO - Epoch 436/1000
2026-08-14 20:07:02,711 - INFO - Train loss: 14.265642285346985.
2026-08-14 20:07:02,711 - INFO - Reconstruction loss: 9.097805678844452.
2026-08-14 20:07:03,026 - INFO - [1;32mepoch 436 training[0m [[1;34mtime[0m: 0.31s, [1;34mtrain loss[0m: 14.2804, [1;34mreconstruction loss[0m: 9.1118]
2026-08-14 20:07:03,026 - INFO - Epoch 437/1000
2026-08-14 20:07:03,026 - INFO - Train loss: 14.280431628227234.
2026-08-14 20:07:03,026 - INFO - Reconstruction loss: 9.111767530441284.
2026-08-14 20:07:03,333 - INFO - [1;32mepoch 437 training[0m [[1;34mtime[0m: 0.31s, [1;34mtrain loss[0m: 14.2490, [1;34mreconstruction loss[0m: 9.0801]
2026-08-14 20:07:03,333 - INFO - Epoch 438/1000
2026-08-14 20:07:03,333 - INFO - Train loss: 14.248958945274353.
2026-08-14 20:07:03,333 - INFO - Reconstruction loss: 9.080109655857086.
2026-08-14 20:07:03,643 - INFO - [1;32mepoch 438 training[0m [[1;34mtime[0m: 0.31s, [1;34mtrain loss[0m: 14.2610, [1;34mreconstruction loss[0m: 9.0968]
2026-08-14 20:07:03,643 - INFO - Epoch 439/1000
2026-08-14 20:07:03,644 - INFO - Train loss: 14.261011362075806.
2026-08-14 20:07:03,644 - INFO - Reconstruction loss: 9.096826732158661.
2026-08-14 20:07:03,954 - INFO - [1;32mepoch 439 training[0m [[1;34mtime[0m: 0.31s, [1;34mtrain loss[0m: 14.2813, [1;34mreconstruction loss[0m: 9.0870]
2026-08-14 20:07:03,954 - INFO - Epoch 440/1000
2026-08-14 20:07:03,954 - INFO - Train loss: 14.28134036064148.
2026-08-14 20:07:03,954 - INFO - Reconstruction loss: 9.087042212486267.
2026-08-14 20:07:04,213 - INFO - [1;32mepoch 439 evaluating[0m [[1;34mtime[0m: 0.26s, [1;34mcollision_rate[0m: 0.126789]
2026-08-14 20:07:04,241 - INFO - [1;34mSaving current[0m: ./ckpt/Instruments/Aug-14-2026_20-04-16_beta_1.000_codebook_[64,128,256]_sk_0.000/epoch_439_collision_0.1268_model.pth
2026-08-14 20:07:04,245 - INFO - Collision_rate: 0.12678895383995162.
2026-08-14 20:07:04,551 - INFO - [1;32mepoch 440 training[0m [[1;34mtime[0m: 0.31s, [1;34mtrain loss[0m: 14.2274, [1;34mreconstruction loss[0m: 9.0812]
2026-08-14 20:07:04,552 - INFO - Epoch 441/1000
2026-08-14 20:07:04,552 - INFO - Train loss: 14.227409482002258.
2026-08-14 20:07:04,552 - INFO - Reconstruction loss: 9.08121657371521.
2026-08-14 20:07:04,866 - INFO - [1;32mepoch 441 training[0m [[1;34mtime[0m: 0.31s, [1;34mtrain loss[0m: 14.2363, [1;34mreconstruction loss[0m: 9.0820]
2026-08-14 20:07:04,866 - INFO - Epoch 442/1000
2026-08-14 20:07:04,867 - INFO - Train loss: 14.236254334449768.
2026-08-14 20:07:04,867 - INFO - Reconstruction loss: 9.081957161426544.
2026-08-14 20:07:05,168 - INFO - [1;32mepoch 442 training[0m [[1;34mtime[0m: 0.30s, [1;34mtrain loss[0m: 14.2517, [1;34mreconstruction loss[0m: 9.0778]
2026-08-14 20:07:05,168 - INFO - Epoch 443/1000
2026-08-14 20:07:05,168 - INFO - Train loss: 14.251749992370605.
2026-08-14 20:07:05,168 - INFO - Reconstruction loss: 9.077780485153198.
2026-08-14 20:07:05,465 - INFO - [1;32mepoch 443 training[0m [[1;34mtime[0m: 0.30s, [1;34mtrain loss[0m: 14.2070, [1;34mreconstruction loss[0m: 9.0564]
2026-08-14 20:07:05,465 - INFO - Epoch 444/1000
2026-08-14 20:07:05,465 - INFO - Train loss: 14.20702064037323.
2026-08-14 20:07:05,465 - INFO - Reconstruction loss: 9.0563605427742.
2026-08-14 20:07:05,776 - INFO - [1;32mepoch 444 training[0m [[1;34mtime[0m: 0.31s, [1;34mtrain loss[0m: 14.2204, [1;34mreconstruction loss[0m: 9.0755]
2026-08-14 20:07:05,776 - INFO - Epoch 445/1000
2026-08-14 20:07:05,776 - INFO - Train loss: 14.220432162284851.
2026-08-14 20:07:05,776 - INFO - Reconstruction loss: 9.075500965118408.
2026-08-14 20:07:06,031 - INFO - [1;32mepoch 444 evaluating[0m [[1;34mtime[0m: 0.26s, [1;34mcollision_rate[0m: 0.124874]
2026-08-14 20:07:06,060 - INFO - [1;34mSaving current[0m: ./ckpt/Instruments/Aug-14-2026_20-04-16_beta_1.000_codebook_[64,128,256]_sk_0.000/epoch_444_collision_0.1249_model.pth
2026-08-14 20:07:06,063 - INFO - Collision_rate: 0.12487401733521468.
2026-08-14 20:07:06,386 - INFO - [1;32mepoch 445 training[0m [[1;34mtime[0m: 0.32s, [1;34mtrain loss[0m: 14.2453, [1;34mreconstruction loss[0m: 9.0789]
2026-08-14 20:07:06,386 - INFO - Epoch 446/1000
2026-08-14 20:07:06,386 - INFO - Train loss: 14.245325684547424.
2026-08-14 20:07:06,386 - INFO - Reconstruction loss: 9.078928709030151.
2026-08-14 20:07:06,697 - INFO - [1;32mepoch 446 training[0m [[1;34mtime[0m: 0.31s, [1;34mtrain loss[0m: 14.2276, [1;34mreconstruction loss[0m: 9.0819]
2026-08-14 20:07:06,697 - INFO - Epoch 447/1000
2026-08-14 20:07:06,697 - INFO - Train loss: 14.22758173942566.
2026-08-14 20:07:06,697 - INFO - Reconstruction loss: 9.08188682794571.
2026-08-14 20:07:07,026 - INFO - [1;32mepoch 447 training[0m [[1;34mtime[0m: 0.33s, [1;34mtrain loss[0m: 14.2051, [1;34mreconstruction loss[0m: 9.0655]
2026-08-14 20:07:07,026 - INFO - Epoch 448/1000
2026-08-14 20:07:07,026 - INFO - Train loss: 14.205076813697815.
2026-08-14 20:07:07,026 - INFO - Reconstruction loss: 9.065480709075928.
2026-08-14 20:07:07,340 - INFO - [1;32mepoch 448 training[0m [[1;34mtime[0m: 0.31s, [1;34mtrain loss[0m: 14.2409, [1;34mreconstruction loss[0m: 9.0634]
2026-08-14 20:07:07,340 - INFO - Epoch 449/1000
2026-08-14 20:07:07,341 - INFO - Train loss: 14.240918040275574.
2026-08-14 20:07:07,341 - INFO - Reconstruction loss: 9.06336909532547.
2026-08-14 20:07:07,655 - INFO - [1;32mepoch 449 training[0m [[1;34mtime[0m: 0.31s, [1;34mtrain loss[0m: 14.1933, [1;34mreconstruction loss[0m: 9.0671]
2026-08-14 20:07:07,655 - INFO - Epoch 450/1000
2026-08-14 20:07:07,655 - INFO - Train loss: 14.193313717842102.
2026-08-14 20:07:07,655 - INFO - Reconstruction loss: 9.067140579223633.
2026-08-14 20:07:07,924 - INFO - [1;32mepoch 449 evaluating[0m [[1;34mtime[0m: 0.27s, [1;34mcollision_rate[0m: 0.120137]
2026-08-14 20:07:07,951 - INFO - [1;34mSaving current[0m: ./ckpt/Instruments/Aug-14-2026_20-04-16_beta_1.000_codebook_[64,128,256]_sk_0.000/epoch_449_collision_0.1201_model.pth
2026-08-14 20:07:07,955 - INFO - Collision_rate: 0.12013706913928643.
2026-08-14 20:07:08,264 - INFO - [1;32mepoch 450 training[0m [[1;34mtime[0m: 0.31s, [1;34mtrain loss[0m: 14.2841, [1;34mreconstruction loss[0m: 9.0746]
2026-08-14 20:07:08,265 - INFO - Epoch 451/1000
2026-08-14 20:07:08,265 - INFO - Train loss: 14.284117460250854.
2026-08-14 20:07:08,265 - INFO - Reconstruction loss: 9.074550330638885.
2026-08-14 20:07:08,579 - INFO - [1;32mepoch 451 training[0m [[1;34mtime[0m: 0.31s, [1;34mtrain loss[0m: 14.2840, [1;34mreconstruction loss[0m: 9.0844]
2026-08-14 20:07:08,579 - INFO - Epoch 452/1000
2026-08-14 20:07:08,579 - INFO - Train loss: 14.284008264541626.
2026-08-14 20:07:08,579 - INFO - Reconstruction loss: 9.084448754787445.
2026-08-14 20:07:08,906 - INFO - [1;32mepoch 452 training[0m [[1;34mtime[0m: 0.33s, [1;34mtrain loss[0m: 14.2668, [1;34mreconstruction loss[0m: 9.0920]
2026-08-14 20:07:08,906 - INFO - Epoch 453/1000
2026-08-14 20:07:08,906 - INFO - Train loss: 14.266798257827759.
2026-08-14 20:07:08,906 - INFO - Reconstruction loss: 9.09197747707367.
2026-08-14 20:07:09,206 - INFO - [1;32mepoch 453 training[0m [[1;34mtime[0m: 0.30s, [1;34mtrain loss[0m: 14.2805, [1;34mreconstruction loss[0m: 9.0782]
2026-08-14 20:07:09,206 - INFO - Epoch 454/1000
2026-08-14 20:07:09,206 - INFO - Train loss: 14.280475497245789.
2026-08-14 20:07:09,206 - INFO - Reconstruction loss: 9.07820737361908.
2026-08-14 20:07:09,515 - INFO - [1;32mepoch 454 training[0m [[1;34mtime[0m: 0.31s, [1;34mtrain loss[0m: 14.2498, [1;34mreconstruction loss[0m: 9.0792]
2026-08-14 20:07:09,515 - INFO - Epoch 455/1000
2026-08-14 20:07:09,515 - INFO - Train loss: 14.249781847000122.
2026-08-14 20:07:09,515 - INFO - Reconstruction loss: 9.079151332378387.
2026-08-14 20:07:09,776 - INFO - [1;32mepoch 454 evaluating[0m [[1;34mtime[0m: 0.26s, [1;34mcollision_rate[0m: 0.123362]
2026-08-14 20:07:09,803 - INFO - [1;34mSaving current[0m: ./ckpt/Instruments/Aug-14-2026_20-04-16_beta_1.000_codebook_[64,128,256]_sk_0.000/epoch_454_collision_0.1234_model.pth
2026-08-14 20:07:09,807 - INFO - Collision_rate: 0.12336222535779076.
2026-08-14 20:07:10,121 - INFO - [1;32mepoch 455 training[0m [[1;34mtime[0m: 0.31s, [1;34mtrain loss[0m: 14.2649, [1;34mreconstruction loss[0m: 9.0717]
2026-08-14 20:07:10,122 - INFO - Epoch 456/1000
2026-08-14 20:07:10,122 - INFO - Train loss: 14.264855027198792.
2026-08-14 20:07:10,122 - INFO - Reconstruction loss: 9.071691811084747.
2026-08-14 20:07:10,425 - INFO - [1;32mepoch 456 training[0m [[1;34mtime[0m: 0.30s, [1;34mtrain loss[0m: 14.2653, [1;34mreconstruction loss[0m: 9.0772]
2026-08-14 20:07:10,425 - INFO - Epoch 457/1000
2026-08-14 20:07:10,425 - INFO - Train loss: 14.265329718589783.
2026-08-14 20:07:10,425 - INFO - Reconstruction loss: 9.077156841754913.
2026-08-14 20:07:10,747 - INFO - [1;32mepoch 457 training[0m [[1;34mtime[0m: 0.32s, [1;34mtrain loss[0m: 14.2884, [1;34mreconstruction loss[0m: 9.0825]
2026-08-14 20:07:10,747 - INFO - Epoch 458/1000
2026-08-14 20:07:10,747 - INFO - Train loss: 14.28838562965393.
2026-08-14 20:07:10,747 - INFO - Reconstruction loss: 9.08250492811203.
2026-08-14 20:07:11,038 - INFO - [1;32mepoch 458 training[0m [[1;34mtime[0m: 0.29s, [1;34mtrain loss[0m: 14.2132, [1;34mreconstruction loss[0m: 9.0479]
2026-08-14 20:07:11,039 - INFO - Epoch 459/1000
2026-08-14 20:07:11,039 - INFO - Train loss: 14.213186979293823.
2026-08-14 20:07:11,039 - INFO - Reconstruction loss: 9.047861397266388.
2026-08-14 20:07:11,345 - INFO - [1;32mepoch 459 training[0m [[1;34mtime[0m: 0.31s, [1;34mtrain loss[0m: 14.2521, [1;34mreconstruction loss[0m: 9.0557]
2026-08-14 20:07:11,345 - INFO - Epoch 460/1000
2026-08-14 20:07:11,345 - INFO - Train loss: 14.252111911773682.
2026-08-14 20:07:11,345 - INFO - Reconstruction loss: 9.055658042430878.
2026-08-14 20:07:11,614 - INFO - [1;32mepoch 459 evaluating[0m [[1;34mtime[0m: 0.27s, [1;34mcollision_rate[0m: 0.118928]
2026-08-14 20:07:11,642 - INFO - [1;34mSaving current[0m: ./ckpt/Instruments/Aug-14-2026_20-04-16_beta_1.000_codebook_[64,128,256]_sk_0.000/epoch_459_collision_0.1189_model.pth
2026-08-14 20:07:11,646 - INFO - Collision_rate: 0.11892763555734731.
2026-08-14 20:07:11,952 - INFO - [1;32mepoch 460 training[0m [[1;34mtime[0m: 0.31s, [1;34mtrain loss[0m: 14.2429, [1;34mreconstruction loss[0m: 9.0539]
2026-08-14 20:07:11,953 - INFO - Epoch 461/1000
2026-08-14 20:07:11,953 - INFO - Train loss: 14.242850303649902.
2026-08-14 20:07:11,953 - INFO - Reconstruction loss: 9.05386996269226.
2026-08-14 20:07:12,266 - INFO - [1;32mepoch 461 training[0m [[1;34mtime[0m: 0.31s, [1;34mtrain loss[0m: 14.2886, [1;34mreconstruction loss[0m: 9.0649]
2026-08-14 20:07:12,266 - INFO - Epoch 462/1000
2026-08-14 20:07:12,266 - INFO - Train loss: 14.288644909858704.
2026-08-14 20:07:12,266 - INFO - Reconstruction loss: 9.064937829971313.
2026-08-14 20:07:12,576 - INFO - [1;32mepoch 462 training[0m [[1;34mtime[0m: 0.31s, [1;34mtrain loss[0m: 14.3268, [1;34mreconstruction loss[0m: 9.0648]
2026-08-14 20:07:12,576 - INFO - Epoch 463/1000
2026-08-14 20:07:12,576 - INFO - Train loss: 14.326849937438965.
2026-08-14 20:07:12,576 - INFO - Reconstruction loss: 9.064798712730408.
2026-08-14 20:07:12,889 - INFO - [1;32mepoch 463 training[0m [[1;34mtime[0m: 0.31s, [1;34mtrain loss[0m: 14.2716, [1;34mreconstruction loss[0m: 9.0489]
2026-08-14 20:07:12,889 - INFO - Epoch 464/1000
2026-08-14 20:07:12,889 - INFO - Train loss: 14.271607995033264.
2026-08-14 20:07:12,889 - INFO - Reconstruction loss: 9.048940002918243.
2026-08-14 20:07:13,198 - INFO - [1;32mepoch 464 training[0m [[1;34mtime[0m: 0.31s, [1;34mtrain loss[0m: 14.3050, [1;34mreconstruction loss[0m: 9.0590]
2026-08-14 20:07:13,198 - INFO - Epoch 465/1000
2026-08-14 20:07:13,198 - INFO - Train loss: 14.305022239685059.
2026-08-14 20:07:13,198 - INFO - Reconstruction loss: 9.059009552001953.
2026-08-14 20:07:13,458 - INFO - [1;32mepoch 464 evaluating[0m [[1;34mtime[0m: 0.26s, [1;34mcollision_rate[0m: 0.122052]
2026-08-14 20:07:13,486 - INFO - [1;34mSaving current[0m: ./ckpt/Instruments/Aug-14-2026_20-04-16_beta_1.000_codebook_[64,128,256]_sk_0.000/epoch_464_collision_0.1221_model.pth
2026-08-14 20:07:13,490 - INFO - Collision_rate: 0.12205200564402338.
2026-08-14 20:07:13,804 - INFO - [1;32mepoch 465 training[0m [[1;34mtime[0m: 0.31s, [1;34mtrain loss[0m: 14.2804, [1;34mreconstruction loss[0m: 9.0616]
2026-08-14 20:07:13,804 - INFO - Epoch 466/1000
2026-08-14 20:07:13,804 - INFO - Train loss: 14.280358672142029.
2026-08-14 20:07:13,805 - INFO - Reconstruction loss: 9.061636090278625.
2026-08-14 20:07:14,125 - INFO - [1;32mepoch 466 training[0m [[1;34mtime[0m: 0.32s, [1;34mtrain loss[0m: 14.2934, [1;34mreconstruction loss[0m: 9.0559]
2026-08-14 20:07:14,125 - INFO - Epoch 467/1000
2026-08-14 20:07:14,125 - INFO - Train loss: 14.293375134468079.
2026-08-14 20:07:14,125 - INFO - Reconstruction loss: 9.055866301059723.
2026-08-14 20:07:14,439 - INFO - [1;32mepoch 467 training[0m [[1;34mtime[0m: 0.31s, [1;34mtrain loss[0m: 14.3015, [1;34mreconstruction loss[0m: 9.0552]
2026-08-14 20:07:14,439 - INFO - Epoch 468/1000
2026-08-14 20:07:14,439 - INFO - Train loss: 14.30147409439087.
2026-08-14 20:07:14,439 - INFO - Reconstruction loss: 9.055246353149414.
2026-08-14 20:07:14,751 - INFO - [1;32mepoch 468 training[0m [[1;34mtime[0m: 0.31s, [1;34mtrain loss[0m: 14.2472, [1;34mreconstruction loss[0m: 9.0415]
2026-08-14 20:07:14,751 - INFO - Epoch 469/1000
2026-08-14 20:07:14,751 - INFO - Train loss: 14.24718451499939.
2026-08-14 20:07:14,751 - INFO - Reconstruction loss: 9.041465938091278.
2026-08-14 20:07:15,052 - INFO - [1;32mepoch 469 training[0m [[1;34mtime[0m: 0.30s, [1;34mtrain loss[0m: 14.3592, [1;34mreconstruction loss[0m: 9.0555]
2026-08-14 20:07:15,052 - INFO - Epoch 470/1000
2026-08-14 20:07:15,052 - INFO - Train loss: 14.359235763549805.
2026-08-14 20:07:15,052 - INFO - Reconstruction loss: 9.055471003055573.
2026-08-14 20:07:15,304 - INFO - [1;32mepoch 469 evaluating[0m [[1;34mtime[0m: 0.25s, [1;34mcollision_rate[0m: 0.123362]
2026-08-14 20:07:15,332 - INFO - [1;34mSaving current[0m: ./ckpt/Instruments/Aug-14-2026_20-04-16_beta_1.000_codebook_[64,128,256]_sk_0.000/epoch_469_collision_0.1234_model.pth
2026-08-14 20:07:15,336 - INFO - Collision_rate: 0.12336222535779076.
2026-08-14 20:07:15,642 - INFO - [1;32mepoch 470 training[0m [[1;34mtime[0m: 0.31s, [1;34mtrain loss[0m: 14.2857, [1;34mreconstruction loss[0m: 9.0582]
2026-08-14 20:07:15,643 - INFO - Epoch 471/1000
2026-08-14 20:07:15,643 - INFO - Train loss: 14.285727500915527.
2026-08-14 20:07:15,643 - INFO - Reconstruction loss: 9.058211922645569.
2026-08-14 20:07:15,957 - INFO - [1;32mepoch 471 training[0m [[1;34mtime[0m: 0.31s, [1;34mtrain loss[0m: 14.3674, [1;34mreconstruction loss[0m: 9.0442]
2026-08-14 20:07:15,957 - INFO - Epoch 472/1000
2026-08-14 20:07:15,957 - INFO - Train loss: 14.367356538772583.
2026-08-14 20:07:15,958 - INFO - Reconstruction loss: 9.044205725193024.
2026-08-14 20:07:16,269 - INFO - [1;32mepoch 472 training[0m [[1;34mtime[0m: 0.31s, [1;34mtrain loss[0m: 14.2931, [1;34mreconstruction loss[0m: 9.0469]
2026-08-14 20:07:16,269 - INFO - Epoch 473/1000
2026-08-14 20:07:16,269 - INFO - Train loss: 14.29310917854309.
2026-08-14 20:07:16,269 - INFO - Reconstruction loss: 9.046886086463928.
2026-08-14 20:07:16,593 - INFO - [1;32mepoch 473 training[0m [[1;34mtime[0m: 0.32s, [1;34mtrain loss[0m: 14.3245, [1;34mreconstruction loss[0m: 9.0291]
2026-08-14 20:07:16,594 - INFO - Epoch 474/1000
2026-08-14 20:07:16,594 - INFO - Train loss: 14.324460625648499.
2026-08-14 20:07:16,594 - INFO - Reconstruction loss: 9.029061377048492.
2026-08-14 20:07:16,906 - INFO - [1;32mepoch 474 training[0m [[1;34mtime[0m: 0.31s, [1;34mtrain loss[0m: 14.2868, [1;34mreconstruction loss[0m: 9.0509]
2026-08-14 20:07:16,906 - INFO - Epoch 475/1000
2026-08-14 20:07:16,906 - INFO - Train loss: 14.286760449409485.
2026-08-14 20:07:16,906 - INFO - Reconstruction loss: 9.050930440425873.
2026-08-14 20:07:17,162 - INFO - [1;32mepoch 474 evaluating[0m [[1;34mtime[0m: 0.26s, [1;34mcollision_rate[0m: 0.124269]
2026-08-14 20:07:17,191 - INFO - [1;34mSaving current[0m: ./ckpt/Instruments/Aug-14-2026_20-04-16_beta_1.000_codebook_[64,128,256]_sk_0.000/epoch_474_collision_0.1243_model.pth
2026-08-14 20:07:17,194 - INFO - Collision_rate: 0.1242693005442451.
2026-08-14 20:07:17,507 - INFO - [1;32mepoch 475 training[0m [[1;34mtime[0m: 0.31s, [1;34mtrain loss[0m: 14.3337, [1;34mreconstruction loss[0m: 9.0282]
2026-08-14 20:07:17,507 - INFO - Epoch 476/1000
2026-08-14 20:07:17,507 - INFO - Train loss: 14.333744645118713.
2026-08-14 20:07:17,507 - INFO - Reconstruction loss: 9.028199791908264.
2026-08-14 20:07:17,836 - INFO - [1;32mepoch 476 training[0m [[1;34mtime[0m: 0.33s, [1;34mtrain loss[0m: 14.3120, [1;34mreconstruction loss[0m: 9.0359]
2026-08-14 20:07:17,836 - INFO - Epoch 477/1000
2026-08-14 20:07:17,836 - INFO - Train loss: 14.31196117401123.
2026-08-14 20:07:17,836 - INFO - Reconstruction loss: 9.035865664482117.
2026-08-14 20:07:18,156 - INFO - [1;32mepoch 477 training[0m [[1;34mtime[0m: 0.32s, [1;34mtrain loss[0m: 14.2775, [1;34mreconstruction loss[0m: 9.0272]
2026-08-14 20:07:18,157 - INFO - Epoch 478/1000
2026-08-14 20:07:18,157 - INFO - Train loss: 14.277516484260559.
2026-08-14 20:07:18,157 - INFO - Reconstruction loss: 9.027213156223297.
2026-08-14 20:07:18,471 - INFO - [1;32mepoch 478 training[0m [[1;34mtime[0m: 0.31s, [1;34mtrain loss[0m: 14.3369, [1;34mreconstruction loss[0m: 9.0359]
2026-08-14 20:07:18,472 - INFO - Epoch 479/1000
2026-08-14 20:07:18,472 - INFO - Train loss: 14.336908102035522.
2026-08-14 20:07:18,472 - INFO - Reconstruction loss: 9.035935521125793.
2026-08-14 20:07:18,792 - INFO - [1;32mepoch 479 training[0m [[1;34mtime[0m: 0.32s, [1;34mtrain loss[0m: 14.3263, [1;34mreconstruction loss[0m: 9.0319]
2026-08-14 20:07:18,792 - INFO - Epoch 480/1000
2026-08-14 20:07:18,792 - INFO - Train loss: 14.326311945915222.
2026-08-14 20:07:18,792 - INFO - Reconstruction loss: 9.031904757022858.
2026-08-14 20:07:19,027 - INFO - [1;32mepoch 479 evaluating[0m [[1;34mtime[0m: 0.23s, [1;34mcollision_rate[0m: 0.125479]
2026-08-14 20:07:19,053 - INFO - [1;34mSaving current[0m: ./ckpt/Instruments/Aug-14-2026_20-04-16_beta_1.000_codebook_[64,128,256]_sk_0.000/epoch_479_collision_0.1255_model.pth
2026-08-14 20:07:19,058 - INFO - Collision_rate: 0.12547873412618424.
2026-08-14 20:07:19,368 - INFO - [1;32mepoch 480 training[0m [[1;34mtime[0m: 0.31s, [1;34mtrain loss[0m: 14.3354, [1;34mreconstruction loss[0m: 9.0287]
2026-08-14 20:07:19,368 - INFO - Epoch 481/1000
2026-08-14 20:07:19,368 - INFO - Train loss: 14.335399389266968.
2026-08-14 20:07:19,368 - INFO - Reconstruction loss: 9.028736054897308.
2026-08-14 20:07:19,692 - INFO - [1;32mepoch 481 training[0m [[1;34mtime[0m: 0.32s, [1;34mtrain loss[0m: 14.3343, [1;34mreconstruction loss[0m: 9.0296]
2026-08-14 20:07:19,692 - INFO - Epoch 482/1000
2026-08-14 20:07:19,692 - INFO - Train loss: 14.33429753780365.
2026-08-14 20:07:19,692 - INFO - Reconstruction loss: 9.029572308063507.
2026-08-14 20:07:19,997 - INFO - [1;32mepoch 482 training[0m [[1;34mtime[0m: 0.30s, [1;34mtrain loss[0m: 14.3775, [1;34mreconstruction loss[0m: 9.0375]
2026-08-14 20:07:19,997 - INFO - Epoch 483/1000
2026-08-14 20:07:19,997 - INFO - Train loss: 14.377523183822632.
2026-08-14 20:07:19,997 - INFO - Reconstruction loss: 9.037526249885559.
2026-08-14 20:07:20,314 - INFO - [1;32mepoch 483 training[0m [[1;34mtime[0m: 0.32s, [1;34mtrain loss[0m: 14.3439, [1;34mreconstruction loss[0m: 9.0415]
2026-08-14 20:07:20,314 - INFO - Epoch 484/1000
2026-08-14 20:07:20,314 - INFO - Train loss: 14.343855738639832.
2026-08-14 20:07:20,314 - INFO - Reconstruction loss: 9.041538953781128.
2026-08-14 20:07:20,618 - INFO - [1;32mepoch 484 training[0m [[1;34mtime[0m: 0.30s, [1;34mtrain loss[0m: 14.3674, [1;34mreconstruction loss[0m: 9.0364]
2026-08-14 20:07:20,618 - INFO - Epoch 485/1000
2026-08-14 20:07:20,618 - INFO - Train loss: 14.367350697517395.
2026-08-14 20:07:20,618 - INFO - Reconstruction loss: 9.036367893218994.
2026-08-14 20:07:20,871 - INFO - [1;32mepoch 484 evaluating[0m [[1;34mtime[0m: 0.25s, [1;34mcollision_rate[0m: 0.127394]
2026-08-14 20:07:20,899 - INFO - [1;34mSaving current[0m: ./ckpt/Instruments/Aug-14-2026_20-04-16_beta_1.000_codebook_[64,128,256]_sk_0.000/epoch_484_collision_0.1274_model.pth
2026-08-14 20:07:20,903 - INFO - Collision_rate: 0.1273936706309212.
2026-08-14 20:07:21,211 - INFO - [1;32mepoch 485 training[0m [[1;34mtime[0m: 0.31s, [1;34mtrain loss[0m: 14.3382, [1;34mreconstruction loss[0m: 9.0265]
2026-08-14 20:07:21,212 - INFO - Epoch 486/1000
2026-08-14 20:07:21,212 - INFO - Train loss: 14.338154911994934.
2026-08-14 20:07:21,212 - INFO - Reconstruction loss: 9.026510775089264.
2026-08-14 20:07:21,523 - INFO - [1;32mepoch 486 training[0m [[1;34mtime[0m: 0.31s, [1;34mtrain loss[0m: 14.3742, [1;34mreconstruction loss[0m: 9.0354]
2026-08-14 20:07:21,524 - INFO - Epoch 487/1000
2026-08-14 20:07:21,524 - INFO - Train loss: 14.374202370643616.
2026-08-14 20:07:21,524 - INFO - Reconstruction loss: 9.035376727581024.
2026-08-14 20:07:21,837 - INFO - [1;32mepoch 487 training[0m [[1;34mtime[0m: 0.31s, [1;34mtrain loss[0m: 14.3566, [1;34mreconstruction loss[0m: 9.0344]
2026-08-14 20:07:21,837 - INFO - Epoch 488/1000
2026-08-14 20:07:21,837 - INFO - Train loss: 14.356550693511963.
2026-08-14 20:07:21,838 - INFO - Reconstruction loss: 9.03444916009903.
2026-08-14 20:07:22,146 - INFO - [1;32mepoch 488 training[0m [[1;34mtime[0m: 0.31s, [1;34mtrain loss[0m: 14.3484, [1;34mreconstruction loss[0m: 9.0085]
2026-08-14 20:07:22,146 - INFO - Epoch 489/1000
2026-08-14 20:07:22,146 - INFO - Train loss: 14.348426342010498.
2026-08-14 20:07:22,146 - INFO - Reconstruction loss: 9.008455216884613.
2026-08-14 20:07:22,460 - INFO - [1;32mepoch 489 training[0m [[1;34mtime[0m: 0.31s, [1;34mtrain loss[0m: 14.3408, [1;34mreconstruction loss[0m: 9.0282]
2026-08-14 20:07:22,460 - INFO - Epoch 490/1000
2026-08-14 20:07:22,460 - INFO - Train loss: 14.340792298316956.
2026-08-14 20:07:22,460 - INFO - Reconstruction loss: 9.028241038322449.
2026-08-14 20:07:22,719 - INFO - [1;32mepoch 489 evaluating[0m [[1;34mtime[0m: 0.26s, [1;34mcollision_rate[0m: 0.125176]
2026-08-14 20:07:22,747 - INFO - [1;34mSaving current[0m: ./ckpt/Instruments/Aug-14-2026_20-04-16_beta_1.000_codebook_[64,128,256]_sk_0.000/epoch_489_collision_0.1252_model.pth
2026-08-14 20:07:22,751 - INFO - Collision_rate: 0.12517637573069945.
2026-08-14 20:07:23,057 - INFO - [1;32mepoch 490 training[0m [[1;34mtime[0m: 0.31s, [1;34mtrain loss[0m: 14.3305, [1;34mreconstruction loss[0m: 9.0177]
2026-08-14 20:07:23,058 - INFO - Epoch 491/1000
2026-08-14 20:07:23,058 - INFO - Train loss: 14.330485343933105.
2026-08-14 20:07:23,058 - INFO - Reconstruction loss: 9.017661154270172.
2026-08-14 20:07:23,382 - INFO - [1;32mepoch 491 training[0m [[1;34mtime[0m: 0.32s, [1;34mtrain loss[0m: 14.3659, [1;34mreconstruction loss[0m: 9.0252]
2026-08-14 20:07:23,382 - INFO - Epoch 492/1000
2026-08-14 20:07:23,382 - INFO - Train loss: 14.365882992744446.
2026-08-14 20:07:23,382 - INFO - Reconstruction loss: 9.02524733543396.
2026-08-14 20:07:23,692 - INFO - [1;32mepoch 492 training[0m [[1;34mtime[0m: 0.31s, [1;34mtrain loss[0m: 14.3834, [1;34mreconstruction loss[0m: 9.0263]
2026-08-14 20:07:23,692 - INFO - Epoch 493/1000
2026-08-14 20:07:23,692 - INFO - Train loss: 14.383364796638489.
2026-08-14 20:07:23,692 - INFO - Reconstruction loss: 9.026284575462341.
2026-08-14 20:07:24,008 - INFO - [1;32mepoch 493 training[0m [[1;34mtime[0m: 0.32s, [1;34mtrain loss[0m: 14.3756, [1;34mreconstruction loss[0m: 9.0145]
2026-08-14 20:07:24,008 - INFO - Epoch 494/1000
2026-08-14 20:07:24,008 - INFO - Train loss: 14.37563931941986.
2026-08-14 20:07:24,008 - INFO - Reconstruction loss: 9.014452040195465.
2026-08-14 20:07:24,316 - INFO - [1;32mepoch 494 training[0m [[1;34mtime[0m: 0.31s, [1;34mtrain loss[0m: 14.3750, [1;34mreconstruction loss[0m: 9.0211]
2026-08-14 20:07:24,316 - INFO - Epoch 495/1000
2026-08-14 20:07:24,316 - INFO - Train loss: 14.374995827674866.
2026-08-14 20:07:24,316 - INFO - Reconstruction loss: 9.021101474761963.
2026-08-14 20:07:24,575 - INFO - [1;32mepoch 494 evaluating[0m [[1;34mtime[0m: 0.26s, [1;34mcollision_rate[0m: 0.123866]
2026-08-14 20:07:24,605 - INFO - [1;34mSaving current[0m: ./ckpt/Instruments/Aug-14-2026_20-04-16_beta_1.000_codebook_[64,128,256]_sk_0.000/epoch_494_collision_0.1239_model.pth
2026-08-14 20:07:24,608 - INFO - Collision_rate: 0.12386615601693207.
2026-08-14 20:07:24,918 - INFO - [1;32mepoch 495 training[0m [[1;34mtime[0m: 0.31s, [1;34mtrain loss[0m: 14.4157, [1;34mreconstruction loss[0m: 9.0287]
2026-08-14 20:07:24,918 - INFO - Epoch 496/1000
2026-08-14 20:07:24,918 - INFO - Train loss: 14.415667057037354.
2026-08-14 20:07:24,918 - INFO - Reconstruction loss: 9.028700351715088.
2026-08-14 20:07:25,227 - INFO - [1;32mepoch 496 training[0m [[1;34mtime[0m: 0.31s, [1;34mtrain loss[0m: 14.3372, [1;34mreconstruction loss[0m: 9.0082]
2026-08-14 20:07:25,227 - INFO - Epoch 497/1000
2026-08-14 20:07:25,227 - INFO - Train loss: 14.337162494659424.
2026-08-14 20:07:25,227 - INFO - Reconstruction loss: 9.00817322731018.
2026-08-14 20:07:25,539 - INFO - [1;32mepoch 497 training[0m [[1;34mtime[0m: 0.31s, [1;34mtrain loss[0m: 14.3658, [1;34mreconstruction loss[0m: 9.0166]
2026-08-14 20:07:25,539 - INFO - Epoch 498/1000
2026-08-14 20:07:25,539 - INFO - Train loss: 14.365849733352661.
2026-08-14 20:07:25,539 - INFO - Reconstruction loss: 9.016582429409027.
2026-08-14 20:07:25,844 - INFO - [1;32mepoch 498 training[0m [[1;34mtime[0m: 0.30s, [1;34mtrain loss[0m: 14.3812, [1;34mreconstruction loss[0m: 9.0043]
2026-08-14 20:07:25,844 - INFO - Epoch 499/1000
2026-08-14 20:07:25,844 - INFO - Train loss: 14.381162524223328.
2026-08-14 20:07:25,844 - INFO - Reconstruction loss: 9.004265666007996.
2026-08-14 20:07:26,155 - INFO - [1;32mepoch 499 training[0m [[1;34mtime[0m: 0.31s, [1;34mtrain loss[0m: 14.3538, [1;34mreconstruction loss[0m: 9.0148]
2026-08-14 20:07:26,156 - INFO - Epoch 500/1000
2026-08-14 20:07:26,156 - INFO - Train loss: 14.353800058364868.
2026-08-14 20:07:26,156 - INFO - Reconstruction loss: 9.01480782032013.
2026-08-14 20:07:26,405 - INFO - [1;32mepoch 499 evaluating[0m [[1;34mtime[0m: 0.25s, [1;34mcollision_rate[0m: 0.125983]
2026-08-14 20:07:26,432 - INFO - [1;34mSaving current[0m: ./ckpt/Instruments/Aug-14-2026_20-04-16_beta_1.000_codebook_[64,128,256]_sk_0.000/epoch_499_collision_0.1260_model.pth
2026-08-14 20:07:26,435 - INFO - Collision_rate: 0.12598266478532555.
2026-08-14 20:07:26,753 - INFO - [1;32mepoch 500 training[0m [[1;34mtime[0m: 0.32s, [1;34mtrain loss[0m: 14.3462, [1;34mreconstruction loss[0m: 8.9879]
2026-08-14 20:07:26,754 - INFO - Epoch 501/1000
2026-08-14 20:07:26,754 - INFO - Train loss: 14.346181035041809.
2026-08-14 20:07:26,754 - INFO - Reconstruction loss: 8.987905979156494.
2026-08-14 20:07:27,061 - INFO - [1;32mepoch 501 training[0m [[1;34mtime[0m: 0.31s, [1;34mtrain loss[0m: 14.3764, [1;34mreconstruction loss[0m: 8.9854]
2026-08-14 20:07:27,061 - INFO - Epoch 502/1000
2026-08-14 20:07:27,061 - INFO - Train loss: 14.376444816589355.
2026-08-14 20:07:27,061 - INFO - Reconstruction loss: 8.985445618629456.
2026-08-14 20:07:27,364 - INFO - [1;32mepoch 502 training[0m [[1;34mtime[0m: 0.30s, [1;34mtrain loss[0m: 14.3792, [1;34mreconstruction loss[0m: 8.9957]
2026-08-14 20:07:27,365 - INFO - Epoch 503/1000
2026-08-14 20:07:27,365 - INFO - Train loss: 14.379220008850098.
2026-08-14 20:07:27,365 - INFO - Reconstruction loss: 8.995707333087921.
2026-08-14 20:07:27,670 - INFO - [1;32mepoch 503 training[0m [[1;34mtime[0m: 0.31s, [1;34mtrain loss[0m: 14.3545, [1;34mreconstruction loss[0m: 9.0052]
2026-08-14 20:07:27,670 - INFO - Epoch 504/1000
2026-08-14 20:07:27,670 - INFO - Train loss: 14.354490876197815.
2026-08-14 20:07:27,670 - INFO - Reconstruction loss: 9.005152523517609.
2026-08-14 20:07:27,978 - INFO - [1;32mepoch 504 training[0m [[1;34mtime[0m: 0.31s, [1;34mtrain loss[0m: 14.4212, [1;34mreconstruction loss[0m: 8.9960]
2026-08-14 20:07:27,978 - INFO - Epoch 505/1000
2026-08-14 20:07:27,978 - INFO - Train loss: 14.421217203140259.
2026-08-14 20:07:27,978 - INFO - Reconstruction loss: 8.99595183134079.
2026-08-14 20:07:28,228 - INFO - [1;32mepoch 504 evaluating[0m [[1;34mtime[0m: 0.25s, [1;34mcollision_rate[0m: 0.129611]
2026-08-14 20:07:28,255 - INFO - [1;34mSaving current[0m: ./ckpt/Instruments/Aug-14-2026_20-04-16_beta_1.000_codebook_[64,128,256]_sk_0.000/epoch_504_collision_0.1296_model.pth
2026-08-14 20:07:28,259 - INFO - Collision_rate: 0.1296109655311429.
2026-08-14 20:07:28,574 - INFO - [1;32mepoch 505 training[0m [[1;34mtime[0m: 0.31s, [1;34mtrain loss[0m: 14.3441, [1;34mreconstruction loss[0m: 9.0097]
2026-08-14 20:07:28,574 - INFO - Epoch 506/1000
2026-08-14 20:07:28,574 - INFO - Train loss: 14.344061732292175.
2026-08-14 20:07:28,574 - INFO - Reconstruction loss: 9.009691596031189.
2026-08-14 20:07:28,901 - INFO - [1;32mepoch 506 training[0m [[1;34mtime[0m: 0.33s, [1;34mtrain loss[0m: 14.3646, [1;34mreconstruction loss[0m: 9.0051]
2026-08-14 20:07:28,901 - INFO - Epoch 507/1000
2026-08-14 20:07:28,901 - INFO - Train loss: 14.364564657211304.
2026-08-14 20:07:28,901 - INFO - Reconstruction loss: 9.005110621452332.
2026-08-14 20:07:29,200 - INFO - [1;32mepoch 507 training[0m [[1;34mtime[0m: 0.30s, [1;34mtrain loss[0m: 14.3645, [1;34mreconstruction loss[0m: 8.9909]
2026-08-14 20:07:29,201 - INFO - Epoch 508/1000
2026-08-14 20:07:29,201 - INFO - Train loss: 14.364543199539185.
2026-08-14 20:07:29,201 - INFO - Reconstruction loss: 8.99086707830429.
2026-08-14 20:07:29,520 - INFO - [1;32mepoch 508 training[0m [[1;34mtime[0m: 0.32s, [1;34mtrain loss[0m: 14.3856, [1;34mreconstruction loss[0m: 9.0121]
2026-08-14 20:07:29,521 - INFO - Epoch 509/1000
2026-08-14 20:07:29,521 - INFO - Train loss: 14.385567426681519.
2026-08-14 20:07:29,521 - INFO - Reconstruction loss: 9.012078583240509.
2026-08-14 20:07:29,828 - INFO - [1;32mepoch 509 training[0m [[1;34mtime[0m: 0.31s, [1;34mtrain loss[0m: 14.3941, [1;34mreconstruction loss[0m: 8.9985]
2026-08-14 20:07:29,828 - INFO - Epoch 510/1000
2026-08-14 20:07:29,828 - INFO - Train loss: 14.394083023071289.
2026-08-14 20:07:29,828 - INFO - Reconstruction loss: 8.998453140258789.
2026-08-14 20:07:30,083 - INFO - [1;32mepoch 509 evaluating[0m [[1;34mtime[0m: 0.25s, [1;34mcollision_rate[0m: 0.129309]
2026-08-14 20:07:30,110 - INFO - [1;34mSaving current[0m: ./ckpt/Instruments/Aug-14-2026_20-04-16_beta_1.000_codebook_[64,128,256]_sk_0.000/epoch_509_collision_0.1293_model.pth
2026-08-14 20:07:30,114 - INFO - Collision_rate: 0.12930860713565814.
2026-08-14 20:07:30,418 - INFO - [1;32mepoch 510 training[0m [[1;34mtime[0m: 0.30s, [1;34mtrain loss[0m: 14.3422, [1;34mreconstruction loss[0m: 8.9720]
2026-08-14 20:07:30,418 - INFO - Epoch 511/1000
2026-08-14 20:07:30,418 - INFO - Train loss: 14.342210531234741.
2026-08-14 20:07:30,418 - INFO - Reconstruction loss: 8.972030460834503.
2026-08-14 20:07:30,731 - INFO - [1;32mepoch 511 training[0m [[1;34mtime[0m: 0.31s, [1;34mtrain loss[0m: 14.3505, [1;34mreconstruction loss[0m: 8.9693]
2026-08-14 20:07:30,731 - INFO - Epoch 512/1000
2026-08-14 20:07:30,731 - INFO - Train loss: 14.35045301914215.
2026-08-14 20:07:30,731 - INFO - Reconstruction loss: 8.969330966472626.
2026-08-14 20:07:31,045 - INFO - [1;32mepoch 512 training[0m [[1;34mtime[0m: 0.31s, [1;34mtrain loss[0m: 14.3295, [1;34mreconstruction loss[0m: 8.9818]
2026-08-14 20:07:31,046 - INFO - Epoch 513/1000
2026-08-14 20:07:31,046 - INFO - Train loss: 14.329456329345703.
2026-08-14 20:07:31,046 - INFO - Reconstruction loss: 8.98175573348999.
2026-08-14 20:07:31,357 - INFO - [1;32mepoch 513 training[0m [[1;34mtime[0m: 0.31s, [1;34mtrain loss[0m: 14.3760, [1;34mreconstruction loss[0m: 9.0148]
2026-08-14 20:07:31,357 - INFO - Epoch 514/1000
2026-08-14 20:07:31,357 - INFO - Train loss: 14.376035571098328.
2026-08-14 20:07:31,357 - INFO - Reconstruction loss: 9.014812588691711.
2026-08-14 20:07:31,678 - INFO - [1;32mepoch 514 training[0m [[1;34mtime[0m: 0.32s, [1;34mtrain loss[0m: 14.3666, [1;34mreconstruction loss[0m: 8.9892]
2026-08-14 20:07:31,678 - INFO - Epoch 515/1000
2026-08-14 20:07:31,678 - INFO - Train loss: 14.36661171913147.
2026-08-14 20:07:31,678 - INFO - Reconstruction loss: 8.989201486110687.
2026-08-14 20:07:31,924 - INFO - [1;32mepoch 514 evaluating[0m [[1;34mtime[0m: 0.25s, [1;34mcollision_rate[0m: 0.125983]
2026-08-14 20:07:31,955 - INFO - [1;34mSaving current[0m: ./ckpt/Instruments/Aug-14-2026_20-04-16_beta_1.000_codebook_[64,128,256]_sk_0.000/epoch_514_collision_0.1260_model.pth
2026-08-14 20:07:31,960 - INFO - Collision_rate: 0.12598266478532555.
2026-08-14 20:07:32,287 - INFO - [1;32mepoch 515 training[0m [[1;34mtime[0m: 0.33s, [1;34mtrain loss[0m: 14.3511, [1;34mreconstruction loss[0m: 8.9834]
2026-08-14 20:07:32,288 - INFO - Epoch 516/1000
2026-08-14 20:07:32,288 - INFO - Train loss: 14.351134657859802.
2026-08-14 20:07:32,288 - INFO - Reconstruction loss: 8.98344486951828.
2026-08-14 20:07:32,594 - INFO - [1;32mepoch 516 training[0m [[1;34mtime[0m: 0.31s, [1;34mtrain loss[0m: 14.3518, [1;34mreconstruction loss[0m: 8.9820]
2026-08-14 20:07:32,594 - INFO - Epoch 517/1000
2026-08-14 20:07:32,594 - INFO - Train loss: 14.351751446723938.
2026-08-14 20:07:32,594 - INFO - Reconstruction loss: 8.981992721557617.
2026-08-14 20:07:32,918 - INFO - [1;32mepoch 517 training[0m [[1;34mtime[0m: 0.32s, [1;34mtrain loss[0m: 14.3890, [1;34mreconstruction loss[0m: 8.9731]
2026-08-14 20:07:32,918 - INFO - Epoch 518/1000
2026-08-14 20:07:32,918 - INFO - Train loss: 14.389033913612366.
2026-08-14 20:07:32,918 - INFO - Reconstruction loss: 8.973092555999756.
2026-08-14 20:07:33,220 - INFO - [1;32mepoch 518 training[0m [[1;34mtime[0m: 0.30s, [1;34mtrain loss[0m: 14.3479, [1;34mreconstruction loss[0m: 9.0054]
2026-08-14 20:07:33,221 - INFO - Epoch 519/1000
2026-08-14 20:07:33,221 - INFO - Train loss: 14.34788954257965.
2026-08-14 20:07:33,221 - INFO - Reconstruction loss: 9.00536036491394.
2026-08-14 20:07:33,539 - INFO - [1;32mepoch 519 training[0m [[1;34mtime[0m: 0.32s, [1;34mtrain loss[0m: 14.3433, [1;34mreconstruction loss[0m: 8.9707]
2026-08-14 20:07:33,539 - INFO - Epoch 520/1000
2026-08-14 20:07:33,539 - INFO - Train loss: 14.343254923820496.
2026-08-14 20:07:33,539 - INFO - Reconstruction loss: 8.970707356929779.
2026-08-14 20:07:33,791 - INFO - [1;32mepoch 519 evaluating[0m [[1;34mtime[0m: 0.25s, [1;34mcollision_rate[0m: 0.124975]
2026-08-14 20:07:33,820 - INFO - [1;34mSaving current[0m: ./ckpt/Instruments/Aug-14-2026_20-04-16_beta_1.000_codebook_[64,128,256]_sk_0.000/epoch_519_collision_0.1250_model.pth
2026-08-14 20:07:33,824 - INFO - Collision_rate: 0.12497480346704294.
2026-08-14 20:07:34,139 - INFO - [1;32mepoch 520 training[0m [[1;34mtime[0m: 0.31s, [1;34mtrain loss[0m: 14.3462, [1;34mreconstruction loss[0m: 8.9806]
2026-08-14 20:07:34,139 - INFO - Epoch 521/1000
2026-08-14 20:07:34,139 - INFO - Train loss: 14.346166253089905.
2026-08-14 20:07:34,139 - INFO - Reconstruction loss: 8.980646550655365.
2026-08-14 20:07:34,443 - INFO - [1;32mepoch 521 training[0m [[1;34mtime[0m: 0.30s, [1;34mtrain loss[0m: 14.4474, [1;34mreconstruction loss[0m: 8.9844]
2026-08-14 20:07:34,443 - INFO - Epoch 522/1000
2026-08-14 20:07:34,443 - INFO - Train loss: 14.447447061538696.
2026-08-14 20:07:34,443 - INFO - Reconstruction loss: 8.984378576278687.
2026-08-14 20:07:34,765 - INFO - [1;32mepoch 522 training[0m [[1;34mtime[0m: 0.32s, [1;34mtrain loss[0m: 14.3284, [1;34mreconstruction loss[0m: 8.9662]
2026-08-14 20:07:34,765 - INFO - Epoch 523/1000
2026-08-14 20:07:34,765 - INFO - Train loss: 14.328364253044128.
2026-08-14 20:07:34,765 - INFO - Reconstruction loss: 8.966178953647614.
2026-08-14 20:07:35,075 - INFO - [1;32mepoch 523 training[0m [[1;34mtime[0m: 0.31s, [1;34mtrain loss[0m: 14.3654, [1;34mreconstruction loss[0m: 8.9826]
2026-08-14 20:07:35,075 - INFO - Epoch 524/1000
2026-08-14 20:07:35,075 - INFO - Train loss: 14.365350365638733.
2026-08-14 20:07:35,075 - INFO - Reconstruction loss: 8.9825958609581.
2026-08-14 20:07:35,384 - INFO - [1;32mepoch 524 training[0m [[1;34mtime[0m: 0.31s, [1;34mtrain loss[0m: 14.3595, [1;34mreconstruction loss[0m: 8.9800]
2026-08-14 20:07:35,384 - INFO - Epoch 525/1000
2026-08-14 20:07:35,384 - INFO - Train loss: 14.359529495239258.
2026-08-14 20:07:35,384 - INFO - Reconstruction loss: 8.98000419139862.
2026-08-14 20:07:35,640 - INFO - [1;32mepoch 524 evaluating[0m [[1;34mtime[0m: 0.26s, [1;34mcollision_rate[0m: 0.125479]
2026-08-14 20:07:35,668 - INFO - [1;34mSaving current[0m: ./ckpt/Instruments/Aug-14-2026_20-04-16_beta_1.000_codebook_[64,128,256]_sk_0.000/epoch_524_collision_0.1255_model.pth
2026-08-14 20:07:35,672 - INFO - Collision_rate: 0.12547873412618424.
2026-08-14 20:07:35,983 - INFO - [1;32mepoch 525 training[0m [[1;34mtime[0m: 0.31s, [1;34mtrain loss[0m: 14.3689, [1;34mreconstruction loss[0m: 8.9715]
2026-08-14 20:07:35,984 - INFO - Epoch 526/1000
2026-08-14 20:07:35,984 - INFO - Train loss: 14.368880152702332.
2026-08-14 20:07:35,984 - INFO - Reconstruction loss: 8.971541166305542.
2026-08-14 20:07:36,286 - INFO - [1;32mepoch 526 training[0m [[1;34mtime[0m: 0.30s, [1;34mtrain loss[0m: 14.3995, [1;34mreconstruction loss[0m: 8.9679]
2026-08-14 20:07:36,286 - INFO - Epoch 527/1000
2026-08-14 20:07:36,286 - INFO - Train loss: 14.399521827697754.
2026-08-14 20:07:36,287 - INFO - Reconstruction loss: 8.967911779880524.
2026-08-14 20:07:36,587 - INFO - [1;32mepoch 527 training[0m [[1;34mtime[0m: 0.30s, [1;34mtrain loss[0m: 14.3945, [1;34mreconstruction loss[0m: 8.9839]
2026-08-14 20:07:36,588 - INFO - Epoch 528/1000
2026-08-14 20:07:36,588 - INFO - Train loss: 14.394535899162292.
2026-08-14 20:07:36,588 - INFO - Reconstruction loss: 8.983947932720184.
2026-08-14 20:07:36,906 - INFO - [1;32mepoch 528 training[0m [[1;34mtime[0m: 0.32s, [1;34mtrain loss[0m: 14.3436, [1;34mreconstruction loss[0m: 8.9570]
2026-08-14 20:07:36,906 - INFO - Epoch 529/1000
2026-08-14 20:07:36,906 - INFO - Train loss: 14.343629121780396.
2026-08-14 20:07:36,906 - INFO - Reconstruction loss: 8.956977546215057.
2026-08-14 20:07:37,202 - INFO - [1;32mepoch 529 training[0m [[1;34mtime[0m: 0.30s, [1;34mtrain loss[0m: 14.3570, [1;34mreconstruction loss[0m: 8.9452]
2026-08-14 20:07:37,202 - INFO - Epoch 530/1000
2026-08-14 20:07:37,202 - INFO - Train loss: 14.356973886489868.
2026-08-14 20:07:37,202 - INFO - Reconstruction loss: 8.945244014263153.
2026-08-14 20:07:37,459 - INFO - [1;32mepoch 529 evaluating[0m [[1;34mtime[0m: 0.26s, [1;34mcollision_rate[0m: 0.124975]
2026-08-14 20:07:37,487 - INFO - [1;34mSaving current[0m: ./ckpt/Instruments/Aug-14-2026_20-04-16_beta_1.000_codebook_[64,128,256]_sk_0.000/epoch_529_collision_0.1250_model.pth
2026-08-14 20:07:37,491 - INFO - Collision_rate: 0.12497480346704294.
2026-08-14 20:07:37,799 - INFO - [1;32mepoch 530 training[0m [[1;34mtime[0m: 0.31s, [1;34mtrain loss[0m: 14.4061, [1;34mreconstruction loss[0m: 8.9828]
2026-08-14 20:07:37,799 - INFO - Epoch 531/1000
2026-08-14 20:07:37,799 - INFO - Train loss: 14.4060617685318.
2026-08-14 20:07:37,800 - INFO - Reconstruction loss: 8.982831358909607.
2026-08-14 20:07:38,113 - INFO - [1;32mepoch 531 training[0m [[1;34mtime[0m: 0.31s, [1;34mtrain loss[0m: 14.4195, [1;34mreconstruction loss[0m: 9.0051]
2026-08-14 20:07:38,113 - INFO - Epoch 532/1000
2026-08-14 20:07:38,113 - INFO - Train loss: 14.419490218162537.
2026-08-14 20:07:38,113 - INFO - Reconstruction loss: 9.005087971687317.
2026-08-14 20:07:38,426 - INFO - [1;32mepoch 532 training[0m [[1;34mtime[0m: 0.31s, [1;34mtrain loss[0m: 14.4797, [1;34mreconstruction loss[0m: 8.9862]
2026-08-14 20:07:38,426 - INFO - Epoch 533/1000
2026-08-14 20:07:38,426 - INFO - Train loss: 14.479699730873108.
2026-08-14 20:07:38,426 - INFO - Reconstruction loss: 8.986186742782593.
2026-08-14 20:07:38,733 - INFO - [1;32mepoch 533 training[0m [[1;34mtime[0m: 0.31s, [1;34mtrain loss[0m: 14.4296, [1;34mreconstruction loss[0m: 8.9756]
2026-08-14 20:07:38,734 - INFO - Epoch 534/1000
2026-08-14 20:07:38,734 - INFO - Train loss: 14.42958414554596.
2026-08-14 20:07:38,734 - INFO - Reconstruction loss: 8.975594580173492.
2026-08-14 20:07:39,046 - INFO - [1;32mepoch 534 training[0m [[1;34mtime[0m: 0.31s, [1;34mtrain loss[0m: 14.3814, [1;34mreconstruction loss[0m: 8.9622]
2026-08-14 20:07:39,046 - INFO - Epoch 535/1000
2026-08-14 20:07:39,046 - INFO - Train loss: 14.381398320198059.
2026-08-14 20:07:39,046 - INFO - Reconstruction loss: 8.962152600288391.
2026-08-14 20:07:39,291 - INFO - [1;32mepoch 534 evaluating[0m [[1;34mtime[0m: 0.24s, [1;34mcollision_rate[0m: 0.122858]
2026-08-14 20:07:39,318 - INFO - [1;34mSaving current[0m: ./ckpt/Instruments/Aug-14-2026_20-04-16_beta_1.000_codebook_[64,128,256]_sk_0.000/epoch_534_collision_0.1229_model.pth
2026-08-14 20:07:39,325 - INFO - Collision_rate: 0.12285829469864946.
2026-08-14 20:07:39,632 - INFO - [1;32mepoch 535 training[0m [[1;34mtime[0m: 0.31s, [1;34mtrain loss[0m: 14.4504, [1;34mreconstruction loss[0m: 8.9665]
2026-08-14 20:07:39,632 - INFO - Epoch 536/1000
2026-08-14 20:07:39,632 - INFO - Train loss: 14.4504234790802.
2026-08-14 20:07:39,632 - INFO - Reconstruction loss: 8.966522872447968.
2026-08-14 20:07:39,942 - INFO - [1;32mepoch 536 training[0m [[1;34mtime[0m: 0.31s, [1;34mtrain loss[0m: 14.4281, [1;34mreconstruction loss[0m: 8.9793]
2026-08-14 20:07:39,942 - INFO - Epoch 537/1000
2026-08-14 20:07:39,942 - INFO - Train loss: 14.428108811378479.
2026-08-14 20:07:39,942 - INFO - Reconstruction loss: 8.979305028915405.
2026-08-14 20:07:40,266 - INFO - [1;32mepoch 537 training[0m [[1;34mtime[0m: 0.32s, [1;34mtrain loss[0m: 14.4602, [1;34mreconstruction loss[0m: 8.9907]
2026-08-14 20:07:40,267 - INFO - Epoch 538/1000
2026-08-14 20:07:40,267 - INFO - Train loss: 14.460150003433228.
2026-08-14 20:07:40,267 - INFO - Reconstruction loss: 8.990658521652222.
2026-08-14 20:07:40,599 - INFO - [1;32mepoch 538 training[0m [[1;34mtime[0m: 0.33s, [1;34mtrain loss[0m: 14.4476, [1;34mreconstruction loss[0m: 8.9698]
2026-08-14 20:07:40,599 - INFO - Epoch 539/1000
2026-08-14 20:07:40,599 - INFO - Train loss: 14.447585821151733.
2026-08-14 20:07:40,599 - INFO - Reconstruction loss: 8.969838678836823.
2026-08-14 20:07:40,912 - INFO - [1;32mepoch 539 training[0m [[1;34mtime[0m: 0.31s, [1;34mtrain loss[0m: 14.4546, [1;34mreconstruction loss[0m: 8.9613]
2026-08-14 20:07:40,913 - INFO - Epoch 540/1000
2026-08-14 20:07:40,913 - INFO - Train loss: 14.4546138048172.
2026-08-14 20:07:40,913 - INFO - Reconstruction loss: 8.96131455898285.
2026-08-14 20:07:41,169 - INFO - [1;32mepoch 539 evaluating[0m [[1;34mtime[0m: 0.26s, [1;34mcollision_rate[0m: 0.124269]
2026-08-14 20:07:41,197 - INFO - [1;34mSaving current[0m: ./ckpt/Instruments/Aug-14-2026_20-04-16_beta_1.000_codebook_[64,128,256]_sk_0.000/epoch_539_collision_0.1243_model.pth
2026-08-14 20:07:41,201 - INFO - Collision_rate: 0.1242693005442451.
2026-08-14 20:07:41,511 - INFO - [1;32mepoch 540 training[0m [[1;34mtime[0m: 0.31s, [1;34mtrain loss[0m: 14.4035, [1;34mreconstruction loss[0m: 8.9455]
2026-08-14 20:07:41,511 - INFO - Epoch 541/1000
2026-08-14 20:07:41,511 - INFO - Train loss: 14.403517007827759.
2026-08-14 20:07:41,511 - INFO - Reconstruction loss: 8.945473551750183.
2026-08-14 20:07:41,826 - INFO - [1;32mepoch 541 training[0m [[1;34mtime[0m: 0.31s, [1;34mtrain loss[0m: 14.4104, [1;34mreconstruction loss[0m: 8.9562]
2026-08-14 20:07:41,826 - INFO - Epoch 542/1000
2026-08-14 20:07:41,826 - INFO - Train loss: 14.41039776802063.
2026-08-14 20:07:41,827 - INFO - Reconstruction loss: 8.956185162067413.
2026-08-14 20:07:42,147 - INFO - [1;32mepoch 542 training[0m [[1;34mtime[0m: 0.32s, [1;34mtrain loss[0m: 14.4501, [1;34mreconstruction loss[0m: 8.9759]
2026-08-14 20:07:42,147 - INFO - Epoch 543/1000
2026-08-14 20:07:42,147 - INFO - Train loss: 14.45006239414215.
2026-08-14 20:07:42,147 - INFO - Reconstruction loss: 8.975870788097382.
2026-08-14 20:07:42,447 - INFO - [1;32mepoch 543 training[0m [[1;34mtime[0m: 0.30s, [1;34mtrain loss[0m: 14.4797, [1;34mreconstruction loss[0m: 8.9634]
2026-08-14 20:07:42,447 - INFO - Epoch 544/1000
2026-08-14 20:07:42,447 - INFO - Train loss: 14.47973084449768.
2026-08-14 20:07:42,447 - INFO - Reconstruction loss: 8.963448226451874.
2026-08-14 20:07:42,734 - INFO - [1;32mepoch 544 training[0m [[1;34mtime[0m: 0.29s, [1;34mtrain loss[0m: 14.4415, [1;34mreconstruction loss[0m: 8.9713]
2026-08-14 20:07:42,734 - INFO - Epoch 545/1000
2026-08-14 20:07:42,734 - INFO - Train loss: 14.441489458084106.
2026-08-14 20:07:42,734 - INFO - Reconstruction loss: 8.971287548542023.
2026-08-14 20:07:42,994 - INFO - [1;32mepoch 544 evaluating[0m [[1;34mtime[0m: 0.26s, [1;34mcollision_rate[0m: 0.124169]
2026-08-14 20:07:43,022 - INFO - [1;34mSaving current[0m: ./ckpt/Instruments/Aug-14-2026_20-04-16_beta_1.000_codebook_[64,128,256]_sk_0.000/epoch_544_collision_0.1242_model.pth
2026-08-14 20:07:43,026 - INFO - Collision_rate: 0.12416851441241686.
2026-08-14 20:07:43,338 - INFO - [1;32mepoch 545 training[0m [[1;34mtime[0m: 0.31s, [1;34mtrain loss[0m: 14.4311, [1;34mreconstruction loss[0m: 8.9429]
2026-08-14 20:07:43,339 - INFO - Epoch 546/1000
2026-08-14 20:07:43,339 - INFO - Train loss: 14.43107295036316.
2026-08-14 20:07:43,339 - INFO - Reconstruction loss: 8.94289779663086.
2026-08-14 20:07:43,627 - INFO - [1;32mepoch 546 training[0m [[1;34mtime[0m: 0.29s, [1;34mtrain loss[0m: 14.3881, [1;34mreconstruction loss[0m: 8.9523]
2026-08-14 20:07:43,627 - INFO - Epoch 547/1000
2026-08-14 20:07:43,627 - INFO - Train loss: 14.388102769851685.
2026-08-14 20:07:43,627 - INFO - Reconstruction loss: 8.952285349369049.
2026-08-14 20:07:43,939 - INFO - [1;32mepoch 547 training[0m [[1;34mtime[0m: 0.31s, [1;34mtrain loss[0m: 14.4467, [1;34mreconstruction loss[0m: 8.9488]
2026-08-14 20:07:43,939 - INFO - Epoch 548/1000
2026-08-14 20:07:43,939 - INFO - Train loss: 14.446682810783386.
2026-08-14 20:07:43,939 - INFO - Reconstruction loss: 8.948763489723206.
2026-08-14 20:07:44,248 - INFO - [1;32mepoch 548 training[0m [[1;34mtime[0m: 0.31s, [1;34mtrain loss[0m: 14.4569, [1;34mreconstruction loss[0m: 8.9404]
2026-08-14 20:07:44,249 - INFO - Epoch 549/1000
2026-08-14 20:07:44,249 - INFO - Train loss: 14.45687747001648.
2026-08-14 20:07:44,249 - INFO - Reconstruction loss: 8.940388441085815.
2026-08-14 20:07:44,562 - INFO - [1;32mepoch 549 training[0m [[1;34mtime[0m: 0.31s, [1;34mtrain loss[0m: 14.3814, [1;34mreconstruction loss[0m: 8.9429]
2026-08-14 20:07:44,562 - INFO - Epoch 550/1000
2026-08-14 20:07:44,562 - INFO - Train loss: 14.381442427635193.
2026-08-14 20:07:44,562 - INFO - Reconstruction loss: 8.942937791347504.
2026-08-14 20:07:44,819 - INFO - [1;32mepoch 549 evaluating[0m [[1;34mtime[0m: 0.26s, [1;34mcollision_rate[0m: 0.121649]
2026-08-14 20:07:44,846 - INFO - [1;34mSaving current[0m: ./ckpt/Instruments/Aug-14-2026_20-04-16_beta_1.000_codebook_[64,128,256]_sk_0.000/epoch_549_collision_0.1216_model.pth
2026-08-14 20:07:44,850 - INFO - Collision_rate: 0.12164886111671035.
2026-08-14 20:07:45,169 - INFO - [1;32mepoch 550 training[0m [[1;34mtime[0m: 0.32s, [1;34mtrain loss[0m: 14.4958, [1;34mreconstruction loss[0m: 8.9436]
2026-08-14 20:07:45,169 - INFO - Epoch 551/1000
2026-08-14 20:07:45,169 - INFO - Train loss: 14.495842218399048.
2026-08-14 20:07:45,170 - INFO - Reconstruction loss: 8.943551480770111.
2026-08-14 20:07:45,474 - INFO - [1;32mepoch 551 training[0m [[1;34mtime[0m: 0.30s, [1;34mtrain loss[0m: 14.3860, [1;34mreconstruction loss[0m: 8.9378]
2026-08-14 20:07:45,475 - INFO - Epoch 552/1000
2026-08-14 20:07:45,475 - INFO - Train loss: 14.386030793190002.
2026-08-14 20:07:45,475 - INFO - Reconstruction loss: 8.937804281711578.
2026-08-14 20:07:45,780 - INFO - [1;32mepoch 552 training[0m [[1;34mtime[0m: 0.31s, [1;34mtrain loss[0m: 14.4196, [1;34mreconstruction loss[0m: 8.9285]
2026-08-14 20:07:45,780 - INFO - Epoch 553/1000
2026-08-14 20:07:45,780 - INFO - Train loss: 14.419591426849365.
2026-08-14 20:07:45,780 - INFO - Reconstruction loss: 8.928501963615417.
2026-08-14 20:07:46,096 - INFO - [1;32mepoch 553 training[0m [[1;34mtime[0m: 0.32s, [1;34mtrain loss[0m: 14.4339, [1;34mreconstruction loss[0m: 8.9376]
2026-08-14 20:07:46,096 - INFO - Epoch 554/1000
2026-08-14 20:07:46,096 - INFO - Train loss: 14.433940649032593.
2026-08-14 20:07:46,096 - INFO - Reconstruction loss: 8.937634646892548.
2026-08-14 20:07:46,429 - INFO - [1;32mepoch 554 training[0m [[1;34mtime[0m: 0.33s, [1;34mtrain loss[0m: 14.3712, [1;34mreconstruction loss[0m: 8.9262]
2026-08-14 20:07:46,429 - INFO - Epoch 555/1000
2026-08-14 20:07:46,429 - INFO - Train loss: 14.371164441108704.
2026-08-14 20:07:46,429 - INFO - Reconstruction loss: 8.926163971424103.
2026-08-14 20:07:46,697 - INFO - [1;32mepoch 554 evaluating[0m [[1;34mtime[0m: 0.27s, [1;34mcollision_rate[0m: 0.125882]
2026-08-14 20:07:46,725 - INFO - [1;34mSaving current[0m: ./ckpt/Instruments/Aug-14-2026_20-04-16_beta_1.000_codebook_[64,128,256]_sk_0.000/epoch_554_collision_0.1259_model.pth
2026-08-14 20:07:46,729 - INFO - Collision_rate: 0.1258818786534973.
2026-08-14 20:07:47,038 - INFO - [1;32mepoch 555 training[0m [[1;34mtime[0m: 0.31s, [1;34mtrain loss[0m: 14.3890, [1;34mreconstruction loss[0m: 8.9130]
2026-08-14 20:07:47,038 - INFO - Epoch 556/1000
2026-08-14 20:07:47,038 - INFO - Train loss: 14.389018535614014.
2026-08-14 20:07:47,038 - INFO - Reconstruction loss: 8.913021743297577.
2026-08-14 20:07:47,349 - INFO - [1;32mepoch 556 training[0m [[1;34mtime[0m: 0.31s, [1;34mtrain loss[0m: 14.4346, [1;34mreconstruction loss[0m: 8.9374]
2026-08-14 20:07:47,349 - INFO - Epoch 557/1000
2026-08-14 20:07:47,349 - INFO - Train loss: 14.434644937515259.
2026-08-14 20:07:47,349 - INFO - Reconstruction loss: 8.937369048595428.
2026-08-14 20:07:47,663 - INFO - [1;32mepoch 557 training[0m [[1;34mtime[0m: 0.31s, [1;34mtrain loss[0m: 14.4421, [1;34mreconstruction loss[0m: 8.9337]
2026-08-14 20:07:47,663 - INFO - Epoch 558/1000
2026-08-14 20:07:47,663 - INFO - Train loss: 14.442052602767944.
2026-08-14 20:07:47,663 - INFO - Reconstruction loss: 8.933700680732727.
2026-08-14 20:07:47,989 - INFO - [1;32mepoch 558 training[0m [[1;34mtime[0m: 0.33s, [1;34mtrain loss[0m: 14.4371, [1;34mreconstruction loss[0m: 8.9332]
2026-08-14 20:07:47,989 - INFO - Epoch 559/1000
2026-08-14 20:07:47,989 - INFO - Train loss: 14.437076210975647.
2026-08-14 20:07:47,989 - INFO - Reconstruction loss: 8.933239042758942.
2026-08-14 20:07:48,307 - INFO - [1;32mepoch 559 training[0m [[1;34mtime[0m: 0.32s, [1;34mtrain loss[0m: 14.4432, [1;34mreconstruction loss[0m: 8.9497]
2026-08-14 20:07:48,307 - INFO - Epoch 560/1000
2026-08-14 20:07:48,307 - INFO - Train loss: 14.443184494972229.
2026-08-14 20:07:48,307 - INFO - Reconstruction loss: 8.949725687503815.
2026-08-14 20:07:48,544 - INFO - [1;32mepoch 559 evaluating[0m [[1;34mtime[0m: 0.24s, [1;34mcollision_rate[0m: 0.129913]
2026-08-14 20:07:48,575 - INFO - [1;34mSaving current[0m: ./ckpt/Instruments/Aug-14-2026_20-04-16_beta_1.000_codebook_[64,128,256]_sk_0.000/epoch_559_collision_0.1299_model.pth
2026-08-14 20:07:48,579 - INFO - Collision_rate: 0.1299133239266277.
2026-08-14 20:07:48,880 - INFO - [1;32mepoch 560 training[0m [[1;34mtime[0m: 0.30s, [1;34mtrain loss[0m: 14.4308, [1;34mreconstruction loss[0m: 8.9320]
2026-08-14 20:07:48,880 - INFO - Epoch 561/1000
2026-08-14 20:07:48,880 - INFO - Train loss: 14.430807948112488.
2026-08-14 20:07:48,880 - INFO - Reconstruction loss: 8.932032227516174.
2026-08-14 20:07:49,175 - INFO - [1;32mepoch 561 training[0m [[1;34mtime[0m: 0.29s, [1;34mtrain loss[0m: 14.5002, [1;34mreconstruction loss[0m: 8.9311]
2026-08-14 20:07:49,175 - INFO - Epoch 562/1000
2026-08-14 20:07:49,175 - INFO - Train loss: 14.500229597091675.
2026-08-14 20:07:49,175 - INFO - Reconstruction loss: 8.931069254875183.
2026-08-14 20:07:49,480 - INFO - [1;32mepoch 562 training[0m [[1;34mtime[0m: 0.30s, [1;34mtrain loss[0m: 14.4298, [1;34mreconstruction loss[0m: 8.9504]
2026-08-14 20:07:49,480 - INFO - Epoch 563/1000
2026-08-14 20:07:49,480 - INFO - Train loss: 14.429830312728882.
2026-08-14 20:07:49,480 - INFO - Reconstruction loss: 8.950446546077728.
2026-08-14 20:07:49,780 - INFO - [1;32mepoch 563 training[0m [[1;34mtime[0m: 0.30s, [1;34mtrain loss[0m: 14.4543, [1;34mreconstruction loss[0m: 8.9242]
2026-08-14 20:07:49,781 - INFO - Epoch 564/1000
2026-08-14 20:07:49,781 - INFO - Train loss: 14.454254269599915.
2026-08-14 20:07:49,781 - INFO - Reconstruction loss: 8.924152612686157.
2026-08-14 20:07:50,065 - INFO - [1;32mepoch 564 training[0m [[1;34mtime[0m: 0.28s, [1;34mtrain loss[0m: 14.4601, [1;34mreconstruction loss[0m: 8.9503]
2026-08-14 20:07:50,065 - INFO - Epoch 565/1000
2026-08-14 20:07:50,065 - INFO - Train loss: 14.460095882415771.
2026-08-14 20:07:50,065 - INFO - Reconstruction loss: 8.950330376625061.
2026-08-14 20:07:50,317 - INFO - [1;32mepoch 564 evaluating[0m [[1;34mtime[0m: 0.25s, [1;34mcollision_rate[0m: 0.128704]
2026-08-14 20:07:50,344 - INFO - [1;34mSaving current[0m: ./ckpt/Instruments/Aug-14-2026_20-04-16_beta_1.000_codebook_[64,128,256]_sk_0.000/epoch_564_collision_0.1287_model.pth
2026-08-14 20:07:50,348 - INFO - Collision_rate: 0.12870389034468857.
2026-08-14 20:07:50,650 - INFO - [1;32mepoch 565 training[0m [[1;34mtime[0m: 0.30s, [1;34mtrain loss[0m: 14.4008, [1;34mreconstruction loss[0m: 8.9319]
2026-08-14 20:07:50,650 - INFO - Epoch 566/1000
2026-08-14 20:07:50,650 - INFO - Train loss: 14.400766730308533.
2026-08-14 20:07:50,650 - INFO - Reconstruction loss: 8.931902766227722.
2026-08-14 20:07:50,953 - INFO - [1;32mepoch 566 training[0m [[1;34mtime[0m: 0.30s, [1;34mtrain loss[0m: 14.4308, [1;34mreconstruction loss[0m: 8.9233]
2026-08-14 20:07:50,953 - INFO - Epoch 567/1000
2026-08-14 20:07:50,953 - INFO - Train loss: 14.430801272392273.
2026-08-14 20:07:50,953 - INFO - Reconstruction loss: 8.923341751098633.
2026-08-14 20:07:51,235 - INFO - [1;32mepoch 567 training[0m [[1;34mtime[0m: 0.28s, [1;34mtrain loss[0m: 14.4238, [1;34mreconstruction loss[0m: 8.9178]
2026-08-14 20:07:51,235 - INFO - Epoch 568/1000
2026-08-14 20:07:51,235 - INFO - Train loss: 14.423802018165588.
2026-08-14 20:07:51,235 - INFO - Reconstruction loss: 8.917766153812408.
2026-08-14 20:07:51,540 - INFO - [1;32mepoch 568 training[0m [[1;34mtime[0m: 0.30s, [1;34mtrain loss[0m: 14.4215, [1;34mreconstruction loss[0m: 8.9204]
2026-08-14 20:07:51,540 - INFO - Epoch 569/1000
2026-08-14 20:07:51,540 - INFO - Train loss: 14.421548247337341.
2026-08-14 20:07:51,540 - INFO - Reconstruction loss: 8.92038631439209.
2026-08-14 20:07:51,826 - INFO - [1;32mepoch 569 training[0m [[1;34mtime[0m: 0.29s, [1;34mtrain loss[0m: 14.4507, [1;34mreconstruction loss[0m: 8.9215]
2026-08-14 20:07:51,826 - INFO - Epoch 570/1000
2026-08-14 20:07:51,826 - INFO - Train loss: 14.450739860534668.
2026-08-14 20:07:51,826 - INFO - Reconstruction loss: 8.921494722366333.
2026-08-14 20:07:52,076 - INFO - [1;32mepoch 569 evaluating[0m [[1;34mtime[0m: 0.25s, [1;34mcollision_rate[0m: 0.124572]
2026-08-14 20:07:52,103 - INFO - [1;34mSaving current[0m: ./ckpt/Instruments/Aug-14-2026_20-04-16_beta_1.000_codebook_[64,128,256]_sk_0.000/epoch_569_collision_0.1246_model.pth
2026-08-14 20:07:52,107 - INFO - Collision_rate: 0.12457165893972989.
2026-08-14 20:07:52,419 - INFO - [1;32mepoch 570 training[0m [[1;34mtime[0m: 0.31s, [1;34mtrain loss[0m: 14.4393, [1;34mreconstruction loss[0m: 8.9109]
2026-08-14 20:07:52,419 - INFO - Epoch 571/1000
2026-08-14 20:07:52,419 - INFO - Train loss: 14.439262509346008.
2026-08-14 20:07:52,419 - INFO - Reconstruction loss: 8.910861849784851.
2026-08-14 20:07:52,725 - INFO - [1;32mepoch 571 training[0m [[1;34mtime[0m: 0.31s, [1;34mtrain loss[0m: 14.3881, [1;34mreconstruction loss[0m: 8.9217]
2026-08-14 20:07:52,726 - INFO - Epoch 572/1000
2026-08-14 20:07:52,726 - INFO - Train loss: 14.388095259666443.
2026-08-14 20:07:52,726 - INFO - Reconstruction loss: 8.921689689159393.
2026-08-14 20:07:53,038 - INFO - [1;32mepoch 572 training[0m [[1;34mtime[0m: 0.31s, [1;34mtrain loss[0m: 14.4292, [1;34mreconstruction loss[0m: 8.9286]
2026-08-14 20:07:53,038 - INFO - Epoch 573/1000
2026-08-14 20:07:53,038 - INFO - Train loss: 14.429156422615051.
2026-08-14 20:07:53,038 - INFO - Reconstruction loss: 8.928578615188599.
2026-08-14 20:07:53,333 - INFO - [1;32mepoch 573 training[0m [[1;34mtime[0m: 0.29s, [1;34mtrain loss[0m: 14.4389, [1;34mreconstruction loss[0m: 8.9116]
2026-08-14 20:07:53,333 - INFO - Epoch 574/1000
2026-08-14 20:07:53,333 - INFO - Train loss: 14.43889582157135.
2026-08-14 20:07:53,333 - INFO - Reconstruction loss: 8.911552429199219.
2026-08-14 20:07:53,621 - INFO - [1;32mepoch 574 training[0m [[1;34mtime[0m: 0.29s, [1;34mtrain loss[0m: 14.4228, [1;34mreconstruction loss[0m: 8.9154]
2026-08-14 20:07:53,621 - INFO - Epoch 575/1000
2026-08-14 20:07:53,621 - INFO - Train loss: 14.422832012176514.
2026-08-14 20:07:53,621 - INFO - Reconstruction loss: 8.915414154529572.
2026-08-14 20:07:53,875 - INFO - [1;32mepoch 574 evaluating[0m [[1;34mtime[0m: 0.25s, [1;34mcollision_rate[0m: 0.127394]
2026-08-14 20:07:53,904 - INFO - [1;34mSaving current[0m: ./ckpt/Instruments/Aug-14-2026_20-04-16_beta_1.000_codebook_[64,128,256]_sk_0.000/epoch_574_collision_0.1274_model.pth
2026-08-14 20:07:53,908 - INFO - Collision_rate: 0.1273936706309212.
2026-08-14 20:07:54,204 - INFO - [1;32mepoch 575 training[0m [[1;34mtime[0m: 0.30s, [1;34mtrain loss[0m: 14.4242, [1;34mreconstruction loss[0m: 8.9126]
2026-08-14 20:07:54,204 - INFO - Epoch 576/1000
2026-08-14 20:07:54,204 - INFO - Train loss: 14.424249172210693.
2026-08-14 20:07:54,204 - INFO - Reconstruction loss: 8.912593483924866.
2026-08-14 20:07:54,504 - INFO - [1;32mepoch 576 training[0m [[1;34mtime[0m: 0.30s, [1;34mtrain loss[0m: 14.4305, [1;34mreconstruction loss[0m: 8.9240]
2026-08-14 20:07:54,504 - INFO - Epoch 577/1000
2026-08-14 20:07:54,504 - INFO - Train loss: 14.430464386940002.
2026-08-14 20:07:54,504 - INFO - Reconstruction loss: 8.923962831497192.
2026-08-14 20:07:54,812 - INFO - [1;32mepoch 577 training[0m [[1;34mtime[0m: 0.31s, [1;34mtrain loss[0m: 14.4434, [1;34mreconstruction loss[0m: 8.9229]
2026-08-14 20:07:54,812 - INFO - Epoch 578/1000
2026-08-14 20:07:54,812 - INFO - Train loss: 14.443370699882507.
2026-08-14 20:07:54,812 - INFO - Reconstruction loss: 8.922943949699402.
2026-08-14 20:07:55,128 - INFO - [1;32mepoch 578 training[0m [[1;34mtime[0m: 0.32s, [1;34mtrain loss[0m: 14.4661, [1;34mreconstruction loss[0m: 8.9272]
2026-08-14 20:07:55,128 - INFO - Epoch 579/1000
2026-08-14 20:07:55,128 - INFO - Train loss: 14.46605098247528.
2026-08-14 20:07:55,128 - INFO - Reconstruction loss: 8.927190959453583.
2026-08-14 20:07:55,430 - INFO - [1;32mepoch 579 training[0m [[1;34mtime[0m: 0.30s, [1;34mtrain loss[0m: 14.4597, [1;34mreconstruction loss[0m: 8.9255]
2026-08-14 20:07:55,430 - INFO - Epoch 580/1000
2026-08-14 20:07:55,430 - INFO - Train loss: 14.459738612174988.
2026-08-14 20:07:55,430 - INFO - Reconstruction loss: 8.925528228282928.
2026-08-14 20:07:55,683 - INFO - [1;32mepoch 579 evaluating[0m [[1;34mtime[0m: 0.25s, [1;34mcollision_rate[0m: 0.126890]
2026-08-14 20:07:55,712 - INFO - [1;34mSaving current[0m: ./ckpt/Instruments/Aug-14-2026_20-04-16_beta_1.000_codebook_[64,128,256]_sk_0.000/epoch_579_collision_0.1269_model.pth
2026-08-14 20:07:55,716 - INFO - Collision_rate: 0.12688973997177988.
2026-08-14 20:07:56,025 - INFO - [1;32mepoch 580 training[0m [[1;34mtime[0m: 0.31s, [1;34mtrain loss[0m: 14.5002, [1;34mreconstruction loss[0m: 8.9134]
2026-08-14 20:07:56,025 - INFO - Epoch 581/1000
2026-08-14 20:07:56,025 - INFO - Train loss: 14.50023102760315.
2026-08-14 20:07:56,025 - INFO - Reconstruction loss: 8.913354456424713.
2026-08-14 20:07:56,326 - INFO - [1;32mepoch 581 training[0m [[1;34mtime[0m: 0.30s, [1;34mtrain loss[0m: 14.4917, [1;34mreconstruction loss[0m: 8.9385]
2026-08-14 20:07:56,327 - INFO - Epoch 582/1000
2026-08-14 20:07:56,327 - INFO - Train loss: 14.491688847541809.
2026-08-14 20:07:56,327 - INFO - Reconstruction loss: 8.93852412700653.
2026-08-14 20:07:56,660 - INFO - [1;32mepoch 582 training[0m [[1;34mtime[0m: 0.33s, [1;34mtrain loss[0m: 14.5334, [1;34mreconstruction loss[0m: 8.9422]
2026-08-14 20:07:56,660 - INFO - Epoch 583/1000
2026-08-14 20:07:56,660 - INFO - Train loss: 14.533405780792236.
2026-08-14 20:07:56,660 - INFO - Reconstruction loss: 8.942245423793793.
2026-08-14 20:07:56,966 - INFO - [1;32mepoch 583 training[0m [[1;34mtime[0m: 0.31s, [1;34mtrain loss[0m: 14.4643, [1;34mreconstruction loss[0m: 8.9212]
2026-08-14 20:07:56,966 - INFO - Epoch 584/1000
2026-08-14 20:07:56,966 - INFO - Train loss: 14.464258670806885.
2026-08-14 20:07:56,966 - INFO - Reconstruction loss: 8.92118126153946.
2026-08-14 20:07:57,269 - INFO - [1;32mepoch 584 training[0m [[1;34mtime[0m: 0.30s, [1;34mtrain loss[0m: 14.5157, [1;34mreconstruction loss[0m: 8.9244]
2026-08-14 20:07:57,269 - INFO - Epoch 585/1000
2026-08-14 20:07:57,269 - INFO - Train loss: 14.515722632408142.
2026-08-14 20:07:57,269 - INFO - Reconstruction loss: 8.924382269382477.
2026-08-14 20:07:57,544 - INFO - [1;32mepoch 584 evaluating[0m [[1;34mtime[0m: 0.27s, [1;34mcollision_rate[0m: 0.131022]
2026-08-14 20:07:57,572 - INFO - [1;34mSaving current[0m: ./ckpt/Instruments/Aug-14-2026_20-04-16_beta_1.000_codebook_[64,128,256]_sk_0.000/epoch_584_collision_0.1310_model.pth
2026-08-14 20:07:57,575 - INFO - Collision_rate: 0.13102197137673857.
2026-08-14 20:07:57,886 - INFO - [1;32mepoch 585 training[0m [[1;34mtime[0m: 0.31s, [1;34mtrain loss[0m: 14.4995, [1;34mreconstruction loss[0m: 8.9189]
2026-08-14 20:07:57,886 - INFO - Epoch 586/1000
2026-08-14 20:07:57,886 - INFO - Train loss: 14.499510049819946.
2026-08-14 20:07:57,886 - INFO - Reconstruction loss: 8.9188831448555.
2026-08-14 20:07:58,191 - INFO - [1;32mepoch 586 training[0m [[1;34mtime[0m: 0.31s, [1;34mtrain loss[0m: 14.4320, [1;34mreconstruction loss[0m: 8.9106]
2026-08-14 20:07:58,191 - INFO - Epoch 587/1000
2026-08-14 20:07:58,191 - INFO - Train loss: 14.431999802589417.
2026-08-14 20:07:58,192 - INFO - Reconstruction loss: 8.910560369491577.
2026-08-14 20:07:58,507 - INFO - [1;32mepoch 587 training[0m [[1;34mtime[0m: 0.31s, [1;34mtrain loss[0m: 14.4298, [1;34mreconstruction loss[0m: 8.9035]
2026-08-14 20:07:58,507 - INFO - Epoch 588/1000
2026-08-14 20:07:58,507 - INFO - Train loss: 14.429776072502136.
2026-08-14 20:07:58,507 - INFO - Reconstruction loss: 8.903461992740631.
2026-08-14 20:07:58,816 - INFO - [1;32mepoch 588 training[0m [[1;34mtime[0m: 0.31s, [1;34mtrain loss[0m: 14.4251, [1;34mreconstruction loss[0m: 8.9055]
2026-08-14 20:07:58,816 - INFO - Epoch 589/1000
2026-08-14 20:07:58,816 - INFO - Train loss: 14.425063252449036.
2026-08-14 20:07:58,816 - INFO - Reconstruction loss: 8.905537903308868.
2026-08-14 20:07:59,138 - INFO - [1;32mepoch 589 training[0m [[1;34mtime[0m: 0.32s, [1;34mtrain loss[0m: 14.4443, [1;34mreconstruction loss[0m: 8.9072]
2026-08-14 20:07:59,139 - INFO - Epoch 590/1000
2026-08-14 20:07:59,139 - INFO - Train loss: 14.444335699081421.
2026-08-14 20:07:59,139 - INFO - Reconstruction loss: 8.907219350337982.
2026-08-14 20:07:59,394 - INFO - [1;32mepoch 589 evaluating[0m [[1;34mtime[0m: 0.25s, [1;34mcollision_rate[0m: 0.127797]
2026-08-14 20:07:59,424 - INFO - [1;34mSaving current[0m: ./ckpt/Instruments/Aug-14-2026_20-04-16_beta_1.000_codebook_[64,128,256]_sk_0.000/epoch_589_collision_0.1278_model.pth
2026-08-14 20:07:59,428 - INFO - Collision_rate: 0.12779681515823424.
2026-08-14 20:07:59,727 - INFO - [1;32mepoch 590 training[0m [[1;34mtime[0m: 0.30s, [1;34mtrain loss[0m: 14.4505, [1;34mreconstruction loss[0m: 8.9162]
2026-08-14 20:07:59,727 - INFO - Epoch 591/1000
2026-08-14 20:07:59,727 - INFO - Train loss: 14.450483202934265.
2026-08-14 20:07:59,727 - INFO - Reconstruction loss: 8.916153907775879.
2026-08-14 20:08:00,028 - INFO - [1;32mepoch 591 training[0m [[1;34mtime[0m: 0.30s, [1;34mtrain loss[0m: 14.4634, [1;34mreconstruction loss[0m: 8.9090]
2026-08-14 20:08:00,029 - INFO - Epoch 592/1000
2026-08-14 20:08:00,029 - INFO - Train loss: 14.46337628364563.
2026-08-14 20:08:00,029 - INFO - Reconstruction loss: 8.908979177474976.
2026-08-14 20:08:00,307 - INFO - [1;32mepoch 592 training[0m [[1;34mtime[0m: 0.28s, [1;34mtrain loss[0m: 14.4855, [1;34mreconstruction loss[0m: 8.9080]
2026-08-14 20:08:00,307 - INFO - Epoch 593/1000
2026-08-14 20:08:00,307 - INFO - Train loss: 14.485548615455627.
2026-08-14 20:08:00,307 - INFO - Reconstruction loss: 8.9080091714859.
2026-08-14 20:08:00,620 - INFO - [1;32mepoch 593 training[0m [[1;34mtime[0m: 0.31s, [1;34mtrain loss[0m: 14.4372, [1;34mreconstruction loss[0m: 8.9135]
2026-08-14 20:08:00,620 - INFO - Epoch 594/1000
2026-08-14 20:08:00,620 - INFO - Train loss: 14.437225222587585.
2026-08-14 20:08:00,620 - INFO - Reconstruction loss: 8.9135040640831.
2026-08-14 20:08:00,928 - INFO - [1;32mepoch 594 training[0m [[1;34mtime[0m: 0.31s, [1;34mtrain loss[0m: 14.4404, [1;34mreconstruction loss[0m: 8.9103]
2026-08-14 20:08:00,928 - INFO - Epoch 595/1000
2026-08-14 20:08:00,929 - INFO - Train loss: 14.440412998199463.
2026-08-14 20:08:00,929 - INFO - Reconstruction loss: 8.910262048244476.
2026-08-14 20:08:01,180 - INFO - [1;32mepoch 594 evaluating[0m [[1;34mtime[0m: 0.25s, [1;34mcollision_rate[0m: 0.128603]
2026-08-14 20:08:01,210 - INFO - [1;34mSaving current[0m: ./ckpt/Instruments/Aug-14-2026_20-04-16_beta_1.000_codebook_[64,128,256]_sk_0.000/epoch_594_collision_0.1286_model.pth
2026-08-14 20:08:01,214 - INFO - Collision_rate: 0.1286031042128603.
2026-08-14 20:08:01,519 - INFO - [1;32mepoch 595 training[0m [[1;34mtime[0m: 0.31s, [1;34mtrain loss[0m: 14.4136, [1;34mreconstruction loss[0m: 8.8845]
2026-08-14 20:08:01,519 - INFO - Epoch 596/1000
2026-08-14 20:08:01,519 - INFO - Train loss: 14.41361153125763.
2026-08-14 20:08:01,519 - INFO - Reconstruction loss: 8.884528756141663.
2026-08-14 20:08:01,825 - INFO - [1;32mepoch 596 training[0m [[1;34mtime[0m: 0.31s, [1;34mtrain loss[0m: 14.4518, [1;34mreconstruction loss[0m: 8.9059]
2026-08-14 20:08:01,826 - INFO - Epoch 597/1000
2026-08-14 20:08:01,826 - INFO - Train loss: 14.45177936553955.
2026-08-14 20:08:01,826 - INFO - Reconstruction loss: 8.905876815319061.
2026-08-14 20:08:02,145 - INFO - [1;32mepoch 597 training[0m [[1;34mtime[0m: 0.32s, [1;34mtrain loss[0m: 14.4450, [1;34mreconstruction loss[0m: 8.8873]
2026-08-14 20:08:02,145 - INFO - Epoch 598/1000
2026-08-14 20:08:02,145 - INFO - Train loss: 14.445022821426392.
2026-08-14 20:08:02,145 - INFO - Reconstruction loss: 8.887317597866058.
2026-08-14 20:08:02,444 - INFO - [1;32mepoch 598 training[0m [[1;34mtime[0m: 0.30s, [1;34mtrain loss[0m: 14.4502, [1;34mreconstruction loss[0m: 8.8924]
2026-08-14 20:08:02,444 - INFO - Epoch 599/1000
2026-08-14 20:08:02,445 - INFO - Train loss: 14.450231432914734.
2026-08-14 20:08:02,445 - INFO - Reconstruction loss: 8.892413020133972.
2026-08-14 20:08:02,740 - INFO - [1;32mepoch 599 training[0m [[1;34mtime[0m: 0.30s, [1;34mtrain loss[0m: 14.5115, [1;34mreconstruction loss[0m: 8.9009]
2026-08-14 20:08:02,740 - INFO - Epoch 600/1000
2026-08-14 20:08:02,740 - INFO - Train loss: 14.51148009300232.
2026-08-14 20:08:02,740 - INFO - Reconstruction loss: 8.900903344154358.
2026-08-14 20:08:02,993 - INFO - [1;32mepoch 599 evaluating[0m [[1;34mtime[0m: 0.25s, [1;34mcollision_rate[0m: 0.125680]
2026-08-14 20:08:03,023 - INFO - [1;34mSaving current[0m: ./ckpt/Instruments/Aug-14-2026_20-04-16_beta_1.000_codebook_[64,128,256]_sk_0.000/epoch_599_collision_0.1257_model.pth
2026-08-14 20:08:03,027 - INFO - Collision_rate: 0.12568030638984076.
2026-08-14 20:08:03,331 - INFO - [1;32mepoch 600 training[0m [[1;34mtime[0m: 0.30s, [1;34mtrain loss[0m: 14.4195, [1;34mreconstruction loss[0m: 8.9027]
2026-08-14 20:08:03,332 - INFO - Epoch 601/1000
2026-08-14 20:08:03,332 - INFO - Train loss: 14.419476747512817.
2026-08-14 20:08:03,332 - INFO - Reconstruction loss: 8.902716159820557.
2026-08-14 20:08:03,637 - INFO - [1;32mepoch 601 training[0m [[1;34mtime[0m: 0.31s, [1;34mtrain loss[0m: 14.4579, [1;34mreconstruction loss[0m: 8.8824]
2026-08-14 20:08:03,637 - INFO - Epoch 602/1000
2026-08-14 20:08:03,637 - INFO - Train loss: 14.457872033119202.
2026-08-14 20:08:03,637 - INFO - Reconstruction loss: 8.882441341876984.
2026-08-14 20:08:03,943 - INFO - [1;32mepoch 602 training[0m [[1;34mtime[0m: 0.31s, [1;34mtrain loss[0m: 14.4480, [1;34mreconstruction loss[0m: 8.8795]
2026-08-14 20:08:03,943 - INFO - Epoch 603/1000
2026-08-14 20:08:03,943 - INFO - Train loss: 14.447976350784302.
2026-08-14 20:08:03,943 - INFO - Reconstruction loss: 8.879528403282166.
2026-08-14 20:08:04,239 - INFO - [1;32mepoch 603 training[0m [[1;34mtime[0m: 0.30s, [1;34mtrain loss[0m: 14.4943, [1;34mreconstruction loss[0m: 8.8950]
2026-08-14 20:08:04,240 - INFO - Epoch 604/1000
2026-08-14 20:08:04,240 - INFO - Train loss: 14.494292616844177.
2026-08-14 20:08:04,240 - INFO - Reconstruction loss: 8.89497971534729.
2026-08-14 20:08:04,552 - INFO - [1;32mepoch 604 training[0m [[1;34mtime[0m: 0.31s, [1;34mtrain loss[0m: 14.5011, [1;34mreconstruction loss[0m: 8.8901]
2026-08-14 20:08:04,552 - INFO - Epoch 605/1000
2026-08-14 20:08:04,552 - INFO - Train loss: 14.501123428344727.
2026-08-14 20:08:04,552 - INFO - Reconstruction loss: 8.89013546705246.
2026-08-14 20:08:04,805 - INFO - [1;32mepoch 604 evaluating[0m [[1;34mtime[0m: 0.25s, [1;34mcollision_rate[0m: 0.123261]
2026-08-14 20:08:04,833 - INFO - [1;34mSaving current[0m: ./ckpt/Instruments/Aug-14-2026_20-04-16_beta_1.000_codebook_[64,128,256]_sk_0.000/epoch_604_collision_0.1233_model.pth
2026-08-14 20:08:04,837 - INFO - Collision_rate: 0.12326143922596251.
2026-08-14 20:08:05,147 - INFO - [1;32mepoch 605 training[0m [[1;34mtime[0m: 0.31s, [1;34mtrain loss[0m: 14.5133, [1;34mreconstruction loss[0m: 8.8949]
2026-08-14 20:08:05,147 - INFO - Epoch 606/1000
2026-08-14 20:08:05,147 - INFO - Train loss: 14.51332712173462.
2026-08-14 20:08:05,147 - INFO - Reconstruction loss: 8.894916772842407.
2026-08-14 20:08:05,460 - INFO - [1;32mepoch 606 training[0m [[1;34mtime[0m: 0.31s, [1;34mtrain loss[0m: 14.5177, [1;34mreconstruction loss[0m: 8.8955]
2026-08-14 20:08:05,460 - INFO - Epoch 607/1000
2026-08-14 20:08:05,460 - INFO - Train loss: 14.517712712287903.
2026-08-14 20:08:05,460 - INFO - Reconstruction loss: 8.895508527755737.
2026-08-14 20:08:05,748 - INFO - [1;32mepoch 607 training[0m [[1;34mtime[0m: 0.29s, [1;34mtrain loss[0m: 14.5226, [1;34mreconstruction loss[0m: 8.8831]
2026-08-14 20:08:05,748 - INFO - Epoch 608/1000
2026-08-14 20:08:05,748 - INFO - Train loss: 14.522647023200989.
2026-08-14 20:08:05,748 - INFO - Reconstruction loss: 8.88305389881134.
2026-08-14 20:08:06,049 - INFO - [1;32mepoch 608 training[0m [[1;34mtime[0m: 0.30s, [1;34mtrain loss[0m: 14.5404, [1;34mreconstruction loss[0m: 8.8927]
2026-08-14 20:08:06,049 - INFO - Epoch 609/1000
2026-08-14 20:08:06,049 - INFO - Train loss: 14.540420651435852.
2026-08-14 20:08:06,049 - INFO - Reconstruction loss: 8.892682611942291.
2026-08-14 20:08:06,354 - INFO - [1;32mepoch 609 training[0m [[1;34mtime[0m: 0.30s, [1;34mtrain loss[0m: 14.5574, [1;34mreconstruction loss[0m: 8.8821]
2026-08-14 20:08:06,354 - INFO - Epoch 610/1000
2026-08-14 20:08:06,354 - INFO - Train loss: 14.557427763938904.
2026-08-14 20:08:06,354 - INFO - Reconstruction loss: 8.882092535495758.
2026-08-14 20:08:06,615 - INFO - [1;32mepoch 609 evaluating[0m [[1;34mtime[0m: 0.26s, [1;34mcollision_rate[0m: 0.130518]
2026-08-14 20:08:06,644 - INFO - [1;34mSaving current[0m: ./ckpt/Instruments/Aug-14-2026_20-04-16_beta_1.000_codebook_[64,128,256]_sk_0.000/epoch_609_collision_0.1305_model.pth
2026-08-14 20:08:06,649 - INFO - Collision_rate: 0.13051804071759726.
2026-08-14 20:08:06,955 - INFO - [1;32mepoch 610 training[0m [[1;34mtime[0m: 0.31s, [1;34mtrain loss[0m: 14.4980, [1;34mreconstruction loss[0m: 8.8784]
2026-08-14 20:08:06,956 - INFO - Epoch 611/1000
2026-08-14 20:08:06,956 - INFO - Train loss: 14.497987389564514.
2026-08-14 20:08:06,956 - INFO - Reconstruction loss: 8.878354728221893.
2026-08-14 20:08:07,281 - INFO - [1;32mepoch 611 training[0m [[1;34mtime[0m: 0.33s, [1;34mtrain loss[0m: 14.5718, [1;34mreconstruction loss[0m: 8.8896]
2026-08-14 20:08:07,281 - INFO - Epoch 612/1000
2026-08-14 20:08:07,281 - INFO - Train loss: 14.57178807258606.
2026-08-14 20:08:07,281 - INFO - Reconstruction loss: 8.889636039733887.
2026-08-14 20:08:07,592 - INFO - [1;32mepoch 612 training[0m [[1;34mtime[0m: 0.31s, [1;34mtrain loss[0m: 14.5313, [1;34mreconstruction loss[0m: 8.8836]
2026-08-14 20:08:07,592 - INFO - Epoch 613/1000
2026-08-14 20:08:07,592 - INFO - Train loss: 14.531325101852417.
2026-08-14 20:08:07,592 - INFO - Reconstruction loss: 8.883631587028503.
2026-08-14 20:08:07,898 - INFO - [1;32mepoch 613 training[0m [[1;34mtime[0m: 0.31s, [1;34mtrain loss[0m: 14.5423, [1;34mreconstruction loss[0m: 8.9006]
2026-08-14 20:08:07,898 - INFO - Epoch 614/1000
2026-08-14 20:08:07,898 - INFO - Train loss: 14.542320489883423.
2026-08-14 20:08:07,898 - INFO - Reconstruction loss: 8.900552690029144.
2026-08-14 20:08:08,226 - INFO - [1;32mepoch 614 training[0m [[1;34mtime[0m: 0.33s, [1;34mtrain loss[0m: 14.4956, [1;34mreconstruction loss[0m: 8.8747]
2026-08-14 20:08:08,226 - INFO - Epoch 615/1000
2026-08-14 20:08:08,226 - INFO - Train loss: 14.49560272693634.
2026-08-14 20:08:08,226 - INFO - Reconstruction loss: 8.874653339385986.
2026-08-14 20:08:08,483 - INFO - [1;32mepoch 614 evaluating[0m [[1;34mtime[0m: 0.26s, [1;34mcollision_rate[0m: 0.127898]
2026-08-14 20:08:08,513 - INFO - [1;34mSaving current[0m: ./ckpt/Instruments/Aug-14-2026_20-04-16_beta_1.000_codebook_[64,128,256]_sk_0.000/epoch_614_collision_0.1279_model.pth
2026-08-14 20:08:08,517 - INFO - Collision_rate: 0.12789760129006247.
2026-08-14 20:08:08,832 - INFO - [1;32mepoch 615 training[0m [[1;34mtime[0m: 0.32s, [1;34mtrain loss[0m: 14.4898, [1;34mreconstruction loss[0m: 8.8934]
2026-08-14 20:08:08,832 - INFO - Epoch 616/1000
2026-08-14 20:08:08,832 - INFO - Train loss: 14.489846348762512.
2026-08-14 20:08:08,832 - INFO - Reconstruction loss: 8.893442809581757.
2026-08-14 20:08:09,145 - INFO - [1;32mepoch 616 training[0m [[1;34mtime[0m: 0.31s, [1;34mtrain loss[0m: 14.5201, [1;34mreconstruction loss[0m: 8.8858]
2026-08-14 20:08:09,145 - INFO - Epoch 617/1000
2026-08-14 20:08:09,145 - INFO - Train loss: 14.520096063613892.
2026-08-14 20:08:09,145 - INFO - Reconstruction loss: 8.885846674442291.
2026-08-14 20:08:09,458 - INFO - [1;32mepoch 617 training[0m [[1;34mtime[0m: 0.31s, [1;34mtrain loss[0m: 14.5133, [1;34mreconstruction loss[0m: 8.8708]
2026-08-14 20:08:09,458 - INFO - Epoch 618/1000
2026-08-14 20:08:09,458 - INFO - Train loss: 14.51331377029419.
2026-08-14 20:08:09,458 - INFO - Reconstruction loss: 8.87080693244934.
2026-08-14 20:08:09,761 - INFO - [1;32mepoch 618 training[0m [[1;34mtime[0m: 0.30s, [1;34mtrain loss[0m: 14.4871, [1;34mreconstruction loss[0m: 8.8932]
2026-08-14 20:08:09,761 - INFO - Epoch 619/1000
2026-08-14 20:08:09,761 - INFO - Train loss: 14.487065315246582.
2026-08-14 20:08:09,761 - INFO - Reconstruction loss: 8.893154799938202.
2026-08-14 20:08:10,075 - INFO - [1;32mepoch 619 training[0m [[1;34mtime[0m: 0.31s, [1;34mtrain loss[0m: 14.5744, [1;34mreconstruction loss[0m: 8.8958]
2026-08-14 20:08:10,076 - INFO - Epoch 620/1000
2026-08-14 20:08:10,076 - INFO - Train loss: 14.574386477470398.
2026-08-14 20:08:10,076 - INFO - Reconstruction loss: 8.895764887332916.
2026-08-14 20:08:10,332 - INFO - [1;32mepoch 619 evaluating[0m [[1;34mtime[0m: 0.26s, [1;34mcollision_rate[0m: 0.131324]
2026-08-14 20:08:10,361 - INFO - [1;34mSaving current[0m: ./ckpt/Instruments/Aug-14-2026_20-04-16_beta_1.000_codebook_[64,128,256]_sk_0.000/epoch_619_collision_0.1313_model.pth
2026-08-14 20:08:10,365 - INFO - Collision_rate: 0.13132432977222333.
2026-08-14 20:08:10,678 - INFO - [1;32mepoch 620 training[0m [[1;34mtime[0m: 0.31s, [1;34mtrain loss[0m: 14.5160, [1;34mreconstruction loss[0m: 8.8832]
2026-08-14 20:08:10,678 - INFO - Epoch 621/1000
2026-08-14 20:08:10,678 - INFO - Train loss: 14.516018390655518.
2026-08-14 20:08:10,678 - INFO - Reconstruction loss: 8.88323563337326.
2026-08-14 20:08:10,986 - INFO - [1;32mepoch 621 training[0m [[1;34mtime[0m: 0.31s, [1;34mtrain loss[0m: 14.4943, [1;34mreconstruction loss[0m: 8.8879]
2026-08-14 20:08:10,987 - INFO - Epoch 622/1000
2026-08-14 20:08:10,987 - INFO - Train loss: 14.494295477867126.
2026-08-14 20:08:10,987 - INFO - Reconstruction loss: 8.8878675699234.
2026-08-14 20:08:11,277 - INFO - [1;32mepoch 622 training[0m [[1;34mtime[0m: 0.29s, [1;34mtrain loss[0m: 14.5183, [1;34mreconstruction loss[0m: 8.8901]
2026-08-14 20:08:11,277 - INFO - Epoch 623/1000
2026-08-14 20:08:11,277 - INFO - Train loss: 14.518270373344421.
2026-08-14 20:08:11,277 - INFO - Reconstruction loss: 8.890108168125153.
2026-08-14 20:08:11,576 - INFO - [1;32mepoch 623 training[0m [[1;34mtime[0m: 0.30s, [1;34mtrain loss[0m: 14.5749, [1;34mreconstruction loss[0m: 8.8888]
2026-08-14 20:08:11,576 - INFO - Epoch 624/1000
2026-08-14 20:08:11,577 - INFO - Train loss: 14.574929237365723.
2026-08-14 20:08:11,577 - INFO - Reconstruction loss: 8.88880056142807.
2026-08-14 20:08:11,873 - INFO - [1;32mepoch 624 training[0m [[1;34mtime[0m: 0.30s, [1;34mtrain loss[0m: 14.4789, [1;34mreconstruction loss[0m: 8.8591]
2026-08-14 20:08:11,874 - INFO - Epoch 625/1000
2026-08-14 20:08:11,874 - INFO - Train loss: 14.478885531425476.
2026-08-14 20:08:11,874 - INFO - Reconstruction loss: 8.85910278558731.
2026-08-14 20:08:12,111 - INFO - [1;32mepoch 624 evaluating[0m [[1;34mtime[0m: 0.24s, [1;34mcollision_rate[0m: 0.125882]
2026-08-14 20:08:12,140 - INFO - [1;34mSaving current[0m: ./ckpt/Instruments/Aug-14-2026_20-04-16_beta_1.000_codebook_[64,128,256]_sk_0.000/epoch_624_collision_0.1259_model.pth
2026-08-14 20:08:12,144 - INFO - Collision_rate: 0.1258818786534973.
2026-08-14 20:08:12,455 - INFO - [1;32mepoch 625 training[0m [[1;34mtime[0m: 0.31s, [1;34mtrain loss[0m: 14.5557, [1;34mreconstruction loss[0m: 8.8969]
2026-08-14 20:08:12,455 - INFO - Epoch 626/1000
2026-08-14 20:08:12,455 - INFO - Train loss: 14.555698871612549.
2026-08-14 20:08:12,455 - INFO - Reconstruction loss: 8.896876573562622.
2026-08-14 20:08:12,766 - INFO - [1;32mepoch 626 training[0m [[1;34mtime[0m: 0.31s, [1;34mtrain loss[0m: 14.5227, [1;34mreconstruction loss[0m: 8.8824]
2026-08-14 20:08:12,767 - INFO - Epoch 627/1000
2026-08-14 20:08:12,767 - INFO - Train loss: 14.522736549377441.
2026-08-14 20:08:12,767 - INFO - Reconstruction loss: 8.882424354553223.
2026-08-14 20:08:13,081 - INFO - [1;32mepoch 627 training[0m [[1;34mtime[0m: 0.31s, [1;34mtrain loss[0m: 14.5368, [1;34mreconstruction loss[0m: 8.8665]
2026-08-14 20:08:13,081 - INFO - Epoch 628/1000
2026-08-14 20:08:13,081 - INFO - Train loss: 14.536750078201294.
2026-08-14 20:08:13,081 - INFO - Reconstruction loss: 8.866507530212402.
2026-08-14 20:08:13,394 - INFO - [1;32mepoch 628 training[0m [[1;34mtime[0m: 0.31s, [1;34mtrain loss[0m: 14.5115, [1;34mreconstruction loss[0m: 8.8714]
2026-08-14 20:08:13,394 - INFO - Epoch 629/1000
2026-08-14 20:08:13,394 - INFO - Train loss: 14.511505246162415.
2026-08-14 20:08:13,394 - INFO - Reconstruction loss: 8.871368288993835.
2026-08-14 20:08:13,699 - INFO - [1;32mepoch 629 training[0m [[1;34mtime[0m: 0.30s, [1;34mtrain loss[0m: 14.4907, [1;34mreconstruction loss[0m: 8.8686]
2026-08-14 20:08:13,699 - INFO - Epoch 630/1000
2026-08-14 20:08:13,699 - INFO - Train loss: 14.490690469741821.
2026-08-14 20:08:13,699 - INFO - Reconstruction loss: 8.86857122182846.
2026-08-14 20:08:13,949 - INFO - [1;32mepoch 629 evaluating[0m [[1;34mtime[0m: 0.25s, [1;34mcollision_rate[0m: 0.129409]
2026-08-14 20:08:13,978 - INFO - [1;34mSaving current[0m: ./ckpt/Instruments/Aug-14-2026_20-04-16_beta_1.000_codebook_[64,128,256]_sk_0.000/epoch_629_collision_0.1294_model.pth
2026-08-14 20:08:13,982 - INFO - Collision_rate: 0.1294093932674864.
2026-08-14 20:08:14,294 - INFO - [1;32mepoch 630 training[0m [[1;34mtime[0m: 0.31s, [1;34mtrain loss[0m: 14.4937, [1;34mreconstruction loss[0m: 8.8744]
2026-08-14 20:08:14,294 - INFO - Epoch 631/1000
2026-08-14 20:08:14,294 - INFO - Train loss: 14.493676900863647.
2026-08-14 20:08:14,294 - INFO - Reconstruction loss: 8.87439113855362.
2026-08-14 20:08:14,590 - INFO - [1;32mepoch 631 training[0m [[1;34mtime[0m: 0.30s, [1;34mtrain loss[0m: 14.4869, [1;34mreconstruction loss[0m: 8.8752]
2026-08-14 20:08:14,590 - INFO - Epoch 632/1000
2026-08-14 20:08:14,590 - INFO - Train loss: 14.48687732219696.
2026-08-14 20:08:14,590 - INFO - Reconstruction loss: 8.875225305557251.
2026-08-14 20:08:14,892 - INFO - [1;32mepoch 632 training[0m [[1;34mtime[0m: 0.30s, [1;34mtrain loss[0m: 14.4984, [1;34mreconstruction loss[0m: 8.8722]
2026-08-14 20:08:14,892 - INFO - Epoch 633/1000
2026-08-14 20:08:14,892 - INFO - Train loss: 14.498398900032043.
2026-08-14 20:08:14,892 - INFO - Reconstruction loss: 8.872234463691711.
2026-08-14 20:08:15,198 - INFO - [1;32mepoch 633 training[0m [[1;34mtime[0m: 0.31s, [1;34mtrain loss[0m: 14.4886, [1;34mreconstruction loss[0m: 8.8733]
2026-08-14 20:08:15,199 - INFO - Epoch 634/1000
2026-08-14 20:08:15,199 - INFO - Train loss: 14.488556265830994.
2026-08-14 20:08:15,199 - INFO - Reconstruction loss: 8.873344779014587.
2026-08-14 20:08:15,490 - INFO - [1;32mepoch 634 training[0m [[1;34mtime[0m: 0.29s, [1;34mtrain loss[0m: 14.5397, [1;34mreconstruction loss[0m: 8.8593]
2026-08-14 20:08:15,490 - INFO - Epoch 635/1000
2026-08-14 20:08:15,490 - INFO - Train loss: 14.53965711593628.
2026-08-14 20:08:15,490 - INFO - Reconstruction loss: 8.859281778335571.
2026-08-14 20:08:15,748 - INFO - [1;32mepoch 634 evaluating[0m [[1;34mtime[0m: 0.26s, [1;34mcollision_rate[0m: 0.126688]
2026-08-14 20:08:15,775 - INFO - [1;34mSaving current[0m: ./ckpt/Instruments/Aug-14-2026_20-04-16_beta_1.000_codebook_[64,128,256]_sk_0.000/epoch_634_collision_0.1267_model.pth
2026-08-14 20:08:15,779 - INFO - Collision_rate: 0.12668816770812336.
2026-08-14 20:08:16,083 - INFO - [1;32mepoch 635 training[0m [[1;34mtime[0m: 0.30s, [1;34mtrain loss[0m: 14.4929, [1;34mreconstruction loss[0m: 8.8620]
2026-08-14 20:08:16,084 - INFO - Epoch 636/1000
2026-08-14 20:08:16,084 - INFO - Train loss: 14.492928147315979.
2026-08-14 20:08:16,084 - INFO - Reconstruction loss: 8.861956477165222.
2026-08-14 20:08:16,404 - INFO - [1;32mepoch 636 training[0m [[1;34mtime[0m: 0.32s, [1;34mtrain loss[0m: 14.5167, [1;34mreconstruction loss[0m: 8.8792]
2026-08-14 20:08:16,404 - INFO - Epoch 637/1000
2026-08-14 20:08:16,404 - INFO - Train loss: 14.516695976257324.
2026-08-14 20:08:16,405 - INFO - Reconstruction loss: 8.879221618175507.
2026-08-14 20:08:16,698 - INFO - [1;32mepoch 637 training[0m [[1;34mtime[0m: 0.29s, [1;34mtrain loss[0m: 14.5271, [1;34mreconstruction loss[0m: 8.8717]
2026-08-14 20:08:16,698 - INFO - Epoch 638/1000
2026-08-14 20:08:16,698 - INFO - Train loss: 14.527094960212708.
2026-08-14 20:08:16,698 - INFO - Reconstruction loss: 8.871717154979706.
2026-08-14 20:08:16,984 - INFO - [1;32mepoch 638 training[0m [[1;34mtime[0m: 0.29s, [1;34mtrain loss[0m: 14.5131, [1;34mreconstruction loss[0m: 8.8702]
2026-08-14 20:08:16,984 - INFO - Epoch 639/1000
2026-08-14 20:08:16,984 - INFO - Train loss: 14.513140797615051.
2026-08-14 20:08:16,984 - INFO - Reconstruction loss: 8.870203077793121.
2026-08-14 20:08:17,290 - INFO - [1;32mepoch 639 training[0m [[1;34mtime[0m: 0.31s, [1;34mtrain loss[0m: 14.5625, [1;34mreconstruction loss[0m: 8.8863]
2026-08-14 20:08:17,290 - INFO - Epoch 640/1000
2026-08-14 20:08:17,290 - INFO - Train loss: 14.562528252601624.
2026-08-14 20:08:17,290 - INFO - Reconstruction loss: 8.88633668422699.
2026-08-14 20:08:17,541 - INFO - [1;32mepoch 639 evaluating[0m [[1;34mtime[0m: 0.25s, [1;34mcollision_rate[0m: 0.125479]
2026-08-14 20:08:17,575 - INFO - [1;34mSaving current[0m: ./ckpt/Instruments/Aug-14-2026_20-04-16_beta_1.000_codebook_[64,128,256]_sk_0.000/epoch_639_collision_0.1255_model.pth
2026-08-14 20:08:17,578 - INFO - Collision_rate: 0.12547873412618424.
2026-08-14 20:08:17,883 - INFO - [1;32mepoch 640 training[0m [[1;34mtime[0m: 0.30s, [1;34mtrain loss[0m: 14.4643, [1;34mreconstruction loss[0m: 8.8655]
2026-08-14 20:08:17,883 - INFO - Epoch 641/1000
2026-08-14 20:08:17,883 - INFO - Train loss: 14.46427607536316.
2026-08-14 20:08:17,883 - INFO - Reconstruction loss: 8.865454256534576.
2026-08-14 20:08:18,193 - INFO - [1;32mepoch 641 training[0m [[1;34mtime[0m: 0.31s, [1;34mtrain loss[0m: 14.5155, [1;34mreconstruction loss[0m: 8.8696]
2026-08-14 20:08:18,194 - INFO - Epoch 642/1000
2026-08-14 20:08:18,194 - INFO - Train loss: 14.515480875968933.
2026-08-14 20:08:18,194 - INFO - Reconstruction loss: 8.869607985019684.
2026-08-14 20:08:18,499 - INFO - [1;32mepoch 642 training[0m [[1;34mtime[0m: 0.30s, [1;34mtrain loss[0m: 14.5011, [1;34mreconstruction loss[0m: 8.8573]
2026-08-14 20:08:18,499 - INFO - Epoch 643/1000
2026-08-14 20:08:18,499 - INFO - Train loss: 14.501137852668762.
2026-08-14 20:08:18,499 - INFO - Reconstruction loss: 8.85727345943451.
2026-08-14 20:08:18,814 - INFO - [1;32mepoch 643 training[0m [[1;34mtime[0m: 0.32s, [1;34mtrain loss[0m: 14.4833, [1;34mreconstruction loss[0m: 8.8488]
2026-08-14 20:08:18,814 - INFO - Epoch 644/1000
2026-08-14 20:08:18,814 - INFO - Train loss: 14.483296632766724.
2026-08-14 20:08:18,814 - INFO - Reconstruction loss: 8.848823428153992.
2026-08-14 20:08:19,138 - INFO - [1;32mepoch 644 training[0m [[1;34mtime[0m: 0.32s, [1;34mtrain loss[0m: 14.4867, [1;34mreconstruction loss[0m: 8.8592]
2026-08-14 20:08:19,138 - INFO - Epoch 645/1000
2026-08-14 20:08:19,138 - INFO - Train loss: 14.48669421672821.
2026-08-14 20:08:19,138 - INFO - Reconstruction loss: 8.859152615070343.
2026-08-14 20:08:19,385 - INFO - [1;32mepoch 644 evaluating[0m [[1;34mtime[0m: 0.25s, [1;34mcollision_rate[0m: 0.131022]
2026-08-14 20:08:19,414 - INFO - [1;34mSaving current[0m: ./ckpt/Instruments/Aug-14-2026_20-04-16_beta_1.000_codebook_[64,128,256]_sk_0.000/epoch_644_collision_0.1310_model.pth
2026-08-14 20:08:19,418 - INFO - Collision_rate: 0.13102197137673857.
2026-08-14 20:08:19,727 - INFO - [1;32mepoch 645 training[0m [[1;34mtime[0m: 0.31s, [1;34mtrain loss[0m: 14.4440, [1;34mreconstruction loss[0m: 8.8606]
2026-08-14 20:08:19,727 - INFO - Epoch 646/1000
2026-08-14 20:08:19,727 - INFO - Train loss: 14.443974137306213.
2026-08-14 20:08:19,727 - INFO - Reconstruction loss: 8.860645949840546.
2026-08-14 20:08:20,032 - INFO - [1;32mepoch 646 training[0m [[1;34mtime[0m: 0.30s, [1;34mtrain loss[0m: 14.4824, [1;34mreconstruction loss[0m: 8.8477]
2026-08-14 20:08:20,032 - INFO - Epoch 647/1000
2026-08-14 20:08:20,032 - INFO - Train loss: 14.482426285743713.
2026-08-14 20:08:20,032 - INFO - Reconstruction loss: 8.847670078277588.
2026-08-14 20:08:20,335 - INFO - [1;32mepoch 647 training[0m [[1;34mtime[0m: 0.30s, [1;34mtrain loss[0m: 14.4909, [1;34mreconstruction loss[0m: 8.8526]
2026-08-14 20:08:20,336 - INFO - Epoch 648/1000
2026-08-14 20:08:20,336 - INFO - Train loss: 14.490903973579407.
2026-08-14 20:08:20,336 - INFO - Reconstruction loss: 8.852567791938782.
2026-08-14 20:08:20,626 - INFO - [1;32mepoch 648 training[0m [[1;34mtime[0m: 0.29s, [1;34mtrain loss[0m: 14.4719, [1;34mreconstruction loss[0m: 8.8471]
2026-08-14 20:08:20,626 - INFO - Epoch 649/1000
2026-08-14 20:08:20,626 - INFO - Train loss: 14.471879005432129.
2026-08-14 20:08:20,626 - INFO - Reconstruction loss: 8.847092509269714.
2026-08-14 20:08:20,944 - INFO - [1;32mepoch 649 training[0m [[1;34mtime[0m: 0.32s, [1;34mtrain loss[0m: 14.4562, [1;34mreconstruction loss[0m: 8.8405]
2026-08-14 20:08:20,944 - INFO - Epoch 650/1000
2026-08-14 20:08:20,945 - INFO - Train loss: 14.456153512001038.
2026-08-14 20:08:20,945 - INFO - Reconstruction loss: 8.84045273065567.
2026-08-14 20:08:21,206 - INFO - [1;32mepoch 649 evaluating[0m [[1;34mtime[0m: 0.26s, [1;34mcollision_rate[0m: 0.128502]
2026-08-14 20:08:21,235 - INFO - [1;34mSaving current[0m: ./ckpt/Instruments/Aug-14-2026_20-04-16_beta_1.000_codebook_[64,128,256]_sk_0.000/epoch_649_collision_0.1285_model.pth
2026-08-14 20:08:21,239 - INFO - Collision_rate: 0.12850231808103205.
2026-08-14 20:08:21,554 - INFO - [1;32mepoch 650 training[0m [[1;34mtime[0m: 0.31s, [1;34mtrain loss[0m: 14.5179, [1;34mreconstruction loss[0m: 8.8664]
2026-08-14 20:08:21,554 - INFO - Epoch 651/1000
2026-08-14 20:08:21,554 - INFO - Train loss: 14.517862319946289.
2026-08-14 20:08:21,554 - INFO - Reconstruction loss: 8.86635535955429.
2026-08-14 20:08:21,870 - INFO - [1;32mepoch 651 training[0m [[1;34mtime[0m: 0.32s, [1;34mtrain loss[0m: 14.5370, [1;34mreconstruction loss[0m: 8.8580]
2026-08-14 20:08:21,870 - INFO - Epoch 652/1000
2026-08-14 20:08:21,871 - INFO - Train loss: 14.537049531936646.
2026-08-14 20:08:21,871 - INFO - Reconstruction loss: 8.85803997516632.
2026-08-14 20:08:22,184 - INFO - [1;32mepoch 652 training[0m [[1;34mtime[0m: 0.31s, [1;34mtrain loss[0m: 14.5052, [1;34mreconstruction loss[0m: 8.8557]
2026-08-14 20:08:22,184 - INFO - Epoch 653/1000
2026-08-14 20:08:22,184 - INFO - Train loss: 14.505192995071411.
2026-08-14 20:08:22,184 - INFO - Reconstruction loss: 8.855689287185669.
2026-08-14 20:08:22,480 - INFO - [1;32mepoch 653 training[0m [[1;34mtime[0m: 0.30s, [1;34mtrain loss[0m: 14.4819, [1;34mreconstruction loss[0m: 8.8425]
2026-08-14 20:08:22,480 - INFO - Epoch 654/1000
2026-08-14 20:08:22,480 - INFO - Train loss: 14.481889724731445.
2026-08-14 20:08:22,480 - INFO - Reconstruction loss: 8.842481672763824.
2026-08-14 20:08:22,785 - INFO - [1;32mepoch 654 training[0m [[1;34mtime[0m: 0.31s, [1;34mtrain loss[0m: 14.5191, [1;34mreconstruction loss[0m: 8.8516]
2026-08-14 20:08:22,786 - INFO - Epoch 655/1000
2026-08-14 20:08:22,786 - INFO - Train loss: 14.519103527069092.
2026-08-14 20:08:22,786 - INFO - Reconstruction loss: 8.851573407649994.
2026-08-14 20:08:23,018 - INFO - [1;32mepoch 654 evaluating[0m [[1;34mtime[0m: 0.23s, [1;34mcollision_rate[0m: 0.129006]
2026-08-14 20:08:23,047 - INFO - [1;34mSaving current[0m: ./ckpt/Instruments/Aug-14-2026_20-04-16_beta_1.000_codebook_[64,128,256]_sk_0.000/epoch_654_collision_0.1290_model.pth
2026-08-14 20:08:23,051 - INFO - Collision_rate: 0.12900624874017336.
2026-08-14 20:08:23,359 - INFO - [1;32mepoch 655 training[0m [[1;34mtime[0m: 0.31s, [1;34mtrain loss[0m: 14.5111, [1;34mreconstruction loss[0m: 8.8455]
2026-08-14 20:08:23,359 - INFO - Epoch 656/1000
2026-08-14 20:08:23,359 - INFO - Train loss: 14.511122226715088.
2026-08-14 20:08:23,359 - INFO - Reconstruction loss: 8.845483660697937.
2026-08-14 20:08:23,670 - INFO - [1;32mepoch 656 training[0m [[1;34mtime[0m: 0.31s, [1;34mtrain loss[0m: 14.5414, [1;34mreconstruction loss[0m: 8.8653]
2026-08-14 20:08:23,671 - INFO - Epoch 657/1000
2026-08-14 20:08:23,671 - INFO - Train loss: 14.541393160820007.
2026-08-14 20:08:23,671 - INFO - Reconstruction loss: 8.865305721759796.
2026-08-14 20:08:23,976 - INFO - [1;32mepoch 657 training[0m [[1;34mtime[0m: 0.30s, [1;34mtrain loss[0m: 14.5530, [1;34mreconstruction loss[0m: 8.8566]
2026-08-14 20:08:23,976 - INFO - Epoch 658/1000
2026-08-14 20:08:23,976 - INFO - Train loss: 14.552966475486755.
2026-08-14 20:08:23,976 - INFO - Reconstruction loss: 8.856611013412476.
2026-08-14 20:08:24,269 - INFO - [1;32mepoch 658 training[0m [[1;34mtime[0m: 0.29s, [1;34mtrain loss[0m: 14.5324, [1;34mreconstruction loss[0m: 8.8632]
2026-08-14 20:08:24,269 - INFO - Epoch 659/1000
2026-08-14 20:08:24,269 - INFO - Train loss: 14.53243339061737.
2026-08-14 20:08:24,269 - INFO - Reconstruction loss: 8.86316442489624.
2026-08-14 20:08:24,572 - INFO - [1;32mepoch 659 training[0m [[1;34mtime[0m: 0.30s, [1;34mtrain loss[0m: 14.5224, [1;34mreconstruction loss[0m: 8.8482]
2026-08-14 20:08:24,572 - INFO - Epoch 660/1000
2026-08-14 20:08:24,572 - INFO - Train loss: 14.52242398262024.
2026-08-14 20:08:24,572 - INFO - Reconstruction loss: 8.848210632801056.
2026-08-14 20:08:24,826 - INFO - [1;32mepoch 659 evaluating[0m [[1;34mtime[0m: 0.25s, [1;34mcollision_rate[0m: 0.129107]
2026-08-14 20:08:24,855 - INFO - [1;34mSaving current[0m: ./ckpt/Instruments/Aug-14-2026_20-04-16_beta_1.000_codebook_[64,128,256]_sk_0.000/epoch_659_collision_0.1291_model.pth
2026-08-14 20:08:24,859 - INFO - Collision_rate: 0.12910703487200162.
2026-08-14 20:08:25,166 - INFO - [1;32mepoch 660 training[0m [[1;34mtime[0m: 0.31s, [1;34mtrain loss[0m: 14.5569, [1;34mreconstruction loss[0m: 8.8604]
2026-08-14 20:08:25,166 - INFO - Epoch 661/1000
2026-08-14 20:08:25,166 - INFO - Train loss: 14.556871056556702.
2026-08-14 20:08:25,166 - INFO - Reconstruction loss: 8.860398411750793.
2026-08-14 20:08:25,467 - INFO - [1;32mepoch 661 training[0m [[1;34mtime[0m: 0.30s, [1;34mtrain loss[0m: 14.6106, [1;34mreconstruction loss[0m: 8.8552]
2026-08-14 20:08:25,468 - INFO - Epoch 662/1000
2026-08-14 20:08:25,468 - INFO - Train loss: 14.610586643218994.
2026-08-14 20:08:25,468 - INFO - Reconstruction loss: 8.855161786079407.
2026-08-14 20:08:25,764 - INFO - [1;32mepoch 662 training[0m [[1;34mtime[0m: 0.30s, [1;34mtrain loss[0m: 14.5863, [1;34mreconstruction loss[0m: 8.8525]
2026-08-14 20:08:25,765 - INFO - Epoch 663/1000
2026-08-14 20:08:25,765 - INFO - Train loss: 14.586348056793213.
2026-08-14 20:08:25,765 - INFO - Reconstruction loss: 8.852459788322449.
2026-08-14 20:08:26,063 - INFO - [1;32mepoch 663 training[0m [[1;34mtime[0m: 0.30s, [1;34mtrain loss[0m: 14.5011, [1;34mreconstruction loss[0m: 8.8420]
2026-08-14 20:08:26,063 - INFO - Epoch 664/1000
2026-08-14 20:08:26,063 - INFO - Train loss: 14.501055240631104.
2026-08-14 20:08:26,063 - INFO - Reconstruction loss: 8.841967821121216.
2026-08-14 20:08:26,357 - INFO - [1;32mepoch 664 training[0m [[1;34mtime[0m: 0.29s, [1;34mtrain loss[0m: 14.6071, [1;34mreconstruction loss[0m: 8.8471]
2026-08-14 20:08:26,357 - INFO - Epoch 665/1000
2026-08-14 20:08:26,357 - INFO - Train loss: 14.607083559036255.
2026-08-14 20:08:26,357 - INFO - Reconstruction loss: 8.847097396850586.
2026-08-14 20:08:26,619 - INFO - [1;32mepoch 664 evaluating[0m [[1;34mtime[0m: 0.26s, [1;34mcollision_rate[0m: 0.125176]
2026-08-14 20:08:26,648 - INFO - [1;34mSaving current[0m: ./ckpt/Instruments/Aug-14-2026_20-04-16_beta_1.000_codebook_[64,128,256]_sk_0.000/epoch_664_collision_0.1252_model.pth
2026-08-14 20:08:26,652 - INFO - Collision_rate: 0.12517637573069945.
2026-08-14 20:08:26,956 - INFO - [1;32mepoch 665 training[0m [[1;34mtime[0m: 0.30s, [1;34mtrain loss[0m: 14.5530, [1;34mreconstruction loss[0m: 8.8586]
2026-08-14 20:08:26,956 - INFO - Epoch 666/1000
2026-08-14 20:08:26,956 - INFO - Train loss: 14.553023934364319.
2026-08-14 20:08:26,956 - INFO - Reconstruction loss: 8.858639121055603.
2026-08-14 20:08:27,258 - INFO - [1;32mepoch 666 training[0m [[1;34mtime[0m: 0.30s, [1;34mtrain loss[0m: 14.5505, [1;34mreconstruction loss[0m: 8.8513]
2026-08-14 20:08:27,259 - INFO - Epoch 667/1000
2026-08-14 20:08:27,259 - INFO - Train loss: 14.550526976585388.
2026-08-14 20:08:27,259 - INFO - Reconstruction loss: 8.851340174674988.
2026-08-14 20:08:27,557 - INFO - [1;32mepoch 667 training[0m [[1;34mtime[0m: 0.30s, [1;34mtrain loss[0m: 14.5841, [1;34mreconstruction loss[0m: 8.8598]
2026-08-14 20:08:27,557 - INFO - Epoch 668/1000
2026-08-14 20:08:27,557 - INFO - Train loss: 14.584075689315796.
2026-08-14 20:08:27,557 - INFO - Reconstruction loss: 8.859827637672424.
2026-08-14 20:08:27,860 - INFO - [1;32mepoch 668 training[0m [[1;34mtime[0m: 0.30s, [1;34mtrain loss[0m: 14.5683, [1;34mreconstruction loss[0m: 8.8385]
2026-08-14 20:08:27,860 - INFO - Epoch 669/1000
2026-08-14 20:08:27,860 - INFO - Train loss: 14.56825339794159.
2026-08-14 20:08:27,861 - INFO - Reconstruction loss: 8.838494062423706.
2026-08-14 20:08:28,162 - INFO - [1;32mepoch 669 training[0m [[1;34mtime[0m: 0.30s, [1;34mtrain loss[0m: 14.5601, [1;34mreconstruction loss[0m: 8.8559]
2026-08-14 20:08:28,162 - INFO - Epoch 670/1000
2026-08-14 20:08:28,162 - INFO - Train loss: 14.56011438369751.
2026-08-14 20:08:28,162 - INFO - Reconstruction loss: 8.855892419815063.
2026-08-14 20:08:28,415 - INFO - [1;32mepoch 669 evaluating[0m [[1;34mtime[0m: 0.25s, [1;34mcollision_rate[0m: 0.122153]
2026-08-14 20:08:28,442 - INFO - [1;34mSaving current[0m: ./ckpt/Instruments/Aug-14-2026_20-04-16_beta_1.000_codebook_[64,128,256]_sk_0.000/epoch_669_collision_0.1222_model.pth
2026-08-14 20:08:28,446 - INFO - Collision_rate: 0.12215279177585164.
2026-08-14 20:08:28,760 - INFO - [1;32mepoch 670 training[0m [[1;34mtime[0m: 0.31s, [1;34mtrain loss[0m: 14.6034, [1;34mreconstruction loss[0m: 8.8547]
2026-08-14 20:08:28,760 - INFO - Epoch 671/1000
2026-08-14 20:08:28,760 - INFO - Train loss: 14.603406429290771.
2026-08-14 20:08:28,760 - INFO - Reconstruction loss: 8.854676723480225.
2026-08-14 20:08:29,075 - INFO - [1;32mepoch 671 training[0m [[1;34mtime[0m: 0.31s, [1;34mtrain loss[0m: 14.5915, [1;34mreconstruction loss[0m: 8.8402]
2026-08-14 20:08:29,076 - INFO - Epoch 672/1000
2026-08-14 20:08:29,076 - INFO - Train loss: 14.59148120880127.
2026-08-14 20:08:29,076 - INFO - Reconstruction loss: 8.840236127376556.
2026-08-14 20:08:29,381 - INFO - [1;32mepoch 672 training[0m [[1;34mtime[0m: 0.30s, [1;34mtrain loss[0m: 14.5109, [1;34mreconstruction loss[0m: 8.8299]
2026-08-14 20:08:29,381 - INFO - Epoch 673/1000
2026-08-14 20:08:29,381 - INFO - Train loss: 14.51086688041687.
2026-08-14 20:08:29,381 - INFO - Reconstruction loss: 8.829874098300934.
2026-08-14 20:08:29,692 - INFO - [1;32mepoch 673 training[0m [[1;34mtime[0m: 0.31s, [1;34mtrain loss[0m: 14.5692, [1;34mreconstruction loss[0m: 8.8421]
2026-08-14 20:08:29,693 - INFO - Epoch 674/1000
2026-08-14 20:08:29,693 - INFO - Train loss: 14.569182753562927.
2026-08-14 20:08:29,693 - INFO - Reconstruction loss: 8.842144131660461.
2026-08-14 20:08:30,014 - INFO - [1;32mepoch 674 training[0m [[1;34mtime[0m: 0.32s, [1;34mtrain loss[0m: 14.6084, [1;34mreconstruction loss[0m: 8.8291]
2026-08-14 20:08:30,015 - INFO - Epoch 675/1000
2026-08-14 20:08:30,015 - INFO - Train loss: 14.608386993408203.
2026-08-14 20:08:30,015 - INFO - Reconstruction loss: 8.829057931900024.
2026-08-14 20:08:30,266 - INFO - [1;32mepoch 674 evaluating[0m [[1;34mtime[0m: 0.25s, [1;34mcollision_rate[0m: 0.127293]
2026-08-14 20:08:30,295 - INFO - [1;34mSaving current[0m: ./ckpt/Instruments/Aug-14-2026_20-04-16_beta_1.000_codebook_[64,128,256]_sk_0.000/epoch_674_collision_0.1273_model.pth
2026-08-14 20:08:30,299 - INFO - Collision_rate: 0.12729288449909293.
2026-08-14 20:08:30,617 - INFO - [1;32mepoch 675 training[0m [[1;34mtime[0m: 0.32s, [1;34mtrain loss[0m: 14.5857, [1;34mreconstruction loss[0m: 8.8461]
2026-08-14 20:08:30,617 - INFO - Epoch 676/1000
2026-08-14 20:08:30,617 - INFO - Train loss: 14.585734248161316.
2026-08-14 20:08:30,617 - INFO - Reconstruction loss: 8.846139550209045.
2026-08-14 20:08:30,924 - INFO - [1;32mepoch 676 training[0m [[1;34mtime[0m: 0.31s, [1;34mtrain loss[0m: 14.5904, [1;34mreconstruction loss[0m: 8.8415]
2026-08-14 20:08:30,924 - INFO - Epoch 677/1000
2026-08-14 20:08:30,924 - INFO - Train loss: 14.590424656867981.
2026-08-14 20:08:30,924 - INFO - Reconstruction loss: 8.841512620449066.
2026-08-14 20:08:31,222 - INFO - [1;32mepoch 677 training[0m [[1;34mtime[0m: 0.30s, [1;34mtrain loss[0m: 14.5847, [1;34mreconstruction loss[0m: 8.8462]
2026-08-14 20:08:31,222 - INFO - Epoch 678/1000
2026-08-14 20:08:31,222 - INFO - Train loss: 14.58467960357666.
2026-08-14 20:08:31,222 - INFO - Reconstruction loss: 8.846216082572937.
2026-08-14 20:08:31,520 - INFO - [1;32mepoch 678 training[0m [[1;34mtime[0m: 0.30s, [1;34mtrain loss[0m: 14.6100, [1;34mreconstruction loss[0m: 8.8318]
2026-08-14 20:08:31,520 - INFO - Epoch 679/1000
2026-08-14 20:08:31,520 - INFO - Train loss: 14.609964847564697.
2026-08-14 20:08:31,520 - INFO - Reconstruction loss: 8.831849098205566.
2026-08-14 20:08:31,840 - INFO - [1;32mepoch 679 training[0m [[1;34mtime[0m: 0.32s, [1;34mtrain loss[0m: 14.6122, [1;34mreconstruction loss[0m: 8.8334]
2026-08-14 20:08:31,840 - INFO - Epoch 680/1000
2026-08-14 20:08:31,840 - INFO - Train loss: 14.612187266349792.
2026-08-14 20:08:31,840 - INFO - Reconstruction loss: 8.833379089832306.
2026-08-14 20:08:32,102 - INFO - [1;32mepoch 679 evaluating[0m [[1;34mtime[0m: 0.26s, [1;34mcollision_rate[0m: 0.124572]
2026-08-14 20:08:32,132 - INFO - [1;34mSaving current[0m: ./ckpt/Instruments/Aug-14-2026_20-04-16_beta_1.000_codebook_[64,128,256]_sk_0.000/epoch_679_collision_0.1246_model.pth
2026-08-14 20:08:32,136 - INFO - Collision_rate: 0.12457165893972989.
2026-08-14 20:08:32,445 - INFO - [1;32mepoch 680 training[0m [[1;34mtime[0m: 0.31s, [1;34mtrain loss[0m: 14.6097, [1;34mreconstruction loss[0m: 8.8456]
2026-08-14 20:08:32,445 - INFO - Epoch 681/1000
2026-08-14 20:08:32,445 - INFO - Train loss: 14.609688520431519.
2026-08-14 20:08:32,445 - INFO - Reconstruction loss: 8.845577836036682.
2026-08-14 20:08:32,748 - INFO - [1;32mepoch 681 training[0m [[1;34mtime[0m: 0.30s, [1;34mtrain loss[0m: 14.6169, [1;34mreconstruction loss[0m: 8.8383]
2026-08-14 20:08:32,748 - INFO - Epoch 682/1000
2026-08-14 20:08:32,748 - INFO - Train loss: 14.616888165473938.
2026-08-14 20:08:32,748 - INFO - Reconstruction loss: 8.838310301303864.
2026-08-14 20:08:33,050 - INFO - [1;32mepoch 682 training[0m [[1;34mtime[0m: 0.30s, [1;34mtrain loss[0m: 14.5748, [1;34mreconstruction loss[0m: 8.8364]
2026-08-14 20:08:33,051 - INFO - Epoch 683/1000
2026-08-14 20:08:33,051 - INFO - Train loss: 14.574790120124817.
2026-08-14 20:08:33,051 - INFO - Reconstruction loss: 8.836434602737427.
2026-08-14 20:08:33,353 - INFO - [1;32mepoch 683 training[0m [[1;34mtime[0m: 0.30s, [1;34mtrain loss[0m: 14.5976, [1;34mreconstruction loss[0m: 8.8194]
2026-08-14 20:08:33,353 - INFO - Epoch 684/1000
2026-08-14 20:08:33,353 - INFO - Train loss: 14.597569346427917.
2026-08-14 20:08:33,353 - INFO - Reconstruction loss: 8.81942629814148.
2026-08-14 20:08:33,666 - INFO - [1;32mepoch 684 training[0m [[1;34mtime[0m: 0.31s, [1;34mtrain loss[0m: 14.5884, [1;34mreconstruction loss[0m: 8.8205]
2026-08-14 20:08:33,666 - INFO - Epoch 685/1000
2026-08-14 20:08:33,666 - INFO - Train loss: 14.588391900062561.
2026-08-14 20:08:33,666 - INFO - Reconstruction loss: 8.820463359355927.
2026-08-14 20:08:33,933 - INFO - [1;32mepoch 684 evaluating[0m [[1;34mtime[0m: 0.27s, [1;34mcollision_rate[0m: 0.122959]
2026-08-14 20:08:33,962 - INFO - [1;34mSaving current[0m: ./ckpt/Instruments/Aug-14-2026_20-04-16_beta_1.000_codebook_[64,128,256]_sk_0.000/epoch_684_collision_0.1230_model.pth
2026-08-14 20:08:33,966 - INFO - Collision_rate: 0.12295908083047773.
2026-08-14 20:08:34,271 - INFO - [1;32mepoch 685 training[0m [[1;34mtime[0m: 0.31s, [1;34mtrain loss[0m: 14.6442, [1;34mreconstruction loss[0m: 8.8476]
2026-08-14 20:08:34,271 - INFO - Epoch 686/1000
2026-08-14 20:08:34,271 - INFO - Train loss: 14.644156098365784.
2026-08-14 20:08:34,271 - INFO - Reconstruction loss: 8.847569286823273.
2026-08-14 20:08:34,591 - INFO - [1;32mepoch 686 training[0m [[1;34mtime[0m: 0.32s, [1;34mtrain loss[0m: 14.5693, [1;34mreconstruction loss[0m: 8.8309]
2026-08-14 20:08:34,591 - INFO - Epoch 687/1000
2026-08-14 20:08:34,592 - INFO - Train loss: 14.569283962249756.
2026-08-14 20:08:34,592 - INFO - Reconstruction loss: 8.83092850446701.
2026-08-14 20:08:34,895 - INFO - [1;32mepoch 687 training[0m [[1;34mtime[0m: 0.30s, [1;34mtrain loss[0m: 14.6106, [1;34mreconstruction loss[0m: 8.8378]
2026-08-14 20:08:34,896 - INFO - Epoch 688/1000
2026-08-14 20:08:34,896 - INFO - Train loss: 14.610562205314636.
2026-08-14 20:08:34,896 - INFO - Reconstruction loss: 8.837833404541016.
2026-08-14 20:08:35,215 - INFO - [1;32mepoch 688 training[0m [[1;34mtime[0m: 0.32s, [1;34mtrain loss[0m: 14.6130, [1;34mreconstruction loss[0m: 8.8250]
2026-08-14 20:08:35,215 - INFO - Epoch 689/1000
2026-08-14 20:08:35,215 - INFO - Train loss: 14.612967848777771.
2026-08-14 20:08:35,215 - INFO - Reconstruction loss: 8.825002908706665.
2026-08-14 20:08:35,518 - INFO - [1;32mepoch 689 training[0m [[1;34mtime[0m: 0.30s, [1;34mtrain loss[0m: 14.5901, [1;34mreconstruction loss[0m: 8.8216]
2026-08-14 20:08:35,518 - INFO - Epoch 690/1000
2026-08-14 20:08:35,518 - INFO - Train loss: 14.590131878852844.
2026-08-14 20:08:35,518 - INFO - Reconstruction loss: 8.821581602096558.
2026-08-14 20:08:35,762 - INFO - [1;32mepoch 689 evaluating[0m [[1;34mtime[0m: 0.24s, [1;34mcollision_rate[0m: 0.124572]
2026-08-14 20:08:35,788 - INFO - [1;34mSaving current[0m: ./ckpt/Instruments/Aug-14-2026_20-04-16_beta_1.000_codebook_[64,128,256]_sk_0.000/epoch_689_collision_0.1246_model.pth
2026-08-14 20:08:35,792 - INFO - Collision_rate: 0.12457165893972989.
2026-08-14 20:08:36,107 - INFO - [1;32mepoch 690 training[0m [[1;34mtime[0m: 0.31s, [1;34mtrain loss[0m: 14.5807, [1;34mreconstruction loss[0m: 8.8357]
2026-08-14 20:08:36,107 - INFO - Epoch 691/1000
2026-08-14 20:08:36,107 - INFO - Train loss: 14.580744743347168.
2026-08-14 20:08:36,107 - INFO - Reconstruction loss: 8.835717797279358.
2026-08-14 20:08:36,425 - INFO - [1;32mepoch 691 training[0m [[1;34mtime[0m: 0.32s, [1;34mtrain loss[0m: 14.6365, [1;34mreconstruction loss[0m: 8.8353]
2026-08-14 20:08:36,425 - INFO - Epoch 692/1000
2026-08-14 20:08:36,425 - INFO - Train loss: 14.6365487575531.
2026-08-14 20:08:36,425 - INFO - Reconstruction loss: 8.835331320762634.
2026-08-14 20:08:36,728 - INFO - [1;32mepoch 692 training[0m [[1;34mtime[0m: 0.30s, [1;34mtrain loss[0m: 14.6132, [1;34mreconstruction loss[0m: 8.8348]
2026-08-14 20:08:36,728 - INFO - Epoch 693/1000
2026-08-14 20:08:36,728 - INFO - Train loss: 14.613182306289673.
2026-08-14 20:08:36,729 - INFO - Reconstruction loss: 8.834841251373291.
2026-08-14 20:08:37,029 - INFO - [1;32mepoch 693 training[0m [[1;34mtime[0m: 0.30s, [1;34mtrain loss[0m: 14.6329, [1;34mreconstruction loss[0m: 8.8287]
2026-08-14 20:08:37,029 - INFO - Epoch 694/1000
2026-08-14 20:08:37,029 - INFO - Train loss: 14.632883906364441.
2026-08-14 20:08:37,029 - INFO - Reconstruction loss: 8.828673005104065.
2026-08-14 20:08:37,307 - INFO - [1;32mepoch 694 training[0m [[1;34mtime[0m: 0.28s, [1;34mtrain loss[0m: 14.5956, [1;34mreconstruction loss[0m: 8.8159]
2026-08-14 20:08:37,307 - INFO - Epoch 695/1000
2026-08-14 20:08:37,307 - INFO - Train loss: 14.595568180084229.
2026-08-14 20:08:37,307 - INFO - Reconstruction loss: 8.815886855125427.
2026-08-14 20:08:37,561 - INFO - [1;32mepoch 694 evaluating[0m [[1;34mtime[0m: 0.25s, [1;34mcollision_rate[0m: 0.124874]
2026-08-14 20:08:37,590 - INFO - [1;34mSaving current[0m: ./ckpt/Instruments/Aug-14-2026_20-04-16_beta_1.000_codebook_[64,128,256]_sk_0.000/epoch_694_collision_0.1249_model.pth
2026-08-14 20:08:37,594 - INFO - Collision_rate: 0.12487401733521468.
2026-08-14 20:08:37,899 - INFO - [1;32mepoch 695 training[0m [[1;34mtime[0m: 0.31s, [1;34mtrain loss[0m: 14.6489, [1;34mreconstruction loss[0m: 8.8374]
2026-08-14 20:08:37,899 - INFO - Epoch 696/1000
2026-08-14 20:08:37,899 - INFO - Train loss: 14.648906588554382.
2026-08-14 20:08:37,899 - INFO - Reconstruction loss: 8.837373197078705.
2026-08-14 20:08:38,202 - INFO - [1;32mepoch 696 training[0m [[1;34mtime[0m: 0.30s, [1;34mtrain loss[0m: 14.6297, [1;34mreconstruction loss[0m: 8.8293]
2026-08-14 20:08:38,203 - INFO - Epoch 697/1000
2026-08-14 20:08:38,203 - INFO - Train loss: 14.629728078842163.
2026-08-14 20:08:38,203 - INFO - Reconstruction loss: 8.829298079013824.
2026-08-14 20:08:38,492 - INFO - [1;32mepoch 697 training[0m [[1;34mtime[0m: 0.29s, [1;34mtrain loss[0m: 14.6268, [1;34mreconstruction loss[0m: 8.8211]
2026-08-14 20:08:38,493 - INFO - Epoch 698/1000
2026-08-14 20:08:38,493 - INFO - Train loss: 14.626826882362366.
2026-08-14 20:08:38,493 - INFO - Reconstruction loss: 8.821079432964325.
2026-08-14 20:08:38,765 - INFO - [1;32mepoch 698 training[0m [[1;34mtime[0m: 0.27s, [1;34mtrain loss[0m: 14.6195, [1;34mreconstruction loss[0m: 8.8152]
2026-08-14 20:08:38,765 - INFO - Epoch 699/1000
2026-08-14 20:08:38,765 - INFO - Train loss: 14.619519591331482.
2026-08-14 20:08:38,765 - INFO - Reconstruction loss: 8.815184891223907.
2026-08-14 20:08:39,067 - INFO - [1;32mepoch 699 training[0m [[1;34mtime[0m: 0.30s, [1;34mtrain loss[0m: 14.6613, [1;34mreconstruction loss[0m: 8.8348]
2026-08-14 20:08:39,067 - INFO - Epoch 700/1000
2026-08-14 20:08:39,067 - INFO - Train loss: 14.661263227462769.
2026-08-14 20:08:39,067 - INFO - Reconstruction loss: 8.834840834140778.
2026-08-14 20:08:39,323 - INFO - [1;32mepoch 699 evaluating[0m [[1;34mtime[0m: 0.26s, [1;34mcollision_rate[0m: 0.125680]
2026-08-14 20:08:39,351 - INFO - [1;34mSaving current[0m: ./ckpt/Instruments/Aug-14-2026_20-04-16_beta_1.000_codebook_[64,128,256]_sk_0.000/epoch_699_collision_0.1257_model.pth
2026-08-14 20:08:39,355 - INFO - Collision_rate: 0.12568030638984076.
2026-08-14 20:08:39,671 - INFO - [1;32mepoch 700 training[0m [[1;34mtime[0m: 0.32s, [1;34mtrain loss[0m: 14.6175, [1;34mreconstruction loss[0m: 8.8258]
2026-08-14 20:08:39,671 - INFO - Epoch 701/1000
2026-08-14 20:08:39,672 - INFO - Train loss: 14.617480039596558.
2026-08-14 20:08:39,672 - INFO - Reconstruction loss: 8.82579654455185.
2026-08-14 20:08:39,995 - INFO - [1;32mepoch 701 training[0m [[1;34mtime[0m: 0.32s, [1;34mtrain loss[0m: 14.6592, [1;34mreconstruction loss[0m: 8.8229]
2026-08-14 20:08:39,996 - INFO - Epoch 702/1000
2026-08-14 20:08:39,996 - INFO - Train loss: 14.659160375595093.
2026-08-14 20:08:39,996 - INFO - Reconstruction loss: 8.822948634624481.
2026-08-14 20:08:40,306 - INFO - [1;32mepoch 702 training[0m [[1;34mtime[0m: 0.31s, [1;34mtrain loss[0m: 14.6052, [1;34mreconstruction loss[0m: 8.8236]
2026-08-14 20:08:40,306 - INFO - Epoch 703/1000
2026-08-14 20:08:40,306 - INFO - Train loss: 14.605244994163513.
2026-08-14 20:08:40,306 - INFO - Reconstruction loss: 8.823619484901428.
2026-08-14 20:08:40,605 - INFO - [1;32mepoch 703 training[0m [[1;34mtime[0m: 0.30s, [1;34mtrain loss[0m: 14.6827, [1;34mreconstruction loss[0m: 8.8396]
2026-08-14 20:08:40,605 - INFO - Epoch 704/1000
2026-08-14 20:08:40,605 - INFO - Train loss: 14.682690978050232.
2026-08-14 20:08:40,605 - INFO - Reconstruction loss: 8.839636266231537.
2026-08-14 20:08:40,909 - INFO - [1;32mepoch 704 training[0m [[1;34mtime[0m: 0.30s, [1;34mtrain loss[0m: 14.5983, [1;34mreconstruction loss[0m: 8.8101]
2026-08-14 20:08:40,909 - INFO - Epoch 705/1000
2026-08-14 20:08:40,909 - INFO - Train loss: 14.598325848579407.
2026-08-14 20:08:40,909 - INFO - Reconstruction loss: 8.81009429693222.
2026-08-14 20:08:41,162 - INFO - [1;32mepoch 704 evaluating[0m [[1;34mtime[0m: 0.25s, [1;34mcollision_rate[0m: 0.125479]
2026-08-14 20:08:41,193 - INFO - [1;34mSaving current[0m: ./ckpt/Instruments/Aug-14-2026_20-04-16_beta_1.000_codebook_[64,128,256]_sk_0.000/epoch_704_collision_0.1255_model.pth
2026-08-14 20:08:41,197 - INFO - Collision_rate: 0.12547873412618424.
2026-08-14 20:08:41,488 - INFO - [1;32mepoch 705 training[0m [[1;34mtime[0m: 0.29s, [1;34mtrain loss[0m: 14.6792, [1;34mreconstruction loss[0m: 8.8350]
2026-08-14 20:08:41,489 - INFO - Epoch 706/1000
2026-08-14 20:08:41,489 - INFO - Train loss: 14.679169654846191.
2026-08-14 20:08:41,489 - INFO - Reconstruction loss: 8.835044085979462.
2026-08-14 20:08:41,794 - INFO - [1;32mepoch 706 training[0m [[1;34mtime[0m: 0.30s, [1;34mtrain loss[0m: 14.6586, [1;34mreconstruction loss[0m: 8.8241]
2026-08-14 20:08:41,794 - INFO - Epoch 707/1000
2026-08-14 20:08:41,794 - INFO - Train loss: 14.658577919006348.
2026-08-14 20:08:41,794 - INFO - Reconstruction loss: 8.824114084243774.
2026-08-14 20:08:42,103 - INFO - [1;32mepoch 707 training[0m [[1;34mtime[0m: 0.31s, [1;34mtrain loss[0m: 14.6599, [1;34mreconstruction loss[0m: 8.8392]
2026-08-14 20:08:42,103 - INFO - Epoch 708/1000
2026-08-14 20:08:42,103 - INFO - Train loss: 14.659941554069519.
2026-08-14 20:08:42,103 - INFO - Reconstruction loss: 8.839154124259949.
2026-08-14 20:08:42,415 - INFO - [1;32mepoch 708 training[0m [[1;34mtime[0m: 0.31s, [1;34mtrain loss[0m: 14.6663, [1;34mreconstruction loss[0m: 8.8438]
2026-08-14 20:08:42,415 - INFO - Epoch 709/1000
2026-08-14 20:08:42,415 - INFO - Train loss: 14.666283249855042.
2026-08-14 20:08:42,415 - INFO - Reconstruction loss: 8.843841195106506.
2026-08-14 20:08:42,737 - INFO - [1;32mepoch 709 training[0m [[1;34mtime[0m: 0.32s, [1;34mtrain loss[0m: 14.6800, [1;34mreconstruction loss[0m: 8.8309]
2026-08-14 20:08:42,737 - INFO - Epoch 710/1000
2026-08-14 20:08:42,737 - INFO - Train loss: 14.679996490478516.
2026-08-14 20:08:42,737 - INFO - Reconstruction loss: 8.830899596214294.
2026-08-14 20:08:42,993 - INFO - [1;32mepoch 709 evaluating[0m [[1;34mtime[0m: 0.26s, [1;34mcollision_rate[0m: 0.121649]
2026-08-14 20:08:43,022 - INFO - [1;34mSaving current[0m: ./ckpt/Instruments/Aug-14-2026_20-04-16_beta_1.000_codebook_[64,128,256]_sk_0.000/epoch_709_collision_0.1216_model.pth
2026-08-14 20:08:43,027 - INFO - Collision_rate: 0.12164886111671035.
2026-08-14 20:08:43,340 - INFO - [1;32mepoch 710 training[0m [[1;34mtime[0m: 0.31s, [1;34mtrain loss[0m: 14.6412, [1;34mreconstruction loss[0m: 8.8088]
2026-08-14 20:08:43,341 - INFO - Epoch 711/1000
2026-08-14 20:08:43,341 - INFO - Train loss: 14.641156196594238.
2026-08-14 20:08:43,341 - INFO - Reconstruction loss: 8.808830499649048.
2026-08-14 20:08:43,658 - INFO - [1;32mepoch 711 training[0m [[1;34mtime[0m: 0.32s, [1;34mtrain loss[0m: 14.6766, [1;34mreconstruction loss[0m: 8.8103]
2026-08-14 20:08:43,659 - INFO - Epoch 712/1000
2026-08-14 20:08:43,659 - INFO - Train loss: 14.67664885520935.
2026-08-14 20:08:43,659 - INFO - Reconstruction loss: 8.810292303562164.
2026-08-14 20:08:43,973 - INFO - [1;32mepoch 712 training[0m [[1;34mtime[0m: 0.31s, [1;34mtrain loss[0m: 14.6114, [1;34mreconstruction loss[0m: 8.8088]
2026-08-14 20:08:43,973 - INFO - Epoch 713/1000
2026-08-14 20:08:43,973 - INFO - Train loss: 14.611371994018555.
2026-08-14 20:08:43,973 - INFO - Reconstruction loss: 8.808847308158875.
2026-08-14 20:08:44,285 - INFO - [1;32mepoch 713 training[0m [[1;34mtime[0m: 0.31s, [1;34mtrain loss[0m: 14.6661, [1;34mreconstruction loss[0m: 8.8171]
2026-08-14 20:08:44,286 - INFO - Epoch 714/1000
2026-08-14 20:08:44,286 - INFO - Train loss: 14.666146039962769.
2026-08-14 20:08:44,286 - INFO - Reconstruction loss: 8.817145049571991.
2026-08-14 20:08:44,588 - INFO - [1;32mepoch 714 training[0m [[1;34mtime[0m: 0.30s, [1;34mtrain loss[0m: 14.6516, [1;34mreconstruction loss[0m: 8.8090]
2026-08-14 20:08:44,588 - INFO - Epoch 715/1000
2026-08-14 20:08:44,588 - INFO - Train loss: 14.651596665382385.
2026-08-14 20:08:44,588 - INFO - Reconstruction loss: 8.80903172492981.
2026-08-14 20:08:44,859 - INFO - [1;32mepoch 714 evaluating[0m [[1;34mtime[0m: 0.27s, [1;34mcollision_rate[0m: 0.123866]
2026-08-14 20:08:44,889 - INFO - [1;34mSaving current[0m: ./ckpt/Instruments/Aug-14-2026_20-04-16_beta_1.000_codebook_[64,128,256]_sk_0.000/epoch_714_collision_0.1239_model.pth
2026-08-14 20:08:44,893 - INFO - Collision_rate: 0.12386615601693207.
2026-08-14 20:08:45,210 - INFO - [1;32mepoch 715 training[0m [[1;34mtime[0m: 0.32s, [1;34mtrain loss[0m: 14.6342, [1;34mreconstruction loss[0m: 8.8160]
2026-08-14 20:08:45,210 - INFO - Epoch 716/1000
2026-08-14 20:08:45,210 - INFO - Train loss: 14.63416600227356.
2026-08-14 20:08:45,210 - INFO - Reconstruction loss: 8.815984606742859.
2026-08-14 20:08:45,503 - INFO - [1;32mepoch 716 training[0m [[1;34mtime[0m: 0.29s, [1;34mtrain loss[0m: 14.6601, [1;34mreconstruction loss[0m: 8.8069]
2026-08-14 20:08:45,503 - INFO - Epoch 717/1000
2026-08-14 20:08:45,503 - INFO - Train loss: 14.660116791725159.
2026-08-14 20:08:45,503 - INFO - Reconstruction loss: 8.806897580623627.
2026-08-14 20:08:45,822 - INFO - [1;32mepoch 717 training[0m [[1;34mtime[0m: 0.32s, [1;34mtrain loss[0m: 14.6636, [1;34mreconstruction loss[0m: 8.8159]
2026-08-14 20:08:45,822 - INFO - Epoch 718/1000
2026-08-14 20:08:45,822 - INFO - Train loss: 14.663556933403015.
2026-08-14 20:08:45,822 - INFO - Reconstruction loss: 8.815943360328674.
2026-08-14 20:08:46,133 - INFO - [1;32mepoch 718 training[0m [[1;34mtime[0m: 0.31s, [1;34mtrain loss[0m: 14.6557, [1;34mreconstruction loss[0m: 8.8156]
2026-08-14 20:08:46,133 - INFO - Epoch 719/1000
2026-08-14 20:08:46,133 - INFO - Train loss: 14.655662655830383.
2026-08-14 20:08:46,133 - INFO - Reconstruction loss: 8.815617501735687.
2026-08-14 20:08:46,448 - INFO - [1;32mepoch 719 training[0m [[1;34mtime[0m: 0.31s, [1;34mtrain loss[0m: 14.6610, [1;34mreconstruction loss[0m: 8.8063]
2026-08-14 20:08:46,448 - INFO - Epoch 720/1000
2026-08-14 20:08:46,448 - INFO - Train loss: 14.660951614379883.
2026-08-14 20:08:46,448 - INFO - Reconstruction loss: 8.806257724761963.
2026-08-14 20:08:46,706 - INFO - [1;32mepoch 719 evaluating[0m [[1;34mtime[0m: 0.26s, [1;34mcollision_rate[0m: 0.120843]
2026-08-14 20:08:46,735 - INFO - [1;34mSaving current[0m: ./ckpt/Instruments/Aug-14-2026_20-04-16_beta_1.000_codebook_[64,128,256]_sk_0.000/epoch_719_collision_0.1208_model.pth
2026-08-14 20:08:46,739 - INFO - Collision_rate: 0.12084257206208426.
2026-08-14 20:08:47,051 - INFO - [1;32mepoch 720 training[0m [[1;34mtime[0m: 0.31s, [1;34mtrain loss[0m: 14.6528, [1;34mreconstruction loss[0m: 8.8111]
2026-08-14 20:08:47,052 - INFO - Epoch 721/1000
2026-08-14 20:08:47,052 - INFO - Train loss: 14.652838945388794.
2026-08-14 20:08:47,052 - INFO - Reconstruction loss: 8.811133921146393.
2026-08-14 20:08:47,362 - INFO - [1;32mepoch 721 training[0m [[1;34mtime[0m: 0.31s, [1;34mtrain loss[0m: 14.6509, [1;34mreconstruction loss[0m: 8.8089]
2026-08-14 20:08:47,362 - INFO - Epoch 722/1000
2026-08-14 20:08:47,362 - INFO - Train loss: 14.650869727134705.
2026-08-14 20:08:47,362 - INFO - Reconstruction loss: 8.808853924274445.
2026-08-14 20:08:47,680 - INFO - [1;32mepoch 722 training[0m [[1;34mtime[0m: 0.32s, [1;34mtrain loss[0m: 14.6811, [1;34mreconstruction loss[0m: 8.8124]
2026-08-14 20:08:47,681 - INFO - Epoch 723/1000
2026-08-14 20:08:47,681 - INFO - Train loss: 14.681146383285522.
2026-08-14 20:08:47,681 - INFO - Reconstruction loss: 8.812353372573853.
2026-08-14 20:08:47,987 - INFO - [1;32mepoch 723 training[0m [[1;34mtime[0m: 0.31s, [1;34mtrain loss[0m: 14.7099, [1;34mreconstruction loss[0m: 8.8123]
2026-08-14 20:08:47,987 - INFO - Epoch 724/1000
2026-08-14 20:08:47,987 - INFO - Train loss: 14.709852457046509.
2026-08-14 20:08:47,987 - INFO - Reconstruction loss: 8.812286138534546.
2026-08-14 20:08:48,299 - INFO - [1;32mepoch 724 training[0m [[1;34mtime[0m: 0.31s, [1;34mtrain loss[0m: 14.6653, [1;34mreconstruction loss[0m: 8.8123]
2026-08-14 20:08:48,299 - INFO - Epoch 725/1000
2026-08-14 20:08:48,299 - INFO - Train loss: 14.665323615074158.
2026-08-14 20:08:48,299 - INFO - Reconstruction loss: 8.812253713607788.
2026-08-14 20:08:48,553 - INFO - [1;32mepoch 724 evaluating[0m [[1;34mtime[0m: 0.25s, [1;34mcollision_rate[0m: 0.121347]
2026-08-14 20:08:48,583 - INFO - [1;34mSaving current[0m: ./ckpt/Instruments/Aug-14-2026_20-04-16_beta_1.000_codebook_[64,128,256]_sk_0.000/epoch_724_collision_0.1213_model.pth
2026-08-14 20:08:48,587 - INFO - Collision_rate: 0.12134650272122556.
2026-08-14 20:08:48,906 - INFO - [1;32mepoch 725 training[0m [[1;34mtime[0m: 0.32s, [1;34mtrain loss[0m: 14.6555, [1;34mreconstruction loss[0m: 8.8082]
2026-08-14 20:08:48,907 - INFO - Epoch 726/1000
2026-08-14 20:08:48,907 - INFO - Train loss: 14.655500531196594.
2026-08-14 20:08:48,907 - INFO - Reconstruction loss: 8.808202266693115.
2026-08-14 20:08:49,209 - INFO - [1;32mepoch 726 training[0m [[1;34mtime[0m: 0.30s, [1;34mtrain loss[0m: 14.6736, [1;34mreconstruction loss[0m: 8.8190]
2026-08-14 20:08:49,210 - INFO - Epoch 727/1000
2026-08-14 20:08:49,210 - INFO - Train loss: 14.673625946044922.
2026-08-14 20:08:49,210 - INFO - Reconstruction loss: 8.818956196308136.
2026-08-14 20:08:49,513 - INFO - [1;32mepoch 727 training[0m [[1;34mtime[0m: 0.30s, [1;34mtrain loss[0m: 14.6676, [1;34mreconstruction loss[0m: 8.8170]
2026-08-14 20:08:49,514 - INFO - Epoch 728/1000
2026-08-14 20:08:49,514 - INFO - Train loss: 14.66761863231659.
2026-08-14 20:08:49,514 - INFO - Reconstruction loss: 8.817013800144196.
2026-08-14 20:08:49,810 - INFO - [1;32mepoch 728 training[0m [[1;34mtime[0m: 0.30s, [1;34mtrain loss[0m: 14.7097, [1;34mreconstruction loss[0m: 8.8113]
2026-08-14 20:08:49,810 - INFO - Epoch 729/1000
2026-08-14 20:08:49,810 - INFO - Train loss: 14.709725379943848.
2026-08-14 20:08:49,810 - INFO - Reconstruction loss: 8.811277270317078.
2026-08-14 20:08:50,097 - INFO - [1;32mepoch 729 training[0m [[1;34mtime[0m: 0.29s, [1;34mtrain loss[0m: 14.6523, [1;34mreconstruction loss[0m: 8.8076]
2026-08-14 20:08:50,098 - INFO - Epoch 730/1000
2026-08-14 20:08:50,098 - INFO - Train loss: 14.652252078056335.
2026-08-14 20:08:50,098 - INFO - Reconstruction loss: 8.807564198970795.
2026-08-14 20:08:50,349 - INFO - [1;32mepoch 729 evaluating[0m [[1;34mtime[0m: 0.25s, [1;34mcollision_rate[0m: 0.124874]
2026-08-14 20:08:50,376 - INFO - [1;34mSaving current[0m: ./ckpt/Instruments/Aug-14-2026_20-04-16_beta_1.000_codebook_[64,128,256]_sk_0.000/epoch_729_collision_0.1249_model.pth
2026-08-14 20:08:50,380 - INFO - Collision_rate: 0.12487401733521468.
2026-08-14 20:08:50,683 - INFO - [1;32mepoch 730 training[0m [[1;34mtime[0m: 0.30s, [1;34mtrain loss[0m: 14.6692, [1;34mreconstruction loss[0m: 8.8130]
2026-08-14 20:08:50,683 - INFO - Epoch 731/1000
2026-08-14 20:08:50,683 - INFO - Train loss: 14.669238328933716.
2026-08-14 20:08:50,683 - INFO - Reconstruction loss: 8.813042998313904.
2026-08-14 20:08:50,979 - INFO - [1;32mepoch 731 training[0m [[1;34mtime[0m: 0.30s, [1;34mtrain loss[0m: 14.6808, [1;34mreconstruction loss[0m: 8.8103]
2026-08-14 20:08:50,979 - INFO - Epoch 732/1000
2026-08-14 20:08:50,979 - INFO - Train loss: 14.680819869041443.
2026-08-14 20:08:50,979 - INFO - Reconstruction loss: 8.810284912586212.
2026-08-14 20:08:51,282 - INFO - [1;32mepoch 732 training[0m [[1;34mtime[0m: 0.30s, [1;34mtrain loss[0m: 14.6753, [1;34mreconstruction loss[0m: 8.8169]
2026-08-14 20:08:51,282 - INFO - Epoch 733/1000
2026-08-14 20:08:51,282 - INFO - Train loss: 14.67529833316803.
2026-08-14 20:08:51,282 - INFO - Reconstruction loss: 8.816871643066406.
2026-08-14 20:08:51,596 - INFO - [1;32mepoch 733 training[0m [[1;34mtime[0m: 0.31s, [1;34mtrain loss[0m: 14.6689, [1;34mreconstruction loss[0m: 8.8086]
2026-08-14 20:08:51,596 - INFO - Epoch 734/1000
2026-08-14 20:08:51,596 - INFO - Train loss: 14.668863296508789.
2026-08-14 20:08:51,596 - INFO - Reconstruction loss: 8.808618307113647.
2026-08-14 20:08:51,913 - INFO - [1;32mepoch 734 training[0m [[1;34mtime[0m: 0.32s, [1;34mtrain loss[0m: 14.6820, [1;34mreconstruction loss[0m: 8.8172]
2026-08-14 20:08:51,914 - INFO - Epoch 735/1000
2026-08-14 20:08:51,914 - INFO - Train loss: 14.682021737098694.
2026-08-14 20:08:51,914 - INFO - Reconstruction loss: 8.817229151725769.
2026-08-14 20:08:52,165 - INFO - [1;32mepoch 734 evaluating[0m [[1;34mtime[0m: 0.25s, [1;34mcollision_rate[0m: 0.125277]
2026-08-14 20:08:52,193 - INFO - [1;34mSaving current[0m: ./ckpt/Instruments/Aug-14-2026_20-04-16_beta_1.000_codebook_[64,128,256]_sk_0.000/epoch_734_collision_0.1253_model.pth
2026-08-14 20:08:52,197 - INFO - Collision_rate: 0.12527716186252771.
2026-08-14 20:08:52,515 - INFO - [1;32mepoch 735 training[0m [[1;34mtime[0m: 0.32s, [1;34mtrain loss[0m: 14.6575, [1;34mreconstruction loss[0m: 8.8041]
2026-08-14 20:08:52,515 - INFO - Epoch 736/1000
2026-08-14 20:08:52,515 - INFO - Train loss: 14.657460570335388.
2026-08-14 20:08:52,515 - INFO - Reconstruction loss: 8.804071128368378.
2026-08-14 20:08:52,817 - INFO - [1;32mepoch 736 training[0m [[1;34mtime[0m: 0.30s, [1;34mtrain loss[0m: 14.6841, [1;34mreconstruction loss[0m: 8.8047]
2026-08-14 20:08:52,818 - INFO - Epoch 737/1000
2026-08-14 20:08:52,818 - INFO - Train loss: 14.684084057807922.
2026-08-14 20:08:52,818 - INFO - Reconstruction loss: 8.804667353630066.
2026-08-14 20:08:53,131 - INFO - [1;32mepoch 737 training[0m [[1;34mtime[0m: 0.31s, [1;34mtrain loss[0m: 14.6845, [1;34mreconstruction loss[0m: 8.8127]
2026-08-14 20:08:53,131 - INFO - Epoch 738/1000
2026-08-14 20:08:53,131 - INFO - Train loss: 14.684489607810974.
2026-08-14 20:08:53,131 - INFO - Reconstruction loss: 8.81270557641983.
2026-08-14 20:08:53,441 - INFO - [1;32mepoch 738 training[0m [[1;34mtime[0m: 0.31s, [1;34mtrain loss[0m: 14.6612, [1;34mreconstruction loss[0m: 8.7932]
2026-08-14 20:08:53,441 - INFO - Epoch 739/1000
2026-08-14 20:08:53,441 - INFO - Train loss: 14.661248445510864.
2026-08-14 20:08:53,441 - INFO - Reconstruction loss: 8.793212413787842.
2026-08-14 20:08:53,728 - INFO - [1;32mepoch 739 training[0m [[1;34mtime[0m: 0.29s, [1;34mtrain loss[0m: 14.6543, [1;34mreconstruction loss[0m: 8.7960]
2026-08-14 20:08:53,728 - INFO - Epoch 740/1000
2026-08-14 20:08:53,728 - INFO - Train loss: 14.654252648353577.
2026-08-14 20:08:53,728 - INFO - Reconstruction loss: 8.795953571796417.
2026-08-14 20:08:53,983 - INFO - [1;32mepoch 739 evaluating[0m [[1;34mtime[0m: 0.26s, [1;34mcollision_rate[0m: 0.124672]
2026-08-14 20:08:54,014 - INFO - [1;34mSaving current[0m: ./ckpt/Instruments/Aug-14-2026_20-04-16_beta_1.000_codebook_[64,128,256]_sk_0.000/epoch_739_collision_0.1247_model.pth
2026-08-14 20:08:54,017 - INFO - Collision_rate: 0.12467244507155816.
2026-08-14 20:08:54,332 - INFO - [1;32mepoch 740 training[0m [[1;34mtime[0m: 0.31s, [1;34mtrain loss[0m: 14.6949, [1;34mreconstruction loss[0m: 8.7983]
2026-08-14 20:08:54,332 - INFO - Epoch 741/1000
2026-08-14 20:08:54,332 - INFO - Train loss: 14.694852232933044.
2026-08-14 20:08:54,332 - INFO - Reconstruction loss: 8.798292934894562.
2026-08-14 20:08:54,642 - INFO - [1;32mepoch 741 training[0m [[1;34mtime[0m: 0.31s, [1;34mtrain loss[0m: 14.6646, [1;34mreconstruction loss[0m: 8.7967]
2026-08-14 20:08:54,643 - INFO - Epoch 742/1000
2026-08-14 20:08:54,643 - INFO - Train loss: 14.664570212364197.
2026-08-14 20:08:54,643 - INFO - Reconstruction loss: 8.796724200248718.
2026-08-14 20:08:54,955 - INFO - [1;32mepoch 742 training[0m [[1;34mtime[0m: 0.31s, [1;34mtrain loss[0m: 14.6888, [1;34mreconstruction loss[0m: 8.8115]
2026-08-14 20:08:54,955 - INFO - Epoch 743/1000
2026-08-14 20:08:54,955 - INFO - Train loss: 14.68880045413971.
2026-08-14 20:08:54,955 - INFO - Reconstruction loss: 8.811548173427582.
2026-08-14 20:08:55,259 - INFO - [1;32mepoch 743 training[0m [[1;34mtime[0m: 0.30s, [1;34mtrain loss[0m: 14.7479, [1;34mreconstruction loss[0m: 8.8138]
2026-08-14 20:08:55,259 - INFO - Epoch 744/1000
2026-08-14 20:08:55,259 - INFO - Train loss: 14.747879028320312.
2026-08-14 20:08:55,259 - INFO - Reconstruction loss: 8.813804924488068.
2026-08-14 20:08:55,574 - INFO - [1;32mepoch 744 training[0m [[1;34mtime[0m: 0.31s, [1;34mtrain loss[0m: 14.6769, [1;34mreconstruction loss[0m: 8.8014]
2026-08-14 20:08:55,574 - INFO - Epoch 745/1000
2026-08-14 20:08:55,574 - INFO - Train loss: 14.676854133605957.
2026-08-14 20:08:55,574 - INFO - Reconstruction loss: 8.801395177841187.
2026-08-14 20:08:55,829 - INFO - [1;32mepoch 744 evaluating[0m [[1;34mtime[0m: 0.25s, [1;34mcollision_rate[0m: 0.126386]
2026-08-14 20:08:55,857 - INFO - [1;34mSaving current[0m: ./ckpt/Instruments/Aug-14-2026_20-04-16_beta_1.000_codebook_[64,128,256]_sk_0.000/epoch_744_collision_0.1264_model.pth
2026-08-14 20:08:55,862 - INFO - Collision_rate: 0.12638580931263857.
2026-08-14 20:08:56,169 - INFO - [1;32mepoch 745 training[0m [[1;34mtime[0m: 0.31s, [1;34mtrain loss[0m: 14.6781, [1;34mreconstruction loss[0m: 8.8042]
2026-08-14 20:08:56,169 - INFO - Epoch 746/1000
2026-08-14 20:08:56,169 - INFO - Train loss: 14.678109765052795.
2026-08-14 20:08:56,169 - INFO - Reconstruction loss: 8.804236710071564.
2026-08-14 20:08:56,488 - INFO - [1;32mepoch 746 training[0m [[1;34mtime[0m: 0.32s, [1;34mtrain loss[0m: 14.7074, [1;34mreconstruction loss[0m: 8.8064]
2026-08-14 20:08:56,488 - INFO - Epoch 747/1000
2026-08-14 20:08:56,488 - INFO - Train loss: 14.707393646240234.
2026-08-14 20:08:56,488 - INFO - Reconstruction loss: 8.806445479393005.
2026-08-14 20:08:56,813 - INFO - [1;32mepoch 747 training[0m [[1;34mtime[0m: 0.33s, [1;34mtrain loss[0m: 14.7284, [1;34mreconstruction loss[0m: 8.7952]
2026-08-14 20:08:56,814 - INFO - Epoch 748/1000
2026-08-14 20:08:56,814 - INFO - Train loss: 14.728391408920288.
2026-08-14 20:08:56,814 - INFO - Reconstruction loss: 8.795171022415161.
2026-08-14 20:08:57,130 - INFO - [1;32mepoch 748 training[0m [[1;34mtime[0m: 0.32s, [1;34mtrain loss[0m: 14.6884, [1;34mreconstruction loss[0m: 8.7975]
2026-08-14 20:08:57,130 - INFO - Epoch 749/1000
2026-08-14 20:08:57,130 - INFO - Train loss: 14.688371062278748.
2026-08-14 20:08:57,130 - INFO - Reconstruction loss: 8.797495603561401.
2026-08-14 20:08:57,439 - INFO - [1;32mepoch 749 training[0m [[1;34mtime[0m: 0.31s, [1;34mtrain loss[0m: 14.7526, [1;34mreconstruction loss[0m: 8.8073]
2026-08-14 20:08:57,440 - INFO - Epoch 750/1000
2026-08-14 20:08:57,440 - INFO - Train loss: 14.752567291259766.
2026-08-14 20:08:57,440 - INFO - Reconstruction loss: 8.807294130325317.
2026-08-14 20:08:57,701 - INFO - [1;32mepoch 749 evaluating[0m [[1;34mtime[0m: 0.26s, [1;34mcollision_rate[0m: 0.119028]
2026-08-14 20:08:57,727 - INFO - [1;34mSaving current[0m: ./ckpt/Instruments/Aug-14-2026_20-04-16_beta_1.000_codebook_[64,128,256]_sk_0.000/epoch_749_collision_0.1190_model.pth
2026-08-14 20:08:57,731 - INFO - Collision_rate: 0.11902842168917557.
2026-08-14 20:08:58,044 - INFO - [1;32mepoch 750 training[0m [[1;34mtime[0m: 0.31s, [1;34mtrain loss[0m: 14.6696, [1;34mreconstruction loss[0m: 8.7895]
2026-08-14 20:08:58,044 - INFO - Epoch 751/1000
2026-08-14 20:08:58,044 - INFO - Train loss: 14.669633269309998.
2026-08-14 20:08:58,044 - INFO - Reconstruction loss: 8.789510726928711.
2026-08-14 20:08:58,341 - INFO - [1;32mepoch 751 training[0m [[1;34mtime[0m: 0.30s, [1;34mtrain loss[0m: 14.7039, [1;34mreconstruction loss[0m: 8.7861]
2026-08-14 20:08:58,341 - INFO - Epoch 752/1000
2026-08-14 20:08:58,341 - INFO - Train loss: 14.70388114452362.
2026-08-14 20:08:58,341 - INFO - Reconstruction loss: 8.786108911037445.
2026-08-14 20:08:58,635 - INFO - [1;32mepoch 752 training[0m [[1;34mtime[0m: 0.29s, [1;34mtrain loss[0m: 14.6714, [1;34mreconstruction loss[0m: 8.7892]
2026-08-14 20:08:58,636 - INFO - Epoch 753/1000
2026-08-14 20:08:58,636 - INFO - Train loss: 14.671415448188782.
2026-08-14 20:08:58,636 - INFO - Reconstruction loss: 8.789219856262207.
2026-08-14 20:08:58,921 - INFO - [1;32mepoch 753 training[0m [[1;34mtime[0m: 0.29s, [1;34mtrain loss[0m: 14.7080, [1;34mreconstruction loss[0m: 8.7807]
2026-08-14 20:08:58,922 - INFO - Epoch 754/1000
2026-08-14 20:08:58,922 - INFO - Train loss: 14.708006858825684.
2026-08-14 20:08:58,922 - INFO - Reconstruction loss: 8.780745029449463.
2026-08-14 20:08:59,232 - INFO - [1;32mepoch 754 training[0m [[1;34mtime[0m: 0.31s, [1;34mtrain loss[0m: 14.6531, [1;34mreconstruction loss[0m: 8.7717]
2026-08-14 20:08:59,232 - INFO - Epoch 755/1000
2026-08-14 20:08:59,232 - INFO - Train loss: 14.653144717216492.
2026-08-14 20:08:59,232 - INFO - Reconstruction loss: 8.771735608577728.
2026-08-14 20:08:59,499 - INFO - [1;32mepoch 754 evaluating[0m [[1;34mtime[0m: 0.27s, [1;34mcollision_rate[0m: 0.121347]
2026-08-14 20:08:59,527 - INFO - [1;34mSaving current[0m: ./ckpt/Instruments/Aug-14-2026_20-04-16_beta_1.000_codebook_[64,128,256]_sk_0.000/epoch_754_collision_0.1213_model.pth
2026-08-14 20:08:59,531 - INFO - Collision_rate: 0.12134650272122556.
2026-08-14 20:08:59,843 - INFO - [1;32mepoch 755 training[0m [[1;34mtime[0m: 0.31s, [1;34mtrain loss[0m: 14.6679, [1;34mreconstruction loss[0m: 8.7856]
2026-08-14 20:08:59,843 - INFO - Epoch 756/1000
2026-08-14 20:08:59,844 - INFO - Train loss: 14.667911529541016.
2026-08-14 20:08:59,844 - INFO - Reconstruction loss: 8.78564190864563.
2026-08-14 20:09:00,149 - INFO - [1;32mepoch 756 training[0m [[1;34mtime[0m: 0.31s, [1;34mtrain loss[0m: 14.6952, [1;34mreconstruction loss[0m: 8.7869]
2026-08-14 20:09:00,150 - INFO - Epoch 757/1000
2026-08-14 20:09:00,150 - INFO - Train loss: 14.695213675498962.
2026-08-14 20:09:00,150 - INFO - Reconstruction loss: 8.786855101585388.
2026-08-14 20:09:00,501 - INFO - [1;32mepoch 757 training[0m [[1;34mtime[0m: 0.35s, [1;34mtrain loss[0m: 14.6283, [1;34mreconstruction loss[0m: 8.7689]
2026-08-14 20:09:00,501 - INFO - Epoch 758/1000
2026-08-14 20:09:00,501 - INFO - Train loss: 14.628265857696533.
2026-08-14 20:09:00,501 - INFO - Reconstruction loss: 8.768880367279053.
2026-08-14 20:09:00,813 - INFO - [1;32mepoch 758 training[0m [[1;34mtime[0m: 0.31s, [1;34mtrain loss[0m: 14.6849, [1;34mreconstruction loss[0m: 8.7824]
2026-08-14 20:09:00,813 - INFO - Epoch 759/1000
2026-08-14 20:09:00,813 - INFO - Train loss: 14.684874653816223.
2026-08-14 20:09:00,813 - INFO - Reconstruction loss: 8.78235137462616.
2026-08-14 20:09:01,127 - INFO - [1;32mepoch 759 training[0m [[1;34mtime[0m: 0.31s, [1;34mtrain loss[0m: 14.6689, [1;34mreconstruction loss[0m: 8.7868]
2026-08-14 20:09:01,127 - INFO - Epoch 760/1000
2026-08-14 20:09:01,127 - INFO - Train loss: 14.668891191482544.
2026-08-14 20:09:01,127 - INFO - Reconstruction loss: 8.786849439144135.
2026-08-14 20:09:01,393 - INFO - [1;32mepoch 759 evaluating[0m [[1;34mtime[0m: 0.27s, [1;34mcollision_rate[0m: 0.123060]
2026-08-14 20:09:01,422 - INFO - [1;34mSaving current[0m: ./ckpt/Instruments/Aug-14-2026_20-04-16_beta_1.000_codebook_[64,128,256]_sk_0.000/epoch_759_collision_0.1231_model.pth
2026-08-14 20:09:01,426 - INFO - Collision_rate: 0.12305986696230599.
2026-08-14 20:09:01,734 - INFO - [1;32mepoch 760 training[0m [[1;34mtime[0m: 0.31s, [1;34mtrain loss[0m: 14.7178, [1;34mreconstruction loss[0m: 8.7875]
2026-08-14 20:09:01,734 - INFO - Epoch 761/1000
2026-08-14 20:09:01,734 - INFO - Train loss: 14.717782974243164.
2026-08-14 20:09:01,734 - INFO - Reconstruction loss: 8.787539899349213.
2026-08-14 20:09:02,015 - INFO - [1;32mepoch 761 training[0m [[1;34mtime[0m: 0.28s, [1;34mtrain loss[0m: 14.7078, [1;34mreconstruction loss[0m: 8.7967]
2026-08-14 20:09:02,015 - INFO - Epoch 762/1000
2026-08-14 20:09:02,015 - INFO - Train loss: 14.707815408706665.
2026-08-14 20:09:02,015 - INFO - Reconstruction loss: 8.796665251255035.
2026-08-14 20:09:02,323 - INFO - [1;32mepoch 762 training[0m [[1;34mtime[0m: 0.31s, [1;34mtrain loss[0m: 14.6988, [1;34mreconstruction loss[0m: 8.7761]
2026-08-14 20:09:02,323 - INFO - Epoch 763/1000
2026-08-14 20:09:02,323 - INFO - Train loss: 14.69883942604065.
2026-08-14 20:09:02,323 - INFO - Reconstruction loss: 8.776094377040863.
2026-08-14 20:09:02,624 - INFO - [1;32mepoch 763 training[0m [[1;34mtime[0m: 0.30s, [1;34mtrain loss[0m: 14.7006, [1;34mreconstruction loss[0m: 8.7853]
2026-08-14 20:09:02,624 - INFO - Epoch 764/1000
2026-08-14 20:09:02,624 - INFO - Train loss: 14.700647234916687.
2026-08-14 20:09:02,624 - INFO - Reconstruction loss: 8.785345137119293.
2026-08-14 20:09:02,926 - INFO - [1;32mepoch 764 training[0m [[1;34mtime[0m: 0.30s, [1;34mtrain loss[0m: 14.7028, [1;34mreconstruction loss[0m: 8.8046]
2026-08-14 20:09:02,926 - INFO - Epoch 765/1000
2026-08-14 20:09:02,926 - INFO - Train loss: 14.702818870544434.
2026-08-14 20:09:02,926 - INFO - Reconstruction loss: 8.804557383060455.
2026-08-14 20:09:03,190 - INFO - [1;32mepoch 764 evaluating[0m [[1;34mtime[0m: 0.26s, [1;34mcollision_rate[0m: 0.119835]
2026-08-14 20:09:03,217 - INFO - [1;34mSaving current[0m: ./ckpt/Instruments/Aug-14-2026_20-04-16_beta_1.000_codebook_[64,128,256]_sk_0.000/epoch_764_collision_0.1198_model.pth
2026-08-14 20:09:03,220 - INFO - Collision_rate: 0.11983471074380166.
2026-08-14 20:09:03,526 - INFO - [1;32mepoch 765 training[0m [[1;34mtime[0m: 0.31s, [1;34mtrain loss[0m: 14.7263, [1;34mreconstruction loss[0m: 8.7933]
2026-08-14 20:09:03,526 - INFO - Epoch 766/1000
2026-08-14 20:09:03,526 - INFO - Train loss: 14.726276159286499.
2026-08-14 20:09:03,526 - INFO - Reconstruction loss: 8.793272316455841.
2026-08-14 20:09:03,836 - INFO - [1;32mepoch 766 training[0m [[1;34mtime[0m: 0.31s, [1;34mtrain loss[0m: 14.7278, [1;34mreconstruction loss[0m: 8.7780]
2026-08-14 20:09:03,836 - INFO - Epoch 767/1000
2026-08-14 20:09:03,836 - INFO - Train loss: 14.727816939353943.
2026-08-14 20:09:03,836 - INFO - Reconstruction loss: 8.777973175048828.
2026-08-14 20:09:04,148 - INFO - [1;32mepoch 767 training[0m [[1;34mtime[0m: 0.31s, [1;34mtrain loss[0m: 14.7015, [1;34mreconstruction loss[0m: 8.7870]
2026-08-14 20:09:04,148 - INFO - Epoch 768/1000
2026-08-14 20:09:04,148 - INFO - Train loss: 14.701499104499817.
2026-08-14 20:09:04,148 - INFO - Reconstruction loss: 8.786952018737793.
2026-08-14 20:09:04,447 - INFO - [1;32mepoch 768 training[0m [[1;34mtime[0m: 0.30s, [1;34mtrain loss[0m: 14.7244, [1;34mreconstruction loss[0m: 8.7858]
2026-08-14 20:09:04,447 - INFO - Epoch 769/1000
2026-08-14 20:09:04,447 - INFO - Train loss: 14.724377632141113.
2026-08-14 20:09:04,448 - INFO - Reconstruction loss: 8.785840570926666.
2026-08-14 20:09:04,752 - INFO - [1;32mepoch 769 training[0m [[1;34mtime[0m: 0.30s, [1;34mtrain loss[0m: 14.6623, [1;34mreconstruction loss[0m: 8.7604]
2026-08-14 20:09:04,752 - INFO - Epoch 770/1000
2026-08-14 20:09:04,752 - INFO - Train loss: 14.662271857261658.
2026-08-14 20:09:04,752 - INFO - Reconstruction loss: 8.760396003723145.
2026-08-14 20:09:05,005 - INFO - [1;32mepoch 769 evaluating[0m [[1;34mtime[0m: 0.25s, [1;34mcollision_rate[0m: 0.121145]
2026-08-14 20:09:05,032 - INFO - [1;34mSaving current[0m: ./ckpt/Instruments/Aug-14-2026_20-04-16_beta_1.000_codebook_[64,128,256]_sk_0.000/epoch_769_collision_0.1211_model.pth
2026-08-14 20:09:05,036 - INFO - Collision_rate: 0.12114493045756904.
2026-08-14 20:09:05,345 - INFO - [1;32mepoch 770 training[0m [[1;34mtime[0m: 0.31s, [1;34mtrain loss[0m: 14.6934, [1;34mreconstruction loss[0m: 8.7664]
2026-08-14 20:09:05,345 - INFO - Epoch 771/1000
2026-08-14 20:09:05,345 - INFO - Train loss: 14.693439364433289.
2026-08-14 20:09:05,345 - INFO - Reconstruction loss: 8.766409277915955.
2026-08-14 20:09:05,650 - INFO - [1;32mepoch 771 training[0m [[1;34mtime[0m: 0.30s, [1;34mtrain loss[0m: 14.7297, [1;34mreconstruction loss[0m: 8.7769]
2026-08-14 20:09:05,650 - INFO - Epoch 772/1000
2026-08-14 20:09:05,650 - INFO - Train loss: 14.729734897613525.
2026-08-14 20:09:05,650 - INFO - Reconstruction loss: 8.776882410049438.
2026-08-14 20:09:05,951 - INFO - [1;32mepoch 772 training[0m [[1;34mtime[0m: 0.30s, [1;34mtrain loss[0m: 14.6719, [1;34mreconstruction loss[0m: 8.7778]
2026-08-14 20:09:05,952 - INFO - Epoch 773/1000
2026-08-14 20:09:05,952 - INFO - Train loss: 14.671923756599426.
2026-08-14 20:09:05,952 - INFO - Reconstruction loss: 8.777842462062836.
2026-08-14 20:09:06,253 - INFO - [1;32mepoch 773 training[0m [[1;34mtime[0m: 0.30s, [1;34mtrain loss[0m: 14.6801, [1;34mreconstruction loss[0m: 8.7720]
2026-08-14 20:09:06,253 - INFO - Epoch 774/1000
2026-08-14 20:09:06,253 - INFO - Train loss: 14.680051684379578.
2026-08-14 20:09:06,253 - INFO - Reconstruction loss: 8.771963059902191.
2026-08-14 20:09:06,558 - INFO - [1;32mepoch 774 training[0m [[1;34mtime[0m: 0.31s, [1;34mtrain loss[0m: 14.7125, [1;34mreconstruction loss[0m: 8.7753]
2026-08-14 20:09:06,559 - INFO - Epoch 775/1000
2026-08-14 20:09:06,559 - INFO - Train loss: 14.712456583976746.
2026-08-14 20:09:06,559 - INFO - Reconstruction loss: 8.77531111240387.
2026-08-14 20:09:06,820 - INFO - [1;32mepoch 774 evaluating[0m [[1;34mtime[0m: 0.26s, [1;34mcollision_rate[0m: 0.116610]
2026-08-14 20:09:06,847 - INFO - [1;34mSaving current[0m: ./ckpt/Instruments/Aug-14-2026_20-04-16_beta_1.000_codebook_[64,128,256]_sk_0.000/epoch_774_collision_0.1166_model.pth
2026-08-14 20:09:06,851 - INFO - Collision_rate: 0.11660955452529732.
2026-08-14 20:09:07,164 - INFO - [1;32mepoch 775 training[0m [[1;34mtime[0m: 0.31s, [1;34mtrain loss[0m: 14.7362, [1;34mreconstruction loss[0m: 8.7892]
2026-08-14 20:09:07,164 - INFO - Epoch 776/1000
2026-08-14 20:09:07,164 - INFO - Train loss: 14.736160039901733.
2026-08-14 20:09:07,164 - INFO - Reconstruction loss: 8.78922700881958.
2026-08-14 20:09:07,476 - INFO - [1;32mepoch 776 training[0m [[1;34mtime[0m: 0.31s, [1;34mtrain loss[0m: 14.7082, [1;34mreconstruction loss[0m: 8.7771]
2026-08-14 20:09:07,476 - INFO - Epoch 777/1000
2026-08-14 20:09:07,476 - INFO - Train loss: 14.708245635032654.
2026-08-14 20:09:07,476 - INFO - Reconstruction loss: 8.777131915092468.
2026-08-14 20:09:07,798 - INFO - [1;32mepoch 777 training[0m [[1;34mtime[0m: 0.32s, [1;34mtrain loss[0m: 14.7159, [1;34mreconstruction loss[0m: 8.7774]
2026-08-14 20:09:07,798 - INFO - Epoch 778/1000
2026-08-14 20:09:07,798 - INFO - Train loss: 14.715914011001587.
2026-08-14 20:09:07,798 - INFO - Reconstruction loss: 8.777365148067474.
2026-08-14 20:09:08,086 - INFO - [1;32mepoch 778 training[0m [[1;34mtime[0m: 0.29s, [1;34mtrain loss[0m: 14.7167, [1;34mreconstruction loss[0m: 8.7720]
2026-08-14 20:09:08,086 - INFO - Epoch 779/1000
2026-08-14 20:09:08,087 - INFO - Train loss: 14.716723799705505.
2026-08-14 20:09:08,087 - INFO - Reconstruction loss: 8.772023260593414.
2026-08-14 20:09:08,398 - INFO - [1;32mepoch 779 training[0m [[1;34mtime[0m: 0.31s, [1;34mtrain loss[0m: 14.7705, [1;34mreconstruction loss[0m: 8.8026]
2026-08-14 20:09:08,398 - INFO - Epoch 780/1000
2026-08-14 20:09:08,398 - INFO - Train loss: 14.7704998254776.
2026-08-14 20:09:08,398 - INFO - Reconstruction loss: 8.802620351314545.
2026-08-14 20:09:08,631 - INFO - [1;32mepoch 779 evaluating[0m [[1;34mtime[0m: 0.23s, [1;34mcollision_rate[0m: 0.121246]
2026-08-14 20:09:08,660 - INFO - [1;34mSaving current[0m: ./ckpt/Instruments/Aug-14-2026_20-04-16_beta_1.000_codebook_[64,128,256]_sk_0.000/epoch_779_collision_0.1212_model.pth
2026-08-14 20:09:08,663 - INFO - Collision_rate: 0.1212457165893973.
2026-08-14 20:09:08,954 - INFO - [1;32mepoch 780 training[0m [[1;34mtime[0m: 0.29s, [1;34mtrain loss[0m: 14.7293, [1;34mreconstruction loss[0m: 8.7769]
2026-08-14 20:09:08,954 - INFO - Epoch 781/1000
2026-08-14 20:09:08,954 - INFO - Train loss: 14.729289889335632.
2026-08-14 20:09:08,954 - INFO - Reconstruction loss: 8.776877880096436.
2026-08-14 20:09:09,267 - INFO - [1;32mepoch 781 training[0m [[1;34mtime[0m: 0.31s, [1;34mtrain loss[0m: 14.7225, [1;34mreconstruction loss[0m: 8.7878]
2026-08-14 20:09:09,268 - INFO - Epoch 782/1000
2026-08-14 20:09:09,268 - INFO - Train loss: 14.722520232200623.
2026-08-14 20:09:09,268 - INFO - Reconstruction loss: 8.787795603275299.
2026-08-14 20:09:09,583 - INFO - [1;32mepoch 782 training[0m [[1;34mtime[0m: 0.31s, [1;34mtrain loss[0m: 14.7315, [1;34mreconstruction loss[0m: 8.7836]
2026-08-14 20:09:09,583 - INFO - Epoch 783/1000
2026-08-14 20:09:09,583 - INFO - Train loss: 14.731509923934937.
2026-08-14 20:09:09,583 - INFO - Reconstruction loss: 8.783628702163696.
2026-08-14 20:09:09,898 - INFO - [1;32mepoch 783 training[0m [[1;34mtime[0m: 0.32s, [1;34mtrain loss[0m: 14.7124, [1;34mreconstruction loss[0m: 8.7787]
2026-08-14 20:09:09,898 - INFO - Epoch 784/1000
2026-08-14 20:09:09,898 - INFO - Train loss: 14.712395071983337.
2026-08-14 20:09:09,898 - INFO - Reconstruction loss: 8.778712391853333.
2026-08-14 20:09:10,218 - INFO - [1;32mepoch 784 training[0m [[1;34mtime[0m: 0.32s, [1;34mtrain loss[0m: 14.7225, [1;34mreconstruction loss[0m: 8.7675]
2026-08-14 20:09:10,218 - INFO - Epoch 785/1000
2026-08-14 20:09:10,218 - INFO - Train loss: 14.722495079040527.
2026-08-14 20:09:10,218 - INFO - Reconstruction loss: 8.767531991004944.
2026-08-14 20:09:10,472 - INFO - [1;32mepoch 784 evaluating[0m [[1;34mtime[0m: 0.25s, [1;34mcollision_rate[0m: 0.123866]
2026-08-14 20:09:10,499 - INFO - [1;34mSaving current[0m: ./ckpt/Instruments/Aug-14-2026_20-04-16_beta_1.000_codebook_[64,128,256]_sk_0.000/epoch_784_collision_0.1239_model.pth
2026-08-14 20:09:10,504 - INFO - Collision_rate: 0.12386615601693207.
2026-08-14 20:09:10,818 - INFO - [1;32mepoch 785 training[0m [[1;34mtime[0m: 0.31s, [1;34mtrain loss[0m: 14.7216, [1;34mreconstruction loss[0m: 8.7706]
2026-08-14 20:09:10,818 - INFO - Epoch 786/1000
2026-08-14 20:09:10,818 - INFO - Train loss: 14.72162926197052.
2026-08-14 20:09:10,818 - INFO - Reconstruction loss: 8.770633459091187.
2026-08-14 20:09:11,124 - INFO - [1;32mepoch 786 training[0m [[1;34mtime[0m: 0.31s, [1;34mtrain loss[0m: 14.6967, [1;34mreconstruction loss[0m: 8.7674]
2026-08-14 20:09:11,125 - INFO - Epoch 787/1000
2026-08-14 20:09:11,125 - INFO - Train loss: 14.696651935577393.
2026-08-14 20:09:11,125 - INFO - Reconstruction loss: 8.767398178577423.
2026-08-14 20:09:11,432 - INFO - [1;32mepoch 787 training[0m [[1;34mtime[0m: 0.31s, [1;34mtrain loss[0m: 14.7174, [1;34mreconstruction loss[0m: 8.7562]
2026-08-14 20:09:11,433 - INFO - Epoch 788/1000
2026-08-14 20:09:11,433 - INFO - Train loss: 14.717408895492554.
2026-08-14 20:09:11,433 - INFO - Reconstruction loss: 8.756212770938873.
2026-08-14 20:09:11,738 - INFO - [1;32mepoch 788 training[0m [[1;34mtime[0m: 0.30s, [1;34mtrain loss[0m: 14.7475, [1;34mreconstruction loss[0m: 8.7645]
2026-08-14 20:09:11,738 - INFO - Epoch 789/1000
2026-08-14 20:09:11,738 - INFO - Train loss: 14.74751889705658.
2026-08-14 20:09:11,738 - INFO - Reconstruction loss: 8.764484107494354.
2026-08-14 20:09:12,045 - INFO - [1;32mepoch 789 training[0m [[1;34mtime[0m: 0.31s, [1;34mtrain loss[0m: 14.6866, [1;34mreconstruction loss[0m: 8.7513]
2026-08-14 20:09:12,045 - INFO - Epoch 790/1000
2026-08-14 20:09:12,045 - INFO - Train loss: 14.686646223068237.
2026-08-14 20:09:12,045 - INFO - Reconstruction loss: 8.75132405757904.
2026-08-14 20:09:12,295 - INFO - [1;32mepoch 789 evaluating[0m [[1;34mtime[0m: 0.25s, [1;34mcollision_rate[0m: 0.118827]
2026-08-14 20:09:12,324 - INFO - [1;34mSaving current[0m: ./ckpt/Instruments/Aug-14-2026_20-04-16_beta_1.000_codebook_[64,128,256]_sk_0.000/epoch_789_collision_0.1188_model.pth
2026-08-14 20:09:12,328 - INFO - Collision_rate: 0.11882684942551905.
2026-08-14 20:09:12,641 - INFO - [1;32mepoch 790 training[0m [[1;34mtime[0m: 0.31s, [1;34mtrain loss[0m: 14.7210, [1;34mreconstruction loss[0m: 8.7602]
2026-08-14 20:09:12,641 - INFO - Epoch 791/1000
2026-08-14 20:09:12,642 - INFO - Train loss: 14.721047759056091.
2026-08-14 20:09:12,642 - INFO - Reconstruction loss: 8.760213553905487.
2026-08-14 20:09:12,954 - INFO - [1;32mepoch 791 training[0m [[1;34mtime[0m: 0.31s, [1;34mtrain loss[0m: 14.6696, [1;34mreconstruction loss[0m: 8.7477]
2026-08-14 20:09:12,954 - INFO - Epoch 792/1000
2026-08-14 20:09:12,954 - INFO - Train loss: 14.669550061225891.
2026-08-14 20:09:12,954 - INFO - Reconstruction loss: 8.74767941236496.
2026-08-14 20:09:13,257 - INFO - [1;32mepoch 792 training[0m [[1;34mtime[0m: 0.30s, [1;34mtrain loss[0m: 14.7046, [1;34mreconstruction loss[0m: 8.7523]
2026-08-14 20:09:13,257 - INFO - Epoch 793/1000
2026-08-14 20:09:13,257 - INFO - Train loss: 14.704573035240173.
2026-08-14 20:09:13,257 - INFO - Reconstruction loss: 8.752334296703339.
2026-08-14 20:09:13,550 - INFO - [1;32mepoch 793 training[0m [[1;34mtime[0m: 0.29s, [1;34mtrain loss[0m: 14.7225, [1;34mreconstruction loss[0m: 8.7707]
2026-08-14 20:09:13,551 - INFO - Epoch 794/1000
2026-08-14 20:09:13,551 - INFO - Train loss: 14.722547173500061.
2026-08-14 20:09:13,551 - INFO - Reconstruction loss: 8.770694017410278.
2026-08-14 20:09:13,850 - INFO - [1;32mepoch 794 training[0m [[1;34mtime[0m: 0.30s, [1;34mtrain loss[0m: 14.6743, [1;34mreconstruction loss[0m: 8.7556]
2026-08-14 20:09:13,850 - INFO - Epoch 795/1000
2026-08-14 20:09:13,850 - INFO - Train loss: 14.674314618110657.
2026-08-14 20:09:13,850 - INFO - Reconstruction loss: 8.75560861825943.
2026-08-14 20:09:14,100 - INFO - [1;32mepoch 794 evaluating[0m [[1;34mtime[0m: 0.25s, [1;34mcollision_rate[0m: 0.124269]
2026-08-14 20:09:14,126 - INFO - [1;34mSaving current[0m: ./ckpt/Instruments/Aug-14-2026_20-04-16_beta_1.000_codebook_[64,128,256]_sk_0.000/epoch_794_collision_0.1243_model.pth
2026-08-14 20:09:14,130 - INFO - Collision_rate: 0.1242693005442451.
2026-08-14 20:09:14,446 - INFO - [1;32mepoch 795 training[0m [[1;34mtime[0m: 0.32s, [1;34mtrain loss[0m: 14.6995, [1;34mreconstruction loss[0m: 8.7517]
2026-08-14 20:09:14,446 - INFO - Epoch 796/1000
2026-08-14 20:09:14,446 - INFO - Train loss: 14.699498891830444.
2026-08-14 20:09:14,446 - INFO - Reconstruction loss: 8.751739084720612.
2026-08-14 20:09:14,755 - INFO - [1;32mepoch 796 training[0m [[1;34mtime[0m: 0.31s, [1;34mtrain loss[0m: 14.6764, [1;34mreconstruction loss[0m: 8.7485]
2026-08-14 20:09:14,756 - INFO - Epoch 797/1000
2026-08-14 20:09:14,756 - INFO - Train loss: 14.67640733718872.
2026-08-14 20:09:14,756 - INFO - Reconstruction loss: 8.748505592346191.
2026-08-14 20:09:15,066 - INFO - [1;32mepoch 797 training[0m [[1;34mtime[0m: 0.31s, [1;34mtrain loss[0m: 14.7236, [1;34mreconstruction loss[0m: 8.7649]
2026-08-14 20:09:15,067 - INFO - Epoch 798/1000
2026-08-14 20:09:15,067 - INFO - Train loss: 14.723579287528992.
2026-08-14 20:09:15,067 - INFO - Reconstruction loss: 8.764908194541931.
2026-08-14 20:09:15,377 - INFO - [1;32mepoch 798 training[0m [[1;34mtime[0m: 0.31s, [1;34mtrain loss[0m: 14.7337, [1;34mreconstruction loss[0m: 8.7439]
2026-08-14 20:09:15,377 - INFO - Epoch 799/1000
2026-08-14 20:09:15,377 - INFO - Train loss: 14.733696699142456.
2026-08-14 20:09:15,377 - INFO - Reconstruction loss: 8.743910193443298.
2026-08-14 20:09:15,687 - INFO - [1;32mepoch 799 training[0m [[1;34mtime[0m: 0.31s, [1;34mtrain loss[0m: 14.7055, [1;34mreconstruction loss[0m: 8.7545]
2026-08-14 20:09:15,688 - INFO - Epoch 800/1000
2026-08-14 20:09:15,688 - INFO - Train loss: 14.705509781837463.
2026-08-14 20:09:15,688 - INFO - Reconstruction loss: 8.75445556640625.
2026-08-14 20:09:15,945 - INFO - [1;32mepoch 799 evaluating[0m [[1;34mtime[0m: 0.26s, [1;34mcollision_rate[0m: 0.125781]
2026-08-14 20:09:15,972 - INFO - [1;34mSaving current[0m: ./ckpt/Instruments/Aug-14-2026_20-04-16_beta_1.000_codebook_[64,128,256]_sk_0.000/epoch_799_collision_0.1258_model.pth
2026-08-14 20:09:15,976 - INFO - Collision_rate: 0.12578109252166902.
2026-08-14 20:09:16,289 - INFO - [1;32mepoch 800 training[0m [[1;34mtime[0m: 0.31s, [1;34mtrain loss[0m: 14.7341, [1;34mreconstruction loss[0m: 8.7639]
2026-08-14 20:09:16,289 - INFO - Epoch 801/1000
2026-08-14 20:09:16,289 - INFO - Train loss: 14.734065532684326.
2026-08-14 20:09:16,289 - INFO - Reconstruction loss: 8.763911664485931.
2026-08-14 20:09:16,599 - INFO - [1;32mepoch 801 training[0m [[1;34mtime[0m: 0.31s, [1;34mtrain loss[0m: 14.7509, [1;34mreconstruction loss[0m: 8.7683]
2026-08-14 20:09:16,599 - INFO - Epoch 802/1000
2026-08-14 20:09:16,599 - INFO - Train loss: 14.750944972038269.
2026-08-14 20:09:16,599 - INFO - Reconstruction loss: 8.768323361873627.
2026-08-14 20:09:16,910 - INFO - [1;32mepoch 802 training[0m [[1;34mtime[0m: 0.31s, [1;34mtrain loss[0m: 14.7180, [1;34mreconstruction loss[0m: 8.7573]
2026-08-14 20:09:16,910 - INFO - Epoch 803/1000
2026-08-14 20:09:16,910 - INFO - Train loss: 14.717959523200989.
2026-08-14 20:09:16,910 - INFO - Reconstruction loss: 8.757302105426788.
2026-08-14 20:09:17,219 - INFO - [1;32mepoch 803 training[0m [[1;34mtime[0m: 0.31s, [1;34mtrain loss[0m: 14.7431, [1;34mreconstruction loss[0m: 8.7588]
2026-08-14 20:09:17,219 - INFO - Epoch 804/1000
2026-08-14 20:09:17,219 - INFO - Train loss: 14.743143677711487.
2026-08-14 20:09:17,219 - INFO - Reconstruction loss: 8.758778393268585.
2026-08-14 20:09:17,533 - INFO - [1;32mepoch 804 training[0m [[1;34mtime[0m: 0.31s, [1;34mtrain loss[0m: 14.7101, [1;34mreconstruction loss[0m: 8.7488]
2026-08-14 20:09:17,533 - INFO - Epoch 805/1000
2026-08-14 20:09:17,533 - INFO - Train loss: 14.710085391998291.
2026-08-14 20:09:17,533 - INFO - Reconstruction loss: 8.748791635036469.
2026-08-14 20:09:17,784 - INFO - [1;32mepoch 804 evaluating[0m [[1;34mtime[0m: 0.25s, [1;34mcollision_rate[0m: 0.122758]
2026-08-14 20:09:17,812 - INFO - [1;34mSaving current[0m: ./ckpt/Instruments/Aug-14-2026_20-04-16_beta_1.000_codebook_[64,128,256]_sk_0.000/epoch_804_collision_0.1228_model.pth
2026-08-14 20:09:17,816 - INFO - Collision_rate: 0.1227575085668212.
2026-08-14 20:09:18,127 - INFO - [1;32mepoch 805 training[0m [[1;34mtime[0m: 0.31s, [1;34mtrain loss[0m: 14.7203, [1;34mreconstruction loss[0m: 8.7624]
2026-08-14 20:09:18,127 - INFO - Epoch 806/1000
2026-08-14 20:09:18,127 - INFO - Train loss: 14.720271348953247.
2026-08-14 20:09:18,127 - INFO - Reconstruction loss: 8.762406527996063.
2026-08-14 20:09:18,443 - INFO - [1;32mepoch 806 training[0m [[1;34mtime[0m: 0.32s, [1;34mtrain loss[0m: 14.7181, [1;34mreconstruction loss[0m: 8.7332]
2026-08-14 20:09:18,444 - INFO - Epoch 807/1000
2026-08-14 20:09:18,444 - INFO - Train loss: 14.718125581741333.
2026-08-14 20:09:18,444 - INFO - Reconstruction loss: 8.73318463563919.
2026-08-14 20:09:18,750 - INFO - [1;32mepoch 807 training[0m [[1;34mtime[0m: 0.31s, [1;34mtrain loss[0m: 14.6766, [1;34mreconstruction loss[0m: 8.7397]
2026-08-14 20:09:18,750 - INFO - Epoch 808/1000
2026-08-14 20:09:18,750 - INFO - Train loss: 14.676581621170044.
2026-08-14 20:09:18,750 - INFO - Reconstruction loss: 8.739669859409332.
2026-08-14 20:09:19,050 - INFO - [1;32mepoch 808 training[0m [[1;34mtime[0m: 0.30s, [1;34mtrain loss[0m: 14.7153, [1;34mreconstruction loss[0m: 8.7283]
2026-08-14 20:09:19,050 - INFO - Epoch 809/1000
2026-08-14 20:09:19,050 - INFO - Train loss: 14.715294241905212.
2026-08-14 20:09:19,050 - INFO - Reconstruction loss: 8.72832977771759.
2026-08-14 20:09:19,338 - INFO - [1;32mepoch 809 training[0m [[1;34mtime[0m: 0.29s, [1;34mtrain loss[0m: 14.7363, [1;34mreconstruction loss[0m: 8.7604]
2026-08-14 20:09:19,338 - INFO - Epoch 810/1000
2026-08-14 20:09:19,338 - INFO - Train loss: 14.736340045928955.
2026-08-14 20:09:19,338 - INFO - Reconstruction loss: 8.76040780544281.
2026-08-14 20:09:19,597 - INFO - [1;32mepoch 809 evaluating[0m [[1;34mtime[0m: 0.26s, [1;34mcollision_rate[0m: 0.126083]
2026-08-14 20:09:19,624 - INFO - [1;34mSaving current[0m: ./ckpt/Instruments/Aug-14-2026_20-04-16_beta_1.000_codebook_[64,128,256]_sk_0.000/epoch_809_collision_0.1261_model.pth
2026-08-14 20:09:19,629 - INFO - Collision_rate: 0.1260834509171538.
2026-08-14 20:09:19,937 - INFO - [1;32mepoch 810 training[0m [[1;34mtime[0m: 0.31s, [1;34mtrain loss[0m: 14.7464, [1;34mreconstruction loss[0m: 8.7580]
2026-08-14 20:09:19,937 - INFO - Epoch 811/1000
2026-08-14 20:09:19,937 - INFO - Train loss: 14.746411800384521.
2026-08-14 20:09:19,937 - INFO - Reconstruction loss: 8.757995665073395.
2026-08-14 20:09:20,240 - INFO - [1;32mepoch 811 training[0m [[1;34mtime[0m: 0.30s, [1;34mtrain loss[0m: 14.7531, [1;34mreconstruction loss[0m: 8.7555]
2026-08-14 20:09:20,240 - INFO - Epoch 812/1000
2026-08-14 20:09:20,240 - INFO - Train loss: 14.753117799758911.
2026-08-14 20:09:20,240 - INFO - Reconstruction loss: 8.755487740039825.
2026-08-14 20:09:20,549 - INFO - [1;32mepoch 812 training[0m [[1;34mtime[0m: 0.31s, [1;34mtrain loss[0m: 14.7336, [1;34mreconstruction loss[0m: 8.7560]
2026-08-14 20:09:20,550 - INFO - Epoch 813/1000
2026-08-14 20:09:20,550 - INFO - Train loss: 14.733649611473083.
2026-08-14 20:09:20,550 - INFO - Reconstruction loss: 8.756022572517395.
2026-08-14 20:09:20,856 - INFO - [1;32mepoch 813 training[0m [[1;34mtime[0m: 0.31s, [1;34mtrain loss[0m: 14.6992, [1;34mreconstruction loss[0m: 8.7410]
2026-08-14 20:09:20,857 - INFO - Epoch 814/1000
2026-08-14 20:09:20,857 - INFO - Train loss: 14.699163317680359.
2026-08-14 20:09:20,857 - INFO - Reconstruction loss: 8.740954220294952.
2026-08-14 20:09:21,160 - INFO - [1;32mepoch 814 training[0m [[1;34mtime[0m: 0.30s, [1;34mtrain loss[0m: 14.7152, [1;34mreconstruction loss[0m: 8.7437]
2026-08-14 20:09:21,160 - INFO - Epoch 815/1000
2026-08-14 20:09:21,160 - INFO - Train loss: 14.715158700942993.
2026-08-14 20:09:21,160 - INFO - Reconstruction loss: 8.743732511997223.
2026-08-14 20:09:21,406 - INFO - [1;32mepoch 814 evaluating[0m [[1;34mtime[0m: 0.25s, [1;34mcollision_rate[0m: 0.124370]
2026-08-14 20:09:21,434 - INFO - [1;34mSaving current[0m: ./ckpt/Instruments/Aug-14-2026_20-04-16_beta_1.000_codebook_[64,128,256]_sk_0.000/epoch_814_collision_0.1244_model.pth
2026-08-14 20:09:21,438 - INFO - Collision_rate: 0.12437008667607337.
2026-08-14 20:09:21,746 - INFO - [1;32mepoch 815 training[0m [[1;34mtime[0m: 0.31s, [1;34mtrain loss[0m: 14.7149, [1;34mreconstruction loss[0m: 8.7519]
2026-08-14 20:09:21,746 - INFO - Epoch 816/1000
2026-08-14 20:09:21,747 - INFO - Train loss: 14.714900493621826.
2026-08-14 20:09:21,747 - INFO - Reconstruction loss: 8.75185614824295.
2026-08-14 20:09:22,045 - INFO - [1;32mepoch 816 training[0m [[1;34mtime[0m: 0.30s, [1;34mtrain loss[0m: 14.7619, [1;34mreconstruction loss[0m: 8.7527]
2026-08-14 20:09:22,045 - INFO - Epoch 817/1000
2026-08-14 20:09:22,045 - INFO - Train loss: 14.761899590492249.
2026-08-14 20:09:22,045 - INFO - Reconstruction loss: 8.752697467803955.
2026-08-14 20:09:22,346 - INFO - [1;32mepoch 817 training[0m [[1;34mtime[0m: 0.30s, [1;34mtrain loss[0m: 14.7520, [1;34mreconstruction loss[0m: 8.7404]
2026-08-14 20:09:22,347 - INFO - Epoch 818/1000
2026-08-14 20:09:22,347 - INFO - Train loss: 14.752013325691223.
2026-08-14 20:09:22,347 - INFO - Reconstruction loss: 8.740377128124237.
2026-08-14 20:09:22,652 - INFO - [1;32mepoch 818 training[0m [[1;34mtime[0m: 0.31s, [1;34mtrain loss[0m: 14.7026, [1;34mreconstruction loss[0m: 8.7335]
2026-08-14 20:09:22,653 - INFO - Epoch 819/1000
2026-08-14 20:09:22,653 - INFO - Train loss: 14.702633261680603.
2026-08-14 20:09:22,653 - INFO - Reconstruction loss: 8.73347407579422.
2026-08-14 20:09:22,963 - INFO - [1;32mepoch 819 training[0m [[1;34mtime[0m: 0.31s, [1;34mtrain loss[0m: 14.7199, [1;34mreconstruction loss[0m: 8.7562]
2026-08-14 20:09:22,963 - INFO - Epoch 820/1000
2026-08-14 20:09:22,963 - INFO - Train loss: 14.71987271308899.
2026-08-14 20:09:22,963 - INFO - Reconstruction loss: 8.756189107894897.
2026-08-14 20:09:23,215 - INFO - [1;32mepoch 819 evaluating[0m [[1;34mtime[0m: 0.25s, [1;34mcollision_rate[0m: 0.128301]
2026-08-14 20:09:23,243 - INFO - [1;34mSaving current[0m: ./ckpt/Instruments/Aug-14-2026_20-04-16_beta_1.000_codebook_[64,128,256]_sk_0.000/epoch_819_collision_0.1283_model.pth
2026-08-14 20:09:23,247 - INFO - Collision_rate: 0.12830074581737552.
2026-08-14 20:09:23,552 - INFO - [1;32mepoch 820 training[0m [[1;34mtime[0m: 0.31s, [1;34mtrain loss[0m: 14.7529, [1;34mreconstruction loss[0m: 8.7450]
2026-08-14 20:09:23,552 - INFO - Epoch 821/1000
2026-08-14 20:09:23,552 - INFO - Train loss: 14.752889633178711.
2026-08-14 20:09:23,552 - INFO - Reconstruction loss: 8.745019555091858.
2026-08-14 20:09:23,860 - INFO - [1;32mepoch 821 training[0m [[1;34mtime[0m: 0.31s, [1;34mtrain loss[0m: 14.7282, [1;34mreconstruction loss[0m: 8.7418]
2026-08-14 20:09:23,860 - INFO - Epoch 822/1000
2026-08-14 20:09:23,860 - INFO - Train loss: 14.728208780288696.
2026-08-14 20:09:23,860 - INFO - Reconstruction loss: 8.741814851760864.
2026-08-14 20:09:24,171 - INFO - [1;32mepoch 822 training[0m [[1;34mtime[0m: 0.31s, [1;34mtrain loss[0m: 14.7243, [1;34mreconstruction loss[0m: 8.7390]
2026-08-14 20:09:24,171 - INFO - Epoch 823/1000
2026-08-14 20:09:24,171 - INFO - Train loss: 14.7242671251297.
2026-08-14 20:09:24,171 - INFO - Reconstruction loss: 8.738975644111633.
2026-08-14 20:09:24,477 - INFO - [1;32mepoch 823 training[0m [[1;34mtime[0m: 0.31s, [1;34mtrain loss[0m: 14.7578, [1;34mreconstruction loss[0m: 8.7482]
2026-08-14 20:09:24,477 - INFO - Epoch 824/1000
2026-08-14 20:09:24,477 - INFO - Train loss: 14.757752180099487.
2026-08-14 20:09:24,477 - INFO - Reconstruction loss: 8.748192250728607.
2026-08-14 20:09:24,780 - INFO - [1;32mepoch 824 training[0m [[1;34mtime[0m: 0.30s, [1;34mtrain loss[0m: 14.7078, [1;34mreconstruction loss[0m: 8.7419]
2026-08-14 20:09:24,780 - INFO - Epoch 825/1000
2026-08-14 20:09:24,780 - INFO - Train loss: 14.707794308662415.
2026-08-14 20:09:24,781 - INFO - Reconstruction loss: 8.741850733757019.
2026-08-14 20:09:25,028 - INFO - [1;32mepoch 824 evaluating[0m [[1;34mtime[0m: 0.25s, [1;34mcollision_rate[0m: 0.125176]
2026-08-14 20:09:25,056 - INFO - [1;34mSaving current[0m: ./ckpt/Instruments/Aug-14-2026_20-04-16_beta_1.000_codebook_[64,128,256]_sk_0.000/epoch_824_collision_0.1252_model.pth
2026-08-14 20:09:25,060 - INFO - Collision_rate: 0.12517637573069945.
2026-08-14 20:09:25,365 - INFO - [1;32mepoch 825 training[0m [[1;34mtime[0m: 0.31s, [1;34mtrain loss[0m: 14.7260, [1;34mreconstruction loss[0m: 8.7282]
2026-08-14 20:09:25,366 - INFO - Epoch 826/1000
2026-08-14 20:09:25,366 - INFO - Train loss: 14.726009249687195.
2026-08-14 20:09:25,366 - INFO - Reconstruction loss: 8.728173732757568.
2026-08-14 20:09:25,664 - INFO - [1;32mepoch 826 training[0m [[1;34mtime[0m: 0.30s, [1;34mtrain loss[0m: 14.6980, [1;34mreconstruction loss[0m: 8.7362]
2026-08-14 20:09:25,664 - INFO - Epoch 827/1000
2026-08-14 20:09:25,664 - INFO - Train loss: 14.697959661483765.
2026-08-14 20:09:25,664 - INFO - Reconstruction loss: 8.73621290922165.
2026-08-14 20:09:25,969 - INFO - [1;32mepoch 827 training[0m [[1;34mtime[0m: 0.31s, [1;34mtrain loss[0m: 14.7138, [1;34mreconstruction loss[0m: 8.7339]
2026-08-14 20:09:25,970 - INFO - Epoch 828/1000
2026-08-14 20:09:25,970 - INFO - Train loss: 14.713818430900574.
2026-08-14 20:09:25,970 - INFO - Reconstruction loss: 8.73394763469696.
2026-08-14 20:09:26,283 - INFO - [1;32mepoch 828 training[0m [[1;34mtime[0m: 0.31s, [1;34mtrain loss[0m: 14.7155, [1;34mreconstruction loss[0m: 8.7310]
2026-08-14 20:09:26,283 - INFO - Epoch 829/1000
2026-08-14 20:09:26,283 - INFO - Train loss: 14.715533375740051.
2026-08-14 20:09:26,283 - INFO - Reconstruction loss: 8.731029450893402.
2026-08-14 20:09:26,593 - INFO - [1;32mepoch 829 training[0m [[1;34mtime[0m: 0.31s, [1;34mtrain loss[0m: 14.7529, [1;34mreconstruction loss[0m: 8.7500]
2026-08-14 20:09:26,593 - INFO - Epoch 830/1000
2026-08-14 20:09:26,593 - INFO - Train loss: 14.752930760383606.
2026-08-14 20:09:26,593 - INFO - Reconstruction loss: 8.75002121925354.
2026-08-14 20:09:26,852 - INFO - [1;32mepoch 829 evaluating[0m [[1;34mtime[0m: 0.26s, [1;34mcollision_rate[0m: 0.127998]
2026-08-14 20:09:26,880 - INFO - [1;34mSaving current[0m: ./ckpt/Instruments/Aug-14-2026_20-04-16_beta_1.000_codebook_[64,128,256]_sk_0.000/epoch_829_collision_0.1280_model.pth
2026-08-14 20:09:26,883 - INFO - Collision_rate: 0.12799838742189074.
2026-08-14 20:09:27,195 - INFO - [1;32mepoch 830 training[0m [[1;34mtime[0m: 0.31s, [1;34mtrain loss[0m: 14.7395, [1;34mreconstruction loss[0m: 8.7459]
2026-08-14 20:09:27,195 - INFO - Epoch 831/1000
2026-08-14 20:09:27,195 - INFO - Train loss: 14.739545226097107.
2026-08-14 20:09:27,195 - INFO - Reconstruction loss: 8.745873808860779.
2026-08-14 20:09:27,486 - INFO - [1;32mepoch 831 training[0m [[1;34mtime[0m: 0.29s, [1;34mtrain loss[0m: 14.7617, [1;34mreconstruction loss[0m: 8.7364]
2026-08-14 20:09:27,486 - INFO - Epoch 832/1000
2026-08-14 20:09:27,486 - INFO - Train loss: 14.761746048927307.
2026-08-14 20:09:27,486 - INFO - Reconstruction loss: 8.736430644989014.
2026-08-14 20:09:27,784 - INFO - [1;32mepoch 832 training[0m [[1;34mtime[0m: 0.30s, [1;34mtrain loss[0m: 14.7149, [1;34mreconstruction loss[0m: 8.7328]
2026-08-14 20:09:27,785 - INFO - Epoch 833/1000
2026-08-14 20:09:27,785 - INFO - Train loss: 14.714850425720215.
2026-08-14 20:09:27,785 - INFO - Reconstruction loss: 8.732824742794037.
2026-08-14 20:09:28,091 - INFO - [1;32mepoch 833 training[0m [[1;34mtime[0m: 0.31s, [1;34mtrain loss[0m: 14.7095, [1;34mreconstruction loss[0m: 8.7407]
2026-08-14 20:09:28,091 - INFO - Epoch 834/1000
2026-08-14 20:09:28,091 - INFO - Train loss: 14.70945429801941.
2026-08-14 20:09:28,091 - INFO - Reconstruction loss: 8.740672409534454.
2026-08-14 20:09:28,391 - INFO - [1;32mepoch 834 training[0m [[1;34mtime[0m: 0.30s, [1;34mtrain loss[0m: 14.7037, [1;34mreconstruction loss[0m: 8.7253]
2026-08-14 20:09:28,391 - INFO - Epoch 835/1000
2026-08-14 20:09:28,391 - INFO - Train loss: 14.703654408454895.
2026-08-14 20:09:28,391 - INFO - Reconstruction loss: 8.725333988666534.
2026-08-14 20:09:28,643 - INFO - [1;32mepoch 834 evaluating[0m [[1;34mtime[0m: 0.25s, [1;34mcollision_rate[0m: 0.125983]
2026-08-14 20:09:28,670 - INFO - [1;34mSaving current[0m: ./ckpt/Instruments/Aug-14-2026_20-04-16_beta_1.000_codebook_[64,128,256]_sk_0.000/epoch_834_collision_0.1260_model.pth
2026-08-14 20:09:28,673 - INFO - Collision_rate: 0.12598266478532555.
2026-08-14 20:09:28,978 - INFO - [1;32mepoch 835 training[0m [[1;34mtime[0m: 0.30s, [1;34mtrain loss[0m: 14.7171, [1;34mreconstruction loss[0m: 8.7456]
2026-08-14 20:09:28,978 - INFO - Epoch 836/1000
2026-08-14 20:09:28,978 - INFO - Train loss: 14.71710991859436.
2026-08-14 20:09:28,978 - INFO - Reconstruction loss: 8.745601892471313.
2026-08-14 20:09:29,278 - INFO - [1;32mepoch 836 training[0m [[1;34mtime[0m: 0.30s, [1;34mtrain loss[0m: 14.7473, [1;34mreconstruction loss[0m: 8.7346]
2026-08-14 20:09:29,279 - INFO - Epoch 837/1000
2026-08-14 20:09:29,279 - INFO - Train loss: 14.747321724891663.
2026-08-14 20:09:29,279 - INFO - Reconstruction loss: 8.73455160856247.
2026-08-14 20:09:29,549 - INFO - [1;32mepoch 837 training[0m [[1;34mtime[0m: 0.27s, [1;34mtrain loss[0m: 14.7256, [1;34mreconstruction loss[0m: 8.7442]
2026-08-14 20:09:29,550 - INFO - Epoch 838/1000
2026-08-14 20:09:29,550 - INFO - Train loss: 14.725631475448608.
2026-08-14 20:09:29,550 - INFO - Reconstruction loss: 8.744193077087402.
2026-08-14 20:09:29,848 - INFO - [1;32mepoch 838 training[0m [[1;34mtime[0m: 0.30s, [1;34mtrain loss[0m: 14.7456, [1;34mreconstruction loss[0m: 8.7424]
2026-08-14 20:09:29,848 - INFO - Epoch 839/1000
2026-08-14 20:09:29,848 - INFO - Train loss: 14.74560022354126.
2026-08-14 20:09:29,848 - INFO - Reconstruction loss: 8.742390990257263.
2026-08-14 20:09:30,146 - INFO - [1;32mepoch 839 training[0m [[1;34mtime[0m: 0.30s, [1;34mtrain loss[0m: 14.7527, [1;34mreconstruction loss[0m: 8.7380]
2026-08-14 20:09:30,146 - INFO - Epoch 840/1000
2026-08-14 20:09:30,146 - INFO - Train loss: 14.752743363380432.
2026-08-14 20:09:30,146 - INFO - Reconstruction loss: 8.737982153892517.
2026-08-14 20:09:30,396 - INFO - [1;32mepoch 839 evaluating[0m [[1;34mtime[0m: 0.25s, [1;34mcollision_rate[0m: 0.128200]
2026-08-14 20:09:30,423 - INFO - [1;34mSaving current[0m: ./ckpt/Instruments/Aug-14-2026_20-04-16_beta_1.000_codebook_[64,128,256]_sk_0.000/epoch_839_collision_0.1282_model.pth
2026-08-14 20:09:30,426 - INFO - Collision_rate: 0.12819995968554726.
2026-08-14 20:09:30,718 - INFO - [1;32mepoch 840 training[0m [[1;34mtime[0m: 0.29s, [1;34mtrain loss[0m: 14.6883, [1;34mreconstruction loss[0m: 8.7264]
2026-08-14 20:09:30,718 - INFO - Epoch 841/1000
2026-08-14 20:09:30,718 - INFO - Train loss: 14.688250303268433.
2026-08-14 20:09:30,718 - INFO - Reconstruction loss: 8.7264364361763.
2026-08-14 20:09:31,024 - INFO - [1;32mepoch 841 training[0m [[1;34mtime[0m: 0.31s, [1;34mtrain loss[0m: 14.7455, [1;34mreconstruction loss[0m: 8.7432]
2026-08-14 20:09:31,025 - INFO - Epoch 842/1000
2026-08-14 20:09:31,025 - INFO - Train loss: 14.745450854301453.
2026-08-14 20:09:31,025 - INFO - Reconstruction loss: 8.743159353733063.
2026-08-14 20:09:31,330 - INFO - [1;32mepoch 842 training[0m [[1;34mtime[0m: 0.31s, [1;34mtrain loss[0m: 14.7673, [1;34mreconstruction loss[0m: 8.7422]
2026-08-14 20:09:31,331 - INFO - Epoch 843/1000
2026-08-14 20:09:31,331 - INFO - Train loss: 14.76731789112091.
2026-08-14 20:09:31,331 - INFO - Reconstruction loss: 8.742225289344788.
2026-08-14 20:09:31,637 - INFO - [1;32mepoch 843 training[0m [[1;34mtime[0m: 0.31s, [1;34mtrain loss[0m: 14.7196, [1;34mreconstruction loss[0m: 8.7377]
2026-08-14 20:09:31,638 - INFO - Epoch 844/1000
2026-08-14 20:09:31,638 - INFO - Train loss: 14.719634413719177.
2026-08-14 20:09:31,638 - INFO - Reconstruction loss: 8.737683475017548.
2026-08-14 20:09:31,947 - INFO - [1;32mepoch 844 training[0m [[1;34mtime[0m: 0.31s, [1;34mtrain loss[0m: 14.7315, [1;34mreconstruction loss[0m: 8.7485]
2026-08-14 20:09:31,948 - INFO - Epoch 845/1000
2026-08-14 20:09:31,948 - INFO - Train loss: 14.731467485427856.
2026-08-14 20:09:31,948 - INFO - Reconstruction loss: 8.748535692691803.
2026-08-14 20:09:32,213 - INFO - [1;32mepoch 844 evaluating[0m [[1;34mtime[0m: 0.27s, [1;34mcollision_rate[0m: 0.127394]
2026-08-14 20:09:32,239 - INFO - [1;34mSaving current[0m: ./ckpt/Instruments/Aug-14-2026_20-04-16_beta_1.000_codebook_[64,128,256]_sk_0.000/epoch_844_collision_0.1274_model.pth
2026-08-14 20:09:32,243 - INFO - Collision_rate: 0.1273936706309212.
2026-08-14 20:09:32,554 - INFO - [1;32mepoch 845 training[0m [[1;34mtime[0m: 0.31s, [1;34mtrain loss[0m: 14.7387, [1;34mreconstruction loss[0m: 8.7311]
2026-08-14 20:09:32,555 - INFO - Epoch 846/1000
2026-08-14 20:09:32,555 - INFO - Train loss: 14.738659143447876.
2026-08-14 20:09:32,555 - INFO - Reconstruction loss: 8.731083512306213.
2026-08-14 20:09:32,861 - INFO - [1;32mepoch 846 training[0m [[1;34mtime[0m: 0.31s, [1;34mtrain loss[0m: 14.6925, [1;34mreconstruction loss[0m: 8.7154]
2026-08-14 20:09:32,861 - INFO - Epoch 847/1000
2026-08-14 20:09:32,861 - INFO - Train loss: 14.692472696304321.
2026-08-14 20:09:32,861 - INFO - Reconstruction loss: 8.715447902679443.
2026-08-14 20:09:33,166 - INFO - [1;32mepoch 847 training[0m [[1;34mtime[0m: 0.31s, [1;34mtrain loss[0m: 14.6993, [1;34mreconstruction loss[0m: 8.7213]
2026-08-14 20:09:33,166 - INFO - Epoch 848/1000
2026-08-14 20:09:33,166 - INFO - Train loss: 14.699344038963318.
2026-08-14 20:09:33,166 - INFO - Reconstruction loss: 8.72125768661499.
2026-08-14 20:09:33,475 - INFO - [1;32mepoch 848 training[0m [[1;34mtime[0m: 0.31s, [1;34mtrain loss[0m: 14.7199, [1;34mreconstruction loss[0m: 8.7196]
2026-08-14 20:09:33,475 - INFO - Epoch 849/1000
2026-08-14 20:09:33,475 - INFO - Train loss: 14.719879388809204.
2026-08-14 20:09:33,475 - INFO - Reconstruction loss: 8.719556212425232.
2026-08-14 20:09:33,775 - INFO - [1;32mepoch 849 training[0m [[1;34mtime[0m: 0.30s, [1;34mtrain loss[0m: 14.7271, [1;34mreconstruction loss[0m: 8.7219]
2026-08-14 20:09:33,775 - INFO - Epoch 850/1000
2026-08-14 20:09:33,775 - INFO - Train loss: 14.727063059806824.
2026-08-14 20:09:33,775 - INFO - Reconstruction loss: 8.721946120262146.
2026-08-14 20:09:34,036 - INFO - [1;32mepoch 849 evaluating[0m [[1;34mtime[0m: 0.26s, [1;34mcollision_rate[0m: 0.125580]
2026-08-14 20:09:34,063 - INFO - [1;34mSaving current[0m: ./ckpt/Instruments/Aug-14-2026_20-04-16_beta_1.000_codebook_[64,128,256]_sk_0.000/epoch_849_collision_0.1256_model.pth
2026-08-14 20:09:34,067 - INFO - Collision_rate: 0.1255795202580125.
2026-08-14 20:09:34,384 - INFO - [1;32mepoch 850 training[0m [[1;34mtime[0m: 0.32s, [1;34mtrain loss[0m: 14.7175, [1;34mreconstruction loss[0m: 8.7190]
2026-08-14 20:09:34,385 - INFO - Epoch 851/1000
2026-08-14 20:09:34,385 - INFO - Train loss: 14.71748960018158.
2026-08-14 20:09:34,385 - INFO - Reconstruction loss: 8.719025731086731.
2026-08-14 20:09:34,688 - INFO - [1;32mepoch 851 training[0m [[1;34mtime[0m: 0.30s, [1;34mtrain loss[0m: 14.7224, [1;34mreconstruction loss[0m: 8.7415]
2026-08-14 20:09:34,688 - INFO - Epoch 852/1000
2026-08-14 20:09:34,688 - INFO - Train loss: 14.722388505935669.
2026-08-14 20:09:34,688 - INFO - Reconstruction loss: 8.741534411907196.
2026-08-14 20:09:34,975 - INFO - [1;32mepoch 852 training[0m [[1;34mtime[0m: 0.29s, [1;34mtrain loss[0m: 14.7288, [1;34mreconstruction loss[0m: 8.7287]
2026-08-14 20:09:34,975 - INFO - Epoch 853/1000
2026-08-14 20:09:34,975 - INFO - Train loss: 14.72875440120697.
2026-08-14 20:09:34,976 - INFO - Reconstruction loss: 8.72866439819336.
2026-08-14 20:09:35,284 - INFO - [1;32mepoch 853 training[0m [[1;34mtime[0m: 0.31s, [1;34mtrain loss[0m: 14.7214, [1;34mreconstruction loss[0m: 8.7239]
2026-08-14 20:09:35,284 - INFO - Epoch 854/1000
2026-08-14 20:09:35,284 - INFO - Train loss: 14.721442580223083.
2026-08-14 20:09:35,284 - INFO - Reconstruction loss: 8.72393423318863.
2026-08-14 20:09:35,600 - INFO - [1;32mepoch 854 training[0m [[1;34mtime[0m: 0.32s, [1;34mtrain loss[0m: 14.7383, [1;34mreconstruction loss[0m: 8.7269]
2026-08-14 20:09:35,600 - INFO - Epoch 855/1000
2026-08-14 20:09:35,600 - INFO - Train loss: 14.738309264183044.
2026-08-14 20:09:35,600 - INFO - Reconstruction loss: 8.726892054080963.
2026-08-14 20:09:35,855 - INFO - [1;32mepoch 854 evaluating[0m [[1;34mtime[0m: 0.26s, [1;34mcollision_rate[0m: 0.126890]
2026-08-14 20:09:35,881 - INFO - [1;34mSaving current[0m: ./ckpt/Instruments/Aug-14-2026_20-04-16_beta_1.000_codebook_[64,128,256]_sk_0.000/epoch_854_collision_0.1269_model.pth
2026-08-14 20:09:35,885 - INFO - Collision_rate: 0.12688973997177988.
2026-08-14 20:09:36,194 - INFO - [1;32mepoch 855 training[0m [[1;34mtime[0m: 0.31s, [1;34mtrain loss[0m: 14.7230, [1;34mreconstruction loss[0m: 8.7164]
2026-08-14 20:09:36,194 - INFO - Epoch 856/1000
2026-08-14 20:09:36,194 - INFO - Train loss: 14.722968935966492.
2026-08-14 20:09:36,194 - INFO - Reconstruction loss: 8.716370820999146.
2026-08-14 20:09:36,499 - INFO - [1;32mepoch 856 training[0m [[1;34mtime[0m: 0.30s, [1;34mtrain loss[0m: 14.7518, [1;34mreconstruction loss[0m: 8.7199]
2026-08-14 20:09:36,499 - INFO - Epoch 857/1000
2026-08-14 20:09:36,499 - INFO - Train loss: 14.751826286315918.
2026-08-14 20:09:36,499 - INFO - Reconstruction loss: 8.719884097576141.
2026-08-14 20:09:36,818 - INFO - [1;32mepoch 857 training[0m [[1;34mtime[0m: 0.32s, [1;34mtrain loss[0m: 14.7122, [1;34mreconstruction loss[0m: 8.7138]
2026-08-14 20:09:36,819 - INFO - Epoch 858/1000
2026-08-14 20:09:36,819 - INFO - Train loss: 14.712234854698181.
2026-08-14 20:09:36,819 - INFO - Reconstruction loss: 8.713841080665588.
2026-08-14 20:09:37,133 - INFO - [1;32mepoch 858 training[0m [[1;34mtime[0m: 0.31s, [1;34mtrain loss[0m: 14.7298, [1;34mreconstruction loss[0m: 8.7099]
2026-08-14 20:09:37,134 - INFO - Epoch 859/1000
2026-08-14 20:09:37,134 - INFO - Train loss: 14.729766249656677.
2026-08-14 20:09:37,134 - INFO - Reconstruction loss: 8.709850907325745.
2026-08-14 20:09:37,453 - INFO - [1;32mepoch 859 training[0m [[1;34mtime[0m: 0.32s, [1;34mtrain loss[0m: 14.7652, [1;34mreconstruction loss[0m: 8.7193]
2026-08-14 20:09:37,453 - INFO - Epoch 860/1000
2026-08-14 20:09:37,453 - INFO - Train loss: 14.765155553817749.
2026-08-14 20:09:37,453 - INFO - Reconstruction loss: 8.719340562820435.
2026-08-14 20:09:37,706 - INFO - [1;32mepoch 859 evaluating[0m [[1;34mtime[0m: 0.25s, [1;34mcollision_rate[0m: 0.125176]
2026-08-14 20:09:37,734 - INFO - [1;34mSaving current[0m: ./ckpt/Instruments/Aug-14-2026_20-04-16_beta_1.000_codebook_[64,128,256]_sk_0.000/epoch_859_collision_0.1252_model.pth
2026-08-14 20:09:37,738 - INFO - Collision_rate: 0.12517637573069945.
2026-08-14 20:09:38,038 - INFO - [1;32mepoch 860 training[0m [[1;34mtime[0m: 0.30s, [1;34mtrain loss[0m: 14.7556, [1;34mreconstruction loss[0m: 8.7154]
2026-08-14 20:09:38,038 - INFO - Epoch 861/1000
2026-08-14 20:09:38,038 - INFO - Train loss: 14.755576729774475.
2026-08-14 20:09:38,038 - INFO - Reconstruction loss: 8.715361654758453.
2026-08-14 20:09:38,337 - INFO - [1;32mepoch 861 training[0m [[1;34mtime[0m: 0.30s, [1;34mtrain loss[0m: 14.7330, [1;34mreconstruction loss[0m: 8.7310]
2026-08-14 20:09:38,337 - INFO - Epoch 862/1000
2026-08-14 20:09:38,337 - INFO - Train loss: 14.733029007911682.
2026-08-14 20:09:38,337 - INFO - Reconstruction loss: 8.73100334405899.
2026-08-14 20:09:38,637 - INFO - [1;32mepoch 862 training[0m [[1;34mtime[0m: 0.30s, [1;34mtrain loss[0m: 14.7849, [1;34mreconstruction loss[0m: 8.7165]
2026-08-14 20:09:38,637 - INFO - Epoch 863/1000
2026-08-14 20:09:38,637 - INFO - Train loss: 14.784907817840576.
2026-08-14 20:09:38,637 - INFO - Reconstruction loss: 8.716543436050415.
2026-08-14 20:09:38,947 - INFO - [1;32mepoch 863 training[0m [[1;34mtime[0m: 0.31s, [1;34mtrain loss[0m: 14.7681, [1;34mreconstruction loss[0m: 8.7233]
2026-08-14 20:09:38,948 - INFO - Epoch 864/1000
2026-08-14 20:09:38,948 - INFO - Train loss: 14.76813805103302.
2026-08-14 20:09:38,948 - INFO - Reconstruction loss: 8.723312199115753.
2026-08-14 20:09:39,249 - INFO - [1;32mepoch 864 training[0m [[1;34mtime[0m: 0.30s, [1;34mtrain loss[0m: 14.7091, [1;34mreconstruction loss[0m: 8.7019]
2026-08-14 20:09:39,249 - INFO - Epoch 865/1000
2026-08-14 20:09:39,249 - INFO - Train loss: 14.709104299545288.
2026-08-14 20:09:39,249 - INFO - Reconstruction loss: 8.701872885227203.
2026-08-14 20:09:39,501 - INFO - [1;32mepoch 864 evaluating[0m [[1;34mtime[0m: 0.25s, [1;34mcollision_rate[0m: 0.127797]
2026-08-14 20:09:39,527 - INFO - [1;34mSaving current[0m: ./ckpt/Instruments/Aug-14-2026_20-04-16_beta_1.000_codebook_[64,128,256]_sk_0.000/epoch_864_collision_0.1278_model.pth
2026-08-14 20:09:39,530 - INFO - Collision_rate: 0.12779681515823424.
2026-08-14 20:09:39,839 - INFO - [1;32mepoch 865 training[0m [[1;34mtime[0m: 0.31s, [1;34mtrain loss[0m: 14.7610, [1;34mreconstruction loss[0m: 8.7225]
2026-08-14 20:09:39,839 - INFO - Epoch 866/1000
2026-08-14 20:09:39,839 - INFO - Train loss: 14.761013627052307.
2026-08-14 20:09:39,839 - INFO - Reconstruction loss: 8.72251808643341.
2026-08-14 20:09:40,140 - INFO - [1;32mepoch 866 training[0m [[1;34mtime[0m: 0.30s, [1;34mtrain loss[0m: 14.7452, [1;34mreconstruction loss[0m: 8.7287]
2026-08-14 20:09:40,140 - INFO - Epoch 867/1000
2026-08-14 20:09:40,140 - INFO - Train loss: 14.745187759399414.
2026-08-14 20:09:40,140 - INFO - Reconstruction loss: 8.728698313236237.
2026-08-14 20:09:40,443 - INFO - [1;32mepoch 867 training[0m [[1;34mtime[0m: 0.30s, [1;34mtrain loss[0m: 14.8053, [1;34mreconstruction loss[0m: 8.7232]
2026-08-14 20:09:40,443 - INFO - Epoch 868/1000
2026-08-14 20:09:40,443 - INFO - Train loss: 14.805316090583801.
2026-08-14 20:09:40,443 - INFO - Reconstruction loss: 8.723241090774536.
2026-08-14 20:09:40,749 - INFO - [1;32mepoch 868 training[0m [[1;34mtime[0m: 0.31s, [1;34mtrain loss[0m: 14.7153, [1;34mreconstruction loss[0m: 8.7191]
2026-08-14 20:09:40,749 - INFO - Epoch 869/1000
2026-08-14 20:09:40,749 - INFO - Train loss: 14.715327262878418.
2026-08-14 20:09:40,749 - INFO - Reconstruction loss: 8.719053149223328.
2026-08-14 20:09:41,057 - INFO - [1;32mepoch 869 training[0m [[1;34mtime[0m: 0.31s, [1;34mtrain loss[0m: 14.7448, [1;34mreconstruction loss[0m: 8.7182]
2026-08-14 20:09:41,057 - INFO - Epoch 870/1000
2026-08-14 20:09:41,057 - INFO - Train loss: 14.744815349578857.
2026-08-14 20:09:41,057 - INFO - Reconstruction loss: 8.718206942081451.
2026-08-14 20:09:41,313 - INFO - [1;32mepoch 869 evaluating[0m [[1;34mtime[0m: 0.26s, [1;34mcollision_rate[0m: 0.128704]
2026-08-14 20:09:41,340 - INFO - [1;34mSaving current[0m: ./ckpt/Instruments/Aug-14-2026_20-04-16_beta_1.000_codebook_[64,128,256]_sk_0.000/epoch_869_collision_0.1287_model.pth
2026-08-14 20:09:41,344 - INFO - Collision_rate: 0.12870389034468857.
2026-08-14 20:09:41,651 - INFO - [1;32mepoch 870 training[0m [[1;34mtime[0m: 0.31s, [1;34mtrain loss[0m: 14.7858, [1;34mreconstruction loss[0m: 8.7241]
2026-08-14 20:09:41,651 - INFO - Epoch 871/1000
2026-08-14 20:09:41,651 - INFO - Train loss: 14.785754442214966.
2026-08-14 20:09:41,651 - INFO - Reconstruction loss: 8.724134981632233.
2026-08-14 20:09:41,954 - INFO - [1;32mepoch 871 training[0m [[1;34mtime[0m: 0.30s, [1;34mtrain loss[0m: 14.7593, [1;34mreconstruction loss[0m: 8.7309]
2026-08-14 20:09:41,954 - INFO - Epoch 872/1000
2026-08-14 20:09:41,954 - INFO - Train loss: 14.759280800819397.
2026-08-14 20:09:41,954 - INFO - Reconstruction loss: 8.730870485305786.
2026-08-14 20:09:42,264 - INFO - [1;32mepoch 872 training[0m [[1;34mtime[0m: 0.31s, [1;34mtrain loss[0m: 14.7805, [1;34mreconstruction loss[0m: 8.7110]
2026-08-14 20:09:42,265 - INFO - Epoch 873/1000
2026-08-14 20:09:42,265 - INFO - Train loss: 14.780505299568176.
2026-08-14 20:09:42,265 - INFO - Reconstruction loss: 8.711047530174255.
2026-08-14 20:09:42,571 - INFO - [1;32mepoch 873 training[0m [[1;34mtime[0m: 0.31s, [1;34mtrain loss[0m: 14.7867, [1;34mreconstruction loss[0m: 8.7348]
2026-08-14 20:09:42,572 - INFO - Epoch 874/1000
2026-08-14 20:09:42,572 - INFO - Train loss: 14.786693572998047.
2026-08-14 20:09:42,572 - INFO - Reconstruction loss: 8.734809279441833.
2026-08-14 20:09:42,893 - INFO - [1;32mepoch 874 training[0m [[1;34mtime[0m: 0.32s, [1;34mtrain loss[0m: 14.7358, [1;34mreconstruction loss[0m: 8.7154]
2026-08-14 20:09:42,893 - INFO - Epoch 875/1000
2026-08-14 20:09:42,893 - INFO - Train loss: 14.735789895057678.
2026-08-14 20:09:42,893 - INFO - Reconstruction loss: 8.715448081493378.
2026-08-14 20:09:43,150 - INFO - [1;32mepoch 874 evaluating[0m [[1;34mtime[0m: 0.26s, [1;34mcollision_rate[0m: 0.128704]
2026-08-14 20:09:43,176 - INFO - [1;34mSaving current[0m: ./ckpt/Instruments/Aug-14-2026_20-04-16_beta_1.000_codebook_[64,128,256]_sk_0.000/epoch_874_collision_0.1287_model.pth
2026-08-14 20:09:43,180 - INFO - Collision_rate: 0.12870389034468857.
2026-08-14 20:09:43,485 - INFO - [1;32mepoch 875 training[0m [[1;34mtime[0m: 0.30s, [1;34mtrain loss[0m: 14.7623, [1;34mreconstruction loss[0m: 8.7215]
2026-08-14 20:09:43,485 - INFO - Epoch 876/1000
2026-08-14 20:09:43,485 - INFO - Train loss: 14.762250304222107.
2026-08-14 20:09:43,485 - INFO - Reconstruction loss: 8.721473336219788.
2026-08-14 20:09:43,788 - INFO - [1;32mepoch 876 training[0m [[1;34mtime[0m: 0.30s, [1;34mtrain loss[0m: 14.7793, [1;34mreconstruction loss[0m: 8.7231]
2026-08-14 20:09:43,788 - INFO - Epoch 877/1000
2026-08-14 20:09:43,788 - INFO - Train loss: 14.779314398765564.
2026-08-14 20:09:43,788 - INFO - Reconstruction loss: 8.723136186599731.
2026-08-14 20:09:44,093 - INFO - [1;32mepoch 877 training[0m [[1;34mtime[0m: 0.31s, [1;34mtrain loss[0m: 14.7367, [1;34mreconstruction loss[0m: 8.7178]
2026-08-14 20:09:44,093 - INFO - Epoch 878/1000
2026-08-14 20:09:44,093 - INFO - Train loss: 14.736671805381775.
2026-08-14 20:09:44,094 - INFO - Reconstruction loss: 8.717808902263641.
2026-08-14 20:09:44,387 - INFO - [1;32mepoch 878 training[0m [[1;34mtime[0m: 0.29s, [1;34mtrain loss[0m: 14.7821, [1;34mreconstruction loss[0m: 8.7159]
2026-08-14 20:09:44,387 - INFO - Epoch 879/1000
2026-08-14 20:09:44,387 - INFO - Train loss: 14.782137870788574.
2026-08-14 20:09:44,387 - INFO - Reconstruction loss: 8.715938568115234.
2026-08-14 20:09:44,679 - INFO - [1;32mepoch 879 training[0m [[1;34mtime[0m: 0.29s, [1;34mtrain loss[0m: 14.7751, [1;34mreconstruction loss[0m: 8.7262]
2026-08-14 20:09:44,679 - INFO - Epoch 880/1000
2026-08-14 20:09:44,679 - INFO - Train loss: 14.77513313293457.
2026-08-14 20:09:44,679 - INFO - Reconstruction loss: 8.726153373718262.
2026-08-14 20:09:44,934 - INFO - [1;32mepoch 879 evaluating[0m [[1;34mtime[0m: 0.26s, [1;34mcollision_rate[0m: 0.123765]
2026-08-14 20:09:44,961 - INFO - [1;34mSaving current[0m: ./ckpt/Instruments/Aug-14-2026_20-04-16_beta_1.000_codebook_[64,128,256]_sk_0.000/epoch_879_collision_0.1238_model.pth
2026-08-14 20:09:44,966 - INFO - Collision_rate: 0.12376536988510381.
2026-08-14 20:09:45,268 - INFO - [1;32mepoch 880 training[0m [[1;34mtime[0m: 0.30s, [1;34mtrain loss[0m: 14.7388, [1;34mreconstruction loss[0m: 8.7143]
2026-08-14 20:09:45,268 - INFO - Epoch 881/1000
2026-08-14 20:09:45,268 - INFO - Train loss: 14.73876404762268.
2026-08-14 20:09:45,268 - INFO - Reconstruction loss: 8.714276194572449.
2026-08-14 20:09:45,575 - INFO - [1;32mepoch 881 training[0m [[1;34mtime[0m: 0.31s, [1;34mtrain loss[0m: 14.7534, [1;34mreconstruction loss[0m: 8.7100]
2026-08-14 20:09:45,575 - INFO - Epoch 882/1000
2026-08-14 20:09:45,575 - INFO - Train loss: 14.753430724143982.
2026-08-14 20:09:45,575 - INFO - Reconstruction loss: 8.710005581378937.
2026-08-14 20:09:45,880 - INFO - [1;32mepoch 882 training[0m [[1;34mtime[0m: 0.30s, [1;34mtrain loss[0m: 14.7512, [1;34mreconstruction loss[0m: 8.7115]
2026-08-14 20:09:45,880 - INFO - Epoch 883/1000
2026-08-14 20:09:45,880 - INFO - Train loss: 14.751174330711365.
2026-08-14 20:09:45,880 - INFO - Reconstruction loss: 8.711451947689056.
2026-08-14 20:09:46,179 - INFO - [1;32mepoch 883 training[0m [[1;34mtime[0m: 0.30s, [1;34mtrain loss[0m: 14.7607, [1;34mreconstruction loss[0m: 8.7103]
2026-08-14 20:09:46,179 - INFO - Epoch 884/1000
2026-08-14 20:09:46,179 - INFO - Train loss: 14.760748624801636.
2026-08-14 20:09:46,179 - INFO - Reconstruction loss: 8.710338354110718.
2026-08-14 20:09:46,485 - INFO - [1;32mepoch 884 training[0m [[1;34mtime[0m: 0.31s, [1;34mtrain loss[0m: 14.7440, [1;34mreconstruction loss[0m: 8.7114]
2026-08-14 20:09:46,486 - INFO - Epoch 885/1000
2026-08-14 20:09:46,486 - INFO - Train loss: 14.744043231010437.
2026-08-14 20:09:46,486 - INFO - Reconstruction loss: 8.711421608924866.
2026-08-14 20:09:46,737 - INFO - [1;32mepoch 884 evaluating[0m [[1;34mtime[0m: 0.25s, [1;34mcollision_rate[0m: 0.124874]
2026-08-14 20:09:46,763 - INFO - [1;34mSaving current[0m: ./ckpt/Instruments/Aug-14-2026_20-04-16_beta_1.000_codebook_[64,128,256]_sk_0.000/epoch_884_collision_0.1249_model.pth
2026-08-14 20:09:46,767 - INFO - Collision_rate: 0.12487401733521468.
2026-08-14 20:09:47,070 - INFO - [1;32mepoch 885 training[0m [[1;34mtime[0m: 0.30s, [1;34mtrain loss[0m: 14.7399, [1;34mreconstruction loss[0m: 8.6975]
2026-08-14 20:09:47,071 - INFO - Epoch 886/1000
2026-08-14 20:09:47,071 - INFO - Train loss: 14.739918828010559.
2026-08-14 20:09:47,071 - INFO - Reconstruction loss: 8.69754183292389.
2026-08-14 20:09:47,369 - INFO - [1;32mepoch 886 training[0m [[1;34mtime[0m: 0.30s, [1;34mtrain loss[0m: 14.7383, [1;34mreconstruction loss[0m: 8.7041]
2026-08-14 20:09:47,369 - INFO - Epoch 887/1000
2026-08-14 20:09:47,369 - INFO - Train loss: 14.738276720046997.
2026-08-14 20:09:47,369 - INFO - Reconstruction loss: 8.704093277454376.
2026-08-14 20:09:47,669 - INFO - [1;32mepoch 887 training[0m [[1;34mtime[0m: 0.30s, [1;34mtrain loss[0m: 14.7605, [1;34mreconstruction loss[0m: 8.7201]
2026-08-14 20:09:47,669 - INFO - Epoch 888/1000
2026-08-14 20:09:47,669 - INFO - Train loss: 14.760533928871155.
2026-08-14 20:09:47,669 - INFO - Reconstruction loss: 8.720053374767303.
2026-08-14 20:09:47,986 - INFO - [1;32mepoch 888 training[0m [[1;34mtime[0m: 0.32s, [1;34mtrain loss[0m: 14.7706, [1;34mreconstruction loss[0m: 8.7204]
2026-08-14 20:09:47,986 - INFO - Epoch 889/1000
2026-08-14 20:09:47,986 - INFO - Train loss: 14.770585060119629.
2026-08-14 20:09:47,986 - INFO - Reconstruction loss: 8.720446407794952.
2026-08-14 20:09:48,297 - INFO - [1;32mepoch 889 training[0m [[1;34mtime[0m: 0.31s, [1;34mtrain loss[0m: 14.7667, [1;34mreconstruction loss[0m: 8.7145]
2026-08-14 20:09:48,297 - INFO - Epoch 890/1000
2026-08-14 20:09:48,297 - INFO - Train loss: 14.76671552658081.
2026-08-14 20:09:48,297 - INFO - Reconstruction loss: 8.71452385187149.
2026-08-14 20:09:48,549 - INFO - [1;32mepoch 889 evaluating[0m [[1;34mtime[0m: 0.25s, [1;34mcollision_rate[0m: 0.124269]
2026-08-14 20:09:48,577 - INFO - [1;34mSaving current[0m: ./ckpt/Instruments/Aug-14-2026_20-04-16_beta_1.000_codebook_[64,128,256]_sk_0.000/epoch_889_collision_0.1243_model.pth
2026-08-14 20:09:48,581 - INFO - Collision_rate: 0.1242693005442451.
2026-08-14 20:09:48,889 - INFO - [1;32mepoch 890 training[0m [[1;34mtime[0m: 0.31s, [1;34mtrain loss[0m: 14.7458, [1;34mreconstruction loss[0m: 8.7081]
2026-08-14 20:09:48,889 - INFO - Epoch 891/1000
2026-08-14 20:09:48,889 - INFO - Train loss: 14.745843529701233.
2026-08-14 20:09:48,889 - INFO - Reconstruction loss: 8.70811241865158.
2026-08-14 20:09:49,203 - INFO - [1;32mepoch 891 training[0m [[1;34mtime[0m: 0.31s, [1;34mtrain loss[0m: 14.7649, [1;34mreconstruction loss[0m: 8.7060]
2026-08-14 20:09:49,203 - INFO - Epoch 892/1000
2026-08-14 20:09:49,203 - INFO - Train loss: 14.764906167984009.
2026-08-14 20:09:49,203 - INFO - Reconstruction loss: 8.706049382686615.
2026-08-14 20:09:49,507 - INFO - [1;32mepoch 892 training[0m [[1;34mtime[0m: 0.30s, [1;34mtrain loss[0m: 14.7848, [1;34mreconstruction loss[0m: 8.7116]
2026-08-14 20:09:49,508 - INFO - Epoch 893/1000
2026-08-14 20:09:49,508 - INFO - Train loss: 14.7847660779953.
2026-08-14 20:09:49,508 - INFO - Reconstruction loss: 8.71155035495758.
2026-08-14 20:09:49,818 - INFO - [1;32mepoch 893 training[0m [[1;34mtime[0m: 0.31s, [1;34mtrain loss[0m: 14.7464, [1;34mreconstruction loss[0m: 8.7056]
2026-08-14 20:09:49,819 - INFO - Epoch 894/1000
2026-08-14 20:09:49,819 - INFO - Train loss: 14.746366739273071.
2026-08-14 20:09:49,819 - INFO - Reconstruction loss: 8.705570876598358.
2026-08-14 20:09:50,113 - INFO - [1;32mepoch 894 training[0m [[1;34mtime[0m: 0.29s, [1;34mtrain loss[0m: 14.7705, [1;34mreconstruction loss[0m: 8.7097]
2026-08-14 20:09:50,114 - INFO - Epoch 895/1000
2026-08-14 20:09:50,114 - INFO - Train loss: 14.770475029945374.
2026-08-14 20:09:50,114 - INFO - Reconstruction loss: 8.709680676460266.
2026-08-14 20:09:50,366 - INFO - [1;32mepoch 894 evaluating[0m [[1;34mtime[0m: 0.25s, [1;34mcollision_rate[0m: 0.124471]
2026-08-14 20:09:50,396 - INFO - [1;34mSaving current[0m: ./ckpt/Instruments/Aug-14-2026_20-04-16_beta_1.000_codebook_[64,128,256]_sk_0.000/epoch_894_collision_0.1245_model.pth
2026-08-14 20:09:50,400 - INFO - Collision_rate: 0.12447087280790163.
2026-08-14 20:09:50,701 - INFO - [1;32mepoch 895 training[0m [[1;34mtime[0m: 0.30s, [1;34mtrain loss[0m: 14.7526, [1;34mreconstruction loss[0m: 8.7027]
2026-08-14 20:09:50,701 - INFO - Epoch 896/1000
2026-08-14 20:09:50,702 - INFO - Train loss: 14.752613067626953.
2026-08-14 20:09:50,702 - INFO - Reconstruction loss: 8.702727377414703.
2026-08-14 20:09:50,997 - INFO - [1;32mepoch 896 training[0m [[1;34mtime[0m: 0.30s, [1;34mtrain loss[0m: 14.7646, [1;34mreconstruction loss[0m: 8.7133]
2026-08-14 20:09:50,997 - INFO - Epoch 897/1000
2026-08-14 20:09:50,997 - INFO - Train loss: 14.76463007926941.
2026-08-14 20:09:50,997 - INFO - Reconstruction loss: 8.713289558887482.
2026-08-14 20:09:51,304 - INFO - [1;32mepoch 897 training[0m [[1;34mtime[0m: 0.31s, [1;34mtrain loss[0m: 14.7728, [1;34mreconstruction loss[0m: 8.6981]
2026-08-14 20:09:51,304 - INFO - Epoch 898/1000
2026-08-14 20:09:51,304 - INFO - Train loss: 14.772823214530945.
2026-08-14 20:09:51,304 - INFO - Reconstruction loss: 8.698061108589172.
2026-08-14 20:09:51,608 - INFO - [1;32mepoch 898 training[0m [[1;34mtime[0m: 0.30s, [1;34mtrain loss[0m: 14.7789, [1;34mreconstruction loss[0m: 8.7134]
2026-08-14 20:09:51,608 - INFO - Epoch 899/1000
2026-08-14 20:09:51,608 - INFO - Train loss: 14.77885615825653.
2026-08-14 20:09:51,608 - INFO - Reconstruction loss: 8.71340036392212.
2026-08-14 20:09:51,930 - INFO - [1;32mepoch 899 training[0m [[1;34mtime[0m: 0.32s, [1;34mtrain loss[0m: 14.7670, [1;34mreconstruction loss[0m: 8.7123]
2026-08-14 20:09:51,930 - INFO - Epoch 900/1000
2026-08-14 20:09:51,930 - INFO - Train loss: 14.76700747013092.
2026-08-14 20:09:51,930 - INFO - Reconstruction loss: 8.712272107601166.
2026-08-14 20:09:52,182 - INFO - [1;32mepoch 899 evaluating[0m [[1;34mtime[0m: 0.25s, [1;34mcollision_rate[0m: 0.124773]
2026-08-14 20:09:52,209 - INFO - [1;34mSaving current[0m: ./ckpt/Instruments/Aug-14-2026_20-04-16_beta_1.000_codebook_[64,128,256]_sk_0.000/epoch_899_collision_0.1248_model.pth
2026-08-14 20:09:52,213 - INFO - Collision_rate: 0.12477323120338642.
2026-08-14 20:09:52,522 - INFO - [1;32mepoch 900 training[0m [[1;34mtime[0m: 0.31s, [1;34mtrain loss[0m: 14.7762, [1;34mreconstruction loss[0m: 8.7100]
2026-08-14 20:09:52,523 - INFO - Epoch 901/1000
2026-08-14 20:09:52,523 - INFO - Train loss: 14.77619481086731.
2026-08-14 20:09:52,523 - INFO - Reconstruction loss: 8.710043966770172.
2026-08-14 20:09:52,828 - INFO - [1;32mepoch 901 training[0m [[1;34mtime[0m: 0.31s, [1;34mtrain loss[0m: 14.7771, [1;34mreconstruction loss[0m: 8.7207]
2026-08-14 20:09:52,828 - INFO - Epoch 902/1000
2026-08-14 20:09:52,828 - INFO - Train loss: 14.777052760124207.
2026-08-14 20:09:52,828 - INFO - Reconstruction loss: 8.720666706562042.
2026-08-14 20:09:53,141 - INFO - [1;32mepoch 902 training[0m [[1;34mtime[0m: 0.31s, [1;34mtrain loss[0m: 14.7487, [1;34mreconstruction loss[0m: 8.7034]
2026-08-14 20:09:53,141 - INFO - Epoch 903/1000
2026-08-14 20:09:53,142 - INFO - Train loss: 14.748700499534607.
2026-08-14 20:09:53,142 - INFO - Reconstruction loss: 8.703363060951233.
2026-08-14 20:09:53,451 - INFO - [1;32mepoch 903 training[0m [[1;34mtime[0m: 0.31s, [1;34mtrain loss[0m: 14.7653, [1;34mreconstruction loss[0m: 8.6912]
2026-08-14 20:09:53,451 - INFO - Epoch 904/1000
2026-08-14 20:09:53,451 - INFO - Train loss: 14.765276551246643.
2026-08-14 20:09:53,451 - INFO - Reconstruction loss: 8.691213846206665.
2026-08-14 20:09:53,768 - INFO - [1;32mepoch 904 training[0m [[1;34mtime[0m: 0.32s, [1;34mtrain loss[0m: 14.7836, [1;34mreconstruction loss[0m: 8.7119]
2026-08-14 20:09:53,769 - INFO - Epoch 905/1000
2026-08-14 20:09:53,769 - INFO - Train loss: 14.783645749092102.
2026-08-14 20:09:53,769 - INFO - Reconstruction loss: 8.71188086271286.
2026-08-14 20:09:54,028 - INFO - [1;32mepoch 904 evaluating[0m [[1;34mtime[0m: 0.26s, [1;34mcollision_rate[0m: 0.124773]
2026-08-14 20:09:54,055 - INFO - [1;34mSaving current[0m: ./ckpt/Instruments/Aug-14-2026_20-04-16_beta_1.000_codebook_[64,128,256]_sk_0.000/epoch_904_collision_0.1248_model.pth
2026-08-14 20:09:54,059 - INFO - Collision_rate: 0.12477323120338642.
2026-08-14 20:09:54,373 - INFO - [1;32mepoch 905 training[0m [[1;34mtime[0m: 0.31s, [1;34mtrain loss[0m: 14.7645, [1;34mreconstruction loss[0m: 8.7042]
2026-08-14 20:09:54,373 - INFO - Epoch 906/1000
2026-08-14 20:09:54,373 - INFO - Train loss: 14.764495015144348.
2026-08-14 20:09:54,373 - INFO - Reconstruction loss: 8.704227268695831.
2026-08-14 20:09:54,687 - INFO - [1;32mepoch 906 training[0m [[1;34mtime[0m: 0.31s, [1;34mtrain loss[0m: 14.7820, [1;34mreconstruction loss[0m: 8.7014]
2026-08-14 20:09:54,687 - INFO - Epoch 907/1000
2026-08-14 20:09:54,687 - INFO - Train loss: 14.78197467327118.
2026-08-14 20:09:54,687 - INFO - Reconstruction loss: 8.701415121555328.
2026-08-14 20:09:54,992 - INFO - [1;32mepoch 907 training[0m [[1;34mtime[0m: 0.30s, [1;34mtrain loss[0m: 14.7733, [1;34mreconstruction loss[0m: 8.7034]
2026-08-14 20:09:54,992 - INFO - Epoch 908/1000
2026-08-14 20:09:54,992 - INFO - Train loss: 14.773311614990234.
2026-08-14 20:09:54,992 - INFO - Reconstruction loss: 8.703392386436462.
2026-08-14 20:09:55,304 - INFO - [1;32mepoch 908 training[0m [[1;34mtime[0m: 0.31s, [1;34mtrain loss[0m: 14.7846, [1;34mreconstruction loss[0m: 8.6980]
2026-08-14 20:09:55,304 - INFO - Epoch 909/1000
2026-08-14 20:09:55,305 - INFO - Train loss: 14.784573912620544.
2026-08-14 20:09:55,305 - INFO - Reconstruction loss: 8.697959244251251.
2026-08-14 20:09:55,615 - INFO - [1;32mepoch 909 training[0m [[1;34mtime[0m: 0.31s, [1;34mtrain loss[0m: 14.7845, [1;34mreconstruction loss[0m: 8.7037]
2026-08-14 20:09:55,616 - INFO - Epoch 910/1000
2026-08-14 20:09:55,616 - INFO - Train loss: 14.784507513046265.
2026-08-14 20:09:55,616 - INFO - Reconstruction loss: 8.703705847263336.
2026-08-14 20:09:55,880 - INFO - [1;32mepoch 909 evaluating[0m [[1;34mtime[0m: 0.26s, [1;34mcollision_rate[0m: 0.122758]
2026-08-14 20:09:55,907 - INFO - [1;34mSaving current[0m: ./ckpt/Instruments/Aug-14-2026_20-04-16_beta_1.000_codebook_[64,128,256]_sk_0.000/epoch_909_collision_0.1228_model.pth
2026-08-14 20:09:55,911 - INFO - Collision_rate: 0.1227575085668212.
2026-08-14 20:09:56,221 - INFO - [1;32mepoch 910 training[0m [[1;34mtime[0m: 0.31s, [1;34mtrain loss[0m: 14.7756, [1;34mreconstruction loss[0m: 8.6914]
2026-08-14 20:09:56,221 - INFO - Epoch 911/1000
2026-08-14 20:09:56,221 - INFO - Train loss: 14.775580286979675.
2026-08-14 20:09:56,221 - INFO - Reconstruction loss: 8.691372215747833.
2026-08-14 20:09:56,537 - INFO - [1;32mepoch 911 training[0m [[1;34mtime[0m: 0.32s, [1;34mtrain loss[0m: 14.7686, [1;34mreconstruction loss[0m: 8.7030]
2026-08-14 20:09:56,537 - INFO - Epoch 912/1000
2026-08-14 20:09:56,537 - INFO - Train loss: 14.76857852935791.
2026-08-14 20:09:56,537 - INFO - Reconstruction loss: 8.702983140945435.
2026-08-14 20:09:56,839 - INFO - [1;32mepoch 912 training[0m [[1;34mtime[0m: 0.30s, [1;34mtrain loss[0m: 14.7683, [1;34mreconstruction loss[0m: 8.6902]
2026-08-14 20:09:56,839 - INFO - Epoch 913/1000
2026-08-14 20:09:56,839 - INFO - Train loss: 14.768322348594666.
2026-08-14 20:09:56,839 - INFO - Reconstruction loss: 8.690244615077972.
2026-08-14 20:09:57,136 - INFO - [1;32mepoch 913 training[0m [[1;34mtime[0m: 0.30s, [1;34mtrain loss[0m: 14.7692, [1;34mreconstruction loss[0m: 8.6900]
2026-08-14 20:09:57,136 - INFO - Epoch 914/1000
2026-08-14 20:09:57,136 - INFO - Train loss: 14.769153475761414.
2026-08-14 20:09:57,136 - INFO - Reconstruction loss: 8.690038025379181.
2026-08-14 20:09:57,436 - INFO - [1;32mepoch 914 training[0m [[1;34mtime[0m: 0.30s, [1;34mtrain loss[0m: 14.7599, [1;34mreconstruction loss[0m: 8.6910]
2026-08-14 20:09:57,436 - INFO - Epoch 915/1000
2026-08-14 20:09:57,436 - INFO - Train loss: 14.759938836097717.
2026-08-14 20:09:57,436 - INFO - Reconstruction loss: 8.691012799739838.
2026-08-14 20:09:57,688 - INFO - [1;32mepoch 914 evaluating[0m [[1;34mtime[0m: 0.25s, [1;34mcollision_rate[0m: 0.124471]
2026-08-14 20:09:57,714 - INFO - [1;34mSaving current[0m: ./ckpt/Instruments/Aug-14-2026_20-04-16_beta_1.000_codebook_[64,128,256]_sk_0.000/epoch_914_collision_0.1245_model.pth
2026-08-14 20:09:57,718 - INFO - Collision_rate: 0.12447087280790163.
2026-08-14 20:09:58,019 - INFO - [1;32mepoch 915 training[0m [[1;34mtime[0m: 0.30s, [1;34mtrain loss[0m: 14.8116, [1;34mreconstruction loss[0m: 8.7051]
2026-08-14 20:09:58,019 - INFO - Epoch 916/1000
2026-08-14 20:09:58,019 - INFO - Train loss: 14.811576843261719.
2026-08-14 20:09:58,019 - INFO - Reconstruction loss: 8.705132186412811.
2026-08-14 20:09:58,320 - INFO - [1;32mepoch 916 training[0m [[1;34mtime[0m: 0.30s, [1;34mtrain loss[0m: 14.7692, [1;34mreconstruction loss[0m: 8.6953]
2026-08-14 20:09:58,320 - INFO - Epoch 917/1000
2026-08-14 20:09:58,321 - INFO - Train loss: 14.76921808719635.
2026-08-14 20:09:58,321 - INFO - Reconstruction loss: 8.695273399353027.
2026-08-14 20:09:58,617 - INFO - [1;32mepoch 917 training[0m [[1;34mtime[0m: 0.30s, [1;34mtrain loss[0m: 14.7354, [1;34mreconstruction loss[0m: 8.6923]
2026-08-14 20:09:58,617 - INFO - Epoch 918/1000
2026-08-14 20:09:58,617 - INFO - Train loss: 14.735409021377563.
2026-08-14 20:09:58,618 - INFO - Reconstruction loss: 8.69233363866806.
2026-08-14 20:09:58,928 - INFO - [1;32mepoch 918 training[0m [[1;34mtime[0m: 0.31s, [1;34mtrain loss[0m: 14.8005, [1;34mreconstruction loss[0m: 8.6997]
2026-08-14 20:09:58,928 - INFO - Epoch 919/1000
2026-08-14 20:09:58,928 - INFO - Train loss: 14.800525307655334.
2026-08-14 20:09:58,928 - INFO - Reconstruction loss: 8.69974958896637.
2026-08-14 20:09:59,235 - INFO - [1;32mepoch 919 training[0m [[1;34mtime[0m: 0.31s, [1;34mtrain loss[0m: 14.7954, [1;34mreconstruction loss[0m: 8.7014]
2026-08-14 20:09:59,236 - INFO - Epoch 920/1000
2026-08-14 20:09:59,236 - INFO - Train loss: 14.795372605323792.
2026-08-14 20:09:59,236 - INFO - Reconstruction loss: 8.701369225978851.
2026-08-14 20:09:59,484 - INFO - [1;32mepoch 919 evaluating[0m [[1;34mtime[0m: 0.25s, [1;34mcollision_rate[0m: 0.123060]
2026-08-14 20:09:59,511 - INFO - [1;34mSaving current[0m: ./ckpt/Instruments/Aug-14-2026_20-04-16_beta_1.000_codebook_[64,128,256]_sk_0.000/epoch_919_collision_0.1231_model.pth
2026-08-14 20:09:59,515 - INFO - Collision_rate: 0.12305986696230599.
2026-08-14 20:09:59,822 - INFO - [1;32mepoch 920 training[0m [[1;34mtime[0m: 0.31s, [1;34mtrain loss[0m: 14.7711, [1;34mreconstruction loss[0m: 8.6989]
2026-08-14 20:09:59,822 - INFO - Epoch 921/1000
2026-08-14 20:09:59,823 - INFO - Train loss: 14.771103024482727.
2026-08-14 20:09:59,823 - INFO - Reconstruction loss: 8.698926746845245.
2026-08-14 20:10:00,122 - INFO - [1;32mepoch 921 training[0m [[1;34mtime[0m: 0.30s, [1;34mtrain loss[0m: 14.7861, [1;34mreconstruction loss[0m: 8.6955]
2026-08-14 20:10:00,123 - INFO - Epoch 922/1000
2026-08-14 20:10:00,123 - INFO - Train loss: 14.786142706871033.
2026-08-14 20:10:00,123 - INFO - Reconstruction loss: 8.695520579814911.
2026-08-14 20:10:00,428 - INFO - [1;32mepoch 922 training[0m [[1;34mtime[0m: 0.30s, [1;34mtrain loss[0m: 14.7605, [1;34mreconstruction loss[0m: 8.6922]
2026-08-14 20:10:00,428 - INFO - Epoch 923/1000
2026-08-14 20:10:00,428 - INFO - Train loss: 14.760510325431824.
2026-08-14 20:10:00,428 - INFO - Reconstruction loss: 8.692162036895752.
2026-08-14 20:10:00,729 - INFO - [1;32mepoch 923 training[0m [[1;34mtime[0m: 0.30s, [1;34mtrain loss[0m: 14.7380, [1;34mreconstruction loss[0m: 8.6927]
2026-08-14 20:10:00,730 - INFO - Epoch 924/1000
2026-08-14 20:10:00,730 - INFO - Train loss: 14.738030076026917.
2026-08-14 20:10:00,730 - INFO - Reconstruction loss: 8.692744493484497.
2026-08-14 20:10:01,035 - INFO - [1;32mepoch 924 training[0m [[1;34mtime[0m: 0.31s, [1;34mtrain loss[0m: 14.7664, [1;34mreconstruction loss[0m: 8.6933]
2026-08-14 20:10:01,035 - INFO - Epoch 925/1000
2026-08-14 20:10:01,035 - INFO - Train loss: 14.766435742378235.
2026-08-14 20:10:01,035 - INFO - Reconstruction loss: 8.693288922309875.
2026-08-14 20:10:01,296 - INFO - [1;32mepoch 924 evaluating[0m [[1;34mtime[0m: 0.26s, [1;34mcollision_rate[0m: 0.122959]
2026-08-14 20:10:01,322 - INFO - [1;34mSaving current[0m: ./ckpt/Instruments/Aug-14-2026_20-04-16_beta_1.000_codebook_[64,128,256]_sk_0.000/epoch_924_collision_0.1230_model.pth
2026-08-14 20:10:01,326 - INFO - Collision_rate: 0.12295908083047773.
2026-08-14 20:10:01,633 - INFO - [1;32mepoch 925 training[0m [[1;34mtime[0m: 0.31s, [1;34mtrain loss[0m: 14.7552, [1;34mreconstruction loss[0m: 8.6879]
2026-08-14 20:10:01,633 - INFO - Epoch 926/1000
2026-08-14 20:10:01,633 - INFO - Train loss: 14.755183815956116.
2026-08-14 20:10:01,633 - INFO - Reconstruction loss: 8.687944531440735.
2026-08-14 20:10:01,945 - INFO - [1;32mepoch 926 training[0m [[1;34mtime[0m: 0.31s, [1;34mtrain loss[0m: 14.7554, [1;34mreconstruction loss[0m: 8.6850]
2026-08-14 20:10:01,946 - INFO - Epoch 927/1000
2026-08-14 20:10:01,946 - INFO - Train loss: 14.755446910858154.
2026-08-14 20:10:01,946 - INFO - Reconstruction loss: 8.684953212738037.
2026-08-14 20:10:02,243 - INFO - [1;32mepoch 927 training[0m [[1;34mtime[0m: 0.30s, [1;34mtrain loss[0m: 14.7304, [1;34mreconstruction loss[0m: 8.6775]
2026-08-14 20:10:02,243 - INFO - Epoch 928/1000
2026-08-14 20:10:02,243 - INFO - Train loss: 14.730448246002197.
2026-08-14 20:10:02,243 - INFO - Reconstruction loss: 8.677514553070068.
2026-08-14 20:10:02,557 - INFO - [1;32mepoch 928 training[0m [[1;34mtime[0m: 0.31s, [1;34mtrain loss[0m: 14.7611, [1;34mreconstruction loss[0m: 8.6889]
2026-08-14 20:10:02,557 - INFO - Epoch 929/1000
2026-08-14 20:10:02,557 - INFO - Train loss: 14.761070609092712.
2026-08-14 20:10:02,557 - INFO - Reconstruction loss: 8.688938617706299.
2026-08-14 20:10:02,875 - INFO - [1;32mepoch 929 training[0m [[1;34mtime[0m: 0.32s, [1;34mtrain loss[0m: 14.7357, [1;34mreconstruction loss[0m: 8.6817]
2026-08-14 20:10:02,875 - INFO - Epoch 930/1000
2026-08-14 20:10:02,875 - INFO - Train loss: 14.73570454120636.
2026-08-14 20:10:02,875 - INFO - Reconstruction loss: 8.681717455387115.
2026-08-14 20:10:03,126 - INFO - [1;32mepoch 929 evaluating[0m [[1;34mtime[0m: 0.25s, [1;34mcollision_rate[0m: 0.122556]
2026-08-14 20:10:03,154 - INFO - [1;34mSaving current[0m: ./ckpt/Instruments/Aug-14-2026_20-04-16_beta_1.000_codebook_[64,128,256]_sk_0.000/epoch_929_collision_0.1226_model.pth
2026-08-14 20:10:03,158 - INFO - Collision_rate: 0.12255593630316468.
2026-08-14 20:10:03,465 - INFO - [1;32mepoch 930 training[0m [[1;34mtime[0m: 0.31s, [1;34mtrain loss[0m: 14.7490, [1;34mreconstruction loss[0m: 8.6846]
2026-08-14 20:10:03,465 - INFO - Epoch 931/1000
2026-08-14 20:10:03,465 - INFO - Train loss: 14.748990535736084.
2026-08-14 20:10:03,465 - INFO - Reconstruction loss: 8.684550940990448.
2026-08-14 20:10:03,771 - INFO - [1;32mepoch 931 training[0m [[1;34mtime[0m: 0.31s, [1;34mtrain loss[0m: 14.7555, [1;34mreconstruction loss[0m: 8.6858]
2026-08-14 20:10:03,771 - INFO - Epoch 932/1000
2026-08-14 20:10:03,771 - INFO - Train loss: 14.755535364151001.
2026-08-14 20:10:03,771 - INFO - Reconstruction loss: 8.68581360578537.
2026-08-14 20:10:04,076 - INFO - [1;32mepoch 932 training[0m [[1;34mtime[0m: 0.30s, [1;34mtrain loss[0m: 14.7331, [1;34mreconstruction loss[0m: 8.6804]
2026-08-14 20:10:04,077 - INFO - Epoch 933/1000
2026-08-14 20:10:04,077 - INFO - Train loss: 14.733132362365723.
2026-08-14 20:10:04,077 - INFO - Reconstruction loss: 8.680448651313782.
2026-08-14 20:10:04,403 - INFO - [1;32mepoch 933 training[0m [[1;34mtime[0m: 0.33s, [1;34mtrain loss[0m: 14.7410, [1;34mreconstruction loss[0m: 8.6831]
2026-08-14 20:10:04,403 - INFO - Epoch 934/1000
2026-08-14 20:10:04,403 - INFO - Train loss: 14.74096417427063.
2026-08-14 20:10:04,403 - INFO - Reconstruction loss: 8.683142721652985.
2026-08-14 20:10:04,703 - INFO - [1;32mepoch 934 training[0m [[1;34mtime[0m: 0.30s, [1;34mtrain loss[0m: 14.7238, [1;34mreconstruction loss[0m: 8.6847]
2026-08-14 20:10:04,703 - INFO - Epoch 935/1000
2026-08-14 20:10:04,704 - INFO - Train loss: 14.723754048347473.
2026-08-14 20:10:04,704 - INFO - Reconstruction loss: 8.684651136398315.
2026-08-14 20:10:04,961 - INFO - [1;32mepoch 934 evaluating[0m [[1;34mtime[0m: 0.26s, [1;34mcollision_rate[0m: 0.123866]
2026-08-14 20:10:04,987 - INFO - [1;34mSaving current[0m: ./ckpt/Instruments/Aug-14-2026_20-04-16_beta_1.000_codebook_[64,128,256]_sk_0.000/epoch_934_collision_0.1239_model.pth
2026-08-14 20:10:04,991 - INFO - Collision_rate: 0.12386615601693207.
2026-08-14 20:10:05,297 - INFO - [1;32mepoch 935 training[0m [[1;34mtime[0m: 0.31s, [1;34mtrain loss[0m: 14.7355, [1;34mreconstruction loss[0m: 8.6855]
2026-08-14 20:10:05,297 - INFO - Epoch 936/1000
2026-08-14 20:10:05,297 - INFO - Train loss: 14.735455632209778.
2026-08-14 20:10:05,297 - INFO - Reconstruction loss: 8.685537815093994.
2026-08-14 20:10:05,610 - INFO - [1;32mepoch 936 training[0m [[1;34mtime[0m: 0.31s, [1;34mtrain loss[0m: 14.7344, [1;34mreconstruction loss[0m: 8.6794]
2026-08-14 20:10:05,610 - INFO - Epoch 937/1000
2026-08-14 20:10:05,610 - INFO - Train loss: 14.734370708465576.
2026-08-14 20:10:05,610 - INFO - Reconstruction loss: 8.679443597793579.
2026-08-14 20:10:05,933 - INFO - [1;32mepoch 937 training[0m [[1;34mtime[0m: 0.32s, [1;34mtrain loss[0m: 14.7284, [1;34mreconstruction loss[0m: 8.6836]
2026-08-14 20:10:05,934 - INFO - Epoch 938/1000
2026-08-14 20:10:05,934 - INFO - Train loss: 14.72842288017273.
2026-08-14 20:10:05,934 - INFO - Reconstruction loss: 8.683640360832214.
2026-08-14 20:10:06,247 - INFO - [1;32mepoch 938 training[0m [[1;34mtime[0m: 0.31s, [1;34mtrain loss[0m: 14.7638, [1;34mreconstruction loss[0m: 8.7010]
2026-08-14 20:10:06,248 - INFO - Epoch 939/1000
2026-08-14 20:10:06,248 - INFO - Train loss: 14.763781905174255.
2026-08-14 20:10:06,248 - INFO - Reconstruction loss: 8.70096206665039.
2026-08-14 20:10:06,547 - INFO - [1;32mepoch 939 training[0m [[1;34mtime[0m: 0.30s, [1;34mtrain loss[0m: 14.7420, [1;34mreconstruction loss[0m: 8.6802]
2026-08-14 20:10:06,547 - INFO - Epoch 940/1000
2026-08-14 20:10:06,547 - INFO - Train loss: 14.741955995559692.
2026-08-14 20:10:06,547 - INFO - Reconstruction loss: 8.680216491222382.
2026-08-14 20:10:06,816 - INFO - [1;32mepoch 939 evaluating[0m [[1;34mtime[0m: 0.27s, [1;34mcollision_rate[0m: 0.122254]
2026-08-14 20:10:06,844 - INFO - [1;34mSaving current[0m: ./ckpt/Instruments/Aug-14-2026_20-04-16_beta_1.000_codebook_[64,128,256]_sk_0.000/epoch_939_collision_0.1223_model.pth
2026-08-14 20:10:06,848 - INFO - Collision_rate: 0.1222535779076799.
2026-08-14 20:10:07,160 - INFO - [1;32mepoch 940 training[0m [[1;34mtime[0m: 0.31s, [1;34mtrain loss[0m: 14.7263, [1;34mreconstruction loss[0m: 8.6739]
2026-08-14 20:10:07,160 - INFO - Epoch 941/1000
2026-08-14 20:10:07,160 - INFO - Train loss: 14.726331353187561.
2026-08-14 20:10:07,160 - INFO - Reconstruction loss: 8.673899471759796.
2026-08-14 20:10:07,479 - INFO - [1;32mepoch 941 training[0m [[1;34mtime[0m: 0.32s, [1;34mtrain loss[0m: 14.7414, [1;34mreconstruction loss[0m: 8.6786]
2026-08-14 20:10:07,479 - INFO - Epoch 942/1000
2026-08-14 20:10:07,479 - INFO - Train loss: 14.741429567337036.
2026-08-14 20:10:07,479 - INFO - Reconstruction loss: 8.678581833839417.
2026-08-14 20:10:07,790 - INFO - [1;32mepoch 942 training[0m [[1;34mtime[0m: 0.31s, [1;34mtrain loss[0m: 14.7156, [1;34mreconstruction loss[0m: 8.6776]
2026-08-14 20:10:07,790 - INFO - Epoch 943/1000
2026-08-14 20:10:07,790 - INFO - Train loss: 14.715571284294128.
2026-08-14 20:10:07,790 - INFO - Reconstruction loss: 8.677554309368134.
2026-08-14 20:10:08,109 - INFO - [1;32mepoch 943 training[0m [[1;34mtime[0m: 0.32s, [1;34mtrain loss[0m: 14.7220, [1;34mreconstruction loss[0m: 8.6703]
2026-08-14 20:10:08,109 - INFO - Epoch 944/1000
2026-08-14 20:10:08,109 - INFO - Train loss: 14.72195589542389.
2026-08-14 20:10:08,109 - INFO - Reconstruction loss: 8.670297622680664.
2026-08-14 20:10:08,419 - INFO - [1;32mepoch 944 training[0m [[1;34mtime[0m: 0.31s, [1;34mtrain loss[0m: 14.7206, [1;34mreconstruction loss[0m: 8.6761]
2026-08-14 20:10:08,419 - INFO - Epoch 945/1000
2026-08-14 20:10:08,419 - INFO - Train loss: 14.720582246780396.
2026-08-14 20:10:08,420 - INFO - Reconstruction loss: 8.676060974597931.
2026-08-14 20:10:08,671 - INFO - [1;32mepoch 944 evaluating[0m [[1;34mtime[0m: 0.25s, [1;34mcollision_rate[0m: 0.122354]
2026-08-14 20:10:08,699 - INFO - [1;34mSaving current[0m: ./ckpt/Instruments/Aug-14-2026_20-04-16_beta_1.000_codebook_[64,128,256]_sk_0.000/epoch_944_collision_0.1224_model.pth
2026-08-14 20:10:08,702 - INFO - Collision_rate: 0.12235436403950817.
2026-08-14 20:10:09,029 - INFO - [1;32mepoch 945 training[0m [[1;34mtime[0m: 0.33s, [1;34mtrain loss[0m: 14.7183, [1;34mreconstruction loss[0m: 8.6679]
2026-08-14 20:10:09,029 - INFO - Epoch 946/1000
2026-08-14 20:10:09,029 - INFO - Train loss: 14.718315243721008.
2026-08-14 20:10:09,029 - INFO - Reconstruction loss: 8.667891323566437.
2026-08-14 20:10:09,341 - INFO - [1;32mepoch 946 training[0m [[1;34mtime[0m: 0.31s, [1;34mtrain loss[0m: 14.7219, [1;34mreconstruction loss[0m: 8.6682]
2026-08-14 20:10:09,342 - INFO - Epoch 947/1000
2026-08-14 20:10:09,342 - INFO - Train loss: 14.721911549568176.
2026-08-14 20:10:09,342 - INFO - Reconstruction loss: 8.668198585510254.
2026-08-14 20:10:09,629 - INFO - [1;32mepoch 947 training[0m [[1;34mtime[0m: 0.29s, [1;34mtrain loss[0m: 14.6982, [1;34mreconstruction loss[0m: 8.6650]
2026-08-14 20:10:09,630 - INFO - Epoch 948/1000
2026-08-14 20:10:09,630 - INFO - Train loss: 14.69815218448639.
2026-08-14 20:10:09,630 - INFO - Reconstruction loss: 8.665019094944.
2026-08-14 20:10:09,937 - INFO - [1;32mepoch 948 training[0m [[1;34mtime[0m: 0.31s, [1;34mtrain loss[0m: 14.7196, [1;34mreconstruction loss[0m: 8.6776]
2026-08-14 20:10:09,937 - INFO - Epoch 949/1000
2026-08-14 20:10:09,938 - INFO - Train loss: 14.719629406929016.
2026-08-14 20:10:09,938 - INFO - Reconstruction loss: 8.6776362657547.
2026-08-14 20:10:10,247 - INFO - [1;32mepoch 949 training[0m [[1;34mtime[0m: 0.31s, [1;34mtrain loss[0m: 14.7274, [1;34mreconstruction loss[0m: 8.6716]
2026-08-14 20:10:10,247 - INFO - Epoch 950/1000
2026-08-14 20:10:10,247 - INFO - Train loss: 14.727351307868958.
2026-08-14 20:10:10,247 - INFO - Reconstruction loss: 8.671561896800995.
2026-08-14 20:10:10,506 - INFO - [1;32mepoch 949 evaluating[0m [[1;34mtime[0m: 0.26s, [1;34mcollision_rate[0m: 0.121750]
2026-08-14 20:10:10,535 - INFO - [1;34mSaving current[0m: ./ckpt/Instruments/Aug-14-2026_20-04-16_beta_1.000_codebook_[64,128,256]_sk_0.000/epoch_949_collision_0.1217_model.pth
2026-08-14 20:10:10,539 - INFO - Collision_rate: 0.1217496472485386.
2026-08-14 20:10:10,850 - INFO - [1;32mepoch 950 training[0m [[1;34mtime[0m: 0.31s, [1;34mtrain loss[0m: 14.7457, [1;34mreconstruction loss[0m: 8.6866]
2026-08-14 20:10:10,850 - INFO - Epoch 951/1000
2026-08-14 20:10:10,850 - INFO - Train loss: 14.745702147483826.
2026-08-14 20:10:10,850 - INFO - Reconstruction loss: 8.686554193496704.
2026-08-14 20:10:11,169 - INFO - [1;32mepoch 951 training[0m [[1;34mtime[0m: 0.32s, [1;34mtrain loss[0m: 14.7113, [1;34mreconstruction loss[0m: 8.6703]
2026-08-14 20:10:11,169 - INFO - Epoch 952/1000
2026-08-14 20:10:11,169 - INFO - Train loss: 14.711276769638062.
2026-08-14 20:10:11,169 - INFO - Reconstruction loss: 8.670253694057465.
2026-08-14 20:10:11,459 - INFO - [1;32mepoch 952 training[0m [[1;34mtime[0m: 0.29s, [1;34mtrain loss[0m: 14.6993, [1;34mreconstruction loss[0m: 8.6586]
2026-08-14 20:10:11,459 - INFO - Epoch 953/1000
2026-08-14 20:10:11,459 - INFO - Train loss: 14.699288010597229.
2026-08-14 20:10:11,459 - INFO - Reconstruction loss: 8.658584952354431.
2026-08-14 20:10:11,761 - INFO - [1;32mepoch 953 training[0m [[1;34mtime[0m: 0.30s, [1;34mtrain loss[0m: 14.7097, [1;34mreconstruction loss[0m: 8.6734]
2026-08-14 20:10:11,761 - INFO - Epoch 954/1000
2026-08-14 20:10:11,761 - INFO - Train loss: 14.709733247756958.
2026-08-14 20:10:11,761 - INFO - Reconstruction loss: 8.673409163951874.
2026-08-14 20:10:12,060 - INFO - [1;32mepoch 954 training[0m [[1;34mtime[0m: 0.30s, [1;34mtrain loss[0m: 14.7242, [1;34mreconstruction loss[0m: 8.6807]
2026-08-14 20:10:12,060 - INFO - Epoch 955/1000
2026-08-14 20:10:12,060 - INFO - Train loss: 14.724194049835205.
2026-08-14 20:10:12,060 - INFO - Reconstruction loss: 8.680710852146149.
2026-08-14 20:10:12,322 - INFO - [1;32mepoch 954 evaluating[0m [[1;34mtime[0m: 0.26s, [1;34mcollision_rate[0m: 0.122455]
2026-08-14 20:10:12,352 - INFO - [1;34mSaving current[0m: ./ckpt/Instruments/Aug-14-2026_20-04-16_beta_1.000_codebook_[64,128,256]_sk_0.000/epoch_954_collision_0.1225_model.pth
2026-08-14 20:10:12,356 - INFO - Collision_rate: 0.12245515017133643.
2026-08-14 20:10:12,663 - INFO - [1;32mepoch 955 training[0m [[1;34mtime[0m: 0.31s, [1;34mtrain loss[0m: 14.7214, [1;34mreconstruction loss[0m: 8.6796]
2026-08-14 20:10:12,663 - INFO - Epoch 956/1000
2026-08-14 20:10:12,663 - INFO - Train loss: 14.721351027488708.
2026-08-14 20:10:12,663 - INFO - Reconstruction loss: 8.679550588130951.
2026-08-14 20:10:12,957 - INFO - [1;32mepoch 956 training[0m [[1;34mtime[0m: 0.29s, [1;34mtrain loss[0m: 14.7129, [1;34mreconstruction loss[0m: 8.6742]
2026-08-14 20:10:12,957 - INFO - Epoch 957/1000
2026-08-14 20:10:12,957 - INFO - Train loss: 14.712908625602722.
2026-08-14 20:10:12,957 - INFO - Reconstruction loss: 8.674239218235016.
2026-08-14 20:10:13,253 - INFO - [1;32mepoch 957 training[0m [[1;34mtime[0m: 0.30s, [1;34mtrain loss[0m: 14.7216, [1;34mreconstruction loss[0m: 8.6691]
2026-08-14 20:10:13,253 - INFO - Epoch 958/1000
2026-08-14 20:10:13,253 - INFO - Train loss: 14.721550345420837.
2026-08-14 20:10:13,253 - INFO - Reconstruction loss: 8.669143497943878.
2026-08-14 20:10:13,552 - INFO - [1;32mepoch 958 training[0m [[1;34mtime[0m: 0.30s, [1;34mtrain loss[0m: 14.7123, [1;34mreconstruction loss[0m: 8.6628]
2026-08-14 20:10:13,552 - INFO - Epoch 959/1000
2026-08-14 20:10:13,552 - INFO - Train loss: 14.71228539943695.
2026-08-14 20:10:13,552 - INFO - Reconstruction loss: 8.66278088092804.
2026-08-14 20:10:13,855 - INFO - [1;32mepoch 959 training[0m [[1;34mtime[0m: 0.30s, [1;34mtrain loss[0m: 14.7063, [1;34mreconstruction loss[0m: 8.6717]
2026-08-14 20:10:13,855 - INFO - Epoch 960/1000
2026-08-14 20:10:13,855 - INFO - Train loss: 14.706326365470886.
2026-08-14 20:10:13,855 - INFO - Reconstruction loss: 8.671716570854187.
2026-08-14 20:10:14,113 - INFO - [1;32mepoch 959 evaluating[0m [[1;34mtime[0m: 0.26s, [1;34mcollision_rate[0m: 0.121951]
2026-08-14 20:10:14,145 - INFO - [1;34mSaving current[0m: ./ckpt/Instruments/Aug-14-2026_20-04-16_beta_1.000_codebook_[64,128,256]_sk_0.000/epoch_959_collision_0.1220_model.pth
2026-08-14 20:10:14,149 - INFO - Collision_rate: 0.12195121951219512.
2026-08-14 20:10:14,454 - INFO - [1;32mepoch 960 training[0m [[1;34mtime[0m: 0.31s, [1;34mtrain loss[0m: 14.7135, [1;34mreconstruction loss[0m: 8.6668]
2026-08-14 20:10:14,455 - INFO - Epoch 961/1000
2026-08-14 20:10:14,455 - INFO - Train loss: 14.713527917861938.
2026-08-14 20:10:14,455 - INFO - Reconstruction loss: 8.666837573051453.
2026-08-14 20:10:14,756 - INFO - [1;32mepoch 961 training[0m [[1;34mtime[0m: 0.30s, [1;34mtrain loss[0m: 14.7065, [1;34mreconstruction loss[0m: 8.6670]
2026-08-14 20:10:14,756 - INFO - Epoch 962/1000
2026-08-14 20:10:14,756 - INFO - Train loss: 14.706539392471313.
2026-08-14 20:10:14,756 - INFO - Reconstruction loss: 8.6669842004776.
2026-08-14 20:10:15,048 - INFO - [1;32mepoch 962 training[0m [[1;34mtime[0m: 0.29s, [1;34mtrain loss[0m: 14.7049, [1;34mreconstruction loss[0m: 8.6698]
2026-08-14 20:10:15,049 - INFO - Epoch 963/1000
2026-08-14 20:10:15,049 - INFO - Train loss: 14.70494270324707.
2026-08-14 20:10:15,049 - INFO - Reconstruction loss: 8.66978108882904.
2026-08-14 20:10:15,337 - INFO - [1;32mepoch 963 training[0m [[1;34mtime[0m: 0.29s, [1;34mtrain loss[0m: 14.7244, [1;34mreconstruction loss[0m: 8.6796]
2026-08-14 20:10:15,338 - INFO - Epoch 964/1000
2026-08-14 20:10:15,338 - INFO - Train loss: 14.724435925483704.
2026-08-14 20:10:15,338 - INFO - Reconstruction loss: 8.67962920665741.
2026-08-14 20:10:15,634 - INFO - [1;32mepoch 964 training[0m [[1;34mtime[0m: 0.30s, [1;34mtrain loss[0m: 14.7212, [1;34mreconstruction loss[0m: 8.6714]
2026-08-14 20:10:15,634 - INFO - Epoch 965/1000
2026-08-14 20:10:15,634 - INFO - Train loss: 14.721214532852173.
2026-08-14 20:10:15,634 - INFO - Reconstruction loss: 8.67135626077652.
2026-08-14 20:10:15,889 - INFO - [1;32mepoch 964 evaluating[0m [[1;34mtime[0m: 0.26s, [1;34mcollision_rate[0m: 0.124471]
2026-08-14 20:10:15,916 - INFO - [1;34mSaving current[0m: ./ckpt/Instruments/Aug-14-2026_20-04-16_beta_1.000_codebook_[64,128,256]_sk_0.000/epoch_964_collision_0.1245_model.pth
2026-08-14 20:10:15,920 - INFO - Collision_rate: 0.12447087280790163.
2026-08-14 20:10:16,222 - INFO - [1;32mepoch 965 training[0m [[1;34mtime[0m: 0.30s, [1;34mtrain loss[0m: 14.7007, [1;34mreconstruction loss[0m: 8.6697]
2026-08-14 20:10:16,222 - INFO - Epoch 966/1000
2026-08-14 20:10:16,222 - INFO - Train loss: 14.700660824775696.
2026-08-14 20:10:16,222 - INFO - Reconstruction loss: 8.669657766819.
2026-08-14 20:10:16,524 - INFO - [1;32mepoch 966 training[0m [[1;34mtime[0m: 0.30s, [1;34mtrain loss[0m: 14.7007, [1;34mreconstruction loss[0m: 8.6653]
2026-08-14 20:10:16,525 - INFO - Epoch 967/1000
2026-08-14 20:10:16,525 - INFO - Train loss: 14.700726747512817.
2026-08-14 20:10:16,525 - INFO - Reconstruction loss: 8.665260314941406.
2026-08-14 20:10:16,828 - INFO - [1;32mepoch 967 training[0m [[1;34mtime[0m: 0.30s, [1;34mtrain loss[0m: 14.6911, [1;34mreconstruction loss[0m: 8.6615]
2026-08-14 20:10:16,828 - INFO - Epoch 968/1000
2026-08-14 20:10:16,828 - INFO - Train loss: 14.691131711006165.
2026-08-14 20:10:16,828 - INFO - Reconstruction loss: 8.661487579345703.
2026-08-14 20:10:17,144 - INFO - [1;32mepoch 968 training[0m [[1;34mtime[0m: 0.32s, [1;34mtrain loss[0m: 14.6973, [1;34mreconstruction loss[0m: 8.6631]
2026-08-14 20:10:17,144 - INFO - Epoch 969/1000
2026-08-14 20:10:17,144 - INFO - Train loss: 14.697274446487427.
2026-08-14 20:10:17,144 - INFO - Reconstruction loss: 8.663070380687714.
2026-08-14 20:10:17,445 - INFO - [1;32mepoch 969 training[0m [[1;34mtime[0m: 0.30s, [1;34mtrain loss[0m: 14.7091, [1;34mreconstruction loss[0m: 8.6648]
2026-08-14 20:10:17,445 - INFO - Epoch 970/1000
2026-08-14 20:10:17,445 - INFO - Train loss: 14.709110260009766.
2026-08-14 20:10:17,445 - INFO - Reconstruction loss: 8.664801597595215.
2026-08-14 20:10:17,673 - INFO - [1;32mepoch 969 evaluating[0m [[1;34mtime[0m: 0.23s, [1;34mcollision_rate[0m: 0.124370]
2026-08-14 20:10:17,703 - INFO - [1;34mSaving current[0m: ./ckpt/Instruments/Aug-14-2026_20-04-16_beta_1.000_codebook_[64,128,256]_sk_0.000/epoch_969_collision_0.1244_model.pth
2026-08-14 20:10:17,707 - INFO - Collision_rate: 0.12437008667607337.
2026-08-14 20:10:18,003 - INFO - [1;32mepoch 970 training[0m [[1;34mtime[0m: 0.30s, [1;34mtrain loss[0m: 14.6938, [1;34mreconstruction loss[0m: 8.6615]
2026-08-14 20:10:18,003 - INFO - Epoch 971/1000
2026-08-14 20:10:18,003 - INFO - Train loss: 14.693790316581726.
2026-08-14 20:10:18,003 - INFO - Reconstruction loss: 8.661536931991577.
2026-08-14 20:10:18,308 - INFO - [1;32mepoch 971 training[0m [[1;34mtime[0m: 0.30s, [1;34mtrain loss[0m: 14.6989, [1;34mreconstruction loss[0m: 8.6593]
2026-08-14 20:10:18,308 - INFO - Epoch 972/1000
2026-08-14 20:10:18,308 - INFO - Train loss: 14.698939442634583.
2026-08-14 20:10:18,308 - INFO - Reconstruction loss: 8.659288823604584.
2026-08-14 20:10:18,612 - INFO - [1;32mepoch 972 training[0m [[1;34mtime[0m: 0.30s, [1;34mtrain loss[0m: 14.6977, [1;34mreconstruction loss[0m: 8.6602]
2026-08-14 20:10:18,612 - INFO - Epoch 973/1000
2026-08-14 20:10:18,612 - INFO - Train loss: 14.697749257087708.
2026-08-14 20:10:18,612 - INFO - Reconstruction loss: 8.660206973552704.
2026-08-14 20:10:18,910 - INFO - [1;32mepoch 973 training[0m [[1;34mtime[0m: 0.30s, [1;34mtrain loss[0m: 14.7044, [1;34mreconstruction loss[0m: 8.6627]
2026-08-14 20:10:18,910 - INFO - Epoch 974/1000
2026-08-14 20:10:18,910 - INFO - Train loss: 14.704379558563232.
2026-08-14 20:10:18,910 - INFO - Reconstruction loss: 8.662735044956207.
2026-08-14 20:10:19,214 - INFO - [1;32mepoch 974 training[0m [[1;34mtime[0m: 0.30s, [1;34mtrain loss[0m: 14.6933, [1;34mreconstruction loss[0m: 8.6577]
2026-08-14 20:10:19,214 - INFO - Epoch 975/1000
2026-08-14 20:10:19,214 - INFO - Train loss: 14.693339824676514.
2026-08-14 20:10:19,214 - INFO - Reconstruction loss: 8.65768027305603.
2026-08-14 20:10:19,477 - INFO - [1;32mepoch 974 evaluating[0m [[1;34mtime[0m: 0.26s, [1;34mcollision_rate[0m: 0.121649]
2026-08-14 20:10:19,505 - INFO - [1;34mSaving current[0m: ./ckpt/Instruments/Aug-14-2026_20-04-16_beta_1.000_codebook_[64,128,256]_sk_0.000/epoch_974_collision_0.1216_model.pth
2026-08-14 20:10:19,509 - INFO - Collision_rate: 0.12164886111671035.
2026-08-14 20:10:19,801 - INFO - [1;32mepoch 975 training[0m [[1;34mtime[0m: 0.29s, [1;34mtrain loss[0m: 14.7089, [1;34mreconstruction loss[0m: 8.6645]
2026-08-14 20:10:19,801 - INFO - Epoch 976/1000
2026-08-14 20:10:19,801 - INFO - Train loss: 14.708852648735046.
2026-08-14 20:10:19,801 - INFO - Reconstruction loss: 8.664527177810669.
2026-08-14 20:10:20,111 - INFO - [1;32mepoch 976 training[0m [[1;34mtime[0m: 0.31s, [1;34mtrain loss[0m: 14.6903, [1;34mreconstruction loss[0m: 8.6605]
2026-08-14 20:10:20,111 - INFO - Epoch 977/1000
2026-08-14 20:10:20,111 - INFO - Train loss: 14.69034993648529.
2026-08-14 20:10:20,111 - INFO - Reconstruction loss: 8.660528779029846.
2026-08-14 20:10:20,412 - INFO - [1;32mepoch 977 training[0m [[1;34mtime[0m: 0.30s, [1;34mtrain loss[0m: 14.7085, [1;34mreconstruction loss[0m: 8.6663]
2026-08-14 20:10:20,413 - INFO - Epoch 978/1000
2026-08-14 20:10:20,413 - INFO - Train loss: 14.708545684814453.
2026-08-14 20:10:20,413 - INFO - Reconstruction loss: 8.66633552312851.
2026-08-14 20:10:20,703 - INFO - [1;32mepoch 978 training[0m [[1;34mtime[0m: 0.29s, [1;34mtrain loss[0m: 14.7088, [1;34mreconstruction loss[0m: 8.6598]
2026-08-14 20:10:20,703 - INFO - Epoch 979/1000
2026-08-14 20:10:20,703 - INFO - Train loss: 14.708841562271118.
2026-08-14 20:10:20,703 - INFO - Reconstruction loss: 8.659806728363037.
2026-08-14 20:10:21,016 - INFO - [1;32mepoch 979 training[0m [[1;34mtime[0m: 0.31s, [1;34mtrain loss[0m: 14.7078, [1;34mreconstruction loss[0m: 8.6660]
2026-08-14 20:10:21,017 - INFO - Epoch 980/1000
2026-08-14 20:10:21,017 - INFO - Train loss: 14.707818984985352.
2026-08-14 20:10:21,017 - INFO - Reconstruction loss: 8.666039228439331.
2026-08-14 20:10:21,276 - INFO - [1;32mepoch 979 evaluating[0m [[1;34mtime[0m: 0.26s, [1;34mcollision_rate[0m: 0.124169]
2026-08-14 20:10:21,305 - INFO - [1;34mSaving current[0m: ./ckpt/Instruments/Aug-14-2026_20-04-16_beta_1.000_codebook_[64,128,256]_sk_0.000/epoch_979_collision_0.1242_model.pth
2026-08-14 20:10:21,309 - INFO - Collision_rate: 0.12416851441241686.
2026-08-14 20:10:21,629 - INFO - [1;32mepoch 980 training[0m [[1;34mtime[0m: 0.32s, [1;34mtrain loss[0m: 14.7067, [1;34mreconstruction loss[0m: 8.6623]
2026-08-14 20:10:21,629 - INFO - Epoch 981/1000
2026-08-14 20:10:21,629 - INFO - Train loss: 14.706680417060852.
2026-08-14 20:10:21,629 - INFO - Reconstruction loss: 8.662307739257812.
2026-08-14 20:10:21,959 - INFO - [1;32mepoch 981 training[0m [[1;34mtime[0m: 0.33s, [1;34mtrain loss[0m: 14.7091, [1;34mreconstruction loss[0m: 8.6616]
2026-08-14 20:10:21,959 - INFO - Epoch 982/1000
2026-08-14 20:10:21,959 - INFO - Train loss: 14.70911192893982.
2026-08-14 20:10:21,959 - INFO - Reconstruction loss: 8.661609828472137.
2026-08-14 20:10:22,275 - INFO - [1;32mepoch 982 training[0m [[1;34mtime[0m: 0.32s, [1;34mtrain loss[0m: 14.7132, [1;34mreconstruction loss[0m: 8.6644]
2026-08-14 20:10:22,275 - INFO - Epoch 983/1000
2026-08-14 20:10:22,275 - INFO - Train loss: 14.713210225105286.
2026-08-14 20:10:22,275 - INFO - Reconstruction loss: 8.66435319185257.
2026-08-14 20:10:22,565 - INFO - [1;32mepoch 983 training[0m [[1;34mtime[0m: 0.29s, [1;34mtrain loss[0m: 14.6987, [1;34mreconstruction loss[0m: 8.6571]
2026-08-14 20:10:22,566 - INFO - Epoch 984/1000
2026-08-14 20:10:22,566 - INFO - Train loss: 14.698666095733643.
2026-08-14 20:10:22,566 - INFO - Reconstruction loss: 8.657078862190247.
2026-08-14 20:10:22,869 - INFO - [1;32mepoch 984 training[0m [[1;34mtime[0m: 0.30s, [1;34mtrain loss[0m: 14.6978, [1;34mreconstruction loss[0m: 8.6575]
2026-08-14 20:10:22,869 - INFO - Epoch 985/1000
2026-08-14 20:10:22,869 - INFO - Train loss: 14.697824478149414.
2026-08-14 20:10:22,869 - INFO - Reconstruction loss: 8.657501578330994.
2026-08-14 20:10:23,123 - INFO - [1;32mepoch 984 evaluating[0m [[1;34mtime[0m: 0.25s, [1;34mcollision_rate[0m: 0.122556]
2026-08-14 20:10:23,150 - INFO - [1;34mSaving current[0m: ./ckpt/Instruments/Aug-14-2026_20-04-16_beta_1.000_codebook_[64,128,256]_sk_0.000/epoch_984_collision_0.1226_model.pth
2026-08-14 20:10:23,154 - INFO - Collision_rate: 0.12255593630316468.
2026-08-14 20:10:23,466 - INFO - [1;32mepoch 985 training[0m [[1;34mtime[0m: 0.31s, [1;34mtrain loss[0m: 14.7059, [1;34mreconstruction loss[0m: 8.6568]
2026-08-14 20:10:23,466 - INFO - Epoch 986/1000
2026-08-14 20:10:23,466 - INFO - Train loss: 14.70587432384491.
2026-08-14 20:10:23,466 - INFO - Reconstruction loss: 8.656753897666931.
2026-08-14 20:10:23,780 - INFO - [1;32mepoch 986 training[0m [[1;34mtime[0m: 0.31s, [1;34mtrain loss[0m: 14.7051, [1;34mreconstruction loss[0m: 8.6574]
2026-08-14 20:10:23,780 - INFO - Epoch 987/1000
2026-08-14 20:10:23,780 - INFO - Train loss: 14.705116271972656.
2026-08-14 20:10:23,780 - INFO - Reconstruction loss: 8.65737372636795.
2026-08-14 20:10:24,097 - INFO - [1;32mepoch 987 training[0m [[1;34mtime[0m: 0.32s, [1;34mtrain loss[0m: 14.7040, [1;34mreconstruction loss[0m: 8.6626]
2026-08-14 20:10:24,098 - INFO - Epoch 988/1000
2026-08-14 20:10:24,098 - INFO - Train loss: 14.704024076461792.
2026-08-14 20:10:24,098 - INFO - Reconstruction loss: 8.662576735019684.
2026-08-14 20:10:24,410 - INFO - [1;32mepoch 988 training[0m [[1;34mtime[0m: 0.31s, [1;34mtrain loss[0m: 14.6950, [1;34mreconstruction loss[0m: 8.6544]
2026-08-14 20:10:24,410 - INFO - Epoch 989/1000
2026-08-14 20:10:24,410 - INFO - Train loss: 14.694970965385437.
2026-08-14 20:10:24,411 - INFO - Reconstruction loss: 8.654366135597229.
2026-08-14 20:10:24,726 - INFO - [1;32mepoch 989 training[0m [[1;34mtime[0m: 0.31s, [1;34mtrain loss[0m: 14.7037, [1;34mreconstruction loss[0m: 8.6592]
2026-08-14 20:10:24,726 - INFO - Epoch 990/1000
2026-08-14 20:10:24,726 - INFO - Train loss: 14.703674554824829.
2026-08-14 20:10:24,726 - INFO - Reconstruction loss: 8.659151196479797.
2026-08-14 20:10:24,983 - INFO - [1;32mepoch 989 evaluating[0m [[1;34mtime[0m: 0.26s, [1;34mcollision_rate[0m: 0.123765]
2026-08-14 20:10:25,014 - INFO - [1;34mSaving current[0m: ./ckpt/Instruments/Aug-14-2026_20-04-16_beta_1.000_codebook_[64,128,256]_sk_0.000/epoch_989_collision_0.1238_model.pth
2026-08-14 20:10:25,018 - INFO - Collision_rate: 0.12376536988510381.
2026-08-14 20:10:25,304 - INFO - [1;32mepoch 990 training[0m [[1;34mtime[0m: 0.29s, [1;34mtrain loss[0m: 14.6927, [1;34mreconstruction loss[0m: 8.6520]
2026-08-14 20:10:25,304 - INFO - Epoch 991/1000
2026-08-14 20:10:25,304 - INFO - Train loss: 14.692687749862671.
2026-08-14 20:10:25,304 - INFO - Reconstruction loss: 8.652005314826965.
2026-08-14 20:10:25,614 - INFO - [1;32mepoch 991 training[0m [[1;34mtime[0m: 0.31s, [1;34mtrain loss[0m: 14.6938, [1;34mreconstruction loss[0m: 8.6555]
2026-08-14 20:10:25,614 - INFO - Epoch 992/1000
2026-08-14 20:10:25,614 - INFO - Train loss: 14.693816065788269.
2026-08-14 20:10:25,614 - INFO - Reconstruction loss: 8.655525386333466.
2026-08-14 20:10:25,937 - INFO - [1;32mepoch 992 training[0m [[1;34mtime[0m: 0.32s, [1;34mtrain loss[0m: 14.6920, [1;34mreconstruction loss[0m: 8.6510]
2026-08-14 20:10:25,937 - INFO - Epoch 993/1000
2026-08-14 20:10:25,937 - INFO - Train loss: 14.692026495933533.
2026-08-14 20:10:25,937 - INFO - Reconstruction loss: 8.650951862335205.
2026-08-14 20:10:26,229 - INFO - [1;32mepoch 993 training[0m [[1;34mtime[0m: 0.29s, [1;34mtrain loss[0m: 14.7002, [1;34mreconstruction loss[0m: 8.6591]
2026-08-14 20:10:26,229 - INFO - Epoch 994/1000
2026-08-14 20:10:26,229 - INFO - Train loss: 14.700193762779236.
2026-08-14 20:10:26,229 - INFO - Reconstruction loss: 8.65913712978363.
2026-08-14 20:10:26,535 - INFO - [1;32mepoch 994 training[0m [[1;34mtime[0m: 0.31s, [1;34mtrain loss[0m: 14.7047, [1;34mreconstruction loss[0m: 8.6587]
2026-08-14 20:10:26,535 - INFO - Epoch 995/1000
2026-08-14 20:10:26,535 - INFO - Train loss: 14.704696536064148.
2026-08-14 20:10:26,535 - INFO - Reconstruction loss: 8.658715069293976.
2026-08-14 20:10:26,785 - INFO - [1;32mepoch 994 evaluating[0m [[1;34mtime[0m: 0.25s, [1;34mcollision_rate[0m: 0.122758]
2026-08-14 20:10:26,813 - INFO - [1;34mSaving current[0m: ./ckpt/Instruments/Aug-14-2026_20-04-16_beta_1.000_codebook_[64,128,256]_sk_0.000/epoch_994_collision_0.1228_model.pth
2026-08-14 20:10:26,817 - INFO - Collision_rate: 0.1227575085668212.
2026-08-14 20:10:27,127 - INFO - [1;32mepoch 995 training[0m [[1;34mtime[0m: 0.31s, [1;34mtrain loss[0m: 14.6928, [1;34mreconstruction loss[0m: 8.6482]
2026-08-14 20:10:27,127 - INFO - Epoch 996/1000
2026-08-14 20:10:27,127 - INFO - Train loss: 14.692781805992126.
2026-08-14 20:10:27,127 - INFO - Reconstruction loss: 8.648225963115692.
2026-08-14 20:10:27,430 - INFO - [1;32mepoch 996 training[0m [[1;34mtime[0m: 0.30s, [1;34mtrain loss[0m: 14.6923, [1;34mreconstruction loss[0m: 8.6519]
2026-08-14 20:10:27,430 - INFO - Epoch 997/1000
2026-08-14 20:10:27,430 - INFO - Train loss: 14.692341685295105.
2026-08-14 20:10:27,430 - INFO - Reconstruction loss: 8.65186095237732.
2026-08-14 20:10:27,720 - INFO - [1;32mepoch 997 training[0m [[1;34mtime[0m: 0.29s, [1;34mtrain loss[0m: 14.7018, [1;34mreconstruction loss[0m: 8.6572]
2026-08-14 20:10:27,720 - INFO - Epoch 998/1000
2026-08-14 20:10:27,720 - INFO - Train loss: 14.701823472976685.
2026-08-14 20:10:27,720 - INFO - Reconstruction loss: 8.657168865203857.
2026-08-14 20:10:28,034 - INFO - [1;32mepoch 998 training[0m [[1;34mtime[0m: 0.31s, [1;34mtrain loss[0m: 14.6948, [1;34mreconstruction loss[0m: 8.6582]
2026-08-14 20:10:28,034 - INFO - Epoch 999/1000
2026-08-14 20:10:28,034 - INFO - Train loss: 14.69480299949646.
2026-08-14 20:10:28,034 - INFO - Reconstruction loss: 8.658172011375427.
2026-08-14 20:10:28,348 - INFO - [1;32mepoch 999 training[0m [[1;34mtime[0m: 0.31s, [1;34mtrain loss[0m: 14.6935, [1;34mreconstruction loss[0m: 8.6520]
2026-08-14 20:10:28,349 - INFO - Epoch 1000/1000
2026-08-14 20:10:28,349 - INFO - Train loss: 14.693498373031616.
2026-08-14 20:10:28,349 - INFO - Reconstruction loss: 8.65197765827179.
2026-08-14 20:10:28,591 - INFO - [1;32mepoch 999 evaluating[0m [[1;34mtime[0m: 0.24s, [1;34mcollision_rate[0m: 0.123261]
2026-08-14 20:10:28,621 - INFO - [1;34mSaving current[0m: ./ckpt/Instruments/Aug-14-2026_20-04-16_beta_1.000_codebook_[64,128,256]_sk_0.000/epoch_999_collision_0.1233_model.pth
2026-08-14 20:10:28,625 - INFO - Collision_rate: 0.12326143922596251.
