[RecBole RQ-VAE] device=cuda:0 all_items=24587 train_items=24556 world_size=4
[RecBole RQ-VAE] config: epochs=3000 batch_size_per_rank=1024 total_batch=4096 lr=0.001
[RecBole RQ-VAE] initializing codebooks with KMeans
/fs04/ar57/wenyu/GeneRec/stage2_RQ-VAE/TIGER_FORK_RQ-VAE/model/layers.py:102: UserWarning: Deterministic behavior was enabled with either `torch.use_deterministic_algorithms(True)` or `at::Context::setDeterministicAlgorithms(true)`, but this operation is not deterministic because it uses CuBLAS and you have CUDA >= 10.2. To enable deterministic behavior in this case, you must set an environment variable before running your PyTorch application: CUBLAS_WORKSPACE_CONFIG=:4096:8 or CUBLAS_WORKSPACE_CONFIG=:16:8. For more information, go to https://docs.nvidia.com/cuda/cublas/index.html#results-reproducibility (Triggered internally at /pytorch/aten/src/ATen/Context.cpp:233.)
  - 2 * latent @ code_embs.t()
/fs04/ar57/wenyu/GeneRec/stage2_RQ-VAE/TIGER_FORK_RQ-VAE/model/layers.py:102: UserWarning: Deterministic behavior was enabled with either `torch.use_deterministic_algorithms(True)` or `at::Context::setDeterministicAlgorithms(true)`, but this operation is not deterministic because it uses CuBLAS and you have CUDA >= 10.2. To enable deterministic behavior in this case, you must set an environment variable before running your PyTorch application: CUBLAS_WORKSPACE_CONFIG=:4096:8 or CUBLAS_WORKSPACE_CONFIG=:16:8. For more information, go to https://docs.nvidia.com/cuda/cublas/index.html#results-reproducibility (Triggered internally at /pytorch/aten/src/ATen/Context.cpp:233.)
  - 2 * latent @ code_embs.t()
/fs04/ar57/wenyu/GeneRec/stage2_RQ-VAE/TIGER_FORK_RQ-VAE/model/layers.py:102: UserWarning: Deterministic behavior was enabled with either `torch.use_deterministic_algorithms(True)` or `at::Context::setDeterministicAlgorithms(true)`, but this operation is not deterministic because it uses CuBLAS and you have CUDA >= 10.2. To enable deterministic behavior in this case, you must set an environment variable before running your PyTorch application: CUBLAS_WORKSPACE_CONFIG=:4096:8 or CUBLAS_WORKSPACE_CONFIG=:16:8. For more information, go to https://docs.nvidia.com/cuda/cublas/index.html#results-reproducibility (Triggered internally at /pytorch/aten/src/ATen/Context.cpp:233.)
  - 2 * latent @ code_embs.t()
/fs04/ar57/wenyu/GeneRec/stage2_RQ-VAE/TIGER_FORK_RQ-VAE/model/layers.py:102: UserWarning: Deterministic behavior was enabled with either `torch.use_deterministic_algorithms(True)` or `at::Context::setDeterministicAlgorithms(true)`, but this operation is not deterministic because it uses CuBLAS and you have CUDA >= 10.2. To enable deterministic behavior in this case, you must set an environment variable before running your PyTorch application: CUBLAS_WORKSPACE_CONFIG=:4096:8 or CUBLAS_WORKSPACE_CONFIG=:16:8. For more information, go to https://docs.nvidia.com/cuda/cublas/index.html#results-reproducibility (Triggered internally at /pytorch/aten/src/ATen/Context.cpp:233.)
  - 2 * latent @ code_embs.t()
/fs04/ar57/wenyu/GeneRec/stage2_RQ-VAE/TIGER_FORK_RQ-VAE/model/layers.py:102: UserWarning: Deterministic behavior was enabled with either `torch.use_deterministic_algorithms(True)` or `at::Context::setDeterministicAlgorithms(true)`, but this operation is not deterministic because it uses CuBLAS and you have CUDA >= 10.2. To enable deterministic behavior in this case, you must set an environment variable before running your PyTorch application: CUBLAS_WORKSPACE_CONFIG=:4096:8 or CUBLAS_WORKSPACE_CONFIG=:16:8. For more information, go to https://docs.nvidia.com/cuda/cublas/index.html#results-reproducibility (Triggered internally at /pytorch/aten/src/ATen/Context.cpp:233.)
  - 2 * latent @ code_embs.t()
/fs04/ar57/wenyu/GeneRec/stage2_RQ-VAE/TIGER_FORK_RQ-VAE/model/layers.py:102: UserWarning: Deterministic behavior was enabled with either `torch.use_deterministic_algorithms(True)` or `at::Context::setDeterministicAlgorithms(true)`, but this operation is not deterministic because it uses CuBLAS and you have CUDA >= 10.2. To enable deterministic behavior in this case, you must set an environment variable before running your PyTorch application: CUBLAS_WORKSPACE_CONFIG=:4096:8 or CUBLAS_WORKSPACE_CONFIG=:16:8. For more information, go to https://docs.nvidia.com/cuda/cublas/index.html#results-reproducibility (Triggered internally at /pytorch/aten/src/ATen/Context.cpp:233.)
  - 2 * latent @ code_embs.t()
/fs04/ar57/wenyu/GeneRec/stage2_RQ-VAE/TIGER_FORK_RQ-VAE/model/layers.py:102: UserWarning: Deterministic behavior was enabled with either `torch.use_deterministic_algorithms(True)` or `at::Context::setDeterministicAlgorithms(true)`, but this operation is not deterministic because it uses CuBLAS and you have CUDA >= 10.2. To enable deterministic behavior in this case, you must set an environment variable before running your PyTorch application: CUBLAS_WORKSPACE_CONFIG=:4096:8 or CUBLAS_WORKSPACE_CONFIG=:16:8. For more information, go to https://docs.nvidia.com/cuda/cublas/index.html#results-reproducibility (Triggered internally at /pytorch/aten/src/ATen/Context.cpp:233.)
  - 2 * latent @ code_embs.t()
/fs04/ar57/wenyu/GeneRec/stage2_RQ-VAE/TIGER_FORK_RQ-VAE/model/layers.py:102: UserWarning: Deterministic behavior was enabled with either `torch.use_deterministic_algorithms(True)` or `at::Context::setDeterministicAlgorithms(true)`, but this operation is not deterministic because it uses CuBLAS and you have CUDA >= 10.2. To enable deterministic behavior in this case, you must set an environment variable before running your PyTorch application: CUBLAS_WORKSPACE_CONFIG=:4096:8 or CUBLAS_WORKSPACE_CONFIG=:16:8. For more information, go to https://docs.nvidia.com/cuda/cublas/index.html#results-reproducibility (Triggered internally at /pytorch/aten/src/ATen/Context.cpp:233.)
  - 2 * latent @ code_embs.t()
/fs04/ar57/wenyu/GeneRec/stage2_RQ-VAE/TIGER_FORK_RQ-VAE/model/layers.py:102: UserWarning: Deterministic behavior was enabled with either `torch.use_deterministic_algorithms(True)` or `at::Context::setDeterministicAlgorithms(true)`, but this operation is not deterministic because it uses CuBLAS and you have CUDA >= 10.2. To enable deterministic behavior in this case, you must set an environment variable before running your PyTorch application: CUBLAS_WORKSPACE_CONFIG=:4096:8 or CUBLAS_WORKSPACE_CONFIG=:16:8. For more information, go to https://docs.nvidia.com/cuda/cublas/index.html#results-reproducibility (Triggered internally at /pytorch/aten/src/ATen/Context.cpp:233.)
  - 2 * latent @ code_embs.t()
/home/wlia0047/ar57_scratch/wenyu/genrec_env_v2/lib64/python3.9/site-packages/torch/distributed/distributed_c10d.py:4807: UserWarning: No device id is provided via `init_process_group` or `barrier `. Using the current device set by the user. 
  warnings.warn(  # warn only once
/fs04/ar57/wenyu/GeneRec/stage2_RQ-VAE/TIGER_FORK_RQ-VAE/model/layers.py:102: UserWarning: Deterministic behavior was enabled with either `torch.use_deterministic_algorithms(True)` or `at::Context::setDeterministicAlgorithms(true)`, but this operation is not deterministic because it uses CuBLAS and you have CUDA >= 10.2. To enable deterministic behavior in this case, you must set an environment variable before running your PyTorch application: CUBLAS_WORKSPACE_CONFIG=:4096:8 or CUBLAS_WORKSPACE_CONFIG=:16:8. For more information, go to https://docs.nvidia.com/cuda/cublas/index.html#results-reproducibility (Triggered internally at /pytorch/aten/src/ATen/Context.cpp:233.)
  - 2 * latent @ code_embs.t()
/home/wlia0047/ar57_scratch/wenyu/genrec_env_v2/lib64/python3.9/site-packages/torch/distributed/distributed_c10d.py:4807: UserWarning: No device id is provided via `init_process_group` or `barrier `. Using the current device set by the user. 
  warnings.warn(  # warn only once
/fs04/ar57/wenyu/GeneRec/stage2_RQ-VAE/TIGER_FORK_RQ-VAE/model/layers.py:102: UserWarning: Deterministic behavior was enabled with either `torch.use_deterministic_algorithms(True)` or `at::Context::setDeterministicAlgorithms(true)`, but this operation is not deterministic because it uses CuBLAS and you have CUDA >= 10.2. To enable deterministic behavior in this case, you must set an environment variable before running your PyTorch application: CUBLAS_WORKSPACE_CONFIG=:4096:8 or CUBLAS_WORKSPACE_CONFIG=:16:8. For more information, go to https://docs.nvidia.com/cuda/cublas/index.html#results-reproducibility (Triggered internally at /pytorch/aten/src/ATen/Context.cpp:233.)
  - 2 * latent @ code_embs.t()
/home/wlia0047/ar57_scratch/wenyu/genrec_env_v2/lib64/python3.9/site-packages/torch/distributed/distributed_c10d.py:4807: UserWarning: No device id is provided via `init_process_group` or `barrier `. Using the current device set by the user. 
  warnings.warn(  # warn only once
/fs04/ar57/wenyu/GeneRec/stage2_RQ-VAE/TIGER_FORK_RQ-VAE/model/layers.py:102: UserWarning: Deterministic behavior was enabled with either `torch.use_deterministic_algorithms(True)` or `at::Context::setDeterministicAlgorithms(true)`, but this operation is not deterministic because it uses CuBLAS and you have CUDA >= 10.2. To enable deterministic behavior in this case, you must set an environment variable before running your PyTorch application: CUBLAS_WORKSPACE_CONFIG=:4096:8 or CUBLAS_WORKSPACE_CONFIG=:16:8. For more information, go to https://docs.nvidia.com/cuda/cublas/index.html#results-reproducibility (Triggered internally at /pytorch/aten/src/ATen/Context.cpp:233.)
  - 2 * latent @ code_embs.t()
/home/wlia0047/ar57_scratch/wenyu/genrec_env_v2/lib64/python3.9/site-packages/torch/distributed/distributed_c10d.py:4807: UserWarning: No device id is provided via `init_process_group` or `barrier `. Using the current device set by the user. 
  warnings.warn(  # warn only once
/home/wlia0047/ar57_scratch/wenyu/genrec_env_v2/lib64/python3.9/site-packages/torch/autograd/graph.py:829: UserWarning: Deterministic behavior was enabled with either `torch.use_deterministic_algorithms(True)` or `at::Context::setDeterministicAlgorithms(true)`, but this operation is not deterministic because it uses CuBLAS and you have CUDA >= 10.2. To enable deterministic behavior in this case, you must set an environment variable before running your PyTorch application: CUBLAS_WORKSPACE_CONFIG=:4096:8 or CUBLAS_WORKSPACE_CONFIG=:16:8. For more information, go to https://docs.nvidia.com/cuda/cublas/index.html#results-reproducibility (Triggered internally at /pytorch/aten/src/ATen/Context.cpp:233.)
  return Variable._execution_engine.run_backward(  # Calls into the C++ engine to run the backward pass
/home/wlia0047/ar57_scratch/wenyu/genrec_env_v2/lib64/python3.9/site-packages/torch/autograd/graph.py:829: UserWarning: Deterministic behavior was enabled with either `torch.use_deterministic_algorithms(True)` or `at::Context::setDeterministicAlgorithms(true)`, but this operation is not deterministic because it uses CuBLAS and you have CUDA >= 10.2. To enable deterministic behavior in this case, you must set an environment variable before running your PyTorch application: CUBLAS_WORKSPACE_CONFIG=:4096:8 or CUBLAS_WORKSPACE_CONFIG=:16:8. For more information, go to https://docs.nvidia.com/cuda/cublas/index.html#results-reproducibility (Triggered internally at /pytorch/aten/src/ATen/Context.cpp:233.)
  return Variable._execution_engine.run_backward(  # Calls into the C++ engine to run the backward pass
/home/wlia0047/ar57_scratch/wenyu/genrec_env_v2/lib64/python3.9/site-packages/torch/autograd/graph.py:829: UserWarning: Deterministic behavior was enabled with either `torch.use_deterministic_algorithms(True)` or `at::Context::setDeterministicAlgorithms(true)`, but this operation is not deterministic because it uses CuBLAS and you have CUDA >= 10.2. To enable deterministic behavior in this case, you must set an environment variable before running your PyTorch application: CUBLAS_WORKSPACE_CONFIG=:4096:8 or CUBLAS_WORKSPACE_CONFIG=:16:8. For more information, go to https://docs.nvidia.com/cuda/cublas/index.html#results-reproducibility (Triggered internally at /pytorch/aten/src/ATen/Context.cpp:233.)
  return Variable._execution_engine.run_backward(  # Calls into the C++ engine to run the backward pass
/home/wlia0047/ar57_scratch/wenyu/genrec_env_v2/lib64/python3.9/site-packages/torch/autograd/graph.py:829: UserWarning: Deterministic behavior was enabled with either `torch.use_deterministic_algorithms(True)` or `at::Context::setDeterministicAlgorithms(true)`, but this operation is not deterministic because it uses CuBLAS and you have CUDA >= 10.2. To enable deterministic behavior in this case, you must set an environment variable before running your PyTorch application: CUBLAS_WORKSPACE_CONFIG=:4096:8 or CUBLAS_WORKSPACE_CONFIG=:16:8. For more information, go to https://docs.nvidia.com/cuda/cublas/index.html#results-reproducibility (Triggered internally at /pytorch/aten/src/ATen/Context.cpp:233.)
  return Variable._execution_engine.run_backward(  # Calls into the C++ engine to run the backward pass
[RQ-VAE] epoch=1 loss=0.00048904 recon=0.00046251 beh=6.293099 w=0.000 lr=2.333e-05 time=2.086s
[RQ-VAE] epoch=2 loss=0.00048493 recon=0.00045522 beh=6.284966 w=0.000 lr=4.333e-05 time=0.178s
[RQ-VAE] epoch=3 loss=0.00047947 recon=0.00044265 beh=6.272936 w=0.000 lr=6.333e-05 time=0.179s
[RQ-VAE] epoch=4 loss=0.00046754 recon=0.00042372 beh=6.272252 w=0.000 lr=8.333e-05 time=0.175s
[RQ-VAE] epoch=5 loss=0.00045873 recon=0.00039499 beh=6.276724 w=0.000 lr=1.033e-04 time=0.175s
[RQ-VAE] epoch=6 loss=0.00044894 recon=0.00035533 beh=6.293188 w=0.000 lr=1.233e-04 time=0.177s
[RQ-VAE] epoch=7 loss=0.00040074 recon=0.00031117 beh=6.303672 w=0.000 lr=1.433e-04 time=0.179s
[RQ-VAE] epoch=8 loss=0.00034059 recon=0.00027090 beh=6.308639 w=0.000 lr=1.633e-04 time=0.173s
[RQ-VAE] epoch=9 loss=0.00031246 recon=0.00023879 beh=6.347822 w=0.000 lr=1.833e-04 time=0.17s
[RQ-VAE] epoch=10 loss=0.00028889 recon=0.00021726 beh=6.366969 w=0.000 lr=2.033e-04 time=0.181s
[RQ-VAE] epoch=11 loss=0.00026133 recon=0.00020557 beh=6.367795 w=0.000 lr=2.233e-04 time=0.169s
[RQ-VAE] epoch=12 loss=0.00023560 recon=0.00020000 beh=6.359469 w=0.000 lr=2.433e-04 time=0.174s
[RQ-VAE] epoch=13 loss=0.00022349 recon=0.00019663 beh=6.357738 w=0.000 lr=2.633e-04 time=0.171s
[RQ-VAE] epoch=14 loss=0.00021754 recon=0.00019309 beh=6.367638 w=0.000 lr=2.833e-04 time=0.17s
[RQ-VAE] epoch=15 loss=0.00021138 recon=0.00018975 beh=6.371160 w=0.000 lr=3.033e-04 time=0.169s
[RQ-VAE] epoch=16 loss=0.00020388 recon=0.00018614 beh=6.378664 w=0.000 lr=3.233e-04 time=0.296s
[RQ-VAE] epoch=17 loss=0.00019779 recon=0.00018263 beh=6.366777 w=0.000 lr=3.433e-04 time=0.169s
[RQ-VAE] epoch=18 loss=0.00019268 recon=0.00017977 beh=6.343905 w=0.000 lr=3.633e-04 time=0.17s
[RQ-VAE] epoch=19 loss=0.00018883 recon=0.00017780 beh=6.326842 w=0.000 lr=3.833e-04 time=0.169s
[RQ-VAE] epoch=20 loss=0.00018685 recon=0.00017658 beh=6.322828 w=0.000 lr=4.033e-04 time=0.169s
[RQ-VAE] epoch=21 loss=0.00018567 recon=0.00017566 beh=6.320369 w=0.000 lr=4.233e-04 time=0.169s
[RQ-VAE] epoch=22 loss=0.00018529 recon=0.00017482 beh=6.303878 w=0.000 lr=4.433e-04 time=0.17s
[RQ-VAE] epoch=23 loss=0.00018477 recon=0.00017345 beh=6.277035 w=0.000 lr=4.633e-04 time=0.169s
[RQ-VAE] epoch=24 loss=0.00018446 recon=0.00017113 beh=6.265551 w=0.000 lr=4.833e-04 time=0.17s
[RQ-VAE] epoch=25 loss=0.00018239 recon=0.00016804 beh=6.281031 w=0.000 lr=5.033e-04 time=0.169s
[RQ-VAE] epoch=26 loss=0.00017874 recon=0.00016503 beh=6.284173 w=0.000 lr=5.233e-04 time=0.169s
[RQ-VAE] epoch=27 loss=0.00017643 recon=0.00016303 beh=6.269799 w=0.000 lr=5.433e-04 time=0.169s
[RQ-VAE] epoch=28 loss=0.00017492 recon=0.00016148 beh=6.274117 w=0.000 lr=5.633e-04 time=0.169s
[RQ-VAE] epoch=29 loss=0.00017443 recon=0.00016038 beh=6.262121 w=0.000 lr=5.833e-04 time=0.169s
[RQ-VAE] epoch=30 loss=0.00017347 recon=0.00015922 beh=6.260500 w=0.000 lr=6.033e-04 time=0.17s
[RQ-VAE] epoch=31 loss=0.00017275 recon=0.00015843 beh=6.258017 w=0.000 lr=6.233e-04 time=0.17s
[RQ-VAE] epoch=32 loss=0.00017114 recon=0.00015699 beh=6.257319 w=0.000 lr=6.433e-04 time=0.276s
[RQ-VAE] epoch=33 loss=0.00016948 recon=0.00015561 beh=6.257751 w=0.000 lr=6.633e-04 time=0.169s
[RQ-VAE] epoch=34 loss=0.00016852 recon=0.00015465 beh=6.249908 w=0.000 lr=6.833e-04 time=0.17s
[RQ-VAE] epoch=35 loss=0.00016812 recon=0.00015394 beh=6.247000 w=0.000 lr=7.033e-04 time=0.17s
[RQ-VAE] epoch=36 loss=0.00016835 recon=0.00015332 beh=6.249519 w=0.000 lr=7.233e-04 time=0.173s
[RQ-VAE] epoch=37 loss=0.00016850 recon=0.00015240 beh=6.249465 w=0.000 lr=7.433e-04 time=0.17s
[RQ-VAE] epoch=38 loss=0.00016921 recon=0.00015131 beh=6.235712 w=0.000 lr=7.633e-04 time=0.169s
[RQ-VAE] epoch=39 loss=0.00016999 recon=0.00015019 beh=6.234970 w=0.000 lr=7.833e-04 time=0.168s
[RQ-VAE] epoch=40 loss=0.00017021 recon=0.00014882 beh=6.237634 w=0.000 lr=8.033e-04 time=0.168s
[RQ-VAE] epoch=41 loss=0.00017030 recon=0.00014747 beh=6.240115 w=0.000 lr=8.233e-04 time=0.172s
[RQ-VAE] epoch=42 loss=0.00017061 recon=0.00014633 beh=6.230984 w=0.000 lr=8.433e-04 time=0.169s
[RQ-VAE] epoch=43 loss=0.00017033 recon=0.00014472 beh=6.227453 w=0.000 lr=8.633e-04 time=0.169s
[RQ-VAE] epoch=44 loss=0.00017040 recon=0.00014338 beh=6.228672 w=0.000 lr=8.833e-04 time=0.168s
[RQ-VAE] epoch=45 loss=0.00017178 recon=0.00014304 beh=6.234752 w=0.000 lr=9.033e-04 time=0.169s
[RQ-VAE] epoch=46 loss=0.00017152 recon=0.00014199 beh=6.235500 w=0.000 lr=9.233e-04 time=0.172s
[RQ-VAE] epoch=47 loss=0.00017103 recon=0.00014059 beh=6.231915 w=0.000 lr=9.433e-04 time=0.297s
[RQ-VAE] epoch=48 loss=0.00017078 recon=0.00013946 beh=6.233022 w=0.000 lr=9.633e-04 time=0.169s
[RQ-VAE] epoch=49 loss=0.00017009 recon=0.00013860 beh=6.227327 w=0.000 lr=9.833e-04 time=0.171s
[RQ-VAE] epoch=50 loss=0.00017103 recon=0.00013781 lr=1.000e-03 raw_unique=19025/24587 collision=0.226217 time=0.169s
[RQ-VAE] epoch=51 loss=0.00016968 recon=0.00013672 beh=6.230134 w=0.000 lr=9.997e-04 time=0.173s
[RQ-VAE] epoch=52 loss=0.00016998 recon=0.00013591 beh=6.230950 w=0.000 lr=9.993e-04 time=0.168s
[RQ-VAE] epoch=53 loss=0.00017044 recon=0.00013532 beh=6.227883 w=0.000 lr=9.990e-04 time=0.167s
[RQ-VAE] epoch=54 loss=0.00017100 recon=0.00013456 beh=6.227621 w=0.000 lr=9.986e-04 time=0.17s
[RQ-VAE] epoch=55 loss=0.00017139 recon=0.00013383 beh=6.225276 w=0.000 lr=9.983e-04 time=0.169s
[RQ-VAE] epoch=56 loss=0.00017185 recon=0.00013319 beh=6.227038 w=0.000 lr=9.980e-04 time=0.168s
[RQ-VAE] epoch=57 loss=0.00017211 recon=0.00013236 beh=6.221341 w=0.000 lr=9.976e-04 time=0.17s
[RQ-VAE] epoch=58 loss=0.00017329 recon=0.00013168 beh=6.215247 w=0.000 lr=9.973e-04 time=0.17s
[RQ-VAE] epoch=59 loss=0.00017416 recon=0.00013107 beh=6.227076 w=0.000 lr=9.969e-04 time=0.169s
[RQ-VAE] epoch=60 loss=0.00017469 recon=0.00013020 beh=6.224489 w=0.000 lr=9.966e-04 time=0.17s
[RQ-VAE] epoch=61 loss=0.00017551 recon=0.00012923 beh=6.218002 w=0.000 lr=9.963e-04 time=0.169s
[RQ-VAE] epoch=62 loss=0.00017581 recon=0.00012838 beh=6.223226 w=0.000 lr=9.959e-04 time=0.169s
[RQ-VAE] epoch=63 loss=0.00017674 recon=0.00012772 beh=6.216335 w=0.000 lr=9.956e-04 time=0.291s
[RQ-VAE] epoch=64 loss=0.00017713 recon=0.00012694 beh=6.227783 w=0.000 lr=9.953e-04 time=0.168s
[RQ-VAE] epoch=65 loss=0.00017832 recon=0.00012641 beh=6.221938 w=0.000 lr=9.949e-04 time=0.17s
[RQ-VAE] epoch=66 loss=0.00017820 recon=0.00012585 beh=6.222844 w=0.000 lr=9.946e-04 time=0.171s
[RQ-VAE] epoch=67 loss=0.00017894 recon=0.00012521 beh=6.214622 w=0.000 lr=9.942e-04 time=0.17s
[RQ-VAE] epoch=68 loss=0.00017980 recon=0.00012479 beh=6.220749 w=0.000 lr=9.939e-04 time=0.169s
[RQ-VAE] epoch=69 loss=0.00017952 recon=0.00012423 beh=6.221023 w=0.000 lr=9.936e-04 time=0.17s
[RQ-VAE] epoch=70 loss=0.00017980 recon=0.00012372 beh=6.222114 w=0.000 lr=9.932e-04 time=0.17s
[RQ-VAE] epoch=71 loss=0.00018043 recon=0.00012316 beh=6.220489 w=0.000 lr=9.929e-04 time=0.169s
[RQ-VAE] epoch=72 loss=0.00018026 recon=0.00012276 beh=6.218934 w=0.000 lr=9.925e-04 time=0.168s
[RQ-VAE] epoch=73 loss=0.00018062 recon=0.00012222 beh=6.220531 w=0.000 lr=9.922e-04 time=0.169s
[RQ-VAE] epoch=74 loss=0.00018092 recon=0.00012167 beh=6.224017 w=0.000 lr=9.919e-04 time=0.168s
[RQ-VAE] epoch=75 loss=0.00018049 recon=0.00012115 beh=6.220335 w=0.000 lr=9.915e-04 time=0.17s
[RQ-VAE] epoch=76 loss=0.00018142 recon=0.00012089 beh=6.222392 w=0.000 lr=9.912e-04 time=0.172s
[RQ-VAE] epoch=77 loss=0.00018143 recon=0.00012040 beh=6.226005 w=0.000 lr=9.908e-04 time=0.171s
[RQ-VAE] epoch=78 loss=0.00018089 recon=0.00011996 beh=6.222312 w=0.000 lr=9.905e-04 time=0.169s
[RQ-VAE] epoch=79 loss=0.00018167 recon=0.00011955 beh=6.223575 w=0.000 lr=9.902e-04 time=0.292s
[RQ-VAE] epoch=80 loss=0.00018122 recon=0.00011927 beh=6.222709 w=0.000 lr=9.898e-04 time=0.171s
[RQ-VAE] epoch=81 loss=0.00018237 recon=0.00011899 beh=6.216484 w=0.000 lr=9.895e-04 time=0.17s
[RQ-VAE] epoch=82 loss=0.00018314 recon=0.00011853 beh=6.225291 w=0.000 lr=9.892e-04 time=0.169s
[RQ-VAE] epoch=83 loss=0.00018289 recon=0.00011810 beh=6.217748 w=0.000 lr=9.888e-04 time=0.171s
[RQ-VAE] epoch=84 loss=0.00018332 recon=0.00011775 beh=6.223560 w=0.000 lr=9.885e-04 time=0.172s
[RQ-VAE] epoch=85 loss=0.00018393 recon=0.00011733 beh=6.220456 w=0.000 lr=9.881e-04 time=0.17s
[RQ-VAE] epoch=86 loss=0.00018405 recon=0.00011697 beh=6.213255 w=0.000 lr=9.878e-04 time=0.169s
[RQ-VAE] epoch=87 loss=0.00018541 recon=0.00011667 beh=6.216106 w=0.000 lr=9.875e-04 time=0.173s
[RQ-VAE] epoch=88 loss=0.00018496 recon=0.00011639 beh=6.217521 w=0.000 lr=9.871e-04 time=0.168s
[RQ-VAE] epoch=89 loss=0.00018535 recon=0.00011613 beh=6.214317 w=0.000 lr=9.868e-04 time=0.171s
[RQ-VAE] epoch=90 loss=0.00018579 recon=0.00011591 beh=6.217031 w=0.000 lr=9.864e-04 time=0.169s
[RQ-VAE] epoch=91 loss=0.00018595 recon=0.00011556 beh=6.219806 w=0.000 lr=9.861e-04 time=0.172s
[RQ-VAE] epoch=92 loss=0.00018740 recon=0.00011538 beh=6.216166 w=0.000 lr=9.858e-04 time=0.169s
[RQ-VAE] epoch=93 loss=0.00018853 recon=0.00011522 beh=6.217517 w=0.000 lr=9.854e-04 time=0.171s
[RQ-VAE] epoch=94 loss=0.00018922 recon=0.00011490 beh=6.216646 w=0.000 lr=9.851e-04 time=0.169s
[RQ-VAE] epoch=95 loss=0.00018914 recon=0.00011450 beh=6.211399 w=0.000 lr=9.847e-04 time=0.298s
[RQ-VAE] epoch=96 loss=0.00018861 recon=0.00011396 beh=6.214841 w=0.000 lr=9.844e-04 time=0.169s
[RQ-VAE] epoch=97 loss=0.00018909 recon=0.00011388 beh=6.212250 w=0.000 lr=9.841e-04 time=0.172s
[RQ-VAE] epoch=98 loss=0.00019048 recon=0.00011366 beh=6.208040 w=0.000 lr=9.837e-04 time=0.169s
[RQ-VAE] epoch=99 loss=0.00019042 recon=0.00011330 beh=6.214124 w=0.000 lr=9.834e-04 time=0.17s
[RQ-VAE] epoch=100 loss=0.00019023 recon=0.00011316 lr=9.831e-04 raw_unique=20736/24587 collision=0.156627 time=0.172s
[RQ-VAE] epoch=101 loss=0.00019129 recon=0.00011291 beh=6.212388 w=0.000 lr=9.827e-04 time=0.17s
[RQ-VAE] epoch=102 loss=0.00019196 recon=0.00011259 beh=6.211153 w=0.000 lr=9.824e-04 time=0.17s
[RQ-VAE] epoch=103 loss=0.00019148 recon=0.00011229 beh=6.211923 w=0.000 lr=9.820e-04 time=0.169s
[RQ-VAE] epoch=104 loss=0.00019243 recon=0.00011203 beh=6.218291 w=0.000 lr=9.817e-04 time=0.169s
[RQ-VAE] epoch=105 loss=0.00019206 recon=0.00011175 beh=6.206510 w=0.000 lr=9.814e-04 time=0.17s
[RQ-VAE] epoch=106 loss=0.00019228 recon=0.00011147 beh=6.213277 w=0.000 lr=9.810e-04 time=0.17s
[RQ-VAE] epoch=107 loss=0.00019288 recon=0.00011120 beh=6.211327 w=0.000 lr=9.807e-04 time=0.17s
[RQ-VAE] epoch=108 loss=0.00019275 recon=0.00011090 beh=6.210939 w=0.000 lr=9.803e-04 time=0.169s
[RQ-VAE] epoch=109 loss=0.00019424 recon=0.00011073 beh=6.217617 w=0.000 lr=9.800e-04 time=0.172s
[RQ-VAE] epoch=110 loss=0.00019513 recon=0.00011065 beh=6.215950 w=0.000 lr=9.797e-04 time=0.168s
[RQ-VAE] epoch=111 loss=0.00019512 recon=0.00011036 beh=6.212421 w=0.000 lr=9.793e-04 time=0.29s
[RQ-VAE] epoch=112 loss=0.00019600 recon=0.00011010 beh=6.211387 w=0.000 lr=9.790e-04 time=0.168s
[RQ-VAE] epoch=113 loss=0.00019671 recon=0.00010992 beh=6.212469 w=0.000 lr=9.786e-04 time=0.173s
[RQ-VAE] epoch=114 loss=0.00019684 recon=0.00010969 beh=6.213717 w=0.000 lr=9.783e-04 time=0.169s
[RQ-VAE] epoch=115 loss=0.00019732 recon=0.00010947 beh=6.210144 w=0.000 lr=9.780e-04 time=0.169s
[RQ-VAE] epoch=116 loss=0.00019786 recon=0.00010942 beh=6.209594 w=0.000 lr=9.776e-04 time=0.171s
[RQ-VAE] epoch=117 loss=0.00019748 recon=0.00010913 beh=6.206041 w=0.000 lr=9.773e-04 time=0.171s
[RQ-VAE] epoch=118 loss=0.00019823 recon=0.00010880 beh=6.211660 w=0.000 lr=9.769e-04 time=0.17s
[RQ-VAE] epoch=119 loss=0.00019920 recon=0.00010866 beh=6.210505 w=0.000 lr=9.766e-04 time=0.171s
[RQ-VAE] epoch=120 loss=0.00019912 recon=0.00010849 beh=6.214597 w=0.000 lr=9.763e-04 time=0.169s
[RQ-VAE] epoch=121 loss=0.00019989 recon=0.00010832 beh=6.210945 w=0.000 lr=9.759e-04 time=0.173s
[RQ-VAE] epoch=122 loss=0.00019990 recon=0.00010810 beh=6.210120 w=0.000 lr=9.756e-04 time=0.171s
[RQ-VAE] epoch=123 loss=0.00020069 recon=0.00010804 beh=6.213021 w=0.000 lr=9.753e-04 time=0.169s
[RQ-VAE] epoch=124 loss=0.00020101 recon=0.00010780 beh=6.218129 w=0.000 lr=9.749e-04 time=0.17s
[RQ-VAE] epoch=125 loss=0.00020273 recon=0.00010767 beh=6.211477 w=0.000 lr=9.746e-04 time=0.169s
[RQ-VAE] epoch=126 loss=0.00020344 recon=0.00010735 beh=6.209998 w=0.000 lr=9.742e-04 time=0.172s
[RQ-VAE] epoch=127 loss=0.00020228 recon=0.00010716 beh=6.214160 w=0.000 lr=9.739e-04 time=0.29s
[RQ-VAE] epoch=128 loss=0.00020336 recon=0.00010698 beh=6.208580 w=0.000 lr=9.736e-04 time=0.172s
[RQ-VAE] epoch=129 loss=0.00020342 recon=0.00010668 beh=6.208875 w=0.000 lr=9.732e-04 time=0.167s
[RQ-VAE] epoch=130 loss=0.00020328 recon=0.00010648 beh=6.215124 w=0.000 lr=9.729e-04 time=0.168s
[RQ-VAE] epoch=131 loss=0.00020454 recon=0.00010636 beh=6.209348 w=0.000 lr=9.725e-04 time=0.168s
[RQ-VAE] epoch=132 loss=0.00020528 recon=0.00010617 beh=6.214583 w=0.000 lr=9.722e-04 time=0.172s
[RQ-VAE] epoch=133 loss=0.00020582 recon=0.00010614 beh=6.204367 w=0.000 lr=9.719e-04 time=0.168s
[RQ-VAE] epoch=134 loss=0.00020580 recon=0.00010583 beh=6.216192 w=0.000 lr=9.715e-04 time=0.17s
[RQ-VAE] epoch=135 loss=0.00020716 recon=0.00010562 beh=6.207692 w=0.000 lr=9.712e-04 time=0.17s
[RQ-VAE] epoch=136 loss=0.00020612 recon=0.00010557 beh=6.209227 w=0.000 lr=9.708e-04 time=0.169s
[RQ-VAE] epoch=137 loss=0.00020805 recon=0.00010526 beh=6.206210 w=0.000 lr=9.705e-04 time=0.172s
[RQ-VAE] epoch=138 loss=0.00020853 recon=0.00010504 beh=6.211015 w=0.000 lr=9.702e-04 time=0.168s
[RQ-VAE] epoch=139 loss=0.00020742 recon=0.00010502 beh=6.207758 w=0.000 lr=9.698e-04 time=0.172s
[RQ-VAE] epoch=140 loss=0.00020853 recon=0.00010496 beh=6.211534 w=0.000 lr=9.695e-04 time=0.17s
[RQ-VAE] epoch=141 loss=0.00020920 recon=0.00010462 beh=6.203393 w=0.000 lr=9.692e-04 time=0.168s
[RQ-VAE] epoch=142 loss=0.00021056 recon=0.00010455 beh=6.208617 w=0.000 lr=9.688e-04 time=0.295s
[RQ-VAE] epoch=143 loss=0.00021045 recon=0.00010441 beh=6.204688 w=0.000 lr=9.685e-04 time=0.169s
[RQ-VAE] epoch=144 loss=0.00021018 recon=0.00010422 beh=6.207750 w=0.000 lr=9.681e-04 time=0.169s
[RQ-VAE] epoch=145 loss=0.00021089 recon=0.00010403 beh=6.211356 w=0.000 lr=9.678e-04 time=0.169s
[RQ-VAE] epoch=146 loss=0.00021075 recon=0.00010372 beh=6.204678 w=0.000 lr=9.675e-04 time=0.171s
[RQ-VAE] epoch=147 loss=0.00021178 recon=0.00010349 beh=6.203986 w=0.000 lr=9.671e-04 time=0.169s
[RQ-VAE] epoch=148 loss=0.00021164 recon=0.00010341 beh=6.209737 w=0.000 lr=9.668e-04 time=0.17s
[RQ-VAE] epoch=149 loss=0.00021256 recon=0.00010327 beh=6.204602 w=0.000 lr=9.664e-04 time=0.169s
[RQ-VAE] epoch=150 loss=0.00021221 recon=0.00010306 lr=9.661e-04 raw_unique=21432/24587 collision=0.128320 time=0.173s
[RQ-VAE] epoch=151 loss=0.00021242 recon=0.00010288 beh=6.207876 w=0.000 lr=9.658e-04 time=0.168s
[RQ-VAE] epoch=152 loss=0.00021447 recon=0.00010283 beh=6.209317 w=0.000 lr=9.654e-04 time=0.169s
[RQ-VAE] epoch=153 loss=0.00021515 recon=0.00010278 beh=6.209066 w=0.000 lr=9.651e-04 time=0.168s
[RQ-VAE] epoch=154 loss=0.00021351 recon=0.00010255 beh=6.210083 w=0.000 lr=9.647e-04 time=0.169s
[RQ-VAE] epoch=155 loss=0.00021537 recon=0.00010234 beh=6.205257 w=0.000 lr=9.644e-04 time=0.168s
[RQ-VAE] epoch=156 loss=0.00021448 recon=0.00010205 beh=6.205665 w=0.000 lr=9.641e-04 time=0.171s
[RQ-VAE] epoch=157 loss=0.00021448 recon=0.00010186 beh=6.204480 w=0.000 lr=9.637e-04 time=0.17s
[RQ-VAE] epoch=158 loss=0.00021488 recon=0.00010175 beh=6.207076 w=0.000 lr=9.634e-04 time=0.291s
[RQ-VAE] epoch=159 loss=0.00021533 recon=0.00010162 beh=6.207212 w=0.000 lr=9.631e-04 time=0.169s
[RQ-VAE] epoch=160 loss=0.00021780 recon=0.00010166 beh=6.210967 w=0.000 lr=9.627e-04 time=0.169s
[RQ-VAE] epoch=161 loss=0.00021666 recon=0.00010144 beh=6.208823 w=0.000 lr=9.624e-04 time=0.171s
[RQ-VAE] epoch=162 loss=0.00021630 recon=0.00010132 beh=6.204365 w=0.000 lr=9.620e-04 time=0.169s
[RQ-VAE] epoch=163 loss=0.00021716 recon=0.00010109 beh=6.206770 w=0.000 lr=9.617e-04 time=0.169s
[RQ-VAE] epoch=164 loss=0.00021735 recon=0.00010089 beh=6.208208 w=0.000 lr=9.614e-04 time=0.17s
[RQ-VAE] epoch=165 loss=0.00021791 recon=0.00010076 beh=6.210128 w=0.000 lr=9.610e-04 time=0.169s
[RQ-VAE] epoch=166 loss=0.00021925 recon=0.00010059 beh=6.205522 w=0.000 lr=9.607e-04 time=0.168s
[RQ-VAE] epoch=167 loss=0.00022010 recon=0.00010047 beh=6.203485 w=0.000 lr=9.603e-04 time=0.169s
[RQ-VAE] epoch=168 loss=0.00021980 recon=0.00010028 beh=6.205570 w=0.000 lr=9.600e-04 time=0.169s
[RQ-VAE] epoch=169 loss=0.00022123 recon=0.00010045 beh=6.207591 w=0.000 lr=9.597e-04 time=0.172s
[RQ-VAE] epoch=170 loss=0.00022162 recon=0.00010016 beh=6.209241 w=0.000 lr=9.593e-04 time=0.176s
[RQ-VAE] epoch=171 loss=0.00022264 recon=0.00010004 beh=6.205317 w=0.000 lr=9.590e-04 time=0.17s
[RQ-VAE] epoch=172 loss=0.00022350 recon=0.00009990 beh=6.203368 w=0.000 lr=9.586e-04 time=0.174s
[RQ-VAE] epoch=173 loss=0.00022211 recon=0.00009982 beh=6.206566 w=0.000 lr=9.583e-04 time=0.17s
[RQ-VAE] epoch=174 loss=0.00022274 recon=0.00009964 beh=6.208557 w=0.000 lr=9.580e-04 time=0.279s
[RQ-VAE] epoch=175 loss=0.00022424 recon=0.00009970 beh=6.207524 w=0.000 lr=9.576e-04 time=0.168s
[RQ-VAE] epoch=176 loss=0.00022438 recon=0.00009951 beh=6.199729 w=0.000 lr=9.573e-04 time=0.169s
[RQ-VAE] epoch=177 loss=0.00022372 recon=0.00009926 beh=6.203897 w=0.000 lr=9.569e-04 time=0.168s
[RQ-VAE] epoch=178 loss=0.00022316 recon=0.00009912 beh=6.206052 w=0.000 lr=9.566e-04 time=0.17s
[RQ-VAE] epoch=179 loss=0.00022453 recon=0.00009902 beh=6.204396 w=0.000 lr=9.563e-04 time=0.168s
[RQ-VAE] epoch=180 loss=0.00022580 recon=0.00009893 beh=6.202728 w=0.000 lr=9.559e-04 time=0.168s
[RQ-VAE] epoch=181 loss=0.00022677 recon=0.00009885 beh=6.202057 w=0.000 lr=9.556e-04 time=0.167s
[RQ-VAE] epoch=182 loss=0.00022704 recon=0.00009861 beh=6.206584 w=0.000 lr=9.553e-04 time=0.169s
[RQ-VAE] epoch=183 loss=0.00022613 recon=0.00009856 beh=6.207688 w=0.000 lr=9.549e-04 time=0.168s
[RQ-VAE] epoch=184 loss=0.00022623 recon=0.00009838 beh=6.208467 w=0.000 lr=9.546e-04 time=0.169s
[RQ-VAE] epoch=185 loss=0.00022598 recon=0.00009821 beh=6.202582 w=0.000 lr=9.542e-04 time=0.168s
[RQ-VAE] epoch=186 loss=0.00022663 recon=0.00009817 beh=6.204513 w=0.000 lr=9.539e-04 time=0.169s
[RQ-VAE] epoch=187 loss=0.00022803 recon=0.00009809 beh=6.208003 w=0.000 lr=9.536e-04 time=0.169s
[RQ-VAE] epoch=188 loss=0.00022878 recon=0.00009781 beh=6.199514 w=0.000 lr=9.532e-04 time=0.168s
[RQ-VAE] epoch=189 loss=0.00022937 recon=0.00009770 beh=6.203569 w=0.000 lr=9.529e-04 time=0.168s
[RQ-VAE] epoch=190 loss=0.00022805 recon=0.00009761 beh=6.206787 w=0.000 lr=9.525e-04 time=0.277s
[RQ-VAE] epoch=191 loss=0.00022975 recon=0.00009759 beh=6.200642 w=0.000 lr=9.522e-04 time=0.169s
[RQ-VAE] epoch=192 loss=0.00022845 recon=0.00009745 beh=6.201496 w=0.000 lr=9.519e-04 time=0.171s
[RQ-VAE] epoch=193 loss=0.00023002 recon=0.00009731 beh=6.205639 w=0.000 lr=9.515e-04 time=0.168s
[RQ-VAE] epoch=194 loss=0.00023083 recon=0.00009741 beh=6.200752 w=0.000 lr=9.512e-04 time=0.168s
[RQ-VAE] epoch=195 loss=0.00023054 recon=0.00009716 beh=6.202760 w=0.000 lr=9.508e-04 time=0.168s
[RQ-VAE] epoch=196 loss=0.00023059 recon=0.00009706 beh=6.206310 w=0.000 lr=9.505e-04 time=0.169s
[RQ-VAE] epoch=197 loss=0.00023032 recon=0.00009687 beh=6.199352 w=0.000 lr=9.502e-04 time=0.168s
[RQ-VAE] epoch=198 loss=0.00023102 recon=0.00009672 beh=6.207834 w=0.000 lr=9.498e-04 time=0.17s
[RQ-VAE] epoch=199 loss=0.00023035 recon=0.00009666 beh=6.201781 w=0.000 lr=9.495e-04 time=0.168s
[RQ-VAE] epoch=200 loss=0.00023235 recon=0.00009672 lr=9.492e-04 raw_unique=21453/24587 collision=0.127466 time=0.168s
[RQ-VAE] epoch=201 loss=0.00023359 recon=0.00009643 beh=6.199208 w=0.000 lr=9.488e-04 time=0.171s
[RQ-VAE] epoch=202 loss=0.00023264 recon=0.00009655 beh=6.202478 w=0.000 lr=9.485e-04 time=0.171s
[RQ-VAE] epoch=203 loss=0.00023305 recon=0.00009630 beh=6.203051 w=0.000 lr=9.481e-04 time=0.168s
[RQ-VAE] epoch=204 loss=0.00023280 recon=0.00009613 beh=6.207756 w=0.000 lr=9.478e-04 time=0.169s
[RQ-VAE] epoch=205 loss=0.00023343 recon=0.00009612 beh=6.204558 w=0.000 lr=9.475e-04 time=0.169s
[RQ-VAE] epoch=206 loss=0.00023439 recon=0.00009603 beh=6.204563 w=0.000 lr=9.471e-04 time=0.269s
[RQ-VAE] epoch=207 loss=0.00023606 recon=0.00009588 beh=6.202989 w=0.000 lr=9.468e-04 time=0.17s
[RQ-VAE] epoch=208 loss=0.00023503 recon=0.00009579 beh=6.199672 w=0.000 lr=9.464e-04 time=0.17s
[RQ-VAE] epoch=209 loss=0.00023550 recon=0.00009574 beh=6.206056 w=0.000 lr=9.461e-04 time=0.169s
[RQ-VAE] epoch=210 loss=0.00023661 recon=0.00009560 beh=6.199982 w=0.000 lr=9.458e-04 time=0.169s
[RQ-VAE] epoch=211 loss=0.00023541 recon=0.00009553 beh=6.198414 w=0.000 lr=9.454e-04 time=0.168s
[RQ-VAE] epoch=212 loss=0.00023683 recon=0.00009526 beh=6.203805 w=0.000 lr=9.451e-04 time=0.169s
[RQ-VAE] epoch=213 loss=0.00023722 recon=0.00009540 beh=6.199407 w=0.000 lr=9.447e-04 time=0.169s
[RQ-VAE] epoch=214 loss=0.00023687 recon=0.00009521 beh=6.200677 w=0.000 lr=9.444e-04 time=0.17s
[RQ-VAE] epoch=215 loss=0.00023841 recon=0.00009515 beh=6.201146 w=0.000 lr=9.441e-04 time=0.17s
[RQ-VAE] epoch=216 loss=0.00023755 recon=0.00009513 beh=6.202957 w=0.000 lr=9.437e-04 time=0.169s
[RQ-VAE] epoch=217 loss=0.00023870 recon=0.00009507 beh=6.203897 w=0.000 lr=9.434e-04 time=0.169s
[RQ-VAE] epoch=218 loss=0.00023883 recon=0.00009504 beh=6.204079 w=0.000 lr=9.431e-04 time=0.169s
[RQ-VAE] epoch=219 loss=0.00024006 recon=0.00009491 beh=6.199392 w=0.000 lr=9.427e-04 time=0.168s
[RQ-VAE] epoch=220 loss=0.00024028 recon=0.00009495 beh=6.202890 w=0.000 lr=9.424e-04 time=0.169s
[RQ-VAE] epoch=221 loss=0.00024123 recon=0.00009480 beh=6.203971 w=0.000 lr=9.420e-04 time=0.17s
[RQ-VAE] epoch=222 loss=0.00024044 recon=0.00009478 beh=6.200683 w=0.000 lr=9.417e-04 time=0.289s
[RQ-VAE] epoch=223 loss=0.00023984 recon=0.00009452 beh=6.200432 w=0.000 lr=9.414e-04 time=0.168s
[RQ-VAE] epoch=224 loss=0.00024197 recon=0.00009446 beh=6.202728 w=0.000 lr=9.410e-04 time=0.168s
[RQ-VAE] epoch=225 loss=0.00024217 recon=0.00009450 beh=6.203251 w=0.000 lr=9.407e-04 time=0.169s
[RQ-VAE] epoch=226 loss=0.00024231 recon=0.00009435 beh=6.198660 w=0.000 lr=9.403e-04 time=0.17s
[RQ-VAE] epoch=227 loss=0.00024251 recon=0.00009420 beh=6.197903 w=0.000 lr=9.400e-04 time=0.169s
[RQ-VAE] epoch=228 loss=0.00024196 recon=0.00009426 beh=6.199969 w=0.000 lr=9.397e-04 time=0.169s
[RQ-VAE] epoch=229 loss=0.00024271 recon=0.00009404 beh=6.203278 w=0.000 lr=9.393e-04 time=0.169s
[RQ-VAE] epoch=230 loss=0.00024292 recon=0.00009384 beh=6.198978 w=0.000 lr=9.390e-04 time=0.168s
[RQ-VAE] epoch=231 loss=0.00024298 recon=0.00009391 beh=6.202211 w=0.000 lr=9.386e-04 time=0.169s
[RQ-VAE] epoch=232 loss=0.00024448 recon=0.00009371 beh=6.198486 w=0.000 lr=9.383e-04 time=0.168s
[RQ-VAE] epoch=233 loss=0.00024496 recon=0.00009356 beh=6.199338 w=0.000 lr=9.380e-04 time=0.17s
[RQ-VAE] epoch=234 loss=0.00024435 recon=0.00009364 beh=6.202411 w=0.000 lr=9.376e-04 time=0.168s
[RQ-VAE] epoch=235 loss=0.00024496 recon=0.00009359 beh=6.196102 w=0.000 lr=9.373e-04 time=0.17s
[RQ-VAE] epoch=236 loss=0.00024571 recon=0.00009349 beh=6.203234 w=0.000 lr=9.369e-04 time=0.168s
[RQ-VAE] epoch=237 loss=0.00024557 recon=0.00009332 beh=6.201230 w=0.000 lr=9.366e-04 time=0.272s
[RQ-VAE] epoch=238 loss=0.00024497 recon=0.00009324 beh=6.201391 w=0.000 lr=9.363e-04 time=0.167s
[RQ-VAE] epoch=239 loss=0.00024489 recon=0.00009305 beh=6.199681 w=0.000 lr=9.359e-04 time=0.168s
[RQ-VAE] epoch=240 loss=0.00024751 recon=0.00009303 beh=6.203860 w=0.000 lr=9.356e-04 time=0.168s
[RQ-VAE] epoch=241 loss=0.00024690 recon=0.00009313 beh=6.201546 w=0.000 lr=9.353e-04 time=0.169s
[RQ-VAE] epoch=242 loss=0.00024760 recon=0.00009316 beh=6.199341 w=0.000 lr=9.349e-04 time=0.168s
[RQ-VAE] epoch=243 loss=0.00024667 recon=0.00009299 beh=6.200091 w=0.000 lr=9.346e-04 time=0.168s
[RQ-VAE] epoch=244 loss=0.00024717 recon=0.00009295 beh=6.202656 w=0.000 lr=9.342e-04 time=0.169s
[RQ-VAE] epoch=245 loss=0.00024746 recon=0.00009276 beh=6.204295 w=0.000 lr=9.339e-04 time=0.169s
[RQ-VAE] epoch=246 loss=0.00024700 recon=0.00009263 beh=6.198816 w=0.000 lr=9.336e-04 time=0.168s
[RQ-VAE] epoch=247 loss=0.00024689 recon=0.00009262 beh=6.197723 w=0.000 lr=9.332e-04 time=0.17s
[RQ-VAE] epoch=248 loss=0.00024788 recon=0.00009247 beh=6.204716 w=0.000 lr=9.329e-04 time=0.168s
[RQ-VAE] epoch=249 loss=0.00024825 recon=0.00009241 beh=6.204543 w=0.000 lr=9.325e-04 time=0.169s
[RQ-VAE] epoch=250 loss=0.00024776 recon=0.00009227 lr=9.322e-04 raw_unique=21388/24587 collision=0.130109 time=0.17s
[RQ-VAE] epoch=251 loss=0.00024886 recon=0.00009224 beh=6.199613 w=0.000 lr=9.319e-04 time=0.169s
[RQ-VAE] epoch=252 loss=0.00024868 recon=0.00009206 beh=6.206757 w=0.000 lr=9.315e-04 time=0.168s
[RQ-VAE] epoch=253 loss=0.00024839 recon=0.00009197 beh=6.199748 w=0.000 lr=9.312e-04 time=0.267s
[RQ-VAE] epoch=254 loss=0.00024978 recon=0.00009212 beh=6.199962 w=0.000 lr=9.308e-04 time=0.168s
[RQ-VAE] epoch=255 loss=0.00024899 recon=0.00009182 beh=6.200323 w=0.000 lr=9.305e-04 time=0.171s
[RQ-VAE] epoch=256 loss=0.00024892 recon=0.00009186 beh=6.201801 w=0.000 lr=9.302e-04 time=0.168s
[RQ-VAE] epoch=257 loss=0.00024975 recon=0.00009178 beh=6.202865 w=0.000 lr=9.298e-04 time=0.17s
[RQ-VAE] epoch=258 loss=0.00025028 recon=0.00009174 beh=6.204924 w=0.000 lr=9.295e-04 time=0.168s
[RQ-VAE] epoch=259 loss=0.00025216 recon=0.00009170 beh=6.202533 w=0.000 lr=9.292e-04 time=0.168s
[RQ-VAE] epoch=260 loss=0.00025144 recon=0.00009173 beh=6.196287 w=0.000 lr=9.288e-04 time=0.168s
[RQ-VAE] epoch=261 loss=0.00025161 recon=0.00009184 beh=6.202411 w=0.000 lr=9.285e-04 time=0.168s
[RQ-VAE] epoch=262 loss=0.00025313 recon=0.00009171 beh=6.202904 w=0.000 lr=9.281e-04 time=0.171s
[RQ-VAE] epoch=263 loss=0.00025425 recon=0.00009165 beh=6.198154 w=0.000 lr=9.278e-04 time=0.172s
[RQ-VAE] epoch=264 loss=0.00025430 recon=0.00009148 beh=6.199944 w=0.000 lr=9.275e-04 time=0.17s
[RQ-VAE] epoch=265 loss=0.00025472 recon=0.00009151 beh=6.195202 w=0.000 lr=9.271e-04 time=0.173s
[RQ-VAE] epoch=266 loss=0.00025526 recon=0.00009166 beh=6.200842 w=0.000 lr=9.268e-04 time=0.17s
[RQ-VAE] epoch=267 loss=0.00025568 recon=0.00009149 beh=6.202821 w=0.000 lr=9.264e-04 time=0.172s
[RQ-VAE] epoch=268 loss=0.00025359 recon=0.00009133 beh=6.197016 w=0.000 lr=9.261e-04 time=0.171s
[RQ-VAE] epoch=269 loss=0.00025585 recon=0.00009118 beh=6.198376 w=0.000 lr=9.258e-04 time=0.279s
[RQ-VAE] epoch=270 loss=0.00025629 recon=0.00009129 beh=6.202512 w=0.000 lr=9.254e-04 time=0.168s
[RQ-VAE] epoch=271 loss=0.00025380 recon=0.00009103 beh=6.201477 w=0.000 lr=9.251e-04 time=0.169s
[RQ-VAE] epoch=272 loss=0.00025498 recon=0.00009111 beh=6.196142 w=0.000 lr=9.247e-04 time=0.168s
[RQ-VAE] epoch=273 loss=0.00025837 recon=0.00009115 beh=6.198719 w=0.000 lr=9.244e-04 time=0.17s
[RQ-VAE] epoch=274 loss=0.00025608 recon=0.00009083 beh=6.199216 w=0.000 lr=9.241e-04 time=0.172s
[RQ-VAE] epoch=275 loss=0.00025769 recon=0.00009087 beh=6.195088 w=0.000 lr=9.237e-04 time=0.172s
[RQ-VAE] epoch=276 loss=0.00025787 recon=0.00009064 beh=6.199178 w=0.000 lr=9.234e-04 time=0.173s
[RQ-VAE] epoch=277 loss=0.00025702 recon=0.00009071 beh=6.196613 w=0.000 lr=9.231e-04 time=0.171s
[RQ-VAE] epoch=278 loss=0.00025685 recon=0.00009072 beh=6.197159 w=0.000 lr=9.227e-04 time=0.172s
[RQ-VAE] epoch=279 loss=0.00025812 recon=0.00009054 beh=6.199813 w=0.000 lr=9.224e-04 time=0.172s
[RQ-VAE] epoch=280 loss=0.00025745 recon=0.00009062 beh=6.196771 w=0.000 lr=9.220e-04 time=0.17s
[RQ-VAE] epoch=281 loss=0.00025777 recon=0.00009057 beh=6.197965 w=0.000 lr=9.217e-04 time=0.169s
[RQ-VAE] epoch=282 loss=0.00025915 recon=0.00009044 beh=6.198726 w=0.000 lr=9.214e-04 time=0.169s
[RQ-VAE] epoch=283 loss=0.00025900 recon=0.00009027 beh=6.198459 w=0.000 lr=9.210e-04 time=0.168s
[RQ-VAE] epoch=284 loss=0.00025679 recon=0.00009033 beh=6.198131 w=0.000 lr=9.207e-04 time=0.168s
[RQ-VAE] epoch=285 loss=0.00025954 recon=0.00009012 beh=6.199426 w=0.000 lr=9.203e-04 time=0.284s
[RQ-VAE] epoch=286 loss=0.00025933 recon=0.00009017 beh=6.197576 w=0.000 lr=9.200e-04 time=0.17s
[RQ-VAE] epoch=287 loss=0.00025726 recon=0.00009003 beh=6.200193 w=0.000 lr=9.197e-04 time=0.171s
[RQ-VAE] epoch=288 loss=0.00025833 recon=0.00009001 beh=6.193796 w=0.000 lr=9.193e-04 time=0.171s
[RQ-VAE] epoch=289 loss=0.00025914 recon=0.00008982 beh=6.201240 w=0.000 lr=9.190e-04 time=0.172s
[RQ-VAE] epoch=290 loss=0.00025931 recon=0.00008979 beh=6.199240 w=0.000 lr=9.186e-04 time=0.171s
[RQ-VAE] epoch=291 loss=0.00025997 recon=0.00008990 beh=6.195255 w=0.000 lr=9.183e-04 time=0.172s
[RQ-VAE] epoch=292 loss=0.00026078 recon=0.00008966 beh=6.199958 w=0.000 lr=9.180e-04 time=0.171s
[RQ-VAE] epoch=293 loss=0.00026052 recon=0.00008957 beh=6.199913 w=0.000 lr=9.176e-04 time=0.172s
[RQ-VAE] epoch=294 loss=0.00026098 recon=0.00008950 beh=6.200901 w=0.000 lr=9.173e-04 time=0.17s
[RQ-VAE] epoch=295 loss=0.00026175 recon=0.00008936 beh=6.201737 w=0.000 lr=9.169e-04 time=0.172s
[RQ-VAE] epoch=296 loss=0.00026233 recon=0.00008936 beh=6.198783 w=0.000 lr=9.166e-04 time=0.171s
[RQ-VAE] epoch=297 loss=0.00026301 recon=0.00008955 beh=6.195625 w=0.000 lr=9.163e-04 time=0.172s
[RQ-VAE] epoch=298 loss=0.00026245 recon=0.00008955 beh=6.198230 w=0.000 lr=9.159e-04 time=0.171s
[RQ-VAE] epoch=299 loss=0.00026369 recon=0.00008959 beh=6.201106 w=0.000 lr=9.156e-04 time=0.172s
[RQ-VAE] epoch=300 loss=0.00026384 recon=0.00008930 lr=9.153e-04 raw_unique=21150/24587 collision=0.139789 time=0.173s
[RQ-VAE] epoch=301 loss=0.00026434 recon=0.00008930 beh=6.192967 w=0.000 lr=9.149e-04 time=0.276s
[RQ-VAE] epoch=302 loss=0.00026617 recon=0.00008928 beh=6.196195 w=0.000 lr=9.146e-04 time=0.169s
[RQ-VAE] epoch=303 loss=0.00026623 recon=0.00008925 beh=6.200981 w=0.000 lr=9.142e-04 time=0.168s
[RQ-VAE] epoch=304 loss=0.00026465 recon=0.00008914 beh=6.201070 w=0.000 lr=9.139e-04 time=0.168s
[RQ-VAE] epoch=305 loss=0.00026707 recon=0.00008921 beh=6.198895 w=0.000 lr=9.136e-04 time=0.171s
[RQ-VAE] epoch=306 loss=0.00026729 recon=0.00008920 beh=6.201163 w=0.000 lr=9.132e-04 time=0.168s
[RQ-VAE] epoch=307 loss=0.00026529 recon=0.00008920 beh=6.201935 w=0.000 lr=9.129e-04 time=0.17s
[RQ-VAE] epoch=308 loss=0.00026723 recon=0.00008919 beh=6.198367 w=0.000 lr=9.125e-04 time=0.169s
[RQ-VAE] epoch=309 loss=0.00026738 recon=0.00008902 beh=6.200702 w=0.000 lr=9.122e-04 time=0.169s
[RQ-VAE] epoch=310 loss=0.00026687 recon=0.00008885 beh=6.197416 w=0.000 lr=9.119e-04 time=0.168s
[RQ-VAE] epoch=311 loss=0.00026684 recon=0.00008885 beh=6.196558 w=0.000 lr=9.115e-04 time=0.17s
[RQ-VAE] epoch=312 loss=0.00026806 recon=0.00008868 beh=6.198493 w=0.000 lr=9.112e-04 time=0.169s
[RQ-VAE] epoch=313 loss=0.00026793 recon=0.00008857 beh=6.197948 w=0.000 lr=9.108e-04 time=0.17s
[RQ-VAE] epoch=314 loss=0.00026717 recon=0.00008867 beh=6.198256 w=0.000 lr=9.105e-04 time=0.168s
[RQ-VAE] epoch=315 loss=0.00026854 recon=0.00008852 beh=6.194180 w=0.000 lr=9.102e-04 time=0.17s
[RQ-VAE] epoch=316 loss=0.00026890 recon=0.00008878 beh=6.201130 w=0.000 lr=9.098e-04 time=0.168s
[RQ-VAE] epoch=317 loss=0.00026942 recon=0.00008869 beh=6.197458 w=0.000 lr=9.095e-04 time=0.277s
[RQ-VAE] epoch=318 loss=0.00026925 recon=0.00008842 beh=6.194589 w=0.000 lr=9.092e-04 time=0.169s
[RQ-VAE] epoch=319 loss=0.00026782 recon=0.00008838 beh=6.197168 w=0.000 lr=9.088e-04 time=0.168s
[RQ-VAE] epoch=320 loss=0.00026964 recon=0.00008839 beh=6.190332 w=0.000 lr=9.085e-04 time=0.169s
[RQ-VAE] epoch=321 loss=0.00026997 recon=0.00008824 beh=6.199084 w=0.000 lr=9.081e-04 time=0.168s
[RQ-VAE] epoch=322 loss=0.00026958 recon=0.00008826 beh=6.201008 w=0.000 lr=9.078e-04 time=0.172s
[RQ-VAE] epoch=323 loss=0.00026985 recon=0.00008814 beh=6.198207 w=0.000 lr=9.075e-04 time=0.168s
[RQ-VAE] epoch=324 loss=0.00026947 recon=0.00008817 beh=6.197849 w=0.000 lr=9.071e-04 time=0.171s
[RQ-VAE] epoch=325 loss=0.00027041 recon=0.00008827 beh=6.202131 w=0.000 lr=9.068e-04 time=0.168s
[RQ-VAE] epoch=326 loss=0.00027169 recon=0.00008800 beh=6.194599 w=0.000 lr=9.064e-04 time=0.169s
[RQ-VAE] epoch=327 loss=0.00026964 recon=0.00008796 beh=6.194761 w=0.000 lr=9.061e-04 time=0.168s
[RQ-VAE] epoch=328 loss=0.00026944 recon=0.00008779 beh=6.204513 w=0.000 lr=9.058e-04 time=0.168s
[RQ-VAE] epoch=329 loss=0.00027247 recon=0.00008799 beh=6.199686 w=0.000 lr=9.054e-04 time=0.169s
[RQ-VAE] epoch=330 loss=0.00027131 recon=0.00008772 beh=6.203000 w=0.000 lr=9.051e-04 time=0.169s
[RQ-VAE] epoch=331 loss=0.00027051 recon=0.00008785 beh=6.199162 w=0.000 lr=9.047e-04 time=0.168s
[RQ-VAE] epoch=332 loss=0.00027148 recon=0.00008769 beh=6.195759 w=0.000 lr=9.044e-04 time=0.261s
[RQ-VAE] epoch=333 loss=0.00027355 recon=0.00008776 beh=6.196305 w=0.000 lr=9.041e-04 time=0.169s
[RQ-VAE] epoch=334 loss=0.00027259 recon=0.00008762 beh=6.203768 w=0.000 lr=9.037e-04 time=0.168s
[RQ-VAE] epoch=335 loss=0.00027287 recon=0.00008784 beh=6.196018 w=0.000 lr=9.034e-04 time=0.169s
[RQ-VAE] epoch=336 loss=0.00027336 recon=0.00008766 beh=6.201303 w=0.000 lr=9.031e-04 time=0.168s
[RQ-VAE] epoch=337 loss=0.00027263 recon=0.00008758 beh=6.200532 w=0.000 lr=9.027e-04 time=0.17s
[RQ-VAE] epoch=338 loss=0.00027328 recon=0.00008749 beh=6.195416 w=0.000 lr=9.024e-04 time=0.169s
[RQ-VAE] epoch=339 loss=0.00027557 recon=0.00008760 beh=6.197568 w=0.000 lr=9.020e-04 time=0.168s
[RQ-VAE] epoch=340 loss=0.00027469 recon=0.00008741 beh=6.196445 w=0.000 lr=9.017e-04 time=0.169s
[RQ-VAE] epoch=341 loss=0.00027391 recon=0.00008742 beh=6.196297 w=0.000 lr=9.014e-04 time=0.169s
[RQ-VAE] epoch=342 loss=0.00027385 recon=0.00008742 beh=6.196376 w=0.000 lr=9.010e-04 time=0.169s
[RQ-VAE] epoch=343 loss=0.00027439 recon=0.00008748 beh=6.197310 w=0.000 lr=9.007e-04 time=0.168s
[RQ-VAE] epoch=344 loss=0.00027621 recon=0.00008727 beh=6.200219 w=0.000 lr=9.003e-04 time=0.168s
[RQ-VAE] epoch=345 loss=0.00027478 recon=0.00008739 beh=6.189808 w=0.000 lr=9.000e-04 time=0.169s
[RQ-VAE] epoch=346 loss=0.00027437 recon=0.00008720 beh=6.202455 w=0.000 lr=8.997e-04 time=0.169s
[RQ-VAE] epoch=347 loss=0.00027423 recon=0.00008723 beh=6.204014 w=0.000 lr=8.993e-04 time=0.168s
[RQ-VAE] epoch=348 loss=0.00027489 recon=0.00008706 beh=6.196020 w=0.000 lr=8.990e-04 time=0.281s
[RQ-VAE] epoch=349 loss=0.00027366 recon=0.00008689 beh=6.197921 w=0.000 lr=8.986e-04 time=0.168s
[RQ-VAE] epoch=350 loss=0.00027349 recon=0.00008691 lr=8.983e-04 raw_unique=20904/24587 collision=0.149795 time=0.169s
[RQ-VAE] epoch=351 loss=0.00027441 recon=0.00008701 beh=6.194790 w=0.000 lr=8.980e-04 time=0.17s
[RQ-VAE] epoch=352 loss=0.00027471 recon=0.00008681 beh=6.199393 w=0.000 lr=8.976e-04 time=0.167s
[RQ-VAE] epoch=353 loss=0.00027517 recon=0.00008680 beh=6.193297 w=0.000 lr=8.973e-04 time=0.17s
[RQ-VAE] epoch=354 loss=0.00027550 recon=0.00008696 beh=6.197513 w=0.000 lr=8.969e-04 time=0.169s
[RQ-VAE] epoch=355 loss=0.00027520 recon=0.00008689 beh=6.197621 w=0.000 lr=8.966e-04 time=0.169s
[RQ-VAE] epoch=356 loss=0.00027616 recon=0.00008689 beh=6.197597 w=0.000 lr=8.963e-04 time=0.17s
[RQ-VAE] epoch=357 loss=0.00027740 recon=0.00008668 beh=6.199080 w=0.000 lr=8.959e-04 time=0.173s
[RQ-VAE] epoch=358 loss=0.00027411 recon=0.00008664 beh=6.201782 w=0.000 lr=8.956e-04 time=0.171s
[RQ-VAE] epoch=359 loss=0.00027459 recon=0.00008674 beh=6.197196 w=0.000 lr=8.953e-04 time=0.171s
[RQ-VAE] epoch=360 loss=0.00027780 recon=0.00008669 beh=6.195077 w=0.000 lr=8.949e-04 time=0.172s
[RQ-VAE] epoch=361 loss=0.00027612 recon=0.00008649 beh=6.200061 w=0.000 lr=8.946e-04 time=0.171s
[RQ-VAE] epoch=362 loss=0.00027515 recon=0.00008651 beh=6.199749 w=0.000 lr=8.942e-04 time=0.171s
[RQ-VAE] epoch=363 loss=0.00027686 recon=0.00008641 beh=6.204197 w=0.000 lr=8.939e-04 time=0.173s
[RQ-VAE] epoch=364 loss=0.00027709 recon=0.00008643 beh=6.200770 w=0.000 lr=8.936e-04 time=0.264s
[RQ-VAE] epoch=365 loss=0.00027560 recon=0.00008626 beh=6.198349 w=0.000 lr=8.932e-04 time=0.168s
[RQ-VAE] epoch=366 loss=0.00027811 recon=0.00008632 beh=6.197817 w=0.000 lr=8.929e-04 time=0.168s
[RQ-VAE] epoch=367 loss=0.00027689 recon=0.00008616 beh=6.198515 w=0.000 lr=8.925e-04 time=0.169s
[RQ-VAE] epoch=368 loss=0.00027712 recon=0.00008616 beh=6.203093 w=0.000 lr=8.922e-04 time=0.169s
[RQ-VAE] epoch=369 loss=0.00027697 recon=0.00008617 beh=6.200168 w=0.000 lr=8.919e-04 time=0.168s
[RQ-VAE] epoch=370 loss=0.00027756 recon=0.00008616 beh=6.198540 w=0.000 lr=8.915e-04 time=0.17s
[RQ-VAE] epoch=371 loss=0.00027857 recon=0.00008610 beh=6.195136 w=0.000 lr=8.912e-04 time=0.168s
[RQ-VAE] epoch=372 loss=0.00027887 recon=0.00008615 beh=6.201285 w=0.000 lr=8.908e-04 time=0.169s
[RQ-VAE] epoch=373 loss=0.00027805 recon=0.00008611 beh=6.199173 w=0.000 lr=8.905e-04 time=0.168s
[RQ-VAE] epoch=374 loss=0.00027977 recon=0.00008589 beh=6.199296 w=0.000 lr=8.902e-04 time=0.168s
[RQ-VAE] epoch=375 loss=0.00027779 recon=0.00008605 beh=6.202930 w=0.000 lr=8.898e-04 time=0.168s
[RQ-VAE] epoch=376 loss=0.00027900 recon=0.00008600 beh=6.194858 w=0.000 lr=8.895e-04 time=0.17s
[RQ-VAE] epoch=377 loss=0.00027895 recon=0.00008592 beh=6.195725 w=0.000 lr=8.892e-04 time=0.169s
[RQ-VAE] epoch=378 loss=0.00027943 recon=0.00008591 beh=6.194214 w=0.000 lr=8.888e-04 time=0.169s
[RQ-VAE] epoch=379 loss=0.00027935 recon=0.00008586 beh=6.195521 w=0.000 lr=8.885e-04 time=0.17s
[RQ-VAE] epoch=380 loss=0.00028170 recon=0.00008572 beh=6.197838 w=0.000 lr=8.881e-04 time=0.292s
[RQ-VAE] epoch=381 loss=0.00027921 recon=0.00008557 beh=6.195691 w=0.000 lr=8.878e-04 time=0.17s
[RQ-VAE] epoch=382 loss=0.00027867 recon=0.00008562 beh=6.197664 w=0.000 lr=8.875e-04 time=0.17s
[RQ-VAE] epoch=383 loss=0.00028059 recon=0.00008549 beh=6.196741 w=0.000 lr=8.871e-04 time=0.17s
[RQ-VAE] epoch=384 loss=0.00028094 recon=0.00008550 beh=6.195302 w=0.000 lr=8.868e-04 time=0.169s
[RQ-VAE] epoch=385 loss=0.00028054 recon=0.00008562 beh=6.199113 w=0.000 lr=8.864e-04 time=0.169s
[RQ-VAE] epoch=386 loss=0.00028078 recon=0.00008546 beh=6.196187 w=0.000 lr=8.861e-04 time=0.169s
[RQ-VAE] epoch=387 loss=0.00028252 recon=0.00008536 beh=6.200141 w=0.000 lr=8.858e-04 time=0.169s
[RQ-VAE] epoch=388 loss=0.00028166 recon=0.00008550 beh=6.198244 w=0.000 lr=8.854e-04 time=0.17s
[RQ-VAE] epoch=389 loss=0.00027983 recon=0.00008553 beh=6.199992 w=0.000 lr=8.851e-04 time=0.168s
[RQ-VAE] epoch=390 loss=0.00028343 recon=0.00008548 beh=6.193802 w=0.000 lr=8.847e-04 time=0.168s
[RQ-VAE] epoch=391 loss=0.00028068 recon=0.00008531 beh=6.197302 w=0.000 lr=8.844e-04 time=0.169s
[RQ-VAE] epoch=392 loss=0.00027961 recon=0.00008537 beh=6.198338 w=0.000 lr=8.841e-04 time=0.171s
[RQ-VAE] epoch=393 loss=0.00028081 recon=0.00008542 beh=6.196441 w=0.000 lr=8.837e-04 time=0.168s
[RQ-VAE] epoch=394 loss=0.00028403 recon=0.00008523 beh=6.198916 w=0.000 lr=8.834e-04 time=0.169s
[RQ-VAE] epoch=395 loss=0.00028173 recon=0.00008525 beh=6.194166 w=0.000 lr=8.831e-04 time=0.167s
[RQ-VAE] epoch=396 loss=0.00028032 recon=0.00008523 beh=6.192346 w=0.000 lr=8.827e-04 time=0.291s
[RQ-VAE] epoch=397 loss=0.00028222 recon=0.00008509 beh=6.197768 w=0.000 lr=8.824e-04 time=0.169s
[RQ-VAE] epoch=398 loss=0.00028150 recon=0.00008500 beh=6.192459 w=0.000 lr=8.820e-04 time=0.169s
[RQ-VAE] epoch=399 loss=0.00028207 recon=0.00008500 beh=6.191914 w=0.000 lr=8.817e-04 time=0.169s
[RQ-VAE] epoch=400 loss=0.00028355 recon=0.00008498 lr=8.814e-04 raw_unique=20884/24587 collision=0.150608 time=0.176s
[RQ-VAE] epoch=401 loss=0.00028432 recon=0.00008492 beh=6.197084 w=0.000 lr=8.810e-04 time=0.173s
[RQ-VAE] epoch=402 loss=0.00028186 recon=0.00008502 beh=6.195213 w=0.000 lr=8.807e-04 time=0.169s
[RQ-VAE] epoch=403 loss=0.00028293 recon=0.00008488 beh=6.196210 w=0.000 lr=8.803e-04 time=0.171s
[RQ-VAE] epoch=404 loss=0.00028365 recon=0.00008479 beh=6.196266 w=0.000 lr=8.800e-04 time=0.169s
[RQ-VAE] epoch=405 loss=0.00028234 recon=0.00008508 beh=6.195517 w=0.000 lr=8.797e-04 time=0.17s
[RQ-VAE] epoch=406 loss=0.00028364 recon=0.00008480 beh=6.199676 w=0.000 lr=8.793e-04 time=0.168s
[RQ-VAE] epoch=407 loss=0.00028247 recon=0.00008473 beh=6.200472 w=0.000 lr=8.790e-04 time=0.169s
[RQ-VAE] epoch=408 loss=0.00028431 recon=0.00008479 beh=6.197361 w=0.000 lr=8.786e-04 time=0.169s
[RQ-VAE] epoch=409 loss=0.00028402 recon=0.00008472 beh=6.197980 w=0.000 lr=8.783e-04 time=0.169s
[RQ-VAE] epoch=410 loss=0.00028416 recon=0.00008483 beh=6.195787 w=0.000 lr=8.780e-04 time=0.171s
[RQ-VAE] epoch=411 loss=0.00028526 recon=0.00008466 beh=6.194086 w=0.000 lr=8.776e-04 time=0.169s
[RQ-VAE] epoch=412 loss=0.00028406 recon=0.00008455 beh=6.196921 w=0.000 lr=8.773e-04 time=0.288s
[RQ-VAE] epoch=413 loss=0.00028394 recon=0.00008455 beh=6.191033 w=0.000 lr=8.769e-04 time=0.169s
[RQ-VAE] epoch=414 loss=0.00028503 recon=0.00008447 beh=6.197186 w=0.000 lr=8.766e-04 time=0.167s
[RQ-VAE] epoch=415 loss=0.00028496 recon=0.00008444 beh=6.196671 w=0.000 lr=8.763e-04 time=0.169s
[RQ-VAE] epoch=416 loss=0.00028405 recon=0.00008438 beh=6.197732 w=0.000 lr=8.759e-04 time=0.169s
[RQ-VAE] epoch=417 loss=0.00028596 recon=0.00008441 beh=6.196171 w=0.000 lr=8.756e-04 time=0.169s
[RQ-VAE] epoch=418 loss=0.00028640 recon=0.00008438 beh=6.201782 w=0.000 lr=8.753e-04 time=0.169s
[RQ-VAE] epoch=419 loss=0.00028422 recon=0.00008434 beh=6.198569 w=0.000 lr=8.749e-04 time=0.17s
[RQ-VAE] epoch=420 loss=0.00028519 recon=0.00008448 beh=6.201577 w=0.000 lr=8.746e-04 time=0.168s
[RQ-VAE] epoch=421 loss=0.00028699 recon=0.00008445 beh=6.199000 w=0.000 lr=8.742e-04 time=0.169s
[RQ-VAE] epoch=422 loss=0.00028419 recon=0.00008441 beh=6.190623 w=0.000 lr=8.739e-04 time=0.17s
[RQ-VAE] epoch=423 loss=0.00028442 recon=0.00008415 beh=6.196014 w=0.000 lr=8.736e-04 time=0.17s
[RQ-VAE] epoch=424 loss=0.00028526 recon=0.00008414 beh=6.197006 w=0.000 lr=8.732e-04 time=0.168s
[RQ-VAE] epoch=425 loss=0.00028554 recon=0.00008406 beh=6.195035 w=0.000 lr=8.729e-04 time=0.169s
[RQ-VAE] epoch=426 loss=0.00028453 recon=0.00008392 beh=6.196100 w=0.000 lr=8.725e-04 time=0.169s
[RQ-VAE] epoch=427 loss=0.00028530 recon=0.00008409 beh=6.193899 w=0.000 lr=8.722e-04 time=0.291s
[RQ-VAE] epoch=428 loss=0.00028486 recon=0.00008384 beh=6.193543 w=0.000 lr=8.719e-04 time=0.168s
[RQ-VAE] epoch=429 loss=0.00028637 recon=0.00008390 beh=6.191354 w=0.000 lr=8.715e-04 time=0.171s
[RQ-VAE] epoch=430 loss=0.00028619 recon=0.00008387 beh=6.197508 w=0.000 lr=8.712e-04 time=0.167s
[RQ-VAE] epoch=431 loss=0.00028517 recon=0.00008381 beh=6.199342 w=0.000 lr=8.708e-04 time=0.168s
[RQ-VAE] epoch=432 loss=0.00028585 recon=0.00008378 beh=6.192810 w=0.000 lr=8.705e-04 time=0.167s
[RQ-VAE] epoch=433 loss=0.00028694 recon=0.00008398 beh=6.194471 w=0.000 lr=8.702e-04 time=0.168s
[RQ-VAE] epoch=434 loss=0.00028735 recon=0.00008403 beh=6.199454 w=0.000 lr=8.698e-04 time=0.171s
[RQ-VAE] epoch=435 loss=0.00028701 recon=0.00008382 beh=6.195754 w=0.000 lr=8.695e-04 time=0.169s
[RQ-VAE] epoch=436 loss=0.00028672 recon=0.00008368 beh=6.199208 w=0.000 lr=8.692e-04 time=0.178s
[RQ-VAE] epoch=437 loss=0.00028578 recon=0.00008362 beh=6.195635 w=0.000 lr=8.688e-04 time=0.169s
[RQ-VAE] epoch=438 loss=0.00028646 recon=0.00008361 beh=6.198228 w=0.000 lr=8.685e-04 time=0.168s
[RQ-VAE] epoch=439 loss=0.00028645 recon=0.00008392 beh=6.195699 w=0.000 lr=8.681e-04 time=0.169s
[RQ-VAE] epoch=440 loss=0.00028745 recon=0.00008355 beh=6.194530 w=0.000 lr=8.678e-04 time=0.168s
[RQ-VAE] epoch=441 loss=0.00028710 recon=0.00008347 beh=6.197947 w=0.000 lr=8.675e-04 time=0.168s
[RQ-VAE] epoch=442 loss=0.00028754 recon=0.00008362 beh=6.197664 w=0.000 lr=8.671e-04 time=0.168s
[RQ-VAE] epoch=443 loss=0.00028714 recon=0.00008363 beh=6.197953 w=0.000 lr=8.668e-04 time=0.284s
[RQ-VAE] epoch=444 loss=0.00028574 recon=0.00008374 beh=6.197511 w=0.000 lr=8.664e-04 time=0.169s
[RQ-VAE] epoch=445 loss=0.00028630 recon=0.00008358 beh=6.196277 w=0.000 lr=8.661e-04 time=0.169s
[RQ-VAE] epoch=446 loss=0.00028735 recon=0.00008355 beh=6.197561 w=0.000 lr=8.658e-04 time=0.169s
[RQ-VAE] epoch=447 loss=0.00028755 recon=0.00008357 beh=6.195899 w=0.000 lr=8.654e-04 time=0.168s
[RQ-VAE] epoch=448 loss=0.00028946 recon=0.00008380 beh=6.190622 w=0.000 lr=8.651e-04 time=0.169s
[RQ-VAE] epoch=449 loss=0.00028906 recon=0.00008353 beh=6.196397 w=0.000 lr=8.647e-04 time=0.168s
[RQ-VAE] epoch=450 loss=0.00028877 recon=0.00008337 lr=8.644e-04 raw_unique=20699/24587 collision=0.158132 time=0.168s
[RQ-VAE] epoch=451 loss=0.00028802 recon=0.00008337 beh=6.198311 w=0.000 lr=8.641e-04 time=0.17s
[RQ-VAE] epoch=452 loss=0.00028833 recon=0.00008326 beh=6.196736 w=0.000 lr=8.637e-04 time=0.167s
[RQ-VAE] epoch=453 loss=0.00029018 recon=0.00008325 beh=6.194811 w=0.000 lr=8.634e-04 time=0.172s
[RQ-VAE] epoch=454 loss=0.00028888 recon=0.00008331 beh=6.192136 w=0.000 lr=8.631e-04 time=0.168s
[RQ-VAE] epoch=455 loss=0.00028960 recon=0.00008320 beh=6.196022 w=0.000 lr=8.627e-04 time=0.17s
[RQ-VAE] epoch=456 loss=0.00028986 recon=0.00008318 beh=6.198887 w=0.000 lr=8.624e-04 time=0.17s
[RQ-VAE] epoch=457 loss=0.00028978 recon=0.00008317 beh=6.195376 w=0.000 lr=8.620e-04 time=0.168s
[RQ-VAE] epoch=458 loss=0.00029069 recon=0.00008307 beh=6.199008 w=0.000 lr=8.617e-04 time=0.169s
[RQ-VAE] epoch=459 loss=0.00028981 recon=0.00008306 beh=6.194940 w=0.000 lr=8.614e-04 time=0.275s
[RQ-VAE] epoch=460 loss=0.00029170 recon=0.00008314 beh=6.199491 w=0.000 lr=8.610e-04 time=0.169s
[RQ-VAE] epoch=461 loss=0.00028997 recon=0.00008307 beh=6.199598 w=0.000 lr=8.607e-04 time=0.169s
[RQ-VAE] epoch=462 loss=0.00028827 recon=0.00008314 beh=6.195560 w=0.000 lr=8.603e-04 time=0.17s
[RQ-VAE] epoch=463 loss=0.00029123 recon=0.00008302 beh=6.195888 w=0.000 lr=8.600e-04 time=0.169s
[RQ-VAE] epoch=464 loss=0.00029026 recon=0.00008301 beh=6.198520 w=0.000 lr=8.597e-04 time=0.168s
[RQ-VAE] epoch=465 loss=0.00029174 recon=0.00008304 beh=6.195840 w=0.000 lr=8.593e-04 time=0.167s
[RQ-VAE] epoch=466 loss=0.00029263 recon=0.00008291 beh=6.197095 w=0.000 lr=8.590e-04 time=0.168s
[RQ-VAE] epoch=467 loss=0.00029129 recon=0.00008280 beh=6.197140 w=0.000 lr=8.586e-04 time=0.169s
[RQ-VAE] epoch=468 loss=0.00029152 recon=0.00008293 beh=6.199178 w=0.000 lr=8.583e-04 time=0.169s
[RQ-VAE] epoch=469 loss=0.00029164 recon=0.00008292 beh=6.198555 w=0.000 lr=8.580e-04 time=0.169s
[RQ-VAE] epoch=470 loss=0.00029308 recon=0.00008281 beh=6.201888 w=0.000 lr=8.576e-04 time=0.167s
[RQ-VAE] epoch=471 loss=0.00029278 recon=0.00008287 beh=6.198129 w=0.000 lr=8.573e-04 time=0.168s
[RQ-VAE] epoch=472 loss=0.00029230 recon=0.00008281 beh=6.196909 w=0.000 lr=8.569e-04 time=0.168s
[RQ-VAE] epoch=473 loss=0.00029068 recon=0.00008283 beh=6.197512 w=0.000 lr=8.566e-04 time=0.171s
[RQ-VAE] epoch=474 loss=0.00029149 recon=0.00008276 beh=6.197758 w=0.000 lr=8.563e-04 time=0.168s
[RQ-VAE] epoch=475 loss=0.00029233 recon=0.00008258 beh=6.193083 w=0.000 lr=8.559e-04 time=0.282s
[RQ-VAE] epoch=476 loss=0.00029156 recon=0.00008269 beh=6.192919 w=0.000 lr=8.556e-04 time=0.168s
[RQ-VAE] epoch=477 loss=0.00029216 recon=0.00008272 beh=6.199106 w=0.000 lr=8.553e-04 time=0.169s
[RQ-VAE] epoch=478 loss=0.00029210 recon=0.00008245 beh=6.196805 w=0.000 lr=8.549e-04 time=0.168s
[RQ-VAE] epoch=479 loss=0.00029079 recon=0.00008240 beh=6.198107 w=0.000 lr=8.546e-04 time=0.169s
[RQ-VAE] epoch=480 loss=0.00029104 recon=0.00008254 beh=6.195219 w=0.000 lr=8.542e-04 time=0.17s
[RQ-VAE] epoch=481 loss=0.00029037 recon=0.00008241 beh=6.195219 w=0.000 lr=8.539e-04 time=0.169s
[RQ-VAE] epoch=482 loss=0.00029110 recon=0.00008238 beh=6.197542 w=0.000 lr=8.536e-04 time=0.168s
[RQ-VAE] epoch=483 loss=0.00029134 recon=0.00008246 beh=6.196406 w=0.000 lr=8.532e-04 time=0.168s
[RQ-VAE] epoch=484 loss=0.00029056 recon=0.00008239 beh=6.187790 w=0.000 lr=8.529e-04 time=0.169s
[RQ-VAE] epoch=485 loss=0.00029229 recon=0.00008239 beh=6.199011 w=0.000 lr=8.525e-04 time=0.172s
[RQ-VAE] epoch=486 loss=0.00029073 recon=0.00008226 beh=6.194103 w=0.000 lr=8.522e-04 time=0.169s
[RQ-VAE] epoch=487 loss=0.00029198 recon=0.00008235 beh=6.197593 w=0.000 lr=8.519e-04 time=0.17s
[RQ-VAE] epoch=488 loss=0.00029252 recon=0.00008227 beh=6.195989 w=0.000 lr=8.515e-04 time=0.169s
[RQ-VAE] epoch=489 loss=0.00029387 recon=0.00008229 beh=6.193925 w=0.000 lr=8.512e-04 time=0.17s
[RQ-VAE] epoch=490 loss=0.00029276 recon=0.00008221 beh=6.194659 w=0.000 lr=8.508e-04 time=0.169s
[RQ-VAE] epoch=491 loss=0.00029336 recon=0.00008225 beh=6.198479 w=0.000 lr=8.505e-04 time=0.26s
[RQ-VAE] epoch=492 loss=0.00029496 recon=0.00008226 beh=6.201068 w=0.000 lr=8.502e-04 time=0.171s
[RQ-VAE] epoch=493 loss=0.00029434 recon=0.00008228 beh=6.196226 w=0.000 lr=8.498e-04 time=0.168s
[RQ-VAE] epoch=494 loss=0.00029523 recon=0.00008208 beh=6.197495 w=0.000 lr=8.495e-04 time=0.169s
[RQ-VAE] epoch=495 loss=0.00029185 recon=0.00008235 beh=6.197186 w=0.000 lr=8.492e-04 time=0.171s
[RQ-VAE] epoch=496 loss=0.00029334 recon=0.00008208 beh=6.192227 w=0.000 lr=8.488e-04 time=0.169s
[RQ-VAE] epoch=497 loss=0.00029322 recon=0.00008201 beh=6.200324 w=0.000 lr=8.485e-04 time=0.169s
[RQ-VAE] epoch=498 loss=0.00029526 recon=0.00008199 beh=6.191389 w=0.000 lr=8.481e-04 time=0.168s
[RQ-VAE] epoch=499 loss=0.00029547 recon=0.00008216 beh=6.197249 w=0.000 lr=8.478e-04 time=0.17s
[RQ-VAE] epoch=500 loss=0.00029438 recon=0.00008214 lr=8.475e-04 raw_unique=20544/24587 collision=0.164436 time=0.168s
[RQ-VAE] epoch=501 loss=0.00029484 recon=0.00008207 beh=6.192460 w=0.000 lr=8.471e-04 time=0.17s
[RQ-VAE] epoch=502 loss=0.00029476 recon=0.00008208 beh=6.193690 w=0.000 lr=8.468e-04 time=0.17s
[RQ-VAE] epoch=503 loss=0.00029615 recon=0.00008199 beh=6.194018 w=0.000 lr=8.464e-04 time=0.168s
[RQ-VAE] epoch=504 loss=0.00029663 recon=0.00008219 beh=6.197270 w=0.000 lr=8.461e-04 time=0.169s
[RQ-VAE] epoch=505 loss=0.00029689 recon=0.00008212 beh=6.198435 w=0.000 lr=8.458e-04 time=0.17s
[RQ-VAE] epoch=506 loss=0.00029708 recon=0.00008206 beh=6.194447 w=0.000 lr=8.454e-04 time=0.169s
[RQ-VAE] epoch=507 loss=0.00029689 recon=0.00008185 beh=6.198309 w=0.000 lr=8.451e-04 time=0.291s
[RQ-VAE] epoch=508 loss=0.00029690 recon=0.00008194 beh=6.195751 w=0.000 lr=8.447e-04 time=0.178s
[RQ-VAE] epoch=509 loss=0.00029697 recon=0.00008216 beh=6.192770 w=0.000 lr=8.444e-04 time=0.175s
[RQ-VAE] epoch=510 loss=0.00029669 recon=0.00008187 beh=6.200518 w=0.000 lr=8.441e-04 time=0.168s
[RQ-VAE] epoch=511 loss=0.00029633 recon=0.00008195 beh=6.187159 w=0.000 lr=8.437e-04 time=0.168s
[RQ-VAE] epoch=512 loss=0.00029644 recon=0.00008201 beh=6.195005 w=0.000 lr=8.434e-04 time=0.168s
[RQ-VAE] epoch=513 loss=0.00029802 recon=0.00008196 beh=6.197251 w=0.000 lr=8.431e-04 time=0.168s
[RQ-VAE] epoch=514 loss=0.00029604 recon=0.00008168 beh=6.195319 w=0.000 lr=8.427e-04 time=0.17s
[RQ-VAE] epoch=515 loss=0.00029545 recon=0.00008157 beh=6.195150 w=0.000 lr=8.424e-04 time=0.168s
[RQ-VAE] epoch=516 loss=0.00029708 recon=0.00008166 beh=6.199061 w=0.000 lr=8.420e-04 time=0.17s
[RQ-VAE] epoch=517 loss=0.00029710 recon=0.00008156 beh=6.192541 w=0.000 lr=8.417e-04 time=0.171s
[RQ-VAE] epoch=518 loss=0.00029609 recon=0.00008158 beh=6.195350 w=0.000 lr=8.414e-04 time=0.171s
[RQ-VAE] epoch=519 loss=0.00029737 recon=0.00008185 beh=6.195850 w=0.000 lr=8.410e-04 time=0.169s
[RQ-VAE] epoch=520 loss=0.00029517 recon=0.00008152 beh=6.193906 w=0.000 lr=8.407e-04 time=0.169s
[RQ-VAE] epoch=521 loss=0.00029746 recon=0.00008149 beh=6.191154 w=0.000 lr=8.403e-04 time=0.169s
[RQ-VAE] epoch=522 loss=0.00029671 recon=0.00008160 beh=6.188575 w=0.000 lr=8.400e-04 time=0.28s
[RQ-VAE] epoch=523 loss=0.00029601 recon=0.00008143 beh=6.196178 w=0.000 lr=8.397e-04 time=0.168s
[RQ-VAE] epoch=524 loss=0.00029573 recon=0.00008159 beh=6.197298 w=0.000 lr=8.393e-04 time=0.169s
[RQ-VAE] epoch=525 loss=0.00029643 recon=0.00008146 beh=6.187231 w=0.000 lr=8.390e-04 time=0.174s
[RQ-VAE] epoch=526 loss=0.00029701 recon=0.00008143 beh=6.197369 w=0.000 lr=8.386e-04 time=0.17s
[RQ-VAE] epoch=527 loss=0.00029842 recon=0.00008147 beh=6.195563 w=0.000 lr=8.383e-04 time=0.168s
[RQ-VAE] epoch=528 loss=0.00029689 recon=0.00008144 beh=6.199172 w=0.000 lr=8.380e-04 time=0.17s
[RQ-VAE] epoch=529 loss=0.00029647 recon=0.00008143 beh=6.196402 w=0.000 lr=8.376e-04 time=0.172s
[RQ-VAE] epoch=530 loss=0.00029706 recon=0.00008150 beh=6.192134 w=0.000 lr=8.373e-04 time=0.172s
[RQ-VAE] epoch=531 loss=0.00029711 recon=0.00008148 beh=6.196775 w=0.000 lr=8.369e-04 time=0.171s
[RQ-VAE] epoch=532 loss=0.00029833 recon=0.00008137 beh=6.191051 w=0.000 lr=8.366e-04 time=0.173s
[RQ-VAE] epoch=533 loss=0.00029852 recon=0.00008149 beh=6.204284 w=0.000 lr=8.363e-04 time=0.172s
[RQ-VAE] epoch=534 loss=0.00029937 recon=0.00008143 beh=6.195521 w=0.000 lr=8.359e-04 time=0.174s
[RQ-VAE] epoch=535 loss=0.00029921 recon=0.00008127 beh=6.196992 w=0.000 lr=8.356e-04 time=0.174s
[RQ-VAE] epoch=536 loss=0.00029723 recon=0.00008116 beh=6.193111 w=0.000 lr=8.353e-04 time=0.172s
[RQ-VAE] epoch=537 loss=0.00029994 recon=0.00008134 beh=6.198694 w=0.000 lr=8.349e-04 time=0.172s
[RQ-VAE] epoch=538 loss=0.00029964 recon=0.00008136 beh=6.201070 w=0.000 lr=8.346e-04 time=0.286s
[RQ-VAE] epoch=539 loss=0.00029937 recon=0.00008141 beh=6.192778 w=0.000 lr=8.342e-04 time=0.17s
[RQ-VAE] epoch=540 loss=0.00029978 recon=0.00008131 beh=6.192168 w=0.000 lr=8.339e-04 time=0.169s
[RQ-VAE] epoch=541 loss=0.00029989 recon=0.00008125 beh=6.195421 w=0.000 lr=8.336e-04 time=0.171s
[RQ-VAE] epoch=542 loss=0.00029973 recon=0.00008121 beh=6.194701 w=0.000 lr=8.332e-04 time=0.171s
[RQ-VAE] epoch=543 loss=0.00029891 recon=0.00008122 beh=6.191795 w=0.000 lr=8.329e-04 time=0.17s
[RQ-VAE] epoch=544 loss=0.00030010 recon=0.00008108 beh=6.194259 w=0.000 lr=8.325e-04 time=0.171s
[RQ-VAE] epoch=545 loss=0.00029913 recon=0.00008120 beh=6.198372 w=0.000 lr=8.322e-04 time=0.169s
[RQ-VAE] epoch=546 loss=0.00029824 recon=0.00008109 beh=6.195334 w=0.000 lr=8.319e-04 time=0.173s
[RQ-VAE] epoch=547 loss=0.00029748 recon=0.00008097 beh=6.193227 w=0.000 lr=8.315e-04 time=0.169s
[RQ-VAE] epoch=548 loss=0.00029933 recon=0.00008115 beh=6.189732 w=0.000 lr=8.312e-04 time=0.169s
[RQ-VAE] epoch=549 loss=0.00030095 recon=0.00008108 beh=6.193888 w=0.000 lr=8.308e-04 time=0.17s
[RQ-VAE] epoch=550 loss=0.00029915 recon=0.00008091 lr=8.305e-04 raw_unique=20632/24587 collision=0.160857 time=0.169s
[RQ-VAE] epoch=551 loss=0.00029888 recon=0.00008107 beh=6.196703 w=0.000 lr=8.302e-04 time=0.169s
[RQ-VAE] epoch=552 loss=0.00029893 recon=0.00008093 beh=6.197621 w=0.000 lr=8.298e-04 time=0.169s
[RQ-VAE] epoch=553 loss=0.00029946 recon=0.00008090 beh=6.195959 w=0.000 lr=8.295e-04 time=0.168s
[RQ-VAE] epoch=554 loss=0.00029980 recon=0.00008091 beh=6.196470 w=0.000 lr=8.292e-04 time=0.279s
[RQ-VAE] epoch=555 loss=0.00030008 recon=0.00008089 beh=6.196068 w=0.000 lr=8.288e-04 time=0.17s
[RQ-VAE] epoch=556 loss=0.00030075 recon=0.00008099 beh=6.198544 w=0.000 lr=8.285e-04 time=0.171s
[RQ-VAE] epoch=557 loss=0.00030005 recon=0.00008079 beh=6.197785 w=0.000 lr=8.281e-04 time=0.169s
[RQ-VAE] epoch=558 loss=0.00030058 recon=0.00008077 beh=6.190713 w=0.000 lr=8.278e-04 time=0.168s
[RQ-VAE] epoch=559 loss=0.00030034 recon=0.00008076 beh=6.196504 w=0.000 lr=8.275e-04 time=0.168s
[RQ-VAE] epoch=560 loss=0.00029952 recon=0.00008075 beh=6.197797 w=0.000 lr=8.271e-04 time=0.168s
[RQ-VAE] epoch=561 loss=0.00030078 recon=0.00008093 beh=6.195714 w=0.000 lr=8.268e-04 time=0.169s
[RQ-VAE] epoch=562 loss=0.00030144 recon=0.00008083 beh=6.198068 w=0.000 lr=8.264e-04 time=0.171s
[RQ-VAE] epoch=563 loss=0.00030330 recon=0.00008074 beh=6.193881 w=0.000 lr=8.261e-04 time=0.169s
[RQ-VAE] epoch=564 loss=0.00030083 recon=0.00008062 beh=6.197760 w=0.000 lr=8.258e-04 time=0.17s
[RQ-VAE] epoch=565 loss=0.00030028 recon=0.00008063 beh=6.197107 w=0.000 lr=8.254e-04 time=0.168s
[RQ-VAE] epoch=566 loss=0.00029991 recon=0.00008057 beh=6.193083 w=0.000 lr=8.251e-04 time=0.17s
[RQ-VAE] epoch=567 loss=0.00030033 recon=0.00008046 beh=6.193662 w=0.000 lr=8.247e-04 time=0.169s
[RQ-VAE] epoch=568 loss=0.00030270 recon=0.00008056 beh=6.195605 w=0.000 lr=8.244e-04 time=0.172s
[RQ-VAE] epoch=569 loss=0.00030051 recon=0.00008056 beh=6.194743 w=0.000 lr=8.241e-04 time=0.168s
[RQ-VAE] epoch=570 loss=0.00030131 recon=0.00008045 beh=6.195591 w=0.000 lr=8.237e-04 time=0.274s
[RQ-VAE] epoch=571 loss=0.00030118 recon=0.00008050 beh=6.198246 w=0.000 lr=8.234e-04 time=0.17s
[RQ-VAE] epoch=572 loss=0.00030063 recon=0.00008048 beh=6.194892 w=0.000 lr=8.231e-04 time=0.169s
[RQ-VAE] epoch=573 loss=0.00030185 recon=0.00008054 beh=6.192628 w=0.000 lr=8.227e-04 time=0.169s
[RQ-VAE] epoch=574 loss=0.00030045 recon=0.00008039 beh=6.191749 w=0.000 lr=8.224e-04 time=0.17s
[RQ-VAE] epoch=575 loss=0.00030059 recon=0.00008042 beh=6.191903 w=0.000 lr=8.220e-04 time=0.17s
[RQ-VAE] epoch=576 loss=0.00030069 recon=0.00008037 beh=6.194745 w=0.000 lr=8.217e-04 time=0.169s
[RQ-VAE] epoch=577 loss=0.00030168 recon=0.00008037 beh=6.198009 w=0.000 lr=8.214e-04 time=0.169s
[RQ-VAE] epoch=578 loss=0.00030177 recon=0.00008038 beh=6.195923 w=0.000 lr=8.210e-04 time=0.171s
[RQ-VAE] epoch=579 loss=0.00030214 recon=0.00008036 beh=6.194161 w=0.000 lr=8.207e-04 time=0.17s
[RQ-VAE] epoch=580 loss=0.00030253 recon=0.00008046 beh=6.193491 w=0.000 lr=8.203e-04 time=0.17s
[RQ-VAE] epoch=581 loss=0.00030189 recon=0.00008027 beh=6.190926 w=0.000 lr=8.200e-04 time=0.169s
[RQ-VAE] epoch=582 loss=0.00030264 recon=0.00008040 beh=6.196552 w=0.000 lr=8.197e-04 time=0.169s
[RQ-VAE] epoch=583 loss=0.00030240 recon=0.00008037 beh=6.191034 w=0.000 lr=8.193e-04 time=0.169s
[RQ-VAE] epoch=584 loss=0.00029928 recon=0.00008031 beh=6.196493 w=0.000 lr=8.190e-04 time=0.169s
[RQ-VAE] epoch=585 loss=0.00030104 recon=0.00008016 beh=6.191768 w=0.000 lr=8.186e-04 time=0.17s
[RQ-VAE] epoch=586 loss=0.00030115 recon=0.00008017 beh=6.192531 w=0.000 lr=8.183e-04 time=0.27s
[RQ-VAE] epoch=587 loss=0.00030185 recon=0.00008023 beh=6.194347 w=0.000 lr=8.180e-04 time=0.168s
[RQ-VAE] epoch=588 loss=0.00030102 recon=0.00008002 beh=6.188905 w=0.000 lr=8.176e-04 time=0.171s
[RQ-VAE] epoch=589 loss=0.00030033 recon=0.00008018 beh=6.192629 w=0.000 lr=8.173e-04 time=0.171s
[RQ-VAE] epoch=590 loss=0.00030062 recon=0.00008016 beh=6.189849 w=0.000 lr=8.169e-04 time=0.17s
[RQ-VAE] epoch=591 loss=0.00030260 recon=0.00008021 beh=6.192212 w=0.000 lr=8.166e-04 time=0.168s
[RQ-VAE] epoch=592 loss=0.00030191 recon=0.00008015 beh=6.198952 w=0.000 lr=8.163e-04 time=0.17s
[RQ-VAE] epoch=593 loss=0.00030278 recon=0.00008005 beh=6.197575 w=0.000 lr=8.159e-04 time=0.17s
[RQ-VAE] epoch=594 loss=0.00030170 recon=0.00008001 beh=6.197165 w=0.000 lr=8.156e-04 time=0.173s
[RQ-VAE] epoch=595 loss=0.00030176 recon=0.00008004 beh=6.191721 w=0.000 lr=8.153e-04 time=0.169s
[RQ-VAE] epoch=596 loss=0.00030119 recon=0.00008009 beh=6.193482 w=0.000 lr=8.149e-04 time=0.169s
[RQ-VAE] epoch=597 loss=0.00030111 recon=0.00007998 beh=6.192544 w=0.000 lr=8.146e-04 time=0.17s
[RQ-VAE] epoch=598 loss=0.00030171 recon=0.00007980 beh=6.191288 w=0.000 lr=8.142e-04 time=0.17s
[RQ-VAE] epoch=599 loss=0.00030217 recon=0.00008006 beh=6.195208 w=0.000 lr=8.139e-04 time=0.168s
[RQ-VAE] epoch=600 loss=0.00030219 recon=0.00007995 lr=8.136e-04 raw_unique=20541/24587 collision=0.164559 time=0.17s
[RQ-VAE] epoch=601 loss=0.00030208 recon=0.00007991 beh=6.192225 w=0.000 lr=8.132e-04 time=0.17s
[RQ-VAE] epoch=602 loss=0.00030224 recon=0.00008001 beh=6.186116 w=0.000 lr=8.129e-04 time=0.273s
[RQ-VAE] epoch=603 loss=0.00030279 recon=0.00007985 beh=6.196019 w=0.000 lr=8.125e-04 time=0.169s
[RQ-VAE] epoch=604 loss=0.00030372 recon=0.00007982 beh=6.195455 w=0.000 lr=8.122e-04 time=0.167s
[RQ-VAE] epoch=605 loss=0.00030238 recon=0.00007980 beh=6.193639 w=0.000 lr=8.119e-04 time=0.17s
[RQ-VAE] epoch=606 loss=0.00030173 recon=0.00007964 beh=6.195733 w=0.000 lr=8.115e-04 time=0.169s
[RQ-VAE] epoch=607 loss=0.00030173 recon=0.00007963 beh=6.198389 w=0.000 lr=8.112e-04 time=0.169s
[RQ-VAE] epoch=608 loss=0.00030398 recon=0.00007979 beh=6.193458 w=0.000 lr=8.108e-04 time=0.169s
[RQ-VAE] epoch=609 loss=0.00030402 recon=0.00007987 beh=6.198246 w=0.000 lr=8.105e-04 time=0.171s
[RQ-VAE] epoch=610 loss=0.00030372 recon=0.00007977 beh=6.194948 w=0.000 lr=8.102e-04 time=0.169s
[RQ-VAE] epoch=611 loss=0.00030499 recon=0.00007984 beh=6.195322 w=0.000 lr=8.098e-04 time=0.17s
[RQ-VAE] epoch=612 loss=0.00030516 recon=0.00007973 beh=6.197351 w=0.000 lr=8.095e-04 time=0.168s
[RQ-VAE] epoch=613 loss=0.00030491 recon=0.00007972 beh=6.196647 w=0.000 lr=8.092e-04 time=0.17s
[RQ-VAE] epoch=614 loss=0.00030412 recon=0.00007970 beh=6.191117 w=0.000 lr=8.088e-04 time=0.173s
[RQ-VAE] epoch=615 loss=0.00030394 recon=0.00007978 beh=6.194294 w=0.000 lr=8.085e-04 time=0.169s
[RQ-VAE] epoch=616 loss=0.00030347 recon=0.00007966 beh=6.196437 w=0.000 lr=8.081e-04 time=0.168s
[RQ-VAE] epoch=617 loss=0.00030288 recon=0.00007965 beh=6.194148 w=0.000 lr=8.078e-04 time=0.284s
[RQ-VAE] epoch=618 loss=0.00030384 recon=0.00007972 beh=6.195670 w=0.000 lr=8.075e-04 time=0.168s
[RQ-VAE] epoch=619 loss=0.00030427 recon=0.00007963 beh=6.198027 w=0.000 lr=8.071e-04 time=0.169s
[RQ-VAE] epoch=620 loss=0.00030455 recon=0.00007950 beh=6.194654 w=0.000 lr=8.068e-04 time=0.171s
[RQ-VAE] epoch=621 loss=0.00030442 recon=0.00007958 beh=6.194508 w=0.000 lr=8.064e-04 time=0.169s
[RQ-VAE] epoch=622 loss=0.00030469 recon=0.00007956 beh=6.197766 w=0.000 lr=8.061e-04 time=0.168s
[RQ-VAE] epoch=623 loss=0.00030321 recon=0.00007960 beh=6.194862 w=0.000 lr=8.058e-04 time=0.17s
[RQ-VAE] epoch=624 loss=0.00030450 recon=0.00007961 beh=6.194421 w=0.000 lr=8.054e-04 time=0.174s
[RQ-VAE] epoch=625 loss=0.00030348 recon=0.00007962 beh=6.191832 w=0.000 lr=8.051e-04 time=0.169s
[RQ-VAE] epoch=626 loss=0.00030535 recon=0.00007978 beh=6.195917 w=0.000 lr=8.047e-04 time=0.168s
[RQ-VAE] epoch=627 loss=0.00030527 recon=0.00007983 beh=6.190291 w=0.000 lr=8.044e-04 time=0.169s
[RQ-VAE] epoch=628 loss=0.00030425 recon=0.00007969 beh=6.193889 w=0.000 lr=8.041e-04 time=0.169s
[RQ-VAE] epoch=629 loss=0.00030460 recon=0.00007953 beh=6.197916 w=0.000 lr=8.037e-04 time=0.17s
[RQ-VAE] epoch=630 loss=0.00030430 recon=0.00007948 beh=6.194380 w=0.000 lr=8.034e-04 time=0.171s
[RQ-VAE] epoch=631 loss=0.00030710 recon=0.00007948 beh=6.196556 w=0.000 lr=8.031e-04 time=0.17s
[RQ-VAE] epoch=632 loss=0.00030637 recon=0.00007948 beh=6.190033 w=0.000 lr=8.027e-04 time=0.17s
[RQ-VAE] epoch=633 loss=0.00030416 recon=0.00007933 beh=6.194077 w=0.000 lr=8.024e-04 time=0.268s
[RQ-VAE] epoch=634 loss=0.00030607 recon=0.00007942 beh=6.194668 w=0.000 lr=8.020e-04 time=0.169s
[RQ-VAE] epoch=635 loss=0.00030641 recon=0.00007956 beh=6.196631 w=0.000 lr=8.017e-04 time=0.17s
[RQ-VAE] epoch=636 loss=0.00030482 recon=0.00007941 beh=6.196229 w=0.000 lr=8.014e-04 time=0.17s
[RQ-VAE] epoch=637 loss=0.00030477 recon=0.00007931 beh=6.193091 w=0.000 lr=8.010e-04 time=0.169s
[RQ-VAE] epoch=638 loss=0.00030662 recon=0.00007917 beh=6.193837 w=0.000 lr=8.007e-04 time=0.169s
[RQ-VAE] epoch=639 loss=0.00030493 recon=0.00007925 beh=6.191780 w=0.000 lr=8.003e-04 time=0.169s
[RQ-VAE] epoch=640 loss=0.00030524 recon=0.00007925 beh=6.192290 w=0.000 lr=8.000e-04 time=0.168s
[RQ-VAE] epoch=641 loss=0.00030672 recon=0.00007916 beh=6.197316 w=0.000 lr=7.997e-04 time=0.169s
[RQ-VAE] epoch=642 loss=0.00030501 recon=0.00007919 beh=6.193409 w=0.000 lr=7.993e-04 time=0.169s
[RQ-VAE] epoch=643 loss=0.00030576 recon=0.00007926 beh=6.192925 w=0.000 lr=7.990e-04 time=0.169s
[RQ-VAE] epoch=644 loss=0.00030675 recon=0.00007913 beh=6.195302 w=0.000 lr=7.986e-04 time=0.168s
[RQ-VAE] epoch=645 loss=0.00030585 recon=0.00007903 beh=6.191107 w=0.000 lr=7.983e-04 time=0.169s
[RQ-VAE] epoch=646 loss=0.00030429 recon=0.00007912 beh=6.193763 w=0.000 lr=7.980e-04 time=0.169s
[RQ-VAE] epoch=647 loss=0.00030400 recon=0.00007916 beh=6.196285 w=0.000 lr=7.976e-04 time=0.169s
[RQ-VAE] epoch=648 loss=0.00030451 recon=0.00007910 beh=6.193995 w=0.000 lr=7.973e-04 time=0.17s
[RQ-VAE] epoch=649 loss=0.00030502 recon=0.00007911 beh=6.196613 w=0.000 lr=7.969e-04 time=0.274s
[RQ-VAE] epoch=650 loss=0.00030482 recon=0.00007908 lr=7.966e-04 raw_unique=20429/24587 collision=0.169114 time=0.167s
[RQ-VAE] epoch=651 loss=0.00030358 recon=0.00007902 beh=6.190494 w=0.000 lr=7.963e-04 time=0.17s
[RQ-VAE] epoch=652 loss=0.00030528 recon=0.00007909 beh=6.189308 w=0.000 lr=7.959e-04 time=0.17s
[RQ-VAE] epoch=653 loss=0.00030479 recon=0.00007910 beh=6.195339 w=0.000 lr=7.956e-04 time=0.169s
[RQ-VAE] epoch=654 loss=0.00030482 recon=0.00007897 beh=6.199736 w=0.000 lr=7.953e-04 time=0.168s
[RQ-VAE] epoch=655 loss=0.00030538 recon=0.00007886 beh=6.197320 w=0.000 lr=7.949e-04 time=0.169s
[RQ-VAE] epoch=656 loss=0.00030260 recon=0.00007877 beh=6.195885 w=0.000 lr=7.946e-04 time=0.169s
[RQ-VAE] epoch=657 loss=0.00030385 recon=0.00007867 beh=6.197477 w=0.000 lr=7.942e-04 time=0.169s
[RQ-VAE] epoch=658 loss=0.00030324 recon=0.00007876 beh=6.186237 w=0.000 lr=7.939e-04 time=0.168s
[RQ-VAE] epoch=659 loss=0.00030423 recon=0.00007875 beh=6.192055 w=0.000 lr=7.936e-04 time=0.17s
[RQ-VAE] epoch=660 loss=0.00030525 recon=0.00007894 beh=6.194067 w=0.000 lr=7.932e-04 time=0.171s
[RQ-VAE] epoch=661 loss=0.00030616 recon=0.00007898 beh=6.197034 w=0.000 lr=7.929e-04 time=0.17s
[RQ-VAE] epoch=662 loss=0.00030575 recon=0.00007900 beh=6.190386 w=0.000 lr=7.925e-04 time=0.169s
[RQ-VAE] epoch=663 loss=0.00030666 recon=0.00007909 beh=6.193157 w=0.000 lr=7.922e-04 time=0.171s
[RQ-VAE] epoch=664 loss=0.00030672 recon=0.00007881 beh=6.196208 w=0.000 lr=7.919e-04 time=0.169s
[RQ-VAE] epoch=665 loss=0.00030427 recon=0.00007882 beh=6.197512 w=0.000 lr=7.915e-04 time=0.261s
[RQ-VAE] epoch=666 loss=0.00030373 recon=0.00007894 beh=6.194476 w=0.000 lr=7.912e-04 time=0.168s
[RQ-VAE] epoch=667 loss=0.00030646 recon=0.00007892 beh=6.195566 w=0.000 lr=7.908e-04 time=0.173s
[RQ-VAE] epoch=668 loss=0.00030745 recon=0.00007876 beh=6.195361 w=0.000 lr=7.905e-04 time=0.168s
[RQ-VAE] epoch=669 loss=0.00030611 recon=0.00007882 beh=6.193700 w=0.000 lr=7.902e-04 time=0.17s
[RQ-VAE] epoch=670 loss=0.00030614 recon=0.00007884 beh=6.195964 w=0.000 lr=7.898e-04 time=0.169s
[RQ-VAE] epoch=671 loss=0.00030583 recon=0.00007876 beh=6.194405 w=0.000 lr=7.895e-04 time=0.169s
[RQ-VAE] epoch=672 loss=0.00030681 recon=0.00007862 beh=6.198125 w=0.000 lr=7.892e-04 time=0.169s
[RQ-VAE] epoch=673 loss=0.00030543 recon=0.00007868 beh=6.193795 w=0.000 lr=7.888e-04 time=0.168s
[RQ-VAE] epoch=674 loss=0.00030680 recon=0.00007897 beh=6.194595 w=0.000 lr=7.885e-04 time=0.169s
[RQ-VAE] epoch=675 loss=0.00030750 recon=0.00007865 beh=6.196727 w=0.000 lr=7.881e-04 time=0.169s
[RQ-VAE] epoch=676 loss=0.00030750 recon=0.00007856 beh=6.195714 w=0.000 lr=7.878e-04 time=0.168s
[RQ-VAE] epoch=677 loss=0.00030544 recon=0.00007858 beh=6.196383 w=0.000 lr=7.875e-04 time=0.169s
[RQ-VAE] epoch=678 loss=0.00030691 recon=0.00007869 beh=6.195510 w=0.000 lr=7.871e-04 time=0.168s
[RQ-VAE] epoch=679 loss=0.00030610 recon=0.00007859 beh=6.193987 w=0.000 lr=7.868e-04 time=0.17s
[RQ-VAE] epoch=680 loss=0.00030647 recon=0.00007852 beh=6.194318 w=0.000 lr=7.864e-04 time=0.17s
[RQ-VAE] epoch=681 loss=0.00030610 recon=0.00007858 beh=6.194414 w=0.000 lr=7.861e-04 time=0.288s
[RQ-VAE] epoch=682 loss=0.00030757 recon=0.00007848 beh=6.193795 w=0.000 lr=7.858e-04 time=0.168s
[RQ-VAE] epoch=683 loss=0.00030887 recon=0.00007865 beh=6.194934 w=0.000 lr=7.854e-04 time=0.168s
[RQ-VAE] epoch=684 loss=0.00030748 recon=0.00007865 beh=6.199846 w=0.000 lr=7.851e-04 time=0.169s
[RQ-VAE] epoch=685 loss=0.00030710 recon=0.00007859 beh=6.189140 w=0.000 lr=7.847e-04 time=0.17s
[RQ-VAE] epoch=686 loss=0.00030813 recon=0.00007856 beh=6.190002 w=0.000 lr=7.844e-04 time=0.168s
[RQ-VAE] epoch=687 loss=0.00030690 recon=0.00007843 beh=6.194605 w=0.000 lr=7.841e-04 time=0.169s
[RQ-VAE] epoch=688 loss=0.00030551 recon=0.00007844 beh=6.195422 w=0.000 lr=7.837e-04 time=0.168s
[RQ-VAE] epoch=689 loss=0.00030674 recon=0.00007860 beh=6.195393 w=0.000 lr=7.834e-04 time=0.169s
[RQ-VAE] epoch=690 loss=0.00030685 recon=0.00007842 beh=6.197021 w=0.000 lr=7.831e-04 time=0.169s
[RQ-VAE] epoch=691 loss=0.00030878 recon=0.00007843 beh=6.195489 w=0.000 lr=7.827e-04 time=0.169s
[RQ-VAE] epoch=692 loss=0.00030756 recon=0.00007842 beh=6.199027 w=0.000 lr=7.824e-04 time=0.169s
[RQ-VAE] epoch=693 loss=0.00030927 recon=0.00007840 beh=6.195962 w=0.000 lr=7.820e-04 time=0.17s
[RQ-VAE] epoch=694 loss=0.00030912 recon=0.00007834 beh=6.195165 w=0.000 lr=7.817e-04 time=0.17s
[RQ-VAE] epoch=695 loss=0.00030895 recon=0.00007834 beh=6.203338 w=0.000 lr=7.814e-04 time=0.171s
[RQ-VAE] epoch=696 loss=0.00030927 recon=0.00007849 beh=6.196757 w=0.000 lr=7.810e-04 time=0.17s
[RQ-VAE] epoch=697 loss=0.00030952 recon=0.00007834 beh=6.195085 w=0.000 lr=7.807e-04 time=0.261s
[RQ-VAE] epoch=698 loss=0.00030794 recon=0.00007827 beh=6.191035 w=0.000 lr=7.803e-04 time=0.17s
[RQ-VAE] epoch=699 loss=0.00030771 recon=0.00007838 beh=6.195859 w=0.000 lr=7.800e-04 time=0.168s
[RQ-VAE] epoch=700 loss=0.00030851 recon=0.00007825 lr=7.797e-04 raw_unique=20525/24587 collision=0.165209 time=0.169s
[RQ-VAE] epoch=701 loss=0.00030854 recon=0.00007828 beh=6.199220 w=0.000 lr=7.793e-04 time=0.168s
[RQ-VAE] epoch=702 loss=0.00030666 recon=0.00007820 beh=6.193798 w=0.000 lr=7.790e-04 time=0.168s
[RQ-VAE] epoch=703 loss=0.00030696 recon=0.00007820 beh=6.197643 w=0.000 lr=7.786e-04 time=0.168s
[RQ-VAE] epoch=704 loss=0.00030900 recon=0.00007839 beh=6.194579 w=0.000 lr=7.783e-04 time=0.17s
[RQ-VAE] epoch=705 loss=0.00030738 recon=0.00007825 beh=6.196260 w=0.000 lr=7.780e-04 time=0.169s
[RQ-VAE] epoch=706 loss=0.00030703 recon=0.00007807 beh=6.197148 w=0.000 lr=7.776e-04 time=0.168s
[RQ-VAE] epoch=707 loss=0.00030667 recon=0.00007817 beh=6.189231 w=0.000 lr=7.773e-04 time=0.168s
[RQ-VAE] epoch=708 loss=0.00030726 recon=0.00007811 beh=6.198155 w=0.000 lr=7.769e-04 time=0.168s
[RQ-VAE] epoch=709 loss=0.00030544 recon=0.00007807 beh=6.197937 w=0.000 lr=7.766e-04 time=0.169s
[RQ-VAE] epoch=710 loss=0.00030711 recon=0.00007817 beh=6.189579 w=0.000 lr=7.763e-04 time=0.169s
[RQ-VAE] epoch=711 loss=0.00030872 recon=0.00007813 beh=6.191288 w=0.000 lr=7.759e-04 time=0.168s
[RQ-VAE] epoch=712 loss=0.00030962 recon=0.00007807 beh=6.193427 w=0.000 lr=7.756e-04 time=0.282s
[RQ-VAE] epoch=713 loss=0.00030712 recon=0.00007787 beh=6.193970 w=0.000 lr=7.753e-04 time=0.168s
[RQ-VAE] epoch=714 loss=0.00030719 recon=0.00007779 beh=6.194701 w=0.000 lr=7.749e-04 time=0.169s
[RQ-VAE] epoch=715 loss=0.00030767 recon=0.00007794 beh=6.198728 w=0.000 lr=7.746e-04 time=0.168s
[RQ-VAE] epoch=716 loss=0.00030848 recon=0.00007789 beh=6.193742 w=0.000 lr=7.742e-04 time=0.168s
[RQ-VAE] epoch=717 loss=0.00030657 recon=0.00007784 beh=6.194243 w=0.000 lr=7.739e-04 time=0.168s
[RQ-VAE] epoch=718 loss=0.00030629 recon=0.00007799 beh=6.194293 w=0.000 lr=7.736e-04 time=0.17s
[RQ-VAE] epoch=719 loss=0.00030767 recon=0.00007781 beh=6.194392 w=0.000 lr=7.732e-04 time=0.169s
[RQ-VAE] epoch=720 loss=0.00030746 recon=0.00007800 beh=6.191428 w=0.000 lr=7.729e-04 time=0.171s
[RQ-VAE] epoch=721 loss=0.00030621 recon=0.00007798 beh=6.199837 w=0.000 lr=7.725e-04 time=0.171s
[RQ-VAE] epoch=722 loss=0.00030705 recon=0.00007793 beh=6.190713 w=0.000 lr=7.722e-04 time=0.169s
[RQ-VAE] epoch=723 loss=0.00030647 recon=0.00007806 beh=6.194600 w=0.000 lr=7.719e-04 time=0.174s
[RQ-VAE] epoch=724 loss=0.00030709 recon=0.00007793 beh=6.194473 w=0.000 lr=7.715e-04 time=0.169s
[RQ-VAE] epoch=725 loss=0.00030627 recon=0.00007776 beh=6.197140 w=0.000 lr=7.712e-04 time=0.168s
[RQ-VAE] epoch=726 loss=0.00030749 recon=0.00007768 beh=6.199306 w=0.000 lr=7.708e-04 time=0.17s
[RQ-VAE] epoch=727 loss=0.00030847 recon=0.00007783 beh=6.194464 w=0.000 lr=7.705e-04 time=0.169s
[RQ-VAE] epoch=728 loss=0.00030591 recon=0.00007780 beh=6.195663 w=0.000 lr=7.702e-04 time=0.261s
[RQ-VAE] epoch=729 loss=0.00030765 recon=0.00007782 beh=6.190400 w=0.000 lr=7.698e-04 time=0.169s
[RQ-VAE] epoch=730 loss=0.00030903 recon=0.00007786 beh=6.193779 w=0.000 lr=7.695e-04 time=0.168s
[RQ-VAE] epoch=731 loss=0.00030767 recon=0.00007779 beh=6.197410 w=0.000 lr=7.692e-04 time=0.17s
[RQ-VAE] epoch=732 loss=0.00030703 recon=0.00007771 beh=6.196943 w=0.000 lr=7.688e-04 time=0.17s
[RQ-VAE] epoch=733 loss=0.00030702 recon=0.00007786 beh=6.193974 w=0.000 lr=7.685e-04 time=0.168s
[RQ-VAE] epoch=734 loss=0.00030914 recon=0.00007769 beh=6.195146 w=0.000 lr=7.681e-04 time=0.172s
[RQ-VAE] epoch=735 loss=0.00030630 recon=0.00007764 beh=6.194272 w=0.000 lr=7.678e-04 time=0.169s
[RQ-VAE] epoch=736 loss=0.00030640 recon=0.00007756 beh=6.193535 w=0.000 lr=7.675e-04 time=0.168s
[RQ-VAE] epoch=737 loss=0.00030702 recon=0.00007763 beh=6.193540 w=0.000 lr=7.671e-04 time=0.169s
[RQ-VAE] epoch=738 loss=0.00030744 recon=0.00007760 beh=6.190881 w=0.000 lr=7.668e-04 time=0.169s
[RQ-VAE] epoch=739 loss=0.00030874 recon=0.00007768 beh=6.189861 w=0.000 lr=7.664e-04 time=0.168s
[RQ-VAE] epoch=740 loss=0.00030747 recon=0.00007750 beh=6.193493 w=0.000 lr=7.661e-04 time=0.17s
[RQ-VAE] epoch=741 loss=0.00030767 recon=0.00007758 beh=6.194168 w=0.000 lr=7.658e-04 time=0.169s
[RQ-VAE] epoch=742 loss=0.00030877 recon=0.00007771 beh=6.199863 w=0.000 lr=7.654e-04 time=0.17s
[RQ-VAE] epoch=743 loss=0.00030871 recon=0.00007767 beh=6.198614 w=0.000 lr=7.651e-04 time=0.17s
[RQ-VAE] epoch=744 loss=0.00030823 recon=0.00007747 beh=6.192180 w=0.000 lr=7.647e-04 time=0.267s
[RQ-VAE] epoch=745 loss=0.00030827 recon=0.00007759 beh=6.193918 w=0.000 lr=7.644e-04 time=0.168s
[RQ-VAE] epoch=746 loss=0.00030694 recon=0.00007747 beh=6.193937 w=0.000 lr=7.641e-04 time=0.17s
[RQ-VAE] epoch=747 loss=0.00030806 recon=0.00007744 beh=6.197475 w=0.000 lr=7.637e-04 time=0.169s
[RQ-VAE] epoch=748 loss=0.00030963 recon=0.00007756 beh=6.194384 w=0.000 lr=7.634e-04 time=0.17s
[RQ-VAE] epoch=749 loss=0.00030935 recon=0.00007750 beh=6.191807 w=0.000 lr=7.631e-04 time=0.169s
[RQ-VAE] epoch=750 loss=0.00030927 recon=0.00007752 lr=7.627e-04 raw_unique=20474/24587 collision=0.167284 time=0.168s
[RQ-VAE] epoch=751 loss=0.00031065 recon=0.00007753 beh=6.194090 w=0.000 lr=7.624e-04 time=0.169s
[RQ-VAE] epoch=752 loss=0.00031106 recon=0.00007746 beh=6.191661 w=0.000 lr=7.620e-04 time=0.172s
[RQ-VAE] epoch=753 loss=0.00030976 recon=0.00007765 beh=6.191606 w=0.000 lr=7.617e-04 time=0.169s
[RQ-VAE] epoch=754 loss=0.00030912 recon=0.00007739 beh=6.198068 w=0.000 lr=7.614e-04 time=0.169s
[RQ-VAE] epoch=755 loss=0.00030973 recon=0.00007736 beh=6.191641 w=0.000 lr=7.610e-04 time=0.168s
[RQ-VAE] epoch=756 loss=0.00030923 recon=0.00007734 beh=6.190451 w=0.000 lr=7.607e-04 time=0.169s
[RQ-VAE] epoch=757 loss=0.00030927 recon=0.00007740 beh=6.197024 w=0.000 lr=7.603e-04 time=0.169s
[RQ-VAE] epoch=758 loss=0.00031197 recon=0.00007746 beh=6.191696 w=0.000 lr=7.600e-04 time=0.17s
[RQ-VAE] epoch=759 loss=0.00031097 recon=0.00007739 beh=6.195391 w=0.000 lr=7.597e-04 time=0.169s
[RQ-VAE] epoch=760 loss=0.00031214 recon=0.00007720 beh=6.200922 w=0.000 lr=7.593e-04 time=0.262s
[RQ-VAE] epoch=761 loss=0.00031185 recon=0.00007736 beh=6.199517 w=0.000 lr=7.590e-04 time=0.168s
[RQ-VAE] epoch=762 loss=0.00031050 recon=0.00007723 beh=6.191548 w=0.000 lr=7.586e-04 time=0.168s
[RQ-VAE] epoch=763 loss=0.00031075 recon=0.00007713 beh=6.198781 w=0.000 lr=7.583e-04 time=0.172s
[RQ-VAE] epoch=764 loss=0.00031023 recon=0.00007726 beh=6.191710 w=0.000 lr=7.580e-04 time=0.169s
[RQ-VAE] epoch=765 loss=0.00031025 recon=0.00007731 beh=6.193745 w=0.000 lr=7.576e-04 time=0.167s
[RQ-VAE] epoch=766 loss=0.00031093 recon=0.00007717 beh=6.194837 w=0.000 lr=7.573e-04 time=0.168s
[RQ-VAE] epoch=767 loss=0.00031177 recon=0.00007736 beh=6.192240 w=0.000 lr=7.569e-04 time=0.168s
[RQ-VAE] epoch=768 loss=0.00031099 recon=0.00007724 beh=6.195889 w=0.000 lr=7.566e-04 time=0.169s
[RQ-VAE] epoch=769 loss=0.00031379 recon=0.00007730 beh=6.196672 w=0.000 lr=7.563e-04 time=0.168s
[RQ-VAE] epoch=770 loss=0.00031045 recon=0.00007717 beh=6.195108 w=0.000 lr=7.559e-04 time=0.169s
[RQ-VAE] epoch=771 loss=0.00031095 recon=0.00007724 beh=6.194980 w=0.000 lr=7.556e-04 time=0.169s
[RQ-VAE] epoch=772 loss=0.00031340 recon=0.00007728 beh=6.192484 w=0.000 lr=7.553e-04 time=0.169s
[RQ-VAE] epoch=773 loss=0.00031196 recon=0.00007735 beh=6.188777 w=0.000 lr=7.549e-04 time=0.168s
[RQ-VAE] epoch=774 loss=0.00031213 recon=0.00007732 beh=6.190318 w=0.000 lr=7.546e-04 time=0.168s
[RQ-VAE] epoch=775 loss=0.00031288 recon=0.00007753 beh=6.192839 w=0.000 lr=7.542e-04 time=0.169s
[RQ-VAE] epoch=776 loss=0.00031123 recon=0.00007743 beh=6.196482 w=0.000 lr=7.539e-04 time=0.279s
[RQ-VAE] epoch=777 loss=0.00031242 recon=0.00007741 beh=6.197215 w=0.000 lr=7.536e-04 time=0.168s
[RQ-VAE] epoch=778 loss=0.00031242 recon=0.00007734 beh=6.197117 w=0.000 lr=7.532e-04 time=0.168s
[RQ-VAE] epoch=779 loss=0.00031255 recon=0.00007722 beh=6.198601 w=0.000 lr=7.529e-04 time=0.169s
[RQ-VAE] epoch=780 loss=0.00031266 recon=0.00007723 beh=6.194092 w=0.000 lr=7.525e-04 time=0.169s
[RQ-VAE] epoch=781 loss=0.00031159 recon=0.00007720 beh=6.193907 w=0.000 lr=7.522e-04 time=0.169s
[RQ-VAE] epoch=782 loss=0.00031126 recon=0.00007719 beh=6.191999 w=0.000 lr=7.519e-04 time=0.171s
[RQ-VAE] epoch=783 loss=0.00031430 recon=0.00007716 beh=6.197479 w=0.000 lr=7.515e-04 time=0.169s
[RQ-VAE] epoch=784 loss=0.00031394 recon=0.00007729 beh=6.197148 w=0.000 lr=7.512e-04 time=0.169s
[RQ-VAE] epoch=785 loss=0.00031197 recon=0.00007718 beh=6.194827 w=0.000 lr=7.508e-04 time=0.169s
[RQ-VAE] epoch=786 loss=0.00031219 recon=0.00007725 beh=6.193973 w=0.000 lr=7.505e-04 time=0.168s
[RQ-VAE] epoch=787 loss=0.00031235 recon=0.00007711 beh=6.192351 w=0.000 lr=7.502e-04 time=0.169s
[RQ-VAE] epoch=788 loss=0.00031361 recon=0.00007725 beh=6.197135 w=0.000 lr=7.498e-04 time=0.17s
[RQ-VAE] epoch=789 loss=0.00031237 recon=0.00007709 beh=6.195564 w=0.000 lr=7.495e-04 time=0.17s
[RQ-VAE] epoch=790 loss=0.00031320 recon=0.00007702 beh=6.193146 w=0.000 lr=7.492e-04 time=0.17s
[RQ-VAE] epoch=791 loss=0.00031203 recon=0.00007691 beh=6.193110 w=0.000 lr=7.488e-04 time=0.168s
[RQ-VAE] epoch=792 loss=0.00031184 recon=0.00007696 beh=6.195057 w=0.000 lr=7.485e-04 time=0.266s
[RQ-VAE] epoch=793 loss=0.00031306 recon=0.00007684 beh=6.191174 w=0.000 lr=7.481e-04 time=0.168s
[RQ-VAE] epoch=794 loss=0.00031193 recon=0.00007688 beh=6.191419 w=0.000 lr=7.478e-04 time=0.172s
[RQ-VAE] epoch=795 loss=0.00031166 recon=0.00007724 beh=6.194081 w=0.000 lr=7.475e-04 time=0.168s
[RQ-VAE] epoch=796 loss=0.00031347 recon=0.00007704 beh=6.194585 w=0.000 lr=7.471e-04 time=0.167s
[RQ-VAE] epoch=797 loss=0.00031246 recon=0.00007696 beh=6.197040 w=0.000 lr=7.468e-04 time=0.169s
[RQ-VAE] epoch=798 loss=0.00031529 recon=0.00007717 beh=6.195760 w=0.000 lr=7.464e-04 time=0.168s
[RQ-VAE] epoch=799 loss=0.00031300 recon=0.00007716 beh=6.196641 w=0.000 lr=7.461e-04 time=0.168s
[RQ-VAE] epoch=800 loss=0.00031259 recon=0.00007698 lr=7.458e-04 raw_unique=20390/24587 collision=0.170700 time=0.169s
[RQ-VAE] epoch=801 loss=0.00031343 recon=0.00007707 beh=6.195046 w=0.000 lr=7.454e-04 time=0.17s
[RQ-VAE] epoch=802 loss=0.00031197 recon=0.00007707 beh=6.193670 w=0.000 lr=7.451e-04 time=0.168s
[RQ-VAE] epoch=803 loss=0.00031311 recon=0.00007683 beh=6.197869 w=0.000 lr=7.447e-04 time=0.17s
[RQ-VAE] epoch=804 loss=0.00031521 recon=0.00007698 beh=6.197371 w=0.000 lr=7.444e-04 time=0.169s
[RQ-VAE] epoch=805 loss=0.00031302 recon=0.00007700 beh=6.195082 w=0.000 lr=7.441e-04 time=0.169s
[RQ-VAE] epoch=806 loss=0.00031078 recon=0.00007691 beh=6.199410 w=0.000 lr=7.437e-04 time=0.168s
[RQ-VAE] epoch=807 loss=0.00031136 recon=0.00007692 beh=6.194302 w=0.000 lr=7.434e-04 time=0.261s
[RQ-VAE] epoch=808 loss=0.00031135 recon=0.00007696 beh=6.193645 w=0.000 lr=7.431e-04 time=0.168s
[RQ-VAE] epoch=809 loss=0.00031103 recon=0.00007679 beh=6.196840 w=0.000 lr=7.427e-04 time=0.17s
[RQ-VAE] epoch=810 loss=0.00031063 recon=0.00007709 beh=6.193184 w=0.000 lr=7.424e-04 time=0.169s
[RQ-VAE] epoch=811 loss=0.00031111 recon=0.00007698 beh=6.194638 w=0.000 lr=7.420e-04 time=0.169s
[RQ-VAE] epoch=812 loss=0.00031277 recon=0.00007694 beh=6.194030 w=0.000 lr=7.417e-04 time=0.169s
[RQ-VAE] epoch=813 loss=0.00031278 recon=0.00007699 beh=6.194444 w=0.000 lr=7.414e-04 time=0.17s
[RQ-VAE] epoch=814 loss=0.00031281 recon=0.00007698 beh=6.192507 w=0.000 lr=7.410e-04 time=0.169s
[RQ-VAE] epoch=815 loss=0.00031224 recon=0.00007701 beh=6.196170 w=0.000 lr=7.407e-04 time=0.17s
[RQ-VAE] epoch=816 loss=0.00031276 recon=0.00007683 beh=6.195558 w=0.000 lr=7.403e-04 time=0.168s
[RQ-VAE] epoch=817 loss=0.00031303 recon=0.00007702 beh=6.192632 w=0.000 lr=7.400e-04 time=0.173s
[RQ-VAE] epoch=818 loss=0.00031285 recon=0.00007691 beh=6.194008 w=0.000 lr=7.397e-04 time=0.169s
[RQ-VAE] epoch=819 loss=0.00031431 recon=0.00007694 beh=6.197784 w=0.000 lr=7.393e-04 time=0.169s
[RQ-VAE] epoch=820 loss=0.00031461 recon=0.00007695 beh=6.196770 w=0.000 lr=7.390e-04 time=0.169s
[RQ-VAE] epoch=821 loss=0.00031393 recon=0.00007680 beh=6.198601 w=0.000 lr=7.386e-04 time=0.17s
[RQ-VAE] epoch=822 loss=0.00031339 recon=0.00007650 beh=6.194721 w=0.000 lr=7.383e-04 time=0.169s
[RQ-VAE] epoch=823 loss=0.00031313 recon=0.00007660 beh=6.194119 w=0.000 lr=7.380e-04 time=0.281s
[RQ-VAE] epoch=824 loss=0.00031382 recon=0.00007658 beh=6.190806 w=0.000 lr=7.376e-04 time=0.171s
[RQ-VAE] epoch=825 loss=0.00031452 recon=0.00007654 beh=6.193470 w=0.000 lr=7.373e-04 time=0.17s
[RQ-VAE] epoch=826 loss=0.00031309 recon=0.00007692 beh=6.199604 w=0.000 lr=7.369e-04 time=0.169s
[RQ-VAE] epoch=827 loss=0.00031458 recon=0.00007666 beh=6.193690 w=0.000 lr=7.366e-04 time=0.169s
[RQ-VAE] epoch=828 loss=0.00031543 recon=0.00007672 beh=6.192742 w=0.000 lr=7.363e-04 time=0.169s
[RQ-VAE] epoch=829 loss=0.00031603 recon=0.00007679 beh=6.191683 w=0.000 lr=7.359e-04 time=0.169s
[RQ-VAE] epoch=830 loss=0.00031508 recon=0.00007651 beh=6.191607 w=0.000 lr=7.356e-04 time=0.168s
[RQ-VAE] epoch=831 loss=0.00031334 recon=0.00007650 beh=6.196163 w=0.000 lr=7.353e-04 time=0.169s
[RQ-VAE] epoch=832 loss=0.00031349 recon=0.00007644 beh=6.195971 w=0.000 lr=7.349e-04 time=0.169s
[RQ-VAE] epoch=833 loss=0.00031667 recon=0.00007659 beh=6.197987 w=0.000 lr=7.346e-04 time=0.168s
[RQ-VAE] epoch=834 loss=0.00031565 recon=0.00007676 beh=6.194418 w=0.000 lr=7.342e-04 time=0.168s
[RQ-VAE] epoch=835 loss=0.00031498 recon=0.00007657 beh=6.197301 w=0.000 lr=7.339e-04 time=0.169s
[RQ-VAE] epoch=836 loss=0.00031372 recon=0.00007651 beh=6.191015 w=0.000 lr=7.336e-04 time=0.168s
[RQ-VAE] epoch=837 loss=0.00031398 recon=0.00007665 beh=6.195851 w=0.000 lr=7.332e-04 time=0.17s
[RQ-VAE] epoch=838 loss=0.00031375 recon=0.00007666 beh=6.192762 w=0.000 lr=7.329e-04 time=0.168s
[RQ-VAE] epoch=839 loss=0.00031369 recon=0.00007634 beh=6.195970 w=0.000 lr=7.325e-04 time=0.261s
[RQ-VAE] epoch=840 loss=0.00031481 recon=0.00007656 beh=6.194577 w=0.000 lr=7.322e-04 time=0.168s
[RQ-VAE] epoch=841 loss=0.00031514 recon=0.00007653 beh=6.195236 w=0.000 lr=7.319e-04 time=0.168s
[RQ-VAE] epoch=842 loss=0.00031378 recon=0.00007663 beh=6.196380 w=0.000 lr=7.315e-04 time=0.168s
[RQ-VAE] epoch=843 loss=0.00031502 recon=0.00007652 beh=6.195862 w=0.000 lr=7.312e-04 time=0.168s
[RQ-VAE] epoch=844 loss=0.00031442 recon=0.00007659 beh=6.192242 w=0.000 lr=7.308e-04 time=0.167s
[RQ-VAE] epoch=845 loss=0.00031339 recon=0.00007645 beh=6.193965 w=0.000 lr=7.305e-04 time=0.17s
[RQ-VAE] epoch=846 loss=0.00031482 recon=0.00007640 beh=6.196336 w=0.000 lr=7.302e-04 time=0.17s
[RQ-VAE] epoch=847 loss=0.00031436 recon=0.00007645 beh=6.193065 w=0.000 lr=7.298e-04 time=0.169s
[RQ-VAE] epoch=848 loss=0.00031384 recon=0.00007654 beh=6.194410 w=0.000 lr=7.295e-04 time=0.168s
[RQ-VAE] epoch=849 loss=0.00031342 recon=0.00007626 beh=6.195700 w=0.000 lr=7.292e-04 time=0.169s
[RQ-VAE] epoch=850 loss=0.00031403 recon=0.00007642 lr=7.288e-04 raw_unique=20364/24587 collision=0.171757 time=0.168s
[RQ-VAE] epoch=851 loss=0.00031442 recon=0.00007651 beh=6.194266 w=0.000 lr=7.285e-04 time=0.17s
[RQ-VAE] epoch=852 loss=0.00031461 recon=0.00007656 beh=6.194191 w=0.000 lr=7.281e-04 time=0.17s
[RQ-VAE] epoch=853 loss=0.00031430 recon=0.00007630 beh=6.202528 w=0.000 lr=7.278e-04 time=0.172s
[RQ-VAE] epoch=854 loss=0.00031506 recon=0.00007631 beh=6.193410 w=0.000 lr=7.275e-04 time=0.168s
[RQ-VAE] epoch=855 loss=0.00031404 recon=0.00007635 beh=6.195813 w=0.000 lr=7.271e-04 time=0.261s
[RQ-VAE] epoch=856 loss=0.00031397 recon=0.00007641 beh=6.194548 w=0.000 lr=7.268e-04 time=0.168s
[RQ-VAE] epoch=857 loss=0.00031315 recon=0.00007637 beh=6.195826 w=0.000 lr=7.264e-04 time=0.169s
[RQ-VAE] epoch=858 loss=0.00031452 recon=0.00007635 beh=6.195258 w=0.000 lr=7.261e-04 time=0.168s
[RQ-VAE] epoch=859 loss=0.00031452 recon=0.00007643 beh=6.194932 w=0.000 lr=7.258e-04 time=0.171s
[RQ-VAE] epoch=860 loss=0.00031487 recon=0.00007624 beh=6.191236 w=0.000 lr=7.254e-04 time=0.168s
[RQ-VAE] epoch=861 loss=0.00031632 recon=0.00007630 beh=6.195920 w=0.000 lr=7.251e-04 time=0.169s
[RQ-VAE] epoch=862 loss=0.00031486 recon=0.00007602 beh=6.190088 w=0.000 lr=7.247e-04 time=0.169s
[RQ-VAE] epoch=863 loss=0.00031518 recon=0.00007603 beh=6.196280 w=0.000 lr=7.244e-04 time=0.169s
[RQ-VAE] epoch=864 loss=0.00031356 recon=0.00007600 beh=6.190074 w=0.000 lr=7.241e-04 time=0.169s
[RQ-VAE] epoch=865 loss=0.00031360 recon=0.00007616 beh=6.194181 w=0.000 lr=7.237e-04 time=0.169s
[RQ-VAE] epoch=866 loss=0.00031410 recon=0.00007603 beh=6.189317 w=0.000 lr=7.234e-04 time=0.169s
[RQ-VAE] epoch=867 loss=0.00031413 recon=0.00007610 beh=6.196697 w=0.000 lr=7.231e-04 time=0.169s
[RQ-VAE] epoch=868 loss=0.00031506 recon=0.00007621 beh=6.196056 w=0.000 lr=7.227e-04 time=0.169s
[RQ-VAE] epoch=869 loss=0.00031622 recon=0.00007618 beh=6.187517 w=0.000 lr=7.224e-04 time=0.17s
[RQ-VAE] epoch=870 loss=0.00031592 recon=0.00007618 beh=6.194454 w=0.000 lr=7.220e-04 time=0.168s
[RQ-VAE] epoch=871 loss=0.00031513 recon=0.00007615 beh=6.193238 w=0.000 lr=7.217e-04 time=0.265s
[RQ-VAE] epoch=872 loss=0.00031409 recon=0.00007596 beh=6.192838 w=0.000 lr=7.214e-04 time=0.169s
[RQ-VAE] epoch=873 loss=0.00031377 recon=0.00007598 beh=6.195981 w=0.000 lr=7.210e-04 time=0.171s
[RQ-VAE] epoch=874 loss=0.00031435 recon=0.00007603 beh=6.190821 w=0.000 lr=7.207e-04 time=0.169s
[RQ-VAE] epoch=875 loss=0.00031343 recon=0.00007604 beh=6.193393 w=0.000 lr=7.203e-04 time=0.17s
[RQ-VAE] epoch=876 loss=0.00031406 recon=0.00007599 beh=6.195588 w=0.000 lr=7.200e-04 time=0.169s
[RQ-VAE] epoch=877 loss=0.00031444 recon=0.00007602 beh=6.194277 w=0.000 lr=7.197e-04 time=0.169s
[RQ-VAE] epoch=878 loss=0.00031565 recon=0.00007591 beh=6.192792 w=0.000 lr=7.193e-04 time=0.169s
[RQ-VAE] epoch=879 loss=0.00031392 recon=0.00007609 beh=6.196193 w=0.000 lr=7.190e-04 time=0.169s
[RQ-VAE] epoch=880 loss=0.00031499 recon=0.00007577 beh=6.192606 w=0.000 lr=7.186e-04 time=0.169s
[RQ-VAE] epoch=881 loss=0.00031321 recon=0.00007584 beh=6.196667 w=0.000 lr=7.183e-04 time=0.168s
[RQ-VAE] epoch=882 loss=0.00031413 recon=0.00007579 beh=6.196136 w=0.000 lr=7.180e-04 time=0.169s
[RQ-VAE] epoch=883 loss=0.00031552 recon=0.00007602 beh=6.194184 w=0.000 lr=7.176e-04 time=0.169s
[RQ-VAE] epoch=884 loss=0.00031651 recon=0.00007583 beh=6.191868 w=0.000 lr=7.173e-04 time=0.169s
[RQ-VAE] epoch=885 loss=0.00031541 recon=0.00007579 beh=6.195944 w=0.000 lr=7.169e-04 time=0.171s
[RQ-VAE] epoch=886 loss=0.00031431 recon=0.00007577 beh=6.186213 w=0.000 lr=7.166e-04 time=0.171s
[RQ-VAE] epoch=887 loss=0.00031560 recon=0.00007588 beh=6.192780 w=0.000 lr=7.163e-04 time=0.26s
[RQ-VAE] epoch=888 loss=0.00031641 recon=0.00007584 beh=6.196095 w=0.000 lr=7.159e-04 time=0.169s
[RQ-VAE] epoch=889 loss=0.00031436 recon=0.00007579 beh=6.193538 w=0.000 lr=7.156e-04 time=0.167s
[RQ-VAE] epoch=890 loss=0.00031422 recon=0.00007581 beh=6.187725 w=0.000 lr=7.153e-04 time=0.169s
[RQ-VAE] epoch=891 loss=0.00031440 recon=0.00007578 beh=6.192336 w=0.000 lr=7.149e-04 time=0.168s
[RQ-VAE] epoch=892 loss=0.00031620 recon=0.00007577 beh=6.194695 w=0.000 lr=7.146e-04 time=0.169s
[RQ-VAE] epoch=893 loss=0.00031456 recon=0.00007588 beh=6.193633 w=0.000 lr=7.142e-04 time=0.169s
[RQ-VAE] epoch=894 loss=0.00031411 recon=0.00007588 beh=6.195749 w=0.000 lr=7.139e-04 time=0.169s
[RQ-VAE] epoch=895 loss=0.00031543 recon=0.00007574 beh=6.194186 w=0.000 lr=7.136e-04 time=0.167s
[RQ-VAE] epoch=896 loss=0.00031401 recon=0.00007569 beh=6.195804 w=0.000 lr=7.132e-04 time=0.169s
[RQ-VAE] epoch=897 loss=0.00031336 recon=0.00007565 beh=6.193652 w=0.000 lr=7.129e-04 time=0.168s
[RQ-VAE] epoch=898 loss=0.00031306 recon=0.00007561 beh=6.198010 w=0.000 lr=7.125e-04 time=0.169s
[RQ-VAE] epoch=899 loss=0.00031389 recon=0.00007556 beh=6.195368 w=0.000 lr=7.122e-04 time=0.169s
[RQ-VAE] epoch=900 loss=0.00031318 recon=0.00007561 lr=7.119e-04 raw_unique=20302/24587 collision=0.174279 time=0.17s
[RQ-VAE] epoch=901 loss=0.00031278 recon=0.00007565 beh=6.193136 w=0.000 lr=7.115e-04 time=0.169s
[RQ-VAE] epoch=902 loss=0.00031232 recon=0.00007552 beh=6.194184 w=0.000 lr=7.112e-04 time=0.266s
[RQ-VAE] epoch=903 loss=0.00031433 recon=0.00007562 beh=6.188627 w=0.000 lr=7.108e-04 time=0.168s
[RQ-VAE] epoch=904 loss=0.00031490 recon=0.00007556 beh=6.196733 w=0.000 lr=7.105e-04 time=0.167s
[RQ-VAE] epoch=905 loss=0.00031367 recon=0.00007574 beh=6.195579 w=0.000 lr=7.102e-04 time=0.168s
[RQ-VAE] epoch=906 loss=0.00031572 recon=0.00007600 beh=6.192188 w=0.000 lr=7.098e-04 time=0.169s
[RQ-VAE] epoch=907 loss=0.00031489 recon=0.00007570 beh=6.192831 w=0.000 lr=7.095e-04 time=0.168s
[RQ-VAE] epoch=908 loss=0.00031507 recon=0.00007574 beh=6.190745 w=0.000 lr=7.092e-04 time=0.167s
[RQ-VAE] epoch=909 loss=0.00031384 recon=0.00007570 beh=6.196655 w=0.000 lr=7.088e-04 time=0.169s
[RQ-VAE] epoch=910 loss=0.00031393 recon=0.00007568 beh=6.197495 w=0.000 lr=7.085e-04 time=0.169s
[RQ-VAE] epoch=911 loss=0.00031530 recon=0.00007569 beh=6.192862 w=0.000 lr=7.081e-04 time=0.169s
[RQ-VAE] epoch=912 loss=0.00031519 recon=0.00007565 beh=6.195285 w=0.000 lr=7.078e-04 time=0.17s
[RQ-VAE] epoch=913 loss=0.00031376 recon=0.00007556 beh=6.190978 w=0.000 lr=7.075e-04 time=0.169s
[RQ-VAE] epoch=914 loss=0.00031498 recon=0.00007573 beh=6.189849 w=0.000 lr=7.071e-04 time=0.17s
[RQ-VAE] epoch=915 loss=0.00031611 recon=0.00007566 beh=6.195607 w=0.000 lr=7.068e-04 time=0.169s
[RQ-VAE] epoch=916 loss=0.00031536 recon=0.00007572 beh=6.192380 w=0.000 lr=7.064e-04 time=0.169s
[RQ-VAE] epoch=917 loss=0.00031576 recon=0.00007560 beh=6.197327 w=0.000 lr=7.061e-04 time=0.169s
[RQ-VAE] epoch=918 loss=0.00031500 recon=0.00007549 beh=6.190585 w=0.000 lr=7.058e-04 time=0.261s
[RQ-VAE] epoch=919 loss=0.00031477 recon=0.00007557 beh=6.190551 w=0.000 lr=7.054e-04 time=0.17s
[RQ-VAE] epoch=920 loss=0.00031442 recon=0.00007555 beh=6.197427 w=0.000 lr=7.051e-04 time=0.169s
[RQ-VAE] epoch=921 loss=0.00031317 recon=0.00007559 beh=6.192610 w=0.000 lr=7.047e-04 time=0.168s
[RQ-VAE] epoch=922 loss=0.00031636 recon=0.00007551 beh=6.194151 w=0.000 lr=7.044e-04 time=0.169s
[RQ-VAE] epoch=923 loss=0.00031615 recon=0.00007558 beh=6.192239 w=0.000 lr=7.041e-04 time=0.169s
[RQ-VAE] epoch=924 loss=0.00031640 recon=0.00007571 beh=6.195882 w=0.000 lr=7.037e-04 time=0.169s
[RQ-VAE] epoch=925 loss=0.00031572 recon=0.00007555 beh=6.194707 w=0.000 lr=7.034e-04 time=0.17s
[RQ-VAE] epoch=926 loss=0.00031639 recon=0.00007565 beh=6.198088 w=0.000 lr=7.031e-04 time=0.169s
[RQ-VAE] epoch=927 loss=0.00031765 recon=0.00007563 beh=6.192518 w=0.000 lr=7.027e-04 time=0.168s
[RQ-VAE] epoch=928 loss=0.00031681 recon=0.00007558 beh=6.196598 w=0.000 lr=7.024e-04 time=0.172s
[RQ-VAE] epoch=929 loss=0.00031757 recon=0.00007559 beh=6.195013 w=0.000 lr=7.020e-04 time=0.169s
[RQ-VAE] epoch=930 loss=0.00031592 recon=0.00007565 beh=6.202779 w=0.000 lr=7.017e-04 time=0.169s
[RQ-VAE] epoch=931 loss=0.00031886 recon=0.00007554 beh=6.194019 w=0.000 lr=7.014e-04 time=0.169s
[RQ-VAE] epoch=932 loss=0.00031720 recon=0.00007530 beh=6.200569 w=0.000 lr=7.010e-04 time=0.169s
[RQ-VAE] epoch=933 loss=0.00031642 recon=0.00007543 beh=6.198058 w=0.000 lr=7.007e-04 time=0.169s
[RQ-VAE] epoch=934 loss=0.00031560 recon=0.00007537 beh=6.190487 w=0.000 lr=7.003e-04 time=0.269s
[RQ-VAE] epoch=935 loss=0.00031826 recon=0.00007562 beh=6.191099 w=0.000 lr=7.000e-04 time=0.168s
[RQ-VAE] epoch=936 loss=0.00031988 recon=0.00007535 beh=6.193169 w=0.000 lr=6.997e-04 time=0.17s
[RQ-VAE] epoch=937 loss=0.00031845 recon=0.00007543 beh=6.191922 w=0.000 lr=6.993e-04 time=0.169s
[RQ-VAE] epoch=938 loss=0.00031683 recon=0.00007537 beh=6.195748 w=0.000 lr=6.990e-04 time=0.172s
[RQ-VAE] epoch=939 loss=0.00031692 recon=0.00007551 beh=6.195411 w=0.000 lr=6.986e-04 time=0.171s
[RQ-VAE] epoch=940 loss=0.00031678 recon=0.00007542 beh=6.195232 w=0.000 lr=6.983e-04 time=0.171s
[RQ-VAE] epoch=941 loss=0.00031430 recon=0.00007542 beh=6.193713 w=0.000 lr=6.980e-04 time=0.171s
[RQ-VAE] epoch=942 loss=0.00031489 recon=0.00007527 beh=6.191808 w=0.000 lr=6.976e-04 time=0.172s
[RQ-VAE] epoch=943 loss=0.00031532 recon=0.00007545 beh=6.194685 w=0.000 lr=6.973e-04 time=0.171s
[RQ-VAE] epoch=944 loss=0.00031584 recon=0.00007547 beh=6.195452 w=0.000 lr=6.969e-04 time=0.172s
[RQ-VAE] epoch=945 loss=0.00031558 recon=0.00007547 beh=6.198794 w=0.000 lr=6.966e-04 time=0.17s
[RQ-VAE] epoch=946 loss=0.00031564 recon=0.00007529 beh=6.191458 w=0.000 lr=6.963e-04 time=0.171s
[RQ-VAE] epoch=947 loss=0.00031673 recon=0.00007547 beh=6.191787 w=0.000 lr=6.959e-04 time=0.171s
[RQ-VAE] epoch=948 loss=0.00031735 recon=0.00007539 beh=6.193832 w=0.000 lr=6.956e-04 time=0.172s
[RQ-VAE] epoch=949 loss=0.00031575 recon=0.00007537 beh=6.193303 w=0.000 lr=6.953e-04 time=0.172s
[RQ-VAE] epoch=950 loss=0.00031485 recon=0.00007527 lr=6.949e-04 raw_unique=20545/24587 collision=0.164396 time=0.268s
[RQ-VAE] epoch=951 loss=0.00031595 recon=0.00007516 beh=6.196311 w=0.000 lr=6.946e-04 time=0.169s
[RQ-VAE] epoch=952 loss=0.00031423 recon=0.00007528 beh=6.193603 w=0.000 lr=6.942e-04 time=0.169s
[RQ-VAE] epoch=953 loss=0.00031605 recon=0.00007520 beh=6.194994 w=0.000 lr=6.939e-04 time=0.169s
[RQ-VAE] epoch=954 loss=0.00031548 recon=0.00007526 beh=6.192144 w=0.000 lr=6.936e-04 time=0.171s
[RQ-VAE] epoch=955 loss=0.00031395 recon=0.00007501 beh=6.194412 w=0.000 lr=6.932e-04 time=0.17s
[RQ-VAE] epoch=956 loss=0.00031326 recon=0.00007500 beh=6.192112 w=0.000 lr=6.929e-04 time=0.169s
[RQ-VAE] epoch=957 loss=0.00031454 recon=0.00007507 beh=6.194924 w=0.000 lr=6.925e-04 time=0.169s
[RQ-VAE] epoch=958 loss=0.00031447 recon=0.00007525 beh=6.194250 w=0.000 lr=6.922e-04 time=0.172s
[RQ-VAE] epoch=959 loss=0.00031611 recon=0.00007513 beh=6.194741 w=0.000 lr=6.919e-04 time=0.17s
[RQ-VAE] epoch=960 loss=0.00031564 recon=0.00007496 beh=6.194334 w=0.000 lr=6.915e-04 time=0.167s
[RQ-VAE] epoch=961 loss=0.00031568 recon=0.00007501 beh=6.193064 w=0.000 lr=6.912e-04 time=0.168s
[RQ-VAE] epoch=962 loss=0.00031340 recon=0.00007503 beh=6.191559 w=0.000 lr=6.908e-04 time=0.169s
[RQ-VAE] epoch=963 loss=0.00031482 recon=0.00007496 beh=6.195149 w=0.000 lr=6.905e-04 time=0.168s
[RQ-VAE] epoch=964 loss=0.00031573 recon=0.00007508 beh=6.194217 w=0.000 lr=6.902e-04 time=0.169s
[RQ-VAE] epoch=965 loss=0.00031569 recon=0.00007503 beh=6.192916 w=0.000 lr=6.898e-04 time=0.169s
[RQ-VAE] epoch=966 loss=0.00031492 recon=0.00007494 beh=6.196348 w=0.000 lr=6.895e-04 time=0.259s
[RQ-VAE] epoch=967 loss=0.00031548 recon=0.00007495 beh=6.189878 w=0.000 lr=6.892e-04 time=0.168s
[RQ-VAE] epoch=968 loss=0.00031418 recon=0.00007495 beh=6.198573 w=0.000 lr=6.888e-04 time=0.17s
[RQ-VAE] epoch=969 loss=0.00031368 recon=0.00007515 beh=6.198116 w=0.000 lr=6.885e-04 time=0.168s
[RQ-VAE] epoch=970 loss=0.00031454 recon=0.00007502 beh=6.195232 w=0.000 lr=6.881e-04 time=0.169s
[RQ-VAE] epoch=971 loss=0.00031543 recon=0.00007496 beh=6.191795 w=0.000 lr=6.878e-04 time=0.169s
[RQ-VAE] epoch=972 loss=0.00031504 recon=0.00007503 beh=6.194898 w=0.000 lr=6.875e-04 time=0.169s
[RQ-VAE] epoch=973 loss=0.00031518 recon=0.00007499 beh=6.195014 w=0.000 lr=6.871e-04 time=0.169s
[RQ-VAE] epoch=974 loss=0.00031527 recon=0.00007498 beh=6.192844 w=0.000 lr=6.868e-04 time=0.169s
[RQ-VAE] epoch=975 loss=0.00031604 recon=0.00007509 beh=6.195305 w=0.000 lr=6.864e-04 time=0.169s
[RQ-VAE] epoch=976 loss=0.00031530 recon=0.00007501 beh=6.191247 w=0.000 lr=6.861e-04 time=0.17s
[RQ-VAE] epoch=977 loss=0.00031581 recon=0.00007492 beh=6.194169 w=0.000 lr=6.858e-04 time=0.169s
[RQ-VAE] epoch=978 loss=0.00031572 recon=0.00007488 beh=6.194981 w=0.000 lr=6.854e-04 time=0.171s
[RQ-VAE] epoch=979 loss=0.00031520 recon=0.00007498 beh=6.189903 w=0.000 lr=6.851e-04 time=0.169s
[RQ-VAE] epoch=980 loss=0.00031770 recon=0.00007507 beh=6.194224 w=0.000 lr=6.847e-04 time=0.169s
[RQ-VAE] epoch=981 loss=0.00031668 recon=0.00007511 beh=6.196756 w=0.000 lr=6.844e-04 time=0.168s
[RQ-VAE] epoch=982 loss=0.00031762 recon=0.00007504 beh=6.194362 w=0.000 lr=6.841e-04 time=0.259s
[RQ-VAE] epoch=983 loss=0.00031579 recon=0.00007511 beh=6.193926 w=0.000 lr=6.837e-04 time=0.17s
[RQ-VAE] epoch=984 loss=0.00031730 recon=0.00007507 beh=6.192871 w=0.000 lr=6.834e-04 time=0.167s
[RQ-VAE] epoch=985 loss=0.00031757 recon=0.00007495 beh=6.196135 w=0.000 lr=6.831e-04 time=0.168s
[RQ-VAE] epoch=986 loss=0.00031578 recon=0.00007485 beh=6.195760 w=0.000 lr=6.827e-04 time=0.167s
[RQ-VAE] epoch=987 loss=0.00031691 recon=0.00007506 beh=6.194413 w=0.000 lr=6.824e-04 time=0.169s
[RQ-VAE] epoch=988 loss=0.00031673 recon=0.00007496 beh=6.190106 w=0.000 lr=6.820e-04 time=0.169s
[RQ-VAE] epoch=989 loss=0.00031714 recon=0.00007508 beh=6.188489 w=0.000 lr=6.817e-04 time=0.169s
[RQ-VAE] epoch=990 loss=0.00031740 recon=0.00007500 beh=6.193753 w=0.000 lr=6.814e-04 time=0.168s
[RQ-VAE] epoch=991 loss=0.00031635 recon=0.00007489 beh=6.192689 w=0.000 lr=6.810e-04 time=0.169s
[RQ-VAE] epoch=992 loss=0.00031677 recon=0.00007473 beh=6.192610 w=0.000 lr=6.807e-04 time=0.168s
[RQ-VAE] epoch=993 loss=0.00031594 recon=0.00007481 beh=6.194327 w=0.000 lr=6.803e-04 time=0.167s
[RQ-VAE] epoch=994 loss=0.00031631 recon=0.00007487 beh=6.193406 w=0.000 lr=6.800e-04 time=0.167s
[RQ-VAE] epoch=995 loss=0.00031875 recon=0.00007496 beh=6.194528 w=0.000 lr=6.797e-04 time=0.169s
[RQ-VAE] epoch=996 loss=0.00031920 recon=0.00007503 beh=6.192717 w=0.000 lr=6.793e-04 time=0.168s
[RQ-VAE] epoch=997 loss=0.00031787 recon=0.00007477 beh=6.195926 w=0.000 lr=6.790e-04 time=0.262s
[RQ-VAE] epoch=998 loss=0.00031908 recon=0.00007480 beh=6.199238 w=0.000 lr=6.786e-04 time=0.168s
[RQ-VAE] epoch=999 loss=0.00031828 recon=0.00007482 beh=6.193991 w=0.000 lr=6.783e-04 time=0.168s
[RQ-VAE] epoch=1000 loss=0.00031796 recon=0.00007485 lr=6.780e-04 raw_unique=20490/24587 collision=0.166633 time=0.169s
[RQ-VAE] epoch=1001 loss=0.00031786 recon=0.00007486 beh=6.194019 w=0.000 lr=6.776e-04 time=0.169s
[RQ-VAE] epoch=1002 loss=0.00031998 recon=0.00007482 beh=6.191647 w=0.000 lr=6.773e-04 time=0.168s
[RQ-VAE] epoch=1003 loss=0.00031954 recon=0.00007476 beh=6.195809 w=0.000 lr=6.769e-04 time=0.169s
[RQ-VAE] epoch=1004 loss=0.00031809 recon=0.00007482 beh=6.192801 w=0.000 lr=6.766e-04 time=0.168s
[RQ-VAE] epoch=1005 loss=0.00031770 recon=0.00007470 beh=6.191224 w=0.000 lr=6.763e-04 time=0.17s
[RQ-VAE] epoch=1006 loss=0.00031847 recon=0.00007469 beh=6.192436 w=0.000 lr=6.759e-04 time=0.169s
[RQ-VAE] epoch=1007 loss=0.00031717 recon=0.00007479 beh=6.192030 w=0.000 lr=6.756e-04 time=0.168s
[RQ-VAE] epoch=1008 loss=0.00031724 recon=0.00007468 beh=6.191382 w=0.000 lr=6.753e-04 time=0.168s
[RQ-VAE] epoch=1009 loss=0.00031740 recon=0.00007463 beh=6.195117 w=0.000 lr=6.749e-04 time=0.169s
[RQ-VAE] epoch=1010 loss=0.00031985 recon=0.00007445 beh=6.190460 w=0.000 lr=6.746e-04 time=0.168s
[RQ-VAE] epoch=1011 loss=0.00031777 recon=0.00007462 beh=6.190643 w=0.000 lr=6.742e-04 time=0.168s
[RQ-VAE] epoch=1012 loss=0.00031778 recon=0.00007455 beh=6.194162 w=0.000 lr=6.739e-04 time=0.169s
[RQ-VAE] epoch=1013 loss=0.00031827 recon=0.00007463 beh=6.196191 w=0.000 lr=6.736e-04 time=0.263s
[RQ-VAE] epoch=1014 loss=0.00031841 recon=0.00007451 beh=6.191405 w=0.000 lr=6.732e-04 time=0.169s
[RQ-VAE] epoch=1015 loss=0.00031753 recon=0.00007451 beh=6.194878 w=0.000 lr=6.729e-04 time=0.169s
[RQ-VAE] epoch=1016 loss=0.00031623 recon=0.00007463 beh=6.189009 w=0.000 lr=6.725e-04 time=0.169s
[RQ-VAE] epoch=1017 loss=0.00031748 recon=0.00007456 beh=6.188470 w=0.000 lr=6.722e-04 time=0.168s
[RQ-VAE] epoch=1018 loss=0.00031992 recon=0.00007452 beh=6.190836 w=0.000 lr=6.719e-04 time=0.168s
[RQ-VAE] epoch=1019 loss=0.00032033 recon=0.00007456 beh=6.191142 w=0.000 lr=6.715e-04 time=0.169s
[RQ-VAE] epoch=1020 loss=0.00031805 recon=0.00007465 beh=6.194671 w=0.000 lr=6.712e-04 time=0.168s
[RQ-VAE] epoch=1021 loss=0.00031692 recon=0.00007454 beh=6.196292 w=0.000 lr=6.708e-04 time=0.169s
[RQ-VAE] epoch=1022 loss=0.00031898 recon=0.00007458 beh=6.197056 w=0.000 lr=6.705e-04 time=0.172s
[RQ-VAE] epoch=1023 loss=0.00031950 recon=0.00007471 beh=6.193545 w=0.000 lr=6.702e-04 time=0.168s
[RQ-VAE] epoch=1024 loss=0.00031767 recon=0.00007470 beh=6.192739 w=0.000 lr=6.698e-04 time=0.167s
[RQ-VAE] epoch=1025 loss=0.00031754 recon=0.00007448 beh=6.195206 w=0.000 lr=6.695e-04 time=0.169s
[RQ-VAE] epoch=1026 loss=0.00031916 recon=0.00007455 beh=6.191027 w=0.000 lr=6.692e-04 time=0.168s
[RQ-VAE] epoch=1027 loss=0.00031979 recon=0.00007457 beh=6.193346 w=0.000 lr=6.688e-04 time=0.169s
[RQ-VAE] epoch=1028 loss=0.00031731 recon=0.00007460 beh=6.199373 w=0.000 lr=6.685e-04 time=0.168s
[RQ-VAE] epoch=1029 loss=0.00031708 recon=0.00007454 beh=6.192900 w=0.000 lr=6.681e-04 time=0.263s
[RQ-VAE] epoch=1030 loss=0.00031955 recon=0.00007437 beh=6.193907 w=0.000 lr=6.678e-04 time=0.168s
[RQ-VAE] epoch=1031 loss=0.00031969 recon=0.00007441 beh=6.192682 w=0.000 lr=6.675e-04 time=0.169s
[RQ-VAE] epoch=1032 loss=0.00031855 recon=0.00007442 beh=6.194643 w=0.000 lr=6.671e-04 time=0.168s
[RQ-VAE] epoch=1033 loss=0.00031772 recon=0.00007452 beh=6.193755 w=0.000 lr=6.668e-04 time=0.168s
[RQ-VAE] epoch=1034 loss=0.00031809 recon=0.00007452 beh=6.195795 w=0.000 lr=6.664e-04 time=0.169s
[RQ-VAE] epoch=1035 loss=0.00031899 recon=0.00007459 beh=6.192302 w=0.000 lr=6.661e-04 time=0.169s
[RQ-VAE] epoch=1036 loss=0.00031775 recon=0.00007443 beh=6.192703 w=0.000 lr=6.658e-04 time=0.168s
[RQ-VAE] epoch=1037 loss=0.00031821 recon=0.00007434 beh=6.196270 w=0.000 lr=6.654e-04 time=0.169s
[RQ-VAE] epoch=1038 loss=0.00031767 recon=0.00007444 beh=6.194010 w=0.000 lr=6.651e-04 time=0.168s
[RQ-VAE] epoch=1039 loss=0.00031840 recon=0.00007444 beh=6.191362 w=0.000 lr=6.647e-04 time=0.169s
[RQ-VAE] epoch=1040 loss=0.00032033 recon=0.00007451 beh=6.191822 w=0.000 lr=6.644e-04 time=0.169s
[RQ-VAE] epoch=1041 loss=0.00031886 recon=0.00007443 beh=6.193973 w=0.000 lr=6.641e-04 time=0.17s
[RQ-VAE] epoch=1042 loss=0.00031955 recon=0.00007447 beh=6.194201 w=0.000 lr=6.637e-04 time=0.168s
[RQ-VAE] epoch=1043 loss=0.00032019 recon=0.00007444 beh=6.192262 w=0.000 lr=6.634e-04 time=0.169s
[RQ-VAE] epoch=1044 loss=0.00031990 recon=0.00007487 beh=6.194149 w=0.000 lr=6.631e-04 time=0.169s
[RQ-VAE] epoch=1045 loss=0.00031961 recon=0.00007444 beh=6.196247 w=0.000 lr=6.627e-04 time=0.263s
[RQ-VAE] epoch=1046 loss=0.00032034 recon=0.00007441 beh=6.195718 w=0.000 lr=6.624e-04 time=0.167s
[RQ-VAE] epoch=1047 loss=0.00032135 recon=0.00007452 beh=6.188743 w=0.000 lr=6.620e-04 time=0.169s
[RQ-VAE] epoch=1048 loss=0.00031995 recon=0.00007457 beh=6.192209 w=0.000 lr=6.617e-04 time=0.168s
[RQ-VAE] epoch=1049 loss=0.00031928 recon=0.00007452 beh=6.193655 w=0.000 lr=6.614e-04 time=0.168s
[RQ-VAE] epoch=1050 loss=0.00032022 recon=0.00007452 lr=6.610e-04 raw_unique=20462/24587 collision=0.167772 time=0.168s
[RQ-VAE] epoch=1051 loss=0.00032283 recon=0.00007456 beh=6.190967 w=0.000 lr=6.607e-04 time=0.17s
[RQ-VAE] epoch=1052 loss=0.00032170 recon=0.00007466 beh=6.193898 w=0.000 lr=6.603e-04 time=0.168s
[RQ-VAE] epoch=1053 loss=0.00032342 recon=0.00007443 beh=6.188846 w=0.000 lr=6.600e-04 time=0.169s
[RQ-VAE] epoch=1054 loss=0.00032055 recon=0.00007444 beh=6.191350 w=0.000 lr=6.597e-04 time=0.168s
[RQ-VAE] epoch=1055 loss=0.00031991 recon=0.00007459 beh=6.191494 w=0.000 lr=6.593e-04 time=0.169s
[RQ-VAE] epoch=1056 loss=0.00032112 recon=0.00007447 beh=6.190850 w=0.000 lr=6.590e-04 time=0.168s
[RQ-VAE] epoch=1057 loss=0.00032148 recon=0.00007449 beh=6.187995 w=0.000 lr=6.586e-04 time=0.169s
[RQ-VAE] epoch=1058 loss=0.00032302 recon=0.00007439 beh=6.198006 w=0.000 lr=6.583e-04 time=0.169s
[RQ-VAE] epoch=1059 loss=0.00032087 recon=0.00007446 beh=6.195647 w=0.000 lr=6.580e-04 time=0.169s
[RQ-VAE] epoch=1060 loss=0.00032098 recon=0.00007440 beh=6.192166 w=0.000 lr=6.576e-04 time=0.168s
[RQ-VAE] epoch=1061 loss=0.00032158 recon=0.00007445 beh=6.193585 w=0.000 lr=6.573e-04 time=0.264s
[RQ-VAE] epoch=1062 loss=0.00032209 recon=0.00007432 beh=6.191957 w=0.000 lr=6.569e-04 time=0.17s
[RQ-VAE] epoch=1063 loss=0.00032156 recon=0.00007436 beh=6.197639 w=0.000 lr=6.566e-04 time=0.17s
[RQ-VAE] epoch=1064 loss=0.00031984 recon=0.00007423 beh=6.196904 w=0.000 lr=6.563e-04 time=0.168s
[RQ-VAE] epoch=1065 loss=0.00032084 recon=0.00007442 beh=6.194734 w=0.000 lr=6.559e-04 time=0.17s
[RQ-VAE] epoch=1066 loss=0.00032092 recon=0.00007429 beh=6.196558 w=0.000 lr=6.556e-04 time=0.169s
[RQ-VAE] epoch=1067 loss=0.00032140 recon=0.00007463 beh=6.195215 w=0.000 lr=6.553e-04 time=0.168s
[RQ-VAE] epoch=1068 loss=0.00032239 recon=0.00007429 beh=6.193660 w=0.000 lr=6.549e-04 time=0.168s
[RQ-VAE] epoch=1069 loss=0.00032113 recon=0.00007438 beh=6.193464 w=0.000 lr=6.546e-04 time=0.169s
[RQ-VAE] epoch=1070 loss=0.00032010 recon=0.00007427 beh=6.191303 w=0.000 lr=6.542e-04 time=0.168s
[RQ-VAE] epoch=1071 loss=0.00032024 recon=0.00007419 beh=6.195912 w=0.000 lr=6.539e-04 time=0.169s
[RQ-VAE] epoch=1072 loss=0.00032132 recon=0.00007415 beh=6.191930 w=0.000 lr=6.536e-04 time=0.169s
[RQ-VAE] epoch=1073 loss=0.00032139 recon=0.00007436 beh=6.192215 w=0.000 lr=6.532e-04 time=0.169s
[RQ-VAE] epoch=1074 loss=0.00032148 recon=0.00007441 beh=6.193109 w=0.000 lr=6.529e-04 time=0.168s
[RQ-VAE] epoch=1075 loss=0.00032156 recon=0.00007445 beh=6.196854 w=0.000 lr=6.525e-04 time=0.169s
[RQ-VAE] epoch=1076 loss=0.00032225 recon=0.00007439 beh=6.194370 w=0.000 lr=6.522e-04 time=0.169s
[RQ-VAE] epoch=1077 loss=0.00032203 recon=0.00007436 beh=6.190958 w=0.000 lr=6.519e-04 time=0.259s
[RQ-VAE] epoch=1078 loss=0.00032134 recon=0.00007422 beh=6.190331 w=0.000 lr=6.515e-04 time=0.168s
[RQ-VAE] epoch=1079 loss=0.00031990 recon=0.00007427 beh=6.193748 w=0.000 lr=6.512e-04 time=0.167s
[RQ-VAE] epoch=1080 loss=0.00032164 recon=0.00007432 beh=6.195255 w=0.000 lr=6.508e-04 time=0.168s
[RQ-VAE] epoch=1081 loss=0.00032177 recon=0.00007432 beh=6.195700 w=0.000 lr=6.505e-04 time=0.167s
[RQ-VAE] epoch=1082 loss=0.00032158 recon=0.00007436 beh=6.195128 w=0.000 lr=6.502e-04 time=0.168s
[RQ-VAE] epoch=1083 loss=0.00032078 recon=0.00007433 beh=6.199018 w=0.000 lr=6.498e-04 time=0.168s
[RQ-VAE] epoch=1084 loss=0.00032143 recon=0.00007428 beh=6.195210 w=0.000 lr=6.495e-04 time=0.169s
[RQ-VAE] epoch=1085 loss=0.00032262 recon=0.00007416 beh=6.193027 w=0.000 lr=6.492e-04 time=0.169s
[RQ-VAE] epoch=1086 loss=0.00032202 recon=0.00007416 beh=6.193036 w=0.000 lr=6.488e-04 time=0.168s
[RQ-VAE] epoch=1087 loss=0.00031903 recon=0.00007417 beh=6.193649 w=0.000 lr=6.485e-04 time=0.17s
[RQ-VAE] epoch=1088 loss=0.00031915 recon=0.00007421 beh=6.188800 w=0.000 lr=6.481e-04 time=0.169s
[RQ-VAE] epoch=1089 loss=0.00031849 recon=0.00007393 beh=6.194974 w=0.000 lr=6.478e-04 time=0.168s
[RQ-VAE] epoch=1090 loss=0.00031803 recon=0.00007383 beh=6.196621 w=0.000 lr=6.475e-04 time=0.169s
[RQ-VAE] epoch=1091 loss=0.00031793 recon=0.00007407 beh=6.189457 w=0.000 lr=6.471e-04 time=0.168s
[RQ-VAE] epoch=1092 loss=0.00031753 recon=0.00007410 beh=6.193703 w=0.000 lr=6.468e-04 time=0.262s
[RQ-VAE] epoch=1093 loss=0.00031656 recon=0.00007386 beh=6.189749 w=0.000 lr=6.464e-04 time=0.169s
[RQ-VAE] epoch=1094 loss=0.00031755 recon=0.00007404 beh=6.191745 w=0.000 lr=6.461e-04 time=0.168s
[RQ-VAE] epoch=1095 loss=0.00031806 recon=0.00007385 beh=6.191730 w=0.000 lr=6.458e-04 time=0.168s
[RQ-VAE] epoch=1096 loss=0.00031983 recon=0.00007411 beh=6.189558 w=0.000 lr=6.454e-04 time=0.17s
[RQ-VAE] epoch=1097 loss=0.00031740 recon=0.00007403 beh=6.198085 w=0.000 lr=6.451e-04 time=0.169s
[RQ-VAE] epoch=1098 loss=0.00031814 recon=0.00007392 beh=6.192297 w=0.000 lr=6.447e-04 time=0.169s
[RQ-VAE] epoch=1099 loss=0.00032007 recon=0.00007386 beh=6.191756 w=0.000 lr=6.444e-04 time=0.168s
[RQ-VAE] epoch=1100 loss=0.00032050 recon=0.00007401 lr=6.441e-04 raw_unique=20253/24587 collision=0.176272 time=0.169s
[RQ-VAE] epoch=1101 loss=0.00031771 recon=0.00007399 beh=6.190045 w=0.000 lr=6.437e-04 time=0.169s
[RQ-VAE] epoch=1102 loss=0.00031620 recon=0.00007405 beh=6.194732 w=0.000 lr=6.434e-04 time=0.172s
[RQ-VAE] epoch=1103 loss=0.00031857 recon=0.00007406 beh=6.195804 w=0.000 lr=6.431e-04 time=0.17s
[RQ-VAE] epoch=1104 loss=0.00031895 recon=0.00007384 beh=6.193314 w=0.000 lr=6.427e-04 time=0.172s
[RQ-VAE] epoch=1105 loss=0.00031935 recon=0.00007397 beh=6.190621 w=0.000 lr=6.424e-04 time=0.17s
[RQ-VAE] epoch=1106 loss=0.00031929 recon=0.00007400 beh=6.196541 w=0.000 lr=6.420e-04 time=0.172s
[RQ-VAE] epoch=1107 loss=0.00031984 recon=0.00007411 beh=6.195734 w=0.000 lr=6.417e-04 time=0.171s
[RQ-VAE] epoch=1108 loss=0.00031922 recon=0.00007402 beh=6.194831 w=0.000 lr=6.414e-04 time=0.268s
[RQ-VAE] epoch=1109 loss=0.00031718 recon=0.00007373 beh=6.196042 w=0.000 lr=6.410e-04 time=0.168s
[RQ-VAE] epoch=1110 loss=0.00031825 recon=0.00007397 beh=6.192616 w=0.000 lr=6.407e-04 time=0.168s
[RQ-VAE] epoch=1111 loss=0.00031941 recon=0.00007379 beh=6.195079 w=0.000 lr=6.403e-04 time=0.169s
[RQ-VAE] epoch=1112 loss=0.00031910 recon=0.00007389 beh=6.195927 w=0.000 lr=6.400e-04 time=0.169s
[RQ-VAE] epoch=1113 loss=0.00032129 recon=0.00007416 beh=6.199092 w=0.000 lr=6.397e-04 time=0.168s
[RQ-VAE] epoch=1114 loss=0.00032070 recon=0.00007386 beh=6.191606 w=0.000 lr=6.393e-04 time=0.169s
[RQ-VAE] epoch=1115 loss=0.00032035 recon=0.00007388 beh=6.193569 w=0.000 lr=6.390e-04 time=0.168s
[RQ-VAE] epoch=1116 loss=0.00032014 recon=0.00007373 beh=6.194210 w=0.000 lr=6.386e-04 time=0.169s
[RQ-VAE] epoch=1117 loss=0.00031910 recon=0.00007378 beh=6.193226 w=0.000 lr=6.383e-04 time=0.169s
[RQ-VAE] epoch=1118 loss=0.00032072 recon=0.00007394 beh=6.196339 w=0.000 lr=6.380e-04 time=0.168s
[RQ-VAE] epoch=1119 loss=0.00032122 recon=0.00007376 beh=6.198299 w=0.000 lr=6.376e-04 time=0.169s
[RQ-VAE] epoch=1120 loss=0.00032113 recon=0.00007375 beh=6.194197 w=0.000 lr=6.373e-04 time=0.169s
[RQ-VAE] epoch=1121 loss=0.00032064 recon=0.00007414 beh=6.194953 w=0.000 lr=6.369e-04 time=0.168s
[RQ-VAE] epoch=1122 loss=0.00032139 recon=0.00007389 beh=6.194255 w=0.000 lr=6.366e-04 time=0.168s
[RQ-VAE] epoch=1123 loss=0.00032165 recon=0.00007391 beh=6.194239 w=0.000 lr=6.363e-04 time=0.17s
[RQ-VAE] epoch=1124 loss=0.00032131 recon=0.00007388 beh=6.191007 w=0.000 lr=6.359e-04 time=0.263s
[RQ-VAE] epoch=1125 loss=0.00031916 recon=0.00007375 beh=6.195885 w=0.000 lr=6.356e-04 time=0.168s
[RQ-VAE] epoch=1126 loss=0.00032010 recon=0.00007374 beh=6.198116 w=0.000 lr=6.353e-04 time=0.169s
[RQ-VAE] epoch=1127 loss=0.00031993 recon=0.00007380 beh=6.190704 w=0.000 lr=6.349e-04 time=0.169s
[RQ-VAE] epoch=1128 loss=0.00032131 recon=0.00007372 beh=6.190874 w=0.000 lr=6.346e-04 time=0.169s
[RQ-VAE] epoch=1129 loss=0.00032064 recon=0.00007368 beh=6.191783 w=0.000 lr=6.342e-04 time=0.168s
[RQ-VAE] epoch=1130 loss=0.00032058 recon=0.00007376 beh=6.192685 w=0.000 lr=6.339e-04 time=0.17s
[RQ-VAE] epoch=1131 loss=0.00032077 recon=0.00007362 beh=6.194310 w=0.000 lr=6.336e-04 time=0.168s
[RQ-VAE] epoch=1132 loss=0.00031821 recon=0.00007375 beh=6.191509 w=0.000 lr=6.332e-04 time=0.168s
[RQ-VAE] epoch=1133 loss=0.00031856 recon=0.00007363 beh=6.196132 w=0.000 lr=6.329e-04 time=0.168s
[RQ-VAE] epoch=1134 loss=0.00031939 recon=0.00007361 beh=6.191214 w=0.000 lr=6.325e-04 time=0.169s
[RQ-VAE] epoch=1135 loss=0.00031986 recon=0.00007374 beh=6.188620 w=0.000 lr=6.322e-04 time=0.168s
[RQ-VAE] epoch=1136 loss=0.00032002 recon=0.00007365 beh=6.187690 w=0.000 lr=6.319e-04 time=0.168s
[RQ-VAE] epoch=1137 loss=0.00032000 recon=0.00007391 beh=6.191642 w=0.000 lr=6.315e-04 time=0.169s
[RQ-VAE] epoch=1138 loss=0.00031896 recon=0.00007368 beh=6.187623 w=0.000 lr=6.312e-04 time=0.169s
[RQ-VAE] epoch=1139 loss=0.00031996 recon=0.00007371 beh=6.196768 w=0.000 lr=6.308e-04 time=0.168s
[RQ-VAE] epoch=1140 loss=0.00032054 recon=0.00007373 beh=6.190502 w=0.000 lr=6.305e-04 time=0.26s
[RQ-VAE] epoch=1141 loss=0.00031893 recon=0.00007379 beh=6.196595 w=0.000 lr=6.302e-04 time=0.168s
[RQ-VAE] epoch=1142 loss=0.00032046 recon=0.00007373 beh=6.197054 w=0.000 lr=6.298e-04 time=0.167s
[RQ-VAE] epoch=1143 loss=0.00032191 recon=0.00007376 beh=6.194924 w=0.000 lr=6.295e-04 time=0.169s
[RQ-VAE] epoch=1144 loss=0.00032056 recon=0.00007373 beh=6.194827 w=0.000 lr=6.292e-04 time=0.172s
[RQ-VAE] epoch=1145 loss=0.00032025 recon=0.00007369 beh=6.190381 w=0.000 lr=6.288e-04 time=0.17s
[RQ-VAE] epoch=1146 loss=0.00031744 recon=0.00007388 beh=6.193884 w=0.000 lr=6.285e-04 time=0.171s
[RQ-VAE] epoch=1147 loss=0.00031776 recon=0.00007350 beh=6.194540 w=0.000 lr=6.281e-04 time=0.171s
[RQ-VAE] epoch=1148 loss=0.00031865 recon=0.00007345 beh=6.193917 w=0.000 lr=6.278e-04 time=0.171s
[RQ-VAE] epoch=1149 loss=0.00031877 recon=0.00007328 beh=6.191354 w=0.000 lr=6.275e-04 time=0.171s
[RQ-VAE] epoch=1150 loss=0.00031810 recon=0.00007354 lr=6.271e-04 raw_unique=20339/24587 collision=0.172774 time=0.171s
[RQ-VAE] epoch=1151 loss=0.00031822 recon=0.00007361 beh=6.190924 w=0.000 lr=6.268e-04 time=0.171s
[RQ-VAE] epoch=1152 loss=0.00031846 recon=0.00007360 beh=6.189199 w=0.000 lr=6.264e-04 time=0.172s
[RQ-VAE] epoch=1153 loss=0.00031939 recon=0.00007335 beh=6.190495 w=0.000 lr=6.261e-04 time=0.17s
[RQ-VAE] epoch=1154 loss=0.00031886 recon=0.00007344 beh=6.190190 w=0.000 lr=6.258e-04 time=0.171s
[RQ-VAE] epoch=1155 loss=0.00031777 recon=0.00007339 beh=6.193187 w=0.000 lr=6.254e-04 time=0.171s
[RQ-VAE] epoch=1156 loss=0.00031934 recon=0.00007335 beh=6.191650 w=0.000 lr=6.251e-04 time=0.264s
[RQ-VAE] epoch=1157 loss=0.00031988 recon=0.00007339 beh=6.192509 w=0.000 lr=6.247e-04 time=0.168s
[RQ-VAE] epoch=1158 loss=0.00031903 recon=0.00007337 beh=6.196310 w=0.000 lr=6.244e-04 time=0.168s
[RQ-VAE] epoch=1159 loss=0.00032014 recon=0.00007334 beh=6.193293 w=0.000 lr=6.241e-04 time=0.17s
[RQ-VAE] epoch=1160 loss=0.00032040 recon=0.00007340 beh=6.196243 w=0.000 lr=6.237e-04 time=0.169s
[RQ-VAE] epoch=1161 loss=0.00031851 recon=0.00007349 beh=6.194138 w=0.000 lr=6.234e-04 time=0.167s
[RQ-VAE] epoch=1162 loss=0.00031980 recon=0.00007333 beh=6.193259 w=0.000 lr=6.231e-04 time=0.169s
[RQ-VAE] epoch=1163 loss=0.00031902 recon=0.00007346 beh=6.192796 w=0.000 lr=6.227e-04 time=0.169s
[RQ-VAE] epoch=1164 loss=0.00031883 recon=0.00007334 beh=6.195087 w=0.000 lr=6.224e-04 time=0.17s
[RQ-VAE] epoch=1165 loss=0.00032026 recon=0.00007335 beh=6.193477 w=0.000 lr=6.220e-04 time=0.168s
[RQ-VAE] epoch=1166 loss=0.00031835 recon=0.00007314 beh=6.193219 w=0.000 lr=6.217e-04 time=0.17s
[RQ-VAE] epoch=1167 loss=0.00031824 recon=0.00007341 beh=6.193034 w=0.000 lr=6.214e-04 time=0.17s
[RQ-VAE] epoch=1168 loss=0.00032082 recon=0.00007340 beh=6.192506 w=0.000 lr=6.210e-04 time=0.169s
[RQ-VAE] epoch=1169 loss=0.00032142 recon=0.00007334 beh=6.187933 w=0.000 lr=6.207e-04 time=0.169s
[RQ-VAE] epoch=1170 loss=0.00031987 recon=0.00007321 beh=6.198877 w=0.000 lr=6.203e-04 time=0.169s
[RQ-VAE] epoch=1171 loss=0.00031944 recon=0.00007334 beh=6.190489 w=0.000 lr=6.200e-04 time=0.17s
[RQ-VAE] epoch=1172 loss=0.00031997 recon=0.00007326 beh=6.196243 w=0.000 lr=6.197e-04 time=0.264s
[RQ-VAE] epoch=1173 loss=0.00031865 recon=0.00007326 beh=6.195254 w=0.000 lr=6.193e-04 time=0.169s
[RQ-VAE] epoch=1174 loss=0.00031864 recon=0.00007313 beh=6.191916 w=0.000 lr=6.190e-04 time=0.168s
[RQ-VAE] epoch=1175 loss=0.00031850 recon=0.00007324 beh=6.194571 w=0.000 lr=6.186e-04 time=0.168s
[RQ-VAE] epoch=1176 loss=0.00031775 recon=0.00007318 beh=6.193241 w=0.000 lr=6.183e-04 time=0.167s
[RQ-VAE] epoch=1177 loss=0.00031790 recon=0.00007314 beh=6.190910 w=0.000 lr=6.180e-04 time=0.167s
[RQ-VAE] epoch=1178 loss=0.00031803 recon=0.00007326 beh=6.192002 w=0.000 lr=6.176e-04 time=0.167s
[RQ-VAE] epoch=1179 loss=0.00032081 recon=0.00007331 beh=6.192401 w=0.000 lr=6.173e-04 time=0.168s
[RQ-VAE] epoch=1180 loss=0.00031813 recon=0.00007316 beh=6.190902 w=0.000 lr=6.169e-04 time=0.168s
[RQ-VAE] epoch=1181 loss=0.00031812 recon=0.00007306 beh=6.193945 w=0.000 lr=6.166e-04 time=0.168s
[RQ-VAE] epoch=1182 loss=0.00031949 recon=0.00007304 beh=6.191162 w=0.000 lr=6.163e-04 time=0.167s
[RQ-VAE] epoch=1183 loss=0.00031922 recon=0.00007306 beh=6.195761 w=0.000 lr=6.159e-04 time=0.169s
[RQ-VAE] epoch=1184 loss=0.00031854 recon=0.00007308 beh=6.191672 w=0.000 lr=6.156e-04 time=0.168s
[RQ-VAE] epoch=1185 loss=0.00032028 recon=0.00007330 beh=6.192405 w=0.000 lr=6.153e-04 time=0.169s
[RQ-VAE] epoch=1186 loss=0.00032194 recon=0.00007308 beh=6.194925 w=0.000 lr=6.149e-04 time=0.169s
[RQ-VAE] epoch=1187 loss=0.00032060 recon=0.00007312 beh=6.195643 w=0.000 lr=6.146e-04 time=0.263s
[RQ-VAE] epoch=1188 loss=0.00032095 recon=0.00007319 beh=6.191949 w=0.000 lr=6.142e-04 time=0.167s
[RQ-VAE] epoch=1189 loss=0.00032072 recon=0.00007318 beh=6.190216 w=0.000 lr=6.139e-04 time=0.168s
[RQ-VAE] epoch=1190 loss=0.00032049 recon=0.00007313 beh=6.194168 w=0.000 lr=6.136e-04 time=0.169s
[RQ-VAE] epoch=1191 loss=0.00032292 recon=0.00007313 beh=6.194864 w=0.000 lr=6.132e-04 time=0.169s
[RQ-VAE] epoch=1192 loss=0.00032370 recon=0.00007322 beh=6.191473 w=0.000 lr=6.129e-04 time=0.169s
[RQ-VAE] epoch=1193 loss=0.00032419 recon=0.00007324 beh=6.190465 w=0.000 lr=6.125e-04 time=0.169s
[RQ-VAE] epoch=1194 loss=0.00032449 recon=0.00007328 beh=6.192285 w=0.000 lr=6.122e-04 time=0.169s
[RQ-VAE] epoch=1195 loss=0.00032273 recon=0.00007316 beh=6.192352 w=0.000 lr=6.119e-04 time=0.169s
[RQ-VAE] epoch=1196 loss=0.00032421 recon=0.00007327 beh=6.191011 w=0.000 lr=6.115e-04 time=0.169s
[RQ-VAE] epoch=1197 loss=0.00032473 recon=0.00007321 beh=6.194981 w=0.000 lr=6.112e-04 time=0.168s
[RQ-VAE] epoch=1198 loss=0.00032380 recon=0.00007324 beh=6.193269 w=0.000 lr=6.108e-04 time=0.168s
[RQ-VAE] epoch=1199 loss=0.00032326 recon=0.00007308 beh=6.195010 w=0.000 lr=6.105e-04 time=0.17s
[RQ-VAE] epoch=1200 loss=0.00032235 recon=0.00007313 lr=6.102e-04 raw_unique=20287/24587 collision=0.174889 time=0.169s
[RQ-VAE] epoch=1201 loss=0.00032424 recon=0.00007327 beh=6.186196 w=0.000 lr=6.098e-04 time=0.17s
[RQ-VAE] epoch=1202 loss=0.00032167 recon=0.00007310 beh=6.192434 w=0.000 lr=6.095e-04 time=0.169s
[RQ-VAE] epoch=1203 loss=0.00032071 recon=0.00007324 beh=6.192547 w=0.000 lr=6.092e-04 time=0.261s
[RQ-VAE] epoch=1204 loss=0.00032297 recon=0.00007325 beh=6.190148 w=0.000 lr=6.088e-04 time=0.168s
[RQ-VAE] epoch=1205 loss=0.00032319 recon=0.00007315 beh=6.191711 w=0.000 lr=6.085e-04 time=0.169s
[RQ-VAE] epoch=1206 loss=0.00032158 recon=0.00007315 beh=6.194127 w=0.000 lr=6.081e-04 time=0.169s
[RQ-VAE] epoch=1207 loss=0.00032324 recon=0.00007312 beh=6.192271 w=0.000 lr=6.078e-04 time=0.171s
[RQ-VAE] epoch=1208 loss=0.00032257 recon=0.00007329 beh=6.190061 w=0.000 lr=6.075e-04 time=0.169s
[RQ-VAE] epoch=1209 loss=0.00032070 recon=0.00007307 beh=6.186683 w=0.000 lr=6.071e-04 time=0.167s
[RQ-VAE] epoch=1210 loss=0.00032052 recon=0.00007303 beh=6.193037 w=0.000 lr=6.068e-04 time=0.169s
[RQ-VAE] epoch=1211 loss=0.00032033 recon=0.00007304 beh=6.195483 w=0.000 lr=6.064e-04 time=0.169s
[RQ-VAE] epoch=1212 loss=0.00032085 recon=0.00007309 beh=6.190992 w=0.000 lr=6.061e-04 time=0.168s
[RQ-VAE] epoch=1213 loss=0.00032073 recon=0.00007314 beh=6.191235 w=0.000 lr=6.058e-04 time=0.169s
[RQ-VAE] epoch=1214 loss=0.00032060 recon=0.00007304 beh=6.196702 w=0.000 lr=6.054e-04 time=0.168s
[RQ-VAE] epoch=1215 loss=0.00032077 recon=0.00007312 beh=6.193490 w=0.000 lr=6.051e-04 time=0.172s
[RQ-VAE] epoch=1216 loss=0.00032078 recon=0.00007304 beh=6.195644 w=0.000 lr=6.047e-04 time=0.169s
[RQ-VAE] epoch=1217 loss=0.00031976 recon=0.00007310 beh=6.189847 w=0.000 lr=6.044e-04 time=0.169s
[RQ-VAE] epoch=1218 loss=0.00032094 recon=0.00007292 beh=6.191819 w=0.000 lr=6.041e-04 time=0.169s
[RQ-VAE] epoch=1219 loss=0.00032058 recon=0.00007277 beh=6.192895 w=0.000 lr=6.037e-04 time=0.259s
[RQ-VAE] epoch=1220 loss=0.00032106 recon=0.00007291 beh=6.190882 w=0.000 lr=6.034e-04 time=0.167s
[RQ-VAE] epoch=1221 loss=0.00032063 recon=0.00007283 beh=6.190104 w=0.000 lr=6.031e-04 time=0.169s
[RQ-VAE] epoch=1222 loss=0.00032173 recon=0.00007273 beh=6.190419 w=0.000 lr=6.027e-04 time=0.168s
[RQ-VAE] epoch=1223 loss=0.00032228 recon=0.00007279 beh=6.199653 w=0.000 lr=6.024e-04 time=0.169s
[RQ-VAE] epoch=1224 loss=0.00032065 recon=0.00007279 beh=6.186217 w=0.000 lr=6.020e-04 time=0.169s
[RQ-VAE] epoch=1225 loss=0.00032131 recon=0.00007284 beh=6.191339 w=0.000 lr=6.017e-04 time=0.17s
[RQ-VAE] epoch=1226 loss=0.00031935 recon=0.00007269 beh=6.191271 w=0.000 lr=6.014e-04 time=0.168s
[RQ-VAE] epoch=1227 loss=0.00032073 recon=0.00007290 beh=6.193567 w=0.000 lr=6.010e-04 time=0.169s
[RQ-VAE] epoch=1228 loss=0.00032304 recon=0.00007289 beh=6.193364 w=0.000 lr=6.007e-04 time=0.168s
[RQ-VAE] epoch=1229 loss=0.00032268 recon=0.00007259 beh=6.192352 w=0.000 lr=6.003e-04 time=0.17s
[RQ-VAE] epoch=1230 loss=0.00031968 recon=0.00007279 beh=6.189352 w=0.000 lr=6.000e-04 time=0.169s
[RQ-VAE] epoch=1231 loss=0.00032094 recon=0.00007287 beh=6.190227 w=0.000 lr=5.997e-04 time=0.169s
[RQ-VAE] epoch=1232 loss=0.00032189 recon=0.00007262 beh=6.195669 w=0.000 lr=5.993e-04 time=0.169s
[RQ-VAE] epoch=1233 loss=0.00032229 recon=0.00007268 beh=6.192168 w=0.000 lr=5.990e-04 time=0.169s
[RQ-VAE] epoch=1234 loss=0.00032129 recon=0.00007280 beh=6.193917 w=0.000 lr=5.986e-04 time=0.169s
[RQ-VAE] epoch=1235 loss=0.00032203 recon=0.00007274 beh=6.194435 w=0.000 lr=5.983e-04 time=0.262s
[RQ-VAE] epoch=1236 loss=0.00032054 recon=0.00007276 beh=6.195732 w=0.000 lr=5.980e-04 time=0.168s
[RQ-VAE] epoch=1237 loss=0.00032078 recon=0.00007257 beh=6.192904 w=0.000 lr=5.976e-04 time=0.169s
[RQ-VAE] epoch=1238 loss=0.00031988 recon=0.00007263 beh=6.188443 w=0.000 lr=5.973e-04 time=0.169s
[RQ-VAE] epoch=1239 loss=0.00032141 recon=0.00007277 beh=6.191833 w=0.000 lr=5.969e-04 time=0.169s
[RQ-VAE] epoch=1240 loss=0.00032049 recon=0.00007277 beh=6.193903 w=0.000 lr=5.966e-04 time=0.168s
[RQ-VAE] epoch=1241 loss=0.00031907 recon=0.00007268 beh=6.196229 w=0.000 lr=5.963e-04 time=0.17s
[RQ-VAE] epoch=1242 loss=0.00032143 recon=0.00007260 beh=6.186678 w=0.000 lr=5.959e-04 time=0.17s
[RQ-VAE] epoch=1243 loss=0.00032004 recon=0.00007266 beh=6.197435 w=0.000 lr=5.956e-04 time=0.169s
[RQ-VAE] epoch=1244 loss=0.00032002 recon=0.00007287 beh=6.194937 w=0.000 lr=5.953e-04 time=0.168s
[RQ-VAE] epoch=1245 loss=0.00032034 recon=0.00007269 beh=6.196592 w=0.000 lr=5.949e-04 time=0.17s
[RQ-VAE] epoch=1246 loss=0.00032098 recon=0.00007273 beh=6.191860 w=0.000 lr=5.946e-04 time=0.168s
[RQ-VAE] epoch=1247 loss=0.00032113 recon=0.00007265 beh=6.190045 w=0.000 lr=5.942e-04 time=0.17s
[RQ-VAE] epoch=1248 loss=0.00032003 recon=0.00007268 beh=6.195560 w=0.000 lr=5.939e-04 time=0.168s
[RQ-VAE] epoch=1249 loss=0.00032088 recon=0.00007261 beh=6.187704 w=0.000 lr=5.936e-04 time=0.169s
[RQ-VAE] epoch=1250 loss=0.00032030 recon=0.00007295 lr=5.932e-04 raw_unique=20377/24587 collision=0.171229 time=0.17s
[RQ-VAE] epoch=1251 loss=0.00032248 recon=0.00007280 beh=6.193396 w=0.000 lr=5.929e-04 time=0.26s
[RQ-VAE] epoch=1252 loss=0.00032189 recon=0.00007284 beh=6.192951 w=0.000 lr=5.925e-04 time=0.168s
[RQ-VAE] epoch=1253 loss=0.00032144 recon=0.00007290 beh=6.195616 w=0.000 lr=5.922e-04 time=0.169s
[RQ-VAE] epoch=1254 loss=0.00032237 recon=0.00007287 beh=6.194685 w=0.000 lr=5.919e-04 time=0.168s
[RQ-VAE] epoch=1255 loss=0.00032297 recon=0.00007276 beh=6.192960 w=0.000 lr=5.915e-04 time=0.169s
[RQ-VAE] epoch=1256 loss=0.00032203 recon=0.00007275 beh=6.197825 w=0.000 lr=5.912e-04 time=0.169s
[RQ-VAE] epoch=1257 loss=0.00032128 recon=0.00007280 beh=6.188869 w=0.000 lr=5.908e-04 time=0.17s
[RQ-VAE] epoch=1258 loss=0.00032299 recon=0.00007274 beh=6.195116 w=0.000 lr=5.905e-04 time=0.17s
[RQ-VAE] epoch=1259 loss=0.00032284 recon=0.00007275 beh=6.191411 w=0.000 lr=5.902e-04 time=0.169s
[RQ-VAE] epoch=1260 loss=0.00032165 recon=0.00007290 beh=6.195618 w=0.000 lr=5.898e-04 time=0.168s
[RQ-VAE] epoch=1261 loss=0.00032142 recon=0.00007268 beh=6.196138 w=0.000 lr=5.895e-04 time=0.17s
[RQ-VAE] epoch=1262 loss=0.00032104 recon=0.00007270 beh=6.192727 w=0.000 lr=5.892e-04 time=0.169s
[RQ-VAE] epoch=1263 loss=0.00032111 recon=0.00007271 beh=6.195743 w=0.000 lr=5.888e-04 time=0.169s
[RQ-VAE] epoch=1264 loss=0.00032213 recon=0.00007260 beh=6.194193 w=0.000 lr=5.885e-04 time=0.17s
[RQ-VAE] epoch=1265 loss=0.00031996 recon=0.00007263 beh=6.188869 w=0.000 lr=5.881e-04 time=0.169s
[RQ-VAE] epoch=1266 loss=0.00031970 recon=0.00007270 beh=6.191493 w=0.000 lr=5.878e-04 time=0.169s
[RQ-VAE] epoch=1267 loss=0.00031987 recon=0.00007266 beh=6.194255 w=0.000 lr=5.875e-04 time=0.259s
[RQ-VAE] epoch=1268 loss=0.00032048 recon=0.00007257 beh=6.194011 w=0.000 lr=5.871e-04 time=0.169s
[RQ-VAE] epoch=1269 loss=0.00032027 recon=0.00007271 beh=6.193246 w=0.000 lr=5.868e-04 time=0.168s
[RQ-VAE] epoch=1270 loss=0.00032135 recon=0.00007275 beh=6.190083 w=0.000 lr=5.864e-04 time=0.168s
[RQ-VAE] epoch=1271 loss=0.00032104 recon=0.00007278 beh=6.192216 w=0.000 lr=5.861e-04 time=0.167s
[RQ-VAE] epoch=1272 loss=0.00032125 recon=0.00007258 beh=6.192064 w=0.000 lr=5.858e-04 time=0.168s
[RQ-VAE] epoch=1273 loss=0.00032126 recon=0.00007263 beh=6.193367 w=0.000 lr=5.854e-04 time=0.167s
[RQ-VAE] epoch=1274 loss=0.00032216 recon=0.00007280 beh=6.192589 w=0.000 lr=5.851e-04 time=0.168s
[RQ-VAE] epoch=1275 loss=0.00032151 recon=0.00007249 beh=6.194953 w=0.000 lr=5.847e-04 time=0.169s
[RQ-VAE] epoch=1276 loss=0.00032167 recon=0.00007262 beh=6.191609 w=0.000 lr=5.844e-04 time=0.168s
[RQ-VAE] epoch=1277 loss=0.00032088 recon=0.00007281 beh=6.195805 w=0.000 lr=5.841e-04 time=0.169s
[RQ-VAE] epoch=1278 loss=0.00032236 recon=0.00007256 beh=6.195999 w=0.000 lr=5.837e-04 time=0.168s
[RQ-VAE] epoch=1279 loss=0.00032154 recon=0.00007247 beh=6.197682 w=0.000 lr=5.834e-04 time=0.168s
[RQ-VAE] epoch=1280 loss=0.00032046 recon=0.00007252 beh=6.193551 w=0.000 lr=5.831e-04 time=0.168s
[RQ-VAE] epoch=1281 loss=0.00032158 recon=0.00007280 beh=6.195286 w=0.000 lr=5.827e-04 time=0.169s
[RQ-VAE] epoch=1282 loss=0.00032209 recon=0.00007259 beh=6.194259 w=0.000 lr=5.824e-04 time=0.262s
[RQ-VAE] epoch=1283 loss=0.00032097 recon=0.00007260 beh=6.191761 w=0.000 lr=5.820e-04 time=0.168s
[RQ-VAE] epoch=1284 loss=0.00032044 recon=0.00007257 beh=6.188282 w=0.000 lr=5.817e-04 time=0.169s
[RQ-VAE] epoch=1285 loss=0.00032245 recon=0.00007257 beh=6.193853 w=0.000 lr=5.814e-04 time=0.169s
[RQ-VAE] epoch=1286 loss=0.00032132 recon=0.00007262 beh=6.194732 w=0.000 lr=5.810e-04 time=0.17s
[RQ-VAE] epoch=1287 loss=0.00032197 recon=0.00007250 beh=6.192118 w=0.000 lr=5.807e-04 time=0.168s
[RQ-VAE] epoch=1288 loss=0.00032457 recon=0.00007280 beh=6.189711 w=0.000 lr=5.803e-04 time=0.169s
[RQ-VAE] epoch=1289 loss=0.00032232 recon=0.00007270 beh=6.194269 w=0.000 lr=5.800e-04 time=0.169s
[RQ-VAE] epoch=1290 loss=0.00032245 recon=0.00007255 beh=6.194548 w=0.000 lr=5.797e-04 time=0.169s
[RQ-VAE] epoch=1291 loss=0.00032277 recon=0.00007256 beh=6.194303 w=0.000 lr=5.793e-04 time=0.169s
[RQ-VAE] epoch=1292 loss=0.00032265 recon=0.00007248 beh=6.191319 w=0.000 lr=5.790e-04 time=0.169s
[RQ-VAE] epoch=1293 loss=0.00032160 recon=0.00007272 beh=6.195670 w=0.000 lr=5.786e-04 time=0.167s
[RQ-VAE] epoch=1294 loss=0.00032100 recon=0.00007272 beh=6.192808 w=0.000 lr=5.783e-04 time=0.168s
[RQ-VAE] epoch=1295 loss=0.00032402 recon=0.00007267 beh=6.193415 w=0.000 lr=5.780e-04 time=0.169s
[RQ-VAE] epoch=1296 loss=0.00032489 recon=0.00007253 beh=6.188045 w=0.000 lr=5.776e-04 time=0.169s
[RQ-VAE] epoch=1297 loss=0.00032373 recon=0.00007269 beh=6.193218 w=0.000 lr=5.773e-04 time=0.167s
[RQ-VAE] epoch=1298 loss=0.00032383 recon=0.00007277 beh=6.194802 w=0.000 lr=5.769e-04 time=0.261s
[RQ-VAE] epoch=1299 loss=0.00032373 recon=0.00007249 beh=6.186604 w=0.000 lr=5.766e-04 time=0.167s
[RQ-VAE] epoch=1300 loss=0.00032268 recon=0.00007259 lr=5.763e-04 raw_unique=20343/24587 collision=0.172612 time=0.17s
[RQ-VAE] epoch=1301 loss=0.00032259 recon=0.00007254 beh=6.196241 w=0.000 lr=5.759e-04 time=0.169s
[RQ-VAE] epoch=1302 loss=0.00032391 recon=0.00007265 beh=6.195514 w=0.000 lr=5.756e-04 time=0.169s
[RQ-VAE] epoch=1303 loss=0.00032272 recon=0.00007259 beh=6.190941 w=0.000 lr=5.753e-04 time=0.168s
[RQ-VAE] epoch=1304 loss=0.00032313 recon=0.00007256 beh=6.194319 w=0.000 lr=5.749e-04 time=0.17s
[RQ-VAE] epoch=1305 loss=0.00032296 recon=0.00007258 beh=6.187531 w=0.000 lr=5.746e-04 time=0.169s
[RQ-VAE] epoch=1306 loss=0.00032380 recon=0.00007265 beh=6.194970 w=0.000 lr=5.742e-04 time=0.169s
[RQ-VAE] epoch=1307 loss=0.00032340 recon=0.00007244 beh=6.189316 w=0.000 lr=5.739e-04 time=0.168s
[RQ-VAE] epoch=1308 loss=0.00032188 recon=0.00007245 beh=6.195170 w=0.000 lr=5.736e-04 time=0.169s
[RQ-VAE] epoch=1309 loss=0.00031996 recon=0.00007236 beh=6.190663 w=0.000 lr=5.732e-04 time=0.168s
[RQ-VAE] epoch=1310 loss=0.00032076 recon=0.00007243 beh=6.190709 w=0.000 lr=5.729e-04 time=0.168s
[RQ-VAE] epoch=1311 loss=0.00031935 recon=0.00007225 beh=6.193845 w=0.000 lr=5.725e-04 time=0.169s
[RQ-VAE] epoch=1312 loss=0.00032024 recon=0.00007239 beh=6.196252 w=0.000 lr=5.722e-04 time=0.169s
[RQ-VAE] epoch=1313 loss=0.00032144 recon=0.00007240 beh=6.192724 w=0.000 lr=5.719e-04 time=0.168s
[RQ-VAE] epoch=1314 loss=0.00032155 recon=0.00007249 beh=6.190422 w=0.000 lr=5.715e-04 time=0.261s
[RQ-VAE] epoch=1315 loss=0.00032185 recon=0.00007243 beh=6.191455 w=0.000 lr=5.712e-04 time=0.168s
[RQ-VAE] epoch=1316 loss=0.00032085 recon=0.00007241 beh=6.191191 w=0.000 lr=5.708e-04 time=0.169s
[RQ-VAE] epoch=1317 loss=0.00032121 recon=0.00007247 beh=6.190762 w=0.000 lr=5.705e-04 time=0.168s
[RQ-VAE] epoch=1318 loss=0.00032117 recon=0.00007240 beh=6.190834 w=0.000 lr=5.702e-04 time=0.17s
[RQ-VAE] epoch=1319 loss=0.00032213 recon=0.00007246 beh=6.188919 w=0.000 lr=5.698e-04 time=0.169s
[RQ-VAE] epoch=1320 loss=0.00032221 recon=0.00007237 beh=6.190039 w=0.000 lr=5.695e-04 time=0.169s
[RQ-VAE] epoch=1321 loss=0.00032158 recon=0.00007225 beh=6.194796 w=0.000 lr=5.692e-04 time=0.168s
[RQ-VAE] epoch=1322 loss=0.00032410 recon=0.00007245 beh=6.188198 w=0.000 lr=5.688e-04 time=0.169s
[RQ-VAE] epoch=1323 loss=0.00032437 recon=0.00007228 beh=6.189505 w=0.000 lr=5.685e-04 time=0.168s
[RQ-VAE] epoch=1324 loss=0.00032366 recon=0.00007216 beh=6.194871 w=0.000 lr=5.681e-04 time=0.169s
[RQ-VAE] epoch=1325 loss=0.00032134 recon=0.00007211 beh=6.197524 w=0.000 lr=5.678e-04 time=0.17s
[RQ-VAE] epoch=1326 loss=0.00032200 recon=0.00007234 beh=6.189128 w=0.000 lr=5.675e-04 time=0.168s
[RQ-VAE] epoch=1327 loss=0.00032188 recon=0.00007215 beh=6.189986 w=0.000 lr=5.671e-04 time=0.169s
[RQ-VAE] epoch=1328 loss=0.00032114 recon=0.00007202 beh=6.190287 w=0.000 lr=5.668e-04 time=0.169s
[RQ-VAE] epoch=1329 loss=0.00031969 recon=0.00007215 beh=6.193167 w=0.000 lr=5.664e-04 time=0.169s
[RQ-VAE] epoch=1330 loss=0.00032041 recon=0.00007213 beh=6.191771 w=0.000 lr=5.661e-04 time=0.261s
[RQ-VAE] epoch=1331 loss=0.00032095 recon=0.00007213 beh=6.194434 w=0.000 lr=5.658e-04 time=0.17s
[RQ-VAE] epoch=1332 loss=0.00032073 recon=0.00007237 beh=6.196028 w=0.000 lr=5.654e-04 time=0.169s
[RQ-VAE] epoch=1333 loss=0.00032010 recon=0.00007241 beh=6.196906 w=0.000 lr=5.651e-04 time=0.169s
[RQ-VAE] epoch=1334 loss=0.00032013 recon=0.00007198 beh=6.191889 w=0.000 lr=5.647e-04 time=0.17s
[RQ-VAE] epoch=1335 loss=0.00032080 recon=0.00007213 beh=6.192144 w=0.000 lr=5.644e-04 time=0.168s
[RQ-VAE] epoch=1336 loss=0.00031972 recon=0.00007211 beh=6.194657 w=0.000 lr=5.641e-04 time=0.169s
[RQ-VAE] epoch=1337 loss=0.00031899 recon=0.00007189 beh=6.191624 w=0.000 lr=5.637e-04 time=0.168s
[RQ-VAE] epoch=1338 loss=0.00031912 recon=0.00007185 beh=6.192724 w=0.000 lr=5.634e-04 time=0.168s
[RQ-VAE] epoch=1339 loss=0.00031982 recon=0.00007207 beh=6.194871 w=0.000 lr=5.631e-04 time=0.168s
[RQ-VAE] epoch=1340 loss=0.00031880 recon=0.00007195 beh=6.191834 w=0.000 lr=5.627e-04 time=0.169s
[RQ-VAE] epoch=1341 loss=0.00031881 recon=0.00007202 beh=6.189872 w=0.000 lr=5.624e-04 time=0.169s
[RQ-VAE] epoch=1342 loss=0.00031970 recon=0.00007188 beh=6.193856 w=0.000 lr=5.620e-04 time=0.169s
[RQ-VAE] epoch=1343 loss=0.00031677 recon=0.00007192 beh=6.193902 w=0.000 lr=5.617e-04 time=0.169s
[RQ-VAE] epoch=1344 loss=0.00031729 recon=0.00007208 beh=6.194268 w=0.000 lr=5.614e-04 time=0.169s
[RQ-VAE] epoch=1345 loss=0.00031873 recon=0.00007201 beh=6.198497 w=0.000 lr=5.610e-04 time=0.167s
[RQ-VAE] epoch=1346 loss=0.00031833 recon=0.00007193 beh=6.192391 w=0.000 lr=5.607e-04 time=0.258s
[RQ-VAE] epoch=1347 loss=0.00031860 recon=0.00007192 beh=6.194306 w=0.000 lr=5.603e-04 time=0.169s
[RQ-VAE] epoch=1348 loss=0.00031755 recon=0.00007201 beh=6.193491 w=0.000 lr=5.600e-04 time=0.169s
[RQ-VAE] epoch=1349 loss=0.00031929 recon=0.00007197 beh=6.187618 w=0.000 lr=5.597e-04 time=0.169s
[RQ-VAE] epoch=1350 loss=0.00031934 recon=0.00007208 lr=5.593e-04 raw_unique=20349/24587 collision=0.172368 time=0.17s
[RQ-VAE] epoch=1351 loss=0.00031841 recon=0.00007205 beh=6.197280 w=0.000 lr=5.590e-04 time=0.169s
[RQ-VAE] epoch=1352 loss=0.00031715 recon=0.00007195 beh=6.188454 w=0.000 lr=5.586e-04 time=0.169s
[RQ-VAE] epoch=1353 loss=0.00031913 recon=0.00007182 beh=6.191973 w=0.000 lr=5.583e-04 time=0.168s
[RQ-VAE] epoch=1354 loss=0.00031662 recon=0.00007192 beh=6.194954 w=0.000 lr=5.580e-04 time=0.169s
[RQ-VAE] epoch=1355 loss=0.00031831 recon=0.00007192 beh=6.195283 w=0.000 lr=5.576e-04 time=0.168s
[RQ-VAE] epoch=1356 loss=0.00031958 recon=0.00007199 beh=6.194508 w=0.000 lr=5.573e-04 time=0.17s
[RQ-VAE] epoch=1357 loss=0.00031917 recon=0.00007185 beh=6.195888 w=0.000 lr=5.569e-04 time=0.169s
[RQ-VAE] epoch=1358 loss=0.00031872 recon=0.00007191 beh=6.193372 w=0.000 lr=5.566e-04 time=0.169s
[RQ-VAE] epoch=1359 loss=0.00032037 recon=0.00007177 beh=6.200246 w=0.000 lr=5.563e-04 time=0.168s
[RQ-VAE] epoch=1360 loss=0.00032056 recon=0.00007184 beh=6.190045 w=0.000 lr=5.559e-04 time=0.169s
[RQ-VAE] epoch=1361 loss=0.00031997 recon=0.00007195 beh=6.191378 w=0.000 lr=5.556e-04 time=0.169s
[RQ-VAE] epoch=1362 loss=0.00031867 recon=0.00007190 beh=6.197367 w=0.000 lr=5.553e-04 time=0.257s
[RQ-VAE] epoch=1363 loss=0.00031893 recon=0.00007184 beh=6.193249 w=0.000 lr=5.549e-04 time=0.169s
[RQ-VAE] epoch=1364 loss=0.00031971 recon=0.00007180 beh=6.193621 w=0.000 lr=5.546e-04 time=0.167s
[RQ-VAE] epoch=1365 loss=0.00032143 recon=0.00007171 beh=6.194746 w=0.000 lr=5.542e-04 time=0.169s
[RQ-VAE] epoch=1366 loss=0.00032059 recon=0.00007188 beh=6.195228 w=0.000 lr=5.539e-04 time=0.168s
[RQ-VAE] epoch=1367 loss=0.00031857 recon=0.00007189 beh=6.192098 w=0.000 lr=5.536e-04 time=0.168s
[RQ-VAE] epoch=1368 loss=0.00031933 recon=0.00007183 beh=6.196594 w=0.000 lr=5.532e-04 time=0.167s
[RQ-VAE] epoch=1369 loss=0.00032109 recon=0.00007185 beh=6.190157 w=0.000 lr=5.529e-04 time=0.168s
[RQ-VAE] epoch=1370 loss=0.00031957 recon=0.00007176 beh=6.192588 w=0.000 lr=5.525e-04 time=0.168s
[RQ-VAE] epoch=1371 loss=0.00031975 recon=0.00007184 beh=6.190248 w=0.000 lr=5.522e-04 time=0.169s
[RQ-VAE] epoch=1372 loss=0.00032029 recon=0.00007189 beh=6.192490 w=0.000 lr=5.519e-04 time=0.167s
[RQ-VAE] epoch=1373 loss=0.00032054 recon=0.00007179 beh=6.189746 w=0.000 lr=5.515e-04 time=0.168s
[RQ-VAE] epoch=1374 loss=0.00032082 recon=0.00007175 beh=6.196738 w=0.000 lr=5.512e-04 time=0.167s
[RQ-VAE] epoch=1375 loss=0.00032201 recon=0.00007174 beh=6.192116 w=0.000 lr=5.508e-04 time=0.168s
[RQ-VAE] epoch=1376 loss=0.00032107 recon=0.00007192 beh=6.191090 w=0.000 lr=5.505e-04 time=0.168s
[RQ-VAE] epoch=1377 loss=0.00032038 recon=0.00007171 beh=6.194381 w=0.000 lr=5.502e-04 time=0.261s
[RQ-VAE] epoch=1378 loss=0.00032032 recon=0.00007187 beh=6.194300 w=0.000 lr=5.498e-04 time=0.168s
[RQ-VAE] epoch=1379 loss=0.00032190 recon=0.00007208 beh=6.191588 w=0.000 lr=5.495e-04 time=0.169s
[RQ-VAE] epoch=1380 loss=0.00032165 recon=0.00007182 beh=6.192364 w=0.000 lr=5.492e-04 time=0.168s
[RQ-VAE] epoch=1381 loss=0.00032293 recon=0.00007172 beh=6.193891 w=0.000 lr=5.488e-04 time=0.169s
[RQ-VAE] epoch=1382 loss=0.00032344 recon=0.00007185 beh=6.188605 w=0.000 lr=5.485e-04 time=0.169s
[RQ-VAE] epoch=1383 loss=0.00032365 recon=0.00007172 beh=6.195740 w=0.000 lr=5.481e-04 time=0.168s
[RQ-VAE] epoch=1384 loss=0.00032244 recon=0.00007169 beh=6.189002 w=0.000 lr=5.478e-04 time=0.169s
[RQ-VAE] epoch=1385 loss=0.00032058 recon=0.00007177 beh=6.193301 w=0.000 lr=5.475e-04 time=0.169s
[RQ-VAE] epoch=1386 loss=0.00032246 recon=0.00007192 beh=6.192430 w=0.000 lr=5.471e-04 time=0.169s
[RQ-VAE] epoch=1387 loss=0.00032325 recon=0.00007202 beh=6.191623 w=0.000 lr=5.468e-04 time=0.169s
[RQ-VAE] epoch=1388 loss=0.00032450 recon=0.00007179 beh=6.190594 w=0.000 lr=5.464e-04 time=0.168s
[RQ-VAE] epoch=1389 loss=0.00032264 recon=0.00007185 beh=6.189010 w=0.000 lr=5.461e-04 time=0.169s
[RQ-VAE] epoch=1390 loss=0.00032481 recon=0.00007188 beh=6.194730 w=0.000 lr=5.458e-04 time=0.168s
[RQ-VAE] epoch=1391 loss=0.00032259 recon=0.00007165 beh=6.191299 w=0.000 lr=5.454e-04 time=0.169s
[RQ-VAE] epoch=1392 loss=0.00032203 recon=0.00007185 beh=6.191834 w=0.000 lr=5.451e-04 time=0.169s
[RQ-VAE] epoch=1393 loss=0.00032285 recon=0.00007179 beh=6.192465 w=0.000 lr=5.447e-04 time=0.261s
[RQ-VAE] epoch=1394 loss=0.00032218 recon=0.00007193 beh=6.194264 w=0.000 lr=5.444e-04 time=0.168s
[RQ-VAE] epoch=1395 loss=0.00032303 recon=0.00007182 beh=6.191914 w=0.000 lr=5.441e-04 time=0.168s
[RQ-VAE] epoch=1396 loss=0.00032403 recon=0.00007181 beh=6.194015 w=0.000 lr=5.437e-04 time=0.168s
[RQ-VAE] epoch=1397 loss=0.00032287 recon=0.00007175 beh=6.195995 w=0.000 lr=5.434e-04 time=0.169s
[RQ-VAE] epoch=1398 loss=0.00032105 recon=0.00007178 beh=6.190439 w=0.000 lr=5.431e-04 time=0.169s
[RQ-VAE] epoch=1399 loss=0.00032164 recon=0.00007159 beh=6.194917 w=0.000 lr=5.427e-04 time=0.168s
[RQ-VAE] epoch=1400 loss=0.00032334 recon=0.00007171 lr=5.424e-04 raw_unique=20325/24587 collision=0.173344 time=0.167s
[RQ-VAE] epoch=1401 loss=0.00032247 recon=0.00007177 beh=6.198386 w=0.000 lr=5.420e-04 time=0.169s
[RQ-VAE] epoch=1402 loss=0.00032144 recon=0.00007182 beh=6.193415 w=0.000 lr=5.417e-04 time=0.168s
[RQ-VAE] epoch=1403 loss=0.00032061 recon=0.00007170 beh=6.191830 w=0.000 lr=5.414e-04 time=0.169s
[RQ-VAE] epoch=1404 loss=0.00032065 recon=0.00007180 beh=6.193743 w=0.000 lr=5.410e-04 time=0.168s
[RQ-VAE] epoch=1405 loss=0.00032121 recon=0.00007174 beh=6.191154 w=0.000 lr=5.407e-04 time=0.169s
[RQ-VAE] epoch=1406 loss=0.00032277 recon=0.00007153 beh=6.192841 w=0.000 lr=5.403e-04 time=0.168s
[RQ-VAE] epoch=1407 loss=0.00032183 recon=0.00007165 beh=6.191428 w=0.000 lr=5.400e-04 time=0.168s
[RQ-VAE] epoch=1408 loss=0.00032123 recon=0.00007173 beh=6.194792 w=0.000 lr=5.397e-04 time=0.169s
[RQ-VAE] epoch=1409 loss=0.00032313 recon=0.00007195 beh=6.193650 w=0.000 lr=5.393e-04 time=0.261s
[RQ-VAE] epoch=1410 loss=0.00032369 recon=0.00007172 beh=6.192972 w=0.000 lr=5.390e-04 time=0.169s
[RQ-VAE] epoch=1411 loss=0.00032245 recon=0.00007179 beh=6.195492 w=0.000 lr=5.386e-04 time=0.168s
[RQ-VAE] epoch=1412 loss=0.00032475 recon=0.00007170 beh=6.190325 w=0.000 lr=5.383e-04 time=0.169s
[RQ-VAE] epoch=1413 loss=0.00032364 recon=0.00007175 beh=6.195125 w=0.000 lr=5.380e-04 time=0.169s
[RQ-VAE] epoch=1414 loss=0.00032124 recon=0.00007180 beh=6.198810 w=0.000 lr=5.376e-04 time=0.167s
[RQ-VAE] epoch=1415 loss=0.00032248 recon=0.00007176 beh=6.195128 w=0.000 lr=5.373e-04 time=0.169s
[RQ-VAE] epoch=1416 loss=0.00032368 recon=0.00007177 beh=6.195780 w=0.000 lr=5.369e-04 time=0.171s
[RQ-VAE] epoch=1417 loss=0.00032311 recon=0.00007169 beh=6.192158 w=0.000 lr=5.366e-04 time=0.169s
[RQ-VAE] epoch=1418 loss=0.00032245 recon=0.00007165 beh=6.189575 w=0.000 lr=5.363e-04 time=0.168s
[RQ-VAE] epoch=1419 loss=0.00032285 recon=0.00007164 beh=6.195623 w=0.000 lr=5.359e-04 time=0.17s
[RQ-VAE] epoch=1420 loss=0.00032517 recon=0.00007160 beh=6.196711 w=0.000 lr=5.356e-04 time=0.168s
[RQ-VAE] epoch=1421 loss=0.00032303 recon=0.00007176 beh=6.188958 w=0.000 lr=5.353e-04 time=0.169s
[RQ-VAE] epoch=1422 loss=0.00032213 recon=0.00007180 beh=6.192867 w=0.000 lr=5.349e-04 time=0.168s
[RQ-VAE] epoch=1423 loss=0.00032230 recon=0.00007172 beh=6.194188 w=0.000 lr=5.346e-04 time=0.17s
[RQ-VAE] epoch=1424 loss=0.00032308 recon=0.00007175 beh=6.193151 w=0.000 lr=5.342e-04 time=0.168s
[RQ-VAE] epoch=1425 loss=0.00032203 recon=0.00007167 beh=6.194512 w=0.000 lr=5.339e-04 time=0.26s
[RQ-VAE] epoch=1426 loss=0.00032076 recon=0.00007164 beh=6.191926 w=0.000 lr=5.336e-04 time=0.168s
[RQ-VAE] epoch=1427 loss=0.00032099 recon=0.00007172 beh=6.194763 w=0.000 lr=5.332e-04 time=0.168s
[RQ-VAE] epoch=1428 loss=0.00032045 recon=0.00007169 beh=6.188926 w=0.000 lr=5.329e-04 time=0.168s
[RQ-VAE] epoch=1429 loss=0.00032082 recon=0.00007170 beh=6.197876 w=0.000 lr=5.325e-04 time=0.168s
[RQ-VAE] epoch=1430 loss=0.00032161 recon=0.00007166 beh=6.192511 w=0.000 lr=5.322e-04 time=0.167s
[RQ-VAE] epoch=1431 loss=0.00032100 recon=0.00007165 beh=6.187929 w=0.000 lr=5.319e-04 time=0.169s
[RQ-VAE] epoch=1432 loss=0.00031970 recon=0.00007178 beh=6.197040 w=0.000 lr=5.315e-04 time=0.169s
[RQ-VAE] epoch=1433 loss=0.00032019 recon=0.00007160 beh=6.190206 w=0.000 lr=5.312e-04 time=0.168s
[RQ-VAE] epoch=1434 loss=0.00032093 recon=0.00007178 beh=6.196627 w=0.000 lr=5.308e-04 time=0.169s
[RQ-VAE] epoch=1435 loss=0.00032123 recon=0.00007164 beh=6.189390 w=0.000 lr=5.305e-04 time=0.169s
[RQ-VAE] epoch=1436 loss=0.00032156 recon=0.00007171 beh=6.195229 w=0.000 lr=5.302e-04 time=0.169s
[RQ-VAE] epoch=1437 loss=0.00032033 recon=0.00007170 beh=6.193035 w=0.000 lr=5.298e-04 time=0.17s
[RQ-VAE] epoch=1438 loss=0.00032137 recon=0.00007148 beh=6.191653 w=0.000 lr=5.295e-04 time=0.169s
[RQ-VAE] epoch=1439 loss=0.00032120 recon=0.00007159 beh=6.196481 w=0.000 lr=5.292e-04 time=0.169s
[RQ-VAE] epoch=1440 loss=0.00032006 recon=0.00007154 beh=6.196997 w=0.000 lr=5.288e-04 time=0.169s
[RQ-VAE] epoch=1441 loss=0.00031961 recon=0.00007172 beh=6.191041 w=0.000 lr=5.285e-04 time=0.259s
[RQ-VAE] epoch=1442 loss=0.00032252 recon=0.00007187 beh=6.194001 w=0.000 lr=5.281e-04 time=0.168s
[RQ-VAE] epoch=1443 loss=0.00032106 recon=0.00007152 beh=6.196416 w=0.000 lr=5.278e-04 time=0.169s
[RQ-VAE] epoch=1444 loss=0.00032060 recon=0.00007145 beh=6.194061 w=0.000 lr=5.275e-04 time=0.168s
[RQ-VAE] epoch=1445 loss=0.00032150 recon=0.00007164 beh=6.191957 w=0.000 lr=5.271e-04 time=0.168s
[RQ-VAE] epoch=1446 loss=0.00032141 recon=0.00007163 beh=6.189414 w=0.000 lr=5.268e-04 time=0.168s
[RQ-VAE] epoch=1447 loss=0.00031998 recon=0.00007150 beh=6.192942 w=0.000 lr=5.264e-04 time=0.17s
[RQ-VAE] epoch=1448 loss=0.00031949 recon=0.00007144 beh=6.189800 w=0.000 lr=5.261e-04 time=0.169s
[RQ-VAE] epoch=1449 loss=0.00031870 recon=0.00007139 beh=6.192867 w=0.000 lr=5.258e-04 time=0.169s
[RQ-VAE] epoch=1450 loss=0.00031996 recon=0.00007139 lr=5.254e-04 raw_unique=20364/24587 collision=0.171757 time=0.169s
[RQ-VAE] epoch=1451 loss=0.00032117 recon=0.00007147 beh=6.194253 w=0.000 lr=5.251e-04 time=0.169s
[RQ-VAE] epoch=1452 loss=0.00032058 recon=0.00007151 beh=6.196002 w=0.000 lr=5.247e-04 time=0.169s
[RQ-VAE] epoch=1453 loss=0.00031935 recon=0.00007152 beh=6.190324 w=0.000 lr=5.244e-04 time=0.169s
[RQ-VAE] epoch=1454 loss=0.00032093 recon=0.00007140 beh=6.193579 w=0.000 lr=5.241e-04 time=0.168s
[RQ-VAE] epoch=1455 loss=0.00032225 recon=0.00007152 beh=6.190507 w=0.000 lr=5.237e-04 time=0.169s
[RQ-VAE] epoch=1456 loss=0.00032148 recon=0.00007150 beh=6.198274 w=0.000 lr=5.234e-04 time=0.168s
[RQ-VAE] epoch=1457 loss=0.00032074 recon=0.00007153 beh=6.195126 w=0.000 lr=5.231e-04 time=0.257s
[RQ-VAE] epoch=1458 loss=0.00032079 recon=0.00007124 beh=6.191014 w=0.000 lr=5.227e-04 time=0.169s
[RQ-VAE] epoch=1459 loss=0.00032039 recon=0.00007137 beh=6.192028 w=0.000 lr=5.224e-04 time=0.167s
[RQ-VAE] epoch=1460 loss=0.00032150 recon=0.00007139 beh=6.196947 w=0.000 lr=5.220e-04 time=0.168s
[RQ-VAE] epoch=1461 loss=0.00032008 recon=0.00007138 beh=6.195206 w=0.000 lr=5.217e-04 time=0.168s
[RQ-VAE] epoch=1462 loss=0.00031971 recon=0.00007134 beh=6.189136 w=0.000 lr=5.214e-04 time=0.168s
[RQ-VAE] epoch=1463 loss=0.00032063 recon=0.00007140 beh=6.195134 w=0.000 lr=5.210e-04 time=0.166s
[RQ-VAE] epoch=1464 loss=0.00032065 recon=0.00007144 beh=6.193748 w=0.000 lr=5.207e-04 time=0.169s
[RQ-VAE] epoch=1465 loss=0.00032216 recon=0.00007144 beh=6.192561 w=0.000 lr=5.203e-04 time=0.168s
[RQ-VAE] epoch=1466 loss=0.00032109 recon=0.00007120 beh=6.193257 w=0.000 lr=5.200e-04 time=0.169s
[RQ-VAE] epoch=1467 loss=0.00032044 recon=0.00007140 beh=6.194805 w=0.000 lr=5.197e-04 time=0.168s
[RQ-VAE] epoch=1468 loss=0.00032071 recon=0.00007140 beh=6.193342 w=0.000 lr=5.193e-04 time=0.168s
[RQ-VAE] epoch=1469 loss=0.00032126 recon=0.00007137 beh=6.191998 w=0.000 lr=5.190e-04 time=0.167s
[RQ-VAE] epoch=1470 loss=0.00032165 recon=0.00007123 beh=6.195276 w=0.000 lr=5.186e-04 time=0.169s
[RQ-VAE] epoch=1471 loss=0.00032041 recon=0.00007127 beh=6.189409 w=0.000 lr=5.183e-04 time=0.168s
[RQ-VAE] epoch=1472 loss=0.00031952 recon=0.00007147 beh=6.191702 w=0.000 lr=5.180e-04 time=0.262s
[RQ-VAE] epoch=1473 loss=0.00032033 recon=0.00007131 beh=6.188956 w=0.000 lr=5.176e-04 time=0.169s
[RQ-VAE] epoch=1474 loss=0.00032059 recon=0.00007125 beh=6.190186 w=0.000 lr=5.173e-04 time=0.169s
[RQ-VAE] epoch=1475 loss=0.00032237 recon=0.00007122 beh=6.189478 w=0.000 lr=5.169e-04 time=0.168s
[RQ-VAE] epoch=1476 loss=0.00032069 recon=0.00007126 beh=6.192881 w=0.000 lr=5.166e-04 time=0.168s
[RQ-VAE] epoch=1477 loss=0.00032002 recon=0.00007117 beh=6.197212 w=0.000 lr=5.163e-04 time=0.169s
[RQ-VAE] epoch=1478 loss=0.00032043 recon=0.00007126 beh=6.196043 w=0.000 lr=5.159e-04 time=0.167s
[RQ-VAE] epoch=1479 loss=0.00032130 recon=0.00007119 beh=6.196908 w=0.000 lr=5.156e-04 time=0.168s
[RQ-VAE] epoch=1480 loss=0.00032204 recon=0.00007108 beh=6.191478 w=0.000 lr=5.153e-04 time=0.169s
[RQ-VAE] epoch=1481 loss=0.00032117 recon=0.00007135 beh=6.195836 w=0.000 lr=5.149e-04 time=0.169s
[RQ-VAE] epoch=1482 loss=0.00032109 recon=0.00007122 beh=6.192116 w=0.000 lr=5.146e-04 time=0.169s
[RQ-VAE] epoch=1483 loss=0.00032057 recon=0.00007123 beh=6.192425 w=0.000 lr=5.142e-04 time=0.169s
[RQ-VAE] epoch=1484 loss=0.00032161 recon=0.00007137 beh=6.191448 w=0.000 lr=5.139e-04 time=0.169s
[RQ-VAE] epoch=1485 loss=0.00032119 recon=0.00007119 beh=6.195174 w=0.000 lr=5.136e-04 time=0.169s
[RQ-VAE] epoch=1486 loss=0.00032040 recon=0.00007121 beh=6.195436 w=0.000 lr=5.132e-04 time=0.169s
[RQ-VAE] epoch=1487 loss=0.00032045 recon=0.00007113 beh=6.195940 w=0.000 lr=5.129e-04 time=0.169s
[RQ-VAE] epoch=1488 loss=0.00031891 recon=0.00007126 beh=6.193307 w=0.000 lr=5.125e-04 time=0.262s
[RQ-VAE] epoch=1489 loss=0.00031934 recon=0.00007120 beh=6.195967 w=0.000 lr=5.122e-04 time=0.169s
[RQ-VAE] epoch=1490 loss=0.00031957 recon=0.00007112 beh=6.193958 w=0.000 lr=5.119e-04 time=0.169s
[RQ-VAE] epoch=1491 loss=0.00031845 recon=0.00007109 beh=6.190621 w=0.000 lr=5.115e-04 time=0.168s
[RQ-VAE] epoch=1492 loss=0.00031893 recon=0.00007108 beh=6.193120 w=0.000 lr=5.112e-04 time=0.168s
[RQ-VAE] epoch=1493 loss=0.00031879 recon=0.00007112 beh=6.190167 w=0.000 lr=5.108e-04 time=0.168s
[RQ-VAE] epoch=1494 loss=0.00031903 recon=0.00007123 beh=6.195498 w=0.000 lr=5.105e-04 time=0.169s
[RQ-VAE] epoch=1495 loss=0.00031989 recon=0.00007116 beh=6.190711 w=0.000 lr=5.102e-04 time=0.17s
[RQ-VAE] epoch=1496 loss=0.00032021 recon=0.00007121 beh=6.191325 w=0.000 lr=5.098e-04 time=0.17s
[RQ-VAE] epoch=1497 loss=0.00031857 recon=0.00007110 beh=6.193724 w=0.000 lr=5.095e-04 time=0.17s
[RQ-VAE] epoch=1498 loss=0.00031749 recon=0.00007110 beh=6.193594 w=0.000 lr=5.092e-04 time=0.17s
[RQ-VAE] epoch=1499 loss=0.00031934 recon=0.00007117 beh=6.193095 w=0.000 lr=5.088e-04 time=0.168s
[RQ-VAE] epoch=1500 loss=0.00032096 recon=0.00007103 lr=5.085e-04 raw_unique=20253/24587 collision=0.176272 time=0.17s
/home/wlia0047/ar57_scratch/wenyu/genrec_env_v2/lib64/python3.9/site-packages/torch/functional.py:1510: UserWarning: Deterministic behavior was enabled with either `torch.use_deterministic_algorithms(True)` or `at::Context::setDeterministicAlgorithms(true)`, but this operation is not deterministic because it uses CuBLAS and you have CUDA >= 10.2. To enable deterministic behavior in this case, you must set an environment variable before running your PyTorch application: CUBLAS_WORKSPACE_CONFIG=:4096:8 or CUBLAS_WORKSPACE_CONFIG=:16:8. For more information, go to https://docs.nvidia.com/cuda/cublas/index.html#results-reproducibility (Triggered internally at /pytorch/aten/src/ATen/Context.cpp:233.)
  return _VF.cdist(x1, x2, p, None)  # type: ignore[attr-defined]
/home/wlia0047/ar57_scratch/wenyu/genrec_env_v2/lib64/python3.9/site-packages/torch/functional.py:1510: UserWarning: Deterministic behavior was enabled with either `torch.use_deterministic_algorithms(True)` or `at::Context::setDeterministicAlgorithms(true)`, but this operation is not deterministic because it uses CuBLAS and you have CUDA >= 10.2. To enable deterministic behavior in this case, you must set an environment variable before running your PyTorch application: CUBLAS_WORKSPACE_CONFIG=:4096:8 or CUBLAS_WORKSPACE_CONFIG=:16:8. For more information, go to https://docs.nvidia.com/cuda/cublas/index.html#results-reproducibility (Triggered internally at /pytorch/aten/src/ATen/Context.cpp:233.)
  return _VF.cdist(x1, x2, p, None)  # type: ignore[attr-defined]
/home/wlia0047/ar57_scratch/wenyu/genrec_env_v2/lib64/python3.9/site-packages/torch/functional.py:1510: UserWarning: Deterministic behavior was enabled with either `torch.use_deterministic_algorithms(True)` or `at::Context::setDeterministicAlgorithms(true)`, but this operation is not deterministic because it uses CuBLAS and you have CUDA >= 10.2. To enable deterministic behavior in this case, you must set an environment variable before running your PyTorch application: CUBLAS_WORKSPACE_CONFIG=:4096:8 or CUBLAS_WORKSPACE_CONFIG=:16:8. For more information, go to https://docs.nvidia.com/cuda/cublas/index.html#results-reproducibility (Triggered internally at /pytorch/aten/src/ATen/Context.cpp:233.)
  return _VF.cdist(x1, x2, p, None)  # type: ignore[attr-defined]
/home/wlia0047/ar57_scratch/wenyu/genrec_env_v2/lib64/python3.9/site-packages/torch/functional.py:1510: UserWarning: Deterministic behavior was enabled with either `torch.use_deterministic_algorithms(True)` or `at::Context::setDeterministicAlgorithms(true)`, but this operation is not deterministic because it uses CuBLAS and you have CUDA >= 10.2. To enable deterministic behavior in this case, you must set an environment variable before running your PyTorch application: CUBLAS_WORKSPACE_CONFIG=:4096:8 or CUBLAS_WORKSPACE_CONFIG=:16:8. For more information, go to https://docs.nvidia.com/cuda/cublas/index.html#results-reproducibility (Triggered internally at /pytorch/aten/src/ATen/Context.cpp:233.)
  return _VF.cdist(x1, x2, p, None)  # type: ignore[attr-defined]
[RQ-VAE] epoch=1501 loss=0.00115553 recon=0.00007127 beh=6.183794 w=0.000 lr=5.081e-04 time=0.244s
[RQ-VAE] epoch=1502 loss=0.00199643 recon=0.00007240 beh=6.159550 w=0.000 lr=5.078e-04 time=0.194s
[RQ-VAE] epoch=1503 loss=0.00283714 recon=0.00007380 beh=6.150989 w=0.000 lr=5.075e-04 time=0.192s
[RQ-VAE] epoch=1504 loss=0.00367677 recon=0.00007513 beh=6.146836 w=0.001 lr=5.071e-04 time=0.285s
[RQ-VAE] epoch=1505 loss=0.00450890 recon=0.00007598 beh=6.146808 w=0.001 lr=5.068e-04 time=0.191s
[RQ-VAE] epoch=1506 loss=0.00533447 recon=0.00007643 beh=6.141819 w=0.001 lr=5.064e-04 time=0.193s
[RQ-VAE] epoch=1507 loss=0.00616211 recon=0.00007679 beh=6.139498 w=0.001 lr=5.061e-04 time=0.192s
[RQ-VAE] epoch=1508 loss=0.00698568 recon=0.00007710 beh=6.134984 w=0.001 lr=5.058e-04 time=0.193s
[RQ-VAE] epoch=1509 loss=0.00781485 recon=0.00007765 beh=6.135370 w=0.001 lr=5.054e-04 time=0.192s
[RQ-VAE] epoch=1510 loss=0.00864087 recon=0.00007853 beh=6.131978 w=0.001 lr=5.051e-04 time=0.194s
[RQ-VAE] epoch=1511 loss=0.00945927 recon=0.00007859 beh=6.129067 w=0.001 lr=5.047e-04 time=0.192s
[RQ-VAE] epoch=1512 loss=0.01028119 recon=0.00007924 beh=6.124134 w=0.002 lr=5.044e-04 time=0.196s
[RQ-VAE] epoch=1513 loss=0.01110815 recon=0.00007998 beh=6.120362 w=0.002 lr=5.041e-04 time=0.194s
[RQ-VAE] epoch=1514 loss=0.01191875 recon=0.00008019 beh=6.115550 w=0.002 lr=5.037e-04 time=0.194s
[RQ-VAE] epoch=1515 loss=0.01273236 recon=0.00008078 beh=6.111414 w=0.002 lr=5.034e-04 time=0.193s
[RQ-VAE] epoch=1516 loss=0.01356298 recon=0.00008128 beh=6.115424 w=0.002 lr=5.031e-04 time=0.192s
[RQ-VAE] epoch=1517 loss=0.01437282 recon=0.00008126 beh=6.107554 w=0.002 lr=5.027e-04 time=0.193s
[RQ-VAE] epoch=1518 loss=0.01519193 recon=0.00008198 beh=6.106454 w=0.002 lr=5.024e-04 time=0.194s
[RQ-VAE] epoch=1519 loss=0.01600141 recon=0.00008240 beh=6.104137 w=0.003 lr=5.020e-04 time=0.192s
[RQ-VAE] epoch=1520 loss=0.01682504 recon=0.00008357 beh=6.099780 w=0.003 lr=5.017e-04 time=0.31s
[RQ-VAE] epoch=1521 loss=0.01765919 recon=0.00008359 beh=6.107852 w=0.003 lr=5.014e-04 time=0.195s
[RQ-VAE] epoch=1522 loss=0.01843986 recon=0.00008403 beh=6.093362 w=0.003 lr=5.010e-04 time=0.193s
[RQ-VAE] epoch=1523 loss=0.01928047 recon=0.00008472 beh=6.099906 w=0.003 lr=5.007e-04 time=0.192s
[RQ-VAE] epoch=1524 loss=0.02010376 recon=0.00008536 beh=6.101673 w=0.003 lr=5.003e-04 time=0.192s
[RQ-VAE] epoch=1525 loss=0.02091016 recon=0.00008534 beh=6.096991 w=0.003 lr=5.000e-04 time=0.195s
[RQ-VAE] epoch=1526 loss=0.02171793 recon=0.00008577 beh=6.094278 w=0.003 lr=4.997e-04 time=0.193s
[RQ-VAE] epoch=1527 loss=0.02253691 recon=0.00008645 beh=6.092837 w=0.004 lr=4.993e-04 time=0.194s
[RQ-VAE] epoch=1528 loss=0.02333440 recon=0.00008645 beh=6.089736 w=0.004 lr=4.990e-04 time=0.195s
[RQ-VAE] epoch=1529 loss=0.02417922 recon=0.00008724 beh=6.093891 w=0.004 lr=4.986e-04 time=0.192s
[RQ-VAE] epoch=1530 loss=0.02501444 recon=0.00008730 beh=6.098795 w=0.004 lr=4.983e-04 time=0.194s
[RQ-VAE] epoch=1531 loss=0.02576979 recon=0.00008767 beh=6.086577 w=0.004 lr=4.980e-04 time=0.192s
[RQ-VAE] epoch=1532 loss=0.02660478 recon=0.00008807 beh=6.088040 w=0.004 lr=4.976e-04 time=0.193s
[RQ-VAE] epoch=1533 loss=0.02741945 recon=0.00008793 beh=6.087628 w=0.004 lr=4.973e-04 time=0.192s
[RQ-VAE] epoch=1534 loss=0.02822665 recon=0.00008862 beh=6.085122 w=0.005 lr=4.969e-04 time=0.194s
[RQ-VAE] epoch=1535 loss=0.02905015 recon=0.00008830 beh=6.086088 w=0.005 lr=4.966e-04 time=0.193s
[RQ-VAE] epoch=1536 loss=0.02986014 recon=0.00008840 beh=6.086597 w=0.005 lr=4.963e-04 time=0.303s
[RQ-VAE] epoch=1537 loss=0.03068243 recon=0.00008858 beh=6.089054 w=0.005 lr=4.959e-04 time=0.193s
[RQ-VAE] epoch=1538 loss=0.03148118 recon=0.00008859 beh=6.083941 w=0.005 lr=4.956e-04 time=0.197s
[RQ-VAE] epoch=1539 loss=0.03230743 recon=0.00008877 beh=6.086322 w=0.005 lr=4.953e-04 time=0.192s
[RQ-VAE] epoch=1540 loss=0.03312869 recon=0.00008922 beh=6.087151 w=0.005 lr=4.949e-04 time=0.194s
[RQ-VAE] epoch=1541 loss=0.03390669 recon=0.00008952 beh=6.078017 w=0.005 lr=4.946e-04 time=0.195s
[RQ-VAE] epoch=1542 loss=0.03472849 recon=0.00009023 beh=6.078732 w=0.006 lr=4.942e-04 time=0.193s
[RQ-VAE] epoch=1543 loss=0.03554484 recon=0.00009047 beh=6.080849 w=0.006 lr=4.939e-04 time=0.193s
[RQ-VAE] epoch=1544 loss=0.03632972 recon=0.00009069 beh=6.074359 w=0.006 lr=4.936e-04 time=0.194s
[RQ-VAE] epoch=1545 loss=0.03720909 recon=0.00009130 beh=6.083659 w=0.006 lr=4.932e-04 time=0.193s
[RQ-VAE] epoch=1546 loss=0.03799748 recon=0.00009140 beh=6.080617 w=0.006 lr=4.929e-04 time=0.193s
[RQ-VAE] epoch=1547 loss=0.03878403 recon=0.00009123 beh=6.076107 w=0.006 lr=4.925e-04 time=0.195s
[RQ-VAE] epoch=1548 loss=0.03960275 recon=0.00009106 beh=6.077192 w=0.006 lr=4.922e-04 time=0.194s
[RQ-VAE] epoch=1549 loss=0.04042815 recon=0.00009146 beh=6.077579 w=0.007 lr=4.919e-04 time=0.193s
[RQ-VAE] epoch=1550 loss=0.04122009 recon=0.00009136 lr=4.915e-04 raw_unique=22036/24587 collision=0.103754 time=0.194s
[RQ-VAE] epoch=1551 loss=0.04205948 recon=0.00009235 beh=6.076433 w=0.007 lr=4.912e-04 time=0.196s
[RQ-VAE] epoch=1552 loss=0.04283371 recon=0.00009209 beh=6.071142 w=0.007 lr=4.908e-04 time=0.306s
[RQ-VAE] epoch=1553 loss=0.04362610 recon=0.00009246 beh=6.070366 w=0.007 lr=4.905e-04 time=0.193s
[RQ-VAE] epoch=1554 loss=0.04448573 recon=0.00009180 beh=6.075912 w=0.007 lr=4.902e-04 time=0.193s
[RQ-VAE] epoch=1555 loss=0.04527169 recon=0.00009231 beh=6.071567 w=0.007 lr=4.898e-04 time=0.194s
[RQ-VAE] epoch=1556 loss=0.04607549 recon=0.00009292 beh=6.070917 w=0.007 lr=4.895e-04 time=0.192s
[RQ-VAE] epoch=1557 loss=0.04691765 recon=0.00009271 beh=6.074331 w=0.008 lr=4.892e-04 time=0.193s
[RQ-VAE] epoch=1558 loss=0.04773609 recon=0.00009294 beh=6.074478 w=0.008 lr=4.888e-04 time=0.19s
[RQ-VAE] epoch=1559 loss=0.04851694 recon=0.00009286 beh=6.070000 w=0.008 lr=4.885e-04 time=0.192s
[RQ-VAE] epoch=1560 loss=0.04931823 recon=0.00009327 beh=6.068117 w=0.008 lr=4.881e-04 time=0.192s
[RQ-VAE] epoch=1561 loss=0.05016370 recon=0.00009360 beh=6.072699 w=0.008 lr=4.878e-04 time=0.194s
[RQ-VAE] epoch=1562 loss=0.05095042 recon=0.00009391 beh=6.070110 w=0.008 lr=4.875e-04 time=0.191s
[RQ-VAE] epoch=1563 loss=0.05175056 recon=0.00009393 beh=6.066563 w=0.008 lr=4.871e-04 time=0.192s
[RQ-VAE] epoch=1564 loss=0.05259477 recon=0.00009336 beh=6.071306 w=0.009 lr=4.868e-04 time=0.191s
[RQ-VAE] epoch=1565 loss=0.05339247 recon=0.00009380 beh=6.069921 w=0.009 lr=4.864e-04 time=0.192s
[RQ-VAE] epoch=1566 loss=0.05421256 recon=0.00009455 beh=6.069321 w=0.009 lr=4.861e-04 time=0.191s
[RQ-VAE] epoch=1567 loss=0.05506586 recon=0.00009477 beh=6.072904 w=0.009 lr=4.858e-04 time=0.307s
[RQ-VAE] epoch=1568 loss=0.05589988 recon=0.00009515 beh=6.076940 w=0.009 lr=4.854e-04 time=0.192s
[RQ-VAE] epoch=1569 loss=0.05665923 recon=0.00009486 beh=6.070247 w=0.009 lr=4.851e-04 time=0.194s
[RQ-VAE] epoch=1570 loss=0.05746871 recon=0.00009472 beh=6.070008 w=0.009 lr=4.847e-04 time=0.193s
[RQ-VAE] epoch=1571 loss=0.05825870 recon=0.00009472 beh=6.067883 w=0.009 lr=4.844e-04 time=0.193s
[RQ-VAE] epoch=1572 loss=0.05906973 recon=0.00009506 beh=6.066992 w=0.010 lr=4.841e-04 time=0.193s
[RQ-VAE] epoch=1573 loss=0.05985901 recon=0.00009602 beh=6.064925 w=0.010 lr=4.837e-04 time=0.193s
[RQ-VAE] epoch=1574 loss=0.06066044 recon=0.00009561 beh=6.064276 w=0.010 lr=4.834e-04 time=0.193s
[RQ-VAE] epoch=1575 loss=0.06151095 recon=0.00009648 beh=6.068500 w=0.010 lr=4.831e-04 time=0.193s
[RQ-VAE] epoch=1576 loss=0.06235532 recon=0.00009598 beh=6.070742 w=0.010 lr=4.827e-04 time=0.192s
[RQ-VAE] epoch=1577 loss=0.06314620 recon=0.00009638 beh=6.068294 w=0.010 lr=4.824e-04 time=0.193s
[RQ-VAE] epoch=1578 loss=0.06397921 recon=0.00009616 beh=6.069324 w=0.010 lr=4.820e-04 time=0.193s
[RQ-VAE] epoch=1579 loss=0.06478143 recon=0.00009626 beh=6.067584 w=0.011 lr=4.817e-04 time=0.192s
[RQ-VAE] epoch=1580 loss=0.06548613 recon=0.00009633 beh=6.058160 w=0.011 lr=4.814e-04 time=0.193s
[RQ-VAE] epoch=1581 loss=0.06635284 recon=0.00009666 beh=6.064494 w=0.011 lr=4.810e-04 time=0.192s
[RQ-VAE] epoch=1582 loss=0.06711708 recon=0.00009644 beh=6.058921 w=0.011 lr=4.807e-04 time=0.193s
[RQ-VAE] epoch=1583 loss=0.06800763 recon=0.00009665 beh=6.066004 w=0.011 lr=4.803e-04 time=0.307s
[RQ-VAE] epoch=1584 loss=0.06875770 recon=0.00009677 beh=6.061042 w=0.011 lr=4.800e-04 time=0.193s
[RQ-VAE] epoch=1585 loss=0.06957920 recon=0.00009648 beh=6.062480 w=0.011 lr=4.797e-04 time=0.193s
[RQ-VAE] epoch=1586 loss=0.07040409 recon=0.00009713 beh=6.063574 w=0.011 lr=4.793e-04 time=0.192s
[RQ-VAE] epoch=1587 loss=0.07117955 recon=0.00009758 beh=6.058884 w=0.012 lr=4.790e-04 time=0.193s
[RQ-VAE] epoch=1588 loss=0.07204296 recon=0.00009724 beh=6.064153 w=0.012 lr=4.786e-04 time=0.192s
[RQ-VAE] epoch=1589 loss=0.07279945 recon=0.00009765 beh=6.058712 w=0.012 lr=4.783e-04 time=0.193s
[RQ-VAE] epoch=1590 loss=0.07363466 recon=0.00009765 beh=6.061289 w=0.012 lr=4.780e-04 time=0.192s
[RQ-VAE] epoch=1591 loss=0.07452247 recon=0.00009809 beh=6.065685 w=0.012 lr=4.776e-04 time=0.193s
[RQ-VAE] epoch=1592 loss=0.07525492 recon=0.00009842 beh=6.061331 w=0.012 lr=4.773e-04 time=0.192s
[RQ-VAE] epoch=1593 loss=0.07605726 recon=0.00009894 beh=6.059245 w=0.012 lr=4.769e-04 time=0.192s
[RQ-VAE] epoch=1594 loss=0.07689273 recon=0.00009845 beh=6.061549 w=0.013 lr=4.766e-04 time=0.192s
[RQ-VAE] epoch=1595 loss=0.07765368 recon=0.00009871 beh=6.056558 w=0.013 lr=4.763e-04 time=0.193s
[RQ-VAE] epoch=1596 loss=0.07845869 recon=0.00009837 beh=6.056799 w=0.013 lr=4.759e-04 time=0.191s
[RQ-VAE] epoch=1597 loss=0.07929792 recon=0.00009866 beh=6.058847 w=0.013 lr=4.756e-04 time=0.193s
[RQ-VAE] epoch=1598 loss=0.08011926 recon=0.00009913 beh=6.059042 w=0.013 lr=4.753e-04 time=0.192s
[RQ-VAE] epoch=1599 loss=0.08082777 recon=0.00009845 beh=6.051133 w=0.013 lr=4.749e-04 time=0.31s
[RQ-VAE] epoch=1600 loss=0.08180483 recon=0.00009914 lr=4.746e-04 raw_unique=22747/24587 collision=0.074836 time=0.191s
[RQ-VAE] epoch=1601 loss=0.08247882 recon=0.00009966 beh=6.054114 w=0.013 lr=4.742e-04 time=0.193s
[RQ-VAE] epoch=1602 loss=0.08337399 recon=0.00010021 beh=6.060283 w=0.014 lr=4.739e-04 time=0.192s
[RQ-VAE] epoch=1603 loss=0.08413784 recon=0.00009947 beh=6.056612 w=0.014 lr=4.736e-04 time=0.193s
[RQ-VAE] epoch=1604 loss=0.08493333 recon=0.00009913 beh=6.055420 w=0.014 lr=4.732e-04 time=0.192s
[RQ-VAE] epoch=1605 loss=0.08578552 recon=0.00009919 beh=6.058060 w=0.014 lr=4.729e-04 time=0.193s
[RQ-VAE] epoch=1606 loss=0.08656341 recon=0.00009910 beh=6.056154 w=0.014 lr=4.725e-04 time=0.194s
[RQ-VAE] epoch=1607 loss=0.08731739 recon=0.00010017 beh=6.052041 w=0.014 lr=4.722e-04 time=0.193s
[RQ-VAE] epoch=1608 loss=0.08819231 recon=0.00010059 beh=6.056640 w=0.014 lr=4.719e-04 time=0.192s
[RQ-VAE] epoch=1609 loss=0.08899128 recon=0.00010014 beh=6.055415 w=0.015 lr=4.715e-04 time=0.195s
[RQ-VAE] epoch=1610 loss=0.08978810 recon=0.00010025 beh=6.054681 w=0.015 lr=4.712e-04 time=0.192s
[RQ-VAE] epoch=1611 loss=0.09057704 recon=0.00010056 beh=6.053071 w=0.015 lr=4.708e-04 time=0.193s
[RQ-VAE] epoch=1612 loss=0.09151833 recon=0.00010030 beh=6.062029 w=0.015 lr=4.705e-04 time=0.193s
[RQ-VAE] epoch=1613 loss=0.09220679 recon=0.00010067 beh=6.053246 w=0.015 lr=4.702e-04 time=0.193s
[RQ-VAE] epoch=1614 loss=0.09302086 recon=0.00010056 beh=6.053041 w=0.015 lr=4.698e-04 time=0.192s
[RQ-VAE] epoch=1615 loss=0.09391189 recon=0.00010020 beh=6.059554 w=0.015 lr=4.695e-04 time=0.3s
[RQ-VAE] epoch=1616 loss=0.09457159 recon=0.00010105 beh=6.049765 w=0.015 lr=4.692e-04 time=0.191s
[RQ-VAE] epoch=1617 loss=0.09541984 recon=0.00010061 beh=6.051817 w=0.016 lr=4.688e-04 time=0.193s
[RQ-VAE] epoch=1618 loss=0.09628904 recon=0.00010041 beh=6.055750 w=0.016 lr=4.685e-04 time=0.191s
[RQ-VAE] epoch=1619 loss=0.09702886 recon=0.00010000 beh=6.050751 w=0.016 lr=4.681e-04 time=0.192s
[RQ-VAE] epoch=1620 loss=0.09787904 recon=0.00010033 beh=6.053499 w=0.016 lr=4.678e-04 time=0.192s
[RQ-VAE] epoch=1621 loss=0.09869583 recon=0.00010069 beh=6.053117 w=0.016 lr=4.675e-04 time=0.193s
[RQ-VAE] epoch=1622 loss=0.09954935 recon=0.00010061 beh=6.057175 w=0.016 lr=4.671e-04 time=0.192s
[RQ-VAE] epoch=1623 loss=0.10030042 recon=0.00010100 beh=6.052456 w=0.016 lr=4.668e-04 time=0.194s
[RQ-VAE] epoch=1624 loss=0.10117752 recon=0.00010226 beh=6.056635 w=0.017 lr=4.664e-04 time=0.193s
[RQ-VAE] epoch=1625 loss=0.10185025 recon=0.00010219 beh=6.047327 w=0.017 lr=4.661e-04 time=0.192s
[RQ-VAE] epoch=1626 loss=0.10273269 recon=0.00010182 beh=6.052803 w=0.017 lr=4.658e-04 time=0.192s
[RQ-VAE] epoch=1627 loss=0.10347390 recon=0.00010160 beh=6.046856 w=0.017 lr=4.654e-04 time=0.193s
[RQ-VAE] epoch=1628 loss=0.10429393 recon=0.00010277 beh=6.048243 w=0.017 lr=4.651e-04 time=0.191s
[RQ-VAE] epoch=1629 loss=0.10511983 recon=0.00010151 beh=6.049609 w=0.017 lr=4.647e-04 time=0.193s
[RQ-VAE] epoch=1630 loss=0.10594156 recon=0.00010189 beh=6.049378 w=0.017 lr=4.644e-04 time=0.192s
[RQ-VAE] epoch=1631 loss=0.10673298 recon=0.00010181 beh=6.049192 w=0.017 lr=4.641e-04 time=0.288s
[RQ-VAE] epoch=1632 loss=0.10764671 recon=0.00010209 beh=6.054983 w=0.018 lr=4.637e-04 time=0.193s
[RQ-VAE] epoch=1633 loss=0.10837373 recon=0.00010166 beh=6.049686 w=0.018 lr=4.634e-04 time=0.193s
[RQ-VAE] epoch=1634 loss=0.10911801 recon=0.00010220 beh=6.046175 w=0.018 lr=4.631e-04 time=0.193s
[RQ-VAE] epoch=1635 loss=0.10993928 recon=0.00010213 beh=6.047311 w=0.018 lr=4.627e-04 time=0.193s
[RQ-VAE] epoch=1636 loss=0.11081256 recon=0.00010262 beh=6.050661 w=0.018 lr=4.624e-04 time=0.192s
[RQ-VAE] epoch=1637 loss=0.11162740 recon=0.00010275 beh=6.051047 w=0.018 lr=4.620e-04 time=0.193s
[RQ-VAE] epoch=1638 loss=0.11239813 recon=0.00010263 beh=6.048767 w=0.018 lr=4.617e-04 time=0.193s
[RQ-VAE] epoch=1639 loss=0.11327261 recon=0.00010317 beh=6.052320 w=0.019 lr=4.614e-04 time=0.193s
[RQ-VAE] epoch=1640 loss=0.11384380 recon=0.00010350 beh=6.038147 w=0.019 lr=4.610e-04 time=0.192s
[RQ-VAE] epoch=1641 loss=0.11483507 recon=0.00010325 beh=6.047838 w=0.019 lr=4.607e-04 time=0.193s
[RQ-VAE] epoch=1642 loss=0.11562463 recon=0.00010361 beh=6.047739 w=0.019 lr=4.603e-04 time=0.194s
[RQ-VAE] epoch=1643 loss=0.11652133 recon=0.00010355 beh=6.052955 w=0.019 lr=4.600e-04 time=0.195s
[RQ-VAE] epoch=1644 loss=0.11726943 recon=0.00010343 beh=6.048851 w=0.019 lr=4.597e-04 time=0.192s
[RQ-VAE] epoch=1645 loss=0.11802863 recon=0.00010365 beh=6.046614 w=0.019 lr=4.593e-04 time=0.195s
[RQ-VAE] epoch=1646 loss=0.11874693 recon=0.00010430 beh=6.041397 w=0.019 lr=4.590e-04 time=0.193s
[RQ-VAE] epoch=1647 loss=0.11965974 recon=0.00010432 beh=6.047182 w=0.020 lr=4.586e-04 time=0.293s
[RQ-VAE] epoch=1648 loss=0.12057189 recon=0.00010439 beh=6.052993 w=0.020 lr=4.583e-04 time=0.192s
[RQ-VAE] epoch=1649 loss=0.12136033 recon=0.00010401 beh=6.050781 w=0.020 lr=4.580e-04 time=0.191s
[RQ-VAE] epoch=1650 loss=0.12206943 recon=0.00010352 lr=4.576e-04 raw_unique=22936/24587 collision=0.067149 time=0.193s
[RQ-VAE] epoch=1651 loss=0.12288291 recon=0.00010308 beh=6.044988 w=0.020 lr=4.573e-04 time=0.192s
[RQ-VAE] epoch=1652 loss=0.12376259 recon=0.00010417 beh=6.049552 w=0.020 lr=4.569e-04 time=0.192s
[RQ-VAE] epoch=1653 loss=0.12459631 recon=0.00010434 beh=6.050278 w=0.020 lr=4.566e-04 time=0.192s
[RQ-VAE] epoch=1654 loss=0.12535450 recon=0.00010348 beh=6.047986 w=0.021 lr=4.563e-04 time=0.193s
[RQ-VAE] epoch=1655 loss=0.12599835 recon=0.00010392 beh=6.040038 w=0.021 lr=4.559e-04 time=0.192s
[RQ-VAE] epoch=1656 loss=0.12692317 recon=0.00010411 beh=6.046119 w=0.021 lr=4.556e-04 time=0.193s
[RQ-VAE] epoch=1657 loss=0.12779167 recon=0.00010359 beh=6.047783 w=0.021 lr=4.553e-04 time=0.192s
[RQ-VAE] epoch=1658 loss=0.12852143 recon=0.00010415 beh=6.044271 w=0.021 lr=4.549e-04 time=0.193s
[RQ-VAE] epoch=1659 loss=0.12928593 recon=0.00010398 beh=6.042672 w=0.021 lr=4.546e-04 time=0.195s
[RQ-VAE] epoch=1660 loss=0.13029942 recon=0.00010402 beh=6.052091 w=0.021 lr=4.542e-04 time=0.192s
[RQ-VAE] epoch=1661 loss=0.13098617 recon=0.00010481 beh=6.046900 w=0.021 lr=4.539e-04 time=0.19s
[RQ-VAE] epoch=1662 loss=0.13164105 recon=0.00010493 beh=6.038628 w=0.022 lr=4.536e-04 time=0.289s
[RQ-VAE] epoch=1663 loss=0.13262722 recon=0.00010471 beh=6.047403 w=0.022 lr=4.532e-04 time=0.192s
[RQ-VAE] epoch=1664 loss=0.13335416 recon=0.00010473 beh=6.043425 w=0.022 lr=4.529e-04 time=0.193s
[RQ-VAE] epoch=1665 loss=0.13417974 recon=0.00010501 beh=6.043858 w=0.022 lr=4.525e-04 time=0.194s
[RQ-VAE] epoch=1666 loss=0.13500264 recon=0.00010497 beh=6.044222 w=0.022 lr=4.522e-04 time=0.192s
[RQ-VAE] epoch=1667 loss=0.13578597 recon=0.00010486 beh=6.043749 w=0.022 lr=4.519e-04 time=0.193s
[RQ-VAE] epoch=1668 loss=0.13662960 recon=0.00010499 beh=6.044982 w=0.022 lr=4.515e-04 time=0.194s
[RQ-VAE] epoch=1669 loss=0.13743138 recon=0.00010554 beh=6.044644 w=0.023 lr=4.512e-04 time=0.192s
[RQ-VAE] epoch=1670 loss=0.13825344 recon=0.00010556 beh=6.044619 w=0.023 lr=4.508e-04 time=0.193s
[RQ-VAE] epoch=1671 loss=0.13908717 recon=0.00010531 beh=6.044946 w=0.023 lr=4.505e-04 time=0.192s
[RQ-VAE] epoch=1672 loss=0.14001365 recon=0.00010504 beh=6.050591 w=0.023 lr=4.502e-04 time=0.195s
[RQ-VAE] epoch=1673 loss=0.14055383 recon=0.00010546 beh=6.038729 w=0.023 lr=4.498e-04 time=0.193s
[RQ-VAE] epoch=1674 loss=0.14152075 recon=0.00010505 beh=6.045572 w=0.023 lr=4.495e-04 time=0.193s
[RQ-VAE] epoch=1675 loss=0.14235924 recon=0.00010555 beh=6.048054 w=0.023 lr=4.492e-04 time=0.193s
[RQ-VAE] epoch=1676 loss=0.14315468 recon=0.00010527 beh=6.047420 w=0.023 lr=4.488e-04 time=0.193s
[RQ-VAE] epoch=1677 loss=0.14382207 recon=0.00010578 beh=6.040682 w=0.024 lr=4.485e-04 time=0.193s
[RQ-VAE] epoch=1678 loss=0.14453565 recon=0.00010545 beh=6.036474 w=0.024 lr=4.481e-04 time=0.304s
[RQ-VAE] epoch=1679 loss=0.14541817 recon=0.00010602 beh=6.039026 w=0.024 lr=4.478e-04 time=0.192s
[RQ-VAE] epoch=1680 loss=0.14643510 recon=0.00010601 beh=6.047808 w=0.024 lr=4.475e-04 time=0.192s
[RQ-VAE] epoch=1681 loss=0.14705972 recon=0.00010597 beh=6.040747 w=0.024 lr=4.471e-04 time=0.193s
[RQ-VAE] epoch=1682 loss=0.14801781 recon=0.00010603 beh=6.047609 w=0.024 lr=4.468e-04 time=0.193s
[RQ-VAE] epoch=1683 loss=0.14868873 recon=0.00010545 beh=6.040820 w=0.024 lr=4.464e-04 time=0.192s
[RQ-VAE] epoch=1684 loss=0.14939094 recon=0.00010541 beh=6.036472 w=0.025 lr=4.461e-04 time=0.193s
[RQ-VAE] epoch=1685 loss=0.15042053 recon=0.00010567 beh=6.046279 w=0.025 lr=4.458e-04 time=0.192s
[RQ-VAE] epoch=1686 loss=0.15129769 recon=0.00010571 beh=6.048920 w=0.025 lr=4.454e-04 time=0.193s
[RQ-VAE] epoch=1687 loss=0.15191925 recon=0.00010562 beh=6.041466 w=0.025 lr=4.451e-04 time=0.192s
[RQ-VAE] epoch=1688 loss=0.15276176 recon=0.00010582 beh=6.041765 w=0.025 lr=4.447e-04 time=0.194s
[RQ-VAE] epoch=1689 loss=0.15343419 recon=0.00010604 beh=6.036867 w=0.025 lr=4.444e-04 time=0.192s
[RQ-VAE] epoch=1690 loss=0.15439555 recon=0.00010607 beh=6.042411 w=0.025 lr=4.441e-04 time=0.195s
[RQ-VAE] epoch=1691 loss=0.15521826 recon=0.00010629 beh=6.043608 w=0.025 lr=4.437e-04 time=0.193s
[RQ-VAE] epoch=1692 loss=0.15583563 recon=0.00010668 beh=6.035400 w=0.026 lr=4.434e-04 time=0.193s
[RQ-VAE] epoch=1693 loss=0.15694967 recon=0.00010662 beh=6.047580 w=0.026 lr=4.431e-04 time=0.194s
[RQ-VAE] epoch=1694 loss=0.15764534 recon=0.00010687 beh=6.042862 w=0.026 lr=4.427e-04 time=0.286s
[RQ-VAE] epoch=1695 loss=0.15848213 recon=0.00010698 beh=6.044331 w=0.026 lr=4.424e-04 time=0.191s
[RQ-VAE] epoch=1696 loss=0.15914302 recon=0.00010652 beh=6.039196 w=0.026 lr=4.420e-04 time=0.193s
[RQ-VAE] epoch=1697 loss=0.15981975 recon=0.00010647 beh=6.033731 w=0.026 lr=4.417e-04 time=0.193s
[RQ-VAE] epoch=1698 loss=0.16068190 recon=0.00010610 beh=6.035383 w=0.026 lr=4.414e-04 time=0.194s
[RQ-VAE] epoch=1699 loss=0.16144416 recon=0.00010590 beh=6.033160 w=0.027 lr=4.410e-04 time=0.193s
[RQ-VAE] epoch=1700 loss=0.16252072 recon=0.00010701 lr=4.407e-04 raw_unique=23187/24587 collision=0.056941 time=0.193s
[RQ-VAE] epoch=1701 loss=0.16326070 recon=0.00010672 beh=6.041401 w=0.027 lr=4.403e-04 time=0.193s
[RQ-VAE] epoch=1702 loss=0.16411310 recon=0.00010652 beh=6.042926 w=0.027 lr=4.400e-04 time=0.194s
[RQ-VAE] epoch=1703 loss=0.16479404 recon=0.00010604 beh=6.037737 w=0.027 lr=4.397e-04 time=0.193s
[RQ-VAE] epoch=1704 loss=0.16567720 recon=0.00010687 beh=6.041752 w=0.027 lr=4.393e-04 time=0.193s
[RQ-VAE] epoch=1705 loss=0.16644929 recon=0.00010644 beh=6.039249 w=0.027 lr=4.390e-04 time=0.193s
[RQ-VAE] epoch=1706 loss=0.16743848 recon=0.00010708 beh=6.046116 w=0.027 lr=4.386e-04 time=0.193s
[RQ-VAE] epoch=1707 loss=0.16816652 recon=0.00010700 beh=6.043126 w=0.028 lr=4.383e-04 time=0.193s
[RQ-VAE] epoch=1708 loss=0.16898364 recon=0.00010691 beh=6.044107 w=0.028 lr=4.380e-04 time=0.193s
[RQ-VAE] epoch=1709 loss=0.16967411 recon=0.00010655 beh=6.038815 w=0.028 lr=4.376e-04 time=0.193s
[RQ-VAE] epoch=1710 loss=0.17037091 recon=0.00010693 beh=6.034965 w=0.028 lr=4.373e-04 time=0.296s
[RQ-VAE] epoch=1711 loss=0.17126933 recon=0.00010657 beh=6.037929 w=0.028 lr=4.369e-04 time=0.192s
[RQ-VAE] epoch=1712 loss=0.17219074 recon=0.00010741 beh=6.042675 w=0.028 lr=4.366e-04 time=0.194s
[RQ-VAE] epoch=1713 loss=0.17281595 recon=0.00010704 beh=6.036126 w=0.028 lr=4.363e-04 time=0.193s
[RQ-VAE] epoch=1714 loss=0.17367476 recon=0.00010716 beh=6.037350 w=0.029 lr=4.359e-04 time=0.193s
[RQ-VAE] epoch=1715 loss=0.17452799 recon=0.00010665 beh=6.039343 w=0.029 lr=4.356e-04 time=0.192s
[RQ-VAE] epoch=1716 loss=0.17535730 recon=0.00010691 beh=6.039639 w=0.029 lr=4.353e-04 time=0.193s
[RQ-VAE] epoch=1717 loss=0.17632881 recon=0.00010788 beh=6.045637 w=0.029 lr=4.349e-04 time=0.192s
[RQ-VAE] epoch=1718 loss=0.17698210 recon=0.00010805 beh=6.039854 w=0.029 lr=4.346e-04 time=0.194s
[RQ-VAE] epoch=1719 loss=0.17773497 recon=0.00010804 beh=6.038518 w=0.029 lr=4.342e-04 time=0.194s
[RQ-VAE] epoch=1720 loss=0.17852801 recon=0.00010762 beh=6.037514 w=0.029 lr=4.339e-04 time=0.193s
[RQ-VAE] epoch=1721 loss=0.17911406 recon=0.00010727 beh=6.029467 w=0.029 lr=4.336e-04 time=0.192s
[RQ-VAE] epoch=1722 loss=0.18015361 recon=0.00010734 beh=6.037683 w=0.030 lr=4.332e-04 time=0.194s
[RQ-VAE] epoch=1723 loss=0.18106036 recon=0.00010827 beh=6.041908 w=0.030 lr=4.329e-04 time=0.192s
[RQ-VAE] epoch=1724 loss=0.18180770 recon=0.00010862 beh=6.038688 w=0.030 lr=4.325e-04 time=0.193s
[RQ-VAE] epoch=1725 loss=0.18241152 recon=0.00010756 beh=6.031317 w=0.030 lr=4.322e-04 time=0.193s
[RQ-VAE] epoch=1726 loss=0.18337688 recon=0.00010809 beh=6.037805 w=0.030 lr=4.319e-04 time=0.284s
[RQ-VAE] epoch=1727 loss=0.18432702 recon=0.00010856 beh=6.042060 w=0.030 lr=4.315e-04 time=0.193s
[RQ-VAE] epoch=1728 loss=0.18494126 recon=0.00010815 beh=6.034797 w=0.030 lr=4.312e-04 time=0.193s
[RQ-VAE] epoch=1729 loss=0.18576200 recon=0.00010854 beh=6.035941 w=0.031 lr=4.308e-04 time=0.193s
[RQ-VAE] epoch=1730 loss=0.18670398 recon=0.00010824 beh=6.040661 w=0.031 lr=4.305e-04 time=0.194s
[RQ-VAE] epoch=1731 loss=0.18732254 recon=0.00010822 beh=6.034392 w=0.031 lr=4.302e-04 time=0.193s
[RQ-VAE] epoch=1732 loss=0.18799700 recon=0.00010834 beh=6.029723 w=0.031 lr=4.298e-04 time=0.194s
[RQ-VAE] epoch=1733 loss=0.18896034 recon=0.00010798 beh=6.035050 w=0.031 lr=4.295e-04 time=0.194s
[RQ-VAE] epoch=1734 loss=0.18999773 recon=0.00010909 beh=6.042095 w=0.031 lr=4.292e-04 time=0.195s
[RQ-VAE] epoch=1735 loss=0.19067994 recon=0.00010826 beh=6.038365 w=0.031 lr=4.288e-04 time=0.193s
[RQ-VAE] epoch=1736 loss=0.19152993 recon=0.00010839 beh=6.039774 w=0.031 lr=4.285e-04 time=0.193s
[RQ-VAE] epoch=1737 loss=0.19217366 recon=0.00010816 beh=6.034354 w=0.032 lr=4.281e-04 time=0.192s
[RQ-VAE] epoch=1738 loss=0.19307394 recon=0.00010859 beh=6.036770 w=0.032 lr=4.278e-04 time=0.192s
[RQ-VAE] epoch=1739 loss=0.19404241 recon=0.00010860 beh=6.042164 w=0.032 lr=4.275e-04 time=0.195s
[RQ-VAE] epoch=1740 loss=0.19479045 recon=0.00010821 beh=6.040828 w=0.032 lr=4.271e-04 time=0.193s
[RQ-VAE] epoch=1741 loss=0.19538122 recon=0.00010812 beh=6.033720 w=0.032 lr=4.268e-04 time=0.193s
[RQ-VAE] epoch=1742 loss=0.19620635 recon=0.00010881 beh=6.034136 w=0.032 lr=4.264e-04 time=0.284s
[RQ-VAE] epoch=1743 loss=0.19707155 recon=0.00010890 beh=6.036206 w=0.032 lr=4.261e-04 time=0.193s
[RQ-VAE] epoch=1744 loss=0.19795844 recon=0.00010935 beh=6.038504 w=0.033 lr=4.258e-04 time=0.192s
[RQ-VAE] epoch=1745 loss=0.19878811 recon=0.00010991 beh=6.039557 w=0.033 lr=4.254e-04 time=0.192s
[RQ-VAE] epoch=1746 loss=0.19945477 recon=0.00010901 beh=6.034509 w=0.033 lr=4.251e-04 time=0.191s
[RQ-VAE] epoch=1747 loss=0.20009585 recon=0.00010952 beh=6.030040 w=0.033 lr=4.247e-04 time=0.193s
[RQ-VAE] epoch=1748 loss=0.20112610 recon=0.00010927 beh=6.036654 w=0.033 lr=4.244e-04 time=0.193s
[RQ-VAE] epoch=1749 loss=0.20181732 recon=0.00010842 beh=6.032022 w=0.033 lr=4.241e-04 time=0.194s
[RQ-VAE] epoch=1750 loss=0.20281112 recon=0.00010872 lr=4.237e-04 raw_unique=23318/24587 collision=0.051613 time=0.192s
[RQ-VAE] epoch=1751 loss=0.20359664 recon=0.00010888 beh=6.038217 w=0.033 lr=4.234e-04 time=0.193s
[RQ-VAE] epoch=1752 loss=0.20430911 recon=0.00010856 beh=6.034262 w=0.034 lr=4.231e-04 time=0.192s
[RQ-VAE] epoch=1753 loss=0.20483875 recon=0.00010934 beh=6.026262 w=0.034 lr=4.227e-04 time=0.192s
[RQ-VAE] epoch=1754 loss=0.20597708 recon=0.00010964 beh=6.036635 w=0.034 lr=4.224e-04 time=0.192s
[RQ-VAE] epoch=1755 loss=0.20683299 recon=0.00010884 beh=6.037622 w=0.034 lr=4.220e-04 time=0.192s
[RQ-VAE] epoch=1756 loss=0.20761016 recon=0.00010918 beh=6.036995 w=0.034 lr=4.217e-04 time=0.192s
[RQ-VAE] epoch=1757 loss=0.20836394 recon=0.00010912 beh=6.034657 w=0.034 lr=4.214e-04 time=0.298s
[RQ-VAE] epoch=1758 loss=0.20938736 recon=0.00010934 beh=6.041785 w=0.034 lr=4.210e-04 time=0.193s
[RQ-VAE] epoch=1759 loss=0.20995878 recon=0.00010957 beh=6.034851 w=0.035 lr=4.207e-04 time=0.193s
[RQ-VAE] epoch=1760 loss=0.21081810 recon=0.00010950 beh=6.036548 w=0.035 lr=4.203e-04 time=0.192s
[RQ-VAE] epoch=1761 loss=0.21164432 recon=0.00010928 beh=6.036836 w=0.035 lr=4.200e-04 time=0.193s
[RQ-VAE] epoch=1762 loss=0.21225813 recon=0.00010949 beh=6.030562 w=0.035 lr=4.197e-04 time=0.194s
[RQ-VAE] epoch=1763 loss=0.21333551 recon=0.00010883 beh=6.038941 w=0.035 lr=4.193e-04 time=0.193s
[RQ-VAE] epoch=1764 loss=0.21406648 recon=0.00010921 beh=6.036331 w=0.035 lr=4.190e-04 time=0.193s
[RQ-VAE] epoch=1765 loss=0.21472649 recon=0.00010974 beh=6.031707 w=0.035 lr=4.186e-04 time=0.194s
[RQ-VAE] epoch=1766 loss=0.21558037 recon=0.00011001 beh=6.033020 w=0.035 lr=4.183e-04 time=0.193s
[RQ-VAE] epoch=1767 loss=0.21622008 recon=0.00010965 beh=6.028149 w=0.036 lr=4.180e-04 time=0.193s
[RQ-VAE] epoch=1768 loss=0.21737726 recon=0.00011042 beh=6.038828 w=0.036 lr=4.176e-04 time=0.194s
[RQ-VAE] epoch=1769 loss=0.21808058 recon=0.00011053 beh=6.035738 w=0.036 lr=4.173e-04 time=0.194s
[RQ-VAE] epoch=1770 loss=0.21893525 recon=0.00011033 beh=6.037168 w=0.036 lr=4.169e-04 time=0.193s
[RQ-VAE] epoch=1771 loss=0.21960947 recon=0.00010998 beh=6.032232 w=0.036 lr=4.166e-04 time=0.193s
[RQ-VAE] epoch=1772 loss=0.22044744 recon=0.00010988 beh=6.033684 w=0.036 lr=4.163e-04 time=0.192s
[RQ-VAE] epoch=1773 loss=0.22133109 recon=0.00011003 beh=6.036280 w=0.036 lr=4.159e-04 time=0.29s
[RQ-VAE] epoch=1774 loss=0.22197314 recon=0.00010982 beh=6.030729 w=0.037 lr=4.156e-04 time=0.193s
[RQ-VAE] epoch=1775 loss=0.22308308 recon=0.00010967 beh=6.040180 w=0.037 lr=4.153e-04 time=0.193s
[RQ-VAE] epoch=1776 loss=0.22403476 recon=0.00011062 beh=6.044326 w=0.037 lr=4.149e-04 time=0.193s
[RQ-VAE] epoch=1777 loss=0.22429241 recon=0.00011013 beh=6.027999 w=0.037 lr=4.146e-04 time=0.193s
[RQ-VAE] epoch=1778 loss=0.22552258 recon=0.00010987 beh=6.040101 w=0.037 lr=4.142e-04 time=0.193s
[RQ-VAE] epoch=1779 loss=0.22629175 recon=0.00011011 beh=6.039490 w=0.037 lr=4.139e-04 time=0.194s
[RQ-VAE] epoch=1780 loss=0.22671770 recon=0.00010940 beh=6.028362 w=0.037 lr=4.136e-04 time=0.193s
[RQ-VAE] epoch=1781 loss=0.22770670 recon=0.00010965 beh=6.033134 w=0.037 lr=4.132e-04 time=0.193s
[RQ-VAE] epoch=1782 loss=0.22856595 recon=0.00011091 beh=6.035723 w=0.038 lr=4.129e-04 time=0.193s
[RQ-VAE] epoch=1783 loss=0.22920801 recon=0.00011066 beh=6.030865 w=0.038 lr=4.125e-04 time=0.192s
[RQ-VAE] epoch=1784 loss=0.23012103 recon=0.00011030 beh=6.033749 w=0.038 lr=4.122e-04 time=0.194s
[RQ-VAE] epoch=1785 loss=0.23102395 recon=0.00011043 beh=6.035251 w=0.038 lr=4.119e-04 time=0.193s
[RQ-VAE] epoch=1786 loss=0.23173016 recon=0.00011009 beh=6.033877 w=0.038 lr=4.115e-04 time=0.193s
[RQ-VAE] epoch=1787 loss=0.23234077 recon=0.00010980 beh=6.027799 w=0.038 lr=4.112e-04 time=0.193s
[RQ-VAE] epoch=1788 loss=0.23344541 recon=0.00011001 beh=6.035991 w=0.038 lr=4.108e-04 time=0.193s
[RQ-VAE] epoch=1789 loss=0.23405164 recon=0.00011023 beh=6.030632 w=0.039 lr=4.105e-04 time=0.284s
[RQ-VAE] epoch=1790 loss=0.23487154 recon=0.00011057 beh=6.030627 w=0.039 lr=4.102e-04 time=0.193s
[RQ-VAE] epoch=1791 loss=0.23579447 recon=0.00011116 beh=6.034394 w=0.039 lr=4.098e-04 time=0.193s
[RQ-VAE] epoch=1792 loss=0.23645595 recon=0.00011088 beh=6.029990 w=0.039 lr=4.095e-04 time=0.192s
[RQ-VAE] epoch=1793 loss=0.23721789 recon=0.00011007 beh=6.028536 w=0.039 lr=4.092e-04 time=0.192s
[RQ-VAE] epoch=1794 loss=0.23790364 recon=0.00011095 beh=6.025800 w=0.039 lr=4.088e-04 time=0.192s
[RQ-VAE] epoch=1795 loss=0.23906699 recon=0.00011174 beh=6.034875 w=0.039 lr=4.085e-04 time=0.195s
[RQ-VAE] epoch=1796 loss=0.23976454 recon=0.00011126 beh=6.032278 w=0.039 lr=4.081e-04 time=0.193s
[RQ-VAE] epoch=1797 loss=0.24072236 recon=0.00011128 beh=6.036416 w=0.040 lr=4.078e-04 time=0.193s
[RQ-VAE] epoch=1798 loss=0.24146354 recon=0.00011127 beh=6.034527 w=0.040 lr=4.075e-04 time=0.192s
[RQ-VAE] epoch=1799 loss=0.24214149 recon=0.00011128 beh=6.030783 w=0.040 lr=4.071e-04 time=0.193s
[RQ-VAE] epoch=1800 loss=0.24301860 recon=0.00011114 lr=4.068e-04 raw_unique=23439/24587 collision=0.046691 time=0.193s
[RQ-VAE] epoch=1801 loss=0.24380696 recon=0.00011121 beh=6.032117 w=0.040 lr=4.064e-04 time=0.195s
[RQ-VAE] epoch=1802 loss=0.24441522 recon=0.00011096 beh=6.026658 w=0.040 lr=4.061e-04 time=0.192s
[RQ-VAE] epoch=1803 loss=0.24544919 recon=0.00011182 beh=6.032824 w=0.040 lr=4.058e-04 time=0.193s
[RQ-VAE] epoch=1804 loss=0.24617979 recon=0.00011183 beh=6.030677 w=0.041 lr=4.054e-04 time=0.193s
[RQ-VAE] epoch=1805 loss=0.24700940 recon=0.00011167 beh=6.031831 w=0.041 lr=4.051e-04 time=0.293s
[RQ-VAE] epoch=1806 loss=0.24758549 recon=0.00011205 beh=6.025893 w=0.041 lr=4.047e-04 time=0.192s
[RQ-VAE] epoch=1807 loss=0.24857092 recon=0.00011153 beh=6.029687 w=0.041 lr=4.044e-04 time=0.193s
[RQ-VAE] epoch=1808 loss=0.24950740 recon=0.00011160 beh=6.033099 w=0.041 lr=4.041e-04 time=0.192s
[RQ-VAE] epoch=1809 loss=0.25015822 recon=0.00011214 beh=6.029752 w=0.041 lr=4.037e-04 time=0.193s
[RQ-VAE] epoch=1810 loss=0.25098351 recon=0.00011209 beh=6.029228 w=0.041 lr=4.034e-04 time=0.192s
[RQ-VAE] epoch=1811 loss=0.25193787 recon=0.00011229 beh=6.033808 w=0.041 lr=4.031e-04 time=0.193s
[RQ-VAE] epoch=1812 loss=0.25261211 recon=0.00011184 beh=6.030174 w=0.042 lr=4.027e-04 time=0.193s
[RQ-VAE] epoch=1813 loss=0.25329530 recon=0.00011140 beh=6.026673 w=0.042 lr=4.024e-04 time=0.193s
[RQ-VAE] epoch=1814 loss=0.25435638 recon=0.00011163 beh=6.032871 w=0.042 lr=4.020e-04 time=0.192s
[RQ-VAE] epoch=1815 loss=0.25536615 recon=0.00011172 beh=6.037809 w=0.042 lr=4.017e-04 time=0.193s
[RQ-VAE] epoch=1816 loss=0.25581360 recon=0.00011201 beh=6.029596 w=0.042 lr=4.014e-04 time=0.191s
[RQ-VAE] epoch=1817 loss=0.25670505 recon=0.00011178 beh=6.032081 w=0.042 lr=4.010e-04 time=0.194s
[RQ-VAE] epoch=1818 loss=0.25731558 recon=0.00011127 beh=6.026733 w=0.042 lr=4.007e-04 time=0.193s
[RQ-VAE] epoch=1819 loss=0.25810608 recon=0.00011101 beh=6.026584 w=0.043 lr=4.003e-04 time=0.193s
[RQ-VAE] epoch=1820 loss=0.25907698 recon=0.00011073 beh=6.030638 w=0.043 lr=4.000e-04 time=0.192s
[RQ-VAE] epoch=1821 loss=0.25973052 recon=0.00011169 beh=6.026544 w=0.043 lr=3.997e-04 time=0.282s
[RQ-VAE] epoch=1822 loss=0.26062611 recon=0.00011167 beh=6.028903 w=0.043 lr=3.993e-04 time=0.192s
[RQ-VAE] epoch=1823 loss=0.26159611 recon=0.00011138 beh=6.032524 w=0.043 lr=3.990e-04 time=0.192s
[RQ-VAE] epoch=1824 loss=0.26200274 recon=0.00011201 beh=6.023467 w=0.043 lr=3.986e-04 time=0.192s
[RQ-VAE] epoch=1825 loss=0.26300210 recon=0.00011184 beh=6.026876 w=0.043 lr=3.983e-04 time=0.192s
[RQ-VAE] epoch=1826 loss=0.26400569 recon=0.00011186 beh=6.031723 w=0.043 lr=3.980e-04 time=0.193s
[RQ-VAE] epoch=1827 loss=0.26489067 recon=0.00011249 beh=6.034030 w=0.044 lr=3.976e-04 time=0.193s
[RQ-VAE] epoch=1828 loss=0.26554102 recon=0.00011240 beh=6.030162 w=0.044 lr=3.973e-04 time=0.192s
[RQ-VAE] epoch=1829 loss=0.26623371 recon=0.00011191 beh=6.026752 w=0.044 lr=3.969e-04 time=0.193s
[RQ-VAE] epoch=1830 loss=0.26727366 recon=0.00011258 beh=6.032516 w=0.044 lr=3.966e-04 time=0.192s
[RQ-VAE] epoch=1831 loss=0.26805988 recon=0.00011157 beh=6.032657 w=0.044 lr=3.963e-04 time=0.195s
[RQ-VAE] epoch=1832 loss=0.26879981 recon=0.00011174 beh=6.031605 w=0.044 lr=3.959e-04 time=0.194s
[RQ-VAE] epoch=1833 loss=0.26954162 recon=0.00011166 beh=6.029685 w=0.044 lr=3.956e-04 time=0.193s
[RQ-VAE] epoch=1834 loss=0.27063012 recon=0.00011176 beh=6.036426 w=0.045 lr=3.953e-04 time=0.192s
[RQ-VAE] epoch=1835 loss=0.27104458 recon=0.00011100 beh=6.026937 w=0.045 lr=3.949e-04 time=0.194s
[RQ-VAE] epoch=1836 loss=0.27182391 recon=0.00011158 beh=6.026868 w=0.045 lr=3.946e-04 time=0.193s
[RQ-VAE] epoch=1837 loss=0.27271616 recon=0.00011162 beh=6.027834 w=0.045 lr=3.942e-04 time=0.282s
[RQ-VAE] epoch=1838 loss=0.27359784 recon=0.00011147 beh=6.030185 w=0.045 lr=3.939e-04 time=0.192s
[RQ-VAE] epoch=1839 loss=0.27469134 recon=0.00011183 beh=6.037104 w=0.045 lr=3.936e-04 time=0.19s
[RQ-VAE] epoch=1840 loss=0.27535707 recon=0.00011183 beh=6.034062 w=0.045 lr=3.932e-04 time=0.192s
[RQ-VAE] epoch=1841 loss=0.27589509 recon=0.00011135 beh=6.026709 w=0.045 lr=3.929e-04 time=0.192s
[RQ-VAE] epoch=1842 loss=0.27676028 recon=0.00011174 beh=6.028358 w=0.046 lr=3.925e-04 time=0.192s
[RQ-VAE] epoch=1843 loss=0.27722284 recon=0.00011198 beh=6.021199 w=0.046 lr=3.922e-04 time=0.193s
[RQ-VAE] epoch=1844 loss=0.27819407 recon=0.00011161 beh=6.024644 w=0.046 lr=3.919e-04 time=0.192s
[RQ-VAE] epoch=1845 loss=0.27896988 recon=0.00011188 beh=6.023881 w=0.046 lr=3.915e-04 time=0.191s
[RQ-VAE] epoch=1846 loss=0.27982691 recon=0.00011210 beh=6.024780 w=0.046 lr=3.912e-04 time=0.192s
[RQ-VAE] epoch=1847 loss=0.28070134 recon=0.00011198 beh=6.025627 w=0.046 lr=3.908e-04 time=0.191s
[RQ-VAE] epoch=1848 loss=0.28146175 recon=0.00011185 beh=6.025054 w=0.046 lr=3.905e-04 time=0.192s
[RQ-VAE] epoch=1849 loss=0.28263733 recon=0.00011238 beh=6.033390 w=0.047 lr=3.902e-04 time=0.192s
[RQ-VAE] epoch=1850 loss=0.28335395 recon=0.00011262 lr=3.898e-04 raw_unique=23490/24587 collision=0.044617 time=0.193s
[RQ-VAE] epoch=1851 loss=0.28404364 recon=0.00011211 beh=6.028899 w=0.047 lr=3.895e-04 time=0.192s
[RQ-VAE] epoch=1852 loss=0.28490123 recon=0.00011221 beh=6.029418 w=0.047 lr=3.892e-04 time=0.285s
[RQ-VAE] epoch=1853 loss=0.28577122 recon=0.00011195 beh=6.031920 w=0.047 lr=3.888e-04 time=0.192s
[RQ-VAE] epoch=1854 loss=0.28638989 recon=0.00011181 beh=6.027045 w=0.047 lr=3.885e-04 time=0.193s
[RQ-VAE] epoch=1855 loss=0.28721848 recon=0.00011133 beh=6.027551 w=0.047 lr=3.881e-04 time=0.192s
[RQ-VAE] epoch=1856 loss=0.28794122 recon=0.00011165 beh=6.026183 w=0.047 lr=3.878e-04 time=0.193s
[RQ-VAE] epoch=1857 loss=0.28880894 recon=0.00011151 beh=6.027177 w=0.048 lr=3.875e-04 time=0.193s
[RQ-VAE] epoch=1858 loss=0.28978643 recon=0.00011189 beh=6.030622 w=0.048 lr=3.871e-04 time=0.193s
[RQ-VAE] epoch=1859 loss=0.29049060 recon=0.00011203 beh=6.028614 w=0.048 lr=3.868e-04 time=0.193s
[RQ-VAE] epoch=1860 loss=0.29120430 recon=0.00011184 beh=6.026425 w=0.048 lr=3.864e-04 time=0.192s
[RQ-VAE] epoch=1861 loss=0.29193398 recon=0.00011189 beh=6.024904 w=0.048 lr=3.861e-04 time=0.192s
[RQ-VAE] epoch=1862 loss=0.29289395 recon=0.00011180 beh=6.028480 w=0.048 lr=3.858e-04 time=0.192s
[RQ-VAE] epoch=1863 loss=0.29369465 recon=0.00011170 beh=6.028168 w=0.048 lr=3.854e-04 time=0.193s
[RQ-VAE] epoch=1864 loss=0.29417008 recon=0.00011280 beh=6.020673 w=0.049 lr=3.851e-04 time=0.193s
[RQ-VAE] epoch=1865 loss=0.29539603 recon=0.00011281 beh=6.029247 w=0.049 lr=3.847e-04 time=0.192s
[RQ-VAE] epoch=1866 loss=0.29621714 recon=0.00011213 beh=6.030188 w=0.049 lr=3.844e-04 time=0.193s
[RQ-VAE] epoch=1867 loss=0.29683617 recon=0.00011201 beh=6.026297 w=0.049 lr=3.841e-04 time=0.192s
[RQ-VAE] epoch=1868 loss=0.29792485 recon=0.00011225 beh=6.032204 w=0.049 lr=3.837e-04 time=0.285s
[RQ-VAE] epoch=1869 loss=0.29822984 recon=0.00011249 beh=6.021616 w=0.049 lr=3.834e-04 time=0.191s
[RQ-VAE] epoch=1870 loss=0.29941592 recon=0.00011248 beh=6.029528 w=0.049 lr=3.831e-04 time=0.193s
[RQ-VAE] epoch=1871 loss=0.29993218 recon=0.00011222 beh=6.023397 w=0.049 lr=3.827e-04 time=0.192s
[RQ-VAE] epoch=1872 loss=0.30095050 recon=0.00011230 beh=6.028573 w=0.050 lr=3.824e-04 time=0.192s
[RQ-VAE] epoch=1873 loss=0.30173883 recon=0.00011266 beh=6.027381 w=0.050 lr=3.820e-04 time=0.193s
[RQ-VAE] epoch=1874 loss=0.30244118 recon=0.00011266 beh=6.025595 w=0.050 lr=3.817e-04 time=0.193s
[RQ-VAE] epoch=1875 loss=0.30352896 recon=0.00011272 beh=6.030932 w=0.050 lr=3.814e-04 time=0.192s
[RQ-VAE] epoch=1876 loss=0.30416408 recon=0.00011296 beh=6.026984 w=0.050 lr=3.810e-04 time=0.193s
[RQ-VAE] epoch=1877 loss=0.30487674 recon=0.00011310 beh=6.024980 w=0.050 lr=3.807e-04 time=0.193s
[RQ-VAE] epoch=1878 loss=0.30577120 recon=0.00011276 beh=6.027643 w=0.050 lr=3.803e-04 time=0.192s
[RQ-VAE] epoch=1879 loss=0.30653375 recon=0.00011227 beh=6.026751 w=0.051 lr=3.800e-04 time=0.192s
[RQ-VAE] epoch=1880 loss=0.30742005 recon=0.00011258 beh=6.028009 w=0.051 lr=3.797e-04 time=0.192s
[RQ-VAE] epoch=1881 loss=0.30812535 recon=0.00011217 beh=6.026360 w=0.051 lr=3.793e-04 time=0.192s
[RQ-VAE] epoch=1882 loss=0.30926645 recon=0.00011253 beh=6.032485 w=0.051 lr=3.790e-04 time=0.192s
[RQ-VAE] epoch=1883 loss=0.30952424 recon=0.00011208 beh=6.021655 w=0.051 lr=3.786e-04 time=0.193s
[RQ-VAE] epoch=1884 loss=0.31061763 recon=0.00011205 beh=6.027157 w=0.051 lr=3.783e-04 time=0.286s
[RQ-VAE] epoch=1885 loss=0.31172526 recon=0.00011239 beh=6.033103 w=0.051 lr=3.780e-04 time=0.192s
[RQ-VAE] epoch=1886 loss=0.31234390 recon=0.00011279 beh=6.029368 w=0.051 lr=3.776e-04 time=0.193s
[RQ-VAE] epoch=1887 loss=0.31304261 recon=0.00011229 beh=6.027108 w=0.052 lr=3.773e-04 time=0.191s
[RQ-VAE] epoch=1888 loss=0.31373698 recon=0.00011280 beh=6.025526 w=0.052 lr=3.769e-04 time=0.192s
[RQ-VAE] epoch=1889 loss=0.31448567 recon=0.00011343 beh=6.024154 w=0.052 lr=3.766e-04 time=0.193s
[RQ-VAE] epoch=1890 loss=0.31512442 recon=0.00011273 beh=6.020568 w=0.052 lr=3.763e-04 time=0.192s
[RQ-VAE] epoch=1891 loss=0.31649855 recon=0.00011271 beh=6.031934 w=0.052 lr=3.759e-04 time=0.191s
[RQ-VAE] epoch=1892 loss=0.31694666 recon=0.00011328 beh=6.024785 w=0.052 lr=3.756e-04 time=0.192s
[RQ-VAE] epoch=1893 loss=0.31781644 recon=0.00011311 beh=6.026420 w=0.052 lr=3.753e-04 time=0.193s
[RQ-VAE] epoch=1894 loss=0.31870466 recon=0.00011254 beh=6.028170 w=0.053 lr=3.749e-04 time=0.192s
[RQ-VAE] epoch=1895 loss=0.31937078 recon=0.00011344 beh=6.024948 w=0.053 lr=3.746e-04 time=0.191s
[RQ-VAE] epoch=1896 loss=0.32007116 recon=0.00011348 beh=6.022925 w=0.053 lr=3.742e-04 time=0.192s
[RQ-VAE] epoch=1897 loss=0.32112309 recon=0.00011349 beh=6.027345 w=0.053 lr=3.739e-04 time=0.192s
[RQ-VAE] epoch=1898 loss=0.32189554 recon=0.00011309 beh=6.027308 w=0.053 lr=3.736e-04 time=0.193s
[RQ-VAE] epoch=1899 loss=0.32265222 recon=0.00011294 beh=6.025730 w=0.053 lr=3.732e-04 time=0.191s
[RQ-VAE] epoch=1900 loss=0.32379934 recon=0.00011345 lr=3.729e-04 raw_unique=23595/24587 collision=0.040347 time=0.283s
[RQ-VAE] epoch=1901 loss=0.32445914 recon=0.00011320 beh=6.029819 w=0.053 lr=3.725e-04 time=0.192s
[RQ-VAE] epoch=1902 loss=0.32533675 recon=0.00011337 beh=6.031691 w=0.054 lr=3.722e-04 time=0.192s
[RQ-VAE] epoch=1903 loss=0.32589132 recon=0.00011302 beh=6.026124 w=0.054 lr=3.719e-04 time=0.191s
[RQ-VAE] epoch=1904 loss=0.32648546 recon=0.00011297 beh=6.022105 w=0.054 lr=3.715e-04 time=0.192s
[RQ-VAE] epoch=1905 loss=0.32722467 recon=0.00011255 beh=6.021139 w=0.054 lr=3.712e-04 time=0.192s
[RQ-VAE] epoch=1906 loss=0.32774663 recon=0.00011229 beh=6.015583 w=0.054 lr=3.708e-04 time=0.193s
[RQ-VAE] epoch=1907 loss=0.32882592 recon=0.00011269 beh=6.020727 w=0.054 lr=3.705e-04 time=0.192s
[RQ-VAE] epoch=1908 loss=0.32998896 recon=0.00011291 beh=6.027644 w=0.054 lr=3.702e-04 time=0.193s
[RQ-VAE] epoch=1909 loss=0.33082092 recon=0.00011320 beh=6.027808 w=0.055 lr=3.698e-04 time=0.192s
[RQ-VAE] epoch=1910 loss=0.33158547 recon=0.00011306 beh=6.026892 w=0.055 lr=3.695e-04 time=0.193s
[RQ-VAE] epoch=1911 loss=0.33241126 recon=0.00011335 beh=6.028136 w=0.055 lr=3.692e-04 time=0.192s
[RQ-VAE] epoch=1912 loss=0.33304203 recon=0.00011346 beh=6.024039 w=0.055 lr=3.688e-04 time=0.193s
[RQ-VAE] epoch=1913 loss=0.33416760 recon=0.00011335 beh=6.030116 w=0.055 lr=3.685e-04 time=0.192s
[RQ-VAE] epoch=1914 loss=0.33446565 recon=0.00011277 beh=6.021186 w=0.055 lr=3.681e-04 time=0.192s
[RQ-VAE] epoch=1915 loss=0.33544749 recon=0.00011256 beh=6.023580 w=0.055 lr=3.678e-04 time=0.192s
[RQ-VAE] epoch=1916 loss=0.33643007 recon=0.00011266 beh=6.026857 w=0.055 lr=3.675e-04 time=0.283s
[RQ-VAE] epoch=1917 loss=0.33719939 recon=0.00011335 beh=6.026897 w=0.056 lr=3.671e-04 time=0.193s
[RQ-VAE] epoch=1918 loss=0.33797017 recon=0.00011290 beh=6.025351 w=0.056 lr=3.668e-04 time=0.193s
[RQ-VAE] epoch=1919 loss=0.33886230 recon=0.00011318 beh=6.027381 w=0.056 lr=3.664e-04 time=0.192s
[RQ-VAE] epoch=1920 loss=0.33945978 recon=0.00011364 beh=6.023572 w=0.056 lr=3.661e-04 time=0.193s
[RQ-VAE] epoch=1921 loss=0.34049618 recon=0.00011403 beh=6.027603 w=0.056 lr=3.658e-04 time=0.192s
[RQ-VAE] epoch=1922 loss=0.34135044 recon=0.00011333 beh=6.028912 w=0.056 lr=3.654e-04 time=0.192s
[RQ-VAE] epoch=1923 loss=0.34184092 recon=0.00011291 beh=6.022893 w=0.056 lr=3.651e-04 time=0.193s
[RQ-VAE] epoch=1924 loss=0.34281132 recon=0.00011375 beh=6.025865 w=0.057 lr=3.647e-04 time=0.192s
[RQ-VAE] epoch=1925 loss=0.34365985 recon=0.00011319 beh=6.026798 w=0.057 lr=3.644e-04 time=0.192s
[RQ-VAE] epoch=1926 loss=0.34431344 recon=0.00011277 beh=6.023005 w=0.057 lr=3.641e-04 time=0.193s
[RQ-VAE] epoch=1927 loss=0.34530073 recon=0.00011320 beh=6.027284 w=0.057 lr=3.637e-04 time=0.191s
[RQ-VAE] epoch=1928 loss=0.34577334 recon=0.00011356 beh=6.021441 w=0.057 lr=3.634e-04 time=0.192s
[RQ-VAE] epoch=1929 loss=0.34665543 recon=0.00011347 beh=6.021972 w=0.057 lr=3.631e-04 time=0.192s
[RQ-VAE] epoch=1930 loss=0.34747928 recon=0.00011369 beh=6.023431 w=0.057 lr=3.627e-04 time=0.193s
[RQ-VAE] epoch=1931 loss=0.34862980 recon=0.00011324 beh=6.029197 w=0.057 lr=3.624e-04 time=0.193s
[RQ-VAE] epoch=1932 loss=0.34894598 recon=0.00011312 beh=6.019827 w=0.058 lr=3.620e-04 time=0.283s
[RQ-VAE] epoch=1933 loss=0.34982157 recon=0.00011334 beh=6.021479 w=0.058 lr=3.617e-04 time=0.192s
[RQ-VAE] epoch=1934 loss=0.35087693 recon=0.00011336 beh=6.026324 w=0.058 lr=3.614e-04 time=0.191s
[RQ-VAE] epoch=1935 loss=0.35164654 recon=0.00011337 beh=6.025463 w=0.058 lr=3.610e-04 time=0.191s
[RQ-VAE] epoch=1936 loss=0.35231254 recon=0.00011330 beh=6.023209 w=0.058 lr=3.607e-04 time=0.191s
[RQ-VAE] epoch=1937 loss=0.35351014 recon=0.00011319 beh=6.029695 w=0.058 lr=3.603e-04 time=0.191s
[RQ-VAE] epoch=1938 loss=0.35379842 recon=0.00011305 beh=6.020912 w=0.058 lr=3.600e-04 time=0.191s
[RQ-VAE] epoch=1939 loss=0.35479245 recon=0.00011348 beh=6.023762 w=0.059 lr=3.597e-04 time=0.192s
[RQ-VAE] epoch=1940 loss=0.35593641 recon=0.00011376 beh=6.029027 w=0.059 lr=3.593e-04 time=0.191s
[RQ-VAE] epoch=1941 loss=0.35642070 recon=0.00011322 beh=6.024131 w=0.059 lr=3.590e-04 time=0.192s
[RQ-VAE] epoch=1942 loss=0.35699502 recon=0.00011337 beh=6.020147 w=0.059 lr=3.586e-04 time=0.191s
[RQ-VAE] epoch=1943 loss=0.35810274 recon=0.00011378 beh=6.025573 w=0.059 lr=3.583e-04 time=0.193s
[RQ-VAE] epoch=1944 loss=0.35893756 recon=0.00011407 beh=6.025367 w=0.059 lr=3.580e-04 time=0.191s
[RQ-VAE] epoch=1945 loss=0.35951066 recon=0.00011383 beh=6.021674 w=0.059 lr=3.576e-04 time=0.193s
[RQ-VAE] epoch=1946 loss=0.36053419 recon=0.00011390 beh=6.025840 w=0.059 lr=3.573e-04 time=0.191s
[RQ-VAE] epoch=1947 loss=0.36132461 recon=0.00011393 beh=6.025090 w=0.060 lr=3.569e-04 time=0.285s
[RQ-VAE] epoch=1948 loss=0.36183479 recon=0.00011444 beh=6.019787 w=0.060 lr=3.566e-04 time=0.192s
[RQ-VAE] epoch=1949 loss=0.36273861 recon=0.00011391 beh=6.021656 w=0.060 lr=3.563e-04 time=0.192s
[RQ-VAE] epoch=1950 loss=0.36383605 recon=0.00011454 lr=3.559e-04 raw_unique=23584/24587 collision=0.040794 time=0.192s
[RQ-VAE] epoch=1951 loss=0.36499858 recon=0.00011376 beh=6.033057 w=0.060 lr=3.556e-04 time=0.193s
[RQ-VAE] epoch=1952 loss=0.36523026 recon=0.00011394 beh=6.023148 w=0.060 lr=3.553e-04 time=0.193s
[RQ-VAE] epoch=1953 loss=0.36587477 recon=0.00011417 beh=6.019759 w=0.060 lr=3.549e-04 time=0.193s
[RQ-VAE] epoch=1954 loss=0.36668545 recon=0.00011354 beh=6.019989 w=0.061 lr=3.546e-04 time=0.193s
[RQ-VAE] epoch=1955 loss=0.36743301 recon=0.00011356 beh=6.019088 w=0.061 lr=3.542e-04 time=0.191s
[RQ-VAE] epoch=1956 loss=0.36850885 recon=0.00011361 beh=6.023767 w=0.061 lr=3.539e-04 time=0.192s
[RQ-VAE] epoch=1957 loss=0.36913896 recon=0.00011327 beh=6.020673 w=0.061 lr=3.536e-04 time=0.193s
[RQ-VAE] epoch=1958 loss=0.37018016 recon=0.00011387 beh=6.024969 w=0.061 lr=3.532e-04 time=0.192s
[RQ-VAE] epoch=1959 loss=0.37074983 recon=0.00011430 beh=6.020961 w=0.061 lr=3.529e-04 time=0.192s
[RQ-VAE] epoch=1960 loss=0.37149322 recon=0.00011410 beh=6.019510 w=0.061 lr=3.525e-04 time=0.191s
[RQ-VAE] epoch=1961 loss=0.37224871 recon=0.00011405 beh=6.018646 w=0.061 lr=3.522e-04 time=0.192s
[RQ-VAE] epoch=1962 loss=0.37332982 recon=0.00011361 beh=6.023382 w=0.062 lr=3.519e-04 time=0.191s
[RQ-VAE] epoch=1963 loss=0.37412584 recon=0.00011399 beh=6.023451 w=0.062 lr=3.515e-04 time=0.284s
[RQ-VAE] epoch=1964 loss=0.37489450 recon=0.00011372 beh=6.023129 w=0.062 lr=3.512e-04 time=0.191s
[RQ-VAE] epoch=1965 loss=0.37602890 recon=0.00011396 beh=6.027727 w=0.062 lr=3.508e-04 time=0.193s
[RQ-VAE] epoch=1966 loss=0.37658995 recon=0.00011329 beh=6.024209 w=0.062 lr=3.505e-04 time=0.192s
[RQ-VAE] epoch=1967 loss=0.37720445 recon=0.00011368 beh=6.021430 w=0.062 lr=3.502e-04 time=0.193s
[RQ-VAE] epoch=1968 loss=0.37830025 recon=0.00011336 beh=6.025887 w=0.062 lr=3.498e-04 time=0.191s
[RQ-VAE] epoch=1969 loss=0.37900436 recon=0.00011390 beh=6.024179 w=0.063 lr=3.495e-04 time=0.193s
[RQ-VAE] epoch=1970 loss=0.38008285 recon=0.00011465 beh=6.028644 w=0.063 lr=3.492e-04 time=0.193s
[RQ-VAE] epoch=1971 loss=0.38038099 recon=0.00011424 beh=6.020436 w=0.063 lr=3.488e-04 time=0.193s
[RQ-VAE] epoch=1972 loss=0.38155657 recon=0.00011407 beh=6.026596 w=0.063 lr=3.485e-04 time=0.192s
[RQ-VAE] epoch=1973 loss=0.38222691 recon=0.00011429 beh=6.023679 w=0.063 lr=3.481e-04 time=0.192s
[RQ-VAE] epoch=1974 loss=0.38296741 recon=0.00011427 beh=6.022912 w=0.063 lr=3.478e-04 time=0.192s
[RQ-VAE] epoch=1975 loss=0.38396668 recon=0.00011429 beh=6.026235 w=0.063 lr=3.475e-04 time=0.193s
[RQ-VAE] epoch=1976 loss=0.38457131 recon=0.00011458 beh=6.022857 w=0.063 lr=3.471e-04 time=0.192s
[RQ-VAE] epoch=1977 loss=0.38488734 recon=0.00011478 beh=6.014913 w=0.064 lr=3.468e-04 time=0.193s
[RQ-VAE] epoch=1978 loss=0.38636929 recon=0.00011443 beh=6.025549 w=0.064 lr=3.464e-04 time=0.192s
[RQ-VAE] epoch=1979 loss=0.38703221 recon=0.00011460 beh=6.022954 w=0.064 lr=3.461e-04 time=0.284s
[RQ-VAE] epoch=1980 loss=0.38739660 recon=0.00011435 beh=6.016014 w=0.064 lr=3.458e-04 time=0.191s
[RQ-VAE] epoch=1981 loss=0.38853407 recon=0.00011407 beh=6.021885 w=0.064 lr=3.454e-04 time=0.192s
[RQ-VAE] epoch=1982 loss=0.38912630 recon=0.00011411 beh=6.018410 w=0.064 lr=3.451e-04 time=0.192s
[RQ-VAE] epoch=1983 loss=0.38990039 recon=0.00011375 beh=6.017952 w=0.064 lr=3.447e-04 time=0.193s
[RQ-VAE] epoch=1984 loss=0.39129567 recon=0.00011406 beh=6.027360 w=0.065 lr=3.444e-04 time=0.192s
[RQ-VAE] epoch=1985 loss=0.39182693 recon=0.00011430 beh=6.022977 w=0.065 lr=3.441e-04 time=0.194s
[RQ-VAE] epoch=1986 loss=0.39271173 recon=0.00011364 beh=6.023663 w=0.065 lr=3.437e-04 time=0.193s
[RQ-VAE] epoch=1987 loss=0.39321774 recon=0.00011408 beh=6.018948 w=0.065 lr=3.434e-04 time=0.193s
[RQ-VAE] epoch=1988 loss=0.39446428 recon=0.00011424 beh=6.026498 w=0.065 lr=3.431e-04 time=0.192s
[RQ-VAE] epoch=1989 loss=0.39479464 recon=0.00011368 beh=6.018800 w=0.065 lr=3.427e-04 time=0.192s
[RQ-VAE] epoch=1990 loss=0.39577261 recon=0.00011374 beh=6.021190 w=0.065 lr=3.424e-04 time=0.193s
[RQ-VAE] epoch=1991 loss=0.39673936 recon=0.00011412 beh=6.023967 w=0.065 lr=3.420e-04 time=0.193s
[RQ-VAE] epoch=1992 loss=0.39759865 recon=0.00011478 beh=6.024150 w=0.066 lr=3.417e-04 time=0.192s
[RQ-VAE] epoch=1993 loss=0.39845902 recon=0.00011452 beh=6.025942 w=0.066 lr=3.414e-04 time=0.194s
[RQ-VAE] epoch=1994 loss=0.39882058 recon=0.00011430 beh=6.019062 w=0.066 lr=3.410e-04 time=0.193s
[RQ-VAE] epoch=1995 loss=0.39926028 recon=0.00011423 beh=6.012277 w=0.066 lr=3.407e-04 time=0.289s
[RQ-VAE] epoch=1996 loss=0.40047300 recon=0.00011468 beh=6.019252 w=0.066 lr=3.403e-04 time=0.192s
[RQ-VAE] epoch=1997 loss=0.40132946 recon=0.00011377 beh=6.020016 w=0.066 lr=3.400e-04 time=0.192s
[RQ-VAE] epoch=1998 loss=0.40245900 recon=0.00011362 beh=6.024885 w=0.066 lr=3.397e-04 time=0.192s
[RQ-VAE] epoch=1999 loss=0.40334231 recon=0.00011430 beh=6.026228 w=0.067 lr=3.393e-04 time=0.192s
[RQ-VAE] epoch=2000 loss=0.40404275 recon=0.00011447 lr=3.390e-04 raw_unique=23600/24587 collision=0.040143 time=0.192s
[RQ-VAE] epoch=2001 loss=0.40494457 recon=0.00011431 beh=6.025752 w=0.067 lr=3.386e-04 time=0.193s
[RQ-VAE] epoch=2002 loss=0.40549827 recon=0.00011373 beh=6.021612 w=0.067 lr=3.383e-04 time=0.192s
[RQ-VAE] epoch=2003 loss=0.40662038 recon=0.00011411 beh=6.026848 w=0.067 lr=3.380e-04 time=0.192s
[RQ-VAE] epoch=2004 loss=0.40735608 recon=0.00011376 beh=6.026400 w=0.067 lr=3.376e-04 time=0.192s
[RQ-VAE] epoch=2005 loss=0.40797326 recon=0.00011396 beh=6.023060 w=0.067 lr=3.373e-04 time=0.193s
[RQ-VAE] epoch=2006 loss=0.40860149 recon=0.00011390 beh=6.020432 w=0.067 lr=3.369e-04 time=0.193s
[RQ-VAE] epoch=2007 loss=0.40980667 recon=0.00011372 beh=6.026679 w=0.068 lr=3.366e-04 time=0.193s
[RQ-VAE] epoch=2008 loss=0.41028789 recon=0.00011372 beh=6.021190 w=0.068 lr=3.363e-04 time=0.193s
[RQ-VAE] epoch=2009 loss=0.41077134 recon=0.00011353 beh=6.016929 w=0.068 lr=3.359e-04 time=0.193s
[RQ-VAE] epoch=2010 loss=0.41209918 recon=0.00011358 beh=6.024289 w=0.068 lr=3.356e-04 time=0.191s
[RQ-VAE] epoch=2011 loss=0.41269031 recon=0.00011378 beh=6.021299 w=0.068 lr=3.353e-04 time=0.285s
[RQ-VAE] epoch=2012 loss=0.41350311 recon=0.00011448 beh=6.021095 w=0.068 lr=3.349e-04 time=0.192s
[RQ-VAE] epoch=2013 loss=0.41446114 recon=0.00011483 beh=6.023513 w=0.068 lr=3.346e-04 time=0.192s
[RQ-VAE] epoch=2014 loss=0.41487494 recon=0.00011441 beh=6.017659 w=0.069 lr=3.342e-04 time=0.193s
[RQ-VAE] epoch=2015 loss=0.41603157 recon=0.00011455 beh=6.022938 w=0.069 lr=3.339e-04 time=0.192s
[RQ-VAE] epoch=2016 loss=0.41621888 recon=0.00011402 beh=6.013684 w=0.069 lr=3.336e-04 time=0.192s
[RQ-VAE] epoch=2017 loss=0.41758364 recon=0.00011399 beh=6.021407 w=0.069 lr=3.332e-04 time=0.194s
[RQ-VAE] epoch=2018 loss=0.41860789 recon=0.00011370 beh=6.025673 w=0.069 lr=3.329e-04 time=0.193s
[RQ-VAE] epoch=2019 loss=0.41915041 recon=0.00011381 beh=6.021987 w=0.069 lr=3.325e-04 time=0.193s
[RQ-VAE] epoch=2020 loss=0.42008430 recon=0.00011390 beh=6.022949 w=0.069 lr=3.322e-04 time=0.193s
[RQ-VAE] epoch=2021 loss=0.42052338 recon=0.00011422 beh=6.017749 w=0.069 lr=3.319e-04 time=0.193s
[RQ-VAE] epoch=2022 loss=0.42189226 recon=0.00011434 beh=6.026412 w=0.070 lr=3.315e-04 time=0.192s
[RQ-VAE] epoch=2023 loss=0.42204404 recon=0.00011406 beh=6.016471 w=0.070 lr=3.312e-04 time=0.193s
[RQ-VAE] epoch=2024 loss=0.42285025 recon=0.00011381 beh=6.015990 w=0.070 lr=3.308e-04 time=0.193s
[RQ-VAE] epoch=2025 loss=0.42416695 recon=0.00011406 beh=6.023555 w=0.070 lr=3.305e-04 time=0.193s
[RQ-VAE] epoch=2026 loss=0.42479277 recon=0.00011455 beh=6.021346 w=0.070 lr=3.302e-04 time=0.193s
[RQ-VAE] epoch=2027 loss=0.42567354 recon=0.00011463 beh=6.022344 w=0.070 lr=3.298e-04 time=0.292s
[RQ-VAE] epoch=2028 loss=0.42629945 recon=0.00011388 beh=6.019965 w=0.070 lr=3.295e-04 time=0.192s
[RQ-VAE] epoch=2029 loss=0.42682779 recon=0.00011403 beh=6.015987 w=0.071 lr=3.292e-04 time=0.192s
[RQ-VAE] epoch=2030 loss=0.42758167 recon=0.00011386 beh=6.014453 w=0.071 lr=3.288e-04 time=0.192s
[RQ-VAE] epoch=2031 loss=0.42890361 recon=0.00011434 beh=6.022541 w=0.071 lr=3.285e-04 time=0.192s
[RQ-VAE] epoch=2032 loss=0.42953342 recon=0.00011412 beh=6.020037 w=0.071 lr=3.281e-04 time=0.192s
[RQ-VAE] epoch=2033 loss=0.43017098 recon=0.00011453 beh=6.017716 w=0.071 lr=3.278e-04 time=0.192s
[RQ-VAE] epoch=2034 loss=0.43109369 recon=0.00011451 beh=6.019147 w=0.071 lr=3.275e-04 time=0.193s
[RQ-VAE] epoch=2035 loss=0.43239775 recon=0.00011422 beh=6.026489 w=0.071 lr=3.271e-04 time=0.192s
[RQ-VAE] epoch=2036 loss=0.43289796 recon=0.00011404 beh=6.022501 w=0.071 lr=3.268e-04 time=0.193s
[RQ-VAE] epoch=2037 loss=0.43379152 recon=0.00011377 beh=6.022318 w=0.072 lr=3.264e-04 time=0.191s
[RQ-VAE] epoch=2038 loss=0.43448162 recon=0.00011367 beh=6.020926 w=0.072 lr=3.261e-04 time=0.192s
[RQ-VAE] epoch=2039 loss=0.43515983 recon=0.00011395 beh=6.019812 w=0.072 lr=3.258e-04 time=0.192s
[RQ-VAE] epoch=2040 loss=0.43643901 recon=0.00011398 beh=6.025976 w=0.072 lr=3.254e-04 time=0.193s
[RQ-VAE] epoch=2041 loss=0.43685317 recon=0.00011410 beh=6.021000 w=0.072 lr=3.251e-04 time=0.192s
[RQ-VAE] epoch=2042 loss=0.43775314 recon=0.00011438 beh=6.022263 w=0.072 lr=3.247e-04 time=0.285s
[RQ-VAE] epoch=2043 loss=0.43870991 recon=0.00011433 beh=6.024456 w=0.072 lr=3.244e-04 time=0.191s
[RQ-VAE] epoch=2044 loss=0.43930608 recon=0.00011395 beh=6.021056 w=0.073 lr=3.241e-04 time=0.192s
[RQ-VAE] epoch=2045 loss=0.44069305 recon=0.00011418 beh=6.029781 w=0.073 lr=3.237e-04 time=0.192s
[RQ-VAE] epoch=2046 loss=0.44066447 recon=0.00011436 beh=6.018229 w=0.073 lr=3.234e-04 time=0.193s
[RQ-VAE] epoch=2047 loss=0.44183832 recon=0.00011441 beh=6.023167 w=0.073 lr=3.231e-04 time=0.192s
[RQ-VAE] epoch=2048 loss=0.44263715 recon=0.00011390 beh=6.022807 w=0.073 lr=3.227e-04 time=0.193s
[RQ-VAE] epoch=2049 loss=0.44339728 recon=0.00011399 beh=6.022429 w=0.073 lr=3.224e-04 time=0.192s
[RQ-VAE] epoch=2050 loss=0.44342995 recon=0.00011407 lr=3.220e-04 raw_unique=23609/24587 collision=0.039777 time=0.192s
[RQ-VAE] epoch=2051 loss=0.44471440 recon=0.00011373 beh=6.017929 w=0.073 lr=3.217e-04 time=0.192s
[RQ-VAE] epoch=2052 loss=0.44562817 recon=0.00011342 beh=6.019640 w=0.074 lr=3.214e-04 time=0.192s
[RQ-VAE] epoch=2053 loss=0.44639230 recon=0.00011373 beh=6.018557 w=0.074 lr=3.210e-04 time=0.194s
[RQ-VAE] epoch=2054 loss=0.44729874 recon=0.00011384 beh=6.019569 w=0.074 lr=3.207e-04 time=0.193s
[RQ-VAE] epoch=2055 loss=0.44780844 recon=0.00011435 beh=6.016478 w=0.074 lr=3.203e-04 time=0.192s
[RQ-VAE] epoch=2056 loss=0.44894993 recon=0.00011446 beh=6.021054 w=0.074 lr=3.200e-04 time=0.194s
[RQ-VAE] epoch=2057 loss=0.44949016 recon=0.00011413 beh=6.017250 w=0.074 lr=3.197e-04 time=0.192s
[RQ-VAE] epoch=2058 loss=0.45052582 recon=0.00011425 beh=6.020301 w=0.074 lr=3.193e-04 time=0.29s
[RQ-VAE] epoch=2059 loss=0.45132926 recon=0.00011465 beh=6.020466 w=0.075 lr=3.190e-04 time=0.192s
[RQ-VAE] epoch=2060 loss=0.45219985 recon=0.00011472 beh=6.021333 w=0.075 lr=3.186e-04 time=0.192s
[RQ-VAE] epoch=2061 loss=0.45335680 recon=0.00011439 beh=6.026554 w=0.075 lr=3.183e-04 time=0.192s
[RQ-VAE] epoch=2062 loss=0.45411152 recon=0.00011409 beh=6.025285 w=0.075 lr=3.180e-04 time=0.192s
[RQ-VAE] epoch=2063 loss=0.45486993 recon=0.00011412 beh=6.024535 w=0.075 lr=3.176e-04 time=0.191s
[RQ-VAE] epoch=2064 loss=0.45532650 recon=0.00011409 beh=6.020189 w=0.075 lr=3.173e-04 time=0.193s
[RQ-VAE] epoch=2065 loss=0.45609084 recon=0.00011402 beh=6.019591 w=0.075 lr=3.169e-04 time=0.192s
[RQ-VAE] epoch=2066 loss=0.45685899 recon=0.00011470 beh=6.018773 w=0.075 lr=3.166e-04 time=0.193s
[RQ-VAE] epoch=2067 loss=0.45721599 recon=0.00011427 beh=6.012416 w=0.076 lr=3.163e-04 time=0.192s
[RQ-VAE] epoch=2068 loss=0.45857799 recon=0.00011418 beh=6.020125 w=0.076 lr=3.159e-04 time=0.192s
[RQ-VAE] epoch=2069 loss=0.45936999 recon=0.00011427 beh=6.020409 w=0.076 lr=3.156e-04 time=0.192s
[RQ-VAE] epoch=2070 loss=0.46019995 recon=0.00011399 beh=6.020299 w=0.076 lr=3.153e-04 time=0.193s
[RQ-VAE] epoch=2071 loss=0.46107548 recon=0.00011362 beh=6.020960 w=0.076 lr=3.149e-04 time=0.193s
[RQ-VAE] epoch=2072 loss=0.46132648 recon=0.00011409 beh=6.014304 w=0.076 lr=3.146e-04 time=0.193s
[RQ-VAE] epoch=2073 loss=0.46246278 recon=0.00011429 beh=6.018586 w=0.076 lr=3.142e-04 time=0.193s
[RQ-VAE] epoch=2074 loss=0.46294647 recon=0.00011382 beh=6.013774 w=0.077 lr=3.139e-04 time=0.284s
[RQ-VAE] epoch=2075 loss=0.46390283 recon=0.00011377 beh=6.016009 w=0.077 lr=3.136e-04 time=0.192s
[RQ-VAE] epoch=2076 loss=0.46507633 recon=0.00011411 beh=6.020913 w=0.077 lr=3.132e-04 time=0.192s
[RQ-VAE] epoch=2077 loss=0.46559396 recon=0.00011359 beh=6.017026 w=0.077 lr=3.129e-04 time=0.194s
[RQ-VAE] epoch=2078 loss=0.46645024 recon=0.00011369 beh=6.017929 w=0.077 lr=3.125e-04 time=0.193s
[RQ-VAE] epoch=2079 loss=0.46723104 recon=0.00011365 beh=6.017263 w=0.077 lr=3.122e-04 time=0.193s
[RQ-VAE] epoch=2080 loss=0.46833295 recon=0.00011388 beh=6.021083 w=0.077 lr=3.119e-04 time=0.192s
[RQ-VAE] epoch=2081 loss=0.46936828 recon=0.00011427 beh=6.024832 w=0.077 lr=3.115e-04 time=0.192s
[RQ-VAE] epoch=2082 loss=0.46926904 recon=0.00011443 beh=6.012388 w=0.078 lr=3.112e-04 time=0.192s
[RQ-VAE] epoch=2083 loss=0.47056314 recon=0.00011401 beh=6.018439 w=0.078 lr=3.108e-04 time=0.192s
[RQ-VAE] epoch=2084 loss=0.47098097 recon=0.00011431 beh=6.014251 w=0.078 lr=3.105e-04 time=0.193s
[RQ-VAE] epoch=2085 loss=0.47180960 recon=0.00011407 beh=6.014364 w=0.078 lr=3.102e-04 time=0.192s
[RQ-VAE] epoch=2086 loss=0.47279647 recon=0.00011413 beh=6.016588 w=0.078 lr=3.098e-04 time=0.193s
[RQ-VAE] epoch=2087 loss=0.47370893 recon=0.00011414 beh=6.017722 w=0.078 lr=3.095e-04 time=0.191s
[RQ-VAE] epoch=2088 loss=0.47418165 recon=0.00011446 beh=6.013537 w=0.078 lr=3.092e-04 time=0.193s
[RQ-VAE] epoch=2089 loss=0.47549039 recon=0.00011482 beh=6.020286 w=0.079 lr=3.088e-04 time=0.193s
[RQ-VAE] epoch=2090 loss=0.47608203 recon=0.00011462 beh=6.017591 w=0.079 lr=3.085e-04 time=0.284s
[RQ-VAE] epoch=2091 loss=0.47693595 recon=0.00011452 beh=6.017518 w=0.079 lr=3.081e-04 time=0.192s
[RQ-VAE] epoch=2092 loss=0.47777766 recon=0.00011488 beh=6.018632 w=0.079 lr=3.078e-04 time=0.192s
[RQ-VAE] epoch=2093 loss=0.47857070 recon=0.00011433 beh=6.018374 w=0.079 lr=3.075e-04 time=0.192s
[RQ-VAE] epoch=2094 loss=0.47955057 recon=0.00011452 beh=6.020205 w=0.079 lr=3.071e-04 time=0.193s
[RQ-VAE] epoch=2095 loss=0.48056567 recon=0.00011487 beh=6.023681 w=0.079 lr=3.068e-04 time=0.193s
[RQ-VAE] epoch=2096 loss=0.48105735 recon=0.00011485 beh=6.019719 w=0.079 lr=3.064e-04 time=0.193s
[RQ-VAE] epoch=2097 loss=0.48156634 recon=0.00011480 beh=6.015636 w=0.080 lr=3.061e-04 time=0.192s
[RQ-VAE] epoch=2098 loss=0.48293054 recon=0.00011524 beh=6.023037 w=0.080 lr=3.058e-04 time=0.193s
[RQ-VAE] epoch=2099 loss=0.48351660 recon=0.00011440 beh=6.019810 w=0.080 lr=3.054e-04 time=0.192s
[RQ-VAE] epoch=2100 loss=0.48394591 recon=0.00011428 lr=3.051e-04 raw_unique=23702/24587 collision=0.035995 time=0.193s
[RQ-VAE] epoch=2101 loss=0.48481134 recon=0.00011474 beh=6.016128 w=0.080 lr=3.047e-04 time=0.192s
[RQ-VAE] epoch=2102 loss=0.48584443 recon=0.00011495 beh=6.018179 w=0.080 lr=3.044e-04 time=0.194s
[RQ-VAE] epoch=2103 loss=0.48607177 recon=0.00011451 beh=6.011455 w=0.080 lr=3.041e-04 time=0.192s
[RQ-VAE] epoch=2104 loss=0.48808455 recon=0.00011437 beh=6.026854 w=0.081 lr=3.037e-04 time=0.193s
[RQ-VAE] epoch=2105 loss=0.48860326 recon=0.00011472 beh=6.023129 w=0.081 lr=3.034e-04 time=0.191s
[RQ-VAE] epoch=2106 loss=0.48883089 recon=0.00011508 beh=6.015967 w=0.081 lr=3.031e-04 time=0.299s
[RQ-VAE] epoch=2107 loss=0.48958555 recon=0.00011466 beh=6.015268 w=0.081 lr=3.027e-04 time=0.192s
[RQ-VAE] epoch=2108 loss=0.49087310 recon=0.00011441 beh=6.020586 w=0.081 lr=3.024e-04 time=0.193s
[RQ-VAE] epoch=2109 loss=0.49079922 recon=0.00011425 beh=6.009607 w=0.081 lr=3.020e-04 time=0.192s
[RQ-VAE] epoch=2110 loss=0.49224156 recon=0.00011402 beh=6.018003 w=0.081 lr=3.017e-04 time=0.192s
[RQ-VAE] epoch=2111 loss=0.49356735 recon=0.00011441 beh=6.024666 w=0.081 lr=3.014e-04 time=0.192s
[RQ-VAE] epoch=2112 loss=0.49375686 recon=0.00011441 beh=6.016056 w=0.082 lr=3.010e-04 time=0.193s
[RQ-VAE] epoch=2113 loss=0.49445528 recon=0.00011458 beh=6.015591 w=0.082 lr=3.007e-04 time=0.192s
[RQ-VAE] epoch=2114 loss=0.49570304 recon=0.00011525 beh=6.021224 w=0.082 lr=3.003e-04 time=0.194s
[RQ-VAE] epoch=2115 loss=0.49659741 recon=0.00011439 beh=6.021728 w=0.082 lr=3.000e-04 time=0.193s
[RQ-VAE] epoch=2116 loss=0.49731371 recon=0.00011458 beh=6.021442 w=0.082 lr=2.997e-04 time=0.193s
[RQ-VAE] epoch=2117 loss=0.49803597 recon=0.00011459 beh=6.019642 w=0.082 lr=2.993e-04 time=0.192s
[RQ-VAE] epoch=2118 loss=0.49818617 recon=0.00011474 beh=6.011552 w=0.082 lr=2.990e-04 time=0.193s
[RQ-VAE] epoch=2119 loss=0.49949250 recon=0.00011453 beh=6.017970 w=0.083 lr=2.986e-04 time=0.192s
[RQ-VAE] epoch=2120 loss=0.50025076 recon=0.00011492 beh=6.017268 w=0.083 lr=2.983e-04 time=0.193s
[RQ-VAE] epoch=2121 loss=0.50119650 recon=0.00011498 beh=6.018941 w=0.083 lr=2.980e-04 time=0.193s
[RQ-VAE] epoch=2122 loss=0.50205493 recon=0.00011491 beh=6.019778 w=0.083 lr=2.976e-04 time=0.282s
[RQ-VAE] epoch=2123 loss=0.50279319 recon=0.00011488 beh=6.018493 w=0.083 lr=2.973e-04 time=0.192s
[RQ-VAE] epoch=2124 loss=0.50360548 recon=0.00011447 beh=6.018873 w=0.083 lr=2.969e-04 time=0.19s
[RQ-VAE] epoch=2125 loss=0.50417691 recon=0.00011417 beh=6.016229 w=0.083 lr=2.966e-04 time=0.192s
[RQ-VAE] epoch=2126 loss=0.50514603 recon=0.00011396 beh=6.018394 w=0.083 lr=2.963e-04 time=0.191s
[RQ-VAE] epoch=2127 loss=0.50606799 recon=0.00011437 beh=6.019972 w=0.084 lr=2.959e-04 time=0.192s
[RQ-VAE] epoch=2128 loss=0.50739914 recon=0.00011479 beh=6.025886 w=0.084 lr=2.956e-04 time=0.191s
[RQ-VAE] epoch=2129 loss=0.50822204 recon=0.00011491 beh=6.026391 w=0.084 lr=2.953e-04 time=0.192s
[RQ-VAE] epoch=2130 loss=0.50836927 recon=0.00011485 beh=6.018282 w=0.084 lr=2.949e-04 time=0.191s
[RQ-VAE] epoch=2131 loss=0.50891626 recon=0.00011471 beh=6.014758 w=0.084 lr=2.946e-04 time=0.193s
[RQ-VAE] epoch=2132 loss=0.50979036 recon=0.00011485 beh=6.016154 w=0.084 lr=2.942e-04 time=0.19s
[RQ-VAE] epoch=2133 loss=0.51068115 recon=0.00011451 beh=6.016284 w=0.084 lr=2.939e-04 time=0.192s
[RQ-VAE] epoch=2134 loss=0.51167762 recon=0.00011465 beh=6.019536 w=0.085 lr=2.936e-04 time=0.192s
[RQ-VAE] epoch=2135 loss=0.51219702 recon=0.00011534 beh=6.015563 w=0.085 lr=2.932e-04 time=0.193s
[RQ-VAE] epoch=2136 loss=0.51313233 recon=0.00011476 beh=6.016792 w=0.085 lr=2.929e-04 time=0.191s
[RQ-VAE] epoch=2137 loss=0.51470006 recon=0.00011489 beh=6.026578 w=0.085 lr=2.925e-04 time=0.285s
[RQ-VAE] epoch=2138 loss=0.51469529 recon=0.00011471 beh=6.017366 w=0.085 lr=2.922e-04 time=0.192s
[RQ-VAE] epoch=2139 loss=0.51575345 recon=0.00011445 beh=6.019507 w=0.085 lr=2.919e-04 time=0.192s
[RQ-VAE] epoch=2140 loss=0.51654756 recon=0.00011446 beh=6.019316 w=0.085 lr=2.915e-04 time=0.192s
[RQ-VAE] epoch=2141 loss=0.51687562 recon=0.00011450 beh=6.013910 w=0.085 lr=2.912e-04 time=0.192s
[RQ-VAE] epoch=2142 loss=0.51805568 recon=0.00011460 beh=6.018490 w=0.086 lr=2.908e-04 time=0.191s
[RQ-VAE] epoch=2143 loss=0.51827860 recon=0.00011399 beh=6.011291 w=0.086 lr=2.905e-04 time=0.192s
[RQ-VAE] epoch=2144 loss=0.51937306 recon=0.00011414 beh=6.014657 w=0.086 lr=2.902e-04 time=0.191s
[RQ-VAE] epoch=2145 loss=0.52049023 recon=0.00011389 beh=6.018822 w=0.086 lr=2.898e-04 time=0.193s
[RQ-VAE] epoch=2146 loss=0.52114826 recon=0.00011396 beh=6.016932 w=0.086 lr=2.895e-04 time=0.192s
[RQ-VAE] epoch=2147 loss=0.52188241 recon=0.00011457 beh=6.016223 w=0.086 lr=2.892e-04 time=0.192s
[RQ-VAE] epoch=2148 loss=0.52275074 recon=0.00011470 beh=6.016319 w=0.086 lr=2.888e-04 time=0.192s
[RQ-VAE] epoch=2149 loss=0.52355850 recon=0.00011460 beh=6.016745 w=0.087 lr=2.885e-04 time=0.192s
[RQ-VAE] epoch=2150 loss=0.52478087 recon=0.00011444 lr=2.881e-04 raw_unique=23706/24587 collision=0.035832 time=0.192s
[RQ-VAE] epoch=2151 loss=0.52525181 recon=0.00011464 beh=6.017517 w=0.087 lr=2.878e-04 time=0.193s
[RQ-VAE] epoch=2152 loss=0.52637327 recon=0.00011429 beh=6.021481 w=0.087 lr=2.875e-04 time=0.192s
[RQ-VAE] epoch=2153 loss=0.52679646 recon=0.00011500 beh=6.017410 w=0.087 lr=2.871e-04 time=0.284s
[RQ-VAE] epoch=2154 loss=0.52795857 recon=0.00011452 beh=6.021360 w=0.087 lr=2.868e-04 time=0.191s
[RQ-VAE] epoch=2155 loss=0.52846557 recon=0.00011406 beh=6.017437 w=0.087 lr=2.864e-04 time=0.192s
[RQ-VAE] epoch=2156 loss=0.52897143 recon=0.00011445 beh=6.014113 w=0.087 lr=2.861e-04 time=0.191s
[RQ-VAE] epoch=2157 loss=0.53026640 recon=0.00011439 beh=6.019701 w=0.088 lr=2.858e-04 time=0.193s
[RQ-VAE] epoch=2158 loss=0.53112257 recon=0.00011442 beh=6.020724 w=0.088 lr=2.854e-04 time=0.191s
[RQ-VAE] epoch=2159 loss=0.53171849 recon=0.00011465 beh=6.018507 w=0.088 lr=2.851e-04 time=0.192s
[RQ-VAE] epoch=2160 loss=0.53216016 recon=0.00011438 beh=6.013982 w=0.088 lr=2.847e-04 time=0.192s
[RQ-VAE] epoch=2161 loss=0.53296256 recon=0.00011438 beh=6.014338 w=0.088 lr=2.844e-04 time=0.192s
[RQ-VAE] epoch=2162 loss=0.53357047 recon=0.00011451 beh=6.011523 w=0.088 lr=2.841e-04 time=0.192s
[RQ-VAE] epoch=2163 loss=0.53461301 recon=0.00011454 beh=6.013819 w=0.088 lr=2.837e-04 time=0.193s
[RQ-VAE] epoch=2164 loss=0.53595811 recon=0.00011449 beh=6.020342 w=0.089 lr=2.834e-04 time=0.193s
[RQ-VAE] epoch=2165 loss=0.53662145 recon=0.00011437 beh=6.018948 w=0.089 lr=2.831e-04 time=0.192s
[RQ-VAE] epoch=2166 loss=0.53631735 recon=0.00011385 beh=6.005821 w=0.089 lr=2.827e-04 time=0.193s
[RQ-VAE] epoch=2167 loss=0.53782338 recon=0.00011411 beh=6.013931 w=0.089 lr=2.824e-04 time=0.193s
[RQ-VAE] epoch=2168 loss=0.53931302 recon=0.00011441 beh=6.022010 w=0.089 lr=2.820e-04 time=0.192s
[RQ-VAE] epoch=2169 loss=0.53934312 recon=0.00011422 beh=6.012778 w=0.089 lr=2.817e-04 time=0.283s
[RQ-VAE] epoch=2170 loss=0.53996575 recon=0.00011428 beh=6.011084 w=0.089 lr=2.814e-04 time=0.191s
[RQ-VAE] epoch=2171 loss=0.54086626 recon=0.00011463 beh=6.012184 w=0.089 lr=2.810e-04 time=0.193s
[RQ-VAE] epoch=2172 loss=0.54146695 recon=0.00011499 beh=6.009586 w=0.090 lr=2.807e-04 time=0.192s
[RQ-VAE] epoch=2173 loss=0.54236299 recon=0.00011485 beh=6.010638 w=0.090 lr=2.803e-04 time=0.194s
[RQ-VAE] epoch=2174 loss=0.54285944 recon=0.00011434 beh=6.007336 w=0.090 lr=2.800e-04 time=0.192s
[RQ-VAE] epoch=2175 loss=0.54449451 recon=0.00011445 beh=6.016198 w=0.090 lr=2.797e-04 time=0.192s
[RQ-VAE] epoch=2176 loss=0.54523802 recon=0.00011447 beh=6.015687 w=0.090 lr=2.793e-04 time=0.192s
[RQ-VAE] epoch=2177 loss=0.54611349 recon=0.00011435 beh=6.017138 w=0.090 lr=2.790e-04 time=0.192s
[RQ-VAE] epoch=2178 loss=0.54696131 recon=0.00011432 beh=6.017536 w=0.090 lr=2.786e-04 time=0.192s
[RQ-VAE] epoch=2179 loss=0.54809165 recon=0.00011409 beh=6.020695 w=0.091 lr=2.783e-04 time=0.193s
[RQ-VAE] epoch=2180 loss=0.54883951 recon=0.00011421 beh=6.020269 w=0.091 lr=2.780e-04 time=0.192s
[RQ-VAE] epoch=2181 loss=0.54892039 recon=0.00011428 beh=6.012257 w=0.091 lr=2.776e-04 time=0.193s
[RQ-VAE] epoch=2182 loss=0.55043626 recon=0.00011440 beh=6.020051 w=0.091 lr=2.773e-04 time=0.193s
[RQ-VAE] epoch=2183 loss=0.55096889 recon=0.00011497 beh=6.017269 w=0.091 lr=2.769e-04 time=0.192s
[RQ-VAE] epoch=2184 loss=0.55182207 recon=0.00011470 beh=6.017226 w=0.091 lr=2.766e-04 time=0.193s
[RQ-VAE] epoch=2185 loss=0.55224848 recon=0.00011416 beh=6.013111 w=0.091 lr=2.763e-04 time=0.285s
[RQ-VAE] epoch=2186 loss=0.55302274 recon=0.00011459 beh=6.013464 w=0.091 lr=2.759e-04 time=0.191s
[RQ-VAE] epoch=2187 loss=0.55422527 recon=0.00011469 beh=6.017741 w=0.092 lr=2.756e-04 time=0.192s
[RQ-VAE] epoch=2188 loss=0.55489886 recon=0.00011458 beh=6.015721 w=0.092 lr=2.753e-04 time=0.191s
[RQ-VAE] epoch=2189 loss=0.55540615 recon=0.00011465 beh=6.013019 w=0.092 lr=2.749e-04 time=0.193s
[RQ-VAE] epoch=2190 loss=0.55634189 recon=0.00011448 beh=6.014081 w=0.092 lr=2.746e-04 time=0.192s
[RQ-VAE] epoch=2191 loss=0.55728233 recon=0.00011433 beh=6.015353 w=0.092 lr=2.742e-04 time=0.192s
[RQ-VAE] epoch=2192 loss=0.55812359 recon=0.00011415 beh=6.016075 w=0.092 lr=2.739e-04 time=0.192s
[RQ-VAE] epoch=2193 loss=0.55868030 recon=0.00011405 beh=6.013381 w=0.092 lr=2.736e-04 time=0.193s
[RQ-VAE] epoch=2194 loss=0.55954266 recon=0.00011399 beh=6.013148 w=0.093 lr=2.732e-04 time=0.192s
[RQ-VAE] epoch=2195 loss=0.56039250 recon=0.00011436 beh=6.014007 w=0.093 lr=2.729e-04 time=0.192s
[RQ-VAE] epoch=2196 loss=0.56107271 recon=0.00011437 beh=6.013078 w=0.093 lr=2.725e-04 time=0.192s
[RQ-VAE] epoch=2197 loss=0.56271350 recon=0.00011437 beh=6.022246 w=0.093 lr=2.722e-04 time=0.193s
[RQ-VAE] epoch=2198 loss=0.56314558 recon=0.00011432 beh=6.017587 w=0.093 lr=2.719e-04 time=0.192s
[RQ-VAE] epoch=2199 loss=0.56407076 recon=0.00011501 beh=6.019171 w=0.093 lr=2.715e-04 time=0.194s
[RQ-VAE] epoch=2200 loss=0.56512344 recon=0.00011531 lr=2.712e-04 raw_unique=23706/24587 collision=0.035832 time=0.193s
[RQ-VAE] epoch=2201 loss=0.56609488 recon=0.00011481 beh=6.024137 w=0.093 lr=2.708e-04 time=0.284s
[RQ-VAE] epoch=2202 loss=0.56617010 recon=0.00011485 beh=6.015713 w=0.094 lr=2.705e-04 time=0.192s
[RQ-VAE] epoch=2203 loss=0.56704330 recon=0.00011481 beh=6.017138 w=0.094 lr=2.702e-04 time=0.192s
[RQ-VAE] epoch=2204 loss=0.56763762 recon=0.00011504 beh=6.014486 w=0.094 lr=2.698e-04 time=0.192s
[RQ-VAE] epoch=2205 loss=0.56824219 recon=0.00011518 beh=6.011625 w=0.094 lr=2.695e-04 time=0.193s
[RQ-VAE] epoch=2206 loss=0.56930339 recon=0.00011473 beh=6.014520 w=0.094 lr=2.692e-04 time=0.192s
[RQ-VAE] epoch=2207 loss=0.56991541 recon=0.00011481 beh=6.012799 w=0.094 lr=2.688e-04 time=0.193s
[RQ-VAE] epoch=2208 loss=0.57111442 recon=0.00011525 beh=6.016919 w=0.094 lr=2.685e-04 time=0.192s
[RQ-VAE] epoch=2209 loss=0.57112360 recon=0.00011515 beh=6.008428 w=0.095 lr=2.681e-04 time=0.192s
[RQ-VAE] epoch=2210 loss=0.57200074 recon=0.00011487 beh=6.009143 w=0.095 lr=2.678e-04 time=0.192s
[RQ-VAE] epoch=2211 loss=0.57312757 recon=0.00011495 beh=6.012777 w=0.095 lr=2.675e-04 time=0.193s
[RQ-VAE] epoch=2212 loss=0.57443237 recon=0.00011523 beh=6.018627 w=0.095 lr=2.671e-04 time=0.192s
[RQ-VAE] epoch=2213 loss=0.57473743 recon=0.00011453 beh=6.012175 w=0.095 lr=2.668e-04 time=0.193s
[RQ-VAE] epoch=2214 loss=0.57609642 recon=0.00011455 beh=6.018612 w=0.095 lr=2.664e-04 time=0.193s
[RQ-VAE] epoch=2215 loss=0.57683349 recon=0.00011466 beh=6.018385 w=0.095 lr=2.661e-04 time=0.192s
[RQ-VAE] epoch=2216 loss=0.57743466 recon=0.00011463 beh=6.015674 w=0.095 lr=2.658e-04 time=0.193s
[RQ-VAE] epoch=2217 loss=0.57851517 recon=0.00011471 beh=6.018451 w=0.096 lr=2.654e-04 time=0.281s
[RQ-VAE] epoch=2218 loss=0.57927525 recon=0.00011485 beh=6.018193 w=0.096 lr=2.651e-04 time=0.193s
[RQ-VAE] epoch=2219 loss=0.57967407 recon=0.00011525 beh=6.014540 w=0.096 lr=2.647e-04 time=0.191s
[RQ-VAE] epoch=2220 loss=0.58076119 recon=0.00011526 beh=6.017265 w=0.096 lr=2.644e-04 time=0.193s
[RQ-VAE] epoch=2221 loss=0.58105248 recon=0.00011556 beh=6.011689 w=0.096 lr=2.641e-04 time=0.191s
[RQ-VAE] epoch=2222 loss=0.58243668 recon=0.00011512 beh=6.017022 w=0.096 lr=2.637e-04 time=0.193s
[RQ-VAE] epoch=2223 loss=0.58306056 recon=0.00011535 beh=6.015523 w=0.096 lr=2.634e-04 time=0.191s
[RQ-VAE] epoch=2224 loss=0.58359551 recon=0.00011462 beh=6.012785 w=0.097 lr=2.631e-04 time=0.192s
[RQ-VAE] epoch=2225 loss=0.58466530 recon=0.00011499 beh=6.015707 w=0.097 lr=2.627e-04 time=0.191s
[RQ-VAE] epoch=2226 loss=0.58494949 recon=0.00011488 beh=6.010386 w=0.097 lr=2.624e-04 time=0.193s
[RQ-VAE] epoch=2227 loss=0.58615118 recon=0.00011482 beh=6.014061 w=0.097 lr=2.620e-04 time=0.192s
[RQ-VAE] epoch=2228 loss=0.58706075 recon=0.00011461 beh=6.014975 w=0.097 lr=2.617e-04 time=0.193s
[RQ-VAE] epoch=2229 loss=0.58818126 recon=0.00011489 beh=6.018427 w=0.097 lr=2.614e-04 time=0.192s
[RQ-VAE] epoch=2230 loss=0.58886540 recon=0.00011466 beh=6.016846 w=0.097 lr=2.610e-04 time=0.193s
[RQ-VAE] epoch=2231 loss=0.58962071 recon=0.00011455 beh=6.017036 w=0.097 lr=2.607e-04 time=0.192s
[RQ-VAE] epoch=2232 loss=0.59046853 recon=0.00011489 beh=6.017554 w=0.098 lr=2.603e-04 time=0.285s
[RQ-VAE] epoch=2233 loss=0.59075600 recon=0.00011490 beh=6.011973 w=0.098 lr=2.600e-04 time=0.19s
[RQ-VAE] epoch=2234 loss=0.59140646 recon=0.00011471 beh=6.010460 w=0.098 lr=2.597e-04 time=0.192s
[RQ-VAE] epoch=2235 loss=0.59191585 recon=0.00011443 beh=6.007258 w=0.098 lr=2.593e-04 time=0.192s
[RQ-VAE] epoch=2236 loss=0.59297860 recon=0.00011467 beh=6.009346 w=0.098 lr=2.590e-04 time=0.192s
[RQ-VAE] epoch=2237 loss=0.59400159 recon=0.00011494 beh=6.012218 w=0.098 lr=2.586e-04 time=0.193s
[RQ-VAE] epoch=2238 loss=0.59544867 recon=0.00011471 beh=6.019039 w=0.098 lr=2.583e-04 time=0.192s
[RQ-VAE] epoch=2239 loss=0.59567481 recon=0.00011474 beh=6.012413 w=0.099 lr=2.580e-04 time=0.192s
[RQ-VAE] epoch=2240 loss=0.59720641 recon=0.00011514 beh=6.020734 w=0.099 lr=2.576e-04 time=0.193s
[RQ-VAE] epoch=2241 loss=0.59752661 recon=0.00011478 beh=6.015494 w=0.099 lr=2.573e-04 time=0.193s
[RQ-VAE] epoch=2242 loss=0.59817290 recon=0.00011442 beh=6.013719 w=0.099 lr=2.569e-04 time=0.194s
[RQ-VAE] epoch=2243 loss=0.59917748 recon=0.00011457 beh=6.015710 w=0.099 lr=2.566e-04 time=0.192s
[RQ-VAE] epoch=2244 loss=0.60025918 recon=0.00011474 beh=6.018610 w=0.099 lr=2.563e-04 time=0.193s
[RQ-VAE] epoch=2245 loss=0.60098660 recon=0.00011505 beh=6.017538 w=0.099 lr=2.559e-04 time=0.193s
[RQ-VAE] epoch=2246 loss=0.60185254 recon=0.00011548 beh=6.018482 w=0.099 lr=2.556e-04 time=0.193s
[RQ-VAE] epoch=2247 loss=0.60256964 recon=0.00011510 beh=6.017728 w=0.100 lr=2.553e-04 time=0.191s
[RQ-VAE] epoch=2248 loss=0.60266417 recon=0.00011482 beh=6.010213 w=0.100 lr=2.549e-04 time=0.287s
[RQ-VAE] epoch=2249 loss=0.60369027 recon=0.00011509 beh=6.012862 w=0.100 lr=2.546e-04 time=0.191s
[RQ-VAE] epoch=2250 loss=0.60501480 recon=0.00011509 lr=2.542e-04 raw_unique=23750/24587 collision=0.034042 time=0.192s
[RQ-VAE] epoch=2251 loss=0.60520780 recon=0.00011512 beh=6.012057 w=0.100 lr=2.539e-04 time=0.192s
[RQ-VAE] epoch=2252 loss=0.60622299 recon=0.00011472 beh=6.013957 w=0.100 lr=2.536e-04 time=0.193s
[RQ-VAE] epoch=2253 loss=0.60743845 recon=0.00011452 beh=6.017850 w=0.100 lr=2.532e-04 time=0.192s
[RQ-VAE] epoch=2254 loss=0.60807347 recon=0.00011442 beh=6.016072 w=0.101 lr=2.529e-04 time=0.192s
[RQ-VAE] epoch=2255 loss=0.60831940 recon=0.00011480 beh=6.010408 w=0.101 lr=2.525e-04 time=0.192s
[RQ-VAE] epoch=2256 loss=0.60913646 recon=0.00011500 beh=6.010739 w=0.101 lr=2.522e-04 time=0.194s
[RQ-VAE] epoch=2257 loss=0.61064237 recon=0.00011522 beh=6.018004 w=0.101 lr=2.519e-04 time=0.192s
[RQ-VAE] epoch=2258 loss=0.61095679 recon=0.00011508 beh=6.013049 w=0.101 lr=2.515e-04 time=0.193s
[RQ-VAE] epoch=2259 loss=0.61179000 recon=0.00011489 beh=6.013130 w=0.101 lr=2.512e-04 time=0.192s
[RQ-VAE] epoch=2260 loss=0.61293268 recon=0.00011502 beh=6.016369 w=0.101 lr=2.508e-04 time=0.192s
[RQ-VAE] epoch=2261 loss=0.61366963 recon=0.00011486 beh=6.015659 w=0.101 lr=2.505e-04 time=0.192s
[RQ-VAE] epoch=2262 loss=0.61415857 recon=0.00011488 beh=6.012381 w=0.102 lr=2.502e-04 time=0.192s
[RQ-VAE] epoch=2263 loss=0.61527336 recon=0.00011466 beh=6.015790 w=0.102 lr=2.498e-04 time=0.192s
[RQ-VAE] epoch=2264 loss=0.61592048 recon=0.00011462 beh=6.014274 w=0.102 lr=2.495e-04 time=0.292s
[RQ-VAE] epoch=2265 loss=0.61705816 recon=0.00011441 beh=6.017575 w=0.102 lr=2.492e-04 time=0.19s
[RQ-VAE] epoch=2266 loss=0.61707860 recon=0.00011431 beh=6.009743 w=0.102 lr=2.488e-04 time=0.193s
[RQ-VAE] epoch=2267 loss=0.61891270 recon=0.00011486 beh=6.020030 w=0.102 lr=2.485e-04 time=0.192s
[RQ-VAE] epoch=2268 loss=0.61873585 recon=0.00011521 beh=6.010191 w=0.102 lr=2.481e-04 time=0.192s
[RQ-VAE] epoch=2269 loss=0.62029392 recon=0.00011516 beh=6.017306 w=0.103 lr=2.478e-04 time=0.192s
[RQ-VAE] epoch=2270 loss=0.62031078 recon=0.00011515 beh=6.010168 w=0.103 lr=2.475e-04 time=0.192s
[RQ-VAE] epoch=2271 loss=0.62115270 recon=0.00011466 beh=6.010459 w=0.103 lr=2.471e-04 time=0.193s
[RQ-VAE] epoch=2272 loss=0.62224829 recon=0.00011507 beh=6.013086 w=0.103 lr=2.468e-04 time=0.193s
[RQ-VAE] epoch=2273 loss=0.62303251 recon=0.00011498 beh=6.012698 w=0.103 lr=2.464e-04 time=0.191s
[RQ-VAE] epoch=2274 loss=0.62319517 recon=0.00011461 beh=6.006376 w=0.103 lr=2.461e-04 time=0.193s
[RQ-VAE] epoch=2275 loss=0.62486488 recon=0.00011495 beh=6.014710 w=0.103 lr=2.458e-04 time=0.192s
[RQ-VAE] epoch=2276 loss=0.62607026 recon=0.00011486 beh=6.018778 w=0.103 lr=2.454e-04 time=0.193s
[RQ-VAE] epoch=2277 loss=0.62685007 recon=0.00011501 beh=6.018734 w=0.104 lr=2.451e-04 time=0.193s
[RQ-VAE] epoch=2278 loss=0.62731826 recon=0.00011504 beh=6.015604 w=0.104 lr=2.447e-04 time=0.193s
[RQ-VAE] epoch=2279 loss=0.62772298 recon=0.00011499 beh=6.011159 w=0.104 lr=2.444e-04 time=0.193s
[RQ-VAE] epoch=2280 loss=0.62857282 recon=0.00011501 beh=6.011861 w=0.104 lr=2.441e-04 time=0.285s
[RQ-VAE] epoch=2281 loss=0.62995297 recon=0.00011494 beh=6.017510 w=0.104 lr=2.437e-04 time=0.192s
[RQ-VAE] epoch=2282 loss=0.63013899 recon=0.00011504 beh=6.011470 w=0.104 lr=2.434e-04 time=0.192s
[RQ-VAE] epoch=2283 loss=0.63127464 recon=0.00011481 beh=6.014701 w=0.104 lr=2.431e-04 time=0.192s
[RQ-VAE] epoch=2284 loss=0.63180292 recon=0.00011484 beh=6.012169 w=0.105 lr=2.427e-04 time=0.192s
[RQ-VAE] epoch=2285 loss=0.63309658 recon=0.00011519 beh=6.016768 w=0.105 lr=2.424e-04 time=0.192s
[RQ-VAE] epoch=2286 loss=0.63316500 recon=0.00011495 beh=6.009783 w=0.105 lr=2.420e-04 time=0.193s
[RQ-VAE] epoch=2287 loss=0.63431454 recon=0.00011506 beh=6.013072 w=0.105 lr=2.417e-04 time=0.193s
[RQ-VAE] epoch=2288 loss=0.63548279 recon=0.00011524 beh=6.016542 w=0.105 lr=2.414e-04 time=0.192s
[RQ-VAE] epoch=2289 loss=0.63575506 recon=0.00011521 beh=6.011419 w=0.105 lr=2.410e-04 time=0.193s
[RQ-VAE] epoch=2290 loss=0.63656163 recon=0.00011493 beh=6.010837 w=0.105 lr=2.407e-04 time=0.193s
[RQ-VAE] epoch=2291 loss=0.63698816 recon=0.00011458 beh=6.007298 w=0.105 lr=2.403e-04 time=0.192s
[RQ-VAE] epoch=2292 loss=0.63808644 recon=0.00011489 beh=6.010474 w=0.106 lr=2.400e-04 time=0.192s
[RQ-VAE] epoch=2293 loss=0.63951826 recon=0.00011529 beh=6.016599 w=0.106 lr=2.397e-04 time=0.193s
[RQ-VAE] epoch=2294 loss=0.63999248 recon=0.00011489 beh=6.013314 w=0.106 lr=2.393e-04 time=0.193s
[RQ-VAE] epoch=2295 loss=0.64073378 recon=0.00011499 beh=6.012670 w=0.106 lr=2.390e-04 time=0.193s
[RQ-VAE] epoch=2296 loss=0.64138901 recon=0.00011517 beh=6.011371 w=0.106 lr=2.386e-04 time=0.284s
[RQ-VAE] epoch=2297 loss=0.64178514 recon=0.00011472 beh=6.007379 w=0.106 lr=2.383e-04 time=0.192s
[RQ-VAE] epoch=2298 loss=0.64310765 recon=0.00011492 beh=6.012100 w=0.106 lr=2.380e-04 time=0.192s
[RQ-VAE] epoch=2299 loss=0.64426529 recon=0.00011444 beh=6.015261 w=0.107 lr=2.376e-04 time=0.192s
[RQ-VAE] epoch=2300 loss=0.64538467 recon=0.00011461 lr=2.373e-04 raw_unique=23740/24587 collision=0.034449 time=0.193s
[RQ-VAE] epoch=2301 loss=0.64543164 recon=0.00011449 beh=6.011212 w=0.107 lr=2.369e-04 time=0.193s
[RQ-VAE] epoch=2302 loss=0.64564508 recon=0.00011458 beh=6.005520 w=0.107 lr=2.366e-04 time=0.193s
[RQ-VAE] epoch=2303 loss=0.64659363 recon=0.00011523 beh=6.007111 w=0.107 lr=2.363e-04 time=0.192s
[RQ-VAE] epoch=2304 loss=0.64762700 recon=0.00011504 beh=6.009330 w=0.107 lr=2.359e-04 time=0.194s
[RQ-VAE] epoch=2305 loss=0.64821482 recon=0.00011479 beh=6.007246 w=0.107 lr=2.356e-04 time=0.195s
[RQ-VAE] epoch=2306 loss=0.64894152 recon=0.00011478 beh=6.006481 w=0.107 lr=2.353e-04 time=0.193s
[RQ-VAE] epoch=2307 loss=0.65044558 recon=0.00011488 beh=6.012806 w=0.108 lr=2.349e-04 time=0.193s
[RQ-VAE] epoch=2308 loss=0.65036106 recon=0.00011505 beh=6.004850 w=0.108 lr=2.346e-04 time=0.193s
[RQ-VAE] epoch=2309 loss=0.65197843 recon=0.00011465 beh=6.012803 w=0.108 lr=2.342e-04 time=0.193s
[RQ-VAE] epoch=2310 loss=0.65302849 recon=0.00011460 beh=6.014501 w=0.108 lr=2.339e-04 time=0.193s
[RQ-VAE] epoch=2311 loss=0.65347087 recon=0.00011462 beh=6.011492 w=0.108 lr=2.336e-04 time=0.194s
[RQ-VAE] epoch=2312 loss=0.65455574 recon=0.00011446 beh=6.013730 w=0.108 lr=2.332e-04 time=0.283s
[RQ-VAE] epoch=2313 loss=0.65502787 recon=0.00011428 beh=6.010559 w=0.108 lr=2.329e-04 time=0.193s
[RQ-VAE] epoch=2314 loss=0.65670854 recon=0.00011473 beh=6.019212 w=0.109 lr=2.325e-04 time=0.191s
[RQ-VAE] epoch=2315 loss=0.65689188 recon=0.00011459 beh=6.013237 w=0.109 lr=2.322e-04 time=0.193s
[RQ-VAE] epoch=2316 loss=0.65777469 recon=0.00011470 beh=6.013908 w=0.109 lr=2.319e-04 time=0.192s
[RQ-VAE] epoch=2317 loss=0.65860397 recon=0.00011493 beh=6.014258 w=0.109 lr=2.315e-04 time=0.192s
[RQ-VAE] epoch=2318 loss=0.65965265 recon=0.00011479 beh=6.016232 w=0.109 lr=2.312e-04 time=0.191s
[RQ-VAE] epoch=2319 loss=0.65976393 recon=0.00011492 beh=6.010068 w=0.109 lr=2.308e-04 time=0.192s
[RQ-VAE] epoch=2320 loss=0.66054487 recon=0.00011483 beh=6.010218 w=0.109 lr=2.305e-04 time=0.191s
[RQ-VAE] epoch=2321 loss=0.66173494 recon=0.00011506 beh=6.013270 w=0.109 lr=2.302e-04 time=0.193s
[RQ-VAE] epoch=2322 loss=0.66236806 recon=0.00011470 beh=6.011567 w=0.110 lr=2.298e-04 time=0.192s
[RQ-VAE] epoch=2323 loss=0.66348815 recon=0.00011458 beh=6.014995 w=0.110 lr=2.295e-04 time=0.193s
[RQ-VAE] epoch=2324 loss=0.66421181 recon=0.00011427 beh=6.014336 w=0.110 lr=2.292e-04 time=0.191s
[RQ-VAE] epoch=2325 loss=0.66454923 recon=0.00011442 beh=6.009948 w=0.110 lr=2.288e-04 time=0.192s
[RQ-VAE] epoch=2326 loss=0.66566944 recon=0.00011451 beh=6.012593 w=0.110 lr=2.285e-04 time=0.192s
[RQ-VAE] epoch=2327 loss=0.66614270 recon=0.00011441 beh=6.009233 w=0.110 lr=2.281e-04 time=0.287s
[RQ-VAE] epoch=2328 loss=0.66747904 recon=0.00011451 beh=6.014040 w=0.110 lr=2.278e-04 time=0.191s
[RQ-VAE] epoch=2329 loss=0.66823798 recon=0.00011436 beh=6.013639 w=0.111 lr=2.275e-04 time=0.193s
[RQ-VAE] epoch=2330 loss=0.66903442 recon=0.00011440 beh=6.013983 w=0.111 lr=2.271e-04 time=0.192s
[RQ-VAE] epoch=2331 loss=0.67015374 recon=0.00011434 beh=6.016652 w=0.111 lr=2.268e-04 time=0.193s
[RQ-VAE] epoch=2332 loss=0.67040545 recon=0.00011438 beh=6.011836 w=0.111 lr=2.264e-04 time=0.191s
[RQ-VAE] epoch=2333 loss=0.67140657 recon=0.00011424 beh=6.013638 w=0.111 lr=2.261e-04 time=0.192s
[RQ-VAE] epoch=2334 loss=0.67192572 recon=0.00011467 beh=6.011062 w=0.111 lr=2.258e-04 time=0.192s
[RQ-VAE] epoch=2335 loss=0.67275506 recon=0.00011420 beh=6.010767 w=0.111 lr=2.254e-04 time=0.193s
[RQ-VAE] epoch=2336 loss=0.67344886 recon=0.00011427 beh=6.009658 w=0.111 lr=2.251e-04 time=0.191s
[RQ-VAE] epoch=2337 loss=0.67434007 recon=0.00011450 beh=6.010641 w=0.112 lr=2.247e-04 time=0.192s
[RQ-VAE] epoch=2338 loss=0.67525369 recon=0.00011446 beh=6.011980 w=0.112 lr=2.244e-04 time=0.192s
[RQ-VAE] epoch=2339 loss=0.67593288 recon=0.00011425 beh=6.010412 w=0.112 lr=2.241e-04 time=0.193s
[RQ-VAE] epoch=2340 loss=0.67660749 recon=0.00011445 beh=6.009067 w=0.112 lr=2.237e-04 time=0.193s
[RQ-VAE] epoch=2341 loss=0.67803669 recon=0.00011467 beh=6.015097 w=0.112 lr=2.234e-04 time=0.192s
[RQ-VAE] epoch=2342 loss=0.67893738 recon=0.00011460 beh=6.016080 w=0.112 lr=2.231e-04 time=0.192s
[RQ-VAE] epoch=2343 loss=0.67956138 recon=0.00011450 beh=6.014599 w=0.112 lr=2.227e-04 time=0.286s
[RQ-VAE] epoch=2344 loss=0.68036592 recon=0.00011492 beh=6.014679 w=0.113 lr=2.224e-04 time=0.192s
[RQ-VAE] epoch=2345 loss=0.68073285 recon=0.00011428 beh=6.010588 w=0.113 lr=2.220e-04 time=0.192s
[RQ-VAE] epoch=2346 loss=0.68177795 recon=0.00011457 beh=6.012499 w=0.113 lr=2.217e-04 time=0.191s
[RQ-VAE] epoch=2347 loss=0.68251324 recon=0.00011478 beh=6.012315 w=0.113 lr=2.214e-04 time=0.193s
[RQ-VAE] epoch=2348 loss=0.68314970 recon=0.00011462 beh=6.011046 w=0.113 lr=2.210e-04 time=0.192s
[RQ-VAE] epoch=2349 loss=0.68363118 recon=0.00011466 beh=6.007612 w=0.113 lr=2.207e-04 time=0.192s
[RQ-VAE] epoch=2350 loss=0.68502700 recon=0.00011487 lr=2.203e-04 raw_unique=23755/24587 collision=0.033839 time=0.193s
[RQ-VAE] epoch=2351 loss=0.68604755 recon=0.00011467 beh=6.014765 w=0.113 lr=2.200e-04 time=0.193s
[RQ-VAE] epoch=2352 loss=0.68689740 recon=0.00011508 beh=6.015466 w=0.114 lr=2.197e-04 time=0.193s
[RQ-VAE] epoch=2353 loss=0.68735909 recon=0.00011501 beh=6.011950 w=0.114 lr=2.193e-04 time=0.193s
[RQ-VAE] epoch=2354 loss=0.68750727 recon=0.00011470 beh=6.006527 w=0.114 lr=2.190e-04 time=0.192s
[RQ-VAE] epoch=2355 loss=0.68877614 recon=0.00011484 beh=6.010441 w=0.114 lr=2.186e-04 time=0.193s
[RQ-VAE] epoch=2356 loss=0.69011879 recon=0.00011488 beh=6.015054 w=0.114 lr=2.183e-04 time=0.192s
[RQ-VAE] epoch=2357 loss=0.69061381 recon=0.00011459 beh=6.012566 w=0.114 lr=2.180e-04 time=0.193s
[RQ-VAE] epoch=2358 loss=0.69077015 recon=0.00011471 beh=6.007139 w=0.114 lr=2.176e-04 time=0.192s
[RQ-VAE] epoch=2359 loss=0.69188613 recon=0.00011453 beh=6.009583 w=0.115 lr=2.173e-04 time=0.286s
[RQ-VAE] epoch=2360 loss=0.69260925 recon=0.00011436 beh=6.008700 w=0.115 lr=2.169e-04 time=0.192s
[RQ-VAE] epoch=2361 loss=0.69338119 recon=0.00011445 beh=6.008327 w=0.115 lr=2.166e-04 time=0.192s
[RQ-VAE] epoch=2362 loss=0.69462240 recon=0.00011462 beh=6.012234 w=0.115 lr=2.163e-04 time=0.193s
[RQ-VAE] epoch=2363 loss=0.69538969 recon=0.00011476 beh=6.012097 w=0.115 lr=2.159e-04 time=0.194s
[RQ-VAE] epoch=2364 loss=0.69681358 recon=0.00011491 beh=6.017623 w=0.115 lr=2.156e-04 time=0.193s
[RQ-VAE] epoch=2365 loss=0.69713700 recon=0.00011477 beh=6.013304 w=0.115 lr=2.153e-04 time=0.193s
[RQ-VAE] epoch=2366 loss=0.69792771 recon=0.00011480 beh=6.012660 w=0.115 lr=2.149e-04 time=0.192s
[RQ-VAE] epoch=2367 loss=0.69832665 recon=0.00011488 beh=6.009259 w=0.116 lr=2.146e-04 time=0.193s
[RQ-VAE] epoch=2368 loss=0.69934040 recon=0.00011472 beh=6.011210 w=0.116 lr=2.142e-04 time=0.192s
[RQ-VAE] epoch=2369 loss=0.70017803 recon=0.00011473 beh=6.011440 w=0.116 lr=2.139e-04 time=0.193s
[RQ-VAE] epoch=2370 loss=0.70010507 recon=0.00011480 beh=6.004492 w=0.116 lr=2.136e-04 time=0.193s
[RQ-VAE] epoch=2371 loss=0.70172018 recon=0.00011470 beh=6.011275 w=0.116 lr=2.132e-04 time=0.193s
[RQ-VAE] epoch=2372 loss=0.70302337 recon=0.00011465 beh=6.015056 w=0.116 lr=2.129e-04 time=0.192s
[RQ-VAE] epoch=2373 loss=0.70322126 recon=0.00011458 beh=6.009912 w=0.116 lr=2.125e-04 time=0.193s
[RQ-VAE] epoch=2374 loss=0.70437318 recon=0.00011484 beh=6.013051 w=0.117 lr=2.122e-04 time=0.193s
[RQ-VAE] epoch=2375 loss=0.70584786 recon=0.00011481 beh=6.019202 w=0.117 lr=2.119e-04 time=0.285s
[RQ-VAE] epoch=2376 loss=0.70562130 recon=0.00011436 beh=6.010207 w=0.117 lr=2.115e-04 time=0.191s
[RQ-VAE] epoch=2377 loss=0.70631951 recon=0.00011411 beh=6.008960 w=0.117 lr=2.112e-04 time=0.193s
[RQ-VAE] epoch=2378 loss=0.70792532 recon=0.00011415 beh=6.016030 w=0.117 lr=2.108e-04 time=0.193s
[RQ-VAE] epoch=2379 loss=0.70881242 recon=0.00011420 beh=6.016636 w=0.117 lr=2.105e-04 time=0.193s
[RQ-VAE] epoch=2380 loss=0.70879769 recon=0.00011454 beh=6.009914 w=0.117 lr=2.102e-04 time=0.191s
[RQ-VAE] epoch=2381 loss=0.70974088 recon=0.00011438 beh=6.010744 w=0.117 lr=2.098e-04 time=0.192s
[RQ-VAE] epoch=2382 loss=0.71031839 recon=0.00011398 beh=6.008846 w=0.118 lr=2.095e-04 time=0.192s
[RQ-VAE] epoch=2383 loss=0.71183443 recon=0.00011423 beh=6.015193 w=0.118 lr=2.092e-04 time=0.193s
[RQ-VAE] epoch=2384 loss=0.71235722 recon=0.00011438 beh=6.012609 w=0.118 lr=2.088e-04 time=0.192s
[RQ-VAE] epoch=2385 loss=0.71265614 recon=0.00011503 beh=6.008316 w=0.118 lr=2.085e-04 time=0.193s
[RQ-VAE] epoch=2386 loss=0.71387786 recon=0.00011453 beh=6.011526 w=0.118 lr=2.081e-04 time=0.192s
[RQ-VAE] epoch=2387 loss=0.71496242 recon=0.00011436 beh=6.013683 w=0.118 lr=2.078e-04 time=0.193s
[RQ-VAE] epoch=2388 loss=0.71548951 recon=0.00011399 beh=6.012076 w=0.118 lr=2.075e-04 time=0.192s
[RQ-VAE] epoch=2389 loss=0.71611047 recon=0.00011387 beh=6.010454 w=0.119 lr=2.071e-04 time=0.193s
[RQ-VAE] epoch=2390 loss=0.71706855 recon=0.00011392 beh=6.011624 w=0.119 lr=2.068e-04 time=0.192s
[RQ-VAE] epoch=2391 loss=0.71750474 recon=0.00011376 beh=6.008574 w=0.119 lr=2.064e-04 time=0.283s
[RQ-VAE] epoch=2392 loss=0.71865886 recon=0.00011388 beh=6.011319 w=0.119 lr=2.061e-04 time=0.193s
[RQ-VAE] epoch=2393 loss=0.71987545 recon=0.00011397 beh=6.014821 w=0.119 lr=2.058e-04 time=0.193s
[RQ-VAE] epoch=2394 loss=0.71979970 recon=0.00011436 beh=6.007488 w=0.119 lr=2.054e-04 time=0.193s
[RQ-VAE] epoch=2395 loss=0.72074187 recon=0.00011452 beh=6.008567 w=0.119 lr=2.051e-04 time=0.192s
[RQ-VAE] epoch=2396 loss=0.72119737 recon=0.00011445 beh=6.005592 w=0.119 lr=2.047e-04 time=0.193s
[RQ-VAE] epoch=2397 loss=0.72294956 recon=0.00011421 beh=6.013916 w=0.120 lr=2.044e-04 time=0.193s
[RQ-VAE] epoch=2398 loss=0.72388142 recon=0.00011430 beh=6.014857 w=0.120 lr=2.041e-04 time=0.192s
[RQ-VAE] epoch=2399 loss=0.72427428 recon=0.00011420 beh=6.011181 w=0.120 lr=2.037e-04 time=0.192s
[RQ-VAE] epoch=2400 loss=0.72513878 recon=0.00011443 lr=2.034e-04 raw_unique=23732/24587 collision=0.034774 time=0.193s
[RQ-VAE] epoch=2401 loss=0.72612762 recon=0.00011425 beh=6.013182 w=0.120 lr=2.031e-04 time=0.192s
[RQ-VAE] epoch=2402 loss=0.72635508 recon=0.00011422 beh=6.008520 w=0.120 lr=2.027e-04 time=0.194s
[RQ-VAE] epoch=2403 loss=0.72758579 recon=0.00011455 beh=6.012288 w=0.120 lr=2.024e-04 time=0.194s
[RQ-VAE] epoch=2404 loss=0.72822475 recon=0.00011412 beh=6.010811 w=0.121 lr=2.020e-04 time=0.192s
[RQ-VAE] epoch=2405 loss=0.72897494 recon=0.00011405 beh=6.010071 w=0.121 lr=2.017e-04 time=0.193s
[RQ-VAE] epoch=2406 loss=0.72989112 recon=0.00011411 beh=6.010737 w=0.121 lr=2.014e-04 time=0.193s
[RQ-VAE] epoch=2407 loss=0.73044145 recon=0.00011434 beh=6.009131 w=0.121 lr=2.010e-04 time=0.29s
[RQ-VAE] epoch=2408 loss=0.73088133 recon=0.00011454 beh=6.006042 w=0.121 lr=2.007e-04 time=0.192s
[RQ-VAE] epoch=2409 loss=0.73290253 recon=0.00011459 beh=6.016111 w=0.121 lr=2.003e-04 time=0.191s
[RQ-VAE] epoch=2410 loss=0.73353076 recon=0.00011438 beh=6.015186 w=0.121 lr=2.000e-04 time=0.193s
[RQ-VAE] epoch=2411 loss=0.73434663 recon=0.00011463 beh=6.015174 w=0.121 lr=1.997e-04 time=0.192s
[RQ-VAE] epoch=2412 loss=0.73481363 recon=0.00011467 beh=6.011688 w=0.122 lr=1.993e-04 time=0.193s
[RQ-VAE] epoch=2413 loss=0.73616219 recon=0.00011451 beh=6.015880 w=0.122 lr=1.990e-04 time=0.192s
[RQ-VAE] epoch=2414 loss=0.73563826 recon=0.00011468 beh=6.005868 w=0.122 lr=1.986e-04 time=0.193s
[RQ-VAE] epoch=2415 loss=0.73724234 recon=0.00011452 beh=6.012224 w=0.122 lr=1.983e-04 time=0.191s
[RQ-VAE] epoch=2416 loss=0.73788607 recon=0.00011440 beh=6.010402 w=0.122 lr=1.980e-04 time=0.193s
[RQ-VAE] epoch=2417 loss=0.73875451 recon=0.00011432 beh=6.011050 w=0.122 lr=1.976e-04 time=0.191s
[RQ-VAE] epoch=2418 loss=0.74010491 recon=0.00011459 beh=6.015968 w=0.122 lr=1.973e-04 time=0.193s
[RQ-VAE] epoch=2419 loss=0.74086499 recon=0.00011432 beh=6.015360 w=0.123 lr=1.969e-04 time=0.192s
[RQ-VAE] epoch=2420 loss=0.74102235 recon=0.00011391 beh=6.010054 w=0.123 lr=1.966e-04 time=0.193s
[RQ-VAE] epoch=2421 loss=0.74216467 recon=0.00011398 beh=6.012713 w=0.123 lr=1.963e-04 time=0.192s
[RQ-VAE] epoch=2422 loss=0.74291122 recon=0.00011396 beh=6.012549 w=0.123 lr=1.959e-04 time=0.285s
[RQ-VAE] epoch=2423 loss=0.74387968 recon=0.00011402 beh=6.014021 w=0.123 lr=1.956e-04 time=0.192s
[RQ-VAE] epoch=2424 loss=0.74442565 recon=0.00011439 beh=6.011560 w=0.123 lr=1.953e-04 time=0.193s
[RQ-VAE] epoch=2425 loss=0.74469399 recon=0.00011497 beh=6.007207 w=0.123 lr=1.949e-04 time=0.192s
[RQ-VAE] epoch=2426 loss=0.74622178 recon=0.00011470 beh=6.012953 w=0.123 lr=1.946e-04 time=0.192s
[RQ-VAE] epoch=2427 loss=0.74737597 recon=0.00011468 beh=6.016073 w=0.124 lr=1.942e-04 time=0.193s
[RQ-VAE] epoch=2428 loss=0.74732554 recon=0.00011448 beh=6.008940 w=0.124 lr=1.939e-04 time=0.193s
[RQ-VAE] epoch=2429 loss=0.74801660 recon=0.00011453 beh=6.008102 w=0.124 lr=1.936e-04 time=0.193s
[RQ-VAE] epoch=2430 loss=0.74875879 recon=0.00011441 beh=6.007629 w=0.124 lr=1.932e-04 time=0.193s
[RQ-VAE] epoch=2431 loss=0.74990606 recon=0.00011457 beh=6.010421 w=0.124 lr=1.929e-04 time=0.193s
[RQ-VAE] epoch=2432 loss=0.75119424 recon=0.00011433 beh=6.014230 w=0.124 lr=1.925e-04 time=0.193s
[RQ-VAE] epoch=2433 loss=0.75177258 recon=0.00011530 beh=6.012533 w=0.124 lr=1.922e-04 time=0.193s
[RQ-VAE] epoch=2434 loss=0.75228733 recon=0.00011517 beh=6.010223 w=0.125 lr=1.919e-04 time=0.193s
[RQ-VAE] epoch=2435 loss=0.75302649 recon=0.00011467 beh=6.009396 w=0.125 lr=1.915e-04 time=0.192s
[RQ-VAE] epoch=2436 loss=0.75468493 recon=0.00011459 beh=6.016266 w=0.125 lr=1.912e-04 time=0.193s
[RQ-VAE] epoch=2437 loss=0.75546509 recon=0.00011460 beh=6.016394 w=0.125 lr=1.908e-04 time=0.192s
[RQ-VAE] epoch=2438 loss=0.75587618 recon=0.00011473 beh=6.013155 w=0.125 lr=1.905e-04 time=0.284s
[RQ-VAE] epoch=2439 loss=0.75561267 recon=0.00011449 beh=6.004417 w=0.125 lr=1.902e-04 time=0.193s
[RQ-VAE] epoch=2440 loss=0.75689983 recon=0.00011488 beh=6.008480 w=0.125 lr=1.898e-04 time=0.193s
[RQ-VAE] epoch=2441 loss=0.75834543 recon=0.00011485 beh=6.013881 w=0.125 lr=1.895e-04 time=0.192s
[RQ-VAE] epoch=2442 loss=0.75854450 recon=0.00011488 beh=6.008817 w=0.126 lr=1.892e-04 time=0.193s
[RQ-VAE] epoch=2443 loss=0.75959557 recon=0.00011469 beh=6.010462 w=0.126 lr=1.888e-04 time=0.192s
[RQ-VAE] epoch=2444 loss=0.76123214 recon=0.00011438 beh=6.017339 w=0.126 lr=1.885e-04 time=0.192s
[RQ-VAE] epoch=2445 loss=0.76125586 recon=0.00011475 beh=6.011167 w=0.126 lr=1.881e-04 time=0.192s
[RQ-VAE] epoch=2446 loss=0.76302087 recon=0.00011477 beh=6.018959 w=0.126 lr=1.878e-04 time=0.193s
[RQ-VAE] epoch=2447 loss=0.76295692 recon=0.00011489 beh=6.011995 w=0.126 lr=1.875e-04 time=0.192s
[RQ-VAE] epoch=2448 loss=0.76437140 recon=0.00011474 beh=6.016732 w=0.126 lr=1.871e-04 time=0.195s
[RQ-VAE] epoch=2449 loss=0.76504725 recon=0.00011487 beh=6.015544 w=0.127 lr=1.868e-04 time=0.192s
[RQ-VAE] epoch=2450 loss=0.76499641 recon=0.00011476 lr=1.864e-04 raw_unique=23781/24587 collision=0.032782 time=0.193s
[RQ-VAE] epoch=2451 loss=0.76576120 recon=0.00011445 beh=6.008261 w=0.127 lr=1.861e-04 time=0.192s
[RQ-VAE] epoch=2452 loss=0.76649213 recon=0.00011460 beh=6.008133 w=0.127 lr=1.858e-04 time=0.193s
[RQ-VAE] epoch=2453 loss=0.76768982 recon=0.00011480 beh=6.011359 w=0.127 lr=1.854e-04 time=0.192s
[RQ-VAE] epoch=2454 loss=0.76793921 recon=0.00011455 beh=6.006459 w=0.127 lr=1.851e-04 time=0.284s
[RQ-VAE] epoch=2455 loss=0.76866436 recon=0.00011466 beh=6.005306 w=0.127 lr=1.847e-04 time=0.191s
[RQ-VAE] epoch=2456 loss=0.77054232 recon=0.00011465 beh=6.014390 w=0.127 lr=1.844e-04 time=0.192s
[RQ-VAE] epoch=2457 loss=0.77149439 recon=0.00011495 beh=6.015968 w=0.128 lr=1.841e-04 time=0.192s
[RQ-VAE] epoch=2458 loss=0.77155066 recon=0.00011460 beh=6.009675 w=0.128 lr=1.837e-04 time=0.192s
[RQ-VAE] epoch=2459 loss=0.77219927 recon=0.00011444 beh=6.008354 w=0.128 lr=1.834e-04 time=0.192s
[RQ-VAE] epoch=2460 loss=0.77282488 recon=0.00011437 beh=6.006979 w=0.128 lr=1.831e-04 time=0.193s
[RQ-VAE] epoch=2461 loss=0.77460051 recon=0.00011446 beh=6.014947 w=0.128 lr=1.827e-04 time=0.193s
[RQ-VAE] epoch=2462 loss=0.77528310 recon=0.00011451 beh=6.013761 w=0.128 lr=1.824e-04 time=0.192s
[RQ-VAE] epoch=2463 loss=0.77578479 recon=0.00011453 beh=6.011123 w=0.128 lr=1.820e-04 time=0.192s
[RQ-VAE] epoch=2464 loss=0.77662402 recon=0.00011475 beh=6.011308 w=0.129 lr=1.817e-04 time=0.194s
[RQ-VAE] epoch=2465 loss=0.77780318 recon=0.00011482 beh=6.014592 w=0.129 lr=1.814e-04 time=0.192s
[RQ-VAE] epoch=2466 loss=0.77832788 recon=0.00011471 beh=6.012629 w=0.129 lr=1.810e-04 time=0.193s
[RQ-VAE] epoch=2467 loss=0.77911747 recon=0.00011449 beh=6.012044 w=0.129 lr=1.807e-04 time=0.193s
[RQ-VAE] epoch=2468 loss=0.77986079 recon=0.00011447 beh=6.011760 w=0.129 lr=1.803e-04 time=0.194s
[RQ-VAE] epoch=2469 loss=0.78074050 recon=0.00011455 beh=6.012137 w=0.129 lr=1.800e-04 time=0.194s
[RQ-VAE] epoch=2470 loss=0.78145587 recon=0.00011467 beh=6.011668 w=0.129 lr=1.797e-04 time=0.286s
[RQ-VAE] epoch=2471 loss=0.78168845 recon=0.00011505 beh=6.007293 w=0.129 lr=1.793e-04 time=0.192s
[RQ-VAE] epoch=2472 loss=0.78228873 recon=0.00011506 beh=6.005948 w=0.130 lr=1.790e-04 time=0.192s
[RQ-VAE] epoch=2473 loss=0.78369087 recon=0.00011499 beh=6.010438 w=0.130 lr=1.786e-04 time=0.191s
[RQ-VAE] epoch=2474 loss=0.78440386 recon=0.00011474 beh=6.009360 w=0.130 lr=1.783e-04 time=0.192s
[RQ-VAE] epoch=2475 loss=0.78544265 recon=0.00011450 beh=6.011017 w=0.130 lr=1.780e-04 time=0.192s
[RQ-VAE] epoch=2476 loss=0.78675079 recon=0.00011450 beh=6.015249 w=0.130 lr=1.776e-04 time=0.193s
[RQ-VAE] epoch=2477 loss=0.78690362 recon=0.00011469 beh=6.010312 w=0.130 lr=1.773e-04 time=0.191s
[RQ-VAE] epoch=2478 loss=0.78723121 recon=0.00011445 beh=6.006330 w=0.130 lr=1.769e-04 time=0.193s
[RQ-VAE] epoch=2479 loss=0.78854507 recon=0.00011432 beh=6.010250 w=0.131 lr=1.766e-04 time=0.193s
[RQ-VAE] epoch=2480 loss=0.78894991 recon=0.00011468 beh=6.007471 w=0.131 lr=1.763e-04 time=0.192s
[RQ-VAE] epoch=2481 loss=0.79036599 recon=0.00011475 beh=6.012253 w=0.131 lr=1.759e-04 time=0.193s
[RQ-VAE] epoch=2482 loss=0.79153168 recon=0.00011516 beh=6.015029 w=0.131 lr=1.756e-04 time=0.192s
[RQ-VAE] epoch=2483 loss=0.79194629 recon=0.00011486 beh=6.011577 w=0.131 lr=1.753e-04 time=0.192s
[RQ-VAE] epoch=2484 loss=0.79306245 recon=0.00011497 beh=6.014264 w=0.131 lr=1.749e-04 time=0.194s
[RQ-VAE] epoch=2485 loss=0.79318118 recon=0.00011533 beh=6.009349 w=0.131 lr=1.746e-04 time=0.192s
[RQ-VAE] epoch=2486 loss=0.79497671 recon=0.00011510 beh=6.016759 w=0.131 lr=1.742e-04 time=0.284s
[RQ-VAE] epoch=2487 loss=0.79505515 recon=0.00011501 beh=6.011147 w=0.132 lr=1.739e-04 time=0.193s
[RQ-VAE] epoch=2488 loss=0.79591173 recon=0.00011456 beh=6.011337 w=0.132 lr=1.736e-04 time=0.192s
[RQ-VAE] epoch=2489 loss=0.79654771 recon=0.00011473 beh=6.009843 w=0.132 lr=1.732e-04 time=0.191s
[RQ-VAE] epoch=2490 loss=0.79728609 recon=0.00011482 beh=6.009563 w=0.132 lr=1.729e-04 time=0.193s
[RQ-VAE] epoch=2491 loss=0.79898798 recon=0.00011471 beh=6.016693 w=0.132 lr=1.725e-04 time=0.193s
[RQ-VAE] epoch=2492 loss=0.79908836 recon=0.00011474 beh=6.011147 w=0.132 lr=1.722e-04 time=0.194s
[RQ-VAE] epoch=2493 loss=0.79924965 recon=0.00011496 beh=6.006379 w=0.132 lr=1.719e-04 time=0.192s
[RQ-VAE] epoch=2494 loss=0.80099082 recon=0.00011508 beh=6.013445 w=0.133 lr=1.715e-04 time=0.193s
[RQ-VAE] epoch=2495 loss=0.80044377 recon=0.00011485 beh=6.002919 w=0.133 lr=1.712e-04 time=0.192s
[RQ-VAE] epoch=2496 loss=0.80143261 recon=0.00011453 beh=6.004133 w=0.133 lr=1.708e-04 time=0.193s
[RQ-VAE] epoch=2497 loss=0.80249435 recon=0.00011469 beh=6.006147 w=0.133 lr=1.705e-04 time=0.193s
[RQ-VAE] epoch=2498 loss=0.80381536 recon=0.00011451 beh=6.010439 w=0.133 lr=1.702e-04 time=0.192s
[RQ-VAE] epoch=2499 loss=0.80474639 recon=0.00011455 beh=6.011298 w=0.133 lr=1.698e-04 time=0.192s
[RQ-VAE] epoch=2500 loss=0.80496228 recon=0.00011477 lr=1.695e-04 raw_unique=23776/24587 collision=0.032985 time=0.195s
[RQ-VAE] epoch=2501 loss=0.80669510 recon=0.00011497 beh=6.014226 w=0.133 lr=1.692e-04 time=0.192s
[RQ-VAE] epoch=2502 loss=0.80724877 recon=0.00011488 beh=6.011884 w=0.134 lr=1.688e-04 time=0.284s
[RQ-VAE] epoch=2503 loss=0.80787897 recon=0.00011517 beh=6.010619 w=0.134 lr=1.685e-04 time=0.192s
[RQ-VAE] epoch=2504 loss=0.80953366 recon=0.00011526 beh=6.017042 w=0.134 lr=1.681e-04 time=0.19s
[RQ-VAE] epoch=2505 loss=0.80956143 recon=0.00011541 beh=6.011040 w=0.134 lr=1.678e-04 time=0.192s
[RQ-VAE] epoch=2506 loss=0.81010759 recon=0.00011527 beh=6.009102 w=0.134 lr=1.675e-04 time=0.192s
[RQ-VAE] epoch=2507 loss=0.81040758 recon=0.00011518 beh=6.005495 w=0.134 lr=1.671e-04 time=0.192s
[RQ-VAE] epoch=2508 loss=0.81236720 recon=0.00011516 beh=6.014367 w=0.134 lr=1.668e-04 time=0.191s
[RQ-VAE] epoch=2509 loss=0.81277108 recon=0.00011501 beh=6.011386 w=0.135 lr=1.664e-04 time=0.192s
[RQ-VAE] epoch=2510 loss=0.81321591 recon=0.00011530 beh=6.008602 w=0.135 lr=1.661e-04 time=0.191s
[RQ-VAE] epoch=2511 loss=0.81443965 recon=0.00011501 beh=6.011675 w=0.135 lr=1.658e-04 time=0.192s
[RQ-VAE] epoch=2512 loss=0.81399119 recon=0.00011478 beh=6.002275 w=0.135 lr=1.654e-04 time=0.191s
[RQ-VAE] epoch=2513 loss=0.81608075 recon=0.00011461 beh=6.011804 w=0.135 lr=1.651e-04 time=0.193s
[RQ-VAE] epoch=2514 loss=0.81671679 recon=0.00011458 beh=6.010871 w=0.135 lr=1.647e-04 time=0.191s
[RQ-VAE] epoch=2515 loss=0.81742227 recon=0.00011480 beh=6.010302 w=0.135 lr=1.644e-04 time=0.192s
[RQ-VAE] epoch=2516 loss=0.81814921 recon=0.00011473 beh=6.009522 w=0.135 lr=1.641e-04 time=0.192s
[RQ-VAE] epoch=2517 loss=0.81807423 recon=0.00011447 beh=6.002853 w=0.136 lr=1.637e-04 time=0.285s
[RQ-VAE] epoch=2518 loss=0.81902224 recon=0.00011445 beh=6.003685 w=0.136 lr=1.634e-04 time=0.191s
[RQ-VAE] epoch=2519 loss=0.82012558 recon=0.00011455 beh=6.005463 w=0.136 lr=1.631e-04 time=0.194s
[RQ-VAE] epoch=2520 loss=0.82150263 recon=0.00011459 beh=6.010322 w=0.136 lr=1.627e-04 time=0.192s
[RQ-VAE] epoch=2521 loss=0.82143879 recon=0.00011466 beh=6.003892 w=0.136 lr=1.624e-04 time=0.194s
[RQ-VAE] epoch=2522 loss=0.82297677 recon=0.00011487 beh=6.009225 w=0.136 lr=1.620e-04 time=0.192s
[RQ-VAE] epoch=2523 loss=0.82413656 recon=0.00011476 beh=6.011987 w=0.136 lr=1.617e-04 time=0.193s
[RQ-VAE] epoch=2524 loss=0.82486802 recon=0.00011457 beh=6.011344 w=0.137 lr=1.614e-04 time=0.192s
[RQ-VAE] epoch=2525 loss=0.82579631 recon=0.00011471 beh=6.012071 w=0.137 lr=1.610e-04 time=0.193s
[RQ-VAE] epoch=2526 loss=0.82673490 recon=0.00011489 beh=6.013274 w=0.137 lr=1.607e-04 time=0.192s
[RQ-VAE] epoch=2527 loss=0.82698572 recon=0.00011497 beh=6.009429 w=0.137 lr=1.603e-04 time=0.193s
[RQ-VAE] epoch=2528 loss=0.82835048 recon=0.00011496 beh=6.013469 w=0.137 lr=1.600e-04 time=0.192s
[RQ-VAE] epoch=2529 loss=0.82952207 recon=0.00011492 beh=6.015886 w=0.137 lr=1.597e-04 time=0.195s
[RQ-VAE] epoch=2530 loss=0.82963419 recon=0.00011488 beh=6.010932 w=0.137 lr=1.593e-04 time=0.192s
[RQ-VAE] epoch=2531 loss=0.83028412 recon=0.00011498 beh=6.009871 w=0.137 lr=1.590e-04 time=0.193s
[RQ-VAE] epoch=2532 loss=0.83016139 recon=0.00011443 beh=6.003129 w=0.138 lr=1.586e-04 time=0.192s
[RQ-VAE] epoch=2533 loss=0.83205849 recon=0.00011462 beh=6.010878 w=0.138 lr=1.583e-04 time=0.304s
[RQ-VAE] epoch=2534 loss=0.83276117 recon=0.00011478 beh=6.010120 w=0.138 lr=1.580e-04 time=0.192s
[RQ-VAE] epoch=2535 loss=0.83282691 recon=0.00011444 beh=6.004865 w=0.138 lr=1.576e-04 time=0.193s
[RQ-VAE] epoch=2536 loss=0.83470386 recon=0.00011441 beh=6.012484 w=0.138 lr=1.573e-04 time=0.193s
[RQ-VAE] epoch=2537 loss=0.83588129 recon=0.00011451 beh=6.015531 w=0.138 lr=1.569e-04 time=0.192s
[RQ-VAE] epoch=2538 loss=0.83581036 recon=0.00011480 beh=6.009336 w=0.138 lr=1.566e-04 time=0.192s
[RQ-VAE] epoch=2539 loss=0.83612669 recon=0.00011467 beh=6.005657 w=0.139 lr=1.563e-04 time=0.193s
[RQ-VAE] epoch=2540 loss=0.83865762 recon=0.00011451 beh=6.017817 w=0.139 lr=1.559e-04 time=0.192s
[RQ-VAE] epoch=2541 loss=0.83792031 recon=0.00011452 beh=6.007039 w=0.139 lr=1.556e-04 time=0.193s
[RQ-VAE] epoch=2542 loss=0.83871651 recon=0.00011443 beh=6.006798 w=0.139 lr=1.553e-04 time=0.193s
[RQ-VAE] epoch=2543 loss=0.83933878 recon=0.00011440 beh=6.005373 w=0.139 lr=1.549e-04 time=0.192s
[RQ-VAE] epoch=2544 loss=0.83976036 recon=0.00011445 beh=6.002705 w=0.139 lr=1.546e-04 time=0.192s
[RQ-VAE] epoch=2545 loss=0.84201014 recon=0.00011437 beh=6.013288 w=0.139 lr=1.542e-04 time=0.193s
[RQ-VAE] epoch=2546 loss=0.84224796 recon=0.00011426 beh=6.008821 w=0.139 lr=1.539e-04 time=0.193s
[RQ-VAE] epoch=2547 loss=0.84325778 recon=0.00011426 beh=6.010202 w=0.140 lr=1.536e-04 time=0.193s
[RQ-VAE] epoch=2548 loss=0.84406102 recon=0.00011462 beh=6.010518 w=0.140 lr=1.532e-04 time=0.192s
[RQ-VAE] epoch=2549 loss=0.84452760 recon=0.00011491 beh=6.008179 w=0.140 lr=1.529e-04 time=0.286s
[RQ-VAE] epoch=2550 loss=0.84581411 recon=0.00011455 lr=1.525e-04 raw_unique=23801/24587 collision=0.031968 time=0.192s
[RQ-VAE] epoch=2551 loss=0.84635353 recon=0.00011461 beh=6.009401 w=0.140 lr=1.522e-04 time=0.192s
[RQ-VAE] epoch=2552 loss=0.84715712 recon=0.00011449 beh=6.009547 w=0.140 lr=1.519e-04 time=0.193s
[RQ-VAE] epoch=2553 loss=0.84882450 recon=0.00011450 beh=6.016179 w=0.140 lr=1.515e-04 time=0.193s
[RQ-VAE] epoch=2554 loss=0.84890980 recon=0.00011466 beh=6.011197 w=0.141 lr=1.512e-04 time=0.193s
[RQ-VAE] epoch=2555 loss=0.84941089 recon=0.00011464 beh=6.008460 w=0.141 lr=1.508e-04 time=0.192s
[RQ-VAE] epoch=2556 loss=0.84931076 recon=0.00011443 beh=6.001900 w=0.141 lr=1.505e-04 time=0.192s
[RQ-VAE] epoch=2557 loss=0.85046649 recon=0.00011462 beh=6.004375 w=0.141 lr=1.502e-04 time=0.194s
[RQ-VAE] epoch=2558 loss=0.85190624 recon=0.00011454 beh=6.009074 w=0.141 lr=1.498e-04 time=0.193s
[RQ-VAE] epoch=2559 loss=0.85325944 recon=0.00011446 beh=6.013106 w=0.141 lr=1.495e-04 time=0.193s
[RQ-VAE] epoch=2560 loss=0.85313946 recon=0.00011445 beh=6.006426 w=0.141 lr=1.492e-04 time=0.192s
[RQ-VAE] epoch=2561 loss=0.85405689 recon=0.00011434 beh=6.007085 w=0.141 lr=1.488e-04 time=0.193s
[RQ-VAE] epoch=2562 loss=0.85510945 recon=0.00011436 beh=6.008720 w=0.142 lr=1.485e-04 time=0.193s
[RQ-VAE] epoch=2563 loss=0.85494226 recon=0.00011434 beh=6.001679 w=0.142 lr=1.481e-04 time=0.193s
[RQ-VAE] epoch=2564 loss=0.85621929 recon=0.00011445 beh=6.005414 w=0.142 lr=1.478e-04 time=0.192s
[RQ-VAE] epoch=2565 loss=0.85839641 recon=0.00011433 beh=6.015510 w=0.142 lr=1.475e-04 time=0.29s
[RQ-VAE] epoch=2566 loss=0.85906243 recon=0.00011427 beh=6.014111 w=0.142 lr=1.471e-04 time=0.192s
[RQ-VAE] epoch=2567 loss=0.85847926 recon=0.00011425 beh=6.004143 w=0.142 lr=1.468e-04 time=0.194s
[RQ-VAE] epoch=2568 loss=0.85958445 recon=0.00011413 beh=6.006489 w=0.142 lr=1.464e-04 time=0.192s
[RQ-VAE] epoch=2569 loss=0.86144733 recon=0.00011432 beh=6.013974 w=0.143 lr=1.461e-04 time=0.193s
[RQ-VAE] epoch=2570 loss=0.86225510 recon=0.00011458 beh=6.014204 w=0.143 lr=1.458e-04 time=0.193s
[RQ-VAE] epoch=2571 loss=0.86350727 recon=0.00011441 beh=6.017448 w=0.143 lr=1.454e-04 time=0.194s
[RQ-VAE] epoch=2572 loss=0.86350203 recon=0.00011413 beh=6.011295 w=0.143 lr=1.451e-04 time=0.192s
[RQ-VAE] epoch=2573 loss=0.86406350 recon=0.00011428 beh=6.009491 w=0.143 lr=1.447e-04 time=0.193s
[RQ-VAE] epoch=2574 loss=0.86549050 recon=0.00011423 beh=6.014212 w=0.143 lr=1.444e-04 time=0.192s
[RQ-VAE] epoch=2575 loss=0.86614645 recon=0.00011432 beh=6.013377 w=0.143 lr=1.441e-04 time=0.192s
[RQ-VAE] epoch=2576 loss=0.86713803 recon=0.00011432 beh=6.014556 w=0.143 lr=1.437e-04 time=0.193s
[RQ-VAE] epoch=2577 loss=0.86694711 recon=0.00011443 beh=6.007715 w=0.144 lr=1.434e-04 time=0.193s
[RQ-VAE] epoch=2578 loss=0.86800385 recon=0.00011447 beh=6.009583 w=0.144 lr=1.431e-04 time=0.192s
[RQ-VAE] epoch=2579 loss=0.86924624 recon=0.00011479 beh=6.012581 w=0.144 lr=1.427e-04 time=0.193s
[RQ-VAE] epoch=2580 loss=0.86909974 recon=0.00011445 beh=6.005654 w=0.144 lr=1.424e-04 time=0.192s
[RQ-VAE] epoch=2581 loss=0.87049592 recon=0.00011448 beh=6.009654 w=0.144 lr=1.420e-04 time=0.283s
[RQ-VAE] epoch=2582 loss=0.87155598 recon=0.00011429 beh=6.011378 w=0.144 lr=1.417e-04 time=0.193s
[RQ-VAE] epoch=2583 loss=0.87299854 recon=0.00011417 beh=6.015939 w=0.144 lr=1.414e-04 time=0.193s
[RQ-VAE] epoch=2584 loss=0.87299645 recon=0.00011415 beh=6.010567 w=0.145 lr=1.410e-04 time=0.192s
[RQ-VAE] epoch=2585 loss=0.87402380 recon=0.00011417 beh=6.011721 w=0.145 lr=1.407e-04 time=0.193s
[RQ-VAE] epoch=2586 loss=0.87414289 recon=0.00011418 beh=6.007083 w=0.145 lr=1.403e-04 time=0.193s
[RQ-VAE] epoch=2587 loss=0.87606668 recon=0.00011414 beh=6.015102 w=0.145 lr=1.400e-04 time=0.193s
[RQ-VAE] epoch=2588 loss=0.87619549 recon=0.00011425 beh=6.010170 w=0.145 lr=1.397e-04 time=0.193s
[RQ-VAE] epoch=2589 loss=0.87725186 recon=0.00011409 beh=6.011538 w=0.145 lr=1.393e-04 time=0.194s
[RQ-VAE] epoch=2590 loss=0.87743604 recon=0.00011414 beh=6.007764 w=0.145 lr=1.390e-04 time=0.193s
[RQ-VAE] epoch=2591 loss=0.87773514 recon=0.00011406 beh=6.004358 w=0.145 lr=1.386e-04 time=0.194s
[RQ-VAE] epoch=2592 loss=0.87946713 recon=0.00011405 beh=6.010701 w=0.146 lr=1.383e-04 time=0.192s
[RQ-VAE] epoch=2593 loss=0.87994713 recon=0.00011420 beh=6.008504 w=0.146 lr=1.380e-04 time=0.192s
[RQ-VAE] epoch=2594 loss=0.88167667 recon=0.00011447 beh=6.015018 w=0.146 lr=1.376e-04 time=0.194s
[RQ-VAE] epoch=2595 loss=0.88182390 recon=0.00011413 beh=6.010338 w=0.146 lr=1.373e-04 time=0.193s
[RQ-VAE] epoch=2596 loss=0.88262296 recon=0.00011383 beh=6.010007 w=0.146 lr=1.369e-04 time=0.193s
[RQ-VAE] epoch=2597 loss=0.88274443 recon=0.00011397 beh=6.005333 w=0.146 lr=1.366e-04 time=0.284s
[RQ-VAE] epoch=2598 loss=0.88374269 recon=0.00011394 beh=6.006802 w=0.146 lr=1.363e-04 time=0.192s
[RQ-VAE] epoch=2599 loss=0.88449913 recon=0.00011409 beh=6.006515 w=0.147 lr=1.359e-04 time=0.191s
[RQ-VAE] epoch=2600 loss=0.88642538 recon=0.00011382 lr=1.356e-04 raw_unique=23773/24587 collision=0.033107 time=0.192s
[RQ-VAE] epoch=2601 loss=0.88589311 recon=0.00011397 beh=6.004805 w=0.147 lr=1.353e-04 time=0.192s
[RQ-VAE] epoch=2602 loss=0.88831651 recon=0.00011380 beh=6.015950 w=0.147 lr=1.349e-04 time=0.192s
[RQ-VAE] epoch=2603 loss=0.88806331 recon=0.00011376 beh=6.008806 w=0.147 lr=1.346e-04 time=0.191s
[RQ-VAE] epoch=2604 loss=0.88842201 recon=0.00011391 beh=6.005815 w=0.147 lr=1.342e-04 time=0.193s
[RQ-VAE] epoch=2605 loss=0.88967663 recon=0.00011389 beh=6.008727 w=0.147 lr=1.339e-04 time=0.191s
[RQ-VAE] epoch=2606 loss=0.89045042 recon=0.00011418 beh=6.008960 w=0.147 lr=1.336e-04 time=0.193s
[RQ-VAE] epoch=2607 loss=0.89135408 recon=0.00011394 beh=6.009366 w=0.148 lr=1.332e-04 time=0.192s
[RQ-VAE] epoch=2608 loss=0.89132726 recon=0.00011386 beh=6.003620 w=0.148 lr=1.329e-04 time=0.192s
[RQ-VAE] epoch=2609 loss=0.89288545 recon=0.00011384 beh=6.008859 w=0.148 lr=1.325e-04 time=0.191s
[RQ-VAE] epoch=2610 loss=0.89429069 recon=0.00011375 beh=6.012820 w=0.148 lr=1.322e-04 time=0.194s
[RQ-VAE] epoch=2611 loss=0.89488387 recon=0.00011380 beh=6.011376 w=0.148 lr=1.319e-04 time=0.191s
[RQ-VAE] epoch=2612 loss=0.89669389 recon=0.00011379 beh=6.018404 w=0.148 lr=1.315e-04 time=0.284s
[RQ-VAE] epoch=2613 loss=0.89604056 recon=0.00011382 beh=6.008706 w=0.148 lr=1.312e-04 time=0.191s
[RQ-VAE] epoch=2614 loss=0.89712352 recon=0.00011397 beh=6.010093 w=0.149 lr=1.308e-04 time=0.192s
[RQ-VAE] epoch=2615 loss=0.89763868 recon=0.00011388 beh=6.008159 w=0.149 lr=1.305e-04 time=0.192s
[RQ-VAE] epoch=2616 loss=0.89941108 recon=0.00011399 beh=6.014910 w=0.149 lr=1.302e-04 time=0.192s
[RQ-VAE] epoch=2617 loss=0.90020072 recon=0.00011384 beh=6.014709 w=0.149 lr=1.298e-04 time=0.195s
[RQ-VAE] epoch=2618 loss=0.89983660 recon=0.00011375 beh=6.006804 w=0.149 lr=1.295e-04 time=0.193s
[RQ-VAE] epoch=2619 loss=0.90177590 recon=0.00011384 beh=6.014422 w=0.149 lr=1.292e-04 time=0.192s
[RQ-VAE] epoch=2620 loss=0.90123391 recon=0.00011383 beh=6.005376 w=0.149 lr=1.288e-04 time=0.193s
[RQ-VAE] epoch=2621 loss=0.90342796 recon=0.00011387 beh=6.014996 w=0.149 lr=1.285e-04 time=0.193s
[RQ-VAE] epoch=2622 loss=0.90387905 recon=0.00011401 beh=6.012605 w=0.150 lr=1.281e-04 time=0.193s
[RQ-VAE] epoch=2623 loss=0.90421289 recon=0.00011384 beh=6.009233 w=0.150 lr=1.278e-04 time=0.193s
[RQ-VAE] epoch=2624 loss=0.90448952 recon=0.00011382 beh=6.005633 w=0.150 lr=1.275e-04 time=0.193s
[RQ-VAE] epoch=2625 loss=0.90558076 recon=0.00011383 beh=6.007575 w=0.150 lr=1.271e-04 time=0.194s
[RQ-VAE] epoch=2626 loss=0.90642297 recon=0.00011377 beh=6.007866 w=0.150 lr=1.268e-04 time=0.193s
[RQ-VAE] epoch=2627 loss=0.90721595 recon=0.00011380 beh=6.008107 w=0.150 lr=1.264e-04 time=0.193s
[RQ-VAE] epoch=2628 loss=0.90895087 recon=0.00011379 beh=6.014174 w=0.150 lr=1.261e-04 time=0.294s
[RQ-VAE] epoch=2629 loss=0.90962511 recon=0.00011375 beh=6.013476 w=0.151 lr=1.258e-04 time=0.192s
[RQ-VAE] epoch=2630 loss=0.91068161 recon=0.00011373 beh=6.015060 w=0.151 lr=1.254e-04 time=0.193s
[RQ-VAE] epoch=2631 loss=0.91065401 recon=0.00011356 beh=6.009190 w=0.151 lr=1.251e-04 time=0.193s
[RQ-VAE] epoch=2632 loss=0.91173005 recon=0.00011348 beh=6.011061 w=0.151 lr=1.247e-04 time=0.193s
[RQ-VAE] epoch=2633 loss=0.91174424 recon=0.00011353 beh=6.005978 w=0.151 lr=1.244e-04 time=0.192s
[RQ-VAE] epoch=2634 loss=0.91363162 recon=0.00011356 beh=6.013091 w=0.151 lr=1.241e-04 time=0.194s
[RQ-VAE] epoch=2635 loss=0.91349632 recon=0.00011361 beh=6.006356 w=0.151 lr=1.237e-04 time=0.192s
[RQ-VAE] epoch=2636 loss=0.91475415 recon=0.00011371 beh=6.009552 w=0.151 lr=1.234e-04 time=0.193s
[RQ-VAE] epoch=2637 loss=0.91533494 recon=0.00011370 beh=6.008210 w=0.152 lr=1.231e-04 time=0.191s
[RQ-VAE] epoch=2638 loss=0.91645646 recon=0.00011358 beh=6.010432 w=0.152 lr=1.227e-04 time=0.193s
[RQ-VAE] epoch=2639 loss=0.91629463 recon=0.00011359 beh=6.004026 w=0.152 lr=1.224e-04 time=0.192s
[RQ-VAE] epoch=2640 loss=0.91803747 recon=0.00011356 beh=6.010397 w=0.152 lr=1.220e-04 time=0.192s
[RQ-VAE] epoch=2641 loss=0.91784340 recon=0.00011349 beh=6.003873 w=0.152 lr=1.217e-04 time=0.193s
[RQ-VAE] epoch=2642 loss=0.91988707 recon=0.00011353 beh=6.011743 w=0.152 lr=1.214e-04 time=0.194s
[RQ-VAE] epoch=2643 loss=0.92057234 recon=0.00011349 beh=6.010829 w=0.152 lr=1.210e-04 time=0.192s
[RQ-VAE] epoch=2644 loss=0.92056453 recon=0.00011343 beh=6.005438 w=0.153 lr=1.207e-04 time=0.285s
[RQ-VAE] epoch=2645 loss=0.92242086 recon=0.00011355 beh=6.012578 w=0.153 lr=1.203e-04 time=0.192s
[RQ-VAE] epoch=2646 loss=0.92299169 recon=0.00011348 beh=6.011135 w=0.153 lr=1.200e-04 time=0.194s
[RQ-VAE] epoch=2647 loss=0.92366445 recon=0.00011326 beh=6.010270 w=0.153 lr=1.197e-04 time=0.192s
[RQ-VAE] epoch=2648 loss=0.92365921 recon=0.00011341 beh=6.004973 w=0.153 lr=1.193e-04 time=0.192s
[RQ-VAE] epoch=2649 loss=0.92567647 recon=0.00011353 beh=6.012840 w=0.153 lr=1.190e-04 time=0.192s
[RQ-VAE] epoch=2650 loss=0.92596269 recon=0.00011355 lr=1.186e-04 raw_unique=23735/24587 collision=0.034652 time=0.193s
[RQ-VAE] epoch=2651 loss=0.92680883 recon=0.00011345 beh=6.009766 w=0.153 lr=1.183e-04 time=0.192s
[RQ-VAE] epoch=2652 loss=0.92805469 recon=0.00011362 beh=6.012675 w=0.154 lr=1.180e-04 time=0.193s
[RQ-VAE] epoch=2653 loss=0.92895240 recon=0.00011373 beh=6.013535 w=0.154 lr=1.176e-04 time=0.192s
[RQ-VAE] epoch=2654 loss=0.92923629 recon=0.00011366 beh=6.009842 w=0.154 lr=1.173e-04 time=0.193s
[RQ-VAE] epoch=2655 loss=0.92868471 recon=0.00011339 beh=6.001022 w=0.154 lr=1.169e-04 time=0.192s
[RQ-VAE] epoch=2656 loss=0.92931205 recon=0.00011348 beh=5.999535 w=0.154 lr=1.166e-04 time=0.193s
[RQ-VAE] epoch=2657 loss=0.93148494 recon=0.00011339 beh=6.008805 w=0.154 lr=1.163e-04 time=0.191s
[RQ-VAE] epoch=2658 loss=0.93119335 recon=0.00011319 beh=6.001775 w=0.154 lr=1.159e-04 time=0.192s
[RQ-VAE] epoch=2659 loss=0.93245471 recon=0.00011356 beh=6.004606 w=0.155 lr=1.156e-04 time=0.192s
[RQ-VAE] epoch=2660 loss=0.93447638 recon=0.00011359 beh=6.012390 w=0.155 lr=1.153e-04 time=0.284s
[RQ-VAE] epoch=2661 loss=0.93518651 recon=0.00011366 beh=6.012137 w=0.155 lr=1.149e-04 time=0.191s
[RQ-VAE] epoch=2662 loss=0.93580264 recon=0.00011361 beh=6.010897 w=0.155 lr=1.146e-04 time=0.192s
[RQ-VAE] epoch=2663 loss=0.93610144 recon=0.00011366 beh=6.007558 w=0.155 lr=1.142e-04 time=0.192s
[RQ-VAE] epoch=2664 loss=0.93754417 recon=0.00011366 beh=6.011271 w=0.155 lr=1.139e-04 time=0.193s
[RQ-VAE] epoch=2665 loss=0.93889463 recon=0.00011342 beh=6.015152 w=0.155 lr=1.136e-04 time=0.193s
[RQ-VAE] epoch=2666 loss=0.93886238 recon=0.00011338 beh=6.010015 w=0.155 lr=1.132e-04 time=0.193s
[RQ-VAE] epoch=2667 loss=0.93965125 recon=0.00011334 beh=6.009617 w=0.156 lr=1.129e-04 time=0.192s
[RQ-VAE] epoch=2668 loss=0.94050121 recon=0.00011334 beh=6.009938 w=0.156 lr=1.125e-04 time=0.193s
[RQ-VAE] epoch=2669 loss=0.94134456 recon=0.00011333 beh=6.010312 w=0.156 lr=1.122e-04 time=0.192s
[RQ-VAE] epoch=2670 loss=0.94169831 recon=0.00011330 beh=6.007633 w=0.156 lr=1.119e-04 time=0.192s
[RQ-VAE] epoch=2671 loss=0.94182402 recon=0.00011320 beh=6.003077 w=0.156 lr=1.115e-04 time=0.193s
[RQ-VAE] epoch=2672 loss=0.94234765 recon=0.00011328 beh=6.001244 w=0.156 lr=1.112e-04 time=0.193s
[RQ-VAE] epoch=2673 loss=0.94289058 recon=0.00011335 beh=5.999245 w=0.156 lr=1.108e-04 time=0.193s
[RQ-VAE] epoch=2674 loss=0.94480819 recon=0.00011351 beh=6.006656 w=0.157 lr=1.105e-04 time=0.193s
[RQ-VAE] epoch=2675 loss=0.94539613 recon=0.00011356 beh=6.005355 w=0.157 lr=1.102e-04 time=0.192s
[RQ-VAE] epoch=2676 loss=0.94689029 recon=0.00011347 beh=6.009402 w=0.157 lr=1.098e-04 time=0.283s
[RQ-VAE] epoch=2677 loss=0.94756901 recon=0.00011335 beh=6.008638 w=0.157 lr=1.095e-04 time=0.192s
[RQ-VAE] epoch=2678 loss=0.94786125 recon=0.00011337 beh=6.005483 w=0.157 lr=1.092e-04 time=0.193s
[RQ-VAE] epoch=2679 loss=0.94823933 recon=0.00011348 beh=6.002773 w=0.157 lr=1.088e-04 time=0.192s
[RQ-VAE] epoch=2680 loss=0.94928628 recon=0.00011343 beh=6.004308 w=0.157 lr=1.085e-04 time=0.193s
[RQ-VAE] epoch=2681 loss=0.95006132 recon=0.00011343 beh=6.004303 w=0.157 lr=1.081e-04 time=0.192s
[RQ-VAE] epoch=2682 loss=0.95164984 recon=0.00011338 beh=6.009283 w=0.158 lr=1.078e-04 time=0.193s
[RQ-VAE] epoch=2683 loss=0.95220971 recon=0.00011332 beh=6.007766 w=0.158 lr=1.075e-04 time=0.192s
[RQ-VAE] epoch=2684 loss=0.95333040 recon=0.00011328 beh=6.009729 w=0.158 lr=1.071e-04 time=0.193s
[RQ-VAE] epoch=2685 loss=0.95453912 recon=0.00011327 beh=6.012197 w=0.158 lr=1.068e-04 time=0.193s
[RQ-VAE] epoch=2686 loss=0.95381856 recon=0.00011331 beh=6.002485 w=0.158 lr=1.064e-04 time=0.193s
[RQ-VAE] epoch=2687 loss=0.95606339 recon=0.00011320 beh=6.011576 w=0.158 lr=1.061e-04 time=0.193s
[RQ-VAE] epoch=2688 loss=0.95663381 recon=0.00011340 beh=6.009768 w=0.158 lr=1.058e-04 time=0.193s
[RQ-VAE] epoch=2689 loss=0.95758814 recon=0.00011335 beh=6.011235 w=0.159 lr=1.054e-04 time=0.192s
[RQ-VAE] epoch=2690 loss=0.95857424 recon=0.00011329 beh=6.012600 w=0.159 lr=1.051e-04 time=0.192s
[RQ-VAE] epoch=2691 loss=0.95948493 recon=0.00011326 beh=6.013371 w=0.159 lr=1.047e-04 time=0.193s
[RQ-VAE] epoch=2692 loss=0.95989859 recon=0.00011314 beh=6.010736 w=0.159 lr=1.044e-04 time=0.28s
[RQ-VAE] epoch=2693 loss=0.96062136 recon=0.00011332 beh=6.009589 w=0.159 lr=1.041e-04 time=0.192s
[RQ-VAE] epoch=2694 loss=0.96092027 recon=0.00011320 beh=6.006672 w=0.159 lr=1.037e-04 time=0.192s
[RQ-VAE] epoch=2695 loss=0.96152443 recon=0.00011316 beh=6.005633 w=0.159 lr=1.034e-04 time=0.192s
[RQ-VAE] epoch=2696 loss=0.96311849 recon=0.00011328 beh=6.010448 w=0.159 lr=1.031e-04 time=0.192s
[RQ-VAE] epoch=2697 loss=0.96405327 recon=0.00011334 beh=6.011197 w=0.160 lr=1.027e-04 time=0.193s
[RQ-VAE] epoch=2698 loss=0.96507883 recon=0.00011344 beh=6.012406 w=0.160 lr=1.024e-04 time=0.191s
[RQ-VAE] epoch=2699 loss=0.96600604 recon=0.00011347 beh=6.013352 w=0.160 lr=1.020e-04 time=0.193s
[RQ-VAE] epoch=2700 loss=0.96645135 recon=0.00011364 lr=1.017e-04 raw_unique=23778/24587 collision=0.032904 time=0.191s
[RQ-VAE] epoch=2701 loss=0.96688503 recon=0.00011367 beh=6.009260 w=0.160 lr=1.014e-04 time=0.193s
[RQ-VAE] epoch=2702 loss=0.96876872 recon=0.00011336 beh=6.015644 w=0.160 lr=1.010e-04 time=0.191s
[RQ-VAE] epoch=2703 loss=0.96840382 recon=0.00011345 beh=6.008598 w=0.160 lr=1.007e-04 time=0.192s
[RQ-VAE] epoch=2704 loss=0.97021544 recon=0.00011376 beh=6.014867 w=0.161 lr=1.003e-04 time=0.191s
[RQ-VAE] epoch=2705 loss=0.97015941 recon=0.00011350 beh=6.009557 w=0.161 lr=1.000e-04 time=0.192s
[RQ-VAE] epoch=2706 loss=0.97150791 recon=0.00011361 beh=6.012920 w=0.161 lr=9.966e-05 time=0.192s
[RQ-VAE] epoch=2707 loss=0.97229522 recon=0.00011343 beh=6.012547 w=0.161 lr=9.932e-05 time=0.285s
[RQ-VAE] epoch=2708 loss=0.97244686 recon=0.00011325 beh=6.008550 w=0.161 lr=9.898e-05 time=0.192s
[RQ-VAE] epoch=2709 loss=0.97303748 recon=0.00011327 beh=6.007496 w=0.161 lr=9.864e-05 time=0.193s
[RQ-VAE] epoch=2710 loss=0.97504061 recon=0.00011316 beh=6.015132 w=0.161 lr=9.831e-05 time=0.192s
[RQ-VAE] epoch=2711 loss=0.97442985 recon=0.00011318 beh=6.005967 w=0.161 lr=9.797e-05 time=0.193s
[RQ-VAE] epoch=2712 loss=0.97533607 recon=0.00011333 beh=6.006350 w=0.162 lr=9.763e-05 time=0.192s
[RQ-VAE] epoch=2713 loss=0.97733480 recon=0.00011330 beh=6.013749 w=0.162 lr=9.729e-05 time=0.192s
[RQ-VAE] epoch=2714 loss=0.97731394 recon=0.00011320 beh=6.008688 w=0.162 lr=9.695e-05 time=0.193s
[RQ-VAE] epoch=2715 loss=0.97772527 recon=0.00011316 beh=6.006371 w=0.162 lr=9.661e-05 time=0.194s
[RQ-VAE] epoch=2716 loss=0.97802800 recon=0.00011301 beh=6.003055 w=0.162 lr=9.627e-05 time=0.192s
[RQ-VAE] epoch=2717 loss=0.97945553 recon=0.00011300 beh=6.007089 w=0.162 lr=9.593e-05 time=0.192s
[RQ-VAE] epoch=2718 loss=0.98063636 recon=0.00011284 beh=6.009415 w=0.162 lr=9.559e-05 time=0.192s
[RQ-VAE] epoch=2719 loss=0.98098719 recon=0.00011329 beh=6.006638 w=0.163 lr=9.525e-05 time=0.193s
[RQ-VAE] epoch=2720 loss=0.98257285 recon=0.00011344 beh=6.011456 w=0.163 lr=9.492e-05 time=0.192s
[RQ-VAE] epoch=2721 loss=0.98245490 recon=0.00011343 beh=6.005683 w=0.163 lr=9.458e-05 time=0.193s
[RQ-VAE] epoch=2722 loss=0.98292202 recon=0.00011324 beh=6.003662 w=0.163 lr=9.424e-05 time=0.193s
[RQ-VAE] epoch=2723 loss=0.98334730 recon=0.00011295 beh=6.001172 w=0.163 lr=9.390e-05 time=0.285s
[RQ-VAE] epoch=2724 loss=0.98465329 recon=0.00011322 beh=6.004070 w=0.163 lr=9.356e-05 time=0.191s
[RQ-VAE] epoch=2725 loss=0.98610365 recon=0.00011310 beh=6.008042 w=0.163 lr=9.322e-05 time=0.193s
[RQ-VAE] epoch=2726 loss=0.98627752 recon=0.00011306 beh=6.004597 w=0.163 lr=9.288e-05 time=0.193s
[RQ-VAE] epoch=2727 loss=0.98690534 recon=0.00011298 beh=6.003658 w=0.164 lr=9.254e-05 time=0.193s
[RQ-VAE] epoch=2728 loss=0.98798251 recon=0.00011306 beh=6.005084 w=0.164 lr=9.220e-05 time=0.192s
[RQ-VAE] epoch=2729 loss=0.98838991 recon=0.00011296 beh=6.002654 w=0.164 lr=9.186e-05 time=0.193s
[RQ-VAE] epoch=2730 loss=0.98933816 recon=0.00011332 beh=6.003646 w=0.164 lr=9.153e-05 time=0.191s
[RQ-VAE] epoch=2731 loss=0.99011809 recon=0.00011333 beh=6.003520 w=0.164 lr=9.119e-05 time=0.193s
[RQ-VAE] epoch=2732 loss=0.99157989 recon=0.00011327 beh=6.007454 w=0.164 lr=9.085e-05 time=0.192s
[RQ-VAE] epoch=2733 loss=0.99323225 recon=0.00011321 beh=6.012308 w=0.164 lr=9.051e-05 time=0.193s
[RQ-VAE] epoch=2734 loss=0.99307358 recon=0.00011321 beh=6.006853 w=0.165 lr=9.017e-05 time=0.193s
[RQ-VAE] epoch=2735 loss=0.99490970 recon=0.00011321 beh=6.013044 w=0.165 lr=8.983e-05 time=0.193s
[RQ-VAE] epoch=2736 loss=0.99453247 recon=0.00011305 beh=6.005934 w=0.165 lr=8.949e-05 time=0.193s
[RQ-VAE] epoch=2737 loss=0.99566954 recon=0.00011311 beh=6.007965 w=0.165 lr=8.915e-05 time=0.193s
[RQ-VAE] epoch=2738 loss=0.99658525 recon=0.00011303 beh=6.008624 w=0.165 lr=8.881e-05 time=0.193s
[RQ-VAE] epoch=2739 loss=0.99672365 recon=0.00011314 beh=6.004392 w=0.165 lr=8.847e-05 time=0.284s
[RQ-VAE] epoch=2740 loss=0.99798024 recon=0.00011310 beh=6.007025 w=0.165 lr=8.814e-05 time=0.193s
[RQ-VAE] epoch=2741 loss=0.99858755 recon=0.00011315 beh=6.006057 w=0.165 lr=8.780e-05 time=0.193s
[RQ-VAE] epoch=2742 loss=0.99962831 recon=0.00011304 beh=6.007396 w=0.166 lr=8.746e-05 time=0.193s
[RQ-VAE] epoch=2743 loss=1.00108504 recon=0.00011298 beh=6.011313 w=0.166 lr=8.712e-05 time=0.193s
[RQ-VAE] epoch=2744 loss=1.00105584 recon=0.00011298 beh=6.006422 w=0.166 lr=8.678e-05 time=0.193s
[RQ-VAE] epoch=2745 loss=1.00130999 recon=0.00011308 beh=6.003186 w=0.166 lr=8.644e-05 time=0.193s
[RQ-VAE] epoch=2746 loss=1.00173593 recon=0.00011292 beh=6.000828 w=0.166 lr=8.610e-05 time=0.192s
[RQ-VAE] epoch=2747 loss=1.00265050 recon=0.00011287 beh=6.001178 w=0.166 lr=8.576e-05 time=0.193s
[RQ-VAE] epoch=2748 loss=1.00503623 recon=0.00011269 beh=6.011089 w=0.166 lr=8.542e-05 time=0.192s
[RQ-VAE] epoch=2749 loss=1.00542784 recon=0.00011289 beh=6.008610 w=0.167 lr=8.508e-05 time=0.194s
[RQ-VAE] epoch=2750 loss=1.00555587 recon=0.00011276 lr=8.475e-05 raw_unique=23766/24587 collision=0.033392 time=0.192s
[RQ-VAE] epoch=2751 loss=1.00707066 recon=0.00011291 beh=6.008595 w=0.167 lr=8.441e-05 time=0.193s
[RQ-VAE] epoch=2752 loss=1.00745273 recon=0.00011265 beh=6.006144 w=0.167 lr=8.407e-05 time=0.193s
[RQ-VAE] epoch=2753 loss=1.00935733 recon=0.00011278 beh=6.012722 w=0.167 lr=8.373e-05 time=0.193s
[RQ-VAE] epoch=2754 loss=1.00807357 recon=0.00011290 beh=6.000261 w=0.167 lr=8.339e-05 time=0.192s
[RQ-VAE] epoch=2755 loss=1.01056647 recon=0.00011290 beh=6.010345 w=0.167 lr=8.305e-05 time=0.283s
[RQ-VAE] epoch=2756 loss=1.01061964 recon=0.00011292 beh=6.005412 w=0.167 lr=8.271e-05 time=0.191s
[RQ-VAE] epoch=2757 loss=1.01265025 recon=0.00011280 beh=6.012836 w=0.168 lr=8.237e-05 time=0.191s
[RQ-VAE] epoch=2758 loss=1.01357496 recon=0.00011283 beh=6.013817 w=0.168 lr=8.203e-05 time=0.192s
[RQ-VAE] epoch=2759 loss=1.01388323 recon=0.00011284 beh=6.010979 w=0.168 lr=8.169e-05 time=0.192s
[RQ-VAE] epoch=2760 loss=1.01410711 recon=0.00011291 beh=6.007681 w=0.168 lr=8.136e-05 time=0.191s
[RQ-VAE] epoch=2761 loss=1.01507187 recon=0.00011293 beh=6.008721 w=0.168 lr=8.102e-05 time=0.192s
[RQ-VAE] epoch=2762 loss=1.01562524 recon=0.00011281 beh=6.007213 w=0.168 lr=8.068e-05 time=0.192s
[RQ-VAE] epoch=2763 loss=1.01644206 recon=0.00011297 beh=6.007187 w=0.168 lr=8.034e-05 time=0.193s
[RQ-VAE] epoch=2764 loss=1.01700723 recon=0.00011275 beh=6.005604 w=0.169 lr=8.000e-05 time=0.193s
[RQ-VAE] epoch=2765 loss=1.01933002 recon=0.00011284 beh=6.014425 w=0.169 lr=7.966e-05 time=0.193s
[RQ-VAE] epoch=2766 loss=1.01939583 recon=0.00011296 beh=6.010419 w=0.169 lr=7.932e-05 time=0.192s
[RQ-VAE] epoch=2767 loss=1.01927912 recon=0.00011297 beh=6.004914 w=0.169 lr=7.898e-05 time=0.193s
[RQ-VAE] epoch=2768 loss=1.02033603 recon=0.00011294 beh=6.006360 w=0.169 lr=7.864e-05 time=0.192s
[RQ-VAE] epoch=2769 loss=1.02125943 recon=0.00011276 beh=6.006946 w=0.169 lr=7.831e-05 time=0.193s
[RQ-VAE] epoch=2770 loss=1.02077043 recon=0.00011255 beh=5.999176 w=0.169 lr=7.797e-05 time=0.193s
[RQ-VAE] epoch=2771 loss=1.02341938 recon=0.00011263 beh=6.010181 w=0.169 lr=7.763e-05 time=0.283s
[RQ-VAE] epoch=2772 loss=1.02386713 recon=0.00011283 beh=6.008233 w=0.170 lr=7.729e-05 time=0.193s
[RQ-VAE] epoch=2773 loss=1.02458715 recon=0.00011273 beh=6.007587 w=0.170 lr=7.695e-05 time=0.193s
[RQ-VAE] epoch=2774 loss=1.02539515 recon=0.00011276 beh=6.007698 w=0.170 lr=7.661e-05 time=0.193s
[RQ-VAE] epoch=2775 loss=1.02700329 recon=0.00011298 beh=6.012503 w=0.170 lr=7.627e-05 time=0.193s
[RQ-VAE] epoch=2776 loss=1.02602494 recon=0.00011278 beh=6.002098 w=0.170 lr=7.593e-05 time=0.193s
[RQ-VAE] epoch=2777 loss=1.02683723 recon=0.00011279 beh=6.002056 w=0.170 lr=7.559e-05 time=0.193s
[RQ-VAE] epoch=2778 loss=1.02870035 recon=0.00011288 beh=6.008218 w=0.170 lr=7.525e-05 time=0.194s
[RQ-VAE] epoch=2779 loss=1.02995360 recon=0.00011282 beh=6.010792 w=0.171 lr=7.492e-05 time=0.192s
[RQ-VAE] epoch=2780 loss=1.03096426 recon=0.00011278 beh=6.011784 w=0.171 lr=7.458e-05 time=0.193s
[RQ-VAE] epoch=2781 loss=1.03114009 recon=0.00011274 beh=6.008157 w=0.171 lr=7.424e-05 time=0.193s
[RQ-VAE] epoch=2782 loss=1.03230798 recon=0.00011268 beh=6.010306 w=0.171 lr=7.390e-05 time=0.192s
[RQ-VAE] epoch=2783 loss=1.03295493 recon=0.00011280 beh=6.009549 w=0.171 lr=7.356e-05 time=0.193s
[RQ-VAE] epoch=2784 loss=1.03334248 recon=0.00011289 beh=6.007093 w=0.171 lr=7.322e-05 time=0.193s
[RQ-VAE] epoch=2785 loss=1.03451455 recon=0.00011278 beh=6.009568 w=0.171 lr=7.288e-05 time=0.192s
[RQ-VAE] epoch=2786 loss=1.03449917 recon=0.00011256 beh=6.004849 w=0.171 lr=7.254e-05 time=0.193s
[RQ-VAE] epoch=2787 loss=1.03636980 recon=0.00011260 beh=6.010858 w=0.172 lr=7.220e-05 time=0.285s
[RQ-VAE] epoch=2788 loss=1.03720951 recon=0.00011252 beh=6.011216 w=0.172 lr=7.186e-05 time=0.192s
[RQ-VAE] epoch=2789 loss=1.03842723 recon=0.00011260 beh=6.013455 w=0.172 lr=7.153e-05 time=0.191s
[RQ-VAE] epoch=2790 loss=1.03803968 recon=0.00011262 beh=6.006318 w=0.172 lr=7.119e-05 time=0.193s
[RQ-VAE] epoch=2791 loss=1.03821754 recon=0.00011265 beh=6.002626 w=0.172 lr=7.085e-05 time=0.191s
[RQ-VAE] epoch=2792 loss=1.03975439 recon=0.00011267 beh=6.006882 w=0.172 lr=7.051e-05 time=0.193s
[RQ-VAE] epoch=2793 loss=1.04104662 recon=0.00011278 beh=6.009883 w=0.172 lr=7.017e-05 time=0.191s
[RQ-VAE] epoch=2794 loss=1.04164350 recon=0.00011278 beh=6.008918 w=0.173 lr=6.983e-05 time=0.192s
[RQ-VAE] epoch=2795 loss=1.04358244 recon=0.00011269 beh=6.015361 w=0.173 lr=6.949e-05 time=0.192s
[RQ-VAE] epoch=2796 loss=1.04298878 recon=0.00011272 beh=6.007082 w=0.173 lr=6.915e-05 time=0.193s
[RQ-VAE] epoch=2797 loss=1.04469872 recon=0.00011272 beh=6.012386 w=0.173 lr=6.881e-05 time=0.191s
[RQ-VAE] epoch=2798 loss=1.04471350 recon=0.00011275 beh=6.007788 w=0.173 lr=6.847e-05 time=0.193s
[RQ-VAE] epoch=2799 loss=1.04510951 recon=0.00011281 beh=6.005725 w=0.173 lr=6.814e-05 time=0.191s
[RQ-VAE] epoch=2800 loss=1.04541159 recon=0.00011283 lr=6.780e-05 raw_unique=23730/24587 collision=0.034856 time=0.192s
[RQ-VAE] epoch=2801 loss=1.04698682 recon=0.00011270 beh=6.006985 w=0.173 lr=6.746e-05 time=0.191s
[RQ-VAE] epoch=2802 loss=1.04706383 recon=0.00011252 beh=6.002741 w=0.174 lr=6.712e-05 time=0.286s
[RQ-VAE] epoch=2803 loss=1.04801619 recon=0.00011264 beh=6.003722 w=0.174 lr=6.678e-05 time=0.192s
[RQ-VAE] epoch=2804 loss=1.04904735 recon=0.00011272 beh=6.005177 w=0.174 lr=6.644e-05 time=0.192s
[RQ-VAE] epoch=2805 loss=1.05073571 recon=0.00011281 beh=6.010060 w=0.174 lr=6.610e-05 time=0.191s
[RQ-VAE] epoch=2806 loss=1.05115366 recon=0.00011269 beh=6.007827 w=0.174 lr=6.576e-05 time=0.193s
[RQ-VAE] epoch=2807 loss=1.05160332 recon=0.00011277 beh=6.005680 w=0.174 lr=6.542e-05 time=0.193s
[RQ-VAE] epoch=2808 loss=1.05238247 recon=0.00011262 beh=6.005600 w=0.174 lr=6.508e-05 time=0.193s
[RQ-VAE] epoch=2809 loss=1.05288744 recon=0.00011273 beh=6.003797 w=0.175 lr=6.475e-05 time=0.192s
[RQ-VAE] epoch=2810 loss=1.05389988 recon=0.00011258 beh=6.005388 w=0.175 lr=6.441e-05 time=0.194s
[RQ-VAE] epoch=2811 loss=1.05522084 recon=0.00011255 beh=6.008315 w=0.175 lr=6.407e-05 time=0.192s
[RQ-VAE] epoch=2812 loss=1.05492711 recon=0.00011250 beh=6.001713 w=0.175 lr=6.373e-05 time=0.194s
[RQ-VAE] epoch=2813 loss=1.05582643 recon=0.00011250 beh=6.002437 w=0.175 lr=6.339e-05 time=0.192s
[RQ-VAE] epoch=2814 loss=1.05834162 recon=0.00011238 beh=6.012114 w=0.175 lr=6.305e-05 time=0.194s
[RQ-VAE] epoch=2815 loss=1.05843067 recon=0.00011247 beh=6.007988 w=0.175 lr=6.271e-05 time=0.193s
[RQ-VAE] epoch=2816 loss=1.05905998 recon=0.00011277 beh=6.007057 w=0.175 lr=6.237e-05 time=0.193s
[RQ-VAE] epoch=2817 loss=1.06058025 recon=0.00011265 beh=6.011396 w=0.176 lr=6.203e-05 time=0.192s
[RQ-VAE] epoch=2818 loss=1.06010771 recon=0.00011265 beh=6.004040 w=0.176 lr=6.169e-05 time=0.294s
[RQ-VAE] epoch=2819 loss=1.06110263 recon=0.00011268 beh=6.005150 w=0.176 lr=6.136e-05 time=0.191s
[RQ-VAE] epoch=2820 loss=1.06305659 recon=0.00011261 beh=6.011550 w=0.176 lr=6.102e-05 time=0.193s
[RQ-VAE] epoch=2821 loss=1.06324172 recon=0.00011255 beh=6.008047 w=0.176 lr=6.068e-05 time=0.192s
[RQ-VAE] epoch=2822 loss=1.06489027 recon=0.00011273 beh=6.012716 w=0.176 lr=6.034e-05 time=0.192s
[RQ-VAE] epoch=2823 loss=1.06471145 recon=0.00011266 beh=6.007235 w=0.176 lr=6.000e-05 time=0.192s
[RQ-VAE] epoch=2824 loss=1.06524944 recon=0.00011271 beh=6.005866 w=0.177 lr=5.966e-05 time=0.192s
[RQ-VAE] epoch=2825 loss=1.06733036 recon=0.00011266 beh=6.013207 w=0.177 lr=5.932e-05 time=0.192s
[RQ-VAE] epoch=2826 loss=1.06740439 recon=0.00011263 beh=6.008966 w=0.177 lr=5.898e-05 time=0.192s
[RQ-VAE] epoch=2827 loss=1.06838238 recon=0.00011256 beh=6.009881 w=0.177 lr=5.864e-05 time=0.192s
[RQ-VAE] epoch=2828 loss=1.06909871 recon=0.00011257 beh=6.009221 w=0.177 lr=5.831e-05 time=0.192s
[RQ-VAE] epoch=2829 loss=1.06992900 recon=0.00011261 beh=6.009530 w=0.177 lr=5.797e-05 time=0.191s
[RQ-VAE] epoch=2830 loss=1.07041991 recon=0.00011262 beh=6.007663 w=0.177 lr=5.763e-05 time=0.193s
[RQ-VAE] epoch=2831 loss=1.07206941 recon=0.00011262 beh=6.012390 w=0.177 lr=5.729e-05 time=0.193s
[RQ-VAE] epoch=2832 loss=1.07168555 recon=0.00011265 beh=6.005667 w=0.178 lr=5.695e-05 time=0.194s
[RQ-VAE] epoch=2833 loss=1.07373512 recon=0.00011264 beh=6.012853 w=0.178 lr=5.661e-05 time=0.193s
[RQ-VAE] epoch=2834 loss=1.07396221 recon=0.00011261 beh=6.009699 w=0.178 lr=5.627e-05 time=0.284s
[RQ-VAE] epoch=2835 loss=1.07449174 recon=0.00011240 beh=6.008091 w=0.178 lr=5.593e-05 time=0.192s
[RQ-VAE] epoch=2836 loss=1.07532966 recon=0.00011220 beh=6.008213 w=0.178 lr=5.559e-05 time=0.193s
[RQ-VAE] epoch=2837 loss=1.07649195 recon=0.00011256 beh=6.010072 w=0.178 lr=5.525e-05 time=0.192s
[RQ-VAE] epoch=2838 loss=1.07664561 recon=0.00011262 beh=6.006634 w=0.178 lr=5.492e-05 time=0.193s
[RQ-VAE] epoch=2839 loss=1.07744455 recon=0.00011246 beh=6.006406 w=0.179 lr=5.458e-05 time=0.192s
[RQ-VAE] epoch=2840 loss=1.07880330 recon=0.00011238 beh=6.009506 w=0.179 lr=5.424e-05 time=0.193s
[RQ-VAE] epoch=2841 loss=1.07852006 recon=0.00011237 beh=6.003479 w=0.179 lr=5.390e-05 time=0.191s
[RQ-VAE] epoch=2842 loss=1.08022928 recon=0.00011245 beh=6.008736 w=0.179 lr=5.356e-05 time=0.193s
[RQ-VAE] epoch=2843 loss=1.07963729 recon=0.00011232 beh=6.000801 w=0.179 lr=5.322e-05 time=0.193s
[RQ-VAE] epoch=2844 loss=1.08127928 recon=0.00011238 beh=6.005366 w=0.179 lr=5.288e-05 time=0.193s
[RQ-VAE] epoch=2845 loss=1.08170342 recon=0.00011232 beh=6.003135 w=0.179 lr=5.254e-05 time=0.192s
[RQ-VAE] epoch=2846 loss=1.08310115 recon=0.00011254 beh=6.006711 w=0.179 lr=5.220e-05 time=0.194s
[RQ-VAE] epoch=2847 loss=1.08375454 recon=0.00011234 beh=6.005781 w=0.180 lr=5.186e-05 time=0.192s
[RQ-VAE] epoch=2848 loss=1.08512390 recon=0.00011243 beh=6.008741 w=0.180 lr=5.153e-05 time=0.192s
[RQ-VAE] epoch=2849 loss=1.08514214 recon=0.00011259 beh=6.004632 w=0.180 lr=5.119e-05 time=0.193s
[RQ-VAE] epoch=2850 loss=1.08693910 recon=0.00011280 lr=5.085e-05 raw_unique=23748/24587 collision=0.034124 time=0.288s
[RQ-VAE] epoch=2851 loss=1.08816075 recon=0.00011271 beh=6.012587 w=0.180 lr=5.051e-05 time=0.192s
[RQ-VAE] epoch=2852 loss=1.08887768 recon=0.00011267 beh=6.012197 w=0.180 lr=5.017e-05 time=0.193s
[RQ-VAE] epoch=2853 loss=1.08812046 recon=0.00011256 beh=6.003530 w=0.180 lr=4.983e-05 time=0.191s
[RQ-VAE] epoch=2854 loss=1.09051108 recon=0.00011247 beh=6.012161 w=0.181 lr=4.949e-05 time=0.192s
[RQ-VAE] epoch=2855 loss=1.08995986 recon=0.00011249 beh=6.004451 w=0.181 lr=4.915e-05 time=0.192s
[RQ-VAE] epoch=2856 loss=1.09154510 recon=0.00011235 beh=6.008617 w=0.181 lr=4.881e-05 time=0.192s
[RQ-VAE] epoch=2857 loss=1.09266961 recon=0.00011245 beh=6.010385 w=0.181 lr=4.847e-05 time=0.192s
[RQ-VAE] epoch=2858 loss=1.09250617 recon=0.00011258 beh=6.005193 w=0.181 lr=4.814e-05 time=0.193s
[RQ-VAE] epoch=2859 loss=1.09386778 recon=0.00011239 beh=6.008354 w=0.181 lr=4.780e-05 time=0.192s
[RQ-VAE] epoch=2860 loss=1.09401429 recon=0.00011251 beh=6.004552 w=0.181 lr=4.746e-05 time=0.193s
[RQ-VAE] epoch=2861 loss=1.09620905 recon=0.00011237 beh=6.012465 w=0.181 lr=4.712e-05 time=0.192s
[RQ-VAE] epoch=2862 loss=1.09583700 recon=0.00011232 beh=6.005960 w=0.182 lr=4.678e-05 time=0.192s
[RQ-VAE] epoch=2863 loss=1.09641242 recon=0.00011220 beh=6.004562 w=0.182 lr=4.644e-05 time=0.192s
[RQ-VAE] epoch=2864 loss=1.09726465 recon=0.00011225 beh=6.004903 w=0.182 lr=4.610e-05 time=0.192s
[RQ-VAE] epoch=2865 loss=1.09936428 recon=0.00011224 beh=6.012292 w=0.182 lr=4.576e-05 time=0.192s
[RQ-VAE] epoch=2866 loss=1.09929657 recon=0.00011226 beh=6.007658 w=0.182 lr=4.542e-05 time=0.282s
[RQ-VAE] epoch=2867 loss=1.09935153 recon=0.00011249 beh=6.003326 w=0.182 lr=4.508e-05 time=0.192s
[RQ-VAE] epoch=2868 loss=1.10039639 recon=0.00011256 beh=6.004540 w=0.182 lr=4.475e-05 time=0.193s
[RQ-VAE] epoch=2869 loss=1.10179985 recon=0.00011245 beh=6.007794 w=0.183 lr=4.441e-05 time=0.192s
[RQ-VAE] epoch=2870 loss=1.10346878 recon=0.00011241 beh=6.012473 w=0.183 lr=4.407e-05 time=0.193s
[RQ-VAE] epoch=2871 loss=1.10223258 recon=0.00011245 beh=6.001097 w=0.183 lr=4.373e-05 time=0.192s
[RQ-VAE] epoch=2872 loss=1.10455346 recon=0.00011247 beh=6.009447 w=0.183 lr=4.339e-05 time=0.194s
[RQ-VAE] epoch=2873 loss=1.10324955 recon=0.00011257 beh=5.998263 w=0.183 lr=4.305e-05 time=0.192s
[RQ-VAE] epoch=2874 loss=1.10588694 recon=0.00011248 beh=6.008093 w=0.183 lr=4.271e-05 time=0.192s
[RQ-VAE] epoch=2875 loss=1.10728157 recon=0.00011243 beh=6.011382 w=0.183 lr=4.237e-05 time=0.193s
[RQ-VAE] epoch=2876 loss=1.10661662 recon=0.00011238 beh=6.003412 w=0.183 lr=4.203e-05 time=0.193s
[RQ-VAE] epoch=2877 loss=1.10792804 recon=0.00011243 beh=6.006087 w=0.184 lr=4.169e-05 time=0.193s
[RQ-VAE] epoch=2878 loss=1.10847747 recon=0.00011240 beh=6.004856 w=0.184 lr=4.136e-05 time=0.194s
[RQ-VAE] epoch=2879 loss=1.10973871 recon=0.00011250 beh=6.007438 w=0.184 lr=4.102e-05 time=0.193s
[RQ-VAE] epoch=2880 loss=1.11024451 recon=0.00011232 beh=6.005849 w=0.184 lr=4.068e-05 time=0.193s
[RQ-VAE] epoch=2881 loss=1.11264658 recon=0.00011241 beh=6.014721 w=0.184 lr=4.034e-05 time=0.193s
[RQ-VAE] epoch=2882 loss=1.11289454 recon=0.00011246 beh=6.011602 w=0.184 lr=4.000e-05 time=0.283s
[RQ-VAE] epoch=2883 loss=1.11314356 recon=0.00011242 beh=6.008644 w=0.184 lr=3.966e-05 time=0.194s
[RQ-VAE] epoch=2884 loss=1.11523247 recon=0.00011247 beh=6.015461 w=0.185 lr=3.932e-05 time=0.192s
[RQ-VAE] epoch=2885 loss=1.11513519 recon=0.00011243 beh=6.010561 w=0.185 lr=3.898e-05 time=0.192s
[RQ-VAE] epoch=2886 loss=1.11576962 recon=0.00011247 beh=6.009499 w=0.185 lr=3.864e-05 time=0.192s
[RQ-VAE] epoch=2887 loss=1.11598957 recon=0.00011246 beh=6.006266 w=0.185 lr=3.831e-05 time=0.193s
[RQ-VAE] epoch=2888 loss=1.11601019 recon=0.00011253 beh=6.002017 w=0.185 lr=3.797e-05 time=0.19s
[RQ-VAE] epoch=2889 loss=1.11738968 recon=0.00011256 beh=6.005080 w=0.185 lr=3.763e-05 time=0.193s
[RQ-VAE] epoch=2890 loss=1.11887181 recon=0.00011239 beh=6.008815 w=0.185 lr=3.729e-05 time=0.191s
[RQ-VAE] epoch=2891 loss=1.11923814 recon=0.00011245 beh=6.006304 w=0.185 lr=3.695e-05 time=0.193s
[RQ-VAE] epoch=2892 loss=1.12080395 recon=0.00011237 beh=6.010482 w=0.186 lr=3.661e-05 time=0.191s
[RQ-VAE] epoch=2893 loss=1.11929345 recon=0.00011240 beh=5.997909 w=0.186 lr=3.627e-05 time=0.193s
[RQ-VAE] epoch=2894 loss=1.12067616 recon=0.00011237 beh=6.001014 w=0.186 lr=3.593e-05 time=0.192s
[RQ-VAE] epoch=2895 loss=1.12236798 recon=0.00011236 beh=6.005568 w=0.186 lr=3.559e-05 time=0.193s
[RQ-VAE] epoch=2896 loss=1.12278152 recon=0.00011245 beh=6.003831 w=0.186 lr=3.525e-05 time=0.192s
[RQ-VAE] epoch=2897 loss=1.12268054 recon=0.00011245 beh=5.999033 w=0.186 lr=3.492e-05 time=0.285s
[RQ-VAE] epoch=2898 loss=1.12578416 recon=0.00011227 beh=6.011417 w=0.186 lr=3.458e-05 time=0.191s
[RQ-VAE] epoch=2899 loss=1.12535179 recon=0.00011238 beh=6.004656 w=0.187 lr=3.424e-05 time=0.192s
[RQ-VAE] epoch=2900 loss=1.12692833 recon=0.00011229 lr=3.390e-05 raw_unique=23733/24587 collision=0.034734 time=0.192s
[RQ-VAE] epoch=2901 loss=1.12714791 recon=0.00011237 beh=6.005799 w=0.187 lr=3.356e-05 time=0.193s
[RQ-VAE] epoch=2902 loss=1.12840915 recon=0.00011241 beh=6.008032 w=0.187 lr=3.322e-05 time=0.193s
[RQ-VAE] epoch=2903 loss=1.12770522 recon=0.00011238 beh=6.000086 w=0.187 lr=3.288e-05 time=0.192s
[RQ-VAE] epoch=2904 loss=1.12938547 recon=0.00011235 beh=6.004833 w=0.187 lr=3.254e-05 time=0.192s
[RQ-VAE] epoch=2905 loss=1.12998366 recon=0.00011246 beh=6.003713 w=0.187 lr=3.220e-05 time=0.193s
[RQ-VAE] epoch=2906 loss=1.13108504 recon=0.00011233 beh=6.005521 w=0.187 lr=3.186e-05 time=0.192s
[RQ-VAE] epoch=2907 loss=1.13179588 recon=0.00011229 beh=6.004933 w=0.188 lr=3.153e-05 time=0.192s
[RQ-VAE] epoch=2908 loss=1.13248682 recon=0.00011222 beh=6.004159 w=0.188 lr=3.119e-05 time=0.192s
[RQ-VAE] epoch=2909 loss=1.13318002 recon=0.00011219 beh=6.003634 w=0.188 lr=3.085e-05 time=0.194s
[RQ-VAE] epoch=2910 loss=1.13391066 recon=0.00011226 beh=6.003141 w=0.188 lr=3.051e-05 time=0.192s
[RQ-VAE] epoch=2911 loss=1.13586390 recon=0.00011230 beh=6.009207 w=0.188 lr=3.017e-05 time=0.193s
[RQ-VAE] epoch=2912 loss=1.13512158 recon=0.00011237 beh=6.001080 w=0.188 lr=2.983e-05 time=0.192s
[RQ-VAE] epoch=2913 loss=1.13738966 recon=0.00011224 beh=6.008866 w=0.188 lr=2.949e-05 time=0.284s
[RQ-VAE] epoch=2914 loss=1.13710976 recon=0.00011229 beh=6.003145 w=0.189 lr=2.915e-05 time=0.191s
[RQ-VAE] epoch=2915 loss=1.13824439 recon=0.00011225 beh=6.004775 w=0.189 lr=2.881e-05 time=0.192s
[RQ-VAE] epoch=2916 loss=1.13819969 recon=0.00011228 beh=6.000439 w=0.189 lr=2.847e-05 time=0.191s
[RQ-VAE] epoch=2917 loss=1.13964248 recon=0.00011222 beh=6.003632 w=0.189 lr=2.814e-05 time=0.196s
[RQ-VAE] epoch=2918 loss=1.14104700 recon=0.00011230 beh=6.006900 w=0.189 lr=2.780e-05 time=0.192s
[RQ-VAE] epoch=2919 loss=1.14070356 recon=0.00011219 beh=6.000910 w=0.189 lr=2.746e-05 time=0.193s
[RQ-VAE] epoch=2920 loss=1.14210379 recon=0.00011229 beh=6.003804 w=0.189 lr=2.712e-05 time=0.192s
[RQ-VAE] epoch=2921 loss=1.14338517 recon=0.00011214 beh=6.006557 w=0.189 lr=2.678e-05 time=0.196s
[RQ-VAE] epoch=2922 loss=1.14407909 recon=0.00011219 beh=6.006130 w=0.190 lr=2.644e-05 time=0.193s
[RQ-VAE] epoch=2923 loss=1.14443266 recon=0.00011229 beh=6.003736 w=0.190 lr=2.610e-05 time=0.192s
[RQ-VAE] epoch=2924 loss=1.14561415 recon=0.00011217 beh=6.005906 w=0.190 lr=2.576e-05 time=0.192s
[RQ-VAE] epoch=2925 loss=1.14607334 recon=0.00011219 beh=6.003991 w=0.190 lr=2.542e-05 time=0.193s
[RQ-VAE] epoch=2926 loss=1.14744961 recon=0.00011215 beh=6.006830 w=0.190 lr=2.508e-05 time=0.192s
[RQ-VAE] epoch=2927 loss=1.14625299 recon=0.00011208 beh=5.996246 w=0.190 lr=2.475e-05 time=0.193s
[RQ-VAE] epoch=2928 loss=1.14980412 recon=0.00011214 beh=6.010707 w=0.190 lr=2.441e-05 time=0.192s
[RQ-VAE] epoch=2929 loss=1.14888930 recon=0.00011218 beh=6.001911 w=0.191 lr=2.407e-05 time=0.284s
[RQ-VAE] epoch=2930 loss=1.15074253 recon=0.00011208 beh=6.007342 w=0.191 lr=2.373e-05 time=0.191s
[RQ-VAE] epoch=2931 loss=1.15136087 recon=0.00011212 beh=6.006266 w=0.191 lr=2.339e-05 time=0.192s
[RQ-VAE] epoch=2932 loss=1.15307677 recon=0.00011210 beh=6.011017 w=0.191 lr=2.305e-05 time=0.192s
[RQ-VAE] epoch=2933 loss=1.15281057 recon=0.00011214 beh=6.005253 w=0.191 lr=2.271e-05 time=0.193s
[RQ-VAE] epoch=2934 loss=1.15378785 recon=0.00011216 beh=6.006397 w=0.191 lr=2.237e-05 time=0.192s
[RQ-VAE] epoch=2935 loss=1.15473616 recon=0.00011218 beh=6.007139 w=0.191 lr=2.203e-05 time=0.192s
[RQ-VAE] epoch=2936 loss=1.15582085 recon=0.00011210 beh=6.008525 w=0.191 lr=2.169e-05 time=0.192s
[RQ-VAE] epoch=2937 loss=1.15661645 recon=0.00011209 beh=6.008478 w=0.192 lr=2.136e-05 time=0.192s
[RQ-VAE] epoch=2938 loss=1.15773392 recon=0.00011211 beh=6.010017 w=0.192 lr=2.102e-05 time=0.193s
[RQ-VAE] epoch=2939 loss=1.15712035 recon=0.00011215 beh=6.002453 w=0.192 lr=2.068e-05 time=0.193s
[RQ-VAE] epoch=2940 loss=1.15856826 recon=0.00011207 beh=6.005949 w=0.192 lr=2.034e-05 time=0.192s
[RQ-VAE] epoch=2941 loss=1.15929341 recon=0.00011209 beh=6.005744 w=0.192 lr=2.000e-05 time=0.192s
[RQ-VAE] epoch=2942 loss=1.16072369 recon=0.00011211 beh=6.008879 w=0.192 lr=1.966e-05 time=0.192s
[RQ-VAE] epoch=2943 loss=1.16049266 recon=0.00011209 beh=6.003603 w=0.192 lr=1.932e-05 time=0.192s
[RQ-VAE] epoch=2944 loss=1.16290069 recon=0.00011214 beh=6.011928 w=0.193 lr=1.898e-05 time=0.193s
[RQ-VAE] epoch=2945 loss=1.16324377 recon=0.00011215 beh=6.009517 w=0.193 lr=1.864e-05 time=0.286s
[RQ-VAE] epoch=2946 loss=1.16364455 recon=0.00011211 beh=6.007292 w=0.193 lr=1.831e-05 time=0.191s
[RQ-VAE] epoch=2947 loss=1.16366076 recon=0.00011219 beh=6.003143 w=0.193 lr=1.797e-05 time=0.192s
[RQ-VAE] epoch=2948 loss=1.16448438 recon=0.00011209 beh=6.003317 w=0.193 lr=1.763e-05 time=0.192s
[RQ-VAE] epoch=2949 loss=1.16574275 recon=0.00011209 beh=6.005704 w=0.193 lr=1.729e-05 time=0.192s
[RQ-VAE] epoch=2950 loss=1.16636586 recon=0.00011208 lr=1.695e-05 raw_unique=23741/24587 collision=0.034408 time=0.192s
[RQ-VAE] epoch=2951 loss=1.16739941 recon=0.00011216 beh=6.006134 w=0.193 lr=1.661e-05 time=0.192s
[RQ-VAE] epoch=2952 loss=1.16702795 recon=0.00011218 beh=6.000006 w=0.194 lr=1.627e-05 time=0.192s
[RQ-VAE] epoch=2953 loss=1.16895413 recon=0.00011210 beh=6.005729 w=0.194 lr=1.593e-05 time=0.193s
[RQ-VAE] epoch=2954 loss=1.16935480 recon=0.00011208 beh=6.003658 w=0.194 lr=1.559e-05 time=0.191s
[RQ-VAE] epoch=2955 loss=1.16934371 recon=0.00011210 beh=5.999415 w=0.194 lr=1.525e-05 time=0.192s
[RQ-VAE] epoch=2956 loss=1.17085838 recon=0.00011205 beh=6.003084 w=0.194 lr=1.492e-05 time=0.192s
[RQ-VAE] epoch=2957 loss=1.17156446 recon=0.00011208 beh=6.002554 w=0.194 lr=1.458e-05 time=0.192s
[RQ-VAE] epoch=2958 loss=1.17329597 recon=0.00011203 beh=6.007360 w=0.194 lr=1.424e-05 time=0.191s
[RQ-VAE] epoch=2959 loss=1.17303276 recon=0.00011201 beh=6.001993 w=0.195 lr=1.390e-05 time=0.192s
[RQ-VAE] epoch=2960 loss=1.17621601 recon=0.00011202 beh=6.014071 w=0.195 lr=1.356e-05 time=0.192s
[RQ-VAE] epoch=2961 loss=1.17445123 recon=0.00011199 beh=6.000884 w=0.195 lr=1.322e-05 time=0.283s
[RQ-VAE] epoch=2962 loss=1.17655635 recon=0.00011198 beh=6.007571 w=0.195 lr=1.288e-05 time=0.192s
[RQ-VAE] epoch=2963 loss=1.17591786 recon=0.00011203 beh=6.000120 w=0.195 lr=1.254e-05 time=0.193s
[RQ-VAE] epoch=2964 loss=1.17842126 recon=0.00011207 beh=6.008989 w=0.195 lr=1.220e-05 time=0.192s
[RQ-VAE] epoch=2965 loss=1.17854643 recon=0.00011204 beh=6.005506 w=0.195 lr=1.186e-05 time=0.191s
[RQ-VAE] epoch=2966 loss=1.17819762 recon=0.00011206 beh=5.999582 w=0.195 lr=1.153e-05 time=0.192s
[RQ-VAE] epoch=2967 loss=1.18048382 recon=0.00011210 beh=6.007089 w=0.196 lr=1.119e-05 time=0.192s
[RQ-VAE] epoch=2968 loss=1.18148339 recon=0.00011211 beh=6.008200 w=0.196 lr=1.085e-05 time=0.191s
[RQ-VAE] epoch=2969 loss=1.18201983 recon=0.00011208 beh=6.006755 w=0.196 lr=1.051e-05 time=0.192s
[RQ-VAE] epoch=2970 loss=1.18171668 recon=0.00011211 beh=6.001019 w=0.196 lr=1.017e-05 time=0.193s
[RQ-VAE] epoch=2971 loss=1.18300867 recon=0.00011199 beh=6.003605 w=0.196 lr=9.831e-06 time=0.193s
[RQ-VAE] epoch=2972 loss=1.18461502 recon=0.00011211 beh=6.007761 w=0.196 lr=9.492e-06 time=0.192s
[RQ-VAE] epoch=2973 loss=1.18540359 recon=0.00011206 beh=6.007687 w=0.196 lr=9.153e-06 time=0.193s
[RQ-VAE] epoch=2974 loss=1.18732703 recon=0.00011200 beh=6.013317 w=0.197 lr=8.814e-06 time=0.192s
[RQ-VAE] epoch=2975 loss=1.18632984 recon=0.00011200 beh=6.004292 w=0.197 lr=8.475e-06 time=0.193s
[RQ-VAE] epoch=2976 loss=1.18761933 recon=0.00011203 beh=6.006652 w=0.197 lr=8.136e-06 time=0.193s
[RQ-VAE] epoch=2977 loss=1.18922544 recon=0.00011200 beh=6.010900 w=0.197 lr=7.797e-06 time=0.283s
[RQ-VAE] epoch=2978 loss=1.19019508 recon=0.00011205 beh=6.011623 w=0.197 lr=7.458e-06 time=0.192s
[RQ-VAE] epoch=2979 loss=1.18992329 recon=0.00011209 beh=6.006138 w=0.197 lr=7.119e-06 time=0.191s
[RQ-VAE] epoch=2980 loss=1.18939948 recon=0.00011201 beh=5.999510 w=0.197 lr=6.780e-06 time=0.193s
[RQ-VAE] epoch=2981 loss=1.19225991 recon=0.00011197 beh=6.009794 w=0.197 lr=6.441e-06 time=0.191s
[RQ-VAE] epoch=2982 loss=1.19187617 recon=0.00011200 beh=6.003839 w=0.198 lr=6.102e-06 time=0.194s
[RQ-VAE] epoch=2983 loss=1.19369769 recon=0.00011198 beh=6.008954 w=0.198 lr=5.763e-06 time=0.195s
[RQ-VAE] epoch=2984 loss=1.19398880 recon=0.00011200 beh=6.006473 w=0.198 lr=5.424e-06 time=0.193s
[RQ-VAE] epoch=2985 loss=1.19396758 recon=0.00011202 beh=6.002187 w=0.198 lr=5.085e-06 time=0.192s
[RQ-VAE] epoch=2986 loss=1.19492769 recon=0.00011202 beh=6.002990 w=0.198 lr=4.746e-06 time=0.193s
[RQ-VAE] epoch=2987 loss=1.19758165 recon=0.00011197 beh=6.012384 w=0.198 lr=4.407e-06 time=0.192s
[RQ-VAE] epoch=2988 loss=1.19749999 recon=0.00011198 beh=6.007895 w=0.198 lr=4.068e-06 time=0.192s
[RQ-VAE] epoch=2989 loss=1.19748080 recon=0.00011198 beh=6.003661 w=0.199 lr=3.729e-06 time=0.192s
[RQ-VAE] epoch=2990 loss=1.19938898 recon=0.00011204 beh=6.009279 w=0.199 lr=3.390e-06 time=0.193s
[RQ-VAE] epoch=2991 loss=1.19945526 recon=0.00011196 beh=6.005538 w=0.199 lr=3.051e-06 time=0.191s
[RQ-VAE] epoch=2992 loss=1.20166552 recon=0.00011196 beh=6.012638 w=0.199 lr=2.712e-06 time=0.285s
[RQ-VAE] epoch=2993 loss=1.20224607 recon=0.00011201 beh=6.011490 w=0.199 lr=2.373e-06 time=0.194s
[RQ-VAE] epoch=2994 loss=1.20197511 recon=0.00011197 beh=6.006066 w=0.199 lr=2.034e-06 time=0.196s
[RQ-VAE] epoch=2995 loss=1.20314884 recon=0.00011198 beh=6.007988 w=0.199 lr=1.695e-06 time=0.195s
[RQ-VAE] epoch=2996 loss=1.20394909 recon=0.00011202 beh=6.007931 w=0.199 lr=1.356e-06 time=0.196s
[RQ-VAE] epoch=2997 loss=1.20335555 recon=0.00011207 beh=6.000851 w=0.200 lr=1.017e-06 time=0.195s
[RQ-VAE] epoch=2998 loss=1.20654058 recon=0.00011198 beh=6.012823 w=0.200 lr=6.780e-07 time=0.193s
[RQ-VAE] epoch=2999 loss=1.20747066 recon=0.00011205 beh=6.013459 w=0.200 lr=3.390e-07 time=0.192s
[RQ-VAE] epoch=3000 loss=1.20746696 recon=0.00011202 lr=0.000e+00 raw_unique=23702/24587 collision=0.035995 time=0.193s
[RecBole RQ-VAE] exported raw_shape=(24587, 3) sid_shape=(24587, 4) unique=24587 -> /home/wlia0047/ar57/wenyu/GeneRec/results/stage2_RQ-VAE/TIGER_FORK_RQ-VAE/fork_ang_only/sids_for_hgrec.npy
