relation,parent_l1,parent_l2,items_in_parent,distinct_children
L1-to-L2,0,,96,96
L1-to-L2,1,,101,101
L1-to-L2,2,,102,102
L1-to-L2,3,,103,103
L1-to-L2,4,,113,113
L1-to-L2,5,,66,66
L1-to-L2,6,,108,108
L1-to-L2,7,,100,100
L1-to-L2,8,,86,86
L1-to-L2,9,,96,96
L1-to-L2,10,,87,87
L1-to-L2,11,,99,99
L1-to-L2,12,,95,95
L1-to-L2,13,,111,111
L1-to-L2,14,,94,94
L1-to-L2,15,,96,96
L1-to-L2,16,,110,110
L1-to-L2,17,,107,107
L1-to-L2,18,,87,87
L1-to-L2,19,,97,97
L1-to-L2,20,,122,122
L1-to-L2,21,,95,95
L1-to-L2,22,,76,76
L1-to-L2,23,,87,87
L1-to-L2,24,,97,97
L1-to-L2,25,,119,119
L1-to-L2,26,,83,83
L1-to-L2,27,,105,105
L1-to-L2,28,,101,101
L1-to-L2,29,,85,85
L1-to-L2,30,,114,114
L1-to-L2,31,,102,102
L1-to-L2,32,,116,116
L1-to-L2,33,,93,93
L1-to-L2,34,,80,80
L1-to-L2,35,,111,111
L1-to-L2,36,,98,98
L1-to-L2,37,,102,102
L1-to-L2,38,,100,100
L1-to-L2,39,,105,105
L1-to-L2,40,,105,105
L1-to-L2,41,,83,83
L1-to-L2,42,,57,57
L1-to-L2,43,,85,85
L1-to-L2,44,,127,127
L1-to-L2,45,,115,115
L1-to-L2,46,,108,108
L1-to-L2,47,,84,84
L1-to-L2,48,,108,108
L1-to-L2,49,,82,82
L1-to-L2,50,,87,87
L1-to-L2,51,,65,65
L1-to-L2,52,,107,107
L1-to-L2,53,,110,110
L1-to-L2,54,,81,81
L1-to-L2,55,,99,99
L1-to-L2,56,,73,73
L1-to-L2,57,,86,86
L1-to-L2,58,,91,91
L1-to-L2,59,,101,101
L1-to-L2,60,,87,87
L1-to-L2,61,,114,114
L1-to-L2,62,,82,82
L1-to-L2,63,,81,81
L1-to-L2,64,,94,94
L1-to-L2,65,,110,110
L1-to-L2,66,,81,81
L1-to-L2,67,,92,92
L1-to-L2,68,,97,97
L1-to-L2,69,,91,91
L1-to-L2,70,,101,101
L1-to-L2,71,,108,108
L1-to-L2,72,,108,108
L1-to-L2,73,,107,107
L1-to-L2,74,,103,103
L1-to-L2,75,,111,111
L1-to-L2,76,,66,66
L1-to-L2,77,,96,96
L1-to-L2,78,,116,116
L1-to-L2,79,,91,91
L1-to-L2,80,,123,123
L1-to-L2,81,,60,60
L1-to-L2,82,,77,77
L1-to-L2,83,,111,111
L1-to-L2,84,,87,87
L1-to-L2,85,,108,108
L1-to-L2,86,,66,66
L1-to-L2,87,,111,111
L1-to-L2,88,,80,80
L1-to-L2,89,,80,80
L1-to-L2,90,,101,101
L1-to-L2,91,,85,85
L1-to-L2,92,,80,80
L1-to-L2,93,,105,105
L1-to-L2,94,,116,116
L1-to-L2,95,,80,80
L1-to-L2,96,,102,102
L1-to-L2,97,,84,84
L1-to-L2,98,,106,106
L1-to-L2,99,,76,76
L1-to-L2,100,,107,107
L1-to-L2,101,,110,110
L1-to-L2,102,,93,93
L1-to-L2,103,,120,120
L1-to-L2,104,,104,104
L1-to-L2,105,,83,83
L1-to-L2,106,,92,92
L1-to-L2,107,,83,83
L1-to-L2,108,,100,100
L1-to-L2,109,,107,107
L1-to-L2,110,,80,80
L1-to-L2,111,,95,95
L1-to-L2,112,,105,105
L1-to-L2,113,,123,123
L1-to-L2,114,,94,94
L1-to-L2,115,,117,117
L1-to-L2,116,,106,106
L1-to-L2,117,,82,82
L1-to-L2,118,,102,102
L1-to-L2,119,,74,74
L1-to-L2,120,,85,85
L1-to-L2,121,,81,81
L1-to-L2,122,,88,88
L1-to-L2,123,,99,99
L1-to-L2,124,,120,120
L1-to-L2,125,,97,97
L1-to-L2,126,,107,107
L1-to-L2,127,,96,96
L1-to-L2,128,,106,106
L1-to-L2,129,,96,96
L1-to-L2,130,,99,99
L1-to-L2,131,,110,110
L1-to-L2,132,,129,129
L1-to-L2,133,,96,96
L1-to-L2,134,,83,83
L1-to-L2,135,,63,63
L1-to-L2,136,,58,58
L1-to-L2,137,,76,76
L1-to-L2,138,,115,115
L1-to-L2,139,,76,76
L1-to-L2,140,,106,106
L1-to-L2,141,,86,86
L1-to-L2,142,,104,104
L1-to-L2,143,,88,88
L1-to-L2,144,,63,63
L1-to-L2,145,,99,99
L1-to-L2,146,,102,102
L1-to-L2,147,,91,91
L1-to-L2,148,,107,107
L1-to-L2,149,,115,115
L1-to-L2,150,,106,106
L1-to-L2,151,,85,85
L1-to-L2,152,,74,74
L1-to-L2,153,,63,63
L1-to-L2,154,,89,89
L1-to-L2,155,,91,91
L1-to-L2,156,,109,109
L1-to-L2,157,,92,92
L1-to-L2,158,,88,88
L1-to-L2,159,,75,75
L1-to-L2,160,,107,107
L1-to-L2,161,,102,102
L1-to-L2,162,,88,88
L1-to-L2,163,,118,118
L1-to-L2,164,,85,85
L1-to-L2,165,,104,104
L1-to-L2,166,,101,101
L1-to-L2,167,,85,85
L1-to-L2,168,,96,96
L1-to-L2,169,,69,69
L1-to-L2,170,,112,112
L1-to-L2,171,,85,85
L1-to-L2,172,,86,86
L1-to-L2,173,,101,101
L1-to-L2,174,,116,116
L1-to-L2,175,,113,113
L1-to-L2,176,,81,81
L1-to-L2,177,,99,99
L1-to-L2,178,,106,106
L1-to-L2,179,,97,97
L1-to-L2,180,,122,122
L1-to-L2,181,,101,101
L1-to-L2,182,,105,105
L1-to-L2,183,,78,78
L1-to-L2,184,,96,96
L1-to-L2,185,,95,95
L1-to-L2,186,,92,92
L1-to-L2,187,,93,93
L1-to-L2,188,,102,102
L1-to-L2,189,,107,107
L1-to-L2,190,,105,105
L1-to-L2,191,,89,89
L1-to-L2,192,,100,100
L1-to-L2,193,,90,90
L1-to-L2,194,,72,72
L1-to-L2,195,,67,67
L1-to-L2,196,,90,90
L1-to-L2,197,,63,63
L1-to-L2,198,,111,111
L1-to-L2,199,,99,99
L1-to-L2,200,,101,101
L1-to-L2,201,,125,125
L1-to-L2,202,,112,112
L1-to-L2,203,,87,87
L1-to-L2,204,,78,78
L1-to-L2,205,,102,102
L1-to-L2,206,,98,98
L1-to-L2,207,,119,119
L1-to-L2,208,,110,110
L1-to-L2,209,,112,112
L1-to-L2,210,,101,101
L1-to-L2,211,,87,87
L1-to-L2,212,,106,106
L1-to-L2,213,,113,113
L1-to-L2,214,,88,88
L1-to-L2,215,,78,78
L1-to-L2,216,,86,86
L1-to-L2,217,,109,109
L1-to-L2,218,,82,82
L1-to-L2,219,,94,94
L1-to-L2,220,,107,107
L1-to-L2,221,,92,92
L1-to-L2,222,,94,94
L1-to-L2,223,,95,95
L1-to-L2,224,,97,97
L1-to-L2,225,,100,100
L1-to-L2,226,,108,108
L1-to-L2,227,,100,100
L1-to-L2,228,,96,96
L1-to-L2,229,,117,117
L1-to-L2,230,,110,110
L1-to-L2,231,,103,103
L1-to-L2,232,,83,83
L1-to-L2,233,,113,113
L1-to-L2,234,,107,107
L1-to-L2,235,,76,76
L1-to-L2,236,,100,100
L1-to-L2,237,,109,109
L1-to-L2,238,,108,108
L1-to-L2,239,,97,97
L1-to-L2,240,,81,81
L1-to-L2,241,,107,107
L1-to-L2,242,,114,114
L1-to-L2,243,,79,79
L1-to-L2,244,,97,97
L1-to-L2,245,,96,96
L1-to-L2,246,,101,101
L1-to-L2,247,,108,108
L1-to-L2,248,,85,85
L1-to-L2,249,,87,87
L1-to-L2,250,,60,60
L1-to-L2,251,,109,109
L1-to-L2,252,,109,109
L1-to-L2,253,,95,95
L1-to-L2,254,,67,67
L1-to-L2,255,,101,101
L1L2-to-L3,0,0,1,1
L1L2-to-L3,0,4,1,1
L1L2-to-L3,0,5,1,1
L1L2-to-L3,0,8,1,1
L1L2-to-L3,0,10,1,1
L1L2-to-L3,0,13,1,1
L1L2-to-L3,0,15,1,1
L1L2-to-L3,0,17,1,1
L1L2-to-L3,0,20,1,1
L1L2-to-L3,0,21,1,1
L1L2-to-L3,0,22,1,1
L1L2-to-L3,0,23,1,1
L1L2-to-L3,0,25,1,1
L1L2-to-L3,0,29,1,1
L1L2-to-L3,0,30,1,1
L1L2-to-L3,0,32,1,1
L1L2-to-L3,0,35,1,1
L1L2-to-L3,0,39,1,1
L1L2-to-L3,0,40,1,1
L1L2-to-L3,0,44,1,1
L1L2-to-L3,0,47,1,1
L1L2-to-L3,0,49,1,1
L1L2-to-L3,0,50,1,1
L1L2-to-L3,0,54,1,1
L1L2-to-L3,0,56,1,1
L1L2-to-L3,0,58,1,1
L1L2-to-L3,0,61,1,1
L1L2-to-L3,0,62,1,1
L1L2-to-L3,0,66,1,1
L1L2-to-L3,0,80,1,1
L1L2-to-L3,0,81,1,1
L1L2-to-L3,0,84,1,1
L1L2-to-L3,0,85,1,1
L1L2-to-L3,0,86,1,1
L1L2-to-L3,0,88,1,1
L1L2-to-L3,0,97,1,1
L1L2-to-L3,0,100,1,1
L1L2-to-L3,0,101,1,1
L1L2-to-L3,0,105,1,1
L1L2-to-L3,0,106,1,1
L1L2-to-L3,0,108,1,1
L1L2-to-L3,0,118,1,1
L1L2-to-L3,0,119,1,1
L1L2-to-L3,0,129,1,1
L1L2-to-L3,0,130,1,1
L1L2-to-L3,0,132,1,1
L1L2-to-L3,0,137,1,1
L1L2-to-L3,0,140,1,1
L1L2-to-L3,0,142,1,1
L1L2-to-L3,0,145,1,1
L1L2-to-L3,0,147,1,1
L1L2-to-L3,0,148,1,1
L1L2-to-L3,0,149,1,1
L1L2-to-L3,0,150,1,1
L1L2-to-L3,0,155,1,1
L1L2-to-L3,0,158,1,1
L1L2-to-L3,0,159,1,1
L1L2-to-L3,0,162,1,1
L1L2-to-L3,0,163,1,1
L1L2-to-L3,0,165,1,1
L1L2-to-L3,0,166,1,1
L1L2-to-L3,0,167,1,1
L1L2-to-L3,0,168,1,1
L1L2-to-L3,0,170,1,1
L1L2-to-L3,0,171,1,1
L1L2-to-L3,0,173,1,1
L1L2-to-L3,0,174,1,1
L1L2-to-L3,0,180,1,1
L1L2-to-L3,0,182,1,1
L1L2-to-L3,0,183,1,1
L1L2-to-L3,0,187,1,1
L1L2-to-L3,0,190,1,1
L1L2-to-L3,0,194,1,1
L1L2-to-L3,0,196,1,1
L1L2-to-L3,0,197,1,1
L1L2-to-L3,0,199,1,1
L1L2-to-L3,0,205,1,1
L1L2-to-L3,0,206,1,1
L1L2-to-L3,0,210,1,1
L1L2-to-L3,0,213,1,1
L1L2-to-L3,0,215,1,1
L1L2-to-L3,0,220,1,1
L1L2-to-L3,0,221,1,1
L1L2-to-L3,0,223,1,1
L1L2-to-L3,0,227,1,1
L1L2-to-L3,0,229,1,1
L1L2-to-L3,0,230,1,1
L1L2-to-L3,0,231,1,1
L1L2-to-L3,0,235,1,1
L1L2-to-L3,0,238,1,1
L1L2-to-L3,0,242,1,1
L1L2-to-L3,0,243,1,1
L1L2-to-L3,0,245,1,1
L1L2-to-L3,0,247,1,1
L1L2-to-L3,0,250,1,1
L1L2-to-L3,0,252,1,1
L1L2-to-L3,1,2,1,1
L1L2-to-L3,1,6,1,1
L1L2-to-L3,1,13,1,1
L1L2-to-L3,1,15,1,1
L1L2-to-L3,1,16,1,1
L1L2-to-L3,1,18,1,1
L1L2-to-L3,1,23,1,1
L1L2-to-L3,1,24,1,1
L1L2-to-L3,1,26,1,1
L1L2-to-L3,1,28,1,1
L1L2-to-L3,1,29,1,1
L1L2-to-L3,1,32,1,1
L1L2-to-L3,1,36,1,1
L1L2-to-L3,1,46,1,1
L1L2-to-L3,1,50,1,1
L1L2-to-L3,1,54,1,1
L1L2-to-L3,1,58,1,1
L1L2-to-L3,1,62,1,1
L1L2-to-L3,1,63,1,1
L1L2-to-L3,1,64,1,1
L1L2-to-L3,1,68,1,1
L1L2-to-L3,1,71,1,1
L1L2-to-L3,1,73,1,1
L1L2-to-L3,1,74,1,1
L1L2-to-L3,1,77,1,1
L1L2-to-L3,1,81,1,1
L1L2-to-L3,1,86,1,1
L1L2-to-L3,1,88,1,1
L1L2-to-L3,1,89,1,1
L1L2-to-L3,1,90,1,1
L1L2-to-L3,1,91,1,1
L1L2-to-L3,1,94,1,1
L1L2-to-L3,1,95,1,1
L1L2-to-L3,1,98,1,1
L1L2-to-L3,1,101,1,1
L1L2-to-L3,1,102,1,1
L1L2-to-L3,1,106,1,1
L1L2-to-L3,1,118,1,1
L1L2-to-L3,1,121,1,1
L1L2-to-L3,1,122,1,1
L1L2-to-L3,1,124,1,1
L1L2-to-L3,1,129,1,1
L1L2-to-L3,1,130,1,1
L1L2-to-L3,1,134,1,1
L1L2-to-L3,1,136,1,1
L1L2-to-L3,1,138,1,1
L1L2-to-L3,1,139,1,1
L1L2-to-L3,1,141,1,1
L1L2-to-L3,1,143,1,1
L1L2-to-L3,1,148,1,1
L1L2-to-L3,1,149,1,1
L1L2-to-L3,1,156,1,1
L1L2-to-L3,1,157,1,1
L1L2-to-L3,1,161,1,1
L1L2-to-L3,1,162,1,1
L1L2-to-L3,1,163,1,1
L1L2-to-L3,1,168,1,1
L1L2-to-L3,1,169,1,1
L1L2-to-L3,1,170,1,1
L1L2-to-L3,1,171,1,1
L1L2-to-L3,1,172,1,1
L1L2-to-L3,1,173,1,1
L1L2-to-L3,1,175,1,1
L1L2-to-L3,1,176,1,1
L1L2-to-L3,1,178,1,1
L1L2-to-L3,1,180,1,1
L1L2-to-L3,1,187,1,1
L1L2-to-L3,1,189,1,1
L1L2-to-L3,1,190,1,1
L1L2-to-L3,1,192,1,1
L1L2-to-L3,1,196,1,1
L1L2-to-L3,1,198,1,1
L1L2-to-L3,1,199,1,1
L1L2-to-L3,1,201,1,1
L1L2-to-L3,1,204,1,1
L1L2-to-L3,1,205,1,1
L1L2-to-L3,1,206,1,1
L1L2-to-L3,1,209,1,1
L1L2-to-L3,1,213,1,1
L1L2-to-L3,1,214,1,1
L1L2-to-L3,1,215,1,1
L1L2-to-L3,1,217,1,1
L1L2-to-L3,1,221,1,1
L1L2-to-L3,1,222,1,1
L1L2-to-L3,1,224,1,1
L1L2-to-L3,1,225,1,1
L1L2-to-L3,1,226,1,1
L1L2-to-L3,1,229,1,1
L1L2-to-L3,1,230,1,1
L1L2-to-L3,1,231,1,1
L1L2-to-L3,1,235,1,1
L1L2-to-L3,1,236,1,1
L1L2-to-L3,1,237,1,1
L1L2-to-L3,1,239,1,1
L1L2-to-L3,1,240,1,1
L1L2-to-L3,1,241,1,1
L1L2-to-L3,1,242,1,1
L1L2-to-L3,1,244,1,1
L1L2-to-L3,1,248,1,1
L1L2-to-L3,1,251,1,1
L1L2-to-L3,1,254,1,1
L1L2-to-L3,2,2,1,1
L1L2-to-L3,2,5,1,1
L1L2-to-L3,2,6,1,1
L1L2-to-L3,2,8,1,1
L1L2-to-L3,2,13,1,1
L1L2-to-L3,2,14,1,1
L1L2-to-L3,2,15,1,1
L1L2-to-L3,2,17,1,1
L1L2-to-L3,2,18,1,1
L1L2-to-L3,2,26,1,1
L1L2-to-L3,2,28,1,1
L1L2-to-L3,2,29,1,1
L1L2-to-L3,2,30,1,1
L1L2-to-L3,2,33,1,1
L1L2-to-L3,2,39,1,1
L1L2-to-L3,2,40,1,1
L1L2-to-L3,2,41,1,1
L1L2-to-L3,2,42,1,1
L1L2-to-L3,2,43,1,1
L1L2-to-L3,2,49,1,1
L1L2-to-L3,2,51,1,1
L1L2-to-L3,2,53,1,1
L1L2-to-L3,2,54,1,1
L1L2-to-L3,2,56,1,1
L1L2-to-L3,2,57,1,1
L1L2-to-L3,2,59,1,1
L1L2-to-L3,2,60,1,1
L1L2-to-L3,2,65,1,1
L1L2-to-L3,2,66,1,1
L1L2-to-L3,2,69,1,1
L1L2-to-L3,2,70,1,1
L1L2-to-L3,2,74,1,1
L1L2-to-L3,2,75,1,1
L1L2-to-L3,2,78,1,1
L1L2-to-L3,2,82,1,1
L1L2-to-L3,2,85,1,1
L1L2-to-L3,2,87,1,1
L1L2-to-L3,2,88,1,1
L1L2-to-L3,2,90,1,1
L1L2-to-L3,2,95,1,1
L1L2-to-L3,2,99,1,1
L1L2-to-L3,2,101,1,1
L1L2-to-L3,2,104,1,1
L1L2-to-L3,2,105,1,1
L1L2-to-L3,2,108,1,1
L1L2-to-L3,2,111,1,1
L1L2-to-L3,2,116,1,1
L1L2-to-L3,2,117,1,1
L1L2-to-L3,2,118,1,1
L1L2-to-L3,2,121,1,1
L1L2-to-L3,2,123,1,1
L1L2-to-L3,2,128,1,1
L1L2-to-L3,2,129,1,1
L1L2-to-L3,2,135,1,1
L1L2-to-L3,2,138,1,1
L1L2-to-L3,2,139,1,1
L1L2-to-L3,2,140,1,1
L1L2-to-L3,2,145,1,1
L1L2-to-L3,2,149,1,1
L1L2-to-L3,2,154,1,1
L1L2-to-L3,2,155,1,1
L1L2-to-L3,2,157,1,1
L1L2-to-L3,2,158,1,1
L1L2-to-L3,2,160,1,1
L1L2-to-L3,2,161,1,1
L1L2-to-L3,2,165,1,1
L1L2-to-L3,2,168,1,1
L1L2-to-L3,2,170,1,1
L1L2-to-L3,2,173,1,1
L1L2-to-L3,2,179,1,1
L1L2-to-L3,2,181,1,1
L1L2-to-L3,2,182,1,1
L1L2-to-L3,2,183,1,1
L1L2-to-L3,2,189,1,1
L1L2-to-L3,2,190,1,1
L1L2-to-L3,2,195,1,1
L1L2-to-L3,2,197,1,1
L1L2-to-L3,2,199,1,1
L1L2-to-L3,2,201,1,1
L1L2-to-L3,2,204,1,1
L1L2-to-L3,2,206,1,1
L1L2-to-L3,2,210,1,1
L1L2-to-L3,2,212,1,1
L1L2-to-L3,2,214,1,1
L1L2-to-L3,2,215,1,1
L1L2-to-L3,2,218,1,1
L1L2-to-L3,2,222,1,1
L1L2-to-L3,2,224,1,1
L1L2-to-L3,2,226,1,1
L1L2-to-L3,2,228,1,1
L1L2-to-L3,2,229,1,1
L1L2-to-L3,2,232,1,1
L1L2-to-L3,2,233,1,1
L1L2-to-L3,2,235,1,1
L1L2-to-L3,2,236,1,1
L1L2-to-L3,2,241,1,1
L1L2-to-L3,2,242,1,1
L1L2-to-L3,2,243,1,1
L1L2-to-L3,2,244,1,1
L1L2-to-L3,2,249,1,1
L1L2-to-L3,2,250,1,1
L1L2-to-L3,2,253,1,1
L1L2-to-L3,3,0,1,1
L1L2-to-L3,3,8,1,1
L1L2-to-L3,3,9,1,1
L1L2-to-L3,3,17,1,1
L1L2-to-L3,3,22,1,1
L1L2-to-L3,3,23,1,1
L1L2-to-L3,3,29,1,1
L1L2-to-L3,3,32,1,1
L1L2-to-L3,3,33,1,1
L1L2-to-L3,3,34,1,1
L1L2-to-L3,3,35,1,1
L1L2-to-L3,3,41,1,1
L1L2-to-L3,3,43,1,1
L1L2-to-L3,3,44,1,1
L1L2-to-L3,3,49,1,1
L1L2-to-L3,3,52,1,1
L1L2-to-L3,3,55,1,1
L1L2-to-L3,3,56,1,1
L1L2-to-L3,3,58,1,1
L1L2-to-L3,3,65,1,1
L1L2-to-L3,3,68,1,1
L1L2-to-L3,3,72,1,1
L1L2-to-L3,3,73,1,1
L1L2-to-L3,3,77,1,1
L1L2-to-L3,3,78,1,1
L1L2-to-L3,3,80,1,1
L1L2-to-L3,3,81,1,1
L1L2-to-L3,3,82,1,1
L1L2-to-L3,3,83,1,1
L1L2-to-L3,3,88,1,1
L1L2-to-L3,3,89,1,1
L1L2-to-L3,3,92,1,1
L1L2-to-L3,3,94,1,1
L1L2-to-L3,3,96,1,1
L1L2-to-L3,3,99,1,1
L1L2-to-L3,3,100,1,1
L1L2-to-L3,3,102,1,1
L1L2-to-L3,3,103,1,1
L1L2-to-L3,3,105,1,1
L1L2-to-L3,3,110,1,1
L1L2-to-L3,3,111,1,1
L1L2-to-L3,3,112,1,1
L1L2-to-L3,3,120,1,1
L1L2-to-L3,3,122,1,1
L1L2-to-L3,3,123,1,1
L1L2-to-L3,3,126,1,1
L1L2-to-L3,3,127,1,1
L1L2-to-L3,3,129,1,1
L1L2-to-L3,3,136,1,1
L1L2-to-L3,3,137,1,1
L1L2-to-L3,3,138,1,1
L1L2-to-L3,3,147,1,1
L1L2-to-L3,3,151,1,1
L1L2-to-L3,3,152,1,1
L1L2-to-L3,3,159,1,1
L1L2-to-L3,3,161,1,1
L1L2-to-L3,3,162,1,1
L1L2-to-L3,3,163,1,1
L1L2-to-L3,3,165,1,1
L1L2-to-L3,3,166,1,1
L1L2-to-L3,3,167,1,1
L1L2-to-L3,3,170,1,1
L1L2-to-L3,3,171,1,1
L1L2-to-L3,3,172,1,1
L1L2-to-L3,3,174,1,1
L1L2-to-L3,3,175,1,1
L1L2-to-L3,3,176,1,1
L1L2-to-L3,3,179,1,1
L1L2-to-L3,3,181,1,1
L1L2-to-L3,3,182,1,1
L1L2-to-L3,3,183,1,1
L1L2-to-L3,3,186,1,1
L1L2-to-L3,3,189,1,1
L1L2-to-L3,3,190,1,1
L1L2-to-L3,3,192,1,1
L1L2-to-L3,3,193,1,1
L1L2-to-L3,3,196,1,1
L1L2-to-L3,3,198,1,1
L1L2-to-L3,3,199,1,1
L1L2-to-L3,3,201,1,1
L1L2-to-L3,3,208,1,1
L1L2-to-L3,3,210,1,1
L1L2-to-L3,3,214,1,1
L1L2-to-L3,3,217,1,1
L1L2-to-L3,3,219,1,1
L1L2-to-L3,3,220,1,1
L1L2-to-L3,3,221,1,1
L1L2-to-L3,3,223,1,1
L1L2-to-L3,3,224,1,1
L1L2-to-L3,3,225,1,1
L1L2-to-L3,3,227,1,1
L1L2-to-L3,3,230,1,1
L1L2-to-L3,3,231,1,1
L1L2-to-L3,3,233,1,1
L1L2-to-L3,3,235,1,1
L1L2-to-L3,3,241,1,1
L1L2-to-L3,3,242,1,1
L1L2-to-L3,3,243,1,1
L1L2-to-L3,3,244,1,1
L1L2-to-L3,3,249,1,1
L1L2-to-L3,3,252,1,1
L1L2-to-L3,3,254,1,1
L1L2-to-L3,3,255,1,1
L1L2-to-L3,4,1,1,1
L1L2-to-L3,4,3,1,1
L1L2-to-L3,4,4,1,1
L1L2-to-L3,4,9,1,1
L1L2-to-L3,4,10,1,1
L1L2-to-L3,4,11,1,1
L1L2-to-L3,4,13,1,1
L1L2-to-L3,4,15,1,1
L1L2-to-L3,4,19,1,1
L1L2-to-L3,4,21,1,1
L1L2-to-L3,4,23,1,1
L1L2-to-L3,4,27,1,1
L1L2-to-L3,4,34,1,1
L1L2-to-L3,4,41,1,1
L1L2-to-L3,4,42,1,1
L1L2-to-L3,4,43,1,1
L1L2-to-L3,4,44,1,1
L1L2-to-L3,4,45,1,1
L1L2-to-L3,4,46,1,1
L1L2-to-L3,4,48,1,1
L1L2-to-L3,4,49,1,1
L1L2-to-L3,4,50,1,1
L1L2-to-L3,4,53,1,1
L1L2-to-L3,4,55,1,1
L1L2-to-L3,4,61,1,1
L1L2-to-L3,4,63,1,1
L1L2-to-L3,4,64,1,1
L1L2-to-L3,4,65,1,1
L1L2-to-L3,4,66,1,1
L1L2-to-L3,4,67,1,1
L1L2-to-L3,4,69,1,1
L1L2-to-L3,4,72,1,1
L1L2-to-L3,4,73,1,1
L1L2-to-L3,4,78,1,1
L1L2-to-L3,4,82,1,1
L1L2-to-L3,4,84,1,1
L1L2-to-L3,4,86,1,1
L1L2-to-L3,4,87,1,1
L1L2-to-L3,4,88,1,1
L1L2-to-L3,4,89,1,1
L1L2-to-L3,4,91,1,1
L1L2-to-L3,4,92,1,1
L1L2-to-L3,4,100,1,1
L1L2-to-L3,4,101,1,1
L1L2-to-L3,4,103,1,1
L1L2-to-L3,4,104,1,1
L1L2-to-L3,4,105,1,1
L1L2-to-L3,4,107,1,1
L1L2-to-L3,4,108,1,1
L1L2-to-L3,4,114,1,1
L1L2-to-L3,4,116,1,1
L1L2-to-L3,4,117,1,1
L1L2-to-L3,4,119,1,1
L1L2-to-L3,4,124,1,1
L1L2-to-L3,4,126,1,1
L1L2-to-L3,4,127,1,1
L1L2-to-L3,4,135,1,1
L1L2-to-L3,4,136,1,1
L1L2-to-L3,4,137,1,1
L1L2-to-L3,4,138,1,1
L1L2-to-L3,4,139,1,1
L1L2-to-L3,4,140,1,1
L1L2-to-L3,4,142,1,1
L1L2-to-L3,4,143,1,1
L1L2-to-L3,4,147,1,1
L1L2-to-L3,4,149,1,1
L1L2-to-L3,4,150,1,1
L1L2-to-L3,4,151,1,1
L1L2-to-L3,4,153,1,1
L1L2-to-L3,4,154,1,1
L1L2-to-L3,4,155,1,1
L1L2-to-L3,4,156,1,1
L1L2-to-L3,4,164,1,1
L1L2-to-L3,4,165,1,1
L1L2-to-L3,4,166,1,1
L1L2-to-L3,4,167,1,1
L1L2-to-L3,4,173,1,1
L1L2-to-L3,4,178,1,1
L1L2-to-L3,4,179,1,1
L1L2-to-L3,4,185,1,1
L1L2-to-L3,4,186,1,1
L1L2-to-L3,4,190,1,1
L1L2-to-L3,4,192,1,1
L1L2-to-L3,4,195,1,1
L1L2-to-L3,4,196,1,1
L1L2-to-L3,4,197,1,1
L1L2-to-L3,4,199,1,1
L1L2-to-L3,4,200,1,1
L1L2-to-L3,4,201,1,1
L1L2-to-L3,4,202,1,1
L1L2-to-L3,4,205,1,1
L1L2-to-L3,4,206,1,1
L1L2-to-L3,4,208,1,1
L1L2-to-L3,4,211,1,1
L1L2-to-L3,4,218,1,1
L1L2-to-L3,4,220,1,1
L1L2-to-L3,4,222,1,1
L1L2-to-L3,4,223,1,1
L1L2-to-L3,4,224,1,1
L1L2-to-L3,4,226,1,1
L1L2-to-L3,4,227,1,1
L1L2-to-L3,4,230,1,1
L1L2-to-L3,4,232,1,1
L1L2-to-L3,4,233,1,1
L1L2-to-L3,4,236,1,1
L1L2-to-L3,4,241,1,1
L1L2-to-L3,4,242,1,1
L1L2-to-L3,4,244,1,1
L1L2-to-L3,4,245,1,1
L1L2-to-L3,4,247,1,1
L1L2-to-L3,4,250,1,1
L1L2-to-L3,4,253,1,1
L1L2-to-L3,4,255,1,1
L1L2-to-L3,5,5,1,1
L1L2-to-L3,5,12,1,1
L1L2-to-L3,5,15,1,1
L1L2-to-L3,5,16,1,1
L1L2-to-L3,5,17,1,1
L1L2-to-L3,5,27,1,1
L1L2-to-L3,5,31,1,1
L1L2-to-L3,5,32,1,1
L1L2-to-L3,5,38,1,1
L1L2-to-L3,5,39,1,1
L1L2-to-L3,5,40,1,1
L1L2-to-L3,5,41,1,1
L1L2-to-L3,5,44,1,1
L1L2-to-L3,5,54,1,1
L1L2-to-L3,5,59,1,1
L1L2-to-L3,5,67,1,1
L1L2-to-L3,5,68,1,1
L1L2-to-L3,5,73,1,1
L1L2-to-L3,5,75,1,1
L1L2-to-L3,5,93,1,1
L1L2-to-L3,5,94,1,1
L1L2-to-L3,5,98,1,1
L1L2-to-L3,5,103,1,1
L1L2-to-L3,5,105,1,1
L1L2-to-L3,5,118,1,1
L1L2-to-L3,5,120,1,1
L1L2-to-L3,5,123,1,1
L1L2-to-L3,5,128,1,1
L1L2-to-L3,5,129,1,1
L1L2-to-L3,5,132,1,1
L1L2-to-L3,5,134,1,1
L1L2-to-L3,5,136,1,1
L1L2-to-L3,5,137,1,1
L1L2-to-L3,5,140,1,1
L1L2-to-L3,5,155,1,1
L1L2-to-L3,5,157,1,1
L1L2-to-L3,5,161,1,1
L1L2-to-L3,5,163,1,1
L1L2-to-L3,5,165,1,1
L1L2-to-L3,5,166,1,1
L1L2-to-L3,5,168,1,1
L1L2-to-L3,5,170,1,1
L1L2-to-L3,5,173,1,1
L1L2-to-L3,5,176,1,1
L1L2-to-L3,5,177,1,1
L1L2-to-L3,5,182,1,1
L1L2-to-L3,5,186,1,1
L1L2-to-L3,5,191,1,1
L1L2-to-L3,5,195,1,1
L1L2-to-L3,5,199,1,1
L1L2-to-L3,5,200,1,1
L1L2-to-L3,5,202,1,1
L1L2-to-L3,5,204,1,1
L1L2-to-L3,5,205,1,1
L1L2-to-L3,5,224,1,1
L1L2-to-L3,5,225,1,1
L1L2-to-L3,5,226,1,1
L1L2-to-L3,5,229,1,1
L1L2-to-L3,5,233,1,1
L1L2-to-L3,5,238,1,1
L1L2-to-L3,5,242,1,1
L1L2-to-L3,5,244,1,1
L1L2-to-L3,5,250,1,1
L1L2-to-L3,5,252,1,1
L1L2-to-L3,5,254,1,1
L1L2-to-L3,5,255,1,1
L1L2-to-L3,6,0,1,1
L1L2-to-L3,6,6,1,1
L1L2-to-L3,6,9,1,1
L1L2-to-L3,6,11,1,1
L1L2-to-L3,6,14,1,1
L1L2-to-L3,6,15,1,1
L1L2-to-L3,6,21,1,1
L1L2-to-L3,6,27,1,1
L1L2-to-L3,6,33,1,1
L1L2-to-L3,6,34,1,1
L1L2-to-L3,6,35,1,1
L1L2-to-L3,6,36,1,1
L1L2-to-L3,6,37,1,1
L1L2-to-L3,6,40,1,1
L1L2-to-L3,6,41,1,1
L1L2-to-L3,6,50,1,1
L1L2-to-L3,6,51,1,1
L1L2-to-L3,6,52,1,1
L1L2-to-L3,6,53,1,1
L1L2-to-L3,6,57,1,1
L1L2-to-L3,6,59,1,1
L1L2-to-L3,6,61,1,1
L1L2-to-L3,6,69,1,1
L1L2-to-L3,6,70,1,1
L1L2-to-L3,6,72,1,1
L1L2-to-L3,6,73,1,1
L1L2-to-L3,6,76,1,1
L1L2-to-L3,6,78,1,1
L1L2-to-L3,6,83,1,1
L1L2-to-L3,6,84,1,1
L1L2-to-L3,6,85,1,1
L1L2-to-L3,6,88,1,1
L1L2-to-L3,6,93,1,1
L1L2-to-L3,6,94,1,1
L1L2-to-L3,6,95,1,1
L1L2-to-L3,6,104,1,1
L1L2-to-L3,6,105,1,1
L1L2-to-L3,6,106,1,1
L1L2-to-L3,6,108,1,1
L1L2-to-L3,6,111,1,1
L1L2-to-L3,6,113,1,1
L1L2-to-L3,6,116,1,1
L1L2-to-L3,6,117,1,1
L1L2-to-L3,6,119,1,1
L1L2-to-L3,6,120,1,1
L1L2-to-L3,6,121,1,1
L1L2-to-L3,6,123,1,1
L1L2-to-L3,6,124,1,1
L1L2-to-L3,6,125,1,1
L1L2-to-L3,6,128,1,1
L1L2-to-L3,6,129,1,1
L1L2-to-L3,6,131,1,1
L1L2-to-L3,6,133,1,1
L1L2-to-L3,6,134,1,1
L1L2-to-L3,6,135,1,1
L1L2-to-L3,6,136,1,1
L1L2-to-L3,6,137,1,1
L1L2-to-L3,6,138,1,1
L1L2-to-L3,6,139,1,1
L1L2-to-L3,6,142,1,1
L1L2-to-L3,6,143,1,1
L1L2-to-L3,6,145,1,1
L1L2-to-L3,6,147,1,1
L1L2-to-L3,6,152,1,1
L1L2-to-L3,6,153,1,1
L1L2-to-L3,6,156,1,1
L1L2-to-L3,6,157,1,1
L1L2-to-L3,6,158,1,1
L1L2-to-L3,6,159,1,1
L1L2-to-L3,6,161,1,1
L1L2-to-L3,6,163,1,1
L1L2-to-L3,6,164,1,1
L1L2-to-L3,6,167,1,1
L1L2-to-L3,6,175,1,1
L1L2-to-L3,6,177,1,1
L1L2-to-L3,6,180,1,1
L1L2-to-L3,6,182,1,1
L1L2-to-L3,6,187,1,1
L1L2-to-L3,6,189,1,1
L1L2-to-L3,6,194,1,1
L1L2-to-L3,6,195,1,1
L1L2-to-L3,6,196,1,1
L1L2-to-L3,6,198,1,1
L1L2-to-L3,6,200,1,1
L1L2-to-L3,6,202,1,1
L1L2-to-L3,6,203,1,1
L1L2-to-L3,6,205,1,1
L1L2-to-L3,6,206,1,1
L1L2-to-L3,6,209,1,1
L1L2-to-L3,6,212,1,1
L1L2-to-L3,6,213,1,1
L1L2-to-L3,6,215,1,1
L1L2-to-L3,6,216,1,1
L1L2-to-L3,6,221,1,1
L1L2-to-L3,6,224,1,1
L1L2-to-L3,6,226,1,1
L1L2-to-L3,6,229,1,1
L1L2-to-L3,6,233,1,1
L1L2-to-L3,6,237,1,1
L1L2-to-L3,6,241,1,1
L1L2-to-L3,6,242,1,1
L1L2-to-L3,6,244,1,1
L1L2-to-L3,6,245,1,1
L1L2-to-L3,6,246,1,1
L1L2-to-L3,6,248,1,1
L1L2-to-L3,6,250,1,1
L1L2-to-L3,6,251,1,1
L1L2-to-L3,6,253,1,1
L1L2-to-L3,7,6,1,1
L1L2-to-L3,7,11,1,1
L1L2-to-L3,7,12,1,1
L1L2-to-L3,7,14,1,1
L1L2-to-L3,7,15,1,1
L1L2-to-L3,7,21,1,1
L1L2-to-L3,7,22,1,1
L1L2-to-L3,7,23,1,1
L1L2-to-L3,7,30,1,1
L1L2-to-L3,7,37,1,1
L1L2-to-L3,7,39,1,1
L1L2-to-L3,7,41,1,1
L1L2-to-L3,7,42,1,1
L1L2-to-L3,7,43,1,1
L1L2-to-L3,7,44,1,1
L1L2-to-L3,7,48,1,1
L1L2-to-L3,7,51,1,1
L1L2-to-L3,7,52,1,1
L1L2-to-L3,7,53,1,1
L1L2-to-L3,7,57,1,1
L1L2-to-L3,7,59,1,1
L1L2-to-L3,7,60,1,1
L1L2-to-L3,7,61,1,1
L1L2-to-L3,7,62,1,1
L1L2-to-L3,7,63,1,1
L1L2-to-L3,7,65,1,1
L1L2-to-L3,7,66,1,1
L1L2-to-L3,7,73,1,1
L1L2-to-L3,7,74,1,1
L1L2-to-L3,7,77,1,1
L1L2-to-L3,7,78,1,1
L1L2-to-L3,7,79,1,1
L1L2-to-L3,7,81,1,1
L1L2-to-L3,7,82,1,1
L1L2-to-L3,7,87,1,1
L1L2-to-L3,7,88,1,1
L1L2-to-L3,7,93,1,1
L1L2-to-L3,7,97,1,1
L1L2-to-L3,7,98,1,1
L1L2-to-L3,7,102,1,1
L1L2-to-L3,7,104,1,1
L1L2-to-L3,7,105,1,1
L1L2-to-L3,7,107,1,1
L1L2-to-L3,7,109,1,1
L1L2-to-L3,7,116,1,1
L1L2-to-L3,7,117,1,1
L1L2-to-L3,7,119,1,1
L1L2-to-L3,7,120,1,1
L1L2-to-L3,7,125,1,1
L1L2-to-L3,7,129,1,1
L1L2-to-L3,7,130,1,1
L1L2-to-L3,7,134,1,1
L1L2-to-L3,7,138,1,1
L1L2-to-L3,7,139,1,1
L1L2-to-L3,7,141,1,1
L1L2-to-L3,7,146,1,1
L1L2-to-L3,7,149,1,1
L1L2-to-L3,7,152,1,1
L1L2-to-L3,7,153,1,1
L1L2-to-L3,7,154,1,1
L1L2-to-L3,7,155,1,1
L1L2-to-L3,7,156,1,1
L1L2-to-L3,7,159,1,1
L1L2-to-L3,7,163,1,1
L1L2-to-L3,7,164,1,1
L1L2-to-L3,7,166,1,1
L1L2-to-L3,7,167,1,1
L1L2-to-L3,7,170,1,1
L1L2-to-L3,7,175,1,1
L1L2-to-L3,7,176,1,1
L1L2-to-L3,7,182,1,1
L1L2-to-L3,7,186,1,1
L1L2-to-L3,7,189,1,1
L1L2-to-L3,7,190,1,1
L1L2-to-L3,7,191,1,1
L1L2-to-L3,7,197,1,1
L1L2-to-L3,7,198,1,1
L1L2-to-L3,7,199,1,1
L1L2-to-L3,7,200,1,1
L1L2-to-L3,7,203,1,1
L1L2-to-L3,7,204,1,1
L1L2-to-L3,7,211,1,1
L1L2-to-L3,7,213,1,1
L1L2-to-L3,7,214,1,1
L1L2-to-L3,7,215,1,1
L1L2-to-L3,7,217,1,1
L1L2-to-L3,7,218,1,1
L1L2-to-L3,7,219,1,1
L1L2-to-L3,7,222,1,1
L1L2-to-L3,7,224,1,1
L1L2-to-L3,7,226,1,1
L1L2-to-L3,7,228,1,1
L1L2-to-L3,7,230,1,1
L1L2-to-L3,7,232,1,1
L1L2-to-L3,7,234,1,1
L1L2-to-L3,7,242,1,1
L1L2-to-L3,7,244,1,1
L1L2-to-L3,7,245,1,1
L1L2-to-L3,7,253,1,1
L1L2-to-L3,7,254,1,1
L1L2-to-L3,8,4,1,1
L1L2-to-L3,8,8,1,1
L1L2-to-L3,8,15,1,1
L1L2-to-L3,8,21,1,1
L1L2-to-L3,8,23,1,1
L1L2-to-L3,8,28,1,1
L1L2-to-L3,8,30,1,1
L1L2-to-L3,8,32,1,1
L1L2-to-L3,8,33,1,1
L1L2-to-L3,8,35,1,1
L1L2-to-L3,8,39,1,1
L1L2-to-L3,8,44,1,1
L1L2-to-L3,8,46,1,1
L1L2-to-L3,8,55,1,1
L1L2-to-L3,8,59,1,1
L1L2-to-L3,8,60,1,1
L1L2-to-L3,8,65,1,1
L1L2-to-L3,8,66,1,1
L1L2-to-L3,8,69,1,1
L1L2-to-L3,8,74,1,1
L1L2-to-L3,8,75,1,1
L1L2-to-L3,8,77,1,1
L1L2-to-L3,8,82,1,1
L1L2-to-L3,8,86,1,1
L1L2-to-L3,8,87,1,1
L1L2-to-L3,8,92,1,1
L1L2-to-L3,8,94,1,1
L1L2-to-L3,8,108,1,1
L1L2-to-L3,8,109,1,1
L1L2-to-L3,8,110,1,1
L1L2-to-L3,8,112,1,1
L1L2-to-L3,8,113,1,1
L1L2-to-L3,8,115,1,1
L1L2-to-L3,8,116,1,1
L1L2-to-L3,8,121,1,1
L1L2-to-L3,8,122,1,1
L1L2-to-L3,8,123,1,1
L1L2-to-L3,8,131,1,1
L1L2-to-L3,8,134,1,1
L1L2-to-L3,8,136,1,1
L1L2-to-L3,8,137,1,1
L1L2-to-L3,8,140,1,1
L1L2-to-L3,8,145,1,1
L1L2-to-L3,8,146,1,1
L1L2-to-L3,8,150,1,1
L1L2-to-L3,8,151,1,1
L1L2-to-L3,8,155,1,1
L1L2-to-L3,8,157,1,1
L1L2-to-L3,8,158,1,1
L1L2-to-L3,8,161,1,1
L1L2-to-L3,8,164,1,1
L1L2-to-L3,8,166,1,1
L1L2-to-L3,8,174,1,1
L1L2-to-L3,8,176,1,1
L1L2-to-L3,8,180,1,1
L1L2-to-L3,8,183,1,1
L1L2-to-L3,8,189,1,1
L1L2-to-L3,8,191,1,1
L1L2-to-L3,8,192,1,1
L1L2-to-L3,8,197,1,1
L1L2-to-L3,8,203,1,1
L1L2-to-L3,8,205,1,1
L1L2-to-L3,8,206,1,1
L1L2-to-L3,8,207,1,1
L1L2-to-L3,8,211,1,1
L1L2-to-L3,8,213,1,1
L1L2-to-L3,8,216,1,1
L1L2-to-L3,8,220,1,1
L1L2-to-L3,8,221,1,1
L1L2-to-L3,8,224,1,1
L1L2-to-L3,8,229,1,1
L1L2-to-L3,8,230,1,1
L1L2-to-L3,8,233,1,1
L1L2-to-L3,8,236,1,1
L1L2-to-L3,8,237,1,1
L1L2-to-L3,8,238,1,1
L1L2-to-L3,8,240,1,1
L1L2-to-L3,8,241,1,1
L1L2-to-L3,8,243,1,1
L1L2-to-L3,8,247,1,1
L1L2-to-L3,8,248,1,1
L1L2-to-L3,8,249,1,1
L1L2-to-L3,8,250,1,1
L1L2-to-L3,8,251,1,1
L1L2-to-L3,8,253,1,1
L1L2-to-L3,8,255,1,1
L1L2-to-L3,9,0,1,1
L1L2-to-L3,9,1,1,1
L1L2-to-L3,9,2,1,1
L1L2-to-L3,9,5,1,1
L1L2-to-L3,9,6,1,1
L1L2-to-L3,9,8,1,1
L1L2-to-L3,9,11,1,1
L1L2-to-L3,9,14,1,1
L1L2-to-L3,9,15,1,1
L1L2-to-L3,9,17,1,1
L1L2-to-L3,9,18,1,1
L1L2-to-L3,9,22,1,1
L1L2-to-L3,9,23,1,1
L1L2-to-L3,9,26,1,1
L1L2-to-L3,9,28,1,1
L1L2-to-L3,9,29,1,1
L1L2-to-L3,9,31,1,1
L1L2-to-L3,9,32,1,1
L1L2-to-L3,9,36,1,1
L1L2-to-L3,9,39,1,1
L1L2-to-L3,9,40,1,1
L1L2-to-L3,9,41,1,1
L1L2-to-L3,9,42,1,1
L1L2-to-L3,9,47,1,1
L1L2-to-L3,9,48,1,1
L1L2-to-L3,9,52,1,1
L1L2-to-L3,9,53,1,1
L1L2-to-L3,9,54,1,1
L1L2-to-L3,9,55,1,1
L1L2-to-L3,9,57,1,1
L1L2-to-L3,9,62,1,1
L1L2-to-L3,9,64,1,1
L1L2-to-L3,9,81,1,1
L1L2-to-L3,9,83,1,1
L1L2-to-L3,9,86,1,1
L1L2-to-L3,9,91,1,1
L1L2-to-L3,9,94,1,1
L1L2-to-L3,9,96,1,1
L1L2-to-L3,9,104,1,1
L1L2-to-L3,9,105,1,1
L1L2-to-L3,9,106,1,1
L1L2-to-L3,9,113,1,1
L1L2-to-L3,9,114,1,1
L1L2-to-L3,9,116,1,1
L1L2-to-L3,9,119,1,1
L1L2-to-L3,9,120,1,1
L1L2-to-L3,9,122,1,1
L1L2-to-L3,9,123,1,1
L1L2-to-L3,9,124,1,1
L1L2-to-L3,9,131,1,1
L1L2-to-L3,9,136,1,1
L1L2-to-L3,9,145,1,1
L1L2-to-L3,9,151,1,1
L1L2-to-L3,9,152,1,1
L1L2-to-L3,9,158,1,1
L1L2-to-L3,9,161,1,1
L1L2-to-L3,9,165,1,1
L1L2-to-L3,9,166,1,1
L1L2-to-L3,9,167,1,1
L1L2-to-L3,9,174,1,1
L1L2-to-L3,9,175,1,1
L1L2-to-L3,9,177,1,1
L1L2-to-L3,9,179,1,1
L1L2-to-L3,9,180,1,1
L1L2-to-L3,9,183,1,1
L1L2-to-L3,9,185,1,1
L1L2-to-L3,9,186,1,1
L1L2-to-L3,9,188,1,1
L1L2-to-L3,9,192,1,1
L1L2-to-L3,9,193,1,1
L1L2-to-L3,9,194,1,1
L1L2-to-L3,9,198,1,1
L1L2-to-L3,9,202,1,1
L1L2-to-L3,9,203,1,1
L1L2-to-L3,9,206,1,1
L1L2-to-L3,9,209,1,1
L1L2-to-L3,9,210,1,1
L1L2-to-L3,9,213,1,1
L1L2-to-L3,9,215,1,1
L1L2-to-L3,9,219,1,1
L1L2-to-L3,9,220,1,1
L1L2-to-L3,9,222,1,1
L1L2-to-L3,9,223,1,1
L1L2-to-L3,9,225,1,1
L1L2-to-L3,9,227,1,1
L1L2-to-L3,9,228,1,1
L1L2-to-L3,9,231,1,1
L1L2-to-L3,9,232,1,1
L1L2-to-L3,9,233,1,1
L1L2-to-L3,9,236,1,1
L1L2-to-L3,9,238,1,1
L1L2-to-L3,9,247,1,1
L1L2-to-L3,9,250,1,1
L1L2-to-L3,9,252,1,1
L1L2-to-L3,9,254,1,1
L1L2-to-L3,9,255,1,1
L1L2-to-L3,10,0,1,1
L1L2-to-L3,10,5,1,1
L1L2-to-L3,10,21,1,1
L1L2-to-L3,10,22,1,1
L1L2-to-L3,10,25,1,1
L1L2-to-L3,10,33,1,1
L1L2-to-L3,10,34,1,1
L1L2-to-L3,10,35,1,1
L1L2-to-L3,10,39,1,1
L1L2-to-L3,10,41,1,1
L1L2-to-L3,10,42,1,1
L1L2-to-L3,10,47,1,1
L1L2-to-L3,10,49,1,1
L1L2-to-L3,10,51,1,1
L1L2-to-L3,10,55,1,1
L1L2-to-L3,10,56,1,1
L1L2-to-L3,10,58,1,1
L1L2-to-L3,10,60,1,1
L1L2-to-L3,10,62,1,1
L1L2-to-L3,10,63,1,1
L1L2-to-L3,10,64,1,1
L1L2-to-L3,10,65,1,1
L1L2-to-L3,10,68,1,1
L1L2-to-L3,10,70,1,1
L1L2-to-L3,10,74,1,1
L1L2-to-L3,10,76,1,1
L1L2-to-L3,10,77,1,1
L1L2-to-L3,10,79,1,1
L1L2-to-L3,10,87,1,1
L1L2-to-L3,10,94,1,1
L1L2-to-L3,10,95,1,1
L1L2-to-L3,10,103,1,1
L1L2-to-L3,10,104,1,1
L1L2-to-L3,10,105,1,1
L1L2-to-L3,10,106,1,1
L1L2-to-L3,10,124,1,1
L1L2-to-L3,10,126,1,1
L1L2-to-L3,10,134,1,1
L1L2-to-L3,10,135,1,1
L1L2-to-L3,10,137,1,1
L1L2-to-L3,10,138,1,1
L1L2-to-L3,10,145,1,1
L1L2-to-L3,10,148,1,1
L1L2-to-L3,10,150,1,1
L1L2-to-L3,10,151,1,1
L1L2-to-L3,10,155,1,1
L1L2-to-L3,10,160,1,1
L1L2-to-L3,10,163,1,1
L1L2-to-L3,10,169,1,1
L1L2-to-L3,10,170,1,1
L1L2-to-L3,10,171,1,1
L1L2-to-L3,10,172,1,1
L1L2-to-L3,10,173,1,1
L1L2-to-L3,10,175,1,1
L1L2-to-L3,10,177,1,1
L1L2-to-L3,10,184,1,1
L1L2-to-L3,10,186,1,1
L1L2-to-L3,10,189,1,1
L1L2-to-L3,10,190,1,1
L1L2-to-L3,10,192,1,1
L1L2-to-L3,10,195,1,1
L1L2-to-L3,10,201,1,1
L1L2-to-L3,10,202,1,1
L1L2-to-L3,10,204,1,1
L1L2-to-L3,10,205,1,1
L1L2-to-L3,10,207,1,1
L1L2-to-L3,10,208,1,1
L1L2-to-L3,10,210,1,1
L1L2-to-L3,10,214,1,1
L1L2-to-L3,10,216,1,1
L1L2-to-L3,10,219,1,1
L1L2-to-L3,10,220,1,1
L1L2-to-L3,10,223,1,1
L1L2-to-L3,10,224,1,1
L1L2-to-L3,10,226,1,1
L1L2-to-L3,10,229,1,1
L1L2-to-L3,10,230,1,1
L1L2-to-L3,10,233,1,1
L1L2-to-L3,10,238,1,1
L1L2-to-L3,10,241,1,1
L1L2-to-L3,10,243,1,1
L1L2-to-L3,10,244,1,1
L1L2-to-L3,10,245,1,1
L1L2-to-L3,10,246,1,1
L1L2-to-L3,10,251,1,1
L1L2-to-L3,10,252,1,1
L1L2-to-L3,10,253,1,1
L1L2-to-L3,11,2,1,1
L1L2-to-L3,11,4,1,1
L1L2-to-L3,11,6,1,1
L1L2-to-L3,11,7,1,1
L1L2-to-L3,11,10,1,1
L1L2-to-L3,11,11,1,1
L1L2-to-L3,11,25,1,1
L1L2-to-L3,11,26,1,1
L1L2-to-L3,11,27,1,1
L1L2-to-L3,11,29,1,1
L1L2-to-L3,11,37,1,1
L1L2-to-L3,11,40,1,1
L1L2-to-L3,11,43,1,1
L1L2-to-L3,11,52,1,1
L1L2-to-L3,11,53,1,1
L1L2-to-L3,11,64,1,1
L1L2-to-L3,11,65,1,1
L1L2-to-L3,11,66,1,1
L1L2-to-L3,11,68,1,1
L1L2-to-L3,11,69,1,1
L1L2-to-L3,11,70,1,1
L1L2-to-L3,11,73,1,1
L1L2-to-L3,11,75,1,1
L1L2-to-L3,11,76,1,1
L1L2-to-L3,11,77,1,1
L1L2-to-L3,11,79,1,1
L1L2-to-L3,11,81,1,1
L1L2-to-L3,11,82,1,1
L1L2-to-L3,11,85,1,1
L1L2-to-L3,11,91,1,1
L1L2-to-L3,11,92,1,1
L1L2-to-L3,11,93,1,1
L1L2-to-L3,11,95,1,1
L1L2-to-L3,11,102,1,1
L1L2-to-L3,11,104,1,1
L1L2-to-L3,11,113,1,1
L1L2-to-L3,11,115,1,1
L1L2-to-L3,11,120,1,1
L1L2-to-L3,11,124,1,1
L1L2-to-L3,11,128,1,1
L1L2-to-L3,11,130,1,1
L1L2-to-L3,11,137,1,1
L1L2-to-L3,11,140,1,1
L1L2-to-L3,11,141,1,1
L1L2-to-L3,11,144,1,1
L1L2-to-L3,11,145,1,1
L1L2-to-L3,11,147,1,1
L1L2-to-L3,11,156,1,1
L1L2-to-L3,11,157,1,1
L1L2-to-L3,11,159,1,1
L1L2-to-L3,11,161,1,1
L1L2-to-L3,11,162,1,1
L1L2-to-L3,11,168,1,1
L1L2-to-L3,11,175,1,1
L1L2-to-L3,11,176,1,1
L1L2-to-L3,11,181,1,1
L1L2-to-L3,11,182,1,1
L1L2-to-L3,11,184,1,1
L1L2-to-L3,11,185,1,1
L1L2-to-L3,11,186,1,1
L1L2-to-L3,11,188,1,1
L1L2-to-L3,11,191,1,1
L1L2-to-L3,11,193,1,1
L1L2-to-L3,11,195,1,1
L1L2-to-L3,11,197,1,1
L1L2-to-L3,11,198,1,1
L1L2-to-L3,11,199,1,1
L1L2-to-L3,11,200,1,1
L1L2-to-L3,11,202,1,1
L1L2-to-L3,11,203,1,1
L1L2-to-L3,11,207,1,1
L1L2-to-L3,11,209,1,1
L1L2-to-L3,11,211,1,1
L1L2-to-L3,11,213,1,1
L1L2-to-L3,11,218,1,1
L1L2-to-L3,11,219,1,1
L1L2-to-L3,11,221,1,1
L1L2-to-L3,11,222,1,1
L1L2-to-L3,11,226,1,1
L1L2-to-L3,11,227,1,1
L1L2-to-L3,11,228,1,1
L1L2-to-L3,11,230,1,1
L1L2-to-L3,11,231,1,1
L1L2-to-L3,11,232,1,1
L1L2-to-L3,11,233,1,1
L1L2-to-L3,11,236,1,1
L1L2-to-L3,11,237,1,1
L1L2-to-L3,11,238,1,1
L1L2-to-L3,11,240,1,1
L1L2-to-L3,11,241,1,1
L1L2-to-L3,11,242,1,1
L1L2-to-L3,11,243,1,1
L1L2-to-L3,11,244,1,1
L1L2-to-L3,11,245,1,1
L1L2-to-L3,11,247,1,1
L1L2-to-L3,11,249,1,1
L1L2-to-L3,11,250,1,1
L1L2-to-L3,11,251,1,1
L1L2-to-L3,11,252,1,1
L1L2-to-L3,12,4,1,1
L1L2-to-L3,12,6,1,1
L1L2-to-L3,12,7,1,1
L1L2-to-L3,12,8,1,1
L1L2-to-L3,12,15,1,1
L1L2-to-L3,12,17,1,1
L1L2-to-L3,12,20,1,1
L1L2-to-L3,12,21,1,1
L1L2-to-L3,12,22,1,1
L1L2-to-L3,12,23,1,1
L1L2-to-L3,12,24,1,1
L1L2-to-L3,12,26,1,1
L1L2-to-L3,12,28,1,1
L1L2-to-L3,12,30,1,1
L1L2-to-L3,12,33,1,1
L1L2-to-L3,12,38,1,1
L1L2-to-L3,12,39,1,1
L1L2-to-L3,12,40,1,1
L1L2-to-L3,12,47,1,1
L1L2-to-L3,12,48,1,1
L1L2-to-L3,12,52,1,1
L1L2-to-L3,12,60,1,1
L1L2-to-L3,12,65,1,1
L1L2-to-L3,12,67,1,1
L1L2-to-L3,12,68,1,1
L1L2-to-L3,12,74,1,1
L1L2-to-L3,12,79,1,1
L1L2-to-L3,12,81,1,1
L1L2-to-L3,12,85,1,1
L1L2-to-L3,12,96,1,1
L1L2-to-L3,12,97,1,1
L1L2-to-L3,12,102,1,1
L1L2-to-L3,12,104,1,1
L1L2-to-L3,12,108,1,1
L1L2-to-L3,12,111,1,1
L1L2-to-L3,12,113,1,1
L1L2-to-L3,12,114,1,1
L1L2-to-L3,12,117,1,1
L1L2-to-L3,12,123,1,1
L1L2-to-L3,12,127,1,1
L1L2-to-L3,12,129,1,1
L1L2-to-L3,12,130,1,1
L1L2-to-L3,12,132,1,1
L1L2-to-L3,12,133,1,1
L1L2-to-L3,12,135,1,1
L1L2-to-L3,12,136,1,1
L1L2-to-L3,12,137,1,1
L1L2-to-L3,12,138,1,1
L1L2-to-L3,12,139,1,1
L1L2-to-L3,12,144,1,1
L1L2-to-L3,12,145,1,1
L1L2-to-L3,12,149,1,1
L1L2-to-L3,12,150,1,1
L1L2-to-L3,12,152,1,1
L1L2-to-L3,12,153,1,1
L1L2-to-L3,12,155,1,1
L1L2-to-L3,12,158,1,1
L1L2-to-L3,12,159,1,1
L1L2-to-L3,12,160,1,1
L1L2-to-L3,12,167,1,1
L1L2-to-L3,12,170,1,1
L1L2-to-L3,12,171,1,1
L1L2-to-L3,12,174,1,1
L1L2-to-L3,12,175,1,1
L1L2-to-L3,12,176,1,1
L1L2-to-L3,12,179,1,1
L1L2-to-L3,12,186,1,1
L1L2-to-L3,12,187,1,1
L1L2-to-L3,12,189,1,1
L1L2-to-L3,12,191,1,1
L1L2-to-L3,12,193,1,1
L1L2-to-L3,12,196,1,1
L1L2-to-L3,12,199,1,1
L1L2-to-L3,12,200,1,1
L1L2-to-L3,12,201,1,1
L1L2-to-L3,12,202,1,1
L1L2-to-L3,12,206,1,1
L1L2-to-L3,12,207,1,1
L1L2-to-L3,12,208,1,1
L1L2-to-L3,12,209,1,1
L1L2-to-L3,12,211,1,1
L1L2-to-L3,12,216,1,1
L1L2-to-L3,12,218,1,1
L1L2-to-L3,12,222,1,1
L1L2-to-L3,12,224,1,1
L1L2-to-L3,12,225,1,1
L1L2-to-L3,12,229,1,1
L1L2-to-L3,12,230,1,1
L1L2-to-L3,12,234,1,1
L1L2-to-L3,12,237,1,1
L1L2-to-L3,12,238,1,1
L1L2-to-L3,12,242,1,1
L1L2-to-L3,12,250,1,1
L1L2-to-L3,12,252,1,1
L1L2-to-L3,12,255,1,1
L1L2-to-L3,13,4,1,1
L1L2-to-L3,13,5,1,1
L1L2-to-L3,13,7,1,1
L1L2-to-L3,13,8,1,1
L1L2-to-L3,13,10,1,1
L1L2-to-L3,13,11,1,1
L1L2-to-L3,13,12,1,1
L1L2-to-L3,13,16,1,1
L1L2-to-L3,13,21,1,1
L1L2-to-L3,13,22,1,1
L1L2-to-L3,13,25,1,1
L1L2-to-L3,13,26,1,1
L1L2-to-L3,13,29,1,1
L1L2-to-L3,13,30,1,1
L1L2-to-L3,13,32,1,1
L1L2-to-L3,13,34,1,1
L1L2-to-L3,13,40,1,1
L1L2-to-L3,13,41,1,1
L1L2-to-L3,13,43,1,1
L1L2-to-L3,13,47,1,1
L1L2-to-L3,13,49,1,1
L1L2-to-L3,13,50,1,1
L1L2-to-L3,13,51,1,1
L1L2-to-L3,13,52,1,1
L1L2-to-L3,13,53,1,1
L1L2-to-L3,13,54,1,1
L1L2-to-L3,13,57,1,1
L1L2-to-L3,13,60,1,1
L1L2-to-L3,13,62,1,1
L1L2-to-L3,13,63,1,1
L1L2-to-L3,13,65,1,1
L1L2-to-L3,13,71,1,1
L1L2-to-L3,13,75,1,1
L1L2-to-L3,13,77,1,1
L1L2-to-L3,13,83,1,1
L1L2-to-L3,13,85,1,1
L1L2-to-L3,13,90,1,1
L1L2-to-L3,13,92,1,1
L1L2-to-L3,13,95,1,1
L1L2-to-L3,13,98,1,1
L1L2-to-L3,13,101,1,1
L1L2-to-L3,13,104,1,1
L1L2-to-L3,13,105,1,1
L1L2-to-L3,13,106,1,1
L1L2-to-L3,13,108,1,1
L1L2-to-L3,13,111,1,1
L1L2-to-L3,13,112,1,1
L1L2-to-L3,13,115,1,1
L1L2-to-L3,13,116,1,1
L1L2-to-L3,13,117,1,1
L1L2-to-L3,13,118,1,1
L1L2-to-L3,13,119,1,1
L1L2-to-L3,13,122,1,1
L1L2-to-L3,13,127,1,1
L1L2-to-L3,13,128,1,1
L1L2-to-L3,13,129,1,1
L1L2-to-L3,13,131,1,1
L1L2-to-L3,13,132,1,1
L1L2-to-L3,13,134,1,1
L1L2-to-L3,13,135,1,1
L1L2-to-L3,13,138,1,1
L1L2-to-L3,13,139,1,1
L1L2-to-L3,13,143,1,1
L1L2-to-L3,13,144,1,1
L1L2-to-L3,13,147,1,1
L1L2-to-L3,13,149,1,1
L1L2-to-L3,13,150,1,1
L1L2-to-L3,13,153,1,1
L1L2-to-L3,13,155,1,1
L1L2-to-L3,13,157,1,1
L1L2-to-L3,13,164,1,1
L1L2-to-L3,13,166,1,1
L1L2-to-L3,13,171,1,1
L1L2-to-L3,13,174,1,1
L1L2-to-L3,13,175,1,1
L1L2-to-L3,13,183,1,1
L1L2-to-L3,13,187,1,1
L1L2-to-L3,13,191,1,1
L1L2-to-L3,13,194,1,1
L1L2-to-L3,13,195,1,1
L1L2-to-L3,13,196,1,1
L1L2-to-L3,13,197,1,1
L1L2-to-L3,13,198,1,1
L1L2-to-L3,13,199,1,1
L1L2-to-L3,13,200,1,1
L1L2-to-L3,13,205,1,1
L1L2-to-L3,13,206,1,1
L1L2-to-L3,13,210,1,1
L1L2-to-L3,13,211,1,1
L1L2-to-L3,13,212,1,1
L1L2-to-L3,13,215,1,1
L1L2-to-L3,13,216,1,1
L1L2-to-L3,13,219,1,1
L1L2-to-L3,13,224,1,1
L1L2-to-L3,13,225,1,1
L1L2-to-L3,13,229,1,1
L1L2-to-L3,13,230,1,1
L1L2-to-L3,13,231,1,1
L1L2-to-L3,13,234,1,1
L1L2-to-L3,13,235,1,1
L1L2-to-L3,13,236,1,1
L1L2-to-L3,13,238,1,1
L1L2-to-L3,13,241,1,1
L1L2-to-L3,13,242,1,1
L1L2-to-L3,13,243,1,1
L1L2-to-L3,13,246,1,1
L1L2-to-L3,13,250,1,1
L1L2-to-L3,13,251,1,1
L1L2-to-L3,13,252,1,1
L1L2-to-L3,13,254,1,1
L1L2-to-L3,13,255,1,1
L1L2-to-L3,14,3,1,1
L1L2-to-L3,14,4,1,1
L1L2-to-L3,14,5,1,1
L1L2-to-L3,14,8,1,1
L1L2-to-L3,14,10,1,1
L1L2-to-L3,14,13,1,1
L1L2-to-L3,14,14,1,1
L1L2-to-L3,14,19,1,1
L1L2-to-L3,14,36,1,1
L1L2-to-L3,14,38,1,1
L1L2-to-L3,14,40,1,1
L1L2-to-L3,14,42,1,1
L1L2-to-L3,14,46,1,1
L1L2-to-L3,14,51,1,1
L1L2-to-L3,14,52,1,1
L1L2-to-L3,14,54,1,1
L1L2-to-L3,14,64,1,1
L1L2-to-L3,14,77,1,1
L1L2-to-L3,14,78,1,1
L1L2-to-L3,14,88,1,1
L1L2-to-L3,14,90,1,1
L1L2-to-L3,14,92,1,1
L1L2-to-L3,14,94,1,1
L1L2-to-L3,14,106,1,1
L1L2-to-L3,14,107,1,1
L1L2-to-L3,14,109,1,1
L1L2-to-L3,14,110,1,1
L1L2-to-L3,14,111,1,1
L1L2-to-L3,14,113,1,1
L1L2-to-L3,14,114,1,1
L1L2-to-L3,14,115,1,1
L1L2-to-L3,14,118,1,1
L1L2-to-L3,14,119,1,1
L1L2-to-L3,14,122,1,1
L1L2-to-L3,14,125,1,1
L1L2-to-L3,14,126,1,1
L1L2-to-L3,14,132,1,1
L1L2-to-L3,14,137,1,1
L1L2-to-L3,14,139,1,1
L1L2-to-L3,14,140,1,1
L1L2-to-L3,14,141,1,1
L1L2-to-L3,14,146,1,1
L1L2-to-L3,14,149,1,1
L1L2-to-L3,14,152,1,1
L1L2-to-L3,14,156,1,1
L1L2-to-L3,14,164,1,1
L1L2-to-L3,14,167,1,1
L1L2-to-L3,14,168,1,1
L1L2-to-L3,14,170,1,1
L1L2-to-L3,14,171,1,1
L1L2-to-L3,14,172,1,1
L1L2-to-L3,14,174,1,1
L1L2-to-L3,14,175,1,1
L1L2-to-L3,14,176,1,1
L1L2-to-L3,14,178,1,1
L1L2-to-L3,14,179,1,1
L1L2-to-L3,14,183,1,1
L1L2-to-L3,14,185,1,1
L1L2-to-L3,14,186,1,1
L1L2-to-L3,14,187,1,1
L1L2-to-L3,14,188,1,1
L1L2-to-L3,14,190,1,1
L1L2-to-L3,14,192,1,1
L1L2-to-L3,14,199,1,1
L1L2-to-L3,14,202,1,1
L1L2-to-L3,14,203,1,1
L1L2-to-L3,14,205,1,1
L1L2-to-L3,14,208,1,1
L1L2-to-L3,14,210,1,1
L1L2-to-L3,14,211,1,1
L1L2-to-L3,14,214,1,1
L1L2-to-L3,14,216,1,1
L1L2-to-L3,14,221,1,1
L1L2-to-L3,14,222,1,1
L1L2-to-L3,14,223,1,1
L1L2-to-L3,14,224,1,1
L1L2-to-L3,14,231,1,1
L1L2-to-L3,14,234,1,1
L1L2-to-L3,14,235,1,1
L1L2-to-L3,14,236,1,1
L1L2-to-L3,14,237,1,1
L1L2-to-L3,14,238,1,1
L1L2-to-L3,14,239,1,1
L1L2-to-L3,14,240,1,1
L1L2-to-L3,14,241,1,1
L1L2-to-L3,14,244,1,1
L1L2-to-L3,14,245,1,1
L1L2-to-L3,14,246,1,1
L1L2-to-L3,14,247,1,1
L1L2-to-L3,14,248,1,1
L1L2-to-L3,14,250,1,1
L1L2-to-L3,14,251,1,1
L1L2-to-L3,14,252,1,1
L1L2-to-L3,14,254,1,1
L1L2-to-L3,15,2,1,1
L1L2-to-L3,15,7,1,1
L1L2-to-L3,15,9,1,1
L1L2-to-L3,15,11,1,1
L1L2-to-L3,15,13,1,1
L1L2-to-L3,15,14,1,1
L1L2-to-L3,15,24,1,1
L1L2-to-L3,15,27,1,1
L1L2-to-L3,15,30,1,1
L1L2-to-L3,15,31,1,1
L1L2-to-L3,15,32,1,1
L1L2-to-L3,15,33,1,1
L1L2-to-L3,15,34,1,1
L1L2-to-L3,15,35,1,1
L1L2-to-L3,15,36,1,1
L1L2-to-L3,15,42,1,1
L1L2-to-L3,15,47,1,1
L1L2-to-L3,15,53,1,1
L1L2-to-L3,15,57,1,1
L1L2-to-L3,15,60,1,1
L1L2-to-L3,15,62,1,1
L1L2-to-L3,15,65,1,1
L1L2-to-L3,15,66,1,1
L1L2-to-L3,15,67,1,1
L1L2-to-L3,15,69,1,1
L1L2-to-L3,15,75,1,1
L1L2-to-L3,15,81,1,1
L1L2-to-L3,15,84,1,1
L1L2-to-L3,15,85,1,1
L1L2-to-L3,15,86,1,1
L1L2-to-L3,15,90,1,1
L1L2-to-L3,15,92,1,1
L1L2-to-L3,15,96,1,1
L1L2-to-L3,15,97,1,1
L1L2-to-L3,15,99,1,1
L1L2-to-L3,15,100,1,1
L1L2-to-L3,15,111,1,1
L1L2-to-L3,15,115,1,1
L1L2-to-L3,15,117,1,1
L1L2-to-L3,15,119,1,1
L1L2-to-L3,15,122,1,1
L1L2-to-L3,15,123,1,1
L1L2-to-L3,15,124,1,1
L1L2-to-L3,15,132,1,1
L1L2-to-L3,15,133,1,1
L1L2-to-L3,15,135,1,1
L1L2-to-L3,15,136,1,1
L1L2-to-L3,15,137,1,1
L1L2-to-L3,15,141,1,1
L1L2-to-L3,15,142,1,1
L1L2-to-L3,15,143,1,1
L1L2-to-L3,15,145,1,1
L1L2-to-L3,15,146,1,1
L1L2-to-L3,15,148,1,1
L1L2-to-L3,15,153,1,1
L1L2-to-L3,15,155,1,1
L1L2-to-L3,15,158,1,1
L1L2-to-L3,15,161,1,1
L1L2-to-L3,15,165,1,1
L1L2-to-L3,15,166,1,1
L1L2-to-L3,15,170,1,1
L1L2-to-L3,15,173,1,1
L1L2-to-L3,15,174,1,1
L1L2-to-L3,15,175,1,1
L1L2-to-L3,15,176,1,1
L1L2-to-L3,15,198,1,1
L1L2-to-L3,15,200,1,1
L1L2-to-L3,15,205,1,1
L1L2-to-L3,15,210,1,1
L1L2-to-L3,15,214,1,1
L1L2-to-L3,15,216,1,1
L1L2-to-L3,15,218,1,1
L1L2-to-L3,15,219,1,1
L1L2-to-L3,15,221,1,1
L1L2-to-L3,15,222,1,1
L1L2-to-L3,15,224,1,1
L1L2-to-L3,15,225,1,1
L1L2-to-L3,15,227,1,1
L1L2-to-L3,15,229,1,1
L1L2-to-L3,15,230,1,1
L1L2-to-L3,15,231,1,1
L1L2-to-L3,15,233,1,1
L1L2-to-L3,15,234,1,1
L1L2-to-L3,15,235,1,1
L1L2-to-L3,15,237,1,1
L1L2-to-L3,15,238,1,1
L1L2-to-L3,15,239,1,1
L1L2-to-L3,15,240,1,1
L1L2-to-L3,15,241,1,1
L1L2-to-L3,15,243,1,1
L1L2-to-L3,15,244,1,1
L1L2-to-L3,15,245,1,1
L1L2-to-L3,15,248,1,1
L1L2-to-L3,15,251,1,1
L1L2-to-L3,15,252,1,1
L1L2-to-L3,15,254,1,1
L1L2-to-L3,16,2,1,1
L1L2-to-L3,16,10,1,1
L1L2-to-L3,16,12,1,1
L1L2-to-L3,16,13,1,1
L1L2-to-L3,16,14,1,1
L1L2-to-L3,16,15,1,1
L1L2-to-L3,16,22,1,1
L1L2-to-L3,16,25,1,1
L1L2-to-L3,16,30,1,1
L1L2-to-L3,16,32,1,1
L1L2-to-L3,16,35,1,1
L1L2-to-L3,16,36,1,1
L1L2-to-L3,16,37,1,1
L1L2-to-L3,16,41,1,1
L1L2-to-L3,16,44,1,1
L1L2-to-L3,16,45,1,1
L1L2-to-L3,16,47,1,1
L1L2-to-L3,16,51,1,1
L1L2-to-L3,16,53,1,1
L1L2-to-L3,16,59,1,1
L1L2-to-L3,16,60,1,1
L1L2-to-L3,16,61,1,1
L1L2-to-L3,16,62,1,1
L1L2-to-L3,16,64,1,1
L1L2-to-L3,16,69,1,1
L1L2-to-L3,16,71,1,1
L1L2-to-L3,16,77,1,1
L1L2-to-L3,16,79,1,1
L1L2-to-L3,16,80,1,1
L1L2-to-L3,16,81,1,1
L1L2-to-L3,16,82,1,1
L1L2-to-L3,16,84,1,1
L1L2-to-L3,16,86,1,1
L1L2-to-L3,16,87,1,1
L1L2-to-L3,16,88,1,1
L1L2-to-L3,16,90,1,1
L1L2-to-L3,16,92,1,1
L1L2-to-L3,16,94,1,1
L1L2-to-L3,16,95,1,1
L1L2-to-L3,16,97,1,1
L1L2-to-L3,16,99,1,1
L1L2-to-L3,16,100,1,1
L1L2-to-L3,16,101,1,1
L1L2-to-L3,16,102,1,1
L1L2-to-L3,16,103,1,1
L1L2-to-L3,16,107,1,1
L1L2-to-L3,16,108,1,1
L1L2-to-L3,16,111,1,1
L1L2-to-L3,16,116,1,1
L1L2-to-L3,16,120,1,1
L1L2-to-L3,16,122,1,1
L1L2-to-L3,16,123,1,1
L1L2-to-L3,16,129,1,1
L1L2-to-L3,16,134,1,1
L1L2-to-L3,16,137,1,1
L1L2-to-L3,16,139,1,1
L1L2-to-L3,16,152,1,1
L1L2-to-L3,16,154,1,1
L1L2-to-L3,16,155,1,1
L1L2-to-L3,16,156,1,1
L1L2-to-L3,16,158,1,1
L1L2-to-L3,16,159,1,1
L1L2-to-L3,16,165,1,1
L1L2-to-L3,16,169,1,1
L1L2-to-L3,16,170,1,1
L1L2-to-L3,16,172,1,1
L1L2-to-L3,16,173,1,1
L1L2-to-L3,16,177,1,1
L1L2-to-L3,16,178,1,1
L1L2-to-L3,16,182,1,1
L1L2-to-L3,16,183,1,1
L1L2-to-L3,16,184,1,1
L1L2-to-L3,16,185,1,1
L1L2-to-L3,16,190,1,1
L1L2-to-L3,16,195,1,1
L1L2-to-L3,16,199,1,1
L1L2-to-L3,16,203,1,1
L1L2-to-L3,16,206,1,1
L1L2-to-L3,16,210,1,1
L1L2-to-L3,16,211,1,1
L1L2-to-L3,16,215,1,1
L1L2-to-L3,16,216,1,1
L1L2-to-L3,16,217,1,1
L1L2-to-L3,16,219,1,1
L1L2-to-L3,16,220,1,1
L1L2-to-L3,16,221,1,1
L1L2-to-L3,16,222,1,1
L1L2-to-L3,16,223,1,1
L1L2-to-L3,16,224,1,1
L1L2-to-L3,16,225,1,1
L1L2-to-L3,16,226,1,1
L1L2-to-L3,16,227,1,1
L1L2-to-L3,16,228,1,1
L1L2-to-L3,16,229,1,1
L1L2-to-L3,16,230,1,1
L1L2-to-L3,16,231,1,1
L1L2-to-L3,16,232,1,1
L1L2-to-L3,16,236,1,1
L1L2-to-L3,16,238,1,1
L1L2-to-L3,16,239,1,1
L1L2-to-L3,16,241,1,1
L1L2-to-L3,16,242,1,1
L1L2-to-L3,16,246,1,1
L1L2-to-L3,16,247,1,1
L1L2-to-L3,16,248,1,1
L1L2-to-L3,16,249,1,1
L1L2-to-L3,16,250,1,1
L1L2-to-L3,16,251,1,1
L1L2-to-L3,16,252,1,1
L1L2-to-L3,16,254,1,1
L1L2-to-L3,17,5,1,1
L1L2-to-L3,17,9,1,1
L1L2-to-L3,17,14,1,1
L1L2-to-L3,17,15,1,1
L1L2-to-L3,17,17,1,1
L1L2-to-L3,17,25,1,1
L1L2-to-L3,17,26,1,1
L1L2-to-L3,17,33,1,1
L1L2-to-L3,17,38,1,1
L1L2-to-L3,17,44,1,1
L1L2-to-L3,17,45,1,1
L1L2-to-L3,17,46,1,1
L1L2-to-L3,17,52,1,1
L1L2-to-L3,17,54,1,1
L1L2-to-L3,17,57,1,1
L1L2-to-L3,17,58,1,1
L1L2-to-L3,17,60,1,1
L1L2-to-L3,17,64,1,1
L1L2-to-L3,17,66,1,1
L1L2-to-L3,17,67,1,1
L1L2-to-L3,17,71,1,1
L1L2-to-L3,17,72,1,1
L1L2-to-L3,17,74,1,1
L1L2-to-L3,17,77,1,1
L1L2-to-L3,17,80,1,1
L1L2-to-L3,17,81,1,1
L1L2-to-L3,17,83,1,1
L1L2-to-L3,17,84,1,1
L1L2-to-L3,17,86,1,1
L1L2-to-L3,17,87,1,1
L1L2-to-L3,17,88,1,1
L1L2-to-L3,17,89,1,1
L1L2-to-L3,17,90,1,1
L1L2-to-L3,17,91,1,1
L1L2-to-L3,17,99,1,1
L1L2-to-L3,17,100,1,1
L1L2-to-L3,17,103,1,1
L1L2-to-L3,17,105,1,1
L1L2-to-L3,17,108,1,1
L1L2-to-L3,17,110,1,1
L1L2-to-L3,17,120,1,1
L1L2-to-L3,17,121,1,1
L1L2-to-L3,17,126,1,1
L1L2-to-L3,17,127,1,1
L1L2-to-L3,17,130,1,1
L1L2-to-L3,17,131,1,1
L1L2-to-L3,17,133,1,1
L1L2-to-L3,17,134,1,1
L1L2-to-L3,17,136,1,1
L1L2-to-L3,17,139,1,1
L1L2-to-L3,17,141,1,1
L1L2-to-L3,17,143,1,1
L1L2-to-L3,17,148,1,1
L1L2-to-L3,17,149,1,1
L1L2-to-L3,17,150,1,1
L1L2-to-L3,17,152,1,1
L1L2-to-L3,17,155,1,1
L1L2-to-L3,17,156,1,1
L1L2-to-L3,17,157,1,1
L1L2-to-L3,17,160,1,1
L1L2-to-L3,17,163,1,1
L1L2-to-L3,17,164,1,1
L1L2-to-L3,17,165,1,1
L1L2-to-L3,17,168,1,1
L1L2-to-L3,17,170,1,1
L1L2-to-L3,17,171,1,1
L1L2-to-L3,17,176,1,1
L1L2-to-L3,17,181,1,1
L1L2-to-L3,17,185,1,1
L1L2-to-L3,17,187,1,1
L1L2-to-L3,17,188,1,1
L1L2-to-L3,17,191,1,1
L1L2-to-L3,17,192,1,1
L1L2-to-L3,17,193,1,1
L1L2-to-L3,17,195,1,1
L1L2-to-L3,17,198,1,1
L1L2-to-L3,17,199,1,1
L1L2-to-L3,17,200,1,1
L1L2-to-L3,17,201,1,1
L1L2-to-L3,17,202,1,1
L1L2-to-L3,17,204,1,1
L1L2-to-L3,17,205,1,1
L1L2-to-L3,17,208,1,1
L1L2-to-L3,17,209,1,1
L1L2-to-L3,17,210,1,1
L1L2-to-L3,17,212,1,1
L1L2-to-L3,17,213,1,1
L1L2-to-L3,17,214,1,1
L1L2-to-L3,17,217,1,1
L1L2-to-L3,17,219,1,1
L1L2-to-L3,17,222,1,1
L1L2-to-L3,17,224,1,1
L1L2-to-L3,17,226,1,1
L1L2-to-L3,17,229,1,1
L1L2-to-L3,17,230,1,1
L1L2-to-L3,17,234,1,1
L1L2-to-L3,17,236,1,1
L1L2-to-L3,17,239,1,1
L1L2-to-L3,17,240,1,1
L1L2-to-L3,17,241,1,1
L1L2-to-L3,17,242,1,1
L1L2-to-L3,17,246,1,1
L1L2-to-L3,17,249,1,1
L1L2-to-L3,17,250,1,1
L1L2-to-L3,17,252,1,1
L1L2-to-L3,17,253,1,1
L1L2-to-L3,17,254,1,1
L1L2-to-L3,18,9,1,1
L1L2-to-L3,18,16,1,1
L1L2-to-L3,18,21,1,1
L1L2-to-L3,18,23,1,1
L1L2-to-L3,18,27,1,1
L1L2-to-L3,18,28,1,1
L1L2-to-L3,18,30,1,1
L1L2-to-L3,18,33,1,1
L1L2-to-L3,18,42,1,1
L1L2-to-L3,18,46,1,1
L1L2-to-L3,18,60,1,1
L1L2-to-L3,18,62,1,1
L1L2-to-L3,18,63,1,1
L1L2-to-L3,18,64,1,1
L1L2-to-L3,18,67,1,1
L1L2-to-L3,18,72,1,1
L1L2-to-L3,18,73,1,1
L1L2-to-L3,18,75,1,1
L1L2-to-L3,18,76,1,1
L1L2-to-L3,18,77,1,1
L1L2-to-L3,18,78,1,1
L1L2-to-L3,18,80,1,1
L1L2-to-L3,18,82,1,1
L1L2-to-L3,18,85,1,1
L1L2-to-L3,18,90,1,1
L1L2-to-L3,18,100,1,1
L1L2-to-L3,18,101,1,1
L1L2-to-L3,18,102,1,1
L1L2-to-L3,18,103,1,1
L1L2-to-L3,18,104,1,1
L1L2-to-L3,18,106,1,1
L1L2-to-L3,18,112,1,1
L1L2-to-L3,18,113,1,1
L1L2-to-L3,18,115,1,1
L1L2-to-L3,18,122,1,1
L1L2-to-L3,18,123,1,1
L1L2-to-L3,18,124,1,1
L1L2-to-L3,18,129,1,1
L1L2-to-L3,18,130,1,1
L1L2-to-L3,18,133,1,1
L1L2-to-L3,18,136,1,1
L1L2-to-L3,18,143,1,1
L1L2-to-L3,18,145,1,1
L1L2-to-L3,18,147,1,1
L1L2-to-L3,18,150,1,1
L1L2-to-L3,18,154,1,1
L1L2-to-L3,18,155,1,1
L1L2-to-L3,18,156,1,1
L1L2-to-L3,18,158,1,1
L1L2-to-L3,18,162,1,1
L1L2-to-L3,18,166,1,1
L1L2-to-L3,18,167,1,1
L1L2-to-L3,18,169,1,1
L1L2-to-L3,18,170,1,1
L1L2-to-L3,18,175,1,1
L1L2-to-L3,18,176,1,1
L1L2-to-L3,18,179,1,1
L1L2-to-L3,18,181,1,1
L1L2-to-L3,18,183,1,1
L1L2-to-L3,18,185,1,1
L1L2-to-L3,18,194,1,1
L1L2-to-L3,18,197,1,1
L1L2-to-L3,18,199,1,1
L1L2-to-L3,18,200,1,1
L1L2-to-L3,18,201,1,1
L1L2-to-L3,18,203,1,1
L1L2-to-L3,18,204,1,1
L1L2-to-L3,18,211,1,1
L1L2-to-L3,18,214,1,1
L1L2-to-L3,18,215,1,1
L1L2-to-L3,18,216,1,1
L1L2-to-L3,18,217,1,1
L1L2-to-L3,18,218,1,1
L1L2-to-L3,18,220,1,1
L1L2-to-L3,18,224,1,1
L1L2-to-L3,18,226,1,1
L1L2-to-L3,18,227,1,1
L1L2-to-L3,18,231,1,1
L1L2-to-L3,18,234,1,1
L1L2-to-L3,18,237,1,1
L1L2-to-L3,18,239,1,1
L1L2-to-L3,18,243,1,1
L1L2-to-L3,18,244,1,1
L1L2-to-L3,18,245,1,1
L1L2-to-L3,18,246,1,1
L1L2-to-L3,18,250,1,1
L1L2-to-L3,18,254,1,1
L1L2-to-L3,19,0,1,1
L1L2-to-L3,19,2,1,1
L1L2-to-L3,19,3,1,1
L1L2-to-L3,19,10,1,1
L1L2-to-L3,19,14,1,1
L1L2-to-L3,19,21,1,1
L1L2-to-L3,19,32,1,1
L1L2-to-L3,19,34,1,1
L1L2-to-L3,19,37,1,1
L1L2-to-L3,19,39,1,1
L1L2-to-L3,19,46,1,1
L1L2-to-L3,19,50,1,1
L1L2-to-L3,19,57,1,1
L1L2-to-L3,19,60,1,1
L1L2-to-L3,19,62,1,1
L1L2-to-L3,19,63,1,1
L1L2-to-L3,19,65,1,1
L1L2-to-L3,19,74,1,1
L1L2-to-L3,19,75,1,1
L1L2-to-L3,19,76,1,1
L1L2-to-L3,19,77,1,1
L1L2-to-L3,19,79,1,1
L1L2-to-L3,19,80,1,1
L1L2-to-L3,19,82,1,1
L1L2-to-L3,19,87,1,1
L1L2-to-L3,19,89,1,1
L1L2-to-L3,19,94,1,1
L1L2-to-L3,19,96,1,1
L1L2-to-L3,19,97,1,1
L1L2-to-L3,19,100,1,1
L1L2-to-L3,19,110,1,1
L1L2-to-L3,19,111,1,1
L1L2-to-L3,19,113,1,1
L1L2-to-L3,19,114,1,1
L1L2-to-L3,19,115,1,1
L1L2-to-L3,19,116,1,1
L1L2-to-L3,19,118,1,1
L1L2-to-L3,19,119,1,1
L1L2-to-L3,19,123,1,1
L1L2-to-L3,19,124,1,1
L1L2-to-L3,19,128,1,1
L1L2-to-L3,19,129,1,1
L1L2-to-L3,19,130,1,1
L1L2-to-L3,19,132,1,1
L1L2-to-L3,19,135,1,1
L1L2-to-L3,19,136,1,1
L1L2-to-L3,19,139,1,1
L1L2-to-L3,19,144,1,1
L1L2-to-L3,19,149,1,1
L1L2-to-L3,19,152,1,1
L1L2-to-L3,19,157,1,1
L1L2-to-L3,19,159,1,1
L1L2-to-L3,19,160,1,1
L1L2-to-L3,19,161,1,1
L1L2-to-L3,19,163,1,1
L1L2-to-L3,19,164,1,1
L1L2-to-L3,19,165,1,1
L1L2-to-L3,19,169,1,1
L1L2-to-L3,19,174,1,1
L1L2-to-L3,19,175,1,1
L1L2-to-L3,19,176,1,1
L1L2-to-L3,19,178,1,1
L1L2-to-L3,19,180,1,1
L1L2-to-L3,19,184,1,1
L1L2-to-L3,19,185,1,1
L1L2-to-L3,19,186,1,1
L1L2-to-L3,19,187,1,1
L1L2-to-L3,19,189,1,1
L1L2-to-L3,19,191,1,1
L1L2-to-L3,19,192,1,1
L1L2-to-L3,19,193,1,1
L1L2-to-L3,19,195,1,1
L1L2-to-L3,19,197,1,1
L1L2-to-L3,19,200,1,1
L1L2-to-L3,19,207,1,1
L1L2-to-L3,19,209,1,1
L1L2-to-L3,19,210,1,1
L1L2-to-L3,19,212,1,1
L1L2-to-L3,19,216,1,1
L1L2-to-L3,19,219,1,1
L1L2-to-L3,19,220,1,1
L1L2-to-L3,19,224,1,1
L1L2-to-L3,19,226,1,1
L1L2-to-L3,19,227,1,1
L1L2-to-L3,19,230,1,1
L1L2-to-L3,19,231,1,1
L1L2-to-L3,19,232,1,1
L1L2-to-L3,19,233,1,1
L1L2-to-L3,19,235,1,1
L1L2-to-L3,19,239,1,1
L1L2-to-L3,19,242,1,1
L1L2-to-L3,19,246,1,1
L1L2-to-L3,19,250,1,1
L1L2-to-L3,19,251,1,1
L1L2-to-L3,19,252,1,1
L1L2-to-L3,19,254,1,1
L1L2-to-L3,19,255,1,1
L1L2-to-L3,20,0,1,1
L1L2-to-L3,20,1,1,1
L1L2-to-L3,20,3,1,1
L1L2-to-L3,20,4,1,1
L1L2-to-L3,20,5,1,1
L1L2-to-L3,20,6,1,1
L1L2-to-L3,20,7,1,1
L1L2-to-L3,20,10,1,1
L1L2-to-L3,20,11,1,1
L1L2-to-L3,20,14,1,1
L1L2-to-L3,20,15,1,1
L1L2-to-L3,20,16,1,1
L1L2-to-L3,20,17,1,1
L1L2-to-L3,20,22,1,1
L1L2-to-L3,20,23,1,1
L1L2-to-L3,20,25,1,1
L1L2-to-L3,20,26,1,1
L1L2-to-L3,20,30,1,1
L1L2-to-L3,20,31,1,1
L1L2-to-L3,20,33,1,1
L1L2-to-L3,20,49,1,1
L1L2-to-L3,20,51,1,1
L1L2-to-L3,20,54,1,1
L1L2-to-L3,20,55,1,1
L1L2-to-L3,20,59,1,1
L1L2-to-L3,20,61,1,1
L1L2-to-L3,20,63,1,1
L1L2-to-L3,20,65,1,1
L1L2-to-L3,20,66,1,1
L1L2-to-L3,20,78,1,1
L1L2-to-L3,20,80,1,1
L1L2-to-L3,20,81,1,1
L1L2-to-L3,20,85,1,1
L1L2-to-L3,20,86,1,1
L1L2-to-L3,20,89,1,1
L1L2-to-L3,20,91,1,1
L1L2-to-L3,20,92,1,1
L1L2-to-L3,20,96,1,1
L1L2-to-L3,20,99,1,1
L1L2-to-L3,20,100,1,1
L1L2-to-L3,20,102,1,1
L1L2-to-L3,20,105,1,1
L1L2-to-L3,20,106,1,1
L1L2-to-L3,20,109,1,1
L1L2-to-L3,20,110,1,1
L1L2-to-L3,20,111,1,1
L1L2-to-L3,20,112,1,1
L1L2-to-L3,20,114,1,1
L1L2-to-L3,20,115,1,1
L1L2-to-L3,20,117,1,1
L1L2-to-L3,20,121,1,1
L1L2-to-L3,20,122,1,1
L1L2-to-L3,20,124,1,1
L1L2-to-L3,20,129,1,1
L1L2-to-L3,20,131,1,1
L1L2-to-L3,20,132,1,1
L1L2-to-L3,20,133,1,1
L1L2-to-L3,20,134,1,1
L1L2-to-L3,20,137,1,1
L1L2-to-L3,20,139,1,1
L1L2-to-L3,20,140,1,1
L1L2-to-L3,20,141,1,1
L1L2-to-L3,20,142,1,1
L1L2-to-L3,20,143,1,1
L1L2-to-L3,20,147,1,1
L1L2-to-L3,20,149,1,1
L1L2-to-L3,20,150,1,1
L1L2-to-L3,20,151,1,1
L1L2-to-L3,20,153,1,1
L1L2-to-L3,20,155,1,1
L1L2-to-L3,20,156,1,1
L1L2-to-L3,20,159,1,1
L1L2-to-L3,20,162,1,1
L1L2-to-L3,20,163,1,1
L1L2-to-L3,20,164,1,1
L1L2-to-L3,20,165,1,1
L1L2-to-L3,20,168,1,1
L1L2-to-L3,20,169,1,1
L1L2-to-L3,20,171,1,1
L1L2-to-L3,20,172,1,1
L1L2-to-L3,20,173,1,1
L1L2-to-L3,20,174,1,1
L1L2-to-L3,20,178,1,1
L1L2-to-L3,20,179,1,1
L1L2-to-L3,20,180,1,1
L1L2-to-L3,20,181,1,1
L1L2-to-L3,20,184,1,1
L1L2-to-L3,20,188,1,1
L1L2-to-L3,20,192,1,1
L1L2-to-L3,20,193,1,1
L1L2-to-L3,20,195,1,1
L1L2-to-L3,20,196,1,1
L1L2-to-L3,20,197,1,1
L1L2-to-L3,20,200,1,1
L1L2-to-L3,20,202,1,1
L1L2-to-L3,20,203,1,1
L1L2-to-L3,20,205,1,1
L1L2-to-L3,20,207,1,1
L1L2-to-L3,20,208,1,1
L1L2-to-L3,20,213,1,1
L1L2-to-L3,20,216,1,1
L1L2-to-L3,20,218,1,1
L1L2-to-L3,20,219,1,1
L1L2-to-L3,20,220,1,1
L1L2-to-L3,20,221,1,1
L1L2-to-L3,20,222,1,1
L1L2-to-L3,20,226,1,1
L1L2-to-L3,20,227,1,1
L1L2-to-L3,20,230,1,1
L1L2-to-L3,20,232,1,1
L1L2-to-L3,20,235,1,1
L1L2-to-L3,20,236,1,1
L1L2-to-L3,20,237,1,1
L1L2-to-L3,20,239,1,1
L1L2-to-L3,20,242,1,1
L1L2-to-L3,20,243,1,1
L1L2-to-L3,20,244,1,1
L1L2-to-L3,20,245,1,1
L1L2-to-L3,20,246,1,1
L1L2-to-L3,20,253,1,1
L1L2-to-L3,20,254,1,1
L1L2-to-L3,20,255,1,1
L1L2-to-L3,21,2,1,1
L1L2-to-L3,21,5,1,1
L1L2-to-L3,21,6,1,1
L1L2-to-L3,21,7,1,1
L1L2-to-L3,21,9,1,1
L1L2-to-L3,21,10,1,1
L1L2-to-L3,21,12,1,1
L1L2-to-L3,21,13,1,1
L1L2-to-L3,21,19,1,1
L1L2-to-L3,21,20,1,1
L1L2-to-L3,21,21,1,1
L1L2-to-L3,21,22,1,1
L1L2-to-L3,21,23,1,1
L1L2-to-L3,21,31,1,1
L1L2-to-L3,21,37,1,1
L1L2-to-L3,21,41,1,1
L1L2-to-L3,21,43,1,1
L1L2-to-L3,21,46,1,1
L1L2-to-L3,21,51,1,1
L1L2-to-L3,21,53,1,1
L1L2-to-L3,21,54,1,1
L1L2-to-L3,21,60,1,1
L1L2-to-L3,21,61,1,1
L1L2-to-L3,21,62,1,1
L1L2-to-L3,21,64,1,1
L1L2-to-L3,21,71,1,1
L1L2-to-L3,21,77,1,1
L1L2-to-L3,21,78,1,1
L1L2-to-L3,21,79,1,1
L1L2-to-L3,21,81,1,1
L1L2-to-L3,21,85,1,1
L1L2-to-L3,21,88,1,1
L1L2-to-L3,21,89,1,1
L1L2-to-L3,21,97,1,1
L1L2-to-L3,21,98,1,1
L1L2-to-L3,21,100,1,1
L1L2-to-L3,21,101,1,1
L1L2-to-L3,21,103,1,1
L1L2-to-L3,21,107,1,1
L1L2-to-L3,21,114,1,1
L1L2-to-L3,21,118,1,1
L1L2-to-L3,21,120,1,1
L1L2-to-L3,21,122,1,1
L1L2-to-L3,21,126,1,1
L1L2-to-L3,21,130,1,1
L1L2-to-L3,21,131,1,1
L1L2-to-L3,21,137,1,1
L1L2-to-L3,21,139,1,1
L1L2-to-L3,21,142,1,1
L1L2-to-L3,21,145,1,1
L1L2-to-L3,21,149,1,1
L1L2-to-L3,21,152,1,1
L1L2-to-L3,21,156,1,1
L1L2-to-L3,21,158,1,1
L1L2-to-L3,21,161,1,1
L1L2-to-L3,21,163,1,1
L1L2-to-L3,21,167,1,1
L1L2-to-L3,21,168,1,1
L1L2-to-L3,21,170,1,1
L1L2-to-L3,21,172,1,1
L1L2-to-L3,21,176,1,1
L1L2-to-L3,21,177,1,1
L1L2-to-L3,21,180,1,1
L1L2-to-L3,21,184,1,1
L1L2-to-L3,21,187,1,1
L1L2-to-L3,21,188,1,1
L1L2-to-L3,21,194,1,1
L1L2-to-L3,21,195,1,1
L1L2-to-L3,21,198,1,1
L1L2-to-L3,21,200,1,1
L1L2-to-L3,21,203,1,1
L1L2-to-L3,21,204,1,1
L1L2-to-L3,21,207,1,1
L1L2-to-L3,21,208,1,1
L1L2-to-L3,21,212,1,1
L1L2-to-L3,21,216,1,1
L1L2-to-L3,21,219,1,1
L1L2-to-L3,21,224,1,1
L1L2-to-L3,21,225,1,1
L1L2-to-L3,21,226,1,1
L1L2-to-L3,21,229,1,1
L1L2-to-L3,21,231,1,1
L1L2-to-L3,21,234,1,1
L1L2-to-L3,21,235,1,1
L1L2-to-L3,21,236,1,1
L1L2-to-L3,21,237,1,1
L1L2-to-L3,21,238,1,1
L1L2-to-L3,21,239,1,1
L1L2-to-L3,21,240,1,1
L1L2-to-L3,21,243,1,1
L1L2-to-L3,21,245,1,1
L1L2-to-L3,21,247,1,1
L1L2-to-L3,21,249,1,1
L1L2-to-L3,21,250,1,1
L1L2-to-L3,21,253,1,1
L1L2-to-L3,22,3,1,1
L1L2-to-L3,22,4,1,1
L1L2-to-L3,22,15,1,1
L1L2-to-L3,22,19,1,1
L1L2-to-L3,22,23,1,1
L1L2-to-L3,22,25,1,1
L1L2-to-L3,22,26,1,1
L1L2-to-L3,22,27,1,1
L1L2-to-L3,22,29,1,1
L1L2-to-L3,22,33,1,1
L1L2-to-L3,22,40,1,1
L1L2-to-L3,22,50,1,1
L1L2-to-L3,22,52,1,1
L1L2-to-L3,22,65,1,1
L1L2-to-L3,22,71,1,1
L1L2-to-L3,22,75,1,1
L1L2-to-L3,22,77,1,1
L1L2-to-L3,22,79,1,1
L1L2-to-L3,22,85,1,1
L1L2-to-L3,22,88,1,1
L1L2-to-L3,22,95,1,1
L1L2-to-L3,22,96,1,1
L1L2-to-L3,22,102,1,1
L1L2-to-L3,22,106,1,1
L1L2-to-L3,22,107,1,1
L1L2-to-L3,22,108,1,1
L1L2-to-L3,22,115,1,1
L1L2-to-L3,22,118,1,1
L1L2-to-L3,22,121,1,1
L1L2-to-L3,22,133,1,1
L1L2-to-L3,22,139,1,1
L1L2-to-L3,22,142,1,1
L1L2-to-L3,22,143,1,1
L1L2-to-L3,22,144,1,1
L1L2-to-L3,22,147,1,1
L1L2-to-L3,22,150,1,1
L1L2-to-L3,22,152,1,1
L1L2-to-L3,22,154,1,1
L1L2-to-L3,22,162,1,1
L1L2-to-L3,22,163,1,1
L1L2-to-L3,22,165,1,1
L1L2-to-L3,22,166,1,1
L1L2-to-L3,22,167,1,1
L1L2-to-L3,22,168,1,1
L1L2-to-L3,22,171,1,1
L1L2-to-L3,22,181,1,1
L1L2-to-L3,22,183,1,1
L1L2-to-L3,22,186,1,1
L1L2-to-L3,22,189,1,1
L1L2-to-L3,22,196,1,1
L1L2-to-L3,22,198,1,1
L1L2-to-L3,22,203,1,1
L1L2-to-L3,22,204,1,1
L1L2-to-L3,22,205,1,1
L1L2-to-L3,22,206,1,1
L1L2-to-L3,22,207,1,1
L1L2-to-L3,22,210,1,1
L1L2-to-L3,22,215,1,1
L1L2-to-L3,22,216,1,1
L1L2-to-L3,22,221,1,1
L1L2-to-L3,22,223,1,1
L1L2-to-L3,22,224,1,1
L1L2-to-L3,22,225,1,1
L1L2-to-L3,22,229,1,1
L1L2-to-L3,22,230,1,1
L1L2-to-L3,22,231,1,1
L1L2-to-L3,22,233,1,1
L1L2-to-L3,22,238,1,1
L1L2-to-L3,22,240,1,1
L1L2-to-L3,22,242,1,1
L1L2-to-L3,22,244,1,1
L1L2-to-L3,22,247,1,1
L1L2-to-L3,22,248,1,1
L1L2-to-L3,22,250,1,1
L1L2-to-L3,22,251,1,1
L1L2-to-L3,22,252,1,1
L1L2-to-L3,23,1,1,1
L1L2-to-L3,23,5,1,1
L1L2-to-L3,23,6,1,1
L1L2-to-L3,23,8,1,1
L1L2-to-L3,23,9,1,1
L1L2-to-L3,23,12,1,1
L1L2-to-L3,23,14,1,1
L1L2-to-L3,23,18,1,1
L1L2-to-L3,23,19,1,1
L1L2-to-L3,23,20,1,1
L1L2-to-L3,23,24,1,1
L1L2-to-L3,23,25,1,1
L1L2-to-L3,23,30,1,1
L1L2-to-L3,23,33,1,1
L1L2-to-L3,23,34,1,1
L1L2-to-L3,23,35,1,1
L1L2-to-L3,23,38,1,1
L1L2-to-L3,23,43,1,1
L1L2-to-L3,23,50,1,1
L1L2-to-L3,23,52,1,1
L1L2-to-L3,23,53,1,1
L1L2-to-L3,23,55,1,1
L1L2-to-L3,23,61,1,1
L1L2-to-L3,23,63,1,1
L1L2-to-L3,23,65,1,1
L1L2-to-L3,23,66,1,1
L1L2-to-L3,23,73,1,1
L1L2-to-L3,23,80,1,1
L1L2-to-L3,23,82,1,1
L1L2-to-L3,23,83,1,1
L1L2-to-L3,23,86,1,1
L1L2-to-L3,23,94,1,1
L1L2-to-L3,23,97,1,1
L1L2-to-L3,23,101,1,1
L1L2-to-L3,23,104,1,1
L1L2-to-L3,23,106,1,1
L1L2-to-L3,23,109,1,1
L1L2-to-L3,23,112,1,1
L1L2-to-L3,23,113,1,1
L1L2-to-L3,23,116,1,1
L1L2-to-L3,23,118,1,1
L1L2-to-L3,23,120,1,1
L1L2-to-L3,23,128,1,1
L1L2-to-L3,23,130,1,1
L1L2-to-L3,23,132,1,1
L1L2-to-L3,23,133,1,1
L1L2-to-L3,23,134,1,1
L1L2-to-L3,23,137,1,1
L1L2-to-L3,23,138,1,1
L1L2-to-L3,23,139,1,1
L1L2-to-L3,23,141,1,1
L1L2-to-L3,23,146,1,1
L1L2-to-L3,23,147,1,1
L1L2-to-L3,23,148,1,1
L1L2-to-L3,23,149,1,1
L1L2-to-L3,23,150,1,1
L1L2-to-L3,23,152,1,1
L1L2-to-L3,23,155,1,1
L1L2-to-L3,23,157,1,1
L1L2-to-L3,23,160,1,1
L1L2-to-L3,23,165,1,1
L1L2-to-L3,23,166,1,1
L1L2-to-L3,23,168,1,1
L1L2-to-L3,23,170,1,1
L1L2-to-L3,23,171,1,1
L1L2-to-L3,23,172,1,1
L1L2-to-L3,23,175,1,1
L1L2-to-L3,23,178,1,1
L1L2-to-L3,23,180,1,1
L1L2-to-L3,23,182,1,1
L1L2-to-L3,23,187,1,1
L1L2-to-L3,23,188,1,1
L1L2-to-L3,23,191,1,1
L1L2-to-L3,23,196,1,1
L1L2-to-L3,23,197,1,1
L1L2-to-L3,23,198,1,1
L1L2-to-L3,23,205,1,1
L1L2-to-L3,23,213,1,1
L1L2-to-L3,23,227,1,1
L1L2-to-L3,23,231,1,1
L1L2-to-L3,23,234,1,1
L1L2-to-L3,23,235,1,1
L1L2-to-L3,23,243,1,1
L1L2-to-L3,23,245,1,1
L1L2-to-L3,23,252,1,1
L1L2-to-L3,23,253,1,1
L1L2-to-L3,23,254,1,1
L1L2-to-L3,24,1,1,1
L1L2-to-L3,24,2,1,1
L1L2-to-L3,24,4,1,1
L1L2-to-L3,24,10,1,1
L1L2-to-L3,24,14,1,1
L1L2-to-L3,24,15,1,1
L1L2-to-L3,24,20,1,1
L1L2-to-L3,24,23,1,1
L1L2-to-L3,24,24,1,1
L1L2-to-L3,24,25,1,1
L1L2-to-L3,24,27,1,1
L1L2-to-L3,24,34,1,1
L1L2-to-L3,24,37,1,1
L1L2-to-L3,24,41,1,1
L1L2-to-L3,24,42,1,1
L1L2-to-L3,24,47,1,1
L1L2-to-L3,24,48,1,1
L1L2-to-L3,24,51,1,1
L1L2-to-L3,24,56,1,1
L1L2-to-L3,24,57,1,1
L1L2-to-L3,24,66,1,1
L1L2-to-L3,24,67,1,1
L1L2-to-L3,24,68,1,1
L1L2-to-L3,24,75,1,1
L1L2-to-L3,24,78,1,1
L1L2-to-L3,24,79,1,1
L1L2-to-L3,24,82,1,1
L1L2-to-L3,24,85,1,1
L1L2-to-L3,24,86,1,1
L1L2-to-L3,24,87,1,1
L1L2-to-L3,24,88,1,1
L1L2-to-L3,24,96,1,1
L1L2-to-L3,24,100,1,1
L1L2-to-L3,24,103,1,1
L1L2-to-L3,24,106,1,1
L1L2-to-L3,24,108,1,1
L1L2-to-L3,24,114,1,1
L1L2-to-L3,24,116,1,1
L1L2-to-L3,24,118,1,1
L1L2-to-L3,24,119,1,1
L1L2-to-L3,24,121,1,1
L1L2-to-L3,24,122,1,1
L1L2-to-L3,24,123,1,1
L1L2-to-L3,24,124,1,1
L1L2-to-L3,24,127,1,1
L1L2-to-L3,24,132,1,1
L1L2-to-L3,24,133,1,1
L1L2-to-L3,24,135,1,1
L1L2-to-L3,24,141,1,1
L1L2-to-L3,24,144,1,1
L1L2-to-L3,24,145,1,1
L1L2-to-L3,24,146,1,1
L1L2-to-L3,24,154,1,1
L1L2-to-L3,24,156,1,1
L1L2-to-L3,24,157,1,1
L1L2-to-L3,24,160,1,1
L1L2-to-L3,24,162,1,1
L1L2-to-L3,24,165,1,1
L1L2-to-L3,24,168,1,1
L1L2-to-L3,24,169,1,1
L1L2-to-L3,24,174,1,1
L1L2-to-L3,24,185,1,1
L1L2-to-L3,24,186,1,1
L1L2-to-L3,24,187,1,1
L1L2-to-L3,24,188,1,1
L1L2-to-L3,24,190,1,1
L1L2-to-L3,24,193,1,1
L1L2-to-L3,24,197,1,1
L1L2-to-L3,24,199,1,1
L1L2-to-L3,24,201,1,1
L1L2-to-L3,24,205,1,1
L1L2-to-L3,24,207,1,1
L1L2-to-L3,24,208,1,1
L1L2-to-L3,24,209,1,1
L1L2-to-L3,24,211,1,1
L1L2-to-L3,24,214,1,1
L1L2-to-L3,24,215,1,1
L1L2-to-L3,24,216,1,1
L1L2-to-L3,24,217,1,1
L1L2-to-L3,24,219,1,1
L1L2-to-L3,24,220,1,1
L1L2-to-L3,24,221,1,1
L1L2-to-L3,24,223,1,1
L1L2-to-L3,24,226,1,1
L1L2-to-L3,24,229,1,1
L1L2-to-L3,24,230,1,1
L1L2-to-L3,24,231,1,1
L1L2-to-L3,24,233,1,1
L1L2-to-L3,24,234,1,1
L1L2-to-L3,24,235,1,1
L1L2-to-L3,24,238,1,1
L1L2-to-L3,24,240,1,1
L1L2-to-L3,24,242,1,1
L1L2-to-L3,24,246,1,1
L1L2-to-L3,24,247,1,1
L1L2-to-L3,24,251,1,1
L1L2-to-L3,24,253,1,1
L1L2-to-L3,25,4,1,1
L1L2-to-L3,25,5,1,1
L1L2-to-L3,25,10,1,1
L1L2-to-L3,25,11,1,1
L1L2-to-L3,25,12,1,1
L1L2-to-L3,25,14,1,1
L1L2-to-L3,25,19,1,1
L1L2-to-L3,25,22,1,1
L1L2-to-L3,25,27,1,1
L1L2-to-L3,25,34,1,1
L1L2-to-L3,25,35,1,1
L1L2-to-L3,25,38,1,1
L1L2-to-L3,25,40,1,1
L1L2-to-L3,25,44,1,1
L1L2-to-L3,25,45,1,1
L1L2-to-L3,25,48,1,1
L1L2-to-L3,25,49,1,1
L1L2-to-L3,25,54,1,1
L1L2-to-L3,25,57,1,1
L1L2-to-L3,25,58,1,1
L1L2-to-L3,25,60,1,1
L1L2-to-L3,25,61,1,1
L1L2-to-L3,25,62,1,1
L1L2-to-L3,25,66,1,1
L1L2-to-L3,25,68,1,1
L1L2-to-L3,25,69,1,1
L1L2-to-L3,25,70,1,1
L1L2-to-L3,25,76,1,1
L1L2-to-L3,25,78,1,1
L1L2-to-L3,25,79,1,1
L1L2-to-L3,25,83,1,1
L1L2-to-L3,25,87,1,1
L1L2-to-L3,25,88,1,1
L1L2-to-L3,25,89,1,1
L1L2-to-L3,25,91,1,1
L1L2-to-L3,25,92,1,1
L1L2-to-L3,25,97,1,1
L1L2-to-L3,25,98,1,1
L1L2-to-L3,25,99,1,1
L1L2-to-L3,25,100,1,1
L1L2-to-L3,25,101,1,1
L1L2-to-L3,25,102,1,1
L1L2-to-L3,25,104,1,1
L1L2-to-L3,25,105,1,1
L1L2-to-L3,25,107,1,1
L1L2-to-L3,25,109,1,1
L1L2-to-L3,25,110,1,1
L1L2-to-L3,25,112,1,1
L1L2-to-L3,25,115,1,1
L1L2-to-L3,25,117,1,1
L1L2-to-L3,25,120,1,1
L1L2-to-L3,25,121,1,1
L1L2-to-L3,25,122,1,1
L1L2-to-L3,25,123,1,1
L1L2-to-L3,25,126,1,1
L1L2-to-L3,25,129,1,1
L1L2-to-L3,25,130,1,1
L1L2-to-L3,25,133,1,1
L1L2-to-L3,25,136,1,1
L1L2-to-L3,25,137,1,1
L1L2-to-L3,25,138,1,1
L1L2-to-L3,25,141,1,1
L1L2-to-L3,25,142,1,1
L1L2-to-L3,25,143,1,1
L1L2-to-L3,25,144,1,1
L1L2-to-L3,25,146,1,1
L1L2-to-L3,25,148,1,1
L1L2-to-L3,25,155,1,1
L1L2-to-L3,25,156,1,1
L1L2-to-L3,25,157,1,1
L1L2-to-L3,25,158,1,1
L1L2-to-L3,25,161,1,1
L1L2-to-L3,25,162,1,1
L1L2-to-L3,25,165,1,1
L1L2-to-L3,25,166,1,1
L1L2-to-L3,25,167,1,1
L1L2-to-L3,25,168,1,1
L1L2-to-L3,25,170,1,1
L1L2-to-L3,25,173,1,1
L1L2-to-L3,25,176,1,1
L1L2-to-L3,25,178,1,1
L1L2-to-L3,25,181,1,1
L1L2-to-L3,25,183,1,1
L1L2-to-L3,25,184,1,1
L1L2-to-L3,25,185,1,1
L1L2-to-L3,25,190,1,1
L1L2-to-L3,25,192,1,1
L1L2-to-L3,25,196,1,1
L1L2-to-L3,25,197,1,1
L1L2-to-L3,25,198,1,1
L1L2-to-L3,25,200,1,1
L1L2-to-L3,25,202,1,1
L1L2-to-L3,25,203,1,1
L1L2-to-L3,25,204,1,1
L1L2-to-L3,25,205,1,1
L1L2-to-L3,25,206,1,1
L1L2-to-L3,25,207,1,1
L1L2-to-L3,25,208,1,1
L1L2-to-L3,25,209,1,1
L1L2-to-L3,25,212,1,1
L1L2-to-L3,25,217,1,1
L1L2-to-L3,25,218,1,1
L1L2-to-L3,25,220,1,1
L1L2-to-L3,25,221,1,1
L1L2-to-L3,25,222,1,1
L1L2-to-L3,25,230,1,1
L1L2-to-L3,25,232,1,1
L1L2-to-L3,25,233,1,1
L1L2-to-L3,25,234,1,1
L1L2-to-L3,25,236,1,1
L1L2-to-L3,25,238,1,1
L1L2-to-L3,25,239,1,1
L1L2-to-L3,25,240,1,1
L1L2-to-L3,25,241,1,1
L1L2-to-L3,25,242,1,1
L1L2-to-L3,25,244,1,1
L1L2-to-L3,25,245,1,1
L1L2-to-L3,25,249,1,1
L1L2-to-L3,25,251,1,1
L1L2-to-L3,26,0,1,1
L1L2-to-L3,26,2,1,1
L1L2-to-L3,26,3,1,1
L1L2-to-L3,26,4,1,1
L1L2-to-L3,26,7,1,1
L1L2-to-L3,26,8,1,1
L1L2-to-L3,26,11,1,1
L1L2-to-L3,26,17,1,1
L1L2-to-L3,26,19,1,1
L1L2-to-L3,26,36,1,1
L1L2-to-L3,26,37,1,1
L1L2-to-L3,26,39,1,1
L1L2-to-L3,26,46,1,1
L1L2-to-L3,26,48,1,1
L1L2-to-L3,26,49,1,1
L1L2-to-L3,26,50,1,1
L1L2-to-L3,26,52,1,1
L1L2-to-L3,26,59,1,1
L1L2-to-L3,26,61,1,1
L1L2-to-L3,26,65,1,1
L1L2-to-L3,26,71,1,1
L1L2-to-L3,26,73,1,1
L1L2-to-L3,26,78,1,1
L1L2-to-L3,26,79,1,1
L1L2-to-L3,26,80,1,1
L1L2-to-L3,26,87,1,1
L1L2-to-L3,26,89,1,1
L1L2-to-L3,26,96,1,1
L1L2-to-L3,26,97,1,1
L1L2-to-L3,26,100,1,1
L1L2-to-L3,26,109,1,1
L1L2-to-L3,26,116,1,1
L1L2-to-L3,26,117,1,1
L1L2-to-L3,26,124,1,1
L1L2-to-L3,26,125,1,1
L1L2-to-L3,26,128,1,1
L1L2-to-L3,26,132,1,1
L1L2-to-L3,26,134,1,1
L1L2-to-L3,26,144,1,1
L1L2-to-L3,26,145,1,1
L1L2-to-L3,26,155,1,1
L1L2-to-L3,26,158,1,1
L1L2-to-L3,26,160,1,1
L1L2-to-L3,26,162,1,1
L1L2-to-L3,26,165,1,1
L1L2-to-L3,26,169,1,1
L1L2-to-L3,26,173,1,1
L1L2-to-L3,26,179,1,1
L1L2-to-L3,26,181,1,1
L1L2-to-L3,26,183,1,1
L1L2-to-L3,26,185,1,1
L1L2-to-L3,26,191,1,1
L1L2-to-L3,26,196,1,1
L1L2-to-L3,26,197,1,1
L1L2-to-L3,26,199,1,1
L1L2-to-L3,26,203,1,1
L1L2-to-L3,26,205,1,1
L1L2-to-L3,26,206,1,1
L1L2-to-L3,26,207,1,1
L1L2-to-L3,26,208,1,1
L1L2-to-L3,26,210,1,1
L1L2-to-L3,26,211,1,1
L1L2-to-L3,26,213,1,1
L1L2-to-L3,26,214,1,1
L1L2-to-L3,26,216,1,1
L1L2-to-L3,26,221,1,1
L1L2-to-L3,26,222,1,1
L1L2-to-L3,26,223,1,1
L1L2-to-L3,26,224,1,1
L1L2-to-L3,26,230,1,1
L1L2-to-L3,26,233,1,1
L1L2-to-L3,26,234,1,1
L1L2-to-L3,26,235,1,1
L1L2-to-L3,26,239,1,1
L1L2-to-L3,26,240,1,1
L1L2-to-L3,26,241,1,1
L1L2-to-L3,26,244,1,1
L1L2-to-L3,26,245,1,1
L1L2-to-L3,26,246,1,1
L1L2-to-L3,26,247,1,1
L1L2-to-L3,26,251,1,1
L1L2-to-L3,26,253,1,1
L1L2-to-L3,26,255,1,1
L1L2-to-L3,27,1,1,1
L1L2-to-L3,27,3,1,1
L1L2-to-L3,27,4,1,1
L1L2-to-L3,27,5,1,1
L1L2-to-L3,27,6,1,1
L1L2-to-L3,27,9,1,1
L1L2-to-L3,27,11,1,1
L1L2-to-L3,27,14,1,1
L1L2-to-L3,27,15,1,1
L1L2-to-L3,27,16,1,1
L1L2-to-L3,27,17,1,1
L1L2-to-L3,27,19,1,1
L1L2-to-L3,27,21,1,1
L1L2-to-L3,27,24,1,1
L1L2-to-L3,27,25,1,1
L1L2-to-L3,27,28,1,1
L1L2-to-L3,27,29,1,1
L1L2-to-L3,27,31,1,1
L1L2-to-L3,27,32,1,1
L1L2-to-L3,27,36,1,1
L1L2-to-L3,27,42,1,1
L1L2-to-L3,27,45,1,1
L1L2-to-L3,27,46,1,1
L1L2-to-L3,27,51,1,1
L1L2-to-L3,27,54,1,1
L1L2-to-L3,27,56,1,1
L1L2-to-L3,27,59,1,1
L1L2-to-L3,27,61,1,1
L1L2-to-L3,27,69,1,1
L1L2-to-L3,27,74,1,1
L1L2-to-L3,27,78,1,1
L1L2-to-L3,27,81,1,1
L1L2-to-L3,27,85,1,1
L1L2-to-L3,27,94,1,1
L1L2-to-L3,27,96,1,1
L1L2-to-L3,27,99,1,1
L1L2-to-L3,27,103,1,1
L1L2-to-L3,27,108,1,1
L1L2-to-L3,27,110,1,1
L1L2-to-L3,27,117,1,1
L1L2-to-L3,27,119,1,1
L1L2-to-L3,27,123,1,1
L1L2-to-L3,27,124,1,1
L1L2-to-L3,27,127,1,1
L1L2-to-L3,27,128,1,1
L1L2-to-L3,27,132,1,1
L1L2-to-L3,27,133,1,1
L1L2-to-L3,27,135,1,1
L1L2-to-L3,27,138,1,1
L1L2-to-L3,27,139,1,1
L1L2-to-L3,27,140,1,1
L1L2-to-L3,27,144,1,1
L1L2-to-L3,27,145,1,1
L1L2-to-L3,27,147,1,1
L1L2-to-L3,27,154,1,1
L1L2-to-L3,27,155,1,1
L1L2-to-L3,27,156,1,1
L1L2-to-L3,27,158,1,1
L1L2-to-L3,27,159,1,1
L1L2-to-L3,27,160,1,1
L1L2-to-L3,27,161,1,1
L1L2-to-L3,27,162,1,1
L1L2-to-L3,27,163,1,1
L1L2-to-L3,27,164,1,1
L1L2-to-L3,27,167,1,1
L1L2-to-L3,27,168,1,1
L1L2-to-L3,27,171,1,1
L1L2-to-L3,27,173,1,1
L1L2-to-L3,27,177,1,1
L1L2-to-L3,27,178,1,1
L1L2-to-L3,27,179,1,1
L1L2-to-L3,27,180,1,1
L1L2-to-L3,27,181,1,1
L1L2-to-L3,27,187,1,1
L1L2-to-L3,27,188,1,1
L1L2-to-L3,27,189,1,1
L1L2-to-L3,27,195,1,1
L1L2-to-L3,27,196,1,1
L1L2-to-L3,27,197,1,1
L1L2-to-L3,27,198,1,1
L1L2-to-L3,27,202,1,1
L1L2-to-L3,27,203,1,1
L1L2-to-L3,27,205,1,1
L1L2-to-L3,27,206,1,1
L1L2-to-L3,27,207,1,1
L1L2-to-L3,27,208,1,1
L1L2-to-L3,27,209,1,1
L1L2-to-L3,27,210,1,1
L1L2-to-L3,27,213,1,1
L1L2-to-L3,27,215,1,1
L1L2-to-L3,27,220,1,1
L1L2-to-L3,27,223,1,1
L1L2-to-L3,27,225,1,1
L1L2-to-L3,27,226,1,1
L1L2-to-L3,27,229,1,1
L1L2-to-L3,27,232,1,1
L1L2-to-L3,27,235,1,1
L1L2-to-L3,27,239,1,1
L1L2-to-L3,27,242,1,1
L1L2-to-L3,27,243,1,1
L1L2-to-L3,27,244,1,1
L1L2-to-L3,27,245,1,1
L1L2-to-L3,27,247,1,1
L1L2-to-L3,27,250,1,1
L1L2-to-L3,27,253,1,1
L1L2-to-L3,28,2,1,1
L1L2-to-L3,28,9,1,1
L1L2-to-L3,28,11,1,1
L1L2-to-L3,28,12,1,1
L1L2-to-L3,28,16,1,1
L1L2-to-L3,28,17,1,1
L1L2-to-L3,28,18,1,1
L1L2-to-L3,28,19,1,1
L1L2-to-L3,28,20,1,1
L1L2-to-L3,28,25,1,1
L1L2-to-L3,28,27,1,1
L1L2-to-L3,28,36,1,1
L1L2-to-L3,28,38,1,1
L1L2-to-L3,28,46,1,1
L1L2-to-L3,28,54,1,1
L1L2-to-L3,28,58,1,1
L1L2-to-L3,28,70,1,1
L1L2-to-L3,28,72,1,1
L1L2-to-L3,28,78,1,1
L1L2-to-L3,28,80,1,1
L1L2-to-L3,28,81,1,1
L1L2-to-L3,28,88,1,1
L1L2-to-L3,28,89,1,1
L1L2-to-L3,28,91,1,1
L1L2-to-L3,28,93,1,1
L1L2-to-L3,28,94,1,1
L1L2-to-L3,28,96,1,1
L1L2-to-L3,28,98,1,1
L1L2-to-L3,28,104,1,1
L1L2-to-L3,28,105,1,1
L1L2-to-L3,28,111,1,1
L1L2-to-L3,28,112,1,1
L1L2-to-L3,28,117,1,1
L1L2-to-L3,28,118,1,1
L1L2-to-L3,28,124,1,1
L1L2-to-L3,28,125,1,1
L1L2-to-L3,28,129,1,1
L1L2-to-L3,28,131,1,1
L1L2-to-L3,28,132,1,1
L1L2-to-L3,28,134,1,1
L1L2-to-L3,28,135,1,1
L1L2-to-L3,28,137,1,1
L1L2-to-L3,28,141,1,1
L1L2-to-L3,28,143,1,1
L1L2-to-L3,28,144,1,1
L1L2-to-L3,28,145,1,1
L1L2-to-L3,28,148,1,1
L1L2-to-L3,28,154,1,1
L1L2-to-L3,28,157,1,1
L1L2-to-L3,28,160,1,1
L1L2-to-L3,28,162,1,1
L1L2-to-L3,28,163,1,1
L1L2-to-L3,28,166,1,1
L1L2-to-L3,28,170,1,1
L1L2-to-L3,28,173,1,1
L1L2-to-L3,28,174,1,1
L1L2-to-L3,28,176,1,1
L1L2-to-L3,28,180,1,1
L1L2-to-L3,28,182,1,1
L1L2-to-L3,28,183,1,1
L1L2-to-L3,28,184,1,1
L1L2-to-L3,28,187,1,1
L1L2-to-L3,28,188,1,1
L1L2-to-L3,28,190,1,1
L1L2-to-L3,28,191,1,1
L1L2-to-L3,28,192,1,1
L1L2-to-L3,28,196,1,1
L1L2-to-L3,28,197,1,1
L1L2-to-L3,28,198,1,1
L1L2-to-L3,28,199,1,1
L1L2-to-L3,28,200,1,1
L1L2-to-L3,28,203,1,1
L1L2-to-L3,28,205,1,1
L1L2-to-L3,28,206,1,1
L1L2-to-L3,28,207,1,1
L1L2-to-L3,28,209,1,1
L1L2-to-L3,28,210,1,1
L1L2-to-L3,28,211,1,1
L1L2-to-L3,28,214,1,1
L1L2-to-L3,28,216,1,1
L1L2-to-L3,28,220,1,1
L1L2-to-L3,28,222,1,1
L1L2-to-L3,28,226,1,1
L1L2-to-L3,28,227,1,1
L1L2-to-L3,28,229,1,1
L1L2-to-L3,28,230,1,1
L1L2-to-L3,28,231,1,1
L1L2-to-L3,28,232,1,1
L1L2-to-L3,28,233,1,1
L1L2-to-L3,28,234,1,1
L1L2-to-L3,28,235,1,1
L1L2-to-L3,28,237,1,1
L1L2-to-L3,28,238,1,1
L1L2-to-L3,28,241,1,1
L1L2-to-L3,28,242,1,1
L1L2-to-L3,28,243,1,1
L1L2-to-L3,28,244,1,1
L1L2-to-L3,28,245,1,1
L1L2-to-L3,28,248,1,1
L1L2-to-L3,28,251,1,1
L1L2-to-L3,28,252,1,1
L1L2-to-L3,29,2,1,1
L1L2-to-L3,29,5,1,1
L1L2-to-L3,29,8,1,1
L1L2-to-L3,29,14,1,1
L1L2-to-L3,29,17,1,1
L1L2-to-L3,29,19,1,1
L1L2-to-L3,29,22,1,1
L1L2-to-L3,29,23,1,1
L1L2-to-L3,29,27,1,1
L1L2-to-L3,29,31,1,1
L1L2-to-L3,29,32,1,1
L1L2-to-L3,29,37,1,1
L1L2-to-L3,29,38,1,1
L1L2-to-L3,29,41,1,1
L1L2-to-L3,29,44,1,1
L1L2-to-L3,29,45,1,1
L1L2-to-L3,29,47,1,1
L1L2-to-L3,29,49,1,1
L1L2-to-L3,29,57,1,1
L1L2-to-L3,29,63,1,1
L1L2-to-L3,29,64,1,1
L1L2-to-L3,29,68,1,1
L1L2-to-L3,29,75,1,1
L1L2-to-L3,29,79,1,1
L1L2-to-L3,29,81,1,1
L1L2-to-L3,29,85,1,1
L1L2-to-L3,29,87,1,1
L1L2-to-L3,29,88,1,1
L1L2-to-L3,29,94,1,1
L1L2-to-L3,29,103,1,1
L1L2-to-L3,29,106,1,1
L1L2-to-L3,29,108,1,1
L1L2-to-L3,29,110,1,1
L1L2-to-L3,29,111,1,1
L1L2-to-L3,29,112,1,1
L1L2-to-L3,29,114,1,1
L1L2-to-L3,29,115,1,1
L1L2-to-L3,29,116,1,1
L1L2-to-L3,29,119,1,1
L1L2-to-L3,29,126,1,1
L1L2-to-L3,29,131,1,1
L1L2-to-L3,29,132,1,1
L1L2-to-L3,29,136,1,1
L1L2-to-L3,29,140,1,1
L1L2-to-L3,29,141,1,1
L1L2-to-L3,29,142,1,1
L1L2-to-L3,29,145,1,1
L1L2-to-L3,29,146,1,1
L1L2-to-L3,29,147,1,1
L1L2-to-L3,29,151,1,1
L1L2-to-L3,29,152,1,1
L1L2-to-L3,29,158,1,1
L1L2-to-L3,29,159,1,1
L1L2-to-L3,29,165,1,1
L1L2-to-L3,29,166,1,1
L1L2-to-L3,29,171,1,1
L1L2-to-L3,29,180,1,1
L1L2-to-L3,29,187,1,1
L1L2-to-L3,29,188,1,1
L1L2-to-L3,29,190,1,1
L1L2-to-L3,29,192,1,1
L1L2-to-L3,29,194,1,1
L1L2-to-L3,29,196,1,1
L1L2-to-L3,29,200,1,1
L1L2-to-L3,29,201,1,1
L1L2-to-L3,29,206,1,1
L1L2-to-L3,29,216,1,1
L1L2-to-L3,29,219,1,1
L1L2-to-L3,29,220,1,1
L1L2-to-L3,29,222,1,1
L1L2-to-L3,29,224,1,1
L1L2-to-L3,29,226,1,1
L1L2-to-L3,29,230,1,1
L1L2-to-L3,29,231,1,1
L1L2-to-L3,29,236,1,1
L1L2-to-L3,29,237,1,1
L1L2-to-L3,29,241,1,1
L1L2-to-L3,29,242,1,1
L1L2-to-L3,29,243,1,1
L1L2-to-L3,29,245,1,1
L1L2-to-L3,29,246,1,1
L1L2-to-L3,29,247,1,1
L1L2-to-L3,29,248,1,1
L1L2-to-L3,29,249,1,1
L1L2-to-L3,29,250,1,1
L1L2-to-L3,30,0,1,1
L1L2-to-L3,30,4,1,1
L1L2-to-L3,30,10,1,1
L1L2-to-L3,30,11,1,1
L1L2-to-L3,30,12,1,1
L1L2-to-L3,30,19,1,1
L1L2-to-L3,30,20,1,1
L1L2-to-L3,30,22,1,1
L1L2-to-L3,30,26,1,1
L1L2-to-L3,30,30,1,1
L1L2-to-L3,30,35,1,1
L1L2-to-L3,30,37,1,1
L1L2-to-L3,30,39,1,1
L1L2-to-L3,30,44,1,1
L1L2-to-L3,30,49,1,1
L1L2-to-L3,30,55,1,1
L1L2-to-L3,30,56,1,1
L1L2-to-L3,30,57,1,1
L1L2-to-L3,30,59,1,1
L1L2-to-L3,30,60,1,1
L1L2-to-L3,30,61,1,1
L1L2-to-L3,30,63,1,1
L1L2-to-L3,30,68,1,1
L1L2-to-L3,30,70,1,1
L1L2-to-L3,30,73,1,1
L1L2-to-L3,30,74,1,1
L1L2-to-L3,30,75,1,1
L1L2-to-L3,30,76,1,1
L1L2-to-L3,30,79,1,1
L1L2-to-L3,30,80,1,1
L1L2-to-L3,30,81,1,1
L1L2-to-L3,30,85,1,1
L1L2-to-L3,30,88,1,1
L1L2-to-L3,30,89,1,1
L1L2-to-L3,30,91,1,1
L1L2-to-L3,30,92,1,1
L1L2-to-L3,30,94,1,1
L1L2-to-L3,30,97,1,1
L1L2-to-L3,30,98,1,1
L1L2-to-L3,30,100,1,1
L1L2-to-L3,30,103,1,1
L1L2-to-L3,30,105,1,1
L1L2-to-L3,30,107,1,1
L1L2-to-L3,30,110,1,1
L1L2-to-L3,30,113,1,1
L1L2-to-L3,30,115,1,1
L1L2-to-L3,30,116,1,1
L1L2-to-L3,30,121,1,1
L1L2-to-L3,30,124,1,1
L1L2-to-L3,30,125,1,1
L1L2-to-L3,30,126,1,1
L1L2-to-L3,30,129,1,1
L1L2-to-L3,30,131,1,1
L1L2-to-L3,30,134,1,1
L1L2-to-L3,30,136,1,1
L1L2-to-L3,30,139,1,1
L1L2-to-L3,30,142,1,1
L1L2-to-L3,30,144,1,1
L1L2-to-L3,30,145,1,1
L1L2-to-L3,30,146,1,1
L1L2-to-L3,30,148,1,1
L1L2-to-L3,30,149,1,1
L1L2-to-L3,30,152,1,1
L1L2-to-L3,30,153,1,1
L1L2-to-L3,30,154,1,1
L1L2-to-L3,30,157,1,1
L1L2-to-L3,30,159,1,1
L1L2-to-L3,30,161,1,1
L1L2-to-L3,30,163,1,1
L1L2-to-L3,30,164,1,1
L1L2-to-L3,30,165,1,1
L1L2-to-L3,30,173,1,1
L1L2-to-L3,30,174,1,1
L1L2-to-L3,30,175,1,1
L1L2-to-L3,30,176,1,1
L1L2-to-L3,30,180,1,1
L1L2-to-L3,30,181,1,1
L1L2-to-L3,30,185,1,1
L1L2-to-L3,30,189,1,1
L1L2-to-L3,30,190,1,1
L1L2-to-L3,30,193,1,1
L1L2-to-L3,30,194,1,1
L1L2-to-L3,30,195,1,1
L1L2-to-L3,30,199,1,1
L1L2-to-L3,30,201,1,1
L1L2-to-L3,30,202,1,1
L1L2-to-L3,30,203,1,1
L1L2-to-L3,30,204,1,1
L1L2-to-L3,30,206,1,1
L1L2-to-L3,30,208,1,1
L1L2-to-L3,30,212,1,1
L1L2-to-L3,30,216,1,1
L1L2-to-L3,30,217,1,1
L1L2-to-L3,30,218,1,1
L1L2-to-L3,30,219,1,1
L1L2-to-L3,30,220,1,1
L1L2-to-L3,30,221,1,1
L1L2-to-L3,30,223,1,1
L1L2-to-L3,30,224,1,1
L1L2-to-L3,30,226,1,1
L1L2-to-L3,30,227,1,1
L1L2-to-L3,30,229,1,1
L1L2-to-L3,30,230,1,1
L1L2-to-L3,30,231,1,1
L1L2-to-L3,30,232,1,1
L1L2-to-L3,30,233,1,1
L1L2-to-L3,30,235,1,1
L1L2-to-L3,30,238,1,1
L1L2-to-L3,30,242,1,1
L1L2-to-L3,30,249,1,1
L1L2-to-L3,30,250,1,1
L1L2-to-L3,30,251,1,1
L1L2-to-L3,30,252,1,1
L1L2-to-L3,30,255,1,1
L1L2-to-L3,31,3,1,1
L1L2-to-L3,31,8,1,1
L1L2-to-L3,31,9,1,1
L1L2-to-L3,31,13,1,1
L1L2-to-L3,31,14,1,1
L1L2-to-L3,31,17,1,1
L1L2-to-L3,31,19,1,1
L1L2-to-L3,31,29,1,1
L1L2-to-L3,31,34,1,1
L1L2-to-L3,31,36,1,1
L1L2-to-L3,31,38,1,1
L1L2-to-L3,31,40,1,1
L1L2-to-L3,31,41,1,1
L1L2-to-L3,31,47,1,1
L1L2-to-L3,31,48,1,1
L1L2-to-L3,31,50,1,1
L1L2-to-L3,31,51,1,1
L1L2-to-L3,31,52,1,1
L1L2-to-L3,31,53,1,1
L1L2-to-L3,31,54,1,1
L1L2-to-L3,31,58,1,1
L1L2-to-L3,31,61,1,1
L1L2-to-L3,31,64,1,1
L1L2-to-L3,31,67,1,1
L1L2-to-L3,31,72,1,1
L1L2-to-L3,31,75,1,1
L1L2-to-L3,31,76,1,1
L1L2-to-L3,31,77,1,1
L1L2-to-L3,31,78,1,1
L1L2-to-L3,31,82,1,1
L1L2-to-L3,31,86,1,1
L1L2-to-L3,31,87,1,1
L1L2-to-L3,31,88,1,1
L1L2-to-L3,31,90,1,1
L1L2-to-L3,31,96,1,1
L1L2-to-L3,31,103,1,1
L1L2-to-L3,31,106,1,1
L1L2-to-L3,31,107,1,1
L1L2-to-L3,31,108,1,1
L1L2-to-L3,31,111,1,1
L1L2-to-L3,31,117,1,1
L1L2-to-L3,31,118,1,1
L1L2-to-L3,31,120,1,1
L1L2-to-L3,31,121,1,1
L1L2-to-L3,31,122,1,1
L1L2-to-L3,31,126,1,1
L1L2-to-L3,31,127,1,1
L1L2-to-L3,31,128,1,1
L1L2-to-L3,31,132,1,1
L1L2-to-L3,31,134,1,1
L1L2-to-L3,31,137,1,1
L1L2-to-L3,31,143,1,1
L1L2-to-L3,31,146,1,1
L1L2-to-L3,31,149,1,1
L1L2-to-L3,31,156,1,1
L1L2-to-L3,31,157,1,1
L1L2-to-L3,31,158,1,1
L1L2-to-L3,31,160,1,1
L1L2-to-L3,31,164,1,1
L1L2-to-L3,31,165,1,1
L1L2-to-L3,31,166,1,1
L1L2-to-L3,31,167,1,1
L1L2-to-L3,31,169,1,1
L1L2-to-L3,31,170,1,1
L1L2-to-L3,31,171,1,1
L1L2-to-L3,31,172,1,1
L1L2-to-L3,31,173,1,1
L1L2-to-L3,31,178,1,1
L1L2-to-L3,31,179,1,1
L1L2-to-L3,31,181,1,1
L1L2-to-L3,31,182,1,1
L1L2-to-L3,31,185,1,1
L1L2-to-L3,31,186,1,1
L1L2-to-L3,31,188,1,1
L1L2-to-L3,31,191,1,1
L1L2-to-L3,31,193,1,1
L1L2-to-L3,31,194,1,1
L1L2-to-L3,31,195,1,1
L1L2-to-L3,31,197,1,1
L1L2-to-L3,31,198,1,1
L1L2-to-L3,31,199,1,1
L1L2-to-L3,31,203,1,1
L1L2-to-L3,31,205,1,1
L1L2-to-L3,31,206,1,1
L1L2-to-L3,31,207,1,1
L1L2-to-L3,31,209,1,1
L1L2-to-L3,31,216,1,1
L1L2-to-L3,31,218,1,1
L1L2-to-L3,31,219,1,1
L1L2-to-L3,31,221,1,1
L1L2-to-L3,31,223,1,1
L1L2-to-L3,31,226,1,1
L1L2-to-L3,31,231,1,1
L1L2-to-L3,31,232,1,1
L1L2-to-L3,31,234,1,1
L1L2-to-L3,31,235,1,1
L1L2-to-L3,31,239,1,1
L1L2-to-L3,31,240,1,1
L1L2-to-L3,31,241,1,1
L1L2-to-L3,31,245,1,1
L1L2-to-L3,31,249,1,1
L1L2-to-L3,31,251,1,1
L1L2-to-L3,32,1,1,1
L1L2-to-L3,32,3,1,1
L1L2-to-L3,32,4,1,1
L1L2-to-L3,32,8,1,1
L1L2-to-L3,32,23,1,1
L1L2-to-L3,32,26,1,1
L1L2-to-L3,32,27,1,1
L1L2-to-L3,32,28,1,1
L1L2-to-L3,32,29,1,1
L1L2-to-L3,32,30,1,1
L1L2-to-L3,32,32,1,1
L1L2-to-L3,32,33,1,1
L1L2-to-L3,32,34,1,1
L1L2-to-L3,32,44,1,1
L1L2-to-L3,32,46,1,1
L1L2-to-L3,32,48,1,1
L1L2-to-L3,32,50,1,1
L1L2-to-L3,32,51,1,1
L1L2-to-L3,32,52,1,1
L1L2-to-L3,32,53,1,1
L1L2-to-L3,32,61,1,1
L1L2-to-L3,32,62,1,1
L1L2-to-L3,32,64,1,1
L1L2-to-L3,32,66,1,1
L1L2-to-L3,32,67,1,1
L1L2-to-L3,32,68,1,1
L1L2-to-L3,32,70,1,1
L1L2-to-L3,32,71,1,1
L1L2-to-L3,32,78,1,1
L1L2-to-L3,32,80,1,1
L1L2-to-L3,32,82,1,1
L1L2-to-L3,32,86,1,1
L1L2-to-L3,32,88,1,1
L1L2-to-L3,32,93,1,1
L1L2-to-L3,32,95,1,1
L1L2-to-L3,32,99,1,1
L1L2-to-L3,32,100,1,1
L1L2-to-L3,32,102,1,1
L1L2-to-L3,32,104,1,1
L1L2-to-L3,32,106,1,1
L1L2-to-L3,32,108,1,1
L1L2-to-L3,32,110,1,1
L1L2-to-L3,32,111,1,1
L1L2-to-L3,32,113,1,1
L1L2-to-L3,32,114,1,1
L1L2-to-L3,32,115,1,1
L1L2-to-L3,32,116,1,1
L1L2-to-L3,32,118,1,1
L1L2-to-L3,32,119,1,1
L1L2-to-L3,32,122,1,1
L1L2-to-L3,32,126,1,1
L1L2-to-L3,32,128,1,1
L1L2-to-L3,32,132,1,1
L1L2-to-L3,32,135,1,1
L1L2-to-L3,32,137,1,1
L1L2-to-L3,32,144,1,1
L1L2-to-L3,32,146,1,1
L1L2-to-L3,32,148,1,1
L1L2-to-L3,32,149,1,1
L1L2-to-L3,32,150,1,1
L1L2-to-L3,32,152,1,1
L1L2-to-L3,32,156,1,1
L1L2-to-L3,32,159,1,1
L1L2-to-L3,32,163,1,1
L1L2-to-L3,32,166,1,1
L1L2-to-L3,32,167,1,1
L1L2-to-L3,32,168,1,1
L1L2-to-L3,32,169,1,1
L1L2-to-L3,32,170,1,1
L1L2-to-L3,32,171,1,1
L1L2-to-L3,32,174,1,1
L1L2-to-L3,32,175,1,1
L1L2-to-L3,32,177,1,1
L1L2-to-L3,32,183,1,1
L1L2-to-L3,32,186,1,1
L1L2-to-L3,32,187,1,1
L1L2-to-L3,32,191,1,1
L1L2-to-L3,32,193,1,1
L1L2-to-L3,32,194,1,1
L1L2-to-L3,32,199,1,1
L1L2-to-L3,32,200,1,1
L1L2-to-L3,32,201,1,1
L1L2-to-L3,32,202,1,1
L1L2-to-L3,32,203,1,1
L1L2-to-L3,32,204,1,1
L1L2-to-L3,32,205,1,1
L1L2-to-L3,32,206,1,1
L1L2-to-L3,32,209,1,1
L1L2-to-L3,32,211,1,1
L1L2-to-L3,32,213,1,1
L1L2-to-L3,32,215,1,1
L1L2-to-L3,32,216,1,1
L1L2-to-L3,32,217,1,1
L1L2-to-L3,32,218,1,1
L1L2-to-L3,32,219,1,1
L1L2-to-L3,32,221,1,1
L1L2-to-L3,32,222,1,1
L1L2-to-L3,32,224,1,1
L1L2-to-L3,32,225,1,1
L1L2-to-L3,32,227,1,1
L1L2-to-L3,32,228,1,1
L1L2-to-L3,32,229,1,1
L1L2-to-L3,32,233,1,1
L1L2-to-L3,32,234,1,1
L1L2-to-L3,32,236,1,1
L1L2-to-L3,32,237,1,1
L1L2-to-L3,32,238,1,1
L1L2-to-L3,32,241,1,1
L1L2-to-L3,32,242,1,1
L1L2-to-L3,32,245,1,1
L1L2-to-L3,32,246,1,1
L1L2-to-L3,32,249,1,1
L1L2-to-L3,32,251,1,1
L1L2-to-L3,32,252,1,1
L1L2-to-L3,32,254,1,1
L1L2-to-L3,32,255,1,1
L1L2-to-L3,33,4,1,1
L1L2-to-L3,33,11,1,1
L1L2-to-L3,33,14,1,1
L1L2-to-L3,33,17,1,1
L1L2-to-L3,33,23,1,1
L1L2-to-L3,33,25,1,1
L1L2-to-L3,33,36,1,1
L1L2-to-L3,33,38,1,1
L1L2-to-L3,33,41,1,1
L1L2-to-L3,33,43,1,1
L1L2-to-L3,33,44,1,1
L1L2-to-L3,33,48,1,1
L1L2-to-L3,33,56,1,1
L1L2-to-L3,33,58,1,1
L1L2-to-L3,33,59,1,1
L1L2-to-L3,33,60,1,1
L1L2-to-L3,33,61,1,1
L1L2-to-L3,33,63,1,1
L1L2-to-L3,33,65,1,1
L1L2-to-L3,33,69,1,1
L1L2-to-L3,33,74,1,1
L1L2-to-L3,33,77,1,1
L1L2-to-L3,33,78,1,1
L1L2-to-L3,33,79,1,1
L1L2-to-L3,33,80,1,1
L1L2-to-L3,33,82,1,1
L1L2-to-L3,33,84,1,1
L1L2-to-L3,33,92,1,1
L1L2-to-L3,33,96,1,1
L1L2-to-L3,33,98,1,1
L1L2-to-L3,33,100,1,1
L1L2-to-L3,33,102,1,1
L1L2-to-L3,33,111,1,1
L1L2-to-L3,33,115,1,1
L1L2-to-L3,33,117,1,1
L1L2-to-L3,33,118,1,1
L1L2-to-L3,33,119,1,1
L1L2-to-L3,33,128,1,1
L1L2-to-L3,33,129,1,1
L1L2-to-L3,33,130,1,1
L1L2-to-L3,33,131,1,1
L1L2-to-L3,33,136,1,1
L1L2-to-L3,33,141,1,1
L1L2-to-L3,33,142,1,1
L1L2-to-L3,33,144,1,1
L1L2-to-L3,33,147,1,1
L1L2-to-L3,33,148,1,1
L1L2-to-L3,33,151,1,1
L1L2-to-L3,33,154,1,1
L1L2-to-L3,33,156,1,1
L1L2-to-L3,33,157,1,1
L1L2-to-L3,33,161,1,1
L1L2-to-L3,33,166,1,1
L1L2-to-L3,33,173,1,1
L1L2-to-L3,33,175,1,1
L1L2-to-L3,33,178,1,1
L1L2-to-L3,33,179,1,1
L1L2-to-L3,33,180,1,1
L1L2-to-L3,33,181,1,1
L1L2-to-L3,33,186,1,1
L1L2-to-L3,33,187,1,1
L1L2-to-L3,33,189,1,1
L1L2-to-L3,33,193,1,1
L1L2-to-L3,33,196,1,1
L1L2-to-L3,33,197,1,1
L1L2-to-L3,33,200,1,1
L1L2-to-L3,33,202,1,1
L1L2-to-L3,33,205,1,1
L1L2-to-L3,33,206,1,1
L1L2-to-L3,33,209,1,1
L1L2-to-L3,33,212,1,1
L1L2-to-L3,33,217,1,1
L1L2-to-L3,33,218,1,1
L1L2-to-L3,33,220,1,1
L1L2-to-L3,33,221,1,1
L1L2-to-L3,33,224,1,1
L1L2-to-L3,33,226,1,1
L1L2-to-L3,33,227,1,1
L1L2-to-L3,33,228,1,1
L1L2-to-L3,33,229,1,1
L1L2-to-L3,33,235,1,1
L1L2-to-L3,33,236,1,1
L1L2-to-L3,33,237,1,1
L1L2-to-L3,33,238,1,1
L1L2-to-L3,33,240,1,1
L1L2-to-L3,33,241,1,1
L1L2-to-L3,33,243,1,1
L1L2-to-L3,33,245,1,1
L1L2-to-L3,33,246,1,1
L1L2-to-L3,33,249,1,1
L1L2-to-L3,33,251,1,1
L1L2-to-L3,33,253,1,1
L1L2-to-L3,33,254,1,1
L1L2-to-L3,34,0,1,1
L1L2-to-L3,34,1,1,1
L1L2-to-L3,34,5,1,1
L1L2-to-L3,34,13,1,1
L1L2-to-L3,34,20,1,1
L1L2-to-L3,34,22,1,1
L1L2-to-L3,34,29,1,1
L1L2-to-L3,34,33,1,1
L1L2-to-L3,34,34,1,1
L1L2-to-L3,34,43,1,1
L1L2-to-L3,34,46,1,1
L1L2-to-L3,34,47,1,1
L1L2-to-L3,34,49,1,1
L1L2-to-L3,34,56,1,1
L1L2-to-L3,34,61,1,1
L1L2-to-L3,34,69,1,1
L1L2-to-L3,34,70,1,1
L1L2-to-L3,34,73,1,1
L1L2-to-L3,34,74,1,1
L1L2-to-L3,34,76,1,1
L1L2-to-L3,34,80,1,1
L1L2-to-L3,34,87,1,1
L1L2-to-L3,34,89,1,1
L1L2-to-L3,34,92,1,1
L1L2-to-L3,34,94,1,1
L1L2-to-L3,34,95,1,1
L1L2-to-L3,34,97,1,1
L1L2-to-L3,34,101,1,1
L1L2-to-L3,34,110,1,1
L1L2-to-L3,34,116,1,1
L1L2-to-L3,34,122,1,1
L1L2-to-L3,34,130,1,1
L1L2-to-L3,34,131,1,1
L1L2-to-L3,34,132,1,1
L1L2-to-L3,34,144,1,1
L1L2-to-L3,34,150,1,1
L1L2-to-L3,34,151,1,1
L1L2-to-L3,34,155,1,1
L1L2-to-L3,34,157,1,1
L1L2-to-L3,34,158,1,1
L1L2-to-L3,34,161,1,1
L1L2-to-L3,34,162,1,1
L1L2-to-L3,34,167,1,1
L1L2-to-L3,34,169,1,1
L1L2-to-L3,34,173,1,1
L1L2-to-L3,34,175,1,1
L1L2-to-L3,34,176,1,1
L1L2-to-L3,34,181,1,1
L1L2-to-L3,34,183,1,1
L1L2-to-L3,34,184,1,1
L1L2-to-L3,34,189,1,1
L1L2-to-L3,34,191,1,1
L1L2-to-L3,34,194,1,1
L1L2-to-L3,34,197,1,1
L1L2-to-L3,34,198,1,1
L1L2-to-L3,34,199,1,1
L1L2-to-L3,34,200,1,1
L1L2-to-L3,34,202,1,1
L1L2-to-L3,34,206,1,1
L1L2-to-L3,34,207,1,1
L1L2-to-L3,34,208,1,1
L1L2-to-L3,34,214,1,1
L1L2-to-L3,34,215,1,1
L1L2-to-L3,34,216,1,1
L1L2-to-L3,34,221,1,1
L1L2-to-L3,34,222,1,1
L1L2-to-L3,34,225,1,1
L1L2-to-L3,34,226,1,1
L1L2-to-L3,34,231,1,1
L1L2-to-L3,34,238,1,1
L1L2-to-L3,34,240,1,1
L1L2-to-L3,34,242,1,1
L1L2-to-L3,34,243,1,1
L1L2-to-L3,34,244,1,1
L1L2-to-L3,34,245,1,1
L1L2-to-L3,34,247,1,1
L1L2-to-L3,34,251,1,1
L1L2-to-L3,34,252,1,1
L1L2-to-L3,34,253,1,1
L1L2-to-L3,34,254,1,1
L1L2-to-L3,35,0,1,1
L1L2-to-L3,35,1,1,1
L1L2-to-L3,35,5,1,1
L1L2-to-L3,35,10,1,1
L1L2-to-L3,35,11,1,1
L1L2-to-L3,35,19,1,1
L1L2-to-L3,35,21,1,1
L1L2-to-L3,35,24,1,1
L1L2-to-L3,35,25,1,1
L1L2-to-L3,35,28,1,1
L1L2-to-L3,35,32,1,1
L1L2-to-L3,35,33,1,1
L1L2-to-L3,35,34,1,1
L1L2-to-L3,35,38,1,1
L1L2-to-L3,35,39,1,1
L1L2-to-L3,35,40,1,1
L1L2-to-L3,35,42,1,1
L1L2-to-L3,35,43,1,1
L1L2-to-L3,35,44,1,1
L1L2-to-L3,35,45,1,1
L1L2-to-L3,35,47,1,1
L1L2-to-L3,35,50,1,1
L1L2-to-L3,35,54,1,1
L1L2-to-L3,35,58,1,1
L1L2-to-L3,35,64,1,1
L1L2-to-L3,35,66,1,1
L1L2-to-L3,35,74,1,1
L1L2-to-L3,35,75,1,1
L1L2-to-L3,35,79,1,1
L1L2-to-L3,35,81,1,1
L1L2-to-L3,35,83,1,1
L1L2-to-L3,35,84,1,1
L1L2-to-L3,35,86,1,1
L1L2-to-L3,35,87,1,1
L1L2-to-L3,35,90,1,1
L1L2-to-L3,35,93,1,1
L1L2-to-L3,35,95,1,1
L1L2-to-L3,35,98,1,1
L1L2-to-L3,35,100,1,1
L1L2-to-L3,35,103,1,1
L1L2-to-L3,35,110,1,1
L1L2-to-L3,35,111,1,1
L1L2-to-L3,35,113,1,1
L1L2-to-L3,35,114,1,1
L1L2-to-L3,35,116,1,1
L1L2-to-L3,35,117,1,1
L1L2-to-L3,35,120,1,1
L1L2-to-L3,35,122,1,1
L1L2-to-L3,35,123,1,1
L1L2-to-L3,35,127,1,1
L1L2-to-L3,35,131,1,1
L1L2-to-L3,35,132,1,1
L1L2-to-L3,35,134,1,1
L1L2-to-L3,35,135,1,1
L1L2-to-L3,35,138,1,1
L1L2-to-L3,35,142,1,1
L1L2-to-L3,35,144,1,1
L1L2-to-L3,35,147,1,1
L1L2-to-L3,35,148,1,1
L1L2-to-L3,35,149,1,1
L1L2-to-L3,35,150,1,1
L1L2-to-L3,35,152,1,1
L1L2-to-L3,35,154,1,1
L1L2-to-L3,35,155,1,1
L1L2-to-L3,35,157,1,1
L1L2-to-L3,35,160,1,1
L1L2-to-L3,35,161,1,1
L1L2-to-L3,35,162,1,1
L1L2-to-L3,35,164,1,1
L1L2-to-L3,35,166,1,1
L1L2-to-L3,35,167,1,1
L1L2-to-L3,35,168,1,1
L1L2-to-L3,35,171,1,1
L1L2-to-L3,35,173,1,1
L1L2-to-L3,35,174,1,1
L1L2-to-L3,35,178,1,1
L1L2-to-L3,35,180,1,1
L1L2-to-L3,35,181,1,1
L1L2-to-L3,35,182,1,1
L1L2-to-L3,35,184,1,1
L1L2-to-L3,35,185,1,1
L1L2-to-L3,35,186,1,1
L1L2-to-L3,35,189,1,1
L1L2-to-L3,35,191,1,1
L1L2-to-L3,35,193,1,1
L1L2-to-L3,35,197,1,1
L1L2-to-L3,35,199,1,1
L1L2-to-L3,35,200,1,1
L1L2-to-L3,35,201,1,1
L1L2-to-L3,35,202,1,1
L1L2-to-L3,35,205,1,1
L1L2-to-L3,35,206,1,1
L1L2-to-L3,35,209,1,1
L1L2-to-L3,35,210,1,1
L1L2-to-L3,35,211,1,1
L1L2-to-L3,35,213,1,1
L1L2-to-L3,35,216,1,1
L1L2-to-L3,35,219,1,1
L1L2-to-L3,35,222,1,1
L1L2-to-L3,35,223,1,1
L1L2-to-L3,35,225,1,1
L1L2-to-L3,35,230,1,1
L1L2-to-L3,35,231,1,1
L1L2-to-L3,35,236,1,1
L1L2-to-L3,35,240,1,1
L1L2-to-L3,35,241,1,1
L1L2-to-L3,35,243,1,1
L1L2-to-L3,35,244,1,1
L1L2-to-L3,35,245,1,1
L1L2-to-L3,35,246,1,1
L1L2-to-L3,35,252,1,1
L1L2-to-L3,36,1,1,1
L1L2-to-L3,36,3,1,1
L1L2-to-L3,36,15,1,1
L1L2-to-L3,36,18,1,1
L1L2-to-L3,36,22,1,1
L1L2-to-L3,36,23,1,1
L1L2-to-L3,36,24,1,1
L1L2-to-L3,36,27,1,1
L1L2-to-L3,36,30,1,1
L1L2-to-L3,36,31,1,1
L1L2-to-L3,36,33,1,1
L1L2-to-L3,36,34,1,1
L1L2-to-L3,36,37,1,1
L1L2-to-L3,36,38,1,1
L1L2-to-L3,36,43,1,1
L1L2-to-L3,36,46,1,1
L1L2-to-L3,36,47,1,1
L1L2-to-L3,36,51,1,1
L1L2-to-L3,36,52,1,1
L1L2-to-L3,36,53,1,1
L1L2-to-L3,36,54,1,1
L1L2-to-L3,36,57,1,1
L1L2-to-L3,36,59,1,1
L1L2-to-L3,36,63,1,1
L1L2-to-L3,36,64,1,1
L1L2-to-L3,36,67,1,1
L1L2-to-L3,36,69,1,1
L1L2-to-L3,36,73,1,1
L1L2-to-L3,36,77,1,1
L1L2-to-L3,36,78,1,1
L1L2-to-L3,36,79,1,1
L1L2-to-L3,36,81,1,1
L1L2-to-L3,36,82,1,1
L1L2-to-L3,36,86,1,1
L1L2-to-L3,36,90,1,1
L1L2-to-L3,36,93,1,1
L1L2-to-L3,36,94,1,1
L1L2-to-L3,36,95,1,1
L1L2-to-L3,36,97,1,1
L1L2-to-L3,36,101,1,1
L1L2-to-L3,36,102,1,1
L1L2-to-L3,36,108,1,1
L1L2-to-L3,36,111,1,1
L1L2-to-L3,36,113,1,1
L1L2-to-L3,36,114,1,1
L1L2-to-L3,36,117,1,1
L1L2-to-L3,36,122,1,1
L1L2-to-L3,36,126,1,1
L1L2-to-L3,36,130,1,1
L1L2-to-L3,36,132,1,1
L1L2-to-L3,36,134,1,1
L1L2-to-L3,36,136,1,1
L1L2-to-L3,36,140,1,1
L1L2-to-L3,36,144,1,1
L1L2-to-L3,36,145,1,1
L1L2-to-L3,36,147,1,1
L1L2-to-L3,36,148,1,1
L1L2-to-L3,36,149,1,1
L1L2-to-L3,36,151,1,1
L1L2-to-L3,36,154,1,1
L1L2-to-L3,36,158,1,1
L1L2-to-L3,36,160,1,1
L1L2-to-L3,36,164,1,1
L1L2-to-L3,36,166,1,1
L1L2-to-L3,36,169,1,1
L1L2-to-L3,36,170,1,1
L1L2-to-L3,36,176,1,1
L1L2-to-L3,36,182,1,1
L1L2-to-L3,36,186,1,1
L1L2-to-L3,36,189,1,1
L1L2-to-L3,36,190,1,1
L1L2-to-L3,36,194,1,1
L1L2-to-L3,36,196,1,1
L1L2-to-L3,36,198,1,1
L1L2-to-L3,36,204,1,1
L1L2-to-L3,36,207,1,1
L1L2-to-L3,36,208,1,1
L1L2-to-L3,36,210,1,1
L1L2-to-L3,36,211,1,1
L1L2-to-L3,36,216,1,1
L1L2-to-L3,36,219,1,1
L1L2-to-L3,36,222,1,1
L1L2-to-L3,36,224,1,1
L1L2-to-L3,36,225,1,1
L1L2-to-L3,36,226,1,1
L1L2-to-L3,36,227,1,1
L1L2-to-L3,36,229,1,1
L1L2-to-L3,36,233,1,1
L1L2-to-L3,36,235,1,1
L1L2-to-L3,36,237,1,1
L1L2-to-L3,36,238,1,1
L1L2-to-L3,36,241,1,1
L1L2-to-L3,36,245,1,1
L1L2-to-L3,36,246,1,1
L1L2-to-L3,36,249,1,1
L1L2-to-L3,36,252,1,1
L1L2-to-L3,36,254,1,1
L1L2-to-L3,36,255,1,1
L1L2-to-L3,37,1,1,1
L1L2-to-L3,37,3,1,1
L1L2-to-L3,37,6,1,1
L1L2-to-L3,37,7,1,1
L1L2-to-L3,37,9,1,1
L1L2-to-L3,37,13,1,1
L1L2-to-L3,37,15,1,1
L1L2-to-L3,37,17,1,1
L1L2-to-L3,37,19,1,1
L1L2-to-L3,37,20,1,1
L1L2-to-L3,37,25,1,1
L1L2-to-L3,37,28,1,1
L1L2-to-L3,37,31,1,1
L1L2-to-L3,37,32,1,1
L1L2-to-L3,37,34,1,1
L1L2-to-L3,37,37,1,1
L1L2-to-L3,37,39,1,1
L1L2-to-L3,37,42,1,1
L1L2-to-L3,37,46,1,1
L1L2-to-L3,37,47,1,1
L1L2-to-L3,37,48,1,1
L1L2-to-L3,37,49,1,1
L1L2-to-L3,37,50,1,1
L1L2-to-L3,37,55,1,1
L1L2-to-L3,37,60,1,1
L1L2-to-L3,37,61,1,1
L1L2-to-L3,37,64,1,1
L1L2-to-L3,37,67,1,1
L1L2-to-L3,37,68,1,1
L1L2-to-L3,37,76,1,1
L1L2-to-L3,37,82,1,1
L1L2-to-L3,37,89,1,1
L1L2-to-L3,37,98,1,1
L1L2-to-L3,37,100,1,1
L1L2-to-L3,37,102,1,1
L1L2-to-L3,37,104,1,1
L1L2-to-L3,37,107,1,1
L1L2-to-L3,37,109,1,1
L1L2-to-L3,37,111,1,1
L1L2-to-L3,37,112,1,1
L1L2-to-L3,37,116,1,1
L1L2-to-L3,37,120,1,1
L1L2-to-L3,37,122,1,1
L1L2-to-L3,37,123,1,1
L1L2-to-L3,37,124,1,1
L1L2-to-L3,37,129,1,1
L1L2-to-L3,37,131,1,1
L1L2-to-L3,37,132,1,1
L1L2-to-L3,37,142,1,1
L1L2-to-L3,37,145,1,1
L1L2-to-L3,37,146,1,1
L1L2-to-L3,37,149,1,1
L1L2-to-L3,37,150,1,1
L1L2-to-L3,37,152,1,1
L1L2-to-L3,37,153,1,1
L1L2-to-L3,37,154,1,1
L1L2-to-L3,37,156,1,1
L1L2-to-L3,37,158,1,1
L1L2-to-L3,37,160,1,1
L1L2-to-L3,37,161,1,1
L1L2-to-L3,37,168,1,1
L1L2-to-L3,37,170,1,1
L1L2-to-L3,37,171,1,1
L1L2-to-L3,37,172,1,1
L1L2-to-L3,37,175,1,1
L1L2-to-L3,37,177,1,1
L1L2-to-L3,37,178,1,1
L1L2-to-L3,37,179,1,1
L1L2-to-L3,37,181,1,1
L1L2-to-L3,37,187,1,1
L1L2-to-L3,37,192,1,1
L1L2-to-L3,37,194,1,1
L1L2-to-L3,37,196,1,1
L1L2-to-L3,37,198,1,1
L1L2-to-L3,37,199,1,1
L1L2-to-L3,37,200,1,1
L1L2-to-L3,37,204,1,1
L1L2-to-L3,37,205,1,1
L1L2-to-L3,37,206,1,1
L1L2-to-L3,37,210,1,1
L1L2-to-L3,37,218,1,1
L1L2-to-L3,37,220,1,1
L1L2-to-L3,37,221,1,1
L1L2-to-L3,37,222,1,1
L1L2-to-L3,37,223,1,1
L1L2-to-L3,37,229,1,1
L1L2-to-L3,37,233,1,1
L1L2-to-L3,37,234,1,1
L1L2-to-L3,37,236,1,1
L1L2-to-L3,37,237,1,1
L1L2-to-L3,37,241,1,1
L1L2-to-L3,37,242,1,1
L1L2-to-L3,37,243,1,1
L1L2-to-L3,37,245,1,1
L1L2-to-L3,37,246,1,1
L1L2-to-L3,37,247,1,1
L1L2-to-L3,37,248,1,1
L1L2-to-L3,37,249,1,1
L1L2-to-L3,37,251,1,1
L1L2-to-L3,37,252,1,1
L1L2-to-L3,37,253,1,1
L1L2-to-L3,37,255,1,1
L1L2-to-L3,38,4,1,1
L1L2-to-L3,38,8,1,1
L1L2-to-L3,38,9,1,1
L1L2-to-L3,38,10,1,1
L1L2-to-L3,38,13,1,1
L1L2-to-L3,38,14,1,1
L1L2-to-L3,38,16,1,1
L1L2-to-L3,38,17,1,1
L1L2-to-L3,38,20,1,1
L1L2-to-L3,38,22,1,1
L1L2-to-L3,38,25,1,1
L1L2-to-L3,38,36,1,1
L1L2-to-L3,38,37,1,1
L1L2-to-L3,38,39,1,1
L1L2-to-L3,38,40,1,1
L1L2-to-L3,38,41,1,1
L1L2-to-L3,38,43,1,1
L1L2-to-L3,38,49,1,1
L1L2-to-L3,38,55,1,1
L1L2-to-L3,38,59,1,1
L1L2-to-L3,38,62,1,1
L1L2-to-L3,38,66,1,1
L1L2-to-L3,38,68,1,1
L1L2-to-L3,38,69,1,1
L1L2-to-L3,38,74,1,1
L1L2-to-L3,38,76,1,1
L1L2-to-L3,38,77,1,1
L1L2-to-L3,38,79,1,1
L1L2-to-L3,38,87,1,1
L1L2-to-L3,38,89,1,1
L1L2-to-L3,38,92,1,1
L1L2-to-L3,38,95,1,1
L1L2-to-L3,38,96,1,1
L1L2-to-L3,38,98,1,1
L1L2-to-L3,38,100,1,1
L1L2-to-L3,38,102,1,1
L1L2-to-L3,38,105,1,1
L1L2-to-L3,38,110,1,1
L1L2-to-L3,38,117,1,1
L1L2-to-L3,38,120,1,1
L1L2-to-L3,38,121,1,1
L1L2-to-L3,38,123,1,1
L1L2-to-L3,38,124,1,1
L1L2-to-L3,38,127,1,1
L1L2-to-L3,38,131,1,1
L1L2-to-L3,38,133,1,1
L1L2-to-L3,38,140,1,1
L1L2-to-L3,38,146,1,1
L1L2-to-L3,38,147,1,1
L1L2-to-L3,38,149,1,1
L1L2-to-L3,38,152,1,1
L1L2-to-L3,38,154,1,1
L1L2-to-L3,38,155,1,1
L1L2-to-L3,38,159,1,1
L1L2-to-L3,38,162,1,1
L1L2-to-L3,38,166,1,1
L1L2-to-L3,38,167,1,1
L1L2-to-L3,38,170,1,1
L1L2-to-L3,38,171,1,1
L1L2-to-L3,38,172,1,1
L1L2-to-L3,38,173,1,1
L1L2-to-L3,38,174,1,1
L1L2-to-L3,38,175,1,1
L1L2-to-L3,38,177,1,1
L1L2-to-L3,38,181,1,1
L1L2-to-L3,38,183,1,1
L1L2-to-L3,38,185,1,1
L1L2-to-L3,38,186,1,1
L1L2-to-L3,38,187,1,1
L1L2-to-L3,38,190,1,1
L1L2-to-L3,38,191,1,1
L1L2-to-L3,38,193,1,1
L1L2-to-L3,38,194,1,1
L1L2-to-L3,38,195,1,1
L1L2-to-L3,38,197,1,1
L1L2-to-L3,38,200,1,1
L1L2-to-L3,38,202,1,1
L1L2-to-L3,38,203,1,1
L1L2-to-L3,38,206,1,1
L1L2-to-L3,38,207,1,1
L1L2-to-L3,38,214,1,1
L1L2-to-L3,38,215,1,1
L1L2-to-L3,38,217,1,1
L1L2-to-L3,38,218,1,1
L1L2-to-L3,38,219,1,1
L1L2-to-L3,38,223,1,1
L1L2-to-L3,38,226,1,1
L1L2-to-L3,38,227,1,1
L1L2-to-L3,38,230,1,1
L1L2-to-L3,38,231,1,1
L1L2-to-L3,38,233,1,1
L1L2-to-L3,38,234,1,1
L1L2-to-L3,38,235,1,1
L1L2-to-L3,38,236,1,1
L1L2-to-L3,38,238,1,1
L1L2-to-L3,38,243,1,1
L1L2-to-L3,38,245,1,1
L1L2-to-L3,38,247,1,1
L1L2-to-L3,38,248,1,1
L1L2-to-L3,38,252,1,1
L1L2-to-L3,39,2,1,1
L1L2-to-L3,39,4,1,1
L1L2-to-L3,39,6,1,1
L1L2-to-L3,39,8,1,1
L1L2-to-L3,39,15,1,1
L1L2-to-L3,39,19,1,1
L1L2-to-L3,39,22,1,1
L1L2-to-L3,39,23,1,1
L1L2-to-L3,39,25,1,1
L1L2-to-L3,39,29,1,1
L1L2-to-L3,39,34,1,1
L1L2-to-L3,39,37,1,1
L1L2-to-L3,39,38,1,1
L1L2-to-L3,39,39,1,1
L1L2-to-L3,39,44,1,1
L1L2-to-L3,39,46,1,1
L1L2-to-L3,39,52,1,1
L1L2-to-L3,39,56,1,1
L1L2-to-L3,39,57,1,1
L1L2-to-L3,39,62,1,1
L1L2-to-L3,39,68,1,1
L1L2-to-L3,39,69,1,1
L1L2-to-L3,39,72,1,1
L1L2-to-L3,39,79,1,1
L1L2-to-L3,39,80,1,1
L1L2-to-L3,39,87,1,1
L1L2-to-L3,39,89,1,1
L1L2-to-L3,39,92,1,1
L1L2-to-L3,39,93,1,1
L1L2-to-L3,39,94,1,1
L1L2-to-L3,39,98,1,1
L1L2-to-L3,39,99,1,1
L1L2-to-L3,39,101,1,1
L1L2-to-L3,39,105,1,1
L1L2-to-L3,39,108,1,1
L1L2-to-L3,39,110,1,1
L1L2-to-L3,39,111,1,1
L1L2-to-L3,39,115,1,1
L1L2-to-L3,39,116,1,1
L1L2-to-L3,39,117,1,1
L1L2-to-L3,39,118,1,1
L1L2-to-L3,39,120,1,1
L1L2-to-L3,39,123,1,1
L1L2-to-L3,39,124,1,1
L1L2-to-L3,39,125,1,1
L1L2-to-L3,39,126,1,1
L1L2-to-L3,39,128,1,1
L1L2-to-L3,39,129,1,1
L1L2-to-L3,39,130,1,1
L1L2-to-L3,39,132,1,1
L1L2-to-L3,39,133,1,1
L1L2-to-L3,39,134,1,1
L1L2-to-L3,39,136,1,1
L1L2-to-L3,39,138,1,1
L1L2-to-L3,39,141,1,1
L1L2-to-L3,39,143,1,1
L1L2-to-L3,39,145,1,1
L1L2-to-L3,39,146,1,1
L1L2-to-L3,39,147,1,1
L1L2-to-L3,39,148,1,1
L1L2-to-L3,39,152,1,1
L1L2-to-L3,39,153,1,1
L1L2-to-L3,39,154,1,1
L1L2-to-L3,39,155,1,1
L1L2-to-L3,39,156,1,1
L1L2-to-L3,39,157,1,1
L1L2-to-L3,39,159,1,1
L1L2-to-L3,39,160,1,1
L1L2-to-L3,39,162,1,1
L1L2-to-L3,39,168,1,1
L1L2-to-L3,39,172,1,1
L1L2-to-L3,39,173,1,1
L1L2-to-L3,39,176,1,1
L1L2-to-L3,39,177,1,1
L1L2-to-L3,39,180,1,1
L1L2-to-L3,39,181,1,1
L1L2-to-L3,39,183,1,1
L1L2-to-L3,39,184,1,1
L1L2-to-L3,39,186,1,1
L1L2-to-L3,39,187,1,1
L1L2-to-L3,39,193,1,1
L1L2-to-L3,39,196,1,1
L1L2-to-L3,39,199,1,1
L1L2-to-L3,39,201,1,1
L1L2-to-L3,39,204,1,1
L1L2-to-L3,39,205,1,1
L1L2-to-L3,39,207,1,1
L1L2-to-L3,39,208,1,1
L1L2-to-L3,39,209,1,1
L1L2-to-L3,39,212,1,1
L1L2-to-L3,39,213,1,1
L1L2-to-L3,39,215,1,1
L1L2-to-L3,39,220,1,1
L1L2-to-L3,39,223,1,1
L1L2-to-L3,39,226,1,1
L1L2-to-L3,39,228,1,1
L1L2-to-L3,39,230,1,1
L1L2-to-L3,39,231,1,1
L1L2-to-L3,39,233,1,1
L1L2-to-L3,39,237,1,1
L1L2-to-L3,39,239,1,1
L1L2-to-L3,39,241,1,1
L1L2-to-L3,39,246,1,1
L1L2-to-L3,39,251,1,1
L1L2-to-L3,39,255,1,1
L1L2-to-L3,40,1,1,1
L1L2-to-L3,40,2,1,1
L1L2-to-L3,40,8,1,1
L1L2-to-L3,40,9,1,1
L1L2-to-L3,40,12,1,1
L1L2-to-L3,40,13,1,1
L1L2-to-L3,40,14,1,1
L1L2-to-L3,40,15,1,1
L1L2-to-L3,40,16,1,1
L1L2-to-L3,40,22,1,1
L1L2-to-L3,40,24,1,1
L1L2-to-L3,40,25,1,1
L1L2-to-L3,40,30,1,1
L1L2-to-L3,40,38,1,1
L1L2-to-L3,40,41,1,1
L1L2-to-L3,40,42,1,1
L1L2-to-L3,40,43,1,1
L1L2-to-L3,40,46,1,1
L1L2-to-L3,40,57,1,1
L1L2-to-L3,40,59,1,1
L1L2-to-L3,40,65,1,1
L1L2-to-L3,40,66,1,1
L1L2-to-L3,40,70,1,1
L1L2-to-L3,40,71,1,1
L1L2-to-L3,40,72,1,1
L1L2-to-L3,40,74,1,1
L1L2-to-L3,40,77,1,1
L1L2-to-L3,40,78,1,1
L1L2-to-L3,40,79,1,1
L1L2-to-L3,40,82,1,1
L1L2-to-L3,40,83,1,1
L1L2-to-L3,40,85,1,1
L1L2-to-L3,40,86,1,1
L1L2-to-L3,40,87,1,1
L1L2-to-L3,40,88,1,1
L1L2-to-L3,40,93,1,1
L1L2-to-L3,40,95,1,1
L1L2-to-L3,40,98,1,1
L1L2-to-L3,40,100,1,1
L1L2-to-L3,40,102,1,1
L1L2-to-L3,40,104,1,1
L1L2-to-L3,40,109,1,1
L1L2-to-L3,40,112,1,1
L1L2-to-L3,40,113,1,1
L1L2-to-L3,40,115,1,1
L1L2-to-L3,40,118,1,1
L1L2-to-L3,40,119,1,1
L1L2-to-L3,40,127,1,1
L1L2-to-L3,40,133,1,1
L1L2-to-L3,40,137,1,1
L1L2-to-L3,40,139,1,1
L1L2-to-L3,40,140,1,1
L1L2-to-L3,40,143,1,1
L1L2-to-L3,40,145,1,1
L1L2-to-L3,40,146,1,1
L1L2-to-L3,40,147,1,1
L1L2-to-L3,40,148,1,1
L1L2-to-L3,40,154,1,1
L1L2-to-L3,40,155,1,1
L1L2-to-L3,40,157,1,1
L1L2-to-L3,40,158,1,1
L1L2-to-L3,40,160,1,1
L1L2-to-L3,40,164,1,1
L1L2-to-L3,40,166,1,1
L1L2-to-L3,40,168,1,1
L1L2-to-L3,40,169,1,1
L1L2-to-L3,40,170,1,1
L1L2-to-L3,40,172,1,1
L1L2-to-L3,40,173,1,1
L1L2-to-L3,40,179,1,1
L1L2-to-L3,40,185,1,1
L1L2-to-L3,40,188,1,1
L1L2-to-L3,40,189,1,1
L1L2-to-L3,40,190,1,1
L1L2-to-L3,40,192,1,1
L1L2-to-L3,40,194,1,1
L1L2-to-L3,40,199,1,1
L1L2-to-L3,40,200,1,1
L1L2-to-L3,40,201,1,1
L1L2-to-L3,40,202,1,1
L1L2-to-L3,40,206,1,1
L1L2-to-L3,40,207,1,1
L1L2-to-L3,40,208,1,1
L1L2-to-L3,40,209,1,1
L1L2-to-L3,40,211,1,1
L1L2-to-L3,40,216,1,1
L1L2-to-L3,40,219,1,1
L1L2-to-L3,40,220,1,1
L1L2-to-L3,40,221,1,1
L1L2-to-L3,40,222,1,1
L1L2-to-L3,40,224,1,1
L1L2-to-L3,40,229,1,1
L1L2-to-L3,40,230,1,1
L1L2-to-L3,40,231,1,1
L1L2-to-L3,40,236,1,1
L1L2-to-L3,40,238,1,1
L1L2-to-L3,40,239,1,1
L1L2-to-L3,40,240,1,1
L1L2-to-L3,40,241,1,1
L1L2-to-L3,40,242,1,1
L1L2-to-L3,40,245,1,1
L1L2-to-L3,40,246,1,1
L1L2-to-L3,40,252,1,1
L1L2-to-L3,40,254,1,1
L1L2-to-L3,40,255,1,1
L1L2-to-L3,41,1,1,1
L1L2-to-L3,41,3,1,1
L1L2-to-L3,41,5,1,1
L1L2-to-L3,41,7,1,1
L1L2-to-L3,41,8,1,1
L1L2-to-L3,41,13,1,1
L1L2-to-L3,41,19,1,1
L1L2-to-L3,41,24,1,1
L1L2-to-L3,41,26,1,1
L1L2-to-L3,41,28,1,1
L1L2-to-L3,41,29,1,1
L1L2-to-L3,41,35,1,1
L1L2-to-L3,41,38,1,1
L1L2-to-L3,41,42,1,1
L1L2-to-L3,41,49,1,1
L1L2-to-L3,41,50,1,1
L1L2-to-L3,41,56,1,1
L1L2-to-L3,41,58,1,1
L1L2-to-L3,41,66,1,1
L1L2-to-L3,41,67,1,1
L1L2-to-L3,41,72,1,1
L1L2-to-L3,41,77,1,1
L1L2-to-L3,41,83,1,1
L1L2-to-L3,41,91,1,1
L1L2-to-L3,41,94,1,1
L1L2-to-L3,41,98,1,1
L1L2-to-L3,41,108,1,1
L1L2-to-L3,41,113,1,1
L1L2-to-L3,41,115,1,1
L1L2-to-L3,41,118,1,1
L1L2-to-L3,41,119,1,1
L1L2-to-L3,41,120,1,1
L1L2-to-L3,41,122,1,1
L1L2-to-L3,41,123,1,1
L1L2-to-L3,41,124,1,1
L1L2-to-L3,41,125,1,1
L1L2-to-L3,41,128,1,1
L1L2-to-L3,41,137,1,1
L1L2-to-L3,41,140,1,1
L1L2-to-L3,41,143,1,1
L1L2-to-L3,41,145,1,1
L1L2-to-L3,41,147,1,1
L1L2-to-L3,41,148,1,1
L1L2-to-L3,41,150,1,1
L1L2-to-L3,41,152,1,1
L1L2-to-L3,41,154,1,1
L1L2-to-L3,41,155,1,1
L1L2-to-L3,41,157,1,1
L1L2-to-L3,41,158,1,1
L1L2-to-L3,41,165,1,1
L1L2-to-L3,41,170,1,1
L1L2-to-L3,41,176,1,1
L1L2-to-L3,41,182,1,1
L1L2-to-L3,41,183,1,1
L1L2-to-L3,41,184,1,1
L1L2-to-L3,41,185,1,1
L1L2-to-L3,41,188,1,1
L1L2-to-L3,41,189,1,1
L1L2-to-L3,41,191,1,1
L1L2-to-L3,41,192,1,1
L1L2-to-L3,41,193,1,1
L1L2-to-L3,41,199,1,1
L1L2-to-L3,41,200,1,1
L1L2-to-L3,41,201,1,1
L1L2-to-L3,41,203,1,1
L1L2-to-L3,41,204,1,1
L1L2-to-L3,41,206,1,1
L1L2-to-L3,41,209,1,1
L1L2-to-L3,41,210,1,1
L1L2-to-L3,41,214,1,1
L1L2-to-L3,41,215,1,1
L1L2-to-L3,41,216,1,1
L1L2-to-L3,41,219,1,1
L1L2-to-L3,41,225,1,1
L1L2-to-L3,41,226,1,1
L1L2-to-L3,41,229,1,1
L1L2-to-L3,41,230,1,1
L1L2-to-L3,41,231,1,1
L1L2-to-L3,41,236,1,1
L1L2-to-L3,41,245,1,1
L1L2-to-L3,41,249,1,1
L1L2-to-L3,41,250,1,1
L1L2-to-L3,41,252,1,1
L1L2-to-L3,42,3,1,1
L1L2-to-L3,42,16,1,1
L1L2-to-L3,42,23,1,1
L1L2-to-L3,42,24,1,1
L1L2-to-L3,42,34,1,1
L1L2-to-L3,42,37,1,1
L1L2-to-L3,42,44,1,1
L1L2-to-L3,42,45,1,1
L1L2-to-L3,42,48,1,1
L1L2-to-L3,42,56,1,1
L1L2-to-L3,42,58,1,1
L1L2-to-L3,42,60,1,1
L1L2-to-L3,42,67,1,1
L1L2-to-L3,42,73,1,1
L1L2-to-L3,42,74,1,1
L1L2-to-L3,42,77,1,1
L1L2-to-L3,42,79,1,1
L1L2-to-L3,42,81,1,1
L1L2-to-L3,42,86,1,1
L1L2-to-L3,42,89,1,1
L1L2-to-L3,42,90,1,1
L1L2-to-L3,42,94,1,1
L1L2-to-L3,42,99,1,1
L1L2-to-L3,42,101,1,1
L1L2-to-L3,42,104,1,1
L1L2-to-L3,42,111,1,1
L1L2-to-L3,42,113,1,1
L1L2-to-L3,42,115,1,1
L1L2-to-L3,42,123,1,1
L1L2-to-L3,42,125,1,1
L1L2-to-L3,42,127,1,1
L1L2-to-L3,42,128,1,1
L1L2-to-L3,42,131,1,1
L1L2-to-L3,42,139,1,1
L1L2-to-L3,42,147,1,1
L1L2-to-L3,42,154,1,1
L1L2-to-L3,42,155,1,1
L1L2-to-L3,42,160,1,1
L1L2-to-L3,42,168,1,1
L1L2-to-L3,42,172,1,1
L1L2-to-L3,42,174,1,1
L1L2-to-L3,42,178,1,1
L1L2-to-L3,42,179,1,1
L1L2-to-L3,42,182,1,1
L1L2-to-L3,42,183,1,1
L1L2-to-L3,42,188,1,1
L1L2-to-L3,42,201,1,1
L1L2-to-L3,42,204,1,1
L1L2-to-L3,42,207,1,1
L1L2-to-L3,42,214,1,1
L1L2-to-L3,42,219,1,1
L1L2-to-L3,42,223,1,1
L1L2-to-L3,42,229,1,1
L1L2-to-L3,42,238,1,1
L1L2-to-L3,42,248,1,1
L1L2-to-L3,42,249,1,1
L1L2-to-L3,42,250,1,1
L1L2-to-L3,43,3,1,1
L1L2-to-L3,43,11,1,1
L1L2-to-L3,43,12,1,1
L1L2-to-L3,43,13,1,1
L1L2-to-L3,43,14,1,1
L1L2-to-L3,43,17,1,1
L1L2-to-L3,43,23,1,1
L1L2-to-L3,43,26,1,1
L1L2-to-L3,43,28,1,1
L1L2-to-L3,43,30,1,1
L1L2-to-L3,43,40,1,1
L1L2-to-L3,43,44,1,1
L1L2-to-L3,43,51,1,1
L1L2-to-L3,43,53,1,1
L1L2-to-L3,43,57,1,1
L1L2-to-L3,43,60,1,1
L1L2-to-L3,43,68,1,1
L1L2-to-L3,43,73,1,1
L1L2-to-L3,43,75,1,1
L1L2-to-L3,43,79,1,1
L1L2-to-L3,43,80,1,1
L1L2-to-L3,43,93,1,1
L1L2-to-L3,43,94,1,1
L1L2-to-L3,43,100,1,1
L1L2-to-L3,43,106,1,1
L1L2-to-L3,43,108,1,1
L1L2-to-L3,43,110,1,1
L1L2-to-L3,43,112,1,1
L1L2-to-L3,43,113,1,1
L1L2-to-L3,43,118,1,1
L1L2-to-L3,43,120,1,1
L1L2-to-L3,43,123,1,1
L1L2-to-L3,43,124,1,1
L1L2-to-L3,43,125,1,1
L1L2-to-L3,43,132,1,1
L1L2-to-L3,43,140,1,1
L1L2-to-L3,43,141,1,1
L1L2-to-L3,43,143,1,1
L1L2-to-L3,43,147,1,1
L1L2-to-L3,43,148,1,1
L1L2-to-L3,43,151,1,1
L1L2-to-L3,43,153,1,1
L1L2-to-L3,43,155,1,1
L1L2-to-L3,43,157,1,1
L1L2-to-L3,43,158,1,1
L1L2-to-L3,43,162,1,1
L1L2-to-L3,43,163,1,1
L1L2-to-L3,43,167,1,1
L1L2-to-L3,43,170,1,1
L1L2-to-L3,43,171,1,1
L1L2-to-L3,43,172,1,1
L1L2-to-L3,43,176,1,1
L1L2-to-L3,43,177,1,1
L1L2-to-L3,43,180,1,1
L1L2-to-L3,43,184,1,1
L1L2-to-L3,43,187,1,1
L1L2-to-L3,43,188,1,1
L1L2-to-L3,43,190,1,1
L1L2-to-L3,43,194,1,1
L1L2-to-L3,43,196,1,1
L1L2-to-L3,43,199,1,1
L1L2-to-L3,43,200,1,1
L1L2-to-L3,43,202,1,1
L1L2-to-L3,43,203,1,1
L1L2-to-L3,43,204,1,1
L1L2-to-L3,43,210,1,1
L1L2-to-L3,43,211,1,1
L1L2-to-L3,43,212,1,1
L1L2-to-L3,43,217,1,1
L1L2-to-L3,43,220,1,1
L1L2-to-L3,43,222,1,1
L1L2-to-L3,43,223,1,1
L1L2-to-L3,43,224,1,1
L1L2-to-L3,43,226,1,1
L1L2-to-L3,43,229,1,1
L1L2-to-L3,43,234,1,1
L1L2-to-L3,43,236,1,1
L1L2-to-L3,43,237,1,1
L1L2-to-L3,43,238,1,1
L1L2-to-L3,43,240,1,1
L1L2-to-L3,43,241,1,1
L1L2-to-L3,43,242,1,1
L1L2-to-L3,43,244,1,1
L1L2-to-L3,43,248,1,1
L1L2-to-L3,43,253,1,1
L1L2-to-L3,44,2,1,1
L1L2-to-L3,44,3,1,1
L1L2-to-L3,44,6,1,1
L1L2-to-L3,44,7,1,1
L1L2-to-L3,44,8,1,1
L1L2-to-L3,44,11,1,1
L1L2-to-L3,44,13,1,1
L1L2-to-L3,44,15,1,1
L1L2-to-L3,44,17,1,1
L1L2-to-L3,44,18,1,1
L1L2-to-L3,44,20,1,1
L1L2-to-L3,44,21,1,1
L1L2-to-L3,44,22,1,1
L1L2-to-L3,44,23,1,1
L1L2-to-L3,44,26,1,1
L1L2-to-L3,44,31,1,1
L1L2-to-L3,44,34,1,1
L1L2-to-L3,44,35,1,1
L1L2-to-L3,44,41,1,1
L1L2-to-L3,44,47,1,1
L1L2-to-L3,44,49,1,1
L1L2-to-L3,44,57,1,1
L1L2-to-L3,44,60,1,1
L1L2-to-L3,44,66,1,1
L1L2-to-L3,44,68,1,1
L1L2-to-L3,44,69,1,1
L1L2-to-L3,44,72,1,1
L1L2-to-L3,44,73,1,1
L1L2-to-L3,44,74,1,1
L1L2-to-L3,44,78,1,1
L1L2-to-L3,44,80,1,1
L1L2-to-L3,44,83,1,1
L1L2-to-L3,44,84,1,1
L1L2-to-L3,44,85,1,1
L1L2-to-L3,44,87,1,1
L1L2-to-L3,44,88,1,1
L1L2-to-L3,44,89,1,1
L1L2-to-L3,44,93,1,1
L1L2-to-L3,44,94,1,1
L1L2-to-L3,44,95,1,1
L1L2-to-L3,44,99,1,1
L1L2-to-L3,44,101,1,1
L1L2-to-L3,44,102,1,1
L1L2-to-L3,44,104,1,1
L1L2-to-L3,44,106,1,1
L1L2-to-L3,44,107,1,1
L1L2-to-L3,44,108,1,1
L1L2-to-L3,44,109,1,1
L1L2-to-L3,44,110,1,1
L1L2-to-L3,44,111,1,1
L1L2-to-L3,44,112,1,1
L1L2-to-L3,44,117,1,1
L1L2-to-L3,44,119,1,1
L1L2-to-L3,44,121,1,1
L1L2-to-L3,44,122,1,1
L1L2-to-L3,44,123,1,1
L1L2-to-L3,44,124,1,1
L1L2-to-L3,44,125,1,1
L1L2-to-L3,44,126,1,1
L1L2-to-L3,44,129,1,1
L1L2-to-L3,44,130,1,1
L1L2-to-L3,44,131,1,1
L1L2-to-L3,44,132,1,1
L1L2-to-L3,44,134,1,1
L1L2-to-L3,44,135,1,1
L1L2-to-L3,44,137,1,1
L1L2-to-L3,44,138,1,1
L1L2-to-L3,44,142,1,1
L1L2-to-L3,44,143,1,1
L1L2-to-L3,44,144,1,1
L1L2-to-L3,44,145,1,1
L1L2-to-L3,44,148,1,1
L1L2-to-L3,44,151,1,1
L1L2-to-L3,44,154,1,1
L1L2-to-L3,44,156,1,1
L1L2-to-L3,44,158,1,1
L1L2-to-L3,44,159,1,1
L1L2-to-L3,44,161,1,1
L1L2-to-L3,44,162,1,1
L1L2-to-L3,44,166,1,1
L1L2-to-L3,44,167,1,1
L1L2-to-L3,44,169,1,1
L1L2-to-L3,44,175,1,1
L1L2-to-L3,44,179,1,1
L1L2-to-L3,44,180,1,1
L1L2-to-L3,44,181,1,1
L1L2-to-L3,44,183,1,1
L1L2-to-L3,44,184,1,1
L1L2-to-L3,44,185,1,1
L1L2-to-L3,44,186,1,1
L1L2-to-L3,44,187,1,1
L1L2-to-L3,44,191,1,1
L1L2-to-L3,44,192,1,1
L1L2-to-L3,44,193,1,1
L1L2-to-L3,44,196,1,1
L1L2-to-L3,44,198,1,1
L1L2-to-L3,44,199,1,1
L1L2-to-L3,44,202,1,1
L1L2-to-L3,44,205,1,1
L1L2-to-L3,44,207,1,1
L1L2-to-L3,44,209,1,1
L1L2-to-L3,44,212,1,1
L1L2-to-L3,44,213,1,1
L1L2-to-L3,44,214,1,1
L1L2-to-L3,44,216,1,1
L1L2-to-L3,44,217,1,1
L1L2-to-L3,44,221,1,1
L1L2-to-L3,44,222,1,1
L1L2-to-L3,44,223,1,1
L1L2-to-L3,44,227,1,1
L1L2-to-L3,44,230,1,1
L1L2-to-L3,44,231,1,1
L1L2-to-L3,44,233,1,1
L1L2-to-L3,44,234,1,1
L1L2-to-L3,44,235,1,1
L1L2-to-L3,44,236,1,1
L1L2-to-L3,44,237,1,1
L1L2-to-L3,44,238,1,1
L1L2-to-L3,44,239,1,1
L1L2-to-L3,44,241,1,1
L1L2-to-L3,44,242,1,1
L1L2-to-L3,44,244,1,1
L1L2-to-L3,44,245,1,1
L1L2-to-L3,44,246,1,1
L1L2-to-L3,44,251,1,1
L1L2-to-L3,44,252,1,1
L1L2-to-L3,44,253,1,1
L1L2-to-L3,45,0,1,1
L1L2-to-L3,45,2,1,1
L1L2-to-L3,45,3,1,1
L1L2-to-L3,45,4,1,1
L1L2-to-L3,45,8,1,1
L1L2-to-L3,45,10,1,1
L1L2-to-L3,45,11,1,1
L1L2-to-L3,45,12,1,1
L1L2-to-L3,45,15,1,1
L1L2-to-L3,45,17,1,1
L1L2-to-L3,45,19,1,1
L1L2-to-L3,45,21,1,1
L1L2-to-L3,45,22,1,1
L1L2-to-L3,45,24,1,1
L1L2-to-L3,45,25,1,1
L1L2-to-L3,45,26,1,1
L1L2-to-L3,45,29,1,1
L1L2-to-L3,45,31,1,1
L1L2-to-L3,45,32,1,1
L1L2-to-L3,45,33,1,1
L1L2-to-L3,45,37,1,1
L1L2-to-L3,45,38,1,1
L1L2-to-L3,45,39,1,1
L1L2-to-L3,45,40,1,1
L1L2-to-L3,45,48,1,1
L1L2-to-L3,45,50,1,1
L1L2-to-L3,45,51,1,1
L1L2-to-L3,45,53,1,1
L1L2-to-L3,45,55,1,1
L1L2-to-L3,45,61,1,1
L1L2-to-L3,45,62,1,1
L1L2-to-L3,45,63,1,1
L1L2-to-L3,45,64,1,1
L1L2-to-L3,45,66,1,1
L1L2-to-L3,45,71,1,1
L1L2-to-L3,45,73,1,1
L1L2-to-L3,45,74,1,1
L1L2-to-L3,45,77,1,1
L1L2-to-L3,45,79,1,1
L1L2-to-L3,45,80,1,1
L1L2-to-L3,45,82,1,1
L1L2-to-L3,45,84,1,1
L1L2-to-L3,45,85,1,1
L1L2-to-L3,45,89,1,1
L1L2-to-L3,45,90,1,1
L1L2-to-L3,45,91,1,1
L1L2-to-L3,45,93,1,1
L1L2-to-L3,45,94,1,1
L1L2-to-L3,45,98,1,1
L1L2-to-L3,45,100,1,1
L1L2-to-L3,45,101,1,1
L1L2-to-L3,45,102,1,1
L1L2-to-L3,45,103,1,1
L1L2-to-L3,45,106,1,1
L1L2-to-L3,45,113,1,1
L1L2-to-L3,45,115,1,1
L1L2-to-L3,45,116,1,1
L1L2-to-L3,45,119,1,1
L1L2-to-L3,45,122,1,1
L1L2-to-L3,45,124,1,1
L1L2-to-L3,45,126,1,1
L1L2-to-L3,45,129,1,1
L1L2-to-L3,45,130,1,1
L1L2-to-L3,45,132,1,1
L1L2-to-L3,45,133,1,1
L1L2-to-L3,45,143,1,1
L1L2-to-L3,45,145,1,1
L1L2-to-L3,45,147,1,1
L1L2-to-L3,45,149,1,1
L1L2-to-L3,45,150,1,1
L1L2-to-L3,45,152,1,1
L1L2-to-L3,45,157,1,1
L1L2-to-L3,45,162,1,1
L1L2-to-L3,45,163,1,1
L1L2-to-L3,45,164,1,1
L1L2-to-L3,45,166,1,1
L1L2-to-L3,45,170,1,1
L1L2-to-L3,45,172,1,1
L1L2-to-L3,45,174,1,1
L1L2-to-L3,45,175,1,1
L1L2-to-L3,45,178,1,1
L1L2-to-L3,45,180,1,1
L1L2-to-L3,45,185,1,1
L1L2-to-L3,45,187,1,1
L1L2-to-L3,45,188,1,1
L1L2-to-L3,45,189,1,1
L1L2-to-L3,45,193,1,1
L1L2-to-L3,45,196,1,1
L1L2-to-L3,45,199,1,1
L1L2-to-L3,45,202,1,1
L1L2-to-L3,45,204,1,1
L1L2-to-L3,45,206,1,1
L1L2-to-L3,45,210,1,1
L1L2-to-L3,45,211,1,1
L1L2-to-L3,45,212,1,1
L1L2-to-L3,45,214,1,1
L1L2-to-L3,45,216,1,1
L1L2-to-L3,45,218,1,1
L1L2-to-L3,45,219,1,1
L1L2-to-L3,45,223,1,1
L1L2-to-L3,45,224,1,1
L1L2-to-L3,45,228,1,1
L1L2-to-L3,45,232,1,1
L1L2-to-L3,45,235,1,1
L1L2-to-L3,45,237,1,1
L1L2-to-L3,45,240,1,1
L1L2-to-L3,45,241,1,1
L1L2-to-L3,45,244,1,1
L1L2-to-L3,45,245,1,1
L1L2-to-L3,45,247,1,1
L1L2-to-L3,45,248,1,1
L1L2-to-L3,45,249,1,1
L1L2-to-L3,45,250,1,1
L1L2-to-L3,45,251,1,1
L1L2-to-L3,45,253,1,1
L1L2-to-L3,46,4,1,1
L1L2-to-L3,46,15,1,1
L1L2-to-L3,46,18,1,1
L1L2-to-L3,46,19,1,1
L1L2-to-L3,46,23,1,1
L1L2-to-L3,46,25,1,1
L1L2-to-L3,46,27,1,1
L1L2-to-L3,46,28,1,1
L1L2-to-L3,46,32,1,1
L1L2-to-L3,46,33,1,1
L1L2-to-L3,46,35,1,1
L1L2-to-L3,46,36,1,1
L1L2-to-L3,46,37,1,1
L1L2-to-L3,46,38,1,1
L1L2-to-L3,46,45,1,1
L1L2-to-L3,46,46,1,1
L1L2-to-L3,46,55,1,1
L1L2-to-L3,46,57,1,1
L1L2-to-L3,46,58,1,1
L1L2-to-L3,46,59,1,1
L1L2-to-L3,46,67,1,1
L1L2-to-L3,46,71,1,1
L1L2-to-L3,46,73,1,1
L1L2-to-L3,46,74,1,1
L1L2-to-L3,46,75,1,1
L1L2-to-L3,46,77,1,1
L1L2-to-L3,46,78,1,1
L1L2-to-L3,46,81,1,1
L1L2-to-L3,46,91,1,1
L1L2-to-L3,46,94,1,1
L1L2-to-L3,46,96,1,1
L1L2-to-L3,46,97,1,1
L1L2-to-L3,46,100,1,1
L1L2-to-L3,46,104,1,1
L1L2-to-L3,46,111,1,1
L1L2-to-L3,46,113,1,1
L1L2-to-L3,46,116,1,1
L1L2-to-L3,46,119,1,1
L1L2-to-L3,46,121,1,1
L1L2-to-L3,46,123,1,1
L1L2-to-L3,46,124,1,1
L1L2-to-L3,46,125,1,1
L1L2-to-L3,46,128,1,1
L1L2-to-L3,46,132,1,1
L1L2-to-L3,46,133,1,1
L1L2-to-L3,46,134,1,1
L1L2-to-L3,46,137,1,1
L1L2-to-L3,46,139,1,1
L1L2-to-L3,46,140,1,1
L1L2-to-L3,46,143,1,1
L1L2-to-L3,46,146,1,1
L1L2-to-L3,46,148,1,1
L1L2-to-L3,46,149,1,1
L1L2-to-L3,46,150,1,1
L1L2-to-L3,46,151,1,1
L1L2-to-L3,46,152,1,1
L1L2-to-L3,46,154,1,1
L1L2-to-L3,46,156,1,1
L1L2-to-L3,46,157,1,1
L1L2-to-L3,46,161,1,1
L1L2-to-L3,46,163,1,1
L1L2-to-L3,46,164,1,1
L1L2-to-L3,46,165,1,1
L1L2-to-L3,46,167,1,1
L1L2-to-L3,46,170,1,1
L1L2-to-L3,46,171,1,1
L1L2-to-L3,46,174,1,1
L1L2-to-L3,46,175,1,1
L1L2-to-L3,46,178,1,1
L1L2-to-L3,46,179,1,1
L1L2-to-L3,46,181,1,1
L1L2-to-L3,46,182,1,1
L1L2-to-L3,46,183,1,1
L1L2-to-L3,46,185,1,1
L1L2-to-L3,46,186,1,1
L1L2-to-L3,46,190,1,1
L1L2-to-L3,46,191,1,1
L1L2-to-L3,46,192,1,1
L1L2-to-L3,46,193,1,1
L1L2-to-L3,46,194,1,1
L1L2-to-L3,46,195,1,1
L1L2-to-L3,46,197,1,1
L1L2-to-L3,46,203,1,1
L1L2-to-L3,46,204,1,1
L1L2-to-L3,46,208,1,1
L1L2-to-L3,46,209,1,1
L1L2-to-L3,46,210,1,1
L1L2-to-L3,46,213,1,1
L1L2-to-L3,46,216,1,1
L1L2-to-L3,46,217,1,1
L1L2-to-L3,46,218,1,1
L1L2-to-L3,46,219,1,1
L1L2-to-L3,46,223,1,1
L1L2-to-L3,46,225,1,1
L1L2-to-L3,46,229,1,1
L1L2-to-L3,46,232,1,1
L1L2-to-L3,46,234,1,1
L1L2-to-L3,46,238,1,1
L1L2-to-L3,46,239,1,1
L1L2-to-L3,46,241,1,1
L1L2-to-L3,46,242,1,1
L1L2-to-L3,46,244,1,1
L1L2-to-L3,46,246,1,1
L1L2-to-L3,46,250,1,1
L1L2-to-L3,46,251,1,1
L1L2-to-L3,46,252,1,1
L1L2-to-L3,46,254,1,1
L1L2-to-L3,46,255,1,1
L1L2-to-L3,47,3,1,1
L1L2-to-L3,47,17,1,1
L1L2-to-L3,47,18,1,1
L1L2-to-L3,47,19,1,1
L1L2-to-L3,47,20,1,1
L1L2-to-L3,47,22,1,1
L1L2-to-L3,47,24,1,1
L1L2-to-L3,47,25,1,1
L1L2-to-L3,47,26,1,1
L1L2-to-L3,47,29,1,1
L1L2-to-L3,47,31,1,1
L1L2-to-L3,47,35,1,1
L1L2-to-L3,47,38,1,1
L1L2-to-L3,47,42,1,1
L1L2-to-L3,47,44,1,1
L1L2-to-L3,47,53,1,1
L1L2-to-L3,47,61,1,1
L1L2-to-L3,47,70,1,1
L1L2-to-L3,47,71,1,1
L1L2-to-L3,47,72,1,1
L1L2-to-L3,47,78,1,1
L1L2-to-L3,47,80,1,1
L1L2-to-L3,47,81,1,1
L1L2-to-L3,47,83,1,1
L1L2-to-L3,47,88,1,1
L1L2-to-L3,47,92,1,1
L1L2-to-L3,47,100,1,1
L1L2-to-L3,47,101,1,1
L1L2-to-L3,47,102,1,1
L1L2-to-L3,47,109,1,1
L1L2-to-L3,47,111,1,1
L1L2-to-L3,47,112,1,1
L1L2-to-L3,47,119,1,1
L1L2-to-L3,47,121,1,1
L1L2-to-L3,47,123,1,1
L1L2-to-L3,47,124,1,1
L1L2-to-L3,47,125,1,1
L1L2-to-L3,47,129,1,1
L1L2-to-L3,47,133,1,1
L1L2-to-L3,47,136,1,1
L1L2-to-L3,47,138,1,1
L1L2-to-L3,47,142,1,1
L1L2-to-L3,47,145,1,1
L1L2-to-L3,47,146,1,1
L1L2-to-L3,47,147,1,1
L1L2-to-L3,47,148,1,1
L1L2-to-L3,47,149,1,1
L1L2-to-L3,47,154,1,1
L1L2-to-L3,47,155,1,1
L1L2-to-L3,47,161,1,1
L1L2-to-L3,47,163,1,1
L1L2-to-L3,47,169,1,1
L1L2-to-L3,47,172,1,1
L1L2-to-L3,47,174,1,1
L1L2-to-L3,47,178,1,1
L1L2-to-L3,47,180,1,1
L1L2-to-L3,47,182,1,1
L1L2-to-L3,47,186,1,1
L1L2-to-L3,47,187,1,1
L1L2-to-L3,47,191,1,1
L1L2-to-L3,47,192,1,1
L1L2-to-L3,47,193,1,1
L1L2-to-L3,47,196,1,1
L1L2-to-L3,47,199,1,1
L1L2-to-L3,47,201,1,1
L1L2-to-L3,47,202,1,1
L1L2-to-L3,47,204,1,1
L1L2-to-L3,47,212,1,1
L1L2-to-L3,47,216,1,1
L1L2-to-L3,47,221,1,1
L1L2-to-L3,47,222,1,1
L1L2-to-L3,47,224,1,1
L1L2-to-L3,47,225,1,1
L1L2-to-L3,47,226,1,1
L1L2-to-L3,47,231,1,1
L1L2-to-L3,47,232,1,1
L1L2-to-L3,47,235,1,1
L1L2-to-L3,47,237,1,1
L1L2-to-L3,47,241,1,1
L1L2-to-L3,47,242,1,1
L1L2-to-L3,47,244,1,1
L1L2-to-L3,47,246,1,1
L1L2-to-L3,47,249,1,1
L1L2-to-L3,47,250,1,1
L1L2-to-L3,48,0,1,1
L1L2-to-L3,48,5,1,1
L1L2-to-L3,48,6,1,1
L1L2-to-L3,48,7,1,1
L1L2-to-L3,48,8,1,1
L1L2-to-L3,48,10,1,1
L1L2-to-L3,48,13,1,1
L1L2-to-L3,48,15,1,1
L1L2-to-L3,48,27,1,1
L1L2-to-L3,48,28,1,1
L1L2-to-L3,48,30,1,1
L1L2-to-L3,48,31,1,1
L1L2-to-L3,48,32,1,1
L1L2-to-L3,48,37,1,1
L1L2-to-L3,48,41,1,1
L1L2-to-L3,48,43,1,1
L1L2-to-L3,48,45,1,1
L1L2-to-L3,48,48,1,1
L1L2-to-L3,48,49,1,1
L1L2-to-L3,48,52,1,1
L1L2-to-L3,48,53,1,1
L1L2-to-L3,48,54,1,1
L1L2-to-L3,48,55,1,1
L1L2-to-L3,48,60,1,1
L1L2-to-L3,48,65,1,1
L1L2-to-L3,48,67,1,1
L1L2-to-L3,48,69,1,1
L1L2-to-L3,48,71,1,1
L1L2-to-L3,48,72,1,1
L1L2-to-L3,48,74,1,1
L1L2-to-L3,48,76,1,1
L1L2-to-L3,48,77,1,1
L1L2-to-L3,48,81,1,1
L1L2-to-L3,48,83,1,1
L1L2-to-L3,48,84,1,1
L1L2-to-L3,48,89,1,1
L1L2-to-L3,48,92,1,1
L1L2-to-L3,48,95,1,1
L1L2-to-L3,48,99,1,1
L1L2-to-L3,48,100,1,1
L1L2-to-L3,48,101,1,1
L1L2-to-L3,48,105,1,1
L1L2-to-L3,48,110,1,1
L1L2-to-L3,48,112,1,1
L1L2-to-L3,48,113,1,1
L1L2-to-L3,48,116,1,1
L1L2-to-L3,48,117,1,1
L1L2-to-L3,48,120,1,1
L1L2-to-L3,48,121,1,1
L1L2-to-L3,48,127,1,1
L1L2-to-L3,48,130,1,1
L1L2-to-L3,48,137,1,1
L1L2-to-L3,48,138,1,1
L1L2-to-L3,48,139,1,1
L1L2-to-L3,48,140,1,1
L1L2-to-L3,48,143,1,1
L1L2-to-L3,48,144,1,1
L1L2-to-L3,48,152,1,1
L1L2-to-L3,48,155,1,1
L1L2-to-L3,48,156,1,1
L1L2-to-L3,48,157,1,1
L1L2-to-L3,48,160,1,1
L1L2-to-L3,48,162,1,1
L1L2-to-L3,48,164,1,1
L1L2-to-L3,48,170,1,1
L1L2-to-L3,48,172,1,1
L1L2-to-L3,48,173,1,1
L1L2-to-L3,48,178,1,1
L1L2-to-L3,48,179,1,1
L1L2-to-L3,48,180,1,1
L1L2-to-L3,48,181,1,1
L1L2-to-L3,48,182,1,1
L1L2-to-L3,48,183,1,1
L1L2-to-L3,48,185,1,1
L1L2-to-L3,48,187,1,1
L1L2-to-L3,48,188,1,1
L1L2-to-L3,48,190,1,1
L1L2-to-L3,48,191,1,1
L1L2-to-L3,48,192,1,1
L1L2-to-L3,48,194,1,1
L1L2-to-L3,48,196,1,1
L1L2-to-L3,48,203,1,1
L1L2-to-L3,48,204,1,1
L1L2-to-L3,48,205,1,1
L1L2-to-L3,48,209,1,1
L1L2-to-L3,48,210,1,1
L1L2-to-L3,48,212,1,1
L1L2-to-L3,48,214,1,1
L1L2-to-L3,48,215,1,1
L1L2-to-L3,48,216,1,1
L1L2-to-L3,48,218,1,1
L1L2-to-L3,48,220,1,1
L1L2-to-L3,48,221,1,1
L1L2-to-L3,48,223,1,1
L1L2-to-L3,48,225,1,1
L1L2-to-L3,48,226,1,1
L1L2-to-L3,48,229,1,1
L1L2-to-L3,48,230,1,1
L1L2-to-L3,48,231,1,1
L1L2-to-L3,48,233,1,1
L1L2-to-L3,48,236,1,1
L1L2-to-L3,48,237,1,1
L1L2-to-L3,48,239,1,1
L1L2-to-L3,48,247,1,1
L1L2-to-L3,48,248,1,1
L1L2-to-L3,48,249,1,1
L1L2-to-L3,48,251,1,1
L1L2-to-L3,48,255,1,1
L1L2-to-L3,49,2,1,1
L1L2-to-L3,49,4,1,1
L1L2-to-L3,49,11,1,1
L1L2-to-L3,49,17,1,1
L1L2-to-L3,49,22,1,1
L1L2-to-L3,49,26,1,1
L1L2-to-L3,49,29,1,1
L1L2-to-L3,49,32,1,1
L1L2-to-L3,49,33,1,1
L1L2-to-L3,49,37,1,1
L1L2-to-L3,49,38,1,1
L1L2-to-L3,49,43,1,1
L1L2-to-L3,49,49,1,1
L1L2-to-L3,49,50,1,1
L1L2-to-L3,49,60,1,1
L1L2-to-L3,49,61,1,1
L1L2-to-L3,49,63,1,1
L1L2-to-L3,49,72,1,1
L1L2-to-L3,49,76,1,1
L1L2-to-L3,49,78,1,1
L1L2-to-L3,49,82,1,1
L1L2-to-L3,49,84,1,1
L1L2-to-L3,49,85,1,1
L1L2-to-L3,49,86,1,1
L1L2-to-L3,49,89,1,1
L1L2-to-L3,49,91,1,1
L1L2-to-L3,49,92,1,1
L1L2-to-L3,49,96,1,1
L1L2-to-L3,49,97,1,1
L1L2-to-L3,49,101,1,1
L1L2-to-L3,49,105,1,1
L1L2-to-L3,49,107,1,1
L1L2-to-L3,49,108,1,1
L1L2-to-L3,49,111,1,1
L1L2-to-L3,49,112,1,1
L1L2-to-L3,49,113,1,1
L1L2-to-L3,49,120,1,1
L1L2-to-L3,49,123,1,1
L1L2-to-L3,49,129,1,1
L1L2-to-L3,49,132,1,1
L1L2-to-L3,49,134,1,1
L1L2-to-L3,49,141,1,1
L1L2-to-L3,49,144,1,1
L1L2-to-L3,49,146,1,1
L1L2-to-L3,49,151,1,1
L1L2-to-L3,49,158,1,1
L1L2-to-L3,49,160,1,1
L1L2-to-L3,49,161,1,1
L1L2-to-L3,49,162,1,1
L1L2-to-L3,49,164,1,1
L1L2-to-L3,49,165,1,1
L1L2-to-L3,49,166,1,1
L1L2-to-L3,49,175,1,1
L1L2-to-L3,49,177,1,1
L1L2-to-L3,49,182,1,1
L1L2-to-L3,49,185,1,1
L1L2-to-L3,49,189,1,1
L1L2-to-L3,49,190,1,1
L1L2-to-L3,49,192,1,1
L1L2-to-L3,49,194,1,1
L1L2-to-L3,49,196,1,1
L1L2-to-L3,49,197,1,1
L1L2-to-L3,49,200,1,1
L1L2-to-L3,49,202,1,1
L1L2-to-L3,49,207,1,1
L1L2-to-L3,49,212,1,1
L1L2-to-L3,49,213,1,1
L1L2-to-L3,49,214,1,1
L1L2-to-L3,49,216,1,1
L1L2-to-L3,49,220,1,1
L1L2-to-L3,49,222,1,1
L1L2-to-L3,49,225,1,1
L1L2-to-L3,49,229,1,1
L1L2-to-L3,49,233,1,1
L1L2-to-L3,49,237,1,1
L1L2-to-L3,49,239,1,1
L1L2-to-L3,49,242,1,1
L1L2-to-L3,49,246,1,1
L1L2-to-L3,49,247,1,1
L1L2-to-L3,49,252,1,1
L1L2-to-L3,49,253,1,1
L1L2-to-L3,49,254,1,1
L1L2-to-L3,50,2,1,1
L1L2-to-L3,50,3,1,1
L1L2-to-L3,50,7,1,1
L1L2-to-L3,50,10,1,1
L1L2-to-L3,50,11,1,1
L1L2-to-L3,50,12,1,1
L1L2-to-L3,50,22,1,1
L1L2-to-L3,50,29,1,1
L1L2-to-L3,50,38,1,1
L1L2-to-L3,50,40,1,1
L1L2-to-L3,50,42,1,1
L1L2-to-L3,50,51,1,1
L1L2-to-L3,50,54,1,1
L1L2-to-L3,50,55,1,1
L1L2-to-L3,50,64,1,1
L1L2-to-L3,50,65,1,1
L1L2-to-L3,50,67,1,1
L1L2-to-L3,50,72,1,1
L1L2-to-L3,50,83,1,1
L1L2-to-L3,50,84,1,1
L1L2-to-L3,50,87,1,1
L1L2-to-L3,50,91,1,1
L1L2-to-L3,50,101,1,1
L1L2-to-L3,50,102,1,1
L1L2-to-L3,50,103,1,1
L1L2-to-L3,50,105,1,1
L1L2-to-L3,50,107,1,1
L1L2-to-L3,50,109,1,1
L1L2-to-L3,50,110,1,1
L1L2-to-L3,50,116,1,1
L1L2-to-L3,50,120,1,1
L1L2-to-L3,50,123,1,1
L1L2-to-L3,50,124,1,1
L1L2-to-L3,50,136,1,1
L1L2-to-L3,50,139,1,1
L1L2-to-L3,50,140,1,1
L1L2-to-L3,50,141,1,1
L1L2-to-L3,50,142,1,1
L1L2-to-L3,50,146,1,1
L1L2-to-L3,50,148,1,1
L1L2-to-L3,50,149,1,1
L1L2-to-L3,50,150,1,1
L1L2-to-L3,50,151,1,1
L1L2-to-L3,50,155,1,1
L1L2-to-L3,50,157,1,1
L1L2-to-L3,50,158,1,1
L1L2-to-L3,50,160,1,1
L1L2-to-L3,50,170,1,1
L1L2-to-L3,50,171,1,1
L1L2-to-L3,50,172,1,1
L1L2-to-L3,50,173,1,1
L1L2-to-L3,50,176,1,1
L1L2-to-L3,50,178,1,1
L1L2-to-L3,50,180,1,1
L1L2-to-L3,50,183,1,1
L1L2-to-L3,50,184,1,1
L1L2-to-L3,50,185,1,1
L1L2-to-L3,50,186,1,1
L1L2-to-L3,50,188,1,1
L1L2-to-L3,50,190,1,1
L1L2-to-L3,50,191,1,1
L1L2-to-L3,50,194,1,1
L1L2-to-L3,50,195,1,1
L1L2-to-L3,50,196,1,1
L1L2-to-L3,50,198,1,1
L1L2-to-L3,50,200,1,1
L1L2-to-L3,50,202,1,1
L1L2-to-L3,50,206,1,1
L1L2-to-L3,50,207,1,1
L1L2-to-L3,50,215,1,1
L1L2-to-L3,50,217,1,1
L1L2-to-L3,50,219,1,1
L1L2-to-L3,50,221,1,1
L1L2-to-L3,50,222,1,1
L1L2-to-L3,50,230,1,1
L1L2-to-L3,50,231,1,1
L1L2-to-L3,50,234,1,1
L1L2-to-L3,50,235,1,1
L1L2-to-L3,50,239,1,1
L1L2-to-L3,50,241,1,1
L1L2-to-L3,50,243,1,1
L1L2-to-L3,50,244,1,1
L1L2-to-L3,50,245,1,1
L1L2-to-L3,50,247,1,1
L1L2-to-L3,50,248,1,1
L1L2-to-L3,50,252,1,1
L1L2-to-L3,50,253,1,1
L1L2-to-L3,51,2,1,1
L1L2-to-L3,51,7,1,1
L1L2-to-L3,51,30,1,1
L1L2-to-L3,51,31,1,1
L1L2-to-L3,51,40,1,1
L1L2-to-L3,51,49,1,1
L1L2-to-L3,51,59,1,1
L1L2-to-L3,51,78,1,1
L1L2-to-L3,51,80,1,1
L1L2-to-L3,51,83,1,1
L1L2-to-L3,51,84,1,1
L1L2-to-L3,51,86,1,1
L1L2-to-L3,51,91,1,1
L1L2-to-L3,51,104,1,1
L1L2-to-L3,51,108,1,1
L1L2-to-L3,51,111,1,1
L1L2-to-L3,51,116,1,1
L1L2-to-L3,51,117,1,1
L1L2-to-L3,51,129,1,1
L1L2-to-L3,51,136,1,1
L1L2-to-L3,51,138,1,1
L1L2-to-L3,51,139,1,1
L1L2-to-L3,51,140,1,1
L1L2-to-L3,51,141,1,1
L1L2-to-L3,51,142,1,1
L1L2-to-L3,51,143,1,1
L1L2-to-L3,51,145,1,1
L1L2-to-L3,51,151,1,1
L1L2-to-L3,51,152,1,1
L1L2-to-L3,51,153,1,1
L1L2-to-L3,51,155,1,1
L1L2-to-L3,51,156,1,1
L1L2-to-L3,51,157,1,1
L1L2-to-L3,51,159,1,1
L1L2-to-L3,51,160,1,1
L1L2-to-L3,51,161,1,1
L1L2-to-L3,51,166,1,1
L1L2-to-L3,51,170,1,1
L1L2-to-L3,51,172,1,1
L1L2-to-L3,51,173,1,1
L1L2-to-L3,51,175,1,1
L1L2-to-L3,51,177,1,1
L1L2-to-L3,51,178,1,1
L1L2-to-L3,51,185,1,1
L1L2-to-L3,51,188,1,1
L1L2-to-L3,51,190,1,1
L1L2-to-L3,51,195,1,1
L1L2-to-L3,51,200,1,1
L1L2-to-L3,51,205,1,1
L1L2-to-L3,51,207,1,1
L1L2-to-L3,51,213,1,1
L1L2-to-L3,51,217,1,1
L1L2-to-L3,51,218,1,1
L1L2-to-L3,51,227,1,1
L1L2-to-L3,51,230,1,1
L1L2-to-L3,51,231,1,1
L1L2-to-L3,51,232,1,1
L1L2-to-L3,51,233,1,1
L1L2-to-L3,51,236,1,1
L1L2-to-L3,51,241,1,1
L1L2-to-L3,51,245,1,1
L1L2-to-L3,51,251,1,1
L1L2-to-L3,51,252,1,1
L1L2-to-L3,51,253,1,1
L1L2-to-L3,51,254,1,1
L1L2-to-L3,52,2,1,1
L1L2-to-L3,52,3,1,1
L1L2-to-L3,52,4,1,1
L1L2-to-L3,52,8,1,1
L1L2-to-L3,52,10,1,1
L1L2-to-L3,52,11,1,1
L1L2-to-L3,52,12,1,1
L1L2-to-L3,52,22,1,1
L1L2-to-L3,52,26,1,1
L1L2-to-L3,52,27,1,1
L1L2-to-L3,52,29,1,1
L1L2-to-L3,52,32,1,1
L1L2-to-L3,52,35,1,1
L1L2-to-L3,52,38,1,1
L1L2-to-L3,52,42,1,1
L1L2-to-L3,52,46,1,1
L1L2-to-L3,52,47,1,1
L1L2-to-L3,52,49,1,1
L1L2-to-L3,52,53,1,1
L1L2-to-L3,52,55,1,1
L1L2-to-L3,52,57,1,1
L1L2-to-L3,52,60,1,1
L1L2-to-L3,52,61,1,1
L1L2-to-L3,52,66,1,1
L1L2-to-L3,52,68,1,1
L1L2-to-L3,52,69,1,1
L1L2-to-L3,52,70,1,1
L1L2-to-L3,52,73,1,1
L1L2-to-L3,52,75,1,1
L1L2-to-L3,52,76,1,1
L1L2-to-L3,52,86,1,1
L1L2-to-L3,52,87,1,1
L1L2-to-L3,52,89,1,1
L1L2-to-L3,52,94,1,1
L1L2-to-L3,52,95,1,1
L1L2-to-L3,52,103,1,1
L1L2-to-L3,52,104,1,1
L1L2-to-L3,52,107,1,1
L1L2-to-L3,52,109,1,1
L1L2-to-L3,52,110,1,1
L1L2-to-L3,52,113,1,1
L1L2-to-L3,52,116,1,1
L1L2-to-L3,52,117,1,1
L1L2-to-L3,52,118,1,1
L1L2-to-L3,52,119,1,1
L1L2-to-L3,52,120,1,1
L1L2-to-L3,52,127,1,1
L1L2-to-L3,52,128,1,1
L1L2-to-L3,52,136,1,1
L1L2-to-L3,52,138,1,1
L1L2-to-L3,52,139,1,1
L1L2-to-L3,52,141,1,1
L1L2-to-L3,52,144,1,1
L1L2-to-L3,52,147,1,1
L1L2-to-L3,52,149,1,1
L1L2-to-L3,52,152,1,1
L1L2-to-L3,52,156,1,1
L1L2-to-L3,52,157,1,1
L1L2-to-L3,52,161,1,1
L1L2-to-L3,52,163,1,1
L1L2-to-L3,52,167,1,1
L1L2-to-L3,52,172,1,1
L1L2-to-L3,52,173,1,1
L1L2-to-L3,52,176,1,1
L1L2-to-L3,52,177,1,1
L1L2-to-L3,52,178,1,1
L1L2-to-L3,52,179,1,1
L1L2-to-L3,52,181,1,1
L1L2-to-L3,52,182,1,1
L1L2-to-L3,52,186,1,1
L1L2-to-L3,52,187,1,1
L1L2-to-L3,52,188,1,1
L1L2-to-L3,52,189,1,1
L1L2-to-L3,52,190,1,1
L1L2-to-L3,52,193,1,1
L1L2-to-L3,52,198,1,1
L1L2-to-L3,52,199,1,1
L1L2-to-L3,52,201,1,1
L1L2-to-L3,52,204,1,1
L1L2-to-L3,52,206,1,1
L1L2-to-L3,52,207,1,1
L1L2-to-L3,52,210,1,1
L1L2-to-L3,52,211,1,1
L1L2-to-L3,52,212,1,1
L1L2-to-L3,52,214,1,1
L1L2-to-L3,52,215,1,1
L1L2-to-L3,52,218,1,1
L1L2-to-L3,52,219,1,1
L1L2-to-L3,52,221,1,1
L1L2-to-L3,52,222,1,1
L1L2-to-L3,52,223,1,1
L1L2-to-L3,52,225,1,1
L1L2-to-L3,52,231,1,1
L1L2-to-L3,52,234,1,1
L1L2-to-L3,52,235,1,1
L1L2-to-L3,52,236,1,1
L1L2-to-L3,52,237,1,1
L1L2-to-L3,52,238,1,1
L1L2-to-L3,52,239,1,1
L1L2-to-L3,52,240,1,1
L1L2-to-L3,52,241,1,1
L1L2-to-L3,52,242,1,1
L1L2-to-L3,52,244,1,1
L1L2-to-L3,52,249,1,1
L1L2-to-L3,52,250,1,1
L1L2-to-L3,52,251,1,1
L1L2-to-L3,52,255,1,1
L1L2-to-L3,53,2,1,1
L1L2-to-L3,53,5,1,1
L1L2-to-L3,53,8,1,1
L1L2-to-L3,53,13,1,1
L1L2-to-L3,53,15,1,1
L1L2-to-L3,53,19,1,1
L1L2-to-L3,53,21,1,1
L1L2-to-L3,53,23,1,1
L1L2-to-L3,53,24,1,1
L1L2-to-L3,53,28,1,1
L1L2-to-L3,53,29,1,1
L1L2-to-L3,53,32,1,1
L1L2-to-L3,53,34,1,1
L1L2-to-L3,53,39,1,1
L1L2-to-L3,53,40,1,1
L1L2-to-L3,53,44,1,1
L1L2-to-L3,53,46,1,1
L1L2-to-L3,53,51,1,1
L1L2-to-L3,53,56,1,1
L1L2-to-L3,53,57,1,1
L1L2-to-L3,53,59,1,1
L1L2-to-L3,53,63,1,1
L1L2-to-L3,53,65,1,1
L1L2-to-L3,53,67,1,1
L1L2-to-L3,53,71,1,1
L1L2-to-L3,53,78,1,1
L1L2-to-L3,53,80,1,1
L1L2-to-L3,53,82,1,1
L1L2-to-L3,53,83,1,1
L1L2-to-L3,53,86,1,1
L1L2-to-L3,53,90,1,1
L1L2-to-L3,53,91,1,1
L1L2-to-L3,53,93,1,1
L1L2-to-L3,53,94,1,1
L1L2-to-L3,53,96,1,1
L1L2-to-L3,53,98,1,1
L1L2-to-L3,53,100,1,1
L1L2-to-L3,53,101,1,1
L1L2-to-L3,53,102,1,1
L1L2-to-L3,53,108,1,1
L1L2-to-L3,53,112,1,1
L1L2-to-L3,53,113,1,1
L1L2-to-L3,53,114,1,1
L1L2-to-L3,53,115,1,1
L1L2-to-L3,53,117,1,1
L1L2-to-L3,53,118,1,1
L1L2-to-L3,53,119,1,1
L1L2-to-L3,53,122,1,1
L1L2-to-L3,53,123,1,1
L1L2-to-L3,53,124,1,1
L1L2-to-L3,53,126,1,1
L1L2-to-L3,53,128,1,1
L1L2-to-L3,53,135,1,1
L1L2-to-L3,53,139,1,1
L1L2-to-L3,53,141,1,1
L1L2-to-L3,53,143,1,1
L1L2-to-L3,53,146,1,1
L1L2-to-L3,53,149,1,1
L1L2-to-L3,53,151,1,1
L1L2-to-L3,53,153,1,1
L1L2-to-L3,53,157,1,1
L1L2-to-L3,53,158,1,1
L1L2-to-L3,53,159,1,1
L1L2-to-L3,53,162,1,1
L1L2-to-L3,53,165,1,1
L1L2-to-L3,53,166,1,1
L1L2-to-L3,53,167,1,1
L1L2-to-L3,53,170,1,1
L1L2-to-L3,53,173,1,1
L1L2-to-L3,53,175,1,1
L1L2-to-L3,53,178,1,1
L1L2-to-L3,53,179,1,1
L1L2-to-L3,53,183,1,1
L1L2-to-L3,53,188,1,1
L1L2-to-L3,53,189,1,1
L1L2-to-L3,53,196,1,1
L1L2-to-L3,53,198,1,1
L1L2-to-L3,53,199,1,1
L1L2-to-L3,53,200,1,1
L1L2-to-L3,53,201,1,1
L1L2-to-L3,53,202,1,1
L1L2-to-L3,53,204,1,1
L1L2-to-L3,53,207,1,1
L1L2-to-L3,53,208,1,1
L1L2-to-L3,53,209,1,1
L1L2-to-L3,53,210,1,1
L1L2-to-L3,53,214,1,1
L1L2-to-L3,53,215,1,1
L1L2-to-L3,53,216,1,1
L1L2-to-L3,53,218,1,1
L1L2-to-L3,53,219,1,1
L1L2-to-L3,53,220,1,1
L1L2-to-L3,53,221,1,1
L1L2-to-L3,53,223,1,1
L1L2-to-L3,53,225,1,1
L1L2-to-L3,53,227,1,1
L1L2-to-L3,53,228,1,1
L1L2-to-L3,53,231,1,1
L1L2-to-L3,53,234,1,1
L1L2-to-L3,53,236,1,1
L1L2-to-L3,53,237,1,1
L1L2-to-L3,53,238,1,1
L1L2-to-L3,53,239,1,1
L1L2-to-L3,53,244,1,1
L1L2-to-L3,53,247,1,1
L1L2-to-L3,53,250,1,1
L1L2-to-L3,53,251,1,1
L1L2-to-L3,53,252,1,1
L1L2-to-L3,53,254,1,1
L1L2-to-L3,53,255,1,1
L1L2-to-L3,54,6,1,1
L1L2-to-L3,54,7,1,1
L1L2-to-L3,54,19,1,1
L1L2-to-L3,54,25,1,1
L1L2-to-L3,54,26,1,1
L1L2-to-L3,54,31,1,1
L1L2-to-L3,54,32,1,1
L1L2-to-L3,54,33,1,1
L1L2-to-L3,54,35,1,1
L1L2-to-L3,54,37,1,1
L1L2-to-L3,54,43,1,1
L1L2-to-L3,54,45,1,1
L1L2-to-L3,54,48,1,1
L1L2-to-L3,54,49,1,1
L1L2-to-L3,54,50,1,1
L1L2-to-L3,54,53,1,1
L1L2-to-L3,54,55,1,1
L1L2-to-L3,54,57,1,1
L1L2-to-L3,54,60,1,1
L1L2-to-L3,54,62,1,1
L1L2-to-L3,54,64,1,1
L1L2-to-L3,54,65,1,1
L1L2-to-L3,54,70,1,1
L1L2-to-L3,54,73,1,1
L1L2-to-L3,54,84,1,1
L1L2-to-L3,54,87,1,1
L1L2-to-L3,54,88,1,1
L1L2-to-L3,54,89,1,1
L1L2-to-L3,54,92,1,1
L1L2-to-L3,54,98,1,1
L1L2-to-L3,54,99,1,1
L1L2-to-L3,54,101,1,1
L1L2-to-L3,54,117,1,1
L1L2-to-L3,54,121,1,1
L1L2-to-L3,54,126,1,1
L1L2-to-L3,54,127,1,1
L1L2-to-L3,54,128,1,1
L1L2-to-L3,54,132,1,1
L1L2-to-L3,54,135,1,1
L1L2-to-L3,54,137,1,1
L1L2-to-L3,54,138,1,1
L1L2-to-L3,54,139,1,1
L1L2-to-L3,54,145,1,1
L1L2-to-L3,54,146,1,1
L1L2-to-L3,54,152,1,1
L1L2-to-L3,54,155,1,1
L1L2-to-L3,54,159,1,1
L1L2-to-L3,54,161,1,1
L1L2-to-L3,54,167,1,1
L1L2-to-L3,54,173,1,1
L1L2-to-L3,54,177,1,1
L1L2-to-L3,54,178,1,1
L1L2-to-L3,54,179,1,1
L1L2-to-L3,54,183,1,1
L1L2-to-L3,54,186,1,1
L1L2-to-L3,54,187,1,1
L1L2-to-L3,54,189,1,1
L1L2-to-L3,54,195,1,1
L1L2-to-L3,54,197,1,1
L1L2-to-L3,54,199,1,1
L1L2-to-L3,54,200,1,1
L1L2-to-L3,54,201,1,1
L1L2-to-L3,54,203,1,1
L1L2-to-L3,54,204,1,1
L1L2-to-L3,54,207,1,1
L1L2-to-L3,54,208,1,1
L1L2-to-L3,54,210,1,1
L1L2-to-L3,54,212,1,1
L1L2-to-L3,54,215,1,1
L1L2-to-L3,54,216,1,1
L1L2-to-L3,54,217,1,1
L1L2-to-L3,54,222,1,1
L1L2-to-L3,54,226,1,1
L1L2-to-L3,54,229,1,1
L1L2-to-L3,54,230,1,1
L1L2-to-L3,54,231,1,1
L1L2-to-L3,54,232,1,1
L1L2-to-L3,54,235,1,1
L1L2-to-L3,54,244,1,1
L1L2-to-L3,54,245,1,1
L1L2-to-L3,54,250,1,1
L1L2-to-L3,55,2,1,1
L1L2-to-L3,55,3,1,1
L1L2-to-L3,55,7,1,1
L1L2-to-L3,55,9,1,1
L1L2-to-L3,55,10,1,1
L1L2-to-L3,55,11,1,1
L1L2-to-L3,55,12,1,1
L1L2-to-L3,55,14,1,1
L1L2-to-L3,55,15,1,1
L1L2-to-L3,55,26,1,1
L1L2-to-L3,55,37,1,1
L1L2-to-L3,55,39,1,1
L1L2-to-L3,55,41,1,1
L1L2-to-L3,55,45,1,1
L1L2-to-L3,55,46,1,1
L1L2-to-L3,55,48,1,1
L1L2-to-L3,55,50,1,1
L1L2-to-L3,55,52,1,1
L1L2-to-L3,55,55,1,1
L1L2-to-L3,55,56,1,1
L1L2-to-L3,55,58,1,1
L1L2-to-L3,55,59,1,1
L1L2-to-L3,55,60,1,1
L1L2-to-L3,55,67,1,1
L1L2-to-L3,55,68,1,1
L1L2-to-L3,55,70,1,1
L1L2-to-L3,55,71,1,1
L1L2-to-L3,55,75,1,1
L1L2-to-L3,55,76,1,1
L1L2-to-L3,55,79,1,1
L1L2-to-L3,55,81,1,1
L1L2-to-L3,55,82,1,1
L1L2-to-L3,55,84,1,1
L1L2-to-L3,55,85,1,1
L1L2-to-L3,55,88,1,1
L1L2-to-L3,55,89,1,1
L1L2-to-L3,55,90,1,1
L1L2-to-L3,55,93,1,1
L1L2-to-L3,55,96,1,1
L1L2-to-L3,55,97,1,1
L1L2-to-L3,55,101,1,1
L1L2-to-L3,55,104,1,1
L1L2-to-L3,55,106,1,1
L1L2-to-L3,55,108,1,1
L1L2-to-L3,55,110,1,1
L1L2-to-L3,55,116,1,1
L1L2-to-L3,55,125,1,1
L1L2-to-L3,55,126,1,1
L1L2-to-L3,55,127,1,1
L1L2-to-L3,55,128,1,1
L1L2-to-L3,55,129,1,1
L1L2-to-L3,55,130,1,1
L1L2-to-L3,55,132,1,1
L1L2-to-L3,55,134,1,1
L1L2-to-L3,55,137,1,1
L1L2-to-L3,55,138,1,1
L1L2-to-L3,55,140,1,1
L1L2-to-L3,55,144,1,1
L1L2-to-L3,55,145,1,1
L1L2-to-L3,55,147,1,1
L1L2-to-L3,55,148,1,1
L1L2-to-L3,55,153,1,1
L1L2-to-L3,55,162,1,1
L1L2-to-L3,55,164,1,1
L1L2-to-L3,55,167,1,1
L1L2-to-L3,55,169,1,1
L1L2-to-L3,55,170,1,1
L1L2-to-L3,55,172,1,1
L1L2-to-L3,55,173,1,1
L1L2-to-L3,55,174,1,1
L1L2-to-L3,55,176,1,1
L1L2-to-L3,55,179,1,1
L1L2-to-L3,55,189,1,1
L1L2-to-L3,55,194,1,1
L1L2-to-L3,55,198,1,1
L1L2-to-L3,55,201,1,1
L1L2-to-L3,55,205,1,1
L1L2-to-L3,55,207,1,1
L1L2-to-L3,55,208,1,1
L1L2-to-L3,55,211,1,1
L1L2-to-L3,55,212,1,1
L1L2-to-L3,55,215,1,1
L1L2-to-L3,55,216,1,1
L1L2-to-L3,55,217,1,1
L1L2-to-L3,55,218,1,1
L1L2-to-L3,55,219,1,1
L1L2-to-L3,55,222,1,1
L1L2-to-L3,55,223,1,1
L1L2-to-L3,55,231,1,1
L1L2-to-L3,55,232,1,1
L1L2-to-L3,55,234,1,1
L1L2-to-L3,55,238,1,1
L1L2-to-L3,55,242,1,1
L1L2-to-L3,55,245,1,1
L1L2-to-L3,55,246,1,1
L1L2-to-L3,55,249,1,1
L1L2-to-L3,55,250,1,1
L1L2-to-L3,55,251,1,1
L1L2-to-L3,55,254,1,1
L1L2-to-L3,56,2,1,1
L1L2-to-L3,56,15,1,1
L1L2-to-L3,56,17,1,1
L1L2-to-L3,56,19,1,1
L1L2-to-L3,56,24,1,1
L1L2-to-L3,56,30,1,1
L1L2-to-L3,56,34,1,1
L1L2-to-L3,56,42,1,1
L1L2-to-L3,56,43,1,1
L1L2-to-L3,56,69,1,1
L1L2-to-L3,56,79,1,1
L1L2-to-L3,56,87,1,1
L1L2-to-L3,56,95,1,1
L1L2-to-L3,56,97,1,1
L1L2-to-L3,56,107,1,1
L1L2-to-L3,56,114,1,1
L1L2-to-L3,56,117,1,1
L1L2-to-L3,56,120,1,1
L1L2-to-L3,56,130,1,1
L1L2-to-L3,56,134,1,1
L1L2-to-L3,56,136,1,1
L1L2-to-L3,56,139,1,1
L1L2-to-L3,56,141,1,1
L1L2-to-L3,56,142,1,1
L1L2-to-L3,56,148,1,1
L1L2-to-L3,56,149,1,1
L1L2-to-L3,56,154,1,1
L1L2-to-L3,56,158,1,1
L1L2-to-L3,56,159,1,1
L1L2-to-L3,56,160,1,1
L1L2-to-L3,56,162,1,1
L1L2-to-L3,56,163,1,1
L1L2-to-L3,56,165,1,1
L1L2-to-L3,56,167,1,1
L1L2-to-L3,56,169,1,1
L1L2-to-L3,56,170,1,1
L1L2-to-L3,56,171,1,1
L1L2-to-L3,56,172,1,1
L1L2-to-L3,56,177,1,1
L1L2-to-L3,56,178,1,1
L1L2-to-L3,56,182,1,1
L1L2-to-L3,56,184,1,1
L1L2-to-L3,56,185,1,1
L1L2-to-L3,56,186,1,1
L1L2-to-L3,56,189,1,1
L1L2-to-L3,56,191,1,1
L1L2-to-L3,56,196,1,1
L1L2-to-L3,56,199,1,1
L1L2-to-L3,56,201,1,1
L1L2-to-L3,56,203,1,1
L1L2-to-L3,56,204,1,1
L1L2-to-L3,56,205,1,1
L1L2-to-L3,56,206,1,1
L1L2-to-L3,56,210,1,1
L1L2-to-L3,56,211,1,1
L1L2-to-L3,56,212,1,1
L1L2-to-L3,56,213,1,1
L1L2-to-L3,56,216,1,1
L1L2-to-L3,56,218,1,1
L1L2-to-L3,56,220,1,1
L1L2-to-L3,56,221,1,1
L1L2-to-L3,56,222,1,1
L1L2-to-L3,56,226,1,1
L1L2-to-L3,56,228,1,1
L1L2-to-L3,56,233,1,1
L1L2-to-L3,56,236,1,1
L1L2-to-L3,56,240,1,1
L1L2-to-L3,56,246,1,1
L1L2-to-L3,56,247,1,1
L1L2-to-L3,56,248,1,1
L1L2-to-L3,56,252,1,1
L1L2-to-L3,56,254,1,1
L1L2-to-L3,56,255,1,1
L1L2-to-L3,57,1,1,1
L1L2-to-L3,57,2,1,1
L1L2-to-L3,57,4,1,1
L1L2-to-L3,57,7,1,1
L1L2-to-L3,57,11,1,1
L1L2-to-L3,57,17,1,1
L1L2-to-L3,57,19,1,1
L1L2-to-L3,57,22,1,1
L1L2-to-L3,57,28,1,1
L1L2-to-L3,57,30,1,1
L1L2-to-L3,57,32,1,1
L1L2-to-L3,57,35,1,1
L1L2-to-L3,57,38,1,1
L1L2-to-L3,57,41,1,1
L1L2-to-L3,57,46,1,1
L1L2-to-L3,57,48,1,1
L1L2-to-L3,57,51,1,1
L1L2-to-L3,57,52,1,1
L1L2-to-L3,57,53,1,1
L1L2-to-L3,57,55,1,1
L1L2-to-L3,57,56,1,1
L1L2-to-L3,57,57,1,1
L1L2-to-L3,57,58,1,1
L1L2-to-L3,57,61,1,1
L1L2-to-L3,57,64,1,1
L1L2-to-L3,57,66,1,1
L1L2-to-L3,57,71,1,1
L1L2-to-L3,57,73,1,1
L1L2-to-L3,57,78,1,1
L1L2-to-L3,57,84,1,1
L1L2-to-L3,57,87,1,1
L1L2-to-L3,57,89,1,1
L1L2-to-L3,57,92,1,1
L1L2-to-L3,57,94,1,1
L1L2-to-L3,57,98,1,1
L1L2-to-L3,57,100,1,1
L1L2-to-L3,57,102,1,1
L1L2-to-L3,57,105,1,1
L1L2-to-L3,57,110,1,1
L1L2-to-L3,57,115,1,1
L1L2-to-L3,57,125,1,1
L1L2-to-L3,57,128,1,1
L1L2-to-L3,57,133,1,1
L1L2-to-L3,57,134,1,1
L1L2-to-L3,57,137,1,1
L1L2-to-L3,57,138,1,1
L1L2-to-L3,57,142,1,1
L1L2-to-L3,57,145,1,1
L1L2-to-L3,57,148,1,1
L1L2-to-L3,57,149,1,1
L1L2-to-L3,57,158,1,1
L1L2-to-L3,57,159,1,1
L1L2-to-L3,57,160,1,1
L1L2-to-L3,57,163,1,1
L1L2-to-L3,57,164,1,1
L1L2-to-L3,57,170,1,1
L1L2-to-L3,57,175,1,1
L1L2-to-L3,57,177,1,1
L1L2-to-L3,57,181,1,1
L1L2-to-L3,57,187,1,1
L1L2-to-L3,57,188,1,1
L1L2-to-L3,57,190,1,1
L1L2-to-L3,57,194,1,1
L1L2-to-L3,57,196,1,1
L1L2-to-L3,57,199,1,1
L1L2-to-L3,57,200,1,1
L1L2-to-L3,57,201,1,1
L1L2-to-L3,57,203,1,1
L1L2-to-L3,57,207,1,1
L1L2-to-L3,57,210,1,1
L1L2-to-L3,57,213,1,1
L1L2-to-L3,57,216,1,1
L1L2-to-L3,57,217,1,1
L1L2-to-L3,57,218,1,1
L1L2-to-L3,57,219,1,1
L1L2-to-L3,57,222,1,1
L1L2-to-L3,57,229,1,1
L1L2-to-L3,57,230,1,1
L1L2-to-L3,57,231,1,1
L1L2-to-L3,57,232,1,1
L1L2-to-L3,57,234,1,1
L1L2-to-L3,57,236,1,1
L1L2-to-L3,57,237,1,1
L1L2-to-L3,57,247,1,1
L1L2-to-L3,57,254,1,1
L1L2-to-L3,57,255,1,1
L1L2-to-L3,58,10,1,1
L1L2-to-L3,58,11,1,1
L1L2-to-L3,58,12,1,1
L1L2-to-L3,58,14,1,1
L1L2-to-L3,58,18,1,1
L1L2-to-L3,58,23,1,1
L1L2-to-L3,58,28,1,1
L1L2-to-L3,58,38,1,1
L1L2-to-L3,58,41,1,1
L1L2-to-L3,58,44,1,1
L1L2-to-L3,58,50,1,1
L1L2-to-L3,58,54,1,1
L1L2-to-L3,58,61,1,1
L1L2-to-L3,58,66,1,1
L1L2-to-L3,58,67,1,1
L1L2-to-L3,58,68,1,1
L1L2-to-L3,58,75,1,1
L1L2-to-L3,58,77,1,1
L1L2-to-L3,58,78,1,1
L1L2-to-L3,58,87,1,1
L1L2-to-L3,58,88,1,1
L1L2-to-L3,58,98,1,1
L1L2-to-L3,58,103,1,1
L1L2-to-L3,58,104,1,1
L1L2-to-L3,58,105,1,1
L1L2-to-L3,58,107,1,1
L1L2-to-L3,58,108,1,1
L1L2-to-L3,58,109,1,1
L1L2-to-L3,58,111,1,1
L1L2-to-L3,58,113,1,1
L1L2-to-L3,58,119,1,1
L1L2-to-L3,58,122,1,1
L1L2-to-L3,58,123,1,1
L1L2-to-L3,58,126,1,1
L1L2-to-L3,58,129,1,1
L1L2-to-L3,58,130,1,1
L1L2-to-L3,58,132,1,1
L1L2-to-L3,58,133,1,1
L1L2-to-L3,58,135,1,1
L1L2-to-L3,58,139,1,1
L1L2-to-L3,58,141,1,1
L1L2-to-L3,58,144,1,1
L1L2-to-L3,58,145,1,1
L1L2-to-L3,58,148,1,1
L1L2-to-L3,58,149,1,1
L1L2-to-L3,58,151,1,1
L1L2-to-L3,58,154,1,1
L1L2-to-L3,58,155,1,1
L1L2-to-L3,58,156,1,1
L1L2-to-L3,58,160,1,1
L1L2-to-L3,58,163,1,1
L1L2-to-L3,58,166,1,1
L1L2-to-L3,58,167,1,1
L1L2-to-L3,58,172,1,1
L1L2-to-L3,58,174,1,1
L1L2-to-L3,58,178,1,1
L1L2-to-L3,58,179,1,1
L1L2-to-L3,58,183,1,1
L1L2-to-L3,58,186,1,1
L1L2-to-L3,58,188,1,1
L1L2-to-L3,58,194,1,1
L1L2-to-L3,58,195,1,1
L1L2-to-L3,58,196,1,1
L1L2-to-L3,58,197,1,1
L1L2-to-L3,58,198,1,1
L1L2-to-L3,58,199,1,1
L1L2-to-L3,58,200,1,1
L1L2-to-L3,58,202,1,1
L1L2-to-L3,58,205,1,1
L1L2-to-L3,58,208,1,1
L1L2-to-L3,58,209,1,1
L1L2-to-L3,58,212,1,1
L1L2-to-L3,58,215,1,1
L1L2-to-L3,58,222,1,1
L1L2-to-L3,58,228,1,1
L1L2-to-L3,58,229,1,1
L1L2-to-L3,58,230,1,1
L1L2-to-L3,58,231,1,1
L1L2-to-L3,58,233,1,1
L1L2-to-L3,58,236,1,1
L1L2-to-L3,58,238,1,1
L1L2-to-L3,58,241,1,1
L1L2-to-L3,58,243,1,1
L1L2-to-L3,58,244,1,1
L1L2-to-L3,58,245,1,1
L1L2-to-L3,58,246,1,1
L1L2-to-L3,58,250,1,1
L1L2-to-L3,58,251,1,1
L1L2-to-L3,58,252,1,1
L1L2-to-L3,58,253,1,1
L1L2-to-L3,58,254,1,1
L1L2-to-L3,59,1,1,1
L1L2-to-L3,59,2,1,1
L1L2-to-L3,59,3,1,1
L1L2-to-L3,59,5,1,1
L1L2-to-L3,59,6,1,1
L1L2-to-L3,59,7,1,1
L1L2-to-L3,59,12,1,1
L1L2-to-L3,59,14,1,1
L1L2-to-L3,59,15,1,1
L1L2-to-L3,59,18,1,1
L1L2-to-L3,59,21,1,1
L1L2-to-L3,59,22,1,1
L1L2-to-L3,59,25,1,1
L1L2-to-L3,59,26,1,1
L1L2-to-L3,59,32,1,1
L1L2-to-L3,59,36,1,1
L1L2-to-L3,59,38,1,1
L1L2-to-L3,59,40,1,1
L1L2-to-L3,59,41,1,1
L1L2-to-L3,59,43,1,1
L1L2-to-L3,59,46,1,1
L1L2-to-L3,59,56,1,1
L1L2-to-L3,59,61,1,1
L1L2-to-L3,59,63,1,1
L1L2-to-L3,59,64,1,1
L1L2-to-L3,59,67,1,1
L1L2-to-L3,59,68,1,1
L1L2-to-L3,59,69,1,1
L1L2-to-L3,59,70,1,1
L1L2-to-L3,59,73,1,1
L1L2-to-L3,59,76,1,1
L1L2-to-L3,59,77,1,1
L1L2-to-L3,59,85,1,1
L1L2-to-L3,59,92,1,1
L1L2-to-L3,59,93,1,1
L1L2-to-L3,59,94,1,1
L1L2-to-L3,59,95,1,1
L1L2-to-L3,59,97,1,1
L1L2-to-L3,59,99,1,1
L1L2-to-L3,59,101,1,1
L1L2-to-L3,59,102,1,1
L1L2-to-L3,59,104,1,1
L1L2-to-L3,59,107,1,1
L1L2-to-L3,59,117,1,1
L1L2-to-L3,59,118,1,1
L1L2-to-L3,59,119,1,1
L1L2-to-L3,59,122,1,1
L1L2-to-L3,59,125,1,1
L1L2-to-L3,59,126,1,1
L1L2-to-L3,59,128,1,1
L1L2-to-L3,59,130,1,1
L1L2-to-L3,59,133,1,1
L1L2-to-L3,59,137,1,1
L1L2-to-L3,59,139,1,1
L1L2-to-L3,59,141,1,1
L1L2-to-L3,59,145,1,1
L1L2-to-L3,59,146,1,1
L1L2-to-L3,59,147,1,1
L1L2-to-L3,59,148,1,1
L1L2-to-L3,59,150,1,1
L1L2-to-L3,59,151,1,1
L1L2-to-L3,59,153,1,1
L1L2-to-L3,59,157,1,1
L1L2-to-L3,59,162,1,1
L1L2-to-L3,59,168,1,1
L1L2-to-L3,59,169,1,1
L1L2-to-L3,59,173,1,1
L1L2-to-L3,59,175,1,1
L1L2-to-L3,59,176,1,1
L1L2-to-L3,59,178,1,1
L1L2-to-L3,59,181,1,1
L1L2-to-L3,59,184,1,1
L1L2-to-L3,59,185,1,1
L1L2-to-L3,59,186,1,1
L1L2-to-L3,59,191,1,1
L1L2-to-L3,59,199,1,1
L1L2-to-L3,59,201,1,1
L1L2-to-L3,59,203,1,1
L1L2-to-L3,59,205,1,1
L1L2-to-L3,59,206,1,1
L1L2-to-L3,59,209,1,1
L1L2-to-L3,59,211,1,1
L1L2-to-L3,59,213,1,1
L1L2-to-L3,59,219,1,1
L1L2-to-L3,59,220,1,1
L1L2-to-L3,59,222,1,1
L1L2-to-L3,59,223,1,1
L1L2-to-L3,59,225,1,1
L1L2-to-L3,59,227,1,1
L1L2-to-L3,59,231,1,1
L1L2-to-L3,59,233,1,1
L1L2-to-L3,59,234,1,1
L1L2-to-L3,59,238,1,1
L1L2-to-L3,59,241,1,1
L1L2-to-L3,59,242,1,1
L1L2-to-L3,59,243,1,1
L1L2-to-L3,59,245,1,1
L1L2-to-L3,59,249,1,1
L1L2-to-L3,59,252,1,1
L1L2-to-L3,59,253,1,1
L1L2-to-L3,59,254,1,1
L1L2-to-L3,60,0,1,1
L1L2-to-L3,60,7,1,1
L1L2-to-L3,60,13,1,1
L1L2-to-L3,60,14,1,1
L1L2-to-L3,60,15,1,1
L1L2-to-L3,60,18,1,1
L1L2-to-L3,60,20,1,1
L1L2-to-L3,60,30,1,1
L1L2-to-L3,60,37,1,1
L1L2-to-L3,60,46,1,1
L1L2-to-L3,60,50,1,1
L1L2-to-L3,60,52,1,1
L1L2-to-L3,60,60,1,1
L1L2-to-L3,60,64,1,1
L1L2-to-L3,60,66,1,1
L1L2-to-L3,60,68,1,1
L1L2-to-L3,60,69,1,1
L1L2-to-L3,60,71,1,1
L1L2-to-L3,60,79,1,1
L1L2-to-L3,60,80,1,1
L1L2-to-L3,60,81,1,1
L1L2-to-L3,60,83,1,1
L1L2-to-L3,60,89,1,1
L1L2-to-L3,60,90,1,1
L1L2-to-L3,60,92,1,1
L1L2-to-L3,60,97,1,1
L1L2-to-L3,60,100,1,1
L1L2-to-L3,60,103,1,1
L1L2-to-L3,60,106,1,1
L1L2-to-L3,60,107,1,1
L1L2-to-L3,60,110,1,1
L1L2-to-L3,60,111,1,1
L1L2-to-L3,60,114,1,1
L1L2-to-L3,60,119,1,1
L1L2-to-L3,60,121,1,1
L1L2-to-L3,60,122,1,1
L1L2-to-L3,60,123,1,1
L1L2-to-L3,60,126,1,1
L1L2-to-L3,60,129,1,1
L1L2-to-L3,60,137,1,1
L1L2-to-L3,60,138,1,1
L1L2-to-L3,60,139,1,1
L1L2-to-L3,60,141,1,1
L1L2-to-L3,60,143,1,1
L1L2-to-L3,60,148,1,1
L1L2-to-L3,60,149,1,1
L1L2-to-L3,60,157,1,1
L1L2-to-L3,60,161,1,1
L1L2-to-L3,60,168,1,1
L1L2-to-L3,60,172,1,1
L1L2-to-L3,60,176,1,1
L1L2-to-L3,60,179,1,1
L1L2-to-L3,60,181,1,1
L1L2-to-L3,60,186,1,1
L1L2-to-L3,60,189,1,1
L1L2-to-L3,60,190,1,1
L1L2-to-L3,60,193,1,1
L1L2-to-L3,60,194,1,1
L1L2-to-L3,60,196,1,1
L1L2-to-L3,60,199,1,1
L1L2-to-L3,60,201,1,1
L1L2-to-L3,60,203,1,1
L1L2-to-L3,60,204,1,1
L1L2-to-L3,60,205,1,1
L1L2-to-L3,60,209,1,1
L1L2-to-L3,60,210,1,1
L1L2-to-L3,60,212,1,1
L1L2-to-L3,60,213,1,1
L1L2-to-L3,60,215,1,1
L1L2-to-L3,60,216,1,1
L1L2-to-L3,60,217,1,1
L1L2-to-L3,60,220,1,1
L1L2-to-L3,60,222,1,1
L1L2-to-L3,60,224,1,1
L1L2-to-L3,60,225,1,1
L1L2-to-L3,60,228,1,1
L1L2-to-L3,60,229,1,1
L1L2-to-L3,60,232,1,1
L1L2-to-L3,60,233,1,1
L1L2-to-L3,60,234,1,1
L1L2-to-L3,60,239,1,1
L1L2-to-L3,60,242,1,1
L1L2-to-L3,60,244,1,1
L1L2-to-L3,60,245,1,1
L1L2-to-L3,60,247,1,1
L1L2-to-L3,60,249,1,1
L1L2-to-L3,60,250,1,1
L1L2-to-L3,61,2,1,1
L1L2-to-L3,61,5,1,1
L1L2-to-L3,61,6,1,1
L1L2-to-L3,61,8,1,1
L1L2-to-L3,61,10,1,1
L1L2-to-L3,61,12,1,1
L1L2-to-L3,61,14,1,1
L1L2-to-L3,61,16,1,1
L1L2-to-L3,61,25,1,1
L1L2-to-L3,61,26,1,1
L1L2-to-L3,61,28,1,1
L1L2-to-L3,61,34,1,1
L1L2-to-L3,61,35,1,1
L1L2-to-L3,61,41,1,1
L1L2-to-L3,61,45,1,1
L1L2-to-L3,61,47,1,1
L1L2-to-L3,61,48,1,1
L1L2-to-L3,61,49,1,1
L1L2-to-L3,61,52,1,1
L1L2-to-L3,61,55,1,1
L1L2-to-L3,61,58,1,1
L1L2-to-L3,61,59,1,1
L1L2-to-L3,61,65,1,1
L1L2-to-L3,61,66,1,1
L1L2-to-L3,61,68,1,1
L1L2-to-L3,61,72,1,1
L1L2-to-L3,61,73,1,1
L1L2-to-L3,61,77,1,1
L1L2-to-L3,61,80,1,1
L1L2-to-L3,61,81,1,1
L1L2-to-L3,61,82,1,1
L1L2-to-L3,61,83,1,1
L1L2-to-L3,61,87,1,1
L1L2-to-L3,61,90,1,1
L1L2-to-L3,61,94,1,1
L1L2-to-L3,61,100,1,1
L1L2-to-L3,61,104,1,1
L1L2-to-L3,61,105,1,1
L1L2-to-L3,61,107,1,1
L1L2-to-L3,61,108,1,1
L1L2-to-L3,61,110,1,1
L1L2-to-L3,61,112,1,1
L1L2-to-L3,61,113,1,1
L1L2-to-L3,61,115,1,1
L1L2-to-L3,61,116,1,1
L1L2-to-L3,61,117,1,1
L1L2-to-L3,61,118,1,1
L1L2-to-L3,61,121,1,1
L1L2-to-L3,61,122,1,1
L1L2-to-L3,61,128,1,1
L1L2-to-L3,61,133,1,1
L1L2-to-L3,61,135,1,1
L1L2-to-L3,61,140,1,1
L1L2-to-L3,61,142,1,1
L1L2-to-L3,61,148,1,1
L1L2-to-L3,61,153,1,1
L1L2-to-L3,61,161,1,1
L1L2-to-L3,61,163,1,1
L1L2-to-L3,61,164,1,1
L1L2-to-L3,61,165,1,1
L1L2-to-L3,61,166,1,1
L1L2-to-L3,61,168,1,1
L1L2-to-L3,61,171,1,1
L1L2-to-L3,61,172,1,1
L1L2-to-L3,61,173,1,1
L1L2-to-L3,61,174,1,1
L1L2-to-L3,61,179,1,1
L1L2-to-L3,61,181,1,1
L1L2-to-L3,61,183,1,1
L1L2-to-L3,61,184,1,1
L1L2-to-L3,61,186,1,1
L1L2-to-L3,61,187,1,1
L1L2-to-L3,61,188,1,1
L1L2-to-L3,61,191,1,1
L1L2-to-L3,61,192,1,1
L1L2-to-L3,61,193,1,1
L1L2-to-L3,61,197,1,1
L1L2-to-L3,61,198,1,1
L1L2-to-L3,61,207,1,1
L1L2-to-L3,61,208,1,1
L1L2-to-L3,61,209,1,1
L1L2-to-L3,61,210,1,1
L1L2-to-L3,61,211,1,1
L1L2-to-L3,61,214,1,1
L1L2-to-L3,61,215,1,1
L1L2-to-L3,61,216,1,1
L1L2-to-L3,61,217,1,1
L1L2-to-L3,61,218,1,1
L1L2-to-L3,61,219,1,1
L1L2-to-L3,61,220,1,1
L1L2-to-L3,61,223,1,1
L1L2-to-L3,61,224,1,1
L1L2-to-L3,61,225,1,1
L1L2-to-L3,61,229,1,1
L1L2-to-L3,61,230,1,1
L1L2-to-L3,61,231,1,1
L1L2-to-L3,61,232,1,1
L1L2-to-L3,61,233,1,1
L1L2-to-L3,61,234,1,1
L1L2-to-L3,61,235,1,1
L1L2-to-L3,61,236,1,1
L1L2-to-L3,61,237,1,1
L1L2-to-L3,61,239,1,1
L1L2-to-L3,61,240,1,1
L1L2-to-L3,61,242,1,1
L1L2-to-L3,61,243,1,1
L1L2-to-L3,61,244,1,1
L1L2-to-L3,61,247,1,1
L1L2-to-L3,61,249,1,1
L1L2-to-L3,61,250,1,1
L1L2-to-L3,61,252,1,1
L1L2-to-L3,61,253,1,1
L1L2-to-L3,61,254,1,1
L1L2-to-L3,61,255,1,1
L1L2-to-L3,62,8,1,1
L1L2-to-L3,62,10,1,1
L1L2-to-L3,62,13,1,1
L1L2-to-L3,62,16,1,1
L1L2-to-L3,62,21,1,1
L1L2-to-L3,62,28,1,1
L1L2-to-L3,62,31,1,1
L1L2-to-L3,62,32,1,1
L1L2-to-L3,62,38,1,1
L1L2-to-L3,62,40,1,1
L1L2-to-L3,62,42,1,1
L1L2-to-L3,62,43,1,1
L1L2-to-L3,62,44,1,1
L1L2-to-L3,62,49,1,1
L1L2-to-L3,62,50,1,1
L1L2-to-L3,62,53,1,1
L1L2-to-L3,62,62,1,1
L1L2-to-L3,62,64,1,1
L1L2-to-L3,62,67,1,1
L1L2-to-L3,62,74,1,1
L1L2-to-L3,62,76,1,1
L1L2-to-L3,62,77,1,1
L1L2-to-L3,62,78,1,1
L1L2-to-L3,62,79,1,1
L1L2-to-L3,62,80,1,1
L1L2-to-L3,62,86,1,1
L1L2-to-L3,62,92,1,1
L1L2-to-L3,62,93,1,1
L1L2-to-L3,62,96,1,1
L1L2-to-L3,62,100,1,1
L1L2-to-L3,62,109,1,1
L1L2-to-L3,62,113,1,1
L1L2-to-L3,62,115,1,1
L1L2-to-L3,62,117,1,1
L1L2-to-L3,62,118,1,1
L1L2-to-L3,62,119,1,1
L1L2-to-L3,62,121,1,1
L1L2-to-L3,62,122,1,1
L1L2-to-L3,62,124,1,1
L1L2-to-L3,62,127,1,1
L1L2-to-L3,62,130,1,1
L1L2-to-L3,62,131,1,1
L1L2-to-L3,62,132,1,1
L1L2-to-L3,62,139,1,1
L1L2-to-L3,62,140,1,1
L1L2-to-L3,62,147,1,1
L1L2-to-L3,62,149,1,1
L1L2-to-L3,62,167,1,1
L1L2-to-L3,62,169,1,1
L1L2-to-L3,62,172,1,1
L1L2-to-L3,62,173,1,1
L1L2-to-L3,62,174,1,1
L1L2-to-L3,62,180,1,1
L1L2-to-L3,62,181,1,1
L1L2-to-L3,62,184,1,1
L1L2-to-L3,62,188,1,1
L1L2-to-L3,62,193,1,1
L1L2-to-L3,62,202,1,1
L1L2-to-L3,62,203,1,1
L1L2-to-L3,62,208,1,1
L1L2-to-L3,62,210,1,1
L1L2-to-L3,62,211,1,1
L1L2-to-L3,62,212,1,1
L1L2-to-L3,62,213,1,1
L1L2-to-L3,62,215,1,1
L1L2-to-L3,62,217,1,1
L1L2-to-L3,62,219,1,1
L1L2-to-L3,62,222,1,1
L1L2-to-L3,62,225,1,1
L1L2-to-L3,62,229,1,1
L1L2-to-L3,62,231,1,1
L1L2-to-L3,62,232,1,1
L1L2-to-L3,62,233,1,1
L1L2-to-L3,62,234,1,1
L1L2-to-L3,62,235,1,1
L1L2-to-L3,62,238,1,1
L1L2-to-L3,62,239,1,1
L1L2-to-L3,62,240,1,1
L1L2-to-L3,62,241,1,1
L1L2-to-L3,62,245,1,1
L1L2-to-L3,62,246,1,1
L1L2-to-L3,62,253,1,1
L1L2-to-L3,63,1,1,1
L1L2-to-L3,63,4,1,1
L1L2-to-L3,63,6,1,1
L1L2-to-L3,63,24,1,1
L1L2-to-L3,63,29,1,1
L1L2-to-L3,63,30,1,1
L1L2-to-L3,63,33,1,1
L1L2-to-L3,63,36,1,1
L1L2-to-L3,63,38,1,1
L1L2-to-L3,63,43,1,1
L1L2-to-L3,63,47,1,1
L1L2-to-L3,63,48,1,1
L1L2-to-L3,63,49,1,1
L1L2-to-L3,63,51,1,1
L1L2-to-L3,63,53,1,1
L1L2-to-L3,63,54,1,1
L1L2-to-L3,63,56,1,1
L1L2-to-L3,63,58,1,1
L1L2-to-L3,63,61,1,1
L1L2-to-L3,63,69,1,1
L1L2-to-L3,63,77,1,1
L1L2-to-L3,63,78,1,1
L1L2-to-L3,63,81,1,1
L1L2-to-L3,63,82,1,1
L1L2-to-L3,63,85,1,1
L1L2-to-L3,63,90,1,1
L1L2-to-L3,63,96,1,1
L1L2-to-L3,63,98,1,1
L1L2-to-L3,63,99,1,1
L1L2-to-L3,63,107,1,1
L1L2-to-L3,63,114,1,1
L1L2-to-L3,63,118,1,1
L1L2-to-L3,63,119,1,1
L1L2-to-L3,63,123,1,1
L1L2-to-L3,63,126,1,1
L1L2-to-L3,63,127,1,1
L1L2-to-L3,63,133,1,1
L1L2-to-L3,63,138,1,1
L1L2-to-L3,63,140,1,1
L1L2-to-L3,63,147,1,1
L1L2-to-L3,63,149,1,1
L1L2-to-L3,63,151,1,1
L1L2-to-L3,63,152,1,1
L1L2-to-L3,63,153,1,1
L1L2-to-L3,63,154,1,1
L1L2-to-L3,63,156,1,1
L1L2-to-L3,63,158,1,1
L1L2-to-L3,63,159,1,1
L1L2-to-L3,63,160,1,1
L1L2-to-L3,63,161,1,1
L1L2-to-L3,63,164,1,1
L1L2-to-L3,63,170,1,1
L1L2-to-L3,63,171,1,1
L1L2-to-L3,63,172,1,1
L1L2-to-L3,63,175,1,1
L1L2-to-L3,63,180,1,1
L1L2-to-L3,63,183,1,1
L1L2-to-L3,63,185,1,1
L1L2-to-L3,63,193,1,1
L1L2-to-L3,63,194,1,1
L1L2-to-L3,63,199,1,1
L1L2-to-L3,63,200,1,1
L1L2-to-L3,63,201,1,1
L1L2-to-L3,63,202,1,1
L1L2-to-L3,63,214,1,1
L1L2-to-L3,63,217,1,1
L1L2-to-L3,63,220,1,1
L1L2-to-L3,63,221,1,1
L1L2-to-L3,63,222,1,1
L1L2-to-L3,63,225,1,1
L1L2-to-L3,63,226,1,1
L1L2-to-L3,63,231,1,1
L1L2-to-L3,63,232,1,1
L1L2-to-L3,63,235,1,1
L1L2-to-L3,63,236,1,1
L1L2-to-L3,63,239,1,1
L1L2-to-L3,63,244,1,1
L1L2-to-L3,63,249,1,1
L1L2-to-L3,63,250,1,1
L1L2-to-L3,63,252,1,1
L1L2-to-L3,63,255,1,1
L1L2-to-L3,64,6,1,1
L1L2-to-L3,64,13,1,1
L1L2-to-L3,64,29,1,1
L1L2-to-L3,64,32,1,1
L1L2-to-L3,64,33,1,1
L1L2-to-L3,64,35,1,1
L1L2-to-L3,64,38,1,1
L1L2-to-L3,64,40,1,1
L1L2-to-L3,64,47,1,1
L1L2-to-L3,64,48,1,1
L1L2-to-L3,64,58,1,1
L1L2-to-L3,64,60,1,1
L1L2-to-L3,64,62,1,1
L1L2-to-L3,64,66,1,1
L1L2-to-L3,64,67,1,1
L1L2-to-L3,64,73,1,1
L1L2-to-L3,64,74,1,1
L1L2-to-L3,64,77,1,1
L1L2-to-L3,64,78,1,1
L1L2-to-L3,64,79,1,1
L1L2-to-L3,64,83,1,1
L1L2-to-L3,64,86,1,1
L1L2-to-L3,64,88,1,1
L1L2-to-L3,64,90,1,1
L1L2-to-L3,64,91,1,1
L1L2-to-L3,64,96,1,1
L1L2-to-L3,64,98,1,1
L1L2-to-L3,64,100,1,1
L1L2-to-L3,64,101,1,1
L1L2-to-L3,64,103,1,1
L1L2-to-L3,64,104,1,1
L1L2-to-L3,64,105,1,1
L1L2-to-L3,64,106,1,1
L1L2-to-L3,64,107,1,1
L1L2-to-L3,64,109,1,1
L1L2-to-L3,64,113,1,1
L1L2-to-L3,64,114,1,1
L1L2-to-L3,64,121,1,1
L1L2-to-L3,64,123,1,1
L1L2-to-L3,64,129,1,1
L1L2-to-L3,64,134,1,1
L1L2-to-L3,64,137,1,1
L1L2-to-L3,64,139,1,1
L1L2-to-L3,64,143,1,1
L1L2-to-L3,64,146,1,1
L1L2-to-L3,64,147,1,1
L1L2-to-L3,64,148,1,1
L1L2-to-L3,64,149,1,1
L1L2-to-L3,64,150,1,1
L1L2-to-L3,64,152,1,1
L1L2-to-L3,64,153,1,1
L1L2-to-L3,64,154,1,1
L1L2-to-L3,64,155,1,1
L1L2-to-L3,64,157,1,1
L1L2-to-L3,64,160,1,1
L1L2-to-L3,64,161,1,1
L1L2-to-L3,64,162,1,1
L1L2-to-L3,64,165,1,1
L1L2-to-L3,64,170,1,1
L1L2-to-L3,64,175,1,1
L1L2-to-L3,64,176,1,1
L1L2-to-L3,64,178,1,1
L1L2-to-L3,64,179,1,1
L1L2-to-L3,64,180,1,1
L1L2-to-L3,64,182,1,1
L1L2-to-L3,64,183,1,1
L1L2-to-L3,64,184,1,1
L1L2-to-L3,64,186,1,1
L1L2-to-L3,64,188,1,1
L1L2-to-L3,64,189,1,1
L1L2-to-L3,64,191,1,1
L1L2-to-L3,64,192,1,1
L1L2-to-L3,64,194,1,1
L1L2-to-L3,64,196,1,1
L1L2-to-L3,64,199,1,1
L1L2-to-L3,64,203,1,1
L1L2-to-L3,64,210,1,1
L1L2-to-L3,64,211,1,1
L1L2-to-L3,64,213,1,1
L1L2-to-L3,64,220,1,1
L1L2-to-L3,64,222,1,1
L1L2-to-L3,64,226,1,1
L1L2-to-L3,64,227,1,1
L1L2-to-L3,64,230,1,1
L1L2-to-L3,64,231,1,1
L1L2-to-L3,64,233,1,1
L1L2-to-L3,64,236,1,1
L1L2-to-L3,64,239,1,1
L1L2-to-L3,64,240,1,1
L1L2-to-L3,64,241,1,1
L1L2-to-L3,64,242,1,1
L1L2-to-L3,64,245,1,1
L1L2-to-L3,64,246,1,1
L1L2-to-L3,64,250,1,1
L1L2-to-L3,65,0,1,1
L1L2-to-L3,65,1,1,1
L1L2-to-L3,65,8,1,1
L1L2-to-L3,65,9,1,1
L1L2-to-L3,65,12,1,1
L1L2-to-L3,65,13,1,1
L1L2-to-L3,65,14,1,1
L1L2-to-L3,65,15,1,1
L1L2-to-L3,65,17,1,1
L1L2-to-L3,65,19,1,1
L1L2-to-L3,65,24,1,1
L1L2-to-L3,65,26,1,1
L1L2-to-L3,65,32,1,1
L1L2-to-L3,65,34,1,1
L1L2-to-L3,65,41,1,1
L1L2-to-L3,65,43,1,1
L1L2-to-L3,65,44,1,1
L1L2-to-L3,65,45,1,1
L1L2-to-L3,65,49,1,1
L1L2-to-L3,65,52,1,1
L1L2-to-L3,65,56,1,1
L1L2-to-L3,65,57,1,1
L1L2-to-L3,65,59,1,1
L1L2-to-L3,65,62,1,1
L1L2-to-L3,65,64,1,1
L1L2-to-L3,65,66,1,1
L1L2-to-L3,65,67,1,1
L1L2-to-L3,65,70,1,1
L1L2-to-L3,65,71,1,1
L1L2-to-L3,65,72,1,1
L1L2-to-L3,65,74,1,1
L1L2-to-L3,65,76,1,1
L1L2-to-L3,65,80,1,1
L1L2-to-L3,65,81,1,1
L1L2-to-L3,65,85,1,1
L1L2-to-L3,65,86,1,1
L1L2-to-L3,65,87,1,1
L1L2-to-L3,65,91,1,1
L1L2-to-L3,65,92,1,1
L1L2-to-L3,65,94,1,1
L1L2-to-L3,65,97,1,1
L1L2-to-L3,65,100,1,1
L1L2-to-L3,65,103,1,1
L1L2-to-L3,65,104,1,1
L1L2-to-L3,65,105,1,1
L1L2-to-L3,65,108,1,1
L1L2-to-L3,65,109,1,1
L1L2-to-L3,65,110,1,1
L1L2-to-L3,65,111,1,1
L1L2-to-L3,65,114,1,1
L1L2-to-L3,65,115,1,1
L1L2-to-L3,65,118,1,1
L1L2-to-L3,65,122,1,1
L1L2-to-L3,65,124,1,1
L1L2-to-L3,65,127,1,1
L1L2-to-L3,65,129,1,1
L1L2-to-L3,65,130,1,1
L1L2-to-L3,65,132,1,1
L1L2-to-L3,65,135,1,1
L1L2-to-L3,65,137,1,1
L1L2-to-L3,65,140,1,1
L1L2-to-L3,65,141,1,1
L1L2-to-L3,65,145,1,1
L1L2-to-L3,65,146,1,1
L1L2-to-L3,65,147,1,1
L1L2-to-L3,65,149,1,1
L1L2-to-L3,65,156,1,1
L1L2-to-L3,65,158,1,1
L1L2-to-L3,65,159,1,1
L1L2-to-L3,65,160,1,1
L1L2-to-L3,65,166,1,1
L1L2-to-L3,65,167,1,1
L1L2-to-L3,65,168,1,1
L1L2-to-L3,65,171,1,1
L1L2-to-L3,65,172,1,1
L1L2-to-L3,65,174,1,1
L1L2-to-L3,65,176,1,1
L1L2-to-L3,65,178,1,1
L1L2-to-L3,65,179,1,1
L1L2-to-L3,65,183,1,1
L1L2-to-L3,65,185,1,1
L1L2-to-L3,65,186,1,1
L1L2-to-L3,65,189,1,1
L1L2-to-L3,65,190,1,1
L1L2-to-L3,65,198,1,1
L1L2-to-L3,65,201,1,1
L1L2-to-L3,65,202,1,1
L1L2-to-L3,65,203,1,1
L1L2-to-L3,65,209,1,1
L1L2-to-L3,65,210,1,1
L1L2-to-L3,65,213,1,1
L1L2-to-L3,65,215,1,1
L1L2-to-L3,65,216,1,1
L1L2-to-L3,65,217,1,1
L1L2-to-L3,65,221,1,1
L1L2-to-L3,65,222,1,1
L1L2-to-L3,65,223,1,1
L1L2-to-L3,65,228,1,1
L1L2-to-L3,65,229,1,1
L1L2-to-L3,65,231,1,1
L1L2-to-L3,65,233,1,1
L1L2-to-L3,65,234,1,1
L1L2-to-L3,65,239,1,1
L1L2-to-L3,65,242,1,1
L1L2-to-L3,65,246,1,1
L1L2-to-L3,65,249,1,1
L1L2-to-L3,65,250,1,1
L1L2-to-L3,65,252,1,1
L1L2-to-L3,65,254,1,1
L1L2-to-L3,65,255,1,1
L1L2-to-L3,66,0,1,1
L1L2-to-L3,66,1,1,1
L1L2-to-L3,66,5,1,1
L1L2-to-L3,66,9,1,1
L1L2-to-L3,66,16,1,1
L1L2-to-L3,66,20,1,1
L1L2-to-L3,66,24,1,1
L1L2-to-L3,66,26,1,1
L1L2-to-L3,66,30,1,1
L1L2-to-L3,66,31,1,1
L1L2-to-L3,66,36,1,1
L1L2-to-L3,66,47,1,1
L1L2-to-L3,66,48,1,1
L1L2-to-L3,66,52,1,1
L1L2-to-L3,66,53,1,1
L1L2-to-L3,66,58,1,1
L1L2-to-L3,66,63,1,1
L1L2-to-L3,66,64,1,1
L1L2-to-L3,66,66,1,1
L1L2-to-L3,66,67,1,1
L1L2-to-L3,66,69,1,1
L1L2-to-L3,66,71,1,1
L1L2-to-L3,66,72,1,1
L1L2-to-L3,66,76,1,1
L1L2-to-L3,66,77,1,1
L1L2-to-L3,66,87,1,1
L1L2-to-L3,66,98,1,1
L1L2-to-L3,66,100,1,1
L1L2-to-L3,66,105,1,1
L1L2-to-L3,66,109,1,1
L1L2-to-L3,66,110,1,1
L1L2-to-L3,66,111,1,1
L1L2-to-L3,66,112,1,1
L1L2-to-L3,66,117,1,1
L1L2-to-L3,66,118,1,1
L1L2-to-L3,66,120,1,1
L1L2-to-L3,66,123,1,1
L1L2-to-L3,66,124,1,1
L1L2-to-L3,66,131,1,1
L1L2-to-L3,66,132,1,1
L1L2-to-L3,66,134,1,1
L1L2-to-L3,66,136,1,1
L1L2-to-L3,66,143,1,1
L1L2-to-L3,66,144,1,1
L1L2-to-L3,66,146,1,1
L1L2-to-L3,66,148,1,1
L1L2-to-L3,66,152,1,1
L1L2-to-L3,66,160,1,1
L1L2-to-L3,66,164,1,1
L1L2-to-L3,66,168,1,1
L1L2-to-L3,66,170,1,1
L1L2-to-L3,66,172,1,1
L1L2-to-L3,66,178,1,1
L1L2-to-L3,66,179,1,1
L1L2-to-L3,66,180,1,1
L1L2-to-L3,66,182,1,1
L1L2-to-L3,66,186,1,1
L1L2-to-L3,66,187,1,1
L1L2-to-L3,66,190,1,1
L1L2-to-L3,66,192,1,1
L1L2-to-L3,66,195,1,1
L1L2-to-L3,66,197,1,1
L1L2-to-L3,66,198,1,1
L1L2-to-L3,66,201,1,1
L1L2-to-L3,66,202,1,1
L1L2-to-L3,66,207,1,1
L1L2-to-L3,66,210,1,1
L1L2-to-L3,66,213,1,1
L1L2-to-L3,66,230,1,1
L1L2-to-L3,66,231,1,1
L1L2-to-L3,66,232,1,1
L1L2-to-L3,66,233,1,1
L1L2-to-L3,66,234,1,1
L1L2-to-L3,66,237,1,1
L1L2-to-L3,66,238,1,1
L1L2-to-L3,66,241,1,1
L1L2-to-L3,66,242,1,1
L1L2-to-L3,66,244,1,1
L1L2-to-L3,66,245,1,1
L1L2-to-L3,66,246,1,1
L1L2-to-L3,66,253,1,1
L1L2-to-L3,67,10,1,1
L1L2-to-L3,67,11,1,1
L1L2-to-L3,67,15,1,1
L1L2-to-L3,67,16,1,1
L1L2-to-L3,67,17,1,1
L1L2-to-L3,67,18,1,1
L1L2-to-L3,67,32,1,1
L1L2-to-L3,67,38,1,1
L1L2-to-L3,67,39,1,1
L1L2-to-L3,67,42,1,1
L1L2-to-L3,67,44,1,1
L1L2-to-L3,67,52,1,1
L1L2-to-L3,67,57,1,1
L1L2-to-L3,67,60,1,1
L1L2-to-L3,67,63,1,1
L1L2-to-L3,67,64,1,1
L1L2-to-L3,67,68,1,1
L1L2-to-L3,67,72,1,1
L1L2-to-L3,67,76,1,1
L1L2-to-L3,67,82,1,1
L1L2-to-L3,67,85,1,1
L1L2-to-L3,67,86,1,1
L1L2-to-L3,67,89,1,1
L1L2-to-L3,67,90,1,1
L1L2-to-L3,67,93,1,1
L1L2-to-L3,67,94,1,1
L1L2-to-L3,67,95,1,1
L1L2-to-L3,67,97,1,1
L1L2-to-L3,67,104,1,1
L1L2-to-L3,67,107,1,1
L1L2-to-L3,67,108,1,1
L1L2-to-L3,67,111,1,1
L1L2-to-L3,67,113,1,1
L1L2-to-L3,67,115,1,1
L1L2-to-L3,67,116,1,1
L1L2-to-L3,67,120,1,1
L1L2-to-L3,67,126,1,1
L1L2-to-L3,67,131,1,1
L1L2-to-L3,67,138,1,1
L1L2-to-L3,67,139,1,1
L1L2-to-L3,67,142,1,1
L1L2-to-L3,67,148,1,1
L1L2-to-L3,67,158,1,1
L1L2-to-L3,67,161,1,1
L1L2-to-L3,67,162,1,1
L1L2-to-L3,67,163,1,1
L1L2-to-L3,67,164,1,1
L1L2-to-L3,67,165,1,1
L1L2-to-L3,67,169,1,1
L1L2-to-L3,67,173,1,1
L1L2-to-L3,67,174,1,1
L1L2-to-L3,67,175,1,1
L1L2-to-L3,67,178,1,1
L1L2-to-L3,67,179,1,1
L1L2-to-L3,67,180,1,1
L1L2-to-L3,67,181,1,1
L1L2-to-L3,67,183,1,1
L1L2-to-L3,67,186,1,1
L1L2-to-L3,67,189,1,1
L1L2-to-L3,67,190,1,1
L1L2-to-L3,67,192,1,1
L1L2-to-L3,67,197,1,1
L1L2-to-L3,67,199,1,1
L1L2-to-L3,67,201,1,1
L1L2-to-L3,67,203,1,1
L1L2-to-L3,67,205,1,1
L1L2-to-L3,67,206,1,1
L1L2-to-L3,67,207,1,1
L1L2-to-L3,67,209,1,1
L1L2-to-L3,67,212,1,1
L1L2-to-L3,67,213,1,1
L1L2-to-L3,67,214,1,1
L1L2-to-L3,67,217,1,1
L1L2-to-L3,67,219,1,1
L1L2-to-L3,67,220,1,1
L1L2-to-L3,67,223,1,1
L1L2-to-L3,67,224,1,1
L1L2-to-L3,67,225,1,1
L1L2-to-L3,67,226,1,1
L1L2-to-L3,67,227,1,1
L1L2-to-L3,67,230,1,1
L1L2-to-L3,67,231,1,1
L1L2-to-L3,67,235,1,1
L1L2-to-L3,67,236,1,1
L1L2-to-L3,67,238,1,1
L1L2-to-L3,67,240,1,1
L1L2-to-L3,67,242,1,1
L1L2-to-L3,67,243,1,1
L1L2-to-L3,67,244,1,1
L1L2-to-L3,67,246,1,1
L1L2-to-L3,67,247,1,1
L1L2-to-L3,67,251,1,1
L1L2-to-L3,68,0,1,1
L1L2-to-L3,68,3,1,1
L1L2-to-L3,68,6,1,1
L1L2-to-L3,68,7,1,1
L1L2-to-L3,68,9,1,1
L1L2-to-L3,68,15,1,1
L1L2-to-L3,68,19,1,1
L1L2-to-L3,68,21,1,1
L1L2-to-L3,68,22,1,1
L1L2-to-L3,68,23,1,1
L1L2-to-L3,68,24,1,1
L1L2-to-L3,68,25,1,1
L1L2-to-L3,68,26,1,1
L1L2-to-L3,68,31,1,1
L1L2-to-L3,68,33,1,1
L1L2-to-L3,68,36,1,1
L1L2-to-L3,68,39,1,1
L1L2-to-L3,68,45,1,1
L1L2-to-L3,68,49,1,1
L1L2-to-L3,68,53,1,1
L1L2-to-L3,68,54,1,1
L1L2-to-L3,68,59,1,1
L1L2-to-L3,68,62,1,1
L1L2-to-L3,68,67,1,1
L1L2-to-L3,68,74,1,1
L1L2-to-L3,68,77,1,1
L1L2-to-L3,68,79,1,1
L1L2-to-L3,68,81,1,1
L1L2-to-L3,68,84,1,1
L1L2-to-L3,68,85,1,1
L1L2-to-L3,68,87,1,1
L1L2-to-L3,68,92,1,1
L1L2-to-L3,68,94,1,1
L1L2-to-L3,68,95,1,1
L1L2-to-L3,68,96,1,1
L1L2-to-L3,68,98,1,1
L1L2-to-L3,68,114,1,1
L1L2-to-L3,68,115,1,1
L1L2-to-L3,68,124,1,1
L1L2-to-L3,68,128,1,1
L1L2-to-L3,68,129,1,1
L1L2-to-L3,68,130,1,1
L1L2-to-L3,68,135,1,1
L1L2-to-L3,68,138,1,1
L1L2-to-L3,68,139,1,1
L1L2-to-L3,68,145,1,1
L1L2-to-L3,68,147,1,1
L1L2-to-L3,68,150,1,1
L1L2-to-L3,68,151,1,1
L1L2-to-L3,68,152,1,1
L1L2-to-L3,68,157,1,1
L1L2-to-L3,68,159,1,1
L1L2-to-L3,68,161,1,1
L1L2-to-L3,68,163,1,1
L1L2-to-L3,68,164,1,1
L1L2-to-L3,68,165,1,1
L1L2-to-L3,68,166,1,1
L1L2-to-L3,68,168,1,1
L1L2-to-L3,68,169,1,1
L1L2-to-L3,68,173,1,1
L1L2-to-L3,68,181,1,1
L1L2-to-L3,68,184,1,1
L1L2-to-L3,68,185,1,1
L1L2-to-L3,68,186,1,1
L1L2-to-L3,68,188,1,1
L1L2-to-L3,68,191,1,1
L1L2-to-L3,68,194,1,1
L1L2-to-L3,68,196,1,1
L1L2-to-L3,68,201,1,1
L1L2-to-L3,68,204,1,1
L1L2-to-L3,68,206,1,1
L1L2-to-L3,68,207,1,1
L1L2-to-L3,68,215,1,1
L1L2-to-L3,68,216,1,1
L1L2-to-L3,68,217,1,1
L1L2-to-L3,68,221,1,1
L1L2-to-L3,68,222,1,1
L1L2-to-L3,68,223,1,1
L1L2-to-L3,68,226,1,1
L1L2-to-L3,68,227,1,1
L1L2-to-L3,68,230,1,1
L1L2-to-L3,68,232,1,1
L1L2-to-L3,68,233,1,1
L1L2-to-L3,68,236,1,1
L1L2-to-L3,68,238,1,1
L1L2-to-L3,68,241,1,1
L1L2-to-L3,68,242,1,1
L1L2-to-L3,68,244,1,1
L1L2-to-L3,68,245,1,1
L1L2-to-L3,68,247,1,1
L1L2-to-L3,68,248,1,1
L1L2-to-L3,68,250,1,1
L1L2-to-L3,68,251,1,1
L1L2-to-L3,68,252,1,1
L1L2-to-L3,68,253,1,1
L1L2-to-L3,68,254,1,1
L1L2-to-L3,68,255,1,1
L1L2-to-L3,69,0,1,1
L1L2-to-L3,69,2,1,1
L1L2-to-L3,69,3,1,1
L1L2-to-L3,69,5,1,1
L1L2-to-L3,69,8,1,1
L1L2-to-L3,69,15,1,1
L1L2-to-L3,69,16,1,1
L1L2-to-L3,69,22,1,1
L1L2-to-L3,69,24,1,1
L1L2-to-L3,69,34,1,1
L1L2-to-L3,69,36,1,1
L1L2-to-L3,69,38,1,1
L1L2-to-L3,69,39,1,1
L1L2-to-L3,69,44,1,1
L1L2-to-L3,69,49,1,1
L1L2-to-L3,69,51,1,1
L1L2-to-L3,69,52,1,1
L1L2-to-L3,69,53,1,1
L1L2-to-L3,69,57,1,1
L1L2-to-L3,69,59,1,1
L1L2-to-L3,69,62,1,1
L1L2-to-L3,69,63,1,1
L1L2-to-L3,69,64,1,1
L1L2-to-L3,69,65,1,1
L1L2-to-L3,69,69,1,1
L1L2-to-L3,69,72,1,1
L1L2-to-L3,69,73,1,1
L1L2-to-L3,69,76,1,1
L1L2-to-L3,69,77,1,1
L1L2-to-L3,69,78,1,1
L1L2-to-L3,69,85,1,1
L1L2-to-L3,69,88,1,1
L1L2-to-L3,69,93,1,1
L1L2-to-L3,69,99,1,1
L1L2-to-L3,69,105,1,1
L1L2-to-L3,69,108,1,1
L1L2-to-L3,69,111,1,1
L1L2-to-L3,69,113,1,1
L1L2-to-L3,69,116,1,1
L1L2-to-L3,69,118,1,1
L1L2-to-L3,69,122,1,1
L1L2-to-L3,69,123,1,1
L1L2-to-L3,69,128,1,1
L1L2-to-L3,69,129,1,1
L1L2-to-L3,69,131,1,1
L1L2-to-L3,69,141,1,1
L1L2-to-L3,69,145,1,1
L1L2-to-L3,69,150,1,1
L1L2-to-L3,69,157,1,1
L1L2-to-L3,69,158,1,1
L1L2-to-L3,69,160,1,1
L1L2-to-L3,69,165,1,1
L1L2-to-L3,69,171,1,1
L1L2-to-L3,69,173,1,1
L1L2-to-L3,69,176,1,1
L1L2-to-L3,69,178,1,1
L1L2-to-L3,69,179,1,1
L1L2-to-L3,69,180,1,1
L1L2-to-L3,69,181,1,1
L1L2-to-L3,69,183,1,1
L1L2-to-L3,69,187,1,1
L1L2-to-L3,69,189,1,1
L1L2-to-L3,69,192,1,1
L1L2-to-L3,69,198,1,1
L1L2-to-L3,69,200,1,1
L1L2-to-L3,69,202,1,1
L1L2-to-L3,69,203,1,1
L1L2-to-L3,69,204,1,1
L1L2-to-L3,69,205,1,1
L1L2-to-L3,69,207,1,1
L1L2-to-L3,69,210,1,1
L1L2-to-L3,69,213,1,1
L1L2-to-L3,69,214,1,1
L1L2-to-L3,69,215,1,1
L1L2-to-L3,69,218,1,1
L1L2-to-L3,69,219,1,1
L1L2-to-L3,69,220,1,1
L1L2-to-L3,69,222,1,1
L1L2-to-L3,69,223,1,1
L1L2-to-L3,69,224,1,1
L1L2-to-L3,69,225,1,1
L1L2-to-L3,69,228,1,1
L1L2-to-L3,69,230,1,1
L1L2-to-L3,69,231,1,1
L1L2-to-L3,69,234,1,1
L1L2-to-L3,69,236,1,1
L1L2-to-L3,69,242,1,1
L1L2-to-L3,69,244,1,1
L1L2-to-L3,69,245,1,1
L1L2-to-L3,69,246,1,1
L1L2-to-L3,69,248,1,1
L1L2-to-L3,70,2,1,1
L1L2-to-L3,70,3,1,1
L1L2-to-L3,70,4,1,1
L1L2-to-L3,70,5,1,1
L1L2-to-L3,70,11,1,1
L1L2-to-L3,70,14,1,1
L1L2-to-L3,70,19,1,1
L1L2-to-L3,70,22,1,1
L1L2-to-L3,70,23,1,1
L1L2-to-L3,70,29,1,1
L1L2-to-L3,70,31,1,1
L1L2-to-L3,70,38,1,1
L1L2-to-L3,70,40,1,1
L1L2-to-L3,70,41,1,1
L1L2-to-L3,70,44,1,1
L1L2-to-L3,70,46,1,1
L1L2-to-L3,70,48,1,1
L1L2-to-L3,70,51,1,1
L1L2-to-L3,70,53,1,1
L1L2-to-L3,70,60,1,1
L1L2-to-L3,70,61,1,1
L1L2-to-L3,70,62,1,1
L1L2-to-L3,70,73,1,1
L1L2-to-L3,70,74,1,1
L1L2-to-L3,70,76,1,1
L1L2-to-L3,70,80,1,1
L1L2-to-L3,70,83,1,1
L1L2-to-L3,70,84,1,1
L1L2-to-L3,70,85,1,1
L1L2-to-L3,70,89,1,1
L1L2-to-L3,70,90,1,1
L1L2-to-L3,70,91,1,1
L1L2-to-L3,70,95,1,1
L1L2-to-L3,70,96,1,1
L1L2-to-L3,70,97,1,1
L1L2-to-L3,70,100,1,1
L1L2-to-L3,70,102,1,1
L1L2-to-L3,70,103,1,1
L1L2-to-L3,70,106,1,1
L1L2-to-L3,70,110,1,1
L1L2-to-L3,70,111,1,1
L1L2-to-L3,70,116,1,1
L1L2-to-L3,70,117,1,1
L1L2-to-L3,70,119,1,1
L1L2-to-L3,70,120,1,1
L1L2-to-L3,70,124,1,1
L1L2-to-L3,70,126,1,1
L1L2-to-L3,70,127,1,1
L1L2-to-L3,70,128,1,1
L1L2-to-L3,70,130,1,1
L1L2-to-L3,70,131,1,1
L1L2-to-L3,70,133,1,1
L1L2-to-L3,70,134,1,1
L1L2-to-L3,70,136,1,1
L1L2-to-L3,70,138,1,1
L1L2-to-L3,70,139,1,1
L1L2-to-L3,70,142,1,1
L1L2-to-L3,70,144,1,1
L1L2-to-L3,70,147,1,1
L1L2-to-L3,70,149,1,1
L1L2-to-L3,70,150,1,1
L1L2-to-L3,70,153,1,1
L1L2-to-L3,70,158,1,1
L1L2-to-L3,70,159,1,1
L1L2-to-L3,70,163,1,1
L1L2-to-L3,70,171,1,1
L1L2-to-L3,70,172,1,1
L1L2-to-L3,70,174,1,1
L1L2-to-L3,70,176,1,1
L1L2-to-L3,70,178,1,1
L1L2-to-L3,70,182,1,1
L1L2-to-L3,70,185,1,1
L1L2-to-L3,70,187,1,1
L1L2-to-L3,70,190,1,1
L1L2-to-L3,70,191,1,1
L1L2-to-L3,70,192,1,1
L1L2-to-L3,70,197,1,1
L1L2-to-L3,70,199,1,1
L1L2-to-L3,70,200,1,1
L1L2-to-L3,70,202,1,1
L1L2-to-L3,70,203,1,1
L1L2-to-L3,70,204,1,1
L1L2-to-L3,70,208,1,1
L1L2-to-L3,70,210,1,1
L1L2-to-L3,70,212,1,1
L1L2-to-L3,70,214,1,1
L1L2-to-L3,70,215,1,1
L1L2-to-L3,70,217,1,1
L1L2-to-L3,70,218,1,1
L1L2-to-L3,70,223,1,1
L1L2-to-L3,70,225,1,1
L1L2-to-L3,70,226,1,1
L1L2-to-L3,70,227,1,1
L1L2-to-L3,70,229,1,1
L1L2-to-L3,70,230,1,1
L1L2-to-L3,70,234,1,1
L1L2-to-L3,70,237,1,1
L1L2-to-L3,70,240,1,1
L1L2-to-L3,70,244,1,1
L1L2-to-L3,70,245,1,1
L1L2-to-L3,70,255,1,1
L1L2-to-L3,71,1,1,1
L1L2-to-L3,71,6,1,1
L1L2-to-L3,71,12,1,1
L1L2-to-L3,71,15,1,1
L1L2-to-L3,71,20,1,1
L1L2-to-L3,71,23,1,1
L1L2-to-L3,71,24,1,1
L1L2-to-L3,71,25,1,1
L1L2-to-L3,71,28,1,1
L1L2-to-L3,71,29,1,1
L1L2-to-L3,71,30,1,1
L1L2-to-L3,71,33,1,1
L1L2-to-L3,71,34,1,1
L1L2-to-L3,71,37,1,1
L1L2-to-L3,71,38,1,1
L1L2-to-L3,71,39,1,1
L1L2-to-L3,71,41,1,1
L1L2-to-L3,71,42,1,1
L1L2-to-L3,71,44,1,1
L1L2-to-L3,71,45,1,1
L1L2-to-L3,71,50,1,1
L1L2-to-L3,71,52,1,1
L1L2-to-L3,71,53,1,1
L1L2-to-L3,71,56,1,1
L1L2-to-L3,71,59,1,1
L1L2-to-L3,71,62,1,1
L1L2-to-L3,71,65,1,1
L1L2-to-L3,71,67,1,1
L1L2-to-L3,71,69,1,1
L1L2-to-L3,71,72,1,1
L1L2-to-L3,71,75,1,1
L1L2-to-L3,71,77,1,1
L1L2-to-L3,71,80,1,1
L1L2-to-L3,71,87,1,1
L1L2-to-L3,71,88,1,1
L1L2-to-L3,71,91,1,1
L1L2-to-L3,71,93,1,1
L1L2-to-L3,71,98,1,1
L1L2-to-L3,71,99,1,1
L1L2-to-L3,71,101,1,1
L1L2-to-L3,71,105,1,1
L1L2-to-L3,71,107,1,1
L1L2-to-L3,71,109,1,1
L1L2-to-L3,71,110,1,1
L1L2-to-L3,71,111,1,1
L1L2-to-L3,71,115,1,1
L1L2-to-L3,71,116,1,1
L1L2-to-L3,71,118,1,1
L1L2-to-L3,71,122,1,1
L1L2-to-L3,71,126,1,1
L1L2-to-L3,71,128,1,1
L1L2-to-L3,71,129,1,1
L1L2-to-L3,71,131,1,1
L1L2-to-L3,71,133,1,1
L1L2-to-L3,71,137,1,1
L1L2-to-L3,71,138,1,1
L1L2-to-L3,71,139,1,1
L1L2-to-L3,71,140,1,1
L1L2-to-L3,71,141,1,1
L1L2-to-L3,71,142,1,1
L1L2-to-L3,71,144,1,1
L1L2-to-L3,71,145,1,1
L1L2-to-L3,71,146,1,1
L1L2-to-L3,71,147,1,1
L1L2-to-L3,71,151,1,1
L1L2-to-L3,71,157,1,1
L1L2-to-L3,71,160,1,1
L1L2-to-L3,71,162,1,1
L1L2-to-L3,71,163,1,1
L1L2-to-L3,71,164,1,1
L1L2-to-L3,71,165,1,1
L1L2-to-L3,71,166,1,1
L1L2-to-L3,71,168,1,1
L1L2-to-L3,71,169,1,1
L1L2-to-L3,71,170,1,1
L1L2-to-L3,71,172,1,1
L1L2-to-L3,71,177,1,1
L1L2-to-L3,71,178,1,1
L1L2-to-L3,71,181,1,1
L1L2-to-L3,71,185,1,1
L1L2-to-L3,71,187,1,1
L1L2-to-L3,71,190,1,1
L1L2-to-L3,71,191,1,1
L1L2-to-L3,71,194,1,1
L1L2-to-L3,71,195,1,1
L1L2-to-L3,71,197,1,1
L1L2-to-L3,71,198,1,1
L1L2-to-L3,71,199,1,1
L1L2-to-L3,71,200,1,1
L1L2-to-L3,71,202,1,1
L1L2-to-L3,71,205,1,1
L1L2-to-L3,71,207,1,1
L1L2-to-L3,71,218,1,1
L1L2-to-L3,71,221,1,1
L1L2-to-L3,71,223,1,1
L1L2-to-L3,71,225,1,1
L1L2-to-L3,71,229,1,1
L1L2-to-L3,71,231,1,1
L1L2-to-L3,71,235,1,1
L1L2-to-L3,71,236,1,1
L1L2-to-L3,71,238,1,1
L1L2-to-L3,71,245,1,1
L1L2-to-L3,71,246,1,1
L1L2-to-L3,71,250,1,1
L1L2-to-L3,71,251,1,1
L1L2-to-L3,71,252,1,1
L1L2-to-L3,71,254,1,1
L1L2-to-L3,71,255,1,1
L1L2-to-L3,72,3,1,1
L1L2-to-L3,72,9,1,1
L1L2-to-L3,72,10,1,1
L1L2-to-L3,72,11,1,1
L1L2-to-L3,72,12,1,1
L1L2-to-L3,72,25,1,1
L1L2-to-L3,72,32,1,1
L1L2-to-L3,72,34,1,1
L1L2-to-L3,72,36,1,1
L1L2-to-L3,72,37,1,1
L1L2-to-L3,72,38,1,1
L1L2-to-L3,72,40,1,1
L1L2-to-L3,72,42,1,1
L1L2-to-L3,72,45,1,1
L1L2-to-L3,72,47,1,1
L1L2-to-L3,72,48,1,1
L1L2-to-L3,72,52,1,1
L1L2-to-L3,72,54,1,1
L1L2-to-L3,72,55,1,1
L1L2-to-L3,72,57,1,1
L1L2-to-L3,72,62,1,1
L1L2-to-L3,72,65,1,1
L1L2-to-L3,72,69,1,1
L1L2-to-L3,72,71,1,1
L1L2-to-L3,72,72,1,1
L1L2-to-L3,72,75,1,1
L1L2-to-L3,72,78,1,1
L1L2-to-L3,72,80,1,1
L1L2-to-L3,72,82,1,1
L1L2-to-L3,72,83,1,1
L1L2-to-L3,72,85,1,1
L1L2-to-L3,72,91,1,1
L1L2-to-L3,72,93,1,1
L1L2-to-L3,72,94,1,1
L1L2-to-L3,72,96,1,1
L1L2-to-L3,72,98,1,1
L1L2-to-L3,72,99,1,1
L1L2-to-L3,72,100,1,1
L1L2-to-L3,72,101,1,1
L1L2-to-L3,72,102,1,1
L1L2-to-L3,72,105,1,1
L1L2-to-L3,72,108,1,1
L1L2-to-L3,72,109,1,1
L1L2-to-L3,72,113,1,1
L1L2-to-L3,72,114,1,1
L1L2-to-L3,72,117,1,1
L1L2-to-L3,72,118,1,1
L1L2-to-L3,72,123,1,1
L1L2-to-L3,72,124,1,1
L1L2-to-L3,72,126,1,1
L1L2-to-L3,72,127,1,1
L1L2-to-L3,72,131,1,1
L1L2-to-L3,72,132,1,1
L1L2-to-L3,72,136,1,1
L1L2-to-L3,72,140,1,1
L1L2-to-L3,72,144,1,1
L1L2-to-L3,72,145,1,1
L1L2-to-L3,72,146,1,1
L1L2-to-L3,72,151,1,1
L1L2-to-L3,72,152,1,1
L1L2-to-L3,72,166,1,1
L1L2-to-L3,72,167,1,1
L1L2-to-L3,72,169,1,1
L1L2-to-L3,72,170,1,1
L1L2-to-L3,72,173,1,1
L1L2-to-L3,72,175,1,1
L1L2-to-L3,72,176,1,1
L1L2-to-L3,72,178,1,1
L1L2-to-L3,72,179,1,1
L1L2-to-L3,72,181,1,1
L1L2-to-L3,72,182,1,1
L1L2-to-L3,72,183,1,1
L1L2-to-L3,72,184,1,1
L1L2-to-L3,72,186,1,1
L1L2-to-L3,72,188,1,1
L1L2-to-L3,72,189,1,1
L1L2-to-L3,72,190,1,1
L1L2-to-L3,72,192,1,1
L1L2-to-L3,72,193,1,1
L1L2-to-L3,72,194,1,1
L1L2-to-L3,72,195,1,1
L1L2-to-L3,72,196,1,1
L1L2-to-L3,72,198,1,1
L1L2-to-L3,72,199,1,1
L1L2-to-L3,72,204,1,1
L1L2-to-L3,72,206,1,1
L1L2-to-L3,72,207,1,1
L1L2-to-L3,72,208,1,1
L1L2-to-L3,72,210,1,1
L1L2-to-L3,72,211,1,1
L1L2-to-L3,72,216,1,1
L1L2-to-L3,72,217,1,1
L1L2-to-L3,72,224,1,1
L1L2-to-L3,72,227,1,1
L1L2-to-L3,72,229,1,1
L1L2-to-L3,72,230,1,1
L1L2-to-L3,72,231,1,1
L1L2-to-L3,72,232,1,1
L1L2-to-L3,72,234,1,1
L1L2-to-L3,72,235,1,1
L1L2-to-L3,72,239,1,1
L1L2-to-L3,72,241,1,1
L1L2-to-L3,72,242,1,1
L1L2-to-L3,72,248,1,1
L1L2-to-L3,72,249,1,1
L1L2-to-L3,72,250,1,1
L1L2-to-L3,72,251,1,1
L1L2-to-L3,72,253,1,1
L1L2-to-L3,73,4,1,1
L1L2-to-L3,73,7,1,1
L1L2-to-L3,73,10,1,1
L1L2-to-L3,73,11,1,1
L1L2-to-L3,73,13,1,1
L1L2-to-L3,73,15,1,1
L1L2-to-L3,73,16,1,1
L1L2-to-L3,73,19,1,1
L1L2-to-L3,73,23,1,1
L1L2-to-L3,73,26,1,1
L1L2-to-L3,73,27,1,1
L1L2-to-L3,73,29,1,1
L1L2-to-L3,73,36,1,1
L1L2-to-L3,73,37,1,1
L1L2-to-L3,73,47,1,1
L1L2-to-L3,73,50,1,1
L1L2-to-L3,73,51,1,1
L1L2-to-L3,73,52,1,1
L1L2-to-L3,73,53,1,1
L1L2-to-L3,73,57,1,1
L1L2-to-L3,73,58,1,1
L1L2-to-L3,73,59,1,1
L1L2-to-L3,73,60,1,1
L1L2-to-L3,73,65,1,1
L1L2-to-L3,73,70,1,1
L1L2-to-L3,73,74,1,1
L1L2-to-L3,73,77,1,1
L1L2-to-L3,73,82,1,1
L1L2-to-L3,73,88,1,1
L1L2-to-L3,73,92,1,1
L1L2-to-L3,73,94,1,1
L1L2-to-L3,73,101,1,1
L1L2-to-L3,73,102,1,1
L1L2-to-L3,73,103,1,1
L1L2-to-L3,73,104,1,1
L1L2-to-L3,73,105,1,1
L1L2-to-L3,73,111,1,1
L1L2-to-L3,73,112,1,1
L1L2-to-L3,73,113,1,1
L1L2-to-L3,73,116,1,1
L1L2-to-L3,73,118,1,1
L1L2-to-L3,73,121,1,1
L1L2-to-L3,73,122,1,1
L1L2-to-L3,73,123,1,1
L1L2-to-L3,73,131,1,1
L1L2-to-L3,73,134,1,1
L1L2-to-L3,73,135,1,1
L1L2-to-L3,73,136,1,1
L1L2-to-L3,73,139,1,1
L1L2-to-L3,73,140,1,1
L1L2-to-L3,73,148,1,1
L1L2-to-L3,73,149,1,1
L1L2-to-L3,73,154,1,1
L1L2-to-L3,73,155,1,1
L1L2-to-L3,73,156,1,1
L1L2-to-L3,73,158,1,1
L1L2-to-L3,73,159,1,1
L1L2-to-L3,73,161,1,1
L1L2-to-L3,73,162,1,1
L1L2-to-L3,73,163,1,1
L1L2-to-L3,73,165,1,1
L1L2-to-L3,73,167,1,1
L1L2-to-L3,73,173,1,1
L1L2-to-L3,73,175,1,1
L1L2-to-L3,73,176,1,1
L1L2-to-L3,73,177,1,1
L1L2-to-L3,73,178,1,1
L1L2-to-L3,73,179,1,1
L1L2-to-L3,73,180,1,1
L1L2-to-L3,73,183,1,1
L1L2-to-L3,73,185,1,1
L1L2-to-L3,73,186,1,1
L1L2-to-L3,73,188,1,1
L1L2-to-L3,73,189,1,1
L1L2-to-L3,73,190,1,1
L1L2-to-L3,73,193,1,1
L1L2-to-L3,73,194,1,1
L1L2-to-L3,73,196,1,1
L1L2-to-L3,73,197,1,1
L1L2-to-L3,73,200,1,1
L1L2-to-L3,73,202,1,1
L1L2-to-L3,73,207,1,1
L1L2-to-L3,73,210,1,1
L1L2-to-L3,73,213,1,1
L1L2-to-L3,73,214,1,1
L1L2-to-L3,73,215,1,1
L1L2-to-L3,73,217,1,1
L1L2-to-L3,73,219,1,1
L1L2-to-L3,73,220,1,1
L1L2-to-L3,73,222,1,1
L1L2-to-L3,73,223,1,1
L1L2-to-L3,73,231,1,1
L1L2-to-L3,73,232,1,1
L1L2-to-L3,73,233,1,1
L1L2-to-L3,73,234,1,1
L1L2-to-L3,73,235,1,1
L1L2-to-L3,73,236,1,1
L1L2-to-L3,73,240,1,1
L1L2-to-L3,73,241,1,1
L1L2-to-L3,73,243,1,1
L1L2-to-L3,73,244,1,1
L1L2-to-L3,73,245,1,1
L1L2-to-L3,73,247,1,1
L1L2-to-L3,73,250,1,1
L1L2-to-L3,73,251,1,1
L1L2-to-L3,73,252,1,1
L1L2-to-L3,73,254,1,1
L1L2-to-L3,74,0,1,1
L1L2-to-L3,74,1,1,1
L1L2-to-L3,74,3,1,1
L1L2-to-L3,74,6,1,1
L1L2-to-L3,74,7,1,1
L1L2-to-L3,74,9,1,1
L1L2-to-L3,74,10,1,1
L1L2-to-L3,74,11,1,1
L1L2-to-L3,74,12,1,1
L1L2-to-L3,74,21,1,1
L1L2-to-L3,74,22,1,1
L1L2-to-L3,74,24,1,1
L1L2-to-L3,74,25,1,1
L1L2-to-L3,74,30,1,1
L1L2-to-L3,74,31,1,1
L1L2-to-L3,74,38,1,1
L1L2-to-L3,74,39,1,1
L1L2-to-L3,74,42,1,1
L1L2-to-L3,74,43,1,1
L1L2-to-L3,74,44,1,1
L1L2-to-L3,74,47,1,1
L1L2-to-L3,74,49,1,1
L1L2-to-L3,74,54,1,1
L1L2-to-L3,74,59,1,1
L1L2-to-L3,74,60,1,1
L1L2-to-L3,74,61,1,1
L1L2-to-L3,74,66,1,1
L1L2-to-L3,74,74,1,1
L1L2-to-L3,74,78,1,1
L1L2-to-L3,74,80,1,1
L1L2-to-L3,74,85,1,1
L1L2-to-L3,74,86,1,1
L1L2-to-L3,74,90,1,1
L1L2-to-L3,74,91,1,1
L1L2-to-L3,74,93,1,1
L1L2-to-L3,74,94,1,1
L1L2-to-L3,74,100,1,1
L1L2-to-L3,74,101,1,1
L1L2-to-L3,74,104,1,1
L1L2-to-L3,74,106,1,1
L1L2-to-L3,74,108,1,1
L1L2-to-L3,74,111,1,1
L1L2-to-L3,74,112,1,1
L1L2-to-L3,74,117,1,1
L1L2-to-L3,74,122,1,1
L1L2-to-L3,74,124,1,1
L1L2-to-L3,74,126,1,1
L1L2-to-L3,74,127,1,1
L1L2-to-L3,74,128,1,1
L1L2-to-L3,74,133,1,1
L1L2-to-L3,74,135,1,1
L1L2-to-L3,74,136,1,1
L1L2-to-L3,74,140,1,1
L1L2-to-L3,74,143,1,1
L1L2-to-L3,74,144,1,1
L1L2-to-L3,74,145,1,1
L1L2-to-L3,74,148,1,1
L1L2-to-L3,74,150,1,1
L1L2-to-L3,74,151,1,1
L1L2-to-L3,74,152,1,1
L1L2-to-L3,74,153,1,1
L1L2-to-L3,74,155,1,1
L1L2-to-L3,74,158,1,1
L1L2-to-L3,74,159,1,1
L1L2-to-L3,74,163,1,1
L1L2-to-L3,74,166,1,1
L1L2-to-L3,74,171,1,1
L1L2-to-L3,74,175,1,1
L1L2-to-L3,74,176,1,1
L1L2-to-L3,74,186,1,1
L1L2-to-L3,74,187,1,1
L1L2-to-L3,74,190,1,1
L1L2-to-L3,74,191,1,1
L1L2-to-L3,74,192,1,1
L1L2-to-L3,74,193,1,1
L1L2-to-L3,74,196,1,1
L1L2-to-L3,74,197,1,1
L1L2-to-L3,74,199,1,1
L1L2-to-L3,74,200,1,1
L1L2-to-L3,74,201,1,1
L1L2-to-L3,74,208,1,1
L1L2-to-L3,74,209,1,1
L1L2-to-L3,74,210,1,1
L1L2-to-L3,74,215,1,1
L1L2-to-L3,74,216,1,1
L1L2-to-L3,74,219,1,1
L1L2-to-L3,74,220,1,1
L1L2-to-L3,74,226,1,1
L1L2-to-L3,74,227,1,1
L1L2-to-L3,74,228,1,1
L1L2-to-L3,74,229,1,1
L1L2-to-L3,74,230,1,1
L1L2-to-L3,74,231,1,1
L1L2-to-L3,74,232,1,1
L1L2-to-L3,74,237,1,1
L1L2-to-L3,74,238,1,1
L1L2-to-L3,74,241,1,1
L1L2-to-L3,74,244,1,1
L1L2-to-L3,74,245,1,1
L1L2-to-L3,74,246,1,1
L1L2-to-L3,74,252,1,1
L1L2-to-L3,74,254,1,1
L1L2-to-L3,74,255,1,1
L1L2-to-L3,75,0,1,1
L1L2-to-L3,75,1,1,1
L1L2-to-L3,75,3,1,1
L1L2-to-L3,75,6,1,1
L1L2-to-L3,75,7,1,1
L1L2-to-L3,75,12,1,1
L1L2-to-L3,75,17,1,1
L1L2-to-L3,75,19,1,1
L1L2-to-L3,75,20,1,1
L1L2-to-L3,75,21,1,1
L1L2-to-L3,75,24,1,1
L1L2-to-L3,75,26,1,1
L1L2-to-L3,75,27,1,1
L1L2-to-L3,75,28,1,1
L1L2-to-L3,75,29,1,1
L1L2-to-L3,75,30,1,1
L1L2-to-L3,75,37,1,1
L1L2-to-L3,75,42,1,1
L1L2-to-L3,75,46,1,1
L1L2-to-L3,75,47,1,1
L1L2-to-L3,75,48,1,1
L1L2-to-L3,75,50,1,1
L1L2-to-L3,75,51,1,1
L1L2-to-L3,75,52,1,1
L1L2-to-L3,75,53,1,1
L1L2-to-L3,75,54,1,1
L1L2-to-L3,75,60,1,1
L1L2-to-L3,75,62,1,1
L1L2-to-L3,75,64,1,1
L1L2-to-L3,75,66,1,1
L1L2-to-L3,75,73,1,1
L1L2-to-L3,75,74,1,1
L1L2-to-L3,75,76,1,1
L1L2-to-L3,75,79,1,1
L1L2-to-L3,75,82,1,1
L1L2-to-L3,75,90,1,1
L1L2-to-L3,75,92,1,1
L1L2-to-L3,75,93,1,1
L1L2-to-L3,75,95,1,1
L1L2-to-L3,75,98,1,1
L1L2-to-L3,75,102,1,1
L1L2-to-L3,75,104,1,1
L1L2-to-L3,75,106,1,1
L1L2-to-L3,75,107,1,1
L1L2-to-L3,75,110,1,1
L1L2-to-L3,75,111,1,1
L1L2-to-L3,75,116,1,1
L1L2-to-L3,75,117,1,1
L1L2-to-L3,75,119,1,1
L1L2-to-L3,75,120,1,1
L1L2-to-L3,75,121,1,1
L1L2-to-L3,75,128,1,1
L1L2-to-L3,75,130,1,1
L1L2-to-L3,75,131,1,1
L1L2-to-L3,75,132,1,1
L1L2-to-L3,75,139,1,1
L1L2-to-L3,75,141,1,1
L1L2-to-L3,75,144,1,1
L1L2-to-L3,75,146,1,1
L1L2-to-L3,75,148,1,1
L1L2-to-L3,75,149,1,1
L1L2-to-L3,75,152,1,1
L1L2-to-L3,75,158,1,1
L1L2-to-L3,75,160,1,1
L1L2-to-L3,75,162,1,1
L1L2-to-L3,75,165,1,1
L1L2-to-L3,75,169,1,1
L1L2-to-L3,75,170,1,1
L1L2-to-L3,75,172,1,1
L1L2-to-L3,75,173,1,1
L1L2-to-L3,75,174,1,1
L1L2-to-L3,75,175,1,1
L1L2-to-L3,75,176,1,1
L1L2-to-L3,75,178,1,1
L1L2-to-L3,75,180,1,1
L1L2-to-L3,75,183,1,1
L1L2-to-L3,75,185,1,1
L1L2-to-L3,75,186,1,1
L1L2-to-L3,75,189,1,1
L1L2-to-L3,75,190,1,1
L1L2-to-L3,75,191,1,1
L1L2-to-L3,75,194,1,1
L1L2-to-L3,75,195,1,1
L1L2-to-L3,75,198,1,1
L1L2-to-L3,75,199,1,1
L1L2-to-L3,75,200,1,1
L1L2-to-L3,75,205,1,1
L1L2-to-L3,75,209,1,1
L1L2-to-L3,75,213,1,1
L1L2-to-L3,75,214,1,1
L1L2-to-L3,75,215,1,1
L1L2-to-L3,75,216,1,1
L1L2-to-L3,75,220,1,1
L1L2-to-L3,75,221,1,1
L1L2-to-L3,75,222,1,1
L1L2-to-L3,75,223,1,1
L1L2-to-L3,75,226,1,1
L1L2-to-L3,75,229,1,1
L1L2-to-L3,75,230,1,1
L1L2-to-L3,75,231,1,1
L1L2-to-L3,75,238,1,1
L1L2-to-L3,75,239,1,1
L1L2-to-L3,75,241,1,1
L1L2-to-L3,75,242,1,1
L1L2-to-L3,75,243,1,1
L1L2-to-L3,75,244,1,1
L1L2-to-L3,75,246,1,1
L1L2-to-L3,75,248,1,1
L1L2-to-L3,75,250,1,1
L1L2-to-L3,75,251,1,1
L1L2-to-L3,75,253,1,1
L1L2-to-L3,76,15,1,1
L1L2-to-L3,76,23,1,1
L1L2-to-L3,76,26,1,1
L1L2-to-L3,76,27,1,1
L1L2-to-L3,76,29,1,1
L1L2-to-L3,76,30,1,1
L1L2-to-L3,76,42,1,1
L1L2-to-L3,76,46,1,1
L1L2-to-L3,76,58,1,1
L1L2-to-L3,76,61,1,1
L1L2-to-L3,76,66,1,1
L1L2-to-L3,76,69,1,1
L1L2-to-L3,76,75,1,1
L1L2-to-L3,76,87,1,1
L1L2-to-L3,76,93,1,1
L1L2-to-L3,76,101,1,1
L1L2-to-L3,76,103,1,1
L1L2-to-L3,76,110,1,1
L1L2-to-L3,76,111,1,1
L1L2-to-L3,76,112,1,1
L1L2-to-L3,76,113,1,1
L1L2-to-L3,76,114,1,1
L1L2-to-L3,76,119,1,1
L1L2-to-L3,76,122,1,1
L1L2-to-L3,76,127,1,1
L1L2-to-L3,76,129,1,1
L1L2-to-L3,76,133,1,1
L1L2-to-L3,76,136,1,1
L1L2-to-L3,76,139,1,1
L1L2-to-L3,76,145,1,1
L1L2-to-L3,76,146,1,1
L1L2-to-L3,76,147,1,1
L1L2-to-L3,76,153,1,1
L1L2-to-L3,76,154,1,1
L1L2-to-L3,76,158,1,1
L1L2-to-L3,76,160,1,1
L1L2-to-L3,76,163,1,1
L1L2-to-L3,76,165,1,1
L1L2-to-L3,76,172,1,1
L1L2-to-L3,76,178,1,1
L1L2-to-L3,76,180,1,1
L1L2-to-L3,76,181,1,1
L1L2-to-L3,76,182,1,1
L1L2-to-L3,76,184,1,1
L1L2-to-L3,76,190,1,1
L1L2-to-L3,76,193,1,1
L1L2-to-L3,76,200,1,1
L1L2-to-L3,76,207,1,1
L1L2-to-L3,76,209,1,1
L1L2-to-L3,76,210,1,1
L1L2-to-L3,76,213,1,1
L1L2-to-L3,76,218,1,1
L1L2-to-L3,76,221,1,1
L1L2-to-L3,76,222,1,1
L1L2-to-L3,76,224,1,1
L1L2-to-L3,76,226,1,1
L1L2-to-L3,76,230,1,1
L1L2-to-L3,76,232,1,1
L1L2-to-L3,76,235,1,1
L1L2-to-L3,76,240,1,1
L1L2-to-L3,76,244,1,1
L1L2-to-L3,76,245,1,1
L1L2-to-L3,76,247,1,1
L1L2-to-L3,76,249,1,1
L1L2-to-L3,76,251,1,1
L1L2-to-L3,76,254,1,1
L1L2-to-L3,77,2,1,1
L1L2-to-L3,77,8,1,1
L1L2-to-L3,77,10,1,1
L1L2-to-L3,77,13,1,1
L1L2-to-L3,77,16,1,1
L1L2-to-L3,77,18,1,1
L1L2-to-L3,77,23,1,1
L1L2-to-L3,77,26,1,1
L1L2-to-L3,77,28,1,1
L1L2-to-L3,77,29,1,1
L1L2-to-L3,77,38,1,1
L1L2-to-L3,77,39,1,1
L1L2-to-L3,77,43,1,1
L1L2-to-L3,77,46,1,1
L1L2-to-L3,77,48,1,1
L1L2-to-L3,77,52,1,1
L1L2-to-L3,77,53,1,1
L1L2-to-L3,77,55,1,1
L1L2-to-L3,77,56,1,1
L1L2-to-L3,77,60,1,1
L1L2-to-L3,77,65,1,1
L1L2-to-L3,77,66,1,1
L1L2-to-L3,77,67,1,1
L1L2-to-L3,77,72,1,1
L1L2-to-L3,77,79,1,1
L1L2-to-L3,77,80,1,1
L1L2-to-L3,77,85,1,1
L1L2-to-L3,77,87,1,1
L1L2-to-L3,77,88,1,1
L1L2-to-L3,77,97,1,1
L1L2-to-L3,77,98,1,1
L1L2-to-L3,77,104,1,1
L1L2-to-L3,77,105,1,1
L1L2-to-L3,77,110,1,1
L1L2-to-L3,77,114,1,1
L1L2-to-L3,77,115,1,1
L1L2-to-L3,77,117,1,1
L1L2-to-L3,77,119,1,1
L1L2-to-L3,77,122,1,1
L1L2-to-L3,77,124,1,1
L1L2-to-L3,77,125,1,1
L1L2-to-L3,77,128,1,1
L1L2-to-L3,77,129,1,1
L1L2-to-L3,77,131,1,1
L1L2-to-L3,77,139,1,1
L1L2-to-L3,77,140,1,1
L1L2-to-L3,77,141,1,1
L1L2-to-L3,77,149,1,1
L1L2-to-L3,77,150,1,1
L1L2-to-L3,77,151,1,1
L1L2-to-L3,77,155,1,1
L1L2-to-L3,77,157,1,1
L1L2-to-L3,77,158,1,1
L1L2-to-L3,77,162,1,1
L1L2-to-L3,77,164,1,1
L1L2-to-L3,77,166,1,1
L1L2-to-L3,77,167,1,1
L1L2-to-L3,77,168,1,1
L1L2-to-L3,77,172,1,1
L1L2-to-L3,77,173,1,1
L1L2-to-L3,77,174,1,1
L1L2-to-L3,77,176,1,1
L1L2-to-L3,77,182,1,1
L1L2-to-L3,77,183,1,1
L1L2-to-L3,77,184,1,1
L1L2-to-L3,77,185,1,1
L1L2-to-L3,77,187,1,1
L1L2-to-L3,77,188,1,1
L1L2-to-L3,77,192,1,1
L1L2-to-L3,77,193,1,1
L1L2-to-L3,77,196,1,1
L1L2-to-L3,77,198,1,1
L1L2-to-L3,77,199,1,1
L1L2-to-L3,77,200,1,1
L1L2-to-L3,77,207,1,1
L1L2-to-L3,77,212,1,1
L1L2-to-L3,77,214,1,1
L1L2-to-L3,77,218,1,1
L1L2-to-L3,77,219,1,1
L1L2-to-L3,77,222,1,1
L1L2-to-L3,77,223,1,1
L1L2-to-L3,77,224,1,1
L1L2-to-L3,77,225,1,1
L1L2-to-L3,77,228,1,1
L1L2-to-L3,77,232,1,1
L1L2-to-L3,77,234,1,1
L1L2-to-L3,77,237,1,1
L1L2-to-L3,77,243,1,1
L1L2-to-L3,77,245,1,1
L1L2-to-L3,77,246,1,1
L1L2-to-L3,77,247,1,1
L1L2-to-L3,77,250,1,1
L1L2-to-L3,77,251,1,1
L1L2-to-L3,77,252,1,1
L1L2-to-L3,77,253,1,1
L1L2-to-L3,77,254,1,1
L1L2-to-L3,78,4,1,1
L1L2-to-L3,78,6,1,1
L1L2-to-L3,78,10,1,1
L1L2-to-L3,78,12,1,1
L1L2-to-L3,78,13,1,1
L1L2-to-L3,78,21,1,1
L1L2-to-L3,78,23,1,1
L1L2-to-L3,78,29,1,1
L1L2-to-L3,78,30,1,1
L1L2-to-L3,78,33,1,1
L1L2-to-L3,78,45,1,1
L1L2-to-L3,78,47,1,1
L1L2-to-L3,78,49,1,1
L1L2-to-L3,78,53,1,1
L1L2-to-L3,78,54,1,1
L1L2-to-L3,78,57,1,1
L1L2-to-L3,78,59,1,1
L1L2-to-L3,78,61,1,1
L1L2-to-L3,78,63,1,1
L1L2-to-L3,78,71,1,1
L1L2-to-L3,78,75,1,1
L1L2-to-L3,78,79,1,1
L1L2-to-L3,78,81,1,1
L1L2-to-L3,78,85,1,1
L1L2-to-L3,78,86,1,1
L1L2-to-L3,78,87,1,1
L1L2-to-L3,78,91,1,1
L1L2-to-L3,78,92,1,1
L1L2-to-L3,78,93,1,1
L1L2-to-L3,78,95,1,1
L1L2-to-L3,78,96,1,1
L1L2-to-L3,78,99,1,1
L1L2-to-L3,78,101,1,1
L1L2-to-L3,78,102,1,1
L1L2-to-L3,78,103,1,1
L1L2-to-L3,78,105,1,1
L1L2-to-L3,78,106,1,1
L1L2-to-L3,78,108,1,1
L1L2-to-L3,78,109,1,1
L1L2-to-L3,78,113,1,1
L1L2-to-L3,78,114,1,1
L1L2-to-L3,78,115,1,1
L1L2-to-L3,78,116,1,1
L1L2-to-L3,78,118,1,1
L1L2-to-L3,78,121,1,1
L1L2-to-L3,78,123,1,1
L1L2-to-L3,78,125,1,1
L1L2-to-L3,78,127,1,1
L1L2-to-L3,78,128,1,1
L1L2-to-L3,78,129,1,1
L1L2-to-L3,78,135,1,1
L1L2-to-L3,78,136,1,1
L1L2-to-L3,78,137,1,1
L1L2-to-L3,78,139,1,1
L1L2-to-L3,78,140,1,1
L1L2-to-L3,78,142,1,1
L1L2-to-L3,78,143,1,1
L1L2-to-L3,78,146,1,1
L1L2-to-L3,78,150,1,1
L1L2-to-L3,78,152,1,1
L1L2-to-L3,78,154,1,1
L1L2-to-L3,78,157,1,1
L1L2-to-L3,78,161,1,1
L1L2-to-L3,78,162,1,1
L1L2-to-L3,78,164,1,1
L1L2-to-L3,78,165,1,1
L1L2-to-L3,78,166,1,1
L1L2-to-L3,78,167,1,1
L1L2-to-L3,78,169,1,1
L1L2-to-L3,78,171,1,1
L1L2-to-L3,78,172,1,1
L1L2-to-L3,78,174,1,1
L1L2-to-L3,78,177,1,1
L1L2-to-L3,78,179,1,1
L1L2-to-L3,78,180,1,1
L1L2-to-L3,78,181,1,1
L1L2-to-L3,78,189,1,1
L1L2-to-L3,78,192,1,1
L1L2-to-L3,78,193,1,1
L1L2-to-L3,78,197,1,1
L1L2-to-L3,78,198,1,1
L1L2-to-L3,78,199,1,1
L1L2-to-L3,78,203,1,1
L1L2-to-L3,78,204,1,1
L1L2-to-L3,78,205,1,1
L1L2-to-L3,78,207,1,1
L1L2-to-L3,78,208,1,1
L1L2-to-L3,78,209,1,1
L1L2-to-L3,78,210,1,1
L1L2-to-L3,78,211,1,1
L1L2-to-L3,78,212,1,1
L1L2-to-L3,78,213,1,1
L1L2-to-L3,78,216,1,1
L1L2-to-L3,78,217,1,1
L1L2-to-L3,78,218,1,1
L1L2-to-L3,78,221,1,1
L1L2-to-L3,78,222,1,1
L1L2-to-L3,78,223,1,1
L1L2-to-L3,78,224,1,1
L1L2-to-L3,78,225,1,1
L1L2-to-L3,78,228,1,1
L1L2-to-L3,78,229,1,1
L1L2-to-L3,78,233,1,1
L1L2-to-L3,78,234,1,1
L1L2-to-L3,78,235,1,1
L1L2-to-L3,78,236,1,1
L1L2-to-L3,78,239,1,1
L1L2-to-L3,78,242,1,1
L1L2-to-L3,78,243,1,1
L1L2-to-L3,78,247,1,1
L1L2-to-L3,78,249,1,1
L1L2-to-L3,78,250,1,1
L1L2-to-L3,78,252,1,1
L1L2-to-L3,78,253,1,1
L1L2-to-L3,78,254,1,1
L1L2-to-L3,78,255,1,1
L1L2-to-L3,79,3,1,1
L1L2-to-L3,79,4,1,1
L1L2-to-L3,79,6,1,1
L1L2-to-L3,79,7,1,1
L1L2-to-L3,79,16,1,1
L1L2-to-L3,79,28,1,1
L1L2-to-L3,79,31,1,1
L1L2-to-L3,79,33,1,1
L1L2-to-L3,79,35,1,1
L1L2-to-L3,79,36,1,1
L1L2-to-L3,79,37,1,1
L1L2-to-L3,79,39,1,1
L1L2-to-L3,79,44,1,1
L1L2-to-L3,79,45,1,1
L1L2-to-L3,79,47,1,1
L1L2-to-L3,79,50,1,1
L1L2-to-L3,79,52,1,1
L1L2-to-L3,79,54,1,1
L1L2-to-L3,79,56,1,1
L1L2-to-L3,79,58,1,1
L1L2-to-L3,79,60,1,1
L1L2-to-L3,79,67,1,1
L1L2-to-L3,79,72,1,1
L1L2-to-L3,79,73,1,1
L1L2-to-L3,79,80,1,1
L1L2-to-L3,79,84,1,1
L1L2-to-L3,79,87,1,1
L1L2-to-L3,79,92,1,1
L1L2-to-L3,79,93,1,1
L1L2-to-L3,79,94,1,1
L1L2-to-L3,79,96,1,1
L1L2-to-L3,79,101,1,1
L1L2-to-L3,79,103,1,1
L1L2-to-L3,79,109,1,1
L1L2-to-L3,79,110,1,1
L1L2-to-L3,79,114,1,1
L1L2-to-L3,79,115,1,1
L1L2-to-L3,79,116,1,1
L1L2-to-L3,79,121,1,1
L1L2-to-L3,79,122,1,1
L1L2-to-L3,79,127,1,1
L1L2-to-L3,79,128,1,1
L1L2-to-L3,79,132,1,1
L1L2-to-L3,79,133,1,1
L1L2-to-L3,79,136,1,1
L1L2-to-L3,79,140,1,1
L1L2-to-L3,79,148,1,1
L1L2-to-L3,79,149,1,1
L1L2-to-L3,79,152,1,1
L1L2-to-L3,79,154,1,1
L1L2-to-L3,79,156,1,1
L1L2-to-L3,79,158,1,1
L1L2-to-L3,79,160,1,1
L1L2-to-L3,79,161,1,1
L1L2-to-L3,79,165,1,1
L1L2-to-L3,79,167,1,1
L1L2-to-L3,79,168,1,1
L1L2-to-L3,79,169,1,1
L1L2-to-L3,79,170,1,1
L1L2-to-L3,79,173,1,1
L1L2-to-L3,79,180,1,1
L1L2-to-L3,79,181,1,1
L1L2-to-L3,79,184,1,1
L1L2-to-L3,79,185,1,1
L1L2-to-L3,79,187,1,1
L1L2-to-L3,79,191,1,1
L1L2-to-L3,79,195,1,1
L1L2-to-L3,79,197,1,1
L1L2-to-L3,79,198,1,1
L1L2-to-L3,79,199,1,1
L1L2-to-L3,79,211,1,1
L1L2-to-L3,79,213,1,1
L1L2-to-L3,79,214,1,1
L1L2-to-L3,79,220,1,1
L1L2-to-L3,79,221,1,1
L1L2-to-L3,79,224,1,1
L1L2-to-L3,79,226,1,1
L1L2-to-L3,79,230,1,1
L1L2-to-L3,79,235,1,1
L1L2-to-L3,79,237,1,1
L1L2-to-L3,79,239,1,1
L1L2-to-L3,79,240,1,1
L1L2-to-L3,79,241,1,1
L1L2-to-L3,79,242,1,1
L1L2-to-L3,79,243,1,1
L1L2-to-L3,79,244,1,1
L1L2-to-L3,79,247,1,1
L1L2-to-L3,79,248,1,1
L1L2-to-L3,79,249,1,1
L1L2-to-L3,79,251,1,1
L1L2-to-L3,79,254,1,1
L1L2-to-L3,80,2,1,1
L1L2-to-L3,80,11,1,1
L1L2-to-L3,80,14,1,1
L1L2-to-L3,80,15,1,1
L1L2-to-L3,80,17,1,1
L1L2-to-L3,80,21,1,1
L1L2-to-L3,80,22,1,1
L1L2-to-L3,80,25,1,1
L1L2-to-L3,80,28,1,1
L1L2-to-L3,80,29,1,1
L1L2-to-L3,80,34,1,1
L1L2-to-L3,80,35,1,1
L1L2-to-L3,80,39,1,1
L1L2-to-L3,80,44,1,1
L1L2-to-L3,80,45,1,1
L1L2-to-L3,80,49,1,1
L1L2-to-L3,80,50,1,1
L1L2-to-L3,80,51,1,1
L1L2-to-L3,80,53,1,1
L1L2-to-L3,80,54,1,1
L1L2-to-L3,80,55,1,1
L1L2-to-L3,80,62,1,1
L1L2-to-L3,80,63,1,1
L1L2-to-L3,80,64,1,1
L1L2-to-L3,80,66,1,1
L1L2-to-L3,80,68,1,1
L1L2-to-L3,80,72,1,1
L1L2-to-L3,80,73,1,1
L1L2-to-L3,80,74,1,1
L1L2-to-L3,80,77,1,1
L1L2-to-L3,80,80,1,1
L1L2-to-L3,80,83,1,1
L1L2-to-L3,80,84,1,1
L1L2-to-L3,80,85,1,1
L1L2-to-L3,80,87,1,1
L1L2-to-L3,80,92,1,1
L1L2-to-L3,80,96,1,1
L1L2-to-L3,80,97,1,1
L1L2-to-L3,80,98,1,1
L1L2-to-L3,80,99,1,1
L1L2-to-L3,80,103,1,1
L1L2-to-L3,80,107,1,1
L1L2-to-L3,80,108,1,1
L1L2-to-L3,80,109,1,1
L1L2-to-L3,80,110,1,1
L1L2-to-L3,80,111,1,1
L1L2-to-L3,80,112,1,1
L1L2-to-L3,80,113,1,1
L1L2-to-L3,80,114,1,1
L1L2-to-L3,80,118,1,1
L1L2-to-L3,80,119,1,1
L1L2-to-L3,80,120,1,1
L1L2-to-L3,80,121,1,1
L1L2-to-L3,80,124,1,1
L1L2-to-L3,80,126,1,1
L1L2-to-L3,80,128,1,1
L1L2-to-L3,80,130,1,1
L1L2-to-L3,80,131,1,1
L1L2-to-L3,80,132,1,1
L1L2-to-L3,80,136,1,1
L1L2-to-L3,80,137,1,1
L1L2-to-L3,80,138,1,1
L1L2-to-L3,80,139,1,1
L1L2-to-L3,80,140,1,1
L1L2-to-L3,80,141,1,1
L1L2-to-L3,80,144,1,1
L1L2-to-L3,80,146,1,1
L1L2-to-L3,80,147,1,1
L1L2-to-L3,80,148,1,1
L1L2-to-L3,80,149,1,1
L1L2-to-L3,80,150,1,1
L1L2-to-L3,80,151,1,1
L1L2-to-L3,80,153,1,1
L1L2-to-L3,80,155,1,1
L1L2-to-L3,80,156,1,1
L1L2-to-L3,80,157,1,1
L1L2-to-L3,80,159,1,1
L1L2-to-L3,80,161,1,1
L1L2-to-L3,80,162,1,1
L1L2-to-L3,80,167,1,1
L1L2-to-L3,80,169,1,1
L1L2-to-L3,80,170,1,1
L1L2-to-L3,80,174,1,1
L1L2-to-L3,80,178,1,1
L1L2-to-L3,80,179,1,1
L1L2-to-L3,80,180,1,1
L1L2-to-L3,80,182,1,1
L1L2-to-L3,80,184,1,1
L1L2-to-L3,80,185,1,1
L1L2-to-L3,80,186,1,1
L1L2-to-L3,80,191,1,1
L1L2-to-L3,80,192,1,1
L1L2-to-L3,80,193,1,1
L1L2-to-L3,80,194,1,1
L1L2-to-L3,80,196,1,1
L1L2-to-L3,80,197,1,1
L1L2-to-L3,80,198,1,1
L1L2-to-L3,80,200,1,1
L1L2-to-L3,80,204,1,1
L1L2-to-L3,80,205,1,1
L1L2-to-L3,80,208,1,1
L1L2-to-L3,80,215,1,1
L1L2-to-L3,80,217,1,1
L1L2-to-L3,80,220,1,1
L1L2-to-L3,80,222,1,1
L1L2-to-L3,80,223,1,1
L1L2-to-L3,80,224,1,1
L1L2-to-L3,80,227,1,1
L1L2-to-L3,80,231,1,1
L1L2-to-L3,80,233,1,1
L1L2-to-L3,80,234,1,1
L1L2-to-L3,80,235,1,1
L1L2-to-L3,80,238,1,1
L1L2-to-L3,80,239,1,1
L1L2-to-L3,80,241,1,1
L1L2-to-L3,80,245,1,1
L1L2-to-L3,80,246,1,1
L1L2-to-L3,80,248,1,1
L1L2-to-L3,80,250,1,1
L1L2-to-L3,80,251,1,1
L1L2-to-L3,80,252,1,1
L1L2-to-L3,80,254,1,1
L1L2-to-L3,80,255,1,1
L1L2-to-L3,81,10,1,1
L1L2-to-L3,81,11,1,1
L1L2-to-L3,81,24,1,1
L1L2-to-L3,81,35,1,1
L1L2-to-L3,81,36,1,1
L1L2-to-L3,81,40,1,1
L1L2-to-L3,81,43,1,1
L1L2-to-L3,81,48,1,1
L1L2-to-L3,81,49,1,1
L1L2-to-L3,81,60,1,1
L1L2-to-L3,81,74,1,1
L1L2-to-L3,81,78,1,1
L1L2-to-L3,81,85,1,1
L1L2-to-L3,81,97,1,1
L1L2-to-L3,81,100,1,1
L1L2-to-L3,81,102,1,1
L1L2-to-L3,81,103,1,1
L1L2-to-L3,81,108,1,1
L1L2-to-L3,81,113,1,1
L1L2-to-L3,81,120,1,1
L1L2-to-L3,81,127,1,1
L1L2-to-L3,81,138,1,1
L1L2-to-L3,81,140,1,1
L1L2-to-L3,81,144,1,1
L1L2-to-L3,81,145,1,1
L1L2-to-L3,81,147,1,1
L1L2-to-L3,81,149,1,1
L1L2-to-L3,81,150,1,1
L1L2-to-L3,81,151,1,1
L1L2-to-L3,81,162,1,1
L1L2-to-L3,81,165,1,1
L1L2-to-L3,81,168,1,1
L1L2-to-L3,81,177,1,1
L1L2-to-L3,81,180,1,1
L1L2-to-L3,81,181,1,1
L1L2-to-L3,81,183,1,1
L1L2-to-L3,81,186,1,1
L1L2-to-L3,81,188,1,1
L1L2-to-L3,81,198,1,1
L1L2-to-L3,81,200,1,1
L1L2-to-L3,81,201,1,1
L1L2-to-L3,81,208,1,1
L1L2-to-L3,81,209,1,1
L1L2-to-L3,81,211,1,1
L1L2-to-L3,81,212,1,1
L1L2-to-L3,81,213,1,1
L1L2-to-L3,81,214,1,1
L1L2-to-L3,81,216,1,1
L1L2-to-L3,81,220,1,1
L1L2-to-L3,81,222,1,1
L1L2-to-L3,81,229,1,1
L1L2-to-L3,81,230,1,1
L1L2-to-L3,81,231,1,1
L1L2-to-L3,81,233,1,1
L1L2-to-L3,81,234,1,1
L1L2-to-L3,81,236,1,1
L1L2-to-L3,81,241,1,1
L1L2-to-L3,81,251,1,1
L1L2-to-L3,81,254,1,1
L1L2-to-L3,81,255,1,1
L1L2-to-L3,82,0,1,1
L1L2-to-L3,82,3,1,1
L1L2-to-L3,82,9,1,1
L1L2-to-L3,82,11,1,1
L1L2-to-L3,82,14,1,1
L1L2-to-L3,82,17,1,1
L1L2-to-L3,82,24,1,1
L1L2-to-L3,82,27,1,1
L1L2-to-L3,82,29,1,1
L1L2-to-L3,82,36,1,1
L1L2-to-L3,82,37,1,1
L1L2-to-L3,82,39,1,1
L1L2-to-L3,82,46,1,1
L1L2-to-L3,82,50,1,1
L1L2-to-L3,82,52,1,1
L1L2-to-L3,82,57,1,1
L1L2-to-L3,82,58,1,1
L1L2-to-L3,82,59,1,1
L1L2-to-L3,82,66,1,1
L1L2-to-L3,82,71,1,1
L1L2-to-L3,82,77,1,1
L1L2-to-L3,82,78,1,1
L1L2-to-L3,82,81,1,1
L1L2-to-L3,82,90,1,1
L1L2-to-L3,82,92,1,1
L1L2-to-L3,82,101,1,1
L1L2-to-L3,82,102,1,1
L1L2-to-L3,82,105,1,1
L1L2-to-L3,82,110,1,1
L1L2-to-L3,82,115,1,1
L1L2-to-L3,82,117,1,1
L1L2-to-L3,82,129,1,1
L1L2-to-L3,82,132,1,1
L1L2-to-L3,82,135,1,1
L1L2-to-L3,82,136,1,1
L1L2-to-L3,82,141,1,1
L1L2-to-L3,82,153,1,1
L1L2-to-L3,82,156,1,1
L1L2-to-L3,82,157,1,1
L1L2-to-L3,82,158,1,1
L1L2-to-L3,82,164,1,1
L1L2-to-L3,82,167,1,1
L1L2-to-L3,82,169,1,1
L1L2-to-L3,82,172,1,1
L1L2-to-L3,82,173,1,1
L1L2-to-L3,82,174,1,1
L1L2-to-L3,82,176,1,1
L1L2-to-L3,82,179,1,1
L1L2-to-L3,82,180,1,1
L1L2-to-L3,82,185,1,1
L1L2-to-L3,82,188,1,1
L1L2-to-L3,82,189,1,1
L1L2-to-L3,82,191,1,1
L1L2-to-L3,82,197,1,1
L1L2-to-L3,82,199,1,1
L1L2-to-L3,82,200,1,1
L1L2-to-L3,82,203,1,1
L1L2-to-L3,82,206,1,1
L1L2-to-L3,82,209,1,1
L1L2-to-L3,82,210,1,1
L1L2-to-L3,82,213,1,1
L1L2-to-L3,82,218,1,1
L1L2-to-L3,82,222,1,1
L1L2-to-L3,82,225,1,1
L1L2-to-L3,82,227,1,1
L1L2-to-L3,82,230,1,1
L1L2-to-L3,82,231,1,1
L1L2-to-L3,82,232,1,1
L1L2-to-L3,82,233,1,1
L1L2-to-L3,82,234,1,1
L1L2-to-L3,82,235,1,1
L1L2-to-L3,82,237,1,1
L1L2-to-L3,82,247,1,1
L1L2-to-L3,82,250,1,1
L1L2-to-L3,82,252,1,1
L1L2-to-L3,82,253,1,1
L1L2-to-L3,82,254,1,1
L1L2-to-L3,83,7,1,1
L1L2-to-L3,83,11,1,1
L1L2-to-L3,83,19,1,1
L1L2-to-L3,83,21,1,1
L1L2-to-L3,83,22,1,1
L1L2-to-L3,83,23,1,1
L1L2-to-L3,83,28,1,1
L1L2-to-L3,83,29,1,1
L1L2-to-L3,83,37,1,1
L1L2-to-L3,83,42,1,1
L1L2-to-L3,83,48,1,1
L1L2-to-L3,83,54,1,1
L1L2-to-L3,83,59,1,1
L1L2-to-L3,83,60,1,1
L1L2-to-L3,83,61,1,1
L1L2-to-L3,83,63,1,1
L1L2-to-L3,83,65,1,1
L1L2-to-L3,83,66,1,1
L1L2-to-L3,83,67,1,1
L1L2-to-L3,83,68,1,1
L1L2-to-L3,83,72,1,1
L1L2-to-L3,83,75,1,1
L1L2-to-L3,83,80,1,1
L1L2-to-L3,83,82,1,1
L1L2-to-L3,83,83,1,1
L1L2-to-L3,83,84,1,1
L1L2-to-L3,83,88,1,1
L1L2-to-L3,83,90,1,1
L1L2-to-L3,83,91,1,1
L1L2-to-L3,83,94,1,1
L1L2-to-L3,83,98,1,1
L1L2-to-L3,83,99,1,1
L1L2-to-L3,83,104,1,1
L1L2-to-L3,83,105,1,1
L1L2-to-L3,83,106,1,1
L1L2-to-L3,83,107,1,1
L1L2-to-L3,83,108,1,1
L1L2-to-L3,83,109,1,1
L1L2-to-L3,83,110,1,1
L1L2-to-L3,83,113,1,1
L1L2-to-L3,83,115,1,1
L1L2-to-L3,83,116,1,1
L1L2-to-L3,83,118,1,1
L1L2-to-L3,83,120,1,1
L1L2-to-L3,83,121,1,1
L1L2-to-L3,83,122,1,1
L1L2-to-L3,83,124,1,1
L1L2-to-L3,83,127,1,1
L1L2-to-L3,83,128,1,1
L1L2-to-L3,83,129,1,1
L1L2-to-L3,83,131,1,1
L1L2-to-L3,83,133,1,1
L1L2-to-L3,83,134,1,1
L1L2-to-L3,83,135,1,1
L1L2-to-L3,83,136,1,1
L1L2-to-L3,83,137,1,1
L1L2-to-L3,83,139,1,1
L1L2-to-L3,83,141,1,1
L1L2-to-L3,83,142,1,1
L1L2-to-L3,83,144,1,1
L1L2-to-L3,83,147,1,1
L1L2-to-L3,83,148,1,1
L1L2-to-L3,83,149,1,1
L1L2-to-L3,83,150,1,1
L1L2-to-L3,83,157,1,1
L1L2-to-L3,83,158,1,1
L1L2-to-L3,83,160,1,1
L1L2-to-L3,83,164,1,1
L1L2-to-L3,83,166,1,1
L1L2-to-L3,83,167,1,1
L1L2-to-L3,83,169,1,1
L1L2-to-L3,83,172,1,1
L1L2-to-L3,83,175,1,1
L1L2-to-L3,83,176,1,1
L1L2-to-L3,83,179,1,1
L1L2-to-L3,83,180,1,1
L1L2-to-L3,83,181,1,1
L1L2-to-L3,83,183,1,1
L1L2-to-L3,83,186,1,1
L1L2-to-L3,83,190,1,1
L1L2-to-L3,83,194,1,1
L1L2-to-L3,83,195,1,1
L1L2-to-L3,83,197,1,1
L1L2-to-L3,83,200,1,1
L1L2-to-L3,83,203,1,1
L1L2-to-L3,83,207,1,1
L1L2-to-L3,83,209,1,1
L1L2-to-L3,83,212,1,1
L1L2-to-L3,83,214,1,1
L1L2-to-L3,83,215,1,1
L1L2-to-L3,83,218,1,1
L1L2-to-L3,83,224,1,1
L1L2-to-L3,83,225,1,1
L1L2-to-L3,83,229,1,1
L1L2-to-L3,83,231,1,1
L1L2-to-L3,83,232,1,1
L1L2-to-L3,83,233,1,1
L1L2-to-L3,83,234,1,1
L1L2-to-L3,83,235,1,1
L1L2-to-L3,83,237,1,1
L1L2-to-L3,83,238,1,1
L1L2-to-L3,83,239,1,1
L1L2-to-L3,83,241,1,1
L1L2-to-L3,83,242,1,1
L1L2-to-L3,83,243,1,1
L1L2-to-L3,83,244,1,1
L1L2-to-L3,83,245,1,1
L1L2-to-L3,83,250,1,1
L1L2-to-L3,83,251,1,1
L1L2-to-L3,83,254,1,1
L1L2-to-L3,83,255,1,1
L1L2-to-L3,84,10,1,1
L1L2-to-L3,84,11,1,1
L1L2-to-L3,84,15,1,1
L1L2-to-L3,84,16,1,1
L1L2-to-L3,84,19,1,1
L1L2-to-L3,84,21,1,1
L1L2-to-L3,84,22,1,1
L1L2-to-L3,84,26,1,1
L1L2-to-L3,84,28,1,1
L1L2-to-L3,84,29,1,1
L1L2-to-L3,84,31,1,1
L1L2-to-L3,84,39,1,1
L1L2-to-L3,84,41,1,1
L1L2-to-L3,84,44,1,1
L1L2-to-L3,84,45,1,1
L1L2-to-L3,84,47,1,1
L1L2-to-L3,84,49,1,1
L1L2-to-L3,84,50,1,1
L1L2-to-L3,84,59,1,1
L1L2-to-L3,84,61,1,1
L1L2-to-L3,84,62,1,1
L1L2-to-L3,84,67,1,1
L1L2-to-L3,84,70,1,1
L1L2-to-L3,84,71,1,1
L1L2-to-L3,84,77,1,1
L1L2-to-L3,84,78,1,1
L1L2-to-L3,84,79,1,1
L1L2-to-L3,84,82,1,1
L1L2-to-L3,84,83,1,1
L1L2-to-L3,84,87,1,1
L1L2-to-L3,84,94,1,1
L1L2-to-L3,84,95,1,1
L1L2-to-L3,84,96,1,1
L1L2-to-L3,84,97,1,1
L1L2-to-L3,84,98,1,1
L1L2-to-L3,84,100,1,1
L1L2-to-L3,84,101,1,1
L1L2-to-L3,84,104,1,1
L1L2-to-L3,84,110,1,1
L1L2-to-L3,84,113,1,1
L1L2-to-L3,84,120,1,1
L1L2-to-L3,84,127,1,1
L1L2-to-L3,84,134,1,1
L1L2-to-L3,84,135,1,1
L1L2-to-L3,84,137,1,1
L1L2-to-L3,84,139,1,1
L1L2-to-L3,84,140,1,1
L1L2-to-L3,84,141,1,1
L1L2-to-L3,84,148,1,1
L1L2-to-L3,84,149,1,1
L1L2-to-L3,84,151,1,1
L1L2-to-L3,84,153,1,1
L1L2-to-L3,84,154,1,1
L1L2-to-L3,84,157,1,1
L1L2-to-L3,84,159,1,1
L1L2-to-L3,84,165,1,1
L1L2-to-L3,84,166,1,1
L1L2-to-L3,84,169,1,1
L1L2-to-L3,84,173,1,1
L1L2-to-L3,84,176,1,1
L1L2-to-L3,84,178,1,1
L1L2-to-L3,84,181,1,1
L1L2-to-L3,84,184,1,1
L1L2-to-L3,84,193,1,1
L1L2-to-L3,84,197,1,1
L1L2-to-L3,84,200,1,1
L1L2-to-L3,84,201,1,1
L1L2-to-L3,84,202,1,1
L1L2-to-L3,84,204,1,1
L1L2-to-L3,84,206,1,1
L1L2-to-L3,84,207,1,1
L1L2-to-L3,84,210,1,1
L1L2-to-L3,84,215,1,1
L1L2-to-L3,84,217,1,1
L1L2-to-L3,84,219,1,1
L1L2-to-L3,84,224,1,1
L1L2-to-L3,84,226,1,1
L1L2-to-L3,84,231,1,1
L1L2-to-L3,84,235,1,1
L1L2-to-L3,84,236,1,1
L1L2-to-L3,84,239,1,1
L1L2-to-L3,84,240,1,1
L1L2-to-L3,84,241,1,1
L1L2-to-L3,84,242,1,1
L1L2-to-L3,84,243,1,1
L1L2-to-L3,84,249,1,1
L1L2-to-L3,84,255,1,1
L1L2-to-L3,85,2,1,1
L1L2-to-L3,85,4,1,1
L1L2-to-L3,85,7,1,1
L1L2-to-L3,85,8,1,1
L1L2-to-L3,85,10,1,1
L1L2-to-L3,85,11,1,1
L1L2-to-L3,85,12,1,1
L1L2-to-L3,85,15,1,1
L1L2-to-L3,85,21,1,1
L1L2-to-L3,85,23,1,1
L1L2-to-L3,85,24,1,1
L1L2-to-L3,85,25,1,1
L1L2-to-L3,85,31,1,1
L1L2-to-L3,85,32,1,1
L1L2-to-L3,85,34,1,1
L1L2-to-L3,85,35,1,1
L1L2-to-L3,85,38,1,1
L1L2-to-L3,85,45,1,1
L1L2-to-L3,85,51,1,1
L1L2-to-L3,85,53,1,1
L1L2-to-L3,85,54,1,1
L1L2-to-L3,85,56,1,1
L1L2-to-L3,85,61,1,1
L1L2-to-L3,85,69,1,1
L1L2-to-L3,85,74,1,1
L1L2-to-L3,85,76,1,1
L1L2-to-L3,85,77,1,1
L1L2-to-L3,85,81,1,1
L1L2-to-L3,85,83,1,1
L1L2-to-L3,85,84,1,1
L1L2-to-L3,85,86,1,1
L1L2-to-L3,85,87,1,1
L1L2-to-L3,85,89,1,1
L1L2-to-L3,85,90,1,1
L1L2-to-L3,85,92,1,1
L1L2-to-L3,85,93,1,1
L1L2-to-L3,85,95,1,1
L1L2-to-L3,85,96,1,1
L1L2-to-L3,85,97,1,1
L1L2-to-L3,85,99,1,1
L1L2-to-L3,85,109,1,1
L1L2-to-L3,85,110,1,1
L1L2-to-L3,85,113,1,1
L1L2-to-L3,85,114,1,1
L1L2-to-L3,85,115,1,1
L1L2-to-L3,85,119,1,1
L1L2-to-L3,85,120,1,1
L1L2-to-L3,85,125,1,1
L1L2-to-L3,85,128,1,1
L1L2-to-L3,85,129,1,1
L1L2-to-L3,85,132,1,1
L1L2-to-L3,85,133,1,1
L1L2-to-L3,85,134,1,1
L1L2-to-L3,85,135,1,1
L1L2-to-L3,85,141,1,1
L1L2-to-L3,85,145,1,1
L1L2-to-L3,85,150,1,1
L1L2-to-L3,85,151,1,1
L1L2-to-L3,85,152,1,1
L1L2-to-L3,85,156,1,1
L1L2-to-L3,85,158,1,1
L1L2-to-L3,85,159,1,1
L1L2-to-L3,85,161,1,1
L1L2-to-L3,85,162,1,1
L1L2-to-L3,85,165,1,1
L1L2-to-L3,85,168,1,1
L1L2-to-L3,85,172,1,1
L1L2-to-L3,85,173,1,1
L1L2-to-L3,85,174,1,1
L1L2-to-L3,85,177,1,1
L1L2-to-L3,85,181,1,1
L1L2-to-L3,85,182,1,1
L1L2-to-L3,85,184,1,1
L1L2-to-L3,85,186,1,1
L1L2-to-L3,85,188,1,1
L1L2-to-L3,85,189,1,1
L1L2-to-L3,85,191,1,1
L1L2-to-L3,85,193,1,1
L1L2-to-L3,85,194,1,1
L1L2-to-L3,85,195,1,1
L1L2-to-L3,85,200,1,1
L1L2-to-L3,85,201,1,1
L1L2-to-L3,85,202,1,1
L1L2-to-L3,85,204,1,1
L1L2-to-L3,85,205,1,1
L1L2-to-L3,85,209,1,1
L1L2-to-L3,85,214,1,1
L1L2-to-L3,85,216,1,1
L1L2-to-L3,85,218,1,1
L1L2-to-L3,85,219,1,1
L1L2-to-L3,85,220,1,1
L1L2-to-L3,85,223,1,1
L1L2-to-L3,85,224,1,1
L1L2-to-L3,85,225,1,1
L1L2-to-L3,85,226,1,1
L1L2-to-L3,85,227,1,1
L1L2-to-L3,85,230,1,1
L1L2-to-L3,85,232,1,1
L1L2-to-L3,85,233,1,1
L1L2-to-L3,85,235,1,1
L1L2-to-L3,85,236,1,1
L1L2-to-L3,85,239,1,1
L1L2-to-L3,85,245,1,1
L1L2-to-L3,85,246,1,1
L1L2-to-L3,85,250,1,1
L1L2-to-L3,85,251,1,1
L1L2-to-L3,85,252,1,1
L1L2-to-L3,85,254,1,1
L1L2-to-L3,86,0,1,1
L1L2-to-L3,86,1,1,1
L1L2-to-L3,86,4,1,1
L1L2-to-L3,86,7,1,1
L1L2-to-L3,86,18,1,1
L1L2-to-L3,86,23,1,1
L1L2-to-L3,86,30,1,1
L1L2-to-L3,86,34,1,1
L1L2-to-L3,86,36,1,1
L1L2-to-L3,86,37,1,1
L1L2-to-L3,86,38,1,1
L1L2-to-L3,86,42,1,1
L1L2-to-L3,86,44,1,1
L1L2-to-L3,86,46,1,1
L1L2-to-L3,86,54,1,1
L1L2-to-L3,86,60,1,1
L1L2-to-L3,86,65,1,1
L1L2-to-L3,86,68,1,1
L1L2-to-L3,86,75,1,1
L1L2-to-L3,86,76,1,1
L1L2-to-L3,86,82,1,1
L1L2-to-L3,86,88,1,1
L1L2-to-L3,86,90,1,1
L1L2-to-L3,86,91,1,1
L1L2-to-L3,86,94,1,1
L1L2-to-L3,86,103,1,1
L1L2-to-L3,86,107,1,1
L1L2-to-L3,86,115,1,1
L1L2-to-L3,86,134,1,1
L1L2-to-L3,86,139,1,1
L1L2-to-L3,86,143,1,1
L1L2-to-L3,86,145,1,1
L1L2-to-L3,86,152,1,1
L1L2-to-L3,86,153,1,1
L1L2-to-L3,86,156,1,1
L1L2-to-L3,86,160,1,1
L1L2-to-L3,86,161,1,1
L1L2-to-L3,86,164,1,1
L1L2-to-L3,86,169,1,1
L1L2-to-L3,86,174,1,1
L1L2-to-L3,86,180,1,1
L1L2-to-L3,86,181,1,1
L1L2-to-L3,86,183,1,1
L1L2-to-L3,86,187,1,1
L1L2-to-L3,86,190,1,1
L1L2-to-L3,86,191,1,1
L1L2-to-L3,86,192,1,1
L1L2-to-L3,86,194,1,1
L1L2-to-L3,86,200,1,1
L1L2-to-L3,86,218,1,1
L1L2-to-L3,86,220,1,1
L1L2-to-L3,86,221,1,1
L1L2-to-L3,86,223,1,1
L1L2-to-L3,86,225,1,1
L1L2-to-L3,86,226,1,1
L1L2-to-L3,86,228,1,1
L1L2-to-L3,86,229,1,1
L1L2-to-L3,86,233,1,1
L1L2-to-L3,86,241,1,1
L1L2-to-L3,86,242,1,1
L1L2-to-L3,86,244,1,1
L1L2-to-L3,86,245,1,1
L1L2-to-L3,86,248,1,1
L1L2-to-L3,86,250,1,1
L1L2-to-L3,86,251,1,1
L1L2-to-L3,86,252,1,1
L1L2-to-L3,87,4,1,1
L1L2-to-L3,87,12,1,1
L1L2-to-L3,87,25,1,1
L1L2-to-L3,87,26,1,1
L1L2-to-L3,87,27,1,1
L1L2-to-L3,87,28,1,1
L1L2-to-L3,87,29,1,1
L1L2-to-L3,87,33,1,1
L1L2-to-L3,87,34,1,1
L1L2-to-L3,87,35,1,1
L1L2-to-L3,87,36,1,1
L1L2-to-L3,87,39,1,1
L1L2-to-L3,87,43,1,1
L1L2-to-L3,87,44,1,1
L1L2-to-L3,87,51,1,1
L1L2-to-L3,87,53,1,1
L1L2-to-L3,87,55,1,1
L1L2-to-L3,87,56,1,1
L1L2-to-L3,87,57,1,1
L1L2-to-L3,87,58,1,1
L1L2-to-L3,87,64,1,1
L1L2-to-L3,87,69,1,1
L1L2-to-L3,87,70,1,1
L1L2-to-L3,87,72,1,1
L1L2-to-L3,87,78,1,1
L1L2-to-L3,87,79,1,1
L1L2-to-L3,87,80,1,1
L1L2-to-L3,87,81,1,1
L1L2-to-L3,87,82,1,1
L1L2-to-L3,87,87,1,1
L1L2-to-L3,87,90,1,1
L1L2-to-L3,87,92,1,1
L1L2-to-L3,87,95,1,1
L1L2-to-L3,87,96,1,1
L1L2-to-L3,87,97,1,1
L1L2-to-L3,87,101,1,1
L1L2-to-L3,87,103,1,1
L1L2-to-L3,87,107,1,1
L1L2-to-L3,87,109,1,1
L1L2-to-L3,87,111,1,1
L1L2-to-L3,87,113,1,1
L1L2-to-L3,87,114,1,1
L1L2-to-L3,87,115,1,1
L1L2-to-L3,87,121,1,1
L1L2-to-L3,87,122,1,1
L1L2-to-L3,87,123,1,1
L1L2-to-L3,87,125,1,1
L1L2-to-L3,87,130,1,1
L1L2-to-L3,87,131,1,1
L1L2-to-L3,87,134,1,1
L1L2-to-L3,87,137,1,1
L1L2-to-L3,87,139,1,1
L1L2-to-L3,87,140,1,1
L1L2-to-L3,87,141,1,1
L1L2-to-L3,87,142,1,1
L1L2-to-L3,87,147,1,1
L1L2-to-L3,87,149,1,1
L1L2-to-L3,87,150,1,1
L1L2-to-L3,87,152,1,1
L1L2-to-L3,87,155,1,1
L1L2-to-L3,87,157,1,1
L1L2-to-L3,87,159,1,1
L1L2-to-L3,87,160,1,1
L1L2-to-L3,87,165,1,1
L1L2-to-L3,87,168,1,1
L1L2-to-L3,87,172,1,1
L1L2-to-L3,87,174,1,1
L1L2-to-L3,87,179,1,1
L1L2-to-L3,87,180,1,1
L1L2-to-L3,87,181,1,1
L1L2-to-L3,87,184,1,1
L1L2-to-L3,87,185,1,1
L1L2-to-L3,87,186,1,1
L1L2-to-L3,87,187,1,1
L1L2-to-L3,87,188,1,1
L1L2-to-L3,87,191,1,1
L1L2-to-L3,87,193,1,1
L1L2-to-L3,87,194,1,1
L1L2-to-L3,87,195,1,1
L1L2-to-L3,87,196,1,1
L1L2-to-L3,87,197,1,1
L1L2-to-L3,87,199,1,1
L1L2-to-L3,87,203,1,1
L1L2-to-L3,87,206,1,1
L1L2-to-L3,87,210,1,1
L1L2-to-L3,87,212,1,1
L1L2-to-L3,87,213,1,1
L1L2-to-L3,87,214,1,1
L1L2-to-L3,87,215,1,1
L1L2-to-L3,87,217,1,1
L1L2-to-L3,87,219,1,1
L1L2-to-L3,87,220,1,1
L1L2-to-L3,87,222,1,1
L1L2-to-L3,87,223,1,1
L1L2-to-L3,87,224,1,1
L1L2-to-L3,87,226,1,1
L1L2-to-L3,87,229,1,1
L1L2-to-L3,87,230,1,1
L1L2-to-L3,87,234,1,1
L1L2-to-L3,87,236,1,1
L1L2-to-L3,87,239,1,1
L1L2-to-L3,87,241,1,1
L1L2-to-L3,87,242,1,1
L1L2-to-L3,87,243,1,1
L1L2-to-L3,87,244,1,1
L1L2-to-L3,87,245,1,1
L1L2-to-L3,87,247,1,1
L1L2-to-L3,87,248,1,1
L1L2-to-L3,87,249,1,1
L1L2-to-L3,87,251,1,1
L1L2-to-L3,87,252,1,1
L1L2-to-L3,88,3,1,1
L1L2-to-L3,88,4,1,1
L1L2-to-L3,88,9,1,1
L1L2-to-L3,88,11,1,1
L1L2-to-L3,88,13,1,1
L1L2-to-L3,88,19,1,1
L1L2-to-L3,88,22,1,1
L1L2-to-L3,88,24,1,1
L1L2-to-L3,88,27,1,1
L1L2-to-L3,88,32,1,1
L1L2-to-L3,88,39,1,1
L1L2-to-L3,88,41,1,1
L1L2-to-L3,88,43,1,1
L1L2-to-L3,88,45,1,1
L1L2-to-L3,88,47,1,1
L1L2-to-L3,88,50,1,1
L1L2-to-L3,88,61,1,1
L1L2-to-L3,88,67,1,1
L1L2-to-L3,88,68,1,1
L1L2-to-L3,88,73,1,1
L1L2-to-L3,88,78,1,1
L1L2-to-L3,88,80,1,1
L1L2-to-L3,88,82,1,1
L1L2-to-L3,88,88,1,1
L1L2-to-L3,88,94,1,1
L1L2-to-L3,88,98,1,1
L1L2-to-L3,88,100,1,1
L1L2-to-L3,88,105,1,1
L1L2-to-L3,88,111,1,1
L1L2-to-L3,88,114,1,1
L1L2-to-L3,88,115,1,1
L1L2-to-L3,88,118,1,1
L1L2-to-L3,88,119,1,1
L1L2-to-L3,88,125,1,1
L1L2-to-L3,88,126,1,1
L1L2-to-L3,88,129,1,1
L1L2-to-L3,88,130,1,1
L1L2-to-L3,88,134,1,1
L1L2-to-L3,88,135,1,1
L1L2-to-L3,88,140,1,1
L1L2-to-L3,88,146,1,1
L1L2-to-L3,88,147,1,1
L1L2-to-L3,88,152,1,1
L1L2-to-L3,88,155,1,1
L1L2-to-L3,88,156,1,1
L1L2-to-L3,88,169,1,1
L1L2-to-L3,88,172,1,1
L1L2-to-L3,88,177,1,1
L1L2-to-L3,88,180,1,1
L1L2-to-L3,88,181,1,1
L1L2-to-L3,88,182,1,1
L1L2-to-L3,88,185,1,1
L1L2-to-L3,88,186,1,1
L1L2-to-L3,88,188,1,1
L1L2-to-L3,88,193,1,1
L1L2-to-L3,88,194,1,1
L1L2-to-L3,88,202,1,1
L1L2-to-L3,88,206,1,1
L1L2-to-L3,88,207,1,1
L1L2-to-L3,88,210,1,1
L1L2-to-L3,88,211,1,1
L1L2-to-L3,88,215,1,1
L1L2-to-L3,88,219,1,1
L1L2-to-L3,88,222,1,1
L1L2-to-L3,88,224,1,1
L1L2-to-L3,88,226,1,1
L1L2-to-L3,88,229,1,1
L1L2-to-L3,88,230,1,1
L1L2-to-L3,88,234,1,1
L1L2-to-L3,88,235,1,1
L1L2-to-L3,88,236,1,1
L1L2-to-L3,88,238,1,1
L1L2-to-L3,88,242,1,1
L1L2-to-L3,88,243,1,1
L1L2-to-L3,88,246,1,1
L1L2-to-L3,88,248,1,1
L1L2-to-L3,88,249,1,1
L1L2-to-L3,88,253,1,1
L1L2-to-L3,88,254,1,1
L1L2-to-L3,88,255,1,1
L1L2-to-L3,89,4,1,1
L1L2-to-L3,89,5,1,1
L1L2-to-L3,89,11,1,1
L1L2-to-L3,89,14,1,1
L1L2-to-L3,89,17,1,1
L1L2-to-L3,89,19,1,1
L1L2-to-L3,89,24,1,1
L1L2-to-L3,89,29,1,1
L1L2-to-L3,89,31,1,1
L1L2-to-L3,89,37,1,1
L1L2-to-L3,89,41,1,1
L1L2-to-L3,89,42,1,1
L1L2-to-L3,89,44,1,1
L1L2-to-L3,89,46,1,1
L1L2-to-L3,89,54,1,1
L1L2-to-L3,89,56,1,1
L1L2-to-L3,89,63,1,1
L1L2-to-L3,89,66,1,1
L1L2-to-L3,89,69,1,1
L1L2-to-L3,89,75,1,1
L1L2-to-L3,89,76,1,1
L1L2-to-L3,89,79,1,1
L1L2-to-L3,89,88,1,1
L1L2-to-L3,89,90,1,1
L1L2-to-L3,89,99,1,1
L1L2-to-L3,89,100,1,1
L1L2-to-L3,89,104,1,1
L1L2-to-L3,89,119,1,1
L1L2-to-L3,89,125,1,1
L1L2-to-L3,89,127,1,1
L1L2-to-L3,89,128,1,1
L1L2-to-L3,89,129,1,1
L1L2-to-L3,89,130,1,1
L1L2-to-L3,89,131,1,1
L1L2-to-L3,89,132,1,1
L1L2-to-L3,89,137,1,1
L1L2-to-L3,89,138,1,1
L1L2-to-L3,89,142,1,1
L1L2-to-L3,89,145,1,1
L1L2-to-L3,89,147,1,1
L1L2-to-L3,89,154,1,1
L1L2-to-L3,89,155,1,1
L1L2-to-L3,89,161,1,1
L1L2-to-L3,89,162,1,1
L1L2-to-L3,89,165,1,1
L1L2-to-L3,89,167,1,1
L1L2-to-L3,89,168,1,1
L1L2-to-L3,89,170,1,1
L1L2-to-L3,89,171,1,1
L1L2-to-L3,89,172,1,1
L1L2-to-L3,89,174,1,1
L1L2-to-L3,89,177,1,1
L1L2-to-L3,89,178,1,1
L1L2-to-L3,89,179,1,1
L1L2-to-L3,89,182,1,1
L1L2-to-L3,89,191,1,1
L1L2-to-L3,89,193,1,1
L1L2-to-L3,89,194,1,1
L1L2-to-L3,89,195,1,1
L1L2-to-L3,89,202,1,1
L1L2-to-L3,89,207,1,1
L1L2-to-L3,89,221,1,1
L1L2-to-L3,89,222,1,1
L1L2-to-L3,89,223,1,1
L1L2-to-L3,89,224,1,1
L1L2-to-L3,89,225,1,1
L1L2-to-L3,89,227,1,1
L1L2-to-L3,89,229,1,1
L1L2-to-L3,89,230,1,1
L1L2-to-L3,89,231,1,1
L1L2-to-L3,89,233,1,1
L1L2-to-L3,89,236,1,1
L1L2-to-L3,89,238,1,1
L1L2-to-L3,89,242,1,1
L1L2-to-L3,89,247,1,1
L1L2-to-L3,89,248,1,1
L1L2-to-L3,89,249,1,1
L1L2-to-L3,89,250,1,1
L1L2-to-L3,89,251,1,1
L1L2-to-L3,89,254,1,1
L1L2-to-L3,90,5,1,1
L1L2-to-L3,90,8,1,1
L1L2-to-L3,90,9,1,1
L1L2-to-L3,90,13,1,1
L1L2-to-L3,90,19,1,1
L1L2-to-L3,90,25,1,1
L1L2-to-L3,90,28,1,1
L1L2-to-L3,90,30,1,1
L1L2-to-L3,90,32,1,1
L1L2-to-L3,90,37,1,1
L1L2-to-L3,90,38,1,1
L1L2-to-L3,90,41,1,1
L1L2-to-L3,90,42,1,1
L1L2-to-L3,90,44,1,1
L1L2-to-L3,90,48,1,1
L1L2-to-L3,90,50,1,1
L1L2-to-L3,90,54,1,1
L1L2-to-L3,90,56,1,1
L1L2-to-L3,90,61,1,1
L1L2-to-L3,90,66,1,1
L1L2-to-L3,90,67,1,1
L1L2-to-L3,90,70,1,1
L1L2-to-L3,90,72,1,1
L1L2-to-L3,90,75,1,1
L1L2-to-L3,90,76,1,1
L1L2-to-L3,90,80,1,1
L1L2-to-L3,90,81,1,1
L1L2-to-L3,90,83,1,1
L1L2-to-L3,90,86,1,1
L1L2-to-L3,90,89,1,1
L1L2-to-L3,90,91,1,1
L1L2-to-L3,90,96,1,1
L1L2-to-L3,90,97,1,1
L1L2-to-L3,90,99,1,1
L1L2-to-L3,90,103,1,1
L1L2-to-L3,90,109,1,1
L1L2-to-L3,90,112,1,1
L1L2-to-L3,90,114,1,1
L1L2-to-L3,90,116,1,1
L1L2-to-L3,90,117,1,1
L1L2-to-L3,90,118,1,1
L1L2-to-L3,90,119,1,1
L1L2-to-L3,90,121,1,1
L1L2-to-L3,90,122,1,1
L1L2-to-L3,90,124,1,1
L1L2-to-L3,90,125,1,1
L1L2-to-L3,90,129,1,1
L1L2-to-L3,90,133,1,1
L1L2-to-L3,90,134,1,1
L1L2-to-L3,90,137,1,1
L1L2-to-L3,90,141,1,1
L1L2-to-L3,90,142,1,1
L1L2-to-L3,90,149,1,1
L1L2-to-L3,90,150,1,1
L1L2-to-L3,90,151,1,1
L1L2-to-L3,90,152,1,1
L1L2-to-L3,90,154,1,1
L1L2-to-L3,90,156,1,1
L1L2-to-L3,90,157,1,1
L1L2-to-L3,90,158,1,1
L1L2-to-L3,90,159,1,1
L1L2-to-L3,90,165,1,1
L1L2-to-L3,90,166,1,1
L1L2-to-L3,90,167,1,1
L1L2-to-L3,90,170,1,1
L1L2-to-L3,90,172,1,1
L1L2-to-L3,90,175,1,1
L1L2-to-L3,90,176,1,1
L1L2-to-L3,90,177,1,1
L1L2-to-L3,90,178,1,1
L1L2-to-L3,90,183,1,1
L1L2-to-L3,90,186,1,1
L1L2-to-L3,90,188,1,1
L1L2-to-L3,90,201,1,1
L1L2-to-L3,90,202,1,1
L1L2-to-L3,90,203,1,1
L1L2-to-L3,90,206,1,1
L1L2-to-L3,90,209,1,1
L1L2-to-L3,90,211,1,1
L1L2-to-L3,90,216,1,1
L1L2-to-L3,90,217,1,1
L1L2-to-L3,90,218,1,1
L1L2-to-L3,90,219,1,1
L1L2-to-L3,90,220,1,1
L1L2-to-L3,90,221,1,1
L1L2-to-L3,90,222,1,1
L1L2-to-L3,90,223,1,1
L1L2-to-L3,90,226,1,1
L1L2-to-L3,90,228,1,1
L1L2-to-L3,90,230,1,1
L1L2-to-L3,90,231,1,1
L1L2-to-L3,90,233,1,1
L1L2-to-L3,90,238,1,1
L1L2-to-L3,90,240,1,1
L1L2-to-L3,90,243,1,1
L1L2-to-L3,90,245,1,1
L1L2-to-L3,90,247,1,1
L1L2-to-L3,90,248,1,1
L1L2-to-L3,90,249,1,1
L1L2-to-L3,90,250,1,1
L1L2-to-L3,90,251,1,1
L1L2-to-L3,91,2,1,1
L1L2-to-L3,91,3,1,1
L1L2-to-L3,91,10,1,1
L1L2-to-L3,91,11,1,1
L1L2-to-L3,91,15,1,1
L1L2-to-L3,91,22,1,1
L1L2-to-L3,91,27,1,1
L1L2-to-L3,91,29,1,1
L1L2-to-L3,91,31,1,1
L1L2-to-L3,91,32,1,1
L1L2-to-L3,91,35,1,1
L1L2-to-L3,91,41,1,1
L1L2-to-L3,91,44,1,1
L1L2-to-L3,91,46,1,1
L1L2-to-L3,91,48,1,1
L1L2-to-L3,91,49,1,1
L1L2-to-L3,91,53,1,1
L1L2-to-L3,91,54,1,1
L1L2-to-L3,91,55,1,1
L1L2-to-L3,91,60,1,1
L1L2-to-L3,91,62,1,1
L1L2-to-L3,91,63,1,1
L1L2-to-L3,91,64,1,1
L1L2-to-L3,91,65,1,1
L1L2-to-L3,91,73,1,1
L1L2-to-L3,91,78,1,1
L1L2-to-L3,91,81,1,1
L1L2-to-L3,91,83,1,1
L1L2-to-L3,91,89,1,1
L1L2-to-L3,91,97,1,1
L1L2-to-L3,91,103,1,1
L1L2-to-L3,91,104,1,1
L1L2-to-L3,91,106,1,1
L1L2-to-L3,91,107,1,1
L1L2-to-L3,91,110,1,1
L1L2-to-L3,91,115,1,1
L1L2-to-L3,91,122,1,1
L1L2-to-L3,91,128,1,1
L1L2-to-L3,91,130,1,1
L1L2-to-L3,91,133,1,1
L1L2-to-L3,91,135,1,1
L1L2-to-L3,91,136,1,1
L1L2-to-L3,91,139,1,1
L1L2-to-L3,91,141,1,1
L1L2-to-L3,91,142,1,1
L1L2-to-L3,91,150,1,1
L1L2-to-L3,91,154,1,1
L1L2-to-L3,91,161,1,1
L1L2-to-L3,91,162,1,1
L1L2-to-L3,91,169,1,1
L1L2-to-L3,91,171,1,1
L1L2-to-L3,91,172,1,1
L1L2-to-L3,91,174,1,1
L1L2-to-L3,91,176,1,1
L1L2-to-L3,91,177,1,1
L1L2-to-L3,91,182,1,1
L1L2-to-L3,91,184,1,1
L1L2-to-L3,91,186,1,1
L1L2-to-L3,91,187,1,1
L1L2-to-L3,91,193,1,1
L1L2-to-L3,91,194,1,1
L1L2-to-L3,91,195,1,1
L1L2-to-L3,91,197,1,1
L1L2-to-L3,91,198,1,1
L1L2-to-L3,91,200,1,1
L1L2-to-L3,91,202,1,1
L1L2-to-L3,91,205,1,1
L1L2-to-L3,91,213,1,1
L1L2-to-L3,91,217,1,1
L1L2-to-L3,91,219,1,1
L1L2-to-L3,91,222,1,1
L1L2-to-L3,91,225,1,1
L1L2-to-L3,91,229,1,1
L1L2-to-L3,91,230,1,1
L1L2-to-L3,91,231,1,1
L1L2-to-L3,91,232,1,1
L1L2-to-L3,91,236,1,1
L1L2-to-L3,91,239,1,1
L1L2-to-L3,91,241,1,1
L1L2-to-L3,91,244,1,1
L1L2-to-L3,91,246,1,1
L1L2-to-L3,91,249,1,1
L1L2-to-L3,91,252,1,1
L1L2-to-L3,91,253,1,1
L1L2-to-L3,91,254,1,1
L1L2-to-L3,92,3,1,1
L1L2-to-L3,92,5,1,1
L1L2-to-L3,92,13,1,1
L1L2-to-L3,92,20,1,1
L1L2-to-L3,92,23,1,1
L1L2-to-L3,92,24,1,1
L1L2-to-L3,92,30,1,1
L1L2-to-L3,92,33,1,1
L1L2-to-L3,92,34,1,1
L1L2-to-L3,92,36,1,1
L1L2-to-L3,92,37,1,1
L1L2-to-L3,92,40,1,1
L1L2-to-L3,92,42,1,1
L1L2-to-L3,92,44,1,1
L1L2-to-L3,92,45,1,1
L1L2-to-L3,92,46,1,1
L1L2-to-L3,92,47,1,1
L1L2-to-L3,92,49,1,1
L1L2-to-L3,92,53,1,1
L1L2-to-L3,92,58,1,1
L1L2-to-L3,92,59,1,1
L1L2-to-L3,92,65,1,1
L1L2-to-L3,92,66,1,1
L1L2-to-L3,92,67,1,1
L1L2-to-L3,92,69,1,1
L1L2-to-L3,92,70,1,1
L1L2-to-L3,92,73,1,1
L1L2-to-L3,92,74,1,1
L1L2-to-L3,92,81,1,1
L1L2-to-L3,92,84,1,1
L1L2-to-L3,92,86,1,1
L1L2-to-L3,92,87,1,1
L1L2-to-L3,92,91,1,1
L1L2-to-L3,92,97,1,1
L1L2-to-L3,92,98,1,1
L1L2-to-L3,92,100,1,1
L1L2-to-L3,92,104,1,1
L1L2-to-L3,92,113,1,1
L1L2-to-L3,92,118,1,1
L1L2-to-L3,92,123,1,1
L1L2-to-L3,92,128,1,1
L1L2-to-L3,92,130,1,1
L1L2-to-L3,92,136,1,1
L1L2-to-L3,92,144,1,1
L1L2-to-L3,92,146,1,1
L1L2-to-L3,92,151,1,1
L1L2-to-L3,92,155,1,1
L1L2-to-L3,92,156,1,1
L1L2-to-L3,92,162,1,1
L1L2-to-L3,92,166,1,1
L1L2-to-L3,92,173,1,1
L1L2-to-L3,92,179,1,1
L1L2-to-L3,92,180,1,1
L1L2-to-L3,92,187,1,1
L1L2-to-L3,92,191,1,1
L1L2-to-L3,92,192,1,1
L1L2-to-L3,92,197,1,1
L1L2-to-L3,92,198,1,1
L1L2-to-L3,92,201,1,1
L1L2-to-L3,92,203,1,1
L1L2-to-L3,92,210,1,1
L1L2-to-L3,92,214,1,1
L1L2-to-L3,92,215,1,1
L1L2-to-L3,92,216,1,1
L1L2-to-L3,92,219,1,1
L1L2-to-L3,92,220,1,1
L1L2-to-L3,92,225,1,1
L1L2-to-L3,92,226,1,1
L1L2-to-L3,92,230,1,1
L1L2-to-L3,92,234,1,1
L1L2-to-L3,92,235,1,1
L1L2-to-L3,92,236,1,1
L1L2-to-L3,92,238,1,1
L1L2-to-L3,92,239,1,1
L1L2-to-L3,92,241,1,1
L1L2-to-L3,92,245,1,1
L1L2-to-L3,92,248,1,1
L1L2-to-L3,92,250,1,1
L1L2-to-L3,92,252,1,1
L1L2-to-L3,92,253,1,1
L1L2-to-L3,93,2,1,1
L1L2-to-L3,93,3,1,1
L1L2-to-L3,93,5,1,1
L1L2-to-L3,93,7,1,1
L1L2-to-L3,93,9,1,1
L1L2-to-L3,93,11,1,1
L1L2-to-L3,93,18,1,1
L1L2-to-L3,93,20,1,1
L1L2-to-L3,93,21,1,1
L1L2-to-L3,93,23,1,1
L1L2-to-L3,93,25,1,1
L1L2-to-L3,93,26,1,1
L1L2-to-L3,93,27,1,1
L1L2-to-L3,93,28,1,1
L1L2-to-L3,93,29,1,1
L1L2-to-L3,93,37,1,1
L1L2-to-L3,93,42,1,1
L1L2-to-L3,93,46,1,1
L1L2-to-L3,93,47,1,1
L1L2-to-L3,93,48,1,1
L1L2-to-L3,93,55,1,1
L1L2-to-L3,93,56,1,1
L1L2-to-L3,93,58,1,1
L1L2-to-L3,93,61,1,1
L1L2-to-L3,93,63,1,1
L1L2-to-L3,93,64,1,1
L1L2-to-L3,93,65,1,1
L1L2-to-L3,93,66,1,1
L1L2-to-L3,93,67,1,1
L1L2-to-L3,93,71,1,1
L1L2-to-L3,93,79,1,1
L1L2-to-L3,93,80,1,1
L1L2-to-L3,93,81,1,1
L1L2-to-L3,93,82,1,1
L1L2-to-L3,93,83,1,1
L1L2-to-L3,93,85,1,1
L1L2-to-L3,93,87,1,1
L1L2-to-L3,93,92,1,1
L1L2-to-L3,93,93,1,1
L1L2-to-L3,93,95,1,1
L1L2-to-L3,93,96,1,1
L1L2-to-L3,93,97,1,1
L1L2-to-L3,93,98,1,1
L1L2-to-L3,93,99,1,1
L1L2-to-L3,93,100,1,1
L1L2-to-L3,93,101,1,1
L1L2-to-L3,93,103,1,1
L1L2-to-L3,93,104,1,1
L1L2-to-L3,93,109,1,1
L1L2-to-L3,93,114,1,1
L1L2-to-L3,93,115,1,1
L1L2-to-L3,93,116,1,1
L1L2-to-L3,93,117,1,1
L1L2-to-L3,93,119,1,1
L1L2-to-L3,93,122,1,1
L1L2-to-L3,93,123,1,1
L1L2-to-L3,93,128,1,1
L1L2-to-L3,93,133,1,1
L1L2-to-L3,93,134,1,1
L1L2-to-L3,93,136,1,1
L1L2-to-L3,93,140,1,1
L1L2-to-L3,93,141,1,1
L1L2-to-L3,93,143,1,1
L1L2-to-L3,93,147,1,1
L1L2-to-L3,93,149,1,1
L1L2-to-L3,93,150,1,1
L1L2-to-L3,93,152,1,1
L1L2-to-L3,93,156,1,1
L1L2-to-L3,93,157,1,1
L1L2-to-L3,93,158,1,1
L1L2-to-L3,93,159,1,1
L1L2-to-L3,93,165,1,1
L1L2-to-L3,93,173,1,1
L1L2-to-L3,93,174,1,1
L1L2-to-L3,93,177,1,1
L1L2-to-L3,93,178,1,1
L1L2-to-L3,93,180,1,1
L1L2-to-L3,93,183,1,1
L1L2-to-L3,93,184,1,1
L1L2-to-L3,93,186,1,1
L1L2-to-L3,93,191,1,1
L1L2-to-L3,93,192,1,1
L1L2-to-L3,93,194,1,1
L1L2-to-L3,93,195,1,1
L1L2-to-L3,93,197,1,1
L1L2-to-L3,93,205,1,1
L1L2-to-L3,93,207,1,1
L1L2-to-L3,93,208,1,1
L1L2-to-L3,93,209,1,1
L1L2-to-L3,93,217,1,1
L1L2-to-L3,93,218,1,1
L1L2-to-L3,93,219,1,1
L1L2-to-L3,93,222,1,1
L1L2-to-L3,93,226,1,1
L1L2-to-L3,93,227,1,1
L1L2-to-L3,93,232,1,1
L1L2-to-L3,93,234,1,1
L1L2-to-L3,93,235,1,1
L1L2-to-L3,93,236,1,1
L1L2-to-L3,93,244,1,1
L1L2-to-L3,93,245,1,1
L1L2-to-L3,93,249,1,1
L1L2-to-L3,93,251,1,1
L1L2-to-L3,93,253,1,1
L1L2-to-L3,93,254,1,1
L1L2-to-L3,94,3,1,1
L1L2-to-L3,94,4,1,1
L1L2-to-L3,94,9,1,1
L1L2-to-L3,94,11,1,1
L1L2-to-L3,94,13,1,1
L1L2-to-L3,94,15,1,1
L1L2-to-L3,94,17,1,1
L1L2-to-L3,94,25,1,1
L1L2-to-L3,94,26,1,1
L1L2-to-L3,94,27,1,1
L1L2-to-L3,94,31,1,1
L1L2-to-L3,94,33,1,1
L1L2-to-L3,94,34,1,1
L1L2-to-L3,94,36,1,1
L1L2-to-L3,94,38,1,1
L1L2-to-L3,94,39,1,1
L1L2-to-L3,94,42,1,1
L1L2-to-L3,94,44,1,1
L1L2-to-L3,94,51,1,1
L1L2-to-L3,94,52,1,1
L1L2-to-L3,94,53,1,1
L1L2-to-L3,94,58,1,1
L1L2-to-L3,94,60,1,1
L1L2-to-L3,94,61,1,1
L1L2-to-L3,94,62,1,1
L1L2-to-L3,94,63,1,1
L1L2-to-L3,94,67,1,1
L1L2-to-L3,94,69,1,1
L1L2-to-L3,94,70,1,1
L1L2-to-L3,94,72,1,1
L1L2-to-L3,94,75,1,1
L1L2-to-L3,94,76,1,1
L1L2-to-L3,94,79,1,1
L1L2-to-L3,94,87,1,1
L1L2-to-L3,94,91,1,1
L1L2-to-L3,94,94,1,1
L1L2-to-L3,94,96,1,1
L1L2-to-L3,94,97,1,1
L1L2-to-L3,94,99,1,1
L1L2-to-L3,94,101,1,1
L1L2-to-L3,94,103,1,1
L1L2-to-L3,94,112,1,1
L1L2-to-L3,94,113,1,1
L1L2-to-L3,94,115,1,1
L1L2-to-L3,94,117,1,1
L1L2-to-L3,94,118,1,1
L1L2-to-L3,94,119,1,1
L1L2-to-L3,94,120,1,1
L1L2-to-L3,94,121,1,1
L1L2-to-L3,94,122,1,1
L1L2-to-L3,94,123,1,1
L1L2-to-L3,94,125,1,1
L1L2-to-L3,94,126,1,1
L1L2-to-L3,94,129,1,1
L1L2-to-L3,94,133,1,1
L1L2-to-L3,94,135,1,1
L1L2-to-L3,94,137,1,1
L1L2-to-L3,94,140,1,1
L1L2-to-L3,94,142,1,1
L1L2-to-L3,94,143,1,1
L1L2-to-L3,94,144,1,1
L1L2-to-L3,94,145,1,1
L1L2-to-L3,94,146,1,1
L1L2-to-L3,94,150,1,1
L1L2-to-L3,94,151,1,1
L1L2-to-L3,94,153,1,1
L1L2-to-L3,94,154,1,1
L1L2-to-L3,94,155,1,1
L1L2-to-L3,94,159,1,1
L1L2-to-L3,94,160,1,1
L1L2-to-L3,94,161,1,1
L1L2-to-L3,94,166,1,1
L1L2-to-L3,94,169,1,1
L1L2-to-L3,94,170,1,1
L1L2-to-L3,94,172,1,1
L1L2-to-L3,94,173,1,1
L1L2-to-L3,94,174,1,1
L1L2-to-L3,94,175,1,1
L1L2-to-L3,94,176,1,1
L1L2-to-L3,94,178,1,1
L1L2-to-L3,94,180,1,1
L1L2-to-L3,94,181,1,1
L1L2-to-L3,94,182,1,1
L1L2-to-L3,94,184,1,1
L1L2-to-L3,94,186,1,1
L1L2-to-L3,94,188,1,1
L1L2-to-L3,94,191,1,1
L1L2-to-L3,94,193,1,1
L1L2-to-L3,94,194,1,1
L1L2-to-L3,94,197,1,1
L1L2-to-L3,94,198,1,1
L1L2-to-L3,94,201,1,1
L1L2-to-L3,94,203,1,1
L1L2-to-L3,94,205,1,1
L1L2-to-L3,94,206,1,1
L1L2-to-L3,94,208,1,1
L1L2-to-L3,94,210,1,1
L1L2-to-L3,94,216,1,1
L1L2-to-L3,94,217,1,1
L1L2-to-L3,94,219,1,1
L1L2-to-L3,94,220,1,1
L1L2-to-L3,94,222,1,1
L1L2-to-L3,94,224,1,1
L1L2-to-L3,94,225,1,1
L1L2-to-L3,94,227,1,1
L1L2-to-L3,94,229,1,1
L1L2-to-L3,94,231,1,1
L1L2-to-L3,94,233,1,1
L1L2-to-L3,94,237,1,1
L1L2-to-L3,94,238,1,1
L1L2-to-L3,94,243,1,1
L1L2-to-L3,94,245,1,1
L1L2-to-L3,94,246,1,1
L1L2-to-L3,94,250,1,1
L1L2-to-L3,94,252,1,1
L1L2-to-L3,94,253,1,1
L1L2-to-L3,95,7,1,1
L1L2-to-L3,95,8,1,1
L1L2-to-L3,95,10,1,1
L1L2-to-L3,95,13,1,1
L1L2-to-L3,95,15,1,1
L1L2-to-L3,95,16,1,1
L1L2-to-L3,95,21,1,1
L1L2-to-L3,95,23,1,1
L1L2-to-L3,95,25,1,1
L1L2-to-L3,95,26,1,1
L1L2-to-L3,95,33,1,1
L1L2-to-L3,95,34,1,1
L1L2-to-L3,95,41,1,1
L1L2-to-L3,95,47,1,1
L1L2-to-L3,95,49,1,1
L1L2-to-L3,95,50,1,1
L1L2-to-L3,95,58,1,1
L1L2-to-L3,95,60,1,1
L1L2-to-L3,95,64,1,1
L1L2-to-L3,95,66,1,1
L1L2-to-L3,95,67,1,1
L1L2-to-L3,95,68,1,1
L1L2-to-L3,95,71,1,1
L1L2-to-L3,95,77,1,1
L1L2-to-L3,95,80,1,1
L1L2-to-L3,95,81,1,1
L1L2-to-L3,95,85,1,1
L1L2-to-L3,95,89,1,1
L1L2-to-L3,95,92,1,1
L1L2-to-L3,95,95,1,1
L1L2-to-L3,95,104,1,1
L1L2-to-L3,95,111,1,1
L1L2-to-L3,95,121,1,1
L1L2-to-L3,95,122,1,1
L1L2-to-L3,95,123,1,1
L1L2-to-L3,95,126,1,1
L1L2-to-L3,95,132,1,1
L1L2-to-L3,95,133,1,1
L1L2-to-L3,95,136,1,1
L1L2-to-L3,95,137,1,1
L1L2-to-L3,95,138,1,1
L1L2-to-L3,95,142,1,1
L1L2-to-L3,95,143,1,1
L1L2-to-L3,95,144,1,1
L1L2-to-L3,95,146,1,1
L1L2-to-L3,95,148,1,1
L1L2-to-L3,95,151,1,1
L1L2-to-L3,95,154,1,1
L1L2-to-L3,95,162,1,1
L1L2-to-L3,95,165,1,1
L1L2-to-L3,95,168,1,1
L1L2-to-L3,95,169,1,1
L1L2-to-L3,95,170,1,1
L1L2-to-L3,95,177,1,1
L1L2-to-L3,95,178,1,1
L1L2-to-L3,95,179,1,1
L1L2-to-L3,95,182,1,1
L1L2-to-L3,95,184,1,1
L1L2-to-L3,95,185,1,1
L1L2-to-L3,95,186,1,1
L1L2-to-L3,95,189,1,1
L1L2-to-L3,95,192,1,1
L1L2-to-L3,95,197,1,1
L1L2-to-L3,95,198,1,1
L1L2-to-L3,95,203,1,1
L1L2-to-L3,95,204,1,1
L1L2-to-L3,95,205,1,1
L1L2-to-L3,95,207,1,1
L1L2-to-L3,95,209,1,1
L1L2-to-L3,95,214,1,1
L1L2-to-L3,95,215,1,1
L1L2-to-L3,95,216,1,1
L1L2-to-L3,95,218,1,1
L1L2-to-L3,95,221,1,1
L1L2-to-L3,95,224,1,1
L1L2-to-L3,95,228,1,1
L1L2-to-L3,95,234,1,1
L1L2-to-L3,95,236,1,1
L1L2-to-L3,95,249,1,1
L1L2-to-L3,95,252,1,1
L1L2-to-L3,96,0,1,1
L1L2-to-L3,96,4,1,1
L1L2-to-L3,96,7,1,1
L1L2-to-L3,96,11,1,1
L1L2-to-L3,96,14,1,1
L1L2-to-L3,96,16,1,1
L1L2-to-L3,96,23,1,1
L1L2-to-L3,96,29,1,1
L1L2-to-L3,96,31,1,1
L1L2-to-L3,96,34,1,1
L1L2-to-L3,96,35,1,1
L1L2-to-L3,96,36,1,1
L1L2-to-L3,96,39,1,1
L1L2-to-L3,96,46,1,1
L1L2-to-L3,96,47,1,1
L1L2-to-L3,96,59,1,1
L1L2-to-L3,96,63,1,1
L1L2-to-L3,96,70,1,1
L1L2-to-L3,96,72,1,1
L1L2-to-L3,96,81,1,1
L1L2-to-L3,96,87,1,1
L1L2-to-L3,96,88,1,1
L1L2-to-L3,96,89,1,1
L1L2-to-L3,96,90,1,1
L1L2-to-L3,96,91,1,1
L1L2-to-L3,96,94,1,1
L1L2-to-L3,96,96,1,1
L1L2-to-L3,96,97,1,1
L1L2-to-L3,96,98,1,1
L1L2-to-L3,96,100,1,1
L1L2-to-L3,96,104,1,1
L1L2-to-L3,96,106,1,1
L1L2-to-L3,96,107,1,1
L1L2-to-L3,96,109,1,1
L1L2-to-L3,96,110,1,1
L1L2-to-L3,96,114,1,1
L1L2-to-L3,96,115,1,1
L1L2-to-L3,96,116,1,1
L1L2-to-L3,96,128,1,1
L1L2-to-L3,96,131,1,1
L1L2-to-L3,96,137,1,1
L1L2-to-L3,96,138,1,1
L1L2-to-L3,96,141,1,1
L1L2-to-L3,96,143,1,1
L1L2-to-L3,96,147,1,1
L1L2-to-L3,96,150,1,1
L1L2-to-L3,96,151,1,1
L1L2-to-L3,96,153,1,1
L1L2-to-L3,96,157,1,1
L1L2-to-L3,96,159,1,1
L1L2-to-L3,96,165,1,1
L1L2-to-L3,96,166,1,1
L1L2-to-L3,96,167,1,1
L1L2-to-L3,96,168,1,1
L1L2-to-L3,96,170,1,1
L1L2-to-L3,96,172,1,1
L1L2-to-L3,96,174,1,1
L1L2-to-L3,96,175,1,1
L1L2-to-L3,96,177,1,1
L1L2-to-L3,96,178,1,1
L1L2-to-L3,96,179,1,1
L1L2-to-L3,96,180,1,1
L1L2-to-L3,96,181,1,1
L1L2-to-L3,96,183,1,1
L1L2-to-L3,96,185,1,1
L1L2-to-L3,96,186,1,1
L1L2-to-L3,96,187,1,1
L1L2-to-L3,96,188,1,1
L1L2-to-L3,96,189,1,1
L1L2-to-L3,96,190,1,1
L1L2-to-L3,96,192,1,1
L1L2-to-L3,96,194,1,1
L1L2-to-L3,96,195,1,1
L1L2-to-L3,96,197,1,1
L1L2-to-L3,96,202,1,1
L1L2-to-L3,96,204,1,1
L1L2-to-L3,96,205,1,1
L1L2-to-L3,96,206,1,1
L1L2-to-L3,96,210,1,1
L1L2-to-L3,96,212,1,1
L1L2-to-L3,96,214,1,1
L1L2-to-L3,96,215,1,1
L1L2-to-L3,96,216,1,1
L1L2-to-L3,96,219,1,1
L1L2-to-L3,96,220,1,1
L1L2-to-L3,96,221,1,1
L1L2-to-L3,96,224,1,1
L1L2-to-L3,96,225,1,1
L1L2-to-L3,96,226,1,1
L1L2-to-L3,96,228,1,1
L1L2-to-L3,96,229,1,1
L1L2-to-L3,96,231,1,1
L1L2-to-L3,96,233,1,1
L1L2-to-L3,96,234,1,1
L1L2-to-L3,96,235,1,1
L1L2-to-L3,96,236,1,1
L1L2-to-L3,96,238,1,1
L1L2-to-L3,96,240,1,1
L1L2-to-L3,96,242,1,1
L1L2-to-L3,96,250,1,1
L1L2-to-L3,96,251,1,1
L1L2-to-L3,96,253,1,1
L1L2-to-L3,97,17,1,1
L1L2-to-L3,97,19,1,1
L1L2-to-L3,97,21,1,1
L1L2-to-L3,97,23,1,1
L1L2-to-L3,97,24,1,1
L1L2-to-L3,97,30,1,1
L1L2-to-L3,97,31,1,1
L1L2-to-L3,97,33,1,1
L1L2-to-L3,97,39,1,1
L1L2-to-L3,97,42,1,1
L1L2-to-L3,97,45,1,1
L1L2-to-L3,97,49,1,1
L1L2-to-L3,97,53,1,1
L1L2-to-L3,97,56,1,1
L1L2-to-L3,97,58,1,1
L1L2-to-L3,97,62,1,1
L1L2-to-L3,97,66,1,1
L1L2-to-L3,97,73,1,1
L1L2-to-L3,97,74,1,1
L1L2-to-L3,97,75,1,1
L1L2-to-L3,97,77,1,1
L1L2-to-L3,97,83,1,1
L1L2-to-L3,97,84,1,1
L1L2-to-L3,97,92,1,1
L1L2-to-L3,97,94,1,1
L1L2-to-L3,97,97,1,1
L1L2-to-L3,97,101,1,1
L1L2-to-L3,97,102,1,1
L1L2-to-L3,97,106,1,1
L1L2-to-L3,97,107,1,1
L1L2-to-L3,97,109,1,1
L1L2-to-L3,97,114,1,1
L1L2-to-L3,97,117,1,1
L1L2-to-L3,97,119,1,1
L1L2-to-L3,97,124,1,1
L1L2-to-L3,97,128,1,1
L1L2-to-L3,97,131,1,1
L1L2-to-L3,97,132,1,1
L1L2-to-L3,97,135,1,1
L1L2-to-L3,97,137,1,1
L1L2-to-L3,97,141,1,1
L1L2-to-L3,97,142,1,1
L1L2-to-L3,97,144,1,1
L1L2-to-L3,97,145,1,1
L1L2-to-L3,97,146,1,1
L1L2-to-L3,97,147,1,1
L1L2-to-L3,97,154,1,1
L1L2-to-L3,97,156,1,1
L1L2-to-L3,97,158,1,1
L1L2-to-L3,97,161,1,1
L1L2-to-L3,97,167,1,1
L1L2-to-L3,97,169,1,1
L1L2-to-L3,97,179,1,1
L1L2-to-L3,97,181,1,1
L1L2-to-L3,97,183,1,1
L1L2-to-L3,97,184,1,1
L1L2-to-L3,97,186,1,1
L1L2-to-L3,97,187,1,1
L1L2-to-L3,97,188,1,1
L1L2-to-L3,97,196,1,1
L1L2-to-L3,97,198,1,1
L1L2-to-L3,97,199,1,1
L1L2-to-L3,97,201,1,1
L1L2-to-L3,97,202,1,1
L1L2-to-L3,97,205,1,1
L1L2-to-L3,97,206,1,1
L1L2-to-L3,97,207,1,1
L1L2-to-L3,97,211,1,1
L1L2-to-L3,97,212,1,1
L1L2-to-L3,97,213,1,1
L1L2-to-L3,97,215,1,1
L1L2-to-L3,97,218,1,1
L1L2-to-L3,97,226,1,1
L1L2-to-L3,97,227,1,1
L1L2-to-L3,97,229,1,1
L1L2-to-L3,97,231,1,1
L1L2-to-L3,97,235,1,1
L1L2-to-L3,97,238,1,1
L1L2-to-L3,97,242,1,1
L1L2-to-L3,97,244,1,1
L1L2-to-L3,97,245,1,1
L1L2-to-L3,97,247,1,1
L1L2-to-L3,97,248,1,1
L1L2-to-L3,97,251,1,1
L1L2-to-L3,98,1,1,1
L1L2-to-L3,98,2,1,1
L1L2-to-L3,98,4,1,1
L1L2-to-L3,98,6,1,1
L1L2-to-L3,98,7,1,1
L1L2-to-L3,98,8,1,1
L1L2-to-L3,98,11,1,1
L1L2-to-L3,98,18,1,1
L1L2-to-L3,98,24,1,1
L1L2-to-L3,98,25,1,1
L1L2-to-L3,98,40,1,1
L1L2-to-L3,98,43,1,1
L1L2-to-L3,98,44,1,1
L1L2-to-L3,98,46,1,1
L1L2-to-L3,98,47,1,1
L1L2-to-L3,98,48,1,1
L1L2-to-L3,98,54,1,1
L1L2-to-L3,98,55,1,1
L1L2-to-L3,98,57,1,1
L1L2-to-L3,98,58,1,1
L1L2-to-L3,98,65,1,1
L1L2-to-L3,98,72,1,1
L1L2-to-L3,98,73,1,1
L1L2-to-L3,98,75,1,1
L1L2-to-L3,98,76,1,1
L1L2-to-L3,98,77,1,1
L1L2-to-L3,98,78,1,1
L1L2-to-L3,98,80,1,1
L1L2-to-L3,98,82,1,1
L1L2-to-L3,98,83,1,1
L1L2-to-L3,98,92,1,1
L1L2-to-L3,98,93,1,1
L1L2-to-L3,98,95,1,1
L1L2-to-L3,98,96,1,1
L1L2-to-L3,98,97,1,1
L1L2-to-L3,98,101,1,1
L1L2-to-L3,98,102,1,1
L1L2-to-L3,98,103,1,1
L1L2-to-L3,98,110,1,1
L1L2-to-L3,98,111,1,1
L1L2-to-L3,98,113,1,1
L1L2-to-L3,98,114,1,1
L1L2-to-L3,98,116,1,1
L1L2-to-L3,98,117,1,1
L1L2-to-L3,98,118,1,1
L1L2-to-L3,98,119,1,1
L1L2-to-L3,98,120,1,1
L1L2-to-L3,98,122,1,1
L1L2-to-L3,98,123,1,1
L1L2-to-L3,98,126,1,1
L1L2-to-L3,98,127,1,1
L1L2-to-L3,98,129,1,1
L1L2-to-L3,98,137,1,1
L1L2-to-L3,98,139,1,1
L1L2-to-L3,98,140,1,1
L1L2-to-L3,98,143,1,1
L1L2-to-L3,98,146,1,1
L1L2-to-L3,98,147,1,1
L1L2-to-L3,98,149,1,1
L1L2-to-L3,98,150,1,1
L1L2-to-L3,98,152,1,1
L1L2-to-L3,98,153,1,1
L1L2-to-L3,98,158,1,1
L1L2-to-L3,98,159,1,1
L1L2-to-L3,98,160,1,1
L1L2-to-L3,98,161,1,1
L1L2-to-L3,98,165,1,1
L1L2-to-L3,98,168,1,1
L1L2-to-L3,98,169,1,1
L1L2-to-L3,98,170,1,1
L1L2-to-L3,98,174,1,1
L1L2-to-L3,98,177,1,1
L1L2-to-L3,98,179,1,1
L1L2-to-L3,98,180,1,1
L1L2-to-L3,98,181,1,1
L1L2-to-L3,98,184,1,1
L1L2-to-L3,98,186,1,1
L1L2-to-L3,98,189,1,1
L1L2-to-L3,98,193,1,1
L1L2-to-L3,98,196,1,1
L1L2-to-L3,98,198,1,1
L1L2-to-L3,98,200,1,1
L1L2-to-L3,98,201,1,1
L1L2-to-L3,98,205,1,1
L1L2-to-L3,98,206,1,1
L1L2-to-L3,98,208,1,1
L1L2-to-L3,98,210,1,1
L1L2-to-L3,98,212,1,1
L1L2-to-L3,98,213,1,1
L1L2-to-L3,98,214,1,1
L1L2-to-L3,98,215,1,1
L1L2-to-L3,98,218,1,1
L1L2-to-L3,98,219,1,1
L1L2-to-L3,98,221,1,1
L1L2-to-L3,98,222,1,1
L1L2-to-L3,98,225,1,1
L1L2-to-L3,98,227,1,1
L1L2-to-L3,98,229,1,1
L1L2-to-L3,98,230,1,1
L1L2-to-L3,98,231,1,1
L1L2-to-L3,98,234,1,1
L1L2-to-L3,98,237,1,1
L1L2-to-L3,98,238,1,1
L1L2-to-L3,98,241,1,1
L1L2-to-L3,98,242,1,1
L1L2-to-L3,98,250,1,1
L1L2-to-L3,99,4,1,1
L1L2-to-L3,99,8,1,1
L1L2-to-L3,99,10,1,1
L1L2-to-L3,99,12,1,1
L1L2-to-L3,99,16,1,1
L1L2-to-L3,99,17,1,1
L1L2-to-L3,99,24,1,1
L1L2-to-L3,99,30,1,1
L1L2-to-L3,99,35,1,1
L1L2-to-L3,99,39,1,1
L1L2-to-L3,99,47,1,1
L1L2-to-L3,99,56,1,1
L1L2-to-L3,99,57,1,1
L1L2-to-L3,99,62,1,1
L1L2-to-L3,99,67,1,1
L1L2-to-L3,99,68,1,1
L1L2-to-L3,99,69,1,1
L1L2-to-L3,99,70,1,1
L1L2-to-L3,99,77,1,1
L1L2-to-L3,99,79,1,1
L1L2-to-L3,99,84,1,1
L1L2-to-L3,99,87,1,1
L1L2-to-L3,99,94,1,1
L1L2-to-L3,99,95,1,1
L1L2-to-L3,99,96,1,1
L1L2-to-L3,99,104,1,1
L1L2-to-L3,99,113,1,1
L1L2-to-L3,99,114,1,1
L1L2-to-L3,99,119,1,1
L1L2-to-L3,99,137,1,1
L1L2-to-L3,99,140,1,1
L1L2-to-L3,99,143,1,1
L1L2-to-L3,99,145,1,1
L1L2-to-L3,99,147,1,1
L1L2-to-L3,99,148,1,1
L1L2-to-L3,99,151,1,1
L1L2-to-L3,99,156,1,1
L1L2-to-L3,99,157,1,1
L1L2-to-L3,99,162,1,1
L1L2-to-L3,99,163,1,1
L1L2-to-L3,99,170,1,1
L1L2-to-L3,99,172,1,1
L1L2-to-L3,99,179,1,1
L1L2-to-L3,99,183,1,1
L1L2-to-L3,99,186,1,1
L1L2-to-L3,99,187,1,1
L1L2-to-L3,99,188,1,1
L1L2-to-L3,99,192,1,1
L1L2-to-L3,99,194,1,1
L1L2-to-L3,99,199,1,1
L1L2-to-L3,99,200,1,1
L1L2-to-L3,99,201,1,1
L1L2-to-L3,99,204,1,1
L1L2-to-L3,99,208,1,1
L1L2-to-L3,99,209,1,1
L1L2-to-L3,99,211,1,1
L1L2-to-L3,99,213,1,1
L1L2-to-L3,99,214,1,1
L1L2-to-L3,99,215,1,1
L1L2-to-L3,99,219,1,1
L1L2-to-L3,99,220,1,1
L1L2-to-L3,99,222,1,1
L1L2-to-L3,99,224,1,1
L1L2-to-L3,99,225,1,1
L1L2-to-L3,99,230,1,1
L1L2-to-L3,99,231,1,1
L1L2-to-L3,99,232,1,1
L1L2-to-L3,99,234,1,1
L1L2-to-L3,99,238,1,1
L1L2-to-L3,99,239,1,1
L1L2-to-L3,99,240,1,1
L1L2-to-L3,99,241,1,1
L1L2-to-L3,99,250,1,1
L1L2-to-L3,99,251,1,1
L1L2-to-L3,99,254,1,1
L1L2-to-L3,99,255,1,1
L1L2-to-L3,100,2,1,1
L1L2-to-L3,100,4,1,1
L1L2-to-L3,100,12,1,1
L1L2-to-L3,100,14,1,1
L1L2-to-L3,100,20,1,1
L1L2-to-L3,100,22,1,1
L1L2-to-L3,100,28,1,1
L1L2-to-L3,100,35,1,1
L1L2-to-L3,100,36,1,1
L1L2-to-L3,100,42,1,1
L1L2-to-L3,100,44,1,1
L1L2-to-L3,100,46,1,1
L1L2-to-L3,100,47,1,1
L1L2-to-L3,100,50,1,1
L1L2-to-L3,100,54,1,1
L1L2-to-L3,100,55,1,1
L1L2-to-L3,100,56,1,1
L1L2-to-L3,100,60,1,1
L1L2-to-L3,100,61,1,1
L1L2-to-L3,100,62,1,1
L1L2-to-L3,100,63,1,1
L1L2-to-L3,100,67,1,1
L1L2-to-L3,100,69,1,1
L1L2-to-L3,100,72,1,1
L1L2-to-L3,100,75,1,1
L1L2-to-L3,100,77,1,1
L1L2-to-L3,100,78,1,1
L1L2-to-L3,100,85,1,1
L1L2-to-L3,100,89,1,1
L1L2-to-L3,100,90,1,1
L1L2-to-L3,100,91,1,1
L1L2-to-L3,100,92,1,1
L1L2-to-L3,100,93,1,1
L1L2-to-L3,100,94,1,1
L1L2-to-L3,100,96,1,1
L1L2-to-L3,100,98,1,1
L1L2-to-L3,100,103,1,1
L1L2-to-L3,100,110,1,1
L1L2-to-L3,100,111,1,1
L1L2-to-L3,100,115,1,1
L1L2-to-L3,100,117,1,1
L1L2-to-L3,100,118,1,1
L1L2-to-L3,100,119,1,1
L1L2-to-L3,100,120,1,1
L1L2-to-L3,100,121,1,1
L1L2-to-L3,100,123,1,1
L1L2-to-L3,100,125,1,1
L1L2-to-L3,100,128,1,1
L1L2-to-L3,100,130,1,1
L1L2-to-L3,100,131,1,1
L1L2-to-L3,100,132,1,1
L1L2-to-L3,100,134,1,1
L1L2-to-L3,100,136,1,1
L1L2-to-L3,100,138,1,1
L1L2-to-L3,100,143,1,1
L1L2-to-L3,100,144,1,1
L1L2-to-L3,100,146,1,1
L1L2-to-L3,100,147,1,1
L1L2-to-L3,100,148,1,1
L1L2-to-L3,100,150,1,1
L1L2-to-L3,100,158,1,1
L1L2-to-L3,100,161,1,1
L1L2-to-L3,100,163,1,1
L1L2-to-L3,100,164,1,1
L1L2-to-L3,100,165,1,1
L1L2-to-L3,100,172,1,1
L1L2-to-L3,100,174,1,1
L1L2-to-L3,100,175,1,1
L1L2-to-L3,100,177,1,1
L1L2-to-L3,100,180,1,1
L1L2-to-L3,100,181,1,1
L1L2-to-L3,100,182,1,1
L1L2-to-L3,100,184,1,1
L1L2-to-L3,100,185,1,1
L1L2-to-L3,100,188,1,1
L1L2-to-L3,100,196,1,1
L1L2-to-L3,100,197,1,1
L1L2-to-L3,100,198,1,1
L1L2-to-L3,100,199,1,1
L1L2-to-L3,100,200,1,1
L1L2-to-L3,100,201,1,1
L1L2-to-L3,100,204,1,1
L1L2-to-L3,100,205,1,1
L1L2-to-L3,100,206,1,1
L1L2-to-L3,100,208,1,1
L1L2-to-L3,100,209,1,1
L1L2-to-L3,100,216,1,1
L1L2-to-L3,100,217,1,1
L1L2-to-L3,100,223,1,1
L1L2-to-L3,100,224,1,1
L1L2-to-L3,100,226,1,1
L1L2-to-L3,100,227,1,1
L1L2-to-L3,100,229,1,1
L1L2-to-L3,100,234,1,1
L1L2-to-L3,100,237,1,1
L1L2-to-L3,100,238,1,1
L1L2-to-L3,100,239,1,1
L1L2-to-L3,100,240,1,1
L1L2-to-L3,100,241,1,1
L1L2-to-L3,100,242,1,1
L1L2-to-L3,100,244,1,1
L1L2-to-L3,100,245,1,1
L1L2-to-L3,100,246,1,1
L1L2-to-L3,100,247,1,1
L1L2-to-L3,100,249,1,1
L1L2-to-L3,100,250,1,1
L1L2-to-L3,100,254,1,1
L1L2-to-L3,101,1,1,1
L1L2-to-L3,101,2,1,1
L1L2-to-L3,101,5,1,1
L1L2-to-L3,101,6,1,1
L1L2-to-L3,101,7,1,1
L1L2-to-L3,101,9,1,1
L1L2-to-L3,101,10,1,1
L1L2-to-L3,101,11,1,1
L1L2-to-L3,101,19,1,1
L1L2-to-L3,101,31,1,1
L1L2-to-L3,101,34,1,1
L1L2-to-L3,101,35,1,1
L1L2-to-L3,101,40,1,1
L1L2-to-L3,101,45,1,1
L1L2-to-L3,101,47,1,1
L1L2-to-L3,101,49,1,1
L1L2-to-L3,101,50,1,1
L1L2-to-L3,101,51,1,1
L1L2-to-L3,101,54,1,1
L1L2-to-L3,101,57,1,1
L1L2-to-L3,101,58,1,1
L1L2-to-L3,101,59,1,1
L1L2-to-L3,101,61,1,1
L1L2-to-L3,101,63,1,1
L1L2-to-L3,101,67,1,1
L1L2-to-L3,101,69,1,1
L1L2-to-L3,101,70,1,1
L1L2-to-L3,101,71,1,1
L1L2-to-L3,101,72,1,1
L1L2-to-L3,101,74,1,1
L1L2-to-L3,101,76,1,1
L1L2-to-L3,101,78,1,1
L1L2-to-L3,101,79,1,1
L1L2-to-L3,101,81,1,1
L1L2-to-L3,101,85,1,1
L1L2-to-L3,101,87,1,1
L1L2-to-L3,101,89,1,1
L1L2-to-L3,101,90,1,1
L1L2-to-L3,101,93,1,1
L1L2-to-L3,101,94,1,1
L1L2-to-L3,101,95,1,1
L1L2-to-L3,101,97,1,1
L1L2-to-L3,101,98,1,1
L1L2-to-L3,101,101,1,1
L1L2-to-L3,101,104,1,1
L1L2-to-L3,101,107,1,1
L1L2-to-L3,101,112,1,1
L1L2-to-L3,101,117,1,1
L1L2-to-L3,101,118,1,1
L1L2-to-L3,101,122,1,1
L1L2-to-L3,101,123,1,1
L1L2-to-L3,101,124,1,1
L1L2-to-L3,101,125,1,1
L1L2-to-L3,101,127,1,1
L1L2-to-L3,101,129,1,1
L1L2-to-L3,101,130,1,1
L1L2-to-L3,101,131,1,1
L1L2-to-L3,101,133,1,1
L1L2-to-L3,101,136,1,1
L1L2-to-L3,101,138,1,1
L1L2-to-L3,101,142,1,1
L1L2-to-L3,101,148,1,1
L1L2-to-L3,101,151,1,1
L1L2-to-L3,101,152,1,1
L1L2-to-L3,101,154,1,1
L1L2-to-L3,101,155,1,1
L1L2-to-L3,101,156,1,1
L1L2-to-L3,101,157,1,1
L1L2-to-L3,101,158,1,1
L1L2-to-L3,101,159,1,1
L1L2-to-L3,101,160,1,1
L1L2-to-L3,101,162,1,1
L1L2-to-L3,101,165,1,1
L1L2-to-L3,101,167,1,1
L1L2-to-L3,101,170,1,1
L1L2-to-L3,101,173,1,1
L1L2-to-L3,101,176,1,1
L1L2-to-L3,101,177,1,1
L1L2-to-L3,101,178,1,1
L1L2-to-L3,101,179,1,1
L1L2-to-L3,101,180,1,1
L1L2-to-L3,101,183,1,1
L1L2-to-L3,101,185,1,1
L1L2-to-L3,101,187,1,1
L1L2-to-L3,101,189,1,1
L1L2-to-L3,101,194,1,1
L1L2-to-L3,101,195,1,1
L1L2-to-L3,101,197,1,1
L1L2-to-L3,101,199,1,1
L1L2-to-L3,101,202,1,1
L1L2-to-L3,101,204,1,1
L1L2-to-L3,101,207,1,1
L1L2-to-L3,101,209,1,1
L1L2-to-L3,101,210,1,1
L1L2-to-L3,101,215,1,1
L1L2-to-L3,101,218,1,1
L1L2-to-L3,101,220,1,1
L1L2-to-L3,101,222,1,1
L1L2-to-L3,101,223,1,1
L1L2-to-L3,101,226,1,1
L1L2-to-L3,101,229,1,1
L1L2-to-L3,101,230,1,1
L1L2-to-L3,101,231,1,1
L1L2-to-L3,101,235,1,1
L1L2-to-L3,101,239,1,1
L1L2-to-L3,101,240,1,1
L1L2-to-L3,101,243,1,1
L1L2-to-L3,101,244,1,1
L1L2-to-L3,101,251,1,1
L1L2-to-L3,101,252,1,1
L1L2-to-L3,102,5,1,1
L1L2-to-L3,102,6,1,1
L1L2-to-L3,102,11,1,1
L1L2-to-L3,102,14,1,1
L1L2-to-L3,102,16,1,1
L1L2-to-L3,102,18,1,1
L1L2-to-L3,102,19,1,1
L1L2-to-L3,102,27,1,1
L1L2-to-L3,102,33,1,1
L1L2-to-L3,102,35,1,1
L1L2-to-L3,102,39,1,1
L1L2-to-L3,102,46,1,1
L1L2-to-L3,102,51,1,1
L1L2-to-L3,102,52,1,1
L1L2-to-L3,102,53,1,1
L1L2-to-L3,102,58,1,1
L1L2-to-L3,102,59,1,1
L1L2-to-L3,102,63,1,1
L1L2-to-L3,102,65,1,1
L1L2-to-L3,102,69,1,1
L1L2-to-L3,102,70,1,1
L1L2-to-L3,102,74,1,1
L1L2-to-L3,102,78,1,1
L1L2-to-L3,102,80,1,1
L1L2-to-L3,102,86,1,1
L1L2-to-L3,102,87,1,1
L1L2-to-L3,102,88,1,1
L1L2-to-L3,102,99,1,1
L1L2-to-L3,102,101,1,1
L1L2-to-L3,102,103,1,1
L1L2-to-L3,102,110,1,1
L1L2-to-L3,102,113,1,1
L1L2-to-L3,102,115,1,1
L1L2-to-L3,102,119,1,1
L1L2-to-L3,102,120,1,1
L1L2-to-L3,102,121,1,1
L1L2-to-L3,102,126,1,1
L1L2-to-L3,102,129,1,1
L1L2-to-L3,102,130,1,1
L1L2-to-L3,102,132,1,1
L1L2-to-L3,102,133,1,1
L1L2-to-L3,102,138,1,1
L1L2-to-L3,102,139,1,1
L1L2-to-L3,102,141,1,1
L1L2-to-L3,102,142,1,1
L1L2-to-L3,102,145,1,1
L1L2-to-L3,102,150,1,1
L1L2-to-L3,102,151,1,1
L1L2-to-L3,102,155,1,1
L1L2-to-L3,102,156,1,1
L1L2-to-L3,102,158,1,1
L1L2-to-L3,102,159,1,1
L1L2-to-L3,102,162,1,1
L1L2-to-L3,102,164,1,1
L1L2-to-L3,102,166,1,1
L1L2-to-L3,102,167,1,1
L1L2-to-L3,102,170,1,1
L1L2-to-L3,102,172,1,1
L1L2-to-L3,102,174,1,1
L1L2-to-L3,102,183,1,1
L1L2-to-L3,102,184,1,1
L1L2-to-L3,102,186,1,1
L1L2-to-L3,102,187,1,1
L1L2-to-L3,102,188,1,1
L1L2-to-L3,102,191,1,1
L1L2-to-L3,102,192,1,1
L1L2-to-L3,102,193,1,1
L1L2-to-L3,102,196,1,1
L1L2-to-L3,102,197,1,1
L1L2-to-L3,102,198,1,1
L1L2-to-L3,102,200,1,1
L1L2-to-L3,102,202,1,1
L1L2-to-L3,102,205,1,1
L1L2-to-L3,102,206,1,1
L1L2-to-L3,102,207,1,1
L1L2-to-L3,102,213,1,1
L1L2-to-L3,102,216,1,1
L1L2-to-L3,102,220,1,1
L1L2-to-L3,102,221,1,1
L1L2-to-L3,102,222,1,1
L1L2-to-L3,102,225,1,1
L1L2-to-L3,102,226,1,1
L1L2-to-L3,102,234,1,1
L1L2-to-L3,102,237,1,1
L1L2-to-L3,102,238,1,1
L1L2-to-L3,102,240,1,1
L1L2-to-L3,102,241,1,1
L1L2-to-L3,102,244,1,1
L1L2-to-L3,102,246,1,1
L1L2-to-L3,102,249,1,1
L1L2-to-L3,102,251,1,1
L1L2-to-L3,102,252,1,1
L1L2-to-L3,102,254,1,1
L1L2-to-L3,103,0,1,1
L1L2-to-L3,103,1,1,1
L1L2-to-L3,103,3,1,1
L1L2-to-L3,103,4,1,1
L1L2-to-L3,103,6,1,1
L1L2-to-L3,103,7,1,1
L1L2-to-L3,103,9,1,1
L1L2-to-L3,103,10,1,1
L1L2-to-L3,103,14,1,1
L1L2-to-L3,103,16,1,1
L1L2-to-L3,103,18,1,1
L1L2-to-L3,103,19,1,1
L1L2-to-L3,103,20,1,1
L1L2-to-L3,103,22,1,1
L1L2-to-L3,103,23,1,1
L1L2-to-L3,103,24,1,1
L1L2-to-L3,103,25,1,1
L1L2-to-L3,103,26,1,1
L1L2-to-L3,103,29,1,1
L1L2-to-L3,103,30,1,1
L1L2-to-L3,103,31,1,1
L1L2-to-L3,103,32,1,1
L1L2-to-L3,103,34,1,1
L1L2-to-L3,103,35,1,1
L1L2-to-L3,103,37,1,1
L1L2-to-L3,103,40,1,1
L1L2-to-L3,103,44,1,1
L1L2-to-L3,103,45,1,1
L1L2-to-L3,103,47,1,1
L1L2-to-L3,103,48,1,1
L1L2-to-L3,103,49,1,1
L1L2-to-L3,103,56,1,1
L1L2-to-L3,103,57,1,1
L1L2-to-L3,103,58,1,1
L1L2-to-L3,103,60,1,1
L1L2-to-L3,103,62,1,1
L1L2-to-L3,103,64,1,1
L1L2-to-L3,103,66,1,1
L1L2-to-L3,103,67,1,1
L1L2-to-L3,103,72,1,1
L1L2-to-L3,103,73,1,1
L1L2-to-L3,103,79,1,1
L1L2-to-L3,103,80,1,1
L1L2-to-L3,103,81,1,1
L1L2-to-L3,103,83,1,1
L1L2-to-L3,103,86,1,1
L1L2-to-L3,103,88,1,1
L1L2-to-L3,103,89,1,1
L1L2-to-L3,103,90,1,1
L1L2-to-L3,103,91,1,1
L1L2-to-L3,103,94,1,1
L1L2-to-L3,103,96,1,1
L1L2-to-L3,103,97,1,1
L1L2-to-L3,103,98,1,1
L1L2-to-L3,103,102,1,1
L1L2-to-L3,103,103,1,1
L1L2-to-L3,103,108,1,1
L1L2-to-L3,103,112,1,1
L1L2-to-L3,103,114,1,1
L1L2-to-L3,103,115,1,1
L1L2-to-L3,103,121,1,1
L1L2-to-L3,103,125,1,1
L1L2-to-L3,103,126,1,1
L1L2-to-L3,103,127,1,1
L1L2-to-L3,103,128,1,1
L1L2-to-L3,103,129,1,1
L1L2-to-L3,103,133,1,1
L1L2-to-L3,103,135,1,1
L1L2-to-L3,103,136,1,1
L1L2-to-L3,103,138,1,1
L1L2-to-L3,103,139,1,1
L1L2-to-L3,103,141,1,1
L1L2-to-L3,103,143,1,1
L1L2-to-L3,103,148,1,1
L1L2-to-L3,103,149,1,1
L1L2-to-L3,103,152,1,1
L1L2-to-L3,103,160,1,1
L1L2-to-L3,103,161,1,1
L1L2-to-L3,103,162,1,1
L1L2-to-L3,103,163,1,1
L1L2-to-L3,103,169,1,1
L1L2-to-L3,103,172,1,1
L1L2-to-L3,103,174,1,1
L1L2-to-L3,103,175,1,1
L1L2-to-L3,103,176,1,1
L1L2-to-L3,103,178,1,1
L1L2-to-L3,103,180,1,1
L1L2-to-L3,103,182,1,1
L1L2-to-L3,103,183,1,1
L1L2-to-L3,103,188,1,1
L1L2-to-L3,103,191,1,1
L1L2-to-L3,103,193,1,1
L1L2-to-L3,103,198,1,1
L1L2-to-L3,103,202,1,1
L1L2-to-L3,103,205,1,1
L1L2-to-L3,103,206,1,1
L1L2-to-L3,103,210,1,1
L1L2-to-L3,103,212,1,1
L1L2-to-L3,103,214,1,1
L1L2-to-L3,103,217,1,1
L1L2-to-L3,103,218,1,1
L1L2-to-L3,103,219,1,1
L1L2-to-L3,103,222,1,1
L1L2-to-L3,103,224,1,1
L1L2-to-L3,103,226,1,1
L1L2-to-L3,103,230,1,1
L1L2-to-L3,103,231,1,1
L1L2-to-L3,103,232,1,1
L1L2-to-L3,103,233,1,1
L1L2-to-L3,103,234,1,1
L1L2-to-L3,103,237,1,1
L1L2-to-L3,103,239,1,1
L1L2-to-L3,103,240,1,1
L1L2-to-L3,103,241,1,1
L1L2-to-L3,103,243,1,1
L1L2-to-L3,103,244,1,1
L1L2-to-L3,103,248,1,1
L1L2-to-L3,103,249,1,1
L1L2-to-L3,103,251,1,1
L1L2-to-L3,103,254,1,1
L1L2-to-L3,104,15,1,1
L1L2-to-L3,104,17,1,1
L1L2-to-L3,104,21,1,1
L1L2-to-L3,104,22,1,1
L1L2-to-L3,104,24,1,1
L1L2-to-L3,104,27,1,1
L1L2-to-L3,104,30,1,1
L1L2-to-L3,104,31,1,1
L1L2-to-L3,104,32,1,1
L1L2-to-L3,104,33,1,1
L1L2-to-L3,104,35,1,1
L1L2-to-L3,104,37,1,1
L1L2-to-L3,104,40,1,1
L1L2-to-L3,104,43,1,1
L1L2-to-L3,104,45,1,1
L1L2-to-L3,104,46,1,1
L1L2-to-L3,104,52,1,1
L1L2-to-L3,104,60,1,1
L1L2-to-L3,104,61,1,1
L1L2-to-L3,104,62,1,1
L1L2-to-L3,104,71,1,1
L1L2-to-L3,104,72,1,1
L1L2-to-L3,104,80,1,1
L1L2-to-L3,104,82,1,1
L1L2-to-L3,104,85,1,1
L1L2-to-L3,104,87,1,1
L1L2-to-L3,104,88,1,1
L1L2-to-L3,104,89,1,1
L1L2-to-L3,104,91,1,1
L1L2-to-L3,104,92,1,1
L1L2-to-L3,104,93,1,1
L1L2-to-L3,104,94,1,1
L1L2-to-L3,104,101,1,1
L1L2-to-L3,104,104,1,1
L1L2-to-L3,104,106,1,1
L1L2-to-L3,104,107,1,1
L1L2-to-L3,104,108,1,1
L1L2-to-L3,104,109,1,1
L1L2-to-L3,104,110,1,1
L1L2-to-L3,104,113,1,1
L1L2-to-L3,104,117,1,1
L1L2-to-L3,104,118,1,1
L1L2-to-L3,104,120,1,1
L1L2-to-L3,104,123,1,1
L1L2-to-L3,104,126,1,1
L1L2-to-L3,104,129,1,1
L1L2-to-L3,104,130,1,1
L1L2-to-L3,104,131,1,1
L1L2-to-L3,104,134,1,1
L1L2-to-L3,104,137,1,1
L1L2-to-L3,104,140,1,1
L1L2-to-L3,104,141,1,1
L1L2-to-L3,104,143,1,1
L1L2-to-L3,104,146,1,1
L1L2-to-L3,104,148,1,1
L1L2-to-L3,104,152,1,1
L1L2-to-L3,104,154,1,1
L1L2-to-L3,104,160,1,1
L1L2-to-L3,104,162,1,1
L1L2-to-L3,104,163,1,1
L1L2-to-L3,104,165,1,1
L1L2-to-L3,104,168,1,1
L1L2-to-L3,104,169,1,1
L1L2-to-L3,104,176,1,1
L1L2-to-L3,104,177,1,1
L1L2-to-L3,104,178,1,1
L1L2-to-L3,104,180,1,1
L1L2-to-L3,104,181,1,1
L1L2-to-L3,104,182,1,1
L1L2-to-L3,104,186,1,1
L1L2-to-L3,104,190,1,1
L1L2-to-L3,104,192,1,1
L1L2-to-L3,104,195,1,1
L1L2-to-L3,104,196,1,1
L1L2-to-L3,104,197,1,1
L1L2-to-L3,104,199,1,1
L1L2-to-L3,104,200,1,1
L1L2-to-L3,104,201,1,1
L1L2-to-L3,104,204,1,1
L1L2-to-L3,104,205,1,1
L1L2-to-L3,104,207,1,1
L1L2-to-L3,104,209,1,1
L1L2-to-L3,104,212,1,1
L1L2-to-L3,104,213,1,1
L1L2-to-L3,104,216,1,1
L1L2-to-L3,104,219,1,1
L1L2-to-L3,104,222,1,1
L1L2-to-L3,104,225,1,1
L1L2-to-L3,104,228,1,1
L1L2-to-L3,104,230,1,1
L1L2-to-L3,104,231,1,1
L1L2-to-L3,104,233,1,1
L1L2-to-L3,104,235,1,1
L1L2-to-L3,104,236,1,1
L1L2-to-L3,104,237,1,1
L1L2-to-L3,104,239,1,1
L1L2-to-L3,104,240,1,1
L1L2-to-L3,104,241,1,1
L1L2-to-L3,104,242,1,1
L1L2-to-L3,104,247,1,1
L1L2-to-L3,104,248,1,1
L1L2-to-L3,104,249,1,1
L1L2-to-L3,104,250,1,1
L1L2-to-L3,104,252,1,1
L1L2-to-L3,105,14,1,1
L1L2-to-L3,105,15,1,1
L1L2-to-L3,105,17,1,1
L1L2-to-L3,105,25,1,1
L1L2-to-L3,105,26,1,1
L1L2-to-L3,105,40,1,1
L1L2-to-L3,105,44,1,1
L1L2-to-L3,105,50,1,1
L1L2-to-L3,105,56,1,1
L1L2-to-L3,105,60,1,1
L1L2-to-L3,105,64,1,1
L1L2-to-L3,105,67,1,1
L1L2-to-L3,105,68,1,1
L1L2-to-L3,105,79,1,1
L1L2-to-L3,105,80,1,1
L1L2-to-L3,105,83,1,1
L1L2-to-L3,105,87,1,1
L1L2-to-L3,105,90,1,1
L1L2-to-L3,105,92,1,1
L1L2-to-L3,105,94,1,1
L1L2-to-L3,105,98,1,1
L1L2-to-L3,105,100,1,1
L1L2-to-L3,105,101,1,1
L1L2-to-L3,105,103,1,1
L1L2-to-L3,105,104,1,1
L1L2-to-L3,105,114,1,1
L1L2-to-L3,105,119,1,1
L1L2-to-L3,105,120,1,1
L1L2-to-L3,105,124,1,1
L1L2-to-L3,105,127,1,1
L1L2-to-L3,105,130,1,1
L1L2-to-L3,105,132,1,1
L1L2-to-L3,105,135,1,1
L1L2-to-L3,105,137,1,1
L1L2-to-L3,105,139,1,1
L1L2-to-L3,105,140,1,1
L1L2-to-L3,105,142,1,1
L1L2-to-L3,105,144,1,1
L1L2-to-L3,105,146,1,1
L1L2-to-L3,105,149,1,1
L1L2-to-L3,105,151,1,1
L1L2-to-L3,105,152,1,1
L1L2-to-L3,105,164,1,1
L1L2-to-L3,105,166,1,1
L1L2-to-L3,105,167,1,1
L1L2-to-L3,105,169,1,1
L1L2-to-L3,105,170,1,1
L1L2-to-L3,105,171,1,1
L1L2-to-L3,105,180,1,1
L1L2-to-L3,105,183,1,1
L1L2-to-L3,105,184,1,1
L1L2-to-L3,105,185,1,1
L1L2-to-L3,105,186,1,1
L1L2-to-L3,105,187,1,1
L1L2-to-L3,105,189,1,1
L1L2-to-L3,105,193,1,1
L1L2-to-L3,105,197,1,1
L1L2-to-L3,105,199,1,1
L1L2-to-L3,105,200,1,1
L1L2-to-L3,105,207,1,1
L1L2-to-L3,105,212,1,1
L1L2-to-L3,105,213,1,1
L1L2-to-L3,105,214,1,1
L1L2-to-L3,105,215,1,1
L1L2-to-L3,105,216,1,1
L1L2-to-L3,105,217,1,1
L1L2-to-L3,105,219,1,1
L1L2-to-L3,105,220,1,1
L1L2-to-L3,105,221,1,1
L1L2-to-L3,105,222,1,1
L1L2-to-L3,105,224,1,1
L1L2-to-L3,105,228,1,1
L1L2-to-L3,105,230,1,1
L1L2-to-L3,105,232,1,1
L1L2-to-L3,105,233,1,1
L1L2-to-L3,105,240,1,1
L1L2-to-L3,105,241,1,1
L1L2-to-L3,105,242,1,1
L1L2-to-L3,105,243,1,1
L1L2-to-L3,105,245,1,1
L1L2-to-L3,105,247,1,1
L1L2-to-L3,105,250,1,1
L1L2-to-L3,105,251,1,1
L1L2-to-L3,106,2,1,1
L1L2-to-L3,106,3,1,1
L1L2-to-L3,106,4,1,1
L1L2-to-L3,106,7,1,1
L1L2-to-L3,106,12,1,1
L1L2-to-L3,106,14,1,1
L1L2-to-L3,106,16,1,1
L1L2-to-L3,106,17,1,1
L1L2-to-L3,106,18,1,1
L1L2-to-L3,106,19,1,1
L1L2-to-L3,106,26,1,1
L1L2-to-L3,106,27,1,1
L1L2-to-L3,106,30,1,1
L1L2-to-L3,106,34,1,1
L1L2-to-L3,106,44,1,1
L1L2-to-L3,106,47,1,1
L1L2-to-L3,106,48,1,1
L1L2-to-L3,106,58,1,1
L1L2-to-L3,106,61,1,1
L1L2-to-L3,106,68,1,1
L1L2-to-L3,106,75,1,1
L1L2-to-L3,106,77,1,1
L1L2-to-L3,106,79,1,1
L1L2-to-L3,106,81,1,1
L1L2-to-L3,106,82,1,1
L1L2-to-L3,106,85,1,1
L1L2-to-L3,106,87,1,1
L1L2-to-L3,106,88,1,1
L1L2-to-L3,106,89,1,1
L1L2-to-L3,106,92,1,1
L1L2-to-L3,106,96,1,1
L1L2-to-L3,106,101,1,1
L1L2-to-L3,106,103,1,1
L1L2-to-L3,106,104,1,1
L1L2-to-L3,106,109,1,1
L1L2-to-L3,106,110,1,1
L1L2-to-L3,106,113,1,1
L1L2-to-L3,106,116,1,1
L1L2-to-L3,106,119,1,1
L1L2-to-L3,106,121,1,1
L1L2-to-L3,106,124,1,1
L1L2-to-L3,106,125,1,1
L1L2-to-L3,106,129,1,1
L1L2-to-L3,106,130,1,1
L1L2-to-L3,106,137,1,1
L1L2-to-L3,106,138,1,1
L1L2-to-L3,106,139,1,1
L1L2-to-L3,106,140,1,1
L1L2-to-L3,106,154,1,1
L1L2-to-L3,106,155,1,1
L1L2-to-L3,106,158,1,1
L1L2-to-L3,106,163,1,1
L1L2-to-L3,106,165,1,1
L1L2-to-L3,106,166,1,1
L1L2-to-L3,106,168,1,1
L1L2-to-L3,106,169,1,1
L1L2-to-L3,106,171,1,1
L1L2-to-L3,106,174,1,1
L1L2-to-L3,106,175,1,1
L1L2-to-L3,106,176,1,1
L1L2-to-L3,106,180,1,1
L1L2-to-L3,106,182,1,1
L1L2-to-L3,106,183,1,1
L1L2-to-L3,106,184,1,1
L1L2-to-L3,106,186,1,1
L1L2-to-L3,106,191,1,1
L1L2-to-L3,106,192,1,1
L1L2-to-L3,106,193,1,1
L1L2-to-L3,106,194,1,1
L1L2-to-L3,106,195,1,1
L1L2-to-L3,106,199,1,1
L1L2-to-L3,106,202,1,1
L1L2-to-L3,106,203,1,1
L1L2-to-L3,106,205,1,1
L1L2-to-L3,106,208,1,1
L1L2-to-L3,106,211,1,1
L1L2-to-L3,106,213,1,1
L1L2-to-L3,106,215,1,1
L1L2-to-L3,106,218,1,1
L1L2-to-L3,106,222,1,1
L1L2-to-L3,106,224,1,1
L1L2-to-L3,106,225,1,1
L1L2-to-L3,106,229,1,1
L1L2-to-L3,106,231,1,1
L1L2-to-L3,106,232,1,1
L1L2-to-L3,106,233,1,1
L1L2-to-L3,106,239,1,1
L1L2-to-L3,106,243,1,1
L1L2-to-L3,106,245,1,1
L1L2-to-L3,106,247,1,1
L1L2-to-L3,106,248,1,1
L1L2-to-L3,106,253,1,1
L1L2-to-L3,107,2,1,1
L1L2-to-L3,107,7,1,1
L1L2-to-L3,107,10,1,1
L1L2-to-L3,107,12,1,1
L1L2-to-L3,107,19,1,1
L1L2-to-L3,107,22,1,1
L1L2-to-L3,107,24,1,1
L1L2-to-L3,107,25,1,1
L1L2-to-L3,107,26,1,1
L1L2-to-L3,107,36,1,1
L1L2-to-L3,107,41,1,1
L1L2-to-L3,107,42,1,1
L1L2-to-L3,107,50,1,1
L1L2-to-L3,107,52,1,1
L1L2-to-L3,107,58,1,1
L1L2-to-L3,107,63,1,1
L1L2-to-L3,107,64,1,1
L1L2-to-L3,107,68,1,1
L1L2-to-L3,107,76,1,1
L1L2-to-L3,107,78,1,1
L1L2-to-L3,107,103,1,1
L1L2-to-L3,107,106,1,1
L1L2-to-L3,107,109,1,1
L1L2-to-L3,107,118,1,1
L1L2-to-L3,107,121,1,1
L1L2-to-L3,107,122,1,1
L1L2-to-L3,107,123,1,1
L1L2-to-L3,107,124,1,1
L1L2-to-L3,107,125,1,1
L1L2-to-L3,107,127,1,1
L1L2-to-L3,107,128,1,1
L1L2-to-L3,107,131,1,1
L1L2-to-L3,107,132,1,1
L1L2-to-L3,107,134,1,1
L1L2-to-L3,107,137,1,1
L1L2-to-L3,107,139,1,1
L1L2-to-L3,107,140,1,1
L1L2-to-L3,107,144,1,1
L1L2-to-L3,107,146,1,1
L1L2-to-L3,107,147,1,1
L1L2-to-L3,107,154,1,1
L1L2-to-L3,107,156,1,1
L1L2-to-L3,107,157,1,1
L1L2-to-L3,107,158,1,1
L1L2-to-L3,107,159,1,1
L1L2-to-L3,107,161,1,1
L1L2-to-L3,107,166,1,1
L1L2-to-L3,107,168,1,1
L1L2-to-L3,107,173,1,1
L1L2-to-L3,107,174,1,1
L1L2-to-L3,107,175,1,1
L1L2-to-L3,107,177,1,1
L1L2-to-L3,107,182,1,1
L1L2-to-L3,107,185,1,1
L1L2-to-L3,107,190,1,1
L1L2-to-L3,107,191,1,1
L1L2-to-L3,107,192,1,1
L1L2-to-L3,107,193,1,1
L1L2-to-L3,107,196,1,1
L1L2-to-L3,107,197,1,1
L1L2-to-L3,107,199,1,1
L1L2-to-L3,107,204,1,1
L1L2-to-L3,107,207,1,1
L1L2-to-L3,107,210,1,1
L1L2-to-L3,107,212,1,1
L1L2-to-L3,107,215,1,1
L1L2-to-L3,107,217,1,1
L1L2-to-L3,107,219,1,1
L1L2-to-L3,107,221,1,1
L1L2-to-L3,107,223,1,1
L1L2-to-L3,107,227,1,1
L1L2-to-L3,107,228,1,1
L1L2-to-L3,107,229,1,1
L1L2-to-L3,107,230,1,1
L1L2-to-L3,107,231,1,1
L1L2-to-L3,107,235,1,1
L1L2-to-L3,107,236,1,1
L1L2-to-L3,107,242,1,1
L1L2-to-L3,107,243,1,1
L1L2-to-L3,107,244,1,1
L1L2-to-L3,107,250,1,1
L1L2-to-L3,107,252,1,1
L1L2-to-L3,107,255,1,1
L1L2-to-L3,108,0,1,1
L1L2-to-L3,108,4,1,1
L1L2-to-L3,108,5,1,1
L1L2-to-L3,108,6,1,1
L1L2-to-L3,108,14,1,1
L1L2-to-L3,108,15,1,1
L1L2-to-L3,108,16,1,1
L1L2-to-L3,108,17,1,1
L1L2-to-L3,108,20,1,1
L1L2-to-L3,108,28,1,1
L1L2-to-L3,108,35,1,1
L1L2-to-L3,108,37,1,1
L1L2-to-L3,108,42,1,1
L1L2-to-L3,108,44,1,1
L1L2-to-L3,108,45,1,1
L1L2-to-L3,108,46,1,1
L1L2-to-L3,108,50,1,1
L1L2-to-L3,108,51,1,1
L1L2-to-L3,108,53,1,1
L1L2-to-L3,108,55,1,1
L1L2-to-L3,108,61,1,1
L1L2-to-L3,108,62,1,1
L1L2-to-L3,108,63,1,1
L1L2-to-L3,108,65,1,1
L1L2-to-L3,108,67,1,1
L1L2-to-L3,108,68,1,1
L1L2-to-L3,108,69,1,1
L1L2-to-L3,108,75,1,1
L1L2-to-L3,108,79,1,1
L1L2-to-L3,108,84,1,1
L1L2-to-L3,108,89,1,1
L1L2-to-L3,108,93,1,1
L1L2-to-L3,108,94,1,1
L1L2-to-L3,108,97,1,1
L1L2-to-L3,108,107,1,1
L1L2-to-L3,108,109,1,1
L1L2-to-L3,108,110,1,1
L1L2-to-L3,108,112,1,1
L1L2-to-L3,108,113,1,1
L1L2-to-L3,108,114,1,1
L1L2-to-L3,108,116,1,1
L1L2-to-L3,108,118,1,1
L1L2-to-L3,108,121,1,1
L1L2-to-L3,108,130,1,1
L1L2-to-L3,108,134,1,1
L1L2-to-L3,108,137,1,1
L1L2-to-L3,108,138,1,1
L1L2-to-L3,108,139,1,1
L1L2-to-L3,108,141,1,1
L1L2-to-L3,108,143,1,1
L1L2-to-L3,108,146,1,1
L1L2-to-L3,108,147,1,1
L1L2-to-L3,108,148,1,1
L1L2-to-L3,108,150,1,1
L1L2-to-L3,108,151,1,1
L1L2-to-L3,108,155,1,1
L1L2-to-L3,108,156,1,1
L1L2-to-L3,108,158,1,1
L1L2-to-L3,108,160,1,1
L1L2-to-L3,108,161,1,1
L1L2-to-L3,108,165,1,1
L1L2-to-L3,108,166,1,1
L1L2-to-L3,108,167,1,1
L1L2-to-L3,108,168,1,1
L1L2-to-L3,108,177,1,1
L1L2-to-L3,108,180,1,1
L1L2-to-L3,108,181,1,1
L1L2-to-L3,108,186,1,1
L1L2-to-L3,108,188,1,1
L1L2-to-L3,108,189,1,1
L1L2-to-L3,108,191,1,1
L1L2-to-L3,108,193,1,1
L1L2-to-L3,108,194,1,1
L1L2-to-L3,108,196,1,1
L1L2-to-L3,108,198,1,1
L1L2-to-L3,108,199,1,1
L1L2-to-L3,108,200,1,1
L1L2-to-L3,108,202,1,1
L1L2-to-L3,108,203,1,1
L1L2-to-L3,108,206,1,1
L1L2-to-L3,108,207,1,1
L1L2-to-L3,108,209,1,1
L1L2-to-L3,108,211,1,1
L1L2-to-L3,108,213,1,1
L1L2-to-L3,108,214,1,1
L1L2-to-L3,108,219,1,1
L1L2-to-L3,108,220,1,1
L1L2-to-L3,108,222,1,1
L1L2-to-L3,108,224,1,1
L1L2-to-L3,108,228,1,1
L1L2-to-L3,108,232,1,1
L1L2-to-L3,108,235,1,1
L1L2-to-L3,108,238,1,1
L1L2-to-L3,108,239,1,1
L1L2-to-L3,108,243,1,1
L1L2-to-L3,108,245,1,1
L1L2-to-L3,108,248,1,1
L1L2-to-L3,108,249,1,1
L1L2-to-L3,108,250,1,1
L1L2-to-L3,108,254,1,1
L1L2-to-L3,109,0,1,1
L1L2-to-L3,109,1,1,1
L1L2-to-L3,109,6,1,1
L1L2-to-L3,109,7,1,1
L1L2-to-L3,109,8,1,1
L1L2-to-L3,109,9,1,1
L1L2-to-L3,109,10,1,1
L1L2-to-L3,109,11,1,1
L1L2-to-L3,109,13,1,1
L1L2-to-L3,109,16,1,1
L1L2-to-L3,109,17,1,1
L1L2-to-L3,109,19,1,1
L1L2-to-L3,109,24,1,1
L1L2-to-L3,109,27,1,1
L1L2-to-L3,109,32,1,1
L1L2-to-L3,109,33,1,1
L1L2-to-L3,109,35,1,1
L1L2-to-L3,109,37,1,1
L1L2-to-L3,109,38,1,1
L1L2-to-L3,109,45,1,1
L1L2-to-L3,109,47,1,1
L1L2-to-L3,109,50,1,1
L1L2-to-L3,109,53,1,1
L1L2-to-L3,109,57,1,1
L1L2-to-L3,109,61,1,1
L1L2-to-L3,109,67,1,1
L1L2-to-L3,109,69,1,1
L1L2-to-L3,109,77,1,1
L1L2-to-L3,109,79,1,1
L1L2-to-L3,109,81,1,1
L1L2-to-L3,109,84,1,1
L1L2-to-L3,109,85,1,1
L1L2-to-L3,109,90,1,1
L1L2-to-L3,109,92,1,1
L1L2-to-L3,109,94,1,1
L1L2-to-L3,109,96,1,1
L1L2-to-L3,109,100,1,1
L1L2-to-L3,109,101,1,1
L1L2-to-L3,109,102,1,1
L1L2-to-L3,109,103,1,1
L1L2-to-L3,109,106,1,1
L1L2-to-L3,109,108,1,1
L1L2-to-L3,109,109,1,1
L1L2-to-L3,109,110,1,1
L1L2-to-L3,109,111,1,1
L1L2-to-L3,109,113,1,1
L1L2-to-L3,109,114,1,1
L1L2-to-L3,109,115,1,1
L1L2-to-L3,109,116,1,1
L1L2-to-L3,109,118,1,1
L1L2-to-L3,109,121,1,1
L1L2-to-L3,109,122,1,1
L1L2-to-L3,109,123,1,1
L1L2-to-L3,109,124,1,1
L1L2-to-L3,109,129,1,1
L1L2-to-L3,109,133,1,1
L1L2-to-L3,109,134,1,1
L1L2-to-L3,109,135,1,1
L1L2-to-L3,109,138,1,1
L1L2-to-L3,109,139,1,1
L1L2-to-L3,109,140,1,1
L1L2-to-L3,109,141,1,1
L1L2-to-L3,109,144,1,1
L1L2-to-L3,109,145,1,1
L1L2-to-L3,109,150,1,1
L1L2-to-L3,109,152,1,1
L1L2-to-L3,109,155,1,1
L1L2-to-L3,109,161,1,1
L1L2-to-L3,109,169,1,1
L1L2-to-L3,109,170,1,1
L1L2-to-L3,109,173,1,1
L1L2-to-L3,109,174,1,1
L1L2-to-L3,109,178,1,1
L1L2-to-L3,109,181,1,1
L1L2-to-L3,109,183,1,1
L1L2-to-L3,109,186,1,1
L1L2-to-L3,109,187,1,1
L1L2-to-L3,109,189,1,1
L1L2-to-L3,109,193,1,1
L1L2-to-L3,109,195,1,1
L1L2-to-L3,109,197,1,1
L1L2-to-L3,109,204,1,1
L1L2-to-L3,109,210,1,1
L1L2-to-L3,109,211,1,1
L1L2-to-L3,109,212,1,1
L1L2-to-L3,109,216,1,1
L1L2-to-L3,109,217,1,1
L1L2-to-L3,109,218,1,1
L1L2-to-L3,109,220,1,1
L1L2-to-L3,109,222,1,1
L1L2-to-L3,109,226,1,1
L1L2-to-L3,109,227,1,1
L1L2-to-L3,109,228,1,1
L1L2-to-L3,109,229,1,1
L1L2-to-L3,109,233,1,1
L1L2-to-L3,109,237,1,1
L1L2-to-L3,109,240,1,1
L1L2-to-L3,109,242,1,1
L1L2-to-L3,109,244,1,1
L1L2-to-L3,109,245,1,1
L1L2-to-L3,109,246,1,1
L1L2-to-L3,109,248,1,1
L1L2-to-L3,109,250,1,1
L1L2-to-L3,109,251,1,1
L1L2-to-L3,109,252,1,1
L1L2-to-L3,109,254,1,1
L1L2-to-L3,109,255,1,1
L1L2-to-L3,110,0,1,1
L1L2-to-L3,110,2,1,1
L1L2-to-L3,110,16,1,1
L1L2-to-L3,110,19,1,1
L1L2-to-L3,110,23,1,1
L1L2-to-L3,110,25,1,1
L1L2-to-L3,110,26,1,1
L1L2-to-L3,110,28,1,1
L1L2-to-L3,110,29,1,1
L1L2-to-L3,110,32,1,1
L1L2-to-L3,110,37,1,1
L1L2-to-L3,110,38,1,1
L1L2-to-L3,110,46,1,1
L1L2-to-L3,110,61,1,1
L1L2-to-L3,110,69,1,1
L1L2-to-L3,110,70,1,1
L1L2-to-L3,110,71,1,1
L1L2-to-L3,110,74,1,1
L1L2-to-L3,110,76,1,1
L1L2-to-L3,110,79,1,1
L1L2-to-L3,110,83,1,1
L1L2-to-L3,110,84,1,1
L1L2-to-L3,110,86,1,1
L1L2-to-L3,110,88,1,1
L1L2-to-L3,110,90,1,1
L1L2-to-L3,110,94,1,1
L1L2-to-L3,110,98,1,1
L1L2-to-L3,110,100,1,1
L1L2-to-L3,110,103,1,1
L1L2-to-L3,110,111,1,1
L1L2-to-L3,110,112,1,1
L1L2-to-L3,110,113,1,1
L1L2-to-L3,110,115,1,1
L1L2-to-L3,110,116,1,1
L1L2-to-L3,110,118,1,1
L1L2-to-L3,110,119,1,1
L1L2-to-L3,110,121,1,1
L1L2-to-L3,110,122,1,1
L1L2-to-L3,110,123,1,1
L1L2-to-L3,110,125,1,1
L1L2-to-L3,110,126,1,1
L1L2-to-L3,110,128,1,1
L1L2-to-L3,110,140,1,1
L1L2-to-L3,110,141,1,1
L1L2-to-L3,110,142,1,1
L1L2-to-L3,110,157,1,1
L1L2-to-L3,110,159,1,1
L1L2-to-L3,110,161,1,1
L1L2-to-L3,110,162,1,1
L1L2-to-L3,110,163,1,1
L1L2-to-L3,110,165,1,1
L1L2-to-L3,110,169,1,1
L1L2-to-L3,110,170,1,1
L1L2-to-L3,110,171,1,1
L1L2-to-L3,110,172,1,1
L1L2-to-L3,110,175,1,1
L1L2-to-L3,110,177,1,1
L1L2-to-L3,110,180,1,1
L1L2-to-L3,110,182,1,1
L1L2-to-L3,110,190,1,1
L1L2-to-L3,110,196,1,1
L1L2-to-L3,110,202,1,1
L1L2-to-L3,110,205,1,1
L1L2-to-L3,110,211,1,1
L1L2-to-L3,110,218,1,1
L1L2-to-L3,110,219,1,1
L1L2-to-L3,110,227,1,1
L1L2-to-L3,110,233,1,1
L1L2-to-L3,110,236,1,1
L1L2-to-L3,110,238,1,1
L1L2-to-L3,110,239,1,1
L1L2-to-L3,110,240,1,1
L1L2-to-L3,110,241,1,1
L1L2-to-L3,110,244,1,1
L1L2-to-L3,110,245,1,1
L1L2-to-L3,110,246,1,1
L1L2-to-L3,110,247,1,1
L1L2-to-L3,110,252,1,1
L1L2-to-L3,110,254,1,1
L1L2-to-L3,110,255,1,1
L1L2-to-L3,111,3,1,1
L1L2-to-L3,111,4,1,1
L1L2-to-L3,111,6,1,1
L1L2-to-L3,111,8,1,1
L1L2-to-L3,111,9,1,1
L1L2-to-L3,111,12,1,1
L1L2-to-L3,111,16,1,1
L1L2-to-L3,111,17,1,1
L1L2-to-L3,111,18,1,1
L1L2-to-L3,111,22,1,1
L1L2-to-L3,111,23,1,1
L1L2-to-L3,111,36,1,1
L1L2-to-L3,111,41,1,1
L1L2-to-L3,111,45,1,1
L1L2-to-L3,111,47,1,1
L1L2-to-L3,111,55,1,1
L1L2-to-L3,111,58,1,1
L1L2-to-L3,111,65,1,1
L1L2-to-L3,111,66,1,1
L1L2-to-L3,111,67,1,1
L1L2-to-L3,111,76,1,1
L1L2-to-L3,111,77,1,1
L1L2-to-L3,111,79,1,1
L1L2-to-L3,111,83,1,1
L1L2-to-L3,111,84,1,1
L1L2-to-L3,111,86,1,1
L1L2-to-L3,111,90,1,1
L1L2-to-L3,111,91,1,1
L1L2-to-L3,111,92,1,1
L1L2-to-L3,111,99,1,1
L1L2-to-L3,111,102,1,1
L1L2-to-L3,111,103,1,1
L1L2-to-L3,111,108,1,1
L1L2-to-L3,111,113,1,1
L1L2-to-L3,111,114,1,1
L1L2-to-L3,111,115,1,1
L1L2-to-L3,111,116,1,1
L1L2-to-L3,111,118,1,1
L1L2-to-L3,111,119,1,1
L1L2-to-L3,111,120,1,1
L1L2-to-L3,111,122,1,1
L1L2-to-L3,111,123,1,1
L1L2-to-L3,111,125,1,1
L1L2-to-L3,111,127,1,1
L1L2-to-L3,111,128,1,1
L1L2-to-L3,111,130,1,1
L1L2-to-L3,111,132,1,1
L1L2-to-L3,111,136,1,1
L1L2-to-L3,111,138,1,1
L1L2-to-L3,111,145,1,1
L1L2-to-L3,111,146,1,1
L1L2-to-L3,111,147,1,1
L1L2-to-L3,111,152,1,1
L1L2-to-L3,111,153,1,1
L1L2-to-L3,111,157,1,1
L1L2-to-L3,111,159,1,1
L1L2-to-L3,111,164,1,1
L1L2-to-L3,111,168,1,1
L1L2-to-L3,111,169,1,1
L1L2-to-L3,111,171,1,1
L1L2-to-L3,111,176,1,1
L1L2-to-L3,111,179,1,1
L1L2-to-L3,111,180,1,1
L1L2-to-L3,111,181,1,1
L1L2-to-L3,111,182,1,1
L1L2-to-L3,111,184,1,1
L1L2-to-L3,111,186,1,1
L1L2-to-L3,111,187,1,1
L1L2-to-L3,111,188,1,1
L1L2-to-L3,111,192,1,1
L1L2-to-L3,111,198,1,1
L1L2-to-L3,111,200,1,1
L1L2-to-L3,111,201,1,1
L1L2-to-L3,111,204,1,1
L1L2-to-L3,111,205,1,1
L1L2-to-L3,111,206,1,1
L1L2-to-L3,111,207,1,1
L1L2-to-L3,111,210,1,1
L1L2-to-L3,111,211,1,1
L1L2-to-L3,111,214,1,1
L1L2-to-L3,111,216,1,1
L1L2-to-L3,111,218,1,1
L1L2-to-L3,111,221,1,1
L1L2-to-L3,111,224,1,1
L1L2-to-L3,111,228,1,1
L1L2-to-L3,111,230,1,1
L1L2-to-L3,111,231,1,1
L1L2-to-L3,111,236,1,1
L1L2-to-L3,111,237,1,1
L1L2-to-L3,111,238,1,1
L1L2-to-L3,111,239,1,1
L1L2-to-L3,111,246,1,1
L1L2-to-L3,111,249,1,1
L1L2-to-L3,111,253,1,1
L1L2-to-L3,111,255,1,1
L1L2-to-L3,112,3,1,1
L1L2-to-L3,112,4,1,1
L1L2-to-L3,112,5,1,1
L1L2-to-L3,112,6,1,1
L1L2-to-L3,112,9,1,1
L1L2-to-L3,112,10,1,1
L1L2-to-L3,112,11,1,1
L1L2-to-L3,112,12,1,1
L1L2-to-L3,112,13,1,1
L1L2-to-L3,112,14,1,1
L1L2-to-L3,112,16,1,1
L1L2-to-L3,112,22,1,1
L1L2-to-L3,112,23,1,1
L1L2-to-L3,112,24,1,1
L1L2-to-L3,112,25,1,1
L1L2-to-L3,112,29,1,1
L1L2-to-L3,112,30,1,1
L1L2-to-L3,112,31,1,1
L1L2-to-L3,112,33,1,1
L1L2-to-L3,112,34,1,1
L1L2-to-L3,112,36,1,1
L1L2-to-L3,112,40,1,1
L1L2-to-L3,112,45,1,1
L1L2-to-L3,112,46,1,1
L1L2-to-L3,112,47,1,1
L1L2-to-L3,112,48,1,1
L1L2-to-L3,112,51,1,1
L1L2-to-L3,112,55,1,1
L1L2-to-L3,112,59,1,1
L1L2-to-L3,112,61,1,1
L1L2-to-L3,112,64,1,1
L1L2-to-L3,112,65,1,1
L1L2-to-L3,112,66,1,1
L1L2-to-L3,112,73,1,1
L1L2-to-L3,112,74,1,1
L1L2-to-L3,112,79,1,1
L1L2-to-L3,112,81,1,1
L1L2-to-L3,112,85,1,1
L1L2-to-L3,112,88,1,1
L1L2-to-L3,112,97,1,1
L1L2-to-L3,112,99,1,1
L1L2-to-L3,112,100,1,1
L1L2-to-L3,112,101,1,1
L1L2-to-L3,112,102,1,1
L1L2-to-L3,112,103,1,1
L1L2-to-L3,112,104,1,1
L1L2-to-L3,112,105,1,1
L1L2-to-L3,112,106,1,1
L1L2-to-L3,112,107,1,1
L1L2-to-L3,112,113,1,1
L1L2-to-L3,112,114,1,1
L1L2-to-L3,112,119,1,1
L1L2-to-L3,112,125,1,1
L1L2-to-L3,112,130,1,1
L1L2-to-L3,112,131,1,1
L1L2-to-L3,112,132,1,1
L1L2-to-L3,112,134,1,1
L1L2-to-L3,112,136,1,1
L1L2-to-L3,112,140,1,1
L1L2-to-L3,112,142,1,1
L1L2-to-L3,112,143,1,1
L1L2-to-L3,112,148,1,1
L1L2-to-L3,112,150,1,1
L1L2-to-L3,112,152,1,1
L1L2-to-L3,112,153,1,1
L1L2-to-L3,112,160,1,1
L1L2-to-L3,112,165,1,1
L1L2-to-L3,112,166,1,1
L1L2-to-L3,112,167,1,1
L1L2-to-L3,112,168,1,1
L1L2-to-L3,112,171,1,1
L1L2-to-L3,112,176,1,1
L1L2-to-L3,112,177,1,1
L1L2-to-L3,112,179,1,1
L1L2-to-L3,112,184,1,1
L1L2-to-L3,112,185,1,1
L1L2-to-L3,112,186,1,1
L1L2-to-L3,112,188,1,1
L1L2-to-L3,112,191,1,1
L1L2-to-L3,112,192,1,1
L1L2-to-L3,112,197,1,1
L1L2-to-L3,112,198,1,1
L1L2-to-L3,112,199,1,1
L1L2-to-L3,112,200,1,1
L1L2-to-L3,112,201,1,1
L1L2-to-L3,112,204,1,1
L1L2-to-L3,112,207,1,1
L1L2-to-L3,112,208,1,1
L1L2-to-L3,112,209,1,1
L1L2-to-L3,112,210,1,1
L1L2-to-L3,112,217,1,1
L1L2-to-L3,112,219,1,1
L1L2-to-L3,112,220,1,1
L1L2-to-L3,112,225,1,1
L1L2-to-L3,112,226,1,1
L1L2-to-L3,112,229,1,1
L1L2-to-L3,112,230,1,1
L1L2-to-L3,112,231,1,1
L1L2-to-L3,112,232,1,1
L1L2-to-L3,112,233,1,1
L1L2-to-L3,112,236,1,1
L1L2-to-L3,112,238,1,1
L1L2-to-L3,112,246,1,1
L1L2-to-L3,112,250,1,1
L1L2-to-L3,112,254,1,1
L1L2-to-L3,113,0,1,1
L1L2-to-L3,113,1,1,1
L1L2-to-L3,113,2,1,1
L1L2-to-L3,113,5,1,1
L1L2-to-L3,113,10,1,1
L1L2-to-L3,113,14,1,1
L1L2-to-L3,113,19,1,1
L1L2-to-L3,113,21,1,1
L1L2-to-L3,113,23,1,1
L1L2-to-L3,113,26,1,1
L1L2-to-L3,113,28,1,1
L1L2-to-L3,113,29,1,1
L1L2-to-L3,113,30,1,1
L1L2-to-L3,113,31,1,1
L1L2-to-L3,113,35,1,1
L1L2-to-L3,113,39,1,1
L1L2-to-L3,113,40,1,1
L1L2-to-L3,113,41,1,1
L1L2-to-L3,113,43,1,1
L1L2-to-L3,113,46,1,1
L1L2-to-L3,113,47,1,1
L1L2-to-L3,113,48,1,1
L1L2-to-L3,113,55,1,1
L1L2-to-L3,113,59,1,1
L1L2-to-L3,113,60,1,1
L1L2-to-L3,113,62,1,1
L1L2-to-L3,113,63,1,1
L1L2-to-L3,113,68,1,1
L1L2-to-L3,113,73,1,1
L1L2-to-L3,113,75,1,1
L1L2-to-L3,113,76,1,1
L1L2-to-L3,113,80,1,1
L1L2-to-L3,113,81,1,1
L1L2-to-L3,113,83,1,1
L1L2-to-L3,113,84,1,1
L1L2-to-L3,113,85,1,1
L1L2-to-L3,113,87,1,1
L1L2-to-L3,113,88,1,1
L1L2-to-L3,113,89,1,1
L1L2-to-L3,113,94,1,1
L1L2-to-L3,113,95,1,1
L1L2-to-L3,113,99,1,1
L1L2-to-L3,113,100,1,1
L1L2-to-L3,113,102,1,1
L1L2-to-L3,113,104,1,1
L1L2-to-L3,113,105,1,1
L1L2-to-L3,113,108,1,1
L1L2-to-L3,113,113,1,1
L1L2-to-L3,113,116,1,1
L1L2-to-L3,113,120,1,1
L1L2-to-L3,113,121,1,1
L1L2-to-L3,113,122,1,1
L1L2-to-L3,113,124,1,1
L1L2-to-L3,113,125,1,1
L1L2-to-L3,113,128,1,1
L1L2-to-L3,113,133,1,1
L1L2-to-L3,113,135,1,1
L1L2-to-L3,113,139,1,1
L1L2-to-L3,113,140,1,1
L1L2-to-L3,113,142,1,1
L1L2-to-L3,113,145,1,1
L1L2-to-L3,113,146,1,1
L1L2-to-L3,113,147,1,1
L1L2-to-L3,113,150,1,1
L1L2-to-L3,113,151,1,1
L1L2-to-L3,113,152,1,1
L1L2-to-L3,113,156,1,1
L1L2-to-L3,113,157,1,1
L1L2-to-L3,113,159,1,1
L1L2-to-L3,113,160,1,1
L1L2-to-L3,113,162,1,1
L1L2-to-L3,113,165,1,1
L1L2-to-L3,113,166,1,1
L1L2-to-L3,113,167,1,1
L1L2-to-L3,113,170,1,1
L1L2-to-L3,113,171,1,1
L1L2-to-L3,113,173,1,1
L1L2-to-L3,113,175,1,1
L1L2-to-L3,113,176,1,1
L1L2-to-L3,113,178,1,1
L1L2-to-L3,113,179,1,1
L1L2-to-L3,113,181,1,1
L1L2-to-L3,113,183,1,1
L1L2-to-L3,113,185,1,1
L1L2-to-L3,113,186,1,1
L1L2-to-L3,113,192,1,1
L1L2-to-L3,113,194,1,1
L1L2-to-L3,113,195,1,1
L1L2-to-L3,113,198,1,1
L1L2-to-L3,113,202,1,1
L1L2-to-L3,113,204,1,1
L1L2-to-L3,113,206,1,1
L1L2-to-L3,113,207,1,1
L1L2-to-L3,113,209,1,1
L1L2-to-L3,113,212,1,1
L1L2-to-L3,113,213,1,1
L1L2-to-L3,113,215,1,1
L1L2-to-L3,113,216,1,1
L1L2-to-L3,113,217,1,1
L1L2-to-L3,113,218,1,1
L1L2-to-L3,113,220,1,1
L1L2-to-L3,113,221,1,1
L1L2-to-L3,113,222,1,1
L1L2-to-L3,113,223,1,1
L1L2-to-L3,113,224,1,1
L1L2-to-L3,113,226,1,1
L1L2-to-L3,113,228,1,1
L1L2-to-L3,113,229,1,1
L1L2-to-L3,113,235,1,1
L1L2-to-L3,113,236,1,1
L1L2-to-L3,113,238,1,1
L1L2-to-L3,113,239,1,1
L1L2-to-L3,113,240,1,1
L1L2-to-L3,113,241,1,1
L1L2-to-L3,113,243,1,1
L1L2-to-L3,113,244,1,1
L1L2-to-L3,113,247,1,1
L1L2-to-L3,113,249,1,1
L1L2-to-L3,113,250,1,1
L1L2-to-L3,113,251,1,1
L1L2-to-L3,113,252,1,1
L1L2-to-L3,113,254,1,1
L1L2-to-L3,113,255,1,1
L1L2-to-L3,114,2,1,1
L1L2-to-L3,114,6,1,1
L1L2-to-L3,114,8,1,1
L1L2-to-L3,114,10,1,1
L1L2-to-L3,114,11,1,1
L1L2-to-L3,114,12,1,1
L1L2-to-L3,114,16,1,1
L1L2-to-L3,114,28,1,1
L1L2-to-L3,114,31,1,1
L1L2-to-L3,114,32,1,1
L1L2-to-L3,114,37,1,1
L1L2-to-L3,114,39,1,1
L1L2-to-L3,114,41,1,1
L1L2-to-L3,114,43,1,1
L1L2-to-L3,114,45,1,1
L1L2-to-L3,114,46,1,1
L1L2-to-L3,114,47,1,1
L1L2-to-L3,114,49,1,1
L1L2-to-L3,114,53,1,1
L1L2-to-L3,114,56,1,1
L1L2-to-L3,114,58,1,1
L1L2-to-L3,114,61,1,1
L1L2-to-L3,114,65,1,1
L1L2-to-L3,114,67,1,1
L1L2-to-L3,114,73,1,1
L1L2-to-L3,114,75,1,1
L1L2-to-L3,114,77,1,1
L1L2-to-L3,114,86,1,1
L1L2-to-L3,114,94,1,1
L1L2-to-L3,114,97,1,1
L1L2-to-L3,114,98,1,1
L1L2-to-L3,114,100,1,1
L1L2-to-L3,114,101,1,1
L1L2-to-L3,114,102,1,1
L1L2-to-L3,114,105,1,1
L1L2-to-L3,114,106,1,1
L1L2-to-L3,114,110,1,1
L1L2-to-L3,114,113,1,1
L1L2-to-L3,114,114,1,1
L1L2-to-L3,114,118,1,1
L1L2-to-L3,114,123,1,1
L1L2-to-L3,114,124,1,1
L1L2-to-L3,114,125,1,1
L1L2-to-L3,114,126,1,1
L1L2-to-L3,114,128,1,1
L1L2-to-L3,114,130,1,1
L1L2-to-L3,114,132,1,1
L1L2-to-L3,114,135,1,1
L1L2-to-L3,114,136,1,1
L1L2-to-L3,114,139,1,1
L1L2-to-L3,114,145,1,1
L1L2-to-L3,114,146,1,1
L1L2-to-L3,114,150,1,1
L1L2-to-L3,114,152,1,1
L1L2-to-L3,114,156,1,1
L1L2-to-L3,114,157,1,1
L1L2-to-L3,114,158,1,1
L1L2-to-L3,114,162,1,1
L1L2-to-L3,114,164,1,1
L1L2-to-L3,114,169,1,1
L1L2-to-L3,114,171,1,1
L1L2-to-L3,114,173,1,1
L1L2-to-L3,114,175,1,1
L1L2-to-L3,114,177,1,1
L1L2-to-L3,114,179,1,1
L1L2-to-L3,114,183,1,1
L1L2-to-L3,114,188,1,1
L1L2-to-L3,114,191,1,1
L1L2-to-L3,114,192,1,1
L1L2-to-L3,114,194,1,1
L1L2-to-L3,114,196,1,1
L1L2-to-L3,114,200,1,1
L1L2-to-L3,114,202,1,1
L1L2-to-L3,114,205,1,1
L1L2-to-L3,114,206,1,1
L1L2-to-L3,114,210,1,1
L1L2-to-L3,114,211,1,1
L1L2-to-L3,114,212,1,1
L1L2-to-L3,114,214,1,1
L1L2-to-L3,114,216,1,1
L1L2-to-L3,114,220,1,1
L1L2-to-L3,114,224,1,1
L1L2-to-L3,114,230,1,1
L1L2-to-L3,114,235,1,1
L1L2-to-L3,114,237,1,1
L1L2-to-L3,114,239,1,1
L1L2-to-L3,114,241,1,1
L1L2-to-L3,114,242,1,1
L1L2-to-L3,114,243,1,1
L1L2-to-L3,114,244,1,1
L1L2-to-L3,114,245,1,1
L1L2-to-L3,114,248,1,1
L1L2-to-L3,114,249,1,1
L1L2-to-L3,114,250,1,1
L1L2-to-L3,115,1,1,1
L1L2-to-L3,115,3,1,1
L1L2-to-L3,115,6,1,1
L1L2-to-L3,115,9,1,1
L1L2-to-L3,115,10,1,1
L1L2-to-L3,115,11,1,1
L1L2-to-L3,115,12,1,1
L1L2-to-L3,115,13,1,1
L1L2-to-L3,115,14,1,1
L1L2-to-L3,115,16,1,1
L1L2-to-L3,115,19,1,1
L1L2-to-L3,115,22,1,1
L1L2-to-L3,115,25,1,1
L1L2-to-L3,115,26,1,1
L1L2-to-L3,115,27,1,1
L1L2-to-L3,115,31,1,1
L1L2-to-L3,115,32,1,1
L1L2-to-L3,115,33,1,1
L1L2-to-L3,115,34,1,1
L1L2-to-L3,115,35,1,1
L1L2-to-L3,115,37,1,1
L1L2-to-L3,115,38,1,1
L1L2-to-L3,115,41,1,1
L1L2-to-L3,115,42,1,1
L1L2-to-L3,115,46,1,1
L1L2-to-L3,115,49,1,1
L1L2-to-L3,115,50,1,1
L1L2-to-L3,115,53,1,1
L1L2-to-L3,115,54,1,1
L1L2-to-L3,115,55,1,1
L1L2-to-L3,115,58,1,1
L1L2-to-L3,115,60,1,1
L1L2-to-L3,115,64,1,1
L1L2-to-L3,115,65,1,1
L1L2-to-L3,115,66,1,1
L1L2-to-L3,115,68,1,1
L1L2-to-L3,115,69,1,1
L1L2-to-L3,115,70,1,1
L1L2-to-L3,115,72,1,1
L1L2-to-L3,115,73,1,1
L1L2-to-L3,115,75,1,1
L1L2-to-L3,115,80,1,1
L1L2-to-L3,115,81,1,1
L1L2-to-L3,115,83,1,1
L1L2-to-L3,115,84,1,1
L1L2-to-L3,115,89,1,1
L1L2-to-L3,115,90,1,1
L1L2-to-L3,115,92,1,1
L1L2-to-L3,115,95,1,1
L1L2-to-L3,115,98,1,1
L1L2-to-L3,115,99,1,1
L1L2-to-L3,115,103,1,1
L1L2-to-L3,115,107,1,1
L1L2-to-L3,115,109,1,1
L1L2-to-L3,115,115,1,1
L1L2-to-L3,115,117,1,1
L1L2-to-L3,115,121,1,1
L1L2-to-L3,115,122,1,1
L1L2-to-L3,115,123,1,1
L1L2-to-L3,115,125,1,1
L1L2-to-L3,115,126,1,1
L1L2-to-L3,115,129,1,1
L1L2-to-L3,115,130,1,1
L1L2-to-L3,115,131,1,1
L1L2-to-L3,115,132,1,1
L1L2-to-L3,115,134,1,1
L1L2-to-L3,115,139,1,1
L1L2-to-L3,115,142,1,1
L1L2-to-L3,115,144,1,1
L1L2-to-L3,115,146,1,1
L1L2-to-L3,115,147,1,1
L1L2-to-L3,115,148,1,1
L1L2-to-L3,115,152,1,1
L1L2-to-L3,115,154,1,1
L1L2-to-L3,115,160,1,1
L1L2-to-L3,115,161,1,1
L1L2-to-L3,115,164,1,1
L1L2-to-L3,115,168,1,1
L1L2-to-L3,115,171,1,1
L1L2-to-L3,115,172,1,1
L1L2-to-L3,115,174,1,1
L1L2-to-L3,115,175,1,1
L1L2-to-L3,115,176,1,1
L1L2-to-L3,115,178,1,1
L1L2-to-L3,115,179,1,1
L1L2-to-L3,115,181,1,1
L1L2-to-L3,115,185,1,1
L1L2-to-L3,115,193,1,1
L1L2-to-L3,115,194,1,1
L1L2-to-L3,115,196,1,1
L1L2-to-L3,115,198,1,1
L1L2-to-L3,115,202,1,1
L1L2-to-L3,115,204,1,1
L1L2-to-L3,115,205,1,1
L1L2-to-L3,115,207,1,1
L1L2-to-L3,115,208,1,1
L1L2-to-L3,115,214,1,1
L1L2-to-L3,115,215,1,1
L1L2-to-L3,115,216,1,1
L1L2-to-L3,115,221,1,1
L1L2-to-L3,115,224,1,1
L1L2-to-L3,115,225,1,1
L1L2-to-L3,115,229,1,1
L1L2-to-L3,115,230,1,1
L1L2-to-L3,115,231,1,1
L1L2-to-L3,115,232,1,1
L1L2-to-L3,115,238,1,1
L1L2-to-L3,115,241,1,1
L1L2-to-L3,115,244,1,1
L1L2-to-L3,115,245,1,1
L1L2-to-L3,115,246,1,1
L1L2-to-L3,115,247,1,1
L1L2-to-L3,115,248,1,1
L1L2-to-L3,115,249,1,1
L1L2-to-L3,115,250,1,1
L1L2-to-L3,115,253,1,1
L1L2-to-L3,115,254,1,1
L1L2-to-L3,116,0,1,1
L1L2-to-L3,116,11,1,1
L1L2-to-L3,116,12,1,1
L1L2-to-L3,116,14,1,1
L1L2-to-L3,116,17,1,1
L1L2-to-L3,116,18,1,1
L1L2-to-L3,116,20,1,1
L1L2-to-L3,116,21,1,1
L1L2-to-L3,116,24,1,1
L1L2-to-L3,116,27,1,1
L1L2-to-L3,116,31,1,1
L1L2-to-L3,116,39,1,1
L1L2-to-L3,116,40,1,1
L1L2-to-L3,116,43,1,1
L1L2-to-L3,116,46,1,1
L1L2-to-L3,116,47,1,1
L1L2-to-L3,116,49,1,1
L1L2-to-L3,116,51,1,1
L1L2-to-L3,116,54,1,1
L1L2-to-L3,116,57,1,1
L1L2-to-L3,116,60,1,1
L1L2-to-L3,116,63,1,1
L1L2-to-L3,116,65,1,1
L1L2-to-L3,116,68,1,1
L1L2-to-L3,116,69,1,1
L1L2-to-L3,116,72,1,1
L1L2-to-L3,116,73,1,1
L1L2-to-L3,116,74,1,1
L1L2-to-L3,116,75,1,1
L1L2-to-L3,116,77,1,1
L1L2-to-L3,116,79,1,1
L1L2-to-L3,116,80,1,1
L1L2-to-L3,116,84,1,1
L1L2-to-L3,116,86,1,1
L1L2-to-L3,116,91,1,1
L1L2-to-L3,116,93,1,1
L1L2-to-L3,116,95,1,1
L1L2-to-L3,116,96,1,1
L1L2-to-L3,116,98,1,1
L1L2-to-L3,116,99,1,1
L1L2-to-L3,116,100,1,1
L1L2-to-L3,116,101,1,1
L1L2-to-L3,116,102,1,1
L1L2-to-L3,116,103,1,1
L1L2-to-L3,116,112,1,1
L1L2-to-L3,116,113,1,1
L1L2-to-L3,116,114,1,1
L1L2-to-L3,116,121,1,1
L1L2-to-L3,116,129,1,1
L1L2-to-L3,116,130,1,1
L1L2-to-L3,116,131,1,1
L1L2-to-L3,116,136,1,1
L1L2-to-L3,116,137,1,1
L1L2-to-L3,116,139,1,1
L1L2-to-L3,116,140,1,1
L1L2-to-L3,116,142,1,1
L1L2-to-L3,116,145,1,1
L1L2-to-L3,116,146,1,1
L1L2-to-L3,116,147,1,1
L1L2-to-L3,116,148,1,1
L1L2-to-L3,116,149,1,1
L1L2-to-L3,116,152,1,1
L1L2-to-L3,116,157,1,1
L1L2-to-L3,116,158,1,1
L1L2-to-L3,116,160,1,1
L1L2-to-L3,116,162,1,1
L1L2-to-L3,116,164,1,1
L1L2-to-L3,116,165,1,1
L1L2-to-L3,116,166,1,1
L1L2-to-L3,116,174,1,1
L1L2-to-L3,116,180,1,1
L1L2-to-L3,116,182,1,1
L1L2-to-L3,116,185,1,1
L1L2-to-L3,116,186,1,1
L1L2-to-L3,116,187,1,1
L1L2-to-L3,116,188,1,1
L1L2-to-L3,116,191,1,1
L1L2-to-L3,116,195,1,1
L1L2-to-L3,116,197,1,1
L1L2-to-L3,116,204,1,1
L1L2-to-L3,116,209,1,1
L1L2-to-L3,116,210,1,1
L1L2-to-L3,116,211,1,1
L1L2-to-L3,116,213,1,1
L1L2-to-L3,116,217,1,1
L1L2-to-L3,116,218,1,1
L1L2-to-L3,116,221,1,1
L1L2-to-L3,116,223,1,1
L1L2-to-L3,116,224,1,1
L1L2-to-L3,116,225,1,1
L1L2-to-L3,116,227,1,1
L1L2-to-L3,116,228,1,1
L1L2-to-L3,116,231,1,1
L1L2-to-L3,116,232,1,1
L1L2-to-L3,116,234,1,1
L1L2-to-L3,116,236,1,1
L1L2-to-L3,116,239,1,1
L1L2-to-L3,116,241,1,1
L1L2-to-L3,116,242,1,1
L1L2-to-L3,116,243,1,1
L1L2-to-L3,116,244,1,1
L1L2-to-L3,116,246,1,1
L1L2-to-L3,116,248,1,1
L1L2-to-L3,116,249,1,1
L1L2-to-L3,116,250,1,1
L1L2-to-L3,116,251,1,1
L1L2-to-L3,117,4,1,1
L1L2-to-L3,117,8,1,1
L1L2-to-L3,117,12,1,1
L1L2-to-L3,117,13,1,1
L1L2-to-L3,117,17,1,1
L1L2-to-L3,117,18,1,1
L1L2-to-L3,117,19,1,1
L1L2-to-L3,117,22,1,1
L1L2-to-L3,117,23,1,1
L1L2-to-L3,117,25,1,1
L1L2-to-L3,117,31,1,1
L1L2-to-L3,117,42,1,1
L1L2-to-L3,117,48,1,1
L1L2-to-L3,117,49,1,1
L1L2-to-L3,117,50,1,1
L1L2-to-L3,117,51,1,1
L1L2-to-L3,117,62,1,1
L1L2-to-L3,117,73,1,1
L1L2-to-L3,117,76,1,1
L1L2-to-L3,117,77,1,1
L1L2-to-L3,117,82,1,1
L1L2-to-L3,117,87,1,1
L1L2-to-L3,117,88,1,1
L1L2-to-L3,117,91,1,1
L1L2-to-L3,117,92,1,1
L1L2-to-L3,117,94,1,1
L1L2-to-L3,117,97,1,1
L1L2-to-L3,117,98,1,1
L1L2-to-L3,117,104,1,1
L1L2-to-L3,117,106,1,1
L1L2-to-L3,117,107,1,1
L1L2-to-L3,117,114,1,1
L1L2-to-L3,117,119,1,1
L1L2-to-L3,117,123,1,1
L1L2-to-L3,117,124,1,1
L1L2-to-L3,117,125,1,1
L1L2-to-L3,117,126,1,1
L1L2-to-L3,117,131,1,1
L1L2-to-L3,117,135,1,1
L1L2-to-L3,117,137,1,1
L1L2-to-L3,117,141,1,1
L1L2-to-L3,117,145,1,1
L1L2-to-L3,117,155,1,1
L1L2-to-L3,117,158,1,1
L1L2-to-L3,117,160,1,1
L1L2-to-L3,117,162,1,1
L1L2-to-L3,117,165,1,1
L1L2-to-L3,117,169,1,1
L1L2-to-L3,117,174,1,1
L1L2-to-L3,117,175,1,1
L1L2-to-L3,117,180,1,1
L1L2-to-L3,117,182,1,1
L1L2-to-L3,117,184,1,1
L1L2-to-L3,117,186,1,1
L1L2-to-L3,117,187,1,1
L1L2-to-L3,117,188,1,1
L1L2-to-L3,117,191,1,1
L1L2-to-L3,117,194,1,1
L1L2-to-L3,117,198,1,1
L1L2-to-L3,117,204,1,1
L1L2-to-L3,117,205,1,1
L1L2-to-L3,117,206,1,1
L1L2-to-L3,117,207,1,1
L1L2-to-L3,117,210,1,1
L1L2-to-L3,117,211,1,1
L1L2-to-L3,117,212,1,1
L1L2-to-L3,117,217,1,1
L1L2-to-L3,117,218,1,1
L1L2-to-L3,117,221,1,1
L1L2-to-L3,117,222,1,1
L1L2-to-L3,117,223,1,1
L1L2-to-L3,117,226,1,1
L1L2-to-L3,117,228,1,1
L1L2-to-L3,117,230,1,1
L1L2-to-L3,117,231,1,1
L1L2-to-L3,117,233,1,1
L1L2-to-L3,117,235,1,1
L1L2-to-L3,117,239,1,1
L1L2-to-L3,117,241,1,1
L1L2-to-L3,117,244,1,1
L1L2-to-L3,117,245,1,1
L1L2-to-L3,117,253,1,1
L1L2-to-L3,118,1,1,1
L1L2-to-L3,118,5,1,1
L1L2-to-L3,118,6,1,1
L1L2-to-L3,118,8,1,1
L1L2-to-L3,118,11,1,1
L1L2-to-L3,118,14,1,1
L1L2-to-L3,118,15,1,1
L1L2-to-L3,118,17,1,1
L1L2-to-L3,118,20,1,1
L1L2-to-L3,118,21,1,1
L1L2-to-L3,118,23,1,1
L1L2-to-L3,118,26,1,1
L1L2-to-L3,118,27,1,1
L1L2-to-L3,118,28,1,1
L1L2-to-L3,118,30,1,1
L1L2-to-L3,118,32,1,1
L1L2-to-L3,118,35,1,1
L1L2-to-L3,118,36,1,1
L1L2-to-L3,118,38,1,1
L1L2-to-L3,118,40,1,1
L1L2-to-L3,118,46,1,1
L1L2-to-L3,118,47,1,1
L1L2-to-L3,118,49,1,1
L1L2-to-L3,118,53,1,1
L1L2-to-L3,118,58,1,1
L1L2-to-L3,118,60,1,1
L1L2-to-L3,118,62,1,1
L1L2-to-L3,118,63,1,1
L1L2-to-L3,118,65,1,1
L1L2-to-L3,118,69,1,1
L1L2-to-L3,118,72,1,1
L1L2-to-L3,118,73,1,1
L1L2-to-L3,118,74,1,1
L1L2-to-L3,118,77,1,1
L1L2-to-L3,118,78,1,1
L1L2-to-L3,118,80,1,1
L1L2-to-L3,118,83,1,1
L1L2-to-L3,118,86,1,1
L1L2-to-L3,118,88,1,1
L1L2-to-L3,118,93,1,1
L1L2-to-L3,118,98,1,1
L1L2-to-L3,118,100,1,1
L1L2-to-L3,118,103,1,1
L1L2-to-L3,118,106,1,1
L1L2-to-L3,118,107,1,1
L1L2-to-L3,118,111,1,1
L1L2-to-L3,118,113,1,1
L1L2-to-L3,118,114,1,1
L1L2-to-L3,118,115,1,1
L1L2-to-L3,118,118,1,1
L1L2-to-L3,118,121,1,1
L1L2-to-L3,118,122,1,1
L1L2-to-L3,118,131,1,1
L1L2-to-L3,118,134,1,1
L1L2-to-L3,118,135,1,1
L1L2-to-L3,118,138,1,1
L1L2-to-L3,118,141,1,1
L1L2-to-L3,118,147,1,1
L1L2-to-L3,118,150,1,1
L1L2-to-L3,118,153,1,1
L1L2-to-L3,118,154,1,1
L1L2-to-L3,118,160,1,1
L1L2-to-L3,118,163,1,1
L1L2-to-L3,118,167,1,1
L1L2-to-L3,118,168,1,1
L1L2-to-L3,118,169,1,1
L1L2-to-L3,118,170,1,1
L1L2-to-L3,118,172,1,1
L1L2-to-L3,118,176,1,1
L1L2-to-L3,118,178,1,1
L1L2-to-L3,118,179,1,1
L1L2-to-L3,118,183,1,1
L1L2-to-L3,118,186,1,1
L1L2-to-L3,118,188,1,1
L1L2-to-L3,118,193,1,1
L1L2-to-L3,118,195,1,1
L1L2-to-L3,118,197,1,1
L1L2-to-L3,118,198,1,1
L1L2-to-L3,118,200,1,1
L1L2-to-L3,118,202,1,1
L1L2-to-L3,118,204,1,1
L1L2-to-L3,118,207,1,1
L1L2-to-L3,118,215,1,1
L1L2-to-L3,118,217,1,1
L1L2-to-L3,118,218,1,1
L1L2-to-L3,118,221,1,1
L1L2-to-L3,118,224,1,1
L1L2-to-L3,118,225,1,1
L1L2-to-L3,118,226,1,1
L1L2-to-L3,118,229,1,1
L1L2-to-L3,118,233,1,1
L1L2-to-L3,118,234,1,1
L1L2-to-L3,118,235,1,1
L1L2-to-L3,118,237,1,1
L1L2-to-L3,118,238,1,1
L1L2-to-L3,118,242,1,1
L1L2-to-L3,118,245,1,1
L1L2-to-L3,118,247,1,1
L1L2-to-L3,118,248,1,1
L1L2-to-L3,118,249,1,1
L1L2-to-L3,118,252,1,1
L1L2-to-L3,118,254,1,1
L1L2-to-L3,119,2,1,1
L1L2-to-L3,119,4,1,1
L1L2-to-L3,119,11,1,1
L1L2-to-L3,119,14,1,1
L1L2-to-L3,119,24,1,1
L1L2-to-L3,119,26,1,1
L1L2-to-L3,119,29,1,1
L1L2-to-L3,119,32,1,1
L1L2-to-L3,119,36,1,1
L1L2-to-L3,119,42,1,1
L1L2-to-L3,119,54,1,1
L1L2-to-L3,119,64,1,1
L1L2-to-L3,119,68,1,1
L1L2-to-L3,119,69,1,1
L1L2-to-L3,119,71,1,1
L1L2-to-L3,119,73,1,1
L1L2-to-L3,119,83,1,1
L1L2-to-L3,119,86,1,1
L1L2-to-L3,119,90,1,1
L1L2-to-L3,119,93,1,1
L1L2-to-L3,119,94,1,1
L1L2-to-L3,119,95,1,1
L1L2-to-L3,119,98,1,1
L1L2-to-L3,119,99,1,1
L1L2-to-L3,119,104,1,1
L1L2-to-L3,119,110,1,1
L1L2-to-L3,119,111,1,1
L1L2-to-L3,119,112,1,1
L1L2-to-L3,119,122,1,1
L1L2-to-L3,119,129,1,1
L1L2-to-L3,119,132,1,1
L1L2-to-L3,119,134,1,1
L1L2-to-L3,119,135,1,1
L1L2-to-L3,119,148,1,1
L1L2-to-L3,119,149,1,1
L1L2-to-L3,119,150,1,1
L1L2-to-L3,119,155,1,1
L1L2-to-L3,119,160,1,1
L1L2-to-L3,119,165,1,1
L1L2-to-L3,119,167,1,1
L1L2-to-L3,119,169,1,1
L1L2-to-L3,119,170,1,1
L1L2-to-L3,119,171,1,1
L1L2-to-L3,119,173,1,1
L1L2-to-L3,119,175,1,1
L1L2-to-L3,119,176,1,1
L1L2-to-L3,119,178,1,1
L1L2-to-L3,119,179,1,1
L1L2-to-L3,119,182,1,1
L1L2-to-L3,119,186,1,1
L1L2-to-L3,119,195,1,1
L1L2-to-L3,119,196,1,1
L1L2-to-L3,119,200,1,1
L1L2-to-L3,119,202,1,1
L1L2-to-L3,119,203,1,1
L1L2-to-L3,119,204,1,1
L1L2-to-L3,119,205,1,1
L1L2-to-L3,119,207,1,1
L1L2-to-L3,119,209,1,1
L1L2-to-L3,119,212,1,1
L1L2-to-L3,119,213,1,1
L1L2-to-L3,119,218,1,1
L1L2-to-L3,119,219,1,1
L1L2-to-L3,119,220,1,1
L1L2-to-L3,119,222,1,1
L1L2-to-L3,119,223,1,1
L1L2-to-L3,119,225,1,1
L1L2-to-L3,119,226,1,1
L1L2-to-L3,119,231,1,1
L1L2-to-L3,119,235,1,1
L1L2-to-L3,119,237,1,1
L1L2-to-L3,119,250,1,1
L1L2-to-L3,119,254,1,1
L1L2-to-L3,119,255,1,1
L1L2-to-L3,120,2,1,1
L1L2-to-L3,120,7,1,1
L1L2-to-L3,120,9,1,1
L1L2-to-L3,120,25,1,1
L1L2-to-L3,120,26,1,1
L1L2-to-L3,120,32,1,1
L1L2-to-L3,120,35,1,1
L1L2-to-L3,120,36,1,1
L1L2-to-L3,120,37,1,1
L1L2-to-L3,120,39,1,1
L1L2-to-L3,120,40,1,1
L1L2-to-L3,120,44,1,1
L1L2-to-L3,120,45,1,1
L1L2-to-L3,120,47,1,1
L1L2-to-L3,120,50,1,1
L1L2-to-L3,120,54,1,1
L1L2-to-L3,120,57,1,1
L1L2-to-L3,120,60,1,1
L1L2-to-L3,120,62,1,1
L1L2-to-L3,120,65,1,1
L1L2-to-L3,120,67,1,1
L1L2-to-L3,120,69,1,1
L1L2-to-L3,120,72,1,1
L1L2-to-L3,120,74,1,1
L1L2-to-L3,120,77,1,1
L1L2-to-L3,120,80,1,1
L1L2-to-L3,120,81,1,1
L1L2-to-L3,120,84,1,1
L1L2-to-L3,120,88,1,1
L1L2-to-L3,120,89,1,1
L1L2-to-L3,120,92,1,1
L1L2-to-L3,120,93,1,1
L1L2-to-L3,120,95,1,1
L1L2-to-L3,120,97,1,1
L1L2-to-L3,120,99,1,1
L1L2-to-L3,120,100,1,1
L1L2-to-L3,120,105,1,1
L1L2-to-L3,120,108,1,1
L1L2-to-L3,120,111,1,1
L1L2-to-L3,120,112,1,1
L1L2-to-L3,120,113,1,1
L1L2-to-L3,120,117,1,1
L1L2-to-L3,120,119,1,1
L1L2-to-L3,120,128,1,1
L1L2-to-L3,120,139,1,1
L1L2-to-L3,120,140,1,1
L1L2-to-L3,120,141,1,1
L1L2-to-L3,120,145,1,1
L1L2-to-L3,120,147,1,1
L1L2-to-L3,120,148,1,1
L1L2-to-L3,120,149,1,1
L1L2-to-L3,120,150,1,1
L1L2-to-L3,120,151,1,1
L1L2-to-L3,120,157,1,1
L1L2-to-L3,120,158,1,1
L1L2-to-L3,120,161,1,1
L1L2-to-L3,120,164,1,1
L1L2-to-L3,120,165,1,1
L1L2-to-L3,120,171,1,1
L1L2-to-L3,120,174,1,1
L1L2-to-L3,120,177,1,1
L1L2-to-L3,120,178,1,1
L1L2-to-L3,120,186,1,1
L1L2-to-L3,120,195,1,1
L1L2-to-L3,120,196,1,1
L1L2-to-L3,120,200,1,1
L1L2-to-L3,120,205,1,1
L1L2-to-L3,120,206,1,1
L1L2-to-L3,120,208,1,1
L1L2-to-L3,120,211,1,1
L1L2-to-L3,120,212,1,1
L1L2-to-L3,120,213,1,1
L1L2-to-L3,120,216,1,1
L1L2-to-L3,120,217,1,1
L1L2-to-L3,120,219,1,1
L1L2-to-L3,120,222,1,1
L1L2-to-L3,120,230,1,1
L1L2-to-L3,120,233,1,1
L1L2-to-L3,120,236,1,1
L1L2-to-L3,120,239,1,1
L1L2-to-L3,120,241,1,1
L1L2-to-L3,120,247,1,1
L1L2-to-L3,120,248,1,1
L1L2-to-L3,120,250,1,1
L1L2-to-L3,120,252,1,1
L1L2-to-L3,121,1,1,1
L1L2-to-L3,121,3,1,1
L1L2-to-L3,121,8,1,1
L1L2-to-L3,121,9,1,1
L1L2-to-L3,121,16,1,1
L1L2-to-L3,121,25,1,1
L1L2-to-L3,121,27,1,1
L1L2-to-L3,121,32,1,1
L1L2-to-L3,121,38,1,1
L1L2-to-L3,121,41,1,1
L1L2-to-L3,121,43,1,1
L1L2-to-L3,121,47,1,1
L1L2-to-L3,121,50,1,1
L1L2-to-L3,121,57,1,1
L1L2-to-L3,121,60,1,1
L1L2-to-L3,121,61,1,1
L1L2-to-L3,121,62,1,1
L1L2-to-L3,121,64,1,1
L1L2-to-L3,121,68,1,1
L1L2-to-L3,121,69,1,1
L1L2-to-L3,121,71,1,1
L1L2-to-L3,121,79,1,1
L1L2-to-L3,121,83,1,1
L1L2-to-L3,121,94,1,1
L1L2-to-L3,121,105,1,1
L1L2-to-L3,121,114,1,1
L1L2-to-L3,121,116,1,1
L1L2-to-L3,121,118,1,1
L1L2-to-L3,121,120,1,1
L1L2-to-L3,121,127,1,1
L1L2-to-L3,121,134,1,1
L1L2-to-L3,121,135,1,1
L1L2-to-L3,121,136,1,1
L1L2-to-L3,121,139,1,1
L1L2-to-L3,121,144,1,1
L1L2-to-L3,121,145,1,1
L1L2-to-L3,121,146,1,1
L1L2-to-L3,121,148,1,1
L1L2-to-L3,121,153,1,1
L1L2-to-L3,121,155,1,1
L1L2-to-L3,121,161,1,1
L1L2-to-L3,121,162,1,1
L1L2-to-L3,121,168,1,1
L1L2-to-L3,121,171,1,1
L1L2-to-L3,121,172,1,1
L1L2-to-L3,121,176,1,1
L1L2-to-L3,121,179,1,1
L1L2-to-L3,121,181,1,1
L1L2-to-L3,121,182,1,1
L1L2-to-L3,121,183,1,1
L1L2-to-L3,121,185,1,1
L1L2-to-L3,121,186,1,1
L1L2-to-L3,121,187,1,1
L1L2-to-L3,121,191,1,1
L1L2-to-L3,121,194,1,1
L1L2-to-L3,121,195,1,1
L1L2-to-L3,121,197,1,1
L1L2-to-L3,121,198,1,1
L1L2-to-L3,121,200,1,1
L1L2-to-L3,121,202,1,1
L1L2-to-L3,121,205,1,1
L1L2-to-L3,121,207,1,1
L1L2-to-L3,121,208,1,1
L1L2-to-L3,121,209,1,1
L1L2-to-L3,121,211,1,1
L1L2-to-L3,121,215,1,1
L1L2-to-L3,121,216,1,1
L1L2-to-L3,121,221,1,1
L1L2-to-L3,121,224,1,1
L1L2-to-L3,121,231,1,1
L1L2-to-L3,121,236,1,1
L1L2-to-L3,121,238,1,1
L1L2-to-L3,121,239,1,1
L1L2-to-L3,121,240,1,1
L1L2-to-L3,121,243,1,1
L1L2-to-L3,121,244,1,1
L1L2-to-L3,121,245,1,1
L1L2-to-L3,121,248,1,1
L1L2-to-L3,121,251,1,1
L1L2-to-L3,121,252,1,1
L1L2-to-L3,121,253,1,1
L1L2-to-L3,122,3,1,1
L1L2-to-L3,122,7,1,1
L1L2-to-L3,122,14,1,1
L1L2-to-L3,122,15,1,1
L1L2-to-L3,122,17,1,1
L1L2-to-L3,122,23,1,1
L1L2-to-L3,122,28,1,1
L1L2-to-L3,122,30,1,1
L1L2-to-L3,122,32,1,1
L1L2-to-L3,122,36,1,1
L1L2-to-L3,122,37,1,1
L1L2-to-L3,122,39,1,1
L1L2-to-L3,122,40,1,1
L1L2-to-L3,122,42,1,1
L1L2-to-L3,122,48,1,1
L1L2-to-L3,122,53,1,1
L1L2-to-L3,122,59,1,1
L1L2-to-L3,122,61,1,1
L1L2-to-L3,122,70,1,1
L1L2-to-L3,122,82,1,1
L1L2-to-L3,122,83,1,1
L1L2-to-L3,122,85,1,1
L1L2-to-L3,122,92,1,1
L1L2-to-L3,122,93,1,1
L1L2-to-L3,122,97,1,1
L1L2-to-L3,122,101,1,1
L1L2-to-L3,122,102,1,1
L1L2-to-L3,122,103,1,1
L1L2-to-L3,122,106,1,1
L1L2-to-L3,122,107,1,1
L1L2-to-L3,122,108,1,1
L1L2-to-L3,122,111,1,1
L1L2-to-L3,122,116,1,1
L1L2-to-L3,122,117,1,1
L1L2-to-L3,122,119,1,1
L1L2-to-L3,122,120,1,1
L1L2-to-L3,122,122,1,1
L1L2-to-L3,122,124,1,1
L1L2-to-L3,122,125,1,1
L1L2-to-L3,122,132,1,1
L1L2-to-L3,122,139,1,1
L1L2-to-L3,122,140,1,1
L1L2-to-L3,122,141,1,1
L1L2-to-L3,122,143,1,1
L1L2-to-L3,122,145,1,1
L1L2-to-L3,122,147,1,1
L1L2-to-L3,122,148,1,1
L1L2-to-L3,122,149,1,1
L1L2-to-L3,122,152,1,1
L1L2-to-L3,122,157,1,1
L1L2-to-L3,122,160,1,1
L1L2-to-L3,122,162,1,1
L1L2-to-L3,122,163,1,1
L1L2-to-L3,122,167,1,1
L1L2-to-L3,122,168,1,1
L1L2-to-L3,122,170,1,1
L1L2-to-L3,122,171,1,1
L1L2-to-L3,122,173,1,1
L1L2-to-L3,122,174,1,1
L1L2-to-L3,122,175,1,1
L1L2-to-L3,122,177,1,1
L1L2-to-L3,122,179,1,1
L1L2-to-L3,122,180,1,1
L1L2-to-L3,122,181,1,1
L1L2-to-L3,122,182,1,1
L1L2-to-L3,122,184,1,1
L1L2-to-L3,122,187,1,1
L1L2-to-L3,122,190,1,1
L1L2-to-L3,122,193,1,1
L1L2-to-L3,122,197,1,1
L1L2-to-L3,122,198,1,1
L1L2-to-L3,122,200,1,1
L1L2-to-L3,122,205,1,1
L1L2-to-L3,122,209,1,1
L1L2-to-L3,122,210,1,1
L1L2-to-L3,122,211,1,1
L1L2-to-L3,122,233,1,1
L1L2-to-L3,122,235,1,1
L1L2-to-L3,122,236,1,1
L1L2-to-L3,122,238,1,1
L1L2-to-L3,122,242,1,1
L1L2-to-L3,122,243,1,1
L1L2-to-L3,122,245,1,1
L1L2-to-L3,122,246,1,1
L1L2-to-L3,122,250,1,1
L1L2-to-L3,122,253,1,1
L1L2-to-L3,122,254,1,1
L1L2-to-L3,122,255,1,1
L1L2-to-L3,123,1,1,1
L1L2-to-L3,123,2,1,1
L1L2-to-L3,123,4,1,1
L1L2-to-L3,123,5,1,1
L1L2-to-L3,123,7,1,1
L1L2-to-L3,123,8,1,1
L1L2-to-L3,123,11,1,1
L1L2-to-L3,123,12,1,1
L1L2-to-L3,123,15,1,1
L1L2-to-L3,123,17,1,1
L1L2-to-L3,123,22,1,1
L1L2-to-L3,123,25,1,1
L1L2-to-L3,123,28,1,1
L1L2-to-L3,123,29,1,1
L1L2-to-L3,123,31,1,1
L1L2-to-L3,123,46,1,1
L1L2-to-L3,123,51,1,1
L1L2-to-L3,123,52,1,1
L1L2-to-L3,123,53,1,1
L1L2-to-L3,123,55,1,1
L1L2-to-L3,123,58,1,1
L1L2-to-L3,123,60,1,1
L1L2-to-L3,123,61,1,1
L1L2-to-L3,123,62,1,1
L1L2-to-L3,123,66,1,1
L1L2-to-L3,123,68,1,1
L1L2-to-L3,123,69,1,1
L1L2-to-L3,123,71,1,1
L1L2-to-L3,123,72,1,1
L1L2-to-L3,123,74,1,1
L1L2-to-L3,123,82,1,1
L1L2-to-L3,123,84,1,1
L1L2-to-L3,123,85,1,1
L1L2-to-L3,123,87,1,1
L1L2-to-L3,123,91,1,1
L1L2-to-L3,123,94,1,1
L1L2-to-L3,123,95,1,1
L1L2-to-L3,123,99,1,1
L1L2-to-L3,123,101,1,1
L1L2-to-L3,123,105,1,1
L1L2-to-L3,123,110,1,1
L1L2-to-L3,123,116,1,1
L1L2-to-L3,123,117,1,1
L1L2-to-L3,123,120,1,1
L1L2-to-L3,123,123,1,1
L1L2-to-L3,123,124,1,1
L1L2-to-L3,123,126,1,1
L1L2-to-L3,123,137,1,1
L1L2-to-L3,123,138,1,1
L1L2-to-L3,123,142,1,1
L1L2-to-L3,123,144,1,1
L1L2-to-L3,123,146,1,1
L1L2-to-L3,123,147,1,1
L1L2-to-L3,123,149,1,1
L1L2-to-L3,123,150,1,1
L1L2-to-L3,123,152,1,1
L1L2-to-L3,123,153,1,1
L1L2-to-L3,123,157,1,1
L1L2-to-L3,123,158,1,1
L1L2-to-L3,123,159,1,1
L1L2-to-L3,123,161,1,1
L1L2-to-L3,123,162,1,1
L1L2-to-L3,123,163,1,1
L1L2-to-L3,123,164,1,1
L1L2-to-L3,123,165,1,1
L1L2-to-L3,123,166,1,1
L1L2-to-L3,123,172,1,1
L1L2-to-L3,123,174,1,1
L1L2-to-L3,123,175,1,1
L1L2-to-L3,123,182,1,1
L1L2-to-L3,123,183,1,1
L1L2-to-L3,123,188,1,1
L1L2-to-L3,123,189,1,1
L1L2-to-L3,123,190,1,1
L1L2-to-L3,123,191,1,1
L1L2-to-L3,123,196,1,1
L1L2-to-L3,123,201,1,1
L1L2-to-L3,123,202,1,1
L1L2-to-L3,123,207,1,1
L1L2-to-L3,123,208,1,1
L1L2-to-L3,123,212,1,1
L1L2-to-L3,123,214,1,1
L1L2-to-L3,123,217,1,1
L1L2-to-L3,123,223,1,1
L1L2-to-L3,123,225,1,1
L1L2-to-L3,123,226,1,1
L1L2-to-L3,123,229,1,1
L1L2-to-L3,123,233,1,1
L1L2-to-L3,123,235,1,1
L1L2-to-L3,123,236,1,1
L1L2-to-L3,123,238,1,1
L1L2-to-L3,123,241,1,1
L1L2-to-L3,123,242,1,1
L1L2-to-L3,123,246,1,1
L1L2-to-L3,123,250,1,1
L1L2-to-L3,123,251,1,1
L1L2-to-L3,123,252,1,1
L1L2-to-L3,123,253,1,1
L1L2-to-L3,123,255,1,1
L1L2-to-L3,124,0,1,1
L1L2-to-L3,124,2,1,1
L1L2-to-L3,124,3,1,1
L1L2-to-L3,124,5,1,1
L1L2-to-L3,124,6,1,1
L1L2-to-L3,124,9,1,1
L1L2-to-L3,124,12,1,1
L1L2-to-L3,124,16,1,1
L1L2-to-L3,124,17,1,1
L1L2-to-L3,124,20,1,1
L1L2-to-L3,124,22,1,1
L1L2-to-L3,124,26,1,1
L1L2-to-L3,124,30,1,1
L1L2-to-L3,124,34,1,1
L1L2-to-L3,124,37,1,1
L1L2-to-L3,124,38,1,1
L1L2-to-L3,124,41,1,1
L1L2-to-L3,124,44,1,1
L1L2-to-L3,124,45,1,1
L1L2-to-L3,124,46,1,1
L1L2-to-L3,124,50,1,1
L1L2-to-L3,124,56,1,1
L1L2-to-L3,124,58,1,1
L1L2-to-L3,124,59,1,1
L1L2-to-L3,124,62,1,1
L1L2-to-L3,124,64,1,1
L1L2-to-L3,124,66,1,1
L1L2-to-L3,124,71,1,1
L1L2-to-L3,124,74,1,1
L1L2-to-L3,124,77,1,1
L1L2-to-L3,124,78,1,1
L1L2-to-L3,124,79,1,1
L1L2-to-L3,124,80,1,1
L1L2-to-L3,124,82,1,1
L1L2-to-L3,124,84,1,1
L1L2-to-L3,124,87,1,1
L1L2-to-L3,124,89,1,1
L1L2-to-L3,124,90,1,1
L1L2-to-L3,124,91,1,1
L1L2-to-L3,124,93,1,1
L1L2-to-L3,124,94,1,1
L1L2-to-L3,124,95,1,1
L1L2-to-L3,124,105,1,1
L1L2-to-L3,124,109,1,1
L1L2-to-L3,124,117,1,1
L1L2-to-L3,124,118,1,1
L1L2-to-L3,124,120,1,1
L1L2-to-L3,124,121,1,1
L1L2-to-L3,124,123,1,1
L1L2-to-L3,124,124,1,1
L1L2-to-L3,124,125,1,1
L1L2-to-L3,124,126,1,1
L1L2-to-L3,124,129,1,1
L1L2-to-L3,124,130,1,1
L1L2-to-L3,124,131,1,1
L1L2-to-L3,124,132,1,1
L1L2-to-L3,124,133,1,1
L1L2-to-L3,124,134,1,1
L1L2-to-L3,124,135,1,1
L1L2-to-L3,124,136,1,1
L1L2-to-L3,124,137,1,1
L1L2-to-L3,124,138,1,1
L1L2-to-L3,124,140,1,1
L1L2-to-L3,124,142,1,1
L1L2-to-L3,124,145,1,1
L1L2-to-L3,124,146,1,1
L1L2-to-L3,124,153,1,1
L1L2-to-L3,124,155,1,1
L1L2-to-L3,124,159,1,1
L1L2-to-L3,124,160,1,1
L1L2-to-L3,124,163,1,1
L1L2-to-L3,124,165,1,1
L1L2-to-L3,124,167,1,1
L1L2-to-L3,124,169,1,1
L1L2-to-L3,124,170,1,1
L1L2-to-L3,124,172,1,1
L1L2-to-L3,124,175,1,1
L1L2-to-L3,124,176,1,1
L1L2-to-L3,124,178,1,1
L1L2-to-L3,124,179,1,1
L1L2-to-L3,124,181,1,1
L1L2-to-L3,124,182,1,1
L1L2-to-L3,124,183,1,1
L1L2-to-L3,124,186,1,1
L1L2-to-L3,124,187,1,1
L1L2-to-L3,124,188,1,1
L1L2-to-L3,124,192,1,1
L1L2-to-L3,124,195,1,1
L1L2-to-L3,124,196,1,1
L1L2-to-L3,124,197,1,1
L1L2-to-L3,124,198,1,1
L1L2-to-L3,124,199,1,1
L1L2-to-L3,124,200,1,1
L1L2-to-L3,124,201,1,1
L1L2-to-L3,124,204,1,1
L1L2-to-L3,124,208,1,1
L1L2-to-L3,124,209,1,1
L1L2-to-L3,124,210,1,1
L1L2-to-L3,124,212,1,1
L1L2-to-L3,124,213,1,1
L1L2-to-L3,124,214,1,1
L1L2-to-L3,124,216,1,1
L1L2-to-L3,124,217,1,1
L1L2-to-L3,124,219,1,1
L1L2-to-L3,124,220,1,1
L1L2-to-L3,124,221,1,1
L1L2-to-L3,124,222,1,1
L1L2-to-L3,124,223,1,1
L1L2-to-L3,124,225,1,1
L1L2-to-L3,124,229,1,1
L1L2-to-L3,124,231,1,1
L1L2-to-L3,124,234,1,1
L1L2-to-L3,124,235,1,1
L1L2-to-L3,124,237,1,1
L1L2-to-L3,124,238,1,1
L1L2-to-L3,124,239,1,1
L1L2-to-L3,124,240,1,1
L1L2-to-L3,124,241,1,1
L1L2-to-L3,124,242,1,1
L1L2-to-L3,124,255,1,1
L1L2-to-L3,125,2,1,1
L1L2-to-L3,125,6,1,1
L1L2-to-L3,125,8,1,1
L1L2-to-L3,125,10,1,1
L1L2-to-L3,125,11,1,1
L1L2-to-L3,125,12,1,1
L1L2-to-L3,125,19,1,1
L1L2-to-L3,125,20,1,1
L1L2-to-L3,125,21,1,1
L1L2-to-L3,125,26,1,1
L1L2-to-L3,125,29,1,1
L1L2-to-L3,125,30,1,1
L1L2-to-L3,125,38,1,1
L1L2-to-L3,125,39,1,1
L1L2-to-L3,125,41,1,1
L1L2-to-L3,125,43,1,1
L1L2-to-L3,125,44,1,1
L1L2-to-L3,125,46,1,1
L1L2-to-L3,125,54,1,1
L1L2-to-L3,125,56,1,1
L1L2-to-L3,125,59,1,1
L1L2-to-L3,125,61,1,1
L1L2-to-L3,125,63,1,1
L1L2-to-L3,125,65,1,1
L1L2-to-L3,125,68,1,1
L1L2-to-L3,125,76,1,1
L1L2-to-L3,125,77,1,1
L1L2-to-L3,125,78,1,1
L1L2-to-L3,125,80,1,1
L1L2-to-L3,125,81,1,1
L1L2-to-L3,125,82,1,1
L1L2-to-L3,125,86,1,1
L1L2-to-L3,125,92,1,1
L1L2-to-L3,125,97,1,1
L1L2-to-L3,125,98,1,1
L1L2-to-L3,125,101,1,1
L1L2-to-L3,125,102,1,1
L1L2-to-L3,125,104,1,1
L1L2-to-L3,125,106,1,1
L1L2-to-L3,125,107,1,1
L1L2-to-L3,125,111,1,1
L1L2-to-L3,125,113,1,1
L1L2-to-L3,125,116,1,1
L1L2-to-L3,125,117,1,1
L1L2-to-L3,125,119,1,1
L1L2-to-L3,125,120,1,1
L1L2-to-L3,125,121,1,1
L1L2-to-L3,125,125,1,1
L1L2-to-L3,125,134,1,1
L1L2-to-L3,125,138,1,1
L1L2-to-L3,125,139,1,1
L1L2-to-L3,125,142,1,1
L1L2-to-L3,125,143,1,1
L1L2-to-L3,125,149,1,1
L1L2-to-L3,125,152,1,1
L1L2-to-L3,125,153,1,1
L1L2-to-L3,125,154,1,1
L1L2-to-L3,125,163,1,1
L1L2-to-L3,125,166,1,1
L1L2-to-L3,125,169,1,1
L1L2-to-L3,125,172,1,1
L1L2-to-L3,125,175,1,1
L1L2-to-L3,125,176,1,1
L1L2-to-L3,125,177,1,1
L1L2-to-L3,125,179,1,1
L1L2-to-L3,125,180,1,1
L1L2-to-L3,125,182,1,1
L1L2-to-L3,125,185,1,1
L1L2-to-L3,125,194,1,1
L1L2-to-L3,125,196,1,1
L1L2-to-L3,125,199,1,1
L1L2-to-L3,125,201,1,1
L1L2-to-L3,125,203,1,1
L1L2-to-L3,125,207,1,1
L1L2-to-L3,125,208,1,1
L1L2-to-L3,125,211,1,1
L1L2-to-L3,125,212,1,1
L1L2-to-L3,125,215,1,1
L1L2-to-L3,125,216,1,1
L1L2-to-L3,125,218,1,1
L1L2-to-L3,125,220,1,1
L1L2-to-L3,125,221,1,1
L1L2-to-L3,125,223,1,1
L1L2-to-L3,125,226,1,1
L1L2-to-L3,125,229,1,1
L1L2-to-L3,125,234,1,1
L1L2-to-L3,125,236,1,1
L1L2-to-L3,125,237,1,1
L1L2-to-L3,125,238,1,1
L1L2-to-L3,125,239,1,1
L1L2-to-L3,125,240,1,1
L1L2-to-L3,125,242,1,1
L1L2-to-L3,125,244,1,1
L1L2-to-L3,125,245,1,1
L1L2-to-L3,125,247,1,1
L1L2-to-L3,125,252,1,1
L1L2-to-L3,125,255,1,1
L1L2-to-L3,126,4,1,1
L1L2-to-L3,126,5,1,1
L1L2-to-L3,126,11,1,1
L1L2-to-L3,126,20,1,1
L1L2-to-L3,126,28,1,1
L1L2-to-L3,126,29,1,1
L1L2-to-L3,126,30,1,1
L1L2-to-L3,126,31,1,1
L1L2-to-L3,126,32,1,1
L1L2-to-L3,126,33,1,1
L1L2-to-L3,126,34,1,1
L1L2-to-L3,126,37,1,1
L1L2-to-L3,126,40,1,1
L1L2-to-L3,126,42,1,1
L1L2-to-L3,126,48,1,1
L1L2-to-L3,126,49,1,1
L1L2-to-L3,126,53,1,1
L1L2-to-L3,126,54,1,1
L1L2-to-L3,126,57,1,1
L1L2-to-L3,126,58,1,1
L1L2-to-L3,126,61,1,1
L1L2-to-L3,126,62,1,1
L1L2-to-L3,126,70,1,1
L1L2-to-L3,126,72,1,1
L1L2-to-L3,126,73,1,1
L1L2-to-L3,126,74,1,1
L1L2-to-L3,126,76,1,1
L1L2-to-L3,126,83,1,1
L1L2-to-L3,126,85,1,1
L1L2-to-L3,126,88,1,1
L1L2-to-L3,126,89,1,1
L1L2-to-L3,126,90,1,1
L1L2-to-L3,126,94,1,1
L1L2-to-L3,126,95,1,1
L1L2-to-L3,126,97,1,1
L1L2-to-L3,126,99,1,1
L1L2-to-L3,126,100,1,1
L1L2-to-L3,126,102,1,1
L1L2-to-L3,126,104,1,1
L1L2-to-L3,126,105,1,1
L1L2-to-L3,126,112,1,1
L1L2-to-L3,126,113,1,1
L1L2-to-L3,126,114,1,1
L1L2-to-L3,126,119,1,1
L1L2-to-L3,126,121,1,1
L1L2-to-L3,126,122,1,1
L1L2-to-L3,126,123,1,1
L1L2-to-L3,126,124,1,1
L1L2-to-L3,126,126,1,1
L1L2-to-L3,126,130,1,1
L1L2-to-L3,126,131,1,1
L1L2-to-L3,126,133,1,1
L1L2-to-L3,126,134,1,1
L1L2-to-L3,126,136,1,1
L1L2-to-L3,126,141,1,1
L1L2-to-L3,126,143,1,1
L1L2-to-L3,126,144,1,1
L1L2-to-L3,126,147,1,1
L1L2-to-L3,126,148,1,1
L1L2-to-L3,126,151,1,1
L1L2-to-L3,126,152,1,1
L1L2-to-L3,126,157,1,1
L1L2-to-L3,126,158,1,1
L1L2-to-L3,126,162,1,1
L1L2-to-L3,126,164,1,1
L1L2-to-L3,126,165,1,1
L1L2-to-L3,126,167,1,1
L1L2-to-L3,126,168,1,1
L1L2-to-L3,126,172,1,1
L1L2-to-L3,126,174,1,1
L1L2-to-L3,126,176,1,1
L1L2-to-L3,126,177,1,1
L1L2-to-L3,126,179,1,1
L1L2-to-L3,126,181,1,1
L1L2-to-L3,126,182,1,1
L1L2-to-L3,126,186,1,1
L1L2-to-L3,126,194,1,1
L1L2-to-L3,126,195,1,1
L1L2-to-L3,126,198,1,1
L1L2-to-L3,126,200,1,1
L1L2-to-L3,126,201,1,1
L1L2-to-L3,126,205,1,1
L1L2-to-L3,126,206,1,1
L1L2-to-L3,126,211,1,1
L1L2-to-L3,126,217,1,1
L1L2-to-L3,126,220,1,1
L1L2-to-L3,126,221,1,1
L1L2-to-L3,126,222,1,1
L1L2-to-L3,126,223,1,1
L1L2-to-L3,126,224,1,1
L1L2-to-L3,126,225,1,1
L1L2-to-L3,126,226,1,1
L1L2-to-L3,126,227,1,1
L1L2-to-L3,126,230,1,1
L1L2-to-L3,126,231,1,1
L1L2-to-L3,126,236,1,1
L1L2-to-L3,126,237,1,1
L1L2-to-L3,126,239,1,1
L1L2-to-L3,126,240,1,1
L1L2-to-L3,126,244,1,1
L1L2-to-L3,126,245,1,1
L1L2-to-L3,126,247,1,1
L1L2-to-L3,126,248,1,1
L1L2-to-L3,126,250,1,1
L1L2-to-L3,126,251,1,1
L1L2-to-L3,126,253,1,1
L1L2-to-L3,126,254,1,1
L1L2-to-L3,127,0,1,1
L1L2-to-L3,127,2,1,1
L1L2-to-L3,127,4,1,1
L1L2-to-L3,127,5,1,1
L1L2-to-L3,127,16,1,1
L1L2-to-L3,127,23,1,1
L1L2-to-L3,127,29,1,1
L1L2-to-L3,127,34,1,1
L1L2-to-L3,127,35,1,1
L1L2-to-L3,127,42,1,1
L1L2-to-L3,127,48,1,1
L1L2-to-L3,127,50,1,1
L1L2-to-L3,127,64,1,1
L1L2-to-L3,127,66,1,1
L1L2-to-L3,127,68,1,1
L1L2-to-L3,127,70,1,1
L1L2-to-L3,127,75,1,1
L1L2-to-L3,127,79,1,1
L1L2-to-L3,127,82,1,1
L1L2-to-L3,127,85,1,1
L1L2-to-L3,127,89,1,1
L1L2-to-L3,127,91,1,1
L1L2-to-L3,127,93,1,1
L1L2-to-L3,127,95,1,1
L1L2-to-L3,127,99,1,1
L1L2-to-L3,127,101,1,1
L1L2-to-L3,127,103,1,1
L1L2-to-L3,127,104,1,1
L1L2-to-L3,127,108,1,1
L1L2-to-L3,127,109,1,1
L1L2-to-L3,127,110,1,1
L1L2-to-L3,127,111,1,1
L1L2-to-L3,127,112,1,1
L1L2-to-L3,127,113,1,1
L1L2-to-L3,127,114,1,1
L1L2-to-L3,127,119,1,1
L1L2-to-L3,127,123,1,1
L1L2-to-L3,127,125,1,1
L1L2-to-L3,127,128,1,1
L1L2-to-L3,127,129,1,1
L1L2-to-L3,127,130,1,1
L1L2-to-L3,127,131,1,1
L1L2-to-L3,127,134,1,1
L1L2-to-L3,127,136,1,1
L1L2-to-L3,127,138,1,1
L1L2-to-L3,127,139,1,1
L1L2-to-L3,127,142,1,1
L1L2-to-L3,127,144,1,1
L1L2-to-L3,127,145,1,1
L1L2-to-L3,127,148,1,1
L1L2-to-L3,127,149,1,1
L1L2-to-L3,127,150,1,1
L1L2-to-L3,127,160,1,1
L1L2-to-L3,127,161,1,1
L1L2-to-L3,127,164,1,1
L1L2-to-L3,127,166,1,1
L1L2-to-L3,127,167,1,1
L1L2-to-L3,127,168,1,1
L1L2-to-L3,127,170,1,1
L1L2-to-L3,127,171,1,1
L1L2-to-L3,127,173,1,1
L1L2-to-L3,127,175,1,1
L1L2-to-L3,127,178,1,1
L1L2-to-L3,127,180,1,1
L1L2-to-L3,127,186,1,1
L1L2-to-L3,127,188,1,1
L1L2-to-L3,127,189,1,1
L1L2-to-L3,127,191,1,1
L1L2-to-L3,127,196,1,1
L1L2-to-L3,127,197,1,1
L1L2-to-L3,127,200,1,1
L1L2-to-L3,127,202,1,1
L1L2-to-L3,127,205,1,1
L1L2-to-L3,127,206,1,1
L1L2-to-L3,127,208,1,1
L1L2-to-L3,127,210,1,1
L1L2-to-L3,127,211,1,1
L1L2-to-L3,127,214,1,1
L1L2-to-L3,127,216,1,1
L1L2-to-L3,127,221,1,1
L1L2-to-L3,127,222,1,1
L1L2-to-L3,127,224,1,1
L1L2-to-L3,127,225,1,1
L1L2-to-L3,127,226,1,1
L1L2-to-L3,127,227,1,1
L1L2-to-L3,127,230,1,1
L1L2-to-L3,127,233,1,1
L1L2-to-L3,127,237,1,1
L1L2-to-L3,127,239,1,1
L1L2-to-L3,127,241,1,1
L1L2-to-L3,127,242,1,1
L1L2-to-L3,127,245,1,1
L1L2-to-L3,127,247,1,1
L1L2-to-L3,127,251,1,1
L1L2-to-L3,127,252,1,1
L1L2-to-L3,127,255,1,1
L1L2-to-L3,128,1,1,1
L1L2-to-L3,128,2,1,1
L1L2-to-L3,128,4,1,1
L1L2-to-L3,128,5,1,1
L1L2-to-L3,128,6,1,1
L1L2-to-L3,128,11,1,1
L1L2-to-L3,128,12,1,1
L1L2-to-L3,128,22,1,1
L1L2-to-L3,128,23,1,1
L1L2-to-L3,128,24,1,1
L1L2-to-L3,128,29,1,1
L1L2-to-L3,128,30,1,1
L1L2-to-L3,128,32,1,1
L1L2-to-L3,128,33,1,1
L1L2-to-L3,128,35,1,1
L1L2-to-L3,128,37,1,1
L1L2-to-L3,128,42,1,1
L1L2-to-L3,128,44,1,1
L1L2-to-L3,128,45,1,1
L1L2-to-L3,128,46,1,1
L1L2-to-L3,128,47,1,1
L1L2-to-L3,128,49,1,1
L1L2-to-L3,128,51,1,1
L1L2-to-L3,128,54,1,1
L1L2-to-L3,128,57,1,1
L1L2-to-L3,128,61,1,1
L1L2-to-L3,128,70,1,1
L1L2-to-L3,128,71,1,1
L1L2-to-L3,128,72,1,1
L1L2-to-L3,128,73,1,1
L1L2-to-L3,128,74,1,1
L1L2-to-L3,128,76,1,1
L1L2-to-L3,128,78,1,1
L1L2-to-L3,128,80,1,1
L1L2-to-L3,128,81,1,1
L1L2-to-L3,128,82,1,1
L1L2-to-L3,128,85,1,1
L1L2-to-L3,128,89,1,1
L1L2-to-L3,128,95,1,1
L1L2-to-L3,128,98,1,1
L1L2-to-L3,128,101,1,1
L1L2-to-L3,128,102,1,1
L1L2-to-L3,128,105,1,1
L1L2-to-L3,128,106,1,1
L1L2-to-L3,128,110,1,1
L1L2-to-L3,128,113,1,1
L1L2-to-L3,128,118,1,1
L1L2-to-L3,128,119,1,1
L1L2-to-L3,128,122,1,1
L1L2-to-L3,128,123,1,1
L1L2-to-L3,128,128,1,1
L1L2-to-L3,128,129,1,1
L1L2-to-L3,128,135,1,1
L1L2-to-L3,128,138,1,1
L1L2-to-L3,128,142,1,1
L1L2-to-L3,128,146,1,1
L1L2-to-L3,128,147,1,1
L1L2-to-L3,128,148,1,1
L1L2-to-L3,128,150,1,1
L1L2-to-L3,128,153,1,1
L1L2-to-L3,128,161,1,1
L1L2-to-L3,128,162,1,1
L1L2-to-L3,128,164,1,1
L1L2-to-L3,128,167,1,1
L1L2-to-L3,128,170,1,1
L1L2-to-L3,128,172,1,1
L1L2-to-L3,128,174,1,1
L1L2-to-L3,128,177,1,1
L1L2-to-L3,128,182,1,1
L1L2-to-L3,128,183,1,1
L1L2-to-L3,128,185,1,1
L1L2-to-L3,128,186,1,1
L1L2-to-L3,128,187,1,1
L1L2-to-L3,128,188,1,1
L1L2-to-L3,128,190,1,1
L1L2-to-L3,128,191,1,1
L1L2-to-L3,128,192,1,1
L1L2-to-L3,128,197,1,1
L1L2-to-L3,128,199,1,1
L1L2-to-L3,128,201,1,1
L1L2-to-L3,128,204,1,1
L1L2-to-L3,128,206,1,1
L1L2-to-L3,128,207,1,1
L1L2-to-L3,128,208,1,1
L1L2-to-L3,128,209,1,1
L1L2-to-L3,128,212,1,1
L1L2-to-L3,128,213,1,1
L1L2-to-L3,128,214,1,1
L1L2-to-L3,128,215,1,1
L1L2-to-L3,128,216,1,1
L1L2-to-L3,128,219,1,1
L1L2-to-L3,128,220,1,1
L1L2-to-L3,128,222,1,1
L1L2-to-L3,128,223,1,1
L1L2-to-L3,128,224,1,1
L1L2-to-L3,128,225,1,1
L1L2-to-L3,128,226,1,1
L1L2-to-L3,128,228,1,1
L1L2-to-L3,128,231,1,1
L1L2-to-L3,128,233,1,1
L1L2-to-L3,128,238,1,1
L1L2-to-L3,128,240,1,1
L1L2-to-L3,128,243,1,1
L1L2-to-L3,128,247,1,1
L1L2-to-L3,128,252,1,1
L1L2-to-L3,128,255,1,1
L1L2-to-L3,129,4,1,1
L1L2-to-L3,129,8,1,1
L1L2-to-L3,129,14,1,1
L1L2-to-L3,129,18,1,1
L1L2-to-L3,129,27,1,1
L1L2-to-L3,129,30,1,1
L1L2-to-L3,129,35,1,1
L1L2-to-L3,129,37,1,1
L1L2-to-L3,129,38,1,1
L1L2-to-L3,129,39,1,1
L1L2-to-L3,129,42,1,1
L1L2-to-L3,129,46,1,1
L1L2-to-L3,129,50,1,1
L1L2-to-L3,129,56,1,1
L1L2-to-L3,129,58,1,1
L1L2-to-L3,129,60,1,1
L1L2-to-L3,129,62,1,1
L1L2-to-L3,129,66,1,1
L1L2-to-L3,129,70,1,1
L1L2-to-L3,129,74,1,1
L1L2-to-L3,129,76,1,1
L1L2-to-L3,129,77,1,1
L1L2-to-L3,129,78,1,1
L1L2-to-L3,129,80,1,1
L1L2-to-L3,129,84,1,1
L1L2-to-L3,129,85,1,1
L1L2-to-L3,129,86,1,1
L1L2-to-L3,129,89,1,1
L1L2-to-L3,129,93,1,1
L1L2-to-L3,129,101,1,1
L1L2-to-L3,129,105,1,1
L1L2-to-L3,129,108,1,1
L1L2-to-L3,129,111,1,1
L1L2-to-L3,129,116,1,1
L1L2-to-L3,129,117,1,1
L1L2-to-L3,129,120,1,1
L1L2-to-L3,129,124,1,1
L1L2-to-L3,129,125,1,1
L1L2-to-L3,129,126,1,1
L1L2-to-L3,129,127,1,1
L1L2-to-L3,129,134,1,1
L1L2-to-L3,129,137,1,1
L1L2-to-L3,129,142,1,1
L1L2-to-L3,129,144,1,1
L1L2-to-L3,129,147,1,1
L1L2-to-L3,129,148,1,1
L1L2-to-L3,129,149,1,1
L1L2-to-L3,129,154,1,1
L1L2-to-L3,129,156,1,1
L1L2-to-L3,129,158,1,1
L1L2-to-L3,129,159,1,1
L1L2-to-L3,129,160,1,1
L1L2-to-L3,129,165,1,1
L1L2-to-L3,129,166,1,1
L1L2-to-L3,129,169,1,1
L1L2-to-L3,129,178,1,1
L1L2-to-L3,129,179,1,1
L1L2-to-L3,129,180,1,1
L1L2-to-L3,129,181,1,1
L1L2-to-L3,129,183,1,1
L1L2-to-L3,129,186,1,1
L1L2-to-L3,129,188,1,1
L1L2-to-L3,129,191,1,1
L1L2-to-L3,129,194,1,1
L1L2-to-L3,129,195,1,1
L1L2-to-L3,129,196,1,1
L1L2-to-L3,129,197,1,1
L1L2-to-L3,129,198,1,1
L1L2-to-L3,129,199,1,1
L1L2-to-L3,129,201,1,1
L1L2-to-L3,129,202,1,1
L1L2-to-L3,129,205,1,1
L1L2-to-L3,129,208,1,1
L1L2-to-L3,129,209,1,1
L1L2-to-L3,129,211,1,1
L1L2-to-L3,129,213,1,1
L1L2-to-L3,129,215,1,1
L1L2-to-L3,129,217,1,1
L1L2-to-L3,129,218,1,1
L1L2-to-L3,129,220,1,1
L1L2-to-L3,129,226,1,1
L1L2-to-L3,129,229,1,1
L1L2-to-L3,129,230,1,1
L1L2-to-L3,129,232,1,1
L1L2-to-L3,129,234,1,1
L1L2-to-L3,129,235,1,1
L1L2-to-L3,129,236,1,1
L1L2-to-L3,129,237,1,1
L1L2-to-L3,129,238,1,1
L1L2-to-L3,129,239,1,1
L1L2-to-L3,129,241,1,1
L1L2-to-L3,129,242,1,1
L1L2-to-L3,129,248,1,1
L1L2-to-L3,129,250,1,1
L1L2-to-L3,129,251,1,1
L1L2-to-L3,129,252,1,1
L1L2-to-L3,130,2,1,1
L1L2-to-L3,130,6,1,1
L1L2-to-L3,130,7,1,1
L1L2-to-L3,130,9,1,1
L1L2-to-L3,130,11,1,1
L1L2-to-L3,130,20,1,1
L1L2-to-L3,130,22,1,1
L1L2-to-L3,130,26,1,1
L1L2-to-L3,130,30,1,1
L1L2-to-L3,130,33,1,1
L1L2-to-L3,130,34,1,1
L1L2-to-L3,130,36,1,1
L1L2-to-L3,130,39,1,1
L1L2-to-L3,130,40,1,1
L1L2-to-L3,130,45,1,1
L1L2-to-L3,130,46,1,1
L1L2-to-L3,130,48,1,1
L1L2-to-L3,130,54,1,1
L1L2-to-L3,130,55,1,1
L1L2-to-L3,130,58,1,1
L1L2-to-L3,130,68,1,1
L1L2-to-L3,130,69,1,1
L1L2-to-L3,130,71,1,1
L1L2-to-L3,130,73,1,1
L1L2-to-L3,130,74,1,1
L1L2-to-L3,130,76,1,1
L1L2-to-L3,130,79,1,1
L1L2-to-L3,130,80,1,1
L1L2-to-L3,130,81,1,1
L1L2-to-L3,130,82,1,1
L1L2-to-L3,130,84,1,1
L1L2-to-L3,130,88,1,1
L1L2-to-L3,130,92,1,1
L1L2-to-L3,130,99,1,1
L1L2-to-L3,130,102,1,1
L1L2-to-L3,130,109,1,1
L1L2-to-L3,130,111,1,1
L1L2-to-L3,130,113,1,1
L1L2-to-L3,130,114,1,1
L1L2-to-L3,130,115,1,1
L1L2-to-L3,130,116,1,1
L1L2-to-L3,130,118,1,1
L1L2-to-L3,130,119,1,1
L1L2-to-L3,130,122,1,1
L1L2-to-L3,130,124,1,1
L1L2-to-L3,130,125,1,1
L1L2-to-L3,130,128,1,1
L1L2-to-L3,130,131,1,1
L1L2-to-L3,130,133,1,1
L1L2-to-L3,130,134,1,1
L1L2-to-L3,130,137,1,1
L1L2-to-L3,130,138,1,1
L1L2-to-L3,130,140,1,1
L1L2-to-L3,130,143,1,1
L1L2-to-L3,130,148,1,1
L1L2-to-L3,130,153,1,1
L1L2-to-L3,130,155,1,1
L1L2-to-L3,130,159,1,1
L1L2-to-L3,130,162,1,1
L1L2-to-L3,130,167,1,1
L1L2-to-L3,130,169,1,1
L1L2-to-L3,130,173,1,1
L1L2-to-L3,130,175,1,1
L1L2-to-L3,130,176,1,1
L1L2-to-L3,130,177,1,1
L1L2-to-L3,130,179,1,1
L1L2-to-L3,130,180,1,1
L1L2-to-L3,130,181,1,1
L1L2-to-L3,130,183,1,1
L1L2-to-L3,130,186,1,1
L1L2-to-L3,130,189,1,1
L1L2-to-L3,130,194,1,1
L1L2-to-L3,130,195,1,1
L1L2-to-L3,130,197,1,1
L1L2-to-L3,130,198,1,1
L1L2-to-L3,130,199,1,1
L1L2-to-L3,130,200,1,1
L1L2-to-L3,130,203,1,1
L1L2-to-L3,130,204,1,1
L1L2-to-L3,130,206,1,1
L1L2-to-L3,130,207,1,1
L1L2-to-L3,130,209,1,1
L1L2-to-L3,130,210,1,1
L1L2-to-L3,130,215,1,1
L1L2-to-L3,130,216,1,1
L1L2-to-L3,130,217,1,1
L1L2-to-L3,130,218,1,1
L1L2-to-L3,130,219,1,1
L1L2-to-L3,130,224,1,1
L1L2-to-L3,130,230,1,1
L1L2-to-L3,130,233,1,1
L1L2-to-L3,130,235,1,1
L1L2-to-L3,130,239,1,1
L1L2-to-L3,130,243,1,1
L1L2-to-L3,130,246,1,1
L1L2-to-L3,130,247,1,1
L1L2-to-L3,130,249,1,1
L1L2-to-L3,130,250,1,1
L1L2-to-L3,130,252,1,1
L1L2-to-L3,131,3,1,1
L1L2-to-L3,131,4,1,1
L1L2-to-L3,131,5,1,1
L1L2-to-L3,131,6,1,1
L1L2-to-L3,131,8,1,1
L1L2-to-L3,131,10,1,1
L1L2-to-L3,131,14,1,1
L1L2-to-L3,131,15,1,1
L1L2-to-L3,131,16,1,1
L1L2-to-L3,131,17,1,1
L1L2-to-L3,131,19,1,1
L1L2-to-L3,131,21,1,1
L1L2-to-L3,131,22,1,1
L1L2-to-L3,131,27,1,1
L1L2-to-L3,131,30,1,1
L1L2-to-L3,131,31,1,1
L1L2-to-L3,131,32,1,1
L1L2-to-L3,131,35,1,1
L1L2-to-L3,131,38,1,1
L1L2-to-L3,131,42,1,1
L1L2-to-L3,131,43,1,1
L1L2-to-L3,131,45,1,1
L1L2-to-L3,131,46,1,1
L1L2-to-L3,131,47,1,1
L1L2-to-L3,131,55,1,1
L1L2-to-L3,131,57,1,1
L1L2-to-L3,131,61,1,1
L1L2-to-L3,131,65,1,1
L1L2-to-L3,131,67,1,1
L1L2-to-L3,131,71,1,1
L1L2-to-L3,131,73,1,1
L1L2-to-L3,131,74,1,1
L1L2-to-L3,131,76,1,1
L1L2-to-L3,131,77,1,1
L1L2-to-L3,131,83,1,1
L1L2-to-L3,131,84,1,1
L1L2-to-L3,131,86,1,1
L1L2-to-L3,131,89,1,1
L1L2-to-L3,131,91,1,1
L1L2-to-L3,131,93,1,1
L1L2-to-L3,131,96,1,1
L1L2-to-L3,131,98,1,1
L1L2-to-L3,131,100,1,1
L1L2-to-L3,131,101,1,1
L1L2-to-L3,131,102,1,1
L1L2-to-L3,131,104,1,1
L1L2-to-L3,131,106,1,1
L1L2-to-L3,131,112,1,1
L1L2-to-L3,131,115,1,1
L1L2-to-L3,131,117,1,1
L1L2-to-L3,131,121,1,1
L1L2-to-L3,131,123,1,1
L1L2-to-L3,131,124,1,1
L1L2-to-L3,131,127,1,1
L1L2-to-L3,131,130,1,1
L1L2-to-L3,131,133,1,1
L1L2-to-L3,131,138,1,1
L1L2-to-L3,131,142,1,1
L1L2-to-L3,131,144,1,1
L1L2-to-L3,131,145,1,1
L1L2-to-L3,131,148,1,1
L1L2-to-L3,131,149,1,1
L1L2-to-L3,131,151,1,1
L1L2-to-L3,131,153,1,1
L1L2-to-L3,131,156,1,1
L1L2-to-L3,131,159,1,1
L1L2-to-L3,131,160,1,1
L1L2-to-L3,131,161,1,1
L1L2-to-L3,131,170,1,1
L1L2-to-L3,131,171,1,1
L1L2-to-L3,131,173,1,1
L1L2-to-L3,131,174,1,1
L1L2-to-L3,131,177,1,1
L1L2-to-L3,131,179,1,1
L1L2-to-L3,131,180,1,1
L1L2-to-L3,131,181,1,1
L1L2-to-L3,131,182,1,1
L1L2-to-L3,131,185,1,1
L1L2-to-L3,131,187,1,1
L1L2-to-L3,131,190,1,1
L1L2-to-L3,131,194,1,1
L1L2-to-L3,131,197,1,1
L1L2-to-L3,131,202,1,1
L1L2-to-L3,131,205,1,1
L1L2-to-L3,131,208,1,1
L1L2-to-L3,131,210,1,1
L1L2-to-L3,131,212,1,1
L1L2-to-L3,131,214,1,1
L1L2-to-L3,131,215,1,1
L1L2-to-L3,131,221,1,1
L1L2-to-L3,131,224,1,1
L1L2-to-L3,131,225,1,1
L1L2-to-L3,131,226,1,1
L1L2-to-L3,131,227,1,1
L1L2-to-L3,131,230,1,1
L1L2-to-L3,131,231,1,1
L1L2-to-L3,131,232,1,1
L1L2-to-L3,131,233,1,1
L1L2-to-L3,131,234,1,1
L1L2-to-L3,131,236,1,1
L1L2-to-L3,131,237,1,1
L1L2-to-L3,131,238,1,1
L1L2-to-L3,131,239,1,1
L1L2-to-L3,131,241,1,1
L1L2-to-L3,131,242,1,1
L1L2-to-L3,131,244,1,1
L1L2-to-L3,131,245,1,1
L1L2-to-L3,131,251,1,1
L1L2-to-L3,131,252,1,1
L1L2-to-L3,131,255,1,1
L1L2-to-L3,132,3,1,1
L1L2-to-L3,132,6,1,1
L1L2-to-L3,132,7,1,1
L1L2-to-L3,132,8,1,1
L1L2-to-L3,132,12,1,1
L1L2-to-L3,132,13,1,1
L1L2-to-L3,132,15,1,1
L1L2-to-L3,132,16,1,1
L1L2-to-L3,132,17,1,1
L1L2-to-L3,132,18,1,1
L1L2-to-L3,132,20,1,1
L1L2-to-L3,132,21,1,1
L1L2-to-L3,132,22,1,1
L1L2-to-L3,132,23,1,1
L1L2-to-L3,132,27,1,1
L1L2-to-L3,132,30,1,1
L1L2-to-L3,132,31,1,1
L1L2-to-L3,132,33,1,1
L1L2-to-L3,132,35,1,1
L1L2-to-L3,132,40,1,1
L1L2-to-L3,132,41,1,1
L1L2-to-L3,132,44,1,1
L1L2-to-L3,132,45,1,1
L1L2-to-L3,132,47,1,1
L1L2-to-L3,132,48,1,1
L1L2-to-L3,132,50,1,1
L1L2-to-L3,132,52,1,1
L1L2-to-L3,132,55,1,1
L1L2-to-L3,132,58,1,1
L1L2-to-L3,132,61,1,1
L1L2-to-L3,132,63,1,1
L1L2-to-L3,132,66,1,1
L1L2-to-L3,132,69,1,1
L1L2-to-L3,132,70,1,1
L1L2-to-L3,132,73,1,1
L1L2-to-L3,132,74,1,1
L1L2-to-L3,132,76,1,1
L1L2-to-L3,132,77,1,1
L1L2-to-L3,132,78,1,1
L1L2-to-L3,132,81,1,1
L1L2-to-L3,132,82,1,1
L1L2-to-L3,132,83,1,1
L1L2-to-L3,132,85,1,1
L1L2-to-L3,132,86,1,1
L1L2-to-L3,132,87,1,1
L1L2-to-L3,132,90,1,1
L1L2-to-L3,132,91,1,1
L1L2-to-L3,132,92,1,1
L1L2-to-L3,132,93,1,1
L1L2-to-L3,132,95,1,1
L1L2-to-L3,132,98,1,1
L1L2-to-L3,132,102,1,1
L1L2-to-L3,132,103,1,1
L1L2-to-L3,132,106,1,1
L1L2-to-L3,132,107,1,1
L1L2-to-L3,132,111,1,1
L1L2-to-L3,132,112,1,1
L1L2-to-L3,132,115,1,1
L1L2-to-L3,132,122,1,1
L1L2-to-L3,132,123,1,1
L1L2-to-L3,132,125,1,1
L1L2-to-L3,132,126,1,1
L1L2-to-L3,132,128,1,1
L1L2-to-L3,132,132,1,1
L1L2-to-L3,132,133,1,1
L1L2-to-L3,132,134,1,1
L1L2-to-L3,132,135,1,1
L1L2-to-L3,132,137,1,1
L1L2-to-L3,132,138,1,1
L1L2-to-L3,132,139,1,1
L1L2-to-L3,132,140,1,1
L1L2-to-L3,132,144,1,1
L1L2-to-L3,132,148,1,1
L1L2-to-L3,132,149,1,1
L1L2-to-L3,132,151,1,1
L1L2-to-L3,132,153,1,1
L1L2-to-L3,132,155,1,1
L1L2-to-L3,132,156,1,1
L1L2-to-L3,132,159,1,1
L1L2-to-L3,132,161,1,1
L1L2-to-L3,132,162,1,1
L1L2-to-L3,132,164,1,1
L1L2-to-L3,132,171,1,1
L1L2-to-L3,132,172,1,1
L1L2-to-L3,132,180,1,1
L1L2-to-L3,132,181,1,1
L1L2-to-L3,132,183,1,1
L1L2-to-L3,132,186,1,1
L1L2-to-L3,132,187,1,1
L1L2-to-L3,132,190,1,1
L1L2-to-L3,132,191,1,1
L1L2-to-L3,132,192,1,1
L1L2-to-L3,132,193,1,1
L1L2-to-L3,132,194,1,1
L1L2-to-L3,132,198,1,1
L1L2-to-L3,132,199,1,1
L1L2-to-L3,132,201,1,1
L1L2-to-L3,132,205,1,1
L1L2-to-L3,132,208,1,1
L1L2-to-L3,132,209,1,1
L1L2-to-L3,132,210,1,1
L1L2-to-L3,132,211,1,1
L1L2-to-L3,132,212,1,1
L1L2-to-L3,132,213,1,1
L1L2-to-L3,132,214,1,1
L1L2-to-L3,132,215,1,1
L1L2-to-L3,132,216,1,1
L1L2-to-L3,132,217,1,1
L1L2-to-L3,132,219,1,1
L1L2-to-L3,132,223,1,1
L1L2-to-L3,132,224,1,1
L1L2-to-L3,132,225,1,1
L1L2-to-L3,132,226,1,1
L1L2-to-L3,132,227,1,1
L1L2-to-L3,132,228,1,1
L1L2-to-L3,132,230,1,1
L1L2-to-L3,132,231,1,1
L1L2-to-L3,132,232,1,1
L1L2-to-L3,132,233,1,1
L1L2-to-L3,132,234,1,1
L1L2-to-L3,132,236,1,1
L1L2-to-L3,132,237,1,1
L1L2-to-L3,132,238,1,1
L1L2-to-L3,132,240,1,1
L1L2-to-L3,132,242,1,1
L1L2-to-L3,132,243,1,1
L1L2-to-L3,132,249,1,1
L1L2-to-L3,132,250,1,1
L1L2-to-L3,132,255,1,1
L1L2-to-L3,133,1,1,1
L1L2-to-L3,133,2,1,1
L1L2-to-L3,133,3,1,1
L1L2-to-L3,133,14,1,1
L1L2-to-L3,133,19,1,1
L1L2-to-L3,133,25,1,1
L1L2-to-L3,133,26,1,1
L1L2-to-L3,133,30,1,1
L1L2-to-L3,133,31,1,1
L1L2-to-L3,133,33,1,1
L1L2-to-L3,133,34,1,1
L1L2-to-L3,133,35,1,1
L1L2-to-L3,133,37,1,1
L1L2-to-L3,133,39,1,1
L1L2-to-L3,133,40,1,1
L1L2-to-L3,133,41,1,1
L1L2-to-L3,133,46,1,1
L1L2-to-L3,133,52,1,1
L1L2-to-L3,133,53,1,1
L1L2-to-L3,133,55,1,1
L1L2-to-L3,133,56,1,1
L1L2-to-L3,133,58,1,1
L1L2-to-L3,133,62,1,1
L1L2-to-L3,133,65,1,1
L1L2-to-L3,133,72,1,1
L1L2-to-L3,133,73,1,1
L1L2-to-L3,133,80,1,1
L1L2-to-L3,133,81,1,1
L1L2-to-L3,133,83,1,1
L1L2-to-L3,133,84,1,1
L1L2-to-L3,133,88,1,1
L1L2-to-L3,133,89,1,1
L1L2-to-L3,133,90,1,1
L1L2-to-L3,133,92,1,1
L1L2-to-L3,133,93,1,1
L1L2-to-L3,133,105,1,1
L1L2-to-L3,133,106,1,1
L1L2-to-L3,133,107,1,1
L1L2-to-L3,133,112,1,1
L1L2-to-L3,133,114,1,1
L1L2-to-L3,133,115,1,1
L1L2-to-L3,133,117,1,1
L1L2-to-L3,133,118,1,1
L1L2-to-L3,133,121,1,1
L1L2-to-L3,133,122,1,1
L1L2-to-L3,133,124,1,1
L1L2-to-L3,133,132,1,1
L1L2-to-L3,133,134,1,1
L1L2-to-L3,133,136,1,1
L1L2-to-L3,133,137,1,1
L1L2-to-L3,133,138,1,1
L1L2-to-L3,133,142,1,1
L1L2-to-L3,133,145,1,1
L1L2-to-L3,133,146,1,1
L1L2-to-L3,133,147,1,1
L1L2-to-L3,133,149,1,1
L1L2-to-L3,133,152,1,1
L1L2-to-L3,133,156,1,1
L1L2-to-L3,133,159,1,1
L1L2-to-L3,133,161,1,1
L1L2-to-L3,133,164,1,1
L1L2-to-L3,133,170,1,1
L1L2-to-L3,133,173,1,1
L1L2-to-L3,133,177,1,1
L1L2-to-L3,133,181,1,1
L1L2-to-L3,133,183,1,1
L1L2-to-L3,133,188,1,1
L1L2-to-L3,133,189,1,1
L1L2-to-L3,133,192,1,1
L1L2-to-L3,133,194,1,1
L1L2-to-L3,133,195,1,1
L1L2-to-L3,133,199,1,1
L1L2-to-L3,133,200,1,1
L1L2-to-L3,133,201,1,1
L1L2-to-L3,133,202,1,1
L1L2-to-L3,133,208,1,1
L1L2-to-L3,133,211,1,1
L1L2-to-L3,133,212,1,1
L1L2-to-L3,133,217,1,1
L1L2-to-L3,133,218,1,1
L1L2-to-L3,133,221,1,1
L1L2-to-L3,133,224,1,1
L1L2-to-L3,133,227,1,1
L1L2-to-L3,133,229,1,1
L1L2-to-L3,133,231,1,1
L1L2-to-L3,133,232,1,1
L1L2-to-L3,133,233,1,1
L1L2-to-L3,133,235,1,1
L1L2-to-L3,133,239,1,1
L1L2-to-L3,133,243,1,1
L1L2-to-L3,133,245,1,1
L1L2-to-L3,133,247,1,1
L1L2-to-L3,133,250,1,1
L1L2-to-L3,133,251,1,1
L1L2-to-L3,133,252,1,1
L1L2-to-L3,133,254,1,1
L1L2-to-L3,134,1,1,1
L1L2-to-L3,134,6,1,1
L1L2-to-L3,134,7,1,1
L1L2-to-L3,134,16,1,1
L1L2-to-L3,134,17,1,1
L1L2-to-L3,134,18,1,1
L1L2-to-L3,134,24,1,1
L1L2-to-L3,134,29,1,1
L1L2-to-L3,134,32,1,1
L1L2-to-L3,134,41,1,1
L1L2-to-L3,134,43,1,1
L1L2-to-L3,134,47,1,1
L1L2-to-L3,134,49,1,1
L1L2-to-L3,134,51,1,1
L1L2-to-L3,134,53,1,1
L1L2-to-L3,134,54,1,1
L1L2-to-L3,134,56,1,1
L1L2-to-L3,134,58,1,1
L1L2-to-L3,134,60,1,1
L1L2-to-L3,134,61,1,1
L1L2-to-L3,134,62,1,1
L1L2-to-L3,134,71,1,1
L1L2-to-L3,134,73,1,1
L1L2-to-L3,134,87,1,1
L1L2-to-L3,134,94,1,1
L1L2-to-L3,134,96,1,1
L1L2-to-L3,134,97,1,1
L1L2-to-L3,134,102,1,1
L1L2-to-L3,134,104,1,1
L1L2-to-L3,134,112,1,1
L1L2-to-L3,134,113,1,1
L1L2-to-L3,134,123,1,1
L1L2-to-L3,134,126,1,1
L1L2-to-L3,134,130,1,1
L1L2-to-L3,134,132,1,1
L1L2-to-L3,134,134,1,1
L1L2-to-L3,134,135,1,1
L1L2-to-L3,134,138,1,1
L1L2-to-L3,134,141,1,1
L1L2-to-L3,134,144,1,1
L1L2-to-L3,134,147,1,1
L1L2-to-L3,134,153,1,1
L1L2-to-L3,134,154,1,1
L1L2-to-L3,134,157,1,1
L1L2-to-L3,134,158,1,1
L1L2-to-L3,134,161,1,1
L1L2-to-L3,134,162,1,1
L1L2-to-L3,134,163,1,1
L1L2-to-L3,134,168,1,1
L1L2-to-L3,134,169,1,1
L1L2-to-L3,134,173,1,1
L1L2-to-L3,134,174,1,1
L1L2-to-L3,134,181,1,1
L1L2-to-L3,134,182,1,1
L1L2-to-L3,134,184,1,1
L1L2-to-L3,134,186,1,1
L1L2-to-L3,134,188,1,1
L1L2-to-L3,134,191,1,1
L1L2-to-L3,134,194,1,1
L1L2-to-L3,134,197,1,1
L1L2-to-L3,134,198,1,1
L1L2-to-L3,134,200,1,1
L1L2-to-L3,134,202,1,1
L1L2-to-L3,134,203,1,1
L1L2-to-L3,134,204,1,1
L1L2-to-L3,134,207,1,1
L1L2-to-L3,134,213,1,1
L1L2-to-L3,134,214,1,1
L1L2-to-L3,134,217,1,1
L1L2-to-L3,134,218,1,1
L1L2-to-L3,134,226,1,1
L1L2-to-L3,134,228,1,1
L1L2-to-L3,134,229,1,1
L1L2-to-L3,134,230,1,1
L1L2-to-L3,134,233,1,1
L1L2-to-L3,134,235,1,1
L1L2-to-L3,134,239,1,1
L1L2-to-L3,134,240,1,1
L1L2-to-L3,134,241,1,1
L1L2-to-L3,134,244,1,1
L1L2-to-L3,134,246,1,1
L1L2-to-L3,134,247,1,1
L1L2-to-L3,134,253,1,1
L1L2-to-L3,135,3,1,1
L1L2-to-L3,135,4,1,1
L1L2-to-L3,135,5,1,1
L1L2-to-L3,135,9,1,1
L1L2-to-L3,135,17,1,1
L1L2-to-L3,135,24,1,1
L1L2-to-L3,135,41,1,1
L1L2-to-L3,135,42,1,1
L1L2-to-L3,135,52,1,1
L1L2-to-L3,135,53,1,1
L1L2-to-L3,135,56,1,1
L1L2-to-L3,135,61,1,1
L1L2-to-L3,135,68,1,1
L1L2-to-L3,135,74,1,1
L1L2-to-L3,135,76,1,1
L1L2-to-L3,135,77,1,1
L1L2-to-L3,135,81,1,1
L1L2-to-L3,135,85,1,1
L1L2-to-L3,135,87,1,1
L1L2-to-L3,135,89,1,1
L1L2-to-L3,135,91,1,1
L1L2-to-L3,135,92,1,1
L1L2-to-L3,135,94,1,1
L1L2-to-L3,135,98,1,1
L1L2-to-L3,135,99,1,1
L1L2-to-L3,135,106,1,1
L1L2-to-L3,135,111,1,1
L1L2-to-L3,135,114,1,1
L1L2-to-L3,135,119,1,1
L1L2-to-L3,135,121,1,1
L1L2-to-L3,135,124,1,1
L1L2-to-L3,135,128,1,1
L1L2-to-L3,135,134,1,1
L1L2-to-L3,135,137,1,1
L1L2-to-L3,135,144,1,1
L1L2-to-L3,135,148,1,1
L1L2-to-L3,135,150,1,1
L1L2-to-L3,135,154,1,1
L1L2-to-L3,135,155,1,1
L1L2-to-L3,135,156,1,1
L1L2-to-L3,135,164,1,1
L1L2-to-L3,135,168,1,1
L1L2-to-L3,135,182,1,1
L1L2-to-L3,135,186,1,1
L1L2-to-L3,135,187,1,1
L1L2-to-L3,135,190,1,1
L1L2-to-L3,135,195,1,1
L1L2-to-L3,135,201,1,1
L1L2-to-L3,135,209,1,1
L1L2-to-L3,135,212,1,1
L1L2-to-L3,135,213,1,1
L1L2-to-L3,135,218,1,1
L1L2-to-L3,135,224,1,1
L1L2-to-L3,135,226,1,1
L1L2-to-L3,135,230,1,1
L1L2-to-L3,135,231,1,1
L1L2-to-L3,135,232,1,1
L1L2-to-L3,135,233,1,1
L1L2-to-L3,135,234,1,1
L1L2-to-L3,135,241,1,1
L1L2-to-L3,135,242,1,1
L1L2-to-L3,135,251,1,1
L1L2-to-L3,135,254,1,1
L1L2-to-L3,136,2,1,1
L1L2-to-L3,136,4,1,1
L1L2-to-L3,136,11,1,1
L1L2-to-L3,136,13,1,1
L1L2-to-L3,136,26,1,1
L1L2-to-L3,136,30,1,1
L1L2-to-L3,136,35,1,1
L1L2-to-L3,136,43,1,1
L1L2-to-L3,136,50,1,1
L1L2-to-L3,136,58,1,1
L1L2-to-L3,136,75,1,1
L1L2-to-L3,136,81,1,1
L1L2-to-L3,136,82,1,1
L1L2-to-L3,136,87,1,1
L1L2-to-L3,136,96,1,1
L1L2-to-L3,136,100,1,1
L1L2-to-L3,136,101,1,1
L1L2-to-L3,136,103,1,1
L1L2-to-L3,136,104,1,1
L1L2-to-L3,136,113,1,1
L1L2-to-L3,136,120,1,1
L1L2-to-L3,136,122,1,1
L1L2-to-L3,136,123,1,1
L1L2-to-L3,136,124,1,1
L1L2-to-L3,136,128,1,1
L1L2-to-L3,136,143,1,1
L1L2-to-L3,136,145,1,1
L1L2-to-L3,136,149,1,1
L1L2-to-L3,136,156,1,1
L1L2-to-L3,136,159,1,1
L1L2-to-L3,136,169,1,1
L1L2-to-L3,136,170,1,1
L1L2-to-L3,136,171,1,1
L1L2-to-L3,136,173,1,1
L1L2-to-L3,136,177,1,1
L1L2-to-L3,136,179,1,1
L1L2-to-L3,136,183,1,1
L1L2-to-L3,136,190,1,1
L1L2-to-L3,136,194,1,1
L1L2-to-L3,136,198,1,1
L1L2-to-L3,136,207,1,1
L1L2-to-L3,136,208,1,1
L1L2-to-L3,136,209,1,1
L1L2-to-L3,136,213,1,1
L1L2-to-L3,136,216,1,1
L1L2-to-L3,136,221,1,1
L1L2-to-L3,136,227,1,1
L1L2-to-L3,136,229,1,1
L1L2-to-L3,136,234,1,1
L1L2-to-L3,136,238,1,1
L1L2-to-L3,136,239,1,1
L1L2-to-L3,136,241,1,1
L1L2-to-L3,136,242,1,1
L1L2-to-L3,136,243,1,1
L1L2-to-L3,136,245,1,1
L1L2-to-L3,136,250,1,1
L1L2-to-L3,136,251,1,1
L1L2-to-L3,136,252,1,1
L1L2-to-L3,137,2,1,1
L1L2-to-L3,137,8,1,1
L1L2-to-L3,137,10,1,1
L1L2-to-L3,137,11,1,1
L1L2-to-L3,137,16,1,1
L1L2-to-L3,137,17,1,1
L1L2-to-L3,137,19,1,1
L1L2-to-L3,137,24,1,1
L1L2-to-L3,137,26,1,1
L1L2-to-L3,137,34,1,1
L1L2-to-L3,137,36,1,1
L1L2-to-L3,137,37,1,1
L1L2-to-L3,137,40,1,1
L1L2-to-L3,137,51,1,1
L1L2-to-L3,137,53,1,1
L1L2-to-L3,137,55,1,1
L1L2-to-L3,137,56,1,1
L1L2-to-L3,137,57,1,1
L1L2-to-L3,137,58,1,1
L1L2-to-L3,137,61,1,1
L1L2-to-L3,137,81,1,1
L1L2-to-L3,137,83,1,1
L1L2-to-L3,137,85,1,1
L1L2-to-L3,137,87,1,1
L1L2-to-L3,137,95,1,1
L1L2-to-L3,137,96,1,1
L1L2-to-L3,137,103,1,1
L1L2-to-L3,137,104,1,1
L1L2-to-L3,137,105,1,1
L1L2-to-L3,137,107,1,1
L1L2-to-L3,137,109,1,1
L1L2-to-L3,137,113,1,1
L1L2-to-L3,137,116,1,1
L1L2-to-L3,137,121,1,1
L1L2-to-L3,137,126,1,1
L1L2-to-L3,137,127,1,1
L1L2-to-L3,137,129,1,1
L1L2-to-L3,137,138,1,1
L1L2-to-L3,137,139,1,1
L1L2-to-L3,137,142,1,1
L1L2-to-L3,137,143,1,1
L1L2-to-L3,137,153,1,1
L1L2-to-L3,137,154,1,1
L1L2-to-L3,137,156,1,1
L1L2-to-L3,137,163,1,1
L1L2-to-L3,137,165,1,1
L1L2-to-L3,137,166,1,1
L1L2-to-L3,137,170,1,1
L1L2-to-L3,137,171,1,1
L1L2-to-L3,137,181,1,1
L1L2-to-L3,137,183,1,1
L1L2-to-L3,137,191,1,1
L1L2-to-L3,137,193,1,1
L1L2-to-L3,137,195,1,1
L1L2-to-L3,137,201,1,1
L1L2-to-L3,137,204,1,1
L1L2-to-L3,137,206,1,1
L1L2-to-L3,137,210,1,1
L1L2-to-L3,137,211,1,1
L1L2-to-L3,137,212,1,1
L1L2-to-L3,137,216,1,1
L1L2-to-L3,137,218,1,1
L1L2-to-L3,137,220,1,1
L1L2-to-L3,137,221,1,1
L1L2-to-L3,137,225,1,1
L1L2-to-L3,137,228,1,1
L1L2-to-L3,137,229,1,1
L1L2-to-L3,137,232,1,1
L1L2-to-L3,137,234,1,1
L1L2-to-L3,137,238,1,1
L1L2-to-L3,137,241,1,1
L1L2-to-L3,137,243,1,1
L1L2-to-L3,137,245,1,1
L1L2-to-L3,137,247,1,1
L1L2-to-L3,137,252,1,1
L1L2-to-L3,137,255,1,1
L1L2-to-L3,138,0,1,1
L1L2-to-L3,138,4,1,1
L1L2-to-L3,138,5,1,1
L1L2-to-L3,138,6,1,1
L1L2-to-L3,138,9,1,1
L1L2-to-L3,138,13,1,1
L1L2-to-L3,138,15,1,1
L1L2-to-L3,138,16,1,1
L1L2-to-L3,138,20,1,1
L1L2-to-L3,138,21,1,1
L1L2-to-L3,138,22,1,1
L1L2-to-L3,138,24,1,1
L1L2-to-L3,138,28,1,1
L1L2-to-L3,138,30,1,1
L1L2-to-L3,138,31,1,1
L1L2-to-L3,138,36,1,1
L1L2-to-L3,138,37,1,1
L1L2-to-L3,138,41,1,1
L1L2-to-L3,138,42,1,1
L1L2-to-L3,138,43,1,1
L1L2-to-L3,138,49,1,1
L1L2-to-L3,138,50,1,1
L1L2-to-L3,138,56,1,1
L1L2-to-L3,138,57,1,1
L1L2-to-L3,138,60,1,1
L1L2-to-L3,138,62,1,1
L1L2-to-L3,138,63,1,1
L1L2-to-L3,138,64,1,1
L1L2-to-L3,138,66,1,1
L1L2-to-L3,138,70,1,1
L1L2-to-L3,138,71,1,1
L1L2-to-L3,138,72,1,1
L1L2-to-L3,138,73,1,1
L1L2-to-L3,138,74,1,1
L1L2-to-L3,138,75,1,1
L1L2-to-L3,138,81,1,1
L1L2-to-L3,138,83,1,1
L1L2-to-L3,138,85,1,1
L1L2-to-L3,138,87,1,1
L1L2-to-L3,138,92,1,1
L1L2-to-L3,138,94,1,1
L1L2-to-L3,138,97,1,1
L1L2-to-L3,138,98,1,1
L1L2-to-L3,138,101,1,1
L1L2-to-L3,138,102,1,1
L1L2-to-L3,138,103,1,1
L1L2-to-L3,138,104,1,1
L1L2-to-L3,138,106,1,1
L1L2-to-L3,138,109,1,1
L1L2-to-L3,138,112,1,1
L1L2-to-L3,138,113,1,1
L1L2-to-L3,138,115,1,1
L1L2-to-L3,138,118,1,1
L1L2-to-L3,138,119,1,1
L1L2-to-L3,138,122,1,1
L1L2-to-L3,138,124,1,1
L1L2-to-L3,138,125,1,1
L1L2-to-L3,138,132,1,1
L1L2-to-L3,138,134,1,1
L1L2-to-L3,138,137,1,1
L1L2-to-L3,138,139,1,1
L1L2-to-L3,138,140,1,1
L1L2-to-L3,138,141,1,1
L1L2-to-L3,138,142,1,1
L1L2-to-L3,138,143,1,1
L1L2-to-L3,138,144,1,1
L1L2-to-L3,138,148,1,1
L1L2-to-L3,138,152,1,1
L1L2-to-L3,138,154,1,1
L1L2-to-L3,138,155,1,1
L1L2-to-L3,138,157,1,1
L1L2-to-L3,138,158,1,1
L1L2-to-L3,138,159,1,1
L1L2-to-L3,138,161,1,1
L1L2-to-L3,138,163,1,1
L1L2-to-L3,138,165,1,1
L1L2-to-L3,138,170,1,1
L1L2-to-L3,138,174,1,1
L1L2-to-L3,138,178,1,1
L1L2-to-L3,138,180,1,1
L1L2-to-L3,138,181,1,1
L1L2-to-L3,138,182,1,1
L1L2-to-L3,138,183,1,1
L1L2-to-L3,138,184,1,1
L1L2-to-L3,138,185,1,1
L1L2-to-L3,138,189,1,1
L1L2-to-L3,138,191,1,1
L1L2-to-L3,138,192,1,1
L1L2-to-L3,138,194,1,1
L1L2-to-L3,138,195,1,1
L1L2-to-L3,138,197,1,1
L1L2-to-L3,138,200,1,1
L1L2-to-L3,138,204,1,1
L1L2-to-L3,138,206,1,1
L1L2-to-L3,138,207,1,1
L1L2-to-L3,138,210,1,1
L1L2-to-L3,138,211,1,1
L1L2-to-L3,138,216,1,1
L1L2-to-L3,138,221,1,1
L1L2-to-L3,138,223,1,1
L1L2-to-L3,138,225,1,1
L1L2-to-L3,138,228,1,1
L1L2-to-L3,138,229,1,1
L1L2-to-L3,138,231,1,1
L1L2-to-L3,138,232,1,1
L1L2-to-L3,138,234,1,1
L1L2-to-L3,138,235,1,1
L1L2-to-L3,138,236,1,1
L1L2-to-L3,138,238,1,1
L1L2-to-L3,138,242,1,1
L1L2-to-L3,138,246,1,1
L1L2-to-L3,138,250,1,1
L1L2-to-L3,138,253,1,1
L1L2-to-L3,138,254,1,1
L1L2-to-L3,138,255,1,1
L1L2-to-L3,139,1,1,1
L1L2-to-L3,139,2,1,1
L1L2-to-L3,139,4,1,1
L1L2-to-L3,139,7,1,1
L1L2-to-L3,139,11,1,1
L1L2-to-L3,139,21,1,1
L1L2-to-L3,139,32,1,1
L1L2-to-L3,139,36,1,1
L1L2-to-L3,139,38,1,1
L1L2-to-L3,139,41,1,1
L1L2-to-L3,139,46,1,1
L1L2-to-L3,139,47,1,1
L1L2-to-L3,139,53,1,1
L1L2-to-L3,139,57,1,1
L1L2-to-L3,139,58,1,1
L1L2-to-L3,139,61,1,1
L1L2-to-L3,139,67,1,1
L1L2-to-L3,139,73,1,1
L1L2-to-L3,139,75,1,1
L1L2-to-L3,139,76,1,1
L1L2-to-L3,139,79,1,1
L1L2-to-L3,139,82,1,1
L1L2-to-L3,139,85,1,1
L1L2-to-L3,139,92,1,1
L1L2-to-L3,139,94,1,1
L1L2-to-L3,139,104,1,1
L1L2-to-L3,139,108,1,1
L1L2-to-L3,139,109,1,1
L1L2-to-L3,139,113,1,1
L1L2-to-L3,139,114,1,1
L1L2-to-L3,139,118,1,1
L1L2-to-L3,139,121,1,1
L1L2-to-L3,139,122,1,1
L1L2-to-L3,139,123,1,1
L1L2-to-L3,139,128,1,1
L1L2-to-L3,139,133,1,1
L1L2-to-L3,139,135,1,1
L1L2-to-L3,139,136,1,1
L1L2-to-L3,139,140,1,1
L1L2-to-L3,139,142,1,1
L1L2-to-L3,139,157,1,1
L1L2-to-L3,139,159,1,1
L1L2-to-L3,139,161,1,1
L1L2-to-L3,139,165,1,1
L1L2-to-L3,139,167,1,1
L1L2-to-L3,139,171,1,1
L1L2-to-L3,139,173,1,1
L1L2-to-L3,139,174,1,1
L1L2-to-L3,139,177,1,1
L1L2-to-L3,139,179,1,1
L1L2-to-L3,139,180,1,1
L1L2-to-L3,139,182,1,1
L1L2-to-L3,139,183,1,1
L1L2-to-L3,139,184,1,1
L1L2-to-L3,139,187,1,1
L1L2-to-L3,139,190,1,1
L1L2-to-L3,139,193,1,1
L1L2-to-L3,139,196,1,1
L1L2-to-L3,139,198,1,1
L1L2-to-L3,139,200,1,1
L1L2-to-L3,139,202,1,1
L1L2-to-L3,139,203,1,1
L1L2-to-L3,139,208,1,1
L1L2-to-L3,139,212,1,1
L1L2-to-L3,139,213,1,1
L1L2-to-L3,139,215,1,1
L1L2-to-L3,139,218,1,1
L1L2-to-L3,139,219,1,1
L1L2-to-L3,139,225,1,1
L1L2-to-L3,139,233,1,1
L1L2-to-L3,139,234,1,1
L1L2-to-L3,139,238,1,1
L1L2-to-L3,139,239,1,1
L1L2-to-L3,139,241,1,1
L1L2-to-L3,139,244,1,1
L1L2-to-L3,139,255,1,1
L1L2-to-L3,140,0,1,1
L1L2-to-L3,140,5,1,1
L1L2-to-L3,140,23,1,1
L1L2-to-L3,140,24,1,1
L1L2-to-L3,140,26,1,1
L1L2-to-L3,140,31,1,1
L1L2-to-L3,140,37,1,1
L1L2-to-L3,140,38,1,1
L1L2-to-L3,140,40,1,1
L1L2-to-L3,140,42,1,1
L1L2-to-L3,140,44,1,1
L1L2-to-L3,140,46,1,1
L1L2-to-L3,140,48,1,1
L1L2-to-L3,140,54,1,1
L1L2-to-L3,140,57,1,1
L1L2-to-L3,140,61,1,1
L1L2-to-L3,140,68,1,1
L1L2-to-L3,140,70,1,1
L1L2-to-L3,140,73,1,1
L1L2-to-L3,140,76,1,1
L1L2-to-L3,140,77,1,1
L1L2-to-L3,140,78,1,1
L1L2-to-L3,140,79,1,1
L1L2-to-L3,140,80,1,1
L1L2-to-L3,140,86,1,1
L1L2-to-L3,140,92,1,1
L1L2-to-L3,140,93,1,1
L1L2-to-L3,140,94,1,1
L1L2-to-L3,140,99,1,1
L1L2-to-L3,140,103,1,1
L1L2-to-L3,140,104,1,1
L1L2-to-L3,140,105,1,1
L1L2-to-L3,140,106,1,1
L1L2-to-L3,140,108,1,1
L1L2-to-L3,140,110,1,1
L1L2-to-L3,140,112,1,1
L1L2-to-L3,140,118,1,1
L1L2-to-L3,140,123,1,1
L1L2-to-L3,140,124,1,1
L1L2-to-L3,140,125,1,1
L1L2-to-L3,140,126,1,1
L1L2-to-L3,140,127,1,1
L1L2-to-L3,140,128,1,1
L1L2-to-L3,140,129,1,1
L1L2-to-L3,140,130,1,1
L1L2-to-L3,140,131,1,1
L1L2-to-L3,140,136,1,1
L1L2-to-L3,140,137,1,1
L1L2-to-L3,140,138,1,1
L1L2-to-L3,140,140,1,1
L1L2-to-L3,140,141,1,1
L1L2-to-L3,140,145,1,1
L1L2-to-L3,140,150,1,1
L1L2-to-L3,140,152,1,1
L1L2-to-L3,140,153,1,1
L1L2-to-L3,140,155,1,1
L1L2-to-L3,140,156,1,1
L1L2-to-L3,140,158,1,1
L1L2-to-L3,140,159,1,1
L1L2-to-L3,140,162,1,1
L1L2-to-L3,140,164,1,1
L1L2-to-L3,140,165,1,1
L1L2-to-L3,140,169,1,1
L1L2-to-L3,140,171,1,1
L1L2-to-L3,140,172,1,1
L1L2-to-L3,140,173,1,1
L1L2-to-L3,140,177,1,1
L1L2-to-L3,140,178,1,1
L1L2-to-L3,140,181,1,1
L1L2-to-L3,140,183,1,1
L1L2-to-L3,140,186,1,1
L1L2-to-L3,140,187,1,1
L1L2-to-L3,140,188,1,1
L1L2-to-L3,140,190,1,1
L1L2-to-L3,140,191,1,1
L1L2-to-L3,140,192,1,1
L1L2-to-L3,140,194,1,1
L1L2-to-L3,140,195,1,1
L1L2-to-L3,140,199,1,1
L1L2-to-L3,140,203,1,1
L1L2-to-L3,140,204,1,1
L1L2-to-L3,140,207,1,1
L1L2-to-L3,140,208,1,1
L1L2-to-L3,140,210,1,1
L1L2-to-L3,140,211,1,1
L1L2-to-L3,140,213,1,1
L1L2-to-L3,140,214,1,1
L1L2-to-L3,140,217,1,1
L1L2-to-L3,140,219,1,1
L1L2-to-L3,140,224,1,1
L1L2-to-L3,140,225,1,1
L1L2-to-L3,140,226,1,1
L1L2-to-L3,140,227,1,1
L1L2-to-L3,140,228,1,1
L1L2-to-L3,140,230,1,1
L1L2-to-L3,140,231,1,1
L1L2-to-L3,140,236,1,1
L1L2-to-L3,140,239,1,1
L1L2-to-L3,140,240,1,1
L1L2-to-L3,140,242,1,1
L1L2-to-L3,140,245,1,1
L1L2-to-L3,140,248,1,1
L1L2-to-L3,140,251,1,1
L1L2-to-L3,140,252,1,1
L1L2-to-L3,140,253,1,1
L1L2-to-L3,140,254,1,1
L1L2-to-L3,141,5,1,1
L1L2-to-L3,141,8,1,1
L1L2-to-L3,141,9,1,1
L1L2-to-L3,141,15,1,1
L1L2-to-L3,141,17,1,1
L1L2-to-L3,141,18,1,1
L1L2-to-L3,141,24,1,1
L1L2-to-L3,141,29,1,1
L1L2-to-L3,141,32,1,1
L1L2-to-L3,141,34,1,1
L1L2-to-L3,141,37,1,1
L1L2-to-L3,141,39,1,1
L1L2-to-L3,141,45,1,1
L1L2-to-L3,141,51,1,1
L1L2-to-L3,141,56,1,1
L1L2-to-L3,141,58,1,1
L1L2-to-L3,141,59,1,1
L1L2-to-L3,141,79,1,1
L1L2-to-L3,141,80,1,1
L1L2-to-L3,141,83,1,1
L1L2-to-L3,141,85,1,1
L1L2-to-L3,141,87,1,1
L1L2-to-L3,141,94,1,1
L1L2-to-L3,141,95,1,1
L1L2-to-L3,141,96,1,1
L1L2-to-L3,141,98,1,1
L1L2-to-L3,141,101,1,1
L1L2-to-L3,141,104,1,1
L1L2-to-L3,141,108,1,1
L1L2-to-L3,141,110,1,1
L1L2-to-L3,141,112,1,1
L1L2-to-L3,141,115,1,1
L1L2-to-L3,141,119,1,1
L1L2-to-L3,141,123,1,1
L1L2-to-L3,141,125,1,1
L1L2-to-L3,141,128,1,1
L1L2-to-L3,141,129,1,1
L1L2-to-L3,141,136,1,1
L1L2-to-L3,141,137,1,1
L1L2-to-L3,141,139,1,1
L1L2-to-L3,141,140,1,1
L1L2-to-L3,141,142,1,1
L1L2-to-L3,141,143,1,1
L1L2-to-L3,141,149,1,1
L1L2-to-L3,141,150,1,1
L1L2-to-L3,141,153,1,1
L1L2-to-L3,141,154,1,1
L1L2-to-L3,141,155,1,1
L1L2-to-L3,141,156,1,1
L1L2-to-L3,141,158,1,1
L1L2-to-L3,141,159,1,1
L1L2-to-L3,141,162,1,1
L1L2-to-L3,141,172,1,1
L1L2-to-L3,141,178,1,1
L1L2-to-L3,141,179,1,1
L1L2-to-L3,141,180,1,1
L1L2-to-L3,141,183,1,1
L1L2-to-L3,141,187,1,1
L1L2-to-L3,141,190,1,1
L1L2-to-L3,141,193,1,1
L1L2-to-L3,141,197,1,1
L1L2-to-L3,141,200,1,1
L1L2-to-L3,141,202,1,1
L1L2-to-L3,141,205,1,1
L1L2-to-L3,141,206,1,1
L1L2-to-L3,141,207,1,1
L1L2-to-L3,141,210,1,1
L1L2-to-L3,141,215,1,1
L1L2-to-L3,141,216,1,1
L1L2-to-L3,141,218,1,1
L1L2-to-L3,141,222,1,1
L1L2-to-L3,141,223,1,1
L1L2-to-L3,141,224,1,1
L1L2-to-L3,141,226,1,1
L1L2-to-L3,141,228,1,1
L1L2-to-L3,141,236,1,1
L1L2-to-L3,141,237,1,1
L1L2-to-L3,141,239,1,1
L1L2-to-L3,141,241,1,1
L1L2-to-L3,141,244,1,1
L1L2-to-L3,141,247,1,1
L1L2-to-L3,141,250,1,1
L1L2-to-L3,141,252,1,1
L1L2-to-L3,141,253,1,1
L1L2-to-L3,141,254,1,1
L1L2-to-L3,141,255,1,1
L1L2-to-L3,142,2,1,1
L1L2-to-L3,142,3,1,1
L1L2-to-L3,142,5,1,1
L1L2-to-L3,142,9,1,1
L1L2-to-L3,142,10,1,1
L1L2-to-L3,142,16,1,1
L1L2-to-L3,142,19,1,1
L1L2-to-L3,142,33,1,1
L1L2-to-L3,142,35,1,1
L1L2-to-L3,142,37,1,1
L1L2-to-L3,142,39,1,1
L1L2-to-L3,142,40,1,1
L1L2-to-L3,142,43,1,1
L1L2-to-L3,142,44,1,1
L1L2-to-L3,142,45,1,1
L1L2-to-L3,142,46,1,1
L1L2-to-L3,142,48,1,1
L1L2-to-L3,142,49,1,1
L1L2-to-L3,142,50,1,1
L1L2-to-L3,142,53,1,1
L1L2-to-L3,142,58,1,1
L1L2-to-L3,142,59,1,1
L1L2-to-L3,142,60,1,1
L1L2-to-L3,142,62,1,1
L1L2-to-L3,142,63,1,1
L1L2-to-L3,142,64,1,1
L1L2-to-L3,142,66,1,1
L1L2-to-L3,142,67,1,1
L1L2-to-L3,142,68,1,1
L1L2-to-L3,142,71,1,1
L1L2-to-L3,142,72,1,1
L1L2-to-L3,142,75,1,1
L1L2-to-L3,142,76,1,1
L1L2-to-L3,142,78,1,1
L1L2-to-L3,142,79,1,1
L1L2-to-L3,142,83,1,1
L1L2-to-L3,142,89,1,1
L1L2-to-L3,142,90,1,1
L1L2-to-L3,142,91,1,1
L1L2-to-L3,142,94,1,1
L1L2-to-L3,142,96,1,1
L1L2-to-L3,142,100,1,1
L1L2-to-L3,142,102,1,1
L1L2-to-L3,142,105,1,1
L1L2-to-L3,142,109,1,1
L1L2-to-L3,142,111,1,1
L1L2-to-L3,142,112,1,1
L1L2-to-L3,142,118,1,1
L1L2-to-L3,142,119,1,1
L1L2-to-L3,142,120,1,1
L1L2-to-L3,142,122,1,1
L1L2-to-L3,142,123,1,1
L1L2-to-L3,142,129,1,1
L1L2-to-L3,142,131,1,1
L1L2-to-L3,142,132,1,1
L1L2-to-L3,142,134,1,1
L1L2-to-L3,142,135,1,1
L1L2-to-L3,142,139,1,1
L1L2-to-L3,142,140,1,1
L1L2-to-L3,142,142,1,1
L1L2-to-L3,142,147,1,1
L1L2-to-L3,142,150,1,1
L1L2-to-L3,142,155,1,1
L1L2-to-L3,142,156,1,1
L1L2-to-L3,142,161,1,1
L1L2-to-L3,142,166,1,1
L1L2-to-L3,142,168,1,1
L1L2-to-L3,142,169,1,1
L1L2-to-L3,142,171,1,1
L1L2-to-L3,142,175,1,1
L1L2-to-L3,142,176,1,1
L1L2-to-L3,142,180,1,1
L1L2-to-L3,142,182,1,1
L1L2-to-L3,142,183,1,1
L1L2-to-L3,142,187,1,1
L1L2-to-L3,142,190,1,1
L1L2-to-L3,142,191,1,1
L1L2-to-L3,142,194,1,1
L1L2-to-L3,142,195,1,1
L1L2-to-L3,142,196,1,1
L1L2-to-L3,142,197,1,1
L1L2-to-L3,142,198,1,1
L1L2-to-L3,142,199,1,1
L1L2-to-L3,142,202,1,1
L1L2-to-L3,142,203,1,1
L1L2-to-L3,142,205,1,1
L1L2-to-L3,142,208,1,1
L1L2-to-L3,142,214,1,1
L1L2-to-L3,142,215,1,1
L1L2-to-L3,142,218,1,1
L1L2-to-L3,142,219,1,1
L1L2-to-L3,142,221,1,1
L1L2-to-L3,142,224,1,1
L1L2-to-L3,142,230,1,1
L1L2-to-L3,142,234,1,1
L1L2-to-L3,142,236,1,1
L1L2-to-L3,142,238,1,1
L1L2-to-L3,142,240,1,1
L1L2-to-L3,142,241,1,1
L1L2-to-L3,142,243,1,1
L1L2-to-L3,142,245,1,1
L1L2-to-L3,142,250,1,1
L1L2-to-L3,142,251,1,1
L1L2-to-L3,142,252,1,1
L1L2-to-L3,143,0,1,1
L1L2-to-L3,143,7,1,1
L1L2-to-L3,143,8,1,1
L1L2-to-L3,143,13,1,1
L1L2-to-L3,143,14,1,1
L1L2-to-L3,143,21,1,1
L1L2-to-L3,143,28,1,1
L1L2-to-L3,143,30,1,1
L1L2-to-L3,143,35,1,1
L1L2-to-L3,143,38,1,1
L1L2-to-L3,143,39,1,1
L1L2-to-L3,143,40,1,1
L1L2-to-L3,143,49,1,1
L1L2-to-L3,143,58,1,1
L1L2-to-L3,143,66,1,1
L1L2-to-L3,143,74,1,1
L1L2-to-L3,143,77,1,1
L1L2-to-L3,143,78,1,1
L1L2-to-L3,143,79,1,1
L1L2-to-L3,143,80,1,1
L1L2-to-L3,143,82,1,1
L1L2-to-L3,143,84,1,1
L1L2-to-L3,143,86,1,1
L1L2-to-L3,143,91,1,1
L1L2-to-L3,143,94,1,1
L1L2-to-L3,143,96,1,1
L1L2-to-L3,143,98,1,1
L1L2-to-L3,143,99,1,1
L1L2-to-L3,143,101,1,1
L1L2-to-L3,143,102,1,1
L1L2-to-L3,143,106,1,1
L1L2-to-L3,143,107,1,1
L1L2-to-L3,143,108,1,1
L1L2-to-L3,143,114,1,1
L1L2-to-L3,143,116,1,1
L1L2-to-L3,143,117,1,1
L1L2-to-L3,143,121,1,1
L1L2-to-L3,143,122,1,1
L1L2-to-L3,143,123,1,1
L1L2-to-L3,143,124,1,1
L1L2-to-L3,143,126,1,1
L1L2-to-L3,143,127,1,1
L1L2-to-L3,143,133,1,1
L1L2-to-L3,143,134,1,1
L1L2-to-L3,143,139,1,1
L1L2-to-L3,143,144,1,1
L1L2-to-L3,143,145,1,1
L1L2-to-L3,143,146,1,1
L1L2-to-L3,143,147,1,1
L1L2-to-L3,143,149,1,1
L1L2-to-L3,143,153,1,1
L1L2-to-L3,143,160,1,1
L1L2-to-L3,143,162,1,1
L1L2-to-L3,143,166,1,1
L1L2-to-L3,143,172,1,1
L1L2-to-L3,143,178,1,1
L1L2-to-L3,143,180,1,1
L1L2-to-L3,143,181,1,1
L1L2-to-L3,143,185,1,1
L1L2-to-L3,143,188,1,1
L1L2-to-L3,143,191,1,1
L1L2-to-L3,143,193,1,1
L1L2-to-L3,143,194,1,1
L1L2-to-L3,143,196,1,1
L1L2-to-L3,143,198,1,1
L1L2-to-L3,143,203,1,1
L1L2-to-L3,143,208,1,1
L1L2-to-L3,143,213,1,1
L1L2-to-L3,143,214,1,1
L1L2-to-L3,143,215,1,1
L1L2-to-L3,143,219,1,1
L1L2-to-L3,143,221,1,1
L1L2-to-L3,143,224,1,1
L1L2-to-L3,143,226,1,1
L1L2-to-L3,143,229,1,1
L1L2-to-L3,143,236,1,1
L1L2-to-L3,143,237,1,1
L1L2-to-L3,143,238,1,1
L1L2-to-L3,143,239,1,1
L1L2-to-L3,143,241,1,1
L1L2-to-L3,143,243,1,1
L1L2-to-L3,143,245,1,1
L1L2-to-L3,143,247,1,1
L1L2-to-L3,143,248,1,1
L1L2-to-L3,143,250,1,1
L1L2-to-L3,143,252,1,1
L1L2-to-L3,143,253,1,1
L1L2-to-L3,143,254,1,1
L1L2-to-L3,144,2,1,1
L1L2-to-L3,144,7,1,1
L1L2-to-L3,144,10,1,1
L1L2-to-L3,144,11,1,1
L1L2-to-L3,144,21,1,1
L1L2-to-L3,144,23,1,1
L1L2-to-L3,144,33,1,1
L1L2-to-L3,144,48,1,1
L1L2-to-L3,144,50,1,1
L1L2-to-L3,144,57,1,1
L1L2-to-L3,144,67,1,1
L1L2-to-L3,144,72,1,1
L1L2-to-L3,144,75,1,1
L1L2-to-L3,144,77,1,1
L1L2-to-L3,144,81,1,1
L1L2-to-L3,144,83,1,1
L1L2-to-L3,144,87,1,1
L1L2-to-L3,144,89,1,1
L1L2-to-L3,144,94,1,1
L1L2-to-L3,144,97,1,1
L1L2-to-L3,144,107,1,1
L1L2-to-L3,144,116,1,1
L1L2-to-L3,144,120,1,1
L1L2-to-L3,144,121,1,1
L1L2-to-L3,144,127,1,1
L1L2-to-L3,144,129,1,1
L1L2-to-L3,144,134,1,1
L1L2-to-L3,144,136,1,1
L1L2-to-L3,144,141,1,1
L1L2-to-L3,144,142,1,1
L1L2-to-L3,144,146,1,1
L1L2-to-L3,144,147,1,1
L1L2-to-L3,144,149,1,1
L1L2-to-L3,144,151,1,1
L1L2-to-L3,144,158,1,1
L1L2-to-L3,144,161,1,1
L1L2-to-L3,144,162,1,1
L1L2-to-L3,144,165,1,1
L1L2-to-L3,144,167,1,1
L1L2-to-L3,144,170,1,1
L1L2-to-L3,144,174,1,1
L1L2-to-L3,144,175,1,1
L1L2-to-L3,144,178,1,1
L1L2-to-L3,144,180,1,1
L1L2-to-L3,144,183,1,1
L1L2-to-L3,144,186,1,1
L1L2-to-L3,144,187,1,1
L1L2-to-L3,144,192,1,1
L1L2-to-L3,144,193,1,1
L1L2-to-L3,144,194,1,1
L1L2-to-L3,144,195,1,1
L1L2-to-L3,144,198,1,1
L1L2-to-L3,144,203,1,1
L1L2-to-L3,144,207,1,1
L1L2-to-L3,144,208,1,1
L1L2-to-L3,144,209,1,1
L1L2-to-L3,144,210,1,1
L1L2-to-L3,144,214,1,1
L1L2-to-L3,144,216,1,1
L1L2-to-L3,144,226,1,1
L1L2-to-L3,144,231,1,1
L1L2-to-L3,144,242,1,1
L1L2-to-L3,144,254,1,1
L1L2-to-L3,145,2,1,1
L1L2-to-L3,145,6,1,1
L1L2-to-L3,145,11,1,1
L1L2-to-L3,145,15,1,1
L1L2-to-L3,145,16,1,1
L1L2-to-L3,145,18,1,1
L1L2-to-L3,145,24,1,1
L1L2-to-L3,145,25,1,1
L1L2-to-L3,145,26,1,1
L1L2-to-L3,145,28,1,1
L1L2-to-L3,145,29,1,1
L1L2-to-L3,145,31,1,1
L1L2-to-L3,145,36,1,1
L1L2-to-L3,145,40,1,1
L1L2-to-L3,145,47,1,1
L1L2-to-L3,145,48,1,1
L1L2-to-L3,145,50,1,1
L1L2-to-L3,145,56,1,1
L1L2-to-L3,145,58,1,1
L1L2-to-L3,145,60,1,1
L1L2-to-L3,145,61,1,1
L1L2-to-L3,145,63,1,1
L1L2-to-L3,145,67,1,1
L1L2-to-L3,145,68,1,1
L1L2-to-L3,145,74,1,1
L1L2-to-L3,145,76,1,1
L1L2-to-L3,145,83,1,1
L1L2-to-L3,145,84,1,1
L1L2-to-L3,145,86,1,1
L1L2-to-L3,145,87,1,1
L1L2-to-L3,145,88,1,1
L1L2-to-L3,145,90,1,1
L1L2-to-L3,145,94,1,1
L1L2-to-L3,145,95,1,1
L1L2-to-L3,145,98,1,1
L1L2-to-L3,145,99,1,1
L1L2-to-L3,145,101,1,1
L1L2-to-L3,145,113,1,1
L1L2-to-L3,145,116,1,1
L1L2-to-L3,145,122,1,1
L1L2-to-L3,145,127,1,1
L1L2-to-L3,145,128,1,1
L1L2-to-L3,145,136,1,1
L1L2-to-L3,145,137,1,1
L1L2-to-L3,145,139,1,1
L1L2-to-L3,145,142,1,1
L1L2-to-L3,145,147,1,1
L1L2-to-L3,145,148,1,1
L1L2-to-L3,145,150,1,1
L1L2-to-L3,145,153,1,1
L1L2-to-L3,145,158,1,1
L1L2-to-L3,145,160,1,1
L1L2-to-L3,145,162,1,1
L1L2-to-L3,145,163,1,1
L1L2-to-L3,145,166,1,1
L1L2-to-L3,145,169,1,1
L1L2-to-L3,145,171,1,1
L1L2-to-L3,145,172,1,1
L1L2-to-L3,145,173,1,1
L1L2-to-L3,145,177,1,1
L1L2-to-L3,145,179,1,1
L1L2-to-L3,145,181,1,1
L1L2-to-L3,145,182,1,1
L1L2-to-L3,145,184,1,1
L1L2-to-L3,145,185,1,1
L1L2-to-L3,145,186,1,1
L1L2-to-L3,145,187,1,1
L1L2-to-L3,145,188,1,1
L1L2-to-L3,145,190,1,1
L1L2-to-L3,145,191,1,1
L1L2-to-L3,145,194,1,1
L1L2-to-L3,145,195,1,1
L1L2-to-L3,145,197,1,1
L1L2-to-L3,145,198,1,1
L1L2-to-L3,145,199,1,1
L1L2-to-L3,145,201,1,1
L1L2-to-L3,145,204,1,1
L1L2-to-L3,145,205,1,1
L1L2-to-L3,145,207,1,1
L1L2-to-L3,145,210,1,1
L1L2-to-L3,145,211,1,1
L1L2-to-L3,145,212,1,1
L1L2-to-L3,145,214,1,1
L1L2-to-L3,145,215,1,1
L1L2-to-L3,145,217,1,1
L1L2-to-L3,145,219,1,1
L1L2-to-L3,145,222,1,1
L1L2-to-L3,145,228,1,1
L1L2-to-L3,145,231,1,1
L1L2-to-L3,145,233,1,1
L1L2-to-L3,145,234,1,1
L1L2-to-L3,145,237,1,1
L1L2-to-L3,145,241,1,1
L1L2-to-L3,145,244,1,1
L1L2-to-L3,145,245,1,1
L1L2-to-L3,145,246,1,1
L1L2-to-L3,145,253,1,1
L1L2-to-L3,145,254,1,1
L1L2-to-L3,145,255,1,1
L1L2-to-L3,146,1,1,1
L1L2-to-L3,146,3,1,1
L1L2-to-L3,146,4,1,1
L1L2-to-L3,146,6,1,1
L1L2-to-L3,146,10,1,1
L1L2-to-L3,146,14,1,1
L1L2-to-L3,146,18,1,1
L1L2-to-L3,146,19,1,1
L1L2-to-L3,146,23,1,1
L1L2-to-L3,146,26,1,1
L1L2-to-L3,146,27,1,1
L1L2-to-L3,146,28,1,1
L1L2-to-L3,146,29,1,1
L1L2-to-L3,146,33,1,1
L1L2-to-L3,146,34,1,1
L1L2-to-L3,146,38,1,1
L1L2-to-L3,146,40,1,1
L1L2-to-L3,146,41,1,1
L1L2-to-L3,146,46,1,1
L1L2-to-L3,146,49,1,1
L1L2-to-L3,146,53,1,1
L1L2-to-L3,146,54,1,1
L1L2-to-L3,146,56,1,1
L1L2-to-L3,146,59,1,1
L1L2-to-L3,146,60,1,1
L1L2-to-L3,146,65,1,1
L1L2-to-L3,146,69,1,1
L1L2-to-L3,146,72,1,1
L1L2-to-L3,146,73,1,1
L1L2-to-L3,146,74,1,1
L1L2-to-L3,146,79,1,1
L1L2-to-L3,146,83,1,1
L1L2-to-L3,146,91,1,1
L1L2-to-L3,146,92,1,1
L1L2-to-L3,146,93,1,1
L1L2-to-L3,146,95,1,1
L1L2-to-L3,146,96,1,1
L1L2-to-L3,146,102,1,1
L1L2-to-L3,146,103,1,1
L1L2-to-L3,146,104,1,1
L1L2-to-L3,146,107,1,1
L1L2-to-L3,146,110,1,1
L1L2-to-L3,146,112,1,1
L1L2-to-L3,146,115,1,1
L1L2-to-L3,146,119,1,1
L1L2-to-L3,146,121,1,1
L1L2-to-L3,146,125,1,1
L1L2-to-L3,146,126,1,1
L1L2-to-L3,146,129,1,1
L1L2-to-L3,146,130,1,1
L1L2-to-L3,146,131,1,1
L1L2-to-L3,146,132,1,1
L1L2-to-L3,146,134,1,1
L1L2-to-L3,146,140,1,1
L1L2-to-L3,146,141,1,1
L1L2-to-L3,146,142,1,1
L1L2-to-L3,146,149,1,1
L1L2-to-L3,146,151,1,1
L1L2-to-L3,146,152,1,1
L1L2-to-L3,146,156,1,1
L1L2-to-L3,146,161,1,1
L1L2-to-L3,146,163,1,1
L1L2-to-L3,146,164,1,1
L1L2-to-L3,146,169,1,1
L1L2-to-L3,146,170,1,1
L1L2-to-L3,146,174,1,1
L1L2-to-L3,146,176,1,1
L1L2-to-L3,146,177,1,1
L1L2-to-L3,146,181,1,1
L1L2-to-L3,146,187,1,1
L1L2-to-L3,146,193,1,1
L1L2-to-L3,146,196,1,1
L1L2-to-L3,146,201,1,1
L1L2-to-L3,146,202,1,1
L1L2-to-L3,146,203,1,1
L1L2-to-L3,146,205,1,1
L1L2-to-L3,146,207,1,1
L1L2-to-L3,146,209,1,1
L1L2-to-L3,146,210,1,1
L1L2-to-L3,146,211,1,1
L1L2-to-L3,146,212,1,1
L1L2-to-L3,146,215,1,1
L1L2-to-L3,146,216,1,1
L1L2-to-L3,146,219,1,1
L1L2-to-L3,146,220,1,1
L1L2-to-L3,146,222,1,1
L1L2-to-L3,146,225,1,1
L1L2-to-L3,146,226,1,1
L1L2-to-L3,146,231,1,1
L1L2-to-L3,146,232,1,1
L1L2-to-L3,146,233,1,1
L1L2-to-L3,146,236,1,1
L1L2-to-L3,146,237,1,1
L1L2-to-L3,146,238,1,1
L1L2-to-L3,146,239,1,1
L1L2-to-L3,146,240,1,1
L1L2-to-L3,146,241,1,1
L1L2-to-L3,146,243,1,1
L1L2-to-L3,146,249,1,1
L1L2-to-L3,146,252,1,1
L1L2-to-L3,146,253,1,1
L1L2-to-L3,146,254,1,1
L1L2-to-L3,147,1,1,1
L1L2-to-L3,147,3,1,1
L1L2-to-L3,147,4,1,1
L1L2-to-L3,147,11,1,1
L1L2-to-L3,147,14,1,1
L1L2-to-L3,147,15,1,1
L1L2-to-L3,147,17,1,1
L1L2-to-L3,147,28,1,1
L1L2-to-L3,147,30,1,1
L1L2-to-L3,147,35,1,1
L1L2-to-L3,147,36,1,1
L1L2-to-L3,147,44,1,1
L1L2-to-L3,147,50,1,1
L1L2-to-L3,147,51,1,1
L1L2-to-L3,147,53,1,1
L1L2-to-L3,147,54,1,1
L1L2-to-L3,147,58,1,1
L1L2-to-L3,147,59,1,1
L1L2-to-L3,147,62,1,1
L1L2-to-L3,147,72,1,1
L1L2-to-L3,147,81,1,1
L1L2-to-L3,147,86,1,1
L1L2-to-L3,147,94,1,1
L1L2-to-L3,147,95,1,1
L1L2-to-L3,147,96,1,1
L1L2-to-L3,147,97,1,1
L1L2-to-L3,147,103,1,1
L1L2-to-L3,147,114,1,1
L1L2-to-L3,147,115,1,1
L1L2-to-L3,147,117,1,1
L1L2-to-L3,147,118,1,1
L1L2-to-L3,147,119,1,1
L1L2-to-L3,147,120,1,1
L1L2-to-L3,147,122,1,1
L1L2-to-L3,147,125,1,1
L1L2-to-L3,147,130,1,1
L1L2-to-L3,147,131,1,1
L1L2-to-L3,147,133,1,1
L1L2-to-L3,147,135,1,1
L1L2-to-L3,147,138,1,1
L1L2-to-L3,147,140,1,1
L1L2-to-L3,147,141,1,1
L1L2-to-L3,147,145,1,1
L1L2-to-L3,147,146,1,1
L1L2-to-L3,147,148,1,1
L1L2-to-L3,147,149,1,1
L1L2-to-L3,147,151,1,1
L1L2-to-L3,147,152,1,1
L1L2-to-L3,147,155,1,1
L1L2-to-L3,147,156,1,1
L1L2-to-L3,147,158,1,1
L1L2-to-L3,147,159,1,1
L1L2-to-L3,147,160,1,1
L1L2-to-L3,147,164,1,1
L1L2-to-L3,147,167,1,1
L1L2-to-L3,147,168,1,1
L1L2-to-L3,147,169,1,1
L1L2-to-L3,147,175,1,1
L1L2-to-L3,147,177,1,1
L1L2-to-L3,147,184,1,1
L1L2-to-L3,147,185,1,1
L1L2-to-L3,147,186,1,1
L1L2-to-L3,147,187,1,1
L1L2-to-L3,147,189,1,1
L1L2-to-L3,147,191,1,1
L1L2-to-L3,147,192,1,1
L1L2-to-L3,147,194,1,1
L1L2-to-L3,147,195,1,1
L1L2-to-L3,147,196,1,1
L1L2-to-L3,147,198,1,1
L1L2-to-L3,147,201,1,1
L1L2-to-L3,147,202,1,1
L1L2-to-L3,147,204,1,1
L1L2-to-L3,147,205,1,1
L1L2-to-L3,147,207,1,1
L1L2-to-L3,147,209,1,1
L1L2-to-L3,147,214,1,1
L1L2-to-L3,147,216,1,1
L1L2-to-L3,147,217,1,1
L1L2-to-L3,147,219,1,1
L1L2-to-L3,147,221,1,1
L1L2-to-L3,147,227,1,1
L1L2-to-L3,147,228,1,1
L1L2-to-L3,147,233,1,1
L1L2-to-L3,147,236,1,1
L1L2-to-L3,147,240,1,1
L1L2-to-L3,147,241,1,1
L1L2-to-L3,147,245,1,1
L1L2-to-L3,147,247,1,1
L1L2-to-L3,147,249,1,1
L1L2-to-L3,147,253,1,1
L1L2-to-L3,148,5,1,1
L1L2-to-L3,148,7,1,1
L1L2-to-L3,148,8,1,1
L1L2-to-L3,148,9,1,1
L1L2-to-L3,148,10,1,1
L1L2-to-L3,148,12,1,1
L1L2-to-L3,148,13,1,1
L1L2-to-L3,148,18,1,1
L1L2-to-L3,148,19,1,1
L1L2-to-L3,148,21,1,1
L1L2-to-L3,148,24,1,1
L1L2-to-L3,148,30,1,1
L1L2-to-L3,148,35,1,1
L1L2-to-L3,148,38,1,1
L1L2-to-L3,148,41,1,1
L1L2-to-L3,148,43,1,1
L1L2-to-L3,148,44,1,1
L1L2-to-L3,148,51,1,1
L1L2-to-L3,148,52,1,1
L1L2-to-L3,148,53,1,1
L1L2-to-L3,148,61,1,1
L1L2-to-L3,148,68,1,1
L1L2-to-L3,148,70,1,1
L1L2-to-L3,148,75,1,1
L1L2-to-L3,148,76,1,1
L1L2-to-L3,148,77,1,1
L1L2-to-L3,148,82,1,1
L1L2-to-L3,148,84,1,1
L1L2-to-L3,148,90,1,1
L1L2-to-L3,148,91,1,1
L1L2-to-L3,148,92,1,1
L1L2-to-L3,148,93,1,1
L1L2-to-L3,148,95,1,1
L1L2-to-L3,148,98,1,1
L1L2-to-L3,148,101,1,1
L1L2-to-L3,148,104,1,1
L1L2-to-L3,148,105,1,1
L1L2-to-L3,148,107,1,1
L1L2-to-L3,148,118,1,1
L1L2-to-L3,148,119,1,1
L1L2-to-L3,148,120,1,1
L1L2-to-L3,148,123,1,1
L1L2-to-L3,148,125,1,1
L1L2-to-L3,148,126,1,1
L1L2-to-L3,148,128,1,1
L1L2-to-L3,148,129,1,1
L1L2-to-L3,148,131,1,1
L1L2-to-L3,148,132,1,1
L1L2-to-L3,148,135,1,1
L1L2-to-L3,148,138,1,1
L1L2-to-L3,148,139,1,1
L1L2-to-L3,148,140,1,1
L1L2-to-L3,148,142,1,1
L1L2-to-L3,148,143,1,1
L1L2-to-L3,148,144,1,1
L1L2-to-L3,148,147,1,1
L1L2-to-L3,148,151,1,1
L1L2-to-L3,148,155,1,1
L1L2-to-L3,148,158,1,1
L1L2-to-L3,148,159,1,1
L1L2-to-L3,148,165,1,1
L1L2-to-L3,148,166,1,1
L1L2-to-L3,148,167,1,1
L1L2-to-L3,148,168,1,1
L1L2-to-L3,148,171,1,1
L1L2-to-L3,148,172,1,1
L1L2-to-L3,148,173,1,1
L1L2-to-L3,148,175,1,1
L1L2-to-L3,148,178,1,1
L1L2-to-L3,148,180,1,1
L1L2-to-L3,148,181,1,1
L1L2-to-L3,148,183,1,1
L1L2-to-L3,148,185,1,1
L1L2-to-L3,148,186,1,1
L1L2-to-L3,148,188,1,1
L1L2-to-L3,148,189,1,1
L1L2-to-L3,148,192,1,1
L1L2-to-L3,148,193,1,1
L1L2-to-L3,148,194,1,1
L1L2-to-L3,148,195,1,1
L1L2-to-L3,148,199,1,1
L1L2-to-L3,148,201,1,1
L1L2-to-L3,148,202,1,1
L1L2-to-L3,148,203,1,1
L1L2-to-L3,148,205,1,1
L1L2-to-L3,148,207,1,1
L1L2-to-L3,148,208,1,1
L1L2-to-L3,148,209,1,1
L1L2-to-L3,148,216,1,1
L1L2-to-L3,148,219,1,1
L1L2-to-L3,148,220,1,1
L1L2-to-L3,148,223,1,1
L1L2-to-L3,148,225,1,1
L1L2-to-L3,148,227,1,1
L1L2-to-L3,148,228,1,1
L1L2-to-L3,148,236,1,1
L1L2-to-L3,148,239,1,1
L1L2-to-L3,148,241,1,1
L1L2-to-L3,148,244,1,1
L1L2-to-L3,148,245,1,1
L1L2-to-L3,148,247,1,1
L1L2-to-L3,148,248,1,1
L1L2-to-L3,148,249,1,1
L1L2-to-L3,148,250,1,1
L1L2-to-L3,148,251,1,1
L1L2-to-L3,148,254,1,1
L1L2-to-L3,148,255,1,1
L1L2-to-L3,149,0,1,1
L1L2-to-L3,149,7,1,1
L1L2-to-L3,149,14,1,1
L1L2-to-L3,149,15,1,1
L1L2-to-L3,149,18,1,1
L1L2-to-L3,149,22,1,1
L1L2-to-L3,149,27,1,1
L1L2-to-L3,149,28,1,1
L1L2-to-L3,149,29,1,1
L1L2-to-L3,149,35,1,1
L1L2-to-L3,149,37,1,1
L1L2-to-L3,149,38,1,1
L1L2-to-L3,149,39,1,1
L1L2-to-L3,149,40,1,1
L1L2-to-L3,149,45,1,1
L1L2-to-L3,149,46,1,1
L1L2-to-L3,149,47,1,1
L1L2-to-L3,149,49,1,1
L1L2-to-L3,149,52,1,1
L1L2-to-L3,149,56,1,1
L1L2-to-L3,149,57,1,1
L1L2-to-L3,149,63,1,1
L1L2-to-L3,149,66,1,1
L1L2-to-L3,149,68,1,1
L1L2-to-L3,149,70,1,1
L1L2-to-L3,149,71,1,1
L1L2-to-L3,149,72,1,1
L1L2-to-L3,149,74,1,1
L1L2-to-L3,149,77,1,1
L1L2-to-L3,149,80,1,1
L1L2-to-L3,149,85,1,1
L1L2-to-L3,149,86,1,1
L1L2-to-L3,149,87,1,1
L1L2-to-L3,149,90,1,1
L1L2-to-L3,149,91,1,1
L1L2-to-L3,149,95,1,1
L1L2-to-L3,149,96,1,1
L1L2-to-L3,149,99,1,1
L1L2-to-L3,149,102,1,1
L1L2-to-L3,149,103,1,1
L1L2-to-L3,149,104,1,1
L1L2-to-L3,149,105,1,1
L1L2-to-L3,149,108,1,1
L1L2-to-L3,149,109,1,1
L1L2-to-L3,149,111,1,1
L1L2-to-L3,149,112,1,1
L1L2-to-L3,149,113,1,1
L1L2-to-L3,149,114,1,1
L1L2-to-L3,149,115,1,1
L1L2-to-L3,149,117,1,1
L1L2-to-L3,149,118,1,1
L1L2-to-L3,149,120,1,1
L1L2-to-L3,149,121,1,1
L1L2-to-L3,149,123,1,1
L1L2-to-L3,149,124,1,1
L1L2-to-L3,149,126,1,1
L1L2-to-L3,149,127,1,1
L1L2-to-L3,149,129,1,1
L1L2-to-L3,149,136,1,1
L1L2-to-L3,149,137,1,1
L1L2-to-L3,149,147,1,1
L1L2-to-L3,149,152,1,1
L1L2-to-L3,149,153,1,1
L1L2-to-L3,149,154,1,1
L1L2-to-L3,149,159,1,1
L1L2-to-L3,149,160,1,1
L1L2-to-L3,149,161,1,1
L1L2-to-L3,149,163,1,1
L1L2-to-L3,149,169,1,1
L1L2-to-L3,149,172,1,1
L1L2-to-L3,149,173,1,1
L1L2-to-L3,149,174,1,1
L1L2-to-L3,149,175,1,1
L1L2-to-L3,149,176,1,1
L1L2-to-L3,149,180,1,1
L1L2-to-L3,149,184,1,1
L1L2-to-L3,149,189,1,1
L1L2-to-L3,149,190,1,1
L1L2-to-L3,149,194,1,1
L1L2-to-L3,149,197,1,1
L1L2-to-L3,149,198,1,1
L1L2-to-L3,149,199,1,1
L1L2-to-L3,149,200,1,1
L1L2-to-L3,149,201,1,1
L1L2-to-L3,149,202,1,1
L1L2-to-L3,149,204,1,1
L1L2-to-L3,149,205,1,1
L1L2-to-L3,149,206,1,1
L1L2-to-L3,149,207,1,1
L1L2-to-L3,149,208,1,1
L1L2-to-L3,149,209,1,1
L1L2-to-L3,149,210,1,1
L1L2-to-L3,149,211,1,1
L1L2-to-L3,149,212,1,1
L1L2-to-L3,149,217,1,1
L1L2-to-L3,149,218,1,1
L1L2-to-L3,149,221,1,1
L1L2-to-L3,149,222,1,1
L1L2-to-L3,149,223,1,1
L1L2-to-L3,149,225,1,1
L1L2-to-L3,149,227,1,1
L1L2-to-L3,149,228,1,1
L1L2-to-L3,149,230,1,1
L1L2-to-L3,149,231,1,1
L1L2-to-L3,149,233,1,1
L1L2-to-L3,149,234,1,1
L1L2-to-L3,149,235,1,1
L1L2-to-L3,149,236,1,1
L1L2-to-L3,149,241,1,1
L1L2-to-L3,149,242,1,1
L1L2-to-L3,149,245,1,1
L1L2-to-L3,149,247,1,1
L1L2-to-L3,149,250,1,1
L1L2-to-L3,149,252,1,1
L1L2-to-L3,149,255,1,1
L1L2-to-L3,150,1,1,1
L1L2-to-L3,150,3,1,1
L1L2-to-L3,150,6,1,1
L1L2-to-L3,150,9,1,1
L1L2-to-L3,150,10,1,1
L1L2-to-L3,150,13,1,1
L1L2-to-L3,150,16,1,1
L1L2-to-L3,150,17,1,1
L1L2-to-L3,150,19,1,1
L1L2-to-L3,150,24,1,1
L1L2-to-L3,150,26,1,1
L1L2-to-L3,150,29,1,1
L1L2-to-L3,150,30,1,1
L1L2-to-L3,150,34,1,1
L1L2-to-L3,150,38,1,1
L1L2-to-L3,150,41,1,1
L1L2-to-L3,150,44,1,1
L1L2-to-L3,150,49,1,1
L1L2-to-L3,150,50,1,1
L1L2-to-L3,150,51,1,1
L1L2-to-L3,150,52,1,1
L1L2-to-L3,150,53,1,1
L1L2-to-L3,150,54,1,1
L1L2-to-L3,150,56,1,1
L1L2-to-L3,150,58,1,1
L1L2-to-L3,150,60,1,1
L1L2-to-L3,150,64,1,1
L1L2-to-L3,150,65,1,1
L1L2-to-L3,150,69,1,1
L1L2-to-L3,150,74,1,1
L1L2-to-L3,150,77,1,1
L1L2-to-L3,150,82,1,1
L1L2-to-L3,150,85,1,1
L1L2-to-L3,150,87,1,1
L1L2-to-L3,150,88,1,1
L1L2-to-L3,150,92,1,1
L1L2-to-L3,150,95,1,1
L1L2-to-L3,150,96,1,1
L1L2-to-L3,150,99,1,1
L1L2-to-L3,150,100,1,1
L1L2-to-L3,150,101,1,1
L1L2-to-L3,150,102,1,1
L1L2-to-L3,150,106,1,1
L1L2-to-L3,150,107,1,1
L1L2-to-L3,150,112,1,1
L1L2-to-L3,150,116,1,1
L1L2-to-L3,150,125,1,1
L1L2-to-L3,150,126,1,1
L1L2-to-L3,150,127,1,1
L1L2-to-L3,150,130,1,1
L1L2-to-L3,150,132,1,1
L1L2-to-L3,150,138,1,1
L1L2-to-L3,150,146,1,1
L1L2-to-L3,150,150,1,1
L1L2-to-L3,150,151,1,1
L1L2-to-L3,150,152,1,1
L1L2-to-L3,150,158,1,1
L1L2-to-L3,150,160,1,1
L1L2-to-L3,150,166,1,1
L1L2-to-L3,150,167,1,1
L1L2-to-L3,150,172,1,1
L1L2-to-L3,150,177,1,1
L1L2-to-L3,150,180,1,1
L1L2-to-L3,150,181,1,1
L1L2-to-L3,150,183,1,1
L1L2-to-L3,150,189,1,1
L1L2-to-L3,150,191,1,1
L1L2-to-L3,150,193,1,1
L1L2-to-L3,150,195,1,1
L1L2-to-L3,150,200,1,1
L1L2-to-L3,150,201,1,1
L1L2-to-L3,150,206,1,1
L1L2-to-L3,150,207,1,1
L1L2-to-L3,150,209,1,1
L1L2-to-L3,150,210,1,1
L1L2-to-L3,150,211,1,1
L1L2-to-L3,150,212,1,1
L1L2-to-L3,150,213,1,1
L1L2-to-L3,150,214,1,1
L1L2-to-L3,150,215,1,1
L1L2-to-L3,150,216,1,1
L1L2-to-L3,150,218,1,1
L1L2-to-L3,150,219,1,1
L1L2-to-L3,150,220,1,1
L1L2-to-L3,150,223,1,1
L1L2-to-L3,150,229,1,1
L1L2-to-L3,150,230,1,1
L1L2-to-L3,150,231,1,1
L1L2-to-L3,150,233,1,1
L1L2-to-L3,150,234,1,1
L1L2-to-L3,150,235,1,1
L1L2-to-L3,150,236,1,1
L1L2-to-L3,150,237,1,1
L1L2-to-L3,150,239,1,1
L1L2-to-L3,150,240,1,1
L1L2-to-L3,150,241,1,1
L1L2-to-L3,150,242,1,1
L1L2-to-L3,150,244,1,1
L1L2-to-L3,150,245,1,1
L1L2-to-L3,150,246,1,1
L1L2-to-L3,150,248,1,1
L1L2-to-L3,150,250,1,1
L1L2-to-L3,150,252,1,1
L1L2-to-L3,150,253,1,1
L1L2-to-L3,150,254,1,1
L1L2-to-L3,150,255,1,1
L1L2-to-L3,151,1,1,1
L1L2-to-L3,151,11,1,1
L1L2-to-L3,151,13,1,1
L1L2-to-L3,151,18,1,1
L1L2-to-L3,151,23,1,1
L1L2-to-L3,151,25,1,1
L1L2-to-L3,151,26,1,1
L1L2-to-L3,151,38,1,1
L1L2-to-L3,151,39,1,1
L1L2-to-L3,151,40,1,1
L1L2-to-L3,151,42,1,1
L1L2-to-L3,151,44,1,1
L1L2-to-L3,151,48,1,1
L1L2-to-L3,151,61,1,1
L1L2-to-L3,151,63,1,1
L1L2-to-L3,151,68,1,1
L1L2-to-L3,151,71,1,1
L1L2-to-L3,151,73,1,1
L1L2-to-L3,151,76,1,1
L1L2-to-L3,151,77,1,1
L1L2-to-L3,151,78,1,1
L1L2-to-L3,151,79,1,1
L1L2-to-L3,151,84,1,1
L1L2-to-L3,151,85,1,1
L1L2-to-L3,151,86,1,1
L1L2-to-L3,151,87,1,1
L1L2-to-L3,151,89,1,1
L1L2-to-L3,151,90,1,1
L1L2-to-L3,151,93,1,1
L1L2-to-L3,151,96,1,1
L1L2-to-L3,151,100,1,1
L1L2-to-L3,151,102,1,1
L1L2-to-L3,151,103,1,1
L1L2-to-L3,151,112,1,1
L1L2-to-L3,151,114,1,1
L1L2-to-L3,151,116,1,1
L1L2-to-L3,151,118,1,1
L1L2-to-L3,151,130,1,1
L1L2-to-L3,151,133,1,1
L1L2-to-L3,151,134,1,1
L1L2-to-L3,151,138,1,1
L1L2-to-L3,151,143,1,1
L1L2-to-L3,151,144,1,1
L1L2-to-L3,151,150,1,1
L1L2-to-L3,151,151,1,1
L1L2-to-L3,151,156,1,1
L1L2-to-L3,151,159,1,1
L1L2-to-L3,151,160,1,1
L1L2-to-L3,151,161,1,1
L1L2-to-L3,151,163,1,1
L1L2-to-L3,151,165,1,1
L1L2-to-L3,151,166,1,1
L1L2-to-L3,151,172,1,1
L1L2-to-L3,151,173,1,1
L1L2-to-L3,151,174,1,1
L1L2-to-L3,151,177,1,1
L1L2-to-L3,151,180,1,1
L1L2-to-L3,151,183,1,1
L1L2-to-L3,151,186,1,1
L1L2-to-L3,151,189,1,1
L1L2-to-L3,151,191,1,1
L1L2-to-L3,151,200,1,1
L1L2-to-L3,151,201,1,1
L1L2-to-L3,151,204,1,1
L1L2-to-L3,151,205,1,1
L1L2-to-L3,151,206,1,1
L1L2-to-L3,151,208,1,1
L1L2-to-L3,151,211,1,1
L1L2-to-L3,151,218,1,1
L1L2-to-L3,151,220,1,1
L1L2-to-L3,151,221,1,1
L1L2-to-L3,151,223,1,1
L1L2-to-L3,151,224,1,1
L1L2-to-L3,151,227,1,1
L1L2-to-L3,151,231,1,1
L1L2-to-L3,151,236,1,1
L1L2-to-L3,151,237,1,1
L1L2-to-L3,151,238,1,1
L1L2-to-L3,151,239,1,1
L1L2-to-L3,151,243,1,1
L1L2-to-L3,151,245,1,1
L1L2-to-L3,151,246,1,1
L1L2-to-L3,151,249,1,1
L1L2-to-L3,151,251,1,1
L1L2-to-L3,151,253,1,1
L1L2-to-L3,152,8,1,1
L1L2-to-L3,152,9,1,1
L1L2-to-L3,152,10,1,1
L1L2-to-L3,152,15,1,1
L1L2-to-L3,152,20,1,1
L1L2-to-L3,152,23,1,1
L1L2-to-L3,152,24,1,1
L1L2-to-L3,152,26,1,1
L1L2-to-L3,152,29,1,1
L1L2-to-L3,152,35,1,1
L1L2-to-L3,152,41,1,1
L1L2-to-L3,152,42,1,1
L1L2-to-L3,152,48,1,1
L1L2-to-L3,152,55,1,1
L1L2-to-L3,152,59,1,1
L1L2-to-L3,152,66,1,1
L1L2-to-L3,152,69,1,1
L1L2-to-L3,152,72,1,1
L1L2-to-L3,152,86,1,1
L1L2-to-L3,152,88,1,1
L1L2-to-L3,152,89,1,1
L1L2-to-L3,152,90,1,1
L1L2-to-L3,152,95,1,1
L1L2-to-L3,152,97,1,1
L1L2-to-L3,152,98,1,1
L1L2-to-L3,152,101,1,1
L1L2-to-L3,152,104,1,1
L1L2-to-L3,152,106,1,1
L1L2-to-L3,152,109,1,1
L1L2-to-L3,152,111,1,1
L1L2-to-L3,152,117,1,1
L1L2-to-L3,152,127,1,1
L1L2-to-L3,152,128,1,1
L1L2-to-L3,152,129,1,1
L1L2-to-L3,152,134,1,1
L1L2-to-L3,152,142,1,1
L1L2-to-L3,152,144,1,1
L1L2-to-L3,152,146,1,1
L1L2-to-L3,152,147,1,1
L1L2-to-L3,152,150,1,1
L1L2-to-L3,152,154,1,1
L1L2-to-L3,152,155,1,1
L1L2-to-L3,152,157,1,1
L1L2-to-L3,152,164,1,1
L1L2-to-L3,152,167,1,1
L1L2-to-L3,152,168,1,1
L1L2-to-L3,152,169,1,1
L1L2-to-L3,152,170,1,1
L1L2-to-L3,152,172,1,1
L1L2-to-L3,152,174,1,1
L1L2-to-L3,152,180,1,1
L1L2-to-L3,152,185,1,1
L1L2-to-L3,152,190,1,1
L1L2-to-L3,152,196,1,1
L1L2-to-L3,152,198,1,1
L1L2-to-L3,152,199,1,1
L1L2-to-L3,152,202,1,1
L1L2-to-L3,152,206,1,1
L1L2-to-L3,152,209,1,1
L1L2-to-L3,152,218,1,1
L1L2-to-L3,152,220,1,1
L1L2-to-L3,152,226,1,1
L1L2-to-L3,152,229,1,1
L1L2-to-L3,152,230,1,1
L1L2-to-L3,152,231,1,1
L1L2-to-L3,152,235,1,1
L1L2-to-L3,152,236,1,1
L1L2-to-L3,152,237,1,1
L1L2-to-L3,152,241,1,1
L1L2-to-L3,152,242,1,1
L1L2-to-L3,152,244,1,1
L1L2-to-L3,152,245,1,1
L1L2-to-L3,152,248,1,1
L1L2-to-L3,152,254,1,1
L1L2-to-L3,153,0,1,1
L1L2-to-L3,153,1,1,1
L1L2-to-L3,153,6,1,1
L1L2-to-L3,153,7,1,1
L1L2-to-L3,153,13,1,1
L1L2-to-L3,153,15,1,1
L1L2-to-L3,153,22,1,1
L1L2-to-L3,153,34,1,1
L1L2-to-L3,153,37,1,1
L1L2-to-L3,153,50,1,1
L1L2-to-L3,153,51,1,1
L1L2-to-L3,153,54,1,1
L1L2-to-L3,153,60,1,1
L1L2-to-L3,153,61,1,1
L1L2-to-L3,153,65,1,1
L1L2-to-L3,153,66,1,1
L1L2-to-L3,153,67,1,1
L1L2-to-L3,153,69,1,1
L1L2-to-L3,153,93,1,1
L1L2-to-L3,153,96,1,1
L1L2-to-L3,153,98,1,1
L1L2-to-L3,153,100,1,1
L1L2-to-L3,153,101,1,1
L1L2-to-L3,153,104,1,1
L1L2-to-L3,153,105,1,1
L1L2-to-L3,153,108,1,1
L1L2-to-L3,153,110,1,1
L1L2-to-L3,153,120,1,1
L1L2-to-L3,153,122,1,1
L1L2-to-L3,153,124,1,1
L1L2-to-L3,153,132,1,1
L1L2-to-L3,153,139,1,1
L1L2-to-L3,153,143,1,1
L1L2-to-L3,153,148,1,1
L1L2-to-L3,153,150,1,1
L1L2-to-L3,153,153,1,1
L1L2-to-L3,153,157,1,1
L1L2-to-L3,153,158,1,1
L1L2-to-L3,153,159,1,1
L1L2-to-L3,153,160,1,1
L1L2-to-L3,153,173,1,1
L1L2-to-L3,153,175,1,1
L1L2-to-L3,153,177,1,1
L1L2-to-L3,153,179,1,1
L1L2-to-L3,153,181,1,1
L1L2-to-L3,153,195,1,1
L1L2-to-L3,153,198,1,1
L1L2-to-L3,153,205,1,1
L1L2-to-L3,153,209,1,1
L1L2-to-L3,153,211,1,1
L1L2-to-L3,153,213,1,1
L1L2-to-L3,153,215,1,1
L1L2-to-L3,153,216,1,1
L1L2-to-L3,153,224,1,1
L1L2-to-L3,153,225,1,1
L1L2-to-L3,153,226,1,1
L1L2-to-L3,153,228,1,1
L1L2-to-L3,153,231,1,1
L1L2-to-L3,153,232,1,1
L1L2-to-L3,153,245,1,1
L1L2-to-L3,153,247,1,1
L1L2-to-L3,153,251,1,1
L1L2-to-L3,153,253,1,1
L1L2-to-L3,154,1,1,1
L1L2-to-L3,154,5,1,1
L1L2-to-L3,154,9,1,1
L1L2-to-L3,154,12,1,1
L1L2-to-L3,154,17,1,1
L1L2-to-L3,154,28,1,1
L1L2-to-L3,154,30,1,1
L1L2-to-L3,154,38,1,1
L1L2-to-L3,154,39,1,1
L1L2-to-L3,154,43,1,1
L1L2-to-L3,154,46,1,1
L1L2-to-L3,154,48,1,1
L1L2-to-L3,154,53,1,1
L1L2-to-L3,154,57,1,1
L1L2-to-L3,154,58,1,1
L1L2-to-L3,154,61,1,1
L1L2-to-L3,154,62,1,1
L1L2-to-L3,154,63,1,1
L1L2-to-L3,154,69,1,1
L1L2-to-L3,154,80,1,1
L1L2-to-L3,154,84,1,1
L1L2-to-L3,154,85,1,1
L1L2-to-L3,154,88,1,1
L1L2-to-L3,154,89,1,1
L1L2-to-L3,154,92,1,1
L1L2-to-L3,154,94,1,1
L1L2-to-L3,154,95,1,1
L1L2-to-L3,154,100,1,1
L1L2-to-L3,154,104,1,1
L1L2-to-L3,154,105,1,1
L1L2-to-L3,154,106,1,1
L1L2-to-L3,154,109,1,1
L1L2-to-L3,154,112,1,1
L1L2-to-L3,154,113,1,1
L1L2-to-L3,154,119,1,1
L1L2-to-L3,154,120,1,1
L1L2-to-L3,154,125,1,1
L1L2-to-L3,154,129,1,1
L1L2-to-L3,154,130,1,1
L1L2-to-L3,154,132,1,1
L1L2-to-L3,154,134,1,1
L1L2-to-L3,154,135,1,1
L1L2-to-L3,154,139,1,1
L1L2-to-L3,154,140,1,1
L1L2-to-L3,154,143,1,1
L1L2-to-L3,154,144,1,1
L1L2-to-L3,154,145,1,1
L1L2-to-L3,154,147,1,1
L1L2-to-L3,154,149,1,1
L1L2-to-L3,154,154,1,1
L1L2-to-L3,154,156,1,1
L1L2-to-L3,154,157,1,1
L1L2-to-L3,154,158,1,1
L1L2-to-L3,154,162,1,1
L1L2-to-L3,154,164,1,1
L1L2-to-L3,154,169,1,1
L1L2-to-L3,154,172,1,1
L1L2-to-L3,154,173,1,1
L1L2-to-L3,154,174,1,1
L1L2-to-L3,154,177,1,1
L1L2-to-L3,154,179,1,1
L1L2-to-L3,154,180,1,1
L1L2-to-L3,154,181,1,1
L1L2-to-L3,154,183,1,1
L1L2-to-L3,154,186,1,1
L1L2-to-L3,154,187,1,1
L1L2-to-L3,154,188,1,1
L1L2-to-L3,154,189,1,1
L1L2-to-L3,154,191,1,1
L1L2-to-L3,154,193,1,1
L1L2-to-L3,154,195,1,1
L1L2-to-L3,154,196,1,1
L1L2-to-L3,154,206,1,1
L1L2-to-L3,154,210,1,1
L1L2-to-L3,154,214,1,1
L1L2-to-L3,154,215,1,1
L1L2-to-L3,154,217,1,1
L1L2-to-L3,154,222,1,1
L1L2-to-L3,154,225,1,1
L1L2-to-L3,154,227,1,1
L1L2-to-L3,154,235,1,1
L1L2-to-L3,154,243,1,1
L1L2-to-L3,154,244,1,1
L1L2-to-L3,154,245,1,1
L1L2-to-L3,154,246,1,1
L1L2-to-L3,154,247,1,1
L1L2-to-L3,154,250,1,1
L1L2-to-L3,154,251,1,1
L1L2-to-L3,154,253,1,1
L1L2-to-L3,155,1,1,1
L1L2-to-L3,155,4,1,1
L1L2-to-L3,155,5,1,1
L1L2-to-L3,155,7,1,1
L1L2-to-L3,155,8,1,1
L1L2-to-L3,155,13,1,1
L1L2-to-L3,155,15,1,1
L1L2-to-L3,155,17,1,1
L1L2-to-L3,155,18,1,1
L1L2-to-L3,155,20,1,1
L1L2-to-L3,155,21,1,1
L1L2-to-L3,155,32,1,1
L1L2-to-L3,155,33,1,1
L1L2-to-L3,155,35,1,1
L1L2-to-L3,155,37,1,1
L1L2-to-L3,155,42,1,1
L1L2-to-L3,155,43,1,1
L1L2-to-L3,155,44,1,1
L1L2-to-L3,155,47,1,1
L1L2-to-L3,155,58,1,1
L1L2-to-L3,155,64,1,1
L1L2-to-L3,155,66,1,1
L1L2-to-L3,155,69,1,1
L1L2-to-L3,155,71,1,1
L1L2-to-L3,155,74,1,1
L1L2-to-L3,155,78,1,1
L1L2-to-L3,155,84,1,1
L1L2-to-L3,155,86,1,1
L1L2-to-L3,155,88,1,1
L1L2-to-L3,155,90,1,1
L1L2-to-L3,155,96,1,1
L1L2-to-L3,155,97,1,1
L1L2-to-L3,155,104,1,1
L1L2-to-L3,155,105,1,1
L1L2-to-L3,155,107,1,1
L1L2-to-L3,155,113,1,1
L1L2-to-L3,155,114,1,1
L1L2-to-L3,155,115,1,1
L1L2-to-L3,155,118,1,1
L1L2-to-L3,155,119,1,1
L1L2-to-L3,155,122,1,1
L1L2-to-L3,155,124,1,1
L1L2-to-L3,155,126,1,1
L1L2-to-L3,155,127,1,1
L1L2-to-L3,155,130,1,1
L1L2-to-L3,155,131,1,1
L1L2-to-L3,155,134,1,1
L1L2-to-L3,155,135,1,1
L1L2-to-L3,155,137,1,1
L1L2-to-L3,155,138,1,1
L1L2-to-L3,155,141,1,1
L1L2-to-L3,155,144,1,1
L1L2-to-L3,155,145,1,1
L1L2-to-L3,155,147,1,1
L1L2-to-L3,155,148,1,1
L1L2-to-L3,155,150,1,1
L1L2-to-L3,155,151,1,1
L1L2-to-L3,155,152,1,1
L1L2-to-L3,155,156,1,1
L1L2-to-L3,155,157,1,1
L1L2-to-L3,155,160,1,1
L1L2-to-L3,155,163,1,1
L1L2-to-L3,155,168,1,1
L1L2-to-L3,155,172,1,1
L1L2-to-L3,155,173,1,1
L1L2-to-L3,155,174,1,1
L1L2-to-L3,155,179,1,1
L1L2-to-L3,155,186,1,1
L1L2-to-L3,155,187,1,1
L1L2-to-L3,155,188,1,1
L1L2-to-L3,155,189,1,1
L1L2-to-L3,155,191,1,1
L1L2-to-L3,155,192,1,1
L1L2-to-L3,155,193,1,1
L1L2-to-L3,155,205,1,1
L1L2-to-L3,155,207,1,1
L1L2-to-L3,155,208,1,1
L1L2-to-L3,155,211,1,1
L1L2-to-L3,155,212,1,1
L1L2-to-L3,155,216,1,1
L1L2-to-L3,155,217,1,1
L1L2-to-L3,155,220,1,1
L1L2-to-L3,155,224,1,1
L1L2-to-L3,155,231,1,1
L1L2-to-L3,155,236,1,1
L1L2-to-L3,155,240,1,1
L1L2-to-L3,155,242,1,1
L1L2-to-L3,155,244,1,1
L1L2-to-L3,155,249,1,1
L1L2-to-L3,155,250,1,1
L1L2-to-L3,155,253,1,1
L1L2-to-L3,156,2,1,1
L1L2-to-L3,156,6,1,1
L1L2-to-L3,156,10,1,1
L1L2-to-L3,156,11,1,1
L1L2-to-L3,156,19,1,1
L1L2-to-L3,156,20,1,1
L1L2-to-L3,156,22,1,1
L1L2-to-L3,156,23,1,1
L1L2-to-L3,156,26,1,1
L1L2-to-L3,156,27,1,1
L1L2-to-L3,156,28,1,1
L1L2-to-L3,156,30,1,1
L1L2-to-L3,156,37,1,1
L1L2-to-L3,156,38,1,1
L1L2-to-L3,156,44,1,1
L1L2-to-L3,156,45,1,1
L1L2-to-L3,156,46,1,1
L1L2-to-L3,156,48,1,1
L1L2-to-L3,156,50,1,1
L1L2-to-L3,156,52,1,1
L1L2-to-L3,156,55,1,1
L1L2-to-L3,156,56,1,1
L1L2-to-L3,156,58,1,1
L1L2-to-L3,156,62,1,1
L1L2-to-L3,156,63,1,1
L1L2-to-L3,156,66,1,1
L1L2-to-L3,156,67,1,1
L1L2-to-L3,156,71,1,1
L1L2-to-L3,156,72,1,1
L1L2-to-L3,156,80,1,1
L1L2-to-L3,156,81,1,1
L1L2-to-L3,156,86,1,1
L1L2-to-L3,156,87,1,1
L1L2-to-L3,156,93,1,1
L1L2-to-L3,156,94,1,1
L1L2-to-L3,156,97,1,1
L1L2-to-L3,156,99,1,1
L1L2-to-L3,156,101,1,1
L1L2-to-L3,156,102,1,1
L1L2-to-L3,156,103,1,1
L1L2-to-L3,156,104,1,1
L1L2-to-L3,156,105,1,1
L1L2-to-L3,156,106,1,1
L1L2-to-L3,156,111,1,1
L1L2-to-L3,156,112,1,1
L1L2-to-L3,156,116,1,1
L1L2-to-L3,156,119,1,1
L1L2-to-L3,156,121,1,1
L1L2-to-L3,156,126,1,1
L1L2-to-L3,156,131,1,1
L1L2-to-L3,156,132,1,1
L1L2-to-L3,156,136,1,1
L1L2-to-L3,156,139,1,1
L1L2-to-L3,156,140,1,1
L1L2-to-L3,156,143,1,1
L1L2-to-L3,156,146,1,1
L1L2-to-L3,156,149,1,1
L1L2-to-L3,156,151,1,1
L1L2-to-L3,156,154,1,1
L1L2-to-L3,156,156,1,1
L1L2-to-L3,156,166,1,1
L1L2-to-L3,156,167,1,1
L1L2-to-L3,156,170,1,1
L1L2-to-L3,156,171,1,1
L1L2-to-L3,156,172,1,1
L1L2-to-L3,156,173,1,1
L1L2-to-L3,156,177,1,1
L1L2-to-L3,156,180,1,1
L1L2-to-L3,156,183,1,1
L1L2-to-L3,156,184,1,1
L1L2-to-L3,156,185,1,1
L1L2-to-L3,156,187,1,1
L1L2-to-L3,156,188,1,1
L1L2-to-L3,156,190,1,1
L1L2-to-L3,156,191,1,1
L1L2-to-L3,156,192,1,1
L1L2-to-L3,156,193,1,1
L1L2-to-L3,156,195,1,1
L1L2-to-L3,156,197,1,1
L1L2-to-L3,156,199,1,1
L1L2-to-L3,156,201,1,1
L1L2-to-L3,156,202,1,1
L1L2-to-L3,156,204,1,1
L1L2-to-L3,156,210,1,1
L1L2-to-L3,156,211,1,1
L1L2-to-L3,156,213,1,1
L1L2-to-L3,156,215,1,1
L1L2-to-L3,156,216,1,1
L1L2-to-L3,156,218,1,1
L1L2-to-L3,156,219,1,1
L1L2-to-L3,156,221,1,1
L1L2-to-L3,156,222,1,1
L1L2-to-L3,156,223,1,1
L1L2-to-L3,156,224,1,1
L1L2-to-L3,156,226,1,1
L1L2-to-L3,156,228,1,1
L1L2-to-L3,156,229,1,1
L1L2-to-L3,156,231,1,1
L1L2-to-L3,156,236,1,1
L1L2-to-L3,156,238,1,1
L1L2-to-L3,156,239,1,1
L1L2-to-L3,156,241,1,1
L1L2-to-L3,156,243,1,1
L1L2-to-L3,156,247,1,1
L1L2-to-L3,156,248,1,1
L1L2-to-L3,156,249,1,1
L1L2-to-L3,156,251,1,1
L1L2-to-L3,156,253,1,1
L1L2-to-L3,156,254,1,1
L1L2-to-L3,157,2,1,1
L1L2-to-L3,157,3,1,1
L1L2-to-L3,157,6,1,1
L1L2-to-L3,157,10,1,1
L1L2-to-L3,157,13,1,1
L1L2-to-L3,157,14,1,1
L1L2-to-L3,157,15,1,1
L1L2-to-L3,157,17,1,1
L1L2-to-L3,157,20,1,1
L1L2-to-L3,157,25,1,1
L1L2-to-L3,157,30,1,1
L1L2-to-L3,157,34,1,1
L1L2-to-L3,157,42,1,1
L1L2-to-L3,157,48,1,1
L1L2-to-L3,157,51,1,1
L1L2-to-L3,157,60,1,1
L1L2-to-L3,157,61,1,1
L1L2-to-L3,157,62,1,1
L1L2-to-L3,157,68,1,1
L1L2-to-L3,157,69,1,1
L1L2-to-L3,157,70,1,1
L1L2-to-L3,157,72,1,1
L1L2-to-L3,157,75,1,1
L1L2-to-L3,157,82,1,1
L1L2-to-L3,157,83,1,1
L1L2-to-L3,157,94,1,1
L1L2-to-L3,157,98,1,1
L1L2-to-L3,157,99,1,1
L1L2-to-L3,157,100,1,1
L1L2-to-L3,157,101,1,1
L1L2-to-L3,157,102,1,1
L1L2-to-L3,157,103,1,1
L1L2-to-L3,157,104,1,1
L1L2-to-L3,157,111,1,1
L1L2-to-L3,157,112,1,1
L1L2-to-L3,157,113,1,1
L1L2-to-L3,157,116,1,1
L1L2-to-L3,157,121,1,1
L1L2-to-L3,157,126,1,1
L1L2-to-L3,157,127,1,1
L1L2-to-L3,157,137,1,1
L1L2-to-L3,157,142,1,1
L1L2-to-L3,157,143,1,1
L1L2-to-L3,157,145,1,1
L1L2-to-L3,157,146,1,1
L1L2-to-L3,157,147,1,1
L1L2-to-L3,157,149,1,1
L1L2-to-L3,157,154,1,1
L1L2-to-L3,157,155,1,1
L1L2-to-L3,157,156,1,1
L1L2-to-L3,157,157,1,1
L1L2-to-L3,157,159,1,1
L1L2-to-L3,157,161,1,1
L1L2-to-L3,157,164,1,1
L1L2-to-L3,157,169,1,1
L1L2-to-L3,157,171,1,1
L1L2-to-L3,157,173,1,1
L1L2-to-L3,157,177,1,1
L1L2-to-L3,157,178,1,1
L1L2-to-L3,157,180,1,1
L1L2-to-L3,157,181,1,1
L1L2-to-L3,157,182,1,1
L1L2-to-L3,157,185,1,1
L1L2-to-L3,157,186,1,1
L1L2-to-L3,157,187,1,1
L1L2-to-L3,157,192,1,1
L1L2-to-L3,157,193,1,1
L1L2-to-L3,157,195,1,1
L1L2-to-L3,157,197,1,1
L1L2-to-L3,157,198,1,1
L1L2-to-L3,157,200,1,1
L1L2-to-L3,157,205,1,1
L1L2-to-L3,157,208,1,1
L1L2-to-L3,157,209,1,1
L1L2-to-L3,157,210,1,1
L1L2-to-L3,157,214,1,1
L1L2-to-L3,157,218,1,1
L1L2-to-L3,157,219,1,1
L1L2-to-L3,157,221,1,1
L1L2-to-L3,157,222,1,1
L1L2-to-L3,157,224,1,1
L1L2-to-L3,157,230,1,1
L1L2-to-L3,157,231,1,1
L1L2-to-L3,157,234,1,1
L1L2-to-L3,157,236,1,1
L1L2-to-L3,157,237,1,1
L1L2-to-L3,157,238,1,1
L1L2-to-L3,157,246,1,1
L1L2-to-L3,157,249,1,1
L1L2-to-L3,157,250,1,1
L1L2-to-L3,157,254,1,1
L1L2-to-L3,157,255,1,1
L1L2-to-L3,158,0,1,1
L1L2-to-L3,158,4,1,1
L1L2-to-L3,158,10,1,1
L1L2-to-L3,158,12,1,1
L1L2-to-L3,158,18,1,1
L1L2-to-L3,158,19,1,1
L1L2-to-L3,158,30,1,1
L1L2-to-L3,158,35,1,1
L1L2-to-L3,158,36,1,1
L1L2-to-L3,158,38,1,1
L1L2-to-L3,158,43,1,1
L1L2-to-L3,158,50,1,1
L1L2-to-L3,158,51,1,1
L1L2-to-L3,158,54,1,1
L1L2-to-L3,158,56,1,1
L1L2-to-L3,158,57,1,1
L1L2-to-L3,158,58,1,1
L1L2-to-L3,158,59,1,1
L1L2-to-L3,158,60,1,1
L1L2-to-L3,158,61,1,1
L1L2-to-L3,158,62,1,1
L1L2-to-L3,158,65,1,1
L1L2-to-L3,158,67,1,1
L1L2-to-L3,158,70,1,1
L1L2-to-L3,158,71,1,1
L1L2-to-L3,158,82,1,1
L1L2-to-L3,158,88,1,1
L1L2-to-L3,158,89,1,1
L1L2-to-L3,158,90,1,1
L1L2-to-L3,158,94,1,1
L1L2-to-L3,158,95,1,1
L1L2-to-L3,158,96,1,1
L1L2-to-L3,158,98,1,1
L1L2-to-L3,158,107,1,1
L1L2-to-L3,158,112,1,1
L1L2-to-L3,158,114,1,1
L1L2-to-L3,158,116,1,1
L1L2-to-L3,158,123,1,1
L1L2-to-L3,158,126,1,1
L1L2-to-L3,158,128,1,1
L1L2-to-L3,158,131,1,1
L1L2-to-L3,158,133,1,1
L1L2-to-L3,158,137,1,1
L1L2-to-L3,158,140,1,1
L1L2-to-L3,158,144,1,1
L1L2-to-L3,158,147,1,1
L1L2-to-L3,158,148,1,1
L1L2-to-L3,158,150,1,1
L1L2-to-L3,158,158,1,1
L1L2-to-L3,158,159,1,1
L1L2-to-L3,158,161,1,1
L1L2-to-L3,158,164,1,1
L1L2-to-L3,158,166,1,1
L1L2-to-L3,158,171,1,1
L1L2-to-L3,158,179,1,1
L1L2-to-L3,158,180,1,1
L1L2-to-L3,158,181,1,1
L1L2-to-L3,158,185,1,1
L1L2-to-L3,158,186,1,1
L1L2-to-L3,158,187,1,1
L1L2-to-L3,158,190,1,1
L1L2-to-L3,158,191,1,1
L1L2-to-L3,158,192,1,1
L1L2-to-L3,158,193,1,1
L1L2-to-L3,158,194,1,1
L1L2-to-L3,158,196,1,1
L1L2-to-L3,158,199,1,1
L1L2-to-L3,158,204,1,1
L1L2-to-L3,158,209,1,1
L1L2-to-L3,158,211,1,1
L1L2-to-L3,158,213,1,1
L1L2-to-L3,158,214,1,1
L1L2-to-L3,158,217,1,1
L1L2-to-L3,158,221,1,1
L1L2-to-L3,158,222,1,1
L1L2-to-L3,158,223,1,1
L1L2-to-L3,158,226,1,1
L1L2-to-L3,158,227,1,1
L1L2-to-L3,158,228,1,1
L1L2-to-L3,158,229,1,1
L1L2-to-L3,158,237,1,1
L1L2-to-L3,158,238,1,1
L1L2-to-L3,158,241,1,1
L1L2-to-L3,158,242,1,1
L1L2-to-L3,158,247,1,1
L1L2-to-L3,158,249,1,1
L1L2-to-L3,158,251,1,1
L1L2-to-L3,158,254,1,1
L1L2-to-L3,159,7,1,1
L1L2-to-L3,159,8,1,1
L1L2-to-L3,159,12,1,1
L1L2-to-L3,159,21,1,1
L1L2-to-L3,159,23,1,1
L1L2-to-L3,159,25,1,1
L1L2-to-L3,159,26,1,1
L1L2-to-L3,159,27,1,1
L1L2-to-L3,159,28,1,1
L1L2-to-L3,159,29,1,1
L1L2-to-L3,159,30,1,1
L1L2-to-L3,159,34,1,1
L1L2-to-L3,159,35,1,1
L1L2-to-L3,159,36,1,1
L1L2-to-L3,159,37,1,1
L1L2-to-L3,159,40,1,1
L1L2-to-L3,159,49,1,1
L1L2-to-L3,159,53,1,1
L1L2-to-L3,159,57,1,1
L1L2-to-L3,159,58,1,1
L1L2-to-L3,159,77,1,1
L1L2-to-L3,159,79,1,1
L1L2-to-L3,159,83,1,1
L1L2-to-L3,159,90,1,1
L1L2-to-L3,159,97,1,1
L1L2-to-L3,159,99,1,1
L1L2-to-L3,159,100,1,1
L1L2-to-L3,159,101,1,1
L1L2-to-L3,159,103,1,1
L1L2-to-L3,159,109,1,1
L1L2-to-L3,159,111,1,1
L1L2-to-L3,159,114,1,1
L1L2-to-L3,159,115,1,1
L1L2-to-L3,159,120,1,1
L1L2-to-L3,159,121,1,1
L1L2-to-L3,159,129,1,1
L1L2-to-L3,159,132,1,1
L1L2-to-L3,159,144,1,1
L1L2-to-L3,159,147,1,1
L1L2-to-L3,159,149,1,1
L1L2-to-L3,159,150,1,1
L1L2-to-L3,159,152,1,1
L1L2-to-L3,159,157,1,1
L1L2-to-L3,159,165,1,1
L1L2-to-L3,159,168,1,1
L1L2-to-L3,159,169,1,1
L1L2-to-L3,159,174,1,1
L1L2-to-L3,159,175,1,1
L1L2-to-L3,159,176,1,1
L1L2-to-L3,159,177,1,1
L1L2-to-L3,159,181,1,1
L1L2-to-L3,159,182,1,1
L1L2-to-L3,159,183,1,1
L1L2-to-L3,159,187,1,1
L1L2-to-L3,159,190,1,1
L1L2-to-L3,159,191,1,1
L1L2-to-L3,159,194,1,1
L1L2-to-L3,159,196,1,1
L1L2-to-L3,159,197,1,1
L1L2-to-L3,159,199,1,1
L1L2-to-L3,159,204,1,1
L1L2-to-L3,159,208,1,1
L1L2-to-L3,159,209,1,1
L1L2-to-L3,159,212,1,1
L1L2-to-L3,159,223,1,1
L1L2-to-L3,159,226,1,1
L1L2-to-L3,159,229,1,1
L1L2-to-L3,159,231,1,1
L1L2-to-L3,159,232,1,1
L1L2-to-L3,159,238,1,1
L1L2-to-L3,159,240,1,1
L1L2-to-L3,159,241,1,1
L1L2-to-L3,159,247,1,1
L1L2-to-L3,159,249,1,1
L1L2-to-L3,159,253,1,1
L1L2-to-L3,160,0,1,1
L1L2-to-L3,160,6,1,1
L1L2-to-L3,160,8,1,1
L1L2-to-L3,160,13,1,1
L1L2-to-L3,160,19,1,1
L1L2-to-L3,160,20,1,1
L1L2-to-L3,160,24,1,1
L1L2-to-L3,160,26,1,1
L1L2-to-L3,160,28,1,1
L1L2-to-L3,160,29,1,1
L1L2-to-L3,160,33,1,1
L1L2-to-L3,160,34,1,1
L1L2-to-L3,160,37,1,1
L1L2-to-L3,160,41,1,1
L1L2-to-L3,160,42,1,1
L1L2-to-L3,160,46,1,1
L1L2-to-L3,160,47,1,1
L1L2-to-L3,160,49,1,1
L1L2-to-L3,160,51,1,1
L1L2-to-L3,160,53,1,1
L1L2-to-L3,160,54,1,1
L1L2-to-L3,160,58,1,1
L1L2-to-L3,160,60,1,1
L1L2-to-L3,160,66,1,1
L1L2-to-L3,160,67,1,1
L1L2-to-L3,160,69,1,1
L1L2-to-L3,160,70,1,1
L1L2-to-L3,160,72,1,1
L1L2-to-L3,160,81,1,1
L1L2-to-L3,160,83,1,1
L1L2-to-L3,160,84,1,1
L1L2-to-L3,160,85,1,1
L1L2-to-L3,160,87,1,1
L1L2-to-L3,160,88,1,1
L1L2-to-L3,160,89,1,1
L1L2-to-L3,160,90,1,1
L1L2-to-L3,160,93,1,1
L1L2-to-L3,160,95,1,1
L1L2-to-L3,160,97,1,1
L1L2-to-L3,160,103,1,1
L1L2-to-L3,160,107,1,1
L1L2-to-L3,160,111,1,1
L1L2-to-L3,160,112,1,1
L1L2-to-L3,160,113,1,1
L1L2-to-L3,160,116,1,1
L1L2-to-L3,160,118,1,1
L1L2-to-L3,160,120,1,1
L1L2-to-L3,160,123,1,1
L1L2-to-L3,160,124,1,1
L1L2-to-L3,160,125,1,1
L1L2-to-L3,160,126,1,1
L1L2-to-L3,160,128,1,1
L1L2-to-L3,160,131,1,1
L1L2-to-L3,160,132,1,1
L1L2-to-L3,160,133,1,1
L1L2-to-L3,160,135,1,1
L1L2-to-L3,160,136,1,1
L1L2-to-L3,160,138,1,1
L1L2-to-L3,160,139,1,1
L1L2-to-L3,160,145,1,1
L1L2-to-L3,160,149,1,1
L1L2-to-L3,160,154,1,1
L1L2-to-L3,160,156,1,1
L1L2-to-L3,160,157,1,1
L1L2-to-L3,160,160,1,1
L1L2-to-L3,160,161,1,1
L1L2-to-L3,160,163,1,1
L1L2-to-L3,160,165,1,1
L1L2-to-L3,160,166,1,1
L1L2-to-L3,160,171,1,1
L1L2-to-L3,160,173,1,1
L1L2-to-L3,160,175,1,1
L1L2-to-L3,160,177,1,1
L1L2-to-L3,160,178,1,1
L1L2-to-L3,160,179,1,1
L1L2-to-L3,160,182,1,1
L1L2-to-L3,160,184,1,1
L1L2-to-L3,160,188,1,1
L1L2-to-L3,160,189,1,1
L1L2-to-L3,160,191,1,1
L1L2-to-L3,160,192,1,1
L1L2-to-L3,160,193,1,1
L1L2-to-L3,160,196,1,1
L1L2-to-L3,160,198,1,1
L1L2-to-L3,160,199,1,1
L1L2-to-L3,160,200,1,1
L1L2-to-L3,160,202,1,1
L1L2-to-L3,160,206,1,1
L1L2-to-L3,160,208,1,1
L1L2-to-L3,160,209,1,1
L1L2-to-L3,160,211,1,1
L1L2-to-L3,160,212,1,1
L1L2-to-L3,160,214,1,1
L1L2-to-L3,160,216,1,1
L1L2-to-L3,160,220,1,1
L1L2-to-L3,160,221,1,1
L1L2-to-L3,160,222,1,1
L1L2-to-L3,160,223,1,1
L1L2-to-L3,160,231,1,1
L1L2-to-L3,160,236,1,1
L1L2-to-L3,160,237,1,1
L1L2-to-L3,160,241,1,1
L1L2-to-L3,160,242,1,1
L1L2-to-L3,160,246,1,1
L1L2-to-L3,160,253,1,1
L1L2-to-L3,160,254,1,1
L1L2-to-L3,160,255,1,1
L1L2-to-L3,161,0,1,1
L1L2-to-L3,161,1,1,1
L1L2-to-L3,161,2,1,1
L1L2-to-L3,161,7,1,1
L1L2-to-L3,161,9,1,1
L1L2-to-L3,161,10,1,1
L1L2-to-L3,161,15,1,1
L1L2-to-L3,161,16,1,1
L1L2-to-L3,161,17,1,1
L1L2-to-L3,161,19,1,1
L1L2-to-L3,161,20,1,1
L1L2-to-L3,161,21,1,1
L1L2-to-L3,161,26,1,1
L1L2-to-L3,161,30,1,1
L1L2-to-L3,161,32,1,1
L1L2-to-L3,161,34,1,1
L1L2-to-L3,161,35,1,1
L1L2-to-L3,161,49,1,1
L1L2-to-L3,161,53,1,1
L1L2-to-L3,161,54,1,1
L1L2-to-L3,161,56,1,1
L1L2-to-L3,161,58,1,1
L1L2-to-L3,161,64,1,1
L1L2-to-L3,161,81,1,1
L1L2-to-L3,161,87,1,1
L1L2-to-L3,161,89,1,1
L1L2-to-L3,161,90,1,1
L1L2-to-L3,161,96,1,1
L1L2-to-L3,161,97,1,1
L1L2-to-L3,161,100,1,1
L1L2-to-L3,161,105,1,1
L1L2-to-L3,161,107,1,1
L1L2-to-L3,161,108,1,1
L1L2-to-L3,161,110,1,1
L1L2-to-L3,161,111,1,1
L1L2-to-L3,161,117,1,1
L1L2-to-L3,161,118,1,1
L1L2-to-L3,161,120,1,1
L1L2-to-L3,161,121,1,1
L1L2-to-L3,161,122,1,1
L1L2-to-L3,161,123,1,1
L1L2-to-L3,161,124,1,1
L1L2-to-L3,161,129,1,1
L1L2-to-L3,161,130,1,1
L1L2-to-L3,161,131,1,1
L1L2-to-L3,161,132,1,1
L1L2-to-L3,161,136,1,1
L1L2-to-L3,161,145,1,1
L1L2-to-L3,161,146,1,1
L1L2-to-L3,161,148,1,1
L1L2-to-L3,161,149,1,1
L1L2-to-L3,161,152,1,1
L1L2-to-L3,161,155,1,1
L1L2-to-L3,161,156,1,1
L1L2-to-L3,161,158,1,1
L1L2-to-L3,161,160,1,1
L1L2-to-L3,161,161,1,1
L1L2-to-L3,161,163,1,1
L1L2-to-L3,161,164,1,1
L1L2-to-L3,161,167,1,1
L1L2-to-L3,161,169,1,1
L1L2-to-L3,161,171,1,1
L1L2-to-L3,161,173,1,1
L1L2-to-L3,161,175,1,1
L1L2-to-L3,161,177,1,1
L1L2-to-L3,161,178,1,1
L1L2-to-L3,161,181,1,1
L1L2-to-L3,161,184,1,1
L1L2-to-L3,161,187,1,1
L1L2-to-L3,161,188,1,1
L1L2-to-L3,161,190,1,1
L1L2-to-L3,161,191,1,1
L1L2-to-L3,161,200,1,1
L1L2-to-L3,161,201,1,1
L1L2-to-L3,161,202,1,1
L1L2-to-L3,161,204,1,1
L1L2-to-L3,161,205,1,1
L1L2-to-L3,161,206,1,1
L1L2-to-L3,161,207,1,1
L1L2-to-L3,161,208,1,1
L1L2-to-L3,161,209,1,1
L1L2-to-L3,161,212,1,1
L1L2-to-L3,161,213,1,1
L1L2-to-L3,161,214,1,1
L1L2-to-L3,161,215,1,1
L1L2-to-L3,161,216,1,1
L1L2-to-L3,161,218,1,1
L1L2-to-L3,161,219,1,1
L1L2-to-L3,161,221,1,1
L1L2-to-L3,161,222,1,1
L1L2-to-L3,161,228,1,1
L1L2-to-L3,161,231,1,1
L1L2-to-L3,161,233,1,1
L1L2-to-L3,161,234,1,1
L1L2-to-L3,161,239,1,1
L1L2-to-L3,161,242,1,1
L1L2-to-L3,161,245,1,1
L1L2-to-L3,161,246,1,1
L1L2-to-L3,161,249,1,1
L1L2-to-L3,161,250,1,1
L1L2-to-L3,161,251,1,1
L1L2-to-L3,161,252,1,1
L1L2-to-L3,162,2,1,1
L1L2-to-L3,162,5,1,1
L1L2-to-L3,162,8,1,1
L1L2-to-L3,162,12,1,1
L1L2-to-L3,162,21,1,1
L1L2-to-L3,162,32,1,1
L1L2-to-L3,162,35,1,1
L1L2-to-L3,162,39,1,1
L1L2-to-L3,162,43,1,1
L1L2-to-L3,162,47,1,1
L1L2-to-L3,162,51,1,1
L1L2-to-L3,162,53,1,1
L1L2-to-L3,162,55,1,1
L1L2-to-L3,162,56,1,1
L1L2-to-L3,162,57,1,1
L1L2-to-L3,162,58,1,1
L1L2-to-L3,162,60,1,1
L1L2-to-L3,162,62,1,1
L1L2-to-L3,162,63,1,1
L1L2-to-L3,162,76,1,1
L1L2-to-L3,162,78,1,1
L1L2-to-L3,162,81,1,1
L1L2-to-L3,162,85,1,1
L1L2-to-L3,162,86,1,1
L1L2-to-L3,162,87,1,1
L1L2-to-L3,162,88,1,1
L1L2-to-L3,162,90,1,1
L1L2-to-L3,162,91,1,1
L1L2-to-L3,162,97,1,1
L1L2-to-L3,162,102,1,1
L1L2-to-L3,162,104,1,1
L1L2-to-L3,162,106,1,1
L1L2-to-L3,162,107,1,1
L1L2-to-L3,162,112,1,1
L1L2-to-L3,162,113,1,1
L1L2-to-L3,162,118,1,1
L1L2-to-L3,162,122,1,1
L1L2-to-L3,162,123,1,1
L1L2-to-L3,162,124,1,1
L1L2-to-L3,162,125,1,1
L1L2-to-L3,162,132,1,1
L1L2-to-L3,162,133,1,1
L1L2-to-L3,162,138,1,1
L1L2-to-L3,162,143,1,1
L1L2-to-L3,162,144,1,1
L1L2-to-L3,162,146,1,1
L1L2-to-L3,162,147,1,1
L1L2-to-L3,162,148,1,1
L1L2-to-L3,162,150,1,1
L1L2-to-L3,162,157,1,1
L1L2-to-L3,162,158,1,1
L1L2-to-L3,162,163,1,1
L1L2-to-L3,162,166,1,1
L1L2-to-L3,162,168,1,1
L1L2-to-L3,162,169,1,1
L1L2-to-L3,162,171,1,1
L1L2-to-L3,162,173,1,1
L1L2-to-L3,162,174,1,1
L1L2-to-L3,162,176,1,1
L1L2-to-L3,162,181,1,1
L1L2-to-L3,162,182,1,1
L1L2-to-L3,162,186,1,1
L1L2-to-L3,162,187,1,1
L1L2-to-L3,162,188,1,1
L1L2-to-L3,162,195,1,1
L1L2-to-L3,162,197,1,1
L1L2-to-L3,162,198,1,1
L1L2-to-L3,162,199,1,1
L1L2-to-L3,162,201,1,1
L1L2-to-L3,162,206,1,1
L1L2-to-L3,162,207,1,1
L1L2-to-L3,162,209,1,1
L1L2-to-L3,162,212,1,1
L1L2-to-L3,162,213,1,1
L1L2-to-L3,162,215,1,1
L1L2-to-L3,162,221,1,1
L1L2-to-L3,162,223,1,1
L1L2-to-L3,162,226,1,1
L1L2-to-L3,162,230,1,1
L1L2-to-L3,162,231,1,1
L1L2-to-L3,162,232,1,1
L1L2-to-L3,162,235,1,1
L1L2-to-L3,162,238,1,1
L1L2-to-L3,162,241,1,1
L1L2-to-L3,162,244,1,1
L1L2-to-L3,162,249,1,1
L1L2-to-L3,162,252,1,1
L1L2-to-L3,162,253,1,1
L1L2-to-L3,163,0,1,1
L1L2-to-L3,163,1,1,1
L1L2-to-L3,163,2,1,1
L1L2-to-L3,163,3,1,1
L1L2-to-L3,163,4,1,1
L1L2-to-L3,163,5,1,1
L1L2-to-L3,163,6,1,1
L1L2-to-L3,163,7,1,1
L1L2-to-L3,163,8,1,1
L1L2-to-L3,163,9,1,1
L1L2-to-L3,163,13,1,1
L1L2-to-L3,163,16,1,1
L1L2-to-L3,163,17,1,1
L1L2-to-L3,163,19,1,1
L1L2-to-L3,163,24,1,1
L1L2-to-L3,163,30,1,1
L1L2-to-L3,163,34,1,1
L1L2-to-L3,163,35,1,1
L1L2-to-L3,163,42,1,1
L1L2-to-L3,163,43,1,1
L1L2-to-L3,163,47,1,1
L1L2-to-L3,163,48,1,1
L1L2-to-L3,163,49,1,1
L1L2-to-L3,163,51,1,1
L1L2-to-L3,163,52,1,1
L1L2-to-L3,163,56,1,1
L1L2-to-L3,163,65,1,1
L1L2-to-L3,163,67,1,1
L1L2-to-L3,163,69,1,1
L1L2-to-L3,163,70,1,1
L1L2-to-L3,163,71,1,1
L1L2-to-L3,163,73,1,1
L1L2-to-L3,163,74,1,1
L1L2-to-L3,163,75,1,1
L1L2-to-L3,163,76,1,1
L1L2-to-L3,163,78,1,1
L1L2-to-L3,163,79,1,1
L1L2-to-L3,163,82,1,1
L1L2-to-L3,163,83,1,1
L1L2-to-L3,163,89,1,1
L1L2-to-L3,163,91,1,1
L1L2-to-L3,163,94,1,1
L1L2-to-L3,163,95,1,1
L1L2-to-L3,163,100,1,1
L1L2-to-L3,163,103,1,1
L1L2-to-L3,163,104,1,1
L1L2-to-L3,163,105,1,1
L1L2-to-L3,163,110,1,1
L1L2-to-L3,163,111,1,1
L1L2-to-L3,163,112,1,1
L1L2-to-L3,163,115,1,1
L1L2-to-L3,163,117,1,1
L1L2-to-L3,163,120,1,1
L1L2-to-L3,163,121,1,1
L1L2-to-L3,163,125,1,1
L1L2-to-L3,163,133,1,1
L1L2-to-L3,163,134,1,1
L1L2-to-L3,163,137,1,1
L1L2-to-L3,163,138,1,1
L1L2-to-L3,163,142,1,1
L1L2-to-L3,163,143,1,1
L1L2-to-L3,163,145,1,1
L1L2-to-L3,163,148,1,1
L1L2-to-L3,163,151,1,1
L1L2-to-L3,163,157,1,1
L1L2-to-L3,163,159,1,1
L1L2-to-L3,163,160,1,1
L1L2-to-L3,163,161,1,1
L1L2-to-L3,163,162,1,1
L1L2-to-L3,163,164,1,1
L1L2-to-L3,163,165,1,1
L1L2-to-L3,163,171,1,1
L1L2-to-L3,163,172,1,1
L1L2-to-L3,163,174,1,1
L1L2-to-L3,163,175,1,1
L1L2-to-L3,163,176,1,1
L1L2-to-L3,163,177,1,1
L1L2-to-L3,163,178,1,1
L1L2-to-L3,163,179,1,1
L1L2-to-L3,163,180,1,1
L1L2-to-L3,163,181,1,1
L1L2-to-L3,163,182,1,1
L1L2-to-L3,163,186,1,1
L1L2-to-L3,163,190,1,1
L1L2-to-L3,163,191,1,1
L1L2-to-L3,163,192,1,1
L1L2-to-L3,163,193,1,1
L1L2-to-L3,163,194,1,1
L1L2-to-L3,163,196,1,1
L1L2-to-L3,163,198,1,1
L1L2-to-L3,163,203,1,1
L1L2-to-L3,163,204,1,1
L1L2-to-L3,163,206,1,1
L1L2-to-L3,163,207,1,1
L1L2-to-L3,163,208,1,1
L1L2-to-L3,163,210,1,1
L1L2-to-L3,163,212,1,1
L1L2-to-L3,163,213,1,1
L1L2-to-L3,163,216,1,1
L1L2-to-L3,163,220,1,1
L1L2-to-L3,163,221,1,1
L1L2-to-L3,163,222,1,1
L1L2-to-L3,163,225,1,1
L1L2-to-L3,163,226,1,1
L1L2-to-L3,163,228,1,1
L1L2-to-L3,163,229,1,1
L1L2-to-L3,163,230,1,1
L1L2-to-L3,163,231,1,1
L1L2-to-L3,163,233,1,1
L1L2-to-L3,163,234,1,1
L1L2-to-L3,163,235,1,1
L1L2-to-L3,163,238,1,1
L1L2-to-L3,163,244,1,1
L1L2-to-L3,163,248,1,1
L1L2-to-L3,163,249,1,1
L1L2-to-L3,163,250,1,1
L1L2-to-L3,163,251,1,1
L1L2-to-L3,163,253,1,1
L1L2-to-L3,164,1,1,1
L1L2-to-L3,164,4,1,1
L1L2-to-L3,164,5,1,1
L1L2-to-L3,164,8,1,1
L1L2-to-L3,164,13,1,1
L1L2-to-L3,164,14,1,1
L1L2-to-L3,164,17,1,1
L1L2-to-L3,164,19,1,1
L1L2-to-L3,164,20,1,1
L1L2-to-L3,164,21,1,1
L1L2-to-L3,164,29,1,1
L1L2-to-L3,164,35,1,1
L1L2-to-L3,164,36,1,1
L1L2-to-L3,164,38,1,1
L1L2-to-L3,164,41,1,1
L1L2-to-L3,164,50,1,1
L1L2-to-L3,164,56,1,1
L1L2-to-L3,164,61,1,1
L1L2-to-L3,164,62,1,1
L1L2-to-L3,164,72,1,1
L1L2-to-L3,164,75,1,1
L1L2-to-L3,164,76,1,1
L1L2-to-L3,164,80,1,1
L1L2-to-L3,164,81,1,1
L1L2-to-L3,164,95,1,1
L1L2-to-L3,164,97,1,1
L1L2-to-L3,164,99,1,1
L1L2-to-L3,164,102,1,1
L1L2-to-L3,164,108,1,1
L1L2-to-L3,164,110,1,1
L1L2-to-L3,164,111,1,1
L1L2-to-L3,164,119,1,1
L1L2-to-L3,164,121,1,1
L1L2-to-L3,164,124,1,1
L1L2-to-L3,164,128,1,1
L1L2-to-L3,164,129,1,1
L1L2-to-L3,164,143,1,1
L1L2-to-L3,164,145,1,1
L1L2-to-L3,164,149,1,1
L1L2-to-L3,164,151,1,1
L1L2-to-L3,164,154,1,1
L1L2-to-L3,164,160,1,1
L1L2-to-L3,164,166,1,1
L1L2-to-L3,164,169,1,1
L1L2-to-L3,164,172,1,1
L1L2-to-L3,164,173,1,1
L1L2-to-L3,164,176,1,1
L1L2-to-L3,164,178,1,1
L1L2-to-L3,164,179,1,1
L1L2-to-L3,164,180,1,1
L1L2-to-L3,164,181,1,1
L1L2-to-L3,164,182,1,1
L1L2-to-L3,164,183,1,1
L1L2-to-L3,164,193,1,1
L1L2-to-L3,164,195,1,1
L1L2-to-L3,164,196,1,1
L1L2-to-L3,164,197,1,1
L1L2-to-L3,164,199,1,1
L1L2-to-L3,164,200,1,1
L1L2-to-L3,164,204,1,1
L1L2-to-L3,164,208,1,1
L1L2-to-L3,164,210,1,1
L1L2-to-L3,164,211,1,1
L1L2-to-L3,164,212,1,1
L1L2-to-L3,164,215,1,1
L1L2-to-L3,164,217,1,1
L1L2-to-L3,164,219,1,1
L1L2-to-L3,164,220,1,1
L1L2-to-L3,164,221,1,1
L1L2-to-L3,164,225,1,1
L1L2-to-L3,164,226,1,1
L1L2-to-L3,164,227,1,1
L1L2-to-L3,164,228,1,1
L1L2-to-L3,164,231,1,1
L1L2-to-L3,164,233,1,1
L1L2-to-L3,164,236,1,1
L1L2-to-L3,164,237,1,1
L1L2-to-L3,164,242,1,1
L1L2-to-L3,164,247,1,1
L1L2-to-L3,164,248,1,1
L1L2-to-L3,164,249,1,1
L1L2-to-L3,164,252,1,1
L1L2-to-L3,164,253,1,1
L1L2-to-L3,164,254,1,1
L1L2-to-L3,164,255,1,1
L1L2-to-L3,165,0,1,1
L1L2-to-L3,165,3,1,1
L1L2-to-L3,165,4,1,1
L1L2-to-L3,165,5,1,1
L1L2-to-L3,165,10,1,1
L1L2-to-L3,165,14,1,1
L1L2-to-L3,165,19,1,1
L1L2-to-L3,165,21,1,1
L1L2-to-L3,165,22,1,1
L1L2-to-L3,165,24,1,1
L1L2-to-L3,165,26,1,1
L1L2-to-L3,165,37,1,1
L1L2-to-L3,165,41,1,1
L1L2-to-L3,165,42,1,1
L1L2-to-L3,165,47,1,1
L1L2-to-L3,165,48,1,1
L1L2-to-L3,165,49,1,1
L1L2-to-L3,165,50,1,1
L1L2-to-L3,165,52,1,1
L1L2-to-L3,165,54,1,1
L1L2-to-L3,165,56,1,1
L1L2-to-L3,165,71,1,1
L1L2-to-L3,165,73,1,1
L1L2-to-L3,165,74,1,1
L1L2-to-L3,165,78,1,1
L1L2-to-L3,165,80,1,1
L1L2-to-L3,165,84,1,1
L1L2-to-L3,165,90,1,1
L1L2-to-L3,165,95,1,1
L1L2-to-L3,165,98,1,1
L1L2-to-L3,165,99,1,1
L1L2-to-L3,165,100,1,1
L1L2-to-L3,165,101,1,1
L1L2-to-L3,165,108,1,1
L1L2-to-L3,165,110,1,1
L1L2-to-L3,165,113,1,1
L1L2-to-L3,165,114,1,1
L1L2-to-L3,165,115,1,1
L1L2-to-L3,165,117,1,1
L1L2-to-L3,165,125,1,1
L1L2-to-L3,165,127,1,1
L1L2-to-L3,165,128,1,1
L1L2-to-L3,165,129,1,1
L1L2-to-L3,165,131,1,1
L1L2-to-L3,165,132,1,1
L1L2-to-L3,165,134,1,1
L1L2-to-L3,165,138,1,1
L1L2-to-L3,165,143,1,1
L1L2-to-L3,165,144,1,1
L1L2-to-L3,165,147,1,1
L1L2-to-L3,165,148,1,1
L1L2-to-L3,165,149,1,1
L1L2-to-L3,165,153,1,1
L1L2-to-L3,165,155,1,1
L1L2-to-L3,165,156,1,1
L1L2-to-L3,165,158,1,1
L1L2-to-L3,165,160,1,1
L1L2-to-L3,165,165,1,1
L1L2-to-L3,165,167,1,1
L1L2-to-L3,165,168,1,1
L1L2-to-L3,165,170,1,1
L1L2-to-L3,165,171,1,1
L1L2-to-L3,165,173,1,1
L1L2-to-L3,165,175,1,1
L1L2-to-L3,165,177,1,1
L1L2-to-L3,165,178,1,1
L1L2-to-L3,165,179,1,1
L1L2-to-L3,165,180,1,1
L1L2-to-L3,165,181,1,1
L1L2-to-L3,165,182,1,1
L1L2-to-L3,165,184,1,1
L1L2-to-L3,165,186,1,1
L1L2-to-L3,165,188,1,1
L1L2-to-L3,165,191,1,1
L1L2-to-L3,165,192,1,1
L1L2-to-L3,165,196,1,1
L1L2-to-L3,165,197,1,1
L1L2-to-L3,165,200,1,1
L1L2-to-L3,165,201,1,1
L1L2-to-L3,165,204,1,1
L1L2-to-L3,165,205,1,1
L1L2-to-L3,165,208,1,1
L1L2-to-L3,165,209,1,1
L1L2-to-L3,165,210,1,1
L1L2-to-L3,165,213,1,1
L1L2-to-L3,165,215,1,1
L1L2-to-L3,165,217,1,1
L1L2-to-L3,165,220,1,1
L1L2-to-L3,165,221,1,1
L1L2-to-L3,165,222,1,1
L1L2-to-L3,165,223,1,1
L1L2-to-L3,165,227,1,1
L1L2-to-L3,165,228,1,1
L1L2-to-L3,165,231,1,1
L1L2-to-L3,165,232,1,1
L1L2-to-L3,165,233,1,1
L1L2-to-L3,165,236,1,1
L1L2-to-L3,165,238,1,1
L1L2-to-L3,165,243,1,1
L1L2-to-L3,165,245,1,1
L1L2-to-L3,165,246,1,1
L1L2-to-L3,165,250,1,1
L1L2-to-L3,165,253,1,1
L1L2-to-L3,165,254,1,1
L1L2-to-L3,166,0,1,1
L1L2-to-L3,166,5,1,1
L1L2-to-L3,166,12,1,1
L1L2-to-L3,166,13,1,1
L1L2-to-L3,166,14,1,1
L1L2-to-L3,166,21,1,1
L1L2-to-L3,166,23,1,1
L1L2-to-L3,166,24,1,1
L1L2-to-L3,166,25,1,1
L1L2-to-L3,166,29,1,1
L1L2-to-L3,166,30,1,1
L1L2-to-L3,166,31,1,1
L1L2-to-L3,166,32,1,1
L1L2-to-L3,166,36,1,1
L1L2-to-L3,166,37,1,1
L1L2-to-L3,166,40,1,1
L1L2-to-L3,166,46,1,1
L1L2-to-L3,166,51,1,1
L1L2-to-L3,166,52,1,1
L1L2-to-L3,166,54,1,1
L1L2-to-L3,166,57,1,1
L1L2-to-L3,166,64,1,1
L1L2-to-L3,166,66,1,1
L1L2-to-L3,166,70,1,1
L1L2-to-L3,166,73,1,1
L1L2-to-L3,166,75,1,1
L1L2-to-L3,166,76,1,1
L1L2-to-L3,166,77,1,1
L1L2-to-L3,166,84,1,1
L1L2-to-L3,166,86,1,1
L1L2-to-L3,166,95,1,1
L1L2-to-L3,166,97,1,1
L1L2-to-L3,166,99,1,1
L1L2-to-L3,166,100,1,1
L1L2-to-L3,166,101,1,1
L1L2-to-L3,166,102,1,1
L1L2-to-L3,166,110,1,1
L1L2-to-L3,166,114,1,1
L1L2-to-L3,166,116,1,1
L1L2-to-L3,166,117,1,1
L1L2-to-L3,166,119,1,1
L1L2-to-L3,166,127,1,1
L1L2-to-L3,166,128,1,1
L1L2-to-L3,166,129,1,1
L1L2-to-L3,166,130,1,1
L1L2-to-L3,166,132,1,1
L1L2-to-L3,166,138,1,1
L1L2-to-L3,166,143,1,1
L1L2-to-L3,166,147,1,1
L1L2-to-L3,166,149,1,1
L1L2-to-L3,166,153,1,1
L1L2-to-L3,166,156,1,1
L1L2-to-L3,166,157,1,1
L1L2-to-L3,166,158,1,1
L1L2-to-L3,166,159,1,1
L1L2-to-L3,166,161,1,1
L1L2-to-L3,166,163,1,1
L1L2-to-L3,166,165,1,1
L1L2-to-L3,166,166,1,1
L1L2-to-L3,166,169,1,1
L1L2-to-L3,166,172,1,1
L1L2-to-L3,166,178,1,1
L1L2-to-L3,166,179,1,1
L1L2-to-L3,166,181,1,1
L1L2-to-L3,166,186,1,1
L1L2-to-L3,166,187,1,1
L1L2-to-L3,166,192,1,1
L1L2-to-L3,166,193,1,1
L1L2-to-L3,166,195,1,1
L1L2-to-L3,166,198,1,1
L1L2-to-L3,166,199,1,1
L1L2-to-L3,166,200,1,1
L1L2-to-L3,166,201,1,1
L1L2-to-L3,166,207,1,1
L1L2-to-L3,166,208,1,1
L1L2-to-L3,166,210,1,1
L1L2-to-L3,166,211,1,1
L1L2-to-L3,166,213,1,1
L1L2-to-L3,166,214,1,1
L1L2-to-L3,166,215,1,1
L1L2-to-L3,166,217,1,1
L1L2-to-L3,166,218,1,1
L1L2-to-L3,166,221,1,1
L1L2-to-L3,166,222,1,1
L1L2-to-L3,166,223,1,1
L1L2-to-L3,166,225,1,1
L1L2-to-L3,166,229,1,1
L1L2-to-L3,166,230,1,1
L1L2-to-L3,166,231,1,1
L1L2-to-L3,166,232,1,1
L1L2-to-L3,166,234,1,1
L1L2-to-L3,166,235,1,1
L1L2-to-L3,166,238,1,1
L1L2-to-L3,166,241,1,1
L1L2-to-L3,166,243,1,1
L1L2-to-L3,166,244,1,1
L1L2-to-L3,166,245,1,1
L1L2-to-L3,166,248,1,1
L1L2-to-L3,166,250,1,1
L1L2-to-L3,166,251,1,1
L1L2-to-L3,166,252,1,1
L1L2-to-L3,167,4,1,1
L1L2-to-L3,167,5,1,1
L1L2-to-L3,167,7,1,1
L1L2-to-L3,167,16,1,1
L1L2-to-L3,167,17,1,1
L1L2-to-L3,167,21,1,1
L1L2-to-L3,167,24,1,1
L1L2-to-L3,167,34,1,1
L1L2-to-L3,167,35,1,1
L1L2-to-L3,167,38,1,1
L1L2-to-L3,167,41,1,1
L1L2-to-L3,167,49,1,1
L1L2-to-L3,167,53,1,1
L1L2-to-L3,167,56,1,1
L1L2-to-L3,167,57,1,1
L1L2-to-L3,167,58,1,1
L1L2-to-L3,167,59,1,1
L1L2-to-L3,167,62,1,1
L1L2-to-L3,167,63,1,1
L1L2-to-L3,167,66,1,1
L1L2-to-L3,167,68,1,1
L1L2-to-L3,167,69,1,1
L1L2-to-L3,167,70,1,1
L1L2-to-L3,167,71,1,1
L1L2-to-L3,167,73,1,1
L1L2-to-L3,167,75,1,1
L1L2-to-L3,167,76,1,1
L1L2-to-L3,167,86,1,1
L1L2-to-L3,167,91,1,1
L1L2-to-L3,167,99,1,1
L1L2-to-L3,167,100,1,1
L1L2-to-L3,167,101,1,1
L1L2-to-L3,167,102,1,1
L1L2-to-L3,167,103,1,1
L1L2-to-L3,167,106,1,1
L1L2-to-L3,167,110,1,1
L1L2-to-L3,167,111,1,1
L1L2-to-L3,167,112,1,1
L1L2-to-L3,167,116,1,1
L1L2-to-L3,167,118,1,1
L1L2-to-L3,167,123,1,1
L1L2-to-L3,167,127,1,1
L1L2-to-L3,167,128,1,1
L1L2-to-L3,167,130,1,1
L1L2-to-L3,167,139,1,1
L1L2-to-L3,167,140,1,1
L1L2-to-L3,167,144,1,1
L1L2-to-L3,167,145,1,1
L1L2-to-L3,167,146,1,1
L1L2-to-L3,167,150,1,1
L1L2-to-L3,167,151,1,1
L1L2-to-L3,167,152,1,1
L1L2-to-L3,167,155,1,1
L1L2-to-L3,167,165,1,1
L1L2-to-L3,167,166,1,1
L1L2-to-L3,167,168,1,1
L1L2-to-L3,167,171,1,1
L1L2-to-L3,167,172,1,1
L1L2-to-L3,167,174,1,1
L1L2-to-L3,167,178,1,1
L1L2-to-L3,167,182,1,1
L1L2-to-L3,167,185,1,1
L1L2-to-L3,167,186,1,1
L1L2-to-L3,167,188,1,1
L1L2-to-L3,167,190,1,1
L1L2-to-L3,167,191,1,1
L1L2-to-L3,167,192,1,1
L1L2-to-L3,167,194,1,1
L1L2-to-L3,167,203,1,1
L1L2-to-L3,167,204,1,1
L1L2-to-L3,167,205,1,1
L1L2-to-L3,167,211,1,1
L1L2-to-L3,167,213,1,1
L1L2-to-L3,167,216,1,1
L1L2-to-L3,167,218,1,1
L1L2-to-L3,167,223,1,1
L1L2-to-L3,167,229,1,1
L1L2-to-L3,167,232,1,1
L1L2-to-L3,167,240,1,1
L1L2-to-L3,167,241,1,1
L1L2-to-L3,167,242,1,1
L1L2-to-L3,167,243,1,1
L1L2-to-L3,167,246,1,1
L1L2-to-L3,167,252,1,1
L1L2-to-L3,167,254,1,1
L1L2-to-L3,168,6,1,1
L1L2-to-L3,168,10,1,1
L1L2-to-L3,168,19,1,1
L1L2-to-L3,168,20,1,1
L1L2-to-L3,168,22,1,1
L1L2-to-L3,168,28,1,1
L1L2-to-L3,168,29,1,1
L1L2-to-L3,168,30,1,1
L1L2-to-L3,168,32,1,1
L1L2-to-L3,168,37,1,1
L1L2-to-L3,168,39,1,1
L1L2-to-L3,168,45,1,1
L1L2-to-L3,168,47,1,1
L1L2-to-L3,168,48,1,1
L1L2-to-L3,168,52,1,1
L1L2-to-L3,168,55,1,1
L1L2-to-L3,168,63,1,1
L1L2-to-L3,168,74,1,1
L1L2-to-L3,168,77,1,1
L1L2-to-L3,168,81,1,1
L1L2-to-L3,168,86,1,1
L1L2-to-L3,168,87,1,1
L1L2-to-L3,168,93,1,1
L1L2-to-L3,168,95,1,1
L1L2-to-L3,168,97,1,1
L1L2-to-L3,168,99,1,1
L1L2-to-L3,168,100,1,1
L1L2-to-L3,168,102,1,1
L1L2-to-L3,168,103,1,1
L1L2-to-L3,168,104,1,1
L1L2-to-L3,168,105,1,1
L1L2-to-L3,168,106,1,1
L1L2-to-L3,168,110,1,1
L1L2-to-L3,168,111,1,1
L1L2-to-L3,168,113,1,1
L1L2-to-L3,168,114,1,1
L1L2-to-L3,168,115,1,1
L1L2-to-L3,168,116,1,1
L1L2-to-L3,168,117,1,1
L1L2-to-L3,168,119,1,1
L1L2-to-L3,168,120,1,1
L1L2-to-L3,168,121,1,1
L1L2-to-L3,168,124,1,1
L1L2-to-L3,168,126,1,1
L1L2-to-L3,168,130,1,1
L1L2-to-L3,168,132,1,1
L1L2-to-L3,168,134,1,1
L1L2-to-L3,168,137,1,1
L1L2-to-L3,168,143,1,1
L1L2-to-L3,168,145,1,1
L1L2-to-L3,168,149,1,1
L1L2-to-L3,168,155,1,1
L1L2-to-L3,168,156,1,1
L1L2-to-L3,168,159,1,1
L1L2-to-L3,168,167,1,1
L1L2-to-L3,168,168,1,1
L1L2-to-L3,168,169,1,1
L1L2-to-L3,168,170,1,1
L1L2-to-L3,168,173,1,1
L1L2-to-L3,168,174,1,1
L1L2-to-L3,168,176,1,1
L1L2-to-L3,168,178,1,1
L1L2-to-L3,168,180,1,1
L1L2-to-L3,168,184,1,1
L1L2-to-L3,168,186,1,1
L1L2-to-L3,168,188,1,1
L1L2-to-L3,168,190,1,1
L1L2-to-L3,168,191,1,1
L1L2-to-L3,168,196,1,1
L1L2-to-L3,168,197,1,1
L1L2-to-L3,168,199,1,1
L1L2-to-L3,168,200,1,1
L1L2-to-L3,168,201,1,1
L1L2-to-L3,168,202,1,1
L1L2-to-L3,168,203,1,1
L1L2-to-L3,168,208,1,1
L1L2-to-L3,168,213,1,1
L1L2-to-L3,168,217,1,1
L1L2-to-L3,168,218,1,1
L1L2-to-L3,168,221,1,1
L1L2-to-L3,168,224,1,1
L1L2-to-L3,168,225,1,1
L1L2-to-L3,168,227,1,1
L1L2-to-L3,168,228,1,1
L1L2-to-L3,168,230,1,1
L1L2-to-L3,168,231,1,1
L1L2-to-L3,168,234,1,1
L1L2-to-L3,168,235,1,1
L1L2-to-L3,168,243,1,1
L1L2-to-L3,168,245,1,1
L1L2-to-L3,168,246,1,1
L1L2-to-L3,168,247,1,1
L1L2-to-L3,168,251,1,1
L1L2-to-L3,168,252,1,1
L1L2-to-L3,168,253,1,1
L1L2-to-L3,168,254,1,1
L1L2-to-L3,169,1,1,1
L1L2-to-L3,169,6,1,1
L1L2-to-L3,169,7,1,1
L1L2-to-L3,169,9,1,1
L1L2-to-L3,169,11,1,1
L1L2-to-L3,169,14,1,1
L1L2-to-L3,169,18,1,1
L1L2-to-L3,169,28,1,1
L1L2-to-L3,169,33,1,1
L1L2-to-L3,169,39,1,1
L1L2-to-L3,169,44,1,1
L1L2-to-L3,169,46,1,1
L1L2-to-L3,169,50,1,1
L1L2-to-L3,169,51,1,1
L1L2-to-L3,169,52,1,1
L1L2-to-L3,169,54,1,1
L1L2-to-L3,169,63,1,1
L1L2-to-L3,169,65,1,1
L1L2-to-L3,169,67,1,1
L1L2-to-L3,169,68,1,1
L1L2-to-L3,169,74,1,1
L1L2-to-L3,169,79,1,1
L1L2-to-L3,169,85,1,1
L1L2-to-L3,169,90,1,1
L1L2-to-L3,169,95,1,1
L1L2-to-L3,169,104,1,1
L1L2-to-L3,169,110,1,1
L1L2-to-L3,169,111,1,1
L1L2-to-L3,169,112,1,1
L1L2-to-L3,169,113,1,1
L1L2-to-L3,169,116,1,1
L1L2-to-L3,169,119,1,1
L1L2-to-L3,169,123,1,1
L1L2-to-L3,169,125,1,1
L1L2-to-L3,169,128,1,1
L1L2-to-L3,169,132,1,1
L1L2-to-L3,169,133,1,1
L1L2-to-L3,169,134,1,1
L1L2-to-L3,169,137,1,1
L1L2-to-L3,169,139,1,1
L1L2-to-L3,169,146,1,1
L1L2-to-L3,169,158,1,1
L1L2-to-L3,169,160,1,1
L1L2-to-L3,169,162,1,1
L1L2-to-L3,169,164,1,1
L1L2-to-L3,169,169,1,1
L1L2-to-L3,169,170,1,1
L1L2-to-L3,169,172,1,1
L1L2-to-L3,169,173,1,1
L1L2-to-L3,169,177,1,1
L1L2-to-L3,169,183,1,1
L1L2-to-L3,169,186,1,1
L1L2-to-L3,169,187,1,1
L1L2-to-L3,169,203,1,1
L1L2-to-L3,169,208,1,1
L1L2-to-L3,169,210,1,1
L1L2-to-L3,169,211,1,1
L1L2-to-L3,169,212,1,1
L1L2-to-L3,169,218,1,1
L1L2-to-L3,169,221,1,1
L1L2-to-L3,169,223,1,1
L1L2-to-L3,169,224,1,1
L1L2-to-L3,169,226,1,1
L1L2-to-L3,169,229,1,1
L1L2-to-L3,169,233,1,1
L1L2-to-L3,169,240,1,1
L1L2-to-L3,169,243,1,1
L1L2-to-L3,169,249,1,1
L1L2-to-L3,169,253,1,1
L1L2-to-L3,170,1,1,1
L1L2-to-L3,170,9,1,1
L1L2-to-L3,170,10,1,1
L1L2-to-L3,170,11,1,1
L1L2-to-L3,170,13,1,1
L1L2-to-L3,170,15,1,1
L1L2-to-L3,170,21,1,1
L1L2-to-L3,170,23,1,1
L1L2-to-L3,170,24,1,1
L1L2-to-L3,170,25,1,1
L1L2-to-L3,170,26,1,1
L1L2-to-L3,170,30,1,1
L1L2-to-L3,170,31,1,1
L1L2-to-L3,170,33,1,1
L1L2-to-L3,170,34,1,1
L1L2-to-L3,170,35,1,1
L1L2-to-L3,170,37,1,1
L1L2-to-L3,170,39,1,1
L1L2-to-L3,170,40,1,1
L1L2-to-L3,170,42,1,1
L1L2-to-L3,170,45,1,1
L1L2-to-L3,170,46,1,1
L1L2-to-L3,170,49,1,1
L1L2-to-L3,170,53,1,1
L1L2-to-L3,170,54,1,1
L1L2-to-L3,170,56,1,1
L1L2-to-L3,170,58,1,1
L1L2-to-L3,170,59,1,1
L1L2-to-L3,170,65,1,1
L1L2-to-L3,170,66,1,1
L1L2-to-L3,170,70,1,1
L1L2-to-L3,170,72,1,1
L1L2-to-L3,170,74,1,1
L1L2-to-L3,170,77,1,1
L1L2-to-L3,170,78,1,1
L1L2-to-L3,170,79,1,1
L1L2-to-L3,170,80,1,1
L1L2-to-L3,170,86,1,1
L1L2-to-L3,170,87,1,1
L1L2-to-L3,170,89,1,1
L1L2-to-L3,170,90,1,1
L1L2-to-L3,170,91,1,1
L1L2-to-L3,170,94,1,1
L1L2-to-L3,170,95,1,1
L1L2-to-L3,170,100,1,1
L1L2-to-L3,170,101,1,1
L1L2-to-L3,170,104,1,1
L1L2-to-L3,170,105,1,1
L1L2-to-L3,170,108,1,1
L1L2-to-L3,170,110,1,1
L1L2-to-L3,170,111,1,1
L1L2-to-L3,170,120,1,1
L1L2-to-L3,170,121,1,1
L1L2-to-L3,170,124,1,1
L1L2-to-L3,170,126,1,1
L1L2-to-L3,170,127,1,1
L1L2-to-L3,170,133,1,1
L1L2-to-L3,170,135,1,1
L1L2-to-L3,170,136,1,1
L1L2-to-L3,170,137,1,1
L1L2-to-L3,170,138,1,1
L1L2-to-L3,170,139,1,1
L1L2-to-L3,170,140,1,1
L1L2-to-L3,170,144,1,1
L1L2-to-L3,170,146,1,1
L1L2-to-L3,170,147,1,1
L1L2-to-L3,170,150,1,1
L1L2-to-L3,170,152,1,1
L1L2-to-L3,170,153,1,1
L1L2-to-L3,170,154,1,1
L1L2-to-L3,170,156,1,1
L1L2-to-L3,170,157,1,1
L1L2-to-L3,170,159,1,1
L1L2-to-L3,170,161,1,1
L1L2-to-L3,170,172,1,1
L1L2-to-L3,170,173,1,1
L1L2-to-L3,170,174,1,1
L1L2-to-L3,170,178,1,1
L1L2-to-L3,170,179,1,1
L1L2-to-L3,170,180,1,1
L1L2-to-L3,170,185,1,1
L1L2-to-L3,170,186,1,1
L1L2-to-L3,170,190,1,1
L1L2-to-L3,170,192,1,1
L1L2-to-L3,170,193,1,1
L1L2-to-L3,170,195,1,1
L1L2-to-L3,170,196,1,1
L1L2-to-L3,170,201,1,1
L1L2-to-L3,170,206,1,1
L1L2-to-L3,170,209,1,1
L1L2-to-L3,170,210,1,1
L1L2-to-L3,170,212,1,1
L1L2-to-L3,170,214,1,1
L1L2-to-L3,170,216,1,1
L1L2-to-L3,170,221,1,1
L1L2-to-L3,170,222,1,1
L1L2-to-L3,170,225,1,1
L1L2-to-L3,170,227,1,1
L1L2-to-L3,170,229,1,1
L1L2-to-L3,170,230,1,1
L1L2-to-L3,170,231,1,1
L1L2-to-L3,170,233,1,1
L1L2-to-L3,170,239,1,1
L1L2-to-L3,170,241,1,1
L1L2-to-L3,170,242,1,1
L1L2-to-L3,170,244,1,1
L1L2-to-L3,170,248,1,1
L1L2-to-L3,170,249,1,1
L1L2-to-L3,170,250,1,1
L1L2-to-L3,170,253,1,1
L1L2-to-L3,170,254,1,1
L1L2-to-L3,170,255,1,1
L1L2-to-L3,171,5,1,1
L1L2-to-L3,171,6,1,1
L1L2-to-L3,171,7,1,1
L1L2-to-L3,171,8,1,1
L1L2-to-L3,171,10,1,1
L1L2-to-L3,171,12,1,1
L1L2-to-L3,171,13,1,1
L1L2-to-L3,171,15,1,1
L1L2-to-L3,171,17,1,1
L1L2-to-L3,171,18,1,1
L1L2-to-L3,171,19,1,1
L1L2-to-L3,171,27,1,1
L1L2-to-L3,171,31,1,1
L1L2-to-L3,171,33,1,1
L1L2-to-L3,171,35,1,1
L1L2-to-L3,171,37,1,1
L1L2-to-L3,171,39,1,1
L1L2-to-L3,171,43,1,1
L1L2-to-L3,171,45,1,1
L1L2-to-L3,171,48,1,1
L1L2-to-L3,171,49,1,1
L1L2-to-L3,171,52,1,1
L1L2-to-L3,171,53,1,1
L1L2-to-L3,171,54,1,1
L1L2-to-L3,171,55,1,1
L1L2-to-L3,171,57,1,1
L1L2-to-L3,171,58,1,1
L1L2-to-L3,171,59,1,1
L1L2-to-L3,171,60,1,1
L1L2-to-L3,171,61,1,1
L1L2-to-L3,171,63,1,1
L1L2-to-L3,171,65,1,1
L1L2-to-L3,171,71,1,1
L1L2-to-L3,171,80,1,1
L1L2-to-L3,171,85,1,1
L1L2-to-L3,171,105,1,1
L1L2-to-L3,171,108,1,1
L1L2-to-L3,171,114,1,1
L1L2-to-L3,171,117,1,1
L1L2-to-L3,171,118,1,1
L1L2-to-L3,171,119,1,1
L1L2-to-L3,171,127,1,1
L1L2-to-L3,171,129,1,1
L1L2-to-L3,171,133,1,1
L1L2-to-L3,171,136,1,1
L1L2-to-L3,171,137,1,1
L1L2-to-L3,171,140,1,1
L1L2-to-L3,171,145,1,1
L1L2-to-L3,171,147,1,1
L1L2-to-L3,171,155,1,1
L1L2-to-L3,171,157,1,1
L1L2-to-L3,171,158,1,1
L1L2-to-L3,171,162,1,1
L1L2-to-L3,171,165,1,1
L1L2-to-L3,171,173,1,1
L1L2-to-L3,171,174,1,1
L1L2-to-L3,171,179,1,1
L1L2-to-L3,171,180,1,1
L1L2-to-L3,171,184,1,1
L1L2-to-L3,171,187,1,1
L1L2-to-L3,171,188,1,1
L1L2-to-L3,171,192,1,1
L1L2-to-L3,171,193,1,1
L1L2-to-L3,171,194,1,1
L1L2-to-L3,171,195,1,1
L1L2-to-L3,171,200,1,1
L1L2-to-L3,171,202,1,1
L1L2-to-L3,171,206,1,1
L1L2-to-L3,171,207,1,1
L1L2-to-L3,171,210,1,1
L1L2-to-L3,171,211,1,1
L1L2-to-L3,171,216,1,1
L1L2-to-L3,171,217,1,1
L1L2-to-L3,171,219,1,1
L1L2-to-L3,171,222,1,1
L1L2-to-L3,171,225,1,1
L1L2-to-L3,171,227,1,1
L1L2-to-L3,171,231,1,1
L1L2-to-L3,171,241,1,1
L1L2-to-L3,171,242,1,1
L1L2-to-L3,171,243,1,1
L1L2-to-L3,171,249,1,1
L1L2-to-L3,171,252,1,1
L1L2-to-L3,171,254,1,1
L1L2-to-L3,171,255,1,1
L1L2-to-L3,172,0,1,1
L1L2-to-L3,172,9,1,1
L1L2-to-L3,172,20,1,1
L1L2-to-L3,172,21,1,1
L1L2-to-L3,172,23,1,1
L1L2-to-L3,172,24,1,1
L1L2-to-L3,172,30,1,1
L1L2-to-L3,172,33,1,1
L1L2-to-L3,172,37,1,1
L1L2-to-L3,172,40,1,1
L1L2-to-L3,172,44,1,1
L1L2-to-L3,172,46,1,1
L1L2-to-L3,172,47,1,1
L1L2-to-L3,172,51,1,1
L1L2-to-L3,172,56,1,1
L1L2-to-L3,172,58,1,1
L1L2-to-L3,172,61,1,1
L1L2-to-L3,172,67,1,1
L1L2-to-L3,172,68,1,1
L1L2-to-L3,172,73,1,1
L1L2-to-L3,172,77,1,1
L1L2-to-L3,172,79,1,1
L1L2-to-L3,172,82,1,1
L1L2-to-L3,172,87,1,1
L1L2-to-L3,172,89,1,1
L1L2-to-L3,172,91,1,1
L1L2-to-L3,172,93,1,1
L1L2-to-L3,172,100,1,1
L1L2-to-L3,172,102,1,1
L1L2-to-L3,172,106,1,1
L1L2-to-L3,172,110,1,1
L1L2-to-L3,172,111,1,1
L1L2-to-L3,172,114,1,1
L1L2-to-L3,172,117,1,1
L1L2-to-L3,172,118,1,1
L1L2-to-L3,172,120,1,1
L1L2-to-L3,172,122,1,1
L1L2-to-L3,172,123,1,1
L1L2-to-L3,172,124,1,1
L1L2-to-L3,172,125,1,1
L1L2-to-L3,172,126,1,1
L1L2-to-L3,172,132,1,1
L1L2-to-L3,172,133,1,1
L1L2-to-L3,172,134,1,1
L1L2-to-L3,172,139,1,1
L1L2-to-L3,172,142,1,1
L1L2-to-L3,172,143,1,1
L1L2-to-L3,172,145,1,1
L1L2-to-L3,172,149,1,1
L1L2-to-L3,172,151,1,1
L1L2-to-L3,172,152,1,1
L1L2-to-L3,172,160,1,1
L1L2-to-L3,172,162,1,1
L1L2-to-L3,172,163,1,1
L1L2-to-L3,172,170,1,1
L1L2-to-L3,172,171,1,1
L1L2-to-L3,172,172,1,1
L1L2-to-L3,172,177,1,1
L1L2-to-L3,172,186,1,1
L1L2-to-L3,172,188,1,1
L1L2-to-L3,172,191,1,1
L1L2-to-L3,172,193,1,1
L1L2-to-L3,172,195,1,1
L1L2-to-L3,172,198,1,1
L1L2-to-L3,172,199,1,1
L1L2-to-L3,172,200,1,1
L1L2-to-L3,172,203,1,1
L1L2-to-L3,172,204,1,1
L1L2-to-L3,172,205,1,1
L1L2-to-L3,172,207,1,1
L1L2-to-L3,172,208,1,1
L1L2-to-L3,172,210,1,1
L1L2-to-L3,172,213,1,1
L1L2-to-L3,172,216,1,1
L1L2-to-L3,172,218,1,1
L1L2-to-L3,172,220,1,1
L1L2-to-L3,172,227,1,1
L1L2-to-L3,172,234,1,1
L1L2-to-L3,172,240,1,1
L1L2-to-L3,172,241,1,1
L1L2-to-L3,172,242,1,1
L1L2-to-L3,172,244,1,1
L1L2-to-L3,172,245,1,1
L1L2-to-L3,172,250,1,1
L1L2-to-L3,172,253,1,1
L1L2-to-L3,172,254,1,1
L1L2-to-L3,173,2,1,1
L1L2-to-L3,173,3,1,1
L1L2-to-L3,173,4,1,1
L1L2-to-L3,173,8,1,1
L1L2-to-L3,173,10,1,1
L1L2-to-L3,173,16,1,1
L1L2-to-L3,173,20,1,1
L1L2-to-L3,173,21,1,1
L1L2-to-L3,173,23,1,1
L1L2-to-L3,173,24,1,1
L1L2-to-L3,173,25,1,1
L1L2-to-L3,173,26,1,1
L1L2-to-L3,173,29,1,1
L1L2-to-L3,173,30,1,1
L1L2-to-L3,173,32,1,1
L1L2-to-L3,173,34,1,1
L1L2-to-L3,173,41,1,1
L1L2-to-L3,173,42,1,1
L1L2-to-L3,173,43,1,1
L1L2-to-L3,173,44,1,1
L1L2-to-L3,173,49,1,1
L1L2-to-L3,173,50,1,1
L1L2-to-L3,173,51,1,1
L1L2-to-L3,173,52,1,1
L1L2-to-L3,173,53,1,1
L1L2-to-L3,173,56,1,1
L1L2-to-L3,173,61,1,1
L1L2-to-L3,173,64,1,1
L1L2-to-L3,173,65,1,1
L1L2-to-L3,173,69,1,1
L1L2-to-L3,173,70,1,1
L1L2-to-L3,173,73,1,1
L1L2-to-L3,173,76,1,1
L1L2-to-L3,173,78,1,1
L1L2-to-L3,173,80,1,1
L1L2-to-L3,173,81,1,1
L1L2-to-L3,173,83,1,1
L1L2-to-L3,173,86,1,1
L1L2-to-L3,173,87,1,1
L1L2-to-L3,173,88,1,1
L1L2-to-L3,173,92,1,1
L1L2-to-L3,173,94,1,1
L1L2-to-L3,173,95,1,1
L1L2-to-L3,173,97,1,1
L1L2-to-L3,173,98,1,1
L1L2-to-L3,173,99,1,1
L1L2-to-L3,173,100,1,1
L1L2-to-L3,173,101,1,1
L1L2-to-L3,173,102,1,1
L1L2-to-L3,173,105,1,1
L1L2-to-L3,173,108,1,1
L1L2-to-L3,173,109,1,1
L1L2-to-L3,173,110,1,1
L1L2-to-L3,173,111,1,1
L1L2-to-L3,173,112,1,1
L1L2-to-L3,173,121,1,1
L1L2-to-L3,173,122,1,1
L1L2-to-L3,173,123,1,1
L1L2-to-L3,173,130,1,1
L1L2-to-L3,173,142,1,1
L1L2-to-L3,173,146,1,1
L1L2-to-L3,173,147,1,1
L1L2-to-L3,173,148,1,1
L1L2-to-L3,173,155,1,1
L1L2-to-L3,173,164,1,1
L1L2-to-L3,173,166,1,1
L1L2-to-L3,173,170,1,1
L1L2-to-L3,173,171,1,1
L1L2-to-L3,173,172,1,1
L1L2-to-L3,173,173,1,1
L1L2-to-L3,173,177,1,1
L1L2-to-L3,173,179,1,1
L1L2-to-L3,173,180,1,1
L1L2-to-L3,173,181,1,1
L1L2-to-L3,173,183,1,1
L1L2-to-L3,173,187,1,1
L1L2-to-L3,173,189,1,1
L1L2-to-L3,173,191,1,1
L1L2-to-L3,173,193,1,1
L1L2-to-L3,173,199,1,1
L1L2-to-L3,173,200,1,1
L1L2-to-L3,173,202,1,1
L1L2-to-L3,173,204,1,1
L1L2-to-L3,173,206,1,1
L1L2-to-L3,173,208,1,1
L1L2-to-L3,173,215,1,1
L1L2-to-L3,173,218,1,1
L1L2-to-L3,173,219,1,1
L1L2-to-L3,173,221,1,1
L1L2-to-L3,173,222,1,1
L1L2-to-L3,173,223,1,1
L1L2-to-L3,173,224,1,1
L1L2-to-L3,173,230,1,1
L1L2-to-L3,173,231,1,1
L1L2-to-L3,173,234,1,1
L1L2-to-L3,173,237,1,1
L1L2-to-L3,173,242,1,1
L1L2-to-L3,173,243,1,1
L1L2-to-L3,173,248,1,1
L1L2-to-L3,173,250,1,1
L1L2-to-L3,173,254,1,1
L1L2-to-L3,174,3,1,1
L1L2-to-L3,174,5,1,1
L1L2-to-L3,174,8,1,1
L1L2-to-L3,174,9,1,1
L1L2-to-L3,174,11,1,1
L1L2-to-L3,174,12,1,1
L1L2-to-L3,174,13,1,1
L1L2-to-L3,174,14,1,1
L1L2-to-L3,174,15,1,1
L1L2-to-L3,174,21,1,1
L1L2-to-L3,174,24,1,1
L1L2-to-L3,174,25,1,1
L1L2-to-L3,174,26,1,1
L1L2-to-L3,174,30,1,1
L1L2-to-L3,174,32,1,1
L1L2-to-L3,174,36,1,1
L1L2-to-L3,174,39,1,1
L1L2-to-L3,174,40,1,1
L1L2-to-L3,174,41,1,1
L1L2-to-L3,174,42,1,1
L1L2-to-L3,174,43,1,1
L1L2-to-L3,174,44,1,1
L1L2-to-L3,174,45,1,1
L1L2-to-L3,174,46,1,1
L1L2-to-L3,174,47,1,1
L1L2-to-L3,174,51,1,1
L1L2-to-L3,174,54,1,1
L1L2-to-L3,174,57,1,1
L1L2-to-L3,174,58,1,1
L1L2-to-L3,174,60,1,1
L1L2-to-L3,174,61,1,1
L1L2-to-L3,174,64,1,1
L1L2-to-L3,174,66,1,1
L1L2-to-L3,174,67,1,1
L1L2-to-L3,174,70,1,1
L1L2-to-L3,174,72,1,1
L1L2-to-L3,174,73,1,1
L1L2-to-L3,174,74,1,1
L1L2-to-L3,174,81,1,1
L1L2-to-L3,174,84,1,1
L1L2-to-L3,174,90,1,1
L1L2-to-L3,174,94,1,1
L1L2-to-L3,174,100,1,1
L1L2-to-L3,174,101,1,1
L1L2-to-L3,174,104,1,1
L1L2-to-L3,174,109,1,1
L1L2-to-L3,174,110,1,1
L1L2-to-L3,174,112,1,1
L1L2-to-L3,174,113,1,1
L1L2-to-L3,174,114,1,1
L1L2-to-L3,174,115,1,1
L1L2-to-L3,174,116,1,1
L1L2-to-L3,174,119,1,1
L1L2-to-L3,174,120,1,1
L1L2-to-L3,174,121,1,1
L1L2-to-L3,174,127,1,1
L1L2-to-L3,174,129,1,1
L1L2-to-L3,174,132,1,1
L1L2-to-L3,174,136,1,1
L1L2-to-L3,174,139,1,1
L1L2-to-L3,174,142,1,1
L1L2-to-L3,174,144,1,1
L1L2-to-L3,174,150,1,1
L1L2-to-L3,174,151,1,1
L1L2-to-L3,174,154,1,1
L1L2-to-L3,174,157,1,1
L1L2-to-L3,174,160,1,1
L1L2-to-L3,174,163,1,1
L1L2-to-L3,174,166,1,1
L1L2-to-L3,174,167,1,1
L1L2-to-L3,174,168,1,1
L1L2-to-L3,174,170,1,1
L1L2-to-L3,174,172,1,1
L1L2-to-L3,174,173,1,1
L1L2-to-L3,174,174,1,1
L1L2-to-L3,174,175,1,1
L1L2-to-L3,174,177,1,1
L1L2-to-L3,174,178,1,1
L1L2-to-L3,174,179,1,1
L1L2-to-L3,174,180,1,1
L1L2-to-L3,174,181,1,1
L1L2-to-L3,174,182,1,1
L1L2-to-L3,174,183,1,1
L1L2-to-L3,174,187,1,1
L1L2-to-L3,174,188,1,1
L1L2-to-L3,174,189,1,1
L1L2-to-L3,174,193,1,1
L1L2-to-L3,174,195,1,1
L1L2-to-L3,174,198,1,1
L1L2-to-L3,174,200,1,1
L1L2-to-L3,174,201,1,1
L1L2-to-L3,174,206,1,1
L1L2-to-L3,174,209,1,1
L1L2-to-L3,174,212,1,1
L1L2-to-L3,174,214,1,1
L1L2-to-L3,174,215,1,1
L1L2-to-L3,174,216,1,1
L1L2-to-L3,174,218,1,1
L1L2-to-L3,174,219,1,1
L1L2-to-L3,174,220,1,1
L1L2-to-L3,174,221,1,1
L1L2-to-L3,174,226,1,1
L1L2-to-L3,174,227,1,1
L1L2-to-L3,174,228,1,1
L1L2-to-L3,174,229,1,1
L1L2-to-L3,174,234,1,1
L1L2-to-L3,174,236,1,1
L1L2-to-L3,174,237,1,1
L1L2-to-L3,174,242,1,1
L1L2-to-L3,174,245,1,1
L1L2-to-L3,174,246,1,1
L1L2-to-L3,174,247,1,1
L1L2-to-L3,174,248,1,1
L1L2-to-L3,174,249,1,1
L1L2-to-L3,174,250,1,1
L1L2-to-L3,174,253,1,1
L1L2-to-L3,175,0,1,1
L1L2-to-L3,175,4,1,1
L1L2-to-L3,175,5,1,1
L1L2-to-L3,175,7,1,1
L1L2-to-L3,175,8,1,1
L1L2-to-L3,175,9,1,1
L1L2-to-L3,175,10,1,1
L1L2-to-L3,175,11,1,1
L1L2-to-L3,175,14,1,1
L1L2-to-L3,175,15,1,1
L1L2-to-L3,175,17,1,1
L1L2-to-L3,175,21,1,1
L1L2-to-L3,175,25,1,1
L1L2-to-L3,175,26,1,1
L1L2-to-L3,175,31,1,1
L1L2-to-L3,175,35,1,1
L1L2-to-L3,175,37,1,1
L1L2-to-L3,175,38,1,1
L1L2-to-L3,175,39,1,1
L1L2-to-L3,175,44,1,1
L1L2-to-L3,175,47,1,1
L1L2-to-L3,175,48,1,1
L1L2-to-L3,175,50,1,1
L1L2-to-L3,175,52,1,1
L1L2-to-L3,175,53,1,1
L1L2-to-L3,175,55,1,1
L1L2-to-L3,175,57,1,1
L1L2-to-L3,175,62,1,1
L1L2-to-L3,175,63,1,1
L1L2-to-L3,175,68,1,1
L1L2-to-L3,175,71,1,1
L1L2-to-L3,175,73,1,1
L1L2-to-L3,175,79,1,1
L1L2-to-L3,175,80,1,1
L1L2-to-L3,175,82,1,1
L1L2-to-L3,175,83,1,1
L1L2-to-L3,175,84,1,1
L1L2-to-L3,175,85,1,1
L1L2-to-L3,175,86,1,1
L1L2-to-L3,175,87,1,1
L1L2-to-L3,175,89,1,1
L1L2-to-L3,175,90,1,1
L1L2-to-L3,175,91,1,1
L1L2-to-L3,175,93,1,1
L1L2-to-L3,175,94,1,1
L1L2-to-L3,175,95,1,1
L1L2-to-L3,175,96,1,1
L1L2-to-L3,175,97,1,1
L1L2-to-L3,175,101,1,1
L1L2-to-L3,175,103,1,1
L1L2-to-L3,175,109,1,1
L1L2-to-L3,175,110,1,1
L1L2-to-L3,175,111,1,1
L1L2-to-L3,175,112,1,1
L1L2-to-L3,175,119,1,1
L1L2-to-L3,175,125,1,1
L1L2-to-L3,175,126,1,1
L1L2-to-L3,175,128,1,1
L1L2-to-L3,175,129,1,1
L1L2-to-L3,175,135,1,1
L1L2-to-L3,175,136,1,1
L1L2-to-L3,175,138,1,1
L1L2-to-L3,175,139,1,1
L1L2-to-L3,175,141,1,1
L1L2-to-L3,175,144,1,1
L1L2-to-L3,175,146,1,1
L1L2-to-L3,175,149,1,1
L1L2-to-L3,175,151,1,1
L1L2-to-L3,175,154,1,1
L1L2-to-L3,175,157,1,1
L1L2-to-L3,175,161,1,1
L1L2-to-L3,175,168,1,1
L1L2-to-L3,175,170,1,1
L1L2-to-L3,175,171,1,1
L1L2-to-L3,175,174,1,1
L1L2-to-L3,175,177,1,1
L1L2-to-L3,175,185,1,1
L1L2-to-L3,175,186,1,1
L1L2-to-L3,175,187,1,1
L1L2-to-L3,175,188,1,1
L1L2-to-L3,175,191,1,1
L1L2-to-L3,175,193,1,1
L1L2-to-L3,175,194,1,1
L1L2-to-L3,175,198,1,1
L1L2-to-L3,175,203,1,1
L1L2-to-L3,175,204,1,1
L1L2-to-L3,175,205,1,1
L1L2-to-L3,175,207,1,1
L1L2-to-L3,175,209,1,1
L1L2-to-L3,175,210,1,1
L1L2-to-L3,175,211,1,1
L1L2-to-L3,175,212,1,1
L1L2-to-L3,175,214,1,1
L1L2-to-L3,175,215,1,1
L1L2-to-L3,175,216,1,1
L1L2-to-L3,175,217,1,1
L1L2-to-L3,175,219,1,1
L1L2-to-L3,175,221,1,1
L1L2-to-L3,175,222,1,1
L1L2-to-L3,175,223,1,1
L1L2-to-L3,175,226,1,1
L1L2-to-L3,175,228,1,1
L1L2-to-L3,175,234,1,1
L1L2-to-L3,175,236,1,1
L1L2-to-L3,175,239,1,1
L1L2-to-L3,175,241,1,1
L1L2-to-L3,175,243,1,1
L1L2-to-L3,175,244,1,1
L1L2-to-L3,175,247,1,1
L1L2-to-L3,175,250,1,1
L1L2-to-L3,175,251,1,1
L1L2-to-L3,175,252,1,1
L1L2-to-L3,175,255,1,1
L1L2-to-L3,176,2,1,1
L1L2-to-L3,176,5,1,1
L1L2-to-L3,176,6,1,1
L1L2-to-L3,176,8,1,1
L1L2-to-L3,176,14,1,1
L1L2-to-L3,176,23,1,1
L1L2-to-L3,176,24,1,1
L1L2-to-L3,176,30,1,1
L1L2-to-L3,176,42,1,1
L1L2-to-L3,176,46,1,1
L1L2-to-L3,176,49,1,1
L1L2-to-L3,176,51,1,1
L1L2-to-L3,176,53,1,1
L1L2-to-L3,176,56,1,1
L1L2-to-L3,176,57,1,1
L1L2-to-L3,176,61,1,1
L1L2-to-L3,176,67,1,1
L1L2-to-L3,176,68,1,1
L1L2-to-L3,176,73,1,1
L1L2-to-L3,176,77,1,1
L1L2-to-L3,176,79,1,1
L1L2-to-L3,176,85,1,1
L1L2-to-L3,176,86,1,1
L1L2-to-L3,176,88,1,1
L1L2-to-L3,176,89,1,1
L1L2-to-L3,176,96,1,1
L1L2-to-L3,176,97,1,1
L1L2-to-L3,176,98,1,1
L1L2-to-L3,176,99,1,1
L1L2-to-L3,176,101,1,1
L1L2-to-L3,176,103,1,1
L1L2-to-L3,176,105,1,1
L1L2-to-L3,176,106,1,1
L1L2-to-L3,176,107,1,1
L1L2-to-L3,176,109,1,1
L1L2-to-L3,176,114,1,1
L1L2-to-L3,176,117,1,1
L1L2-to-L3,176,126,1,1
L1L2-to-L3,176,127,1,1
L1L2-to-L3,176,129,1,1
L1L2-to-L3,176,131,1,1
L1L2-to-L3,176,132,1,1
L1L2-to-L3,176,133,1,1
L1L2-to-L3,176,134,1,1
L1L2-to-L3,176,146,1,1
L1L2-to-L3,176,150,1,1
L1L2-to-L3,176,160,1,1
L1L2-to-L3,176,161,1,1
L1L2-to-L3,176,162,1,1
L1L2-to-L3,176,167,1,1
L1L2-to-L3,176,169,1,1
L1L2-to-L3,176,174,1,1
L1L2-to-L3,176,175,1,1
L1L2-to-L3,176,180,1,1
L1L2-to-L3,176,181,1,1
L1L2-to-L3,176,182,1,1
L1L2-to-L3,176,183,1,1
L1L2-to-L3,176,184,1,1
L1L2-to-L3,176,188,1,1
L1L2-to-L3,176,190,1,1
L1L2-to-L3,176,192,1,1
L1L2-to-L3,176,195,1,1
L1L2-to-L3,176,201,1,1
L1L2-to-L3,176,212,1,1
L1L2-to-L3,176,213,1,1
L1L2-to-L3,176,215,1,1
L1L2-to-L3,176,217,1,1
L1L2-to-L3,176,218,1,1
L1L2-to-L3,176,219,1,1
L1L2-to-L3,176,222,1,1
L1L2-to-L3,176,226,1,1
L1L2-to-L3,176,229,1,1
L1L2-to-L3,176,231,1,1
L1L2-to-L3,176,233,1,1
L1L2-to-L3,176,234,1,1
L1L2-to-L3,176,236,1,1
L1L2-to-L3,176,237,1,1
L1L2-to-L3,176,239,1,1
L1L2-to-L3,176,240,1,1
L1L2-to-L3,176,252,1,1
L1L2-to-L3,176,254,1,1
L1L2-to-L3,177,5,1,1
L1L2-to-L3,177,12,1,1
L1L2-to-L3,177,13,1,1
L1L2-to-L3,177,14,1,1
L1L2-to-L3,177,16,1,1
L1L2-to-L3,177,19,1,1
L1L2-to-L3,177,22,1,1
L1L2-to-L3,177,25,1,1
L1L2-to-L3,177,29,1,1
L1L2-to-L3,177,32,1,1
L1L2-to-L3,177,34,1,1
L1L2-to-L3,177,38,1,1
L1L2-to-L3,177,41,1,1
L1L2-to-L3,177,46,1,1
L1L2-to-L3,177,50,1,1
L1L2-to-L3,177,51,1,1
L1L2-to-L3,177,53,1,1
L1L2-to-L3,177,55,1,1
L1L2-to-L3,177,58,1,1
L1L2-to-L3,177,59,1,1
L1L2-to-L3,177,63,1,1
L1L2-to-L3,177,64,1,1
L1L2-to-L3,177,69,1,1
L1L2-to-L3,177,72,1,1
L1L2-to-L3,177,74,1,1
L1L2-to-L3,177,77,1,1
L1L2-to-L3,177,78,1,1
L1L2-to-L3,177,80,1,1
L1L2-to-L3,177,81,1,1
L1L2-to-L3,177,82,1,1
L1L2-to-L3,177,84,1,1
L1L2-to-L3,177,86,1,1
L1L2-to-L3,177,88,1,1
L1L2-to-L3,177,89,1,1
L1L2-to-L3,177,92,1,1
L1L2-to-L3,177,96,1,1
L1L2-to-L3,177,100,1,1
L1L2-to-L3,177,101,1,1
L1L2-to-L3,177,104,1,1
L1L2-to-L3,177,105,1,1
L1L2-to-L3,177,109,1,1
L1L2-to-L3,177,110,1,1
L1L2-to-L3,177,111,1,1
L1L2-to-L3,177,113,1,1
L1L2-to-L3,177,114,1,1
L1L2-to-L3,177,116,1,1
L1L2-to-L3,177,119,1,1
L1L2-to-L3,177,122,1,1
L1L2-to-L3,177,123,1,1
L1L2-to-L3,177,124,1,1
L1L2-to-L3,177,128,1,1
L1L2-to-L3,177,129,1,1
L1L2-to-L3,177,133,1,1
L1L2-to-L3,177,135,1,1
L1L2-to-L3,177,146,1,1
L1L2-to-L3,177,153,1,1
L1L2-to-L3,177,156,1,1
L1L2-to-L3,177,163,1,1
L1L2-to-L3,177,165,1,1
L1L2-to-L3,177,166,1,1
L1L2-to-L3,177,170,1,1
L1L2-to-L3,177,171,1,1
L1L2-to-L3,177,174,1,1
L1L2-to-L3,177,180,1,1
L1L2-to-L3,177,183,1,1
L1L2-to-L3,177,185,1,1
L1L2-to-L3,177,186,1,1
L1L2-to-L3,177,190,1,1
L1L2-to-L3,177,191,1,1
L1L2-to-L3,177,194,1,1
L1L2-to-L3,177,198,1,1
L1L2-to-L3,177,199,1,1
L1L2-to-L3,177,200,1,1
L1L2-to-L3,177,203,1,1
L1L2-to-L3,177,206,1,1
L1L2-to-L3,177,207,1,1
L1L2-to-L3,177,209,1,1
L1L2-to-L3,177,212,1,1
L1L2-to-L3,177,213,1,1
L1L2-to-L3,177,219,1,1
L1L2-to-L3,177,221,1,1
L1L2-to-L3,177,222,1,1
L1L2-to-L3,177,223,1,1
L1L2-to-L3,177,224,1,1
L1L2-to-L3,177,226,1,1
L1L2-to-L3,177,230,1,1
L1L2-to-L3,177,231,1,1
L1L2-to-L3,177,234,1,1
L1L2-to-L3,177,235,1,1
L1L2-to-L3,177,238,1,1
L1L2-to-L3,177,239,1,1
L1L2-to-L3,177,240,1,1
L1L2-to-L3,177,241,1,1
L1L2-to-L3,177,244,1,1
L1L2-to-L3,177,247,1,1
L1L2-to-L3,177,249,1,1
L1L2-to-L3,177,251,1,1
L1L2-to-L3,177,252,1,1
L1L2-to-L3,177,255,1,1
L1L2-to-L3,178,3,1,1
L1L2-to-L3,178,4,1,1
L1L2-to-L3,178,6,1,1
L1L2-to-L3,178,10,1,1
L1L2-to-L3,178,11,1,1
L1L2-to-L3,178,13,1,1
L1L2-to-L3,178,17,1,1
L1L2-to-L3,178,21,1,1
L1L2-to-L3,178,23,1,1
L1L2-to-L3,178,25,1,1
L1L2-to-L3,178,27,1,1
L1L2-to-L3,178,29,1,1
L1L2-to-L3,178,30,1,1
L1L2-to-L3,178,31,1,1
L1L2-to-L3,178,35,1,1
L1L2-to-L3,178,39,1,1
L1L2-to-L3,178,40,1,1
L1L2-to-L3,178,42,1,1
L1L2-to-L3,178,51,1,1
L1L2-to-L3,178,52,1,1
L1L2-to-L3,178,61,1,1
L1L2-to-L3,178,62,1,1
L1L2-to-L3,178,64,1,1
L1L2-to-L3,178,65,1,1
L1L2-to-L3,178,68,1,1
L1L2-to-L3,178,71,1,1
L1L2-to-L3,178,72,1,1
L1L2-to-L3,178,73,1,1
L1L2-to-L3,178,74,1,1
L1L2-to-L3,178,77,1,1
L1L2-to-L3,178,81,1,1
L1L2-to-L3,178,82,1,1
L1L2-to-L3,178,83,1,1
L1L2-to-L3,178,85,1,1
L1L2-to-L3,178,88,1,1
L1L2-to-L3,178,91,1,1
L1L2-to-L3,178,93,1,1
L1L2-to-L3,178,94,1,1
L1L2-to-L3,178,98,1,1
L1L2-to-L3,178,102,1,1
L1L2-to-L3,178,103,1,1
L1L2-to-L3,178,106,1,1
L1L2-to-L3,178,109,1,1
L1L2-to-L3,178,113,1,1
L1L2-to-L3,178,122,1,1
L1L2-to-L3,178,123,1,1
L1L2-to-L3,178,126,1,1
L1L2-to-L3,178,129,1,1
L1L2-to-L3,178,131,1,1
L1L2-to-L3,178,132,1,1
L1L2-to-L3,178,135,1,1
L1L2-to-L3,178,136,1,1
L1L2-to-L3,178,137,1,1
L1L2-to-L3,178,138,1,1
L1L2-to-L3,178,140,1,1
L1L2-to-L3,178,141,1,1
L1L2-to-L3,178,142,1,1
L1L2-to-L3,178,146,1,1
L1L2-to-L3,178,153,1,1
L1L2-to-L3,178,154,1,1
L1L2-to-L3,178,159,1,1
L1L2-to-L3,178,160,1,1
L1L2-to-L3,178,163,1,1
L1L2-to-L3,178,166,1,1
L1L2-to-L3,178,167,1,1
L1L2-to-L3,178,170,1,1
L1L2-to-L3,178,175,1,1
L1L2-to-L3,178,177,1,1
L1L2-to-L3,178,179,1,1
L1L2-to-L3,178,183,1,1
L1L2-to-L3,178,185,1,1
L1L2-to-L3,178,187,1,1
L1L2-to-L3,178,188,1,1
L1L2-to-L3,178,189,1,1
L1L2-to-L3,178,191,1,1
L1L2-to-L3,178,194,1,1
L1L2-to-L3,178,196,1,1
L1L2-to-L3,178,199,1,1
L1L2-to-L3,178,201,1,1
L1L2-to-L3,178,203,1,1
L1L2-to-L3,178,204,1,1
L1L2-to-L3,178,207,1,1
L1L2-to-L3,178,208,1,1
L1L2-to-L3,178,209,1,1
L1L2-to-L3,178,213,1,1
L1L2-to-L3,178,214,1,1
L1L2-to-L3,178,215,1,1
L1L2-to-L3,178,216,1,1
L1L2-to-L3,178,217,1,1
L1L2-to-L3,178,218,1,1
L1L2-to-L3,178,219,1,1
L1L2-to-L3,178,224,1,1
L1L2-to-L3,178,225,1,1
L1L2-to-L3,178,226,1,1
L1L2-to-L3,178,227,1,1
L1L2-to-L3,178,228,1,1
L1L2-to-L3,178,230,1,1
L1L2-to-L3,178,232,1,1
L1L2-to-L3,178,234,1,1
L1L2-to-L3,178,236,1,1
L1L2-to-L3,178,237,1,1
L1L2-to-L3,178,242,1,1
L1L2-to-L3,178,250,1,1
L1L2-to-L3,178,251,1,1
L1L2-to-L3,178,252,1,1
L1L2-to-L3,178,254,1,1
L1L2-to-L3,179,6,1,1
L1L2-to-L3,179,7,1,1
L1L2-to-L3,179,8,1,1
L1L2-to-L3,179,10,1,1
L1L2-to-L3,179,11,1,1
L1L2-to-L3,179,18,1,1
L1L2-to-L3,179,20,1,1
L1L2-to-L3,179,28,1,1
L1L2-to-L3,179,29,1,1
L1L2-to-L3,179,33,1,1
L1L2-to-L3,179,37,1,1
L1L2-to-L3,179,38,1,1
L1L2-to-L3,179,40,1,1
L1L2-to-L3,179,41,1,1
L1L2-to-L3,179,43,1,1
L1L2-to-L3,179,49,1,1
L1L2-to-L3,179,50,1,1
L1L2-to-L3,179,52,1,1
L1L2-to-L3,179,53,1,1
L1L2-to-L3,179,65,1,1
L1L2-to-L3,179,71,1,1
L1L2-to-L3,179,74,1,1
L1L2-to-L3,179,80,1,1
L1L2-to-L3,179,82,1,1
L1L2-to-L3,179,83,1,1
L1L2-to-L3,179,85,1,1
L1L2-to-L3,179,86,1,1
L1L2-to-L3,179,87,1,1
L1L2-to-L3,179,88,1,1
L1L2-to-L3,179,90,1,1
L1L2-to-L3,179,93,1,1
L1L2-to-L3,179,106,1,1
L1L2-to-L3,179,111,1,1
L1L2-to-L3,179,112,1,1
L1L2-to-L3,179,116,1,1
L1L2-to-L3,179,120,1,1
L1L2-to-L3,179,122,1,1
L1L2-to-L3,179,123,1,1
L1L2-to-L3,179,127,1,1
L1L2-to-L3,179,131,1,1
L1L2-to-L3,179,132,1,1
L1L2-to-L3,179,135,1,1
L1L2-to-L3,179,138,1,1
L1L2-to-L3,179,139,1,1
L1L2-to-L3,179,142,1,1
L1L2-to-L3,179,144,1,1
L1L2-to-L3,179,146,1,1
L1L2-to-L3,179,147,1,1
L1L2-to-L3,179,150,1,1
L1L2-to-L3,179,153,1,1
L1L2-to-L3,179,157,1,1
L1L2-to-L3,179,160,1,1
L1L2-to-L3,179,162,1,1
L1L2-to-L3,179,164,1,1
L1L2-to-L3,179,165,1,1
L1L2-to-L3,179,166,1,1
L1L2-to-L3,179,168,1,1
L1L2-to-L3,179,169,1,1
L1L2-to-L3,179,172,1,1
L1L2-to-L3,179,173,1,1
L1L2-to-L3,179,174,1,1
L1L2-to-L3,179,175,1,1
L1L2-to-L3,179,183,1,1
L1L2-to-L3,179,188,1,1
L1L2-to-L3,179,189,1,1
L1L2-to-L3,179,190,1,1
L1L2-to-L3,179,192,1,1
L1L2-to-L3,179,195,1,1
L1L2-to-L3,179,196,1,1
L1L2-to-L3,179,197,1,1
L1L2-to-L3,179,198,1,1
L1L2-to-L3,179,199,1,1
L1L2-to-L3,179,206,1,1
L1L2-to-L3,179,207,1,1
L1L2-to-L3,179,210,1,1
L1L2-to-L3,179,212,1,1
L1L2-to-L3,179,213,1,1
L1L2-to-L3,179,214,1,1
L1L2-to-L3,179,216,1,1
L1L2-to-L3,179,217,1,1
L1L2-to-L3,179,219,1,1
L1L2-to-L3,179,223,1,1
L1L2-to-L3,179,227,1,1
L1L2-to-L3,179,228,1,1
L1L2-to-L3,179,229,1,1
L1L2-to-L3,179,231,1,1
L1L2-to-L3,179,233,1,1
L1L2-to-L3,179,234,1,1
L1L2-to-L3,179,235,1,1
L1L2-to-L3,179,236,1,1
L1L2-to-L3,179,241,1,1
L1L2-to-L3,179,242,1,1
L1L2-to-L3,179,248,1,1
L1L2-to-L3,179,251,1,1
L1L2-to-L3,179,252,1,1
L1L2-to-L3,179,254,1,1
L1L2-to-L3,179,255,1,1
L1L2-to-L3,180,0,1,1
L1L2-to-L3,180,1,1,1
L1L2-to-L3,180,2,1,1
L1L2-to-L3,180,4,1,1
L1L2-to-L3,180,6,1,1
L1L2-to-L3,180,8,1,1
L1L2-to-L3,180,10,1,1
L1L2-to-L3,180,11,1,1
L1L2-to-L3,180,13,1,1
L1L2-to-L3,180,14,1,1
L1L2-to-L3,180,15,1,1
L1L2-to-L3,180,18,1,1
L1L2-to-L3,180,20,1,1
L1L2-to-L3,180,23,1,1
L1L2-to-L3,180,25,1,1
L1L2-to-L3,180,27,1,1
L1L2-to-L3,180,28,1,1
L1L2-to-L3,180,29,1,1
L1L2-to-L3,180,31,1,1
L1L2-to-L3,180,36,1,1
L1L2-to-L3,180,37,1,1
L1L2-to-L3,180,40,1,1
L1L2-to-L3,180,41,1,1
L1L2-to-L3,180,46,1,1
L1L2-to-L3,180,47,1,1
L1L2-to-L3,180,48,1,1
L1L2-to-L3,180,50,1,1
L1L2-to-L3,180,52,1,1
L1L2-to-L3,180,54,1,1
L1L2-to-L3,180,56,1,1
L1L2-to-L3,180,57,1,1
L1L2-to-L3,180,60,1,1
L1L2-to-L3,180,62,1,1
L1L2-to-L3,180,64,1,1
L1L2-to-L3,180,65,1,1
L1L2-to-L3,180,67,1,1
L1L2-to-L3,180,69,1,1
L1L2-to-L3,180,70,1,1
L1L2-to-L3,180,74,1,1
L1L2-to-L3,180,76,1,1
L1L2-to-L3,180,78,1,1
L1L2-to-L3,180,80,1,1
L1L2-to-L3,180,82,1,1
L1L2-to-L3,180,84,1,1
L1L2-to-L3,180,89,1,1
L1L2-to-L3,180,90,1,1
L1L2-to-L3,180,92,1,1
L1L2-to-L3,180,93,1,1
L1L2-to-L3,180,94,1,1
L1L2-to-L3,180,95,1,1
L1L2-to-L3,180,98,1,1
L1L2-to-L3,180,100,1,1
L1L2-to-L3,180,104,1,1
L1L2-to-L3,180,105,1,1
L1L2-to-L3,180,107,1,1
L1L2-to-L3,180,109,1,1
L1L2-to-L3,180,110,1,1
L1L2-to-L3,180,111,1,1
L1L2-to-L3,180,112,1,1
L1L2-to-L3,180,114,1,1
L1L2-to-L3,180,117,1,1
L1L2-to-L3,180,119,1,1
L1L2-to-L3,180,120,1,1
L1L2-to-L3,180,123,1,1
L1L2-to-L3,180,129,1,1
L1L2-to-L3,180,133,1,1
L1L2-to-L3,180,134,1,1
L1L2-to-L3,180,137,1,1
L1L2-to-L3,180,145,1,1
L1L2-to-L3,180,147,1,1
L1L2-to-L3,180,151,1,1
L1L2-to-L3,180,153,1,1
L1L2-to-L3,180,157,1,1
L1L2-to-L3,180,158,1,1
L1L2-to-L3,180,160,1,1
L1L2-to-L3,180,162,1,1
L1L2-to-L3,180,166,1,1
L1L2-to-L3,180,172,1,1
L1L2-to-L3,180,174,1,1
L1L2-to-L3,180,175,1,1
L1L2-to-L3,180,178,1,1
L1L2-to-L3,180,179,1,1
L1L2-to-L3,180,180,1,1
L1L2-to-L3,180,181,1,1
L1L2-to-L3,180,184,1,1
L1L2-to-L3,180,188,1,1
L1L2-to-L3,180,190,1,1
L1L2-to-L3,180,191,1,1
L1L2-to-L3,180,195,1,1
L1L2-to-L3,180,197,1,1
L1L2-to-L3,180,198,1,1
L1L2-to-L3,180,201,1,1
L1L2-to-L3,180,202,1,1
L1L2-to-L3,180,203,1,1
L1L2-to-L3,180,204,1,1
L1L2-to-L3,180,205,1,1
L1L2-to-L3,180,206,1,1
L1L2-to-L3,180,208,1,1
L1L2-to-L3,180,210,1,1
L1L2-to-L3,180,211,1,1
L1L2-to-L3,180,212,1,1
L1L2-to-L3,180,216,1,1
L1L2-to-L3,180,217,1,1
L1L2-to-L3,180,218,1,1
L1L2-to-L3,180,220,1,1
L1L2-to-L3,180,222,1,1
L1L2-to-L3,180,224,1,1
L1L2-to-L3,180,225,1,1
L1L2-to-L3,180,229,1,1
L1L2-to-L3,180,230,1,1
L1L2-to-L3,180,232,1,1
L1L2-to-L3,180,234,1,1
L1L2-to-L3,180,235,1,1
L1L2-to-L3,180,236,1,1
L1L2-to-L3,180,238,1,1
L1L2-to-L3,180,239,1,1
L1L2-to-L3,180,244,1,1
L1L2-to-L3,180,245,1,1
L1L2-to-L3,180,246,1,1
L1L2-to-L3,180,247,1,1
L1L2-to-L3,180,250,1,1
L1L2-to-L3,180,254,1,1
L1L2-to-L3,181,0,1,1
L1L2-to-L3,181,3,1,1
L1L2-to-L3,181,9,1,1
L1L2-to-L3,181,11,1,1
L1L2-to-L3,181,12,1,1
L1L2-to-L3,181,14,1,1
L1L2-to-L3,181,17,1,1
L1L2-to-L3,181,18,1,1
L1L2-to-L3,181,20,1,1
L1L2-to-L3,181,21,1,1
L1L2-to-L3,181,22,1,1
L1L2-to-L3,181,27,1,1
L1L2-to-L3,181,34,1,1
L1L2-to-L3,181,37,1,1
L1L2-to-L3,181,38,1,1
L1L2-to-L3,181,42,1,1
L1L2-to-L3,181,45,1,1
L1L2-to-L3,181,46,1,1
L1L2-to-L3,181,50,1,1
L1L2-to-L3,181,53,1,1
L1L2-to-L3,181,55,1,1
L1L2-to-L3,181,56,1,1
L1L2-to-L3,181,59,1,1
L1L2-to-L3,181,64,1,1
L1L2-to-L3,181,65,1,1
L1L2-to-L3,181,73,1,1
L1L2-to-L3,181,76,1,1
L1L2-to-L3,181,77,1,1
L1L2-to-L3,181,81,1,1
L1L2-to-L3,181,85,1,1
L1L2-to-L3,181,90,1,1
L1L2-to-L3,181,91,1,1
L1L2-to-L3,181,96,1,1
L1L2-to-L3,181,97,1,1
L1L2-to-L3,181,99,1,1
L1L2-to-L3,181,101,1,1
L1L2-to-L3,181,102,1,1
L1L2-to-L3,181,112,1,1
L1L2-to-L3,181,113,1,1
L1L2-to-L3,181,115,1,1
L1L2-to-L3,181,117,1,1
L1L2-to-L3,181,120,1,1
L1L2-to-L3,181,122,1,1
L1L2-to-L3,181,123,1,1
L1L2-to-L3,181,124,1,1
L1L2-to-L3,181,127,1,1
L1L2-to-L3,181,130,1,1
L1L2-to-L3,181,131,1,1
L1L2-to-L3,181,132,1,1
L1L2-to-L3,181,137,1,1
L1L2-to-L3,181,139,1,1
L1L2-to-L3,181,143,1,1
L1L2-to-L3,181,145,1,1
L1L2-to-L3,181,146,1,1
L1L2-to-L3,181,149,1,1
L1L2-to-L3,181,150,1,1
L1L2-to-L3,181,151,1,1
L1L2-to-L3,181,153,1,1
L1L2-to-L3,181,154,1,1
L1L2-to-L3,181,157,1,1
L1L2-to-L3,181,158,1,1
L1L2-to-L3,181,163,1,1
L1L2-to-L3,181,164,1,1
L1L2-to-L3,181,165,1,1
L1L2-to-L3,181,166,1,1
L1L2-to-L3,181,167,1,1
L1L2-to-L3,181,168,1,1
L1L2-to-L3,181,169,1,1
L1L2-to-L3,181,170,1,1
L1L2-to-L3,181,171,1,1
L1L2-to-L3,181,180,1,1
L1L2-to-L3,181,182,1,1
L1L2-to-L3,181,187,1,1
L1L2-to-L3,181,188,1,1
L1L2-to-L3,181,191,1,1
L1L2-to-L3,181,193,1,1
L1L2-to-L3,181,195,1,1
L1L2-to-L3,181,197,1,1
L1L2-to-L3,181,198,1,1
L1L2-to-L3,181,200,1,1
L1L2-to-L3,181,212,1,1
L1L2-to-L3,181,213,1,1
L1L2-to-L3,181,214,1,1
L1L2-to-L3,181,218,1,1
L1L2-to-L3,181,219,1,1
L1L2-to-L3,181,223,1,1
L1L2-to-L3,181,224,1,1
L1L2-to-L3,181,225,1,1
L1L2-to-L3,181,226,1,1
L1L2-to-L3,181,229,1,1
L1L2-to-L3,181,230,1,1
L1L2-to-L3,181,231,1,1
L1L2-to-L3,181,233,1,1
L1L2-to-L3,181,237,1,1
L1L2-to-L3,181,238,1,1
L1L2-to-L3,181,239,1,1
L1L2-to-L3,181,242,1,1
L1L2-to-L3,181,243,1,1
L1L2-to-L3,181,244,1,1
L1L2-to-L3,181,247,1,1
L1L2-to-L3,181,250,1,1
L1L2-to-L3,182,2,1,1
L1L2-to-L3,182,4,1,1
L1L2-to-L3,182,9,1,1
L1L2-to-L3,182,10,1,1
L1L2-to-L3,182,12,1,1
L1L2-to-L3,182,13,1,1
L1L2-to-L3,182,15,1,1
L1L2-to-L3,182,21,1,1
L1L2-to-L3,182,26,1,1
L1L2-to-L3,182,29,1,1
L1L2-to-L3,182,33,1,1
L1L2-to-L3,182,34,1,1
L1L2-to-L3,182,38,1,1
L1L2-to-L3,182,39,1,1
L1L2-to-L3,182,43,1,1
L1L2-to-L3,182,44,1,1
L1L2-to-L3,182,45,1,1
L1L2-to-L3,182,46,1,1
L1L2-to-L3,182,49,1,1
L1L2-to-L3,182,50,1,1
L1L2-to-L3,182,51,1,1
L1L2-to-L3,182,52,1,1
L1L2-to-L3,182,53,1,1
L1L2-to-L3,182,56,1,1
L1L2-to-L3,182,60,1,1
L1L2-to-L3,182,61,1,1
L1L2-to-L3,182,64,1,1
L1L2-to-L3,182,66,1,1
L1L2-to-L3,182,68,1,1
L1L2-to-L3,182,69,1,1
L1L2-to-L3,182,71,1,1
L1L2-to-L3,182,74,1,1
L1L2-to-L3,182,76,1,1
L1L2-to-L3,182,78,1,1
L1L2-to-L3,182,79,1,1
L1L2-to-L3,182,81,1,1
L1L2-to-L3,182,83,1,1
L1L2-to-L3,182,86,1,1
L1L2-to-L3,182,87,1,1
L1L2-to-L3,182,98,1,1
L1L2-to-L3,182,99,1,1
L1L2-to-L3,182,100,1,1
L1L2-to-L3,182,103,1,1
L1L2-to-L3,182,104,1,1
L1L2-to-L3,182,106,1,1
L1L2-to-L3,182,108,1,1
L1L2-to-L3,182,110,1,1
L1L2-to-L3,182,114,1,1
L1L2-to-L3,182,116,1,1
L1L2-to-L3,182,117,1,1
L1L2-to-L3,182,125,1,1
L1L2-to-L3,182,126,1,1
L1L2-to-L3,182,127,1,1
L1L2-to-L3,182,132,1,1
L1L2-to-L3,182,136,1,1
L1L2-to-L3,182,138,1,1
L1L2-to-L3,182,139,1,1
L1L2-to-L3,182,146,1,1
L1L2-to-L3,182,148,1,1
L1L2-to-L3,182,150,1,1
L1L2-to-L3,182,151,1,1
L1L2-to-L3,182,152,1,1
L1L2-to-L3,182,154,1,1
L1L2-to-L3,182,156,1,1
L1L2-to-L3,182,160,1,1
L1L2-to-L3,182,165,1,1
L1L2-to-L3,182,167,1,1
L1L2-to-L3,182,169,1,1
L1L2-to-L3,182,172,1,1
L1L2-to-L3,182,175,1,1
L1L2-to-L3,182,177,1,1
L1L2-to-L3,182,180,1,1
L1L2-to-L3,182,182,1,1
L1L2-to-L3,182,186,1,1
L1L2-to-L3,182,187,1,1
L1L2-to-L3,182,190,1,1
L1L2-to-L3,182,193,1,1
L1L2-to-L3,182,195,1,1
L1L2-to-L3,182,197,1,1
L1L2-to-L3,182,199,1,1
L1L2-to-L3,182,201,1,1
L1L2-to-L3,182,205,1,1
L1L2-to-L3,182,209,1,1
L1L2-to-L3,182,211,1,1
L1L2-to-L3,182,213,1,1
L1L2-to-L3,182,215,1,1
L1L2-to-L3,182,216,1,1
L1L2-to-L3,182,219,1,1
L1L2-to-L3,182,220,1,1
L1L2-to-L3,182,221,1,1
L1L2-to-L3,182,230,1,1
L1L2-to-L3,182,233,1,1
L1L2-to-L3,182,234,1,1
L1L2-to-L3,182,236,1,1
L1L2-to-L3,182,237,1,1
L1L2-to-L3,182,241,1,1
L1L2-to-L3,182,242,1,1
L1L2-to-L3,182,244,1,1
L1L2-to-L3,182,246,1,1
L1L2-to-L3,182,247,1,1
L1L2-to-L3,182,249,1,1
L1L2-to-L3,182,250,1,1
L1L2-to-L3,182,251,1,1
L1L2-to-L3,182,252,1,1
L1L2-to-L3,182,255,1,1
L1L2-to-L3,183,0,1,1
L1L2-to-L3,183,1,1,1
L1L2-to-L3,183,4,1,1
L1L2-to-L3,183,5,1,1
L1L2-to-L3,183,13,1,1
L1L2-to-L3,183,15,1,1
L1L2-to-L3,183,31,1,1
L1L2-to-L3,183,39,1,1
L1L2-to-L3,183,43,1,1
L1L2-to-L3,183,54,1,1
L1L2-to-L3,183,55,1,1
L1L2-to-L3,183,56,1,1
L1L2-to-L3,183,59,1,1
L1L2-to-L3,183,67,1,1
L1L2-to-L3,183,68,1,1
L1L2-to-L3,183,70,1,1
L1L2-to-L3,183,74,1,1
L1L2-to-L3,183,79,1,1
L1L2-to-L3,183,80,1,1
L1L2-to-L3,183,83,1,1
L1L2-to-L3,183,86,1,1
L1L2-to-L3,183,89,1,1
L1L2-to-L3,183,90,1,1
L1L2-to-L3,183,96,1,1
L1L2-to-L3,183,97,1,1
L1L2-to-L3,183,103,1,1
L1L2-to-L3,183,110,1,1
L1L2-to-L3,183,114,1,1
L1L2-to-L3,183,115,1,1
L1L2-to-L3,183,116,1,1
L1L2-to-L3,183,118,1,1
L1L2-to-L3,183,120,1,1
L1L2-to-L3,183,122,1,1
L1L2-to-L3,183,127,1,1
L1L2-to-L3,183,132,1,1
L1L2-to-L3,183,133,1,1
L1L2-to-L3,183,134,1,1
L1L2-to-L3,183,136,1,1
L1L2-to-L3,183,138,1,1
L1L2-to-L3,183,140,1,1
L1L2-to-L3,183,143,1,1
L1L2-to-L3,183,149,1,1
L1L2-to-L3,183,151,1,1
L1L2-to-L3,183,157,1,1
L1L2-to-L3,183,158,1,1
L1L2-to-L3,183,169,1,1
L1L2-to-L3,183,170,1,1
L1L2-to-L3,183,173,1,1
L1L2-to-L3,183,174,1,1
L1L2-to-L3,183,176,1,1
L1L2-to-L3,183,192,1,1
L1L2-to-L3,183,194,1,1
L1L2-to-L3,183,198,1,1
L1L2-to-L3,183,200,1,1
L1L2-to-L3,183,205,1,1
L1L2-to-L3,183,210,1,1
L1L2-to-L3,183,211,1,1
L1L2-to-L3,183,212,1,1
L1L2-to-L3,183,213,1,1
L1L2-to-L3,183,214,1,1
L1L2-to-L3,183,215,1,1
L1L2-to-L3,183,216,1,1
L1L2-to-L3,183,218,1,1
L1L2-to-L3,183,219,1,1
L1L2-to-L3,183,220,1,1
L1L2-to-L3,183,222,1,1
L1L2-to-L3,183,225,1,1
L1L2-to-L3,183,232,1,1
L1L2-to-L3,183,236,1,1
L1L2-to-L3,183,237,1,1
L1L2-to-L3,183,238,1,1
L1L2-to-L3,183,239,1,1
L1L2-to-L3,183,240,1,1
L1L2-to-L3,183,241,1,1
L1L2-to-L3,183,245,1,1
L1L2-to-L3,183,247,1,1
L1L2-to-L3,183,250,1,1
L1L2-to-L3,183,251,1,1
L1L2-to-L3,184,0,1,1
L1L2-to-L3,184,4,1,1
L1L2-to-L3,184,5,1,1
L1L2-to-L3,184,9,1,1
L1L2-to-L3,184,13,1,1
L1L2-to-L3,184,17,1,1
L1L2-to-L3,184,18,1,1
L1L2-to-L3,184,20,1,1
L1L2-to-L3,184,21,1,1
L1L2-to-L3,184,22,1,1
L1L2-to-L3,184,25,1,1
L1L2-to-L3,184,27,1,1
L1L2-to-L3,184,29,1,1
L1L2-to-L3,184,33,1,1
L1L2-to-L3,184,35,1,1
L1L2-to-L3,184,37,1,1
L1L2-to-L3,184,38,1,1
L1L2-to-L3,184,39,1,1
L1L2-to-L3,184,41,1,1
L1L2-to-L3,184,47,1,1
L1L2-to-L3,184,49,1,1
L1L2-to-L3,184,56,1,1
L1L2-to-L3,184,57,1,1
L1L2-to-L3,184,60,1,1
L1L2-to-L3,184,65,1,1
L1L2-to-L3,184,69,1,1
L1L2-to-L3,184,72,1,1
L1L2-to-L3,184,74,1,1
L1L2-to-L3,184,75,1,1
L1L2-to-L3,184,76,1,1
L1L2-to-L3,184,88,1,1
L1L2-to-L3,184,90,1,1
L1L2-to-L3,184,92,1,1
L1L2-to-L3,184,98,1,1
L1L2-to-L3,184,103,1,1
L1L2-to-L3,184,104,1,1
L1L2-to-L3,184,106,1,1
L1L2-to-L3,184,108,1,1
L1L2-to-L3,184,109,1,1
L1L2-to-L3,184,110,1,1
L1L2-to-L3,184,111,1,1
L1L2-to-L3,184,112,1,1
L1L2-to-L3,184,114,1,1
L1L2-to-L3,184,115,1,1
L1L2-to-L3,184,116,1,1
L1L2-to-L3,184,121,1,1
L1L2-to-L3,184,125,1,1
L1L2-to-L3,184,127,1,1
L1L2-to-L3,184,129,1,1
L1L2-to-L3,184,131,1,1
L1L2-to-L3,184,132,1,1
L1L2-to-L3,184,135,1,1
L1L2-to-L3,184,138,1,1
L1L2-to-L3,184,141,1,1
L1L2-to-L3,184,143,1,1
L1L2-to-L3,184,144,1,1
L1L2-to-L3,184,150,1,1
L1L2-to-L3,184,152,1,1
L1L2-to-L3,184,153,1,1
L1L2-to-L3,184,156,1,1
L1L2-to-L3,184,158,1,1
L1L2-to-L3,184,159,1,1
L1L2-to-L3,184,166,1,1
L1L2-to-L3,184,171,1,1
L1L2-to-L3,184,173,1,1
L1L2-to-L3,184,174,1,1
L1L2-to-L3,184,177,1,1
L1L2-to-L3,184,180,1,1
L1L2-to-L3,184,182,1,1
L1L2-to-L3,184,183,1,1
L1L2-to-L3,184,186,1,1
L1L2-to-L3,184,187,1,1
L1L2-to-L3,184,190,1,1
L1L2-to-L3,184,191,1,1
L1L2-to-L3,184,192,1,1
L1L2-to-L3,184,196,1,1
L1L2-to-L3,184,203,1,1
L1L2-to-L3,184,205,1,1
L1L2-to-L3,184,206,1,1
L1L2-to-L3,184,208,1,1
L1L2-to-L3,184,209,1,1
L1L2-to-L3,184,215,1,1
L1L2-to-L3,184,216,1,1
L1L2-to-L3,184,219,1,1
L1L2-to-L3,184,221,1,1
L1L2-to-L3,184,225,1,1
L1L2-to-L3,184,227,1,1
L1L2-to-L3,184,231,1,1
L1L2-to-L3,184,232,1,1
L1L2-to-L3,184,237,1,1
L1L2-to-L3,184,239,1,1
L1L2-to-L3,184,244,1,1
L1L2-to-L3,184,246,1,1
L1L2-to-L3,184,252,1,1
L1L2-to-L3,184,253,1,1
L1L2-to-L3,184,254,1,1
L1L2-to-L3,185,1,1,1
L1L2-to-L3,185,2,1,1
L1L2-to-L3,185,5,1,1
L1L2-to-L3,185,7,1,1
L1L2-to-L3,185,8,1,1
L1L2-to-L3,185,12,1,1
L1L2-to-L3,185,13,1,1
L1L2-to-L3,185,14,1,1
L1L2-to-L3,185,22,1,1
L1L2-to-L3,185,23,1,1
L1L2-to-L3,185,24,1,1
L1L2-to-L3,185,31,1,1
L1L2-to-L3,185,35,1,1
L1L2-to-L3,185,36,1,1
L1L2-to-L3,185,40,1,1
L1L2-to-L3,185,49,1,1
L1L2-to-L3,185,50,1,1
L1L2-to-L3,185,53,1,1
L1L2-to-L3,185,56,1,1
L1L2-to-L3,185,62,1,1
L1L2-to-L3,185,65,1,1
L1L2-to-L3,185,67,1,1
L1L2-to-L3,185,72,1,1
L1L2-to-L3,185,74,1,1
L1L2-to-L3,185,82,1,1
L1L2-to-L3,185,92,1,1
L1L2-to-L3,185,100,1,1
L1L2-to-L3,185,102,1,1
L1L2-to-L3,185,103,1,1
L1L2-to-L3,185,111,1,1
L1L2-to-L3,185,113,1,1
L1L2-to-L3,185,115,1,1
L1L2-to-L3,185,116,1,1
L1L2-to-L3,185,118,1,1
L1L2-to-L3,185,119,1,1
L1L2-to-L3,185,123,1,1
L1L2-to-L3,185,127,1,1
L1L2-to-L3,185,128,1,1
L1L2-to-L3,185,129,1,1
L1L2-to-L3,185,132,1,1
L1L2-to-L3,185,134,1,1
L1L2-to-L3,185,135,1,1
L1L2-to-L3,185,136,1,1
L1L2-to-L3,185,140,1,1
L1L2-to-L3,185,144,1,1
L1L2-to-L3,185,148,1,1
L1L2-to-L3,185,149,1,1
L1L2-to-L3,185,151,1,1
L1L2-to-L3,185,152,1,1
L1L2-to-L3,185,153,1,1
L1L2-to-L3,185,161,1,1
L1L2-to-L3,185,162,1,1
L1L2-to-L3,185,163,1,1
L1L2-to-L3,185,174,1,1
L1L2-to-L3,185,176,1,1
L1L2-to-L3,185,177,1,1
L1L2-to-L3,185,178,1,1
L1L2-to-L3,185,179,1,1
L1L2-to-L3,185,181,1,1
L1L2-to-L3,185,183,1,1
L1L2-to-L3,185,189,1,1
L1L2-to-L3,185,191,1,1
L1L2-to-L3,185,192,1,1
L1L2-to-L3,185,193,1,1
L1L2-to-L3,185,194,1,1
L1L2-to-L3,185,195,1,1
L1L2-to-L3,185,196,1,1
L1L2-to-L3,185,197,1,1
L1L2-to-L3,185,198,1,1
L1L2-to-L3,185,199,1,1
L1L2-to-L3,185,201,1,1
L1L2-to-L3,185,202,1,1
L1L2-to-L3,185,203,1,1
L1L2-to-L3,185,207,1,1
L1L2-to-L3,185,211,1,1
L1L2-to-L3,185,216,1,1
L1L2-to-L3,185,221,1,1
L1L2-to-L3,185,222,1,1
L1L2-to-L3,185,225,1,1
L1L2-to-L3,185,227,1,1
L1L2-to-L3,185,231,1,1
L1L2-to-L3,185,233,1,1
L1L2-to-L3,185,234,1,1
L1L2-to-L3,185,236,1,1
L1L2-to-L3,185,238,1,1
L1L2-to-L3,185,239,1,1
L1L2-to-L3,185,240,1,1
L1L2-to-L3,185,242,1,1
L1L2-to-L3,185,246,1,1
L1L2-to-L3,185,247,1,1
L1L2-to-L3,185,248,1,1
L1L2-to-L3,185,249,1,1
L1L2-to-L3,185,251,1,1
L1L2-to-L3,185,252,1,1
L1L2-to-L3,185,253,1,1
L1L2-to-L3,186,4,1,1
L1L2-to-L3,186,6,1,1
L1L2-to-L3,186,8,1,1
L1L2-to-L3,186,12,1,1
L1L2-to-L3,186,13,1,1
L1L2-to-L3,186,14,1,1
L1L2-to-L3,186,16,1,1
L1L2-to-L3,186,18,1,1
L1L2-to-L3,186,19,1,1
L1L2-to-L3,186,22,1,1
L1L2-to-L3,186,23,1,1
L1L2-to-L3,186,30,1,1
L1L2-to-L3,186,31,1,1
L1L2-to-L3,186,38,1,1
L1L2-to-L3,186,42,1,1
L1L2-to-L3,186,43,1,1
L1L2-to-L3,186,50,1,1
L1L2-to-L3,186,56,1,1
L1L2-to-L3,186,62,1,1
L1L2-to-L3,186,64,1,1
L1L2-to-L3,186,73,1,1
L1L2-to-L3,186,79,1,1
L1L2-to-L3,186,81,1,1
L1L2-to-L3,186,83,1,1
L1L2-to-L3,186,84,1,1
L1L2-to-L3,186,87,1,1
L1L2-to-L3,186,88,1,1
L1L2-to-L3,186,97,1,1
L1L2-to-L3,186,99,1,1
L1L2-to-L3,186,104,1,1
L1L2-to-L3,186,106,1,1
L1L2-to-L3,186,107,1,1
L1L2-to-L3,186,108,1,1
L1L2-to-L3,186,110,1,1
L1L2-to-L3,186,112,1,1
L1L2-to-L3,186,114,1,1
L1L2-to-L3,186,117,1,1
L1L2-to-L3,186,118,1,1
L1L2-to-L3,186,121,1,1
L1L2-to-L3,186,124,1,1
L1L2-to-L3,186,128,1,1
L1L2-to-L3,186,131,1,1
L1L2-to-L3,186,132,1,1
L1L2-to-L3,186,136,1,1
L1L2-to-L3,186,137,1,1
L1L2-to-L3,186,140,1,1
L1L2-to-L3,186,141,1,1
L1L2-to-L3,186,144,1,1
L1L2-to-L3,186,145,1,1
L1L2-to-L3,186,146,1,1
L1L2-to-L3,186,151,1,1
L1L2-to-L3,186,153,1,1
L1L2-to-L3,186,156,1,1
L1L2-to-L3,186,161,1,1
L1L2-to-L3,186,165,1,1
L1L2-to-L3,186,167,1,1
L1L2-to-L3,186,168,1,1
L1L2-to-L3,186,169,1,1
L1L2-to-L3,186,174,1,1
L1L2-to-L3,186,177,1,1
L1L2-to-L3,186,178,1,1
L1L2-to-L3,186,181,1,1
L1L2-to-L3,186,182,1,1
L1L2-to-L3,186,186,1,1
L1L2-to-L3,186,187,1,1
L1L2-to-L3,186,189,1,1
L1L2-to-L3,186,190,1,1
L1L2-to-L3,186,191,1,1
L1L2-to-L3,186,193,1,1
L1L2-to-L3,186,194,1,1
L1L2-to-L3,186,195,1,1
L1L2-to-L3,186,196,1,1
L1L2-to-L3,186,198,1,1
L1L2-to-L3,186,207,1,1
L1L2-to-L3,186,209,1,1
L1L2-to-L3,186,212,1,1
L1L2-to-L3,186,215,1,1
L1L2-to-L3,186,217,1,1
L1L2-to-L3,186,218,1,1
L1L2-to-L3,186,221,1,1
L1L2-to-L3,186,222,1,1
L1L2-to-L3,186,225,1,1
L1L2-to-L3,186,226,1,1
L1L2-to-L3,186,229,1,1
L1L2-to-L3,186,230,1,1
L1L2-to-L3,186,236,1,1
L1L2-to-L3,186,241,1,1
L1L2-to-L3,186,246,1,1
L1L2-to-L3,186,247,1,1
L1L2-to-L3,186,248,1,1
L1L2-to-L3,186,249,1,1
L1L2-to-L3,186,255,1,1
L1L2-to-L3,187,8,1,1
L1L2-to-L3,187,9,1,1
L1L2-to-L3,187,11,1,1
L1L2-to-L3,187,15,1,1
L1L2-to-L3,187,23,1,1
L1L2-to-L3,187,24,1,1
L1L2-to-L3,187,26,1,1
L1L2-to-L3,187,28,1,1
L1L2-to-L3,187,31,1,1
L1L2-to-L3,187,32,1,1
L1L2-to-L3,187,36,1,1
L1L2-to-L3,187,37,1,1
L1L2-to-L3,187,38,1,1
L1L2-to-L3,187,42,1,1
L1L2-to-L3,187,43,1,1
L1L2-to-L3,187,49,1,1
L1L2-to-L3,187,55,1,1
L1L2-to-L3,187,56,1,1
L1L2-to-L3,187,57,1,1
L1L2-to-L3,187,58,1,1
L1L2-to-L3,187,59,1,1
L1L2-to-L3,187,60,1,1
L1L2-to-L3,187,62,1,1
L1L2-to-L3,187,69,1,1
L1L2-to-L3,187,70,1,1
L1L2-to-L3,187,71,1,1
L1L2-to-L3,187,77,1,1
L1L2-to-L3,187,78,1,1
L1L2-to-L3,187,82,1,1
L1L2-to-L3,187,90,1,1
L1L2-to-L3,187,91,1,1
L1L2-to-L3,187,93,1,1
L1L2-to-L3,187,95,1,1
L1L2-to-L3,187,98,1,1
L1L2-to-L3,187,102,1,1
L1L2-to-L3,187,103,1,1
L1L2-to-L3,187,108,1,1
L1L2-to-L3,187,109,1,1
L1L2-to-L3,187,111,1,1
L1L2-to-L3,187,113,1,1
L1L2-to-L3,187,117,1,1
L1L2-to-L3,187,118,1,1
L1L2-to-L3,187,119,1,1
L1L2-to-L3,187,123,1,1
L1L2-to-L3,187,124,1,1
L1L2-to-L3,187,125,1,1
L1L2-to-L3,187,126,1,1
L1L2-to-L3,187,135,1,1
L1L2-to-L3,187,137,1,1
L1L2-to-L3,187,138,1,1
L1L2-to-L3,187,139,1,1
L1L2-to-L3,187,142,1,1
L1L2-to-L3,187,143,1,1
L1L2-to-L3,187,148,1,1
L1L2-to-L3,187,149,1,1
L1L2-to-L3,187,154,1,1
L1L2-to-L3,187,159,1,1
L1L2-to-L3,187,160,1,1
L1L2-to-L3,187,166,1,1
L1L2-to-L3,187,168,1,1
L1L2-to-L3,187,169,1,1
L1L2-to-L3,187,172,1,1
L1L2-to-L3,187,175,1,1
L1L2-to-L3,187,176,1,1
L1L2-to-L3,187,177,1,1
L1L2-to-L3,187,180,1,1
L1L2-to-L3,187,181,1,1
L1L2-to-L3,187,182,1,1
L1L2-to-L3,187,183,1,1
L1L2-to-L3,187,191,1,1
L1L2-to-L3,187,192,1,1
L1L2-to-L3,187,195,1,1
L1L2-to-L3,187,196,1,1
L1L2-to-L3,187,198,1,1
L1L2-to-L3,187,200,1,1
L1L2-to-L3,187,203,1,1
L1L2-to-L3,187,205,1,1
L1L2-to-L3,187,206,1,1
L1L2-to-L3,187,208,1,1
L1L2-to-L3,187,213,1,1
L1L2-to-L3,187,215,1,1
L1L2-to-L3,187,220,1,1
L1L2-to-L3,187,225,1,1
L1L2-to-L3,187,227,1,1
L1L2-to-L3,187,234,1,1
L1L2-to-L3,187,235,1,1
L1L2-to-L3,187,238,1,1
L1L2-to-L3,187,239,1,1
L1L2-to-L3,187,241,1,1
L1L2-to-L3,187,244,1,1
L1L2-to-L3,187,245,1,1
L1L2-to-L3,187,253,1,1
L1L2-to-L3,187,254,1,1
L1L2-to-L3,188,0,1,1
L1L2-to-L3,188,1,1,1
L1L2-to-L3,188,4,1,1
L1L2-to-L3,188,7,1,1
L1L2-to-L3,188,8,1,1
L1L2-to-L3,188,9,1,1
L1L2-to-L3,188,16,1,1
L1L2-to-L3,188,17,1,1
L1L2-to-L3,188,19,1,1
L1L2-to-L3,188,21,1,1
L1L2-to-L3,188,23,1,1
L1L2-to-L3,188,24,1,1
L1L2-to-L3,188,27,1,1
L1L2-to-L3,188,28,1,1
L1L2-to-L3,188,31,1,1
L1L2-to-L3,188,32,1,1
L1L2-to-L3,188,34,1,1
L1L2-to-L3,188,35,1,1
L1L2-to-L3,188,46,1,1
L1L2-to-L3,188,48,1,1
L1L2-to-L3,188,52,1,1
L1L2-to-L3,188,55,1,1
L1L2-to-L3,188,62,1,1
L1L2-to-L3,188,65,1,1
L1L2-to-L3,188,67,1,1
L1L2-to-L3,188,68,1,1
L1L2-to-L3,188,70,1,1
L1L2-to-L3,188,73,1,1
L1L2-to-L3,188,74,1,1
L1L2-to-L3,188,76,1,1
L1L2-to-L3,188,77,1,1
L1L2-to-L3,188,78,1,1
L1L2-to-L3,188,80,1,1
L1L2-to-L3,188,83,1,1
L1L2-to-L3,188,84,1,1
L1L2-to-L3,188,86,1,1
L1L2-to-L3,188,88,1,1
L1L2-to-L3,188,89,1,1
L1L2-to-L3,188,91,1,1
L1L2-to-L3,188,96,1,1
L1L2-to-L3,188,98,1,1
L1L2-to-L3,188,100,1,1
L1L2-to-L3,188,103,1,1
L1L2-to-L3,188,105,1,1
L1L2-to-L3,188,110,1,1
L1L2-to-L3,188,113,1,1
L1L2-to-L3,188,118,1,1
L1L2-to-L3,188,119,1,1
L1L2-to-L3,188,120,1,1
L1L2-to-L3,188,125,1,1
L1L2-to-L3,188,131,1,1
L1L2-to-L3,188,148,1,1
L1L2-to-L3,188,149,1,1
L1L2-to-L3,188,153,1,1
L1L2-to-L3,188,155,1,1
L1L2-to-L3,188,156,1,1
L1L2-to-L3,188,157,1,1
L1L2-to-L3,188,159,1,1
L1L2-to-L3,188,160,1,1
L1L2-to-L3,188,162,1,1
L1L2-to-L3,188,166,1,1
L1L2-to-L3,188,168,1,1
L1L2-to-L3,188,170,1,1
L1L2-to-L3,188,172,1,1
L1L2-to-L3,188,174,1,1
L1L2-to-L3,188,176,1,1
L1L2-to-L3,188,180,1,1
L1L2-to-L3,188,181,1,1
L1L2-to-L3,188,184,1,1
L1L2-to-L3,188,190,1,1
L1L2-to-L3,188,192,1,1
L1L2-to-L3,188,193,1,1
L1L2-to-L3,188,196,1,1
L1L2-to-L3,188,197,1,1
L1L2-to-L3,188,198,1,1
L1L2-to-L3,188,200,1,1
L1L2-to-L3,188,202,1,1
L1L2-to-L3,188,203,1,1
L1L2-to-L3,188,204,1,1
L1L2-to-L3,188,208,1,1
L1L2-to-L3,188,209,1,1
L1L2-to-L3,188,210,1,1
L1L2-to-L3,188,211,1,1
L1L2-to-L3,188,213,1,1
L1L2-to-L3,188,214,1,1
L1L2-to-L3,188,216,1,1
L1L2-to-L3,188,218,1,1
L1L2-to-L3,188,219,1,1
L1L2-to-L3,188,220,1,1
L1L2-to-L3,188,221,1,1
L1L2-to-L3,188,222,1,1
L1L2-to-L3,188,223,1,1
L1L2-to-L3,188,226,1,1
L1L2-to-L3,188,227,1,1
L1L2-to-L3,188,231,1,1
L1L2-to-L3,188,243,1,1
L1L2-to-L3,188,246,1,1
L1L2-to-L3,188,250,1,1
L1L2-to-L3,188,251,1,1
L1L2-to-L3,188,252,1,1
L1L2-to-L3,188,254,1,1
L1L2-to-L3,188,255,1,1
L1L2-to-L3,189,0,1,1
L1L2-to-L3,189,8,1,1
L1L2-to-L3,189,10,1,1
L1L2-to-L3,189,19,1,1
L1L2-to-L3,189,21,1,1
L1L2-to-L3,189,34,1,1
L1L2-to-L3,189,35,1,1
L1L2-to-L3,189,37,1,1
L1L2-to-L3,189,38,1,1
L1L2-to-L3,189,41,1,1
L1L2-to-L3,189,42,1,1
L1L2-to-L3,189,45,1,1
L1L2-to-L3,189,46,1,1
L1L2-to-L3,189,48,1,1
L1L2-to-L3,189,54,1,1
L1L2-to-L3,189,57,1,1
L1L2-to-L3,189,62,1,1
L1L2-to-L3,189,64,1,1
L1L2-to-L3,189,66,1,1
L1L2-to-L3,189,70,1,1
L1L2-to-L3,189,71,1,1
L1L2-to-L3,189,73,1,1
L1L2-to-L3,189,76,1,1
L1L2-to-L3,189,77,1,1
L1L2-to-L3,189,78,1,1
L1L2-to-L3,189,80,1,1
L1L2-to-L3,189,84,1,1
L1L2-to-L3,189,88,1,1
L1L2-to-L3,189,91,1,1
L1L2-to-L3,189,93,1,1
L1L2-to-L3,189,94,1,1
L1L2-to-L3,189,95,1,1
L1L2-to-L3,189,100,1,1
L1L2-to-L3,189,102,1,1
L1L2-to-L3,189,106,1,1
L1L2-to-L3,189,107,1,1
L1L2-to-L3,189,110,1,1
L1L2-to-L3,189,111,1,1
L1L2-to-L3,189,113,1,1
L1L2-to-L3,189,115,1,1
L1L2-to-L3,189,120,1,1
L1L2-to-L3,189,121,1,1
L1L2-to-L3,189,125,1,1
L1L2-to-L3,189,127,1,1
L1L2-to-L3,189,128,1,1
L1L2-to-L3,189,129,1,1
L1L2-to-L3,189,130,1,1
L1L2-to-L3,189,131,1,1
L1L2-to-L3,189,136,1,1
L1L2-to-L3,189,138,1,1
L1L2-to-L3,189,143,1,1
L1L2-to-L3,189,144,1,1
L1L2-to-L3,189,147,1,1
L1L2-to-L3,189,149,1,1
L1L2-to-L3,189,150,1,1
L1L2-to-L3,189,151,1,1
L1L2-to-L3,189,153,1,1
L1L2-to-L3,189,156,1,1
L1L2-to-L3,189,158,1,1
L1L2-to-L3,189,162,1,1
L1L2-to-L3,189,163,1,1
L1L2-to-L3,189,164,1,1
L1L2-to-L3,189,166,1,1
L1L2-to-L3,189,169,1,1
L1L2-to-L3,189,170,1,1
L1L2-to-L3,189,172,1,1
L1L2-to-L3,189,173,1,1
L1L2-to-L3,189,174,1,1
L1L2-to-L3,189,175,1,1
L1L2-to-L3,189,177,1,1
L1L2-to-L3,189,180,1,1
L1L2-to-L3,189,182,1,1
L1L2-to-L3,189,186,1,1
L1L2-to-L3,189,187,1,1
L1L2-to-L3,189,192,1,1
L1L2-to-L3,189,194,1,1
L1L2-to-L3,189,201,1,1
L1L2-to-L3,189,203,1,1
L1L2-to-L3,189,205,1,1
L1L2-to-L3,189,206,1,1
L1L2-to-L3,189,208,1,1
L1L2-to-L3,189,210,1,1
L1L2-to-L3,189,212,1,1
L1L2-to-L3,189,213,1,1
L1L2-to-L3,189,214,1,1
L1L2-to-L3,189,215,1,1
L1L2-to-L3,189,216,1,1
L1L2-to-L3,189,222,1,1
L1L2-to-L3,189,223,1,1
L1L2-to-L3,189,226,1,1
L1L2-to-L3,189,228,1,1
L1L2-to-L3,189,230,1,1
L1L2-to-L3,189,231,1,1
L1L2-to-L3,189,232,1,1
L1L2-to-L3,189,233,1,1
L1L2-to-L3,189,234,1,1
L1L2-to-L3,189,236,1,1
L1L2-to-L3,189,238,1,1
L1L2-to-L3,189,239,1,1
L1L2-to-L3,189,242,1,1
L1L2-to-L3,189,244,1,1
L1L2-to-L3,189,245,1,1
L1L2-to-L3,189,248,1,1
L1L2-to-L3,189,249,1,1
L1L2-to-L3,189,252,1,1
L1L2-to-L3,189,254,1,1
L1L2-to-L3,189,255,1,1
L1L2-to-L3,190,1,1,1
L1L2-to-L3,190,2,1,1
L1L2-to-L3,190,3,1,1
L1L2-to-L3,190,4,1,1
L1L2-to-L3,190,12,1,1
L1L2-to-L3,190,16,1,1
L1L2-to-L3,190,24,1,1
L1L2-to-L3,190,27,1,1
L1L2-to-L3,190,29,1,1
L1L2-to-L3,190,32,1,1
L1L2-to-L3,190,33,1,1
L1L2-to-L3,190,36,1,1
L1L2-to-L3,190,39,1,1
L1L2-to-L3,190,40,1,1
L1L2-to-L3,190,42,1,1
L1L2-to-L3,190,44,1,1
L1L2-to-L3,190,46,1,1
L1L2-to-L3,190,49,1,1
L1L2-to-L3,190,50,1,1
L1L2-to-L3,190,51,1,1
L1L2-to-L3,190,53,1,1
L1L2-to-L3,190,55,1,1
L1L2-to-L3,190,60,1,1
L1L2-to-L3,190,62,1,1
L1L2-to-L3,190,66,1,1
L1L2-to-L3,190,67,1,1
L1L2-to-L3,190,72,1,1
L1L2-to-L3,190,74,1,1
L1L2-to-L3,190,80,1,1
L1L2-to-L3,190,81,1,1
L1L2-to-L3,190,88,1,1
L1L2-to-L3,190,93,1,1
L1L2-to-L3,190,95,1,1
L1L2-to-L3,190,96,1,1
L1L2-to-L3,190,97,1,1
L1L2-to-L3,190,98,1,1
L1L2-to-L3,190,102,1,1
L1L2-to-L3,190,106,1,1
L1L2-to-L3,190,109,1,1
L1L2-to-L3,190,112,1,1
L1L2-to-L3,190,113,1,1
L1L2-to-L3,190,114,1,1
L1L2-to-L3,190,115,1,1
L1L2-to-L3,190,118,1,1
L1L2-to-L3,190,119,1,1
L1L2-to-L3,190,120,1,1
L1L2-to-L3,190,129,1,1
L1L2-to-L3,190,131,1,1
L1L2-to-L3,190,135,1,1
L1L2-to-L3,190,136,1,1
L1L2-to-L3,190,137,1,1
L1L2-to-L3,190,138,1,1
L1L2-to-L3,190,139,1,1
L1L2-to-L3,190,141,1,1
L1L2-to-L3,190,150,1,1
L1L2-to-L3,190,151,1,1
L1L2-to-L3,190,153,1,1
L1L2-to-L3,190,154,1,1
L1L2-to-L3,190,156,1,1
L1L2-to-L3,190,160,1,1
L1L2-to-L3,190,162,1,1
L1L2-to-L3,190,163,1,1
L1L2-to-L3,190,167,1,1
L1L2-to-L3,190,170,1,1
L1L2-to-L3,190,171,1,1
L1L2-to-L3,190,172,1,1
L1L2-to-L3,190,173,1,1
L1L2-to-L3,190,176,1,1
L1L2-to-L3,190,177,1,1
L1L2-to-L3,190,178,1,1
L1L2-to-L3,190,181,1,1
L1L2-to-L3,190,184,1,1
L1L2-to-L3,190,190,1,1
L1L2-to-L3,190,196,1,1
L1L2-to-L3,190,197,1,1
L1L2-to-L3,190,198,1,1
L1L2-to-L3,190,199,1,1
L1L2-to-L3,190,200,1,1
L1L2-to-L3,190,201,1,1
L1L2-to-L3,190,202,1,1
L1L2-to-L3,190,203,1,1
L1L2-to-L3,190,209,1,1
L1L2-to-L3,190,212,1,1
L1L2-to-L3,190,213,1,1
L1L2-to-L3,190,214,1,1
L1L2-to-L3,190,217,1,1
L1L2-to-L3,190,218,1,1
L1L2-to-L3,190,219,1,1
L1L2-to-L3,190,220,1,1
L1L2-to-L3,190,221,1,1
L1L2-to-L3,190,222,1,1
L1L2-to-L3,190,224,1,1
L1L2-to-L3,190,225,1,1
L1L2-to-L3,190,232,1,1
L1L2-to-L3,190,233,1,1
L1L2-to-L3,190,237,1,1
L1L2-to-L3,190,238,1,1
L1L2-to-L3,190,240,1,1
L1L2-to-L3,190,241,1,1
L1L2-to-L3,190,242,1,1
L1L2-to-L3,190,243,1,1
L1L2-to-L3,190,247,1,1
L1L2-to-L3,190,249,1,1
L1L2-to-L3,190,251,1,1
L1L2-to-L3,190,252,1,1
L1L2-to-L3,191,0,1,1
L1L2-to-L3,191,3,1,1
L1L2-to-L3,191,5,1,1
L1L2-to-L3,191,6,1,1
L1L2-to-L3,191,9,1,1
L1L2-to-L3,191,10,1,1
L1L2-to-L3,191,14,1,1
L1L2-to-L3,191,15,1,1
L1L2-to-L3,191,17,1,1
L1L2-to-L3,191,23,1,1
L1L2-to-L3,191,24,1,1
L1L2-to-L3,191,25,1,1
L1L2-to-L3,191,31,1,1
L1L2-to-L3,191,36,1,1
L1L2-to-L3,191,37,1,1
L1L2-to-L3,191,38,1,1
L1L2-to-L3,191,43,1,1
L1L2-to-L3,191,47,1,1
L1L2-to-L3,191,61,1,1
L1L2-to-L3,191,65,1,1
L1L2-to-L3,191,67,1,1
L1L2-to-L3,191,68,1,1
L1L2-to-L3,191,69,1,1
L1L2-to-L3,191,70,1,1
L1L2-to-L3,191,77,1,1
L1L2-to-L3,191,78,1,1
L1L2-to-L3,191,87,1,1
L1L2-to-L3,191,88,1,1
L1L2-to-L3,191,93,1,1
L1L2-to-L3,191,94,1,1
L1L2-to-L3,191,95,1,1
L1L2-to-L3,191,99,1,1
L1L2-to-L3,191,100,1,1
L1L2-to-L3,191,103,1,1
L1L2-to-L3,191,108,1,1
L1L2-to-L3,191,112,1,1
L1L2-to-L3,191,115,1,1
L1L2-to-L3,191,116,1,1
L1L2-to-L3,191,117,1,1
L1L2-to-L3,191,118,1,1
L1L2-to-L3,191,119,1,1
L1L2-to-L3,191,120,1,1
L1L2-to-L3,191,122,1,1
L1L2-to-L3,191,135,1,1
L1L2-to-L3,191,140,1,1
L1L2-to-L3,191,142,1,1
L1L2-to-L3,191,144,1,1
L1L2-to-L3,191,145,1,1
L1L2-to-L3,191,150,1,1
L1L2-to-L3,191,154,1,1
L1L2-to-L3,191,157,1,1
L1L2-to-L3,191,159,1,1
L1L2-to-L3,191,160,1,1
L1L2-to-L3,191,162,1,1
L1L2-to-L3,191,165,1,1
L1L2-to-L3,191,167,1,1
L1L2-to-L3,191,173,1,1
L1L2-to-L3,191,174,1,1
L1L2-to-L3,191,175,1,1
L1L2-to-L3,191,178,1,1
L1L2-to-L3,191,180,1,1
L1L2-to-L3,191,181,1,1
L1L2-to-L3,191,182,1,1
L1L2-to-L3,191,183,1,1
L1L2-to-L3,191,184,1,1
L1L2-to-L3,191,185,1,1
L1L2-to-L3,191,187,1,1
L1L2-to-L3,191,189,1,1
L1L2-to-L3,191,191,1,1
L1L2-to-L3,191,198,1,1
L1L2-to-L3,191,203,1,1
L1L2-to-L3,191,207,1,1
L1L2-to-L3,191,208,1,1
L1L2-to-L3,191,211,1,1
L1L2-to-L3,191,213,1,1
L1L2-to-L3,191,216,1,1
L1L2-to-L3,191,220,1,1
L1L2-to-L3,191,222,1,1
L1L2-to-L3,191,227,1,1
L1L2-to-L3,191,228,1,1
L1L2-to-L3,191,236,1,1
L1L2-to-L3,191,238,1,1
L1L2-to-L3,191,240,1,1
L1L2-to-L3,191,243,1,1
L1L2-to-L3,191,245,1,1
L1L2-to-L3,191,248,1,1
L1L2-to-L3,191,249,1,1
L1L2-to-L3,191,252,1,1
L1L2-to-L3,191,254,1,1
L1L2-to-L3,192,0,1,1
L1L2-to-L3,192,1,1,1
L1L2-to-L3,192,2,1,1
L1L2-to-L3,192,8,1,1
L1L2-to-L3,192,9,1,1
L1L2-to-L3,192,10,1,1
L1L2-to-L3,192,16,1,1
L1L2-to-L3,192,17,1,1
L1L2-to-L3,192,18,1,1
L1L2-to-L3,192,28,1,1
L1L2-to-L3,192,31,1,1
L1L2-to-L3,192,32,1,1
L1L2-to-L3,192,38,1,1
L1L2-to-L3,192,42,1,1
L1L2-to-L3,192,45,1,1
L1L2-to-L3,192,46,1,1
L1L2-to-L3,192,47,1,1
L1L2-to-L3,192,48,1,1
L1L2-to-L3,192,50,1,1
L1L2-to-L3,192,52,1,1
L1L2-to-L3,192,53,1,1
L1L2-to-L3,192,54,1,1
L1L2-to-L3,192,56,1,1
L1L2-to-L3,192,62,1,1
L1L2-to-L3,192,64,1,1
L1L2-to-L3,192,67,1,1
L1L2-to-L3,192,68,1,1
L1L2-to-L3,192,73,1,1
L1L2-to-L3,192,78,1,1
L1L2-to-L3,192,80,1,1
L1L2-to-L3,192,82,1,1
L1L2-to-L3,192,85,1,1
L1L2-to-L3,192,90,1,1
L1L2-to-L3,192,94,1,1
L1L2-to-L3,192,101,1,1
L1L2-to-L3,192,103,1,1
L1L2-to-L3,192,105,1,1
L1L2-to-L3,192,108,1,1
L1L2-to-L3,192,109,1,1
L1L2-to-L3,192,110,1,1
L1L2-to-L3,192,112,1,1
L1L2-to-L3,192,120,1,1
L1L2-to-L3,192,122,1,1
L1L2-to-L3,192,123,1,1
L1L2-to-L3,192,129,1,1
L1L2-to-L3,192,130,1,1
L1L2-to-L3,192,133,1,1
L1L2-to-L3,192,136,1,1
L1L2-to-L3,192,137,1,1
L1L2-to-L3,192,139,1,1
L1L2-to-L3,192,140,1,1
L1L2-to-L3,192,141,1,1
L1L2-to-L3,192,142,1,1
L1L2-to-L3,192,143,1,1
L1L2-to-L3,192,152,1,1
L1L2-to-L3,192,154,1,1
L1L2-to-L3,192,155,1,1
L1L2-to-L3,192,156,1,1
L1L2-to-L3,192,166,1,1
L1L2-to-L3,192,169,1,1
L1L2-to-L3,192,171,1,1
L1L2-to-L3,192,174,1,1
L1L2-to-L3,192,175,1,1
L1L2-to-L3,192,176,1,1
L1L2-to-L3,192,178,1,1
L1L2-to-L3,192,179,1,1
L1L2-to-L3,192,182,1,1
L1L2-to-L3,192,183,1,1
L1L2-to-L3,192,190,1,1
L1L2-to-L3,192,192,1,1
L1L2-to-L3,192,193,1,1
L1L2-to-L3,192,194,1,1
L1L2-to-L3,192,197,1,1
L1L2-to-L3,192,199,1,1
L1L2-to-L3,192,203,1,1
L1L2-to-L3,192,204,1,1
L1L2-to-L3,192,206,1,1
L1L2-to-L3,192,207,1,1
L1L2-to-L3,192,208,1,1
L1L2-to-L3,192,209,1,1
L1L2-to-L3,192,214,1,1
L1L2-to-L3,192,216,1,1
L1L2-to-L3,192,219,1,1
L1L2-to-L3,192,221,1,1
L1L2-to-L3,192,222,1,1
L1L2-to-L3,192,224,1,1
L1L2-to-L3,192,226,1,1
L1L2-to-L3,192,228,1,1
L1L2-to-L3,192,231,1,1
L1L2-to-L3,192,232,1,1
L1L2-to-L3,192,233,1,1
L1L2-to-L3,192,234,1,1
L1L2-to-L3,192,242,1,1
L1L2-to-L3,192,243,1,1
L1L2-to-L3,192,244,1,1
L1L2-to-L3,192,247,1,1
L1L2-to-L3,192,250,1,1
L1L2-to-L3,192,251,1,1
L1L2-to-L3,192,252,1,1
L1L2-to-L3,192,255,1,1
L1L2-to-L3,193,1,1,1
L1L2-to-L3,193,2,1,1
L1L2-to-L3,193,3,1,1
L1L2-to-L3,193,5,1,1
L1L2-to-L3,193,7,1,1
L1L2-to-L3,193,8,1,1
L1L2-to-L3,193,9,1,1
L1L2-to-L3,193,10,1,1
L1L2-to-L3,193,13,1,1
L1L2-to-L3,193,15,1,1
L1L2-to-L3,193,31,1,1
L1L2-to-L3,193,33,1,1
L1L2-to-L3,193,38,1,1
L1L2-to-L3,193,41,1,1
L1L2-to-L3,193,44,1,1
L1L2-to-L3,193,45,1,1
L1L2-to-L3,193,51,1,1
L1L2-to-L3,193,64,1,1
L1L2-to-L3,193,66,1,1
L1L2-to-L3,193,77,1,1
L1L2-to-L3,193,80,1,1
L1L2-to-L3,193,86,1,1
L1L2-to-L3,193,88,1,1
L1L2-to-L3,193,92,1,1
L1L2-to-L3,193,95,1,1
L1L2-to-L3,193,97,1,1
L1L2-to-L3,193,98,1,1
L1L2-to-L3,193,100,1,1
L1L2-to-L3,193,104,1,1
L1L2-to-L3,193,111,1,1
L1L2-to-L3,193,112,1,1
L1L2-to-L3,193,116,1,1
L1L2-to-L3,193,117,1,1
L1L2-to-L3,193,125,1,1
L1L2-to-L3,193,132,1,1
L1L2-to-L3,193,137,1,1
L1L2-to-L3,193,140,1,1
L1L2-to-L3,193,142,1,1
L1L2-to-L3,193,143,1,1
L1L2-to-L3,193,145,1,1
L1L2-to-L3,193,147,1,1
L1L2-to-L3,193,151,1,1
L1L2-to-L3,193,153,1,1
L1L2-to-L3,193,155,1,1
L1L2-to-L3,193,156,1,1
L1L2-to-L3,193,161,1,1
L1L2-to-L3,193,162,1,1
L1L2-to-L3,193,165,1,1
L1L2-to-L3,193,166,1,1
L1L2-to-L3,193,167,1,1
L1L2-to-L3,193,169,1,1
L1L2-to-L3,193,171,1,1
L1L2-to-L3,193,172,1,1
L1L2-to-L3,193,174,1,1
L1L2-to-L3,193,175,1,1
L1L2-to-L3,193,176,1,1
L1L2-to-L3,193,178,1,1
L1L2-to-L3,193,179,1,1
L1L2-to-L3,193,180,1,1
L1L2-to-L3,193,188,1,1
L1L2-to-L3,193,190,1,1
L1L2-to-L3,193,198,1,1
L1L2-to-L3,193,199,1,1
L1L2-to-L3,193,200,1,1
L1L2-to-L3,193,203,1,1
L1L2-to-L3,193,204,1,1
L1L2-to-L3,193,208,1,1
L1L2-to-L3,193,209,1,1
L1L2-to-L3,193,210,1,1
L1L2-to-L3,193,211,1,1
L1L2-to-L3,193,212,1,1
L1L2-to-L3,193,213,1,1
L1L2-to-L3,193,215,1,1
L1L2-to-L3,193,216,1,1
L1L2-to-L3,193,219,1,1
L1L2-to-L3,193,220,1,1
L1L2-to-L3,193,222,1,1
L1L2-to-L3,193,223,1,1
L1L2-to-L3,193,224,1,1
L1L2-to-L3,193,228,1,1
L1L2-to-L3,193,230,1,1
L1L2-to-L3,193,236,1,1
L1L2-to-L3,193,237,1,1
L1L2-to-L3,193,239,1,1
L1L2-to-L3,193,240,1,1
L1L2-to-L3,193,241,1,1
L1L2-to-L3,193,242,1,1
L1L2-to-L3,193,244,1,1
L1L2-to-L3,193,253,1,1
L1L2-to-L3,193,255,1,1
L1L2-to-L3,194,0,1,1
L1L2-to-L3,194,9,1,1
L1L2-to-L3,194,11,1,1
L1L2-to-L3,194,12,1,1
L1L2-to-L3,194,15,1,1
L1L2-to-L3,194,28,1,1
L1L2-to-L3,194,35,1,1
L1L2-to-L3,194,38,1,1
L1L2-to-L3,194,44,1,1
L1L2-to-L3,194,47,1,1
L1L2-to-L3,194,60,1,1
L1L2-to-L3,194,61,1,1
L1L2-to-L3,194,65,1,1
L1L2-to-L3,194,68,1,1
L1L2-to-L3,194,71,1,1
L1L2-to-L3,194,75,1,1
L1L2-to-L3,194,79,1,1
L1L2-to-L3,194,82,1,1
L1L2-to-L3,194,84,1,1
L1L2-to-L3,194,100,1,1
L1L2-to-L3,194,102,1,1
L1L2-to-L3,194,105,1,1
L1L2-to-L3,194,107,1,1
L1L2-to-L3,194,113,1,1
L1L2-to-L3,194,114,1,1
L1L2-to-L3,194,118,1,1
L1L2-to-L3,194,125,1,1
L1L2-to-L3,194,129,1,1
L1L2-to-L3,194,132,1,1
L1L2-to-L3,194,140,1,1
L1L2-to-L3,194,142,1,1
L1L2-to-L3,194,143,1,1
L1L2-to-L3,194,147,1,1
L1L2-to-L3,194,149,1,1
L1L2-to-L3,194,152,1,1
L1L2-to-L3,194,153,1,1
L1L2-to-L3,194,157,1,1
L1L2-to-L3,194,160,1,1
L1L2-to-L3,194,162,1,1
L1L2-to-L3,194,166,1,1
L1L2-to-L3,194,172,1,1
L1L2-to-L3,194,183,1,1
L1L2-to-L3,194,186,1,1
L1L2-to-L3,194,187,1,1
L1L2-to-L3,194,188,1,1
L1L2-to-L3,194,189,1,1
L1L2-to-L3,194,192,1,1
L1L2-to-L3,194,196,1,1
L1L2-to-L3,194,198,1,1
L1L2-to-L3,194,199,1,1
L1L2-to-L3,194,204,1,1
L1L2-to-L3,194,205,1,1
L1L2-to-L3,194,206,1,1
L1L2-to-L3,194,209,1,1
L1L2-to-L3,194,210,1,1
L1L2-to-L3,194,216,1,1
L1L2-to-L3,194,218,1,1
L1L2-to-L3,194,223,1,1
L1L2-to-L3,194,226,1,1
L1L2-to-L3,194,228,1,1
L1L2-to-L3,194,229,1,1
L1L2-to-L3,194,230,1,1
L1L2-to-L3,194,233,1,1
L1L2-to-L3,194,234,1,1
L1L2-to-L3,194,236,1,1
L1L2-to-L3,194,237,1,1
L1L2-to-L3,194,242,1,1
L1L2-to-L3,194,244,1,1
L1L2-to-L3,194,249,1,1
L1L2-to-L3,194,252,1,1
L1L2-to-L3,194,253,1,1
L1L2-to-L3,194,255,1,1
L1L2-to-L3,195,8,1,1
L1L2-to-L3,195,15,1,1
L1L2-to-L3,195,18,1,1
L1L2-to-L3,195,24,1,1
L1L2-to-L3,195,30,1,1
L1L2-to-L3,195,47,1,1
L1L2-to-L3,195,55,1,1
L1L2-to-L3,195,58,1,1
L1L2-to-L3,195,59,1,1
L1L2-to-L3,195,60,1,1
L1L2-to-L3,195,68,1,1
L1L2-to-L3,195,71,1,1
L1L2-to-L3,195,74,1,1
L1L2-to-L3,195,80,1,1
L1L2-to-L3,195,83,1,1
L1L2-to-L3,195,84,1,1
L1L2-to-L3,195,85,1,1
L1L2-to-L3,195,87,1,1
L1L2-to-L3,195,88,1,1
L1L2-to-L3,195,89,1,1
L1L2-to-L3,195,94,1,1
L1L2-to-L3,195,97,1,1
L1L2-to-L3,195,106,1,1
L1L2-to-L3,195,107,1,1
L1L2-to-L3,195,115,1,1
L1L2-to-L3,195,125,1,1
L1L2-to-L3,195,131,1,1
L1L2-to-L3,195,136,1,1
L1L2-to-L3,195,140,1,1
L1L2-to-L3,195,144,1,1
L1L2-to-L3,195,152,1,1
L1L2-to-L3,195,154,1,1
L1L2-to-L3,195,157,1,1
L1L2-to-L3,195,158,1,1
L1L2-to-L3,195,160,1,1
L1L2-to-L3,195,161,1,1
L1L2-to-L3,195,162,1,1
L1L2-to-L3,195,163,1,1
L1L2-to-L3,195,166,1,1
L1L2-to-L3,195,168,1,1
L1L2-to-L3,195,170,1,1
L1L2-to-L3,195,176,1,1
L1L2-to-L3,195,182,1,1
L1L2-to-L3,195,186,1,1
L1L2-to-L3,195,188,1,1
L1L2-to-L3,195,189,1,1
L1L2-to-L3,195,191,1,1
L1L2-to-L3,195,197,1,1
L1L2-to-L3,195,204,1,1
L1L2-to-L3,195,209,1,1
L1L2-to-L3,195,212,1,1
L1L2-to-L3,195,215,1,1
L1L2-to-L3,195,220,1,1
L1L2-to-L3,195,221,1,1
L1L2-to-L3,195,222,1,1
L1L2-to-L3,195,224,1,1
L1L2-to-L3,195,231,1,1
L1L2-to-L3,195,232,1,1
L1L2-to-L3,195,233,1,1
L1L2-to-L3,195,234,1,1
L1L2-to-L3,195,236,1,1
L1L2-to-L3,195,239,1,1
L1L2-to-L3,195,245,1,1
L1L2-to-L3,195,249,1,1
L1L2-to-L3,195,250,1,1
L1L2-to-L3,195,251,1,1
L1L2-to-L3,195,254,1,1
L1L2-to-L3,196,2,1,1
L1L2-to-L3,196,4,1,1
L1L2-to-L3,196,8,1,1
L1L2-to-L3,196,11,1,1
L1L2-to-L3,196,12,1,1
L1L2-to-L3,196,15,1,1
L1L2-to-L3,196,18,1,1
L1L2-to-L3,196,19,1,1
L1L2-to-L3,196,21,1,1
L1L2-to-L3,196,22,1,1
L1L2-to-L3,196,25,1,1
L1L2-to-L3,196,28,1,1
L1L2-to-L3,196,30,1,1
L1L2-to-L3,196,34,1,1
L1L2-to-L3,196,39,1,1
L1L2-to-L3,196,40,1,1
L1L2-to-L3,196,41,1,1
L1L2-to-L3,196,51,1,1
L1L2-to-L3,196,53,1,1
L1L2-to-L3,196,54,1,1
L1L2-to-L3,196,68,1,1
L1L2-to-L3,196,70,1,1
L1L2-to-L3,196,74,1,1
L1L2-to-L3,196,75,1,1
L1L2-to-L3,196,78,1,1
L1L2-to-L3,196,80,1,1
L1L2-to-L3,196,82,1,1
L1L2-to-L3,196,87,1,1
L1L2-to-L3,196,89,1,1
L1L2-to-L3,196,101,1,1
L1L2-to-L3,196,102,1,1
L1L2-to-L3,196,114,1,1
L1L2-to-L3,196,117,1,1
L1L2-to-L3,196,119,1,1
L1L2-to-L3,196,121,1,1
L1L2-to-L3,196,126,1,1
L1L2-to-L3,196,127,1,1
L1L2-to-L3,196,130,1,1
L1L2-to-L3,196,132,1,1
L1L2-to-L3,196,138,1,1
L1L2-to-L3,196,147,1,1
L1L2-to-L3,196,149,1,1
L1L2-to-L3,196,152,1,1
L1L2-to-L3,196,153,1,1
L1L2-to-L3,196,154,1,1
L1L2-to-L3,196,156,1,1
L1L2-to-L3,196,157,1,1
L1L2-to-L3,196,162,1,1
L1L2-to-L3,196,166,1,1
L1L2-to-L3,196,167,1,1
L1L2-to-L3,196,168,1,1
L1L2-to-L3,196,170,1,1
L1L2-to-L3,196,174,1,1
L1L2-to-L3,196,175,1,1
L1L2-to-L3,196,177,1,1
L1L2-to-L3,196,178,1,1
L1L2-to-L3,196,185,1,1
L1L2-to-L3,196,187,1,1
L1L2-to-L3,196,188,1,1
L1L2-to-L3,196,189,1,1
L1L2-to-L3,196,190,1,1
L1L2-to-L3,196,191,1,1
L1L2-to-L3,196,195,1,1
L1L2-to-L3,196,196,1,1
L1L2-to-L3,196,197,1,1
L1L2-to-L3,196,198,1,1
L1L2-to-L3,196,200,1,1
L1L2-to-L3,196,208,1,1
L1L2-to-L3,196,210,1,1
L1L2-to-L3,196,211,1,1
L1L2-to-L3,196,213,1,1
L1L2-to-L3,196,215,1,1
L1L2-to-L3,196,216,1,1
L1L2-to-L3,196,219,1,1
L1L2-to-L3,196,221,1,1
L1L2-to-L3,196,222,1,1
L1L2-to-L3,196,224,1,1
L1L2-to-L3,196,226,1,1
L1L2-to-L3,196,227,1,1
L1L2-to-L3,196,228,1,1
L1L2-to-L3,196,230,1,1
L1L2-to-L3,196,231,1,1
L1L2-to-L3,196,233,1,1
L1L2-to-L3,196,236,1,1
L1L2-to-L3,196,241,1,1
L1L2-to-L3,196,242,1,1
L1L2-to-L3,196,243,1,1
L1L2-to-L3,196,245,1,1
L1L2-to-L3,196,251,1,1
L1L2-to-L3,196,255,1,1
L1L2-to-L3,197,16,1,1
L1L2-to-L3,197,21,1,1
L1L2-to-L3,197,23,1,1
L1L2-to-L3,197,25,1,1
L1L2-to-L3,197,40,1,1
L1L2-to-L3,197,49,1,1
L1L2-to-L3,197,53,1,1
L1L2-to-L3,197,61,1,1
L1L2-to-L3,197,63,1,1
L1L2-to-L3,197,65,1,1
L1L2-to-L3,197,83,1,1
L1L2-to-L3,197,93,1,1
L1L2-to-L3,197,94,1,1
L1L2-to-L3,197,96,1,1
L1L2-to-L3,197,105,1,1
L1L2-to-L3,197,113,1,1
L1L2-to-L3,197,115,1,1
L1L2-to-L3,197,118,1,1
L1L2-to-L3,197,128,1,1
L1L2-to-L3,197,129,1,1
L1L2-to-L3,197,132,1,1
L1L2-to-L3,197,137,1,1
L1L2-to-L3,197,145,1,1
L1L2-to-L3,197,147,1,1
L1L2-to-L3,197,150,1,1
L1L2-to-L3,197,152,1,1
L1L2-to-L3,197,154,1,1
L1L2-to-L3,197,157,1,1
L1L2-to-L3,197,161,1,1
L1L2-to-L3,197,162,1,1
L1L2-to-L3,197,166,1,1
L1L2-to-L3,197,177,1,1
L1L2-to-L3,197,179,1,1
L1L2-to-L3,197,181,1,1
L1L2-to-L3,197,184,1,1
L1L2-to-L3,197,189,1,1
L1L2-to-L3,197,192,1,1
L1L2-to-L3,197,197,1,1
L1L2-to-L3,197,200,1,1
L1L2-to-L3,197,202,1,1
L1L2-to-L3,197,203,1,1
L1L2-to-L3,197,204,1,1
L1L2-to-L3,197,207,1,1
L1L2-to-L3,197,208,1,1
L1L2-to-L3,197,211,1,1
L1L2-to-L3,197,212,1,1
L1L2-to-L3,197,213,1,1
L1L2-to-L3,197,214,1,1
L1L2-to-L3,197,216,1,1
L1L2-to-L3,197,217,1,1
L1L2-to-L3,197,221,1,1
L1L2-to-L3,197,223,1,1
L1L2-to-L3,197,225,1,1
L1L2-to-L3,197,226,1,1
L1L2-to-L3,197,230,1,1
L1L2-to-L3,197,231,1,1
L1L2-to-L3,197,240,1,1
L1L2-to-L3,197,242,1,1
L1L2-to-L3,197,245,1,1
L1L2-to-L3,197,249,1,1
L1L2-to-L3,197,252,1,1
L1L2-to-L3,197,253,1,1
L1L2-to-L3,197,255,1,1
L1L2-to-L3,198,3,1,1
L1L2-to-L3,198,4,1,1
L1L2-to-L3,198,6,1,1
L1L2-to-L3,198,10,1,1
L1L2-to-L3,198,17,1,1
L1L2-to-L3,198,23,1,1
L1L2-to-L3,198,24,1,1
L1L2-to-L3,198,25,1,1
L1L2-to-L3,198,28,1,1
L1L2-to-L3,198,31,1,1
L1L2-to-L3,198,32,1,1
L1L2-to-L3,198,34,1,1
L1L2-to-L3,198,39,1,1
L1L2-to-L3,198,41,1,1
L1L2-to-L3,198,54,1,1
L1L2-to-L3,198,55,1,1
L1L2-to-L3,198,60,1,1
L1L2-to-L3,198,61,1,1
L1L2-to-L3,198,63,1,1
L1L2-to-L3,198,67,1,1
L1L2-to-L3,198,70,1,1
L1L2-to-L3,198,72,1,1
L1L2-to-L3,198,73,1,1
L1L2-to-L3,198,74,1,1
L1L2-to-L3,198,79,1,1
L1L2-to-L3,198,80,1,1
L1L2-to-L3,198,81,1,1
L1L2-to-L3,198,82,1,1
L1L2-to-L3,198,86,1,1
L1L2-to-L3,198,88,1,1
L1L2-to-L3,198,90,1,1
L1L2-to-L3,198,92,1,1
L1L2-to-L3,198,93,1,1
L1L2-to-L3,198,95,1,1
L1L2-to-L3,198,97,1,1
L1L2-to-L3,198,100,1,1
L1L2-to-L3,198,102,1,1
L1L2-to-L3,198,103,1,1
L1L2-to-L3,198,109,1,1
L1L2-to-L3,198,111,1,1
L1L2-to-L3,198,112,1,1
L1L2-to-L3,198,115,1,1
L1L2-to-L3,198,118,1,1
L1L2-to-L3,198,119,1,1
L1L2-to-L3,198,120,1,1
L1L2-to-L3,198,122,1,1
L1L2-to-L3,198,124,1,1
L1L2-to-L3,198,130,1,1
L1L2-to-L3,198,131,1,1
L1L2-to-L3,198,132,1,1
L1L2-to-L3,198,133,1,1
L1L2-to-L3,198,134,1,1
L1L2-to-L3,198,135,1,1
L1L2-to-L3,198,138,1,1
L1L2-to-L3,198,140,1,1
L1L2-to-L3,198,143,1,1
L1L2-to-L3,198,144,1,1
L1L2-to-L3,198,147,1,1
L1L2-to-L3,198,148,1,1
L1L2-to-L3,198,149,1,1
L1L2-to-L3,198,150,1,1
L1L2-to-L3,198,151,1,1
L1L2-to-L3,198,152,1,1
L1L2-to-L3,198,153,1,1
L1L2-to-L3,198,157,1,1
L1L2-to-L3,198,158,1,1
L1L2-to-L3,198,159,1,1
L1L2-to-L3,198,163,1,1
L1L2-to-L3,198,164,1,1
L1L2-to-L3,198,166,1,1
L1L2-to-L3,198,167,1,1
L1L2-to-L3,198,169,1,1
L1L2-to-L3,198,173,1,1
L1L2-to-L3,198,174,1,1
L1L2-to-L3,198,175,1,1
L1L2-to-L3,198,179,1,1
L1L2-to-L3,198,180,1,1
L1L2-to-L3,198,181,1,1
L1L2-to-L3,198,183,1,1
L1L2-to-L3,198,186,1,1
L1L2-to-L3,198,187,1,1
L1L2-to-L3,198,194,1,1
L1L2-to-L3,198,196,1,1
L1L2-to-L3,198,197,1,1
L1L2-to-L3,198,199,1,1
L1L2-to-L3,198,200,1,1
L1L2-to-L3,198,201,1,1
L1L2-to-L3,198,203,1,1
L1L2-to-L3,198,205,1,1
L1L2-to-L3,198,206,1,1
L1L2-to-L3,198,207,1,1
L1L2-to-L3,198,208,1,1
L1L2-to-L3,198,211,1,1
L1L2-to-L3,198,212,1,1
L1L2-to-L3,198,215,1,1
L1L2-to-L3,198,218,1,1
L1L2-to-L3,198,220,1,1
L1L2-to-L3,198,221,1,1
L1L2-to-L3,198,223,1,1
L1L2-to-L3,198,225,1,1
L1L2-to-L3,198,229,1,1
L1L2-to-L3,198,232,1,1
L1L2-to-L3,198,233,1,1
L1L2-to-L3,198,241,1,1
L1L2-to-L3,198,244,1,1
L1L2-to-L3,198,246,1,1
L1L2-to-L3,198,247,1,1
L1L2-to-L3,198,250,1,1
L1L2-to-L3,198,251,1,1
L1L2-to-L3,198,253,1,1
L1L2-to-L3,198,254,1,1
L1L2-to-L3,199,2,1,1
L1L2-to-L3,199,8,1,1
L1L2-to-L3,199,11,1,1
L1L2-to-L3,199,16,1,1
L1L2-to-L3,199,19,1,1
L1L2-to-L3,199,23,1,1
L1L2-to-L3,199,26,1,1
L1L2-to-L3,199,27,1,1
L1L2-to-L3,199,28,1,1
L1L2-to-L3,199,30,1,1
L1L2-to-L3,199,34,1,1
L1L2-to-L3,199,39,1,1
L1L2-to-L3,199,47,1,1
L1L2-to-L3,199,48,1,1
L1L2-to-L3,199,59,1,1
L1L2-to-L3,199,62,1,1
L1L2-to-L3,199,63,1,1
L1L2-to-L3,199,70,1,1
L1L2-to-L3,199,71,1,1
L1L2-to-L3,199,77,1,1
L1L2-to-L3,199,80,1,1
L1L2-to-L3,199,81,1,1
L1L2-to-L3,199,83,1,1
L1L2-to-L3,199,85,1,1
L1L2-to-L3,199,86,1,1
L1L2-to-L3,199,90,1,1
L1L2-to-L3,199,91,1,1
L1L2-to-L3,199,92,1,1
L1L2-to-L3,199,94,1,1
L1L2-to-L3,199,95,1,1
L1L2-to-L3,199,101,1,1
L1L2-to-L3,199,102,1,1
L1L2-to-L3,199,103,1,1
L1L2-to-L3,199,104,1,1
L1L2-to-L3,199,108,1,1
L1L2-to-L3,199,109,1,1
L1L2-to-L3,199,110,1,1
L1L2-to-L3,199,111,1,1
L1L2-to-L3,199,113,1,1
L1L2-to-L3,199,115,1,1
L1L2-to-L3,199,116,1,1
L1L2-to-L3,199,122,1,1
L1L2-to-L3,199,125,1,1
L1L2-to-L3,199,128,1,1
L1L2-to-L3,199,133,1,1
L1L2-to-L3,199,134,1,1
L1L2-to-L3,199,139,1,1
L1L2-to-L3,199,143,1,1
L1L2-to-L3,199,145,1,1
L1L2-to-L3,199,146,1,1
L1L2-to-L3,199,147,1,1
L1L2-to-L3,199,149,1,1
L1L2-to-L3,199,152,1,1
L1L2-to-L3,199,154,1,1
L1L2-to-L3,199,159,1,1
L1L2-to-L3,199,164,1,1
L1L2-to-L3,199,165,1,1
L1L2-to-L3,199,169,1,1
L1L2-to-L3,199,170,1,1
L1L2-to-L3,199,172,1,1
L1L2-to-L3,199,173,1,1
L1L2-to-L3,199,174,1,1
L1L2-to-L3,199,175,1,1
L1L2-to-L3,199,177,1,1
L1L2-to-L3,199,179,1,1
L1L2-to-L3,199,182,1,1
L1L2-to-L3,199,183,1,1
L1L2-to-L3,199,184,1,1
L1L2-to-L3,199,185,1,1
L1L2-to-L3,199,186,1,1
L1L2-to-L3,199,187,1,1
L1L2-to-L3,199,188,1,1
L1L2-to-L3,199,189,1,1
L1L2-to-L3,199,191,1,1
L1L2-to-L3,199,193,1,1
L1L2-to-L3,199,194,1,1
L1L2-to-L3,199,195,1,1
L1L2-to-L3,199,197,1,1
L1L2-to-L3,199,200,1,1
L1L2-to-L3,199,203,1,1
L1L2-to-L3,199,205,1,1
L1L2-to-L3,199,213,1,1
L1L2-to-L3,199,216,1,1
L1L2-to-L3,199,220,1,1
L1L2-to-L3,199,221,1,1
L1L2-to-L3,199,222,1,1
L1L2-to-L3,199,226,1,1
L1L2-to-L3,199,227,1,1
L1L2-to-L3,199,233,1,1
L1L2-to-L3,199,235,1,1
L1L2-to-L3,199,237,1,1
L1L2-to-L3,199,239,1,1
L1L2-to-L3,199,244,1,1
L1L2-to-L3,199,245,1,1
L1L2-to-L3,199,246,1,1
L1L2-to-L3,199,249,1,1
L1L2-to-L3,199,250,1,1
L1L2-to-L3,199,251,1,1
L1L2-to-L3,199,254,1,1
L1L2-to-L3,200,1,1,1
L1L2-to-L3,200,2,1,1
L1L2-to-L3,200,4,1,1
L1L2-to-L3,200,7,1,1
L1L2-to-L3,200,9,1,1
L1L2-to-L3,200,11,1,1
L1L2-to-L3,200,13,1,1
L1L2-to-L3,200,15,1,1
L1L2-to-L3,200,16,1,1
L1L2-to-L3,200,19,1,1
L1L2-to-L3,200,22,1,1
L1L2-to-L3,200,23,1,1
L1L2-to-L3,200,25,1,1
L1L2-to-L3,200,26,1,1
L1L2-to-L3,200,37,1,1
L1L2-to-L3,200,38,1,1
L1L2-to-L3,200,41,1,1
L1L2-to-L3,200,42,1,1
L1L2-to-L3,200,45,1,1
L1L2-to-L3,200,53,1,1
L1L2-to-L3,200,56,1,1
L1L2-to-L3,200,57,1,1
L1L2-to-L3,200,61,1,1
L1L2-to-L3,200,62,1,1
L1L2-to-L3,200,63,1,1
L1L2-to-L3,200,64,1,1
L1L2-to-L3,200,72,1,1
L1L2-to-L3,200,73,1,1
L1L2-to-L3,200,76,1,1
L1L2-to-L3,200,80,1,1
L1L2-to-L3,200,82,1,1
L1L2-to-L3,200,88,1,1
L1L2-to-L3,200,93,1,1
L1L2-to-L3,200,98,1,1
L1L2-to-L3,200,99,1,1
L1L2-to-L3,200,101,1,1
L1L2-to-L3,200,102,1,1
L1L2-to-L3,200,110,1,1
L1L2-to-L3,200,112,1,1
L1L2-to-L3,200,113,1,1
L1L2-to-L3,200,116,1,1
L1L2-to-L3,200,117,1,1
L1L2-to-L3,200,118,1,1
L1L2-to-L3,200,120,1,1
L1L2-to-L3,200,125,1,1
L1L2-to-L3,200,126,1,1
L1L2-to-L3,200,127,1,1
L1L2-to-L3,200,129,1,1
L1L2-to-L3,200,130,1,1
L1L2-to-L3,200,132,1,1
L1L2-to-L3,200,136,1,1
L1L2-to-L3,200,137,1,1
L1L2-to-L3,200,139,1,1
L1L2-to-L3,200,143,1,1
L1L2-to-L3,200,147,1,1
L1L2-to-L3,200,148,1,1
L1L2-to-L3,200,150,1,1
L1L2-to-L3,200,151,1,1
L1L2-to-L3,200,154,1,1
L1L2-to-L3,200,156,1,1
L1L2-to-L3,200,157,1,1
L1L2-to-L3,200,159,1,1
L1L2-to-L3,200,170,1,1
L1L2-to-L3,200,172,1,1
L1L2-to-L3,200,173,1,1
L1L2-to-L3,200,174,1,1
L1L2-to-L3,200,175,1,1
L1L2-to-L3,200,177,1,1
L1L2-to-L3,200,179,1,1
L1L2-to-L3,200,180,1,1
L1L2-to-L3,200,181,1,1
L1L2-to-L3,200,182,1,1
L1L2-to-L3,200,187,1,1
L1L2-to-L3,200,189,1,1
L1L2-to-L3,200,191,1,1
L1L2-to-L3,200,193,1,1
L1L2-to-L3,200,194,1,1
L1L2-to-L3,200,197,1,1
L1L2-to-L3,200,199,1,1
L1L2-to-L3,200,200,1,1
L1L2-to-L3,200,201,1,1
L1L2-to-L3,200,206,1,1
L1L2-to-L3,200,207,1,1
L1L2-to-L3,200,210,1,1
L1L2-to-L3,200,212,1,1
L1L2-to-L3,200,213,1,1
L1L2-to-L3,200,214,1,1
L1L2-to-L3,200,215,1,1
L1L2-to-L3,200,218,1,1
L1L2-to-L3,200,219,1,1
L1L2-to-L3,200,220,1,1
L1L2-to-L3,200,222,1,1
L1L2-to-L3,200,230,1,1
L1L2-to-L3,200,232,1,1
L1L2-to-L3,200,234,1,1
L1L2-to-L3,200,237,1,1
L1L2-to-L3,200,238,1,1
L1L2-to-L3,200,241,1,1
L1L2-to-L3,200,245,1,1
L1L2-to-L3,200,247,1,1
L1L2-to-L3,200,250,1,1
L1L2-to-L3,201,0,1,1
L1L2-to-L3,201,6,1,1
L1L2-to-L3,201,7,1,1
L1L2-to-L3,201,8,1,1
L1L2-to-L3,201,14,1,1
L1L2-to-L3,201,16,1,1
L1L2-to-L3,201,17,1,1
L1L2-to-L3,201,22,1,1
L1L2-to-L3,201,23,1,1
L1L2-to-L3,201,24,1,1
L1L2-to-L3,201,25,1,1
L1L2-to-L3,201,26,1,1
L1L2-to-L3,201,30,1,1
L1L2-to-L3,201,31,1,1
L1L2-to-L3,201,32,1,1
L1L2-to-L3,201,33,1,1
L1L2-to-L3,201,36,1,1
L1L2-to-L3,201,38,1,1
L1L2-to-L3,201,41,1,1
L1L2-to-L3,201,42,1,1
L1L2-to-L3,201,43,1,1
L1L2-to-L3,201,49,1,1
L1L2-to-L3,201,54,1,1
L1L2-to-L3,201,56,1,1
L1L2-to-L3,201,57,1,1
L1L2-to-L3,201,58,1,1
L1L2-to-L3,201,59,1,1
L1L2-to-L3,201,65,1,1
L1L2-to-L3,201,66,1,1
L1L2-to-L3,201,67,1,1
L1L2-to-L3,201,68,1,1
L1L2-to-L3,201,69,1,1
L1L2-to-L3,201,70,1,1
L1L2-to-L3,201,71,1,1
L1L2-to-L3,201,73,1,1
L1L2-to-L3,201,76,1,1
L1L2-to-L3,201,78,1,1
L1L2-to-L3,201,79,1,1
L1L2-to-L3,201,80,1,1
L1L2-to-L3,201,82,1,1
L1L2-to-L3,201,85,1,1
L1L2-to-L3,201,89,1,1
L1L2-to-L3,201,90,1,1
L1L2-to-L3,201,92,1,1
L1L2-to-L3,201,93,1,1
L1L2-to-L3,201,95,1,1
L1L2-to-L3,201,96,1,1
L1L2-to-L3,201,97,1,1
L1L2-to-L3,201,98,1,1
L1L2-to-L3,201,100,1,1
L1L2-to-L3,201,101,1,1
L1L2-to-L3,201,102,1,1
L1L2-to-L3,201,103,1,1
L1L2-to-L3,201,104,1,1
L1L2-to-L3,201,110,1,1
L1L2-to-L3,201,113,1,1
L1L2-to-L3,201,115,1,1
L1L2-to-L3,201,116,1,1
L1L2-to-L3,201,119,1,1
L1L2-to-L3,201,124,1,1
L1L2-to-L3,201,125,1,1
L1L2-to-L3,201,128,1,1
L1L2-to-L3,201,130,1,1
L1L2-to-L3,201,131,1,1
L1L2-to-L3,201,134,1,1
L1L2-to-L3,201,136,1,1
L1L2-to-L3,201,138,1,1
L1L2-to-L3,201,139,1,1
L1L2-to-L3,201,140,1,1
L1L2-to-L3,201,142,1,1
L1L2-to-L3,201,144,1,1
L1L2-to-L3,201,145,1,1
L1L2-to-L3,201,148,1,1
L1L2-to-L3,201,150,1,1
L1L2-to-L3,201,155,1,1
L1L2-to-L3,201,157,1,1
L1L2-to-L3,201,158,1,1
L1L2-to-L3,201,160,1,1
L1L2-to-L3,201,161,1,1
L1L2-to-L3,201,163,1,1
L1L2-to-L3,201,165,1,1
L1L2-to-L3,201,166,1,1
L1L2-to-L3,201,168,1,1
L1L2-to-L3,201,170,1,1
L1L2-to-L3,201,171,1,1
L1L2-to-L3,201,172,1,1
L1L2-to-L3,201,174,1,1
L1L2-to-L3,201,177,1,1
L1L2-to-L3,201,180,1,1
L1L2-to-L3,201,183,1,1
L1L2-to-L3,201,188,1,1
L1L2-to-L3,201,190,1,1
L1L2-to-L3,201,194,1,1
L1L2-to-L3,201,196,1,1
L1L2-to-L3,201,198,1,1
L1L2-to-L3,201,199,1,1
L1L2-to-L3,201,200,1,1
L1L2-to-L3,201,201,1,1
L1L2-to-L3,201,205,1,1
L1L2-to-L3,201,209,1,1
L1L2-to-L3,201,210,1,1
L1L2-to-L3,201,211,1,1
L1L2-to-L3,201,213,1,1
L1L2-to-L3,201,214,1,1
L1L2-to-L3,201,215,1,1
L1L2-to-L3,201,217,1,1
L1L2-to-L3,201,219,1,1
L1L2-to-L3,201,221,1,1
L1L2-to-L3,201,222,1,1
L1L2-to-L3,201,223,1,1
L1L2-to-L3,201,224,1,1
L1L2-to-L3,201,231,1,1
L1L2-to-L3,201,233,1,1
L1L2-to-L3,201,235,1,1
L1L2-to-L3,201,238,1,1
L1L2-to-L3,201,239,1,1
L1L2-to-L3,201,242,1,1
L1L2-to-L3,201,243,1,1
L1L2-to-L3,201,244,1,1
L1L2-to-L3,201,245,1,1
L1L2-to-L3,201,246,1,1
L1L2-to-L3,201,247,1,1
L1L2-to-L3,201,252,1,1
L1L2-to-L3,201,253,1,1
L1L2-to-L3,201,255,1,1
L1L2-to-L3,202,1,1,1
L1L2-to-L3,202,2,1,1
L1L2-to-L3,202,4,1,1
L1L2-to-L3,202,9,1,1
L1L2-to-L3,202,13,1,1
L1L2-to-L3,202,16,1,1
L1L2-to-L3,202,19,1,1
L1L2-to-L3,202,22,1,1
L1L2-to-L3,202,24,1,1
L1L2-to-L3,202,25,1,1
L1L2-to-L3,202,27,1,1
L1L2-to-L3,202,31,1,1
L1L2-to-L3,202,33,1,1
L1L2-to-L3,202,36,1,1
L1L2-to-L3,202,37,1,1
L1L2-to-L3,202,38,1,1
L1L2-to-L3,202,41,1,1
L1L2-to-L3,202,43,1,1
L1L2-to-L3,202,49,1,1
L1L2-to-L3,202,52,1,1
L1L2-to-L3,202,54,1,1
L1L2-to-L3,202,61,1,1
L1L2-to-L3,202,62,1,1
L1L2-to-L3,202,64,1,1
L1L2-to-L3,202,65,1,1
L1L2-to-L3,202,67,1,1
L1L2-to-L3,202,68,1,1
L1L2-to-L3,202,69,1,1
L1L2-to-L3,202,70,1,1
L1L2-to-L3,202,71,1,1
L1L2-to-L3,202,72,1,1
L1L2-to-L3,202,73,1,1
L1L2-to-L3,202,74,1,1
L1L2-to-L3,202,78,1,1
L1L2-to-L3,202,79,1,1
L1L2-to-L3,202,86,1,1
L1L2-to-L3,202,88,1,1
L1L2-to-L3,202,90,1,1
L1L2-to-L3,202,92,1,1
L1L2-to-L3,202,93,1,1
L1L2-to-L3,202,94,1,1
L1L2-to-L3,202,96,1,1
L1L2-to-L3,202,100,1,1
L1L2-to-L3,202,102,1,1
L1L2-to-L3,202,104,1,1
L1L2-to-L3,202,108,1,1
L1L2-to-L3,202,109,1,1
L1L2-to-L3,202,111,1,1
L1L2-to-L3,202,112,1,1
L1L2-to-L3,202,116,1,1
L1L2-to-L3,202,118,1,1
L1L2-to-L3,202,120,1,1
L1L2-to-L3,202,123,1,1
L1L2-to-L3,202,125,1,1
L1L2-to-L3,202,127,1,1
L1L2-to-L3,202,132,1,1
L1L2-to-L3,202,142,1,1
L1L2-to-L3,202,143,1,1
L1L2-to-L3,202,146,1,1
L1L2-to-L3,202,149,1,1
L1L2-to-L3,202,150,1,1
L1L2-to-L3,202,152,1,1
L1L2-to-L3,202,153,1,1
L1L2-to-L3,202,154,1,1
L1L2-to-L3,202,156,1,1
L1L2-to-L3,202,159,1,1
L1L2-to-L3,202,160,1,1
L1L2-to-L3,202,161,1,1
L1L2-to-L3,202,162,1,1
L1L2-to-L3,202,169,1,1
L1L2-to-L3,202,171,1,1
L1L2-to-L3,202,172,1,1
L1L2-to-L3,202,173,1,1
L1L2-to-L3,202,174,1,1
L1L2-to-L3,202,175,1,1
L1L2-to-L3,202,176,1,1
L1L2-to-L3,202,177,1,1
L1L2-to-L3,202,179,1,1
L1L2-to-L3,202,181,1,1
L1L2-to-L3,202,186,1,1
L1L2-to-L3,202,193,1,1
L1L2-to-L3,202,195,1,1
L1L2-to-L3,202,196,1,1
L1L2-to-L3,202,197,1,1
L1L2-to-L3,202,198,1,1
L1L2-to-L3,202,199,1,1
L1L2-to-L3,202,200,1,1
L1L2-to-L3,202,203,1,1
L1L2-to-L3,202,204,1,1
L1L2-to-L3,202,206,1,1
L1L2-to-L3,202,208,1,1
L1L2-to-L3,202,213,1,1
L1L2-to-L3,202,214,1,1
L1L2-to-L3,202,219,1,1
L1L2-to-L3,202,220,1,1
L1L2-to-L3,202,222,1,1
L1L2-to-L3,202,223,1,1
L1L2-to-L3,202,225,1,1
L1L2-to-L3,202,229,1,1
L1L2-to-L3,202,231,1,1
L1L2-to-L3,202,233,1,1
L1L2-to-L3,202,235,1,1
L1L2-to-L3,202,236,1,1
L1L2-to-L3,202,237,1,1
L1L2-to-L3,202,238,1,1
L1L2-to-L3,202,241,1,1
L1L2-to-L3,202,244,1,1
L1L2-to-L3,202,245,1,1
L1L2-to-L3,202,251,1,1
L1L2-to-L3,202,252,1,1
L1L2-to-L3,202,253,1,1
L1L2-to-L3,202,254,1,1
L1L2-to-L3,203,6,1,1
L1L2-to-L3,203,12,1,1
L1L2-to-L3,203,15,1,1
L1L2-to-L3,203,17,1,1
L1L2-to-L3,203,26,1,1
L1L2-to-L3,203,29,1,1
L1L2-to-L3,203,30,1,1
L1L2-to-L3,203,38,1,1
L1L2-to-L3,203,54,1,1
L1L2-to-L3,203,55,1,1
L1L2-to-L3,203,57,1,1
L1L2-to-L3,203,59,1,1
L1L2-to-L3,203,62,1,1
L1L2-to-L3,203,63,1,1
L1L2-to-L3,203,66,1,1
L1L2-to-L3,203,70,1,1
L1L2-to-L3,203,73,1,1
L1L2-to-L3,203,75,1,1
L1L2-to-L3,203,76,1,1
L1L2-to-L3,203,80,1,1
L1L2-to-L3,203,81,1,1
L1L2-to-L3,203,83,1,1
L1L2-to-L3,203,84,1,1
L1L2-to-L3,203,85,1,1
L1L2-to-L3,203,87,1,1
L1L2-to-L3,203,91,1,1
L1L2-to-L3,203,96,1,1
L1L2-to-L3,203,97,1,1
L1L2-to-L3,203,98,1,1
L1L2-to-L3,203,103,1,1
L1L2-to-L3,203,107,1,1
L1L2-to-L3,203,111,1,1
L1L2-to-L3,203,114,1,1
L1L2-to-L3,203,115,1,1
L1L2-to-L3,203,117,1,1
L1L2-to-L3,203,127,1,1
L1L2-to-L3,203,134,1,1
L1L2-to-L3,203,135,1,1
L1L2-to-L3,203,136,1,1
L1L2-to-L3,203,140,1,1
L1L2-to-L3,203,141,1,1
L1L2-to-L3,203,142,1,1
L1L2-to-L3,203,149,1,1
L1L2-to-L3,203,153,1,1
L1L2-to-L3,203,157,1,1
L1L2-to-L3,203,158,1,1
L1L2-to-L3,203,160,1,1
L1L2-to-L3,203,168,1,1
L1L2-to-L3,203,175,1,1
L1L2-to-L3,203,177,1,1
L1L2-to-L3,203,178,1,1
L1L2-to-L3,203,180,1,1
L1L2-to-L3,203,182,1,1
L1L2-to-L3,203,183,1,1
L1L2-to-L3,203,187,1,1
L1L2-to-L3,203,189,1,1
L1L2-to-L3,203,191,1,1
L1L2-to-L3,203,193,1,1
L1L2-to-L3,203,194,1,1
L1L2-to-L3,203,196,1,1
L1L2-to-L3,203,200,1,1
L1L2-to-L3,203,202,1,1
L1L2-to-L3,203,203,1,1
L1L2-to-L3,203,205,1,1
L1L2-to-L3,203,210,1,1
L1L2-to-L3,203,212,1,1
L1L2-to-L3,203,214,1,1
L1L2-to-L3,203,215,1,1
L1L2-to-L3,203,220,1,1
L1L2-to-L3,203,221,1,1
L1L2-to-L3,203,222,1,1
L1L2-to-L3,203,223,1,1
L1L2-to-L3,203,226,1,1
L1L2-to-L3,203,228,1,1
L1L2-to-L3,203,230,1,1
L1L2-to-L3,203,232,1,1
L1L2-to-L3,203,234,1,1
L1L2-to-L3,203,235,1,1
L1L2-to-L3,203,237,1,1
L1L2-to-L3,203,239,1,1
L1L2-to-L3,203,241,1,1
L1L2-to-L3,203,247,1,1
L1L2-to-L3,203,248,1,1
L1L2-to-L3,203,249,1,1
L1L2-to-L3,203,250,1,1
L1L2-to-L3,203,251,1,1
L1L2-to-L3,203,252,1,1
L1L2-to-L3,204,2,1,1
L1L2-to-L3,204,6,1,1
L1L2-to-L3,204,11,1,1
L1L2-to-L3,204,13,1,1
L1L2-to-L3,204,14,1,1
L1L2-to-L3,204,20,1,1
L1L2-to-L3,204,25,1,1
L1L2-to-L3,204,30,1,1
L1L2-to-L3,204,31,1,1
L1L2-to-L3,204,34,1,1
L1L2-to-L3,204,43,1,1
L1L2-to-L3,204,47,1,1
L1L2-to-L3,204,55,1,1
L1L2-to-L3,204,59,1,1
L1L2-to-L3,204,65,1,1
L1L2-to-L3,204,67,1,1
L1L2-to-L3,204,69,1,1
L1L2-to-L3,204,71,1,1
L1L2-to-L3,204,72,1,1
L1L2-to-L3,204,73,1,1
L1L2-to-L3,204,75,1,1
L1L2-to-L3,204,81,1,1
L1L2-to-L3,204,91,1,1
L1L2-to-L3,204,98,1,1
L1L2-to-L3,204,99,1,1
L1L2-to-L3,204,103,1,1
L1L2-to-L3,204,105,1,1
L1L2-to-L3,204,108,1,1
L1L2-to-L3,204,120,1,1
L1L2-to-L3,204,123,1,1
L1L2-to-L3,204,126,1,1
L1L2-to-L3,204,127,1,1
L1L2-to-L3,204,128,1,1
L1L2-to-L3,204,129,1,1
L1L2-to-L3,204,131,1,1
L1L2-to-L3,204,133,1,1
L1L2-to-L3,204,136,1,1
L1L2-to-L3,204,137,1,1
L1L2-to-L3,204,140,1,1
L1L2-to-L3,204,141,1,1
L1L2-to-L3,204,143,1,1
L1L2-to-L3,204,148,1,1
L1L2-to-L3,204,155,1,1
L1L2-to-L3,204,160,1,1
L1L2-to-L3,204,162,1,1
L1L2-to-L3,204,166,1,1
L1L2-to-L3,204,173,1,1
L1L2-to-L3,204,177,1,1
L1L2-to-L3,204,182,1,1
L1L2-to-L3,204,183,1,1
L1L2-to-L3,204,185,1,1
L1L2-to-L3,204,196,1,1
L1L2-to-L3,204,200,1,1
L1L2-to-L3,204,203,1,1
L1L2-to-L3,204,204,1,1
L1L2-to-L3,204,206,1,1
L1L2-to-L3,204,209,1,1
L1L2-to-L3,204,216,1,1
L1L2-to-L3,204,219,1,1
L1L2-to-L3,204,221,1,1
L1L2-to-L3,204,222,1,1
L1L2-to-L3,204,223,1,1
L1L2-to-L3,204,225,1,1
L1L2-to-L3,204,227,1,1
L1L2-to-L3,204,231,1,1
L1L2-to-L3,204,233,1,1
L1L2-to-L3,204,235,1,1
L1L2-to-L3,204,237,1,1
L1L2-to-L3,204,238,1,1
L1L2-to-L3,204,239,1,1
L1L2-to-L3,204,240,1,1
L1L2-to-L3,204,247,1,1
L1L2-to-L3,204,249,1,1
L1L2-to-L3,204,251,1,1
L1L2-to-L3,204,252,1,1
L1L2-to-L3,204,253,1,1
L1L2-to-L3,204,254,1,1
L1L2-to-L3,204,255,1,1
L1L2-to-L3,205,5,1,1
L1L2-to-L3,205,6,1,1
L1L2-to-L3,205,8,1,1
L1L2-to-L3,205,9,1,1
L1L2-to-L3,205,14,1,1
L1L2-to-L3,205,18,1,1
L1L2-to-L3,205,19,1,1
L1L2-to-L3,205,23,1,1
L1L2-to-L3,205,27,1,1
L1L2-to-L3,205,32,1,1
L1L2-to-L3,205,35,1,1
L1L2-to-L3,205,36,1,1
L1L2-to-L3,205,43,1,1
L1L2-to-L3,205,46,1,1
L1L2-to-L3,205,48,1,1
L1L2-to-L3,205,49,1,1
L1L2-to-L3,205,52,1,1
L1L2-to-L3,205,55,1,1
L1L2-to-L3,205,60,1,1
L1L2-to-L3,205,63,1,1
L1L2-to-L3,205,67,1,1
L1L2-to-L3,205,71,1,1
L1L2-to-L3,205,77,1,1
L1L2-to-L3,205,78,1,1
L1L2-to-L3,205,80,1,1
L1L2-to-L3,205,85,1,1
L1L2-to-L3,205,90,1,1
L1L2-to-L3,205,93,1,1
L1L2-to-L3,205,95,1,1
L1L2-to-L3,205,98,1,1
L1L2-to-L3,205,104,1,1
L1L2-to-L3,205,106,1,1
L1L2-to-L3,205,110,1,1
L1L2-to-L3,205,112,1,1
L1L2-to-L3,205,113,1,1
L1L2-to-L3,205,115,1,1
L1L2-to-L3,205,119,1,1
L1L2-to-L3,205,120,1,1
L1L2-to-L3,205,122,1,1
L1L2-to-L3,205,123,1,1
L1L2-to-L3,205,126,1,1
L1L2-to-L3,205,127,1,1
L1L2-to-L3,205,128,1,1
L1L2-to-L3,205,131,1,1
L1L2-to-L3,205,134,1,1
L1L2-to-L3,205,135,1,1
L1L2-to-L3,205,136,1,1
L1L2-to-L3,205,138,1,1
L1L2-to-L3,205,142,1,1
L1L2-to-L3,205,147,1,1
L1L2-to-L3,205,150,1,1
L1L2-to-L3,205,154,1,1
L1L2-to-L3,205,156,1,1
L1L2-to-L3,205,157,1,1
L1L2-to-L3,205,158,1,1
L1L2-to-L3,205,162,1,1
L1L2-to-L3,205,164,1,1
L1L2-to-L3,205,165,1,1
L1L2-to-L3,205,166,1,1
L1L2-to-L3,205,170,1,1
L1L2-to-L3,205,172,1,1
L1L2-to-L3,205,174,1,1
L1L2-to-L3,205,175,1,1
L1L2-to-L3,205,177,1,1
L1L2-to-L3,205,180,1,1
L1L2-to-L3,205,181,1,1
L1L2-to-L3,205,182,1,1
L1L2-to-L3,205,185,1,1
L1L2-to-L3,205,190,1,1
L1L2-to-L3,205,192,1,1
L1L2-to-L3,205,193,1,1
L1L2-to-L3,205,194,1,1
L1L2-to-L3,205,195,1,1
L1L2-to-L3,205,196,1,1
L1L2-to-L3,205,198,1,1
L1L2-to-L3,205,199,1,1
L1L2-to-L3,205,201,1,1
L1L2-to-L3,205,202,1,1
L1L2-to-L3,205,203,1,1
L1L2-to-L3,205,204,1,1
L1L2-to-L3,205,205,1,1
L1L2-to-L3,205,208,1,1
L1L2-to-L3,205,210,1,1
L1L2-to-L3,205,211,1,1
L1L2-to-L3,205,213,1,1
L1L2-to-L3,205,215,1,1
L1L2-to-L3,205,216,1,1
L1L2-to-L3,205,218,1,1
L1L2-to-L3,205,221,1,1
L1L2-to-L3,205,222,1,1
L1L2-to-L3,205,223,1,1
L1L2-to-L3,205,233,1,1
L1L2-to-L3,205,234,1,1
L1L2-to-L3,205,236,1,1
L1L2-to-L3,205,237,1,1
L1L2-to-L3,205,239,1,1
L1L2-to-L3,205,240,1,1
L1L2-to-L3,205,241,1,1
L1L2-to-L3,205,245,1,1
L1L2-to-L3,205,249,1,1
L1L2-to-L3,205,252,1,1
L1L2-to-L3,205,255,1,1
L1L2-to-L3,206,5,1,1
L1L2-to-L3,206,10,1,1
L1L2-to-L3,206,12,1,1
L1L2-to-L3,206,13,1,1
L1L2-to-L3,206,14,1,1
L1L2-to-L3,206,16,1,1
L1L2-to-L3,206,21,1,1
L1L2-to-L3,206,25,1,1
L1L2-to-L3,206,29,1,1
L1L2-to-L3,206,34,1,1
L1L2-to-L3,206,37,1,1
L1L2-to-L3,206,41,1,1
L1L2-to-L3,206,43,1,1
L1L2-to-L3,206,44,1,1
L1L2-to-L3,206,45,1,1
L1L2-to-L3,206,50,1,1
L1L2-to-L3,206,53,1,1
L1L2-to-L3,206,54,1,1
L1L2-to-L3,206,55,1,1
L1L2-to-L3,206,62,1,1
L1L2-to-L3,206,69,1,1
L1L2-to-L3,206,71,1,1
L1L2-to-L3,206,72,1,1
L1L2-to-L3,206,73,1,1
L1L2-to-L3,206,74,1,1
L1L2-to-L3,206,75,1,1
L1L2-to-L3,206,81,1,1
L1L2-to-L3,206,82,1,1
L1L2-to-L3,206,83,1,1
L1L2-to-L3,206,85,1,1
L1L2-to-L3,206,86,1,1
L1L2-to-L3,206,88,1,1
L1L2-to-L3,206,89,1,1
L1L2-to-L3,206,92,1,1
L1L2-to-L3,206,93,1,1
L1L2-to-L3,206,98,1,1
L1L2-to-L3,206,99,1,1
L1L2-to-L3,206,103,1,1
L1L2-to-L3,206,106,1,1
L1L2-to-L3,206,107,1,1
L1L2-to-L3,206,117,1,1
L1L2-to-L3,206,128,1,1
L1L2-to-L3,206,131,1,1
L1L2-to-L3,206,132,1,1
L1L2-to-L3,206,136,1,1
L1L2-to-L3,206,137,1,1
L1L2-to-L3,206,143,1,1
L1L2-to-L3,206,145,1,1
L1L2-to-L3,206,146,1,1
L1L2-to-L3,206,148,1,1
L1L2-to-L3,206,149,1,1
L1L2-to-L3,206,151,1,1
L1L2-to-L3,206,153,1,1
L1L2-to-L3,206,155,1,1
L1L2-to-L3,206,156,1,1
L1L2-to-L3,206,158,1,1
L1L2-to-L3,206,159,1,1
L1L2-to-L3,206,161,1,1
L1L2-to-L3,206,162,1,1
L1L2-to-L3,206,163,1,1
L1L2-to-L3,206,167,1,1
L1L2-to-L3,206,168,1,1
L1L2-to-L3,206,169,1,1
L1L2-to-L3,206,170,1,1
L1L2-to-L3,206,171,1,1
L1L2-to-L3,206,177,1,1
L1L2-to-L3,206,181,1,1
L1L2-to-L3,206,182,1,1
L1L2-to-L3,206,184,1,1
L1L2-to-L3,206,186,1,1
L1L2-to-L3,206,188,1,1
L1L2-to-L3,206,189,1,1
L1L2-to-L3,206,190,1,1
L1L2-to-L3,206,191,1,1
L1L2-to-L3,206,193,1,1
L1L2-to-L3,206,195,1,1
L1L2-to-L3,206,198,1,1
L1L2-to-L3,206,199,1,1
L1L2-to-L3,206,200,1,1
L1L2-to-L3,206,202,1,1
L1L2-to-L3,206,209,1,1
L1L2-to-L3,206,210,1,1
L1L2-to-L3,206,211,1,1
L1L2-to-L3,206,219,1,1
L1L2-to-L3,206,220,1,1
L1L2-to-L3,206,221,1,1
L1L2-to-L3,206,222,1,1
L1L2-to-L3,206,226,1,1
L1L2-to-L3,206,231,1,1
L1L2-to-L3,206,232,1,1
L1L2-to-L3,206,234,1,1
L1L2-to-L3,206,238,1,1
L1L2-to-L3,206,247,1,1
L1L2-to-L3,206,249,1,1
L1L2-to-L3,206,250,1,1
L1L2-to-L3,206,252,1,1
L1L2-to-L3,206,254,1,1
L1L2-to-L3,206,255,1,1
L1L2-to-L3,207,0,1,1
L1L2-to-L3,207,4,1,1
L1L2-to-L3,207,5,1,1
L1L2-to-L3,207,18,1,1
L1L2-to-L3,207,23,1,1
L1L2-to-L3,207,24,1,1
L1L2-to-L3,207,25,1,1
L1L2-to-L3,207,28,1,1
L1L2-to-L3,207,30,1,1
L1L2-to-L3,207,32,1,1
L1L2-to-L3,207,39,1,1
L1L2-to-L3,207,40,1,1
L1L2-to-L3,207,44,1,1
L1L2-to-L3,207,53,1,1
L1L2-to-L3,207,55,1,1
L1L2-to-L3,207,60,1,1
L1L2-to-L3,207,61,1,1
L1L2-to-L3,207,63,1,1
L1L2-to-L3,207,64,1,1
L1L2-to-L3,207,67,1,1
L1L2-to-L3,207,72,1,1
L1L2-to-L3,207,73,1,1
L1L2-to-L3,207,75,1,1
L1L2-to-L3,207,76,1,1
L1L2-to-L3,207,77,1,1
L1L2-to-L3,207,79,1,1
L1L2-to-L3,207,80,1,1
L1L2-to-L3,207,81,1,1
L1L2-to-L3,207,82,1,1
L1L2-to-L3,207,85,1,1
L1L2-to-L3,207,86,1,1
L1L2-to-L3,207,87,1,1
L1L2-to-L3,207,90,1,1
L1L2-to-L3,207,91,1,1
L1L2-to-L3,207,94,1,1
L1L2-to-L3,207,98,1,1
L1L2-to-L3,207,101,1,1
L1L2-to-L3,207,103,1,1
L1L2-to-L3,207,104,1,1
L1L2-to-L3,207,105,1,1
L1L2-to-L3,207,112,1,1
L1L2-to-L3,207,113,1,1
L1L2-to-L3,207,117,1,1
L1L2-to-L3,207,118,1,1
L1L2-to-L3,207,120,1,1
L1L2-to-L3,207,122,1,1
L1L2-to-L3,207,123,1,1
L1L2-to-L3,207,124,1,1
L1L2-to-L3,207,125,1,1
L1L2-to-L3,207,126,1,1
L1L2-to-L3,207,128,1,1
L1L2-to-L3,207,130,1,1
L1L2-to-L3,207,134,1,1
L1L2-to-L3,207,136,1,1
L1L2-to-L3,207,137,1,1
L1L2-to-L3,207,144,1,1
L1L2-to-L3,207,146,1,1
L1L2-to-L3,207,150,1,1
L1L2-to-L3,207,151,1,1
L1L2-to-L3,207,152,1,1
L1L2-to-L3,207,154,1,1
L1L2-to-L3,207,157,1,1
L1L2-to-L3,207,159,1,1
L1L2-to-L3,207,162,1,1
L1L2-to-L3,207,164,1,1
L1L2-to-L3,207,165,1,1
L1L2-to-L3,207,166,1,1
L1L2-to-L3,207,167,1,1
L1L2-to-L3,207,168,1,1
L1L2-to-L3,207,169,1,1
L1L2-to-L3,207,170,1,1
L1L2-to-L3,207,172,1,1
L1L2-to-L3,207,174,1,1
L1L2-to-L3,207,175,1,1
L1L2-to-L3,207,176,1,1
L1L2-to-L3,207,177,1,1
L1L2-to-L3,207,178,1,1
L1L2-to-L3,207,179,1,1
L1L2-to-L3,207,180,1,1
L1L2-to-L3,207,182,1,1
L1L2-to-L3,207,183,1,1
L1L2-to-L3,207,186,1,1
L1L2-to-L3,207,189,1,1
L1L2-to-L3,207,190,1,1
L1L2-to-L3,207,192,1,1
L1L2-to-L3,207,193,1,1
L1L2-to-L3,207,194,1,1
L1L2-to-L3,207,197,1,1
L1L2-to-L3,207,198,1,1
L1L2-to-L3,207,201,1,1
L1L2-to-L3,207,202,1,1
L1L2-to-L3,207,205,1,1
L1L2-to-L3,207,208,1,1
L1L2-to-L3,207,211,1,1
L1L2-to-L3,207,213,1,1
L1L2-to-L3,207,214,1,1
L1L2-to-L3,207,216,1,1
L1L2-to-L3,207,218,1,1
L1L2-to-L3,207,221,1,1
L1L2-to-L3,207,223,1,1
L1L2-to-L3,207,224,1,1
L1L2-to-L3,207,225,1,1
L1L2-to-L3,207,228,1,1
L1L2-to-L3,207,234,1,1
L1L2-to-L3,207,235,1,1
L1L2-to-L3,207,236,1,1
L1L2-to-L3,207,237,1,1
L1L2-to-L3,207,238,1,1
L1L2-to-L3,207,240,1,1
L1L2-to-L3,207,241,1,1
L1L2-to-L3,207,242,1,1
L1L2-to-L3,207,243,1,1
L1L2-to-L3,207,245,1,1
L1L2-to-L3,207,246,1,1
L1L2-to-L3,207,247,1,1
L1L2-to-L3,207,250,1,1
L1L2-to-L3,207,251,1,1
L1L2-to-L3,207,252,1,1
L1L2-to-L3,207,254,1,1
L1L2-to-L3,208,1,1,1
L1L2-to-L3,208,6,1,1
L1L2-to-L3,208,7,1,1
L1L2-to-L3,208,8,1,1
L1L2-to-L3,208,10,1,1
L1L2-to-L3,208,12,1,1
L1L2-to-L3,208,14,1,1
L1L2-to-L3,208,15,1,1
L1L2-to-L3,208,16,1,1
L1L2-to-L3,208,19,1,1
L1L2-to-L3,208,20,1,1
L1L2-to-L3,208,21,1,1
L1L2-to-L3,208,23,1,1
L1L2-to-L3,208,27,1,1
L1L2-to-L3,208,29,1,1
L1L2-to-L3,208,37,1,1
L1L2-to-L3,208,38,1,1
L1L2-to-L3,208,43,1,1
L1L2-to-L3,208,48,1,1
L1L2-to-L3,208,49,1,1
L1L2-to-L3,208,51,1,1
L1L2-to-L3,208,54,1,1
L1L2-to-L3,208,57,1,1
L1L2-to-L3,208,61,1,1
L1L2-to-L3,208,63,1,1
L1L2-to-L3,208,65,1,1
L1L2-to-L3,208,68,1,1
L1L2-to-L3,208,69,1,1
L1L2-to-L3,208,74,1,1
L1L2-to-L3,208,78,1,1
L1L2-to-L3,208,79,1,1
L1L2-to-L3,208,86,1,1
L1L2-to-L3,208,89,1,1
L1L2-to-L3,208,94,1,1
L1L2-to-L3,208,95,1,1
L1L2-to-L3,208,97,1,1
L1L2-to-L3,208,98,1,1
L1L2-to-L3,208,103,1,1
L1L2-to-L3,208,106,1,1
L1L2-to-L3,208,107,1,1
L1L2-to-L3,208,108,1,1
L1L2-to-L3,208,111,1,1
L1L2-to-L3,208,113,1,1
L1L2-to-L3,208,114,1,1
L1L2-to-L3,208,116,1,1
L1L2-to-L3,208,117,1,1
L1L2-to-L3,208,124,1,1
L1L2-to-L3,208,127,1,1
L1L2-to-L3,208,130,1,1
L1L2-to-L3,208,134,1,1
L1L2-to-L3,208,136,1,1
L1L2-to-L3,208,137,1,1
L1L2-to-L3,208,138,1,1
L1L2-to-L3,208,142,1,1
L1L2-to-L3,208,143,1,1
L1L2-to-L3,208,144,1,1
L1L2-to-L3,208,146,1,1
L1L2-to-L3,208,147,1,1
L1L2-to-L3,208,148,1,1
L1L2-to-L3,208,149,1,1
L1L2-to-L3,208,151,1,1
L1L2-to-L3,208,152,1,1
L1L2-to-L3,208,154,1,1
L1L2-to-L3,208,156,1,1
L1L2-to-L3,208,159,1,1
L1L2-to-L3,208,163,1,1
L1L2-to-L3,208,164,1,1
L1L2-to-L3,208,165,1,1
L1L2-to-L3,208,167,1,1
L1L2-to-L3,208,172,1,1
L1L2-to-L3,208,173,1,1
L1L2-to-L3,208,174,1,1
L1L2-to-L3,208,176,1,1
L1L2-to-L3,208,177,1,1
L1L2-to-L3,208,178,1,1
L1L2-to-L3,208,180,1,1
L1L2-to-L3,208,182,1,1
L1L2-to-L3,208,190,1,1
L1L2-to-L3,208,191,1,1
L1L2-to-L3,208,193,1,1
L1L2-to-L3,208,194,1,1
L1L2-to-L3,208,196,1,1
L1L2-to-L3,208,199,1,1
L1L2-to-L3,208,202,1,1
L1L2-to-L3,208,206,1,1
L1L2-to-L3,208,209,1,1
L1L2-to-L3,208,211,1,1
L1L2-to-L3,208,212,1,1
L1L2-to-L3,208,214,1,1
L1L2-to-L3,208,215,1,1
L1L2-to-L3,208,216,1,1
L1L2-to-L3,208,218,1,1
L1L2-to-L3,208,221,1,1
L1L2-to-L3,208,222,1,1
L1L2-to-L3,208,223,1,1
L1L2-to-L3,208,224,1,1
L1L2-to-L3,208,225,1,1
L1L2-to-L3,208,229,1,1
L1L2-to-L3,208,230,1,1
L1L2-to-L3,208,233,1,1
L1L2-to-L3,208,234,1,1
L1L2-to-L3,208,236,1,1
L1L2-to-L3,208,241,1,1
L1L2-to-L3,208,244,1,1
L1L2-to-L3,208,245,1,1
L1L2-to-L3,208,246,1,1
L1L2-to-L3,208,247,1,1
L1L2-to-L3,208,248,1,1
L1L2-to-L3,208,251,1,1
L1L2-to-L3,208,252,1,1
L1L2-to-L3,209,0,1,1
L1L2-to-L3,209,1,1,1
L1L2-to-L3,209,11,1,1
L1L2-to-L3,209,13,1,1
L1L2-to-L3,209,16,1,1
L1L2-to-L3,209,21,1,1
L1L2-to-L3,209,24,1,1
L1L2-to-L3,209,26,1,1
L1L2-to-L3,209,28,1,1
L1L2-to-L3,209,31,1,1
L1L2-to-L3,209,33,1,1
L1L2-to-L3,209,35,1,1
L1L2-to-L3,209,38,1,1
L1L2-to-L3,209,46,1,1
L1L2-to-L3,209,48,1,1
L1L2-to-L3,209,49,1,1
L1L2-to-L3,209,51,1,1
L1L2-to-L3,209,56,1,1
L1L2-to-L3,209,57,1,1
L1L2-to-L3,209,59,1,1
L1L2-to-L3,209,61,1,1
L1L2-to-L3,209,63,1,1
L1L2-to-L3,209,64,1,1
L1L2-to-L3,209,67,1,1
L1L2-to-L3,209,68,1,1
L1L2-to-L3,209,74,1,1
L1L2-to-L3,209,86,1,1
L1L2-to-L3,209,87,1,1
L1L2-to-L3,209,88,1,1
L1L2-to-L3,209,90,1,1
L1L2-to-L3,209,95,1,1
L1L2-to-L3,209,96,1,1
L1L2-to-L3,209,104,1,1
L1L2-to-L3,209,107,1,1
L1L2-to-L3,209,109,1,1
L1L2-to-L3,209,110,1,1
L1L2-to-L3,209,111,1,1
L1L2-to-L3,209,113,1,1
L1L2-to-L3,209,115,1,1
L1L2-to-L3,209,121,1,1
L1L2-to-L3,209,122,1,1
L1L2-to-L3,209,123,1,1
L1L2-to-L3,209,125,1,1
L1L2-to-L3,209,126,1,1
L1L2-to-L3,209,129,1,1
L1L2-to-L3,209,133,1,1
L1L2-to-L3,209,137,1,1
L1L2-to-L3,209,138,1,1
L1L2-to-L3,209,139,1,1
L1L2-to-L3,209,140,1,1
L1L2-to-L3,209,141,1,1
L1L2-to-L3,209,142,1,1
L1L2-to-L3,209,146,1,1
L1L2-to-L3,209,148,1,1
L1L2-to-L3,209,149,1,1
L1L2-to-L3,209,151,1,1
L1L2-to-L3,209,152,1,1
L1L2-to-L3,209,155,1,1
L1L2-to-L3,209,156,1,1
L1L2-to-L3,209,157,1,1
L1L2-to-L3,209,159,1,1
L1L2-to-L3,209,160,1,1
L1L2-to-L3,209,165,1,1
L1L2-to-L3,209,170,1,1
L1L2-to-L3,209,172,1,1
L1L2-to-L3,209,178,1,1
L1L2-to-L3,209,180,1,1
L1L2-to-L3,209,181,1,1
L1L2-to-L3,209,185,1,1
L1L2-to-L3,209,186,1,1
L1L2-to-L3,209,187,1,1
L1L2-to-L3,209,188,1,1
L1L2-to-L3,209,191,1,1
L1L2-to-L3,209,193,1,1
L1L2-to-L3,209,195,1,1
L1L2-to-L3,209,196,1,1
L1L2-to-L3,209,197,1,1
L1L2-to-L3,209,199,1,1
L1L2-to-L3,209,200,1,1
L1L2-to-L3,209,201,1,1
L1L2-to-L3,209,202,1,1
L1L2-to-L3,209,203,1,1
L1L2-to-L3,209,204,1,1
L1L2-to-L3,209,205,1,1
L1L2-to-L3,209,206,1,1
L1L2-to-L3,209,207,1,1
L1L2-to-L3,209,210,1,1
L1L2-to-L3,209,213,1,1
L1L2-to-L3,209,216,1,1
L1L2-to-L3,209,217,1,1
L1L2-to-L3,209,218,1,1
L1L2-to-L3,209,219,1,1
L1L2-to-L3,209,220,1,1
L1L2-to-L3,209,221,1,1
L1L2-to-L3,209,222,1,1
L1L2-to-L3,209,226,1,1
L1L2-to-L3,209,227,1,1
L1L2-to-L3,209,229,1,1
L1L2-to-L3,209,231,1,1
L1L2-to-L3,209,232,1,1
L1L2-to-L3,209,234,1,1
L1L2-to-L3,209,236,1,1
L1L2-to-L3,209,237,1,1
L1L2-to-L3,209,238,1,1
L1L2-to-L3,209,241,1,1
L1L2-to-L3,209,243,1,1
L1L2-to-L3,209,244,1,1
L1L2-to-L3,209,246,1,1
L1L2-to-L3,209,250,1,1
L1L2-to-L3,209,251,1,1
L1L2-to-L3,209,252,1,1
L1L2-to-L3,209,254,1,1
L1L2-to-L3,210,0,1,1
L1L2-to-L3,210,1,1,1
L1L2-to-L3,210,9,1,1
L1L2-to-L3,210,12,1,1
L1L2-to-L3,210,13,1,1
L1L2-to-L3,210,18,1,1
L1L2-to-L3,210,24,1,1
L1L2-to-L3,210,25,1,1
L1L2-to-L3,210,27,1,1
L1L2-to-L3,210,30,1,1
L1L2-to-L3,210,33,1,1
L1L2-to-L3,210,36,1,1
L1L2-to-L3,210,37,1,1
L1L2-to-L3,210,39,1,1
L1L2-to-L3,210,40,1,1
L1L2-to-L3,210,44,1,1
L1L2-to-L3,210,45,1,1
L1L2-to-L3,210,51,1,1
L1L2-to-L3,210,54,1,1
L1L2-to-L3,210,57,1,1
L1L2-to-L3,210,59,1,1
L1L2-to-L3,210,71,1,1
L1L2-to-L3,210,85,1,1
L1L2-to-L3,210,86,1,1
L1L2-to-L3,210,90,1,1
L1L2-to-L3,210,93,1,1
L1L2-to-L3,210,97,1,1
L1L2-to-L3,210,101,1,1
L1L2-to-L3,210,103,1,1
L1L2-to-L3,210,108,1,1
L1L2-to-L3,210,112,1,1
L1L2-to-L3,210,113,1,1
L1L2-to-L3,210,116,1,1
L1L2-to-L3,210,120,1,1
L1L2-to-L3,210,122,1,1
L1L2-to-L3,210,123,1,1
L1L2-to-L3,210,127,1,1
L1L2-to-L3,210,128,1,1
L1L2-to-L3,210,131,1,1
L1L2-to-L3,210,132,1,1
L1L2-to-L3,210,133,1,1
L1L2-to-L3,210,136,1,1
L1L2-to-L3,210,137,1,1
L1L2-to-L3,210,139,1,1
L1L2-to-L3,210,141,1,1
L1L2-to-L3,210,143,1,1
L1L2-to-L3,210,144,1,1
L1L2-to-L3,210,152,1,1
L1L2-to-L3,210,154,1,1
L1L2-to-L3,210,156,1,1
L1L2-to-L3,210,165,1,1
L1L2-to-L3,210,166,1,1
L1L2-to-L3,210,171,1,1
L1L2-to-L3,210,174,1,1
L1L2-to-L3,210,175,1,1
L1L2-to-L3,210,178,1,1
L1L2-to-L3,210,180,1,1
L1L2-to-L3,210,181,1,1
L1L2-to-L3,210,182,1,1
L1L2-to-L3,210,186,1,1
L1L2-to-L3,210,187,1,1
L1L2-to-L3,210,190,1,1
L1L2-to-L3,210,191,1,1
L1L2-to-L3,210,192,1,1
L1L2-to-L3,210,193,1,1
L1L2-to-L3,210,194,1,1
L1L2-to-L3,210,197,1,1
L1L2-to-L3,210,199,1,1
L1L2-to-L3,210,200,1,1
L1L2-to-L3,210,202,1,1
L1L2-to-L3,210,203,1,1
L1L2-to-L3,210,205,1,1
L1L2-to-L3,210,206,1,1
L1L2-to-L3,210,209,1,1
L1L2-to-L3,210,210,1,1
L1L2-to-L3,210,211,1,1
L1L2-to-L3,210,213,1,1
L1L2-to-L3,210,215,1,1
L1L2-to-L3,210,217,1,1
L1L2-to-L3,210,218,1,1
L1L2-to-L3,210,220,1,1
L1L2-to-L3,210,221,1,1
L1L2-to-L3,210,222,1,1
L1L2-to-L3,210,225,1,1
L1L2-to-L3,210,227,1,1
L1L2-to-L3,210,229,1,1
L1L2-to-L3,210,230,1,1
L1L2-to-L3,210,231,1,1
L1L2-to-L3,210,234,1,1
L1L2-to-L3,210,236,1,1
L1L2-to-L3,210,239,1,1
L1L2-to-L3,210,240,1,1
L1L2-to-L3,210,242,1,1
L1L2-to-L3,210,245,1,1
L1L2-to-L3,210,247,1,1
L1L2-to-L3,210,248,1,1
L1L2-to-L3,210,249,1,1
L1L2-to-L3,210,250,1,1
L1L2-to-L3,210,251,1,1
L1L2-to-L3,210,254,1,1
L1L2-to-L3,210,255,1,1
L1L2-to-L3,211,3,1,1
L1L2-to-L3,211,4,1,1
L1L2-to-L3,211,5,1,1
L1L2-to-L3,211,7,1,1
L1L2-to-L3,211,13,1,1
L1L2-to-L3,211,15,1,1
L1L2-to-L3,211,20,1,1
L1L2-to-L3,211,21,1,1
L1L2-to-L3,211,23,1,1
L1L2-to-L3,211,25,1,1
L1L2-to-L3,211,29,1,1
L1L2-to-L3,211,30,1,1
L1L2-to-L3,211,33,1,1
L1L2-to-L3,211,45,1,1
L1L2-to-L3,211,52,1,1
L1L2-to-L3,211,53,1,1
L1L2-to-L3,211,55,1,1
L1L2-to-L3,211,70,1,1
L1L2-to-L3,211,71,1,1
L1L2-to-L3,211,74,1,1
L1L2-to-L3,211,79,1,1
L1L2-to-L3,211,80,1,1
L1L2-to-L3,211,93,1,1
L1L2-to-L3,211,95,1,1
L1L2-to-L3,211,96,1,1
L1L2-to-L3,211,101,1,1
L1L2-to-L3,211,109,1,1
L1L2-to-L3,211,112,1,1
L1L2-to-L3,211,113,1,1
L1L2-to-L3,211,116,1,1
L1L2-to-L3,211,123,1,1
L1L2-to-L3,211,124,1,1
L1L2-to-L3,211,125,1,1
L1L2-to-L3,211,128,1,1
L1L2-to-L3,211,129,1,1
L1L2-to-L3,211,130,1,1
L1L2-to-L3,211,133,1,1
L1L2-to-L3,211,135,1,1
L1L2-to-L3,211,136,1,1
L1L2-to-L3,211,144,1,1
L1L2-to-L3,211,145,1,1
L1L2-to-L3,211,148,1,1
L1L2-to-L3,211,149,1,1
L1L2-to-L3,211,152,1,1
L1L2-to-L3,211,153,1,1
L1L2-to-L3,211,155,1,1
L1L2-to-L3,211,156,1,1
L1L2-to-L3,211,157,1,1
L1L2-to-L3,211,162,1,1
L1L2-to-L3,211,164,1,1
L1L2-to-L3,211,169,1,1
L1L2-to-L3,211,173,1,1
L1L2-to-L3,211,174,1,1
L1L2-to-L3,211,175,1,1
L1L2-to-L3,211,176,1,1
L1L2-to-L3,211,179,1,1
L1L2-to-L3,211,181,1,1
L1L2-to-L3,211,183,1,1
L1L2-to-L3,211,185,1,1
L1L2-to-L3,211,189,1,1
L1L2-to-L3,211,191,1,1
L1L2-to-L3,211,193,1,1
L1L2-to-L3,211,198,1,1
L1L2-to-L3,211,199,1,1
L1L2-to-L3,211,201,1,1
L1L2-to-L3,211,214,1,1
L1L2-to-L3,211,215,1,1
L1L2-to-L3,211,217,1,1
L1L2-to-L3,211,219,1,1
L1L2-to-L3,211,220,1,1
L1L2-to-L3,211,221,1,1
L1L2-to-L3,211,222,1,1
L1L2-to-L3,211,223,1,1
L1L2-to-L3,211,224,1,1
L1L2-to-L3,211,226,1,1
L1L2-to-L3,211,231,1,1
L1L2-to-L3,211,234,1,1
L1L2-to-L3,211,236,1,1
L1L2-to-L3,211,240,1,1
L1L2-to-L3,211,241,1,1
L1L2-to-L3,211,243,1,1
L1L2-to-L3,211,244,1,1
L1L2-to-L3,211,245,1,1
L1L2-to-L3,211,249,1,1
L1L2-to-L3,211,250,1,1
L1L2-to-L3,211,252,1,1
L1L2-to-L3,211,255,1,1
L1L2-to-L3,212,1,1,1
L1L2-to-L3,212,2,1,1
L1L2-to-L3,212,3,1,1
L1L2-to-L3,212,7,1,1
L1L2-to-L3,212,8,1,1
L1L2-to-L3,212,9,1,1
L1L2-to-L3,212,10,1,1
L1L2-to-L3,212,15,1,1
L1L2-to-L3,212,16,1,1
L1L2-to-L3,212,18,1,1
L1L2-to-L3,212,21,1,1
L1L2-to-L3,212,25,1,1
L1L2-to-L3,212,30,1,1
L1L2-to-L3,212,38,1,1
L1L2-to-L3,212,40,1,1
L1L2-to-L3,212,41,1,1
L1L2-to-L3,212,43,1,1
L1L2-to-L3,212,47,1,1
L1L2-to-L3,212,53,1,1
L1L2-to-L3,212,54,1,1
L1L2-to-L3,212,61,1,1
L1L2-to-L3,212,62,1,1
L1L2-to-L3,212,66,1,1
L1L2-to-L3,212,67,1,1
L1L2-to-L3,212,68,1,1
L1L2-to-L3,212,70,1,1
L1L2-to-L3,212,71,1,1
L1L2-to-L3,212,76,1,1
L1L2-to-L3,212,78,1,1
L1L2-to-L3,212,79,1,1
L1L2-to-L3,212,80,1,1
L1L2-to-L3,212,84,1,1
L1L2-to-L3,212,85,1,1
L1L2-to-L3,212,86,1,1
L1L2-to-L3,212,87,1,1
L1L2-to-L3,212,88,1,1
L1L2-to-L3,212,89,1,1
L1L2-to-L3,212,93,1,1
L1L2-to-L3,212,94,1,1
L1L2-to-L3,212,103,1,1
L1L2-to-L3,212,104,1,1
L1L2-to-L3,212,108,1,1
L1L2-to-L3,212,111,1,1
L1L2-to-L3,212,113,1,1
L1L2-to-L3,212,114,1,1
L1L2-to-L3,212,119,1,1
L1L2-to-L3,212,122,1,1
L1L2-to-L3,212,124,1,1
L1L2-to-L3,212,125,1,1
L1L2-to-L3,212,127,1,1
L1L2-to-L3,212,128,1,1
L1L2-to-L3,212,134,1,1
L1L2-to-L3,212,135,1,1
L1L2-to-L3,212,136,1,1
L1L2-to-L3,212,137,1,1
L1L2-to-L3,212,141,1,1
L1L2-to-L3,212,151,1,1
L1L2-to-L3,212,154,1,1
L1L2-to-L3,212,157,1,1
L1L2-to-L3,212,159,1,1
L1L2-to-L3,212,160,1,1
L1L2-to-L3,212,161,1,1
L1L2-to-L3,212,162,1,1
L1L2-to-L3,212,163,1,1
L1L2-to-L3,212,164,1,1
L1L2-to-L3,212,167,1,1
L1L2-to-L3,212,170,1,1
L1L2-to-L3,212,171,1,1
L1L2-to-L3,212,175,1,1
L1L2-to-L3,212,176,1,1
L1L2-to-L3,212,178,1,1
L1L2-to-L3,212,179,1,1
L1L2-to-L3,212,180,1,1
L1L2-to-L3,212,181,1,1
L1L2-to-L3,212,186,1,1
L1L2-to-L3,212,188,1,1
L1L2-to-L3,212,189,1,1
L1L2-to-L3,212,191,1,1
L1L2-to-L3,212,192,1,1
L1L2-to-L3,212,193,1,1
L1L2-to-L3,212,194,1,1
L1L2-to-L3,212,196,1,1
L1L2-to-L3,212,197,1,1
L1L2-to-L3,212,198,1,1
L1L2-to-L3,212,200,1,1
L1L2-to-L3,212,202,1,1
L1L2-to-L3,212,205,1,1
L1L2-to-L3,212,207,1,1
L1L2-to-L3,212,209,1,1
L1L2-to-L3,212,212,1,1
L1L2-to-L3,212,213,1,1
L1L2-to-L3,212,215,1,1
L1L2-to-L3,212,218,1,1
L1L2-to-L3,212,220,1,1
L1L2-to-L3,212,223,1,1
L1L2-to-L3,212,225,1,1
L1L2-to-L3,212,233,1,1
L1L2-to-L3,212,234,1,1
L1L2-to-L3,212,235,1,1
L1L2-to-L3,212,236,1,1
L1L2-to-L3,212,241,1,1
L1L2-to-L3,212,246,1,1
L1L2-to-L3,212,249,1,1
L1L2-to-L3,212,251,1,1
L1L2-to-L3,212,253,1,1
L1L2-to-L3,212,255,1,1
L1L2-to-L3,213,2,1,1
L1L2-to-L3,213,4,1,1
L1L2-to-L3,213,5,1,1
L1L2-to-L3,213,9,1,1
L1L2-to-L3,213,10,1,1
L1L2-to-L3,213,13,1,1
L1L2-to-L3,213,14,1,1
L1L2-to-L3,213,17,1,1
L1L2-to-L3,213,18,1,1
L1L2-to-L3,213,19,1,1
L1L2-to-L3,213,20,1,1
L1L2-to-L3,213,21,1,1
L1L2-to-L3,213,23,1,1
L1L2-to-L3,213,24,1,1
L1L2-to-L3,213,25,1,1
L1L2-to-L3,213,27,1,1
L1L2-to-L3,213,29,1,1
L1L2-to-L3,213,31,1,1
L1L2-to-L3,213,33,1,1
L1L2-to-L3,213,36,1,1
L1L2-to-L3,213,39,1,1
L1L2-to-L3,213,42,1,1
L1L2-to-L3,213,44,1,1
L1L2-to-L3,213,45,1,1
L1L2-to-L3,213,46,1,1
L1L2-to-L3,213,50,1,1
L1L2-to-L3,213,53,1,1
L1L2-to-L3,213,54,1,1
L1L2-to-L3,213,55,1,1
L1L2-to-L3,213,57,1,1
L1L2-to-L3,213,59,1,1
L1L2-to-L3,213,64,1,1
L1L2-to-L3,213,66,1,1
L1L2-to-L3,213,67,1,1
L1L2-to-L3,213,74,1,1
L1L2-to-L3,213,76,1,1
L1L2-to-L3,213,77,1,1
L1L2-to-L3,213,81,1,1
L1L2-to-L3,213,82,1,1
L1L2-to-L3,213,83,1,1
L1L2-to-L3,213,88,1,1
L1L2-to-L3,213,91,1,1
L1L2-to-L3,213,96,1,1
L1L2-to-L3,213,98,1,1
L1L2-to-L3,213,102,1,1
L1L2-to-L3,213,108,1,1
L1L2-to-L3,213,109,1,1
L1L2-to-L3,213,112,1,1
L1L2-to-L3,213,113,1,1
L1L2-to-L3,213,119,1,1
L1L2-to-L3,213,120,1,1
L1L2-to-L3,213,121,1,1
L1L2-to-L3,213,124,1,1
L1L2-to-L3,213,128,1,1
L1L2-to-L3,213,131,1,1
L1L2-to-L3,213,132,1,1
L1L2-to-L3,213,133,1,1
L1L2-to-L3,213,134,1,1
L1L2-to-L3,213,135,1,1
L1L2-to-L3,213,136,1,1
L1L2-to-L3,213,138,1,1
L1L2-to-L3,213,139,1,1
L1L2-to-L3,213,144,1,1
L1L2-to-L3,213,146,1,1
L1L2-to-L3,213,147,1,1
L1L2-to-L3,213,152,1,1
L1L2-to-L3,213,153,1,1
L1L2-to-L3,213,154,1,1
L1L2-to-L3,213,155,1,1
L1L2-to-L3,213,156,1,1
L1L2-to-L3,213,160,1,1
L1L2-to-L3,213,161,1,1
L1L2-to-L3,213,168,1,1
L1L2-to-L3,213,169,1,1
L1L2-to-L3,213,170,1,1
L1L2-to-L3,213,173,1,1
L1L2-to-L3,213,174,1,1
L1L2-to-L3,213,175,1,1
L1L2-to-L3,213,176,1,1
L1L2-to-L3,213,178,1,1
L1L2-to-L3,213,180,1,1
L1L2-to-L3,213,181,1,1
L1L2-to-L3,213,183,1,1
L1L2-to-L3,213,185,1,1
L1L2-to-L3,213,188,1,1
L1L2-to-L3,213,195,1,1
L1L2-to-L3,213,196,1,1
L1L2-to-L3,213,199,1,1
L1L2-to-L3,213,203,1,1
L1L2-to-L3,213,204,1,1
L1L2-to-L3,213,208,1,1
L1L2-to-L3,213,209,1,1
L1L2-to-L3,213,210,1,1
L1L2-to-L3,213,215,1,1
L1L2-to-L3,213,216,1,1
L1L2-to-L3,213,217,1,1
L1L2-to-L3,213,221,1,1
L1L2-to-L3,213,222,1,1
L1L2-to-L3,213,223,1,1
L1L2-to-L3,213,231,1,1
L1L2-to-L3,213,232,1,1
L1L2-to-L3,213,234,1,1
L1L2-to-L3,213,236,1,1
L1L2-to-L3,213,238,1,1
L1L2-to-L3,213,239,1,1
L1L2-to-L3,213,240,1,1
L1L2-to-L3,213,242,1,1
L1L2-to-L3,213,243,1,1
L1L2-to-L3,213,244,1,1
L1L2-to-L3,213,245,1,1
L1L2-to-L3,213,252,1,1
L1L2-to-L3,213,253,1,1
L1L2-to-L3,213,254,1,1
L1L2-to-L3,214,0,1,1
L1L2-to-L3,214,4,1,1
L1L2-to-L3,214,13,1,1
L1L2-to-L3,214,16,1,1
L1L2-to-L3,214,19,1,1
L1L2-to-L3,214,25,1,1
L1L2-to-L3,214,28,1,1
L1L2-to-L3,214,30,1,1
L1L2-to-L3,214,31,1,1
L1L2-to-L3,214,33,1,1
L1L2-to-L3,214,35,1,1
L1L2-to-L3,214,36,1,1
L1L2-to-L3,214,39,1,1
L1L2-to-L3,214,40,1,1
L1L2-to-L3,214,41,1,1
L1L2-to-L3,214,42,1,1
L1L2-to-L3,214,47,1,1
L1L2-to-L3,214,48,1,1
L1L2-to-L3,214,50,1,1
L1L2-to-L3,214,53,1,1
L1L2-to-L3,214,58,1,1
L1L2-to-L3,214,59,1,1
L1L2-to-L3,214,62,1,1
L1L2-to-L3,214,66,1,1
L1L2-to-L3,214,68,1,1
L1L2-to-L3,214,72,1,1
L1L2-to-L3,214,73,1,1
L1L2-to-L3,214,82,1,1
L1L2-to-L3,214,86,1,1
L1L2-to-L3,214,88,1,1
L1L2-to-L3,214,97,1,1
L1L2-to-L3,214,98,1,1
L1L2-to-L3,214,99,1,1
L1L2-to-L3,214,107,1,1
L1L2-to-L3,214,110,1,1
L1L2-to-L3,214,114,1,1
L1L2-to-L3,214,116,1,1
L1L2-to-L3,214,118,1,1
L1L2-to-L3,214,120,1,1
L1L2-to-L3,214,121,1,1
L1L2-to-L3,214,134,1,1
L1L2-to-L3,214,143,1,1
L1L2-to-L3,214,148,1,1
L1L2-to-L3,214,150,1,1
L1L2-to-L3,214,154,1,1
L1L2-to-L3,214,155,1,1
L1L2-to-L3,214,159,1,1
L1L2-to-L3,214,160,1,1
L1L2-to-L3,214,169,1,1
L1L2-to-L3,214,170,1,1
L1L2-to-L3,214,172,1,1
L1L2-to-L3,214,173,1,1
L1L2-to-L3,214,175,1,1
L1L2-to-L3,214,176,1,1
L1L2-to-L3,214,177,1,1
L1L2-to-L3,214,178,1,1
L1L2-to-L3,214,185,1,1
L1L2-to-L3,214,187,1,1
L1L2-to-L3,214,188,1,1
L1L2-to-L3,214,189,1,1
L1L2-to-L3,214,191,1,1
L1L2-to-L3,214,192,1,1
L1L2-to-L3,214,194,1,1
L1L2-to-L3,214,195,1,1
L1L2-to-L3,214,198,1,1
L1L2-to-L3,214,199,1,1
L1L2-to-L3,214,200,1,1
L1L2-to-L3,214,202,1,1
L1L2-to-L3,214,203,1,1
L1L2-to-L3,214,208,1,1
L1L2-to-L3,214,209,1,1
L1L2-to-L3,214,213,1,1
L1L2-to-L3,214,215,1,1
L1L2-to-L3,214,219,1,1
L1L2-to-L3,214,221,1,1
L1L2-to-L3,214,223,1,1
L1L2-to-L3,214,230,1,1
L1L2-to-L3,214,231,1,1
L1L2-to-L3,214,232,1,1
L1L2-to-L3,214,234,1,1
L1L2-to-L3,214,238,1,1
L1L2-to-L3,214,240,1,1
L1L2-to-L3,214,245,1,1
L1L2-to-L3,214,246,1,1
L1L2-to-L3,214,248,1,1
L1L2-to-L3,214,249,1,1
L1L2-to-L3,214,250,1,1
L1L2-to-L3,214,254,1,1
L1L2-to-L3,215,4,1,1
L1L2-to-L3,215,7,1,1
L1L2-to-L3,215,13,1,1
L1L2-to-L3,215,15,1,1
L1L2-to-L3,215,18,1,1
L1L2-to-L3,215,28,1,1
L1L2-to-L3,215,29,1,1
L1L2-to-L3,215,30,1,1
L1L2-to-L3,215,37,1,1
L1L2-to-L3,215,39,1,1
L1L2-to-L3,215,40,1,1
L1L2-to-L3,215,43,1,1
L1L2-to-L3,215,50,1,1
L1L2-to-L3,215,55,1,1
L1L2-to-L3,215,60,1,1
L1L2-to-L3,215,62,1,1
L1L2-to-L3,215,66,1,1
L1L2-to-L3,215,68,1,1
L1L2-to-L3,215,72,1,1
L1L2-to-L3,215,80,1,1
L1L2-to-L3,215,87,1,1
L1L2-to-L3,215,88,1,1
L1L2-to-L3,215,91,1,1
L1L2-to-L3,215,99,1,1
L1L2-to-L3,215,103,1,1
L1L2-to-L3,215,105,1,1
L1L2-to-L3,215,107,1,1
L1L2-to-L3,215,114,1,1
L1L2-to-L3,215,126,1,1
L1L2-to-L3,215,128,1,1
L1L2-to-L3,215,129,1,1
L1L2-to-L3,215,130,1,1
L1L2-to-L3,215,131,1,1
L1L2-to-L3,215,134,1,1
L1L2-to-L3,215,137,1,1
L1L2-to-L3,215,140,1,1
L1L2-to-L3,215,141,1,1
L1L2-to-L3,215,152,1,1
L1L2-to-L3,215,153,1,1
L1L2-to-L3,215,158,1,1
L1L2-to-L3,215,159,1,1
L1L2-to-L3,215,160,1,1
L1L2-to-L3,215,161,1,1
L1L2-to-L3,215,162,1,1
L1L2-to-L3,215,167,1,1
L1L2-to-L3,215,170,1,1
L1L2-to-L3,215,172,1,1
L1L2-to-L3,215,173,1,1
L1L2-to-L3,215,174,1,1
L1L2-to-L3,215,175,1,1
L1L2-to-L3,215,182,1,1
L1L2-to-L3,215,184,1,1
L1L2-to-L3,215,185,1,1
L1L2-to-L3,215,194,1,1
L1L2-to-L3,215,197,1,1
L1L2-to-L3,215,202,1,1
L1L2-to-L3,215,207,1,1
L1L2-to-L3,215,210,1,1
L1L2-to-L3,215,211,1,1
L1L2-to-L3,215,214,1,1
L1L2-to-L3,215,215,1,1
L1L2-to-L3,215,217,1,1
L1L2-to-L3,215,218,1,1
L1L2-to-L3,215,221,1,1
L1L2-to-L3,215,226,1,1
L1L2-to-L3,215,227,1,1
L1L2-to-L3,215,228,1,1
L1L2-to-L3,215,231,1,1
L1L2-to-L3,215,232,1,1
L1L2-to-L3,215,240,1,1
L1L2-to-L3,215,241,1,1
L1L2-to-L3,215,242,1,1
L1L2-to-L3,215,244,1,1
L1L2-to-L3,215,245,1,1
L1L2-to-L3,215,248,1,1
L1L2-to-L3,215,249,1,1
L1L2-to-L3,215,252,1,1
L1L2-to-L3,215,254,1,1
L1L2-to-L3,216,1,1,1
L1L2-to-L3,216,3,1,1
L1L2-to-L3,216,16,1,1
L1L2-to-L3,216,17,1,1
L1L2-to-L3,216,22,1,1
L1L2-to-L3,216,31,1,1
L1L2-to-L3,216,33,1,1
L1L2-to-L3,216,34,1,1
L1L2-to-L3,216,36,1,1
L1L2-to-L3,216,38,1,1
L1L2-to-L3,216,42,1,1
L1L2-to-L3,216,43,1,1
L1L2-to-L3,216,44,1,1
L1L2-to-L3,216,47,1,1
L1L2-to-L3,216,51,1,1
L1L2-to-L3,216,56,1,1
L1L2-to-L3,216,59,1,1
L1L2-to-L3,216,63,1,1
L1L2-to-L3,216,65,1,1
L1L2-to-L3,216,66,1,1
L1L2-to-L3,216,71,1,1
L1L2-to-L3,216,77,1,1
L1L2-to-L3,216,79,1,1
L1L2-to-L3,216,80,1,1
L1L2-to-L3,216,81,1,1
L1L2-to-L3,216,88,1,1
L1L2-to-L3,216,89,1,1
L1L2-to-L3,216,93,1,1
L1L2-to-L3,216,95,1,1
L1L2-to-L3,216,99,1,1
L1L2-to-L3,216,103,1,1
L1L2-to-L3,216,107,1,1
L1L2-to-L3,216,109,1,1
L1L2-to-L3,216,110,1,1
L1L2-to-L3,216,112,1,1
L1L2-to-L3,216,119,1,1
L1L2-to-L3,216,132,1,1
L1L2-to-L3,216,133,1,1
L1L2-to-L3,216,134,1,1
L1L2-to-L3,216,135,1,1
L1L2-to-L3,216,136,1,1
L1L2-to-L3,216,137,1,1
L1L2-to-L3,216,143,1,1
L1L2-to-L3,216,146,1,1
L1L2-to-L3,216,150,1,1
L1L2-to-L3,216,155,1,1
L1L2-to-L3,216,158,1,1
L1L2-to-L3,216,160,1,1
L1L2-to-L3,216,163,1,1
L1L2-to-L3,216,165,1,1
L1L2-to-L3,216,169,1,1
L1L2-to-L3,216,171,1,1
L1L2-to-L3,216,173,1,1
L1L2-to-L3,216,182,1,1
L1L2-to-L3,216,183,1,1
L1L2-to-L3,216,187,1,1
L1L2-to-L3,216,188,1,1
L1L2-to-L3,216,190,1,1
L1L2-to-L3,216,194,1,1
L1L2-to-L3,216,196,1,1
L1L2-to-L3,216,197,1,1
L1L2-to-L3,216,198,1,1
L1L2-to-L3,216,200,1,1
L1L2-to-L3,216,203,1,1
L1L2-to-L3,216,207,1,1
L1L2-to-L3,216,208,1,1
L1L2-to-L3,216,210,1,1
L1L2-to-L3,216,211,1,1
L1L2-to-L3,216,213,1,1
L1L2-to-L3,216,214,1,1
L1L2-to-L3,216,215,1,1
L1L2-to-L3,216,220,1,1
L1L2-to-L3,216,221,1,1
L1L2-to-L3,216,222,1,1
L1L2-to-L3,216,224,1,1
L1L2-to-L3,216,231,1,1
L1L2-to-L3,216,232,1,1
L1L2-to-L3,216,237,1,1
L1L2-to-L3,216,238,1,1
L1L2-to-L3,216,239,1,1
L1L2-to-L3,216,242,1,1
L1L2-to-L3,216,243,1,1
L1L2-to-L3,216,248,1,1
L1L2-to-L3,216,249,1,1
L1L2-to-L3,216,250,1,1
L1L2-to-L3,216,252,1,1
L1L2-to-L3,217,5,1,1
L1L2-to-L3,217,6,1,1
L1L2-to-L3,217,8,1,1
L1L2-to-L3,217,10,1,1
L1L2-to-L3,217,16,1,1
L1L2-to-L3,217,20,1,1
L1L2-to-L3,217,21,1,1
L1L2-to-L3,217,22,1,1
L1L2-to-L3,217,24,1,1
L1L2-to-L3,217,25,1,1
L1L2-to-L3,217,26,1,1
L1L2-to-L3,217,27,1,1
L1L2-to-L3,217,29,1,1
L1L2-to-L3,217,37,1,1
L1L2-to-L3,217,44,1,1
L1L2-to-L3,217,48,1,1
L1L2-to-L3,217,52,1,1
L1L2-to-L3,217,54,1,1
L1L2-to-L3,217,61,1,1
L1L2-to-L3,217,63,1,1
L1L2-to-L3,217,67,1,1
L1L2-to-L3,217,68,1,1
L1L2-to-L3,217,69,1,1
L1L2-to-L3,217,70,1,1
L1L2-to-L3,217,71,1,1
L1L2-to-L3,217,72,1,1
L1L2-to-L3,217,74,1,1
L1L2-to-L3,217,75,1,1
L1L2-to-L3,217,81,1,1
L1L2-to-L3,217,83,1,1
L1L2-to-L3,217,84,1,1
L1L2-to-L3,217,85,1,1
L1L2-to-L3,217,87,1,1
L1L2-to-L3,217,89,1,1
L1L2-to-L3,217,93,1,1
L1L2-to-L3,217,95,1,1
L1L2-to-L3,217,97,1,1
L1L2-to-L3,217,98,1,1
L1L2-to-L3,217,100,1,1
L1L2-to-L3,217,103,1,1
L1L2-to-L3,217,104,1,1
L1L2-to-L3,217,105,1,1
L1L2-to-L3,217,108,1,1
L1L2-to-L3,217,109,1,1
L1L2-to-L3,217,112,1,1
L1L2-to-L3,217,113,1,1
L1L2-to-L3,217,116,1,1
L1L2-to-L3,217,122,1,1
L1L2-to-L3,217,126,1,1
L1L2-to-L3,217,127,1,1
L1L2-to-L3,217,129,1,1
L1L2-to-L3,217,138,1,1
L1L2-to-L3,217,140,1,1
L1L2-to-L3,217,144,1,1
L1L2-to-L3,217,146,1,1
L1L2-to-L3,217,147,1,1
L1L2-to-L3,217,148,1,1
L1L2-to-L3,217,149,1,1
L1L2-to-L3,217,150,1,1
L1L2-to-L3,217,151,1,1
L1L2-to-L3,217,152,1,1
L1L2-to-L3,217,153,1,1
L1L2-to-L3,217,154,1,1
L1L2-to-L3,217,156,1,1
L1L2-to-L3,217,160,1,1
L1L2-to-L3,217,164,1,1
L1L2-to-L3,217,165,1,1
L1L2-to-L3,217,167,1,1
L1L2-to-L3,217,168,1,1
L1L2-to-L3,217,170,1,1
L1L2-to-L3,217,172,1,1
L1L2-to-L3,217,175,1,1
L1L2-to-L3,217,176,1,1
L1L2-to-L3,217,179,1,1
L1L2-to-L3,217,183,1,1
L1L2-to-L3,217,186,1,1
L1L2-to-L3,217,187,1,1
L1L2-to-L3,217,188,1,1
L1L2-to-L3,217,191,1,1
L1L2-to-L3,217,193,1,1
L1L2-to-L3,217,196,1,1
L1L2-to-L3,217,198,1,1
L1L2-to-L3,217,200,1,1
L1L2-to-L3,217,201,1,1
L1L2-to-L3,217,204,1,1
L1L2-to-L3,217,205,1,1
L1L2-to-L3,217,206,1,1
L1L2-to-L3,217,211,1,1
L1L2-to-L3,217,212,1,1
L1L2-to-L3,217,214,1,1
L1L2-to-L3,217,215,1,1
L1L2-to-L3,217,217,1,1
L1L2-to-L3,217,220,1,1
L1L2-to-L3,217,221,1,1
L1L2-to-L3,217,222,1,1
L1L2-to-L3,217,224,1,1
L1L2-to-L3,217,225,1,1
L1L2-to-L3,217,226,1,1
L1L2-to-L3,217,231,1,1
L1L2-to-L3,217,232,1,1
L1L2-to-L3,217,238,1,1
L1L2-to-L3,217,239,1,1
L1L2-to-L3,217,241,1,1
L1L2-to-L3,217,242,1,1
L1L2-to-L3,217,247,1,1
L1L2-to-L3,217,248,1,1
L1L2-to-L3,217,249,1,1
L1L2-to-L3,217,250,1,1
L1L2-to-L3,217,253,1,1
L1L2-to-L3,218,2,1,1
L1L2-to-L3,218,4,1,1
L1L2-to-L3,218,10,1,1
L1L2-to-L3,218,12,1,1
L1L2-to-L3,218,21,1,1
L1L2-to-L3,218,26,1,1
L1L2-to-L3,218,32,1,1
L1L2-to-L3,218,36,1,1
L1L2-to-L3,218,38,1,1
L1L2-to-L3,218,44,1,1
L1L2-to-L3,218,51,1,1
L1L2-to-L3,218,52,1,1
L1L2-to-L3,218,53,1,1
L1L2-to-L3,218,55,1,1
L1L2-to-L3,218,61,1,1
L1L2-to-L3,218,63,1,1
L1L2-to-L3,218,64,1,1
L1L2-to-L3,218,67,1,1
L1L2-to-L3,218,82,1,1
L1L2-to-L3,218,89,1,1
L1L2-to-L3,218,93,1,1
L1L2-to-L3,218,95,1,1
L1L2-to-L3,218,103,1,1
L1L2-to-L3,218,105,1,1
L1L2-to-L3,218,107,1,1
L1L2-to-L3,218,112,1,1
L1L2-to-L3,218,113,1,1
L1L2-to-L3,218,114,1,1
L1L2-to-L3,218,120,1,1
L1L2-to-L3,218,124,1,1
L1L2-to-L3,218,127,1,1
L1L2-to-L3,218,128,1,1
L1L2-to-L3,218,131,1,1
L1L2-to-L3,218,132,1,1
L1L2-to-L3,218,135,1,1
L1L2-to-L3,218,136,1,1
L1L2-to-L3,218,143,1,1
L1L2-to-L3,218,146,1,1
L1L2-to-L3,218,149,1,1
L1L2-to-L3,218,150,1,1
L1L2-to-L3,218,152,1,1
L1L2-to-L3,218,156,1,1
L1L2-to-L3,218,157,1,1
L1L2-to-L3,218,161,1,1
L1L2-to-L3,218,162,1,1
L1L2-to-L3,218,164,1,1
L1L2-to-L3,218,167,1,1
L1L2-to-L3,218,168,1,1
L1L2-to-L3,218,170,1,1
L1L2-to-L3,218,173,1,1
L1L2-to-L3,218,174,1,1
L1L2-to-L3,218,175,1,1
L1L2-to-L3,218,181,1,1
L1L2-to-L3,218,183,1,1
L1L2-to-L3,218,185,1,1
L1L2-to-L3,218,195,1,1
L1L2-to-L3,218,198,1,1
L1L2-to-L3,218,202,1,1
L1L2-to-L3,218,203,1,1
L1L2-to-L3,218,205,1,1
L1L2-to-L3,218,209,1,1
L1L2-to-L3,218,210,1,1
L1L2-to-L3,218,212,1,1
L1L2-to-L3,218,213,1,1
L1L2-to-L3,218,220,1,1
L1L2-to-L3,218,221,1,1
L1L2-to-L3,218,222,1,1
L1L2-to-L3,218,226,1,1
L1L2-to-L3,218,227,1,1
L1L2-to-L3,218,228,1,1
L1L2-to-L3,218,229,1,1
L1L2-to-L3,218,231,1,1
L1L2-to-L3,218,232,1,1
L1L2-to-L3,218,233,1,1
L1L2-to-L3,218,234,1,1
L1L2-to-L3,218,235,1,1
L1L2-to-L3,218,236,1,1
L1L2-to-L3,218,238,1,1
L1L2-to-L3,218,239,1,1
L1L2-to-L3,218,240,1,1
L1L2-to-L3,218,250,1,1
L1L2-to-L3,218,253,1,1
L1L2-to-L3,219,0,1,1
L1L2-to-L3,219,4,1,1
L1L2-to-L3,219,6,1,1
L1L2-to-L3,219,7,1,1
L1L2-to-L3,219,10,1,1
L1L2-to-L3,219,12,1,1
L1L2-to-L3,219,17,1,1
L1L2-to-L3,219,20,1,1
L1L2-to-L3,219,23,1,1
L1L2-to-L3,219,24,1,1
L1L2-to-L3,219,29,1,1
L1L2-to-L3,219,30,1,1
L1L2-to-L3,219,32,1,1
L1L2-to-L3,219,34,1,1
L1L2-to-L3,219,43,1,1
L1L2-to-L3,219,44,1,1
L1L2-to-L3,219,45,1,1
L1L2-to-L3,219,49,1,1
L1L2-to-L3,219,51,1,1
L1L2-to-L3,219,53,1,1
L1L2-to-L3,219,55,1,1
L1L2-to-L3,219,57,1,1
L1L2-to-L3,219,61,1,1
L1L2-to-L3,219,65,1,1
L1L2-to-L3,219,68,1,1
L1L2-to-L3,219,69,1,1
L1L2-to-L3,219,74,1,1
L1L2-to-L3,219,78,1,1
L1L2-to-L3,219,79,1,1
L1L2-to-L3,219,88,1,1
L1L2-to-L3,219,90,1,1
L1L2-to-L3,219,92,1,1
L1L2-to-L3,219,98,1,1
L1L2-to-L3,219,105,1,1
L1L2-to-L3,219,106,1,1
L1L2-to-L3,219,107,1,1
L1L2-to-L3,219,112,1,1
L1L2-to-L3,219,115,1,1
L1L2-to-L3,219,118,1,1
L1L2-to-L3,219,120,1,1
L1L2-to-L3,219,125,1,1
L1L2-to-L3,219,130,1,1
L1L2-to-L3,219,131,1,1
L1L2-to-L3,219,132,1,1
L1L2-to-L3,219,133,1,1
L1L2-to-L3,219,135,1,1
L1L2-to-L3,219,136,1,1
L1L2-to-L3,219,137,1,1
L1L2-to-L3,219,148,1,1
L1L2-to-L3,219,150,1,1
L1L2-to-L3,219,156,1,1
L1L2-to-L3,219,159,1,1
L1L2-to-L3,219,161,1,1
L1L2-to-L3,219,163,1,1
L1L2-to-L3,219,165,1,1
L1L2-to-L3,219,167,1,1
L1L2-to-L3,219,169,1,1
L1L2-to-L3,219,171,1,1
L1L2-to-L3,219,173,1,1
L1L2-to-L3,219,175,1,1
L1L2-to-L3,219,176,1,1
L1L2-to-L3,219,177,1,1
L1L2-to-L3,219,179,1,1
L1L2-to-L3,219,183,1,1
L1L2-to-L3,219,185,1,1
L1L2-to-L3,219,186,1,1
L1L2-to-L3,219,189,1,1
L1L2-to-L3,219,197,1,1
L1L2-to-L3,219,200,1,1
L1L2-to-L3,219,205,1,1
L1L2-to-L3,219,206,1,1
L1L2-to-L3,219,207,1,1
L1L2-to-L3,219,209,1,1
L1L2-to-L3,219,210,1,1
L1L2-to-L3,219,211,1,1
L1L2-to-L3,219,212,1,1
L1L2-to-L3,219,219,1,1
L1L2-to-L3,219,221,1,1
L1L2-to-L3,219,227,1,1
L1L2-to-L3,219,228,1,1
L1L2-to-L3,219,229,1,1
L1L2-to-L3,219,231,1,1
L1L2-to-L3,219,233,1,1
L1L2-to-L3,219,235,1,1
L1L2-to-L3,219,236,1,1
L1L2-to-L3,219,238,1,1
L1L2-to-L3,219,242,1,1
L1L2-to-L3,219,246,1,1
L1L2-to-L3,219,248,1,1
L1L2-to-L3,219,250,1,1
L1L2-to-L3,219,251,1,1
L1L2-to-L3,219,253,1,1
L1L2-to-L3,219,254,1,1
L1L2-to-L3,219,255,1,1
L1L2-to-L3,220,1,1,1
L1L2-to-L3,220,6,1,1
L1L2-to-L3,220,16,1,1
L1L2-to-L3,220,17,1,1
L1L2-to-L3,220,18,1,1
L1L2-to-L3,220,19,1,1
L1L2-to-L3,220,22,1,1
L1L2-to-L3,220,23,1,1
L1L2-to-L3,220,24,1,1
L1L2-to-L3,220,27,1,1
L1L2-to-L3,220,29,1,1
L1L2-to-L3,220,30,1,1
L1L2-to-L3,220,31,1,1
L1L2-to-L3,220,36,1,1
L1L2-to-L3,220,38,1,1
L1L2-to-L3,220,39,1,1
L1L2-to-L3,220,42,1,1
L1L2-to-L3,220,43,1,1
L1L2-to-L3,220,50,1,1
L1L2-to-L3,220,51,1,1
L1L2-to-L3,220,52,1,1
L1L2-to-L3,220,53,1,1
L1L2-to-L3,220,54,1,1
L1L2-to-L3,220,59,1,1
L1L2-to-L3,220,62,1,1
L1L2-to-L3,220,64,1,1
L1L2-to-L3,220,72,1,1
L1L2-to-L3,220,77,1,1
L1L2-to-L3,220,79,1,1
L1L2-to-L3,220,85,1,1
L1L2-to-L3,220,86,1,1
L1L2-to-L3,220,88,1,1
L1L2-to-L3,220,89,1,1
L1L2-to-L3,220,90,1,1
L1L2-to-L3,220,97,1,1
L1L2-to-L3,220,102,1,1
L1L2-to-L3,220,105,1,1
L1L2-to-L3,220,108,1,1
L1L2-to-L3,220,110,1,1
L1L2-to-L3,220,112,1,1
L1L2-to-L3,220,116,1,1
L1L2-to-L3,220,123,1,1
L1L2-to-L3,220,128,1,1
L1L2-to-L3,220,130,1,1
L1L2-to-L3,220,132,1,1
L1L2-to-L3,220,133,1,1
L1L2-to-L3,220,134,1,1
L1L2-to-L3,220,135,1,1
L1L2-to-L3,220,138,1,1
L1L2-to-L3,220,142,1,1
L1L2-to-L3,220,143,1,1
L1L2-to-L3,220,150,1,1
L1L2-to-L3,220,152,1,1
L1L2-to-L3,220,153,1,1
L1L2-to-L3,220,157,1,1
L1L2-to-L3,220,159,1,1
L1L2-to-L3,220,161,1,1
L1L2-to-L3,220,162,1,1
L1L2-to-L3,220,163,1,1
L1L2-to-L3,220,168,1,1
L1L2-to-L3,220,170,1,1
L1L2-to-L3,220,171,1,1
L1L2-to-L3,220,172,1,1
L1L2-to-L3,220,174,1,1
L1L2-to-L3,220,175,1,1
L1L2-to-L3,220,176,1,1
L1L2-to-L3,220,182,1,1
L1L2-to-L3,220,183,1,1
L1L2-to-L3,220,184,1,1
L1L2-to-L3,220,185,1,1
L1L2-to-L3,220,187,1,1
L1L2-to-L3,220,189,1,1
L1L2-to-L3,220,190,1,1
L1L2-to-L3,220,191,1,1
L1L2-to-L3,220,194,1,1
L1L2-to-L3,220,195,1,1
L1L2-to-L3,220,197,1,1
L1L2-to-L3,220,200,1,1
L1L2-to-L3,220,201,1,1
L1L2-to-L3,220,202,1,1
L1L2-to-L3,220,205,1,1
L1L2-to-L3,220,209,1,1
L1L2-to-L3,220,210,1,1
L1L2-to-L3,220,211,1,1
L1L2-to-L3,220,216,1,1
L1L2-to-L3,220,217,1,1
L1L2-to-L3,220,219,1,1
L1L2-to-L3,220,221,1,1
L1L2-to-L3,220,222,1,1
L1L2-to-L3,220,225,1,1
L1L2-to-L3,220,226,1,1
L1L2-to-L3,220,228,1,1
L1L2-to-L3,220,229,1,1
L1L2-to-L3,220,230,1,1
L1L2-to-L3,220,231,1,1
L1L2-to-L3,220,232,1,1
L1L2-to-L3,220,233,1,1
L1L2-to-L3,220,236,1,1
L1L2-to-L3,220,238,1,1
L1L2-to-L3,220,239,1,1
L1L2-to-L3,220,241,1,1
L1L2-to-L3,220,242,1,1
L1L2-to-L3,220,247,1,1
L1L2-to-L3,220,251,1,1
L1L2-to-L3,220,252,1,1
L1L2-to-L3,220,253,1,1
L1L2-to-L3,220,254,1,1
L1L2-to-L3,221,1,1,1
L1L2-to-L3,221,4,1,1
L1L2-to-L3,221,10,1,1
L1L2-to-L3,221,13,1,1
L1L2-to-L3,221,16,1,1
L1L2-to-L3,221,17,1,1
L1L2-to-L3,221,18,1,1
L1L2-to-L3,221,22,1,1
L1L2-to-L3,221,24,1,1
L1L2-to-L3,221,26,1,1
L1L2-to-L3,221,28,1,1
L1L2-to-L3,221,31,1,1
L1L2-to-L3,221,36,1,1
L1L2-to-L3,221,38,1,1
L1L2-to-L3,221,43,1,1
L1L2-to-L3,221,45,1,1
L1L2-to-L3,221,50,1,1
L1L2-to-L3,221,52,1,1
L1L2-to-L3,221,54,1,1
L1L2-to-L3,221,57,1,1
L1L2-to-L3,221,63,1,1
L1L2-to-L3,221,65,1,1
L1L2-to-L3,221,67,1,1
L1L2-to-L3,221,73,1,1
L1L2-to-L3,221,76,1,1
L1L2-to-L3,221,78,1,1
L1L2-to-L3,221,80,1,1
L1L2-to-L3,221,85,1,1
L1L2-to-L3,221,89,1,1
L1L2-to-L3,221,91,1,1
L1L2-to-L3,221,92,1,1
L1L2-to-L3,221,94,1,1
L1L2-to-L3,221,96,1,1
L1L2-to-L3,221,97,1,1
L1L2-to-L3,221,99,1,1
L1L2-to-L3,221,105,1,1
L1L2-to-L3,221,107,1,1
L1L2-to-L3,221,109,1,1
L1L2-to-L3,221,119,1,1
L1L2-to-L3,221,124,1,1
L1L2-to-L3,221,126,1,1
L1L2-to-L3,221,128,1,1
L1L2-to-L3,221,131,1,1
L1L2-to-L3,221,133,1,1
L1L2-to-L3,221,134,1,1
L1L2-to-L3,221,135,1,1
L1L2-to-L3,221,137,1,1
L1L2-to-L3,221,140,1,1
L1L2-to-L3,221,143,1,1
L1L2-to-L3,221,144,1,1
L1L2-to-L3,221,146,1,1
L1L2-to-L3,221,147,1,1
L1L2-to-L3,221,148,1,1
L1L2-to-L3,221,151,1,1
L1L2-to-L3,221,155,1,1
L1L2-to-L3,221,157,1,1
L1L2-to-L3,221,160,1,1
L1L2-to-L3,221,162,1,1
L1L2-to-L3,221,163,1,1
L1L2-to-L3,221,165,1,1
L1L2-to-L3,221,174,1,1
L1L2-to-L3,221,175,1,1
L1L2-to-L3,221,176,1,1
L1L2-to-L3,221,177,1,1
L1L2-to-L3,221,182,1,1
L1L2-to-L3,221,183,1,1
L1L2-to-L3,221,197,1,1
L1L2-to-L3,221,198,1,1
L1L2-to-L3,221,200,1,1
L1L2-to-L3,221,201,1,1
L1L2-to-L3,221,202,1,1
L1L2-to-L3,221,203,1,1
L1L2-to-L3,221,208,1,1
L1L2-to-L3,221,209,1,1
L1L2-to-L3,221,210,1,1
L1L2-to-L3,221,215,1,1
L1L2-to-L3,221,217,1,1
L1L2-to-L3,221,219,1,1
L1L2-to-L3,221,222,1,1
L1L2-to-L3,221,230,1,1
L1L2-to-L3,221,231,1,1
L1L2-to-L3,221,232,1,1
L1L2-to-L3,221,234,1,1
L1L2-to-L3,221,235,1,1
L1L2-to-L3,221,240,1,1
L1L2-to-L3,221,242,1,1
L1L2-to-L3,221,244,1,1
L1L2-to-L3,221,245,1,1
L1L2-to-L3,221,247,1,1
L1L2-to-L3,221,250,1,1
L1L2-to-L3,221,254,1,1
L1L2-to-L3,221,255,1,1
L1L2-to-L3,222,2,1,1
L1L2-to-L3,222,7,1,1
L1L2-to-L3,222,8,1,1
L1L2-to-L3,222,9,1,1
L1L2-to-L3,222,14,1,1
L1L2-to-L3,222,19,1,1
L1L2-to-L3,222,24,1,1
L1L2-to-L3,222,25,1,1
L1L2-to-L3,222,40,1,1
L1L2-to-L3,222,42,1,1
L1L2-to-L3,222,48,1,1
L1L2-to-L3,222,49,1,1
L1L2-to-L3,222,50,1,1
L1L2-to-L3,222,52,1,1
L1L2-to-L3,222,57,1,1
L1L2-to-L3,222,72,1,1
L1L2-to-L3,222,74,1,1
L1L2-to-L3,222,75,1,1
L1L2-to-L3,222,76,1,1
L1L2-to-L3,222,79,1,1
L1L2-to-L3,222,80,1,1
L1L2-to-L3,222,81,1,1
L1L2-to-L3,222,83,1,1
L1L2-to-L3,222,86,1,1
L1L2-to-L3,222,90,1,1
L1L2-to-L3,222,91,1,1
L1L2-to-L3,222,97,1,1
L1L2-to-L3,222,99,1,1
L1L2-to-L3,222,101,1,1
L1L2-to-L3,222,112,1,1
L1L2-to-L3,222,113,1,1
L1L2-to-L3,222,116,1,1
L1L2-to-L3,222,117,1,1
L1L2-to-L3,222,121,1,1
L1L2-to-L3,222,123,1,1
L1L2-to-L3,222,125,1,1
L1L2-to-L3,222,136,1,1
L1L2-to-L3,222,137,1,1
L1L2-to-L3,222,139,1,1
L1L2-to-L3,222,140,1,1
L1L2-to-L3,222,142,1,1
L1L2-to-L3,222,144,1,1
L1L2-to-L3,222,145,1,1
L1L2-to-L3,222,146,1,1
L1L2-to-L3,222,154,1,1
L1L2-to-L3,222,156,1,1
L1L2-to-L3,222,157,1,1
L1L2-to-L3,222,161,1,1
L1L2-to-L3,222,162,1,1
L1L2-to-L3,222,163,1,1
L1L2-to-L3,222,164,1,1
L1L2-to-L3,222,166,1,1
L1L2-to-L3,222,169,1,1
L1L2-to-L3,222,173,1,1
L1L2-to-L3,222,176,1,1
L1L2-to-L3,222,177,1,1
L1L2-to-L3,222,178,1,1
L1L2-to-L3,222,179,1,1
L1L2-to-L3,222,181,1,1
L1L2-to-L3,222,183,1,1
L1L2-to-L3,222,184,1,1
L1L2-to-L3,222,189,1,1
L1L2-to-L3,222,190,1,1
L1L2-to-L3,222,191,1,1
L1L2-to-L3,222,199,1,1
L1L2-to-L3,222,201,1,1
L1L2-to-L3,222,202,1,1
L1L2-to-L3,222,206,1,1
L1L2-to-L3,222,207,1,1
L1L2-to-L3,222,208,1,1
L1L2-to-L3,222,211,1,1
L1L2-to-L3,222,213,1,1
L1L2-to-L3,222,214,1,1
L1L2-to-L3,222,216,1,1
L1L2-to-L3,222,220,1,1
L1L2-to-L3,222,221,1,1
L1L2-to-L3,222,222,1,1
L1L2-to-L3,222,223,1,1
L1L2-to-L3,222,227,1,1
L1L2-to-L3,222,228,1,1
L1L2-to-L3,222,230,1,1
L1L2-to-L3,222,231,1,1
L1L2-to-L3,222,235,1,1
L1L2-to-L3,222,238,1,1
L1L2-to-L3,222,241,1,1
L1L2-to-L3,222,244,1,1
L1L2-to-L3,222,245,1,1
L1L2-to-L3,222,247,1,1
L1L2-to-L3,222,248,1,1
L1L2-to-L3,222,249,1,1
L1L2-to-L3,222,250,1,1
L1L2-to-L3,222,251,1,1
L1L2-to-L3,222,252,1,1
L1L2-to-L3,222,254,1,1
L1L2-to-L3,223,2,1,1
L1L2-to-L3,223,4,1,1
L1L2-to-L3,223,7,1,1
L1L2-to-L3,223,9,1,1
L1L2-to-L3,223,16,1,1
L1L2-to-L3,223,22,1,1
L1L2-to-L3,223,26,1,1
L1L2-to-L3,223,29,1,1
L1L2-to-L3,223,30,1,1
L1L2-to-L3,223,32,1,1
L1L2-to-L3,223,34,1,1
L1L2-to-L3,223,35,1,1
L1L2-to-L3,223,37,1,1
L1L2-to-L3,223,41,1,1
L1L2-to-L3,223,42,1,1
L1L2-to-L3,223,43,1,1
L1L2-to-L3,223,47,1,1
L1L2-to-L3,223,54,1,1
L1L2-to-L3,223,64,1,1
L1L2-to-L3,223,65,1,1
L1L2-to-L3,223,67,1,1
L1L2-to-L3,223,70,1,1
L1L2-to-L3,223,71,1,1
L1L2-to-L3,223,73,1,1
L1L2-to-L3,223,74,1,1
L1L2-to-L3,223,76,1,1
L1L2-to-L3,223,77,1,1
L1L2-to-L3,223,79,1,1
L1L2-to-L3,223,81,1,1
L1L2-to-L3,223,82,1,1
L1L2-to-L3,223,87,1,1
L1L2-to-L3,223,91,1,1
L1L2-to-L3,223,94,1,1
L1L2-to-L3,223,95,1,1
L1L2-to-L3,223,96,1,1
L1L2-to-L3,223,98,1,1
L1L2-to-L3,223,100,1,1
L1L2-to-L3,223,101,1,1
L1L2-to-L3,223,104,1,1
L1L2-to-L3,223,105,1,1
L1L2-to-L3,223,107,1,1
L1L2-to-L3,223,109,1,1
L1L2-to-L3,223,110,1,1
L1L2-to-L3,223,111,1,1
L1L2-to-L3,223,113,1,1
L1L2-to-L3,223,117,1,1
L1L2-to-L3,223,121,1,1
L1L2-to-L3,223,128,1,1
L1L2-to-L3,223,129,1,1
L1L2-to-L3,223,137,1,1
L1L2-to-L3,223,138,1,1
L1L2-to-L3,223,140,1,1
L1L2-to-L3,223,145,1,1
L1L2-to-L3,223,147,1,1
L1L2-to-L3,223,150,1,1
L1L2-to-L3,223,152,1,1
L1L2-to-L3,223,153,1,1
L1L2-to-L3,223,158,1,1
L1L2-to-L3,223,163,1,1
L1L2-to-L3,223,164,1,1
L1L2-to-L3,223,168,1,1
L1L2-to-L3,223,172,1,1
L1L2-to-L3,223,173,1,1
L1L2-to-L3,223,175,1,1
L1L2-to-L3,223,176,1,1
L1L2-to-L3,223,178,1,1
L1L2-to-L3,223,179,1,1
L1L2-to-L3,223,183,1,1
L1L2-to-L3,223,186,1,1
L1L2-to-L3,223,196,1,1
L1L2-to-L3,223,198,1,1
L1L2-to-L3,223,199,1,1
L1L2-to-L3,223,204,1,1
L1L2-to-L3,223,210,1,1
L1L2-to-L3,223,211,1,1
L1L2-to-L3,223,212,1,1
L1L2-to-L3,223,213,1,1
L1L2-to-L3,223,215,1,1
L1L2-to-L3,223,216,1,1
L1L2-to-L3,223,219,1,1
L1L2-to-L3,223,221,1,1
L1L2-to-L3,223,222,1,1
L1L2-to-L3,223,226,1,1
L1L2-to-L3,223,227,1,1
L1L2-to-L3,223,231,1,1
L1L2-to-L3,223,234,1,1
L1L2-to-L3,223,235,1,1
L1L2-to-L3,223,236,1,1
L1L2-to-L3,223,237,1,1
L1L2-to-L3,223,242,1,1
L1L2-to-L3,223,243,1,1
L1L2-to-L3,223,245,1,1
L1L2-to-L3,223,246,1,1
L1L2-to-L3,223,251,1,1
L1L2-to-L3,223,252,1,1
L1L2-to-L3,224,4,1,1
L1L2-to-L3,224,11,1,1
L1L2-to-L3,224,16,1,1
L1L2-to-L3,224,17,1,1
L1L2-to-L3,224,18,1,1
L1L2-to-L3,224,23,1,1
L1L2-to-L3,224,26,1,1
L1L2-to-L3,224,30,1,1
L1L2-to-L3,224,31,1,1
L1L2-to-L3,224,32,1,1
L1L2-to-L3,224,34,1,1
L1L2-to-L3,224,37,1,1
L1L2-to-L3,224,42,1,1
L1L2-to-L3,224,43,1,1
L1L2-to-L3,224,47,1,1
L1L2-to-L3,224,48,1,1
L1L2-to-L3,224,50,1,1
L1L2-to-L3,224,52,1,1
L1L2-to-L3,224,55,1,1
L1L2-to-L3,224,64,1,1
L1L2-to-L3,224,68,1,1
L1L2-to-L3,224,70,1,1
L1L2-to-L3,224,72,1,1
L1L2-to-L3,224,73,1,1
L1L2-to-L3,224,77,1,1
L1L2-to-L3,224,80,1,1
L1L2-to-L3,224,85,1,1
L1L2-to-L3,224,86,1,1
L1L2-to-L3,224,87,1,1
L1L2-to-L3,224,90,1,1
L1L2-to-L3,224,95,1,1
L1L2-to-L3,224,97,1,1
L1L2-to-L3,224,100,1,1
L1L2-to-L3,224,101,1,1
L1L2-to-L3,224,104,1,1
L1L2-to-L3,224,108,1,1
L1L2-to-L3,224,111,1,1
L1L2-to-L3,224,117,1,1
L1L2-to-L3,224,119,1,1
L1L2-to-L3,224,120,1,1
L1L2-to-L3,224,124,1,1
L1L2-to-L3,224,127,1,1
L1L2-to-L3,224,128,1,1
L1L2-to-L3,224,129,1,1
L1L2-to-L3,224,130,1,1
L1L2-to-L3,224,131,1,1
L1L2-to-L3,224,133,1,1
L1L2-to-L3,224,134,1,1
L1L2-to-L3,224,136,1,1
L1L2-to-L3,224,137,1,1
L1L2-to-L3,224,138,1,1
L1L2-to-L3,224,140,1,1
L1L2-to-L3,224,142,1,1
L1L2-to-L3,224,144,1,1
L1L2-to-L3,224,147,1,1
L1L2-to-L3,224,150,1,1
L1L2-to-L3,224,154,1,1
L1L2-to-L3,224,159,1,1
L1L2-to-L3,224,166,1,1
L1L2-to-L3,224,167,1,1
L1L2-to-L3,224,168,1,1
L1L2-to-L3,224,170,1,1
L1L2-to-L3,224,171,1,1
L1L2-to-L3,224,172,1,1
L1L2-to-L3,224,173,1,1
L1L2-to-L3,224,174,1,1
L1L2-to-L3,224,177,1,1
L1L2-to-L3,224,178,1,1
L1L2-to-L3,224,182,1,1
L1L2-to-L3,224,184,1,1
L1L2-to-L3,224,186,1,1
L1L2-to-L3,224,187,1,1
L1L2-to-L3,224,190,1,1
L1L2-to-L3,224,191,1,1
L1L2-to-L3,224,197,1,1
L1L2-to-L3,224,199,1,1
L1L2-to-L3,224,203,1,1
L1L2-to-L3,224,206,1,1
L1L2-to-L3,224,207,1,1
L1L2-to-L3,224,210,1,1
L1L2-to-L3,224,211,1,1
L1L2-to-L3,224,213,1,1
L1L2-to-L3,224,215,1,1
L1L2-to-L3,224,218,1,1
L1L2-to-L3,224,222,1,1
L1L2-to-L3,224,224,1,1
L1L2-to-L3,224,225,1,1
L1L2-to-L3,224,226,1,1
L1L2-to-L3,224,229,1,1
L1L2-to-L3,224,232,1,1
L1L2-to-L3,224,233,1,1
L1L2-to-L3,224,234,1,1
L1L2-to-L3,224,235,1,1
L1L2-to-L3,224,239,1,1
L1L2-to-L3,224,245,1,1
L1L2-to-L3,224,247,1,1
L1L2-to-L3,224,252,1,1
L1L2-to-L3,225,4,1,1
L1L2-to-L3,225,6,1,1
L1L2-to-L3,225,13,1,1
L1L2-to-L3,225,15,1,1
L1L2-to-L3,225,18,1,1
L1L2-to-L3,225,20,1,1
L1L2-to-L3,225,23,1,1
L1L2-to-L3,225,24,1,1
L1L2-to-L3,225,28,1,1
L1L2-to-L3,225,30,1,1
L1L2-to-L3,225,32,1,1
L1L2-to-L3,225,34,1,1
L1L2-to-L3,225,36,1,1
L1L2-to-L3,225,40,1,1
L1L2-to-L3,225,41,1,1
L1L2-to-L3,225,54,1,1
L1L2-to-L3,225,55,1,1
L1L2-to-L3,225,56,1,1
L1L2-to-L3,225,60,1,1
L1L2-to-L3,225,61,1,1
L1L2-to-L3,225,62,1,1
L1L2-to-L3,225,67,1,1
L1L2-to-L3,225,73,1,1
L1L2-to-L3,225,84,1,1
L1L2-to-L3,225,86,1,1
L1L2-to-L3,225,89,1,1
L1L2-to-L3,225,93,1,1
L1L2-to-L3,225,94,1,1
L1L2-to-L3,225,96,1,1
L1L2-to-L3,225,98,1,1
L1L2-to-L3,225,102,1,1
L1L2-to-L3,225,105,1,1
L1L2-to-L3,225,113,1,1
L1L2-to-L3,225,114,1,1
L1L2-to-L3,225,115,1,1
L1L2-to-L3,225,116,1,1
L1L2-to-L3,225,117,1,1
L1L2-to-L3,225,119,1,1
L1L2-to-L3,225,120,1,1
L1L2-to-L3,225,123,1,1
L1L2-to-L3,225,124,1,1
L1L2-to-L3,225,126,1,1
L1L2-to-L3,225,128,1,1
L1L2-to-L3,225,132,1,1
L1L2-to-L3,225,135,1,1
L1L2-to-L3,225,139,1,1
L1L2-to-L3,225,141,1,1
L1L2-to-L3,225,142,1,1
L1L2-to-L3,225,143,1,1
L1L2-to-L3,225,145,1,1
L1L2-to-L3,225,146,1,1
L1L2-to-L3,225,149,1,1
L1L2-to-L3,225,150,1,1
L1L2-to-L3,225,153,1,1
L1L2-to-L3,225,160,1,1
L1L2-to-L3,225,163,1,1
L1L2-to-L3,225,165,1,1
L1L2-to-L3,225,170,1,1
L1L2-to-L3,225,171,1,1
L1L2-to-L3,225,172,1,1
L1L2-to-L3,225,173,1,1
L1L2-to-L3,225,175,1,1
L1L2-to-L3,225,176,1,1
L1L2-to-L3,225,177,1,1
L1L2-to-L3,225,179,1,1
L1L2-to-L3,225,180,1,1
L1L2-to-L3,225,182,1,1
L1L2-to-L3,225,183,1,1
L1L2-to-L3,225,187,1,1
L1L2-to-L3,225,192,1,1
L1L2-to-L3,225,195,1,1
L1L2-to-L3,225,197,1,1
L1L2-to-L3,225,198,1,1
L1L2-to-L3,225,200,1,1
L1L2-to-L3,225,202,1,1
L1L2-to-L3,225,206,1,1
L1L2-to-L3,225,207,1,1
L1L2-to-L3,225,211,1,1
L1L2-to-L3,225,215,1,1
L1L2-to-L3,225,216,1,1
L1L2-to-L3,225,217,1,1
L1L2-to-L3,225,218,1,1
L1L2-to-L3,225,220,1,1
L1L2-to-L3,225,221,1,1
L1L2-to-L3,225,222,1,1
L1L2-to-L3,225,224,1,1
L1L2-to-L3,225,226,1,1
L1L2-to-L3,225,227,1,1
L1L2-to-L3,225,228,1,1
L1L2-to-L3,225,229,1,1
L1L2-to-L3,225,230,1,1
L1L2-to-L3,225,231,1,1
L1L2-to-L3,225,236,1,1
L1L2-to-L3,225,241,1,1
L1L2-to-L3,225,243,1,1
L1L2-to-L3,225,244,1,1
L1L2-to-L3,225,245,1,1
L1L2-to-L3,225,246,1,1
L1L2-to-L3,225,251,1,1
L1L2-to-L3,225,252,1,1
L1L2-to-L3,226,0,1,1
L1L2-to-L3,226,3,1,1
L1L2-to-L3,226,5,1,1
L1L2-to-L3,226,9,1,1
L1L2-to-L3,226,11,1,1
L1L2-to-L3,226,13,1,1
L1L2-to-L3,226,15,1,1
L1L2-to-L3,226,22,1,1
L1L2-to-L3,226,23,1,1
L1L2-to-L3,226,24,1,1
L1L2-to-L3,226,30,1,1
L1L2-to-L3,226,35,1,1
L1L2-to-L3,226,40,1,1
L1L2-to-L3,226,44,1,1
L1L2-to-L3,226,45,1,1
L1L2-to-L3,226,48,1,1
L1L2-to-L3,226,50,1,1
L1L2-to-L3,226,52,1,1
L1L2-to-L3,226,54,1,1
L1L2-to-L3,226,56,1,1
L1L2-to-L3,226,58,1,1
L1L2-to-L3,226,59,1,1
L1L2-to-L3,226,61,1,1
L1L2-to-L3,226,64,1,1
L1L2-to-L3,226,66,1,1
L1L2-to-L3,226,67,1,1
L1L2-to-L3,226,69,1,1
L1L2-to-L3,226,70,1,1
L1L2-to-L3,226,74,1,1
L1L2-to-L3,226,80,1,1
L1L2-to-L3,226,81,1,1
L1L2-to-L3,226,83,1,1
L1L2-to-L3,226,85,1,1
L1L2-to-L3,226,88,1,1
L1L2-to-L3,226,90,1,1
L1L2-to-L3,226,93,1,1
L1L2-to-L3,226,94,1,1
L1L2-to-L3,226,96,1,1
L1L2-to-L3,226,98,1,1
L1L2-to-L3,226,101,1,1
L1L2-to-L3,226,102,1,1
L1L2-to-L3,226,104,1,1
L1L2-to-L3,226,105,1,1
L1L2-to-L3,226,116,1,1
L1L2-to-L3,226,122,1,1
L1L2-to-L3,226,123,1,1
L1L2-to-L3,226,125,1,1
L1L2-to-L3,226,128,1,1
L1L2-to-L3,226,129,1,1
L1L2-to-L3,226,131,1,1
L1L2-to-L3,226,132,1,1
L1L2-to-L3,226,134,1,1
L1L2-to-L3,226,137,1,1
L1L2-to-L3,226,138,1,1
L1L2-to-L3,226,141,1,1
L1L2-to-L3,226,142,1,1
L1L2-to-L3,226,143,1,1
L1L2-to-L3,226,146,1,1
L1L2-to-L3,226,148,1,1
L1L2-to-L3,226,152,1,1
L1L2-to-L3,226,153,1,1
L1L2-to-L3,226,160,1,1
L1L2-to-L3,226,161,1,1
L1L2-to-L3,226,163,1,1
L1L2-to-L3,226,164,1,1
L1L2-to-L3,226,166,1,1
L1L2-to-L3,226,168,1,1
L1L2-to-L3,226,169,1,1
L1L2-to-L3,226,170,1,1
L1L2-to-L3,226,174,1,1
L1L2-to-L3,226,178,1,1
L1L2-to-L3,226,179,1,1
L1L2-to-L3,226,182,1,1
L1L2-to-L3,226,183,1,1
L1L2-to-L3,226,184,1,1
L1L2-to-L3,226,185,1,1
L1L2-to-L3,226,186,1,1
L1L2-to-L3,226,187,1,1
L1L2-to-L3,226,189,1,1
L1L2-to-L3,226,192,1,1
L1L2-to-L3,226,194,1,1
L1L2-to-L3,226,196,1,1
L1L2-to-L3,226,197,1,1
L1L2-to-L3,226,198,1,1
L1L2-to-L3,226,202,1,1
L1L2-to-L3,226,203,1,1
L1L2-to-L3,226,204,1,1
L1L2-to-L3,226,206,1,1
L1L2-to-L3,226,207,1,1
L1L2-to-L3,226,208,1,1
L1L2-to-L3,226,215,1,1
L1L2-to-L3,226,216,1,1
L1L2-to-L3,226,217,1,1
L1L2-to-L3,226,219,1,1
L1L2-to-L3,226,224,1,1
L1L2-to-L3,226,226,1,1
L1L2-to-L3,226,228,1,1
L1L2-to-L3,226,230,1,1
L1L2-to-L3,226,231,1,1
L1L2-to-L3,226,234,1,1
L1L2-to-L3,226,239,1,1
L1L2-to-L3,226,244,1,1
L1L2-to-L3,226,245,1,1
L1L2-to-L3,226,246,1,1
L1L2-to-L3,226,247,1,1
L1L2-to-L3,226,248,1,1
L1L2-to-L3,226,252,1,1
L1L2-to-L3,226,255,1,1
L1L2-to-L3,227,5,1,1
L1L2-to-L3,227,6,1,1
L1L2-to-L3,227,10,1,1
L1L2-to-L3,227,11,1,1
L1L2-to-L3,227,12,1,1
L1L2-to-L3,227,20,1,1
L1L2-to-L3,227,26,1,1
L1L2-to-L3,227,29,1,1
L1L2-to-L3,227,31,1,1
L1L2-to-L3,227,34,1,1
L1L2-to-L3,227,41,1,1
L1L2-to-L3,227,42,1,1
L1L2-to-L3,227,45,1,1
L1L2-to-L3,227,46,1,1
L1L2-to-L3,227,47,1,1
L1L2-to-L3,227,48,1,1
L1L2-to-L3,227,49,1,1
L1L2-to-L3,227,50,1,1
L1L2-to-L3,227,56,1,1
L1L2-to-L3,227,57,1,1
L1L2-to-L3,227,58,1,1
L1L2-to-L3,227,60,1,1
L1L2-to-L3,227,64,1,1
L1L2-to-L3,227,66,1,1
L1L2-to-L3,227,67,1,1
L1L2-to-L3,227,68,1,1
L1L2-to-L3,227,76,1,1
L1L2-to-L3,227,78,1,1
L1L2-to-L3,227,80,1,1
L1L2-to-L3,227,85,1,1
L1L2-to-L3,227,87,1,1
L1L2-to-L3,227,89,1,1
L1L2-to-L3,227,92,1,1
L1L2-to-L3,227,96,1,1
L1L2-to-L3,227,101,1,1
L1L2-to-L3,227,102,1,1
L1L2-to-L3,227,108,1,1
L1L2-to-L3,227,109,1,1
L1L2-to-L3,227,110,1,1
L1L2-to-L3,227,116,1,1
L1L2-to-L3,227,118,1,1
L1L2-to-L3,227,119,1,1
L1L2-to-L3,227,120,1,1
L1L2-to-L3,227,124,1,1
L1L2-to-L3,227,125,1,1
L1L2-to-L3,227,128,1,1
L1L2-to-L3,227,130,1,1
L1L2-to-L3,227,135,1,1
L1L2-to-L3,227,137,1,1
L1L2-to-L3,227,138,1,1
L1L2-to-L3,227,141,1,1
L1L2-to-L3,227,144,1,1
L1L2-to-L3,227,145,1,1
L1L2-to-L3,227,146,1,1
L1L2-to-L3,227,153,1,1
L1L2-to-L3,227,154,1,1
L1L2-to-L3,227,156,1,1
L1L2-to-L3,227,158,1,1
L1L2-to-L3,227,161,1,1
L1L2-to-L3,227,162,1,1
L1L2-to-L3,227,163,1,1
L1L2-to-L3,227,166,1,1
L1L2-to-L3,227,167,1,1
L1L2-to-L3,227,169,1,1
L1L2-to-L3,227,172,1,1
L1L2-to-L3,227,174,1,1
L1L2-to-L3,227,180,1,1
L1L2-to-L3,227,183,1,1
L1L2-to-L3,227,185,1,1
L1L2-to-L3,227,191,1,1
L1L2-to-L3,227,192,1,1
L1L2-to-L3,227,194,1,1
L1L2-to-L3,227,196,1,1
L1L2-to-L3,227,198,1,1
L1L2-to-L3,227,206,1,1
L1L2-to-L3,227,207,1,1
L1L2-to-L3,227,211,1,1
L1L2-to-L3,227,212,1,1
L1L2-to-L3,227,214,1,1
L1L2-to-L3,227,217,1,1
L1L2-to-L3,227,220,1,1
L1L2-to-L3,227,223,1,1
L1L2-to-L3,227,225,1,1
L1L2-to-L3,227,226,1,1
L1L2-to-L3,227,227,1,1
L1L2-to-L3,227,228,1,1
L1L2-to-L3,227,229,1,1
L1L2-to-L3,227,231,1,1
L1L2-to-L3,227,232,1,1
L1L2-to-L3,227,234,1,1
L1L2-to-L3,227,236,1,1
L1L2-to-L3,227,237,1,1
L1L2-to-L3,227,238,1,1
L1L2-to-L3,227,239,1,1
L1L2-to-L3,227,241,1,1
L1L2-to-L3,227,244,1,1
L1L2-to-L3,227,250,1,1
L1L2-to-L3,227,251,1,1
L1L2-to-L3,227,252,1,1
L1L2-to-L3,227,254,1,1
L1L2-to-L3,228,1,1,1
L1L2-to-L3,228,4,1,1
L1L2-to-L3,228,6,1,1
L1L2-to-L3,228,7,1,1
L1L2-to-L3,228,14,1,1
L1L2-to-L3,228,15,1,1
L1L2-to-L3,228,17,1,1
L1L2-to-L3,228,19,1,1
L1L2-to-L3,228,20,1,1
L1L2-to-L3,228,21,1,1
L1L2-to-L3,228,22,1,1
L1L2-to-L3,228,29,1,1
L1L2-to-L3,228,33,1,1
L1L2-to-L3,228,38,1,1
L1L2-to-L3,228,47,1,1
L1L2-to-L3,228,50,1,1
L1L2-to-L3,228,55,1,1
L1L2-to-L3,228,56,1,1
L1L2-to-L3,228,59,1,1
L1L2-to-L3,228,64,1,1
L1L2-to-L3,228,66,1,1
L1L2-to-L3,228,67,1,1
L1L2-to-L3,228,68,1,1
L1L2-to-L3,228,70,1,1
L1L2-to-L3,228,78,1,1
L1L2-to-L3,228,80,1,1
L1L2-to-L3,228,81,1,1
L1L2-to-L3,228,85,1,1
L1L2-to-L3,228,86,1,1
L1L2-to-L3,228,89,1,1
L1L2-to-L3,228,93,1,1
L1L2-to-L3,228,96,1,1
L1L2-to-L3,228,97,1,1
L1L2-to-L3,228,98,1,1
L1L2-to-L3,228,100,1,1
L1L2-to-L3,228,101,1,1
L1L2-to-L3,228,103,1,1
L1L2-to-L3,228,112,1,1
L1L2-to-L3,228,113,1,1
L1L2-to-L3,228,121,1,1
L1L2-to-L3,228,123,1,1
L1L2-to-L3,228,128,1,1
L1L2-to-L3,228,134,1,1
L1L2-to-L3,228,136,1,1
L1L2-to-L3,228,137,1,1
L1L2-to-L3,228,138,1,1
L1L2-to-L3,228,140,1,1
L1L2-to-L3,228,144,1,1
L1L2-to-L3,228,152,1,1
L1L2-to-L3,228,153,1,1
L1L2-to-L3,228,154,1,1
L1L2-to-L3,228,155,1,1
L1L2-to-L3,228,159,1,1
L1L2-to-L3,228,161,1,1
L1L2-to-L3,228,163,1,1
L1L2-to-L3,228,167,1,1
L1L2-to-L3,228,170,1,1
L1L2-to-L3,228,171,1,1
L1L2-to-L3,228,172,1,1
L1L2-to-L3,228,177,1,1
L1L2-to-L3,228,178,1,1
L1L2-to-L3,228,179,1,1
L1L2-to-L3,228,181,1,1
L1L2-to-L3,228,182,1,1
L1L2-to-L3,228,183,1,1
L1L2-to-L3,228,184,1,1
L1L2-to-L3,228,189,1,1
L1L2-to-L3,228,196,1,1
L1L2-to-L3,228,197,1,1
L1L2-to-L3,228,199,1,1
L1L2-to-L3,228,202,1,1
L1L2-to-L3,228,203,1,1
L1L2-to-L3,228,204,1,1
L1L2-to-L3,228,207,1,1
L1L2-to-L3,228,208,1,1
L1L2-to-L3,228,213,1,1
L1L2-to-L3,228,215,1,1
L1L2-to-L3,228,216,1,1
L1L2-to-L3,228,218,1,1
L1L2-to-L3,228,219,1,1
L1L2-to-L3,228,221,1,1
L1L2-to-L3,228,222,1,1
L1L2-to-L3,228,224,1,1
L1L2-to-L3,228,226,1,1
L1L2-to-L3,228,227,1,1
L1L2-to-L3,228,228,1,1
L1L2-to-L3,228,230,1,1
L1L2-to-L3,228,236,1,1
L1L2-to-L3,228,245,1,1
L1L2-to-L3,228,246,1,1
L1L2-to-L3,228,247,1,1
L1L2-to-L3,228,249,1,1
L1L2-to-L3,228,251,1,1
L1L2-to-L3,228,252,1,1
L1L2-to-L3,228,253,1,1
L1L2-to-L3,228,255,1,1
L1L2-to-L3,229,3,1,1
L1L2-to-L3,229,6,1,1
L1L2-to-L3,229,7,1,1
L1L2-to-L3,229,9,1,1
L1L2-to-L3,229,10,1,1
L1L2-to-L3,229,13,1,1
L1L2-to-L3,229,14,1,1
L1L2-to-L3,229,25,1,1
L1L2-to-L3,229,26,1,1
L1L2-to-L3,229,27,1,1
L1L2-to-L3,229,28,1,1
L1L2-to-L3,229,29,1,1
L1L2-to-L3,229,31,1,1
L1L2-to-L3,229,32,1,1
L1L2-to-L3,229,37,1,1
L1L2-to-L3,229,38,1,1
L1L2-to-L3,229,39,1,1
L1L2-to-L3,229,42,1,1
L1L2-to-L3,229,43,1,1
L1L2-to-L3,229,46,1,1
L1L2-to-L3,229,48,1,1
L1L2-to-L3,229,51,1,1
L1L2-to-L3,229,53,1,1
L1L2-to-L3,229,56,1,1
L1L2-to-L3,229,57,1,1
L1L2-to-L3,229,58,1,1
L1L2-to-L3,229,65,1,1
L1L2-to-L3,229,66,1,1
L1L2-to-L3,229,67,1,1
L1L2-to-L3,229,68,1,1
L1L2-to-L3,229,70,1,1
L1L2-to-L3,229,71,1,1
L1L2-to-L3,229,73,1,1
L1L2-to-L3,229,81,1,1
L1L2-to-L3,229,85,1,1
L1L2-to-L3,229,87,1,1
L1L2-to-L3,229,88,1,1
L1L2-to-L3,229,90,1,1
L1L2-to-L3,229,91,1,1
L1L2-to-L3,229,95,1,1
L1L2-to-L3,229,97,1,1
L1L2-to-L3,229,98,1,1
L1L2-to-L3,229,100,1,1
L1L2-to-L3,229,102,1,1
L1L2-to-L3,229,103,1,1
L1L2-to-L3,229,108,1,1
L1L2-to-L3,229,110,1,1
L1L2-to-L3,229,113,1,1
L1L2-to-L3,229,116,1,1
L1L2-to-L3,229,117,1,1
L1L2-to-L3,229,121,1,1
L1L2-to-L3,229,122,1,1
L1L2-to-L3,229,124,1,1
L1L2-to-L3,229,125,1,1
L1L2-to-L3,229,126,1,1
L1L2-to-L3,229,127,1,1
L1L2-to-L3,229,128,1,1
L1L2-to-L3,229,129,1,1
L1L2-to-L3,229,132,1,1
L1L2-to-L3,229,135,1,1
L1L2-to-L3,229,136,1,1
L1L2-to-L3,229,137,1,1
L1L2-to-L3,229,138,1,1
L1L2-to-L3,229,143,1,1
L1L2-to-L3,229,147,1,1
L1L2-to-L3,229,149,1,1
L1L2-to-L3,229,150,1,1
L1L2-to-L3,229,151,1,1
L1L2-to-L3,229,153,1,1
L1L2-to-L3,229,155,1,1
L1L2-to-L3,229,156,1,1
L1L2-to-L3,229,159,1,1
L1L2-to-L3,229,160,1,1
L1L2-to-L3,229,163,1,1
L1L2-to-L3,229,166,1,1
L1L2-to-L3,229,169,1,1
L1L2-to-L3,229,172,1,1
L1L2-to-L3,229,173,1,1
L1L2-to-L3,229,176,1,1
L1L2-to-L3,229,179,1,1
L1L2-to-L3,229,181,1,1
L1L2-to-L3,229,185,1,1
L1L2-to-L3,229,186,1,1
L1L2-to-L3,229,190,1,1
L1L2-to-L3,229,193,1,1
L1L2-to-L3,229,196,1,1
L1L2-to-L3,229,197,1,1
L1L2-to-L3,229,198,1,1
L1L2-to-L3,229,201,1,1
L1L2-to-L3,229,205,1,1
L1L2-to-L3,229,206,1,1
L1L2-to-L3,229,207,1,1
L1L2-to-L3,229,208,1,1
L1L2-to-L3,229,210,1,1
L1L2-to-L3,229,212,1,1
L1L2-to-L3,229,214,1,1
L1L2-to-L3,229,216,1,1
L1L2-to-L3,229,219,1,1
L1L2-to-L3,229,222,1,1
L1L2-to-L3,229,223,1,1
L1L2-to-L3,229,224,1,1
L1L2-to-L3,229,225,1,1
L1L2-to-L3,229,226,1,1
L1L2-to-L3,229,228,1,1
L1L2-to-L3,229,230,1,1
L1L2-to-L3,229,231,1,1
L1L2-to-L3,229,232,1,1
L1L2-to-L3,229,233,1,1
L1L2-to-L3,229,235,1,1
L1L2-to-L3,229,239,1,1
L1L2-to-L3,229,241,1,1
L1L2-to-L3,229,243,1,1
L1L2-to-L3,229,245,1,1
L1L2-to-L3,229,247,1,1
L1L2-to-L3,229,250,1,1
L1L2-to-L3,229,252,1,1
L1L2-to-L3,229,254,1,1
L1L2-to-L3,230,0,1,1
L1L2-to-L3,230,1,1,1
L1L2-to-L3,230,5,1,1
L1L2-to-L3,230,7,1,1
L1L2-to-L3,230,8,1,1
L1L2-to-L3,230,12,1,1
L1L2-to-L3,230,14,1,1
L1L2-to-L3,230,16,1,1
L1L2-to-L3,230,24,1,1
L1L2-to-L3,230,25,1,1
L1L2-to-L3,230,28,1,1
L1L2-to-L3,230,31,1,1
L1L2-to-L3,230,35,1,1
L1L2-to-L3,230,39,1,1
L1L2-to-L3,230,42,1,1
L1L2-to-L3,230,48,1,1
L1L2-to-L3,230,51,1,1
L1L2-to-L3,230,53,1,1
L1L2-to-L3,230,55,1,1
L1L2-to-L3,230,56,1,1
L1L2-to-L3,230,57,1,1
L1L2-to-L3,230,60,1,1
L1L2-to-L3,230,62,1,1
L1L2-to-L3,230,67,1,1
L1L2-to-L3,230,69,1,1
L1L2-to-L3,230,74,1,1
L1L2-to-L3,230,78,1,1
L1L2-to-L3,230,79,1,1
L1L2-to-L3,230,80,1,1
L1L2-to-L3,230,82,1,1
L1L2-to-L3,230,84,1,1
L1L2-to-L3,230,88,1,1
L1L2-to-L3,230,90,1,1
L1L2-to-L3,230,91,1,1
L1L2-to-L3,230,93,1,1
L1L2-to-L3,230,96,1,1
L1L2-to-L3,230,97,1,1
L1L2-to-L3,230,98,1,1
L1L2-to-L3,230,99,1,1
L1L2-to-L3,230,100,1,1
L1L2-to-L3,230,103,1,1
L1L2-to-L3,230,105,1,1
L1L2-to-L3,230,106,1,1
L1L2-to-L3,230,108,1,1
L1L2-to-L3,230,110,1,1
L1L2-to-L3,230,111,1,1
L1L2-to-L3,230,113,1,1
L1L2-to-L3,230,114,1,1
L1L2-to-L3,230,115,1,1
L1L2-to-L3,230,116,1,1
L1L2-to-L3,230,119,1,1
L1L2-to-L3,230,122,1,1
L1L2-to-L3,230,126,1,1
L1L2-to-L3,230,138,1,1
L1L2-to-L3,230,142,1,1
L1L2-to-L3,230,145,1,1
L1L2-to-L3,230,147,1,1
L1L2-to-L3,230,149,1,1
L1L2-to-L3,230,150,1,1
L1L2-to-L3,230,158,1,1
L1L2-to-L3,230,163,1,1
L1L2-to-L3,230,166,1,1
L1L2-to-L3,230,169,1,1
L1L2-to-L3,230,173,1,1
L1L2-to-L3,230,175,1,1
L1L2-to-L3,230,176,1,1
L1L2-to-L3,230,178,1,1
L1L2-to-L3,230,179,1,1
L1L2-to-L3,230,180,1,1
L1L2-to-L3,230,182,1,1
L1L2-to-L3,230,183,1,1
L1L2-to-L3,230,184,1,1
L1L2-to-L3,230,185,1,1
L1L2-to-L3,230,186,1,1
L1L2-to-L3,230,187,1,1
L1L2-to-L3,230,188,1,1
L1L2-to-L3,230,191,1,1
L1L2-to-L3,230,193,1,1
L1L2-to-L3,230,196,1,1
L1L2-to-L3,230,198,1,1
L1L2-to-L3,230,199,1,1
L1L2-to-L3,230,201,1,1
L1L2-to-L3,230,206,1,1
L1L2-to-L3,230,207,1,1
L1L2-to-L3,230,208,1,1
L1L2-to-L3,230,209,1,1
L1L2-to-L3,230,211,1,1
L1L2-to-L3,230,213,1,1
L1L2-to-L3,230,217,1,1
L1L2-to-L3,230,218,1,1
L1L2-to-L3,230,220,1,1
L1L2-to-L3,230,222,1,1
L1L2-to-L3,230,225,1,1
L1L2-to-L3,230,226,1,1
L1L2-to-L3,230,228,1,1
L1L2-to-L3,230,229,1,1
L1L2-to-L3,230,230,1,1
L1L2-to-L3,230,231,1,1
L1L2-to-L3,230,232,1,1
L1L2-to-L3,230,233,1,1
L1L2-to-L3,230,234,1,1
L1L2-to-L3,230,235,1,1
L1L2-to-L3,230,236,1,1
L1L2-to-L3,230,237,1,1
L1L2-to-L3,230,242,1,1
L1L2-to-L3,230,244,1,1
L1L2-to-L3,230,247,1,1
L1L2-to-L3,230,250,1,1
L1L2-to-L3,230,252,1,1
L1L2-to-L3,230,254,1,1
L1L2-to-L3,231,5,1,1
L1L2-to-L3,231,6,1,1
L1L2-to-L3,231,8,1,1
L1L2-to-L3,231,10,1,1
L1L2-to-L3,231,13,1,1
L1L2-to-L3,231,16,1,1
L1L2-to-L3,231,17,1,1
L1L2-to-L3,231,21,1,1
L1L2-to-L3,231,26,1,1
L1L2-to-L3,231,29,1,1
L1L2-to-L3,231,33,1,1
L1L2-to-L3,231,37,1,1
L1L2-to-L3,231,40,1,1
L1L2-to-L3,231,41,1,1
L1L2-to-L3,231,44,1,1
L1L2-to-L3,231,47,1,1
L1L2-to-L3,231,49,1,1
L1L2-to-L3,231,50,1,1
L1L2-to-L3,231,51,1,1
L1L2-to-L3,231,52,1,1
L1L2-to-L3,231,54,1,1
L1L2-to-L3,231,55,1,1
L1L2-to-L3,231,57,1,1
L1L2-to-L3,231,58,1,1
L1L2-to-L3,231,59,1,1
L1L2-to-L3,231,62,1,1
L1L2-to-L3,231,63,1,1
L1L2-to-L3,231,67,1,1
L1L2-to-L3,231,68,1,1
L1L2-to-L3,231,70,1,1
L1L2-to-L3,231,75,1,1
L1L2-to-L3,231,84,1,1
L1L2-to-L3,231,88,1,1
L1L2-to-L3,231,92,1,1
L1L2-to-L3,231,93,1,1
L1L2-to-L3,231,99,1,1
L1L2-to-L3,231,104,1,1
L1L2-to-L3,231,105,1,1
L1L2-to-L3,231,106,1,1
L1L2-to-L3,231,113,1,1
L1L2-to-L3,231,117,1,1
L1L2-to-L3,231,119,1,1
L1L2-to-L3,231,125,1,1
L1L2-to-L3,231,126,1,1
L1L2-to-L3,231,127,1,1
L1L2-to-L3,231,129,1,1
L1L2-to-L3,231,133,1,1
L1L2-to-L3,231,134,1,1
L1L2-to-L3,231,135,1,1
L1L2-to-L3,231,139,1,1
L1L2-to-L3,231,142,1,1
L1L2-to-L3,231,144,1,1
L1L2-to-L3,231,145,1,1
L1L2-to-L3,231,146,1,1
L1L2-to-L3,231,151,1,1
L1L2-to-L3,231,158,1,1
L1L2-to-L3,231,161,1,1
L1L2-to-L3,231,167,1,1
L1L2-to-L3,231,168,1,1
L1L2-to-L3,231,169,1,1
L1L2-to-L3,231,175,1,1
L1L2-to-L3,231,177,1,1
L1L2-to-L3,231,178,1,1
L1L2-to-L3,231,179,1,1
L1L2-to-L3,231,182,1,1
L1L2-to-L3,231,185,1,1
L1L2-to-L3,231,186,1,1
L1L2-to-L3,231,187,1,1
L1L2-to-L3,231,191,1,1
L1L2-to-L3,231,194,1,1
L1L2-to-L3,231,196,1,1
L1L2-to-L3,231,197,1,1
L1L2-to-L3,231,198,1,1
L1L2-to-L3,231,200,1,1
L1L2-to-L3,231,201,1,1
L1L2-to-L3,231,206,1,1
L1L2-to-L3,231,207,1,1
L1L2-to-L3,231,208,1,1
L1L2-to-L3,231,209,1,1
L1L2-to-L3,231,211,1,1
L1L2-to-L3,231,212,1,1
L1L2-to-L3,231,215,1,1
L1L2-to-L3,231,217,1,1
L1L2-to-L3,231,218,1,1
L1L2-to-L3,231,221,1,1
L1L2-to-L3,231,222,1,1
L1L2-to-L3,231,224,1,1
L1L2-to-L3,231,225,1,1
L1L2-to-L3,231,229,1,1
L1L2-to-L3,231,231,1,1
L1L2-to-L3,231,234,1,1
L1L2-to-L3,231,235,1,1
L1L2-to-L3,231,238,1,1
L1L2-to-L3,231,241,1,1
L1L2-to-L3,231,242,1,1
L1L2-to-L3,231,243,1,1
L1L2-to-L3,231,246,1,1
L1L2-to-L3,231,247,1,1
L1L2-to-L3,231,248,1,1
L1L2-to-L3,231,249,1,1
L1L2-to-L3,231,250,1,1
L1L2-to-L3,231,251,1,1
L1L2-to-L3,231,254,1,1
L1L2-to-L3,232,6,1,1
L1L2-to-L3,232,9,1,1
L1L2-to-L3,232,12,1,1
L1L2-to-L3,232,13,1,1
L1L2-to-L3,232,15,1,1
L1L2-to-L3,232,19,1,1
L1L2-to-L3,232,21,1,1
L1L2-to-L3,232,24,1,1
L1L2-to-L3,232,27,1,1
L1L2-to-L3,232,33,1,1
L1L2-to-L3,232,36,1,1
L1L2-to-L3,232,39,1,1
L1L2-to-L3,232,40,1,1
L1L2-to-L3,232,42,1,1
L1L2-to-L3,232,43,1,1
L1L2-to-L3,232,44,1,1
L1L2-to-L3,232,45,1,1
L1L2-to-L3,232,49,1,1
L1L2-to-L3,232,50,1,1
L1L2-to-L3,232,52,1,1
L1L2-to-L3,232,53,1,1
L1L2-to-L3,232,54,1,1
L1L2-to-L3,232,66,1,1
L1L2-to-L3,232,67,1,1
L1L2-to-L3,232,80,1,1
L1L2-to-L3,232,86,1,1
L1L2-to-L3,232,87,1,1
L1L2-to-L3,232,89,1,1
L1L2-to-L3,232,93,1,1
L1L2-to-L3,232,94,1,1
L1L2-to-L3,232,97,1,1
L1L2-to-L3,232,99,1,1
L1L2-to-L3,232,104,1,1
L1L2-to-L3,232,114,1,1
L1L2-to-L3,232,115,1,1
L1L2-to-L3,232,124,1,1
L1L2-to-L3,232,128,1,1
L1L2-to-L3,232,129,1,1
L1L2-to-L3,232,132,1,1
L1L2-to-L3,232,135,1,1
L1L2-to-L3,232,137,1,1
L1L2-to-L3,232,139,1,1
L1L2-to-L3,232,145,1,1
L1L2-to-L3,232,147,1,1
L1L2-to-L3,232,149,1,1
L1L2-to-L3,232,152,1,1
L1L2-to-L3,232,156,1,1
L1L2-to-L3,232,163,1,1
L1L2-to-L3,232,164,1,1
L1L2-to-L3,232,168,1,1
L1L2-to-L3,232,169,1,1
L1L2-to-L3,232,171,1,1
L1L2-to-L3,232,172,1,1
L1L2-to-L3,232,175,1,1
L1L2-to-L3,232,176,1,1
L1L2-to-L3,232,177,1,1
L1L2-to-L3,232,178,1,1
L1L2-to-L3,232,180,1,1
L1L2-to-L3,232,182,1,1
L1L2-to-L3,232,190,1,1
L1L2-to-L3,232,192,1,1
L1L2-to-L3,232,193,1,1
L1L2-to-L3,232,200,1,1
L1L2-to-L3,232,201,1,1
L1L2-to-L3,232,205,1,1
L1L2-to-L3,232,209,1,1
L1L2-to-L3,232,211,1,1
L1L2-to-L3,232,215,1,1
L1L2-to-L3,232,217,1,1
L1L2-to-L3,232,218,1,1
L1L2-to-L3,232,220,1,1
L1L2-to-L3,232,221,1,1
L1L2-to-L3,232,224,1,1
L1L2-to-L3,232,226,1,1
L1L2-to-L3,232,228,1,1
L1L2-to-L3,232,231,1,1
L1L2-to-L3,232,233,1,1
L1L2-to-L3,232,237,1,1
L1L2-to-L3,232,241,1,1
L1L2-to-L3,232,244,1,1
L1L2-to-L3,232,247,1,1
L1L2-to-L3,232,250,1,1
L1L2-to-L3,232,251,1,1
L1L2-to-L3,233,0,1,1
L1L2-to-L3,233,2,1,1
L1L2-to-L3,233,7,1,1
L1L2-to-L3,233,16,1,1
L1L2-to-L3,233,19,1,1
L1L2-to-L3,233,21,1,1
L1L2-to-L3,233,26,1,1
L1L2-to-L3,233,29,1,1
L1L2-to-L3,233,31,1,1
L1L2-to-L3,233,32,1,1
L1L2-to-L3,233,33,1,1
L1L2-to-L3,233,34,1,1
L1L2-to-L3,233,36,1,1
L1L2-to-L3,233,40,1,1
L1L2-to-L3,233,42,1,1
L1L2-to-L3,233,51,1,1
L1L2-to-L3,233,53,1,1
L1L2-to-L3,233,59,1,1
L1L2-to-L3,233,61,1,1
L1L2-to-L3,233,63,1,1
L1L2-to-L3,233,64,1,1
L1L2-to-L3,233,67,1,1
L1L2-to-L3,233,68,1,1
L1L2-to-L3,233,69,1,1
L1L2-to-L3,233,71,1,1
L1L2-to-L3,233,72,1,1
L1L2-to-L3,233,73,1,1
L1L2-to-L3,233,74,1,1
L1L2-to-L3,233,75,1,1
L1L2-to-L3,233,76,1,1
L1L2-to-L3,233,77,1,1
L1L2-to-L3,233,79,1,1
L1L2-to-L3,233,80,1,1
L1L2-to-L3,233,81,1,1
L1L2-to-L3,233,84,1,1
L1L2-to-L3,233,92,1,1
L1L2-to-L3,233,93,1,1
L1L2-to-L3,233,101,1,1
L1L2-to-L3,233,102,1,1
L1L2-to-L3,233,103,1,1
L1L2-to-L3,233,107,1,1
L1L2-to-L3,233,108,1,1
L1L2-to-L3,233,109,1,1
L1L2-to-L3,233,110,1,1
L1L2-to-L3,233,112,1,1
L1L2-to-L3,233,114,1,1
L1L2-to-L3,233,116,1,1
L1L2-to-L3,233,117,1,1
L1L2-to-L3,233,121,1,1
L1L2-to-L3,233,122,1,1
L1L2-to-L3,233,123,1,1
L1L2-to-L3,233,124,1,1
L1L2-to-L3,233,125,1,1
L1L2-to-L3,233,130,1,1
L1L2-to-L3,233,133,1,1
L1L2-to-L3,233,135,1,1
L1L2-to-L3,233,136,1,1
L1L2-to-L3,233,145,1,1
L1L2-to-L3,233,151,1,1
L1L2-to-L3,233,152,1,1
L1L2-to-L3,233,157,1,1
L1L2-to-L3,233,159,1,1
L1L2-to-L3,233,160,1,1
L1L2-to-L3,233,161,1,1
L1L2-to-L3,233,165,1,1
L1L2-to-L3,233,166,1,1
L1L2-to-L3,233,169,1,1
L1L2-to-L3,233,171,1,1
L1L2-to-L3,233,173,1,1
L1L2-to-L3,233,174,1,1
L1L2-to-L3,233,179,1,1
L1L2-to-L3,233,180,1,1
L1L2-to-L3,233,181,1,1
L1L2-to-L3,233,184,1,1
L1L2-to-L3,233,185,1,1
L1L2-to-L3,233,187,1,1
L1L2-to-L3,233,188,1,1
L1L2-to-L3,233,190,1,1
L1L2-to-L3,233,191,1,1
L1L2-to-L3,233,192,1,1
L1L2-to-L3,233,193,1,1
L1L2-to-L3,233,194,1,1
L1L2-to-L3,233,195,1,1
L1L2-to-L3,233,196,1,1
L1L2-to-L3,233,197,1,1
L1L2-to-L3,233,199,1,1
L1L2-to-L3,233,200,1,1
L1L2-to-L3,233,201,1,1
L1L2-to-L3,233,202,1,1
L1L2-to-L3,233,203,1,1
L1L2-to-L3,233,208,1,1
L1L2-to-L3,233,209,1,1
L1L2-to-L3,233,215,1,1
L1L2-to-L3,233,216,1,1
L1L2-to-L3,233,219,1,1
L1L2-to-L3,233,221,1,1
L1L2-to-L3,233,222,1,1
L1L2-to-L3,233,223,1,1
L1L2-to-L3,233,227,1,1
L1L2-to-L3,233,229,1,1
L1L2-to-L3,233,233,1,1
L1L2-to-L3,233,234,1,1
L1L2-to-L3,233,236,1,1
L1L2-to-L3,233,238,1,1
L1L2-to-L3,233,239,1,1
L1L2-to-L3,233,242,1,1
L1L2-to-L3,233,243,1,1
L1L2-to-L3,233,244,1,1
L1L2-to-L3,233,246,1,1
L1L2-to-L3,233,247,1,1
L1L2-to-L3,233,248,1,1
L1L2-to-L3,233,251,1,1
L1L2-to-L3,233,252,1,1
L1L2-to-L3,234,2,1,1
L1L2-to-L3,234,14,1,1
L1L2-to-L3,234,16,1,1
L1L2-to-L3,234,18,1,1
L1L2-to-L3,234,23,1,1
L1L2-to-L3,234,24,1,1
L1L2-to-L3,234,29,1,1
L1L2-to-L3,234,30,1,1
L1L2-to-L3,234,32,1,1
L1L2-to-L3,234,34,1,1
L1L2-to-L3,234,35,1,1
L1L2-to-L3,234,36,1,1
L1L2-to-L3,234,38,1,1
L1L2-to-L3,234,41,1,1
L1L2-to-L3,234,47,1,1
L1L2-to-L3,234,48,1,1
L1L2-to-L3,234,51,1,1
L1L2-to-L3,234,52,1,1
L1L2-to-L3,234,55,1,1
L1L2-to-L3,234,59,1,1
L1L2-to-L3,234,61,1,1
L1L2-to-L3,234,62,1,1
L1L2-to-L3,234,64,1,1
L1L2-to-L3,234,66,1,1
L1L2-to-L3,234,67,1,1
L1L2-to-L3,234,68,1,1
L1L2-to-L3,234,71,1,1
L1L2-to-L3,234,74,1,1
L1L2-to-L3,234,75,1,1
L1L2-to-L3,234,77,1,1
L1L2-to-L3,234,78,1,1
L1L2-to-L3,234,80,1,1
L1L2-to-L3,234,81,1,1
L1L2-to-L3,234,84,1,1
L1L2-to-L3,234,90,1,1
L1L2-to-L3,234,93,1,1
L1L2-to-L3,234,94,1,1
L1L2-to-L3,234,98,1,1
L1L2-to-L3,234,102,1,1
L1L2-to-L3,234,106,1,1
L1L2-to-L3,234,107,1,1
L1L2-to-L3,234,108,1,1
L1L2-to-L3,234,109,1,1
L1L2-to-L3,234,110,1,1
L1L2-to-L3,234,113,1,1
L1L2-to-L3,234,118,1,1
L1L2-to-L3,234,121,1,1
L1L2-to-L3,234,123,1,1
L1L2-to-L3,234,124,1,1
L1L2-to-L3,234,125,1,1
L1L2-to-L3,234,127,1,1
L1L2-to-L3,234,128,1,1
L1L2-to-L3,234,134,1,1
L1L2-to-L3,234,135,1,1
L1L2-to-L3,234,136,1,1
L1L2-to-L3,234,137,1,1
L1L2-to-L3,234,138,1,1
L1L2-to-L3,234,139,1,1
L1L2-to-L3,234,142,1,1
L1L2-to-L3,234,144,1,1
L1L2-to-L3,234,147,1,1
L1L2-to-L3,234,150,1,1
L1L2-to-L3,234,159,1,1
L1L2-to-L3,234,164,1,1
L1L2-to-L3,234,169,1,1
L1L2-to-L3,234,173,1,1
L1L2-to-L3,234,177,1,1
L1L2-to-L3,234,179,1,1
L1L2-to-L3,234,180,1,1
L1L2-to-L3,234,181,1,1
L1L2-to-L3,234,182,1,1
L1L2-to-L3,234,183,1,1
L1L2-to-L3,234,186,1,1
L1L2-to-L3,234,187,1,1
L1L2-to-L3,234,188,1,1
L1L2-to-L3,234,189,1,1
L1L2-to-L3,234,190,1,1
L1L2-to-L3,234,191,1,1
L1L2-to-L3,234,194,1,1
L1L2-to-L3,234,196,1,1
L1L2-to-L3,234,200,1,1
L1L2-to-L3,234,202,1,1
L1L2-to-L3,234,203,1,1
L1L2-to-L3,234,204,1,1
L1L2-to-L3,234,208,1,1
L1L2-to-L3,234,209,1,1
L1L2-to-L3,234,210,1,1
L1L2-to-L3,234,213,1,1
L1L2-to-L3,234,214,1,1
L1L2-to-L3,234,215,1,1
L1L2-to-L3,234,222,1,1
L1L2-to-L3,234,225,1,1
L1L2-to-L3,234,227,1,1
L1L2-to-L3,234,232,1,1
L1L2-to-L3,234,235,1,1
L1L2-to-L3,234,236,1,1
L1L2-to-L3,234,239,1,1
L1L2-to-L3,234,240,1,1
L1L2-to-L3,234,241,1,1
L1L2-to-L3,234,242,1,1
L1L2-to-L3,234,246,1,1
L1L2-to-L3,234,247,1,1
L1L2-to-L3,234,248,1,1
L1L2-to-L3,234,251,1,1
L1L2-to-L3,234,252,1,1
L1L2-to-L3,234,253,1,1
L1L2-to-L3,234,254,1,1
L1L2-to-L3,235,3,1,1
L1L2-to-L3,235,7,1,1
L1L2-to-L3,235,10,1,1
L1L2-to-L3,235,14,1,1
L1L2-to-L3,235,18,1,1
L1L2-to-L3,235,21,1,1
L1L2-to-L3,235,22,1,1
L1L2-to-L3,235,23,1,1
L1L2-to-L3,235,24,1,1
L1L2-to-L3,235,30,1,1
L1L2-to-L3,235,36,1,1
L1L2-to-L3,235,38,1,1
L1L2-to-L3,235,47,1,1
L1L2-to-L3,235,48,1,1
L1L2-to-L3,235,50,1,1
L1L2-to-L3,235,51,1,1
L1L2-to-L3,235,60,1,1
L1L2-to-L3,235,61,1,1
L1L2-to-L3,235,62,1,1
L1L2-to-L3,235,65,1,1
L1L2-to-L3,235,66,1,1
L1L2-to-L3,235,73,1,1
L1L2-to-L3,235,75,1,1
L1L2-to-L3,235,79,1,1
L1L2-to-L3,235,84,1,1
L1L2-to-L3,235,85,1,1
L1L2-to-L3,235,90,1,1
L1L2-to-L3,235,91,1,1
L1L2-to-L3,235,92,1,1
L1L2-to-L3,235,93,1,1
L1L2-to-L3,235,95,1,1
L1L2-to-L3,235,110,1,1
L1L2-to-L3,235,115,1,1
L1L2-to-L3,235,119,1,1
L1L2-to-L3,235,123,1,1
L1L2-to-L3,235,126,1,1
L1L2-to-L3,235,127,1,1
L1L2-to-L3,235,134,1,1
L1L2-to-L3,235,135,1,1
L1L2-to-L3,235,139,1,1
L1L2-to-L3,235,147,1,1
L1L2-to-L3,235,148,1,1
L1L2-to-L3,235,150,1,1
L1L2-to-L3,235,157,1,1
L1L2-to-L3,235,160,1,1
L1L2-to-L3,235,161,1,1
L1L2-to-L3,235,164,1,1
L1L2-to-L3,235,166,1,1
L1L2-to-L3,235,167,1,1
L1L2-to-L3,235,170,1,1
L1L2-to-L3,235,171,1,1
L1L2-to-L3,235,173,1,1
L1L2-to-L3,235,175,1,1
L1L2-to-L3,235,177,1,1
L1L2-to-L3,235,181,1,1
L1L2-to-L3,235,186,1,1
L1L2-to-L3,235,191,1,1
L1L2-to-L3,235,192,1,1
L1L2-to-L3,235,193,1,1
L1L2-to-L3,235,194,1,1
L1L2-to-L3,235,195,1,1
L1L2-to-L3,235,202,1,1
L1L2-to-L3,235,205,1,1
L1L2-to-L3,235,211,1,1
L1L2-to-L3,235,216,1,1
L1L2-to-L3,235,219,1,1
L1L2-to-L3,235,225,1,1
L1L2-to-L3,235,226,1,1
L1L2-to-L3,235,227,1,1
L1L2-to-L3,235,230,1,1
L1L2-to-L3,235,231,1,1
L1L2-to-L3,235,235,1,1
L1L2-to-L3,235,237,1,1
L1L2-to-L3,235,241,1,1
L1L2-to-L3,235,247,1,1
L1L2-to-L3,235,252,1,1
L1L2-to-L3,236,2,1,1
L1L2-to-L3,236,4,1,1
L1L2-to-L3,236,7,1,1
L1L2-to-L3,236,9,1,1
L1L2-to-L3,236,10,1,1
L1L2-to-L3,236,11,1,1
L1L2-to-L3,236,15,1,1
L1L2-to-L3,236,17,1,1
L1L2-to-L3,236,18,1,1
L1L2-to-L3,236,21,1,1
L1L2-to-L3,236,26,1,1
L1L2-to-L3,236,27,1,1
L1L2-to-L3,236,29,1,1
L1L2-to-L3,236,30,1,1
L1L2-to-L3,236,31,1,1
L1L2-to-L3,236,37,1,1
L1L2-to-L3,236,39,1,1
L1L2-to-L3,236,45,1,1
L1L2-to-L3,236,48,1,1
L1L2-to-L3,236,52,1,1
L1L2-to-L3,236,55,1,1
L1L2-to-L3,236,56,1,1
L1L2-to-L3,236,60,1,1
L1L2-to-L3,236,63,1,1
L1L2-to-L3,236,64,1,1
L1L2-to-L3,236,65,1,1
L1L2-to-L3,236,69,1,1
L1L2-to-L3,236,71,1,1
L1L2-to-L3,236,75,1,1
L1L2-to-L3,236,87,1,1
L1L2-to-L3,236,91,1,1
L1L2-to-L3,236,92,1,1
L1L2-to-L3,236,93,1,1
L1L2-to-L3,236,95,1,1
L1L2-to-L3,236,96,1,1
L1L2-to-L3,236,97,1,1
L1L2-to-L3,236,100,1,1
L1L2-to-L3,236,101,1,1
L1L2-to-L3,236,102,1,1
L1L2-to-L3,236,103,1,1
L1L2-to-L3,236,105,1,1
L1L2-to-L3,236,107,1,1
L1L2-to-L3,236,111,1,1
L1L2-to-L3,236,113,1,1
L1L2-to-L3,236,115,1,1
L1L2-to-L3,236,116,1,1
L1L2-to-L3,236,124,1,1
L1L2-to-L3,236,125,1,1
L1L2-to-L3,236,128,1,1
L1L2-to-L3,236,130,1,1
L1L2-to-L3,236,134,1,1
L1L2-to-L3,236,135,1,1
L1L2-to-L3,236,148,1,1
L1L2-to-L3,236,151,1,1
L1L2-to-L3,236,152,1,1
L1L2-to-L3,236,153,1,1
L1L2-to-L3,236,155,1,1
L1L2-to-L3,236,157,1,1
L1L2-to-L3,236,160,1,1
L1L2-to-L3,236,163,1,1
L1L2-to-L3,236,173,1,1
L1L2-to-L3,236,175,1,1
L1L2-to-L3,236,179,1,1
L1L2-to-L3,236,182,1,1
L1L2-to-L3,236,183,1,1
L1L2-to-L3,236,184,1,1
L1L2-to-L3,236,185,1,1
L1L2-to-L3,236,186,1,1
L1L2-to-L3,236,191,1,1
L1L2-to-L3,236,194,1,1
L1L2-to-L3,236,195,1,1
L1L2-to-L3,236,199,1,1
L1L2-to-L3,236,200,1,1
L1L2-to-L3,236,204,1,1
L1L2-to-L3,236,205,1,1
L1L2-to-L3,236,207,1,1
L1L2-to-L3,236,210,1,1
L1L2-to-L3,236,216,1,1
L1L2-to-L3,236,217,1,1
L1L2-to-L3,236,218,1,1
L1L2-to-L3,236,221,1,1
L1L2-to-L3,236,222,1,1
L1L2-to-L3,236,224,1,1
L1L2-to-L3,236,225,1,1
L1L2-to-L3,236,226,1,1
L1L2-to-L3,236,227,1,1
L1L2-to-L3,236,230,1,1
L1L2-to-L3,236,231,1,1
L1L2-to-L3,236,236,1,1
L1L2-to-L3,236,237,1,1
L1L2-to-L3,236,238,1,1
L1L2-to-L3,236,242,1,1
L1L2-to-L3,236,243,1,1
L1L2-to-L3,236,246,1,1
L1L2-to-L3,236,247,1,1
L1L2-to-L3,236,249,1,1
L1L2-to-L3,236,250,1,1
L1L2-to-L3,236,251,1,1
L1L2-to-L3,236,253,1,1
L1L2-to-L3,236,255,1,1
L1L2-to-L3,237,9,1,1
L1L2-to-L3,237,17,1,1
L1L2-to-L3,237,21,1,1
L1L2-to-L3,237,23,1,1
L1L2-to-L3,237,24,1,1
L1L2-to-L3,237,25,1,1
L1L2-to-L3,237,26,1,1
L1L2-to-L3,237,28,1,1
L1L2-to-L3,237,29,1,1
L1L2-to-L3,237,33,1,1
L1L2-to-L3,237,34,1,1
L1L2-to-L3,237,35,1,1
L1L2-to-L3,237,38,1,1
L1L2-to-L3,237,41,1,1
L1L2-to-L3,237,46,1,1
L1L2-to-L3,237,48,1,1
L1L2-to-L3,237,53,1,1
L1L2-to-L3,237,54,1,1
L1L2-to-L3,237,56,1,1
L1L2-to-L3,237,59,1,1
L1L2-to-L3,237,60,1,1
L1L2-to-L3,237,61,1,1
L1L2-to-L3,237,63,1,1
L1L2-to-L3,237,66,1,1
L1L2-to-L3,237,67,1,1
L1L2-to-L3,237,69,1,1
L1L2-to-L3,237,72,1,1
L1L2-to-L3,237,75,1,1
L1L2-to-L3,237,78,1,1
L1L2-to-L3,237,79,1,1
L1L2-to-L3,237,82,1,1
L1L2-to-L3,237,83,1,1
L1L2-to-L3,237,84,1,1
L1L2-to-L3,237,85,1,1
L1L2-to-L3,237,98,1,1
L1L2-to-L3,237,103,1,1
L1L2-to-L3,237,104,1,1
L1L2-to-L3,237,105,1,1
L1L2-to-L3,237,107,1,1
L1L2-to-L3,237,108,1,1
L1L2-to-L3,237,109,1,1
L1L2-to-L3,237,111,1,1
L1L2-to-L3,237,112,1,1
L1L2-to-L3,237,113,1,1
L1L2-to-L3,237,117,1,1
L1L2-to-L3,237,119,1,1
L1L2-to-L3,237,122,1,1
L1L2-to-L3,237,124,1,1
L1L2-to-L3,237,129,1,1
L1L2-to-L3,237,132,1,1
L1L2-to-L3,237,133,1,1
L1L2-to-L3,237,136,1,1
L1L2-to-L3,237,139,1,1
L1L2-to-L3,237,140,1,1
L1L2-to-L3,237,147,1,1
L1L2-to-L3,237,148,1,1
L1L2-to-L3,237,149,1,1
L1L2-to-L3,237,151,1,1
L1L2-to-L3,237,155,1,1
L1L2-to-L3,237,157,1,1
L1L2-to-L3,237,160,1,1
L1L2-to-L3,237,163,1,1
L1L2-to-L3,237,165,1,1
L1L2-to-L3,237,166,1,1
L1L2-to-L3,237,168,1,1
L1L2-to-L3,237,174,1,1
L1L2-to-L3,237,175,1,1
L1L2-to-L3,237,178,1,1
L1L2-to-L3,237,179,1,1
L1L2-to-L3,237,182,1,1
L1L2-to-L3,237,183,1,1
L1L2-to-L3,237,185,1,1
L1L2-to-L3,237,186,1,1
L1L2-to-L3,237,187,1,1
L1L2-to-L3,237,190,1,1
L1L2-to-L3,237,191,1,1
L1L2-to-L3,237,195,1,1
L1L2-to-L3,237,197,1,1
L1L2-to-L3,237,198,1,1
L1L2-to-L3,237,199,1,1
L1L2-to-L3,237,200,1,1
L1L2-to-L3,237,202,1,1
L1L2-to-L3,237,205,1,1
L1L2-to-L3,237,207,1,1
L1L2-to-L3,237,208,1,1
L1L2-to-L3,237,210,1,1
L1L2-to-L3,237,211,1,1
L1L2-to-L3,237,212,1,1
L1L2-to-L3,237,216,1,1
L1L2-to-L3,237,218,1,1
L1L2-to-L3,237,222,1,1
L1L2-to-L3,237,224,1,1
L1L2-to-L3,237,227,1,1
L1L2-to-L3,237,228,1,1
L1L2-to-L3,237,229,1,1
L1L2-to-L3,237,230,1,1
L1L2-to-L3,237,231,1,1
L1L2-to-L3,237,238,1,1
L1L2-to-L3,237,239,1,1
L1L2-to-L3,237,240,1,1
L1L2-to-L3,237,241,1,1
L1L2-to-L3,237,244,1,1
L1L2-to-L3,237,245,1,1
L1L2-to-L3,237,246,1,1
L1L2-to-L3,237,247,1,1
L1L2-to-L3,237,248,1,1
L1L2-to-L3,237,249,1,1
L1L2-to-L3,237,250,1,1
L1L2-to-L3,237,254,1,1
L1L2-to-L3,238,0,1,1
L1L2-to-L3,238,5,1,1
L1L2-to-L3,238,6,1,1
L1L2-to-L3,238,8,1,1
L1L2-to-L3,238,9,1,1
L1L2-to-L3,238,10,1,1
L1L2-to-L3,238,15,1,1
L1L2-to-L3,238,18,1,1
L1L2-to-L3,238,19,1,1
L1L2-to-L3,238,20,1,1
L1L2-to-L3,238,21,1,1
L1L2-to-L3,238,25,1,1
L1L2-to-L3,238,28,1,1
L1L2-to-L3,238,29,1,1
L1L2-to-L3,238,34,1,1
L1L2-to-L3,238,36,1,1
L1L2-to-L3,238,37,1,1
L1L2-to-L3,238,40,1,1
L1L2-to-L3,238,41,1,1
L1L2-to-L3,238,44,1,1
L1L2-to-L3,238,47,1,1
L1L2-to-L3,238,49,1,1
L1L2-to-L3,238,54,1,1
L1L2-to-L3,238,59,1,1
L1L2-to-L3,238,61,1,1
L1L2-to-L3,238,63,1,1
L1L2-to-L3,238,65,1,1
L1L2-to-L3,238,66,1,1
L1L2-to-L3,238,69,1,1
L1L2-to-L3,238,70,1,1
L1L2-to-L3,238,72,1,1
L1L2-to-L3,238,73,1,1
L1L2-to-L3,238,75,1,1
L1L2-to-L3,238,77,1,1
L1L2-to-L3,238,81,1,1
L1L2-to-L3,238,84,1,1
L1L2-to-L3,238,85,1,1
L1L2-to-L3,238,89,1,1
L1L2-to-L3,238,93,1,1
L1L2-to-L3,238,94,1,1
L1L2-to-L3,238,100,1,1
L1L2-to-L3,238,102,1,1
L1L2-to-L3,238,103,1,1
L1L2-to-L3,238,104,1,1
L1L2-to-L3,238,107,1,1
L1L2-to-L3,238,109,1,1
L1L2-to-L3,238,110,1,1
L1L2-to-L3,238,112,1,1
L1L2-to-L3,238,113,1,1
L1L2-to-L3,238,115,1,1
L1L2-to-L3,238,116,1,1
L1L2-to-L3,238,117,1,1
L1L2-to-L3,238,118,1,1
L1L2-to-L3,238,122,1,1
L1L2-to-L3,238,126,1,1
L1L2-to-L3,238,129,1,1
L1L2-to-L3,238,130,1,1
L1L2-to-L3,238,131,1,1
L1L2-to-L3,238,134,1,1
L1L2-to-L3,238,142,1,1
L1L2-to-L3,238,145,1,1
L1L2-to-L3,238,153,1,1
L1L2-to-L3,238,156,1,1
L1L2-to-L3,238,159,1,1
L1L2-to-L3,238,161,1,1
L1L2-to-L3,238,166,1,1
L1L2-to-L3,238,168,1,1
L1L2-to-L3,238,169,1,1
L1L2-to-L3,238,172,1,1
L1L2-to-L3,238,175,1,1
L1L2-to-L3,238,177,1,1
L1L2-to-L3,238,180,1,1
L1L2-to-L3,238,182,1,1
L1L2-to-L3,238,186,1,1
L1L2-to-L3,238,188,1,1
L1L2-to-L3,238,189,1,1
L1L2-to-L3,238,190,1,1
L1L2-to-L3,238,191,1,1
L1L2-to-L3,238,193,1,1
L1L2-to-L3,238,195,1,1
L1L2-to-L3,238,196,1,1
L1L2-to-L3,238,197,1,1
L1L2-to-L3,238,198,1,1
L1L2-to-L3,238,199,1,1
L1L2-to-L3,238,200,1,1
L1L2-to-L3,238,204,1,1
L1L2-to-L3,238,206,1,1
L1L2-to-L3,238,208,1,1
L1L2-to-L3,238,212,1,1
L1L2-to-L3,238,213,1,1
L1L2-to-L3,238,217,1,1
L1L2-to-L3,238,218,1,1
L1L2-to-L3,238,222,1,1
L1L2-to-L3,238,223,1,1
L1L2-to-L3,238,225,1,1
L1L2-to-L3,238,227,1,1
L1L2-to-L3,238,231,1,1
L1L2-to-L3,238,232,1,1
L1L2-to-L3,238,239,1,1
L1L2-to-L3,238,241,1,1
L1L2-to-L3,238,242,1,1
L1L2-to-L3,238,243,1,1
L1L2-to-L3,238,244,1,1
L1L2-to-L3,238,245,1,1
L1L2-to-L3,238,246,1,1
L1L2-to-L3,238,249,1,1
L1L2-to-L3,238,251,1,1
L1L2-to-L3,238,252,1,1
L1L2-to-L3,239,1,1,1
L1L2-to-L3,239,10,1,1
L1L2-to-L3,239,13,1,1
L1L2-to-L3,239,15,1,1
L1L2-to-L3,239,16,1,1
L1L2-to-L3,239,17,1,1
L1L2-to-L3,239,19,1,1
L1L2-to-L3,239,20,1,1
L1L2-to-L3,239,24,1,1
L1L2-to-L3,239,25,1,1
L1L2-to-L3,239,30,1,1
L1L2-to-L3,239,33,1,1
L1L2-to-L3,239,37,1,1
L1L2-to-L3,239,40,1,1
L1L2-to-L3,239,41,1,1
L1L2-to-L3,239,46,1,1
L1L2-to-L3,239,47,1,1
L1L2-to-L3,239,49,1,1
L1L2-to-L3,239,51,1,1
L1L2-to-L3,239,61,1,1
L1L2-to-L3,239,66,1,1
L1L2-to-L3,239,68,1,1
L1L2-to-L3,239,69,1,1
L1L2-to-L3,239,70,1,1
L1L2-to-L3,239,72,1,1
L1L2-to-L3,239,77,1,1
L1L2-to-L3,239,78,1,1
L1L2-to-L3,239,79,1,1
L1L2-to-L3,239,82,1,1
L1L2-to-L3,239,89,1,1
L1L2-to-L3,239,90,1,1
L1L2-to-L3,239,95,1,1
L1L2-to-L3,239,96,1,1
L1L2-to-L3,239,97,1,1
L1L2-to-L3,239,99,1,1
L1L2-to-L3,239,102,1,1
L1L2-to-L3,239,104,1,1
L1L2-to-L3,239,105,1,1
L1L2-to-L3,239,108,1,1
L1L2-to-L3,239,110,1,1
L1L2-to-L3,239,113,1,1
L1L2-to-L3,239,115,1,1
L1L2-to-L3,239,116,1,1
L1L2-to-L3,239,117,1,1
L1L2-to-L3,239,123,1,1
L1L2-to-L3,239,128,1,1
L1L2-to-L3,239,129,1,1
L1L2-to-L3,239,131,1,1
L1L2-to-L3,239,132,1,1
L1L2-to-L3,239,136,1,1
L1L2-to-L3,239,137,1,1
L1L2-to-L3,239,138,1,1
L1L2-to-L3,239,149,1,1
L1L2-to-L3,239,150,1,1
L1L2-to-L3,239,154,1,1
L1L2-to-L3,239,162,1,1
L1L2-to-L3,239,164,1,1
L1L2-to-L3,239,166,1,1
L1L2-to-L3,239,168,1,1
L1L2-to-L3,239,177,1,1
L1L2-to-L3,239,185,1,1
L1L2-to-L3,239,186,1,1
L1L2-to-L3,239,189,1,1
L1L2-to-L3,239,191,1,1
L1L2-to-L3,239,193,1,1
L1L2-to-L3,239,195,1,1
L1L2-to-L3,239,196,1,1
L1L2-to-L3,239,198,1,1
L1L2-to-L3,239,199,1,1
L1L2-to-L3,239,200,1,1
L1L2-to-L3,239,202,1,1
L1L2-to-L3,239,203,1,1
L1L2-to-L3,239,204,1,1
L1L2-to-L3,239,205,1,1
L1L2-to-L3,239,207,1,1
L1L2-to-L3,239,209,1,1
L1L2-to-L3,239,211,1,1
L1L2-to-L3,239,214,1,1
L1L2-to-L3,239,215,1,1
L1L2-to-L3,239,216,1,1
L1L2-to-L3,239,218,1,1
L1L2-to-L3,239,219,1,1
L1L2-to-L3,239,220,1,1
L1L2-to-L3,239,222,1,1
L1L2-to-L3,239,225,1,1
L1L2-to-L3,239,227,1,1
L1L2-to-L3,239,230,1,1
L1L2-to-L3,239,231,1,1
L1L2-to-L3,239,232,1,1
L1L2-to-L3,239,233,1,1
L1L2-to-L3,239,242,1,1
L1L2-to-L3,239,245,1,1
L1L2-to-L3,239,249,1,1
L1L2-to-L3,239,251,1,1
L1L2-to-L3,239,252,1,1
L1L2-to-L3,239,253,1,1
L1L2-to-L3,239,255,1,1
L1L2-to-L3,240,1,1,1
L1L2-to-L3,240,7,1,1
L1L2-to-L3,240,19,1,1
L1L2-to-L3,240,20,1,1
L1L2-to-L3,240,22,1,1
L1L2-to-L3,240,29,1,1
L1L2-to-L3,240,30,1,1
L1L2-to-L3,240,49,1,1
L1L2-to-L3,240,50,1,1
L1L2-to-L3,240,53,1,1
L1L2-to-L3,240,69,1,1
L1L2-to-L3,240,71,1,1
L1L2-to-L3,240,84,1,1
L1L2-to-L3,240,90,1,1
L1L2-to-L3,240,93,1,1
L1L2-to-L3,240,95,1,1
L1L2-to-L3,240,97,1,1
L1L2-to-L3,240,98,1,1
L1L2-to-L3,240,101,1,1
L1L2-to-L3,240,106,1,1
L1L2-to-L3,240,109,1,1
L1L2-to-L3,240,111,1,1
L1L2-to-L3,240,115,1,1
L1L2-to-L3,240,117,1,1
L1L2-to-L3,240,125,1,1
L1L2-to-L3,240,128,1,1
L1L2-to-L3,240,129,1,1
L1L2-to-L3,240,131,1,1
L1L2-to-L3,240,133,1,1
L1L2-to-L3,240,134,1,1
L1L2-to-L3,240,136,1,1
L1L2-to-L3,240,137,1,1
L1L2-to-L3,240,141,1,1
L1L2-to-L3,240,147,1,1
L1L2-to-L3,240,149,1,1
L1L2-to-L3,240,155,1,1
L1L2-to-L3,240,156,1,1
L1L2-to-L3,240,159,1,1
L1L2-to-L3,240,160,1,1
L1L2-to-L3,240,162,1,1
L1L2-to-L3,240,168,1,1
L1L2-to-L3,240,169,1,1
L1L2-to-L3,240,170,1,1
L1L2-to-L3,240,173,1,1
L1L2-to-L3,240,178,1,1
L1L2-to-L3,240,182,1,1
L1L2-to-L3,240,183,1,1
L1L2-to-L3,240,185,1,1
L1L2-to-L3,240,187,1,1
L1L2-to-L3,240,188,1,1
L1L2-to-L3,240,189,1,1
L1L2-to-L3,240,191,1,1
L1L2-to-L3,240,193,1,1
L1L2-to-L3,240,195,1,1
L1L2-to-L3,240,196,1,1
L1L2-to-L3,240,198,1,1
L1L2-to-L3,240,199,1,1
L1L2-to-L3,240,200,1,1
L1L2-to-L3,240,207,1,1
L1L2-to-L3,240,211,1,1
L1L2-to-L3,240,213,1,1
L1L2-to-L3,240,215,1,1
L1L2-to-L3,240,222,1,1
L1L2-to-L3,240,223,1,1
L1L2-to-L3,240,225,1,1
L1L2-to-L3,240,228,1,1
L1L2-to-L3,240,229,1,1
L1L2-to-L3,240,230,1,1
L1L2-to-L3,240,231,1,1
L1L2-to-L3,240,234,1,1
L1L2-to-L3,240,235,1,1
L1L2-to-L3,240,236,1,1
L1L2-to-L3,240,239,1,1
L1L2-to-L3,240,242,1,1
L1L2-to-L3,240,245,1,1
L1L2-to-L3,240,246,1,1
L1L2-to-L3,240,247,1,1
L1L2-to-L3,240,249,1,1
L1L2-to-L3,240,250,1,1
L1L2-to-L3,240,251,1,1
L1L2-to-L3,240,252,1,1
L1L2-to-L3,241,4,1,1
L1L2-to-L3,241,5,1,1
L1L2-to-L3,241,6,1,1
L1L2-to-L3,241,14,1,1
L1L2-to-L3,241,15,1,1
L1L2-to-L3,241,16,1,1
L1L2-to-L3,241,19,1,1
L1L2-to-L3,241,22,1,1
L1L2-to-L3,241,25,1,1
L1L2-to-L3,241,29,1,1
L1L2-to-L3,241,30,1,1
L1L2-to-L3,241,32,1,1
L1L2-to-L3,241,35,1,1
L1L2-to-L3,241,38,1,1
L1L2-to-L3,241,40,1,1
L1L2-to-L3,241,41,1,1
L1L2-to-L3,241,42,1,1
L1L2-to-L3,241,44,1,1
L1L2-to-L3,241,46,1,1
L1L2-to-L3,241,49,1,1
L1L2-to-L3,241,50,1,1
L1L2-to-L3,241,51,1,1
L1L2-to-L3,241,52,1,1
L1L2-to-L3,241,58,1,1
L1L2-to-L3,241,59,1,1
L1L2-to-L3,241,61,1,1
L1L2-to-L3,241,63,1,1
L1L2-to-L3,241,65,1,1
L1L2-to-L3,241,66,1,1
L1L2-to-L3,241,75,1,1
L1L2-to-L3,241,78,1,1
L1L2-to-L3,241,92,1,1
L1L2-to-L3,241,97,1,1
L1L2-to-L3,241,99,1,1
L1L2-to-L3,241,102,1,1
L1L2-to-L3,241,104,1,1
L1L2-to-L3,241,105,1,1
L1L2-to-L3,241,107,1,1
L1L2-to-L3,241,108,1,1
L1L2-to-L3,241,111,1,1
L1L2-to-L3,241,113,1,1
L1L2-to-L3,241,116,1,1
L1L2-to-L3,241,119,1,1
L1L2-to-L3,241,123,1,1
L1L2-to-L3,241,125,1,1
L1L2-to-L3,241,129,1,1
L1L2-to-L3,241,132,1,1
L1L2-to-L3,241,135,1,1
L1L2-to-L3,241,141,1,1
L1L2-to-L3,241,144,1,1
L1L2-to-L3,241,146,1,1
L1L2-to-L3,241,149,1,1
L1L2-to-L3,241,158,1,1
L1L2-to-L3,241,160,1,1
L1L2-to-L3,241,161,1,1
L1L2-to-L3,241,164,1,1
L1L2-to-L3,241,165,1,1
L1L2-to-L3,241,167,1,1
L1L2-to-L3,241,169,1,1
L1L2-to-L3,241,170,1,1
L1L2-to-L3,241,171,1,1
L1L2-to-L3,241,172,1,1
L1L2-to-L3,241,173,1,1
L1L2-to-L3,241,175,1,1
L1L2-to-L3,241,176,1,1
L1L2-to-L3,241,177,1,1
L1L2-to-L3,241,179,1,1
L1L2-to-L3,241,182,1,1
L1L2-to-L3,241,185,1,1
L1L2-to-L3,241,187,1,1
L1L2-to-L3,241,188,1,1
L1L2-to-L3,241,189,1,1
L1L2-to-L3,241,190,1,1
L1L2-to-L3,241,191,1,1
L1L2-to-L3,241,193,1,1
L1L2-to-L3,241,194,1,1
L1L2-to-L3,241,195,1,1
L1L2-to-L3,241,196,1,1
L1L2-to-L3,241,198,1,1
L1L2-to-L3,241,199,1,1
L1L2-to-L3,241,202,1,1
L1L2-to-L3,241,207,1,1
L1L2-to-L3,241,208,1,1
L1L2-to-L3,241,210,1,1
L1L2-to-L3,241,211,1,1
L1L2-to-L3,241,213,1,1
L1L2-to-L3,241,214,1,1
L1L2-to-L3,241,216,1,1
L1L2-to-L3,241,217,1,1
L1L2-to-L3,241,219,1,1
L1L2-to-L3,241,220,1,1
L1L2-to-L3,241,221,1,1
L1L2-to-L3,241,223,1,1
L1L2-to-L3,241,225,1,1
L1L2-to-L3,241,227,1,1
L1L2-to-L3,241,229,1,1
L1L2-to-L3,241,231,1,1
L1L2-to-L3,241,233,1,1
L1L2-to-L3,241,235,1,1
L1L2-to-L3,241,237,1,1
L1L2-to-L3,241,239,1,1
L1L2-to-L3,241,242,1,1
L1L2-to-L3,241,244,1,1
L1L2-to-L3,241,248,1,1
L1L2-to-L3,241,249,1,1
L1L2-to-L3,241,250,1,1
L1L2-to-L3,241,251,1,1
L1L2-to-L3,242,2,1,1
L1L2-to-L3,242,4,1,1
L1L2-to-L3,242,6,1,1
L1L2-to-L3,242,8,1,1
L1L2-to-L3,242,11,1,1
L1L2-to-L3,242,14,1,1
L1L2-to-L3,242,18,1,1
L1L2-to-L3,242,22,1,1
L1L2-to-L3,242,30,1,1
L1L2-to-L3,242,31,1,1
L1L2-to-L3,242,32,1,1
L1L2-to-L3,242,34,1,1
L1L2-to-L3,242,35,1,1
L1L2-to-L3,242,36,1,1
L1L2-to-L3,242,40,1,1
L1L2-to-L3,242,41,1,1
L1L2-to-L3,242,49,1,1
L1L2-to-L3,242,52,1,1
L1L2-to-L3,242,53,1,1
L1L2-to-L3,242,54,1,1
L1L2-to-L3,242,55,1,1
L1L2-to-L3,242,58,1,1
L1L2-to-L3,242,59,1,1
L1L2-to-L3,242,60,1,1
L1L2-to-L3,242,61,1,1
L1L2-to-L3,242,63,1,1
L1L2-to-L3,242,65,1,1
L1L2-to-L3,242,66,1,1
L1L2-to-L3,242,67,1,1
L1L2-to-L3,242,69,1,1
L1L2-to-L3,242,71,1,1
L1L2-to-L3,242,73,1,1
L1L2-to-L3,242,74,1,1
L1L2-to-L3,242,77,1,1
L1L2-to-L3,242,80,1,1
L1L2-to-L3,242,81,1,1
L1L2-to-L3,242,85,1,1
L1L2-to-L3,242,86,1,1
L1L2-to-L3,242,88,1,1
L1L2-to-L3,242,91,1,1
L1L2-to-L3,242,92,1,1
L1L2-to-L3,242,96,1,1
L1L2-to-L3,242,101,1,1
L1L2-to-L3,242,103,1,1
L1L2-to-L3,242,106,1,1
L1L2-to-L3,242,107,1,1
L1L2-to-L3,242,110,1,1
L1L2-to-L3,242,111,1,1
L1L2-to-L3,242,114,1,1
L1L2-to-L3,242,115,1,1
L1L2-to-L3,242,119,1,1
L1L2-to-L3,242,127,1,1
L1L2-to-L3,242,128,1,1
L1L2-to-L3,242,129,1,1
L1L2-to-L3,242,132,1,1
L1L2-to-L3,242,133,1,1
L1L2-to-L3,242,141,1,1
L1L2-to-L3,242,142,1,1
L1L2-to-L3,242,143,1,1
L1L2-to-L3,242,147,1,1
L1L2-to-L3,242,149,1,1
L1L2-to-L3,242,153,1,1
L1L2-to-L3,242,154,1,1
L1L2-to-L3,242,155,1,1
L1L2-to-L3,242,156,1,1
L1L2-to-L3,242,159,1,1
L1L2-to-L3,242,161,1,1
L1L2-to-L3,242,166,1,1
L1L2-to-L3,242,167,1,1
L1L2-to-L3,242,168,1,1
L1L2-to-L3,242,169,1,1
L1L2-to-L3,242,171,1,1
L1L2-to-L3,242,173,1,1
L1L2-to-L3,242,175,1,1
L1L2-to-L3,242,178,1,1
L1L2-to-L3,242,179,1,1
L1L2-to-L3,242,180,1,1
L1L2-to-L3,242,181,1,1
L1L2-to-L3,242,190,1,1
L1L2-to-L3,242,194,1,1
L1L2-to-L3,242,198,1,1
L1L2-to-L3,242,199,1,1
L1L2-to-L3,242,200,1,1
L1L2-to-L3,242,201,1,1
L1L2-to-L3,242,202,1,1
L1L2-to-L3,242,203,1,1
L1L2-to-L3,242,206,1,1
L1L2-to-L3,242,209,1,1
L1L2-to-L3,242,211,1,1
L1L2-to-L3,242,212,1,1
L1L2-to-L3,242,213,1,1
L1L2-to-L3,242,217,1,1
L1L2-to-L3,242,218,1,1
L1L2-to-L3,242,220,1,1
L1L2-to-L3,242,221,1,1
L1L2-to-L3,242,225,1,1
L1L2-to-L3,242,227,1,1
L1L2-to-L3,242,228,1,1
L1L2-to-L3,242,229,1,1
L1L2-to-L3,242,230,1,1
L1L2-to-L3,242,233,1,1
L1L2-to-L3,242,234,1,1
L1L2-to-L3,242,235,1,1
L1L2-to-L3,242,237,1,1
L1L2-to-L3,242,239,1,1
L1L2-to-L3,242,241,1,1
L1L2-to-L3,242,242,1,1
L1L2-to-L3,242,245,1,1
L1L2-to-L3,242,246,1,1
L1L2-to-L3,242,247,1,1
L1L2-to-L3,242,249,1,1
L1L2-to-L3,242,251,1,1
L1L2-to-L3,242,252,1,1
L1L2-to-L3,242,254,1,1
L1L2-to-L3,243,2,1,1
L1L2-to-L3,243,5,1,1
L1L2-to-L3,243,8,1,1
L1L2-to-L3,243,10,1,1
L1L2-to-L3,243,12,1,1
L1L2-to-L3,243,15,1,1
L1L2-to-L3,243,17,1,1
L1L2-to-L3,243,22,1,1
L1L2-to-L3,243,26,1,1
L1L2-to-L3,243,40,1,1
L1L2-to-L3,243,47,1,1
L1L2-to-L3,243,48,1,1
L1L2-to-L3,243,50,1,1
L1L2-to-L3,243,53,1,1
L1L2-to-L3,243,54,1,1
L1L2-to-L3,243,56,1,1
L1L2-to-L3,243,60,1,1
L1L2-to-L3,243,62,1,1
L1L2-to-L3,243,66,1,1
L1L2-to-L3,243,67,1,1
L1L2-to-L3,243,69,1,1
L1L2-to-L3,243,76,1,1
L1L2-to-L3,243,77,1,1
L1L2-to-L3,243,78,1,1
L1L2-to-L3,243,81,1,1
L1L2-to-L3,243,82,1,1
L1L2-to-L3,243,87,1,1
L1L2-to-L3,243,88,1,1
L1L2-to-L3,243,89,1,1
L1L2-to-L3,243,92,1,1
L1L2-to-L3,243,94,1,1
L1L2-to-L3,243,96,1,1
L1L2-to-L3,243,99,1,1
L1L2-to-L3,243,100,1,1
L1L2-to-L3,243,105,1,1
L1L2-to-L3,243,111,1,1
L1L2-to-L3,243,112,1,1
L1L2-to-L3,243,115,1,1
L1L2-to-L3,243,118,1,1
L1L2-to-L3,243,124,1,1
L1L2-to-L3,243,129,1,1
L1L2-to-L3,243,130,1,1
L1L2-to-L3,243,143,1,1
L1L2-to-L3,243,144,1,1
L1L2-to-L3,243,148,1,1
L1L2-to-L3,243,154,1,1
L1L2-to-L3,243,157,1,1
L1L2-to-L3,243,166,1,1
L1L2-to-L3,243,167,1,1
L1L2-to-L3,243,169,1,1
L1L2-to-L3,243,170,1,1
L1L2-to-L3,243,173,1,1
L1L2-to-L3,243,175,1,1
L1L2-to-L3,243,176,1,1
L1L2-to-L3,243,184,1,1
L1L2-to-L3,243,194,1,1
L1L2-to-L3,243,195,1,1
L1L2-to-L3,243,197,1,1
L1L2-to-L3,243,199,1,1
L1L2-to-L3,243,202,1,1
L1L2-to-L3,243,205,1,1
L1L2-to-L3,243,206,1,1
L1L2-to-L3,243,211,1,1
L1L2-to-L3,243,213,1,1
L1L2-to-L3,243,223,1,1
L1L2-to-L3,243,224,1,1
L1L2-to-L3,243,226,1,1
L1L2-to-L3,243,228,1,1
L1L2-to-L3,243,231,1,1
L1L2-to-L3,243,233,1,1
L1L2-to-L3,243,234,1,1
L1L2-to-L3,243,239,1,1
L1L2-to-L3,243,241,1,1
L1L2-to-L3,243,242,1,1
L1L2-to-L3,243,243,1,1
L1L2-to-L3,243,246,1,1
L1L2-to-L3,243,250,1,1
L1L2-to-L3,243,251,1,1
L1L2-to-L3,243,252,1,1
L1L2-to-L3,244,1,1,1
L1L2-to-L3,244,7,1,1
L1L2-to-L3,244,8,1,1
L1L2-to-L3,244,11,1,1
L1L2-to-L3,244,14,1,1
L1L2-to-L3,244,15,1,1
L1L2-to-L3,244,16,1,1
L1L2-to-L3,244,17,1,1
L1L2-to-L3,244,18,1,1
L1L2-to-L3,244,25,1,1
L1L2-to-L3,244,26,1,1
L1L2-to-L3,244,28,1,1
L1L2-to-L3,244,30,1,1
L1L2-to-L3,244,31,1,1
L1L2-to-L3,244,33,1,1
L1L2-to-L3,244,34,1,1
L1L2-to-L3,244,36,1,1
L1L2-to-L3,244,41,1,1
L1L2-to-L3,244,42,1,1
L1L2-to-L3,244,43,1,1
L1L2-to-L3,244,46,1,1
L1L2-to-L3,244,48,1,1
L1L2-to-L3,244,49,1,1
L1L2-to-L3,244,51,1,1
L1L2-to-L3,244,54,1,1
L1L2-to-L3,244,62,1,1
L1L2-to-L3,244,67,1,1
L1L2-to-L3,244,68,1,1
L1L2-to-L3,244,72,1,1
L1L2-to-L3,244,75,1,1
L1L2-to-L3,244,76,1,1
L1L2-to-L3,244,77,1,1
L1L2-to-L3,244,78,1,1
L1L2-to-L3,244,79,1,1
L1L2-to-L3,244,80,1,1
L1L2-to-L3,244,82,1,1
L1L2-to-L3,244,84,1,1
L1L2-to-L3,244,86,1,1
L1L2-to-L3,244,88,1,1
L1L2-to-L3,244,91,1,1
L1L2-to-L3,244,93,1,1
L1L2-to-L3,244,95,1,1
L1L2-to-L3,244,96,1,1
L1L2-to-L3,244,108,1,1
L1L2-to-L3,244,109,1,1
L1L2-to-L3,244,113,1,1
L1L2-to-L3,244,123,1,1
L1L2-to-L3,244,124,1,1
L1L2-to-L3,244,127,1,1
L1L2-to-L3,244,128,1,1
L1L2-to-L3,244,129,1,1
L1L2-to-L3,244,130,1,1
L1L2-to-L3,244,133,1,1
L1L2-to-L3,244,139,1,1
L1L2-to-L3,244,140,1,1
L1L2-to-L3,244,141,1,1
L1L2-to-L3,244,143,1,1
L1L2-to-L3,244,144,1,1
L1L2-to-L3,244,146,1,1
L1L2-to-L3,244,147,1,1
L1L2-to-L3,244,148,1,1
L1L2-to-L3,244,150,1,1
L1L2-to-L3,244,154,1,1
L1L2-to-L3,244,155,1,1
L1L2-to-L3,244,158,1,1
L1L2-to-L3,244,164,1,1
L1L2-to-L3,244,165,1,1
L1L2-to-L3,244,170,1,1
L1L2-to-L3,244,175,1,1
L1L2-to-L3,244,177,1,1
L1L2-to-L3,244,178,1,1
L1L2-to-L3,244,182,1,1
L1L2-to-L3,244,188,1,1
L1L2-to-L3,244,190,1,1
L1L2-to-L3,244,191,1,1
L1L2-to-L3,244,192,1,1
L1L2-to-L3,244,198,1,1
L1L2-to-L3,244,199,1,1
L1L2-to-L3,244,203,1,1
L1L2-to-L3,244,206,1,1
L1L2-to-L3,244,207,1,1
L1L2-to-L3,244,208,1,1
L1L2-to-L3,244,210,1,1
L1L2-to-L3,244,213,1,1
L1L2-to-L3,244,218,1,1
L1L2-to-L3,244,220,1,1
L1L2-to-L3,244,226,1,1
L1L2-to-L3,244,227,1,1
L1L2-to-L3,244,228,1,1
L1L2-to-L3,244,229,1,1
L1L2-to-L3,244,234,1,1
L1L2-to-L3,244,238,1,1
L1L2-to-L3,244,239,1,1
L1L2-to-L3,244,241,1,1
L1L2-to-L3,244,242,1,1
L1L2-to-L3,244,244,1,1
L1L2-to-L3,244,249,1,1
L1L2-to-L3,245,0,1,1
L1L2-to-L3,245,2,1,1
L1L2-to-L3,245,6,1,1
L1L2-to-L3,245,7,1,1
L1L2-to-L3,245,8,1,1
L1L2-to-L3,245,14,1,1
L1L2-to-L3,245,22,1,1
L1L2-to-L3,245,24,1,1
L1L2-to-L3,245,25,1,1
L1L2-to-L3,245,26,1,1
L1L2-to-L3,245,33,1,1
L1L2-to-L3,245,39,1,1
L1L2-to-L3,245,40,1,1
L1L2-to-L3,245,43,1,1
L1L2-to-L3,245,45,1,1
L1L2-to-L3,245,50,1,1
L1L2-to-L3,245,57,1,1
L1L2-to-L3,245,58,1,1
L1L2-to-L3,245,61,1,1
L1L2-to-L3,245,62,1,1
L1L2-to-L3,245,63,1,1
L1L2-to-L3,245,68,1,1
L1L2-to-L3,245,69,1,1
L1L2-to-L3,245,71,1,1
L1L2-to-L3,245,72,1,1
L1L2-to-L3,245,73,1,1
L1L2-to-L3,245,79,1,1
L1L2-to-L3,245,81,1,1
L1L2-to-L3,245,82,1,1
L1L2-to-L3,245,83,1,1
L1L2-to-L3,245,85,1,1
L1L2-to-L3,245,89,1,1
L1L2-to-L3,245,90,1,1
L1L2-to-L3,245,91,1,1
L1L2-to-L3,245,93,1,1
L1L2-to-L3,245,94,1,1
L1L2-to-L3,245,95,1,1
L1L2-to-L3,245,98,1,1
L1L2-to-L3,245,99,1,1
L1L2-to-L3,245,100,1,1
L1L2-to-L3,245,106,1,1
L1L2-to-L3,245,108,1,1
L1L2-to-L3,245,110,1,1
L1L2-to-L3,245,113,1,1
L1L2-to-L3,245,116,1,1
L1L2-to-L3,245,119,1,1
L1L2-to-L3,245,124,1,1
L1L2-to-L3,245,128,1,1
L1L2-to-L3,245,129,1,1
L1L2-to-L3,245,134,1,1
L1L2-to-L3,245,137,1,1
L1L2-to-L3,245,144,1,1
L1L2-to-L3,245,145,1,1
L1L2-to-L3,245,146,1,1
L1L2-to-L3,245,147,1,1
L1L2-to-L3,245,148,1,1
L1L2-to-L3,245,152,1,1
L1L2-to-L3,245,155,1,1
L1L2-to-L3,245,157,1,1
L1L2-to-L3,245,163,1,1
L1L2-to-L3,245,165,1,1
L1L2-to-L3,245,169,1,1
L1L2-to-L3,245,171,1,1
L1L2-to-L3,245,175,1,1
L1L2-to-L3,245,176,1,1
L1L2-to-L3,245,182,1,1
L1L2-to-L3,245,183,1,1
L1L2-to-L3,245,185,1,1
L1L2-to-L3,245,190,1,1
L1L2-to-L3,245,191,1,1
L1L2-to-L3,245,199,1,1
L1L2-to-L3,245,200,1,1
L1L2-to-L3,245,201,1,1
L1L2-to-L3,245,202,1,1
L1L2-to-L3,245,204,1,1
L1L2-to-L3,245,208,1,1
L1L2-to-L3,245,211,1,1
L1L2-to-L3,245,212,1,1
L1L2-to-L3,245,214,1,1
L1L2-to-L3,245,215,1,1
L1L2-to-L3,245,217,1,1
L1L2-to-L3,245,218,1,1
L1L2-to-L3,245,219,1,1
L1L2-to-L3,245,220,1,1
L1L2-to-L3,245,221,1,1
L1L2-to-L3,245,224,1,1
L1L2-to-L3,245,227,1,1
L1L2-to-L3,245,238,1,1
L1L2-to-L3,245,239,1,1
L1L2-to-L3,245,241,1,1
L1L2-to-L3,245,242,1,1
L1L2-to-L3,245,244,1,1
L1L2-to-L3,245,246,1,1
L1L2-to-L3,245,251,1,1
L1L2-to-L3,245,252,1,1
L1L2-to-L3,245,255,1,1
L1L2-to-L3,246,2,1,1
L1L2-to-L3,246,4,1,1
L1L2-to-L3,246,5,1,1
L1L2-to-L3,246,6,1,1
L1L2-to-L3,246,14,1,1
L1L2-to-L3,246,17,1,1
L1L2-to-L3,246,19,1,1
L1L2-to-L3,246,21,1,1
L1L2-to-L3,246,22,1,1
L1L2-to-L3,246,23,1,1
L1L2-to-L3,246,25,1,1
L1L2-to-L3,246,27,1,1
L1L2-to-L3,246,30,1,1
L1L2-to-L3,246,38,1,1
L1L2-to-L3,246,39,1,1
L1L2-to-L3,246,41,1,1
L1L2-to-L3,246,42,1,1
L1L2-to-L3,246,45,1,1
L1L2-to-L3,246,51,1,1
L1L2-to-L3,246,53,1,1
L1L2-to-L3,246,54,1,1
L1L2-to-L3,246,55,1,1
L1L2-to-L3,246,59,1,1
L1L2-to-L3,246,62,1,1
L1L2-to-L3,246,63,1,1
L1L2-to-L3,246,64,1,1
L1L2-to-L3,246,68,1,1
L1L2-to-L3,246,71,1,1
L1L2-to-L3,246,72,1,1
L1L2-to-L3,246,73,1,1
L1L2-to-L3,246,74,1,1
L1L2-to-L3,246,75,1,1
L1L2-to-L3,246,76,1,1
L1L2-to-L3,246,77,1,1
L1L2-to-L3,246,82,1,1
L1L2-to-L3,246,86,1,1
L1L2-to-L3,246,92,1,1
L1L2-to-L3,246,94,1,1
L1L2-to-L3,246,96,1,1
L1L2-to-L3,246,97,1,1
L1L2-to-L3,246,98,1,1
L1L2-to-L3,246,99,1,1
L1L2-to-L3,246,101,1,1
L1L2-to-L3,246,105,1,1
L1L2-to-L3,246,106,1,1
L1L2-to-L3,246,107,1,1
L1L2-to-L3,246,110,1,1
L1L2-to-L3,246,111,1,1
L1L2-to-L3,246,112,1,1
L1L2-to-L3,246,115,1,1
L1L2-to-L3,246,118,1,1
L1L2-to-L3,246,125,1,1
L1L2-to-L3,246,126,1,1
L1L2-to-L3,246,132,1,1
L1L2-to-L3,246,133,1,1
L1L2-to-L3,246,134,1,1
L1L2-to-L3,246,135,1,1
L1L2-to-L3,246,138,1,1
L1L2-to-L3,246,140,1,1
L1L2-to-L3,246,143,1,1
L1L2-to-L3,246,144,1,1
L1L2-to-L3,246,149,1,1
L1L2-to-L3,246,152,1,1
L1L2-to-L3,246,153,1,1
L1L2-to-L3,246,157,1,1
L1L2-to-L3,246,161,1,1
L1L2-to-L3,246,163,1,1
L1L2-to-L3,246,165,1,1
L1L2-to-L3,246,168,1,1
L1L2-to-L3,246,169,1,1
L1L2-to-L3,246,173,1,1
L1L2-to-L3,246,179,1,1
L1L2-to-L3,246,180,1,1
L1L2-to-L3,246,181,1,1
L1L2-to-L3,246,184,1,1
L1L2-to-L3,246,185,1,1
L1L2-to-L3,246,188,1,1
L1L2-to-L3,246,190,1,1
L1L2-to-L3,246,191,1,1
L1L2-to-L3,246,197,1,1
L1L2-to-L3,246,199,1,1
L1L2-to-L3,246,200,1,1
L1L2-to-L3,246,202,1,1
L1L2-to-L3,246,209,1,1
L1L2-to-L3,246,211,1,1
L1L2-to-L3,246,212,1,1
L1L2-to-L3,246,215,1,1
L1L2-to-L3,246,216,1,1
L1L2-to-L3,246,218,1,1
L1L2-to-L3,246,222,1,1
L1L2-to-L3,246,224,1,1
L1L2-to-L3,246,226,1,1
L1L2-to-L3,246,229,1,1
L1L2-to-L3,246,230,1,1
L1L2-to-L3,246,232,1,1
L1L2-to-L3,246,234,1,1
L1L2-to-L3,246,235,1,1
L1L2-to-L3,246,238,1,1
L1L2-to-L3,246,251,1,1
L1L2-to-L3,246,252,1,1
L1L2-to-L3,246,254,1,1
L1L2-to-L3,247,4,1,1
L1L2-to-L3,247,5,1,1
L1L2-to-L3,247,7,1,1
L1L2-to-L3,247,8,1,1
L1L2-to-L3,247,11,1,1
L1L2-to-L3,247,16,1,1
L1L2-to-L3,247,21,1,1
L1L2-to-L3,247,22,1,1
L1L2-to-L3,247,23,1,1
L1L2-to-L3,247,24,1,1
L1L2-to-L3,247,29,1,1
L1L2-to-L3,247,30,1,1
L1L2-to-L3,247,33,1,1
L1L2-to-L3,247,34,1,1
L1L2-to-L3,247,35,1,1
L1L2-to-L3,247,40,1,1
L1L2-to-L3,247,41,1,1
L1L2-to-L3,247,42,1,1
L1L2-to-L3,247,45,1,1
L1L2-to-L3,247,46,1,1
L1L2-to-L3,247,49,1,1
L1L2-to-L3,247,53,1,1
L1L2-to-L3,247,54,1,1
L1L2-to-L3,247,55,1,1
L1L2-to-L3,247,57,1,1
L1L2-to-L3,247,58,1,1
L1L2-to-L3,247,59,1,1
L1L2-to-L3,247,60,1,1
L1L2-to-L3,247,62,1,1
L1L2-to-L3,247,63,1,1
L1L2-to-L3,247,65,1,1
L1L2-to-L3,247,67,1,1
L1L2-to-L3,247,69,1,1
L1L2-to-L3,247,72,1,1
L1L2-to-L3,247,80,1,1
L1L2-to-L3,247,81,1,1
L1L2-to-L3,247,88,1,1
L1L2-to-L3,247,90,1,1
L1L2-to-L3,247,92,1,1
L1L2-to-L3,247,93,1,1
L1L2-to-L3,247,96,1,1
L1L2-to-L3,247,97,1,1
L1L2-to-L3,247,98,1,1
L1L2-to-L3,247,104,1,1
L1L2-to-L3,247,108,1,1
L1L2-to-L3,247,113,1,1
L1L2-to-L3,247,114,1,1
L1L2-to-L3,247,116,1,1
L1L2-to-L3,247,120,1,1
L1L2-to-L3,247,121,1,1
L1L2-to-L3,247,122,1,1
L1L2-to-L3,247,125,1,1
L1L2-to-L3,247,126,1,1
L1L2-to-L3,247,127,1,1
L1L2-to-L3,247,132,1,1
L1L2-to-L3,247,135,1,1
L1L2-to-L3,247,136,1,1
L1L2-to-L3,247,139,1,1
L1L2-to-L3,247,141,1,1
L1L2-to-L3,247,143,1,1
L1L2-to-L3,247,144,1,1
L1L2-to-L3,247,145,1,1
L1L2-to-L3,247,146,1,1
L1L2-to-L3,247,147,1,1
L1L2-to-L3,247,153,1,1
L1L2-to-L3,247,160,1,1
L1L2-to-L3,247,162,1,1
L1L2-to-L3,247,163,1,1
L1L2-to-L3,247,164,1,1
L1L2-to-L3,247,165,1,1
L1L2-to-L3,247,169,1,1
L1L2-to-L3,247,170,1,1
L1L2-to-L3,247,176,1,1
L1L2-to-L3,247,180,1,1
L1L2-to-L3,247,183,1,1
L1L2-to-L3,247,188,1,1
L1L2-to-L3,247,190,1,1
L1L2-to-L3,247,193,1,1
L1L2-to-L3,247,196,1,1
L1L2-to-L3,247,198,1,1
L1L2-to-L3,247,201,1,1
L1L2-to-L3,247,202,1,1
L1L2-to-L3,247,205,1,1
L1L2-to-L3,247,206,1,1
L1L2-to-L3,247,207,1,1
L1L2-to-L3,247,209,1,1
L1L2-to-L3,247,210,1,1
L1L2-to-L3,247,211,1,1
L1L2-to-L3,247,212,1,1
L1L2-to-L3,247,214,1,1
L1L2-to-L3,247,215,1,1
L1L2-to-L3,247,218,1,1
L1L2-to-L3,247,219,1,1
L1L2-to-L3,247,220,1,1
L1L2-to-L3,247,224,1,1
L1L2-to-L3,247,226,1,1
L1L2-to-L3,247,231,1,1
L1L2-to-L3,247,232,1,1
L1L2-to-L3,247,235,1,1
L1L2-to-L3,247,236,1,1
L1L2-to-L3,247,238,1,1
L1L2-to-L3,247,240,1,1
L1L2-to-L3,247,241,1,1
L1L2-to-L3,247,242,1,1
L1L2-to-L3,247,243,1,1
L1L2-to-L3,247,245,1,1
L1L2-to-L3,247,246,1,1
L1L2-to-L3,247,248,1,1
L1L2-to-L3,248,1,1,1
L1L2-to-L3,248,2,1,1
L1L2-to-L3,248,4,1,1
L1L2-to-L3,248,8,1,1
L1L2-to-L3,248,12,1,1
L1L2-to-L3,248,22,1,1
L1L2-to-L3,248,23,1,1
L1L2-to-L3,248,25,1,1
L1L2-to-L3,248,31,1,1
L1L2-to-L3,248,35,1,1
L1L2-to-L3,248,39,1,1
L1L2-to-L3,248,40,1,1
L1L2-to-L3,248,49,1,1
L1L2-to-L3,248,50,1,1
L1L2-to-L3,248,55,1,1
L1L2-to-L3,248,56,1,1
L1L2-to-L3,248,57,1,1
L1L2-to-L3,248,62,1,1
L1L2-to-L3,248,66,1,1
L1L2-to-L3,248,67,1,1
L1L2-to-L3,248,71,1,1
L1L2-to-L3,248,73,1,1
L1L2-to-L3,248,76,1,1
L1L2-to-L3,248,77,1,1
L1L2-to-L3,248,83,1,1
L1L2-to-L3,248,86,1,1
L1L2-to-L3,248,90,1,1
L1L2-to-L3,248,94,1,1
L1L2-to-L3,248,96,1,1
L1L2-to-L3,248,97,1,1
L1L2-to-L3,248,98,1,1
L1L2-to-L3,248,103,1,1
L1L2-to-L3,248,104,1,1
L1L2-to-L3,248,107,1,1
L1L2-to-L3,248,108,1,1
L1L2-to-L3,248,109,1,1
L1L2-to-L3,248,111,1,1
L1L2-to-L3,248,112,1,1
L1L2-to-L3,248,113,1,1
L1L2-to-L3,248,118,1,1
L1L2-to-L3,248,119,1,1
L1L2-to-L3,248,121,1,1
L1L2-to-L3,248,123,1,1
L1L2-to-L3,248,124,1,1
L1L2-to-L3,248,126,1,1
L1L2-to-L3,248,127,1,1
L1L2-to-L3,248,132,1,1
L1L2-to-L3,248,133,1,1
L1L2-to-L3,248,139,1,1
L1L2-to-L3,248,143,1,1
L1L2-to-L3,248,146,1,1
L1L2-to-L3,248,154,1,1
L1L2-to-L3,248,156,1,1
L1L2-to-L3,248,157,1,1
L1L2-to-L3,248,161,1,1
L1L2-to-L3,248,164,1,1
L1L2-to-L3,248,174,1,1
L1L2-to-L3,248,175,1,1
L1L2-to-L3,248,176,1,1
L1L2-to-L3,248,178,1,1
L1L2-to-L3,248,179,1,1
L1L2-to-L3,248,182,1,1
L1L2-to-L3,248,183,1,1
L1L2-to-L3,248,185,1,1
L1L2-to-L3,248,191,1,1
L1L2-to-L3,248,192,1,1
L1L2-to-L3,248,193,1,1
L1L2-to-L3,248,197,1,1
L1L2-to-L3,248,198,1,1
L1L2-to-L3,248,202,1,1
L1L2-to-L3,248,203,1,1
L1L2-to-L3,248,210,1,1
L1L2-to-L3,248,212,1,1
L1L2-to-L3,248,213,1,1
L1L2-to-L3,248,216,1,1
L1L2-to-L3,248,217,1,1
L1L2-to-L3,248,218,1,1
L1L2-to-L3,248,225,1,1
L1L2-to-L3,248,234,1,1
L1L2-to-L3,248,235,1,1
L1L2-to-L3,248,237,1,1
L1L2-to-L3,248,242,1,1
L1L2-to-L3,248,245,1,1
L1L2-to-L3,248,247,1,1
L1L2-to-L3,248,251,1,1
L1L2-to-L3,249,0,1,1
L1L2-to-L3,249,1,1,1
L1L2-to-L3,249,2,1,1
L1L2-to-L3,249,4,1,1
L1L2-to-L3,249,11,1,1
L1L2-to-L3,249,16,1,1
L1L2-to-L3,249,17,1,1
L1L2-to-L3,249,26,1,1
L1L2-to-L3,249,29,1,1
L1L2-to-L3,249,33,1,1
L1L2-to-L3,249,34,1,1
L1L2-to-L3,249,41,1,1
L1L2-to-L3,249,48,1,1
L1L2-to-L3,249,58,1,1
L1L2-to-L3,249,62,1,1
L1L2-to-L3,249,64,1,1
L1L2-to-L3,249,65,1,1
L1L2-to-L3,249,66,1,1
L1L2-to-L3,249,67,1,1
L1L2-to-L3,249,70,1,1
L1L2-to-L3,249,75,1,1
L1L2-to-L3,249,76,1,1
L1L2-to-L3,249,77,1,1
L1L2-to-L3,249,78,1,1
L1L2-to-L3,249,81,1,1
L1L2-to-L3,249,82,1,1
L1L2-to-L3,249,86,1,1
L1L2-to-L3,249,88,1,1
L1L2-to-L3,249,89,1,1
L1L2-to-L3,249,92,1,1
L1L2-to-L3,249,96,1,1
L1L2-to-L3,249,98,1,1
L1L2-to-L3,249,100,1,1
L1L2-to-L3,249,102,1,1
L1L2-to-L3,249,109,1,1
L1L2-to-L3,249,114,1,1
L1L2-to-L3,249,117,1,1
L1L2-to-L3,249,118,1,1
L1L2-to-L3,249,119,1,1
L1L2-to-L3,249,123,1,1
L1L2-to-L3,249,126,1,1
L1L2-to-L3,249,127,1,1
L1L2-to-L3,249,130,1,1
L1L2-to-L3,249,132,1,1
L1L2-to-L3,249,134,1,1
L1L2-to-L3,249,139,1,1
L1L2-to-L3,249,140,1,1
L1L2-to-L3,249,141,1,1
L1L2-to-L3,249,142,1,1
L1L2-to-L3,249,143,1,1
L1L2-to-L3,249,148,1,1
L1L2-to-L3,249,151,1,1
L1L2-to-L3,249,156,1,1
L1L2-to-L3,249,161,1,1
L1L2-to-L3,249,168,1,1
L1L2-to-L3,249,170,1,1
L1L2-to-L3,249,172,1,1
L1L2-to-L3,249,173,1,1
L1L2-to-L3,249,175,1,1
L1L2-to-L3,249,176,1,1
L1L2-to-L3,249,177,1,1
L1L2-to-L3,249,182,1,1
L1L2-to-L3,249,186,1,1
L1L2-to-L3,249,187,1,1
L1L2-to-L3,249,190,1,1
L1L2-to-L3,249,196,1,1
L1L2-to-L3,249,197,1,1
L1L2-to-L3,249,211,1,1
L1L2-to-L3,249,212,1,1
L1L2-to-L3,249,215,1,1
L1L2-to-L3,249,217,1,1
L1L2-to-L3,249,218,1,1
L1L2-to-L3,249,221,1,1
L1L2-to-L3,249,224,1,1
L1L2-to-L3,249,225,1,1
L1L2-to-L3,249,226,1,1
L1L2-to-L3,249,227,1,1
L1L2-to-L3,249,231,1,1
L1L2-to-L3,249,232,1,1
L1L2-to-L3,249,236,1,1
L1L2-to-L3,249,237,1,1
L1L2-to-L3,249,239,1,1
L1L2-to-L3,249,241,1,1
L1L2-to-L3,249,242,1,1
L1L2-to-L3,249,244,1,1
L1L2-to-L3,249,251,1,1
L1L2-to-L3,249,254,1,1
L1L2-to-L3,250,4,1,1
L1L2-to-L3,250,10,1,1
L1L2-to-L3,250,11,1,1
L1L2-to-L3,250,18,1,1
L1L2-to-L3,250,24,1,1
L1L2-to-L3,250,43,1,1
L1L2-to-L3,250,47,1,1
L1L2-to-L3,250,52,1,1
L1L2-to-L3,250,63,1,1
L1L2-to-L3,250,66,1,1
L1L2-to-L3,250,71,1,1
L1L2-to-L3,250,77,1,1
L1L2-to-L3,250,85,1,1
L1L2-to-L3,250,87,1,1
L1L2-to-L3,250,95,1,1
L1L2-to-L3,250,109,1,1
L1L2-to-L3,250,113,1,1
L1L2-to-L3,250,120,1,1
L1L2-to-L3,250,122,1,1
L1L2-to-L3,250,128,1,1
L1L2-to-L3,250,129,1,1
L1L2-to-L3,250,134,1,1
L1L2-to-L3,250,138,1,1
L1L2-to-L3,250,140,1,1
L1L2-to-L3,250,149,1,1
L1L2-to-L3,250,159,1,1
L1L2-to-L3,250,166,1,1
L1L2-to-L3,250,172,1,1
L1L2-to-L3,250,177,1,1
L1L2-to-L3,250,179,1,1
L1L2-to-L3,250,180,1,1
L1L2-to-L3,250,183,1,1
L1L2-to-L3,250,185,1,1
L1L2-to-L3,250,187,1,1
L1L2-to-L3,250,188,1,1
L1L2-to-L3,250,191,1,1
L1L2-to-L3,250,193,1,1
L1L2-to-L3,250,195,1,1
L1L2-to-L3,250,196,1,1
L1L2-to-L3,250,200,1,1
L1L2-to-L3,250,203,1,1
L1L2-to-L3,250,204,1,1
L1L2-to-L3,250,211,1,1
L1L2-to-L3,250,212,1,1
L1L2-to-L3,250,213,1,1
L1L2-to-L3,250,214,1,1
L1L2-to-L3,250,215,1,1
L1L2-to-L3,250,222,1,1
L1L2-to-L3,250,226,1,1
L1L2-to-L3,250,228,1,1
L1L2-to-L3,250,231,1,1
L1L2-to-L3,250,232,1,1
L1L2-to-L3,250,234,1,1
L1L2-to-L3,250,236,1,1
L1L2-to-L3,250,239,1,1
L1L2-to-L3,250,240,1,1
L1L2-to-L3,250,241,1,1
L1L2-to-L3,250,245,1,1
L1L2-to-L3,250,251,1,1
L1L2-to-L3,250,252,1,1
L1L2-to-L3,251,1,1,1
L1L2-to-L3,251,3,1,1
L1L2-to-L3,251,4,1,1
L1L2-to-L3,251,11,1,1
L1L2-to-L3,251,16,1,1
L1L2-to-L3,251,20,1,1
L1L2-to-L3,251,21,1,1
L1L2-to-L3,251,23,1,1
L1L2-to-L3,251,24,1,1
L1L2-to-L3,251,25,1,1
L1L2-to-L3,251,26,1,1
L1L2-to-L3,251,30,1,1
L1L2-to-L3,251,32,1,1
L1L2-to-L3,251,33,1,1
L1L2-to-L3,251,35,1,1
L1L2-to-L3,251,37,1,1
L1L2-to-L3,251,38,1,1
L1L2-to-L3,251,45,1,1
L1L2-to-L3,251,47,1,1
L1L2-to-L3,251,49,1,1
L1L2-to-L3,251,50,1,1
L1L2-to-L3,251,54,1,1
L1L2-to-L3,251,56,1,1
L1L2-to-L3,251,59,1,1
L1L2-to-L3,251,63,1,1
L1L2-to-L3,251,64,1,1
L1L2-to-L3,251,68,1,1
L1L2-to-L3,251,75,1,1
L1L2-to-L3,251,79,1,1
L1L2-to-L3,251,83,1,1
L1L2-to-L3,251,84,1,1
L1L2-to-L3,251,86,1,1
L1L2-to-L3,251,87,1,1
L1L2-to-L3,251,89,1,1
L1L2-to-L3,251,90,1,1
L1L2-to-L3,251,92,1,1
L1L2-to-L3,251,93,1,1
L1L2-to-L3,251,94,1,1
L1L2-to-L3,251,96,1,1
L1L2-to-L3,251,98,1,1
L1L2-to-L3,251,101,1,1
L1L2-to-L3,251,106,1,1
L1L2-to-L3,251,107,1,1
L1L2-to-L3,251,109,1,1
L1L2-to-L3,251,112,1,1
L1L2-to-L3,251,113,1,1
L1L2-to-L3,251,116,1,1
L1L2-to-L3,251,118,1,1
L1L2-to-L3,251,122,1,1
L1L2-to-L3,251,123,1,1
L1L2-to-L3,251,124,1,1
L1L2-to-L3,251,126,1,1
L1L2-to-L3,251,128,1,1
L1L2-to-L3,251,129,1,1
L1L2-to-L3,251,133,1,1
L1L2-to-L3,251,135,1,1
L1L2-to-L3,251,137,1,1
L1L2-to-L3,251,139,1,1
L1L2-to-L3,251,145,1,1
L1L2-to-L3,251,146,1,1
L1L2-to-L3,251,147,1,1
L1L2-to-L3,251,153,1,1
L1L2-to-L3,251,155,1,1
L1L2-to-L3,251,157,1,1
L1L2-to-L3,251,159,1,1
L1L2-to-L3,251,160,1,1
L1L2-to-L3,251,163,1,1
L1L2-to-L3,251,164,1,1
L1L2-to-L3,251,166,1,1
L1L2-to-L3,251,168,1,1
L1L2-to-L3,251,170,1,1
L1L2-to-L3,251,171,1,1
L1L2-to-L3,251,172,1,1
L1L2-to-L3,251,178,1,1
L1L2-to-L3,251,179,1,1
L1L2-to-L3,251,181,1,1
L1L2-to-L3,251,184,1,1
L1L2-to-L3,251,186,1,1
L1L2-to-L3,251,188,1,1
L1L2-to-L3,251,189,1,1
L1L2-to-L3,251,194,1,1
L1L2-to-L3,251,195,1,1
L1L2-to-L3,251,196,1,1
L1L2-to-L3,251,198,1,1
L1L2-to-L3,251,200,1,1
L1L2-to-L3,251,201,1,1
L1L2-to-L3,251,202,1,1
L1L2-to-L3,251,207,1,1
L1L2-to-L3,251,209,1,1
L1L2-to-L3,251,216,1,1
L1L2-to-L3,251,217,1,1
L1L2-to-L3,251,219,1,1
L1L2-to-L3,251,222,1,1
L1L2-to-L3,251,224,1,1
L1L2-to-L3,251,226,1,1
L1L2-to-L3,251,229,1,1
L1L2-to-L3,251,230,1,1
L1L2-to-L3,251,232,1,1
L1L2-to-L3,251,233,1,1
L1L2-to-L3,251,237,1,1
L1L2-to-L3,251,238,1,1
L1L2-to-L3,251,239,1,1
L1L2-to-L3,251,244,1,1
L1L2-to-L3,251,245,1,1
L1L2-to-L3,251,247,1,1
L1L2-to-L3,251,250,1,1
L1L2-to-L3,251,252,1,1
L1L2-to-L3,251,254,1,1
L1L2-to-L3,251,255,1,1
L1L2-to-L3,252,1,1,1
L1L2-to-L3,252,2,1,1
L1L2-to-L3,252,3,1,1
L1L2-to-L3,252,9,1,1
L1L2-to-L3,252,13,1,1
L1L2-to-L3,252,20,1,1
L1L2-to-L3,252,24,1,1
L1L2-to-L3,252,29,1,1
L1L2-to-L3,252,32,1,1
L1L2-to-L3,252,35,1,1
L1L2-to-L3,252,38,1,1
L1L2-to-L3,252,39,1,1
L1L2-to-L3,252,40,1,1
L1L2-to-L3,252,44,1,1
L1L2-to-L3,252,45,1,1
L1L2-to-L3,252,47,1,1
L1L2-to-L3,252,50,1,1
L1L2-to-L3,252,51,1,1
L1L2-to-L3,252,52,1,1
L1L2-to-L3,252,53,1,1
L1L2-to-L3,252,54,1,1
L1L2-to-L3,252,58,1,1
L1L2-to-L3,252,62,1,1
L1L2-to-L3,252,63,1,1
L1L2-to-L3,252,65,1,1
L1L2-to-L3,252,67,1,1
L1L2-to-L3,252,70,1,1
L1L2-to-L3,252,73,1,1
L1L2-to-L3,252,74,1,1
L1L2-to-L3,252,79,1,1
L1L2-to-L3,252,83,1,1
L1L2-to-L3,252,86,1,1
L1L2-to-L3,252,91,1,1
L1L2-to-L3,252,92,1,1
L1L2-to-L3,252,94,1,1
L1L2-to-L3,252,95,1,1
L1L2-to-L3,252,97,1,1
L1L2-to-L3,252,100,1,1
L1L2-to-L3,252,102,1,1
L1L2-to-L3,252,104,1,1
L1L2-to-L3,252,110,1,1
L1L2-to-L3,252,111,1,1
L1L2-to-L3,252,112,1,1
L1L2-to-L3,252,114,1,1
L1L2-to-L3,252,115,1,1
L1L2-to-L3,252,116,1,1
L1L2-to-L3,252,117,1,1
L1L2-to-L3,252,118,1,1
L1L2-to-L3,252,119,1,1
L1L2-to-L3,252,121,1,1
L1L2-to-L3,252,123,1,1
L1L2-to-L3,252,128,1,1
L1L2-to-L3,252,131,1,1
L1L2-to-L3,252,132,1,1
L1L2-to-L3,252,135,1,1
L1L2-to-L3,252,136,1,1
L1L2-to-L3,252,137,1,1
L1L2-to-L3,252,138,1,1
L1L2-to-L3,252,140,1,1
L1L2-to-L3,252,143,1,1
L1L2-to-L3,252,149,1,1
L1L2-to-L3,252,152,1,1
L1L2-to-L3,252,156,1,1
L1L2-to-L3,252,159,1,1
L1L2-to-L3,252,160,1,1
L1L2-to-L3,252,165,1,1
L1L2-to-L3,252,168,1,1
L1L2-to-L3,252,172,1,1
L1L2-to-L3,252,173,1,1
L1L2-to-L3,252,174,1,1
L1L2-to-L3,252,177,1,1
L1L2-to-L3,252,181,1,1
L1L2-to-L3,252,185,1,1
L1L2-to-L3,252,187,1,1
L1L2-to-L3,252,190,1,1
L1L2-to-L3,252,192,1,1
L1L2-to-L3,252,193,1,1
L1L2-to-L3,252,194,1,1
L1L2-to-L3,252,195,1,1
L1L2-to-L3,252,196,1,1
L1L2-to-L3,252,197,1,1
L1L2-to-L3,252,200,1,1
L1L2-to-L3,252,202,1,1
L1L2-to-L3,252,205,1,1
L1L2-to-L3,252,206,1,1
L1L2-to-L3,252,208,1,1
L1L2-to-L3,252,210,1,1
L1L2-to-L3,252,214,1,1
L1L2-to-L3,252,215,1,1
L1L2-to-L3,252,218,1,1
L1L2-to-L3,252,219,1,1
L1L2-to-L3,252,222,1,1
L1L2-to-L3,252,223,1,1
L1L2-to-L3,252,226,1,1
L1L2-to-L3,252,229,1,1
L1L2-to-L3,252,230,1,1
L1L2-to-L3,252,231,1,1
L1L2-to-L3,252,232,1,1
L1L2-to-L3,252,233,1,1
L1L2-to-L3,252,236,1,1
L1L2-to-L3,252,238,1,1
L1L2-to-L3,252,239,1,1
L1L2-to-L3,252,241,1,1
L1L2-to-L3,252,242,1,1
L1L2-to-L3,252,246,1,1
L1L2-to-L3,252,251,1,1
L1L2-to-L3,252,252,1,1
L1L2-to-L3,252,253,1,1
L1L2-to-L3,252,255,1,1
L1L2-to-L3,253,1,1,1
L1L2-to-L3,253,2,1,1
L1L2-to-L3,253,4,1,1
L1L2-to-L3,253,7,1,1
L1L2-to-L3,253,11,1,1
L1L2-to-L3,253,14,1,1
L1L2-to-L3,253,19,1,1
L1L2-to-L3,253,27,1,1
L1L2-to-L3,253,31,1,1
L1L2-to-L3,253,32,1,1
L1L2-to-L3,253,33,1,1
L1L2-to-L3,253,34,1,1
L1L2-to-L3,253,39,1,1
L1L2-to-L3,253,41,1,1
L1L2-to-L3,253,44,1,1
L1L2-to-L3,253,48,1,1
L1L2-to-L3,253,52,1,1
L1L2-to-L3,253,53,1,1
L1L2-to-L3,253,59,1,1
L1L2-to-L3,253,64,1,1
L1L2-to-L3,253,71,1,1
L1L2-to-L3,253,73,1,1
L1L2-to-L3,253,74,1,1
L1L2-to-L3,253,77,1,1
L1L2-to-L3,253,80,1,1
L1L2-to-L3,253,81,1,1
L1L2-to-L3,253,84,1,1
L1L2-to-L3,253,85,1,1
L1L2-to-L3,253,89,1,1
L1L2-to-L3,253,92,1,1
L1L2-to-L3,253,94,1,1
L1L2-to-L3,253,98,1,1
L1L2-to-L3,253,100,1,1
L1L2-to-L3,253,101,1,1
L1L2-to-L3,253,105,1,1
L1L2-to-L3,253,106,1,1
L1L2-to-L3,253,110,1,1
L1L2-to-L3,253,112,1,1
L1L2-to-L3,253,115,1,1
L1L2-to-L3,253,117,1,1
L1L2-to-L3,253,120,1,1
L1L2-to-L3,253,124,1,1
L1L2-to-L3,253,132,1,1
L1L2-to-L3,253,137,1,1
L1L2-to-L3,253,139,1,1
L1L2-to-L3,253,140,1,1
L1L2-to-L3,253,141,1,1
L1L2-to-L3,253,142,1,1
L1L2-to-L3,253,148,1,1
L1L2-to-L3,253,150,1,1
L1L2-to-L3,253,152,1,1
L1L2-to-L3,253,154,1,1
L1L2-to-L3,253,157,1,1
L1L2-to-L3,253,158,1,1
L1L2-to-L3,253,163,1,1
L1L2-to-L3,253,165,1,1
L1L2-to-L3,253,166,1,1
L1L2-to-L3,253,170,1,1
L1L2-to-L3,253,173,1,1
L1L2-to-L3,253,175,1,1
L1L2-to-L3,253,177,1,1
L1L2-to-L3,253,179,1,1
L1L2-to-L3,253,180,1,1
L1L2-to-L3,253,182,1,1
L1L2-to-L3,253,183,1,1
L1L2-to-L3,253,191,1,1
L1L2-to-L3,253,194,1,1
L1L2-to-L3,253,195,1,1
L1L2-to-L3,253,197,1,1
L1L2-to-L3,253,200,1,1
L1L2-to-L3,253,202,1,1
L1L2-to-L3,253,203,1,1
L1L2-to-L3,253,211,1,1
L1L2-to-L3,253,212,1,1
L1L2-to-L3,253,213,1,1
L1L2-to-L3,253,214,1,1
L1L2-to-L3,253,217,1,1
L1L2-to-L3,253,219,1,1
L1L2-to-L3,253,220,1,1
L1L2-to-L3,253,222,1,1
L1L2-to-L3,253,223,1,1
L1L2-to-L3,253,224,1,1
L1L2-to-L3,253,226,1,1
L1L2-to-L3,253,227,1,1
L1L2-to-L3,253,229,1,1
L1L2-to-L3,253,233,1,1
L1L2-to-L3,253,235,1,1
L1L2-to-L3,253,237,1,1
L1L2-to-L3,253,241,1,1
L1L2-to-L3,253,246,1,1
L1L2-to-L3,253,251,1,1
L1L2-to-L3,253,252,1,1
L1L2-to-L3,253,253,1,1
L1L2-to-L3,253,254,1,1
L1L2-to-L3,253,255,1,1
L1L2-to-L3,254,5,1,1
L1L2-to-L3,254,6,1,1
L1L2-to-L3,254,8,1,1
L1L2-to-L3,254,9,1,1
L1L2-to-L3,254,11,1,1
L1L2-to-L3,254,15,1,1
L1L2-to-L3,254,16,1,1
L1L2-to-L3,254,21,1,1
L1L2-to-L3,254,22,1,1
L1L2-to-L3,254,25,1,1
L1L2-to-L3,254,28,1,1
L1L2-to-L3,254,32,1,1
L1L2-to-L3,254,42,1,1
L1L2-to-L3,254,45,1,1
L1L2-to-L3,254,48,1,1
L1L2-to-L3,254,55,1,1
L1L2-to-L3,254,71,1,1
L1L2-to-L3,254,79,1,1
L1L2-to-L3,254,84,1,1
L1L2-to-L3,254,85,1,1
L1L2-to-L3,254,94,1,1
L1L2-to-L3,254,105,1,1
L1L2-to-L3,254,113,1,1
L1L2-to-L3,254,119,1,1
L1L2-to-L3,254,121,1,1
L1L2-to-L3,254,129,1,1
L1L2-to-L3,254,130,1,1
L1L2-to-L3,254,131,1,1
L1L2-to-L3,254,137,1,1
L1L2-to-L3,254,138,1,1
L1L2-to-L3,254,141,1,1
L1L2-to-L3,254,143,1,1
L1L2-to-L3,254,147,1,1
L1L2-to-L3,254,151,1,1
L1L2-to-L3,254,152,1,1
L1L2-to-L3,254,158,1,1
L1L2-to-L3,254,160,1,1
L1L2-to-L3,254,166,1,1
L1L2-to-L3,254,170,1,1
L1L2-to-L3,254,171,1,1
L1L2-to-L3,254,173,1,1
L1L2-to-L3,254,176,1,1
L1L2-to-L3,254,177,1,1
L1L2-to-L3,254,182,1,1
L1L2-to-L3,254,186,1,1
L1L2-to-L3,254,187,1,1
L1L2-to-L3,254,192,1,1
L1L2-to-L3,254,195,1,1
L1L2-to-L3,254,196,1,1
L1L2-to-L3,254,201,1,1
L1L2-to-L3,254,208,1,1
L1L2-to-L3,254,210,1,1
L1L2-to-L3,254,211,1,1
L1L2-to-L3,254,212,1,1
L1L2-to-L3,254,213,1,1
L1L2-to-L3,254,214,1,1
L1L2-to-L3,254,218,1,1
L1L2-to-L3,254,224,1,1
L1L2-to-L3,254,225,1,1
L1L2-to-L3,254,229,1,1
L1L2-to-L3,254,233,1,1
L1L2-to-L3,254,235,1,1
L1L2-to-L3,254,241,1,1
L1L2-to-L3,254,245,1,1
L1L2-to-L3,254,248,1,1
L1L2-to-L3,254,250,1,1
L1L2-to-L3,254,251,1,1
L1L2-to-L3,255,3,1,1
L1L2-to-L3,255,5,1,1
L1L2-to-L3,255,6,1,1
L1L2-to-L3,255,10,1,1
L1L2-to-L3,255,15,1,1
L1L2-to-L3,255,16,1,1
L1L2-to-L3,255,19,1,1
L1L2-to-L3,255,20,1,1
L1L2-to-L3,255,26,1,1
L1L2-to-L3,255,27,1,1
L1L2-to-L3,255,30,1,1
L1L2-to-L3,255,34,1,1
L1L2-to-L3,255,36,1,1
L1L2-to-L3,255,37,1,1
L1L2-to-L3,255,41,1,1
L1L2-to-L3,255,43,1,1
L1L2-to-L3,255,44,1,1
L1L2-to-L3,255,46,1,1
L1L2-to-L3,255,53,1,1
L1L2-to-L3,255,58,1,1
L1L2-to-L3,255,60,1,1
L1L2-to-L3,255,61,1,1
L1L2-to-L3,255,66,1,1
L1L2-to-L3,255,68,1,1
L1L2-to-L3,255,70,1,1
L1L2-to-L3,255,72,1,1
L1L2-to-L3,255,74,1,1
L1L2-to-L3,255,86,1,1
L1L2-to-L3,255,91,1,1
L1L2-to-L3,255,95,1,1
L1L2-to-L3,255,100,1,1
L1L2-to-L3,255,103,1,1
L1L2-to-L3,255,110,1,1
L1L2-to-L3,255,116,1,1
L1L2-to-L3,255,117,1,1
L1L2-to-L3,255,118,1,1
L1L2-to-L3,255,120,1,1
L1L2-to-L3,255,121,1,1
L1L2-to-L3,255,123,1,1
L1L2-to-L3,255,127,1,1
L1L2-to-L3,255,129,1,1
L1L2-to-L3,255,131,1,1
L1L2-to-L3,255,133,1,1
L1L2-to-L3,255,137,1,1
L1L2-to-L3,255,140,1,1
L1L2-to-L3,255,141,1,1
L1L2-to-L3,255,142,1,1
L1L2-to-L3,255,143,1,1
L1L2-to-L3,255,144,1,1
L1L2-to-L3,255,149,1,1
L1L2-to-L3,255,152,1,1
L1L2-to-L3,255,153,1,1
L1L2-to-L3,255,157,1,1
L1L2-to-L3,255,158,1,1
L1L2-to-L3,255,159,1,1
L1L2-to-L3,255,161,1,1
L1L2-to-L3,255,163,1,1
L1L2-to-L3,255,165,1,1
L1L2-to-L3,255,169,1,1
L1L2-to-L3,255,172,1,1
L1L2-to-L3,255,173,1,1
L1L2-to-L3,255,174,1,1
L1L2-to-L3,255,175,1,1
L1L2-to-L3,255,177,1,1
L1L2-to-L3,255,180,1,1
L1L2-to-L3,255,181,1,1
L1L2-to-L3,255,182,1,1
L1L2-to-L3,255,185,1,1
L1L2-to-L3,255,188,1,1
L1L2-to-L3,255,189,1,1
L1L2-to-L3,255,190,1,1
L1L2-to-L3,255,191,1,1
L1L2-to-L3,255,193,1,1
L1L2-to-L3,255,194,1,1
L1L2-to-L3,255,195,1,1
L1L2-to-L3,255,200,1,1
L1L2-to-L3,255,202,1,1
L1L2-to-L3,255,203,1,1
L1L2-to-L3,255,204,1,1
L1L2-to-L3,255,208,1,1
L1L2-to-L3,255,209,1,1
L1L2-to-L3,255,210,1,1
L1L2-to-L3,255,212,1,1
L1L2-to-L3,255,215,1,1
L1L2-to-L3,255,216,1,1
L1L2-to-L3,255,217,1,1
L1L2-to-L3,255,219,1,1
L1L2-to-L3,255,220,1,1
L1L2-to-L3,255,221,1,1
L1L2-to-L3,255,223,1,1
L1L2-to-L3,255,224,1,1
L1L2-to-L3,255,225,1,1
L1L2-to-L3,255,228,1,1
L1L2-to-L3,255,232,1,1
L1L2-to-L3,255,233,1,1
L1L2-to-L3,255,236,1,1
L1L2-to-L3,255,237,1,1
L1L2-to-L3,255,242,1,1
L1L2-to-L3,255,244,1,1
L1L2-to-L3,255,250,1,1
L1L2-to-L3,255,251,1,1
