depth,code_l1,code_l2,code_l3,cluster_items
L1,0,,,96
L1,1,,,101
L1,2,,,102
L1,3,,,103
L1,4,,,113
L1,5,,,66
L1,6,,,108
L1,7,,,100
L1,8,,,86
L1,9,,,96
L1,10,,,87
L1,11,,,99
L1,12,,,95
L1,13,,,111
L1,14,,,94
L1,15,,,96
L1,16,,,110
L1,17,,,107
L1,18,,,87
L1,19,,,97
L1,20,,,122
L1,21,,,95
L1,22,,,76
L1,23,,,87
L1,24,,,97
L1,25,,,119
L1,26,,,83
L1,27,,,105
L1,28,,,101
L1,29,,,85
L1,30,,,114
L1,31,,,102
L1,32,,,116
L1,33,,,93
L1,34,,,80
L1,35,,,111
L1,36,,,98
L1,37,,,102
L1,38,,,100
L1,39,,,105
L1,40,,,105
L1,41,,,83
L1,42,,,57
L1,43,,,85
L1,44,,,127
L1,45,,,115
L1,46,,,108
L1,47,,,84
L1,48,,,108
L1,49,,,82
L1,50,,,87
L1,51,,,65
L1,52,,,107
L1,53,,,110
L1,54,,,81
L1,55,,,99
L1,56,,,73
L1,57,,,86
L1,58,,,91
L1,59,,,101
L1,60,,,87
L1,61,,,114
L1,62,,,82
L1,63,,,81
L1,64,,,94
L1,65,,,110
L1,66,,,81
L1,67,,,92
L1,68,,,97
L1,69,,,91
L1,70,,,101
L1,71,,,108
L1,72,,,108
L1,73,,,107
L1,74,,,103
L1,75,,,111
L1,76,,,66
L1,77,,,96
L1,78,,,116
L1,79,,,91
L1,80,,,123
L1,81,,,60
L1,82,,,77
L1,83,,,111
L1,84,,,87
L1,85,,,108
L1,86,,,66
L1,87,,,111
L1,88,,,80
L1,89,,,80
L1,90,,,101
L1,91,,,85
L1,92,,,80
L1,93,,,105
L1,94,,,116
L1,95,,,80
L1,96,,,102
L1,97,,,84
L1,98,,,106
L1,99,,,76
L1,100,,,107
L1,101,,,110
L1,102,,,93
L1,103,,,120
L1,104,,,104
L1,105,,,83
L1,106,,,92
L1,107,,,83
L1,108,,,100
L1,109,,,107
L1,110,,,80
L1,111,,,95
L1,112,,,105
L1,113,,,123
L1,114,,,94
L1,115,,,117
L1,116,,,106
L1,117,,,82
L1,118,,,102
L1,119,,,74
L1,120,,,85
L1,121,,,81
L1,122,,,88
L1,123,,,99
L1,124,,,120
L1,125,,,97
L1,126,,,107
L1,127,,,96
L1,128,,,106
L1,129,,,96
L1,130,,,99
L1,131,,,110
L1,132,,,129
L1,133,,,96
L1,134,,,83
L1,135,,,63
L1,136,,,58
L1,137,,,76
L1,138,,,115
L1,139,,,76
L1,140,,,106
L1,141,,,86
L1,142,,,104
L1,143,,,88
L1,144,,,63
L1,145,,,99
L1,146,,,102
L1,147,,,91
L1,148,,,107
L1,149,,,115
L1,150,,,106
L1,151,,,85
L1,152,,,74
L1,153,,,63
L1,154,,,89
L1,155,,,91
L1,156,,,109
L1,157,,,92
L1,158,,,88
L1,159,,,75
L1,160,,,107
L1,161,,,102
L1,162,,,88
L1,163,,,118
L1,164,,,85
L1,165,,,104
L1,166,,,101
L1,167,,,85
L1,168,,,96
L1,169,,,69
L1,170,,,112
L1,171,,,85
L1,172,,,86
L1,173,,,101
L1,174,,,116
L1,175,,,113
L1,176,,,81
L1,177,,,99
L1,178,,,106
L1,179,,,97
L1,180,,,122
L1,181,,,101
L1,182,,,105
L1,183,,,78
L1,184,,,96
L1,185,,,95
L1,186,,,92
L1,187,,,93
L1,188,,,102
L1,189,,,107
L1,190,,,105
L1,191,,,89
L1,192,,,100
L1,193,,,90
L1,194,,,72
L1,195,,,67
L1,196,,,90
L1,197,,,63
L1,198,,,111
L1,199,,,99
L1,200,,,101
L1,201,,,125
L1,202,,,112
L1,203,,,87
L1,204,,,78
L1,205,,,102
L1,206,,,98
L1,207,,,119
L1,208,,,110
L1,209,,,112
L1,210,,,101
L1,211,,,87
L1,212,,,106
L1,213,,,113
L1,214,,,88
L1,215,,,78
L1,216,,,86
L1,217,,,109
L1,218,,,82
L1,219,,,94
L1,220,,,107
L1,221,,,92
L1,222,,,94
L1,223,,,95
L1,224,,,97
L1,225,,,100
L1,226,,,108
L1,227,,,100
L1,228,,,96
L1,229,,,117
L1,230,,,110
L1,231,,,103
L1,232,,,83
L1,233,,,113
L1,234,,,107
L1,235,,,76
L1,236,,,100
L1,237,,,109
L1,238,,,108
L1,239,,,97
L1,240,,,81
L1,241,,,107
L1,242,,,114
L1,243,,,79
L1,244,,,97
L1,245,,,96
L1,246,,,101
L1,247,,,108
L1,248,,,85
L1,249,,,87
L1,250,,,60
L1,251,,,109
L1,252,,,109
L1,253,,,95
L1,254,,,67
L1,255,,,101
L1-L2,0,0,,1
L1-L2,0,4,,1
L1-L2,0,5,,1
L1-L2,0,8,,1
L1-L2,0,10,,1
L1-L2,0,13,,1
L1-L2,0,15,,1
L1-L2,0,17,,1
L1-L2,0,20,,1
L1-L2,0,21,,1
L1-L2,0,22,,1
L1-L2,0,23,,1
L1-L2,0,25,,1
L1-L2,0,29,,1
L1-L2,0,30,,1
L1-L2,0,32,,1
L1-L2,0,35,,1
L1-L2,0,39,,1
L1-L2,0,40,,1
L1-L2,0,44,,1
L1-L2,0,47,,1
L1-L2,0,49,,1
L1-L2,0,50,,1
L1-L2,0,54,,1
L1-L2,0,56,,1
L1-L2,0,58,,1
L1-L2,0,61,,1
L1-L2,0,62,,1
L1-L2,0,66,,1
L1-L2,0,80,,1
L1-L2,0,81,,1
L1-L2,0,84,,1
L1-L2,0,85,,1
L1-L2,0,86,,1
L1-L2,0,88,,1
L1-L2,0,97,,1
L1-L2,0,100,,1
L1-L2,0,101,,1
L1-L2,0,105,,1
L1-L2,0,106,,1
L1-L2,0,108,,1
L1-L2,0,118,,1
L1-L2,0,119,,1
L1-L2,0,129,,1
L1-L2,0,130,,1
L1-L2,0,132,,1
L1-L2,0,137,,1
L1-L2,0,140,,1
L1-L2,0,142,,1
L1-L2,0,145,,1
L1-L2,0,147,,1
L1-L2,0,148,,1
L1-L2,0,149,,1
L1-L2,0,150,,1
L1-L2,0,155,,1
L1-L2,0,158,,1
L1-L2,0,159,,1
L1-L2,0,162,,1
L1-L2,0,163,,1
L1-L2,0,165,,1
L1-L2,0,166,,1
L1-L2,0,167,,1
L1-L2,0,168,,1
L1-L2,0,170,,1
L1-L2,0,171,,1
L1-L2,0,173,,1
L1-L2,0,174,,1
L1-L2,0,180,,1
L1-L2,0,182,,1
L1-L2,0,183,,1
L1-L2,0,187,,1
L1-L2,0,190,,1
L1-L2,0,194,,1
L1-L2,0,196,,1
L1-L2,0,197,,1
L1-L2,0,199,,1
L1-L2,0,205,,1
L1-L2,0,206,,1
L1-L2,0,210,,1
L1-L2,0,213,,1
L1-L2,0,215,,1
L1-L2,0,220,,1
L1-L2,0,221,,1
L1-L2,0,223,,1
L1-L2,0,227,,1
L1-L2,0,229,,1
L1-L2,0,230,,1
L1-L2,0,231,,1
L1-L2,0,235,,1
L1-L2,0,238,,1
L1-L2,0,242,,1
L1-L2,0,243,,1
L1-L2,0,245,,1
L1-L2,0,247,,1
L1-L2,0,250,,1
L1-L2,0,252,,1
L1-L2,1,2,,1
L1-L2,1,6,,1
L1-L2,1,13,,1
L1-L2,1,15,,1
L1-L2,1,16,,1
L1-L2,1,18,,1
L1-L2,1,23,,1
L1-L2,1,24,,1
L1-L2,1,26,,1
L1-L2,1,28,,1
L1-L2,1,29,,1
L1-L2,1,32,,1
L1-L2,1,36,,1
L1-L2,1,46,,1
L1-L2,1,50,,1
L1-L2,1,54,,1
L1-L2,1,58,,1
L1-L2,1,62,,1
L1-L2,1,63,,1
L1-L2,1,64,,1
L1-L2,1,68,,1
L1-L2,1,71,,1
L1-L2,1,73,,1
L1-L2,1,74,,1
L1-L2,1,77,,1
L1-L2,1,81,,1
L1-L2,1,86,,1
L1-L2,1,88,,1
L1-L2,1,89,,1
L1-L2,1,90,,1
L1-L2,1,91,,1
L1-L2,1,94,,1
L1-L2,1,95,,1
L1-L2,1,98,,1
L1-L2,1,101,,1
L1-L2,1,102,,1
L1-L2,1,106,,1
L1-L2,1,118,,1
L1-L2,1,121,,1
L1-L2,1,122,,1
L1-L2,1,124,,1
L1-L2,1,129,,1
L1-L2,1,130,,1
L1-L2,1,134,,1
L1-L2,1,136,,1
L1-L2,1,138,,1
L1-L2,1,139,,1
L1-L2,1,141,,1
L1-L2,1,143,,1
L1-L2,1,148,,1
L1-L2,1,149,,1
L1-L2,1,156,,1
L1-L2,1,157,,1
L1-L2,1,161,,1
L1-L2,1,162,,1
L1-L2,1,163,,1
L1-L2,1,168,,1
L1-L2,1,169,,1
L1-L2,1,170,,1
L1-L2,1,171,,1
L1-L2,1,172,,1
L1-L2,1,173,,1
L1-L2,1,175,,1
L1-L2,1,176,,1
L1-L2,1,178,,1
L1-L2,1,180,,1
L1-L2,1,187,,1
L1-L2,1,189,,1
L1-L2,1,190,,1
L1-L2,1,192,,1
L1-L2,1,196,,1
L1-L2,1,198,,1
L1-L2,1,199,,1
L1-L2,1,201,,1
L1-L2,1,204,,1
L1-L2,1,205,,1
L1-L2,1,206,,1
L1-L2,1,209,,1
L1-L2,1,213,,1
L1-L2,1,214,,1
L1-L2,1,215,,1
L1-L2,1,217,,1
L1-L2,1,221,,1
L1-L2,1,222,,1
L1-L2,1,224,,1
L1-L2,1,225,,1
L1-L2,1,226,,1
L1-L2,1,229,,1
L1-L2,1,230,,1
L1-L2,1,231,,1
L1-L2,1,235,,1
L1-L2,1,236,,1
L1-L2,1,237,,1
L1-L2,1,239,,1
L1-L2,1,240,,1
L1-L2,1,241,,1
L1-L2,1,242,,1
L1-L2,1,244,,1
L1-L2,1,248,,1
L1-L2,1,251,,1
L1-L2,1,254,,1
L1-L2,2,2,,1
L1-L2,2,5,,1
L1-L2,2,6,,1
L1-L2,2,8,,1
L1-L2,2,13,,1
L1-L2,2,14,,1
L1-L2,2,15,,1
L1-L2,2,17,,1
L1-L2,2,18,,1
L1-L2,2,26,,1
L1-L2,2,28,,1
L1-L2,2,29,,1
L1-L2,2,30,,1
L1-L2,2,33,,1
L1-L2,2,39,,1
L1-L2,2,40,,1
L1-L2,2,41,,1
L1-L2,2,42,,1
L1-L2,2,43,,1
L1-L2,2,49,,1
L1-L2,2,51,,1
L1-L2,2,53,,1
L1-L2,2,54,,1
L1-L2,2,56,,1
L1-L2,2,57,,1
L1-L2,2,59,,1
L1-L2,2,60,,1
L1-L2,2,65,,1
L1-L2,2,66,,1
L1-L2,2,69,,1
L1-L2,2,70,,1
L1-L2,2,74,,1
L1-L2,2,75,,1
L1-L2,2,78,,1
L1-L2,2,82,,1
L1-L2,2,85,,1
L1-L2,2,87,,1
L1-L2,2,88,,1
L1-L2,2,90,,1
L1-L2,2,95,,1
L1-L2,2,99,,1
L1-L2,2,101,,1
L1-L2,2,104,,1
L1-L2,2,105,,1
L1-L2,2,108,,1
L1-L2,2,111,,1
L1-L2,2,116,,1
L1-L2,2,117,,1
L1-L2,2,118,,1
L1-L2,2,121,,1
L1-L2,2,123,,1
L1-L2,2,128,,1
L1-L2,2,129,,1
L1-L2,2,135,,1
L1-L2,2,138,,1
L1-L2,2,139,,1
L1-L2,2,140,,1
L1-L2,2,145,,1
L1-L2,2,149,,1
L1-L2,2,154,,1
L1-L2,2,155,,1
L1-L2,2,157,,1
L1-L2,2,158,,1
L1-L2,2,160,,1
L1-L2,2,161,,1
L1-L2,2,165,,1
L1-L2,2,168,,1
L1-L2,2,170,,1
L1-L2,2,173,,1
L1-L2,2,179,,1
L1-L2,2,181,,1
L1-L2,2,182,,1
L1-L2,2,183,,1
L1-L2,2,189,,1
L1-L2,2,190,,1
L1-L2,2,195,,1
L1-L2,2,197,,1
L1-L2,2,199,,1
L1-L2,2,201,,1
L1-L2,2,204,,1
L1-L2,2,206,,1
L1-L2,2,210,,1
L1-L2,2,212,,1
L1-L2,2,214,,1
L1-L2,2,215,,1
L1-L2,2,218,,1
L1-L2,2,222,,1
L1-L2,2,224,,1
L1-L2,2,226,,1
L1-L2,2,228,,1
L1-L2,2,229,,1
L1-L2,2,232,,1
L1-L2,2,233,,1
L1-L2,2,235,,1
L1-L2,2,236,,1
L1-L2,2,241,,1
L1-L2,2,242,,1
L1-L2,2,243,,1
L1-L2,2,244,,1
L1-L2,2,249,,1
L1-L2,2,250,,1
L1-L2,2,253,,1
L1-L2,3,0,,1
L1-L2,3,8,,1
L1-L2,3,9,,1
L1-L2,3,17,,1
L1-L2,3,22,,1
L1-L2,3,23,,1
L1-L2,3,29,,1
L1-L2,3,32,,1
L1-L2,3,33,,1
L1-L2,3,34,,1
L1-L2,3,35,,1
L1-L2,3,41,,1
L1-L2,3,43,,1
L1-L2,3,44,,1
L1-L2,3,49,,1
L1-L2,3,52,,1
L1-L2,3,55,,1
L1-L2,3,56,,1
L1-L2,3,58,,1
L1-L2,3,65,,1
L1-L2,3,68,,1
L1-L2,3,72,,1
L1-L2,3,73,,1
L1-L2,3,77,,1
L1-L2,3,78,,1
L1-L2,3,80,,1
L1-L2,3,81,,1
L1-L2,3,82,,1
L1-L2,3,83,,1
L1-L2,3,88,,1
L1-L2,3,89,,1
L1-L2,3,92,,1
L1-L2,3,94,,1
L1-L2,3,96,,1
L1-L2,3,99,,1
L1-L2,3,100,,1
L1-L2,3,102,,1
L1-L2,3,103,,1
L1-L2,3,105,,1
L1-L2,3,110,,1
L1-L2,3,111,,1
L1-L2,3,112,,1
L1-L2,3,120,,1
L1-L2,3,122,,1
L1-L2,3,123,,1
L1-L2,3,126,,1
L1-L2,3,127,,1
L1-L2,3,129,,1
L1-L2,3,136,,1
L1-L2,3,137,,1
L1-L2,3,138,,1
L1-L2,3,147,,1
L1-L2,3,151,,1
L1-L2,3,152,,1
L1-L2,3,159,,1
L1-L2,3,161,,1
L1-L2,3,162,,1
L1-L2,3,163,,1
L1-L2,3,165,,1
L1-L2,3,166,,1
L1-L2,3,167,,1
L1-L2,3,170,,1
L1-L2,3,171,,1
L1-L2,3,172,,1
L1-L2,3,174,,1
L1-L2,3,175,,1
L1-L2,3,176,,1
L1-L2,3,179,,1
L1-L2,3,181,,1
L1-L2,3,182,,1
L1-L2,3,183,,1
L1-L2,3,186,,1
L1-L2,3,189,,1
L1-L2,3,190,,1
L1-L2,3,192,,1
L1-L2,3,193,,1
L1-L2,3,196,,1
L1-L2,3,198,,1
L1-L2,3,199,,1
L1-L2,3,201,,1
L1-L2,3,208,,1
L1-L2,3,210,,1
L1-L2,3,214,,1
L1-L2,3,217,,1
L1-L2,3,219,,1
L1-L2,3,220,,1
L1-L2,3,221,,1
L1-L2,3,223,,1
L1-L2,3,224,,1
L1-L2,3,225,,1
L1-L2,3,227,,1
L1-L2,3,230,,1
L1-L2,3,231,,1
L1-L2,3,233,,1
L1-L2,3,235,,1
L1-L2,3,241,,1
L1-L2,3,242,,1
L1-L2,3,243,,1
L1-L2,3,244,,1
L1-L2,3,249,,1
L1-L2,3,252,,1
L1-L2,3,254,,1
L1-L2,3,255,,1
L1-L2,4,1,,1
L1-L2,4,3,,1
L1-L2,4,4,,1
L1-L2,4,9,,1
L1-L2,4,10,,1
L1-L2,4,11,,1
L1-L2,4,13,,1
L1-L2,4,15,,1
L1-L2,4,19,,1
L1-L2,4,21,,1
L1-L2,4,23,,1
L1-L2,4,27,,1
L1-L2,4,34,,1
L1-L2,4,41,,1
L1-L2,4,42,,1
L1-L2,4,43,,1
L1-L2,4,44,,1
L1-L2,4,45,,1
L1-L2,4,46,,1
L1-L2,4,48,,1
L1-L2,4,49,,1
L1-L2,4,50,,1
L1-L2,4,53,,1
L1-L2,4,55,,1
L1-L2,4,61,,1
L1-L2,4,63,,1
L1-L2,4,64,,1
L1-L2,4,65,,1
L1-L2,4,66,,1
L1-L2,4,67,,1
L1-L2,4,69,,1
L1-L2,4,72,,1
L1-L2,4,73,,1
L1-L2,4,78,,1
L1-L2,4,82,,1
L1-L2,4,84,,1
L1-L2,4,86,,1
L1-L2,4,87,,1
L1-L2,4,88,,1
L1-L2,4,89,,1
L1-L2,4,91,,1
L1-L2,4,92,,1
L1-L2,4,100,,1
L1-L2,4,101,,1
L1-L2,4,103,,1
L1-L2,4,104,,1
L1-L2,4,105,,1
L1-L2,4,107,,1
L1-L2,4,108,,1
L1-L2,4,114,,1
L1-L2,4,116,,1
L1-L2,4,117,,1
L1-L2,4,119,,1
L1-L2,4,124,,1
L1-L2,4,126,,1
L1-L2,4,127,,1
L1-L2,4,135,,1
L1-L2,4,136,,1
L1-L2,4,137,,1
L1-L2,4,138,,1
L1-L2,4,139,,1
L1-L2,4,140,,1
L1-L2,4,142,,1
L1-L2,4,143,,1
L1-L2,4,147,,1
L1-L2,4,149,,1
L1-L2,4,150,,1
L1-L2,4,151,,1
L1-L2,4,153,,1
L1-L2,4,154,,1
L1-L2,4,155,,1
L1-L2,4,156,,1
L1-L2,4,164,,1
L1-L2,4,165,,1
L1-L2,4,166,,1
L1-L2,4,167,,1
L1-L2,4,173,,1
L1-L2,4,178,,1
L1-L2,4,179,,1
L1-L2,4,185,,1
L1-L2,4,186,,1
L1-L2,4,190,,1
L1-L2,4,192,,1
L1-L2,4,195,,1
L1-L2,4,196,,1
L1-L2,4,197,,1
L1-L2,4,199,,1
L1-L2,4,200,,1
L1-L2,4,201,,1
L1-L2,4,202,,1
L1-L2,4,205,,1
L1-L2,4,206,,1
L1-L2,4,208,,1
L1-L2,4,211,,1
L1-L2,4,218,,1
L1-L2,4,220,,1
L1-L2,4,222,,1
L1-L2,4,223,,1
L1-L2,4,224,,1
L1-L2,4,226,,1
L1-L2,4,227,,1
L1-L2,4,230,,1
L1-L2,4,232,,1
L1-L2,4,233,,1
L1-L2,4,236,,1
L1-L2,4,241,,1
L1-L2,4,242,,1
L1-L2,4,244,,1
L1-L2,4,245,,1
L1-L2,4,247,,1
L1-L2,4,250,,1
L1-L2,4,253,,1
L1-L2,4,255,,1
L1-L2,5,5,,1
L1-L2,5,12,,1
L1-L2,5,15,,1
L1-L2,5,16,,1
L1-L2,5,17,,1
L1-L2,5,27,,1
L1-L2,5,31,,1
L1-L2,5,32,,1
L1-L2,5,38,,1
L1-L2,5,39,,1
L1-L2,5,40,,1
L1-L2,5,41,,1
L1-L2,5,44,,1
L1-L2,5,54,,1
L1-L2,5,59,,1
L1-L2,5,67,,1
L1-L2,5,68,,1
L1-L2,5,73,,1
L1-L2,5,75,,1
L1-L2,5,93,,1
L1-L2,5,94,,1
L1-L2,5,98,,1
L1-L2,5,103,,1
L1-L2,5,105,,1
L1-L2,5,118,,1
L1-L2,5,120,,1
L1-L2,5,123,,1
L1-L2,5,128,,1
L1-L2,5,129,,1
L1-L2,5,132,,1
L1-L2,5,134,,1
L1-L2,5,136,,1
L1-L2,5,137,,1
L1-L2,5,140,,1
L1-L2,5,155,,1
L1-L2,5,157,,1
L1-L2,5,161,,1
L1-L2,5,163,,1
L1-L2,5,165,,1
L1-L2,5,166,,1
L1-L2,5,168,,1
L1-L2,5,170,,1
L1-L2,5,173,,1
L1-L2,5,176,,1
L1-L2,5,177,,1
L1-L2,5,182,,1
L1-L2,5,186,,1
L1-L2,5,191,,1
L1-L2,5,195,,1
L1-L2,5,199,,1
L1-L2,5,200,,1
L1-L2,5,202,,1
L1-L2,5,204,,1
L1-L2,5,205,,1
L1-L2,5,224,,1
L1-L2,5,225,,1
L1-L2,5,226,,1
L1-L2,5,229,,1
L1-L2,5,233,,1
L1-L2,5,238,,1
L1-L2,5,242,,1
L1-L2,5,244,,1
L1-L2,5,250,,1
L1-L2,5,252,,1
L1-L2,5,254,,1
L1-L2,5,255,,1
L1-L2,6,0,,1
L1-L2,6,6,,1
L1-L2,6,9,,1
L1-L2,6,11,,1
L1-L2,6,14,,1
L1-L2,6,15,,1
L1-L2,6,21,,1
L1-L2,6,27,,1
L1-L2,6,33,,1
L1-L2,6,34,,1
L1-L2,6,35,,1
L1-L2,6,36,,1
L1-L2,6,37,,1
L1-L2,6,40,,1
L1-L2,6,41,,1
L1-L2,6,50,,1
L1-L2,6,51,,1
L1-L2,6,52,,1
L1-L2,6,53,,1
L1-L2,6,57,,1
L1-L2,6,59,,1
L1-L2,6,61,,1
L1-L2,6,69,,1
L1-L2,6,70,,1
L1-L2,6,72,,1
L1-L2,6,73,,1
L1-L2,6,76,,1
L1-L2,6,78,,1
L1-L2,6,83,,1
L1-L2,6,84,,1
L1-L2,6,85,,1
L1-L2,6,88,,1
L1-L2,6,93,,1
L1-L2,6,94,,1
L1-L2,6,95,,1
L1-L2,6,104,,1
L1-L2,6,105,,1
L1-L2,6,106,,1
L1-L2,6,108,,1
L1-L2,6,111,,1
L1-L2,6,113,,1
L1-L2,6,116,,1
L1-L2,6,117,,1
L1-L2,6,119,,1
L1-L2,6,120,,1
L1-L2,6,121,,1
L1-L2,6,123,,1
L1-L2,6,124,,1
L1-L2,6,125,,1
L1-L2,6,128,,1
L1-L2,6,129,,1
L1-L2,6,131,,1
L1-L2,6,133,,1
L1-L2,6,134,,1
L1-L2,6,135,,1
L1-L2,6,136,,1
L1-L2,6,137,,1
L1-L2,6,138,,1
L1-L2,6,139,,1
L1-L2,6,142,,1
L1-L2,6,143,,1
L1-L2,6,145,,1
L1-L2,6,147,,1
L1-L2,6,152,,1
L1-L2,6,153,,1
L1-L2,6,156,,1
L1-L2,6,157,,1
L1-L2,6,158,,1
L1-L2,6,159,,1
L1-L2,6,161,,1
L1-L2,6,163,,1
L1-L2,6,164,,1
L1-L2,6,167,,1
L1-L2,6,175,,1
L1-L2,6,177,,1
L1-L2,6,180,,1
L1-L2,6,182,,1
L1-L2,6,187,,1
L1-L2,6,189,,1
L1-L2,6,194,,1
L1-L2,6,195,,1
L1-L2,6,196,,1
L1-L2,6,198,,1
L1-L2,6,200,,1
L1-L2,6,202,,1
L1-L2,6,203,,1
L1-L2,6,205,,1
L1-L2,6,206,,1
L1-L2,6,209,,1
L1-L2,6,212,,1
L1-L2,6,213,,1
L1-L2,6,215,,1
L1-L2,6,216,,1
L1-L2,6,221,,1
L1-L2,6,224,,1
L1-L2,6,226,,1
L1-L2,6,229,,1
L1-L2,6,233,,1
L1-L2,6,237,,1
L1-L2,6,241,,1
L1-L2,6,242,,1
L1-L2,6,244,,1
L1-L2,6,245,,1
L1-L2,6,246,,1
L1-L2,6,248,,1
L1-L2,6,250,,1
L1-L2,6,251,,1
L1-L2,6,253,,1
L1-L2,7,6,,1
L1-L2,7,11,,1
L1-L2,7,12,,1
L1-L2,7,14,,1
L1-L2,7,15,,1
L1-L2,7,21,,1
L1-L2,7,22,,1
L1-L2,7,23,,1
L1-L2,7,30,,1
L1-L2,7,37,,1
L1-L2,7,39,,1
L1-L2,7,41,,1
L1-L2,7,42,,1
L1-L2,7,43,,1
L1-L2,7,44,,1
L1-L2,7,48,,1
L1-L2,7,51,,1
L1-L2,7,52,,1
L1-L2,7,53,,1
L1-L2,7,57,,1
L1-L2,7,59,,1
L1-L2,7,60,,1
L1-L2,7,61,,1
L1-L2,7,62,,1
L1-L2,7,63,,1
L1-L2,7,65,,1
L1-L2,7,66,,1
L1-L2,7,73,,1
L1-L2,7,74,,1
L1-L2,7,77,,1
L1-L2,7,78,,1
L1-L2,7,79,,1
L1-L2,7,81,,1
L1-L2,7,82,,1
L1-L2,7,87,,1
L1-L2,7,88,,1
L1-L2,7,93,,1
L1-L2,7,97,,1
L1-L2,7,98,,1
L1-L2,7,102,,1
L1-L2,7,104,,1
L1-L2,7,105,,1
L1-L2,7,107,,1
L1-L2,7,109,,1
L1-L2,7,116,,1
L1-L2,7,117,,1
L1-L2,7,119,,1
L1-L2,7,120,,1
L1-L2,7,125,,1
L1-L2,7,129,,1
L1-L2,7,130,,1
L1-L2,7,134,,1
L1-L2,7,138,,1
L1-L2,7,139,,1
L1-L2,7,141,,1
L1-L2,7,146,,1
L1-L2,7,149,,1
L1-L2,7,152,,1
L1-L2,7,153,,1
L1-L2,7,154,,1
L1-L2,7,155,,1
L1-L2,7,156,,1
L1-L2,7,159,,1
L1-L2,7,163,,1
L1-L2,7,164,,1
L1-L2,7,166,,1
L1-L2,7,167,,1
L1-L2,7,170,,1
L1-L2,7,175,,1
L1-L2,7,176,,1
L1-L2,7,182,,1
L1-L2,7,186,,1
L1-L2,7,189,,1
L1-L2,7,190,,1
L1-L2,7,191,,1
L1-L2,7,197,,1
L1-L2,7,198,,1
L1-L2,7,199,,1
L1-L2,7,200,,1
L1-L2,7,203,,1
L1-L2,7,204,,1
L1-L2,7,211,,1
L1-L2,7,213,,1
L1-L2,7,214,,1
L1-L2,7,215,,1
L1-L2,7,217,,1
L1-L2,7,218,,1
L1-L2,7,219,,1
L1-L2,7,222,,1
L1-L2,7,224,,1
L1-L2,7,226,,1
L1-L2,7,228,,1
L1-L2,7,230,,1
L1-L2,7,232,,1
L1-L2,7,234,,1
L1-L2,7,242,,1
L1-L2,7,244,,1
L1-L2,7,245,,1
L1-L2,7,253,,1
L1-L2,7,254,,1
L1-L2,8,4,,1
L1-L2,8,8,,1
L1-L2,8,15,,1
L1-L2,8,21,,1
L1-L2,8,23,,1
L1-L2,8,28,,1
L1-L2,8,30,,1
L1-L2,8,32,,1
L1-L2,8,33,,1
L1-L2,8,35,,1
L1-L2,8,39,,1
L1-L2,8,44,,1
L1-L2,8,46,,1
L1-L2,8,55,,1
L1-L2,8,59,,1
L1-L2,8,60,,1
L1-L2,8,65,,1
L1-L2,8,66,,1
L1-L2,8,69,,1
L1-L2,8,74,,1
L1-L2,8,75,,1
L1-L2,8,77,,1
L1-L2,8,82,,1
L1-L2,8,86,,1
L1-L2,8,87,,1
L1-L2,8,92,,1
L1-L2,8,94,,1
L1-L2,8,108,,1
L1-L2,8,109,,1
L1-L2,8,110,,1
L1-L2,8,112,,1
L1-L2,8,113,,1
L1-L2,8,115,,1
L1-L2,8,116,,1
L1-L2,8,121,,1
L1-L2,8,122,,1
L1-L2,8,123,,1
L1-L2,8,131,,1
L1-L2,8,134,,1
L1-L2,8,136,,1
L1-L2,8,137,,1
L1-L2,8,140,,1
L1-L2,8,145,,1
L1-L2,8,146,,1
L1-L2,8,150,,1
L1-L2,8,151,,1
L1-L2,8,155,,1
L1-L2,8,157,,1
L1-L2,8,158,,1
L1-L2,8,161,,1
L1-L2,8,164,,1
L1-L2,8,166,,1
L1-L2,8,174,,1
L1-L2,8,176,,1
L1-L2,8,180,,1
L1-L2,8,183,,1
L1-L2,8,189,,1
L1-L2,8,191,,1
L1-L2,8,192,,1
L1-L2,8,197,,1
L1-L2,8,203,,1
L1-L2,8,205,,1
L1-L2,8,206,,1
L1-L2,8,207,,1
L1-L2,8,211,,1
L1-L2,8,213,,1
L1-L2,8,216,,1
L1-L2,8,220,,1
L1-L2,8,221,,1
L1-L2,8,224,,1
L1-L2,8,229,,1
L1-L2,8,230,,1
L1-L2,8,233,,1
L1-L2,8,236,,1
L1-L2,8,237,,1
L1-L2,8,238,,1
L1-L2,8,240,,1
L1-L2,8,241,,1
L1-L2,8,243,,1
L1-L2,8,247,,1
L1-L2,8,248,,1
L1-L2,8,249,,1
L1-L2,8,250,,1
L1-L2,8,251,,1
L1-L2,8,253,,1
L1-L2,8,255,,1
L1-L2,9,0,,1
L1-L2,9,1,,1
L1-L2,9,2,,1
L1-L2,9,5,,1
L1-L2,9,6,,1
L1-L2,9,8,,1
L1-L2,9,11,,1
L1-L2,9,14,,1
L1-L2,9,15,,1
L1-L2,9,17,,1
L1-L2,9,18,,1
L1-L2,9,22,,1
L1-L2,9,23,,1
L1-L2,9,26,,1
L1-L2,9,28,,1
L1-L2,9,29,,1
L1-L2,9,31,,1
L1-L2,9,32,,1
L1-L2,9,36,,1
L1-L2,9,39,,1
L1-L2,9,40,,1
L1-L2,9,41,,1
L1-L2,9,42,,1
L1-L2,9,47,,1
L1-L2,9,48,,1
L1-L2,9,52,,1
L1-L2,9,53,,1
L1-L2,9,54,,1
L1-L2,9,55,,1
L1-L2,9,57,,1
L1-L2,9,62,,1
L1-L2,9,64,,1
L1-L2,9,81,,1
L1-L2,9,83,,1
L1-L2,9,86,,1
L1-L2,9,91,,1
L1-L2,9,94,,1
L1-L2,9,96,,1
L1-L2,9,104,,1
L1-L2,9,105,,1
L1-L2,9,106,,1
L1-L2,9,113,,1
L1-L2,9,114,,1
L1-L2,9,116,,1
L1-L2,9,119,,1
L1-L2,9,120,,1
L1-L2,9,122,,1
L1-L2,9,123,,1
L1-L2,9,124,,1
L1-L2,9,131,,1
L1-L2,9,136,,1
L1-L2,9,145,,1
L1-L2,9,151,,1
L1-L2,9,152,,1
L1-L2,9,158,,1
L1-L2,9,161,,1
L1-L2,9,165,,1
L1-L2,9,166,,1
L1-L2,9,167,,1
L1-L2,9,174,,1
L1-L2,9,175,,1
L1-L2,9,177,,1
L1-L2,9,179,,1
L1-L2,9,180,,1
L1-L2,9,183,,1
L1-L2,9,185,,1
L1-L2,9,186,,1
L1-L2,9,188,,1
L1-L2,9,192,,1
L1-L2,9,193,,1
L1-L2,9,194,,1
L1-L2,9,198,,1
L1-L2,9,202,,1
L1-L2,9,203,,1
L1-L2,9,206,,1
L1-L2,9,209,,1
L1-L2,9,210,,1
L1-L2,9,213,,1
L1-L2,9,215,,1
L1-L2,9,219,,1
L1-L2,9,220,,1
L1-L2,9,222,,1
L1-L2,9,223,,1
L1-L2,9,225,,1
L1-L2,9,227,,1
L1-L2,9,228,,1
L1-L2,9,231,,1
L1-L2,9,232,,1
L1-L2,9,233,,1
L1-L2,9,236,,1
L1-L2,9,238,,1
L1-L2,9,247,,1
L1-L2,9,250,,1
L1-L2,9,252,,1
L1-L2,9,254,,1
L1-L2,9,255,,1
L1-L2,10,0,,1
L1-L2,10,5,,1
L1-L2,10,21,,1
L1-L2,10,22,,1
L1-L2,10,25,,1
L1-L2,10,33,,1
L1-L2,10,34,,1
L1-L2,10,35,,1
L1-L2,10,39,,1
L1-L2,10,41,,1
L1-L2,10,42,,1
L1-L2,10,47,,1
L1-L2,10,49,,1
L1-L2,10,51,,1
L1-L2,10,55,,1
L1-L2,10,56,,1
L1-L2,10,58,,1
L1-L2,10,60,,1
L1-L2,10,62,,1
L1-L2,10,63,,1
L1-L2,10,64,,1
L1-L2,10,65,,1
L1-L2,10,68,,1
L1-L2,10,70,,1
L1-L2,10,74,,1
L1-L2,10,76,,1
L1-L2,10,77,,1
L1-L2,10,79,,1
L1-L2,10,87,,1
L1-L2,10,94,,1
L1-L2,10,95,,1
L1-L2,10,103,,1
L1-L2,10,104,,1
L1-L2,10,105,,1
L1-L2,10,106,,1
L1-L2,10,124,,1
L1-L2,10,126,,1
L1-L2,10,134,,1
L1-L2,10,135,,1
L1-L2,10,137,,1
L1-L2,10,138,,1
L1-L2,10,145,,1
L1-L2,10,148,,1
L1-L2,10,150,,1
L1-L2,10,151,,1
L1-L2,10,155,,1
L1-L2,10,160,,1
L1-L2,10,163,,1
L1-L2,10,169,,1
L1-L2,10,170,,1
L1-L2,10,171,,1
L1-L2,10,172,,1
L1-L2,10,173,,1
L1-L2,10,175,,1
L1-L2,10,177,,1
L1-L2,10,184,,1
L1-L2,10,186,,1
L1-L2,10,189,,1
L1-L2,10,190,,1
L1-L2,10,192,,1
L1-L2,10,195,,1
L1-L2,10,201,,1
L1-L2,10,202,,1
L1-L2,10,204,,1
L1-L2,10,205,,1
L1-L2,10,207,,1
L1-L2,10,208,,1
L1-L2,10,210,,1
L1-L2,10,214,,1
L1-L2,10,216,,1
L1-L2,10,219,,1
L1-L2,10,220,,1
L1-L2,10,223,,1
L1-L2,10,224,,1
L1-L2,10,226,,1
L1-L2,10,229,,1
L1-L2,10,230,,1
L1-L2,10,233,,1
L1-L2,10,238,,1
L1-L2,10,241,,1
L1-L2,10,243,,1
L1-L2,10,244,,1
L1-L2,10,245,,1
L1-L2,10,246,,1
L1-L2,10,251,,1
L1-L2,10,252,,1
L1-L2,10,253,,1
L1-L2,11,2,,1
L1-L2,11,4,,1
L1-L2,11,6,,1
L1-L2,11,7,,1
L1-L2,11,10,,1
L1-L2,11,11,,1
L1-L2,11,25,,1
L1-L2,11,26,,1
L1-L2,11,27,,1
L1-L2,11,29,,1
L1-L2,11,37,,1
L1-L2,11,40,,1
L1-L2,11,43,,1
L1-L2,11,52,,1
L1-L2,11,53,,1
L1-L2,11,64,,1
L1-L2,11,65,,1
L1-L2,11,66,,1
L1-L2,11,68,,1
L1-L2,11,69,,1
L1-L2,11,70,,1
L1-L2,11,73,,1
L1-L2,11,75,,1
L1-L2,11,76,,1
L1-L2,11,77,,1
L1-L2,11,79,,1
L1-L2,11,81,,1
L1-L2,11,82,,1
L1-L2,11,85,,1
L1-L2,11,91,,1
L1-L2,11,92,,1
L1-L2,11,93,,1
L1-L2,11,95,,1
L1-L2,11,102,,1
L1-L2,11,104,,1
L1-L2,11,113,,1
L1-L2,11,115,,1
L1-L2,11,120,,1
L1-L2,11,124,,1
L1-L2,11,128,,1
L1-L2,11,130,,1
L1-L2,11,137,,1
L1-L2,11,140,,1
L1-L2,11,141,,1
L1-L2,11,144,,1
L1-L2,11,145,,1
L1-L2,11,147,,1
L1-L2,11,156,,1
L1-L2,11,157,,1
L1-L2,11,159,,1
L1-L2,11,161,,1
L1-L2,11,162,,1
L1-L2,11,168,,1
L1-L2,11,175,,1
L1-L2,11,176,,1
L1-L2,11,181,,1
L1-L2,11,182,,1
L1-L2,11,184,,1
L1-L2,11,185,,1
L1-L2,11,186,,1
L1-L2,11,188,,1
L1-L2,11,191,,1
L1-L2,11,193,,1
L1-L2,11,195,,1
L1-L2,11,197,,1
L1-L2,11,198,,1
L1-L2,11,199,,1
L1-L2,11,200,,1
L1-L2,11,202,,1
L1-L2,11,203,,1
L1-L2,11,207,,1
L1-L2,11,209,,1
L1-L2,11,211,,1
L1-L2,11,213,,1
L1-L2,11,218,,1
L1-L2,11,219,,1
L1-L2,11,221,,1
L1-L2,11,222,,1
L1-L2,11,226,,1
L1-L2,11,227,,1
L1-L2,11,228,,1
L1-L2,11,230,,1
L1-L2,11,231,,1
L1-L2,11,232,,1
L1-L2,11,233,,1
L1-L2,11,236,,1
L1-L2,11,237,,1
L1-L2,11,238,,1
L1-L2,11,240,,1
L1-L2,11,241,,1
L1-L2,11,242,,1
L1-L2,11,243,,1
L1-L2,11,244,,1
L1-L2,11,245,,1
L1-L2,11,247,,1
L1-L2,11,249,,1
L1-L2,11,250,,1
L1-L2,11,251,,1
L1-L2,11,252,,1
L1-L2,12,4,,1
L1-L2,12,6,,1
L1-L2,12,7,,1
L1-L2,12,8,,1
L1-L2,12,15,,1
L1-L2,12,17,,1
L1-L2,12,20,,1
L1-L2,12,21,,1
L1-L2,12,22,,1
L1-L2,12,23,,1
L1-L2,12,24,,1
L1-L2,12,26,,1
L1-L2,12,28,,1
L1-L2,12,30,,1
L1-L2,12,33,,1
L1-L2,12,38,,1
L1-L2,12,39,,1
L1-L2,12,40,,1
L1-L2,12,47,,1
L1-L2,12,48,,1
L1-L2,12,52,,1
L1-L2,12,60,,1
L1-L2,12,65,,1
L1-L2,12,67,,1
L1-L2,12,68,,1
L1-L2,12,74,,1
L1-L2,12,79,,1
L1-L2,12,81,,1
L1-L2,12,85,,1
L1-L2,12,96,,1
L1-L2,12,97,,1
L1-L2,12,102,,1
L1-L2,12,104,,1
L1-L2,12,108,,1
L1-L2,12,111,,1
L1-L2,12,113,,1
L1-L2,12,114,,1
L1-L2,12,117,,1
L1-L2,12,123,,1
L1-L2,12,127,,1
L1-L2,12,129,,1
L1-L2,12,130,,1
L1-L2,12,132,,1
L1-L2,12,133,,1
L1-L2,12,135,,1
L1-L2,12,136,,1
L1-L2,12,137,,1
L1-L2,12,138,,1
L1-L2,12,139,,1
L1-L2,12,144,,1
L1-L2,12,145,,1
L1-L2,12,149,,1
L1-L2,12,150,,1
L1-L2,12,152,,1
L1-L2,12,153,,1
L1-L2,12,155,,1
L1-L2,12,158,,1
L1-L2,12,159,,1
L1-L2,12,160,,1
L1-L2,12,167,,1
L1-L2,12,170,,1
L1-L2,12,171,,1
L1-L2,12,174,,1
L1-L2,12,175,,1
L1-L2,12,176,,1
L1-L2,12,179,,1
L1-L2,12,186,,1
L1-L2,12,187,,1
L1-L2,12,189,,1
L1-L2,12,191,,1
L1-L2,12,193,,1
L1-L2,12,196,,1
L1-L2,12,199,,1
L1-L2,12,200,,1
L1-L2,12,201,,1
L1-L2,12,202,,1
L1-L2,12,206,,1
L1-L2,12,207,,1
L1-L2,12,208,,1
L1-L2,12,209,,1
L1-L2,12,211,,1
L1-L2,12,216,,1
L1-L2,12,218,,1
L1-L2,12,222,,1
L1-L2,12,224,,1
L1-L2,12,225,,1
L1-L2,12,229,,1
L1-L2,12,230,,1
L1-L2,12,234,,1
L1-L2,12,237,,1
L1-L2,12,238,,1
L1-L2,12,242,,1
L1-L2,12,250,,1
L1-L2,12,252,,1
L1-L2,12,255,,1
L1-L2,13,4,,1
L1-L2,13,5,,1
L1-L2,13,7,,1
L1-L2,13,8,,1
L1-L2,13,10,,1
L1-L2,13,11,,1
L1-L2,13,12,,1
L1-L2,13,16,,1
L1-L2,13,21,,1
L1-L2,13,22,,1
L1-L2,13,25,,1
L1-L2,13,26,,1
L1-L2,13,29,,1
L1-L2,13,30,,1
L1-L2,13,32,,1
L1-L2,13,34,,1
L1-L2,13,40,,1
L1-L2,13,41,,1
L1-L2,13,43,,1
L1-L2,13,47,,1
L1-L2,13,49,,1
L1-L2,13,50,,1
L1-L2,13,51,,1
L1-L2,13,52,,1
L1-L2,13,53,,1
L1-L2,13,54,,1
L1-L2,13,57,,1
L1-L2,13,60,,1
L1-L2,13,62,,1
L1-L2,13,63,,1
L1-L2,13,65,,1
L1-L2,13,71,,1
L1-L2,13,75,,1
L1-L2,13,77,,1
L1-L2,13,83,,1
L1-L2,13,85,,1
L1-L2,13,90,,1
L1-L2,13,92,,1
L1-L2,13,95,,1
L1-L2,13,98,,1
L1-L2,13,101,,1
L1-L2,13,104,,1
L1-L2,13,105,,1
L1-L2,13,106,,1
L1-L2,13,108,,1
L1-L2,13,111,,1
L1-L2,13,112,,1
L1-L2,13,115,,1
L1-L2,13,116,,1
L1-L2,13,117,,1
L1-L2,13,118,,1
L1-L2,13,119,,1
L1-L2,13,122,,1
L1-L2,13,127,,1
L1-L2,13,128,,1
L1-L2,13,129,,1
L1-L2,13,131,,1
L1-L2,13,132,,1
L1-L2,13,134,,1
L1-L2,13,135,,1
L1-L2,13,138,,1
L1-L2,13,139,,1
L1-L2,13,143,,1
L1-L2,13,144,,1
L1-L2,13,147,,1
L1-L2,13,149,,1
L1-L2,13,150,,1
L1-L2,13,153,,1
L1-L2,13,155,,1
L1-L2,13,157,,1
L1-L2,13,164,,1
L1-L2,13,166,,1
L1-L2,13,171,,1
L1-L2,13,174,,1
L1-L2,13,175,,1
L1-L2,13,183,,1
L1-L2,13,187,,1
L1-L2,13,191,,1
L1-L2,13,194,,1
L1-L2,13,195,,1
L1-L2,13,196,,1
L1-L2,13,197,,1
L1-L2,13,198,,1
L1-L2,13,199,,1
L1-L2,13,200,,1
L1-L2,13,205,,1
L1-L2,13,206,,1
L1-L2,13,210,,1
L1-L2,13,211,,1
L1-L2,13,212,,1
L1-L2,13,215,,1
L1-L2,13,216,,1
L1-L2,13,219,,1
L1-L2,13,224,,1
L1-L2,13,225,,1
L1-L2,13,229,,1
L1-L2,13,230,,1
L1-L2,13,231,,1
L1-L2,13,234,,1
L1-L2,13,235,,1
L1-L2,13,236,,1
L1-L2,13,238,,1
L1-L2,13,241,,1
L1-L2,13,242,,1
L1-L2,13,243,,1
L1-L2,13,246,,1
L1-L2,13,250,,1
L1-L2,13,251,,1
L1-L2,13,252,,1
L1-L2,13,254,,1
L1-L2,13,255,,1
L1-L2,14,3,,1
L1-L2,14,4,,1
L1-L2,14,5,,1
L1-L2,14,8,,1
L1-L2,14,10,,1
L1-L2,14,13,,1
L1-L2,14,14,,1
L1-L2,14,19,,1
L1-L2,14,36,,1
L1-L2,14,38,,1
L1-L2,14,40,,1
L1-L2,14,42,,1
L1-L2,14,46,,1
L1-L2,14,51,,1
L1-L2,14,52,,1
L1-L2,14,54,,1
L1-L2,14,64,,1
L1-L2,14,77,,1
L1-L2,14,78,,1
L1-L2,14,88,,1
L1-L2,14,90,,1
L1-L2,14,92,,1
L1-L2,14,94,,1
L1-L2,14,106,,1
L1-L2,14,107,,1
L1-L2,14,109,,1
L1-L2,14,110,,1
L1-L2,14,111,,1
L1-L2,14,113,,1
L1-L2,14,114,,1
L1-L2,14,115,,1
L1-L2,14,118,,1
L1-L2,14,119,,1
L1-L2,14,122,,1
L1-L2,14,125,,1
L1-L2,14,126,,1
L1-L2,14,132,,1
L1-L2,14,137,,1
L1-L2,14,139,,1
L1-L2,14,140,,1
L1-L2,14,141,,1
L1-L2,14,146,,1
L1-L2,14,149,,1
L1-L2,14,152,,1
L1-L2,14,156,,1
L1-L2,14,164,,1
L1-L2,14,167,,1
L1-L2,14,168,,1
L1-L2,14,170,,1
L1-L2,14,171,,1
L1-L2,14,172,,1
L1-L2,14,174,,1
L1-L2,14,175,,1
L1-L2,14,176,,1
L1-L2,14,178,,1
L1-L2,14,179,,1
L1-L2,14,183,,1
L1-L2,14,185,,1
L1-L2,14,186,,1
L1-L2,14,187,,1
L1-L2,14,188,,1
L1-L2,14,190,,1
L1-L2,14,192,,1
L1-L2,14,199,,1
L1-L2,14,202,,1
L1-L2,14,203,,1
L1-L2,14,205,,1
L1-L2,14,208,,1
L1-L2,14,210,,1
L1-L2,14,211,,1
L1-L2,14,214,,1
L1-L2,14,216,,1
L1-L2,14,221,,1
L1-L2,14,222,,1
L1-L2,14,223,,1
L1-L2,14,224,,1
L1-L2,14,231,,1
L1-L2,14,234,,1
L1-L2,14,235,,1
L1-L2,14,236,,1
L1-L2,14,237,,1
L1-L2,14,238,,1
L1-L2,14,239,,1
L1-L2,14,240,,1
L1-L2,14,241,,1
L1-L2,14,244,,1
L1-L2,14,245,,1
L1-L2,14,246,,1
L1-L2,14,247,,1
L1-L2,14,248,,1
L1-L2,14,250,,1
L1-L2,14,251,,1
L1-L2,14,252,,1
L1-L2,14,254,,1
L1-L2,15,2,,1
L1-L2,15,7,,1
L1-L2,15,9,,1
L1-L2,15,11,,1
L1-L2,15,13,,1
L1-L2,15,14,,1
L1-L2,15,24,,1
L1-L2,15,27,,1
L1-L2,15,30,,1
L1-L2,15,31,,1
L1-L2,15,32,,1
L1-L2,15,33,,1
L1-L2,15,34,,1
L1-L2,15,35,,1
L1-L2,15,36,,1
L1-L2,15,42,,1
L1-L2,15,47,,1
L1-L2,15,53,,1
L1-L2,15,57,,1
L1-L2,15,60,,1
L1-L2,15,62,,1
L1-L2,15,65,,1
L1-L2,15,66,,1
L1-L2,15,67,,1
L1-L2,15,69,,1
L1-L2,15,75,,1
L1-L2,15,81,,1
L1-L2,15,84,,1
L1-L2,15,85,,1
L1-L2,15,86,,1
L1-L2,15,90,,1
L1-L2,15,92,,1
L1-L2,15,96,,1
L1-L2,15,97,,1
L1-L2,15,99,,1
L1-L2,15,100,,1
L1-L2,15,111,,1
L1-L2,15,115,,1
L1-L2,15,117,,1
L1-L2,15,119,,1
L1-L2,15,122,,1
L1-L2,15,123,,1
L1-L2,15,124,,1
L1-L2,15,132,,1
L1-L2,15,133,,1
L1-L2,15,135,,1
L1-L2,15,136,,1
L1-L2,15,137,,1
L1-L2,15,141,,1
L1-L2,15,142,,1
L1-L2,15,143,,1
L1-L2,15,145,,1
L1-L2,15,146,,1
L1-L2,15,148,,1
L1-L2,15,153,,1
L1-L2,15,155,,1
L1-L2,15,158,,1
L1-L2,15,161,,1
L1-L2,15,165,,1
L1-L2,15,166,,1
L1-L2,15,170,,1
L1-L2,15,173,,1
L1-L2,15,174,,1
L1-L2,15,175,,1
L1-L2,15,176,,1
L1-L2,15,198,,1
L1-L2,15,200,,1
L1-L2,15,205,,1
L1-L2,15,210,,1
L1-L2,15,214,,1
L1-L2,15,216,,1
L1-L2,15,218,,1
L1-L2,15,219,,1
L1-L2,15,221,,1
L1-L2,15,222,,1
L1-L2,15,224,,1
L1-L2,15,225,,1
L1-L2,15,227,,1
L1-L2,15,229,,1
L1-L2,15,230,,1
L1-L2,15,231,,1
L1-L2,15,233,,1
L1-L2,15,234,,1
L1-L2,15,235,,1
L1-L2,15,237,,1
L1-L2,15,238,,1
L1-L2,15,239,,1
L1-L2,15,240,,1
L1-L2,15,241,,1
L1-L2,15,243,,1
L1-L2,15,244,,1
L1-L2,15,245,,1
L1-L2,15,248,,1
L1-L2,15,251,,1
L1-L2,15,252,,1
L1-L2,15,254,,1
L1-L2,16,2,,1
L1-L2,16,10,,1
L1-L2,16,12,,1
L1-L2,16,13,,1
L1-L2,16,14,,1
L1-L2,16,15,,1
L1-L2,16,22,,1
L1-L2,16,25,,1
L1-L2,16,30,,1
L1-L2,16,32,,1
L1-L2,16,35,,1
L1-L2,16,36,,1
L1-L2,16,37,,1
L1-L2,16,41,,1
L1-L2,16,44,,1
L1-L2,16,45,,1
L1-L2,16,47,,1
L1-L2,16,51,,1
L1-L2,16,53,,1
L1-L2,16,59,,1
L1-L2,16,60,,1
L1-L2,16,61,,1
L1-L2,16,62,,1
L1-L2,16,64,,1
L1-L2,16,69,,1
L1-L2,16,71,,1
L1-L2,16,77,,1
L1-L2,16,79,,1
L1-L2,16,80,,1
L1-L2,16,81,,1
L1-L2,16,82,,1
L1-L2,16,84,,1
L1-L2,16,86,,1
L1-L2,16,87,,1
L1-L2,16,88,,1
L1-L2,16,90,,1
L1-L2,16,92,,1
L1-L2,16,94,,1
L1-L2,16,95,,1
L1-L2,16,97,,1
L1-L2,16,99,,1
L1-L2,16,100,,1
L1-L2,16,101,,1
L1-L2,16,102,,1
L1-L2,16,103,,1
L1-L2,16,107,,1
L1-L2,16,108,,1
L1-L2,16,111,,1
L1-L2,16,116,,1
L1-L2,16,120,,1
L1-L2,16,122,,1
L1-L2,16,123,,1
L1-L2,16,129,,1
L1-L2,16,134,,1
L1-L2,16,137,,1
L1-L2,16,139,,1
L1-L2,16,152,,1
L1-L2,16,154,,1
L1-L2,16,155,,1
L1-L2,16,156,,1
L1-L2,16,158,,1
L1-L2,16,159,,1
L1-L2,16,165,,1
L1-L2,16,169,,1
L1-L2,16,170,,1
L1-L2,16,172,,1
L1-L2,16,173,,1
L1-L2,16,177,,1
L1-L2,16,178,,1
L1-L2,16,182,,1
L1-L2,16,183,,1
L1-L2,16,184,,1
L1-L2,16,185,,1
L1-L2,16,190,,1
L1-L2,16,195,,1
L1-L2,16,199,,1
L1-L2,16,203,,1
L1-L2,16,206,,1
L1-L2,16,210,,1
L1-L2,16,211,,1
L1-L2,16,215,,1
L1-L2,16,216,,1
L1-L2,16,217,,1
L1-L2,16,219,,1
L1-L2,16,220,,1
L1-L2,16,221,,1
L1-L2,16,222,,1
L1-L2,16,223,,1
L1-L2,16,224,,1
L1-L2,16,225,,1
L1-L2,16,226,,1
L1-L2,16,227,,1
L1-L2,16,228,,1
L1-L2,16,229,,1
L1-L2,16,230,,1
L1-L2,16,231,,1
L1-L2,16,232,,1
L1-L2,16,236,,1
L1-L2,16,238,,1
L1-L2,16,239,,1
L1-L2,16,241,,1
L1-L2,16,242,,1
L1-L2,16,246,,1
L1-L2,16,247,,1
L1-L2,16,248,,1
L1-L2,16,249,,1
L1-L2,16,250,,1
L1-L2,16,251,,1
L1-L2,16,252,,1
L1-L2,16,254,,1
L1-L2,17,5,,1
L1-L2,17,9,,1
L1-L2,17,14,,1
L1-L2,17,15,,1
L1-L2,17,17,,1
L1-L2,17,25,,1
L1-L2,17,26,,1
L1-L2,17,33,,1
L1-L2,17,38,,1
L1-L2,17,44,,1
L1-L2,17,45,,1
L1-L2,17,46,,1
L1-L2,17,52,,1
L1-L2,17,54,,1
L1-L2,17,57,,1
L1-L2,17,58,,1
L1-L2,17,60,,1
L1-L2,17,64,,1
L1-L2,17,66,,1
L1-L2,17,67,,1
L1-L2,17,71,,1
L1-L2,17,72,,1
L1-L2,17,74,,1
L1-L2,17,77,,1
L1-L2,17,80,,1
L1-L2,17,81,,1
L1-L2,17,83,,1
L1-L2,17,84,,1
L1-L2,17,86,,1
L1-L2,17,87,,1
L1-L2,17,88,,1
L1-L2,17,89,,1
L1-L2,17,90,,1
L1-L2,17,91,,1
L1-L2,17,99,,1
L1-L2,17,100,,1
L1-L2,17,103,,1
L1-L2,17,105,,1
L1-L2,17,108,,1
L1-L2,17,110,,1
L1-L2,17,120,,1
L1-L2,17,121,,1
L1-L2,17,126,,1
L1-L2,17,127,,1
L1-L2,17,130,,1
L1-L2,17,131,,1
L1-L2,17,133,,1
L1-L2,17,134,,1
L1-L2,17,136,,1
L1-L2,17,139,,1
L1-L2,17,141,,1
L1-L2,17,143,,1
L1-L2,17,148,,1
L1-L2,17,149,,1
L1-L2,17,150,,1
L1-L2,17,152,,1
L1-L2,17,155,,1
L1-L2,17,156,,1
L1-L2,17,157,,1
L1-L2,17,160,,1
L1-L2,17,163,,1
L1-L2,17,164,,1
L1-L2,17,165,,1
L1-L2,17,168,,1
L1-L2,17,170,,1
L1-L2,17,171,,1
L1-L2,17,176,,1
L1-L2,17,181,,1
L1-L2,17,185,,1
L1-L2,17,187,,1
L1-L2,17,188,,1
L1-L2,17,191,,1
L1-L2,17,192,,1
L1-L2,17,193,,1
L1-L2,17,195,,1
L1-L2,17,198,,1
L1-L2,17,199,,1
L1-L2,17,200,,1
L1-L2,17,201,,1
L1-L2,17,202,,1
L1-L2,17,204,,1
L1-L2,17,205,,1
L1-L2,17,208,,1
L1-L2,17,209,,1
L1-L2,17,210,,1
L1-L2,17,212,,1
L1-L2,17,213,,1
L1-L2,17,214,,1
L1-L2,17,217,,1
L1-L2,17,219,,1
L1-L2,17,222,,1
L1-L2,17,224,,1
L1-L2,17,226,,1
L1-L2,17,229,,1
L1-L2,17,230,,1
L1-L2,17,234,,1
L1-L2,17,236,,1
L1-L2,17,239,,1
L1-L2,17,240,,1
L1-L2,17,241,,1
L1-L2,17,242,,1
L1-L2,17,246,,1
L1-L2,17,249,,1
L1-L2,17,250,,1
L1-L2,17,252,,1
L1-L2,17,253,,1
L1-L2,17,254,,1
L1-L2,18,9,,1
L1-L2,18,16,,1
L1-L2,18,21,,1
L1-L2,18,23,,1
L1-L2,18,27,,1
L1-L2,18,28,,1
L1-L2,18,30,,1
L1-L2,18,33,,1
L1-L2,18,42,,1
L1-L2,18,46,,1
L1-L2,18,60,,1
L1-L2,18,62,,1
L1-L2,18,63,,1
L1-L2,18,64,,1
L1-L2,18,67,,1
L1-L2,18,72,,1
L1-L2,18,73,,1
L1-L2,18,75,,1
L1-L2,18,76,,1
L1-L2,18,77,,1
L1-L2,18,78,,1
L1-L2,18,80,,1
L1-L2,18,82,,1
L1-L2,18,85,,1
L1-L2,18,90,,1
L1-L2,18,100,,1
L1-L2,18,101,,1
L1-L2,18,102,,1
L1-L2,18,103,,1
L1-L2,18,104,,1
L1-L2,18,106,,1
L1-L2,18,112,,1
L1-L2,18,113,,1
L1-L2,18,115,,1
L1-L2,18,122,,1
L1-L2,18,123,,1
L1-L2,18,124,,1
L1-L2,18,129,,1
L1-L2,18,130,,1
L1-L2,18,133,,1
L1-L2,18,136,,1
L1-L2,18,143,,1
L1-L2,18,145,,1
L1-L2,18,147,,1
L1-L2,18,150,,1
L1-L2,18,154,,1
L1-L2,18,155,,1
L1-L2,18,156,,1
L1-L2,18,158,,1
L1-L2,18,162,,1
L1-L2,18,166,,1
L1-L2,18,167,,1
L1-L2,18,169,,1
L1-L2,18,170,,1
L1-L2,18,175,,1
L1-L2,18,176,,1
L1-L2,18,179,,1
L1-L2,18,181,,1
L1-L2,18,183,,1
L1-L2,18,185,,1
L1-L2,18,194,,1
L1-L2,18,197,,1
L1-L2,18,199,,1
L1-L2,18,200,,1
L1-L2,18,201,,1
L1-L2,18,203,,1
L1-L2,18,204,,1
L1-L2,18,211,,1
L1-L2,18,214,,1
L1-L2,18,215,,1
L1-L2,18,216,,1
L1-L2,18,217,,1
L1-L2,18,218,,1
L1-L2,18,220,,1
L1-L2,18,224,,1
L1-L2,18,226,,1
L1-L2,18,227,,1
L1-L2,18,231,,1
L1-L2,18,234,,1
L1-L2,18,237,,1
L1-L2,18,239,,1
L1-L2,18,243,,1
L1-L2,18,244,,1
L1-L2,18,245,,1
L1-L2,18,246,,1
L1-L2,18,250,,1
L1-L2,18,254,,1
L1-L2,19,0,,1
L1-L2,19,2,,1
L1-L2,19,3,,1
L1-L2,19,10,,1
L1-L2,19,14,,1
L1-L2,19,21,,1
L1-L2,19,32,,1
L1-L2,19,34,,1
L1-L2,19,37,,1
L1-L2,19,39,,1
L1-L2,19,46,,1
L1-L2,19,50,,1
L1-L2,19,57,,1
L1-L2,19,60,,1
L1-L2,19,62,,1
L1-L2,19,63,,1
L1-L2,19,65,,1
L1-L2,19,74,,1
L1-L2,19,75,,1
L1-L2,19,76,,1
L1-L2,19,77,,1
L1-L2,19,79,,1
L1-L2,19,80,,1
L1-L2,19,82,,1
L1-L2,19,87,,1
L1-L2,19,89,,1
L1-L2,19,94,,1
L1-L2,19,96,,1
L1-L2,19,97,,1
L1-L2,19,100,,1
L1-L2,19,110,,1
L1-L2,19,111,,1
L1-L2,19,113,,1
L1-L2,19,114,,1
L1-L2,19,115,,1
L1-L2,19,116,,1
L1-L2,19,118,,1
L1-L2,19,119,,1
L1-L2,19,123,,1
L1-L2,19,124,,1
L1-L2,19,128,,1
L1-L2,19,129,,1
L1-L2,19,130,,1
L1-L2,19,132,,1
L1-L2,19,135,,1
L1-L2,19,136,,1
L1-L2,19,139,,1
L1-L2,19,144,,1
L1-L2,19,149,,1
L1-L2,19,152,,1
L1-L2,19,157,,1
L1-L2,19,159,,1
L1-L2,19,160,,1
L1-L2,19,161,,1
L1-L2,19,163,,1
L1-L2,19,164,,1
L1-L2,19,165,,1
L1-L2,19,169,,1
L1-L2,19,174,,1
L1-L2,19,175,,1
L1-L2,19,176,,1
L1-L2,19,178,,1
L1-L2,19,180,,1
L1-L2,19,184,,1
L1-L2,19,185,,1
L1-L2,19,186,,1
L1-L2,19,187,,1
L1-L2,19,189,,1
L1-L2,19,191,,1
L1-L2,19,192,,1
L1-L2,19,193,,1
L1-L2,19,195,,1
L1-L2,19,197,,1
L1-L2,19,200,,1
L1-L2,19,207,,1
L1-L2,19,209,,1
L1-L2,19,210,,1
L1-L2,19,212,,1
L1-L2,19,216,,1
L1-L2,19,219,,1
L1-L2,19,220,,1
L1-L2,19,224,,1
L1-L2,19,226,,1
L1-L2,19,227,,1
L1-L2,19,230,,1
L1-L2,19,231,,1
L1-L2,19,232,,1
L1-L2,19,233,,1
L1-L2,19,235,,1
L1-L2,19,239,,1
L1-L2,19,242,,1
L1-L2,19,246,,1
L1-L2,19,250,,1
L1-L2,19,251,,1
L1-L2,19,252,,1
L1-L2,19,254,,1
L1-L2,19,255,,1
L1-L2,20,0,,1
L1-L2,20,1,,1
L1-L2,20,3,,1
L1-L2,20,4,,1
L1-L2,20,5,,1
L1-L2,20,6,,1
L1-L2,20,7,,1
L1-L2,20,10,,1
L1-L2,20,11,,1
L1-L2,20,14,,1
L1-L2,20,15,,1
L1-L2,20,16,,1
L1-L2,20,17,,1
L1-L2,20,22,,1
L1-L2,20,23,,1
L1-L2,20,25,,1
L1-L2,20,26,,1
L1-L2,20,30,,1
L1-L2,20,31,,1
L1-L2,20,33,,1
L1-L2,20,49,,1
L1-L2,20,51,,1
L1-L2,20,54,,1
L1-L2,20,55,,1
L1-L2,20,59,,1
L1-L2,20,61,,1
L1-L2,20,63,,1
L1-L2,20,65,,1
L1-L2,20,66,,1
L1-L2,20,78,,1
L1-L2,20,80,,1
L1-L2,20,81,,1
L1-L2,20,85,,1
L1-L2,20,86,,1
L1-L2,20,89,,1
L1-L2,20,91,,1
L1-L2,20,92,,1
L1-L2,20,96,,1
L1-L2,20,99,,1
L1-L2,20,100,,1
L1-L2,20,102,,1
L1-L2,20,105,,1
L1-L2,20,106,,1
L1-L2,20,109,,1
L1-L2,20,110,,1
L1-L2,20,111,,1
L1-L2,20,112,,1
L1-L2,20,114,,1
L1-L2,20,115,,1
L1-L2,20,117,,1
L1-L2,20,121,,1
L1-L2,20,122,,1
L1-L2,20,124,,1
L1-L2,20,129,,1
L1-L2,20,131,,1
L1-L2,20,132,,1
L1-L2,20,133,,1
L1-L2,20,134,,1
L1-L2,20,137,,1
L1-L2,20,139,,1
L1-L2,20,140,,1
L1-L2,20,141,,1
L1-L2,20,142,,1
L1-L2,20,143,,1
L1-L2,20,147,,1
L1-L2,20,149,,1
L1-L2,20,150,,1
L1-L2,20,151,,1
L1-L2,20,153,,1
L1-L2,20,155,,1
L1-L2,20,156,,1
L1-L2,20,159,,1
L1-L2,20,162,,1
L1-L2,20,163,,1
L1-L2,20,164,,1
L1-L2,20,165,,1
L1-L2,20,168,,1
L1-L2,20,169,,1
L1-L2,20,171,,1
L1-L2,20,172,,1
L1-L2,20,173,,1
L1-L2,20,174,,1
L1-L2,20,178,,1
L1-L2,20,179,,1
L1-L2,20,180,,1
L1-L2,20,181,,1
L1-L2,20,184,,1
L1-L2,20,188,,1
L1-L2,20,192,,1
L1-L2,20,193,,1
L1-L2,20,195,,1
L1-L2,20,196,,1
L1-L2,20,197,,1
L1-L2,20,200,,1
L1-L2,20,202,,1
L1-L2,20,203,,1
L1-L2,20,205,,1
L1-L2,20,207,,1
L1-L2,20,208,,1
L1-L2,20,213,,1
L1-L2,20,216,,1
L1-L2,20,218,,1
L1-L2,20,219,,1
L1-L2,20,220,,1
L1-L2,20,221,,1
L1-L2,20,222,,1
L1-L2,20,226,,1
L1-L2,20,227,,1
L1-L2,20,230,,1
L1-L2,20,232,,1
L1-L2,20,235,,1
L1-L2,20,236,,1
L1-L2,20,237,,1
L1-L2,20,239,,1
L1-L2,20,242,,1
L1-L2,20,243,,1
L1-L2,20,244,,1
L1-L2,20,245,,1
L1-L2,20,246,,1
L1-L2,20,253,,1
L1-L2,20,254,,1
L1-L2,20,255,,1
L1-L2,21,2,,1
L1-L2,21,5,,1
L1-L2,21,6,,1
L1-L2,21,7,,1
L1-L2,21,9,,1
L1-L2,21,10,,1
L1-L2,21,12,,1
L1-L2,21,13,,1
L1-L2,21,19,,1
L1-L2,21,20,,1
L1-L2,21,21,,1
L1-L2,21,22,,1
L1-L2,21,23,,1
L1-L2,21,31,,1
L1-L2,21,37,,1
L1-L2,21,41,,1
L1-L2,21,43,,1
L1-L2,21,46,,1
L1-L2,21,51,,1
L1-L2,21,53,,1
L1-L2,21,54,,1
L1-L2,21,60,,1
L1-L2,21,61,,1
L1-L2,21,62,,1
L1-L2,21,64,,1
L1-L2,21,71,,1
L1-L2,21,77,,1
L1-L2,21,78,,1
L1-L2,21,79,,1
L1-L2,21,81,,1
L1-L2,21,85,,1
L1-L2,21,88,,1
L1-L2,21,89,,1
L1-L2,21,97,,1
L1-L2,21,98,,1
L1-L2,21,100,,1
L1-L2,21,101,,1
L1-L2,21,103,,1
L1-L2,21,107,,1
L1-L2,21,114,,1
L1-L2,21,118,,1
L1-L2,21,120,,1
L1-L2,21,122,,1
L1-L2,21,126,,1
L1-L2,21,130,,1
L1-L2,21,131,,1
L1-L2,21,137,,1
L1-L2,21,139,,1
L1-L2,21,142,,1
L1-L2,21,145,,1
L1-L2,21,149,,1
L1-L2,21,152,,1
L1-L2,21,156,,1
L1-L2,21,158,,1
L1-L2,21,161,,1
L1-L2,21,163,,1
L1-L2,21,167,,1
L1-L2,21,168,,1
L1-L2,21,170,,1
L1-L2,21,172,,1
L1-L2,21,176,,1
L1-L2,21,177,,1
L1-L2,21,180,,1
L1-L2,21,184,,1
L1-L2,21,187,,1
L1-L2,21,188,,1
L1-L2,21,194,,1
L1-L2,21,195,,1
L1-L2,21,198,,1
L1-L2,21,200,,1
L1-L2,21,203,,1
L1-L2,21,204,,1
L1-L2,21,207,,1
L1-L2,21,208,,1
L1-L2,21,212,,1
L1-L2,21,216,,1
L1-L2,21,219,,1
L1-L2,21,224,,1
L1-L2,21,225,,1
L1-L2,21,226,,1
L1-L2,21,229,,1
L1-L2,21,231,,1
L1-L2,21,234,,1
L1-L2,21,235,,1
L1-L2,21,236,,1
L1-L2,21,237,,1
L1-L2,21,238,,1
L1-L2,21,239,,1
L1-L2,21,240,,1
L1-L2,21,243,,1
L1-L2,21,245,,1
L1-L2,21,247,,1
L1-L2,21,249,,1
L1-L2,21,250,,1
L1-L2,21,253,,1
L1-L2,22,3,,1
L1-L2,22,4,,1
L1-L2,22,15,,1
L1-L2,22,19,,1
L1-L2,22,23,,1
L1-L2,22,25,,1
L1-L2,22,26,,1
L1-L2,22,27,,1
L1-L2,22,29,,1
L1-L2,22,33,,1
L1-L2,22,40,,1
L1-L2,22,50,,1
L1-L2,22,52,,1
L1-L2,22,65,,1
L1-L2,22,71,,1
L1-L2,22,75,,1
L1-L2,22,77,,1
L1-L2,22,79,,1
L1-L2,22,85,,1
L1-L2,22,88,,1
L1-L2,22,95,,1
L1-L2,22,96,,1
L1-L2,22,102,,1
L1-L2,22,106,,1
L1-L2,22,107,,1
L1-L2,22,108,,1
L1-L2,22,115,,1
L1-L2,22,118,,1
L1-L2,22,121,,1
L1-L2,22,133,,1
L1-L2,22,139,,1
L1-L2,22,142,,1
L1-L2,22,143,,1
L1-L2,22,144,,1
L1-L2,22,147,,1
L1-L2,22,150,,1
L1-L2,22,152,,1
L1-L2,22,154,,1
L1-L2,22,162,,1
L1-L2,22,163,,1
L1-L2,22,165,,1
L1-L2,22,166,,1
L1-L2,22,167,,1
L1-L2,22,168,,1
L1-L2,22,171,,1
L1-L2,22,181,,1
L1-L2,22,183,,1
L1-L2,22,186,,1
L1-L2,22,189,,1
L1-L2,22,196,,1
L1-L2,22,198,,1
L1-L2,22,203,,1
L1-L2,22,204,,1
L1-L2,22,205,,1
L1-L2,22,206,,1
L1-L2,22,207,,1
L1-L2,22,210,,1
L1-L2,22,215,,1
L1-L2,22,216,,1
L1-L2,22,221,,1
L1-L2,22,223,,1
L1-L2,22,224,,1
L1-L2,22,225,,1
L1-L2,22,229,,1
L1-L2,22,230,,1
L1-L2,22,231,,1
L1-L2,22,233,,1
L1-L2,22,238,,1
L1-L2,22,240,,1
L1-L2,22,242,,1
L1-L2,22,244,,1
L1-L2,22,247,,1
L1-L2,22,248,,1
L1-L2,22,250,,1
L1-L2,22,251,,1
L1-L2,22,252,,1
L1-L2,23,1,,1
L1-L2,23,5,,1
L1-L2,23,6,,1
L1-L2,23,8,,1
L1-L2,23,9,,1
L1-L2,23,12,,1
L1-L2,23,14,,1
L1-L2,23,18,,1
L1-L2,23,19,,1
L1-L2,23,20,,1
L1-L2,23,24,,1
L1-L2,23,25,,1
L1-L2,23,30,,1
L1-L2,23,33,,1
L1-L2,23,34,,1
L1-L2,23,35,,1
L1-L2,23,38,,1
L1-L2,23,43,,1
L1-L2,23,50,,1
L1-L2,23,52,,1
L1-L2,23,53,,1
L1-L2,23,55,,1
L1-L2,23,61,,1
L1-L2,23,63,,1
L1-L2,23,65,,1
L1-L2,23,66,,1
L1-L2,23,73,,1
L1-L2,23,80,,1
L1-L2,23,82,,1
L1-L2,23,83,,1
L1-L2,23,86,,1
L1-L2,23,94,,1
L1-L2,23,97,,1
L1-L2,23,101,,1
L1-L2,23,104,,1
L1-L2,23,106,,1
L1-L2,23,109,,1
L1-L2,23,112,,1
L1-L2,23,113,,1
L1-L2,23,116,,1
L1-L2,23,118,,1
L1-L2,23,120,,1
L1-L2,23,128,,1
L1-L2,23,130,,1
L1-L2,23,132,,1
L1-L2,23,133,,1
L1-L2,23,134,,1
L1-L2,23,137,,1
L1-L2,23,138,,1
L1-L2,23,139,,1
L1-L2,23,141,,1
L1-L2,23,146,,1
L1-L2,23,147,,1
L1-L2,23,148,,1
L1-L2,23,149,,1
L1-L2,23,150,,1
L1-L2,23,152,,1
L1-L2,23,155,,1
L1-L2,23,157,,1
L1-L2,23,160,,1
L1-L2,23,165,,1
L1-L2,23,166,,1
L1-L2,23,168,,1
L1-L2,23,170,,1
L1-L2,23,171,,1
L1-L2,23,172,,1
L1-L2,23,175,,1
L1-L2,23,178,,1
L1-L2,23,180,,1
L1-L2,23,182,,1
L1-L2,23,187,,1
L1-L2,23,188,,1
L1-L2,23,191,,1
L1-L2,23,196,,1
L1-L2,23,197,,1
L1-L2,23,198,,1
L1-L2,23,205,,1
L1-L2,23,213,,1
L1-L2,23,227,,1
L1-L2,23,231,,1
L1-L2,23,234,,1
L1-L2,23,235,,1
L1-L2,23,243,,1
L1-L2,23,245,,1
L1-L2,23,252,,1
L1-L2,23,253,,1
L1-L2,23,254,,1
L1-L2,24,1,,1
L1-L2,24,2,,1
L1-L2,24,4,,1
L1-L2,24,10,,1
L1-L2,24,14,,1
L1-L2,24,15,,1
L1-L2,24,20,,1
L1-L2,24,23,,1
L1-L2,24,24,,1
L1-L2,24,25,,1
L1-L2,24,27,,1
L1-L2,24,34,,1
L1-L2,24,37,,1
L1-L2,24,41,,1
L1-L2,24,42,,1
L1-L2,24,47,,1
L1-L2,24,48,,1
L1-L2,24,51,,1
L1-L2,24,56,,1
L1-L2,24,57,,1
L1-L2,24,66,,1
L1-L2,24,67,,1
L1-L2,24,68,,1
L1-L2,24,75,,1
L1-L2,24,78,,1
L1-L2,24,79,,1
L1-L2,24,82,,1
L1-L2,24,85,,1
L1-L2,24,86,,1
L1-L2,24,87,,1
L1-L2,24,88,,1
L1-L2,24,96,,1
L1-L2,24,100,,1
L1-L2,24,103,,1
L1-L2,24,106,,1
L1-L2,24,108,,1
L1-L2,24,114,,1
L1-L2,24,116,,1
L1-L2,24,118,,1
L1-L2,24,119,,1
L1-L2,24,121,,1
L1-L2,24,122,,1
L1-L2,24,123,,1
L1-L2,24,124,,1
L1-L2,24,127,,1
L1-L2,24,132,,1
L1-L2,24,133,,1
L1-L2,24,135,,1
L1-L2,24,141,,1
L1-L2,24,144,,1
L1-L2,24,145,,1
L1-L2,24,146,,1
L1-L2,24,154,,1
L1-L2,24,156,,1
L1-L2,24,157,,1
L1-L2,24,160,,1
L1-L2,24,162,,1
L1-L2,24,165,,1
L1-L2,24,168,,1
L1-L2,24,169,,1
L1-L2,24,174,,1
L1-L2,24,185,,1
L1-L2,24,186,,1
L1-L2,24,187,,1
L1-L2,24,188,,1
L1-L2,24,190,,1
L1-L2,24,193,,1
L1-L2,24,197,,1
L1-L2,24,199,,1
L1-L2,24,201,,1
L1-L2,24,205,,1
L1-L2,24,207,,1
L1-L2,24,208,,1
L1-L2,24,209,,1
L1-L2,24,211,,1
L1-L2,24,214,,1
L1-L2,24,215,,1
L1-L2,24,216,,1
L1-L2,24,217,,1
L1-L2,24,219,,1
L1-L2,24,220,,1
L1-L2,24,221,,1
L1-L2,24,223,,1
L1-L2,24,226,,1
L1-L2,24,229,,1
L1-L2,24,230,,1
L1-L2,24,231,,1
L1-L2,24,233,,1
L1-L2,24,234,,1
L1-L2,24,235,,1
L1-L2,24,238,,1
L1-L2,24,240,,1
L1-L2,24,242,,1
L1-L2,24,246,,1
L1-L2,24,247,,1
L1-L2,24,251,,1
L1-L2,24,253,,1
L1-L2,25,4,,1
L1-L2,25,5,,1
L1-L2,25,10,,1
L1-L2,25,11,,1
L1-L2,25,12,,1
L1-L2,25,14,,1
L1-L2,25,19,,1
L1-L2,25,22,,1
L1-L2,25,27,,1
L1-L2,25,34,,1
L1-L2,25,35,,1
L1-L2,25,38,,1
L1-L2,25,40,,1
L1-L2,25,44,,1
L1-L2,25,45,,1
L1-L2,25,48,,1
L1-L2,25,49,,1
L1-L2,25,54,,1
L1-L2,25,57,,1
L1-L2,25,58,,1
L1-L2,25,60,,1
L1-L2,25,61,,1
L1-L2,25,62,,1
L1-L2,25,66,,1
L1-L2,25,68,,1
L1-L2,25,69,,1
L1-L2,25,70,,1
L1-L2,25,76,,1
L1-L2,25,78,,1
L1-L2,25,79,,1
L1-L2,25,83,,1
L1-L2,25,87,,1
L1-L2,25,88,,1
L1-L2,25,89,,1
L1-L2,25,91,,1
L1-L2,25,92,,1
L1-L2,25,97,,1
L1-L2,25,98,,1
L1-L2,25,99,,1
L1-L2,25,100,,1
L1-L2,25,101,,1
L1-L2,25,102,,1
L1-L2,25,104,,1
L1-L2,25,105,,1
L1-L2,25,107,,1
L1-L2,25,109,,1
L1-L2,25,110,,1
L1-L2,25,112,,1
L1-L2,25,115,,1
L1-L2,25,117,,1
L1-L2,25,120,,1
L1-L2,25,121,,1
L1-L2,25,122,,1
L1-L2,25,123,,1
L1-L2,25,126,,1
L1-L2,25,129,,1
L1-L2,25,130,,1
L1-L2,25,133,,1
L1-L2,25,136,,1
L1-L2,25,137,,1
L1-L2,25,138,,1
L1-L2,25,141,,1
L1-L2,25,142,,1
L1-L2,25,143,,1
L1-L2,25,144,,1
L1-L2,25,146,,1
L1-L2,25,148,,1
L1-L2,25,155,,1
L1-L2,25,156,,1
L1-L2,25,157,,1
L1-L2,25,158,,1
L1-L2,25,161,,1
L1-L2,25,162,,1
L1-L2,25,165,,1
L1-L2,25,166,,1
L1-L2,25,167,,1
L1-L2,25,168,,1
L1-L2,25,170,,1
L1-L2,25,173,,1
L1-L2,25,176,,1
L1-L2,25,178,,1
L1-L2,25,181,,1
L1-L2,25,183,,1
L1-L2,25,184,,1
L1-L2,25,185,,1
L1-L2,25,190,,1
L1-L2,25,192,,1
L1-L2,25,196,,1
L1-L2,25,197,,1
L1-L2,25,198,,1
L1-L2,25,200,,1
L1-L2,25,202,,1
L1-L2,25,203,,1
L1-L2,25,204,,1
L1-L2,25,205,,1
L1-L2,25,206,,1
L1-L2,25,207,,1
L1-L2,25,208,,1
L1-L2,25,209,,1
L1-L2,25,212,,1
L1-L2,25,217,,1
L1-L2,25,218,,1
L1-L2,25,220,,1
L1-L2,25,221,,1
L1-L2,25,222,,1
L1-L2,25,230,,1
L1-L2,25,232,,1
L1-L2,25,233,,1
L1-L2,25,234,,1
L1-L2,25,236,,1
L1-L2,25,238,,1
L1-L2,25,239,,1
L1-L2,25,240,,1
L1-L2,25,241,,1
L1-L2,25,242,,1
L1-L2,25,244,,1
L1-L2,25,245,,1
L1-L2,25,249,,1
L1-L2,25,251,,1
L1-L2,26,0,,1
L1-L2,26,2,,1
L1-L2,26,3,,1
L1-L2,26,4,,1
L1-L2,26,7,,1
L1-L2,26,8,,1
L1-L2,26,11,,1
L1-L2,26,17,,1
L1-L2,26,19,,1
L1-L2,26,36,,1
L1-L2,26,37,,1
L1-L2,26,39,,1
L1-L2,26,46,,1
L1-L2,26,48,,1
L1-L2,26,49,,1
L1-L2,26,50,,1
L1-L2,26,52,,1
L1-L2,26,59,,1
L1-L2,26,61,,1
L1-L2,26,65,,1
L1-L2,26,71,,1
L1-L2,26,73,,1
L1-L2,26,78,,1
L1-L2,26,79,,1
L1-L2,26,80,,1
L1-L2,26,87,,1
L1-L2,26,89,,1
L1-L2,26,96,,1
L1-L2,26,97,,1
L1-L2,26,100,,1
L1-L2,26,109,,1
L1-L2,26,116,,1
L1-L2,26,117,,1
L1-L2,26,124,,1
L1-L2,26,125,,1
L1-L2,26,128,,1
L1-L2,26,132,,1
L1-L2,26,134,,1
L1-L2,26,144,,1
L1-L2,26,145,,1
L1-L2,26,155,,1
L1-L2,26,158,,1
L1-L2,26,160,,1
L1-L2,26,162,,1
L1-L2,26,165,,1
L1-L2,26,169,,1
L1-L2,26,173,,1
L1-L2,26,179,,1
L1-L2,26,181,,1
L1-L2,26,183,,1
L1-L2,26,185,,1
L1-L2,26,191,,1
L1-L2,26,196,,1
L1-L2,26,197,,1
L1-L2,26,199,,1
L1-L2,26,203,,1
L1-L2,26,205,,1
L1-L2,26,206,,1
L1-L2,26,207,,1
L1-L2,26,208,,1
L1-L2,26,210,,1
L1-L2,26,211,,1
L1-L2,26,213,,1
L1-L2,26,214,,1
L1-L2,26,216,,1
L1-L2,26,221,,1
L1-L2,26,222,,1
L1-L2,26,223,,1
L1-L2,26,224,,1
L1-L2,26,230,,1
L1-L2,26,233,,1
L1-L2,26,234,,1
L1-L2,26,235,,1
L1-L2,26,239,,1
L1-L2,26,240,,1
L1-L2,26,241,,1
L1-L2,26,244,,1
L1-L2,26,245,,1
L1-L2,26,246,,1
L1-L2,26,247,,1
L1-L2,26,251,,1
L1-L2,26,253,,1
L1-L2,26,255,,1
L1-L2,27,1,,1
L1-L2,27,3,,1
L1-L2,27,4,,1
L1-L2,27,5,,1
L1-L2,27,6,,1
L1-L2,27,9,,1
L1-L2,27,11,,1
L1-L2,27,14,,1
L1-L2,27,15,,1
L1-L2,27,16,,1
L1-L2,27,17,,1
L1-L2,27,19,,1
L1-L2,27,21,,1
L1-L2,27,24,,1
L1-L2,27,25,,1
L1-L2,27,28,,1
L1-L2,27,29,,1
L1-L2,27,31,,1
L1-L2,27,32,,1
L1-L2,27,36,,1
L1-L2,27,42,,1
L1-L2,27,45,,1
L1-L2,27,46,,1
L1-L2,27,51,,1
L1-L2,27,54,,1
L1-L2,27,56,,1
L1-L2,27,59,,1
L1-L2,27,61,,1
L1-L2,27,69,,1
L1-L2,27,74,,1
L1-L2,27,78,,1
L1-L2,27,81,,1
L1-L2,27,85,,1
L1-L2,27,94,,1
L1-L2,27,96,,1
L1-L2,27,99,,1
L1-L2,27,103,,1
L1-L2,27,108,,1
L1-L2,27,110,,1
L1-L2,27,117,,1
L1-L2,27,119,,1
L1-L2,27,123,,1
L1-L2,27,124,,1
L1-L2,27,127,,1
L1-L2,27,128,,1
L1-L2,27,132,,1
L1-L2,27,133,,1
L1-L2,27,135,,1
L1-L2,27,138,,1
L1-L2,27,139,,1
L1-L2,27,140,,1
L1-L2,27,144,,1
L1-L2,27,145,,1
L1-L2,27,147,,1
L1-L2,27,154,,1
L1-L2,27,155,,1
L1-L2,27,156,,1
L1-L2,27,158,,1
L1-L2,27,159,,1
L1-L2,27,160,,1
L1-L2,27,161,,1
L1-L2,27,162,,1
L1-L2,27,163,,1
L1-L2,27,164,,1
L1-L2,27,167,,1
L1-L2,27,168,,1
L1-L2,27,171,,1
L1-L2,27,173,,1
L1-L2,27,177,,1
L1-L2,27,178,,1
L1-L2,27,179,,1
L1-L2,27,180,,1
L1-L2,27,181,,1
L1-L2,27,187,,1
L1-L2,27,188,,1
L1-L2,27,189,,1
L1-L2,27,195,,1
L1-L2,27,196,,1
L1-L2,27,197,,1
L1-L2,27,198,,1
L1-L2,27,202,,1
L1-L2,27,203,,1
L1-L2,27,205,,1
L1-L2,27,206,,1
L1-L2,27,207,,1
L1-L2,27,208,,1
L1-L2,27,209,,1
L1-L2,27,210,,1
L1-L2,27,213,,1
L1-L2,27,215,,1
L1-L2,27,220,,1
L1-L2,27,223,,1
L1-L2,27,225,,1
L1-L2,27,226,,1
L1-L2,27,229,,1
L1-L2,27,232,,1
L1-L2,27,235,,1
L1-L2,27,239,,1
L1-L2,27,242,,1
L1-L2,27,243,,1
L1-L2,27,244,,1
L1-L2,27,245,,1
L1-L2,27,247,,1
L1-L2,27,250,,1
L1-L2,27,253,,1
L1-L2,28,2,,1
L1-L2,28,9,,1
L1-L2,28,11,,1
L1-L2,28,12,,1
L1-L2,28,16,,1
L1-L2,28,17,,1
L1-L2,28,18,,1
L1-L2,28,19,,1
L1-L2,28,20,,1
L1-L2,28,25,,1
L1-L2,28,27,,1
L1-L2,28,36,,1
L1-L2,28,38,,1
L1-L2,28,46,,1
L1-L2,28,54,,1
L1-L2,28,58,,1
L1-L2,28,70,,1
L1-L2,28,72,,1
L1-L2,28,78,,1
L1-L2,28,80,,1
L1-L2,28,81,,1
L1-L2,28,88,,1
L1-L2,28,89,,1
L1-L2,28,91,,1
L1-L2,28,93,,1
L1-L2,28,94,,1
L1-L2,28,96,,1
L1-L2,28,98,,1
L1-L2,28,104,,1
L1-L2,28,105,,1
L1-L2,28,111,,1
L1-L2,28,112,,1
L1-L2,28,117,,1
L1-L2,28,118,,1
L1-L2,28,124,,1
L1-L2,28,125,,1
L1-L2,28,129,,1
L1-L2,28,131,,1
L1-L2,28,132,,1
L1-L2,28,134,,1
L1-L2,28,135,,1
L1-L2,28,137,,1
L1-L2,28,141,,1
L1-L2,28,143,,1
L1-L2,28,144,,1
L1-L2,28,145,,1
L1-L2,28,148,,1
L1-L2,28,154,,1
L1-L2,28,157,,1
L1-L2,28,160,,1
L1-L2,28,162,,1
L1-L2,28,163,,1
L1-L2,28,166,,1
L1-L2,28,170,,1
L1-L2,28,173,,1
L1-L2,28,174,,1
L1-L2,28,176,,1
L1-L2,28,180,,1
L1-L2,28,182,,1
L1-L2,28,183,,1
L1-L2,28,184,,1
L1-L2,28,187,,1
L1-L2,28,188,,1
L1-L2,28,190,,1
L1-L2,28,191,,1
L1-L2,28,192,,1
L1-L2,28,196,,1
L1-L2,28,197,,1
L1-L2,28,198,,1
L1-L2,28,199,,1
L1-L2,28,200,,1
L1-L2,28,203,,1
L1-L2,28,205,,1
L1-L2,28,206,,1
L1-L2,28,207,,1
L1-L2,28,209,,1
L1-L2,28,210,,1
L1-L2,28,211,,1
L1-L2,28,214,,1
L1-L2,28,216,,1
L1-L2,28,220,,1
L1-L2,28,222,,1
L1-L2,28,226,,1
L1-L2,28,227,,1
L1-L2,28,229,,1
L1-L2,28,230,,1
L1-L2,28,231,,1
L1-L2,28,232,,1
L1-L2,28,233,,1
L1-L2,28,234,,1
L1-L2,28,235,,1
L1-L2,28,237,,1
L1-L2,28,238,,1
L1-L2,28,241,,1
L1-L2,28,242,,1
L1-L2,28,243,,1
L1-L2,28,244,,1
L1-L2,28,245,,1
L1-L2,28,248,,1
L1-L2,28,251,,1
L1-L2,28,252,,1
L1-L2,29,2,,1
L1-L2,29,5,,1
L1-L2,29,8,,1
L1-L2,29,14,,1
L1-L2,29,17,,1
L1-L2,29,19,,1
L1-L2,29,22,,1
L1-L2,29,23,,1
L1-L2,29,27,,1
L1-L2,29,31,,1
L1-L2,29,32,,1
L1-L2,29,37,,1
L1-L2,29,38,,1
L1-L2,29,41,,1
L1-L2,29,44,,1
L1-L2,29,45,,1
L1-L2,29,47,,1
L1-L2,29,49,,1
L1-L2,29,57,,1
L1-L2,29,63,,1
L1-L2,29,64,,1
L1-L2,29,68,,1
L1-L2,29,75,,1
L1-L2,29,79,,1
L1-L2,29,81,,1
L1-L2,29,85,,1
L1-L2,29,87,,1
L1-L2,29,88,,1
L1-L2,29,94,,1
L1-L2,29,103,,1
L1-L2,29,106,,1
L1-L2,29,108,,1
L1-L2,29,110,,1
L1-L2,29,111,,1
L1-L2,29,112,,1
L1-L2,29,114,,1
L1-L2,29,115,,1
L1-L2,29,116,,1
L1-L2,29,119,,1
L1-L2,29,126,,1
L1-L2,29,131,,1
L1-L2,29,132,,1
L1-L2,29,136,,1
L1-L2,29,140,,1
L1-L2,29,141,,1
L1-L2,29,142,,1
L1-L2,29,145,,1
L1-L2,29,146,,1
L1-L2,29,147,,1
L1-L2,29,151,,1
L1-L2,29,152,,1
L1-L2,29,158,,1
L1-L2,29,159,,1
L1-L2,29,165,,1
L1-L2,29,166,,1
L1-L2,29,171,,1
L1-L2,29,180,,1
L1-L2,29,187,,1
L1-L2,29,188,,1
L1-L2,29,190,,1
L1-L2,29,192,,1
L1-L2,29,194,,1
L1-L2,29,196,,1
L1-L2,29,200,,1
L1-L2,29,201,,1
L1-L2,29,206,,1
L1-L2,29,216,,1
L1-L2,29,219,,1
L1-L2,29,220,,1
L1-L2,29,222,,1
L1-L2,29,224,,1
L1-L2,29,226,,1
L1-L2,29,230,,1
L1-L2,29,231,,1
L1-L2,29,236,,1
L1-L2,29,237,,1
L1-L2,29,241,,1
L1-L2,29,242,,1
L1-L2,29,243,,1
L1-L2,29,245,,1
L1-L2,29,246,,1
L1-L2,29,247,,1
L1-L2,29,248,,1
L1-L2,29,249,,1
L1-L2,29,250,,1
L1-L2,30,0,,1
L1-L2,30,4,,1
L1-L2,30,10,,1
L1-L2,30,11,,1
L1-L2,30,12,,1
L1-L2,30,19,,1
L1-L2,30,20,,1
L1-L2,30,22,,1
L1-L2,30,26,,1
L1-L2,30,30,,1
L1-L2,30,35,,1
L1-L2,30,37,,1
L1-L2,30,39,,1
L1-L2,30,44,,1
L1-L2,30,49,,1
L1-L2,30,55,,1
L1-L2,30,56,,1
L1-L2,30,57,,1
L1-L2,30,59,,1
L1-L2,30,60,,1
L1-L2,30,61,,1
L1-L2,30,63,,1
L1-L2,30,68,,1
L1-L2,30,70,,1
L1-L2,30,73,,1
L1-L2,30,74,,1
L1-L2,30,75,,1
L1-L2,30,76,,1
L1-L2,30,79,,1
L1-L2,30,80,,1
L1-L2,30,81,,1
L1-L2,30,85,,1
L1-L2,30,88,,1
L1-L2,30,89,,1
L1-L2,30,91,,1
L1-L2,30,92,,1
L1-L2,30,94,,1
L1-L2,30,97,,1
L1-L2,30,98,,1
L1-L2,30,100,,1
L1-L2,30,103,,1
L1-L2,30,105,,1
L1-L2,30,107,,1
L1-L2,30,110,,1
L1-L2,30,113,,1
L1-L2,30,115,,1
L1-L2,30,116,,1
L1-L2,30,121,,1
L1-L2,30,124,,1
L1-L2,30,125,,1
L1-L2,30,126,,1
L1-L2,30,129,,1
L1-L2,30,131,,1
L1-L2,30,134,,1
L1-L2,30,136,,1
L1-L2,30,139,,1
L1-L2,30,142,,1
L1-L2,30,144,,1
L1-L2,30,145,,1
L1-L2,30,146,,1
L1-L2,30,148,,1
L1-L2,30,149,,1
L1-L2,30,152,,1
L1-L2,30,153,,1
L1-L2,30,154,,1
L1-L2,30,157,,1
L1-L2,30,159,,1
L1-L2,30,161,,1
L1-L2,30,163,,1
L1-L2,30,164,,1
L1-L2,30,165,,1
L1-L2,30,173,,1
L1-L2,30,174,,1
L1-L2,30,175,,1
L1-L2,30,176,,1
L1-L2,30,180,,1
L1-L2,30,181,,1
L1-L2,30,185,,1
L1-L2,30,189,,1
L1-L2,30,190,,1
L1-L2,30,193,,1
L1-L2,30,194,,1
L1-L2,30,195,,1
L1-L2,30,199,,1
L1-L2,30,201,,1
L1-L2,30,202,,1
L1-L2,30,203,,1
L1-L2,30,204,,1
L1-L2,30,206,,1
L1-L2,30,208,,1
L1-L2,30,212,,1
L1-L2,30,216,,1
L1-L2,30,217,,1
L1-L2,30,218,,1
L1-L2,30,219,,1
L1-L2,30,220,,1
L1-L2,30,221,,1
L1-L2,30,223,,1
L1-L2,30,224,,1
L1-L2,30,226,,1
L1-L2,30,227,,1
L1-L2,30,229,,1
L1-L2,30,230,,1
L1-L2,30,231,,1
L1-L2,30,232,,1
L1-L2,30,233,,1
L1-L2,30,235,,1
L1-L2,30,238,,1
L1-L2,30,242,,1
L1-L2,30,249,,1
L1-L2,30,250,,1
L1-L2,30,251,,1
L1-L2,30,252,,1
L1-L2,30,255,,1
L1-L2,31,3,,1
L1-L2,31,8,,1
L1-L2,31,9,,1
L1-L2,31,13,,1
L1-L2,31,14,,1
L1-L2,31,17,,1
L1-L2,31,19,,1
L1-L2,31,29,,1
L1-L2,31,34,,1
L1-L2,31,36,,1
L1-L2,31,38,,1
L1-L2,31,40,,1
L1-L2,31,41,,1
L1-L2,31,47,,1
L1-L2,31,48,,1
L1-L2,31,50,,1
L1-L2,31,51,,1
L1-L2,31,52,,1
L1-L2,31,53,,1
L1-L2,31,54,,1
L1-L2,31,58,,1
L1-L2,31,61,,1
L1-L2,31,64,,1
L1-L2,31,67,,1
L1-L2,31,72,,1
L1-L2,31,75,,1
L1-L2,31,76,,1
L1-L2,31,77,,1
L1-L2,31,78,,1
L1-L2,31,82,,1
L1-L2,31,86,,1
L1-L2,31,87,,1
L1-L2,31,88,,1
L1-L2,31,90,,1
L1-L2,31,96,,1
L1-L2,31,103,,1
L1-L2,31,106,,1
L1-L2,31,107,,1
L1-L2,31,108,,1
L1-L2,31,111,,1
L1-L2,31,117,,1
L1-L2,31,118,,1
L1-L2,31,120,,1
L1-L2,31,121,,1
L1-L2,31,122,,1
L1-L2,31,126,,1
L1-L2,31,127,,1
L1-L2,31,128,,1
L1-L2,31,132,,1
L1-L2,31,134,,1
L1-L2,31,137,,1
L1-L2,31,143,,1
L1-L2,31,146,,1
L1-L2,31,149,,1
L1-L2,31,156,,1
L1-L2,31,157,,1
L1-L2,31,158,,1
L1-L2,31,160,,1
L1-L2,31,164,,1
L1-L2,31,165,,1
L1-L2,31,166,,1
L1-L2,31,167,,1
L1-L2,31,169,,1
L1-L2,31,170,,1
L1-L2,31,171,,1
L1-L2,31,172,,1
L1-L2,31,173,,1
L1-L2,31,178,,1
L1-L2,31,179,,1
L1-L2,31,181,,1
L1-L2,31,182,,1
L1-L2,31,185,,1
L1-L2,31,186,,1
L1-L2,31,188,,1
L1-L2,31,191,,1
L1-L2,31,193,,1
L1-L2,31,194,,1
L1-L2,31,195,,1
L1-L2,31,197,,1
L1-L2,31,198,,1
L1-L2,31,199,,1
L1-L2,31,203,,1
L1-L2,31,205,,1
L1-L2,31,206,,1
L1-L2,31,207,,1
L1-L2,31,209,,1
L1-L2,31,216,,1
L1-L2,31,218,,1
L1-L2,31,219,,1
L1-L2,31,221,,1
L1-L2,31,223,,1
L1-L2,31,226,,1
L1-L2,31,231,,1
L1-L2,31,232,,1
L1-L2,31,234,,1
L1-L2,31,235,,1
L1-L2,31,239,,1
L1-L2,31,240,,1
L1-L2,31,241,,1
L1-L2,31,245,,1
L1-L2,31,249,,1
L1-L2,31,251,,1
L1-L2,32,1,,1
L1-L2,32,3,,1
L1-L2,32,4,,1
L1-L2,32,8,,1
L1-L2,32,23,,1
L1-L2,32,26,,1
L1-L2,32,27,,1
L1-L2,32,28,,1
L1-L2,32,29,,1
L1-L2,32,30,,1
L1-L2,32,32,,1
L1-L2,32,33,,1
L1-L2,32,34,,1
L1-L2,32,44,,1
L1-L2,32,46,,1
L1-L2,32,48,,1
L1-L2,32,50,,1
L1-L2,32,51,,1
L1-L2,32,52,,1
L1-L2,32,53,,1
L1-L2,32,61,,1
L1-L2,32,62,,1
L1-L2,32,64,,1
L1-L2,32,66,,1
L1-L2,32,67,,1
L1-L2,32,68,,1
L1-L2,32,70,,1
L1-L2,32,71,,1
L1-L2,32,78,,1
L1-L2,32,80,,1
L1-L2,32,82,,1
L1-L2,32,86,,1
L1-L2,32,88,,1
L1-L2,32,93,,1
L1-L2,32,95,,1
L1-L2,32,99,,1
L1-L2,32,100,,1
L1-L2,32,102,,1
L1-L2,32,104,,1
L1-L2,32,106,,1
L1-L2,32,108,,1
L1-L2,32,110,,1
L1-L2,32,111,,1
L1-L2,32,113,,1
L1-L2,32,114,,1
L1-L2,32,115,,1
L1-L2,32,116,,1
L1-L2,32,118,,1
L1-L2,32,119,,1
L1-L2,32,122,,1
L1-L2,32,126,,1
L1-L2,32,128,,1
L1-L2,32,132,,1
L1-L2,32,135,,1
L1-L2,32,137,,1
L1-L2,32,144,,1
L1-L2,32,146,,1
L1-L2,32,148,,1
L1-L2,32,149,,1
L1-L2,32,150,,1
L1-L2,32,152,,1
L1-L2,32,156,,1
L1-L2,32,159,,1
L1-L2,32,163,,1
L1-L2,32,166,,1
L1-L2,32,167,,1
L1-L2,32,168,,1
L1-L2,32,169,,1
L1-L2,32,170,,1
L1-L2,32,171,,1
L1-L2,32,174,,1
L1-L2,32,175,,1
L1-L2,32,177,,1
L1-L2,32,183,,1
L1-L2,32,186,,1
L1-L2,32,187,,1
L1-L2,32,191,,1
L1-L2,32,193,,1
L1-L2,32,194,,1
L1-L2,32,199,,1
L1-L2,32,200,,1
L1-L2,32,201,,1
L1-L2,32,202,,1
L1-L2,32,203,,1
L1-L2,32,204,,1
L1-L2,32,205,,1
L1-L2,32,206,,1
L1-L2,32,209,,1
L1-L2,32,211,,1
L1-L2,32,213,,1
L1-L2,32,215,,1
L1-L2,32,216,,1
L1-L2,32,217,,1
L1-L2,32,218,,1
L1-L2,32,219,,1
L1-L2,32,221,,1
L1-L2,32,222,,1
L1-L2,32,224,,1
L1-L2,32,225,,1
L1-L2,32,227,,1
L1-L2,32,228,,1
L1-L2,32,229,,1
L1-L2,32,233,,1
L1-L2,32,234,,1
L1-L2,32,236,,1
L1-L2,32,237,,1
L1-L2,32,238,,1
L1-L2,32,241,,1
L1-L2,32,242,,1
L1-L2,32,245,,1
L1-L2,32,246,,1
L1-L2,32,249,,1
L1-L2,32,251,,1
L1-L2,32,252,,1
L1-L2,32,254,,1
L1-L2,32,255,,1
L1-L2,33,4,,1
L1-L2,33,11,,1
L1-L2,33,14,,1
L1-L2,33,17,,1
L1-L2,33,23,,1
L1-L2,33,25,,1
L1-L2,33,36,,1
L1-L2,33,38,,1
L1-L2,33,41,,1
L1-L2,33,43,,1
L1-L2,33,44,,1
L1-L2,33,48,,1
L1-L2,33,56,,1
L1-L2,33,58,,1
L1-L2,33,59,,1
L1-L2,33,60,,1
L1-L2,33,61,,1
L1-L2,33,63,,1
L1-L2,33,65,,1
L1-L2,33,69,,1
L1-L2,33,74,,1
L1-L2,33,77,,1
L1-L2,33,78,,1
L1-L2,33,79,,1
L1-L2,33,80,,1
L1-L2,33,82,,1
L1-L2,33,84,,1
L1-L2,33,92,,1
L1-L2,33,96,,1
L1-L2,33,98,,1
L1-L2,33,100,,1
L1-L2,33,102,,1
L1-L2,33,111,,1
L1-L2,33,115,,1
L1-L2,33,117,,1
L1-L2,33,118,,1
L1-L2,33,119,,1
L1-L2,33,128,,1
L1-L2,33,129,,1
L1-L2,33,130,,1
L1-L2,33,131,,1
L1-L2,33,136,,1
L1-L2,33,141,,1
L1-L2,33,142,,1
L1-L2,33,144,,1
L1-L2,33,147,,1
L1-L2,33,148,,1
L1-L2,33,151,,1
L1-L2,33,154,,1
L1-L2,33,156,,1
L1-L2,33,157,,1
L1-L2,33,161,,1
L1-L2,33,166,,1
L1-L2,33,173,,1
L1-L2,33,175,,1
L1-L2,33,178,,1
L1-L2,33,179,,1
L1-L2,33,180,,1
L1-L2,33,181,,1
L1-L2,33,186,,1
L1-L2,33,187,,1
L1-L2,33,189,,1
L1-L2,33,193,,1
L1-L2,33,196,,1
L1-L2,33,197,,1
L1-L2,33,200,,1
L1-L2,33,202,,1
L1-L2,33,205,,1
L1-L2,33,206,,1
L1-L2,33,209,,1
L1-L2,33,212,,1
L1-L2,33,217,,1
L1-L2,33,218,,1
L1-L2,33,220,,1
L1-L2,33,221,,1
L1-L2,33,224,,1
L1-L2,33,226,,1
L1-L2,33,227,,1
L1-L2,33,228,,1
L1-L2,33,229,,1
L1-L2,33,235,,1
L1-L2,33,236,,1
L1-L2,33,237,,1
L1-L2,33,238,,1
L1-L2,33,240,,1
L1-L2,33,241,,1
L1-L2,33,243,,1
L1-L2,33,245,,1
L1-L2,33,246,,1
L1-L2,33,249,,1
L1-L2,33,251,,1
L1-L2,33,253,,1
L1-L2,33,254,,1
L1-L2,34,0,,1
L1-L2,34,1,,1
L1-L2,34,5,,1
L1-L2,34,13,,1
L1-L2,34,20,,1
L1-L2,34,22,,1
L1-L2,34,29,,1
L1-L2,34,33,,1
L1-L2,34,34,,1
L1-L2,34,43,,1
L1-L2,34,46,,1
L1-L2,34,47,,1
L1-L2,34,49,,1
L1-L2,34,56,,1
L1-L2,34,61,,1
L1-L2,34,69,,1
L1-L2,34,70,,1
L1-L2,34,73,,1
L1-L2,34,74,,1
L1-L2,34,76,,1
L1-L2,34,80,,1
L1-L2,34,87,,1
L1-L2,34,89,,1
L1-L2,34,92,,1
L1-L2,34,94,,1
L1-L2,34,95,,1
L1-L2,34,97,,1
L1-L2,34,101,,1
L1-L2,34,110,,1
L1-L2,34,116,,1
L1-L2,34,122,,1
L1-L2,34,130,,1
L1-L2,34,131,,1
L1-L2,34,132,,1
L1-L2,34,144,,1
L1-L2,34,150,,1
L1-L2,34,151,,1
L1-L2,34,155,,1
L1-L2,34,157,,1
L1-L2,34,158,,1
L1-L2,34,161,,1
L1-L2,34,162,,1
L1-L2,34,167,,1
L1-L2,34,169,,1
L1-L2,34,173,,1
L1-L2,34,175,,1
L1-L2,34,176,,1
L1-L2,34,181,,1
L1-L2,34,183,,1
L1-L2,34,184,,1
L1-L2,34,189,,1
L1-L2,34,191,,1
L1-L2,34,194,,1
L1-L2,34,197,,1
L1-L2,34,198,,1
L1-L2,34,199,,1
L1-L2,34,200,,1
L1-L2,34,202,,1
L1-L2,34,206,,1
L1-L2,34,207,,1
L1-L2,34,208,,1
L1-L2,34,214,,1
L1-L2,34,215,,1
L1-L2,34,216,,1
L1-L2,34,221,,1
L1-L2,34,222,,1
L1-L2,34,225,,1
L1-L2,34,226,,1
L1-L2,34,231,,1
L1-L2,34,238,,1
L1-L2,34,240,,1
L1-L2,34,242,,1
L1-L2,34,243,,1
L1-L2,34,244,,1
L1-L2,34,245,,1
L1-L2,34,247,,1
L1-L2,34,251,,1
L1-L2,34,252,,1
L1-L2,34,253,,1
L1-L2,34,254,,1
L1-L2,35,0,,1
L1-L2,35,1,,1
L1-L2,35,5,,1
L1-L2,35,10,,1
L1-L2,35,11,,1
L1-L2,35,19,,1
L1-L2,35,21,,1
L1-L2,35,24,,1
L1-L2,35,25,,1
L1-L2,35,28,,1
L1-L2,35,32,,1
L1-L2,35,33,,1
L1-L2,35,34,,1
L1-L2,35,38,,1
L1-L2,35,39,,1
L1-L2,35,40,,1
L1-L2,35,42,,1
L1-L2,35,43,,1
L1-L2,35,44,,1
L1-L2,35,45,,1
L1-L2,35,47,,1
L1-L2,35,50,,1
L1-L2,35,54,,1
L1-L2,35,58,,1
L1-L2,35,64,,1
L1-L2,35,66,,1
L1-L2,35,74,,1
L1-L2,35,75,,1
L1-L2,35,79,,1
L1-L2,35,81,,1
L1-L2,35,83,,1
L1-L2,35,84,,1
L1-L2,35,86,,1
L1-L2,35,87,,1
L1-L2,35,90,,1
L1-L2,35,93,,1
L1-L2,35,95,,1
L1-L2,35,98,,1
L1-L2,35,100,,1
L1-L2,35,103,,1
L1-L2,35,110,,1
L1-L2,35,111,,1
L1-L2,35,113,,1
L1-L2,35,114,,1
L1-L2,35,116,,1
L1-L2,35,117,,1
L1-L2,35,120,,1
L1-L2,35,122,,1
L1-L2,35,123,,1
L1-L2,35,127,,1
L1-L2,35,131,,1
L1-L2,35,132,,1
L1-L2,35,134,,1
L1-L2,35,135,,1
L1-L2,35,138,,1
L1-L2,35,142,,1
L1-L2,35,144,,1
L1-L2,35,147,,1
L1-L2,35,148,,1
L1-L2,35,149,,1
L1-L2,35,150,,1
L1-L2,35,152,,1
L1-L2,35,154,,1
L1-L2,35,155,,1
L1-L2,35,157,,1
L1-L2,35,160,,1
L1-L2,35,161,,1
L1-L2,35,162,,1
L1-L2,35,164,,1
L1-L2,35,166,,1
L1-L2,35,167,,1
L1-L2,35,168,,1
L1-L2,35,171,,1
L1-L2,35,173,,1
L1-L2,35,174,,1
L1-L2,35,178,,1
L1-L2,35,180,,1
L1-L2,35,181,,1
L1-L2,35,182,,1
L1-L2,35,184,,1
L1-L2,35,185,,1
L1-L2,35,186,,1
L1-L2,35,189,,1
L1-L2,35,191,,1
L1-L2,35,193,,1
L1-L2,35,197,,1
L1-L2,35,199,,1
L1-L2,35,200,,1
L1-L2,35,201,,1
L1-L2,35,202,,1
L1-L2,35,205,,1
L1-L2,35,206,,1
L1-L2,35,209,,1
L1-L2,35,210,,1
L1-L2,35,211,,1
L1-L2,35,213,,1
L1-L2,35,216,,1
L1-L2,35,219,,1
L1-L2,35,222,,1
L1-L2,35,223,,1
L1-L2,35,225,,1
L1-L2,35,230,,1
L1-L2,35,231,,1
L1-L2,35,236,,1
L1-L2,35,240,,1
L1-L2,35,241,,1
L1-L2,35,243,,1
L1-L2,35,244,,1
L1-L2,35,245,,1
L1-L2,35,246,,1
L1-L2,35,252,,1
L1-L2,36,1,,1
L1-L2,36,3,,1
L1-L2,36,15,,1
L1-L2,36,18,,1
L1-L2,36,22,,1
L1-L2,36,23,,1
L1-L2,36,24,,1
L1-L2,36,27,,1
L1-L2,36,30,,1
L1-L2,36,31,,1
L1-L2,36,33,,1
L1-L2,36,34,,1
L1-L2,36,37,,1
L1-L2,36,38,,1
L1-L2,36,43,,1
L1-L2,36,46,,1
L1-L2,36,47,,1
L1-L2,36,51,,1
L1-L2,36,52,,1
L1-L2,36,53,,1
L1-L2,36,54,,1
L1-L2,36,57,,1
L1-L2,36,59,,1
L1-L2,36,63,,1
L1-L2,36,64,,1
L1-L2,36,67,,1
L1-L2,36,69,,1
L1-L2,36,73,,1
L1-L2,36,77,,1
L1-L2,36,78,,1
L1-L2,36,79,,1
L1-L2,36,81,,1
L1-L2,36,82,,1
L1-L2,36,86,,1
L1-L2,36,90,,1
L1-L2,36,93,,1
L1-L2,36,94,,1
L1-L2,36,95,,1
L1-L2,36,97,,1
L1-L2,36,101,,1
L1-L2,36,102,,1
L1-L2,36,108,,1
L1-L2,36,111,,1
L1-L2,36,113,,1
L1-L2,36,114,,1
L1-L2,36,117,,1
L1-L2,36,122,,1
L1-L2,36,126,,1
L1-L2,36,130,,1
L1-L2,36,132,,1
L1-L2,36,134,,1
L1-L2,36,136,,1
L1-L2,36,140,,1
L1-L2,36,144,,1
L1-L2,36,145,,1
L1-L2,36,147,,1
L1-L2,36,148,,1
L1-L2,36,149,,1
L1-L2,36,151,,1
L1-L2,36,154,,1
L1-L2,36,158,,1
L1-L2,36,160,,1
L1-L2,36,164,,1
L1-L2,36,166,,1
L1-L2,36,169,,1
L1-L2,36,170,,1
L1-L2,36,176,,1
L1-L2,36,182,,1
L1-L2,36,186,,1
L1-L2,36,189,,1
L1-L2,36,190,,1
L1-L2,36,194,,1
L1-L2,36,196,,1
L1-L2,36,198,,1
L1-L2,36,204,,1
L1-L2,36,207,,1
L1-L2,36,208,,1
L1-L2,36,210,,1
L1-L2,36,211,,1
L1-L2,36,216,,1
L1-L2,36,219,,1
L1-L2,36,222,,1
L1-L2,36,224,,1
L1-L2,36,225,,1
L1-L2,36,226,,1
L1-L2,36,227,,1
L1-L2,36,229,,1
L1-L2,36,233,,1
L1-L2,36,235,,1
L1-L2,36,237,,1
L1-L2,36,238,,1
L1-L2,36,241,,1
L1-L2,36,245,,1
L1-L2,36,246,,1
L1-L2,36,249,,1
L1-L2,36,252,,1
L1-L2,36,254,,1
L1-L2,36,255,,1
L1-L2,37,1,,1
L1-L2,37,3,,1
L1-L2,37,6,,1
L1-L2,37,7,,1
L1-L2,37,9,,1
L1-L2,37,13,,1
L1-L2,37,15,,1
L1-L2,37,17,,1
L1-L2,37,19,,1
L1-L2,37,20,,1
L1-L2,37,25,,1
L1-L2,37,28,,1
L1-L2,37,31,,1
L1-L2,37,32,,1
L1-L2,37,34,,1
L1-L2,37,37,,1
L1-L2,37,39,,1
L1-L2,37,42,,1
L1-L2,37,46,,1
L1-L2,37,47,,1
L1-L2,37,48,,1
L1-L2,37,49,,1
L1-L2,37,50,,1
L1-L2,37,55,,1
L1-L2,37,60,,1
L1-L2,37,61,,1
L1-L2,37,64,,1
L1-L2,37,67,,1
L1-L2,37,68,,1
L1-L2,37,76,,1
L1-L2,37,82,,1
L1-L2,37,89,,1
L1-L2,37,98,,1
L1-L2,37,100,,1
L1-L2,37,102,,1
L1-L2,37,104,,1
L1-L2,37,107,,1
L1-L2,37,109,,1
L1-L2,37,111,,1
L1-L2,37,112,,1
L1-L2,37,116,,1
L1-L2,37,120,,1
L1-L2,37,122,,1
L1-L2,37,123,,1
L1-L2,37,124,,1
L1-L2,37,129,,1
L1-L2,37,131,,1
L1-L2,37,132,,1
L1-L2,37,142,,1
L1-L2,37,145,,1
L1-L2,37,146,,1
L1-L2,37,149,,1
L1-L2,37,150,,1
L1-L2,37,152,,1
L1-L2,37,153,,1
L1-L2,37,154,,1
L1-L2,37,156,,1
L1-L2,37,158,,1
L1-L2,37,160,,1
L1-L2,37,161,,1
L1-L2,37,168,,1
L1-L2,37,170,,1
L1-L2,37,171,,1
L1-L2,37,172,,1
L1-L2,37,175,,1
L1-L2,37,177,,1
L1-L2,37,178,,1
L1-L2,37,179,,1
L1-L2,37,181,,1
L1-L2,37,187,,1
L1-L2,37,192,,1
L1-L2,37,194,,1
L1-L2,37,196,,1
L1-L2,37,198,,1
L1-L2,37,199,,1
L1-L2,37,200,,1
L1-L2,37,204,,1
L1-L2,37,205,,1
L1-L2,37,206,,1
L1-L2,37,210,,1
L1-L2,37,218,,1
L1-L2,37,220,,1
L1-L2,37,221,,1
L1-L2,37,222,,1
L1-L2,37,223,,1
L1-L2,37,229,,1
L1-L2,37,233,,1
L1-L2,37,234,,1
L1-L2,37,236,,1
L1-L2,37,237,,1
L1-L2,37,241,,1
L1-L2,37,242,,1
L1-L2,37,243,,1
L1-L2,37,245,,1
L1-L2,37,246,,1
L1-L2,37,247,,1
L1-L2,37,248,,1
L1-L2,37,249,,1
L1-L2,37,251,,1
L1-L2,37,252,,1
L1-L2,37,253,,1
L1-L2,37,255,,1
L1-L2,38,4,,1
L1-L2,38,8,,1
L1-L2,38,9,,1
L1-L2,38,10,,1
L1-L2,38,13,,1
L1-L2,38,14,,1
L1-L2,38,16,,1
L1-L2,38,17,,1
L1-L2,38,20,,1
L1-L2,38,22,,1
L1-L2,38,25,,1
L1-L2,38,36,,1
L1-L2,38,37,,1
L1-L2,38,39,,1
L1-L2,38,40,,1
L1-L2,38,41,,1
L1-L2,38,43,,1
L1-L2,38,49,,1
L1-L2,38,55,,1
L1-L2,38,59,,1
L1-L2,38,62,,1
L1-L2,38,66,,1
L1-L2,38,68,,1
L1-L2,38,69,,1
L1-L2,38,74,,1
L1-L2,38,76,,1
L1-L2,38,77,,1
L1-L2,38,79,,1
L1-L2,38,87,,1
L1-L2,38,89,,1
L1-L2,38,92,,1
L1-L2,38,95,,1
L1-L2,38,96,,1
L1-L2,38,98,,1
L1-L2,38,100,,1
L1-L2,38,102,,1
L1-L2,38,105,,1
L1-L2,38,110,,1
L1-L2,38,117,,1
L1-L2,38,120,,1
L1-L2,38,121,,1
L1-L2,38,123,,1
L1-L2,38,124,,1
L1-L2,38,127,,1
L1-L2,38,131,,1
L1-L2,38,133,,1
L1-L2,38,140,,1
L1-L2,38,146,,1
L1-L2,38,147,,1
L1-L2,38,149,,1
L1-L2,38,152,,1
L1-L2,38,154,,1
L1-L2,38,155,,1
L1-L2,38,159,,1
L1-L2,38,162,,1
L1-L2,38,166,,1
L1-L2,38,167,,1
L1-L2,38,170,,1
L1-L2,38,171,,1
L1-L2,38,172,,1
L1-L2,38,173,,1
L1-L2,38,174,,1
L1-L2,38,175,,1
L1-L2,38,177,,1
L1-L2,38,181,,1
L1-L2,38,183,,1
L1-L2,38,185,,1
L1-L2,38,186,,1
L1-L2,38,187,,1
L1-L2,38,190,,1
L1-L2,38,191,,1
L1-L2,38,193,,1
L1-L2,38,194,,1
L1-L2,38,195,,1
L1-L2,38,197,,1
L1-L2,38,200,,1
L1-L2,38,202,,1
L1-L2,38,203,,1
L1-L2,38,206,,1
L1-L2,38,207,,1
L1-L2,38,214,,1
L1-L2,38,215,,1
L1-L2,38,217,,1
L1-L2,38,218,,1
L1-L2,38,219,,1
L1-L2,38,223,,1
L1-L2,38,226,,1
L1-L2,38,227,,1
L1-L2,38,230,,1
L1-L2,38,231,,1
L1-L2,38,233,,1
L1-L2,38,234,,1
L1-L2,38,235,,1
L1-L2,38,236,,1
L1-L2,38,238,,1
L1-L2,38,243,,1
L1-L2,38,245,,1
L1-L2,38,247,,1
L1-L2,38,248,,1
L1-L2,38,252,,1
L1-L2,39,2,,1
L1-L2,39,4,,1
L1-L2,39,6,,1
L1-L2,39,8,,1
L1-L2,39,15,,1
L1-L2,39,19,,1
L1-L2,39,22,,1
L1-L2,39,23,,1
L1-L2,39,25,,1
L1-L2,39,29,,1
L1-L2,39,34,,1
L1-L2,39,37,,1
L1-L2,39,38,,1
L1-L2,39,39,,1
L1-L2,39,44,,1
L1-L2,39,46,,1
L1-L2,39,52,,1
L1-L2,39,56,,1
L1-L2,39,57,,1
L1-L2,39,62,,1
L1-L2,39,68,,1
L1-L2,39,69,,1
L1-L2,39,72,,1
L1-L2,39,79,,1
L1-L2,39,80,,1
L1-L2,39,87,,1
L1-L2,39,89,,1
L1-L2,39,92,,1
L1-L2,39,93,,1
L1-L2,39,94,,1
L1-L2,39,98,,1
L1-L2,39,99,,1
L1-L2,39,101,,1
L1-L2,39,105,,1
L1-L2,39,108,,1
L1-L2,39,110,,1
L1-L2,39,111,,1
L1-L2,39,115,,1
L1-L2,39,116,,1
L1-L2,39,117,,1
L1-L2,39,118,,1
L1-L2,39,120,,1
L1-L2,39,123,,1
L1-L2,39,124,,1
L1-L2,39,125,,1
L1-L2,39,126,,1
L1-L2,39,128,,1
L1-L2,39,129,,1
L1-L2,39,130,,1
L1-L2,39,132,,1
L1-L2,39,133,,1
L1-L2,39,134,,1
L1-L2,39,136,,1
L1-L2,39,138,,1
L1-L2,39,141,,1
L1-L2,39,143,,1
L1-L2,39,145,,1
L1-L2,39,146,,1
L1-L2,39,147,,1
L1-L2,39,148,,1
L1-L2,39,152,,1
L1-L2,39,153,,1
L1-L2,39,154,,1
L1-L2,39,155,,1
L1-L2,39,156,,1
L1-L2,39,157,,1
L1-L2,39,159,,1
L1-L2,39,160,,1
L1-L2,39,162,,1
L1-L2,39,168,,1
L1-L2,39,172,,1
L1-L2,39,173,,1
L1-L2,39,176,,1
L1-L2,39,177,,1
L1-L2,39,180,,1
L1-L2,39,181,,1
L1-L2,39,183,,1
L1-L2,39,184,,1
L1-L2,39,186,,1
L1-L2,39,187,,1
L1-L2,39,193,,1
L1-L2,39,196,,1
L1-L2,39,199,,1
L1-L2,39,201,,1
L1-L2,39,204,,1
L1-L2,39,205,,1
L1-L2,39,207,,1
L1-L2,39,208,,1
L1-L2,39,209,,1
L1-L2,39,212,,1
L1-L2,39,213,,1
L1-L2,39,215,,1
L1-L2,39,220,,1
L1-L2,39,223,,1
L1-L2,39,226,,1
L1-L2,39,228,,1
L1-L2,39,230,,1
L1-L2,39,231,,1
L1-L2,39,233,,1
L1-L2,39,237,,1
L1-L2,39,239,,1
L1-L2,39,241,,1
L1-L2,39,246,,1
L1-L2,39,251,,1
L1-L2,39,255,,1
L1-L2,40,1,,1
L1-L2,40,2,,1
L1-L2,40,8,,1
L1-L2,40,9,,1
L1-L2,40,12,,1
L1-L2,40,13,,1
L1-L2,40,14,,1
L1-L2,40,15,,1
L1-L2,40,16,,1
L1-L2,40,22,,1
L1-L2,40,24,,1
L1-L2,40,25,,1
L1-L2,40,30,,1
L1-L2,40,38,,1
L1-L2,40,41,,1
L1-L2,40,42,,1
L1-L2,40,43,,1
L1-L2,40,46,,1
L1-L2,40,57,,1
L1-L2,40,59,,1
L1-L2,40,65,,1
L1-L2,40,66,,1
L1-L2,40,70,,1
L1-L2,40,71,,1
L1-L2,40,72,,1
L1-L2,40,74,,1
L1-L2,40,77,,1
L1-L2,40,78,,1
L1-L2,40,79,,1
L1-L2,40,82,,1
L1-L2,40,83,,1
L1-L2,40,85,,1
L1-L2,40,86,,1
L1-L2,40,87,,1
L1-L2,40,88,,1
L1-L2,40,93,,1
L1-L2,40,95,,1
L1-L2,40,98,,1
L1-L2,40,100,,1
L1-L2,40,102,,1
L1-L2,40,104,,1
L1-L2,40,109,,1
L1-L2,40,112,,1
L1-L2,40,113,,1
L1-L2,40,115,,1
L1-L2,40,118,,1
L1-L2,40,119,,1
L1-L2,40,127,,1
L1-L2,40,133,,1
L1-L2,40,137,,1
L1-L2,40,139,,1
L1-L2,40,140,,1
L1-L2,40,143,,1
L1-L2,40,145,,1
L1-L2,40,146,,1
L1-L2,40,147,,1
L1-L2,40,148,,1
L1-L2,40,154,,1
L1-L2,40,155,,1
L1-L2,40,157,,1
L1-L2,40,158,,1
L1-L2,40,160,,1
L1-L2,40,164,,1
L1-L2,40,166,,1
L1-L2,40,168,,1
L1-L2,40,169,,1
L1-L2,40,170,,1
L1-L2,40,172,,1
L1-L2,40,173,,1
L1-L2,40,179,,1
L1-L2,40,185,,1
L1-L2,40,188,,1
L1-L2,40,189,,1
L1-L2,40,190,,1
L1-L2,40,192,,1
L1-L2,40,194,,1
L1-L2,40,199,,1
L1-L2,40,200,,1
L1-L2,40,201,,1
L1-L2,40,202,,1
L1-L2,40,206,,1
L1-L2,40,207,,1
L1-L2,40,208,,1
L1-L2,40,209,,1
L1-L2,40,211,,1
L1-L2,40,216,,1
L1-L2,40,219,,1
L1-L2,40,220,,1
L1-L2,40,221,,1
L1-L2,40,222,,1
L1-L2,40,224,,1
L1-L2,40,229,,1
L1-L2,40,230,,1
L1-L2,40,231,,1
L1-L2,40,236,,1
L1-L2,40,238,,1
L1-L2,40,239,,1
L1-L2,40,240,,1
L1-L2,40,241,,1
L1-L2,40,242,,1
L1-L2,40,245,,1
L1-L2,40,246,,1
L1-L2,40,252,,1
L1-L2,40,254,,1
L1-L2,40,255,,1
L1-L2,41,1,,1
L1-L2,41,3,,1
L1-L2,41,5,,1
L1-L2,41,7,,1
L1-L2,41,8,,1
L1-L2,41,13,,1
L1-L2,41,19,,1
L1-L2,41,24,,1
L1-L2,41,26,,1
L1-L2,41,28,,1
L1-L2,41,29,,1
L1-L2,41,35,,1
L1-L2,41,38,,1
L1-L2,41,42,,1
L1-L2,41,49,,1
L1-L2,41,50,,1
L1-L2,41,56,,1
L1-L2,41,58,,1
L1-L2,41,66,,1
L1-L2,41,67,,1
L1-L2,41,72,,1
L1-L2,41,77,,1
L1-L2,41,83,,1
L1-L2,41,91,,1
L1-L2,41,94,,1
L1-L2,41,98,,1
L1-L2,41,108,,1
L1-L2,41,113,,1
L1-L2,41,115,,1
L1-L2,41,118,,1
L1-L2,41,119,,1
L1-L2,41,120,,1
L1-L2,41,122,,1
L1-L2,41,123,,1
L1-L2,41,124,,1
L1-L2,41,125,,1
L1-L2,41,128,,1
L1-L2,41,137,,1
L1-L2,41,140,,1
L1-L2,41,143,,1
L1-L2,41,145,,1
L1-L2,41,147,,1
L1-L2,41,148,,1
L1-L2,41,150,,1
L1-L2,41,152,,1
L1-L2,41,154,,1
L1-L2,41,155,,1
L1-L2,41,157,,1
L1-L2,41,158,,1
L1-L2,41,165,,1
L1-L2,41,170,,1
L1-L2,41,176,,1
L1-L2,41,182,,1
L1-L2,41,183,,1
L1-L2,41,184,,1
L1-L2,41,185,,1
L1-L2,41,188,,1
L1-L2,41,189,,1
L1-L2,41,191,,1
L1-L2,41,192,,1
L1-L2,41,193,,1
L1-L2,41,199,,1
L1-L2,41,200,,1
L1-L2,41,201,,1
L1-L2,41,203,,1
L1-L2,41,204,,1
L1-L2,41,206,,1
L1-L2,41,209,,1
L1-L2,41,210,,1
L1-L2,41,214,,1
L1-L2,41,215,,1
L1-L2,41,216,,1
L1-L2,41,219,,1
L1-L2,41,225,,1
L1-L2,41,226,,1
L1-L2,41,229,,1
L1-L2,41,230,,1
L1-L2,41,231,,1
L1-L2,41,236,,1
L1-L2,41,245,,1
L1-L2,41,249,,1
L1-L2,41,250,,1
L1-L2,41,252,,1
L1-L2,42,3,,1
L1-L2,42,16,,1
L1-L2,42,23,,1
L1-L2,42,24,,1
L1-L2,42,34,,1
L1-L2,42,37,,1
L1-L2,42,44,,1
L1-L2,42,45,,1
L1-L2,42,48,,1
L1-L2,42,56,,1
L1-L2,42,58,,1
L1-L2,42,60,,1
L1-L2,42,67,,1
L1-L2,42,73,,1
L1-L2,42,74,,1
L1-L2,42,77,,1
L1-L2,42,79,,1
L1-L2,42,81,,1
L1-L2,42,86,,1
L1-L2,42,89,,1
L1-L2,42,90,,1
L1-L2,42,94,,1
L1-L2,42,99,,1
L1-L2,42,101,,1
L1-L2,42,104,,1
L1-L2,42,111,,1
L1-L2,42,113,,1
L1-L2,42,115,,1
L1-L2,42,123,,1
L1-L2,42,125,,1
L1-L2,42,127,,1
L1-L2,42,128,,1
L1-L2,42,131,,1
L1-L2,42,139,,1
L1-L2,42,147,,1
L1-L2,42,154,,1
L1-L2,42,155,,1
L1-L2,42,160,,1
L1-L2,42,168,,1
L1-L2,42,172,,1
L1-L2,42,174,,1
L1-L2,42,178,,1
L1-L2,42,179,,1
L1-L2,42,182,,1
L1-L2,42,183,,1
L1-L2,42,188,,1
L1-L2,42,201,,1
L1-L2,42,204,,1
L1-L2,42,207,,1
L1-L2,42,214,,1
L1-L2,42,219,,1
L1-L2,42,223,,1
L1-L2,42,229,,1
L1-L2,42,238,,1
L1-L2,42,248,,1
L1-L2,42,249,,1
L1-L2,42,250,,1
L1-L2,43,3,,1
L1-L2,43,11,,1
L1-L2,43,12,,1
L1-L2,43,13,,1
L1-L2,43,14,,1
L1-L2,43,17,,1
L1-L2,43,23,,1
L1-L2,43,26,,1
L1-L2,43,28,,1
L1-L2,43,30,,1
L1-L2,43,40,,1
L1-L2,43,44,,1
L1-L2,43,51,,1
L1-L2,43,53,,1
L1-L2,43,57,,1
L1-L2,43,60,,1
L1-L2,43,68,,1
L1-L2,43,73,,1
L1-L2,43,75,,1
L1-L2,43,79,,1
L1-L2,43,80,,1
L1-L2,43,93,,1
L1-L2,43,94,,1
L1-L2,43,100,,1
L1-L2,43,106,,1
L1-L2,43,108,,1
L1-L2,43,110,,1
L1-L2,43,112,,1
L1-L2,43,113,,1
L1-L2,43,118,,1
L1-L2,43,120,,1
L1-L2,43,123,,1
L1-L2,43,124,,1
L1-L2,43,125,,1
L1-L2,43,132,,1
L1-L2,43,140,,1
L1-L2,43,141,,1
L1-L2,43,143,,1
L1-L2,43,147,,1
L1-L2,43,148,,1
L1-L2,43,151,,1
L1-L2,43,153,,1
L1-L2,43,155,,1
L1-L2,43,157,,1
L1-L2,43,158,,1
L1-L2,43,162,,1
L1-L2,43,163,,1
L1-L2,43,167,,1
L1-L2,43,170,,1
L1-L2,43,171,,1
L1-L2,43,172,,1
L1-L2,43,176,,1
L1-L2,43,177,,1
L1-L2,43,180,,1
L1-L2,43,184,,1
L1-L2,43,187,,1
L1-L2,43,188,,1
L1-L2,43,190,,1
L1-L2,43,194,,1
L1-L2,43,196,,1
L1-L2,43,199,,1
L1-L2,43,200,,1
L1-L2,43,202,,1
L1-L2,43,203,,1
L1-L2,43,204,,1
L1-L2,43,210,,1
L1-L2,43,211,,1
L1-L2,43,212,,1
L1-L2,43,217,,1
L1-L2,43,220,,1
L1-L2,43,222,,1
L1-L2,43,223,,1
L1-L2,43,224,,1
L1-L2,43,226,,1
L1-L2,43,229,,1
L1-L2,43,234,,1
L1-L2,43,236,,1
L1-L2,43,237,,1
L1-L2,43,238,,1
L1-L2,43,240,,1
L1-L2,43,241,,1
L1-L2,43,242,,1
L1-L2,43,244,,1
L1-L2,43,248,,1
L1-L2,43,253,,1
L1-L2,44,2,,1
L1-L2,44,3,,1
L1-L2,44,6,,1
L1-L2,44,7,,1
L1-L2,44,8,,1
L1-L2,44,11,,1
L1-L2,44,13,,1
L1-L2,44,15,,1
L1-L2,44,17,,1
L1-L2,44,18,,1
L1-L2,44,20,,1
L1-L2,44,21,,1
L1-L2,44,22,,1
L1-L2,44,23,,1
L1-L2,44,26,,1
L1-L2,44,31,,1
L1-L2,44,34,,1
L1-L2,44,35,,1
L1-L2,44,41,,1
L1-L2,44,47,,1
L1-L2,44,49,,1
L1-L2,44,57,,1
L1-L2,44,60,,1
L1-L2,44,66,,1
L1-L2,44,68,,1
L1-L2,44,69,,1
L1-L2,44,72,,1
L1-L2,44,73,,1
L1-L2,44,74,,1
L1-L2,44,78,,1
L1-L2,44,80,,1
L1-L2,44,83,,1
L1-L2,44,84,,1
L1-L2,44,85,,1
L1-L2,44,87,,1
L1-L2,44,88,,1
L1-L2,44,89,,1
L1-L2,44,93,,1
L1-L2,44,94,,1
L1-L2,44,95,,1
L1-L2,44,99,,1
L1-L2,44,101,,1
L1-L2,44,102,,1
L1-L2,44,104,,1
L1-L2,44,106,,1
L1-L2,44,107,,1
L1-L2,44,108,,1
L1-L2,44,109,,1
L1-L2,44,110,,1
L1-L2,44,111,,1
L1-L2,44,112,,1
L1-L2,44,117,,1
L1-L2,44,119,,1
L1-L2,44,121,,1
L1-L2,44,122,,1
L1-L2,44,123,,1
L1-L2,44,124,,1
L1-L2,44,125,,1
L1-L2,44,126,,1
L1-L2,44,129,,1
L1-L2,44,130,,1
L1-L2,44,131,,1
L1-L2,44,132,,1
L1-L2,44,134,,1
L1-L2,44,135,,1
L1-L2,44,137,,1
L1-L2,44,138,,1
L1-L2,44,142,,1
L1-L2,44,143,,1
L1-L2,44,144,,1
L1-L2,44,145,,1
L1-L2,44,148,,1
L1-L2,44,151,,1
L1-L2,44,154,,1
L1-L2,44,156,,1
L1-L2,44,158,,1
L1-L2,44,159,,1
L1-L2,44,161,,1
L1-L2,44,162,,1
L1-L2,44,166,,1
L1-L2,44,167,,1
L1-L2,44,169,,1
L1-L2,44,175,,1
L1-L2,44,179,,1
L1-L2,44,180,,1
L1-L2,44,181,,1
L1-L2,44,183,,1
L1-L2,44,184,,1
L1-L2,44,185,,1
L1-L2,44,186,,1
L1-L2,44,187,,1
L1-L2,44,191,,1
L1-L2,44,192,,1
L1-L2,44,193,,1
L1-L2,44,196,,1
L1-L2,44,198,,1
L1-L2,44,199,,1
L1-L2,44,202,,1
L1-L2,44,205,,1
L1-L2,44,207,,1
L1-L2,44,209,,1
L1-L2,44,212,,1
L1-L2,44,213,,1
L1-L2,44,214,,1
L1-L2,44,216,,1
L1-L2,44,217,,1
L1-L2,44,221,,1
L1-L2,44,222,,1
L1-L2,44,223,,1
L1-L2,44,227,,1
L1-L2,44,230,,1
L1-L2,44,231,,1
L1-L2,44,233,,1
L1-L2,44,234,,1
L1-L2,44,235,,1
L1-L2,44,236,,1
L1-L2,44,237,,1
L1-L2,44,238,,1
L1-L2,44,239,,1
L1-L2,44,241,,1
L1-L2,44,242,,1
L1-L2,44,244,,1
L1-L2,44,245,,1
L1-L2,44,246,,1
L1-L2,44,251,,1
L1-L2,44,252,,1
L1-L2,44,253,,1
L1-L2,45,0,,1
L1-L2,45,2,,1
L1-L2,45,3,,1
L1-L2,45,4,,1
L1-L2,45,8,,1
L1-L2,45,10,,1
L1-L2,45,11,,1
L1-L2,45,12,,1
L1-L2,45,15,,1
L1-L2,45,17,,1
L1-L2,45,19,,1
L1-L2,45,21,,1
L1-L2,45,22,,1
L1-L2,45,24,,1
L1-L2,45,25,,1
L1-L2,45,26,,1
L1-L2,45,29,,1
L1-L2,45,31,,1
L1-L2,45,32,,1
L1-L2,45,33,,1
L1-L2,45,37,,1
L1-L2,45,38,,1
L1-L2,45,39,,1
L1-L2,45,40,,1
L1-L2,45,48,,1
L1-L2,45,50,,1
L1-L2,45,51,,1
L1-L2,45,53,,1
L1-L2,45,55,,1
L1-L2,45,61,,1
L1-L2,45,62,,1
L1-L2,45,63,,1
L1-L2,45,64,,1
L1-L2,45,66,,1
L1-L2,45,71,,1
L1-L2,45,73,,1
L1-L2,45,74,,1
L1-L2,45,77,,1
L1-L2,45,79,,1
L1-L2,45,80,,1
L1-L2,45,82,,1
L1-L2,45,84,,1
L1-L2,45,85,,1
L1-L2,45,89,,1
L1-L2,45,90,,1
L1-L2,45,91,,1
L1-L2,45,93,,1
L1-L2,45,94,,1
L1-L2,45,98,,1
L1-L2,45,100,,1
L1-L2,45,101,,1
L1-L2,45,102,,1
L1-L2,45,103,,1
L1-L2,45,106,,1
L1-L2,45,113,,1
L1-L2,45,115,,1
L1-L2,45,116,,1
L1-L2,45,119,,1
L1-L2,45,122,,1
L1-L2,45,124,,1
L1-L2,45,126,,1
L1-L2,45,129,,1
L1-L2,45,130,,1
L1-L2,45,132,,1
L1-L2,45,133,,1
L1-L2,45,143,,1
L1-L2,45,145,,1
L1-L2,45,147,,1
L1-L2,45,149,,1
L1-L2,45,150,,1
L1-L2,45,152,,1
L1-L2,45,157,,1
L1-L2,45,162,,1
L1-L2,45,163,,1
L1-L2,45,164,,1
L1-L2,45,166,,1
L1-L2,45,170,,1
L1-L2,45,172,,1
L1-L2,45,174,,1
L1-L2,45,175,,1
L1-L2,45,178,,1
L1-L2,45,180,,1
L1-L2,45,185,,1
L1-L2,45,187,,1
L1-L2,45,188,,1
L1-L2,45,189,,1
L1-L2,45,193,,1
L1-L2,45,196,,1
L1-L2,45,199,,1
L1-L2,45,202,,1
L1-L2,45,204,,1
L1-L2,45,206,,1
L1-L2,45,210,,1
L1-L2,45,211,,1
L1-L2,45,212,,1
L1-L2,45,214,,1
L1-L2,45,216,,1
L1-L2,45,218,,1
L1-L2,45,219,,1
L1-L2,45,223,,1
L1-L2,45,224,,1
L1-L2,45,228,,1
L1-L2,45,232,,1
L1-L2,45,235,,1
L1-L2,45,237,,1
L1-L2,45,240,,1
L1-L2,45,241,,1
L1-L2,45,244,,1
L1-L2,45,245,,1
L1-L2,45,247,,1
L1-L2,45,248,,1
L1-L2,45,249,,1
L1-L2,45,250,,1
L1-L2,45,251,,1
L1-L2,45,253,,1
L1-L2,46,4,,1
L1-L2,46,15,,1
L1-L2,46,18,,1
L1-L2,46,19,,1
L1-L2,46,23,,1
L1-L2,46,25,,1
L1-L2,46,27,,1
L1-L2,46,28,,1
L1-L2,46,32,,1
L1-L2,46,33,,1
L1-L2,46,35,,1
L1-L2,46,36,,1
L1-L2,46,37,,1
L1-L2,46,38,,1
L1-L2,46,45,,1
L1-L2,46,46,,1
L1-L2,46,55,,1
L1-L2,46,57,,1
L1-L2,46,58,,1
L1-L2,46,59,,1
L1-L2,46,67,,1
L1-L2,46,71,,1
L1-L2,46,73,,1
L1-L2,46,74,,1
L1-L2,46,75,,1
L1-L2,46,77,,1
L1-L2,46,78,,1
L1-L2,46,81,,1
L1-L2,46,91,,1
L1-L2,46,94,,1
L1-L2,46,96,,1
L1-L2,46,97,,1
L1-L2,46,100,,1
L1-L2,46,104,,1
L1-L2,46,111,,1
L1-L2,46,113,,1
L1-L2,46,116,,1
L1-L2,46,119,,1
L1-L2,46,121,,1
L1-L2,46,123,,1
L1-L2,46,124,,1
L1-L2,46,125,,1
L1-L2,46,128,,1
L1-L2,46,132,,1
L1-L2,46,133,,1
L1-L2,46,134,,1
L1-L2,46,137,,1
L1-L2,46,139,,1
L1-L2,46,140,,1
L1-L2,46,143,,1
L1-L2,46,146,,1
L1-L2,46,148,,1
L1-L2,46,149,,1
L1-L2,46,150,,1
L1-L2,46,151,,1
L1-L2,46,152,,1
L1-L2,46,154,,1
L1-L2,46,156,,1
L1-L2,46,157,,1
L1-L2,46,161,,1
L1-L2,46,163,,1
L1-L2,46,164,,1
L1-L2,46,165,,1
L1-L2,46,167,,1
L1-L2,46,170,,1
L1-L2,46,171,,1
L1-L2,46,174,,1
L1-L2,46,175,,1
L1-L2,46,178,,1
L1-L2,46,179,,1
L1-L2,46,181,,1
L1-L2,46,182,,1
L1-L2,46,183,,1
L1-L2,46,185,,1
L1-L2,46,186,,1
L1-L2,46,190,,1
L1-L2,46,191,,1
L1-L2,46,192,,1
L1-L2,46,193,,1
L1-L2,46,194,,1
L1-L2,46,195,,1
L1-L2,46,197,,1
L1-L2,46,203,,1
L1-L2,46,204,,1
L1-L2,46,208,,1
L1-L2,46,209,,1
L1-L2,46,210,,1
L1-L2,46,213,,1
L1-L2,46,216,,1
L1-L2,46,217,,1
L1-L2,46,218,,1
L1-L2,46,219,,1
L1-L2,46,223,,1
L1-L2,46,225,,1
L1-L2,46,229,,1
L1-L2,46,232,,1
L1-L2,46,234,,1
L1-L2,46,238,,1
L1-L2,46,239,,1
L1-L2,46,241,,1
L1-L2,46,242,,1
L1-L2,46,244,,1
L1-L2,46,246,,1
L1-L2,46,250,,1
L1-L2,46,251,,1
L1-L2,46,252,,1
L1-L2,46,254,,1
L1-L2,46,255,,1
L1-L2,47,3,,1
L1-L2,47,17,,1
L1-L2,47,18,,1
L1-L2,47,19,,1
L1-L2,47,20,,1
L1-L2,47,22,,1
L1-L2,47,24,,1
L1-L2,47,25,,1
L1-L2,47,26,,1
L1-L2,47,29,,1
L1-L2,47,31,,1
L1-L2,47,35,,1
L1-L2,47,38,,1
L1-L2,47,42,,1
L1-L2,47,44,,1
L1-L2,47,53,,1
L1-L2,47,61,,1
L1-L2,47,70,,1
L1-L2,47,71,,1
L1-L2,47,72,,1
L1-L2,47,78,,1
L1-L2,47,80,,1
L1-L2,47,81,,1
L1-L2,47,83,,1
L1-L2,47,88,,1
L1-L2,47,92,,1
L1-L2,47,100,,1
L1-L2,47,101,,1
L1-L2,47,102,,1
L1-L2,47,109,,1
L1-L2,47,111,,1
L1-L2,47,112,,1
L1-L2,47,119,,1
L1-L2,47,121,,1
L1-L2,47,123,,1
L1-L2,47,124,,1
L1-L2,47,125,,1
L1-L2,47,129,,1
L1-L2,47,133,,1
L1-L2,47,136,,1
L1-L2,47,138,,1
L1-L2,47,142,,1
L1-L2,47,145,,1
L1-L2,47,146,,1
L1-L2,47,147,,1
L1-L2,47,148,,1
L1-L2,47,149,,1
L1-L2,47,154,,1
L1-L2,47,155,,1
L1-L2,47,161,,1
L1-L2,47,163,,1
L1-L2,47,169,,1
L1-L2,47,172,,1
L1-L2,47,174,,1
L1-L2,47,178,,1
L1-L2,47,180,,1
L1-L2,47,182,,1
L1-L2,47,186,,1
L1-L2,47,187,,1
L1-L2,47,191,,1
L1-L2,47,192,,1
L1-L2,47,193,,1
L1-L2,47,196,,1
L1-L2,47,199,,1
L1-L2,47,201,,1
L1-L2,47,202,,1
L1-L2,47,204,,1
L1-L2,47,212,,1
L1-L2,47,216,,1
L1-L2,47,221,,1
L1-L2,47,222,,1
L1-L2,47,224,,1
L1-L2,47,225,,1
L1-L2,47,226,,1
L1-L2,47,231,,1
L1-L2,47,232,,1
L1-L2,47,235,,1
L1-L2,47,237,,1
L1-L2,47,241,,1
L1-L2,47,242,,1
L1-L2,47,244,,1
L1-L2,47,246,,1
L1-L2,47,249,,1
L1-L2,47,250,,1
L1-L2,48,0,,1
L1-L2,48,5,,1
L1-L2,48,6,,1
L1-L2,48,7,,1
L1-L2,48,8,,1
L1-L2,48,10,,1
L1-L2,48,13,,1
L1-L2,48,15,,1
L1-L2,48,27,,1
L1-L2,48,28,,1
L1-L2,48,30,,1
L1-L2,48,31,,1
L1-L2,48,32,,1
L1-L2,48,37,,1
L1-L2,48,41,,1
L1-L2,48,43,,1
L1-L2,48,45,,1
L1-L2,48,48,,1
L1-L2,48,49,,1
L1-L2,48,52,,1
L1-L2,48,53,,1
L1-L2,48,54,,1
L1-L2,48,55,,1
L1-L2,48,60,,1
L1-L2,48,65,,1
L1-L2,48,67,,1
L1-L2,48,69,,1
L1-L2,48,71,,1
L1-L2,48,72,,1
L1-L2,48,74,,1
L1-L2,48,76,,1
L1-L2,48,77,,1
L1-L2,48,81,,1
L1-L2,48,83,,1
L1-L2,48,84,,1
L1-L2,48,89,,1
L1-L2,48,92,,1
L1-L2,48,95,,1
L1-L2,48,99,,1
L1-L2,48,100,,1
L1-L2,48,101,,1
L1-L2,48,105,,1
L1-L2,48,110,,1
L1-L2,48,112,,1
L1-L2,48,113,,1
L1-L2,48,116,,1
L1-L2,48,117,,1
L1-L2,48,120,,1
L1-L2,48,121,,1
L1-L2,48,127,,1
L1-L2,48,130,,1
L1-L2,48,137,,1
L1-L2,48,138,,1
L1-L2,48,139,,1
L1-L2,48,140,,1
L1-L2,48,143,,1
L1-L2,48,144,,1
L1-L2,48,152,,1
L1-L2,48,155,,1
L1-L2,48,156,,1
L1-L2,48,157,,1
L1-L2,48,160,,1
L1-L2,48,162,,1
L1-L2,48,164,,1
L1-L2,48,170,,1
L1-L2,48,172,,1
L1-L2,48,173,,1
L1-L2,48,178,,1
L1-L2,48,179,,1
L1-L2,48,180,,1
L1-L2,48,181,,1
L1-L2,48,182,,1
L1-L2,48,183,,1
L1-L2,48,185,,1
L1-L2,48,187,,1
L1-L2,48,188,,1
L1-L2,48,190,,1
L1-L2,48,191,,1
L1-L2,48,192,,1
L1-L2,48,194,,1
L1-L2,48,196,,1
L1-L2,48,203,,1
L1-L2,48,204,,1
L1-L2,48,205,,1
L1-L2,48,209,,1
L1-L2,48,210,,1
L1-L2,48,212,,1
L1-L2,48,214,,1
L1-L2,48,215,,1
L1-L2,48,216,,1
L1-L2,48,218,,1
L1-L2,48,220,,1
L1-L2,48,221,,1
L1-L2,48,223,,1
L1-L2,48,225,,1
L1-L2,48,226,,1
L1-L2,48,229,,1
L1-L2,48,230,,1
L1-L2,48,231,,1
L1-L2,48,233,,1
L1-L2,48,236,,1
L1-L2,48,237,,1
L1-L2,48,239,,1
L1-L2,48,247,,1
L1-L2,48,248,,1
L1-L2,48,249,,1
L1-L2,48,251,,1
L1-L2,48,255,,1
L1-L2,49,2,,1
L1-L2,49,4,,1
L1-L2,49,11,,1
L1-L2,49,17,,1
L1-L2,49,22,,1
L1-L2,49,26,,1
L1-L2,49,29,,1
L1-L2,49,32,,1
L1-L2,49,33,,1
L1-L2,49,37,,1
L1-L2,49,38,,1
L1-L2,49,43,,1
L1-L2,49,49,,1
L1-L2,49,50,,1
L1-L2,49,60,,1
L1-L2,49,61,,1
L1-L2,49,63,,1
L1-L2,49,72,,1
L1-L2,49,76,,1
L1-L2,49,78,,1
L1-L2,49,82,,1
L1-L2,49,84,,1
L1-L2,49,85,,1
L1-L2,49,86,,1
L1-L2,49,89,,1
L1-L2,49,91,,1
L1-L2,49,92,,1
L1-L2,49,96,,1
L1-L2,49,97,,1
L1-L2,49,101,,1
L1-L2,49,105,,1
L1-L2,49,107,,1
L1-L2,49,108,,1
L1-L2,49,111,,1
L1-L2,49,112,,1
L1-L2,49,113,,1
L1-L2,49,120,,1
L1-L2,49,123,,1
L1-L2,49,129,,1
L1-L2,49,132,,1
L1-L2,49,134,,1
L1-L2,49,141,,1
L1-L2,49,144,,1
L1-L2,49,146,,1
L1-L2,49,151,,1
L1-L2,49,158,,1
L1-L2,49,160,,1
L1-L2,49,161,,1
L1-L2,49,162,,1
L1-L2,49,164,,1
L1-L2,49,165,,1
L1-L2,49,166,,1
L1-L2,49,175,,1
L1-L2,49,177,,1
L1-L2,49,182,,1
L1-L2,49,185,,1
L1-L2,49,189,,1
L1-L2,49,190,,1
L1-L2,49,192,,1
L1-L2,49,194,,1
L1-L2,49,196,,1
L1-L2,49,197,,1
L1-L2,49,200,,1
L1-L2,49,202,,1
L1-L2,49,207,,1
L1-L2,49,212,,1
L1-L2,49,213,,1
L1-L2,49,214,,1
L1-L2,49,216,,1
L1-L2,49,220,,1
L1-L2,49,222,,1
L1-L2,49,225,,1
L1-L2,49,229,,1
L1-L2,49,233,,1
L1-L2,49,237,,1
L1-L2,49,239,,1
L1-L2,49,242,,1
L1-L2,49,246,,1
L1-L2,49,247,,1
L1-L2,49,252,,1
L1-L2,49,253,,1
L1-L2,49,254,,1
L1-L2,50,2,,1
L1-L2,50,3,,1
L1-L2,50,7,,1
L1-L2,50,10,,1
L1-L2,50,11,,1
L1-L2,50,12,,1
L1-L2,50,22,,1
L1-L2,50,29,,1
L1-L2,50,38,,1
L1-L2,50,40,,1
L1-L2,50,42,,1
L1-L2,50,51,,1
L1-L2,50,54,,1
L1-L2,50,55,,1
L1-L2,50,64,,1
L1-L2,50,65,,1
L1-L2,50,67,,1
L1-L2,50,72,,1
L1-L2,50,83,,1
L1-L2,50,84,,1
L1-L2,50,87,,1
L1-L2,50,91,,1
L1-L2,50,101,,1
L1-L2,50,102,,1
L1-L2,50,103,,1
L1-L2,50,105,,1
L1-L2,50,107,,1
L1-L2,50,109,,1
L1-L2,50,110,,1
L1-L2,50,116,,1
L1-L2,50,120,,1
L1-L2,50,123,,1
L1-L2,50,124,,1
L1-L2,50,136,,1
L1-L2,50,139,,1
L1-L2,50,140,,1
L1-L2,50,141,,1
L1-L2,50,142,,1
L1-L2,50,146,,1
L1-L2,50,148,,1
L1-L2,50,149,,1
L1-L2,50,150,,1
L1-L2,50,151,,1
L1-L2,50,155,,1
L1-L2,50,157,,1
L1-L2,50,158,,1
L1-L2,50,160,,1
L1-L2,50,170,,1
L1-L2,50,171,,1
L1-L2,50,172,,1
L1-L2,50,173,,1
L1-L2,50,176,,1
L1-L2,50,178,,1
L1-L2,50,180,,1
L1-L2,50,183,,1
L1-L2,50,184,,1
L1-L2,50,185,,1
L1-L2,50,186,,1
L1-L2,50,188,,1
L1-L2,50,190,,1
L1-L2,50,191,,1
L1-L2,50,194,,1
L1-L2,50,195,,1
L1-L2,50,196,,1
L1-L2,50,198,,1
L1-L2,50,200,,1
L1-L2,50,202,,1
L1-L2,50,206,,1
L1-L2,50,207,,1
L1-L2,50,215,,1
L1-L2,50,217,,1
L1-L2,50,219,,1
L1-L2,50,221,,1
L1-L2,50,222,,1
L1-L2,50,230,,1
L1-L2,50,231,,1
L1-L2,50,234,,1
L1-L2,50,235,,1
L1-L2,50,239,,1
L1-L2,50,241,,1
L1-L2,50,243,,1
L1-L2,50,244,,1
L1-L2,50,245,,1
L1-L2,50,247,,1
L1-L2,50,248,,1
L1-L2,50,252,,1
L1-L2,50,253,,1
L1-L2,51,2,,1
L1-L2,51,7,,1
L1-L2,51,30,,1
L1-L2,51,31,,1
L1-L2,51,40,,1
L1-L2,51,49,,1
L1-L2,51,59,,1
L1-L2,51,78,,1
L1-L2,51,80,,1
L1-L2,51,83,,1
L1-L2,51,84,,1
L1-L2,51,86,,1
L1-L2,51,91,,1
L1-L2,51,104,,1
L1-L2,51,108,,1
L1-L2,51,111,,1
L1-L2,51,116,,1
L1-L2,51,117,,1
L1-L2,51,129,,1
L1-L2,51,136,,1
L1-L2,51,138,,1
L1-L2,51,139,,1
L1-L2,51,140,,1
L1-L2,51,141,,1
L1-L2,51,142,,1
L1-L2,51,143,,1
L1-L2,51,145,,1
L1-L2,51,151,,1
L1-L2,51,152,,1
L1-L2,51,153,,1
L1-L2,51,155,,1
L1-L2,51,156,,1
L1-L2,51,157,,1
L1-L2,51,159,,1
L1-L2,51,160,,1
L1-L2,51,161,,1
L1-L2,51,166,,1
L1-L2,51,170,,1
L1-L2,51,172,,1
L1-L2,51,173,,1
L1-L2,51,175,,1
L1-L2,51,177,,1
L1-L2,51,178,,1
L1-L2,51,185,,1
L1-L2,51,188,,1
L1-L2,51,190,,1
L1-L2,51,195,,1
L1-L2,51,200,,1
L1-L2,51,205,,1
L1-L2,51,207,,1
L1-L2,51,213,,1
L1-L2,51,217,,1
L1-L2,51,218,,1
L1-L2,51,227,,1
L1-L2,51,230,,1
L1-L2,51,231,,1
L1-L2,51,232,,1
L1-L2,51,233,,1
L1-L2,51,236,,1
L1-L2,51,241,,1
L1-L2,51,245,,1
L1-L2,51,251,,1
L1-L2,51,252,,1
L1-L2,51,253,,1
L1-L2,51,254,,1
L1-L2,52,2,,1
L1-L2,52,3,,1
L1-L2,52,4,,1
L1-L2,52,8,,1
L1-L2,52,10,,1
L1-L2,52,11,,1
L1-L2,52,12,,1
L1-L2,52,22,,1
L1-L2,52,26,,1
L1-L2,52,27,,1
L1-L2,52,29,,1
L1-L2,52,32,,1
L1-L2,52,35,,1
L1-L2,52,38,,1
L1-L2,52,42,,1
L1-L2,52,46,,1
L1-L2,52,47,,1
L1-L2,52,49,,1
L1-L2,52,53,,1
L1-L2,52,55,,1
L1-L2,52,57,,1
L1-L2,52,60,,1
L1-L2,52,61,,1
L1-L2,52,66,,1
L1-L2,52,68,,1
L1-L2,52,69,,1
L1-L2,52,70,,1
L1-L2,52,73,,1
L1-L2,52,75,,1
L1-L2,52,76,,1
L1-L2,52,86,,1
L1-L2,52,87,,1
L1-L2,52,89,,1
L1-L2,52,94,,1
L1-L2,52,95,,1
L1-L2,52,103,,1
L1-L2,52,104,,1
L1-L2,52,107,,1
L1-L2,52,109,,1
L1-L2,52,110,,1
L1-L2,52,113,,1
L1-L2,52,116,,1
L1-L2,52,117,,1
L1-L2,52,118,,1
L1-L2,52,119,,1
L1-L2,52,120,,1
L1-L2,52,127,,1
L1-L2,52,128,,1
L1-L2,52,136,,1
L1-L2,52,138,,1
L1-L2,52,139,,1
L1-L2,52,141,,1
L1-L2,52,144,,1
L1-L2,52,147,,1
L1-L2,52,149,,1
L1-L2,52,152,,1
L1-L2,52,156,,1
L1-L2,52,157,,1
L1-L2,52,161,,1
L1-L2,52,163,,1
L1-L2,52,167,,1
L1-L2,52,172,,1
L1-L2,52,173,,1
L1-L2,52,176,,1
L1-L2,52,177,,1
L1-L2,52,178,,1
L1-L2,52,179,,1
L1-L2,52,181,,1
L1-L2,52,182,,1
L1-L2,52,186,,1
L1-L2,52,187,,1
L1-L2,52,188,,1
L1-L2,52,189,,1
L1-L2,52,190,,1
L1-L2,52,193,,1
L1-L2,52,198,,1
L1-L2,52,199,,1
L1-L2,52,201,,1
L1-L2,52,204,,1
L1-L2,52,206,,1
L1-L2,52,207,,1
L1-L2,52,210,,1
L1-L2,52,211,,1
L1-L2,52,212,,1
L1-L2,52,214,,1
L1-L2,52,215,,1
L1-L2,52,218,,1
L1-L2,52,219,,1
L1-L2,52,221,,1
L1-L2,52,222,,1
L1-L2,52,223,,1
L1-L2,52,225,,1
L1-L2,52,231,,1
L1-L2,52,234,,1
L1-L2,52,235,,1
L1-L2,52,236,,1
L1-L2,52,237,,1
L1-L2,52,238,,1
L1-L2,52,239,,1
L1-L2,52,240,,1
L1-L2,52,241,,1
L1-L2,52,242,,1
L1-L2,52,244,,1
L1-L2,52,249,,1
L1-L2,52,250,,1
L1-L2,52,251,,1
L1-L2,52,255,,1
L1-L2,53,2,,1
L1-L2,53,5,,1
L1-L2,53,8,,1
L1-L2,53,13,,1
L1-L2,53,15,,1
L1-L2,53,19,,1
L1-L2,53,21,,1
L1-L2,53,23,,1
L1-L2,53,24,,1
L1-L2,53,28,,1
L1-L2,53,29,,1
L1-L2,53,32,,1
L1-L2,53,34,,1
L1-L2,53,39,,1
L1-L2,53,40,,1
L1-L2,53,44,,1
L1-L2,53,46,,1
L1-L2,53,51,,1
L1-L2,53,56,,1
L1-L2,53,57,,1
L1-L2,53,59,,1
L1-L2,53,63,,1
L1-L2,53,65,,1
L1-L2,53,67,,1
L1-L2,53,71,,1
L1-L2,53,78,,1
L1-L2,53,80,,1
L1-L2,53,82,,1
L1-L2,53,83,,1
L1-L2,53,86,,1
L1-L2,53,90,,1
L1-L2,53,91,,1
L1-L2,53,93,,1
L1-L2,53,94,,1
L1-L2,53,96,,1
L1-L2,53,98,,1
L1-L2,53,100,,1
L1-L2,53,101,,1
L1-L2,53,102,,1
L1-L2,53,108,,1
L1-L2,53,112,,1
L1-L2,53,113,,1
L1-L2,53,114,,1
L1-L2,53,115,,1
L1-L2,53,117,,1
L1-L2,53,118,,1
L1-L2,53,119,,1
L1-L2,53,122,,1
L1-L2,53,123,,1
L1-L2,53,124,,1
L1-L2,53,126,,1
L1-L2,53,128,,1
L1-L2,53,135,,1
L1-L2,53,139,,1
L1-L2,53,141,,1
L1-L2,53,143,,1
L1-L2,53,146,,1
L1-L2,53,149,,1
L1-L2,53,151,,1
L1-L2,53,153,,1
L1-L2,53,157,,1
L1-L2,53,158,,1
L1-L2,53,159,,1
L1-L2,53,162,,1
L1-L2,53,165,,1
L1-L2,53,166,,1
L1-L2,53,167,,1
L1-L2,53,170,,1
L1-L2,53,173,,1
L1-L2,53,175,,1
L1-L2,53,178,,1
L1-L2,53,179,,1
L1-L2,53,183,,1
L1-L2,53,188,,1
L1-L2,53,189,,1
L1-L2,53,196,,1
L1-L2,53,198,,1
L1-L2,53,199,,1
L1-L2,53,200,,1
L1-L2,53,201,,1
L1-L2,53,202,,1
L1-L2,53,204,,1
L1-L2,53,207,,1
L1-L2,53,208,,1
L1-L2,53,209,,1
L1-L2,53,210,,1
L1-L2,53,214,,1
L1-L2,53,215,,1
L1-L2,53,216,,1
L1-L2,53,218,,1
L1-L2,53,219,,1
L1-L2,53,220,,1
L1-L2,53,221,,1
L1-L2,53,223,,1
L1-L2,53,225,,1
L1-L2,53,227,,1
L1-L2,53,228,,1
L1-L2,53,231,,1
L1-L2,53,234,,1
L1-L2,53,236,,1
L1-L2,53,237,,1
L1-L2,53,238,,1
L1-L2,53,239,,1
L1-L2,53,244,,1
L1-L2,53,247,,1
L1-L2,53,250,,1
L1-L2,53,251,,1
L1-L2,53,252,,1
L1-L2,53,254,,1
L1-L2,53,255,,1
L1-L2,54,6,,1
L1-L2,54,7,,1
L1-L2,54,19,,1
L1-L2,54,25,,1
L1-L2,54,26,,1
L1-L2,54,31,,1
L1-L2,54,32,,1
L1-L2,54,33,,1
L1-L2,54,35,,1
L1-L2,54,37,,1
L1-L2,54,43,,1
L1-L2,54,45,,1
L1-L2,54,48,,1
L1-L2,54,49,,1
L1-L2,54,50,,1
L1-L2,54,53,,1
L1-L2,54,55,,1
L1-L2,54,57,,1
L1-L2,54,60,,1
L1-L2,54,62,,1
L1-L2,54,64,,1
L1-L2,54,65,,1
L1-L2,54,70,,1
L1-L2,54,73,,1
L1-L2,54,84,,1
L1-L2,54,87,,1
L1-L2,54,88,,1
L1-L2,54,89,,1
L1-L2,54,92,,1
L1-L2,54,98,,1
L1-L2,54,99,,1
L1-L2,54,101,,1
L1-L2,54,117,,1
L1-L2,54,121,,1
L1-L2,54,126,,1
L1-L2,54,127,,1
L1-L2,54,128,,1
L1-L2,54,132,,1
L1-L2,54,135,,1
L1-L2,54,137,,1
L1-L2,54,138,,1
L1-L2,54,139,,1
L1-L2,54,145,,1
L1-L2,54,146,,1
L1-L2,54,152,,1
L1-L2,54,155,,1
L1-L2,54,159,,1
L1-L2,54,161,,1
L1-L2,54,167,,1
L1-L2,54,173,,1
L1-L2,54,177,,1
L1-L2,54,178,,1
L1-L2,54,179,,1
L1-L2,54,183,,1
L1-L2,54,186,,1
L1-L2,54,187,,1
L1-L2,54,189,,1
L1-L2,54,195,,1
L1-L2,54,197,,1
L1-L2,54,199,,1
L1-L2,54,200,,1
L1-L2,54,201,,1
L1-L2,54,203,,1
L1-L2,54,204,,1
L1-L2,54,207,,1
L1-L2,54,208,,1
L1-L2,54,210,,1
L1-L2,54,212,,1
L1-L2,54,215,,1
L1-L2,54,216,,1
L1-L2,54,217,,1
L1-L2,54,222,,1
L1-L2,54,226,,1
L1-L2,54,229,,1
L1-L2,54,230,,1
L1-L2,54,231,,1
L1-L2,54,232,,1
L1-L2,54,235,,1
L1-L2,54,244,,1
L1-L2,54,245,,1
L1-L2,54,250,,1
L1-L2,55,2,,1
L1-L2,55,3,,1
L1-L2,55,7,,1
L1-L2,55,9,,1
L1-L2,55,10,,1
L1-L2,55,11,,1
L1-L2,55,12,,1
L1-L2,55,14,,1
L1-L2,55,15,,1
L1-L2,55,26,,1
L1-L2,55,37,,1
L1-L2,55,39,,1
L1-L2,55,41,,1
L1-L2,55,45,,1
L1-L2,55,46,,1
L1-L2,55,48,,1
L1-L2,55,50,,1
L1-L2,55,52,,1
L1-L2,55,55,,1
L1-L2,55,56,,1
L1-L2,55,58,,1
L1-L2,55,59,,1
L1-L2,55,60,,1
L1-L2,55,67,,1
L1-L2,55,68,,1
L1-L2,55,70,,1
L1-L2,55,71,,1
L1-L2,55,75,,1
L1-L2,55,76,,1
L1-L2,55,79,,1
L1-L2,55,81,,1
L1-L2,55,82,,1
L1-L2,55,84,,1
L1-L2,55,85,,1
L1-L2,55,88,,1
L1-L2,55,89,,1
L1-L2,55,90,,1
L1-L2,55,93,,1
L1-L2,55,96,,1
L1-L2,55,97,,1
L1-L2,55,101,,1
L1-L2,55,104,,1
L1-L2,55,106,,1
L1-L2,55,108,,1
L1-L2,55,110,,1
L1-L2,55,116,,1
L1-L2,55,125,,1
L1-L2,55,126,,1
L1-L2,55,127,,1
L1-L2,55,128,,1
L1-L2,55,129,,1
L1-L2,55,130,,1
L1-L2,55,132,,1
L1-L2,55,134,,1
L1-L2,55,137,,1
L1-L2,55,138,,1
L1-L2,55,140,,1
L1-L2,55,144,,1
L1-L2,55,145,,1
L1-L2,55,147,,1
L1-L2,55,148,,1
L1-L2,55,153,,1
L1-L2,55,162,,1
L1-L2,55,164,,1
L1-L2,55,167,,1
L1-L2,55,169,,1
L1-L2,55,170,,1
L1-L2,55,172,,1
L1-L2,55,173,,1
L1-L2,55,174,,1
L1-L2,55,176,,1
L1-L2,55,179,,1
L1-L2,55,189,,1
L1-L2,55,194,,1
L1-L2,55,198,,1
L1-L2,55,201,,1
L1-L2,55,205,,1
L1-L2,55,207,,1
L1-L2,55,208,,1
L1-L2,55,211,,1
L1-L2,55,212,,1
L1-L2,55,215,,1
L1-L2,55,216,,1
L1-L2,55,217,,1
L1-L2,55,218,,1
L1-L2,55,219,,1
L1-L2,55,222,,1
L1-L2,55,223,,1
L1-L2,55,231,,1
L1-L2,55,232,,1
L1-L2,55,234,,1
L1-L2,55,238,,1
L1-L2,55,242,,1
L1-L2,55,245,,1
L1-L2,55,246,,1
L1-L2,55,249,,1
L1-L2,55,250,,1
L1-L2,55,251,,1
L1-L2,55,254,,1
L1-L2,56,2,,1
L1-L2,56,15,,1
L1-L2,56,17,,1
L1-L2,56,19,,1
L1-L2,56,24,,1
L1-L2,56,30,,1
L1-L2,56,34,,1
L1-L2,56,42,,1
L1-L2,56,43,,1
L1-L2,56,69,,1
L1-L2,56,79,,1
L1-L2,56,87,,1
L1-L2,56,95,,1
L1-L2,56,97,,1
L1-L2,56,107,,1
L1-L2,56,114,,1
L1-L2,56,117,,1
L1-L2,56,120,,1
L1-L2,56,130,,1
L1-L2,56,134,,1
L1-L2,56,136,,1
L1-L2,56,139,,1
L1-L2,56,141,,1
L1-L2,56,142,,1
L1-L2,56,148,,1
L1-L2,56,149,,1
L1-L2,56,154,,1
L1-L2,56,158,,1
L1-L2,56,159,,1
L1-L2,56,160,,1
L1-L2,56,162,,1
L1-L2,56,163,,1
L1-L2,56,165,,1
L1-L2,56,167,,1
L1-L2,56,169,,1
L1-L2,56,170,,1
L1-L2,56,171,,1
L1-L2,56,172,,1
L1-L2,56,177,,1
L1-L2,56,178,,1
L1-L2,56,182,,1
L1-L2,56,184,,1
L1-L2,56,185,,1
L1-L2,56,186,,1
L1-L2,56,189,,1
L1-L2,56,191,,1
L1-L2,56,196,,1
L1-L2,56,199,,1
L1-L2,56,201,,1
L1-L2,56,203,,1
L1-L2,56,204,,1
L1-L2,56,205,,1
L1-L2,56,206,,1
L1-L2,56,210,,1
L1-L2,56,211,,1
L1-L2,56,212,,1
L1-L2,56,213,,1
L1-L2,56,216,,1
L1-L2,56,218,,1
L1-L2,56,220,,1
L1-L2,56,221,,1
L1-L2,56,222,,1
L1-L2,56,226,,1
L1-L2,56,228,,1
L1-L2,56,233,,1
L1-L2,56,236,,1
L1-L2,56,240,,1
L1-L2,56,246,,1
L1-L2,56,247,,1
L1-L2,56,248,,1
L1-L2,56,252,,1
L1-L2,56,254,,1
L1-L2,56,255,,1
L1-L2,57,1,,1
L1-L2,57,2,,1
L1-L2,57,4,,1
L1-L2,57,7,,1
L1-L2,57,11,,1
L1-L2,57,17,,1
L1-L2,57,19,,1
L1-L2,57,22,,1
L1-L2,57,28,,1
L1-L2,57,30,,1
L1-L2,57,32,,1
L1-L2,57,35,,1
L1-L2,57,38,,1
L1-L2,57,41,,1
L1-L2,57,46,,1
L1-L2,57,48,,1
L1-L2,57,51,,1
L1-L2,57,52,,1
L1-L2,57,53,,1
L1-L2,57,55,,1
L1-L2,57,56,,1
L1-L2,57,57,,1
L1-L2,57,58,,1
L1-L2,57,61,,1
L1-L2,57,64,,1
L1-L2,57,66,,1
L1-L2,57,71,,1
L1-L2,57,73,,1
L1-L2,57,78,,1
L1-L2,57,84,,1
L1-L2,57,87,,1
L1-L2,57,89,,1
L1-L2,57,92,,1
L1-L2,57,94,,1
L1-L2,57,98,,1
L1-L2,57,100,,1
L1-L2,57,102,,1
L1-L2,57,105,,1
L1-L2,57,110,,1
L1-L2,57,115,,1
L1-L2,57,125,,1
L1-L2,57,128,,1
L1-L2,57,133,,1
L1-L2,57,134,,1
L1-L2,57,137,,1
L1-L2,57,138,,1
L1-L2,57,142,,1
L1-L2,57,145,,1
L1-L2,57,148,,1
L1-L2,57,149,,1
L1-L2,57,158,,1
L1-L2,57,159,,1
L1-L2,57,160,,1
L1-L2,57,163,,1
L1-L2,57,164,,1
L1-L2,57,170,,1
L1-L2,57,175,,1
L1-L2,57,177,,1
L1-L2,57,181,,1
L1-L2,57,187,,1
L1-L2,57,188,,1
L1-L2,57,190,,1
L1-L2,57,194,,1
L1-L2,57,196,,1
L1-L2,57,199,,1
L1-L2,57,200,,1
L1-L2,57,201,,1
L1-L2,57,203,,1
L1-L2,57,207,,1
L1-L2,57,210,,1
L1-L2,57,213,,1
L1-L2,57,216,,1
L1-L2,57,217,,1
L1-L2,57,218,,1
L1-L2,57,219,,1
L1-L2,57,222,,1
L1-L2,57,229,,1
L1-L2,57,230,,1
L1-L2,57,231,,1
L1-L2,57,232,,1
L1-L2,57,234,,1
L1-L2,57,236,,1
L1-L2,57,237,,1
L1-L2,57,247,,1
L1-L2,57,254,,1
L1-L2,57,255,,1
L1-L2,58,10,,1
L1-L2,58,11,,1
L1-L2,58,12,,1
L1-L2,58,14,,1
L1-L2,58,18,,1
L1-L2,58,23,,1
L1-L2,58,28,,1
L1-L2,58,38,,1
L1-L2,58,41,,1
L1-L2,58,44,,1
L1-L2,58,50,,1
L1-L2,58,54,,1
L1-L2,58,61,,1
L1-L2,58,66,,1
L1-L2,58,67,,1
L1-L2,58,68,,1
L1-L2,58,75,,1
L1-L2,58,77,,1
L1-L2,58,78,,1
L1-L2,58,87,,1
L1-L2,58,88,,1
L1-L2,58,98,,1
L1-L2,58,103,,1
L1-L2,58,104,,1
L1-L2,58,105,,1
L1-L2,58,107,,1
L1-L2,58,108,,1
L1-L2,58,109,,1
L1-L2,58,111,,1
L1-L2,58,113,,1
L1-L2,58,119,,1
L1-L2,58,122,,1
L1-L2,58,123,,1
L1-L2,58,126,,1
L1-L2,58,129,,1
L1-L2,58,130,,1
L1-L2,58,132,,1
L1-L2,58,133,,1
L1-L2,58,135,,1
L1-L2,58,139,,1
L1-L2,58,141,,1
L1-L2,58,144,,1
L1-L2,58,145,,1
L1-L2,58,148,,1
L1-L2,58,149,,1
L1-L2,58,151,,1
L1-L2,58,154,,1
L1-L2,58,155,,1
L1-L2,58,156,,1
L1-L2,58,160,,1
L1-L2,58,163,,1
L1-L2,58,166,,1
L1-L2,58,167,,1
L1-L2,58,172,,1
L1-L2,58,174,,1
L1-L2,58,178,,1
L1-L2,58,179,,1
L1-L2,58,183,,1
L1-L2,58,186,,1
L1-L2,58,188,,1
L1-L2,58,194,,1
L1-L2,58,195,,1
L1-L2,58,196,,1
L1-L2,58,197,,1
L1-L2,58,198,,1
L1-L2,58,199,,1
L1-L2,58,200,,1
L1-L2,58,202,,1
L1-L2,58,205,,1
L1-L2,58,208,,1
L1-L2,58,209,,1
L1-L2,58,212,,1
L1-L2,58,215,,1
L1-L2,58,222,,1
L1-L2,58,228,,1
L1-L2,58,229,,1
L1-L2,58,230,,1
L1-L2,58,231,,1
L1-L2,58,233,,1
L1-L2,58,236,,1
L1-L2,58,238,,1
L1-L2,58,241,,1
L1-L2,58,243,,1
L1-L2,58,244,,1
L1-L2,58,245,,1
L1-L2,58,246,,1
L1-L2,58,250,,1
L1-L2,58,251,,1
L1-L2,58,252,,1
L1-L2,58,253,,1
L1-L2,58,254,,1
L1-L2,59,1,,1
L1-L2,59,2,,1
L1-L2,59,3,,1
L1-L2,59,5,,1
L1-L2,59,6,,1
L1-L2,59,7,,1
L1-L2,59,12,,1
L1-L2,59,14,,1
L1-L2,59,15,,1
L1-L2,59,18,,1
L1-L2,59,21,,1
L1-L2,59,22,,1
L1-L2,59,25,,1
L1-L2,59,26,,1
L1-L2,59,32,,1
L1-L2,59,36,,1
L1-L2,59,38,,1
L1-L2,59,40,,1
L1-L2,59,41,,1
L1-L2,59,43,,1
L1-L2,59,46,,1
L1-L2,59,56,,1
L1-L2,59,61,,1
L1-L2,59,63,,1
L1-L2,59,64,,1
L1-L2,59,67,,1
L1-L2,59,68,,1
L1-L2,59,69,,1
L1-L2,59,70,,1
L1-L2,59,73,,1
L1-L2,59,76,,1
L1-L2,59,77,,1
L1-L2,59,85,,1
L1-L2,59,92,,1
L1-L2,59,93,,1
L1-L2,59,94,,1
L1-L2,59,95,,1
L1-L2,59,97,,1
L1-L2,59,99,,1
L1-L2,59,101,,1
L1-L2,59,102,,1
L1-L2,59,104,,1
L1-L2,59,107,,1
L1-L2,59,117,,1
L1-L2,59,118,,1
L1-L2,59,119,,1
L1-L2,59,122,,1
L1-L2,59,125,,1
L1-L2,59,126,,1
L1-L2,59,128,,1
L1-L2,59,130,,1
L1-L2,59,133,,1
L1-L2,59,137,,1
L1-L2,59,139,,1
L1-L2,59,141,,1
L1-L2,59,145,,1
L1-L2,59,146,,1
L1-L2,59,147,,1
L1-L2,59,148,,1
L1-L2,59,150,,1
L1-L2,59,151,,1
L1-L2,59,153,,1
L1-L2,59,157,,1
L1-L2,59,162,,1
L1-L2,59,168,,1
L1-L2,59,169,,1
L1-L2,59,173,,1
L1-L2,59,175,,1
L1-L2,59,176,,1
L1-L2,59,178,,1
L1-L2,59,181,,1
L1-L2,59,184,,1
L1-L2,59,185,,1
L1-L2,59,186,,1
L1-L2,59,191,,1
L1-L2,59,199,,1
L1-L2,59,201,,1
L1-L2,59,203,,1
L1-L2,59,205,,1
L1-L2,59,206,,1
L1-L2,59,209,,1
L1-L2,59,211,,1
L1-L2,59,213,,1
L1-L2,59,219,,1
L1-L2,59,220,,1
L1-L2,59,222,,1
L1-L2,59,223,,1
L1-L2,59,225,,1
L1-L2,59,227,,1
L1-L2,59,231,,1
L1-L2,59,233,,1
L1-L2,59,234,,1
L1-L2,59,238,,1
L1-L2,59,241,,1
L1-L2,59,242,,1
L1-L2,59,243,,1
L1-L2,59,245,,1
L1-L2,59,249,,1
L1-L2,59,252,,1
L1-L2,59,253,,1
L1-L2,59,254,,1
L1-L2,60,0,,1
L1-L2,60,7,,1
L1-L2,60,13,,1
L1-L2,60,14,,1
L1-L2,60,15,,1
L1-L2,60,18,,1
L1-L2,60,20,,1
L1-L2,60,30,,1
L1-L2,60,37,,1
L1-L2,60,46,,1
L1-L2,60,50,,1
L1-L2,60,52,,1
L1-L2,60,60,,1
L1-L2,60,64,,1
L1-L2,60,66,,1
L1-L2,60,68,,1
L1-L2,60,69,,1
L1-L2,60,71,,1
L1-L2,60,79,,1
L1-L2,60,80,,1
L1-L2,60,81,,1
L1-L2,60,83,,1
L1-L2,60,89,,1
L1-L2,60,90,,1
L1-L2,60,92,,1
L1-L2,60,97,,1
L1-L2,60,100,,1
L1-L2,60,103,,1
L1-L2,60,106,,1
L1-L2,60,107,,1
L1-L2,60,110,,1
L1-L2,60,111,,1
L1-L2,60,114,,1
L1-L2,60,119,,1
L1-L2,60,121,,1
L1-L2,60,122,,1
L1-L2,60,123,,1
L1-L2,60,126,,1
L1-L2,60,129,,1
L1-L2,60,137,,1
L1-L2,60,138,,1
L1-L2,60,139,,1
L1-L2,60,141,,1
L1-L2,60,143,,1
L1-L2,60,148,,1
L1-L2,60,149,,1
L1-L2,60,157,,1
L1-L2,60,161,,1
L1-L2,60,168,,1
L1-L2,60,172,,1
L1-L2,60,176,,1
L1-L2,60,179,,1
L1-L2,60,181,,1
L1-L2,60,186,,1
L1-L2,60,189,,1
L1-L2,60,190,,1
L1-L2,60,193,,1
L1-L2,60,194,,1
L1-L2,60,196,,1
L1-L2,60,199,,1
L1-L2,60,201,,1
L1-L2,60,203,,1
L1-L2,60,204,,1
L1-L2,60,205,,1
L1-L2,60,209,,1
L1-L2,60,210,,1
L1-L2,60,212,,1
L1-L2,60,213,,1
L1-L2,60,215,,1
L1-L2,60,216,,1
L1-L2,60,217,,1
L1-L2,60,220,,1
L1-L2,60,222,,1
L1-L2,60,224,,1
L1-L2,60,225,,1
L1-L2,60,228,,1
L1-L2,60,229,,1
L1-L2,60,232,,1
L1-L2,60,233,,1
L1-L2,60,234,,1
L1-L2,60,239,,1
L1-L2,60,242,,1
L1-L2,60,244,,1
L1-L2,60,245,,1
L1-L2,60,247,,1
L1-L2,60,249,,1
L1-L2,60,250,,1
L1-L2,61,2,,1
L1-L2,61,5,,1
L1-L2,61,6,,1
L1-L2,61,8,,1
L1-L2,61,10,,1
L1-L2,61,12,,1
L1-L2,61,14,,1
L1-L2,61,16,,1
L1-L2,61,25,,1
L1-L2,61,26,,1
L1-L2,61,28,,1
L1-L2,61,34,,1
L1-L2,61,35,,1
L1-L2,61,41,,1
L1-L2,61,45,,1
L1-L2,61,47,,1
L1-L2,61,48,,1
L1-L2,61,49,,1
L1-L2,61,52,,1
L1-L2,61,55,,1
L1-L2,61,58,,1
L1-L2,61,59,,1
L1-L2,61,65,,1
L1-L2,61,66,,1
L1-L2,61,68,,1
L1-L2,61,72,,1
L1-L2,61,73,,1
L1-L2,61,77,,1
L1-L2,61,80,,1
L1-L2,61,81,,1
L1-L2,61,82,,1
L1-L2,61,83,,1
L1-L2,61,87,,1
L1-L2,61,90,,1
L1-L2,61,94,,1
L1-L2,61,100,,1
L1-L2,61,104,,1
L1-L2,61,105,,1
L1-L2,61,107,,1
L1-L2,61,108,,1
L1-L2,61,110,,1
L1-L2,61,112,,1
L1-L2,61,113,,1
L1-L2,61,115,,1
L1-L2,61,116,,1
L1-L2,61,117,,1
L1-L2,61,118,,1
L1-L2,61,121,,1
L1-L2,61,122,,1
L1-L2,61,128,,1
L1-L2,61,133,,1
L1-L2,61,135,,1
L1-L2,61,140,,1
L1-L2,61,142,,1
L1-L2,61,148,,1
L1-L2,61,153,,1
L1-L2,61,161,,1
L1-L2,61,163,,1
L1-L2,61,164,,1
L1-L2,61,165,,1
L1-L2,61,166,,1
L1-L2,61,168,,1
L1-L2,61,171,,1
L1-L2,61,172,,1
L1-L2,61,173,,1
L1-L2,61,174,,1
L1-L2,61,179,,1
L1-L2,61,181,,1
L1-L2,61,183,,1
L1-L2,61,184,,1
L1-L2,61,186,,1
L1-L2,61,187,,1
L1-L2,61,188,,1
L1-L2,61,191,,1
L1-L2,61,192,,1
L1-L2,61,193,,1
L1-L2,61,197,,1
L1-L2,61,198,,1
L1-L2,61,207,,1
L1-L2,61,208,,1
L1-L2,61,209,,1
L1-L2,61,210,,1
L1-L2,61,211,,1
L1-L2,61,214,,1
L1-L2,61,215,,1
L1-L2,61,216,,1
L1-L2,61,217,,1
L1-L2,61,218,,1
L1-L2,61,219,,1
L1-L2,61,220,,1
L1-L2,61,223,,1
L1-L2,61,224,,1
L1-L2,61,225,,1
L1-L2,61,229,,1
L1-L2,61,230,,1
L1-L2,61,231,,1
L1-L2,61,232,,1
L1-L2,61,233,,1
L1-L2,61,234,,1
L1-L2,61,235,,1
L1-L2,61,236,,1
L1-L2,61,237,,1
L1-L2,61,239,,1
L1-L2,61,240,,1
L1-L2,61,242,,1
L1-L2,61,243,,1
L1-L2,61,244,,1
L1-L2,61,247,,1
L1-L2,61,249,,1
L1-L2,61,250,,1
L1-L2,61,252,,1
L1-L2,61,253,,1
L1-L2,61,254,,1
L1-L2,61,255,,1
L1-L2,62,8,,1
L1-L2,62,10,,1
L1-L2,62,13,,1
L1-L2,62,16,,1
L1-L2,62,21,,1
L1-L2,62,28,,1
L1-L2,62,31,,1
L1-L2,62,32,,1
L1-L2,62,38,,1
L1-L2,62,40,,1
L1-L2,62,42,,1
L1-L2,62,43,,1
L1-L2,62,44,,1
L1-L2,62,49,,1
L1-L2,62,50,,1
L1-L2,62,53,,1
L1-L2,62,62,,1
L1-L2,62,64,,1
L1-L2,62,67,,1
L1-L2,62,74,,1
L1-L2,62,76,,1
L1-L2,62,77,,1
L1-L2,62,78,,1
L1-L2,62,79,,1
L1-L2,62,80,,1
L1-L2,62,86,,1
L1-L2,62,92,,1
L1-L2,62,93,,1
L1-L2,62,96,,1
L1-L2,62,100,,1
L1-L2,62,109,,1
L1-L2,62,113,,1
L1-L2,62,115,,1
L1-L2,62,117,,1
L1-L2,62,118,,1
L1-L2,62,119,,1
L1-L2,62,121,,1
L1-L2,62,122,,1
L1-L2,62,124,,1
L1-L2,62,127,,1
L1-L2,62,130,,1
L1-L2,62,131,,1
L1-L2,62,132,,1
L1-L2,62,139,,1
L1-L2,62,140,,1
L1-L2,62,147,,1
L1-L2,62,149,,1
L1-L2,62,167,,1
L1-L2,62,169,,1
L1-L2,62,172,,1
L1-L2,62,173,,1
L1-L2,62,174,,1
L1-L2,62,180,,1
L1-L2,62,181,,1
L1-L2,62,184,,1
L1-L2,62,188,,1
L1-L2,62,193,,1
L1-L2,62,202,,1
L1-L2,62,203,,1
L1-L2,62,208,,1
L1-L2,62,210,,1
L1-L2,62,211,,1
L1-L2,62,212,,1
L1-L2,62,213,,1
L1-L2,62,215,,1
L1-L2,62,217,,1
L1-L2,62,219,,1
L1-L2,62,222,,1
L1-L2,62,225,,1
L1-L2,62,229,,1
L1-L2,62,231,,1
L1-L2,62,232,,1
L1-L2,62,233,,1
L1-L2,62,234,,1
L1-L2,62,235,,1
L1-L2,62,238,,1
L1-L2,62,239,,1
L1-L2,62,240,,1
L1-L2,62,241,,1
L1-L2,62,245,,1
L1-L2,62,246,,1
L1-L2,62,253,,1
L1-L2,63,1,,1
L1-L2,63,4,,1
L1-L2,63,6,,1
L1-L2,63,24,,1
L1-L2,63,29,,1
L1-L2,63,30,,1
L1-L2,63,33,,1
L1-L2,63,36,,1
L1-L2,63,38,,1
L1-L2,63,43,,1
L1-L2,63,47,,1
L1-L2,63,48,,1
L1-L2,63,49,,1
L1-L2,63,51,,1
L1-L2,63,53,,1
L1-L2,63,54,,1
L1-L2,63,56,,1
L1-L2,63,58,,1
L1-L2,63,61,,1
L1-L2,63,69,,1
L1-L2,63,77,,1
L1-L2,63,78,,1
L1-L2,63,81,,1
L1-L2,63,82,,1
L1-L2,63,85,,1
L1-L2,63,90,,1
L1-L2,63,96,,1
L1-L2,63,98,,1
L1-L2,63,99,,1
L1-L2,63,107,,1
L1-L2,63,114,,1
L1-L2,63,118,,1
L1-L2,63,119,,1
L1-L2,63,123,,1
L1-L2,63,126,,1
L1-L2,63,127,,1
L1-L2,63,133,,1
L1-L2,63,138,,1
L1-L2,63,140,,1
L1-L2,63,147,,1
L1-L2,63,149,,1
L1-L2,63,151,,1
L1-L2,63,152,,1
L1-L2,63,153,,1
L1-L2,63,154,,1
L1-L2,63,156,,1
L1-L2,63,158,,1
L1-L2,63,159,,1
L1-L2,63,160,,1
L1-L2,63,161,,1
L1-L2,63,164,,1
L1-L2,63,170,,1
L1-L2,63,171,,1
L1-L2,63,172,,1
L1-L2,63,175,,1
L1-L2,63,180,,1
L1-L2,63,183,,1
L1-L2,63,185,,1
L1-L2,63,193,,1
L1-L2,63,194,,1
L1-L2,63,199,,1
L1-L2,63,200,,1
L1-L2,63,201,,1
L1-L2,63,202,,1
L1-L2,63,214,,1
L1-L2,63,217,,1
L1-L2,63,220,,1
L1-L2,63,221,,1
L1-L2,63,222,,1
L1-L2,63,225,,1
L1-L2,63,226,,1
L1-L2,63,231,,1
L1-L2,63,232,,1
L1-L2,63,235,,1
L1-L2,63,236,,1
L1-L2,63,239,,1
L1-L2,63,244,,1
L1-L2,63,249,,1
L1-L2,63,250,,1
L1-L2,63,252,,1
L1-L2,63,255,,1
L1-L2,64,6,,1
L1-L2,64,13,,1
L1-L2,64,29,,1
L1-L2,64,32,,1
L1-L2,64,33,,1
L1-L2,64,35,,1
L1-L2,64,38,,1
L1-L2,64,40,,1
L1-L2,64,47,,1
L1-L2,64,48,,1
L1-L2,64,58,,1
L1-L2,64,60,,1
L1-L2,64,62,,1
L1-L2,64,66,,1
L1-L2,64,67,,1
L1-L2,64,73,,1
L1-L2,64,74,,1
L1-L2,64,77,,1
L1-L2,64,78,,1
L1-L2,64,79,,1
L1-L2,64,83,,1
L1-L2,64,86,,1
L1-L2,64,88,,1
L1-L2,64,90,,1
L1-L2,64,91,,1
L1-L2,64,96,,1
L1-L2,64,98,,1
L1-L2,64,100,,1
L1-L2,64,101,,1
L1-L2,64,103,,1
L1-L2,64,104,,1
L1-L2,64,105,,1
L1-L2,64,106,,1
L1-L2,64,107,,1
L1-L2,64,109,,1
L1-L2,64,113,,1
L1-L2,64,114,,1
L1-L2,64,121,,1
L1-L2,64,123,,1
L1-L2,64,129,,1
L1-L2,64,134,,1
L1-L2,64,137,,1
L1-L2,64,139,,1
L1-L2,64,143,,1
L1-L2,64,146,,1
L1-L2,64,147,,1
L1-L2,64,148,,1
L1-L2,64,149,,1
L1-L2,64,150,,1
L1-L2,64,152,,1
L1-L2,64,153,,1
L1-L2,64,154,,1
L1-L2,64,155,,1
L1-L2,64,157,,1
L1-L2,64,160,,1
L1-L2,64,161,,1
L1-L2,64,162,,1
L1-L2,64,165,,1
L1-L2,64,170,,1
L1-L2,64,175,,1
L1-L2,64,176,,1
L1-L2,64,178,,1
L1-L2,64,179,,1
L1-L2,64,180,,1
L1-L2,64,182,,1
L1-L2,64,183,,1
L1-L2,64,184,,1
L1-L2,64,186,,1
L1-L2,64,188,,1
L1-L2,64,189,,1
L1-L2,64,191,,1
L1-L2,64,192,,1
L1-L2,64,194,,1
L1-L2,64,196,,1
L1-L2,64,199,,1
L1-L2,64,203,,1
L1-L2,64,210,,1
L1-L2,64,211,,1
L1-L2,64,213,,1
L1-L2,64,220,,1
L1-L2,64,222,,1
L1-L2,64,226,,1
L1-L2,64,227,,1
L1-L2,64,230,,1
L1-L2,64,231,,1
L1-L2,64,233,,1
L1-L2,64,236,,1
L1-L2,64,239,,1
L1-L2,64,240,,1
L1-L2,64,241,,1
L1-L2,64,242,,1
L1-L2,64,245,,1
L1-L2,64,246,,1
L1-L2,64,250,,1
L1-L2,65,0,,1
L1-L2,65,1,,1
L1-L2,65,8,,1
L1-L2,65,9,,1
L1-L2,65,12,,1
L1-L2,65,13,,1
L1-L2,65,14,,1
L1-L2,65,15,,1
L1-L2,65,17,,1
L1-L2,65,19,,1
L1-L2,65,24,,1
L1-L2,65,26,,1
L1-L2,65,32,,1
L1-L2,65,34,,1
L1-L2,65,41,,1
L1-L2,65,43,,1
L1-L2,65,44,,1
L1-L2,65,45,,1
L1-L2,65,49,,1
L1-L2,65,52,,1
L1-L2,65,56,,1
L1-L2,65,57,,1
L1-L2,65,59,,1
L1-L2,65,62,,1
L1-L2,65,64,,1
L1-L2,65,66,,1
L1-L2,65,67,,1
L1-L2,65,70,,1
L1-L2,65,71,,1
L1-L2,65,72,,1
L1-L2,65,74,,1
L1-L2,65,76,,1
L1-L2,65,80,,1
L1-L2,65,81,,1
L1-L2,65,85,,1
L1-L2,65,86,,1
L1-L2,65,87,,1
L1-L2,65,91,,1
L1-L2,65,92,,1
L1-L2,65,94,,1
L1-L2,65,97,,1
L1-L2,65,100,,1
L1-L2,65,103,,1
L1-L2,65,104,,1
L1-L2,65,105,,1
L1-L2,65,108,,1
L1-L2,65,109,,1
L1-L2,65,110,,1
L1-L2,65,111,,1
L1-L2,65,114,,1
L1-L2,65,115,,1
L1-L2,65,118,,1
L1-L2,65,122,,1
L1-L2,65,124,,1
L1-L2,65,127,,1
L1-L2,65,129,,1
L1-L2,65,130,,1
L1-L2,65,132,,1
L1-L2,65,135,,1
L1-L2,65,137,,1
L1-L2,65,140,,1
L1-L2,65,141,,1
L1-L2,65,145,,1
L1-L2,65,146,,1
L1-L2,65,147,,1
L1-L2,65,149,,1
L1-L2,65,156,,1
L1-L2,65,158,,1
L1-L2,65,159,,1
L1-L2,65,160,,1
L1-L2,65,166,,1
L1-L2,65,167,,1
L1-L2,65,168,,1
L1-L2,65,171,,1
L1-L2,65,172,,1
L1-L2,65,174,,1
L1-L2,65,176,,1
L1-L2,65,178,,1
L1-L2,65,179,,1
L1-L2,65,183,,1
L1-L2,65,185,,1
L1-L2,65,186,,1
L1-L2,65,189,,1
L1-L2,65,190,,1
L1-L2,65,198,,1
L1-L2,65,201,,1
L1-L2,65,202,,1
L1-L2,65,203,,1
L1-L2,65,209,,1
L1-L2,65,210,,1
L1-L2,65,213,,1
L1-L2,65,215,,1
L1-L2,65,216,,1
L1-L2,65,217,,1
L1-L2,65,221,,1
L1-L2,65,222,,1
L1-L2,65,223,,1
L1-L2,65,228,,1
L1-L2,65,229,,1
L1-L2,65,231,,1
L1-L2,65,233,,1
L1-L2,65,234,,1
L1-L2,65,239,,1
L1-L2,65,242,,1
L1-L2,65,246,,1
L1-L2,65,249,,1
L1-L2,65,250,,1
L1-L2,65,252,,1
L1-L2,65,254,,1
L1-L2,65,255,,1
L1-L2,66,0,,1
L1-L2,66,1,,1
L1-L2,66,5,,1
L1-L2,66,9,,1
L1-L2,66,16,,1
L1-L2,66,20,,1
L1-L2,66,24,,1
L1-L2,66,26,,1
L1-L2,66,30,,1
L1-L2,66,31,,1
L1-L2,66,36,,1
L1-L2,66,47,,1
L1-L2,66,48,,1
L1-L2,66,52,,1
L1-L2,66,53,,1
L1-L2,66,58,,1
L1-L2,66,63,,1
L1-L2,66,64,,1
L1-L2,66,66,,1
L1-L2,66,67,,1
L1-L2,66,69,,1
L1-L2,66,71,,1
L1-L2,66,72,,1
L1-L2,66,76,,1
L1-L2,66,77,,1
L1-L2,66,87,,1
L1-L2,66,98,,1
L1-L2,66,100,,1
L1-L2,66,105,,1
L1-L2,66,109,,1
L1-L2,66,110,,1
L1-L2,66,111,,1
L1-L2,66,112,,1
L1-L2,66,117,,1
L1-L2,66,118,,1
L1-L2,66,120,,1
L1-L2,66,123,,1
L1-L2,66,124,,1
L1-L2,66,131,,1
L1-L2,66,132,,1
L1-L2,66,134,,1
L1-L2,66,136,,1
L1-L2,66,143,,1
L1-L2,66,144,,1
L1-L2,66,146,,1
L1-L2,66,148,,1
L1-L2,66,152,,1
L1-L2,66,160,,1
L1-L2,66,164,,1
L1-L2,66,168,,1
L1-L2,66,170,,1
L1-L2,66,172,,1
L1-L2,66,178,,1
L1-L2,66,179,,1
L1-L2,66,180,,1
L1-L2,66,182,,1
L1-L2,66,186,,1
L1-L2,66,187,,1
L1-L2,66,190,,1
L1-L2,66,192,,1
L1-L2,66,195,,1
L1-L2,66,197,,1
L1-L2,66,198,,1
L1-L2,66,201,,1
L1-L2,66,202,,1
L1-L2,66,207,,1
L1-L2,66,210,,1
L1-L2,66,213,,1
L1-L2,66,230,,1
L1-L2,66,231,,1
L1-L2,66,232,,1
L1-L2,66,233,,1
L1-L2,66,234,,1
L1-L2,66,237,,1
L1-L2,66,238,,1
L1-L2,66,241,,1
L1-L2,66,242,,1
L1-L2,66,244,,1
L1-L2,66,245,,1
L1-L2,66,246,,1
L1-L2,66,253,,1
L1-L2,67,10,,1
L1-L2,67,11,,1
L1-L2,67,15,,1
L1-L2,67,16,,1
L1-L2,67,17,,1
L1-L2,67,18,,1
L1-L2,67,32,,1
L1-L2,67,38,,1
L1-L2,67,39,,1
L1-L2,67,42,,1
L1-L2,67,44,,1
L1-L2,67,52,,1
L1-L2,67,57,,1
L1-L2,67,60,,1
L1-L2,67,63,,1
L1-L2,67,64,,1
L1-L2,67,68,,1
L1-L2,67,72,,1
L1-L2,67,76,,1
L1-L2,67,82,,1
L1-L2,67,85,,1
L1-L2,67,86,,1
L1-L2,67,89,,1
L1-L2,67,90,,1
L1-L2,67,93,,1
L1-L2,67,94,,1
L1-L2,67,95,,1
L1-L2,67,97,,1
L1-L2,67,104,,1
L1-L2,67,107,,1
L1-L2,67,108,,1
L1-L2,67,111,,1
L1-L2,67,113,,1
L1-L2,67,115,,1
L1-L2,67,116,,1
L1-L2,67,120,,1
L1-L2,67,126,,1
L1-L2,67,131,,1
L1-L2,67,138,,1
L1-L2,67,139,,1
L1-L2,67,142,,1
L1-L2,67,148,,1
L1-L2,67,158,,1
L1-L2,67,161,,1
L1-L2,67,162,,1
L1-L2,67,163,,1
L1-L2,67,164,,1
L1-L2,67,165,,1
L1-L2,67,169,,1
L1-L2,67,173,,1
L1-L2,67,174,,1
L1-L2,67,175,,1
L1-L2,67,178,,1
L1-L2,67,179,,1
L1-L2,67,180,,1
L1-L2,67,181,,1
L1-L2,67,183,,1
L1-L2,67,186,,1
L1-L2,67,189,,1
L1-L2,67,190,,1
L1-L2,67,192,,1
L1-L2,67,197,,1
L1-L2,67,199,,1
L1-L2,67,201,,1
L1-L2,67,203,,1
L1-L2,67,205,,1
L1-L2,67,206,,1
L1-L2,67,207,,1
L1-L2,67,209,,1
L1-L2,67,212,,1
L1-L2,67,213,,1
L1-L2,67,214,,1
L1-L2,67,217,,1
L1-L2,67,219,,1
L1-L2,67,220,,1
L1-L2,67,223,,1
L1-L2,67,224,,1
L1-L2,67,225,,1
L1-L2,67,226,,1
L1-L2,67,227,,1
L1-L2,67,230,,1
L1-L2,67,231,,1
L1-L2,67,235,,1
L1-L2,67,236,,1
L1-L2,67,238,,1
L1-L2,67,240,,1
L1-L2,67,242,,1
L1-L2,67,243,,1
L1-L2,67,244,,1
L1-L2,67,246,,1
L1-L2,67,247,,1
L1-L2,67,251,,1
L1-L2,68,0,,1
L1-L2,68,3,,1
L1-L2,68,6,,1
L1-L2,68,7,,1
L1-L2,68,9,,1
L1-L2,68,15,,1
L1-L2,68,19,,1
L1-L2,68,21,,1
L1-L2,68,22,,1
L1-L2,68,23,,1
L1-L2,68,24,,1
L1-L2,68,25,,1
L1-L2,68,26,,1
L1-L2,68,31,,1
L1-L2,68,33,,1
L1-L2,68,36,,1
L1-L2,68,39,,1
L1-L2,68,45,,1
L1-L2,68,49,,1
L1-L2,68,53,,1
L1-L2,68,54,,1
L1-L2,68,59,,1
L1-L2,68,62,,1
L1-L2,68,67,,1
L1-L2,68,74,,1
L1-L2,68,77,,1
L1-L2,68,79,,1
L1-L2,68,81,,1
L1-L2,68,84,,1
L1-L2,68,85,,1
L1-L2,68,87,,1
L1-L2,68,92,,1
L1-L2,68,94,,1
L1-L2,68,95,,1
L1-L2,68,96,,1
L1-L2,68,98,,1
L1-L2,68,114,,1
L1-L2,68,115,,1
L1-L2,68,124,,1
L1-L2,68,128,,1
L1-L2,68,129,,1
L1-L2,68,130,,1
L1-L2,68,135,,1
L1-L2,68,138,,1
L1-L2,68,139,,1
L1-L2,68,145,,1
L1-L2,68,147,,1
L1-L2,68,150,,1
L1-L2,68,151,,1
L1-L2,68,152,,1
L1-L2,68,157,,1
L1-L2,68,159,,1
L1-L2,68,161,,1
L1-L2,68,163,,1
L1-L2,68,164,,1
L1-L2,68,165,,1
L1-L2,68,166,,1
L1-L2,68,168,,1
L1-L2,68,169,,1
L1-L2,68,173,,1
L1-L2,68,181,,1
L1-L2,68,184,,1
L1-L2,68,185,,1
L1-L2,68,186,,1
L1-L2,68,188,,1
L1-L2,68,191,,1
L1-L2,68,194,,1
L1-L2,68,196,,1
L1-L2,68,201,,1
L1-L2,68,204,,1
L1-L2,68,206,,1
L1-L2,68,207,,1
L1-L2,68,215,,1
L1-L2,68,216,,1
L1-L2,68,217,,1
L1-L2,68,221,,1
L1-L2,68,222,,1
L1-L2,68,223,,1
L1-L2,68,226,,1
L1-L2,68,227,,1
L1-L2,68,230,,1
L1-L2,68,232,,1
L1-L2,68,233,,1
L1-L2,68,236,,1
L1-L2,68,238,,1
L1-L2,68,241,,1
L1-L2,68,242,,1
L1-L2,68,244,,1
L1-L2,68,245,,1
L1-L2,68,247,,1
L1-L2,68,248,,1
L1-L2,68,250,,1
L1-L2,68,251,,1
L1-L2,68,252,,1
L1-L2,68,253,,1
L1-L2,68,254,,1
L1-L2,68,255,,1
L1-L2,69,0,,1
L1-L2,69,2,,1
L1-L2,69,3,,1
L1-L2,69,5,,1
L1-L2,69,8,,1
L1-L2,69,15,,1
L1-L2,69,16,,1
L1-L2,69,22,,1
L1-L2,69,24,,1
L1-L2,69,34,,1
L1-L2,69,36,,1
L1-L2,69,38,,1
L1-L2,69,39,,1
L1-L2,69,44,,1
L1-L2,69,49,,1
L1-L2,69,51,,1
L1-L2,69,52,,1
L1-L2,69,53,,1
L1-L2,69,57,,1
L1-L2,69,59,,1
L1-L2,69,62,,1
L1-L2,69,63,,1
L1-L2,69,64,,1
L1-L2,69,65,,1
L1-L2,69,69,,1
L1-L2,69,72,,1
L1-L2,69,73,,1
L1-L2,69,76,,1
L1-L2,69,77,,1
L1-L2,69,78,,1
L1-L2,69,85,,1
L1-L2,69,88,,1
L1-L2,69,93,,1
L1-L2,69,99,,1
L1-L2,69,105,,1
L1-L2,69,108,,1
L1-L2,69,111,,1
L1-L2,69,113,,1
L1-L2,69,116,,1
L1-L2,69,118,,1
L1-L2,69,122,,1
L1-L2,69,123,,1
L1-L2,69,128,,1
L1-L2,69,129,,1
L1-L2,69,131,,1
L1-L2,69,141,,1
L1-L2,69,145,,1
L1-L2,69,150,,1
L1-L2,69,157,,1
L1-L2,69,158,,1
L1-L2,69,160,,1
L1-L2,69,165,,1
L1-L2,69,171,,1
L1-L2,69,173,,1
L1-L2,69,176,,1
L1-L2,69,178,,1
L1-L2,69,179,,1
L1-L2,69,180,,1
L1-L2,69,181,,1
L1-L2,69,183,,1
L1-L2,69,187,,1
L1-L2,69,189,,1
L1-L2,69,192,,1
L1-L2,69,198,,1
L1-L2,69,200,,1
L1-L2,69,202,,1
L1-L2,69,203,,1
L1-L2,69,204,,1
L1-L2,69,205,,1
L1-L2,69,207,,1
L1-L2,69,210,,1
L1-L2,69,213,,1
L1-L2,69,214,,1
L1-L2,69,215,,1
L1-L2,69,218,,1
L1-L2,69,219,,1
L1-L2,69,220,,1
L1-L2,69,222,,1
L1-L2,69,223,,1
L1-L2,69,224,,1
L1-L2,69,225,,1
L1-L2,69,228,,1
L1-L2,69,230,,1
L1-L2,69,231,,1
L1-L2,69,234,,1
L1-L2,69,236,,1
L1-L2,69,242,,1
L1-L2,69,244,,1
L1-L2,69,245,,1
L1-L2,69,246,,1
L1-L2,69,248,,1
L1-L2,70,2,,1
L1-L2,70,3,,1
L1-L2,70,4,,1
L1-L2,70,5,,1
L1-L2,70,11,,1
L1-L2,70,14,,1
L1-L2,70,19,,1
L1-L2,70,22,,1
L1-L2,70,23,,1
L1-L2,70,29,,1
L1-L2,70,31,,1
L1-L2,70,38,,1
L1-L2,70,40,,1
L1-L2,70,41,,1
L1-L2,70,44,,1
L1-L2,70,46,,1
L1-L2,70,48,,1
L1-L2,70,51,,1
L1-L2,70,53,,1
L1-L2,70,60,,1
L1-L2,70,61,,1
L1-L2,70,62,,1
L1-L2,70,73,,1
L1-L2,70,74,,1
L1-L2,70,76,,1
L1-L2,70,80,,1
L1-L2,70,83,,1
L1-L2,70,84,,1
L1-L2,70,85,,1
L1-L2,70,89,,1
L1-L2,70,90,,1
L1-L2,70,91,,1
L1-L2,70,95,,1
L1-L2,70,96,,1
L1-L2,70,97,,1
L1-L2,70,100,,1
L1-L2,70,102,,1
L1-L2,70,103,,1
L1-L2,70,106,,1
L1-L2,70,110,,1
L1-L2,70,111,,1
L1-L2,70,116,,1
L1-L2,70,117,,1
L1-L2,70,119,,1
L1-L2,70,120,,1
L1-L2,70,124,,1
L1-L2,70,126,,1
L1-L2,70,127,,1
L1-L2,70,128,,1
L1-L2,70,130,,1
L1-L2,70,131,,1
L1-L2,70,133,,1
L1-L2,70,134,,1
L1-L2,70,136,,1
L1-L2,70,138,,1
L1-L2,70,139,,1
L1-L2,70,142,,1
L1-L2,70,144,,1
L1-L2,70,147,,1
L1-L2,70,149,,1
L1-L2,70,150,,1
L1-L2,70,153,,1
L1-L2,70,158,,1
L1-L2,70,159,,1
L1-L2,70,163,,1
L1-L2,70,171,,1
L1-L2,70,172,,1
L1-L2,70,174,,1
L1-L2,70,176,,1
L1-L2,70,178,,1
L1-L2,70,182,,1
L1-L2,70,185,,1
L1-L2,70,187,,1
L1-L2,70,190,,1
L1-L2,70,191,,1
L1-L2,70,192,,1
L1-L2,70,197,,1
L1-L2,70,199,,1
L1-L2,70,200,,1
L1-L2,70,202,,1
L1-L2,70,203,,1
L1-L2,70,204,,1
L1-L2,70,208,,1
L1-L2,70,210,,1
L1-L2,70,212,,1
L1-L2,70,214,,1
L1-L2,70,215,,1
L1-L2,70,217,,1
L1-L2,70,218,,1
L1-L2,70,223,,1
L1-L2,70,225,,1
L1-L2,70,226,,1
L1-L2,70,227,,1
L1-L2,70,229,,1
L1-L2,70,230,,1
L1-L2,70,234,,1
L1-L2,70,237,,1
L1-L2,70,240,,1
L1-L2,70,244,,1
L1-L2,70,245,,1
L1-L2,70,255,,1
L1-L2,71,1,,1
L1-L2,71,6,,1
L1-L2,71,12,,1
L1-L2,71,15,,1
L1-L2,71,20,,1
L1-L2,71,23,,1
L1-L2,71,24,,1
L1-L2,71,25,,1
L1-L2,71,28,,1
L1-L2,71,29,,1
L1-L2,71,30,,1
L1-L2,71,33,,1
L1-L2,71,34,,1
L1-L2,71,37,,1
L1-L2,71,38,,1
L1-L2,71,39,,1
L1-L2,71,41,,1
L1-L2,71,42,,1
L1-L2,71,44,,1
L1-L2,71,45,,1
L1-L2,71,50,,1
L1-L2,71,52,,1
L1-L2,71,53,,1
L1-L2,71,56,,1
L1-L2,71,59,,1
L1-L2,71,62,,1
L1-L2,71,65,,1
L1-L2,71,67,,1
L1-L2,71,69,,1
L1-L2,71,72,,1
L1-L2,71,75,,1
L1-L2,71,77,,1
L1-L2,71,80,,1
L1-L2,71,87,,1
L1-L2,71,88,,1
L1-L2,71,91,,1
L1-L2,71,93,,1
L1-L2,71,98,,1
L1-L2,71,99,,1
L1-L2,71,101,,1
L1-L2,71,105,,1
L1-L2,71,107,,1
L1-L2,71,109,,1
L1-L2,71,110,,1
L1-L2,71,111,,1
L1-L2,71,115,,1
L1-L2,71,116,,1
L1-L2,71,118,,1
L1-L2,71,122,,1
L1-L2,71,126,,1
L1-L2,71,128,,1
L1-L2,71,129,,1
L1-L2,71,131,,1
L1-L2,71,133,,1
L1-L2,71,137,,1
L1-L2,71,138,,1
L1-L2,71,139,,1
L1-L2,71,140,,1
L1-L2,71,141,,1
L1-L2,71,142,,1
L1-L2,71,144,,1
L1-L2,71,145,,1
L1-L2,71,146,,1
L1-L2,71,147,,1
L1-L2,71,151,,1
L1-L2,71,157,,1
L1-L2,71,160,,1
L1-L2,71,162,,1
L1-L2,71,163,,1
L1-L2,71,164,,1
L1-L2,71,165,,1
L1-L2,71,166,,1
L1-L2,71,168,,1
L1-L2,71,169,,1
L1-L2,71,170,,1
L1-L2,71,172,,1
L1-L2,71,177,,1
L1-L2,71,178,,1
L1-L2,71,181,,1
L1-L2,71,185,,1
L1-L2,71,187,,1
L1-L2,71,190,,1
L1-L2,71,191,,1
L1-L2,71,194,,1
L1-L2,71,195,,1
L1-L2,71,197,,1
L1-L2,71,198,,1
L1-L2,71,199,,1
L1-L2,71,200,,1
L1-L2,71,202,,1
L1-L2,71,205,,1
L1-L2,71,207,,1
L1-L2,71,218,,1
L1-L2,71,221,,1
L1-L2,71,223,,1
L1-L2,71,225,,1
L1-L2,71,229,,1
L1-L2,71,231,,1
L1-L2,71,235,,1
L1-L2,71,236,,1
L1-L2,71,238,,1
L1-L2,71,245,,1
L1-L2,71,246,,1
L1-L2,71,250,,1
L1-L2,71,251,,1
L1-L2,71,252,,1
L1-L2,71,254,,1
L1-L2,71,255,,1
L1-L2,72,3,,1
L1-L2,72,9,,1
L1-L2,72,10,,1
L1-L2,72,11,,1
L1-L2,72,12,,1
L1-L2,72,25,,1
L1-L2,72,32,,1
L1-L2,72,34,,1
L1-L2,72,36,,1
L1-L2,72,37,,1
L1-L2,72,38,,1
L1-L2,72,40,,1
L1-L2,72,42,,1
L1-L2,72,45,,1
L1-L2,72,47,,1
L1-L2,72,48,,1
L1-L2,72,52,,1
L1-L2,72,54,,1
L1-L2,72,55,,1
L1-L2,72,57,,1
L1-L2,72,62,,1
L1-L2,72,65,,1
L1-L2,72,69,,1
L1-L2,72,71,,1
L1-L2,72,72,,1
L1-L2,72,75,,1
L1-L2,72,78,,1
L1-L2,72,80,,1
L1-L2,72,82,,1
L1-L2,72,83,,1
L1-L2,72,85,,1
L1-L2,72,91,,1
L1-L2,72,93,,1
L1-L2,72,94,,1
L1-L2,72,96,,1
L1-L2,72,98,,1
L1-L2,72,99,,1
L1-L2,72,100,,1
L1-L2,72,101,,1
L1-L2,72,102,,1
L1-L2,72,105,,1
L1-L2,72,108,,1
L1-L2,72,109,,1
L1-L2,72,113,,1
L1-L2,72,114,,1
L1-L2,72,117,,1
L1-L2,72,118,,1
L1-L2,72,123,,1
L1-L2,72,124,,1
L1-L2,72,126,,1
L1-L2,72,127,,1
L1-L2,72,131,,1
L1-L2,72,132,,1
L1-L2,72,136,,1
L1-L2,72,140,,1
L1-L2,72,144,,1
L1-L2,72,145,,1
L1-L2,72,146,,1
L1-L2,72,151,,1
L1-L2,72,152,,1
L1-L2,72,166,,1
L1-L2,72,167,,1
L1-L2,72,169,,1
L1-L2,72,170,,1
L1-L2,72,173,,1
L1-L2,72,175,,1
L1-L2,72,176,,1
L1-L2,72,178,,1
L1-L2,72,179,,1
L1-L2,72,181,,1
L1-L2,72,182,,1
L1-L2,72,183,,1
L1-L2,72,184,,1
L1-L2,72,186,,1
L1-L2,72,188,,1
L1-L2,72,189,,1
L1-L2,72,190,,1
L1-L2,72,192,,1
L1-L2,72,193,,1
L1-L2,72,194,,1
L1-L2,72,195,,1
L1-L2,72,196,,1
L1-L2,72,198,,1
L1-L2,72,199,,1
L1-L2,72,204,,1
L1-L2,72,206,,1
L1-L2,72,207,,1
L1-L2,72,208,,1
L1-L2,72,210,,1
L1-L2,72,211,,1
L1-L2,72,216,,1
L1-L2,72,217,,1
L1-L2,72,224,,1
L1-L2,72,227,,1
L1-L2,72,229,,1
L1-L2,72,230,,1
L1-L2,72,231,,1
L1-L2,72,232,,1
L1-L2,72,234,,1
L1-L2,72,235,,1
L1-L2,72,239,,1
L1-L2,72,241,,1
L1-L2,72,242,,1
L1-L2,72,248,,1
L1-L2,72,249,,1
L1-L2,72,250,,1
L1-L2,72,251,,1
L1-L2,72,253,,1
L1-L2,73,4,,1
L1-L2,73,7,,1
L1-L2,73,10,,1
L1-L2,73,11,,1
L1-L2,73,13,,1
L1-L2,73,15,,1
L1-L2,73,16,,1
L1-L2,73,19,,1
L1-L2,73,23,,1
L1-L2,73,26,,1
L1-L2,73,27,,1
L1-L2,73,29,,1
L1-L2,73,36,,1
L1-L2,73,37,,1
L1-L2,73,47,,1
L1-L2,73,50,,1
L1-L2,73,51,,1
L1-L2,73,52,,1
L1-L2,73,53,,1
L1-L2,73,57,,1
L1-L2,73,58,,1
L1-L2,73,59,,1
L1-L2,73,60,,1
L1-L2,73,65,,1
L1-L2,73,70,,1
L1-L2,73,74,,1
L1-L2,73,77,,1
L1-L2,73,82,,1
L1-L2,73,88,,1
L1-L2,73,92,,1
L1-L2,73,94,,1
L1-L2,73,101,,1
L1-L2,73,102,,1
L1-L2,73,103,,1
L1-L2,73,104,,1
L1-L2,73,105,,1
L1-L2,73,111,,1
L1-L2,73,112,,1
L1-L2,73,113,,1
L1-L2,73,116,,1
L1-L2,73,118,,1
L1-L2,73,121,,1
L1-L2,73,122,,1
L1-L2,73,123,,1
L1-L2,73,131,,1
L1-L2,73,134,,1
L1-L2,73,135,,1
L1-L2,73,136,,1
L1-L2,73,139,,1
L1-L2,73,140,,1
L1-L2,73,148,,1
L1-L2,73,149,,1
L1-L2,73,154,,1
L1-L2,73,155,,1
L1-L2,73,156,,1
L1-L2,73,158,,1
L1-L2,73,159,,1
L1-L2,73,161,,1
L1-L2,73,162,,1
L1-L2,73,163,,1
L1-L2,73,165,,1
L1-L2,73,167,,1
L1-L2,73,173,,1
L1-L2,73,175,,1
L1-L2,73,176,,1
L1-L2,73,177,,1
L1-L2,73,178,,1
L1-L2,73,179,,1
L1-L2,73,180,,1
L1-L2,73,183,,1
L1-L2,73,185,,1
L1-L2,73,186,,1
L1-L2,73,188,,1
L1-L2,73,189,,1
L1-L2,73,190,,1
L1-L2,73,193,,1
L1-L2,73,194,,1
L1-L2,73,196,,1
L1-L2,73,197,,1
L1-L2,73,200,,1
L1-L2,73,202,,1
L1-L2,73,207,,1
L1-L2,73,210,,1
L1-L2,73,213,,1
L1-L2,73,214,,1
L1-L2,73,215,,1
L1-L2,73,217,,1
L1-L2,73,219,,1
L1-L2,73,220,,1
L1-L2,73,222,,1
L1-L2,73,223,,1
L1-L2,73,231,,1
L1-L2,73,232,,1
L1-L2,73,233,,1
L1-L2,73,234,,1
L1-L2,73,235,,1
L1-L2,73,236,,1
L1-L2,73,240,,1
L1-L2,73,241,,1
L1-L2,73,243,,1
L1-L2,73,244,,1
L1-L2,73,245,,1
L1-L2,73,247,,1
L1-L2,73,250,,1
L1-L2,73,251,,1
L1-L2,73,252,,1
L1-L2,73,254,,1
L1-L2,74,0,,1
L1-L2,74,1,,1
L1-L2,74,3,,1
L1-L2,74,6,,1
L1-L2,74,7,,1
L1-L2,74,9,,1
L1-L2,74,10,,1
L1-L2,74,11,,1
L1-L2,74,12,,1
L1-L2,74,21,,1
L1-L2,74,22,,1
L1-L2,74,24,,1
L1-L2,74,25,,1
L1-L2,74,30,,1
L1-L2,74,31,,1
L1-L2,74,38,,1
L1-L2,74,39,,1
L1-L2,74,42,,1
L1-L2,74,43,,1
L1-L2,74,44,,1
L1-L2,74,47,,1
L1-L2,74,49,,1
L1-L2,74,54,,1
L1-L2,74,59,,1
L1-L2,74,60,,1
L1-L2,74,61,,1
L1-L2,74,66,,1
L1-L2,74,74,,1
L1-L2,74,78,,1
L1-L2,74,80,,1
L1-L2,74,85,,1
L1-L2,74,86,,1
L1-L2,74,90,,1
L1-L2,74,91,,1
L1-L2,74,93,,1
L1-L2,74,94,,1
L1-L2,74,100,,1
L1-L2,74,101,,1
L1-L2,74,104,,1
L1-L2,74,106,,1
L1-L2,74,108,,1
L1-L2,74,111,,1
L1-L2,74,112,,1
L1-L2,74,117,,1
L1-L2,74,122,,1
L1-L2,74,124,,1
L1-L2,74,126,,1
L1-L2,74,127,,1
L1-L2,74,128,,1
L1-L2,74,133,,1
L1-L2,74,135,,1
L1-L2,74,136,,1
L1-L2,74,140,,1
L1-L2,74,143,,1
L1-L2,74,144,,1
L1-L2,74,145,,1
L1-L2,74,148,,1
L1-L2,74,150,,1
L1-L2,74,151,,1
L1-L2,74,152,,1
L1-L2,74,153,,1
L1-L2,74,155,,1
L1-L2,74,158,,1
L1-L2,74,159,,1
L1-L2,74,163,,1
L1-L2,74,166,,1
L1-L2,74,171,,1
L1-L2,74,175,,1
L1-L2,74,176,,1
L1-L2,74,186,,1
L1-L2,74,187,,1
L1-L2,74,190,,1
L1-L2,74,191,,1
L1-L2,74,192,,1
L1-L2,74,193,,1
L1-L2,74,196,,1
L1-L2,74,197,,1
L1-L2,74,199,,1
L1-L2,74,200,,1
L1-L2,74,201,,1
L1-L2,74,208,,1
L1-L2,74,209,,1
L1-L2,74,210,,1
L1-L2,74,215,,1
L1-L2,74,216,,1
L1-L2,74,219,,1
L1-L2,74,220,,1
L1-L2,74,226,,1
L1-L2,74,227,,1
L1-L2,74,228,,1
L1-L2,74,229,,1
L1-L2,74,230,,1
L1-L2,74,231,,1
L1-L2,74,232,,1
L1-L2,74,237,,1
L1-L2,74,238,,1
L1-L2,74,241,,1
L1-L2,74,244,,1
L1-L2,74,245,,1
L1-L2,74,246,,1
L1-L2,74,252,,1
L1-L2,74,254,,1
L1-L2,74,255,,1
L1-L2,75,0,,1
L1-L2,75,1,,1
L1-L2,75,3,,1
L1-L2,75,6,,1
L1-L2,75,7,,1
L1-L2,75,12,,1
L1-L2,75,17,,1
L1-L2,75,19,,1
L1-L2,75,20,,1
L1-L2,75,21,,1
L1-L2,75,24,,1
L1-L2,75,26,,1
L1-L2,75,27,,1
L1-L2,75,28,,1
L1-L2,75,29,,1
L1-L2,75,30,,1
L1-L2,75,37,,1
L1-L2,75,42,,1
L1-L2,75,46,,1
L1-L2,75,47,,1
L1-L2,75,48,,1
L1-L2,75,50,,1
L1-L2,75,51,,1
L1-L2,75,52,,1
L1-L2,75,53,,1
L1-L2,75,54,,1
L1-L2,75,60,,1
L1-L2,75,62,,1
L1-L2,75,64,,1
L1-L2,75,66,,1
L1-L2,75,73,,1
L1-L2,75,74,,1
L1-L2,75,76,,1
L1-L2,75,79,,1
L1-L2,75,82,,1
L1-L2,75,90,,1
L1-L2,75,92,,1
L1-L2,75,93,,1
L1-L2,75,95,,1
L1-L2,75,98,,1
L1-L2,75,102,,1
L1-L2,75,104,,1
L1-L2,75,106,,1
L1-L2,75,107,,1
L1-L2,75,110,,1
L1-L2,75,111,,1
L1-L2,75,116,,1
L1-L2,75,117,,1
L1-L2,75,119,,1
L1-L2,75,120,,1
L1-L2,75,121,,1
L1-L2,75,128,,1
L1-L2,75,130,,1
L1-L2,75,131,,1
L1-L2,75,132,,1
L1-L2,75,139,,1
L1-L2,75,141,,1
L1-L2,75,144,,1
L1-L2,75,146,,1
L1-L2,75,148,,1
L1-L2,75,149,,1
L1-L2,75,152,,1
L1-L2,75,158,,1
L1-L2,75,160,,1
L1-L2,75,162,,1
L1-L2,75,165,,1
L1-L2,75,169,,1
L1-L2,75,170,,1
L1-L2,75,172,,1
L1-L2,75,173,,1
L1-L2,75,174,,1
L1-L2,75,175,,1
L1-L2,75,176,,1
L1-L2,75,178,,1
L1-L2,75,180,,1
L1-L2,75,183,,1
L1-L2,75,185,,1
L1-L2,75,186,,1
L1-L2,75,189,,1
L1-L2,75,190,,1
L1-L2,75,191,,1
L1-L2,75,194,,1
L1-L2,75,195,,1
L1-L2,75,198,,1
L1-L2,75,199,,1
L1-L2,75,200,,1
L1-L2,75,205,,1
L1-L2,75,209,,1
L1-L2,75,213,,1
L1-L2,75,214,,1
L1-L2,75,215,,1
L1-L2,75,216,,1
L1-L2,75,220,,1
L1-L2,75,221,,1
L1-L2,75,222,,1
L1-L2,75,223,,1
L1-L2,75,226,,1
L1-L2,75,229,,1
L1-L2,75,230,,1
L1-L2,75,231,,1
L1-L2,75,238,,1
L1-L2,75,239,,1
L1-L2,75,241,,1
L1-L2,75,242,,1
L1-L2,75,243,,1
L1-L2,75,244,,1
L1-L2,75,246,,1
L1-L2,75,248,,1
L1-L2,75,250,,1
L1-L2,75,251,,1
L1-L2,75,253,,1
L1-L2,76,15,,1
L1-L2,76,23,,1
L1-L2,76,26,,1
L1-L2,76,27,,1
L1-L2,76,29,,1
L1-L2,76,30,,1
L1-L2,76,42,,1
L1-L2,76,46,,1
L1-L2,76,58,,1
L1-L2,76,61,,1
L1-L2,76,66,,1
L1-L2,76,69,,1
L1-L2,76,75,,1
L1-L2,76,87,,1
L1-L2,76,93,,1
L1-L2,76,101,,1
L1-L2,76,103,,1
L1-L2,76,110,,1
L1-L2,76,111,,1
L1-L2,76,112,,1
L1-L2,76,113,,1
L1-L2,76,114,,1
L1-L2,76,119,,1
L1-L2,76,122,,1
L1-L2,76,127,,1
L1-L2,76,129,,1
L1-L2,76,133,,1
L1-L2,76,136,,1
L1-L2,76,139,,1
L1-L2,76,145,,1
L1-L2,76,146,,1
L1-L2,76,147,,1
L1-L2,76,153,,1
L1-L2,76,154,,1
L1-L2,76,158,,1
L1-L2,76,160,,1
L1-L2,76,163,,1
L1-L2,76,165,,1
L1-L2,76,172,,1
L1-L2,76,178,,1
L1-L2,76,180,,1
L1-L2,76,181,,1
L1-L2,76,182,,1
L1-L2,76,184,,1
L1-L2,76,190,,1
L1-L2,76,193,,1
L1-L2,76,200,,1
L1-L2,76,207,,1
L1-L2,76,209,,1
L1-L2,76,210,,1
L1-L2,76,213,,1
L1-L2,76,218,,1
L1-L2,76,221,,1
L1-L2,76,222,,1
L1-L2,76,224,,1
L1-L2,76,226,,1
L1-L2,76,230,,1
L1-L2,76,232,,1
L1-L2,76,235,,1
L1-L2,76,240,,1
L1-L2,76,244,,1
L1-L2,76,245,,1
L1-L2,76,247,,1
L1-L2,76,249,,1
L1-L2,76,251,,1
L1-L2,76,254,,1
L1-L2,77,2,,1
L1-L2,77,8,,1
L1-L2,77,10,,1
L1-L2,77,13,,1
L1-L2,77,16,,1
L1-L2,77,18,,1
L1-L2,77,23,,1
L1-L2,77,26,,1
L1-L2,77,28,,1
L1-L2,77,29,,1
L1-L2,77,38,,1
L1-L2,77,39,,1
L1-L2,77,43,,1
L1-L2,77,46,,1
L1-L2,77,48,,1
L1-L2,77,52,,1
L1-L2,77,53,,1
L1-L2,77,55,,1
L1-L2,77,56,,1
L1-L2,77,60,,1
L1-L2,77,65,,1
L1-L2,77,66,,1
L1-L2,77,67,,1
L1-L2,77,72,,1
L1-L2,77,79,,1
L1-L2,77,80,,1
L1-L2,77,85,,1
L1-L2,77,87,,1
L1-L2,77,88,,1
L1-L2,77,97,,1
L1-L2,77,98,,1
L1-L2,77,104,,1
L1-L2,77,105,,1
L1-L2,77,110,,1
L1-L2,77,114,,1
L1-L2,77,115,,1
L1-L2,77,117,,1
L1-L2,77,119,,1
L1-L2,77,122,,1
L1-L2,77,124,,1
L1-L2,77,125,,1
L1-L2,77,128,,1
L1-L2,77,129,,1
L1-L2,77,131,,1
L1-L2,77,139,,1
L1-L2,77,140,,1
L1-L2,77,141,,1
L1-L2,77,149,,1
L1-L2,77,150,,1
L1-L2,77,151,,1
L1-L2,77,155,,1
L1-L2,77,157,,1
L1-L2,77,158,,1
L1-L2,77,162,,1
L1-L2,77,164,,1
L1-L2,77,166,,1
L1-L2,77,167,,1
L1-L2,77,168,,1
L1-L2,77,172,,1
L1-L2,77,173,,1
L1-L2,77,174,,1
L1-L2,77,176,,1
L1-L2,77,182,,1
L1-L2,77,183,,1
L1-L2,77,184,,1
L1-L2,77,185,,1
L1-L2,77,187,,1
L1-L2,77,188,,1
L1-L2,77,192,,1
L1-L2,77,193,,1
L1-L2,77,196,,1
L1-L2,77,198,,1
L1-L2,77,199,,1
L1-L2,77,200,,1
L1-L2,77,207,,1
L1-L2,77,212,,1
L1-L2,77,214,,1
L1-L2,77,218,,1
L1-L2,77,219,,1
L1-L2,77,222,,1
L1-L2,77,223,,1
L1-L2,77,224,,1
L1-L2,77,225,,1
L1-L2,77,228,,1
L1-L2,77,232,,1
L1-L2,77,234,,1
L1-L2,77,237,,1
L1-L2,77,243,,1
L1-L2,77,245,,1
L1-L2,77,246,,1
L1-L2,77,247,,1
L1-L2,77,250,,1
L1-L2,77,251,,1
L1-L2,77,252,,1
L1-L2,77,253,,1
L1-L2,77,254,,1
L1-L2,78,4,,1
L1-L2,78,6,,1
L1-L2,78,10,,1
L1-L2,78,12,,1
L1-L2,78,13,,1
L1-L2,78,21,,1
L1-L2,78,23,,1
L1-L2,78,29,,1
L1-L2,78,30,,1
L1-L2,78,33,,1
L1-L2,78,45,,1
L1-L2,78,47,,1
L1-L2,78,49,,1
L1-L2,78,53,,1
L1-L2,78,54,,1
L1-L2,78,57,,1
L1-L2,78,59,,1
L1-L2,78,61,,1
L1-L2,78,63,,1
L1-L2,78,71,,1
L1-L2,78,75,,1
L1-L2,78,79,,1
L1-L2,78,81,,1
L1-L2,78,85,,1
L1-L2,78,86,,1
L1-L2,78,87,,1
L1-L2,78,91,,1
L1-L2,78,92,,1
L1-L2,78,93,,1
L1-L2,78,95,,1
L1-L2,78,96,,1
L1-L2,78,99,,1
L1-L2,78,101,,1
L1-L2,78,102,,1
L1-L2,78,103,,1
L1-L2,78,105,,1
L1-L2,78,106,,1
L1-L2,78,108,,1
L1-L2,78,109,,1
L1-L2,78,113,,1
L1-L2,78,114,,1
L1-L2,78,115,,1
L1-L2,78,116,,1
L1-L2,78,118,,1
L1-L2,78,121,,1
L1-L2,78,123,,1
L1-L2,78,125,,1
L1-L2,78,127,,1
L1-L2,78,128,,1
L1-L2,78,129,,1
L1-L2,78,135,,1
L1-L2,78,136,,1
L1-L2,78,137,,1
L1-L2,78,139,,1
L1-L2,78,140,,1
L1-L2,78,142,,1
L1-L2,78,143,,1
L1-L2,78,146,,1
L1-L2,78,150,,1
L1-L2,78,152,,1
L1-L2,78,154,,1
L1-L2,78,157,,1
L1-L2,78,161,,1
L1-L2,78,162,,1
L1-L2,78,164,,1
L1-L2,78,165,,1
L1-L2,78,166,,1
L1-L2,78,167,,1
L1-L2,78,169,,1
L1-L2,78,171,,1
L1-L2,78,172,,1
L1-L2,78,174,,1
L1-L2,78,177,,1
L1-L2,78,179,,1
L1-L2,78,180,,1
L1-L2,78,181,,1
L1-L2,78,189,,1
L1-L2,78,192,,1
L1-L2,78,193,,1
L1-L2,78,197,,1
L1-L2,78,198,,1
L1-L2,78,199,,1
L1-L2,78,203,,1
L1-L2,78,204,,1
L1-L2,78,205,,1
L1-L2,78,207,,1
L1-L2,78,208,,1
L1-L2,78,209,,1
L1-L2,78,210,,1
L1-L2,78,211,,1
L1-L2,78,212,,1
L1-L2,78,213,,1
L1-L2,78,216,,1
L1-L2,78,217,,1
L1-L2,78,218,,1
L1-L2,78,221,,1
L1-L2,78,222,,1
L1-L2,78,223,,1
L1-L2,78,224,,1
L1-L2,78,225,,1
L1-L2,78,228,,1
L1-L2,78,229,,1
L1-L2,78,233,,1
L1-L2,78,234,,1
L1-L2,78,235,,1
L1-L2,78,236,,1
L1-L2,78,239,,1
L1-L2,78,242,,1
L1-L2,78,243,,1
L1-L2,78,247,,1
L1-L2,78,249,,1
L1-L2,78,250,,1
L1-L2,78,252,,1
L1-L2,78,253,,1
L1-L2,78,254,,1
L1-L2,78,255,,1
L1-L2,79,3,,1
L1-L2,79,4,,1
L1-L2,79,6,,1
L1-L2,79,7,,1
L1-L2,79,16,,1
L1-L2,79,28,,1
L1-L2,79,31,,1
L1-L2,79,33,,1
L1-L2,79,35,,1
L1-L2,79,36,,1
L1-L2,79,37,,1
L1-L2,79,39,,1
L1-L2,79,44,,1
L1-L2,79,45,,1
L1-L2,79,47,,1
L1-L2,79,50,,1
L1-L2,79,52,,1
L1-L2,79,54,,1
L1-L2,79,56,,1
L1-L2,79,58,,1
L1-L2,79,60,,1
L1-L2,79,67,,1
L1-L2,79,72,,1
L1-L2,79,73,,1
L1-L2,79,80,,1
L1-L2,79,84,,1
L1-L2,79,87,,1
L1-L2,79,92,,1
L1-L2,79,93,,1
L1-L2,79,94,,1
L1-L2,79,96,,1
L1-L2,79,101,,1
L1-L2,79,103,,1
L1-L2,79,109,,1
L1-L2,79,110,,1
L1-L2,79,114,,1
L1-L2,79,115,,1
L1-L2,79,116,,1
L1-L2,79,121,,1
L1-L2,79,122,,1
L1-L2,79,127,,1
L1-L2,79,128,,1
L1-L2,79,132,,1
L1-L2,79,133,,1
L1-L2,79,136,,1
L1-L2,79,140,,1
L1-L2,79,148,,1
L1-L2,79,149,,1
L1-L2,79,152,,1
L1-L2,79,154,,1
L1-L2,79,156,,1
L1-L2,79,158,,1
L1-L2,79,160,,1
L1-L2,79,161,,1
L1-L2,79,165,,1
L1-L2,79,167,,1
L1-L2,79,168,,1
L1-L2,79,169,,1
L1-L2,79,170,,1
L1-L2,79,173,,1
L1-L2,79,180,,1
L1-L2,79,181,,1
L1-L2,79,184,,1
L1-L2,79,185,,1
L1-L2,79,187,,1
L1-L2,79,191,,1
L1-L2,79,195,,1
L1-L2,79,197,,1
L1-L2,79,198,,1
L1-L2,79,199,,1
L1-L2,79,211,,1
L1-L2,79,213,,1
L1-L2,79,214,,1
L1-L2,79,220,,1
L1-L2,79,221,,1
L1-L2,79,224,,1
L1-L2,79,226,,1
L1-L2,79,230,,1
L1-L2,79,235,,1
L1-L2,79,237,,1
L1-L2,79,239,,1
L1-L2,79,240,,1
L1-L2,79,241,,1
L1-L2,79,242,,1
L1-L2,79,243,,1
L1-L2,79,244,,1
L1-L2,79,247,,1
L1-L2,79,248,,1
L1-L2,79,249,,1
L1-L2,79,251,,1
L1-L2,79,254,,1
L1-L2,80,2,,1
L1-L2,80,11,,1
L1-L2,80,14,,1
L1-L2,80,15,,1
L1-L2,80,17,,1
L1-L2,80,21,,1
L1-L2,80,22,,1
L1-L2,80,25,,1
L1-L2,80,28,,1
L1-L2,80,29,,1
L1-L2,80,34,,1
L1-L2,80,35,,1
L1-L2,80,39,,1
L1-L2,80,44,,1
L1-L2,80,45,,1
L1-L2,80,49,,1
L1-L2,80,50,,1
L1-L2,80,51,,1
L1-L2,80,53,,1
L1-L2,80,54,,1
L1-L2,80,55,,1
L1-L2,80,62,,1
L1-L2,80,63,,1
L1-L2,80,64,,1
L1-L2,80,66,,1
L1-L2,80,68,,1
L1-L2,80,72,,1
L1-L2,80,73,,1
L1-L2,80,74,,1
L1-L2,80,77,,1
L1-L2,80,80,,1
L1-L2,80,83,,1
L1-L2,80,84,,1
L1-L2,80,85,,1
L1-L2,80,87,,1
L1-L2,80,92,,1
L1-L2,80,96,,1
L1-L2,80,97,,1
L1-L2,80,98,,1
L1-L2,80,99,,1
L1-L2,80,103,,1
L1-L2,80,107,,1
L1-L2,80,108,,1
L1-L2,80,109,,1
L1-L2,80,110,,1
L1-L2,80,111,,1
L1-L2,80,112,,1
L1-L2,80,113,,1
L1-L2,80,114,,1
L1-L2,80,118,,1
L1-L2,80,119,,1
L1-L2,80,120,,1
L1-L2,80,121,,1
L1-L2,80,124,,1
L1-L2,80,126,,1
L1-L2,80,128,,1
L1-L2,80,130,,1
L1-L2,80,131,,1
L1-L2,80,132,,1
L1-L2,80,136,,1
L1-L2,80,137,,1
L1-L2,80,138,,1
L1-L2,80,139,,1
L1-L2,80,140,,1
L1-L2,80,141,,1
L1-L2,80,144,,1
L1-L2,80,146,,1
L1-L2,80,147,,1
L1-L2,80,148,,1
L1-L2,80,149,,1
L1-L2,80,150,,1
L1-L2,80,151,,1
L1-L2,80,153,,1
L1-L2,80,155,,1
L1-L2,80,156,,1
L1-L2,80,157,,1
L1-L2,80,159,,1
L1-L2,80,161,,1
L1-L2,80,162,,1
L1-L2,80,167,,1
L1-L2,80,169,,1
L1-L2,80,170,,1
L1-L2,80,174,,1
L1-L2,80,178,,1
L1-L2,80,179,,1
L1-L2,80,180,,1
L1-L2,80,182,,1
L1-L2,80,184,,1
L1-L2,80,185,,1
L1-L2,80,186,,1
L1-L2,80,191,,1
L1-L2,80,192,,1
L1-L2,80,193,,1
L1-L2,80,194,,1
L1-L2,80,196,,1
L1-L2,80,197,,1
L1-L2,80,198,,1
L1-L2,80,200,,1
L1-L2,80,204,,1
L1-L2,80,205,,1
L1-L2,80,208,,1
L1-L2,80,215,,1
L1-L2,80,217,,1
L1-L2,80,220,,1
L1-L2,80,222,,1
L1-L2,80,223,,1
L1-L2,80,224,,1
L1-L2,80,227,,1
L1-L2,80,231,,1
L1-L2,80,233,,1
L1-L2,80,234,,1
L1-L2,80,235,,1
L1-L2,80,238,,1
L1-L2,80,239,,1
L1-L2,80,241,,1
L1-L2,80,245,,1
L1-L2,80,246,,1
L1-L2,80,248,,1
L1-L2,80,250,,1
L1-L2,80,251,,1
L1-L2,80,252,,1
L1-L2,80,254,,1
L1-L2,80,255,,1
L1-L2,81,10,,1
L1-L2,81,11,,1
L1-L2,81,24,,1
L1-L2,81,35,,1
L1-L2,81,36,,1
L1-L2,81,40,,1
L1-L2,81,43,,1
L1-L2,81,48,,1
L1-L2,81,49,,1
L1-L2,81,60,,1
L1-L2,81,74,,1
L1-L2,81,78,,1
L1-L2,81,85,,1
L1-L2,81,97,,1
L1-L2,81,100,,1
L1-L2,81,102,,1
L1-L2,81,103,,1
L1-L2,81,108,,1
L1-L2,81,113,,1
L1-L2,81,120,,1
L1-L2,81,127,,1
L1-L2,81,138,,1
L1-L2,81,140,,1
L1-L2,81,144,,1
L1-L2,81,145,,1
L1-L2,81,147,,1
L1-L2,81,149,,1
L1-L2,81,150,,1
L1-L2,81,151,,1
L1-L2,81,162,,1
L1-L2,81,165,,1
L1-L2,81,168,,1
L1-L2,81,177,,1
L1-L2,81,180,,1
L1-L2,81,181,,1
L1-L2,81,183,,1
L1-L2,81,186,,1
L1-L2,81,188,,1
L1-L2,81,198,,1
L1-L2,81,200,,1
L1-L2,81,201,,1
L1-L2,81,208,,1
L1-L2,81,209,,1
L1-L2,81,211,,1
L1-L2,81,212,,1
L1-L2,81,213,,1
L1-L2,81,214,,1
L1-L2,81,216,,1
L1-L2,81,220,,1
L1-L2,81,222,,1
L1-L2,81,229,,1
L1-L2,81,230,,1
L1-L2,81,231,,1
L1-L2,81,233,,1
L1-L2,81,234,,1
L1-L2,81,236,,1
L1-L2,81,241,,1
L1-L2,81,251,,1
L1-L2,81,254,,1
L1-L2,81,255,,1
L1-L2,82,0,,1
L1-L2,82,3,,1
L1-L2,82,9,,1
L1-L2,82,11,,1
L1-L2,82,14,,1
L1-L2,82,17,,1
L1-L2,82,24,,1
L1-L2,82,27,,1
L1-L2,82,29,,1
L1-L2,82,36,,1
L1-L2,82,37,,1
L1-L2,82,39,,1
L1-L2,82,46,,1
L1-L2,82,50,,1
L1-L2,82,52,,1
L1-L2,82,57,,1
L1-L2,82,58,,1
L1-L2,82,59,,1
L1-L2,82,66,,1
L1-L2,82,71,,1
L1-L2,82,77,,1
L1-L2,82,78,,1
L1-L2,82,81,,1
L1-L2,82,90,,1
L1-L2,82,92,,1
L1-L2,82,101,,1
L1-L2,82,102,,1
L1-L2,82,105,,1
L1-L2,82,110,,1
L1-L2,82,115,,1
L1-L2,82,117,,1
L1-L2,82,129,,1
L1-L2,82,132,,1
L1-L2,82,135,,1
L1-L2,82,136,,1
L1-L2,82,141,,1
L1-L2,82,153,,1
L1-L2,82,156,,1
L1-L2,82,157,,1
L1-L2,82,158,,1
L1-L2,82,164,,1
L1-L2,82,167,,1
L1-L2,82,169,,1
L1-L2,82,172,,1
L1-L2,82,173,,1
L1-L2,82,174,,1
L1-L2,82,176,,1
L1-L2,82,179,,1
L1-L2,82,180,,1
L1-L2,82,185,,1
L1-L2,82,188,,1
L1-L2,82,189,,1
L1-L2,82,191,,1
L1-L2,82,197,,1
L1-L2,82,199,,1
L1-L2,82,200,,1
L1-L2,82,203,,1
L1-L2,82,206,,1
L1-L2,82,209,,1
L1-L2,82,210,,1
L1-L2,82,213,,1
L1-L2,82,218,,1
L1-L2,82,222,,1
L1-L2,82,225,,1
L1-L2,82,227,,1
L1-L2,82,230,,1
L1-L2,82,231,,1
L1-L2,82,232,,1
L1-L2,82,233,,1
L1-L2,82,234,,1
L1-L2,82,235,,1
L1-L2,82,237,,1
L1-L2,82,247,,1
L1-L2,82,250,,1
L1-L2,82,252,,1
L1-L2,82,253,,1
L1-L2,82,254,,1
L1-L2,83,7,,1
L1-L2,83,11,,1
L1-L2,83,19,,1
L1-L2,83,21,,1
L1-L2,83,22,,1
L1-L2,83,23,,1
L1-L2,83,28,,1
L1-L2,83,29,,1
L1-L2,83,37,,1
L1-L2,83,42,,1
L1-L2,83,48,,1
L1-L2,83,54,,1
L1-L2,83,59,,1
L1-L2,83,60,,1
L1-L2,83,61,,1
L1-L2,83,63,,1
L1-L2,83,65,,1
L1-L2,83,66,,1
L1-L2,83,67,,1
L1-L2,83,68,,1
L1-L2,83,72,,1
L1-L2,83,75,,1
L1-L2,83,80,,1
L1-L2,83,82,,1
L1-L2,83,83,,1
L1-L2,83,84,,1
L1-L2,83,88,,1
L1-L2,83,90,,1
L1-L2,83,91,,1
L1-L2,83,94,,1
L1-L2,83,98,,1
L1-L2,83,99,,1
L1-L2,83,104,,1
L1-L2,83,105,,1
L1-L2,83,106,,1
L1-L2,83,107,,1
L1-L2,83,108,,1
L1-L2,83,109,,1
L1-L2,83,110,,1
L1-L2,83,113,,1
L1-L2,83,115,,1
L1-L2,83,116,,1
L1-L2,83,118,,1
L1-L2,83,120,,1
L1-L2,83,121,,1
L1-L2,83,122,,1
L1-L2,83,124,,1
L1-L2,83,127,,1
L1-L2,83,128,,1
L1-L2,83,129,,1
L1-L2,83,131,,1
L1-L2,83,133,,1
L1-L2,83,134,,1
L1-L2,83,135,,1
L1-L2,83,136,,1
L1-L2,83,137,,1
L1-L2,83,139,,1
L1-L2,83,141,,1
L1-L2,83,142,,1
L1-L2,83,144,,1
L1-L2,83,147,,1
L1-L2,83,148,,1
L1-L2,83,149,,1
L1-L2,83,150,,1
L1-L2,83,157,,1
L1-L2,83,158,,1
L1-L2,83,160,,1
L1-L2,83,164,,1
L1-L2,83,166,,1
L1-L2,83,167,,1
L1-L2,83,169,,1
L1-L2,83,172,,1
L1-L2,83,175,,1
L1-L2,83,176,,1
L1-L2,83,179,,1
L1-L2,83,180,,1
L1-L2,83,181,,1
L1-L2,83,183,,1
L1-L2,83,186,,1
L1-L2,83,190,,1
L1-L2,83,194,,1
L1-L2,83,195,,1
L1-L2,83,197,,1
L1-L2,83,200,,1
L1-L2,83,203,,1
L1-L2,83,207,,1
L1-L2,83,209,,1
L1-L2,83,212,,1
L1-L2,83,214,,1
L1-L2,83,215,,1
L1-L2,83,218,,1
L1-L2,83,224,,1
L1-L2,83,225,,1
L1-L2,83,229,,1
L1-L2,83,231,,1
L1-L2,83,232,,1
L1-L2,83,233,,1
L1-L2,83,234,,1
L1-L2,83,235,,1
L1-L2,83,237,,1
L1-L2,83,238,,1
L1-L2,83,239,,1
L1-L2,83,241,,1
L1-L2,83,242,,1
L1-L2,83,243,,1
L1-L2,83,244,,1
L1-L2,83,245,,1
L1-L2,83,250,,1
L1-L2,83,251,,1
L1-L2,83,254,,1
L1-L2,83,255,,1
L1-L2,84,10,,1
L1-L2,84,11,,1
L1-L2,84,15,,1
L1-L2,84,16,,1
L1-L2,84,19,,1
L1-L2,84,21,,1
L1-L2,84,22,,1
L1-L2,84,26,,1
L1-L2,84,28,,1
L1-L2,84,29,,1
L1-L2,84,31,,1
L1-L2,84,39,,1
L1-L2,84,41,,1
L1-L2,84,44,,1
L1-L2,84,45,,1
L1-L2,84,47,,1
L1-L2,84,49,,1
L1-L2,84,50,,1
L1-L2,84,59,,1
L1-L2,84,61,,1
L1-L2,84,62,,1
L1-L2,84,67,,1
L1-L2,84,70,,1
L1-L2,84,71,,1
L1-L2,84,77,,1
L1-L2,84,78,,1
L1-L2,84,79,,1
L1-L2,84,82,,1
L1-L2,84,83,,1
L1-L2,84,87,,1
L1-L2,84,94,,1
L1-L2,84,95,,1
L1-L2,84,96,,1
L1-L2,84,97,,1
L1-L2,84,98,,1
L1-L2,84,100,,1
L1-L2,84,101,,1
L1-L2,84,104,,1
L1-L2,84,110,,1
L1-L2,84,113,,1
L1-L2,84,120,,1
L1-L2,84,127,,1
L1-L2,84,134,,1
L1-L2,84,135,,1
L1-L2,84,137,,1
L1-L2,84,139,,1
L1-L2,84,140,,1
L1-L2,84,141,,1
L1-L2,84,148,,1
L1-L2,84,149,,1
L1-L2,84,151,,1
L1-L2,84,153,,1
L1-L2,84,154,,1
L1-L2,84,157,,1
L1-L2,84,159,,1
L1-L2,84,165,,1
L1-L2,84,166,,1
L1-L2,84,169,,1
L1-L2,84,173,,1
L1-L2,84,176,,1
L1-L2,84,178,,1
L1-L2,84,181,,1
L1-L2,84,184,,1
L1-L2,84,193,,1
L1-L2,84,197,,1
L1-L2,84,200,,1
L1-L2,84,201,,1
L1-L2,84,202,,1
L1-L2,84,204,,1
L1-L2,84,206,,1
L1-L2,84,207,,1
L1-L2,84,210,,1
L1-L2,84,215,,1
L1-L2,84,217,,1
L1-L2,84,219,,1
L1-L2,84,224,,1
L1-L2,84,226,,1
L1-L2,84,231,,1
L1-L2,84,235,,1
L1-L2,84,236,,1
L1-L2,84,239,,1
L1-L2,84,240,,1
L1-L2,84,241,,1
L1-L2,84,242,,1
L1-L2,84,243,,1
L1-L2,84,249,,1
L1-L2,84,255,,1
L1-L2,85,2,,1
L1-L2,85,4,,1
L1-L2,85,7,,1
L1-L2,85,8,,1
L1-L2,85,10,,1
L1-L2,85,11,,1
L1-L2,85,12,,1
L1-L2,85,15,,1
L1-L2,85,21,,1
L1-L2,85,23,,1
L1-L2,85,24,,1
L1-L2,85,25,,1
L1-L2,85,31,,1
L1-L2,85,32,,1
L1-L2,85,34,,1
L1-L2,85,35,,1
L1-L2,85,38,,1
L1-L2,85,45,,1
L1-L2,85,51,,1
L1-L2,85,53,,1
L1-L2,85,54,,1
L1-L2,85,56,,1
L1-L2,85,61,,1
L1-L2,85,69,,1
L1-L2,85,74,,1
L1-L2,85,76,,1
L1-L2,85,77,,1
L1-L2,85,81,,1
L1-L2,85,83,,1
L1-L2,85,84,,1
L1-L2,85,86,,1
L1-L2,85,87,,1
L1-L2,85,89,,1
L1-L2,85,90,,1
L1-L2,85,92,,1
L1-L2,85,93,,1
L1-L2,85,95,,1
L1-L2,85,96,,1
L1-L2,85,97,,1
L1-L2,85,99,,1
L1-L2,85,109,,1
L1-L2,85,110,,1
L1-L2,85,113,,1
L1-L2,85,114,,1
L1-L2,85,115,,1
L1-L2,85,119,,1
L1-L2,85,120,,1
L1-L2,85,125,,1
L1-L2,85,128,,1
L1-L2,85,129,,1
L1-L2,85,132,,1
L1-L2,85,133,,1
L1-L2,85,134,,1
L1-L2,85,135,,1
L1-L2,85,141,,1
L1-L2,85,145,,1
L1-L2,85,150,,1
L1-L2,85,151,,1
L1-L2,85,152,,1
L1-L2,85,156,,1
L1-L2,85,158,,1
L1-L2,85,159,,1
L1-L2,85,161,,1
L1-L2,85,162,,1
L1-L2,85,165,,1
L1-L2,85,168,,1
L1-L2,85,172,,1
L1-L2,85,173,,1
L1-L2,85,174,,1
L1-L2,85,177,,1
L1-L2,85,181,,1
L1-L2,85,182,,1
L1-L2,85,184,,1
L1-L2,85,186,,1
L1-L2,85,188,,1
L1-L2,85,189,,1
L1-L2,85,191,,1
L1-L2,85,193,,1
L1-L2,85,194,,1
L1-L2,85,195,,1
L1-L2,85,200,,1
L1-L2,85,201,,1
L1-L2,85,202,,1
L1-L2,85,204,,1
L1-L2,85,205,,1
L1-L2,85,209,,1
L1-L2,85,214,,1
L1-L2,85,216,,1
L1-L2,85,218,,1
L1-L2,85,219,,1
L1-L2,85,220,,1
L1-L2,85,223,,1
L1-L2,85,224,,1
L1-L2,85,225,,1
L1-L2,85,226,,1
L1-L2,85,227,,1
L1-L2,85,230,,1
L1-L2,85,232,,1
L1-L2,85,233,,1
L1-L2,85,235,,1
L1-L2,85,236,,1
L1-L2,85,239,,1
L1-L2,85,245,,1
L1-L2,85,246,,1
L1-L2,85,250,,1
L1-L2,85,251,,1
L1-L2,85,252,,1
L1-L2,85,254,,1
L1-L2,86,0,,1
L1-L2,86,1,,1
L1-L2,86,4,,1
L1-L2,86,7,,1
L1-L2,86,18,,1
L1-L2,86,23,,1
L1-L2,86,30,,1
L1-L2,86,34,,1
L1-L2,86,36,,1
L1-L2,86,37,,1
L1-L2,86,38,,1
L1-L2,86,42,,1
L1-L2,86,44,,1
L1-L2,86,46,,1
L1-L2,86,54,,1
L1-L2,86,60,,1
L1-L2,86,65,,1
L1-L2,86,68,,1
L1-L2,86,75,,1
L1-L2,86,76,,1
L1-L2,86,82,,1
L1-L2,86,88,,1
L1-L2,86,90,,1
L1-L2,86,91,,1
L1-L2,86,94,,1
L1-L2,86,103,,1
L1-L2,86,107,,1
L1-L2,86,115,,1
L1-L2,86,134,,1
L1-L2,86,139,,1
L1-L2,86,143,,1
L1-L2,86,145,,1
L1-L2,86,152,,1
L1-L2,86,153,,1
L1-L2,86,156,,1
L1-L2,86,160,,1
L1-L2,86,161,,1
L1-L2,86,164,,1
L1-L2,86,169,,1
L1-L2,86,174,,1
L1-L2,86,180,,1
L1-L2,86,181,,1
L1-L2,86,183,,1
L1-L2,86,187,,1
L1-L2,86,190,,1
L1-L2,86,191,,1
L1-L2,86,192,,1
L1-L2,86,194,,1
L1-L2,86,200,,1
L1-L2,86,218,,1
L1-L2,86,220,,1
L1-L2,86,221,,1
L1-L2,86,223,,1
L1-L2,86,225,,1
L1-L2,86,226,,1
L1-L2,86,228,,1
L1-L2,86,229,,1
L1-L2,86,233,,1
L1-L2,86,241,,1
L1-L2,86,242,,1
L1-L2,86,244,,1
L1-L2,86,245,,1
L1-L2,86,248,,1
L1-L2,86,250,,1
L1-L2,86,251,,1
L1-L2,86,252,,1
L1-L2,87,4,,1
L1-L2,87,12,,1
L1-L2,87,25,,1
L1-L2,87,26,,1
L1-L2,87,27,,1
L1-L2,87,28,,1
L1-L2,87,29,,1
L1-L2,87,33,,1
L1-L2,87,34,,1
L1-L2,87,35,,1
L1-L2,87,36,,1
L1-L2,87,39,,1
L1-L2,87,43,,1
L1-L2,87,44,,1
L1-L2,87,51,,1
L1-L2,87,53,,1
L1-L2,87,55,,1
L1-L2,87,56,,1
L1-L2,87,57,,1
L1-L2,87,58,,1
L1-L2,87,64,,1
L1-L2,87,69,,1
L1-L2,87,70,,1
L1-L2,87,72,,1
L1-L2,87,78,,1
L1-L2,87,79,,1
L1-L2,87,80,,1
L1-L2,87,81,,1
L1-L2,87,82,,1
L1-L2,87,87,,1
L1-L2,87,90,,1
L1-L2,87,92,,1
L1-L2,87,95,,1
L1-L2,87,96,,1
L1-L2,87,97,,1
L1-L2,87,101,,1
L1-L2,87,103,,1
L1-L2,87,107,,1
L1-L2,87,109,,1
L1-L2,87,111,,1
L1-L2,87,113,,1
L1-L2,87,114,,1
L1-L2,87,115,,1
L1-L2,87,121,,1
L1-L2,87,122,,1
L1-L2,87,123,,1
L1-L2,87,125,,1
L1-L2,87,130,,1
L1-L2,87,131,,1
L1-L2,87,134,,1
L1-L2,87,137,,1
L1-L2,87,139,,1
L1-L2,87,140,,1
L1-L2,87,141,,1
L1-L2,87,142,,1
L1-L2,87,147,,1
L1-L2,87,149,,1
L1-L2,87,150,,1
L1-L2,87,152,,1
L1-L2,87,155,,1
L1-L2,87,157,,1
L1-L2,87,159,,1
L1-L2,87,160,,1
L1-L2,87,165,,1
L1-L2,87,168,,1
L1-L2,87,172,,1
L1-L2,87,174,,1
L1-L2,87,179,,1
L1-L2,87,180,,1
L1-L2,87,181,,1
L1-L2,87,184,,1
L1-L2,87,185,,1
L1-L2,87,186,,1
L1-L2,87,187,,1
L1-L2,87,188,,1
L1-L2,87,191,,1
L1-L2,87,193,,1
L1-L2,87,194,,1
L1-L2,87,195,,1
L1-L2,87,196,,1
L1-L2,87,197,,1
L1-L2,87,199,,1
L1-L2,87,203,,1
L1-L2,87,206,,1
L1-L2,87,210,,1
L1-L2,87,212,,1
L1-L2,87,213,,1
L1-L2,87,214,,1
L1-L2,87,215,,1
L1-L2,87,217,,1
L1-L2,87,219,,1
L1-L2,87,220,,1
L1-L2,87,222,,1
L1-L2,87,223,,1
L1-L2,87,224,,1
L1-L2,87,226,,1
L1-L2,87,229,,1
L1-L2,87,230,,1
L1-L2,87,234,,1
L1-L2,87,236,,1
L1-L2,87,239,,1
L1-L2,87,241,,1
L1-L2,87,242,,1
L1-L2,87,243,,1
L1-L2,87,244,,1
L1-L2,87,245,,1
L1-L2,87,247,,1
L1-L2,87,248,,1
L1-L2,87,249,,1
L1-L2,87,251,,1
L1-L2,87,252,,1
L1-L2,88,3,,1
L1-L2,88,4,,1
L1-L2,88,9,,1
L1-L2,88,11,,1
L1-L2,88,13,,1
L1-L2,88,19,,1
L1-L2,88,22,,1
L1-L2,88,24,,1
L1-L2,88,27,,1
L1-L2,88,32,,1
L1-L2,88,39,,1
L1-L2,88,41,,1
L1-L2,88,43,,1
L1-L2,88,45,,1
L1-L2,88,47,,1
L1-L2,88,50,,1
L1-L2,88,61,,1
L1-L2,88,67,,1
L1-L2,88,68,,1
L1-L2,88,73,,1
L1-L2,88,78,,1
L1-L2,88,80,,1
L1-L2,88,82,,1
L1-L2,88,88,,1
L1-L2,88,94,,1
L1-L2,88,98,,1
L1-L2,88,100,,1
L1-L2,88,105,,1
L1-L2,88,111,,1
L1-L2,88,114,,1
L1-L2,88,115,,1
L1-L2,88,118,,1
L1-L2,88,119,,1
L1-L2,88,125,,1
L1-L2,88,126,,1
L1-L2,88,129,,1
L1-L2,88,130,,1
L1-L2,88,134,,1
L1-L2,88,135,,1
L1-L2,88,140,,1
L1-L2,88,146,,1
L1-L2,88,147,,1
L1-L2,88,152,,1
L1-L2,88,155,,1
L1-L2,88,156,,1
L1-L2,88,169,,1
L1-L2,88,172,,1
L1-L2,88,177,,1
L1-L2,88,180,,1
L1-L2,88,181,,1
L1-L2,88,182,,1
L1-L2,88,185,,1
L1-L2,88,186,,1
L1-L2,88,188,,1
L1-L2,88,193,,1
L1-L2,88,194,,1
L1-L2,88,202,,1
L1-L2,88,206,,1
L1-L2,88,207,,1
L1-L2,88,210,,1
L1-L2,88,211,,1
L1-L2,88,215,,1
L1-L2,88,219,,1
L1-L2,88,222,,1
L1-L2,88,224,,1
L1-L2,88,226,,1
L1-L2,88,229,,1
L1-L2,88,230,,1
L1-L2,88,234,,1
L1-L2,88,235,,1
L1-L2,88,236,,1
L1-L2,88,238,,1
L1-L2,88,242,,1
L1-L2,88,243,,1
L1-L2,88,246,,1
L1-L2,88,248,,1
L1-L2,88,249,,1
L1-L2,88,253,,1
L1-L2,88,254,,1
L1-L2,88,255,,1
L1-L2,89,4,,1
L1-L2,89,5,,1
L1-L2,89,11,,1
L1-L2,89,14,,1
L1-L2,89,17,,1
L1-L2,89,19,,1
L1-L2,89,24,,1
L1-L2,89,29,,1
L1-L2,89,31,,1
L1-L2,89,37,,1
L1-L2,89,41,,1
L1-L2,89,42,,1
L1-L2,89,44,,1
L1-L2,89,46,,1
L1-L2,89,54,,1
L1-L2,89,56,,1
L1-L2,89,63,,1
L1-L2,89,66,,1
L1-L2,89,69,,1
L1-L2,89,75,,1
L1-L2,89,76,,1
L1-L2,89,79,,1
L1-L2,89,88,,1
L1-L2,89,90,,1
L1-L2,89,99,,1
L1-L2,89,100,,1
L1-L2,89,104,,1
L1-L2,89,119,,1
L1-L2,89,125,,1
L1-L2,89,127,,1
L1-L2,89,128,,1
L1-L2,89,129,,1
L1-L2,89,130,,1
L1-L2,89,131,,1
L1-L2,89,132,,1
L1-L2,89,137,,1
L1-L2,89,138,,1
L1-L2,89,142,,1
L1-L2,89,145,,1
L1-L2,89,147,,1
L1-L2,89,154,,1
L1-L2,89,155,,1
L1-L2,89,161,,1
L1-L2,89,162,,1
L1-L2,89,165,,1
L1-L2,89,167,,1
L1-L2,89,168,,1
L1-L2,89,170,,1
L1-L2,89,171,,1
L1-L2,89,172,,1
L1-L2,89,174,,1
L1-L2,89,177,,1
L1-L2,89,178,,1
L1-L2,89,179,,1
L1-L2,89,182,,1
L1-L2,89,191,,1
L1-L2,89,193,,1
L1-L2,89,194,,1
L1-L2,89,195,,1
L1-L2,89,202,,1
L1-L2,89,207,,1
L1-L2,89,221,,1
L1-L2,89,222,,1
L1-L2,89,223,,1
L1-L2,89,224,,1
L1-L2,89,225,,1
L1-L2,89,227,,1
L1-L2,89,229,,1
L1-L2,89,230,,1
L1-L2,89,231,,1
L1-L2,89,233,,1
L1-L2,89,236,,1
L1-L2,89,238,,1
L1-L2,89,242,,1
L1-L2,89,247,,1
L1-L2,89,248,,1
L1-L2,89,249,,1
L1-L2,89,250,,1
L1-L2,89,251,,1
L1-L2,89,254,,1
L1-L2,90,5,,1
L1-L2,90,8,,1
L1-L2,90,9,,1
L1-L2,90,13,,1
L1-L2,90,19,,1
L1-L2,90,25,,1
L1-L2,90,28,,1
L1-L2,90,30,,1
L1-L2,90,32,,1
L1-L2,90,37,,1
L1-L2,90,38,,1
L1-L2,90,41,,1
L1-L2,90,42,,1
L1-L2,90,44,,1
L1-L2,90,48,,1
L1-L2,90,50,,1
L1-L2,90,54,,1
L1-L2,90,56,,1
L1-L2,90,61,,1
L1-L2,90,66,,1
L1-L2,90,67,,1
L1-L2,90,70,,1
L1-L2,90,72,,1
L1-L2,90,75,,1
L1-L2,90,76,,1
L1-L2,90,80,,1
L1-L2,90,81,,1
L1-L2,90,83,,1
L1-L2,90,86,,1
L1-L2,90,89,,1
L1-L2,90,91,,1
L1-L2,90,96,,1
L1-L2,90,97,,1
L1-L2,90,99,,1
L1-L2,90,103,,1
L1-L2,90,109,,1
L1-L2,90,112,,1
L1-L2,90,114,,1
L1-L2,90,116,,1
L1-L2,90,117,,1
L1-L2,90,118,,1
L1-L2,90,119,,1
L1-L2,90,121,,1
L1-L2,90,122,,1
L1-L2,90,124,,1
L1-L2,90,125,,1
L1-L2,90,129,,1
L1-L2,90,133,,1
L1-L2,90,134,,1
L1-L2,90,137,,1
L1-L2,90,141,,1
L1-L2,90,142,,1
L1-L2,90,149,,1
L1-L2,90,150,,1
L1-L2,90,151,,1
L1-L2,90,152,,1
L1-L2,90,154,,1
L1-L2,90,156,,1
L1-L2,90,157,,1
L1-L2,90,158,,1
L1-L2,90,159,,1
L1-L2,90,165,,1
L1-L2,90,166,,1
L1-L2,90,167,,1
L1-L2,90,170,,1
L1-L2,90,172,,1
L1-L2,90,175,,1
L1-L2,90,176,,1
L1-L2,90,177,,1
L1-L2,90,178,,1
L1-L2,90,183,,1
L1-L2,90,186,,1
L1-L2,90,188,,1
L1-L2,90,201,,1
L1-L2,90,202,,1
L1-L2,90,203,,1
L1-L2,90,206,,1
L1-L2,90,209,,1
L1-L2,90,211,,1
L1-L2,90,216,,1
L1-L2,90,217,,1
L1-L2,90,218,,1
L1-L2,90,219,,1
L1-L2,90,220,,1
L1-L2,90,221,,1
L1-L2,90,222,,1
L1-L2,90,223,,1
L1-L2,90,226,,1
L1-L2,90,228,,1
L1-L2,90,230,,1
L1-L2,90,231,,1
L1-L2,90,233,,1
L1-L2,90,238,,1
L1-L2,90,240,,1
L1-L2,90,243,,1
L1-L2,90,245,,1
L1-L2,90,247,,1
L1-L2,90,248,,1
L1-L2,90,249,,1
L1-L2,90,250,,1
L1-L2,90,251,,1
L1-L2,91,2,,1
L1-L2,91,3,,1
L1-L2,91,10,,1
L1-L2,91,11,,1
L1-L2,91,15,,1
L1-L2,91,22,,1
L1-L2,91,27,,1
L1-L2,91,29,,1
L1-L2,91,31,,1
L1-L2,91,32,,1
L1-L2,91,35,,1
L1-L2,91,41,,1
L1-L2,91,44,,1
L1-L2,91,46,,1
L1-L2,91,48,,1
L1-L2,91,49,,1
L1-L2,91,53,,1
L1-L2,91,54,,1
L1-L2,91,55,,1
L1-L2,91,60,,1
L1-L2,91,62,,1
L1-L2,91,63,,1
L1-L2,91,64,,1
L1-L2,91,65,,1
L1-L2,91,73,,1
L1-L2,91,78,,1
L1-L2,91,81,,1
L1-L2,91,83,,1
L1-L2,91,89,,1
L1-L2,91,97,,1
L1-L2,91,103,,1
L1-L2,91,104,,1
L1-L2,91,106,,1
L1-L2,91,107,,1
L1-L2,91,110,,1
L1-L2,91,115,,1
L1-L2,91,122,,1
L1-L2,91,128,,1
L1-L2,91,130,,1
L1-L2,91,133,,1
L1-L2,91,135,,1
L1-L2,91,136,,1
L1-L2,91,139,,1
L1-L2,91,141,,1
L1-L2,91,142,,1
L1-L2,91,150,,1
L1-L2,91,154,,1
L1-L2,91,161,,1
L1-L2,91,162,,1
L1-L2,91,169,,1
L1-L2,91,171,,1
L1-L2,91,172,,1
L1-L2,91,174,,1
L1-L2,91,176,,1
L1-L2,91,177,,1
L1-L2,91,182,,1
L1-L2,91,184,,1
L1-L2,91,186,,1
L1-L2,91,187,,1
L1-L2,91,193,,1
L1-L2,91,194,,1
L1-L2,91,195,,1
L1-L2,91,197,,1
L1-L2,91,198,,1
L1-L2,91,200,,1
L1-L2,91,202,,1
L1-L2,91,205,,1
L1-L2,91,213,,1
L1-L2,91,217,,1
L1-L2,91,219,,1
L1-L2,91,222,,1
L1-L2,91,225,,1
L1-L2,91,229,,1
L1-L2,91,230,,1
L1-L2,91,231,,1
L1-L2,91,232,,1
L1-L2,91,236,,1
L1-L2,91,239,,1
L1-L2,91,241,,1
L1-L2,91,244,,1
L1-L2,91,246,,1
L1-L2,91,249,,1
L1-L2,91,252,,1
L1-L2,91,253,,1
L1-L2,91,254,,1
L1-L2,92,3,,1
L1-L2,92,5,,1
L1-L2,92,13,,1
L1-L2,92,20,,1
L1-L2,92,23,,1
L1-L2,92,24,,1
L1-L2,92,30,,1
L1-L2,92,33,,1
L1-L2,92,34,,1
L1-L2,92,36,,1
L1-L2,92,37,,1
L1-L2,92,40,,1
L1-L2,92,42,,1
L1-L2,92,44,,1
L1-L2,92,45,,1
L1-L2,92,46,,1
L1-L2,92,47,,1
L1-L2,92,49,,1
L1-L2,92,53,,1
L1-L2,92,58,,1
L1-L2,92,59,,1
L1-L2,92,65,,1
L1-L2,92,66,,1
L1-L2,92,67,,1
L1-L2,92,69,,1
L1-L2,92,70,,1
L1-L2,92,73,,1
L1-L2,92,74,,1
L1-L2,92,81,,1
L1-L2,92,84,,1
L1-L2,92,86,,1
L1-L2,92,87,,1
L1-L2,92,91,,1
L1-L2,92,97,,1
L1-L2,92,98,,1
L1-L2,92,100,,1
L1-L2,92,104,,1
L1-L2,92,113,,1
L1-L2,92,118,,1
L1-L2,92,123,,1
L1-L2,92,128,,1
L1-L2,92,130,,1
L1-L2,92,136,,1
L1-L2,92,144,,1
L1-L2,92,146,,1
L1-L2,92,151,,1
L1-L2,92,155,,1
L1-L2,92,156,,1
L1-L2,92,162,,1
L1-L2,92,166,,1
L1-L2,92,173,,1
L1-L2,92,179,,1
L1-L2,92,180,,1
L1-L2,92,187,,1
L1-L2,92,191,,1
L1-L2,92,192,,1
L1-L2,92,197,,1
L1-L2,92,198,,1
L1-L2,92,201,,1
L1-L2,92,203,,1
L1-L2,92,210,,1
L1-L2,92,214,,1
L1-L2,92,215,,1
L1-L2,92,216,,1
L1-L2,92,219,,1
L1-L2,92,220,,1
L1-L2,92,225,,1
L1-L2,92,226,,1
L1-L2,92,230,,1
L1-L2,92,234,,1
L1-L2,92,235,,1
L1-L2,92,236,,1
L1-L2,92,238,,1
L1-L2,92,239,,1
L1-L2,92,241,,1
L1-L2,92,245,,1
L1-L2,92,248,,1
L1-L2,92,250,,1
L1-L2,92,252,,1
L1-L2,92,253,,1
L1-L2,93,2,,1
L1-L2,93,3,,1
L1-L2,93,5,,1
L1-L2,93,7,,1
L1-L2,93,9,,1
L1-L2,93,11,,1
L1-L2,93,18,,1
L1-L2,93,20,,1
L1-L2,93,21,,1
L1-L2,93,23,,1
L1-L2,93,25,,1
L1-L2,93,26,,1
L1-L2,93,27,,1
L1-L2,93,28,,1
L1-L2,93,29,,1
L1-L2,93,37,,1
L1-L2,93,42,,1
L1-L2,93,46,,1
L1-L2,93,47,,1
L1-L2,93,48,,1
L1-L2,93,55,,1
L1-L2,93,56,,1
L1-L2,93,58,,1
L1-L2,93,61,,1
L1-L2,93,63,,1
L1-L2,93,64,,1
L1-L2,93,65,,1
L1-L2,93,66,,1
L1-L2,93,67,,1
L1-L2,93,71,,1
L1-L2,93,79,,1
L1-L2,93,80,,1
L1-L2,93,81,,1
L1-L2,93,82,,1
L1-L2,93,83,,1
L1-L2,93,85,,1
L1-L2,93,87,,1
L1-L2,93,92,,1
L1-L2,93,93,,1
L1-L2,93,95,,1
L1-L2,93,96,,1
L1-L2,93,97,,1
L1-L2,93,98,,1
L1-L2,93,99,,1
L1-L2,93,100,,1
L1-L2,93,101,,1
L1-L2,93,103,,1
L1-L2,93,104,,1
L1-L2,93,109,,1
L1-L2,93,114,,1
L1-L2,93,115,,1
L1-L2,93,116,,1
L1-L2,93,117,,1
L1-L2,93,119,,1
L1-L2,93,122,,1
L1-L2,93,123,,1
L1-L2,93,128,,1
L1-L2,93,133,,1
L1-L2,93,134,,1
L1-L2,93,136,,1
L1-L2,93,140,,1
L1-L2,93,141,,1
L1-L2,93,143,,1
L1-L2,93,147,,1
L1-L2,93,149,,1
L1-L2,93,150,,1
L1-L2,93,152,,1
L1-L2,93,156,,1
L1-L2,93,157,,1
L1-L2,93,158,,1
L1-L2,93,159,,1
L1-L2,93,165,,1
L1-L2,93,173,,1
L1-L2,93,174,,1
L1-L2,93,177,,1
L1-L2,93,178,,1
L1-L2,93,180,,1
L1-L2,93,183,,1
L1-L2,93,184,,1
L1-L2,93,186,,1
L1-L2,93,191,,1
L1-L2,93,192,,1
L1-L2,93,194,,1
L1-L2,93,195,,1
L1-L2,93,197,,1
L1-L2,93,205,,1
L1-L2,93,207,,1
L1-L2,93,208,,1
L1-L2,93,209,,1
L1-L2,93,217,,1
L1-L2,93,218,,1
L1-L2,93,219,,1
L1-L2,93,222,,1
L1-L2,93,226,,1
L1-L2,93,227,,1
L1-L2,93,232,,1
L1-L2,93,234,,1
L1-L2,93,235,,1
L1-L2,93,236,,1
L1-L2,93,244,,1
L1-L2,93,245,,1
L1-L2,93,249,,1
L1-L2,93,251,,1
L1-L2,93,253,,1
L1-L2,93,254,,1
L1-L2,94,3,,1
L1-L2,94,4,,1
L1-L2,94,9,,1
L1-L2,94,11,,1
L1-L2,94,13,,1
L1-L2,94,15,,1
L1-L2,94,17,,1
L1-L2,94,25,,1
L1-L2,94,26,,1
L1-L2,94,27,,1
L1-L2,94,31,,1
L1-L2,94,33,,1
L1-L2,94,34,,1
L1-L2,94,36,,1
L1-L2,94,38,,1
L1-L2,94,39,,1
L1-L2,94,42,,1
L1-L2,94,44,,1
L1-L2,94,51,,1
L1-L2,94,52,,1
L1-L2,94,53,,1
L1-L2,94,58,,1
L1-L2,94,60,,1
L1-L2,94,61,,1
L1-L2,94,62,,1
L1-L2,94,63,,1
L1-L2,94,67,,1
L1-L2,94,69,,1
L1-L2,94,70,,1
L1-L2,94,72,,1
L1-L2,94,75,,1
L1-L2,94,76,,1
L1-L2,94,79,,1
L1-L2,94,87,,1
L1-L2,94,91,,1
L1-L2,94,94,,1
L1-L2,94,96,,1
L1-L2,94,97,,1
L1-L2,94,99,,1
L1-L2,94,101,,1
L1-L2,94,103,,1
L1-L2,94,112,,1
L1-L2,94,113,,1
L1-L2,94,115,,1
L1-L2,94,117,,1
L1-L2,94,118,,1
L1-L2,94,119,,1
L1-L2,94,120,,1
L1-L2,94,121,,1
L1-L2,94,122,,1
L1-L2,94,123,,1
L1-L2,94,125,,1
L1-L2,94,126,,1
L1-L2,94,129,,1
L1-L2,94,133,,1
L1-L2,94,135,,1
L1-L2,94,137,,1
L1-L2,94,140,,1
L1-L2,94,142,,1
L1-L2,94,143,,1
L1-L2,94,144,,1
L1-L2,94,145,,1
L1-L2,94,146,,1
L1-L2,94,150,,1
L1-L2,94,151,,1
L1-L2,94,153,,1
L1-L2,94,154,,1
L1-L2,94,155,,1
L1-L2,94,159,,1
L1-L2,94,160,,1
L1-L2,94,161,,1
L1-L2,94,166,,1
L1-L2,94,169,,1
L1-L2,94,170,,1
L1-L2,94,172,,1
L1-L2,94,173,,1
L1-L2,94,174,,1
L1-L2,94,175,,1
L1-L2,94,176,,1
L1-L2,94,178,,1
L1-L2,94,180,,1
L1-L2,94,181,,1
L1-L2,94,182,,1
L1-L2,94,184,,1
L1-L2,94,186,,1
L1-L2,94,188,,1
L1-L2,94,191,,1
L1-L2,94,193,,1
L1-L2,94,194,,1
L1-L2,94,197,,1
L1-L2,94,198,,1
L1-L2,94,201,,1
L1-L2,94,203,,1
L1-L2,94,205,,1
L1-L2,94,206,,1
L1-L2,94,208,,1
L1-L2,94,210,,1
L1-L2,94,216,,1
L1-L2,94,217,,1
L1-L2,94,219,,1
L1-L2,94,220,,1
L1-L2,94,222,,1
L1-L2,94,224,,1
L1-L2,94,225,,1
L1-L2,94,227,,1
L1-L2,94,229,,1
L1-L2,94,231,,1
L1-L2,94,233,,1
L1-L2,94,237,,1
L1-L2,94,238,,1
L1-L2,94,243,,1
L1-L2,94,245,,1
L1-L2,94,246,,1
L1-L2,94,250,,1
L1-L2,94,252,,1
L1-L2,94,253,,1
L1-L2,95,7,,1
L1-L2,95,8,,1
L1-L2,95,10,,1
L1-L2,95,13,,1
L1-L2,95,15,,1
L1-L2,95,16,,1
L1-L2,95,21,,1
L1-L2,95,23,,1
L1-L2,95,25,,1
L1-L2,95,26,,1
L1-L2,95,33,,1
L1-L2,95,34,,1
L1-L2,95,41,,1
L1-L2,95,47,,1
L1-L2,95,49,,1
L1-L2,95,50,,1
L1-L2,95,58,,1
L1-L2,95,60,,1
L1-L2,95,64,,1
L1-L2,95,66,,1
L1-L2,95,67,,1
L1-L2,95,68,,1
L1-L2,95,71,,1
L1-L2,95,77,,1
L1-L2,95,80,,1
L1-L2,95,81,,1
L1-L2,95,85,,1
L1-L2,95,89,,1
L1-L2,95,92,,1
L1-L2,95,95,,1
L1-L2,95,104,,1
L1-L2,95,111,,1
L1-L2,95,121,,1
L1-L2,95,122,,1
L1-L2,95,123,,1
L1-L2,95,126,,1
L1-L2,95,132,,1
L1-L2,95,133,,1
L1-L2,95,136,,1
L1-L2,95,137,,1
L1-L2,95,138,,1
L1-L2,95,142,,1
L1-L2,95,143,,1
L1-L2,95,144,,1
L1-L2,95,146,,1
L1-L2,95,148,,1
L1-L2,95,151,,1
L1-L2,95,154,,1
L1-L2,95,162,,1
L1-L2,95,165,,1
L1-L2,95,168,,1
L1-L2,95,169,,1
L1-L2,95,170,,1
L1-L2,95,177,,1
L1-L2,95,178,,1
L1-L2,95,179,,1
L1-L2,95,182,,1
L1-L2,95,184,,1
L1-L2,95,185,,1
L1-L2,95,186,,1
L1-L2,95,189,,1
L1-L2,95,192,,1
L1-L2,95,197,,1
L1-L2,95,198,,1
L1-L2,95,203,,1
L1-L2,95,204,,1
L1-L2,95,205,,1
L1-L2,95,207,,1
L1-L2,95,209,,1
L1-L2,95,214,,1
L1-L2,95,215,,1
L1-L2,95,216,,1
L1-L2,95,218,,1
L1-L2,95,221,,1
L1-L2,95,224,,1
L1-L2,95,228,,1
L1-L2,95,234,,1
L1-L2,95,236,,1
L1-L2,95,249,,1
L1-L2,95,252,,1
L1-L2,96,0,,1
L1-L2,96,4,,1
L1-L2,96,7,,1
L1-L2,96,11,,1
L1-L2,96,14,,1
L1-L2,96,16,,1
L1-L2,96,23,,1
L1-L2,96,29,,1
L1-L2,96,31,,1
L1-L2,96,34,,1
L1-L2,96,35,,1
L1-L2,96,36,,1
L1-L2,96,39,,1
L1-L2,96,46,,1
L1-L2,96,47,,1
L1-L2,96,59,,1
L1-L2,96,63,,1
L1-L2,96,70,,1
L1-L2,96,72,,1
L1-L2,96,81,,1
L1-L2,96,87,,1
L1-L2,96,88,,1
L1-L2,96,89,,1
L1-L2,96,90,,1
L1-L2,96,91,,1
L1-L2,96,94,,1
L1-L2,96,96,,1
L1-L2,96,97,,1
L1-L2,96,98,,1
L1-L2,96,100,,1
L1-L2,96,104,,1
L1-L2,96,106,,1
L1-L2,96,107,,1
L1-L2,96,109,,1
L1-L2,96,110,,1
L1-L2,96,114,,1
L1-L2,96,115,,1
L1-L2,96,116,,1
L1-L2,96,128,,1
L1-L2,96,131,,1
L1-L2,96,137,,1
L1-L2,96,138,,1
L1-L2,96,141,,1
L1-L2,96,143,,1
L1-L2,96,147,,1
L1-L2,96,150,,1
L1-L2,96,151,,1
L1-L2,96,153,,1
L1-L2,96,157,,1
L1-L2,96,159,,1
L1-L2,96,165,,1
L1-L2,96,166,,1
L1-L2,96,167,,1
L1-L2,96,168,,1
L1-L2,96,170,,1
L1-L2,96,172,,1
L1-L2,96,174,,1
L1-L2,96,175,,1
L1-L2,96,177,,1
L1-L2,96,178,,1
L1-L2,96,179,,1
L1-L2,96,180,,1
L1-L2,96,181,,1
L1-L2,96,183,,1
L1-L2,96,185,,1
L1-L2,96,186,,1
L1-L2,96,187,,1
L1-L2,96,188,,1
L1-L2,96,189,,1
L1-L2,96,190,,1
L1-L2,96,192,,1
L1-L2,96,194,,1
L1-L2,96,195,,1
L1-L2,96,197,,1
L1-L2,96,202,,1
L1-L2,96,204,,1
L1-L2,96,205,,1
L1-L2,96,206,,1
L1-L2,96,210,,1
L1-L2,96,212,,1
L1-L2,96,214,,1
L1-L2,96,215,,1
L1-L2,96,216,,1
L1-L2,96,219,,1
L1-L2,96,220,,1
L1-L2,96,221,,1
L1-L2,96,224,,1
L1-L2,96,225,,1
L1-L2,96,226,,1
L1-L2,96,228,,1
L1-L2,96,229,,1
L1-L2,96,231,,1
L1-L2,96,233,,1
L1-L2,96,234,,1
L1-L2,96,235,,1
L1-L2,96,236,,1
L1-L2,96,238,,1
L1-L2,96,240,,1
L1-L2,96,242,,1
L1-L2,96,250,,1
L1-L2,96,251,,1
L1-L2,96,253,,1
L1-L2,97,17,,1
L1-L2,97,19,,1
L1-L2,97,21,,1
L1-L2,97,23,,1
L1-L2,97,24,,1
L1-L2,97,30,,1
L1-L2,97,31,,1
L1-L2,97,33,,1
L1-L2,97,39,,1
L1-L2,97,42,,1
L1-L2,97,45,,1
L1-L2,97,49,,1
L1-L2,97,53,,1
L1-L2,97,56,,1
L1-L2,97,58,,1
L1-L2,97,62,,1
L1-L2,97,66,,1
L1-L2,97,73,,1
L1-L2,97,74,,1
L1-L2,97,75,,1
L1-L2,97,77,,1
L1-L2,97,83,,1
L1-L2,97,84,,1
L1-L2,97,92,,1
L1-L2,97,94,,1
L1-L2,97,97,,1
L1-L2,97,101,,1
L1-L2,97,102,,1
L1-L2,97,106,,1
L1-L2,97,107,,1
L1-L2,97,109,,1
L1-L2,97,114,,1
L1-L2,97,117,,1
L1-L2,97,119,,1
L1-L2,97,124,,1
L1-L2,97,128,,1
L1-L2,97,131,,1
L1-L2,97,132,,1
L1-L2,97,135,,1
L1-L2,97,137,,1
L1-L2,97,141,,1
L1-L2,97,142,,1
L1-L2,97,144,,1
L1-L2,97,145,,1
L1-L2,97,146,,1
L1-L2,97,147,,1
L1-L2,97,154,,1
L1-L2,97,156,,1
L1-L2,97,158,,1
L1-L2,97,161,,1
L1-L2,97,167,,1
L1-L2,97,169,,1
L1-L2,97,179,,1
L1-L2,97,181,,1
L1-L2,97,183,,1
L1-L2,97,184,,1
L1-L2,97,186,,1
L1-L2,97,187,,1
L1-L2,97,188,,1
L1-L2,97,196,,1
L1-L2,97,198,,1
L1-L2,97,199,,1
L1-L2,97,201,,1
L1-L2,97,202,,1
L1-L2,97,205,,1
L1-L2,97,206,,1
L1-L2,97,207,,1
L1-L2,97,211,,1
L1-L2,97,212,,1
L1-L2,97,213,,1
L1-L2,97,215,,1
L1-L2,97,218,,1
L1-L2,97,226,,1
L1-L2,97,227,,1
L1-L2,97,229,,1
L1-L2,97,231,,1
L1-L2,97,235,,1
L1-L2,97,238,,1
L1-L2,97,242,,1
L1-L2,97,244,,1
L1-L2,97,245,,1
L1-L2,97,247,,1
L1-L2,97,248,,1
L1-L2,97,251,,1
L1-L2,98,1,,1
L1-L2,98,2,,1
L1-L2,98,4,,1
L1-L2,98,6,,1
L1-L2,98,7,,1
L1-L2,98,8,,1
L1-L2,98,11,,1
L1-L2,98,18,,1
L1-L2,98,24,,1
L1-L2,98,25,,1
L1-L2,98,40,,1
L1-L2,98,43,,1
L1-L2,98,44,,1
L1-L2,98,46,,1
L1-L2,98,47,,1
L1-L2,98,48,,1
L1-L2,98,54,,1
L1-L2,98,55,,1
L1-L2,98,57,,1
L1-L2,98,58,,1
L1-L2,98,65,,1
L1-L2,98,72,,1
L1-L2,98,73,,1
L1-L2,98,75,,1
L1-L2,98,76,,1
L1-L2,98,77,,1
L1-L2,98,78,,1
L1-L2,98,80,,1
L1-L2,98,82,,1
L1-L2,98,83,,1
L1-L2,98,92,,1
L1-L2,98,93,,1
L1-L2,98,95,,1
L1-L2,98,96,,1
L1-L2,98,97,,1
L1-L2,98,101,,1
L1-L2,98,102,,1
L1-L2,98,103,,1
L1-L2,98,110,,1
L1-L2,98,111,,1
L1-L2,98,113,,1
L1-L2,98,114,,1
L1-L2,98,116,,1
L1-L2,98,117,,1
L1-L2,98,118,,1
L1-L2,98,119,,1
L1-L2,98,120,,1
L1-L2,98,122,,1
L1-L2,98,123,,1
L1-L2,98,126,,1
L1-L2,98,127,,1
L1-L2,98,129,,1
L1-L2,98,137,,1
L1-L2,98,139,,1
L1-L2,98,140,,1
L1-L2,98,143,,1
L1-L2,98,146,,1
L1-L2,98,147,,1
L1-L2,98,149,,1
L1-L2,98,150,,1
L1-L2,98,152,,1
L1-L2,98,153,,1
L1-L2,98,158,,1
L1-L2,98,159,,1
L1-L2,98,160,,1
L1-L2,98,161,,1
L1-L2,98,165,,1
L1-L2,98,168,,1
L1-L2,98,169,,1
L1-L2,98,170,,1
L1-L2,98,174,,1
L1-L2,98,177,,1
L1-L2,98,179,,1
L1-L2,98,180,,1
L1-L2,98,181,,1
L1-L2,98,184,,1
L1-L2,98,186,,1
L1-L2,98,189,,1
L1-L2,98,193,,1
L1-L2,98,196,,1
L1-L2,98,198,,1
L1-L2,98,200,,1
L1-L2,98,201,,1
L1-L2,98,205,,1
L1-L2,98,206,,1
L1-L2,98,208,,1
L1-L2,98,210,,1
L1-L2,98,212,,1
L1-L2,98,213,,1
L1-L2,98,214,,1
L1-L2,98,215,,1
L1-L2,98,218,,1
L1-L2,98,219,,1
L1-L2,98,221,,1
L1-L2,98,222,,1
L1-L2,98,225,,1
L1-L2,98,227,,1
L1-L2,98,229,,1
L1-L2,98,230,,1
L1-L2,98,231,,1
L1-L2,98,234,,1
L1-L2,98,237,,1
L1-L2,98,238,,1
L1-L2,98,241,,1
L1-L2,98,242,,1
L1-L2,98,250,,1
L1-L2,99,4,,1
L1-L2,99,8,,1
L1-L2,99,10,,1
L1-L2,99,12,,1
L1-L2,99,16,,1
L1-L2,99,17,,1
L1-L2,99,24,,1
L1-L2,99,30,,1
L1-L2,99,35,,1
L1-L2,99,39,,1
L1-L2,99,47,,1
L1-L2,99,56,,1
L1-L2,99,57,,1
L1-L2,99,62,,1
L1-L2,99,67,,1
L1-L2,99,68,,1
L1-L2,99,69,,1
L1-L2,99,70,,1
L1-L2,99,77,,1
L1-L2,99,79,,1
L1-L2,99,84,,1
L1-L2,99,87,,1
L1-L2,99,94,,1
L1-L2,99,95,,1
L1-L2,99,96,,1
L1-L2,99,104,,1
L1-L2,99,113,,1
L1-L2,99,114,,1
L1-L2,99,119,,1
L1-L2,99,137,,1
L1-L2,99,140,,1
L1-L2,99,143,,1
L1-L2,99,145,,1
L1-L2,99,147,,1
L1-L2,99,148,,1
L1-L2,99,151,,1
L1-L2,99,156,,1
L1-L2,99,157,,1
L1-L2,99,162,,1
L1-L2,99,163,,1
L1-L2,99,170,,1
L1-L2,99,172,,1
L1-L2,99,179,,1
L1-L2,99,183,,1
L1-L2,99,186,,1
L1-L2,99,187,,1
L1-L2,99,188,,1
L1-L2,99,192,,1
L1-L2,99,194,,1
L1-L2,99,199,,1
L1-L2,99,200,,1
L1-L2,99,201,,1
L1-L2,99,204,,1
L1-L2,99,208,,1
L1-L2,99,209,,1
L1-L2,99,211,,1
L1-L2,99,213,,1
L1-L2,99,214,,1
L1-L2,99,215,,1
L1-L2,99,219,,1
L1-L2,99,220,,1
L1-L2,99,222,,1
L1-L2,99,224,,1
L1-L2,99,225,,1
L1-L2,99,230,,1
L1-L2,99,231,,1
L1-L2,99,232,,1
L1-L2,99,234,,1
L1-L2,99,238,,1
L1-L2,99,239,,1
L1-L2,99,240,,1
L1-L2,99,241,,1
L1-L2,99,250,,1
L1-L2,99,251,,1
L1-L2,99,254,,1
L1-L2,99,255,,1
L1-L2,100,2,,1
L1-L2,100,4,,1
L1-L2,100,12,,1
L1-L2,100,14,,1
L1-L2,100,20,,1
L1-L2,100,22,,1
L1-L2,100,28,,1
L1-L2,100,35,,1
L1-L2,100,36,,1
L1-L2,100,42,,1
L1-L2,100,44,,1
L1-L2,100,46,,1
L1-L2,100,47,,1
L1-L2,100,50,,1
L1-L2,100,54,,1
L1-L2,100,55,,1
L1-L2,100,56,,1
L1-L2,100,60,,1
L1-L2,100,61,,1
L1-L2,100,62,,1
L1-L2,100,63,,1
L1-L2,100,67,,1
L1-L2,100,69,,1
L1-L2,100,72,,1
L1-L2,100,75,,1
L1-L2,100,77,,1
L1-L2,100,78,,1
L1-L2,100,85,,1
L1-L2,100,89,,1
L1-L2,100,90,,1
L1-L2,100,91,,1
L1-L2,100,92,,1
L1-L2,100,93,,1
L1-L2,100,94,,1
L1-L2,100,96,,1
L1-L2,100,98,,1
L1-L2,100,103,,1
L1-L2,100,110,,1
L1-L2,100,111,,1
L1-L2,100,115,,1
L1-L2,100,117,,1
L1-L2,100,118,,1
L1-L2,100,119,,1
L1-L2,100,120,,1
L1-L2,100,121,,1
L1-L2,100,123,,1
L1-L2,100,125,,1
L1-L2,100,128,,1
L1-L2,100,130,,1
L1-L2,100,131,,1
L1-L2,100,132,,1
L1-L2,100,134,,1
L1-L2,100,136,,1
L1-L2,100,138,,1
L1-L2,100,143,,1
L1-L2,100,144,,1
L1-L2,100,146,,1
L1-L2,100,147,,1
L1-L2,100,148,,1
L1-L2,100,150,,1
L1-L2,100,158,,1
L1-L2,100,161,,1
L1-L2,100,163,,1
L1-L2,100,164,,1
L1-L2,100,165,,1
L1-L2,100,172,,1
L1-L2,100,174,,1
L1-L2,100,175,,1
L1-L2,100,177,,1
L1-L2,100,180,,1
L1-L2,100,181,,1
L1-L2,100,182,,1
L1-L2,100,184,,1
L1-L2,100,185,,1
L1-L2,100,188,,1
L1-L2,100,196,,1
L1-L2,100,197,,1
L1-L2,100,198,,1
L1-L2,100,199,,1
L1-L2,100,200,,1
L1-L2,100,201,,1
L1-L2,100,204,,1
L1-L2,100,205,,1
L1-L2,100,206,,1
L1-L2,100,208,,1
L1-L2,100,209,,1
L1-L2,100,216,,1
L1-L2,100,217,,1
L1-L2,100,223,,1
L1-L2,100,224,,1
L1-L2,100,226,,1
L1-L2,100,227,,1
L1-L2,100,229,,1
L1-L2,100,234,,1
L1-L2,100,237,,1
L1-L2,100,238,,1
L1-L2,100,239,,1
L1-L2,100,240,,1
L1-L2,100,241,,1
L1-L2,100,242,,1
L1-L2,100,244,,1
L1-L2,100,245,,1
L1-L2,100,246,,1
L1-L2,100,247,,1
L1-L2,100,249,,1
L1-L2,100,250,,1
L1-L2,100,254,,1
L1-L2,101,1,,1
L1-L2,101,2,,1
L1-L2,101,5,,1
L1-L2,101,6,,1
L1-L2,101,7,,1
L1-L2,101,9,,1
L1-L2,101,10,,1
L1-L2,101,11,,1
L1-L2,101,19,,1
L1-L2,101,31,,1
L1-L2,101,34,,1
L1-L2,101,35,,1
L1-L2,101,40,,1
L1-L2,101,45,,1
L1-L2,101,47,,1
L1-L2,101,49,,1
L1-L2,101,50,,1
L1-L2,101,51,,1
L1-L2,101,54,,1
L1-L2,101,57,,1
L1-L2,101,58,,1
L1-L2,101,59,,1
L1-L2,101,61,,1
L1-L2,101,63,,1
L1-L2,101,67,,1
L1-L2,101,69,,1
L1-L2,101,70,,1
L1-L2,101,71,,1
L1-L2,101,72,,1
L1-L2,101,74,,1
L1-L2,101,76,,1
L1-L2,101,78,,1
L1-L2,101,79,,1
L1-L2,101,81,,1
L1-L2,101,85,,1
L1-L2,101,87,,1
L1-L2,101,89,,1
L1-L2,101,90,,1
L1-L2,101,93,,1
L1-L2,101,94,,1
L1-L2,101,95,,1
L1-L2,101,97,,1
L1-L2,101,98,,1
L1-L2,101,101,,1
L1-L2,101,104,,1
L1-L2,101,107,,1
L1-L2,101,112,,1
L1-L2,101,117,,1
L1-L2,101,118,,1
L1-L2,101,122,,1
L1-L2,101,123,,1
L1-L2,101,124,,1
L1-L2,101,125,,1
L1-L2,101,127,,1
L1-L2,101,129,,1
L1-L2,101,130,,1
L1-L2,101,131,,1
L1-L2,101,133,,1
L1-L2,101,136,,1
L1-L2,101,138,,1
L1-L2,101,142,,1
L1-L2,101,148,,1
L1-L2,101,151,,1
L1-L2,101,152,,1
L1-L2,101,154,,1
L1-L2,101,155,,1
L1-L2,101,156,,1
L1-L2,101,157,,1
L1-L2,101,158,,1
L1-L2,101,159,,1
L1-L2,101,160,,1
L1-L2,101,162,,1
L1-L2,101,165,,1
L1-L2,101,167,,1
L1-L2,101,170,,1
L1-L2,101,173,,1
L1-L2,101,176,,1
L1-L2,101,177,,1
L1-L2,101,178,,1
L1-L2,101,179,,1
L1-L2,101,180,,1
L1-L2,101,183,,1
L1-L2,101,185,,1
L1-L2,101,187,,1
L1-L2,101,189,,1
L1-L2,101,194,,1
L1-L2,101,195,,1
L1-L2,101,197,,1
L1-L2,101,199,,1
L1-L2,101,202,,1
L1-L2,101,204,,1
L1-L2,101,207,,1
L1-L2,101,209,,1
L1-L2,101,210,,1
L1-L2,101,215,,1
L1-L2,101,218,,1
L1-L2,101,220,,1
L1-L2,101,222,,1
L1-L2,101,223,,1
L1-L2,101,226,,1
L1-L2,101,229,,1
L1-L2,101,230,,1
L1-L2,101,231,,1
L1-L2,101,235,,1
L1-L2,101,239,,1
L1-L2,101,240,,1
L1-L2,101,243,,1
L1-L2,101,244,,1
L1-L2,101,251,,1
L1-L2,101,252,,1
L1-L2,102,5,,1
L1-L2,102,6,,1
L1-L2,102,11,,1
L1-L2,102,14,,1
L1-L2,102,16,,1
L1-L2,102,18,,1
L1-L2,102,19,,1
L1-L2,102,27,,1
L1-L2,102,33,,1
L1-L2,102,35,,1
L1-L2,102,39,,1
L1-L2,102,46,,1
L1-L2,102,51,,1
L1-L2,102,52,,1
L1-L2,102,53,,1
L1-L2,102,58,,1
L1-L2,102,59,,1
L1-L2,102,63,,1
L1-L2,102,65,,1
L1-L2,102,69,,1
L1-L2,102,70,,1
L1-L2,102,74,,1
L1-L2,102,78,,1
L1-L2,102,80,,1
L1-L2,102,86,,1
L1-L2,102,87,,1
L1-L2,102,88,,1
L1-L2,102,99,,1
L1-L2,102,101,,1
L1-L2,102,103,,1
L1-L2,102,110,,1
L1-L2,102,113,,1
L1-L2,102,115,,1
L1-L2,102,119,,1
L1-L2,102,120,,1
L1-L2,102,121,,1
L1-L2,102,126,,1
L1-L2,102,129,,1
L1-L2,102,130,,1
L1-L2,102,132,,1
L1-L2,102,133,,1
L1-L2,102,138,,1
L1-L2,102,139,,1
L1-L2,102,141,,1
L1-L2,102,142,,1
L1-L2,102,145,,1
L1-L2,102,150,,1
L1-L2,102,151,,1
L1-L2,102,155,,1
L1-L2,102,156,,1
L1-L2,102,158,,1
L1-L2,102,159,,1
L1-L2,102,162,,1
L1-L2,102,164,,1
L1-L2,102,166,,1
L1-L2,102,167,,1
L1-L2,102,170,,1
L1-L2,102,172,,1
L1-L2,102,174,,1
L1-L2,102,183,,1
L1-L2,102,184,,1
L1-L2,102,186,,1
L1-L2,102,187,,1
L1-L2,102,188,,1
L1-L2,102,191,,1
L1-L2,102,192,,1
L1-L2,102,193,,1
L1-L2,102,196,,1
L1-L2,102,197,,1
L1-L2,102,198,,1
L1-L2,102,200,,1
L1-L2,102,202,,1
L1-L2,102,205,,1
L1-L2,102,206,,1
L1-L2,102,207,,1
L1-L2,102,213,,1
L1-L2,102,216,,1
L1-L2,102,220,,1
L1-L2,102,221,,1
L1-L2,102,222,,1
L1-L2,102,225,,1
L1-L2,102,226,,1
L1-L2,102,234,,1
L1-L2,102,237,,1
L1-L2,102,238,,1
L1-L2,102,240,,1
L1-L2,102,241,,1
L1-L2,102,244,,1
L1-L2,102,246,,1
L1-L2,102,249,,1
L1-L2,102,251,,1
L1-L2,102,252,,1
L1-L2,102,254,,1
L1-L2,103,0,,1
L1-L2,103,1,,1
L1-L2,103,3,,1
L1-L2,103,4,,1
L1-L2,103,6,,1
L1-L2,103,7,,1
L1-L2,103,9,,1
L1-L2,103,10,,1
L1-L2,103,14,,1
L1-L2,103,16,,1
L1-L2,103,18,,1
L1-L2,103,19,,1
L1-L2,103,20,,1
L1-L2,103,22,,1
L1-L2,103,23,,1
L1-L2,103,24,,1
L1-L2,103,25,,1
L1-L2,103,26,,1
L1-L2,103,29,,1
L1-L2,103,30,,1
L1-L2,103,31,,1
L1-L2,103,32,,1
L1-L2,103,34,,1
L1-L2,103,35,,1
L1-L2,103,37,,1
L1-L2,103,40,,1
L1-L2,103,44,,1
L1-L2,103,45,,1
L1-L2,103,47,,1
L1-L2,103,48,,1
L1-L2,103,49,,1
L1-L2,103,56,,1
L1-L2,103,57,,1
L1-L2,103,58,,1
L1-L2,103,60,,1
L1-L2,103,62,,1
L1-L2,103,64,,1
L1-L2,103,66,,1
L1-L2,103,67,,1
L1-L2,103,72,,1
L1-L2,103,73,,1
L1-L2,103,79,,1
L1-L2,103,80,,1
L1-L2,103,81,,1
L1-L2,103,83,,1
L1-L2,103,86,,1
L1-L2,103,88,,1
L1-L2,103,89,,1
L1-L2,103,90,,1
L1-L2,103,91,,1
L1-L2,103,94,,1
L1-L2,103,96,,1
L1-L2,103,97,,1
L1-L2,103,98,,1
L1-L2,103,102,,1
L1-L2,103,103,,1
L1-L2,103,108,,1
L1-L2,103,112,,1
L1-L2,103,114,,1
L1-L2,103,115,,1
L1-L2,103,121,,1
L1-L2,103,125,,1
L1-L2,103,126,,1
L1-L2,103,127,,1
L1-L2,103,128,,1
L1-L2,103,129,,1
L1-L2,103,133,,1
L1-L2,103,135,,1
L1-L2,103,136,,1
L1-L2,103,138,,1
L1-L2,103,139,,1
L1-L2,103,141,,1
L1-L2,103,143,,1
L1-L2,103,148,,1
L1-L2,103,149,,1
L1-L2,103,152,,1
L1-L2,103,160,,1
L1-L2,103,161,,1
L1-L2,103,162,,1
L1-L2,103,163,,1
L1-L2,103,169,,1
L1-L2,103,172,,1
L1-L2,103,174,,1
L1-L2,103,175,,1
L1-L2,103,176,,1
L1-L2,103,178,,1
L1-L2,103,180,,1
L1-L2,103,182,,1
L1-L2,103,183,,1
L1-L2,103,188,,1
L1-L2,103,191,,1
L1-L2,103,193,,1
L1-L2,103,198,,1
L1-L2,103,202,,1
L1-L2,103,205,,1
L1-L2,103,206,,1
L1-L2,103,210,,1
L1-L2,103,212,,1
L1-L2,103,214,,1
L1-L2,103,217,,1
L1-L2,103,218,,1
L1-L2,103,219,,1
L1-L2,103,222,,1
L1-L2,103,224,,1
L1-L2,103,226,,1
L1-L2,103,230,,1
L1-L2,103,231,,1
L1-L2,103,232,,1
L1-L2,103,233,,1
L1-L2,103,234,,1
L1-L2,103,237,,1
L1-L2,103,239,,1
L1-L2,103,240,,1
L1-L2,103,241,,1
L1-L2,103,243,,1
L1-L2,103,244,,1
L1-L2,103,248,,1
L1-L2,103,249,,1
L1-L2,103,251,,1
L1-L2,103,254,,1
L1-L2,104,15,,1
L1-L2,104,17,,1
L1-L2,104,21,,1
L1-L2,104,22,,1
L1-L2,104,24,,1
L1-L2,104,27,,1
L1-L2,104,30,,1
L1-L2,104,31,,1
L1-L2,104,32,,1
L1-L2,104,33,,1
L1-L2,104,35,,1
L1-L2,104,37,,1
L1-L2,104,40,,1
L1-L2,104,43,,1
L1-L2,104,45,,1
L1-L2,104,46,,1
L1-L2,104,52,,1
L1-L2,104,60,,1
L1-L2,104,61,,1
L1-L2,104,62,,1
L1-L2,104,71,,1
L1-L2,104,72,,1
L1-L2,104,80,,1
L1-L2,104,82,,1
L1-L2,104,85,,1
L1-L2,104,87,,1
L1-L2,104,88,,1
L1-L2,104,89,,1
L1-L2,104,91,,1
L1-L2,104,92,,1
L1-L2,104,93,,1
L1-L2,104,94,,1
L1-L2,104,101,,1
L1-L2,104,104,,1
L1-L2,104,106,,1
L1-L2,104,107,,1
L1-L2,104,108,,1
L1-L2,104,109,,1
L1-L2,104,110,,1
L1-L2,104,113,,1
L1-L2,104,117,,1
L1-L2,104,118,,1
L1-L2,104,120,,1
L1-L2,104,123,,1
L1-L2,104,126,,1
L1-L2,104,129,,1
L1-L2,104,130,,1
L1-L2,104,131,,1
L1-L2,104,134,,1
L1-L2,104,137,,1
L1-L2,104,140,,1
L1-L2,104,141,,1
L1-L2,104,143,,1
L1-L2,104,146,,1
L1-L2,104,148,,1
L1-L2,104,152,,1
L1-L2,104,154,,1
L1-L2,104,160,,1
L1-L2,104,162,,1
L1-L2,104,163,,1
L1-L2,104,165,,1
L1-L2,104,168,,1
L1-L2,104,169,,1
L1-L2,104,176,,1
L1-L2,104,177,,1
L1-L2,104,178,,1
L1-L2,104,180,,1
L1-L2,104,181,,1
L1-L2,104,182,,1
L1-L2,104,186,,1
L1-L2,104,190,,1
L1-L2,104,192,,1
L1-L2,104,195,,1
L1-L2,104,196,,1
L1-L2,104,197,,1
L1-L2,104,199,,1
L1-L2,104,200,,1
L1-L2,104,201,,1
L1-L2,104,204,,1
L1-L2,104,205,,1
L1-L2,104,207,,1
L1-L2,104,209,,1
L1-L2,104,212,,1
L1-L2,104,213,,1
L1-L2,104,216,,1
L1-L2,104,219,,1
L1-L2,104,222,,1
L1-L2,104,225,,1
L1-L2,104,228,,1
L1-L2,104,230,,1
L1-L2,104,231,,1
L1-L2,104,233,,1
L1-L2,104,235,,1
L1-L2,104,236,,1
L1-L2,104,237,,1
L1-L2,104,239,,1
L1-L2,104,240,,1
L1-L2,104,241,,1
L1-L2,104,242,,1
L1-L2,104,247,,1
L1-L2,104,248,,1
L1-L2,104,249,,1
L1-L2,104,250,,1
L1-L2,104,252,,1
L1-L2,105,14,,1
L1-L2,105,15,,1
L1-L2,105,17,,1
L1-L2,105,25,,1
L1-L2,105,26,,1
L1-L2,105,40,,1
L1-L2,105,44,,1
L1-L2,105,50,,1
L1-L2,105,56,,1
L1-L2,105,60,,1
L1-L2,105,64,,1
L1-L2,105,67,,1
L1-L2,105,68,,1
L1-L2,105,79,,1
L1-L2,105,80,,1
L1-L2,105,83,,1
L1-L2,105,87,,1
L1-L2,105,90,,1
L1-L2,105,92,,1
L1-L2,105,94,,1
L1-L2,105,98,,1
L1-L2,105,100,,1
L1-L2,105,101,,1
L1-L2,105,103,,1
L1-L2,105,104,,1
L1-L2,105,114,,1
L1-L2,105,119,,1
L1-L2,105,120,,1
L1-L2,105,124,,1
L1-L2,105,127,,1
L1-L2,105,130,,1
L1-L2,105,132,,1
L1-L2,105,135,,1
L1-L2,105,137,,1
L1-L2,105,139,,1
L1-L2,105,140,,1
L1-L2,105,142,,1
L1-L2,105,144,,1
L1-L2,105,146,,1
L1-L2,105,149,,1
L1-L2,105,151,,1
L1-L2,105,152,,1
L1-L2,105,164,,1
L1-L2,105,166,,1
L1-L2,105,167,,1
L1-L2,105,169,,1
L1-L2,105,170,,1
L1-L2,105,171,,1
L1-L2,105,180,,1
L1-L2,105,183,,1
L1-L2,105,184,,1
L1-L2,105,185,,1
L1-L2,105,186,,1
L1-L2,105,187,,1
L1-L2,105,189,,1
L1-L2,105,193,,1
L1-L2,105,197,,1
L1-L2,105,199,,1
L1-L2,105,200,,1
L1-L2,105,207,,1
L1-L2,105,212,,1
L1-L2,105,213,,1
L1-L2,105,214,,1
L1-L2,105,215,,1
L1-L2,105,216,,1
L1-L2,105,217,,1
L1-L2,105,219,,1
L1-L2,105,220,,1
L1-L2,105,221,,1
L1-L2,105,222,,1
L1-L2,105,224,,1
L1-L2,105,228,,1
L1-L2,105,230,,1
L1-L2,105,232,,1
L1-L2,105,233,,1
L1-L2,105,240,,1
L1-L2,105,241,,1
L1-L2,105,242,,1
L1-L2,105,243,,1
L1-L2,105,245,,1
L1-L2,105,247,,1
L1-L2,105,250,,1
L1-L2,105,251,,1
L1-L2,106,2,,1
L1-L2,106,3,,1
L1-L2,106,4,,1
L1-L2,106,7,,1
L1-L2,106,12,,1
L1-L2,106,14,,1
L1-L2,106,16,,1
L1-L2,106,17,,1
L1-L2,106,18,,1
L1-L2,106,19,,1
L1-L2,106,26,,1
L1-L2,106,27,,1
L1-L2,106,30,,1
L1-L2,106,34,,1
L1-L2,106,44,,1
L1-L2,106,47,,1
L1-L2,106,48,,1
L1-L2,106,58,,1
L1-L2,106,61,,1
L1-L2,106,68,,1
L1-L2,106,75,,1
L1-L2,106,77,,1
L1-L2,106,79,,1
L1-L2,106,81,,1
L1-L2,106,82,,1
L1-L2,106,85,,1
L1-L2,106,87,,1
L1-L2,106,88,,1
L1-L2,106,89,,1
L1-L2,106,92,,1
L1-L2,106,96,,1
L1-L2,106,101,,1
L1-L2,106,103,,1
L1-L2,106,104,,1
L1-L2,106,109,,1
L1-L2,106,110,,1
L1-L2,106,113,,1
L1-L2,106,116,,1
L1-L2,106,119,,1
L1-L2,106,121,,1
L1-L2,106,124,,1
L1-L2,106,125,,1
L1-L2,106,129,,1
L1-L2,106,130,,1
L1-L2,106,137,,1
L1-L2,106,138,,1
L1-L2,106,139,,1
L1-L2,106,140,,1
L1-L2,106,154,,1
L1-L2,106,155,,1
L1-L2,106,158,,1
L1-L2,106,163,,1
L1-L2,106,165,,1
L1-L2,106,166,,1
L1-L2,106,168,,1
L1-L2,106,169,,1
L1-L2,106,171,,1
L1-L2,106,174,,1
L1-L2,106,175,,1
L1-L2,106,176,,1
L1-L2,106,180,,1
L1-L2,106,182,,1
L1-L2,106,183,,1
L1-L2,106,184,,1
L1-L2,106,186,,1
L1-L2,106,191,,1
L1-L2,106,192,,1
L1-L2,106,193,,1
L1-L2,106,194,,1
L1-L2,106,195,,1
L1-L2,106,199,,1
L1-L2,106,202,,1
L1-L2,106,203,,1
L1-L2,106,205,,1
L1-L2,106,208,,1
L1-L2,106,211,,1
L1-L2,106,213,,1
L1-L2,106,215,,1
L1-L2,106,218,,1
L1-L2,106,222,,1
L1-L2,106,224,,1
L1-L2,106,225,,1
L1-L2,106,229,,1
L1-L2,106,231,,1
L1-L2,106,232,,1
L1-L2,106,233,,1
L1-L2,106,239,,1
L1-L2,106,243,,1
L1-L2,106,245,,1
L1-L2,106,247,,1
L1-L2,106,248,,1
L1-L2,106,253,,1
L1-L2,107,2,,1
L1-L2,107,7,,1
L1-L2,107,10,,1
L1-L2,107,12,,1
L1-L2,107,19,,1
L1-L2,107,22,,1
L1-L2,107,24,,1
L1-L2,107,25,,1
L1-L2,107,26,,1
L1-L2,107,36,,1
L1-L2,107,41,,1
L1-L2,107,42,,1
L1-L2,107,50,,1
L1-L2,107,52,,1
L1-L2,107,58,,1
L1-L2,107,63,,1
L1-L2,107,64,,1
L1-L2,107,68,,1
L1-L2,107,76,,1
L1-L2,107,78,,1
L1-L2,107,103,,1
L1-L2,107,106,,1
L1-L2,107,109,,1
L1-L2,107,118,,1
L1-L2,107,121,,1
L1-L2,107,122,,1
L1-L2,107,123,,1
L1-L2,107,124,,1
L1-L2,107,125,,1
L1-L2,107,127,,1
L1-L2,107,128,,1
L1-L2,107,131,,1
L1-L2,107,132,,1
L1-L2,107,134,,1
L1-L2,107,137,,1
L1-L2,107,139,,1
L1-L2,107,140,,1
L1-L2,107,144,,1
L1-L2,107,146,,1
L1-L2,107,147,,1
L1-L2,107,154,,1
L1-L2,107,156,,1
L1-L2,107,157,,1
L1-L2,107,158,,1
L1-L2,107,159,,1
L1-L2,107,161,,1
L1-L2,107,166,,1
L1-L2,107,168,,1
L1-L2,107,173,,1
L1-L2,107,174,,1
L1-L2,107,175,,1
L1-L2,107,177,,1
L1-L2,107,182,,1
L1-L2,107,185,,1
L1-L2,107,190,,1
L1-L2,107,191,,1
L1-L2,107,192,,1
L1-L2,107,193,,1
L1-L2,107,196,,1
L1-L2,107,197,,1
L1-L2,107,199,,1
L1-L2,107,204,,1
L1-L2,107,207,,1
L1-L2,107,210,,1
L1-L2,107,212,,1
L1-L2,107,215,,1
L1-L2,107,217,,1
L1-L2,107,219,,1
L1-L2,107,221,,1
L1-L2,107,223,,1
L1-L2,107,227,,1
L1-L2,107,228,,1
L1-L2,107,229,,1
L1-L2,107,230,,1
L1-L2,107,231,,1
L1-L2,107,235,,1
L1-L2,107,236,,1
L1-L2,107,242,,1
L1-L2,107,243,,1
L1-L2,107,244,,1
L1-L2,107,250,,1
L1-L2,107,252,,1
L1-L2,107,255,,1
L1-L2,108,0,,1
L1-L2,108,4,,1
L1-L2,108,5,,1
L1-L2,108,6,,1
L1-L2,108,14,,1
L1-L2,108,15,,1
L1-L2,108,16,,1
L1-L2,108,17,,1
L1-L2,108,20,,1
L1-L2,108,28,,1
L1-L2,108,35,,1
L1-L2,108,37,,1
L1-L2,108,42,,1
L1-L2,108,44,,1
L1-L2,108,45,,1
L1-L2,108,46,,1
L1-L2,108,50,,1
L1-L2,108,51,,1
L1-L2,108,53,,1
L1-L2,108,55,,1
L1-L2,108,61,,1
L1-L2,108,62,,1
L1-L2,108,63,,1
L1-L2,108,65,,1
L1-L2,108,67,,1
L1-L2,108,68,,1
L1-L2,108,69,,1
L1-L2,108,75,,1
L1-L2,108,79,,1
L1-L2,108,84,,1
L1-L2,108,89,,1
L1-L2,108,93,,1
L1-L2,108,94,,1
L1-L2,108,97,,1
L1-L2,108,107,,1
L1-L2,108,109,,1
L1-L2,108,110,,1
L1-L2,108,112,,1
L1-L2,108,113,,1
L1-L2,108,114,,1
L1-L2,108,116,,1
L1-L2,108,118,,1
L1-L2,108,121,,1
L1-L2,108,130,,1
L1-L2,108,134,,1
L1-L2,108,137,,1
L1-L2,108,138,,1
L1-L2,108,139,,1
L1-L2,108,141,,1
L1-L2,108,143,,1
L1-L2,108,146,,1
L1-L2,108,147,,1
L1-L2,108,148,,1
L1-L2,108,150,,1
L1-L2,108,151,,1
L1-L2,108,155,,1
L1-L2,108,156,,1
L1-L2,108,158,,1
L1-L2,108,160,,1
L1-L2,108,161,,1
L1-L2,108,165,,1
L1-L2,108,166,,1
L1-L2,108,167,,1
L1-L2,108,168,,1
L1-L2,108,177,,1
L1-L2,108,180,,1
L1-L2,108,181,,1
L1-L2,108,186,,1
L1-L2,108,188,,1
L1-L2,108,189,,1
L1-L2,108,191,,1
L1-L2,108,193,,1
L1-L2,108,194,,1
L1-L2,108,196,,1
L1-L2,108,198,,1
L1-L2,108,199,,1
L1-L2,108,200,,1
L1-L2,108,202,,1
L1-L2,108,203,,1
L1-L2,108,206,,1
L1-L2,108,207,,1
L1-L2,108,209,,1
L1-L2,108,211,,1
L1-L2,108,213,,1
L1-L2,108,214,,1
L1-L2,108,219,,1
L1-L2,108,220,,1
L1-L2,108,222,,1
L1-L2,108,224,,1
L1-L2,108,228,,1
L1-L2,108,232,,1
L1-L2,108,235,,1
L1-L2,108,238,,1
L1-L2,108,239,,1
L1-L2,108,243,,1
L1-L2,108,245,,1
L1-L2,108,248,,1
L1-L2,108,249,,1
L1-L2,108,250,,1
L1-L2,108,254,,1
L1-L2,109,0,,1
L1-L2,109,1,,1
L1-L2,109,6,,1
L1-L2,109,7,,1
L1-L2,109,8,,1
L1-L2,109,9,,1
L1-L2,109,10,,1
L1-L2,109,11,,1
L1-L2,109,13,,1
L1-L2,109,16,,1
L1-L2,109,17,,1
L1-L2,109,19,,1
L1-L2,109,24,,1
L1-L2,109,27,,1
L1-L2,109,32,,1
L1-L2,109,33,,1
L1-L2,109,35,,1
L1-L2,109,37,,1
L1-L2,109,38,,1
L1-L2,109,45,,1
L1-L2,109,47,,1
L1-L2,109,50,,1
L1-L2,109,53,,1
L1-L2,109,57,,1
L1-L2,109,61,,1
L1-L2,109,67,,1
L1-L2,109,69,,1
L1-L2,109,77,,1
L1-L2,109,79,,1
L1-L2,109,81,,1
L1-L2,109,84,,1
L1-L2,109,85,,1
L1-L2,109,90,,1
L1-L2,109,92,,1
L1-L2,109,94,,1
L1-L2,109,96,,1
L1-L2,109,100,,1
L1-L2,109,101,,1
L1-L2,109,102,,1
L1-L2,109,103,,1
L1-L2,109,106,,1
L1-L2,109,108,,1
L1-L2,109,109,,1
L1-L2,109,110,,1
L1-L2,109,111,,1
L1-L2,109,113,,1
L1-L2,109,114,,1
L1-L2,109,115,,1
L1-L2,109,116,,1
L1-L2,109,118,,1
L1-L2,109,121,,1
L1-L2,109,122,,1
L1-L2,109,123,,1
L1-L2,109,124,,1
L1-L2,109,129,,1
L1-L2,109,133,,1
L1-L2,109,134,,1
L1-L2,109,135,,1
L1-L2,109,138,,1
L1-L2,109,139,,1
L1-L2,109,140,,1
L1-L2,109,141,,1
L1-L2,109,144,,1
L1-L2,109,145,,1
L1-L2,109,150,,1
L1-L2,109,152,,1
L1-L2,109,155,,1
L1-L2,109,161,,1
L1-L2,109,169,,1
L1-L2,109,170,,1
L1-L2,109,173,,1
L1-L2,109,174,,1
L1-L2,109,178,,1
L1-L2,109,181,,1
L1-L2,109,183,,1
L1-L2,109,186,,1
L1-L2,109,187,,1
L1-L2,109,189,,1
L1-L2,109,193,,1
L1-L2,109,195,,1
L1-L2,109,197,,1
L1-L2,109,204,,1
L1-L2,109,210,,1
L1-L2,109,211,,1
L1-L2,109,212,,1
L1-L2,109,216,,1
L1-L2,109,217,,1
L1-L2,109,218,,1
L1-L2,109,220,,1
L1-L2,109,222,,1
L1-L2,109,226,,1
L1-L2,109,227,,1
L1-L2,109,228,,1
L1-L2,109,229,,1
L1-L2,109,233,,1
L1-L2,109,237,,1
L1-L2,109,240,,1
L1-L2,109,242,,1
L1-L2,109,244,,1
L1-L2,109,245,,1
L1-L2,109,246,,1
L1-L2,109,248,,1
L1-L2,109,250,,1
L1-L2,109,251,,1
L1-L2,109,252,,1
L1-L2,109,254,,1
L1-L2,109,255,,1
L1-L2,110,0,,1
L1-L2,110,2,,1
L1-L2,110,16,,1
L1-L2,110,19,,1
L1-L2,110,23,,1
L1-L2,110,25,,1
L1-L2,110,26,,1
L1-L2,110,28,,1
L1-L2,110,29,,1
L1-L2,110,32,,1
L1-L2,110,37,,1
L1-L2,110,38,,1
L1-L2,110,46,,1
L1-L2,110,61,,1
L1-L2,110,69,,1
L1-L2,110,70,,1
L1-L2,110,71,,1
L1-L2,110,74,,1
L1-L2,110,76,,1
L1-L2,110,79,,1
L1-L2,110,83,,1
L1-L2,110,84,,1
L1-L2,110,86,,1
L1-L2,110,88,,1
L1-L2,110,90,,1
L1-L2,110,94,,1
L1-L2,110,98,,1
L1-L2,110,100,,1
L1-L2,110,103,,1
L1-L2,110,111,,1
L1-L2,110,112,,1
L1-L2,110,113,,1
L1-L2,110,115,,1
L1-L2,110,116,,1
L1-L2,110,118,,1
L1-L2,110,119,,1
L1-L2,110,121,,1
L1-L2,110,122,,1
L1-L2,110,123,,1
L1-L2,110,125,,1
L1-L2,110,126,,1
L1-L2,110,128,,1
L1-L2,110,140,,1
L1-L2,110,141,,1
L1-L2,110,142,,1
L1-L2,110,157,,1
L1-L2,110,159,,1
L1-L2,110,161,,1
L1-L2,110,162,,1
L1-L2,110,163,,1
L1-L2,110,165,,1
L1-L2,110,169,,1
L1-L2,110,170,,1
L1-L2,110,171,,1
L1-L2,110,172,,1
L1-L2,110,175,,1
L1-L2,110,177,,1
L1-L2,110,180,,1
L1-L2,110,182,,1
L1-L2,110,190,,1
L1-L2,110,196,,1
L1-L2,110,202,,1
L1-L2,110,205,,1
L1-L2,110,211,,1
L1-L2,110,218,,1
L1-L2,110,219,,1
L1-L2,110,227,,1
L1-L2,110,233,,1
L1-L2,110,236,,1
L1-L2,110,238,,1
L1-L2,110,239,,1
L1-L2,110,240,,1
L1-L2,110,241,,1
L1-L2,110,244,,1
L1-L2,110,245,,1
L1-L2,110,246,,1
L1-L2,110,247,,1
L1-L2,110,252,,1
L1-L2,110,254,,1
L1-L2,110,255,,1
L1-L2,111,3,,1
L1-L2,111,4,,1
L1-L2,111,6,,1
L1-L2,111,8,,1
L1-L2,111,9,,1
L1-L2,111,12,,1
L1-L2,111,16,,1
L1-L2,111,17,,1
L1-L2,111,18,,1
L1-L2,111,22,,1
L1-L2,111,23,,1
L1-L2,111,36,,1
L1-L2,111,41,,1
L1-L2,111,45,,1
L1-L2,111,47,,1
L1-L2,111,55,,1
L1-L2,111,58,,1
L1-L2,111,65,,1
L1-L2,111,66,,1
L1-L2,111,67,,1
L1-L2,111,76,,1
L1-L2,111,77,,1
L1-L2,111,79,,1
L1-L2,111,83,,1
L1-L2,111,84,,1
L1-L2,111,86,,1
L1-L2,111,90,,1
L1-L2,111,91,,1
L1-L2,111,92,,1
L1-L2,111,99,,1
L1-L2,111,102,,1
L1-L2,111,103,,1
L1-L2,111,108,,1
L1-L2,111,113,,1
L1-L2,111,114,,1
L1-L2,111,115,,1
L1-L2,111,116,,1
L1-L2,111,118,,1
L1-L2,111,119,,1
L1-L2,111,120,,1
L1-L2,111,122,,1
L1-L2,111,123,,1
L1-L2,111,125,,1
L1-L2,111,127,,1
L1-L2,111,128,,1
L1-L2,111,130,,1
L1-L2,111,132,,1
L1-L2,111,136,,1
L1-L2,111,138,,1
L1-L2,111,145,,1
L1-L2,111,146,,1
L1-L2,111,147,,1
L1-L2,111,152,,1
L1-L2,111,153,,1
L1-L2,111,157,,1
L1-L2,111,159,,1
L1-L2,111,164,,1
L1-L2,111,168,,1
L1-L2,111,169,,1
L1-L2,111,171,,1
L1-L2,111,176,,1
L1-L2,111,179,,1
L1-L2,111,180,,1
L1-L2,111,181,,1
L1-L2,111,182,,1
L1-L2,111,184,,1
L1-L2,111,186,,1
L1-L2,111,187,,1
L1-L2,111,188,,1
L1-L2,111,192,,1
L1-L2,111,198,,1
L1-L2,111,200,,1
L1-L2,111,201,,1
L1-L2,111,204,,1
L1-L2,111,205,,1
L1-L2,111,206,,1
L1-L2,111,207,,1
L1-L2,111,210,,1
L1-L2,111,211,,1
L1-L2,111,214,,1
L1-L2,111,216,,1
L1-L2,111,218,,1
L1-L2,111,221,,1
L1-L2,111,224,,1
L1-L2,111,228,,1
L1-L2,111,230,,1
L1-L2,111,231,,1
L1-L2,111,236,,1
L1-L2,111,237,,1
L1-L2,111,238,,1
L1-L2,111,239,,1
L1-L2,111,246,,1
L1-L2,111,249,,1
L1-L2,111,253,,1
L1-L2,111,255,,1
L1-L2,112,3,,1
L1-L2,112,4,,1
L1-L2,112,5,,1
L1-L2,112,6,,1
L1-L2,112,9,,1
L1-L2,112,10,,1
L1-L2,112,11,,1
L1-L2,112,12,,1
L1-L2,112,13,,1
L1-L2,112,14,,1
L1-L2,112,16,,1
L1-L2,112,22,,1
L1-L2,112,23,,1
L1-L2,112,24,,1
L1-L2,112,25,,1
L1-L2,112,29,,1
L1-L2,112,30,,1
L1-L2,112,31,,1
L1-L2,112,33,,1
L1-L2,112,34,,1
L1-L2,112,36,,1
L1-L2,112,40,,1
L1-L2,112,45,,1
L1-L2,112,46,,1
L1-L2,112,47,,1
L1-L2,112,48,,1
L1-L2,112,51,,1
L1-L2,112,55,,1
L1-L2,112,59,,1
L1-L2,112,61,,1
L1-L2,112,64,,1
L1-L2,112,65,,1
L1-L2,112,66,,1
L1-L2,112,73,,1
L1-L2,112,74,,1
L1-L2,112,79,,1
L1-L2,112,81,,1
L1-L2,112,85,,1
L1-L2,112,88,,1
L1-L2,112,97,,1
L1-L2,112,99,,1
L1-L2,112,100,,1
L1-L2,112,101,,1
L1-L2,112,102,,1
L1-L2,112,103,,1
L1-L2,112,104,,1
L1-L2,112,105,,1
L1-L2,112,106,,1
L1-L2,112,107,,1
L1-L2,112,113,,1
L1-L2,112,114,,1
L1-L2,112,119,,1
L1-L2,112,125,,1
L1-L2,112,130,,1
L1-L2,112,131,,1
L1-L2,112,132,,1
L1-L2,112,134,,1
L1-L2,112,136,,1
L1-L2,112,140,,1
L1-L2,112,142,,1
L1-L2,112,143,,1
L1-L2,112,148,,1
L1-L2,112,150,,1
L1-L2,112,152,,1
L1-L2,112,153,,1
L1-L2,112,160,,1
L1-L2,112,165,,1
L1-L2,112,166,,1
L1-L2,112,167,,1
L1-L2,112,168,,1
L1-L2,112,171,,1
L1-L2,112,176,,1
L1-L2,112,177,,1
L1-L2,112,179,,1
L1-L2,112,184,,1
L1-L2,112,185,,1
L1-L2,112,186,,1
L1-L2,112,188,,1
L1-L2,112,191,,1
L1-L2,112,192,,1
L1-L2,112,197,,1
L1-L2,112,198,,1
L1-L2,112,199,,1
L1-L2,112,200,,1
L1-L2,112,201,,1
L1-L2,112,204,,1
L1-L2,112,207,,1
L1-L2,112,208,,1
L1-L2,112,209,,1
L1-L2,112,210,,1
L1-L2,112,217,,1
L1-L2,112,219,,1
L1-L2,112,220,,1
L1-L2,112,225,,1
L1-L2,112,226,,1
L1-L2,112,229,,1
L1-L2,112,230,,1
L1-L2,112,231,,1
L1-L2,112,232,,1
L1-L2,112,233,,1
L1-L2,112,236,,1
L1-L2,112,238,,1
L1-L2,112,246,,1
L1-L2,112,250,,1
L1-L2,112,254,,1
L1-L2,113,0,,1
L1-L2,113,1,,1
L1-L2,113,2,,1
L1-L2,113,5,,1
L1-L2,113,10,,1
L1-L2,113,14,,1
L1-L2,113,19,,1
L1-L2,113,21,,1
L1-L2,113,23,,1
L1-L2,113,26,,1
L1-L2,113,28,,1
L1-L2,113,29,,1
L1-L2,113,30,,1
L1-L2,113,31,,1
L1-L2,113,35,,1
L1-L2,113,39,,1
L1-L2,113,40,,1
L1-L2,113,41,,1
L1-L2,113,43,,1
L1-L2,113,46,,1
L1-L2,113,47,,1
L1-L2,113,48,,1
L1-L2,113,55,,1
L1-L2,113,59,,1
L1-L2,113,60,,1
L1-L2,113,62,,1
L1-L2,113,63,,1
L1-L2,113,68,,1
L1-L2,113,73,,1
L1-L2,113,75,,1
L1-L2,113,76,,1
L1-L2,113,80,,1
L1-L2,113,81,,1
L1-L2,113,83,,1
L1-L2,113,84,,1
L1-L2,113,85,,1
L1-L2,113,87,,1
L1-L2,113,88,,1
L1-L2,113,89,,1
L1-L2,113,94,,1
L1-L2,113,95,,1
L1-L2,113,99,,1
L1-L2,113,100,,1
L1-L2,113,102,,1
L1-L2,113,104,,1
L1-L2,113,105,,1
L1-L2,113,108,,1
L1-L2,113,113,,1
L1-L2,113,116,,1
L1-L2,113,120,,1
L1-L2,113,121,,1
L1-L2,113,122,,1
L1-L2,113,124,,1
L1-L2,113,125,,1
L1-L2,113,128,,1
L1-L2,113,133,,1
L1-L2,113,135,,1
L1-L2,113,139,,1
L1-L2,113,140,,1
L1-L2,113,142,,1
L1-L2,113,145,,1
L1-L2,113,146,,1
L1-L2,113,147,,1
L1-L2,113,150,,1
L1-L2,113,151,,1
L1-L2,113,152,,1
L1-L2,113,156,,1
L1-L2,113,157,,1
L1-L2,113,159,,1
L1-L2,113,160,,1
L1-L2,113,162,,1
L1-L2,113,165,,1
L1-L2,113,166,,1
L1-L2,113,167,,1
L1-L2,113,170,,1
L1-L2,113,171,,1
L1-L2,113,173,,1
L1-L2,113,175,,1
L1-L2,113,176,,1
L1-L2,113,178,,1
L1-L2,113,179,,1
L1-L2,113,181,,1
L1-L2,113,183,,1
L1-L2,113,185,,1
L1-L2,113,186,,1
L1-L2,113,192,,1
L1-L2,113,194,,1
L1-L2,113,195,,1
L1-L2,113,198,,1
L1-L2,113,202,,1
L1-L2,113,204,,1
L1-L2,113,206,,1
L1-L2,113,207,,1
L1-L2,113,209,,1
L1-L2,113,212,,1
L1-L2,113,213,,1
L1-L2,113,215,,1
L1-L2,113,216,,1
L1-L2,113,217,,1
L1-L2,113,218,,1
L1-L2,113,220,,1
L1-L2,113,221,,1
L1-L2,113,222,,1
L1-L2,113,223,,1
L1-L2,113,224,,1
L1-L2,113,226,,1
L1-L2,113,228,,1
L1-L2,113,229,,1
L1-L2,113,235,,1
L1-L2,113,236,,1
L1-L2,113,238,,1
L1-L2,113,239,,1
L1-L2,113,240,,1
L1-L2,113,241,,1
L1-L2,113,243,,1
L1-L2,113,244,,1
L1-L2,113,247,,1
L1-L2,113,249,,1
L1-L2,113,250,,1
L1-L2,113,251,,1
L1-L2,113,252,,1
L1-L2,113,254,,1
L1-L2,113,255,,1
L1-L2,114,2,,1
L1-L2,114,6,,1
L1-L2,114,8,,1
L1-L2,114,10,,1
L1-L2,114,11,,1
L1-L2,114,12,,1
L1-L2,114,16,,1
L1-L2,114,28,,1
L1-L2,114,31,,1
L1-L2,114,32,,1
L1-L2,114,37,,1
L1-L2,114,39,,1
L1-L2,114,41,,1
L1-L2,114,43,,1
L1-L2,114,45,,1
L1-L2,114,46,,1
L1-L2,114,47,,1
L1-L2,114,49,,1
L1-L2,114,53,,1
L1-L2,114,56,,1
L1-L2,114,58,,1
L1-L2,114,61,,1
L1-L2,114,65,,1
L1-L2,114,67,,1
L1-L2,114,73,,1
L1-L2,114,75,,1
L1-L2,114,77,,1
L1-L2,114,86,,1
L1-L2,114,94,,1
L1-L2,114,97,,1
L1-L2,114,98,,1
L1-L2,114,100,,1
L1-L2,114,101,,1
L1-L2,114,102,,1
L1-L2,114,105,,1
L1-L2,114,106,,1
L1-L2,114,110,,1
L1-L2,114,113,,1
L1-L2,114,114,,1
L1-L2,114,118,,1
L1-L2,114,123,,1
L1-L2,114,124,,1
L1-L2,114,125,,1
L1-L2,114,126,,1
L1-L2,114,128,,1
L1-L2,114,130,,1
L1-L2,114,132,,1
L1-L2,114,135,,1
L1-L2,114,136,,1
L1-L2,114,139,,1
L1-L2,114,145,,1
L1-L2,114,146,,1
L1-L2,114,150,,1
L1-L2,114,152,,1
L1-L2,114,156,,1
L1-L2,114,157,,1
L1-L2,114,158,,1
L1-L2,114,162,,1
L1-L2,114,164,,1
L1-L2,114,169,,1
L1-L2,114,171,,1
L1-L2,114,173,,1
L1-L2,114,175,,1
L1-L2,114,177,,1
L1-L2,114,179,,1
L1-L2,114,183,,1
L1-L2,114,188,,1
L1-L2,114,191,,1
L1-L2,114,192,,1
L1-L2,114,194,,1
L1-L2,114,196,,1
L1-L2,114,200,,1
L1-L2,114,202,,1
L1-L2,114,205,,1
L1-L2,114,206,,1
L1-L2,114,210,,1
L1-L2,114,211,,1
L1-L2,114,212,,1
L1-L2,114,214,,1
L1-L2,114,216,,1
L1-L2,114,220,,1
L1-L2,114,224,,1
L1-L2,114,230,,1
L1-L2,114,235,,1
L1-L2,114,237,,1
L1-L2,114,239,,1
L1-L2,114,241,,1
L1-L2,114,242,,1
L1-L2,114,243,,1
L1-L2,114,244,,1
L1-L2,114,245,,1
L1-L2,114,248,,1
L1-L2,114,249,,1
L1-L2,114,250,,1
L1-L2,115,1,,1
L1-L2,115,3,,1
L1-L2,115,6,,1
L1-L2,115,9,,1
L1-L2,115,10,,1
L1-L2,115,11,,1
L1-L2,115,12,,1
L1-L2,115,13,,1
L1-L2,115,14,,1
L1-L2,115,16,,1
L1-L2,115,19,,1
L1-L2,115,22,,1
L1-L2,115,25,,1
L1-L2,115,26,,1
L1-L2,115,27,,1
L1-L2,115,31,,1
L1-L2,115,32,,1
L1-L2,115,33,,1
L1-L2,115,34,,1
L1-L2,115,35,,1
L1-L2,115,37,,1
L1-L2,115,38,,1
L1-L2,115,41,,1
L1-L2,115,42,,1
L1-L2,115,46,,1
L1-L2,115,49,,1
L1-L2,115,50,,1
L1-L2,115,53,,1
L1-L2,115,54,,1
L1-L2,115,55,,1
L1-L2,115,58,,1
L1-L2,115,60,,1
L1-L2,115,64,,1
L1-L2,115,65,,1
L1-L2,115,66,,1
L1-L2,115,68,,1
L1-L2,115,69,,1
L1-L2,115,70,,1
L1-L2,115,72,,1
L1-L2,115,73,,1
L1-L2,115,75,,1
L1-L2,115,80,,1
L1-L2,115,81,,1
L1-L2,115,83,,1
L1-L2,115,84,,1
L1-L2,115,89,,1
L1-L2,115,90,,1
L1-L2,115,92,,1
L1-L2,115,95,,1
L1-L2,115,98,,1
L1-L2,115,99,,1
L1-L2,115,103,,1
L1-L2,115,107,,1
L1-L2,115,109,,1
L1-L2,115,115,,1
L1-L2,115,117,,1
L1-L2,115,121,,1
L1-L2,115,122,,1
L1-L2,115,123,,1
L1-L2,115,125,,1
L1-L2,115,126,,1
L1-L2,115,129,,1
L1-L2,115,130,,1
L1-L2,115,131,,1
L1-L2,115,132,,1
L1-L2,115,134,,1
L1-L2,115,139,,1
L1-L2,115,142,,1
L1-L2,115,144,,1
L1-L2,115,146,,1
L1-L2,115,147,,1
L1-L2,115,148,,1
L1-L2,115,152,,1
L1-L2,115,154,,1
L1-L2,115,160,,1
L1-L2,115,161,,1
L1-L2,115,164,,1
L1-L2,115,168,,1
L1-L2,115,171,,1
L1-L2,115,172,,1
L1-L2,115,174,,1
L1-L2,115,175,,1
L1-L2,115,176,,1
L1-L2,115,178,,1
L1-L2,115,179,,1
L1-L2,115,181,,1
L1-L2,115,185,,1
L1-L2,115,193,,1
L1-L2,115,194,,1
L1-L2,115,196,,1
L1-L2,115,198,,1
L1-L2,115,202,,1
L1-L2,115,204,,1
L1-L2,115,205,,1
L1-L2,115,207,,1
L1-L2,115,208,,1
L1-L2,115,214,,1
L1-L2,115,215,,1
L1-L2,115,216,,1
L1-L2,115,221,,1
L1-L2,115,224,,1
L1-L2,115,225,,1
L1-L2,115,229,,1
L1-L2,115,230,,1
L1-L2,115,231,,1
L1-L2,115,232,,1
L1-L2,115,238,,1
L1-L2,115,241,,1
L1-L2,115,244,,1
L1-L2,115,245,,1
L1-L2,115,246,,1
L1-L2,115,247,,1
L1-L2,115,248,,1
L1-L2,115,249,,1
L1-L2,115,250,,1
L1-L2,115,253,,1
L1-L2,115,254,,1
L1-L2,116,0,,1
L1-L2,116,11,,1
L1-L2,116,12,,1
L1-L2,116,14,,1
L1-L2,116,17,,1
L1-L2,116,18,,1
L1-L2,116,20,,1
L1-L2,116,21,,1
L1-L2,116,24,,1
L1-L2,116,27,,1
L1-L2,116,31,,1
L1-L2,116,39,,1
L1-L2,116,40,,1
L1-L2,116,43,,1
L1-L2,116,46,,1
L1-L2,116,47,,1
L1-L2,116,49,,1
L1-L2,116,51,,1
L1-L2,116,54,,1
L1-L2,116,57,,1
L1-L2,116,60,,1
L1-L2,116,63,,1
L1-L2,116,65,,1
L1-L2,116,68,,1
L1-L2,116,69,,1
L1-L2,116,72,,1
L1-L2,116,73,,1
L1-L2,116,74,,1
L1-L2,116,75,,1
L1-L2,116,77,,1
L1-L2,116,79,,1
L1-L2,116,80,,1
L1-L2,116,84,,1
L1-L2,116,86,,1
L1-L2,116,91,,1
L1-L2,116,93,,1
L1-L2,116,95,,1
L1-L2,116,96,,1
L1-L2,116,98,,1
L1-L2,116,99,,1
L1-L2,116,100,,1
L1-L2,116,101,,1
L1-L2,116,102,,1
L1-L2,116,103,,1
L1-L2,116,112,,1
L1-L2,116,113,,1
L1-L2,116,114,,1
L1-L2,116,121,,1
L1-L2,116,129,,1
L1-L2,116,130,,1
L1-L2,116,131,,1
L1-L2,116,136,,1
L1-L2,116,137,,1
L1-L2,116,139,,1
L1-L2,116,140,,1
L1-L2,116,142,,1
L1-L2,116,145,,1
L1-L2,116,146,,1
L1-L2,116,147,,1
L1-L2,116,148,,1
L1-L2,116,149,,1
L1-L2,116,152,,1
L1-L2,116,157,,1
L1-L2,116,158,,1
L1-L2,116,160,,1
L1-L2,116,162,,1
L1-L2,116,164,,1
L1-L2,116,165,,1
L1-L2,116,166,,1
L1-L2,116,174,,1
L1-L2,116,180,,1
L1-L2,116,182,,1
L1-L2,116,185,,1
L1-L2,116,186,,1
L1-L2,116,187,,1
L1-L2,116,188,,1
L1-L2,116,191,,1
L1-L2,116,195,,1
L1-L2,116,197,,1
L1-L2,116,204,,1
L1-L2,116,209,,1
L1-L2,116,210,,1
L1-L2,116,211,,1
L1-L2,116,213,,1
L1-L2,116,217,,1
L1-L2,116,218,,1
L1-L2,116,221,,1
L1-L2,116,223,,1
L1-L2,116,224,,1
L1-L2,116,225,,1
L1-L2,116,227,,1
L1-L2,116,228,,1
L1-L2,116,231,,1
L1-L2,116,232,,1
L1-L2,116,234,,1
L1-L2,116,236,,1
L1-L2,116,239,,1
L1-L2,116,241,,1
L1-L2,116,242,,1
L1-L2,116,243,,1
L1-L2,116,244,,1
L1-L2,116,246,,1
L1-L2,116,248,,1
L1-L2,116,249,,1
L1-L2,116,250,,1
L1-L2,116,251,,1
L1-L2,117,4,,1
L1-L2,117,8,,1
L1-L2,117,12,,1
L1-L2,117,13,,1
L1-L2,117,17,,1
L1-L2,117,18,,1
L1-L2,117,19,,1
L1-L2,117,22,,1
L1-L2,117,23,,1
L1-L2,117,25,,1
L1-L2,117,31,,1
L1-L2,117,42,,1
L1-L2,117,48,,1
L1-L2,117,49,,1
L1-L2,117,50,,1
L1-L2,117,51,,1
L1-L2,117,62,,1
L1-L2,117,73,,1
L1-L2,117,76,,1
L1-L2,117,77,,1
L1-L2,117,82,,1
L1-L2,117,87,,1
L1-L2,117,88,,1
L1-L2,117,91,,1
L1-L2,117,92,,1
L1-L2,117,94,,1
L1-L2,117,97,,1
L1-L2,117,98,,1
L1-L2,117,104,,1
L1-L2,117,106,,1
L1-L2,117,107,,1
L1-L2,117,114,,1
L1-L2,117,119,,1
L1-L2,117,123,,1
L1-L2,117,124,,1
L1-L2,117,125,,1
L1-L2,117,126,,1
L1-L2,117,131,,1
L1-L2,117,135,,1
L1-L2,117,137,,1
L1-L2,117,141,,1
L1-L2,117,145,,1
L1-L2,117,155,,1
L1-L2,117,158,,1
L1-L2,117,160,,1
L1-L2,117,162,,1
L1-L2,117,165,,1
L1-L2,117,169,,1
L1-L2,117,174,,1
L1-L2,117,175,,1
L1-L2,117,180,,1
L1-L2,117,182,,1
L1-L2,117,184,,1
L1-L2,117,186,,1
L1-L2,117,187,,1
L1-L2,117,188,,1
L1-L2,117,191,,1
L1-L2,117,194,,1
L1-L2,117,198,,1
L1-L2,117,204,,1
L1-L2,117,205,,1
L1-L2,117,206,,1
L1-L2,117,207,,1
L1-L2,117,210,,1
L1-L2,117,211,,1
L1-L2,117,212,,1
L1-L2,117,217,,1
L1-L2,117,218,,1
L1-L2,117,221,,1
L1-L2,117,222,,1
L1-L2,117,223,,1
L1-L2,117,226,,1
L1-L2,117,228,,1
L1-L2,117,230,,1
L1-L2,117,231,,1
L1-L2,117,233,,1
L1-L2,117,235,,1
L1-L2,117,239,,1
L1-L2,117,241,,1
L1-L2,117,244,,1
L1-L2,117,245,,1
L1-L2,117,253,,1
L1-L2,118,1,,1
L1-L2,118,5,,1
L1-L2,118,6,,1
L1-L2,118,8,,1
L1-L2,118,11,,1
L1-L2,118,14,,1
L1-L2,118,15,,1
L1-L2,118,17,,1
L1-L2,118,20,,1
L1-L2,118,21,,1
L1-L2,118,23,,1
L1-L2,118,26,,1
L1-L2,118,27,,1
L1-L2,118,28,,1
L1-L2,118,30,,1
L1-L2,118,32,,1
L1-L2,118,35,,1
L1-L2,118,36,,1
L1-L2,118,38,,1
L1-L2,118,40,,1
L1-L2,118,46,,1
L1-L2,118,47,,1
L1-L2,118,49,,1
L1-L2,118,53,,1
L1-L2,118,58,,1
L1-L2,118,60,,1
L1-L2,118,62,,1
L1-L2,118,63,,1
L1-L2,118,65,,1
L1-L2,118,69,,1
L1-L2,118,72,,1
L1-L2,118,73,,1
L1-L2,118,74,,1
L1-L2,118,77,,1
L1-L2,118,78,,1
L1-L2,118,80,,1
L1-L2,118,83,,1
L1-L2,118,86,,1
L1-L2,118,88,,1
L1-L2,118,93,,1
L1-L2,118,98,,1
L1-L2,118,100,,1
L1-L2,118,103,,1
L1-L2,118,106,,1
L1-L2,118,107,,1
L1-L2,118,111,,1
L1-L2,118,113,,1
L1-L2,118,114,,1
L1-L2,118,115,,1
L1-L2,118,118,,1
L1-L2,118,121,,1
L1-L2,118,122,,1
L1-L2,118,131,,1
L1-L2,118,134,,1
L1-L2,118,135,,1
L1-L2,118,138,,1
L1-L2,118,141,,1
L1-L2,118,147,,1
L1-L2,118,150,,1
L1-L2,118,153,,1
L1-L2,118,154,,1
L1-L2,118,160,,1
L1-L2,118,163,,1
L1-L2,118,167,,1
L1-L2,118,168,,1
L1-L2,118,169,,1
L1-L2,118,170,,1
L1-L2,118,172,,1
L1-L2,118,176,,1
L1-L2,118,178,,1
L1-L2,118,179,,1
L1-L2,118,183,,1
L1-L2,118,186,,1
L1-L2,118,188,,1
L1-L2,118,193,,1
L1-L2,118,195,,1
L1-L2,118,197,,1
L1-L2,118,198,,1
L1-L2,118,200,,1
L1-L2,118,202,,1
L1-L2,118,204,,1
L1-L2,118,207,,1
L1-L2,118,215,,1
L1-L2,118,217,,1
L1-L2,118,218,,1
L1-L2,118,221,,1
L1-L2,118,224,,1
L1-L2,118,225,,1
L1-L2,118,226,,1
L1-L2,118,229,,1
L1-L2,118,233,,1
L1-L2,118,234,,1
L1-L2,118,235,,1
L1-L2,118,237,,1
L1-L2,118,238,,1
L1-L2,118,242,,1
L1-L2,118,245,,1
L1-L2,118,247,,1
L1-L2,118,248,,1
L1-L2,118,249,,1
L1-L2,118,252,,1
L1-L2,118,254,,1
L1-L2,119,2,,1
L1-L2,119,4,,1
L1-L2,119,11,,1
L1-L2,119,14,,1
L1-L2,119,24,,1
L1-L2,119,26,,1
L1-L2,119,29,,1
L1-L2,119,32,,1
L1-L2,119,36,,1
L1-L2,119,42,,1
L1-L2,119,54,,1
L1-L2,119,64,,1
L1-L2,119,68,,1
L1-L2,119,69,,1
L1-L2,119,71,,1
L1-L2,119,73,,1
L1-L2,119,83,,1
L1-L2,119,86,,1
L1-L2,119,90,,1
L1-L2,119,93,,1
L1-L2,119,94,,1
L1-L2,119,95,,1
L1-L2,119,98,,1
L1-L2,119,99,,1
L1-L2,119,104,,1
L1-L2,119,110,,1
L1-L2,119,111,,1
L1-L2,119,112,,1
L1-L2,119,122,,1
L1-L2,119,129,,1
L1-L2,119,132,,1
L1-L2,119,134,,1
L1-L2,119,135,,1
L1-L2,119,148,,1
L1-L2,119,149,,1
L1-L2,119,150,,1
L1-L2,119,155,,1
L1-L2,119,160,,1
L1-L2,119,165,,1
L1-L2,119,167,,1
L1-L2,119,169,,1
L1-L2,119,170,,1
L1-L2,119,171,,1
L1-L2,119,173,,1
L1-L2,119,175,,1
L1-L2,119,176,,1
L1-L2,119,178,,1
L1-L2,119,179,,1
L1-L2,119,182,,1
L1-L2,119,186,,1
L1-L2,119,195,,1
L1-L2,119,196,,1
L1-L2,119,200,,1
L1-L2,119,202,,1
L1-L2,119,203,,1
L1-L2,119,204,,1
L1-L2,119,205,,1
L1-L2,119,207,,1
L1-L2,119,209,,1
L1-L2,119,212,,1
L1-L2,119,213,,1
L1-L2,119,218,,1
L1-L2,119,219,,1
L1-L2,119,220,,1
L1-L2,119,222,,1
L1-L2,119,223,,1
L1-L2,119,225,,1
L1-L2,119,226,,1
L1-L2,119,231,,1
L1-L2,119,235,,1
L1-L2,119,237,,1
L1-L2,119,250,,1
L1-L2,119,254,,1
L1-L2,119,255,,1
L1-L2,120,2,,1
L1-L2,120,7,,1
L1-L2,120,9,,1
L1-L2,120,25,,1
L1-L2,120,26,,1
L1-L2,120,32,,1
L1-L2,120,35,,1
L1-L2,120,36,,1
L1-L2,120,37,,1
L1-L2,120,39,,1
L1-L2,120,40,,1
L1-L2,120,44,,1
L1-L2,120,45,,1
L1-L2,120,47,,1
L1-L2,120,50,,1
L1-L2,120,54,,1
L1-L2,120,57,,1
L1-L2,120,60,,1
L1-L2,120,62,,1
L1-L2,120,65,,1
L1-L2,120,67,,1
L1-L2,120,69,,1
L1-L2,120,72,,1
L1-L2,120,74,,1
L1-L2,120,77,,1
L1-L2,120,80,,1
L1-L2,120,81,,1
L1-L2,120,84,,1
L1-L2,120,88,,1
L1-L2,120,89,,1
L1-L2,120,92,,1
L1-L2,120,93,,1
L1-L2,120,95,,1
L1-L2,120,97,,1
L1-L2,120,99,,1
L1-L2,120,100,,1
L1-L2,120,105,,1
L1-L2,120,108,,1
L1-L2,120,111,,1
L1-L2,120,112,,1
L1-L2,120,113,,1
L1-L2,120,117,,1
L1-L2,120,119,,1
L1-L2,120,128,,1
L1-L2,120,139,,1
L1-L2,120,140,,1
L1-L2,120,141,,1
L1-L2,120,145,,1
L1-L2,120,147,,1
L1-L2,120,148,,1
L1-L2,120,149,,1
L1-L2,120,150,,1
L1-L2,120,151,,1
L1-L2,120,157,,1
L1-L2,120,158,,1
L1-L2,120,161,,1
L1-L2,120,164,,1
L1-L2,120,165,,1
L1-L2,120,171,,1
L1-L2,120,174,,1
L1-L2,120,177,,1
L1-L2,120,178,,1
L1-L2,120,186,,1
L1-L2,120,195,,1
L1-L2,120,196,,1
L1-L2,120,200,,1
L1-L2,120,205,,1
L1-L2,120,206,,1
L1-L2,120,208,,1
L1-L2,120,211,,1
L1-L2,120,212,,1
L1-L2,120,213,,1
L1-L2,120,216,,1
L1-L2,120,217,,1
L1-L2,120,219,,1
L1-L2,120,222,,1
L1-L2,120,230,,1
L1-L2,120,233,,1
L1-L2,120,236,,1
L1-L2,120,239,,1
L1-L2,120,241,,1
L1-L2,120,247,,1
L1-L2,120,248,,1
L1-L2,120,250,,1
L1-L2,120,252,,1
L1-L2,121,1,,1
L1-L2,121,3,,1
L1-L2,121,8,,1
L1-L2,121,9,,1
L1-L2,121,16,,1
L1-L2,121,25,,1
L1-L2,121,27,,1
L1-L2,121,32,,1
L1-L2,121,38,,1
L1-L2,121,41,,1
L1-L2,121,43,,1
L1-L2,121,47,,1
L1-L2,121,50,,1
L1-L2,121,57,,1
L1-L2,121,60,,1
L1-L2,121,61,,1
L1-L2,121,62,,1
L1-L2,121,64,,1
L1-L2,121,68,,1
L1-L2,121,69,,1
L1-L2,121,71,,1
L1-L2,121,79,,1
L1-L2,121,83,,1
L1-L2,121,94,,1
L1-L2,121,105,,1
L1-L2,121,114,,1
L1-L2,121,116,,1
L1-L2,121,118,,1
L1-L2,121,120,,1
L1-L2,121,127,,1
L1-L2,121,134,,1
L1-L2,121,135,,1
L1-L2,121,136,,1
L1-L2,121,139,,1
L1-L2,121,144,,1
L1-L2,121,145,,1
L1-L2,121,146,,1
L1-L2,121,148,,1
L1-L2,121,153,,1
L1-L2,121,155,,1
L1-L2,121,161,,1
L1-L2,121,162,,1
L1-L2,121,168,,1
L1-L2,121,171,,1
L1-L2,121,172,,1
L1-L2,121,176,,1
L1-L2,121,179,,1
L1-L2,121,181,,1
L1-L2,121,182,,1
L1-L2,121,183,,1
L1-L2,121,185,,1
L1-L2,121,186,,1
L1-L2,121,187,,1
L1-L2,121,191,,1
L1-L2,121,194,,1
L1-L2,121,195,,1
L1-L2,121,197,,1
L1-L2,121,198,,1
L1-L2,121,200,,1
L1-L2,121,202,,1
L1-L2,121,205,,1
L1-L2,121,207,,1
L1-L2,121,208,,1
L1-L2,121,209,,1
L1-L2,121,211,,1
L1-L2,121,215,,1
L1-L2,121,216,,1
L1-L2,121,221,,1
L1-L2,121,224,,1
L1-L2,121,231,,1
L1-L2,121,236,,1
L1-L2,121,238,,1
L1-L2,121,239,,1
L1-L2,121,240,,1
L1-L2,121,243,,1
L1-L2,121,244,,1
L1-L2,121,245,,1
L1-L2,121,248,,1
L1-L2,121,251,,1
L1-L2,121,252,,1
L1-L2,121,253,,1
L1-L2,122,3,,1
L1-L2,122,7,,1
L1-L2,122,14,,1
L1-L2,122,15,,1
L1-L2,122,17,,1
L1-L2,122,23,,1
L1-L2,122,28,,1
L1-L2,122,30,,1
L1-L2,122,32,,1
L1-L2,122,36,,1
L1-L2,122,37,,1
L1-L2,122,39,,1
L1-L2,122,40,,1
L1-L2,122,42,,1
L1-L2,122,48,,1
L1-L2,122,53,,1
L1-L2,122,59,,1
L1-L2,122,61,,1
L1-L2,122,70,,1
L1-L2,122,82,,1
L1-L2,122,83,,1
L1-L2,122,85,,1
L1-L2,122,92,,1
L1-L2,122,93,,1
L1-L2,122,97,,1
L1-L2,122,101,,1
L1-L2,122,102,,1
L1-L2,122,103,,1
L1-L2,122,106,,1
L1-L2,122,107,,1
L1-L2,122,108,,1
L1-L2,122,111,,1
L1-L2,122,116,,1
L1-L2,122,117,,1
L1-L2,122,119,,1
L1-L2,122,120,,1
L1-L2,122,122,,1
L1-L2,122,124,,1
L1-L2,122,125,,1
L1-L2,122,132,,1
L1-L2,122,139,,1
L1-L2,122,140,,1
L1-L2,122,141,,1
L1-L2,122,143,,1
L1-L2,122,145,,1
L1-L2,122,147,,1
L1-L2,122,148,,1
L1-L2,122,149,,1
L1-L2,122,152,,1
L1-L2,122,157,,1
L1-L2,122,160,,1
L1-L2,122,162,,1
L1-L2,122,163,,1
L1-L2,122,167,,1
L1-L2,122,168,,1
L1-L2,122,170,,1
L1-L2,122,171,,1
L1-L2,122,173,,1
L1-L2,122,174,,1
L1-L2,122,175,,1
L1-L2,122,177,,1
L1-L2,122,179,,1
L1-L2,122,180,,1
L1-L2,122,181,,1
L1-L2,122,182,,1
L1-L2,122,184,,1
L1-L2,122,187,,1
L1-L2,122,190,,1
L1-L2,122,193,,1
L1-L2,122,197,,1
L1-L2,122,198,,1
L1-L2,122,200,,1
L1-L2,122,205,,1
L1-L2,122,209,,1
L1-L2,122,210,,1
L1-L2,122,211,,1
L1-L2,122,233,,1
L1-L2,122,235,,1
L1-L2,122,236,,1
L1-L2,122,238,,1
L1-L2,122,242,,1
L1-L2,122,243,,1
L1-L2,122,245,,1
L1-L2,122,246,,1
L1-L2,122,250,,1
L1-L2,122,253,,1
L1-L2,122,254,,1
L1-L2,122,255,,1
L1-L2,123,1,,1
L1-L2,123,2,,1
L1-L2,123,4,,1
L1-L2,123,5,,1
L1-L2,123,7,,1
L1-L2,123,8,,1
L1-L2,123,11,,1
L1-L2,123,12,,1
L1-L2,123,15,,1
L1-L2,123,17,,1
L1-L2,123,22,,1
L1-L2,123,25,,1
L1-L2,123,28,,1
L1-L2,123,29,,1
L1-L2,123,31,,1
L1-L2,123,46,,1
L1-L2,123,51,,1
L1-L2,123,52,,1
L1-L2,123,53,,1
L1-L2,123,55,,1
L1-L2,123,58,,1
L1-L2,123,60,,1
L1-L2,123,61,,1
L1-L2,123,62,,1
L1-L2,123,66,,1
L1-L2,123,68,,1
L1-L2,123,69,,1
L1-L2,123,71,,1
L1-L2,123,72,,1
L1-L2,123,74,,1
L1-L2,123,82,,1
L1-L2,123,84,,1
L1-L2,123,85,,1
L1-L2,123,87,,1
L1-L2,123,91,,1
L1-L2,123,94,,1
L1-L2,123,95,,1
L1-L2,123,99,,1
L1-L2,123,101,,1
L1-L2,123,105,,1
L1-L2,123,110,,1
L1-L2,123,116,,1
L1-L2,123,117,,1
L1-L2,123,120,,1
L1-L2,123,123,,1
L1-L2,123,124,,1
L1-L2,123,126,,1
L1-L2,123,137,,1
L1-L2,123,138,,1
L1-L2,123,142,,1
L1-L2,123,144,,1
L1-L2,123,146,,1
L1-L2,123,147,,1
L1-L2,123,149,,1
L1-L2,123,150,,1
L1-L2,123,152,,1
L1-L2,123,153,,1
L1-L2,123,157,,1
L1-L2,123,158,,1
L1-L2,123,159,,1
L1-L2,123,161,,1
L1-L2,123,162,,1
L1-L2,123,163,,1
L1-L2,123,164,,1
L1-L2,123,165,,1
L1-L2,123,166,,1
L1-L2,123,172,,1
L1-L2,123,174,,1
L1-L2,123,175,,1
L1-L2,123,182,,1
L1-L2,123,183,,1
L1-L2,123,188,,1
L1-L2,123,189,,1
L1-L2,123,190,,1
L1-L2,123,191,,1
L1-L2,123,196,,1
L1-L2,123,201,,1
L1-L2,123,202,,1
L1-L2,123,207,,1
L1-L2,123,208,,1
L1-L2,123,212,,1
L1-L2,123,214,,1
L1-L2,123,217,,1
L1-L2,123,223,,1
L1-L2,123,225,,1
L1-L2,123,226,,1
L1-L2,123,229,,1
L1-L2,123,233,,1
L1-L2,123,235,,1
L1-L2,123,236,,1
L1-L2,123,238,,1
L1-L2,123,241,,1
L1-L2,123,242,,1
L1-L2,123,246,,1
L1-L2,123,250,,1
L1-L2,123,251,,1
L1-L2,123,252,,1
L1-L2,123,253,,1
L1-L2,123,255,,1
L1-L2,124,0,,1
L1-L2,124,2,,1
L1-L2,124,3,,1
L1-L2,124,5,,1
L1-L2,124,6,,1
L1-L2,124,9,,1
L1-L2,124,12,,1
L1-L2,124,16,,1
L1-L2,124,17,,1
L1-L2,124,20,,1
L1-L2,124,22,,1
L1-L2,124,26,,1
L1-L2,124,30,,1
L1-L2,124,34,,1
L1-L2,124,37,,1
L1-L2,124,38,,1
L1-L2,124,41,,1
L1-L2,124,44,,1
L1-L2,124,45,,1
L1-L2,124,46,,1
L1-L2,124,50,,1
L1-L2,124,56,,1
L1-L2,124,58,,1
L1-L2,124,59,,1
L1-L2,124,62,,1
L1-L2,124,64,,1
L1-L2,124,66,,1
L1-L2,124,71,,1
L1-L2,124,74,,1
L1-L2,124,77,,1
L1-L2,124,78,,1
L1-L2,124,79,,1
L1-L2,124,80,,1
L1-L2,124,82,,1
L1-L2,124,84,,1
L1-L2,124,87,,1
L1-L2,124,89,,1
L1-L2,124,90,,1
L1-L2,124,91,,1
L1-L2,124,93,,1
L1-L2,124,94,,1
L1-L2,124,95,,1
L1-L2,124,105,,1
L1-L2,124,109,,1
L1-L2,124,117,,1
L1-L2,124,118,,1
L1-L2,124,120,,1
L1-L2,124,121,,1
L1-L2,124,123,,1
L1-L2,124,124,,1
L1-L2,124,125,,1
L1-L2,124,126,,1
L1-L2,124,129,,1
L1-L2,124,130,,1
L1-L2,124,131,,1
L1-L2,124,132,,1
L1-L2,124,133,,1
L1-L2,124,134,,1
L1-L2,124,135,,1
L1-L2,124,136,,1
L1-L2,124,137,,1
L1-L2,124,138,,1
L1-L2,124,140,,1
L1-L2,124,142,,1
L1-L2,124,145,,1
L1-L2,124,146,,1
L1-L2,124,153,,1
L1-L2,124,155,,1
L1-L2,124,159,,1
L1-L2,124,160,,1
L1-L2,124,163,,1
L1-L2,124,165,,1
L1-L2,124,167,,1
L1-L2,124,169,,1
L1-L2,124,170,,1
L1-L2,124,172,,1
L1-L2,124,175,,1
L1-L2,124,176,,1
L1-L2,124,178,,1
L1-L2,124,179,,1
L1-L2,124,181,,1
L1-L2,124,182,,1
L1-L2,124,183,,1
L1-L2,124,186,,1
L1-L2,124,187,,1
L1-L2,124,188,,1
L1-L2,124,192,,1
L1-L2,124,195,,1
L1-L2,124,196,,1
L1-L2,124,197,,1
L1-L2,124,198,,1
L1-L2,124,199,,1
L1-L2,124,200,,1
L1-L2,124,201,,1
L1-L2,124,204,,1
L1-L2,124,208,,1
L1-L2,124,209,,1
L1-L2,124,210,,1
L1-L2,124,212,,1
L1-L2,124,213,,1
L1-L2,124,214,,1
L1-L2,124,216,,1
L1-L2,124,217,,1
L1-L2,124,219,,1
L1-L2,124,220,,1
L1-L2,124,221,,1
L1-L2,124,222,,1
L1-L2,124,223,,1
L1-L2,124,225,,1
L1-L2,124,229,,1
L1-L2,124,231,,1
L1-L2,124,234,,1
L1-L2,124,235,,1
L1-L2,124,237,,1
L1-L2,124,238,,1
L1-L2,124,239,,1
L1-L2,124,240,,1
L1-L2,124,241,,1
L1-L2,124,242,,1
L1-L2,124,255,,1
L1-L2,125,2,,1
L1-L2,125,6,,1
L1-L2,125,8,,1
L1-L2,125,10,,1
L1-L2,125,11,,1
L1-L2,125,12,,1
L1-L2,125,19,,1
L1-L2,125,20,,1
L1-L2,125,21,,1
L1-L2,125,26,,1
L1-L2,125,29,,1
L1-L2,125,30,,1
L1-L2,125,38,,1
L1-L2,125,39,,1
L1-L2,125,41,,1
L1-L2,125,43,,1
L1-L2,125,44,,1
L1-L2,125,46,,1
L1-L2,125,54,,1
L1-L2,125,56,,1
L1-L2,125,59,,1
L1-L2,125,61,,1
L1-L2,125,63,,1
L1-L2,125,65,,1
L1-L2,125,68,,1
L1-L2,125,76,,1
L1-L2,125,77,,1
L1-L2,125,78,,1
L1-L2,125,80,,1
L1-L2,125,81,,1
L1-L2,125,82,,1
L1-L2,125,86,,1
L1-L2,125,92,,1
L1-L2,125,97,,1
L1-L2,125,98,,1
L1-L2,125,101,,1
L1-L2,125,102,,1
L1-L2,125,104,,1
L1-L2,125,106,,1
L1-L2,125,107,,1
L1-L2,125,111,,1
L1-L2,125,113,,1
L1-L2,125,116,,1
L1-L2,125,117,,1
L1-L2,125,119,,1
L1-L2,125,120,,1
L1-L2,125,121,,1
L1-L2,125,125,,1
L1-L2,125,134,,1
L1-L2,125,138,,1
L1-L2,125,139,,1
L1-L2,125,142,,1
L1-L2,125,143,,1
L1-L2,125,149,,1
L1-L2,125,152,,1
L1-L2,125,153,,1
L1-L2,125,154,,1
L1-L2,125,163,,1
L1-L2,125,166,,1
L1-L2,125,169,,1
L1-L2,125,172,,1
L1-L2,125,175,,1
L1-L2,125,176,,1
L1-L2,125,177,,1
L1-L2,125,179,,1
L1-L2,125,180,,1
L1-L2,125,182,,1
L1-L2,125,185,,1
L1-L2,125,194,,1
L1-L2,125,196,,1
L1-L2,125,199,,1
L1-L2,125,201,,1
L1-L2,125,203,,1
L1-L2,125,207,,1
L1-L2,125,208,,1
L1-L2,125,211,,1
L1-L2,125,212,,1
L1-L2,125,215,,1
L1-L2,125,216,,1
L1-L2,125,218,,1
L1-L2,125,220,,1
L1-L2,125,221,,1
L1-L2,125,223,,1
L1-L2,125,226,,1
L1-L2,125,229,,1
L1-L2,125,234,,1
L1-L2,125,236,,1
L1-L2,125,237,,1
L1-L2,125,238,,1
L1-L2,125,239,,1
L1-L2,125,240,,1
L1-L2,125,242,,1
L1-L2,125,244,,1
L1-L2,125,245,,1
L1-L2,125,247,,1
L1-L2,125,252,,1
L1-L2,125,255,,1
L1-L2,126,4,,1
L1-L2,126,5,,1
L1-L2,126,11,,1
L1-L2,126,20,,1
L1-L2,126,28,,1
L1-L2,126,29,,1
L1-L2,126,30,,1
L1-L2,126,31,,1
L1-L2,126,32,,1
L1-L2,126,33,,1
L1-L2,126,34,,1
L1-L2,126,37,,1
L1-L2,126,40,,1
L1-L2,126,42,,1
L1-L2,126,48,,1
L1-L2,126,49,,1
L1-L2,126,53,,1
L1-L2,126,54,,1
L1-L2,126,57,,1
L1-L2,126,58,,1
L1-L2,126,61,,1
L1-L2,126,62,,1
L1-L2,126,70,,1
L1-L2,126,72,,1
L1-L2,126,73,,1
L1-L2,126,74,,1
L1-L2,126,76,,1
L1-L2,126,83,,1
L1-L2,126,85,,1
L1-L2,126,88,,1
L1-L2,126,89,,1
L1-L2,126,90,,1
L1-L2,126,94,,1
L1-L2,126,95,,1
L1-L2,126,97,,1
L1-L2,126,99,,1
L1-L2,126,100,,1
L1-L2,126,102,,1
L1-L2,126,104,,1
L1-L2,126,105,,1
L1-L2,126,112,,1
L1-L2,126,113,,1
L1-L2,126,114,,1
L1-L2,126,119,,1
L1-L2,126,121,,1
L1-L2,126,122,,1
L1-L2,126,123,,1
L1-L2,126,124,,1
L1-L2,126,126,,1
L1-L2,126,130,,1
L1-L2,126,131,,1
L1-L2,126,133,,1
L1-L2,126,134,,1
L1-L2,126,136,,1
L1-L2,126,141,,1
L1-L2,126,143,,1
L1-L2,126,144,,1
L1-L2,126,147,,1
L1-L2,126,148,,1
L1-L2,126,151,,1
L1-L2,126,152,,1
L1-L2,126,157,,1
L1-L2,126,158,,1
L1-L2,126,162,,1
L1-L2,126,164,,1
L1-L2,126,165,,1
L1-L2,126,167,,1
L1-L2,126,168,,1
L1-L2,126,172,,1
L1-L2,126,174,,1
L1-L2,126,176,,1
L1-L2,126,177,,1
L1-L2,126,179,,1
L1-L2,126,181,,1
L1-L2,126,182,,1
L1-L2,126,186,,1
L1-L2,126,194,,1
L1-L2,126,195,,1
L1-L2,126,198,,1
L1-L2,126,200,,1
L1-L2,126,201,,1
L1-L2,126,205,,1
L1-L2,126,206,,1
L1-L2,126,211,,1
L1-L2,126,217,,1
L1-L2,126,220,,1
L1-L2,126,221,,1
L1-L2,126,222,,1
L1-L2,126,223,,1
L1-L2,126,224,,1
L1-L2,126,225,,1
L1-L2,126,226,,1
L1-L2,126,227,,1
L1-L2,126,230,,1
L1-L2,126,231,,1
L1-L2,126,236,,1
L1-L2,126,237,,1
L1-L2,126,239,,1
L1-L2,126,240,,1
L1-L2,126,244,,1
L1-L2,126,245,,1
L1-L2,126,247,,1
L1-L2,126,248,,1
L1-L2,126,250,,1
L1-L2,126,251,,1
L1-L2,126,253,,1
L1-L2,126,254,,1
L1-L2,127,0,,1
L1-L2,127,2,,1
L1-L2,127,4,,1
L1-L2,127,5,,1
L1-L2,127,16,,1
L1-L2,127,23,,1
L1-L2,127,29,,1
L1-L2,127,34,,1
L1-L2,127,35,,1
L1-L2,127,42,,1
L1-L2,127,48,,1
L1-L2,127,50,,1
L1-L2,127,64,,1
L1-L2,127,66,,1
L1-L2,127,68,,1
L1-L2,127,70,,1
L1-L2,127,75,,1
L1-L2,127,79,,1
L1-L2,127,82,,1
L1-L2,127,85,,1
L1-L2,127,89,,1
L1-L2,127,91,,1
L1-L2,127,93,,1
L1-L2,127,95,,1
L1-L2,127,99,,1
L1-L2,127,101,,1
L1-L2,127,103,,1
L1-L2,127,104,,1
L1-L2,127,108,,1
L1-L2,127,109,,1
L1-L2,127,110,,1
L1-L2,127,111,,1
L1-L2,127,112,,1
L1-L2,127,113,,1
L1-L2,127,114,,1
L1-L2,127,119,,1
L1-L2,127,123,,1
L1-L2,127,125,,1
L1-L2,127,128,,1
L1-L2,127,129,,1
L1-L2,127,130,,1
L1-L2,127,131,,1
L1-L2,127,134,,1
L1-L2,127,136,,1
L1-L2,127,138,,1
L1-L2,127,139,,1
L1-L2,127,142,,1
L1-L2,127,144,,1
L1-L2,127,145,,1
L1-L2,127,148,,1
L1-L2,127,149,,1
L1-L2,127,150,,1
L1-L2,127,160,,1
L1-L2,127,161,,1
L1-L2,127,164,,1
L1-L2,127,166,,1
L1-L2,127,167,,1
L1-L2,127,168,,1
L1-L2,127,170,,1
L1-L2,127,171,,1
L1-L2,127,173,,1
L1-L2,127,175,,1
L1-L2,127,178,,1
L1-L2,127,180,,1
L1-L2,127,186,,1
L1-L2,127,188,,1
L1-L2,127,189,,1
L1-L2,127,191,,1
L1-L2,127,196,,1
L1-L2,127,197,,1
L1-L2,127,200,,1
L1-L2,127,202,,1
L1-L2,127,205,,1
L1-L2,127,206,,1
L1-L2,127,208,,1
L1-L2,127,210,,1
L1-L2,127,211,,1
L1-L2,127,214,,1
L1-L2,127,216,,1
L1-L2,127,221,,1
L1-L2,127,222,,1
L1-L2,127,224,,1
L1-L2,127,225,,1
L1-L2,127,226,,1
L1-L2,127,227,,1
L1-L2,127,230,,1
L1-L2,127,233,,1
L1-L2,127,237,,1
L1-L2,127,239,,1
L1-L2,127,241,,1
L1-L2,127,242,,1
L1-L2,127,245,,1
L1-L2,127,247,,1
L1-L2,127,251,,1
L1-L2,127,252,,1
L1-L2,127,255,,1
L1-L2,128,1,,1
L1-L2,128,2,,1
L1-L2,128,4,,1
L1-L2,128,5,,1
L1-L2,128,6,,1
L1-L2,128,11,,1
L1-L2,128,12,,1
L1-L2,128,22,,1
L1-L2,128,23,,1
L1-L2,128,24,,1
L1-L2,128,29,,1
L1-L2,128,30,,1
L1-L2,128,32,,1
L1-L2,128,33,,1
L1-L2,128,35,,1
L1-L2,128,37,,1
L1-L2,128,42,,1
L1-L2,128,44,,1
L1-L2,128,45,,1
L1-L2,128,46,,1
L1-L2,128,47,,1
L1-L2,128,49,,1
L1-L2,128,51,,1
L1-L2,128,54,,1
L1-L2,128,57,,1
L1-L2,128,61,,1
L1-L2,128,70,,1
L1-L2,128,71,,1
L1-L2,128,72,,1
L1-L2,128,73,,1
L1-L2,128,74,,1
L1-L2,128,76,,1
L1-L2,128,78,,1
L1-L2,128,80,,1
L1-L2,128,81,,1
L1-L2,128,82,,1
L1-L2,128,85,,1
L1-L2,128,89,,1
L1-L2,128,95,,1
L1-L2,128,98,,1
L1-L2,128,101,,1
L1-L2,128,102,,1
L1-L2,128,105,,1
L1-L2,128,106,,1
L1-L2,128,110,,1
L1-L2,128,113,,1
L1-L2,128,118,,1
L1-L2,128,119,,1
L1-L2,128,122,,1
L1-L2,128,123,,1
L1-L2,128,128,,1
L1-L2,128,129,,1
L1-L2,128,135,,1
L1-L2,128,138,,1
L1-L2,128,142,,1
L1-L2,128,146,,1
L1-L2,128,147,,1
L1-L2,128,148,,1
L1-L2,128,150,,1
L1-L2,128,153,,1
L1-L2,128,161,,1
L1-L2,128,162,,1
L1-L2,128,164,,1
L1-L2,128,167,,1
L1-L2,128,170,,1
L1-L2,128,172,,1
L1-L2,128,174,,1
L1-L2,128,177,,1
L1-L2,128,182,,1
L1-L2,128,183,,1
L1-L2,128,185,,1
L1-L2,128,186,,1
L1-L2,128,187,,1
L1-L2,128,188,,1
L1-L2,128,190,,1
L1-L2,128,191,,1
L1-L2,128,192,,1
L1-L2,128,197,,1
L1-L2,128,199,,1
L1-L2,128,201,,1
L1-L2,128,204,,1
L1-L2,128,206,,1
L1-L2,128,207,,1
L1-L2,128,208,,1
L1-L2,128,209,,1
L1-L2,128,212,,1
L1-L2,128,213,,1
L1-L2,128,214,,1
L1-L2,128,215,,1
L1-L2,128,216,,1
L1-L2,128,219,,1
L1-L2,128,220,,1
L1-L2,128,222,,1
L1-L2,128,223,,1
L1-L2,128,224,,1
L1-L2,128,225,,1
L1-L2,128,226,,1
L1-L2,128,228,,1
L1-L2,128,231,,1
L1-L2,128,233,,1
L1-L2,128,238,,1
L1-L2,128,240,,1
L1-L2,128,243,,1
L1-L2,128,247,,1
L1-L2,128,252,,1
L1-L2,128,255,,1
L1-L2,129,4,,1
L1-L2,129,8,,1
L1-L2,129,14,,1
L1-L2,129,18,,1
L1-L2,129,27,,1
L1-L2,129,30,,1
L1-L2,129,35,,1
L1-L2,129,37,,1
L1-L2,129,38,,1
L1-L2,129,39,,1
L1-L2,129,42,,1
L1-L2,129,46,,1
L1-L2,129,50,,1
L1-L2,129,56,,1
L1-L2,129,58,,1
L1-L2,129,60,,1
L1-L2,129,62,,1
L1-L2,129,66,,1
L1-L2,129,70,,1
L1-L2,129,74,,1
L1-L2,129,76,,1
L1-L2,129,77,,1
L1-L2,129,78,,1
L1-L2,129,80,,1
L1-L2,129,84,,1
L1-L2,129,85,,1
L1-L2,129,86,,1
L1-L2,129,89,,1
L1-L2,129,93,,1
L1-L2,129,101,,1
L1-L2,129,105,,1
L1-L2,129,108,,1
L1-L2,129,111,,1
L1-L2,129,116,,1
L1-L2,129,117,,1
L1-L2,129,120,,1
L1-L2,129,124,,1
L1-L2,129,125,,1
L1-L2,129,126,,1
L1-L2,129,127,,1
L1-L2,129,134,,1
L1-L2,129,137,,1
L1-L2,129,142,,1
L1-L2,129,144,,1
L1-L2,129,147,,1
L1-L2,129,148,,1
L1-L2,129,149,,1
L1-L2,129,154,,1
L1-L2,129,156,,1
L1-L2,129,158,,1
L1-L2,129,159,,1
L1-L2,129,160,,1
L1-L2,129,165,,1
L1-L2,129,166,,1
L1-L2,129,169,,1
L1-L2,129,178,,1
L1-L2,129,179,,1
L1-L2,129,180,,1
L1-L2,129,181,,1
L1-L2,129,183,,1
L1-L2,129,186,,1
L1-L2,129,188,,1
L1-L2,129,191,,1
L1-L2,129,194,,1
L1-L2,129,195,,1
L1-L2,129,196,,1
L1-L2,129,197,,1
L1-L2,129,198,,1
L1-L2,129,199,,1
L1-L2,129,201,,1
L1-L2,129,202,,1
L1-L2,129,205,,1
L1-L2,129,208,,1
L1-L2,129,209,,1
L1-L2,129,211,,1
L1-L2,129,213,,1
L1-L2,129,215,,1
L1-L2,129,217,,1
L1-L2,129,218,,1
L1-L2,129,220,,1
L1-L2,129,226,,1
L1-L2,129,229,,1
L1-L2,129,230,,1
L1-L2,129,232,,1
L1-L2,129,234,,1
L1-L2,129,235,,1
L1-L2,129,236,,1
L1-L2,129,237,,1
L1-L2,129,238,,1
L1-L2,129,239,,1
L1-L2,129,241,,1
L1-L2,129,242,,1
L1-L2,129,248,,1
L1-L2,129,250,,1
L1-L2,129,251,,1
L1-L2,129,252,,1
L1-L2,130,2,,1
L1-L2,130,6,,1
L1-L2,130,7,,1
L1-L2,130,9,,1
L1-L2,130,11,,1
L1-L2,130,20,,1
L1-L2,130,22,,1
L1-L2,130,26,,1
L1-L2,130,30,,1
L1-L2,130,33,,1
L1-L2,130,34,,1
L1-L2,130,36,,1
L1-L2,130,39,,1
L1-L2,130,40,,1
L1-L2,130,45,,1
L1-L2,130,46,,1
L1-L2,130,48,,1
L1-L2,130,54,,1
L1-L2,130,55,,1
L1-L2,130,58,,1
L1-L2,130,68,,1
L1-L2,130,69,,1
L1-L2,130,71,,1
L1-L2,130,73,,1
L1-L2,130,74,,1
L1-L2,130,76,,1
L1-L2,130,79,,1
L1-L2,130,80,,1
L1-L2,130,81,,1
L1-L2,130,82,,1
L1-L2,130,84,,1
L1-L2,130,88,,1
L1-L2,130,92,,1
L1-L2,130,99,,1
L1-L2,130,102,,1
L1-L2,130,109,,1
L1-L2,130,111,,1
L1-L2,130,113,,1
L1-L2,130,114,,1
L1-L2,130,115,,1
L1-L2,130,116,,1
L1-L2,130,118,,1
L1-L2,130,119,,1
L1-L2,130,122,,1
L1-L2,130,124,,1
L1-L2,130,125,,1
L1-L2,130,128,,1
L1-L2,130,131,,1
L1-L2,130,133,,1
L1-L2,130,134,,1
L1-L2,130,137,,1
L1-L2,130,138,,1
L1-L2,130,140,,1
L1-L2,130,143,,1
L1-L2,130,148,,1
L1-L2,130,153,,1
L1-L2,130,155,,1
L1-L2,130,159,,1
L1-L2,130,162,,1
L1-L2,130,167,,1
L1-L2,130,169,,1
L1-L2,130,173,,1
L1-L2,130,175,,1
L1-L2,130,176,,1
L1-L2,130,177,,1
L1-L2,130,179,,1
L1-L2,130,180,,1
L1-L2,130,181,,1
L1-L2,130,183,,1
L1-L2,130,186,,1
L1-L2,130,189,,1
L1-L2,130,194,,1
L1-L2,130,195,,1
L1-L2,130,197,,1
L1-L2,130,198,,1
L1-L2,130,199,,1
L1-L2,130,200,,1
L1-L2,130,203,,1
L1-L2,130,204,,1
L1-L2,130,206,,1
L1-L2,130,207,,1
L1-L2,130,209,,1
L1-L2,130,210,,1
L1-L2,130,215,,1
L1-L2,130,216,,1
L1-L2,130,217,,1
L1-L2,130,218,,1
L1-L2,130,219,,1
L1-L2,130,224,,1
L1-L2,130,230,,1
L1-L2,130,233,,1
L1-L2,130,235,,1
L1-L2,130,239,,1
L1-L2,130,243,,1
L1-L2,130,246,,1
L1-L2,130,247,,1
L1-L2,130,249,,1
L1-L2,130,250,,1
L1-L2,130,252,,1
L1-L2,131,3,,1
L1-L2,131,4,,1
L1-L2,131,5,,1
L1-L2,131,6,,1
L1-L2,131,8,,1
L1-L2,131,10,,1
L1-L2,131,14,,1
L1-L2,131,15,,1
L1-L2,131,16,,1
L1-L2,131,17,,1
L1-L2,131,19,,1
L1-L2,131,21,,1
L1-L2,131,22,,1
L1-L2,131,27,,1
L1-L2,131,30,,1
L1-L2,131,31,,1
L1-L2,131,32,,1
L1-L2,131,35,,1
L1-L2,131,38,,1
L1-L2,131,42,,1
L1-L2,131,43,,1
L1-L2,131,45,,1
L1-L2,131,46,,1
L1-L2,131,47,,1
L1-L2,131,55,,1
L1-L2,131,57,,1
L1-L2,131,61,,1
L1-L2,131,65,,1
L1-L2,131,67,,1
L1-L2,131,71,,1
L1-L2,131,73,,1
L1-L2,131,74,,1
L1-L2,131,76,,1
L1-L2,131,77,,1
L1-L2,131,83,,1
L1-L2,131,84,,1
L1-L2,131,86,,1
L1-L2,131,89,,1
L1-L2,131,91,,1
L1-L2,131,93,,1
L1-L2,131,96,,1
L1-L2,131,98,,1
L1-L2,131,100,,1
L1-L2,131,101,,1
L1-L2,131,102,,1
L1-L2,131,104,,1
L1-L2,131,106,,1
L1-L2,131,112,,1
L1-L2,131,115,,1
L1-L2,131,117,,1
L1-L2,131,121,,1
L1-L2,131,123,,1
L1-L2,131,124,,1
L1-L2,131,127,,1
L1-L2,131,130,,1
L1-L2,131,133,,1
L1-L2,131,138,,1
L1-L2,131,142,,1
L1-L2,131,144,,1
L1-L2,131,145,,1
L1-L2,131,148,,1
L1-L2,131,149,,1
L1-L2,131,151,,1
L1-L2,131,153,,1
L1-L2,131,156,,1
L1-L2,131,159,,1
L1-L2,131,160,,1
L1-L2,131,161,,1
L1-L2,131,170,,1
L1-L2,131,171,,1
L1-L2,131,173,,1
L1-L2,131,174,,1
L1-L2,131,177,,1
L1-L2,131,179,,1
L1-L2,131,180,,1
L1-L2,131,181,,1
L1-L2,131,182,,1
L1-L2,131,185,,1
L1-L2,131,187,,1
L1-L2,131,190,,1
L1-L2,131,194,,1
L1-L2,131,197,,1
L1-L2,131,202,,1
L1-L2,131,205,,1
L1-L2,131,208,,1
L1-L2,131,210,,1
L1-L2,131,212,,1
L1-L2,131,214,,1
L1-L2,131,215,,1
L1-L2,131,221,,1
L1-L2,131,224,,1
L1-L2,131,225,,1
L1-L2,131,226,,1
L1-L2,131,227,,1
L1-L2,131,230,,1
L1-L2,131,231,,1
L1-L2,131,232,,1
L1-L2,131,233,,1
L1-L2,131,234,,1
L1-L2,131,236,,1
L1-L2,131,237,,1
L1-L2,131,238,,1
L1-L2,131,239,,1
L1-L2,131,241,,1
L1-L2,131,242,,1
L1-L2,131,244,,1
L1-L2,131,245,,1
L1-L2,131,251,,1
L1-L2,131,252,,1
L1-L2,131,255,,1
L1-L2,132,3,,1
L1-L2,132,6,,1
L1-L2,132,7,,1
L1-L2,132,8,,1
L1-L2,132,12,,1
L1-L2,132,13,,1
L1-L2,132,15,,1
L1-L2,132,16,,1
L1-L2,132,17,,1
L1-L2,132,18,,1
L1-L2,132,20,,1
L1-L2,132,21,,1
L1-L2,132,22,,1
L1-L2,132,23,,1
L1-L2,132,27,,1
L1-L2,132,30,,1
L1-L2,132,31,,1
L1-L2,132,33,,1
L1-L2,132,35,,1
L1-L2,132,40,,1
L1-L2,132,41,,1
L1-L2,132,44,,1
L1-L2,132,45,,1
L1-L2,132,47,,1
L1-L2,132,48,,1
L1-L2,132,50,,1
L1-L2,132,52,,1
L1-L2,132,55,,1
L1-L2,132,58,,1
L1-L2,132,61,,1
L1-L2,132,63,,1
L1-L2,132,66,,1
L1-L2,132,69,,1
L1-L2,132,70,,1
L1-L2,132,73,,1
L1-L2,132,74,,1
L1-L2,132,76,,1
L1-L2,132,77,,1
L1-L2,132,78,,1
L1-L2,132,81,,1
L1-L2,132,82,,1
L1-L2,132,83,,1
L1-L2,132,85,,1
L1-L2,132,86,,1
L1-L2,132,87,,1
L1-L2,132,90,,1
L1-L2,132,91,,1
L1-L2,132,92,,1
L1-L2,132,93,,1
L1-L2,132,95,,1
L1-L2,132,98,,1
L1-L2,132,102,,1
L1-L2,132,103,,1
L1-L2,132,106,,1
L1-L2,132,107,,1
L1-L2,132,111,,1
L1-L2,132,112,,1
L1-L2,132,115,,1
L1-L2,132,122,,1
L1-L2,132,123,,1
L1-L2,132,125,,1
L1-L2,132,126,,1
L1-L2,132,128,,1
L1-L2,132,132,,1
L1-L2,132,133,,1
L1-L2,132,134,,1
L1-L2,132,135,,1
L1-L2,132,137,,1
L1-L2,132,138,,1
L1-L2,132,139,,1
L1-L2,132,140,,1
L1-L2,132,144,,1
L1-L2,132,148,,1
L1-L2,132,149,,1
L1-L2,132,151,,1
L1-L2,132,153,,1
L1-L2,132,155,,1
L1-L2,132,156,,1
L1-L2,132,159,,1
L1-L2,132,161,,1
L1-L2,132,162,,1
L1-L2,132,164,,1
L1-L2,132,171,,1
L1-L2,132,172,,1
L1-L2,132,180,,1
L1-L2,132,181,,1
L1-L2,132,183,,1
L1-L2,132,186,,1
L1-L2,132,187,,1
L1-L2,132,190,,1
L1-L2,132,191,,1
L1-L2,132,192,,1
L1-L2,132,193,,1
L1-L2,132,194,,1
L1-L2,132,198,,1
L1-L2,132,199,,1
L1-L2,132,201,,1
L1-L2,132,205,,1
L1-L2,132,208,,1
L1-L2,132,209,,1
L1-L2,132,210,,1
L1-L2,132,211,,1
L1-L2,132,212,,1
L1-L2,132,213,,1
L1-L2,132,214,,1
L1-L2,132,215,,1
L1-L2,132,216,,1
L1-L2,132,217,,1
L1-L2,132,219,,1
L1-L2,132,223,,1
L1-L2,132,224,,1
L1-L2,132,225,,1
L1-L2,132,226,,1
L1-L2,132,227,,1
L1-L2,132,228,,1
L1-L2,132,230,,1
L1-L2,132,231,,1
L1-L2,132,232,,1
L1-L2,132,233,,1
L1-L2,132,234,,1
L1-L2,132,236,,1
L1-L2,132,237,,1
L1-L2,132,238,,1
L1-L2,132,240,,1
L1-L2,132,242,,1
L1-L2,132,243,,1
L1-L2,132,249,,1
L1-L2,132,250,,1
L1-L2,132,255,,1
L1-L2,133,1,,1
L1-L2,133,2,,1
L1-L2,133,3,,1
L1-L2,133,14,,1
L1-L2,133,19,,1
L1-L2,133,25,,1
L1-L2,133,26,,1
L1-L2,133,30,,1
L1-L2,133,31,,1
L1-L2,133,33,,1
L1-L2,133,34,,1
L1-L2,133,35,,1
L1-L2,133,37,,1
L1-L2,133,39,,1
L1-L2,133,40,,1
L1-L2,133,41,,1
L1-L2,133,46,,1
L1-L2,133,52,,1
L1-L2,133,53,,1
L1-L2,133,55,,1
L1-L2,133,56,,1
L1-L2,133,58,,1
L1-L2,133,62,,1
L1-L2,133,65,,1
L1-L2,133,72,,1
L1-L2,133,73,,1
L1-L2,133,80,,1
L1-L2,133,81,,1
L1-L2,133,83,,1
L1-L2,133,84,,1
L1-L2,133,88,,1
L1-L2,133,89,,1
L1-L2,133,90,,1
L1-L2,133,92,,1
L1-L2,133,93,,1
L1-L2,133,105,,1
L1-L2,133,106,,1
L1-L2,133,107,,1
L1-L2,133,112,,1
L1-L2,133,114,,1
L1-L2,133,115,,1
L1-L2,133,117,,1
L1-L2,133,118,,1
L1-L2,133,121,,1
L1-L2,133,122,,1
L1-L2,133,124,,1
L1-L2,133,132,,1
L1-L2,133,134,,1
L1-L2,133,136,,1
L1-L2,133,137,,1
L1-L2,133,138,,1
L1-L2,133,142,,1
L1-L2,133,145,,1
L1-L2,133,146,,1
L1-L2,133,147,,1
L1-L2,133,149,,1
L1-L2,133,152,,1
L1-L2,133,156,,1
L1-L2,133,159,,1
L1-L2,133,161,,1
L1-L2,133,164,,1
L1-L2,133,170,,1
L1-L2,133,173,,1
L1-L2,133,177,,1
L1-L2,133,181,,1
L1-L2,133,183,,1
L1-L2,133,188,,1
L1-L2,133,189,,1
L1-L2,133,192,,1
L1-L2,133,194,,1
L1-L2,133,195,,1
L1-L2,133,199,,1
L1-L2,133,200,,1
L1-L2,133,201,,1
L1-L2,133,202,,1
L1-L2,133,208,,1
L1-L2,133,211,,1
L1-L2,133,212,,1
L1-L2,133,217,,1
L1-L2,133,218,,1
L1-L2,133,221,,1
L1-L2,133,224,,1
L1-L2,133,227,,1
L1-L2,133,229,,1
L1-L2,133,231,,1
L1-L2,133,232,,1
L1-L2,133,233,,1
L1-L2,133,235,,1
L1-L2,133,239,,1
L1-L2,133,243,,1
L1-L2,133,245,,1
L1-L2,133,247,,1
L1-L2,133,250,,1
L1-L2,133,251,,1
L1-L2,133,252,,1
L1-L2,133,254,,1
L1-L2,134,1,,1
L1-L2,134,6,,1
L1-L2,134,7,,1
L1-L2,134,16,,1
L1-L2,134,17,,1
L1-L2,134,18,,1
L1-L2,134,24,,1
L1-L2,134,29,,1
L1-L2,134,32,,1
L1-L2,134,41,,1
L1-L2,134,43,,1
L1-L2,134,47,,1
L1-L2,134,49,,1
L1-L2,134,51,,1
L1-L2,134,53,,1
L1-L2,134,54,,1
L1-L2,134,56,,1
L1-L2,134,58,,1
L1-L2,134,60,,1
L1-L2,134,61,,1
L1-L2,134,62,,1
L1-L2,134,71,,1
L1-L2,134,73,,1
L1-L2,134,87,,1
L1-L2,134,94,,1
L1-L2,134,96,,1
L1-L2,134,97,,1
L1-L2,134,102,,1
L1-L2,134,104,,1
L1-L2,134,112,,1
L1-L2,134,113,,1
L1-L2,134,123,,1
L1-L2,134,126,,1
L1-L2,134,130,,1
L1-L2,134,132,,1
L1-L2,134,134,,1
L1-L2,134,135,,1
L1-L2,134,138,,1
L1-L2,134,141,,1
L1-L2,134,144,,1
L1-L2,134,147,,1
L1-L2,134,153,,1
L1-L2,134,154,,1
L1-L2,134,157,,1
L1-L2,134,158,,1
L1-L2,134,161,,1
L1-L2,134,162,,1
L1-L2,134,163,,1
L1-L2,134,168,,1
L1-L2,134,169,,1
L1-L2,134,173,,1
L1-L2,134,174,,1
L1-L2,134,181,,1
L1-L2,134,182,,1
L1-L2,134,184,,1
L1-L2,134,186,,1
L1-L2,134,188,,1
L1-L2,134,191,,1
L1-L2,134,194,,1
L1-L2,134,197,,1
L1-L2,134,198,,1
L1-L2,134,200,,1
L1-L2,134,202,,1
L1-L2,134,203,,1
L1-L2,134,204,,1
L1-L2,134,207,,1
L1-L2,134,213,,1
L1-L2,134,214,,1
L1-L2,134,217,,1
L1-L2,134,218,,1
L1-L2,134,226,,1
L1-L2,134,228,,1
L1-L2,134,229,,1
L1-L2,134,230,,1
L1-L2,134,233,,1
L1-L2,134,235,,1
L1-L2,134,239,,1
L1-L2,134,240,,1
L1-L2,134,241,,1
L1-L2,134,244,,1
L1-L2,134,246,,1
L1-L2,134,247,,1
L1-L2,134,253,,1
L1-L2,135,3,,1
L1-L2,135,4,,1
L1-L2,135,5,,1
L1-L2,135,9,,1
L1-L2,135,17,,1
L1-L2,135,24,,1
L1-L2,135,41,,1
L1-L2,135,42,,1
L1-L2,135,52,,1
L1-L2,135,53,,1
L1-L2,135,56,,1
L1-L2,135,61,,1
L1-L2,135,68,,1
L1-L2,135,74,,1
L1-L2,135,76,,1
L1-L2,135,77,,1
L1-L2,135,81,,1
L1-L2,135,85,,1
L1-L2,135,87,,1
L1-L2,135,89,,1
L1-L2,135,91,,1
L1-L2,135,92,,1
L1-L2,135,94,,1
L1-L2,135,98,,1
L1-L2,135,99,,1
L1-L2,135,106,,1
L1-L2,135,111,,1
L1-L2,135,114,,1
L1-L2,135,119,,1
L1-L2,135,121,,1
L1-L2,135,124,,1
L1-L2,135,128,,1
L1-L2,135,134,,1
L1-L2,135,137,,1
L1-L2,135,144,,1
L1-L2,135,148,,1
L1-L2,135,150,,1
L1-L2,135,154,,1
L1-L2,135,155,,1
L1-L2,135,156,,1
L1-L2,135,164,,1
L1-L2,135,168,,1
L1-L2,135,182,,1
L1-L2,135,186,,1
L1-L2,135,187,,1
L1-L2,135,190,,1
L1-L2,135,195,,1
L1-L2,135,201,,1
L1-L2,135,209,,1
L1-L2,135,212,,1
L1-L2,135,213,,1
L1-L2,135,218,,1
L1-L2,135,224,,1
L1-L2,135,226,,1
L1-L2,135,230,,1
L1-L2,135,231,,1
L1-L2,135,232,,1
L1-L2,135,233,,1
L1-L2,135,234,,1
L1-L2,135,241,,1
L1-L2,135,242,,1
L1-L2,135,251,,1
L1-L2,135,254,,1
L1-L2,136,2,,1
L1-L2,136,4,,1
L1-L2,136,11,,1
L1-L2,136,13,,1
L1-L2,136,26,,1
L1-L2,136,30,,1
L1-L2,136,35,,1
L1-L2,136,43,,1
L1-L2,136,50,,1
L1-L2,136,58,,1
L1-L2,136,75,,1
L1-L2,136,81,,1
L1-L2,136,82,,1
L1-L2,136,87,,1
L1-L2,136,96,,1
L1-L2,136,100,,1
L1-L2,136,101,,1
L1-L2,136,103,,1
L1-L2,136,104,,1
L1-L2,136,113,,1
L1-L2,136,120,,1
L1-L2,136,122,,1
L1-L2,136,123,,1
L1-L2,136,124,,1
L1-L2,136,128,,1
L1-L2,136,143,,1
L1-L2,136,145,,1
L1-L2,136,149,,1
L1-L2,136,156,,1
L1-L2,136,159,,1
L1-L2,136,169,,1
L1-L2,136,170,,1
L1-L2,136,171,,1
L1-L2,136,173,,1
L1-L2,136,177,,1
L1-L2,136,179,,1
L1-L2,136,183,,1
L1-L2,136,190,,1
L1-L2,136,194,,1
L1-L2,136,198,,1
L1-L2,136,207,,1
L1-L2,136,208,,1
L1-L2,136,209,,1
L1-L2,136,213,,1
L1-L2,136,216,,1
L1-L2,136,221,,1
L1-L2,136,227,,1
L1-L2,136,229,,1
L1-L2,136,234,,1
L1-L2,136,238,,1
L1-L2,136,239,,1
L1-L2,136,241,,1
L1-L2,136,242,,1
L1-L2,136,243,,1
L1-L2,136,245,,1
L1-L2,136,250,,1
L1-L2,136,251,,1
L1-L2,136,252,,1
L1-L2,137,2,,1
L1-L2,137,8,,1
L1-L2,137,10,,1
L1-L2,137,11,,1
L1-L2,137,16,,1
L1-L2,137,17,,1
L1-L2,137,19,,1
L1-L2,137,24,,1
L1-L2,137,26,,1
L1-L2,137,34,,1
L1-L2,137,36,,1
L1-L2,137,37,,1
L1-L2,137,40,,1
L1-L2,137,51,,1
L1-L2,137,53,,1
L1-L2,137,55,,1
L1-L2,137,56,,1
L1-L2,137,57,,1
L1-L2,137,58,,1
L1-L2,137,61,,1
L1-L2,137,81,,1
L1-L2,137,83,,1
L1-L2,137,85,,1
L1-L2,137,87,,1
L1-L2,137,95,,1
L1-L2,137,96,,1
L1-L2,137,103,,1
L1-L2,137,104,,1
L1-L2,137,105,,1
L1-L2,137,107,,1
L1-L2,137,109,,1
L1-L2,137,113,,1
L1-L2,137,116,,1
L1-L2,137,121,,1
L1-L2,137,126,,1
L1-L2,137,127,,1
L1-L2,137,129,,1
L1-L2,137,138,,1
L1-L2,137,139,,1
L1-L2,137,142,,1
L1-L2,137,143,,1
L1-L2,137,153,,1
L1-L2,137,154,,1
L1-L2,137,156,,1
L1-L2,137,163,,1
L1-L2,137,165,,1
L1-L2,137,166,,1
L1-L2,137,170,,1
L1-L2,137,171,,1
L1-L2,137,181,,1
L1-L2,137,183,,1
L1-L2,137,191,,1
L1-L2,137,193,,1
L1-L2,137,195,,1
L1-L2,137,201,,1
L1-L2,137,204,,1
L1-L2,137,206,,1
L1-L2,137,210,,1
L1-L2,137,211,,1
L1-L2,137,212,,1
L1-L2,137,216,,1
L1-L2,137,218,,1
L1-L2,137,220,,1
L1-L2,137,221,,1
L1-L2,137,225,,1
L1-L2,137,228,,1
L1-L2,137,229,,1
L1-L2,137,232,,1
L1-L2,137,234,,1
L1-L2,137,238,,1
L1-L2,137,241,,1
L1-L2,137,243,,1
L1-L2,137,245,,1
L1-L2,137,247,,1
L1-L2,137,252,,1
L1-L2,137,255,,1
L1-L2,138,0,,1
L1-L2,138,4,,1
L1-L2,138,5,,1
L1-L2,138,6,,1
L1-L2,138,9,,1
L1-L2,138,13,,1
L1-L2,138,15,,1
L1-L2,138,16,,1
L1-L2,138,20,,1
L1-L2,138,21,,1
L1-L2,138,22,,1
L1-L2,138,24,,1
L1-L2,138,28,,1
L1-L2,138,30,,1
L1-L2,138,31,,1
L1-L2,138,36,,1
L1-L2,138,37,,1
L1-L2,138,41,,1
L1-L2,138,42,,1
L1-L2,138,43,,1
L1-L2,138,49,,1
L1-L2,138,50,,1
L1-L2,138,56,,1
L1-L2,138,57,,1
L1-L2,138,60,,1
L1-L2,138,62,,1
L1-L2,138,63,,1
L1-L2,138,64,,1
L1-L2,138,66,,1
L1-L2,138,70,,1
L1-L2,138,71,,1
L1-L2,138,72,,1
L1-L2,138,73,,1
L1-L2,138,74,,1
L1-L2,138,75,,1
L1-L2,138,81,,1
L1-L2,138,83,,1
L1-L2,138,85,,1
L1-L2,138,87,,1
L1-L2,138,92,,1
L1-L2,138,94,,1
L1-L2,138,97,,1
L1-L2,138,98,,1
L1-L2,138,101,,1
L1-L2,138,102,,1
L1-L2,138,103,,1
L1-L2,138,104,,1
L1-L2,138,106,,1
L1-L2,138,109,,1
L1-L2,138,112,,1
L1-L2,138,113,,1
L1-L2,138,115,,1
L1-L2,138,118,,1
L1-L2,138,119,,1
L1-L2,138,122,,1
L1-L2,138,124,,1
L1-L2,138,125,,1
L1-L2,138,132,,1
L1-L2,138,134,,1
L1-L2,138,137,,1
L1-L2,138,139,,1
L1-L2,138,140,,1
L1-L2,138,141,,1
L1-L2,138,142,,1
L1-L2,138,143,,1
L1-L2,138,144,,1
L1-L2,138,148,,1
L1-L2,138,152,,1
L1-L2,138,154,,1
L1-L2,138,155,,1
L1-L2,138,157,,1
L1-L2,138,158,,1
L1-L2,138,159,,1
L1-L2,138,161,,1
L1-L2,138,163,,1
L1-L2,138,165,,1
L1-L2,138,170,,1
L1-L2,138,174,,1
L1-L2,138,178,,1
L1-L2,138,180,,1
L1-L2,138,181,,1
L1-L2,138,182,,1
L1-L2,138,183,,1
L1-L2,138,184,,1
L1-L2,138,185,,1
L1-L2,138,189,,1
L1-L2,138,191,,1
L1-L2,138,192,,1
L1-L2,138,194,,1
L1-L2,138,195,,1
L1-L2,138,197,,1
L1-L2,138,200,,1
L1-L2,138,204,,1
L1-L2,138,206,,1
L1-L2,138,207,,1
L1-L2,138,210,,1
L1-L2,138,211,,1
L1-L2,138,216,,1
L1-L2,138,221,,1
L1-L2,138,223,,1
L1-L2,138,225,,1
L1-L2,138,228,,1
L1-L2,138,229,,1
L1-L2,138,231,,1
L1-L2,138,232,,1
L1-L2,138,234,,1
L1-L2,138,235,,1
L1-L2,138,236,,1
L1-L2,138,238,,1
L1-L2,138,242,,1
L1-L2,138,246,,1
L1-L2,138,250,,1
L1-L2,138,253,,1
L1-L2,138,254,,1
L1-L2,138,255,,1
L1-L2,139,1,,1
L1-L2,139,2,,1
L1-L2,139,4,,1
L1-L2,139,7,,1
L1-L2,139,11,,1
L1-L2,139,21,,1
L1-L2,139,32,,1
L1-L2,139,36,,1
L1-L2,139,38,,1
L1-L2,139,41,,1
L1-L2,139,46,,1
L1-L2,139,47,,1
L1-L2,139,53,,1
L1-L2,139,57,,1
L1-L2,139,58,,1
L1-L2,139,61,,1
L1-L2,139,67,,1
L1-L2,139,73,,1
L1-L2,139,75,,1
L1-L2,139,76,,1
L1-L2,139,79,,1
L1-L2,139,82,,1
L1-L2,139,85,,1
L1-L2,139,92,,1
L1-L2,139,94,,1
L1-L2,139,104,,1
L1-L2,139,108,,1
L1-L2,139,109,,1
L1-L2,139,113,,1
L1-L2,139,114,,1
L1-L2,139,118,,1
L1-L2,139,121,,1
L1-L2,139,122,,1
L1-L2,139,123,,1
L1-L2,139,128,,1
L1-L2,139,133,,1
L1-L2,139,135,,1
L1-L2,139,136,,1
L1-L2,139,140,,1
L1-L2,139,142,,1
L1-L2,139,157,,1
L1-L2,139,159,,1
L1-L2,139,161,,1
L1-L2,139,165,,1
L1-L2,139,167,,1
L1-L2,139,171,,1
L1-L2,139,173,,1
L1-L2,139,174,,1
L1-L2,139,177,,1
L1-L2,139,179,,1
L1-L2,139,180,,1
L1-L2,139,182,,1
L1-L2,139,183,,1
L1-L2,139,184,,1
L1-L2,139,187,,1
L1-L2,139,190,,1
L1-L2,139,193,,1
L1-L2,139,196,,1
L1-L2,139,198,,1
L1-L2,139,200,,1
L1-L2,139,202,,1
L1-L2,139,203,,1
L1-L2,139,208,,1
L1-L2,139,212,,1
L1-L2,139,213,,1
L1-L2,139,215,,1
L1-L2,139,218,,1
L1-L2,139,219,,1
L1-L2,139,225,,1
L1-L2,139,233,,1
L1-L2,139,234,,1
L1-L2,139,238,,1
L1-L2,139,239,,1
L1-L2,139,241,,1
L1-L2,139,244,,1
L1-L2,139,255,,1
L1-L2,140,0,,1
L1-L2,140,5,,1
L1-L2,140,23,,1
L1-L2,140,24,,1
L1-L2,140,26,,1
L1-L2,140,31,,1
L1-L2,140,37,,1
L1-L2,140,38,,1
L1-L2,140,40,,1
L1-L2,140,42,,1
L1-L2,140,44,,1
L1-L2,140,46,,1
L1-L2,140,48,,1
L1-L2,140,54,,1
L1-L2,140,57,,1
L1-L2,140,61,,1
L1-L2,140,68,,1
L1-L2,140,70,,1
L1-L2,140,73,,1
L1-L2,140,76,,1
L1-L2,140,77,,1
L1-L2,140,78,,1
L1-L2,140,79,,1
L1-L2,140,80,,1
L1-L2,140,86,,1
L1-L2,140,92,,1
L1-L2,140,93,,1
L1-L2,140,94,,1
L1-L2,140,99,,1
L1-L2,140,103,,1
L1-L2,140,104,,1
L1-L2,140,105,,1
L1-L2,140,106,,1
L1-L2,140,108,,1
L1-L2,140,110,,1
L1-L2,140,112,,1
L1-L2,140,118,,1
L1-L2,140,123,,1
L1-L2,140,124,,1
L1-L2,140,125,,1
L1-L2,140,126,,1
L1-L2,140,127,,1
L1-L2,140,128,,1
L1-L2,140,129,,1
L1-L2,140,130,,1
L1-L2,140,131,,1
L1-L2,140,136,,1
L1-L2,140,137,,1
L1-L2,140,138,,1
L1-L2,140,140,,1
L1-L2,140,141,,1
L1-L2,140,145,,1
L1-L2,140,150,,1
L1-L2,140,152,,1
L1-L2,140,153,,1
L1-L2,140,155,,1
L1-L2,140,156,,1
L1-L2,140,158,,1
L1-L2,140,159,,1
L1-L2,140,162,,1
L1-L2,140,164,,1
L1-L2,140,165,,1
L1-L2,140,169,,1
L1-L2,140,171,,1
L1-L2,140,172,,1
L1-L2,140,173,,1
L1-L2,140,177,,1
L1-L2,140,178,,1
L1-L2,140,181,,1
L1-L2,140,183,,1
L1-L2,140,186,,1
L1-L2,140,187,,1
L1-L2,140,188,,1
L1-L2,140,190,,1
L1-L2,140,191,,1
L1-L2,140,192,,1
L1-L2,140,194,,1
L1-L2,140,195,,1
L1-L2,140,199,,1
L1-L2,140,203,,1
L1-L2,140,204,,1
L1-L2,140,207,,1
L1-L2,140,208,,1
L1-L2,140,210,,1
L1-L2,140,211,,1
L1-L2,140,213,,1
L1-L2,140,214,,1
L1-L2,140,217,,1
L1-L2,140,219,,1
L1-L2,140,224,,1
L1-L2,140,225,,1
L1-L2,140,226,,1
L1-L2,140,227,,1
L1-L2,140,228,,1
L1-L2,140,230,,1
L1-L2,140,231,,1
L1-L2,140,236,,1
L1-L2,140,239,,1
L1-L2,140,240,,1
L1-L2,140,242,,1
L1-L2,140,245,,1
L1-L2,140,248,,1
L1-L2,140,251,,1
L1-L2,140,252,,1
L1-L2,140,253,,1
L1-L2,140,254,,1
L1-L2,141,5,,1
L1-L2,141,8,,1
L1-L2,141,9,,1
L1-L2,141,15,,1
L1-L2,141,17,,1
L1-L2,141,18,,1
L1-L2,141,24,,1
L1-L2,141,29,,1
L1-L2,141,32,,1
L1-L2,141,34,,1
L1-L2,141,37,,1
L1-L2,141,39,,1
L1-L2,141,45,,1
L1-L2,141,51,,1
L1-L2,141,56,,1
L1-L2,141,58,,1
L1-L2,141,59,,1
L1-L2,141,79,,1
L1-L2,141,80,,1
L1-L2,141,83,,1
L1-L2,141,85,,1
L1-L2,141,87,,1
L1-L2,141,94,,1
L1-L2,141,95,,1
L1-L2,141,96,,1
L1-L2,141,98,,1
L1-L2,141,101,,1
L1-L2,141,104,,1
L1-L2,141,108,,1
L1-L2,141,110,,1
L1-L2,141,112,,1
L1-L2,141,115,,1
L1-L2,141,119,,1
L1-L2,141,123,,1
L1-L2,141,125,,1
L1-L2,141,128,,1
L1-L2,141,129,,1
L1-L2,141,136,,1
L1-L2,141,137,,1
L1-L2,141,139,,1
L1-L2,141,140,,1
L1-L2,141,142,,1
L1-L2,141,143,,1
L1-L2,141,149,,1
L1-L2,141,150,,1
L1-L2,141,153,,1
L1-L2,141,154,,1
L1-L2,141,155,,1
L1-L2,141,156,,1
L1-L2,141,158,,1
L1-L2,141,159,,1
L1-L2,141,162,,1
L1-L2,141,172,,1
L1-L2,141,178,,1
L1-L2,141,179,,1
L1-L2,141,180,,1
L1-L2,141,183,,1
L1-L2,141,187,,1
L1-L2,141,190,,1
L1-L2,141,193,,1
L1-L2,141,197,,1
L1-L2,141,200,,1
L1-L2,141,202,,1
L1-L2,141,205,,1
L1-L2,141,206,,1
L1-L2,141,207,,1
L1-L2,141,210,,1
L1-L2,141,215,,1
L1-L2,141,216,,1
L1-L2,141,218,,1
L1-L2,141,222,,1
L1-L2,141,223,,1
L1-L2,141,224,,1
L1-L2,141,226,,1
L1-L2,141,228,,1
L1-L2,141,236,,1
L1-L2,141,237,,1
L1-L2,141,239,,1
L1-L2,141,241,,1
L1-L2,141,244,,1
L1-L2,141,247,,1
L1-L2,141,250,,1
L1-L2,141,252,,1
L1-L2,141,253,,1
L1-L2,141,254,,1
L1-L2,141,255,,1
L1-L2,142,2,,1
L1-L2,142,3,,1
L1-L2,142,5,,1
L1-L2,142,9,,1
L1-L2,142,10,,1
L1-L2,142,16,,1
L1-L2,142,19,,1
L1-L2,142,33,,1
L1-L2,142,35,,1
L1-L2,142,37,,1
L1-L2,142,39,,1
L1-L2,142,40,,1
L1-L2,142,43,,1
L1-L2,142,44,,1
L1-L2,142,45,,1
L1-L2,142,46,,1
L1-L2,142,48,,1
L1-L2,142,49,,1
L1-L2,142,50,,1
L1-L2,142,53,,1
L1-L2,142,58,,1
L1-L2,142,59,,1
L1-L2,142,60,,1
L1-L2,142,62,,1
L1-L2,142,63,,1
L1-L2,142,64,,1
L1-L2,142,66,,1
L1-L2,142,67,,1
L1-L2,142,68,,1
L1-L2,142,71,,1
L1-L2,142,72,,1
L1-L2,142,75,,1
L1-L2,142,76,,1
L1-L2,142,78,,1
L1-L2,142,79,,1
L1-L2,142,83,,1
L1-L2,142,89,,1
L1-L2,142,90,,1
L1-L2,142,91,,1
L1-L2,142,94,,1
L1-L2,142,96,,1
L1-L2,142,100,,1
L1-L2,142,102,,1
L1-L2,142,105,,1
L1-L2,142,109,,1
L1-L2,142,111,,1
L1-L2,142,112,,1
L1-L2,142,118,,1
L1-L2,142,119,,1
L1-L2,142,120,,1
L1-L2,142,122,,1
L1-L2,142,123,,1
L1-L2,142,129,,1
L1-L2,142,131,,1
L1-L2,142,132,,1
L1-L2,142,134,,1
L1-L2,142,135,,1
L1-L2,142,139,,1
L1-L2,142,140,,1
L1-L2,142,142,,1
L1-L2,142,147,,1
L1-L2,142,150,,1
L1-L2,142,155,,1
L1-L2,142,156,,1
L1-L2,142,161,,1
L1-L2,142,166,,1
L1-L2,142,168,,1
L1-L2,142,169,,1
L1-L2,142,171,,1
L1-L2,142,175,,1
L1-L2,142,176,,1
L1-L2,142,180,,1
L1-L2,142,182,,1
L1-L2,142,183,,1
L1-L2,142,187,,1
L1-L2,142,190,,1
L1-L2,142,191,,1
L1-L2,142,194,,1
L1-L2,142,195,,1
L1-L2,142,196,,1
L1-L2,142,197,,1
L1-L2,142,198,,1
L1-L2,142,199,,1
L1-L2,142,202,,1
L1-L2,142,203,,1
L1-L2,142,205,,1
L1-L2,142,208,,1
L1-L2,142,214,,1
L1-L2,142,215,,1
L1-L2,142,218,,1
L1-L2,142,219,,1
L1-L2,142,221,,1
L1-L2,142,224,,1
L1-L2,142,230,,1
L1-L2,142,234,,1
L1-L2,142,236,,1
L1-L2,142,238,,1
L1-L2,142,240,,1
L1-L2,142,241,,1
L1-L2,142,243,,1
L1-L2,142,245,,1
L1-L2,142,250,,1
L1-L2,142,251,,1
L1-L2,142,252,,1
L1-L2,143,0,,1
L1-L2,143,7,,1
L1-L2,143,8,,1
L1-L2,143,13,,1
L1-L2,143,14,,1
L1-L2,143,21,,1
L1-L2,143,28,,1
L1-L2,143,30,,1
L1-L2,143,35,,1
L1-L2,143,38,,1
L1-L2,143,39,,1
L1-L2,143,40,,1
L1-L2,143,49,,1
L1-L2,143,58,,1
L1-L2,143,66,,1
L1-L2,143,74,,1
L1-L2,143,77,,1
L1-L2,143,78,,1
L1-L2,143,79,,1
L1-L2,143,80,,1
L1-L2,143,82,,1
L1-L2,143,84,,1
L1-L2,143,86,,1
L1-L2,143,91,,1
L1-L2,143,94,,1
L1-L2,143,96,,1
L1-L2,143,98,,1
L1-L2,143,99,,1
L1-L2,143,101,,1
L1-L2,143,102,,1
L1-L2,143,106,,1
L1-L2,143,107,,1
L1-L2,143,108,,1
L1-L2,143,114,,1
L1-L2,143,116,,1
L1-L2,143,117,,1
L1-L2,143,121,,1
L1-L2,143,122,,1
L1-L2,143,123,,1
L1-L2,143,124,,1
L1-L2,143,126,,1
L1-L2,143,127,,1
L1-L2,143,133,,1
L1-L2,143,134,,1
L1-L2,143,139,,1
L1-L2,143,144,,1
L1-L2,143,145,,1
L1-L2,143,146,,1
L1-L2,143,147,,1
L1-L2,143,149,,1
L1-L2,143,153,,1
L1-L2,143,160,,1
L1-L2,143,162,,1
L1-L2,143,166,,1
L1-L2,143,172,,1
L1-L2,143,178,,1
L1-L2,143,180,,1
L1-L2,143,181,,1
L1-L2,143,185,,1
L1-L2,143,188,,1
L1-L2,143,191,,1
L1-L2,143,193,,1
L1-L2,143,194,,1
L1-L2,143,196,,1
L1-L2,143,198,,1
L1-L2,143,203,,1
L1-L2,143,208,,1
L1-L2,143,213,,1
L1-L2,143,214,,1
L1-L2,143,215,,1
L1-L2,143,219,,1
L1-L2,143,221,,1
L1-L2,143,224,,1
L1-L2,143,226,,1
L1-L2,143,229,,1
L1-L2,143,236,,1
L1-L2,143,237,,1
L1-L2,143,238,,1
L1-L2,143,239,,1
L1-L2,143,241,,1
L1-L2,143,243,,1
L1-L2,143,245,,1
L1-L2,143,247,,1
L1-L2,143,248,,1
L1-L2,143,250,,1
L1-L2,143,252,,1
L1-L2,143,253,,1
L1-L2,143,254,,1
L1-L2,144,2,,1
L1-L2,144,7,,1
L1-L2,144,10,,1
L1-L2,144,11,,1
L1-L2,144,21,,1
L1-L2,144,23,,1
L1-L2,144,33,,1
L1-L2,144,48,,1
L1-L2,144,50,,1
L1-L2,144,57,,1
L1-L2,144,67,,1
L1-L2,144,72,,1
L1-L2,144,75,,1
L1-L2,144,77,,1
L1-L2,144,81,,1
L1-L2,144,83,,1
L1-L2,144,87,,1
L1-L2,144,89,,1
L1-L2,144,94,,1
L1-L2,144,97,,1
L1-L2,144,107,,1
L1-L2,144,116,,1
L1-L2,144,120,,1
L1-L2,144,121,,1
L1-L2,144,127,,1
L1-L2,144,129,,1
L1-L2,144,134,,1
L1-L2,144,136,,1
L1-L2,144,141,,1
L1-L2,144,142,,1
L1-L2,144,146,,1
L1-L2,144,147,,1
L1-L2,144,149,,1
L1-L2,144,151,,1
L1-L2,144,158,,1
L1-L2,144,161,,1
L1-L2,144,162,,1
L1-L2,144,165,,1
L1-L2,144,167,,1
L1-L2,144,170,,1
L1-L2,144,174,,1
L1-L2,144,175,,1
L1-L2,144,178,,1
L1-L2,144,180,,1
L1-L2,144,183,,1
L1-L2,144,186,,1
L1-L2,144,187,,1
L1-L2,144,192,,1
L1-L2,144,193,,1
L1-L2,144,194,,1
L1-L2,144,195,,1
L1-L2,144,198,,1
L1-L2,144,203,,1
L1-L2,144,207,,1
L1-L2,144,208,,1
L1-L2,144,209,,1
L1-L2,144,210,,1
L1-L2,144,214,,1
L1-L2,144,216,,1
L1-L2,144,226,,1
L1-L2,144,231,,1
L1-L2,144,242,,1
L1-L2,144,254,,1
L1-L2,145,2,,1
L1-L2,145,6,,1
L1-L2,145,11,,1
L1-L2,145,15,,1
L1-L2,145,16,,1
L1-L2,145,18,,1
L1-L2,145,24,,1
L1-L2,145,25,,1
L1-L2,145,26,,1
L1-L2,145,28,,1
L1-L2,145,29,,1
L1-L2,145,31,,1
L1-L2,145,36,,1
L1-L2,145,40,,1
L1-L2,145,47,,1
L1-L2,145,48,,1
L1-L2,145,50,,1
L1-L2,145,56,,1
L1-L2,145,58,,1
L1-L2,145,60,,1
L1-L2,145,61,,1
L1-L2,145,63,,1
L1-L2,145,67,,1
L1-L2,145,68,,1
L1-L2,145,74,,1
L1-L2,145,76,,1
L1-L2,145,83,,1
L1-L2,145,84,,1
L1-L2,145,86,,1
L1-L2,145,87,,1
L1-L2,145,88,,1
L1-L2,145,90,,1
L1-L2,145,94,,1
L1-L2,145,95,,1
L1-L2,145,98,,1
L1-L2,145,99,,1
L1-L2,145,101,,1
L1-L2,145,113,,1
L1-L2,145,116,,1
L1-L2,145,122,,1
L1-L2,145,127,,1
L1-L2,145,128,,1
L1-L2,145,136,,1
L1-L2,145,137,,1
L1-L2,145,139,,1
L1-L2,145,142,,1
L1-L2,145,147,,1
L1-L2,145,148,,1
L1-L2,145,150,,1
L1-L2,145,153,,1
L1-L2,145,158,,1
L1-L2,145,160,,1
L1-L2,145,162,,1
L1-L2,145,163,,1
L1-L2,145,166,,1
L1-L2,145,169,,1
L1-L2,145,171,,1
L1-L2,145,172,,1
L1-L2,145,173,,1
L1-L2,145,177,,1
L1-L2,145,179,,1
L1-L2,145,181,,1
L1-L2,145,182,,1
L1-L2,145,184,,1
L1-L2,145,185,,1
L1-L2,145,186,,1
L1-L2,145,187,,1
L1-L2,145,188,,1
L1-L2,145,190,,1
L1-L2,145,191,,1
L1-L2,145,194,,1
L1-L2,145,195,,1
L1-L2,145,197,,1
L1-L2,145,198,,1
L1-L2,145,199,,1
L1-L2,145,201,,1
L1-L2,145,204,,1
L1-L2,145,205,,1
L1-L2,145,207,,1
L1-L2,145,210,,1
L1-L2,145,211,,1
L1-L2,145,212,,1
L1-L2,145,214,,1
L1-L2,145,215,,1
L1-L2,145,217,,1
L1-L2,145,219,,1
L1-L2,145,222,,1
L1-L2,145,228,,1
L1-L2,145,231,,1
L1-L2,145,233,,1
L1-L2,145,234,,1
L1-L2,145,237,,1
L1-L2,145,241,,1
L1-L2,145,244,,1
L1-L2,145,245,,1
L1-L2,145,246,,1
L1-L2,145,253,,1
L1-L2,145,254,,1
L1-L2,145,255,,1
L1-L2,146,1,,1
L1-L2,146,3,,1
L1-L2,146,4,,1
L1-L2,146,6,,1
L1-L2,146,10,,1
L1-L2,146,14,,1
L1-L2,146,18,,1
L1-L2,146,19,,1
L1-L2,146,23,,1
L1-L2,146,26,,1
L1-L2,146,27,,1
L1-L2,146,28,,1
L1-L2,146,29,,1
L1-L2,146,33,,1
L1-L2,146,34,,1
L1-L2,146,38,,1
L1-L2,146,40,,1
L1-L2,146,41,,1
L1-L2,146,46,,1
L1-L2,146,49,,1
L1-L2,146,53,,1
L1-L2,146,54,,1
L1-L2,146,56,,1
L1-L2,146,59,,1
L1-L2,146,60,,1
L1-L2,146,65,,1
L1-L2,146,69,,1
L1-L2,146,72,,1
L1-L2,146,73,,1
L1-L2,146,74,,1
L1-L2,146,79,,1
L1-L2,146,83,,1
L1-L2,146,91,,1
L1-L2,146,92,,1
L1-L2,146,93,,1
L1-L2,146,95,,1
L1-L2,146,96,,1
L1-L2,146,102,,1
L1-L2,146,103,,1
L1-L2,146,104,,1
L1-L2,146,107,,1
L1-L2,146,110,,1
L1-L2,146,112,,1
L1-L2,146,115,,1
L1-L2,146,119,,1
L1-L2,146,121,,1
L1-L2,146,125,,1
L1-L2,146,126,,1
L1-L2,146,129,,1
L1-L2,146,130,,1
L1-L2,146,131,,1
L1-L2,146,132,,1
L1-L2,146,134,,1
L1-L2,146,140,,1
L1-L2,146,141,,1
L1-L2,146,142,,1
L1-L2,146,149,,1
L1-L2,146,151,,1
L1-L2,146,152,,1
L1-L2,146,156,,1
L1-L2,146,161,,1
L1-L2,146,163,,1
L1-L2,146,164,,1
L1-L2,146,169,,1
L1-L2,146,170,,1
L1-L2,146,174,,1
L1-L2,146,176,,1
L1-L2,146,177,,1
L1-L2,146,181,,1
L1-L2,146,187,,1
L1-L2,146,193,,1
L1-L2,146,196,,1
L1-L2,146,201,,1
L1-L2,146,202,,1
L1-L2,146,203,,1
L1-L2,146,205,,1
L1-L2,146,207,,1
L1-L2,146,209,,1
L1-L2,146,210,,1
L1-L2,146,211,,1
L1-L2,146,212,,1
L1-L2,146,215,,1
L1-L2,146,216,,1
L1-L2,146,219,,1
L1-L2,146,220,,1
L1-L2,146,222,,1
L1-L2,146,225,,1
L1-L2,146,226,,1
L1-L2,146,231,,1
L1-L2,146,232,,1
L1-L2,146,233,,1
L1-L2,146,236,,1
L1-L2,146,237,,1
L1-L2,146,238,,1
L1-L2,146,239,,1
L1-L2,146,240,,1
L1-L2,146,241,,1
L1-L2,146,243,,1
L1-L2,146,249,,1
L1-L2,146,252,,1
L1-L2,146,253,,1
L1-L2,146,254,,1
L1-L2,147,1,,1
L1-L2,147,3,,1
L1-L2,147,4,,1
L1-L2,147,11,,1
L1-L2,147,14,,1
L1-L2,147,15,,1
L1-L2,147,17,,1
L1-L2,147,28,,1
L1-L2,147,30,,1
L1-L2,147,35,,1
L1-L2,147,36,,1
L1-L2,147,44,,1
L1-L2,147,50,,1
L1-L2,147,51,,1
L1-L2,147,53,,1
L1-L2,147,54,,1
L1-L2,147,58,,1
L1-L2,147,59,,1
L1-L2,147,62,,1
L1-L2,147,72,,1
L1-L2,147,81,,1
L1-L2,147,86,,1
L1-L2,147,94,,1
L1-L2,147,95,,1
L1-L2,147,96,,1
L1-L2,147,97,,1
L1-L2,147,103,,1
L1-L2,147,114,,1
L1-L2,147,115,,1
L1-L2,147,117,,1
L1-L2,147,118,,1
L1-L2,147,119,,1
L1-L2,147,120,,1
L1-L2,147,122,,1
L1-L2,147,125,,1
L1-L2,147,130,,1
L1-L2,147,131,,1
L1-L2,147,133,,1
L1-L2,147,135,,1
L1-L2,147,138,,1
L1-L2,147,140,,1
L1-L2,147,141,,1
L1-L2,147,145,,1
L1-L2,147,146,,1
L1-L2,147,148,,1
L1-L2,147,149,,1
L1-L2,147,151,,1
L1-L2,147,152,,1
L1-L2,147,155,,1
L1-L2,147,156,,1
L1-L2,147,158,,1
L1-L2,147,159,,1
L1-L2,147,160,,1
L1-L2,147,164,,1
L1-L2,147,167,,1
L1-L2,147,168,,1
L1-L2,147,169,,1
L1-L2,147,175,,1
L1-L2,147,177,,1
L1-L2,147,184,,1
L1-L2,147,185,,1
L1-L2,147,186,,1
L1-L2,147,187,,1
L1-L2,147,189,,1
L1-L2,147,191,,1
L1-L2,147,192,,1
L1-L2,147,194,,1
L1-L2,147,195,,1
L1-L2,147,196,,1
L1-L2,147,198,,1
L1-L2,147,201,,1
L1-L2,147,202,,1
L1-L2,147,204,,1
L1-L2,147,205,,1
L1-L2,147,207,,1
L1-L2,147,209,,1
L1-L2,147,214,,1
L1-L2,147,216,,1
L1-L2,147,217,,1
L1-L2,147,219,,1
L1-L2,147,221,,1
L1-L2,147,227,,1
L1-L2,147,228,,1
L1-L2,147,233,,1
L1-L2,147,236,,1
L1-L2,147,240,,1
L1-L2,147,241,,1
L1-L2,147,245,,1
L1-L2,147,247,,1
L1-L2,147,249,,1
L1-L2,147,253,,1
L1-L2,148,5,,1
L1-L2,148,7,,1
L1-L2,148,8,,1
L1-L2,148,9,,1
L1-L2,148,10,,1
L1-L2,148,12,,1
L1-L2,148,13,,1
L1-L2,148,18,,1
L1-L2,148,19,,1
L1-L2,148,21,,1
L1-L2,148,24,,1
L1-L2,148,30,,1
L1-L2,148,35,,1
L1-L2,148,38,,1
L1-L2,148,41,,1
L1-L2,148,43,,1
L1-L2,148,44,,1
L1-L2,148,51,,1
L1-L2,148,52,,1
L1-L2,148,53,,1
L1-L2,148,61,,1
L1-L2,148,68,,1
L1-L2,148,70,,1
L1-L2,148,75,,1
L1-L2,148,76,,1
L1-L2,148,77,,1
L1-L2,148,82,,1
L1-L2,148,84,,1
L1-L2,148,90,,1
L1-L2,148,91,,1
L1-L2,148,92,,1
L1-L2,148,93,,1
L1-L2,148,95,,1
L1-L2,148,98,,1
L1-L2,148,101,,1
L1-L2,148,104,,1
L1-L2,148,105,,1
L1-L2,148,107,,1
L1-L2,148,118,,1
L1-L2,148,119,,1
L1-L2,148,120,,1
L1-L2,148,123,,1
L1-L2,148,125,,1
L1-L2,148,126,,1
L1-L2,148,128,,1
L1-L2,148,129,,1
L1-L2,148,131,,1
L1-L2,148,132,,1
L1-L2,148,135,,1
L1-L2,148,138,,1
L1-L2,148,139,,1
L1-L2,148,140,,1
L1-L2,148,142,,1
L1-L2,148,143,,1
L1-L2,148,144,,1
L1-L2,148,147,,1
L1-L2,148,151,,1
L1-L2,148,155,,1
L1-L2,148,158,,1
L1-L2,148,159,,1
L1-L2,148,165,,1
L1-L2,148,166,,1
L1-L2,148,167,,1
L1-L2,148,168,,1
L1-L2,148,171,,1
L1-L2,148,172,,1
L1-L2,148,173,,1
L1-L2,148,175,,1
L1-L2,148,178,,1
L1-L2,148,180,,1
L1-L2,148,181,,1
L1-L2,148,183,,1
L1-L2,148,185,,1
L1-L2,148,186,,1
L1-L2,148,188,,1
L1-L2,148,189,,1
L1-L2,148,192,,1
L1-L2,148,193,,1
L1-L2,148,194,,1
L1-L2,148,195,,1
L1-L2,148,199,,1
L1-L2,148,201,,1
L1-L2,148,202,,1
L1-L2,148,203,,1
L1-L2,148,205,,1
L1-L2,148,207,,1
L1-L2,148,208,,1
L1-L2,148,209,,1
L1-L2,148,216,,1
L1-L2,148,219,,1
L1-L2,148,220,,1
L1-L2,148,223,,1
L1-L2,148,225,,1
L1-L2,148,227,,1
L1-L2,148,228,,1
L1-L2,148,236,,1
L1-L2,148,239,,1
L1-L2,148,241,,1
L1-L2,148,244,,1
L1-L2,148,245,,1
L1-L2,148,247,,1
L1-L2,148,248,,1
L1-L2,148,249,,1
L1-L2,148,250,,1
L1-L2,148,251,,1
L1-L2,148,254,,1
L1-L2,148,255,,1
L1-L2,149,0,,1
L1-L2,149,7,,1
L1-L2,149,14,,1
L1-L2,149,15,,1
L1-L2,149,18,,1
L1-L2,149,22,,1
L1-L2,149,27,,1
L1-L2,149,28,,1
L1-L2,149,29,,1
L1-L2,149,35,,1
L1-L2,149,37,,1
L1-L2,149,38,,1
L1-L2,149,39,,1
L1-L2,149,40,,1
L1-L2,149,45,,1
L1-L2,149,46,,1
L1-L2,149,47,,1
L1-L2,149,49,,1
L1-L2,149,52,,1
L1-L2,149,56,,1
L1-L2,149,57,,1
L1-L2,149,63,,1
L1-L2,149,66,,1
L1-L2,149,68,,1
L1-L2,149,70,,1
L1-L2,149,71,,1
L1-L2,149,72,,1
L1-L2,149,74,,1
L1-L2,149,77,,1
L1-L2,149,80,,1
L1-L2,149,85,,1
L1-L2,149,86,,1
L1-L2,149,87,,1
L1-L2,149,90,,1
L1-L2,149,91,,1
L1-L2,149,95,,1
L1-L2,149,96,,1
L1-L2,149,99,,1
L1-L2,149,102,,1
L1-L2,149,103,,1
L1-L2,149,104,,1
L1-L2,149,105,,1
L1-L2,149,108,,1
L1-L2,149,109,,1
L1-L2,149,111,,1
L1-L2,149,112,,1
L1-L2,149,113,,1
L1-L2,149,114,,1
L1-L2,149,115,,1
L1-L2,149,117,,1
L1-L2,149,118,,1
L1-L2,149,120,,1
L1-L2,149,121,,1
L1-L2,149,123,,1
L1-L2,149,124,,1
L1-L2,149,126,,1
L1-L2,149,127,,1
L1-L2,149,129,,1
L1-L2,149,136,,1
L1-L2,149,137,,1
L1-L2,149,147,,1
L1-L2,149,152,,1
L1-L2,149,153,,1
L1-L2,149,154,,1
L1-L2,149,159,,1
L1-L2,149,160,,1
L1-L2,149,161,,1
L1-L2,149,163,,1
L1-L2,149,169,,1
L1-L2,149,172,,1
L1-L2,149,173,,1
L1-L2,149,174,,1
L1-L2,149,175,,1
L1-L2,149,176,,1
L1-L2,149,180,,1
L1-L2,149,184,,1
L1-L2,149,189,,1
L1-L2,149,190,,1
L1-L2,149,194,,1
L1-L2,149,197,,1
L1-L2,149,198,,1
L1-L2,149,199,,1
L1-L2,149,200,,1
L1-L2,149,201,,1
L1-L2,149,202,,1
L1-L2,149,204,,1
L1-L2,149,205,,1
L1-L2,149,206,,1
L1-L2,149,207,,1
L1-L2,149,208,,1
L1-L2,149,209,,1
L1-L2,149,210,,1
L1-L2,149,211,,1
L1-L2,149,212,,1
L1-L2,149,217,,1
L1-L2,149,218,,1
L1-L2,149,221,,1
L1-L2,149,222,,1
L1-L2,149,223,,1
L1-L2,149,225,,1
L1-L2,149,227,,1
L1-L2,149,228,,1
L1-L2,149,230,,1
L1-L2,149,231,,1
L1-L2,149,233,,1
L1-L2,149,234,,1
L1-L2,149,235,,1
L1-L2,149,236,,1
L1-L2,149,241,,1
L1-L2,149,242,,1
L1-L2,149,245,,1
L1-L2,149,247,,1
L1-L2,149,250,,1
L1-L2,149,252,,1
L1-L2,149,255,,1
L1-L2,150,1,,1
L1-L2,150,3,,1
L1-L2,150,6,,1
L1-L2,150,9,,1
L1-L2,150,10,,1
L1-L2,150,13,,1
L1-L2,150,16,,1
L1-L2,150,17,,1
L1-L2,150,19,,1
L1-L2,150,24,,1
L1-L2,150,26,,1
L1-L2,150,29,,1
L1-L2,150,30,,1
L1-L2,150,34,,1
L1-L2,150,38,,1
L1-L2,150,41,,1
L1-L2,150,44,,1
L1-L2,150,49,,1
L1-L2,150,50,,1
L1-L2,150,51,,1
L1-L2,150,52,,1
L1-L2,150,53,,1
L1-L2,150,54,,1
L1-L2,150,56,,1
L1-L2,150,58,,1
L1-L2,150,60,,1
L1-L2,150,64,,1
L1-L2,150,65,,1
L1-L2,150,69,,1
L1-L2,150,74,,1
L1-L2,150,77,,1
L1-L2,150,82,,1
L1-L2,150,85,,1
L1-L2,150,87,,1
L1-L2,150,88,,1
L1-L2,150,92,,1
L1-L2,150,95,,1
L1-L2,150,96,,1
L1-L2,150,99,,1
L1-L2,150,100,,1
L1-L2,150,101,,1
L1-L2,150,102,,1
L1-L2,150,106,,1
L1-L2,150,107,,1
L1-L2,150,112,,1
L1-L2,150,116,,1
L1-L2,150,125,,1
L1-L2,150,126,,1
L1-L2,150,127,,1
L1-L2,150,130,,1
L1-L2,150,132,,1
L1-L2,150,138,,1
L1-L2,150,146,,1
L1-L2,150,150,,1
L1-L2,150,151,,1
L1-L2,150,152,,1
L1-L2,150,158,,1
L1-L2,150,160,,1
L1-L2,150,166,,1
L1-L2,150,167,,1
L1-L2,150,172,,1
L1-L2,150,177,,1
L1-L2,150,180,,1
L1-L2,150,181,,1
L1-L2,150,183,,1
L1-L2,150,189,,1
L1-L2,150,191,,1
L1-L2,150,193,,1
L1-L2,150,195,,1
L1-L2,150,200,,1
L1-L2,150,201,,1
L1-L2,150,206,,1
L1-L2,150,207,,1
L1-L2,150,209,,1
L1-L2,150,210,,1
L1-L2,150,211,,1
L1-L2,150,212,,1
L1-L2,150,213,,1
L1-L2,150,214,,1
L1-L2,150,215,,1
L1-L2,150,216,,1
L1-L2,150,218,,1
L1-L2,150,219,,1
L1-L2,150,220,,1
L1-L2,150,223,,1
L1-L2,150,229,,1
L1-L2,150,230,,1
L1-L2,150,231,,1
L1-L2,150,233,,1
L1-L2,150,234,,1
L1-L2,150,235,,1
L1-L2,150,236,,1
L1-L2,150,237,,1
L1-L2,150,239,,1
L1-L2,150,240,,1
L1-L2,150,241,,1
L1-L2,150,242,,1
L1-L2,150,244,,1
L1-L2,150,245,,1
L1-L2,150,246,,1
L1-L2,150,248,,1
L1-L2,150,250,,1
L1-L2,150,252,,1
L1-L2,150,253,,1
L1-L2,150,254,,1
L1-L2,150,255,,1
L1-L2,151,1,,1
L1-L2,151,11,,1
L1-L2,151,13,,1
L1-L2,151,18,,1
L1-L2,151,23,,1
L1-L2,151,25,,1
L1-L2,151,26,,1
L1-L2,151,38,,1
L1-L2,151,39,,1
L1-L2,151,40,,1
L1-L2,151,42,,1
L1-L2,151,44,,1
L1-L2,151,48,,1
L1-L2,151,61,,1
L1-L2,151,63,,1
L1-L2,151,68,,1
L1-L2,151,71,,1
L1-L2,151,73,,1
L1-L2,151,76,,1
L1-L2,151,77,,1
L1-L2,151,78,,1
L1-L2,151,79,,1
L1-L2,151,84,,1
L1-L2,151,85,,1
L1-L2,151,86,,1
L1-L2,151,87,,1
L1-L2,151,89,,1
L1-L2,151,90,,1
L1-L2,151,93,,1
L1-L2,151,96,,1
L1-L2,151,100,,1
L1-L2,151,102,,1
L1-L2,151,103,,1
L1-L2,151,112,,1
L1-L2,151,114,,1
L1-L2,151,116,,1
L1-L2,151,118,,1
L1-L2,151,130,,1
L1-L2,151,133,,1
L1-L2,151,134,,1
L1-L2,151,138,,1
L1-L2,151,143,,1
L1-L2,151,144,,1
L1-L2,151,150,,1
L1-L2,151,151,,1
L1-L2,151,156,,1
L1-L2,151,159,,1
L1-L2,151,160,,1
L1-L2,151,161,,1
L1-L2,151,163,,1
L1-L2,151,165,,1
L1-L2,151,166,,1
L1-L2,151,172,,1
L1-L2,151,173,,1
L1-L2,151,174,,1
L1-L2,151,177,,1
L1-L2,151,180,,1
L1-L2,151,183,,1
L1-L2,151,186,,1
L1-L2,151,189,,1
L1-L2,151,191,,1
L1-L2,151,200,,1
L1-L2,151,201,,1
L1-L2,151,204,,1
L1-L2,151,205,,1
L1-L2,151,206,,1
L1-L2,151,208,,1
L1-L2,151,211,,1
L1-L2,151,218,,1
L1-L2,151,220,,1
L1-L2,151,221,,1
L1-L2,151,223,,1
L1-L2,151,224,,1
L1-L2,151,227,,1
L1-L2,151,231,,1
L1-L2,151,236,,1
L1-L2,151,237,,1
L1-L2,151,238,,1
L1-L2,151,239,,1
L1-L2,151,243,,1
L1-L2,151,245,,1
L1-L2,151,246,,1
L1-L2,151,249,,1
L1-L2,151,251,,1
L1-L2,151,253,,1
L1-L2,152,8,,1
L1-L2,152,9,,1
L1-L2,152,10,,1
L1-L2,152,15,,1
L1-L2,152,20,,1
L1-L2,152,23,,1
L1-L2,152,24,,1
L1-L2,152,26,,1
L1-L2,152,29,,1
L1-L2,152,35,,1
L1-L2,152,41,,1
L1-L2,152,42,,1
L1-L2,152,48,,1
L1-L2,152,55,,1
L1-L2,152,59,,1
L1-L2,152,66,,1
L1-L2,152,69,,1
L1-L2,152,72,,1
L1-L2,152,86,,1
L1-L2,152,88,,1
L1-L2,152,89,,1
L1-L2,152,90,,1
L1-L2,152,95,,1
L1-L2,152,97,,1
L1-L2,152,98,,1
L1-L2,152,101,,1
L1-L2,152,104,,1
L1-L2,152,106,,1
L1-L2,152,109,,1
L1-L2,152,111,,1
L1-L2,152,117,,1
L1-L2,152,127,,1
L1-L2,152,128,,1
L1-L2,152,129,,1
L1-L2,152,134,,1
L1-L2,152,142,,1
L1-L2,152,144,,1
L1-L2,152,146,,1
L1-L2,152,147,,1
L1-L2,152,150,,1
L1-L2,152,154,,1
L1-L2,152,155,,1
L1-L2,152,157,,1
L1-L2,152,164,,1
L1-L2,152,167,,1
L1-L2,152,168,,1
L1-L2,152,169,,1
L1-L2,152,170,,1
L1-L2,152,172,,1
L1-L2,152,174,,1
L1-L2,152,180,,1
L1-L2,152,185,,1
L1-L2,152,190,,1
L1-L2,152,196,,1
L1-L2,152,198,,1
L1-L2,152,199,,1
L1-L2,152,202,,1
L1-L2,152,206,,1
L1-L2,152,209,,1
L1-L2,152,218,,1
L1-L2,152,220,,1
L1-L2,152,226,,1
L1-L2,152,229,,1
L1-L2,152,230,,1
L1-L2,152,231,,1
L1-L2,152,235,,1
L1-L2,152,236,,1
L1-L2,152,237,,1
L1-L2,152,241,,1
L1-L2,152,242,,1
L1-L2,152,244,,1
L1-L2,152,245,,1
L1-L2,152,248,,1
L1-L2,152,254,,1
L1-L2,153,0,,1
L1-L2,153,1,,1
L1-L2,153,6,,1
L1-L2,153,7,,1
L1-L2,153,13,,1
L1-L2,153,15,,1
L1-L2,153,22,,1
L1-L2,153,34,,1
L1-L2,153,37,,1
L1-L2,153,50,,1
L1-L2,153,51,,1
L1-L2,153,54,,1
L1-L2,153,60,,1
L1-L2,153,61,,1
L1-L2,153,65,,1
L1-L2,153,66,,1
L1-L2,153,67,,1
L1-L2,153,69,,1
L1-L2,153,93,,1
L1-L2,153,96,,1
L1-L2,153,98,,1
L1-L2,153,100,,1
L1-L2,153,101,,1
L1-L2,153,104,,1
L1-L2,153,105,,1
L1-L2,153,108,,1
L1-L2,153,110,,1
L1-L2,153,120,,1
L1-L2,153,122,,1
L1-L2,153,124,,1
L1-L2,153,132,,1
L1-L2,153,139,,1
L1-L2,153,143,,1
L1-L2,153,148,,1
L1-L2,153,150,,1
L1-L2,153,153,,1
L1-L2,153,157,,1
L1-L2,153,158,,1
L1-L2,153,159,,1
L1-L2,153,160,,1
L1-L2,153,173,,1
L1-L2,153,175,,1
L1-L2,153,177,,1
L1-L2,153,179,,1
L1-L2,153,181,,1
L1-L2,153,195,,1
L1-L2,153,198,,1
L1-L2,153,205,,1
L1-L2,153,209,,1
L1-L2,153,211,,1
L1-L2,153,213,,1
L1-L2,153,215,,1
L1-L2,153,216,,1
L1-L2,153,224,,1
L1-L2,153,225,,1
L1-L2,153,226,,1
L1-L2,153,228,,1
L1-L2,153,231,,1
L1-L2,153,232,,1
L1-L2,153,245,,1
L1-L2,153,247,,1
L1-L2,153,251,,1
L1-L2,153,253,,1
L1-L2,154,1,,1
L1-L2,154,5,,1
L1-L2,154,9,,1
L1-L2,154,12,,1
L1-L2,154,17,,1
L1-L2,154,28,,1
L1-L2,154,30,,1
L1-L2,154,38,,1
L1-L2,154,39,,1
L1-L2,154,43,,1
L1-L2,154,46,,1
L1-L2,154,48,,1
L1-L2,154,53,,1
L1-L2,154,57,,1
L1-L2,154,58,,1
L1-L2,154,61,,1
L1-L2,154,62,,1
L1-L2,154,63,,1
L1-L2,154,69,,1
L1-L2,154,80,,1
L1-L2,154,84,,1
L1-L2,154,85,,1
L1-L2,154,88,,1
L1-L2,154,89,,1
L1-L2,154,92,,1
L1-L2,154,94,,1
L1-L2,154,95,,1
L1-L2,154,100,,1
L1-L2,154,104,,1
L1-L2,154,105,,1
L1-L2,154,106,,1
L1-L2,154,109,,1
L1-L2,154,112,,1
L1-L2,154,113,,1
L1-L2,154,119,,1
L1-L2,154,120,,1
L1-L2,154,125,,1
L1-L2,154,129,,1
L1-L2,154,130,,1
L1-L2,154,132,,1
L1-L2,154,134,,1
L1-L2,154,135,,1
L1-L2,154,139,,1
L1-L2,154,140,,1
L1-L2,154,143,,1
L1-L2,154,144,,1
L1-L2,154,145,,1
L1-L2,154,147,,1
L1-L2,154,149,,1
L1-L2,154,154,,1
L1-L2,154,156,,1
L1-L2,154,157,,1
L1-L2,154,158,,1
L1-L2,154,162,,1
L1-L2,154,164,,1
L1-L2,154,169,,1
L1-L2,154,172,,1
L1-L2,154,173,,1
L1-L2,154,174,,1
L1-L2,154,177,,1
L1-L2,154,179,,1
L1-L2,154,180,,1
L1-L2,154,181,,1
L1-L2,154,183,,1
L1-L2,154,186,,1
L1-L2,154,187,,1
L1-L2,154,188,,1
L1-L2,154,189,,1
L1-L2,154,191,,1
L1-L2,154,193,,1
L1-L2,154,195,,1
L1-L2,154,196,,1
L1-L2,154,206,,1
L1-L2,154,210,,1
L1-L2,154,214,,1
L1-L2,154,215,,1
L1-L2,154,217,,1
L1-L2,154,222,,1
L1-L2,154,225,,1
L1-L2,154,227,,1
L1-L2,154,235,,1
L1-L2,154,243,,1
L1-L2,154,244,,1
L1-L2,154,245,,1
L1-L2,154,246,,1
L1-L2,154,247,,1
L1-L2,154,250,,1
L1-L2,154,251,,1
L1-L2,154,253,,1
L1-L2,155,1,,1
L1-L2,155,4,,1
L1-L2,155,5,,1
L1-L2,155,7,,1
L1-L2,155,8,,1
L1-L2,155,13,,1
L1-L2,155,15,,1
L1-L2,155,17,,1
L1-L2,155,18,,1
L1-L2,155,20,,1
L1-L2,155,21,,1
L1-L2,155,32,,1
L1-L2,155,33,,1
L1-L2,155,35,,1
L1-L2,155,37,,1
L1-L2,155,42,,1
L1-L2,155,43,,1
L1-L2,155,44,,1
L1-L2,155,47,,1
L1-L2,155,58,,1
L1-L2,155,64,,1
L1-L2,155,66,,1
L1-L2,155,69,,1
L1-L2,155,71,,1
L1-L2,155,74,,1
L1-L2,155,78,,1
L1-L2,155,84,,1
L1-L2,155,86,,1
L1-L2,155,88,,1
L1-L2,155,90,,1
L1-L2,155,96,,1
L1-L2,155,97,,1
L1-L2,155,104,,1
L1-L2,155,105,,1
L1-L2,155,107,,1
L1-L2,155,113,,1
L1-L2,155,114,,1
L1-L2,155,115,,1
L1-L2,155,118,,1
L1-L2,155,119,,1
L1-L2,155,122,,1
L1-L2,155,124,,1
L1-L2,155,126,,1
L1-L2,155,127,,1
L1-L2,155,130,,1
L1-L2,155,131,,1
L1-L2,155,134,,1
L1-L2,155,135,,1
L1-L2,155,137,,1
L1-L2,155,138,,1
L1-L2,155,141,,1
L1-L2,155,144,,1
L1-L2,155,145,,1
L1-L2,155,147,,1
L1-L2,155,148,,1
L1-L2,155,150,,1
L1-L2,155,151,,1
L1-L2,155,152,,1
L1-L2,155,156,,1
L1-L2,155,157,,1
L1-L2,155,160,,1
L1-L2,155,163,,1
L1-L2,155,168,,1
L1-L2,155,172,,1
L1-L2,155,173,,1
L1-L2,155,174,,1
L1-L2,155,179,,1
L1-L2,155,186,,1
L1-L2,155,187,,1
L1-L2,155,188,,1
L1-L2,155,189,,1
L1-L2,155,191,,1
L1-L2,155,192,,1
L1-L2,155,193,,1
L1-L2,155,205,,1
L1-L2,155,207,,1
L1-L2,155,208,,1
L1-L2,155,211,,1
L1-L2,155,212,,1
L1-L2,155,216,,1
L1-L2,155,217,,1
L1-L2,155,220,,1
L1-L2,155,224,,1
L1-L2,155,231,,1
L1-L2,155,236,,1
L1-L2,155,240,,1
L1-L2,155,242,,1
L1-L2,155,244,,1
L1-L2,155,249,,1
L1-L2,155,250,,1
L1-L2,155,253,,1
L1-L2,156,2,,1
L1-L2,156,6,,1
L1-L2,156,10,,1
L1-L2,156,11,,1
L1-L2,156,19,,1
L1-L2,156,20,,1
L1-L2,156,22,,1
L1-L2,156,23,,1
L1-L2,156,26,,1
L1-L2,156,27,,1
L1-L2,156,28,,1
L1-L2,156,30,,1
L1-L2,156,37,,1
L1-L2,156,38,,1
L1-L2,156,44,,1
L1-L2,156,45,,1
L1-L2,156,46,,1
L1-L2,156,48,,1
L1-L2,156,50,,1
L1-L2,156,52,,1
L1-L2,156,55,,1
L1-L2,156,56,,1
L1-L2,156,58,,1
L1-L2,156,62,,1
L1-L2,156,63,,1
L1-L2,156,66,,1
L1-L2,156,67,,1
L1-L2,156,71,,1
L1-L2,156,72,,1
L1-L2,156,80,,1
L1-L2,156,81,,1
L1-L2,156,86,,1
L1-L2,156,87,,1
L1-L2,156,93,,1
L1-L2,156,94,,1
L1-L2,156,97,,1
L1-L2,156,99,,1
L1-L2,156,101,,1
L1-L2,156,102,,1
L1-L2,156,103,,1
L1-L2,156,104,,1
L1-L2,156,105,,1
L1-L2,156,106,,1
L1-L2,156,111,,1
L1-L2,156,112,,1
L1-L2,156,116,,1
L1-L2,156,119,,1
L1-L2,156,121,,1
L1-L2,156,126,,1
L1-L2,156,131,,1
L1-L2,156,132,,1
L1-L2,156,136,,1
L1-L2,156,139,,1
L1-L2,156,140,,1
L1-L2,156,143,,1
L1-L2,156,146,,1
L1-L2,156,149,,1
L1-L2,156,151,,1
L1-L2,156,154,,1
L1-L2,156,156,,1
L1-L2,156,166,,1
L1-L2,156,167,,1
L1-L2,156,170,,1
L1-L2,156,171,,1
L1-L2,156,172,,1
L1-L2,156,173,,1
L1-L2,156,177,,1
L1-L2,156,180,,1
L1-L2,156,183,,1
L1-L2,156,184,,1
L1-L2,156,185,,1
L1-L2,156,187,,1
L1-L2,156,188,,1
L1-L2,156,190,,1
L1-L2,156,191,,1
L1-L2,156,192,,1
L1-L2,156,193,,1
L1-L2,156,195,,1
L1-L2,156,197,,1
L1-L2,156,199,,1
L1-L2,156,201,,1
L1-L2,156,202,,1
L1-L2,156,204,,1
L1-L2,156,210,,1
L1-L2,156,211,,1
L1-L2,156,213,,1
L1-L2,156,215,,1
L1-L2,156,216,,1
L1-L2,156,218,,1
L1-L2,156,219,,1
L1-L2,156,221,,1
L1-L2,156,222,,1
L1-L2,156,223,,1
L1-L2,156,224,,1
L1-L2,156,226,,1
L1-L2,156,228,,1
L1-L2,156,229,,1
L1-L2,156,231,,1
L1-L2,156,236,,1
L1-L2,156,238,,1
L1-L2,156,239,,1
L1-L2,156,241,,1
L1-L2,156,243,,1
L1-L2,156,247,,1
L1-L2,156,248,,1
L1-L2,156,249,,1
L1-L2,156,251,,1
L1-L2,156,253,,1
L1-L2,156,254,,1
L1-L2,157,2,,1
L1-L2,157,3,,1
L1-L2,157,6,,1
L1-L2,157,10,,1
L1-L2,157,13,,1
L1-L2,157,14,,1
L1-L2,157,15,,1
L1-L2,157,17,,1
L1-L2,157,20,,1
L1-L2,157,25,,1
L1-L2,157,30,,1
L1-L2,157,34,,1
L1-L2,157,42,,1
L1-L2,157,48,,1
L1-L2,157,51,,1
L1-L2,157,60,,1
L1-L2,157,61,,1
L1-L2,157,62,,1
L1-L2,157,68,,1
L1-L2,157,69,,1
L1-L2,157,70,,1
L1-L2,157,72,,1
L1-L2,157,75,,1
L1-L2,157,82,,1
L1-L2,157,83,,1
L1-L2,157,94,,1
L1-L2,157,98,,1
L1-L2,157,99,,1
L1-L2,157,100,,1
L1-L2,157,101,,1
L1-L2,157,102,,1
L1-L2,157,103,,1
L1-L2,157,104,,1
L1-L2,157,111,,1
L1-L2,157,112,,1
L1-L2,157,113,,1
L1-L2,157,116,,1
L1-L2,157,121,,1
L1-L2,157,126,,1
L1-L2,157,127,,1
L1-L2,157,137,,1
L1-L2,157,142,,1
L1-L2,157,143,,1
L1-L2,157,145,,1
L1-L2,157,146,,1
L1-L2,157,147,,1
L1-L2,157,149,,1
L1-L2,157,154,,1
L1-L2,157,155,,1
L1-L2,157,156,,1
L1-L2,157,157,,1
L1-L2,157,159,,1
L1-L2,157,161,,1
L1-L2,157,164,,1
L1-L2,157,169,,1
L1-L2,157,171,,1
L1-L2,157,173,,1
L1-L2,157,177,,1
L1-L2,157,178,,1
L1-L2,157,180,,1
L1-L2,157,181,,1
L1-L2,157,182,,1
L1-L2,157,185,,1
L1-L2,157,186,,1
L1-L2,157,187,,1
L1-L2,157,192,,1
L1-L2,157,193,,1
L1-L2,157,195,,1
L1-L2,157,197,,1
L1-L2,157,198,,1
L1-L2,157,200,,1
L1-L2,157,205,,1
L1-L2,157,208,,1
L1-L2,157,209,,1
L1-L2,157,210,,1
L1-L2,157,214,,1
L1-L2,157,218,,1
L1-L2,157,219,,1
L1-L2,157,221,,1
L1-L2,157,222,,1
L1-L2,157,224,,1
L1-L2,157,230,,1
L1-L2,157,231,,1
L1-L2,157,234,,1
L1-L2,157,236,,1
L1-L2,157,237,,1
L1-L2,157,238,,1
L1-L2,157,246,,1
L1-L2,157,249,,1
L1-L2,157,250,,1
L1-L2,157,254,,1
L1-L2,157,255,,1
L1-L2,158,0,,1
L1-L2,158,4,,1
L1-L2,158,10,,1
L1-L2,158,12,,1
L1-L2,158,18,,1
L1-L2,158,19,,1
L1-L2,158,30,,1
L1-L2,158,35,,1
L1-L2,158,36,,1
L1-L2,158,38,,1
L1-L2,158,43,,1
L1-L2,158,50,,1
L1-L2,158,51,,1
L1-L2,158,54,,1
L1-L2,158,56,,1
L1-L2,158,57,,1
L1-L2,158,58,,1
L1-L2,158,59,,1
L1-L2,158,60,,1
L1-L2,158,61,,1
L1-L2,158,62,,1
L1-L2,158,65,,1
L1-L2,158,67,,1
L1-L2,158,70,,1
L1-L2,158,71,,1
L1-L2,158,82,,1
L1-L2,158,88,,1
L1-L2,158,89,,1
L1-L2,158,90,,1
L1-L2,158,94,,1
L1-L2,158,95,,1
L1-L2,158,96,,1
L1-L2,158,98,,1
L1-L2,158,107,,1
L1-L2,158,112,,1
L1-L2,158,114,,1
L1-L2,158,116,,1
L1-L2,158,123,,1
L1-L2,158,126,,1
L1-L2,158,128,,1
L1-L2,158,131,,1
L1-L2,158,133,,1
L1-L2,158,137,,1
L1-L2,158,140,,1
L1-L2,158,144,,1
L1-L2,158,147,,1
L1-L2,158,148,,1
L1-L2,158,150,,1
L1-L2,158,158,,1
L1-L2,158,159,,1
L1-L2,158,161,,1
L1-L2,158,164,,1
L1-L2,158,166,,1
L1-L2,158,171,,1
L1-L2,158,179,,1
L1-L2,158,180,,1
L1-L2,158,181,,1
L1-L2,158,185,,1
L1-L2,158,186,,1
L1-L2,158,187,,1
L1-L2,158,190,,1
L1-L2,158,191,,1
L1-L2,158,192,,1
L1-L2,158,193,,1
L1-L2,158,194,,1
L1-L2,158,196,,1
L1-L2,158,199,,1
L1-L2,158,204,,1
L1-L2,158,209,,1
L1-L2,158,211,,1
L1-L2,158,213,,1
L1-L2,158,214,,1
L1-L2,158,217,,1
L1-L2,158,221,,1
L1-L2,158,222,,1
L1-L2,158,223,,1
L1-L2,158,226,,1
L1-L2,158,227,,1
L1-L2,158,228,,1
L1-L2,158,229,,1
L1-L2,158,237,,1
L1-L2,158,238,,1
L1-L2,158,241,,1
L1-L2,158,242,,1
L1-L2,158,247,,1
L1-L2,158,249,,1
L1-L2,158,251,,1
L1-L2,158,254,,1
L1-L2,159,7,,1
L1-L2,159,8,,1
L1-L2,159,12,,1
L1-L2,159,21,,1
L1-L2,159,23,,1
L1-L2,159,25,,1
L1-L2,159,26,,1
L1-L2,159,27,,1
L1-L2,159,28,,1
L1-L2,159,29,,1
L1-L2,159,30,,1
L1-L2,159,34,,1
L1-L2,159,35,,1
L1-L2,159,36,,1
L1-L2,159,37,,1
L1-L2,159,40,,1
L1-L2,159,49,,1
L1-L2,159,53,,1
L1-L2,159,57,,1
L1-L2,159,58,,1
L1-L2,159,77,,1
L1-L2,159,79,,1
L1-L2,159,83,,1
L1-L2,159,90,,1
L1-L2,159,97,,1
L1-L2,159,99,,1
L1-L2,159,100,,1
L1-L2,159,101,,1
L1-L2,159,103,,1
L1-L2,159,109,,1
L1-L2,159,111,,1
L1-L2,159,114,,1
L1-L2,159,115,,1
L1-L2,159,120,,1
L1-L2,159,121,,1
L1-L2,159,129,,1
L1-L2,159,132,,1
L1-L2,159,144,,1
L1-L2,159,147,,1
L1-L2,159,149,,1
L1-L2,159,150,,1
L1-L2,159,152,,1
L1-L2,159,157,,1
L1-L2,159,165,,1
L1-L2,159,168,,1
L1-L2,159,169,,1
L1-L2,159,174,,1
L1-L2,159,175,,1
L1-L2,159,176,,1
L1-L2,159,177,,1
L1-L2,159,181,,1
L1-L2,159,182,,1
L1-L2,159,183,,1
L1-L2,159,187,,1
L1-L2,159,190,,1
L1-L2,159,191,,1
L1-L2,159,194,,1
L1-L2,159,196,,1
L1-L2,159,197,,1
L1-L2,159,199,,1
L1-L2,159,204,,1
L1-L2,159,208,,1
L1-L2,159,209,,1
L1-L2,159,212,,1
L1-L2,159,223,,1
L1-L2,159,226,,1
L1-L2,159,229,,1
L1-L2,159,231,,1
L1-L2,159,232,,1
L1-L2,159,238,,1
L1-L2,159,240,,1
L1-L2,159,241,,1
L1-L2,159,247,,1
L1-L2,159,249,,1
L1-L2,159,253,,1
L1-L2,160,0,,1
L1-L2,160,6,,1
L1-L2,160,8,,1
L1-L2,160,13,,1
L1-L2,160,19,,1
L1-L2,160,20,,1
L1-L2,160,24,,1
L1-L2,160,26,,1
L1-L2,160,28,,1
L1-L2,160,29,,1
L1-L2,160,33,,1
L1-L2,160,34,,1
L1-L2,160,37,,1
L1-L2,160,41,,1
L1-L2,160,42,,1
L1-L2,160,46,,1
L1-L2,160,47,,1
L1-L2,160,49,,1
L1-L2,160,51,,1
L1-L2,160,53,,1
L1-L2,160,54,,1
L1-L2,160,58,,1
L1-L2,160,60,,1
L1-L2,160,66,,1
L1-L2,160,67,,1
L1-L2,160,69,,1
L1-L2,160,70,,1
L1-L2,160,72,,1
L1-L2,160,81,,1
L1-L2,160,83,,1
L1-L2,160,84,,1
L1-L2,160,85,,1
L1-L2,160,87,,1
L1-L2,160,88,,1
L1-L2,160,89,,1
L1-L2,160,90,,1
L1-L2,160,93,,1
L1-L2,160,95,,1
L1-L2,160,97,,1
L1-L2,160,103,,1
L1-L2,160,107,,1
L1-L2,160,111,,1
L1-L2,160,112,,1
L1-L2,160,113,,1
L1-L2,160,116,,1
L1-L2,160,118,,1
L1-L2,160,120,,1
L1-L2,160,123,,1
L1-L2,160,124,,1
L1-L2,160,125,,1
L1-L2,160,126,,1
L1-L2,160,128,,1
L1-L2,160,131,,1
L1-L2,160,132,,1
L1-L2,160,133,,1
L1-L2,160,135,,1
L1-L2,160,136,,1
L1-L2,160,138,,1
L1-L2,160,139,,1
L1-L2,160,145,,1
L1-L2,160,149,,1
L1-L2,160,154,,1
L1-L2,160,156,,1
L1-L2,160,157,,1
L1-L2,160,160,,1
L1-L2,160,161,,1
L1-L2,160,163,,1
L1-L2,160,165,,1
L1-L2,160,166,,1
L1-L2,160,171,,1
L1-L2,160,173,,1
L1-L2,160,175,,1
L1-L2,160,177,,1
L1-L2,160,178,,1
L1-L2,160,179,,1
L1-L2,160,182,,1
L1-L2,160,184,,1
L1-L2,160,188,,1
L1-L2,160,189,,1
L1-L2,160,191,,1
L1-L2,160,192,,1
L1-L2,160,193,,1
L1-L2,160,196,,1
L1-L2,160,198,,1
L1-L2,160,199,,1
L1-L2,160,200,,1
L1-L2,160,202,,1
L1-L2,160,206,,1
L1-L2,160,208,,1
L1-L2,160,209,,1
L1-L2,160,211,,1
L1-L2,160,212,,1
L1-L2,160,214,,1
L1-L2,160,216,,1
L1-L2,160,220,,1
L1-L2,160,221,,1
L1-L2,160,222,,1
L1-L2,160,223,,1
L1-L2,160,231,,1
L1-L2,160,236,,1
L1-L2,160,237,,1
L1-L2,160,241,,1
L1-L2,160,242,,1
L1-L2,160,246,,1
L1-L2,160,253,,1
L1-L2,160,254,,1
L1-L2,160,255,,1
L1-L2,161,0,,1
L1-L2,161,1,,1
L1-L2,161,2,,1
L1-L2,161,7,,1
L1-L2,161,9,,1
L1-L2,161,10,,1
L1-L2,161,15,,1
L1-L2,161,16,,1
L1-L2,161,17,,1
L1-L2,161,19,,1
L1-L2,161,20,,1
L1-L2,161,21,,1
L1-L2,161,26,,1
L1-L2,161,30,,1
L1-L2,161,32,,1
L1-L2,161,34,,1
L1-L2,161,35,,1
L1-L2,161,49,,1
L1-L2,161,53,,1
L1-L2,161,54,,1
L1-L2,161,56,,1
L1-L2,161,58,,1
L1-L2,161,64,,1
L1-L2,161,81,,1
L1-L2,161,87,,1
L1-L2,161,89,,1
L1-L2,161,90,,1
L1-L2,161,96,,1
L1-L2,161,97,,1
L1-L2,161,100,,1
L1-L2,161,105,,1
L1-L2,161,107,,1
L1-L2,161,108,,1
L1-L2,161,110,,1
L1-L2,161,111,,1
L1-L2,161,117,,1
L1-L2,161,118,,1
L1-L2,161,120,,1
L1-L2,161,121,,1
L1-L2,161,122,,1
L1-L2,161,123,,1
L1-L2,161,124,,1
L1-L2,161,129,,1
L1-L2,161,130,,1
L1-L2,161,131,,1
L1-L2,161,132,,1
L1-L2,161,136,,1
L1-L2,161,145,,1
L1-L2,161,146,,1
L1-L2,161,148,,1
L1-L2,161,149,,1
L1-L2,161,152,,1
L1-L2,161,155,,1
L1-L2,161,156,,1
L1-L2,161,158,,1
L1-L2,161,160,,1
L1-L2,161,161,,1
L1-L2,161,163,,1
L1-L2,161,164,,1
L1-L2,161,167,,1
L1-L2,161,169,,1
L1-L2,161,171,,1
L1-L2,161,173,,1
L1-L2,161,175,,1
L1-L2,161,177,,1
L1-L2,161,178,,1
L1-L2,161,181,,1
L1-L2,161,184,,1
L1-L2,161,187,,1
L1-L2,161,188,,1
L1-L2,161,190,,1
L1-L2,161,191,,1
L1-L2,161,200,,1
L1-L2,161,201,,1
L1-L2,161,202,,1
L1-L2,161,204,,1
L1-L2,161,205,,1
L1-L2,161,206,,1
L1-L2,161,207,,1
L1-L2,161,208,,1
L1-L2,161,209,,1
L1-L2,161,212,,1
L1-L2,161,213,,1
L1-L2,161,214,,1
L1-L2,161,215,,1
L1-L2,161,216,,1
L1-L2,161,218,,1
L1-L2,161,219,,1
L1-L2,161,221,,1
L1-L2,161,222,,1
L1-L2,161,228,,1
L1-L2,161,231,,1
L1-L2,161,233,,1
L1-L2,161,234,,1
L1-L2,161,239,,1
L1-L2,161,242,,1
L1-L2,161,245,,1
L1-L2,161,246,,1
L1-L2,161,249,,1
L1-L2,161,250,,1
L1-L2,161,251,,1
L1-L2,161,252,,1
L1-L2,162,2,,1
L1-L2,162,5,,1
L1-L2,162,8,,1
L1-L2,162,12,,1
L1-L2,162,21,,1
L1-L2,162,32,,1
L1-L2,162,35,,1
L1-L2,162,39,,1
L1-L2,162,43,,1
L1-L2,162,47,,1
L1-L2,162,51,,1
L1-L2,162,53,,1
L1-L2,162,55,,1
L1-L2,162,56,,1
L1-L2,162,57,,1
L1-L2,162,58,,1
L1-L2,162,60,,1
L1-L2,162,62,,1
L1-L2,162,63,,1
L1-L2,162,76,,1
L1-L2,162,78,,1
L1-L2,162,81,,1
L1-L2,162,85,,1
L1-L2,162,86,,1
L1-L2,162,87,,1
L1-L2,162,88,,1
L1-L2,162,90,,1
L1-L2,162,91,,1
L1-L2,162,97,,1
L1-L2,162,102,,1
L1-L2,162,104,,1
L1-L2,162,106,,1
L1-L2,162,107,,1
L1-L2,162,112,,1
L1-L2,162,113,,1
L1-L2,162,118,,1
L1-L2,162,122,,1
L1-L2,162,123,,1
L1-L2,162,124,,1
L1-L2,162,125,,1
L1-L2,162,132,,1
L1-L2,162,133,,1
L1-L2,162,138,,1
L1-L2,162,143,,1
L1-L2,162,144,,1
L1-L2,162,146,,1
L1-L2,162,147,,1
L1-L2,162,148,,1
L1-L2,162,150,,1
L1-L2,162,157,,1
L1-L2,162,158,,1
L1-L2,162,163,,1
L1-L2,162,166,,1
L1-L2,162,168,,1
L1-L2,162,169,,1
L1-L2,162,171,,1
L1-L2,162,173,,1
L1-L2,162,174,,1
L1-L2,162,176,,1
L1-L2,162,181,,1
L1-L2,162,182,,1
L1-L2,162,186,,1
L1-L2,162,187,,1
L1-L2,162,188,,1
L1-L2,162,195,,1
L1-L2,162,197,,1
L1-L2,162,198,,1
L1-L2,162,199,,1
L1-L2,162,201,,1
L1-L2,162,206,,1
L1-L2,162,207,,1
L1-L2,162,209,,1
L1-L2,162,212,,1
L1-L2,162,213,,1
L1-L2,162,215,,1
L1-L2,162,221,,1
L1-L2,162,223,,1
L1-L2,162,226,,1
L1-L2,162,230,,1
L1-L2,162,231,,1
L1-L2,162,232,,1
L1-L2,162,235,,1
L1-L2,162,238,,1
L1-L2,162,241,,1
L1-L2,162,244,,1
L1-L2,162,249,,1
L1-L2,162,252,,1
L1-L2,162,253,,1
L1-L2,163,0,,1
L1-L2,163,1,,1
L1-L2,163,2,,1
L1-L2,163,3,,1
L1-L2,163,4,,1
L1-L2,163,5,,1
L1-L2,163,6,,1
L1-L2,163,7,,1
L1-L2,163,8,,1
L1-L2,163,9,,1
L1-L2,163,13,,1
L1-L2,163,16,,1
L1-L2,163,17,,1
L1-L2,163,19,,1
L1-L2,163,24,,1
L1-L2,163,30,,1
L1-L2,163,34,,1
L1-L2,163,35,,1
L1-L2,163,42,,1
L1-L2,163,43,,1
L1-L2,163,47,,1
L1-L2,163,48,,1
L1-L2,163,49,,1
L1-L2,163,51,,1
L1-L2,163,52,,1
L1-L2,163,56,,1
L1-L2,163,65,,1
L1-L2,163,67,,1
L1-L2,163,69,,1
L1-L2,163,70,,1
L1-L2,163,71,,1
L1-L2,163,73,,1
L1-L2,163,74,,1
L1-L2,163,75,,1
L1-L2,163,76,,1
L1-L2,163,78,,1
L1-L2,163,79,,1
L1-L2,163,82,,1
L1-L2,163,83,,1
L1-L2,163,89,,1
L1-L2,163,91,,1
L1-L2,163,94,,1
L1-L2,163,95,,1
L1-L2,163,100,,1
L1-L2,163,103,,1
L1-L2,163,104,,1
L1-L2,163,105,,1
L1-L2,163,110,,1
L1-L2,163,111,,1
L1-L2,163,112,,1
L1-L2,163,115,,1
L1-L2,163,117,,1
L1-L2,163,120,,1
L1-L2,163,121,,1
L1-L2,163,125,,1
L1-L2,163,133,,1
L1-L2,163,134,,1
L1-L2,163,137,,1
L1-L2,163,138,,1
L1-L2,163,142,,1
L1-L2,163,143,,1
L1-L2,163,145,,1
L1-L2,163,148,,1
L1-L2,163,151,,1
L1-L2,163,157,,1
L1-L2,163,159,,1
L1-L2,163,160,,1
L1-L2,163,161,,1
L1-L2,163,162,,1
L1-L2,163,164,,1
L1-L2,163,165,,1
L1-L2,163,171,,1
L1-L2,163,172,,1
L1-L2,163,174,,1
L1-L2,163,175,,1
L1-L2,163,176,,1
L1-L2,163,177,,1
L1-L2,163,178,,1
L1-L2,163,179,,1
L1-L2,163,180,,1
L1-L2,163,181,,1
L1-L2,163,182,,1
L1-L2,163,186,,1
L1-L2,163,190,,1
L1-L2,163,191,,1
L1-L2,163,192,,1
L1-L2,163,193,,1
L1-L2,163,194,,1
L1-L2,163,196,,1
L1-L2,163,198,,1
L1-L2,163,203,,1
L1-L2,163,204,,1
L1-L2,163,206,,1
L1-L2,163,207,,1
L1-L2,163,208,,1
L1-L2,163,210,,1
L1-L2,163,212,,1
L1-L2,163,213,,1
L1-L2,163,216,,1
L1-L2,163,220,,1
L1-L2,163,221,,1
L1-L2,163,222,,1
L1-L2,163,225,,1
L1-L2,163,226,,1
L1-L2,163,228,,1
L1-L2,163,229,,1
L1-L2,163,230,,1
L1-L2,163,231,,1
L1-L2,163,233,,1
L1-L2,163,234,,1
L1-L2,163,235,,1
L1-L2,163,238,,1
L1-L2,163,244,,1
L1-L2,163,248,,1
L1-L2,163,249,,1
L1-L2,163,250,,1
L1-L2,163,251,,1
L1-L2,163,253,,1
L1-L2,164,1,,1
L1-L2,164,4,,1
L1-L2,164,5,,1
L1-L2,164,8,,1
L1-L2,164,13,,1
L1-L2,164,14,,1
L1-L2,164,17,,1
L1-L2,164,19,,1
L1-L2,164,20,,1
L1-L2,164,21,,1
L1-L2,164,29,,1
L1-L2,164,35,,1
L1-L2,164,36,,1
L1-L2,164,38,,1
L1-L2,164,41,,1
L1-L2,164,50,,1
L1-L2,164,56,,1
L1-L2,164,61,,1
L1-L2,164,62,,1
L1-L2,164,72,,1
L1-L2,164,75,,1
L1-L2,164,76,,1
L1-L2,164,80,,1
L1-L2,164,81,,1
L1-L2,164,95,,1
L1-L2,164,97,,1
L1-L2,164,99,,1
L1-L2,164,102,,1
L1-L2,164,108,,1
L1-L2,164,110,,1
L1-L2,164,111,,1
L1-L2,164,119,,1
L1-L2,164,121,,1
L1-L2,164,124,,1
L1-L2,164,128,,1
L1-L2,164,129,,1
L1-L2,164,143,,1
L1-L2,164,145,,1
L1-L2,164,149,,1
L1-L2,164,151,,1
L1-L2,164,154,,1
L1-L2,164,160,,1
L1-L2,164,166,,1
L1-L2,164,169,,1
L1-L2,164,172,,1
L1-L2,164,173,,1
L1-L2,164,176,,1
L1-L2,164,178,,1
L1-L2,164,179,,1
L1-L2,164,180,,1
L1-L2,164,181,,1
L1-L2,164,182,,1
L1-L2,164,183,,1
L1-L2,164,193,,1
L1-L2,164,195,,1
L1-L2,164,196,,1
L1-L2,164,197,,1
L1-L2,164,199,,1
L1-L2,164,200,,1
L1-L2,164,204,,1
L1-L2,164,208,,1
L1-L2,164,210,,1
L1-L2,164,211,,1
L1-L2,164,212,,1
L1-L2,164,215,,1
L1-L2,164,217,,1
L1-L2,164,219,,1
L1-L2,164,220,,1
L1-L2,164,221,,1
L1-L2,164,225,,1
L1-L2,164,226,,1
L1-L2,164,227,,1
L1-L2,164,228,,1
L1-L2,164,231,,1
L1-L2,164,233,,1
L1-L2,164,236,,1
L1-L2,164,237,,1
L1-L2,164,242,,1
L1-L2,164,247,,1
L1-L2,164,248,,1
L1-L2,164,249,,1
L1-L2,164,252,,1
L1-L2,164,253,,1
L1-L2,164,254,,1
L1-L2,164,255,,1
L1-L2,165,0,,1
L1-L2,165,3,,1
L1-L2,165,4,,1
L1-L2,165,5,,1
L1-L2,165,10,,1
L1-L2,165,14,,1
L1-L2,165,19,,1
L1-L2,165,21,,1
L1-L2,165,22,,1
L1-L2,165,24,,1
L1-L2,165,26,,1
L1-L2,165,37,,1
L1-L2,165,41,,1
L1-L2,165,42,,1
L1-L2,165,47,,1
L1-L2,165,48,,1
L1-L2,165,49,,1
L1-L2,165,50,,1
L1-L2,165,52,,1
L1-L2,165,54,,1
L1-L2,165,56,,1
L1-L2,165,71,,1
L1-L2,165,73,,1
L1-L2,165,74,,1
L1-L2,165,78,,1
L1-L2,165,80,,1
L1-L2,165,84,,1
L1-L2,165,90,,1
L1-L2,165,95,,1
L1-L2,165,98,,1
L1-L2,165,99,,1
L1-L2,165,100,,1
L1-L2,165,101,,1
L1-L2,165,108,,1
L1-L2,165,110,,1
L1-L2,165,113,,1
L1-L2,165,114,,1
L1-L2,165,115,,1
L1-L2,165,117,,1
L1-L2,165,125,,1
L1-L2,165,127,,1
L1-L2,165,128,,1
L1-L2,165,129,,1
L1-L2,165,131,,1
L1-L2,165,132,,1
L1-L2,165,134,,1
L1-L2,165,138,,1
L1-L2,165,143,,1
L1-L2,165,144,,1
L1-L2,165,147,,1
L1-L2,165,148,,1
L1-L2,165,149,,1
L1-L2,165,153,,1
L1-L2,165,155,,1
L1-L2,165,156,,1
L1-L2,165,158,,1
L1-L2,165,160,,1
L1-L2,165,165,,1
L1-L2,165,167,,1
L1-L2,165,168,,1
L1-L2,165,170,,1
L1-L2,165,171,,1
L1-L2,165,173,,1
L1-L2,165,175,,1
L1-L2,165,177,,1
L1-L2,165,178,,1
L1-L2,165,179,,1
L1-L2,165,180,,1
L1-L2,165,181,,1
L1-L2,165,182,,1
L1-L2,165,184,,1
L1-L2,165,186,,1
L1-L2,165,188,,1
L1-L2,165,191,,1
L1-L2,165,192,,1
L1-L2,165,196,,1
L1-L2,165,197,,1
L1-L2,165,200,,1
L1-L2,165,201,,1
L1-L2,165,204,,1
L1-L2,165,205,,1
L1-L2,165,208,,1
L1-L2,165,209,,1
L1-L2,165,210,,1
L1-L2,165,213,,1
L1-L2,165,215,,1
L1-L2,165,217,,1
L1-L2,165,220,,1
L1-L2,165,221,,1
L1-L2,165,222,,1
L1-L2,165,223,,1
L1-L2,165,227,,1
L1-L2,165,228,,1
L1-L2,165,231,,1
L1-L2,165,232,,1
L1-L2,165,233,,1
L1-L2,165,236,,1
L1-L2,165,238,,1
L1-L2,165,243,,1
L1-L2,165,245,,1
L1-L2,165,246,,1
L1-L2,165,250,,1
L1-L2,165,253,,1
L1-L2,165,254,,1
L1-L2,166,0,,1
L1-L2,166,5,,1
L1-L2,166,12,,1
L1-L2,166,13,,1
L1-L2,166,14,,1
L1-L2,166,21,,1
L1-L2,166,23,,1
L1-L2,166,24,,1
L1-L2,166,25,,1
L1-L2,166,29,,1
L1-L2,166,30,,1
L1-L2,166,31,,1
L1-L2,166,32,,1
L1-L2,166,36,,1
L1-L2,166,37,,1
L1-L2,166,40,,1
L1-L2,166,46,,1
L1-L2,166,51,,1
L1-L2,166,52,,1
L1-L2,166,54,,1
L1-L2,166,57,,1
L1-L2,166,64,,1
L1-L2,166,66,,1
L1-L2,166,70,,1
L1-L2,166,73,,1
L1-L2,166,75,,1
L1-L2,166,76,,1
L1-L2,166,77,,1
L1-L2,166,84,,1
L1-L2,166,86,,1
L1-L2,166,95,,1
L1-L2,166,97,,1
L1-L2,166,99,,1
L1-L2,166,100,,1
L1-L2,166,101,,1
L1-L2,166,102,,1
L1-L2,166,110,,1
L1-L2,166,114,,1
L1-L2,166,116,,1
L1-L2,166,117,,1
L1-L2,166,119,,1
L1-L2,166,127,,1
L1-L2,166,128,,1
L1-L2,166,129,,1
L1-L2,166,130,,1
L1-L2,166,132,,1
L1-L2,166,138,,1
L1-L2,166,143,,1
L1-L2,166,147,,1
L1-L2,166,149,,1
L1-L2,166,153,,1
L1-L2,166,156,,1
L1-L2,166,157,,1
L1-L2,166,158,,1
L1-L2,166,159,,1
L1-L2,166,161,,1
L1-L2,166,163,,1
L1-L2,166,165,,1
L1-L2,166,166,,1
L1-L2,166,169,,1
L1-L2,166,172,,1
L1-L2,166,178,,1
L1-L2,166,179,,1
L1-L2,166,181,,1
L1-L2,166,186,,1
L1-L2,166,187,,1
L1-L2,166,192,,1
L1-L2,166,193,,1
L1-L2,166,195,,1
L1-L2,166,198,,1
L1-L2,166,199,,1
L1-L2,166,200,,1
L1-L2,166,201,,1
L1-L2,166,207,,1
L1-L2,166,208,,1
L1-L2,166,210,,1
L1-L2,166,211,,1
L1-L2,166,213,,1
L1-L2,166,214,,1
L1-L2,166,215,,1
L1-L2,166,217,,1
L1-L2,166,218,,1
L1-L2,166,221,,1
L1-L2,166,222,,1
L1-L2,166,223,,1
L1-L2,166,225,,1
L1-L2,166,229,,1
L1-L2,166,230,,1
L1-L2,166,231,,1
L1-L2,166,232,,1
L1-L2,166,234,,1
L1-L2,166,235,,1
L1-L2,166,238,,1
L1-L2,166,241,,1
L1-L2,166,243,,1
L1-L2,166,244,,1
L1-L2,166,245,,1
L1-L2,166,248,,1
L1-L2,166,250,,1
L1-L2,166,251,,1
L1-L2,166,252,,1
L1-L2,167,4,,1
L1-L2,167,5,,1
L1-L2,167,7,,1
L1-L2,167,16,,1
L1-L2,167,17,,1
L1-L2,167,21,,1
L1-L2,167,24,,1
L1-L2,167,34,,1
L1-L2,167,35,,1
L1-L2,167,38,,1
L1-L2,167,41,,1
L1-L2,167,49,,1
L1-L2,167,53,,1
L1-L2,167,56,,1
L1-L2,167,57,,1
L1-L2,167,58,,1
L1-L2,167,59,,1
L1-L2,167,62,,1
L1-L2,167,63,,1
L1-L2,167,66,,1
L1-L2,167,68,,1
L1-L2,167,69,,1
L1-L2,167,70,,1
L1-L2,167,71,,1
L1-L2,167,73,,1
L1-L2,167,75,,1
L1-L2,167,76,,1
L1-L2,167,86,,1
L1-L2,167,91,,1
L1-L2,167,99,,1
L1-L2,167,100,,1
L1-L2,167,101,,1
L1-L2,167,102,,1
L1-L2,167,103,,1
L1-L2,167,106,,1
L1-L2,167,110,,1
L1-L2,167,111,,1
L1-L2,167,112,,1
L1-L2,167,116,,1
L1-L2,167,118,,1
L1-L2,167,123,,1
L1-L2,167,127,,1
L1-L2,167,128,,1
L1-L2,167,130,,1
L1-L2,167,139,,1
L1-L2,167,140,,1
L1-L2,167,144,,1
L1-L2,167,145,,1
L1-L2,167,146,,1
L1-L2,167,150,,1
L1-L2,167,151,,1
L1-L2,167,152,,1
L1-L2,167,155,,1
L1-L2,167,165,,1
L1-L2,167,166,,1
L1-L2,167,168,,1
L1-L2,167,171,,1
L1-L2,167,172,,1
L1-L2,167,174,,1
L1-L2,167,178,,1
L1-L2,167,182,,1
L1-L2,167,185,,1
L1-L2,167,186,,1
L1-L2,167,188,,1
L1-L2,167,190,,1
L1-L2,167,191,,1
L1-L2,167,192,,1
L1-L2,167,194,,1
L1-L2,167,203,,1
L1-L2,167,204,,1
L1-L2,167,205,,1
L1-L2,167,211,,1
L1-L2,167,213,,1
L1-L2,167,216,,1
L1-L2,167,218,,1
L1-L2,167,223,,1
L1-L2,167,229,,1
L1-L2,167,232,,1
L1-L2,167,240,,1
L1-L2,167,241,,1
L1-L2,167,242,,1
L1-L2,167,243,,1
L1-L2,167,246,,1
L1-L2,167,252,,1
L1-L2,167,254,,1
L1-L2,168,6,,1
L1-L2,168,10,,1
L1-L2,168,19,,1
L1-L2,168,20,,1
L1-L2,168,22,,1
L1-L2,168,28,,1
L1-L2,168,29,,1
L1-L2,168,30,,1
L1-L2,168,32,,1
L1-L2,168,37,,1
L1-L2,168,39,,1
L1-L2,168,45,,1
L1-L2,168,47,,1
L1-L2,168,48,,1
L1-L2,168,52,,1
L1-L2,168,55,,1
L1-L2,168,63,,1
L1-L2,168,74,,1
L1-L2,168,77,,1
L1-L2,168,81,,1
L1-L2,168,86,,1
L1-L2,168,87,,1
L1-L2,168,93,,1
L1-L2,168,95,,1
L1-L2,168,97,,1
L1-L2,168,99,,1
L1-L2,168,100,,1
L1-L2,168,102,,1
L1-L2,168,103,,1
L1-L2,168,104,,1
L1-L2,168,105,,1
L1-L2,168,106,,1
L1-L2,168,110,,1
L1-L2,168,111,,1
L1-L2,168,113,,1
L1-L2,168,114,,1
L1-L2,168,115,,1
L1-L2,168,116,,1
L1-L2,168,117,,1
L1-L2,168,119,,1
L1-L2,168,120,,1
L1-L2,168,121,,1
L1-L2,168,124,,1
L1-L2,168,126,,1
L1-L2,168,130,,1
L1-L2,168,132,,1
L1-L2,168,134,,1
L1-L2,168,137,,1
L1-L2,168,143,,1
L1-L2,168,145,,1
L1-L2,168,149,,1
L1-L2,168,155,,1
L1-L2,168,156,,1
L1-L2,168,159,,1
L1-L2,168,167,,1
L1-L2,168,168,,1
L1-L2,168,169,,1
L1-L2,168,170,,1
L1-L2,168,173,,1
L1-L2,168,174,,1
L1-L2,168,176,,1
L1-L2,168,178,,1
L1-L2,168,180,,1
L1-L2,168,184,,1
L1-L2,168,186,,1
L1-L2,168,188,,1
L1-L2,168,190,,1
L1-L2,168,191,,1
L1-L2,168,196,,1
L1-L2,168,197,,1
L1-L2,168,199,,1
L1-L2,168,200,,1
L1-L2,168,201,,1
L1-L2,168,202,,1
L1-L2,168,203,,1
L1-L2,168,208,,1
L1-L2,168,213,,1
L1-L2,168,217,,1
L1-L2,168,218,,1
L1-L2,168,221,,1
L1-L2,168,224,,1
L1-L2,168,225,,1
L1-L2,168,227,,1
L1-L2,168,228,,1
L1-L2,168,230,,1
L1-L2,168,231,,1
L1-L2,168,234,,1
L1-L2,168,235,,1
L1-L2,168,243,,1
L1-L2,168,245,,1
L1-L2,168,246,,1
L1-L2,168,247,,1
L1-L2,168,251,,1
L1-L2,168,252,,1
L1-L2,168,253,,1
L1-L2,168,254,,1
L1-L2,169,1,,1
L1-L2,169,6,,1
L1-L2,169,7,,1
L1-L2,169,9,,1
L1-L2,169,11,,1
L1-L2,169,14,,1
L1-L2,169,18,,1
L1-L2,169,28,,1
L1-L2,169,33,,1
L1-L2,169,39,,1
L1-L2,169,44,,1
L1-L2,169,46,,1
L1-L2,169,50,,1
L1-L2,169,51,,1
L1-L2,169,52,,1
L1-L2,169,54,,1
L1-L2,169,63,,1
L1-L2,169,65,,1
L1-L2,169,67,,1
L1-L2,169,68,,1
L1-L2,169,74,,1
L1-L2,169,79,,1
L1-L2,169,85,,1
L1-L2,169,90,,1
L1-L2,169,95,,1
L1-L2,169,104,,1
L1-L2,169,110,,1
L1-L2,169,111,,1
L1-L2,169,112,,1
L1-L2,169,113,,1
L1-L2,169,116,,1
L1-L2,169,119,,1
L1-L2,169,123,,1
L1-L2,169,125,,1
L1-L2,169,128,,1
L1-L2,169,132,,1
L1-L2,169,133,,1
L1-L2,169,134,,1
L1-L2,169,137,,1
L1-L2,169,139,,1
L1-L2,169,146,,1
L1-L2,169,158,,1
L1-L2,169,160,,1
L1-L2,169,162,,1
L1-L2,169,164,,1
L1-L2,169,169,,1
L1-L2,169,170,,1
L1-L2,169,172,,1
L1-L2,169,173,,1
L1-L2,169,177,,1
L1-L2,169,183,,1
L1-L2,169,186,,1
L1-L2,169,187,,1
L1-L2,169,203,,1
L1-L2,169,208,,1
L1-L2,169,210,,1
L1-L2,169,211,,1
L1-L2,169,212,,1
L1-L2,169,218,,1
L1-L2,169,221,,1
L1-L2,169,223,,1
L1-L2,169,224,,1
L1-L2,169,226,,1
L1-L2,169,229,,1
L1-L2,169,233,,1
L1-L2,169,240,,1
L1-L2,169,243,,1
L1-L2,169,249,,1
L1-L2,169,253,,1
L1-L2,170,1,,1
L1-L2,170,9,,1
L1-L2,170,10,,1
L1-L2,170,11,,1
L1-L2,170,13,,1
L1-L2,170,15,,1
L1-L2,170,21,,1
L1-L2,170,23,,1
L1-L2,170,24,,1
L1-L2,170,25,,1
L1-L2,170,26,,1
L1-L2,170,30,,1
L1-L2,170,31,,1
L1-L2,170,33,,1
L1-L2,170,34,,1
L1-L2,170,35,,1
L1-L2,170,37,,1
L1-L2,170,39,,1
L1-L2,170,40,,1
L1-L2,170,42,,1
L1-L2,170,45,,1
L1-L2,170,46,,1
L1-L2,170,49,,1
L1-L2,170,53,,1
L1-L2,170,54,,1
L1-L2,170,56,,1
L1-L2,170,58,,1
L1-L2,170,59,,1
L1-L2,170,65,,1
L1-L2,170,66,,1
L1-L2,170,70,,1
L1-L2,170,72,,1
L1-L2,170,74,,1
L1-L2,170,77,,1
L1-L2,170,78,,1
L1-L2,170,79,,1
L1-L2,170,80,,1
L1-L2,170,86,,1
L1-L2,170,87,,1
L1-L2,170,89,,1
L1-L2,170,90,,1
L1-L2,170,91,,1
L1-L2,170,94,,1
L1-L2,170,95,,1
L1-L2,170,100,,1
L1-L2,170,101,,1
L1-L2,170,104,,1
L1-L2,170,105,,1
L1-L2,170,108,,1
L1-L2,170,110,,1
L1-L2,170,111,,1
L1-L2,170,120,,1
L1-L2,170,121,,1
L1-L2,170,124,,1
L1-L2,170,126,,1
L1-L2,170,127,,1
L1-L2,170,133,,1
L1-L2,170,135,,1
L1-L2,170,136,,1
L1-L2,170,137,,1
L1-L2,170,138,,1
L1-L2,170,139,,1
L1-L2,170,140,,1
L1-L2,170,144,,1
L1-L2,170,146,,1
L1-L2,170,147,,1
L1-L2,170,150,,1
L1-L2,170,152,,1
L1-L2,170,153,,1
L1-L2,170,154,,1
L1-L2,170,156,,1
L1-L2,170,157,,1
L1-L2,170,159,,1
L1-L2,170,161,,1
L1-L2,170,172,,1
L1-L2,170,173,,1
L1-L2,170,174,,1
L1-L2,170,178,,1
L1-L2,170,179,,1
L1-L2,170,180,,1
L1-L2,170,185,,1
L1-L2,170,186,,1
L1-L2,170,190,,1
L1-L2,170,192,,1
L1-L2,170,193,,1
L1-L2,170,195,,1
L1-L2,170,196,,1
L1-L2,170,201,,1
L1-L2,170,206,,1
L1-L2,170,209,,1
L1-L2,170,210,,1
L1-L2,170,212,,1
L1-L2,170,214,,1
L1-L2,170,216,,1
L1-L2,170,221,,1
L1-L2,170,222,,1
L1-L2,170,225,,1
L1-L2,170,227,,1
L1-L2,170,229,,1
L1-L2,170,230,,1
L1-L2,170,231,,1
L1-L2,170,233,,1
L1-L2,170,239,,1
L1-L2,170,241,,1
L1-L2,170,242,,1
L1-L2,170,244,,1
L1-L2,170,248,,1
L1-L2,170,249,,1
L1-L2,170,250,,1
L1-L2,170,253,,1
L1-L2,170,254,,1
L1-L2,170,255,,1
L1-L2,171,5,,1
L1-L2,171,6,,1
L1-L2,171,7,,1
L1-L2,171,8,,1
L1-L2,171,10,,1
L1-L2,171,12,,1
L1-L2,171,13,,1
L1-L2,171,15,,1
L1-L2,171,17,,1
L1-L2,171,18,,1
L1-L2,171,19,,1
L1-L2,171,27,,1
L1-L2,171,31,,1
L1-L2,171,33,,1
L1-L2,171,35,,1
L1-L2,171,37,,1
L1-L2,171,39,,1
L1-L2,171,43,,1
L1-L2,171,45,,1
L1-L2,171,48,,1
L1-L2,171,49,,1
L1-L2,171,52,,1
L1-L2,171,53,,1
L1-L2,171,54,,1
L1-L2,171,55,,1
L1-L2,171,57,,1
L1-L2,171,58,,1
L1-L2,171,59,,1
L1-L2,171,60,,1
L1-L2,171,61,,1
L1-L2,171,63,,1
L1-L2,171,65,,1
L1-L2,171,71,,1
L1-L2,171,80,,1
L1-L2,171,85,,1
L1-L2,171,105,,1
L1-L2,171,108,,1
L1-L2,171,114,,1
L1-L2,171,117,,1
L1-L2,171,118,,1
L1-L2,171,119,,1
L1-L2,171,127,,1
L1-L2,171,129,,1
L1-L2,171,133,,1
L1-L2,171,136,,1
L1-L2,171,137,,1
L1-L2,171,140,,1
L1-L2,171,145,,1
L1-L2,171,147,,1
L1-L2,171,155,,1
L1-L2,171,157,,1
L1-L2,171,158,,1
L1-L2,171,162,,1
L1-L2,171,165,,1
L1-L2,171,173,,1
L1-L2,171,174,,1
L1-L2,171,179,,1
L1-L2,171,180,,1
L1-L2,171,184,,1
L1-L2,171,187,,1
L1-L2,171,188,,1
L1-L2,171,192,,1
L1-L2,171,193,,1
L1-L2,171,194,,1
L1-L2,171,195,,1
L1-L2,171,200,,1
L1-L2,171,202,,1
L1-L2,171,206,,1
L1-L2,171,207,,1
L1-L2,171,210,,1
L1-L2,171,211,,1
L1-L2,171,216,,1
L1-L2,171,217,,1
L1-L2,171,219,,1
L1-L2,171,222,,1
L1-L2,171,225,,1
L1-L2,171,227,,1
L1-L2,171,231,,1
L1-L2,171,241,,1
L1-L2,171,242,,1
L1-L2,171,243,,1
L1-L2,171,249,,1
L1-L2,171,252,,1
L1-L2,171,254,,1
L1-L2,171,255,,1
L1-L2,172,0,,1
L1-L2,172,9,,1
L1-L2,172,20,,1
L1-L2,172,21,,1
L1-L2,172,23,,1
L1-L2,172,24,,1
L1-L2,172,30,,1
L1-L2,172,33,,1
L1-L2,172,37,,1
L1-L2,172,40,,1
L1-L2,172,44,,1
L1-L2,172,46,,1
L1-L2,172,47,,1
L1-L2,172,51,,1
L1-L2,172,56,,1
L1-L2,172,58,,1
L1-L2,172,61,,1
L1-L2,172,67,,1
L1-L2,172,68,,1
L1-L2,172,73,,1
L1-L2,172,77,,1
L1-L2,172,79,,1
L1-L2,172,82,,1
L1-L2,172,87,,1
L1-L2,172,89,,1
L1-L2,172,91,,1
L1-L2,172,93,,1
L1-L2,172,100,,1
L1-L2,172,102,,1
L1-L2,172,106,,1
L1-L2,172,110,,1
L1-L2,172,111,,1
L1-L2,172,114,,1
L1-L2,172,117,,1
L1-L2,172,118,,1
L1-L2,172,120,,1
L1-L2,172,122,,1
L1-L2,172,123,,1
L1-L2,172,124,,1
L1-L2,172,125,,1
L1-L2,172,126,,1
L1-L2,172,132,,1
L1-L2,172,133,,1
L1-L2,172,134,,1
L1-L2,172,139,,1
L1-L2,172,142,,1
L1-L2,172,143,,1
L1-L2,172,145,,1
L1-L2,172,149,,1
L1-L2,172,151,,1
L1-L2,172,152,,1
L1-L2,172,160,,1
L1-L2,172,162,,1
L1-L2,172,163,,1
L1-L2,172,170,,1
L1-L2,172,171,,1
L1-L2,172,172,,1
L1-L2,172,177,,1
L1-L2,172,186,,1
L1-L2,172,188,,1
L1-L2,172,191,,1
L1-L2,172,193,,1
L1-L2,172,195,,1
L1-L2,172,198,,1
L1-L2,172,199,,1
L1-L2,172,200,,1
L1-L2,172,203,,1
L1-L2,172,204,,1
L1-L2,172,205,,1
L1-L2,172,207,,1
L1-L2,172,208,,1
L1-L2,172,210,,1
L1-L2,172,213,,1
L1-L2,172,216,,1
L1-L2,172,218,,1
L1-L2,172,220,,1
L1-L2,172,227,,1
L1-L2,172,234,,1
L1-L2,172,240,,1
L1-L2,172,241,,1
L1-L2,172,242,,1
L1-L2,172,244,,1
L1-L2,172,245,,1
L1-L2,172,250,,1
L1-L2,172,253,,1
L1-L2,172,254,,1
L1-L2,173,2,,1
L1-L2,173,3,,1
L1-L2,173,4,,1
L1-L2,173,8,,1
L1-L2,173,10,,1
L1-L2,173,16,,1
L1-L2,173,20,,1
L1-L2,173,21,,1
L1-L2,173,23,,1
L1-L2,173,24,,1
L1-L2,173,25,,1
L1-L2,173,26,,1
L1-L2,173,29,,1
L1-L2,173,30,,1
L1-L2,173,32,,1
L1-L2,173,34,,1
L1-L2,173,41,,1
L1-L2,173,42,,1
L1-L2,173,43,,1
L1-L2,173,44,,1
L1-L2,173,49,,1
L1-L2,173,50,,1
L1-L2,173,51,,1
L1-L2,173,52,,1
L1-L2,173,53,,1
L1-L2,173,56,,1
L1-L2,173,61,,1
L1-L2,173,64,,1
L1-L2,173,65,,1
L1-L2,173,69,,1
L1-L2,173,70,,1
L1-L2,173,73,,1
L1-L2,173,76,,1
L1-L2,173,78,,1
L1-L2,173,80,,1
L1-L2,173,81,,1
L1-L2,173,83,,1
L1-L2,173,86,,1
L1-L2,173,87,,1
L1-L2,173,88,,1
L1-L2,173,92,,1
L1-L2,173,94,,1
L1-L2,173,95,,1
L1-L2,173,97,,1
L1-L2,173,98,,1
L1-L2,173,99,,1
L1-L2,173,100,,1
L1-L2,173,101,,1
L1-L2,173,102,,1
L1-L2,173,105,,1
L1-L2,173,108,,1
L1-L2,173,109,,1
L1-L2,173,110,,1
L1-L2,173,111,,1
L1-L2,173,112,,1
L1-L2,173,121,,1
L1-L2,173,122,,1
L1-L2,173,123,,1
L1-L2,173,130,,1
L1-L2,173,142,,1
L1-L2,173,146,,1
L1-L2,173,147,,1
L1-L2,173,148,,1
L1-L2,173,155,,1
L1-L2,173,164,,1
L1-L2,173,166,,1
L1-L2,173,170,,1
L1-L2,173,171,,1
L1-L2,173,172,,1
L1-L2,173,173,,1
L1-L2,173,177,,1
L1-L2,173,179,,1
L1-L2,173,180,,1
L1-L2,173,181,,1
L1-L2,173,183,,1
L1-L2,173,187,,1
L1-L2,173,189,,1
L1-L2,173,191,,1
L1-L2,173,193,,1
L1-L2,173,199,,1
L1-L2,173,200,,1
L1-L2,173,202,,1
L1-L2,173,204,,1
L1-L2,173,206,,1
L1-L2,173,208,,1
L1-L2,173,215,,1
L1-L2,173,218,,1
L1-L2,173,219,,1
L1-L2,173,221,,1
L1-L2,173,222,,1
L1-L2,173,223,,1
L1-L2,173,224,,1
L1-L2,173,230,,1
L1-L2,173,231,,1
L1-L2,173,234,,1
L1-L2,173,237,,1
L1-L2,173,242,,1
L1-L2,173,243,,1
L1-L2,173,248,,1
L1-L2,173,250,,1
L1-L2,173,254,,1
L1-L2,174,3,,1
L1-L2,174,5,,1
L1-L2,174,8,,1
L1-L2,174,9,,1
L1-L2,174,11,,1
L1-L2,174,12,,1
L1-L2,174,13,,1
L1-L2,174,14,,1
L1-L2,174,15,,1
L1-L2,174,21,,1
L1-L2,174,24,,1
L1-L2,174,25,,1
L1-L2,174,26,,1
L1-L2,174,30,,1
L1-L2,174,32,,1
L1-L2,174,36,,1
L1-L2,174,39,,1
L1-L2,174,40,,1
L1-L2,174,41,,1
L1-L2,174,42,,1
L1-L2,174,43,,1
L1-L2,174,44,,1
L1-L2,174,45,,1
L1-L2,174,46,,1
L1-L2,174,47,,1
L1-L2,174,51,,1
L1-L2,174,54,,1
L1-L2,174,57,,1
L1-L2,174,58,,1
L1-L2,174,60,,1
L1-L2,174,61,,1
L1-L2,174,64,,1
L1-L2,174,66,,1
L1-L2,174,67,,1
L1-L2,174,70,,1
L1-L2,174,72,,1
L1-L2,174,73,,1
L1-L2,174,74,,1
L1-L2,174,81,,1
L1-L2,174,84,,1
L1-L2,174,90,,1
L1-L2,174,94,,1
L1-L2,174,100,,1
L1-L2,174,101,,1
L1-L2,174,104,,1
L1-L2,174,109,,1
L1-L2,174,110,,1
L1-L2,174,112,,1
L1-L2,174,113,,1
L1-L2,174,114,,1
L1-L2,174,115,,1
L1-L2,174,116,,1
L1-L2,174,119,,1
L1-L2,174,120,,1
L1-L2,174,121,,1
L1-L2,174,127,,1
L1-L2,174,129,,1
L1-L2,174,132,,1
L1-L2,174,136,,1
L1-L2,174,139,,1
L1-L2,174,142,,1
L1-L2,174,144,,1
L1-L2,174,150,,1
L1-L2,174,151,,1
L1-L2,174,154,,1
L1-L2,174,157,,1
L1-L2,174,160,,1
L1-L2,174,163,,1
L1-L2,174,166,,1
L1-L2,174,167,,1
L1-L2,174,168,,1
L1-L2,174,170,,1
L1-L2,174,172,,1
L1-L2,174,173,,1
L1-L2,174,174,,1
L1-L2,174,175,,1
L1-L2,174,177,,1
L1-L2,174,178,,1
L1-L2,174,179,,1
L1-L2,174,180,,1
L1-L2,174,181,,1
L1-L2,174,182,,1
L1-L2,174,183,,1
L1-L2,174,187,,1
L1-L2,174,188,,1
L1-L2,174,189,,1
L1-L2,174,193,,1
L1-L2,174,195,,1
L1-L2,174,198,,1
L1-L2,174,200,,1
L1-L2,174,201,,1
L1-L2,174,206,,1
L1-L2,174,209,,1
L1-L2,174,212,,1
L1-L2,174,214,,1
L1-L2,174,215,,1
L1-L2,174,216,,1
L1-L2,174,218,,1
L1-L2,174,219,,1
L1-L2,174,220,,1
L1-L2,174,221,,1
L1-L2,174,226,,1
L1-L2,174,227,,1
L1-L2,174,228,,1
L1-L2,174,229,,1
L1-L2,174,234,,1
L1-L2,174,236,,1
L1-L2,174,237,,1
L1-L2,174,242,,1
L1-L2,174,245,,1
L1-L2,174,246,,1
L1-L2,174,247,,1
L1-L2,174,248,,1
L1-L2,174,249,,1
L1-L2,174,250,,1
L1-L2,174,253,,1
L1-L2,175,0,,1
L1-L2,175,4,,1
L1-L2,175,5,,1
L1-L2,175,7,,1
L1-L2,175,8,,1
L1-L2,175,9,,1
L1-L2,175,10,,1
L1-L2,175,11,,1
L1-L2,175,14,,1
L1-L2,175,15,,1
L1-L2,175,17,,1
L1-L2,175,21,,1
L1-L2,175,25,,1
L1-L2,175,26,,1
L1-L2,175,31,,1
L1-L2,175,35,,1
L1-L2,175,37,,1
L1-L2,175,38,,1
L1-L2,175,39,,1
L1-L2,175,44,,1
L1-L2,175,47,,1
L1-L2,175,48,,1
L1-L2,175,50,,1
L1-L2,175,52,,1
L1-L2,175,53,,1
L1-L2,175,55,,1
L1-L2,175,57,,1
L1-L2,175,62,,1
L1-L2,175,63,,1
L1-L2,175,68,,1
L1-L2,175,71,,1
L1-L2,175,73,,1
L1-L2,175,79,,1
L1-L2,175,80,,1
L1-L2,175,82,,1
L1-L2,175,83,,1
L1-L2,175,84,,1
L1-L2,175,85,,1
L1-L2,175,86,,1
L1-L2,175,87,,1
L1-L2,175,89,,1
L1-L2,175,90,,1
L1-L2,175,91,,1
L1-L2,175,93,,1
L1-L2,175,94,,1
L1-L2,175,95,,1
L1-L2,175,96,,1
L1-L2,175,97,,1
L1-L2,175,101,,1
L1-L2,175,103,,1
L1-L2,175,109,,1
L1-L2,175,110,,1
L1-L2,175,111,,1
L1-L2,175,112,,1
L1-L2,175,119,,1
L1-L2,175,125,,1
L1-L2,175,126,,1
L1-L2,175,128,,1
L1-L2,175,129,,1
L1-L2,175,135,,1
L1-L2,175,136,,1
L1-L2,175,138,,1
L1-L2,175,139,,1
L1-L2,175,141,,1
L1-L2,175,144,,1
L1-L2,175,146,,1
L1-L2,175,149,,1
L1-L2,175,151,,1
L1-L2,175,154,,1
L1-L2,175,157,,1
L1-L2,175,161,,1
L1-L2,175,168,,1
L1-L2,175,170,,1
L1-L2,175,171,,1
L1-L2,175,174,,1
L1-L2,175,177,,1
L1-L2,175,185,,1
L1-L2,175,186,,1
L1-L2,175,187,,1
L1-L2,175,188,,1
L1-L2,175,191,,1
L1-L2,175,193,,1
L1-L2,175,194,,1
L1-L2,175,198,,1
L1-L2,175,203,,1
L1-L2,175,204,,1
L1-L2,175,205,,1
L1-L2,175,207,,1
L1-L2,175,209,,1
L1-L2,175,210,,1
L1-L2,175,211,,1
L1-L2,175,212,,1
L1-L2,175,214,,1
L1-L2,175,215,,1
L1-L2,175,216,,1
L1-L2,175,217,,1
L1-L2,175,219,,1
L1-L2,175,221,,1
L1-L2,175,222,,1
L1-L2,175,223,,1
L1-L2,175,226,,1
L1-L2,175,228,,1
L1-L2,175,234,,1
L1-L2,175,236,,1
L1-L2,175,239,,1
L1-L2,175,241,,1
L1-L2,175,243,,1
L1-L2,175,244,,1
L1-L2,175,247,,1
L1-L2,175,250,,1
L1-L2,175,251,,1
L1-L2,175,252,,1
L1-L2,175,255,,1
L1-L2,176,2,,1
L1-L2,176,5,,1
L1-L2,176,6,,1
L1-L2,176,8,,1
L1-L2,176,14,,1
L1-L2,176,23,,1
L1-L2,176,24,,1
L1-L2,176,30,,1
L1-L2,176,42,,1
L1-L2,176,46,,1
L1-L2,176,49,,1
L1-L2,176,51,,1
L1-L2,176,53,,1
L1-L2,176,56,,1
L1-L2,176,57,,1
L1-L2,176,61,,1
L1-L2,176,67,,1
L1-L2,176,68,,1
L1-L2,176,73,,1
L1-L2,176,77,,1
L1-L2,176,79,,1
L1-L2,176,85,,1
L1-L2,176,86,,1
L1-L2,176,88,,1
L1-L2,176,89,,1
L1-L2,176,96,,1
L1-L2,176,97,,1
L1-L2,176,98,,1
L1-L2,176,99,,1
L1-L2,176,101,,1
L1-L2,176,103,,1
L1-L2,176,105,,1
L1-L2,176,106,,1
L1-L2,176,107,,1
L1-L2,176,109,,1
L1-L2,176,114,,1
L1-L2,176,117,,1
L1-L2,176,126,,1
L1-L2,176,127,,1
L1-L2,176,129,,1
L1-L2,176,131,,1
L1-L2,176,132,,1
L1-L2,176,133,,1
L1-L2,176,134,,1
L1-L2,176,146,,1
L1-L2,176,150,,1
L1-L2,176,160,,1
L1-L2,176,161,,1
L1-L2,176,162,,1
L1-L2,176,167,,1
L1-L2,176,169,,1
L1-L2,176,174,,1
L1-L2,176,175,,1
L1-L2,176,180,,1
L1-L2,176,181,,1
L1-L2,176,182,,1
L1-L2,176,183,,1
L1-L2,176,184,,1
L1-L2,176,188,,1
L1-L2,176,190,,1
L1-L2,176,192,,1
L1-L2,176,195,,1
L1-L2,176,201,,1
L1-L2,176,212,,1
L1-L2,176,213,,1
L1-L2,176,215,,1
L1-L2,176,217,,1
L1-L2,176,218,,1
L1-L2,176,219,,1
L1-L2,176,222,,1
L1-L2,176,226,,1
L1-L2,176,229,,1
L1-L2,176,231,,1
L1-L2,176,233,,1
L1-L2,176,234,,1
L1-L2,176,236,,1
L1-L2,176,237,,1
L1-L2,176,239,,1
L1-L2,176,240,,1
L1-L2,176,252,,1
L1-L2,176,254,,1
L1-L2,177,5,,1
L1-L2,177,12,,1
L1-L2,177,13,,1
L1-L2,177,14,,1
L1-L2,177,16,,1
L1-L2,177,19,,1
L1-L2,177,22,,1
L1-L2,177,25,,1
L1-L2,177,29,,1
L1-L2,177,32,,1
L1-L2,177,34,,1
L1-L2,177,38,,1
L1-L2,177,41,,1
L1-L2,177,46,,1
L1-L2,177,50,,1
L1-L2,177,51,,1
L1-L2,177,53,,1
L1-L2,177,55,,1
L1-L2,177,58,,1
L1-L2,177,59,,1
L1-L2,177,63,,1
L1-L2,177,64,,1
L1-L2,177,69,,1
L1-L2,177,72,,1
L1-L2,177,74,,1
L1-L2,177,77,,1
L1-L2,177,78,,1
L1-L2,177,80,,1
L1-L2,177,81,,1
L1-L2,177,82,,1
L1-L2,177,84,,1
L1-L2,177,86,,1
L1-L2,177,88,,1
L1-L2,177,89,,1
L1-L2,177,92,,1
L1-L2,177,96,,1
L1-L2,177,100,,1
L1-L2,177,101,,1
L1-L2,177,104,,1
L1-L2,177,105,,1
L1-L2,177,109,,1
L1-L2,177,110,,1
L1-L2,177,111,,1
L1-L2,177,113,,1
L1-L2,177,114,,1
L1-L2,177,116,,1
L1-L2,177,119,,1
L1-L2,177,122,,1
L1-L2,177,123,,1
L1-L2,177,124,,1
L1-L2,177,128,,1
L1-L2,177,129,,1
L1-L2,177,133,,1
L1-L2,177,135,,1
L1-L2,177,146,,1
L1-L2,177,153,,1
L1-L2,177,156,,1
L1-L2,177,163,,1
L1-L2,177,165,,1
L1-L2,177,166,,1
L1-L2,177,170,,1
L1-L2,177,171,,1
L1-L2,177,174,,1
L1-L2,177,180,,1
L1-L2,177,183,,1
L1-L2,177,185,,1
L1-L2,177,186,,1
L1-L2,177,190,,1
L1-L2,177,191,,1
L1-L2,177,194,,1
L1-L2,177,198,,1
L1-L2,177,199,,1
L1-L2,177,200,,1
L1-L2,177,203,,1
L1-L2,177,206,,1
L1-L2,177,207,,1
L1-L2,177,209,,1
L1-L2,177,212,,1
L1-L2,177,213,,1
L1-L2,177,219,,1
L1-L2,177,221,,1
L1-L2,177,222,,1
L1-L2,177,223,,1
L1-L2,177,224,,1
L1-L2,177,226,,1
L1-L2,177,230,,1
L1-L2,177,231,,1
L1-L2,177,234,,1
L1-L2,177,235,,1
L1-L2,177,238,,1
L1-L2,177,239,,1
L1-L2,177,240,,1
L1-L2,177,241,,1
L1-L2,177,244,,1
L1-L2,177,247,,1
L1-L2,177,249,,1
L1-L2,177,251,,1
L1-L2,177,252,,1
L1-L2,177,255,,1
L1-L2,178,3,,1
L1-L2,178,4,,1
L1-L2,178,6,,1
L1-L2,178,10,,1
L1-L2,178,11,,1
L1-L2,178,13,,1
L1-L2,178,17,,1
L1-L2,178,21,,1
L1-L2,178,23,,1
L1-L2,178,25,,1
L1-L2,178,27,,1
L1-L2,178,29,,1
L1-L2,178,30,,1
L1-L2,178,31,,1
L1-L2,178,35,,1
L1-L2,178,39,,1
L1-L2,178,40,,1
L1-L2,178,42,,1
L1-L2,178,51,,1
L1-L2,178,52,,1
L1-L2,178,61,,1
L1-L2,178,62,,1
L1-L2,178,64,,1
L1-L2,178,65,,1
L1-L2,178,68,,1
L1-L2,178,71,,1
L1-L2,178,72,,1
L1-L2,178,73,,1
L1-L2,178,74,,1
L1-L2,178,77,,1
L1-L2,178,81,,1
L1-L2,178,82,,1
L1-L2,178,83,,1
L1-L2,178,85,,1
L1-L2,178,88,,1
L1-L2,178,91,,1
L1-L2,178,93,,1
L1-L2,178,94,,1
L1-L2,178,98,,1
L1-L2,178,102,,1
L1-L2,178,103,,1
L1-L2,178,106,,1
L1-L2,178,109,,1
L1-L2,178,113,,1
L1-L2,178,122,,1
L1-L2,178,123,,1
L1-L2,178,126,,1
L1-L2,178,129,,1
L1-L2,178,131,,1
L1-L2,178,132,,1
L1-L2,178,135,,1
L1-L2,178,136,,1
L1-L2,178,137,,1
L1-L2,178,138,,1
L1-L2,178,140,,1
L1-L2,178,141,,1
L1-L2,178,142,,1
L1-L2,178,146,,1
L1-L2,178,153,,1
L1-L2,178,154,,1
L1-L2,178,159,,1
L1-L2,178,160,,1
L1-L2,178,163,,1
L1-L2,178,166,,1
L1-L2,178,167,,1
L1-L2,178,170,,1
L1-L2,178,175,,1
L1-L2,178,177,,1
L1-L2,178,179,,1
L1-L2,178,183,,1
L1-L2,178,185,,1
L1-L2,178,187,,1
L1-L2,178,188,,1
L1-L2,178,189,,1
L1-L2,178,191,,1
L1-L2,178,194,,1
L1-L2,178,196,,1
L1-L2,178,199,,1
L1-L2,178,201,,1
L1-L2,178,203,,1
L1-L2,178,204,,1
L1-L2,178,207,,1
L1-L2,178,208,,1
L1-L2,178,209,,1
L1-L2,178,213,,1
L1-L2,178,214,,1
L1-L2,178,215,,1
L1-L2,178,216,,1
L1-L2,178,217,,1
L1-L2,178,218,,1
L1-L2,178,219,,1
L1-L2,178,224,,1
L1-L2,178,225,,1
L1-L2,178,226,,1
L1-L2,178,227,,1
L1-L2,178,228,,1
L1-L2,178,230,,1
L1-L2,178,232,,1
L1-L2,178,234,,1
L1-L2,178,236,,1
L1-L2,178,237,,1
L1-L2,178,242,,1
L1-L2,178,250,,1
L1-L2,178,251,,1
L1-L2,178,252,,1
L1-L2,178,254,,1
L1-L2,179,6,,1
L1-L2,179,7,,1
L1-L2,179,8,,1
L1-L2,179,10,,1
L1-L2,179,11,,1
L1-L2,179,18,,1
L1-L2,179,20,,1
L1-L2,179,28,,1
L1-L2,179,29,,1
L1-L2,179,33,,1
L1-L2,179,37,,1
L1-L2,179,38,,1
L1-L2,179,40,,1
L1-L2,179,41,,1
L1-L2,179,43,,1
L1-L2,179,49,,1
L1-L2,179,50,,1
L1-L2,179,52,,1
L1-L2,179,53,,1
L1-L2,179,65,,1
L1-L2,179,71,,1
L1-L2,179,74,,1
L1-L2,179,80,,1
L1-L2,179,82,,1
L1-L2,179,83,,1
L1-L2,179,85,,1
L1-L2,179,86,,1
L1-L2,179,87,,1
L1-L2,179,88,,1
L1-L2,179,90,,1
L1-L2,179,93,,1
L1-L2,179,106,,1
L1-L2,179,111,,1
L1-L2,179,112,,1
L1-L2,179,116,,1
L1-L2,179,120,,1
L1-L2,179,122,,1
L1-L2,179,123,,1
L1-L2,179,127,,1
L1-L2,179,131,,1
L1-L2,179,132,,1
L1-L2,179,135,,1
L1-L2,179,138,,1
L1-L2,179,139,,1
L1-L2,179,142,,1
L1-L2,179,144,,1
L1-L2,179,146,,1
L1-L2,179,147,,1
L1-L2,179,150,,1
L1-L2,179,153,,1
L1-L2,179,157,,1
L1-L2,179,160,,1
L1-L2,179,162,,1
L1-L2,179,164,,1
L1-L2,179,165,,1
L1-L2,179,166,,1
L1-L2,179,168,,1
L1-L2,179,169,,1
L1-L2,179,172,,1
L1-L2,179,173,,1
L1-L2,179,174,,1
L1-L2,179,175,,1
L1-L2,179,183,,1
L1-L2,179,188,,1
L1-L2,179,189,,1
L1-L2,179,190,,1
L1-L2,179,192,,1
L1-L2,179,195,,1
L1-L2,179,196,,1
L1-L2,179,197,,1
L1-L2,179,198,,1
L1-L2,179,199,,1
L1-L2,179,206,,1
L1-L2,179,207,,1
L1-L2,179,210,,1
L1-L2,179,212,,1
L1-L2,179,213,,1
L1-L2,179,214,,1
L1-L2,179,216,,1
L1-L2,179,217,,1
L1-L2,179,219,,1
L1-L2,179,223,,1
L1-L2,179,227,,1
L1-L2,179,228,,1
L1-L2,179,229,,1
L1-L2,179,231,,1
L1-L2,179,233,,1
L1-L2,179,234,,1
L1-L2,179,235,,1
L1-L2,179,236,,1
L1-L2,179,241,,1
L1-L2,179,242,,1
L1-L2,179,248,,1
L1-L2,179,251,,1
L1-L2,179,252,,1
L1-L2,179,254,,1
L1-L2,179,255,,1
L1-L2,180,0,,1
L1-L2,180,1,,1
L1-L2,180,2,,1
L1-L2,180,4,,1
L1-L2,180,6,,1
L1-L2,180,8,,1
L1-L2,180,10,,1
L1-L2,180,11,,1
L1-L2,180,13,,1
L1-L2,180,14,,1
L1-L2,180,15,,1
L1-L2,180,18,,1
L1-L2,180,20,,1
L1-L2,180,23,,1
L1-L2,180,25,,1
L1-L2,180,27,,1
L1-L2,180,28,,1
L1-L2,180,29,,1
L1-L2,180,31,,1
L1-L2,180,36,,1
L1-L2,180,37,,1
L1-L2,180,40,,1
L1-L2,180,41,,1
L1-L2,180,46,,1
L1-L2,180,47,,1
L1-L2,180,48,,1
L1-L2,180,50,,1
L1-L2,180,52,,1
L1-L2,180,54,,1
L1-L2,180,56,,1
L1-L2,180,57,,1
L1-L2,180,60,,1
L1-L2,180,62,,1
L1-L2,180,64,,1
L1-L2,180,65,,1
L1-L2,180,67,,1
L1-L2,180,69,,1
L1-L2,180,70,,1
L1-L2,180,74,,1
L1-L2,180,76,,1
L1-L2,180,78,,1
L1-L2,180,80,,1
L1-L2,180,82,,1
L1-L2,180,84,,1
L1-L2,180,89,,1
L1-L2,180,90,,1
L1-L2,180,92,,1
L1-L2,180,93,,1
L1-L2,180,94,,1
L1-L2,180,95,,1
L1-L2,180,98,,1
L1-L2,180,100,,1
L1-L2,180,104,,1
L1-L2,180,105,,1
L1-L2,180,107,,1
L1-L2,180,109,,1
L1-L2,180,110,,1
L1-L2,180,111,,1
L1-L2,180,112,,1
L1-L2,180,114,,1
L1-L2,180,117,,1
L1-L2,180,119,,1
L1-L2,180,120,,1
L1-L2,180,123,,1
L1-L2,180,129,,1
L1-L2,180,133,,1
L1-L2,180,134,,1
L1-L2,180,137,,1
L1-L2,180,145,,1
L1-L2,180,147,,1
L1-L2,180,151,,1
L1-L2,180,153,,1
L1-L2,180,157,,1
L1-L2,180,158,,1
L1-L2,180,160,,1
L1-L2,180,162,,1
L1-L2,180,166,,1
L1-L2,180,172,,1
L1-L2,180,174,,1
L1-L2,180,175,,1
L1-L2,180,178,,1
L1-L2,180,179,,1
L1-L2,180,180,,1
L1-L2,180,181,,1
L1-L2,180,184,,1
L1-L2,180,188,,1
L1-L2,180,190,,1
L1-L2,180,191,,1
L1-L2,180,195,,1
L1-L2,180,197,,1
L1-L2,180,198,,1
L1-L2,180,201,,1
L1-L2,180,202,,1
L1-L2,180,203,,1
L1-L2,180,204,,1
L1-L2,180,205,,1
L1-L2,180,206,,1
L1-L2,180,208,,1
L1-L2,180,210,,1
L1-L2,180,211,,1
L1-L2,180,212,,1
L1-L2,180,216,,1
L1-L2,180,217,,1
L1-L2,180,218,,1
L1-L2,180,220,,1
L1-L2,180,222,,1
L1-L2,180,224,,1
L1-L2,180,225,,1
L1-L2,180,229,,1
L1-L2,180,230,,1
L1-L2,180,232,,1
L1-L2,180,234,,1
L1-L2,180,235,,1
L1-L2,180,236,,1
L1-L2,180,238,,1
L1-L2,180,239,,1
L1-L2,180,244,,1
L1-L2,180,245,,1
L1-L2,180,246,,1
L1-L2,180,247,,1
L1-L2,180,250,,1
L1-L2,180,254,,1
L1-L2,181,0,,1
L1-L2,181,3,,1
L1-L2,181,9,,1
L1-L2,181,11,,1
L1-L2,181,12,,1
L1-L2,181,14,,1
L1-L2,181,17,,1
L1-L2,181,18,,1
L1-L2,181,20,,1
L1-L2,181,21,,1
L1-L2,181,22,,1
L1-L2,181,27,,1
L1-L2,181,34,,1
L1-L2,181,37,,1
L1-L2,181,38,,1
L1-L2,181,42,,1
L1-L2,181,45,,1
L1-L2,181,46,,1
L1-L2,181,50,,1
L1-L2,181,53,,1
L1-L2,181,55,,1
L1-L2,181,56,,1
L1-L2,181,59,,1
L1-L2,181,64,,1
L1-L2,181,65,,1
L1-L2,181,73,,1
L1-L2,181,76,,1
L1-L2,181,77,,1
L1-L2,181,81,,1
L1-L2,181,85,,1
L1-L2,181,90,,1
L1-L2,181,91,,1
L1-L2,181,96,,1
L1-L2,181,97,,1
L1-L2,181,99,,1
L1-L2,181,101,,1
L1-L2,181,102,,1
L1-L2,181,112,,1
L1-L2,181,113,,1
L1-L2,181,115,,1
L1-L2,181,117,,1
L1-L2,181,120,,1
L1-L2,181,122,,1
L1-L2,181,123,,1
L1-L2,181,124,,1
L1-L2,181,127,,1
L1-L2,181,130,,1
L1-L2,181,131,,1
L1-L2,181,132,,1
L1-L2,181,137,,1
L1-L2,181,139,,1
L1-L2,181,143,,1
L1-L2,181,145,,1
L1-L2,181,146,,1
L1-L2,181,149,,1
L1-L2,181,150,,1
L1-L2,181,151,,1
L1-L2,181,153,,1
L1-L2,181,154,,1
L1-L2,181,157,,1
L1-L2,181,158,,1
L1-L2,181,163,,1
L1-L2,181,164,,1
L1-L2,181,165,,1
L1-L2,181,166,,1
L1-L2,181,167,,1
L1-L2,181,168,,1
L1-L2,181,169,,1
L1-L2,181,170,,1
L1-L2,181,171,,1
L1-L2,181,180,,1
L1-L2,181,182,,1
L1-L2,181,187,,1
L1-L2,181,188,,1
L1-L2,181,191,,1
L1-L2,181,193,,1
L1-L2,181,195,,1
L1-L2,181,197,,1
L1-L2,181,198,,1
L1-L2,181,200,,1
L1-L2,181,212,,1
L1-L2,181,213,,1
L1-L2,181,214,,1
L1-L2,181,218,,1
L1-L2,181,219,,1
L1-L2,181,223,,1
L1-L2,181,224,,1
L1-L2,181,225,,1
L1-L2,181,226,,1
L1-L2,181,229,,1
L1-L2,181,230,,1
L1-L2,181,231,,1
L1-L2,181,233,,1
L1-L2,181,237,,1
L1-L2,181,238,,1
L1-L2,181,239,,1
L1-L2,181,242,,1
L1-L2,181,243,,1
L1-L2,181,244,,1
L1-L2,181,247,,1
L1-L2,181,250,,1
L1-L2,182,2,,1
L1-L2,182,4,,1
L1-L2,182,9,,1
L1-L2,182,10,,1
L1-L2,182,12,,1
L1-L2,182,13,,1
L1-L2,182,15,,1
L1-L2,182,21,,1
L1-L2,182,26,,1
L1-L2,182,29,,1
L1-L2,182,33,,1
L1-L2,182,34,,1
L1-L2,182,38,,1
L1-L2,182,39,,1
L1-L2,182,43,,1
L1-L2,182,44,,1
L1-L2,182,45,,1
L1-L2,182,46,,1
L1-L2,182,49,,1
L1-L2,182,50,,1
L1-L2,182,51,,1
L1-L2,182,52,,1
L1-L2,182,53,,1
L1-L2,182,56,,1
L1-L2,182,60,,1
L1-L2,182,61,,1
L1-L2,182,64,,1
L1-L2,182,66,,1
L1-L2,182,68,,1
L1-L2,182,69,,1
L1-L2,182,71,,1
L1-L2,182,74,,1
L1-L2,182,76,,1
L1-L2,182,78,,1
L1-L2,182,79,,1
L1-L2,182,81,,1
L1-L2,182,83,,1
L1-L2,182,86,,1
L1-L2,182,87,,1
L1-L2,182,98,,1
L1-L2,182,99,,1
L1-L2,182,100,,1
L1-L2,182,103,,1
L1-L2,182,104,,1
L1-L2,182,106,,1
L1-L2,182,108,,1
L1-L2,182,110,,1
L1-L2,182,114,,1
L1-L2,182,116,,1
L1-L2,182,117,,1
L1-L2,182,125,,1
L1-L2,182,126,,1
L1-L2,182,127,,1
L1-L2,182,132,,1
L1-L2,182,136,,1
L1-L2,182,138,,1
L1-L2,182,139,,1
L1-L2,182,146,,1
L1-L2,182,148,,1
L1-L2,182,150,,1
L1-L2,182,151,,1
L1-L2,182,152,,1
L1-L2,182,154,,1
L1-L2,182,156,,1
L1-L2,182,160,,1
L1-L2,182,165,,1
L1-L2,182,167,,1
L1-L2,182,169,,1
L1-L2,182,172,,1
L1-L2,182,175,,1
L1-L2,182,177,,1
L1-L2,182,180,,1
L1-L2,182,182,,1
L1-L2,182,186,,1
L1-L2,182,187,,1
L1-L2,182,190,,1
L1-L2,182,193,,1
L1-L2,182,195,,1
L1-L2,182,197,,1
L1-L2,182,199,,1
L1-L2,182,201,,1
L1-L2,182,205,,1
L1-L2,182,209,,1
L1-L2,182,211,,1
L1-L2,182,213,,1
L1-L2,182,215,,1
L1-L2,182,216,,1
L1-L2,182,219,,1
L1-L2,182,220,,1
L1-L2,182,221,,1
L1-L2,182,230,,1
L1-L2,182,233,,1
L1-L2,182,234,,1
L1-L2,182,236,,1
L1-L2,182,237,,1
L1-L2,182,241,,1
L1-L2,182,242,,1
L1-L2,182,244,,1
L1-L2,182,246,,1
L1-L2,182,247,,1
L1-L2,182,249,,1
L1-L2,182,250,,1
L1-L2,182,251,,1
L1-L2,182,252,,1
L1-L2,182,255,,1
L1-L2,183,0,,1
L1-L2,183,1,,1
L1-L2,183,4,,1
L1-L2,183,5,,1
L1-L2,183,13,,1
L1-L2,183,15,,1
L1-L2,183,31,,1
L1-L2,183,39,,1
L1-L2,183,43,,1
L1-L2,183,54,,1
L1-L2,183,55,,1
L1-L2,183,56,,1
L1-L2,183,59,,1
L1-L2,183,67,,1
L1-L2,183,68,,1
L1-L2,183,70,,1
L1-L2,183,74,,1
L1-L2,183,79,,1
L1-L2,183,80,,1
L1-L2,183,83,,1
L1-L2,183,86,,1
L1-L2,183,89,,1
L1-L2,183,90,,1
L1-L2,183,96,,1
L1-L2,183,97,,1
L1-L2,183,103,,1
L1-L2,183,110,,1
L1-L2,183,114,,1
L1-L2,183,115,,1
L1-L2,183,116,,1
L1-L2,183,118,,1
L1-L2,183,120,,1
L1-L2,183,122,,1
L1-L2,183,127,,1
L1-L2,183,132,,1
L1-L2,183,133,,1
L1-L2,183,134,,1
L1-L2,183,136,,1
L1-L2,183,138,,1
L1-L2,183,140,,1
L1-L2,183,143,,1
L1-L2,183,149,,1
L1-L2,183,151,,1
L1-L2,183,157,,1
L1-L2,183,158,,1
L1-L2,183,169,,1
L1-L2,183,170,,1
L1-L2,183,173,,1
L1-L2,183,174,,1
L1-L2,183,176,,1
L1-L2,183,192,,1
L1-L2,183,194,,1
L1-L2,183,198,,1
L1-L2,183,200,,1
L1-L2,183,205,,1
L1-L2,183,210,,1
L1-L2,183,211,,1
L1-L2,183,212,,1
L1-L2,183,213,,1
L1-L2,183,214,,1
L1-L2,183,215,,1
L1-L2,183,216,,1
L1-L2,183,218,,1
L1-L2,183,219,,1
L1-L2,183,220,,1
L1-L2,183,222,,1
L1-L2,183,225,,1
L1-L2,183,232,,1
L1-L2,183,236,,1
L1-L2,183,237,,1
L1-L2,183,238,,1
L1-L2,183,239,,1
L1-L2,183,240,,1
L1-L2,183,241,,1
L1-L2,183,245,,1
L1-L2,183,247,,1
L1-L2,183,250,,1
L1-L2,183,251,,1
L1-L2,184,0,,1
L1-L2,184,4,,1
L1-L2,184,5,,1
L1-L2,184,9,,1
L1-L2,184,13,,1
L1-L2,184,17,,1
L1-L2,184,18,,1
L1-L2,184,20,,1
L1-L2,184,21,,1
L1-L2,184,22,,1
L1-L2,184,25,,1
L1-L2,184,27,,1
L1-L2,184,29,,1
L1-L2,184,33,,1
L1-L2,184,35,,1
L1-L2,184,37,,1
L1-L2,184,38,,1
L1-L2,184,39,,1
L1-L2,184,41,,1
L1-L2,184,47,,1
L1-L2,184,49,,1
L1-L2,184,56,,1
L1-L2,184,57,,1
L1-L2,184,60,,1
L1-L2,184,65,,1
L1-L2,184,69,,1
L1-L2,184,72,,1
L1-L2,184,74,,1
L1-L2,184,75,,1
L1-L2,184,76,,1
L1-L2,184,88,,1
L1-L2,184,90,,1
L1-L2,184,92,,1
L1-L2,184,98,,1
L1-L2,184,103,,1
L1-L2,184,104,,1
L1-L2,184,106,,1
L1-L2,184,108,,1
L1-L2,184,109,,1
L1-L2,184,110,,1
L1-L2,184,111,,1
L1-L2,184,112,,1
L1-L2,184,114,,1
L1-L2,184,115,,1
L1-L2,184,116,,1
L1-L2,184,121,,1
L1-L2,184,125,,1
L1-L2,184,127,,1
L1-L2,184,129,,1
L1-L2,184,131,,1
L1-L2,184,132,,1
L1-L2,184,135,,1
L1-L2,184,138,,1
L1-L2,184,141,,1
L1-L2,184,143,,1
L1-L2,184,144,,1
L1-L2,184,150,,1
L1-L2,184,152,,1
L1-L2,184,153,,1
L1-L2,184,156,,1
L1-L2,184,158,,1
L1-L2,184,159,,1
L1-L2,184,166,,1
L1-L2,184,171,,1
L1-L2,184,173,,1
L1-L2,184,174,,1
L1-L2,184,177,,1
L1-L2,184,180,,1
L1-L2,184,182,,1
L1-L2,184,183,,1
L1-L2,184,186,,1
L1-L2,184,187,,1
L1-L2,184,190,,1
L1-L2,184,191,,1
L1-L2,184,192,,1
L1-L2,184,196,,1
L1-L2,184,203,,1
L1-L2,184,205,,1
L1-L2,184,206,,1
L1-L2,184,208,,1
L1-L2,184,209,,1
L1-L2,184,215,,1
L1-L2,184,216,,1
L1-L2,184,219,,1
L1-L2,184,221,,1
L1-L2,184,225,,1
L1-L2,184,227,,1
L1-L2,184,231,,1
L1-L2,184,232,,1
L1-L2,184,237,,1
L1-L2,184,239,,1
L1-L2,184,244,,1
L1-L2,184,246,,1
L1-L2,184,252,,1
L1-L2,184,253,,1
L1-L2,184,254,,1
L1-L2,185,1,,1
L1-L2,185,2,,1
L1-L2,185,5,,1
L1-L2,185,7,,1
L1-L2,185,8,,1
L1-L2,185,12,,1
L1-L2,185,13,,1
L1-L2,185,14,,1
L1-L2,185,22,,1
L1-L2,185,23,,1
L1-L2,185,24,,1
L1-L2,185,31,,1
L1-L2,185,35,,1
L1-L2,185,36,,1
L1-L2,185,40,,1
L1-L2,185,49,,1
L1-L2,185,50,,1
L1-L2,185,53,,1
L1-L2,185,56,,1
L1-L2,185,62,,1
L1-L2,185,65,,1
L1-L2,185,67,,1
L1-L2,185,72,,1
L1-L2,185,74,,1
L1-L2,185,82,,1
L1-L2,185,92,,1
L1-L2,185,100,,1
L1-L2,185,102,,1
L1-L2,185,103,,1
L1-L2,185,111,,1
L1-L2,185,113,,1
L1-L2,185,115,,1
L1-L2,185,116,,1
L1-L2,185,118,,1
L1-L2,185,119,,1
L1-L2,185,123,,1
L1-L2,185,127,,1
L1-L2,185,128,,1
L1-L2,185,129,,1
L1-L2,185,132,,1
L1-L2,185,134,,1
L1-L2,185,135,,1
L1-L2,185,136,,1
L1-L2,185,140,,1
L1-L2,185,144,,1
L1-L2,185,148,,1
L1-L2,185,149,,1
L1-L2,185,151,,1
L1-L2,185,152,,1
L1-L2,185,153,,1
L1-L2,185,161,,1
L1-L2,185,162,,1
L1-L2,185,163,,1
L1-L2,185,174,,1
L1-L2,185,176,,1
L1-L2,185,177,,1
L1-L2,185,178,,1
L1-L2,185,179,,1
L1-L2,185,181,,1
L1-L2,185,183,,1
L1-L2,185,189,,1
L1-L2,185,191,,1
L1-L2,185,192,,1
L1-L2,185,193,,1
L1-L2,185,194,,1
L1-L2,185,195,,1
L1-L2,185,196,,1
L1-L2,185,197,,1
L1-L2,185,198,,1
L1-L2,185,199,,1
L1-L2,185,201,,1
L1-L2,185,202,,1
L1-L2,185,203,,1
L1-L2,185,207,,1
L1-L2,185,211,,1
L1-L2,185,216,,1
L1-L2,185,221,,1
L1-L2,185,222,,1
L1-L2,185,225,,1
L1-L2,185,227,,1
L1-L2,185,231,,1
L1-L2,185,233,,1
L1-L2,185,234,,1
L1-L2,185,236,,1
L1-L2,185,238,,1
L1-L2,185,239,,1
L1-L2,185,240,,1
L1-L2,185,242,,1
L1-L2,185,246,,1
L1-L2,185,247,,1
L1-L2,185,248,,1
L1-L2,185,249,,1
L1-L2,185,251,,1
L1-L2,185,252,,1
L1-L2,185,253,,1
L1-L2,186,4,,1
L1-L2,186,6,,1
L1-L2,186,8,,1
L1-L2,186,12,,1
L1-L2,186,13,,1
L1-L2,186,14,,1
L1-L2,186,16,,1
L1-L2,186,18,,1
L1-L2,186,19,,1
L1-L2,186,22,,1
L1-L2,186,23,,1
L1-L2,186,30,,1
L1-L2,186,31,,1
L1-L2,186,38,,1
L1-L2,186,42,,1
L1-L2,186,43,,1
L1-L2,186,50,,1
L1-L2,186,56,,1
L1-L2,186,62,,1
L1-L2,186,64,,1
L1-L2,186,73,,1
L1-L2,186,79,,1
L1-L2,186,81,,1
L1-L2,186,83,,1
L1-L2,186,84,,1
L1-L2,186,87,,1
L1-L2,186,88,,1
L1-L2,186,97,,1
L1-L2,186,99,,1
L1-L2,186,104,,1
L1-L2,186,106,,1
L1-L2,186,107,,1
L1-L2,186,108,,1
L1-L2,186,110,,1
L1-L2,186,112,,1
L1-L2,186,114,,1
L1-L2,186,117,,1
L1-L2,186,118,,1
L1-L2,186,121,,1
L1-L2,186,124,,1
L1-L2,186,128,,1
L1-L2,186,131,,1
L1-L2,186,132,,1
L1-L2,186,136,,1
L1-L2,186,137,,1
L1-L2,186,140,,1
L1-L2,186,141,,1
L1-L2,186,144,,1
L1-L2,186,145,,1
L1-L2,186,146,,1
L1-L2,186,151,,1
L1-L2,186,153,,1
L1-L2,186,156,,1
L1-L2,186,161,,1
L1-L2,186,165,,1
L1-L2,186,167,,1
L1-L2,186,168,,1
L1-L2,186,169,,1
L1-L2,186,174,,1
L1-L2,186,177,,1
L1-L2,186,178,,1
L1-L2,186,181,,1
L1-L2,186,182,,1
L1-L2,186,186,,1
L1-L2,186,187,,1
L1-L2,186,189,,1
L1-L2,186,190,,1
L1-L2,186,191,,1
L1-L2,186,193,,1
L1-L2,186,194,,1
L1-L2,186,195,,1
L1-L2,186,196,,1
L1-L2,186,198,,1
L1-L2,186,207,,1
L1-L2,186,209,,1
L1-L2,186,212,,1
L1-L2,186,215,,1
L1-L2,186,217,,1
L1-L2,186,218,,1
L1-L2,186,221,,1
L1-L2,186,222,,1
L1-L2,186,225,,1
L1-L2,186,226,,1
L1-L2,186,229,,1
L1-L2,186,230,,1
L1-L2,186,236,,1
L1-L2,186,241,,1
L1-L2,186,246,,1
L1-L2,186,247,,1
L1-L2,186,248,,1
L1-L2,186,249,,1
L1-L2,186,255,,1
L1-L2,187,8,,1
L1-L2,187,9,,1
L1-L2,187,11,,1
L1-L2,187,15,,1
L1-L2,187,23,,1
L1-L2,187,24,,1
L1-L2,187,26,,1
L1-L2,187,28,,1
L1-L2,187,31,,1
L1-L2,187,32,,1
L1-L2,187,36,,1
L1-L2,187,37,,1
L1-L2,187,38,,1
L1-L2,187,42,,1
L1-L2,187,43,,1
L1-L2,187,49,,1
L1-L2,187,55,,1
L1-L2,187,56,,1
L1-L2,187,57,,1
L1-L2,187,58,,1
L1-L2,187,59,,1
L1-L2,187,60,,1
L1-L2,187,62,,1
L1-L2,187,69,,1
L1-L2,187,70,,1
L1-L2,187,71,,1
L1-L2,187,77,,1
L1-L2,187,78,,1
L1-L2,187,82,,1
L1-L2,187,90,,1
L1-L2,187,91,,1
L1-L2,187,93,,1
L1-L2,187,95,,1
L1-L2,187,98,,1
L1-L2,187,102,,1
L1-L2,187,103,,1
L1-L2,187,108,,1
L1-L2,187,109,,1
L1-L2,187,111,,1
L1-L2,187,113,,1
L1-L2,187,117,,1
L1-L2,187,118,,1
L1-L2,187,119,,1
L1-L2,187,123,,1
L1-L2,187,124,,1
L1-L2,187,125,,1
L1-L2,187,126,,1
L1-L2,187,135,,1
L1-L2,187,137,,1
L1-L2,187,138,,1
L1-L2,187,139,,1
L1-L2,187,142,,1
L1-L2,187,143,,1
L1-L2,187,148,,1
L1-L2,187,149,,1
L1-L2,187,154,,1
L1-L2,187,159,,1
L1-L2,187,160,,1
L1-L2,187,166,,1
L1-L2,187,168,,1
L1-L2,187,169,,1
L1-L2,187,172,,1
L1-L2,187,175,,1
L1-L2,187,176,,1
L1-L2,187,177,,1
L1-L2,187,180,,1
L1-L2,187,181,,1
L1-L2,187,182,,1
L1-L2,187,183,,1
L1-L2,187,191,,1
L1-L2,187,192,,1
L1-L2,187,195,,1
L1-L2,187,196,,1
L1-L2,187,198,,1
L1-L2,187,200,,1
L1-L2,187,203,,1
L1-L2,187,205,,1
L1-L2,187,206,,1
L1-L2,187,208,,1
L1-L2,187,213,,1
L1-L2,187,215,,1
L1-L2,187,220,,1
L1-L2,187,225,,1
L1-L2,187,227,,1
L1-L2,187,234,,1
L1-L2,187,235,,1
L1-L2,187,238,,1
L1-L2,187,239,,1
L1-L2,187,241,,1
L1-L2,187,244,,1
L1-L2,187,245,,1
L1-L2,187,253,,1
L1-L2,187,254,,1
L1-L2,188,0,,1
L1-L2,188,1,,1
L1-L2,188,4,,1
L1-L2,188,7,,1
L1-L2,188,8,,1
L1-L2,188,9,,1
L1-L2,188,16,,1
L1-L2,188,17,,1
L1-L2,188,19,,1
L1-L2,188,21,,1
L1-L2,188,23,,1
L1-L2,188,24,,1
L1-L2,188,27,,1
L1-L2,188,28,,1
L1-L2,188,31,,1
L1-L2,188,32,,1
L1-L2,188,34,,1
L1-L2,188,35,,1
L1-L2,188,46,,1
L1-L2,188,48,,1
L1-L2,188,52,,1
L1-L2,188,55,,1
L1-L2,188,62,,1
L1-L2,188,65,,1
L1-L2,188,67,,1
L1-L2,188,68,,1
L1-L2,188,70,,1
L1-L2,188,73,,1
L1-L2,188,74,,1
L1-L2,188,76,,1
L1-L2,188,77,,1
L1-L2,188,78,,1
L1-L2,188,80,,1
L1-L2,188,83,,1
L1-L2,188,84,,1
L1-L2,188,86,,1
L1-L2,188,88,,1
L1-L2,188,89,,1
L1-L2,188,91,,1
L1-L2,188,96,,1
L1-L2,188,98,,1
L1-L2,188,100,,1
L1-L2,188,103,,1
L1-L2,188,105,,1
L1-L2,188,110,,1
L1-L2,188,113,,1
L1-L2,188,118,,1
L1-L2,188,119,,1
L1-L2,188,120,,1
L1-L2,188,125,,1
L1-L2,188,131,,1
L1-L2,188,148,,1
L1-L2,188,149,,1
L1-L2,188,153,,1
L1-L2,188,155,,1
L1-L2,188,156,,1
L1-L2,188,157,,1
L1-L2,188,159,,1
L1-L2,188,160,,1
L1-L2,188,162,,1
L1-L2,188,166,,1
L1-L2,188,168,,1
L1-L2,188,170,,1
L1-L2,188,172,,1
L1-L2,188,174,,1
L1-L2,188,176,,1
L1-L2,188,180,,1
L1-L2,188,181,,1
L1-L2,188,184,,1
L1-L2,188,190,,1
L1-L2,188,192,,1
L1-L2,188,193,,1
L1-L2,188,196,,1
L1-L2,188,197,,1
L1-L2,188,198,,1
L1-L2,188,200,,1
L1-L2,188,202,,1
L1-L2,188,203,,1
L1-L2,188,204,,1
L1-L2,188,208,,1
L1-L2,188,209,,1
L1-L2,188,210,,1
L1-L2,188,211,,1
L1-L2,188,213,,1
L1-L2,188,214,,1
L1-L2,188,216,,1
L1-L2,188,218,,1
L1-L2,188,219,,1
L1-L2,188,220,,1
L1-L2,188,221,,1
L1-L2,188,222,,1
L1-L2,188,223,,1
L1-L2,188,226,,1
L1-L2,188,227,,1
L1-L2,188,231,,1
L1-L2,188,243,,1
L1-L2,188,246,,1
L1-L2,188,250,,1
L1-L2,188,251,,1
L1-L2,188,252,,1
L1-L2,188,254,,1
L1-L2,188,255,,1
L1-L2,189,0,,1
L1-L2,189,8,,1
L1-L2,189,10,,1
L1-L2,189,19,,1
L1-L2,189,21,,1
L1-L2,189,34,,1
L1-L2,189,35,,1
L1-L2,189,37,,1
L1-L2,189,38,,1
L1-L2,189,41,,1
L1-L2,189,42,,1
L1-L2,189,45,,1
L1-L2,189,46,,1
L1-L2,189,48,,1
L1-L2,189,54,,1
L1-L2,189,57,,1
L1-L2,189,62,,1
L1-L2,189,64,,1
L1-L2,189,66,,1
L1-L2,189,70,,1
L1-L2,189,71,,1
L1-L2,189,73,,1
L1-L2,189,76,,1
L1-L2,189,77,,1
L1-L2,189,78,,1
L1-L2,189,80,,1
L1-L2,189,84,,1
L1-L2,189,88,,1
L1-L2,189,91,,1
L1-L2,189,93,,1
L1-L2,189,94,,1
L1-L2,189,95,,1
L1-L2,189,100,,1
L1-L2,189,102,,1
L1-L2,189,106,,1
L1-L2,189,107,,1
L1-L2,189,110,,1
L1-L2,189,111,,1
L1-L2,189,113,,1
L1-L2,189,115,,1
L1-L2,189,120,,1
L1-L2,189,121,,1
L1-L2,189,125,,1
L1-L2,189,127,,1
L1-L2,189,128,,1
L1-L2,189,129,,1
L1-L2,189,130,,1
L1-L2,189,131,,1
L1-L2,189,136,,1
L1-L2,189,138,,1
L1-L2,189,143,,1
L1-L2,189,144,,1
L1-L2,189,147,,1
L1-L2,189,149,,1
L1-L2,189,150,,1
L1-L2,189,151,,1
L1-L2,189,153,,1
L1-L2,189,156,,1
L1-L2,189,158,,1
L1-L2,189,162,,1
L1-L2,189,163,,1
L1-L2,189,164,,1
L1-L2,189,166,,1
L1-L2,189,169,,1
L1-L2,189,170,,1
L1-L2,189,172,,1
L1-L2,189,173,,1
L1-L2,189,174,,1
L1-L2,189,175,,1
L1-L2,189,177,,1
L1-L2,189,180,,1
L1-L2,189,182,,1
L1-L2,189,186,,1
L1-L2,189,187,,1
L1-L2,189,192,,1
L1-L2,189,194,,1
L1-L2,189,201,,1
L1-L2,189,203,,1
L1-L2,189,205,,1
L1-L2,189,206,,1
L1-L2,189,208,,1
L1-L2,189,210,,1
L1-L2,189,212,,1
L1-L2,189,213,,1
L1-L2,189,214,,1
L1-L2,189,215,,1
L1-L2,189,216,,1
L1-L2,189,222,,1
L1-L2,189,223,,1
L1-L2,189,226,,1
L1-L2,189,228,,1
L1-L2,189,230,,1
L1-L2,189,231,,1
L1-L2,189,232,,1
L1-L2,189,233,,1
L1-L2,189,234,,1
L1-L2,189,236,,1
L1-L2,189,238,,1
L1-L2,189,239,,1
L1-L2,189,242,,1
L1-L2,189,244,,1
L1-L2,189,245,,1
L1-L2,189,248,,1
L1-L2,189,249,,1
L1-L2,189,252,,1
L1-L2,189,254,,1
L1-L2,189,255,,1
L1-L2,190,1,,1
L1-L2,190,2,,1
L1-L2,190,3,,1
L1-L2,190,4,,1
L1-L2,190,12,,1
L1-L2,190,16,,1
L1-L2,190,24,,1
L1-L2,190,27,,1
L1-L2,190,29,,1
L1-L2,190,32,,1
L1-L2,190,33,,1
L1-L2,190,36,,1
L1-L2,190,39,,1
L1-L2,190,40,,1
L1-L2,190,42,,1
L1-L2,190,44,,1
L1-L2,190,46,,1
L1-L2,190,49,,1
L1-L2,190,50,,1
L1-L2,190,51,,1
L1-L2,190,53,,1
L1-L2,190,55,,1
L1-L2,190,60,,1
L1-L2,190,62,,1
L1-L2,190,66,,1
L1-L2,190,67,,1
L1-L2,190,72,,1
L1-L2,190,74,,1
L1-L2,190,80,,1
L1-L2,190,81,,1
L1-L2,190,88,,1
L1-L2,190,93,,1
L1-L2,190,95,,1
L1-L2,190,96,,1
L1-L2,190,97,,1
L1-L2,190,98,,1
L1-L2,190,102,,1
L1-L2,190,106,,1
L1-L2,190,109,,1
L1-L2,190,112,,1
L1-L2,190,113,,1
L1-L2,190,114,,1
L1-L2,190,115,,1
L1-L2,190,118,,1
L1-L2,190,119,,1
L1-L2,190,120,,1
L1-L2,190,129,,1
L1-L2,190,131,,1
L1-L2,190,135,,1
L1-L2,190,136,,1
L1-L2,190,137,,1
L1-L2,190,138,,1
L1-L2,190,139,,1
L1-L2,190,141,,1
L1-L2,190,150,,1
L1-L2,190,151,,1
L1-L2,190,153,,1
L1-L2,190,154,,1
L1-L2,190,156,,1
L1-L2,190,160,,1
L1-L2,190,162,,1
L1-L2,190,163,,1
L1-L2,190,167,,1
L1-L2,190,170,,1
L1-L2,190,171,,1
L1-L2,190,172,,1
L1-L2,190,173,,1
L1-L2,190,176,,1
L1-L2,190,177,,1
L1-L2,190,178,,1
L1-L2,190,181,,1
L1-L2,190,184,,1
L1-L2,190,190,,1
L1-L2,190,196,,1
L1-L2,190,197,,1
L1-L2,190,198,,1
L1-L2,190,199,,1
L1-L2,190,200,,1
L1-L2,190,201,,1
L1-L2,190,202,,1
L1-L2,190,203,,1
L1-L2,190,209,,1
L1-L2,190,212,,1
L1-L2,190,213,,1
L1-L2,190,214,,1
L1-L2,190,217,,1
L1-L2,190,218,,1
L1-L2,190,219,,1
L1-L2,190,220,,1
L1-L2,190,221,,1
L1-L2,190,222,,1
L1-L2,190,224,,1
L1-L2,190,225,,1
L1-L2,190,232,,1
L1-L2,190,233,,1
L1-L2,190,237,,1
L1-L2,190,238,,1
L1-L2,190,240,,1
L1-L2,190,241,,1
L1-L2,190,242,,1
L1-L2,190,243,,1
L1-L2,190,247,,1
L1-L2,190,249,,1
L1-L2,190,251,,1
L1-L2,190,252,,1
L1-L2,191,0,,1
L1-L2,191,3,,1
L1-L2,191,5,,1
L1-L2,191,6,,1
L1-L2,191,9,,1
L1-L2,191,10,,1
L1-L2,191,14,,1
L1-L2,191,15,,1
L1-L2,191,17,,1
L1-L2,191,23,,1
L1-L2,191,24,,1
L1-L2,191,25,,1
L1-L2,191,31,,1
L1-L2,191,36,,1
L1-L2,191,37,,1
L1-L2,191,38,,1
L1-L2,191,43,,1
L1-L2,191,47,,1
L1-L2,191,61,,1
L1-L2,191,65,,1
L1-L2,191,67,,1
L1-L2,191,68,,1
L1-L2,191,69,,1
L1-L2,191,70,,1
L1-L2,191,77,,1
L1-L2,191,78,,1
L1-L2,191,87,,1
L1-L2,191,88,,1
L1-L2,191,93,,1
L1-L2,191,94,,1
L1-L2,191,95,,1
L1-L2,191,99,,1
L1-L2,191,100,,1
L1-L2,191,103,,1
L1-L2,191,108,,1
L1-L2,191,112,,1
L1-L2,191,115,,1
L1-L2,191,116,,1
L1-L2,191,117,,1
L1-L2,191,118,,1
L1-L2,191,119,,1
L1-L2,191,120,,1
L1-L2,191,122,,1
L1-L2,191,135,,1
L1-L2,191,140,,1
L1-L2,191,142,,1
L1-L2,191,144,,1
L1-L2,191,145,,1
L1-L2,191,150,,1
L1-L2,191,154,,1
L1-L2,191,157,,1
L1-L2,191,159,,1
L1-L2,191,160,,1
L1-L2,191,162,,1
L1-L2,191,165,,1
L1-L2,191,167,,1
L1-L2,191,173,,1
L1-L2,191,174,,1
L1-L2,191,175,,1
L1-L2,191,178,,1
L1-L2,191,180,,1
L1-L2,191,181,,1
L1-L2,191,182,,1
L1-L2,191,183,,1
L1-L2,191,184,,1
L1-L2,191,185,,1
L1-L2,191,187,,1
L1-L2,191,189,,1
L1-L2,191,191,,1
L1-L2,191,198,,1
L1-L2,191,203,,1
L1-L2,191,207,,1
L1-L2,191,208,,1
L1-L2,191,211,,1
L1-L2,191,213,,1
L1-L2,191,216,,1
L1-L2,191,220,,1
L1-L2,191,222,,1
L1-L2,191,227,,1
L1-L2,191,228,,1
L1-L2,191,236,,1
L1-L2,191,238,,1
L1-L2,191,240,,1
L1-L2,191,243,,1
L1-L2,191,245,,1
L1-L2,191,248,,1
L1-L2,191,249,,1
L1-L2,191,252,,1
L1-L2,191,254,,1
L1-L2,192,0,,1
L1-L2,192,1,,1
L1-L2,192,2,,1
L1-L2,192,8,,1
L1-L2,192,9,,1
L1-L2,192,10,,1
L1-L2,192,16,,1
L1-L2,192,17,,1
L1-L2,192,18,,1
L1-L2,192,28,,1
L1-L2,192,31,,1
L1-L2,192,32,,1
L1-L2,192,38,,1
L1-L2,192,42,,1
L1-L2,192,45,,1
L1-L2,192,46,,1
L1-L2,192,47,,1
L1-L2,192,48,,1
L1-L2,192,50,,1
L1-L2,192,52,,1
L1-L2,192,53,,1
L1-L2,192,54,,1
L1-L2,192,56,,1
L1-L2,192,62,,1
L1-L2,192,64,,1
L1-L2,192,67,,1
L1-L2,192,68,,1
L1-L2,192,73,,1
L1-L2,192,78,,1
L1-L2,192,80,,1
L1-L2,192,82,,1
L1-L2,192,85,,1
L1-L2,192,90,,1
L1-L2,192,94,,1
L1-L2,192,101,,1
L1-L2,192,103,,1
L1-L2,192,105,,1
L1-L2,192,108,,1
L1-L2,192,109,,1
L1-L2,192,110,,1
L1-L2,192,112,,1
L1-L2,192,120,,1
L1-L2,192,122,,1
L1-L2,192,123,,1
L1-L2,192,129,,1
L1-L2,192,130,,1
L1-L2,192,133,,1
L1-L2,192,136,,1
L1-L2,192,137,,1
L1-L2,192,139,,1
L1-L2,192,140,,1
L1-L2,192,141,,1
L1-L2,192,142,,1
L1-L2,192,143,,1
L1-L2,192,152,,1
L1-L2,192,154,,1
L1-L2,192,155,,1
L1-L2,192,156,,1
L1-L2,192,166,,1
L1-L2,192,169,,1
L1-L2,192,171,,1
L1-L2,192,174,,1
L1-L2,192,175,,1
L1-L2,192,176,,1
L1-L2,192,178,,1
L1-L2,192,179,,1
L1-L2,192,182,,1
L1-L2,192,183,,1
L1-L2,192,190,,1
L1-L2,192,192,,1
L1-L2,192,193,,1
L1-L2,192,194,,1
L1-L2,192,197,,1
L1-L2,192,199,,1
L1-L2,192,203,,1
L1-L2,192,204,,1
L1-L2,192,206,,1
L1-L2,192,207,,1
L1-L2,192,208,,1
L1-L2,192,209,,1
L1-L2,192,214,,1
L1-L2,192,216,,1
L1-L2,192,219,,1
L1-L2,192,221,,1
L1-L2,192,222,,1
L1-L2,192,224,,1
L1-L2,192,226,,1
L1-L2,192,228,,1
L1-L2,192,231,,1
L1-L2,192,232,,1
L1-L2,192,233,,1
L1-L2,192,234,,1
L1-L2,192,242,,1
L1-L2,192,243,,1
L1-L2,192,244,,1
L1-L2,192,247,,1
L1-L2,192,250,,1
L1-L2,192,251,,1
L1-L2,192,252,,1
L1-L2,192,255,,1
L1-L2,193,1,,1
L1-L2,193,2,,1
L1-L2,193,3,,1
L1-L2,193,5,,1
L1-L2,193,7,,1
L1-L2,193,8,,1
L1-L2,193,9,,1
L1-L2,193,10,,1
L1-L2,193,13,,1
L1-L2,193,15,,1
L1-L2,193,31,,1
L1-L2,193,33,,1
L1-L2,193,38,,1
L1-L2,193,41,,1
L1-L2,193,44,,1
L1-L2,193,45,,1
L1-L2,193,51,,1
L1-L2,193,64,,1
L1-L2,193,66,,1
L1-L2,193,77,,1
L1-L2,193,80,,1
L1-L2,193,86,,1
L1-L2,193,88,,1
L1-L2,193,92,,1
L1-L2,193,95,,1
L1-L2,193,97,,1
L1-L2,193,98,,1
L1-L2,193,100,,1
L1-L2,193,104,,1
L1-L2,193,111,,1
L1-L2,193,112,,1
L1-L2,193,116,,1
L1-L2,193,117,,1
L1-L2,193,125,,1
L1-L2,193,132,,1
L1-L2,193,137,,1
L1-L2,193,140,,1
L1-L2,193,142,,1
L1-L2,193,143,,1
L1-L2,193,145,,1
L1-L2,193,147,,1
L1-L2,193,151,,1
L1-L2,193,153,,1
L1-L2,193,155,,1
L1-L2,193,156,,1
L1-L2,193,161,,1
L1-L2,193,162,,1
L1-L2,193,165,,1
L1-L2,193,166,,1
L1-L2,193,167,,1
L1-L2,193,169,,1
L1-L2,193,171,,1
L1-L2,193,172,,1
L1-L2,193,174,,1
L1-L2,193,175,,1
L1-L2,193,176,,1
L1-L2,193,178,,1
L1-L2,193,179,,1
L1-L2,193,180,,1
L1-L2,193,188,,1
L1-L2,193,190,,1
L1-L2,193,198,,1
L1-L2,193,199,,1
L1-L2,193,200,,1
L1-L2,193,203,,1
L1-L2,193,204,,1
L1-L2,193,208,,1
L1-L2,193,209,,1
L1-L2,193,210,,1
L1-L2,193,211,,1
L1-L2,193,212,,1
L1-L2,193,213,,1
L1-L2,193,215,,1
L1-L2,193,216,,1
L1-L2,193,219,,1
L1-L2,193,220,,1
L1-L2,193,222,,1
L1-L2,193,223,,1
L1-L2,193,224,,1
L1-L2,193,228,,1
L1-L2,193,230,,1
L1-L2,193,236,,1
L1-L2,193,237,,1
L1-L2,193,239,,1
L1-L2,193,240,,1
L1-L2,193,241,,1
L1-L2,193,242,,1
L1-L2,193,244,,1
L1-L2,193,253,,1
L1-L2,193,255,,1
L1-L2,194,0,,1
L1-L2,194,9,,1
L1-L2,194,11,,1
L1-L2,194,12,,1
L1-L2,194,15,,1
L1-L2,194,28,,1
L1-L2,194,35,,1
L1-L2,194,38,,1
L1-L2,194,44,,1
L1-L2,194,47,,1
L1-L2,194,60,,1
L1-L2,194,61,,1
L1-L2,194,65,,1
L1-L2,194,68,,1
L1-L2,194,71,,1
L1-L2,194,75,,1
L1-L2,194,79,,1
L1-L2,194,82,,1
L1-L2,194,84,,1
L1-L2,194,100,,1
L1-L2,194,102,,1
L1-L2,194,105,,1
L1-L2,194,107,,1
L1-L2,194,113,,1
L1-L2,194,114,,1
L1-L2,194,118,,1
L1-L2,194,125,,1
L1-L2,194,129,,1
L1-L2,194,132,,1
L1-L2,194,140,,1
L1-L2,194,142,,1
L1-L2,194,143,,1
L1-L2,194,147,,1
L1-L2,194,149,,1
L1-L2,194,152,,1
L1-L2,194,153,,1
L1-L2,194,157,,1
L1-L2,194,160,,1
L1-L2,194,162,,1
L1-L2,194,166,,1
L1-L2,194,172,,1
L1-L2,194,183,,1
L1-L2,194,186,,1
L1-L2,194,187,,1
L1-L2,194,188,,1
L1-L2,194,189,,1
L1-L2,194,192,,1
L1-L2,194,196,,1
L1-L2,194,198,,1
L1-L2,194,199,,1
L1-L2,194,204,,1
L1-L2,194,205,,1
L1-L2,194,206,,1
L1-L2,194,209,,1
L1-L2,194,210,,1
L1-L2,194,216,,1
L1-L2,194,218,,1
L1-L2,194,223,,1
L1-L2,194,226,,1
L1-L2,194,228,,1
L1-L2,194,229,,1
L1-L2,194,230,,1
L1-L2,194,233,,1
L1-L2,194,234,,1
L1-L2,194,236,,1
L1-L2,194,237,,1
L1-L2,194,242,,1
L1-L2,194,244,,1
L1-L2,194,249,,1
L1-L2,194,252,,1
L1-L2,194,253,,1
L1-L2,194,255,,1
L1-L2,195,8,,1
L1-L2,195,15,,1
L1-L2,195,18,,1
L1-L2,195,24,,1
L1-L2,195,30,,1
L1-L2,195,47,,1
L1-L2,195,55,,1
L1-L2,195,58,,1
L1-L2,195,59,,1
L1-L2,195,60,,1
L1-L2,195,68,,1
L1-L2,195,71,,1
L1-L2,195,74,,1
L1-L2,195,80,,1
L1-L2,195,83,,1
L1-L2,195,84,,1
L1-L2,195,85,,1
L1-L2,195,87,,1
L1-L2,195,88,,1
L1-L2,195,89,,1
L1-L2,195,94,,1
L1-L2,195,97,,1
L1-L2,195,106,,1
L1-L2,195,107,,1
L1-L2,195,115,,1
L1-L2,195,125,,1
L1-L2,195,131,,1
L1-L2,195,136,,1
L1-L2,195,140,,1
L1-L2,195,144,,1
L1-L2,195,152,,1
L1-L2,195,154,,1
L1-L2,195,157,,1
L1-L2,195,158,,1
L1-L2,195,160,,1
L1-L2,195,161,,1
L1-L2,195,162,,1
L1-L2,195,163,,1
L1-L2,195,166,,1
L1-L2,195,168,,1
L1-L2,195,170,,1
L1-L2,195,176,,1
L1-L2,195,182,,1
L1-L2,195,186,,1
L1-L2,195,188,,1
L1-L2,195,189,,1
L1-L2,195,191,,1
L1-L2,195,197,,1
L1-L2,195,204,,1
L1-L2,195,209,,1
L1-L2,195,212,,1
L1-L2,195,215,,1
L1-L2,195,220,,1
L1-L2,195,221,,1
L1-L2,195,222,,1
L1-L2,195,224,,1
L1-L2,195,231,,1
L1-L2,195,232,,1
L1-L2,195,233,,1
L1-L2,195,234,,1
L1-L2,195,236,,1
L1-L2,195,239,,1
L1-L2,195,245,,1
L1-L2,195,249,,1
L1-L2,195,250,,1
L1-L2,195,251,,1
L1-L2,195,254,,1
L1-L2,196,2,,1
L1-L2,196,4,,1
L1-L2,196,8,,1
L1-L2,196,11,,1
L1-L2,196,12,,1
L1-L2,196,15,,1
L1-L2,196,18,,1
L1-L2,196,19,,1
L1-L2,196,21,,1
L1-L2,196,22,,1
L1-L2,196,25,,1
L1-L2,196,28,,1
L1-L2,196,30,,1
L1-L2,196,34,,1
L1-L2,196,39,,1
L1-L2,196,40,,1
L1-L2,196,41,,1
L1-L2,196,51,,1
L1-L2,196,53,,1
L1-L2,196,54,,1
L1-L2,196,68,,1
L1-L2,196,70,,1
L1-L2,196,74,,1
L1-L2,196,75,,1
L1-L2,196,78,,1
L1-L2,196,80,,1
L1-L2,196,82,,1
L1-L2,196,87,,1
L1-L2,196,89,,1
L1-L2,196,101,,1
L1-L2,196,102,,1
L1-L2,196,114,,1
L1-L2,196,117,,1
L1-L2,196,119,,1
L1-L2,196,121,,1
L1-L2,196,126,,1
L1-L2,196,127,,1
L1-L2,196,130,,1
L1-L2,196,132,,1
L1-L2,196,138,,1
L1-L2,196,147,,1
L1-L2,196,149,,1
L1-L2,196,152,,1
L1-L2,196,153,,1
L1-L2,196,154,,1
L1-L2,196,156,,1
L1-L2,196,157,,1
L1-L2,196,162,,1
L1-L2,196,166,,1
L1-L2,196,167,,1
L1-L2,196,168,,1
L1-L2,196,170,,1
L1-L2,196,174,,1
L1-L2,196,175,,1
L1-L2,196,177,,1
L1-L2,196,178,,1
L1-L2,196,185,,1
L1-L2,196,187,,1
L1-L2,196,188,,1
L1-L2,196,189,,1
L1-L2,196,190,,1
L1-L2,196,191,,1
L1-L2,196,195,,1
L1-L2,196,196,,1
L1-L2,196,197,,1
L1-L2,196,198,,1
L1-L2,196,200,,1
L1-L2,196,208,,1
L1-L2,196,210,,1
L1-L2,196,211,,1
L1-L2,196,213,,1
L1-L2,196,215,,1
L1-L2,196,216,,1
L1-L2,196,219,,1
L1-L2,196,221,,1
L1-L2,196,222,,1
L1-L2,196,224,,1
L1-L2,196,226,,1
L1-L2,196,227,,1
L1-L2,196,228,,1
L1-L2,196,230,,1
L1-L2,196,231,,1
L1-L2,196,233,,1
L1-L2,196,236,,1
L1-L2,196,241,,1
L1-L2,196,242,,1
L1-L2,196,243,,1
L1-L2,196,245,,1
L1-L2,196,251,,1
L1-L2,196,255,,1
L1-L2,197,16,,1
L1-L2,197,21,,1
L1-L2,197,23,,1
L1-L2,197,25,,1
L1-L2,197,40,,1
L1-L2,197,49,,1
L1-L2,197,53,,1
L1-L2,197,61,,1
L1-L2,197,63,,1
L1-L2,197,65,,1
L1-L2,197,83,,1
L1-L2,197,93,,1
L1-L2,197,94,,1
L1-L2,197,96,,1
L1-L2,197,105,,1
L1-L2,197,113,,1
L1-L2,197,115,,1
L1-L2,197,118,,1
L1-L2,197,128,,1
L1-L2,197,129,,1
L1-L2,197,132,,1
L1-L2,197,137,,1
L1-L2,197,145,,1
L1-L2,197,147,,1
L1-L2,197,150,,1
L1-L2,197,152,,1
L1-L2,197,154,,1
L1-L2,197,157,,1
L1-L2,197,161,,1
L1-L2,197,162,,1
L1-L2,197,166,,1
L1-L2,197,177,,1
L1-L2,197,179,,1
L1-L2,197,181,,1
L1-L2,197,184,,1
L1-L2,197,189,,1
L1-L2,197,192,,1
L1-L2,197,197,,1
L1-L2,197,200,,1
L1-L2,197,202,,1
L1-L2,197,203,,1
L1-L2,197,204,,1
L1-L2,197,207,,1
L1-L2,197,208,,1
L1-L2,197,211,,1
L1-L2,197,212,,1
L1-L2,197,213,,1
L1-L2,197,214,,1
L1-L2,197,216,,1
L1-L2,197,217,,1
L1-L2,197,221,,1
L1-L2,197,223,,1
L1-L2,197,225,,1
L1-L2,197,226,,1
L1-L2,197,230,,1
L1-L2,197,231,,1
L1-L2,197,240,,1
L1-L2,197,242,,1
L1-L2,197,245,,1
L1-L2,197,249,,1
L1-L2,197,252,,1
L1-L2,197,253,,1
L1-L2,197,255,,1
L1-L2,198,3,,1
L1-L2,198,4,,1
L1-L2,198,6,,1
L1-L2,198,10,,1
L1-L2,198,17,,1
L1-L2,198,23,,1
L1-L2,198,24,,1
L1-L2,198,25,,1
L1-L2,198,28,,1
L1-L2,198,31,,1
L1-L2,198,32,,1
L1-L2,198,34,,1
L1-L2,198,39,,1
L1-L2,198,41,,1
L1-L2,198,54,,1
L1-L2,198,55,,1
L1-L2,198,60,,1
L1-L2,198,61,,1
L1-L2,198,63,,1
L1-L2,198,67,,1
L1-L2,198,70,,1
L1-L2,198,72,,1
L1-L2,198,73,,1
L1-L2,198,74,,1
L1-L2,198,79,,1
L1-L2,198,80,,1
L1-L2,198,81,,1
L1-L2,198,82,,1
L1-L2,198,86,,1
L1-L2,198,88,,1
L1-L2,198,90,,1
L1-L2,198,92,,1
L1-L2,198,93,,1
L1-L2,198,95,,1
L1-L2,198,97,,1
L1-L2,198,100,,1
L1-L2,198,102,,1
L1-L2,198,103,,1
L1-L2,198,109,,1
L1-L2,198,111,,1
L1-L2,198,112,,1
L1-L2,198,115,,1
L1-L2,198,118,,1
L1-L2,198,119,,1
L1-L2,198,120,,1
L1-L2,198,122,,1
L1-L2,198,124,,1
L1-L2,198,130,,1
L1-L2,198,131,,1
L1-L2,198,132,,1
L1-L2,198,133,,1
L1-L2,198,134,,1
L1-L2,198,135,,1
L1-L2,198,138,,1
L1-L2,198,140,,1
L1-L2,198,143,,1
L1-L2,198,144,,1
L1-L2,198,147,,1
L1-L2,198,148,,1
L1-L2,198,149,,1
L1-L2,198,150,,1
L1-L2,198,151,,1
L1-L2,198,152,,1
L1-L2,198,153,,1
L1-L2,198,157,,1
L1-L2,198,158,,1
L1-L2,198,159,,1
L1-L2,198,163,,1
L1-L2,198,164,,1
L1-L2,198,166,,1
L1-L2,198,167,,1
L1-L2,198,169,,1
L1-L2,198,173,,1
L1-L2,198,174,,1
L1-L2,198,175,,1
L1-L2,198,179,,1
L1-L2,198,180,,1
L1-L2,198,181,,1
L1-L2,198,183,,1
L1-L2,198,186,,1
L1-L2,198,187,,1
L1-L2,198,194,,1
L1-L2,198,196,,1
L1-L2,198,197,,1
L1-L2,198,199,,1
L1-L2,198,200,,1
L1-L2,198,201,,1
L1-L2,198,203,,1
L1-L2,198,205,,1
L1-L2,198,206,,1
L1-L2,198,207,,1
L1-L2,198,208,,1
L1-L2,198,211,,1
L1-L2,198,212,,1
L1-L2,198,215,,1
L1-L2,198,218,,1
L1-L2,198,220,,1
L1-L2,198,221,,1
L1-L2,198,223,,1
L1-L2,198,225,,1
L1-L2,198,229,,1
L1-L2,198,232,,1
L1-L2,198,233,,1
L1-L2,198,241,,1
L1-L2,198,244,,1
L1-L2,198,246,,1
L1-L2,198,247,,1
L1-L2,198,250,,1
L1-L2,198,251,,1
L1-L2,198,253,,1
L1-L2,198,254,,1
L1-L2,199,2,,1
L1-L2,199,8,,1
L1-L2,199,11,,1
L1-L2,199,16,,1
L1-L2,199,19,,1
L1-L2,199,23,,1
L1-L2,199,26,,1
L1-L2,199,27,,1
L1-L2,199,28,,1
L1-L2,199,30,,1
L1-L2,199,34,,1
L1-L2,199,39,,1
L1-L2,199,47,,1
L1-L2,199,48,,1
L1-L2,199,59,,1
L1-L2,199,62,,1
L1-L2,199,63,,1
L1-L2,199,70,,1
L1-L2,199,71,,1
L1-L2,199,77,,1
L1-L2,199,80,,1
L1-L2,199,81,,1
L1-L2,199,83,,1
L1-L2,199,85,,1
L1-L2,199,86,,1
L1-L2,199,90,,1
L1-L2,199,91,,1
L1-L2,199,92,,1
L1-L2,199,94,,1
L1-L2,199,95,,1
L1-L2,199,101,,1
L1-L2,199,102,,1
L1-L2,199,103,,1
L1-L2,199,104,,1
L1-L2,199,108,,1
L1-L2,199,109,,1
L1-L2,199,110,,1
L1-L2,199,111,,1
L1-L2,199,113,,1
L1-L2,199,115,,1
L1-L2,199,116,,1
L1-L2,199,122,,1
L1-L2,199,125,,1
L1-L2,199,128,,1
L1-L2,199,133,,1
L1-L2,199,134,,1
L1-L2,199,139,,1
L1-L2,199,143,,1
L1-L2,199,145,,1
L1-L2,199,146,,1
L1-L2,199,147,,1
L1-L2,199,149,,1
L1-L2,199,152,,1
L1-L2,199,154,,1
L1-L2,199,159,,1
L1-L2,199,164,,1
L1-L2,199,165,,1
L1-L2,199,169,,1
L1-L2,199,170,,1
L1-L2,199,172,,1
L1-L2,199,173,,1
L1-L2,199,174,,1
L1-L2,199,175,,1
L1-L2,199,177,,1
L1-L2,199,179,,1
L1-L2,199,182,,1
L1-L2,199,183,,1
L1-L2,199,184,,1
L1-L2,199,185,,1
L1-L2,199,186,,1
L1-L2,199,187,,1
L1-L2,199,188,,1
L1-L2,199,189,,1
L1-L2,199,191,,1
L1-L2,199,193,,1
L1-L2,199,194,,1
L1-L2,199,195,,1
L1-L2,199,197,,1
L1-L2,199,200,,1
L1-L2,199,203,,1
L1-L2,199,205,,1
L1-L2,199,213,,1
L1-L2,199,216,,1
L1-L2,199,220,,1
L1-L2,199,221,,1
L1-L2,199,222,,1
L1-L2,199,226,,1
L1-L2,199,227,,1
L1-L2,199,233,,1
L1-L2,199,235,,1
L1-L2,199,237,,1
L1-L2,199,239,,1
L1-L2,199,244,,1
L1-L2,199,245,,1
L1-L2,199,246,,1
L1-L2,199,249,,1
L1-L2,199,250,,1
L1-L2,199,251,,1
L1-L2,199,254,,1
L1-L2,200,1,,1
L1-L2,200,2,,1
L1-L2,200,4,,1
L1-L2,200,7,,1
L1-L2,200,9,,1
L1-L2,200,11,,1
L1-L2,200,13,,1
L1-L2,200,15,,1
L1-L2,200,16,,1
L1-L2,200,19,,1
L1-L2,200,22,,1
L1-L2,200,23,,1
L1-L2,200,25,,1
L1-L2,200,26,,1
L1-L2,200,37,,1
L1-L2,200,38,,1
L1-L2,200,41,,1
L1-L2,200,42,,1
L1-L2,200,45,,1
L1-L2,200,53,,1
L1-L2,200,56,,1
L1-L2,200,57,,1
L1-L2,200,61,,1
L1-L2,200,62,,1
L1-L2,200,63,,1
L1-L2,200,64,,1
L1-L2,200,72,,1
L1-L2,200,73,,1
L1-L2,200,76,,1
L1-L2,200,80,,1
L1-L2,200,82,,1
L1-L2,200,88,,1
L1-L2,200,93,,1
L1-L2,200,98,,1
L1-L2,200,99,,1
L1-L2,200,101,,1
L1-L2,200,102,,1
L1-L2,200,110,,1
L1-L2,200,112,,1
L1-L2,200,113,,1
L1-L2,200,116,,1
L1-L2,200,117,,1
L1-L2,200,118,,1
L1-L2,200,120,,1
L1-L2,200,125,,1
L1-L2,200,126,,1
L1-L2,200,127,,1
L1-L2,200,129,,1
L1-L2,200,130,,1
L1-L2,200,132,,1
L1-L2,200,136,,1
L1-L2,200,137,,1
L1-L2,200,139,,1
L1-L2,200,143,,1
L1-L2,200,147,,1
L1-L2,200,148,,1
L1-L2,200,150,,1
L1-L2,200,151,,1
L1-L2,200,154,,1
L1-L2,200,156,,1
L1-L2,200,157,,1
L1-L2,200,159,,1
L1-L2,200,170,,1
L1-L2,200,172,,1
L1-L2,200,173,,1
L1-L2,200,174,,1
L1-L2,200,175,,1
L1-L2,200,177,,1
L1-L2,200,179,,1
L1-L2,200,180,,1
L1-L2,200,181,,1
L1-L2,200,182,,1
L1-L2,200,187,,1
L1-L2,200,189,,1
L1-L2,200,191,,1
L1-L2,200,193,,1
L1-L2,200,194,,1
L1-L2,200,197,,1
L1-L2,200,199,,1
L1-L2,200,200,,1
L1-L2,200,201,,1
L1-L2,200,206,,1
L1-L2,200,207,,1
L1-L2,200,210,,1
L1-L2,200,212,,1
L1-L2,200,213,,1
L1-L2,200,214,,1
L1-L2,200,215,,1
L1-L2,200,218,,1
L1-L2,200,219,,1
L1-L2,200,220,,1
L1-L2,200,222,,1
L1-L2,200,230,,1
L1-L2,200,232,,1
L1-L2,200,234,,1
L1-L2,200,237,,1
L1-L2,200,238,,1
L1-L2,200,241,,1
L1-L2,200,245,,1
L1-L2,200,247,,1
L1-L2,200,250,,1
L1-L2,201,0,,1
L1-L2,201,6,,1
L1-L2,201,7,,1
L1-L2,201,8,,1
L1-L2,201,14,,1
L1-L2,201,16,,1
L1-L2,201,17,,1
L1-L2,201,22,,1
L1-L2,201,23,,1
L1-L2,201,24,,1
L1-L2,201,25,,1
L1-L2,201,26,,1
L1-L2,201,30,,1
L1-L2,201,31,,1
L1-L2,201,32,,1
L1-L2,201,33,,1
L1-L2,201,36,,1
L1-L2,201,38,,1
L1-L2,201,41,,1
L1-L2,201,42,,1
L1-L2,201,43,,1
L1-L2,201,49,,1
L1-L2,201,54,,1
L1-L2,201,56,,1
L1-L2,201,57,,1
L1-L2,201,58,,1
L1-L2,201,59,,1
L1-L2,201,65,,1
L1-L2,201,66,,1
L1-L2,201,67,,1
L1-L2,201,68,,1
L1-L2,201,69,,1
L1-L2,201,70,,1
L1-L2,201,71,,1
L1-L2,201,73,,1
L1-L2,201,76,,1
L1-L2,201,78,,1
L1-L2,201,79,,1
L1-L2,201,80,,1
L1-L2,201,82,,1
L1-L2,201,85,,1
L1-L2,201,89,,1
L1-L2,201,90,,1
L1-L2,201,92,,1
L1-L2,201,93,,1
L1-L2,201,95,,1
L1-L2,201,96,,1
L1-L2,201,97,,1
L1-L2,201,98,,1
L1-L2,201,100,,1
L1-L2,201,101,,1
L1-L2,201,102,,1
L1-L2,201,103,,1
L1-L2,201,104,,1
L1-L2,201,110,,1
L1-L2,201,113,,1
L1-L2,201,115,,1
L1-L2,201,116,,1
L1-L2,201,119,,1
L1-L2,201,124,,1
L1-L2,201,125,,1
L1-L2,201,128,,1
L1-L2,201,130,,1
L1-L2,201,131,,1
L1-L2,201,134,,1
L1-L2,201,136,,1
L1-L2,201,138,,1
L1-L2,201,139,,1
L1-L2,201,140,,1
L1-L2,201,142,,1
L1-L2,201,144,,1
L1-L2,201,145,,1
L1-L2,201,148,,1
L1-L2,201,150,,1
L1-L2,201,155,,1
L1-L2,201,157,,1
L1-L2,201,158,,1
L1-L2,201,160,,1
L1-L2,201,161,,1
L1-L2,201,163,,1
L1-L2,201,165,,1
L1-L2,201,166,,1
L1-L2,201,168,,1
L1-L2,201,170,,1
L1-L2,201,171,,1
L1-L2,201,172,,1
L1-L2,201,174,,1
L1-L2,201,177,,1
L1-L2,201,180,,1
L1-L2,201,183,,1
L1-L2,201,188,,1
L1-L2,201,190,,1
L1-L2,201,194,,1
L1-L2,201,196,,1
L1-L2,201,198,,1
L1-L2,201,199,,1
L1-L2,201,200,,1
L1-L2,201,201,,1
L1-L2,201,205,,1
L1-L2,201,209,,1
L1-L2,201,210,,1
L1-L2,201,211,,1
L1-L2,201,213,,1
L1-L2,201,214,,1
L1-L2,201,215,,1
L1-L2,201,217,,1
L1-L2,201,219,,1
L1-L2,201,221,,1
L1-L2,201,222,,1
L1-L2,201,223,,1
L1-L2,201,224,,1
L1-L2,201,231,,1
L1-L2,201,233,,1
L1-L2,201,235,,1
L1-L2,201,238,,1
L1-L2,201,239,,1
L1-L2,201,242,,1
L1-L2,201,243,,1
L1-L2,201,244,,1
L1-L2,201,245,,1
L1-L2,201,246,,1
L1-L2,201,247,,1
L1-L2,201,252,,1
L1-L2,201,253,,1
L1-L2,201,255,,1
L1-L2,202,1,,1
L1-L2,202,2,,1
L1-L2,202,4,,1
L1-L2,202,9,,1
L1-L2,202,13,,1
L1-L2,202,16,,1
L1-L2,202,19,,1
L1-L2,202,22,,1
L1-L2,202,24,,1
L1-L2,202,25,,1
L1-L2,202,27,,1
L1-L2,202,31,,1
L1-L2,202,33,,1
L1-L2,202,36,,1
L1-L2,202,37,,1
L1-L2,202,38,,1
L1-L2,202,41,,1
L1-L2,202,43,,1
L1-L2,202,49,,1
L1-L2,202,52,,1
L1-L2,202,54,,1
L1-L2,202,61,,1
L1-L2,202,62,,1
L1-L2,202,64,,1
L1-L2,202,65,,1
L1-L2,202,67,,1
L1-L2,202,68,,1
L1-L2,202,69,,1
L1-L2,202,70,,1
L1-L2,202,71,,1
L1-L2,202,72,,1
L1-L2,202,73,,1
L1-L2,202,74,,1
L1-L2,202,78,,1
L1-L2,202,79,,1
L1-L2,202,86,,1
L1-L2,202,88,,1
L1-L2,202,90,,1
L1-L2,202,92,,1
L1-L2,202,93,,1
L1-L2,202,94,,1
L1-L2,202,96,,1
L1-L2,202,100,,1
L1-L2,202,102,,1
L1-L2,202,104,,1
L1-L2,202,108,,1
L1-L2,202,109,,1
L1-L2,202,111,,1
L1-L2,202,112,,1
L1-L2,202,116,,1
L1-L2,202,118,,1
L1-L2,202,120,,1
L1-L2,202,123,,1
L1-L2,202,125,,1
L1-L2,202,127,,1
L1-L2,202,132,,1
L1-L2,202,142,,1
L1-L2,202,143,,1
L1-L2,202,146,,1
L1-L2,202,149,,1
L1-L2,202,150,,1
L1-L2,202,152,,1
L1-L2,202,153,,1
L1-L2,202,154,,1
L1-L2,202,156,,1
L1-L2,202,159,,1
L1-L2,202,160,,1
L1-L2,202,161,,1
L1-L2,202,162,,1
L1-L2,202,169,,1
L1-L2,202,171,,1
L1-L2,202,172,,1
L1-L2,202,173,,1
L1-L2,202,174,,1
L1-L2,202,175,,1
L1-L2,202,176,,1
L1-L2,202,177,,1
L1-L2,202,179,,1
L1-L2,202,181,,1
L1-L2,202,186,,1
L1-L2,202,193,,1
L1-L2,202,195,,1
L1-L2,202,196,,1
L1-L2,202,197,,1
L1-L2,202,198,,1
L1-L2,202,199,,1
L1-L2,202,200,,1
L1-L2,202,203,,1
L1-L2,202,204,,1
L1-L2,202,206,,1
L1-L2,202,208,,1
L1-L2,202,213,,1
L1-L2,202,214,,1
L1-L2,202,219,,1
L1-L2,202,220,,1
L1-L2,202,222,,1
L1-L2,202,223,,1
L1-L2,202,225,,1
L1-L2,202,229,,1
L1-L2,202,231,,1
L1-L2,202,233,,1
L1-L2,202,235,,1
L1-L2,202,236,,1
L1-L2,202,237,,1
L1-L2,202,238,,1
L1-L2,202,241,,1
L1-L2,202,244,,1
L1-L2,202,245,,1
L1-L2,202,251,,1
L1-L2,202,252,,1
L1-L2,202,253,,1
L1-L2,202,254,,1
L1-L2,203,6,,1
L1-L2,203,12,,1
L1-L2,203,15,,1
L1-L2,203,17,,1
L1-L2,203,26,,1
L1-L2,203,29,,1
L1-L2,203,30,,1
L1-L2,203,38,,1
L1-L2,203,54,,1
L1-L2,203,55,,1
L1-L2,203,57,,1
L1-L2,203,59,,1
L1-L2,203,62,,1
L1-L2,203,63,,1
L1-L2,203,66,,1
L1-L2,203,70,,1
L1-L2,203,73,,1
L1-L2,203,75,,1
L1-L2,203,76,,1
L1-L2,203,80,,1
L1-L2,203,81,,1
L1-L2,203,83,,1
L1-L2,203,84,,1
L1-L2,203,85,,1
L1-L2,203,87,,1
L1-L2,203,91,,1
L1-L2,203,96,,1
L1-L2,203,97,,1
L1-L2,203,98,,1
L1-L2,203,103,,1
L1-L2,203,107,,1
L1-L2,203,111,,1
L1-L2,203,114,,1
L1-L2,203,115,,1
L1-L2,203,117,,1
L1-L2,203,127,,1
L1-L2,203,134,,1
L1-L2,203,135,,1
L1-L2,203,136,,1
L1-L2,203,140,,1
L1-L2,203,141,,1
L1-L2,203,142,,1
L1-L2,203,149,,1
L1-L2,203,153,,1
L1-L2,203,157,,1
L1-L2,203,158,,1
L1-L2,203,160,,1
L1-L2,203,168,,1
L1-L2,203,175,,1
L1-L2,203,177,,1
L1-L2,203,178,,1
L1-L2,203,180,,1
L1-L2,203,182,,1
L1-L2,203,183,,1
L1-L2,203,187,,1
L1-L2,203,189,,1
L1-L2,203,191,,1
L1-L2,203,193,,1
L1-L2,203,194,,1
L1-L2,203,196,,1
L1-L2,203,200,,1
L1-L2,203,202,,1
L1-L2,203,203,,1
L1-L2,203,205,,1
L1-L2,203,210,,1
L1-L2,203,212,,1
L1-L2,203,214,,1
L1-L2,203,215,,1
L1-L2,203,220,,1
L1-L2,203,221,,1
L1-L2,203,222,,1
L1-L2,203,223,,1
L1-L2,203,226,,1
L1-L2,203,228,,1
L1-L2,203,230,,1
L1-L2,203,232,,1
L1-L2,203,234,,1
L1-L2,203,235,,1
L1-L2,203,237,,1
L1-L2,203,239,,1
L1-L2,203,241,,1
L1-L2,203,247,,1
L1-L2,203,248,,1
L1-L2,203,249,,1
L1-L2,203,250,,1
L1-L2,203,251,,1
L1-L2,203,252,,1
L1-L2,204,2,,1
L1-L2,204,6,,1
L1-L2,204,11,,1
L1-L2,204,13,,1
L1-L2,204,14,,1
L1-L2,204,20,,1
L1-L2,204,25,,1
L1-L2,204,30,,1
L1-L2,204,31,,1
L1-L2,204,34,,1
L1-L2,204,43,,1
L1-L2,204,47,,1
L1-L2,204,55,,1
L1-L2,204,59,,1
L1-L2,204,65,,1
L1-L2,204,67,,1
L1-L2,204,69,,1
L1-L2,204,71,,1
L1-L2,204,72,,1
L1-L2,204,73,,1
L1-L2,204,75,,1
L1-L2,204,81,,1
L1-L2,204,91,,1
L1-L2,204,98,,1
L1-L2,204,99,,1
L1-L2,204,103,,1
L1-L2,204,105,,1
L1-L2,204,108,,1
L1-L2,204,120,,1
L1-L2,204,123,,1
L1-L2,204,126,,1
L1-L2,204,127,,1
L1-L2,204,128,,1
L1-L2,204,129,,1
L1-L2,204,131,,1
L1-L2,204,133,,1
L1-L2,204,136,,1
L1-L2,204,137,,1
L1-L2,204,140,,1
L1-L2,204,141,,1
L1-L2,204,143,,1
L1-L2,204,148,,1
L1-L2,204,155,,1
L1-L2,204,160,,1
L1-L2,204,162,,1
L1-L2,204,166,,1
L1-L2,204,173,,1
L1-L2,204,177,,1
L1-L2,204,182,,1
L1-L2,204,183,,1
L1-L2,204,185,,1
L1-L2,204,196,,1
L1-L2,204,200,,1
L1-L2,204,203,,1
L1-L2,204,204,,1
L1-L2,204,206,,1
L1-L2,204,209,,1
L1-L2,204,216,,1
L1-L2,204,219,,1
L1-L2,204,221,,1
L1-L2,204,222,,1
L1-L2,204,223,,1
L1-L2,204,225,,1
L1-L2,204,227,,1
L1-L2,204,231,,1
L1-L2,204,233,,1
L1-L2,204,235,,1
L1-L2,204,237,,1
L1-L2,204,238,,1
L1-L2,204,239,,1
L1-L2,204,240,,1
L1-L2,204,247,,1
L1-L2,204,249,,1
L1-L2,204,251,,1
L1-L2,204,252,,1
L1-L2,204,253,,1
L1-L2,204,254,,1
L1-L2,204,255,,1
L1-L2,205,5,,1
L1-L2,205,6,,1
L1-L2,205,8,,1
L1-L2,205,9,,1
L1-L2,205,14,,1
L1-L2,205,18,,1
L1-L2,205,19,,1
L1-L2,205,23,,1
L1-L2,205,27,,1
L1-L2,205,32,,1
L1-L2,205,35,,1
L1-L2,205,36,,1
L1-L2,205,43,,1
L1-L2,205,46,,1
L1-L2,205,48,,1
L1-L2,205,49,,1
L1-L2,205,52,,1
L1-L2,205,55,,1
L1-L2,205,60,,1
L1-L2,205,63,,1
L1-L2,205,67,,1
L1-L2,205,71,,1
L1-L2,205,77,,1
L1-L2,205,78,,1
L1-L2,205,80,,1
L1-L2,205,85,,1
L1-L2,205,90,,1
L1-L2,205,93,,1
L1-L2,205,95,,1
L1-L2,205,98,,1
L1-L2,205,104,,1
L1-L2,205,106,,1
L1-L2,205,110,,1
L1-L2,205,112,,1
L1-L2,205,113,,1
L1-L2,205,115,,1
L1-L2,205,119,,1
L1-L2,205,120,,1
L1-L2,205,122,,1
L1-L2,205,123,,1
L1-L2,205,126,,1
L1-L2,205,127,,1
L1-L2,205,128,,1
L1-L2,205,131,,1
L1-L2,205,134,,1
L1-L2,205,135,,1
L1-L2,205,136,,1
L1-L2,205,138,,1
L1-L2,205,142,,1
L1-L2,205,147,,1
L1-L2,205,150,,1
L1-L2,205,154,,1
L1-L2,205,156,,1
L1-L2,205,157,,1
L1-L2,205,158,,1
L1-L2,205,162,,1
L1-L2,205,164,,1
L1-L2,205,165,,1
L1-L2,205,166,,1
L1-L2,205,170,,1
L1-L2,205,172,,1
L1-L2,205,174,,1
L1-L2,205,175,,1
L1-L2,205,177,,1
L1-L2,205,180,,1
L1-L2,205,181,,1
L1-L2,205,182,,1
L1-L2,205,185,,1
L1-L2,205,190,,1
L1-L2,205,192,,1
L1-L2,205,193,,1
L1-L2,205,194,,1
L1-L2,205,195,,1
L1-L2,205,196,,1
L1-L2,205,198,,1
L1-L2,205,199,,1
L1-L2,205,201,,1
L1-L2,205,202,,1
L1-L2,205,203,,1
L1-L2,205,204,,1
L1-L2,205,205,,1
L1-L2,205,208,,1
L1-L2,205,210,,1
L1-L2,205,211,,1
L1-L2,205,213,,1
L1-L2,205,215,,1
L1-L2,205,216,,1
L1-L2,205,218,,1
L1-L2,205,221,,1
L1-L2,205,222,,1
L1-L2,205,223,,1
L1-L2,205,233,,1
L1-L2,205,234,,1
L1-L2,205,236,,1
L1-L2,205,237,,1
L1-L2,205,239,,1
L1-L2,205,240,,1
L1-L2,205,241,,1
L1-L2,205,245,,1
L1-L2,205,249,,1
L1-L2,205,252,,1
L1-L2,205,255,,1
L1-L2,206,5,,1
L1-L2,206,10,,1
L1-L2,206,12,,1
L1-L2,206,13,,1
L1-L2,206,14,,1
L1-L2,206,16,,1
L1-L2,206,21,,1
L1-L2,206,25,,1
L1-L2,206,29,,1
L1-L2,206,34,,1
L1-L2,206,37,,1
L1-L2,206,41,,1
L1-L2,206,43,,1
L1-L2,206,44,,1
L1-L2,206,45,,1
L1-L2,206,50,,1
L1-L2,206,53,,1
L1-L2,206,54,,1
L1-L2,206,55,,1
L1-L2,206,62,,1
L1-L2,206,69,,1
L1-L2,206,71,,1
L1-L2,206,72,,1
L1-L2,206,73,,1
L1-L2,206,74,,1
L1-L2,206,75,,1
L1-L2,206,81,,1
L1-L2,206,82,,1
L1-L2,206,83,,1
L1-L2,206,85,,1
L1-L2,206,86,,1
L1-L2,206,88,,1
L1-L2,206,89,,1
L1-L2,206,92,,1
L1-L2,206,93,,1
L1-L2,206,98,,1
L1-L2,206,99,,1
L1-L2,206,103,,1
L1-L2,206,106,,1
L1-L2,206,107,,1
L1-L2,206,117,,1
L1-L2,206,128,,1
L1-L2,206,131,,1
L1-L2,206,132,,1
L1-L2,206,136,,1
L1-L2,206,137,,1
L1-L2,206,143,,1
L1-L2,206,145,,1
L1-L2,206,146,,1
L1-L2,206,148,,1
L1-L2,206,149,,1
L1-L2,206,151,,1
L1-L2,206,153,,1
L1-L2,206,155,,1
L1-L2,206,156,,1
L1-L2,206,158,,1
L1-L2,206,159,,1
L1-L2,206,161,,1
L1-L2,206,162,,1
L1-L2,206,163,,1
L1-L2,206,167,,1
L1-L2,206,168,,1
L1-L2,206,169,,1
L1-L2,206,170,,1
L1-L2,206,171,,1
L1-L2,206,177,,1
L1-L2,206,181,,1
L1-L2,206,182,,1
L1-L2,206,184,,1
L1-L2,206,186,,1
L1-L2,206,188,,1
L1-L2,206,189,,1
L1-L2,206,190,,1
L1-L2,206,191,,1
L1-L2,206,193,,1
L1-L2,206,195,,1
L1-L2,206,198,,1
L1-L2,206,199,,1
L1-L2,206,200,,1
L1-L2,206,202,,1
L1-L2,206,209,,1
L1-L2,206,210,,1
L1-L2,206,211,,1
L1-L2,206,219,,1
L1-L2,206,220,,1
L1-L2,206,221,,1
L1-L2,206,222,,1
L1-L2,206,226,,1
L1-L2,206,231,,1
L1-L2,206,232,,1
L1-L2,206,234,,1
L1-L2,206,238,,1
L1-L2,206,247,,1
L1-L2,206,249,,1
L1-L2,206,250,,1
L1-L2,206,252,,1
L1-L2,206,254,,1
L1-L2,206,255,,1
L1-L2,207,0,,1
L1-L2,207,4,,1
L1-L2,207,5,,1
L1-L2,207,18,,1
L1-L2,207,23,,1
L1-L2,207,24,,1
L1-L2,207,25,,1
L1-L2,207,28,,1
L1-L2,207,30,,1
L1-L2,207,32,,1
L1-L2,207,39,,1
L1-L2,207,40,,1
L1-L2,207,44,,1
L1-L2,207,53,,1
L1-L2,207,55,,1
L1-L2,207,60,,1
L1-L2,207,61,,1
L1-L2,207,63,,1
L1-L2,207,64,,1
L1-L2,207,67,,1
L1-L2,207,72,,1
L1-L2,207,73,,1
L1-L2,207,75,,1
L1-L2,207,76,,1
L1-L2,207,77,,1
L1-L2,207,79,,1
L1-L2,207,80,,1
L1-L2,207,81,,1
L1-L2,207,82,,1
L1-L2,207,85,,1
L1-L2,207,86,,1
L1-L2,207,87,,1
L1-L2,207,90,,1
L1-L2,207,91,,1
L1-L2,207,94,,1
L1-L2,207,98,,1
L1-L2,207,101,,1
L1-L2,207,103,,1
L1-L2,207,104,,1
L1-L2,207,105,,1
L1-L2,207,112,,1
L1-L2,207,113,,1
L1-L2,207,117,,1
L1-L2,207,118,,1
L1-L2,207,120,,1
L1-L2,207,122,,1
L1-L2,207,123,,1
L1-L2,207,124,,1
L1-L2,207,125,,1
L1-L2,207,126,,1
L1-L2,207,128,,1
L1-L2,207,130,,1
L1-L2,207,134,,1
L1-L2,207,136,,1
L1-L2,207,137,,1
L1-L2,207,144,,1
L1-L2,207,146,,1
L1-L2,207,150,,1
L1-L2,207,151,,1
L1-L2,207,152,,1
L1-L2,207,154,,1
L1-L2,207,157,,1
L1-L2,207,159,,1
L1-L2,207,162,,1
L1-L2,207,164,,1
L1-L2,207,165,,1
L1-L2,207,166,,1
L1-L2,207,167,,1
L1-L2,207,168,,1
L1-L2,207,169,,1
L1-L2,207,170,,1
L1-L2,207,172,,1
L1-L2,207,174,,1
L1-L2,207,175,,1
L1-L2,207,176,,1
L1-L2,207,177,,1
L1-L2,207,178,,1
L1-L2,207,179,,1
L1-L2,207,180,,1
L1-L2,207,182,,1
L1-L2,207,183,,1
L1-L2,207,186,,1
L1-L2,207,189,,1
L1-L2,207,190,,1
L1-L2,207,192,,1
L1-L2,207,193,,1
L1-L2,207,194,,1
L1-L2,207,197,,1
L1-L2,207,198,,1
L1-L2,207,201,,1
L1-L2,207,202,,1
L1-L2,207,205,,1
L1-L2,207,208,,1
L1-L2,207,211,,1
L1-L2,207,213,,1
L1-L2,207,214,,1
L1-L2,207,216,,1
L1-L2,207,218,,1
L1-L2,207,221,,1
L1-L2,207,223,,1
L1-L2,207,224,,1
L1-L2,207,225,,1
L1-L2,207,228,,1
L1-L2,207,234,,1
L1-L2,207,235,,1
L1-L2,207,236,,1
L1-L2,207,237,,1
L1-L2,207,238,,1
L1-L2,207,240,,1
L1-L2,207,241,,1
L1-L2,207,242,,1
L1-L2,207,243,,1
L1-L2,207,245,,1
L1-L2,207,246,,1
L1-L2,207,247,,1
L1-L2,207,250,,1
L1-L2,207,251,,1
L1-L2,207,252,,1
L1-L2,207,254,,1
L1-L2,208,1,,1
L1-L2,208,6,,1
L1-L2,208,7,,1
L1-L2,208,8,,1
L1-L2,208,10,,1
L1-L2,208,12,,1
L1-L2,208,14,,1
L1-L2,208,15,,1
L1-L2,208,16,,1
L1-L2,208,19,,1
L1-L2,208,20,,1
L1-L2,208,21,,1
L1-L2,208,23,,1
L1-L2,208,27,,1
L1-L2,208,29,,1
L1-L2,208,37,,1
L1-L2,208,38,,1
L1-L2,208,43,,1
L1-L2,208,48,,1
L1-L2,208,49,,1
L1-L2,208,51,,1
L1-L2,208,54,,1
L1-L2,208,57,,1
L1-L2,208,61,,1
L1-L2,208,63,,1
L1-L2,208,65,,1
L1-L2,208,68,,1
L1-L2,208,69,,1
L1-L2,208,74,,1
L1-L2,208,78,,1
L1-L2,208,79,,1
L1-L2,208,86,,1
L1-L2,208,89,,1
L1-L2,208,94,,1
L1-L2,208,95,,1
L1-L2,208,97,,1
L1-L2,208,98,,1
L1-L2,208,103,,1
L1-L2,208,106,,1
L1-L2,208,107,,1
L1-L2,208,108,,1
L1-L2,208,111,,1
L1-L2,208,113,,1
L1-L2,208,114,,1
L1-L2,208,116,,1
L1-L2,208,117,,1
L1-L2,208,124,,1
L1-L2,208,127,,1
L1-L2,208,130,,1
L1-L2,208,134,,1
L1-L2,208,136,,1
L1-L2,208,137,,1
L1-L2,208,138,,1
L1-L2,208,142,,1
L1-L2,208,143,,1
L1-L2,208,144,,1
L1-L2,208,146,,1
L1-L2,208,147,,1
L1-L2,208,148,,1
L1-L2,208,149,,1
L1-L2,208,151,,1
L1-L2,208,152,,1
L1-L2,208,154,,1
L1-L2,208,156,,1
L1-L2,208,159,,1
L1-L2,208,163,,1
L1-L2,208,164,,1
L1-L2,208,165,,1
L1-L2,208,167,,1
L1-L2,208,172,,1
L1-L2,208,173,,1
L1-L2,208,174,,1
L1-L2,208,176,,1
L1-L2,208,177,,1
L1-L2,208,178,,1
L1-L2,208,180,,1
L1-L2,208,182,,1
L1-L2,208,190,,1
L1-L2,208,191,,1
L1-L2,208,193,,1
L1-L2,208,194,,1
L1-L2,208,196,,1
L1-L2,208,199,,1
L1-L2,208,202,,1
L1-L2,208,206,,1
L1-L2,208,209,,1
L1-L2,208,211,,1
L1-L2,208,212,,1
L1-L2,208,214,,1
L1-L2,208,215,,1
L1-L2,208,216,,1
L1-L2,208,218,,1
L1-L2,208,221,,1
L1-L2,208,222,,1
L1-L2,208,223,,1
L1-L2,208,224,,1
L1-L2,208,225,,1
L1-L2,208,229,,1
L1-L2,208,230,,1
L1-L2,208,233,,1
L1-L2,208,234,,1
L1-L2,208,236,,1
L1-L2,208,241,,1
L1-L2,208,244,,1
L1-L2,208,245,,1
L1-L2,208,246,,1
L1-L2,208,247,,1
L1-L2,208,248,,1
L1-L2,208,251,,1
L1-L2,208,252,,1
L1-L2,209,0,,1
L1-L2,209,1,,1
L1-L2,209,11,,1
L1-L2,209,13,,1
L1-L2,209,16,,1
L1-L2,209,21,,1
L1-L2,209,24,,1
L1-L2,209,26,,1
L1-L2,209,28,,1
L1-L2,209,31,,1
L1-L2,209,33,,1
L1-L2,209,35,,1
L1-L2,209,38,,1
L1-L2,209,46,,1
L1-L2,209,48,,1
L1-L2,209,49,,1
L1-L2,209,51,,1
L1-L2,209,56,,1
L1-L2,209,57,,1
L1-L2,209,59,,1
L1-L2,209,61,,1
L1-L2,209,63,,1
L1-L2,209,64,,1
L1-L2,209,67,,1
L1-L2,209,68,,1
L1-L2,209,74,,1
L1-L2,209,86,,1
L1-L2,209,87,,1
L1-L2,209,88,,1
L1-L2,209,90,,1
L1-L2,209,95,,1
L1-L2,209,96,,1
L1-L2,209,104,,1
L1-L2,209,107,,1
L1-L2,209,109,,1
L1-L2,209,110,,1
L1-L2,209,111,,1
L1-L2,209,113,,1
L1-L2,209,115,,1
L1-L2,209,121,,1
L1-L2,209,122,,1
L1-L2,209,123,,1
L1-L2,209,125,,1
L1-L2,209,126,,1
L1-L2,209,129,,1
L1-L2,209,133,,1
L1-L2,209,137,,1
L1-L2,209,138,,1
L1-L2,209,139,,1
L1-L2,209,140,,1
L1-L2,209,141,,1
L1-L2,209,142,,1
L1-L2,209,146,,1
L1-L2,209,148,,1
L1-L2,209,149,,1
L1-L2,209,151,,1
L1-L2,209,152,,1
L1-L2,209,155,,1
L1-L2,209,156,,1
L1-L2,209,157,,1
L1-L2,209,159,,1
L1-L2,209,160,,1
L1-L2,209,165,,1
L1-L2,209,170,,1
L1-L2,209,172,,1
L1-L2,209,178,,1
L1-L2,209,180,,1
L1-L2,209,181,,1
L1-L2,209,185,,1
L1-L2,209,186,,1
L1-L2,209,187,,1
L1-L2,209,188,,1
L1-L2,209,191,,1
L1-L2,209,193,,1
L1-L2,209,195,,1
L1-L2,209,196,,1
L1-L2,209,197,,1
L1-L2,209,199,,1
L1-L2,209,200,,1
L1-L2,209,201,,1
L1-L2,209,202,,1
L1-L2,209,203,,1
L1-L2,209,204,,1
L1-L2,209,205,,1
L1-L2,209,206,,1
L1-L2,209,207,,1
L1-L2,209,210,,1
L1-L2,209,213,,1
L1-L2,209,216,,1
L1-L2,209,217,,1
L1-L2,209,218,,1
L1-L2,209,219,,1
L1-L2,209,220,,1
L1-L2,209,221,,1
L1-L2,209,222,,1
L1-L2,209,226,,1
L1-L2,209,227,,1
L1-L2,209,229,,1
L1-L2,209,231,,1
L1-L2,209,232,,1
L1-L2,209,234,,1
L1-L2,209,236,,1
L1-L2,209,237,,1
L1-L2,209,238,,1
L1-L2,209,241,,1
L1-L2,209,243,,1
L1-L2,209,244,,1
L1-L2,209,246,,1
L1-L2,209,250,,1
L1-L2,209,251,,1
L1-L2,209,252,,1
L1-L2,209,254,,1
L1-L2,210,0,,1
L1-L2,210,1,,1
L1-L2,210,9,,1
L1-L2,210,12,,1
L1-L2,210,13,,1
L1-L2,210,18,,1
L1-L2,210,24,,1
L1-L2,210,25,,1
L1-L2,210,27,,1
L1-L2,210,30,,1
L1-L2,210,33,,1
L1-L2,210,36,,1
L1-L2,210,37,,1
L1-L2,210,39,,1
L1-L2,210,40,,1
L1-L2,210,44,,1
L1-L2,210,45,,1
L1-L2,210,51,,1
L1-L2,210,54,,1
L1-L2,210,57,,1
L1-L2,210,59,,1
L1-L2,210,71,,1
L1-L2,210,85,,1
L1-L2,210,86,,1
L1-L2,210,90,,1
L1-L2,210,93,,1
L1-L2,210,97,,1
L1-L2,210,101,,1
L1-L2,210,103,,1
L1-L2,210,108,,1
L1-L2,210,112,,1
L1-L2,210,113,,1
L1-L2,210,116,,1
L1-L2,210,120,,1
L1-L2,210,122,,1
L1-L2,210,123,,1
L1-L2,210,127,,1
L1-L2,210,128,,1
L1-L2,210,131,,1
L1-L2,210,132,,1
L1-L2,210,133,,1
L1-L2,210,136,,1
L1-L2,210,137,,1
L1-L2,210,139,,1
L1-L2,210,141,,1
L1-L2,210,143,,1
L1-L2,210,144,,1
L1-L2,210,152,,1
L1-L2,210,154,,1
L1-L2,210,156,,1
L1-L2,210,165,,1
L1-L2,210,166,,1
L1-L2,210,171,,1
L1-L2,210,174,,1
L1-L2,210,175,,1
L1-L2,210,178,,1
L1-L2,210,180,,1
L1-L2,210,181,,1
L1-L2,210,182,,1
L1-L2,210,186,,1
L1-L2,210,187,,1
L1-L2,210,190,,1
L1-L2,210,191,,1
L1-L2,210,192,,1
L1-L2,210,193,,1
L1-L2,210,194,,1
L1-L2,210,197,,1
L1-L2,210,199,,1
L1-L2,210,200,,1
L1-L2,210,202,,1
L1-L2,210,203,,1
L1-L2,210,205,,1
L1-L2,210,206,,1
L1-L2,210,209,,1
L1-L2,210,210,,1
L1-L2,210,211,,1
L1-L2,210,213,,1
L1-L2,210,215,,1
L1-L2,210,217,,1
L1-L2,210,218,,1
L1-L2,210,220,,1
L1-L2,210,221,,1
L1-L2,210,222,,1
L1-L2,210,225,,1
L1-L2,210,227,,1
L1-L2,210,229,,1
L1-L2,210,230,,1
L1-L2,210,231,,1
L1-L2,210,234,,1
L1-L2,210,236,,1
L1-L2,210,239,,1
L1-L2,210,240,,1
L1-L2,210,242,,1
L1-L2,210,245,,1
L1-L2,210,247,,1
L1-L2,210,248,,1
L1-L2,210,249,,1
L1-L2,210,250,,1
L1-L2,210,251,,1
L1-L2,210,254,,1
L1-L2,210,255,,1
L1-L2,211,3,,1
L1-L2,211,4,,1
L1-L2,211,5,,1
L1-L2,211,7,,1
L1-L2,211,13,,1
L1-L2,211,15,,1
L1-L2,211,20,,1
L1-L2,211,21,,1
L1-L2,211,23,,1
L1-L2,211,25,,1
L1-L2,211,29,,1
L1-L2,211,30,,1
L1-L2,211,33,,1
L1-L2,211,45,,1
L1-L2,211,52,,1
L1-L2,211,53,,1
L1-L2,211,55,,1
L1-L2,211,70,,1
L1-L2,211,71,,1
L1-L2,211,74,,1
L1-L2,211,79,,1
L1-L2,211,80,,1
L1-L2,211,93,,1
L1-L2,211,95,,1
L1-L2,211,96,,1
L1-L2,211,101,,1
L1-L2,211,109,,1
L1-L2,211,112,,1
L1-L2,211,113,,1
L1-L2,211,116,,1
L1-L2,211,123,,1
L1-L2,211,124,,1
L1-L2,211,125,,1
L1-L2,211,128,,1
L1-L2,211,129,,1
L1-L2,211,130,,1
L1-L2,211,133,,1
L1-L2,211,135,,1
L1-L2,211,136,,1
L1-L2,211,144,,1
L1-L2,211,145,,1
L1-L2,211,148,,1
L1-L2,211,149,,1
L1-L2,211,152,,1
L1-L2,211,153,,1
L1-L2,211,155,,1
L1-L2,211,156,,1
L1-L2,211,157,,1
L1-L2,211,162,,1
L1-L2,211,164,,1
L1-L2,211,169,,1
L1-L2,211,173,,1
L1-L2,211,174,,1
L1-L2,211,175,,1
L1-L2,211,176,,1
L1-L2,211,179,,1
L1-L2,211,181,,1
L1-L2,211,183,,1
L1-L2,211,185,,1
L1-L2,211,189,,1
L1-L2,211,191,,1
L1-L2,211,193,,1
L1-L2,211,198,,1
L1-L2,211,199,,1
L1-L2,211,201,,1
L1-L2,211,214,,1
L1-L2,211,215,,1
L1-L2,211,217,,1
L1-L2,211,219,,1
L1-L2,211,220,,1
L1-L2,211,221,,1
L1-L2,211,222,,1
L1-L2,211,223,,1
L1-L2,211,224,,1
L1-L2,211,226,,1
L1-L2,211,231,,1
L1-L2,211,234,,1
L1-L2,211,236,,1
L1-L2,211,240,,1
L1-L2,211,241,,1
L1-L2,211,243,,1
L1-L2,211,244,,1
L1-L2,211,245,,1
L1-L2,211,249,,1
L1-L2,211,250,,1
L1-L2,211,252,,1
L1-L2,211,255,,1
L1-L2,212,1,,1
L1-L2,212,2,,1
L1-L2,212,3,,1
L1-L2,212,7,,1
L1-L2,212,8,,1
L1-L2,212,9,,1
L1-L2,212,10,,1
L1-L2,212,15,,1
L1-L2,212,16,,1
L1-L2,212,18,,1
L1-L2,212,21,,1
L1-L2,212,25,,1
L1-L2,212,30,,1
L1-L2,212,38,,1
L1-L2,212,40,,1
L1-L2,212,41,,1
L1-L2,212,43,,1
L1-L2,212,47,,1
L1-L2,212,53,,1
L1-L2,212,54,,1
L1-L2,212,61,,1
L1-L2,212,62,,1
L1-L2,212,66,,1
L1-L2,212,67,,1
L1-L2,212,68,,1
L1-L2,212,70,,1
L1-L2,212,71,,1
L1-L2,212,76,,1
L1-L2,212,78,,1
L1-L2,212,79,,1
L1-L2,212,80,,1
L1-L2,212,84,,1
L1-L2,212,85,,1
L1-L2,212,86,,1
L1-L2,212,87,,1
L1-L2,212,88,,1
L1-L2,212,89,,1
L1-L2,212,93,,1
L1-L2,212,94,,1
L1-L2,212,103,,1
L1-L2,212,104,,1
L1-L2,212,108,,1
L1-L2,212,111,,1
L1-L2,212,113,,1
L1-L2,212,114,,1
L1-L2,212,119,,1
L1-L2,212,122,,1
L1-L2,212,124,,1
L1-L2,212,125,,1
L1-L2,212,127,,1
L1-L2,212,128,,1
L1-L2,212,134,,1
L1-L2,212,135,,1
L1-L2,212,136,,1
L1-L2,212,137,,1
L1-L2,212,141,,1
L1-L2,212,151,,1
L1-L2,212,154,,1
L1-L2,212,157,,1
L1-L2,212,159,,1
L1-L2,212,160,,1
L1-L2,212,161,,1
L1-L2,212,162,,1
L1-L2,212,163,,1
L1-L2,212,164,,1
L1-L2,212,167,,1
L1-L2,212,170,,1
L1-L2,212,171,,1
L1-L2,212,175,,1
L1-L2,212,176,,1
L1-L2,212,178,,1
L1-L2,212,179,,1
L1-L2,212,180,,1
L1-L2,212,181,,1
L1-L2,212,186,,1
L1-L2,212,188,,1
L1-L2,212,189,,1
L1-L2,212,191,,1
L1-L2,212,192,,1
L1-L2,212,193,,1
L1-L2,212,194,,1
L1-L2,212,196,,1
L1-L2,212,197,,1
L1-L2,212,198,,1
L1-L2,212,200,,1
L1-L2,212,202,,1
L1-L2,212,205,,1
L1-L2,212,207,,1
L1-L2,212,209,,1
L1-L2,212,212,,1
L1-L2,212,213,,1
L1-L2,212,215,,1
L1-L2,212,218,,1
L1-L2,212,220,,1
L1-L2,212,223,,1
L1-L2,212,225,,1
L1-L2,212,233,,1
L1-L2,212,234,,1
L1-L2,212,235,,1
L1-L2,212,236,,1
L1-L2,212,241,,1
L1-L2,212,246,,1
L1-L2,212,249,,1
L1-L2,212,251,,1
L1-L2,212,253,,1
L1-L2,212,255,,1
L1-L2,213,2,,1
L1-L2,213,4,,1
L1-L2,213,5,,1
L1-L2,213,9,,1
L1-L2,213,10,,1
L1-L2,213,13,,1
L1-L2,213,14,,1
L1-L2,213,17,,1
L1-L2,213,18,,1
L1-L2,213,19,,1
L1-L2,213,20,,1
L1-L2,213,21,,1
L1-L2,213,23,,1
L1-L2,213,24,,1
L1-L2,213,25,,1
L1-L2,213,27,,1
L1-L2,213,29,,1
L1-L2,213,31,,1
L1-L2,213,33,,1
L1-L2,213,36,,1
L1-L2,213,39,,1
L1-L2,213,42,,1
L1-L2,213,44,,1
L1-L2,213,45,,1
L1-L2,213,46,,1
L1-L2,213,50,,1
L1-L2,213,53,,1
L1-L2,213,54,,1
L1-L2,213,55,,1
L1-L2,213,57,,1
L1-L2,213,59,,1
L1-L2,213,64,,1
L1-L2,213,66,,1
L1-L2,213,67,,1
L1-L2,213,74,,1
L1-L2,213,76,,1
L1-L2,213,77,,1
L1-L2,213,81,,1
L1-L2,213,82,,1
L1-L2,213,83,,1
L1-L2,213,88,,1
L1-L2,213,91,,1
L1-L2,213,96,,1
L1-L2,213,98,,1
L1-L2,213,102,,1
L1-L2,213,108,,1
L1-L2,213,109,,1
L1-L2,213,112,,1
L1-L2,213,113,,1
L1-L2,213,119,,1
L1-L2,213,120,,1
L1-L2,213,121,,1
L1-L2,213,124,,1
L1-L2,213,128,,1
L1-L2,213,131,,1
L1-L2,213,132,,1
L1-L2,213,133,,1
L1-L2,213,134,,1
L1-L2,213,135,,1
L1-L2,213,136,,1
L1-L2,213,138,,1
L1-L2,213,139,,1
L1-L2,213,144,,1
L1-L2,213,146,,1
L1-L2,213,147,,1
L1-L2,213,152,,1
L1-L2,213,153,,1
L1-L2,213,154,,1
L1-L2,213,155,,1
L1-L2,213,156,,1
L1-L2,213,160,,1
L1-L2,213,161,,1
L1-L2,213,168,,1
L1-L2,213,169,,1
L1-L2,213,170,,1
L1-L2,213,173,,1
L1-L2,213,174,,1
L1-L2,213,175,,1
L1-L2,213,176,,1
L1-L2,213,178,,1
L1-L2,213,180,,1
L1-L2,213,181,,1
L1-L2,213,183,,1
L1-L2,213,185,,1
L1-L2,213,188,,1
L1-L2,213,195,,1
L1-L2,213,196,,1
L1-L2,213,199,,1
L1-L2,213,203,,1
L1-L2,213,204,,1
L1-L2,213,208,,1
L1-L2,213,209,,1
L1-L2,213,210,,1
L1-L2,213,215,,1
L1-L2,213,216,,1
L1-L2,213,217,,1
L1-L2,213,221,,1
L1-L2,213,222,,1
L1-L2,213,223,,1
L1-L2,213,231,,1
L1-L2,213,232,,1
L1-L2,213,234,,1
L1-L2,213,236,,1
L1-L2,213,238,,1
L1-L2,213,239,,1
L1-L2,213,240,,1
L1-L2,213,242,,1
L1-L2,213,243,,1
L1-L2,213,244,,1
L1-L2,213,245,,1
L1-L2,213,252,,1
L1-L2,213,253,,1
L1-L2,213,254,,1
L1-L2,214,0,,1
L1-L2,214,4,,1
L1-L2,214,13,,1
L1-L2,214,16,,1
L1-L2,214,19,,1
L1-L2,214,25,,1
L1-L2,214,28,,1
L1-L2,214,30,,1
L1-L2,214,31,,1
L1-L2,214,33,,1
L1-L2,214,35,,1
L1-L2,214,36,,1
L1-L2,214,39,,1
L1-L2,214,40,,1
L1-L2,214,41,,1
L1-L2,214,42,,1
L1-L2,214,47,,1
L1-L2,214,48,,1
L1-L2,214,50,,1
L1-L2,214,53,,1
L1-L2,214,58,,1
L1-L2,214,59,,1
L1-L2,214,62,,1
L1-L2,214,66,,1
L1-L2,214,68,,1
L1-L2,214,72,,1
L1-L2,214,73,,1
L1-L2,214,82,,1
L1-L2,214,86,,1
L1-L2,214,88,,1
L1-L2,214,97,,1
L1-L2,214,98,,1
L1-L2,214,99,,1
L1-L2,214,107,,1
L1-L2,214,110,,1
L1-L2,214,114,,1
L1-L2,214,116,,1
L1-L2,214,118,,1
L1-L2,214,120,,1
L1-L2,214,121,,1
L1-L2,214,134,,1
L1-L2,214,143,,1
L1-L2,214,148,,1
L1-L2,214,150,,1
L1-L2,214,154,,1
L1-L2,214,155,,1
L1-L2,214,159,,1
L1-L2,214,160,,1
L1-L2,214,169,,1
L1-L2,214,170,,1
L1-L2,214,172,,1
L1-L2,214,173,,1
L1-L2,214,175,,1
L1-L2,214,176,,1
L1-L2,214,177,,1
L1-L2,214,178,,1
L1-L2,214,185,,1
L1-L2,214,187,,1
L1-L2,214,188,,1
L1-L2,214,189,,1
L1-L2,214,191,,1
L1-L2,214,192,,1
L1-L2,214,194,,1
L1-L2,214,195,,1
L1-L2,214,198,,1
L1-L2,214,199,,1
L1-L2,214,200,,1
L1-L2,214,202,,1
L1-L2,214,203,,1
L1-L2,214,208,,1
L1-L2,214,209,,1
L1-L2,214,213,,1
L1-L2,214,215,,1
L1-L2,214,219,,1
L1-L2,214,221,,1
L1-L2,214,223,,1
L1-L2,214,230,,1
L1-L2,214,231,,1
L1-L2,214,232,,1
L1-L2,214,234,,1
L1-L2,214,238,,1
L1-L2,214,240,,1
L1-L2,214,245,,1
L1-L2,214,246,,1
L1-L2,214,248,,1
L1-L2,214,249,,1
L1-L2,214,250,,1
L1-L2,214,254,,1
L1-L2,215,4,,1
L1-L2,215,7,,1
L1-L2,215,13,,1
L1-L2,215,15,,1
L1-L2,215,18,,1
L1-L2,215,28,,1
L1-L2,215,29,,1
L1-L2,215,30,,1
L1-L2,215,37,,1
L1-L2,215,39,,1
L1-L2,215,40,,1
L1-L2,215,43,,1
L1-L2,215,50,,1
L1-L2,215,55,,1
L1-L2,215,60,,1
L1-L2,215,62,,1
L1-L2,215,66,,1
L1-L2,215,68,,1
L1-L2,215,72,,1
L1-L2,215,80,,1
L1-L2,215,87,,1
L1-L2,215,88,,1
L1-L2,215,91,,1
L1-L2,215,99,,1
L1-L2,215,103,,1
L1-L2,215,105,,1
L1-L2,215,107,,1
L1-L2,215,114,,1
L1-L2,215,126,,1
L1-L2,215,128,,1
L1-L2,215,129,,1
L1-L2,215,130,,1
L1-L2,215,131,,1
L1-L2,215,134,,1
L1-L2,215,137,,1
L1-L2,215,140,,1
L1-L2,215,141,,1
L1-L2,215,152,,1
L1-L2,215,153,,1
L1-L2,215,158,,1
L1-L2,215,159,,1
L1-L2,215,160,,1
L1-L2,215,161,,1
L1-L2,215,162,,1
L1-L2,215,167,,1
L1-L2,215,170,,1
L1-L2,215,172,,1
L1-L2,215,173,,1
L1-L2,215,174,,1
L1-L2,215,175,,1
L1-L2,215,182,,1
L1-L2,215,184,,1
L1-L2,215,185,,1
L1-L2,215,194,,1
L1-L2,215,197,,1
L1-L2,215,202,,1
L1-L2,215,207,,1
L1-L2,215,210,,1
L1-L2,215,211,,1
L1-L2,215,214,,1
L1-L2,215,215,,1
L1-L2,215,217,,1
L1-L2,215,218,,1
L1-L2,215,221,,1
L1-L2,215,226,,1
L1-L2,215,227,,1
L1-L2,215,228,,1
L1-L2,215,231,,1
L1-L2,215,232,,1
L1-L2,215,240,,1
L1-L2,215,241,,1
L1-L2,215,242,,1
L1-L2,215,244,,1
L1-L2,215,245,,1
L1-L2,215,248,,1
L1-L2,215,249,,1
L1-L2,215,252,,1
L1-L2,215,254,,1
L1-L2,216,1,,1
L1-L2,216,3,,1
L1-L2,216,16,,1
L1-L2,216,17,,1
L1-L2,216,22,,1
L1-L2,216,31,,1
L1-L2,216,33,,1
L1-L2,216,34,,1
L1-L2,216,36,,1
L1-L2,216,38,,1
L1-L2,216,42,,1
L1-L2,216,43,,1
L1-L2,216,44,,1
L1-L2,216,47,,1
L1-L2,216,51,,1
L1-L2,216,56,,1
L1-L2,216,59,,1
L1-L2,216,63,,1
L1-L2,216,65,,1
L1-L2,216,66,,1
L1-L2,216,71,,1
L1-L2,216,77,,1
L1-L2,216,79,,1
L1-L2,216,80,,1
L1-L2,216,81,,1
L1-L2,216,88,,1
L1-L2,216,89,,1
L1-L2,216,93,,1
L1-L2,216,95,,1
L1-L2,216,99,,1
L1-L2,216,103,,1
L1-L2,216,107,,1
L1-L2,216,109,,1
L1-L2,216,110,,1
L1-L2,216,112,,1
L1-L2,216,119,,1
L1-L2,216,132,,1
L1-L2,216,133,,1
L1-L2,216,134,,1
L1-L2,216,135,,1
L1-L2,216,136,,1
L1-L2,216,137,,1
L1-L2,216,143,,1
L1-L2,216,146,,1
L1-L2,216,150,,1
L1-L2,216,155,,1
L1-L2,216,158,,1
L1-L2,216,160,,1
L1-L2,216,163,,1
L1-L2,216,165,,1
L1-L2,216,169,,1
L1-L2,216,171,,1
L1-L2,216,173,,1
L1-L2,216,182,,1
L1-L2,216,183,,1
L1-L2,216,187,,1
L1-L2,216,188,,1
L1-L2,216,190,,1
L1-L2,216,194,,1
L1-L2,216,196,,1
L1-L2,216,197,,1
L1-L2,216,198,,1
L1-L2,216,200,,1
L1-L2,216,203,,1
L1-L2,216,207,,1
L1-L2,216,208,,1
L1-L2,216,210,,1
L1-L2,216,211,,1
L1-L2,216,213,,1
L1-L2,216,214,,1
L1-L2,216,215,,1
L1-L2,216,220,,1
L1-L2,216,221,,1
L1-L2,216,222,,1
L1-L2,216,224,,1
L1-L2,216,231,,1
L1-L2,216,232,,1
L1-L2,216,237,,1
L1-L2,216,238,,1
L1-L2,216,239,,1
L1-L2,216,242,,1
L1-L2,216,243,,1
L1-L2,216,248,,1
L1-L2,216,249,,1
L1-L2,216,250,,1
L1-L2,216,252,,1
L1-L2,217,5,,1
L1-L2,217,6,,1
L1-L2,217,8,,1
L1-L2,217,10,,1
L1-L2,217,16,,1
L1-L2,217,20,,1
L1-L2,217,21,,1
L1-L2,217,22,,1
L1-L2,217,24,,1
L1-L2,217,25,,1
L1-L2,217,26,,1
L1-L2,217,27,,1
L1-L2,217,29,,1
L1-L2,217,37,,1
L1-L2,217,44,,1
L1-L2,217,48,,1
L1-L2,217,52,,1
L1-L2,217,54,,1
L1-L2,217,61,,1
L1-L2,217,63,,1
L1-L2,217,67,,1
L1-L2,217,68,,1
L1-L2,217,69,,1
L1-L2,217,70,,1
L1-L2,217,71,,1
L1-L2,217,72,,1
L1-L2,217,74,,1
L1-L2,217,75,,1
L1-L2,217,81,,1
L1-L2,217,83,,1
L1-L2,217,84,,1
L1-L2,217,85,,1
L1-L2,217,87,,1
L1-L2,217,89,,1
L1-L2,217,93,,1
L1-L2,217,95,,1
L1-L2,217,97,,1
L1-L2,217,98,,1
L1-L2,217,100,,1
L1-L2,217,103,,1
L1-L2,217,104,,1
L1-L2,217,105,,1
L1-L2,217,108,,1
L1-L2,217,109,,1
L1-L2,217,112,,1
L1-L2,217,113,,1
L1-L2,217,116,,1
L1-L2,217,122,,1
L1-L2,217,126,,1
L1-L2,217,127,,1
L1-L2,217,129,,1
L1-L2,217,138,,1
L1-L2,217,140,,1
L1-L2,217,144,,1
L1-L2,217,146,,1
L1-L2,217,147,,1
L1-L2,217,148,,1
L1-L2,217,149,,1
L1-L2,217,150,,1
L1-L2,217,151,,1
L1-L2,217,152,,1
L1-L2,217,153,,1
L1-L2,217,154,,1
L1-L2,217,156,,1
L1-L2,217,160,,1
L1-L2,217,164,,1
L1-L2,217,165,,1
L1-L2,217,167,,1
L1-L2,217,168,,1
L1-L2,217,170,,1
L1-L2,217,172,,1
L1-L2,217,175,,1
L1-L2,217,176,,1
L1-L2,217,179,,1
L1-L2,217,183,,1
L1-L2,217,186,,1
L1-L2,217,187,,1
L1-L2,217,188,,1
L1-L2,217,191,,1
L1-L2,217,193,,1
L1-L2,217,196,,1
L1-L2,217,198,,1
L1-L2,217,200,,1
L1-L2,217,201,,1
L1-L2,217,204,,1
L1-L2,217,205,,1
L1-L2,217,206,,1
L1-L2,217,211,,1
L1-L2,217,212,,1
L1-L2,217,214,,1
L1-L2,217,215,,1
L1-L2,217,217,,1
L1-L2,217,220,,1
L1-L2,217,221,,1
L1-L2,217,222,,1
L1-L2,217,224,,1
L1-L2,217,225,,1
L1-L2,217,226,,1
L1-L2,217,231,,1
L1-L2,217,232,,1
L1-L2,217,238,,1
L1-L2,217,239,,1
L1-L2,217,241,,1
L1-L2,217,242,,1
L1-L2,217,247,,1
L1-L2,217,248,,1
L1-L2,217,249,,1
L1-L2,217,250,,1
L1-L2,217,253,,1
L1-L2,218,2,,1
L1-L2,218,4,,1
L1-L2,218,10,,1
L1-L2,218,12,,1
L1-L2,218,21,,1
L1-L2,218,26,,1
L1-L2,218,32,,1
L1-L2,218,36,,1
L1-L2,218,38,,1
L1-L2,218,44,,1
L1-L2,218,51,,1
L1-L2,218,52,,1
L1-L2,218,53,,1
L1-L2,218,55,,1
L1-L2,218,61,,1
L1-L2,218,63,,1
L1-L2,218,64,,1
L1-L2,218,67,,1
L1-L2,218,82,,1
L1-L2,218,89,,1
L1-L2,218,93,,1
L1-L2,218,95,,1
L1-L2,218,103,,1
L1-L2,218,105,,1
L1-L2,218,107,,1
L1-L2,218,112,,1
L1-L2,218,113,,1
L1-L2,218,114,,1
L1-L2,218,120,,1
L1-L2,218,124,,1
L1-L2,218,127,,1
L1-L2,218,128,,1
L1-L2,218,131,,1
L1-L2,218,132,,1
L1-L2,218,135,,1
L1-L2,218,136,,1
L1-L2,218,143,,1
L1-L2,218,146,,1
L1-L2,218,149,,1
L1-L2,218,150,,1
L1-L2,218,152,,1
L1-L2,218,156,,1
L1-L2,218,157,,1
L1-L2,218,161,,1
L1-L2,218,162,,1
L1-L2,218,164,,1
L1-L2,218,167,,1
L1-L2,218,168,,1
L1-L2,218,170,,1
L1-L2,218,173,,1
L1-L2,218,174,,1
L1-L2,218,175,,1
L1-L2,218,181,,1
L1-L2,218,183,,1
L1-L2,218,185,,1
L1-L2,218,195,,1
L1-L2,218,198,,1
L1-L2,218,202,,1
L1-L2,218,203,,1
L1-L2,218,205,,1
L1-L2,218,209,,1
L1-L2,218,210,,1
L1-L2,218,212,,1
L1-L2,218,213,,1
L1-L2,218,220,,1
L1-L2,218,221,,1
L1-L2,218,222,,1
L1-L2,218,226,,1
L1-L2,218,227,,1
L1-L2,218,228,,1
L1-L2,218,229,,1
L1-L2,218,231,,1
L1-L2,218,232,,1
L1-L2,218,233,,1
L1-L2,218,234,,1
L1-L2,218,235,,1
L1-L2,218,236,,1
L1-L2,218,238,,1
L1-L2,218,239,,1
L1-L2,218,240,,1
L1-L2,218,250,,1
L1-L2,218,253,,1
L1-L2,219,0,,1
L1-L2,219,4,,1
L1-L2,219,6,,1
L1-L2,219,7,,1
L1-L2,219,10,,1
L1-L2,219,12,,1
L1-L2,219,17,,1
L1-L2,219,20,,1
L1-L2,219,23,,1
L1-L2,219,24,,1
L1-L2,219,29,,1
L1-L2,219,30,,1
L1-L2,219,32,,1
L1-L2,219,34,,1
L1-L2,219,43,,1
L1-L2,219,44,,1
L1-L2,219,45,,1
L1-L2,219,49,,1
L1-L2,219,51,,1
L1-L2,219,53,,1
L1-L2,219,55,,1
L1-L2,219,57,,1
L1-L2,219,61,,1
L1-L2,219,65,,1
L1-L2,219,68,,1
L1-L2,219,69,,1
L1-L2,219,74,,1
L1-L2,219,78,,1
L1-L2,219,79,,1
L1-L2,219,88,,1
L1-L2,219,90,,1
L1-L2,219,92,,1
L1-L2,219,98,,1
L1-L2,219,105,,1
L1-L2,219,106,,1
L1-L2,219,107,,1
L1-L2,219,112,,1
L1-L2,219,115,,1
L1-L2,219,118,,1
L1-L2,219,120,,1
L1-L2,219,125,,1
L1-L2,219,130,,1
L1-L2,219,131,,1
L1-L2,219,132,,1
L1-L2,219,133,,1
L1-L2,219,135,,1
L1-L2,219,136,,1
L1-L2,219,137,,1
L1-L2,219,148,,1
L1-L2,219,150,,1
L1-L2,219,156,,1
L1-L2,219,159,,1
L1-L2,219,161,,1
L1-L2,219,163,,1
L1-L2,219,165,,1
L1-L2,219,167,,1
L1-L2,219,169,,1
L1-L2,219,171,,1
L1-L2,219,173,,1
L1-L2,219,175,,1
L1-L2,219,176,,1
L1-L2,219,177,,1
L1-L2,219,179,,1
L1-L2,219,183,,1
L1-L2,219,185,,1
L1-L2,219,186,,1
L1-L2,219,189,,1
L1-L2,219,197,,1
L1-L2,219,200,,1
L1-L2,219,205,,1
L1-L2,219,206,,1
L1-L2,219,207,,1
L1-L2,219,209,,1
L1-L2,219,210,,1
L1-L2,219,211,,1
L1-L2,219,212,,1
L1-L2,219,219,,1
L1-L2,219,221,,1
L1-L2,219,227,,1
L1-L2,219,228,,1
L1-L2,219,229,,1
L1-L2,219,231,,1
L1-L2,219,233,,1
L1-L2,219,235,,1
L1-L2,219,236,,1
L1-L2,219,238,,1
L1-L2,219,242,,1
L1-L2,219,246,,1
L1-L2,219,248,,1
L1-L2,219,250,,1
L1-L2,219,251,,1
L1-L2,219,253,,1
L1-L2,219,254,,1
L1-L2,219,255,,1
L1-L2,220,1,,1
L1-L2,220,6,,1
L1-L2,220,16,,1
L1-L2,220,17,,1
L1-L2,220,18,,1
L1-L2,220,19,,1
L1-L2,220,22,,1
L1-L2,220,23,,1
L1-L2,220,24,,1
L1-L2,220,27,,1
L1-L2,220,29,,1
L1-L2,220,30,,1
L1-L2,220,31,,1
L1-L2,220,36,,1
L1-L2,220,38,,1
L1-L2,220,39,,1
L1-L2,220,42,,1
L1-L2,220,43,,1
L1-L2,220,50,,1
L1-L2,220,51,,1
L1-L2,220,52,,1
L1-L2,220,53,,1
L1-L2,220,54,,1
L1-L2,220,59,,1
L1-L2,220,62,,1
L1-L2,220,64,,1
L1-L2,220,72,,1
L1-L2,220,77,,1
L1-L2,220,79,,1
L1-L2,220,85,,1
L1-L2,220,86,,1
L1-L2,220,88,,1
L1-L2,220,89,,1
L1-L2,220,90,,1
L1-L2,220,97,,1
L1-L2,220,102,,1
L1-L2,220,105,,1
L1-L2,220,108,,1
L1-L2,220,110,,1
L1-L2,220,112,,1
L1-L2,220,116,,1
L1-L2,220,123,,1
L1-L2,220,128,,1
L1-L2,220,130,,1
L1-L2,220,132,,1
L1-L2,220,133,,1
L1-L2,220,134,,1
L1-L2,220,135,,1
L1-L2,220,138,,1
L1-L2,220,142,,1
L1-L2,220,143,,1
L1-L2,220,150,,1
L1-L2,220,152,,1
L1-L2,220,153,,1
L1-L2,220,157,,1
L1-L2,220,159,,1
L1-L2,220,161,,1
L1-L2,220,162,,1
L1-L2,220,163,,1
L1-L2,220,168,,1
L1-L2,220,170,,1
L1-L2,220,171,,1
L1-L2,220,172,,1
L1-L2,220,174,,1
L1-L2,220,175,,1
L1-L2,220,176,,1
L1-L2,220,182,,1
L1-L2,220,183,,1
L1-L2,220,184,,1
L1-L2,220,185,,1
L1-L2,220,187,,1
L1-L2,220,189,,1
L1-L2,220,190,,1
L1-L2,220,191,,1
L1-L2,220,194,,1
L1-L2,220,195,,1
L1-L2,220,197,,1
L1-L2,220,200,,1
L1-L2,220,201,,1
L1-L2,220,202,,1
L1-L2,220,205,,1
L1-L2,220,209,,1
L1-L2,220,210,,1
L1-L2,220,211,,1
L1-L2,220,216,,1
L1-L2,220,217,,1
L1-L2,220,219,,1
L1-L2,220,221,,1
L1-L2,220,222,,1
L1-L2,220,225,,1
L1-L2,220,226,,1
L1-L2,220,228,,1
L1-L2,220,229,,1
L1-L2,220,230,,1
L1-L2,220,231,,1
L1-L2,220,232,,1
L1-L2,220,233,,1
L1-L2,220,236,,1
L1-L2,220,238,,1
L1-L2,220,239,,1
L1-L2,220,241,,1
L1-L2,220,242,,1
L1-L2,220,247,,1
L1-L2,220,251,,1
L1-L2,220,252,,1
L1-L2,220,253,,1
L1-L2,220,254,,1
L1-L2,221,1,,1
L1-L2,221,4,,1
L1-L2,221,10,,1
L1-L2,221,13,,1
L1-L2,221,16,,1
L1-L2,221,17,,1
L1-L2,221,18,,1
L1-L2,221,22,,1
L1-L2,221,24,,1
L1-L2,221,26,,1
L1-L2,221,28,,1
L1-L2,221,31,,1
L1-L2,221,36,,1
L1-L2,221,38,,1
L1-L2,221,43,,1
L1-L2,221,45,,1
L1-L2,221,50,,1
L1-L2,221,52,,1
L1-L2,221,54,,1
L1-L2,221,57,,1
L1-L2,221,63,,1
L1-L2,221,65,,1
L1-L2,221,67,,1
L1-L2,221,73,,1
L1-L2,221,76,,1
L1-L2,221,78,,1
L1-L2,221,80,,1
L1-L2,221,85,,1
L1-L2,221,89,,1
L1-L2,221,91,,1
L1-L2,221,92,,1
L1-L2,221,94,,1
L1-L2,221,96,,1
L1-L2,221,97,,1
L1-L2,221,99,,1
L1-L2,221,105,,1
L1-L2,221,107,,1
L1-L2,221,109,,1
L1-L2,221,119,,1
L1-L2,221,124,,1
L1-L2,221,126,,1
L1-L2,221,128,,1
L1-L2,221,131,,1
L1-L2,221,133,,1
L1-L2,221,134,,1
L1-L2,221,135,,1
L1-L2,221,137,,1
L1-L2,221,140,,1
L1-L2,221,143,,1
L1-L2,221,144,,1
L1-L2,221,146,,1
L1-L2,221,147,,1
L1-L2,221,148,,1
L1-L2,221,151,,1
L1-L2,221,155,,1
L1-L2,221,157,,1
L1-L2,221,160,,1
L1-L2,221,162,,1
L1-L2,221,163,,1
L1-L2,221,165,,1
L1-L2,221,174,,1
L1-L2,221,175,,1
L1-L2,221,176,,1
L1-L2,221,177,,1
L1-L2,221,182,,1
L1-L2,221,183,,1
L1-L2,221,197,,1
L1-L2,221,198,,1
L1-L2,221,200,,1
L1-L2,221,201,,1
L1-L2,221,202,,1
L1-L2,221,203,,1
L1-L2,221,208,,1
L1-L2,221,209,,1
L1-L2,221,210,,1
L1-L2,221,215,,1
L1-L2,221,217,,1
L1-L2,221,219,,1
L1-L2,221,222,,1
L1-L2,221,230,,1
L1-L2,221,231,,1
L1-L2,221,232,,1
L1-L2,221,234,,1
L1-L2,221,235,,1
L1-L2,221,240,,1
L1-L2,221,242,,1
L1-L2,221,244,,1
L1-L2,221,245,,1
L1-L2,221,247,,1
L1-L2,221,250,,1
L1-L2,221,254,,1
L1-L2,221,255,,1
L1-L2,222,2,,1
L1-L2,222,7,,1
L1-L2,222,8,,1
L1-L2,222,9,,1
L1-L2,222,14,,1
L1-L2,222,19,,1
L1-L2,222,24,,1
L1-L2,222,25,,1
L1-L2,222,40,,1
L1-L2,222,42,,1
L1-L2,222,48,,1
L1-L2,222,49,,1
L1-L2,222,50,,1
L1-L2,222,52,,1
L1-L2,222,57,,1
L1-L2,222,72,,1
L1-L2,222,74,,1
L1-L2,222,75,,1
L1-L2,222,76,,1
L1-L2,222,79,,1
L1-L2,222,80,,1
L1-L2,222,81,,1
L1-L2,222,83,,1
L1-L2,222,86,,1
L1-L2,222,90,,1
L1-L2,222,91,,1
L1-L2,222,97,,1
L1-L2,222,99,,1
L1-L2,222,101,,1
L1-L2,222,112,,1
L1-L2,222,113,,1
L1-L2,222,116,,1
L1-L2,222,117,,1
L1-L2,222,121,,1
L1-L2,222,123,,1
L1-L2,222,125,,1
L1-L2,222,136,,1
L1-L2,222,137,,1
L1-L2,222,139,,1
L1-L2,222,140,,1
L1-L2,222,142,,1
L1-L2,222,144,,1
L1-L2,222,145,,1
L1-L2,222,146,,1
L1-L2,222,154,,1
L1-L2,222,156,,1
L1-L2,222,157,,1
L1-L2,222,161,,1
L1-L2,222,162,,1
L1-L2,222,163,,1
L1-L2,222,164,,1
L1-L2,222,166,,1
L1-L2,222,169,,1
L1-L2,222,173,,1
L1-L2,222,176,,1
L1-L2,222,177,,1
L1-L2,222,178,,1
L1-L2,222,179,,1
L1-L2,222,181,,1
L1-L2,222,183,,1
L1-L2,222,184,,1
L1-L2,222,189,,1
L1-L2,222,190,,1
L1-L2,222,191,,1
L1-L2,222,199,,1
L1-L2,222,201,,1
L1-L2,222,202,,1
L1-L2,222,206,,1
L1-L2,222,207,,1
L1-L2,222,208,,1
L1-L2,222,211,,1
L1-L2,222,213,,1
L1-L2,222,214,,1
L1-L2,222,216,,1
L1-L2,222,220,,1
L1-L2,222,221,,1
L1-L2,222,222,,1
L1-L2,222,223,,1
L1-L2,222,227,,1
L1-L2,222,228,,1
L1-L2,222,230,,1
L1-L2,222,231,,1
L1-L2,222,235,,1
L1-L2,222,238,,1
L1-L2,222,241,,1
L1-L2,222,244,,1
L1-L2,222,245,,1
L1-L2,222,247,,1
L1-L2,222,248,,1
L1-L2,222,249,,1
L1-L2,222,250,,1
L1-L2,222,251,,1
L1-L2,222,252,,1
L1-L2,222,254,,1
L1-L2,223,2,,1
L1-L2,223,4,,1
L1-L2,223,7,,1
L1-L2,223,9,,1
L1-L2,223,16,,1
L1-L2,223,22,,1
L1-L2,223,26,,1
L1-L2,223,29,,1
L1-L2,223,30,,1
L1-L2,223,32,,1
L1-L2,223,34,,1
L1-L2,223,35,,1
L1-L2,223,37,,1
L1-L2,223,41,,1
L1-L2,223,42,,1
L1-L2,223,43,,1
L1-L2,223,47,,1
L1-L2,223,54,,1
L1-L2,223,64,,1
L1-L2,223,65,,1
L1-L2,223,67,,1
L1-L2,223,70,,1
L1-L2,223,71,,1
L1-L2,223,73,,1
L1-L2,223,74,,1
L1-L2,223,76,,1
L1-L2,223,77,,1
L1-L2,223,79,,1
L1-L2,223,81,,1
L1-L2,223,82,,1
L1-L2,223,87,,1
L1-L2,223,91,,1
L1-L2,223,94,,1
L1-L2,223,95,,1
L1-L2,223,96,,1
L1-L2,223,98,,1
L1-L2,223,100,,1
L1-L2,223,101,,1
L1-L2,223,104,,1
L1-L2,223,105,,1
L1-L2,223,107,,1
L1-L2,223,109,,1
L1-L2,223,110,,1
L1-L2,223,111,,1
L1-L2,223,113,,1
L1-L2,223,117,,1
L1-L2,223,121,,1
L1-L2,223,128,,1
L1-L2,223,129,,1
L1-L2,223,137,,1
L1-L2,223,138,,1
L1-L2,223,140,,1
L1-L2,223,145,,1
L1-L2,223,147,,1
L1-L2,223,150,,1
L1-L2,223,152,,1
L1-L2,223,153,,1
L1-L2,223,158,,1
L1-L2,223,163,,1
L1-L2,223,164,,1
L1-L2,223,168,,1
L1-L2,223,172,,1
L1-L2,223,173,,1
L1-L2,223,175,,1
L1-L2,223,176,,1
L1-L2,223,178,,1
L1-L2,223,179,,1
L1-L2,223,183,,1
L1-L2,223,186,,1
L1-L2,223,196,,1
L1-L2,223,198,,1
L1-L2,223,199,,1
L1-L2,223,204,,1
L1-L2,223,210,,1
L1-L2,223,211,,1
L1-L2,223,212,,1
L1-L2,223,213,,1
L1-L2,223,215,,1
L1-L2,223,216,,1
L1-L2,223,219,,1
L1-L2,223,221,,1
L1-L2,223,222,,1
L1-L2,223,226,,1
L1-L2,223,227,,1
L1-L2,223,231,,1
L1-L2,223,234,,1
L1-L2,223,235,,1
L1-L2,223,236,,1
L1-L2,223,237,,1
L1-L2,223,242,,1
L1-L2,223,243,,1
L1-L2,223,245,,1
L1-L2,223,246,,1
L1-L2,223,251,,1
L1-L2,223,252,,1
L1-L2,224,4,,1
L1-L2,224,11,,1
L1-L2,224,16,,1
L1-L2,224,17,,1
L1-L2,224,18,,1
L1-L2,224,23,,1
L1-L2,224,26,,1
L1-L2,224,30,,1
L1-L2,224,31,,1
L1-L2,224,32,,1
L1-L2,224,34,,1
L1-L2,224,37,,1
L1-L2,224,42,,1
L1-L2,224,43,,1
L1-L2,224,47,,1
L1-L2,224,48,,1
L1-L2,224,50,,1
L1-L2,224,52,,1
L1-L2,224,55,,1
L1-L2,224,64,,1
L1-L2,224,68,,1
L1-L2,224,70,,1
L1-L2,224,72,,1
L1-L2,224,73,,1
L1-L2,224,77,,1
L1-L2,224,80,,1
L1-L2,224,85,,1
L1-L2,224,86,,1
L1-L2,224,87,,1
L1-L2,224,90,,1
L1-L2,224,95,,1
L1-L2,224,97,,1
L1-L2,224,100,,1
L1-L2,224,101,,1
L1-L2,224,104,,1
L1-L2,224,108,,1
L1-L2,224,111,,1
L1-L2,224,117,,1
L1-L2,224,119,,1
L1-L2,224,120,,1
L1-L2,224,124,,1
L1-L2,224,127,,1
L1-L2,224,128,,1
L1-L2,224,129,,1
L1-L2,224,130,,1
L1-L2,224,131,,1
L1-L2,224,133,,1
L1-L2,224,134,,1
L1-L2,224,136,,1
L1-L2,224,137,,1
L1-L2,224,138,,1
L1-L2,224,140,,1
L1-L2,224,142,,1
L1-L2,224,144,,1
L1-L2,224,147,,1
L1-L2,224,150,,1
L1-L2,224,154,,1
L1-L2,224,159,,1
L1-L2,224,166,,1
L1-L2,224,167,,1
L1-L2,224,168,,1
L1-L2,224,170,,1
L1-L2,224,171,,1
L1-L2,224,172,,1
L1-L2,224,173,,1
L1-L2,224,174,,1
L1-L2,224,177,,1
L1-L2,224,178,,1
L1-L2,224,182,,1
L1-L2,224,184,,1
L1-L2,224,186,,1
L1-L2,224,187,,1
L1-L2,224,190,,1
L1-L2,224,191,,1
L1-L2,224,197,,1
L1-L2,224,199,,1
L1-L2,224,203,,1
L1-L2,224,206,,1
L1-L2,224,207,,1
L1-L2,224,210,,1
L1-L2,224,211,,1
L1-L2,224,213,,1
L1-L2,224,215,,1
L1-L2,224,218,,1
L1-L2,224,222,,1
L1-L2,224,224,,1
L1-L2,224,225,,1
L1-L2,224,226,,1
L1-L2,224,229,,1
L1-L2,224,232,,1
L1-L2,224,233,,1
L1-L2,224,234,,1
L1-L2,224,235,,1
L1-L2,224,239,,1
L1-L2,224,245,,1
L1-L2,224,247,,1
L1-L2,224,252,,1
L1-L2,225,4,,1
L1-L2,225,6,,1
L1-L2,225,13,,1
L1-L2,225,15,,1
L1-L2,225,18,,1
L1-L2,225,20,,1
L1-L2,225,23,,1
L1-L2,225,24,,1
L1-L2,225,28,,1
L1-L2,225,30,,1
L1-L2,225,32,,1
L1-L2,225,34,,1
L1-L2,225,36,,1
L1-L2,225,40,,1
L1-L2,225,41,,1
L1-L2,225,54,,1
L1-L2,225,55,,1
L1-L2,225,56,,1
L1-L2,225,60,,1
L1-L2,225,61,,1
L1-L2,225,62,,1
L1-L2,225,67,,1
L1-L2,225,73,,1
L1-L2,225,84,,1
L1-L2,225,86,,1
L1-L2,225,89,,1
L1-L2,225,93,,1
L1-L2,225,94,,1
L1-L2,225,96,,1
L1-L2,225,98,,1
L1-L2,225,102,,1
L1-L2,225,105,,1
L1-L2,225,113,,1
L1-L2,225,114,,1
L1-L2,225,115,,1
L1-L2,225,116,,1
L1-L2,225,117,,1
L1-L2,225,119,,1
L1-L2,225,120,,1
L1-L2,225,123,,1
L1-L2,225,124,,1
L1-L2,225,126,,1
L1-L2,225,128,,1
L1-L2,225,132,,1
L1-L2,225,135,,1
L1-L2,225,139,,1
L1-L2,225,141,,1
L1-L2,225,142,,1
L1-L2,225,143,,1
L1-L2,225,145,,1
L1-L2,225,146,,1
L1-L2,225,149,,1
L1-L2,225,150,,1
L1-L2,225,153,,1
L1-L2,225,160,,1
L1-L2,225,163,,1
L1-L2,225,165,,1
L1-L2,225,170,,1
L1-L2,225,171,,1
L1-L2,225,172,,1
L1-L2,225,173,,1
L1-L2,225,175,,1
L1-L2,225,176,,1
L1-L2,225,177,,1
L1-L2,225,179,,1
L1-L2,225,180,,1
L1-L2,225,182,,1
L1-L2,225,183,,1
L1-L2,225,187,,1
L1-L2,225,192,,1
L1-L2,225,195,,1
L1-L2,225,197,,1
L1-L2,225,198,,1
L1-L2,225,200,,1
L1-L2,225,202,,1
L1-L2,225,206,,1
L1-L2,225,207,,1
L1-L2,225,211,,1
L1-L2,225,215,,1
L1-L2,225,216,,1
L1-L2,225,217,,1
L1-L2,225,218,,1
L1-L2,225,220,,1
L1-L2,225,221,,1
L1-L2,225,222,,1
L1-L2,225,224,,1
L1-L2,225,226,,1
L1-L2,225,227,,1
L1-L2,225,228,,1
L1-L2,225,229,,1
L1-L2,225,230,,1
L1-L2,225,231,,1
L1-L2,225,236,,1
L1-L2,225,241,,1
L1-L2,225,243,,1
L1-L2,225,244,,1
L1-L2,225,245,,1
L1-L2,225,246,,1
L1-L2,225,251,,1
L1-L2,225,252,,1
L1-L2,226,0,,1
L1-L2,226,3,,1
L1-L2,226,5,,1
L1-L2,226,9,,1
L1-L2,226,11,,1
L1-L2,226,13,,1
L1-L2,226,15,,1
L1-L2,226,22,,1
L1-L2,226,23,,1
L1-L2,226,24,,1
L1-L2,226,30,,1
L1-L2,226,35,,1
L1-L2,226,40,,1
L1-L2,226,44,,1
L1-L2,226,45,,1
L1-L2,226,48,,1
L1-L2,226,50,,1
L1-L2,226,52,,1
L1-L2,226,54,,1
L1-L2,226,56,,1
L1-L2,226,58,,1
L1-L2,226,59,,1
L1-L2,226,61,,1
L1-L2,226,64,,1
L1-L2,226,66,,1
L1-L2,226,67,,1
L1-L2,226,69,,1
L1-L2,226,70,,1
L1-L2,226,74,,1
L1-L2,226,80,,1
L1-L2,226,81,,1
L1-L2,226,83,,1
L1-L2,226,85,,1
L1-L2,226,88,,1
L1-L2,226,90,,1
L1-L2,226,93,,1
L1-L2,226,94,,1
L1-L2,226,96,,1
L1-L2,226,98,,1
L1-L2,226,101,,1
L1-L2,226,102,,1
L1-L2,226,104,,1
L1-L2,226,105,,1
L1-L2,226,116,,1
L1-L2,226,122,,1
L1-L2,226,123,,1
L1-L2,226,125,,1
L1-L2,226,128,,1
L1-L2,226,129,,1
L1-L2,226,131,,1
L1-L2,226,132,,1
L1-L2,226,134,,1
L1-L2,226,137,,1
L1-L2,226,138,,1
L1-L2,226,141,,1
L1-L2,226,142,,1
L1-L2,226,143,,1
L1-L2,226,146,,1
L1-L2,226,148,,1
L1-L2,226,152,,1
L1-L2,226,153,,1
L1-L2,226,160,,1
L1-L2,226,161,,1
L1-L2,226,163,,1
L1-L2,226,164,,1
L1-L2,226,166,,1
L1-L2,226,168,,1
L1-L2,226,169,,1
L1-L2,226,170,,1
L1-L2,226,174,,1
L1-L2,226,178,,1
L1-L2,226,179,,1
L1-L2,226,182,,1
L1-L2,226,183,,1
L1-L2,226,184,,1
L1-L2,226,185,,1
L1-L2,226,186,,1
L1-L2,226,187,,1
L1-L2,226,189,,1
L1-L2,226,192,,1
L1-L2,226,194,,1
L1-L2,226,196,,1
L1-L2,226,197,,1
L1-L2,226,198,,1
L1-L2,226,202,,1
L1-L2,226,203,,1
L1-L2,226,204,,1
L1-L2,226,206,,1
L1-L2,226,207,,1
L1-L2,226,208,,1
L1-L2,226,215,,1
L1-L2,226,216,,1
L1-L2,226,217,,1
L1-L2,226,219,,1
L1-L2,226,224,,1
L1-L2,226,226,,1
L1-L2,226,228,,1
L1-L2,226,230,,1
L1-L2,226,231,,1
L1-L2,226,234,,1
L1-L2,226,239,,1
L1-L2,226,244,,1
L1-L2,226,245,,1
L1-L2,226,246,,1
L1-L2,226,247,,1
L1-L2,226,248,,1
L1-L2,226,252,,1
L1-L2,226,255,,1
L1-L2,227,5,,1
L1-L2,227,6,,1
L1-L2,227,10,,1
L1-L2,227,11,,1
L1-L2,227,12,,1
L1-L2,227,20,,1
L1-L2,227,26,,1
L1-L2,227,29,,1
L1-L2,227,31,,1
L1-L2,227,34,,1
L1-L2,227,41,,1
L1-L2,227,42,,1
L1-L2,227,45,,1
L1-L2,227,46,,1
L1-L2,227,47,,1
L1-L2,227,48,,1
L1-L2,227,49,,1
L1-L2,227,50,,1
L1-L2,227,56,,1
L1-L2,227,57,,1
L1-L2,227,58,,1
L1-L2,227,60,,1
L1-L2,227,64,,1
L1-L2,227,66,,1
L1-L2,227,67,,1
L1-L2,227,68,,1
L1-L2,227,76,,1
L1-L2,227,78,,1
L1-L2,227,80,,1
L1-L2,227,85,,1
L1-L2,227,87,,1
L1-L2,227,89,,1
L1-L2,227,92,,1
L1-L2,227,96,,1
L1-L2,227,101,,1
L1-L2,227,102,,1
L1-L2,227,108,,1
L1-L2,227,109,,1
L1-L2,227,110,,1
L1-L2,227,116,,1
L1-L2,227,118,,1
L1-L2,227,119,,1
L1-L2,227,120,,1
L1-L2,227,124,,1
L1-L2,227,125,,1
L1-L2,227,128,,1
L1-L2,227,130,,1
L1-L2,227,135,,1
L1-L2,227,137,,1
L1-L2,227,138,,1
L1-L2,227,141,,1
L1-L2,227,144,,1
L1-L2,227,145,,1
L1-L2,227,146,,1
L1-L2,227,153,,1
L1-L2,227,154,,1
L1-L2,227,156,,1
L1-L2,227,158,,1
L1-L2,227,161,,1
L1-L2,227,162,,1
L1-L2,227,163,,1
L1-L2,227,166,,1
L1-L2,227,167,,1
L1-L2,227,169,,1
L1-L2,227,172,,1
L1-L2,227,174,,1
L1-L2,227,180,,1
L1-L2,227,183,,1
L1-L2,227,185,,1
L1-L2,227,191,,1
L1-L2,227,192,,1
L1-L2,227,194,,1
L1-L2,227,196,,1
L1-L2,227,198,,1
L1-L2,227,206,,1
L1-L2,227,207,,1
L1-L2,227,211,,1
L1-L2,227,212,,1
L1-L2,227,214,,1
L1-L2,227,217,,1
L1-L2,227,220,,1
L1-L2,227,223,,1
L1-L2,227,225,,1
L1-L2,227,226,,1
L1-L2,227,227,,1
L1-L2,227,228,,1
L1-L2,227,229,,1
L1-L2,227,231,,1
L1-L2,227,232,,1
L1-L2,227,234,,1
L1-L2,227,236,,1
L1-L2,227,237,,1
L1-L2,227,238,,1
L1-L2,227,239,,1
L1-L2,227,241,,1
L1-L2,227,244,,1
L1-L2,227,250,,1
L1-L2,227,251,,1
L1-L2,227,252,,1
L1-L2,227,254,,1
L1-L2,228,1,,1
L1-L2,228,4,,1
L1-L2,228,6,,1
L1-L2,228,7,,1
L1-L2,228,14,,1
L1-L2,228,15,,1
L1-L2,228,17,,1
L1-L2,228,19,,1
L1-L2,228,20,,1
L1-L2,228,21,,1
L1-L2,228,22,,1
L1-L2,228,29,,1
L1-L2,228,33,,1
L1-L2,228,38,,1
L1-L2,228,47,,1
L1-L2,228,50,,1
L1-L2,228,55,,1
L1-L2,228,56,,1
L1-L2,228,59,,1
L1-L2,228,64,,1
L1-L2,228,66,,1
L1-L2,228,67,,1
L1-L2,228,68,,1
L1-L2,228,70,,1
L1-L2,228,78,,1
L1-L2,228,80,,1
L1-L2,228,81,,1
L1-L2,228,85,,1
L1-L2,228,86,,1
L1-L2,228,89,,1
L1-L2,228,93,,1
L1-L2,228,96,,1
L1-L2,228,97,,1
L1-L2,228,98,,1
L1-L2,228,100,,1
L1-L2,228,101,,1
L1-L2,228,103,,1
L1-L2,228,112,,1
L1-L2,228,113,,1
L1-L2,228,121,,1
L1-L2,228,123,,1
L1-L2,228,128,,1
L1-L2,228,134,,1
L1-L2,228,136,,1
L1-L2,228,137,,1
L1-L2,228,138,,1
L1-L2,228,140,,1
L1-L2,228,144,,1
L1-L2,228,152,,1
L1-L2,228,153,,1
L1-L2,228,154,,1
L1-L2,228,155,,1
L1-L2,228,159,,1
L1-L2,228,161,,1
L1-L2,228,163,,1
L1-L2,228,167,,1
L1-L2,228,170,,1
L1-L2,228,171,,1
L1-L2,228,172,,1
L1-L2,228,177,,1
L1-L2,228,178,,1
L1-L2,228,179,,1
L1-L2,228,181,,1
L1-L2,228,182,,1
L1-L2,228,183,,1
L1-L2,228,184,,1
L1-L2,228,189,,1
L1-L2,228,196,,1
L1-L2,228,197,,1
L1-L2,228,199,,1
L1-L2,228,202,,1
L1-L2,228,203,,1
L1-L2,228,204,,1
L1-L2,228,207,,1
L1-L2,228,208,,1
L1-L2,228,213,,1
L1-L2,228,215,,1
L1-L2,228,216,,1
L1-L2,228,218,,1
L1-L2,228,219,,1
L1-L2,228,221,,1
L1-L2,228,222,,1
L1-L2,228,224,,1
L1-L2,228,226,,1
L1-L2,228,227,,1
L1-L2,228,228,,1
L1-L2,228,230,,1
L1-L2,228,236,,1
L1-L2,228,245,,1
L1-L2,228,246,,1
L1-L2,228,247,,1
L1-L2,228,249,,1
L1-L2,228,251,,1
L1-L2,228,252,,1
L1-L2,228,253,,1
L1-L2,228,255,,1
L1-L2,229,3,,1
L1-L2,229,6,,1
L1-L2,229,7,,1
L1-L2,229,9,,1
L1-L2,229,10,,1
L1-L2,229,13,,1
L1-L2,229,14,,1
L1-L2,229,25,,1
L1-L2,229,26,,1
L1-L2,229,27,,1
L1-L2,229,28,,1
L1-L2,229,29,,1
L1-L2,229,31,,1
L1-L2,229,32,,1
L1-L2,229,37,,1
L1-L2,229,38,,1
L1-L2,229,39,,1
L1-L2,229,42,,1
L1-L2,229,43,,1
L1-L2,229,46,,1
L1-L2,229,48,,1
L1-L2,229,51,,1
L1-L2,229,53,,1
L1-L2,229,56,,1
L1-L2,229,57,,1
L1-L2,229,58,,1
L1-L2,229,65,,1
L1-L2,229,66,,1
L1-L2,229,67,,1
L1-L2,229,68,,1
L1-L2,229,70,,1
L1-L2,229,71,,1
L1-L2,229,73,,1
L1-L2,229,81,,1
L1-L2,229,85,,1
L1-L2,229,87,,1
L1-L2,229,88,,1
L1-L2,229,90,,1
L1-L2,229,91,,1
L1-L2,229,95,,1
L1-L2,229,97,,1
L1-L2,229,98,,1
L1-L2,229,100,,1
L1-L2,229,102,,1
L1-L2,229,103,,1
L1-L2,229,108,,1
L1-L2,229,110,,1
L1-L2,229,113,,1
L1-L2,229,116,,1
L1-L2,229,117,,1
L1-L2,229,121,,1
L1-L2,229,122,,1
L1-L2,229,124,,1
L1-L2,229,125,,1
L1-L2,229,126,,1
L1-L2,229,127,,1
L1-L2,229,128,,1
L1-L2,229,129,,1
L1-L2,229,132,,1
L1-L2,229,135,,1
L1-L2,229,136,,1
L1-L2,229,137,,1
L1-L2,229,138,,1
L1-L2,229,143,,1
L1-L2,229,147,,1
L1-L2,229,149,,1
L1-L2,229,150,,1
L1-L2,229,151,,1
L1-L2,229,153,,1
L1-L2,229,155,,1
L1-L2,229,156,,1
L1-L2,229,159,,1
L1-L2,229,160,,1
L1-L2,229,163,,1
L1-L2,229,166,,1
L1-L2,229,169,,1
L1-L2,229,172,,1
L1-L2,229,173,,1
L1-L2,229,176,,1
L1-L2,229,179,,1
L1-L2,229,181,,1
L1-L2,229,185,,1
L1-L2,229,186,,1
L1-L2,229,190,,1
L1-L2,229,193,,1
L1-L2,229,196,,1
L1-L2,229,197,,1
L1-L2,229,198,,1
L1-L2,229,201,,1
L1-L2,229,205,,1
L1-L2,229,206,,1
L1-L2,229,207,,1
L1-L2,229,208,,1
L1-L2,229,210,,1
L1-L2,229,212,,1
L1-L2,229,214,,1
L1-L2,229,216,,1
L1-L2,229,219,,1
L1-L2,229,222,,1
L1-L2,229,223,,1
L1-L2,229,224,,1
L1-L2,229,225,,1
L1-L2,229,226,,1
L1-L2,229,228,,1
L1-L2,229,230,,1
L1-L2,229,231,,1
L1-L2,229,232,,1
L1-L2,229,233,,1
L1-L2,229,235,,1
L1-L2,229,239,,1
L1-L2,229,241,,1
L1-L2,229,243,,1
L1-L2,229,245,,1
L1-L2,229,247,,1
L1-L2,229,250,,1
L1-L2,229,252,,1
L1-L2,229,254,,1
L1-L2,230,0,,1
L1-L2,230,1,,1
L1-L2,230,5,,1
L1-L2,230,7,,1
L1-L2,230,8,,1
L1-L2,230,12,,1
L1-L2,230,14,,1
L1-L2,230,16,,1
L1-L2,230,24,,1
L1-L2,230,25,,1
L1-L2,230,28,,1
L1-L2,230,31,,1
L1-L2,230,35,,1
L1-L2,230,39,,1
L1-L2,230,42,,1
L1-L2,230,48,,1
L1-L2,230,51,,1
L1-L2,230,53,,1
L1-L2,230,55,,1
L1-L2,230,56,,1
L1-L2,230,57,,1
L1-L2,230,60,,1
L1-L2,230,62,,1
L1-L2,230,67,,1
L1-L2,230,69,,1
L1-L2,230,74,,1
L1-L2,230,78,,1
L1-L2,230,79,,1
L1-L2,230,80,,1
L1-L2,230,82,,1
L1-L2,230,84,,1
L1-L2,230,88,,1
L1-L2,230,90,,1
L1-L2,230,91,,1
L1-L2,230,93,,1
L1-L2,230,96,,1
L1-L2,230,97,,1
L1-L2,230,98,,1
L1-L2,230,99,,1
L1-L2,230,100,,1
L1-L2,230,103,,1
L1-L2,230,105,,1
L1-L2,230,106,,1
L1-L2,230,108,,1
L1-L2,230,110,,1
L1-L2,230,111,,1
L1-L2,230,113,,1
L1-L2,230,114,,1
L1-L2,230,115,,1
L1-L2,230,116,,1
L1-L2,230,119,,1
L1-L2,230,122,,1
L1-L2,230,126,,1
L1-L2,230,138,,1
L1-L2,230,142,,1
L1-L2,230,145,,1
L1-L2,230,147,,1
L1-L2,230,149,,1
L1-L2,230,150,,1
L1-L2,230,158,,1
L1-L2,230,163,,1
L1-L2,230,166,,1
L1-L2,230,169,,1
L1-L2,230,173,,1
L1-L2,230,175,,1
L1-L2,230,176,,1
L1-L2,230,178,,1
L1-L2,230,179,,1
L1-L2,230,180,,1
L1-L2,230,182,,1
L1-L2,230,183,,1
L1-L2,230,184,,1
L1-L2,230,185,,1
L1-L2,230,186,,1
L1-L2,230,187,,1
L1-L2,230,188,,1
L1-L2,230,191,,1
L1-L2,230,193,,1
L1-L2,230,196,,1
L1-L2,230,198,,1
L1-L2,230,199,,1
L1-L2,230,201,,1
L1-L2,230,206,,1
L1-L2,230,207,,1
L1-L2,230,208,,1
L1-L2,230,209,,1
L1-L2,230,211,,1
L1-L2,230,213,,1
L1-L2,230,217,,1
L1-L2,230,218,,1
L1-L2,230,220,,1
L1-L2,230,222,,1
L1-L2,230,225,,1
L1-L2,230,226,,1
L1-L2,230,228,,1
L1-L2,230,229,,1
L1-L2,230,230,,1
L1-L2,230,231,,1
L1-L2,230,232,,1
L1-L2,230,233,,1
L1-L2,230,234,,1
L1-L2,230,235,,1
L1-L2,230,236,,1
L1-L2,230,237,,1
L1-L2,230,242,,1
L1-L2,230,244,,1
L1-L2,230,247,,1
L1-L2,230,250,,1
L1-L2,230,252,,1
L1-L2,230,254,,1
L1-L2,231,5,,1
L1-L2,231,6,,1
L1-L2,231,8,,1
L1-L2,231,10,,1
L1-L2,231,13,,1
L1-L2,231,16,,1
L1-L2,231,17,,1
L1-L2,231,21,,1
L1-L2,231,26,,1
L1-L2,231,29,,1
L1-L2,231,33,,1
L1-L2,231,37,,1
L1-L2,231,40,,1
L1-L2,231,41,,1
L1-L2,231,44,,1
L1-L2,231,47,,1
L1-L2,231,49,,1
L1-L2,231,50,,1
L1-L2,231,51,,1
L1-L2,231,52,,1
L1-L2,231,54,,1
L1-L2,231,55,,1
L1-L2,231,57,,1
L1-L2,231,58,,1
L1-L2,231,59,,1
L1-L2,231,62,,1
L1-L2,231,63,,1
L1-L2,231,67,,1
L1-L2,231,68,,1
L1-L2,231,70,,1
L1-L2,231,75,,1
L1-L2,231,84,,1
L1-L2,231,88,,1
L1-L2,231,92,,1
L1-L2,231,93,,1
L1-L2,231,99,,1
L1-L2,231,104,,1
L1-L2,231,105,,1
L1-L2,231,106,,1
L1-L2,231,113,,1
L1-L2,231,117,,1
L1-L2,231,119,,1
L1-L2,231,125,,1
L1-L2,231,126,,1
L1-L2,231,127,,1
L1-L2,231,129,,1
L1-L2,231,133,,1
L1-L2,231,134,,1
L1-L2,231,135,,1
L1-L2,231,139,,1
L1-L2,231,142,,1
L1-L2,231,144,,1
L1-L2,231,145,,1
L1-L2,231,146,,1
L1-L2,231,151,,1
L1-L2,231,158,,1
L1-L2,231,161,,1
L1-L2,231,167,,1
L1-L2,231,168,,1
L1-L2,231,169,,1
L1-L2,231,175,,1
L1-L2,231,177,,1
L1-L2,231,178,,1
L1-L2,231,179,,1
L1-L2,231,182,,1
L1-L2,231,185,,1
L1-L2,231,186,,1
L1-L2,231,187,,1
L1-L2,231,191,,1
L1-L2,231,194,,1
L1-L2,231,196,,1
L1-L2,231,197,,1
L1-L2,231,198,,1
L1-L2,231,200,,1
L1-L2,231,201,,1
L1-L2,231,206,,1
L1-L2,231,207,,1
L1-L2,231,208,,1
L1-L2,231,209,,1
L1-L2,231,211,,1
L1-L2,231,212,,1
L1-L2,231,215,,1
L1-L2,231,217,,1
L1-L2,231,218,,1
L1-L2,231,221,,1
L1-L2,231,222,,1
L1-L2,231,224,,1
L1-L2,231,225,,1
L1-L2,231,229,,1
L1-L2,231,231,,1
L1-L2,231,234,,1
L1-L2,231,235,,1
L1-L2,231,238,,1
L1-L2,231,241,,1
L1-L2,231,242,,1
L1-L2,231,243,,1
L1-L2,231,246,,1
L1-L2,231,247,,1
L1-L2,231,248,,1
L1-L2,231,249,,1
L1-L2,231,250,,1
L1-L2,231,251,,1
L1-L2,231,254,,1
L1-L2,232,6,,1
L1-L2,232,9,,1
L1-L2,232,12,,1
L1-L2,232,13,,1
L1-L2,232,15,,1
L1-L2,232,19,,1
L1-L2,232,21,,1
L1-L2,232,24,,1
L1-L2,232,27,,1
L1-L2,232,33,,1
L1-L2,232,36,,1
L1-L2,232,39,,1
L1-L2,232,40,,1
L1-L2,232,42,,1
L1-L2,232,43,,1
L1-L2,232,44,,1
L1-L2,232,45,,1
L1-L2,232,49,,1
L1-L2,232,50,,1
L1-L2,232,52,,1
L1-L2,232,53,,1
L1-L2,232,54,,1
L1-L2,232,66,,1
L1-L2,232,67,,1
L1-L2,232,80,,1
L1-L2,232,86,,1
L1-L2,232,87,,1
L1-L2,232,89,,1
L1-L2,232,93,,1
L1-L2,232,94,,1
L1-L2,232,97,,1
L1-L2,232,99,,1
L1-L2,232,104,,1
L1-L2,232,114,,1
L1-L2,232,115,,1
L1-L2,232,124,,1
L1-L2,232,128,,1
L1-L2,232,129,,1
L1-L2,232,132,,1
L1-L2,232,135,,1
L1-L2,232,137,,1
L1-L2,232,139,,1
L1-L2,232,145,,1
L1-L2,232,147,,1
L1-L2,232,149,,1
L1-L2,232,152,,1
L1-L2,232,156,,1
L1-L2,232,163,,1
L1-L2,232,164,,1
L1-L2,232,168,,1
L1-L2,232,169,,1
L1-L2,232,171,,1
L1-L2,232,172,,1
L1-L2,232,175,,1
L1-L2,232,176,,1
L1-L2,232,177,,1
L1-L2,232,178,,1
L1-L2,232,180,,1
L1-L2,232,182,,1
L1-L2,232,190,,1
L1-L2,232,192,,1
L1-L2,232,193,,1
L1-L2,232,200,,1
L1-L2,232,201,,1
L1-L2,232,205,,1
L1-L2,232,209,,1
L1-L2,232,211,,1
L1-L2,232,215,,1
L1-L2,232,217,,1
L1-L2,232,218,,1
L1-L2,232,220,,1
L1-L2,232,221,,1
L1-L2,232,224,,1
L1-L2,232,226,,1
L1-L2,232,228,,1
L1-L2,232,231,,1
L1-L2,232,233,,1
L1-L2,232,237,,1
L1-L2,232,241,,1
L1-L2,232,244,,1
L1-L2,232,247,,1
L1-L2,232,250,,1
L1-L2,232,251,,1
L1-L2,233,0,,1
L1-L2,233,2,,1
L1-L2,233,7,,1
L1-L2,233,16,,1
L1-L2,233,19,,1
L1-L2,233,21,,1
L1-L2,233,26,,1
L1-L2,233,29,,1
L1-L2,233,31,,1
L1-L2,233,32,,1
L1-L2,233,33,,1
L1-L2,233,34,,1
L1-L2,233,36,,1
L1-L2,233,40,,1
L1-L2,233,42,,1
L1-L2,233,51,,1
L1-L2,233,53,,1
L1-L2,233,59,,1
L1-L2,233,61,,1
L1-L2,233,63,,1
L1-L2,233,64,,1
L1-L2,233,67,,1
L1-L2,233,68,,1
L1-L2,233,69,,1
L1-L2,233,71,,1
L1-L2,233,72,,1
L1-L2,233,73,,1
L1-L2,233,74,,1
L1-L2,233,75,,1
L1-L2,233,76,,1
L1-L2,233,77,,1
L1-L2,233,79,,1
L1-L2,233,80,,1
L1-L2,233,81,,1
L1-L2,233,84,,1
L1-L2,233,92,,1
L1-L2,233,93,,1
L1-L2,233,101,,1
L1-L2,233,102,,1
L1-L2,233,103,,1
L1-L2,233,107,,1
L1-L2,233,108,,1
L1-L2,233,109,,1
L1-L2,233,110,,1
L1-L2,233,112,,1
L1-L2,233,114,,1
L1-L2,233,116,,1
L1-L2,233,117,,1
L1-L2,233,121,,1
L1-L2,233,122,,1
L1-L2,233,123,,1
L1-L2,233,124,,1
L1-L2,233,125,,1
L1-L2,233,130,,1
L1-L2,233,133,,1
L1-L2,233,135,,1
L1-L2,233,136,,1
L1-L2,233,145,,1
L1-L2,233,151,,1
L1-L2,233,152,,1
L1-L2,233,157,,1
L1-L2,233,159,,1
L1-L2,233,160,,1
L1-L2,233,161,,1
L1-L2,233,165,,1
L1-L2,233,166,,1
L1-L2,233,169,,1
L1-L2,233,171,,1
L1-L2,233,173,,1
L1-L2,233,174,,1
L1-L2,233,179,,1
L1-L2,233,180,,1
L1-L2,233,181,,1
L1-L2,233,184,,1
L1-L2,233,185,,1
L1-L2,233,187,,1
L1-L2,233,188,,1
L1-L2,233,190,,1
L1-L2,233,191,,1
L1-L2,233,192,,1
L1-L2,233,193,,1
L1-L2,233,194,,1
L1-L2,233,195,,1
L1-L2,233,196,,1
L1-L2,233,197,,1
L1-L2,233,199,,1
L1-L2,233,200,,1
L1-L2,233,201,,1
L1-L2,233,202,,1
L1-L2,233,203,,1
L1-L2,233,208,,1
L1-L2,233,209,,1
L1-L2,233,215,,1
L1-L2,233,216,,1
L1-L2,233,219,,1
L1-L2,233,221,,1
L1-L2,233,222,,1
L1-L2,233,223,,1
L1-L2,233,227,,1
L1-L2,233,229,,1
L1-L2,233,233,,1
L1-L2,233,234,,1
L1-L2,233,236,,1
L1-L2,233,238,,1
L1-L2,233,239,,1
L1-L2,233,242,,1
L1-L2,233,243,,1
L1-L2,233,244,,1
L1-L2,233,246,,1
L1-L2,233,247,,1
L1-L2,233,248,,1
L1-L2,233,251,,1
L1-L2,233,252,,1
L1-L2,234,2,,1
L1-L2,234,14,,1
L1-L2,234,16,,1
L1-L2,234,18,,1
L1-L2,234,23,,1
L1-L2,234,24,,1
L1-L2,234,29,,1
L1-L2,234,30,,1
L1-L2,234,32,,1
L1-L2,234,34,,1
L1-L2,234,35,,1
L1-L2,234,36,,1
L1-L2,234,38,,1
L1-L2,234,41,,1
L1-L2,234,47,,1
L1-L2,234,48,,1
L1-L2,234,51,,1
L1-L2,234,52,,1
L1-L2,234,55,,1
L1-L2,234,59,,1
L1-L2,234,61,,1
L1-L2,234,62,,1
L1-L2,234,64,,1
L1-L2,234,66,,1
L1-L2,234,67,,1
L1-L2,234,68,,1
L1-L2,234,71,,1
L1-L2,234,74,,1
L1-L2,234,75,,1
L1-L2,234,77,,1
L1-L2,234,78,,1
L1-L2,234,80,,1
L1-L2,234,81,,1
L1-L2,234,84,,1
L1-L2,234,90,,1
L1-L2,234,93,,1
L1-L2,234,94,,1
L1-L2,234,98,,1
L1-L2,234,102,,1
L1-L2,234,106,,1
L1-L2,234,107,,1
L1-L2,234,108,,1
L1-L2,234,109,,1
L1-L2,234,110,,1
L1-L2,234,113,,1
L1-L2,234,118,,1
L1-L2,234,121,,1
L1-L2,234,123,,1
L1-L2,234,124,,1
L1-L2,234,125,,1
L1-L2,234,127,,1
L1-L2,234,128,,1
L1-L2,234,134,,1
L1-L2,234,135,,1
L1-L2,234,136,,1
L1-L2,234,137,,1
L1-L2,234,138,,1
L1-L2,234,139,,1
L1-L2,234,142,,1
L1-L2,234,144,,1
L1-L2,234,147,,1
L1-L2,234,150,,1
L1-L2,234,159,,1
L1-L2,234,164,,1
L1-L2,234,169,,1
L1-L2,234,173,,1
L1-L2,234,177,,1
L1-L2,234,179,,1
L1-L2,234,180,,1
L1-L2,234,181,,1
L1-L2,234,182,,1
L1-L2,234,183,,1
L1-L2,234,186,,1
L1-L2,234,187,,1
L1-L2,234,188,,1
L1-L2,234,189,,1
L1-L2,234,190,,1
L1-L2,234,191,,1
L1-L2,234,194,,1
L1-L2,234,196,,1
L1-L2,234,200,,1
L1-L2,234,202,,1
L1-L2,234,203,,1
L1-L2,234,204,,1
L1-L2,234,208,,1
L1-L2,234,209,,1
L1-L2,234,210,,1
L1-L2,234,213,,1
L1-L2,234,214,,1
L1-L2,234,215,,1
L1-L2,234,222,,1
L1-L2,234,225,,1
L1-L2,234,227,,1
L1-L2,234,232,,1
L1-L2,234,235,,1
L1-L2,234,236,,1
L1-L2,234,239,,1
L1-L2,234,240,,1
L1-L2,234,241,,1
L1-L2,234,242,,1
L1-L2,234,246,,1
L1-L2,234,247,,1
L1-L2,234,248,,1
L1-L2,234,251,,1
L1-L2,234,252,,1
L1-L2,234,253,,1
L1-L2,234,254,,1
L1-L2,235,3,,1
L1-L2,235,7,,1
L1-L2,235,10,,1
L1-L2,235,14,,1
L1-L2,235,18,,1
L1-L2,235,21,,1
L1-L2,235,22,,1
L1-L2,235,23,,1
L1-L2,235,24,,1
L1-L2,235,30,,1
L1-L2,235,36,,1
L1-L2,235,38,,1
L1-L2,235,47,,1
L1-L2,235,48,,1
L1-L2,235,50,,1
L1-L2,235,51,,1
L1-L2,235,60,,1
L1-L2,235,61,,1
L1-L2,235,62,,1
L1-L2,235,65,,1
L1-L2,235,66,,1
L1-L2,235,73,,1
L1-L2,235,75,,1
L1-L2,235,79,,1
L1-L2,235,84,,1
L1-L2,235,85,,1
L1-L2,235,90,,1
L1-L2,235,91,,1
L1-L2,235,92,,1
L1-L2,235,93,,1
L1-L2,235,95,,1
L1-L2,235,110,,1
L1-L2,235,115,,1
L1-L2,235,119,,1
L1-L2,235,123,,1
L1-L2,235,126,,1
L1-L2,235,127,,1
L1-L2,235,134,,1
L1-L2,235,135,,1
L1-L2,235,139,,1
L1-L2,235,147,,1
L1-L2,235,148,,1
L1-L2,235,150,,1
L1-L2,235,157,,1
L1-L2,235,160,,1
L1-L2,235,161,,1
L1-L2,235,164,,1
L1-L2,235,166,,1
L1-L2,235,167,,1
L1-L2,235,170,,1
L1-L2,235,171,,1
L1-L2,235,173,,1
L1-L2,235,175,,1
L1-L2,235,177,,1
L1-L2,235,181,,1
L1-L2,235,186,,1
L1-L2,235,191,,1
L1-L2,235,192,,1
L1-L2,235,193,,1
L1-L2,235,194,,1
L1-L2,235,195,,1
L1-L2,235,202,,1
L1-L2,235,205,,1
L1-L2,235,211,,1
L1-L2,235,216,,1
L1-L2,235,219,,1
L1-L2,235,225,,1
L1-L2,235,226,,1
L1-L2,235,227,,1
L1-L2,235,230,,1
L1-L2,235,231,,1
L1-L2,235,235,,1
L1-L2,235,237,,1
L1-L2,235,241,,1
L1-L2,235,247,,1
L1-L2,235,252,,1
L1-L2,236,2,,1
L1-L2,236,4,,1
L1-L2,236,7,,1
L1-L2,236,9,,1
L1-L2,236,10,,1
L1-L2,236,11,,1
L1-L2,236,15,,1
L1-L2,236,17,,1
L1-L2,236,18,,1
L1-L2,236,21,,1
L1-L2,236,26,,1
L1-L2,236,27,,1
L1-L2,236,29,,1
L1-L2,236,30,,1
L1-L2,236,31,,1
L1-L2,236,37,,1
L1-L2,236,39,,1
L1-L2,236,45,,1
L1-L2,236,48,,1
L1-L2,236,52,,1
L1-L2,236,55,,1
L1-L2,236,56,,1
L1-L2,236,60,,1
L1-L2,236,63,,1
L1-L2,236,64,,1
L1-L2,236,65,,1
L1-L2,236,69,,1
L1-L2,236,71,,1
L1-L2,236,75,,1
L1-L2,236,87,,1
L1-L2,236,91,,1
L1-L2,236,92,,1
L1-L2,236,93,,1
L1-L2,236,95,,1
L1-L2,236,96,,1
L1-L2,236,97,,1
L1-L2,236,100,,1
L1-L2,236,101,,1
L1-L2,236,102,,1
L1-L2,236,103,,1
L1-L2,236,105,,1
L1-L2,236,107,,1
L1-L2,236,111,,1
L1-L2,236,113,,1
L1-L2,236,115,,1
L1-L2,236,116,,1
L1-L2,236,124,,1
L1-L2,236,125,,1
L1-L2,236,128,,1
L1-L2,236,130,,1
L1-L2,236,134,,1
L1-L2,236,135,,1
L1-L2,236,148,,1
L1-L2,236,151,,1
L1-L2,236,152,,1
L1-L2,236,153,,1
L1-L2,236,155,,1
L1-L2,236,157,,1
L1-L2,236,160,,1
L1-L2,236,163,,1
L1-L2,236,173,,1
L1-L2,236,175,,1
L1-L2,236,179,,1
L1-L2,236,182,,1
L1-L2,236,183,,1
L1-L2,236,184,,1
L1-L2,236,185,,1
L1-L2,236,186,,1
L1-L2,236,191,,1
L1-L2,236,194,,1
L1-L2,236,195,,1
L1-L2,236,199,,1
L1-L2,236,200,,1
L1-L2,236,204,,1
L1-L2,236,205,,1
L1-L2,236,207,,1
L1-L2,236,210,,1
L1-L2,236,216,,1
L1-L2,236,217,,1
L1-L2,236,218,,1
L1-L2,236,221,,1
L1-L2,236,222,,1
L1-L2,236,224,,1
L1-L2,236,225,,1
L1-L2,236,226,,1
L1-L2,236,227,,1
L1-L2,236,230,,1
L1-L2,236,231,,1
L1-L2,236,236,,1
L1-L2,236,237,,1
L1-L2,236,238,,1
L1-L2,236,242,,1
L1-L2,236,243,,1
L1-L2,236,246,,1
L1-L2,236,247,,1
L1-L2,236,249,,1
L1-L2,236,250,,1
L1-L2,236,251,,1
L1-L2,236,253,,1
L1-L2,236,255,,1
L1-L2,237,9,,1
L1-L2,237,17,,1
L1-L2,237,21,,1
L1-L2,237,23,,1
L1-L2,237,24,,1
L1-L2,237,25,,1
L1-L2,237,26,,1
L1-L2,237,28,,1
L1-L2,237,29,,1
L1-L2,237,33,,1
L1-L2,237,34,,1
L1-L2,237,35,,1
L1-L2,237,38,,1
L1-L2,237,41,,1
L1-L2,237,46,,1
L1-L2,237,48,,1
L1-L2,237,53,,1
L1-L2,237,54,,1
L1-L2,237,56,,1
L1-L2,237,59,,1
L1-L2,237,60,,1
L1-L2,237,61,,1
L1-L2,237,63,,1
L1-L2,237,66,,1
L1-L2,237,67,,1
L1-L2,237,69,,1
L1-L2,237,72,,1
L1-L2,237,75,,1
L1-L2,237,78,,1
L1-L2,237,79,,1
L1-L2,237,82,,1
L1-L2,237,83,,1
L1-L2,237,84,,1
L1-L2,237,85,,1
L1-L2,237,98,,1
L1-L2,237,103,,1
L1-L2,237,104,,1
L1-L2,237,105,,1
L1-L2,237,107,,1
L1-L2,237,108,,1
L1-L2,237,109,,1
L1-L2,237,111,,1
L1-L2,237,112,,1
L1-L2,237,113,,1
L1-L2,237,117,,1
L1-L2,237,119,,1
L1-L2,237,122,,1
L1-L2,237,124,,1
L1-L2,237,129,,1
L1-L2,237,132,,1
L1-L2,237,133,,1
L1-L2,237,136,,1
L1-L2,237,139,,1
L1-L2,237,140,,1
L1-L2,237,147,,1
L1-L2,237,148,,1
L1-L2,237,149,,1
L1-L2,237,151,,1
L1-L2,237,155,,1
L1-L2,237,157,,1
L1-L2,237,160,,1
L1-L2,237,163,,1
L1-L2,237,165,,1
L1-L2,237,166,,1
L1-L2,237,168,,1
L1-L2,237,174,,1
L1-L2,237,175,,1
L1-L2,237,178,,1
L1-L2,237,179,,1
L1-L2,237,182,,1
L1-L2,237,183,,1
L1-L2,237,185,,1
L1-L2,237,186,,1
L1-L2,237,187,,1
L1-L2,237,190,,1
L1-L2,237,191,,1
L1-L2,237,195,,1
L1-L2,237,197,,1
L1-L2,237,198,,1
L1-L2,237,199,,1
L1-L2,237,200,,1
L1-L2,237,202,,1
L1-L2,237,205,,1
L1-L2,237,207,,1
L1-L2,237,208,,1
L1-L2,237,210,,1
L1-L2,237,211,,1
L1-L2,237,212,,1
L1-L2,237,216,,1
L1-L2,237,218,,1
L1-L2,237,222,,1
L1-L2,237,224,,1
L1-L2,237,227,,1
L1-L2,237,228,,1
L1-L2,237,229,,1
L1-L2,237,230,,1
L1-L2,237,231,,1
L1-L2,237,238,,1
L1-L2,237,239,,1
L1-L2,237,240,,1
L1-L2,237,241,,1
L1-L2,237,244,,1
L1-L2,237,245,,1
L1-L2,237,246,,1
L1-L2,237,247,,1
L1-L2,237,248,,1
L1-L2,237,249,,1
L1-L2,237,250,,1
L1-L2,237,254,,1
L1-L2,238,0,,1
L1-L2,238,5,,1
L1-L2,238,6,,1
L1-L2,238,8,,1
L1-L2,238,9,,1
L1-L2,238,10,,1
L1-L2,238,15,,1
L1-L2,238,18,,1
L1-L2,238,19,,1
L1-L2,238,20,,1
L1-L2,238,21,,1
L1-L2,238,25,,1
L1-L2,238,28,,1
L1-L2,238,29,,1
L1-L2,238,34,,1
L1-L2,238,36,,1
L1-L2,238,37,,1
L1-L2,238,40,,1
L1-L2,238,41,,1
L1-L2,238,44,,1
L1-L2,238,47,,1
L1-L2,238,49,,1
L1-L2,238,54,,1
L1-L2,238,59,,1
L1-L2,238,61,,1
L1-L2,238,63,,1
L1-L2,238,65,,1
L1-L2,238,66,,1
L1-L2,238,69,,1
L1-L2,238,70,,1
L1-L2,238,72,,1
L1-L2,238,73,,1
L1-L2,238,75,,1
L1-L2,238,77,,1
L1-L2,238,81,,1
L1-L2,238,84,,1
L1-L2,238,85,,1
L1-L2,238,89,,1
L1-L2,238,93,,1
L1-L2,238,94,,1
L1-L2,238,100,,1
L1-L2,238,102,,1
L1-L2,238,103,,1
L1-L2,238,104,,1
L1-L2,238,107,,1
L1-L2,238,109,,1
L1-L2,238,110,,1
L1-L2,238,112,,1
L1-L2,238,113,,1
L1-L2,238,115,,1
L1-L2,238,116,,1
L1-L2,238,117,,1
L1-L2,238,118,,1
L1-L2,238,122,,1
L1-L2,238,126,,1
L1-L2,238,129,,1
L1-L2,238,130,,1
L1-L2,238,131,,1
L1-L2,238,134,,1
L1-L2,238,142,,1
L1-L2,238,145,,1
L1-L2,238,153,,1
L1-L2,238,156,,1
L1-L2,238,159,,1
L1-L2,238,161,,1
L1-L2,238,166,,1
L1-L2,238,168,,1
L1-L2,238,169,,1
L1-L2,238,172,,1
L1-L2,238,175,,1
L1-L2,238,177,,1
L1-L2,238,180,,1
L1-L2,238,182,,1
L1-L2,238,186,,1
L1-L2,238,188,,1
L1-L2,238,189,,1
L1-L2,238,190,,1
L1-L2,238,191,,1
L1-L2,238,193,,1
L1-L2,238,195,,1
L1-L2,238,196,,1
L1-L2,238,197,,1
L1-L2,238,198,,1
L1-L2,238,199,,1
L1-L2,238,200,,1
L1-L2,238,204,,1
L1-L2,238,206,,1
L1-L2,238,208,,1
L1-L2,238,212,,1
L1-L2,238,213,,1
L1-L2,238,217,,1
L1-L2,238,218,,1
L1-L2,238,222,,1
L1-L2,238,223,,1
L1-L2,238,225,,1
L1-L2,238,227,,1
L1-L2,238,231,,1
L1-L2,238,232,,1
L1-L2,238,239,,1
L1-L2,238,241,,1
L1-L2,238,242,,1
L1-L2,238,243,,1
L1-L2,238,244,,1
L1-L2,238,245,,1
L1-L2,238,246,,1
L1-L2,238,249,,1
L1-L2,238,251,,1
L1-L2,238,252,,1
L1-L2,239,1,,1
L1-L2,239,10,,1
L1-L2,239,13,,1
L1-L2,239,15,,1
L1-L2,239,16,,1
L1-L2,239,17,,1
L1-L2,239,19,,1
L1-L2,239,20,,1
L1-L2,239,24,,1
L1-L2,239,25,,1
L1-L2,239,30,,1
L1-L2,239,33,,1
L1-L2,239,37,,1
L1-L2,239,40,,1
L1-L2,239,41,,1
L1-L2,239,46,,1
L1-L2,239,47,,1
L1-L2,239,49,,1
L1-L2,239,51,,1
L1-L2,239,61,,1
L1-L2,239,66,,1
L1-L2,239,68,,1
L1-L2,239,69,,1
L1-L2,239,70,,1
L1-L2,239,72,,1
L1-L2,239,77,,1
L1-L2,239,78,,1
L1-L2,239,79,,1
L1-L2,239,82,,1
L1-L2,239,89,,1
L1-L2,239,90,,1
L1-L2,239,95,,1
L1-L2,239,96,,1
L1-L2,239,97,,1
L1-L2,239,99,,1
L1-L2,239,102,,1
L1-L2,239,104,,1
L1-L2,239,105,,1
L1-L2,239,108,,1
L1-L2,239,110,,1
L1-L2,239,113,,1
L1-L2,239,115,,1
L1-L2,239,116,,1
L1-L2,239,117,,1
L1-L2,239,123,,1
L1-L2,239,128,,1
L1-L2,239,129,,1
L1-L2,239,131,,1
L1-L2,239,132,,1
L1-L2,239,136,,1
L1-L2,239,137,,1
L1-L2,239,138,,1
L1-L2,239,149,,1
L1-L2,239,150,,1
L1-L2,239,154,,1
L1-L2,239,162,,1
L1-L2,239,164,,1
L1-L2,239,166,,1
L1-L2,239,168,,1
L1-L2,239,177,,1
L1-L2,239,185,,1
L1-L2,239,186,,1
L1-L2,239,189,,1
L1-L2,239,191,,1
L1-L2,239,193,,1
L1-L2,239,195,,1
L1-L2,239,196,,1
L1-L2,239,198,,1
L1-L2,239,199,,1
L1-L2,239,200,,1
L1-L2,239,202,,1
L1-L2,239,203,,1
L1-L2,239,204,,1
L1-L2,239,205,,1
L1-L2,239,207,,1
L1-L2,239,209,,1
L1-L2,239,211,,1
L1-L2,239,214,,1
L1-L2,239,215,,1
L1-L2,239,216,,1
L1-L2,239,218,,1
L1-L2,239,219,,1
L1-L2,239,220,,1
L1-L2,239,222,,1
L1-L2,239,225,,1
L1-L2,239,227,,1
L1-L2,239,230,,1
L1-L2,239,231,,1
L1-L2,239,232,,1
L1-L2,239,233,,1
L1-L2,239,242,,1
L1-L2,239,245,,1
L1-L2,239,249,,1
L1-L2,239,251,,1
L1-L2,239,252,,1
L1-L2,239,253,,1
L1-L2,239,255,,1
L1-L2,240,1,,1
L1-L2,240,7,,1
L1-L2,240,19,,1
L1-L2,240,20,,1
L1-L2,240,22,,1
L1-L2,240,29,,1
L1-L2,240,30,,1
L1-L2,240,49,,1
L1-L2,240,50,,1
L1-L2,240,53,,1
L1-L2,240,69,,1
L1-L2,240,71,,1
L1-L2,240,84,,1
L1-L2,240,90,,1
L1-L2,240,93,,1
L1-L2,240,95,,1
L1-L2,240,97,,1
L1-L2,240,98,,1
L1-L2,240,101,,1
L1-L2,240,106,,1
L1-L2,240,109,,1
L1-L2,240,111,,1
L1-L2,240,115,,1
L1-L2,240,117,,1
L1-L2,240,125,,1
L1-L2,240,128,,1
L1-L2,240,129,,1
L1-L2,240,131,,1
L1-L2,240,133,,1
L1-L2,240,134,,1
L1-L2,240,136,,1
L1-L2,240,137,,1
L1-L2,240,141,,1
L1-L2,240,147,,1
L1-L2,240,149,,1
L1-L2,240,155,,1
L1-L2,240,156,,1
L1-L2,240,159,,1
L1-L2,240,160,,1
L1-L2,240,162,,1
L1-L2,240,168,,1
L1-L2,240,169,,1
L1-L2,240,170,,1
L1-L2,240,173,,1
L1-L2,240,178,,1
L1-L2,240,182,,1
L1-L2,240,183,,1
L1-L2,240,185,,1
L1-L2,240,187,,1
L1-L2,240,188,,1
L1-L2,240,189,,1
L1-L2,240,191,,1
L1-L2,240,193,,1
L1-L2,240,195,,1
L1-L2,240,196,,1
L1-L2,240,198,,1
L1-L2,240,199,,1
L1-L2,240,200,,1
L1-L2,240,207,,1
L1-L2,240,211,,1
L1-L2,240,213,,1
L1-L2,240,215,,1
L1-L2,240,222,,1
L1-L2,240,223,,1
L1-L2,240,225,,1
L1-L2,240,228,,1
L1-L2,240,229,,1
L1-L2,240,230,,1
L1-L2,240,231,,1
L1-L2,240,234,,1
L1-L2,240,235,,1
L1-L2,240,236,,1
L1-L2,240,239,,1
L1-L2,240,242,,1
L1-L2,240,245,,1
L1-L2,240,246,,1
L1-L2,240,247,,1
L1-L2,240,249,,1
L1-L2,240,250,,1
L1-L2,240,251,,1
L1-L2,240,252,,1
L1-L2,241,4,,1
L1-L2,241,5,,1
L1-L2,241,6,,1
L1-L2,241,14,,1
L1-L2,241,15,,1
L1-L2,241,16,,1
L1-L2,241,19,,1
L1-L2,241,22,,1
L1-L2,241,25,,1
L1-L2,241,29,,1
L1-L2,241,30,,1
L1-L2,241,32,,1
L1-L2,241,35,,1
L1-L2,241,38,,1
L1-L2,241,40,,1
L1-L2,241,41,,1
L1-L2,241,42,,1
L1-L2,241,44,,1
L1-L2,241,46,,1
L1-L2,241,49,,1
L1-L2,241,50,,1
L1-L2,241,51,,1
L1-L2,241,52,,1
L1-L2,241,58,,1
L1-L2,241,59,,1
L1-L2,241,61,,1
L1-L2,241,63,,1
L1-L2,241,65,,1
L1-L2,241,66,,1
L1-L2,241,75,,1
L1-L2,241,78,,1
L1-L2,241,92,,1
L1-L2,241,97,,1
L1-L2,241,99,,1
L1-L2,241,102,,1
L1-L2,241,104,,1
L1-L2,241,105,,1
L1-L2,241,107,,1
L1-L2,241,108,,1
L1-L2,241,111,,1
L1-L2,241,113,,1
L1-L2,241,116,,1
L1-L2,241,119,,1
L1-L2,241,123,,1
L1-L2,241,125,,1
L1-L2,241,129,,1
L1-L2,241,132,,1
L1-L2,241,135,,1
L1-L2,241,141,,1
L1-L2,241,144,,1
L1-L2,241,146,,1
L1-L2,241,149,,1
L1-L2,241,158,,1
L1-L2,241,160,,1
L1-L2,241,161,,1
L1-L2,241,164,,1
L1-L2,241,165,,1
L1-L2,241,167,,1
L1-L2,241,169,,1
L1-L2,241,170,,1
L1-L2,241,171,,1
L1-L2,241,172,,1
L1-L2,241,173,,1
L1-L2,241,175,,1
L1-L2,241,176,,1
L1-L2,241,177,,1
L1-L2,241,179,,1
L1-L2,241,182,,1
L1-L2,241,185,,1
L1-L2,241,187,,1
L1-L2,241,188,,1
L1-L2,241,189,,1
L1-L2,241,190,,1
L1-L2,241,191,,1
L1-L2,241,193,,1
L1-L2,241,194,,1
L1-L2,241,195,,1
L1-L2,241,196,,1
L1-L2,241,198,,1
L1-L2,241,199,,1
L1-L2,241,202,,1
L1-L2,241,207,,1
L1-L2,241,208,,1
L1-L2,241,210,,1
L1-L2,241,211,,1
L1-L2,241,213,,1
L1-L2,241,214,,1
L1-L2,241,216,,1
L1-L2,241,217,,1
L1-L2,241,219,,1
L1-L2,241,220,,1
L1-L2,241,221,,1
L1-L2,241,223,,1
L1-L2,241,225,,1
L1-L2,241,227,,1
L1-L2,241,229,,1
L1-L2,241,231,,1
L1-L2,241,233,,1
L1-L2,241,235,,1
L1-L2,241,237,,1
L1-L2,241,239,,1
L1-L2,241,242,,1
L1-L2,241,244,,1
L1-L2,241,248,,1
L1-L2,241,249,,1
L1-L2,241,250,,1
L1-L2,241,251,,1
L1-L2,242,2,,1
L1-L2,242,4,,1
L1-L2,242,6,,1
L1-L2,242,8,,1
L1-L2,242,11,,1
L1-L2,242,14,,1
L1-L2,242,18,,1
L1-L2,242,22,,1
L1-L2,242,30,,1
L1-L2,242,31,,1
L1-L2,242,32,,1
L1-L2,242,34,,1
L1-L2,242,35,,1
L1-L2,242,36,,1
L1-L2,242,40,,1
L1-L2,242,41,,1
L1-L2,242,49,,1
L1-L2,242,52,,1
L1-L2,242,53,,1
L1-L2,242,54,,1
L1-L2,242,55,,1
L1-L2,242,58,,1
L1-L2,242,59,,1
L1-L2,242,60,,1
L1-L2,242,61,,1
L1-L2,242,63,,1
L1-L2,242,65,,1
L1-L2,242,66,,1
L1-L2,242,67,,1
L1-L2,242,69,,1
L1-L2,242,71,,1
L1-L2,242,73,,1
L1-L2,242,74,,1
L1-L2,242,77,,1
L1-L2,242,80,,1
L1-L2,242,81,,1
L1-L2,242,85,,1
L1-L2,242,86,,1
L1-L2,242,88,,1
L1-L2,242,91,,1
L1-L2,242,92,,1
L1-L2,242,96,,1
L1-L2,242,101,,1
L1-L2,242,103,,1
L1-L2,242,106,,1
L1-L2,242,107,,1
L1-L2,242,110,,1
L1-L2,242,111,,1
L1-L2,242,114,,1
L1-L2,242,115,,1
L1-L2,242,119,,1
L1-L2,242,127,,1
L1-L2,242,128,,1
L1-L2,242,129,,1
L1-L2,242,132,,1
L1-L2,242,133,,1
L1-L2,242,141,,1
L1-L2,242,142,,1
L1-L2,242,143,,1
L1-L2,242,147,,1
L1-L2,242,149,,1
L1-L2,242,153,,1
L1-L2,242,154,,1
L1-L2,242,155,,1
L1-L2,242,156,,1
L1-L2,242,159,,1
L1-L2,242,161,,1
L1-L2,242,166,,1
L1-L2,242,167,,1
L1-L2,242,168,,1
L1-L2,242,169,,1
L1-L2,242,171,,1
L1-L2,242,173,,1
L1-L2,242,175,,1
L1-L2,242,178,,1
L1-L2,242,179,,1
L1-L2,242,180,,1
L1-L2,242,181,,1
L1-L2,242,190,,1
L1-L2,242,194,,1
L1-L2,242,198,,1
L1-L2,242,199,,1
L1-L2,242,200,,1
L1-L2,242,201,,1
L1-L2,242,202,,1
L1-L2,242,203,,1
L1-L2,242,206,,1
L1-L2,242,209,,1
L1-L2,242,211,,1
L1-L2,242,212,,1
L1-L2,242,213,,1
L1-L2,242,217,,1
L1-L2,242,218,,1
L1-L2,242,220,,1
L1-L2,242,221,,1
L1-L2,242,225,,1
L1-L2,242,227,,1
L1-L2,242,228,,1
L1-L2,242,229,,1
L1-L2,242,230,,1
L1-L2,242,233,,1
L1-L2,242,234,,1
L1-L2,242,235,,1
L1-L2,242,237,,1
L1-L2,242,239,,1
L1-L2,242,241,,1
L1-L2,242,242,,1
L1-L2,242,245,,1
L1-L2,242,246,,1
L1-L2,242,247,,1
L1-L2,242,249,,1
L1-L2,242,251,,1
L1-L2,242,252,,1
L1-L2,242,254,,1
L1-L2,243,2,,1
L1-L2,243,5,,1
L1-L2,243,8,,1
L1-L2,243,10,,1
L1-L2,243,12,,1
L1-L2,243,15,,1
L1-L2,243,17,,1
L1-L2,243,22,,1
L1-L2,243,26,,1
L1-L2,243,40,,1
L1-L2,243,47,,1
L1-L2,243,48,,1
L1-L2,243,50,,1
L1-L2,243,53,,1
L1-L2,243,54,,1
L1-L2,243,56,,1
L1-L2,243,60,,1
L1-L2,243,62,,1
L1-L2,243,66,,1
L1-L2,243,67,,1
L1-L2,243,69,,1
L1-L2,243,76,,1
L1-L2,243,77,,1
L1-L2,243,78,,1
L1-L2,243,81,,1
L1-L2,243,82,,1
L1-L2,243,87,,1
L1-L2,243,88,,1
L1-L2,243,89,,1
L1-L2,243,92,,1
L1-L2,243,94,,1
L1-L2,243,96,,1
L1-L2,243,99,,1
L1-L2,243,100,,1
L1-L2,243,105,,1
L1-L2,243,111,,1
L1-L2,243,112,,1
L1-L2,243,115,,1
L1-L2,243,118,,1
L1-L2,243,124,,1
L1-L2,243,129,,1
L1-L2,243,130,,1
L1-L2,243,143,,1
L1-L2,243,144,,1
L1-L2,243,148,,1
L1-L2,243,154,,1
L1-L2,243,157,,1
L1-L2,243,166,,1
L1-L2,243,167,,1
L1-L2,243,169,,1
L1-L2,243,170,,1
L1-L2,243,173,,1
L1-L2,243,175,,1
L1-L2,243,176,,1
L1-L2,243,184,,1
L1-L2,243,194,,1
L1-L2,243,195,,1
L1-L2,243,197,,1
L1-L2,243,199,,1
L1-L2,243,202,,1
L1-L2,243,205,,1
L1-L2,243,206,,1
L1-L2,243,211,,1
L1-L2,243,213,,1
L1-L2,243,223,,1
L1-L2,243,224,,1
L1-L2,243,226,,1
L1-L2,243,228,,1
L1-L2,243,231,,1
L1-L2,243,233,,1
L1-L2,243,234,,1
L1-L2,243,239,,1
L1-L2,243,241,,1
L1-L2,243,242,,1
L1-L2,243,243,,1
L1-L2,243,246,,1
L1-L2,243,250,,1
L1-L2,243,251,,1
L1-L2,243,252,,1
L1-L2,244,1,,1
L1-L2,244,7,,1
L1-L2,244,8,,1
L1-L2,244,11,,1
L1-L2,244,14,,1
L1-L2,244,15,,1
L1-L2,244,16,,1
L1-L2,244,17,,1
L1-L2,244,18,,1
L1-L2,244,25,,1
L1-L2,244,26,,1
L1-L2,244,28,,1
L1-L2,244,30,,1
L1-L2,244,31,,1
L1-L2,244,33,,1
L1-L2,244,34,,1
L1-L2,244,36,,1
L1-L2,244,41,,1
L1-L2,244,42,,1
L1-L2,244,43,,1
L1-L2,244,46,,1
L1-L2,244,48,,1
L1-L2,244,49,,1
L1-L2,244,51,,1
L1-L2,244,54,,1
L1-L2,244,62,,1
L1-L2,244,67,,1
L1-L2,244,68,,1
L1-L2,244,72,,1
L1-L2,244,75,,1
L1-L2,244,76,,1
L1-L2,244,77,,1
L1-L2,244,78,,1
L1-L2,244,79,,1
L1-L2,244,80,,1
L1-L2,244,82,,1
L1-L2,244,84,,1
L1-L2,244,86,,1
L1-L2,244,88,,1
L1-L2,244,91,,1
L1-L2,244,93,,1
L1-L2,244,95,,1
L1-L2,244,96,,1
L1-L2,244,108,,1
L1-L2,244,109,,1
L1-L2,244,113,,1
L1-L2,244,123,,1
L1-L2,244,124,,1
L1-L2,244,127,,1
L1-L2,244,128,,1
L1-L2,244,129,,1
L1-L2,244,130,,1
L1-L2,244,133,,1
L1-L2,244,139,,1
L1-L2,244,140,,1
L1-L2,244,141,,1
L1-L2,244,143,,1
L1-L2,244,144,,1
L1-L2,244,146,,1
L1-L2,244,147,,1
L1-L2,244,148,,1
L1-L2,244,150,,1
L1-L2,244,154,,1
L1-L2,244,155,,1
L1-L2,244,158,,1
L1-L2,244,164,,1
L1-L2,244,165,,1
L1-L2,244,170,,1
L1-L2,244,175,,1
L1-L2,244,177,,1
L1-L2,244,178,,1
L1-L2,244,182,,1
L1-L2,244,188,,1
L1-L2,244,190,,1
L1-L2,244,191,,1
L1-L2,244,192,,1
L1-L2,244,198,,1
L1-L2,244,199,,1
L1-L2,244,203,,1
L1-L2,244,206,,1
L1-L2,244,207,,1
L1-L2,244,208,,1
L1-L2,244,210,,1
L1-L2,244,213,,1
L1-L2,244,218,,1
L1-L2,244,220,,1
L1-L2,244,226,,1
L1-L2,244,227,,1
L1-L2,244,228,,1
L1-L2,244,229,,1
L1-L2,244,234,,1
L1-L2,244,238,,1
L1-L2,244,239,,1
L1-L2,244,241,,1
L1-L2,244,242,,1
L1-L2,244,244,,1
L1-L2,244,249,,1
L1-L2,245,0,,1
L1-L2,245,2,,1
L1-L2,245,6,,1
L1-L2,245,7,,1
L1-L2,245,8,,1
L1-L2,245,14,,1
L1-L2,245,22,,1
L1-L2,245,24,,1
L1-L2,245,25,,1
L1-L2,245,26,,1
L1-L2,245,33,,1
L1-L2,245,39,,1
L1-L2,245,40,,1
L1-L2,245,43,,1
L1-L2,245,45,,1
L1-L2,245,50,,1
L1-L2,245,57,,1
L1-L2,245,58,,1
L1-L2,245,61,,1
L1-L2,245,62,,1
L1-L2,245,63,,1
L1-L2,245,68,,1
L1-L2,245,69,,1
L1-L2,245,71,,1
L1-L2,245,72,,1
L1-L2,245,73,,1
L1-L2,245,79,,1
L1-L2,245,81,,1
L1-L2,245,82,,1
L1-L2,245,83,,1
L1-L2,245,85,,1
L1-L2,245,89,,1
L1-L2,245,90,,1
L1-L2,245,91,,1
L1-L2,245,93,,1
L1-L2,245,94,,1
L1-L2,245,95,,1
L1-L2,245,98,,1
L1-L2,245,99,,1
L1-L2,245,100,,1
L1-L2,245,106,,1
L1-L2,245,108,,1
L1-L2,245,110,,1
L1-L2,245,113,,1
L1-L2,245,116,,1
L1-L2,245,119,,1
L1-L2,245,124,,1
L1-L2,245,128,,1
L1-L2,245,129,,1
L1-L2,245,134,,1
L1-L2,245,137,,1
L1-L2,245,144,,1
L1-L2,245,145,,1
L1-L2,245,146,,1
L1-L2,245,147,,1
L1-L2,245,148,,1
L1-L2,245,152,,1
L1-L2,245,155,,1
L1-L2,245,157,,1
L1-L2,245,163,,1
L1-L2,245,165,,1
L1-L2,245,169,,1
L1-L2,245,171,,1
L1-L2,245,175,,1
L1-L2,245,176,,1
L1-L2,245,182,,1
L1-L2,245,183,,1
L1-L2,245,185,,1
L1-L2,245,190,,1
L1-L2,245,191,,1
L1-L2,245,199,,1
L1-L2,245,200,,1
L1-L2,245,201,,1
L1-L2,245,202,,1
L1-L2,245,204,,1
L1-L2,245,208,,1
L1-L2,245,211,,1
L1-L2,245,212,,1
L1-L2,245,214,,1
L1-L2,245,215,,1
L1-L2,245,217,,1
L1-L2,245,218,,1
L1-L2,245,219,,1
L1-L2,245,220,,1
L1-L2,245,221,,1
L1-L2,245,224,,1
L1-L2,245,227,,1
L1-L2,245,238,,1
L1-L2,245,239,,1
L1-L2,245,241,,1
L1-L2,245,242,,1
L1-L2,245,244,,1
L1-L2,245,246,,1
L1-L2,245,251,,1
L1-L2,245,252,,1
L1-L2,245,255,,1
L1-L2,246,2,,1
L1-L2,246,4,,1
L1-L2,246,5,,1
L1-L2,246,6,,1
L1-L2,246,14,,1
L1-L2,246,17,,1
L1-L2,246,19,,1
L1-L2,246,21,,1
L1-L2,246,22,,1
L1-L2,246,23,,1
L1-L2,246,25,,1
L1-L2,246,27,,1
L1-L2,246,30,,1
L1-L2,246,38,,1
L1-L2,246,39,,1
L1-L2,246,41,,1
L1-L2,246,42,,1
L1-L2,246,45,,1
L1-L2,246,51,,1
L1-L2,246,53,,1
L1-L2,246,54,,1
L1-L2,246,55,,1
L1-L2,246,59,,1
L1-L2,246,62,,1
L1-L2,246,63,,1
L1-L2,246,64,,1
L1-L2,246,68,,1
L1-L2,246,71,,1
L1-L2,246,72,,1
L1-L2,246,73,,1
L1-L2,246,74,,1
L1-L2,246,75,,1
L1-L2,246,76,,1
L1-L2,246,77,,1
L1-L2,246,82,,1
L1-L2,246,86,,1
L1-L2,246,92,,1
L1-L2,246,94,,1
L1-L2,246,96,,1
L1-L2,246,97,,1
L1-L2,246,98,,1
L1-L2,246,99,,1
L1-L2,246,101,,1
L1-L2,246,105,,1
L1-L2,246,106,,1
L1-L2,246,107,,1
L1-L2,246,110,,1
L1-L2,246,111,,1
L1-L2,246,112,,1
L1-L2,246,115,,1
L1-L2,246,118,,1
L1-L2,246,125,,1
L1-L2,246,126,,1
L1-L2,246,132,,1
L1-L2,246,133,,1
L1-L2,246,134,,1
L1-L2,246,135,,1
L1-L2,246,138,,1
L1-L2,246,140,,1
L1-L2,246,143,,1
L1-L2,246,144,,1
L1-L2,246,149,,1
L1-L2,246,152,,1
L1-L2,246,153,,1
L1-L2,246,157,,1
L1-L2,246,161,,1
L1-L2,246,163,,1
L1-L2,246,165,,1
L1-L2,246,168,,1
L1-L2,246,169,,1
L1-L2,246,173,,1
L1-L2,246,179,,1
L1-L2,246,180,,1
L1-L2,246,181,,1
L1-L2,246,184,,1
L1-L2,246,185,,1
L1-L2,246,188,,1
L1-L2,246,190,,1
L1-L2,246,191,,1
L1-L2,246,197,,1
L1-L2,246,199,,1
L1-L2,246,200,,1
L1-L2,246,202,,1
L1-L2,246,209,,1
L1-L2,246,211,,1
L1-L2,246,212,,1
L1-L2,246,215,,1
L1-L2,246,216,,1
L1-L2,246,218,,1
L1-L2,246,222,,1
L1-L2,246,224,,1
L1-L2,246,226,,1
L1-L2,246,229,,1
L1-L2,246,230,,1
L1-L2,246,232,,1
L1-L2,246,234,,1
L1-L2,246,235,,1
L1-L2,246,238,,1
L1-L2,246,251,,1
L1-L2,246,252,,1
L1-L2,246,254,,1
L1-L2,247,4,,1
L1-L2,247,5,,1
L1-L2,247,7,,1
L1-L2,247,8,,1
L1-L2,247,11,,1
L1-L2,247,16,,1
L1-L2,247,21,,1
L1-L2,247,22,,1
L1-L2,247,23,,1
L1-L2,247,24,,1
L1-L2,247,29,,1
L1-L2,247,30,,1
L1-L2,247,33,,1
L1-L2,247,34,,1
L1-L2,247,35,,1
L1-L2,247,40,,1
L1-L2,247,41,,1
L1-L2,247,42,,1
L1-L2,247,45,,1
L1-L2,247,46,,1
L1-L2,247,49,,1
L1-L2,247,53,,1
L1-L2,247,54,,1
L1-L2,247,55,,1
L1-L2,247,57,,1
L1-L2,247,58,,1
L1-L2,247,59,,1
L1-L2,247,60,,1
L1-L2,247,62,,1
L1-L2,247,63,,1
L1-L2,247,65,,1
L1-L2,247,67,,1
L1-L2,247,69,,1
L1-L2,247,72,,1
L1-L2,247,80,,1
L1-L2,247,81,,1
L1-L2,247,88,,1
L1-L2,247,90,,1
L1-L2,247,92,,1
L1-L2,247,93,,1
L1-L2,247,96,,1
L1-L2,247,97,,1
L1-L2,247,98,,1
L1-L2,247,104,,1
L1-L2,247,108,,1
L1-L2,247,113,,1
L1-L2,247,114,,1
L1-L2,247,116,,1
L1-L2,247,120,,1
L1-L2,247,121,,1
L1-L2,247,122,,1
L1-L2,247,125,,1
L1-L2,247,126,,1
L1-L2,247,127,,1
L1-L2,247,132,,1
L1-L2,247,135,,1
L1-L2,247,136,,1
L1-L2,247,139,,1
L1-L2,247,141,,1
L1-L2,247,143,,1
L1-L2,247,144,,1
L1-L2,247,145,,1
L1-L2,247,146,,1
L1-L2,247,147,,1
L1-L2,247,153,,1
L1-L2,247,160,,1
L1-L2,247,162,,1
L1-L2,247,163,,1
L1-L2,247,164,,1
L1-L2,247,165,,1
L1-L2,247,169,,1
L1-L2,247,170,,1
L1-L2,247,176,,1
L1-L2,247,180,,1
L1-L2,247,183,,1
L1-L2,247,188,,1
L1-L2,247,190,,1
L1-L2,247,193,,1
L1-L2,247,196,,1
L1-L2,247,198,,1
L1-L2,247,201,,1
L1-L2,247,202,,1
L1-L2,247,205,,1
L1-L2,247,206,,1
L1-L2,247,207,,1
L1-L2,247,209,,1
L1-L2,247,210,,1
L1-L2,247,211,,1
L1-L2,247,212,,1
L1-L2,247,214,,1
L1-L2,247,215,,1
L1-L2,247,218,,1
L1-L2,247,219,,1
L1-L2,247,220,,1
L1-L2,247,224,,1
L1-L2,247,226,,1
L1-L2,247,231,,1
L1-L2,247,232,,1
L1-L2,247,235,,1
L1-L2,247,236,,1
L1-L2,247,238,,1
L1-L2,247,240,,1
L1-L2,247,241,,1
L1-L2,247,242,,1
L1-L2,247,243,,1
L1-L2,247,245,,1
L1-L2,247,246,,1
L1-L2,247,248,,1
L1-L2,248,1,,1
L1-L2,248,2,,1
L1-L2,248,4,,1
L1-L2,248,8,,1
L1-L2,248,12,,1
L1-L2,248,22,,1
L1-L2,248,23,,1
L1-L2,248,25,,1
L1-L2,248,31,,1
L1-L2,248,35,,1
L1-L2,248,39,,1
L1-L2,248,40,,1
L1-L2,248,49,,1
L1-L2,248,50,,1
L1-L2,248,55,,1
L1-L2,248,56,,1
L1-L2,248,57,,1
L1-L2,248,62,,1
L1-L2,248,66,,1
L1-L2,248,67,,1
L1-L2,248,71,,1
L1-L2,248,73,,1
L1-L2,248,76,,1
L1-L2,248,77,,1
L1-L2,248,83,,1
L1-L2,248,86,,1
L1-L2,248,90,,1
L1-L2,248,94,,1
L1-L2,248,96,,1
L1-L2,248,97,,1
L1-L2,248,98,,1
L1-L2,248,103,,1
L1-L2,248,104,,1
L1-L2,248,107,,1
L1-L2,248,108,,1
L1-L2,248,109,,1
L1-L2,248,111,,1
L1-L2,248,112,,1
L1-L2,248,113,,1
L1-L2,248,118,,1
L1-L2,248,119,,1
L1-L2,248,121,,1
L1-L2,248,123,,1
L1-L2,248,124,,1
L1-L2,248,126,,1
L1-L2,248,127,,1
L1-L2,248,132,,1
L1-L2,248,133,,1
L1-L2,248,139,,1
L1-L2,248,143,,1
L1-L2,248,146,,1
L1-L2,248,154,,1
L1-L2,248,156,,1
L1-L2,248,157,,1
L1-L2,248,161,,1
L1-L2,248,164,,1
L1-L2,248,174,,1
L1-L2,248,175,,1
L1-L2,248,176,,1
L1-L2,248,178,,1
L1-L2,248,179,,1
L1-L2,248,182,,1
L1-L2,248,183,,1
L1-L2,248,185,,1
L1-L2,248,191,,1
L1-L2,248,192,,1
L1-L2,248,193,,1
L1-L2,248,197,,1
L1-L2,248,198,,1
L1-L2,248,202,,1
L1-L2,248,203,,1
L1-L2,248,210,,1
L1-L2,248,212,,1
L1-L2,248,213,,1
L1-L2,248,216,,1
L1-L2,248,217,,1
L1-L2,248,218,,1
L1-L2,248,225,,1
L1-L2,248,234,,1
L1-L2,248,235,,1
L1-L2,248,237,,1
L1-L2,248,242,,1
L1-L2,248,245,,1
L1-L2,248,247,,1
L1-L2,248,251,,1
L1-L2,249,0,,1
L1-L2,249,1,,1
L1-L2,249,2,,1
L1-L2,249,4,,1
L1-L2,249,11,,1
L1-L2,249,16,,1
L1-L2,249,17,,1
L1-L2,249,26,,1
L1-L2,249,29,,1
L1-L2,249,33,,1
L1-L2,249,34,,1
L1-L2,249,41,,1
L1-L2,249,48,,1
L1-L2,249,58,,1
L1-L2,249,62,,1
L1-L2,249,64,,1
L1-L2,249,65,,1
L1-L2,249,66,,1
L1-L2,249,67,,1
L1-L2,249,70,,1
L1-L2,249,75,,1
L1-L2,249,76,,1
L1-L2,249,77,,1
L1-L2,249,78,,1
L1-L2,249,81,,1
L1-L2,249,82,,1
L1-L2,249,86,,1
L1-L2,249,88,,1
L1-L2,249,89,,1
L1-L2,249,92,,1
L1-L2,249,96,,1
L1-L2,249,98,,1
L1-L2,249,100,,1
L1-L2,249,102,,1
L1-L2,249,109,,1
L1-L2,249,114,,1
L1-L2,249,117,,1
L1-L2,249,118,,1
L1-L2,249,119,,1
L1-L2,249,123,,1
L1-L2,249,126,,1
L1-L2,249,127,,1
L1-L2,249,130,,1
L1-L2,249,132,,1
L1-L2,249,134,,1
L1-L2,249,139,,1
L1-L2,249,140,,1
L1-L2,249,141,,1
L1-L2,249,142,,1
L1-L2,249,143,,1
L1-L2,249,148,,1
L1-L2,249,151,,1
L1-L2,249,156,,1
L1-L2,249,161,,1
L1-L2,249,168,,1
L1-L2,249,170,,1
L1-L2,249,172,,1
L1-L2,249,173,,1
L1-L2,249,175,,1
L1-L2,249,176,,1
L1-L2,249,177,,1
L1-L2,249,182,,1
L1-L2,249,186,,1
L1-L2,249,187,,1
L1-L2,249,190,,1
L1-L2,249,196,,1
L1-L2,249,197,,1
L1-L2,249,211,,1
L1-L2,249,212,,1
L1-L2,249,215,,1
L1-L2,249,217,,1
L1-L2,249,218,,1
L1-L2,249,221,,1
L1-L2,249,224,,1
L1-L2,249,225,,1
L1-L2,249,226,,1
L1-L2,249,227,,1
L1-L2,249,231,,1
L1-L2,249,232,,1
L1-L2,249,236,,1
L1-L2,249,237,,1
L1-L2,249,239,,1
L1-L2,249,241,,1
L1-L2,249,242,,1
L1-L2,249,244,,1
L1-L2,249,251,,1
L1-L2,249,254,,1
L1-L2,250,4,,1
L1-L2,250,10,,1
L1-L2,250,11,,1
L1-L2,250,18,,1
L1-L2,250,24,,1
L1-L2,250,43,,1
L1-L2,250,47,,1
L1-L2,250,52,,1
L1-L2,250,63,,1
L1-L2,250,66,,1
L1-L2,250,71,,1
L1-L2,250,77,,1
L1-L2,250,85,,1
L1-L2,250,87,,1
L1-L2,250,95,,1
L1-L2,250,109,,1
L1-L2,250,113,,1
L1-L2,250,120,,1
L1-L2,250,122,,1
L1-L2,250,128,,1
L1-L2,250,129,,1
L1-L2,250,134,,1
L1-L2,250,138,,1
L1-L2,250,140,,1
L1-L2,250,149,,1
L1-L2,250,159,,1
L1-L2,250,166,,1
L1-L2,250,172,,1
L1-L2,250,177,,1
L1-L2,250,179,,1
L1-L2,250,180,,1
L1-L2,250,183,,1
L1-L2,250,185,,1
L1-L2,250,187,,1
L1-L2,250,188,,1
L1-L2,250,191,,1
L1-L2,250,193,,1
L1-L2,250,195,,1
L1-L2,250,196,,1
L1-L2,250,200,,1
L1-L2,250,203,,1
L1-L2,250,204,,1
L1-L2,250,211,,1
L1-L2,250,212,,1
L1-L2,250,213,,1
L1-L2,250,214,,1
L1-L2,250,215,,1
L1-L2,250,222,,1
L1-L2,250,226,,1
L1-L2,250,228,,1
L1-L2,250,231,,1
L1-L2,250,232,,1
L1-L2,250,234,,1
L1-L2,250,236,,1
L1-L2,250,239,,1
L1-L2,250,240,,1
L1-L2,250,241,,1
L1-L2,250,245,,1
L1-L2,250,251,,1
L1-L2,250,252,,1
L1-L2,251,1,,1
L1-L2,251,3,,1
L1-L2,251,4,,1
L1-L2,251,11,,1
L1-L2,251,16,,1
L1-L2,251,20,,1
L1-L2,251,21,,1
L1-L2,251,23,,1
L1-L2,251,24,,1
L1-L2,251,25,,1
L1-L2,251,26,,1
L1-L2,251,30,,1
L1-L2,251,32,,1
L1-L2,251,33,,1
L1-L2,251,35,,1
L1-L2,251,37,,1
L1-L2,251,38,,1
L1-L2,251,45,,1
L1-L2,251,47,,1
L1-L2,251,49,,1
L1-L2,251,50,,1
L1-L2,251,54,,1
L1-L2,251,56,,1
L1-L2,251,59,,1
L1-L2,251,63,,1
L1-L2,251,64,,1
L1-L2,251,68,,1
L1-L2,251,75,,1
L1-L2,251,79,,1
L1-L2,251,83,,1
L1-L2,251,84,,1
L1-L2,251,86,,1
L1-L2,251,87,,1
L1-L2,251,89,,1
L1-L2,251,90,,1
L1-L2,251,92,,1
L1-L2,251,93,,1
L1-L2,251,94,,1
L1-L2,251,96,,1
L1-L2,251,98,,1
L1-L2,251,101,,1
L1-L2,251,106,,1
L1-L2,251,107,,1
L1-L2,251,109,,1
L1-L2,251,112,,1
L1-L2,251,113,,1
L1-L2,251,116,,1
L1-L2,251,118,,1
L1-L2,251,122,,1
L1-L2,251,123,,1
L1-L2,251,124,,1
L1-L2,251,126,,1
L1-L2,251,128,,1
L1-L2,251,129,,1
L1-L2,251,133,,1
L1-L2,251,135,,1
L1-L2,251,137,,1
L1-L2,251,139,,1
L1-L2,251,145,,1
L1-L2,251,146,,1
L1-L2,251,147,,1
L1-L2,251,153,,1
L1-L2,251,155,,1
L1-L2,251,157,,1
L1-L2,251,159,,1
L1-L2,251,160,,1
L1-L2,251,163,,1
L1-L2,251,164,,1
L1-L2,251,166,,1
L1-L2,251,168,,1
L1-L2,251,170,,1
L1-L2,251,171,,1
L1-L2,251,172,,1
L1-L2,251,178,,1
L1-L2,251,179,,1
L1-L2,251,181,,1
L1-L2,251,184,,1
L1-L2,251,186,,1
L1-L2,251,188,,1
L1-L2,251,189,,1
L1-L2,251,194,,1
L1-L2,251,195,,1
L1-L2,251,196,,1
L1-L2,251,198,,1
L1-L2,251,200,,1
L1-L2,251,201,,1
L1-L2,251,202,,1
L1-L2,251,207,,1
L1-L2,251,209,,1
L1-L2,251,216,,1
L1-L2,251,217,,1
L1-L2,251,219,,1
L1-L2,251,222,,1
L1-L2,251,224,,1
L1-L2,251,226,,1
L1-L2,251,229,,1
L1-L2,251,230,,1
L1-L2,251,232,,1
L1-L2,251,233,,1
L1-L2,251,237,,1
L1-L2,251,238,,1
L1-L2,251,239,,1
L1-L2,251,244,,1
L1-L2,251,245,,1
L1-L2,251,247,,1
L1-L2,251,250,,1
L1-L2,251,252,,1
L1-L2,251,254,,1
L1-L2,251,255,,1
L1-L2,252,1,,1
L1-L2,252,2,,1
L1-L2,252,3,,1
L1-L2,252,9,,1
L1-L2,252,13,,1
L1-L2,252,20,,1
L1-L2,252,24,,1
L1-L2,252,29,,1
L1-L2,252,32,,1
L1-L2,252,35,,1
L1-L2,252,38,,1
L1-L2,252,39,,1
L1-L2,252,40,,1
L1-L2,252,44,,1
L1-L2,252,45,,1
L1-L2,252,47,,1
L1-L2,252,50,,1
L1-L2,252,51,,1
L1-L2,252,52,,1
L1-L2,252,53,,1
L1-L2,252,54,,1
L1-L2,252,58,,1
L1-L2,252,62,,1
L1-L2,252,63,,1
L1-L2,252,65,,1
L1-L2,252,67,,1
L1-L2,252,70,,1
L1-L2,252,73,,1
L1-L2,252,74,,1
L1-L2,252,79,,1
L1-L2,252,83,,1
L1-L2,252,86,,1
L1-L2,252,91,,1
L1-L2,252,92,,1
L1-L2,252,94,,1
L1-L2,252,95,,1
L1-L2,252,97,,1
L1-L2,252,100,,1
L1-L2,252,102,,1
L1-L2,252,104,,1
L1-L2,252,110,,1
L1-L2,252,111,,1
L1-L2,252,112,,1
L1-L2,252,114,,1
L1-L2,252,115,,1
L1-L2,252,116,,1
L1-L2,252,117,,1
L1-L2,252,118,,1
L1-L2,252,119,,1
L1-L2,252,121,,1
L1-L2,252,123,,1
L1-L2,252,128,,1
L1-L2,252,131,,1
L1-L2,252,132,,1
L1-L2,252,135,,1
L1-L2,252,136,,1
L1-L2,252,137,,1
L1-L2,252,138,,1
L1-L2,252,140,,1
L1-L2,252,143,,1
L1-L2,252,149,,1
L1-L2,252,152,,1
L1-L2,252,156,,1
L1-L2,252,159,,1
L1-L2,252,160,,1
L1-L2,252,165,,1
L1-L2,252,168,,1
L1-L2,252,172,,1
L1-L2,252,173,,1
L1-L2,252,174,,1
L1-L2,252,177,,1
L1-L2,252,181,,1
L1-L2,252,185,,1
L1-L2,252,187,,1
L1-L2,252,190,,1
L1-L2,252,192,,1
L1-L2,252,193,,1
L1-L2,252,194,,1
L1-L2,252,195,,1
L1-L2,252,196,,1
L1-L2,252,197,,1
L1-L2,252,200,,1
L1-L2,252,202,,1
L1-L2,252,205,,1
L1-L2,252,206,,1
L1-L2,252,208,,1
L1-L2,252,210,,1
L1-L2,252,214,,1
L1-L2,252,215,,1
L1-L2,252,218,,1
L1-L2,252,219,,1
L1-L2,252,222,,1
L1-L2,252,223,,1
L1-L2,252,226,,1
L1-L2,252,229,,1
L1-L2,252,230,,1
L1-L2,252,231,,1
L1-L2,252,232,,1
L1-L2,252,233,,1
L1-L2,252,236,,1
L1-L2,252,238,,1
L1-L2,252,239,,1
L1-L2,252,241,,1
L1-L2,252,242,,1
L1-L2,252,246,,1
L1-L2,252,251,,1
L1-L2,252,252,,1
L1-L2,252,253,,1
L1-L2,252,255,,1
L1-L2,253,1,,1
L1-L2,253,2,,1
L1-L2,253,4,,1
L1-L2,253,7,,1
L1-L2,253,11,,1
L1-L2,253,14,,1
L1-L2,253,19,,1
L1-L2,253,27,,1
L1-L2,253,31,,1
L1-L2,253,32,,1
L1-L2,253,33,,1
L1-L2,253,34,,1
L1-L2,253,39,,1
L1-L2,253,41,,1
L1-L2,253,44,,1
L1-L2,253,48,,1
L1-L2,253,52,,1
L1-L2,253,53,,1
L1-L2,253,59,,1
L1-L2,253,64,,1
L1-L2,253,71,,1
L1-L2,253,73,,1
L1-L2,253,74,,1
L1-L2,253,77,,1
L1-L2,253,80,,1
L1-L2,253,81,,1
L1-L2,253,84,,1
L1-L2,253,85,,1
L1-L2,253,89,,1
L1-L2,253,92,,1
L1-L2,253,94,,1
L1-L2,253,98,,1
L1-L2,253,100,,1
L1-L2,253,101,,1
L1-L2,253,105,,1
L1-L2,253,106,,1
L1-L2,253,110,,1
L1-L2,253,112,,1
L1-L2,253,115,,1
L1-L2,253,117,,1
L1-L2,253,120,,1
L1-L2,253,124,,1
L1-L2,253,132,,1
L1-L2,253,137,,1
L1-L2,253,139,,1
L1-L2,253,140,,1
L1-L2,253,141,,1
L1-L2,253,142,,1
L1-L2,253,148,,1
L1-L2,253,150,,1
L1-L2,253,152,,1
L1-L2,253,154,,1
L1-L2,253,157,,1
L1-L2,253,158,,1
L1-L2,253,163,,1
L1-L2,253,165,,1
L1-L2,253,166,,1
L1-L2,253,170,,1
L1-L2,253,173,,1
L1-L2,253,175,,1
L1-L2,253,177,,1
L1-L2,253,179,,1
L1-L2,253,180,,1
L1-L2,253,182,,1
L1-L2,253,183,,1
L1-L2,253,191,,1
L1-L2,253,194,,1
L1-L2,253,195,,1
L1-L2,253,197,,1
L1-L2,253,200,,1
L1-L2,253,202,,1
L1-L2,253,203,,1
L1-L2,253,211,,1
L1-L2,253,212,,1
L1-L2,253,213,,1
L1-L2,253,214,,1
L1-L2,253,217,,1
L1-L2,253,219,,1
L1-L2,253,220,,1
L1-L2,253,222,,1
L1-L2,253,223,,1
L1-L2,253,224,,1
L1-L2,253,226,,1
L1-L2,253,227,,1
L1-L2,253,229,,1
L1-L2,253,233,,1
L1-L2,253,235,,1
L1-L2,253,237,,1
L1-L2,253,241,,1
L1-L2,253,246,,1
L1-L2,253,251,,1
L1-L2,253,252,,1
L1-L2,253,253,,1
L1-L2,253,254,,1
L1-L2,253,255,,1
L1-L2,254,5,,1
L1-L2,254,6,,1
L1-L2,254,8,,1
L1-L2,254,9,,1
L1-L2,254,11,,1
L1-L2,254,15,,1
L1-L2,254,16,,1
L1-L2,254,21,,1
L1-L2,254,22,,1
L1-L2,254,25,,1
L1-L2,254,28,,1
L1-L2,254,32,,1
L1-L2,254,42,,1
L1-L2,254,45,,1
L1-L2,254,48,,1
L1-L2,254,55,,1
L1-L2,254,71,,1
L1-L2,254,79,,1
L1-L2,254,84,,1
L1-L2,254,85,,1
L1-L2,254,94,,1
L1-L2,254,105,,1
L1-L2,254,113,,1
L1-L2,254,119,,1
L1-L2,254,121,,1
L1-L2,254,129,,1
L1-L2,254,130,,1
L1-L2,254,131,,1
L1-L2,254,137,,1
L1-L2,254,138,,1
L1-L2,254,141,,1
L1-L2,254,143,,1
L1-L2,254,147,,1
L1-L2,254,151,,1
L1-L2,254,152,,1
L1-L2,254,158,,1
L1-L2,254,160,,1
L1-L2,254,166,,1
L1-L2,254,170,,1
L1-L2,254,171,,1
L1-L2,254,173,,1
L1-L2,254,176,,1
L1-L2,254,177,,1
L1-L2,254,182,,1
L1-L2,254,186,,1
L1-L2,254,187,,1
L1-L2,254,192,,1
L1-L2,254,195,,1
L1-L2,254,196,,1
L1-L2,254,201,,1
L1-L2,254,208,,1
L1-L2,254,210,,1
L1-L2,254,211,,1
L1-L2,254,212,,1
L1-L2,254,213,,1
L1-L2,254,214,,1
L1-L2,254,218,,1
L1-L2,254,224,,1
L1-L2,254,225,,1
L1-L2,254,229,,1
L1-L2,254,233,,1
L1-L2,254,235,,1
L1-L2,254,241,,1
L1-L2,254,245,,1
L1-L2,254,248,,1
L1-L2,254,250,,1
L1-L2,254,251,,1
L1-L2,255,3,,1
L1-L2,255,5,,1
L1-L2,255,6,,1
L1-L2,255,10,,1
L1-L2,255,15,,1
L1-L2,255,16,,1
L1-L2,255,19,,1
L1-L2,255,20,,1
L1-L2,255,26,,1
L1-L2,255,27,,1
L1-L2,255,30,,1
L1-L2,255,34,,1
L1-L2,255,36,,1
L1-L2,255,37,,1
L1-L2,255,41,,1
L1-L2,255,43,,1
L1-L2,255,44,,1
L1-L2,255,46,,1
L1-L2,255,53,,1
L1-L2,255,58,,1
L1-L2,255,60,,1
L1-L2,255,61,,1
L1-L2,255,66,,1
L1-L2,255,68,,1
L1-L2,255,70,,1
L1-L2,255,72,,1
L1-L2,255,74,,1
L1-L2,255,86,,1
L1-L2,255,91,,1
L1-L2,255,95,,1
L1-L2,255,100,,1
L1-L2,255,103,,1
L1-L2,255,110,,1
L1-L2,255,116,,1
L1-L2,255,117,,1
L1-L2,255,118,,1
L1-L2,255,120,,1
L1-L2,255,121,,1
L1-L2,255,123,,1
L1-L2,255,127,,1
L1-L2,255,129,,1
L1-L2,255,131,,1
L1-L2,255,133,,1
L1-L2,255,137,,1
L1-L2,255,140,,1
L1-L2,255,141,,1
L1-L2,255,142,,1
L1-L2,255,143,,1
L1-L2,255,144,,1
L1-L2,255,149,,1
L1-L2,255,152,,1
L1-L2,255,153,,1
L1-L2,255,157,,1
L1-L2,255,158,,1
L1-L2,255,159,,1
L1-L2,255,161,,1
L1-L2,255,163,,1
L1-L2,255,165,,1
L1-L2,255,169,,1
L1-L2,255,172,,1
L1-L2,255,173,,1
L1-L2,255,174,,1
L1-L2,255,175,,1
L1-L2,255,177,,1
L1-L2,255,180,,1
L1-L2,255,181,,1
L1-L2,255,182,,1
L1-L2,255,185,,1
L1-L2,255,188,,1
L1-L2,255,189,,1
L1-L2,255,190,,1
L1-L2,255,191,,1
L1-L2,255,193,,1
L1-L2,255,194,,1
L1-L2,255,195,,1
L1-L2,255,200,,1
L1-L2,255,202,,1
L1-L2,255,203,,1
L1-L2,255,204,,1
L1-L2,255,208,,1
L1-L2,255,209,,1
L1-L2,255,210,,1
L1-L2,255,212,,1
L1-L2,255,215,,1
L1-L2,255,216,,1
L1-L2,255,217,,1
L1-L2,255,219,,1
L1-L2,255,220,,1
L1-L2,255,221,,1
L1-L2,255,223,,1
L1-L2,255,224,,1
L1-L2,255,225,,1
L1-L2,255,228,,1
L1-L2,255,232,,1
L1-L2,255,233,,1
L1-L2,255,236,,1
L1-L2,255,237,,1
L1-L2,255,242,,1
L1-L2,255,244,,1
L1-L2,255,250,,1
L1-L2,255,251,,1
L1-L2-L3,0,0,217,1
L1-L2-L3,0,4,68,1
L1-L2-L3,0,5,99,1
L1-L2-L3,0,8,64,1
L1-L2-L3,0,10,65,1
L1-L2-L3,0,13,82,1
L1-L2-L3,0,15,206,1
L1-L2-L3,0,17,21,1
L1-L2-L3,0,20,239,1
L1-L2-L3,0,21,146,1
L1-L2-L3,0,22,185,1
L1-L2-L3,0,23,235,1
L1-L2-L3,0,25,103,1
L1-L2-L3,0,29,198,1
L1-L2-L3,0,30,141,1
L1-L2-L3,0,32,130,1
L1-L2-L3,0,35,201,1
L1-L2-L3,0,39,235,1
L1-L2-L3,0,40,217,1
L1-L2-L3,0,44,131,1
L1-L2-L3,0,47,157,1
L1-L2-L3,0,49,185,1
L1-L2-L3,0,50,142,1
L1-L2-L3,0,54,15,1
L1-L2-L3,0,56,42,1
L1-L2-L3,0,58,167,1
L1-L2-L3,0,61,139,1
L1-L2-L3,0,62,189,1
L1-L2-L3,0,66,95,1
L1-L2-L3,0,80,171,1
L1-L2-L3,0,81,133,1
L1-L2-L3,0,84,50,1
L1-L2-L3,0,85,7,1
L1-L2-L3,0,86,53,1
L1-L2-L3,0,88,110,1
L1-L2-L3,0,97,13,1
L1-L2-L3,0,100,14,1
L1-L2-L3,0,101,254,1
L1-L2-L3,0,105,57,1
L1-L2-L3,0,106,221,1
L1-L2-L3,0,108,220,1
L1-L2-L3,0,118,38,1
L1-L2-L3,0,119,131,1
L1-L2-L3,0,129,86,1
L1-L2-L3,0,130,80,1
L1-L2-L3,0,132,194,1
L1-L2-L3,0,137,43,1
L1-L2-L3,0,140,240,1
L1-L2-L3,0,142,3,1
L1-L2-L3,0,145,234,1
L1-L2-L3,0,147,162,1
L1-L2-L3,0,148,174,1
L1-L2-L3,0,149,89,1
L1-L2-L3,0,150,96,1
L1-L2-L3,0,155,186,1
L1-L2-L3,0,158,103,1
L1-L2-L3,0,159,207,1
L1-L2-L3,0,162,42,1
L1-L2-L3,0,163,28,1
L1-L2-L3,0,165,32,1
L1-L2-L3,0,166,254,1
L1-L2-L3,0,167,66,1
L1-L2-L3,0,168,160,1
L1-L2-L3,0,170,96,1
L1-L2-L3,0,171,95,1
L1-L2-L3,0,173,179,1
L1-L2-L3,0,174,162,1
L1-L2-L3,0,180,234,1
L1-L2-L3,0,182,242,1
L1-L2-L3,0,183,241,1
L1-L2-L3,0,187,198,1
L1-L2-L3,0,190,83,1
L1-L2-L3,0,194,225,1
L1-L2-L3,0,196,21,1
L1-L2-L3,0,197,144,1
L1-L2-L3,0,199,242,1
L1-L2-L3,0,205,13,1
L1-L2-L3,0,206,186,1
L1-L2-L3,0,210,95,1
L1-L2-L3,0,213,116,1
L1-L2-L3,0,215,85,1
L1-L2-L3,0,220,100,1
L1-L2-L3,0,221,213,1
L1-L2-L3,0,223,90,1
L1-L2-L3,0,227,48,1
L1-L2-L3,0,229,89,1
L1-L2-L3,0,230,179,1
L1-L2-L3,0,231,99,1
L1-L2-L3,0,235,107,1
L1-L2-L3,0,238,153,1
L1-L2-L3,0,242,120,1
L1-L2-L3,0,243,47,1
L1-L2-L3,0,245,205,1
L1-L2-L3,0,247,32,1
L1-L2-L3,0,250,30,1
L1-L2-L3,0,252,96,1
L1-L2-L3,1,2,107,1
L1-L2-L3,1,6,103,1
L1-L2-L3,1,13,94,1
L1-L2-L3,1,15,147,1
L1-L2-L3,1,16,94,1
L1-L2-L3,1,18,86,1
L1-L2-L3,1,23,155,1
L1-L2-L3,1,24,222,1
L1-L2-L3,1,26,251,1
L1-L2-L3,1,28,34,1
L1-L2-L3,1,29,227,1
L1-L2-L3,1,32,207,1
L1-L2-L3,1,36,186,1
L1-L2-L3,1,46,45,1
L1-L2-L3,1,50,182,1
L1-L2-L3,1,54,70,1
L1-L2-L3,1,58,95,1
L1-L2-L3,1,62,4,1
L1-L2-L3,1,63,243,1
L1-L2-L3,1,64,21,1
L1-L2-L3,1,68,125,1
L1-L2-L3,1,71,240,1
L1-L2-L3,1,73,56,1
L1-L2-L3,1,74,31,1
L1-L2-L3,1,77,42,1
L1-L2-L3,1,81,94,1
L1-L2-L3,1,86,168,1
L1-L2-L3,1,88,169,1
L1-L2-L3,1,89,187,1
L1-L2-L3,1,90,8,1
L1-L2-L3,1,91,237,1
L1-L2-L3,1,94,251,1
L1-L2-L3,1,95,33,1
L1-L2-L3,1,98,79,1
L1-L2-L3,1,101,106,1
L1-L2-L3,1,102,33,1
L1-L2-L3,1,106,213,1
L1-L2-L3,1,118,230,1
L1-L2-L3,1,121,248,1
L1-L2-L3,1,122,12,1
L1-L2-L3,1,124,63,1
L1-L2-L3,1,129,147,1
L1-L2-L3,1,130,248,1
L1-L2-L3,1,134,80,1
L1-L2-L3,1,136,198,1
L1-L2-L3,1,138,126,1
L1-L2-L3,1,139,188,1
L1-L2-L3,1,141,248,1
L1-L2-L3,1,143,14,1
L1-L2-L3,1,148,203,1
L1-L2-L3,1,149,206,1
L1-L2-L3,1,156,229,1
L1-L2-L3,1,157,106,1
L1-L2-L3,1,161,138,1
L1-L2-L3,1,162,148,1
L1-L2-L3,1,163,18,1
L1-L2-L3,1,168,103,1
L1-L2-L3,1,169,136,1
L1-L2-L3,1,170,116,1
L1-L2-L3,1,171,15,1
L1-L2-L3,1,172,96,1
L1-L2-L3,1,173,49,1
L1-L2-L3,1,175,151,1
L1-L2-L3,1,176,173,1
L1-L2-L3,1,178,192,1
L1-L2-L3,1,180,158,1
L1-L2-L3,1,187,46,1
L1-L2-L3,1,189,132,1
L1-L2-L3,1,190,165,1
L1-L2-L3,1,192,235,1
L1-L2-L3,1,196,15,1
L1-L2-L3,1,198,222,1
L1-L2-L3,1,199,124,1
L1-L2-L3,1,201,48,1
L1-L2-L3,1,204,69,1
L1-L2-L3,1,205,21,1
L1-L2-L3,1,206,234,1
L1-L2-L3,1,209,102,1
L1-L2-L3,1,213,7,1
L1-L2-L3,1,214,90,1
L1-L2-L3,1,215,13,1
L1-L2-L3,1,217,66,1
L1-L2-L3,1,221,27,1
L1-L2-L3,1,222,137,1
L1-L2-L3,1,224,193,1
L1-L2-L3,1,225,110,1
L1-L2-L3,1,226,94,1
L1-L2-L3,1,229,48,1
L1-L2-L3,1,230,242,1
L1-L2-L3,1,231,165,1
L1-L2-L3,1,235,39,1
L1-L2-L3,1,236,147,1
L1-L2-L3,1,237,21,1
L1-L2-L3,1,239,0,1
L1-L2-L3,1,240,252,1
L1-L2-L3,1,241,178,1
L1-L2-L3,1,242,82,1
L1-L2-L3,1,244,7,1
L1-L2-L3,1,248,138,1
L1-L2-L3,1,251,75,1
L1-L2-L3,1,254,168,1
L1-L2-L3,2,2,38,1
L1-L2-L3,2,5,242,1
L1-L2-L3,2,6,12,1
L1-L2-L3,2,8,136,1
L1-L2-L3,2,13,210,1
L1-L2-L3,2,14,17,1
L1-L2-L3,2,15,161,1
L1-L2-L3,2,17,108,1
L1-L2-L3,2,18,212,1
L1-L2-L3,2,26,49,1
L1-L2-L3,2,28,12,1
L1-L2-L3,2,29,249,1
L1-L2-L3,2,30,199,1
L1-L2-L3,2,33,69,1
L1-L2-L3,2,39,150,1
L1-L2-L3,2,40,44,1
L1-L2-L3,2,41,83,1
L1-L2-L3,2,42,124,1
L1-L2-L3,2,43,201,1
L1-L2-L3,2,49,148,1
L1-L2-L3,2,51,76,1
L1-L2-L3,2,53,7,1
L1-L2-L3,2,54,57,1
L1-L2-L3,2,56,37,1
L1-L2-L3,2,57,83,1
L1-L2-L3,2,59,14,1
L1-L2-L3,2,60,123,1
L1-L2-L3,2,65,169,1
L1-L2-L3,2,66,120,1
L1-L2-L3,2,69,195,1
L1-L2-L3,2,70,109,1
L1-L2-L3,2,74,144,1
L1-L2-L3,2,75,224,1
L1-L2-L3,2,78,55,1
L1-L2-L3,2,82,20,1
L1-L2-L3,2,85,119,1
L1-L2-L3,2,87,119,1
L1-L2-L3,2,88,172,1
L1-L2-L3,2,90,69,1
L1-L2-L3,2,95,150,1
L1-L2-L3,2,99,140,1
L1-L2-L3,2,101,205,1
L1-L2-L3,2,104,54,1
L1-L2-L3,2,105,242,1
L1-L2-L3,2,108,216,1
L1-L2-L3,2,111,191,1
L1-L2-L3,2,116,159,1
L1-L2-L3,2,117,19,1
L1-L2-L3,2,118,164,1
L1-L2-L3,2,121,128,1
L1-L2-L3,2,123,68,1
L1-L2-L3,2,128,254,1
L1-L2-L3,2,129,212,1
L1-L2-L3,2,135,173,1
L1-L2-L3,2,138,147,1
L1-L2-L3,2,139,98,1
L1-L2-L3,2,140,109,1
L1-L2-L3,2,145,87,1
L1-L2-L3,2,149,82,1
L1-L2-L3,2,154,87,1
L1-L2-L3,2,155,143,1
L1-L2-L3,2,157,216,1
L1-L2-L3,2,158,91,1
L1-L2-L3,2,160,87,1
L1-L2-L3,2,161,156,1
L1-L2-L3,2,165,129,1
L1-L2-L3,2,168,183,1
L1-L2-L3,2,170,95,1
L1-L2-L3,2,173,196,1
L1-L2-L3,2,179,32,1
L1-L2-L3,2,181,213,1
L1-L2-L3,2,182,120,1
L1-L2-L3,2,183,17,1
L1-L2-L3,2,189,69,1
L1-L2-L3,2,190,222,1
L1-L2-L3,2,195,12,1
L1-L2-L3,2,197,136,1
L1-L2-L3,2,199,236,1
L1-L2-L3,2,201,54,1
L1-L2-L3,2,204,35,1
L1-L2-L3,2,206,156,1
L1-L2-L3,2,210,119,1
L1-L2-L3,2,212,198,1
L1-L2-L3,2,214,75,1
L1-L2-L3,2,215,183,1
L1-L2-L3,2,218,228,1
L1-L2-L3,2,222,19,1
L1-L2-L3,2,224,28,1
L1-L2-L3,2,226,194,1
L1-L2-L3,2,228,41,1
L1-L2-L3,2,229,128,1
L1-L2-L3,2,232,97,1
L1-L2-L3,2,233,196,1
L1-L2-L3,2,235,141,1
L1-L2-L3,2,236,31,1
L1-L2-L3,2,241,75,1
L1-L2-L3,2,242,134,1
L1-L2-L3,2,243,210,1
L1-L2-L3,2,244,19,1
L1-L2-L3,2,249,121,1
L1-L2-L3,2,250,161,1
L1-L2-L3,2,253,33,1
L1-L2-L3,3,0,229,1
L1-L2-L3,3,8,8,1
L1-L2-L3,3,9,143,1
L1-L2-L3,3,17,180,1
L1-L2-L3,3,22,57,1
L1-L2-L3,3,23,248,1
L1-L2-L3,3,29,248,1
L1-L2-L3,3,32,87,1
L1-L2-L3,3,33,219,1
L1-L2-L3,3,34,63,1
L1-L2-L3,3,35,143,1
L1-L2-L3,3,41,33,1
L1-L2-L3,3,43,8,1
L1-L2-L3,3,44,135,1
L1-L2-L3,3,49,94,1
L1-L2-L3,3,52,140,1
L1-L2-L3,3,55,110,1
L1-L2-L3,3,56,111,1
L1-L2-L3,3,58,44,1
L1-L2-L3,3,65,64,1
L1-L2-L3,3,68,100,1
L1-L2-L3,3,72,12,1
L1-L2-L3,3,73,114,1
L1-L2-L3,3,77,75,1
L1-L2-L3,3,78,88,1
L1-L2-L3,3,80,36,1
L1-L2-L3,3,81,24,1
L1-L2-L3,3,82,9,1
L1-L2-L3,3,83,110,1
L1-L2-L3,3,88,164,1
L1-L2-L3,3,89,219,1
L1-L2-L3,3,92,37,1
L1-L2-L3,3,94,173,1
L1-L2-L3,3,96,122,1
L1-L2-L3,3,99,120,1
L1-L2-L3,3,100,114,1
L1-L2-L3,3,102,106,1
L1-L2-L3,3,103,203,1
L1-L2-L3,3,105,44,1
L1-L2-L3,3,110,189,1
L1-L2-L3,3,111,176,1
L1-L2-L3,3,112,24,1
L1-L2-L3,3,120,36,1
L1-L2-L3,3,122,254,1
L1-L2-L3,3,123,57,1
L1-L2-L3,3,126,14,1
L1-L2-L3,3,127,33,1
L1-L2-L3,3,129,79,1
L1-L2-L3,3,136,64,1
L1-L2-L3,3,137,32,1
L1-L2-L3,3,138,103,1
L1-L2-L3,3,147,166,1
L1-L2-L3,3,151,36,1
L1-L2-L3,3,152,185,1
L1-L2-L3,3,159,105,1
L1-L2-L3,3,161,177,1
L1-L2-L3,3,162,95,1
L1-L2-L3,3,163,44,1
L1-L2-L3,3,165,23,1
L1-L2-L3,3,166,133,1
L1-L2-L3,3,167,72,1
L1-L2-L3,3,170,132,1
L1-L2-L3,3,171,239,1
L1-L2-L3,3,172,91,1
L1-L2-L3,3,174,237,1
L1-L2-L3,3,175,120,1
L1-L2-L3,3,176,187,1
L1-L2-L3,3,179,20,1
L1-L2-L3,3,181,89,1
L1-L2-L3,3,182,224,1
L1-L2-L3,3,183,168,1
L1-L2-L3,3,186,139,1
L1-L2-L3,3,189,11,1
L1-L2-L3,3,190,147,1
L1-L2-L3,3,192,185,1
L1-L2-L3,3,193,117,1
L1-L2-L3,3,196,76,1
L1-L2-L3,3,198,94,1
L1-L2-L3,3,199,127,1
L1-L2-L3,3,201,253,1
L1-L2-L3,3,208,121,1
L1-L2-L3,3,210,201,1
L1-L2-L3,3,214,212,1
L1-L2-L3,3,217,101,1
L1-L2-L3,3,219,23,1
L1-L2-L3,3,220,133,1
L1-L2-L3,3,221,93,1
L1-L2-L3,3,223,223,1
L1-L2-L3,3,224,60,1
L1-L2-L3,3,225,38,1
L1-L2-L3,3,227,250,1
L1-L2-L3,3,230,83,1
L1-L2-L3,3,231,33,1
L1-L2-L3,3,233,246,1
L1-L2-L3,3,235,62,1
L1-L2-L3,3,241,37,1
L1-L2-L3,3,242,122,1
L1-L2-L3,3,243,147,1
L1-L2-L3,3,244,39,1
L1-L2-L3,3,249,140,1
L1-L2-L3,3,252,209,1
L1-L2-L3,3,254,199,1
L1-L2-L3,3,255,147,1
L1-L2-L3,4,1,94,1
L1-L2-L3,4,3,141,1
L1-L2-L3,4,4,244,1
L1-L2-L3,4,9,111,1
L1-L2-L3,4,10,139,1
L1-L2-L3,4,11,10,1
L1-L2-L3,4,13,179,1
L1-L2-L3,4,15,90,1
L1-L2-L3,4,19,204,1
L1-L2-L3,4,21,137,1
L1-L2-L3,4,23,160,1
L1-L2-L3,4,27,79,1
L1-L2-L3,4,34,66,1
L1-L2-L3,4,41,9,1
L1-L2-L3,4,42,125,1
L1-L2-L3,4,43,71,1
L1-L2-L3,4,44,179,1
L1-L2-L3,4,45,73,1
L1-L2-L3,4,46,219,1
L1-L2-L3,4,48,227,1
L1-L2-L3,4,49,95,1
L1-L2-L3,4,50,158,1
L1-L2-L3,4,53,75,1
L1-L2-L3,4,55,206,1
L1-L2-L3,4,61,56,1
L1-L2-L3,4,63,212,1
L1-L2-L3,4,64,86,1
L1-L2-L3,4,65,136,1
L1-L2-L3,4,66,39,1
L1-L2-L3,4,67,20,1
L1-L2-L3,4,69,103,1
L1-L2-L3,4,72,92,1
L1-L2-L3,4,73,47,1
L1-L2-L3,4,78,75,1
L1-L2-L3,4,82,242,1
L1-L2-L3,4,84,193,1
L1-L2-L3,4,86,130,1
L1-L2-L3,4,87,83,1
L1-L2-L3,4,88,77,1
L1-L2-L3,4,89,105,1
L1-L2-L3,4,91,20,1
L1-L2-L3,4,92,123,1
L1-L2-L3,4,100,149,1
L1-L2-L3,4,101,103,1
L1-L2-L3,4,103,244,1
L1-L2-L3,4,104,222,1
L1-L2-L3,4,105,168,1
L1-L2-L3,4,107,93,1
L1-L2-L3,4,108,87,1
L1-L2-L3,4,114,233,1
L1-L2-L3,4,116,178,1
L1-L2-L3,4,117,28,1
L1-L2-L3,4,119,175,1
L1-L2-L3,4,124,74,1
L1-L2-L3,4,126,19,1
L1-L2-L3,4,127,155,1
L1-L2-L3,4,135,225,1
L1-L2-L3,4,136,213,1
L1-L2-L3,4,137,62,1
L1-L2-L3,4,138,210,1
L1-L2-L3,4,139,239,1
L1-L2-L3,4,140,149,1
L1-L2-L3,4,142,177,1
L1-L2-L3,4,143,39,1
L1-L2-L3,4,147,212,1
L1-L2-L3,4,149,30,1
L1-L2-L3,4,150,180,1
L1-L2-L3,4,151,141,1
L1-L2-L3,4,153,148,1
L1-L2-L3,4,154,75,1
L1-L2-L3,4,155,116,1
L1-L2-L3,4,156,190,1
L1-L2-L3,4,164,85,1
L1-L2-L3,4,165,248,1
L1-L2-L3,4,166,62,1
L1-L2-L3,4,167,136,1
L1-L2-L3,4,173,194,1
L1-L2-L3,4,178,44,1
L1-L2-L3,4,179,25,1
L1-L2-L3,4,185,38,1
L1-L2-L3,4,186,85,1
L1-L2-L3,4,190,153,1
L1-L2-L3,4,192,180,1
L1-L2-L3,4,195,125,1
L1-L2-L3,4,196,138,1
L1-L2-L3,4,197,242,1
L1-L2-L3,4,199,51,1
L1-L2-L3,4,200,45,1
L1-L2-L3,4,201,142,1
L1-L2-L3,4,202,179,1
L1-L2-L3,4,205,24,1
L1-L2-L3,4,206,61,1
L1-L2-L3,4,208,107,1
L1-L2-L3,4,211,17,1
L1-L2-L3,4,218,250,1
L1-L2-L3,4,220,213,1
L1-L2-L3,4,222,44,1
L1-L2-L3,4,223,139,1
L1-L2-L3,4,224,64,1
L1-L2-L3,4,226,240,1
L1-L2-L3,4,227,73,1
L1-L2-L3,4,230,186,1
L1-L2-L3,4,232,246,1
L1-L2-L3,4,233,245,1
L1-L2-L3,4,236,116,1
L1-L2-L3,4,241,106,1
L1-L2-L3,4,242,46,1
L1-L2-L3,4,244,186,1
L1-L2-L3,4,245,57,1
L1-L2-L3,4,247,30,1
L1-L2-L3,4,250,171,1
L1-L2-L3,4,253,64,1
L1-L2-L3,4,255,221,1
L1-L2-L3,5,5,174,1
L1-L2-L3,5,12,185,1
L1-L2-L3,5,15,180,1
L1-L2-L3,5,16,33,1
L1-L2-L3,5,17,27,1
L1-L2-L3,5,27,252,1
L1-L2-L3,5,31,24,1
L1-L2-L3,5,32,46,1
L1-L2-L3,5,38,190,1
L1-L2-L3,5,39,67,1
L1-L2-L3,5,40,9,1
L1-L2-L3,5,41,85,1
L1-L2-L3,5,44,35,1
L1-L2-L3,5,54,174,1
L1-L2-L3,5,59,216,1
L1-L2-L3,5,67,223,1
L1-L2-L3,5,68,210,1
L1-L2-L3,5,73,24,1
L1-L2-L3,5,75,219,1
L1-L2-L3,5,93,46,1
L1-L2-L3,5,94,91,1
L1-L2-L3,5,98,49,1
L1-L2-L3,5,103,180,1
L1-L2-L3,5,105,95,1
L1-L2-L3,5,118,8,1
L1-L2-L3,5,120,189,1
L1-L2-L3,5,123,154,1
L1-L2-L3,5,128,142,1
L1-L2-L3,5,129,67,1
L1-L2-L3,5,132,165,1
L1-L2-L3,5,134,11,1
L1-L2-L3,5,136,245,1
L1-L2-L3,5,137,108,1
L1-L2-L3,5,140,132,1
L1-L2-L3,5,155,4,1
L1-L2-L3,5,157,254,1
L1-L2-L3,5,161,27,1
L1-L2-L3,5,163,21,1
L1-L2-L3,5,165,139,1
L1-L2-L3,5,166,223,1
L1-L2-L3,5,168,122,1
L1-L2-L3,5,170,248,1
L1-L2-L3,5,173,129,1
L1-L2-L3,5,176,129,1
L1-L2-L3,5,177,180,1
L1-L2-L3,5,182,50,1
L1-L2-L3,5,186,144,1
L1-L2-L3,5,191,175,1
L1-L2-L3,5,195,126,1
L1-L2-L3,5,199,161,1
L1-L2-L3,5,200,136,1
L1-L2-L3,5,202,109,1
L1-L2-L3,5,204,132,1
L1-L2-L3,5,205,50,1
L1-L2-L3,5,224,111,1
L1-L2-L3,5,225,8,1
L1-L2-L3,5,226,50,1
L1-L2-L3,5,229,203,1
L1-L2-L3,5,233,36,1
L1-L2-L3,5,238,165,1
L1-L2-L3,5,242,180,1
L1-L2-L3,5,244,115,1
L1-L2-L3,5,250,162,1
L1-L2-L3,5,252,171,1
L1-L2-L3,5,254,173,1
L1-L2-L3,5,255,80,1
L1-L2-L3,6,0,245,1
L1-L2-L3,6,6,222,1
L1-L2-L3,6,9,198,1
L1-L2-L3,6,11,206,1
L1-L2-L3,6,14,186,1
L1-L2-L3,6,15,253,1
L1-L2-L3,6,21,127,1
L1-L2-L3,6,27,253,1
L1-L2-L3,6,33,77,1
L1-L2-L3,6,34,79,1
L1-L2-L3,6,35,144,1
L1-L2-L3,6,36,3,1
L1-L2-L3,6,37,32,1
L1-L2-L3,6,40,108,1
L1-L2-L3,6,41,175,1
L1-L2-L3,6,50,75,1
L1-L2-L3,6,51,250,1
L1-L2-L3,6,52,205,1
L1-L2-L3,6,53,110,1
L1-L2-L3,6,57,141,1
L1-L2-L3,6,59,191,1
L1-L2-L3,6,61,105,1
L1-L2-L3,6,69,65,1
L1-L2-L3,6,70,252,1
L1-L2-L3,6,72,108,1
L1-L2-L3,6,73,176,1
L1-L2-L3,6,76,28,1
L1-L2-L3,6,78,211,1
L1-L2-L3,6,83,186,1
L1-L2-L3,6,84,103,1
L1-L2-L3,6,85,129,1
L1-L2-L3,6,88,122,1
L1-L2-L3,6,93,197,1
L1-L2-L3,6,94,144,1
L1-L2-L3,6,95,118,1
L1-L2-L3,6,104,17,1
L1-L2-L3,6,105,166,1
L1-L2-L3,6,106,75,1
L1-L2-L3,6,108,78,1
L1-L2-L3,6,111,32,1
L1-L2-L3,6,113,66,1
L1-L2-L3,6,116,123,1
L1-L2-L3,6,117,217,1
L1-L2-L3,6,119,3,1
L1-L2-L3,6,120,231,1
L1-L2-L3,6,121,184,1
L1-L2-L3,6,123,105,1
L1-L2-L3,6,124,231,1
L1-L2-L3,6,125,46,1
L1-L2-L3,6,128,46,1
L1-L2-L3,6,129,75,1
L1-L2-L3,6,131,12,1
L1-L2-L3,6,133,238,1
L1-L2-L3,6,134,3,1
L1-L2-L3,6,135,167,1
L1-L2-L3,6,136,166,1
L1-L2-L3,6,137,179,1
L1-L2-L3,6,138,137,1
L1-L2-L3,6,139,18,1
L1-L2-L3,6,142,213,1
L1-L2-L3,6,143,202,1
L1-L2-L3,6,145,50,1
L1-L2-L3,6,147,105,1
L1-L2-L3,6,152,103,1
L1-L2-L3,6,153,178,1
L1-L2-L3,6,156,186,1
L1-L2-L3,6,157,45,1
L1-L2-L3,6,158,40,1
L1-L2-L3,6,159,212,1
L1-L2-L3,6,161,13,1
L1-L2-L3,6,163,22,1
L1-L2-L3,6,164,20,1
L1-L2-L3,6,167,3,1
L1-L2-L3,6,175,149,1
L1-L2-L3,6,177,63,1
L1-L2-L3,6,180,42,1
L1-L2-L3,6,182,98,1
L1-L2-L3,6,187,186,1
L1-L2-L3,6,189,217,1
L1-L2-L3,6,194,130,1
L1-L2-L3,6,195,40,1
L1-L2-L3,6,196,56,1
L1-L2-L3,6,198,35,1
L1-L2-L3,6,200,125,1
L1-L2-L3,6,202,30,1
L1-L2-L3,6,203,3,1
L1-L2-L3,6,205,154,1
L1-L2-L3,6,206,240,1
L1-L2-L3,6,209,0,1
L1-L2-L3,6,212,96,1
L1-L2-L3,6,213,5,1
L1-L2-L3,6,215,81,1
L1-L2-L3,6,216,103,1
L1-L2-L3,6,221,232,1
L1-L2-L3,6,224,143,1
L1-L2-L3,6,226,66,1
L1-L2-L3,6,229,97,1
L1-L2-L3,6,233,105,1
L1-L2-L3,6,237,138,1
L1-L2-L3,6,241,242,1
L1-L2-L3,6,242,96,1
L1-L2-L3,6,244,64,1
L1-L2-L3,6,245,123,1
L1-L2-L3,6,246,32,1
L1-L2-L3,6,248,68,1
L1-L2-L3,6,250,166,1
L1-L2-L3,6,251,63,1
L1-L2-L3,6,253,186,1
L1-L2-L3,7,6,51,1
L1-L2-L3,7,11,145,1
L1-L2-L3,7,12,139,1
L1-L2-L3,7,14,162,1
L1-L2-L3,7,15,196,1
L1-L2-L3,7,21,78,1
L1-L2-L3,7,22,126,1
L1-L2-L3,7,23,30,1
L1-L2-L3,7,30,10,1
L1-L2-L3,7,37,129,1
L1-L2-L3,7,39,164,1
L1-L2-L3,7,41,81,1
L1-L2-L3,7,42,118,1
L1-L2-L3,7,43,236,1
L1-L2-L3,7,44,201,1
L1-L2-L3,7,48,200,1
L1-L2-L3,7,51,211,1
L1-L2-L3,7,52,87,1
L1-L2-L3,7,53,21,1
L1-L2-L3,7,57,37,1
L1-L2-L3,7,59,177,1
L1-L2-L3,7,60,252,1
L1-L2-L3,7,61,122,1
L1-L2-L3,7,62,33,1
L1-L2-L3,7,63,104,1
L1-L2-L3,7,65,215,1
L1-L2-L3,7,66,44,1
L1-L2-L3,7,73,243,1
L1-L2-L3,7,74,201,1
L1-L2-L3,7,77,6,1
L1-L2-L3,7,78,177,1
L1-L2-L3,7,79,126,1
L1-L2-L3,7,81,44,1
L1-L2-L3,7,82,78,1
L1-L2-L3,7,87,235,1
L1-L2-L3,7,88,102,1
L1-L2-L3,7,93,54,1
L1-L2-L3,7,97,114,1
L1-L2-L3,7,98,223,1
L1-L2-L3,7,102,63,1
L1-L2-L3,7,104,39,1
L1-L2-L3,7,105,104,1
L1-L2-L3,7,107,185,1
L1-L2-L3,7,109,217,1
L1-L2-L3,7,116,112,1
L1-L2-L3,7,117,197,1
L1-L2-L3,7,119,188,1
L1-L2-L3,7,120,46,1
L1-L2-L3,7,125,66,1
L1-L2-L3,7,129,1,1
L1-L2-L3,7,130,68,1
L1-L2-L3,7,134,212,1
L1-L2-L3,7,138,92,1
L1-L2-L3,7,139,212,1
L1-L2-L3,7,141,23,1
L1-L2-L3,7,146,136,1
L1-L2-L3,7,149,126,1
L1-L2-L3,7,152,121,1
L1-L2-L3,7,153,234,1
L1-L2-L3,7,154,53,1
L1-L2-L3,7,155,206,1
L1-L2-L3,7,156,55,1
L1-L2-L3,7,159,183,1
L1-L2-L3,7,163,173,1
L1-L2-L3,7,164,71,1
L1-L2-L3,7,166,130,1
L1-L2-L3,7,167,114,1
L1-L2-L3,7,170,174,1
L1-L2-L3,7,175,170,1
L1-L2-L3,7,176,134,1
L1-L2-L3,7,182,39,1
L1-L2-L3,7,186,2,1
L1-L2-L3,7,189,144,1
L1-L2-L3,7,190,71,1
L1-L2-L3,7,191,246,1
L1-L2-L3,7,197,255,1
L1-L2-L3,7,198,112,1
L1-L2-L3,7,199,21,1
L1-L2-L3,7,200,210,1
L1-L2-L3,7,203,161,1
L1-L2-L3,7,204,203,1
L1-L2-L3,7,211,94,1
L1-L2-L3,7,213,129,1
L1-L2-L3,7,214,222,1
L1-L2-L3,7,215,135,1
L1-L2-L3,7,217,110,1
L1-L2-L3,7,218,51,1
L1-L2-L3,7,219,53,1
L1-L2-L3,7,222,14,1
L1-L2-L3,7,224,172,1
L1-L2-L3,7,226,192,1
L1-L2-L3,7,228,20,1
L1-L2-L3,7,230,128,1
L1-L2-L3,7,232,71,1
L1-L2-L3,7,234,204,1
L1-L2-L3,7,242,136,1
L1-L2-L3,7,244,194,1
L1-L2-L3,7,245,254,1
L1-L2-L3,7,253,217,1
L1-L2-L3,7,254,13,1
L1-L2-L3,8,4,131,1
L1-L2-L3,8,8,231,1
L1-L2-L3,8,15,243,1
L1-L2-L3,8,21,142,1
L1-L2-L3,8,23,4,1
L1-L2-L3,8,28,240,1
L1-L2-L3,8,30,43,1
L1-L2-L3,8,32,166,1
L1-L2-L3,8,33,211,1
L1-L2-L3,8,35,106,1
L1-L2-L3,8,39,188,1
L1-L2-L3,8,44,143,1
L1-L2-L3,8,46,66,1
L1-L2-L3,8,55,68,1
L1-L2-L3,8,59,156,1
L1-L2-L3,8,60,190,1
L1-L2-L3,8,65,84,1
L1-L2-L3,8,66,97,1
L1-L2-L3,8,69,31,1
L1-L2-L3,8,74,84,1
L1-L2-L3,8,75,38,1
L1-L2-L3,8,77,47,1
L1-L2-L3,8,82,140,1
L1-L2-L3,8,86,47,1
L1-L2-L3,8,87,48,1
L1-L2-L3,8,92,204,1
L1-L2-L3,8,94,57,1
L1-L2-L3,8,108,173,1
L1-L2-L3,8,109,144,1
L1-L2-L3,8,110,210,1
L1-L2-L3,8,112,249,1
L1-L2-L3,8,113,148,1
L1-L2-L3,8,115,166,1
L1-L2-L3,8,116,18,1
L1-L2-L3,8,121,37,1
L1-L2-L3,8,122,155,1
L1-L2-L3,8,123,129,1
L1-L2-L3,8,131,116,1
L1-L2-L3,8,134,74,1
L1-L2-L3,8,136,249,1
L1-L2-L3,8,137,58,1
L1-L2-L3,8,140,15,1
L1-L2-L3,8,145,187,1
L1-L2-L3,8,146,232,1
L1-L2-L3,8,150,28,1
L1-L2-L3,8,151,226,1
L1-L2-L3,8,155,107,1
L1-L2-L3,8,157,255,1
L1-L2-L3,8,158,208,1
L1-L2-L3,8,161,28,1
L1-L2-L3,8,164,128,1
L1-L2-L3,8,166,18,1
L1-L2-L3,8,174,12,1
L1-L2-L3,8,176,157,1
L1-L2-L3,8,180,174,1
L1-L2-L3,8,183,25,1
L1-L2-L3,8,189,91,1
L1-L2-L3,8,191,191,1
L1-L2-L3,8,192,216,1
L1-L2-L3,8,197,9,1
L1-L2-L3,8,203,37,1
L1-L2-L3,8,205,190,1
L1-L2-L3,8,206,85,1
L1-L2-L3,8,207,82,1
L1-L2-L3,8,211,15,1
L1-L2-L3,8,213,58,1
L1-L2-L3,8,216,104,1
L1-L2-L3,8,220,38,1
L1-L2-L3,8,221,223,1
L1-L2-L3,8,224,149,1
L1-L2-L3,8,229,73,1
L1-L2-L3,8,230,65,1
L1-L2-L3,8,233,154,1
L1-L2-L3,8,236,228,1
L1-L2-L3,8,237,51,1
L1-L2-L3,8,238,102,1
L1-L2-L3,8,240,198,1
L1-L2-L3,8,241,77,1
L1-L2-L3,8,243,254,1
L1-L2-L3,8,247,141,1
L1-L2-L3,8,248,18,1
L1-L2-L3,8,249,59,1
L1-L2-L3,8,250,129,1
L1-L2-L3,8,251,122,1
L1-L2-L3,8,253,213,1
L1-L2-L3,8,255,164,1
L1-L2-L3,9,0,16,1
L1-L2-L3,9,1,22,1
L1-L2-L3,9,2,138,1
L1-L2-L3,9,5,232,1
L1-L2-L3,9,6,30,1
L1-L2-L3,9,8,152,1
L1-L2-L3,9,11,235,1
L1-L2-L3,9,14,71,1
L1-L2-L3,9,15,77,1
L1-L2-L3,9,17,39,1
L1-L2-L3,9,18,67,1
L1-L2-L3,9,22,230,1
L1-L2-L3,9,23,227,1
L1-L2-L3,9,26,70,1
L1-L2-L3,9,28,173,1
L1-L2-L3,9,29,137,1
L1-L2-L3,9,31,6,1
L1-L2-L3,9,32,22,1
L1-L2-L3,9,36,247,1
L1-L2-L3,9,39,33,1
L1-L2-L3,9,40,172,1
L1-L2-L3,9,41,80,1
L1-L2-L3,9,42,24,1
L1-L2-L3,9,47,86,1
L1-L2-L3,9,48,238,1
L1-L2-L3,9,52,146,1
L1-L2-L3,9,53,180,1
L1-L2-L3,9,54,84,1
L1-L2-L3,9,55,173,1
L1-L2-L3,9,57,54,1
L1-L2-L3,9,62,82,1
L1-L2-L3,9,64,173,1
L1-L2-L3,9,81,10,1
L1-L2-L3,9,83,234,1
L1-L2-L3,9,86,104,1
L1-L2-L3,9,91,129,1
L1-L2-L3,9,94,92,1
L1-L2-L3,9,96,31,1
L1-L2-L3,9,104,72,1
L1-L2-L3,9,105,249,1
L1-L2-L3,9,106,118,1
L1-L2-L3,9,113,146,1
L1-L2-L3,9,114,9,1
L1-L2-L3,9,116,125,1
L1-L2-L3,9,119,23,1
L1-L2-L3,9,120,244,1
L1-L2-L3,9,122,28,1
L1-L2-L3,9,123,166,1
L1-L2-L3,9,124,102,1
L1-L2-L3,9,131,54,1
L1-L2-L3,9,136,145,1
L1-L2-L3,9,145,100,1
L1-L2-L3,9,151,66,1
L1-L2-L3,9,152,135,1
L1-L2-L3,9,158,8,1
L1-L2-L3,9,161,67,1
L1-L2-L3,9,165,250,1
L1-L2-L3,9,166,19,1
L1-L2-L3,9,167,86,1
L1-L2-L3,9,174,44,1
L1-L2-L3,9,175,177,1
L1-L2-L3,9,177,77,1
L1-L2-L3,9,179,31,1
L1-L2-L3,9,180,53,1
L1-L2-L3,9,183,37,1
L1-L2-L3,9,185,22,1
L1-L2-L3,9,186,17,1
L1-L2-L3,9,188,116,1
L1-L2-L3,9,192,61,1
L1-L2-L3,9,193,227,1
L1-L2-L3,9,194,56,1
L1-L2-L3,9,198,247,1
L1-L2-L3,9,202,76,1
L1-L2-L3,9,203,22,1
L1-L2-L3,9,206,88,1
L1-L2-L3,9,209,66,1
L1-L2-L3,9,210,241,1
L1-L2-L3,9,213,120,1
L1-L2-L3,9,215,202,1
L1-L2-L3,9,219,200,1
L1-L2-L3,9,220,140,1
L1-L2-L3,9,222,155,1
L1-L2-L3,9,223,156,1
L1-L2-L3,9,225,85,1
L1-L2-L3,9,227,88,1
L1-L2-L3,9,228,229,1
L1-L2-L3,9,231,150,1
L1-L2-L3,9,232,252,1
L1-L2-L3,9,233,204,1
L1-L2-L3,9,236,67,1
L1-L2-L3,9,238,101,1
L1-L2-L3,9,247,19,1
L1-L2-L3,9,250,255,1
L1-L2-L3,9,252,88,1
L1-L2-L3,9,254,71,1
L1-L2-L3,9,255,220,1
L1-L2-L3,10,0,223,1
L1-L2-L3,10,5,23,1
L1-L2-L3,10,21,236,1
L1-L2-L3,10,22,66,1
L1-L2-L3,10,25,166,1
L1-L2-L3,10,33,95,1
L1-L2-L3,10,34,204,1
L1-L2-L3,10,35,86,1
L1-L2-L3,10,39,173,1
L1-L2-L3,10,41,110,1
L1-L2-L3,10,42,234,1
L1-L2-L3,10,47,147,1
L1-L2-L3,10,49,11,1
L1-L2-L3,10,51,28,1
L1-L2-L3,10,55,207,1
L1-L2-L3,10,56,120,1
L1-L2-L3,10,58,146,1
L1-L2-L3,10,60,168,1
L1-L2-L3,10,62,214,1
L1-L2-L3,10,63,180,1
L1-L2-L3,10,64,32,1
L1-L2-L3,10,65,39,1
L1-L2-L3,10,68,103,1
L1-L2-L3,10,70,237,1
L1-L2-L3,10,74,112,1
L1-L2-L3,10,76,4,1
L1-L2-L3,10,77,62,1
L1-L2-L3,10,79,171,1
L1-L2-L3,10,87,143,1
L1-L2-L3,10,94,211,1
L1-L2-L3,10,95,170,1
L1-L2-L3,10,103,236,1
L1-L2-L3,10,104,89,1
L1-L2-L3,10,105,246,1
L1-L2-L3,10,106,142,1
L1-L2-L3,10,124,183,1
L1-L2-L3,10,126,197,1
L1-L2-L3,10,134,96,1
L1-L2-L3,10,135,77,1
L1-L2-L3,10,137,97,1
L1-L2-L3,10,138,50,1
L1-L2-L3,10,145,71,1
L1-L2-L3,10,148,225,1
L1-L2-L3,10,150,3,1
L1-L2-L3,10,151,77,1
L1-L2-L3,10,155,245,1
L1-L2-L3,10,160,58,1
L1-L2-L3,10,163,103,1
L1-L2-L3,10,169,207,1
L1-L2-L3,10,170,179,1
L1-L2-L3,10,171,84,1
L1-L2-L3,10,172,229,1
L1-L2-L3,10,173,34,1
L1-L2-L3,10,175,95,1
L1-L2-L3,10,177,82,1
L1-L2-L3,10,184,250,1
L1-L2-L3,10,186,82,1
L1-L2-L3,10,189,161,1
L1-L2-L3,10,190,239,1
L1-L2-L3,10,192,178,1
L1-L2-L3,10,195,180,1
L1-L2-L3,10,201,247,1
L1-L2-L3,10,202,239,1
L1-L2-L3,10,204,127,1
L1-L2-L3,10,205,79,1
L1-L2-L3,10,207,53,1
L1-L2-L3,10,208,19,1
L1-L2-L3,10,210,121,1
L1-L2-L3,10,214,160,1
L1-L2-L3,10,216,26,1
L1-L2-L3,10,219,36,1
L1-L2-L3,10,220,142,1
L1-L2-L3,10,223,109,1
L1-L2-L3,10,224,90,1
L1-L2-L3,10,226,155,1
L1-L2-L3,10,229,164,1
L1-L2-L3,10,230,203,1
L1-L2-L3,10,233,115,1
L1-L2-L3,10,238,250,1
L1-L2-L3,10,241,155,1
L1-L2-L3,10,243,184,1
L1-L2-L3,10,244,103,1
L1-L2-L3,10,245,154,1
L1-L2-L3,10,246,142,1
L1-L2-L3,10,251,179,1
L1-L2-L3,10,252,98,1
L1-L2-L3,10,253,206,1
L1-L2-L3,11,2,102,1
L1-L2-L3,11,4,3,1
L1-L2-L3,11,6,211,1
L1-L2-L3,11,7,155,1
L1-L2-L3,11,10,73,1
L1-L2-L3,11,11,64,1
L1-L2-L3,11,25,89,1
L1-L2-L3,11,26,221,1
L1-L2-L3,11,27,42,1
L1-L2-L3,11,29,183,1
L1-L2-L3,11,37,16,1
L1-L2-L3,11,40,171,1
L1-L2-L3,11,43,35,1
L1-L2-L3,11,52,149,1
L1-L2-L3,11,53,230,1
L1-L2-L3,11,64,47,1
L1-L2-L3,11,65,105,1
L1-L2-L3,11,66,42,1
L1-L2-L3,11,68,147,1
L1-L2-L3,11,69,29,1
L1-L2-L3,11,70,77,1
L1-L2-L3,11,73,230,1
L1-L2-L3,11,75,183,1
L1-L2-L3,11,76,177,1
L1-L2-L3,11,77,27,1
L1-L2-L3,11,79,158,1
L1-L2-L3,11,81,200,1
L1-L2-L3,11,82,172,1
L1-L2-L3,11,85,99,1
L1-L2-L3,11,91,189,1
L1-L2-L3,11,92,9,1
L1-L2-L3,11,93,211,1
L1-L2-L3,11,95,211,1
L1-L2-L3,11,102,144,1
L1-L2-L3,11,104,95,1
L1-L2-L3,11,113,39,1
L1-L2-L3,11,115,149,1
L1-L2-L3,11,120,84,1
L1-L2-L3,11,124,162,1
L1-L2-L3,11,128,189,1
L1-L2-L3,11,130,165,1
L1-L2-L3,11,137,251,1
L1-L2-L3,11,140,160,1
L1-L2-L3,11,141,235,1
L1-L2-L3,11,144,16,1
L1-L2-L3,11,145,99,1
L1-L2-L3,11,147,188,1
L1-L2-L3,11,156,177,1
L1-L2-L3,11,157,219,1
L1-L2-L3,11,159,125,1
L1-L2-L3,11,161,107,1
L1-L2-L3,11,162,207,1
L1-L2-L3,11,168,219,1
L1-L2-L3,11,175,223,1
L1-L2-L3,11,176,13,1
L1-L2-L3,11,181,185,1
L1-L2-L3,11,182,42,1
L1-L2-L3,11,184,4,1
L1-L2-L3,11,185,105,1
L1-L2-L3,11,186,79,1
L1-L2-L3,11,188,244,1
L1-L2-L3,11,191,222,1
L1-L2-L3,11,193,250,1
L1-L2-L3,11,195,189,1
L1-L2-L3,11,197,19,1
L1-L2-L3,11,198,160,1
L1-L2-L3,11,199,89,1
L1-L2-L3,11,200,176,1
L1-L2-L3,11,202,135,1
L1-L2-L3,11,203,251,1
L1-L2-L3,11,207,96,1
L1-L2-L3,11,209,183,1
L1-L2-L3,11,211,128,1
L1-L2-L3,11,213,18,1
L1-L2-L3,11,218,160,1
L1-L2-L3,11,219,42,1
L1-L2-L3,11,221,244,1
L1-L2-L3,11,222,211,1
L1-L2-L3,11,226,62,1
L1-L2-L3,11,227,117,1
L1-L2-L3,11,228,123,1
L1-L2-L3,11,230,20,1
L1-L2-L3,11,231,121,1
L1-L2-L3,11,232,18,1
L1-L2-L3,11,233,131,1
L1-L2-L3,11,236,158,1
L1-L2-L3,11,237,73,1
L1-L2-L3,11,238,95,1
L1-L2-L3,11,240,214,1
L1-L2-L3,11,241,241,1
L1-L2-L3,11,242,155,1
L1-L2-L3,11,243,22,1
L1-L2-L3,11,244,58,1
L1-L2-L3,11,245,137,1
L1-L2-L3,11,247,116,1
L1-L2-L3,11,249,4,1
L1-L2-L3,11,250,128,1
L1-L2-L3,11,251,142,1
L1-L2-L3,11,252,139,1
L1-L2-L3,12,4,231,1
L1-L2-L3,12,6,137,1
L1-L2-L3,12,7,176,1
L1-L2-L3,12,8,240,1
L1-L2-L3,12,15,234,1
L1-L2-L3,12,17,126,1
L1-L2-L3,12,20,172,1
L1-L2-L3,12,21,89,1
L1-L2-L3,12,22,96,1
L1-L2-L3,12,23,178,1
L1-L2-L3,12,24,89,1
L1-L2-L3,12,26,123,1
L1-L2-L3,12,28,89,1
L1-L2-L3,12,30,93,1
L1-L2-L3,12,33,89,1
L1-L2-L3,12,38,75,1
L1-L2-L3,12,39,159,1
L1-L2-L3,12,40,58,1
L1-L2-L3,12,47,123,1
L1-L2-L3,12,48,213,1
L1-L2-L3,12,52,235,1
L1-L2-L3,12,60,223,1
L1-L2-L3,12,65,45,1
L1-L2-L3,12,67,161,1
L1-L2-L3,12,68,49,1
L1-L2-L3,12,74,32,1
L1-L2-L3,12,79,104,1
L1-L2-L3,12,81,17,1
L1-L2-L3,12,85,40,1
L1-L2-L3,12,96,36,1
L1-L2-L3,12,97,104,1
L1-L2-L3,12,102,167,1
L1-L2-L3,12,104,223,1
L1-L2-L3,12,108,125,1
L1-L2-L3,12,111,226,1
L1-L2-L3,12,113,139,1
L1-L2-L3,12,114,226,1
L1-L2-L3,12,117,152,1
L1-L2-L3,12,123,192,1
L1-L2-L3,12,127,178,1
L1-L2-L3,12,129,37,1
L1-L2-L3,12,130,35,1
L1-L2-L3,12,132,228,1
L1-L2-L3,12,133,48,1
L1-L2-L3,12,135,40,1
L1-L2-L3,12,136,108,1
L1-L2-L3,12,137,22,1
L1-L2-L3,12,138,89,1
L1-L2-L3,12,139,105,1
L1-L2-L3,12,144,13,1
L1-L2-L3,12,145,242,1
L1-L2-L3,12,149,97,1
L1-L2-L3,12,150,251,1
L1-L2-L3,12,152,92,1
L1-L2-L3,12,153,141,1
L1-L2-L3,12,155,9,1
L1-L2-L3,12,158,113,1
L1-L2-L3,12,159,129,1
L1-L2-L3,12,160,144,1
L1-L2-L3,12,167,194,1
L1-L2-L3,12,170,193,1
L1-L2-L3,12,171,155,1
L1-L2-L3,12,174,202,1
L1-L2-L3,12,175,156,1
L1-L2-L3,12,176,242,1
L1-L2-L3,12,179,179,1
L1-L2-L3,12,186,239,1
L1-L2-L3,12,187,100,1
L1-L2-L3,12,189,166,1
L1-L2-L3,12,191,254,1
L1-L2-L3,12,193,18,1
L1-L2-L3,12,196,251,1
L1-L2-L3,12,199,125,1
L1-L2-L3,12,200,22,1
L1-L2-L3,12,201,62,1
L1-L2-L3,12,202,103,1
L1-L2-L3,12,206,254,1
L1-L2-L3,12,207,35,1
L1-L2-L3,12,208,183,1
L1-L2-L3,12,209,75,1
L1-L2-L3,12,211,203,1
L1-L2-L3,12,216,175,1
L1-L2-L3,12,218,202,1
L1-L2-L3,12,222,97,1
L1-L2-L3,12,224,197,1
L1-L2-L3,12,225,58,1
L1-L2-L3,12,229,114,1
L1-L2-L3,12,230,232,1
L1-L2-L3,12,234,235,1
L1-L2-L3,12,237,244,1
L1-L2-L3,12,238,168,1
L1-L2-L3,12,242,206,1
L1-L2-L3,12,250,180,1
L1-L2-L3,12,252,39,1
L1-L2-L3,12,255,176,1
L1-L2-L3,13,4,32,1
L1-L2-L3,13,5,219,1
L1-L2-L3,13,7,224,1
L1-L2-L3,13,8,27,1
L1-L2-L3,13,10,111,1
L1-L2-L3,13,11,223,1
L1-L2-L3,13,12,70,1
L1-L2-L3,13,16,72,1
L1-L2-L3,13,21,157,1
L1-L2-L3,13,22,49,1
L1-L2-L3,13,25,87,1
L1-L2-L3,13,26,53,1
L1-L2-L3,13,29,98,1
L1-L2-L3,13,30,144,1
L1-L2-L3,13,32,228,1
L1-L2-L3,13,34,34,1
L1-L2-L3,13,40,13,1
L1-L2-L3,13,41,228,1
L1-L2-L3,13,43,169,1
L1-L2-L3,13,47,27,1
L1-L2-L3,13,49,39,1
L1-L2-L3,13,50,239,1
L1-L2-L3,13,51,115,1
L1-L2-L3,13,52,217,1
L1-L2-L3,13,53,118,1
L1-L2-L3,13,54,92,1
L1-L2-L3,13,57,110,1
L1-L2-L3,13,60,9,1
L1-L2-L3,13,62,143,1
L1-L2-L3,13,63,83,1
L1-L2-L3,13,65,175,1
L1-L2-L3,13,71,57,1
L1-L2-L3,13,75,111,1
L1-L2-L3,13,77,18,1
L1-L2-L3,13,83,178,1
L1-L2-L3,13,85,63,1
L1-L2-L3,13,90,186,1
L1-L2-L3,13,92,186,1
L1-L2-L3,13,95,121,1
L1-L2-L3,13,98,233,1
L1-L2-L3,13,101,191,1
L1-L2-L3,13,104,178,1
L1-L2-L3,13,105,164,1
L1-L2-L3,13,106,64,1
L1-L2-L3,13,108,86,1
L1-L2-L3,13,111,239,1
L1-L2-L3,13,112,127,1
L1-L2-L3,13,115,96,1
L1-L2-L3,13,116,175,1
L1-L2-L3,13,117,168,1
L1-L2-L3,13,118,212,1
L1-L2-L3,13,119,127,1
L1-L2-L3,13,122,97,1
L1-L2-L3,13,127,112,1
L1-L2-L3,13,128,217,1
L1-L2-L3,13,129,87,1
L1-L2-L3,13,131,88,1
L1-L2-L3,13,132,133,1
L1-L2-L3,13,134,39,1
L1-L2-L3,13,135,48,1
L1-L2-L3,13,138,33,1
L1-L2-L3,13,139,131,1
L1-L2-L3,13,143,117,1
L1-L2-L3,13,144,38,1
L1-L2-L3,13,147,137,1
L1-L2-L3,13,149,131,1
L1-L2-L3,13,150,107,1
L1-L2-L3,13,153,64,1
L1-L2-L3,13,155,160,1
L1-L2-L3,13,157,144,1
L1-L2-L3,13,164,3,1
L1-L2-L3,13,166,249,1
L1-L2-L3,13,171,152,1
L1-L2-L3,13,174,64,1
L1-L2-L3,13,175,111,1
L1-L2-L3,13,183,12,1
L1-L2-L3,13,187,115,1
L1-L2-L3,13,191,147,1
L1-L2-L3,13,194,154,1
L1-L2-L3,13,195,32,1
L1-L2-L3,13,196,207,1
L1-L2-L3,13,197,139,1
L1-L2-L3,13,198,38,1
L1-L2-L3,13,199,27,1
L1-L2-L3,13,200,12,1
L1-L2-L3,13,205,146,1
L1-L2-L3,13,206,49,1
L1-L2-L3,13,210,27,1
L1-L2-L3,13,211,177,1
L1-L2-L3,13,212,142,1
L1-L2-L3,13,215,131,1
L1-L2-L3,13,216,189,1
L1-L2-L3,13,219,92,1
L1-L2-L3,13,224,62,1
L1-L2-L3,13,225,143,1
L1-L2-L3,13,229,95,1
L1-L2-L3,13,230,51,1
L1-L2-L3,13,231,0,1
L1-L2-L3,13,234,206,1
L1-L2-L3,13,235,180,1
L1-L2-L3,13,236,121,1
L1-L2-L3,13,238,162,1
L1-L2-L3,13,241,43,1
L1-L2-L3,13,242,118,1
L1-L2-L3,13,243,225,1
L1-L2-L3,13,246,94,1
L1-L2-L3,13,250,126,1
L1-L2-L3,13,251,160,1
L1-L2-L3,13,252,143,1
L1-L2-L3,13,254,213,1
L1-L2-L3,13,255,178,1
L1-L2-L3,14,3,201,1
L1-L2-L3,14,4,33,1
L1-L2-L3,14,5,196,1
L1-L2-L3,14,8,119,1
L1-L2-L3,14,10,188,1
L1-L2-L3,14,13,37,1
L1-L2-L3,14,14,4,1
L1-L2-L3,14,19,101,1
L1-L2-L3,14,36,211,1
L1-L2-L3,14,38,8,1
L1-L2-L3,14,40,132,1
L1-L2-L3,14,42,16,1
L1-L2-L3,14,46,8,1
L1-L2-L3,14,51,112,1
L1-L2-L3,14,52,219,1
L1-L2-L3,14,54,134,1
L1-L2-L3,14,64,150,1
L1-L2-L3,14,77,222,1
L1-L2-L3,14,78,59,1
L1-L2-L3,14,88,31,1
L1-L2-L3,14,90,94,1
L1-L2-L3,14,92,44,1
L1-L2-L3,14,94,122,1
L1-L2-L3,14,106,170,1
L1-L2-L3,14,107,169,1
L1-L2-L3,14,109,59,1
L1-L2-L3,14,110,86,1
L1-L2-L3,14,111,201,1
L1-L2-L3,14,113,203,1
L1-L2-L3,14,114,62,1
L1-L2-L3,14,115,242,1
L1-L2-L3,14,118,72,1
L1-L2-L3,14,119,44,1
L1-L2-L3,14,122,111,1
L1-L2-L3,14,125,49,1
L1-L2-L3,14,126,70,1
L1-L2-L3,14,132,169,1
L1-L2-L3,14,137,226,1
L1-L2-L3,14,139,80,1
L1-L2-L3,14,140,159,1
L1-L2-L3,14,141,47,1
L1-L2-L3,14,146,11,1
L1-L2-L3,14,149,94,1
L1-L2-L3,14,152,114,1
L1-L2-L3,14,156,106,1
L1-L2-L3,14,164,140,1
L1-L2-L3,14,167,59,1
L1-L2-L3,14,168,90,1
L1-L2-L3,14,170,45,1
L1-L2-L3,14,171,81,1
L1-L2-L3,14,172,210,1
L1-L2-L3,14,174,174,1
L1-L2-L3,14,175,213,1
L1-L2-L3,14,176,37,1
L1-L2-L3,14,178,180,1
L1-L2-L3,14,179,150,1
L1-L2-L3,14,183,171,1
L1-L2-L3,14,185,237,1
L1-L2-L3,14,186,81,1
L1-L2-L3,14,187,169,1
L1-L2-L3,14,188,212,1
L1-L2-L3,14,190,211,1
L1-L2-L3,14,192,141,1
L1-L2-L3,14,199,139,1
L1-L2-L3,14,202,159,1
L1-L2-L3,14,203,72,1
L1-L2-L3,14,205,49,1
L1-L2-L3,14,208,27,1
L1-L2-L3,14,210,202,1
L1-L2-L3,14,211,85,1
L1-L2-L3,14,214,206,1
L1-L2-L3,14,216,127,1
L1-L2-L3,14,221,241,1
L1-L2-L3,14,222,248,1
L1-L2-L3,14,223,241,1
L1-L2-L3,14,224,49,1
L1-L2-L3,14,231,101,1
L1-L2-L3,14,234,227,1
L1-L2-L3,14,235,92,1
L1-L2-L3,14,236,214,1
L1-L2-L3,14,237,80,1
L1-L2-L3,14,238,98,1
L1-L2-L3,14,239,159,1
L1-L2-L3,14,240,145,1
L1-L2-L3,14,241,27,1
L1-L2-L3,14,244,185,1
L1-L2-L3,14,245,162,1
L1-L2-L3,14,246,10,1
L1-L2-L3,14,247,91,1
L1-L2-L3,14,248,251,1
L1-L2-L3,14,250,66,1
L1-L2-L3,14,251,88,1
L1-L2-L3,14,252,147,1
L1-L2-L3,14,254,62,1
L1-L2-L3,15,2,44,1
L1-L2-L3,15,7,21,1
L1-L2-L3,15,9,230,1
L1-L2-L3,15,11,155,1
L1-L2-L3,15,13,79,1
L1-L2-L3,15,14,148,1
L1-L2-L3,15,24,42,1
L1-L2-L3,15,27,208,1
L1-L2-L3,15,30,174,1
L1-L2-L3,15,31,135,1
L1-L2-L3,15,32,96,1
L1-L2-L3,15,33,36,1
L1-L2-L3,15,34,129,1
L1-L2-L3,15,35,36,1
L1-L2-L3,15,36,80,1
L1-L2-L3,15,42,159,1
L1-L2-L3,15,47,8,1
L1-L2-L3,15,53,112,1
L1-L2-L3,15,57,12,1
L1-L2-L3,15,60,39,1
L1-L2-L3,15,62,103,1
L1-L2-L3,15,65,177,1
L1-L2-L3,15,66,16,1
L1-L2-L3,15,67,38,1
L1-L2-L3,15,69,254,1
L1-L2-L3,15,75,142,1
L1-L2-L3,15,81,15,1
L1-L2-L3,15,84,21,1
L1-L2-L3,15,85,37,1
L1-L2-L3,15,86,182,1
L1-L2-L3,15,90,3,1
L1-L2-L3,15,92,245,1
L1-L2-L3,15,96,146,1
L1-L2-L3,15,97,3,1
L1-L2-L3,15,99,21,1
L1-L2-L3,15,100,30,1
L1-L2-L3,15,111,6,1
L1-L2-L3,15,115,211,1
L1-L2-L3,15,117,8,1
L1-L2-L3,15,119,197,1
L1-L2-L3,15,122,24,1
L1-L2-L3,15,123,201,1
L1-L2-L3,15,124,19,1
L1-L2-L3,15,132,246,1
L1-L2-L3,15,133,53,1
L1-L2-L3,15,135,37,1
L1-L2-L3,15,136,71,1
L1-L2-L3,15,137,149,1
L1-L2-L3,15,141,160,1
L1-L2-L3,15,142,203,1
L1-L2-L3,15,143,222,1
L1-L2-L3,15,145,127,1
L1-L2-L3,15,146,13,1
L1-L2-L3,15,148,175,1
L1-L2-L3,15,153,93,1
L1-L2-L3,15,155,119,1
L1-L2-L3,15,158,122,1
L1-L2-L3,15,161,249,1
L1-L2-L3,15,165,8,1
L1-L2-L3,15,166,153,1
L1-L2-L3,15,170,119,1
L1-L2-L3,15,173,94,1
L1-L2-L3,15,174,182,1
L1-L2-L3,15,175,136,1
L1-L2-L3,15,176,64,1
L1-L2-L3,15,198,159,1
L1-L2-L3,15,200,21,1
L1-L2-L3,15,205,12,1
L1-L2-L3,15,210,18,1
L1-L2-L3,15,214,83,1
L1-L2-L3,15,216,17,1
L1-L2-L3,15,218,75,1
L1-L2-L3,15,219,3,1
L1-L2-L3,15,221,119,1
L1-L2-L3,15,222,223,1
L1-L2-L3,15,224,156,1
L1-L2-L3,15,225,180,1
L1-L2-L3,15,227,199,1
L1-L2-L3,15,229,198,1
L1-L2-L3,15,230,37,1
L1-L2-L3,15,231,201,1
L1-L2-L3,15,233,207,1
L1-L2-L3,15,234,7,1
L1-L2-L3,15,235,184,1
L1-L2-L3,15,237,57,1
L1-L2-L3,15,238,207,1
L1-L2-L3,15,239,215,1
L1-L2-L3,15,240,18,1
L1-L2-L3,15,241,141,1
L1-L2-L3,15,243,198,1
L1-L2-L3,15,244,111,1
L1-L2-L3,15,245,2,1
L1-L2-L3,15,248,64,1
L1-L2-L3,15,251,201,1
L1-L2-L3,15,252,220,1
L1-L2-L3,15,254,105,1
L1-L2-L3,16,2,74,1
L1-L2-L3,16,10,21,1
L1-L2-L3,16,12,225,1
L1-L2-L3,16,13,183,1
L1-L2-L3,16,14,160,1
L1-L2-L3,16,15,80,1
L1-L2-L3,16,22,213,1
L1-L2-L3,16,25,133,1
L1-L2-L3,16,30,154,1
L1-L2-L3,16,32,160,1
L1-L2-L3,16,35,243,1
L1-L2-L3,16,36,176,1
L1-L2-L3,16,37,244,1
L1-L2-L3,16,41,63,1
L1-L2-L3,16,44,129,1
L1-L2-L3,16,45,13,1
L1-L2-L3,16,47,105,1
L1-L2-L3,16,51,0,1
L1-L2-L3,16,53,155,1
L1-L2-L3,16,59,131,1
L1-L2-L3,16,60,175,1
L1-L2-L3,16,61,182,1
L1-L2-L3,16,62,46,1
L1-L2-L3,16,64,167,1
L1-L2-L3,16,69,32,1
L1-L2-L3,16,71,162,1
L1-L2-L3,16,77,157,1
L1-L2-L3,16,79,112,1
L1-L2-L3,16,80,84,1
L1-L2-L3,16,81,34,1
L1-L2-L3,16,82,96,1
L1-L2-L3,16,84,35,1
L1-L2-L3,16,86,26,1
L1-L2-L3,16,87,131,1
L1-L2-L3,16,88,56,1
L1-L2-L3,16,90,97,1
L1-L2-L3,16,92,185,1
L1-L2-L3,16,94,235,1
L1-L2-L3,16,95,167,1
L1-L2-L3,16,97,99,1
L1-L2-L3,16,99,16,1
L1-L2-L3,16,100,176,1
L1-L2-L3,16,101,244,1
L1-L2-L3,16,102,16,1
L1-L2-L3,16,103,242,1
L1-L2-L3,16,107,148,1
L1-L2-L3,16,108,92,1
L1-L2-L3,16,111,223,1
L1-L2-L3,16,116,58,1
L1-L2-L3,16,120,83,1
L1-L2-L3,16,122,11,1
L1-L2-L3,16,123,240,1
L1-L2-L3,16,129,166,1
L1-L2-L3,16,134,16,1
L1-L2-L3,16,137,78,1
L1-L2-L3,16,139,133,1
L1-L2-L3,16,152,16,1
L1-L2-L3,16,154,6,1
L1-L2-L3,16,155,65,1
L1-L2-L3,16,156,84,1
L1-L2-L3,16,158,162,1
L1-L2-L3,16,159,76,1
L1-L2-L3,16,165,101,1
L1-L2-L3,16,169,176,1
L1-L2-L3,16,170,90,1
L1-L2-L3,16,172,191,1
L1-L2-L3,16,173,170,1
L1-L2-L3,16,177,64,1
L1-L2-L3,16,178,178,1
L1-L2-L3,16,182,20,1
L1-L2-L3,16,183,162,1
L1-L2-L3,16,184,52,1
L1-L2-L3,16,185,206,1
L1-L2-L3,16,190,152,1
L1-L2-L3,16,195,67,1
L1-L2-L3,16,199,175,1
L1-L2-L3,16,203,231,1
L1-L2-L3,16,206,125,1
L1-L2-L3,16,210,211,1
L1-L2-L3,16,211,93,1
L1-L2-L3,16,215,22,1
L1-L2-L3,16,216,105,1
L1-L2-L3,16,217,123,1
L1-L2-L3,16,219,128,1
L1-L2-L3,16,220,87,1
L1-L2-L3,16,221,163,1
L1-L2-L3,16,222,82,1
L1-L2-L3,16,223,93,1
L1-L2-L3,16,224,79,1
L1-L2-L3,16,225,2,1
L1-L2-L3,16,226,3,1
L1-L2-L3,16,227,43,1
L1-L2-L3,16,228,163,1
L1-L2-L3,16,229,225,1
L1-L2-L3,16,230,123,1
L1-L2-L3,16,231,163,1
L1-L2-L3,16,232,130,1
L1-L2-L3,16,236,239,1
L1-L2-L3,16,238,5,1
L1-L2-L3,16,239,56,1
L1-L2-L3,16,241,18,1
L1-L2-L3,16,242,198,1
L1-L2-L3,16,246,102,1
L1-L2-L3,16,247,69,1
L1-L2-L3,16,248,45,1
L1-L2-L3,16,249,139,1
L1-L2-L3,16,250,109,1
L1-L2-L3,16,251,211,1
L1-L2-L3,16,252,13,1
L1-L2-L3,16,254,209,1
L1-L2-L3,17,5,185,1
L1-L2-L3,17,9,132,1
L1-L2-L3,17,14,18,1
L1-L2-L3,17,15,221,1
L1-L2-L3,17,17,95,1
L1-L2-L3,17,25,97,1
L1-L2-L3,17,26,72,1
L1-L2-L3,17,33,41,1
L1-L2-L3,17,38,183,1
L1-L2-L3,17,44,202,1
L1-L2-L3,17,45,166,1
L1-L2-L3,17,46,85,1
L1-L2-L3,17,52,169,1
L1-L2-L3,17,54,171,1
L1-L2-L3,17,57,139,1
L1-L2-L3,17,58,252,1
L1-L2-L3,17,60,82,1
L1-L2-L3,17,64,18,1
L1-L2-L3,17,66,144,1
L1-L2-L3,17,67,115,1
L1-L2-L3,17,71,64,1
L1-L2-L3,17,72,70,1
L1-L2-L3,17,74,254,1
L1-L2-L3,17,77,216,1
L1-L2-L3,17,80,56,1
L1-L2-L3,17,81,215,1
L1-L2-L3,17,83,120,1
L1-L2-L3,17,84,56,1
L1-L2-L3,17,86,37,1
L1-L2-L3,17,87,145,1
L1-L2-L3,17,88,39,1
L1-L2-L3,17,89,164,1
L1-L2-L3,17,90,99,1
L1-L2-L3,17,91,59,1
L1-L2-L3,17,99,211,1
L1-L2-L3,17,100,102,1
L1-L2-L3,17,103,41,1
L1-L2-L3,17,105,89,1
L1-L2-L3,17,108,64,1
L1-L2-L3,17,110,145,1
L1-L2-L3,17,120,64,1
L1-L2-L3,17,121,19,1
L1-L2-L3,17,126,221,1
L1-L2-L3,17,127,233,1
L1-L2-L3,17,130,201,1
L1-L2-L3,17,131,56,1
L1-L2-L3,17,133,61,1
L1-L2-L3,17,134,155,1
L1-L2-L3,17,136,253,1
L1-L2-L3,17,139,94,1
L1-L2-L3,17,141,206,1
L1-L2-L3,17,143,126,1
L1-L2-L3,17,148,102,1
L1-L2-L3,17,149,48,1
L1-L2-L3,17,150,12,1
L1-L2-L3,17,152,186,1
L1-L2-L3,17,155,177,1
L1-L2-L3,17,156,184,1
L1-L2-L3,17,157,77,1
L1-L2-L3,17,160,248,1
L1-L2-L3,17,163,131,1
L1-L2-L3,17,164,118,1
L1-L2-L3,17,165,167,1
L1-L2-L3,17,168,76,1
L1-L2-L3,17,170,33,1
L1-L2-L3,17,171,78,1
L1-L2-L3,17,176,183,1
L1-L2-L3,17,181,222,1
L1-L2-L3,17,185,145,1
L1-L2-L3,17,187,84,1
L1-L2-L3,17,188,114,1
L1-L2-L3,17,191,211,1
L1-L2-L3,17,192,143,1
L1-L2-L3,17,193,14,1
L1-L2-L3,17,195,226,1
L1-L2-L3,17,198,145,1
L1-L2-L3,17,199,217,1
L1-L2-L3,17,200,33,1
L1-L2-L3,17,201,91,1
L1-L2-L3,17,202,221,1
L1-L2-L3,17,204,15,1
L1-L2-L3,17,205,41,1
L1-L2-L3,17,208,252,1
L1-L2-L3,17,209,24,1
L1-L2-L3,17,210,183,1
L1-L2-L3,17,212,160,1
L1-L2-L3,17,213,210,1
L1-L2-L3,17,214,89,1
L1-L2-L3,17,217,187,1
L1-L2-L3,17,219,210,1
L1-L2-L3,17,222,70,1
L1-L2-L3,17,224,136,1
L1-L2-L3,17,226,57,1
L1-L2-L3,17,229,249,1
L1-L2-L3,17,230,217,1
L1-L2-L3,17,234,166,1
L1-L2-L3,17,236,115,1
L1-L2-L3,17,239,141,1
L1-L2-L3,17,240,249,1
L1-L2-L3,17,241,181,1
L1-L2-L3,17,242,216,1
L1-L2-L3,17,246,71,1
L1-L2-L3,17,249,131,1
L1-L2-L3,17,250,13,1
L1-L2-L3,17,252,221,1
L1-L2-L3,17,253,254,1
L1-L2-L3,17,254,70,1
L1-L2-L3,18,9,154,1
L1-L2-L3,18,16,99,1
L1-L2-L3,18,21,245,1
L1-L2-L3,18,23,76,1
L1-L2-L3,18,27,24,1
L1-L2-L3,18,28,252,1
L1-L2-L3,18,30,159,1
L1-L2-L3,18,33,90,1
L1-L2-L3,18,42,188,1
L1-L2-L3,18,46,59,1
L1-L2-L3,18,60,50,1
L1-L2-L3,18,62,27,1
L1-L2-L3,18,63,242,1
L1-L2-L3,18,64,96,1
L1-L2-L3,18,67,56,1
L1-L2-L3,18,72,201,1
L1-L2-L3,18,73,54,1
L1-L2-L3,18,75,172,1
L1-L2-L3,18,76,242,1
L1-L2-L3,18,77,48,1
L1-L2-L3,18,78,251,1
L1-L2-L3,18,80,77,1
L1-L2-L3,18,82,139,1
L1-L2-L3,18,85,245,1
L1-L2-L3,18,90,178,1
L1-L2-L3,18,100,144,1
L1-L2-L3,18,101,72,1
L1-L2-L3,18,102,39,1
L1-L2-L3,18,103,141,1
L1-L2-L3,18,104,4,1
L1-L2-L3,18,106,179,1
L1-L2-L3,18,112,31,1
L1-L2-L3,18,113,75,1
L1-L2-L3,18,115,71,1
L1-L2-L3,18,122,60,1
L1-L2-L3,18,123,194,1
L1-L2-L3,18,124,95,1
L1-L2-L3,18,129,159,1
L1-L2-L3,18,130,92,1
L1-L2-L3,18,133,77,1
L1-L2-L3,18,136,207,1
L1-L2-L3,18,143,42,1
L1-L2-L3,18,145,117,1
L1-L2-L3,18,147,50,1
L1-L2-L3,18,150,71,1
L1-L2-L3,18,154,140,1
L1-L2-L3,18,155,131,1
L1-L2-L3,18,156,72,1
L1-L2-L3,18,158,131,1
L1-L2-L3,18,162,3,1
L1-L2-L3,18,166,47,1
L1-L2-L3,18,167,45,1
L1-L2-L3,18,169,146,1
L1-L2-L3,18,170,207,1
L1-L2-L3,18,175,99,1
L1-L2-L3,18,176,53,1
L1-L2-L3,18,179,55,1
L1-L2-L3,18,181,238,1
L1-L2-L3,18,183,27,1
L1-L2-L3,18,185,194,1
L1-L2-L3,18,194,190,1
L1-L2-L3,18,197,143,1
L1-L2-L3,18,199,62,1
L1-L2-L3,18,200,86,1
L1-L2-L3,18,201,89,1
L1-L2-L3,18,203,226,1
L1-L2-L3,18,204,201,1
L1-L2-L3,18,211,211,1
L1-L2-L3,18,214,53,1
L1-L2-L3,18,215,66,1
L1-L2-L3,18,216,191,1
L1-L2-L3,18,217,188,1
L1-L2-L3,18,218,131,1
L1-L2-L3,18,220,98,1
L1-L2-L3,18,224,21,1
L1-L2-L3,18,226,98,1
L1-L2-L3,18,227,16,1
L1-L2-L3,18,231,154,1
L1-L2-L3,18,234,190,1
L1-L2-L3,18,237,111,1
L1-L2-L3,18,239,71,1
L1-L2-L3,18,243,39,1
L1-L2-L3,18,244,212,1
L1-L2-L3,18,245,179,1
L1-L2-L3,18,246,110,1
L1-L2-L3,18,250,80,1
L1-L2-L3,18,254,207,1
L1-L2-L3,19,0,3,1
L1-L2-L3,19,2,127,1
L1-L2-L3,19,3,132,1
L1-L2-L3,19,10,237,1
L1-L2-L3,19,14,252,1
L1-L2-L3,19,21,218,1
L1-L2-L3,19,32,154,1
L1-L2-L3,19,34,13,1
L1-L2-L3,19,37,69,1
L1-L2-L3,19,39,155,1
L1-L2-L3,19,46,127,1
L1-L2-L3,19,50,141,1
L1-L2-L3,19,57,7,1
L1-L2-L3,19,60,94,1
L1-L2-L3,19,62,39,1
L1-L2-L3,19,63,124,1
L1-L2-L3,19,65,114,1
L1-L2-L3,19,74,238,1
L1-L2-L3,19,75,88,1
L1-L2-L3,19,76,55,1
L1-L2-L3,19,77,32,1
L1-L2-L3,19,79,186,1
L1-L2-L3,19,80,66,1
L1-L2-L3,19,82,114,1
L1-L2-L3,19,87,200,1
L1-L2-L3,19,89,107,1
L1-L2-L3,19,94,229,1
L1-L2-L3,19,96,223,1
L1-L2-L3,19,97,66,1
L1-L2-L3,19,100,33,1
L1-L2-L3,19,110,48,1
L1-L2-L3,19,111,79,1
L1-L2-L3,19,113,100,1
L1-L2-L3,19,114,122,1
L1-L2-L3,19,115,141,1
L1-L2-L3,19,116,4,1
L1-L2-L3,19,118,94,1
L1-L2-L3,19,119,9,1
L1-L2-L3,19,123,103,1
L1-L2-L3,19,124,175,1
L1-L2-L3,19,128,155,1
L1-L2-L3,19,129,33,1
L1-L2-L3,19,130,46,1
L1-L2-L3,19,132,62,1
L1-L2-L3,19,135,121,1
L1-L2-L3,19,136,35,1
L1-L2-L3,19,139,157,1
L1-L2-L3,19,144,105,1
L1-L2-L3,19,149,185,1
L1-L2-L3,19,152,203,1
L1-L2-L3,19,157,64,1
L1-L2-L3,19,159,8,1
L1-L2-L3,19,160,163,1
L1-L2-L3,19,161,76,1
L1-L2-L3,19,163,252,1
L1-L2-L3,19,164,216,1
L1-L2-L3,19,165,100,1
L1-L2-L3,19,169,32,1
L1-L2-L3,19,174,103,1
L1-L2-L3,19,175,18,1
L1-L2-L3,19,176,8,1
L1-L2-L3,19,178,109,1
L1-L2-L3,19,180,177,1
L1-L2-L3,19,184,112,1
L1-L2-L3,19,185,189,1
L1-L2-L3,19,186,73,1
L1-L2-L3,19,187,222,1
L1-L2-L3,19,189,192,1
L1-L2-L3,19,191,99,1
L1-L2-L3,19,192,206,1
L1-L2-L3,19,193,182,1
L1-L2-L3,19,195,178,1
L1-L2-L3,19,197,117,1
L1-L2-L3,19,200,143,1
L1-L2-L3,19,207,26,1
L1-L2-L3,19,209,32,1
L1-L2-L3,19,210,137,1
L1-L2-L3,19,212,39,1
L1-L2-L3,19,216,1,1
L1-L2-L3,19,219,13,1
L1-L2-L3,19,220,182,1
L1-L2-L3,19,224,121,1
L1-L2-L3,19,226,216,1
L1-L2-L3,19,227,202,1
L1-L2-L3,19,230,192,1
L1-L2-L3,19,231,109,1
L1-L2-L3,19,232,103,1
L1-L2-L3,19,233,100,1
L1-L2-L3,19,235,60,1
L1-L2-L3,19,239,119,1
L1-L2-L3,19,242,36,1
L1-L2-L3,19,246,68,1
L1-L2-L3,19,250,192,1
L1-L2-L3,19,251,140,1
L1-L2-L3,19,252,154,1
L1-L2-L3,19,254,184,1
L1-L2-L3,19,255,173,1
L1-L2-L3,20,0,173,1
L1-L2-L3,20,1,206,1
L1-L2-L3,20,3,118,1
L1-L2-L3,20,4,126,1
L1-L2-L3,20,5,110,1
L1-L2-L3,20,6,160,1
L1-L2-L3,20,7,103,1
L1-L2-L3,20,10,228,1
L1-L2-L3,20,11,78,1
L1-L2-L3,20,14,110,1
L1-L2-L3,20,15,91,1
L1-L2-L3,20,16,123,1
L1-L2-L3,20,17,16,1
L1-L2-L3,20,22,149,1
L1-L2-L3,20,23,234,1
L1-L2-L3,20,25,95,1
L1-L2-L3,20,26,103,1
L1-L2-L3,20,30,202,1
L1-L2-L3,20,31,241,1
L1-L2-L3,20,33,17,1
L1-L2-L3,20,49,44,1
L1-L2-L3,20,51,129,1
L1-L2-L3,20,54,155,1
L1-L2-L3,20,55,64,1
L1-L2-L3,20,59,70,1
L1-L2-L3,20,61,25,1
L1-L2-L3,20,63,100,1
L1-L2-L3,20,65,107,1
L1-L2-L3,20,66,169,1
L1-L2-L3,20,78,226,1
L1-L2-L3,20,80,162,1
L1-L2-L3,20,81,108,1
L1-L2-L3,20,85,17,1
L1-L2-L3,20,86,198,1
L1-L2-L3,20,89,152,1
L1-L2-L3,20,91,253,1
L1-L2-L3,20,92,179,1
L1-L2-L3,20,96,43,1
L1-L2-L3,20,99,199,1
L1-L2-L3,20,100,68,1
L1-L2-L3,20,102,235,1
L1-L2-L3,20,105,8,1
L1-L2-L3,20,106,50,1
L1-L2-L3,20,109,177,1
L1-L2-L3,20,110,88,1
L1-L2-L3,20,111,199,1
L1-L2-L3,20,112,29,1
L1-L2-L3,20,114,112,1
L1-L2-L3,20,115,67,1
L1-L2-L3,20,117,97,1
L1-L2-L3,20,121,233,1
L1-L2-L3,20,122,183,1
L1-L2-L3,20,124,186,1
L1-L2-L3,20,129,149,1
L1-L2-L3,20,131,235,1
L1-L2-L3,20,132,254,1
L1-L2-L3,20,133,226,1
L1-L2-L3,20,134,217,1
L1-L2-L3,20,137,88,1
L1-L2-L3,20,139,11,1
L1-L2-L3,20,140,56,1
L1-L2-L3,20,141,240,1
L1-L2-L3,20,142,133,1
L1-L2-L3,20,143,67,1
L1-L2-L3,20,147,35,1
L1-L2-L3,20,149,113,1
L1-L2-L3,20,150,5,1
L1-L2-L3,20,151,84,1
L1-L2-L3,20,153,241,1
L1-L2-L3,20,155,239,1
L1-L2-L3,20,156,237,1
L1-L2-L3,20,159,26,1
L1-L2-L3,20,162,70,1
L1-L2-L3,20,163,34,1
L1-L2-L3,20,164,170,1
L1-L2-L3,20,165,239,1
L1-L2-L3,20,168,187,1
L1-L2-L3,20,169,235,1
L1-L2-L3,20,171,167,1
L1-L2-L3,20,172,179,1
L1-L2-L3,20,173,228,1
L1-L2-L3,20,174,90,1
L1-L2-L3,20,178,186,1
L1-L2-L3,20,179,116,1
L1-L2-L3,20,180,5,1
L1-L2-L3,20,181,95,1
L1-L2-L3,20,184,43,1
L1-L2-L3,20,188,130,1
L1-L2-L3,20,192,117,1
L1-L2-L3,20,193,130,1
L1-L2-L3,20,195,186,1
L1-L2-L3,20,196,238,1
L1-L2-L3,20,197,116,1
L1-L2-L3,20,200,46,1
L1-L2-L3,20,202,38,1
L1-L2-L3,20,203,74,1
L1-L2-L3,20,205,155,1
L1-L2-L3,20,207,242,1
L1-L2-L3,20,208,178,1
L1-L2-L3,20,213,219,1
L1-L2-L3,20,216,0,1
L1-L2-L3,20,218,74,1
L1-L2-L3,20,219,62,1
L1-L2-L3,20,220,152,1
L1-L2-L3,20,221,43,1
L1-L2-L3,20,222,55,1
L1-L2-L3,20,226,185,1
L1-L2-L3,20,227,204,1
L1-L2-L3,20,230,144,1
L1-L2-L3,20,232,111,1
L1-L2-L3,20,235,183,1
L1-L2-L3,20,236,143,1
L1-L2-L3,20,237,83,1
L1-L2-L3,20,239,129,1
L1-L2-L3,20,242,113,1
L1-L2-L3,20,243,227,1
L1-L2-L3,20,244,41,1
L1-L2-L3,20,245,120,1
L1-L2-L3,20,246,107,1
L1-L2-L3,20,253,105,1
L1-L2-L3,20,254,251,1
L1-L2-L3,20,255,238,1
L1-L2-L3,21,2,56,1
L1-L2-L3,21,5,237,1
L1-L2-L3,21,6,19,1
L1-L2-L3,21,7,214,1
L1-L2-L3,21,9,83,1
L1-L2-L3,21,10,41,1
L1-L2-L3,21,12,245,1
L1-L2-L3,21,13,218,1
L1-L2-L3,21,19,98,1
L1-L2-L3,21,20,158,1
L1-L2-L3,21,21,4,1
L1-L2-L3,21,22,119,1
L1-L2-L3,21,23,133,1
L1-L2-L3,21,31,161,1
L1-L2-L3,21,37,7,1
L1-L2-L3,21,41,120,1
L1-L2-L3,21,43,30,1
L1-L2-L3,21,46,232,1
L1-L2-L3,21,51,145,1
L1-L2-L3,21,53,136,1
L1-L2-L3,21,54,60,1
L1-L2-L3,21,60,212,1
L1-L2-L3,21,61,206,1
L1-L2-L3,21,62,119,1
L1-L2-L3,21,64,90,1
L1-L2-L3,21,71,38,1
L1-L2-L3,21,77,106,1
L1-L2-L3,21,78,102,1
L1-L2-L3,21,79,1,1
L1-L2-L3,21,81,19,1
L1-L2-L3,21,85,88,1
L1-L2-L3,21,88,158,1
L1-L2-L3,21,89,141,1
L1-L2-L3,21,97,83,1
L1-L2-L3,21,98,83,1
L1-L2-L3,21,100,203,1
L1-L2-L3,21,101,2,1
L1-L2-L3,21,103,54,1
L1-L2-L3,21,107,218,1
L1-L2-L3,21,114,59,1
L1-L2-L3,21,118,122,1
L1-L2-L3,21,120,237,1
L1-L2-L3,21,122,70,1
L1-L2-L3,21,126,21,1
L1-L2-L3,21,130,60,1
L1-L2-L3,21,131,90,1
L1-L2-L3,21,137,246,1
L1-L2-L3,21,139,38,1
L1-L2-L3,21,142,139,1
L1-L2-L3,21,145,101,1
L1-L2-L3,21,149,114,1
L1-L2-L3,21,152,37,1
L1-L2-L3,21,156,159,1
L1-L2-L3,21,158,134,1
L1-L2-L3,21,161,43,1
L1-L2-L3,21,163,180,1
L1-L2-L3,21,167,232,1
L1-L2-L3,21,168,207,1
L1-L2-L3,21,170,59,1
L1-L2-L3,21,172,198,1
L1-L2-L3,21,176,124,1
L1-L2-L3,21,177,221,1
L1-L2-L3,21,180,203,1
L1-L2-L3,21,184,62,1
L1-L2-L3,21,187,97,1
L1-L2-L3,21,188,188,1
L1-L2-L3,21,194,218,1
L1-L2-L3,21,195,124,1
L1-L2-L3,21,198,81,1
L1-L2-L3,21,200,32,1
L1-L2-L3,21,203,55,1
L1-L2-L3,21,204,152,1
L1-L2-L3,21,207,15,1
L1-L2-L3,21,208,48,1
L1-L2-L3,21,212,18,1
L1-L2-L3,21,216,90,1
L1-L2-L3,21,219,140,1
L1-L2-L3,21,224,115,1
L1-L2-L3,21,225,179,1
L1-L2-L3,21,226,224,1
L1-L2-L3,21,229,85,1
L1-L2-L3,21,231,225,1
L1-L2-L3,21,234,15,1
L1-L2-L3,21,235,43,1
L1-L2-L3,21,236,205,1
L1-L2-L3,21,237,197,1
L1-L2-L3,21,238,8,1
L1-L2-L3,21,239,98,1
L1-L2-L3,21,240,190,1
L1-L2-L3,21,243,115,1
L1-L2-L3,21,245,157,1
L1-L2-L3,21,247,102,1
L1-L2-L3,21,249,204,1
L1-L2-L3,21,250,56,1
L1-L2-L3,21,253,171,1
L1-L2-L3,22,3,252,1
L1-L2-L3,22,4,159,1
L1-L2-L3,22,15,72,1
L1-L2-L3,22,19,216,1
L1-L2-L3,22,23,174,1
L1-L2-L3,22,25,80,1
L1-L2-L3,22,26,69,1
L1-L2-L3,22,27,156,1
L1-L2-L3,22,29,141,1
L1-L2-L3,22,33,183,1
L1-L2-L3,22,40,4,1
L1-L2-L3,22,50,244,1
L1-L2-L3,22,52,43,1
L1-L2-L3,22,65,69,1
L1-L2-L3,22,71,219,1
L1-L2-L3,22,75,24,1
L1-L2-L3,22,77,221,1
L1-L2-L3,22,79,191,1
L1-L2-L3,22,85,1,1
L1-L2-L3,22,88,1,1
L1-L2-L3,22,95,105,1
L1-L2-L3,22,96,1,1
L1-L2-L3,22,102,121,1
L1-L2-L3,22,106,105,1
L1-L2-L3,22,107,134,1
L1-L2-L3,22,108,146,1
L1-L2-L3,22,115,29,1
L1-L2-L3,22,118,160,1
L1-L2-L3,22,121,196,1
L1-L2-L3,22,133,72,1
L1-L2-L3,22,139,71,1
L1-L2-L3,22,142,201,1
L1-L2-L3,22,143,139,1
L1-L2-L3,22,144,24,1
L1-L2-L3,22,147,156,1
L1-L2-L3,22,150,217,1
L1-L2-L3,22,152,235,1
L1-L2-L3,22,154,58,1
L1-L2-L3,22,162,31,1
L1-L2-L3,22,163,82,1
L1-L2-L3,22,165,156,1
L1-L2-L3,22,166,226,1
L1-L2-L3,22,167,208,1
L1-L2-L3,22,168,201,1
L1-L2-L3,22,171,197,1
L1-L2-L3,22,181,105,1
L1-L2-L3,22,183,134,1
L1-L2-L3,22,186,6,1
L1-L2-L3,22,189,31,1
L1-L2-L3,22,196,121,1
L1-L2-L3,22,198,231,1
L1-L2-L3,22,203,185,1
L1-L2-L3,22,204,174,1
L1-L2-L3,22,205,93,1
L1-L2-L3,22,206,219,1
L1-L2-L3,22,207,174,1
L1-L2-L3,22,210,252,1
L1-L2-L3,22,215,126,1
L1-L2-L3,22,216,69,1
L1-L2-L3,22,221,153,1
L1-L2-L3,22,223,80,1
L1-L2-L3,22,224,219,1
L1-L2-L3,22,225,216,1
L1-L2-L3,22,229,49,1
L1-L2-L3,22,230,47,1
L1-L2-L3,22,231,189,1
L1-L2-L3,22,233,241,1
L1-L2-L3,22,238,169,1
L1-L2-L3,22,240,111,1
L1-L2-L3,22,242,72,1
L1-L2-L3,22,244,105,1
L1-L2-L3,22,247,97,1
L1-L2-L3,22,248,59,1
L1-L2-L3,22,250,69,1
L1-L2-L3,22,251,65,1
L1-L2-L3,22,252,105,1
L1-L2-L3,23,1,63,1
L1-L2-L3,23,5,31,1
L1-L2-L3,23,6,31,1
L1-L2-L3,23,8,82,1
L1-L2-L3,23,9,122,1
L1-L2-L3,23,12,252,1
L1-L2-L3,23,14,7,1
L1-L2-L3,23,18,84,1
L1-L2-L3,23,19,142,1
L1-L2-L3,23,20,53,1
L1-L2-L3,23,24,164,1
L1-L2-L3,23,25,222,1
L1-L2-L3,23,30,110,1
L1-L2-L3,23,33,213,1
L1-L2-L3,23,34,162,1
L1-L2-L3,23,35,127,1
L1-L2-L3,23,38,80,1
L1-L2-L3,23,43,172,1
L1-L2-L3,23,50,59,1
L1-L2-L3,23,52,141,1
L1-L2-L3,23,53,113,1
L1-L2-L3,23,55,142,1
L1-L2-L3,23,61,125,1
L1-L2-L3,23,63,208,1
L1-L2-L3,23,65,57,1
L1-L2-L3,23,66,106,1
L1-L2-L3,23,73,205,1
L1-L2-L3,23,80,252,1
L1-L2-L3,23,82,181,1
L1-L2-L3,23,83,167,1
L1-L2-L3,23,86,93,1
L1-L2-L3,23,94,129,1
L1-L2-L3,23,97,125,1
L1-L2-L3,23,101,31,1
L1-L2-L3,23,104,139,1
L1-L2-L3,23,106,13,1
L1-L2-L3,23,109,252,1
L1-L2-L3,23,112,166,1
L1-L2-L3,23,113,121,1
L1-L2-L3,23,116,122,1
L1-L2-L3,23,118,68,1
L1-L2-L3,23,120,96,1
L1-L2-L3,23,128,162,1
L1-L2-L3,23,130,149,1
L1-L2-L3,23,132,217,1
L1-L2-L3,23,133,247,1
L1-L2-L3,23,134,239,1
L1-L2-L3,23,137,218,1
L1-L2-L3,23,138,218,1
L1-L2-L3,23,139,184,1
L1-L2-L3,23,141,105,1
L1-L2-L3,23,146,168,1
L1-L2-L3,23,147,158,1
L1-L2-L3,23,148,238,1
L1-L2-L3,23,149,84,1
L1-L2-L3,23,150,136,1
L1-L2-L3,23,152,145,1
L1-L2-L3,23,155,139,1
L1-L2-L3,23,157,132,1
L1-L2-L3,23,160,211,1
L1-L2-L3,23,165,73,1
L1-L2-L3,23,166,247,1
L1-L2-L3,23,168,57,1
L1-L2-L3,23,170,213,1
L1-L2-L3,23,171,107,1
L1-L2-L3,23,172,233,1
L1-L2-L3,23,175,125,1
L1-L2-L3,23,178,27,1
L1-L2-L3,23,180,111,1
L1-L2-L3,23,182,191,1
L1-L2-L3,23,187,173,1
L1-L2-L3,23,188,243,1
L1-L2-L3,23,191,171,1
L1-L2-L3,23,196,68,1
L1-L2-L3,23,197,213,1
L1-L2-L3,23,198,68,1
L1-L2-L3,23,205,107,1
L1-L2-L3,23,213,111,1
L1-L2-L3,23,227,181,1
L1-L2-L3,23,231,31,1
L1-L2-L3,23,234,82,1
L1-L2-L3,23,235,45,1
L1-L2-L3,23,243,94,1
L1-L2-L3,23,245,32,1
L1-L2-L3,23,252,110,1
L1-L2-L3,23,253,175,1
L1-L2-L3,23,254,106,1
L1-L2-L3,24,1,253,1
L1-L2-L3,24,2,162,1
L1-L2-L3,24,4,186,1
L1-L2-L3,24,10,162,1
L1-L2-L3,24,14,124,1
L1-L2-L3,24,15,116,1
L1-L2-L3,24,20,43,1
L1-L2-L3,24,23,118,1
L1-L2-L3,24,24,246,1
L1-L2-L3,24,25,137,1
L1-L2-L3,24,27,142,1
L1-L2-L3,24,34,16,1
L1-L2-L3,24,37,109,1
L1-L2-L3,24,41,107,1
L1-L2-L3,24,42,137,1
L1-L2-L3,24,47,235,1
L1-L2-L3,24,48,172,1
L1-L2-L3,24,51,95,1
L1-L2-L3,24,56,189,1
L1-L2-L3,24,57,161,1
L1-L2-L3,24,66,199,1
L1-L2-L3,24,67,34,1
L1-L2-L3,24,68,70,1
L1-L2-L3,24,75,98,1
L1-L2-L3,24,78,117,1
L1-L2-L3,24,79,99,1
L1-L2-L3,24,82,137,1
L1-L2-L3,24,85,162,1
L1-L2-L3,24,86,186,1
L1-L2-L3,24,87,158,1
L1-L2-L3,24,88,157,1
L1-L2-L3,24,96,207,1
L1-L2-L3,24,100,253,1
L1-L2-L3,24,103,105,1
L1-L2-L3,24,106,251,1
L1-L2-L3,24,108,25,1
L1-L2-L3,24,114,72,1
L1-L2-L3,24,116,21,1
L1-L2-L3,24,118,25,1
L1-L2-L3,24,119,163,1
L1-L2-L3,24,121,155,1
L1-L2-L3,24,122,57,1
L1-L2-L3,24,123,162,1
L1-L2-L3,24,124,93,1
L1-L2-L3,24,127,157,1
L1-L2-L3,24,132,176,1
L1-L2-L3,24,133,45,1
L1-L2-L3,24,135,99,1
L1-L2-L3,24,141,185,1
L1-L2-L3,24,144,141,1
L1-L2-L3,24,145,64,1
L1-L2-L3,24,146,123,1
L1-L2-L3,24,154,172,1
L1-L2-L3,24,156,253,1
L1-L2-L3,24,157,39,1
L1-L2-L3,24,160,110,1
L1-L2-L3,24,162,73,1
L1-L2-L3,24,165,205,1
L1-L2-L3,24,168,106,1
L1-L2-L3,24,169,22,1
L1-L2-L3,24,174,223,1
L1-L2-L3,24,185,188,1
L1-L2-L3,24,186,137,1
L1-L2-L3,24,187,185,1
L1-L2-L3,24,188,95,1
L1-L2-L3,24,190,246,1
L1-L2-L3,24,193,107,1
L1-L2-L3,24,197,252,1
L1-L2-L3,24,199,49,1
L1-L2-L3,24,201,223,1
L1-L2-L3,24,205,176,1
L1-L2-L3,24,207,9,1
L1-L2-L3,24,208,118,1
L1-L2-L3,24,209,160,1
L1-L2-L3,24,211,165,1
L1-L2-L3,24,214,96,1
L1-L2-L3,24,215,106,1
L1-L2-L3,24,216,154,1
L1-L2-L3,24,217,16,1
L1-L2-L3,24,219,223,1
L1-L2-L3,24,220,241,1
L1-L2-L3,24,221,251,1
L1-L2-L3,24,223,227,1
L1-L2-L3,24,226,126,1
L1-L2-L3,24,229,227,1
L1-L2-L3,24,230,176,1
L1-L2-L3,24,231,48,1
L1-L2-L3,24,233,53,1
L1-L2-L3,24,234,58,1
L1-L2-L3,24,235,225,1
L1-L2-L3,24,238,99,1
L1-L2-L3,24,240,250,1
L1-L2-L3,24,242,189,1
L1-L2-L3,24,246,16,1
L1-L2-L3,24,247,34,1
L1-L2-L3,24,251,11,1
L1-L2-L3,24,253,25,1
L1-L2-L3,25,4,137,1
L1-L2-L3,25,5,97,1
L1-L2-L3,25,10,177,1
L1-L2-L3,25,11,50,1
L1-L2-L3,25,12,120,1
L1-L2-L3,25,14,19,1
L1-L2-L3,25,19,117,1
L1-L2-L3,25,22,32,1
L1-L2-L3,25,27,207,1
L1-L2-L3,25,34,2,1
L1-L2-L3,25,35,32,1
L1-L2-L3,25,38,97,1
L1-L2-L3,25,40,85,1
L1-L2-L3,25,44,89,1
L1-L2-L3,25,45,142,1
L1-L2-L3,25,48,30,1
L1-L2-L3,25,49,133,1
L1-L2-L3,25,54,96,1
L1-L2-L3,25,57,101,1
L1-L2-L3,25,58,91,1
L1-L2-L3,25,60,87,1
L1-L2-L3,25,61,26,1
L1-L2-L3,25,62,81,1
L1-L2-L3,25,66,103,1
L1-L2-L3,25,68,195,1
L1-L2-L3,25,69,178,1
L1-L2-L3,25,70,48,1
L1-L2-L3,25,76,171,1
L1-L2-L3,25,78,223,1
L1-L2-L3,25,79,55,1
L1-L2-L3,25,83,133,1
L1-L2-L3,25,87,128,1
L1-L2-L3,25,88,16,1
L1-L2-L3,25,89,93,1
L1-L2-L3,25,91,127,1
L1-L2-L3,25,92,213,1
L1-L2-L3,25,97,235,1
L1-L2-L3,25,98,158,1
L1-L2-L3,25,99,96,1
L1-L2-L3,25,100,162,1
L1-L2-L3,25,101,197,1
L1-L2-L3,25,102,34,1
L1-L2-L3,25,104,40,1
L1-L2-L3,25,105,224,1
L1-L2-L3,25,107,154,1
L1-L2-L3,25,109,163,1
L1-L2-L3,25,110,234,1
L1-L2-L3,25,112,64,1
L1-L2-L3,25,115,125,1
L1-L2-L3,25,117,170,1
L1-L2-L3,25,120,47,1
L1-L2-L3,25,121,68,1
L1-L2-L3,25,122,78,1
L1-L2-L3,25,123,15,1
L1-L2-L3,25,126,160,1
L1-L2-L3,25,129,45,1
L1-L2-L3,25,130,242,1
L1-L2-L3,25,133,89,1
L1-L2-L3,25,136,234,1
L1-L2-L3,25,137,145,1
L1-L2-L3,25,138,142,1
L1-L2-L3,25,141,159,1
L1-L2-L3,25,142,39,1
L1-L2-L3,25,143,105,1
L1-L2-L3,25,144,242,1
L1-L2-L3,25,146,47,1
L1-L2-L3,25,148,63,1
L1-L2-L3,25,155,11,1
L1-L2-L3,25,156,242,1
L1-L2-L3,25,157,32,1
L1-L2-L3,25,158,50,1
L1-L2-L3,25,161,26,1
L1-L2-L3,25,162,205,1
L1-L2-L3,25,165,169,1
L1-L2-L3,25,166,238,1
L1-L2-L3,25,167,222,1
L1-L2-L3,25,168,209,1
L1-L2-L3,25,170,148,1
L1-L2-L3,25,173,131,1
L1-L2-L3,25,176,203,1
L1-L2-L3,25,178,160,1
L1-L2-L3,25,181,56,1
L1-L2-L3,25,183,76,1
L1-L2-L3,25,184,118,1
L1-L2-L3,25,185,246,1
L1-L2-L3,25,190,8,1
L1-L2-L3,25,192,120,1
L1-L2-L3,25,196,196,1
L1-L2-L3,25,197,189,1
L1-L2-L3,25,198,14,1
L1-L2-L3,25,200,175,1
L1-L2-L3,25,202,157,1
L1-L2-L3,25,203,98,1
L1-L2-L3,25,204,77,1
L1-L2-L3,25,205,131,1
L1-L2-L3,25,206,243,1
L1-L2-L3,25,207,133,1
L1-L2-L3,25,208,242,1
L1-L2-L3,25,209,65,1
L1-L2-L3,25,212,196,1
L1-L2-L3,25,217,97,1
L1-L2-L3,25,218,48,1
L1-L2-L3,25,220,162,1
L1-L2-L3,25,221,204,1
L1-L2-L3,25,222,37,1
L1-L2-L3,25,230,197,1
L1-L2-L3,25,232,33,1
L1-L2-L3,25,233,130,1
L1-L2-L3,25,234,207,1
L1-L2-L3,25,236,82,1
L1-L2-L3,25,238,18,1
L1-L2-L3,25,239,83,1
L1-L2-L3,25,240,206,1
L1-L2-L3,25,241,191,1
L1-L2-L3,25,242,124,1
L1-L2-L3,25,244,147,1
L1-L2-L3,25,245,247,1
L1-L2-L3,25,249,137,1
L1-L2-L3,25,251,186,1
L1-L2-L3,26,0,73,1
L1-L2-L3,26,2,128,1
L1-L2-L3,26,3,144,1
L1-L2-L3,26,4,52,1
L1-L2-L3,26,7,167,1
L1-L2-L3,26,8,214,1
L1-L2-L3,26,11,71,1
L1-L2-L3,26,17,182,1
L1-L2-L3,26,19,50,1
L1-L2-L3,26,36,25,1
L1-L2-L3,26,37,112,1
L1-L2-L3,26,39,89,1
L1-L2-L3,26,46,137,1
L1-L2-L3,26,48,95,1
L1-L2-L3,26,49,214,1
L1-L2-L3,26,50,197,1
L1-L2-L3,26,52,147,1
L1-L2-L3,26,59,42,1
L1-L2-L3,26,61,163,1
L1-L2-L3,26,65,210,1
L1-L2-L3,26,71,183,1
L1-L2-L3,26,73,184,1
L1-L2-L3,26,78,191,1
L1-L2-L3,26,79,160,1
L1-L2-L3,26,80,169,1
L1-L2-L3,26,87,43,1
L1-L2-L3,26,89,14,1
L1-L2-L3,26,96,203,1
L1-L2-L3,26,97,61,1
L1-L2-L3,26,100,184,1
L1-L2-L3,26,109,120,1
L1-L2-L3,26,116,84,1
L1-L2-L3,26,117,183,1
L1-L2-L3,26,124,9,1
L1-L2-L3,26,125,255,1
L1-L2-L3,26,128,209,1
L1-L2-L3,26,132,182,1
L1-L2-L3,26,134,103,1
L1-L2-L3,26,144,15,1
L1-L2-L3,26,145,13,1
L1-L2-L3,26,155,255,1
L1-L2-L3,26,158,17,1
L1-L2-L3,26,160,61,1
L1-L2-L3,26,162,79,1
L1-L2-L3,26,165,90,1
L1-L2-L3,26,169,221,1
L1-L2-L3,26,173,17,1
L1-L2-L3,26,179,185,1
L1-L2-L3,26,181,15,1
L1-L2-L3,26,183,109,1
L1-L2-L3,26,185,171,1
L1-L2-L3,26,191,139,1
L1-L2-L3,26,196,144,1
L1-L2-L3,26,197,20,1
L1-L2-L3,26,199,20,1
L1-L2-L3,26,203,201,1
L1-L2-L3,26,205,216,1
L1-L2-L3,26,206,73,1
L1-L2-L3,26,207,144,1
L1-L2-L3,26,208,219,1
L1-L2-L3,26,210,32,1
L1-L2-L3,26,211,194,1
L1-L2-L3,26,213,185,1
L1-L2-L3,26,214,52,1
L1-L2-L3,26,216,179,1
L1-L2-L3,26,221,89,1
L1-L2-L3,26,222,60,1
L1-L2-L3,26,223,154,1
L1-L2-L3,26,224,144,1
L1-L2-L3,26,230,160,1
L1-L2-L3,26,233,88,1
L1-L2-L3,26,234,210,1
L1-L2-L3,26,235,70,1
L1-L2-L3,26,239,158,1
L1-L2-L3,26,240,177,1
L1-L2-L3,26,241,195,1
L1-L2-L3,26,244,6,1
L1-L2-L3,26,245,152,1
L1-L2-L3,26,246,45,1
L1-L2-L3,26,247,78,1
L1-L2-L3,26,251,22,1
L1-L2-L3,26,253,43,1
L1-L2-L3,26,255,210,1
L1-L2-L3,27,1,105,1
L1-L2-L3,27,3,246,1
L1-L2-L3,27,4,133,1
L1-L2-L3,27,5,113,1
L1-L2-L3,27,6,33,1
L1-L2-L3,27,9,204,1
L1-L2-L3,27,11,171,1
L1-L2-L3,27,14,37,1
L1-L2-L3,27,15,184,1
L1-L2-L3,27,16,83,1
L1-L2-L3,27,17,85,1
L1-L2-L3,27,19,139,1
L1-L2-L3,27,21,126,1
L1-L2-L3,27,24,106,1
L1-L2-L3,27,25,190,1
L1-L2-L3,27,28,43,1
L1-L2-L3,27,29,7,1
L1-L2-L3,27,31,57,1
L1-L2-L3,27,32,39,1
L1-L2-L3,27,36,1,1
L1-L2-L3,27,42,136,1
L1-L2-L3,27,45,162,1
L1-L2-L3,27,46,113,1
L1-L2-L3,27,51,65,1
L1-L2-L3,27,54,126,1
L1-L2-L3,27,56,176,1
L1-L2-L3,27,59,126,1
L1-L2-L3,27,61,68,1
L1-L2-L3,27,69,192,1
L1-L2-L3,27,74,190,1
L1-L2-L3,27,78,188,1
L1-L2-L3,27,81,57,1
L1-L2-L3,27,85,148,1
L1-L2-L3,27,94,151,1
L1-L2-L3,27,96,107,1
L1-L2-L3,27,99,145,1
L1-L2-L3,27,103,113,1
L1-L2-L3,27,108,95,1
L1-L2-L3,27,110,52,1
L1-L2-L3,27,117,93,1
L1-L2-L3,27,119,177,1
L1-L2-L3,27,123,134,1
L1-L2-L3,27,124,56,1
L1-L2-L3,27,127,39,1
L1-L2-L3,27,128,164,1
L1-L2-L3,27,132,191,1
L1-L2-L3,27,133,142,1
L1-L2-L3,27,135,195,1
L1-L2-L3,27,138,213,1
L1-L2-L3,27,139,236,1
L1-L2-L3,27,140,164,1
L1-L2-L3,27,144,33,1
L1-L2-L3,27,145,182,1
L1-L2-L3,27,147,111,1
L1-L2-L3,27,154,25,1
L1-L2-L3,27,155,39,1
L1-L2-L3,27,156,45,1
L1-L2-L3,27,158,12,1
L1-L2-L3,27,159,90,1
L1-L2-L3,27,160,223,1
L1-L2-L3,27,161,68,1
L1-L2-L3,27,162,69,1
L1-L2-L3,27,163,245,1
L1-L2-L3,27,164,86,1
L1-L2-L3,27,167,28,1
L1-L2-L3,27,168,7,1
L1-L2-L3,27,171,61,1
L1-L2-L3,27,173,100,1
L1-L2-L3,27,177,126,1
L1-L2-L3,27,178,218,1
L1-L2-L3,27,179,13,1
L1-L2-L3,27,180,27,1
L1-L2-L3,27,181,202,1
L1-L2-L3,27,187,218,1
L1-L2-L3,27,188,246,1
L1-L2-L3,27,189,200,1
L1-L2-L3,27,195,84,1
L1-L2-L3,27,196,92,1
L1-L2-L3,27,197,30,1
L1-L2-L3,27,198,115,1
L1-L2-L3,27,202,94,1
L1-L2-L3,27,203,196,1
L1-L2-L3,27,205,14,1
L1-L2-L3,27,206,100,1
L1-L2-L3,27,207,78,1
L1-L2-L3,27,208,59,1
L1-L2-L3,27,209,14,1
L1-L2-L3,27,210,111,1
L1-L2-L3,27,213,218,1
L1-L2-L3,27,215,96,1
L1-L2-L3,27,220,174,1
L1-L2-L3,27,223,92,1
L1-L2-L3,27,225,144,1
L1-L2-L3,27,226,111,1
L1-L2-L3,27,229,234,1
L1-L2-L3,27,232,74,1
L1-L2-L3,27,235,61,1
L1-L2-L3,27,239,31,1
L1-L2-L3,27,242,61,1
L1-L2-L3,27,243,116,1
L1-L2-L3,27,244,197,1
L1-L2-L3,27,245,158,1
L1-L2-L3,27,247,128,1
L1-L2-L3,27,250,77,1
L1-L2-L3,27,253,188,1
L1-L2-L3,28,2,247,1
L1-L2-L3,28,9,70,1
L1-L2-L3,28,11,141,1
L1-L2-L3,28,12,49,1
L1-L2-L3,28,16,48,1
L1-L2-L3,28,17,78,1
L1-L2-L3,28,18,219,1
L1-L2-L3,28,19,106,1
L1-L2-L3,28,20,178,1
L1-L2-L3,28,25,19,1
L1-L2-L3,28,27,117,1
L1-L2-L3,28,36,156,1
L1-L2-L3,28,38,11,1
L1-L2-L3,28,46,51,1
L1-L2-L3,28,54,224,1
L1-L2-L3,28,58,188,1
L1-L2-L3,28,70,47,1
L1-L2-L3,28,72,62,1
L1-L2-L3,28,78,160,1
L1-L2-L3,28,80,22,1
L1-L2-L3,28,81,254,1
L1-L2-L3,28,88,32,1
L1-L2-L3,28,89,20,1
L1-L2-L3,28,91,108,1
L1-L2-L3,28,93,86,1
L1-L2-L3,28,94,176,1
L1-L2-L3,28,96,160,1
L1-L2-L3,28,98,92,1
L1-L2-L3,28,104,220,1
L1-L2-L3,28,105,148,1
L1-L2-L3,28,111,161,1
L1-L2-L3,28,112,94,1
L1-L2-L3,28,117,206,1
L1-L2-L3,28,118,53,1
L1-L2-L3,28,124,133,1
L1-L2-L3,28,125,97,1
L1-L2-L3,28,129,63,1
L1-L2-L3,28,131,132,1
L1-L2-L3,28,132,230,1
L1-L2-L3,28,134,137,1
L1-L2-L3,28,135,178,1
L1-L2-L3,28,137,131,1
L1-L2-L3,28,141,219,1
L1-L2-L3,28,143,13,1
L1-L2-L3,28,144,35,1
L1-L2-L3,28,145,135,1
L1-L2-L3,28,148,245,1
L1-L2-L3,28,154,175,1
L1-L2-L3,28,157,159,1
L1-L2-L3,28,160,48,1
L1-L2-L3,28,162,175,1
L1-L2-L3,28,163,166,1
L1-L2-L3,28,166,105,1
L1-L2-L3,28,170,131,1
L1-L2-L3,28,173,155,1
L1-L2-L3,28,174,188,1
L1-L2-L3,28,176,168,1
L1-L2-L3,28,180,154,1
L1-L2-L3,28,182,178,1
L1-L2-L3,28,183,78,1
L1-L2-L3,28,184,188,1
L1-L2-L3,28,187,48,1
L1-L2-L3,28,188,221,1
L1-L2-L3,28,190,119,1
L1-L2-L3,28,191,121,1
L1-L2-L3,28,192,63,1
L1-L2-L3,28,196,81,1
L1-L2-L3,28,197,175,1
L1-L2-L3,28,198,130,1
L1-L2-L3,28,199,103,1
L1-L2-L3,28,200,29,1
L1-L2-L3,28,203,130,1
L1-L2-L3,28,205,143,1
L1-L2-L3,28,206,131,1
L1-L2-L3,28,207,104,1
L1-L2-L3,28,209,196,1
L1-L2-L3,28,210,71,1
L1-L2-L3,28,211,32,1
L1-L2-L3,28,214,26,1
L1-L2-L3,28,216,208,1
L1-L2-L3,28,220,235,1
L1-L2-L3,28,222,177,1
L1-L2-L3,28,226,67,1
L1-L2-L3,28,227,156,1
L1-L2-L3,28,229,65,1
L1-L2-L3,28,230,178,1
L1-L2-L3,28,231,38,1
L1-L2-L3,28,232,239,1
L1-L2-L3,28,233,58,1
L1-L2-L3,28,234,45,1
L1-L2-L3,28,235,126,1
L1-L2-L3,28,237,86,1
L1-L2-L3,28,238,214,1
L1-L2-L3,28,241,96,1
L1-L2-L3,28,242,175,1
L1-L2-L3,28,243,117,1
L1-L2-L3,28,244,242,1
L1-L2-L3,28,245,222,1
L1-L2-L3,28,248,167,1
L1-L2-L3,28,251,144,1
L1-L2-L3,28,252,122,1
L1-L2-L3,29,2,226,1
L1-L2-L3,29,5,195,1
L1-L2-L3,29,8,170,1
L1-L2-L3,29,14,109,1
L1-L2-L3,29,17,109,1
L1-L2-L3,29,19,11,1
L1-L2-L3,29,22,35,1
L1-L2-L3,29,23,51,1
L1-L2-L3,29,27,19,1
L1-L2-L3,29,31,72,1
L1-L2-L3,29,32,232,1
L1-L2-L3,29,37,223,1
L1-L2-L3,29,38,143,1
L1-L2-L3,29,41,182,1
L1-L2-L3,29,44,121,1
L1-L2-L3,29,45,80,1
L1-L2-L3,29,47,49,1
L1-L2-L3,29,49,137,1
L1-L2-L3,29,57,171,1
L1-L2-L3,29,63,195,1
L1-L2-L3,29,64,108,1
L1-L2-L3,29,68,36,1
L1-L2-L3,29,75,243,1
L1-L2-L3,29,79,6,1
L1-L2-L3,29,81,100,1
L1-L2-L3,29,85,174,1
L1-L2-L3,29,87,73,1
L1-L2-L3,29,88,221,1
L1-L2-L3,29,94,6,1
L1-L2-L3,29,103,164,1
L1-L2-L3,29,106,18,1
L1-L2-L3,29,108,235,1
L1-L2-L3,29,110,161,1
L1-L2-L3,29,111,20,1
L1-L2-L3,29,112,170,1
L1-L2-L3,29,114,245,1
L1-L2-L3,29,115,126,1
L1-L2-L3,29,116,37,1
L1-L2-L3,29,119,181,1
L1-L2-L3,29,126,109,1
L1-L2-L3,29,131,6,1
L1-L2-L3,29,132,215,1
L1-L2-L3,29,136,120,1
L1-L2-L3,29,140,195,1
L1-L2-L3,29,141,164,1
L1-L2-L3,29,142,54,1
L1-L2-L3,29,145,201,1
L1-L2-L3,29,146,150,1
L1-L2-L3,29,147,60,1
L1-L2-L3,29,151,19,1
L1-L2-L3,29,152,231,1
L1-L2-L3,29,158,255,1
L1-L2-L3,29,159,101,1
L1-L2-L3,29,165,58,1
L1-L2-L3,29,166,170,1
L1-L2-L3,29,171,150,1
L1-L2-L3,29,180,76,1
L1-L2-L3,29,187,80,1
L1-L2-L3,29,188,218,1
L1-L2-L3,29,190,68,1
L1-L2-L3,29,192,150,1
L1-L2-L3,29,194,182,1
L1-L2-L3,29,196,37,1
L1-L2-L3,29,200,15,1
L1-L2-L3,29,201,73,1
L1-L2-L3,29,206,25,1
L1-L2-L3,29,216,80,1
L1-L2-L3,29,219,129,1
L1-L2-L3,29,220,68,1
L1-L2-L3,29,222,229,1
L1-L2-L3,29,224,215,1
L1-L2-L3,29,226,214,1
L1-L2-L3,29,230,52,1
L1-L2-L3,29,231,103,1
L1-L2-L3,29,236,30,1
L1-L2-L3,29,237,227,1
L1-L2-L3,29,241,150,1
L1-L2-L3,29,242,119,1
L1-L2-L3,29,243,104,1
L1-L2-L3,29,245,126,1
L1-L2-L3,29,246,87,1
L1-L2-L3,29,247,152,1
L1-L2-L3,29,248,77,1
L1-L2-L3,29,249,1,1
L1-L2-L3,29,250,41,1
L1-L2-L3,30,0,144,1
L1-L2-L3,30,4,205,1
L1-L2-L3,30,10,74,1
L1-L2-L3,30,11,86,1
L1-L2-L3,30,12,253,1
L1-L2-L3,30,19,186,1
L1-L2-L3,30,20,248,1
L1-L2-L3,30,22,226,1
L1-L2-L3,30,26,128,1
L1-L2-L3,30,30,18,1
L1-L2-L3,30,35,103,1
L1-L2-L3,30,37,51,1
L1-L2-L3,30,39,205,1
L1-L2-L3,30,44,240,1
L1-L2-L3,30,49,107,1
L1-L2-L3,30,55,158,1
L1-L2-L3,30,56,113,1
L1-L2-L3,30,57,45,1
L1-L2-L3,30,59,166,1
L1-L2-L3,30,60,166,1
L1-L2-L3,30,61,158,1
L1-L2-L3,30,63,16,1
L1-L2-L3,30,68,91,1
L1-L2-L3,30,70,125,1
L1-L2-L3,30,73,228,1
L1-L2-L3,30,74,74,1
L1-L2-L3,30,75,61,1
L1-L2-L3,30,76,73,1
L1-L2-L3,30,79,38,1
L1-L2-L3,30,80,123,1
L1-L2-L3,30,81,51,1
L1-L2-L3,30,85,184,1
L1-L2-L3,30,88,149,1
L1-L2-L3,30,89,239,1
L1-L2-L3,30,91,78,1
L1-L2-L3,30,92,63,1
L1-L2-L3,30,94,188,1
L1-L2-L3,30,97,155,1
L1-L2-L3,30,98,53,1
L1-L2-L3,30,100,228,1
L1-L2-L3,30,103,78,1
L1-L2-L3,30,105,5,1
L1-L2-L3,30,107,2,1
L1-L2-L3,30,110,236,1
L1-L2-L3,30,113,133,1
L1-L2-L3,30,115,45,1
L1-L2-L3,30,116,78,1
L1-L2-L3,30,121,151,1
L1-L2-L3,30,124,92,1
L1-L2-L3,30,125,171,1
L1-L2-L3,30,126,68,1
L1-L2-L3,30,129,240,1
L1-L2-L3,30,131,26,1
L1-L2-L3,30,134,78,1
L1-L2-L3,30,136,98,1
L1-L2-L3,30,139,108,1
L1-L2-L3,30,142,123,1
L1-L2-L3,30,144,240,1
L1-L2-L3,30,145,118,1
L1-L2-L3,30,146,245,1
L1-L2-L3,30,148,234,1
L1-L2-L3,30,149,65,1
L1-L2-L3,30,152,133,1
L1-L2-L3,30,153,73,1
L1-L2-L3,30,154,78,1
L1-L2-L3,30,157,58,1
L1-L2-L3,30,159,17,1
L1-L2-L3,30,161,247,1
L1-L2-L3,30,163,39,1
L1-L2-L3,30,164,152,1
L1-L2-L3,30,165,123,1
L1-L2-L3,30,173,214,1
L1-L2-L3,30,174,78,1
L1-L2-L3,30,175,105,1
L1-L2-L3,30,176,32,1
L1-L2-L3,30,180,240,1
L1-L2-L3,30,181,188,1
L1-L2-L3,30,185,125,1
L1-L2-L3,30,189,40,1
L1-L2-L3,30,190,137,1
L1-L2-L3,30,193,40,1
L1-L2-L3,30,194,43,1
L1-L2-L3,30,195,237,1
L1-L2-L3,30,199,63,1
L1-L2-L3,30,201,40,1
L1-L2-L3,30,202,123,1
L1-L2-L3,30,203,176,1
L1-L2-L3,30,204,144,1
L1-L2-L3,30,206,255,1
L1-L2-L3,30,208,214,1
L1-L2-L3,30,212,40,1
L1-L2-L3,30,216,181,1
L1-L2-L3,30,217,112,1
L1-L2-L3,30,218,188,1
L1-L2-L3,30,219,168,1
L1-L2-L3,30,220,123,1
L1-L2-L3,30,221,188,1
L1-L2-L3,30,223,247,1
L1-L2-L3,30,224,58,1
L1-L2-L3,30,226,9,1
L1-L2-L3,30,227,240,1
L1-L2-L3,30,229,34,1
L1-L2-L3,30,230,117,1
L1-L2-L3,30,231,240,1
L1-L2-L3,30,232,50,1
L1-L2-L3,30,233,160,1
L1-L2-L3,30,235,186,1
L1-L2-L3,30,238,226,1
L1-L2-L3,30,242,168,1
L1-L2-L3,30,249,26,1
L1-L2-L3,30,250,103,1
L1-L2-L3,30,251,86,1
L1-L2-L3,30,252,235,1
L1-L2-L3,30,255,229,1
L1-L2-L3,31,3,200,1
L1-L2-L3,31,8,242,1
L1-L2-L3,31,9,50,1
L1-L2-L3,31,13,147,1
L1-L2-L3,31,14,69,1
L1-L2-L3,31,17,77,1
L1-L2-L3,31,19,65,1
L1-L2-L3,31,29,76,1
L1-L2-L3,31,34,127,1
L1-L2-L3,31,36,71,1
L1-L2-L3,31,38,131,1
L1-L2-L3,31,40,109,1
L1-L2-L3,31,41,211,1
L1-L2-L3,31,47,153,1
L1-L2-L3,31,48,86,1
L1-L2-L3,31,50,81,1
L1-L2-L3,31,51,12,1
L1-L2-L3,31,52,221,1
L1-L2-L3,31,53,92,1
L1-L2-L3,31,54,142,1
L1-L2-L3,31,58,183,1
L1-L2-L3,31,61,20,1
L1-L2-L3,31,64,215,1
L1-L2-L3,31,67,140,1
L1-L2-L3,31,72,78,1
L1-L2-L3,31,75,226,1
L1-L2-L3,31,76,91,1
L1-L2-L3,31,77,45,1
L1-L2-L3,31,78,49,1
L1-L2-L3,31,82,62,1
L1-L2-L3,31,86,144,1
L1-L2-L3,31,87,24,1
L1-L2-L3,31,88,53,1
L1-L2-L3,31,90,246,1
L1-L2-L3,31,96,150,1
L1-L2-L3,31,103,191,1
L1-L2-L3,31,106,223,1
L1-L2-L3,31,107,91,1
L1-L2-L3,31,108,75,1
L1-L2-L3,31,111,97,1
L1-L2-L3,31,117,108,1
L1-L2-L3,31,118,204,1
L1-L2-L3,31,120,56,1
L1-L2-L3,31,121,64,1
L1-L2-L3,31,122,132,1
L1-L2-L3,31,126,83,1
L1-L2-L3,31,127,18,1
L1-L2-L3,31,128,171,1
L1-L2-L3,31,132,36,1
L1-L2-L3,31,134,246,1
L1-L2-L3,31,137,116,1
L1-L2-L3,31,143,88,1
L1-L2-L3,31,146,63,1
L1-L2-L3,31,149,225,1
L1-L2-L3,31,156,126,1
L1-L2-L3,31,157,208,1
L1-L2-L3,31,158,34,1
L1-L2-L3,31,160,243,1
L1-L2-L3,31,164,103,1
L1-L2-L3,31,165,75,1
L1-L2-L3,31,166,145,1
L1-L2-L3,31,167,168,1
L1-L2-L3,31,169,104,1
L1-L2-L3,31,170,11,1
L1-L2-L3,31,171,34,1
L1-L2-L3,31,172,251,1
L1-L2-L3,31,173,80,1
L1-L2-L3,31,178,212,1
L1-L2-L3,31,179,139,1
L1-L2-L3,31,181,206,1
L1-L2-L3,31,182,68,1
L1-L2-L3,31,185,119,1
L1-L2-L3,31,186,101,1
L1-L2-L3,31,188,9,1
L1-L2-L3,31,191,200,1
L1-L2-L3,31,193,161,1
L1-L2-L3,31,194,150,1
L1-L2-L3,31,195,199,1
L1-L2-L3,31,197,5,1
L1-L2-L3,31,198,147,1
L1-L2-L3,31,199,221,1
L1-L2-L3,31,203,140,1
L1-L2-L3,31,205,185,1
L1-L2-L3,31,206,58,1
L1-L2-L3,31,207,79,1
L1-L2-L3,31,209,176,1
L1-L2-L3,31,216,32,1
L1-L2-L3,31,218,86,1
L1-L2-L3,31,219,27,1
L1-L2-L3,31,221,209,1
L1-L2-L3,31,223,185,1
L1-L2-L3,31,226,78,1
L1-L2-L3,31,231,234,1
L1-L2-L3,31,232,6,1
L1-L2-L3,31,234,126,1
L1-L2-L3,31,235,195,1
L1-L2-L3,31,239,214,1
L1-L2-L3,31,240,76,1
L1-L2-L3,31,241,62,1
L1-L2-L3,31,245,149,1
L1-L2-L3,31,249,159,1
L1-L2-L3,31,251,76,1
L1-L2-L3,32,1,89,1
L1-L2-L3,32,3,96,1
L1-L2-L3,32,4,29,1
L1-L2-L3,32,8,75,1
L1-L2-L3,32,23,116,1
L1-L2-L3,32,26,31,1
L1-L2-L3,32,27,56,1
L1-L2-L3,32,28,40,1
L1-L2-L3,32,29,153,1
L1-L2-L3,32,30,165,1
L1-L2-L3,32,32,10,1
L1-L2-L3,32,33,29,1
L1-L2-L3,32,34,198,1
L1-L2-L3,32,44,116,1
L1-L2-L3,32,46,156,1
L1-L2-L3,32,48,89,1
L1-L2-L3,32,50,225,1
L1-L2-L3,32,51,249,1
L1-L2-L3,32,52,216,1
L1-L2-L3,32,53,35,1
L1-L2-L3,32,61,253,1
L1-L2-L3,32,62,16,1
L1-L2-L3,32,64,56,1
L1-L2-L3,32,66,208,1
L1-L2-L3,32,67,2,1
L1-L2-L3,32,68,241,1
L1-L2-L3,32,70,120,1
L1-L2-L3,32,71,249,1
L1-L2-L3,32,78,96,1
L1-L2-L3,32,80,89,1
L1-L2-L3,32,82,70,1
L1-L2-L3,32,86,146,1
L1-L2-L3,32,88,89,1
L1-L2-L3,32,93,84,1
L1-L2-L3,32,95,158,1
L1-L2-L3,32,99,85,1
L1-L2-L3,32,100,221,1
L1-L2-L3,32,102,165,1
L1-L2-L3,32,104,117,1
L1-L2-L3,32,106,199,1
L1-L2-L3,32,108,15,1
L1-L2-L3,32,110,29,1
L1-L2-L3,32,111,216,1
L1-L2-L3,32,113,167,1
L1-L2-L3,32,114,158,1
L1-L2-L3,32,115,214,1
L1-L2-L3,32,116,77,1
L1-L2-L3,32,118,101,1
L1-L2-L3,32,119,165,1
L1-L2-L3,32,122,110,1
L1-L2-L3,32,126,248,1
L1-L2-L3,32,128,167,1
L1-L2-L3,32,132,18,1
L1-L2-L3,32,135,205,1
L1-L2-L3,32,137,111,1
L1-L2-L3,32,144,202,1
L1-L2-L3,32,146,127,1
L1-L2-L3,32,148,48,1
L1-L2-L3,32,149,96,1
L1-L2-L3,32,150,128,1
L1-L2-L3,32,152,31,1
L1-L2-L3,32,156,179,1
L1-L2-L3,32,159,226,1
L1-L2-L3,32,163,42,1
L1-L2-L3,32,166,68,1
L1-L2-L3,32,167,159,1
L1-L2-L3,32,168,24,1
L1-L2-L3,32,169,14,1
L1-L2-L3,32,170,3,1
L1-L2-L3,32,171,156,1
L1-L2-L3,32,174,31,1
L1-L2-L3,32,175,221,1
L1-L2-L3,32,177,18,1
L1-L2-L3,32,183,135,1
L1-L2-L3,32,186,145,1
L1-L2-L3,32,187,171,1
L1-L2-L3,32,191,235,1
L1-L2-L3,32,193,213,1
L1-L2-L3,32,194,90,1
L1-L2-L3,32,199,129,1
L1-L2-L3,32,200,99,1
L1-L2-L3,32,201,167,1
L1-L2-L3,32,202,184,1
L1-L2-L3,32,203,97,1
L1-L2-L3,32,204,173,1
L1-L2-L3,32,205,77,1
L1-L2-L3,32,206,55,1
L1-L2-L3,32,209,3,1
L1-L2-L3,32,211,29,1
L1-L2-L3,32,213,10,1
L1-L2-L3,32,215,158,1
L1-L2-L3,32,216,77,1
L1-L2-L3,32,217,40,1
L1-L2-L3,32,218,29,1
L1-L2-L3,32,219,161,1
L1-L2-L3,32,221,186,1
L1-L2-L3,32,222,10,1
L1-L2-L3,32,224,68,1
L1-L2-L3,32,225,12,1
L1-L2-L3,32,227,140,1
L1-L2-L3,32,228,39,1
L1-L2-L3,32,229,29,1
L1-L2-L3,32,233,214,1
L1-L2-L3,32,234,36,1
L1-L2-L3,32,236,15,1
L1-L2-L3,32,237,176,1
L1-L2-L3,32,238,161,1
L1-L2-L3,32,241,21,1
L1-L2-L3,32,242,53,1
L1-L2-L3,32,245,144,1
L1-L2-L3,32,246,213,1
L1-L2-L3,32,249,207,1
L1-L2-L3,32,251,82,1
L1-L2-L3,32,252,178,1
L1-L2-L3,32,254,141,1
L1-L2-L3,32,255,18,1
L1-L2-L3,33,4,151,1
L1-L2-L3,33,11,43,1
L1-L2-L3,33,14,45,1
L1-L2-L3,33,17,239,1
L1-L2-L3,33,23,244,1
L1-L2-L3,33,25,112,1
L1-L2-L3,33,36,242,1
L1-L2-L3,33,38,106,1
L1-L2-L3,33,41,127,1
L1-L2-L3,33,43,29,1
L1-L2-L3,33,44,32,1
L1-L2-L3,33,48,7,1
L1-L2-L3,33,56,129,1
L1-L2-L3,33,58,186,1
L1-L2-L3,33,59,145,1
L1-L2-L3,33,60,63,1
L1-L2-L3,33,61,136,1
L1-L2-L3,33,63,56,1
L1-L2-L3,33,65,94,1
L1-L2-L3,33,69,33,1
L1-L2-L3,33,74,93,1
L1-L2-L3,33,77,121,1
L1-L2-L3,33,78,213,1
L1-L2-L3,33,79,139,1
L1-L2-L3,33,80,21,1
L1-L2-L3,33,82,25,1
L1-L2-L3,33,84,14,1
L1-L2-L3,33,92,200,1
L1-L2-L3,33,96,77,1
L1-L2-L3,33,98,198,1
L1-L2-L3,33,100,25,1
L1-L2-L3,33,102,239,1
L1-L2-L3,33,111,145,1
L1-L2-L3,33,115,216,1
L1-L2-L3,33,117,37,1
L1-L2-L3,33,118,131,1
L1-L2-L3,33,119,251,1
L1-L2-L3,33,128,84,1
L1-L2-L3,33,129,94,1
L1-L2-L3,33,130,174,1
L1-L2-L3,33,131,21,1
L1-L2-L3,33,136,76,1
L1-L2-L3,33,141,57,1
L1-L2-L3,33,142,150,1
L1-L2-L3,33,144,167,1
L1-L2-L3,33,147,140,1
L1-L2-L3,33,148,70,1
L1-L2-L3,33,151,139,1
L1-L2-L3,33,154,115,1
L1-L2-L3,33,156,110,1
L1-L2-L3,33,157,63,1
L1-L2-L3,33,161,145,1
L1-L2-L3,33,166,48,1
L1-L2-L3,33,173,186,1
L1-L2-L3,33,175,106,1
L1-L2-L3,33,178,120,1
L1-L2-L3,33,179,7,1
L1-L2-L3,33,180,8,1
L1-L2-L3,33,181,134,1
L1-L2-L3,33,186,225,1
L1-L2-L3,33,187,164,1
L1-L2-L3,33,189,208,1
L1-L2-L3,33,193,144,1
L1-L2-L3,33,196,31,1
L1-L2-L3,33,197,253,1
L1-L2-L3,33,200,67,1
L1-L2-L3,33,202,186,1
L1-L2-L3,33,205,194,1
L1-L2-L3,33,206,154,1
L1-L2-L3,33,209,159,1
L1-L2-L3,33,212,50,1
L1-L2-L3,33,217,68,1
L1-L2-L3,33,218,120,1
L1-L2-L3,33,220,114,1
L1-L2-L3,33,221,115,1
L1-L2-L3,33,224,3,1
L1-L2-L3,33,226,228,1
L1-L2-L3,33,227,12,1
L1-L2-L3,33,228,4,1
L1-L2-L3,33,229,147,1
L1-L2-L3,33,235,99,1
L1-L2-L3,33,236,119,1
L1-L2-L3,33,237,4,1
L1-L2-L3,33,238,97,1
L1-L2-L3,33,240,82,1
L1-L2-L3,33,241,175,1
L1-L2-L3,33,243,175,1
L1-L2-L3,33,245,39,1
L1-L2-L3,33,246,172,1
L1-L2-L3,33,249,254,1
L1-L2-L3,33,251,145,1
L1-L2-L3,33,253,21,1
L1-L2-L3,33,254,145,1
L1-L2-L3,34,0,35,1
L1-L2-L3,34,1,115,1
L1-L2-L3,34,5,38,1
L1-L2-L3,34,13,207,1
L1-L2-L3,34,20,50,1
L1-L2-L3,34,22,198,1
L1-L2-L3,34,29,147,1
L1-L2-L3,34,33,180,1
L1-L2-L3,34,34,28,1
L1-L2-L3,34,43,56,1
L1-L2-L3,34,46,4,1
L1-L2-L3,34,47,24,1
L1-L2-L3,34,49,42,1
L1-L2-L3,34,56,110,1
L1-L2-L3,34,61,131,1
L1-L2-L3,34,69,239,1
L1-L2-L3,34,70,50,1
L1-L2-L3,34,73,39,1
L1-L2-L3,34,74,4,1
L1-L2-L3,34,76,201,1
L1-L2-L3,34,80,94,1
L1-L2-L3,34,87,3,1
L1-L2-L3,34,89,154,1
L1-L2-L3,34,92,122,1
L1-L2-L3,34,94,198,1
L1-L2-L3,34,95,172,1
L1-L2-L3,34,97,113,1
L1-L2-L3,34,101,46,1
L1-L2-L3,34,110,122,1
L1-L2-L3,34,116,20,1
L1-L2-L3,34,122,223,1
L1-L2-L3,34,130,160,1
L1-L2-L3,34,131,139,1
L1-L2-L3,34,132,178,1
L1-L2-L3,34,144,180,1
L1-L2-L3,34,150,186,1
L1-L2-L3,34,151,0,1
L1-L2-L3,34,155,207,1
L1-L2-L3,34,157,122,1
L1-L2-L3,34,158,21,1
L1-L2-L3,34,161,82,1
L1-L2-L3,34,162,145,1
L1-L2-L3,34,167,29,1
L1-L2-L3,34,169,70,1
L1-L2-L3,34,173,175,1
L1-L2-L3,34,175,82,1
L1-L2-L3,34,176,207,1
L1-L2-L3,34,181,57,1
L1-L2-L3,34,183,38,1
L1-L2-L3,34,184,199,1
L1-L2-L3,34,189,56,1
L1-L2-L3,34,191,196,1
L1-L2-L3,34,194,159,1
L1-L2-L3,34,197,172,1
L1-L2-L3,34,198,176,1
L1-L2-L3,34,199,174,1
L1-L2-L3,34,200,77,1
L1-L2-L3,34,202,50,1
L1-L2-L3,34,206,180,1
L1-L2-L3,34,207,93,1
L1-L2-L3,34,208,57,1
L1-L2-L3,34,214,143,1
L1-L2-L3,34,215,254,1
L1-L2-L3,34,216,203,1
L1-L2-L3,34,221,21,1
L1-L2-L3,34,222,210,1
L1-L2-L3,34,225,157,1
L1-L2-L3,34,226,0,1
L1-L2-L3,34,231,18,1
L1-L2-L3,34,238,201,1
L1-L2-L3,34,240,150,1
L1-L2-L3,34,242,235,1
L1-L2-L3,34,243,146,1
L1-L2-L3,34,244,18,1
L1-L2-L3,34,245,27,1
L1-L2-L3,34,247,4,1
L1-L2-L3,34,251,97,1
L1-L2-L3,34,252,15,1
L1-L2-L3,34,253,161,1
L1-L2-L3,34,254,154,1
L1-L2-L3,35,0,32,1
L1-L2-L3,35,1,100,1
L1-L2-L3,35,5,24,1
L1-L2-L3,35,10,117,1
L1-L2-L3,35,11,255,1
L1-L2-L3,35,19,9,1
L1-L2-L3,35,21,49,1
L1-L2-L3,35,24,254,1
L1-L2-L3,35,25,94,1
L1-L2-L3,35,28,9,1
L1-L2-L3,35,32,28,1
L1-L2-L3,35,33,63,1
L1-L2-L3,35,34,224,1
L1-L2-L3,35,38,93,1
L1-L2-L3,35,39,100,1
L1-L2-L3,35,40,100,1
L1-L2-L3,35,42,239,1
L1-L2-L3,35,43,5,1
L1-L2-L3,35,44,46,1
L1-L2-L3,35,45,103,1
L1-L2-L3,35,47,66,1
L1-L2-L3,35,50,77,1
L1-L2-L3,35,54,9,1
L1-L2-L3,35,58,32,1
L1-L2-L3,35,64,23,1
L1-L2-L3,35,66,192,1
L1-L2-L3,35,74,140,1
L1-L2-L3,35,75,192,1
L1-L2-L3,35,79,179,1
L1-L2-L3,35,81,239,1
L1-L2-L3,35,83,239,1
L1-L2-L3,35,84,255,1
L1-L2-L3,35,86,123,1
L1-L2-L3,35,87,59,1
L1-L2-L3,35,90,42,1
L1-L2-L3,35,93,110,1
L1-L2-L3,35,95,132,1
L1-L2-L3,35,98,46,1
L1-L2-L3,35,100,94,1
L1-L2-L3,35,103,89,1
L1-L2-L3,35,110,34,1
L1-L2-L3,35,111,11,1
L1-L2-L3,35,113,20,1
L1-L2-L3,35,114,250,1
L1-L2-L3,35,116,119,1
L1-L2-L3,35,117,127,1
L1-L2-L3,35,120,9,1
L1-L2-L3,35,122,45,1
L1-L2-L3,35,123,177,1
L1-L2-L3,35,127,212,1
L1-L2-L3,35,131,53,1
L1-L2-L3,35,132,186,1
L1-L2-L3,35,134,98,1
L1-L2-L3,35,135,127,1
L1-L2-L3,35,138,100,1
L1-L2-L3,35,142,186,1
L1-L2-L3,35,144,164,1
L1-L2-L3,35,147,251,1
L1-L2-L3,35,148,230,1
L1-L2-L3,35,149,222,1
L1-L2-L3,35,150,135,1
L1-L2-L3,35,152,77,1
L1-L2-L3,35,154,28,1
L1-L2-L3,35,155,78,1
L1-L2-L3,35,157,33,1
L1-L2-L3,35,160,182,1
L1-L2-L3,35,161,122,1
L1-L2-L3,35,162,236,1
L1-L2-L3,35,164,34,1
L1-L2-L3,35,166,139,1
L1-L2-L3,35,167,182,1
L1-L2-L3,35,168,85,1
L1-L2-L3,35,171,168,1
L1-L2-L3,35,173,254,1
L1-L2-L3,35,174,247,1
L1-L2-L3,35,178,199,1
L1-L2-L3,35,180,230,1
L1-L2-L3,35,181,142,1
L1-L2-L3,35,182,138,1
L1-L2-L3,35,184,154,1
L1-L2-L3,35,185,16,1
L1-L2-L3,35,186,208,1
L1-L2-L3,35,189,87,1
L1-L2-L3,35,191,177,1
L1-L2-L3,35,193,172,1
L1-L2-L3,35,197,110,1
L1-L2-L3,35,199,132,1
L1-L2-L3,35,200,68,1
L1-L2-L3,35,201,224,1
L1-L2-L3,35,202,41,1
L1-L2-L3,35,205,252,1
L1-L2-L3,35,206,231,1
L1-L2-L3,35,209,110,1
L1-L2-L3,35,210,90,1
L1-L2-L3,35,211,219,1
L1-L2-L3,35,213,140,1
L1-L2-L3,35,216,71,1
L1-L2-L3,35,219,72,1
L1-L2-L3,35,222,75,1
L1-L2-L3,35,223,254,1
L1-L2-L3,35,225,168,1
L1-L2-L3,35,230,189,1
L1-L2-L3,35,231,242,1
L1-L2-L3,35,236,148,1
L1-L2-L3,35,240,127,1
L1-L2-L3,35,241,54,1
L1-L2-L3,35,243,235,1
L1-L2-L3,35,244,46,1
L1-L2-L3,35,245,165,1
L1-L2-L3,35,246,38,1
L1-L2-L3,35,252,207,1
L1-L2-L3,36,1,82,1
L1-L2-L3,36,3,9,1
L1-L2-L3,36,15,185,1
L1-L2-L3,36,18,12,1
L1-L2-L3,36,22,173,1
L1-L2-L3,36,23,139,1
L1-L2-L3,36,24,104,1
L1-L2-L3,36,27,128,1
L1-L2-L3,36,30,39,1
L1-L2-L3,36,31,86,1
L1-L2-L3,36,33,173,1
L1-L2-L3,36,34,72,1
L1-L2-L3,36,37,0,1
L1-L2-L3,36,38,62,1
L1-L2-L3,36,43,245,1
L1-L2-L3,36,46,178,1
L1-L2-L3,36,47,80,1
L1-L2-L3,36,51,20,1
L1-L2-L3,36,52,2,1
L1-L2-L3,36,53,135,1
L1-L2-L3,36,54,247,1
L1-L2-L3,36,57,69,1
L1-L2-L3,36,59,185,1
L1-L2-L3,36,63,239,1
L1-L2-L3,36,64,156,1
L1-L2-L3,36,67,77,1
L1-L2-L3,36,69,174,1
L1-L2-L3,36,73,105,1
L1-L2-L3,36,77,141,1
L1-L2-L3,36,78,173,1
L1-L2-L3,36,79,202,1
L1-L2-L3,36,81,185,1
L1-L2-L3,36,82,160,1
L1-L2-L3,36,86,203,1
L1-L2-L3,36,90,231,1
L1-L2-L3,36,93,192,1
L1-L2-L3,36,94,132,1
L1-L2-L3,36,95,100,1
L1-L2-L3,36,97,102,1
L1-L2-L3,36,101,185,1
L1-L2-L3,36,102,78,1
L1-L2-L3,36,108,157,1
L1-L2-L3,36,111,72,1
L1-L2-L3,36,113,114,1
L1-L2-L3,36,114,166,1
L1-L2-L3,36,117,12,1
L1-L2-L3,36,122,84,1
L1-L2-L3,36,126,106,1
L1-L2-L3,36,130,146,1
L1-L2-L3,36,132,47,1
L1-L2-L3,36,134,223,1
L1-L2-L3,36,136,106,1
L1-L2-L3,36,140,216,1
L1-L2-L3,36,144,203,1
L1-L2-L3,36,145,33,1
L1-L2-L3,36,147,31,1
L1-L2-L3,36,148,54,1
L1-L2-L3,36,149,169,1
L1-L2-L3,36,151,33,1
L1-L2-L3,36,154,185,1
L1-L2-L3,36,158,74,1
L1-L2-L3,36,160,72,1
L1-L2-L3,36,164,11,1
L1-L2-L3,36,166,252,1
L1-L2-L3,36,169,106,1
L1-L2-L3,36,170,115,1
L1-L2-L3,36,176,110,1
L1-L2-L3,36,182,117,1
L1-L2-L3,36,186,71,1
L1-L2-L3,36,189,4,1
L1-L2-L3,36,190,38,1
L1-L2-L3,36,194,78,1
L1-L2-L3,36,196,7,1
L1-L2-L3,36,198,180,1
L1-L2-L3,36,204,175,1
L1-L2-L3,36,207,83,1
L1-L2-L3,36,208,122,1
L1-L2-L3,36,210,144,1
L1-L2-L3,36,211,33,1
L1-L2-L3,36,216,231,1
L1-L2-L3,36,219,146,1
L1-L2-L3,36,222,89,1
L1-L2-L3,36,224,140,1
L1-L2-L3,36,225,34,1
L1-L2-L3,36,226,206,1
L1-L2-L3,36,227,57,1
L1-L2-L3,36,229,230,1
L1-L2-L3,36,233,12,1
L1-L2-L3,36,235,125,1
L1-L2-L3,36,237,213,1
L1-L2-L3,36,238,223,1
L1-L2-L3,36,241,245,1
L1-L2-L3,36,245,139,1
L1-L2-L3,36,246,177,1
L1-L2-L3,36,249,234,1
L1-L2-L3,36,252,121,1
L1-L2-L3,36,254,46,1
L1-L2-L3,36,255,127,1
L1-L2-L3,37,1,19,1
L1-L2-L3,37,3,80,1
L1-L2-L3,37,6,86,1
L1-L2-L3,37,7,121,1
L1-L2-L3,37,9,213,1
L1-L2-L3,37,13,204,1
L1-L2-L3,37,15,178,1
L1-L2-L3,37,17,164,1
L1-L2-L3,37,19,148,1
L1-L2-L3,37,20,94,1
L1-L2-L3,37,25,212,1
L1-L2-L3,37,28,16,1
L1-L2-L3,37,31,205,1
L1-L2-L3,37,32,139,1
L1-L2-L3,37,34,244,1
L1-L2-L3,37,37,148,1
L1-L2-L3,37,39,143,1
L1-L2-L3,37,42,225,1
L1-L2-L3,37,46,248,1
L1-L2-L3,37,47,120,1
L1-L2-L3,37,48,168,1
L1-L2-L3,37,49,217,1
L1-L2-L3,37,50,111,1
L1-L2-L3,37,55,30,1
L1-L2-L3,37,60,144,1
L1-L2-L3,37,61,98,1
L1-L2-L3,37,64,251,1
L1-L2-L3,37,67,139,1
L1-L2-L3,37,68,101,1
L1-L2-L3,37,76,117,1
L1-L2-L3,37,82,2,1
L1-L2-L3,37,89,186,1
L1-L2-L3,37,98,142,1
L1-L2-L3,37,100,156,1
L1-L2-L3,37,102,86,1
L1-L2-L3,37,104,99,1
L1-L2-L3,37,107,188,1
L1-L2-L3,37,109,159,1
L1-L2-L3,37,111,111,1
L1-L2-L3,37,112,190,1
L1-L2-L3,37,116,146,1
L1-L2-L3,37,120,61,1
L1-L2-L3,37,122,195,1
L1-L2-L3,37,123,92,1
L1-L2-L3,37,124,134,1
L1-L2-L3,37,129,73,1
L1-L2-L3,37,131,142,1
L1-L2-L3,37,132,245,1
L1-L2-L3,37,142,6,1
L1-L2-L3,37,145,84,1
L1-L2-L3,37,146,7,1
L1-L2-L3,37,149,18,1
L1-L2-L3,37,150,45,1
L1-L2-L3,37,152,34,1
L1-L2-L3,37,153,32,1
L1-L2-L3,37,154,176,1
L1-L2-L3,37,156,15,1
L1-L2-L3,37,158,188,1
L1-L2-L3,37,160,98,1
L1-L2-L3,37,161,101,1
L1-L2-L3,37,168,210,1
L1-L2-L3,37,170,86,1
L1-L2-L3,37,171,32,1
L1-L2-L3,37,172,131,1
L1-L2-L3,37,175,162,1
L1-L2-L3,37,177,131,1
L1-L2-L3,37,178,224,1
L1-L2-L3,37,179,221,1
L1-L2-L3,37,181,31,1
L1-L2-L3,37,187,79,1
L1-L2-L3,37,192,242,1
L1-L2-L3,37,194,101,1
L1-L2-L3,37,196,202,1
L1-L2-L3,37,198,20,1
L1-L2-L3,37,199,79,1
L1-L2-L3,37,200,3,1
L1-L2-L3,37,204,64,1
L1-L2-L3,37,205,218,1
L1-L2-L3,37,206,222,1
L1-L2-L3,37,210,210,1
L1-L2-L3,37,218,40,1
L1-L2-L3,37,220,4,1
L1-L2-L3,37,221,183,1
L1-L2-L3,37,222,233,1
L1-L2-L3,37,223,163,1
L1-L2-L3,37,229,168,1
L1-L2-L3,37,233,94,1
L1-L2-L3,37,234,128,1
L1-L2-L3,37,236,153,1
L1-L2-L3,37,237,136,1
L1-L2-L3,37,241,63,1
L1-L2-L3,37,242,74,1
L1-L2-L3,37,243,132,1
L1-L2-L3,37,245,248,1
L1-L2-L3,37,246,225,1
L1-L2-L3,37,247,223,1
L1-L2-L3,37,248,28,1
L1-L2-L3,37,249,155,1
L1-L2-L3,37,251,112,1
L1-L2-L3,37,252,162,1
L1-L2-L3,37,253,182,1
L1-L2-L3,37,255,204,1
L1-L2-L3,38,4,161,1
L1-L2-L3,38,8,213,1
L1-L2-L3,38,9,239,1
L1-L2-L3,38,10,28,1
L1-L2-L3,38,13,3,1
L1-L2-L3,38,14,206,1
L1-L2-L3,38,16,49,1
L1-L2-L3,38,17,90,1
L1-L2-L3,38,20,116,1
L1-L2-L3,38,22,76,1
L1-L2-L3,38,25,151,1
L1-L2-L3,38,36,32,1
L1-L2-L3,38,37,79,1
L1-L2-L3,38,39,70,1
L1-L2-L3,38,40,206,1
L1-L2-L3,38,41,45,1
L1-L2-L3,38,43,130,1
L1-L2-L3,38,49,117,1
L1-L2-L3,38,55,177,1
L1-L2-L3,38,59,149,1
L1-L2-L3,38,62,132,1
L1-L2-L3,38,66,210,1
L1-L2-L3,38,68,0,1
L1-L2-L3,38,69,163,1
L1-L2-L3,38,74,96,1
L1-L2-L3,38,76,221,1
L1-L2-L3,38,77,38,1
L1-L2-L3,38,79,254,1
L1-L2-L3,38,87,98,1
L1-L2-L3,38,89,172,1
L1-L2-L3,38,92,143,1
L1-L2-L3,38,95,235,1
L1-L2-L3,38,96,51,1
L1-L2-L3,38,98,69,1
L1-L2-L3,38,100,171,1
L1-L2-L3,38,102,164,1
L1-L2-L3,38,105,147,1
L1-L2-L3,38,110,185,1
L1-L2-L3,38,117,79,1
L1-L2-L3,38,120,108,1
L1-L2-L3,38,121,239,1
L1-L2-L3,38,123,89,1
L1-L2-L3,38,124,176,1
L1-L2-L3,38,127,80,1
L1-L2-L3,38,131,245,1
L1-L2-L3,38,133,102,1
L1-L2-L3,38,140,124,1
L1-L2-L3,38,146,16,1
L1-L2-L3,38,147,57,1
L1-L2-L3,38,149,11,1
L1-L2-L3,38,152,188,1
L1-L2-L3,38,154,96,1
L1-L2-L3,38,155,152,1
L1-L2-L3,38,159,190,1
L1-L2-L3,38,162,74,1
L1-L2-L3,38,166,11,1
L1-L2-L3,38,167,192,1
L1-L2-L3,38,170,47,1
L1-L2-L3,38,171,98,1
L1-L2-L3,38,172,117,1
L1-L2-L3,38,173,239,1
L1-L2-L3,38,174,39,1
L1-L2-L3,38,175,252,1
L1-L2-L3,38,177,50,1
L1-L2-L3,38,181,79,1
L1-L2-L3,38,183,231,1
L1-L2-L3,38,185,156,1
L1-L2-L3,38,186,111,1
L1-L2-L3,38,187,90,1
L1-L2-L3,38,190,160,1
L1-L2-L3,38,191,132,1
L1-L2-L3,38,193,162,1
L1-L2-L3,38,194,102,1
L1-L2-L3,38,195,132,1
L1-L2-L3,38,197,84,1
L1-L2-L3,38,200,231,1
L1-L2-L3,38,202,17,1
L1-L2-L3,38,203,78,1
L1-L2-L3,38,206,188,1
L1-L2-L3,38,207,43,1
L1-L2-L3,38,214,180,1
L1-L2-L3,38,215,244,1
L1-L2-L3,38,217,96,1
L1-L2-L3,38,218,185,1
L1-L2-L3,38,219,154,1
L1-L2-L3,38,223,96,1
L1-L2-L3,38,226,90,1
L1-L2-L3,38,227,25,1
L1-L2-L3,38,230,18,1
L1-L2-L3,38,231,135,1
L1-L2-L3,38,233,113,1
L1-L2-L3,38,234,42,1
L1-L2-L3,38,235,117,1
L1-L2-L3,38,236,34,1
L1-L2-L3,38,238,172,1
L1-L2-L3,38,243,199,1
L1-L2-L3,38,245,252,1
L1-L2-L3,38,247,74,1
L1-L2-L3,38,248,22,1
L1-L2-L3,38,252,166,1
L1-L2-L3,39,2,32,1
L1-L2-L3,39,4,88,1
L1-L2-L3,39,6,163,1
L1-L2-L3,39,8,186,1
L1-L2-L3,39,15,255,1
L1-L2-L3,39,19,179,1
L1-L2-L3,39,22,221,1
L1-L2-L3,39,23,195,1
L1-L2-L3,39,25,119,1
L1-L2-L3,39,29,58,1
L1-L2-L3,39,34,33,1
L1-L2-L3,39,37,254,1
L1-L2-L3,39,38,17,1
L1-L2-L3,39,39,79,1
L1-L2-L3,39,44,218,1
L1-L2-L3,39,46,17,1
L1-L2-L3,39,52,181,1
L1-L2-L3,39,56,73,1
L1-L2-L3,39,57,215,1
L1-L2-L3,39,62,250,1
L1-L2-L3,39,68,76,1
L1-L2-L3,39,69,179,1
L1-L2-L3,39,72,59,1
L1-L2-L3,39,79,87,1
L1-L2-L3,39,80,195,1
L1-L2-L3,39,87,88,1
L1-L2-L3,39,89,134,1
L1-L2-L3,39,92,199,1
L1-L2-L3,39,93,65,1
L1-L2-L3,39,94,152,1
L1-L2-L3,39,98,17,1
L1-L2-L3,39,99,38,1
L1-L2-L3,39,101,100,1
L1-L2-L3,39,105,187,1
L1-L2-L3,39,108,44,1
L1-L2-L3,39,110,217,1
L1-L2-L3,39,111,122,1
L1-L2-L3,39,115,73,1
L1-L2-L3,39,116,61,1
L1-L2-L3,39,117,87,1
L1-L2-L3,39,118,100,1
L1-L2-L3,39,120,169,1
L1-L2-L3,39,123,122,1
L1-L2-L3,39,124,199,1
L1-L2-L3,39,125,208,1
L1-L2-L3,39,126,113,1
L1-L2-L3,39,128,17,1
L1-L2-L3,39,129,153,1
L1-L2-L3,39,130,172,1
L1-L2-L3,39,132,255,1
L1-L2-L3,39,133,30,1
L1-L2-L3,39,134,210,1
L1-L2-L3,39,136,132,1
L1-L2-L3,39,138,236,1
L1-L2-L3,39,141,142,1
L1-L2-L3,39,143,52,1
L1-L2-L3,39,145,41,1
L1-L2-L3,39,146,17,1
L1-L2-L3,39,147,36,1
L1-L2-L3,39,148,157,1
L1-L2-L3,39,152,25,1
L1-L2-L3,39,153,247,1
L1-L2-L3,39,154,34,1
L1-L2-L3,39,155,201,1
L1-L2-L3,39,156,124,1
L1-L2-L3,39,157,168,1
L1-L2-L3,39,159,255,1
L1-L2-L3,39,160,179,1
L1-L2-L3,39,162,234,1
L1-L2-L3,39,168,211,1
L1-L2-L3,39,172,166,1
L1-L2-L3,39,173,185,1
L1-L2-L3,39,176,51,1
L1-L2-L3,39,177,148,1
L1-L2-L3,39,180,100,1
L1-L2-L3,39,181,46,1
L1-L2-L3,39,183,63,1
L1-L2-L3,39,184,30,1
L1-L2-L3,39,186,10,1
L1-L2-L3,39,187,170,1
L1-L2-L3,39,193,230,1
L1-L2-L3,39,196,185,1
L1-L2-L3,39,199,36,1
L1-L2-L3,39,201,181,1
L1-L2-L3,39,204,54,1
L1-L2-L3,39,205,54,1
L1-L2-L3,39,207,87,1
L1-L2-L3,39,208,105,1
L1-L2-L3,39,209,72,1
L1-L2-L3,39,212,157,1
L1-L2-L3,39,213,54,1
L1-L2-L3,39,215,17,1
L1-L2-L3,39,220,70,1
L1-L2-L3,39,223,76,1
L1-L2-L3,39,226,186,1
L1-L2-L3,39,228,220,1
L1-L2-L3,39,230,87,1
L1-L2-L3,39,231,216,1
L1-L2-L3,39,233,101,1
L1-L2-L3,39,237,70,1
L1-L2-L3,39,239,77,1
L1-L2-L3,39,241,116,1
L1-L2-L3,39,246,171,1
L1-L2-L3,39,251,250,1
L1-L2-L3,39,255,208,1
L1-L2-L3,40,1,32,1
L1-L2-L3,40,2,89,1
L1-L2-L3,40,8,51,1
L1-L2-L3,40,9,179,1
L1-L2-L3,40,12,16,1
L1-L2-L3,40,13,135,1
L1-L2-L3,40,14,63,1
L1-L2-L3,40,15,73,1
L1-L2-L3,40,16,245,1
L1-L2-L3,40,22,164,1
L1-L2-L3,40,24,25,1
L1-L2-L3,40,25,29,1
L1-L2-L3,40,30,113,1
L1-L2-L3,40,38,105,1
L1-L2-L3,40,41,244,1
L1-L2-L3,40,42,172,1
L1-L2-L3,40,43,26,1
L1-L2-L3,40,46,139,1
L1-L2-L3,40,57,90,1
L1-L2-L3,40,59,215,1
L1-L2-L3,40,65,74,1
L1-L2-L3,40,66,232,1
L1-L2-L3,40,70,45,1
L1-L2-L3,40,71,13,1
L1-L2-L3,40,72,129,1
L1-L2-L3,40,74,180,1
L1-L2-L3,40,77,99,1
L1-L2-L3,40,78,158,1
L1-L2-L3,40,79,14,1
L1-L2-L3,40,82,113,1
L1-L2-L3,40,83,99,1
L1-L2-L3,40,85,247,1
L1-L2-L3,40,86,190,1
L1-L2-L3,40,87,147,1
L1-L2-L3,40,88,212,1
L1-L2-L3,40,93,4,1
L1-L2-L3,40,95,243,1
L1-L2-L3,40,98,205,1
L1-L2-L3,40,100,190,1
L1-L2-L3,40,102,18,1
L1-L2-L3,40,104,125,1
L1-L2-L3,40,109,197,1
L1-L2-L3,40,112,39,1
L1-L2-L3,40,113,239,1
L1-L2-L3,40,115,219,1
L1-L2-L3,40,118,166,1
L1-L2-L3,40,119,13,1
L1-L2-L3,40,127,29,1
L1-L2-L3,40,133,29,1
L1-L2-L3,40,137,90,1
L1-L2-L3,40,139,183,1
L1-L2-L3,40,140,10,1
L1-L2-L3,40,143,89,1
L1-L2-L3,40,145,188,1
L1-L2-L3,40,146,240,1
L1-L2-L3,40,147,42,1
L1-L2-L3,40,148,53,1
L1-L2-L3,40,154,27,1
L1-L2-L3,40,155,110,1
L1-L2-L3,40,157,104,1
L1-L2-L3,40,158,176,1
L1-L2-L3,40,160,149,1
L1-L2-L3,40,164,125,1
L1-L2-L3,40,166,253,1
L1-L2-L3,40,168,213,1
L1-L2-L3,40,169,170,1
L1-L2-L3,40,170,82,1
L1-L2-L3,40,172,52,1
L1-L2-L3,40,173,113,1
L1-L2-L3,40,179,90,1
L1-L2-L3,40,185,251,1
L1-L2-L3,40,188,177,1
L1-L2-L3,40,189,149,1
L1-L2-L3,40,190,221,1
L1-L2-L3,40,192,55,1
L1-L2-L3,40,194,146,1
L1-L2-L3,40,199,74,1
L1-L2-L3,40,200,242,1
L1-L2-L3,40,201,240,1
L1-L2-L3,40,202,163,1
L1-L2-L3,40,206,183,1
L1-L2-L3,40,207,235,1
L1-L2-L3,40,208,173,1
L1-L2-L3,40,209,147,1
L1-L2-L3,40,211,228,1
L1-L2-L3,40,216,47,1
L1-L2-L3,40,219,246,1
L1-L2-L3,40,220,71,1
L1-L2-L3,40,221,66,1
L1-L2-L3,40,222,40,1
L1-L2-L3,40,224,26,1
L1-L2-L3,40,229,250,1
L1-L2-L3,40,230,170,1
L1-L2-L3,40,231,195,1
L1-L2-L3,40,236,112,1
L1-L2-L3,40,238,77,1
L1-L2-L3,40,239,35,1
L1-L2-L3,40,240,20,1
L1-L2-L3,40,241,222,1
L1-L2-L3,40,242,254,1
L1-L2-L3,40,245,160,1
L1-L2-L3,40,246,40,1
L1-L2-L3,40,252,103,1
L1-L2-L3,40,254,110,1
L1-L2-L3,40,255,240,1
L1-L2-L3,41,1,151,1
L1-L2-L3,41,3,193,1
L1-L2-L3,41,5,36,1
L1-L2-L3,41,7,118,1
L1-L2-L3,41,8,7,1
L1-L2-L3,41,13,184,1
L1-L2-L3,41,19,146,1
L1-L2-L3,41,24,27,1
L1-L2-L3,41,26,222,1
L1-L2-L3,41,28,81,1
L1-L2-L3,41,29,242,1
L1-L2-L3,41,35,43,1
L1-L2-L3,41,38,133,1
L1-L2-L3,41,42,44,1
L1-L2-L3,41,49,163,1
L1-L2-L3,41,50,218,1
L1-L2-L3,41,56,242,1
L1-L2-L3,41,58,135,1
L1-L2-L3,41,66,126,1
L1-L2-L3,41,67,59,1
L1-L2-L3,41,72,252,1
L1-L2-L3,41,77,191,1
L1-L2-L3,41,83,249,1
L1-L2-L3,41,91,230,1
L1-L2-L3,41,94,182,1
L1-L2-L3,41,98,222,1
L1-L2-L3,41,108,149,1
L1-L2-L3,41,113,4,1
L1-L2-L3,41,115,102,1
L1-L2-L3,41,118,97,1
L1-L2-L3,41,119,1,1
L1-L2-L3,41,120,37,1
L1-L2-L3,41,122,98,1
L1-L2-L3,41,123,178,1
L1-L2-L3,41,124,90,1
L1-L2-L3,41,125,106,1
L1-L2-L3,41,128,198,1
L1-L2-L3,41,137,70,1
L1-L2-L3,41,140,90,1
L1-L2-L3,41,143,252,1
L1-L2-L3,41,145,153,1
L1-L2-L3,41,147,152,1
L1-L2-L3,41,148,40,1
L1-L2-L3,41,150,13,1
L1-L2-L3,41,152,196,1
L1-L2-L3,41,154,129,1
L1-L2-L3,41,155,179,1
L1-L2-L3,41,157,55,1
L1-L2-L3,41,158,200,1
L1-L2-L3,41,165,243,1
L1-L2-L3,41,170,20,1
L1-L2-L3,41,176,88,1
L1-L2-L3,41,182,152,1
L1-L2-L3,41,183,222,1
L1-L2-L3,41,184,134,1
L1-L2-L3,41,185,133,1
L1-L2-L3,41,188,224,1
L1-L2-L3,41,189,37,1
L1-L2-L3,41,191,227,1
L1-L2-L3,41,192,66,1
L1-L2-L3,41,193,56,1
L1-L2-L3,41,199,187,1
L1-L2-L3,41,200,14,1
L1-L2-L3,41,201,59,1
L1-L2-L3,41,203,181,1
L1-L2-L3,41,204,192,1
L1-L2-L3,41,206,99,1
L1-L2-L3,41,209,215,1
L1-L2-L3,41,210,138,1
L1-L2-L3,41,214,153,1
L1-L2-L3,41,215,189,1
L1-L2-L3,41,216,74,1
L1-L2-L3,41,219,238,1
L1-L2-L3,41,225,52,1
L1-L2-L3,41,226,75,1
L1-L2-L3,41,229,54,1
L1-L2-L3,41,230,57,1
L1-L2-L3,41,231,140,1
L1-L2-L3,41,236,223,1
L1-L2-L3,41,245,253,1
L1-L2-L3,41,249,200,1
L1-L2-L3,41,250,160,1
L1-L2-L3,41,252,222,1
L1-L2-L3,42,3,207,1
L1-L2-L3,42,16,169,1
L1-L2-L3,42,23,49,1
L1-L2-L3,42,24,197,1
L1-L2-L3,42,34,241,1
L1-L2-L3,42,37,102,1
L1-L2-L3,42,44,104,1
L1-L2-L3,42,45,254,1
L1-L2-L3,42,48,62,1
L1-L2-L3,42,56,109,1
L1-L2-L3,42,58,152,1
L1-L2-L3,42,60,192,1
L1-L2-L3,42,67,174,1
L1-L2-L3,42,73,8,1
L1-L2-L3,42,74,82,1
L1-L2-L3,42,77,160,1
L1-L2-L3,42,79,57,1
L1-L2-L3,42,81,18,1
L1-L2-L3,42,86,109,1
L1-L2-L3,42,89,82,1
L1-L2-L3,42,90,212,1
L1-L2-L3,42,94,24,1
L1-L2-L3,42,99,55,1
L1-L2-L3,42,101,169,1
L1-L2-L3,42,104,134,1
L1-L2-L3,42,111,105,1
L1-L2-L3,42,113,55,1
L1-L2-L3,42,115,215,1
L1-L2-L3,42,123,171,1
L1-L2-L3,42,125,174,1
L1-L2-L3,42,127,237,1
L1-L2-L3,42,128,81,1
L1-L2-L3,42,131,218,1
L1-L2-L3,42,139,72,1
L1-L2-L3,42,147,186,1
L1-L2-L3,42,154,164,1
L1-L2-L3,42,155,217,1
L1-L2-L3,42,160,136,1
L1-L2-L3,42,168,178,1
L1-L2-L3,42,172,122,1
L1-L2-L3,42,174,208,1
L1-L2-L3,42,178,97,1
L1-L2-L3,42,179,134,1
L1-L2-L3,42,182,105,1
L1-L2-L3,42,183,156,1
L1-L2-L3,42,188,84,1
L1-L2-L3,42,201,109,1
L1-L2-L3,42,204,82,1
L1-L2-L3,42,207,171,1
L1-L2-L3,42,214,132,1
L1-L2-L3,42,219,39,1
L1-L2-L3,42,223,68,1
L1-L2-L3,42,229,126,1
L1-L2-L3,42,238,237,1
L1-L2-L3,42,248,24,1
L1-L2-L3,42,249,60,1
L1-L2-L3,42,250,236,1
L1-L2-L3,43,3,19,1
L1-L2-L3,43,11,129,1
L1-L2-L3,43,12,230,1
L1-L2-L3,43,13,86,1
L1-L2-L3,43,14,138,1
L1-L2-L3,43,17,155,1
L1-L2-L3,43,23,125,1
L1-L2-L3,43,26,163,1
L1-L2-L3,43,28,108,1
L1-L2-L3,43,30,34,1
L1-L2-L3,43,40,66,1
L1-L2-L3,43,44,163,1
L1-L2-L3,43,51,81,1
L1-L2-L3,43,53,50,1
L1-L2-L3,43,57,158,1
L1-L2-L3,43,60,100,1
L1-L2-L3,43,68,150,1
L1-L2-L3,43,73,45,1
L1-L2-L3,43,75,97,1
L1-L2-L3,43,79,80,1
L1-L2-L3,43,80,86,1
L1-L2-L3,43,93,203,1
L1-L2-L3,43,94,79,1
L1-L2-L3,43,100,146,1
L1-L2-L3,43,106,225,1
L1-L2-L3,43,108,68,1
L1-L2-L3,43,110,3,1
L1-L2-L3,43,112,122,1
L1-L2-L3,43,113,191,1
L1-L2-L3,43,118,219,1
L1-L2-L3,43,120,82,1
L1-L2-L3,43,123,34,1
L1-L2-L3,43,124,178,1
L1-L2-L3,43,125,141,1
L1-L2-L3,43,132,213,1
L1-L2-L3,43,140,53,1
L1-L2-L3,43,141,37,1
L1-L2-L3,43,143,160,1
L1-L2-L3,43,147,125,1
L1-L2-L3,43,148,86,1
L1-L2-L3,43,151,168,1
L1-L2-L3,43,153,254,1
L1-L2-L3,43,155,37,1
L1-L2-L3,43,157,194,1
L1-L2-L3,43,158,107,1
L1-L2-L3,43,162,127,1
L1-L2-L3,43,163,163,1
L1-L2-L3,43,167,46,1
L1-L2-L3,43,170,12,1
L1-L2-L3,43,171,103,1
L1-L2-L3,43,172,185,1
L1-L2-L3,43,176,40,1
L1-L2-L3,43,177,147,1
L1-L2-L3,43,180,223,1
L1-L2-L3,43,184,223,1
L1-L2-L3,43,187,99,1
L1-L2-L3,43,188,18,1
L1-L2-L3,43,190,220,1
L1-L2-L3,43,194,69,1
L1-L2-L3,43,196,127,1
L1-L2-L3,43,199,149,1
L1-L2-L3,43,200,185,1
L1-L2-L3,43,202,73,1
L1-L2-L3,43,203,175,1
L1-L2-L3,43,204,59,1
L1-L2-L3,43,210,103,1
L1-L2-L3,43,211,11,1
L1-L2-L3,43,212,68,1
L1-L2-L3,43,217,147,1
L1-L2-L3,43,220,40,1
L1-L2-L3,43,222,57,1
L1-L2-L3,43,223,75,1
L1-L2-L3,43,224,186,1
L1-L2-L3,43,226,148,1
L1-L2-L3,43,229,211,1
L1-L2-L3,43,234,99,1
L1-L2-L3,43,236,203,1
L1-L2-L3,43,237,180,1
L1-L2-L3,43,238,238,1
L1-L2-L3,43,240,141,1
L1-L2-L3,43,241,147,1
L1-L2-L3,43,242,144,1
L1-L2-L3,43,244,148,1
L1-L2-L3,43,248,97,1
L1-L2-L3,43,253,98,1
L1-L2-L3,44,2,2,1
L1-L2-L3,44,3,213,1
L1-L2-L3,44,6,29,1
L1-L2-L3,44,7,40,1
L1-L2-L3,44,8,239,1
L1-L2-L3,44,11,167,1
L1-L2-L3,44,13,168,1
L1-L2-L3,44,15,86,1
L1-L2-L3,44,17,237,1
L1-L2-L3,44,18,99,1
L1-L2-L3,44,20,246,1
L1-L2-L3,44,21,149,1
L1-L2-L3,44,22,3,1
L1-L2-L3,44,23,77,1
L1-L2-L3,44,26,237,1
L1-L2-L3,44,31,145,1
L1-L2-L3,44,34,193,1
L1-L2-L3,44,35,164,1
L1-L2-L3,44,41,233,1
L1-L2-L3,44,47,162,1
L1-L2-L3,44,49,248,1
L1-L2-L3,44,57,107,1
L1-L2-L3,44,60,237,1
L1-L2-L3,44,66,253,1
L1-L2-L3,44,68,117,1
L1-L2-L3,44,69,230,1
L1-L2-L3,44,72,254,1
L1-L2-L3,44,73,106,1
L1-L2-L3,44,74,88,1
L1-L2-L3,44,78,97,1
L1-L2-L3,44,80,92,1
L1-L2-L3,44,83,212,1
L1-L2-L3,44,84,78,1
L1-L2-L3,44,85,239,1
L1-L2-L3,44,87,126,1
L1-L2-L3,44,88,233,1
L1-L2-L3,44,89,73,1
L1-L2-L3,44,93,170,1
L1-L2-L3,44,94,59,1
L1-L2-L3,44,95,139,1
L1-L2-L3,44,99,92,1
L1-L2-L3,44,101,207,1
L1-L2-L3,44,102,202,1
L1-L2-L3,44,104,21,1
L1-L2-L3,44,106,117,1
L1-L2-L3,44,107,170,1
L1-L2-L3,44,108,140,1
L1-L2-L3,44,109,26,1
L1-L2-L3,44,110,106,1
L1-L2-L3,44,111,133,1
L1-L2-L3,44,112,202,1
L1-L2-L3,44,117,36,1
L1-L2-L3,44,119,180,1
L1-L2-L3,44,121,98,1
L1-L2-L3,44,122,151,1
L1-L2-L3,44,123,3,1
L1-L2-L3,44,124,147,1
L1-L2-L3,44,125,77,1
L1-L2-L3,44,126,136,1
L1-L2-L3,44,129,48,1
L1-L2-L3,44,130,14,1
L1-L2-L3,44,131,254,1
L1-L2-L3,44,132,70,1
L1-L2-L3,44,134,221,1
L1-L2-L3,44,135,229,1
L1-L2-L3,44,137,136,1
L1-L2-L3,44,138,230,1
L1-L2-L3,44,142,103,1
L1-L2-L3,44,143,36,1
L1-L2-L3,44,144,87,1
L1-L2-L3,44,145,82,1
L1-L2-L3,44,148,76,1
L1-L2-L3,44,151,65,1
L1-L2-L3,44,154,44,1
L1-L2-L3,44,156,168,1
L1-L2-L3,44,158,70,1
L1-L2-L3,44,159,73,1
L1-L2-L3,44,161,157,1
L1-L2-L3,44,162,214,1
L1-L2-L3,44,166,244,1
L1-L2-L3,44,167,148,1
L1-L2-L3,44,169,199,1
L1-L2-L3,44,175,23,1
L1-L2-L3,44,179,22,1
L1-L2-L3,44,180,117,1
L1-L2-L3,44,181,47,1
L1-L2-L3,44,183,75,1
L1-L2-L3,44,184,204,1
L1-L2-L3,44,185,34,1
L1-L2-L3,44,186,16,1
L1-L2-L3,44,187,172,1
L1-L2-L3,44,191,39,1
L1-L2-L3,44,192,92,1
L1-L2-L3,44,193,116,1
L1-L2-L3,44,196,38,1
L1-L2-L3,44,198,32,1
L1-L2-L3,44,199,232,1
L1-L2-L3,44,202,32,1
L1-L2-L3,44,205,140,1
L1-L2-L3,44,207,91,1
L1-L2-L3,44,209,28,1
L1-L2-L3,44,212,219,1
L1-L2-L3,44,213,33,1
L1-L2-L3,44,214,50,1
L1-L2-L3,44,216,73,1
L1-L2-L3,44,217,92,1
L1-L2-L3,44,221,198,1
L1-L2-L3,44,222,138,1
L1-L2-L3,44,223,102,1
L1-L2-L3,44,227,8,1
L1-L2-L3,44,230,97,1
L1-L2-L3,44,231,193,1
L1-L2-L3,44,233,18,1
L1-L2-L3,44,234,27,1
L1-L2-L3,44,235,44,1
L1-L2-L3,44,236,117,1
L1-L2-L3,44,237,237,1
L1-L2-L3,44,238,202,1
L1-L2-L3,44,239,228,1
L1-L2-L3,44,241,171,1
L1-L2-L3,44,242,193,1
L1-L2-L3,44,244,117,1
L1-L2-L3,44,245,86,1
L1-L2-L3,44,246,47,1
L1-L2-L3,44,251,19,1
L1-L2-L3,44,252,253,1
L1-L2-L3,44,253,50,1
L1-L2-L3,45,0,207,1
L1-L2-L3,45,2,213,1
L1-L2-L3,45,3,71,1
L1-L2-L3,45,4,58,1
L1-L2-L3,45,8,147,1
L1-L2-L3,45,10,47,1
L1-L2-L3,45,11,211,1
L1-L2-L3,45,12,254,1
L1-L2-L3,45,15,250,1
L1-L2-L3,45,17,120,1
L1-L2-L3,45,19,63,1
L1-L2-L3,45,21,94,1
L1-L2-L3,45,22,78,1
L1-L2-L3,45,24,243,1
L1-L2-L3,45,25,252,1
L1-L2-L3,45,26,156,1
L1-L2-L3,45,29,25,1
L1-L2-L3,45,31,228,1
L1-L2-L3,45,32,79,1
L1-L2-L3,45,33,184,1
L1-L2-L3,45,37,221,1
L1-L2-L3,45,38,34,1
L1-L2-L3,45,39,128,1
L1-L2-L3,45,40,116,1
L1-L2-L3,45,48,65,1
L1-L2-L3,45,50,86,1
L1-L2-L3,45,51,156,1
L1-L2-L3,45,53,144,1
L1-L2-L3,45,55,35,1
L1-L2-L3,45,61,243,1
L1-L2-L3,45,62,210,1
L1-L2-L3,45,63,34,1
L1-L2-L3,45,64,103,1
L1-L2-L3,45,66,53,1
L1-L2-L3,45,71,133,1
L1-L2-L3,45,73,244,1
L1-L2-L3,45,74,206,1
L1-L2-L3,45,77,217,1
L1-L2-L3,45,79,44,1
L1-L2-L3,45,80,122,1
L1-L2-L3,45,82,10,1
L1-L2-L3,45,84,122,1
L1-L2-L3,45,85,233,1
L1-L2-L3,45,89,85,1
L1-L2-L3,45,90,54,1
L1-L2-L3,45,91,47,1
L1-L2-L3,45,93,236,1
L1-L2-L3,45,94,11,1
L1-L2-L3,45,98,243,1
L1-L2-L3,45,100,222,1
L1-L2-L3,45,101,175,1
L1-L2-L3,45,102,177,1
L1-L2-L3,45,103,251,1
L1-L2-L3,45,106,250,1
L1-L2-L3,45,113,216,1
L1-L2-L3,45,115,64,1
L1-L2-L3,45,116,184,1
L1-L2-L3,45,119,149,1
L1-L2-L3,45,122,69,1
L1-L2-L3,45,124,47,1
L1-L2-L3,45,126,188,1
L1-L2-L3,45,129,229,1
L1-L2-L3,45,130,30,1
L1-L2-L3,45,132,184,1
L1-L2-L3,45,133,63,1
L1-L2-L3,45,143,119,1
L1-L2-L3,45,145,204,1
L1-L2-L3,45,147,34,1
L1-L2-L3,45,149,204,1
L1-L2-L3,45,150,254,1
L1-L2-L3,45,152,56,1
L1-L2-L3,45,157,50,1
L1-L2-L3,45,162,203,1
L1-L2-L3,45,163,223,1
L1-L2-L3,45,164,1,1
L1-L2-L3,45,166,182,1
L1-L2-L3,45,170,154,1
L1-L2-L3,45,172,97,1
L1-L2-L3,45,174,1,1
L1-L2-L3,45,175,63,1
L1-L2-L3,45,178,23,1
L1-L2-L3,45,180,249,1
L1-L2-L3,45,185,76,1
L1-L2-L3,45,187,248,1
L1-L2-L3,45,188,186,1
L1-L2-L3,45,189,226,1
L1-L2-L3,45,193,203,1
L1-L2-L3,45,196,82,1
L1-L2-L3,45,199,199,1
L1-L2-L3,45,202,153,1
L1-L2-L3,45,204,71,1
L1-L2-L3,45,206,130,1
L1-L2-L3,45,210,176,1
L1-L2-L3,45,211,122,1
L1-L2-L3,45,212,188,1
L1-L2-L3,45,214,39,1
L1-L2-L3,45,216,88,1
L1-L2-L3,45,218,194,1
L1-L2-L3,45,219,44,1
L1-L2-L3,45,223,115,1
L1-L2-L3,45,224,190,1
L1-L2-L3,45,228,24,1
L1-L2-L3,45,232,219,1
L1-L2-L3,45,235,169,1
L1-L2-L3,45,237,195,1
L1-L2-L3,45,240,203,1
L1-L2-L3,45,241,83,1
L1-L2-L3,45,244,251,1
L1-L2-L3,45,245,212,1
L1-L2-L3,45,247,36,1
L1-L2-L3,45,248,105,1
L1-L2-L3,45,249,87,1
L1-L2-L3,45,250,158,1
L1-L2-L3,45,251,180,1
L1-L2-L3,45,253,14,1
L1-L2-L3,46,4,21,1
L1-L2-L3,46,15,83,1
L1-L2-L3,46,18,44,1
L1-L2-L3,46,19,57,1
L1-L2-L3,46,23,222,1
L1-L2-L3,46,25,91,1
L1-L2-L3,46,27,59,1
L1-L2-L3,46,28,114,1
L1-L2-L3,46,32,9,1
L1-L2-L3,46,33,140,1
L1-L2-L3,46,35,17,1
L1-L2-L3,46,36,206,1
L1-L2-L3,46,37,210,1
L1-L2-L3,46,38,194,1
L1-L2-L3,46,45,212,1
L1-L2-L3,46,46,48,1
L1-L2-L3,46,55,174,1
L1-L2-L3,46,57,173,1
L1-L2-L3,46,58,59,1
L1-L2-L3,46,59,8,1
L1-L2-L3,46,67,44,1
L1-L2-L3,46,71,225,1
L1-L2-L3,46,73,124,1
L1-L2-L3,46,74,249,1
L1-L2-L3,46,75,236,1
L1-L2-L3,46,77,174,1
L1-L2-L3,46,78,120,1
L1-L2-L3,46,81,227,1
L1-L2-L3,46,91,229,1
L1-L2-L3,46,94,167,1
L1-L2-L3,46,96,237,1
L1-L2-L3,46,97,39,1
L1-L2-L3,46,100,169,1
L1-L2-L3,46,104,184,1
L1-L2-L3,46,111,54,1
L1-L2-L3,46,113,67,1
L1-L2-L3,46,116,97,1
L1-L2-L3,46,119,169,1
L1-L2-L3,46,121,255,1
L1-L2-L3,46,123,25,1
L1-L2-L3,46,124,41,1
L1-L2-L3,46,125,120,1
L1-L2-L3,46,128,31,1
L1-L2-L3,46,132,159,1
L1-L2-L3,46,133,98,1
L1-L2-L3,46,134,70,1
L1-L2-L3,46,137,87,1
L1-L2-L3,46,139,229,1
L1-L2-L3,46,140,47,1
L1-L2-L3,46,143,20,1
L1-L2-L3,46,146,207,1
L1-L2-L3,46,148,20,1
L1-L2-L3,46,149,92,1
L1-L2-L3,46,150,112,1
L1-L2-L3,46,151,96,1
L1-L2-L3,46,152,173,1
L1-L2-L3,46,154,32,1
L1-L2-L3,46,156,136,1
L1-L2-L3,46,157,7,1
L1-L2-L3,46,161,163,1
L1-L2-L3,46,163,182,1
L1-L2-L3,46,164,63,1
L1-L2-L3,46,165,39,1
L1-L2-L3,46,167,141,1
L1-L2-L3,46,170,236,1
L1-L2-L3,46,171,201,1
L1-L2-L3,46,174,180,1
L1-L2-L3,46,175,154,1
L1-L2-L3,46,178,241,1
L1-L2-L3,46,179,109,1
L1-L2-L3,46,181,94,1
L1-L2-L3,46,182,14,1
L1-L2-L3,46,183,152,1
L1-L2-L3,46,185,123,1
L1-L2-L3,46,186,18,1
L1-L2-L3,46,190,31,1
L1-L2-L3,46,191,228,1
L1-L2-L3,46,192,7,1
L1-L2-L3,46,193,194,1
L1-L2-L3,46,194,18,1
L1-L2-L3,46,195,179,1
L1-L2-L3,46,197,65,1
L1-L2-L3,46,203,25,1
L1-L2-L3,46,204,87,1
L1-L2-L3,46,208,168,1
L1-L2-L3,46,209,90,1
L1-L2-L3,46,210,15,1
L1-L2-L3,46,213,32,1
L1-L2-L3,46,216,117,1
L1-L2-L3,46,217,195,1
L1-L2-L3,46,218,167,1
L1-L2-L3,46,219,21,1
L1-L2-L3,46,223,145,1
L1-L2-L3,46,225,205,1
L1-L2-L3,46,229,208,1
L1-L2-L3,46,232,61,1
L1-L2-L3,46,234,63,1
L1-L2-L3,46,238,39,1
L1-L2-L3,46,239,123,1
L1-L2-L3,46,241,214,1
L1-L2-L3,46,242,154,1
L1-L2-L3,46,244,102,1
L1-L2-L3,46,246,163,1
L1-L2-L3,46,250,39,1
L1-L2-L3,46,251,165,1
L1-L2-L3,46,252,236,1
L1-L2-L3,46,254,200,1
L1-L2-L3,46,255,114,1
L1-L2-L3,47,3,175,1
L1-L2-L3,47,17,98,1
L1-L2-L3,47,18,51,1
L1-L2-L3,47,19,46,1
L1-L2-L3,47,20,110,1
L1-L2-L3,47,22,31,1
L1-L2-L3,47,24,23,1
L1-L2-L3,47,25,65,1
L1-L2-L3,47,26,134,1
L1-L2-L3,47,29,146,1
L1-L2-L3,47,31,189,1
L1-L2-L3,47,35,68,1
L1-L2-L3,47,38,79,1
L1-L2-L3,47,42,31,1
L1-L2-L3,47,44,71,1
L1-L2-L3,47,53,48,1
L1-L2-L3,47,61,90,1
L1-L2-L3,47,70,132,1
L1-L2-L3,47,71,218,1
L1-L2-L3,47,72,67,1
L1-L2-L3,47,78,157,1
L1-L2-L3,47,80,95,1
L1-L2-L3,47,81,90,1
L1-L2-L3,47,83,217,1
L1-L2-L3,47,88,211,1
L1-L2-L3,47,92,76,1
L1-L2-L3,47,100,189,1
L1-L2-L3,47,101,96,1
L1-L2-L3,47,102,10,1
L1-L2-L3,47,109,9,1
L1-L2-L3,47,111,28,1
L1-L2-L3,47,112,114,1
L1-L2-L3,47,119,166,1
L1-L2-L3,47,121,65,1
L1-L2-L3,47,123,188,1
L1-L2-L3,47,124,228,1
L1-L2-L3,47,125,31,1
L1-L2-L3,47,129,235,1
L1-L2-L3,47,133,138,1
L1-L2-L3,47,136,66,1
L1-L2-L3,47,138,249,1
L1-L2-L3,47,142,31,1
L1-L2-L3,47,145,240,1
L1-L2-L3,47,146,31,1
L1-L2-L3,47,147,66,1
L1-L2-L3,47,148,166,1
L1-L2-L3,47,149,46,1
L1-L2-L3,47,154,76,1
L1-L2-L3,47,155,99,1
L1-L2-L3,47,161,254,1
L1-L2-L3,47,163,65,1
L1-L2-L3,47,169,123,1
L1-L2-L3,47,172,199,1
L1-L2-L3,47,174,254,1
L1-L2-L3,47,178,227,1
L1-L2-L3,47,180,21,1
L1-L2-L3,47,182,177,1
L1-L2-L3,47,186,46,1
L1-L2-L3,47,187,50,1
L1-L2-L3,47,191,4,1
L1-L2-L3,47,192,89,1
L1-L2-L3,47,193,245,1
L1-L2-L3,47,196,16,1
L1-L2-L3,47,199,156,1
L1-L2-L3,47,201,77,1
L1-L2-L3,47,202,57,1
L1-L2-L3,47,204,179,1
L1-L2-L3,47,212,239,1
L1-L2-L3,47,216,139,1
L1-L2-L3,47,221,46,1
L1-L2-L3,47,222,38,1
L1-L2-L3,47,224,198,1
L1-L2-L3,47,225,65,1
L1-L2-L3,47,226,180,1
L1-L2-L3,47,231,190,1
L1-L2-L3,47,232,142,1
L1-L2-L3,47,235,211,1
L1-L2-L3,47,237,93,1
L1-L2-L3,47,241,46,1
L1-L2-L3,47,242,211,1
L1-L2-L3,47,244,47,1
L1-L2-L3,47,246,88,1
L1-L2-L3,47,249,13,1
L1-L2-L3,47,250,245,1
L1-L2-L3,48,0,231,1
L1-L2-L3,48,5,149,1
L1-L2-L3,48,6,61,1
L1-L2-L3,48,7,228,1
L1-L2-L3,48,8,183,1
L1-L2-L3,48,10,103,1
L1-L2-L3,48,13,26,1
L1-L2-L3,48,15,133,1
L1-L2-L3,48,27,45,1
L1-L2-L3,48,28,99,1
L1-L2-L3,48,30,230,1
L1-L2-L3,48,31,222,1
L1-L2-L3,48,32,230,1
L1-L2-L3,48,37,125,1
L1-L2-L3,48,41,168,1
L1-L2-L3,48,43,49,1
L1-L2-L3,48,45,86,1
L1-L2-L3,48,48,131,1
L1-L2-L3,48,49,43,1
L1-L2-L3,48,52,105,1
L1-L2-L3,48,53,239,1
L1-L2-L3,48,54,45,1
L1-L2-L3,48,55,222,1
L1-L2-L3,48,60,125,1
L1-L2-L3,48,65,123,1
L1-L2-L3,48,67,16,1
L1-L2-L3,48,69,71,1
L1-L2-L3,48,71,160,1
L1-L2-L3,48,72,214,1
L1-L2-L3,48,74,67,1
L1-L2-L3,48,76,74,1
L1-L2-L3,48,77,5,1
L1-L2-L3,48,81,50,1
L1-L2-L3,48,83,241,1
L1-L2-L3,48,84,186,1
L1-L2-L3,48,89,78,1
L1-L2-L3,48,92,238,1
L1-L2-L3,48,95,199,1
L1-L2-L3,48,99,10,1
L1-L2-L3,48,100,95,1
L1-L2-L3,48,101,112,1
L1-L2-L3,48,105,228,1
L1-L2-L3,48,110,239,1
L1-L2-L3,48,112,84,1
L1-L2-L3,48,113,116,1
L1-L2-L3,48,116,74,1
L1-L2-L3,48,117,233,1
L1-L2-L3,48,120,43,1
L1-L2-L3,48,121,206,1
L1-L2-L3,48,127,38,1
L1-L2-L3,48,130,205,1
L1-L2-L3,48,137,137,1
L1-L2-L3,48,138,53,1
L1-L2-L3,48,139,56,1
L1-L2-L3,48,140,144,1
L1-L2-L3,48,143,155,1
L1-L2-L3,48,144,67,1
L1-L2-L3,48,152,247,1
L1-L2-L3,48,155,137,1
L1-L2-L3,48,156,154,1
L1-L2-L3,48,157,239,1
L1-L2-L3,48,160,105,1
L1-L2-L3,48,162,110,1
L1-L2-L3,48,164,213,1
L1-L2-L3,48,170,108,1
L1-L2-L3,48,172,154,1
L1-L2-L3,48,173,205,1
L1-L2-L3,48,178,146,1
L1-L2-L3,48,179,135,1
L1-L2-L3,48,180,226,1
L1-L2-L3,48,181,14,1
L1-L2-L3,48,182,29,1
L1-L2-L3,48,183,166,1
L1-L2-L3,48,185,167,1
L1-L2-L3,48,187,2,1
L1-L2-L3,48,188,135,1
L1-L2-L3,48,190,183,1
L1-L2-L3,48,191,138,1
L1-L2-L3,48,192,67,1
L1-L2-L3,48,194,22,1
L1-L2-L3,48,196,186,1
L1-L2-L3,48,203,149,1
L1-L2-L3,48,204,138,1
L1-L2-L3,48,205,156,1
L1-L2-L3,48,209,25,1
L1-L2-L3,48,210,131,1
L1-L2-L3,48,212,180,1
L1-L2-L3,48,214,118,1
L1-L2-L3,48,215,156,1
L1-L2-L3,48,216,135,1
L1-L2-L3,48,218,180,1
L1-L2-L3,48,220,165,1
L1-L2-L3,48,221,127,1
L1-L2-L3,48,223,178,1
L1-L2-L3,48,225,127,1
L1-L2-L3,48,226,149,1
L1-L2-L3,48,229,138,1
L1-L2-L3,48,230,70,1
L1-L2-L3,48,231,26,1
L1-L2-L3,48,233,137,1
L1-L2-L3,48,236,176,1
L1-L2-L3,48,237,53,1
L1-L2-L3,48,239,172,1
L1-L2-L3,48,247,154,1
L1-L2-L3,48,248,74,1
L1-L2-L3,48,249,176,1
L1-L2-L3,48,251,26,1
L1-L2-L3,48,255,228,1
L1-L2-L3,49,2,255,1
L1-L2-L3,49,4,232,1
L1-L2-L3,49,11,151,1
L1-L2-L3,49,17,185,1
L1-L2-L3,49,22,72,1
L1-L2-L3,49,26,227,1
L1-L2-L3,49,29,31,1
L1-L2-L3,49,32,197,1
L1-L2-L3,49,33,161,1
L1-L2-L3,49,37,173,1
L1-L2-L3,49,38,6,1
L1-L2-L3,49,43,182,1
L1-L2-L3,49,49,23,1
L1-L2-L3,49,50,8,1
L1-L2-L3,49,60,60,1
L1-L2-L3,49,61,180,1
L1-L2-L3,49,63,204,1
L1-L2-L3,49,72,41,1
L1-L2-L3,49,76,128,1
L1-L2-L3,49,78,132,1
L1-L2-L3,49,82,184,1
L1-L2-L3,49,84,182,1
L1-L2-L3,49,85,65,1
L1-L2-L3,49,86,21,1
L1-L2-L3,49,89,121,1
L1-L2-L3,49,91,208,1
L1-L2-L3,49,92,54,1
L1-L2-L3,49,96,73,1
L1-L2-L3,49,97,147,1
L1-L2-L3,49,101,243,1
L1-L2-L3,49,105,18,1
L1-L2-L3,49,107,101,1
L1-L2-L3,49,108,60,1
L1-L2-L3,49,111,73,1
L1-L2-L3,49,112,140,1
L1-L2-L3,49,113,1,1
L1-L2-L3,49,120,52,1
L1-L2-L3,49,123,48,1
L1-L2-L3,49,129,119,1
L1-L2-L3,49,132,89,1
L1-L2-L3,49,134,174,1
L1-L2-L3,49,141,182,1
L1-L2-L3,49,144,109,1
L1-L2-L3,49,146,192,1
L1-L2-L3,49,151,53,1
L1-L2-L3,49,158,181,1
L1-L2-L3,49,160,79,1
L1-L2-L3,49,161,195,1
L1-L2-L3,49,162,87,1
L1-L2-L3,49,164,188,1
L1-L2-L3,49,165,134,1
L1-L2-L3,49,166,59,1
L1-L2-L3,49,175,24,1
L1-L2-L3,49,177,124,1
L1-L2-L3,49,182,41,1
L1-L2-L3,49,185,58,1
L1-L2-L3,49,189,15,1
L1-L2-L3,49,190,60,1
L1-L2-L3,49,192,70,1
L1-L2-L3,49,194,216,1
L1-L2-L3,49,196,153,1
L1-L2-L3,49,197,122,1
L1-L2-L3,49,200,141,1
L1-L2-L3,49,202,28,1
L1-L2-L3,49,207,182,1
L1-L2-L3,49,212,187,1
L1-L2-L3,49,213,236,1
L1-L2-L3,49,214,72,1
L1-L2-L3,49,216,101,1
L1-L2-L3,49,220,111,1
L1-L2-L3,49,222,204,1
L1-L2-L3,49,225,173,1
L1-L2-L3,49,229,146,1
L1-L2-L3,49,233,218,1
L1-L2-L3,49,237,140,1
L1-L2-L3,49,239,52,1
L1-L2-L3,49,242,81,1
L1-L2-L3,49,246,73,1
L1-L2-L3,49,247,247,1
L1-L2-L3,49,252,234,1
L1-L2-L3,49,253,227,1
L1-L2-L3,49,254,109,1
L1-L2-L3,50,2,190,1
L1-L2-L3,50,3,191,1
L1-L2-L3,50,7,56,1
L1-L2-L3,50,10,37,1
L1-L2-L3,50,11,51,1
L1-L2-L3,50,12,152,1
L1-L2-L3,50,22,52,1
L1-L2-L3,50,29,73,1
L1-L2-L3,50,38,76,1
L1-L2-L3,50,40,199,1
L1-L2-L3,50,42,87,1
L1-L2-L3,50,51,72,1
L1-L2-L3,50,54,65,1
L1-L2-L3,50,55,221,1
L1-L2-L3,50,64,236,1
L1-L2-L3,50,65,201,1
L1-L2-L3,50,67,126,1
L1-L2-L3,50,72,143,1
L1-L2-L3,50,83,100,1
L1-L2-L3,50,84,28,1
L1-L2-L3,50,87,76,1
L1-L2-L3,50,91,248,1
L1-L2-L3,50,101,184,1
L1-L2-L3,50,102,130,1
L1-L2-L3,50,103,247,1
L1-L2-L3,50,105,56,1
L1-L2-L3,50,107,27,1
L1-L2-L3,50,109,88,1
L1-L2-L3,50,110,117,1
L1-L2-L3,50,116,247,1
L1-L2-L3,50,120,170,1
L1-L2-L3,50,123,181,1
L1-L2-L3,50,124,226,1
L1-L2-L3,50,136,109,1
L1-L2-L3,50,139,50,1
L1-L2-L3,50,140,49,1
L1-L2-L3,50,141,73,1
L1-L2-L3,50,142,71,1
L1-L2-L3,50,146,182,1
L1-L2-L3,50,148,224,1
L1-L2-L3,50,149,95,1
L1-L2-L3,50,150,134,1
L1-L2-L3,50,151,115,1
L1-L2-L3,50,155,38,1
L1-L2-L3,50,157,60,1
L1-L2-L3,50,158,150,1
L1-L2-L3,50,160,82,1
L1-L2-L3,50,170,110,1
L1-L2-L3,50,171,224,1
L1-L2-L3,50,172,1,1
L1-L2-L3,50,173,188,1
L1-L2-L3,50,176,55,1
L1-L2-L3,50,178,237,1
L1-L2-L3,50,180,72,1
L1-L2-L3,50,183,195,1
L1-L2-L3,50,184,19,1
L1-L2-L3,50,185,80,1
L1-L2-L3,50,186,173,1
L1-L2-L3,50,188,65,1
L1-L2-L3,50,190,141,1
L1-L2-L3,50,191,73,1
L1-L2-L3,50,194,201,1
L1-L2-L3,50,195,25,1
L1-L2-L3,50,196,44,1
L1-L2-L3,50,198,12,1
L1-L2-L3,50,200,118,1
L1-L2-L3,50,202,174,1
L1-L2-L3,50,206,136,1
L1-L2-L3,50,207,148,1
L1-L2-L3,50,215,101,1
L1-L2-L3,50,217,255,1
L1-L2-L3,50,219,134,1
L1-L2-L3,50,221,187,1
L1-L2-L3,50,222,18,1
L1-L2-L3,50,230,213,1
L1-L2-L3,50,231,207,1
L1-L2-L3,50,234,132,1
L1-L2-L3,50,235,72,1
L1-L2-L3,50,239,193,1
L1-L2-L3,50,241,67,1
L1-L2-L3,50,243,17,1
L1-L2-L3,50,244,192,1
L1-L2-L3,50,245,12,1
L1-L2-L3,50,247,27,1
L1-L2-L3,50,248,121,1
L1-L2-L3,50,252,247,1
L1-L2-L3,50,253,232,1
L1-L2-L3,51,2,141,1
L1-L2-L3,51,7,161,1
L1-L2-L3,51,30,162,1
L1-L2-L3,51,31,31,1
L1-L2-L3,51,40,37,1
L1-L2-L3,51,49,90,1
L1-L2-L3,51,59,147,1
L1-L2-L3,51,78,67,1
L1-L2-L3,51,80,153,1
L1-L2-L3,51,83,218,1
L1-L2-L3,51,84,57,1
L1-L2-L3,51,86,19,1
L1-L2-L3,51,91,140,1
L1-L2-L3,51,104,107,1
L1-L2-L3,51,108,29,1
L1-L2-L3,51,111,102,1
L1-L2-L3,51,116,19,1
L1-L2-L3,51,117,169,1
L1-L2-L3,51,129,173,1
L1-L2-L3,51,136,136,1
L1-L2-L3,51,138,158,1
L1-L2-L3,51,139,161,1
L1-L2-L3,51,140,18,1
L1-L2-L3,51,141,138,1
L1-L2-L3,51,142,69,1
L1-L2-L3,51,143,75,1
L1-L2-L3,51,145,126,1
L1-L2-L3,51,151,124,1
L1-L2-L3,51,152,30,1
L1-L2-L3,51,153,224,1
L1-L2-L3,51,155,161,1
L1-L2-L3,51,156,108,1
L1-L2-L3,51,157,69,1
L1-L2-L3,51,159,204,1
L1-L2-L3,51,160,198,1
L1-L2-L3,51,161,129,1
L1-L2-L3,51,166,210,1
L1-L2-L3,51,170,215,1
L1-L2-L3,51,172,195,1
L1-L2-L3,51,173,76,1
L1-L2-L3,51,175,172,1
L1-L2-L3,51,177,57,1
L1-L2-L3,51,178,161,1
L1-L2-L3,51,185,35,1
L1-L2-L3,51,188,232,1
L1-L2-L3,51,190,101,1
L1-L2-L3,51,195,95,1
L1-L2-L3,51,200,102,1
L1-L2-L3,51,205,159,1
L1-L2-L3,51,207,115,1
L1-L2-L3,51,213,108,1
L1-L2-L3,51,217,94,1
L1-L2-L3,51,218,49,1
L1-L2-L3,51,227,79,1
L1-L2-L3,51,230,218,1
L1-L2-L3,51,231,132,1
L1-L2-L3,51,232,207,1
L1-L2-L3,51,233,72,1
L1-L2-L3,51,236,27,1
L1-L2-L3,51,241,199,1
L1-L2-L3,51,245,67,1
L1-L2-L3,51,251,132,1
L1-L2-L3,51,252,173,1
L1-L2-L3,51,253,137,1
L1-L2-L3,51,254,22,1
L1-L2-L3,52,2,96,1
L1-L2-L3,52,3,22,1
L1-L2-L3,52,4,160,1
L1-L2-L3,52,8,176,1
L1-L2-L3,52,10,113,1
L1-L2-L3,52,11,160,1
L1-L2-L3,52,12,74,1
L1-L2-L3,52,22,53,1
L1-L2-L3,52,26,226,1
L1-L2-L3,52,27,236,1
L1-L2-L3,52,29,157,1
L1-L2-L3,52,32,251,1
L1-L2-L3,52,35,28,1
L1-L2-L3,52,38,116,1
L1-L2-L3,52,42,5,1
L1-L2-L3,52,46,251,1
L1-L2-L3,52,47,205,1
L1-L2-L3,52,49,4,1
L1-L2-L3,52,53,162,1
L1-L2-L3,52,55,135,1
L1-L2-L3,52,57,38,1
L1-L2-L3,52,60,202,1
L1-L2-L3,52,61,244,1
L1-L2-L3,52,66,219,1
L1-L2-L3,52,68,158,1
L1-L2-L3,52,69,113,1
L1-L2-L3,52,70,43,1
L1-L2-L3,52,73,10,1
L1-L2-L3,52,75,125,1
L1-L2-L3,52,76,42,1
L1-L2-L3,52,86,107,1
L1-L2-L3,52,87,199,1
L1-L2-L3,52,89,16,1
L1-L2-L3,52,94,246,1
L1-L2-L3,52,95,125,1
L1-L2-L3,52,103,154,1
L1-L2-L3,52,104,241,1
L1-L2-L3,52,107,40,1
L1-L2-L3,52,109,116,1
L1-L2-L3,52,110,113,1
L1-L2-L3,52,113,98,1
L1-L2-L3,52,116,26,1
L1-L2-L3,52,117,125,1
L1-L2-L3,52,118,125,1
L1-L2-L3,52,119,5,1
L1-L2-L3,52,120,16,1
L1-L2-L3,52,127,125,1
L1-L2-L3,52,128,225,1
L1-L2-L3,52,136,239,1
L1-L2-L3,52,138,160,1
L1-L2-L3,52,139,251,1
L1-L2-L3,52,141,231,1
L1-L2-L3,52,144,94,1
L1-L2-L3,52,147,40,1
L1-L2-L3,52,149,105,1
L1-L2-L3,52,152,112,1
L1-L2-L3,52,156,125,1
L1-L2-L3,52,157,161,1
L1-L2-L3,52,161,186,1
L1-L2-L3,52,163,202,1
L1-L2-L3,52,167,178,1
L1-L2-L3,52,172,183,1
L1-L2-L3,52,173,251,1
L1-L2-L3,52,176,98,1
L1-L2-L3,52,177,116,1
L1-L2-L3,52,178,50,1
L1-L2-L3,52,179,205,1
L1-L2-L3,52,181,179,1
L1-L2-L3,52,182,27,1
L1-L2-L3,52,186,220,1
L1-L2-L3,52,187,178,1
L1-L2-L3,52,188,235,1
L1-L2-L3,52,189,233,1
L1-L2-L3,52,190,250,1
L1-L2-L3,52,193,77,1
L1-L2-L3,52,198,229,1
L1-L2-L3,52,199,99,1
L1-L2-L3,52,201,149,1
L1-L2-L3,52,204,221,1
L1-L2-L3,52,206,172,1
L1-L2-L3,52,207,165,1
L1-L2-L3,52,210,125,1
L1-L2-L3,52,211,62,1
L1-L2-L3,52,212,55,1
L1-L2-L3,52,214,16,1
L1-L2-L3,52,215,74,1
L1-L2-L3,52,218,205,1
L1-L2-L3,52,219,162,1
L1-L2-L3,52,221,125,1
L1-L2-L3,52,222,22,1
L1-L2-L3,52,223,116,1
L1-L2-L3,52,225,244,1
L1-L2-L3,52,231,202,1
L1-L2-L3,52,234,94,1
L1-L2-L3,52,235,162,1
L1-L2-L3,52,236,86,1
L1-L2-L3,52,237,179,1
L1-L2-L3,52,238,129,1
L1-L2-L3,52,239,133,1
L1-L2-L3,52,240,199,1
L1-L2-L3,52,241,202,1
L1-L2-L3,52,242,205,1
L1-L2-L3,52,244,202,1
L1-L2-L3,52,249,29,1
L1-L2-L3,52,250,205,1
L1-L2-L3,52,251,116,1
L1-L2-L3,52,255,48,1
L1-L2-L3,53,2,101,1
L1-L2-L3,53,5,168,1
L1-L2-L3,53,8,148,1
L1-L2-L3,53,13,220,1
L1-L2-L3,53,15,102,1
L1-L2-L3,53,19,92,1
L1-L2-L3,53,21,111,1
L1-L2-L3,53,23,59,1
L1-L2-L3,53,24,228,1
L1-L2-L3,53,28,33,1
L1-L2-L3,53,29,187,1
L1-L2-L3,53,32,245,1
L1-L2-L3,53,34,225,1
L1-L2-L3,53,39,181,1
L1-L2-L3,53,40,188,1
L1-L2-L3,53,44,101,1
L1-L2-L3,53,46,6,1
L1-L2-L3,53,51,214,1
L1-L2-L3,53,56,23,1
L1-L2-L3,53,57,117,1
L1-L2-L3,53,59,153,1
L1-L2-L3,53,63,6,1
L1-L2-L3,53,65,179,1
L1-L2-L3,53,67,127,1
L1-L2-L3,53,71,157,1
L1-L2-L3,53,78,233,1
L1-L2-L3,53,80,148,1
L1-L2-L3,53,82,104,1
L1-L2-L3,53,83,41,1
L1-L2-L3,53,86,56,1
L1-L2-L3,53,90,216,1
L1-L2-L3,53,91,170,1
L1-L2-L3,53,93,195,1
L1-L2-L3,53,94,100,1
L1-L2-L3,53,96,185,1
L1-L2-L3,53,98,18,1
L1-L2-L3,53,100,227,1
L1-L2-L3,53,101,42,1
L1-L2-L3,53,102,27,1
L1-L2-L3,53,108,27,1
L1-L2-L3,53,112,9,1
L1-L2-L3,53,113,255,1
L1-L2-L3,53,114,232,1
L1-L2-L3,53,115,191,1
L1-L2-L3,53,117,177,1
L1-L2-L3,53,118,22,1
L1-L2-L3,53,119,255,1
L1-L2-L3,53,122,197,1
L1-L2-L3,53,123,66,1
L1-L2-L3,53,124,7,1
L1-L2-L3,53,126,200,1
L1-L2-L3,53,128,85,1
L1-L2-L3,53,135,27,1
L1-L2-L3,53,139,224,1
L1-L2-L3,53,141,79,1
L1-L2-L3,53,143,210,1
L1-L2-L3,53,146,61,1
L1-L2-L3,53,149,22,1
L1-L2-L3,53,151,109,1
L1-L2-L3,53,153,200,1
L1-L2-L3,53,157,84,1
L1-L2-L3,53,158,239,1
L1-L2-L3,53,159,192,1
L1-L2-L3,53,162,100,1
L1-L2-L3,53,165,49,1
L1-L2-L3,53,166,187,1
L1-L2-L3,53,167,52,1
L1-L2-L3,53,170,66,1
L1-L2-L3,53,173,163,1
L1-L2-L3,53,175,201,1
L1-L2-L3,53,178,66,1
L1-L2-L3,53,179,144,1
L1-L2-L3,53,183,21,1
L1-L2-L3,53,188,51,1
L1-L2-L3,53,189,216,1
L1-L2-L3,53,196,255,1
L1-L2-L3,53,198,133,1
L1-L2-L3,53,199,237,1
L1-L2-L3,53,200,54,1
L1-L2-L3,53,201,250,1
L1-L2-L3,53,202,47,1
L1-L2-L3,53,204,81,1
L1-L2-L3,53,207,46,1
L1-L2-L3,53,208,137,1
L1-L2-L3,53,209,112,1
L1-L2-L3,53,210,224,1
L1-L2-L3,53,214,71,1
L1-L2-L3,53,215,179,1
L1-L2-L3,53,216,4,1
L1-L2-L3,53,218,66,1
L1-L2-L3,53,219,136,1
L1-L2-L3,53,220,167,1
L1-L2-L3,53,221,54,1
L1-L2-L3,53,223,210,1
L1-L2-L3,53,225,170,1
L1-L2-L3,53,227,187,1
L1-L2-L3,53,228,46,1
L1-L2-L3,53,231,47,1
L1-L2-L3,53,234,109,1
L1-L2-L3,53,236,94,1
L1-L2-L3,53,237,44,1
L1-L2-L3,53,238,209,1
L1-L2-L3,53,239,5,1
L1-L2-L3,53,244,110,1
L1-L2-L3,53,247,16,1
L1-L2-L3,53,250,53,1
L1-L2-L3,53,251,138,1
L1-L2-L3,53,252,89,1
L1-L2-L3,53,254,124,1
L1-L2-L3,53,255,79,1
L1-L2-L3,54,6,221,1
L1-L2-L3,54,7,246,1
L1-L2-L3,54,19,19,1
L1-L2-L3,54,25,177,1
L1-L2-L3,54,26,56,1
L1-L2-L3,54,31,87,1
L1-L2-L3,54,32,153,1
L1-L2-L3,54,33,151,1
L1-L2-L3,54,35,25,1
L1-L2-L3,54,37,100,1
L1-L2-L3,54,43,51,1
L1-L2-L3,54,45,84,1
L1-L2-L3,54,48,79,1
L1-L2-L3,54,49,197,1
L1-L2-L3,54,50,132,1
L1-L2-L3,54,53,249,1
L1-L2-L3,54,55,186,1
L1-L2-L3,54,57,20,1
L1-L2-L3,54,60,227,1
L1-L2-L3,54,62,78,1
L1-L2-L3,54,64,124,1
L1-L2-L3,54,65,200,1
L1-L2-L3,54,70,254,1
L1-L2-L3,54,73,151,1
L1-L2-L3,54,84,177,1
L1-L2-L3,54,87,215,1
L1-L2-L3,54,88,69,1
L1-L2-L3,54,89,225,1
L1-L2-L3,54,92,7,1
L1-L2-L3,54,98,179,1
L1-L2-L3,54,99,221,1
L1-L2-L3,54,101,144,1
L1-L2-L3,54,117,120,1
L1-L2-L3,54,121,48,1
L1-L2-L3,54,126,250,1
L1-L2-L3,54,127,229,1
L1-L2-L3,54,128,49,1
L1-L2-L3,54,132,156,1
L1-L2-L3,54,135,124,1
L1-L2-L3,54,137,231,1
L1-L2-L3,54,138,120,1
L1-L2-L3,54,139,47,1
L1-L2-L3,54,145,61,1
L1-L2-L3,54,146,20,1
L1-L2-L3,54,152,50,1
L1-L2-L3,54,155,232,1
L1-L2-L3,54,159,12,1
L1-L2-L3,54,161,241,1
L1-L2-L3,54,167,84,1
L1-L2-L3,54,173,208,1
L1-L2-L3,54,177,51,1
L1-L2-L3,54,178,78,1
L1-L2-L3,54,179,145,1
L1-L2-L3,54,183,31,1
L1-L2-L3,54,186,221,1
L1-L2-L3,54,187,183,1
L1-L2-L3,54,189,134,1
L1-L2-L3,54,195,164,1
L1-L2-L3,54,197,151,1
L1-L2-L3,54,199,216,1
L1-L2-L3,54,200,249,1
L1-L2-L3,54,201,70,1
L1-L2-L3,54,203,124,1
L1-L2-L3,54,204,224,1
L1-L2-L3,54,207,92,1
L1-L2-L3,54,208,210,1
L1-L2-L3,54,210,72,1
L1-L2-L3,54,212,37,1
L1-L2-L3,54,215,196,1
L1-L2-L3,54,216,210,1
L1-L2-L3,54,217,111,1
L1-L2-L3,54,222,221,1
L1-L2-L3,54,226,69,1
L1-L2-L3,54,229,69,1
L1-L2-L3,54,230,143,1
L1-L2-L3,54,231,157,1
L1-L2-L3,54,232,55,1
L1-L2-L3,54,235,216,1
L1-L2-L3,54,244,120,1
L1-L2-L3,54,245,124,1
L1-L2-L3,54,250,46,1
L1-L2-L3,55,2,92,1
L1-L2-L3,55,3,202,1
L1-L2-L3,55,7,24,1
L1-L2-L3,55,9,34,1
L1-L2-L3,55,10,16,1
L1-L2-L3,55,11,214,1
L1-L2-L3,55,12,188,1
L1-L2-L3,55,14,165,1
L1-L2-L3,55,15,11,1
L1-L2-L3,55,26,185,1
L1-L2-L3,55,37,21,1
L1-L2-L3,55,39,246,1
L1-L2-L3,55,41,165,1
L1-L2-L3,55,45,141,1
L1-L2-L3,55,46,118,1
L1-L2-L3,55,48,127,1
L1-L2-L3,55,50,253,1
L1-L2-L3,55,52,176,1
L1-L2-L3,55,55,144,1
L1-L2-L3,55,56,112,1
L1-L2-L3,55,58,131,1
L1-L2-L3,55,59,88,1
L1-L2-L3,55,60,179,1
L1-L2-L3,55,67,64,1
L1-L2-L3,55,68,238,1
L1-L2-L3,55,70,71,1
L1-L2-L3,55,71,172,1
L1-L2-L3,55,75,16,1
L1-L2-L3,55,76,17,1
L1-L2-L3,55,79,47,1
L1-L2-L3,55,81,120,1
L1-L2-L3,55,82,158,1
L1-L2-L3,55,84,46,1
L1-L2-L3,55,85,151,1
L1-L2-L3,55,88,163,1
L1-L2-L3,55,89,131,1
L1-L2-L3,55,90,250,1
L1-L2-L3,55,93,50,1
L1-L2-L3,55,96,39,1
L1-L2-L3,55,97,21,1
L1-L2-L3,55,101,247,1
L1-L2-L3,55,104,131,1
L1-L2-L3,55,106,184,1
L1-L2-L3,55,108,245,1
L1-L2-L3,55,110,242,1
L1-L2-L3,55,116,90,1
L1-L2-L3,55,125,108,1
L1-L2-L3,55,126,2,1
L1-L2-L3,55,127,51,1
L1-L2-L3,55,128,123,1
L1-L2-L3,55,129,90,1
L1-L2-L3,55,130,220,1
L1-L2-L3,55,132,141,1
L1-L2-L3,55,134,254,1
L1-L2-L3,55,137,98,1
L1-L2-L3,55,138,17,1
L1-L2-L3,55,140,139,1
L1-L2-L3,55,144,93,1
L1-L2-L3,55,145,146,1
L1-L2-L3,55,147,107,1
L1-L2-L3,55,148,154,1
L1-L2-L3,55,153,16,1
L1-L2-L3,55,162,32,1
L1-L2-L3,55,164,31,1
L1-L2-L3,55,167,249,1
L1-L2-L3,55,169,158,1
L1-L2-L3,55,170,85,1
L1-L2-L3,55,172,95,1
L1-L2-L3,55,173,154,1
L1-L2-L3,55,174,221,1
L1-L2-L3,55,176,5,1
L1-L2-L3,55,179,246,1
L1-L2-L3,55,189,165,1
L1-L2-L3,55,194,240,1
L1-L2-L3,55,198,204,1
L1-L2-L3,55,201,17,1
L1-L2-L3,55,205,165,1
L1-L2-L3,55,207,160,1
L1-L2-L3,55,208,160,1
L1-L2-L3,55,211,185,1
L1-L2-L3,55,212,144,1
L1-L2-L3,55,215,116,1
L1-L2-L3,55,216,86,1
L1-L2-L3,55,217,219,1
L1-L2-L3,55,218,154,1
L1-L2-L3,55,219,155,1
L1-L2-L3,55,222,112,1
L1-L2-L3,55,223,195,1
L1-L2-L3,55,231,113,1
L1-L2-L3,55,232,145,1
L1-L2-L3,55,234,47,1
L1-L2-L3,55,238,34,1
L1-L2-L3,55,242,145,1
L1-L2-L3,55,245,42,1
L1-L2-L3,55,246,127,1
L1-L2-L3,55,249,47,1
L1-L2-L3,55,250,135,1
L1-L2-L3,55,251,162,1
L1-L2-L3,55,254,139,1
L1-L2-L3,56,2,188,1
L1-L2-L3,56,15,145,1
L1-L2-L3,56,17,35,1
L1-L2-L3,56,19,84,1
L1-L2-L3,56,24,31,1
L1-L2-L3,56,30,182,1
L1-L2-L3,56,34,96,1
L1-L2-L3,56,42,249,1
L1-L2-L3,56,43,28,1
L1-L2-L3,56,69,75,1
L1-L2-L3,56,79,102,1
L1-L2-L3,56,87,46,1
L1-L2-L3,56,95,14,1
L1-L2-L3,56,97,76,1
L1-L2-L3,56,107,216,1
L1-L2-L3,56,114,171,1
L1-L2-L3,56,117,57,1
L1-L2-L3,56,120,225,1
L1-L2-L3,56,130,194,1
L1-L2-L3,56,134,121,1
L1-L2-L3,56,136,100,1
L1-L2-L3,56,139,84,1
L1-L2-L3,56,141,48,1
L1-L2-L3,56,142,137,1
L1-L2-L3,56,148,196,1
L1-L2-L3,56,149,23,1
L1-L2-L3,56,154,7,1
L1-L2-L3,56,158,2,1
L1-L2-L3,56,159,210,1
L1-L2-L3,56,160,165,1
L1-L2-L3,56,162,48,1
L1-L2-L3,56,163,92,1
L1-L2-L3,56,165,231,1
L1-L2-L3,56,167,122,1
L1-L2-L3,56,169,9,1
L1-L2-L3,56,170,240,1
L1-L2-L3,56,171,171,1
L1-L2-L3,56,172,125,1
L1-L2-L3,56,177,153,1
L1-L2-L3,56,178,31,1
L1-L2-L3,56,182,156,1
L1-L2-L3,56,184,224,1
L1-L2-L3,56,185,136,1
L1-L2-L3,56,186,242,1
L1-L2-L3,56,189,59,1
L1-L2-L3,56,191,60,1
L1-L2-L3,56,196,181,1
L1-L2-L3,56,199,144,1
L1-L2-L3,56,201,232,1
L1-L2-L3,56,203,1,1
L1-L2-L3,56,204,194,1
L1-L2-L3,56,205,181,1
L1-L2-L3,56,206,247,1
L1-L2-L3,56,210,69,1
L1-L2-L3,56,211,189,1
L1-L2-L3,56,212,12,1
L1-L2-L3,56,213,139,1
L1-L2-L3,56,216,119,1
L1-L2-L3,56,218,134,1
L1-L2-L3,56,220,80,1
L1-L2-L3,56,221,70,1
L1-L2-L3,56,222,194,1
L1-L2-L3,56,226,213,1
L1-L2-L3,56,228,223,1
L1-L2-L3,56,233,82,1
L1-L2-L3,56,236,144,1
L1-L2-L3,56,240,39,1
L1-L2-L3,56,246,249,1
L1-L2-L3,56,247,241,1
L1-L2-L3,56,248,119,1
L1-L2-L3,56,252,210,1
L1-L2-L3,56,254,180,1
L1-L2-L3,56,255,250,1
L1-L2-L3,57,1,96,1
L1-L2-L3,57,2,58,1
L1-L2-L3,57,4,143,1
L1-L2-L3,57,7,80,1
L1-L2-L3,57,11,73,1
L1-L2-L3,57,17,154,1
L1-L2-L3,57,19,207,1
L1-L2-L3,57,22,165,1
L1-L2-L3,57,28,80,1
L1-L2-L3,57,30,107,1
L1-L2-L3,57,32,78,1
L1-L2-L3,57,35,69,1
L1-L2-L3,57,38,64,1
L1-L2-L3,57,41,225,1
L1-L2-L3,57,46,245,1
L1-L2-L3,57,48,46,1
L1-L2-L3,57,51,124,1
L1-L2-L3,57,52,227,1
L1-L2-L3,57,53,91,1
L1-L2-L3,57,55,172,1
L1-L2-L3,57,56,143,1
L1-L2-L3,57,57,48,1
L1-L2-L3,57,58,227,1
L1-L2-L3,57,61,43,1
L1-L2-L3,57,64,58,1
L1-L2-L3,57,66,223,1
L1-L2-L3,57,71,178,1
L1-L2-L3,57,73,66,1
L1-L2-L3,57,78,39,1
L1-L2-L3,57,84,27,1
L1-L2-L3,57,87,16,1
L1-L2-L3,57,89,47,1
L1-L2-L3,57,92,153,1
L1-L2-L3,57,94,4,1
L1-L2-L3,57,98,168,1
L1-L2-L3,57,100,185,1
L1-L2-L3,57,102,255,1
L1-L2-L3,57,105,113,1
L1-L2-L3,57,110,38,1
L1-L2-L3,57,115,131,1
L1-L2-L3,57,125,117,1
L1-L2-L3,57,128,141,1
L1-L2-L3,57,133,207,1
L1-L2-L3,57,134,207,1
L1-L2-L3,57,137,96,1
L1-L2-L3,57,138,21,1
L1-L2-L3,57,142,161,1
L1-L2-L3,57,145,175,1
L1-L2-L3,57,148,120,1
L1-L2-L3,57,149,63,1
L1-L2-L3,57,158,143,1
L1-L2-L3,57,159,222,1
L1-L2-L3,57,160,28,1
L1-L2-L3,57,163,197,1
L1-L2-L3,57,164,96,1
L1-L2-L3,57,170,143,1
L1-L2-L3,57,175,8,1
L1-L2-L3,57,177,38,1
L1-L2-L3,57,181,0,1
L1-L2-L3,57,187,142,1
L1-L2-L3,57,188,47,1
L1-L2-L3,57,190,78,1
L1-L2-L3,57,194,45,1
L1-L2-L3,57,196,97,1
L1-L2-L3,57,199,86,1
L1-L2-L3,57,200,144,1
L1-L2-L3,57,201,188,1
L1-L2-L3,57,203,168,1
L1-L2-L3,57,207,105,1
L1-L2-L3,57,210,9,1
L1-L2-L3,57,213,124,1
L1-L2-L3,57,216,247,1
L1-L2-L3,57,217,235,1
L1-L2-L3,57,218,219,1
L1-L2-L3,57,219,159,1
L1-L2-L3,57,222,142,1
L1-L2-L3,57,229,251,1
L1-L2-L3,57,230,207,1
L1-L2-L3,57,231,65,1
L1-L2-L3,57,232,95,1
L1-L2-L3,57,234,239,1
L1-L2-L3,57,236,10,1
L1-L2-L3,57,237,105,1
L1-L2-L3,57,247,48,1
L1-L2-L3,57,254,116,1
L1-L2-L3,57,255,32,1
L1-L2-L3,58,10,128,1
L1-L2-L3,58,11,237,1
L1-L2-L3,58,12,170,1
L1-L2-L3,58,14,73,1
L1-L2-L3,58,18,201,1
L1-L2-L3,58,23,221,1
L1-L2-L3,58,28,201,1
L1-L2-L3,58,38,41,1
L1-L2-L3,58,41,17,1
L1-L2-L3,58,44,117,1
L1-L2-L3,58,50,240,1
L1-L2-L3,58,54,199,1
L1-L2-L3,58,61,66,1
L1-L2-L3,58,66,218,1
L1-L2-L3,58,67,92,1
L1-L2-L3,58,68,175,1
L1-L2-L3,58,75,228,1
L1-L2-L3,58,77,93,1
L1-L2-L3,58,78,216,1
L1-L2-L3,58,87,124,1
L1-L2-L3,58,88,23,1
L1-L2-L3,58,98,182,1
L1-L2-L3,58,103,61,1
L1-L2-L3,58,104,76,1
L1-L2-L3,58,105,32,1
L1-L2-L3,58,107,248,1
L1-L2-L3,58,108,91,1
L1-L2-L3,58,109,32,1
L1-L2-L3,58,111,92,1
L1-L2-L3,58,113,43,1
L1-L2-L3,58,119,52,1
L1-L2-L3,58,122,249,1
L1-L2-L3,58,123,157,1
L1-L2-L3,58,126,57,1
L1-L2-L3,58,129,15,1
L1-L2-L3,58,130,233,1
L1-L2-L3,58,132,67,1
L1-L2-L3,58,133,246,1
L1-L2-L3,58,135,30,1
L1-L2-L3,58,139,35,1
L1-L2-L3,58,141,99,1
L1-L2-L3,58,144,91,1
L1-L2-L3,58,145,102,1
L1-L2-L3,58,148,115,1
L1-L2-L3,58,149,158,1
L1-L2-L3,58,151,144,1
L1-L2-L3,58,154,19,1
L1-L2-L3,58,155,210,1
L1-L2-L3,58,156,121,1
L1-L2-L3,58,160,190,1
L1-L2-L3,58,163,5,1
L1-L2-L3,58,166,26,1
L1-L2-L3,58,167,35,1
L1-L2-L3,58,172,116,1
L1-L2-L3,58,174,94,1
L1-L2-L3,58,178,229,1
L1-L2-L3,58,179,133,1
L1-L2-L3,58,183,240,1
L1-L2-L3,58,186,36,1
L1-L2-L3,58,188,22,1
L1-L2-L3,58,194,129,1
L1-L2-L3,58,195,249,1
L1-L2-L3,58,196,10,1
L1-L2-L3,58,197,208,1
L1-L2-L3,58,198,177,1
L1-L2-L3,58,199,219,1
L1-L2-L3,58,200,218,1
L1-L2-L3,58,202,3,1
L1-L2-L3,58,205,222,1
L1-L2-L3,58,208,176,1
L1-L2-L3,58,209,105,1
L1-L2-L3,58,212,67,1
L1-L2-L3,58,215,142,1
L1-L2-L3,58,222,41,1
L1-L2-L3,58,228,67,1
L1-L2-L3,58,229,200,1
L1-L2-L3,58,230,12,1
L1-L2-L3,58,231,93,1
L1-L2-L3,58,233,249,1
L1-L2-L3,58,236,235,1
L1-L2-L3,58,238,48,1
L1-L2-L3,58,241,34,1
L1-L2-L3,58,243,179,1
L1-L2-L3,58,244,94,1
L1-L2-L3,58,245,59,1
L1-L2-L3,58,246,18,1
L1-L2-L3,58,250,108,1
L1-L2-L3,58,251,187,1
L1-L2-L3,58,252,101,1
L1-L2-L3,58,253,60,1
L1-L2-L3,58,254,255,1
L1-L2-L3,59,1,92,1
L1-L2-L3,59,2,109,1
L1-L2-L3,59,3,134,1
L1-L2-L3,59,5,169,1
L1-L2-L3,59,6,98,1
L1-L2-L3,59,7,239,1
L1-L2-L3,59,12,60,1
L1-L2-L3,59,14,117,1
L1-L2-L3,59,15,229,1
L1-L2-L3,59,18,113,1
L1-L2-L3,59,21,112,1
L1-L2-L3,59,22,172,1
L1-L2-L3,59,25,185,1
L1-L2-L3,59,26,12,1
L1-L2-L3,59,32,112,1
L1-L2-L3,59,36,139,1
L1-L2-L3,59,38,50,1
L1-L2-L3,59,40,212,1
L1-L2-L3,59,41,189,1
L1-L2-L3,59,43,48,1
L1-L2-L3,59,46,16,1
L1-L2-L3,59,56,171,1
L1-L2-L3,59,61,117,1
L1-L2-L3,59,63,81,1
L1-L2-L3,59,64,16,1
L1-L2-L3,59,67,252,1
L1-L2-L3,59,68,152,1
L1-L2-L3,59,69,36,1
L1-L2-L3,59,70,240,1
L1-L2-L3,59,73,222,1
L1-L2-L3,59,76,44,1
L1-L2-L3,59,77,239,1
L1-L2-L3,59,85,227,1
L1-L2-L3,59,92,252,1
L1-L2-L3,59,93,166,1
L1-L2-L3,59,94,7,1
L1-L2-L3,59,95,248,1
L1-L2-L3,59,97,35,1
L1-L2-L3,59,99,51,1
L1-L2-L3,59,101,210,1
L1-L2-L3,59,102,243,1
L1-L2-L3,59,104,126,1
L1-L2-L3,59,107,38,1
L1-L2-L3,59,117,69,1
L1-L2-L3,59,118,120,1
L1-L2-L3,59,119,199,1
L1-L2-L3,59,122,38,1
L1-L2-L3,59,125,227,1
L1-L2-L3,59,126,254,1
L1-L2-L3,59,128,232,1
L1-L2-L3,59,130,48,1
L1-L2-L3,59,133,109,1
L1-L2-L3,59,137,230,1
L1-L2-L3,59,139,221,1
L1-L2-L3,59,141,149,1
L1-L2-L3,59,145,172,1
L1-L2-L3,59,146,74,1
L1-L2-L3,59,147,200,1
L1-L2-L3,59,148,9,1
L1-L2-L3,59,150,143,1
L1-L2-L3,59,151,127,1
L1-L2-L3,59,153,77,1
L1-L2-L3,59,157,10,1
L1-L2-L3,59,162,114,1
L1-L2-L3,59,168,77,1
L1-L2-L3,59,169,236,1
L1-L2-L3,59,173,243,1
L1-L2-L3,59,175,55,1
L1-L2-L3,59,176,224,1
L1-L2-L3,59,178,155,1
L1-L2-L3,59,181,170,1
L1-L2-L3,59,184,73,1
L1-L2-L3,59,185,109,1
L1-L2-L3,59,186,180,1
L1-L2-L3,59,191,188,1
L1-L2-L3,59,199,166,1
L1-L2-L3,59,201,55,1
L1-L2-L3,59,203,229,1
L1-L2-L3,59,205,52,1
L1-L2-L3,59,206,92,1
L1-L2-L3,59,209,238,1
L1-L2-L3,59,211,30,1
L1-L2-L3,59,213,221,1
L1-L2-L3,59,219,151,1
L1-L2-L3,59,220,172,1
L1-L2-L3,59,222,243,1
L1-L2-L3,59,223,204,1
L1-L2-L3,59,225,73,1
L1-L2-L3,59,227,149,1
L1-L2-L3,59,231,39,1
L1-L2-L3,59,233,118,1
L1-L2-L3,59,234,38,1
L1-L2-L3,59,238,52,1
L1-L2-L3,59,241,113,1
L1-L2-L3,59,242,199,1
L1-L2-L3,59,243,45,1
L1-L2-L3,59,245,193,1
L1-L2-L3,59,249,75,1
L1-L2-L3,59,252,229,1
L1-L2-L3,59,253,226,1
L1-L2-L3,59,254,167,1
L1-L2-L3,60,0,139,1
L1-L2-L3,60,7,94,1
L1-L2-L3,60,13,60,1
L1-L2-L3,60,14,102,1
L1-L2-L3,60,15,236,1
L1-L2-L3,60,18,182,1
L1-L2-L3,60,20,140,1
L1-L2-L3,60,30,143,1
L1-L2-L3,60,37,92,1
L1-L2-L3,60,46,21,1
L1-L2-L3,60,50,108,1
L1-L2-L3,60,52,32,1
L1-L2-L3,60,60,54,1
L1-L2-L3,60,64,24,1
L1-L2-L3,60,66,229,1
L1-L2-L3,60,68,227,1
L1-L2-L3,60,69,73,1
L1-L2-L3,60,71,42,1
L1-L2-L3,60,79,69,1
L1-L2-L3,60,80,199,1
L1-L2-L3,60,81,190,1
L1-L2-L3,60,83,231,1
L1-L2-L3,60,89,65,1
L1-L2-L3,60,90,168,1
L1-L2-L3,60,92,31,1
L1-L2-L3,60,97,59,1
L1-L2-L3,60,100,71,1
L1-L2-L3,60,103,200,1
L1-L2-L3,60,106,33,1
L1-L2-L3,60,107,195,1
L1-L2-L3,60,110,69,1
L1-L2-L3,60,111,83,1
L1-L2-L3,60,114,227,1
L1-L2-L3,60,119,110,1
L1-L2-L3,60,121,211,1
L1-L2-L3,60,122,189,1
L1-L2-L3,60,123,204,1
L1-L2-L3,60,126,127,1
L1-L2-L3,60,129,101,1
L1-L2-L3,60,137,129,1
L1-L2-L3,60,138,164,1
L1-L2-L3,60,139,9,1
L1-L2-L3,60,141,134,1
L1-L2-L3,60,143,44,1
L1-L2-L3,60,148,58,1
L1-L2-L3,60,149,245,1
L1-L2-L3,60,157,141,1
L1-L2-L3,60,161,56,1
L1-L2-L3,60,168,67,1
L1-L2-L3,60,172,104,1
L1-L2-L3,60,176,158,1
L1-L2-L3,60,179,152,1
L1-L2-L3,60,181,236,1
L1-L2-L3,60,186,14,1
L1-L2-L3,60,189,35,1
L1-L2-L3,60,190,66,1
L1-L2-L3,60,193,208,1
L1-L2-L3,60,194,204,1
L1-L2-L3,60,196,140,1
L1-L2-L3,60,199,33,1
L1-L2-L3,60,201,110,1
L1-L2-L3,60,203,54,1
L1-L2-L3,60,204,230,1
L1-L2-L3,60,205,83,1
L1-L2-L3,60,209,79,1
L1-L2-L3,60,210,12,1
L1-L2-L3,60,212,101,1
L1-L2-L3,60,213,121,1
L1-L2-L3,60,215,168,1
L1-L2-L3,60,216,200,1
L1-L2-L3,60,217,149,1
L1-L2-L3,60,220,16,1
L1-L2-L3,60,222,110,1
L1-L2-L3,60,224,55,1
L1-L2-L3,60,225,102,1
L1-L2-L3,60,228,120,1
L1-L2-L3,60,229,135,1
L1-L2-L3,60,232,192,1
L1-L2-L3,60,233,110,1
L1-L2-L3,60,234,222,1
L1-L2-L3,60,239,170,1
L1-L2-L3,60,242,227,1
L1-L2-L3,60,244,215,1
L1-L2-L3,60,245,102,1
L1-L2-L3,60,247,240,1
L1-L2-L3,60,249,0,1
L1-L2-L3,60,250,164,1
L1-L2-L3,61,2,45,1
L1-L2-L3,61,5,204,1
L1-L2-L3,61,6,17,1
L1-L2-L3,61,8,88,1
L1-L2-L3,61,10,245,1
L1-L2-L3,61,12,111,1
L1-L2-L3,61,14,36,1
L1-L2-L3,61,16,20,1
L1-L2-L3,61,25,209,1
L1-L2-L3,61,26,74,1
L1-L2-L3,61,28,49,1
L1-L2-L3,61,34,46,1
L1-L2-L3,61,35,193,1
L1-L2-L3,61,41,179,1
L1-L2-L3,61,45,119,1
L1-L2-L3,61,47,183,1
L1-L2-L3,61,48,42,1
L1-L2-L3,61,49,193,1
L1-L2-L3,61,52,114,1
L1-L2-L3,61,55,18,1
L1-L2-L3,61,58,189,1
L1-L2-L3,61,59,55,1
L1-L2-L3,61,65,217,1
L1-L2-L3,61,66,102,1
L1-L2-L3,61,68,224,1
L1-L2-L3,61,72,61,1
L1-L2-L3,61,73,238,1
L1-L2-L3,61,77,54,1
L1-L2-L3,61,80,231,1
L1-L2-L3,61,81,118,1
L1-L2-L3,61,82,215,1
L1-L2-L3,61,83,22,1
L1-L2-L3,61,87,192,1
L1-L2-L3,61,90,153,1
L1-L2-L3,61,94,102,1
L1-L2-L3,61,100,79,1
L1-L2-L3,61,104,102,1
L1-L2-L3,61,105,80,1
L1-L2-L3,61,107,112,1
L1-L2-L3,61,108,38,1
L1-L2-L3,61,110,102,1
L1-L2-L3,61,112,153,1
L1-L2-L3,61,113,89,1
L1-L2-L3,61,115,56,1
L1-L2-L3,61,116,181,1
L1-L2-L3,61,117,151,1
L1-L2-L3,61,118,71,1
L1-L2-L3,61,121,99,1
L1-L2-L3,61,122,89,1
L1-L2-L3,61,128,237,1
L1-L2-L3,61,133,189,1
L1-L2-L3,61,135,126,1
L1-L2-L3,61,140,17,1
L1-L2-L3,61,142,110,1
L1-L2-L3,61,148,75,1
L1-L2-L3,61,153,213,1
L1-L2-L3,61,161,176,1
L1-L2-L3,61,163,96,1
L1-L2-L3,61,164,26,1
L1-L2-L3,61,165,71,1
L1-L2-L3,61,166,20,1
L1-L2-L3,61,168,137,1
L1-L2-L3,61,171,66,1
L1-L2-L3,61,172,56,1
L1-L2-L3,61,173,227,1
L1-L2-L3,61,174,98,1
L1-L2-L3,61,179,79,1
L1-L2-L3,61,181,168,1
L1-L2-L3,61,183,18,1
L1-L2-L3,61,184,245,1
L1-L2-L3,61,186,150,1
L1-L2-L3,61,187,32,1
L1-L2-L3,61,188,217,1
L1-L2-L3,61,191,106,1
L1-L2-L3,61,192,193,1
L1-L2-L3,61,193,27,1
L1-L2-L3,61,197,209,1
L1-L2-L3,61,198,210,1
L1-L2-L3,61,207,220,1
L1-L2-L3,61,208,44,1
L1-L2-L3,61,209,240,1
L1-L2-L3,61,210,41,1
L1-L2-L3,61,211,155,1
L1-L2-L3,61,214,157,1
L1-L2-L3,61,215,217,1
L1-L2-L3,61,216,156,1
L1-L2-L3,61,217,27,1
L1-L2-L3,61,218,89,1
L1-L2-L3,61,219,157,1
L1-L2-L3,61,220,36,1
L1-L2-L3,61,223,71,1
L1-L2-L3,61,224,8,1
L1-L2-L3,61,225,197,1
L1-L2-L3,61,229,112,1
L1-L2-L3,61,230,121,1
L1-L2-L3,61,231,245,1
L1-L2-L3,61,232,220,1
L1-L2-L3,61,233,4,1
L1-L2-L3,61,234,214,1
L1-L2-L3,61,235,236,1
L1-L2-L3,61,236,166,1
L1-L2-L3,61,237,151,1
L1-L2-L3,61,239,36,1
L1-L2-L3,61,240,8,1
L1-L2-L3,61,242,55,1
L1-L2-L3,61,243,83,1
L1-L2-L3,61,244,121,1
L1-L2-L3,61,247,111,1
L1-L2-L3,61,249,151,1
L1-L2-L3,61,250,226,1
L1-L2-L3,61,252,63,1
L1-L2-L3,61,253,75,1
L1-L2-L3,61,254,96,1
L1-L2-L3,61,255,222,1
L1-L2-L3,62,8,77,1
L1-L2-L3,62,10,195,1
L1-L2-L3,62,13,118,1
L1-L2-L3,62,16,167,1
L1-L2-L3,62,21,159,1
L1-L2-L3,62,28,203,1
L1-L2-L3,62,31,60,1
L1-L2-L3,62,32,98,1
L1-L2-L3,62,38,30,1
L1-L2-L3,62,40,29,1
L1-L2-L3,62,42,193,1
L1-L2-L3,62,43,136,1
L1-L2-L3,62,44,58,1
L1-L2-L3,62,49,84,1
L1-L2-L3,62,50,44,1
L1-L2-L3,62,53,57,1
L1-L2-L3,62,62,15,1
L1-L2-L3,62,64,98,1
L1-L2-L3,62,67,253,1
L1-L2-L3,62,74,153,1
L1-L2-L3,62,76,13,1
L1-L2-L3,62,77,147,1
L1-L2-L3,62,78,115,1
L1-L2-L3,62,79,68,1
L1-L2-L3,62,80,254,1
L1-L2-L3,62,86,15,1
L1-L2-L3,62,92,6,1
L1-L2-L3,62,93,19,1
L1-L2-L3,62,96,132,1
L1-L2-L3,62,100,11,1
L1-L2-L3,62,109,136,1
L1-L2-L3,62,113,24,1
L1-L2-L3,62,115,179,1
L1-L2-L3,62,117,241,1
L1-L2-L3,62,118,23,1
L1-L2-L3,62,119,194,1
L1-L2-L3,62,121,228,1
L1-L2-L3,62,122,239,1
L1-L2-L3,62,124,130,1
L1-L2-L3,62,127,172,1
L1-L2-L3,62,130,249,1
L1-L2-L3,62,131,62,1
L1-L2-L3,62,132,84,1
L1-L2-L3,62,139,3,1
L1-L2-L3,62,140,225,1
L1-L2-L3,62,147,232,1
L1-L2-L3,62,149,201,1
L1-L2-L3,62,167,64,1
L1-L2-L3,62,169,216,1
L1-L2-L3,62,172,17,1
L1-L2-L3,62,173,51,1
L1-L2-L3,62,174,80,1
L1-L2-L3,62,180,89,1
L1-L2-L3,62,181,241,1
L1-L2-L3,62,184,3,1
L1-L2-L3,62,188,240,1
L1-L2-L3,62,193,232,1
L1-L2-L3,62,202,126,1
L1-L2-L3,62,203,183,1
L1-L2-L3,62,208,151,1
L1-L2-L3,62,210,157,1
L1-L2-L3,62,211,0,1
L1-L2-L3,62,212,255,1
L1-L2-L3,62,213,250,1
L1-L2-L3,62,215,245,1
L1-L2-L3,62,217,177,1
L1-L2-L3,62,219,219,1
L1-L2-L3,62,222,226,1
L1-L2-L3,62,225,50,1
L1-L2-L3,62,229,57,1
L1-L2-L3,62,231,136,1
L1-L2-L3,62,232,191,1
L1-L2-L3,62,233,237,1
L1-L2-L3,62,234,3,1
L1-L2-L3,62,235,130,1
L1-L2-L3,62,238,227,1
L1-L2-L3,62,239,23,1
L1-L2-L3,62,240,148,1
L1-L2-L3,62,241,14,1
L1-L2-L3,62,245,20,1
L1-L2-L3,62,246,15,1
L1-L2-L3,62,253,95,1
L1-L2-L3,63,1,9,1
L1-L2-L3,63,4,146,1
L1-L2-L3,63,6,119,1
L1-L2-L3,63,24,0,1
L1-L2-L3,63,29,103,1
L1-L2-L3,63,30,142,1
L1-L2-L3,63,33,99,1
L1-L2-L3,63,36,38,1
L1-L2-L3,63,38,161,1
L1-L2-L3,63,43,188,1
L1-L2-L3,63,47,146,1
L1-L2-L3,63,48,61,1
L1-L2-L3,63,49,27,1
L1-L2-L3,63,51,75,1
L1-L2-L3,63,53,138,1
L1-L2-L3,63,54,254,1
L1-L2-L3,63,56,27,1
L1-L2-L3,63,58,165,1
L1-L2-L3,63,61,74,1
L1-L2-L3,63,69,139,1
L1-L2-L3,63,77,255,1
L1-L2-L3,63,78,161,1
L1-L2-L3,63,81,47,1
L1-L2-L3,63,82,127,1
L1-L2-L3,63,85,146,1
L1-L2-L3,63,90,142,1
L1-L2-L3,63,96,25,1
L1-L2-L3,63,98,213,1
L1-L2-L3,63,99,131,1
L1-L2-L3,63,107,172,1
L1-L2-L3,63,114,145,1
L1-L2-L3,63,118,188,1
L1-L2-L3,63,119,26,1
L1-L2-L3,63,123,252,1
L1-L2-L3,63,126,104,1
L1-L2-L3,63,127,144,1
L1-L2-L3,63,133,129,1
L1-L2-L3,63,138,199,1
L1-L2-L3,63,140,12,1
L1-L2-L3,63,147,139,1
L1-L2-L3,63,149,118,1
L1-L2-L3,63,151,103,1
L1-L2-L3,63,152,205,1
L1-L2-L3,63,153,189,1
L1-L2-L3,63,154,81,1
L1-L2-L3,63,156,18,1
L1-L2-L3,63,158,86,1
L1-L2-L3,63,159,95,1
L1-L2-L3,63,160,161,1
L1-L2-L3,63,161,162,1
L1-L2-L3,63,164,250,1
L1-L2-L3,63,170,205,1
L1-L2-L3,63,171,245,1
L1-L2-L3,63,172,149,1
L1-L2-L3,63,175,11,1
L1-L2-L3,63,180,219,1
L1-L2-L3,63,183,208,1
L1-L2-L3,63,185,94,1
L1-L2-L3,63,193,0,1
L1-L2-L3,63,194,41,1
L1-L2-L3,63,199,61,1
L1-L2-L3,63,200,139,1
L1-L2-L3,63,201,242,1
L1-L2-L3,63,202,137,1
L1-L2-L3,63,214,175,1
L1-L2-L3,63,217,231,1
L1-L2-L3,63,220,39,1
L1-L2-L3,63,221,72,1
L1-L2-L3,63,222,103,1
L1-L2-L3,63,225,160,1
L1-L2-L3,63,226,110,1
L1-L2-L3,63,231,87,1
L1-L2-L3,63,232,254,1
L1-L2-L3,63,235,115,1
L1-L2-L3,63,236,88,1
L1-L2-L3,63,239,160,1
L1-L2-L3,63,244,29,1
L1-L2-L3,63,249,9,1
L1-L2-L3,63,250,61,1
L1-L2-L3,63,252,168,1
L1-L2-L3,63,255,38,1
L1-L2-L3,64,6,166,1
L1-L2-L3,64,13,156,1
L1-L2-L3,64,29,86,1
L1-L2-L3,64,32,172,1
L1-L2-L3,64,33,108,1
L1-L2-L3,64,35,110,1
L1-L2-L3,64,38,176,1
L1-L2-L3,64,40,222,1
L1-L2-L3,64,47,107,1
L1-L2-L3,64,48,198,1
L1-L2-L3,64,58,253,1
L1-L2-L3,64,60,229,1
L1-L2-L3,64,62,233,1
L1-L2-L3,64,66,47,1
L1-L2-L3,64,67,46,1
L1-L2-L3,64,73,213,1
L1-L2-L3,64,74,219,1
L1-L2-L3,64,77,86,1
L1-L2-L3,64,78,92,1
L1-L2-L3,64,79,166,1
L1-L2-L3,64,83,15,1
L1-L2-L3,64,86,147,1
L1-L2-L3,64,88,84,1
L1-L2-L3,64,90,200,1
L1-L2-L3,64,91,179,1
L1-L2-L3,64,96,50,1
L1-L2-L3,64,98,169,1
L1-L2-L3,64,100,143,1
L1-L2-L3,64,101,223,1
L1-L2-L3,64,103,254,1
L1-L2-L3,64,104,0,1
L1-L2-L3,64,105,37,1
L1-L2-L3,64,106,81,1
L1-L2-L3,64,107,252,1
L1-L2-L3,64,109,93,1
L1-L2-L3,64,113,237,1
L1-L2-L3,64,114,53,1
L1-L2-L3,64,121,166,1
L1-L2-L3,64,123,31,1
L1-L2-L3,64,129,5,1
L1-L2-L3,64,134,12,1
L1-L2-L3,64,137,250,1
L1-L2-L3,64,139,104,1
L1-L2-L3,64,143,184,1
L1-L2-L3,64,146,69,1
L1-L2-L3,64,147,225,1
L1-L2-L3,64,148,198,1
L1-L2-L3,64,149,68,1
L1-L2-L3,64,150,14,1
L1-L2-L3,64,152,87,1
L1-L2-L3,64,153,198,1
L1-L2-L3,64,154,213,1
L1-L2-L3,64,155,66,1
L1-L2-L3,64,157,188,1
L1-L2-L3,64,160,250,1
L1-L2-L3,64,161,223,1
L1-L2-L3,64,162,27,1
L1-L2-L3,64,165,20,1
L1-L2-L3,64,170,21,1
L1-L2-L3,64,175,122,1
L1-L2-L3,64,176,67,1
L1-L2-L3,64,178,124,1
L1-L2-L3,64,179,128,1
L1-L2-L3,64,180,179,1
L1-L2-L3,64,182,66,1
L1-L2-L3,64,183,125,1
L1-L2-L3,64,184,240,1
L1-L2-L3,64,186,246,1
L1-L2-L3,64,188,74,1
L1-L2-L3,64,189,89,1
L1-L2-L3,64,191,116,1
L1-L2-L3,64,192,107,1
L1-L2-L3,64,194,191,1
L1-L2-L3,64,196,147,1
L1-L2-L3,64,199,77,1
L1-L2-L3,64,203,199,1
L1-L2-L3,64,210,106,1
L1-L2-L3,64,211,27,1
L1-L2-L3,64,213,150,1
L1-L2-L3,64,220,186,1
L1-L2-L3,64,222,31,1
L1-L2-L3,64,226,199,1
L1-L2-L3,64,227,229,1
L1-L2-L3,64,230,81,1
L1-L2-L3,64,231,179,1
L1-L2-L3,64,233,70,1
L1-L2-L3,64,236,137,1
L1-L2-L3,64,239,137,1
L1-L2-L3,64,240,70,1
L1-L2-L3,64,241,158,1
L1-L2-L3,64,242,99,1
L1-L2-L3,64,245,207,1
L1-L2-L3,64,246,95,1
L1-L2-L3,64,250,9,1
L1-L2-L3,65,0,222,1
L1-L2-L3,65,1,44,1
L1-L2-L3,65,8,253,1
L1-L2-L3,65,9,194,1
L1-L2-L3,65,12,224,1
L1-L2-L3,65,13,25,1
L1-L2-L3,65,14,51,1
L1-L2-L3,65,15,23,1
L1-L2-L3,65,17,89,1
L1-L2-L3,65,19,100,1
L1-L2-L3,65,24,135,1
L1-L2-L3,65,26,87,1
L1-L2-L3,65,32,86,1
L1-L2-L3,65,34,158,1
L1-L2-L3,65,41,202,1
L1-L2-L3,65,43,52,1
L1-L2-L3,65,44,195,1
L1-L2-L3,65,45,79,1
L1-L2-L3,65,49,59,1
L1-L2-L3,65,52,249,1
L1-L2-L3,65,56,236,1
L1-L2-L3,65,57,14,1
L1-L2-L3,65,59,79,1
L1-L2-L3,65,62,74,1
L1-L2-L3,65,64,133,1
L1-L2-L3,65,66,245,1
L1-L2-L3,65,67,157,1
L1-L2-L3,65,70,208,1
L1-L2-L3,65,71,102,1
L1-L2-L3,65,72,186,1
L1-L2-L3,65,74,141,1
L1-L2-L3,65,76,230,1
L1-L2-L3,65,80,90,1
L1-L2-L3,65,81,129,1
L1-L2-L3,65,85,144,1
L1-L2-L3,65,86,187,1
L1-L2-L3,65,87,216,1
L1-L2-L3,65,91,130,1
L1-L2-L3,65,92,190,1
L1-L2-L3,65,94,181,1
L1-L2-L3,65,97,181,1
L1-L2-L3,65,100,151,1
L1-L2-L3,65,103,33,1
L1-L2-L3,65,104,59,1
L1-L2-L3,65,105,178,1
L1-L2-L3,65,108,253,1
L1-L2-L3,65,109,73,1
L1-L2-L3,65,110,73,1
L1-L2-L3,65,111,187,1
L1-L2-L3,65,114,87,1
L1-L2-L3,65,115,167,1
L1-L2-L3,65,118,147,1
L1-L2-L3,65,122,100,1
L1-L2-L3,65,124,146,1
L1-L2-L3,65,127,129,1
L1-L2-L3,65,129,253,1
L1-L2-L3,65,130,100,1
L1-L2-L3,65,132,61,1
L1-L2-L3,65,135,198,1
L1-L2-L3,65,137,109,1
L1-L2-L3,65,140,176,1
L1-L2-L3,65,141,210,1
L1-L2-L3,65,145,5,1
L1-L2-L3,65,146,23,1
L1-L2-L3,65,147,26,1
L1-L2-L3,65,149,216,1
L1-L2-L3,65,156,178,1
L1-L2-L3,65,158,151,1
L1-L2-L3,65,159,94,1
L1-L2-L3,65,160,54,1
L1-L2-L3,65,166,73,1
L1-L2-L3,65,167,183,1
L1-L2-L3,65,168,184,1
L1-L2-L3,65,171,123,1
L1-L2-L3,65,172,79,1
L1-L2-L3,65,174,120,1
L1-L2-L3,65,176,15,1
L1-L2-L3,65,178,54,1
L1-L2-L3,65,179,113,1
L1-L2-L3,65,183,183,1
L1-L2-L3,65,185,192,1
L1-L2-L3,65,186,51,1
L1-L2-L3,65,189,141,1
L1-L2-L3,65,190,177,1
L1-L2-L3,65,198,178,1
L1-L2-L3,65,201,244,1
L1-L2-L3,65,202,122,1
L1-L2-L3,65,203,27,1
L1-L2-L3,65,209,169,1
L1-L2-L3,65,210,178,1
L1-L2-L3,65,213,231,1
L1-L2-L3,65,215,173,1
L1-L2-L3,65,216,249,1
L1-L2-L3,65,217,58,1
L1-L2-L3,65,221,42,1
L1-L2-L3,65,222,190,1
L1-L2-L3,65,223,100,1
L1-L2-L3,65,228,222,1
L1-L2-L3,65,229,16,1
L1-L2-L3,65,231,51,1
L1-L2-L3,65,233,167,1
L1-L2-L3,65,234,202,1
L1-L2-L3,65,239,84,1
L1-L2-L3,65,242,59,1
L1-L2-L3,65,246,42,1
L1-L2-L3,65,249,42,1
L1-L2-L3,65,250,54,1
L1-L2-L3,65,252,74,1
L1-L2-L3,65,254,26,1
L1-L2-L3,65,255,118,1
L1-L2-L3,66,0,172,1
L1-L2-L3,66,1,35,1
L1-L2-L3,66,5,166,1
L1-L2-L3,66,9,98,1
L1-L2-L3,66,16,0,1
L1-L2-L3,66,20,45,1
L1-L2-L3,66,24,230,1
L1-L2-L3,66,26,18,1
L1-L2-L3,66,30,91,1
L1-L2-L3,66,31,172,1
L1-L2-L3,66,36,97,1
L1-L2-L3,66,47,189,1
L1-L2-L3,66,48,75,1
L1-L2-L3,66,52,66,1
L1-L2-L3,66,53,66,1
L1-L2-L3,66,58,66,1
L1-L2-L3,66,63,189,1
L1-L2-L3,66,64,12,1
L1-L2-L3,66,66,189,1
L1-L2-L3,66,67,45,1
L1-L2-L3,66,69,108,1
L1-L2-L3,66,71,147,1
L1-L2-L3,66,72,172,1
L1-L2-L3,66,76,39,1
L1-L2-L3,66,77,171,1
L1-L2-L3,66,87,94,1
L1-L2-L3,66,98,30,1
L1-L2-L3,66,100,158,1
L1-L2-L3,66,105,172,1
L1-L2-L3,66,109,96,1
L1-L2-L3,66,110,107,1
L1-L2-L3,66,111,76,1
L1-L2-L3,66,112,96,1
L1-L2-L3,66,117,252,1
L1-L2-L3,66,118,162,1
L1-L2-L3,66,120,39,1
L1-L2-L3,66,123,251,1
L1-L2-L3,66,124,158,1
L1-L2-L3,66,131,130,1
L1-L2-L3,66,132,242,1
L1-L2-L3,66,134,238,1
L1-L2-L3,66,136,228,1
L1-L2-L3,66,143,82,1
L1-L2-L3,66,144,159,1
L1-L2-L3,66,146,211,1
L1-L2-L3,66,148,172,1
L1-L2-L3,66,152,190,1
L1-L2-L3,66,160,50,1
L1-L2-L3,66,164,180,1
L1-L2-L3,66,168,27,1
L1-L2-L3,66,170,49,1
L1-L2-L3,66,172,31,1
L1-L2-L3,66,178,253,1
L1-L2-L3,66,179,189,1
L1-L2-L3,66,180,142,1
L1-L2-L3,66,182,67,1
L1-L2-L3,66,186,45,1
L1-L2-L3,66,187,18,1
L1-L2-L3,66,190,194,1
L1-L2-L3,66,192,27,1
L1-L2-L3,66,195,216,1
L1-L2-L3,66,197,158,1
L1-L2-L3,66,198,142,1
L1-L2-L3,66,201,147,1
L1-L2-L3,66,202,141,1
L1-L2-L3,66,207,22,1
L1-L2-L3,66,210,189,1
L1-L2-L3,66,213,48,1
L1-L2-L3,66,230,116,1
L1-L2-L3,66,231,213,1
L1-L2-L3,66,232,251,1
L1-L2-L3,66,233,39,1
L1-L2-L3,66,234,189,1
L1-L2-L3,66,237,107,1
L1-L2-L3,66,238,93,1
L1-L2-L3,66,241,50,1
L1-L2-L3,66,242,160,1
L1-L2-L3,66,244,246,1
L1-L2-L3,66,245,28,1
L1-L2-L3,66,246,21,1
L1-L2-L3,66,253,32,1
L1-L2-L3,67,10,0,1
L1-L2-L3,67,11,239,1
L1-L2-L3,67,15,0,1
L1-L2-L3,67,16,37,1
L1-L2-L3,67,17,234,1
L1-L2-L3,67,18,211,1
L1-L2-L3,67,32,109,1
L1-L2-L3,67,38,254,1
L1-L2-L3,67,39,117,1
L1-L2-L3,67,42,80,1
L1-L2-L3,67,44,88,1
L1-L2-L3,67,52,4,1
L1-L2-L3,67,57,104,1
L1-L2-L3,67,60,158,1
L1-L2-L3,67,63,18,1
L1-L2-L3,67,64,71,1
L1-L2-L3,67,68,235,1
L1-L2-L3,67,72,94,1
L1-L2-L3,67,76,82,1
L1-L2-L3,67,82,91,1
L1-L2-L3,67,85,19,1
L1-L2-L3,67,86,219,1
L1-L2-L3,67,89,132,1
L1-L2-L3,67,90,91,1
L1-L2-L3,67,93,58,1
L1-L2-L3,67,94,12,1
L1-L2-L3,67,95,222,1
L1-L2-L3,67,97,248,1
L1-L2-L3,67,104,157,1
L1-L2-L3,67,107,99,1
L1-L2-L3,67,108,203,1
L1-L2-L3,67,111,160,1
L1-L2-L3,67,113,12,1
L1-L2-L3,67,115,185,1
L1-L2-L3,67,116,132,1
L1-L2-L3,67,120,128,1
L1-L2-L3,67,126,52,1
L1-L2-L3,67,131,180,1
L1-L2-L3,67,138,58,1
L1-L2-L3,67,139,16,1
L1-L2-L3,67,142,21,1
L1-L2-L3,67,148,214,1
L1-L2-L3,67,158,173,1
L1-L2-L3,67,161,175,1
L1-L2-L3,67,162,161,1
L1-L2-L3,67,163,126,1
L1-L2-L3,67,164,185,1
L1-L2-L3,67,165,163,1
L1-L2-L3,67,169,174,1
L1-L2-L3,67,173,4,1
L1-L2-L3,67,174,183,1
L1-L2-L3,67,175,34,1
L1-L2-L3,67,178,56,1
L1-L2-L3,67,179,254,1
L1-L2-L3,67,180,218,1
L1-L2-L3,67,181,160,1
L1-L2-L3,67,183,254,1
L1-L2-L3,67,186,185,1
L1-L2-L3,67,189,22,1
L1-L2-L3,67,190,16,1
L1-L2-L3,67,192,124,1
L1-L2-L3,67,197,161,1
L1-L2-L3,67,199,207,1
L1-L2-L3,67,201,8,1
L1-L2-L3,67,203,132,1
L1-L2-L3,67,205,239,1
L1-L2-L3,67,206,107,1
L1-L2-L3,67,207,33,1
L1-L2-L3,67,209,250,1
L1-L2-L3,67,212,155,1
L1-L2-L3,67,213,186,1
L1-L2-L3,67,214,198,1
L1-L2-L3,67,217,254,1
L1-L2-L3,67,219,76,1
L1-L2-L3,67,220,37,1
L1-L2-L3,67,223,168,1
L1-L2-L3,67,224,159,1
L1-L2-L3,67,225,146,1
L1-L2-L3,67,226,91,1
L1-L2-L3,67,227,76,1
L1-L2-L3,67,230,147,1
L1-L2-L3,67,231,63,1
L1-L2-L3,67,235,167,1
L1-L2-L3,67,236,184,1
L1-L2-L3,67,238,105,1
L1-L2-L3,67,240,138,1
L1-L2-L3,67,242,219,1
L1-L2-L3,67,243,219,1
L1-L2-L3,67,244,70,1
L1-L2-L3,67,246,74,1
L1-L2-L3,67,247,104,1
L1-L2-L3,67,251,242,1
L1-L2-L3,68,0,53,1
L1-L2-L3,68,3,181,1
L1-L2-L3,68,6,122,1
L1-L2-L3,68,7,48,1
L1-L2-L3,68,9,15,1
L1-L2-L3,68,15,192,1
L1-L2-L3,68,19,150,1
L1-L2-L3,68,21,71,1
L1-L2-L3,68,22,238,1
L1-L2-L3,68,23,229,1
L1-L2-L3,68,24,77,1
L1-L2-L3,68,25,235,1
L1-L2-L3,68,26,48,1
L1-L2-L3,68,31,101,1
L1-L2-L3,68,33,124,1
L1-L2-L3,68,36,158,1
L1-L2-L3,68,39,32,1
L1-L2-L3,68,45,152,1
L1-L2-L3,68,49,212,1
L1-L2-L3,68,53,244,1
L1-L2-L3,68,54,10,1
L1-L2-L3,68,59,49,1
L1-L2-L3,68,62,253,1
L1-L2-L3,68,67,221,1
L1-L2-L3,68,74,78,1
L1-L2-L3,68,77,3,1
L1-L2-L3,68,79,221,1
L1-L2-L3,68,81,122,1
L1-L2-L3,68,84,126,1
L1-L2-L3,68,85,244,1
L1-L2-L3,68,87,152,1
L1-L2-L3,68,92,212,1
L1-L2-L3,68,94,62,1
L1-L2-L3,68,95,227,1
L1-L2-L3,68,96,210,1
L1-L2-L3,68,98,195,1
L1-L2-L3,68,114,61,1
L1-L2-L3,68,115,187,1
L1-L2-L3,68,124,104,1
L1-L2-L3,68,128,10,1
L1-L2-L3,68,129,225,1
L1-L2-L3,68,130,6,1
L1-L2-L3,68,135,117,1
L1-L2-L3,68,138,80,1
L1-L2-L3,68,139,233,1
L1-L2-L3,68,145,171,1
L1-L2-L3,68,147,43,1
L1-L2-L3,68,150,117,1
L1-L2-L3,68,151,221,1
L1-L2-L3,68,152,241,1
L1-L2-L3,68,157,114,1
L1-L2-L3,68,159,75,1
L1-L2-L3,68,161,49,1
L1-L2-L3,68,163,79,1
L1-L2-L3,68,164,51,1
L1-L2-L3,68,165,249,1
L1-L2-L3,68,166,29,1
L1-L2-L3,68,168,88,1
L1-L2-L3,68,169,18,1
L1-L2-L3,68,173,39,1
L1-L2-L3,68,181,178,1
L1-L2-L3,68,184,9,1
L1-L2-L3,68,185,196,1
L1-L2-L3,68,186,107,1
L1-L2-L3,68,188,94,1
L1-L2-L3,68,191,142,1
L1-L2-L3,68,194,87,1
L1-L2-L3,68,196,158,1
L1-L2-L3,68,201,211,1
L1-L2-L3,68,204,169,1
L1-L2-L3,68,206,210,1
L1-L2-L3,68,207,248,1
L1-L2-L3,68,215,150,1
L1-L2-L3,68,216,2,1
L1-L2-L3,68,217,87,1
L1-L2-L3,68,221,51,1
L1-L2-L3,68,222,236,1
L1-L2-L3,68,223,236,1
L1-L2-L3,68,226,26,1
L1-L2-L3,68,227,38,1
L1-L2-L3,68,230,23,1
L1-L2-L3,68,232,123,1
L1-L2-L3,68,233,67,1
L1-L2-L3,68,236,32,1
L1-L2-L3,68,238,171,1
L1-L2-L3,68,241,100,1
L1-L2-L3,68,242,94,1
L1-L2-L3,68,244,230,1
L1-L2-L3,68,245,159,1
L1-L2-L3,68,247,21,1
L1-L2-L3,68,248,222,1
L1-L2-L3,68,250,14,1
L1-L2-L3,68,251,184,1
L1-L2-L3,68,252,227,1
L1-L2-L3,68,253,19,1
L1-L2-L3,68,254,148,1
L1-L2-L3,68,255,2,1
L1-L2-L3,69,0,124,1
L1-L2-L3,69,2,152,1
L1-L2-L3,69,3,101,1
L1-L2-L3,69,5,25,1
L1-L2-L3,69,8,246,1
L1-L2-L3,69,15,129,1
L1-L2-L3,69,16,222,1
L1-L2-L3,69,22,241,1
L1-L2-L3,69,24,178,1
L1-L2-L3,69,34,211,1
L1-L2-L3,69,36,21,1
L1-L2-L3,69,38,122,1
L1-L2-L3,69,39,196,1
L1-L2-L3,69,44,166,1
L1-L2-L3,69,49,247,1
L1-L2-L3,69,51,226,1
L1-L2-L3,69,52,23,1
L1-L2-L3,69,53,71,1
L1-L2-L3,69,57,134,1
L1-L2-L3,69,59,244,1
L1-L2-L3,69,62,140,1
L1-L2-L3,69,63,17,1
L1-L2-L3,69,64,85,1
L1-L2-L3,69,65,227,1
L1-L2-L3,69,69,111,1
L1-L2-L3,69,72,227,1
L1-L2-L3,69,73,212,1
L1-L2-L3,69,76,251,1
L1-L2-L3,69,77,139,1
L1-L2-L3,69,78,201,1
L1-L2-L3,69,85,8,1
L1-L2-L3,69,88,224,1
L1-L2-L3,69,93,193,1
L1-L2-L3,69,99,79,1
L1-L2-L3,69,105,94,1
L1-L2-L3,69,108,37,1
L1-L2-L3,69,111,130,1
L1-L2-L3,69,113,145,1
L1-L2-L3,69,116,219,1
L1-L2-L3,69,118,150,1
L1-L2-L3,69,122,21,1
L1-L2-L3,69,123,223,1
L1-L2-L3,69,128,152,1
L1-L2-L3,69,129,214,1
L1-L2-L3,69,131,248,1
L1-L2-L3,69,141,167,1
L1-L2-L3,69,145,152,1
L1-L2-L3,69,150,101,1
L1-L2-L3,69,157,85,1
L1-L2-L3,69,158,123,1
L1-L2-L3,69,160,247,1
L1-L2-L3,69,165,95,1
L1-L2-L3,69,171,110,1
L1-L2-L3,69,173,152,1
L1-L2-L3,69,176,62,1
L1-L2-L3,69,178,211,1
L1-L2-L3,69,179,166,1
L1-L2-L3,69,180,3,1
L1-L2-L3,69,181,100,1
L1-L2-L3,69,183,227,1
L1-L2-L3,69,187,39,1
L1-L2-L3,69,189,2,1
L1-L2-L3,69,192,172,1
L1-L2-L3,69,198,10,1
L1-L2-L3,69,200,87,1
L1-L2-L3,69,202,13,1
L1-L2-L3,69,203,4,1
L1-L2-L3,69,204,168,1
L1-L2-L3,69,205,195,1
L1-L2-L3,69,207,222,1
L1-L2-L3,69,210,134,1
L1-L2-L3,69,213,80,1
L1-L2-L3,69,214,117,1
L1-L2-L3,69,215,166,1
L1-L2-L3,69,218,252,1
L1-L2-L3,69,219,32,1
L1-L2-L3,69,220,13,1
L1-L2-L3,69,222,36,1
L1-L2-L3,69,223,62,1
L1-L2-L3,69,224,123,1
L1-L2-L3,69,225,200,1
L1-L2-L3,69,228,177,1
L1-L2-L3,69,230,151,1
L1-L2-L3,69,231,35,1
L1-L2-L3,69,234,196,1
L1-L2-L3,69,236,126,1
L1-L2-L3,69,242,207,1
L1-L2-L3,69,244,65,1
L1-L2-L3,69,245,6,1
L1-L2-L3,69,246,236,1
L1-L2-L3,69,248,165,1
L1-L2-L3,70,2,160,1
L1-L2-L3,70,3,140,1
L1-L2-L3,70,4,31,1
L1-L2-L3,70,5,248,1
L1-L2-L3,70,11,176,1
L1-L2-L3,70,14,241,1
L1-L2-L3,70,19,229,1
L1-L2-L3,70,22,252,1
L1-L2-L3,70,23,58,1
L1-L2-L3,70,29,213,1
L1-L2-L3,70,31,111,1
L1-L2-L3,70,38,185,1
L1-L2-L3,70,40,203,1
L1-L2-L3,70,41,180,1
L1-L2-L3,70,44,194,1
L1-L2-L3,70,46,35,1
L1-L2-L3,70,48,249,1
L1-L2-L3,70,51,239,1
L1-L2-L3,70,53,141,1
L1-L2-L3,70,60,53,1
L1-L2-L3,70,61,49,1
L1-L2-L3,70,62,54,1
L1-L2-L3,70,73,50,1
L1-L2-L3,70,74,242,1
L1-L2-L3,70,76,223,1
L1-L2-L3,70,80,63,1
L1-L2-L3,70,83,254,1
L1-L2-L3,70,84,85,1
L1-L2-L3,70,85,89,1
L1-L2-L3,70,89,10,1
L1-L2-L3,70,90,191,1
L1-L2-L3,70,91,10,1
L1-L2-L3,70,95,2,1
L1-L2-L3,70,96,71,1
L1-L2-L3,70,97,135,1
L1-L2-L3,70,100,142,1
L1-L2-L3,70,102,108,1
L1-L2-L3,70,103,29,1
L1-L2-L3,70,106,92,1
L1-L2-L3,70,110,33,1
L1-L2-L3,70,111,255,1
L1-L2-L3,70,116,35,1
L1-L2-L3,70,117,139,1
L1-L2-L3,70,119,25,1
L1-L2-L3,70,120,139,1
L1-L2-L3,70,124,252,1
L1-L2-L3,70,126,212,1
L1-L2-L3,70,127,132,1
L1-L2-L3,70,128,47,1
L1-L2-L3,70,130,95,1
L1-L2-L3,70,131,147,1
L1-L2-L3,70,133,153,1
L1-L2-L3,70,134,168,1
L1-L2-L3,70,136,15,1
L1-L2-L3,70,138,172,1
L1-L2-L3,70,139,141,1
L1-L2-L3,70,142,9,1
L1-L2-L3,70,144,113,1
L1-L2-L3,70,147,67,1
L1-L2-L3,70,149,53,1
L1-L2-L3,70,150,69,1
L1-L2-L3,70,153,27,1
L1-L2-L3,70,158,99,1
L1-L2-L3,70,159,244,1
L1-L2-L3,70,163,57,1
L1-L2-L3,70,171,255,1
L1-L2-L3,70,172,134,1
L1-L2-L3,70,174,68,1
L1-L2-L3,70,176,38,1
L1-L2-L3,70,178,223,1
L1-L2-L3,70,182,194,1
L1-L2-L3,70,185,108,1
L1-L2-L3,70,187,166,1
L1-L2-L3,70,190,191,1
L1-L2-L3,70,191,204,1
L1-L2-L3,70,192,72,1
L1-L2-L3,70,197,212,1
L1-L2-L3,70,199,11,1
L1-L2-L3,70,200,88,1
L1-L2-L3,70,202,212,1
L1-L2-L3,70,203,193,1
L1-L2-L3,70,204,84,1
L1-L2-L3,70,208,150,1
L1-L2-L3,70,210,94,1
L1-L2-L3,70,212,229,1
L1-L2-L3,70,214,181,1
L1-L2-L3,70,215,223,1
L1-L2-L3,70,217,242,1
L1-L2-L3,70,218,68,1
L1-L2-L3,70,223,141,1
L1-L2-L3,70,225,80,1
L1-L2-L3,70,226,80,1
L1-L2-L3,70,227,182,1
L1-L2-L3,70,229,229,1
L1-L2-L3,70,230,190,1
L1-L2-L3,70,234,180,1
L1-L2-L3,70,237,150,1
L1-L2-L3,70,240,50,1
L1-L2-L3,70,244,98,1
L1-L2-L3,70,245,66,1
L1-L2-L3,70,255,112,1
L1-L2-L3,71,1,199,1
L1-L2-L3,71,6,88,1
L1-L2-L3,71,12,135,1
L1-L2-L3,71,15,14,1
L1-L2-L3,71,20,49,1
L1-L2-L3,71,23,60,1
L1-L2-L3,71,24,120,1
L1-L2-L3,71,25,208,1
L1-L2-L3,71,28,224,1
L1-L2-L3,71,29,59,1
L1-L2-L3,71,30,36,1
L1-L2-L3,71,33,123,1
L1-L2-L3,71,34,65,1
L1-L2-L3,71,37,217,1
L1-L2-L3,71,38,26,1
L1-L2-L3,71,39,231,1
L1-L2-L3,71,41,65,1
L1-L2-L3,71,42,191,1
L1-L2-L3,71,44,73,1
L1-L2-L3,71,45,204,1
L1-L2-L3,71,50,135,1
L1-L2-L3,71,52,28,1
L1-L2-L3,71,53,81,1
L1-L2-L3,71,56,124,1
L1-L2-L3,71,59,152,1
L1-L2-L3,71,62,208,1
L1-L2-L3,71,65,35,1
L1-L2-L3,71,67,151,1
L1-L2-L3,71,69,51,1
L1-L2-L3,71,72,76,1
L1-L2-L3,71,75,181,1
L1-L2-L3,71,77,71,1
L1-L2-L3,71,80,212,1
L1-L2-L3,71,87,52,1
L1-L2-L3,71,88,79,1
L1-L2-L3,71,91,219,1
L1-L2-L3,71,93,78,1
L1-L2-L3,71,98,210,1
L1-L2-L3,71,99,37,1
L1-L2-L3,71,101,237,1
L1-L2-L3,71,105,132,1
L1-L2-L3,71,107,44,1
L1-L2-L3,71,109,179,1
L1-L2-L3,71,110,188,1
L1-L2-L3,71,111,33,1
L1-L2-L3,71,115,182,1
L1-L2-L3,71,116,67,1
L1-L2-L3,71,118,48,1
L1-L2-L3,71,122,253,1
L1-L2-L3,71,126,61,1
L1-L2-L3,71,128,79,1
L1-L2-L3,71,129,179,1
L1-L2-L3,71,131,52,1
L1-L2-L3,71,133,35,1
L1-L2-L3,71,137,182,1
L1-L2-L3,71,138,127,1
L1-L2-L3,71,139,156,1
L1-L2-L3,71,140,130,1
L1-L2-L3,71,141,34,1
L1-L2-L3,71,142,232,1
L1-L2-L3,71,144,58,1
L1-L2-L3,71,145,58,1
L1-L2-L3,71,146,111,1
L1-L2-L3,71,147,17,1
L1-L2-L3,71,151,22,1
L1-L2-L3,71,157,36,1
L1-L2-L3,71,160,101,1
L1-L2-L3,71,162,59,1
L1-L2-L3,71,163,226,1
L1-L2-L3,71,164,156,1
L1-L2-L3,71,165,54,1
L1-L2-L3,71,166,5,1
L1-L2-L3,71,168,101,1
L1-L2-L3,71,169,169,1
L1-L2-L3,71,170,238,1
L1-L2-L3,71,172,37,1
L1-L2-L3,71,177,54,1
L1-L2-L3,71,178,201,1
L1-L2-L3,71,181,7,1
L1-L2-L3,71,185,139,1
L1-L2-L3,71,187,187,1
L1-L2-L3,71,190,123,1
L1-L2-L3,71,191,186,1
L1-L2-L3,71,194,132,1
L1-L2-L3,71,195,80,1
L1-L2-L3,71,197,199,1
L1-L2-L3,71,198,79,1
L1-L2-L3,71,199,19,1
L1-L2-L3,71,200,124,1
L1-L2-L3,71,202,80,1
L1-L2-L3,71,205,228,1
L1-L2-L3,71,207,203,1
L1-L2-L3,71,218,238,1
L1-L2-L3,71,221,227,1
L1-L2-L3,71,223,248,1
L1-L2-L3,71,225,66,1
L1-L2-L3,71,229,79,1
L1-L2-L3,71,231,178,1
L1-L2-L3,71,235,85,1
L1-L2-L3,71,236,167,1
L1-L2-L3,71,238,200,1
L1-L2-L3,71,245,236,1
L1-L2-L3,71,246,215,1
L1-L2-L3,71,250,123,1
L1-L2-L3,71,251,118,1
L1-L2-L3,71,252,38,1
L1-L2-L3,71,254,35,1
L1-L2-L3,71,255,117,1
L1-L2-L3,72,3,92,1
L1-L2-L3,72,9,28,1
L1-L2-L3,72,10,10,1
L1-L2-L3,72,11,137,1
L1-L2-L3,72,12,121,1
L1-L2-L3,72,25,86,1
L1-L2-L3,72,32,100,1
L1-L2-L3,72,34,227,1
L1-L2-L3,72,36,204,1
L1-L2-L3,72,37,36,1
L1-L2-L3,72,38,3,1
L1-L2-L3,72,40,90,1
L1-L2-L3,72,42,92,1
L1-L2-L3,72,45,41,1
L1-L2-L3,72,47,100,1
L1-L2-L3,72,48,77,1
L1-L2-L3,72,52,40,1
L1-L2-L3,72,54,118,1
L1-L2-L3,72,55,127,1
L1-L2-L3,72,57,67,1
L1-L2-L3,72,62,5,1
L1-L2-L3,72,65,76,1
L1-L2-L3,72,69,216,1
L1-L2-L3,72,71,76,1
L1-L2-L3,72,72,164,1
L1-L2-L3,72,75,255,1
L1-L2-L3,72,78,176,1
L1-L2-L3,72,80,108,1
L1-L2-L3,72,82,218,1
L1-L2-L3,72,83,149,1
L1-L2-L3,72,85,4,1
L1-L2-L3,72,91,165,1
L1-L2-L3,72,93,140,1
L1-L2-L3,72,94,98,1
L1-L2-L3,72,96,181,1
L1-L2-L3,72,98,220,1
L1-L2-L3,72,99,240,1
L1-L2-L3,72,100,199,1
L1-L2-L3,72,101,246,1
L1-L2-L3,72,102,85,1
L1-L2-L3,72,105,19,1
L1-L2-L3,72,108,76,1
L1-L2-L3,72,109,17,1
L1-L2-L3,72,113,33,1
L1-L2-L3,72,114,229,1
L1-L2-L3,72,117,220,1
L1-L2-L3,72,118,61,1
L1-L2-L3,72,123,73,1
L1-L2-L3,72,124,36,1
L1-L2-L3,72,126,38,1
L1-L2-L3,72,127,123,1
L1-L2-L3,72,131,60,1
L1-L2-L3,72,132,8,1
L1-L2-L3,72,136,211,1
L1-L2-L3,72,140,181,1
L1-L2-L3,72,144,157,1
L1-L2-L3,72,145,197,1
L1-L2-L3,72,146,209,1
L1-L2-L3,72,151,5,1
L1-L2-L3,72,152,216,1
L1-L2-L3,72,166,178,1
L1-L2-L3,72,167,17,1
L1-L2-L3,72,169,118,1
L1-L2-L3,72,170,198,1
L1-L2-L3,72,173,173,1
L1-L2-L3,72,175,73,1
L1-L2-L3,72,176,209,1
L1-L2-L3,72,178,194,1
L1-L2-L3,72,179,19,1
L1-L2-L3,72,181,201,1
L1-L2-L3,72,182,101,1
L1-L2-L3,72,183,102,1
L1-L2-L3,72,184,93,1
L1-L2-L3,72,186,118,1
L1-L2-L3,72,188,0,1
L1-L2-L3,72,189,145,1
L1-L2-L3,72,190,143,1
L1-L2-L3,72,192,109,1
L1-L2-L3,72,193,198,1
L1-L2-L3,72,194,193,1
L1-L2-L3,72,195,241,1
L1-L2-L3,72,196,93,1
L1-L2-L3,72,198,34,1
L1-L2-L3,72,199,118,1
L1-L2-L3,72,204,6,1
L1-L2-L3,72,206,102,1
L1-L2-L3,72,207,224,1
L1-L2-L3,72,208,22,1
L1-L2-L3,72,210,73,1
L1-L2-L3,72,211,190,1
L1-L2-L3,72,216,222,1
L1-L2-L3,72,217,79,1
L1-L2-L3,72,224,129,1
L1-L2-L3,72,227,7,1
L1-L2-L3,72,229,201,1
L1-L2-L3,72,230,6,1
L1-L2-L3,72,231,167,1
L1-L2-L3,72,232,40,1
L1-L2-L3,72,234,149,1
L1-L2-L3,72,235,200,1
L1-L2-L3,72,239,48,1
L1-L2-L3,72,241,137,1
L1-L2-L3,72,242,10,1
L1-L2-L3,72,248,101,1
L1-L2-L3,72,249,229,1
L1-L2-L3,72,250,224,1
L1-L2-L3,72,251,176,1
L1-L2-L3,72,253,132,1
L1-L2-L3,73,4,217,1
L1-L2-L3,73,7,119,1
L1-L2-L3,73,10,85,1
L1-L2-L3,73,11,88,1
L1-L2-L3,73,13,116,1
L1-L2-L3,73,15,230,1
L1-L2-L3,73,16,229,1
L1-L2-L3,73,19,55,1
L1-L2-L3,73,23,112,1
L1-L2-L3,73,26,64,1
L1-L2-L3,73,27,164,1
L1-L2-L3,73,29,229,1
L1-L2-L3,73,36,109,1
L1-L2-L3,73,37,8,1
L1-L2-L3,73,47,197,1
L1-L2-L3,73,50,48,1
L1-L2-L3,73,51,101,1
L1-L2-L3,73,52,89,1
L1-L2-L3,73,53,125,1
L1-L2-L3,73,57,168,1
L1-L2-L3,73,58,218,1
L1-L2-L3,73,59,199,1
L1-L2-L3,73,60,81,1
L1-L2-L3,73,65,181,1
L1-L2-L3,73,70,76,1
L1-L2-L3,73,74,22,1
L1-L2-L3,73,77,95,1
L1-L2-L3,73,82,222,1
L1-L2-L3,73,88,241,1
L1-L2-L3,73,92,29,1
L1-L2-L3,73,94,140,1
L1-L2-L3,73,101,255,1
L1-L2-L3,73,102,6,1
L1-L2-L3,73,103,86,1
L1-L2-L3,73,104,199,1
L1-L2-L3,73,105,29,1
L1-L2-L3,73,111,128,1
L1-L2-L3,73,112,187,1
L1-L2-L3,73,113,195,1
L1-L2-L3,73,116,51,1
L1-L2-L3,73,118,228,1
L1-L2-L3,73,121,204,1
L1-L2-L3,73,122,229,1
L1-L2-L3,73,123,135,1
L1-L2-L3,73,131,253,1
L1-L2-L3,73,134,53,1
L1-L2-L3,73,135,119,1
L1-L2-L3,73,136,129,1
L1-L2-L3,73,139,41,1
L1-L2-L3,73,140,123,1
L1-L2-L3,73,148,24,1
L1-L2-L3,73,149,123,1
L1-L2-L3,73,154,116,1
L1-L2-L3,73,155,227,1
L1-L2-L3,73,156,89,1
L1-L2-L3,73,158,137,1
L1-L2-L3,73,159,49,1
L1-L2-L3,73,161,73,1
L1-L2-L3,73,162,33,1
L1-L2-L3,73,163,48,1
L1-L2-L3,73,165,117,1
L1-L2-L3,73,167,53,1
L1-L2-L3,73,173,15,1
L1-L2-L3,73,175,217,1
L1-L2-L3,73,176,151,1
L1-L2-L3,73,177,119,1
L1-L2-L3,73,178,185,1
L1-L2-L3,73,179,89,1
L1-L2-L3,73,180,67,1
L1-L2-L3,73,183,24,1
L1-L2-L3,73,185,29,1
L1-L2-L3,73,186,0,1
L1-L2-L3,73,188,89,1
L1-L2-L3,73,189,201,1
L1-L2-L3,73,190,238,1
L1-L2-L3,73,193,49,1
L1-L2-L3,73,194,55,1
L1-L2-L3,73,196,20,1
L1-L2-L3,73,197,55,1
L1-L2-L3,73,200,16,1
L1-L2-L3,73,202,199,1
L1-L2-L3,73,207,135,1
L1-L2-L3,73,210,230,1
L1-L2-L3,73,213,151,1
L1-L2-L3,73,214,24,1
L1-L2-L3,73,215,172,1
L1-L2-L3,73,217,168,1
L1-L2-L3,73,219,29,1
L1-L2-L3,73,220,79,1
L1-L2-L3,73,222,119,1
L1-L2-L3,73,223,231,1
L1-L2-L3,73,231,177,1
L1-L2-L3,73,232,113,1
L1-L2-L3,73,233,116,1
L1-L2-L3,73,234,78,1
L1-L2-L3,73,235,108,1
L1-L2-L3,73,236,108,1
L1-L2-L3,73,240,232,1
L1-L2-L3,73,241,128,1
L1-L2-L3,73,243,240,1
L1-L2-L3,73,244,99,1
L1-L2-L3,73,245,49,1
L1-L2-L3,73,247,25,1
L1-L2-L3,73,250,55,1
L1-L2-L3,73,251,128,1
L1-L2-L3,73,252,127,1
L1-L2-L3,73,254,2,1
L1-L2-L3,74,0,42,1
L1-L2-L3,74,1,74,1
L1-L2-L3,74,3,165,1
L1-L2-L3,74,6,128,1
L1-L2-L3,74,7,221,1
L1-L2-L3,74,9,170,1
L1-L2-L3,74,10,255,1
L1-L2-L3,74,11,103,1
L1-L2-L3,74,12,141,1
L1-L2-L3,74,21,67,1
L1-L2-L3,74,22,19,1
L1-L2-L3,74,24,17,1
L1-L2-L3,74,25,246,1
L1-L2-L3,74,30,132,1
L1-L2-L3,74,31,125,1
L1-L2-L3,74,38,192,1
L1-L2-L3,74,39,55,1
L1-L2-L3,74,42,100,1
L1-L2-L3,74,43,235,1
L1-L2-L3,74,44,51,1
L1-L2-L3,74,47,248,1
L1-L2-L3,74,49,225,1
L1-L2-L3,74,54,246,1
L1-L2-L3,74,59,91,1
L1-L2-L3,74,60,95,1
L1-L2-L3,74,61,116,1
L1-L2-L3,74,66,143,1
L1-L2-L3,74,74,221,1
L1-L2-L3,74,78,16,1
L1-L2-L3,74,80,228,1
L1-L2-L3,74,85,248,1
L1-L2-L3,74,86,155,1
L1-L2-L3,74,90,234,1
L1-L2-L3,74,91,57,1
L1-L2-L3,74,93,112,1
L1-L2-L3,74,94,107,1
L1-L2-L3,74,100,131,1
L1-L2-L3,74,101,13,1
L1-L2-L3,74,104,96,1
L1-L2-L3,74,106,93,1
L1-L2-L3,74,108,16,1
L1-L2-L3,74,111,190,1
L1-L2-L3,74,112,65,1
L1-L2-L3,74,117,184,1
L1-L2-L3,74,122,156,1
L1-L2-L3,74,124,246,1
L1-L2-L3,74,126,79,1
L1-L2-L3,74,127,253,1
L1-L2-L3,74,128,76,1
L1-L2-L3,74,133,185,1
L1-L2-L3,74,135,95,1
L1-L2-L3,74,136,67,1
L1-L2-L3,74,140,107,1
L1-L2-L3,74,143,128,1
L1-L2-L3,74,144,39,1
L1-L2-L3,74,145,236,1
L1-L2-L3,74,148,88,1
L1-L2-L3,74,150,78,1
L1-L2-L3,74,151,35,1
L1-L2-L3,74,152,44,1
L1-L2-L3,74,153,112,1
L1-L2-L3,74,155,228,1
L1-L2-L3,74,158,248,1
L1-L2-L3,74,159,122,1
L1-L2-L3,74,163,73,1
L1-L2-L3,74,166,127,1
L1-L2-L3,74,171,29,1
L1-L2-L3,74,175,81,1
L1-L2-L3,74,176,23,1
L1-L2-L3,74,186,69,1
L1-L2-L3,74,187,89,1
L1-L2-L3,74,190,91,1
L1-L2-L3,74,191,187,1
L1-L2-L3,74,192,228,1
L1-L2-L3,74,193,95,1
L1-L2-L3,74,196,162,1
L1-L2-L3,74,197,106,1
L1-L2-L3,74,199,92,1
L1-L2-L3,74,200,127,1
L1-L2-L3,74,201,16,1
L1-L2-L3,74,208,172,1
L1-L2-L3,74,209,221,1
L1-L2-L3,74,210,42,1
L1-L2-L3,74,215,138,1
L1-L2-L3,74,216,236,1
L1-L2-L3,74,219,35,1
L1-L2-L3,74,220,247,1
L1-L2-L3,74,226,127,1
L1-L2-L3,74,227,47,1
L1-L2-L3,74,228,0,1
L1-L2-L3,74,229,216,1
L1-L2-L3,74,230,168,1
L1-L2-L3,74,231,53,1
L1-L2-L3,74,232,96,1
L1-L2-L3,74,237,74,1
L1-L2-L3,74,238,183,1
L1-L2-L3,74,241,160,1
L1-L2-L3,74,244,130,1
L1-L2-L3,74,245,96,1
L1-L2-L3,74,246,151,1
L1-L2-L3,74,252,67,1
L1-L2-L3,74,254,127,1
L1-L2-L3,74,255,92,1
L1-L2-L3,75,0,62,1
L1-L2-L3,75,1,216,1
L1-L2-L3,75,3,221,1
L1-L2-L3,75,6,189,1
L1-L2-L3,75,7,130,1
L1-L2-L3,75,12,226,1
L1-L2-L3,75,17,92,1
L1-L2-L3,75,19,165,1
L1-L2-L3,75,20,34,1
L1-L2-L3,75,21,85,1
L1-L2-L3,75,24,95,1
L1-L2-L3,75,26,24,1
L1-L2-L3,75,27,103,1
L1-L2-L3,75,28,141,1
L1-L2-L3,75,29,186,1
L1-L2-L3,75,30,88,1
L1-L2-L3,75,37,110,1
L1-L2-L3,75,42,168,1
L1-L2-L3,75,46,239,1
L1-L2-L3,75,47,128,1
L1-L2-L3,75,48,188,1
L1-L2-L3,75,50,229,1
L1-L2-L3,75,51,155,1
L1-L2-L3,75,52,239,1
L1-L2-L3,75,53,187,1
L1-L2-L3,75,54,186,1
L1-L2-L3,75,60,11,1
L1-L2-L3,75,62,252,1
L1-L2-L3,75,64,119,1
L1-L2-L3,75,66,163,1
L1-L2-L3,75,73,231,1
L1-L2-L3,75,74,34,1
L1-L2-L3,75,76,144,1
L1-L2-L3,75,79,242,1
L1-L2-L3,75,82,123,1
L1-L2-L3,75,90,45,1
L1-L2-L3,75,92,99,1
L1-L2-L3,75,93,29,1
L1-L2-L3,75,95,166,1
L1-L2-L3,75,98,129,1
L1-L2-L3,75,102,173,1
L1-L2-L3,75,104,186,1
L1-L2-L3,75,106,141,1
L1-L2-L3,75,107,135,1
L1-L2-L3,75,110,178,1
L1-L2-L3,75,111,222,1
L1-L2-L3,75,116,89,1
L1-L2-L3,75,117,227,1
L1-L2-L3,75,119,137,1
L1-L2-L3,75,120,48,1
L1-L2-L3,75,121,26,1
L1-L2-L3,75,128,45,1
L1-L2-L3,75,130,251,1
L1-L2-L3,75,131,18,1
L1-L2-L3,75,132,41,1
L1-L2-L3,75,139,85,1
L1-L2-L3,75,141,242,1
L1-L2-L3,75,144,44,1
L1-L2-L3,75,146,205,1
L1-L2-L3,75,148,16,1
L1-L2-L3,75,149,149,1
L1-L2-L3,75,152,223,1
L1-L2-L3,75,158,11,1
L1-L2-L3,75,160,131,1
L1-L2-L3,75,162,133,1
L1-L2-L3,75,165,193,1
L1-L2-L3,75,169,135,1
L1-L2-L3,75,170,22,1
L1-L2-L3,75,172,254,1
L1-L2-L3,75,173,209,1
L1-L2-L3,75,174,111,1
L1-L2-L3,75,175,50,1
L1-L2-L3,75,176,162,1
L1-L2-L3,75,178,183,1
L1-L2-L3,75,180,248,1
L1-L2-L3,75,183,248,1
L1-L2-L3,75,185,239,1
L1-L2-L3,75,186,206,1
L1-L2-L3,75,189,243,1
L1-L2-L3,75,190,29,1
L1-L2-L3,75,191,154,1
L1-L2-L3,75,194,160,1
L1-L2-L3,75,195,142,1
L1-L2-L3,75,198,82,1
L1-L2-L3,75,199,223,1
L1-L2-L3,75,200,239,1
L1-L2-L3,75,205,172,1
L1-L2-L3,75,209,140,1
L1-L2-L3,75,213,85,1
L1-L2-L3,75,214,189,1
L1-L2-L3,75,215,122,1
L1-L2-L3,75,216,5,1
L1-L2-L3,75,220,34,1
L1-L2-L3,75,221,239,1
L1-L2-L3,75,222,185,1
L1-L2-L3,75,223,137,1
L1-L2-L3,75,226,219,1
L1-L2-L3,75,229,143,1
L1-L2-L3,75,230,45,1
L1-L2-L3,75,231,206,1
L1-L2-L3,75,238,92,1
L1-L2-L3,75,239,96,1
L1-L2-L3,75,241,122,1
L1-L2-L3,75,242,125,1
L1-L2-L3,75,243,191,1
L1-L2-L3,75,244,160,1
L1-L2-L3,75,246,44,1
L1-L2-L3,75,248,53,1
L1-L2-L3,75,250,116,1
L1-L2-L3,75,251,239,1
L1-L2-L3,75,253,86,1
L1-L2-L3,76,15,65,1
L1-L2-L3,76,23,46,1
L1-L2-L3,76,26,57,1
L1-L2-L3,76,27,80,1
L1-L2-L3,76,29,237,1
L1-L2-L3,76,30,30,1
L1-L2-L3,76,42,95,1
L1-L2-L3,76,46,240,1
L1-L2-L3,76,58,122,1
L1-L2-L3,76,61,187,1
L1-L2-L3,76,66,54,1
L1-L2-L3,76,69,15,1
L1-L2-L3,76,75,252,1
L1-L2-L3,76,87,201,1
L1-L2-L3,76,93,121,1
L1-L2-L3,76,101,187,1
L1-L2-L3,76,103,182,1
L1-L2-L3,76,110,16,1
L1-L2-L3,76,111,174,1
L1-L2-L3,76,112,30,1
L1-L2-L3,76,113,218,1
L1-L2-L3,76,114,219,1
L1-L2-L3,76,119,141,1
L1-L2-L3,76,122,121,1
L1-L2-L3,76,127,22,1
L1-L2-L3,76,129,226,1
L1-L2-L3,76,133,33,1
L1-L2-L3,76,136,27,1
L1-L2-L3,76,139,195,1
L1-L2-L3,76,145,15,1
L1-L2-L3,76,146,199,1
L1-L2-L3,76,147,201,1
L1-L2-L3,76,153,183,1
L1-L2-L3,76,154,190,1
L1-L2-L3,76,158,180,1
L1-L2-L3,76,160,195,1
L1-L2-L3,76,163,93,1
L1-L2-L3,76,165,110,1
L1-L2-L3,76,172,252,1
L1-L2-L3,76,178,182,1
L1-L2-L3,76,180,150,1
L1-L2-L3,76,181,72,1
L1-L2-L3,76,182,150,1
L1-L2-L3,76,184,126,1
L1-L2-L3,76,190,124,1
L1-L2-L3,76,193,187,1
L1-L2-L3,76,200,161,1
L1-L2-L3,76,207,24,1
L1-L2-L3,76,209,84,1
L1-L2-L3,76,210,161,1
L1-L2-L3,76,213,136,1
L1-L2-L3,76,218,220,1
L1-L2-L3,76,221,81,1
L1-L2-L3,76,222,161,1
L1-L2-L3,76,224,31,1
L1-L2-L3,76,226,195,1
L1-L2-L3,76,230,93,1
L1-L2-L3,76,232,76,1
L1-L2-L3,76,235,89,1
L1-L2-L3,76,240,79,1
L1-L2-L3,76,244,134,1
L1-L2-L3,76,245,62,1
L1-L2-L3,76,247,65,1
L1-L2-L3,76,249,28,1
L1-L2-L3,76,251,246,1
L1-L2-L3,76,254,138,1
L1-L2-L3,77,2,131,1
L1-L2-L3,77,8,73,1
L1-L2-L3,77,10,67,1
L1-L2-L3,77,13,110,1
L1-L2-L3,77,16,86,1
L1-L2-L3,77,18,224,1
L1-L2-L3,77,23,154,1
L1-L2-L3,77,26,255,1
L1-L2-L3,77,28,115,1
L1-L2-L3,77,29,11,1
L1-L2-L3,77,38,247,1
L1-L2-L3,77,39,229,1
L1-L2-L3,77,43,180,1
L1-L2-L3,77,46,54,1
L1-L2-L3,77,48,99,1
L1-L2-L3,77,52,184,1
L1-L2-L3,77,53,253,1
L1-L2-L3,77,55,196,1
L1-L2-L3,77,56,18,1
L1-L2-L3,77,60,200,1
L1-L2-L3,77,65,255,1
L1-L2-L3,77,66,165,1
L1-L2-L3,77,67,25,1
L1-L2-L3,77,72,113,1
L1-L2-L3,77,79,9,1
L1-L2-L3,77,80,178,1
L1-L2-L3,77,85,203,1
L1-L2-L3,77,87,182,1
L1-L2-L3,77,88,227,1
L1-L2-L3,77,97,229,1
L1-L2-L3,77,98,192,1
L1-L2-L3,77,104,227,1
L1-L2-L3,77,105,101,1
L1-L2-L3,77,110,76,1
L1-L2-L3,77,114,110,1
L1-L2-L3,77,115,244,1
L1-L2-L3,77,117,11,1
L1-L2-L3,77,119,245,1
L1-L2-L3,77,122,199,1
L1-L2-L3,77,124,59,1
L1-L2-L3,77,125,41,1
L1-L2-L3,77,128,110,1
L1-L2-L3,77,129,46,1
L1-L2-L3,77,131,17,1
L1-L2-L3,77,139,61,1
L1-L2-L3,77,140,54,1
L1-L2-L3,77,141,6,1
L1-L2-L3,77,149,157,1
L1-L2-L3,77,150,77,1
L1-L2-L3,77,151,129,1
L1-L2-L3,77,155,92,1
L1-L2-L3,77,157,176,1
L1-L2-L3,77,158,130,1
L1-L2-L3,77,162,46,1
L1-L2-L3,77,164,77,1
L1-L2-L3,77,166,101,1
L1-L2-L3,77,167,155,1
L1-L2-L3,77,168,173,1
L1-L2-L3,77,172,67,1
L1-L2-L3,77,173,28,1
L1-L2-L3,77,174,184,1
L1-L2-L3,77,176,253,1
L1-L2-L3,77,182,199,1
L1-L2-L3,77,183,209,1
L1-L2-L3,77,184,195,1
L1-L2-L3,77,185,90,1
L1-L2-L3,77,187,229,1
L1-L2-L3,77,188,124,1
L1-L2-L3,77,192,209,1
L1-L2-L3,77,193,215,1
L1-L2-L3,77,196,243,1
L1-L2-L3,77,198,47,1
L1-L2-L3,77,199,183,1
L1-L2-L3,77,200,56,1
L1-L2-L3,77,207,155,1
L1-L2-L3,77,212,98,1
L1-L2-L3,77,214,42,1
L1-L2-L3,77,218,43,1
L1-L2-L3,77,219,232,1
L1-L2-L3,77,222,162,1
L1-L2-L3,77,223,52,1
L1-L2-L3,77,224,39,1
L1-L2-L3,77,225,126,1
L1-L2-L3,77,228,37,1
L1-L2-L3,77,232,9,1
L1-L2-L3,77,234,37,1
L1-L2-L3,77,237,84,1
L1-L2-L3,77,243,10,1
L1-L2-L3,77,245,129,1
L1-L2-L3,77,246,161,1
L1-L2-L3,77,247,143,1
L1-L2-L3,77,250,196,1
L1-L2-L3,77,251,7,1
L1-L2-L3,77,252,10,1
L1-L2-L3,77,253,220,1
L1-L2-L3,77,254,102,1
L1-L2-L3,78,4,98,1
L1-L2-L3,78,6,170,1
L1-L2-L3,78,10,175,1
L1-L2-L3,78,12,179,1
L1-L2-L3,78,13,42,1
L1-L2-L3,78,21,188,1
L1-L2-L3,78,23,25,1
L1-L2-L3,78,29,30,1
L1-L2-L3,78,30,194,1
L1-L2-L3,78,33,7,1
L1-L2-L3,78,45,50,1
L1-L2-L3,78,47,177,1
L1-L2-L3,78,49,13,1
L1-L2-L3,78,53,133,1
L1-L2-L3,78,54,14,1
L1-L2-L3,78,57,40,1
L1-L2-L3,78,59,102,1
L1-L2-L3,78,61,151,1
L1-L2-L3,78,63,178,1
L1-L2-L3,78,71,58,1
L1-L2-L3,78,75,196,1
L1-L2-L3,78,79,131,1
L1-L2-L3,78,81,194,1
L1-L2-L3,78,85,215,1
L1-L2-L3,78,86,114,1
L1-L2-L3,78,87,194,1
L1-L2-L3,78,91,45,1
L1-L2-L3,78,92,92,1
L1-L2-L3,78,93,148,1
L1-L2-L3,78,95,24,1
L1-L2-L3,78,96,225,1
L1-L2-L3,78,99,40,1
L1-L2-L3,78,101,122,1
L1-L2-L3,78,102,100,1
L1-L2-L3,78,103,116,1
L1-L2-L3,78,105,199,1
L1-L2-L3,78,106,243,1
L1-L2-L3,78,108,166,1
L1-L2-L3,78,109,97,1
L1-L2-L3,78,113,110,1
L1-L2-L3,78,114,146,1
L1-L2-L3,78,115,218,1
L1-L2-L3,78,116,216,1
L1-L2-L3,78,118,170,1
L1-L2-L3,78,121,176,1
L1-L2-L3,78,123,179,1
L1-L2-L3,78,125,152,1
L1-L2-L3,78,127,120,1
L1-L2-L3,78,128,57,1
L1-L2-L3,78,129,193,1
L1-L2-L3,78,135,73,1
L1-L2-L3,78,136,237,1
L1-L2-L3,78,137,214,1
L1-L2-L3,78,139,177,1
L1-L2-L3,78,140,189,1
L1-L2-L3,78,142,58,1
L1-L2-L3,78,143,98,1
L1-L2-L3,78,146,36,1
L1-L2-L3,78,150,253,1
L1-L2-L3,78,152,81,1
L1-L2-L3,78,154,5,1
L1-L2-L3,78,157,191,1
L1-L2-L3,78,161,102,1
L1-L2-L3,78,162,230,1
L1-L2-L3,78,164,61,1
L1-L2-L3,78,165,19,1
L1-L2-L3,78,166,53,1
L1-L2-L3,78,167,238,1
L1-L2-L3,78,169,73,1
L1-L2-L3,78,171,51,1
L1-L2-L3,78,172,135,1
L1-L2-L3,78,174,167,1
L1-L2-L3,78,177,71,1
L1-L2-L3,78,179,232,1
L1-L2-L3,78,180,172,1
L1-L2-L3,78,181,166,1
L1-L2-L3,78,189,26,1
L1-L2-L3,78,192,121,1
L1-L2-L3,78,193,75,1
L1-L2-L3,78,197,159,1
L1-L2-L3,78,198,149,1
L1-L2-L3,78,199,247,1
L1-L2-L3,78,203,59,1
L1-L2-L3,78,204,89,1
L1-L2-L3,78,205,230,1
L1-L2-L3,78,207,113,1
L1-L2-L3,78,208,208,1
L1-L2-L3,78,209,128,1
L1-L2-L3,78,210,143,1
L1-L2-L3,78,211,101,1
L1-L2-L3,78,212,225,1
L1-L2-L3,78,213,20,1
L1-L2-L3,78,216,206,1
L1-L2-L3,78,217,36,1
L1-L2-L3,78,218,190,1
L1-L2-L3,78,221,255,1
L1-L2-L3,78,222,17,1
L1-L2-L3,78,223,202,1
L1-L2-L3,78,224,20,1
L1-L2-L3,78,225,133,1
L1-L2-L3,78,228,193,1
L1-L2-L3,78,229,183,1
L1-L2-L3,78,233,176,1
L1-L2-L3,78,234,154,1
L1-L2-L3,78,235,193,1
L1-L2-L3,78,236,234,1
L1-L2-L3,78,239,19,1
L1-L2-L3,78,242,43,1
L1-L2-L3,78,243,123,1
L1-L2-L3,78,247,75,1
L1-L2-L3,78,249,197,1
L1-L2-L3,78,250,157,1
L1-L2-L3,78,252,73,1
L1-L2-L3,78,253,5,1
L1-L2-L3,78,254,131,1
L1-L2-L3,78,255,123,1
L1-L2-L3,79,3,121,1
L1-L2-L3,79,4,245,1
L1-L2-L3,79,6,179,1
L1-L2-L3,79,7,53,1
L1-L2-L3,79,16,190,1
L1-L2-L3,79,28,65,1
L1-L2-L3,79,31,16,1
L1-L2-L3,79,33,85,1
L1-L2-L3,79,35,2,1
L1-L2-L3,79,36,171,1
L1-L2-L3,79,37,203,1
L1-L2-L3,79,39,53,1
L1-L2-L3,79,44,137,1
L1-L2-L3,79,45,159,1
L1-L2-L3,79,47,92,1
L1-L2-L3,79,50,250,1
L1-L2-L3,79,52,158,1
L1-L2-L3,79,54,99,1
L1-L2-L3,79,56,51,1
L1-L2-L3,79,58,67,1
L1-L2-L3,79,60,58,1
L1-L2-L3,79,67,147,1
L1-L2-L3,79,72,216,1
L1-L2-L3,79,73,226,1
L1-L2-L3,79,80,203,1
L1-L2-L3,79,84,113,1
L1-L2-L3,79,87,140,1
L1-L2-L3,79,92,235,1
L1-L2-L3,79,93,151,1
L1-L2-L3,79,94,172,1
L1-L2-L3,79,96,16,1
L1-L2-L3,79,101,125,1
L1-L2-L3,79,103,158,1
L1-L2-L3,79,109,81,1
L1-L2-L3,79,110,138,1
L1-L2-L3,79,114,63,1
L1-L2-L3,79,115,140,1
L1-L2-L3,79,116,87,1
L1-L2-L3,79,121,27,1
L1-L2-L3,79,122,18,1
L1-L2-L3,79,127,43,1
L1-L2-L3,79,128,202,1
L1-L2-L3,79,132,223,1
L1-L2-L3,79,133,155,1
L1-L2-L3,79,136,210,1
L1-L2-L3,79,140,172,1
L1-L2-L3,79,148,98,1
L1-L2-L3,79,149,29,1
L1-L2-L3,79,152,4,1
L1-L2-L3,79,154,63,1
L1-L2-L3,79,156,195,1
L1-L2-L3,79,158,42,1
L1-L2-L3,79,160,96,1
L1-L2-L3,79,161,146,1
L1-L2-L3,79,165,86,1
L1-L2-L3,79,167,125,1
L1-L2-L3,79,168,53,1
L1-L2-L3,79,169,82,1
L1-L2-L3,79,170,251,1
L1-L2-L3,79,173,253,1
L1-L2-L3,79,180,137,1
L1-L2-L3,79,181,163,1
L1-L2-L3,79,184,65,1
L1-L2-L3,79,185,151,1
L1-L2-L3,79,187,41,1
L1-L2-L3,79,191,162,1
L1-L2-L3,79,195,58,1
L1-L2-L3,79,197,207,1
L1-L2-L3,79,198,227,1
L1-L2-L3,79,199,58,1
L1-L2-L3,79,211,60,1
L1-L2-L3,79,213,180,1
L1-L2-L3,79,214,13,1
L1-L2-L3,79,220,125,1
L1-L2-L3,79,221,63,1
L1-L2-L3,79,224,85,1
L1-L2-L3,79,226,243,1
L1-L2-L3,79,230,154,1
L1-L2-L3,79,235,42,1
L1-L2-L3,79,237,98,1
L1-L2-L3,79,239,147,1
L1-L2-L3,79,240,251,1
L1-L2-L3,79,241,230,1
L1-L2-L3,79,242,47,1
L1-L2-L3,79,243,5,1
L1-L2-L3,79,244,45,1
L1-L2-L3,79,247,190,1
L1-L2-L3,79,248,35,1
L1-L2-L3,79,249,18,1
L1-L2-L3,79,251,254,1
L1-L2-L3,79,254,29,1
L1-L2-L3,80,2,137,1
L1-L2-L3,80,11,203,1
L1-L2-L3,80,14,113,1
L1-L2-L3,80,15,146,1
L1-L2-L3,80,17,118,1
L1-L2-L3,80,21,32,1
L1-L2-L3,80,22,105,1
L1-L2-L3,80,25,243,1
L1-L2-L3,80,28,61,1
L1-L2-L3,80,29,171,1
L1-L2-L3,80,34,192,1
L1-L2-L3,80,35,176,1
L1-L2-L3,80,39,199,1
L1-L2-L3,80,44,47,1
L1-L2-L3,80,45,106,1
L1-L2-L3,80,49,123,1
L1-L2-L3,80,50,46,1
L1-L2-L3,80,51,193,1
L1-L2-L3,80,53,132,1
L1-L2-L3,80,54,225,1
L1-L2-L3,80,55,255,1
L1-L2-L3,80,62,211,1
L1-L2-L3,80,63,113,1
L1-L2-L3,80,64,22,1
L1-L2-L3,80,66,193,1
L1-L2-L3,80,68,225,1
L1-L2-L3,80,72,223,1
L1-L2-L3,80,73,139,1
L1-L2-L3,80,74,36,1
L1-L2-L3,80,77,251,1
L1-L2-L3,80,80,125,1
L1-L2-L3,80,83,34,1
L1-L2-L3,80,84,114,1
L1-L2-L3,80,85,163,1
L1-L2-L3,80,87,164,1
L1-L2-L3,80,92,108,1
L1-L2-L3,80,96,199,1
L1-L2-L3,80,97,183,1
L1-L2-L3,80,98,253,1
L1-L2-L3,80,99,179,1
L1-L2-L3,80,103,25,1
L1-L2-L3,80,107,183,1
L1-L2-L3,80,108,151,1
L1-L2-L3,80,109,138,1
L1-L2-L3,80,110,50,1
L1-L2-L3,80,111,236,1
L1-L2-L3,80,112,19,1
L1-L2-L3,80,113,76,1
L1-L2-L3,80,114,248,1
L1-L2-L3,80,118,157,1
L1-L2-L3,80,119,179,1
L1-L2-L3,80,120,178,1
L1-L2-L3,80,121,2,1
L1-L2-L3,80,124,155,1
L1-L2-L3,80,126,161,1
L1-L2-L3,80,128,145,1
L1-L2-L3,80,130,219,1
L1-L2-L3,80,131,82,1
L1-L2-L3,80,132,80,1
L1-L2-L3,80,136,160,1
L1-L2-L3,80,137,188,1
L1-L2-L3,80,138,228,1
L1-L2-L3,80,139,167,1
L1-L2-L3,80,140,118,1
L1-L2-L3,80,141,52,1
L1-L2-L3,80,144,90,1
L1-L2-L3,80,146,106,1
L1-L2-L3,80,147,71,1
L1-L2-L3,80,148,87,1
L1-L2-L3,80,149,51,1
L1-L2-L3,80,150,161,1
L1-L2-L3,80,151,37,1
L1-L2-L3,80,153,131,1
L1-L2-L3,80,155,41,1
L1-L2-L3,80,156,138,1
L1-L2-L3,80,157,133,1
L1-L2-L3,80,159,241,1
L1-L2-L3,80,161,111,1
L1-L2-L3,80,162,178,1
L1-L2-L3,80,167,252,1
L1-L2-L3,80,169,112,1
L1-L2-L3,80,170,202,1
L1-L2-L3,80,174,66,1
L1-L2-L3,80,178,214,1
L1-L2-L3,80,179,126,1
L1-L2-L3,80,180,102,1
L1-L2-L3,80,182,172,1
L1-L2-L3,80,184,214,1
L1-L2-L3,80,185,197,1
L1-L2-L3,80,186,68,1
L1-L2-L3,80,191,96,1
L1-L2-L3,80,192,19,1
L1-L2-L3,80,193,110,1
L1-L2-L3,80,194,114,1
L1-L2-L3,80,196,180,1
L1-L2-L3,80,197,70,1
L1-L2-L3,80,198,113,1
L1-L2-L3,80,200,133,1
L1-L2-L3,80,204,18,1
L1-L2-L3,80,205,27,1
L1-L2-L3,80,208,74,1
L1-L2-L3,80,215,34,1
L1-L2-L3,80,217,90,1
L1-L2-L3,80,220,51,1
L1-L2-L3,80,222,43,1
L1-L2-L3,80,223,152,1
L1-L2-L3,80,224,52,1
L1-L2-L3,80,227,90,1
L1-L2-L3,80,231,92,1
L1-L2-L3,80,233,209,1
L1-L2-L3,80,234,75,1
L1-L2-L3,80,235,4,1
L1-L2-L3,80,238,222,1
L1-L2-L3,80,239,165,1
L1-L2-L3,80,241,33,1
L1-L2-L3,80,245,167,1
L1-L2-L3,80,246,162,1
L1-L2-L3,80,248,213,1
L1-L2-L3,80,250,198,1
L1-L2-L3,80,251,123,1
L1-L2-L3,80,252,114,1
L1-L2-L3,80,254,192,1
L1-L2-L3,80,255,246,1
L1-L2-L3,81,10,202,1
L1-L2-L3,81,11,82,1
L1-L2-L3,81,24,35,1
L1-L2-L3,81,35,150,1
L1-L2-L3,81,36,72,1
L1-L2-L3,81,40,82,1
L1-L2-L3,81,43,174,1
L1-L2-L3,81,48,150,1
L1-L2-L3,81,49,109,1
L1-L2-L3,81,60,68,1
L1-L2-L3,81,74,102,1
L1-L2-L3,81,78,180,1
L1-L2-L3,81,85,128,1
L1-L2-L3,81,97,58,1
L1-L2-L3,81,100,109,1
L1-L2-L3,81,102,72,1
L1-L2-L3,81,103,94,1
L1-L2-L3,81,108,180,1
L1-L2-L3,81,113,223,1
L1-L2-L3,81,120,109,1
L1-L2-L3,81,127,126,1
L1-L2-L3,81,138,169,1
L1-L2-L3,81,140,73,1
L1-L2-L3,81,144,174,1
L1-L2-L3,81,145,169,1
L1-L2-L3,81,147,53,1
L1-L2-L3,81,149,47,1
L1-L2-L3,81,150,169,1
L1-L2-L3,81,151,187,1
L1-L2-L3,81,162,52,1
L1-L2-L3,81,165,171,1
L1-L2-L3,81,168,84,1
L1-L2-L3,81,177,150,1
L1-L2-L3,81,180,127,1
L1-L2-L3,81,181,184,1
L1-L2-L3,81,183,60,1
L1-L2-L3,81,186,88,1
L1-L2-L3,81,188,174,1
L1-L2-L3,81,198,31,1
L1-L2-L3,81,200,84,1
L1-L2-L3,81,201,31,1
L1-L2-L3,81,208,100,1
L1-L2-L3,81,209,170,1
L1-L2-L3,81,211,46,1
L1-L2-L3,81,212,27,1
L1-L2-L3,81,213,31,1
L1-L2-L3,81,214,213,1
L1-L2-L3,81,216,180,1
L1-L2-L3,81,220,9,1
L1-L2-L3,81,222,160,1
L1-L2-L3,81,229,174,1
L1-L2-L3,81,230,161,1
L1-L2-L3,81,231,70,1
L1-L2-L3,81,233,59,1
L1-L2-L3,81,234,201,1
L1-L2-L3,81,236,218,1
L1-L2-L3,81,241,132,1
L1-L2-L3,81,251,60,1
L1-L2-L3,81,254,174,1
L1-L2-L3,81,255,136,1
L1-L2-L3,82,0,30,1
L1-L2-L3,82,3,249,1
L1-L2-L3,82,9,219,1
L1-L2-L3,82,11,58,1
L1-L2-L3,82,14,150,1
L1-L2-L3,82,17,209,1
L1-L2-L3,82,24,102,1
L1-L2-L3,82,27,67,1
L1-L2-L3,82,29,196,1
L1-L2-L3,82,36,107,1
L1-L2-L3,82,37,57,1
L1-L2-L3,82,39,213,1
L1-L2-L3,82,46,141,1
L1-L2-L3,82,50,221,1
L1-L2-L3,82,52,108,1
L1-L2-L3,82,57,184,1
L1-L2-L3,82,58,206,1
L1-L2-L3,82,59,5,1
L1-L2-L3,82,66,89,1
L1-L2-L3,82,71,98,1
L1-L2-L3,82,77,41,1
L1-L2-L3,82,78,164,1
L1-L2-L3,82,81,167,1
L1-L2-L3,82,90,101,1
L1-L2-L3,82,92,57,1
L1-L2-L3,82,101,124,1
L1-L2-L3,82,102,149,1
L1-L2-L3,82,105,221,1
L1-L2-L3,82,110,42,1
L1-L2-L3,82,115,181,1
L1-L2-L3,82,117,90,1
L1-L2-L3,82,129,196,1
L1-L2-L3,82,132,121,1
L1-L2-L3,82,135,243,1
L1-L2-L3,82,136,51,1
L1-L2-L3,82,141,150,1
L1-L2-L3,82,153,199,1
L1-L2-L3,82,156,152,1
L1-L2-L3,82,157,51,1
L1-L2-L3,82,158,226,1
L1-L2-L3,82,164,16,1
L1-L2-L3,82,167,118,1
L1-L2-L3,82,169,61,1
L1-L2-L3,82,172,242,1
L1-L2-L3,82,173,65,1
L1-L2-L3,82,174,53,1
L1-L2-L3,82,176,166,1
L1-L2-L3,82,179,159,1
L1-L2-L3,82,180,156,1
L1-L2-L3,82,185,102,1
L1-L2-L3,82,188,59,1
L1-L2-L3,82,189,25,1
L1-L2-L3,82,191,68,1
L1-L2-L3,82,197,50,1
L1-L2-L3,82,199,131,1
L1-L2-L3,82,200,235,1
L1-L2-L3,82,203,179,1
L1-L2-L3,82,206,71,1
L1-L2-L3,82,209,248,1
L1-L2-L3,82,210,7,1
L1-L2-L3,82,213,188,1
L1-L2-L3,82,218,70,1
L1-L2-L3,82,222,202,1
L1-L2-L3,82,225,11,1
L1-L2-L3,82,227,130,1
L1-L2-L3,82,230,188,1
L1-L2-L3,82,231,68,1
L1-L2-L3,82,232,238,1
L1-L2-L3,82,233,49,1
L1-L2-L3,82,234,248,1
L1-L2-L3,82,235,46,1
L1-L2-L3,82,237,204,1
L1-L2-L3,82,247,184,1
L1-L2-L3,82,250,67,1
L1-L2-L3,82,252,93,1
L1-L2-L3,82,253,103,1
L1-L2-L3,82,254,94,1
L1-L2-L3,83,7,244,1
L1-L2-L3,83,11,156,1
L1-L2-L3,83,19,89,1
L1-L2-L3,83,21,192,1
L1-L2-L3,83,22,34,1
L1-L2-L3,83,23,239,1
L1-L2-L3,83,28,36,1
L1-L2-L3,83,29,210,1
L1-L2-L3,83,37,147,1
L1-L2-L3,83,42,164,1
L1-L2-L3,83,48,155,1
L1-L2-L3,83,54,21,1
L1-L2-L3,83,59,246,1
L1-L2-L3,83,60,185,1
L1-L2-L3,83,61,220,1
L1-L2-L3,83,63,234,1
L1-L2-L3,83,65,176,1
L1-L2-L3,83,66,203,1
L1-L2-L3,83,67,196,1
L1-L2-L3,83,68,8,1
L1-L2-L3,83,72,9,1
L1-L2-L3,83,75,207,1
L1-L2-L3,83,80,128,1
L1-L2-L3,83,82,5,1
L1-L2-L3,83,83,33,1
L1-L2-L3,83,84,233,1
L1-L2-L3,83,88,105,1
L1-L2-L3,83,90,199,1
L1-L2-L3,83,91,100,1
L1-L2-L3,83,94,178,1
L1-L2-L3,83,98,149,1
L1-L2-L3,83,99,230,1
L1-L2-L3,83,104,127,1
L1-L2-L3,83,105,155,1
L1-L2-L3,83,106,44,1
L1-L2-L3,83,107,108,1
L1-L2-L3,83,108,182,1
L1-L2-L3,83,109,19,1
L1-L2-L3,83,110,212,1
L1-L2-L3,83,113,104,1
L1-L2-L3,83,115,135,1
L1-L2-L3,83,116,110,1
L1-L2-L3,83,118,1,1
L1-L2-L3,83,120,149,1
L1-L2-L3,83,121,229,1
L1-L2-L3,83,122,65,1
L1-L2-L3,83,124,10,1
L1-L2-L3,83,127,143,1
L1-L2-L3,83,128,153,1
L1-L2-L3,83,129,158,1
L1-L2-L3,83,131,240,1
L1-L2-L3,83,133,46,1
L1-L2-L3,83,134,113,1
L1-L2-L3,83,135,52,1
L1-L2-L3,83,136,197,1
L1-L2-L3,83,137,49,1
L1-L2-L3,83,139,136,1
L1-L2-L3,83,141,58,1
L1-L2-L3,83,142,178,1
L1-L2-L3,83,144,253,1
L1-L2-L3,83,147,22,1
L1-L2-L3,83,148,105,1
L1-L2-L3,83,149,0,1
L1-L2-L3,83,150,192,1
L1-L2-L3,83,157,253,1
L1-L2-L3,83,158,22,1
L1-L2-L3,83,160,194,1
L1-L2-L3,83,164,68,1
L1-L2-L3,83,166,246,1
L1-L2-L3,83,167,163,1
L1-L2-L3,83,169,77,1
L1-L2-L3,83,172,181,1
L1-L2-L3,83,175,182,1
L1-L2-L3,83,176,219,1
L1-L2-L3,83,179,38,1
L1-L2-L3,83,180,125,1
L1-L2-L3,83,181,209,1
L1-L2-L3,83,183,103,1
L1-L2-L3,83,186,207,1
L1-L2-L3,83,190,134,1
L1-L2-L3,83,194,162,1
L1-L2-L3,83,195,151,1
L1-L2-L3,83,197,40,1
L1-L2-L3,83,200,109,1
L1-L2-L3,83,203,206,1
L1-L2-L3,83,207,58,1
L1-L2-L3,83,209,253,1
L1-L2-L3,83,212,204,1
L1-L2-L3,83,214,229,1
L1-L2-L3,83,215,59,1
L1-L2-L3,83,218,217,1
L1-L2-L3,83,224,253,1
L1-L2-L3,83,225,203,1
L1-L2-L3,83,229,102,1
L1-L2-L3,83,231,24,1
L1-L2-L3,83,232,200,1
L1-L2-L3,83,233,163,1
L1-L2-L3,83,234,100,1
L1-L2-L3,83,235,166,1
L1-L2-L3,83,237,30,1
L1-L2-L3,83,238,49,1
L1-L2-L3,83,239,79,1
L1-L2-L3,83,241,196,1
L1-L2-L3,83,242,194,1
L1-L2-L3,83,243,103,1
L1-L2-L3,83,244,135,1
L1-L2-L3,83,245,112,1
L1-L2-L3,83,250,139,1
L1-L2-L3,83,251,15,1
L1-L2-L3,83,254,44,1
L1-L2-L3,83,255,81,1
L1-L2-L3,84,10,166,1
L1-L2-L3,84,11,180,1
L1-L2-L3,84,15,158,1
L1-L2-L3,84,16,205,1
L1-L2-L3,84,19,116,1
L1-L2-L3,84,21,239,1
L1-L2-L3,84,22,158,1
L1-L2-L3,84,26,158,1
L1-L2-L3,84,28,154,1
L1-L2-L3,84,29,82,1
L1-L2-L3,84,31,226,1
L1-L2-L3,84,39,38,1
L1-L2-L3,84,41,157,1
L1-L2-L3,84,44,110,1
L1-L2-L3,84,45,42,1
L1-L2-L3,84,47,207,1
L1-L2-L3,84,49,78,1
L1-L2-L3,84,50,66,1
L1-L2-L3,84,59,16,1
L1-L2-L3,84,61,137,1
L1-L2-L3,84,62,219,1
L1-L2-L3,84,67,51,1
L1-L2-L3,84,70,255,1
L1-L2-L3,84,71,205,1
L1-L2-L3,84,77,254,1
L1-L2-L3,84,78,29,1
L1-L2-L3,84,79,207,1
L1-L2-L3,84,82,219,1
L1-L2-L3,84,83,62,1
L1-L2-L3,84,87,185,1
L1-L2-L3,84,94,168,1
L1-L2-L3,84,95,45,1
L1-L2-L3,84,96,235,1
L1-L2-L3,84,97,158,1
L1-L2-L3,84,98,176,1
L1-L2-L3,84,100,0,1
L1-L2-L3,84,101,79,1
L1-L2-L3,84,104,25,1
L1-L2-L3,84,110,46,1
L1-L2-L3,84,113,235,1
L1-L2-L3,84,120,42,1
L1-L2-L3,84,127,211,1
L1-L2-L3,84,134,44,1
L1-L2-L3,84,135,47,1
L1-L2-L3,84,137,205,1
L1-L2-L3,84,139,254,1
L1-L2-L3,84,140,235,1
L1-L2-L3,84,141,65,1
L1-L2-L3,84,148,189,1
L1-L2-L3,84,149,45,1
L1-L2-L3,84,151,162,1
L1-L2-L3,84,153,226,1
L1-L2-L3,84,154,138,1
L1-L2-L3,84,157,67,1
L1-L2-L3,84,159,58,1
L1-L2-L3,84,165,242,1
L1-L2-L3,84,166,17,1
L1-L2-L3,84,169,42,1
L1-L2-L3,84,173,137,1
L1-L2-L3,84,176,116,1
L1-L2-L3,84,178,190,1
L1-L2-L3,84,181,69,1
L1-L2-L3,84,184,42,1
L1-L2-L3,84,193,165,1
L1-L2-L3,84,197,156,1
L1-L2-L3,84,200,128,1
L1-L2-L3,84,201,18,1
L1-L2-L3,84,202,66,1
L1-L2-L3,84,204,95,1
L1-L2-L3,84,206,160,1
L1-L2-L3,84,207,162,1
L1-L2-L3,84,210,234,1
L1-L2-L3,84,215,160,1
L1-L2-L3,84,217,99,1
L1-L2-L3,84,219,24,1
L1-L2-L3,84,224,176,1
L1-L2-L3,84,226,189,1
L1-L2-L3,84,231,137,1
L1-L2-L3,84,235,151,1
L1-L2-L3,84,236,51,1
L1-L2-L3,84,239,86,1
L1-L2-L3,84,240,146,1
L1-L2-L3,84,241,193,1
L1-L2-L3,84,242,121,1
L1-L2-L3,84,243,81,1
L1-L2-L3,84,249,185,1
L1-L2-L3,84,255,10,1
L1-L2-L3,85,2,68,1
L1-L2-L3,85,4,254,1
L1-L2-L3,85,7,37,1
L1-L2-L3,85,8,203,1
L1-L2-L3,85,10,122,1
L1-L2-L3,85,11,162,1
L1-L2-L3,85,12,180,1
L1-L2-L3,85,15,19,1
L1-L2-L3,85,21,107,1
L1-L2-L3,85,23,99,1
L1-L2-L3,85,24,159,1
L1-L2-L3,85,25,139,1
L1-L2-L3,85,31,5,1
L1-L2-L3,85,32,127,1
L1-L2-L3,85,34,67,1
L1-L2-L3,85,35,74,1
L1-L2-L3,85,38,19,1
L1-L2-L3,85,45,132,1
L1-L2-L3,85,51,132,1
L1-L2-L3,85,53,95,1
L1-L2-L3,85,54,94,1
L1-L2-L3,85,56,146,1
L1-L2-L3,85,61,79,1
L1-L2-L3,85,69,106,1
L1-L2-L3,85,74,106,1
L1-L2-L3,85,76,103,1
L1-L2-L3,85,77,130,1
L1-L2-L3,85,81,211,1
L1-L2-L3,85,83,155,1
L1-L2-L3,85,84,141,1
L1-L2-L3,85,86,180,1
L1-L2-L3,85,87,186,1
L1-L2-L3,85,89,247,1
L1-L2-L3,85,90,83,1
L1-L2-L3,85,92,80,1
L1-L2-L3,85,93,39,1
L1-L2-L3,85,95,57,1
L1-L2-L3,85,96,232,1
L1-L2-L3,85,97,62,1
L1-L2-L3,85,99,254,1
L1-L2-L3,85,109,222,1
L1-L2-L3,85,110,65,1
L1-L2-L3,85,113,254,1
L1-L2-L3,85,114,79,1
L1-L2-L3,85,115,200,1
L1-L2-L3,85,119,225,1
L1-L2-L3,85,120,80,1
L1-L2-L3,85,125,109,1
L1-L2-L3,85,128,245,1
L1-L2-L3,85,129,140,1
L1-L2-L3,85,132,251,1
L1-L2-L3,85,133,56,1
L1-L2-L3,85,134,13,1
L1-L2-L3,85,135,133,1
L1-L2-L3,85,141,15,1
L1-L2-L3,85,145,186,1
L1-L2-L3,85,150,207,1
L1-L2-L3,85,151,79,1
L1-L2-L3,85,152,59,1
L1-L2-L3,85,156,122,1
L1-L2-L3,85,158,117,1
L1-L2-L3,85,159,143,1
L1-L2-L3,85,161,94,1
L1-L2-L3,85,162,58,1
L1-L2-L3,85,165,89,1
L1-L2-L3,85,168,179,1
L1-L2-L3,85,172,25,1
L1-L2-L3,85,173,23,1
L1-L2-L3,85,174,232,1
L1-L2-L3,85,177,108,1
L1-L2-L3,85,181,200,1
L1-L2-L3,85,182,79,1
L1-L2-L3,85,184,113,1
L1-L2-L3,85,186,183,1
L1-L2-L3,85,188,211,1
L1-L2-L3,85,189,138,1
L1-L2-L3,85,191,82,1
L1-L2-L3,85,193,12,1
L1-L2-L3,85,194,15,1
L1-L2-L3,85,195,235,1
L1-L2-L3,85,200,199,1
L1-L2-L3,85,201,174,1
L1-L2-L3,85,202,216,1
L1-L2-L3,85,204,31,1
L1-L2-L3,85,205,53,1
L1-L2-L3,85,209,220,1
L1-L2-L3,85,214,182,1
L1-L2-L3,85,216,45,1
L1-L2-L3,85,218,63,1
L1-L2-L3,85,219,93,1
L1-L2-L3,85,220,102,1
L1-L2-L3,85,223,111,1
L1-L2-L3,85,224,97,1
L1-L2-L3,85,225,114,1
L1-L2-L3,85,226,45,1
L1-L2-L3,85,227,253,1
L1-L2-L3,85,230,95,1
L1-L2-L3,85,232,229,1
L1-L2-L3,85,233,42,1
L1-L2-L3,85,235,212,1
L1-L2-L3,85,236,80,1
L1-L2-L3,85,239,229,1
L1-L2-L3,85,245,70,1
L1-L2-L3,85,246,192,1
L1-L2-L3,85,250,99,1
L1-L2-L3,85,251,168,1
L1-L2-L3,85,252,148,1
L1-L2-L3,85,254,183,1
L1-L2-L3,86,0,18,1
L1-L2-L3,86,1,26,1
L1-L2-L3,86,4,180,1
L1-L2-L3,86,7,174,1
L1-L2-L3,86,18,5,1
L1-L2-L3,86,23,27,1
L1-L2-L3,86,30,4,1
L1-L2-L3,86,34,35,1
L1-L2-L3,86,36,180,1
L1-L2-L3,86,37,211,1
L1-L2-L3,86,38,113,1
L1-L2-L3,86,42,82,1
L1-L2-L3,86,44,147,1
L1-L2-L3,86,46,122,1
L1-L2-L3,86,54,4,1
L1-L2-L3,86,60,109,1
L1-L2-L3,86,65,115,1
L1-L2-L3,86,68,122,1
L1-L2-L3,86,75,194,1
L1-L2-L3,86,76,54,1
L1-L2-L3,86,82,235,1
L1-L2-L3,86,88,140,1
L1-L2-L3,86,90,65,1
L1-L2-L3,86,91,56,1
L1-L2-L3,86,94,180,1
L1-L2-L3,86,103,93,1
L1-L2-L3,86,107,125,1
L1-L2-L3,86,115,180,1
L1-L2-L3,86,134,189,1
L1-L2-L3,86,139,82,1
L1-L2-L3,86,143,50,1
L1-L2-L3,86,145,136,1
L1-L2-L3,86,152,147,1
L1-L2-L3,86,153,35,1
L1-L2-L3,86,156,189,1
L1-L2-L3,86,160,239,1
L1-L2-L3,86,161,23,1
L1-L2-L3,86,164,245,1
L1-L2-L3,86,169,138,1
L1-L2-L3,86,174,190,1
L1-L2-L3,86,180,132,1
L1-L2-L3,86,181,4,1
L1-L2-L3,86,183,180,1
L1-L2-L3,86,187,140,1
L1-L2-L3,86,190,167,1
L1-L2-L3,86,191,69,1
L1-L2-L3,86,192,82,1
L1-L2-L3,86,194,226,1
L1-L2-L3,86,200,80,1
L1-L2-L3,86,218,226,1
L1-L2-L3,86,220,188,1
L1-L2-L3,86,221,132,1
L1-L2-L3,86,223,57,1
L1-L2-L3,86,225,254,1
L1-L2-L3,86,226,225,1
L1-L2-L3,86,228,138,1
L1-L2-L3,86,229,207,1
L1-L2-L3,86,233,180,1
L1-L2-L3,86,241,190,1
L1-L2-L3,86,242,64,1
L1-L2-L3,86,244,50,1
L1-L2-L3,86,245,180,1
L1-L2-L3,86,248,16,1
L1-L2-L3,86,250,107,1
L1-L2-L3,86,251,95,1
L1-L2-L3,86,252,174,1
L1-L2-L3,87,4,199,1
L1-L2-L3,87,12,149,1
L1-L2-L3,87,25,6,1
L1-L2-L3,87,26,14,1
L1-L2-L3,87,27,86,1
L1-L2-L3,87,28,14,1
L1-L2-L3,87,29,135,1
L1-L2-L3,87,33,32,1
L1-L2-L3,87,34,253,1
L1-L2-L3,87,35,10,1
L1-L2-L3,87,36,55,1
L1-L2-L3,87,39,137,1
L1-L2-L3,87,43,86,1
L1-L2-L3,87,44,62,1
L1-L2-L3,87,51,143,1
L1-L2-L3,87,53,36,1
L1-L2-L3,87,55,216,1
L1-L2-L3,87,56,177,1
L1-L2-L3,87,57,250,1
L1-L2-L3,87,58,53,1
L1-L2-L3,87,64,238,1
L1-L2-L3,87,69,19,1
L1-L2-L3,87,70,61,1
L1-L2-L3,87,72,30,1
L1-L2-L3,87,78,137,1
L1-L2-L3,87,79,22,1
L1-L2-L3,87,80,198,1
L1-L2-L3,87,81,240,1
L1-L2-L3,87,82,138,1
L1-L2-L3,87,87,247,1
L1-L2-L3,87,90,108,1
L1-L2-L3,87,92,117,1
L1-L2-L3,87,95,41,1
L1-L2-L3,87,96,208,1
L1-L2-L3,87,97,137,1
L1-L2-L3,87,101,196,1
L1-L2-L3,87,103,2,1
L1-L2-L3,87,107,227,1
L1-L2-L3,87,109,50,1
L1-L2-L3,87,111,171,1
L1-L2-L3,87,113,40,1
L1-L2-L3,87,114,183,1
L1-L2-L3,87,115,74,1
L1-L2-L3,87,121,129,1
L1-L2-L3,87,122,167,1
L1-L2-L3,87,123,62,1
L1-L2-L3,87,125,253,1
L1-L2-L3,87,130,97,1
L1-L2-L3,87,131,224,1
L1-L2-L3,87,134,18,1
L1-L2-L3,87,137,52,1
L1-L2-L3,87,139,118,1
L1-L2-L3,87,140,208,1
L1-L2-L3,87,141,222,1
L1-L2-L3,87,142,15,1
L1-L2-L3,87,147,112,1
L1-L2-L3,87,149,220,1
L1-L2-L3,87,150,168,1
L1-L2-L3,87,152,100,1
L1-L2-L3,87,155,141,1
L1-L2-L3,87,157,226,1
L1-L2-L3,87,159,96,1
L1-L2-L3,87,160,22,1
L1-L2-L3,87,165,36,1
L1-L2-L3,87,168,163,1
L1-L2-L3,87,172,155,1
L1-L2-L3,87,174,172,1
L1-L2-L3,87,179,76,1
L1-L2-L3,87,180,25,1
L1-L2-L3,87,181,51,1
L1-L2-L3,87,184,145,1
L1-L2-L3,87,185,198,1
L1-L2-L3,87,186,108,1
L1-L2-L3,87,187,68,1
L1-L2-L3,87,188,75,1
L1-L2-L3,87,191,240,1
L1-L2-L3,87,193,67,1
L1-L2-L3,87,194,202,1
L1-L2-L3,87,195,176,1
L1-L2-L3,87,196,217,1
L1-L2-L3,87,197,99,1
L1-L2-L3,87,199,147,1
L1-L2-L3,87,203,103,1
L1-L2-L3,87,206,117,1
L1-L2-L3,87,210,22,1
L1-L2-L3,87,212,104,1
L1-L2-L3,87,213,42,1
L1-L2-L3,87,214,100,1
L1-L2-L3,87,215,178,1
L1-L2-L3,87,217,47,1
L1-L2-L3,87,219,193,1
L1-L2-L3,87,220,194,1
L1-L2-L3,87,222,125,1
L1-L2-L3,87,223,118,1
L1-L2-L3,87,224,89,1
L1-L2-L3,87,226,35,1
L1-L2-L3,87,229,232,1
L1-L2-L3,87,230,76,1
L1-L2-L3,87,234,194,1
L1-L2-L3,87,236,114,1
L1-L2-L3,87,239,102,1
L1-L2-L3,87,241,86,1
L1-L2-L3,87,242,167,1
L1-L2-L3,87,243,153,1
L1-L2-L3,87,244,175,1
L1-L2-L3,87,245,26,1
L1-L2-L3,87,247,217,1
L1-L2-L3,87,248,233,1
L1-L2-L3,87,249,45,1
L1-L2-L3,87,251,70,1
L1-L2-L3,87,252,66,1
L1-L2-L3,88,3,50,1
L1-L2-L3,88,4,1,1
L1-L2-L3,88,9,72,1
L1-L2-L3,88,11,4,1
L1-L2-L3,88,13,18,1
L1-L2-L3,88,19,108,1
L1-L2-L3,88,22,98,1
L1-L2-L3,88,24,34,1
L1-L2-L3,88,27,27,1
L1-L2-L3,88,32,95,1
L1-L2-L3,88,39,172,1
L1-L2-L3,88,41,72,1
L1-L2-L3,88,43,219,1
L1-L2-L3,88,45,240,1
L1-L2-L3,88,47,98,1
L1-L2-L3,88,50,54,1
L1-L2-L3,88,61,61,1
L1-L2-L3,88,67,66,1
L1-L2-L3,88,68,183,1
L1-L2-L3,88,73,42,1
L1-L2-L3,88,78,131,1
L1-L2-L3,88,80,82,1
L1-L2-L3,88,82,65,1
L1-L2-L3,88,88,87,1
L1-L2-L3,88,94,96,1
L1-L2-L3,88,98,3,1
L1-L2-L3,88,100,65,1
L1-L2-L3,88,105,235,1
L1-L2-L3,88,111,86,1
L1-L2-L3,88,114,45,1
L1-L2-L3,88,115,23,1
L1-L2-L3,88,118,70,1
L1-L2-L3,88,119,57,1
L1-L2-L3,88,125,189,1
L1-L2-L3,88,126,90,1
L1-L2-L3,88,129,21,1
L1-L2-L3,88,130,12,1
L1-L2-L3,88,134,122,1
L1-L2-L3,88,135,226,1
L1-L2-L3,88,140,141,1
L1-L2-L3,88,146,27,1
L1-L2-L3,88,147,96,1
L1-L2-L3,88,152,213,1
L1-L2-L3,88,155,198,1
L1-L2-L3,88,156,216,1
L1-L2-L3,88,169,161,1
L1-L2-L3,88,172,12,1
L1-L2-L3,88,177,39,1
L1-L2-L3,88,180,118,1
L1-L2-L3,88,181,148,1
L1-L2-L3,88,182,80,1
L1-L2-L3,88,185,27,1
L1-L2-L3,88,186,80,1
L1-L2-L3,88,188,198,1
L1-L2-L3,88,193,204,1
L1-L2-L3,88,194,142,1
L1-L2-L3,88,202,42,1
L1-L2-L3,88,206,199,1
L1-L2-L3,88,207,233,1
L1-L2-L3,88,210,46,1
L1-L2-L3,88,211,218,1
L1-L2-L3,88,215,27,1
L1-L2-L3,88,219,124,1
L1-L2-L3,88,222,228,1
L1-L2-L3,88,224,175,1
L1-L2-L3,88,226,147,1
L1-L2-L3,88,229,62,1
L1-L2-L3,88,230,142,1
L1-L2-L3,88,234,68,1
L1-L2-L3,88,235,111,1
L1-L2-L3,88,236,24,1
L1-L2-L3,88,238,193,1
L1-L2-L3,88,242,230,1
L1-L2-L3,88,243,204,1
L1-L2-L3,88,246,84,1
L1-L2-L3,88,248,84,1
L1-L2-L3,88,249,181,1
L1-L2-L3,88,253,39,1
L1-L2-L3,88,254,122,1
L1-L2-L3,88,255,45,1
L1-L2-L3,89,4,102,1
L1-L2-L3,89,5,59,1
L1-L2-L3,89,11,12,1
L1-L2-L3,89,14,170,1
L1-L2-L3,89,17,117,1
L1-L2-L3,89,19,178,1
L1-L2-L3,89,24,150,1
L1-L2-L3,89,29,102,1
L1-L2-L3,89,31,82,1
L1-L2-L3,89,37,65,1
L1-L2-L3,89,41,242,1
L1-L2-L3,89,42,207,1
L1-L2-L3,89,44,69,1
L1-L2-L3,89,46,65,1
L1-L2-L3,89,54,68,1
L1-L2-L3,89,56,234,1
L1-L2-L3,89,63,65,1
L1-L2-L3,89,66,239,1
L1-L2-L3,89,69,54,1
L1-L2-L3,89,75,246,1
L1-L2-L3,89,76,181,1
L1-L2-L3,89,79,173,1
L1-L2-L3,89,88,22,1
L1-L2-L3,89,90,98,1
L1-L2-L3,89,99,219,1
L1-L2-L3,89,100,81,1
L1-L2-L3,89,104,226,1
L1-L2-L3,89,119,66,1
L1-L2-L3,89,125,38,1
L1-L2-L3,89,127,71,1
L1-L2-L3,89,128,249,1
L1-L2-L3,89,129,202,1
L1-L2-L3,89,130,51,1
L1-L2-L3,89,131,80,1
L1-L2-L3,89,132,189,1
L1-L2-L3,89,137,139,1
L1-L2-L3,89,138,111,1
L1-L2-L3,89,142,254,1
L1-L2-L3,89,145,68,1
L1-L2-L3,89,147,142,1
L1-L2-L3,89,154,139,1
L1-L2-L3,89,155,120,1
L1-L2-L3,89,161,77,1
L1-L2-L3,89,162,75,1
L1-L2-L3,89,165,37,1
L1-L2-L3,89,167,129,1
L1-L2-L3,89,168,221,1
L1-L2-L3,89,170,195,1
L1-L2-L3,89,171,120,1
L1-L2-L3,89,172,81,1
L1-L2-L3,89,174,20,1
L1-L2-L3,89,177,91,1
L1-L2-L3,89,178,90,1
L1-L2-L3,89,179,42,1
L1-L2-L3,89,182,84,1
L1-L2-L3,89,191,120,1
L1-L2-L3,89,193,33,1
L1-L2-L3,89,194,229,1
L1-L2-L3,89,195,59,1
L1-L2-L3,89,202,218,1
L1-L2-L3,89,207,118,1
L1-L2-L3,89,221,80,1
L1-L2-L3,89,222,16,1
L1-L2-L3,89,223,94,1
L1-L2-L3,89,224,188,1
L1-L2-L3,89,225,178,1
L1-L2-L3,89,227,247,1
L1-L2-L3,89,229,140,1
L1-L2-L3,89,230,16,1
L1-L2-L3,89,231,244,1
L1-L2-L3,89,233,170,1
L1-L2-L3,89,236,247,1
L1-L2-L3,89,238,1,1
L1-L2-L3,89,242,231,1
L1-L2-L3,89,247,122,1
L1-L2-L3,89,248,12,1
L1-L2-L3,89,249,122,1
L1-L2-L3,89,250,58,1
L1-L2-L3,89,251,98,1
L1-L2-L3,89,254,55,1
L1-L2-L3,90,5,228,1
L1-L2-L3,90,8,229,1
L1-L2-L3,90,9,215,1
L1-L2-L3,90,13,237,1
L1-L2-L3,90,19,224,1
L1-L2-L3,90,25,99,1
L1-L2-L3,90,28,26,1
L1-L2-L3,90,30,19,1
L1-L2-L3,90,32,236,1
L1-L2-L3,90,37,61,1
L1-L2-L3,90,38,232,1
L1-L2-L3,90,41,61,1
L1-L2-L3,90,42,216,1
L1-L2-L3,90,44,27,1
L1-L2-L3,90,48,208,1
L1-L2-L3,90,50,234,1
L1-L2-L3,90,54,238,1
L1-L2-L3,90,56,133,1
L1-L2-L3,90,61,10,1
L1-L2-L3,90,66,88,1
L1-L2-L3,90,67,178,1
L1-L2-L3,90,70,60,1
L1-L2-L3,90,72,156,1
L1-L2-L3,90,75,223,1
L1-L2-L3,90,76,100,1
L1-L2-L3,90,80,41,1
L1-L2-L3,90,81,153,1
L1-L2-L3,90,83,47,1
L1-L2-L3,90,86,32,1
L1-L2-L3,90,89,61,1
L1-L2-L3,90,91,121,1
L1-L2-L3,90,96,209,1
L1-L2-L3,90,97,221,1
L1-L2-L3,90,99,116,1
L1-L2-L3,90,103,181,1
L1-L2-L3,90,109,194,1
L1-L2-L3,90,112,146,1
L1-L2-L3,90,114,100,1
L1-L2-L3,90,116,155,1
L1-L2-L3,90,117,176,1
L1-L2-L3,90,118,10,1
L1-L2-L3,90,119,94,1
L1-L2-L3,90,121,234,1
L1-L2-L3,90,122,22,1
L1-L2-L3,90,124,190,1
L1-L2-L3,90,125,187,1
L1-L2-L3,90,129,243,1
L1-L2-L3,90,133,10,1
L1-L2-L3,90,134,76,1
L1-L2-L3,90,137,26,1
L1-L2-L3,90,141,93,1
L1-L2-L3,90,142,130,1
L1-L2-L3,90,149,78,1
L1-L2-L3,90,150,181,1
L1-L2-L3,90,151,150,1
L1-L2-L3,90,152,191,1
L1-L2-L3,90,154,80,1
L1-L2-L3,90,156,238,1
L1-L2-L3,90,157,234,1
L1-L2-L3,90,158,234,1
L1-L2-L3,90,159,234,1
L1-L2-L3,90,165,60,1
L1-L2-L3,90,166,100,1
L1-L2-L3,90,167,149,1
L1-L2-L3,90,170,130,1
L1-L2-L3,90,172,19,1
L1-L2-L3,90,175,115,1
L1-L2-L3,90,176,247,1
L1-L2-L3,90,177,178,1
L1-L2-L3,90,178,102,1
L1-L2-L3,90,183,179,1
L1-L2-L3,90,186,15,1
L1-L2-L3,90,188,237,1
L1-L2-L3,90,201,184,1
L1-L2-L3,90,202,228,1
L1-L2-L3,90,203,187,1
L1-L2-L3,90,206,68,1
L1-L2-L3,90,209,41,1
L1-L2-L3,90,211,22,1
L1-L2-L3,90,216,20,1
L1-L2-L3,90,217,50,1
L1-L2-L3,90,218,150,1
L1-L2-L3,90,219,167,1
L1-L2-L3,90,220,157,1
L1-L2-L3,90,221,151,1
L1-L2-L3,90,222,246,1
L1-L2-L3,90,223,213,1
L1-L2-L3,90,226,171,1
L1-L2-L3,90,228,252,1
L1-L2-L3,90,230,36,1
L1-L2-L3,90,231,173,1
L1-L2-L3,90,233,191,1
L1-L2-L3,90,238,181,1
L1-L2-L3,90,240,25,1
L1-L2-L3,90,243,88,1
L1-L2-L3,90,245,74,1
L1-L2-L3,90,247,186,1
L1-L2-L3,90,248,88,1
L1-L2-L3,90,249,218,1
L1-L2-L3,90,250,181,1
L1-L2-L3,90,251,101,1
L1-L2-L3,91,2,198,1
L1-L2-L3,91,3,41,1
L1-L2-L3,91,10,63,1
L1-L2-L3,91,11,157,1
L1-L2-L3,91,15,162,1
L1-L2-L3,91,22,8,1
L1-L2-L3,91,27,5,1
L1-L2-L3,91,29,165,1
L1-L2-L3,91,31,140,1
L1-L2-L3,91,32,48,1
L1-L2-L3,91,35,117,1
L1-L2-L3,91,41,95,1
L1-L2-L3,91,44,119,1
L1-L2-L3,91,46,97,1
L1-L2-L3,91,48,165,1
L1-L2-L3,91,49,110,1
L1-L2-L3,91,53,38,1
L1-L2-L3,91,54,11,1
L1-L2-L3,91,55,210,1
L1-L2-L3,91,60,3,1
L1-L2-L3,91,62,96,1
L1-L2-L3,91,63,235,1
L1-L2-L3,91,64,84,1
L1-L2-L3,91,65,80,1
L1-L2-L3,91,73,74,1
L1-L2-L3,91,78,68,1
L1-L2-L3,91,81,172,1
L1-L2-L3,91,83,196,1
L1-L2-L3,91,89,156,1
L1-L2-L3,91,97,57,1
L1-L2-L3,91,103,133,1
L1-L2-L3,91,104,144,1
L1-L2-L3,91,106,176,1
L1-L2-L3,91,107,18,1
L1-L2-L3,91,110,251,1
L1-L2-L3,91,115,177,1
L1-L2-L3,91,122,216,1
L1-L2-L3,91,128,140,1
L1-L2-L3,91,130,94,1
L1-L2-L3,91,133,43,1
L1-L2-L3,91,135,144,1
L1-L2-L3,91,136,31,1
L1-L2-L3,91,139,186,1
L1-L2-L3,91,141,39,1
L1-L2-L3,91,142,145,1
L1-L2-L3,91,150,171,1
L1-L2-L3,91,154,178,1
L1-L2-L3,91,161,242,1
L1-L2-L3,91,162,198,1
L1-L2-L3,91,169,84,1
L1-L2-L3,91,171,158,1
L1-L2-L3,91,172,57,1
L1-L2-L3,91,174,159,1
L1-L2-L3,91,176,140,1
L1-L2-L3,91,177,92,1
L1-L2-L3,91,182,103,1
L1-L2-L3,91,184,34,1
L1-L2-L3,91,186,55,1
L1-L2-L3,91,187,116,1
L1-L2-L3,91,193,155,1
L1-L2-L3,91,194,172,1
L1-L2-L3,91,195,29,1
L1-L2-L3,91,197,132,1
L1-L2-L3,91,198,96,1
L1-L2-L3,91,200,64,1
L1-L2-L3,91,202,71,1
L1-L2-L3,91,205,220,1
L1-L2-L3,91,213,21,1
L1-L2-L3,91,217,48,1
L1-L2-L3,91,219,242,1
L1-L2-L3,91,222,64,1
L1-L2-L3,91,225,64,1
L1-L2-L3,91,229,186,1
L1-L2-L3,91,230,136,1
L1-L2-L3,91,231,158,1
L1-L2-L3,91,232,101,1
L1-L2-L3,91,236,5,1
L1-L2-L3,91,239,196,1
L1-L2-L3,91,241,159,1
L1-L2-L3,91,244,57,1
L1-L2-L3,91,246,182,1
L1-L2-L3,91,249,110,1
L1-L2-L3,91,252,118,1
L1-L2-L3,91,253,110,1
L1-L2-L3,91,254,114,1
L1-L2-L3,92,3,173,1
L1-L2-L3,92,5,193,1
L1-L2-L3,92,13,0,1
L1-L2-L3,92,20,163,1
L1-L2-L3,92,23,201,1
L1-L2-L3,92,24,122,1
L1-L2-L3,92,30,38,1
L1-L2-L3,92,33,121,1
L1-L2-L3,92,34,49,1
L1-L2-L3,92,36,58,1
L1-L2-L3,92,37,62,1
L1-L2-L3,92,40,202,1
L1-L2-L3,92,42,201,1
L1-L2-L3,92,44,140,1
L1-L2-L3,92,45,22,1
L1-L2-L3,92,46,128,1
L1-L2-L3,92,47,101,1
L1-L2-L3,92,49,224,1
L1-L2-L3,92,53,79,1
L1-L2-L3,92,58,180,1
L1-L2-L3,92,59,207,1
L1-L2-L3,92,65,214,1
L1-L2-L3,92,66,12,1
L1-L2-L3,92,67,81,1
L1-L2-L3,92,69,56,1
L1-L2-L3,92,70,72,1
L1-L2-L3,92,73,150,1
L1-L2-L3,92,74,132,1
L1-L2-L3,92,81,117,1
L1-L2-L3,92,84,203,1
L1-L2-L3,92,86,92,1
L1-L2-L3,92,87,173,1
L1-L2-L3,92,91,6,1
L1-L2-L3,92,97,133,1
L1-L2-L3,92,98,203,1
L1-L2-L3,92,100,100,1
L1-L2-L3,92,104,112,1
L1-L2-L3,92,113,115,1
L1-L2-L3,92,118,229,1
L1-L2-L3,92,123,80,1
L1-L2-L3,92,128,195,1
L1-L2-L3,92,130,105,1
L1-L2-L3,92,136,227,1
L1-L2-L3,92,144,111,1
L1-L2-L3,92,146,81,1
L1-L2-L3,92,151,234,1
L1-L2-L3,92,155,237,1
L1-L2-L3,92,156,156,1
L1-L2-L3,92,162,62,1
L1-L2-L3,92,166,186,1
L1-L2-L3,92,173,224,1
L1-L2-L3,92,179,141,1
L1-L2-L3,92,180,212,1
L1-L2-L3,92,187,202,1
L1-L2-L3,92,191,38,1
L1-L2-L3,92,192,169,1
L1-L2-L3,92,197,23,1
L1-L2-L3,92,198,69,1
L1-L2-L3,92,201,191,1
L1-L2-L3,92,203,234,1
L1-L2-L3,92,210,116,1
L1-L2-L3,92,214,29,1
L1-L2-L3,92,215,169,1
L1-L2-L3,92,216,153,1
L1-L2-L3,92,219,197,1
L1-L2-L3,92,220,6,1
L1-L2-L3,92,225,219,1
L1-L2-L3,92,226,241,1
L1-L2-L3,92,230,66,1
L1-L2-L3,92,234,191,1
L1-L2-L3,92,235,178,1
L1-L2-L3,92,236,222,1
L1-L2-L3,92,238,58,1
L1-L2-L3,92,239,191,1
L1-L2-L3,92,241,149,1
L1-L2-L3,92,245,147,1
L1-L2-L3,92,248,128,1
L1-L2-L3,92,250,105,1
L1-L2-L3,92,252,104,1
L1-L2-L3,92,253,38,1
L1-L2-L3,93,2,121,1
L1-L2-L3,93,3,160,1
L1-L2-L3,93,5,35,1
L1-L2-L3,93,7,219,1
L1-L2-L3,93,9,200,1
L1-L2-L3,93,11,243,1
L1-L2-L3,93,18,11,1
L1-L2-L3,93,20,7,1
L1-L2-L3,93,21,141,1
L1-L2-L3,93,23,142,1
L1-L2-L3,93,25,140,1
L1-L2-L3,93,26,143,1
L1-L2-L3,93,27,91,1
L1-L2-L3,93,28,88,1
L1-L2-L3,93,29,72,1
L1-L2-L3,93,37,80,1
L1-L2-L3,93,42,245,1
L1-L2-L3,93,46,191,1
L1-L2-L3,93,47,15,1
L1-L2-L3,93,48,134,1
L1-L2-L3,93,55,100,1
L1-L2-L3,93,56,185,1
L1-L2-L3,93,58,154,1
L1-L2-L3,93,61,23,1
L1-L2-L3,93,63,68,1
L1-L2-L3,93,64,83,1
L1-L2-L3,93,65,150,1
L1-L2-L3,93,66,172,1
L1-L2-L3,93,67,173,1
L1-L2-L3,93,71,107,1
L1-L2-L3,93,79,140,1
L1-L2-L3,93,80,13,1
L1-L2-L3,93,81,95,1
L1-L2-L3,93,82,126,1
L1-L2-L3,93,83,215,1
L1-L2-L3,93,85,140,1
L1-L2-L3,93,87,91,1
L1-L2-L3,93,92,30,1
L1-L2-L3,93,93,161,1
L1-L2-L3,93,95,206,1
L1-L2-L3,93,96,80,1
L1-L2-L3,93,97,82,1
L1-L2-L3,93,98,150,1
L1-L2-L3,93,99,177,1
L1-L2-L3,93,100,73,1
L1-L2-L3,93,101,54,1
L1-L2-L3,93,103,65,1
L1-L2-L3,93,104,161,1
L1-L2-L3,93,109,242,1
L1-L2-L3,93,114,213,1
L1-L2-L3,93,115,189,1
L1-L2-L3,93,116,46,1
L1-L2-L3,93,117,249,1
L1-L2-L3,93,119,86,1
L1-L2-L3,93,122,161,1
L1-L2-L3,93,123,218,1
L1-L2-L3,93,128,93,1
L1-L2-L3,93,133,37,1
L1-L2-L3,93,134,95,1
L1-L2-L3,93,136,13,1
L1-L2-L3,93,140,246,1
L1-L2-L3,93,141,213,1
L1-L2-L3,93,143,241,1
L1-L2-L3,93,147,163,1
L1-L2-L3,93,149,1,1
L1-L2-L3,93,150,126,1
L1-L2-L3,93,152,242,1
L1-L2-L3,93,156,54,1
L1-L2-L3,93,157,72,1
L1-L2-L3,93,158,48,1
L1-L2-L3,93,159,229,1
L1-L2-L3,93,165,223,1
L1-L2-L3,93,173,12,1
L1-L2-L3,93,174,244,1
L1-L2-L3,93,177,170,1
L1-L2-L3,93,178,123,1
L1-L2-L3,93,180,101,1
L1-L2-L3,93,183,70,1
L1-L2-L3,93,184,47,1
L1-L2-L3,93,186,174,1
L1-L2-L3,93,191,127,1
L1-L2-L3,93,192,219,1
L1-L2-L3,93,194,127,1
L1-L2-L3,93,195,101,1
L1-L2-L3,93,197,83,1
L1-L2-L3,93,205,219,1
L1-L2-L3,93,207,244,1
L1-L2-L3,93,208,228,1
L1-L2-L3,93,209,141,1
L1-L2-L3,93,217,39,1
L1-L2-L3,93,218,141,1
L1-L2-L3,93,219,251,1
L1-L2-L3,93,222,124,1
L1-L2-L3,93,226,249,1
L1-L2-L3,93,227,193,1
L1-L2-L3,93,232,107,1
L1-L2-L3,93,234,11,1
L1-L2-L3,93,235,79,1
L1-L2-L3,93,236,129,1
L1-L2-L3,93,244,157,1
L1-L2-L3,93,245,55,1
L1-L2-L3,93,249,203,1
L1-L2-L3,93,251,93,1
L1-L2-L3,93,253,201,1
L1-L2-L3,93,254,204,1
L1-L2-L3,94,3,104,1
L1-L2-L3,94,4,110,1
L1-L2-L3,94,9,29,1
L1-L2-L3,94,11,55,1
L1-L2-L3,94,13,117,1
L1-L2-L3,94,15,62,1
L1-L2-L3,94,17,231,1
L1-L2-L3,94,25,34,1
L1-L2-L3,94,26,214,1
L1-L2-L3,94,27,44,1
L1-L2-L3,94,31,194,1
L1-L2-L3,94,33,202,1
L1-L2-L3,94,34,139,1
L1-L2-L3,94,36,192,1
L1-L2-L3,94,38,193,1
L1-L2-L3,94,39,195,1
L1-L2-L3,94,42,155,1
L1-L2-L3,94,44,70,1
L1-L2-L3,94,51,222,1
L1-L2-L3,94,52,236,1
L1-L2-L3,94,53,29,1
L1-L2-L3,94,58,198,1
L1-L2-L3,94,60,211,1
L1-L2-L3,94,61,120,1
L1-L2-L3,94,62,105,1
L1-L2-L3,94,63,149,1
L1-L2-L3,94,67,217,1
L1-L2-L3,94,69,137,1
L1-L2-L3,94,70,220,1
L1-L2-L3,94,72,14,1
L1-L2-L3,94,75,227,1
L1-L2-L3,94,76,190,1
L1-L2-L3,94,79,244,1
L1-L2-L3,94,87,51,1
L1-L2-L3,94,91,234,1
L1-L2-L3,94,94,137,1
L1-L2-L3,94,96,138,1
L1-L2-L3,94,97,236,1
L1-L2-L3,94,99,202,1
L1-L2-L3,94,101,24,1
L1-L2-L3,94,103,222,1
L1-L2-L3,94,112,143,1
L1-L2-L3,94,113,240,1
L1-L2-L3,94,115,129,1
L1-L2-L3,94,117,144,1
L1-L2-L3,94,118,116,1
L1-L2-L3,94,119,24,1
L1-L2-L3,94,120,152,1
L1-L2-L3,94,121,205,1
L1-L2-L3,94,122,35,1
L1-L2-L3,94,123,227,1
L1-L2-L3,94,125,96,1
L1-L2-L3,94,126,198,1
L1-L2-L3,94,129,194,1
L1-L2-L3,94,133,51,1
L1-L2-L3,94,135,71,1
L1-L2-L3,94,137,10,1
L1-L2-L3,94,140,113,1
L1-L2-L3,94,142,252,1
L1-L2-L3,94,143,176,1
L1-L2-L3,94,144,216,1
L1-L2-L3,94,145,137,1
L1-L2-L3,94,146,252,1
L1-L2-L3,94,150,194,1
L1-L2-L3,94,151,211,1
L1-L2-L3,94,153,2,1
L1-L2-L3,94,154,149,1
L1-L2-L3,94,155,25,1
L1-L2-L3,94,159,40,1
L1-L2-L3,94,160,117,1
L1-L2-L3,94,161,245,1
L1-L2-L3,94,166,16,1
L1-L2-L3,94,169,137,1
L1-L2-L3,94,170,65,1
L1-L2-L3,94,172,215,1
L1-L2-L3,94,173,234,1
L1-L2-L3,94,174,107,1
L1-L2-L3,94,175,227,1
L1-L2-L3,94,176,75,1
L1-L2-L3,94,178,16,1
L1-L2-L3,94,180,217,1
L1-L2-L3,94,181,244,1
L1-L2-L3,94,182,63,1
L1-L2-L3,94,184,155,1
L1-L2-L3,94,186,228,1
L1-L2-L3,94,188,44,1
L1-L2-L3,94,191,14,1
L1-L2-L3,94,193,52,1
L1-L2-L3,94,194,222,1
L1-L2-L3,94,197,129,1
L1-L2-L3,94,198,202,1
L1-L2-L3,94,201,107,1
L1-L2-L3,94,203,13,1
L1-L2-L3,94,205,237,1
L1-L2-L3,94,206,196,1
L1-L2-L3,94,208,129,1
L1-L2-L3,94,210,2,1
L1-L2-L3,94,216,165,1
L1-L2-L3,94,217,71,1
L1-L2-L3,94,219,10,1
L1-L2-L3,94,220,214,1
L1-L2-L3,94,222,100,1
L1-L2-L3,94,224,236,1
L1-L2-L3,94,225,135,1
L1-L2-L3,94,227,52,1
L1-L2-L3,94,229,145,1
L1-L2-L3,94,231,153,1
L1-L2-L3,94,233,75,1
L1-L2-L3,94,237,88,1
L1-L2-L3,94,238,75,1
L1-L2-L3,94,243,58,1
L1-L2-L3,94,245,103,1
L1-L2-L3,94,246,65,1
L1-L2-L3,94,250,138,1
L1-L2-L3,94,252,153,1
L1-L2-L3,94,253,179,1
L1-L2-L3,95,7,217,1
L1-L2-L3,95,8,11,1
L1-L2-L3,95,10,38,1
L1-L2-L3,95,13,219,1
L1-L2-L3,95,15,59,1
L1-L2-L3,95,16,121,1
L1-L2-L3,95,21,174,1
L1-L2-L3,95,23,45,1
L1-L2-L3,95,25,42,1
L1-L2-L3,95,26,218,1
L1-L2-L3,95,33,22,1
L1-L2-L3,95,34,12,1
L1-L2-L3,95,41,91,1
L1-L2-L3,95,47,111,1
L1-L2-L3,95,49,165,1
L1-L2-L3,95,50,204,1
L1-L2-L3,95,58,12,1
L1-L2-L3,95,60,174,1
L1-L2-L3,95,64,206,1
L1-L2-L3,95,66,45,1
L1-L2-L3,95,67,132,1
L1-L2-L3,95,68,121,1
L1-L2-L3,95,71,80,1
L1-L2-L3,95,77,22,1
L1-L2-L3,95,80,34,1
L1-L2-L3,95,81,217,1
L1-L2-L3,95,85,12,1
L1-L2-L3,95,89,11,1
L1-L2-L3,95,92,93,1
L1-L2-L3,95,95,207,1
L1-L2-L3,95,104,94,1
L1-L2-L3,95,111,118,1
L1-L2-L3,95,121,180,1
L1-L2-L3,95,122,245,1
L1-L2-L3,95,123,86,1
L1-L2-L3,95,126,43,1
L1-L2-L3,95,132,94,1
L1-L2-L3,95,133,38,1
L1-L2-L3,95,136,14,1
L1-L2-L3,95,137,63,1
L1-L2-L3,95,138,217,1
L1-L2-L3,95,142,91,1
L1-L2-L3,95,143,213,1
L1-L2-L3,95,144,50,1
L1-L2-L3,95,146,126,1
L1-L2-L3,95,148,207,1
L1-L2-L3,95,151,91,1
L1-L2-L3,95,154,124,1
L1-L2-L3,95,162,192,1
L1-L2-L3,95,165,191,1
L1-L2-L3,95,168,159,1
L1-L2-L3,95,169,80,1
L1-L2-L3,95,170,43,1
L1-L2-L3,95,177,58,1
L1-L2-L3,95,178,248,1
L1-L2-L3,95,179,33,1
L1-L2-L3,95,182,64,1
L1-L2-L3,95,184,206,1
L1-L2-L3,95,185,177,1
L1-L2-L3,95,186,86,1
L1-L2-L3,95,189,119,1
L1-L2-L3,95,192,182,1
L1-L2-L3,95,197,38,1
L1-L2-L3,95,198,86,1
L1-L2-L3,95,203,87,1
L1-L2-L3,95,204,62,1
L1-L2-L3,95,205,94,1
L1-L2-L3,95,207,64,1
L1-L2-L3,95,209,203,1
L1-L2-L3,95,214,4,1
L1-L2-L3,95,215,171,1
L1-L2-L3,95,216,225,1
L1-L2-L3,95,218,72,1
L1-L2-L3,95,221,214,1
L1-L2-L3,95,224,234,1
L1-L2-L3,95,228,141,1
L1-L2-L3,95,234,243,1
L1-L2-L3,95,236,226,1
L1-L2-L3,95,249,206,1
L1-L2-L3,95,252,180,1
L1-L2-L3,96,0,152,1
L1-L2-L3,96,4,129,1
L1-L2-L3,96,7,223,1
L1-L2-L3,96,11,192,1
L1-L2-L3,96,14,47,1
L1-L2-L3,96,16,250,1
L1-L2-L3,96,23,134,1
L1-L2-L3,96,29,195,1
L1-L2-L3,96,31,106,1
L1-L2-L3,96,34,135,1
L1-L2-L3,96,35,63,1
L1-L2-L3,96,36,132,1
L1-L2-L3,96,39,203,1
L1-L2-L3,96,46,148,1
L1-L2-L3,96,47,10,1
L1-L2-L3,96,59,92,1
L1-L2-L3,96,63,163,1
L1-L2-L3,96,70,248,1
L1-L2-L3,96,72,180,1
L1-L2-L3,96,81,14,1
L1-L2-L3,96,87,204,1
L1-L2-L3,96,88,210,1
L1-L2-L3,96,89,223,1
L1-L2-L3,96,90,194,1
L1-L2-L3,96,91,101,1
L1-L2-L3,96,94,164,1
L1-L2-L3,96,96,117,1
L1-L2-L3,96,97,184,1
L1-L2-L3,96,98,43,1
L1-L2-L3,96,100,61,1
L1-L2-L3,96,104,71,1
L1-L2-L3,96,106,206,1
L1-L2-L3,96,107,225,1
L1-L2-L3,96,109,125,1
L1-L2-L3,96,110,224,1
L1-L2-L3,96,114,107,1
L1-L2-L3,96,115,88,1
L1-L2-L3,96,116,41,1
L1-L2-L3,96,128,64,1
L1-L2-L3,96,131,79,1
L1-L2-L3,96,137,161,1
L1-L2-L3,96,138,254,1
L1-L2-L3,96,141,188,1
L1-L2-L3,96,143,250,1
L1-L2-L3,96,147,59,1
L1-L2-L3,96,150,54,1
L1-L2-L3,96,151,146,1
L1-L2-L3,96,153,8,1
L1-L2-L3,96,157,1,1
L1-L2-L3,96,159,225,1
L1-L2-L3,96,165,118,1
L1-L2-L3,96,166,174,1
L1-L2-L3,96,167,167,1
L1-L2-L3,96,168,64,1
L1-L2-L3,96,170,111,1
L1-L2-L3,96,172,175,1
L1-L2-L3,96,174,131,1
L1-L2-L3,96,175,20,1
L1-L2-L3,96,177,37,1
L1-L2-L3,96,178,187,1
L1-L2-L3,96,179,125,1
L1-L2-L3,96,180,56,1
L1-L2-L3,96,181,85,1
L1-L2-L3,96,183,161,1
L1-L2-L3,96,185,230,1
L1-L2-L3,96,186,123,1
L1-L2-L3,96,187,55,1
L1-L2-L3,96,188,105,1
L1-L2-L3,96,189,223,1
L1-L2-L3,96,190,35,1
L1-L2-L3,96,192,153,1
L1-L2-L3,96,194,197,1
L1-L2-L3,96,195,117,1
L1-L2-L3,96,197,24,1
L1-L2-L3,96,202,97,1
L1-L2-L3,96,204,57,1
L1-L2-L3,96,205,6,1
L1-L2-L3,96,206,75,1
L1-L2-L3,96,210,233,1
L1-L2-L3,96,212,93,1
L1-L2-L3,96,214,145,1
L1-L2-L3,96,215,117,1
L1-L2-L3,96,216,84,1
L1-L2-L3,96,219,166,1
L1-L2-L3,96,220,231,1
L1-L2-L3,96,221,0,1
L1-L2-L3,96,224,182,1
L1-L2-L3,96,225,155,1
L1-L2-L3,96,226,247,1
L1-L2-L3,96,228,48,1
L1-L2-L3,96,229,44,1
L1-L2-L3,96,231,133,1
L1-L2-L3,96,233,253,1
L1-L2-L3,96,234,245,1
L1-L2-L3,96,235,251,1
L1-L2-L3,96,236,52,1
L1-L2-L3,96,238,109,1
L1-L2-L3,96,240,97,1
L1-L2-L3,96,242,152,1
L1-L2-L3,96,250,36,1
L1-L2-L3,96,251,90,1
L1-L2-L3,96,253,16,1
L1-L2-L3,97,17,148,1
L1-L2-L3,97,19,175,1
L1-L2-L3,97,21,88,1
L1-L2-L3,97,23,150,1
L1-L2-L3,97,24,142,1
L1-L2-L3,97,30,90,1
L1-L2-L3,97,31,27,1
L1-L2-L3,97,33,239,1
L1-L2-L3,97,39,95,1
L1-L2-L3,97,42,179,1
L1-L2-L3,97,45,21,1
L1-L2-L3,97,49,46,1
L1-L2-L3,97,53,240,1
L1-L2-L3,97,56,84,1
L1-L2-L3,97,58,172,1
L1-L2-L3,97,62,254,1
L1-L2-L3,97,66,96,1
L1-L2-L3,97,73,88,1
L1-L2-L3,97,74,92,1
L1-L2-L3,97,75,155,1
L1-L2-L3,97,77,227,1
L1-L2-L3,97,83,46,1
L1-L2-L3,97,84,71,1
L1-L2-L3,97,92,140,1
L1-L2-L3,97,94,56,1
L1-L2-L3,97,97,42,1
L1-L2-L3,97,101,198,1
L1-L2-L3,97,102,75,1
L1-L2-L3,97,106,76,1
L1-L2-L3,97,107,207,1
L1-L2-L3,97,109,98,1
L1-L2-L3,97,114,92,1
L1-L2-L3,97,117,246,1
L1-L2-L3,97,119,198,1
L1-L2-L3,97,124,137,1
L1-L2-L3,97,128,68,1
L1-L2-L3,97,131,198,1
L1-L2-L3,97,132,218,1
L1-L2-L3,97,135,159,1
L1-L2-L3,97,137,165,1
L1-L2-L3,97,141,201,1
L1-L2-L3,97,142,4,1
L1-L2-L3,97,144,88,1
L1-L2-L3,97,145,46,1
L1-L2-L3,97,146,68,1
L1-L2-L3,97,147,39,1
L1-L2-L3,97,154,35,1
L1-L2-L3,97,156,114,1
L1-L2-L3,97,158,242,1
L1-L2-L3,97,161,184,1
L1-L2-L3,97,167,161,1
L1-L2-L3,97,169,17,1
L1-L2-L3,97,179,10,1
L1-L2-L3,97,181,33,1
L1-L2-L3,97,183,90,1
L1-L2-L3,97,184,86,1
L1-L2-L3,97,186,177,1
L1-L2-L3,97,187,252,1
L1-L2-L3,97,188,101,1
L1-L2-L3,97,196,32,1
L1-L2-L3,97,198,77,1
L1-L2-L3,97,199,96,1
L1-L2-L3,97,201,98,1
L1-L2-L3,97,202,255,1
L1-L2-L3,97,205,207,1
L1-L2-L3,97,206,189,1
L1-L2-L3,97,207,142,1
L1-L2-L3,97,211,213,1
L1-L2-L3,97,212,89,1
L1-L2-L3,97,213,96,1
L1-L2-L3,97,215,65,1
L1-L2-L3,97,218,110,1
L1-L2-L3,97,226,49,1
L1-L2-L3,97,227,160,1
L1-L2-L3,97,229,161,1
L1-L2-L3,97,231,98,1
L1-L2-L3,97,235,18,1
L1-L2-L3,97,238,234,1
L1-L2-L3,97,242,147,1
L1-L2-L3,97,244,203,1
L1-L2-L3,97,245,50,1
L1-L2-L3,97,247,232,1
L1-L2-L3,97,248,102,1
L1-L2-L3,97,251,251,1
L1-L2-L3,98,1,49,1
L1-L2-L3,98,2,161,1
L1-L2-L3,98,4,130,1
L1-L2-L3,98,6,148,1
L1-L2-L3,98,7,87,1
L1-L2-L3,98,8,43,1
L1-L2-L3,98,11,118,1
L1-L2-L3,98,18,68,1
L1-L2-L3,98,24,149,1
L1-L2-L3,98,25,255,1
L1-L2-L3,98,40,28,1
L1-L2-L3,98,43,167,1
L1-L2-L3,98,44,181,1
L1-L2-L3,98,46,142,1
L1-L2-L3,98,47,110,1
L1-L2-L3,98,48,66,1
L1-L2-L3,98,54,88,1
L1-L2-L3,98,55,22,1
L1-L2-L3,98,57,100,1
L1-L2-L3,98,58,133,1
L1-L2-L3,98,65,100,1
L1-L2-L3,98,72,66,1
L1-L2-L3,98,73,153,1
L1-L2-L3,98,75,151,1
L1-L2-L3,98,76,93,1
L1-L2-L3,98,77,151,1
L1-L2-L3,98,78,227,1
L1-L2-L3,98,80,52,1
L1-L2-L3,98,82,85,1
L1-L2-L3,98,83,207,1
L1-L2-L3,98,92,246,1
L1-L2-L3,98,93,128,1
L1-L2-L3,98,95,195,1
L1-L2-L3,98,96,86,1
L1-L2-L3,98,97,140,1
L1-L2-L3,98,101,251,1
L1-L2-L3,98,102,122,1
L1-L2-L3,98,103,234,1
L1-L2-L3,98,110,49,1
L1-L2-L3,98,111,74,1
L1-L2-L3,98,113,13,1
L1-L2-L3,98,114,224,1
L1-L2-L3,98,116,10,1
L1-L2-L3,98,117,82,1
L1-L2-L3,98,118,130,1
L1-L2-L3,98,119,182,1
L1-L2-L3,98,120,10,1
L1-L2-L3,98,122,6,1
L1-L2-L3,98,123,30,1
L1-L2-L3,98,126,238,1
L1-L2-L3,98,127,101,1
L1-L2-L3,98,129,184,1
L1-L2-L3,98,137,113,1
L1-L2-L3,98,139,37,1
L1-L2-L3,98,140,239,1
L1-L2-L3,98,143,244,1
L1-L2-L3,98,146,146,1
L1-L2-L3,98,147,240,1
L1-L2-L3,98,149,253,1
L1-L2-L3,98,150,184,1
L1-L2-L3,98,152,67,1
L1-L2-L3,98,153,250,1
L1-L2-L3,98,158,102,1
L1-L2-L3,98,159,179,1
L1-L2-L3,98,160,60,1
L1-L2-L3,98,161,135,1
L1-L2-L3,98,165,182,1
L1-L2-L3,98,168,47,1
L1-L2-L3,98,169,6,1
L1-L2-L3,98,170,70,1
L1-L2-L3,98,174,178,1
L1-L2-L3,98,177,87,1
L1-L2-L3,98,179,108,1
L1-L2-L3,98,180,14,1
L1-L2-L3,98,181,10,1
L1-L2-L3,98,184,142,1
L1-L2-L3,98,186,117,1
L1-L2-L3,98,189,84,1
L1-L2-L3,98,193,28,1
L1-L2-L3,98,196,14,1
L1-L2-L3,98,198,102,1
L1-L2-L3,98,200,129,1
L1-L2-L3,98,201,239,1
L1-L2-L3,98,205,209,1
L1-L2-L3,98,206,37,1
L1-L2-L3,98,208,80,1
L1-L2-L3,98,210,207,1
L1-L2-L3,98,212,6,1
L1-L2-L3,98,213,69,1
L1-L2-L3,98,214,228,1
L1-L2-L3,98,215,26,1
L1-L2-L3,98,218,88,1
L1-L2-L3,98,219,61,1
L1-L2-L3,98,221,250,1
L1-L2-L3,98,222,178,1
L1-L2-L3,98,225,62,1
L1-L2-L3,98,227,168,1
L1-L2-L3,98,229,110,1
L1-L2-L3,98,230,237,1
L1-L2-L3,98,231,215,1
L1-L2-L3,98,234,183,1
L1-L2-L3,98,237,27,1
L1-L2-L3,98,238,179,1
L1-L2-L3,98,241,243,1
L1-L2-L3,98,242,102,1
L1-L2-L3,98,250,209,1
L1-L2-L3,99,4,174,1
L1-L2-L3,99,8,153,1
L1-L2-L3,99,10,145,1
L1-L2-L3,99,12,161,1
L1-L2-L3,99,16,80,1
L1-L2-L3,99,17,111,1
L1-L2-L3,99,24,182,1
L1-L2-L3,99,30,153,1
L1-L2-L3,99,35,51,1
L1-L2-L3,99,39,69,1
L1-L2-L3,99,47,249,1
L1-L2-L3,99,56,28,1
L1-L2-L3,99,57,208,1
L1-L2-L3,99,62,72,1
L1-L2-L3,99,67,245,1
L1-L2-L3,99,68,159,1
L1-L2-L3,99,69,60,1
L1-L2-L3,99,70,129,1
L1-L2-L3,99,77,134,1
L1-L2-L3,99,79,65,1
L1-L2-L3,99,84,38,1
L1-L2-L3,99,87,196,1
L1-L2-L3,99,94,58,1
L1-L2-L3,99,95,30,1
L1-L2-L3,99,96,249,1
L1-L2-L3,99,104,224,1
L1-L2-L3,99,113,150,1
L1-L2-L3,99,114,130,1
L1-L2-L3,99,119,249,1
L1-L2-L3,99,137,94,1
L1-L2-L3,99,140,156,1
L1-L2-L3,99,143,247,1
L1-L2-L3,99,145,141,1
L1-L2-L3,99,147,23,1
L1-L2-L3,99,148,181,1
L1-L2-L3,99,151,235,1
L1-L2-L3,99,156,41,1
L1-L2-L3,99,157,182,1
L1-L2-L3,99,162,247,1
L1-L2-L3,99,163,19,1
L1-L2-L3,99,170,150,1
L1-L2-L3,99,172,196,1
L1-L2-L3,99,179,203,1
L1-L2-L3,99,183,223,1
L1-L2-L3,99,186,164,1
L1-L2-L3,99,187,219,1
L1-L2-L3,99,188,150,1
L1-L2-L3,99,192,164,1
L1-L2-L3,99,194,35,1
L1-L2-L3,99,199,68,1
L1-L2-L3,99,200,169,1
L1-L2-L3,99,201,219,1
L1-L2-L3,99,204,234,1
L1-L2-L3,99,208,196,1
L1-L2-L3,99,209,100,1
L1-L2-L3,99,211,140,1
L1-L2-L3,99,213,1,1
L1-L2-L3,99,214,134,1
L1-L2-L3,99,215,37,1
L1-L2-L3,99,219,87,1
L1-L2-L3,99,220,94,1
L1-L2-L3,99,222,182,1
L1-L2-L3,99,224,216,1
L1-L2-L3,99,225,10,1
L1-L2-L3,99,230,195,1
L1-L2-L3,99,231,211,1
L1-L2-L3,99,232,216,1
L1-L2-L3,99,234,30,1
L1-L2-L3,99,238,233,1
L1-L2-L3,99,239,198,1
L1-L2-L3,99,240,80,1
L1-L2-L3,99,241,129,1
L1-L2-L3,99,250,102,1
L1-L2-L3,99,251,249,1
L1-L2-L3,99,254,20,1
L1-L2-L3,99,255,232,1
L1-L2-L3,100,2,150,1
L1-L2-L3,100,4,30,1
L1-L2-L3,100,12,75,1
L1-L2-L3,100,14,216,1
L1-L2-L3,100,20,212,1
L1-L2-L3,100,22,253,1
L1-L2-L3,100,28,73,1
L1-L2-L3,100,35,136,1
L1-L2-L3,100,36,99,1
L1-L2-L3,100,42,14,1
L1-L2-L3,100,44,59,1
L1-L2-L3,100,46,221,1
L1-L2-L3,100,47,179,1
L1-L2-L3,100,50,254,1
L1-L2-L3,100,54,214,1
L1-L2-L3,100,55,17,1
L1-L2-L3,100,56,63,1
L1-L2-L3,100,60,230,1
L1-L2-L3,100,61,86,1
L1-L2-L3,100,62,205,1
L1-L2-L3,100,63,51,1
L1-L2-L3,100,67,144,1
L1-L2-L3,100,69,130,1
L1-L2-L3,100,72,47,1
L1-L2-L3,100,75,118,1
L1-L2-L3,100,77,137,1
L1-L2-L3,100,78,151,1
L1-L2-L3,100,85,112,1
L1-L2-L3,100,89,224,1
L1-L2-L3,100,90,163,1
L1-L2-L3,100,91,146,1
L1-L2-L3,100,92,81,1
L1-L2-L3,100,93,208,1
L1-L2-L3,100,94,200,1
L1-L2-L3,100,96,62,1
L1-L2-L3,100,98,47,1
L1-L2-L3,100,103,80,1
L1-L2-L3,100,110,2,1
L1-L2-L3,100,111,85,1
L1-L2-L3,100,115,11,1
L1-L2-L3,100,117,61,1
L1-L2-L3,100,118,207,1
L1-L2-L3,100,119,120,1
L1-L2-L3,100,120,41,1
L1-L2-L3,100,121,144,1
L1-L2-L3,100,123,250,1
L1-L2-L3,100,125,137,1
L1-L2-L3,100,128,221,1
L1-L2-L3,100,130,137,1
L1-L2-L3,100,131,204,1
L1-L2-L3,100,132,135,1
L1-L2-L3,100,134,123,1
L1-L2-L3,100,136,215,1
L1-L2-L3,100,138,196,1
L1-L2-L3,100,143,3,1
L1-L2-L3,100,144,187,1
L1-L2-L3,100,146,9,1
L1-L2-L3,100,147,244,1
L1-L2-L3,100,148,27,1
L1-L2-L3,100,150,133,1
L1-L2-L3,100,158,227,1
L1-L2-L3,100,161,139,1
L1-L2-L3,100,163,26,1
L1-L2-L3,100,164,230,1
L1-L2-L3,100,165,224,1
L1-L2-L3,100,172,123,1
L1-L2-L3,100,174,151,1
L1-L2-L3,100,175,152,1
L1-L2-L3,100,177,128,1
L1-L2-L3,100,180,57,1
L1-L2-L3,100,181,81,1
L1-L2-L3,100,182,113,1
L1-L2-L3,100,184,121,1
L1-L2-L3,100,185,131,1
L1-L2-L3,100,188,181,1
L1-L2-L3,100,196,145,1
L1-L2-L3,100,197,66,1
L1-L2-L3,100,198,56,1
L1-L2-L3,100,199,231,1
L1-L2-L3,100,200,236,1
L1-L2-L3,100,201,9,1
L1-L2-L3,100,204,139,1
L1-L2-L3,100,205,250,1
L1-L2-L3,100,206,204,1
L1-L2-L3,100,208,145,1
L1-L2-L3,100,209,104,1
L1-L2-L3,100,216,114,1
L1-L2-L3,100,217,25,1
L1-L2-L3,100,223,28,1
L1-L2-L3,100,224,247,1
L1-L2-L3,100,226,253,1
L1-L2-L3,100,227,24,1
L1-L2-L3,100,229,188,1
L1-L2-L3,100,234,143,1
L1-L2-L3,100,237,81,1
L1-L2-L3,100,238,28,1
L1-L2-L3,100,239,144,1
L1-L2-L3,100,240,166,1
L1-L2-L3,100,241,188,1
L1-L2-L3,100,242,236,1
L1-L2-L3,100,244,83,1
L1-L2-L3,100,245,201,1
L1-L2-L3,100,246,238,1
L1-L2-L3,100,247,51,1
L1-L2-L3,100,249,113,1
L1-L2-L3,100,250,241,1
L1-L2-L3,100,254,195,1
L1-L2-L3,101,1,114,1
L1-L2-L3,101,2,123,1
L1-L2-L3,101,5,194,1
L1-L2-L3,101,6,224,1
L1-L2-L3,101,7,194,1
L1-L2-L3,101,9,149,1
L1-L2-L3,101,10,208,1
L1-L2-L3,101,11,63,1
L1-L2-L3,101,19,66,1
L1-L2-L3,101,31,138,1
L1-L2-L3,101,34,75,1
L1-L2-L3,101,35,113,1
L1-L2-L3,101,40,20,1
L1-L2-L3,101,45,246,1
L1-L2-L3,101,47,224,1
L1-L2-L3,101,49,76,1
L1-L2-L3,101,50,184,1
L1-L2-L3,101,51,237,1
L1-L2-L3,101,54,32,1
L1-L2-L3,101,57,17,1
L1-L2-L3,101,58,176,1
L1-L2-L3,101,59,99,1
L1-L2-L3,101,61,99,1
L1-L2-L3,101,63,117,1
L1-L2-L3,101,67,35,1
L1-L2-L3,101,69,219,1
L1-L2-L3,101,70,138,1
L1-L2-L3,101,71,1,1
L1-L2-L3,101,72,191,1
L1-L2-L3,101,74,15,1
L1-L2-L3,101,76,238,1
L1-L2-L3,101,78,53,1
L1-L2-L3,101,79,83,1
L1-L2-L3,101,81,243,1
L1-L2-L3,101,85,202,1
L1-L2-L3,101,87,211,1
L1-L2-L3,101,89,175,1
L1-L2-L3,101,90,135,1
L1-L2-L3,101,93,232,1
L1-L2-L3,101,94,202,1
L1-L2-L3,101,95,214,1
L1-L2-L3,101,97,88,1
L1-L2-L3,101,98,115,1
L1-L2-L3,101,101,151,1
L1-L2-L3,101,104,50,1
L1-L2-L3,101,107,33,1
L1-L2-L3,101,112,32,1
L1-L2-L3,101,117,25,1
L1-L2-L3,101,118,13,1
L1-L2-L3,101,122,19,1
L1-L2-L3,101,123,152,1
L1-L2-L3,101,124,70,1
L1-L2-L3,101,125,201,1
L1-L2-L3,101,127,47,1
L1-L2-L3,101,129,220,1
L1-L2-L3,101,130,88,1
L1-L2-L3,101,131,223,1
L1-L2-L3,101,133,197,1
L1-L2-L3,101,136,87,1
L1-L2-L3,101,138,219,1
L1-L2-L3,101,142,138,1
L1-L2-L3,101,148,255,1
L1-L2-L3,101,151,238,1
L1-L2-L3,101,152,88,1
L1-L2-L3,101,154,22,1
L1-L2-L3,101,155,209,1
L1-L2-L3,101,156,236,1
L1-L2-L3,101,157,31,1
L1-L2-L3,101,158,133,1
L1-L2-L3,101,159,10,1
L1-L2-L3,101,160,234,1
L1-L2-L3,101,162,245,1
L1-L2-L3,101,165,138,1
L1-L2-L3,101,167,34,1
L1-L2-L3,101,170,14,1
L1-L2-L3,101,173,150,1
L1-L2-L3,101,176,206,1
L1-L2-L3,101,177,151,1
L1-L2-L3,101,178,59,1
L1-L2-L3,101,179,127,1
L1-L2-L3,101,180,99,1
L1-L2-L3,101,183,88,1
L1-L2-L3,101,185,138,1
L1-L2-L3,101,187,88,1
L1-L2-L3,101,189,38,1
L1-L2-L3,101,194,228,1
L1-L2-L3,101,195,79,1
L1-L2-L3,101,197,147,1
L1-L2-L3,101,199,102,1
L1-L2-L3,101,202,183,1
L1-L2-L3,101,204,119,1
L1-L2-L3,101,207,227,1
L1-L2-L3,101,209,200,1
L1-L2-L3,101,210,153,1
L1-L2-L3,101,215,165,1
L1-L2-L3,101,218,96,1
L1-L2-L3,101,220,234,1
L1-L2-L3,101,222,127,1
L1-L2-L3,101,223,125,1
L1-L2-L3,101,226,37,1
L1-L2-L3,101,229,222,1
L1-L2-L3,101,230,106,1
L1-L2-L3,101,231,59,1
L1-L2-L3,101,235,228,1
L1-L2-L3,101,239,13,1
L1-L2-L3,101,240,247,1
L1-L2-L3,101,243,121,1
L1-L2-L3,101,244,8,1
L1-L2-L3,101,251,37,1
L1-L2-L3,101,252,202,1
L1-L2-L3,102,5,187,1
L1-L2-L3,102,6,87,1
L1-L2-L3,102,11,126,1
L1-L2-L3,102,14,30,1
L1-L2-L3,102,16,214,1
L1-L2-L3,102,18,6,1
L1-L2-L3,102,19,220,1
L1-L2-L3,102,27,92,1
L1-L2-L3,102,33,59,1
L1-L2-L3,102,35,41,1
L1-L2-L3,102,39,215,1
L1-L2-L3,102,46,134,1
L1-L2-L3,102,51,8,1
L1-L2-L3,102,52,6,1
L1-L2-L3,102,53,232,1
L1-L2-L3,102,58,224,1
L1-L2-L3,102,59,226,1
L1-L2-L3,102,63,170,1
L1-L2-L3,102,65,24,1
L1-L2-L3,102,69,46,1
L1-L2-L3,102,70,117,1
L1-L2-L3,102,74,195,1
L1-L2-L3,102,78,199,1
L1-L2-L3,102,80,32,1
L1-L2-L3,102,86,124,1
L1-L2-L3,102,87,93,1
L1-L2-L3,102,88,215,1
L1-L2-L3,102,99,203,1
L1-L2-L3,102,101,52,1
L1-L2-L3,102,103,199,1
L1-L2-L3,102,110,72,1
L1-L2-L3,102,113,173,1
L1-L2-L3,102,115,134,1
L1-L2-L3,102,119,148,1
L1-L2-L3,102,120,58,1
L1-L2-L3,102,121,187,1
L1-L2-L3,102,126,201,1
L1-L2-L3,102,129,129,1
L1-L2-L3,102,130,200,1
L1-L2-L3,102,132,66,1
L1-L2-L3,102,133,105,1
L1-L2-L3,102,138,59,1
L1-L2-L3,102,139,6,1
L1-L2-L3,102,141,20,1
L1-L2-L3,102,142,124,1
L1-L2-L3,102,145,248,1
L1-L2-L3,102,150,87,1
L1-L2-L3,102,151,18,1
L1-L2-L3,102,155,46,1
L1-L2-L3,102,156,109,1
L1-L2-L3,102,158,35,1
L1-L2-L3,102,159,104,1
L1-L2-L3,102,162,96,1
L1-L2-L3,102,164,187,1
L1-L2-L3,102,166,199,1
L1-L2-L3,102,167,22,1
L1-L2-L3,102,170,101,1
L1-L2-L3,102,172,140,1
L1-L2-L3,102,174,127,1
L1-L2-L3,102,183,114,1
L1-L2-L3,102,184,232,1
L1-L2-L3,102,186,60,1
L1-L2-L3,102,187,82,1
L1-L2-L3,102,188,202,1
L1-L2-L3,102,191,30,1
L1-L2-L3,102,192,187,1
L1-L2-L3,102,193,81,1
L1-L2-L3,102,196,213,1
L1-L2-L3,102,197,41,1
L1-L2-L3,102,198,171,1
L1-L2-L3,102,200,122,1
L1-L2-L3,102,202,155,1
L1-L2-L3,102,205,173,1
L1-L2-L3,102,206,187,1
L1-L2-L3,102,207,28,1
L1-L2-L3,102,213,37,1
L1-L2-L3,102,216,213,1
L1-L2-L3,102,220,129,1
L1-L2-L3,102,221,195,1
L1-L2-L3,102,222,72,1
L1-L2-L3,102,225,121,1
L1-L2-L3,102,226,173,1
L1-L2-L3,102,234,116,1
L1-L2-L3,102,237,12,1
L1-L2-L3,102,238,35,1
L1-L2-L3,102,240,226,1
L1-L2-L3,102,241,88,1
L1-L2-L3,102,244,109,1
L1-L2-L3,102,246,228,1
L1-L2-L3,102,249,118,1
L1-L2-L3,102,251,243,1
L1-L2-L3,102,252,80,1
L1-L2-L3,102,254,104,1
L1-L2-L3,103,0,118,1
L1-L2-L3,103,1,123,1
L1-L2-L3,103,3,70,1
L1-L2-L3,103,4,138,1
L1-L2-L3,103,6,154,1
L1-L2-L3,103,7,91,1
L1-L2-L3,103,9,224,1
L1-L2-L3,103,10,133,1
L1-L2-L3,103,14,214,1
L1-L2-L3,103,16,163,1
L1-L2-L3,103,18,165,1
L1-L2-L3,103,19,16,1
L1-L2-L3,103,20,36,1
L1-L2-L3,103,22,81,1
L1-L2-L3,103,23,250,1
L1-L2-L3,103,24,93,1
L1-L2-L3,103,25,32,1
L1-L2-L3,103,26,153,1
L1-L2-L3,103,29,205,1
L1-L2-L3,103,30,6,1
L1-L2-L3,103,31,68,1
L1-L2-L3,103,32,239,1
L1-L2-L3,103,34,159,1
L1-L2-L3,103,35,185,1
L1-L2-L3,103,37,44,1
L1-L2-L3,103,40,62,1
L1-L2-L3,103,44,97,1
L1-L2-L3,103,45,163,1
L1-L2-L3,103,47,127,1
L1-L2-L3,103,48,103,1
L1-L2-L3,103,49,146,1
L1-L2-L3,103,56,99,1
L1-L2-L3,103,57,146,1
L1-L2-L3,103,58,23,1
L1-L2-L3,103,60,42,1
L1-L2-L3,103,62,206,1
L1-L2-L3,103,64,46,1
L1-L2-L3,103,66,85,1
L1-L2-L3,103,67,99,1
L1-L2-L3,103,72,123,1
L1-L2-L3,103,73,95,1
L1-L2-L3,103,79,151,1
L1-L2-L3,103,80,55,1
L1-L2-L3,103,81,38,1
L1-L2-L3,103,83,58,1
L1-L2-L3,103,86,179,1
L1-L2-L3,103,88,129,1
L1-L2-L3,103,89,64,1
L1-L2-L3,103,90,117,1
L1-L2-L3,103,91,40,1
L1-L2-L3,103,94,2,1
L1-L2-L3,103,96,17,1
L1-L2-L3,103,97,97,1
L1-L2-L3,103,98,11,1
L1-L2-L3,103,102,161,1
L1-L2-L3,103,103,109,1
L1-L2-L3,103,108,48,1
L1-L2-L3,103,112,176,1
L1-L2-L3,103,114,199,1
L1-L2-L3,103,115,121,1
L1-L2-L3,103,121,42,1
L1-L2-L3,103,125,88,1
L1-L2-L3,103,126,119,1
L1-L2-L3,103,127,116,1
L1-L2-L3,103,128,4,1
L1-L2-L3,103,129,111,1
L1-L2-L3,103,133,110,1
L1-L2-L3,103,135,93,1
L1-L2-L3,103,136,112,1
L1-L2-L3,103,138,69,1
L1-L2-L3,103,139,231,1
L1-L2-L3,103,141,153,1
L1-L2-L3,103,143,229,1
L1-L2-L3,103,148,95,1
L1-L2-L3,103,149,103,1
L1-L2-L3,103,152,39,1
L1-L2-L3,103,160,157,1
L1-L2-L3,103,161,4,1
L1-L2-L3,103,162,143,1
L1-L2-L3,103,163,99,1
L1-L2-L3,103,169,234,1
L1-L2-L3,103,172,110,1
L1-L2-L3,103,174,255,1
L1-L2-L3,103,175,145,1
L1-L2-L3,103,176,172,1
L1-L2-L3,103,178,19,1
L1-L2-L3,103,180,235,1
L1-L2-L3,103,182,233,1
L1-L2-L3,103,183,13,1
L1-L2-L3,103,188,153,1
L1-L2-L3,103,191,217,1
L1-L2-L3,103,193,80,1
L1-L2-L3,103,198,52,1
L1-L2-L3,103,202,196,1
L1-L2-L3,103,205,178,1
L1-L2-L3,103,206,74,1
L1-L2-L3,103,210,8,1
L1-L2-L3,103,212,28,1
L1-L2-L3,103,214,49,1
L1-L2-L3,103,217,180,1
L1-L2-L3,103,218,99,1
L1-L2-L3,103,219,16,1
L1-L2-L3,103,222,96,1
L1-L2-L3,103,224,110,1
L1-L2-L3,103,226,239,1
L1-L2-L3,103,230,125,1
L1-L2-L3,103,231,19,1
L1-L2-L3,103,232,29,1
L1-L2-L3,103,233,193,1
L1-L2-L3,103,234,24,1
L1-L2-L3,103,237,239,1
L1-L2-L3,103,239,254,1
L1-L2-L3,103,240,51,1
L1-L2-L3,103,241,59,1
L1-L2-L3,103,243,56,1
L1-L2-L3,103,244,76,1
L1-L2-L3,103,248,216,1
L1-L2-L3,103,249,12,1
L1-L2-L3,103,251,223,1
L1-L2-L3,103,254,30,1
L1-L2-L3,104,15,95,1
L1-L2-L3,104,17,178,1
L1-L2-L3,104,21,40,1
L1-L2-L3,104,22,95,1
L1-L2-L3,104,24,186,1
L1-L2-L3,104,27,144,1
L1-L2-L3,104,30,184,1
L1-L2-L3,104,31,163,1
L1-L2-L3,104,32,47,1
L1-L2-L3,104,33,142,1
L1-L2-L3,104,35,90,1
L1-L2-L3,104,37,40,1
L1-L2-L3,104,40,146,1
L1-L2-L3,104,43,231,1
L1-L2-L3,104,45,29,1
L1-L2-L3,104,46,67,1
L1-L2-L3,104,52,183,1
L1-L2-L3,104,60,243,1
L1-L2-L3,104,61,95,1
L1-L2-L3,104,62,121,1
L1-L2-L3,104,71,27,1
L1-L2-L3,104,72,43,1
L1-L2-L3,104,80,5,1
L1-L2-L3,104,82,73,1
L1-L2-L3,104,85,26,1
L1-L2-L3,104,87,154,1
L1-L2-L3,104,88,138,1
L1-L2-L3,104,89,155,1
L1-L2-L3,104,91,27,1
L1-L2-L3,104,92,53,1
L1-L2-L3,104,93,183,1
L1-L2-L3,104,94,40,1
L1-L2-L3,104,101,99,1
L1-L2-L3,104,104,225,1
L1-L2-L3,104,106,55,1
L1-L2-L3,104,107,96,1
L1-L2-L3,104,108,108,1
L1-L2-L3,104,109,228,1
L1-L2-L3,104,110,175,1
L1-L2-L3,104,113,103,1
L1-L2-L3,104,117,167,1
L1-L2-L3,104,118,3,1
L1-L2-L3,104,120,8,1
L1-L2-L3,104,123,32,1
L1-L2-L3,104,126,22,1
L1-L2-L3,104,129,190,1
L1-L2-L3,104,130,235,1
L1-L2-L3,104,131,27,1
L1-L2-L3,104,134,89,1
L1-L2-L3,104,137,9,1
L1-L2-L3,104,140,27,1
L1-L2-L3,104,141,129,1
L1-L2-L3,104,143,43,1
L1-L2-L3,104,146,235,1
L1-L2-L3,104,148,17,1
L1-L2-L3,104,152,27,1
L1-L2-L3,104,154,103,1
L1-L2-L3,104,160,27,1
L1-L2-L3,104,162,125,1
L1-L2-L3,104,163,228,1
L1-L2-L3,104,165,122,1
L1-L2-L3,104,168,112,1
L1-L2-L3,104,169,43,1
L1-L2-L3,104,176,205,1
L1-L2-L3,104,177,162,1
L1-L2-L3,104,178,96,1
L1-L2-L3,104,180,175,1
L1-L2-L3,104,181,223,1
L1-L2-L3,104,182,53,1
L1-L2-L3,104,186,143,1
L1-L2-L3,104,190,40,1
L1-L2-L3,104,192,176,1
L1-L2-L3,104,195,88,1
L1-L2-L3,104,196,108,1
L1-L2-L3,104,197,228,1
L1-L2-L3,104,199,240,1
L1-L2-L3,104,200,217,1
L1-L2-L3,104,201,139,1
L1-L2-L3,104,204,162,1
L1-L2-L3,104,205,45,1
L1-L2-L3,104,207,123,1
L1-L2-L3,104,209,13,1
L1-L2-L3,104,212,5,1
L1-L2-L3,104,213,26,1
L1-L2-L3,104,216,198,1
L1-L2-L3,104,219,139,1
L1-L2-L3,104,222,29,1
L1-L2-L3,104,225,17,1
L1-L2-L3,104,228,74,1
L1-L2-L3,104,230,40,1
L1-L2-L3,104,231,17,1
L1-L2-L3,104,233,106,1
L1-L2-L3,104,235,86,1
L1-L2-L3,104,236,236,1
L1-L2-L3,104,237,43,1
L1-L2-L3,104,239,189,1
L1-L2-L3,104,240,123,1
L1-L2-L3,104,241,92,1
L1-L2-L3,104,242,243,1
L1-L2-L3,104,247,131,1
L1-L2-L3,104,248,86,1
L1-L2-L3,104,249,74,1
L1-L2-L3,104,250,189,1
L1-L2-L3,104,252,239,1
L1-L2-L3,105,14,178,1
L1-L2-L3,105,15,216,1
L1-L2-L3,105,17,87,1
L1-L2-L3,105,25,181,1
L1-L2-L3,105,26,204,1
L1-L2-L3,105,40,201,1
L1-L2-L3,105,44,229,1
L1-L2-L3,105,50,85,1
L1-L2-L3,105,56,33,1
L1-L2-L3,105,60,218,1
L1-L2-L3,105,64,140,1
L1-L2-L3,105,67,208,1
L1-L2-L3,105,68,80,1
L1-L2-L3,105,79,63,1
L1-L2-L3,105,80,65,1
L1-L2-L3,105,83,30,1
L1-L2-L3,105,87,163,1
L1-L2-L3,105,90,249,1
L1-L2-L3,105,92,100,1
L1-L2-L3,105,94,171,1
L1-L2-L3,105,98,170,1
L1-L2-L3,105,100,196,1
L1-L2-L3,105,101,200,1
L1-L2-L3,105,103,59,1
L1-L2-L3,105,104,197,1
L1-L2-L3,105,114,241,1
L1-L2-L3,105,119,72,1
L1-L2-L3,105,120,201,1
L1-L2-L3,105,124,166,1
L1-L2-L3,105,127,218,1
L1-L2-L3,105,130,159,1
L1-L2-L3,105,132,81,1
L1-L2-L3,105,135,218,1
L1-L2-L3,105,137,17,1
L1-L2-L3,105,139,134,1
L1-L2-L3,105,140,4,1
L1-L2-L3,105,142,119,1
L1-L2-L3,105,144,6,1
L1-L2-L3,105,146,174,1
L1-L2-L3,105,149,72,1
L1-L2-L3,105,151,244,1
L1-L2-L3,105,152,60,1
L1-L2-L3,105,164,83,1
L1-L2-L3,105,166,66,1
L1-L2-L3,105,167,49,1
L1-L2-L3,105,169,243,1
L1-L2-L3,105,170,201,1
L1-L2-L3,105,171,37,1
L1-L2-L3,105,180,35,1
L1-L2-L3,105,183,218,1
L1-L2-L3,105,184,218,1
L1-L2-L3,105,185,215,1
L1-L2-L3,105,186,171,1
L1-L2-L3,105,187,25,1
L1-L2-L3,105,189,163,1
L1-L2-L3,105,193,164,1
L1-L2-L3,105,197,169,1
L1-L2-L3,105,199,31,1
L1-L2-L3,105,200,110,1
L1-L2-L3,105,207,80,1
L1-L2-L3,105,212,201,1
L1-L2-L3,105,213,8,1
L1-L2-L3,105,214,138,1
L1-L2-L3,105,215,195,1
L1-L2-L3,105,216,174,1
L1-L2-L3,105,217,225,1
L1-L2-L3,105,219,97,1
L1-L2-L3,105,220,169,1
L1-L2-L3,105,221,200,1
L1-L2-L3,105,222,237,1
L1-L2-L3,105,224,206,1
L1-L2-L3,105,228,182,1
L1-L2-L3,105,230,21,1
L1-L2-L3,105,232,201,1
L1-L2-L3,105,233,195,1
L1-L2-L3,105,240,87,1
L1-L2-L3,105,241,212,1
L1-L2-L3,105,242,195,1
L1-L2-L3,105,243,102,1
L1-L2-L3,105,245,33,1
L1-L2-L3,105,247,119,1
L1-L2-L3,105,250,176,1
L1-L2-L3,105,251,84,1
L1-L2-L3,106,2,61,1
L1-L2-L3,106,3,199,1
L1-L2-L3,106,4,194,1
L1-L2-L3,106,7,207,1
L1-L2-L3,106,12,235,1
L1-L2-L3,106,14,15,1
L1-L2-L3,106,16,187,1
L1-L2-L3,106,17,222,1
L1-L2-L3,106,18,168,1
L1-L2-L3,106,19,93,1
L1-L2-L3,106,26,216,1
L1-L2-L3,106,27,140,1
L1-L2-L3,106,30,98,1
L1-L2-L3,106,34,32,1
L1-L2-L3,106,44,198,1
L1-L2-L3,106,47,193,1
L1-L2-L3,106,48,156,1
L1-L2-L3,106,58,138,1
L1-L2-L3,106,61,24,1
L1-L2-L3,106,68,156,1
L1-L2-L3,106,75,175,1
L1-L2-L3,106,77,175,1
L1-L2-L3,106,79,145,1
L1-L2-L3,106,81,148,1
L1-L2-L3,106,82,208,1
L1-L2-L3,106,85,161,1
L1-L2-L3,106,87,92,1
L1-L2-L3,106,88,65,1
L1-L2-L3,106,89,237,1
L1-L2-L3,106,92,102,1
L1-L2-L3,106,96,90,1
L1-L2-L3,106,101,156,1
L1-L2-L3,106,103,97,1
L1-L2-L3,106,104,70,1
L1-L2-L3,106,109,240,1
L1-L2-L3,106,110,130,1
L1-L2-L3,106,113,0,1
L1-L2-L3,106,116,24,1
L1-L2-L3,106,119,115,1
L1-L2-L3,106,121,168,1
L1-L2-L3,106,124,184,1
L1-L2-L3,106,125,213,1
L1-L2-L3,106,129,146,1
L1-L2-L3,106,130,89,1
L1-L2-L3,106,137,197,1
L1-L2-L3,106,138,244,1
L1-L2-L3,106,139,179,1
L1-L2-L3,106,140,249,1
L1-L2-L3,106,154,122,1
L1-L2-L3,106,155,67,1
L1-L2-L3,106,158,71,1
L1-L2-L3,106,163,10,1
L1-L2-L3,106,165,251,1
L1-L2-L3,106,166,90,1
L1-L2-L3,106,168,247,1
L1-L2-L3,106,169,103,1
L1-L2-L3,106,171,16,1
L1-L2-L3,106,174,17,1
L1-L2-L3,106,175,148,1
L1-L2-L3,106,176,87,1
L1-L2-L3,106,180,155,1
L1-L2-L3,106,182,185,1
L1-L2-L3,106,183,186,1
L1-L2-L3,106,184,31,1
L1-L2-L3,106,186,56,1
L1-L2-L3,106,191,158,1
L1-L2-L3,106,192,23,1
L1-L2-L3,106,193,156,1
L1-L2-L3,106,194,206,1
L1-L2-L3,106,195,167,1
L1-L2-L3,106,199,136,1
L1-L2-L3,106,202,63,1
L1-L2-L3,106,203,128,1
L1-L2-L3,106,205,29,1
L1-L2-L3,106,208,249,1
L1-L2-L3,106,211,178,1
L1-L2-L3,106,213,77,1
L1-L2-L3,106,215,7,1
L1-L2-L3,106,218,80,1
L1-L2-L3,106,222,122,1
L1-L2-L3,106,224,213,1
L1-L2-L3,106,225,156,1
L1-L2-L3,106,229,159,1
L1-L2-L3,106,231,78,1
L1-L2-L3,106,232,175,1
L1-L2-L3,106,233,168,1
L1-L2-L3,106,239,11,1
L1-L2-L3,106,243,51,1
L1-L2-L3,106,245,171,1
L1-L2-L3,106,247,82,1
L1-L2-L3,106,248,178,1
L1-L2-L3,106,253,174,1
L1-L2-L3,107,2,42,1
L1-L2-L3,107,7,133,1
L1-L2-L3,107,10,212,1
L1-L2-L3,107,12,15,1
L1-L2-L3,107,19,80,1
L1-L2-L3,107,22,177,1
L1-L2-L3,107,24,139,1
L1-L2-L3,107,25,195,1
L1-L2-L3,107,26,187,1
L1-L2-L3,107,36,83,1
L1-L2-L3,107,41,41,1
L1-L2-L3,107,42,11,1
L1-L2-L3,107,50,122,1
L1-L2-L3,107,52,201,1
L1-L2-L3,107,58,222,1
L1-L2-L3,107,63,123,1
L1-L2-L3,107,64,217,1
L1-L2-L3,107,68,208,1
L1-L2-L3,107,76,77,1
L1-L2-L3,107,78,195,1
L1-L2-L3,107,103,216,1
L1-L2-L3,107,106,101,1
L1-L2-L3,107,109,44,1
L1-L2-L3,107,118,199,1
L1-L2-L3,107,121,28,1
L1-L2-L3,107,122,227,1
L1-L2-L3,107,123,156,1
L1-L2-L3,107,124,169,1
L1-L2-L3,107,125,14,1
L1-L2-L3,107,127,145,1
L1-L2-L3,107,128,22,1
L1-L2-L3,107,131,84,1
L1-L2-L3,107,132,59,1
L1-L2-L3,107,134,79,1
L1-L2-L3,107,137,135,1
L1-L2-L3,107,139,178,1
L1-L2-L3,107,140,34,1
L1-L2-L3,107,144,236,1
L1-L2-L3,107,146,212,1
L1-L2-L3,107,147,20,1
L1-L2-L3,107,154,169,1
L1-L2-L3,107,156,1,1
L1-L2-L3,107,157,214,1
L1-L2-L3,107,158,100,1
L1-L2-L3,107,159,6,1
L1-L2-L3,107,161,36,1
L1-L2-L3,107,166,89,1
L1-L2-L3,107,168,166,1
L1-L2-L3,107,173,64,1
L1-L2-L3,107,174,181,1
L1-L2-L3,107,175,110,1
L1-L2-L3,107,177,252,1
L1-L2-L3,107,182,36,1
L1-L2-L3,107,185,222,1
L1-L2-L3,107,190,14,1
L1-L2-L3,107,191,207,1
L1-L2-L3,107,192,243,1
L1-L2-L3,107,193,128,1
L1-L2-L3,107,196,212,1
L1-L2-L3,107,197,201,1
L1-L2-L3,107,199,67,1
L1-L2-L3,107,204,195,1
L1-L2-L3,107,207,204,1
L1-L2-L3,107,210,6,1
L1-L2-L3,107,212,237,1
L1-L2-L3,107,215,63,1
L1-L2-L3,107,217,222,1
L1-L2-L3,107,219,224,1
L1-L2-L3,107,221,15,1
L1-L2-L3,107,223,187,1
L1-L2-L3,107,227,177,1
L1-L2-L3,107,228,169,1
L1-L2-L3,107,229,30,1
L1-L2-L3,107,230,249,1
L1-L2-L3,107,231,204,1
L1-L2-L3,107,235,80,1
L1-L2-L3,107,236,89,1
L1-L2-L3,107,242,83,1
L1-L2-L3,107,243,232,1
L1-L2-L3,107,244,22,1
L1-L2-L3,107,250,100,1
L1-L2-L3,107,252,238,1
L1-L2-L3,107,255,8,1
L1-L2-L3,108,0,12,1
L1-L2-L3,108,4,99,1
L1-L2-L3,108,5,125,1
L1-L2-L3,108,6,110,1
L1-L2-L3,108,14,235,1
L1-L2-L3,108,15,239,1
L1-L2-L3,108,16,43,1
L1-L2-L3,108,17,0,1
L1-L2-L3,108,20,78,1
L1-L2-L3,108,28,3,1
L1-L2-L3,108,35,226,1
L1-L2-L3,108,37,37,1
L1-L2-L3,108,42,214,1
L1-L2-L3,108,44,7,1
L1-L2-L3,108,45,93,1
L1-L2-L3,108,46,112,1
L1-L2-L3,108,50,25,1
L1-L2-L3,108,51,244,1
L1-L2-L3,108,53,3,1
L1-L2-L3,108,55,90,1
L1-L2-L3,108,61,88,1
L1-L2-L3,108,62,99,1
L1-L2-L3,108,63,138,1
L1-L2-L3,108,65,131,1
L1-L2-L3,108,67,226,1
L1-L2-L3,108,68,221,1
L1-L2-L3,108,69,237,1
L1-L2-L3,108,75,92,1
L1-L2-L3,108,79,8,1
L1-L2-L3,108,84,88,1
L1-L2-L3,108,89,98,1
L1-L2-L3,108,93,169,1
L1-L2-L3,108,94,247,1
L1-L2-L3,108,97,154,1
L1-L2-L3,108,107,167,1
L1-L2-L3,108,109,28,1
L1-L2-L3,108,110,99,1
L1-L2-L3,108,112,37,1
L1-L2-L3,108,113,120,1
L1-L2-L3,108,114,98,1
L1-L2-L3,108,116,133,1
L1-L2-L3,108,118,138,1
L1-L2-L3,108,121,146,1
L1-L2-L3,108,130,228,1
L1-L2-L3,108,134,234,1
L1-L2-L3,108,137,156,1
L1-L2-L3,108,138,18,1
L1-L2-L3,108,139,24,1
L1-L2-L3,108,141,238,1
L1-L2-L3,108,143,172,1
L1-L2-L3,108,146,254,1
L1-L2-L3,108,147,199,1
L1-L2-L3,108,148,239,1
L1-L2-L3,108,150,167,1
L1-L2-L3,108,151,107,1
L1-L2-L3,108,155,109,1
L1-L2-L3,108,156,127,1
L1-L2-L3,108,158,252,1
L1-L2-L3,108,160,138,1
L1-L2-L3,108,161,48,1
L1-L2-L3,108,165,226,1
L1-L2-L3,108,166,12,1
L1-L2-L3,108,167,154,1
L1-L2-L3,108,168,80,1
L1-L2-L3,108,177,53,1
L1-L2-L3,108,180,182,1
L1-L2-L3,108,181,177,1
L1-L2-L3,108,186,38,1
L1-L2-L3,108,188,78,1
L1-L2-L3,108,189,160,1
L1-L2-L3,108,191,40,1
L1-L2-L3,108,193,239,1
L1-L2-L3,108,194,198,1
L1-L2-L3,108,196,249,1
L1-L2-L3,108,198,226,1
L1-L2-L3,108,199,50,1
L1-L2-L3,108,200,254,1
L1-L2-L3,108,202,214,1
L1-L2-L3,108,203,138,1
L1-L2-L3,108,206,239,1
L1-L2-L3,108,207,143,1
L1-L2-L3,108,209,122,1
L1-L2-L3,108,211,42,1
L1-L2-L3,108,213,105,1
L1-L2-L3,108,214,68,1
L1-L2-L3,108,219,99,1
L1-L2-L3,108,220,122,1
L1-L2-L3,108,222,222,1
L1-L2-L3,108,224,167,1
L1-L2-L3,108,228,96,1
L1-L2-L3,108,232,77,1
L1-L2-L3,108,235,30,1
L1-L2-L3,108,238,54,1
L1-L2-L3,108,239,53,1
L1-L2-L3,108,243,150,1
L1-L2-L3,108,245,209,1
L1-L2-L3,108,248,198,1
L1-L2-L3,108,249,183,1
L1-L2-L3,108,250,153,1
L1-L2-L3,108,254,149,1
L1-L2-L3,109,0,247,1
L1-L2-L3,109,1,235,1
L1-L2-L3,109,6,63,1
L1-L2-L3,109,7,99,1
L1-L2-L3,109,8,110,1
L1-L2-L3,109,9,250,1
L1-L2-L3,109,10,46,1
L1-L2-L3,109,11,125,1
L1-L2-L3,109,13,216,1
L1-L2-L3,109,16,243,1
L1-L2-L3,109,17,113,1
L1-L2-L3,109,19,138,1
L1-L2-L3,109,24,63,1
L1-L2-L3,109,27,130,1
L1-L2-L3,109,32,147,1
L1-L2-L3,109,33,155,1
L1-L2-L3,109,35,71,1
L1-L2-L3,109,37,152,1
L1-L2-L3,109,38,243,1
L1-L2-L3,109,45,165,1
L1-L2-L3,109,47,238,1
L1-L2-L3,109,50,33,1
L1-L2-L3,109,53,139,1
L1-L2-L3,109,57,202,1
L1-L2-L3,109,61,84,1
L1-L2-L3,109,67,54,1
L1-L2-L3,109,69,4,1
L1-L2-L3,109,77,230,1
L1-L2-L3,109,79,222,1
L1-L2-L3,109,81,209,1
L1-L2-L3,109,84,234,1
L1-L2-L3,109,85,117,1
L1-L2-L3,109,90,181,1
L1-L2-L3,109,92,38,1
L1-L2-L3,109,94,157,1
L1-L2-L3,109,96,245,1
L1-L2-L3,109,100,60,1
L1-L2-L3,109,101,173,1
L1-L2-L3,109,102,245,1
L1-L2-L3,109,103,120,1
L1-L2-L3,109,106,218,1
L1-L2-L3,109,108,198,1
L1-L2-L3,109,109,49,1
L1-L2-L3,109,110,54,1
L1-L2-L3,109,111,75,1
L1-L2-L3,109,113,152,1
L1-L2-L3,109,114,64,1
L1-L2-L3,109,115,54,1
L1-L2-L3,109,116,127,1
L1-L2-L3,109,118,217,1
L1-L2-L3,109,121,182,1
L1-L2-L3,109,122,190,1
L1-L2-L3,109,123,58,1
L1-L2-L3,109,124,139,1
L1-L2-L3,109,129,80,1
L1-L2-L3,109,133,73,1
L1-L2-L3,109,134,24,1
L1-L2-L3,109,135,138,1
L1-L2-L3,109,138,173,1
L1-L2-L3,109,139,230,1
L1-L2-L3,109,140,129,1
L1-L2-L3,109,141,143,1
L1-L2-L3,109,144,130,1
L1-L2-L3,109,145,178,1
L1-L2-L3,109,150,76,1
L1-L2-L3,109,152,89,1
L1-L2-L3,109,155,235,1
L1-L2-L3,109,161,253,1
L1-L2-L3,109,169,101,1
L1-L2-L3,109,170,171,1
L1-L2-L3,109,173,87,1
L1-L2-L3,109,174,50,1
L1-L2-L3,109,178,81,1
L1-L2-L3,109,181,19,1
L1-L2-L3,109,183,148,1
L1-L2-L3,109,186,198,1
L1-L2-L3,109,187,28,1
L1-L2-L3,109,189,6,1
L1-L2-L3,109,193,17,1
L1-L2-L3,109,195,110,1
L1-L2-L3,109,197,22,1
L1-L2-L3,109,204,193,1
L1-L2-L3,109,210,247,1
L1-L2-L3,109,211,243,1
L1-L2-L3,109,212,100,1
L1-L2-L3,109,216,182,1
L1-L2-L3,109,217,38,1
L1-L2-L3,109,218,153,1
L1-L2-L3,109,220,44,1
L1-L2-L3,109,222,253,1
L1-L2-L3,109,226,59,1
L1-L2-L3,109,227,178,1
L1-L2-L3,109,228,156,1
L1-L2-L3,109,229,152,1
L1-L2-L3,109,233,112,1
L1-L2-L3,109,237,34,1
L1-L2-L3,109,240,101,1
L1-L2-L3,109,242,240,1
L1-L2-L3,109,244,89,1
L1-L2-L3,109,245,101,1
L1-L2-L3,109,246,92,1
L1-L2-L3,109,248,228,1
L1-L2-L3,109,250,232,1
L1-L2-L3,109,251,228,1
L1-L2-L3,109,252,42,1
L1-L2-L3,109,254,190,1
L1-L2-L3,109,255,162,1
L1-L2-L3,110,0,25,1
L1-L2-L3,110,2,164,1
L1-L2-L3,110,16,81,1
L1-L2-L3,110,19,197,1
L1-L2-L3,110,23,6,1
L1-L2-L3,110,25,173,1
L1-L2-L3,110,26,102,1
L1-L2-L3,110,28,246,1
L1-L2-L3,110,29,10,1
L1-L2-L3,110,32,7,1
L1-L2-L3,110,37,207,1
L1-L2-L3,110,38,221,1
L1-L2-L3,110,46,23,1
L1-L2-L3,110,61,170,1
L1-L2-L3,110,69,201,1
L1-L2-L3,110,70,188,1
L1-L2-L3,110,71,81,1
L1-L2-L3,110,74,192,1
L1-L2-L3,110,76,110,1
L1-L2-L3,110,79,94,1
L1-L2-L3,110,83,121,1
L1-L2-L3,110,84,188,1
L1-L2-L3,110,86,119,1
L1-L2-L3,110,88,46,1
L1-L2-L3,110,90,92,1
L1-L2-L3,110,94,236,1
L1-L2-L3,110,98,107,1
L1-L2-L3,110,100,165,1
L1-L2-L3,110,103,204,1
L1-L2-L3,110,111,1,1
L1-L2-L3,110,112,224,1
L1-L2-L3,110,113,128,1
L1-L2-L3,110,115,108,1
L1-L2-L3,110,116,190,1
L1-L2-L3,110,118,66,1
L1-L2-L3,110,119,68,1
L1-L2-L3,110,121,156,1
L1-L2-L3,110,122,250,1
L1-L2-L3,110,123,39,1
L1-L2-L3,110,125,158,1
L1-L2-L3,110,126,30,1
L1-L2-L3,110,128,69,1
L1-L2-L3,110,140,215,1
L1-L2-L3,110,141,229,1
L1-L2-L3,110,142,227,1
L1-L2-L3,110,157,68,1
L1-L2-L3,110,159,84,1
L1-L2-L3,110,161,80,1
L1-L2-L3,110,162,153,1
L1-L2-L3,110,163,169,1
L1-L2-L3,110,165,185,1
L1-L2-L3,110,169,90,1
L1-L2-L3,110,170,187,1
L1-L2-L3,110,171,145,1
L1-L2-L3,110,172,32,1
L1-L2-L3,110,175,173,1
L1-L2-L3,110,177,0,1
L1-L2-L3,110,180,229,1
L1-L2-L3,110,182,196,1
L1-L2-L3,110,190,107,1
L1-L2-L3,110,196,156,1
L1-L2-L3,110,202,100,1
L1-L2-L3,110,205,115,1
L1-L2-L3,110,211,147,1
L1-L2-L3,110,218,203,1
L1-L2-L3,110,219,11,1
L1-L2-L3,110,227,203,1
L1-L2-L3,110,233,117,1
L1-L2-L3,110,236,196,1
L1-L2-L3,110,238,79,1
L1-L2-L3,110,239,182,1
L1-L2-L3,110,240,161,1
L1-L2-L3,110,241,156,1
L1-L2-L3,110,244,254,1
L1-L2-L3,110,245,177,1
L1-L2-L3,110,246,52,1
L1-L2-L3,110,247,142,1
L1-L2-L3,110,252,1,1
L1-L2-L3,110,254,150,1
L1-L2-L3,110,255,122,1
L1-L2-L3,111,3,204,1
L1-L2-L3,111,4,124,1
L1-L2-L3,111,6,188,1
L1-L2-L3,111,8,94,1
L1-L2-L3,111,9,109,1
L1-L2-L3,111,12,148,1
L1-L2-L3,111,16,105,1
L1-L2-L3,111,17,72,1
L1-L2-L3,111,18,105,1
L1-L2-L3,111,22,186,1
L1-L2-L3,111,23,141,1
L1-L2-L3,111,36,178,1
L1-L2-L3,111,41,21,1
L1-L2-L3,111,45,104,1
L1-L2-L3,111,47,212,1
L1-L2-L3,111,55,237,1
L1-L2-L3,111,58,79,1
L1-L2-L3,111,65,68,1
L1-L2-L3,111,66,134,1
L1-L2-L3,111,67,166,1
L1-L2-L3,111,76,236,1
L1-L2-L3,111,77,249,1
L1-L2-L3,111,79,66,1
L1-L2-L3,111,83,109,1
L1-L2-L3,111,84,105,1
L1-L2-L3,111,86,166,1
L1-L2-L3,111,90,115,1
L1-L2-L3,111,91,37,1
L1-L2-L3,111,92,218,1
L1-L2-L3,111,99,56,1
L1-L2-L3,111,102,36,1
L1-L2-L3,111,103,134,1
L1-L2-L3,111,108,187,1
L1-L2-L3,111,113,60,1
L1-L2-L3,111,114,58,1
L1-L2-L3,111,115,229,1
L1-L2-L3,111,116,172,1
L1-L2-L3,111,118,180,1
L1-L2-L3,111,119,105,1
L1-L2-L3,111,120,168,1
L1-L2-L3,111,122,17,1
L1-L2-L3,111,123,243,1
L1-L2-L3,111,125,143,1
L1-L2-L3,111,127,148,1
L1-L2-L3,111,128,169,1
L1-L2-L3,111,130,59,1
L1-L2-L3,111,132,78,1
L1-L2-L3,111,136,194,1
L1-L2-L3,111,138,207,1
L1-L2-L3,111,145,54,1
L1-L2-L3,111,146,243,1
L1-L2-L3,111,147,159,1
L1-L2-L3,111,152,122,1
L1-L2-L3,111,153,174,1
L1-L2-L3,111,157,223,1
L1-L2-L3,111,159,36,1
L1-L2-L3,111,164,21,1
L1-L2-L3,111,168,102,1
L1-L2-L3,111,169,120,1
L1-L2-L3,111,171,134,1
L1-L2-L3,111,176,94,1
L1-L2-L3,111,179,169,1
L1-L2-L3,111,180,91,1
L1-L2-L3,111,181,127,1
L1-L2-L3,111,182,207,1
L1-L2-L3,111,184,229,1
L1-L2-L3,111,186,141,1
L1-L2-L3,111,187,201,1
L1-L2-L3,111,188,204,1
L1-L2-L3,111,192,12,1
L1-L2-L3,111,198,54,1
L1-L2-L3,111,200,177,1
L1-L2-L3,111,201,80,1
L1-L2-L3,111,204,146,1
L1-L2-L3,111,205,193,1
L1-L2-L3,111,206,105,1
L1-L2-L3,111,207,89,1
L1-L2-L3,111,210,60,1
L1-L2-L3,111,211,195,1
L1-L2-L3,111,214,234,1
L1-L2-L3,111,216,109,1
L1-L2-L3,111,218,201,1
L1-L2-L3,111,221,222,1
L1-L2-L3,111,224,23,1
L1-L2-L3,111,228,121,1
L1-L2-L3,111,230,166,1
L1-L2-L3,111,231,174,1
L1-L2-L3,111,236,134,1
L1-L2-L3,111,237,175,1
L1-L2-L3,111,238,185,1
L1-L2-L3,111,239,140,1
L1-L2-L3,111,246,232,1
L1-L2-L3,111,249,237,1
L1-L2-L3,111,253,228,1
L1-L2-L3,111,255,6,1
L1-L2-L3,112,3,244,1
L1-L2-L3,112,4,141,1
L1-L2-L3,112,5,225,1
L1-L2-L3,112,6,228,1
L1-L2-L3,112,9,185,1
L1-L2-L3,112,10,40,1
L1-L2-L3,112,11,161,1
L1-L2-L3,112,12,116,1
L1-L2-L3,112,13,226,1
L1-L2-L3,112,14,46,1
L1-L2-L3,112,16,192,1
L1-L2-L3,112,22,123,1
L1-L2-L3,112,23,171,1
L1-L2-L3,112,24,133,1
L1-L2-L3,112,25,147,1
L1-L2-L3,112,29,253,1
L1-L2-L3,112,30,213,1
L1-L2-L3,112,31,253,1
L1-L2-L3,112,33,13,1
L1-L2-L3,112,34,234,1
L1-L2-L3,112,36,220,1
L1-L2-L3,112,40,27,1
L1-L2-L3,112,45,131,1
L1-L2-L3,112,46,90,1
L1-L2-L3,112,47,43,1
L1-L2-L3,112,48,15,1
L1-L2-L3,112,51,240,1
L1-L2-L3,112,55,157,1
L1-L2-L3,112,59,138,1
L1-L2-L3,112,61,132,1
L1-L2-L3,112,64,240,1
L1-L2-L3,112,65,55,1
L1-L2-L3,112,66,90,1
L1-L2-L3,112,73,17,1
L1-L2-L3,112,74,43,1
L1-L2-L3,112,79,100,1
L1-L2-L3,112,81,175,1
L1-L2-L3,112,85,62,1
L1-L2-L3,112,88,198,1
L1-L2-L3,112,97,17,1
L1-L2-L3,112,99,93,1
L1-L2-L3,112,100,186,1
L1-L2-L3,112,101,23,1
L1-L2-L3,112,102,95,1
L1-L2-L3,112,103,57,1
L1-L2-L3,112,104,5,1
L1-L2-L3,112,105,238,1
L1-L2-L3,112,106,96,1
L1-L2-L3,112,107,234,1
L1-L2-L3,112,113,230,1
L1-L2-L3,112,114,113,1
L1-L2-L3,112,119,154,1
L1-L2-L3,112,125,100,1
L1-L2-L3,112,130,199,1
L1-L2-L3,112,131,38,1
L1-L2-L3,112,132,95,1
L1-L2-L3,112,134,27,1
L1-L2-L3,112,136,137,1
L1-L2-L3,112,140,94,1
L1-L2-L3,112,142,25,1
L1-L2-L3,112,143,144,1
L1-L2-L3,112,148,137,1
L1-L2-L3,112,150,62,1
L1-L2-L3,112,152,138,1
L1-L2-L3,112,153,80,1
L1-L2-L3,112,160,240,1
L1-L2-L3,112,165,240,1
L1-L2-L3,112,166,35,1
L1-L2-L3,112,167,116,1
L1-L2-L3,112,168,132,1
L1-L2-L3,112,171,1,1
L1-L2-L3,112,176,78,1
L1-L2-L3,112,177,110,1
L1-L2-L3,112,179,149,1
L1-L2-L3,112,184,138,1
L1-L2-L3,112,185,245,1
L1-L2-L3,112,186,165,1
L1-L2-L3,112,188,34,1
L1-L2-L3,112,191,166,1
L1-L2-L3,112,192,220,1
L1-L2-L3,112,197,96,1
L1-L2-L3,112,198,125,1
L1-L2-L3,112,199,220,1
L1-L2-L3,112,200,191,1
L1-L2-L3,112,201,135,1
L1-L2-L3,112,204,27,1
L1-L2-L3,112,207,146,1
L1-L2-L3,112,208,86,1
L1-L2-L3,112,209,148,1
L1-L2-L3,112,210,231,1
L1-L2-L3,112,217,189,1
L1-L2-L3,112,219,198,1
L1-L2-L3,112,220,248,1
L1-L2-L3,112,225,128,1
L1-L2-L3,112,226,104,1
L1-L2-L3,112,229,27,1
L1-L2-L3,112,230,25,1
L1-L2-L3,112,231,254,1
L1-L2-L3,112,232,203,1
L1-L2-L3,112,233,92,1
L1-L2-L3,112,236,213,1
L1-L2-L3,112,238,131,1
L1-L2-L3,112,246,150,1
L1-L2-L3,112,250,233,1
L1-L2-L3,112,254,91,1
L1-L2-L3,113,0,64,1
L1-L2-L3,113,1,131,1
L1-L2-L3,113,2,110,1
L1-L2-L3,113,5,83,1
L1-L2-L3,113,10,94,1
L1-L2-L3,113,14,10,1
L1-L2-L3,113,19,74,1
L1-L2-L3,113,21,248,1
L1-L2-L3,113,23,206,1
L1-L2-L3,113,26,232,1
L1-L2-L3,113,28,223,1
L1-L2-L3,113,29,133,1
L1-L2-L3,113,30,212,1
L1-L2-L3,113,31,196,1
L1-L2-L3,113,35,133,1
L1-L2-L3,113,39,93,1
L1-L2-L3,113,40,226,1
L1-L2-L3,113,41,174,1
L1-L2-L3,113,43,127,1
L1-L2-L3,113,46,211,1
L1-L2-L3,113,47,124,1
L1-L2-L3,113,48,216,1
L1-L2-L3,113,55,251,1
L1-L2-L3,113,59,188,1
L1-L2-L3,113,60,75,1
L1-L2-L3,113,62,36,1
L1-L2-L3,113,63,219,1
L1-L2-L3,113,68,32,1
L1-L2-L3,113,73,177,1
L1-L2-L3,113,75,34,1
L1-L2-L3,113,76,187,1
L1-L2-L3,113,80,117,1
L1-L2-L3,113,81,139,1
L1-L2-L3,113,83,72,1
L1-L2-L3,113,84,180,1
L1-L2-L3,113,85,72,1
L1-L2-L3,113,87,101,1
L1-L2-L3,113,88,47,1
L1-L2-L3,113,89,133,1
L1-L2-L3,113,94,121,1
L1-L2-L3,113,95,216,1
L1-L2-L3,113,99,135,1
L1-L2-L3,113,100,173,1
L1-L2-L3,113,102,159,1
L1-L2-L3,113,104,32,1
L1-L2-L3,113,105,202,1
L1-L2-L3,113,108,9,1
L1-L2-L3,113,113,109,1
L1-L2-L3,113,116,68,1
L1-L2-L3,113,120,226,1
L1-L2-L3,113,121,115,1
L1-L2-L3,113,122,243,1
L1-L2-L3,113,124,69,1
L1-L2-L3,113,125,18,1
L1-L2-L3,113,128,144,1
L1-L2-L3,113,133,66,1
L1-L2-L3,113,135,72,1
L1-L2-L3,113,139,191,1
L1-L2-L3,113,140,183,1
L1-L2-L3,113,142,118,1
L1-L2-L3,113,145,4,1
L1-L2-L3,113,146,48,1
L1-L2-L3,113,147,248,1
L1-L2-L3,113,150,231,1
L1-L2-L3,113,151,136,1
L1-L2-L3,113,152,106,1
L1-L2-L3,113,156,17,1
L1-L2-L3,113,157,142,1
L1-L2-L3,113,159,136,1
L1-L2-L3,113,160,20,1
L1-L2-L3,113,162,30,1
L1-L2-L3,113,165,179,1
L1-L2-L3,113,166,87,1
L1-L2-L3,113,167,226,1
L1-L2-L3,113,170,56,1
L1-L2-L3,113,171,25,1
L1-L2-L3,113,173,8,1
L1-L2-L3,113,175,114,1
L1-L2-L3,113,176,159,1
L1-L2-L3,113,178,39,1
L1-L2-L3,113,179,115,1
L1-L2-L3,113,181,219,1
L1-L2-L3,113,183,117,1
L1-L2-L3,113,185,160,1
L1-L2-L3,113,186,167,1
L1-L2-L3,113,192,79,1
L1-L2-L3,113,194,139,1
L1-L2-L3,113,195,52,1
L1-L2-L3,113,198,58,1
L1-L2-L3,113,202,149,1
L1-L2-L3,113,204,211,1
L1-L2-L3,113,206,248,1
L1-L2-L3,113,207,7,1
L1-L2-L3,113,209,45,1
L1-L2-L3,113,212,25,1
L1-L2-L3,113,213,79,1
L1-L2-L3,113,215,86,1
L1-L2-L3,113,216,76,1
L1-L2-L3,113,217,186,1
L1-L2-L3,113,218,182,1
L1-L2-L3,113,220,240,1
L1-L2-L3,113,221,147,1
L1-L2-L3,113,222,92,1
L1-L2-L3,113,223,229,1
L1-L2-L3,113,224,73,1
L1-L2-L3,113,226,38,1
L1-L2-L3,113,228,218,1
L1-L2-L3,113,229,133,1
L1-L2-L3,113,235,104,1
L1-L2-L3,113,236,231,1
L1-L2-L3,113,238,230,1
L1-L2-L3,113,239,212,1
L1-L2-L3,113,240,28,1
L1-L2-L3,113,241,1,1
L1-L2-L3,113,243,195,1
L1-L2-L3,113,244,166,1
L1-L2-L3,113,247,189,1
L1-L2-L3,113,249,233,1
L1-L2-L3,113,250,210,1
L1-L2-L3,113,251,234,1
L1-L2-L3,113,252,136,1
L1-L2-L3,113,254,242,1
L1-L2-L3,113,255,99,1
L1-L2-L3,114,2,133,1
L1-L2-L3,114,6,220,1
L1-L2-L3,114,8,100,1
L1-L2-L3,114,10,69,1
L1-L2-L3,114,11,124,1
L1-L2-L3,114,12,250,1
L1-L2-L3,114,16,31,1
L1-L2-L3,114,28,145,1
L1-L2-L3,114,31,123,1
L1-L2-L3,114,32,135,1
L1-L2-L3,114,37,9,1
L1-L2-L3,114,39,80,1
L1-L2-L3,114,41,116,1
L1-L2-L3,114,43,58,1
L1-L2-L3,114,45,108,1
L1-L2-L3,114,46,82,1
L1-L2-L3,114,47,108,1
L1-L2-L3,114,49,157,1
L1-L2-L3,114,53,229,1
L1-L2-L3,114,56,186,1
L1-L2-L3,114,58,117,1
L1-L2-L3,114,61,183,1
L1-L2-L3,114,65,56,1
L1-L2-L3,114,67,195,1
L1-L2-L3,114,73,53,1
L1-L2-L3,114,75,230,1
L1-L2-L3,114,77,194,1
L1-L2-L3,114,86,117,1
L1-L2-L3,114,94,113,1
L1-L2-L3,114,97,230,1
L1-L2-L3,114,98,202,1
L1-L2-L3,114,100,220,1
L1-L2-L3,114,101,34,1
L1-L2-L3,114,102,254,1
L1-L2-L3,114,105,156,1
L1-L2-L3,114,106,123,1
L1-L2-L3,114,110,79,1
L1-L2-L3,114,113,99,1
L1-L2-L3,114,114,40,1
L1-L2-L3,114,118,161,1
L1-L2-L3,114,123,206,1
L1-L2-L3,114,124,8,1
L1-L2-L3,114,125,76,1
L1-L2-L3,114,126,175,1
L1-L2-L3,114,128,252,1
L1-L2-L3,114,130,243,1
L1-L2-L3,114,132,49,1
L1-L2-L3,114,135,246,1
L1-L2-L3,114,136,216,1
L1-L2-L3,114,139,248,1
L1-L2-L3,114,145,45,1
L1-L2-L3,114,146,129,1
L1-L2-L3,114,150,92,1
L1-L2-L3,114,152,51,1
L1-L2-L3,114,156,8,1
L1-L2-L3,114,157,150,1
L1-L2-L3,114,158,197,1
L1-L2-L3,114,162,116,1
L1-L2-L3,114,164,223,1
L1-L2-L3,114,169,152,1
L1-L2-L3,114,171,79,1
L1-L2-L3,114,173,160,1
L1-L2-L3,114,175,231,1
L1-L2-L3,114,177,186,1
L1-L2-L3,114,179,164,1
L1-L2-L3,114,183,192,1
L1-L2-L3,114,188,77,1
L1-L2-L3,114,191,232,1
L1-L2-L3,114,192,186,1
L1-L2-L3,114,194,53,1
L1-L2-L3,114,196,236,1
L1-L2-L3,114,200,65,1
L1-L2-L3,114,202,244,1
L1-L2-L3,114,205,151,1
L1-L2-L3,114,206,223,1
L1-L2-L3,114,210,33,1
L1-L2-L3,114,211,162,1
L1-L2-L3,114,212,58,1
L1-L2-L3,114,214,63,1
L1-L2-L3,114,216,99,1
L1-L2-L3,114,220,99,1
L1-L2-L3,114,224,42,1
L1-L2-L3,114,230,209,1
L1-L2-L3,114,235,150,1
L1-L2-L3,114,237,252,1
L1-L2-L3,114,239,49,1
L1-L2-L3,114,241,24,1
L1-L2-L3,114,242,158,1
L1-L2-L3,114,243,222,1
L1-L2-L3,114,244,49,1
L1-L2-L3,114,245,91,1
L1-L2-L3,114,248,204,1
L1-L2-L3,114,249,109,1
L1-L2-L3,114,250,221,1
L1-L2-L3,115,1,60,1
L1-L2-L3,115,3,250,1
L1-L2-L3,115,6,146,1
L1-L2-L3,115,9,124,1
L1-L2-L3,115,10,149,1
L1-L2-L3,115,11,188,1
L1-L2-L3,115,12,73,1
L1-L2-L3,115,13,187,1
L1-L2-L3,115,14,123,1
L1-L2-L3,115,16,149,1
L1-L2-L3,115,19,255,1
L1-L2-L3,115,22,51,1
L1-L2-L3,115,25,123,1
L1-L2-L3,115,26,120,1
L1-L2-L3,115,27,204,1
L1-L2-L3,115,31,36,1
L1-L2-L3,115,32,151,1
L1-L2-L3,115,33,149,1
L1-L2-L3,115,34,110,1
L1-L2-L3,115,35,67,1
L1-L2-L3,115,37,41,1
L1-L2-L3,115,38,182,1
L1-L2-L3,115,41,232,1
L1-L2-L3,115,42,89,1
L1-L2-L3,115,46,110,1
L1-L2-L3,115,49,70,1
L1-L2-L3,115,50,100,1
L1-L2-L3,115,53,181,1
L1-L2-L3,115,54,130,1
L1-L2-L3,115,55,121,1
L1-L2-L3,115,58,68,1
L1-L2-L3,115,60,222,1
L1-L2-L3,115,64,60,1
L1-L2-L3,115,65,111,1
L1-L2-L3,115,66,212,1
L1-L2-L3,115,68,81,1
L1-L2-L3,115,69,109,1
L1-L2-L3,115,70,181,1
L1-L2-L3,115,72,139,1
L1-L2-L3,115,73,199,1
L1-L2-L3,115,75,138,1
L1-L2-L3,115,80,177,1
L1-L2-L3,115,81,36,1
L1-L2-L3,115,83,179,1
L1-L2-L3,115,84,108,1
L1-L2-L3,115,89,246,1
L1-L2-L3,115,90,13,1
L1-L2-L3,115,92,49,1
L1-L2-L3,115,95,49,1
L1-L2-L3,115,98,224,1
L1-L2-L3,115,99,232,1
L1-L2-L3,115,103,184,1
L1-L2-L3,115,107,184,1
L1-L2-L3,115,109,226,1
L1-L2-L3,115,115,193,1
L1-L2-L3,115,117,75,1
L1-L2-L3,115,121,152,1
L1-L2-L3,115,122,52,1
L1-L2-L3,115,123,187,1
L1-L2-L3,115,125,199,1
L1-L2-L3,115,126,58,1
L1-L2-L3,115,129,70,1
L1-L2-L3,115,130,245,1
L1-L2-L3,115,131,114,1
L1-L2-L3,115,132,104,1
L1-L2-L3,115,134,194,1
L1-L2-L3,115,139,152,1
L1-L2-L3,115,142,151,1
L1-L2-L3,115,144,43,1
L1-L2-L3,115,146,217,1
L1-L2-L3,115,147,179,1
L1-L2-L3,115,148,179,1
L1-L2-L3,115,152,52,1
L1-L2-L3,115,154,120,1
L1-L2-L3,115,160,137,1
L1-L2-L3,115,161,220,1
L1-L2-L3,115,164,73,1
L1-L2-L3,115,168,133,1
L1-L2-L3,115,171,243,1
L1-L2-L3,115,172,111,1
L1-L2-L3,115,174,200,1
L1-L2-L3,115,175,67,1
L1-L2-L3,115,176,20,1
L1-L2-L3,115,178,202,1
L1-L2-L3,115,179,122,1
L1-L2-L3,115,181,132,1
L1-L2-L3,115,185,208,1
L1-L2-L3,115,193,89,1
L1-L2-L3,115,194,13,1
L1-L2-L3,115,196,79,1
L1-L2-L3,115,198,60,1
L1-L2-L3,115,202,160,1
L1-L2-L3,115,204,181,1
L1-L2-L3,115,205,110,1
L1-L2-L3,115,207,121,1
L1-L2-L3,115,208,180,1
L1-L2-L3,115,214,5,1
L1-L2-L3,115,215,194,1
L1-L2-L3,115,216,255,1
L1-L2-L3,115,221,55,1
L1-L2-L3,115,224,246,1
L1-L2-L3,115,225,69,1
L1-L2-L3,115,229,187,1
L1-L2-L3,115,230,15,1
L1-L2-L3,115,231,243,1
L1-L2-L3,115,232,129,1
L1-L2-L3,115,238,126,1
L1-L2-L3,115,241,225,1
L1-L2-L3,115,244,243,1
L1-L2-L3,115,245,170,1
L1-L2-L3,115,246,244,1
L1-L2-L3,115,247,255,1
L1-L2-L3,115,248,13,1
L1-L2-L3,115,249,53,1
L1-L2-L3,115,250,254,1
L1-L2-L3,115,253,176,1
L1-L2-L3,115,254,17,1
L1-L2-L3,116,0,10,1
L1-L2-L3,116,11,143,1
L1-L2-L3,116,12,14,1
L1-L2-L3,116,14,157,1
L1-L2-L3,116,17,125,1
L1-L2-L3,116,18,100,1
L1-L2-L3,116,20,31,1
L1-L2-L3,116,21,152,1
L1-L2-L3,116,24,146,1
L1-L2-L3,116,27,206,1
L1-L2-L3,116,31,2,1
L1-L2-L3,116,39,168,1
L1-L2-L3,116,40,35,1
L1-L2-L3,116,43,183,1
L1-L2-L3,116,46,95,1
L1-L2-L3,116,47,160,1
L1-L2-L3,116,49,246,1
L1-L2-L3,116,51,127,1
L1-L2-L3,116,54,149,1
L1-L2-L3,116,57,198,1
L1-L2-L3,116,60,205,1
L1-L2-L3,116,63,251,1
L1-L2-L3,116,65,86,1
L1-L2-L3,116,68,246,1
L1-L2-L3,116,69,184,1
L1-L2-L3,116,72,206,1
L1-L2-L3,116,73,172,1
L1-L2-L3,116,74,189,1
L1-L2-L3,116,75,144,1
L1-L2-L3,116,77,163,1
L1-L2-L3,116,79,231,1
L1-L2-L3,116,80,45,1
L1-L2-L3,116,84,213,1
L1-L2-L3,116,86,245,1
L1-L2-L3,116,91,158,1
L1-L2-L3,116,93,205,1
L1-L2-L3,116,95,131,1
L1-L2-L3,116,96,231,1
L1-L2-L3,116,98,251,1
L1-L2-L3,116,99,5,1
L1-L2-L3,116,100,205,1
L1-L2-L3,116,101,58,1
L1-L2-L3,116,102,118,1
L1-L2-L3,116,103,214,1
L1-L2-L3,116,112,83,1
L1-L2-L3,116,113,29,1
L1-L2-L3,116,114,29,1
L1-L2-L3,116,121,24,1
L1-L2-L3,116,129,107,1
L1-L2-L3,116,130,158,1
L1-L2-L3,116,131,104,1
L1-L2-L3,116,136,116,1
L1-L2-L3,116,137,77,1
L1-L2-L3,116,139,52,1
L1-L2-L3,116,140,0,1
L1-L2-L3,116,142,251,1
L1-L2-L3,116,145,162,1
L1-L2-L3,116,146,190,1
L1-L2-L3,116,147,183,1
L1-L2-L3,116,148,241,1
L1-L2-L3,116,149,27,1
L1-L2-L3,116,152,110,1
L1-L2-L3,116,157,19,1
L1-L2-L3,116,158,194,1
L1-L2-L3,116,160,10,1
L1-L2-L3,116,162,81,1
L1-L2-L3,116,164,184,1
L1-L2-L3,116,165,168,1
L1-L2-L3,116,166,128,1
L1-L2-L3,116,174,54,1
L1-L2-L3,116,180,149,1
L1-L2-L3,116,182,245,1
L1-L2-L3,116,185,179,1
L1-L2-L3,116,186,149,1
L1-L2-L3,116,187,42,1
L1-L2-L3,116,188,103,1
L1-L2-L3,116,191,7,1
L1-L2-L3,116,195,155,1
L1-L2-L3,116,197,89,1
L1-L2-L3,116,204,86,1
L1-L2-L3,116,209,93,1
L1-L2-L3,116,210,29,1
L1-L2-L3,116,211,95,1
L1-L2-L3,116,213,161,1
L1-L2-L3,116,217,22,1
L1-L2-L3,116,218,56,1
L1-L2-L3,116,221,172,1
L1-L2-L3,116,223,47,1
L1-L2-L3,116,224,254,1
L1-L2-L3,116,225,45,1
L1-L2-L3,116,227,103,1
L1-L2-L3,116,228,26,1
L1-L2-L3,116,231,160,1
L1-L2-L3,116,232,42,1
L1-L2-L3,116,234,158,1
L1-L2-L3,116,236,156,1
L1-L2-L3,116,239,179,1
L1-L2-L3,116,241,194,1
L1-L2-L3,116,242,128,1
L1-L2-L3,116,243,96,1
L1-L2-L3,116,244,16,1
L1-L2-L3,116,246,194,1
L1-L2-L3,116,248,234,1
L1-L2-L3,116,249,143,1
L1-L2-L3,116,250,93,1
L1-L2-L3,116,251,235,1
L1-L2-L3,117,4,220,1
L1-L2-L3,117,8,31,1
L1-L2-L3,117,12,31,1
L1-L2-L3,117,13,119,1
L1-L2-L3,117,17,184,1
L1-L2-L3,117,18,242,1
L1-L2-L3,117,19,102,1
L1-L2-L3,117,22,150,1
L1-L2-L3,117,23,98,1
L1-L2-L3,117,25,52,1
L1-L2-L3,117,31,116,1
L1-L2-L3,117,42,19,1
L1-L2-L3,117,48,6,1
L1-L2-L3,117,49,127,1
L1-L2-L3,117,50,137,1
L1-L2-L3,117,51,25,1
L1-L2-L3,117,62,122,1
L1-L2-L3,117,73,15,1
L1-L2-L3,117,76,247,1
L1-L2-L3,117,77,85,1
L1-L2-L3,117,82,230,1
L1-L2-L3,117,87,10,1
L1-L2-L3,117,88,73,1
L1-L2-L3,117,91,23,1
L1-L2-L3,117,92,104,1
L1-L2-L3,117,94,197,1
L1-L2-L3,117,97,19,1
L1-L2-L3,117,98,10,1
L1-L2-L3,117,104,108,1
L1-L2-L3,117,106,173,1
L1-L2-L3,117,107,31,1
L1-L2-L3,117,114,201,1
L1-L2-L3,117,119,4,1
L1-L2-L3,117,123,51,1
L1-L2-L3,117,124,68,1
L1-L2-L3,117,125,128,1
L1-L2-L3,117,126,16,1
L1-L2-L3,117,131,117,1
L1-L2-L3,117,135,50,1
L1-L2-L3,117,137,244,1
L1-L2-L3,117,141,22,1
L1-L2-L3,117,145,67,1
L1-L2-L3,117,155,170,1
L1-L2-L3,117,158,196,1
L1-L2-L3,117,160,6,1
L1-L2-L3,117,162,102,1
L1-L2-L3,117,165,253,1
L1-L2-L3,117,169,58,1
L1-L2-L3,117,174,250,1
L1-L2-L3,117,175,157,1
L1-L2-L3,117,180,136,1
L1-L2-L3,117,182,49,1
L1-L2-L3,117,184,131,1
L1-L2-L3,117,186,124,1
L1-L2-L3,117,187,126,1
L1-L2-L3,117,188,20,1
L1-L2-L3,117,191,15,1
L1-L2-L3,117,194,243,1
L1-L2-L3,117,198,215,1
L1-L2-L3,117,204,108,1
L1-L2-L3,117,205,255,1
L1-L2-L3,117,206,129,1
L1-L2-L3,117,207,84,1
L1-L2-L3,117,210,184,1
L1-L2-L3,117,211,111,1
L1-L2-L3,117,212,102,1
L1-L2-L3,117,217,150,1
L1-L2-L3,117,218,114,1
L1-L2-L3,117,221,76,1
L1-L2-L3,117,222,151,1
L1-L2-L3,117,223,3,1
L1-L2-L3,117,226,124,1
L1-L2-L3,117,228,17,1
L1-L2-L3,117,230,71,1
L1-L2-L3,117,231,5,1
L1-L2-L3,117,233,74,1
L1-L2-L3,117,235,38,1
L1-L2-L3,117,239,225,1
L1-L2-L3,117,241,56,1
L1-L2-L3,117,244,165,1
L1-L2-L3,117,245,213,1
L1-L2-L3,117,253,27,1
L1-L2-L3,118,1,229,1
L1-L2-L3,118,5,192,1
L1-L2-L3,118,6,219,1
L1-L2-L3,118,8,162,1
L1-L2-L3,118,11,154,1
L1-L2-L3,118,14,11,1
L1-L2-L3,118,15,85,1
L1-L2-L3,118,17,103,1
L1-L2-L3,118,20,90,1
L1-L2-L3,118,21,83,1
L1-L2-L3,118,23,20,1
L1-L2-L3,118,26,244,1
L1-L2-L3,118,27,49,1
L1-L2-L3,118,28,177,1
L1-L2-L3,118,30,125,1
L1-L2-L3,118,32,192,1
L1-L2-L3,118,35,66,1
L1-L2-L3,118,36,251,1
L1-L2-L3,118,38,123,1
L1-L2-L3,118,40,94,1
L1-L2-L3,118,46,119,1
L1-L2-L3,118,47,159,1
L1-L2-L3,118,49,178,1
L1-L2-L3,118,53,218,1
L1-L2-L3,118,58,39,1
L1-L2-L3,118,60,193,1
L1-L2-L3,118,62,164,1
L1-L2-L3,118,63,158,1
L1-L2-L3,118,65,224,1
L1-L2-L3,118,69,48,1
L1-L2-L3,118,72,39,1
L1-L2-L3,118,73,79,1
L1-L2-L3,118,74,143,1
L1-L2-L3,118,77,11,1
L1-L2-L3,118,78,63,1
L1-L2-L3,118,80,161,1
L1-L2-L3,118,83,19,1
L1-L2-L3,118,86,36,1
L1-L2-L3,118,88,132,1
L1-L2-L3,118,93,141,1
L1-L2-L3,118,98,139,1
L1-L2-L3,118,100,105,1
L1-L2-L3,118,103,219,1
L1-L2-L3,118,106,71,1
L1-L2-L3,118,107,25,1
L1-L2-L3,118,111,235,1
L1-L2-L3,118,113,231,1
L1-L2-L3,118,114,20,1
L1-L2-L3,118,115,174,1
L1-L2-L3,118,118,30,1
L1-L2-L3,118,121,4,1
L1-L2-L3,118,122,154,1
L1-L2-L3,118,131,140,1
L1-L2-L3,118,134,183,1
L1-L2-L3,118,135,0,1
L1-L2-L3,118,138,101,1
L1-L2-L3,118,141,202,1
L1-L2-L3,118,147,78,1
L1-L2-L3,118,150,106,1
L1-L2-L3,118,153,62,1
L1-L2-L3,118,154,73,1
L1-L2-L3,118,160,156,1
L1-L2-L3,118,163,119,1
L1-L2-L3,118,167,123,1
L1-L2-L3,118,168,30,1
L1-L2-L3,118,169,44,1
L1-L2-L3,118,170,122,1
L1-L2-L3,118,172,51,1
L1-L2-L3,118,176,236,1
L1-L2-L3,118,178,80,1
L1-L2-L3,118,179,11,1
L1-L2-L3,118,183,65,1
L1-L2-L3,118,186,8,1
L1-L2-L3,118,188,99,1
L1-L2-L3,118,193,186,1
L1-L2-L3,118,195,214,1
L1-L2-L3,118,197,7,1
L1-L2-L3,118,198,141,1
L1-L2-L3,118,200,248,1
L1-L2-L3,118,202,185,1
L1-L2-L3,118,204,63,1
L1-L2-L3,118,207,74,1
L1-L2-L3,118,215,87,1
L1-L2-L3,118,217,144,1
L1-L2-L3,118,218,0,1
L1-L2-L3,118,221,207,1
L1-L2-L3,118,224,154,1
L1-L2-L3,118,225,120,1
L1-L2-L3,118,226,21,1
L1-L2-L3,118,229,56,1
L1-L2-L3,118,233,247,1
L1-L2-L3,118,234,10,1
L1-L2-L3,118,235,41,1
L1-L2-L3,118,237,2,1
L1-L2-L3,118,238,57,1
L1-L2-L3,118,242,101,1
L1-L2-L3,118,245,217,1
L1-L2-L3,118,247,206,1
L1-L2-L3,118,248,94,1
L1-L2-L3,118,249,86,1
L1-L2-L3,118,252,97,1
L1-L2-L3,118,254,57,1
L1-L2-L3,119,2,19,1
L1-L2-L3,119,4,24,1
L1-L2-L3,119,11,122,1
L1-L2-L3,119,14,189,1
L1-L2-L3,119,24,7,1
L1-L2-L3,119,26,60,1
L1-L2-L3,119,29,174,1
L1-L2-L3,119,32,152,1
L1-L2-L3,119,36,183,1
L1-L2-L3,119,42,84,1
L1-L2-L3,119,54,252,1
L1-L2-L3,119,64,126,1
L1-L2-L3,119,68,187,1
L1-L2-L3,119,69,123,1
L1-L2-L3,119,71,252,1
L1-L2-L3,119,73,109,1
L1-L2-L3,119,83,80,1
L1-L2-L3,119,86,7,1
L1-L2-L3,119,90,217,1
L1-L2-L3,119,93,171,1
L1-L2-L3,119,94,208,1
L1-L2-L3,119,95,126,1
L1-L2-L3,119,98,27,1
L1-L2-L3,119,99,191,1
L1-L2-L3,119,104,60,1
L1-L2-L3,119,110,174,1
L1-L2-L3,119,111,184,1
L1-L2-L3,119,112,111,1
L1-L2-L3,119,122,210,1
L1-L2-L3,119,129,68,1
L1-L2-L3,119,132,72,1
L1-L2-L3,119,134,8,1
L1-L2-L3,119,135,188,1
L1-L2-L3,119,148,60,1
L1-L2-L3,119,149,49,1
L1-L2-L3,119,150,98,1
L1-L2-L3,119,155,69,1
L1-L2-L3,119,160,90,1
L1-L2-L3,119,165,34,1
L1-L2-L3,119,167,109,1
L1-L2-L3,119,169,13,1
L1-L2-L3,119,170,134,1
L1-L2-L3,119,171,144,1
L1-L2-L3,119,173,212,1
L1-L2-L3,119,175,224,1
L1-L2-L3,119,176,221,1
L1-L2-L3,119,178,60,1
L1-L2-L3,119,179,174,1
L1-L2-L3,119,182,180,1
L1-L2-L3,119,186,9,1
L1-L2-L3,119,195,127,1
L1-L2-L3,119,196,41,1
L1-L2-L3,119,200,147,1
L1-L2-L3,119,202,56,1
L1-L2-L3,119,203,84,1
L1-L2-L3,119,204,160,1
L1-L2-L3,119,205,166,1
L1-L2-L3,119,207,117,1
L1-L2-L3,119,209,161,1
L1-L2-L3,119,212,77,1
L1-L2-L3,119,213,160,1
L1-L2-L3,119,218,174,1
L1-L2-L3,119,219,69,1
L1-L2-L3,119,220,203,1
L1-L2-L3,119,222,134,1
L1-L2-L3,119,223,219,1
L1-L2-L3,119,225,129,1
L1-L2-L3,119,226,60,1
L1-L2-L3,119,231,139,1
L1-L2-L3,119,235,95,1
L1-L2-L3,119,237,235,1
L1-L2-L3,119,250,185,1
L1-L2-L3,119,254,72,1
L1-L2-L3,119,255,119,1
L1-L2-L3,120,2,36,1
L1-L2-L3,120,7,143,1
L1-L2-L3,120,9,251,1
L1-L2-L3,120,25,132,1
L1-L2-L3,120,26,15,1
L1-L2-L3,120,32,161,1
L1-L2-L3,120,35,111,1
L1-L2-L3,120,36,30,1
L1-L2-L3,120,37,143,1
L1-L2-L3,120,39,99,1
L1-L2-L3,120,40,10,1
L1-L2-L3,120,44,241,1
L1-L2-L3,120,45,28,1
L1-L2-L3,120,47,44,1
L1-L2-L3,120,50,79,1
L1-L2-L3,120,54,204,1
L1-L2-L3,120,57,152,1
L1-L2-L3,120,60,69,1
L1-L2-L3,120,62,29,1
L1-L2-L3,120,65,102,1
L1-L2-L3,120,67,153,1
L1-L2-L3,120,69,96,1
L1-L2-L3,120,72,182,1
L1-L2-L3,120,74,226,1
L1-L2-L3,120,77,149,1
L1-L2-L3,120,80,101,1
L1-L2-L3,120,81,225,1
L1-L2-L3,120,84,252,1
L1-L2-L3,120,88,178,1
L1-L2-L3,120,89,67,1
L1-L2-L3,120,92,242,1
L1-L2-L3,120,93,17,1
L1-L2-L3,120,95,23,1
L1-L2-L3,120,97,115,1
L1-L2-L3,120,99,72,1
L1-L2-L3,120,100,219,1
L1-L2-L3,120,105,186,1
L1-L2-L3,120,108,36,1
L1-L2-L3,120,111,213,1
L1-L2-L3,120,112,156,1
L1-L2-L3,120,113,250,1
L1-L2-L3,120,117,153,1
L1-L2-L3,120,119,130,1
L1-L2-L3,120,128,102,1
L1-L2-L3,120,139,88,1
L1-L2-L3,120,140,110,1
L1-L2-L3,120,141,82,1
L1-L2-L3,120,145,120,1
L1-L2-L3,120,147,144,1
L1-L2-L3,120,148,51,1
L1-L2-L3,120,149,31,1
L1-L2-L3,120,150,51,1
L1-L2-L3,120,151,186,1
L1-L2-L3,120,157,156,1
L1-L2-L3,120,158,62,1
L1-L2-L3,120,161,25,1
L1-L2-L3,120,164,133,1
L1-L2-L3,120,165,94,1
L1-L2-L3,120,171,210,1
L1-L2-L3,120,174,100,1
L1-L2-L3,120,177,16,1
L1-L2-L3,120,178,74,1
L1-L2-L3,120,186,247,1
L1-L2-L3,120,195,103,1
L1-L2-L3,120,196,75,1
L1-L2-L3,120,200,193,1
L1-L2-L3,120,205,10,1
L1-L2-L3,120,206,197,1
L1-L2-L3,120,208,170,1
L1-L2-L3,120,211,81,1
L1-L2-L3,120,212,165,1
L1-L2-L3,120,213,92,1
L1-L2-L3,120,216,196,1
L1-L2-L3,120,217,15,1
L1-L2-L3,120,219,138,1
L1-L2-L3,120,222,153,1
L1-L2-L3,120,230,98,1
L1-L2-L3,120,233,223,1
L1-L2-L3,120,236,123,1
L1-L2-L3,120,239,199,1
L1-L2-L3,120,241,224,1
L1-L2-L3,120,247,28,1
L1-L2-L3,120,248,196,1
L1-L2-L3,120,250,177,1
L1-L2-L3,120,252,184,1
L1-L2-L3,121,1,161,1
L1-L2-L3,121,3,150,1
L1-L2-L3,121,8,177,1
L1-L2-L3,121,9,203,1
L1-L2-L3,121,16,119,1
L1-L2-L3,121,25,150,1
L1-L2-L3,121,27,161,1
L1-L2-L3,121,32,141,1
L1-L2-L3,121,38,153,1
L1-L2-L3,121,41,241,1
L1-L2-L3,121,43,4,1
L1-L2-L3,121,47,174,1
L1-L2-L3,121,50,159,1
L1-L2-L3,121,57,153,1
L1-L2-L3,121,60,33,1
L1-L2-L3,121,61,94,1
L1-L2-L3,121,62,95,1
L1-L2-L3,121,64,33,1
L1-L2-L3,121,68,22,1
L1-L2-L3,121,69,203,1
L1-L2-L3,121,71,95,1
L1-L2-L3,121,79,219,1
L1-L2-L3,121,83,102,1
L1-L2-L3,121,94,253,1
L1-L2-L3,121,105,219,1
L1-L2-L3,121,114,103,1
L1-L2-L3,121,116,229,1
L1-L2-L3,121,118,140,1
L1-L2-L3,121,120,182,1
L1-L2-L3,121,127,16,1
L1-L2-L3,121,134,48,1
L1-L2-L3,121,135,31,1
L1-L2-L3,121,136,165,1
L1-L2-L3,121,139,216,1
L1-L2-L3,121,144,229,1
L1-L2-L3,121,145,36,1
L1-L2-L3,121,146,62,1
L1-L2-L3,121,148,227,1
L1-L2-L3,121,153,169,1
L1-L2-L3,121,155,196,1
L1-L2-L3,121,161,160,1
L1-L2-L3,121,162,20,1
L1-L2-L3,121,168,20,1
L1-L2-L3,121,171,90,1
L1-L2-L3,121,172,248,1
L1-L2-L3,121,176,92,1
L1-L2-L3,121,179,65,1
L1-L2-L3,121,181,237,1
L1-L2-L3,121,182,54,1
L1-L2-L3,121,183,146,1
L1-L2-L3,121,185,55,1
L1-L2-L3,121,186,146,1
L1-L2-L3,121,187,192,1
L1-L2-L3,121,191,206,1
L1-L2-L3,121,194,177,1
L1-L2-L3,121,195,105,1
L1-L2-L3,121,197,44,1
L1-L2-L3,121,198,73,1
L1-L2-L3,121,200,93,1
L1-L2-L3,121,202,120,1
L1-L2-L3,121,205,246,1
L1-L2-L3,121,207,246,1
L1-L2-L3,121,208,87,1
L1-L2-L3,121,209,199,1
L1-L2-L3,121,211,18,1
L1-L2-L3,121,215,48,1
L1-L2-L3,121,216,172,1
L1-L2-L3,121,221,14,1
L1-L2-L3,121,224,169,1
L1-L2-L3,121,231,250,1
L1-L2-L3,121,236,177,1
L1-L2-L3,121,238,69,1
L1-L2-L3,121,239,222,1
L1-L2-L3,121,240,140,1
L1-L2-L3,121,243,156,1
L1-L2-L3,121,244,129,1
L1-L2-L3,121,245,47,1
L1-L2-L3,121,248,29,1
L1-L2-L3,121,251,133,1
L1-L2-L3,121,252,161,1
L1-L2-L3,121,253,109,1
L1-L2-L3,122,3,69,1
L1-L2-L3,122,7,182,1
L1-L2-L3,122,14,217,1
L1-L2-L3,122,15,226,1
L1-L2-L3,122,17,194,1
L1-L2-L3,122,23,175,1
L1-L2-L3,122,28,165,1
L1-L2-L3,122,30,116,1
L1-L2-L3,122,32,175,1
L1-L2-L3,122,36,127,1
L1-L2-L3,122,37,133,1
L1-L2-L3,122,39,149,1
L1-L2-L3,122,40,80,1
L1-L2-L3,122,42,229,1
L1-L2-L3,122,48,252,1
L1-L2-L3,122,53,86,1
L1-L2-L3,122,59,122,1
L1-L2-L3,122,61,70,1
L1-L2-L3,122,70,65,1
L1-L2-L3,122,82,141,1
L1-L2-L3,122,83,139,1
L1-L2-L3,122,85,86,1
L1-L2-L3,122,92,194,1
L1-L2-L3,122,93,122,1
L1-L2-L3,122,97,159,1
L1-L2-L3,122,101,192,1
L1-L2-L3,122,102,71,1
L1-L2-L3,122,103,52,1
L1-L2-L3,122,106,192,1
L1-L2-L3,122,107,190,1
L1-L2-L3,122,108,174,1
L1-L2-L3,122,111,132,1
L1-L2-L3,122,116,212,1
L1-L2-L3,122,117,133,1
L1-L2-L3,122,119,53,1
L1-L2-L3,122,120,49,1
L1-L2-L3,122,122,192,1
L1-L2-L3,122,124,127,1
L1-L2-L3,122,125,160,1
L1-L2-L3,122,132,128,1
L1-L2-L3,122,139,91,1
L1-L2-L3,122,140,188,1
L1-L2-L3,122,141,96,1
L1-L2-L3,122,143,156,1
L1-L2-L3,122,145,122,1
L1-L2-L3,122,147,0,1
L1-L2-L3,122,148,114,1
L1-L2-L3,122,149,141,1
L1-L2-L3,122,152,86,1
L1-L2-L3,122,157,102,1
L1-L2-L3,122,160,39,1
L1-L2-L3,122,162,219,1
L1-L2-L3,122,163,41,1
L1-L2-L3,122,167,106,1
L1-L2-L3,122,168,223,1
L1-L2-L3,122,170,25,1
L1-L2-L3,122,171,109,1
L1-L2-L3,122,173,191,1
L1-L2-L3,122,174,87,1
L1-L2-L3,122,175,65,1
L1-L2-L3,122,177,168,1
L1-L2-L3,122,179,180,1
L1-L2-L3,122,180,224,1
L1-L2-L3,122,181,159,1
L1-L2-L3,122,182,147,1
L1-L2-L3,122,184,63,1
L1-L2-L3,122,187,230,1
L1-L2-L3,122,190,186,1
L1-L2-L3,122,193,44,1
L1-L2-L3,122,197,229,1
L1-L2-L3,122,198,50,1
L1-L2-L3,122,200,49,1
L1-L2-L3,122,205,132,1
L1-L2-L3,122,209,95,1
L1-L2-L3,122,210,179,1
L1-L2-L3,122,211,49,1
L1-L2-L3,122,233,51,1
L1-L2-L3,122,235,133,1
L1-L2-L3,122,236,244,1
L1-L2-L3,122,238,163,1
L1-L2-L3,122,242,117,1
L1-L2-L3,122,243,248,1
L1-L2-L3,122,245,16,1
L1-L2-L3,122,246,183,1
L1-L2-L3,122,250,38,1
L1-L2-L3,122,253,141,1
L1-L2-L3,122,254,51,1
L1-L2-L3,122,255,219,1
L1-L2-L3,123,1,181,1
L1-L2-L3,123,2,148,1
L1-L2-L3,123,4,182,1
L1-L2-L3,123,5,60,1
L1-L2-L3,123,7,6,1
L1-L2-L3,123,8,67,1
L1-L2-L3,123,11,222,1
L1-L2-L3,123,12,231,1
L1-L2-L3,123,15,36,1
L1-L2-L3,123,17,238,1
L1-L2-L3,123,22,118,1
L1-L2-L3,123,25,40,1
L1-L2-L3,123,28,95,1
L1-L2-L3,123,29,67,1
L1-L2-L3,123,31,178,1
L1-L2-L3,123,46,130,1
L1-L2-L3,123,51,31,1
L1-L2-L3,123,52,17,1
L1-L2-L3,123,53,152,1
L1-L2-L3,123,55,181,1
L1-L2-L3,123,58,211,1
L1-L2-L3,123,60,70,1
L1-L2-L3,123,61,146,1
L1-L2-L3,123,62,222,1
L1-L2-L3,123,66,77,1
L1-L2-L3,123,68,211,1
L1-L2-L3,123,69,68,1
L1-L2-L3,123,71,255,1
L1-L2-L3,123,72,13,1
L1-L2-L3,123,74,28,1
L1-L2-L3,123,82,146,1
L1-L2-L3,123,84,212,1
L1-L2-L3,123,85,108,1
L1-L2-L3,123,87,167,1
L1-L2-L3,123,91,35,1
L1-L2-L3,123,94,169,1
L1-L2-L3,123,95,67,1
L1-L2-L3,123,99,31,1
L1-L2-L3,123,101,224,1
L1-L2-L3,123,105,102,1
L1-L2-L3,123,110,60,1
L1-L2-L3,123,116,49,1
L1-L2-L3,123,117,226,1
L1-L2-L3,123,120,15,1
L1-L2-L3,123,123,224,1
L1-L2-L3,123,124,110,1
L1-L2-L3,123,126,101,1
L1-L2-L3,123,137,152,1
L1-L2-L3,123,138,116,1
L1-L2-L3,123,142,33,1
L1-L2-L3,123,144,117,1
L1-L2-L3,123,146,204,1
L1-L2-L3,123,147,56,1
L1-L2-L3,123,149,255,1
L1-L2-L3,123,150,102,1
L1-L2-L3,123,152,101,1
L1-L2-L3,123,153,83,1
L1-L2-L3,123,157,76,1
L1-L2-L3,123,158,215,1
L1-L2-L3,123,159,242,1
L1-L2-L3,123,161,95,1
L1-L2-L3,123,162,121,1
L1-L2-L3,123,163,188,1
L1-L2-L3,123,164,222,1
L1-L2-L3,123,165,102,1
L1-L2-L3,123,166,23,1
L1-L2-L3,123,172,153,1
L1-L2-L3,123,174,207,1
L1-L2-L3,123,175,88,1
L1-L2-L3,123,182,33,1
L1-L2-L3,123,183,178,1
L1-L2-L3,123,188,60,1
L1-L2-L3,123,189,13,1
L1-L2-L3,123,190,58,1
L1-L2-L3,123,191,152,1
L1-L2-L3,123,196,52,1
L1-L2-L3,123,201,126,1
L1-L2-L3,123,202,164,1
L1-L2-L3,123,207,140,1
L1-L2-L3,123,208,102,1
L1-L2-L3,123,212,41,1
L1-L2-L3,123,214,19,1
L1-L2-L3,123,217,238,1
L1-L2-L3,123,223,121,1
L1-L2-L3,123,225,31,1
L1-L2-L3,123,226,31,1
L1-L2-L3,123,229,182,1
L1-L2-L3,123,233,11,1
L1-L2-L3,123,235,148,1
L1-L2-L3,123,236,66,1
L1-L2-L3,123,238,73,1
L1-L2-L3,123,241,26,1
L1-L2-L3,123,242,215,1
L1-L2-L3,123,246,109,1
L1-L2-L3,123,250,202,1
L1-L2-L3,123,251,224,1
L1-L2-L3,123,252,182,1
L1-L2-L3,123,253,139,1
L1-L2-L3,123,255,148,1
L1-L2-L3,124,0,199,1
L1-L2-L3,124,2,97,1
L1-L2-L3,124,3,197,1
L1-L2-L3,124,5,16,1
L1-L2-L3,124,6,162,1
L1-L2-L3,124,9,246,1
L1-L2-L3,124,12,178,1
L1-L2-L3,124,16,248,1
L1-L2-L3,124,17,176,1
L1-L2-L3,124,20,170,1
L1-L2-L3,124,22,102,1
L1-L2-L3,124,26,104,1
L1-L2-L3,124,30,104,1
L1-L2-L3,124,34,147,1
L1-L2-L3,124,37,116,1
L1-L2-L3,124,38,29,1
L1-L2-L3,124,41,108,1
L1-L2-L3,124,44,19,1
L1-L2-L3,124,45,45,1
L1-L2-L3,124,46,231,1
L1-L2-L3,124,50,145,1
L1-L2-L3,124,56,29,1
L1-L2-L3,124,58,84,1
L1-L2-L3,124,59,17,1
L1-L2-L3,124,62,246,1
L1-L2-L3,124,64,75,1
L1-L2-L3,124,66,123,1
L1-L2-L3,124,71,77,1
L1-L2-L3,124,74,215,1
L1-L2-L3,124,77,209,1
L1-L2-L3,124,78,236,1
L1-L2-L3,124,79,46,1
L1-L2-L3,124,80,190,1
L1-L2-L3,124,82,142,1
L1-L2-L3,124,84,91,1
L1-L2-L3,124,87,220,1
L1-L2-L3,124,89,140,1
L1-L2-L3,124,90,10,1
L1-L2-L3,124,91,118,1
L1-L2-L3,124,93,238,1
L1-L2-L3,124,94,15,1
L1-L2-L3,124,95,212,1
L1-L2-L3,124,105,39,1
L1-L2-L3,124,109,134,1
L1-L2-L3,124,117,146,1
L1-L2-L3,124,118,74,1
L1-L2-L3,124,120,223,1
L1-L2-L3,124,121,102,1
L1-L2-L3,124,123,97,1
L1-L2-L3,124,124,165,1
L1-L2-L3,124,125,85,1
L1-L2-L3,124,126,123,1
L1-L2-L3,124,129,25,1
L1-L2-L3,124,130,236,1
L1-L2-L3,124,131,5,1
L1-L2-L3,124,132,116,1
L1-L2-L3,124,133,27,1
L1-L2-L3,124,134,187,1
L1-L2-L3,124,135,157,1
L1-L2-L3,124,136,113,1
L1-L2-L3,124,137,186,1
L1-L2-L3,124,138,31,1
L1-L2-L3,124,140,108,1
L1-L2-L3,124,142,234,1
L1-L2-L3,124,145,22,1
L1-L2-L3,124,146,165,1
L1-L2-L3,124,153,132,1
L1-L2-L3,124,155,93,1
L1-L2-L3,124,159,118,1
L1-L2-L3,124,160,222,1
L1-L2-L3,124,163,155,1
L1-L2-L3,124,165,220,1
L1-L2-L3,124,167,95,1
L1-L2-L3,124,169,230,1
L1-L2-L3,124,170,26,1
L1-L2-L3,124,172,5,1
L1-L2-L3,124,175,167,1
L1-L2-L3,124,176,79,1
L1-L2-L3,124,178,151,1
L1-L2-L3,124,179,157,1
L1-L2-L3,124,181,204,1
L1-L2-L3,124,182,107,1
L1-L2-L3,124,183,128,1
L1-L2-L3,124,186,212,1
L1-L2-L3,124,187,58,1
L1-L2-L3,124,188,96,1
L1-L2-L3,124,192,77,1
L1-L2-L3,124,195,48,1
L1-L2-L3,124,196,168,1
L1-L2-L3,124,197,39,1
L1-L2-L3,124,198,249,1
L1-L2-L3,124,199,142,1
L1-L2-L3,124,200,178,1
L1-L2-L3,124,201,245,1
L1-L2-L3,124,204,78,1
L1-L2-L3,124,208,254,1
L1-L2-L3,124,209,16,1
L1-L2-L3,124,210,219,1
L1-L2-L3,124,212,137,1
L1-L2-L3,124,213,66,1
L1-L2-L3,124,214,114,1
L1-L2-L3,124,216,108,1
L1-L2-L3,124,217,250,1
L1-L2-L3,124,219,34,1
L1-L2-L3,124,220,198,1
L1-L2-L3,124,221,135,1
L1-L2-L3,124,222,123,1
L1-L2-L3,124,223,246,1
L1-L2-L3,124,225,37,1
L1-L2-L3,124,229,132,1
L1-L2-L3,124,231,42,1
L1-L2-L3,124,234,139,1
L1-L2-L3,124,235,254,1
L1-L2-L3,124,237,199,1
L1-L2-L3,124,238,67,1
L1-L2-L3,124,239,28,1
L1-L2-L3,124,240,61,1
L1-L2-L3,124,241,210,1
L1-L2-L3,124,242,149,1
L1-L2-L3,124,255,143,1
L1-L2-L3,125,2,71,1
L1-L2-L3,125,6,140,1
L1-L2-L3,125,8,179,1
L1-L2-L3,125,10,25,1
L1-L2-L3,125,11,197,1
L1-L2-L3,125,12,71,1
L1-L2-L3,125,19,203,1
L1-L2-L3,125,20,213,1
L1-L2-L3,125,21,201,1
L1-L2-L3,125,26,59,1
L1-L2-L3,125,29,189,1
L1-L2-L3,125,30,66,1
L1-L2-L3,125,38,68,1
L1-L2-L3,125,39,60,1
L1-L2-L3,125,41,124,1
L1-L2-L3,125,43,124,1
L1-L2-L3,125,44,141,1
L1-L2-L3,125,46,72,1
L1-L2-L3,125,54,151,1
L1-L2-L3,125,56,49,1
L1-L2-L3,125,59,80,1
L1-L2-L3,125,61,208,1
L1-L2-L3,125,63,252,1
L1-L2-L3,125,65,20,1
L1-L2-L3,125,68,12,1
L1-L2-L3,125,76,141,1
L1-L2-L3,125,77,44,1
L1-L2-L3,125,78,243,1
L1-L2-L3,125,80,218,1
L1-L2-L3,125,81,109,1
L1-L2-L3,125,82,33,1
L1-L2-L3,125,86,132,1
L1-L2-L3,125,92,147,1
L1-L2-L3,125,97,120,1
L1-L2-L3,125,98,174,1
L1-L2-L3,125,101,107,1
L1-L2-L3,125,102,51,1
L1-L2-L3,125,104,52,1
L1-L2-L3,125,106,195,1
L1-L2-L3,125,107,161,1
L1-L2-L3,125,111,8,1
L1-L2-L3,125,113,82,1
L1-L2-L3,125,116,218,1
L1-L2-L3,125,117,211,1
L1-L2-L3,125,119,104,1
L1-L2-L3,125,120,147,1
L1-L2-L3,125,121,247,1
L1-L2-L3,125,125,159,1
L1-L2-L3,125,134,90,1
L1-L2-L3,125,138,55,1
L1-L2-L3,125,139,223,1
L1-L2-L3,125,142,180,1
L1-L2-L3,125,143,24,1
L1-L2-L3,125,149,150,1
L1-L2-L3,125,152,161,1
L1-L2-L3,125,153,236,1
L1-L2-L3,125,154,61,1
L1-L2-L3,125,163,49,1
L1-L2-L3,125,166,49,1
L1-L2-L3,125,169,119,1
L1-L2-L3,125,172,33,1
L1-L2-L3,125,175,121,1
L1-L2-L3,125,176,132,1
L1-L2-L3,125,177,152,1
L1-L2-L3,125,179,105,1
L1-L2-L3,125,180,39,1
L1-L2-L3,125,182,46,1
L1-L2-L3,125,185,140,1
L1-L2-L3,125,194,180,1
L1-L2-L3,125,196,146,1
L1-L2-L3,125,199,172,1
L1-L2-L3,125,201,46,1
L1-L2-L3,125,203,19,1
L1-L2-L3,125,207,243,1
L1-L2-L3,125,208,31,1
L1-L2-L3,125,211,114,1
L1-L2-L3,125,212,245,1
L1-L2-L3,125,215,91,1
L1-L2-L3,125,216,220,1
L1-L2-L3,125,218,121,1
L1-L2-L3,125,220,109,1
L1-L2-L3,125,221,79,1
L1-L2-L3,125,223,124,1
L1-L2-L3,125,226,215,1
L1-L2-L3,125,229,162,1
L1-L2-L3,125,234,187,1
L1-L2-L3,125,236,243,1
L1-L2-L3,125,237,222,1
L1-L2-L3,125,238,113,1
L1-L2-L3,125,239,14,1
L1-L2-L3,125,240,195,1
L1-L2-L3,125,242,185,1
L1-L2-L3,125,244,31,1
L1-L2-L3,125,245,8,1
L1-L2-L3,125,247,136,1
L1-L2-L3,125,252,140,1
L1-L2-L3,125,255,154,1
L1-L2-L3,126,4,229,1
L1-L2-L3,126,5,34,1
L1-L2-L3,126,11,70,1
L1-L2-L3,126,20,92,1
L1-L2-L3,126,28,75,1
L1-L2-L3,126,29,71,1
L1-L2-L3,126,30,112,1
L1-L2-L3,126,31,114,1
L1-L2-L3,126,32,180,1
L1-L2-L3,126,33,246,1
L1-L2-L3,126,34,31,1
L1-L2-L3,126,37,176,1
L1-L2-L3,126,40,71,1
L1-L2-L3,126,42,205,1
L1-L2-L3,126,48,68,1
L1-L2-L3,126,49,142,1
L1-L2-L3,126,53,46,1
L1-L2-L3,126,54,202,1
L1-L2-L3,126,57,142,1
L1-L2-L3,126,58,108,1
L1-L2-L3,126,61,54,1
L1-L2-L3,126,62,67,1
L1-L2-L3,126,70,23,1
L1-L2-L3,126,72,207,1
L1-L2-L3,126,73,217,1
L1-L2-L3,126,74,124,1
L1-L2-L3,126,76,249,1
L1-L2-L3,126,83,91,1
L1-L2-L3,126,85,84,1
L1-L2-L3,126,88,108,1
L1-L2-L3,126,89,106,1
L1-L2-L3,126,90,240,1
L1-L2-L3,126,94,54,1
L1-L2-L3,126,95,185,1
L1-L2-L3,126,97,30,1
L1-L2-L3,126,99,28,1
L1-L2-L3,126,100,12,1
L1-L2-L3,126,102,175,1
L1-L2-L3,126,104,185,1
L1-L2-L3,126,105,65,1
L1-L2-L3,126,112,105,1
L1-L2-L3,126,113,32,1
L1-L2-L3,126,114,22,1
L1-L2-L3,126,119,42,1
L1-L2-L3,126,121,49,1
L1-L2-L3,126,122,48,1
L1-L2-L3,126,123,12,1
L1-L2-L3,126,124,242,1
L1-L2-L3,126,126,80,1
L1-L2-L3,126,130,171,1
L1-L2-L3,126,131,86,1
L1-L2-L3,126,133,174,1
L1-L2-L3,126,134,220,1
L1-L2-L3,126,136,92,1
L1-L2-L3,126,141,107,1
L1-L2-L3,126,143,147,1
L1-L2-L3,126,144,29,1
L1-L2-L3,126,147,192,1
L1-L2-L3,126,148,142,1
L1-L2-L3,126,151,31,1
L1-L2-L3,126,152,163,1
L1-L2-L3,126,157,165,1
L1-L2-L3,126,158,217,1
L1-L2-L3,126,162,213,1
L1-L2-L3,126,164,58,1
L1-L2-L3,126,165,68,1
L1-L2-L3,126,167,51,1
L1-L2-L3,126,168,253,1
L1-L2-L3,126,172,22,1
L1-L2-L3,126,174,116,1
L1-L2-L3,126,176,246,1
L1-L2-L3,126,177,97,1
L1-L2-L3,126,179,167,1
L1-L2-L3,126,181,23,1
L1-L2-L3,126,182,48,1
L1-L2-L3,126,186,39,1
L1-L2-L3,126,194,47,1
L1-L2-L3,126,195,33,1
L1-L2-L3,126,198,5,1
L1-L2-L3,126,200,10,1
L1-L2-L3,126,201,175,1
L1-L2-L3,126,205,184,1
L1-L2-L3,126,206,96,1
L1-L2-L3,126,211,199,1
L1-L2-L3,126,217,204,1
L1-L2-L3,126,220,163,1
L1-L2-L3,126,221,60,1
L1-L2-L3,126,222,213,1
L1-L2-L3,126,223,201,1
L1-L2-L3,126,224,83,1
L1-L2-L3,126,225,22,1
L1-L2-L3,126,226,211,1
L1-L2-L3,126,227,67,1
L1-L2-L3,126,230,72,1
L1-L2-L3,126,231,142,1
L1-L2-L3,126,236,29,1
L1-L2-L3,126,237,189,1
L1-L2-L3,126,239,124,1
L1-L2-L3,126,240,167,1
L1-L2-L3,126,244,118,1
L1-L2-L3,126,245,64,1
L1-L2-L3,126,247,47,1
L1-L2-L3,126,248,134,1
L1-L2-L3,126,250,173,1
L1-L2-L3,126,251,13,1
L1-L2-L3,126,253,67,1
L1-L2-L3,126,254,179,1
L1-L2-L3,127,0,108,1
L1-L2-L3,127,2,239,1
L1-L2-L3,127,4,87,1
L1-L2-L3,127,5,132,1
L1-L2-L3,127,16,161,1
L1-L2-L3,127,23,24,1
L1-L2-L3,127,29,139,1
L1-L2-L3,127,34,42,1
L1-L2-L3,127,35,154,1
L1-L2-L3,127,42,198,1
L1-L2-L3,127,48,85,1
L1-L2-L3,127,50,11,1
L1-L2-L3,127,64,226,1
L1-L2-L3,127,66,175,1
L1-L2-L3,127,68,188,1
L1-L2-L3,127,70,75,1
L1-L2-L3,127,75,82,1
L1-L2-L3,127,79,82,1
L1-L2-L3,127,82,68,1
L1-L2-L3,127,85,68,1
L1-L2-L3,127,89,75,1
L1-L2-L3,127,91,107,1
L1-L2-L3,127,93,48,1
L1-L2-L3,127,95,188,1
L1-L2-L3,127,99,138,1
L1-L2-L3,127,101,120,1
L1-L2-L3,127,103,173,1
L1-L2-L3,127,104,37,1
L1-L2-L3,127,108,112,1
L1-L2-L3,127,109,161,1
L1-L2-L3,127,110,89,1
L1-L2-L3,127,111,211,1
L1-L2-L3,127,112,174,1
L1-L2-L3,127,113,58,1
L1-L2-L3,127,114,96,1
L1-L2-L3,127,119,20,1
L1-L2-L3,127,123,111,1
L1-L2-L3,127,125,149,1
L1-L2-L3,127,128,213,1
L1-L2-L3,127,129,155,1
L1-L2-L3,127,130,221,1
L1-L2-L3,127,131,96,1
L1-L2-L3,127,134,52,1
L1-L2-L3,127,136,94,1
L1-L2-L3,127,138,150,1
L1-L2-L3,127,139,106,1
L1-L2-L3,127,142,86,1
L1-L2-L3,127,144,104,1
L1-L2-L3,127,145,168,1
L1-L2-L3,127,148,35,1
L1-L2-L3,127,149,125,1
L1-L2-L3,127,150,213,1
L1-L2-L3,127,160,199,1
L1-L2-L3,127,161,147,1
L1-L2-L3,127,164,88,1
L1-L2-L3,127,166,117,1
L1-L2-L3,127,167,107,1
L1-L2-L3,127,168,229,1
L1-L2-L3,127,170,105,1
L1-L2-L3,127,171,114,1
L1-L2-L3,127,173,147,1
L1-L2-L3,127,175,137,1
L1-L2-L3,127,178,136,1
L1-L2-L3,127,180,213,1
L1-L2-L3,127,186,41,1
L1-L2-L3,127,188,109,1
L1-L2-L3,127,189,147,1
L1-L2-L3,127,191,156,1
L1-L2-L3,127,196,235,1
L1-L2-L3,127,197,35,1
L1-L2-L3,127,200,38,1
L1-L2-L3,127,202,79,1
L1-L2-L3,127,205,38,1
L1-L2-L3,127,206,8,1
L1-L2-L3,127,208,49,1
L1-L2-L3,127,210,175,1
L1-L2-L3,127,211,47,1
L1-L2-L3,127,214,86,1
L1-L2-L3,127,216,85,1
L1-L2-L3,127,221,146,1
L1-L2-L3,127,222,20,1
L1-L2-L3,127,224,241,1
L1-L2-L3,127,225,13,1
L1-L2-L3,127,226,117,1
L1-L2-L3,127,227,142,1
L1-L2-L3,127,230,194,1
L1-L2-L3,127,233,81,1
L1-L2-L3,127,237,255,1
L1-L2-L3,127,239,65,1
L1-L2-L3,127,241,111,1
L1-L2-L3,127,242,34,1
L1-L2-L3,127,245,75,1
L1-L2-L3,127,247,238,1
L1-L2-L3,127,251,51,1
L1-L2-L3,127,252,7,1
L1-L2-L3,127,255,133,1
L1-L2-L3,128,1,45,1
L1-L2-L3,128,2,254,1
L1-L2-L3,128,4,201,1
L1-L2-L3,128,5,103,1
L1-L2-L3,128,6,115,1
L1-L2-L3,128,11,254,1
L1-L2-L3,128,12,80,1
L1-L2-L3,128,22,6,1
L1-L2-L3,128,23,131,1
L1-L2-L3,128,24,8,1
L1-L2-L3,128,29,123,1
L1-L2-L3,128,30,106,1
L1-L2-L3,128,32,43,1
L1-L2-L3,128,33,169,1
L1-L2-L3,128,35,98,1
L1-L2-L3,128,37,30,1
L1-L2-L3,128,42,147,1
L1-L2-L3,128,44,12,1
L1-L2-L3,128,45,85,1
L1-L2-L3,128,46,100,1
L1-L2-L3,128,47,132,1
L1-L2-L3,128,49,208,1
L1-L2-L3,128,51,106,1
L1-L2-L3,128,54,203,1
L1-L2-L3,128,57,103,1
L1-L2-L3,128,61,101,1
L1-L2-L3,128,70,100,1
L1-L2-L3,128,71,169,1
L1-L2-L3,128,72,63,1
L1-L2-L3,128,73,148,1
L1-L2-L3,128,74,135,1
L1-L2-L3,128,76,112,1
L1-L2-L3,128,78,239,1
L1-L2-L3,128,80,133,1
L1-L2-L3,128,81,79,1
L1-L2-L3,128,82,248,1
L1-L2-L3,128,85,39,1
L1-L2-L3,128,89,24,1
L1-L2-L3,128,95,203,1
L1-L2-L3,128,98,103,1
L1-L2-L3,128,101,61,1
L1-L2-L3,128,102,201,1
L1-L2-L3,128,105,82,1
L1-L2-L3,128,106,156,1
L1-L2-L3,128,110,183,1
L1-L2-L3,128,113,9,1
L1-L2-L3,128,118,159,1
L1-L2-L3,128,119,173,1
L1-L2-L3,128,122,99,1
L1-L2-L3,128,123,70,1
L1-L2-L3,128,128,207,1
L1-L2-L3,128,129,152,1
L1-L2-L3,128,135,141,1
L1-L2-L3,128,138,184,1
L1-L2-L3,128,142,14,1
L1-L2-L3,128,146,216,1
L1-L2-L3,128,147,222,1
L1-L2-L3,128,148,83,1
L1-L2-L3,128,150,104,1
L1-L2-L3,128,153,97,1
L1-L2-L3,128,161,179,1
L1-L2-L3,128,162,228,1
L1-L2-L3,128,164,87,1
L1-L2-L3,128,167,50,1
L1-L2-L3,128,170,203,1
L1-L2-L3,128,172,98,1
L1-L2-L3,128,174,212,1
L1-L2-L3,128,177,211,1
L1-L2-L3,128,182,179,1
L1-L2-L3,128,183,123,1
L1-L2-L3,128,185,164,1
L1-L2-L3,128,186,237,1
L1-L2-L3,128,187,175,1
L1-L2-L3,128,188,21,1
L1-L2-L3,128,190,227,1
L1-L2-L3,128,191,20,1
L1-L2-L3,128,192,11,1
L1-L2-L3,128,197,85,1
L1-L2-L3,128,199,107,1
L1-L2-L3,128,201,7,1
L1-L2-L3,128,204,68,1
L1-L2-L3,128,206,138,1
L1-L2-L3,128,207,48,1
L1-L2-L3,128,208,64,1
L1-L2-L3,128,209,120,1
L1-L2-L3,128,212,70,1
L1-L2-L3,128,213,156,1
L1-L2-L3,128,214,94,1
L1-L2-L3,128,215,39,1
L1-L2-L3,128,216,16,1
L1-L2-L3,128,219,18,1
L1-L2-L3,128,220,170,1
L1-L2-L3,128,222,208,1
L1-L2-L3,128,223,158,1
L1-L2-L3,128,224,114,1
L1-L2-L3,128,225,233,1
L1-L2-L3,128,226,122,1
L1-L2-L3,128,228,217,1
L1-L2-L3,128,231,75,1
L1-L2-L3,128,233,210,1
L1-L2-L3,128,238,192,1
L1-L2-L3,128,240,212,1
L1-L2-L3,128,243,2,1
L1-L2-L3,128,247,83,1
L1-L2-L3,128,252,75,1
L1-L2-L3,128,255,83,1
L1-L2-L3,129,4,70,1
L1-L2-L3,129,8,226,1
L1-L2-L3,129,14,85,1
L1-L2-L3,129,18,178,1
L1-L2-L3,129,27,18,1
L1-L2-L3,129,30,198,1
L1-L2-L3,129,35,242,1
L1-L2-L3,129,37,99,1
L1-L2-L3,129,38,96,1
L1-L2-L3,129,39,54,1
L1-L2-L3,129,42,184,1
L1-L2-L3,129,46,125,1
L1-L2-L3,129,50,230,1
L1-L2-L3,129,56,47,1
L1-L2-L3,129,58,175,1
L1-L2-L3,129,60,171,1
L1-L2-L3,129,62,166,1
L1-L2-L3,129,66,50,1
L1-L2-L3,129,70,110,1
L1-L2-L3,129,74,58,1
L1-L2-L3,129,76,16,1
L1-L2-L3,129,77,162,1
L1-L2-L3,129,78,28,1
L1-L2-L3,129,80,107,1
L1-L2-L3,129,84,58,1
L1-L2-L3,129,85,31,1
L1-L2-L3,129,86,172,1
L1-L2-L3,129,89,194,1
L1-L2-L3,129,93,104,1
L1-L2-L3,129,101,186,1
L1-L2-L3,129,105,52,1
L1-L2-L3,129,108,101,1
L1-L2-L3,129,111,197,1
L1-L2-L3,129,116,197,1
L1-L2-L3,129,117,47,1
L1-L2-L3,129,120,192,1
L1-L2-L3,129,124,129,1
L1-L2-L3,129,125,89,1
L1-L2-L3,129,126,239,1
L1-L2-L3,129,127,199,1
L1-L2-L3,129,134,251,1
L1-L2-L3,129,137,157,1
L1-L2-L3,129,142,175,1
L1-L2-L3,129,144,198,1
L1-L2-L3,129,147,165,1
L1-L2-L3,129,148,128,1
L1-L2-L3,129,149,34,1
L1-L2-L3,129,154,202,1
L1-L2-L3,129,156,193,1
L1-L2-L3,129,158,136,1
L1-L2-L3,129,159,211,1
L1-L2-L3,129,160,242,1
L1-L2-L3,129,165,186,1
L1-L2-L3,129,166,78,1
L1-L2-L3,129,169,156,1
L1-L2-L3,129,178,137,1
L1-L2-L3,129,179,72,1
L1-L2-L3,129,180,108,1
L1-L2-L3,129,181,239,1
L1-L2-L3,129,183,239,1
L1-L2-L3,129,186,50,1
L1-L2-L3,129,188,163,1
L1-L2-L3,129,191,103,1
L1-L2-L3,129,194,42,1
L1-L2-L3,129,195,31,1
L1-L2-L3,129,196,13,1
L1-L2-L3,129,197,71,1
L1-L2-L3,129,198,26,1
L1-L2-L3,129,199,162,1
L1-L2-L3,129,201,29,1
L1-L2-L3,129,202,85,1
L1-L2-L3,129,205,108,1
L1-L2-L3,129,208,253,1
L1-L2-L3,129,209,223,1
L1-L2-L3,129,211,31,1
L1-L2-L3,129,213,117,1
L1-L2-L3,129,215,199,1
L1-L2-L3,129,217,158,1
L1-L2-L3,129,218,178,1
L1-L2-L3,129,220,42,1
L1-L2-L3,129,226,70,1
L1-L2-L3,129,229,63,1
L1-L2-L3,129,230,39,1
L1-L2-L3,129,232,11,1
L1-L2-L3,129,234,74,1
L1-L2-L3,129,235,82,1
L1-L2-L3,129,236,172,1
L1-L2-L3,129,237,174,1
L1-L2-L3,129,238,178,1
L1-L2-L3,129,239,74,1
L1-L2-L3,129,241,16,1
L1-L2-L3,129,242,63,1
L1-L2-L3,129,248,195,1
L1-L2-L3,129,250,142,1
L1-L2-L3,129,251,43,1
L1-L2-L3,129,252,228,1
L1-L2-L3,130,2,106,1
L1-L2-L3,130,6,145,1
L1-L2-L3,130,7,20,1
L1-L2-L3,130,9,61,1
L1-L2-L3,130,11,219,1
L1-L2-L3,130,20,91,1
L1-L2-L3,130,22,130,1
L1-L2-L3,130,26,242,1
L1-L2-L3,130,30,57,1
L1-L2-L3,130,33,105,1
L1-L2-L3,130,34,84,1
L1-L2-L3,130,36,96,1
L1-L2-L3,130,39,129,1
L1-L2-L3,130,40,124,1
L1-L2-L3,130,45,87,1
L1-L2-L3,130,46,94,1
L1-L2-L3,130,48,25,1
L1-L2-L3,130,54,135,1
L1-L2-L3,130,55,91,1
L1-L2-L3,130,58,72,1
L1-L2-L3,130,68,57,1
L1-L2-L3,130,69,12,1
L1-L2-L3,130,71,238,1
L1-L2-L3,130,73,5,1
L1-L2-L3,130,74,154,1
L1-L2-L3,130,76,241,1
L1-L2-L3,130,79,12,1
L1-L2-L3,130,80,33,1
L1-L2-L3,130,81,1,1
L1-L2-L3,130,82,144,1
L1-L2-L3,130,84,94,1
L1-L2-L3,130,88,207,1
L1-L2-L3,130,92,211,1
L1-L2-L3,130,99,234,1
L1-L2-L3,130,102,217,1
L1-L2-L3,130,109,207,1
L1-L2-L3,130,111,233,1
L1-L2-L3,130,113,106,1
L1-L2-L3,130,114,23,1
L1-L2-L3,130,115,137,1
L1-L2-L3,130,116,142,1
L1-L2-L3,130,118,189,1
L1-L2-L3,130,119,21,1
L1-L2-L3,130,122,147,1
L1-L2-L3,130,124,50,1
L1-L2-L3,130,125,186,1
L1-L2-L3,130,128,128,1
L1-L2-L3,130,131,106,1
L1-L2-L3,130,133,206,1
L1-L2-L3,130,134,191,1
L1-L2-L3,130,137,106,1
L1-L2-L3,130,138,56,1
L1-L2-L3,130,140,236,1
L1-L2-L3,130,143,38,1
L1-L2-L3,130,148,139,1
L1-L2-L3,130,153,186,1
L1-L2-L3,130,155,122,1
L1-L2-L3,130,159,149,1
L1-L2-L3,130,162,122,1
L1-L2-L3,130,167,228,1
L1-L2-L3,130,169,124,1
L1-L2-L3,130,173,75,1
L1-L2-L3,130,175,98,1
L1-L2-L3,130,176,83,1
L1-L2-L3,130,177,4,1
L1-L2-L3,130,179,143,1
L1-L2-L3,130,180,12,1
L1-L2-L3,130,181,152,1
L1-L2-L3,130,183,59,1
L1-L2-L3,130,186,110,1
L1-L2-L3,130,189,219,1
L1-L2-L3,130,194,134,1
L1-L2-L3,130,195,23,1
L1-L2-L3,130,197,217,1
L1-L2-L3,130,198,27,1
L1-L2-L3,130,199,101,1
L1-L2-L3,130,200,159,1
L1-L2-L3,130,203,34,1
L1-L2-L3,130,204,75,1
L1-L2-L3,130,206,198,1
L1-L2-L3,130,207,223,1
L1-L2-L3,130,209,225,1
L1-L2-L3,130,210,200,1
L1-L2-L3,130,215,241,1
L1-L2-L3,130,216,58,1
L1-L2-L3,130,217,152,1
L1-L2-L3,130,218,147,1
L1-L2-L3,130,219,78,1
L1-L2-L3,130,224,171,1
L1-L2-L3,130,230,244,1
L1-L2-L3,130,233,26,1
L1-L2-L3,130,235,143,1
L1-L2-L3,130,239,41,1
L1-L2-L3,130,243,35,1
L1-L2-L3,130,246,17,1
L1-L2-L3,130,247,9,1
L1-L2-L3,130,249,120,1
L1-L2-L3,130,250,132,1
L1-L2-L3,130,252,233,1
L1-L2-L3,131,3,182,1
L1-L2-L3,131,4,184,1
L1-L2-L3,131,5,141,1
L1-L2-L3,131,6,240,1
L1-L2-L3,131,8,10,1
L1-L2-L3,131,10,241,1
L1-L2-L3,131,14,92,1
L1-L2-L3,131,15,202,1
L1-L2-L3,131,16,199,1
L1-L2-L3,131,17,122,1
L1-L2-L3,131,19,219,1
L1-L2-L3,131,21,16,1
L1-L2-L3,131,22,139,1
L1-L2-L3,131,27,105,1
L1-L2-L3,131,30,168,1
L1-L2-L3,131,31,160,1
L1-L2-L3,131,32,176,1
L1-L2-L3,131,35,79,1
L1-L2-L3,131,38,139,1
L1-L2-L3,131,42,203,1
L1-L2-L3,131,43,116,1
L1-L2-L3,131,45,116,1
L1-L2-L3,131,46,2,1
L1-L2-L3,131,47,47,1
L1-L2-L3,131,55,12,1
L1-L2-L3,131,57,178,1
L1-L2-L3,131,61,145,1
L1-L2-L3,131,65,184,1
L1-L2-L3,131,67,239,1
L1-L2-L3,131,71,86,1
L1-L2-L3,131,73,208,1
L1-L2-L3,131,74,46,1
L1-L2-L3,131,76,19,1
L1-L2-L3,131,77,29,1
L1-L2-L3,131,83,89,1
L1-L2-L3,131,84,242,1
L1-L2-L3,131,86,99,1
L1-L2-L3,131,89,171,1
L1-L2-L3,131,91,242,1
L1-L2-L3,131,93,206,1
L1-L2-L3,131,96,45,1
L1-L2-L3,131,98,173,1
L1-L2-L3,131,100,62,1
L1-L2-L3,131,101,143,1
L1-L2-L3,131,102,29,1
L1-L2-L3,131,104,136,1
L1-L2-L3,131,106,244,1
L1-L2-L3,131,112,195,1
L1-L2-L3,131,115,58,1
L1-L2-L3,131,117,180,1
L1-L2-L3,131,121,198,1
L1-L2-L3,131,123,149,1
L1-L2-L3,131,124,82,1
L1-L2-L3,131,127,147,1
L1-L2-L3,131,130,127,1
L1-L2-L3,131,133,55,1
L1-L2-L3,131,138,168,1
L1-L2-L3,131,142,104,1
L1-L2-L3,131,144,49,1
L1-L2-L3,131,145,91,1
L1-L2-L3,131,148,21,1
L1-L2-L3,131,149,183,1
L1-L2-L3,131,151,123,1
L1-L2-L3,131,153,52,1
L1-L2-L3,131,156,42,1
L1-L2-L3,131,159,253,1
L1-L2-L3,131,160,213,1
L1-L2-L3,131,161,2,1
L1-L2-L3,131,170,17,1
L1-L2-L3,131,171,146,1
L1-L2-L3,131,173,244,1
L1-L2-L3,131,174,89,1
L1-L2-L3,131,177,226,1
L1-L2-L3,131,179,73,1
L1-L2-L3,131,180,41,1
L1-L2-L3,131,181,98,1
L1-L2-L3,131,182,252,1
L1-L2-L3,131,185,7,1
L1-L2-L3,131,187,15,1
L1-L2-L3,131,190,209,1
L1-L2-L3,131,194,29,1
L1-L2-L3,131,197,69,1
L1-L2-L3,131,202,98,1
L1-L2-L3,131,205,206,1
L1-L2-L3,131,208,237,1
L1-L2-L3,131,210,88,1
L1-L2-L3,131,212,251,1
L1-L2-L3,131,214,140,1
L1-L2-L3,131,215,132,1
L1-L2-L3,131,221,230,1
L1-L2-L3,131,224,248,1
L1-L2-L3,131,225,76,1
L1-L2-L3,131,226,73,1
L1-L2-L3,131,227,13,1
L1-L2-L3,131,230,216,1
L1-L2-L3,131,231,208,1
L1-L2-L3,131,232,183,1
L1-L2-L3,131,233,231,1
L1-L2-L3,131,234,170,1
L1-L2-L3,131,236,245,1
L1-L2-L3,131,237,26,1
L1-L2-L3,131,238,89,1
L1-L2-L3,131,239,42,1
L1-L2-L3,131,241,57,1
L1-L2-L3,131,242,29,1
L1-L2-L3,131,244,61,1
L1-L2-L3,131,245,226,1
L1-L2-L3,131,251,177,1
L1-L2-L3,131,252,62,1
L1-L2-L3,131,255,180,1
L1-L2-L3,132,3,125,1
L1-L2-L3,132,6,62,1
L1-L2-L3,132,7,25,1
L1-L2-L3,132,8,192,1
L1-L2-L3,132,12,65,1
L1-L2-L3,132,13,43,1
L1-L2-L3,132,15,139,1
L1-L2-L3,132,16,61,1
L1-L2-L3,132,17,131,1
L1-L2-L3,132,18,231,1
L1-L2-L3,132,20,25,1
L1-L2-L3,132,21,144,1
L1-L2-L3,132,22,20,1
L1-L2-L3,132,23,231,1
L1-L2-L3,132,27,51,1
L1-L2-L3,132,30,178,1
L1-L2-L3,132,31,77,1
L1-L2-L3,132,33,117,1
L1-L2-L3,132,35,115,1
L1-L2-L3,132,40,41,1
L1-L2-L3,132,41,53,1
L1-L2-L3,132,44,50,1
L1-L2-L3,132,45,144,1
L1-L2-L3,132,47,77,1
L1-L2-L3,132,48,78,1
L1-L2-L3,132,50,252,1
L1-L2-L3,132,52,88,1
L1-L2-L3,132,55,96,1
L1-L2-L3,132,58,143,1
L1-L2-L3,132,61,252,1
L1-L2-L3,132,63,139,1
L1-L2-L3,132,66,4,1
L1-L2-L3,132,69,133,1
L1-L2-L3,132,70,93,1
L1-L2-L3,132,73,194,1
L1-L2-L3,132,74,137,1
L1-L2-L3,132,76,175,1
L1-L2-L3,132,77,78,1
L1-L2-L3,132,78,20,1
L1-L2-L3,132,81,186,1
L1-L2-L3,132,82,48,1
L1-L2-L3,132,83,144,1
L1-L2-L3,132,85,188,1
L1-L2-L3,132,86,225,1
L1-L2-L3,132,87,116,1
L1-L2-L3,132,90,227,1
L1-L2-L3,132,91,137,1
L1-L2-L3,132,92,11,1
L1-L2-L3,132,93,191,1
L1-L2-L3,132,95,255,1
L1-L2-L3,132,98,206,1
L1-L2-L3,132,102,19,1
L1-L2-L3,132,103,235,1
L1-L2-L3,132,106,91,1
L1-L2-L3,132,107,236,1
L1-L2-L3,132,111,123,1
L1-L2-L3,132,112,132,1
L1-L2-L3,132,115,33,1
L1-L2-L3,132,122,77,1
L1-L2-L3,132,123,133,1
L1-L2-L3,132,125,133,1
L1-L2-L3,132,126,233,1
L1-L2-L3,132,128,127,1
L1-L2-L3,132,132,131,1
L1-L2-L3,132,133,49,1
L1-L2-L3,132,134,127,1
L1-L2-L3,132,135,186,1
L1-L2-L3,132,137,48,1
L1-L2-L3,132,138,96,1
L1-L2-L3,132,139,87,1
L1-L2-L3,132,140,202,1
L1-L2-L3,132,144,3,1
L1-L2-L3,132,148,118,1
L1-L2-L3,132,149,2,1
L1-L2-L3,132,151,145,1
L1-L2-L3,132,153,149,1
L1-L2-L3,132,155,202,1
L1-L2-L3,132,156,120,1
L1-L2-L3,132,159,194,1
L1-L2-L3,132,161,206,1
L1-L2-L3,132,162,151,1
L1-L2-L3,132,164,225,1
L1-L2-L3,132,171,122,1
L1-L2-L3,132,172,86,1
L1-L2-L3,132,180,51,1
L1-L2-L3,132,181,3,1
L1-L2-L3,132,183,50,1
L1-L2-L3,132,186,131,1
L1-L2-L3,132,187,49,1
L1-L2-L3,132,190,48,1
L1-L2-L3,132,191,32,1
L1-L2-L3,132,192,234,1
L1-L2-L3,132,193,134,1
L1-L2-L3,132,194,163,1
L1-L2-L3,132,198,74,1
L1-L2-L3,132,199,64,1
L1-L2-L3,132,201,194,1
L1-L2-L3,132,205,57,1
L1-L2-L3,132,208,53,1
L1-L2-L3,132,209,62,1
L1-L2-L3,132,210,75,1
L1-L2-L3,132,211,152,1
L1-L2-L3,132,212,113,1
L1-L2-L3,132,213,133,1
L1-L2-L3,132,214,184,1
L1-L2-L3,132,215,92,1
L1-L2-L3,132,216,144,1
L1-L2-L3,132,217,125,1
L1-L2-L3,132,219,240,1
L1-L2-L3,132,223,46,1
L1-L2-L3,132,224,249,1
L1-L2-L3,132,225,67,1
L1-L2-L3,132,226,252,1
L1-L2-L3,132,227,112,1
L1-L2-L3,132,228,129,1
L1-L2-L3,132,230,113,1
L1-L2-L3,132,231,40,1
L1-L2-L3,132,232,163,1
L1-L2-L3,132,233,5,1
L1-L2-L3,132,234,212,1
L1-L2-L3,132,236,159,1
L1-L2-L3,132,237,50,1
L1-L2-L3,132,238,74,1
L1-L2-L3,132,240,74,1
L1-L2-L3,132,242,20,1
L1-L2-L3,132,243,138,1
L1-L2-L3,132,249,221,1
L1-L2-L3,132,250,225,1
L1-L2-L3,132,255,209,1
L1-L2-L3,133,1,125,1
L1-L2-L3,133,2,62,1
L1-L2-L3,133,3,28,1
L1-L2-L3,133,14,248,1
L1-L2-L3,133,19,32,1
L1-L2-L3,133,25,144,1
L1-L2-L3,133,26,148,1
L1-L2-L3,133,30,119,1
L1-L2-L3,133,31,59,1
L1-L2-L3,133,33,48,1
L1-L2-L3,133,34,177,1
L1-L2-L3,133,35,33,1
L1-L2-L3,133,37,136,1
L1-L2-L3,133,39,7,1
L1-L2-L3,133,40,164,1
L1-L2-L3,133,41,156,1
L1-L2-L3,133,46,87,1
L1-L2-L3,133,52,53,1
L1-L2-L3,133,53,224,1
L1-L2-L3,133,55,249,1
L1-L2-L3,133,56,159,1
L1-L2-L3,133,58,83,1
L1-L2-L3,133,62,126,1
L1-L2-L3,133,65,27,1
L1-L2-L3,133,72,27,1
L1-L2-L3,133,73,119,1
L1-L2-L3,133,80,75,1
L1-L2-L3,133,81,48,1
L1-L2-L3,133,83,195,1
L1-L2-L3,133,84,136,1
L1-L2-L3,133,88,12,1
L1-L2-L3,133,89,222,1
L1-L2-L3,133,90,119,1
L1-L2-L3,133,92,215,1
L1-L2-L3,133,93,94,1
L1-L2-L3,133,105,177,1
L1-L2-L3,133,106,165,1
L1-L2-L3,133,107,143,1
L1-L2-L3,133,112,254,1
L1-L2-L3,133,114,148,1
L1-L2-L3,133,115,59,1
L1-L2-L3,133,117,236,1
L1-L2-L3,133,118,221,1
L1-L2-L3,133,121,108,1
L1-L2-L3,133,122,177,1
L1-L2-L3,133,124,37,1
L1-L2-L3,133,132,201,1
L1-L2-L3,133,134,211,1
L1-L2-L3,133,136,49,1
L1-L2-L3,133,137,33,1
L1-L2-L3,133,138,157,1
L1-L2-L3,133,142,215,1
L1-L2-L3,133,145,94,1
L1-L2-L3,133,146,59,1
L1-L2-L3,133,147,150,1
L1-L2-L3,133,149,69,1
L1-L2-L3,133,152,61,1
L1-L2-L3,133,156,111,1
L1-L2-L3,133,159,106,1
L1-L2-L3,133,161,32,1
L1-L2-L3,133,164,107,1
L1-L2-L3,133,170,208,1
L1-L2-L3,133,173,213,1
L1-L2-L3,133,177,2,1
L1-L2-L3,133,181,158,1
L1-L2-L3,133,183,236,1
L1-L2-L3,133,188,50,1
L1-L2-L3,133,189,79,1
L1-L2-L3,133,192,224,1
L1-L2-L3,133,194,164,1
L1-L2-L3,133,195,119,1
L1-L2-L3,133,199,6,1
L1-L2-L3,133,200,100,1
L1-L2-L3,133,201,140,1
L1-L2-L3,133,202,250,1
L1-L2-L3,133,208,13,1
L1-L2-L3,133,211,179,1
L1-L2-L3,133,212,83,1
L1-L2-L3,133,217,7,1
L1-L2-L3,133,218,177,1
L1-L2-L3,133,221,157,1
L1-L2-L3,133,224,205,1
L1-L2-L3,133,227,227,1
L1-L2-L3,133,229,38,1
L1-L2-L3,133,231,44,1
L1-L2-L3,133,232,147,1
L1-L2-L3,133,233,155,1
L1-L2-L3,133,235,59,1
L1-L2-L3,133,239,90,1
L1-L2-L3,133,243,148,1
L1-L2-L3,133,245,106,1
L1-L2-L3,133,247,17,1
L1-L2-L3,133,250,194,1
L1-L2-L3,133,251,155,1
L1-L2-L3,133,252,191,1
L1-L2-L3,133,254,155,1
L1-L2-L3,134,1,139,1
L1-L2-L3,134,6,207,1
L1-L2-L3,134,7,141,1
L1-L2-L3,134,16,224,1
L1-L2-L3,134,17,250,1
L1-L2-L3,134,18,46,1
L1-L2-L3,134,24,76,1
L1-L2-L3,134,29,81,1
L1-L2-L3,134,32,18,1
L1-L2-L3,134,41,67,1
L1-L2-L3,134,43,46,1
L1-L2-L3,134,47,131,1
L1-L2-L3,134,49,106,1
L1-L2-L3,134,51,207,1
L1-L2-L3,134,53,243,1
L1-L2-L3,134,54,185,1
L1-L2-L3,134,56,224,1
L1-L2-L3,134,58,239,1
L1-L2-L3,134,60,57,1
L1-L2-L3,134,61,188,1
L1-L2-L3,134,62,110,1
L1-L2-L3,134,71,66,1
L1-L2-L3,134,73,37,1
L1-L2-L3,134,87,23,1
L1-L2-L3,134,94,224,1
L1-L2-L3,134,96,82,1
L1-L2-L3,134,97,255,1
L1-L2-L3,134,102,92,1
L1-L2-L3,134,104,242,1
L1-L2-L3,134,112,95,1
L1-L2-L3,134,113,107,1
L1-L2-L3,134,123,59,1
L1-L2-L3,134,126,3,1
L1-L2-L3,134,130,28,1
L1-L2-L3,134,132,46,1
L1-L2-L3,134,134,240,1
L1-L2-L3,134,135,66,1
L1-L2-L3,134,138,66,1
L1-L2-L3,134,141,18,1
L1-L2-L3,134,144,102,1
L1-L2-L3,134,147,110,1
L1-L2-L3,134,153,172,1
L1-L2-L3,134,154,212,1
L1-L2-L3,134,157,65,1
L1-L2-L3,134,158,207,1
L1-L2-L3,134,161,45,1
L1-L2-L3,134,162,131,1
L1-L2-L3,134,163,97,1
L1-L2-L3,134,168,97,1
L1-L2-L3,134,169,1,1
L1-L2-L3,134,173,71,1
L1-L2-L3,134,174,204,1
L1-L2-L3,134,181,88,1
L1-L2-L3,134,182,203,1
L1-L2-L3,134,184,211,1
L1-L2-L3,134,186,66,1
L1-L2-L3,134,188,12,1
L1-L2-L3,134,191,57,1
L1-L2-L3,134,194,140,1
L1-L2-L3,134,197,206,1
L1-L2-L3,134,198,216,1
L1-L2-L3,134,200,72,1
L1-L2-L3,134,202,99,1
L1-L2-L3,134,203,239,1
L1-L2-L3,134,204,189,1
L1-L2-L3,134,207,38,1
L1-L2-L3,134,213,234,1
L1-L2-L3,134,214,46,1
L1-L2-L3,134,217,80,1
L1-L2-L3,134,218,138,1
L1-L2-L3,134,226,18,1
L1-L2-L3,134,228,66,1
L1-L2-L3,134,229,100,1
L1-L2-L3,134,230,67,1
L1-L2-L3,134,233,242,1
L1-L2-L3,134,235,11,1
L1-L2-L3,134,239,45,1
L1-L2-L3,134,240,46,1
L1-L2-L3,134,241,205,1
L1-L2-L3,134,244,82,1
L1-L2-L3,134,246,140,1
L1-L2-L3,134,247,178,1
L1-L2-L3,134,253,17,1
L1-L2-L3,135,3,81,1
L1-L2-L3,135,4,6,1
L1-L2-L3,135,5,230,1
L1-L2-L3,135,9,181,1
L1-L2-L3,135,17,110,1
L1-L2-L3,135,24,211,1
L1-L2-L3,135,41,229,1
L1-L2-L3,135,42,174,1
L1-L2-L3,135,52,119,1
L1-L2-L3,135,53,173,1
L1-L2-L3,135,56,44,1
L1-L2-L3,135,61,59,1
L1-L2-L3,135,68,115,1
L1-L2-L3,135,74,72,1
L1-L2-L3,135,76,109,1
L1-L2-L3,135,77,80,1
L1-L2-L3,135,81,49,1
L1-L2-L3,135,85,122,1
L1-L2-L3,135,87,134,1
L1-L2-L3,135,89,56,1
L1-L2-L3,135,91,188,1
L1-L2-L3,135,92,173,1
L1-L2-L3,135,94,72,1
L1-L2-L3,135,98,76,1
L1-L2-L3,135,99,109,1
L1-L2-L3,135,106,222,1
L1-L2-L3,135,111,140,1
L1-L2-L3,135,114,6,1
L1-L2-L3,135,119,229,1
L1-L2-L3,135,121,161,1
L1-L2-L3,135,124,219,1
L1-L2-L3,135,128,201,1
L1-L2-L3,135,134,195,1
L1-L2-L3,135,137,134,1
L1-L2-L3,135,144,66,1
L1-L2-L3,135,148,171,1
L1-L2-L3,135,150,119,1
L1-L2-L3,135,154,119,1
L1-L2-L3,135,155,169,1
L1-L2-L3,135,156,181,1
L1-L2-L3,135,164,134,1
L1-L2-L3,135,168,26,1
L1-L2-L3,135,182,35,1
L1-L2-L3,135,186,201,1
L1-L2-L3,135,187,109,1
L1-L2-L3,135,190,129,1
L1-L2-L3,135,195,173,1
L1-L2-L3,135,201,173,1
L1-L2-L3,135,209,22,1
L1-L2-L3,135,212,152,1
L1-L2-L3,135,213,43,1
L1-L2-L3,135,218,16,1
L1-L2-L3,135,224,16,1
L1-L2-L3,135,226,169,1
L1-L2-L3,135,230,174,1
L1-L2-L3,135,231,122,1
L1-L2-L3,135,232,156,1
L1-L2-L3,135,233,52,1
L1-L2-L3,135,234,6,1
L1-L2-L3,135,241,183,1
L1-L2-L3,135,242,220,1
L1-L2-L3,135,251,129,1
L1-L2-L3,135,254,81,1
L1-L2-L3,136,2,191,1
L1-L2-L3,136,4,219,1
L1-L2-L3,136,11,33,1
L1-L2-L3,136,13,24,1
L1-L2-L3,136,26,68,1
L1-L2-L3,136,30,24,1
L1-L2-L3,136,35,50,1
L1-L2-L3,136,43,173,1
L1-L2-L3,136,50,245,1
L1-L2-L3,136,58,173,1
L1-L2-L3,136,75,150,1
L1-L2-L3,136,81,16,1
L1-L2-L3,136,82,109,1
L1-L2-L3,136,87,174,1
L1-L2-L3,136,96,131,1
L1-L2-L3,136,100,57,1
L1-L2-L3,136,101,203,1
L1-L2-L3,136,103,35,1
L1-L2-L3,136,104,98,1
L1-L2-L3,136,113,242,1
L1-L2-L3,136,120,69,1
L1-L2-L3,136,122,212,1
L1-L2-L3,136,123,95,1
L1-L2-L3,136,124,6,1
L1-L2-L3,136,128,214,1
L1-L2-L3,136,143,1,1
L1-L2-L3,136,145,76,1
L1-L2-L3,136,149,6,1
L1-L2-L3,136,156,46,1
L1-L2-L3,136,159,174,1
L1-L2-L3,136,169,23,1
L1-L2-L3,136,170,177,1
L1-L2-L3,136,171,174,1
L1-L2-L3,136,173,72,1
L1-L2-L3,136,177,35,1
L1-L2-L3,136,179,98,1
L1-L2-L3,136,183,234,1
L1-L2-L3,136,190,226,1
L1-L2-L3,136,194,7,1
L1-L2-L3,136,198,246,1
L1-L2-L3,136,207,159,1
L1-L2-L3,136,208,104,1
L1-L2-L3,136,209,69,1
L1-L2-L3,136,213,200,1
L1-L2-L3,136,216,35,1
L1-L2-L3,136,221,190,1
L1-L2-L3,136,227,31,1
L1-L2-L3,136,229,26,1
L1-L2-L3,136,234,200,1
L1-L2-L3,136,238,82,1
L1-L2-L3,136,239,72,1
L1-L2-L3,136,241,82,1
L1-L2-L3,136,242,200,1
L1-L2-L3,136,243,71,1
L1-L2-L3,136,245,118,1
L1-L2-L3,136,250,65,1
L1-L2-L3,136,251,134,1
L1-L2-L3,136,252,72,1
L1-L2-L3,137,2,113,1
L1-L2-L3,137,8,249,1
L1-L2-L3,137,10,32,1
L1-L2-L3,137,11,153,1
L1-L2-L3,137,16,216,1
L1-L2-L3,137,17,151,1
L1-L2-L3,137,19,210,1
L1-L2-L3,137,24,195,1
L1-L2-L3,137,26,76,1
L1-L2-L3,137,34,48,1
L1-L2-L3,137,36,222,1
L1-L2-L3,137,37,154,1
L1-L2-L3,137,40,177,1
L1-L2-L3,137,51,144,1
L1-L2-L3,137,53,170,1
L1-L2-L3,137,55,152,1
L1-L2-L3,137,56,43,1
L1-L2-L3,137,57,102,1
L1-L2-L3,137,58,139,1
L1-L2-L3,137,61,30,1
L1-L2-L3,137,81,25,1
L1-L2-L3,137,83,174,1
L1-L2-L3,137,85,15,1
L1-L2-L3,137,87,69,1
L1-L2-L3,137,95,87,1
L1-L2-L3,137,96,40,1
L1-L2-L3,137,103,246,1
L1-L2-L3,137,104,7,1
L1-L2-L3,137,105,145,1
L1-L2-L3,137,107,144,1
L1-L2-L3,137,109,171,1
L1-L2-L3,137,113,164,1
L1-L2-L3,137,116,71,1
L1-L2-L3,137,121,30,1
L1-L2-L3,137,126,31,1
L1-L2-L3,137,127,196,1
L1-L2-L3,137,129,222,1
L1-L2-L3,137,138,87,1
L1-L2-L3,137,139,197,1
L1-L2-L3,137,142,32,1
L1-L2-L3,137,143,114,1
L1-L2-L3,137,153,177,1
L1-L2-L3,137,154,69,1
L1-L2-L3,137,156,214,1
L1-L2-L3,137,163,61,1
L1-L2-L3,137,165,161,1
L1-L2-L3,137,166,222,1
L1-L2-L3,137,170,153,1
L1-L2-L3,137,171,100,1
L1-L2-L3,137,181,41,1
L1-L2-L3,137,183,136,1
L1-L2-L3,137,191,218,1
L1-L2-L3,137,193,249,1
L1-L2-L3,137,195,70,1
L1-L2-L3,137,201,183,1
L1-L2-L3,137,204,79,1
L1-L2-L3,137,206,69,1
L1-L2-L3,137,210,203,1
L1-L2-L3,137,211,145,1
L1-L2-L3,137,212,214,1
L1-L2-L3,137,216,167,1
L1-L2-L3,137,218,170,1
L1-L2-L3,137,220,23,1
L1-L2-L3,137,221,197,1
L1-L2-L3,137,225,152,1
L1-L2-L3,137,228,70,1
L1-L2-L3,137,229,210,1
L1-L2-L3,137,232,151,1
L1-L2-L3,137,234,61,1
L1-L2-L3,137,238,106,1
L1-L2-L3,137,241,216,1
L1-L2-L3,137,243,194,1
L1-L2-L3,137,245,113,1
L1-L2-L3,137,247,61,1
L1-L2-L3,137,252,169,1
L1-L2-L3,137,255,132,1
L1-L2-L3,138,0,13,1
L1-L2-L3,138,4,155,1
L1-L2-L3,138,5,64,1
L1-L2-L3,138,6,177,1
L1-L2-L3,138,9,89,1
L1-L2-L3,138,13,28,1
L1-L2-L3,138,15,103,1
L1-L2-L3,138,16,113,1
L1-L2-L3,138,20,99,1
L1-L2-L3,138,21,138,1
L1-L2-L3,138,22,29,1
L1-L2-L3,138,24,181,1
L1-L2-L3,138,28,140,1
L1-L2-L3,138,30,245,1
L1-L2-L3,138,31,213,1
L1-L2-L3,138,36,155,1
L1-L2-L3,138,37,130,1
L1-L2-L3,138,41,163,1
L1-L2-L3,138,42,75,1
L1-L2-L3,138,43,239,1
L1-L2-L3,138,49,91,1
L1-L2-L3,138,50,155,1
L1-L2-L3,138,56,117,1
L1-L2-L3,138,57,162,1
L1-L2-L3,138,60,116,1
L1-L2-L3,138,62,113,1
L1-L2-L3,138,63,125,1
L1-L2-L3,138,64,172,1
L1-L2-L3,138,66,38,1
L1-L2-L3,138,70,221,1
L1-L2-L3,138,71,245,1
L1-L2-L3,138,72,31,1
L1-L2-L3,138,73,102,1
L1-L2-L3,138,74,29,1
L1-L2-L3,138,75,249,1
L1-L2-L3,138,81,157,1
L1-L2-L3,138,83,53,1
L1-L2-L3,138,85,14,1
L1-L2-L3,138,87,18,1
L1-L2-L3,138,92,146,1
L1-L2-L3,138,94,146,1
L1-L2-L3,138,97,188,1
L1-L2-L3,138,98,225,1
L1-L2-L3,138,101,212,1
L1-L2-L3,138,102,35,1
L1-L2-L3,138,103,149,1
L1-L2-L3,138,104,176,1
L1-L2-L3,138,106,61,1
L1-L2-L3,138,109,20,1
L1-L2-L3,138,112,188,1
L1-L2-L3,138,113,74,1
L1-L2-L3,138,115,99,1
L1-L2-L3,138,118,54,1
L1-L2-L3,138,119,7,1
L1-L2-L3,138,122,176,1
L1-L2-L3,138,124,144,1
L1-L2-L3,138,125,70,1
L1-L2-L3,138,132,199,1
L1-L2-L3,138,134,228,1
L1-L2-L3,138,137,27,1
L1-L2-L3,138,139,58,1
L1-L2-L3,138,140,131,1
L1-L2-L3,138,141,91,1
L1-L2-L3,138,142,75,1
L1-L2-L3,138,143,239,1
L1-L2-L3,138,144,239,1
L1-L2-L3,138,148,243,1
L1-L2-L3,138,152,124,1
L1-L2-L3,138,154,214,1
L1-L2-L3,138,155,223,1
L1-L2-L3,138,157,38,1
L1-L2-L3,138,158,78,1
L1-L2-L3,138,159,38,1
L1-L2-L3,138,161,69,1
L1-L2-L3,138,163,86,1
L1-L2-L3,138,165,45,1
L1-L2-L3,138,170,147,1
L1-L2-L3,138,174,213,1
L1-L2-L3,138,178,91,1
L1-L2-L3,138,180,130,1
L1-L2-L3,138,181,171,1
L1-L2-L3,138,182,10,1
L1-L2-L3,138,183,233,1
L1-L2-L3,138,184,64,1
L1-L2-L3,138,185,141,1
L1-L2-L3,138,189,179,1
L1-L2-L3,138,191,253,1
L1-L2-L3,138,192,199,1
L1-L2-L3,138,194,62,1
L1-L2-L3,138,195,240,1
L1-L2-L3,138,197,121,1
L1-L2-L3,138,200,51,1
L1-L2-L3,138,204,17,1
L1-L2-L3,138,206,46,1
L1-L2-L3,138,207,213,1
L1-L2-L3,138,210,47,1
L1-L2-L3,138,211,123,1
L1-L2-L3,138,216,228,1
L1-L2-L3,138,221,123,1
L1-L2-L3,138,223,138,1
L1-L2-L3,138,225,9,1
L1-L2-L3,138,228,213,1
L1-L2-L3,138,229,172,1
L1-L2-L3,138,231,171,1
L1-L2-L3,138,232,48,1
L1-L2-L3,138,234,12,1
L1-L2-L3,138,235,24,1
L1-L2-L3,138,236,19,1
L1-L2-L3,138,238,228,1
L1-L2-L3,138,242,138,1
L1-L2-L3,138,246,229,1
L1-L2-L3,138,250,213,1
L1-L2-L3,138,253,40,1
L1-L2-L3,138,254,9,1
L1-L2-L3,138,255,116,1
L1-L2-L3,139,1,156,1
L1-L2-L3,139,2,200,1
L1-L2-L3,139,4,84,1
L1-L2-L3,139,7,108,1
L1-L2-L3,139,11,31,1
L1-L2-L3,139,21,140,1
L1-L2-L3,139,32,196,1
L1-L2-L3,139,36,79,1
L1-L2-L3,139,38,166,1
L1-L2-L3,139,41,191,1
L1-L2-L3,139,46,79,1
L1-L2-L3,139,47,60,1
L1-L2-L3,139,53,208,1
L1-L2-L3,139,57,252,1
L1-L2-L3,139,58,150,1
L1-L2-L3,139,61,181,1
L1-L2-L3,139,67,200,1
L1-L2-L3,139,73,161,1
L1-L2-L3,139,75,166,1
L1-L2-L3,139,76,81,1
L1-L2-L3,139,79,31,1
L1-L2-L3,139,82,6,1
L1-L2-L3,139,85,110,1
L1-L2-L3,139,92,253,1
L1-L2-L3,139,94,31,1
L1-L2-L3,139,104,140,1
L1-L2-L3,139,108,8,1
L1-L2-L3,139,109,100,1
L1-L2-L3,139,113,68,1
L1-L2-L3,139,114,164,1
L1-L2-L3,139,118,227,1
L1-L2-L3,139,121,189,1
L1-L2-L3,139,122,95,1
L1-L2-L3,139,123,172,1
L1-L2-L3,139,128,222,1
L1-L2-L3,139,133,1,1
L1-L2-L3,139,135,82,1
L1-L2-L3,139,136,231,1
L1-L2-L3,139,140,86,1
L1-L2-L3,139,142,53,1
L1-L2-L3,139,157,180,1
L1-L2-L3,139,159,147,1
L1-L2-L3,139,161,110,1
L1-L2-L3,139,165,72,1
L1-L2-L3,139,167,119,1
L1-L2-L3,139,171,52,1
L1-L2-L3,139,173,203,1
L1-L2-L3,139,174,169,1
L1-L2-L3,139,177,6,1
L1-L2-L3,139,179,161,1
L1-L2-L3,139,180,116,1
L1-L2-L3,139,182,110,1
L1-L2-L3,139,183,35,1
L1-L2-L3,139,184,239,1
L1-L2-L3,139,187,223,1
L1-L2-L3,139,190,161,1
L1-L2-L3,139,193,242,1
L1-L2-L3,139,196,119,1
L1-L2-L3,139,198,99,1
L1-L2-L3,139,200,200,1
L1-L2-L3,139,202,229,1
L1-L2-L3,139,203,170,1
L1-L2-L3,139,208,218,1
L1-L2-L3,139,212,150,1
L1-L2-L3,139,213,166,1
L1-L2-L3,139,215,60,1
L1-L2-L3,139,218,115,1
L1-L2-L3,139,219,59,1
L1-L2-L3,139,225,242,1
L1-L2-L3,139,233,140,1
L1-L2-L3,139,234,35,1
L1-L2-L3,139,238,218,1
L1-L2-L3,139,239,33,1
L1-L2-L3,139,241,6,1
L1-L2-L3,139,244,72,1
L1-L2-L3,139,255,51,1
L1-L2-L3,140,0,114,1
L1-L2-L3,140,5,47,1
L1-L2-L3,140,23,41,1
L1-L2-L3,140,24,213,1
L1-L2-L3,140,26,46,1
L1-L2-L3,140,31,157,1
L1-L2-L3,140,37,146,1
L1-L2-L3,140,38,107,1
L1-L2-L3,140,40,254,1
L1-L2-L3,140,42,157,1
L1-L2-L3,140,44,125,1
L1-L2-L3,140,46,83,1
L1-L2-L3,140,48,74,1
L1-L2-L3,140,54,157,1
L1-L2-L3,140,57,99,1
L1-L2-L3,140,61,138,1
L1-L2-L3,140,68,171,1
L1-L2-L3,140,70,56,1
L1-L2-L3,140,73,16,1
L1-L2-L3,140,76,129,1
L1-L2-L3,140,77,19,1
L1-L2-L3,140,78,46,1
L1-L2-L3,140,79,5,1
L1-L2-L3,140,80,234,1
L1-L2-L3,140,86,65,1
L1-L2-L3,140,92,216,1
L1-L2-L3,140,93,132,1
L1-L2-L3,140,94,5,1
L1-L2-L3,140,99,122,1
L1-L2-L3,140,103,255,1
L1-L2-L3,140,104,16,1
L1-L2-L3,140,105,83,1
L1-L2-L3,140,106,85,1
L1-L2-L3,140,108,93,1
L1-L2-L3,140,110,58,1
L1-L2-L3,140,112,72,1
L1-L2-L3,140,118,192,1
L1-L2-L3,140,123,101,1
L1-L2-L3,140,124,14,1
L1-L2-L3,140,125,234,1
L1-L2-L3,140,126,255,1
L1-L2-L3,140,127,91,1
L1-L2-L3,140,128,107,1
L1-L2-L3,140,129,27,1
L1-L2-L3,140,130,192,1
L1-L2-L3,140,131,87,1
L1-L2-L3,140,136,238,1
L1-L2-L3,140,137,243,1
L1-L2-L3,140,138,75,1
L1-L2-L3,140,140,191,1
L1-L2-L3,140,141,158,1
L1-L2-L3,140,145,83,1
L1-L2-L3,140,150,252,1
L1-L2-L3,140,152,129,1
L1-L2-L3,140,153,121,1
L1-L2-L3,140,155,97,1
L1-L2-L3,140,156,93,1
L1-L2-L3,140,158,159,1
L1-L2-L3,140,159,123,1
L1-L2-L3,140,162,53,1
L1-L2-L3,140,164,179,1
L1-L2-L3,140,165,254,1
L1-L2-L3,140,169,141,1
L1-L2-L3,140,171,194,1
L1-L2-L3,140,172,90,1
L1-L2-L3,140,173,112,1
L1-L2-L3,140,177,188,1
L1-L2-L3,140,178,88,1
L1-L2-L3,140,181,140,1
L1-L2-L3,140,183,7,1
L1-L2-L3,140,186,23,1
L1-L2-L3,140,187,144,1
L1-L2-L3,140,188,131,1
L1-L2-L3,140,190,75,1
L1-L2-L3,140,191,148,1
L1-L2-L3,140,192,64,1
L1-L2-L3,140,194,33,1
L1-L2-L3,140,195,233,1
L1-L2-L3,140,199,222,1
L1-L2-L3,140,203,62,1
L1-L2-L3,140,204,107,1
L1-L2-L3,140,207,114,1
L1-L2-L3,140,208,194,1
L1-L2-L3,140,210,53,1
L1-L2-L3,140,211,99,1
L1-L2-L3,140,213,47,1
L1-L2-L3,140,214,186,1
L1-L2-L3,140,217,82,1
L1-L2-L3,140,219,254,1
L1-L2-L3,140,224,93,1
L1-L2-L3,140,225,104,1
L1-L2-L3,140,226,230,1
L1-L2-L3,140,227,175,1
L1-L2-L3,140,228,81,1
L1-L2-L3,140,230,28,1
L1-L2-L3,140,231,248,1
L1-L2-L3,140,236,33,1
L1-L2-L3,140,239,175,1
L1-L2-L3,140,240,91,1
L1-L2-L3,140,242,87,1
L1-L2-L3,140,245,104,1
L1-L2-L3,140,248,40,1
L1-L2-L3,140,251,53,1
L1-L2-L3,140,252,223,1
L1-L2-L3,140,253,49,1
L1-L2-L3,140,254,53,1
L1-L2-L3,141,5,197,1
L1-L2-L3,141,8,164,1
L1-L2-L3,141,9,182,1
L1-L2-L3,141,15,33,1
L1-L2-L3,141,17,44,1
L1-L2-L3,141,18,71,1
L1-L2-L3,141,24,20,1
L1-L2-L3,141,29,240,1
L1-L2-L3,141,32,82,1
L1-L2-L3,141,34,182,1
L1-L2-L3,141,37,22,1
L1-L2-L3,141,39,56,1
L1-L2-L3,141,45,218,1
L1-L2-L3,141,51,2,1
L1-L2-L3,141,56,156,1
L1-L2-L3,141,58,82,1
L1-L2-L3,141,59,68,1
L1-L2-L3,141,79,157,1
L1-L2-L3,141,80,44,1
L1-L2-L3,141,83,85,1
L1-L2-L3,141,85,60,1
L1-L2-L3,141,87,193,1
L1-L2-L3,141,94,141,1
L1-L2-L3,141,95,95,1
L1-L2-L3,141,96,192,1
L1-L2-L3,141,98,20,1
L1-L2-L3,141,101,90,1
L1-L2-L3,141,104,58,1
L1-L2-L3,141,108,106,1
L1-L2-L3,141,110,144,1
L1-L2-L3,141,112,69,1
L1-L2-L3,141,115,16,1
L1-L2-L3,141,119,221,1
L1-L2-L3,141,123,142,1
L1-L2-L3,141,125,203,1
L1-L2-L3,141,128,94,1
L1-L2-L3,141,129,72,1
L1-L2-L3,141,136,21,1
L1-L2-L3,141,137,119,1
L1-L2-L3,141,139,60,1
L1-L2-L3,141,140,169,1
L1-L2-L3,141,142,147,1
L1-L2-L3,141,143,161,1
L1-L2-L3,141,149,200,1
L1-L2-L3,141,150,138,1
L1-L2-L3,141,153,252,1
L1-L2-L3,141,154,207,1
L1-L2-L3,141,155,59,1
L1-L2-L3,141,156,185,1
L1-L2-L3,141,158,157,1
L1-L2-L3,141,159,196,1
L1-L2-L3,141,162,90,1
L1-L2-L3,141,172,190,1
L1-L2-L3,141,178,43,1
L1-L2-L3,141,179,48,1
L1-L2-L3,141,180,254,1
L1-L2-L3,141,183,22,1
L1-L2-L3,141,187,188,1
L1-L2-L3,141,190,242,1
L1-L2-L3,141,193,4,1
L1-L2-L3,141,197,81,1
L1-L2-L3,141,200,168,1
L1-L2-L3,141,202,121,1
L1-L2-L3,141,205,43,1
L1-L2-L3,141,206,116,1
L1-L2-L3,141,207,70,1
L1-L2-L3,141,210,44,1
L1-L2-L3,141,215,94,1
L1-L2-L3,141,216,248,1
L1-L2-L3,141,218,91,1
L1-L2-L3,141,222,145,1
L1-L2-L3,141,223,117,1
L1-L2-L3,141,224,30,1
L1-L2-L3,141,226,204,1
L1-L2-L3,141,228,181,1
L1-L2-L3,141,236,28,1
L1-L2-L3,141,237,219,1
L1-L2-L3,141,239,216,1
L1-L2-L3,141,241,35,1
L1-L2-L3,141,244,223,1
L1-L2-L3,141,247,153,1
L1-L2-L3,141,250,206,1
L1-L2-L3,141,252,90,1
L1-L2-L3,141,253,203,1
L1-L2-L3,141,254,24,1
L1-L2-L3,141,255,203,1
L1-L2-L3,142,2,99,1
L1-L2-L3,142,3,86,1
L1-L2-L3,142,5,245,1
L1-L2-L3,142,9,150,1
L1-L2-L3,142,10,186,1
L1-L2-L3,142,16,228,1
L1-L2-L3,142,19,99,1
L1-L2-L3,142,33,111,1
L1-L2-L3,142,35,253,1
L1-L2-L3,142,37,15,1
L1-L2-L3,142,39,90,1
L1-L2-L3,142,40,70,1
L1-L2-L3,142,43,117,1
L1-L2-L3,142,44,252,1
L1-L2-L3,142,45,94,1
L1-L2-L3,142,46,42,1
L1-L2-L3,142,48,207,1
L1-L2-L3,142,49,37,1
L1-L2-L3,142,50,42,1
L1-L2-L3,142,53,190,1
L1-L2-L3,142,58,105,1
L1-L2-L3,142,59,165,1
L1-L2-L3,142,60,219,1
L1-L2-L3,142,62,160,1
L1-L2-L3,142,63,63,1
L1-L2-L3,142,64,87,1
L1-L2-L3,142,66,67,1
L1-L2-L3,142,67,53,1
L1-L2-L3,142,68,112,1
L1-L2-L3,142,71,25,1
L1-L2-L3,142,72,107,1
L1-L2-L3,142,75,157,1
L1-L2-L3,142,76,198,1
L1-L2-L3,142,78,219,1
L1-L2-L3,142,79,122,1
L1-L2-L3,142,83,42,1
L1-L2-L3,142,89,151,1
L1-L2-L3,142,90,253,1
L1-L2-L3,142,91,214,1
L1-L2-L3,142,94,231,1
L1-L2-L3,142,96,13,1
L1-L2-L3,142,100,17,1
L1-L2-L3,142,102,103,1
L1-L2-L3,142,105,106,1
L1-L2-L3,142,109,35,1
L1-L2-L3,142,111,179,1
L1-L2-L3,142,112,115,1
L1-L2-L3,142,118,81,1
L1-L2-L3,142,119,95,1
L1-L2-L3,142,120,60,1
L1-L2-L3,142,122,188,1
L1-L2-L3,142,123,91,1
L1-L2-L3,142,129,0,1
L1-L2-L3,142,131,95,1
L1-L2-L3,142,132,13,1
L1-L2-L3,142,134,56,1
L1-L2-L3,142,135,207,1
L1-L2-L3,142,139,219,1
L1-L2-L3,142,140,252,1
L1-L2-L3,142,142,245,1
L1-L2-L3,142,147,16,1
L1-L2-L3,142,150,26,1
L1-L2-L3,142,155,230,1
L1-L2-L3,142,156,112,1
L1-L2-L3,142,161,98,1
L1-L2-L3,142,166,137,1
L1-L2-L3,142,168,228,1
L1-L2-L3,142,169,102,1
L1-L2-L3,142,171,31,1
L1-L2-L3,142,175,89,1
L1-L2-L3,142,176,190,1
L1-L2-L3,142,180,124,1
L1-L2-L3,142,182,95,1
L1-L2-L3,142,183,228,1
L1-L2-L3,142,187,118,1
L1-L2-L3,142,190,76,1
L1-L2-L3,142,191,185,1
L1-L2-L3,142,194,50,1
L1-L2-L3,142,195,185,1
L1-L2-L3,142,196,195,1
L1-L2-L3,142,197,98,1
L1-L2-L3,142,198,158,1
L1-L2-L3,142,199,137,1
L1-L2-L3,142,202,161,1
L1-L2-L3,142,203,172,1
L1-L2-L3,142,205,234,1
L1-L2-L3,142,208,38,1
L1-L2-L3,142,214,87,1
L1-L2-L3,142,215,16,1
L1-L2-L3,142,218,162,1
L1-L2-L3,142,219,158,1
L1-L2-L3,142,221,156,1
L1-L2-L3,142,224,235,1
L1-L2-L3,142,230,78,1
L1-L2-L3,142,234,244,1
L1-L2-L3,142,236,150,1
L1-L2-L3,142,238,229,1
L1-L2-L3,142,240,189,1
L1-L2-L3,142,241,121,1
L1-L2-L3,142,243,143,1
L1-L2-L3,142,245,116,1
L1-L2-L3,142,250,28,1
L1-L2-L3,142,251,78,1
L1-L2-L3,142,252,245,1
L1-L2-L3,143,0,77,1
L1-L2-L3,143,7,202,1
L1-L2-L3,143,8,173,1
L1-L2-L3,143,13,97,1
L1-L2-L3,143,14,230,1
L1-L2-L3,143,21,95,1
L1-L2-L3,143,28,168,1
L1-L2-L3,143,30,167,1
L1-L2-L3,143,35,168,1
L1-L2-L3,143,38,168,1
L1-L2-L3,143,39,126,1
L1-L2-L3,143,40,229,1
L1-L2-L3,143,49,191,1
L1-L2-L3,143,58,10,1
L1-L2-L3,143,66,242,1
L1-L2-L3,143,74,64,1
L1-L2-L3,143,77,52,1
L1-L2-L3,143,78,77,1
L1-L2-L3,143,79,208,1
L1-L2-L3,143,80,143,1
L1-L2-L3,143,82,143,1
L1-L2-L3,143,84,148,1
L1-L2-L3,143,86,136,1
L1-L2-L3,143,91,18,1
L1-L2-L3,143,94,81,1
L1-L2-L3,143,96,170,1
L1-L2-L3,143,98,148,1
L1-L2-L3,143,99,90,1
L1-L2-L3,143,101,25,1
L1-L2-L3,143,102,246,1
L1-L2-L3,143,106,246,1
L1-L2-L3,143,107,139,1
L1-L2-L3,143,108,200,1
L1-L2-L3,143,114,131,1
L1-L2-L3,143,116,179,1
L1-L2-L3,143,117,114,1
L1-L2-L3,143,121,207,1
L1-L2-L3,143,122,166,1
L1-L2-L3,143,123,46,1
L1-L2-L3,143,124,88,1
L1-L2-L3,143,126,55,1
L1-L2-L3,143,127,113,1
L1-L2-L3,143,133,249,1
L1-L2-L3,143,134,147,1
L1-L2-L3,143,139,148,1
L1-L2-L3,143,144,41,1
L1-L2-L3,143,145,207,1
L1-L2-L3,143,146,242,1
L1-L2-L3,143,147,32,1
L1-L2-L3,143,149,15,1
L1-L2-L3,143,153,227,1
L1-L2-L3,143,160,36,1
L1-L2-L3,143,162,112,1
L1-L2-L3,143,166,180,1
L1-L2-L3,143,172,26,1
L1-L2-L3,143,178,9,1
L1-L2-L3,143,180,222,1
L1-L2-L3,143,181,150,1
L1-L2-L3,143,185,25,1
L1-L2-L3,143,188,249,1
L1-L2-L3,143,191,249,1
L1-L2-L3,143,193,93,1
L1-L2-L3,143,194,252,1
L1-L2-L3,143,196,17,1
L1-L2-L3,143,198,183,1
L1-L2-L3,143,203,221,1
L1-L2-L3,143,208,136,1
L1-L2-L3,143,213,142,1
L1-L2-L3,143,214,27,1
L1-L2-L3,143,215,57,1
L1-L2-L3,143,219,150,1
L1-L2-L3,143,221,212,1
L1-L2-L3,143,224,106,1
L1-L2-L3,143,226,108,1
L1-L2-L3,143,229,84,1
L1-L2-L3,143,236,169,1
L1-L2-L3,143,237,110,1
L1-L2-L3,143,238,134,1
L1-L2-L3,143,239,17,1
L1-L2-L3,143,241,148,1
L1-L2-L3,143,243,89,1
L1-L2-L3,143,245,163,1
L1-L2-L3,143,247,132,1
L1-L2-L3,143,248,137,1
L1-L2-L3,143,250,212,1
L1-L2-L3,143,252,35,1
L1-L2-L3,143,253,13,1
L1-L2-L3,143,254,108,1
L1-L2-L3,144,2,182,1
L1-L2-L3,144,7,82,1
L1-L2-L3,144,10,33,1
L1-L2-L3,144,11,150,1
L1-L2-L3,144,21,31,1
L1-L2-L3,144,23,136,1
L1-L2-L3,144,33,52,1
L1-L2-L3,144,48,23,1
L1-L2-L3,144,50,150,1
L1-L2-L3,144,57,147,1
L1-L2-L3,144,67,169,1
L1-L2-L3,144,72,44,1
L1-L2-L3,144,75,33,1
L1-L2-L3,144,77,150,1
L1-L2-L3,144,81,72,1
L1-L2-L3,144,83,73,1
L1-L2-L3,144,87,44,1
L1-L2-L3,144,89,109,1
L1-L2-L3,144,94,254,1
L1-L2-L3,144,97,16,1
L1-L2-L3,144,107,4,1
L1-L2-L3,144,116,226,1
L1-L2-L3,144,120,81,1
L1-L2-L3,144,121,159,1
L1-L2-L3,144,127,58,1
L1-L2-L3,144,129,60,1
L1-L2-L3,144,134,82,1
L1-L2-L3,144,136,229,1
L1-L2-L3,144,141,139,1
L1-L2-L3,144,142,166,1
L1-L2-L3,144,146,84,1
L1-L2-L3,144,147,81,1
L1-L2-L3,144,149,24,1
L1-L2-L3,144,151,169,1
L1-L2-L3,144,158,222,1
L1-L2-L3,144,161,201,1
L1-L2-L3,144,162,84,1
L1-L2-L3,144,165,31,1
L1-L2-L3,144,167,79,1
L1-L2-L3,144,170,180,1
L1-L2-L3,144,174,16,1
L1-L2-L3,144,175,214,1
L1-L2-L3,144,178,170,1
L1-L2-L3,144,180,134,1
L1-L2-L3,144,183,207,1
L1-L2-L3,144,186,136,1
L1-L2-L3,144,187,196,1
L1-L2-L3,144,192,201,1
L1-L2-L3,144,193,150,1
L1-L2-L3,144,194,241,1
L1-L2-L3,144,195,44,1
L1-L2-L3,144,198,18,1
L1-L2-L3,144,203,35,1
L1-L2-L3,144,207,226,1
L1-L2-L3,144,208,184,1
L1-L2-L3,144,209,218,1
L1-L2-L3,144,210,191,1
L1-L2-L3,144,214,223,1
L1-L2-L3,144,216,72,1
L1-L2-L3,144,226,81,1
L1-L2-L3,144,231,8,1
L1-L2-L3,144,242,31,1
L1-L2-L3,144,254,21,1
L1-L2-L3,145,2,23,1
L1-L2-L3,145,6,171,1
L1-L2-L3,145,11,6,1
L1-L2-L3,145,15,217,1
L1-L2-L3,145,16,35,1
L1-L2-L3,145,18,193,1
L1-L2-L3,145,24,59,1
L1-L2-L3,145,25,217,1
L1-L2-L3,145,26,198,1
L1-L2-L3,145,28,202,1
L1-L2-L3,145,29,232,1
L1-L2-L3,145,31,30,1
L1-L2-L3,145,36,70,1
L1-L2-L3,145,40,59,1
L1-L2-L3,145,47,129,1
L1-L2-L3,145,48,22,1
L1-L2-L3,145,50,69,1
L1-L2-L3,145,56,80,1
L1-L2-L3,145,58,181,1
L1-L2-L3,145,60,76,1
L1-L2-L3,145,61,152,1
L1-L2-L3,145,63,215,1
L1-L2-L3,145,67,89,1
L1-L2-L3,145,68,79,1
L1-L2-L3,145,74,54,1
L1-L2-L3,145,76,38,1
L1-L2-L3,145,83,104,1
L1-L2-L3,145,84,73,1
L1-L2-L3,145,86,100,1
L1-L2-L3,145,87,38,1
L1-L2-L3,145,88,199,1
L1-L2-L3,145,90,182,1
L1-L2-L3,145,94,228,1
L1-L2-L3,145,95,196,1
L1-L2-L3,145,98,191,1
L1-L2-L3,145,99,210,1
L1-L2-L3,145,101,182,1
L1-L2-L3,145,113,124,1
L1-L2-L3,145,116,52,1
L1-L2-L3,145,122,224,1
L1-L2-L3,145,127,72,1
L1-L2-L3,145,128,231,1
L1-L2-L3,145,136,179,1
L1-L2-L3,145,137,212,1
L1-L2-L3,145,139,127,1
L1-L2-L3,145,142,89,1
L1-L2-L3,145,147,79,1
L1-L2-L3,145,148,208,1
L1-L2-L3,145,150,227,1
L1-L2-L3,145,153,36,1
L1-L2-L3,145,158,114,1
L1-L2-L3,145,160,15,1
L1-L2-L3,145,162,28,1
L1-L2-L3,145,163,52,1
L1-L2-L3,145,166,13,1
L1-L2-L3,145,169,244,1
L1-L2-L3,145,171,170,1
L1-L2-L3,145,172,38,1
L1-L2-L3,145,173,30,1
L1-L2-L3,145,177,169,1
L1-L2-L3,145,179,66,1
L1-L2-L3,145,181,190,1
L1-L2-L3,145,182,170,1
L1-L2-L3,145,184,35,1
L1-L2-L3,145,185,224,1
L1-L2-L3,145,186,27,1
L1-L2-L3,145,187,232,1
L1-L2-L3,145,188,147,1
L1-L2-L3,145,190,208,1
L1-L2-L3,145,191,66,1
L1-L2-L3,145,194,170,1
L1-L2-L3,145,195,181,1
L1-L2-L3,145,197,185,1
L1-L2-L3,145,198,84,1
L1-L2-L3,145,199,215,1
L1-L2-L3,145,201,210,1
L1-L2-L3,145,204,124,1
L1-L2-L3,145,205,204,1
L1-L2-L3,145,207,217,1
L1-L2-L3,145,210,182,1
L1-L2-L3,145,211,193,1
L1-L2-L3,145,212,148,1
L1-L2-L3,145,214,122,1
L1-L2-L3,145,215,76,1
L1-L2-L3,145,217,221,1
L1-L2-L3,145,219,137,1
L1-L2-L3,145,222,59,1
L1-L2-L3,145,228,234,1
L1-L2-L3,145,231,126,1
L1-L2-L3,145,233,208,1
L1-L2-L3,145,234,52,1
L1-L2-L3,145,237,224,1
L1-L2-L3,145,241,44,1
L1-L2-L3,145,244,100,1
L1-L2-L3,145,245,76,1
L1-L2-L3,145,246,122,1
L1-L2-L3,145,253,79,1
L1-L2-L3,145,254,246,1
L1-L2-L3,145,255,60,1
L1-L2-L3,146,1,20,1
L1-L2-L3,146,3,54,1
L1-L2-L3,146,4,25,1
L1-L2-L3,146,6,181,1
L1-L2-L3,146,10,224,1
L1-L2-L3,146,14,5,1
L1-L2-L3,146,18,217,1
L1-L2-L3,146,19,215,1
L1-L2-L3,146,23,57,1
L1-L2-L3,146,26,167,1
L1-L2-L3,146,27,15,1
L1-L2-L3,146,28,244,1
L1-L2-L3,146,29,108,1
L1-L2-L3,146,33,199,1
L1-L2-L3,146,34,255,1
L1-L2-L3,146,38,36,1
L1-L2-L3,146,40,15,1
L1-L2-L3,146,41,173,1
L1-L2-L3,146,46,104,1
L1-L2-L3,146,49,60,1
L1-L2-L3,146,53,106,1
L1-L2-L3,146,54,76,1
L1-L2-L3,146,56,55,1
L1-L2-L3,146,59,50,1
L1-L2-L3,146,60,92,1
L1-L2-L3,146,65,247,1
L1-L2-L3,146,69,89,1
L1-L2-L3,146,72,238,1
L1-L2-L3,146,73,51,1
L1-L2-L3,146,74,200,1
L1-L2-L3,146,79,199,1
L1-L2-L3,146,83,173,1
L1-L2-L3,146,91,54,1
L1-L2-L3,146,92,17,1
L1-L2-L3,146,93,219,1
L1-L2-L3,146,95,60,1
L1-L2-L3,146,96,65,1
L1-L2-L3,146,102,23,1
L1-L2-L3,146,103,11,1
L1-L2-L3,146,104,67,1
L1-L2-L3,146,107,22,1
L1-L2-L3,146,110,230,1
L1-L2-L3,146,112,236,1
L1-L2-L3,146,115,41,1
L1-L2-L3,146,119,244,1
L1-L2-L3,146,121,40,1
L1-L2-L3,146,125,54,1
L1-L2-L3,146,126,89,1
L1-L2-L3,146,129,6,1
L1-L2-L3,146,130,23,1
L1-L2-L3,146,131,126,1
L1-L2-L3,146,132,172,1
L1-L2-L3,146,134,64,1
L1-L2-L3,146,140,97,1
L1-L2-L3,146,141,40,1
L1-L2-L3,146,142,38,1
L1-L2-L3,146,149,55,1
L1-L2-L3,146,151,214,1
L1-L2-L3,146,152,72,1
L1-L2-L3,146,156,65,1
L1-L2-L3,146,161,85,1
L1-L2-L3,146,163,113,1
L1-L2-L3,146,164,24,1
L1-L2-L3,146,169,181,1
L1-L2-L3,146,170,199,1
L1-L2-L3,146,174,79,1
L1-L2-L3,146,176,121,1
L1-L2-L3,146,177,247,1
L1-L2-L3,146,181,65,1
L1-L2-L3,146,187,255,1
L1-L2-L3,146,193,11,1
L1-L2-L3,146,196,54,1
L1-L2-L3,146,201,218,1
L1-L2-L3,146,202,240,1
L1-L2-L3,146,203,118,1
L1-L2-L3,146,205,126,1
L1-L2-L3,146,207,30,1
L1-L2-L3,146,209,74,1
L1-L2-L3,146,210,99,1
L1-L2-L3,146,211,255,1
L1-L2-L3,146,212,22,1
L1-L2-L3,146,215,35,1
L1-L2-L3,146,216,150,1
L1-L2-L3,146,219,172,1
L1-L2-L3,146,220,215,1
L1-L2-L3,146,222,146,1
L1-L2-L3,146,225,201,1
L1-L2-L3,146,226,244,1
L1-L2-L3,146,231,61,1
L1-L2-L3,146,232,121,1
L1-L2-L3,146,233,3,1
L1-L2-L3,146,236,87,1
L1-L2-L3,146,237,61,1
L1-L2-L3,146,238,155,1
L1-L2-L3,146,239,162,1
L1-L2-L3,146,240,54,1
L1-L2-L3,146,241,142,1
L1-L2-L3,146,243,19,1
L1-L2-L3,146,249,36,1
L1-L2-L3,146,252,196,1
L1-L2-L3,146,253,101,1
L1-L2-L3,146,254,126,1
L1-L2-L3,147,1,42,1
L1-L2-L3,147,3,83,1
L1-L2-L3,147,4,153,1
L1-L2-L3,147,11,183,1
L1-L2-L3,147,14,112,1
L1-L2-L3,147,15,238,1
L1-L2-L3,147,17,204,1
L1-L2-L3,147,28,56,1
L1-L2-L3,147,30,5,1
L1-L2-L3,147,35,250,1
L1-L2-L3,147,36,239,1
L1-L2-L3,147,44,64,1
L1-L2-L3,147,50,112,1
L1-L2-L3,147,51,59,1
L1-L2-L3,147,53,186,1
L1-L2-L3,147,54,44,1
L1-L2-L3,147,58,147,1
L1-L2-L3,147,59,213,1
L1-L2-L3,147,62,71,1
L1-L2-L3,147,72,40,1
L1-L2-L3,147,81,27,1
L1-L2-L3,147,86,200,1
L1-L2-L3,147,94,94,1
L1-L2-L3,147,95,145,1
L1-L2-L3,147,96,3,1
L1-L2-L3,147,97,118,1
L1-L2-L3,147,103,20,1
L1-L2-L3,147,114,8,1
L1-L2-L3,147,115,145,1
L1-L2-L3,147,117,54,1
L1-L2-L3,147,118,200,1
L1-L2-L3,147,119,83,1
L1-L2-L3,147,120,101,1
L1-L2-L3,147,122,83,1
L1-L2-L3,147,125,142,1
L1-L2-L3,147,130,82,1
L1-L2-L3,147,131,55,1
L1-L2-L3,147,133,145,1
L1-L2-L3,147,135,70,1
L1-L2-L3,147,138,193,1
L1-L2-L3,147,140,210,1
L1-L2-L3,147,141,62,1
L1-L2-L3,147,145,180,1
L1-L2-L3,147,146,41,1
L1-L2-L3,147,148,169,1
L1-L2-L3,147,149,20,1
L1-L2-L3,147,151,114,1
L1-L2-L3,147,152,141,1
L1-L2-L3,147,155,215,1
L1-L2-L3,147,156,150,1
L1-L2-L3,147,158,249,1
L1-L2-L3,147,159,1,1
L1-L2-L3,147,160,208,1
L1-L2-L3,147,164,196,1
L1-L2-L3,147,167,15,1
L1-L2-L3,147,168,22,1
L1-L2-L3,147,169,226,1
L1-L2-L3,147,175,203,1
L1-L2-L3,147,177,145,1
L1-L2-L3,147,184,221,1
L1-L2-L3,147,185,41,1
L1-L2-L3,147,186,11,1
L1-L2-L3,147,187,145,1
L1-L2-L3,147,189,5,1
L1-L2-L3,147,191,184,1
L1-L2-L3,147,192,49,1
L1-L2-L3,147,194,210,1
L1-L2-L3,147,195,140,1
L1-L2-L3,147,196,139,1
L1-L2-L3,147,198,53,1
L1-L2-L3,147,201,23,1
L1-L2-L3,147,202,223,1
L1-L2-L3,147,204,197,1
L1-L2-L3,147,205,249,1
L1-L2-L3,147,207,31,1
L1-L2-L3,147,209,49,1
L1-L2-L3,147,214,133,1
L1-L2-L3,147,216,126,1
L1-L2-L3,147,217,61,1
L1-L2-L3,147,219,49,1
L1-L2-L3,147,221,211,1
L1-L2-L3,147,227,213,1
L1-L2-L3,147,228,88,1
L1-L2-L3,147,233,111,1
L1-L2-L3,147,236,163,1
L1-L2-L3,147,240,23,1
L1-L2-L3,147,241,249,1
L1-L2-L3,147,245,37,1
L1-L2-L3,147,247,84,1
L1-L2-L3,147,249,100,1
L1-L2-L3,147,253,78,1
L1-L2-L3,148,5,89,1
L1-L2-L3,148,7,67,1
L1-L2-L3,148,8,45,1
L1-L2-L3,148,9,14,1
L1-L2-L3,148,10,129,1
L1-L2-L3,148,12,123,1
L1-L2-L3,148,13,21,1
L1-L2-L3,148,18,49,1
L1-L2-L3,148,19,240,1
L1-L2-L3,148,21,199,1
L1-L2-L3,148,24,32,1
L1-L2-L3,148,30,74,1
L1-L2-L3,148,35,80,1
L1-L2-L3,148,38,55,1
L1-L2-L3,148,41,183,1
L1-L2-L3,148,43,108,1
L1-L2-L3,148,44,16,1
L1-L2-L3,148,51,230,1
L1-L2-L3,148,52,107,1
L1-L2-L3,148,53,163,1
L1-L2-L3,148,61,93,1
L1-L2-L3,148,68,253,1
L1-L2-L3,148,70,253,1
L1-L2-L3,148,75,31,1
L1-L2-L3,148,76,123,1
L1-L2-L3,148,77,113,1
L1-L2-L3,148,82,240,1
L1-L2-L3,148,84,138,1
L1-L2-L3,148,90,26,1
L1-L2-L3,148,91,251,1
L1-L2-L3,148,92,188,1
L1-L2-L3,148,93,220,1
L1-L2-L3,148,95,238,1
L1-L2-L3,148,98,163,1
L1-L2-L3,148,101,168,1
L1-L2-L3,148,104,49,1
L1-L2-L3,148,105,176,1
L1-L2-L3,148,107,229,1
L1-L2-L3,148,118,99,1
L1-L2-L3,148,119,46,1
L1-L2-L3,148,120,137,1
L1-L2-L3,148,123,248,1
L1-L2-L3,148,125,20,1
L1-L2-L3,148,126,40,1
L1-L2-L3,148,128,160,1
L1-L2-L3,148,129,12,1
L1-L2-L3,148,131,22,1
L1-L2-L3,148,132,118,1
L1-L2-L3,148,135,116,1
L1-L2-L3,148,138,220,1
L1-L2-L3,148,139,196,1
L1-L2-L3,148,140,117,1
L1-L2-L3,148,142,81,1
L1-L2-L3,148,143,208,1
L1-L2-L3,148,144,178,1
L1-L2-L3,148,147,113,1
L1-L2-L3,148,151,99,1
L1-L2-L3,148,155,22,1
L1-L2-L3,148,158,13,1
L1-L2-L3,148,159,209,1
L1-L2-L3,148,165,116,1
L1-L2-L3,148,166,74,1
L1-L2-L3,148,167,1,1
L1-L2-L3,148,168,246,1
L1-L2-L3,148,171,228,1
L1-L2-L3,148,172,188,1
L1-L2-L3,148,173,91,1
L1-L2-L3,148,175,220,1
L1-L2-L3,148,178,113,1
L1-L2-L3,148,180,93,1
L1-L2-L3,148,181,240,1
L1-L2-L3,148,183,202,1
L1-L2-L3,148,185,228,1
L1-L2-L3,148,186,156,1
L1-L2-L3,148,188,230,1
L1-L2-L3,148,189,167,1
L1-L2-L3,148,192,31,1
L1-L2-L3,148,193,100,1
L1-L2-L3,148,194,98,1
L1-L2-L3,148,195,221,1
L1-L2-L3,148,199,138,1
L1-L2-L3,148,201,231,1
L1-L2-L3,148,202,19,1
L1-L2-L3,148,203,122,1
L1-L2-L3,148,205,40,1
L1-L2-L3,148,207,229,1
L1-L2-L3,148,208,231,1
L1-L2-L3,148,209,125,1
L1-L2-L3,148,216,143,1
L1-L2-L3,148,219,102,1
L1-L2-L3,148,220,228,1
L1-L2-L3,148,223,48,1
L1-L2-L3,148,225,40,1
L1-L2-L3,148,227,93,1
L1-L2-L3,148,228,205,1
L1-L2-L3,148,236,113,1
L1-L2-L3,148,239,248,1
L1-L2-L3,148,241,182,1
L1-L2-L3,148,244,85,1
L1-L2-L3,148,245,182,1
L1-L2-L3,148,247,99,1
L1-L2-L3,148,248,176,1
L1-L2-L3,148,249,255,1
L1-L2-L3,148,250,81,1
L1-L2-L3,148,251,10,1
L1-L2-L3,148,254,27,1
L1-L2-L3,148,255,137,1
L1-L2-L3,149,0,5,1
L1-L2-L3,149,7,98,1
L1-L2-L3,149,14,106,1
L1-L2-L3,149,15,99,1
L1-L2-L3,149,18,213,1
L1-L2-L3,149,22,85,1
L1-L2-L3,149,27,109,1
L1-L2-L3,149,28,98,1
L1-L2-L3,149,29,106,1
L1-L2-L3,149,35,58,1
L1-L2-L3,149,37,29,1
L1-L2-L3,149,38,225,1
L1-L2-L3,149,39,175,1
L1-L2-L3,149,40,253,1
L1-L2-L3,149,45,36,1
L1-L2-L3,149,46,131,1
L1-L2-L3,149,47,169,1
L1-L2-L3,149,49,231,1
L1-L2-L3,149,52,92,1
L1-L2-L3,149,56,107,1
L1-L2-L3,149,57,63,1
L1-L2-L3,149,63,148,1
L1-L2-L3,149,66,108,1
L1-L2-L3,149,68,190,1
L1-L2-L3,149,70,78,1
L1-L2-L3,149,71,241,1
L1-L2-L3,149,72,236,1
L1-L2-L3,149,74,167,1
L1-L2-L3,149,77,178,1
L1-L2-L3,149,80,88,1
L1-L2-L3,149,85,38,1
L1-L2-L3,149,86,112,1
L1-L2-L3,149,87,75,1
L1-L2-L3,149,90,254,1
L1-L2-L3,149,91,7,1
L1-L2-L3,149,95,47,1
L1-L2-L3,149,96,244,1
L1-L2-L3,149,99,70,1
L1-L2-L3,149,102,186,1
L1-L2-L3,149,103,124,1
L1-L2-L3,149,104,228,1
L1-L2-L3,149,105,70,1
L1-L2-L3,149,108,103,1
L1-L2-L3,149,109,36,1
L1-L2-L3,149,111,209,1
L1-L2-L3,149,112,191,1
L1-L2-L3,149,113,35,1
L1-L2-L3,149,114,99,1
L1-L2-L3,149,115,209,1
L1-L2-L3,149,117,104,1
L1-L2-L3,149,118,32,1
L1-L2-L3,149,120,144,1
L1-L2-L3,149,121,63,1
L1-L2-L3,149,123,228,1
L1-L2-L3,149,124,236,1
L1-L2-L3,149,126,234,1
L1-L2-L3,149,127,9,1
L1-L2-L3,149,129,213,1
L1-L2-L3,149,136,186,1
L1-L2-L3,149,137,54,1
L1-L2-L3,149,147,98,1
L1-L2-L3,149,152,162,1
L1-L2-L3,149,153,239,1
L1-L2-L3,149,154,245,1
L1-L2-L3,149,159,220,1
L1-L2-L3,149,160,64,1
L1-L2-L3,149,161,65,1
L1-L2-L3,149,163,102,1
L1-L2-L3,149,169,171,1
L1-L2-L3,149,172,162,1
L1-L2-L3,149,173,184,1
L1-L2-L3,149,174,149,1
L1-L2-L3,149,175,85,1
L1-L2-L3,149,176,186,1
L1-L2-L3,149,180,131,1
L1-L2-L3,149,184,231,1
L1-L2-L3,149,189,46,1
L1-L2-L3,149,190,235,1
L1-L2-L3,149,194,245,1
L1-L2-L3,149,197,168,1
L1-L2-L3,149,198,140,1
L1-L2-L3,149,199,211,1
L1-L2-L3,149,200,115,1
L1-L2-L3,149,201,182,1
L1-L2-L3,149,202,96,1
L1-L2-L3,149,204,120,1
L1-L2-L3,149,205,199,1
L1-L2-L3,149,206,145,1
L1-L2-L3,149,207,189,1
L1-L2-L3,149,208,61,1
L1-L2-L3,149,209,56,1
L1-L2-L3,149,210,113,1
L1-L2-L3,149,211,57,1
L1-L2-L3,149,212,53,1
L1-L2-L3,149,217,102,1
L1-L2-L3,149,218,251,1
L1-L2-L3,149,221,45,1
L1-L2-L3,149,222,166,1
L1-L2-L3,149,223,191,1
L1-L2-L3,149,225,147,1
L1-L2-L3,149,227,123,1
L1-L2-L3,149,228,106,1
L1-L2-L3,149,230,89,1
L1-L2-L3,149,231,241,1
L1-L2-L3,149,233,222,1
L1-L2-L3,149,234,157,1
L1-L2-L3,149,235,48,1
L1-L2-L3,149,236,251,1
L1-L2-L3,149,241,253,1
L1-L2-L3,149,242,241,1
L1-L2-L3,149,245,131,1
L1-L2-L3,149,247,63,1
L1-L2-L3,149,250,97,1
L1-L2-L3,149,252,242,1
L1-L2-L3,149,255,158,1
L1-L2-L3,150,1,152,1
L1-L2-L3,150,3,236,1
L1-L2-L3,150,6,109,1
L1-L2-L3,150,9,86,1
L1-L2-L3,150,10,126,1
L1-L2-L3,150,13,128,1
L1-L2-L3,150,16,140,1
L1-L2-L3,150,17,84,1
L1-L2-L3,150,19,73,1
L1-L2-L3,150,24,214,1
L1-L2-L3,150,26,129,1
L1-L2-L3,150,29,46,1
L1-L2-L3,150,30,237,1
L1-L2-L3,150,34,128,1
L1-L2-L3,150,38,207,1
L1-L2-L3,150,41,35,1
L1-L2-L3,150,44,92,1
L1-L2-L3,150,49,7,1
L1-L2-L3,150,50,202,1
L1-L2-L3,150,51,136,1
L1-L2-L3,150,52,203,1
L1-L2-L3,150,53,137,1
L1-L2-L3,150,54,169,1
L1-L2-L3,150,56,130,1
L1-L2-L3,150,58,190,1
L1-L2-L3,150,60,77,1
L1-L2-L3,150,64,97,1
L1-L2-L3,150,65,52,1
L1-L2-L3,150,69,242,1
L1-L2-L3,150,74,109,1
L1-L2-L3,150,77,119,1
L1-L2-L3,150,82,150,1
L1-L2-L3,150,85,23,1
L1-L2-L3,150,87,149,1
L1-L2-L3,150,88,136,1
L1-L2-L3,150,92,113,1
L1-L2-L3,150,95,44,1
L1-L2-L3,150,96,157,1
L1-L2-L3,150,99,41,1
L1-L2-L3,150,100,126,1
L1-L2-L3,150,101,163,1
L1-L2-L3,150,102,24,1
L1-L2-L3,150,106,135,1
L1-L2-L3,150,107,119,1
L1-L2-L3,150,112,78,1
L1-L2-L3,150,116,211,1
L1-L2-L3,150,125,110,1
L1-L2-L3,150,126,121,1
L1-L2-L3,150,127,119,1
L1-L2-L3,150,130,5,1
L1-L2-L3,150,132,14,1
L1-L2-L3,150,138,234,1
L1-L2-L3,150,146,32,1
L1-L2-L3,150,150,177,1
L1-L2-L3,150,151,227,1
L1-L2-L3,150,152,206,1
L1-L2-L3,150,158,211,1
L1-L2-L3,150,160,67,1
L1-L2-L3,150,166,110,1
L1-L2-L3,150,167,215,1
L1-L2-L3,150,172,194,1
L1-L2-L3,150,177,56,1
L1-L2-L3,150,180,255,1
L1-L2-L3,150,181,172,1
L1-L2-L3,150,183,221,1
L1-L2-L3,150,189,78,1
L1-L2-L3,150,191,178,1
L1-L2-L3,150,193,31,1
L1-L2-L3,150,195,74,1
L1-L2-L3,150,200,196,1
L1-L2-L3,150,201,76,1
L1-L2-L3,150,206,38,1
L1-L2-L3,150,207,44,1
L1-L2-L3,150,209,26,1
L1-L2-L3,150,210,214,1
L1-L2-L3,150,211,222,1
L1-L2-L3,150,212,202,1
L1-L2-L3,150,213,157,1
L1-L2-L3,150,214,11,1
L1-L2-L3,150,215,152,1
L1-L2-L3,150,216,136,1
L1-L2-L3,150,218,52,1
L1-L2-L3,150,219,206,1
L1-L2-L3,150,220,33,1
L1-L2-L3,150,223,224,1
L1-L2-L3,150,229,109,1
L1-L2-L3,150,230,84,1
L1-L2-L3,150,231,194,1
L1-L2-L3,150,233,248,1
L1-L2-L3,150,234,150,1
L1-L2-L3,150,235,57,1
L1-L2-L3,150,236,18,1
L1-L2-L3,150,237,101,1
L1-L2-L3,150,239,207,1
L1-L2-L3,150,240,125,1
L1-L2-L3,150,241,151,1
L1-L2-L3,150,242,66,1
L1-L2-L3,150,244,210,1
L1-L2-L3,150,245,221,1
L1-L2-L3,150,246,130,1
L1-L2-L3,150,248,168,1
L1-L2-L3,150,250,7,1
L1-L2-L3,150,252,28,1
L1-L2-L3,150,253,167,1
L1-L2-L3,150,254,176,1
L1-L2-L3,150,255,85,1
L1-L2-L3,151,1,224,1
L1-L2-L3,151,11,182,1
L1-L2-L3,151,13,167,1
L1-L2-L3,151,18,101,1
L1-L2-L3,151,23,19,1
L1-L2-L3,151,25,47,1
L1-L2-L3,151,26,152,1
L1-L2-L3,151,38,7,1
L1-L2-L3,151,39,136,1
L1-L2-L3,151,40,251,1
L1-L2-L3,151,42,67,1
L1-L2-L3,151,44,173,1
L1-L2-L3,151,48,194,1
L1-L2-L3,151,61,7,1
L1-L2-L3,151,63,61,1
L1-L2-L3,151,68,20,1
L1-L2-L3,151,71,79,1
L1-L2-L3,151,73,27,1
L1-L2-L3,151,76,92,1
L1-L2-L3,151,77,39,1
L1-L2-L3,151,78,121,1
L1-L2-L3,151,79,188,1
L1-L2-L3,151,84,170,1
L1-L2-L3,151,85,141,1
L1-L2-L3,151,86,118,1
L1-L2-L3,151,87,249,1
L1-L2-L3,151,89,102,1
L1-L2-L3,151,90,66,1
L1-L2-L3,151,93,118,1
L1-L2-L3,151,96,148,1
L1-L2-L3,151,100,225,1
L1-L2-L3,151,102,58,1
L1-L2-L3,151,103,119,1
L1-L2-L3,151,112,216,1
L1-L2-L3,151,114,234,1
L1-L2-L3,151,116,208,1
L1-L2-L3,151,118,111,1
L1-L2-L3,151,130,93,1
L1-L2-L3,151,133,111,1
L1-L2-L3,151,134,1,1
L1-L2-L3,151,138,238,1
L1-L2-L3,151,143,30,1
L1-L2-L3,151,144,108,1
L1-L2-L3,151,150,204,1
L1-L2-L3,151,151,190,1
L1-L2-L3,151,156,90,1
L1-L2-L3,151,159,61,1
L1-L2-L3,151,160,201,1
L1-L2-L3,151,161,228,1
L1-L2-L3,151,163,106,1
L1-L2-L3,151,165,180,1
L1-L2-L3,151,166,56,1
L1-L2-L3,151,172,151,1
L1-L2-L3,151,173,20,1
L1-L2-L3,151,174,211,1
L1-L2-L3,151,177,241,1
L1-L2-L3,151,180,121,1
L1-L2-L3,151,183,71,1
L1-L2-L3,151,186,37,1
L1-L2-L3,151,189,70,1
L1-L2-L3,151,191,208,1
L1-L2-L3,151,200,23,1
L1-L2-L3,151,201,75,1
L1-L2-L3,151,204,218,1
L1-L2-L3,151,205,84,1
L1-L2-L3,151,206,236,1
L1-L2-L3,151,208,113,1
L1-L2-L3,151,211,39,1
L1-L2-L3,151,218,92,1
L1-L2-L3,151,220,56,1
L1-L2-L3,151,221,189,1
L1-L2-L3,151,223,51,1
L1-L2-L3,151,224,130,1
L1-L2-L3,151,227,179,1
L1-L2-L3,151,231,130,1
L1-L2-L3,151,236,14,1
L1-L2-L3,151,237,15,1
L1-L2-L3,151,238,50,1
L1-L2-L3,151,239,243,1
L1-L2-L3,151,243,7,1
L1-L2-L3,151,245,216,1
L1-L2-L3,151,246,58,1
L1-L2-L3,151,249,102,1
L1-L2-L3,151,251,115,1
L1-L2-L3,151,253,194,1
L1-L2-L3,152,8,243,1
L1-L2-L3,152,9,46,1
L1-L2-L3,152,10,115,1
L1-L2-L3,152,15,53,1
L1-L2-L3,152,20,102,1
L1-L2-L3,152,23,75,1
L1-L2-L3,152,24,100,1
L1-L2-L3,152,26,79,1
L1-L2-L3,152,29,252,1
L1-L2-L3,152,35,247,1
L1-L2-L3,152,41,216,1
L1-L2-L3,152,42,141,1
L1-L2-L3,152,48,181,1
L1-L2-L3,152,55,202,1
L1-L2-L3,152,59,60,1
L1-L2-L3,152,66,230,1
L1-L2-L3,152,69,181,1
L1-L2-L3,152,72,135,1
L1-L2-L3,152,86,49,1
L1-L2-L3,152,88,181,1
L1-L2-L3,152,89,60,1
L1-L2-L3,152,90,202,1
L1-L2-L3,152,95,99,1
L1-L2-L3,152,97,109,1
L1-L2-L3,152,98,31,1
L1-L2-L3,152,101,59,1
L1-L2-L3,152,104,179,1
L1-L2-L3,152,106,106,1
L1-L2-L3,152,109,221,1
L1-L2-L3,152,111,134,1
L1-L2-L3,152,117,67,1
L1-L2-L3,152,127,100,1
L1-L2-L3,152,128,109,1
L1-L2-L3,152,129,36,1
L1-L2-L3,152,134,73,1
L1-L2-L3,152,142,122,1
L1-L2-L3,152,144,128,1
L1-L2-L3,152,146,151,1
L1-L2-L3,152,147,202,1
L1-L2-L3,152,150,215,1
L1-L2-L3,152,154,196,1
L1-L2-L3,152,155,84,1
L1-L2-L3,152,157,121,1
L1-L2-L3,152,164,201,1
L1-L2-L3,152,167,212,1
L1-L2-L3,152,168,181,1
L1-L2-L3,152,169,154,1
L1-L2-L3,152,170,72,1
L1-L2-L3,152,172,133,1
L1-L2-L3,152,174,60,1
L1-L2-L3,152,180,221,1
L1-L2-L3,152,185,181,1
L1-L2-L3,152,190,36,1
L1-L2-L3,152,196,216,1
L1-L2-L3,152,198,163,1
L1-L2-L3,152,199,60,1
L1-L2-L3,152,202,252,1
L1-L2-L3,152,206,237,1
L1-L2-L3,152,209,136,1
L1-L2-L3,152,218,215,1
L1-L2-L3,152,220,67,1
L1-L2-L3,152,226,130,1
L1-L2-L3,152,229,157,1
L1-L2-L3,152,230,68,1
L1-L2-L3,152,231,181,1
L1-L2-L3,152,235,67,1
L1-L2-L3,152,236,141,1
L1-L2-L3,152,237,181,1
L1-L2-L3,152,241,226,1
L1-L2-L3,152,242,191,1
L1-L2-L3,152,244,177,1
L1-L2-L3,152,245,194,1
L1-L2-L3,152,248,6,1
L1-L2-L3,152,254,225,1
L1-L2-L3,153,0,210,1
L1-L2-L3,153,1,72,1
L1-L2-L3,153,6,223,1
L1-L2-L3,153,7,201,1
L1-L2-L3,153,13,180,1
L1-L2-L3,153,15,169,1
L1-L2-L3,153,22,132,1
L1-L2-L3,153,34,4,1
L1-L2-L3,153,37,72,1
L1-L2-L3,153,50,109,1
L1-L2-L3,153,51,73,1
L1-L2-L3,153,54,223,1
L1-L2-L3,153,60,36,1
L1-L2-L3,153,61,150,1
L1-L2-L3,153,65,23,1
L1-L2-L3,153,66,174,1
L1-L2-L3,153,67,47,1
L1-L2-L3,153,69,229,1
L1-L2-L3,153,93,92,1
L1-L2-L3,153,96,191,1
L1-L2-L3,153,98,72,1
L1-L2-L3,153,100,197,1
L1-L2-L3,153,101,231,1
L1-L2-L3,153,104,97,1
L1-L2-L3,153,105,47,1
L1-L2-L3,153,108,121,1
L1-L2-L3,153,110,150,1
L1-L2-L3,153,120,20,1
L1-L2-L3,153,122,218,1
L1-L2-L3,153,124,150,1
L1-L2-L3,153,132,134,1
L1-L2-L3,153,139,34,1
L1-L2-L3,153,143,53,1
L1-L2-L3,153,148,150,1
L1-L2-L3,153,150,229,1
L1-L2-L3,153,153,48,1
L1-L2-L3,153,157,224,1
L1-L2-L3,153,158,23,1
L1-L2-L3,153,159,109,1
L1-L2-L3,153,160,236,1
L1-L2-L3,153,173,126,1
L1-L2-L3,153,175,169,1
L1-L2-L3,153,177,174,1
L1-L2-L3,153,179,71,1
L1-L2-L3,153,181,180,1
L1-L2-L3,153,195,8,1
L1-L2-L3,153,198,150,1
L1-L2-L3,153,205,102,1
L1-L2-L3,153,209,210,1
L1-L2-L3,153,211,4,1
L1-L2-L3,153,213,203,1
L1-L2-L3,153,215,4,1
L1-L2-L3,153,216,201,1
L1-L2-L3,153,224,141,1
L1-L2-L3,153,225,223,1
L1-L2-L3,153,226,97,1
L1-L2-L3,153,228,140,1
L1-L2-L3,153,231,180,1
L1-L2-L3,153,232,137,1
L1-L2-L3,153,245,231,1
L1-L2-L3,153,247,150,1
L1-L2-L3,153,251,150,1
L1-L2-L3,153,253,214,1
L1-L2-L3,154,1,186,1
L1-L2-L3,154,5,200,1
L1-L2-L3,154,9,33,1
L1-L2-L3,154,12,157,1
L1-L2-L3,154,17,94,1
L1-L2-L3,154,28,197,1
L1-L2-L3,154,30,117,1
L1-L2-L3,154,38,179,1
L1-L2-L3,154,39,94,1
L1-L2-L3,154,43,155,1
L1-L2-L3,154,46,61,1
L1-L2-L3,154,48,136,1
L1-L2-L3,154,53,42,1
L1-L2-L3,154,57,49,1
L1-L2-L3,154,58,182,1
L1-L2-L3,154,61,34,1
L1-L2-L3,154,62,20,1
L1-L2-L3,154,63,94,1
L1-L2-L3,154,69,124,1
L1-L2-L3,154,80,49,1
L1-L2-L3,154,84,130,1
L1-L2-L3,154,85,42,1
L1-L2-L3,154,88,130,1
L1-L2-L3,154,89,111,1
L1-L2-L3,154,92,91,1
L1-L2-L3,154,94,220,1
L1-L2-L3,154,95,200,1
L1-L2-L3,154,100,224,1
L1-L2-L3,154,104,200,1
L1-L2-L3,154,105,25,1
L1-L2-L3,154,106,57,1
L1-L2-L3,154,109,192,1
L1-L2-L3,154,112,235,1
L1-L2-L3,154,113,69,1
L1-L2-L3,154,119,31,1
L1-L2-L3,154,120,6,1
L1-L2-L3,154,125,219,1
L1-L2-L3,154,129,157,1
L1-L2-L3,154,130,241,1
L1-L2-L3,154,132,124,1
L1-L2-L3,154,134,222,1
L1-L2-L3,154,135,142,1
L1-L2-L3,154,139,40,1
L1-L2-L3,154,140,30,1
L1-L2-L3,154,143,51,1
L1-L2-L3,154,144,89,1
L1-L2-L3,154,145,106,1
L1-L2-L3,154,147,136,1
L1-L2-L3,154,149,171,1
L1-L2-L3,154,154,222,1
L1-L2-L3,154,156,211,1
L1-L2-L3,154,157,218,1
L1-L2-L3,154,158,232,1
L1-L2-L3,154,162,216,1
L1-L2-L3,154,164,114,1
L1-L2-L3,154,169,178,1
L1-L2-L3,154,172,94,1
L1-L2-L3,154,173,201,1
L1-L2-L3,154,174,222,1
L1-L2-L3,154,177,79,1
L1-L2-L3,154,179,186,1
L1-L2-L3,154,180,198,1
L1-L2-L3,154,181,145,1
L1-L2-L3,154,183,92,1
L1-L2-L3,154,186,204,1
L1-L2-L3,154,187,147,1
L1-L2-L3,154,188,79,1
L1-L2-L3,154,189,182,1
L1-L2-L3,154,191,210,1
L1-L2-L3,154,193,195,1
L1-L2-L3,154,195,7,1
L1-L2-L3,154,196,65,1
L1-L2-L3,154,206,126,1
L1-L2-L3,154,210,91,1
L1-L2-L3,154,214,250,1
L1-L2-L3,154,215,237,1
L1-L2-L3,154,217,86,1
L1-L2-L3,154,222,196,1
L1-L2-L3,154,225,158,1
L1-L2-L3,154,227,87,1
L1-L2-L3,154,235,124,1
L1-L2-L3,154,243,55,1
L1-L2-L3,154,244,9,1
L1-L2-L3,154,245,128,1
L1-L2-L3,154,246,136,1
L1-L2-L3,154,247,113,1
L1-L2-L3,154,250,201,1
L1-L2-L3,154,251,87,1
L1-L2-L3,154,253,59,1
L1-L2-L3,155,1,23,1
L1-L2-L3,155,4,7,1
L1-L2-L3,155,5,66,1
L1-L2-L3,155,7,36,1
L1-L2-L3,155,8,201,1
L1-L2-L3,155,13,32,1
L1-L2-L3,155,15,108,1
L1-L2-L3,155,17,50,1
L1-L2-L3,155,18,73,1
L1-L2-L3,155,20,109,1
L1-L2-L3,155,21,18,1
L1-L2-L3,155,32,80,1
L1-L2-L3,155,33,220,1
L1-L2-L3,155,35,197,1
L1-L2-L3,155,37,117,1
L1-L2-L3,155,42,109,1
L1-L2-L3,155,43,218,1
L1-L2-L3,155,44,156,1
L1-L2-L3,155,47,188,1
L1-L2-L3,155,58,36,1
L1-L2-L3,155,64,72,1
L1-L2-L3,155,66,171,1
L1-L2-L3,155,69,212,1
L1-L2-L3,155,71,177,1
L1-L2-L3,155,74,212,1
L1-L2-L3,155,78,184,1
L1-L2-L3,155,84,80,1
L1-L2-L3,155,86,30,1
L1-L2-L3,155,88,252,1
L1-L2-L3,155,90,207,1
L1-L2-L3,155,96,252,1
L1-L2-L3,155,97,36,1
L1-L2-L3,155,104,104,1
L1-L2-L3,155,105,135,1
L1-L2-L3,155,107,201,1
L1-L2-L3,155,113,252,1
L1-L2-L3,155,114,127,1
L1-L2-L3,155,115,98,1
L1-L2-L3,155,118,114,1
L1-L2-L3,155,119,159,1
L1-L2-L3,155,122,221,1
L1-L2-L3,155,124,72,1
L1-L2-L3,155,126,230,1
L1-L2-L3,155,127,52,1
L1-L2-L3,155,130,123,1
L1-L2-L3,155,131,201,1
L1-L2-L3,155,134,105,1
L1-L2-L3,155,135,57,1
L1-L2-L3,155,137,224,1
L1-L2-L3,155,138,136,1
L1-L2-L3,155,141,43,1
L1-L2-L3,155,144,201,1
L1-L2-L3,155,145,195,1
L1-L2-L3,155,147,117,1
L1-L2-L3,155,148,84,1
L1-L2-L3,155,150,122,1
L1-L2-L3,155,151,177,1
L1-L2-L3,155,152,105,1
L1-L2-L3,155,156,58,1
L1-L2-L3,155,157,245,1
L1-L2-L3,155,160,77,1
L1-L2-L3,155,163,123,1
L1-L2-L3,155,168,239,1
L1-L2-L3,155,172,169,1
L1-L2-L3,155,173,36,1
L1-L2-L3,155,174,236,1
L1-L2-L3,155,179,41,1
L1-L2-L3,155,186,83,1
L1-L2-L3,155,187,105,1
L1-L2-L3,155,188,199,1
L1-L2-L3,155,189,187,1
L1-L2-L3,155,191,11,1
L1-L2-L3,155,192,252,1
L1-L2-L3,155,193,20,1
L1-L2-L3,155,205,187,1
L1-L2-L3,155,207,181,1
L1-L2-L3,155,208,243,1
L1-L2-L3,155,211,16,1
L1-L2-L3,155,212,49,1
L1-L2-L3,155,216,14,1
L1-L2-L3,155,217,237,1
L1-L2-L3,155,220,243,1
L1-L2-L3,155,224,47,1
L1-L2-L3,155,231,229,1
L1-L2-L3,155,236,139,1
L1-L2-L3,155,240,7,1
L1-L2-L3,155,242,239,1
L1-L2-L3,155,244,146,1
L1-L2-L3,155,249,105,1
L1-L2-L3,155,250,127,1
L1-L2-L3,155,253,236,1
L1-L2-L3,156,2,194,1
L1-L2-L3,156,6,218,1
L1-L2-L3,156,10,156,1
L1-L2-L3,156,11,41,1
L1-L2-L3,156,19,180,1
L1-L2-L3,156,20,84,1
L1-L2-L3,156,22,2,1
L1-L2-L3,156,23,35,1
L1-L2-L3,156,26,159,1
L1-L2-L3,156,27,111,1
L1-L2-L3,156,28,21,1
L1-L2-L3,156,30,72,1
L1-L2-L3,156,37,236,1
L1-L2-L3,156,38,77,1
L1-L2-L3,156,44,243,1
L1-L2-L3,156,45,248,1
L1-L2-L3,156,46,117,1
L1-L2-L3,156,48,105,1
L1-L2-L3,156,50,101,1
L1-L2-L3,156,52,75,1
L1-L2-L3,156,55,87,1
L1-L2-L3,156,56,166,1
L1-L2-L3,156,58,125,1
L1-L2-L3,156,62,88,1
L1-L2-L3,156,63,40,1
L1-L2-L3,156,66,72,1
L1-L2-L3,156,67,138,1
L1-L2-L3,156,71,11,1
L1-L2-L3,156,72,130,1
L1-L2-L3,156,80,114,1
L1-L2-L3,156,81,37,1
L1-L2-L3,156,86,106,1
L1-L2-L3,156,87,64,1
L1-L2-L3,156,93,162,1
L1-L2-L3,156,94,127,1
L1-L2-L3,156,97,219,1
L1-L2-L3,156,99,14,1
L1-L2-L3,156,101,39,1
L1-L2-L3,156,102,114,1
L1-L2-L3,156,103,159,1
L1-L2-L3,156,104,114,1
L1-L2-L3,156,105,222,1
L1-L2-L3,156,106,41,1
L1-L2-L3,156,111,108,1
L1-L2-L3,156,112,211,1
L1-L2-L3,156,116,136,1
L1-L2-L3,156,119,164,1
L1-L2-L3,156,121,106,1
L1-L2-L3,156,126,206,1
L1-L2-L3,156,131,108,1
L1-L2-L3,156,132,224,1
L1-L2-L3,156,136,223,1
L1-L2-L3,156,139,198,1
L1-L2-L3,156,140,187,1
L1-L2-L3,156,143,233,1
L1-L2-L3,156,146,188,1
L1-L2-L3,156,149,191,1
L1-L2-L3,156,151,243,1
L1-L2-L3,156,154,159,1
L1-L2-L3,156,156,250,1
L1-L2-L3,156,166,241,1
L1-L2-L3,156,167,115,1
L1-L2-L3,156,170,16,1
L1-L2-L3,156,171,208,1
L1-L2-L3,156,172,247,1
L1-L2-L3,156,173,206,1
L1-L2-L3,156,177,21,1
L1-L2-L3,156,180,94,1
L1-L2-L3,156,183,41,1
L1-L2-L3,156,184,185,1
L1-L2-L3,156,185,24,1
L1-L2-L3,156,187,247,1
L1-L2-L3,156,188,24,1
L1-L2-L3,156,190,190,1
L1-L2-L3,156,191,94,1
L1-L2-L3,156,192,198,1
L1-L2-L3,156,193,114,1
L1-L2-L3,156,195,201,1
L1-L2-L3,156,197,34,1
L1-L2-L3,156,199,8,1
L1-L2-L3,156,201,221,1
L1-L2-L3,156,202,16,1
L1-L2-L3,156,204,103,1
L1-L2-L3,156,210,80,1
L1-L2-L3,156,211,8,1
L1-L2-L3,156,213,27,1
L1-L2-L3,156,215,198,1
L1-L2-L3,156,216,78,1
L1-L2-L3,156,218,127,1
L1-L2-L3,156,219,255,1
L1-L2-L3,156,221,44,1
L1-L2-L3,156,222,45,1
L1-L2-L3,156,223,81,1
L1-L2-L3,156,224,57,1
L1-L2-L3,156,226,53,1
L1-L2-L3,156,228,188,1
L1-L2-L3,156,229,64,1
L1-L2-L3,156,231,94,1
L1-L2-L3,156,236,165,1
L1-L2-L3,156,238,115,1
L1-L2-L3,156,239,231,1
L1-L2-L3,156,241,192,1
L1-L2-L3,156,243,133,1
L1-L2-L3,156,247,208,1
L1-L2-L3,156,248,50,1
L1-L2-L3,156,249,175,1
L1-L2-L3,156,251,68,1
L1-L2-L3,156,253,30,1
L1-L2-L3,156,254,25,1
L1-L2-L3,157,2,252,1
L1-L2-L3,157,3,151,1
L1-L2-L3,157,6,168,1
L1-L2-L3,157,10,239,1
L1-L2-L3,157,13,122,1
L1-L2-L3,157,14,58,1
L1-L2-L3,157,15,197,1
L1-L2-L3,157,17,28,1
L1-L2-L3,157,20,211,1
L1-L2-L3,157,25,142,1
L1-L2-L3,157,30,156,1
L1-L2-L3,157,34,24,1
L1-L2-L3,157,42,254,1
L1-L2-L3,157,48,245,1
L1-L2-L3,157,51,235,1
L1-L2-L3,157,60,189,1
L1-L2-L3,157,61,63,1
L1-L2-L3,157,62,35,1
L1-L2-L3,157,68,197,1
L1-L2-L3,157,69,86,1
L1-L2-L3,157,70,168,1
L1-L2-L3,157,72,250,1
L1-L2-L3,157,75,241,1
L1-L2-L3,157,82,51,1
L1-L2-L3,157,83,66,1
L1-L2-L3,157,94,194,1
L1-L2-L3,157,98,122,1
L1-L2-L3,157,99,17,1
L1-L2-L3,157,100,223,1
L1-L2-L3,157,101,253,1
L1-L2-L3,157,102,79,1
L1-L2-L3,157,103,48,1
L1-L2-L3,157,104,202,1
L1-L2-L3,157,111,143,1
L1-L2-L3,157,112,161,1
L1-L2-L3,157,113,234,1
L1-L2-L3,157,116,222,1
L1-L2-L3,157,121,53,1
L1-L2-L3,157,126,42,1
L1-L2-L3,157,127,56,1
L1-L2-L3,157,137,191,1
L1-L2-L3,157,142,105,1
L1-L2-L3,157,143,183,1
L1-L2-L3,157,145,42,1
L1-L2-L3,157,146,72,1
L1-L2-L3,157,147,194,1
L1-L2-L3,157,149,176,1
L1-L2-L3,157,154,132,1
L1-L2-L3,157,155,82,1
L1-L2-L3,157,156,67,1
L1-L2-L3,157,157,89,1
L1-L2-L3,157,159,152,1
L1-L2-L3,157,161,192,1
L1-L2-L3,157,164,143,1
L1-L2-L3,157,169,250,1
L1-L2-L3,157,171,4,1
L1-L2-L3,157,173,50,1
L1-L2-L3,157,177,129,1
L1-L2-L3,157,178,204,1
L1-L2-L3,157,180,188,1
L1-L2-L3,157,181,156,1
L1-L2-L3,157,182,116,1
L1-L2-L3,157,185,98,1
L1-L2-L3,157,186,211,1
L1-L2-L3,157,187,38,1
L1-L2-L3,157,192,30,1
L1-L2-L3,157,193,190,1
L1-L2-L3,157,195,87,1
L1-L2-L3,157,197,180,1
L1-L2-L3,157,198,70,1
L1-L2-L3,157,200,53,1
L1-L2-L3,157,205,28,1
L1-L2-L3,157,208,166,1
L1-L2-L3,157,209,42,1
L1-L2-L3,157,210,172,1
L1-L2-L3,157,214,103,1
L1-L2-L3,157,218,214,1
L1-L2-L3,157,219,202,1
L1-L2-L3,157,221,184,1
L1-L2-L3,157,222,140,1
L1-L2-L3,157,224,12,1
L1-L2-L3,157,230,118,1
L1-L2-L3,157,231,217,1
L1-L2-L3,157,234,122,1
L1-L2-L3,157,236,190,1
L1-L2-L3,157,237,99,1
L1-L2-L3,157,238,122,1
L1-L2-L3,157,246,173,1
L1-L2-L3,157,249,199,1
L1-L2-L3,157,250,29,1
L1-L2-L3,157,254,128,1
L1-L2-L3,157,255,205,1
L1-L2-L3,158,0,182,1
L1-L2-L3,158,4,213,1
L1-L2-L3,158,10,219,1
L1-L2-L3,158,12,106,1
L1-L2-L3,158,18,243,1
L1-L2-L3,158,19,246,1
L1-L2-L3,158,30,146,1
L1-L2-L3,158,35,91,1
L1-L2-L3,158,36,172,1
L1-L2-L3,158,38,59,1
L1-L2-L3,158,43,162,1
L1-L2-L3,158,50,131,1
L1-L2-L3,158,51,217,1
L1-L2-L3,158,54,160,1
L1-L2-L3,158,56,230,1
L1-L2-L3,158,57,35,1
L1-L2-L3,158,58,200,1
L1-L2-L3,158,59,105,1
L1-L2-L3,158,60,165,1
L1-L2-L3,158,61,37,1
L1-L2-L3,158,62,249,1
L1-L2-L3,158,65,160,1
L1-L2-L3,158,67,243,1
L1-L2-L3,158,70,27,1
L1-L2-L3,158,71,168,1
L1-L2-L3,158,82,95,1
L1-L2-L3,158,88,161,1
L1-L2-L3,158,89,46,1
L1-L2-L3,158,90,80,1
L1-L2-L3,158,94,82,1
L1-L2-L3,158,95,142,1
L1-L2-L3,158,96,21,1
L1-L2-L3,158,98,252,1
L1-L2-L3,158,107,82,1
L1-L2-L3,158,112,251,1
L1-L2-L3,158,114,132,1
L1-L2-L3,158,116,180,1
L1-L2-L3,158,123,116,1
L1-L2-L3,158,126,138,1
L1-L2-L3,158,128,61,1
L1-L2-L3,158,131,141,1
L1-L2-L3,158,133,147,1
L1-L2-L3,158,137,126,1
L1-L2-L3,158,140,48,1
L1-L2-L3,158,144,28,1
L1-L2-L3,158,147,48,1
L1-L2-L3,158,148,254,1
L1-L2-L3,158,150,42,1
L1-L2-L3,158,158,5,1
L1-L2-L3,158,159,50,1
L1-L2-L3,158,161,104,1
L1-L2-L3,158,164,12,1
L1-L2-L3,158,166,134,1
L1-L2-L3,158,171,121,1
L1-L2-L3,158,179,192,1
L1-L2-L3,158,180,45,1
L1-L2-L3,158,181,249,1
L1-L2-L3,158,185,253,1
L1-L2-L3,158,186,106,1
L1-L2-L3,158,187,213,1
L1-L2-L3,158,190,80,1
L1-L2-L3,158,191,199,1
L1-L2-L3,158,192,146,1
L1-L2-L3,158,193,126,1
L1-L2-L3,158,194,58,1
L1-L2-L3,158,196,78,1
L1-L2-L3,158,199,204,1
L1-L2-L3,158,204,9,1
L1-L2-L3,158,209,190,1
L1-L2-L3,158,211,166,1
L1-L2-L3,158,213,213,1
L1-L2-L3,158,214,43,1
L1-L2-L3,158,217,141,1
L1-L2-L3,158,221,181,1
L1-L2-L3,158,222,91,1
L1-L2-L3,158,223,99,1
L1-L2-L3,158,226,76,1
L1-L2-L3,158,227,66,1
L1-L2-L3,158,228,145,1
L1-L2-L3,158,229,192,1
L1-L2-L3,158,237,163,1
L1-L2-L3,158,238,86,1
L1-L2-L3,158,241,87,1
L1-L2-L3,158,242,56,1
L1-L2-L3,158,247,43,1
L1-L2-L3,158,249,37,1
L1-L2-L3,158,251,94,1
L1-L2-L3,158,254,87,1
L1-L2-L3,159,7,210,1
L1-L2-L3,159,8,21,1
L1-L2-L3,159,12,119,1
L1-L2-L3,159,21,134,1
L1-L2-L3,159,23,21,1
L1-L2-L3,159,25,163,1
L1-L2-L3,159,26,182,1
L1-L2-L3,159,27,81,1
L1-L2-L3,159,28,72,1
L1-L2-L3,159,29,188,1
L1-L2-L3,159,30,44,1
L1-L2-L3,159,34,23,1
L1-L2-L3,159,35,119,1
L1-L2-L3,159,36,169,1
L1-L2-L3,159,37,150,1
L1-L2-L3,159,40,129,1
L1-L2-L3,159,49,150,1
L1-L2-L3,159,53,31,1
L1-L2-L3,159,57,241,1
L1-L2-L3,159,58,223,1
L1-L2-L3,159,77,214,1
L1-L2-L3,159,79,117,1
L1-L2-L3,159,83,146,1
L1-L2-L3,159,90,59,1
L1-L2-L3,159,97,136,1
L1-L2-L3,159,99,190,1
L1-L2-L3,159,100,50,1
L1-L2-L3,159,101,45,1
L1-L2-L3,159,103,220,1
L1-L2-L3,159,109,182,1
L1-L2-L3,159,111,56,1
L1-L2-L3,159,114,203,1
L1-L2-L3,159,115,86,1
L1-L2-L3,159,120,157,1
L1-L2-L3,159,121,169,1
L1-L2-L3,159,129,104,1
L1-L2-L3,159,132,229,1
L1-L2-L3,159,144,115,1
L1-L2-L3,159,147,180,1
L1-L2-L3,159,149,247,1
L1-L2-L3,159,150,95,1
L1-L2-L3,159,152,109,1
L1-L2-L3,159,157,140,1
L1-L2-L3,159,165,189,1
L1-L2-L3,159,168,45,1
L1-L2-L3,159,169,163,1
L1-L2-L3,159,174,163,1
L1-L2-L3,159,175,43,1
L1-L2-L3,159,176,36,1
L1-L2-L3,159,177,149,1
L1-L2-L3,159,181,169,1
L1-L2-L3,159,182,159,1
L1-L2-L3,159,183,94,1
L1-L2-L3,159,187,122,1
L1-L2-L3,159,190,72,1
L1-L2-L3,159,191,159,1
L1-L2-L3,159,194,187,1
L1-L2-L3,159,196,72,1
L1-L2-L3,159,197,150,1
L1-L2-L3,159,199,248,1
L1-L2-L3,159,204,114,1
L1-L2-L3,159,208,124,1
L1-L2-L3,159,209,219,1
L1-L2-L3,159,212,79,1
L1-L2-L3,159,223,169,1
L1-L2-L3,159,226,197,1
L1-L2-L3,159,229,23,1
L1-L2-L3,159,231,6,1
L1-L2-L3,159,232,81,1
L1-L2-L3,159,238,156,1
L1-L2-L3,159,240,81,1
L1-L2-L3,159,241,252,1
L1-L2-L3,159,247,234,1
L1-L2-L3,159,249,98,1
L1-L2-L3,159,253,114,1
L1-L2-L3,160,0,40,1
L1-L2-L3,160,6,250,1
L1-L2-L3,160,8,1,1
L1-L2-L3,160,13,169,1
L1-L2-L3,160,19,218,1
L1-L2-L3,160,20,79,1
L1-L2-L3,160,24,173,1
L1-L2-L3,160,26,83,1
L1-L2-L3,160,28,217,1
L1-L2-L3,160,29,100,1
L1-L2-L3,160,33,24,1
L1-L2-L3,160,34,148,1
L1-L2-L3,160,37,255,1
L1-L2-L3,160,41,22,1
L1-L2-L3,160,42,148,1
L1-L2-L3,160,46,60,1
L1-L2-L3,160,47,181,1
L1-L2-L3,160,49,227,1
L1-L2-L3,160,51,92,1
L1-L2-L3,160,53,99,1
L1-L2-L3,160,54,168,1
L1-L2-L3,160,58,55,1
L1-L2-L3,160,60,121,1
L1-L2-L3,160,66,84,1
L1-L2-L3,160,67,225,1
L1-L2-L3,160,69,13,1
L1-L2-L3,160,70,8,1
L1-L2-L3,160,72,192,1
L1-L2-L3,160,81,97,1
L1-L2-L3,160,83,200,1
L1-L2-L3,160,84,104,1
L1-L2-L3,160,85,33,1
L1-L2-L3,160,87,77,1
L1-L2-L3,160,88,92,1
L1-L2-L3,160,89,44,1
L1-L2-L3,160,90,48,1
L1-L2-L3,160,93,164,1
L1-L2-L3,160,95,129,1
L1-L2-L3,160,97,169,1
L1-L2-L3,160,103,47,1
L1-L2-L3,160,107,109,1
L1-L2-L3,160,111,173,1
L1-L2-L3,160,112,3,1
L1-L2-L3,160,113,34,1
L1-L2-L3,160,116,255,1
L1-L2-L3,160,118,210,1
L1-L2-L3,160,120,114,1
L1-L2-L3,160,123,238,1
L1-L2-L3,160,124,55,1
L1-L2-L3,160,125,211,1
L1-L2-L3,160,126,13,1
L1-L2-L3,160,128,71,1
L1-L2-L3,160,131,31,1
L1-L2-L3,160,132,207,1
L1-L2-L3,160,133,103,1
L1-L2-L3,160,135,214,1
L1-L2-L3,160,136,124,1
L1-L2-L3,160,138,57,1
L1-L2-L3,160,139,249,1
L1-L2-L3,160,145,179,1
L1-L2-L3,160,149,90,1
L1-L2-L3,160,154,182,1
L1-L2-L3,160,156,141,1
L1-L2-L3,160,157,136,1
L1-L2-L3,160,160,91,1
L1-L2-L3,160,161,190,1
L1-L2-L3,160,163,243,1
L1-L2-L3,160,165,33,1
L1-L2-L3,160,166,109,1
L1-L2-L3,160,171,71,1
L1-L2-L3,160,173,204,1
L1-L2-L3,160,175,94,1
L1-L2-L3,160,177,20,1
L1-L2-L3,160,178,29,1
L1-L2-L3,160,179,112,1
L1-L2-L3,160,182,94,1
L1-L2-L3,160,184,201,1
L1-L2-L3,160,188,140,1
L1-L2-L3,160,189,250,1
L1-L2-L3,160,191,78,1
L1-L2-L3,160,192,148,1
L1-L2-L3,160,193,26,1
L1-L2-L3,160,196,59,1
L1-L2-L3,160,198,237,1
L1-L2-L3,160,199,15,1
L1-L2-L3,160,200,55,1
L1-L2-L3,160,202,222,1
L1-L2-L3,160,206,79,1
L1-L2-L3,160,208,140,1
L1-L2-L3,160,209,87,1
L1-L2-L3,160,211,130,1
L1-L2-L3,160,212,75,1
L1-L2-L3,160,214,176,1
L1-L2-L3,160,216,224,1
L1-L2-L3,160,220,238,1
L1-L2-L3,160,221,140,1
L1-L2-L3,160,222,48,1
L1-L2-L3,160,223,136,1
L1-L2-L3,160,231,12,1
L1-L2-L3,160,236,207,1
L1-L2-L3,160,237,7,1
L1-L2-L3,160,241,255,1
L1-L2-L3,160,242,15,1
L1-L2-L3,160,246,118,1
L1-L2-L3,160,253,218,1
L1-L2-L3,160,254,73,1
L1-L2-L3,160,255,11,1
L1-L2-L3,161,0,28,1
L1-L2-L3,161,1,46,1
L1-L2-L3,161,2,219,1
L1-L2-L3,161,7,89,1
L1-L2-L3,161,9,5,1
L1-L2-L3,161,10,155,1
L1-L2-L3,161,15,245,1
L1-L2-L3,161,16,234,1
L1-L2-L3,161,17,211,1
L1-L2-L3,161,19,244,1
L1-L2-L3,161,20,28,1
L1-L2-L3,161,21,121,1
L1-L2-L3,161,26,220,1
L1-L2-L3,161,30,161,1
L1-L2-L3,161,32,60,1
L1-L2-L3,161,34,164,1
L1-L2-L3,161,35,132,1
L1-L2-L3,161,49,210,1
L1-L2-L3,161,53,156,1
L1-L2-L3,161,54,128,1
L1-L2-L3,161,56,81,1
L1-L2-L3,161,58,229,1
L1-L2-L3,161,64,225,1
L1-L2-L3,161,81,54,1
L1-L2-L3,161,87,209,1
L1-L2-L3,161,89,58,1
L1-L2-L3,161,90,24,1
L1-L2-L3,161,96,126,1
L1-L2-L3,161,97,187,1
L1-L2-L3,161,100,24,1
L1-L2-L3,161,105,50,1
L1-L2-L3,161,107,140,1
L1-L2-L3,161,108,119,1
L1-L2-L3,161,110,91,1
L1-L2-L3,161,111,42,1
L1-L2-L3,161,117,5,1
L1-L2-L3,161,118,132,1
L1-L2-L3,161,120,85,1
L1-L2-L3,161,121,186,1
L1-L2-L3,161,122,246,1
L1-L2-L3,161,123,141,1
L1-L2-L3,161,124,232,1
L1-L2-L3,161,129,82,1
L1-L2-L3,161,130,74,1
L1-L2-L3,161,131,189,1
L1-L2-L3,161,132,56,1
L1-L2-L3,161,136,225,1
L1-L2-L3,161,145,251,1
L1-L2-L3,161,146,253,1
L1-L2-L3,161,148,44,1
L1-L2-L3,161,149,143,1
L1-L2-L3,161,152,63,1
L1-L2-L3,161,155,81,1
L1-L2-L3,161,156,246,1
L1-L2-L3,161,158,153,1
L1-L2-L3,161,160,65,1
L1-L2-L3,161,161,10,1
L1-L2-L3,161,163,160,1
L1-L2-L3,161,164,104,1
L1-L2-L3,161,167,63,1
L1-L2-L3,161,169,71,1
L1-L2-L3,161,171,38,1
L1-L2-L3,161,173,248,1
L1-L2-L3,161,175,233,1
L1-L2-L3,161,177,213,1
L1-L2-L3,161,178,143,1
L1-L2-L3,161,181,139,1
L1-L2-L3,161,184,144,1
L1-L2-L3,161,187,155,1
L1-L2-L3,161,188,111,1
L1-L2-L3,161,190,140,1
L1-L2-L3,161,191,108,1
L1-L2-L3,161,200,19,1
L1-L2-L3,161,201,83,1
L1-L2-L3,161,202,23,1
L1-L2-L3,161,204,65,1
L1-L2-L3,161,205,71,1
L1-L2-L3,161,206,112,1
L1-L2-L3,161,207,51,1
L1-L2-L3,161,208,9,1
L1-L2-L3,161,209,172,1
L1-L2-L3,161,212,183,1
L1-L2-L3,161,213,138,1
L1-L2-L3,161,214,69,1
L1-L2-L3,161,215,82,1
L1-L2-L3,161,216,199,1
L1-L2-L3,161,218,169,1
L1-L2-L3,161,219,37,1
L1-L2-L3,161,221,248,1
L1-L2-L3,161,222,251,1
L1-L2-L3,161,228,80,1
L1-L2-L3,161,231,176,1
L1-L2-L3,161,233,1,1
L1-L2-L3,161,234,49,1
L1-L2-L3,161,239,15,1
L1-L2-L3,161,242,71,1
L1-L2-L3,161,245,80,1
L1-L2-L3,161,246,230,1
L1-L2-L3,161,249,17,1
L1-L2-L3,161,250,5,1
L1-L2-L3,161,251,169,1
L1-L2-L3,161,252,116,1
L1-L2-L3,162,2,85,1
L1-L2-L3,162,5,121,1
L1-L2-L3,162,8,29,1
L1-L2-L3,162,12,134,1
L1-L2-L3,162,21,164,1
L1-L2-L3,162,32,146,1
L1-L2-L3,162,35,174,1
L1-L2-L3,162,39,57,1
L1-L2-L3,162,43,215,1
L1-L2-L3,162,47,180,1
L1-L2-L3,162,51,147,1
L1-L2-L3,162,53,179,1
L1-L2-L3,162,55,15,1
L1-L2-L3,162,56,249,1
L1-L2-L3,162,57,145,1
L1-L2-L3,162,58,196,1
L1-L2-L3,162,60,132,1
L1-L2-L3,162,62,128,1
L1-L2-L3,162,63,203,1
L1-L2-L3,162,76,6,1
L1-L2-L3,162,78,47,1
L1-L2-L3,162,81,224,1
L1-L2-L3,162,85,200,1
L1-L2-L3,162,86,250,1
L1-L2-L3,162,87,72,1
L1-L2-L3,162,88,30,1
L1-L2-L3,162,90,56,1
L1-L2-L3,162,91,72,1
L1-L2-L3,162,97,196,1
L1-L2-L3,162,102,119,1
L1-L2-L3,162,104,10,1
L1-L2-L3,162,106,132,1
L1-L2-L3,162,107,249,1
L1-L2-L3,162,112,119,1
L1-L2-L3,162,113,182,1
L1-L2-L3,162,118,19,1
L1-L2-L3,162,122,23,1
L1-L2-L3,162,123,202,1
L1-L2-L3,162,124,54,1
L1-L2-L3,162,125,35,1
L1-L2-L3,162,132,164,1
L1-L2-L3,162,133,128,1
L1-L2-L3,162,138,255,1
L1-L2-L3,162,143,151,1
L1-L2-L3,162,144,68,1
L1-L2-L3,162,146,76,1
L1-L2-L3,162,147,226,1
L1-L2-L3,162,148,200,1
L1-L2-L3,162,150,120,1
L1-L2-L3,162,157,86,1
L1-L2-L3,162,158,94,1
L1-L2-L3,162,163,151,1
L1-L2-L3,162,166,33,1
L1-L2-L3,162,168,51,1
L1-L2-L3,162,169,76,1
L1-L2-L3,162,171,72,1
L1-L2-L3,162,173,145,1
L1-L2-L3,162,174,219,1
L1-L2-L3,162,176,196,1
L1-L2-L3,162,181,76,1
L1-L2-L3,162,182,251,1
L1-L2-L3,162,186,241,1
L1-L2-L3,162,187,151,1
L1-L2-L3,162,188,68,1
L1-L2-L3,162,195,71,1
L1-L2-L3,162,197,241,1
L1-L2-L3,162,198,193,1
L1-L2-L3,162,199,84,1
L1-L2-L3,162,201,249,1
L1-L2-L3,162,206,128,1
L1-L2-L3,162,207,65,1
L1-L2-L3,162,209,252,1
L1-L2-L3,162,212,65,1
L1-L2-L3,162,213,17,1
L1-L2-L3,162,215,136,1
L1-L2-L3,162,221,220,1
L1-L2-L3,162,223,88,1
L1-L2-L3,162,226,128,1
L1-L2-L3,162,230,114,1
L1-L2-L3,162,231,32,1
L1-L2-L3,162,232,17,1
L1-L2-L3,162,235,76,1
L1-L2-L3,162,238,198,1
L1-L2-L3,162,241,161,1
L1-L2-L3,162,244,42,1
L1-L2-L3,162,249,246,1
L1-L2-L3,162,252,31,1
L1-L2-L3,162,253,111,1
L1-L2-L3,163,0,107,1
L1-L2-L3,163,1,226,1
L1-L2-L3,163,2,172,1
L1-L2-L3,163,3,242,1
L1-L2-L3,163,4,247,1
L1-L2-L3,163,5,128,1
L1-L2-L3,163,6,94,1
L1-L2-L3,163,7,225,1
L1-L2-L3,163,8,113,1
L1-L2-L3,163,9,129,1
L1-L2-L3,163,13,88,1
L1-L2-L3,163,16,186,1
L1-L2-L3,163,17,43,1
L1-L2-L3,163,19,166,1
L1-L2-L3,163,24,38,1
L1-L2-L3,163,30,118,1
L1-L2-L3,163,34,179,1
L1-L2-L3,163,35,121,1
L1-L2-L3,163,42,17,1
L1-L2-L3,163,43,120,1
L1-L2-L3,163,47,9,1
L1-L2-L3,163,48,96,1
L1-L2-L3,163,49,104,1
L1-L2-L3,163,51,183,1
L1-L2-L3,163,52,156,1
L1-L2-L3,163,56,238,1
L1-L2-L3,163,65,11,1
L1-L2-L3,163,67,156,1
L1-L2-L3,163,69,246,1
L1-L2-L3,163,70,186,1
L1-L2-L3,163,71,69,1
L1-L2-L3,163,73,87,1
L1-L2-L3,163,74,183,1
L1-L2-L3,163,75,161,1
L1-L2-L3,163,76,106,1
L1-L2-L3,163,78,214,1
L1-L2-L3,163,79,143,1
L1-L2-L3,163,82,186,1
L1-L2-L3,163,83,245,1
L1-L2-L3,163,89,77,1
L1-L2-L3,163,91,203,1
L1-L2-L3,163,94,120,1
L1-L2-L3,163,95,32,1
L1-L2-L3,163,100,127,1
L1-L2-L3,163,103,241,1
L1-L2-L3,163,104,43,1
L1-L2-L3,163,105,92,1
L1-L2-L3,163,110,110,1
L1-L2-L3,163,111,103,1
L1-L2-L3,163,112,160,1
L1-L2-L3,163,115,78,1
L1-L2-L3,163,117,103,1
L1-L2-L3,163,120,155,1
L1-L2-L3,163,121,200,1
L1-L2-L3,163,125,107,1
L1-L2-L3,163,133,62,1
L1-L2-L3,163,134,144,1
L1-L2-L3,163,137,160,1
L1-L2-L3,163,138,107,1
L1-L2-L3,163,142,70,1
L1-L2-L3,163,143,148,1
L1-L2-L3,163,145,233,1
L1-L2-L3,163,148,193,1
L1-L2-L3,163,151,101,1
L1-L2-L3,163,157,137,1
L1-L2-L3,163,159,120,1
L1-L2-L3,163,160,8,1
L1-L2-L3,163,161,29,1
L1-L2-L3,163,162,227,1
L1-L2-L3,163,164,17,1
L1-L2-L3,163,165,96,1
L1-L2-L3,163,171,8,1
L1-L2-L3,163,172,70,1
L1-L2-L3,163,174,141,1
L1-L2-L3,163,175,68,1
L1-L2-L3,163,176,185,1
L1-L2-L3,163,177,115,1
L1-L2-L3,163,178,86,1
L1-L2-L3,163,179,130,1
L1-L2-L3,163,180,206,1
L1-L2-L3,163,181,243,1
L1-L2-L3,163,182,131,1
L1-L2-L3,163,186,194,1
L1-L2-L3,163,190,125,1
L1-L2-L3,163,191,62,1
L1-L2-L3,163,192,62,1
L1-L2-L3,163,193,3,1
L1-L2-L3,163,194,232,1
L1-L2-L3,163,196,99,1
L1-L2-L3,163,198,7,1
L1-L2-L3,163,203,64,1
L1-L2-L3,163,204,42,1
L1-L2-L3,163,206,214,1
L1-L2-L3,163,207,16,1
L1-L2-L3,163,208,131,1
L1-L2-L3,163,210,108,1
L1-L2-L3,163,212,186,1
L1-L2-L3,163,213,131,1
L1-L2-L3,163,216,64,1
L1-L2-L3,163,220,171,1
L1-L2-L3,163,221,74,1
L1-L2-L3,163,222,191,1
L1-L2-L3,163,225,71,1
L1-L2-L3,163,226,183,1
L1-L2-L3,163,228,27,1
L1-L2-L3,163,229,228,1
L1-L2-L3,163,230,141,1
L1-L2-L3,163,231,148,1
L1-L2-L3,163,233,213,1
L1-L2-L3,163,234,9,1
L1-L2-L3,163,235,40,1
L1-L2-L3,163,238,150,1
L1-L2-L3,163,244,190,1
L1-L2-L3,163,248,25,1
L1-L2-L3,163,249,81,1
L1-L2-L3,163,250,95,1
L1-L2-L3,163,251,178,1
L1-L2-L3,163,253,45,1
L1-L2-L3,164,1,67,1
L1-L2-L3,164,4,118,1
L1-L2-L3,164,5,13,1
L1-L2-L3,164,8,99,1
L1-L2-L3,164,13,162,1
L1-L2-L3,164,14,146,1
L1-L2-L3,164,17,228,1
L1-L2-L3,164,19,118,1
L1-L2-L3,164,20,235,1
L1-L2-L3,164,21,194,1
L1-L2-L3,164,29,129,1
L1-L2-L3,164,35,24,1
L1-L2-L3,164,36,141,1
L1-L2-L3,164,38,213,1
L1-L2-L3,164,41,71,1
L1-L2-L3,164,50,165,1
L1-L2-L3,164,56,190,1
L1-L2-L3,164,61,110,1
L1-L2-L3,164,62,1,1
L1-L2-L3,164,72,190,1
L1-L2-L3,164,75,188,1
L1-L2-L3,164,76,138,1
L1-L2-L3,164,80,155,1
L1-L2-L3,164,81,46,1
L1-L2-L3,164,95,80,1
L1-L2-L3,164,97,172,1
L1-L2-L3,164,99,235,1
L1-L2-L3,164,102,110,1
L1-L2-L3,164,108,99,1
L1-L2-L3,164,110,154,1
L1-L2-L3,164,111,66,1
L1-L2-L3,164,119,178,1
L1-L2-L3,164,121,164,1
L1-L2-L3,164,124,45,1
L1-L2-L3,164,128,228,1
L1-L2-L3,164,129,43,1
L1-L2-L3,164,143,27,1
L1-L2-L3,164,145,9,1
L1-L2-L3,164,149,33,1
L1-L2-L3,164,151,94,1
L1-L2-L3,164,154,46,1
L1-L2-L3,164,160,104,1
L1-L2-L3,164,166,184,1
L1-L2-L3,164,169,175,1
L1-L2-L3,164,172,214,1
L1-L2-L3,164,173,211,1
L1-L2-L3,164,176,86,1
L1-L2-L3,164,178,235,1
L1-L2-L3,164,179,46,1
L1-L2-L3,164,180,189,1
L1-L2-L3,164,181,143,1
L1-L2-L3,164,182,218,1
L1-L2-L3,164,183,225,1
L1-L2-L3,164,193,69,1
L1-L2-L3,164,195,130,1
L1-L2-L3,164,196,211,1
L1-L2-L3,164,197,184,1
L1-L2-L3,164,199,145,1
L1-L2-L3,164,200,149,1
L1-L2-L3,164,204,186,1
L1-L2-L3,164,208,14,1
L1-L2-L3,164,210,11,1
L1-L2-L3,164,211,242,1
L1-L2-L3,164,212,213,1
L1-L2-L3,164,215,67,1
L1-L2-L3,164,217,162,1
L1-L2-L3,164,219,63,1
L1-L2-L3,164,220,158,1
L1-L2-L3,164,221,118,1
L1-L2-L3,164,225,89,1
L1-L2-L3,164,226,42,1
L1-L2-L3,164,227,145,1
L1-L2-L3,164,228,61,1
L1-L2-L3,164,231,117,1
L1-L2-L3,164,233,50,1
L1-L2-L3,164,236,110,1
L1-L2-L3,164,237,240,1
L1-L2-L3,164,242,190,1
L1-L2-L3,164,247,96,1
L1-L2-L3,164,248,21,1
L1-L2-L3,164,249,27,1
L1-L2-L3,164,252,71,1
L1-L2-L3,164,253,107,1
L1-L2-L3,164,254,189,1
L1-L2-L3,164,255,235,1
L1-L2-L3,165,0,86,1
L1-L2-L3,165,3,162,1
L1-L2-L3,165,4,67,1
L1-L2-L3,165,5,65,1
L1-L2-L3,165,10,50,1
L1-L2-L3,165,14,108,1
L1-L2-L3,165,19,107,1
L1-L2-L3,165,21,73,1
L1-L2-L3,165,22,42,1
L1-L2-L3,165,24,235,1
L1-L2-L3,165,26,162,1
L1-L2-L3,165,37,121,1
L1-L2-L3,165,41,194,1
L1-L2-L3,165,42,116,1
L1-L2-L3,165,47,216,1
L1-L2-L3,165,48,107,1
L1-L2-L3,165,49,29,1
L1-L2-L3,165,50,199,1
L1-L2-L3,165,52,90,1
L1-L2-L3,165,54,74,1
L1-L2-L3,165,56,147,1
L1-L2-L3,165,71,176,1
L1-L2-L3,165,73,254,1
L1-L2-L3,165,74,162,1
L1-L2-L3,165,78,27,1
L1-L2-L3,165,80,42,1
L1-L2-L3,165,84,183,1
L1-L2-L3,165,90,162,1
L1-L2-L3,165,95,186,1
L1-L2-L3,165,98,13,1
L1-L2-L3,165,99,29,1
L1-L2-L3,165,100,194,1
L1-L2-L3,165,101,183,1
L1-L2-L3,165,108,10,1
L1-L2-L3,165,110,176,1
L1-L2-L3,165,113,73,1
L1-L2-L3,165,114,31,1
L1-L2-L3,165,115,225,1
L1-L2-L3,165,117,107,1
L1-L2-L3,165,125,113,1
L1-L2-L3,165,127,95,1
L1-L2-L3,165,128,29,1
L1-L2-L3,165,129,209,1
L1-L2-L3,165,131,199,1
L1-L2-L3,165,132,54,1
L1-L2-L3,165,134,92,1
L1-L2-L3,165,138,149,1
L1-L2-L3,165,143,149,1
L1-L2-L3,165,144,53,1
L1-L2-L3,165,147,176,1
L1-L2-L3,165,148,42,1
L1-L2-L3,165,149,138,1
L1-L2-L3,165,153,19,1
L1-L2-L3,165,155,10,1
L1-L2-L3,165,156,131,1
L1-L2-L3,165,158,146,1
L1-L2-L3,165,160,121,1
L1-L2-L3,165,165,81,1
L1-L2-L3,165,167,239,1
L1-L2-L3,165,168,176,1
L1-L2-L3,165,170,67,1
L1-L2-L3,165,171,234,1
L1-L2-L3,165,173,73,1
L1-L2-L3,165,175,166,1
L1-L2-L3,165,177,243,1
L1-L2-L3,165,178,167,1
L1-L2-L3,165,179,110,1
L1-L2-L3,165,180,86,1
L1-L2-L3,165,181,230,1
L1-L2-L3,165,182,0,1
L1-L2-L3,165,184,146,1
L1-L2-L3,165,186,205,1
L1-L2-L3,165,188,219,1
L1-L2-L3,165,191,176,1
L1-L2-L3,165,192,247,1
L1-L2-L3,165,196,29,1
L1-L2-L3,165,197,108,1
L1-L2-L3,165,200,98,1
L1-L2-L3,165,201,146,1
L1-L2-L3,165,204,67,1
L1-L2-L3,165,205,90,1
L1-L2-L3,165,208,251,1
L1-L2-L3,165,209,213,1
L1-L2-L3,165,210,55,1
L1-L2-L3,165,213,114,1
L1-L2-L3,165,215,239,1
L1-L2-L3,165,217,146,1
L1-L2-L3,165,220,65,1
L1-L2-L3,165,221,16,1
L1-L2-L3,165,222,174,1
L1-L2-L3,165,223,35,1
L1-L2-L3,165,227,81,1
L1-L2-L3,165,228,40,1
L1-L2-L3,165,231,185,1
L1-L2-L3,165,232,231,1
L1-L2-L3,165,233,146,1
L1-L2-L3,165,236,149,1
L1-L2-L3,165,238,248,1
L1-L2-L3,165,243,27,1
L1-L2-L3,165,245,29,1
L1-L2-L3,165,246,178,1
L1-L2-L3,165,250,42,1
L1-L2-L3,165,253,42,1
L1-L2-L3,165,254,172,1
L1-L2-L3,166,0,20,1
L1-L2-L3,166,5,133,1
L1-L2-L3,166,12,130,1
L1-L2-L3,166,13,1,1
L1-L2-L3,166,14,68,1
L1-L2-L3,166,21,129,1
L1-L2-L3,166,23,157,1
L1-L2-L3,166,24,29,1
L1-L2-L3,166,25,5,1
L1-L2-L3,166,29,93,1
L1-L2-L3,166,30,219,1
L1-L2-L3,166,31,110,1
L1-L2-L3,166,32,223,1
L1-L2-L3,166,36,230,1
L1-L2-L3,166,37,5,1
L1-L2-L3,166,40,187,1
L1-L2-L3,166,46,46,1
L1-L2-L3,166,51,137,1
L1-L2-L3,166,52,5,1
L1-L2-L3,166,54,100,1
L1-L2-L3,166,57,213,1
L1-L2-L3,166,64,162,1
L1-L2-L3,166,66,200,1
L1-L2-L3,166,70,46,1
L1-L2-L3,166,73,223,1
L1-L2-L3,166,75,99,1
L1-L2-L3,166,76,37,1
L1-L2-L3,166,77,111,1
L1-L2-L3,166,84,9,1
L1-L2-L3,166,86,211,1
L1-L2-L3,166,95,163,1
L1-L2-L3,166,97,220,1
L1-L2-L3,166,99,67,1
L1-L2-L3,166,100,80,1
L1-L2-L3,166,101,140,1
L1-L2-L3,166,102,214,1
L1-L2-L3,166,110,199,1
L1-L2-L3,166,114,46,1
L1-L2-L3,166,116,85,1
L1-L2-L3,166,117,84,1
L1-L2-L3,166,119,35,1
L1-L2-L3,166,127,114,1
L1-L2-L3,166,128,108,1
L1-L2-L3,166,129,110,1
L1-L2-L3,166,130,62,1
L1-L2-L3,166,132,90,1
L1-L2-L3,166,138,108,1
L1-L2-L3,166,143,92,1
L1-L2-L3,166,147,88,1
L1-L2-L3,166,149,238,1
L1-L2-L3,166,153,85,1
L1-L2-L3,166,156,92,1
L1-L2-L3,166,157,74,1
L1-L2-L3,166,158,199,1
L1-L2-L3,166,159,233,1
L1-L2-L3,166,161,189,1
L1-L2-L3,166,163,247,1
L1-L2-L3,166,165,162,1
L1-L2-L3,166,166,165,1
L1-L2-L3,166,169,46,1
L1-L2-L3,166,172,88,1
L1-L2-L3,166,178,222,1
L1-L2-L3,166,179,62,1
L1-L2-L3,166,181,49,1
L1-L2-L3,166,186,238,1
L1-L2-L3,166,187,161,1
L1-L2-L3,166,192,213,1
L1-L2-L3,166,193,228,1
L1-L2-L3,166,195,38,1
L1-L2-L3,166,198,107,1
L1-L2-L3,166,199,123,1
L1-L2-L3,166,200,90,1
L1-L2-L3,166,201,64,1
L1-L2-L3,166,207,199,1
L1-L2-L3,166,208,88,1
L1-L2-L3,166,210,58,1
L1-L2-L3,166,211,146,1
L1-L2-L3,166,213,176,1
L1-L2-L3,166,214,178,1
L1-L2-L3,166,215,146,1
L1-L2-L3,166,217,75,1
L1-L2-L3,166,218,197,1
L1-L2-L3,166,221,22,1
L1-L2-L3,166,222,51,1
L1-L2-L3,166,223,38,1
L1-L2-L3,166,225,88,1
L1-L2-L3,166,229,22,1
L1-L2-L3,166,230,139,1
L1-L2-L3,166,231,107,1
L1-L2-L3,166,232,225,1
L1-L2-L3,166,234,34,1
L1-L2-L3,166,235,112,1
L1-L2-L3,166,238,182,1
L1-L2-L3,166,241,76,1
L1-L2-L3,166,243,63,1
L1-L2-L3,166,244,244,1
L1-L2-L3,166,245,69,1
L1-L2-L3,166,248,242,1
L1-L2-L3,166,250,48,1
L1-L2-L3,166,251,225,1
L1-L2-L3,166,252,43,1
L1-L2-L3,167,4,150,1
L1-L2-L3,167,5,158,1
L1-L2-L3,167,7,51,1
L1-L2-L3,167,16,78,1
L1-L2-L3,167,17,4,1
L1-L2-L3,167,21,185,1
L1-L2-L3,167,24,147,1
L1-L2-L3,167,34,90,1
L1-L2-L3,167,35,72,1
L1-L2-L3,167,38,84,1
L1-L2-L3,167,41,56,1
L1-L2-L3,167,49,55,1
L1-L2-L3,167,53,77,1
L1-L2-L3,167,56,215,1
L1-L2-L3,167,57,226,1
L1-L2-L3,167,58,80,1
L1-L2-L3,167,59,32,1
L1-L2-L3,167,62,194,1
L1-L2-L3,167,63,120,1
L1-L2-L3,167,66,15,1
L1-L2-L3,167,68,213,1
L1-L2-L3,167,69,241,1
L1-L2-L3,167,70,16,1
L1-L2-L3,167,71,56,1
L1-L2-L3,167,73,30,1
L1-L2-L3,167,75,229,1
L1-L2-L3,167,76,248,1
L1-L2-L3,167,86,52,1
L1-L2-L3,167,91,198,1
L1-L2-L3,167,99,86,1
L1-L2-L3,167,100,174,1
L1-L2-L3,167,101,241,1
L1-L2-L3,167,102,153,1
L1-L2-L3,167,103,224,1
L1-L2-L3,167,106,69,1
L1-L2-L3,167,110,83,1
L1-L2-L3,167,111,69,1
L1-L2-L3,167,112,102,1
L1-L2-L3,167,116,153,1
L1-L2-L3,167,118,151,1
L1-L2-L3,167,123,69,1
L1-L2-L3,167,127,173,1
L1-L2-L3,167,128,97,1
L1-L2-L3,167,130,101,1
L1-L2-L3,167,139,218,1
L1-L2-L3,167,140,161,1
L1-L2-L3,167,144,136,1
L1-L2-L3,167,145,80,1
L1-L2-L3,167,146,102,1
L1-L2-L3,167,150,90,1
L1-L2-L3,167,151,173,1
L1-L2-L3,167,152,18,1
L1-L2-L3,167,155,114,1
L1-L2-L3,167,165,29,1
L1-L2-L3,167,166,106,1
L1-L2-L3,167,168,81,1
L1-L2-L3,167,171,195,1
L1-L2-L3,167,172,72,1
L1-L2-L3,167,174,153,1
L1-L2-L3,167,178,18,1
L1-L2-L3,167,182,9,1
L1-L2-L3,167,185,36,1
L1-L2-L3,167,186,192,1
L1-L2-L3,167,188,208,1
L1-L2-L3,167,190,251,1
L1-L2-L3,167,191,84,1
L1-L2-L3,167,192,113,1
L1-L2-L3,167,194,105,1
L1-L2-L3,167,203,50,1
L1-L2-L3,167,204,222,1
L1-L2-L3,167,205,196,1
L1-L2-L3,167,211,72,1
L1-L2-L3,167,213,167,1
L1-L2-L3,167,216,253,1
L1-L2-L3,167,218,69,1
L1-L2-L3,167,223,184,1
L1-L2-L3,167,229,177,1
L1-L2-L3,167,232,173,1
L1-L2-L3,167,240,106,1
L1-L2-L3,167,241,120,1
L1-L2-L3,167,242,232,1
L1-L2-L3,167,243,72,1
L1-L2-L3,167,246,210,1
L1-L2-L3,167,252,203,1
L1-L2-L3,167,254,39,1
L1-L2-L3,168,6,185,1
L1-L2-L3,168,10,172,1
L1-L2-L3,168,19,154,1
L1-L2-L3,168,20,98,1
L1-L2-L3,168,22,39,1
L1-L2-L3,168,28,86,1
L1-L2-L3,168,29,45,1
L1-L2-L3,168,30,254,1
L1-L2-L3,168,32,252,1
L1-L2-L3,168,37,56,1
L1-L2-L3,168,39,30,1
L1-L2-L3,168,45,154,1
L1-L2-L3,168,47,242,1
L1-L2-L3,168,48,159,1
L1-L2-L3,168,52,10,1
L1-L2-L3,168,55,46,1
L1-L2-L3,168,63,164,1
L1-L2-L3,168,74,47,1
L1-L2-L3,168,77,158,1
L1-L2-L3,168,81,105,1
L1-L2-L3,168,86,139,1
L1-L2-L3,168,87,222,1
L1-L2-L3,168,93,10,1
L1-L2-L3,168,95,194,1
L1-L2-L3,168,97,72,1
L1-L2-L3,168,99,253,1
L1-L2-L3,168,100,183,1
L1-L2-L3,168,102,47,1
L1-L2-L3,168,103,102,1
L1-L2-L3,168,104,143,1
L1-L2-L3,168,105,189,1
L1-L2-L3,168,106,239,1
L1-L2-L3,168,110,213,1
L1-L2-L3,168,111,251,1
L1-L2-L3,168,113,86,1
L1-L2-L3,168,114,88,1
L1-L2-L3,168,115,72,1
L1-L2-L3,168,116,80,1
L1-L2-L3,168,117,207,1
L1-L2-L3,168,119,152,1
L1-L2-L3,168,120,177,1
L1-L2-L3,168,121,218,1
L1-L2-L3,168,124,16,1
L1-L2-L3,168,126,96,1
L1-L2-L3,168,130,126,1
L1-L2-L3,168,132,85,1
L1-L2-L3,168,134,102,1
L1-L2-L3,168,137,45,1
L1-L2-L3,168,143,154,1
L1-L2-L3,168,145,229,1
L1-L2-L3,168,149,12,1
L1-L2-L3,168,155,136,1
L1-L2-L3,168,156,239,1
L1-L2-L3,168,159,108,1
L1-L2-L3,168,167,26,1
L1-L2-L3,168,168,164,1
L1-L2-L3,168,169,0,1
L1-L2-L3,168,170,46,1
L1-L2-L3,168,173,58,1
L1-L2-L3,168,174,252,1
L1-L2-L3,168,176,137,1
L1-L2-L3,168,178,4,1
L1-L2-L3,168,180,96,1
L1-L2-L3,168,184,16,1
L1-L2-L3,168,186,160,1
L1-L2-L3,168,188,252,1
L1-L2-L3,168,190,111,1
L1-L2-L3,168,191,155,1
L1-L2-L3,168,196,2,1
L1-L2-L3,168,197,203,1
L1-L2-L3,168,199,168,1
L1-L2-L3,168,200,184,1
L1-L2-L3,168,201,252,1
L1-L2-L3,168,202,177,1
L1-L2-L3,168,203,92,1
L1-L2-L3,168,208,222,1
L1-L2-L3,168,213,102,1
L1-L2-L3,168,217,215,1
L1-L2-L3,168,218,253,1
L1-L2-L3,168,221,36,1
L1-L2-L3,168,224,138,1
L1-L2-L3,168,225,95,1
L1-L2-L3,168,227,157,1
L1-L2-L3,168,228,51,1
L1-L2-L3,168,230,239,1
L1-L2-L3,168,231,96,1
L1-L2-L3,168,234,98,1
L1-L2-L3,168,235,239,1
L1-L2-L3,168,243,251,1
L1-L2-L3,168,245,99,1
L1-L2-L3,168,246,234,1
L1-L2-L3,168,247,222,1
L1-L2-L3,168,251,222,1
L1-L2-L3,168,252,82,1
L1-L2-L3,168,253,94,1
L1-L2-L3,168,254,58,1
L1-L2-L3,169,1,48,1
L1-L2-L3,169,6,71,1
L1-L2-L3,169,7,59,1
L1-L2-L3,169,9,23,1
L1-L2-L3,169,11,36,1
L1-L2-L3,169,14,77,1
L1-L2-L3,169,18,124,1
L1-L2-L3,169,28,169,1
L1-L2-L3,169,33,139,1
L1-L2-L3,169,39,249,1
L1-L2-L3,169,44,200,1
L1-L2-L3,169,46,224,1
L1-L2-L3,169,50,210,1
L1-L2-L3,169,51,179,1
L1-L2-L3,169,52,80,1
L1-L2-L3,169,54,161,1
L1-L2-L3,169,63,229,1
L1-L2-L3,169,65,54,1
L1-L2-L3,169,67,182,1
L1-L2-L3,169,68,137,1
L1-L2-L3,169,74,216,1
L1-L2-L3,169,79,30,1
L1-L2-L3,169,85,113,1
L1-L2-L3,169,90,14,1
L1-L2-L3,169,95,75,1
L1-L2-L3,169,104,153,1
L1-L2-L3,169,110,146,1
L1-L2-L3,169,111,214,1
L1-L2-L3,169,112,61,1
L1-L2-L3,169,113,247,1
L1-L2-L3,169,116,182,1
L1-L2-L3,169,119,124,1
L1-L2-L3,169,123,126,1
L1-L2-L3,169,125,69,1
L1-L2-L3,169,128,177,1
L1-L2-L3,169,132,188,1
L1-L2-L3,169,133,15,1
L1-L2-L3,169,134,185,1
L1-L2-L3,169,137,30,1
L1-L2-L3,169,139,181,1
L1-L2-L3,169,146,8,1
L1-L2-L3,169,158,31,1
L1-L2-L3,169,160,172,1
L1-L2-L3,169,162,197,1
L1-L2-L3,169,164,243,1
L1-L2-L3,169,169,52,1
L1-L2-L3,169,170,76,1
L1-L2-L3,169,172,147,1
L1-L2-L3,169,173,48,1
L1-L2-L3,169,177,146,1
L1-L2-L3,169,183,89,1
L1-L2-L3,169,186,58,1
L1-L2-L3,169,187,182,1
L1-L2-L3,169,203,225,1
L1-L2-L3,169,208,227,1
L1-L2-L3,169,210,237,1
L1-L2-L3,169,211,210,1
L1-L2-L3,169,212,61,1
L1-L2-L3,169,218,84,1
L1-L2-L3,169,221,73,1
L1-L2-L3,169,223,84,1
L1-L2-L3,169,224,210,1
L1-L2-L3,169,226,119,1
L1-L2-L3,169,229,220,1
L1-L2-L3,169,233,181,1
L1-L2-L3,169,240,210,1
L1-L2-L3,169,243,246,1
L1-L2-L3,169,249,106,1
L1-L2-L3,169,253,61,1
L1-L2-L3,170,1,166,1
L1-L2-L3,170,9,32,1
L1-L2-L3,170,10,11,1
L1-L2-L3,170,11,113,1
L1-L2-L3,170,13,77,1
L1-L2-L3,170,15,157,1
L1-L2-L3,170,21,36,1
L1-L2-L3,170,23,185,1
L1-L2-L3,170,24,40,1
L1-L2-L3,170,25,11,1
L1-L2-L3,170,26,151,1
L1-L2-L3,170,30,172,1
L1-L2-L3,170,31,13,1
L1-L2-L3,170,33,40,1
L1-L2-L3,170,34,133,1
L1-L2-L3,170,35,61,1
L1-L2-L3,170,37,183,1
L1-L2-L3,170,39,152,1
L1-L2-L3,170,40,149,1
L1-L2-L3,170,42,76,1
L1-L2-L3,170,45,193,1
L1-L2-L3,170,46,53,1
L1-L2-L3,170,49,239,1
L1-L2-L3,170,53,248,1
L1-L2-L3,170,54,231,1
L1-L2-L3,170,56,121,1
L1-L2-L3,170,58,160,1
L1-L2-L3,170,59,37,1
L1-L2-L3,170,65,129,1
L1-L2-L3,170,66,32,1
L1-L2-L3,170,70,17,1
L1-L2-L3,170,72,126,1
L1-L2-L3,170,74,110,1
L1-L2-L3,170,77,144,1
L1-L2-L3,170,78,215,1
L1-L2-L3,170,79,43,1
L1-L2-L3,170,80,154,1
L1-L2-L3,170,86,77,1
L1-L2-L3,170,87,251,1
L1-L2-L3,170,89,62,1
L1-L2-L3,170,90,28,1
L1-L2-L3,170,91,164,1
L1-L2-L3,170,94,206,1
L1-L2-L3,170,95,104,1
L1-L2-L3,170,100,13,1
L1-L2-L3,170,101,53,1
L1-L2-L3,170,104,116,1
L1-L2-L3,170,105,143,1
L1-L2-L3,170,108,34,1
L1-L2-L3,170,110,225,1
L1-L2-L3,170,111,77,1
L1-L2-L3,170,120,166,1
L1-L2-L3,170,121,253,1
L1-L2-L3,170,124,40,1
L1-L2-L3,170,126,193,1
L1-L2-L3,170,127,89,1
L1-L2-L3,170,133,194,1
L1-L2-L3,170,135,20,1
L1-L2-L3,170,136,23,1
L1-L2-L3,170,137,175,1
L1-L2-L3,170,138,43,1
L1-L2-L3,170,139,92,1
L1-L2-L3,170,140,229,1
L1-L2-L3,170,144,144,1
L1-L2-L3,170,146,144,1
L1-L2-L3,170,147,127,1
L1-L2-L3,170,150,190,1
L1-L2-L3,170,152,43,1
L1-L2-L3,170,153,180,1
L1-L2-L3,170,154,45,1
L1-L2-L3,170,156,103,1
L1-L2-L3,170,157,135,1
L1-L2-L3,170,159,62,1
L1-L2-L3,170,161,125,1
L1-L2-L3,170,172,243,1
L1-L2-L3,170,173,79,1
L1-L2-L3,170,174,175,1
L1-L2-L3,170,178,118,1
L1-L2-L3,170,179,234,1
L1-L2-L3,170,180,243,1
L1-L2-L3,170,185,235,1
L1-L2-L3,170,186,99,1
L1-L2-L3,170,190,53,1
L1-L2-L3,170,192,155,1
L1-L2-L3,170,193,193,1
L1-L2-L3,170,195,225,1
L1-L2-L3,170,196,171,1
L1-L2-L3,170,201,105,1
L1-L2-L3,170,206,139,1
L1-L2-L3,170,209,119,1
L1-L2-L3,170,210,246,1
L1-L2-L3,170,212,86,1
L1-L2-L3,170,214,85,1
L1-L2-L3,170,216,217,1
L1-L2-L3,170,221,48,1
L1-L2-L3,170,222,27,1
L1-L2-L3,170,225,96,1
L1-L2-L3,170,227,158,1
L1-L2-L3,170,229,20,1
L1-L2-L3,170,230,13,1
L1-L2-L3,170,231,3,1
L1-L2-L3,170,233,129,1
L1-L2-L3,170,239,234,1
L1-L2-L3,170,241,234,1
L1-L2-L3,170,242,9,1
L1-L2-L3,170,244,239,1
L1-L2-L3,170,248,7,1
L1-L2-L3,170,249,191,1
L1-L2-L3,170,250,112,1
L1-L2-L3,170,253,47,1
L1-L2-L3,170,254,32,1
L1-L2-L3,170,255,42,1
L1-L2-L3,171,5,202,1
L1-L2-L3,171,6,108,1
L1-L2-L3,171,7,22,1
L1-L2-L3,171,8,247,1
L1-L2-L3,171,10,17,1
L1-L2-L3,171,12,142,1
L1-L2-L3,171,13,221,1
L1-L2-L3,171,15,67,1
L1-L2-L3,171,17,121,1
L1-L2-L3,171,18,148,1
L1-L2-L3,171,19,68,1
L1-L2-L3,171,27,98,1
L1-L2-L3,171,31,74,1
L1-L2-L3,171,33,37,1
L1-L2-L3,171,35,13,1
L1-L2-L3,171,37,153,1
L1-L2-L3,171,39,255,1
L1-L2-L3,171,43,148,1
L1-L2-L3,171,45,252,1
L1-L2-L3,171,48,196,1
L1-L2-L3,171,49,30,1
L1-L2-L3,171,52,61,1
L1-L2-L3,171,53,13,1
L1-L2-L3,171,54,153,1
L1-L2-L3,171,55,53,1
L1-L2-L3,171,57,8,1
L1-L2-L3,171,58,236,1
L1-L2-L3,171,59,208,1
L1-L2-L3,171,60,250,1
L1-L2-L3,171,61,89,1
L1-L2-L3,171,63,102,1
L1-L2-L3,171,65,118,1
L1-L2-L3,171,71,196,1
L1-L2-L3,171,80,98,1
L1-L2-L3,171,85,45,1
L1-L2-L3,171,105,31,1
L1-L2-L3,171,108,51,1
L1-L2-L3,171,114,10,1
L1-L2-L3,171,117,49,1
L1-L2-L3,171,118,153,1
L1-L2-L3,171,119,247,1
L1-L2-L3,171,127,57,1
L1-L2-L3,171,129,30,1
L1-L2-L3,171,133,7,1
L1-L2-L3,171,136,80,1
L1-L2-L3,171,137,164,1
L1-L2-L3,171,140,28,1
L1-L2-L3,171,145,218,1
L1-L2-L3,171,147,64,1
L1-L2-L3,171,155,111,1
L1-L2-L3,171,157,52,1
L1-L2-L3,171,158,125,1
L1-L2-L3,171,162,47,1
L1-L2-L3,171,165,70,1
L1-L2-L3,171,173,140,1
L1-L2-L3,171,174,225,1
L1-L2-L3,171,179,86,1
L1-L2-L3,171,180,73,1
L1-L2-L3,171,184,44,1
L1-L2-L3,171,187,191,1
L1-L2-L3,171,188,117,1
L1-L2-L3,171,192,100,1
L1-L2-L3,171,193,120,1
L1-L2-L3,171,194,39,1
L1-L2-L3,171,195,121,1
L1-L2-L3,171,200,174,1
L1-L2-L3,171,202,65,1
L1-L2-L3,171,206,95,1
L1-L2-L3,171,207,41,1
L1-L2-L3,171,210,249,1
L1-L2-L3,171,211,158,1
L1-L2-L3,171,216,163,1
L1-L2-L3,171,217,214,1
L1-L2-L3,171,219,247,1
L1-L2-L3,171,222,130,1
L1-L2-L3,171,225,174,1
L1-L2-L3,171,227,150,1
L1-L2-L3,171,231,14,1
L1-L2-L3,171,241,110,1
L1-L2-L3,171,242,86,1
L1-L2-L3,171,243,167,1
L1-L2-L3,171,249,247,1
L1-L2-L3,171,252,192,1
L1-L2-L3,171,254,118,1
L1-L2-L3,171,255,49,1
L1-L2-L3,172,0,218,1
L1-L2-L3,172,9,140,1
L1-L2-L3,172,20,157,1
L1-L2-L3,172,21,251,1
L1-L2-L3,172,23,102,1
L1-L2-L3,172,24,247,1
L1-L2-L3,172,30,105,1
L1-L2-L3,172,33,162,1
L1-L2-L3,172,37,140,1
L1-L2-L3,172,40,173,1
L1-L2-L3,172,44,39,1
L1-L2-L3,172,46,101,1
L1-L2-L3,172,47,245,1
L1-L2-L3,172,51,58,1
L1-L2-L3,172,56,105,1
L1-L2-L3,172,58,161,1
L1-L2-L3,172,61,82,1
L1-L2-L3,172,67,165,1
L1-L2-L3,172,68,16,1
L1-L2-L3,172,73,31,1
L1-L2-L3,172,77,189,1
L1-L2-L3,172,79,35,1
L1-L2-L3,172,82,58,1
L1-L2-L3,172,87,136,1
L1-L2-L3,172,89,254,1
L1-L2-L3,172,91,87,1
L1-L2-L3,172,93,124,1
L1-L2-L3,172,100,251,1
L1-L2-L3,172,102,66,1
L1-L2-L3,172,106,189,1
L1-L2-L3,172,110,13,1
L1-L2-L3,172,111,147,1
L1-L2-L3,172,114,162,1
L1-L2-L3,172,117,235,1
L1-L2-L3,172,118,115,1
L1-L2-L3,172,120,123,1
L1-L2-L3,172,122,128,1
L1-L2-L3,172,123,56,1
L1-L2-L3,172,124,254,1
L1-L2-L3,172,125,58,1
L1-L2-L3,172,126,240,1
L1-L2-L3,172,132,35,1
L1-L2-L3,172,133,44,1
L1-L2-L3,172,134,132,1
L1-L2-L3,172,139,147,1
L1-L2-L3,172,142,190,1
L1-L2-L3,172,143,235,1
L1-L2-L3,172,145,16,1
L1-L2-L3,172,149,93,1
L1-L2-L3,172,151,28,1
L1-L2-L3,172,152,160,1
L1-L2-L3,172,160,146,1
L1-L2-L3,172,162,190,1
L1-L2-L3,172,163,214,1
L1-L2-L3,172,170,183,1
L1-L2-L3,172,171,39,1
L1-L2-L3,172,172,80,1
L1-L2-L3,172,177,235,1
L1-L2-L3,172,186,57,1
L1-L2-L3,172,188,251,1
L1-L2-L3,172,191,35,1
L1-L2-L3,172,193,185,1
L1-L2-L3,172,195,194,1
L1-L2-L3,172,198,132,1
L1-L2-L3,172,199,28,1
L1-L2-L3,172,200,82,1
L1-L2-L3,172,203,42,1
L1-L2-L3,172,204,247,1
L1-L2-L3,172,205,174,1
L1-L2-L3,172,207,77,1
L1-L2-L3,172,208,138,1
L1-L2-L3,172,210,1,1
L1-L2-L3,172,213,89,1
L1-L2-L3,172,216,190,1
L1-L2-L3,172,218,125,1
L1-L2-L3,172,220,29,1
L1-L2-L3,172,227,230,1
L1-L2-L3,172,234,114,1
L1-L2-L3,172,240,95,1
L1-L2-L3,172,241,207,1
L1-L2-L3,172,242,97,1
L1-L2-L3,172,244,96,1
L1-L2-L3,172,245,228,1
L1-L2-L3,172,250,204,1
L1-L2-L3,172,253,6,1
L1-L2-L3,172,254,254,1
L1-L2-L3,173,2,242,1
L1-L2-L3,173,3,14,1
L1-L2-L3,173,4,14,1
L1-L2-L3,173,8,5,1
L1-L2-L3,173,10,18,1
L1-L2-L3,173,16,162,1
L1-L2-L3,173,20,250,1
L1-L2-L3,173,21,176,1
L1-L2-L3,173,23,211,1
L1-L2-L3,173,24,96,1
L1-L2-L3,173,25,125,1
L1-L2-L3,173,26,110,1
L1-L2-L3,173,29,74,1
L1-L2-L3,173,30,76,1
L1-L2-L3,173,32,108,1
L1-L2-L3,173,34,229,1
L1-L2-L3,173,41,76,1
L1-L2-L3,173,42,144,1
L1-L2-L3,173,43,13,1
L1-L2-L3,173,44,180,1
L1-L2-L3,173,49,184,1
L1-L2-L3,173,50,104,1
L1-L2-L3,173,51,5,1
L1-L2-L3,173,52,244,1
L1-L2-L3,173,53,196,1
L1-L2-L3,173,56,240,1
L1-L2-L3,173,61,3,1
L1-L2-L3,173,64,183,1
L1-L2-L3,173,65,198,1
L1-L2-L3,173,69,39,1
L1-L2-L3,173,70,241,1
L1-L2-L3,173,73,80,1
L1-L2-L3,173,76,96,1
L1-L2-L3,173,78,138,1
L1-L2-L3,173,80,180,1
L1-L2-L3,173,81,182,1
L1-L2-L3,173,83,75,1
L1-L2-L3,173,86,29,1
L1-L2-L3,173,87,155,1
L1-L2-L3,173,88,45,1
L1-L2-L3,173,92,90,1
L1-L2-L3,173,94,46,1
L1-L2-L3,173,95,110,1
L1-L2-L3,173,97,89,1
L1-L2-L3,173,98,242,1
L1-L2-L3,173,99,99,1
L1-L2-L3,173,100,16,1
L1-L2-L3,173,101,62,1
L1-L2-L3,173,102,242,1
L1-L2-L3,173,105,130,1
L1-L2-L3,173,108,122,1
L1-L2-L3,173,109,251,1
L1-L2-L3,173,110,191,1
L1-L2-L3,173,111,112,1
L1-L2-L3,173,112,103,1
L1-L2-L3,173,121,138,1
L1-L2-L3,173,122,80,1
L1-L2-L3,173,123,112,1
L1-L2-L3,173,130,142,1
L1-L2-L3,173,142,96,1
L1-L2-L3,173,146,70,1
L1-L2-L3,173,147,216,1
L1-L2-L3,173,148,165,1
L1-L2-L3,173,155,216,1
L1-L2-L3,173,164,190,1
L1-L2-L3,173,166,172,1
L1-L2-L3,173,170,38,1
L1-L2-L3,173,171,113,1
L1-L2-L3,173,172,225,1
L1-L2-L3,173,173,142,1
L1-L2-L3,173,177,209,1
L1-L2-L3,173,179,235,1
L1-L2-L3,173,180,244,1
L1-L2-L3,173,181,149,1
L1-L2-L3,173,183,96,1
L1-L2-L3,173,187,154,1
L1-L2-L3,173,189,103,1
L1-L2-L3,173,191,74,1
L1-L2-L3,173,193,236,1
L1-L2-L3,173,199,108,1
L1-L2-L3,173,200,198,1
L1-L2-L3,173,202,111,1
L1-L2-L3,173,204,235,1
L1-L2-L3,173,206,230,1
L1-L2-L3,173,208,117,1
L1-L2-L3,173,215,123,1
L1-L2-L3,173,218,58,1
L1-L2-L3,173,219,28,1
L1-L2-L3,173,221,108,1
L1-L2-L3,173,222,74,1
L1-L2-L3,173,223,149,1
L1-L2-L3,173,224,102,1
L1-L2-L3,173,230,180,1
L1-L2-L3,173,231,71,1
L1-L2-L3,173,234,14,1
L1-L2-L3,173,237,22,1
L1-L2-L3,173,242,142,1
L1-L2-L3,173,243,40,1
L1-L2-L3,173,248,99,1
L1-L2-L3,173,250,234,1
L1-L2-L3,173,254,162,1
L1-L2-L3,174,3,78,1
L1-L2-L3,174,5,112,1
L1-L2-L3,174,8,139,1
L1-L2-L3,174,9,87,1
L1-L2-L3,174,11,216,1
L1-L2-L3,174,12,46,1
L1-L2-L3,174,13,78,1
L1-L2-L3,174,14,20,1
L1-L2-L3,174,15,69,1
L1-L2-L3,174,21,128,1
L1-L2-L3,174,24,117,1
L1-L2-L3,174,25,92,1
L1-L2-L3,174,26,131,1
L1-L2-L3,174,30,17,1
L1-L2-L3,174,32,158,1
L1-L2-L3,174,36,249,1
L1-L2-L3,174,39,212,1
L1-L2-L3,174,40,158,1
L1-L2-L3,174,41,153,1
L1-L2-L3,174,42,242,1
L1-L2-L3,174,43,43,1
L1-L2-L3,174,44,118,1
L1-L2-L3,174,45,118,1
L1-L2-L3,174,46,197,1
L1-L2-L3,174,47,161,1
L1-L2-L3,174,51,69,1
L1-L2-L3,174,54,216,1
L1-L2-L3,174,57,31,1
L1-L2-L3,174,58,137,1
L1-L2-L3,174,60,12,1
L1-L2-L3,174,61,97,1
L1-L2-L3,174,64,249,1
L1-L2-L3,174,66,78,1
L1-L2-L3,174,67,4,1
L1-L2-L3,174,70,243,1
L1-L2-L3,174,72,179,1
L1-L2-L3,174,73,227,1
L1-L2-L3,174,74,231,1
L1-L2-L3,174,81,126,1
L1-L2-L3,174,84,41,1
L1-L2-L3,174,90,47,1
L1-L2-L3,174,94,17,1
L1-L2-L3,174,100,40,1
L1-L2-L3,174,101,249,1
L1-L2-L3,174,104,63,1
L1-L2-L3,174,109,145,1
L1-L2-L3,174,110,15,1
L1-L2-L3,174,112,4,1
L1-L2-L3,174,113,28,1
L1-L2-L3,174,114,95,1
L1-L2-L3,174,115,104,1
L1-L2-L3,174,116,237,1
L1-L2-L3,174,119,192,1
L1-L2-L3,174,120,230,1
L1-L2-L3,174,121,118,1
L1-L2-L3,174,127,53,1
L1-L2-L3,174,129,207,1
L1-L2-L3,174,132,227,1
L1-L2-L3,174,136,196,1
L1-L2-L3,174,139,69,1
L1-L2-L3,174,142,77,1
L1-L2-L3,174,144,154,1
L1-L2-L3,174,150,72,1
L1-L2-L3,174,151,69,1
L1-L2-L3,174,154,130,1
L1-L2-L3,174,157,235,1
L1-L2-L3,174,160,224,1
L1-L2-L3,174,163,144,1
L1-L2-L3,174,166,120,1
L1-L2-L3,174,167,204,1
L1-L2-L3,174,168,152,1
L1-L2-L3,174,170,121,1
L1-L2-L3,174,172,130,1
L1-L2-L3,174,173,242,1
L1-L2-L3,174,174,142,1
L1-L2-L3,174,175,39,1
L1-L2-L3,174,177,203,1
L1-L2-L3,174,178,68,1
L1-L2-L3,174,179,137,1
L1-L2-L3,174,180,84,1
L1-L2-L3,174,181,28,1
L1-L2-L3,174,182,71,1
L1-L2-L3,174,183,97,1
L1-L2-L3,174,187,59,1
L1-L2-L3,174,188,207,1
L1-L2-L3,174,189,184,1
L1-L2-L3,174,193,235,1
L1-L2-L3,174,195,145,1
L1-L2-L3,174,198,41,1
L1-L2-L3,174,200,163,1
L1-L2-L3,174,201,152,1
L1-L2-L3,174,206,164,1
L1-L2-L3,174,209,48,1
L1-L2-L3,174,212,206,1
L1-L2-L3,174,214,30,1
L1-L2-L3,174,215,139,1
L1-L2-L3,174,216,141,1
L1-L2-L3,174,218,242,1
L1-L2-L3,174,219,153,1
L1-L2-L3,174,220,137,1
L1-L2-L3,174,221,23,1
L1-L2-L3,174,226,79,1
L1-L2-L3,174,227,106,1
L1-L2-L3,174,228,146,1
L1-L2-L3,174,229,96,1
L1-L2-L3,174,234,117,1
L1-L2-L3,174,236,162,1
L1-L2-L3,174,237,155,1
L1-L2-L3,174,242,249,1
L1-L2-L3,174,245,140,1
L1-L2-L3,174,246,191,1
L1-L2-L3,174,247,140,1
L1-L2-L3,174,248,44,1
L1-L2-L3,174,249,225,1
L1-L2-L3,174,250,87,1
L1-L2-L3,174,253,53,1
L1-L2-L3,175,0,193,1
L1-L2-L3,175,4,35,1
L1-L2-L3,175,5,46,1
L1-L2-L3,175,7,235,1
L1-L2-L3,175,8,53,1
L1-L2-L3,175,9,49,1
L1-L2-L3,175,10,160,1
L1-L2-L3,175,11,112,1
L1-L2-L3,175,14,228,1
L1-L2-L3,175,15,16,1
L1-L2-L3,175,17,26,1
L1-L2-L3,175,21,177,1
L1-L2-L3,175,25,253,1
L1-L2-L3,175,26,178,1
L1-L2-L3,175,31,105,1
L1-L2-L3,175,35,138,1
L1-L2-L3,175,37,74,1
L1-L2-L3,175,38,135,1
L1-L2-L3,175,39,209,1
L1-L2-L3,175,44,26,1
L1-L2-L3,175,47,40,1
L1-L2-L3,175,48,64,1
L1-L2-L3,175,50,102,1
L1-L2-L3,175,52,162,1
L1-L2-L3,175,53,128,1
L1-L2-L3,175,55,31,1
L1-L2-L3,175,57,46,1
L1-L2-L3,175,62,26,1
L1-L2-L3,175,63,205,1
L1-L2-L3,175,68,198,1
L1-L2-L3,175,71,36,1
L1-L2-L3,175,73,77,1
L1-L2-L3,175,79,193,1
L1-L2-L3,175,80,240,1
L1-L2-L3,175,82,199,1
L1-L2-L3,175,83,113,1
L1-L2-L3,175,84,253,1
L1-L2-L3,175,85,103,1
L1-L2-L3,175,86,239,1
L1-L2-L3,175,87,138,1
L1-L2-L3,175,89,253,1
L1-L2-L3,175,90,125,1
L1-L2-L3,175,91,150,1
L1-L2-L3,175,93,32,1
L1-L2-L3,175,94,84,1
L1-L2-L3,175,95,197,1
L1-L2-L3,175,96,149,1
L1-L2-L3,175,97,130,1
L1-L2-L3,175,101,26,1
L1-L2-L3,175,103,176,1
L1-L2-L3,175,109,90,1
L1-L2-L3,175,110,162,1
L1-L2-L3,175,111,18,1
L1-L2-L3,175,112,20,1
L1-L2-L3,175,119,214,1
L1-L2-L3,175,125,220,1
L1-L2-L3,175,126,178,1
L1-L2-L3,175,128,166,1
L1-L2-L3,175,129,105,1
L1-L2-L3,175,135,179,1
L1-L2-L3,175,136,29,1
L1-L2-L3,175,138,198,1
L1-L2-L3,175,139,10,1
L1-L2-L3,175,141,80,1
L1-L2-L3,175,144,123,1
L1-L2-L3,175,146,40,1
L1-L2-L3,175,149,198,1
L1-L2-L3,175,151,41,1
L1-L2-L3,175,154,174,1
L1-L2-L3,175,157,172,1
L1-L2-L3,175,161,166,1
L1-L2-L3,175,168,254,1
L1-L2-L3,175,170,77,1
L1-L2-L3,175,171,112,1
L1-L2-L3,175,174,209,1
L1-L2-L3,175,177,107,1
L1-L2-L3,175,185,53,1
L1-L2-L3,175,186,104,1
L1-L2-L3,175,187,75,1
L1-L2-L3,175,188,123,1
L1-L2-L3,175,191,22,1
L1-L2-L3,175,193,133,1
L1-L2-L3,175,194,44,1
L1-L2-L3,175,198,29,1
L1-L2-L3,175,203,53,1
L1-L2-L3,175,204,125,1
L1-L2-L3,175,205,128,1
L1-L2-L3,175,207,240,1
L1-L2-L3,175,209,155,1
L1-L2-L3,175,210,74,1
L1-L2-L3,175,211,23,1
L1-L2-L3,175,212,14,1
L1-L2-L3,175,214,78,1
L1-L2-L3,175,215,3,1
L1-L2-L3,175,216,123,1
L1-L2-L3,175,217,171,1
L1-L2-L3,175,219,231,1
L1-L2-L3,175,221,34,1
L1-L2-L3,175,222,32,1
L1-L2-L3,175,223,29,1
L1-L2-L3,175,226,46,1
L1-L2-L3,175,228,3,1
L1-L2-L3,175,234,162,1
L1-L2-L3,175,236,180,1
L1-L2-L3,175,239,40,1
L1-L2-L3,175,241,118,1
L1-L2-L3,175,243,26,1
L1-L2-L3,175,244,74,1
L1-L2-L3,175,247,233,1
L1-L2-L3,175,250,239,1
L1-L2-L3,175,251,47,1
L1-L2-L3,175,252,44,1
L1-L2-L3,175,255,200,1
L1-L2-L3,176,2,174,1
L1-L2-L3,176,5,76,1
L1-L2-L3,176,6,191,1
L1-L2-L3,176,8,69,1
L1-L2-L3,176,14,99,1
L1-L2-L3,176,23,197,1
L1-L2-L3,176,24,47,1
L1-L2-L3,176,30,215,1
L1-L2-L3,176,42,224,1
L1-L2-L3,176,46,44,1
L1-L2-L3,176,49,19,1
L1-L2-L3,176,51,234,1
L1-L2-L3,176,53,16,1
L1-L2-L3,176,56,153,1
L1-L2-L3,176,57,206,1
L1-L2-L3,176,61,149,1
L1-L2-L3,176,67,36,1
L1-L2-L3,176,68,17,1
L1-L2-L3,176,73,90,1
L1-L2-L3,176,77,165,1
L1-L2-L3,176,79,119,1
L1-L2-L3,176,85,252,1
L1-L2-L3,176,86,236,1
L1-L2-L3,176,88,150,1
L1-L2-L3,176,89,241,1
L1-L2-L3,176,96,179,1
L1-L2-L3,176,97,202,1
L1-L2-L3,176,98,58,1
L1-L2-L3,176,99,226,1
L1-L2-L3,176,101,67,1
L1-L2-L3,176,103,202,1
L1-L2-L3,176,105,133,1
L1-L2-L3,176,106,25,1
L1-L2-L3,176,107,59,1
L1-L2-L3,176,109,234,1
L1-L2-L3,176,114,89,1
L1-L2-L3,176,117,7,1
L1-L2-L3,176,126,243,1
L1-L2-L3,176,127,105,1
L1-L2-L3,176,129,161,1
L1-L2-L3,176,131,36,1
L1-L2-L3,176,132,69,1
L1-L2-L3,176,133,244,1
L1-L2-L3,176,134,202,1
L1-L2-L3,176,146,1,1
L1-L2-L3,176,150,210,1
L1-L2-L3,176,160,225,1
L1-L2-L3,176,161,255,1
L1-L2-L3,176,162,182,1
L1-L2-L3,176,167,231,1
L1-L2-L3,176,169,201,1
L1-L2-L3,176,174,2,1
L1-L2-L3,176,175,194,1
L1-L2-L3,176,180,214,1
L1-L2-L3,176,181,21,1
L1-L2-L3,176,182,17,1
L1-L2-L3,176,183,153,1
L1-L2-L3,176,184,153,1
L1-L2-L3,176,188,100,1
L1-L2-L3,176,190,23,1
L1-L2-L3,176,192,245,1
L1-L2-L3,176,195,17,1
L1-L2-L3,176,201,216,1
L1-L2-L3,176,212,234,1
L1-L2-L3,176,213,141,1
L1-L2-L3,176,215,107,1
L1-L2-L3,176,217,69,1
L1-L2-L3,176,218,101,1
L1-L2-L3,176,219,196,1
L1-L2-L3,176,222,79,1
L1-L2-L3,176,226,89,1
L1-L2-L3,176,229,119,1
L1-L2-L3,176,231,41,1
L1-L2-L3,176,233,25,1
L1-L2-L3,176,234,83,1
L1-L2-L3,176,236,50,1
L1-L2-L3,176,237,143,1
L1-L2-L3,176,239,107,1
L1-L2-L3,176,240,201,1
L1-L2-L3,176,252,201,1
L1-L2-L3,176,254,208,1
L1-L2-L3,177,5,151,1
L1-L2-L3,177,12,181,1
L1-L2-L3,177,13,68,1
L1-L2-L3,177,14,84,1
L1-L2-L3,177,16,19,1
L1-L2-L3,177,19,156,1
L1-L2-L3,177,22,218,1
L1-L2-L3,177,25,67,1
L1-L2-L3,177,29,88,1
L1-L2-L3,177,32,67,1
L1-L2-L3,177,34,52,1
L1-L2-L3,177,38,140,1
L1-L2-L3,177,41,247,1
L1-L2-L3,177,46,88,1
L1-L2-L3,177,50,167,1
L1-L2-L3,177,51,100,1
L1-L2-L3,177,53,126,1
L1-L2-L3,177,55,167,1
L1-L2-L3,177,58,197,1
L1-L2-L3,177,59,65,1
L1-L2-L3,177,63,255,1
L1-L2-L3,177,64,190,1
L1-L2-L3,177,69,83,1
L1-L2-L3,177,72,128,1
L1-L2-L3,177,74,113,1
L1-L2-L3,177,77,100,1
L1-L2-L3,177,78,100,1
L1-L2-L3,177,80,208,1
L1-L2-L3,177,81,35,1
L1-L2-L3,177,82,234,1
L1-L2-L3,177,84,173,1
L1-L2-L3,177,86,69,1
L1-L2-L3,177,88,230,1
L1-L2-L3,177,89,124,1
L1-L2-L3,177,92,101,1
L1-L2-L3,177,96,124,1
L1-L2-L3,177,100,245,1
L1-L2-L3,177,101,97,1
L1-L2-L3,177,104,210,1
L1-L2-L3,177,105,76,1
L1-L2-L3,177,109,41,1
L1-L2-L3,177,110,200,1
L1-L2-L3,177,111,231,1
L1-L2-L3,177,113,113,1
L1-L2-L3,177,114,54,1
L1-L2-L3,177,116,163,1
L1-L2-L3,177,119,113,1
L1-L2-L3,177,122,54,1
L1-L2-L3,177,123,24,1
L1-L2-L3,177,124,153,1
L1-L2-L3,177,128,52,1
L1-L2-L3,177,129,93,1
L1-L2-L3,177,133,118,1
L1-L2-L3,177,135,22,1
L1-L2-L3,177,146,224,1
L1-L2-L3,177,153,253,1
L1-L2-L3,177,156,217,1
L1-L2-L3,177,163,111,1
L1-L2-L3,177,165,115,1
L1-L2-L3,177,166,81,1
L1-L2-L3,177,170,170,1
L1-L2-L3,177,171,67,1
L1-L2-L3,177,174,126,1
L1-L2-L3,177,180,196,1
L1-L2-L3,177,183,245,1
L1-L2-L3,177,185,195,1
L1-L2-L3,177,186,252,1
L1-L2-L3,177,190,26,1
L1-L2-L3,177,191,172,1
L1-L2-L3,177,194,88,1
L1-L2-L3,177,198,49,1
L1-L2-L3,177,199,227,1
L1-L2-L3,177,200,243,1
L1-L2-L3,177,203,244,1
L1-L2-L3,177,206,90,1
L1-L2-L3,177,207,190,1
L1-L2-L3,177,209,60,1
L1-L2-L3,177,212,60,1
L1-L2-L3,177,213,67,1
L1-L2-L3,177,219,118,1
L1-L2-L3,177,221,165,1
L1-L2-L3,177,222,181,1
L1-L2-L3,177,223,198,1
L1-L2-L3,177,224,10,1
L1-L2-L3,177,226,209,1
L1-L2-L3,177,230,138,1
L1-L2-L3,177,231,21,1
L1-L2-L3,177,234,221,1
L1-L2-L3,177,235,138,1
L1-L2-L3,177,238,157,1
L1-L2-L3,177,239,130,1
L1-L2-L3,177,240,19,1
L1-L2-L3,177,241,84,1
L1-L2-L3,177,244,84,1
L1-L2-L3,177,247,248,1
L1-L2-L3,177,249,126,1
L1-L2-L3,177,251,202,1
L1-L2-L3,177,252,76,1
L1-L2-L3,177,255,78,1
L1-L2-L3,178,3,122,1
L1-L2-L3,178,4,221,1
L1-L2-L3,178,6,138,1
L1-L2-L3,178,10,205,1
L1-L2-L3,178,11,74,1
L1-L2-L3,178,13,125,1
L1-L2-L3,178,17,74,1
L1-L2-L3,178,21,209,1
L1-L2-L3,178,23,205,1
L1-L2-L3,178,25,205,1
L1-L2-L3,178,27,40,1
L1-L2-L3,178,29,112,1
L1-L2-L3,178,30,255,1
L1-L2-L3,178,31,26,1
L1-L2-L3,178,35,160,1
L1-L2-L3,178,39,118,1
L1-L2-L3,178,40,219,1
L1-L2-L3,178,42,26,1
L1-L2-L3,178,51,160,1
L1-L2-L3,178,52,116,1
L1-L2-L3,178,61,128,1
L1-L2-L3,178,62,48,1
L1-L2-L3,178,64,40,1
L1-L2-L3,178,65,202,1
L1-L2-L3,178,68,51,1
L1-L2-L3,178,71,29,1
L1-L2-L3,178,72,149,1
L1-L2-L3,178,73,86,1
L1-L2-L3,178,74,228,1
L1-L2-L3,178,77,125,1
L1-L2-L3,178,81,26,1
L1-L2-L3,178,82,28,1
L1-L2-L3,178,83,233,1
L1-L2-L3,178,85,54,1
L1-L2-L3,178,88,202,1
L1-L2-L3,178,91,202,1
L1-L2-L3,178,93,202,1
L1-L2-L3,178,94,43,1
L1-L2-L3,178,98,98,1
L1-L2-L3,178,102,172,1
L1-L2-L3,178,103,125,1
L1-L2-L3,178,106,58,1
L1-L2-L3,178,109,189,1
L1-L2-L3,178,113,137,1
L1-L2-L3,178,122,252,1
L1-L2-L3,178,123,16,1
L1-L2-L3,178,126,18,1
L1-L2-L3,178,129,239,1
L1-L2-L3,178,131,176,1
L1-L2-L3,178,132,206,1
L1-L2-L3,178,135,16,1
L1-L2-L3,178,136,138,1
L1-L2-L3,178,137,123,1
L1-L2-L3,178,138,240,1
L1-L2-L3,178,140,85,1
L1-L2-L3,178,141,125,1
L1-L2-L3,178,142,16,1
L1-L2-L3,178,146,178,1
L1-L2-L3,178,153,125,1
L1-L2-L3,178,154,113,1
L1-L2-L3,178,159,131,1
L1-L2-L3,178,160,183,1
L1-L2-L3,178,163,78,1
L1-L2-L3,178,166,114,1
L1-L2-L3,178,167,162,1
L1-L2-L3,178,170,214,1
L1-L2-L3,178,175,108,1
L1-L2-L3,178,177,120,1
L1-L2-L3,178,179,40,1
L1-L2-L3,178,183,167,1
L1-L2-L3,178,185,32,1
L1-L2-L3,178,187,162,1
L1-L2-L3,178,188,27,1
L1-L2-L3,178,189,19,1
L1-L2-L3,178,191,110,1
L1-L2-L3,178,194,199,1
L1-L2-L3,178,196,26,1
L1-L2-L3,178,199,12,1
L1-L2-L3,178,201,160,1
L1-L2-L3,178,203,108,1
L1-L2-L3,178,204,99,1
L1-L2-L3,178,207,17,1
L1-L2-L3,178,208,82,1
L1-L2-L3,178,209,40,1
L1-L2-L3,178,213,36,1
L1-L2-L3,178,214,22,1
L1-L2-L3,178,215,190,1
L1-L2-L3,178,216,239,1
L1-L2-L3,178,217,20,1
L1-L2-L3,178,218,107,1
L1-L2-L3,178,219,5,1
L1-L2-L3,178,224,178,1
L1-L2-L3,178,225,193,1
L1-L2-L3,178,226,131,1
L1-L2-L3,178,227,194,1
L1-L2-L3,178,228,202,1
L1-L2-L3,178,230,108,1
L1-L2-L3,178,232,125,1
L1-L2-L3,178,234,253,1
L1-L2-L3,178,236,26,1
L1-L2-L3,178,237,220,1
L1-L2-L3,178,242,13,1
L1-L2-L3,178,250,63,1
L1-L2-L3,178,251,40,1
L1-L2-L3,178,252,251,1
L1-L2-L3,178,254,67,1
L1-L2-L3,179,6,213,1
L1-L2-L3,179,7,96,1
L1-L2-L3,179,8,146,1
L1-L2-L3,179,10,30,1
L1-L2-L3,179,11,251,1
L1-L2-L3,179,18,170,1
L1-L2-L3,179,20,203,1
L1-L2-L3,179,28,213,1
L1-L2-L3,179,29,132,1
L1-L2-L3,179,33,147,1
L1-L2-L3,179,37,132,1
L1-L2-L3,179,38,21,1
L1-L2-L3,179,40,194,1
L1-L2-L3,179,41,8,1
L1-L2-L3,179,43,109,1
L1-L2-L3,179,49,218,1
L1-L2-L3,179,50,175,1
L1-L2-L3,179,52,94,1
L1-L2-L3,179,53,223,1
L1-L2-L3,179,65,134,1
L1-L2-L3,179,71,114,1
L1-L2-L3,179,74,185,1
L1-L2-L3,179,80,126,1
L1-L2-L3,179,82,178,1
L1-L2-L3,179,83,208,1
L1-L2-L3,179,85,241,1
L1-L2-L3,179,86,80,1
L1-L2-L3,179,87,241,1
L1-L2-L3,179,88,146,1
L1-L2-L3,179,90,104,1
L1-L2-L3,179,93,11,1
L1-L2-L3,179,106,12,1
L1-L2-L3,179,111,95,1
L1-L2-L3,179,112,185,1
L1-L2-L3,179,116,207,1
L1-L2-L3,179,120,254,1
L1-L2-L3,179,122,150,1
L1-L2-L3,179,123,161,1
L1-L2-L3,179,127,179,1
L1-L2-L3,179,131,50,1
L1-L2-L3,179,132,0,1
L1-L2-L3,179,135,184,1
L1-L2-L3,179,138,161,1
L1-L2-L3,179,139,64,1
L1-L2-L3,179,142,233,1
L1-L2-L3,179,144,103,1
L1-L2-L3,179,146,66,1
L1-L2-L3,179,147,242,1
L1-L2-L3,179,150,19,1
L1-L2-L3,179,153,58,1
L1-L2-L3,179,157,54,1
L1-L2-L3,179,160,125,1
L1-L2-L3,179,162,35,1
L1-L2-L3,179,164,66,1
L1-L2-L3,179,165,12,1
L1-L2-L3,179,166,154,1
L1-L2-L3,179,168,12,1
L1-L2-L3,179,169,213,1
L1-L2-L3,179,172,213,1
L1-L2-L3,179,173,27,1
L1-L2-L3,179,174,198,1
L1-L2-L3,179,175,71,1
L1-L2-L3,179,183,36,1
L1-L2-L3,179,188,80,1
L1-L2-L3,179,189,50,1
L1-L2-L3,179,190,192,1
L1-L2-L3,179,192,37,1
L1-L2-L3,179,195,20,1
L1-L2-L3,179,196,125,1
L1-L2-L3,179,197,87,1
L1-L2-L3,179,198,191,1
L1-L2-L3,179,199,212,1
L1-L2-L3,179,206,24,1
L1-L2-L3,179,207,103,1
L1-L2-L3,179,210,205,1
L1-L2-L3,179,212,185,1
L1-L2-L3,179,213,194,1
L1-L2-L3,179,214,164,1
L1-L2-L3,179,216,98,1
L1-L2-L3,179,217,88,1
L1-L2-L3,179,219,79,1
L1-L2-L3,179,223,208,1
L1-L2-L3,179,227,72,1
L1-L2-L3,179,228,28,1
L1-L2-L3,179,229,78,1
L1-L2-L3,179,231,224,1
L1-L2-L3,179,233,165,1
L1-L2-L3,179,234,57,1
L1-L2-L3,179,235,174,1
L1-L2-L3,179,236,71,1
L1-L2-L3,179,241,32,1
L1-L2-L3,179,242,161,1
L1-L2-L3,179,248,203,1
L1-L2-L3,179,251,147,1
L1-L2-L3,179,252,51,1
L1-L2-L3,179,254,12,1
L1-L2-L3,179,255,196,1
L1-L2-L3,180,0,84,1
L1-L2-L3,180,1,170,1
L1-L2-L3,180,2,33,1
L1-L2-L3,180,4,230,1
L1-L2-L3,180,6,58,1
L1-L2-L3,180,8,142,1
L1-L2-L3,180,10,91,1
L1-L2-L3,180,11,104,1
L1-L2-L3,180,13,157,1
L1-L2-L3,180,14,135,1
L1-L2-L3,180,15,54,1
L1-L2-L3,180,18,81,1
L1-L2-L3,180,20,197,1
L1-L2-L3,180,23,73,1
L1-L2-L3,180,25,196,1
L1-L2-L3,180,27,89,1
L1-L2-L3,180,28,90,1
L1-L2-L3,180,29,79,1
L1-L2-L3,180,31,245,1
L1-L2-L3,180,36,60,1
L1-L2-L3,180,37,67,1
L1-L2-L3,180,40,75,1
L1-L2-L3,180,41,99,1
L1-L2-L3,180,46,55,1
L1-L2-L3,180,47,145,1
L1-L2-L3,180,48,255,1
L1-L2-L3,180,50,55,1
L1-L2-L3,180,52,175,1
L1-L2-L3,180,54,188,1
L1-L2-L3,180,56,193,1
L1-L2-L3,180,57,170,1
L1-L2-L3,180,60,79,1
L1-L2-L3,180,62,207,1
L1-L2-L3,180,64,102,1
L1-L2-L3,180,65,37,1
L1-L2-L3,180,67,102,1
L1-L2-L3,180,69,250,1
L1-L2-L3,180,70,189,1
L1-L2-L3,180,74,142,1
L1-L2-L3,180,76,49,1
L1-L2-L3,180,78,54,1
L1-L2-L3,180,80,141,1
L1-L2-L3,180,82,75,1
L1-L2-L3,180,84,164,1
L1-L2-L3,180,89,5,1
L1-L2-L3,180,90,241,1
L1-L2-L3,180,92,255,1
L1-L2-L3,180,93,137,1
L1-L2-L3,180,94,22,1
L1-L2-L3,180,95,208,1
L1-L2-L3,180,98,51,1
L1-L2-L3,180,100,31,1
L1-L2-L3,180,104,142,1
L1-L2-L3,180,105,66,1
L1-L2-L3,180,107,66,1
L1-L2-L3,180,109,67,1
L1-L2-L3,180,110,9,1
L1-L2-L3,180,111,163,1
L1-L2-L3,180,112,193,1
L1-L2-L3,180,114,73,1
L1-L2-L3,180,117,208,1
L1-L2-L3,180,119,36,1
L1-L2-L3,180,120,110,1
L1-L2-L3,180,123,210,1
L1-L2-L3,180,129,13,1
L1-L2-L3,180,133,0,1
L1-L2-L3,180,134,200,1
L1-L2-L3,180,137,37,1
L1-L2-L3,180,145,123,1
L1-L2-L3,180,147,124,1
L1-L2-L3,180,151,155,1
L1-L2-L3,180,153,204,1
L1-L2-L3,180,157,199,1
L1-L2-L3,180,158,93,1
L1-L2-L3,180,160,120,1
L1-L2-L3,180,162,22,1
L1-L2-L3,180,166,79,1
L1-L2-L3,180,172,246,1
L1-L2-L3,180,174,185,1
L1-L2-L3,180,175,185,1
L1-L2-L3,180,178,92,1
L1-L2-L3,180,179,208,1
L1-L2-L3,180,180,129,1
L1-L2-L3,180,181,113,1
L1-L2-L3,180,184,244,1
L1-L2-L3,180,188,200,1
L1-L2-L3,180,190,149,1
L1-L2-L3,180,191,255,1
L1-L2-L3,180,195,227,1
L1-L2-L3,180,197,179,1
L1-L2-L3,180,198,100,1
L1-L2-L3,180,201,151,1
L1-L2-L3,180,202,146,1
L1-L2-L3,180,203,111,1
L1-L2-L3,180,204,53,1
L1-L2-L3,180,205,0,1
L1-L2-L3,180,206,168,1
L1-L2-L3,180,208,230,1
L1-L2-L3,180,210,105,1
L1-L2-L3,180,211,55,1
L1-L2-L3,180,212,88,1
L1-L2-L3,180,216,81,1
L1-L2-L3,180,217,167,1
L1-L2-L3,180,218,221,1
L1-L2-L3,180,220,32,1
L1-L2-L3,180,222,179,1
L1-L2-L3,180,224,153,1
L1-L2-L3,180,225,105,1
L1-L2-L3,180,229,42,1
L1-L2-L3,180,230,59,1
L1-L2-L3,180,232,58,1
L1-L2-L3,180,234,252,1
L1-L2-L3,180,235,140,1
L1-L2-L3,180,236,131,1
L1-L2-L3,180,238,64,1
L1-L2-L3,180,239,224,1
L1-L2-L3,180,244,232,1
L1-L2-L3,180,245,1,1
L1-L2-L3,180,246,0,1
L1-L2-L3,180,247,163,1
L1-L2-L3,180,250,147,1
L1-L2-L3,180,254,233,1
L1-L2-L3,181,0,163,1
L1-L2-L3,181,3,238,1
L1-L2-L3,181,9,190,1
L1-L2-L3,181,11,142,1
L1-L2-L3,181,12,85,1
L1-L2-L3,181,14,163,1
L1-L2-L3,181,17,48,1
L1-L2-L3,181,18,230,1
L1-L2-L3,181,20,81,1
L1-L2-L3,181,21,68,1
L1-L2-L3,181,22,232,1
L1-L2-L3,181,27,120,1
L1-L2-L3,181,34,121,1
L1-L2-L3,181,37,246,1
L1-L2-L3,181,38,109,1
L1-L2-L3,181,42,233,1
L1-L2-L3,181,45,92,1
L1-L2-L3,181,46,174,1
L1-L2-L3,181,50,40,1
L1-L2-L3,181,53,203,1
L1-L2-L3,181,55,41,1
L1-L2-L3,181,56,192,1
L1-L2-L3,181,59,18,1
L1-L2-L3,181,64,15,1
L1-L2-L3,181,65,90,1
L1-L2-L3,181,73,94,1
L1-L2-L3,181,76,66,1
L1-L2-L3,181,77,185,1
L1-L2-L3,181,81,39,1
L1-L2-L3,181,85,105,1
L1-L2-L3,181,90,63,1
L1-L2-L3,181,91,147,1
L1-L2-L3,181,96,247,1
L1-L2-L3,181,97,20,1
L1-L2-L3,181,99,163,1
L1-L2-L3,181,101,55,1
L1-L2-L3,181,102,65,1
L1-L2-L3,181,112,192,1
L1-L2-L3,181,113,37,1
L1-L2-L3,181,115,47,1
L1-L2-L3,181,117,33,1
L1-L2-L3,181,120,220,1
L1-L2-L3,181,122,108,1
L1-L2-L3,181,123,35,1
L1-L2-L3,181,124,85,1
L1-L2-L3,181,127,214,1
L1-L2-L3,181,130,222,1
L1-L2-L3,181,131,200,1
L1-L2-L3,181,132,65,1
L1-L2-L3,181,137,76,1
L1-L2-L3,181,139,241,1
L1-L2-L3,181,143,48,1
L1-L2-L3,181,145,140,1
L1-L2-L3,181,146,45,1
L1-L2-L3,181,149,91,1
L1-L2-L3,181,150,236,1
L1-L2-L3,181,151,116,1
L1-L2-L3,181,153,68,1
L1-L2-L3,181,154,72,1
L1-L2-L3,181,157,56,1
L1-L2-L3,181,158,214,1
L1-L2-L3,181,163,186,1
L1-L2-L3,181,164,211,1
L1-L2-L3,181,165,216,1
L1-L2-L3,181,166,171,1
L1-L2-L3,181,167,213,1
L1-L2-L3,181,168,131,1
L1-L2-L3,181,169,41,1
L1-L2-L3,181,170,88,1
L1-L2-L3,181,171,45,1
L1-L2-L3,181,180,19,1
L1-L2-L3,181,182,238,1
L1-L2-L3,181,187,60,1
L1-L2-L3,181,188,149,1
L1-L2-L3,181,191,230,1
L1-L2-L3,181,193,86,1
L1-L2-L3,181,195,222,1
L1-L2-L3,181,197,163,1
L1-L2-L3,181,198,111,1
L1-L2-L3,181,200,6,1
L1-L2-L3,181,212,191,1
L1-L2-L3,181,213,248,1
L1-L2-L3,181,214,47,1
L1-L2-L3,181,218,212,1
L1-L2-L3,181,219,109,1
L1-L2-L3,181,223,221,1
L1-L2-L3,181,224,251,1
L1-L2-L3,181,225,227,1
L1-L2-L3,181,226,28,1
L1-L2-L3,181,229,41,1
L1-L2-L3,181,230,75,1
L1-L2-L3,181,231,184,1
L1-L2-L3,181,233,238,1
L1-L2-L3,181,237,47,1
L1-L2-L3,181,238,180,1
L1-L2-L3,181,239,167,1
L1-L2-L3,181,242,16,1
L1-L2-L3,181,243,247,1
L1-L2-L3,181,244,33,1
L1-L2-L3,181,247,37,1
L1-L2-L3,181,250,140,1
L1-L2-L3,182,2,111,1
L1-L2-L3,182,4,191,1
L1-L2-L3,182,9,233,1
L1-L2-L3,182,10,220,1
L1-L2-L3,182,12,19,1
L1-L2-L3,182,13,106,1
L1-L2-L3,182,15,20,1
L1-L2-L3,182,21,37,1
L1-L2-L3,182,26,196,1
L1-L2-L3,182,29,243,1
L1-L2-L3,182,33,78,1
L1-L2-L3,182,34,215,1
L1-L2-L3,182,38,191,1
L1-L2-L3,182,39,112,1
L1-L2-L3,182,43,47,1
L1-L2-L3,182,44,13,1
L1-L2-L3,182,45,105,1
L1-L2-L3,182,46,71,1
L1-L2-L3,182,49,152,1
L1-L2-L3,182,50,223,1
L1-L2-L3,182,51,62,1
L1-L2-L3,182,52,170,1
L1-L2-L3,182,53,164,1
L1-L2-L3,182,56,83,1
L1-L2-L3,182,60,151,1
L1-L2-L3,182,61,83,1
L1-L2-L3,182,64,101,1
L1-L2-L3,182,66,194,1
L1-L2-L3,182,68,155,1
L1-L2-L3,182,69,119,1
L1-L2-L3,182,71,141,1
L1-L2-L3,182,74,210,1
L1-L2-L3,182,76,218,1
L1-L2-L3,182,78,73,1
L1-L2-L3,182,79,95,1
L1-L2-L3,182,81,203,1
L1-L2-L3,182,83,122,1
L1-L2-L3,182,86,205,1
L1-L2-L3,182,87,47,1
L1-L2-L3,182,98,101,1
L1-L2-L3,182,99,119,1
L1-L2-L3,182,100,10,1
L1-L2-L3,182,103,44,1
L1-L2-L3,182,104,24,1
L1-L2-L3,182,106,130,1
L1-L2-L3,182,108,114,1
L1-L2-L3,182,110,203,1
L1-L2-L3,182,114,152,1
L1-L2-L3,182,116,34,1
L1-L2-L3,182,117,106,1
L1-L2-L3,182,125,223,1
L1-L2-L3,182,126,135,1
L1-L2-L3,182,127,11,1
L1-L2-L3,182,132,216,1
L1-L2-L3,182,136,122,1
L1-L2-L3,182,138,44,1
L1-L2-L3,182,139,120,1
L1-L2-L3,182,146,139,1
L1-L2-L3,182,148,123,1
L1-L2-L3,182,150,114,1
L1-L2-L3,182,151,112,1
L1-L2-L3,182,152,136,1
L1-L2-L3,182,154,43,1
L1-L2-L3,182,156,188,1
L1-L2-L3,182,160,155,1
L1-L2-L3,182,165,53,1
L1-L2-L3,182,167,81,1
L1-L2-L3,182,169,219,1
L1-L2-L3,182,172,209,1
L1-L2-L3,182,175,179,1
L1-L2-L3,182,177,248,1
L1-L2-L3,182,180,193,1
L1-L2-L3,182,182,87,1
L1-L2-L3,182,186,133,1
L1-L2-L3,182,187,117,1
L1-L2-L3,182,190,138,1
L1-L2-L3,182,193,79,1
L1-L2-L3,182,195,238,1
L1-L2-L3,182,197,205,1
L1-L2-L3,182,199,238,1
L1-L2-L3,182,201,33,1
L1-L2-L3,182,205,120,1
L1-L2-L3,182,209,50,1
L1-L2-L3,182,211,24,1
L1-L2-L3,182,213,255,1
L1-L2-L3,182,215,45,1
L1-L2-L3,182,216,106,1
L1-L2-L3,182,219,177,1
L1-L2-L3,182,220,220,1
L1-L2-L3,182,221,160,1
L1-L2-L3,182,230,163,1
L1-L2-L3,182,233,123,1
L1-L2-L3,182,234,104,1
L1-L2-L3,182,236,111,1
L1-L2-L3,182,237,29,1
L1-L2-L3,182,241,10,1
L1-L2-L3,182,242,177,1
L1-L2-L3,182,244,207,1
L1-L2-L3,182,246,66,1
L1-L2-L3,182,247,71,1
L1-L2-L3,182,249,210,1
L1-L2-L3,182,250,248,1
L1-L2-L3,182,251,81,1
L1-L2-L3,182,252,14,1
L1-L2-L3,182,255,152,1
L1-L2-L3,183,0,140,1
L1-L2-L3,183,1,4,1
L1-L2-L3,183,4,66,1
L1-L2-L3,183,5,180,1
L1-L2-L3,183,13,186,1
L1-L2-L3,183,15,17,1
L1-L2-L3,183,31,89,1
L1-L2-L3,183,39,146,1
L1-L2-L3,183,43,92,1
L1-L2-L3,183,54,147,1
L1-L2-L3,183,55,242,1
L1-L2-L3,183,56,183,1
L1-L2-L3,183,59,242,1
L1-L2-L3,183,67,142,1
L1-L2-L3,183,68,95,1
L1-L2-L3,183,70,242,1
L1-L2-L3,183,74,70,1
L1-L2-L3,183,79,56,1
L1-L2-L3,183,80,1,1
L1-L2-L3,183,83,67,1
L1-L2-L3,183,86,183,1
L1-L2-L3,183,89,38,1
L1-L2-L3,183,90,224,1
L1-L2-L3,183,96,250,1
L1-L2-L3,183,97,204,1
L1-L2-L3,183,103,252,1
L1-L2-L3,183,110,108,1
L1-L2-L3,183,114,0,1
L1-L2-L3,183,115,20,1
L1-L2-L3,183,116,214,1
L1-L2-L3,183,118,185,1
L1-L2-L3,183,120,35,1
L1-L2-L3,183,122,230,1
L1-L2-L3,183,127,69,1
L1-L2-L3,183,132,50,1
L1-L2-L3,183,133,71,1
L1-L2-L3,183,134,106,1
L1-L2-L3,183,136,206,1
L1-L2-L3,183,138,106,1
L1-L2-L3,183,140,245,1
L1-L2-L3,183,143,249,1
L1-L2-L3,183,149,186,1
L1-L2-L3,183,151,27,1
L1-L2-L3,183,157,83,1
L1-L2-L3,183,158,81,1
L1-L2-L3,183,169,69,1
L1-L2-L3,183,170,79,1
L1-L2-L3,183,173,46,1
L1-L2-L3,183,174,161,1
L1-L2-L3,183,176,10,1
L1-L2-L3,183,192,95,1
L1-L2-L3,183,194,92,1
L1-L2-L3,183,198,162,1
L1-L2-L3,183,200,194,1
L1-L2-L3,183,205,64,1
L1-L2-L3,183,210,102,1
L1-L2-L3,183,211,231,1
L1-L2-L3,183,212,207,1
L1-L2-L3,183,213,244,1
L1-L2-L3,183,214,95,1
L1-L2-L3,183,215,174,1
L1-L2-L3,183,216,82,1
L1-L2-L3,183,218,222,1
L1-L2-L3,183,219,234,1
L1-L2-L3,183,220,96,1
L1-L2-L3,183,222,9,1
L1-L2-L3,183,225,77,1
L1-L2-L3,183,232,186,1
L1-L2-L3,183,236,242,1
L1-L2-L3,183,237,203,1
L1-L2-L3,183,238,32,1
L1-L2-L3,183,239,223,1
L1-L2-L3,183,240,77,1
L1-L2-L3,183,241,168,1
L1-L2-L3,183,245,200,1
L1-L2-L3,183,247,176,1
L1-L2-L3,183,250,242,1
L1-L2-L3,183,251,146,1
L1-L2-L3,184,0,6,1
L1-L2-L3,184,4,19,1
L1-L2-L3,184,5,221,1
L1-L2-L3,184,9,17,1
L1-L2-L3,184,13,5,1
L1-L2-L3,184,17,130,1
L1-L2-L3,184,18,130,1
L1-L2-L3,184,20,224,1
L1-L2-L3,184,21,226,1
L1-L2-L3,184,22,90,1
L1-L2-L3,184,25,221,1
L1-L2-L3,184,27,113,1
L1-L2-L3,184,29,87,1
L1-L2-L3,184,33,14,1
L1-L2-L3,184,35,118,1
L1-L2-L3,184,37,215,1
L1-L2-L3,184,38,108,1
L1-L2-L3,184,39,161,1
L1-L2-L3,184,41,203,1
L1-L2-L3,184,47,244,1
L1-L2-L3,184,49,195,1
L1-L2-L3,184,56,26,1
L1-L2-L3,184,57,62,1
L1-L2-L3,184,60,41,1
L1-L2-L3,184,65,130,1
L1-L2-L3,184,69,84,1
L1-L2-L3,184,72,240,1
L1-L2-L3,184,74,202,1
L1-L2-L3,184,75,105,1
L1-L2-L3,184,76,140,1
L1-L2-L3,184,88,237,1
L1-L2-L3,184,90,215,1
L1-L2-L3,184,92,69,1
L1-L2-L3,184,98,121,1
L1-L2-L3,184,103,249,1
L1-L2-L3,184,104,26,1
L1-L2-L3,184,106,119,1
L1-L2-L3,184,108,181,1
L1-L2-L3,184,109,66,1
L1-L2-L3,184,110,151,1
L1-L2-L3,184,111,64,1
L1-L2-L3,184,112,200,1
L1-L2-L3,184,114,181,1
L1-L2-L3,184,115,183,1
L1-L2-L3,184,116,104,1
L1-L2-L3,184,121,23,1
L1-L2-L3,184,125,119,1
L1-L2-L3,184,127,191,1
L1-L2-L3,184,129,92,1
L1-L2-L3,184,131,135,1
L1-L2-L3,184,132,60,1
L1-L2-L3,184,135,215,1
L1-L2-L3,184,138,152,1
L1-L2-L3,184,141,66,1
L1-L2-L3,184,143,146,1
L1-L2-L3,184,144,25,1
L1-L2-L3,184,150,238,1
L1-L2-L3,184,152,243,1
L1-L2-L3,184,153,212,1
L1-L2-L3,184,156,100,1
L1-L2-L3,184,158,170,1
L1-L2-L3,184,159,151,1
L1-L2-L3,184,166,51,1
L1-L2-L3,184,171,209,1
L1-L2-L3,184,173,200,1
L1-L2-L3,184,174,52,1
L1-L2-L3,184,177,182,1
L1-L2-L3,184,180,123,1
L1-L2-L3,184,182,19,1
L1-L2-L3,184,183,238,1
L1-L2-L3,184,186,4,1
L1-L2-L3,184,187,153,1
L1-L2-L3,184,190,158,1
L1-L2-L3,184,191,41,1
L1-L2-L3,184,192,112,1
L1-L2-L3,184,196,87,1
L1-L2-L3,184,203,169,1
L1-L2-L3,184,205,197,1
L1-L2-L3,184,206,118,1
L1-L2-L3,184,208,244,1
L1-L2-L3,184,209,19,1
L1-L2-L3,184,215,238,1
L1-L2-L3,184,216,124,1
L1-L2-L3,184,219,52,1
L1-L2-L3,184,221,59,1
L1-L2-L3,184,225,130,1
L1-L2-L3,184,227,209,1
L1-L2-L3,184,231,79,1
L1-L2-L3,184,232,217,1
L1-L2-L3,184,237,126,1
L1-L2-L3,184,239,54,1
L1-L2-L3,184,244,93,1
L1-L2-L3,184,246,199,1
L1-L2-L3,184,252,130,1
L1-L2-L3,184,253,163,1
L1-L2-L3,184,254,100,1
L1-L2-L3,185,1,65,1
L1-L2-L3,185,2,132,1
L1-L2-L3,185,5,104,1
L1-L2-L3,185,7,26,1
L1-L2-L3,185,8,33,1
L1-L2-L3,185,12,177,1
L1-L2-L3,185,13,84,1
L1-L2-L3,185,14,183,1
L1-L2-L3,185,22,204,1
L1-L2-L3,185,23,117,1
L1-L2-L3,185,24,130,1
L1-L2-L3,185,31,48,1
L1-L2-L3,185,35,109,1
L1-L2-L3,185,36,54,1
L1-L2-L3,185,40,63,1
L1-L2-L3,185,49,38,1
L1-L2-L3,185,50,99,1
L1-L2-L3,185,53,241,1
L1-L2-L3,185,56,59,1
L1-L2-L3,185,62,213,1
L1-L2-L3,185,65,60,1
L1-L2-L3,185,67,131,1
L1-L2-L3,185,72,121,1
L1-L2-L3,185,74,122,1
L1-L2-L3,185,82,245,1
L1-L2-L3,185,92,160,1
L1-L2-L3,185,100,88,1
L1-L2-L3,185,102,212,1
L1-L2-L3,185,103,215,1
L1-L2-L3,185,111,60,1
L1-L2-L3,185,113,245,1
L1-L2-L3,185,115,60,1
L1-L2-L3,185,116,244,1
L1-L2-L3,185,118,59,1
L1-L2-L3,185,119,195,1
L1-L2-L3,185,123,180,1
L1-L2-L3,185,127,159,1
L1-L2-L3,185,128,35,1
L1-L2-L3,185,129,122,1
L1-L2-L3,185,132,211,1
L1-L2-L3,185,134,15,1
L1-L2-L3,185,135,92,1
L1-L2-L3,185,136,134,1
L1-L2-L3,185,140,168,1
L1-L2-L3,185,144,250,1
L1-L2-L3,185,148,138,1
L1-L2-L3,185,149,52,1
L1-L2-L3,185,151,58,1
L1-L2-L3,185,152,229,1
L1-L2-L3,185,153,4,1
L1-L2-L3,185,161,12,1
L1-L2-L3,185,162,106,1
L1-L2-L3,185,163,6,1
L1-L2-L3,185,174,137,1
L1-L2-L3,185,176,156,1
L1-L2-L3,185,177,244,1
L1-L2-L3,185,178,132,1
L1-L2-L3,185,179,204,1
L1-L2-L3,185,181,167,1
L1-L2-L3,185,183,1,1
L1-L2-L3,185,189,222,1
L1-L2-L3,185,191,195,1
L1-L2-L3,185,192,122,1
L1-L2-L3,185,193,36,1
L1-L2-L3,185,194,119,1
L1-L2-L3,185,195,188,1
L1-L2-L3,185,196,230,1
L1-L2-L3,185,197,15,1
L1-L2-L3,185,198,28,1
L1-L2-L3,185,199,82,1
L1-L2-L3,185,201,187,1
L1-L2-L3,185,202,18,1
L1-L2-L3,185,203,250,1
L1-L2-L3,185,207,236,1
L1-L2-L3,185,211,159,1
L1-L2-L3,185,216,42,1
L1-L2-L3,185,221,50,1
L1-L2-L3,185,222,163,1
L1-L2-L3,185,225,222,1
L1-L2-L3,185,227,86,1
L1-L2-L3,185,231,223,1
L1-L2-L3,185,233,143,1
L1-L2-L3,185,234,174,1
L1-L2-L3,185,236,145,1
L1-L2-L3,185,238,26,1
L1-L2-L3,185,239,154,1
L1-L2-L3,185,240,132,1
L1-L2-L3,185,242,245,1
L1-L2-L3,185,246,201,1
L1-L2-L3,185,247,207,1
L1-L2-L3,185,248,174,1
L1-L2-L3,185,249,35,1
L1-L2-L3,185,251,191,1
L1-L2-L3,185,252,212,1
L1-L2-L3,185,253,1,1
L1-L2-L3,186,4,123,1
L1-L2-L3,186,6,21,1
L1-L2-L3,186,8,156,1
L1-L2-L3,186,12,221,1
L1-L2-L3,186,13,113,1
L1-L2-L3,186,14,65,1
L1-L2-L3,186,16,139,1
L1-L2-L3,186,18,252,1
L1-L2-L3,186,19,184,1
L1-L2-L3,186,22,40,1
L1-L2-L3,186,23,138,1
L1-L2-L3,186,30,228,1
L1-L2-L3,186,31,96,1
L1-L2-L3,186,38,110,1
L1-L2-L3,186,42,48,1
L1-L2-L3,186,43,40,1
L1-L2-L3,186,50,96,1
L1-L2-L3,186,56,40,1
L1-L2-L3,186,62,51,1
L1-L2-L3,186,64,55,1
L1-L2-L3,186,73,35,1
L1-L2-L3,186,79,70,1
L1-L2-L3,186,81,228,1
L1-L2-L3,186,83,27,1
L1-L2-L3,186,84,241,1
L1-L2-L3,186,87,160,1
L1-L2-L3,186,88,168,1
L1-L2-L3,186,97,38,1
L1-L2-L3,186,99,157,1
L1-L2-L3,186,104,149,1
L1-L2-L3,186,106,34,1
L1-L2-L3,186,107,9,1
L1-L2-L3,186,108,94,1
L1-L2-L3,186,110,56,1
L1-L2-L3,186,112,246,1
L1-L2-L3,186,114,216,1
L1-L2-L3,186,117,29,1
L1-L2-L3,186,118,118,1
L1-L2-L3,186,121,141,1
L1-L2-L3,186,124,5,1
L1-L2-L3,186,128,62,1
L1-L2-L3,186,131,97,1
L1-L2-L3,186,132,75,1
L1-L2-L3,186,136,10,1
L1-L2-L3,186,137,255,1
L1-L2-L3,186,140,78,1
L1-L2-L3,186,141,83,1
L1-L2-L3,186,144,70,1
L1-L2-L3,186,145,92,1
L1-L2-L3,186,146,92,1
L1-L2-L3,186,151,16,1
L1-L2-L3,186,153,190,1
L1-L2-L3,186,156,47,1
L1-L2-L3,186,161,117,1
L1-L2-L3,186,165,77,1
L1-L2-L3,186,167,146,1
L1-L2-L3,186,168,96,1
L1-L2-L3,186,169,242,1
L1-L2-L3,186,174,241,1
L1-L2-L3,186,177,158,1
L1-L2-L3,186,178,226,1
L1-L2-L3,186,181,192,1
L1-L2-L3,186,182,104,1
L1-L2-L3,186,186,90,1
L1-L2-L3,186,187,244,1
L1-L2-L3,186,189,221,1
L1-L2-L3,186,190,216,1
L1-L2-L3,186,191,160,1
L1-L2-L3,186,193,254,1
L1-L2-L3,186,194,158,1
L1-L2-L3,186,195,177,1
L1-L2-L3,186,196,110,1
L1-L2-L3,186,198,235,1
L1-L2-L3,186,207,42,1
L1-L2-L3,186,209,186,1
L1-L2-L3,186,212,90,1
L1-L2-L3,186,215,159,1
L1-L2-L3,186,217,213,1
L1-L2-L3,186,218,183,1
L1-L2-L3,186,221,32,1
L1-L2-L3,186,222,86,1
L1-L2-L3,186,225,239,1
L1-L2-L3,186,226,198,1
L1-L2-L3,186,229,3,1
L1-L2-L3,186,230,175,1
L1-L2-L3,186,236,168,1
L1-L2-L3,186,241,17,1
L1-L2-L3,186,246,27,1
L1-L2-L3,186,247,209,1
L1-L2-L3,186,248,92,1
L1-L2-L3,186,249,96,1
L1-L2-L3,186,255,177,1
L1-L2-L3,187,8,138,1
L1-L2-L3,187,9,232,1
L1-L2-L3,187,11,207,1
L1-L2-L3,187,15,55,1
L1-L2-L3,187,23,22,1
L1-L2-L3,187,24,58,1
L1-L2-L3,187,26,34,1
L1-L2-L3,187,28,19,1
L1-L2-L3,187,31,132,1
L1-L2-L3,187,32,173,1
L1-L2-L3,187,36,214,1
L1-L2-L3,187,37,134,1
L1-L2-L3,187,38,145,1
L1-L2-L3,187,42,227,1
L1-L2-L3,187,43,15,1
L1-L2-L3,187,49,243,1
L1-L2-L3,187,55,94,1
L1-L2-L3,187,56,165,1
L1-L2-L3,187,57,44,1
L1-L2-L3,187,58,136,1
L1-L2-L3,187,59,61,1
L1-L2-L3,187,60,170,1
L1-L2-L3,187,62,156,1
L1-L2-L3,187,69,104,1
L1-L2-L3,187,70,90,1
L1-L2-L3,187,71,21,1
L1-L2-L3,187,77,94,1
L1-L2-L3,187,78,240,1
L1-L2-L3,187,82,38,1
L1-L2-L3,187,90,1,1
L1-L2-L3,187,91,52,1
L1-L2-L3,187,93,87,1
L1-L2-L3,187,95,12,1
L1-L2-L3,187,98,54,1
L1-L2-L3,187,102,192,1
L1-L2-L3,187,103,212,1
L1-L2-L3,187,108,100,1
L1-L2-L3,187,109,52,1
L1-L2-L3,187,111,210,1
L1-L2-L3,187,113,149,1
L1-L2-L3,187,117,38,1
L1-L2-L3,187,118,15,1
L1-L2-L3,187,119,92,1
L1-L2-L3,187,123,232,1
L1-L2-L3,187,124,156,1
L1-L2-L3,187,125,249,1
L1-L2-L3,187,126,153,1
L1-L2-L3,187,135,59,1
L1-L2-L3,187,137,220,1
L1-L2-L3,187,138,183,1
L1-L2-L3,187,139,232,1
L1-L2-L3,187,142,193,1
L1-L2-L3,187,143,68,1
L1-L2-L3,187,148,134,1
L1-L2-L3,187,149,87,1
L1-L2-L3,187,154,84,1
L1-L2-L3,187,159,56,1
L1-L2-L3,187,160,112,1
L1-L2-L3,187,166,158,1
L1-L2-L3,187,168,145,1
L1-L2-L3,187,169,55,1
L1-L2-L3,187,172,144,1
L1-L2-L3,187,175,96,1
L1-L2-L3,187,176,191,1
L1-L2-L3,187,177,187,1
L1-L2-L3,187,180,10,1
L1-L2-L3,187,181,136,1
L1-L2-L3,187,182,97,1
L1-L2-L3,187,183,151,1
L1-L2-L3,187,191,244,1
L1-L2-L3,187,192,161,1
L1-L2-L3,187,195,94,1
L1-L2-L3,187,196,98,1
L1-L2-L3,187,198,126,1
L1-L2-L3,187,200,221,1
L1-L2-L3,187,203,67,1
L1-L2-L3,187,205,144,1
L1-L2-L3,187,206,80,1
L1-L2-L3,187,208,83,1
L1-L2-L3,187,213,90,1
L1-L2-L3,187,215,181,1
L1-L2-L3,187,220,81,1
L1-L2-L3,187,225,30,1
L1-L2-L3,187,227,120,1
L1-L2-L3,187,234,43,1
L1-L2-L3,187,235,71,1
L1-L2-L3,187,238,204,1
L1-L2-L3,187,239,127,1
L1-L2-L3,187,241,104,1
L1-L2-L3,187,244,79,1
L1-L2-L3,187,245,109,1
L1-L2-L3,187,253,22,1
L1-L2-L3,187,254,247,1
L1-L2-L3,188,0,27,1
L1-L2-L3,188,1,148,1
L1-L2-L3,188,4,37,1
L1-L2-L3,188,7,120,1
L1-L2-L3,188,8,76,1
L1-L2-L3,188,9,55,1
L1-L2-L3,188,16,195,1
L1-L2-L3,188,17,207,1
L1-L2-L3,188,19,176,1
L1-L2-L3,188,21,3,1
L1-L2-L3,188,23,3,1
L1-L2-L3,188,24,73,1
L1-L2-L3,188,27,255,1
L1-L2-L3,188,28,66,1
L1-L2-L3,188,31,201,1
L1-L2-L3,188,32,167,1
L1-L2-L3,188,34,68,1
L1-L2-L3,188,35,210,1
L1-L2-L3,188,46,181,1
L1-L2-L3,188,48,80,1
L1-L2-L3,188,52,137,1
L1-L2-L3,188,55,54,1
L1-L2-L3,188,62,152,1
L1-L2-L3,188,65,3,1
L1-L2-L3,188,67,124,1
L1-L2-L3,188,68,233,1
L1-L2-L3,188,70,20,1
L1-L2-L3,188,73,60,1
L1-L2-L3,188,74,191,1
L1-L2-L3,188,76,76,1
L1-L2-L3,188,77,68,1
L1-L2-L3,188,78,153,1
L1-L2-L3,188,80,127,1
L1-L2-L3,188,83,25,1
L1-L2-L3,188,84,52,1
L1-L2-L3,188,86,129,1
L1-L2-L3,188,88,167,1
L1-L2-L3,188,89,100,1
L1-L2-L3,188,91,182,1
L1-L2-L3,188,96,23,1
L1-L2-L3,188,98,35,1
L1-L2-L3,188,100,23,1
L1-L2-L3,188,103,238,1
L1-L2-L3,188,105,208,1
L1-L2-L3,188,110,6,1
L1-L2-L3,188,113,193,1
L1-L2-L3,188,118,84,1
L1-L2-L3,188,119,171,1
L1-L2-L3,188,120,17,1
L1-L2-L3,188,125,245,1
L1-L2-L3,188,131,197,1
L1-L2-L3,188,148,229,1
L1-L2-L3,188,149,36,1
L1-L2-L3,188,153,7,1
L1-L2-L3,188,155,26,1
L1-L2-L3,188,156,49,1
L1-L2-L3,188,157,243,1
L1-L2-L3,188,159,110,1
L1-L2-L3,188,160,123,1
L1-L2-L3,188,162,217,1
L1-L2-L3,188,166,99,1
L1-L2-L3,188,168,149,1
L1-L2-L3,188,170,229,1
L1-L2-L3,188,172,121,1
L1-L2-L3,188,174,55,1
L1-L2-L3,188,176,238,1
L1-L2-L3,188,180,178,1
L1-L2-L3,188,181,84,1
L1-L2-L3,188,184,84,1
L1-L2-L3,188,190,135,1
L1-L2-L3,188,192,132,1
L1-L2-L3,188,193,88,1
L1-L2-L3,188,196,245,1
L1-L2-L3,188,197,76,1
L1-L2-L3,188,198,59,1
L1-L2-L3,188,200,36,1
L1-L2-L3,188,202,14,1
L1-L2-L3,188,203,100,1
L1-L2-L3,188,204,48,1
L1-L2-L3,188,208,36,1
L1-L2-L3,188,209,6,1
L1-L2-L3,188,210,128,1
L1-L2-L3,188,211,14,1
L1-L2-L3,188,213,223,1
L1-L2-L3,188,214,199,1
L1-L2-L3,188,216,113,1
L1-L2-L3,188,218,81,1
L1-L2-L3,188,219,245,1
L1-L2-L3,188,220,232,1
L1-L2-L3,188,221,171,1
L1-L2-L3,188,222,172,1
L1-L2-L3,188,223,234,1
L1-L2-L3,188,226,234,1
L1-L2-L3,188,227,245,1
L1-L2-L3,188,231,66,1
L1-L2-L3,188,243,151,1
L1-L2-L3,188,246,226,1
L1-L2-L3,188,250,167,1
L1-L2-L3,188,251,62,1
L1-L2-L3,188,252,225,1
L1-L2-L3,188,254,80,1
L1-L2-L3,188,255,66,1
L1-L2-L3,189,0,177,1
L1-L2-L3,189,8,58,1
L1-L2-L3,189,10,88,1
L1-L2-L3,189,19,241,1
L1-L2-L3,189,21,63,1
L1-L2-L3,189,34,174,1
L1-L2-L3,189,35,229,1
L1-L2-L3,189,37,144,1
L1-L2-L3,189,38,241,1
L1-L2-L3,189,41,138,1
L1-L2-L3,189,42,139,1
L1-L2-L3,189,45,35,1
L1-L2-L3,189,46,81,1
L1-L2-L3,189,48,40,1
L1-L2-L3,189,54,51,1
L1-L2-L3,189,57,236,1
L1-L2-L3,189,62,248,1
L1-L2-L3,189,64,92,1
L1-L2-L3,189,66,149,1
L1-L2-L3,189,70,214,1
L1-L2-L3,189,71,8,1
L1-L2-L3,189,73,1,1
L1-L2-L3,189,76,228,1
L1-L2-L3,189,77,229,1
L1-L2-L3,189,78,38,1
L1-L2-L3,189,80,81,1
L1-L2-L3,189,84,64,1
L1-L2-L3,189,88,176,1
L1-L2-L3,189,91,183,1
L1-L2-L3,189,93,71,1
L1-L2-L3,189,94,156,1
L1-L2-L3,189,95,228,1
L1-L2-L3,189,100,202,1
L1-L2-L3,189,102,194,1
L1-L2-L3,189,106,45,1
L1-L2-L3,189,107,17,1
L1-L2-L3,189,110,66,1
L1-L2-L3,189,111,55,1
L1-L2-L3,189,113,48,1
L1-L2-L3,189,115,105,1
L1-L2-L3,189,120,95,1
L1-L2-L3,189,121,121,1
L1-L2-L3,189,125,63,1
L1-L2-L3,189,127,92,1
L1-L2-L3,189,128,55,1
L1-L2-L3,189,129,108,1
L1-L2-L3,189,130,253,1
L1-L2-L3,189,131,40,1
L1-L2-L3,189,136,244,1
L1-L2-L3,189,138,253,1
L1-L2-L3,189,143,35,1
L1-L2-L3,189,144,82,1
L1-L2-L3,189,147,128,1
L1-L2-L3,189,149,50,1
L1-L2-L3,189,150,155,1
L1-L2-L3,189,151,39,1
L1-L2-L3,189,153,139,1
L1-L2-L3,189,156,223,1
L1-L2-L3,189,158,216,1
L1-L2-L3,189,162,154,1
L1-L2-L3,189,163,162,1
L1-L2-L3,189,164,166,1
L1-L2-L3,189,166,103,1
L1-L2-L3,189,169,251,1
L1-L2-L3,189,170,149,1
L1-L2-L3,189,172,216,1
L1-L2-L3,189,173,180,1
L1-L2-L3,189,174,4,1
L1-L2-L3,189,175,77,1
L1-L2-L3,189,177,99,1
L1-L2-L3,189,180,207,1
L1-L2-L3,189,182,149,1
L1-L2-L3,189,186,240,1
L1-L2-L3,189,187,20,1
L1-L2-L3,189,192,149,1
L1-L2-L3,189,194,65,1
L1-L2-L3,189,201,251,1
L1-L2-L3,189,203,248,1
L1-L2-L3,189,205,133,1
L1-L2-L3,189,206,43,1
L1-L2-L3,189,208,58,1
L1-L2-L3,189,210,238,1
L1-L2-L3,189,212,131,1
L1-L2-L3,189,213,13,1
L1-L2-L3,189,214,230,1
L1-L2-L3,189,215,118,1
L1-L2-L3,189,216,250,1
L1-L2-L3,189,222,214,1
L1-L2-L3,189,223,240,1
L1-L2-L3,189,226,107,1
L1-L2-L3,189,228,160,1
L1-L2-L3,189,230,172,1
L1-L2-L3,189,231,28,1
L1-L2-L3,189,232,235,1
L1-L2-L3,189,233,16,1
L1-L2-L3,189,234,230,1
L1-L2-L3,189,236,212,1
L1-L2-L3,189,238,31,1
L1-L2-L3,189,239,63,1
L1-L2-L3,189,242,202,1
L1-L2-L3,189,244,15,1
L1-L2-L3,189,245,234,1
L1-L2-L3,189,248,221,1
L1-L2-L3,189,249,161,1
L1-L2-L3,189,252,224,1
L1-L2-L3,189,254,99,1
L1-L2-L3,189,255,29,1
L1-L2-L3,190,1,172,1
L1-L2-L3,190,2,22,1
L1-L2-L3,190,3,176,1
L1-L2-L3,190,4,122,1
L1-L2-L3,190,12,105,1
L1-L2-L3,190,16,65,1
L1-L2-L3,190,24,168,1
L1-L2-L3,190,27,244,1
L1-L2-L3,190,29,35,1
L1-L2-L3,190,32,113,1
L1-L2-L3,190,33,116,1
L1-L2-L3,190,36,126,1
L1-L2-L3,190,39,72,1
L1-L2-L3,190,40,40,1
L1-L2-L3,190,42,150,1
L1-L2-L3,190,44,85,1
L1-L2-L3,190,46,244,1
L1-L2-L3,190,49,202,1
L1-L2-L3,190,50,24,1
L1-L2-L3,190,51,131,1
L1-L2-L3,190,53,234,1
L1-L2-L3,190,55,160,1
L1-L2-L3,190,60,0,1
L1-L2-L3,190,62,9,1
L1-L2-L3,190,66,24,1
L1-L2-L3,190,67,158,1
L1-L2-L3,190,72,194,1
L1-L2-L3,190,74,35,1
L1-L2-L3,190,80,53,1
L1-L2-L3,190,81,161,1
L1-L2-L3,190,88,100,1
L1-L2-L3,190,93,123,1
L1-L2-L3,190,95,111,1
L1-L2-L3,190,96,102,1
L1-L2-L3,190,97,116,1
L1-L2-L3,190,98,80,1
L1-L2-L3,190,102,240,1
L1-L2-L3,190,106,198,1
L1-L2-L3,190,109,99,1
L1-L2-L3,190,112,46,1
L1-L2-L3,190,113,178,1
L1-L2-L3,190,114,231,1
L1-L2-L3,190,115,196,1
L1-L2-L3,190,118,92,1
L1-L2-L3,190,119,228,1
L1-L2-L3,190,120,160,1
L1-L2-L3,190,129,35,1
L1-L2-L3,190,131,66,1
L1-L2-L3,190,135,81,1
L1-L2-L3,190,136,12,1
L1-L2-L3,190,137,124,1
L1-L2-L3,190,138,52,1
L1-L2-L3,190,139,220,1
L1-L2-L3,190,141,123,1
L1-L2-L3,190,150,23,1
L1-L2-L3,190,151,160,1
L1-L2-L3,190,153,211,1
L1-L2-L3,190,154,92,1
L1-L2-L3,190,156,213,1
L1-L2-L3,190,160,40,1
L1-L2-L3,190,162,173,1
L1-L2-L3,190,163,149,1
L1-L2-L3,190,167,216,1
L1-L2-L3,190,170,80,1
L1-L2-L3,190,171,92,1
L1-L2-L3,190,172,42,1
L1-L2-L3,190,173,93,1
L1-L2-L3,190,176,17,1
L1-L2-L3,190,177,253,1
L1-L2-L3,190,178,254,1
L1-L2-L3,190,181,253,1
L1-L2-L3,190,184,210,1
L1-L2-L3,190,190,41,1
L1-L2-L3,190,196,152,1
L1-L2-L3,190,197,221,1
L1-L2-L3,190,198,253,1
L1-L2-L3,190,199,14,1
L1-L2-L3,190,200,244,1
L1-L2-L3,190,201,86,1
L1-L2-L3,190,202,22,1
L1-L2-L3,190,203,189,1
L1-L2-L3,190,209,35,1
L1-L2-L3,190,212,241,1
L1-L2-L3,190,213,65,1
L1-L2-L3,190,214,15,1
L1-L2-L3,190,217,138,1
L1-L2-L3,190,218,85,1
L1-L2-L3,190,219,98,1
L1-L2-L3,190,220,164,1
L1-L2-L3,190,221,168,1
L1-L2-L3,190,222,58,1
L1-L2-L3,190,224,134,1
L1-L2-L3,190,225,164,1
L1-L2-L3,190,232,244,1
L1-L2-L3,190,233,8,1
L1-L2-L3,190,237,251,1
L1-L2-L3,190,238,72,1
L1-L2-L3,190,240,66,1
L1-L2-L3,190,241,42,1
L1-L2-L3,190,242,197,1
L1-L2-L3,190,243,165,1
L1-L2-L3,190,247,182,1
L1-L2-L3,190,249,162,1
L1-L2-L3,190,251,119,1
L1-L2-L3,190,252,52,1
L1-L2-L3,191,0,248,1
L1-L2-L3,191,3,68,1
L1-L2-L3,191,5,147,1
L1-L2-L3,191,6,54,1
L1-L2-L3,191,9,144,1
L1-L2-L3,191,10,214,1
L1-L2-L3,191,14,28,1
L1-L2-L3,191,15,22,1
L1-L2-L3,191,17,97,1
L1-L2-L3,191,23,226,1
L1-L2-L3,191,24,203,1
L1-L2-L3,191,25,171,1
L1-L2-L3,191,31,42,1
L1-L2-L3,191,36,64,1
L1-L2-L3,191,37,231,1
L1-L2-L3,191,38,141,1
L1-L2-L3,191,43,122,1
L1-L2-L3,191,47,50,1
L1-L2-L3,191,61,221,1
L1-L2-L3,191,65,128,1
L1-L2-L3,191,67,62,1
L1-L2-L3,191,68,245,1
L1-L2-L3,191,69,122,1
L1-L2-L3,191,70,68,1
L1-L2-L3,191,77,161,1
L1-L2-L3,191,78,190,1
L1-L2-L3,191,87,32,1
L1-L2-L3,191,88,147,1
L1-L2-L3,191,93,30,1
L1-L2-L3,191,94,166,1
L1-L2-L3,191,95,156,1
L1-L2-L3,191,99,213,1
L1-L2-L3,191,100,18,1
L1-L2-L3,191,103,223,1
L1-L2-L3,191,108,139,1
L1-L2-L3,191,112,148,1
L1-L2-L3,191,115,92,1
L1-L2-L3,191,116,165,1
L1-L2-L3,191,117,231,1
L1-L2-L3,191,118,211,1
L1-L2-L3,191,119,250,1
L1-L2-L3,191,120,142,1
L1-L2-L3,191,122,228,1
L1-L2-L3,191,135,245,1
L1-L2-L3,191,140,3,1
L1-L2-L3,191,142,210,1
L1-L2-L3,191,144,138,1
L1-L2-L3,191,145,190,1
L1-L2-L3,191,150,44,1
L1-L2-L3,191,154,230,1
L1-L2-L3,191,157,100,1
L1-L2-L3,191,159,142,1
L1-L2-L3,191,160,111,1
L1-L2-L3,191,162,60,1
L1-L2-L3,191,165,241,1
L1-L2-L3,191,167,23,1
L1-L2-L3,191,173,16,1
L1-L2-L3,191,174,146,1
L1-L2-L3,191,175,248,1
L1-L2-L3,191,178,84,1
L1-L2-L3,191,180,28,1
L1-L2-L3,191,181,187,1
L1-L2-L3,191,182,169,1
L1-L2-L3,191,183,141,1
L1-L2-L3,191,184,172,1
L1-L2-L3,191,185,142,1
L1-L2-L3,191,187,110,1
L1-L2-L3,191,189,98,1
L1-L2-L3,191,191,58,1
L1-L2-L3,191,198,244,1
L1-L2-L3,191,203,146,1
L1-L2-L3,191,207,100,1
L1-L2-L3,191,208,127,1
L1-L2-L3,191,211,245,1
L1-L2-L3,191,213,14,1
L1-L2-L3,191,216,96,1
L1-L2-L3,191,220,77,1
L1-L2-L3,191,222,21,1
L1-L2-L3,191,227,35,1
L1-L2-L3,191,228,22,1
L1-L2-L3,191,236,35,1
L1-L2-L3,191,238,65,1
L1-L2-L3,191,240,14,1
L1-L2-L3,191,243,218,1
L1-L2-L3,191,245,184,1
L1-L2-L3,191,248,56,1
L1-L2-L3,191,249,99,1
L1-L2-L3,191,252,59,1
L1-L2-L3,191,254,95,1
L1-L2-L3,192,0,74,1
L1-L2-L3,192,1,254,1
L1-L2-L3,192,2,26,1
L1-L2-L3,192,8,196,1
L1-L2-L3,192,9,9,1
L1-L2-L3,192,10,252,1
L1-L2-L3,192,16,185,1
L1-L2-L3,192,17,29,1
L1-L2-L3,192,18,3,1
L1-L2-L3,192,28,103,1
L1-L2-L3,192,31,10,1
L1-L2-L3,192,32,65,1
L1-L2-L3,192,38,250,1
L1-L2-L3,192,42,102,1
L1-L2-L3,192,45,76,1
L1-L2-L3,192,46,150,1
L1-L2-L3,192,47,220,1
L1-L2-L3,192,48,28,1
L1-L2-L3,192,50,103,1
L1-L2-L3,192,52,161,1
L1-L2-L3,192,53,116,1
L1-L2-L3,192,54,78,1
L1-L2-L3,192,56,65,1
L1-L2-L3,192,62,182,1
L1-L2-L3,192,64,254,1
L1-L2-L3,192,67,207,1
L1-L2-L3,192,68,58,1
L1-L2-L3,192,73,49,1
L1-L2-L3,192,78,212,1
L1-L2-L3,192,80,236,1
L1-L2-L3,192,82,251,1
L1-L2-L3,192,85,28,1
L1-L2-L3,192,90,37,1
L1-L2-L3,192,94,248,1
L1-L2-L3,192,101,177,1
L1-L2-L3,192,103,58,1
L1-L2-L3,192,105,254,1
L1-L2-L3,192,108,66,1
L1-L2-L3,192,109,203,1
L1-L2-L3,192,110,179,1
L1-L2-L3,192,112,164,1
L1-L2-L3,192,120,4,1
L1-L2-L3,192,122,73,1
L1-L2-L3,192,123,108,1
L1-L2-L3,192,129,177,1
L1-L2-L3,192,130,103,1
L1-L2-L3,192,133,183,1
L1-L2-L3,192,136,102,1
L1-L2-L3,192,137,159,1
L1-L2-L3,192,139,17,1
L1-L2-L3,192,140,147,1
L1-L2-L3,192,141,195,1
L1-L2-L3,192,142,28,1
L1-L2-L3,192,143,31,1
L1-L2-L3,192,152,218,1
L1-L2-L3,192,154,163,1
L1-L2-L3,192,155,254,1
L1-L2-L3,192,156,28,1
L1-L2-L3,192,166,219,1
L1-L2-L3,192,169,38,1
L1-L2-L3,192,171,74,1
L1-L2-L3,192,174,124,1
L1-L2-L3,192,175,83,1
L1-L2-L3,192,176,56,1
L1-L2-L3,192,178,244,1
L1-L2-L3,192,179,239,1
L1-L2-L3,192,182,65,1
L1-L2-L3,192,183,251,1
L1-L2-L3,192,190,62,1
L1-L2-L3,192,192,226,1
L1-L2-L3,192,193,251,1
L1-L2-L3,192,194,173,1
L1-L2-L3,192,197,112,1
L1-L2-L3,192,199,195,1
L1-L2-L3,192,203,58,1
L1-L2-L3,192,204,172,1
L1-L2-L3,192,206,16,1
L1-L2-L3,192,207,166,1
L1-L2-L3,192,208,50,1
L1-L2-L3,192,209,143,1
L1-L2-L3,192,214,91,1
L1-L2-L3,192,216,138,1
L1-L2-L3,192,219,184,1
L1-L2-L3,192,221,95,1
L1-L2-L3,192,222,198,1
L1-L2-L3,192,224,11,1
L1-L2-L3,192,226,43,1
L1-L2-L3,192,228,103,1
L1-L2-L3,192,231,226,1
L1-L2-L3,192,232,172,1
L1-L2-L3,192,233,202,1
L1-L2-L3,192,234,195,1
L1-L2-L3,192,242,253,1
L1-L2-L3,192,243,145,1
L1-L2-L3,192,244,144,1
L1-L2-L3,192,247,229,1
L1-L2-L3,192,250,252,1
L1-L2-L3,192,251,172,1
L1-L2-L3,192,252,160,1
L1-L2-L3,192,255,193,1
L1-L2-L3,193,1,204,1
L1-L2-L3,193,2,221,1
L1-L2-L3,193,3,60,1
L1-L2-L3,193,5,10,1
L1-L2-L3,193,7,124,1
L1-L2-L3,193,8,221,1
L1-L2-L3,193,9,19,1
L1-L2-L3,193,10,66,1
L1-L2-L3,193,13,247,1
L1-L2-L3,193,15,134,1
L1-L2-L3,193,31,181,1
L1-L2-L3,193,33,100,1
L1-L2-L3,193,38,231,1
L1-L2-L3,193,41,101,1
L1-L2-L3,193,44,178,1
L1-L2-L3,193,45,66,1
L1-L2-L3,193,51,51,1
L1-L2-L3,193,64,109,1
L1-L2-L3,193,66,19,1
L1-L2-L3,193,77,181,1
L1-L2-L3,193,80,181,1
L1-L2-L3,193,86,60,1
L1-L2-L3,193,88,24,1
L1-L2-L3,193,92,121,1
L1-L2-L3,193,95,54,1
L1-L2-L3,193,97,153,1
L1-L2-L3,193,98,102,1
L1-L2-L3,193,100,35,1
L1-L2-L3,193,104,120,1
L1-L2-L3,193,111,53,1
L1-L2-L3,193,112,204,1
L1-L2-L3,193,116,48,1
L1-L2-L3,193,117,1,1
L1-L2-L3,193,125,177,1
L1-L2-L3,193,132,110,1
L1-L2-L3,193,137,100,1
L1-L2-L3,193,140,192,1
L1-L2-L3,193,142,102,1
L1-L2-L3,193,143,181,1
L1-L2-L3,193,145,6,1
L1-L2-L3,193,147,145,1
L1-L2-L3,193,151,134,1
L1-L2-L3,193,153,130,1
L1-L2-L3,193,155,30,1
L1-L2-L3,193,156,201,1
L1-L2-L3,193,161,109,1
L1-L2-L3,193,162,223,1
L1-L2-L3,193,165,92,1
L1-L2-L3,193,166,243,1
L1-L2-L3,193,167,150,1
L1-L2-L3,193,169,109,1
L1-L2-L3,193,171,69,1
L1-L2-L3,193,172,10,1
L1-L2-L3,193,174,73,1
L1-L2-L3,193,175,232,1
L1-L2-L3,193,176,39,1
L1-L2-L3,193,178,1,1
L1-L2-L3,193,179,23,1
L1-L2-L3,193,180,109,1
L1-L2-L3,193,188,215,1
L1-L2-L3,193,190,249,1
L1-L2-L3,193,198,36,1
L1-L2-L3,193,199,2,1
L1-L2-L3,193,200,156,1
L1-L2-L3,193,203,139,1
L1-L2-L3,193,204,215,1
L1-L2-L3,193,208,46,1
L1-L2-L3,193,209,71,1
L1-L2-L3,193,210,150,1
L1-L2-L3,193,211,207,1
L1-L2-L3,193,212,247,1
L1-L2-L3,193,213,60,1
L1-L2-L3,193,215,6,1
L1-L2-L3,193,216,110,1
L1-L2-L3,193,219,195,1
L1-L2-L3,193,220,221,1
L1-L2-L3,193,222,7,1
L1-L2-L3,193,223,181,1
L1-L2-L3,193,224,94,1
L1-L2-L3,193,228,175,1
L1-L2-L3,193,230,102,1
L1-L2-L3,193,236,49,1
L1-L2-L3,193,237,38,1
L1-L2-L3,193,239,60,1
L1-L2-L3,193,240,100,1
L1-L2-L3,193,241,30,1
L1-L2-L3,193,242,150,1
L1-L2-L3,193,244,170,1
L1-L2-L3,193,253,245,1
L1-L2-L3,193,255,130,1
L1-L2-L3,194,0,136,1
L1-L2-L3,194,9,218,1
L1-L2-L3,194,11,194,1
L1-L2-L3,194,12,249,1
L1-L2-L3,194,15,182,1
L1-L2-L3,194,28,230,1
L1-L2-L3,194,35,216,1
L1-L2-L3,194,38,71,1
L1-L2-L3,194,44,255,1
L1-L2-L3,194,47,84,1
L1-L2-L3,194,60,56,1
L1-L2-L3,194,61,36,1
L1-L2-L3,194,65,61,1
L1-L2-L3,194,68,220,1
L1-L2-L3,194,71,153,1
L1-L2-L3,194,75,30,1
L1-L2-L3,194,79,183,1
L1-L2-L3,194,82,152,1
L1-L2-L3,194,84,224,1
L1-L2-L3,194,100,216,1
L1-L2-L3,194,102,190,1
L1-L2-L3,194,105,213,1
L1-L2-L3,194,107,250,1
L1-L2-L3,194,113,90,1
L1-L2-L3,194,114,7,1
L1-L2-L3,194,118,171,1
L1-L2-L3,194,125,115,1
L1-L2-L3,194,129,77,1
L1-L2-L3,194,132,25,1
L1-L2-L3,194,140,221,1
L1-L2-L3,194,142,212,1
L1-L2-L3,194,143,218,1
L1-L2-L3,194,147,236,1
L1-L2-L3,194,149,210,1
L1-L2-L3,194,152,248,1
L1-L2-L3,194,153,136,1
L1-L2-L3,194,157,87,1
L1-L2-L3,194,160,45,1
L1-L2-L3,194,162,13,1
L1-L2-L3,194,166,104,1
L1-L2-L3,194,172,224,1
L1-L2-L3,194,183,246,1
L1-L2-L3,194,186,216,1
L1-L2-L3,194,187,128,1
L1-L2-L3,194,188,245,1
L1-L2-L3,194,189,57,1
L1-L2-L3,194,192,222,1
L1-L2-L3,194,196,62,1
L1-L2-L3,194,198,234,1
L1-L2-L3,194,199,55,1
L1-L2-L3,194,204,176,1
L1-L2-L3,194,205,69,1
L1-L2-L3,194,206,181,1
L1-L2-L3,194,209,204,1
L1-L2-L3,194,210,149,1
L1-L2-L3,194,216,116,1
L1-L2-L3,194,218,1,1
L1-L2-L3,194,223,218,1
L1-L2-L3,194,226,153,1
L1-L2-L3,194,228,79,1
L1-L2-L3,194,229,90,1
L1-L2-L3,194,230,99,1
L1-L2-L3,194,233,194,1
L1-L2-L3,194,234,246,1
L1-L2-L3,194,236,48,1
L1-L2-L3,194,237,20,1
L1-L2-L3,194,242,172,1
L1-L2-L3,194,244,52,1
L1-L2-L3,194,249,111,1
L1-L2-L3,194,252,126,1
L1-L2-L3,194,253,207,1
L1-L2-L3,194,255,157,1
L1-L2-L3,195,8,72,1
L1-L2-L3,195,15,61,1
L1-L2-L3,195,18,156,1
L1-L2-L3,195,24,69,1
L1-L2-L3,195,30,84,1
L1-L2-L3,195,47,25,1
L1-L2-L3,195,55,247,1
L1-L2-L3,195,58,92,1
L1-L2-L3,195,59,106,1
L1-L2-L3,195,60,89,1
L1-L2-L3,195,68,93,1
L1-L2-L3,195,71,82,1
L1-L2-L3,195,74,207,1
L1-L2-L3,195,80,200,1
L1-L2-L3,195,83,224,1
L1-L2-L3,195,84,153,1
L1-L2-L3,195,85,71,1
L1-L2-L3,195,87,29,1
L1-L2-L3,195,88,153,1
L1-L2-L3,195,89,248,1
L1-L2-L3,195,94,191,1
L1-L2-L3,195,97,146,1
L1-L2-L3,195,106,247,1
L1-L2-L3,195,107,89,1
L1-L2-L3,195,115,222,1
L1-L2-L3,195,125,50,1
L1-L2-L3,195,131,161,1
L1-L2-L3,195,136,69,1
L1-L2-L3,195,140,71,1
L1-L2-L3,195,144,1,1
L1-L2-L3,195,152,35,1
L1-L2-L3,195,154,170,1
L1-L2-L3,195,157,197,1
L1-L2-L3,195,158,66,1
L1-L2-L3,195,160,249,1
L1-L2-L3,195,161,222,1
L1-L2-L3,195,162,172,1
L1-L2-L3,195,163,24,1
L1-L2-L3,195,166,76,1
L1-L2-L3,195,168,69,1
L1-L2-L3,195,170,230,1
L1-L2-L3,195,176,102,1
L1-L2-L3,195,182,72,1
L1-L2-L3,195,186,84,1
L1-L2-L3,195,188,189,1
L1-L2-L3,195,189,80,1
L1-L2-L3,195,191,115,1
L1-L2-L3,195,197,182,1
L1-L2-L3,195,204,50,1
L1-L2-L3,195,209,76,1
L1-L2-L3,195,212,194,1
L1-L2-L3,195,215,177,1
L1-L2-L3,195,220,161,1
L1-L2-L3,195,221,224,1
L1-L2-L3,195,222,116,1
L1-L2-L3,195,224,116,1
L1-L2-L3,195,231,175,1
L1-L2-L3,195,232,4,1
L1-L2-L3,195,233,69,1
L1-L2-L3,195,234,181,1
L1-L2-L3,195,236,179,1
L1-L2-L3,195,239,236,1
L1-L2-L3,195,245,169,1
L1-L2-L3,195,249,146,1
L1-L2-L3,195,250,113,1
L1-L2-L3,195,251,245,1
L1-L2-L3,195,254,218,1
L1-L2-L3,196,2,34,1
L1-L2-L3,196,4,145,1
L1-L2-L3,196,8,127,1
L1-L2-L3,196,11,106,1
L1-L2-L3,196,12,154,1
L1-L2-L3,196,15,52,1
L1-L2-L3,196,18,154,1
L1-L2-L3,196,19,172,1
L1-L2-L3,196,21,46,1
L1-L2-L3,196,22,147,1
L1-L2-L3,196,25,18,1
L1-L2-L3,196,28,239,1
L1-L2-L3,196,30,46,1
L1-L2-L3,196,34,131,1
L1-L2-L3,196,39,31,1
L1-L2-L3,196,40,138,1
L1-L2-L3,196,41,131,1
L1-L2-L3,196,51,4,1
L1-L2-L3,196,53,158,1
L1-L2-L3,196,54,24,1
L1-L2-L3,196,68,136,1
L1-L2-L3,196,70,92,1
L1-L2-L3,196,74,38,1
L1-L2-L3,196,75,108,1
L1-L2-L3,196,78,90,1
L1-L2-L3,196,80,105,1
L1-L2-L3,196,82,116,1
L1-L2-L3,196,87,198,1
L1-L2-L3,196,89,139,1
L1-L2-L3,196,101,80,1
L1-L2-L3,196,102,45,1
L1-L2-L3,196,114,108,1
L1-L2-L3,196,117,95,1
L1-L2-L3,196,119,38,1
L1-L2-L3,196,121,230,1
L1-L2-L3,196,126,165,1
L1-L2-L3,196,127,186,1
L1-L2-L3,196,130,128,1
L1-L2-L3,196,132,146,1
L1-L2-L3,196,138,177,1
L1-L2-L3,196,147,219,1
L1-L2-L3,196,149,100,1
L1-L2-L3,196,152,240,1
L1-L2-L3,196,153,107,1
L1-L2-L3,196,154,118,1
L1-L2-L3,196,156,76,1
L1-L2-L3,196,157,71,1
L1-L2-L3,196,162,147,1
L1-L2-L3,196,166,107,1
L1-L2-L3,196,167,124,1
L1-L2-L3,196,168,185,1
L1-L2-L3,196,170,189,1
L1-L2-L3,196,174,108,1
L1-L2-L3,196,175,70,1
L1-L2-L3,196,177,254,1
L1-L2-L3,196,178,79,1
L1-L2-L3,196,185,114,1
L1-L2-L3,196,187,107,1
L1-L2-L3,196,188,239,1
L1-L2-L3,196,189,185,1
L1-L2-L3,196,190,63,1
L1-L2-L3,196,191,12,1
L1-L2-L3,196,195,118,1
L1-L2-L3,196,196,116,1
L1-L2-L3,196,197,171,1
L1-L2-L3,196,198,217,1
L1-L2-L3,196,200,233,1
L1-L2-L3,196,208,240,1
L1-L2-L3,196,210,82,1
L1-L2-L3,196,211,96,1
L1-L2-L3,196,213,45,1
L1-L2-L3,196,215,161,1
L1-L2-L3,196,216,251,1
L1-L2-L3,196,219,54,1
L1-L2-L3,196,221,99,1
L1-L2-L3,196,222,131,1
L1-L2-L3,196,224,165,1
L1-L2-L3,196,226,190,1
L1-L2-L3,196,227,116,1
L1-L2-L3,196,228,159,1
L1-L2-L3,196,230,48,1
L1-L2-L3,196,231,82,1
L1-L2-L3,196,233,198,1
L1-L2-L3,196,236,46,1
L1-L2-L3,196,241,45,1
L1-L2-L3,196,242,70,1
L1-L2-L3,196,243,95,1
L1-L2-L3,196,245,5,1
L1-L2-L3,196,251,198,1
L1-L2-L3,196,255,103,1
L1-L2-L3,197,16,177,1
L1-L2-L3,197,21,175,1
L1-L2-L3,197,23,1,1
L1-L2-L3,197,25,30,1
L1-L2-L3,197,40,122,1
L1-L2-L3,197,49,72,1
L1-L2-L3,197,53,174,1
L1-L2-L3,197,61,71,1
L1-L2-L3,197,63,147,1
L1-L2-L3,197,65,21,1
L1-L2-L3,197,83,226,1
L1-L2-L3,197,93,21,1
L1-L2-L3,197,94,232,1
L1-L2-L3,197,96,190,1
L1-L2-L3,197,105,72,1
L1-L2-L3,197,113,189,1
L1-L2-L3,197,115,7,1
L1-L2-L3,197,118,86,1
L1-L2-L3,197,128,161,1
L1-L2-L3,197,129,169,1
L1-L2-L3,197,132,93,1
L1-L2-L3,197,137,150,1
L1-L2-L3,197,145,95,1
L1-L2-L3,197,147,154,1
L1-L2-L3,197,150,208,1
L1-L2-L3,197,152,148,1
L1-L2-L3,197,154,188,1
L1-L2-L3,197,157,118,1
L1-L2-L3,197,161,196,1
L1-L2-L3,197,162,226,1
L1-L2-L3,197,166,129,1
L1-L2-L3,197,177,95,1
L1-L2-L3,197,179,50,1
L1-L2-L3,197,181,198,1
L1-L2-L3,197,184,116,1
L1-L2-L3,197,189,189,1
L1-L2-L3,197,192,217,1
L1-L2-L3,197,197,188,1
L1-L2-L3,197,200,85,1
L1-L2-L3,197,202,72,1
L1-L2-L3,197,203,197,1
L1-L2-L3,197,204,21,1
L1-L2-L3,197,207,108,1
L1-L2-L3,197,208,21,1
L1-L2-L3,197,211,21,1
L1-L2-L3,197,212,69,1
L1-L2-L3,197,213,62,1
L1-L2-L3,197,214,150,1
L1-L2-L3,197,216,95,1
L1-L2-L3,197,217,44,1
L1-L2-L3,197,221,102,1
L1-L2-L3,197,223,215,1
L1-L2-L3,197,225,204,1
L1-L2-L3,197,226,188,1
L1-L2-L3,197,230,119,1
L1-L2-L3,197,231,147,1
L1-L2-L3,197,240,27,1
L1-L2-L3,197,242,223,1
L1-L2-L3,197,245,189,1
L1-L2-L3,197,249,201,1
L1-L2-L3,197,252,3,1
L1-L2-L3,197,253,159,1
L1-L2-L3,197,255,189,1
L1-L2-L3,198,3,91,1
L1-L2-L3,198,4,218,1
L1-L2-L3,198,6,118,1
L1-L2-L3,198,10,124,1
L1-L2-L3,198,17,242,1
L1-L2-L3,198,23,144,1
L1-L2-L3,198,24,15,1
L1-L2-L3,198,25,174,1
L1-L2-L3,198,28,152,1
L1-L2-L3,198,31,248,1
L1-L2-L3,198,32,191,1
L1-L2-L3,198,34,249,1
L1-L2-L3,198,39,106,1
L1-L2-L3,198,41,32,1
L1-L2-L3,198,54,37,1
L1-L2-L3,198,55,149,1
L1-L2-L3,198,60,241,1
L1-L2-L3,198,61,142,1
L1-L2-L3,198,63,15,1
L1-L2-L3,198,67,231,1
L1-L2-L3,198,70,15,1
L1-L2-L3,198,72,183,1
L1-L2-L3,198,73,237,1
L1-L2-L3,198,74,125,1
L1-L2-L3,198,79,210,1
L1-L2-L3,198,80,184,1
L1-L2-L3,198,81,61,1
L1-L2-L3,198,82,23,1
L1-L2-L3,198,86,24,1
L1-L2-L3,198,88,111,1
L1-L2-L3,198,90,73,1
L1-L2-L3,198,92,111,1
L1-L2-L3,198,93,95,1
L1-L2-L3,198,95,190,1
L1-L2-L3,198,97,43,1
L1-L2-L3,198,100,128,1
L1-L2-L3,198,102,179,1
L1-L2-L3,198,103,16,1
L1-L2-L3,198,109,61,1
L1-L2-L3,198,111,98,1
L1-L2-L3,198,112,76,1
L1-L2-L3,198,115,247,1
L1-L2-L3,198,118,191,1
L1-L2-L3,198,119,102,1
L1-L2-L3,198,120,228,1
L1-L2-L3,198,122,39,1
L1-L2-L3,198,124,197,1
L1-L2-L3,198,130,218,1
L1-L2-L3,198,131,110,1
L1-L2-L3,198,132,96,1
L1-L2-L3,198,133,240,1
L1-L2-L3,198,134,184,1
L1-L2-L3,198,135,76,1
L1-L2-L3,198,138,12,1
L1-L2-L3,198,140,72,1
L1-L2-L3,198,143,4,1
L1-L2-L3,198,144,204,1
L1-L2-L3,198,147,155,1
L1-L2-L3,198,148,122,1
L1-L2-L3,198,149,211,1
L1-L2-L3,198,150,46,1
L1-L2-L3,198,151,153,1
L1-L2-L3,198,152,38,1
L1-L2-L3,198,153,151,1
L1-L2-L3,198,157,61,1
L1-L2-L3,198,158,37,1
L1-L2-L3,198,159,48,1
L1-L2-L3,198,163,64,1
L1-L2-L3,198,164,14,1
L1-L2-L3,198,166,69,1
L1-L2-L3,198,167,108,1
L1-L2-L3,198,169,133,1
L1-L2-L3,198,173,78,1
L1-L2-L3,198,174,9,1
L1-L2-L3,198,175,196,1
L1-L2-L3,198,179,156,1
L1-L2-L3,198,180,143,1
L1-L2-L3,198,181,66,1
L1-L2-L3,198,183,5,1
L1-L2-L3,198,186,42,1
L1-L2-L3,198,187,54,1
L1-L2-L3,198,194,188,1
L1-L2-L3,198,196,53,1
L1-L2-L3,198,197,118,1
L1-L2-L3,198,199,128,1
L1-L2-L3,198,200,131,1
L1-L2-L3,198,201,202,1
L1-L2-L3,198,203,228,1
L1-L2-L3,198,205,243,1
L1-L2-L3,198,206,57,1
L1-L2-L3,198,207,119,1
L1-L2-L3,198,208,18,1
L1-L2-L3,198,211,216,1
L1-L2-L3,198,212,4,1
L1-L2-L3,198,215,222,1
L1-L2-L3,198,218,144,1
L1-L2-L3,198,220,173,1
L1-L2-L3,198,221,143,1
L1-L2-L3,198,223,2,1
L1-L2-L3,198,225,186,1
L1-L2-L3,198,229,19,1
L1-L2-L3,198,232,250,1
L1-L2-L3,198,233,19,1
L1-L2-L3,198,241,152,1
L1-L2-L3,198,244,139,1
L1-L2-L3,198,246,82,1
L1-L2-L3,198,247,148,1
L1-L2-L3,198,250,98,1
L1-L2-L3,198,251,66,1
L1-L2-L3,198,253,23,1
L1-L2-L3,198,254,98,1
L1-L2-L3,199,2,49,1
L1-L2-L3,199,8,134,1
L1-L2-L3,199,11,53,1
L1-L2-L3,199,16,104,1
L1-L2-L3,199,19,169,1
L1-L2-L3,199,23,146,1
L1-L2-L3,199,26,32,1
L1-L2-L3,199,27,12,1
L1-L2-L3,199,28,6,1
L1-L2-L3,199,30,71,1
L1-L2-L3,199,34,206,1
L1-L2-L3,199,39,37,1
L1-L2-L3,199,47,117,1
L1-L2-L3,199,48,153,1
L1-L2-L3,199,59,101,1
L1-L2-L3,199,62,186,1
L1-L2-L3,199,63,71,1
L1-L2-L3,199,70,147,1
L1-L2-L3,199,71,33,1
L1-L2-L3,199,77,155,1
L1-L2-L3,199,80,151,1
L1-L2-L3,199,81,56,1
L1-L2-L3,199,83,229,1
L1-L2-L3,199,85,231,1
L1-L2-L3,199,86,74,1
L1-L2-L3,199,90,245,1
L1-L2-L3,199,91,103,1
L1-L2-L3,199,92,197,1
L1-L2-L3,199,94,161,1
L1-L2-L3,199,95,224,1
L1-L2-L3,199,101,181,1
L1-L2-L3,199,102,84,1
L1-L2-L3,199,103,101,1
L1-L2-L3,199,104,80,1
L1-L2-L3,199,108,150,1
L1-L2-L3,199,109,236,1
L1-L2-L3,199,110,181,1
L1-L2-L3,199,111,194,1
L1-L2-L3,199,113,219,1
L1-L2-L3,199,115,142,1
L1-L2-L3,199,116,141,1
L1-L2-L3,199,122,119,1
L1-L2-L3,199,125,71,1
L1-L2-L3,199,128,122,1
L1-L2-L3,199,133,119,1
L1-L2-L3,199,134,130,1
L1-L2-L3,199,139,63,1
L1-L2-L3,199,143,243,1
L1-L2-L3,199,145,81,1
L1-L2-L3,199,146,213,1
L1-L2-L3,199,147,130,1
L1-L2-L3,199,149,142,1
L1-L2-L3,199,152,14,1
L1-L2-L3,199,154,100,1
L1-L2-L3,199,159,119,1
L1-L2-L3,199,164,79,1
L1-L2-L3,199,165,190,1
L1-L2-L3,199,169,115,1
L1-L2-L3,199,170,103,1
L1-L2-L3,199,172,109,1
L1-L2-L3,199,173,222,1
L1-L2-L3,199,174,33,1
L1-L2-L3,199,175,183,1
L1-L2-L3,199,177,210,1
L1-L2-L3,199,179,37,1
L1-L2-L3,199,182,222,1
L1-L2-L3,199,183,20,1
L1-L2-L3,199,184,156,1
L1-L2-L3,199,185,44,1
L1-L2-L3,199,186,33,1
L1-L2-L3,199,187,240,1
L1-L2-L3,199,188,227,1
L1-L2-L3,199,189,55,1
L1-L2-L3,199,191,102,1
L1-L2-L3,199,193,188,1
L1-L2-L3,199,194,136,1
L1-L2-L3,199,195,42,1
L1-L2-L3,199,197,80,1
L1-L2-L3,199,200,44,1
L1-L2-L3,199,203,227,1
L1-L2-L3,199,205,60,1
L1-L2-L3,199,213,232,1
L1-L2-L3,199,216,170,1
L1-L2-L3,199,220,52,1
L1-L2-L3,199,221,56,1
L1-L2-L3,199,222,195,1
L1-L2-L3,199,226,140,1
L1-L2-L3,199,227,109,1
L1-L2-L3,199,233,109,1
L1-L2-L3,199,235,52,1
L1-L2-L3,199,237,202,1
L1-L2-L3,199,239,29,1
L1-L2-L3,199,244,171,1
L1-L2-L3,199,245,108,1
L1-L2-L3,199,246,243,1
L1-L2-L3,199,249,222,1
L1-L2-L3,199,250,134,1
L1-L2-L3,199,251,106,1
L1-L2-L3,199,254,212,1
L1-L2-L3,200,1,167,1
L1-L2-L3,200,2,238,1
L1-L2-L3,200,4,57,1
L1-L2-L3,200,7,117,1
L1-L2-L3,200,9,71,1
L1-L2-L3,200,11,231,1
L1-L2-L3,200,13,70,1
L1-L2-L3,200,15,173,1
L1-L2-L3,200,16,38,1
L1-L2-L3,200,19,141,1
L1-L2-L3,200,22,240,1
L1-L2-L3,200,23,54,1
L1-L2-L3,200,25,46,1
L1-L2-L3,200,26,130,1
L1-L2-L3,200,37,232,1
L1-L2-L3,200,38,164,1
L1-L2-L3,200,41,188,1
L1-L2-L3,200,42,238,1
L1-L2-L3,200,45,117,1
L1-L2-L3,200,53,214,1
L1-L2-L3,200,56,89,1
L1-L2-L3,200,57,36,1
L1-L2-L3,200,61,172,1
L1-L2-L3,200,62,102,1
L1-L2-L3,200,63,118,1
L1-L2-L3,200,64,79,1
L1-L2-L3,200,72,102,1
L1-L2-L3,200,73,52,1
L1-L2-L3,200,76,52,1
L1-L2-L3,200,80,188,1
L1-L2-L3,200,82,18,1
L1-L2-L3,200,88,114,1
L1-L2-L3,200,93,57,1
L1-L2-L3,200,98,209,1
L1-L2-L3,200,99,60,1
L1-L2-L3,200,101,94,1
L1-L2-L3,200,102,227,1
L1-L2-L3,200,110,62,1
L1-L2-L3,200,112,109,1
L1-L2-L3,200,113,220,1
L1-L2-L3,200,116,113,1
L1-L2-L3,200,117,27,1
L1-L2-L3,200,118,65,1
L1-L2-L3,200,120,171,1
L1-L2-L3,200,125,10,1
L1-L2-L3,200,126,189,1
L1-L2-L3,200,127,167,1
L1-L2-L3,200,129,114,1
L1-L2-L3,200,130,83,1
L1-L2-L3,200,132,243,1
L1-L2-L3,200,136,217,1
L1-L2-L3,200,137,167,1
L1-L2-L3,200,139,14,1
L1-L2-L3,200,143,167,1
L1-L2-L3,200,147,217,1
L1-L2-L3,200,148,192,1
L1-L2-L3,200,150,132,1
L1-L2-L3,200,151,208,1
L1-L2-L3,200,154,98,1
L1-L2-L3,200,156,255,1
L1-L2-L3,200,157,139,1
L1-L2-L3,200,159,197,1
L1-L2-L3,200,170,186,1
L1-L2-L3,200,172,83,1
L1-L2-L3,200,173,226,1
L1-L2-L3,200,174,177,1
L1-L2-L3,200,175,60,1
L1-L2-L3,200,177,22,1
L1-L2-L3,200,179,6,1
L1-L2-L3,200,180,228,1
L1-L2-L3,200,181,114,1
L1-L2-L3,200,182,216,1
L1-L2-L3,200,187,227,1
L1-L2-L3,200,189,195,1
L1-L2-L3,200,191,164,1
L1-L2-L3,200,193,229,1
L1-L2-L3,200,194,200,1
L1-L2-L3,200,197,176,1
L1-L2-L3,200,199,151,1
L1-L2-L3,200,200,167,1
L1-L2-L3,200,201,230,1
L1-L2-L3,200,206,134,1
L1-L2-L3,200,207,179,1
L1-L2-L3,200,210,14,1
L1-L2-L3,200,212,133,1
L1-L2-L3,200,213,216,1
L1-L2-L3,200,214,80,1
L1-L2-L3,200,215,246,1
L1-L2-L3,200,218,23,1
L1-L2-L3,200,219,187,1
L1-L2-L3,200,220,101,1
L1-L2-L3,200,222,25,1
L1-L2-L3,200,230,202,1
L1-L2-L3,200,232,171,1
L1-L2-L3,200,234,53,1
L1-L2-L3,200,237,114,1
L1-L2-L3,200,238,173,1
L1-L2-L3,200,241,11,1
L1-L2-L3,200,245,195,1
L1-L2-L3,200,247,59,1
L1-L2-L3,200,250,72,1
L1-L2-L3,201,0,19,1
L1-L2-L3,201,6,89,1
L1-L2-L3,201,7,34,1
L1-L2-L3,201,8,194,1
L1-L2-L3,201,14,152,1
L1-L2-L3,201,16,116,1
L1-L2-L3,201,17,116,1
L1-L2-L3,201,22,195,1
L1-L2-L3,201,23,151,1
L1-L2-L3,201,24,5,1
L1-L2-L3,201,25,27,1
L1-L2-L3,201,26,192,1
L1-L2-L3,201,30,127,1
L1-L2-L3,201,31,15,1
L1-L2-L3,201,32,186,1
L1-L2-L3,201,33,198,1
L1-L2-L3,201,36,5,1
L1-L2-L3,201,38,200,1
L1-L2-L3,201,41,141,1
L1-L2-L3,201,42,97,1
L1-L2-L3,201,43,38,1
L1-L2-L3,201,49,10,1
L1-L2-L3,201,54,213,1
L1-L2-L3,201,56,226,1
L1-L2-L3,201,57,28,1
L1-L2-L3,201,58,16,1
L1-L2-L3,201,59,125,1
L1-L2-L3,201,65,138,1
L1-L2-L3,201,66,127,1
L1-L2-L3,201,67,185,1
L1-L2-L3,201,68,113,1
L1-L2-L3,201,69,236,1
L1-L2-L3,201,70,105,1
L1-L2-L3,201,71,74,1
L1-L2-L3,201,73,146,1
L1-L2-L3,201,76,32,1
L1-L2-L3,201,78,125,1
L1-L2-L3,201,79,28,1
L1-L2-L3,201,80,135,1
L1-L2-L3,201,82,223,1
L1-L2-L3,201,85,250,1
L1-L2-L3,201,89,66,1
L1-L2-L3,201,90,197,1
L1-L2-L3,201,92,112,1
L1-L2-L3,201,93,214,1
L1-L2-L3,201,95,46,1
L1-L2-L3,201,96,76,1
L1-L2-L3,201,97,81,1
L1-L2-L3,201,98,2,1
L1-L2-L3,201,100,148,1
L1-L2-L3,201,101,148,1
L1-L2-L3,201,102,55,1
L1-L2-L3,201,103,62,1
L1-L2-L3,201,104,170,1
L1-L2-L3,201,110,196,1
L1-L2-L3,201,113,77,1
L1-L2-L3,201,115,236,1
L1-L2-L3,201,116,79,1
L1-L2-L3,201,119,122,1
L1-L2-L3,201,124,140,1
L1-L2-L3,201,125,231,1
L1-L2-L3,201,128,16,1
L1-L2-L3,201,130,157,1
L1-L2-L3,201,131,68,1
L1-L2-L3,201,134,75,1
L1-L2-L3,201,136,39,1
L1-L2-L3,201,138,200,1
L1-L2-L3,201,139,65,1
L1-L2-L3,201,140,194,1
L1-L2-L3,201,142,92,1
L1-L2-L3,201,144,172,1
L1-L2-L3,201,145,156,1
L1-L2-L3,201,148,117,1
L1-L2-L3,201,150,35,1
L1-L2-L3,201,155,130,1
L1-L2-L3,201,157,148,1
L1-L2-L3,201,158,33,1
L1-L2-L3,201,160,122,1
L1-L2-L3,201,161,233,1
L1-L2-L3,201,163,216,1
L1-L2-L3,201,165,88,1
L1-L2-L3,201,166,168,1
L1-L2-L3,201,168,143,1
L1-L2-L3,201,170,168,1
L1-L2-L3,201,171,89,1
L1-L2-L3,201,172,30,1
L1-L2-L3,201,174,234,1
L1-L2-L3,201,177,237,1
L1-L2-L3,201,180,181,1
L1-L2-L3,201,183,157,1
L1-L2-L3,201,188,185,1
L1-L2-L3,201,190,230,1
L1-L2-L3,201,194,220,1
L1-L2-L3,201,196,5,1
L1-L2-L3,201,198,89,1
L1-L2-L3,201,199,239,1
L1-L2-L3,201,200,204,1
L1-L2-L3,201,201,11,1
L1-L2-L3,201,205,65,1
L1-L2-L3,201,209,166,1
L1-L2-L3,201,210,104,1
L1-L2-L3,201,211,2,1
L1-L2-L3,201,213,68,1
L1-L2-L3,201,214,187,1
L1-L2-L3,201,215,121,1
L1-L2-L3,201,217,114,1
L1-L2-L3,201,219,14,1
L1-L2-L3,201,221,237,1
L1-L2-L3,201,222,189,1
L1-L2-L3,201,223,194,1
L1-L2-L3,201,224,148,1
L1-L2-L3,201,231,80,1
L1-L2-L3,201,233,185,1
L1-L2-L3,201,235,121,1
L1-L2-L3,201,238,30,1
L1-L2-L3,201,239,88,1
L1-L2-L3,201,242,153,1
L1-L2-L3,201,243,208,1
L1-L2-L3,201,244,5,1
L1-L2-L3,201,245,172,1
L1-L2-L3,201,246,239,1
L1-L2-L3,201,247,14,1
L1-L2-L3,201,252,41,1
L1-L2-L3,201,253,253,1
L1-L2-L3,201,255,131,1
L1-L2-L3,202,1,38,1
L1-L2-L3,202,2,165,1
L1-L2-L3,202,4,5,1
L1-L2-L3,202,9,146,1
L1-L2-L3,202,13,233,1
L1-L2-L3,202,16,173,1
L1-L2-L3,202,19,47,1
L1-L2-L3,202,22,242,1
L1-L2-L3,202,24,148,1
L1-L2-L3,202,25,220,1
L1-L2-L3,202,27,137,1
L1-L2-L3,202,31,115,1
L1-L2-L3,202,33,91,1
L1-L2-L3,202,36,165,1
L1-L2-L3,202,37,71,1
L1-L2-L3,202,38,189,1
L1-L2-L3,202,41,167,1
L1-L2-L3,202,43,41,1
L1-L2-L3,202,49,238,1
L1-L2-L3,202,52,213,1
L1-L2-L3,202,54,206,1
L1-L2-L3,202,61,155,1
L1-L2-L3,202,62,148,1
L1-L2-L3,202,64,143,1
L1-L2-L3,202,65,143,1
L1-L2-L3,202,67,97,1
L1-L2-L3,202,68,88,1
L1-L2-L3,202,69,132,1
L1-L2-L3,202,70,131,1
L1-L2-L3,202,71,138,1
L1-L2-L3,202,72,65,1
L1-L2-L3,202,73,156,1
L1-L2-L3,202,74,50,1
L1-L2-L3,202,78,25,1
L1-L2-L3,202,79,200,1
L1-L2-L3,202,86,185,1
L1-L2-L3,202,88,156,1
L1-L2-L3,202,90,88,1
L1-L2-L3,202,92,50,1
L1-L2-L3,202,93,230,1
L1-L2-L3,202,94,51,1
L1-L2-L3,202,96,213,1
L1-L2-L3,202,100,135,1
L1-L2-L3,202,102,74,1
L1-L2-L3,202,104,88,1
L1-L2-L3,202,108,30,1
L1-L2-L3,202,109,254,1
L1-L2-L3,202,111,116,1
L1-L2-L3,202,112,85,1
L1-L2-L3,202,116,30,1
L1-L2-L3,202,118,184,1
L1-L2-L3,202,120,93,1
L1-L2-L3,202,123,158,1
L1-L2-L3,202,125,236,1
L1-L2-L3,202,127,163,1
L1-L2-L3,202,132,205,1
L1-L2-L3,202,142,84,1
L1-L2-L3,202,143,40,1
L1-L2-L3,202,146,51,1
L1-L2-L3,202,149,106,1
L1-L2-L3,202,150,158,1
L1-L2-L3,202,152,250,1
L1-L2-L3,202,153,185,1
L1-L2-L3,202,154,233,1
L1-L2-L3,202,156,251,1
L1-L2-L3,202,159,116,1
L1-L2-L3,202,160,109,1
L1-L2-L3,202,161,231,1
L1-L2-L3,202,162,18,1
L1-L2-L3,202,169,11,1
L1-L2-L3,202,171,211,1
L1-L2-L3,202,172,23,1
L1-L2-L3,202,173,63,1
L1-L2-L3,202,174,253,1
L1-L2-L3,202,175,135,1
L1-L2-L3,202,176,148,1
L1-L2-L3,202,177,68,1
L1-L2-L3,202,179,131,1
L1-L2-L3,202,181,154,1
L1-L2-L3,202,186,179,1
L1-L2-L3,202,193,38,1
L1-L2-L3,202,195,228,1
L1-L2-L3,202,196,48,1
L1-L2-L3,202,197,74,1
L1-L2-L3,202,198,119,1
L1-L2-L3,202,199,182,1
L1-L2-L3,202,200,47,1
L1-L2-L3,202,203,164,1
L1-L2-L3,202,204,70,1
L1-L2-L3,202,206,203,1
L1-L2-L3,202,208,152,1
L1-L2-L3,202,213,189,1
L1-L2-L3,202,214,99,1
L1-L2-L3,202,219,90,1
L1-L2-L3,202,220,91,1
L1-L2-L3,202,222,170,1
L1-L2-L3,202,223,26,1
L1-L2-L3,202,225,93,1
L1-L2-L3,202,229,170,1
L1-L2-L3,202,231,192,1
L1-L2-L3,202,233,189,1
L1-L2-L3,202,235,147,1
L1-L2-L3,202,236,62,1
L1-L2-L3,202,237,157,1
L1-L2-L3,202,238,253,1
L1-L2-L3,202,241,236,1
L1-L2-L3,202,244,201,1
L1-L2-L3,202,245,30,1
L1-L2-L3,202,251,52,1
L1-L2-L3,202,252,155,1
L1-L2-L3,202,253,91,1
L1-L2-L3,202,254,11,1
L1-L2-L3,203,6,9,1
L1-L2-L3,203,12,164,1
L1-L2-L3,203,15,181,1
L1-L2-L3,203,17,210,1
L1-L2-L3,203,26,81,1
L1-L2-L3,203,29,4,1
L1-L2-L3,203,30,69,1
L1-L2-L3,203,38,70,1
L1-L2-L3,203,54,83,1
L1-L2-L3,203,55,223,1
L1-L2-L3,203,57,155,1
L1-L2-L3,203,59,210,1
L1-L2-L3,203,62,23,1
L1-L2-L3,203,63,254,1
L1-L2-L3,203,66,30,1
L1-L2-L3,203,70,156,1
L1-L2-L3,203,73,169,1
L1-L2-L3,203,75,84,1
L1-L2-L3,203,76,132,1
L1-L2-L3,203,80,51,1
L1-L2-L3,203,81,163,1
L1-L2-L3,203,83,181,1
L1-L2-L3,203,84,225,1
L1-L2-L3,203,85,159,1
L1-L2-L3,203,87,207,1
L1-L2-L3,203,91,34,1
L1-L2-L3,203,96,136,1
L1-L2-L3,203,97,191,1
L1-L2-L3,203,98,109,1
L1-L2-L3,203,103,250,1
L1-L2-L3,203,107,37,1
L1-L2-L3,203,111,220,1
L1-L2-L3,203,114,212,1
L1-L2-L3,203,115,69,1
L1-L2-L3,203,117,182,1
L1-L2-L3,203,127,168,1
L1-L2-L3,203,134,224,1
L1-L2-L3,203,135,233,1
L1-L2-L3,203,136,241,1
L1-L2-L3,203,140,206,1
L1-L2-L3,203,141,1,1
L1-L2-L3,203,142,191,1
L1-L2-L3,203,149,218,1
L1-L2-L3,203,153,237,1
L1-L2-L3,203,157,241,1
L1-L2-L3,203,158,168,1
L1-L2-L3,203,160,33,1
L1-L2-L3,203,168,177,1
L1-L2-L3,203,175,234,1
L1-L2-L3,203,177,85,1
L1-L2-L3,203,178,114,1
L1-L2-L3,203,180,105,1
L1-L2-L3,203,182,164,1
L1-L2-L3,203,183,9,1
L1-L2-L3,203,187,7,1
L1-L2-L3,203,189,210,1
L1-L2-L3,203,191,153,1
L1-L2-L3,203,193,2,1
L1-L2-L3,203,194,117,1
L1-L2-L3,203,196,165,1
L1-L2-L3,203,200,146,1
L1-L2-L3,203,202,150,1
L1-L2-L3,203,203,15,1
L1-L2-L3,203,205,37,1
L1-L2-L3,203,210,146,1
L1-L2-L3,203,212,127,1
L1-L2-L3,203,214,148,1
L1-L2-L3,203,215,187,1
L1-L2-L3,203,220,119,1
L1-L2-L3,203,221,136,1
L1-L2-L3,203,222,219,1
L1-L2-L3,203,223,174,1
L1-L2-L3,203,226,121,1
L1-L2-L3,203,228,150,1
L1-L2-L3,203,230,107,1
L1-L2-L3,203,232,26,1
L1-L2-L3,203,234,25,1
L1-L2-L3,203,235,20,1
L1-L2-L3,203,237,48,1
L1-L2-L3,203,239,150,1
L1-L2-L3,203,241,70,1
L1-L2-L3,203,247,169,1
L1-L2-L3,203,248,127,1
L1-L2-L3,203,249,169,1
L1-L2-L3,203,250,6,1
L1-L2-L3,203,251,183,1
L1-L2-L3,203,252,188,1
L1-L2-L3,204,2,59,1
L1-L2-L3,204,6,57,1
L1-L2-L3,204,11,23,1
L1-L2-L3,204,13,232,1
L1-L2-L3,204,14,190,1
L1-L2-L3,204,20,71,1
L1-L2-L3,204,25,116,1
L1-L2-L3,204,30,65,1
L1-L2-L3,204,31,102,1
L1-L2-L3,204,34,71,1
L1-L2-L3,204,43,60,1
L1-L2-L3,204,47,59,1
L1-L2-L3,204,55,9,1
L1-L2-L3,204,59,250,1
L1-L2-L3,204,65,153,1
L1-L2-L3,204,67,121,1
L1-L2-L3,204,69,110,1
L1-L2-L3,204,71,3,1
L1-L2-L3,204,72,174,1
L1-L2-L3,204,73,216,1
L1-L2-L3,204,75,134,1
L1-L2-L3,204,81,30,1
L1-L2-L3,204,91,98,1
L1-L2-L3,204,98,26,1
L1-L2-L3,204,99,48,1
L1-L2-L3,204,103,128,1
L1-L2-L3,204,105,210,1
L1-L2-L3,204,108,31,1
L1-L2-L3,204,120,14,1
L1-L2-L3,204,123,153,1
L1-L2-L3,204,126,37,1
L1-L2-L3,204,127,81,1
L1-L2-L3,204,128,151,1
L1-L2-L3,204,129,164,1
L1-L2-L3,204,131,23,1
L1-L2-L3,204,133,148,1
L1-L2-L3,204,136,37,1
L1-L2-L3,204,137,173,1
L1-L2-L3,204,140,140,1
L1-L2-L3,204,141,128,1
L1-L2-L3,204,143,212,1
L1-L2-L3,204,148,99,1
L1-L2-L3,204,155,156,1
L1-L2-L3,204,160,130,1
L1-L2-L3,204,162,156,1
L1-L2-L3,204,166,83,1
L1-L2-L3,204,173,241,1
L1-L2-L3,204,177,61,1
L1-L2-L3,204,182,122,1
L1-L2-L3,204,183,255,1
L1-L2-L3,204,185,1,1
L1-L2-L3,204,196,23,1
L1-L2-L3,204,200,212,1
L1-L2-L3,204,203,143,1
L1-L2-L3,204,204,232,1
L1-L2-L3,204,206,212,1
L1-L2-L3,204,209,31,1
L1-L2-L3,204,216,22,1
L1-L2-L3,204,219,156,1
L1-L2-L3,204,221,169,1
L1-L2-L3,204,222,143,1
L1-L2-L3,204,223,39,1
L1-L2-L3,204,225,142,1
L1-L2-L3,204,227,161,1
L1-L2-L3,204,231,232,1
L1-L2-L3,204,233,17,1
L1-L2-L3,204,235,226,1
L1-L2-L3,204,237,242,1
L1-L2-L3,204,238,14,1
L1-L2-L3,204,239,93,1
L1-L2-L3,204,240,94,1
L1-L2-L3,204,247,181,1
L1-L2-L3,204,249,79,1
L1-L2-L3,204,251,170,1
L1-L2-L3,204,252,32,1
L1-L2-L3,204,253,81,1
L1-L2-L3,204,254,50,1
L1-L2-L3,204,255,121,1
L1-L2-L3,205,5,106,1
L1-L2-L3,205,6,142,1
L1-L2-L3,205,8,65,1
L1-L2-L3,205,9,240,1
L1-L2-L3,205,14,59,1
L1-L2-L3,205,18,50,1
L1-L2-L3,205,19,223,1
L1-L2-L3,205,23,95,1
L1-L2-L3,205,27,132,1
L1-L2-L3,205,32,74,1
L1-L2-L3,205,35,65,1
L1-L2-L3,205,36,159,1
L1-L2-L3,205,43,159,1
L1-L2-L3,205,46,166,1
L1-L2-L3,205,48,21,1
L1-L2-L3,205,49,190,1
L1-L2-L3,205,52,69,1
L1-L2-L3,205,55,233,1
L1-L2-L3,205,60,159,1
L1-L2-L3,205,63,28,1
L1-L2-L3,205,67,118,1
L1-L2-L3,205,71,99,1
L1-L2-L3,205,77,122,1
L1-L2-L3,205,78,146,1
L1-L2-L3,205,80,242,1
L1-L2-L3,205,85,80,1
L1-L2-L3,205,90,50,1
L1-L2-L3,205,93,248,1
L1-L2-L3,205,95,50,1
L1-L2-L3,205,98,127,1
L1-L2-L3,205,104,118,1
L1-L2-L3,205,106,8,1
L1-L2-L3,205,110,95,1
L1-L2-L3,205,112,1,1
L1-L2-L3,205,113,27,1
L1-L2-L3,205,115,147,1
L1-L2-L3,205,119,239,1
L1-L2-L3,205,120,50,1
L1-L2-L3,205,122,172,1
L1-L2-L3,205,123,87,1
L1-L2-L3,205,126,48,1
L1-L2-L3,205,127,194,1
L1-L2-L3,205,128,95,1
L1-L2-L3,205,131,182,1
L1-L2-L3,205,134,235,1
L1-L2-L3,205,135,24,1
L1-L2-L3,205,136,1,1
L1-L2-L3,205,138,7,1
L1-L2-L3,205,142,106,1
L1-L2-L3,205,147,46,1
L1-L2-L3,205,150,103,1
L1-L2-L3,205,154,9,1
L1-L2-L3,205,156,9,1
L1-L2-L3,205,157,90,1
L1-L2-L3,205,158,63,1
L1-L2-L3,205,162,166,1
L1-L2-L3,205,164,162,1
L1-L2-L3,205,165,80,1
L1-L2-L3,205,166,1,1
L1-L2-L3,205,170,161,1
L1-L2-L3,205,172,75,1
L1-L2-L3,205,174,114,1
L1-L2-L3,205,175,86,1
L1-L2-L3,205,177,125,1
L1-L2-L3,205,180,68,1
L1-L2-L3,205,181,254,1
L1-L2-L3,205,182,91,1
L1-L2-L3,205,185,92,1
L1-L2-L3,205,190,156,1
L1-L2-L3,205,192,47,1
L1-L2-L3,205,193,91,1
L1-L2-L3,205,194,11,1
L1-L2-L3,205,195,205,1
L1-L2-L3,205,196,90,1
L1-L2-L3,205,198,9,1
L1-L2-L3,205,199,167,1
L1-L2-L3,205,201,5,1
L1-L2-L3,205,202,34,1
L1-L2-L3,205,203,174,1
L1-L2-L3,205,204,147,1
L1-L2-L3,205,205,35,1
L1-L2-L3,205,208,55,1
L1-L2-L3,205,210,221,1
L1-L2-L3,205,211,80,1
L1-L2-L3,205,213,50,1
L1-L2-L3,205,215,108,1
L1-L2-L3,205,216,131,1
L1-L2-L3,205,218,230,1
L1-L2-L3,205,221,96,1
L1-L2-L3,205,222,144,1
L1-L2-L3,205,223,207,1
L1-L2-L3,205,233,34,1
L1-L2-L3,205,234,118,1
L1-L2-L3,205,236,54,1
L1-L2-L3,205,237,85,1
L1-L2-L3,205,239,80,1
L1-L2-L3,205,240,26,1
L1-L2-L3,205,241,211,1
L1-L2-L3,205,245,208,1
L1-L2-L3,205,249,93,1
L1-L2-L3,205,252,107,1
L1-L2-L3,205,255,61,1
L1-L2-L3,206,5,7,1
L1-L2-L3,206,10,7,1
L1-L2-L3,206,12,115,1
L1-L2-L3,206,13,103,1
L1-L2-L3,206,14,81,1
L1-L2-L3,206,16,204,1
L1-L2-L3,206,21,69,1
L1-L2-L3,206,25,17,1
L1-L2-L3,206,29,13,1
L1-L2-L3,206,34,30,1
L1-L2-L3,206,37,175,1
L1-L2-L3,206,41,217,1
L1-L2-L3,206,43,211,1
L1-L2-L3,206,44,159,1
L1-L2-L3,206,45,233,1
L1-L2-L3,206,50,115,1
L1-L2-L3,206,53,206,1
L1-L2-L3,206,54,80,1
L1-L2-L3,206,55,80,1
L1-L2-L3,206,62,149,1
L1-L2-L3,206,69,231,1
L1-L2-L3,206,71,203,1
L1-L2-L3,206,72,84,1
L1-L2-L3,206,73,120,1
L1-L2-L3,206,74,234,1
L1-L2-L3,206,75,221,1
L1-L2-L3,206,81,195,1
L1-L2-L3,206,82,232,1
L1-L2-L3,206,83,87,1
L1-L2-L3,206,85,185,1
L1-L2-L3,206,86,189,1
L1-L2-L3,206,88,75,1
L1-L2-L3,206,89,69,1
L1-L2-L3,206,92,125,1
L1-L2-L3,206,93,63,1
L1-L2-L3,206,98,212,1
L1-L2-L3,206,99,225,1
L1-L2-L3,206,103,107,1
L1-L2-L3,206,106,30,1
L1-L2-L3,206,107,52,1
L1-L2-L3,206,117,132,1
L1-L2-L3,206,128,65,1
L1-L2-L3,206,131,81,1
L1-L2-L3,206,132,123,1
L1-L2-L3,206,136,139,1
L1-L2-L3,206,137,95,1
L1-L2-L3,206,143,37,1
L1-L2-L3,206,145,159,1
L1-L2-L3,206,146,125,1
L1-L2-L3,206,148,191,1
L1-L2-L3,206,149,212,1
L1-L2-L3,206,151,72,1
L1-L2-L3,206,153,79,1
L1-L2-L3,206,155,191,1
L1-L2-L3,206,156,212,1
L1-L2-L3,206,158,82,1
L1-L2-L3,206,159,81,1
L1-L2-L3,206,161,106,1
L1-L2-L3,206,162,132,1
L1-L2-L3,206,163,220,1
L1-L2-L3,206,167,103,1
L1-L2-L3,206,168,44,1
L1-L2-L3,206,169,168,1
L1-L2-L3,206,170,23,1
L1-L2-L3,206,171,219,1
L1-L2-L3,206,177,49,1
L1-L2-L3,206,181,91,1
L1-L2-L3,206,182,200,1
L1-L2-L3,206,184,13,1
L1-L2-L3,206,186,105,1
L1-L2-L3,206,188,33,1
L1-L2-L3,206,189,225,1
L1-L2-L3,206,190,179,1
L1-L2-L3,206,191,183,1
L1-L2-L3,206,193,66,1
L1-L2-L3,206,195,81,1
L1-L2-L3,206,198,21,1
L1-L2-L3,206,199,0,1
L1-L2-L3,206,200,189,1
L1-L2-L3,206,202,197,1
L1-L2-L3,206,209,245,1
L1-L2-L3,206,210,229,1
L1-L2-L3,206,211,7,1
L1-L2-L3,206,219,227,1
L1-L2-L3,206,220,31,1
L1-L2-L3,206,221,110,1
L1-L2-L3,206,222,81,1
L1-L2-L3,206,226,207,1
L1-L2-L3,206,231,62,1
L1-L2-L3,206,232,45,1
L1-L2-L3,206,234,23,1
L1-L2-L3,206,238,71,1
L1-L2-L3,206,247,125,1
L1-L2-L3,206,249,33,1
L1-L2-L3,206,250,163,1
L1-L2-L3,206,252,16,1
L1-L2-L3,206,254,115,1
L1-L2-L3,206,255,217,1
L1-L2-L3,207,0,198,1
L1-L2-L3,207,4,75,1
L1-L2-L3,207,5,123,1
L1-L2-L3,207,18,133,1
L1-L2-L3,207,23,62,1
L1-L2-L3,207,24,138,1
L1-L2-L3,207,25,59,1
L1-L2-L3,207,28,30,1
L1-L2-L3,207,30,89,1
L1-L2-L3,207,32,255,1
L1-L2-L3,207,39,92,1
L1-L2-L3,207,40,248,1
L1-L2-L3,207,44,242,1
L1-L2-L3,207,53,26,1
L1-L2-L3,207,55,253,1
L1-L2-L3,207,60,195,1
L1-L2-L3,207,61,103,1
L1-L2-L3,207,63,95,1
L1-L2-L3,207,64,152,1
L1-L2-L3,207,67,137,1
L1-L2-L3,207,72,75,1
L1-L2-L3,207,73,64,1
L1-L2-L3,207,75,19,1
L1-L2-L3,207,76,240,1
L1-L2-L3,207,77,236,1
L1-L2-L3,207,79,243,1
L1-L2-L3,207,80,40,1
L1-L2-L3,207,81,0,1
L1-L2-L3,207,82,72,1
L1-L2-L3,207,85,130,1
L1-L2-L3,207,86,113,1
L1-L2-L3,207,87,120,1
L1-L2-L3,207,90,166,1
L1-L2-L3,207,91,255,1
L1-L2-L3,207,94,174,1
L1-L2-L3,207,98,96,1
L1-L2-L3,207,101,230,1
L1-L2-L3,207,103,14,1
L1-L2-L3,207,104,74,1
L1-L2-L3,207,105,236,1
L1-L2-L3,207,112,53,1
L1-L2-L3,207,113,209,1
L1-L2-L3,207,117,72,1
L1-L2-L3,207,118,208,1
L1-L2-L3,207,120,55,1
L1-L2-L3,207,122,244,1
L1-L2-L3,207,123,42,1
L1-L2-L3,207,124,255,1
L1-L2-L3,207,125,55,1
L1-L2-L3,207,126,222,1
L1-L2-L3,207,128,124,1
L1-L2-L3,207,130,187,1
L1-L2-L3,207,134,10,1
L1-L2-L3,207,136,255,1
L1-L2-L3,207,137,89,1
L1-L2-L3,207,144,230,1
L1-L2-L3,207,146,176,1
L1-L2-L3,207,150,156,1
L1-L2-L3,207,151,240,1
L1-L2-L3,207,152,236,1
L1-L2-L3,207,154,13,1
L1-L2-L3,207,157,109,1
L1-L2-L3,207,159,187,1
L1-L2-L3,207,162,54,1
L1-L2-L3,207,164,137,1
L1-L2-L3,207,165,51,1
L1-L2-L3,207,166,135,1
L1-L2-L3,207,167,214,1
L1-L2-L3,207,168,16,1
L1-L2-L3,207,169,117,1
L1-L2-L3,207,170,31,1
L1-L2-L3,207,172,202,1
L1-L2-L3,207,174,217,1
L1-L2-L3,207,175,216,1
L1-L2-L3,207,176,193,1
L1-L2-L3,207,177,215,1
L1-L2-L3,207,178,252,1
L1-L2-L3,207,179,160,1
L1-L2-L3,207,180,253,1
L1-L2-L3,207,182,208,1
L1-L2-L3,207,183,44,1
L1-L2-L3,207,186,19,1
L1-L2-L3,207,189,238,1
L1-L2-L3,207,190,224,1
L1-L2-L3,207,192,166,1
L1-L2-L3,207,193,171,1
L1-L2-L3,207,194,116,1
L1-L2-L3,207,197,155,1
L1-L2-L3,207,198,138,1
L1-L2-L3,207,201,255,1
L1-L2-L3,207,202,119,1
L1-L2-L3,207,205,34,1
L1-L2-L3,207,208,169,1
L1-L2-L3,207,211,200,1
L1-L2-L3,207,213,53,1
L1-L2-L3,207,214,217,1
L1-L2-L3,207,216,38,1
L1-L2-L3,207,218,255,1
L1-L2-L3,207,221,30,1
L1-L2-L3,207,223,142,1
L1-L2-L3,207,224,151,1
L1-L2-L3,207,225,139,1
L1-L2-L3,207,228,108,1
L1-L2-L3,207,234,41,1
L1-L2-L3,207,235,109,1
L1-L2-L3,207,236,138,1
L1-L2-L3,207,237,198,1
L1-L2-L3,207,238,177,1
L1-L2-L3,207,240,78,1
L1-L2-L3,207,241,29,1
L1-L2-L3,207,242,135,1
L1-L2-L3,207,243,13,1
L1-L2-L3,207,245,214,1
L1-L2-L3,207,246,13,1
L1-L2-L3,207,247,166,1
L1-L2-L3,207,250,240,1
L1-L2-L3,207,251,220,1
L1-L2-L3,207,252,27,1
L1-L2-L3,207,254,43,1
L1-L2-L3,208,1,69,1
L1-L2-L3,208,6,91,1
L1-L2-L3,208,7,236,1
L1-L2-L3,208,8,160,1
L1-L2-L3,208,10,15,1
L1-L2-L3,208,12,43,1
L1-L2-L3,208,14,153,1
L1-L2-L3,208,15,78,1
L1-L2-L3,208,16,55,1
L1-L2-L3,208,19,233,1
L1-L2-L3,208,20,40,1
L1-L2-L3,208,21,6,1
L1-L2-L3,208,23,137,1
L1-L2-L3,208,27,7,1
L1-L2-L3,208,29,90,1
L1-L2-L3,208,37,161,1
L1-L2-L3,208,38,23,1
L1-L2-L3,208,43,187,1
L1-L2-L3,208,48,152,1
L1-L2-L3,208,49,15,1
L1-L2-L3,208,51,172,1
L1-L2-L3,208,54,47,1
L1-L2-L3,208,57,204,1
L1-L2-L3,208,61,234,1
L1-L2-L3,208,63,41,1
L1-L2-L3,208,65,193,1
L1-L2-L3,208,68,114,1
L1-L2-L3,208,69,22,1
L1-L2-L3,208,74,157,1
L1-L2-L3,208,78,119,1
L1-L2-L3,208,79,49,1
L1-L2-L3,208,86,41,1
L1-L2-L3,208,89,193,1
L1-L2-L3,208,94,170,1
L1-L2-L3,208,95,202,1
L1-L2-L3,208,97,47,1
L1-L2-L3,208,98,8,1
L1-L2-L3,208,103,142,1
L1-L2-L3,208,106,126,1
L1-L2-L3,208,107,176,1
L1-L2-L3,208,108,153,1
L1-L2-L3,208,111,237,1
L1-L2-L3,208,113,84,1
L1-L2-L3,208,114,19,1
L1-L2-L3,208,116,236,1
L1-L2-L3,208,117,16,1
L1-L2-L3,208,124,43,1
L1-L2-L3,208,127,151,1
L1-L2-L3,208,130,109,1
L1-L2-L3,208,134,208,1
L1-L2-L3,208,136,121,1
L1-L2-L3,208,137,249,1
L1-L2-L3,208,138,40,1
L1-L2-L3,208,142,73,1
L1-L2-L3,208,143,216,1
L1-L2-L3,208,144,36,1
L1-L2-L3,208,146,87,1
L1-L2-L3,208,147,197,1
L1-L2-L3,208,148,52,1
L1-L2-L3,208,149,120,1
L1-L2-L3,208,151,85,1
L1-L2-L3,208,152,13,1
L1-L2-L3,208,154,2,1
L1-L2-L3,208,156,160,1
L1-L2-L3,208,159,243,1
L1-L2-L3,208,163,43,1
L1-L2-L3,208,164,53,1
L1-L2-L3,208,165,56,1
L1-L2-L3,208,167,217,1
L1-L2-L3,208,172,105,1
L1-L2-L3,208,173,229,1
L1-L2-L3,208,174,235,1
L1-L2-L3,208,176,222,1
L1-L2-L3,208,177,93,1
L1-L2-L3,208,178,181,1
L1-L2-L3,208,180,16,1
L1-L2-L3,208,182,70,1
L1-L2-L3,208,190,43,1
L1-L2-L3,208,191,201,1
L1-L2-L3,208,193,176,1
L1-L2-L3,208,194,52,1
L1-L2-L3,208,196,94,1
L1-L2-L3,208,199,69,1
L1-L2-L3,208,202,227,1
L1-L2-L3,208,206,76,1
L1-L2-L3,208,209,164,1
L1-L2-L3,208,211,41,1
L1-L2-L3,208,212,108,1
L1-L2-L3,208,214,240,1
L1-L2-L3,208,215,119,1
L1-L2-L3,208,216,25,1
L1-L2-L3,208,218,20,1
L1-L2-L3,208,221,13,1
L1-L2-L3,208,222,1,1
L1-L2-L3,208,223,108,1
L1-L2-L3,208,224,201,1
L1-L2-L3,208,225,60,1
L1-L2-L3,208,229,244,1
L1-L2-L3,208,230,146,1
L1-L2-L3,208,233,187,1
L1-L2-L3,208,234,13,1
L1-L2-L3,208,236,91,1
L1-L2-L3,208,241,80,1
L1-L2-L3,208,244,13,1
L1-L2-L3,208,245,229,1
L1-L2-L3,208,246,79,1
L1-L2-L3,208,247,77,1
L1-L2-L3,208,248,130,1
L1-L2-L3,208,251,48,1
L1-L2-L3,208,252,240,1
L1-L2-L3,209,0,151,1
L1-L2-L3,209,1,91,1
L1-L2-L3,209,11,232,1
L1-L2-L3,209,13,47,1
L1-L2-L3,209,16,79,1
L1-L2-L3,209,21,124,1
L1-L2-L3,209,24,61,1
L1-L2-L3,209,26,88,1
L1-L2-L3,209,28,245,1
L1-L2-L3,209,31,146,1
L1-L2-L3,209,33,83,1
L1-L2-L3,209,35,159,1
L1-L2-L3,209,38,218,1
L1-L2-L3,209,46,214,1
L1-L2-L3,209,48,20,1
L1-L2-L3,209,49,136,1
L1-L2-L3,209,51,19,1
L1-L2-L3,209,56,254,1
L1-L2-L3,209,57,237,1
L1-L2-L3,209,59,100,1
L1-L2-L3,209,61,18,1
L1-L2-L3,209,63,70,1
L1-L2-L3,209,64,19,1
L1-L2-L3,209,67,101,1
L1-L2-L3,209,68,15,1
L1-L2-L3,209,74,63,1
L1-L2-L3,209,86,57,1
L1-L2-L3,209,87,248,1
L1-L2-L3,209,88,188,1
L1-L2-L3,209,90,61,1
L1-L2-L3,209,95,124,1
L1-L2-L3,209,96,147,1
L1-L2-L3,209,104,171,1
L1-L2-L3,209,107,242,1
L1-L2-L3,209,109,48,1
L1-L2-L3,209,110,159,1
L1-L2-L3,209,111,218,1
L1-L2-L3,209,113,179,1
L1-L2-L3,209,115,118,1
L1-L2-L3,209,121,79,1
L1-L2-L3,209,122,208,1
L1-L2-L3,209,123,213,1
L1-L2-L3,209,125,127,1
L1-L2-L3,209,126,124,1
L1-L2-L3,209,129,58,1
L1-L2-L3,209,133,64,1
L1-L2-L3,209,137,146,1
L1-L2-L3,209,138,133,1
L1-L2-L3,209,139,182,1
L1-L2-L3,209,140,142,1
L1-L2-L3,209,141,209,1
L1-L2-L3,209,142,13,1
L1-L2-L3,209,146,222,1
L1-L2-L3,209,148,104,1
L1-L2-L3,209,149,144,1
L1-L2-L3,209,151,121,1
L1-L2-L3,209,152,57,1
L1-L2-L3,209,155,212,1
L1-L2-L3,209,156,102,1
L1-L2-L3,209,157,20,1
L1-L2-L3,209,159,254,1
L1-L2-L3,209,160,143,1
L1-L2-L3,209,165,91,1
L1-L2-L3,209,170,53,1
L1-L2-L3,209,172,107,1
L1-L2-L3,209,178,176,1
L1-L2-L3,209,180,34,1
L1-L2-L3,209,181,164,1
L1-L2-L3,209,185,95,1
L1-L2-L3,209,186,103,1
L1-L2-L3,209,187,57,1
L1-L2-L3,209,188,144,1
L1-L2-L3,209,191,242,1
L1-L2-L3,209,193,83,1
L1-L2-L3,209,195,19,1
L1-L2-L3,209,196,109,1
L1-L2-L3,209,197,42,1
L1-L2-L3,209,199,44,1
L1-L2-L3,209,200,79,1
L1-L2-L3,209,201,30,1
L1-L2-L3,209,202,165,1
L1-L2-L3,209,203,5,1
L1-L2-L3,209,204,249,1
L1-L2-L3,209,205,163,1
L1-L2-L3,209,206,244,1
L1-L2-L3,209,207,18,1
L1-L2-L3,209,210,155,1
L1-L2-L3,209,213,11,1
L1-L2-L3,209,216,65,1
L1-L2-L3,209,217,106,1
L1-L2-L3,209,218,7,1
L1-L2-L3,209,219,115,1
L1-L2-L3,209,220,12,1
L1-L2-L3,209,221,29,1
L1-L2-L3,209,222,205,1
L1-L2-L3,209,226,177,1
L1-L2-L3,209,227,216,1
L1-L2-L3,209,229,83,1
L1-L2-L3,209,231,11,1
L1-L2-L3,209,232,22,1
L1-L2-L3,209,234,131,1
L1-L2-L3,209,236,61,1
L1-L2-L3,209,237,190,1
L1-L2-L3,209,238,136,1
L1-L2-L3,209,241,98,1
L1-L2-L3,209,243,237,1
L1-L2-L3,209,244,37,1
L1-L2-L3,209,246,80,1
L1-L2-L3,209,250,52,1
L1-L2-L3,209,251,227,1
L1-L2-L3,209,252,12,1
L1-L2-L3,209,254,112,1
L1-L2-L3,210,0,178,1
L1-L2-L3,210,1,113,1
L1-L2-L3,210,9,78,1
L1-L2-L3,210,12,25,1
L1-L2-L3,210,13,244,1
L1-L2-L3,210,18,26,1
L1-L2-L3,210,24,220,1
L1-L2-L3,210,25,16,1
L1-L2-L3,210,27,16,1
L1-L2-L3,210,30,121,1
L1-L2-L3,210,33,166,1
L1-L2-L3,210,36,205,1
L1-L2-L3,210,37,160,1
L1-L2-L3,210,39,47,1
L1-L2-L3,210,40,160,1
L1-L2-L3,210,44,24,1
L1-L2-L3,210,45,149,1
L1-L2-L3,210,51,146,1
L1-L2-L3,210,54,219,1
L1-L2-L3,210,57,16,1
L1-L2-L3,210,59,180,1
L1-L2-L3,210,71,108,1
L1-L2-L3,210,85,157,1
L1-L2-L3,210,86,235,1
L1-L2-L3,210,90,81,1
L1-L2-L3,210,93,100,1
L1-L2-L3,210,97,14,1
L1-L2-L3,210,101,133,1
L1-L2-L3,210,103,197,1
L1-L2-L3,210,108,105,1
L1-L2-L3,210,112,42,1
L1-L2-L3,210,113,215,1
L1-L2-L3,210,116,43,1
L1-L2-L3,210,120,202,1
L1-L2-L3,210,122,240,1
L1-L2-L3,210,123,77,1
L1-L2-L3,210,127,202,1
L1-L2-L3,210,128,27,1
L1-L2-L3,210,131,78,1
L1-L2-L3,210,132,99,1
L1-L2-L3,210,133,220,1
L1-L2-L3,210,136,202,1
L1-L2-L3,210,137,103,1
L1-L2-L3,210,139,117,1
L1-L2-L3,210,141,165,1
L1-L2-L3,210,143,32,1
L1-L2-L3,210,144,168,1
L1-L2-L3,210,152,125,1
L1-L2-L3,210,154,128,1
L1-L2-L3,210,156,202,1
L1-L2-L3,210,165,2,1
L1-L2-L3,210,166,150,1
L1-L2-L3,210,171,178,1
L1-L2-L3,210,174,99,1
L1-L2-L3,210,175,165,1
L1-L2-L3,210,178,133,1
L1-L2-L3,210,180,40,1
L1-L2-L3,210,181,146,1
L1-L2-L3,210,182,3,1
L1-L2-L3,210,186,154,1
L1-L2-L3,210,187,43,1
L1-L2-L3,210,190,56,1
L1-L2-L3,210,191,205,1
L1-L2-L3,210,192,29,1
L1-L2-L3,210,193,158,1
L1-L2-L3,210,194,19,1
L1-L2-L3,210,197,95,1
L1-L2-L3,210,199,26,1
L1-L2-L3,210,200,172,1
L1-L2-L3,210,202,75,1
L1-L2-L3,210,203,160,1
L1-L2-L3,210,205,138,1
L1-L2-L3,210,206,77,1
L1-L2-L3,210,209,67,1
L1-L2-L3,210,210,56,1
L1-L2-L3,210,211,26,1
L1-L2-L3,210,213,104,1
L1-L2-L3,210,215,248,1
L1-L2-L3,210,217,161,1
L1-L2-L3,210,218,5,1
L1-L2-L3,210,220,45,1
L1-L2-L3,210,221,20,1
L1-L2-L3,210,222,98,1
L1-L2-L3,210,225,16,1
L1-L2-L3,210,227,191,1
L1-L2-L3,210,229,40,1
L1-L2-L3,210,230,184,1
L1-L2-L3,210,231,2,1
L1-L2-L3,210,234,231,1
L1-L2-L3,210,236,58,1
L1-L2-L3,210,239,16,1
L1-L2-L3,210,240,89,1
L1-L2-L3,210,242,114,1
L1-L2-L3,210,245,93,1
L1-L2-L3,210,247,149,1
L1-L2-L3,210,248,200,1
L1-L2-L3,210,249,157,1
L1-L2-L3,210,250,197,1
L1-L2-L3,210,251,151,1
L1-L2-L3,210,254,34,1
L1-L2-L3,210,255,17,1
L1-L2-L3,211,3,194,1
L1-L2-L3,211,4,225,1
L1-L2-L3,211,5,216,1
L1-L2-L3,211,7,204,1
L1-L2-L3,211,13,181,1
L1-L2-L3,211,15,39,1
L1-L2-L3,211,20,208,1
L1-L2-L3,211,21,249,1
L1-L2-L3,211,23,87,1
L1-L2-L3,211,25,100,1
L1-L2-L3,211,29,178,1
L1-L2-L3,211,30,234,1
L1-L2-L3,211,33,185,1
L1-L2-L3,211,45,17,1
L1-L2-L3,211,52,68,1
L1-L2-L3,211,53,177,1
L1-L2-L3,211,55,120,1
L1-L2-L3,211,70,1,1
L1-L2-L3,211,71,140,1
L1-L2-L3,211,74,243,1
L1-L2-L3,211,79,50,1
L1-L2-L3,211,80,196,1
L1-L2-L3,211,93,14,1
L1-L2-L3,211,95,39,1
L1-L2-L3,211,96,168,1
L1-L2-L3,211,101,130,1
L1-L2-L3,211,109,15,1
L1-L2-L3,211,112,141,1
L1-L2-L3,211,113,17,1
L1-L2-L3,211,116,250,1
L1-L2-L3,211,123,249,1
L1-L2-L3,211,124,214,1
L1-L2-L3,211,125,52,1
L1-L2-L3,211,128,3,1
L1-L2-L3,211,129,20,1
L1-L2-L3,211,130,177,1
L1-L2-L3,211,133,50,1
L1-L2-L3,211,135,78,1
L1-L2-L3,211,136,47,1
L1-L2-L3,211,144,255,1
L1-L2-L3,211,145,194,1
L1-L2-L3,211,148,164,1
L1-L2-L3,211,149,88,1
L1-L2-L3,211,152,200,1
L1-L2-L3,211,153,221,1
L1-L2-L3,211,155,79,1
L1-L2-L3,211,156,78,1
L1-L2-L3,211,157,252,1
L1-L2-L3,211,162,80,1
L1-L2-L3,211,164,247,1
L1-L2-L3,211,169,113,1
L1-L2-L3,211,173,6,1
L1-L2-L3,211,174,25,1
L1-L2-L3,211,175,211,1
L1-L2-L3,211,176,232,1
L1-L2-L3,211,179,80,1
L1-L2-L3,211,181,80,1
L1-L2-L3,211,183,11,1
L1-L2-L3,211,185,247,1
L1-L2-L3,211,189,121,1
L1-L2-L3,211,191,192,1
L1-L2-L3,211,193,96,1
L1-L2-L3,211,198,17,1
L1-L2-L3,211,199,7,1
L1-L2-L3,211,201,227,1
L1-L2-L3,211,214,84,1
L1-L2-L3,211,215,49,1
L1-L2-L3,211,217,130,1
L1-L2-L3,211,219,80,1
L1-L2-L3,211,220,89,1
L1-L2-L3,211,221,216,1
L1-L2-L3,211,222,220,1
L1-L2-L3,211,223,238,1
L1-L2-L3,211,224,36,1
L1-L2-L3,211,226,54,1
L1-L2-L3,211,231,134,1
L1-L2-L3,211,234,250,1
L1-L2-L3,211,236,174,1
L1-L2-L3,211,240,121,1
L1-L2-L3,211,241,247,1
L1-L2-L3,211,243,163,1
L1-L2-L3,211,244,156,1
L1-L2-L3,211,245,156,1
L1-L2-L3,211,249,31,1
L1-L2-L3,211,250,37,1
L1-L2-L3,211,252,124,1
L1-L2-L3,211,255,89,1
L1-L2-L3,212,1,137,1
L1-L2-L3,212,2,47,1
L1-L2-L3,212,3,163,1
L1-L2-L3,212,7,110,1
L1-L2-L3,212,8,149,1
L1-L2-L3,212,9,79,1
L1-L2-L3,212,10,158,1
L1-L2-L3,212,15,43,1
L1-L2-L3,212,16,242,1
L1-L2-L3,212,18,19,1
L1-L2-L3,212,21,139,1
L1-L2-L3,212,25,168,1
L1-L2-L3,212,30,3,1
L1-L2-L3,212,38,53,1
L1-L2-L3,212,40,67,1
L1-L2-L3,212,41,20,1
L1-L2-L3,212,43,101,1
L1-L2-L3,212,47,234,1
L1-L2-L3,212,53,184,1
L1-L2-L3,212,54,43,1
L1-L2-L3,212,61,157,1
L1-L2-L3,212,62,40,1
L1-L2-L3,212,66,178,1
L1-L2-L3,212,67,242,1
L1-L2-L3,212,68,37,1
L1-L2-L3,212,70,163,1
L1-L2-L3,212,71,253,1
L1-L2-L3,212,76,131,1
L1-L2-L3,212,78,42,1
L1-L2-L3,212,79,205,1
L1-L2-L3,212,80,129,1
L1-L2-L3,212,84,53,1
L1-L2-L3,212,85,43,1
L1-L2-L3,212,86,94,1
L1-L2-L3,212,87,246,1
L1-L2-L3,212,88,78,1
L1-L2-L3,212,89,116,1
L1-L2-L3,212,93,254,1
L1-L2-L3,212,94,222,1
L1-L2-L3,212,103,198,1
L1-L2-L3,212,104,19,1
L1-L2-L3,212,108,170,1
L1-L2-L3,212,111,93,1
L1-L2-L3,212,113,186,1
L1-L2-L3,212,114,172,1
L1-L2-L3,212,119,103,1
L1-L2-L3,212,122,126,1
L1-L2-L3,212,124,98,1
L1-L2-L3,212,125,147,1
L1-L2-L3,212,127,189,1
L1-L2-L3,212,128,21,1
L1-L2-L3,212,134,199,1
L1-L2-L3,212,135,239,1
L1-L2-L3,212,136,168,1
L1-L2-L3,212,137,93,1
L1-L2-L3,212,141,175,1
L1-L2-L3,212,151,142,1
L1-L2-L3,212,154,31,1
L1-L2-L3,212,157,40,1
L1-L2-L3,212,159,32,1
L1-L2-L3,212,160,162,1
L1-L2-L3,212,161,172,1
L1-L2-L3,212,162,162,1
L1-L2-L3,212,163,199,1
L1-L2-L3,212,164,67,1
L1-L2-L3,212,167,93,1
L1-L2-L3,212,170,226,1
L1-L2-L3,212,171,118,1
L1-L2-L3,212,175,133,1
L1-L2-L3,212,176,113,1
L1-L2-L3,212,178,67,1
L1-L2-L3,212,179,64,1
L1-L2-L3,212,180,110,1
L1-L2-L3,212,181,250,1
L1-L2-L3,212,186,193,1
L1-L2-L3,212,188,69,1
L1-L2-L3,212,189,127,1
L1-L2-L3,212,191,21,1
L1-L2-L3,212,192,35,1
L1-L2-L3,212,193,167,1
L1-L2-L3,212,194,67,1
L1-L2-L3,212,196,95,1
L1-L2-L3,212,197,164,1
L1-L2-L3,212,198,3,1
L1-L2-L3,212,200,42,1
L1-L2-L3,212,202,167,1
L1-L2-L3,212,205,86,1
L1-L2-L3,212,207,40,1
L1-L2-L3,212,209,118,1
L1-L2-L3,212,212,189,1
L1-L2-L3,212,213,247,1
L1-L2-L3,212,215,124,1
L1-L2-L3,212,218,168,1
L1-L2-L3,212,220,14,1
L1-L2-L3,212,223,103,1
L1-L2-L3,212,225,116,1
L1-L2-L3,212,233,21,1
L1-L2-L3,212,234,31,1
L1-L2-L3,212,235,19,1
L1-L2-L3,212,236,132,1
L1-L2-L3,212,241,79,1
L1-L2-L3,212,246,46,1
L1-L2-L3,212,249,34,1
L1-L2-L3,212,251,35,1
L1-L2-L3,212,253,202,1
L1-L2-L3,212,255,188,1
L1-L2-L3,213,2,28,1
L1-L2-L3,213,4,204,1
L1-L2-L3,213,5,118,1
L1-L2-L3,213,9,40,1
L1-L2-L3,213,10,148,1
L1-L2-L3,213,13,95,1
L1-L2-L3,213,14,12,1
L1-L2-L3,213,17,100,1
L1-L2-L3,213,18,161,1
L1-L2-L3,213,19,135,1
L1-L2-L3,213,20,107,1
L1-L2-L3,213,21,105,1
L1-L2-L3,213,23,29,1
L1-L2-L3,213,24,125,1
L1-L2-L3,213,25,183,1
L1-L2-L3,213,27,39,1
L1-L2-L3,213,29,20,1
L1-L2-L3,213,31,198,1
L1-L2-L3,213,33,165,1
L1-L2-L3,213,36,177,1
L1-L2-L3,213,39,22,1
L1-L2-L3,213,42,45,1
L1-L2-L3,213,44,145,1
L1-L2-L3,213,45,30,1
L1-L2-L3,213,46,108,1
L1-L2-L3,213,50,139,1
L1-L2-L3,213,53,89,1
L1-L2-L3,213,54,198,1
L1-L2-L3,213,55,147,1
L1-L2-L3,213,57,131,1
L1-L2-L3,213,59,234,1
L1-L2-L3,213,64,77,1
L1-L2-L3,213,66,0,1
L1-L2-L3,213,67,230,1
L1-L2-L3,213,74,21,1
L1-L2-L3,213,76,188,1
L1-L2-L3,213,77,66,1
L1-L2-L3,213,81,250,1
L1-L2-L3,213,82,101,1
L1-L2-L3,213,83,185,1
L1-L2-L3,213,88,213,1
L1-L2-L3,213,91,139,1
L1-L2-L3,213,96,22,1
L1-L2-L3,213,98,99,1
L1-L2-L3,213,102,129,1
L1-L2-L3,213,108,116,1
L1-L2-L3,213,109,188,1
L1-L2-L3,213,112,8,1
L1-L2-L3,213,113,197,1
L1-L2-L3,213,119,144,1
L1-L2-L3,213,120,40,1
L1-L2-L3,213,121,148,1
L1-L2-L3,213,124,235,1
L1-L2-L3,213,128,78,1
L1-L2-L3,213,131,35,1
L1-L2-L3,213,132,31,1
L1-L2-L3,213,133,12,1
L1-L2-L3,213,134,143,1
L1-L2-L3,213,135,237,1
L1-L2-L3,213,136,127,1
L1-L2-L3,213,138,65,1
L1-L2-L3,213,139,110,1
L1-L2-L3,213,144,147,1
L1-L2-L3,213,146,130,1
L1-L2-L3,213,147,161,1
L1-L2-L3,213,152,134,1
L1-L2-L3,213,153,98,1
L1-L2-L3,213,154,194,1
L1-L2-L3,213,155,85,1
L1-L2-L3,213,156,234,1
L1-L2-L3,213,160,184,1
L1-L2-L3,213,161,213,1
L1-L2-L3,213,168,138,1
L1-L2-L3,213,169,81,1
L1-L2-L3,213,170,36,1
L1-L2-L3,213,173,167,1
L1-L2-L3,213,174,22,1
L1-L2-L3,213,175,253,1
L1-L2-L3,213,176,231,1
L1-L2-L3,213,178,21,1
L1-L2-L3,213,180,147,1
L1-L2-L3,213,181,24,1
L1-L2-L3,213,183,131,1
L1-L2-L3,213,185,47,1
L1-L2-L3,213,188,87,1
L1-L2-L3,213,195,135,1
L1-L2-L3,213,196,22,1
L1-L2-L3,213,199,250,1
L1-L2-L3,213,203,232,1
L1-L2-L3,213,204,123,1
L1-L2-L3,213,208,110,1
L1-L2-L3,213,209,144,1
L1-L2-L3,213,210,31,1
L1-L2-L3,213,215,221,1
L1-L2-L3,213,216,92,1
L1-L2-L3,213,217,103,1
L1-L2-L3,213,221,3,1
L1-L2-L3,213,222,230,1
L1-L2-L3,213,223,140,1
L1-L2-L3,213,231,231,1
L1-L2-L3,213,232,138,1
L1-L2-L3,213,234,241,1
L1-L2-L3,213,236,99,1
L1-L2-L3,213,238,232,1
L1-L2-L3,213,239,204,1
L1-L2-L3,213,240,155,1
L1-L2-L3,213,242,54,1
L1-L2-L3,213,243,105,1
L1-L2-L3,213,244,28,1
L1-L2-L3,213,245,168,1
L1-L2-L3,213,252,54,1
L1-L2-L3,213,253,46,1
L1-L2-L3,213,254,163,1
L1-L2-L3,214,0,72,1
L1-L2-L3,214,4,176,1
L1-L2-L3,214,13,9,1
L1-L2-L3,214,16,4,1
L1-L2-L3,214,19,45,1
L1-L2-L3,214,25,121,1
L1-L2-L3,214,28,39,1
L1-L2-L3,214,30,31,1
L1-L2-L3,214,31,165,1
L1-L2-L3,214,33,137,1
L1-L2-L3,214,35,245,1
L1-L2-L3,214,36,118,1
L1-L2-L3,214,39,186,1
L1-L2-L3,214,40,180,1
L1-L2-L3,214,41,190,1
L1-L2-L3,214,42,43,1
L1-L2-L3,214,47,90,1
L1-L2-L3,214,48,71,1
L1-L2-L3,214,50,70,1
L1-L2-L3,214,53,178,1
L1-L2-L3,214,58,194,1
L1-L2-L3,214,59,89,1
L1-L2-L3,214,62,173,1
L1-L2-L3,214,66,160,1
L1-L2-L3,214,68,46,1
L1-L2-L3,214,72,213,1
L1-L2-L3,214,73,82,1
L1-L2-L3,214,82,180,1
L1-L2-L3,214,86,159,1
L1-L2-L3,214,88,232,1
L1-L2-L3,214,97,69,1
L1-L2-L3,214,98,50,1
L1-L2-L3,214,99,141,1
L1-L2-L3,214,107,107,1
L1-L2-L3,214,110,201,1
L1-L2-L3,214,114,141,1
L1-L2-L3,214,116,12,1
L1-L2-L3,214,118,90,1
L1-L2-L3,214,120,251,1
L1-L2-L3,214,121,225,1
L1-L2-L3,214,134,49,1
L1-L2-L3,214,143,203,1
L1-L2-L3,214,148,185,1
L1-L2-L3,214,150,105,1
L1-L2-L3,214,154,226,1
L1-L2-L3,214,155,31,1
L1-L2-L3,214,159,99,1
L1-L2-L3,214,160,180,1
L1-L2-L3,214,169,165,1
L1-L2-L3,214,170,178,1
L1-L2-L3,214,172,186,1
L1-L2-L3,214,173,161,1
L1-L2-L3,214,175,69,1
L1-L2-L3,214,176,52,1
L1-L2-L3,214,177,13,1
L1-L2-L3,214,178,58,1
L1-L2-L3,214,185,69,1
L1-L2-L3,214,187,12,1
L1-L2-L3,214,188,76,1
L1-L2-L3,214,189,112,1
L1-L2-L3,214,191,161,1
L1-L2-L3,214,192,69,1
L1-L2-L3,214,194,249,1
L1-L2-L3,214,195,62,1
L1-L2-L3,214,198,186,1
L1-L2-L3,214,199,35,1
L1-L2-L3,214,200,76,1
L1-L2-L3,214,202,55,1
L1-L2-L3,214,203,158,1
L1-L2-L3,214,208,217,1
L1-L2-L3,214,209,242,1
L1-L2-L3,214,213,153,1
L1-L2-L3,214,215,128,1
L1-L2-L3,214,219,132,1
L1-L2-L3,214,221,12,1
L1-L2-L3,214,223,172,1
L1-L2-L3,214,230,96,1
L1-L2-L3,214,231,128,1
L1-L2-L3,214,232,131,1
L1-L2-L3,214,234,129,1
L1-L2-L3,214,238,148,1
L1-L2-L3,214,240,118,1
L1-L2-L3,214,245,72,1
L1-L2-L3,214,246,219,1
L1-L2-L3,214,248,148,1
L1-L2-L3,214,249,76,1
L1-L2-L3,214,250,75,1
L1-L2-L3,214,254,248,1
L1-L2-L3,215,4,94,1
L1-L2-L3,215,7,196,1
L1-L2-L3,215,13,39,1
L1-L2-L3,215,15,57,1
L1-L2-L3,215,18,89,1
L1-L2-L3,215,28,58,1
L1-L2-L3,215,29,170,1
L1-L2-L3,215,30,75,1
L1-L2-L3,215,37,23,1
L1-L2-L3,215,39,232,1
L1-L2-L3,215,40,211,1
L1-L2-L3,215,43,111,1
L1-L2-L3,215,50,43,1
L1-L2-L3,215,55,112,1
L1-L2-L3,215,60,120,1
L1-L2-L3,215,62,229,1
L1-L2-L3,215,66,52,1
L1-L2-L3,215,68,189,1
L1-L2-L3,215,72,60,1
L1-L2-L3,215,80,150,1
L1-L2-L3,215,87,84,1
L1-L2-L3,215,88,43,1
L1-L2-L3,215,91,228,1
L1-L2-L3,215,99,207,1
L1-L2-L3,215,103,108,1
L1-L2-L3,215,105,24,1
L1-L2-L3,215,107,182,1
L1-L2-L3,215,114,174,1
L1-L2-L3,215,126,118,1
L1-L2-L3,215,128,39,1
L1-L2-L3,215,129,118,1
L1-L2-L3,215,130,186,1
L1-L2-L3,215,131,169,1
L1-L2-L3,215,134,145,1
L1-L2-L3,215,137,69,1
L1-L2-L3,215,140,37,1
L1-L2-L3,215,141,61,1
L1-L2-L3,215,152,249,1
L1-L2-L3,215,153,61,1
L1-L2-L3,215,158,121,1
L1-L2-L3,215,159,114,1
L1-L2-L3,215,160,203,1
L1-L2-L3,215,161,6,1
L1-L2-L3,215,162,68,1
L1-L2-L3,215,167,37,1
L1-L2-L3,215,170,109,1
L1-L2-L3,215,172,100,1
L1-L2-L3,215,173,183,1
L1-L2-L3,215,174,201,1
L1-L2-L3,215,175,25,1
L1-L2-L3,215,182,25,1
L1-L2-L3,215,184,69,1
L1-L2-L3,215,185,143,1
L1-L2-L3,215,194,166,1
L1-L2-L3,215,197,249,1
L1-L2-L3,215,202,93,1
L1-L2-L3,215,207,210,1
L1-L2-L3,215,210,86,1
L1-L2-L3,215,211,66,1
L1-L2-L3,215,214,101,1
L1-L2-L3,215,215,51,1
L1-L2-L3,215,217,67,1
L1-L2-L3,215,218,31,1
L1-L2-L3,215,221,167,1
L1-L2-L3,215,226,52,1
L1-L2-L3,215,227,51,1
L1-L2-L3,215,228,69,1
L1-L2-L3,215,231,108,1
L1-L2-L3,215,232,224,1
L1-L2-L3,215,240,35,1
L1-L2-L3,215,241,81,1
L1-L2-L3,215,242,100,1
L1-L2-L3,215,244,35,1
L1-L2-L3,215,245,185,1
L1-L2-L3,215,248,253,1
L1-L2-L3,215,249,51,1
L1-L2-L3,215,252,165,1
L1-L2-L3,215,254,147,1
L1-L2-L3,216,1,164,1
L1-L2-L3,216,3,90,1
L1-L2-L3,216,16,10,1
L1-L2-L3,216,17,71,1
L1-L2-L3,216,22,91,1
L1-L2-L3,216,31,103,1
L1-L2-L3,216,33,80,1
L1-L2-L3,216,34,243,1
L1-L2-L3,216,36,157,1
L1-L2-L3,216,38,249,1
L1-L2-L3,216,42,49,1
L1-L2-L3,216,43,249,1
L1-L2-L3,216,44,230,1
L1-L2-L3,216,47,191,1
L1-L2-L3,216,51,130,1
L1-L2-L3,216,56,71,1
L1-L2-L3,216,59,169,1
L1-L2-L3,216,63,66,1
L1-L2-L3,216,65,142,1
L1-L2-L3,216,66,224,1
L1-L2-L3,216,71,60,1
L1-L2-L3,216,77,120,1
L1-L2-L3,216,79,103,1
L1-L2-L3,216,80,230,1
L1-L2-L3,216,81,188,1
L1-L2-L3,216,88,99,1
L1-L2-L3,216,89,161,1
L1-L2-L3,216,93,67,1
L1-L2-L3,216,95,192,1
L1-L2-L3,216,99,35,1
L1-L2-L3,216,103,187,1
L1-L2-L3,216,107,241,1
L1-L2-L3,216,109,30,1
L1-L2-L3,216,110,202,1
L1-L2-L3,216,112,134,1
L1-L2-L3,216,119,30,1
L1-L2-L3,216,132,166,1
L1-L2-L3,216,133,245,1
L1-L2-L3,216,134,148,1
L1-L2-L3,216,135,230,1
L1-L2-L3,216,136,54,1
L1-L2-L3,216,137,151,1
L1-L2-L3,216,143,223,1
L1-L2-L3,216,146,44,1
L1-L2-L3,216,150,1,1
L1-L2-L3,216,155,211,1
L1-L2-L3,216,158,57,1
L1-L2-L3,216,160,84,1
L1-L2-L3,216,163,134,1
L1-L2-L3,216,165,183,1
L1-L2-L3,216,169,31,1
L1-L2-L3,216,171,94,1
L1-L2-L3,216,173,247,1
L1-L2-L3,216,182,205,1
L1-L2-L3,216,183,212,1
L1-L2-L3,216,187,69,1
L1-L2-L3,216,188,102,1
L1-L2-L3,216,190,241,1
L1-L2-L3,216,194,161,1
L1-L2-L3,216,196,198,1
L1-L2-L3,216,197,46,1
L1-L2-L3,216,198,33,1
L1-L2-L3,216,200,121,1
L1-L2-L3,216,203,117,1
L1-L2-L3,216,207,85,1
L1-L2-L3,216,208,223,1
L1-L2-L3,216,210,39,1
L1-L2-L3,216,211,201,1
L1-L2-L3,216,213,249,1
L1-L2-L3,216,214,115,1
L1-L2-L3,216,215,206,1
L1-L2-L3,216,220,15,1
L1-L2-L3,216,221,192,1
L1-L2-L3,216,222,117,1
L1-L2-L3,216,224,25,1
L1-L2-L3,216,231,55,1
L1-L2-L3,216,232,139,1
L1-L2-L3,216,237,46,1
L1-L2-L3,216,238,111,1
L1-L2-L3,216,239,21,1
L1-L2-L3,216,242,214,1
L1-L2-L3,216,243,224,1
L1-L2-L3,216,248,156,1
L1-L2-L3,216,249,39,1
L1-L2-L3,216,250,23,1
L1-L2-L3,216,252,112,1
L1-L2-L3,217,5,160,1
L1-L2-L3,217,6,247,1
L1-L2-L3,217,8,107,1
L1-L2-L3,217,10,104,1
L1-L2-L3,217,16,181,1
L1-L2-L3,217,20,75,1
L1-L2-L3,217,21,50,1
L1-L2-L3,217,22,155,1
L1-L2-L3,217,24,248,1
L1-L2-L3,217,25,214,1
L1-L2-L3,217,26,137,1
L1-L2-L3,217,27,1,1
L1-L2-L3,217,29,168,1
L1-L2-L3,217,37,151,1
L1-L2-L3,217,44,10,1
L1-L2-L3,217,48,189,1
L1-L2-L3,217,52,191,1
L1-L2-L3,217,54,66,1
L1-L2-L3,217,61,35,1
L1-L2-L3,217,63,20,1
L1-L2-L3,217,67,219,1
L1-L2-L3,217,68,67,1
L1-L2-L3,217,69,92,1
L1-L2-L3,217,70,104,1
L1-L2-L3,217,71,103,1
L1-L2-L3,217,72,11,1
L1-L2-L3,217,74,172,1
L1-L2-L3,217,75,163,1
L1-L2-L3,217,81,247,1
L1-L2-L3,217,83,213,1
L1-L2-L3,217,84,185,1
L1-L2-L3,217,85,18,1
L1-L2-L3,217,87,187,1
L1-L2-L3,217,89,86,1
L1-L2-L3,217,93,213,1
L1-L2-L3,217,95,29,1
L1-L2-L3,217,97,160,1
L1-L2-L3,217,98,93,1
L1-L2-L3,217,100,67,1
L1-L2-L3,217,103,92,1
L1-L2-L3,217,104,172,1
L1-L2-L3,217,105,30,1
L1-L2-L3,217,108,77,1
L1-L2-L3,217,109,147,1
L1-L2-L3,217,112,218,1
L1-L2-L3,217,113,181,1
L1-L2-L3,217,116,241,1
L1-L2-L3,217,122,248,1
L1-L2-L3,217,126,245,1
L1-L2-L3,217,127,166,1
L1-L2-L3,217,129,238,1
L1-L2-L3,217,138,178,1
L1-L2-L3,217,140,23,1
L1-L2-L3,217,144,232,1
L1-L2-L3,217,146,131,1
L1-L2-L3,217,147,134,1
L1-L2-L3,217,148,194,1
L1-L2-L3,217,149,146,1
L1-L2-L3,217,150,115,1
L1-L2-L3,217,151,93,1
L1-L2-L3,217,152,153,1
L1-L2-L3,217,153,194,1
L1-L2-L3,217,154,110,1
L1-L2-L3,217,156,77,1
L1-L2-L3,217,160,21,1
L1-L2-L3,217,164,253,1
L1-L2-L3,217,165,177,1
L1-L2-L3,217,167,0,1
L1-L2-L3,217,168,35,1
L1-L2-L3,217,170,97,1
L1-L2-L3,217,172,178,1
L1-L2-L3,217,175,84,1
L1-L2-L3,217,176,41,1
L1-L2-L3,217,179,255,1
L1-L2-L3,217,183,0,1
L1-L2-L3,217,186,94,1
L1-L2-L3,217,187,216,1
L1-L2-L3,217,188,195,1
L1-L2-L3,217,191,65,1
L1-L2-L3,217,193,108,1
L1-L2-L3,217,196,58,1
L1-L2-L3,217,198,189,1
L1-L2-L3,217,200,150,1
L1-L2-L3,217,201,212,1
L1-L2-L3,217,204,164,1
L1-L2-L3,217,205,92,1
L1-L2-L3,217,206,252,1
L1-L2-L3,217,211,161,1
L1-L2-L3,217,212,232,1
L1-L2-L3,217,214,169,1
L1-L2-L3,217,215,64,1
L1-L2-L3,217,217,127,1
L1-L2-L3,217,220,229,1
L1-L2-L3,217,221,122,1
L1-L2-L3,217,222,232,1
L1-L2-L3,217,224,128,1
L1-L2-L3,217,225,1,1
L1-L2-L3,217,226,242,1
L1-L2-L3,217,231,203,1
L1-L2-L3,217,232,206,1
L1-L2-L3,217,238,118,1
L1-L2-L3,217,239,161,1
L1-L2-L3,217,241,172,1
L1-L2-L3,217,242,60,1
L1-L2-L3,217,247,138,1
L1-L2-L3,217,248,90,1
L1-L2-L3,217,249,52,1
L1-L2-L3,217,250,172,1
L1-L2-L3,217,253,11,1
L1-L2-L3,218,2,170,1
L1-L2-L3,218,4,128,1
L1-L2-L3,218,10,60,1
L1-L2-L3,218,12,42,1
L1-L2-L3,218,21,41,1
L1-L2-L3,218,26,224,1
L1-L2-L3,218,32,184,1
L1-L2-L3,218,36,201,1
L1-L2-L3,218,38,28,1
L1-L2-L3,218,44,246,1
L1-L2-L3,218,51,189,1
L1-L2-L3,218,52,136,1
L1-L2-L3,218,53,49,1
L1-L2-L3,218,55,124,1
L1-L2-L3,218,61,27,1
L1-L2-L3,218,63,1,1
L1-L2-L3,218,64,111,1
L1-L2-L3,218,67,79,1
L1-L2-L3,218,82,192,1
L1-L2-L3,218,89,220,1
L1-L2-L3,218,93,37,1
L1-L2-L3,218,95,134,1
L1-L2-L3,218,103,194,1
L1-L2-L3,218,105,215,1
L1-L2-L3,218,107,231,1
L1-L2-L3,218,112,91,1
L1-L2-L3,218,113,169,1
L1-L2-L3,218,114,197,1
L1-L2-L3,218,120,173,1
L1-L2-L3,218,124,79,1
L1-L2-L3,218,127,102,1
L1-L2-L3,218,128,234,1
L1-L2-L3,218,131,249,1
L1-L2-L3,218,132,45,1
L1-L2-L3,218,135,65,1
L1-L2-L3,218,136,183,1
L1-L2-L3,218,143,200,1
L1-L2-L3,218,146,141,1
L1-L2-L3,218,149,66,1
L1-L2-L3,218,150,183,1
L1-L2-L3,218,152,79,1
L1-L2-L3,218,156,218,1
L1-L2-L3,218,157,16,1
L1-L2-L3,218,161,15,1
L1-L2-L3,218,162,215,1
L1-L2-L3,218,164,111,1
L1-L2-L3,218,167,55,1
L1-L2-L3,218,168,108,1
L1-L2-L3,218,170,144,1
L1-L2-L3,218,173,198,1
L1-L2-L3,218,174,51,1
L1-L2-L3,218,175,102,1
L1-L2-L3,218,181,6,1
L1-L2-L3,218,183,232,1
L1-L2-L3,218,185,128,1
L1-L2-L3,218,195,0,1
L1-L2-L3,218,198,166,1
L1-L2-L3,218,202,170,1
L1-L2-L3,218,203,134,1
L1-L2-L3,218,205,59,1
L1-L2-L3,218,209,98,1
L1-L2-L3,218,210,89,1
L1-L2-L3,218,212,103,1
L1-L2-L3,218,213,196,1
L1-L2-L3,218,220,218,1
L1-L2-L3,218,221,170,1
L1-L2-L3,218,222,90,1
L1-L2-L3,218,226,164,1
L1-L2-L3,218,227,69,1
L1-L2-L3,218,228,183,1
L1-L2-L3,218,229,60,1
L1-L2-L3,218,231,156,1
L1-L2-L3,218,232,221,1
L1-L2-L3,218,233,32,1
L1-L2-L3,218,234,59,1
L1-L2-L3,218,235,7,1
L1-L2-L3,218,236,140,1
L1-L2-L3,218,238,211,1
L1-L2-L3,218,239,12,1
L1-L2-L3,218,240,72,1
L1-L2-L3,218,250,22,1
L1-L2-L3,218,253,187,1
L1-L2-L3,219,0,221,1
L1-L2-L3,219,4,239,1
L1-L2-L3,219,6,105,1
L1-L2-L3,219,7,8,1
L1-L2-L3,219,10,105,1
L1-L2-L3,219,12,140,1
L1-L2-L3,219,17,12,1
L1-L2-L3,219,20,206,1
L1-L2-L3,219,23,219,1
L1-L2-L3,219,24,121,1
L1-L2-L3,219,29,206,1
L1-L2-L3,219,30,103,1
L1-L2-L3,219,32,140,1
L1-L2-L3,219,34,109,1
L1-L2-L3,219,43,105,1
L1-L2-L3,219,44,14,1
L1-L2-L3,219,45,49,1
L1-L2-L3,219,49,82,1
L1-L2-L3,219,51,36,1
L1-L2-L3,219,53,80,1
L1-L2-L3,219,55,179,1
L1-L2-L3,219,57,43,1
L1-L2-L3,219,61,81,1
L1-L2-L3,219,65,22,1
L1-L2-L3,219,68,141,1
L1-L2-L3,219,69,47,1
L1-L2-L3,219,74,252,1
L1-L2-L3,219,78,37,1
L1-L2-L3,219,79,194,1
L1-L2-L3,219,88,41,1
L1-L2-L3,219,90,156,1
L1-L2-L3,219,92,241,1
L1-L2-L3,219,98,238,1
L1-L2-L3,219,105,212,1
L1-L2-L3,219,106,229,1
L1-L2-L3,219,107,12,1
L1-L2-L3,219,112,222,1
L1-L2-L3,219,115,66,1
L1-L2-L3,219,118,49,1
L1-L2-L3,219,120,222,1
L1-L2-L3,219,125,33,1
L1-L2-L3,219,130,47,1
L1-L2-L3,219,131,194,1
L1-L2-L3,219,132,237,1
L1-L2-L3,219,133,58,1
L1-L2-L3,219,135,132,1
L1-L2-L3,219,136,117,1
L1-L2-L3,219,137,65,1
L1-L2-L3,219,148,29,1
L1-L2-L3,219,150,37,1
L1-L2-L3,219,156,254,1
L1-L2-L3,219,159,166,1
L1-L2-L3,219,161,212,1
L1-L2-L3,219,163,8,1
L1-L2-L3,219,165,142,1
L1-L2-L3,219,167,177,1
L1-L2-L3,219,169,160,1
L1-L2-L3,219,171,248,1
L1-L2-L3,219,173,236,1
L1-L2-L3,219,175,26,1
L1-L2-L3,219,176,47,1
L1-L2-L3,219,177,44,1
L1-L2-L3,219,179,81,1
L1-L2-L3,219,183,211,1
L1-L2-L3,219,185,19,1
L1-L2-L3,219,186,119,1
L1-L2-L3,219,189,64,1
L1-L2-L3,219,197,33,1
L1-L2-L3,219,200,117,1
L1-L2-L3,219,205,169,1
L1-L2-L3,219,206,149,1
L1-L2-L3,219,207,250,1
L1-L2-L3,219,209,47,1
L1-L2-L3,219,210,129,1
L1-L2-L3,219,211,91,1
L1-L2-L3,219,212,248,1
L1-L2-L3,219,219,65,1
L1-L2-L3,219,221,28,1
L1-L2-L3,219,227,139,1
L1-L2-L3,219,228,105,1
L1-L2-L3,219,229,223,1
L1-L2-L3,219,231,16,1
L1-L2-L3,219,233,63,1
L1-L2-L3,219,235,12,1
L1-L2-L3,219,236,83,1
L1-L2-L3,219,238,3,1
L1-L2-L3,219,242,159,1
L1-L2-L3,219,246,204,1
L1-L2-L3,219,248,95,1
L1-L2-L3,219,250,19,1
L1-L2-L3,219,251,159,1
L1-L2-L3,219,253,51,1
L1-L2-L3,219,254,222,1
L1-L2-L3,219,255,128,1
L1-L2-L3,220,1,99,1
L1-L2-L3,220,6,232,1
L1-L2-L3,220,16,9,1
L1-L2-L3,220,17,254,1
L1-L2-L3,220,18,121,1
L1-L2-L3,220,19,77,1
L1-L2-L3,220,22,79,1
L1-L2-L3,220,23,183,1
L1-L2-L3,220,24,242,1
L1-L2-L3,220,27,143,1
L1-L2-L3,220,29,37,1
L1-L2-L3,220,30,242,1
L1-L2-L3,220,31,147,1
L1-L2-L3,220,36,160,1
L1-L2-L3,220,38,233,1
L1-L2-L3,220,39,165,1
L1-L2-L3,220,42,42,1
L1-L2-L3,220,43,75,1
L1-L2-L3,220,50,57,1
L1-L2-L3,220,51,192,1
L1-L2-L3,220,52,144,1
L1-L2-L3,220,53,94,1
L1-L2-L3,220,54,191,1
L1-L2-L3,220,59,219,1
L1-L2-L3,220,62,77,1
L1-L2-L3,220,64,7,1
L1-L2-L3,220,72,51,1
L1-L2-L3,220,77,9,1
L1-L2-L3,220,79,213,1
L1-L2-L3,220,85,186,1
L1-L2-L3,220,86,27,1
L1-L2-L3,220,88,59,1
L1-L2-L3,220,89,70,1
L1-L2-L3,220,90,78,1
L1-L2-L3,220,97,112,1
L1-L2-L3,220,102,133,1
L1-L2-L3,220,105,144,1
L1-L2-L3,220,108,72,1
L1-L2-L3,220,110,70,1
L1-L2-L3,220,112,87,1
L1-L2-L3,220,116,111,1
L1-L2-L3,220,123,254,1
L1-L2-L3,220,128,56,1
L1-L2-L3,220,130,57,1
L1-L2-L3,220,132,79,1
L1-L2-L3,220,133,203,1
L1-L2-L3,220,134,93,1
L1-L2-L3,220,135,164,1
L1-L2-L3,220,138,209,1
L1-L2-L3,220,142,79,1
L1-L2-L3,220,143,143,1
L1-L2-L3,220,150,218,1
L1-L2-L3,220,152,104,1
L1-L2-L3,220,153,24,1
L1-L2-L3,220,157,98,1
L1-L2-L3,220,159,202,1
L1-L2-L3,220,161,173,1
L1-L2-L3,220,162,109,1
L1-L2-L3,220,163,219,1
L1-L2-L3,220,168,5,1
L1-L2-L3,220,170,78,1
L1-L2-L3,220,171,93,1
L1-L2-L3,220,172,3,1
L1-L2-L3,220,174,77,1
L1-L2-L3,220,175,222,1
L1-L2-L3,220,176,115,1
L1-L2-L3,220,182,62,1
L1-L2-L3,220,183,187,1
L1-L2-L3,220,184,60,1
L1-L2-L3,220,185,10,1
L1-L2-L3,220,187,14,1
L1-L2-L3,220,189,237,1
L1-L2-L3,220,190,121,1
L1-L2-L3,220,191,144,1
L1-L2-L3,220,194,104,1
L1-L2-L3,220,195,139,1
L1-L2-L3,220,197,73,1
L1-L2-L3,220,200,61,1
L1-L2-L3,220,201,154,1
L1-L2-L3,220,202,106,1
L1-L2-L3,220,205,135,1
L1-L2-L3,220,209,216,1
L1-L2-L3,220,210,93,1
L1-L2-L3,220,211,215,1
L1-L2-L3,220,216,24,1
L1-L2-L3,220,217,91,1
L1-L2-L3,220,219,40,1
L1-L2-L3,220,221,131,1
L1-L2-L3,220,222,217,1
L1-L2-L3,220,225,175,1
L1-L2-L3,220,226,217,1
L1-L2-L3,220,228,104,1
L1-L2-L3,220,229,231,1
L1-L2-L3,220,230,126,1
L1-L2-L3,220,231,4,1
L1-L2-L3,220,232,202,1
L1-L2-L3,220,233,186,1
L1-L2-L3,220,236,74,1
L1-L2-L3,220,238,137,1
L1-L2-L3,220,239,32,1
L1-L2-L3,220,241,15,1
L1-L2-L3,220,242,244,1
L1-L2-L3,220,247,103,1
L1-L2-L3,220,251,72,1
L1-L2-L3,220,252,109,1
L1-L2-L3,220,253,160,1
L1-L2-L3,220,254,187,1
L1-L2-L3,221,1,214,1
L1-L2-L3,221,4,197,1
L1-L2-L3,221,10,223,1
L1-L2-L3,221,13,10,1
L1-L2-L3,221,16,111,1
L1-L2-L3,221,17,11,1
L1-L2-L3,221,18,34,1
L1-L2-L3,221,22,153,1
L1-L2-L3,221,24,37,1
L1-L2-L3,221,26,203,1
L1-L2-L3,221,28,206,1
L1-L2-L3,221,31,203,1
L1-L2-L3,221,36,81,1
L1-L2-L3,221,38,251,1
L1-L2-L3,221,43,213,1
L1-L2-L3,221,45,128,1
L1-L2-L3,221,50,164,1
L1-L2-L3,221,52,159,1
L1-L2-L3,221,54,180,1
L1-L2-L3,221,57,230,1
L1-L2-L3,221,63,199,1
L1-L2-L3,221,65,103,1
L1-L2-L3,221,67,39,1
L1-L2-L3,221,73,97,1
L1-L2-L3,221,76,152,1
L1-L2-L3,221,78,152,1
L1-L2-L3,221,80,164,1
L1-L2-L3,221,85,131,1
L1-L2-L3,221,89,127,1
L1-L2-L3,221,91,153,1
L1-L2-L3,221,92,97,1
L1-L2-L3,221,94,226,1
L1-L2-L3,221,96,44,1
L1-L2-L3,221,97,201,1
L1-L2-L3,221,99,46,1
L1-L2-L3,221,105,131,1
L1-L2-L3,221,107,237,1
L1-L2-L3,221,109,16,1
L1-L2-L3,221,119,19,1
L1-L2-L3,221,124,39,1
L1-L2-L3,221,126,149,1
L1-L2-L3,221,128,133,1
L1-L2-L3,221,131,24,1
L1-L2-L3,221,133,141,1
L1-L2-L3,221,134,171,1
L1-L2-L3,221,135,106,1
L1-L2-L3,221,137,166,1
L1-L2-L3,221,140,231,1
L1-L2-L3,221,143,9,1
L1-L2-L3,221,144,225,1
L1-L2-L3,221,146,119,1
L1-L2-L3,221,147,185,1
L1-L2-L3,221,148,212,1
L1-L2-L3,221,151,111,1
L1-L2-L3,221,155,182,1
L1-L2-L3,221,157,146,1
L1-L2-L3,221,160,93,1
L1-L2-L3,221,162,251,1
L1-L2-L3,221,163,50,1
L1-L2-L3,221,165,55,1
L1-L2-L3,221,174,134,1
L1-L2-L3,221,175,107,1
L1-L2-L3,221,176,70,1
L1-L2-L3,221,177,176,1
L1-L2-L3,221,182,37,1
L1-L2-L3,221,183,139,1
L1-L2-L3,221,197,105,1
L1-L2-L3,221,198,37,1
L1-L2-L3,221,200,43,1
L1-L2-L3,221,201,97,1
L1-L2-L3,221,202,35,1
L1-L2-L3,221,203,8,1
L1-L2-L3,221,208,216,1
L1-L2-L3,221,209,177,1
L1-L2-L3,221,210,254,1
L1-L2-L3,221,215,204,1
L1-L2-L3,221,217,230,1
L1-L2-L3,221,219,143,1
L1-L2-L3,221,222,255,1
L1-L2-L3,221,230,132,1
L1-L2-L3,221,231,233,1
L1-L2-L3,221,232,109,1
L1-L2-L3,221,234,112,1
L1-L2-L3,221,235,134,1
L1-L2-L3,221,240,172,1
L1-L2-L3,221,242,24,1
L1-L2-L3,221,244,21,1
L1-L2-L3,221,245,77,1
L1-L2-L3,221,247,231,1
L1-L2-L3,221,250,159,1
L1-L2-L3,221,254,223,1
L1-L2-L3,221,255,149,1
L1-L2-L3,222,2,94,1
L1-L2-L3,222,7,165,1
L1-L2-L3,222,8,212,1
L1-L2-L3,222,9,84,1
L1-L2-L3,222,14,223,1
L1-L2-L3,222,19,177,1
L1-L2-L3,222,24,158,1
L1-L2-L3,222,25,239,1
L1-L2-L3,222,40,77,1
L1-L2-L3,222,42,202,1
L1-L2-L3,222,48,253,1
L1-L2-L3,222,49,77,1
L1-L2-L3,222,50,105,1
L1-L2-L3,222,52,124,1
L1-L2-L3,222,57,21,1
L1-L2-L3,222,72,97,1
L1-L2-L3,222,74,71,1
L1-L2-L3,222,75,202,1
L1-L2-L3,222,76,165,1
L1-L2-L3,222,79,19,1
L1-L2-L3,222,80,163,1
L1-L2-L3,222,81,33,1
L1-L2-L3,222,83,92,1
L1-L2-L3,222,86,43,1
L1-L2-L3,222,90,210,1
L1-L2-L3,222,91,64,1
L1-L2-L3,222,97,108,1
L1-L2-L3,222,99,160,1
L1-L2-L3,222,101,69,1
L1-L2-L3,222,112,108,1
L1-L2-L3,222,113,38,1
L1-L2-L3,222,116,82,1
L1-L2-L3,222,117,196,1
L1-L2-L3,222,121,252,1
L1-L2-L3,222,123,236,1
L1-L2-L3,222,125,183,1
L1-L2-L3,222,136,46,1
L1-L2-L3,222,137,158,1
L1-L2-L3,222,139,250,1
L1-L2-L3,222,140,203,1
L1-L2-L3,222,142,231,1
L1-L2-L3,222,144,10,1
L1-L2-L3,222,145,57,1
L1-L2-L3,222,146,77,1
L1-L2-L3,222,154,224,1
L1-L2-L3,222,156,232,1
L1-L2-L3,222,157,232,1
L1-L2-L3,222,161,52,1
L1-L2-L3,222,162,167,1
L1-L2-L3,222,163,222,1
L1-L2-L3,222,164,186,1
L1-L2-L3,222,166,147,1
L1-L2-L3,222,169,220,1
L1-L2-L3,222,173,26,1
L1-L2-L3,222,176,11,1
L1-L2-L3,222,177,28,1
L1-L2-L3,222,178,239,1
L1-L2-L3,222,179,124,1
L1-L2-L3,222,181,125,1
L1-L2-L3,222,183,79,1
L1-L2-L3,222,184,182,1
L1-L2-L3,222,189,159,1
L1-L2-L3,222,190,27,1
L1-L2-L3,222,191,55,1
L1-L2-L3,222,199,53,1
L1-L2-L3,222,201,243,1
L1-L2-L3,222,202,241,1
L1-L2-L3,222,206,173,1
L1-L2-L3,222,207,175,1
L1-L2-L3,222,208,215,1
L1-L2-L3,222,211,196,1
L1-L2-L3,222,213,130,1
L1-L2-L3,222,214,76,1
L1-L2-L3,222,216,184,1
L1-L2-L3,222,220,224,1
L1-L2-L3,222,221,8,1
L1-L2-L3,222,222,186,1
L1-L2-L3,222,223,79,1
L1-L2-L3,222,227,17,1
L1-L2-L3,222,228,199,1
L1-L2-L3,222,230,27,1
L1-L2-L3,222,231,97,1
L1-L2-L3,222,235,217,1
L1-L2-L3,222,238,84,1
L1-L2-L3,222,241,5,1
L1-L2-L3,222,244,195,1
L1-L2-L3,222,245,148,1
L1-L2-L3,222,247,58,1
L1-L2-L3,222,248,5,1
L1-L2-L3,222,249,243,1
L1-L2-L3,222,250,133,1
L1-L2-L3,222,251,253,1
L1-L2-L3,222,252,198,1
L1-L2-L3,222,254,1,1
L1-L2-L3,223,2,29,1
L1-L2-L3,223,4,43,1
L1-L2-L3,223,7,240,1
L1-L2-L3,223,9,152,1
L1-L2-L3,223,16,103,1
L1-L2-L3,223,22,152,1
L1-L2-L3,223,26,91,1
L1-L2-L3,223,29,221,1
L1-L2-L3,223,30,253,1
L1-L2-L3,223,32,216,1
L1-L2-L3,223,34,37,1
L1-L2-L3,223,35,21,1
L1-L2-L3,223,37,4,1
L1-L2-L3,223,41,100,1
L1-L2-L3,223,42,7,1
L1-L2-L3,223,43,110,1
L1-L2-L3,223,47,13,1
L1-L2-L3,223,54,121,1
L1-L2-L3,223,64,53,1
L1-L2-L3,223,65,71,1
L1-L2-L3,223,67,187,1
L1-L2-L3,223,70,12,1
L1-L2-L3,223,71,136,1
L1-L2-L3,223,73,134,1
L1-L2-L3,223,74,130,1
L1-L2-L3,223,76,209,1
L1-L2-L3,223,77,237,1
L1-L2-L3,223,79,192,1
L1-L2-L3,223,81,114,1
L1-L2-L3,223,82,105,1
L1-L2-L3,223,87,63,1
L1-L2-L3,223,91,19,1
L1-L2-L3,223,94,106,1
L1-L2-L3,223,95,25,1
L1-L2-L3,223,96,53,1
L1-L2-L3,223,98,128,1
L1-L2-L3,223,100,103,1
L1-L2-L3,223,101,138,1
L1-L2-L3,223,104,187,1
L1-L2-L3,223,105,20,1
L1-L2-L3,223,107,32,1
L1-L2-L3,223,109,225,1
L1-L2-L3,223,110,206,1
L1-L2-L3,223,111,150,1
L1-L2-L3,223,113,65,1
L1-L2-L3,223,117,86,1
L1-L2-L3,223,121,44,1
L1-L2-L3,223,128,105,1
L1-L2-L3,223,129,89,1
L1-L2-L3,223,137,12,1
L1-L2-L3,223,138,239,1
L1-L2-L3,223,140,224,1
L1-L2-L3,223,145,164,1
L1-L2-L3,223,147,41,1
L1-L2-L3,223,150,97,1
L1-L2-L3,223,152,139,1
L1-L2-L3,223,153,115,1
L1-L2-L3,223,158,144,1
L1-L2-L3,223,163,185,1
L1-L2-L3,223,164,105,1
L1-L2-L3,223,168,11,1
L1-L2-L3,223,172,182,1
L1-L2-L3,223,173,151,1
L1-L2-L3,223,175,128,1
L1-L2-L3,223,176,97,1
L1-L2-L3,223,178,33,1
L1-L2-L3,223,179,0,1
L1-L2-L3,223,183,226,1
L1-L2-L3,223,186,147,1
L1-L2-L3,223,196,43,1
L1-L2-L3,223,198,185,1
L1-L2-L3,223,199,110,1
L1-L2-L3,223,204,212,1
L1-L2-L3,223,210,124,1
L1-L2-L3,223,211,3,1
L1-L2-L3,223,212,123,1
L1-L2-L3,223,213,113,1
L1-L2-L3,223,215,44,1
L1-L2-L3,223,216,177,1
L1-L2-L3,223,219,180,1
L1-L2-L3,223,221,243,1
L1-L2-L3,223,222,114,1
L1-L2-L3,223,226,105,1
L1-L2-L3,223,227,92,1
L1-L2-L3,223,231,120,1
L1-L2-L3,223,234,92,1
L1-L2-L3,223,235,198,1
L1-L2-L3,223,236,60,1
L1-L2-L3,223,237,211,1
L1-L2-L3,223,242,251,1
L1-L2-L3,223,243,48,1
L1-L2-L3,223,245,117,1
L1-L2-L3,223,246,165,1
L1-L2-L3,223,251,166,1
L1-L2-L3,223,252,29,1
L1-L2-L3,224,4,177,1
L1-L2-L3,224,11,146,1
L1-L2-L3,224,16,15,1
L1-L2-L3,224,17,68,1
L1-L2-L3,224,18,17,1
L1-L2-L3,224,23,79,1
L1-L2-L3,224,26,177,1
L1-L2-L3,224,30,114,1
L1-L2-L3,224,31,4,1
L1-L2-L3,224,32,214,1
L1-L2-L3,224,34,141,1
L1-L2-L3,224,37,213,1
L1-L2-L3,224,42,85,1
L1-L2-L3,224,43,135,1
L1-L2-L3,224,47,243,1
L1-L2-L3,224,48,3,1
L1-L2-L3,224,50,208,1
L1-L2-L3,224,52,138,1
L1-L2-L3,224,55,143,1
L1-L2-L3,224,64,204,1
L1-L2-L3,224,68,68,1
L1-L2-L3,224,70,4,1
L1-L2-L3,224,72,234,1
L1-L2-L3,224,73,185,1
L1-L2-L3,224,77,4,1
L1-L2-L3,224,80,47,1
L1-L2-L3,224,85,10,1
L1-L2-L3,224,86,4,1
L1-L2-L3,224,87,208,1
L1-L2-L3,224,90,85,1
L1-L2-L3,224,95,94,1
L1-L2-L3,224,97,226,1
L1-L2-L3,224,100,177,1
L1-L2-L3,224,101,38,1
L1-L2-L3,224,104,217,1
L1-L2-L3,224,108,12,1
L1-L2-L3,224,111,46,1
L1-L2-L3,224,117,247,1
L1-L2-L3,224,119,208,1
L1-L2-L3,224,120,245,1
L1-L2-L3,224,124,66,1
L1-L2-L3,224,127,96,1
L1-L2-L3,224,128,33,1
L1-L2-L3,224,129,188,1
L1-L2-L3,224,130,16,1
L1-L2-L3,224,131,213,1
L1-L2-L3,224,133,107,1
L1-L2-L3,224,134,188,1
L1-L2-L3,224,136,16,1
L1-L2-L3,224,137,144,1
L1-L2-L3,224,138,188,1
L1-L2-L3,224,140,76,1
L1-L2-L3,224,142,204,1
L1-L2-L3,224,144,247,1
L1-L2-L3,224,147,104,1
L1-L2-L3,224,150,40,1
L1-L2-L3,224,154,187,1
L1-L2-L3,224,159,248,1
L1-L2-L3,224,166,207,1
L1-L2-L3,224,167,242,1
L1-L2-L3,224,168,78,1
L1-L2-L3,224,170,173,1
L1-L2-L3,224,171,180,1
L1-L2-L3,224,172,120,1
L1-L2-L3,224,173,14,1
L1-L2-L3,224,174,130,1
L1-L2-L3,224,177,12,1
L1-L2-L3,224,178,111,1
L1-L2-L3,224,182,236,1
L1-L2-L3,224,184,66,1
L1-L2-L3,224,186,188,1
L1-L2-L3,224,187,190,1
L1-L2-L3,224,190,100,1
L1-L2-L3,224,191,165,1
L1-L2-L3,224,197,57,1
L1-L2-L3,224,199,30,1
L1-L2-L3,224,203,148,1
L1-L2-L3,224,206,7,1
L1-L2-L3,224,207,98,1
L1-L2-L3,224,210,198,1
L1-L2-L3,224,211,198,1
L1-L2-L3,224,213,233,1
L1-L2-L3,224,215,242,1
L1-L2-L3,224,218,159,1
L1-L2-L3,224,222,53,1
L1-L2-L3,224,224,184,1
L1-L2-L3,224,225,112,1
L1-L2-L3,224,226,103,1
L1-L2-L3,224,229,72,1
L1-L2-L3,224,232,188,1
L1-L2-L3,224,233,206,1
L1-L2-L3,224,234,199,1
L1-L2-L3,224,235,113,1
L1-L2-L3,224,239,46,1
L1-L2-L3,224,245,175,1
L1-L2-L3,224,247,124,1
L1-L2-L3,224,252,164,1
L1-L2-L3,225,4,91,1
L1-L2-L3,225,6,241,1
L1-L2-L3,225,13,29,1
L1-L2-L3,225,15,212,1
L1-L2-L3,225,18,254,1
L1-L2-L3,225,20,70,1
L1-L2-L3,225,23,91,1
L1-L2-L3,225,24,229,1
L1-L2-L3,225,28,13,1
L1-L2-L3,225,30,205,1
L1-L2-L3,225,32,57,1
L1-L2-L3,225,34,91,1
L1-L2-L3,225,36,66,1
L1-L2-L3,225,40,207,1
L1-L2-L3,225,41,78,1
L1-L2-L3,225,54,122,1
L1-L2-L3,225,55,103,1
L1-L2-L3,225,56,138,1
L1-L2-L3,225,60,23,1
L1-L2-L3,225,61,4,1
L1-L2-L3,225,62,184,1
L1-L2-L3,225,67,204,1
L1-L2-L3,225,73,81,1
L1-L2-L3,225,84,205,1
L1-L2-L3,225,86,249,1
L1-L2-L3,225,89,197,1
L1-L2-L3,225,93,222,1
L1-L2-L3,225,94,39,1
L1-L2-L3,225,96,176,1
L1-L2-L3,225,98,64,1
L1-L2-L3,225,102,166,1
L1-L2-L3,225,105,158,1
L1-L2-L3,225,113,194,1
L1-L2-L3,225,114,97,1
L1-L2-L3,225,115,50,1
L1-L2-L3,225,116,157,1
L1-L2-L3,225,117,77,1
L1-L2-L3,225,119,204,1
L1-L2-L3,225,120,0,1
L1-L2-L3,225,123,147,1
L1-L2-L3,225,124,142,1
L1-L2-L3,225,126,141,1
L1-L2-L3,225,128,77,1
L1-L2-L3,225,132,235,1
L1-L2-L3,225,135,112,1
L1-L2-L3,225,139,4,1
L1-L2-L3,225,141,38,1
L1-L2-L3,225,142,198,1
L1-L2-L3,225,143,140,1
L1-L2-L3,225,145,232,1
L1-L2-L3,225,146,50,1
L1-L2-L3,225,149,239,1
L1-L2-L3,225,150,205,1
L1-L2-L3,225,153,160,1
L1-L2-L3,225,160,4,1
L1-L2-L3,225,163,254,1
L1-L2-L3,225,165,97,1
L1-L2-L3,225,170,139,1
L1-L2-L3,225,171,91,1
L1-L2-L3,225,172,177,1
L1-L2-L3,225,173,77,1
L1-L2-L3,225,175,17,1
L1-L2-L3,225,176,144,1
L1-L2-L3,225,177,217,1
L1-L2-L3,225,179,176,1
L1-L2-L3,225,180,141,1
L1-L2-L3,225,182,38,1
L1-L2-L3,225,183,87,1
L1-L2-L3,225,187,29,1
L1-L2-L3,225,192,162,1
L1-L2-L3,225,195,158,1
L1-L2-L3,225,197,202,1
L1-L2-L3,225,198,11,1
L1-L2-L3,225,200,245,1
L1-L2-L3,225,202,238,1
L1-L2-L3,225,206,97,1
L1-L2-L3,225,207,239,1
L1-L2-L3,225,211,206,1
L1-L2-L3,225,215,103,1
L1-L2-L3,225,216,30,1
L1-L2-L3,225,217,55,1
L1-L2-L3,225,218,82,1
L1-L2-L3,225,220,43,1
L1-L2-L3,225,221,205,1
L1-L2-L3,225,222,242,1
L1-L2-L3,225,224,103,1
L1-L2-L3,225,226,143,1
L1-L2-L3,225,227,115,1
L1-L2-L3,225,228,139,1
L1-L2-L3,225,229,13,1
L1-L2-L3,225,230,250,1
L1-L2-L3,225,231,60,1
L1-L2-L3,225,236,250,1
L1-L2-L3,225,241,213,1
L1-L2-L3,225,243,14,1
L1-L2-L3,225,244,97,1
L1-L2-L3,225,245,73,1
L1-L2-L3,225,246,139,1
L1-L2-L3,225,251,45,1
L1-L2-L3,225,252,49,1
L1-L2-L3,226,0,253,1
L1-L2-L3,226,3,16,1
L1-L2-L3,226,5,85,1
L1-L2-L3,226,9,7,1
L1-L2-L3,226,11,193,1
L1-L2-L3,226,13,61,1
L1-L2-L3,226,15,96,1
L1-L2-L3,226,22,116,1
L1-L2-L3,226,23,37,1
L1-L2-L3,226,24,48,1
L1-L2-L3,226,30,233,1
L1-L2-L3,226,35,163,1
L1-L2-L3,226,40,105,1
L1-L2-L3,226,44,224,1
L1-L2-L3,226,45,88,1
L1-L2-L3,226,48,126,1
L1-L2-L3,226,50,76,1
L1-L2-L3,226,52,50,1
L1-L2-L3,226,54,148,1
L1-L2-L3,226,56,50,1
L1-L2-L3,226,58,225,1
L1-L2-L3,226,59,205,1
L1-L2-L3,226,61,100,1
L1-L2-L3,226,64,62,1
L1-L2-L3,226,66,9,1
L1-L2-L3,226,67,17,1
L1-L2-L3,226,69,74,1
L1-L2-L3,226,70,40,1
L1-L2-L3,226,74,90,1
L1-L2-L3,226,80,18,1
L1-L2-L3,226,81,21,1
L1-L2-L3,226,83,44,1
L1-L2-L3,226,85,176,1
L1-L2-L3,226,88,148,1
L1-L2-L3,226,90,86,1
L1-L2-L3,226,93,158,1
L1-L2-L3,226,94,66,1
L1-L2-L3,226,96,248,1
L1-L2-L3,226,98,75,1
L1-L2-L3,226,101,219,1
L1-L2-L3,226,102,229,1
L1-L2-L3,226,104,27,1
L1-L2-L3,226,105,167,1
L1-L2-L3,226,116,91,1
L1-L2-L3,226,122,173,1
L1-L2-L3,226,123,28,1
L1-L2-L3,226,125,200,1
L1-L2-L3,226,128,243,1
L1-L2-L3,226,129,180,1
L1-L2-L3,226,131,102,1
L1-L2-L3,226,132,11,1
L1-L2-L3,226,134,115,1
L1-L2-L3,226,137,114,1
L1-L2-L3,226,138,49,1
L1-L2-L3,226,141,157,1
L1-L2-L3,226,142,223,1
L1-L2-L3,226,143,227,1
L1-L2-L3,226,146,112,1
L1-L2-L3,226,148,8,1
L1-L2-L3,226,152,120,1
L1-L2-L3,226,153,87,1
L1-L2-L3,226,160,185,1
L1-L2-L3,226,161,193,1
L1-L2-L3,226,163,255,1
L1-L2-L3,226,164,7,1
L1-L2-L3,226,166,115,1
L1-L2-L3,226,168,93,1
L1-L2-L3,226,169,28,1
L1-L2-L3,226,170,249,1
L1-L2-L3,226,174,30,1
L1-L2-L3,226,178,8,1
L1-L2-L3,226,179,230,1
L1-L2-L3,226,182,235,1
L1-L2-L3,226,183,77,1
L1-L2-L3,226,184,101,1
L1-L2-L3,226,185,223,1
L1-L2-L3,226,186,159,1
L1-L2-L3,226,187,77,1
L1-L2-L3,226,189,191,1
L1-L2-L3,226,192,188,1
L1-L2-L3,226,194,3,1
L1-L2-L3,226,196,103,1
L1-L2-L3,226,197,11,1
L1-L2-L3,226,198,168,1
L1-L2-L3,226,202,118,1
L1-L2-L3,226,203,235,1
L1-L2-L3,226,204,116,1
L1-L2-L3,226,206,218,1
L1-L2-L3,226,207,61,1
L1-L2-L3,226,208,192,1
L1-L2-L3,226,215,149,1
L1-L2-L3,226,216,160,1
L1-L2-L3,226,217,10,1
L1-L2-L3,226,219,147,1
L1-L2-L3,226,224,104,1
L1-L2-L3,226,226,175,1
L1-L2-L3,226,228,11,1
L1-L2-L3,226,230,173,1
L1-L2-L3,226,231,104,1
L1-L2-L3,226,234,16,1
L1-L2-L3,226,239,230,1
L1-L2-L3,226,244,213,1
L1-L2-L3,226,245,17,1
L1-L2-L3,226,246,200,1
L1-L2-L3,226,247,92,1
L1-L2-L3,226,248,106,1
L1-L2-L3,226,252,48,1
L1-L2-L3,226,255,249,1
L1-L2-L3,227,5,177,1
L1-L2-L3,227,6,100,1
L1-L2-L3,227,10,144,1
L1-L2-L3,227,11,15,1
L1-L2-L3,227,12,150,1
L1-L2-L3,227,20,83,1
L1-L2-L3,227,26,170,1
L1-L2-L3,227,29,56,1
L1-L2-L3,227,31,120,1
L1-L2-L3,227,34,107,1
L1-L2-L3,227,41,49,1
L1-L2-L3,227,42,79,1
L1-L2-L3,227,45,77,1
L1-L2-L3,227,46,218,1
L1-L2-L3,227,47,16,1
L1-L2-L3,227,48,104,1
L1-L2-L3,227,49,213,1
L1-L2-L3,227,50,28,1
L1-L2-L3,227,56,158,1
L1-L2-L3,227,57,23,1
L1-L2-L3,227,58,128,1
L1-L2-L3,227,60,16,1
L1-L2-L3,227,64,219,1
L1-L2-L3,227,66,209,1
L1-L2-L3,227,67,109,1
L1-L2-L3,227,68,222,1
L1-L2-L3,227,76,137,1
L1-L2-L3,227,78,200,1
L1-L2-L3,227,80,28,1
L1-L2-L3,227,85,232,1
L1-L2-L3,227,87,142,1
L1-L2-L3,227,89,15,1
L1-L2-L3,227,92,195,1
L1-L2-L3,227,96,140,1
L1-L2-L3,227,101,159,1
L1-L2-L3,227,102,150,1
L1-L2-L3,227,108,43,1
L1-L2-L3,227,109,70,1
L1-L2-L3,227,110,90,1
L1-L2-L3,227,116,5,1
L1-L2-L3,227,118,173,1
L1-L2-L3,227,119,15,1
L1-L2-L3,227,120,32,1
L1-L2-L3,227,124,61,1
L1-L2-L3,227,125,84,1
L1-L2-L3,227,128,236,1
L1-L2-L3,227,130,206,1
L1-L2-L3,227,135,45,1
L1-L2-L3,227,137,16,1
L1-L2-L3,227,138,38,1
L1-L2-L3,227,141,76,1
L1-L2-L3,227,144,17,1
L1-L2-L3,227,145,10,1
L1-L2-L3,227,146,203,1
L1-L2-L3,227,153,195,1
L1-L2-L3,227,154,247,1
L1-L2-L3,227,156,71,1
L1-L2-L3,227,158,237,1
L1-L2-L3,227,161,64,1
L1-L2-L3,227,162,141,1
L1-L2-L3,227,163,9,1
L1-L2-L3,227,166,169,1
L1-L2-L3,227,167,224,1
L1-L2-L3,227,169,204,1
L1-L2-L3,227,172,4,1
L1-L2-L3,227,174,47,1
L1-L2-L3,227,180,238,1
L1-L2-L3,227,183,8,1
L1-L2-L3,227,185,81,1
L1-L2-L3,227,191,80,1
L1-L2-L3,227,192,60,1
L1-L2-L3,227,194,68,1
L1-L2-L3,227,196,69,1
L1-L2-L3,227,198,173,1
L1-L2-L3,227,206,47,1
L1-L2-L3,227,207,71,1
L1-L2-L3,227,211,119,1
L1-L2-L3,227,212,46,1
L1-L2-L3,227,214,61,1
L1-L2-L3,227,217,41,1
L1-L2-L3,227,220,200,1
L1-L2-L3,227,223,209,1
L1-L2-L3,227,225,245,1
L1-L2-L3,227,226,229,1
L1-L2-L3,227,227,27,1
L1-L2-L3,227,228,185,1
L1-L2-L3,227,229,61,1
L1-L2-L3,227,231,124,1
L1-L2-L3,227,232,146,1
L1-L2-L3,227,234,87,1
L1-L2-L3,227,236,70,1
L1-L2-L3,227,237,79,1
L1-L2-L3,227,238,249,1
L1-L2-L3,227,239,69,1
L1-L2-L3,227,241,186,1
L1-L2-L3,227,244,69,1
L1-L2-L3,227,250,120,1
L1-L2-L3,227,251,219,1
L1-L2-L3,227,252,94,1
L1-L2-L3,227,254,8,1
L1-L2-L3,228,1,157,1
L1-L2-L3,228,4,44,1
L1-L2-L3,228,6,130,1
L1-L2-L3,228,7,41,1
L1-L2-L3,228,14,229,1
L1-L2-L3,228,15,8,1
L1-L2-L3,228,17,241,1
L1-L2-L3,228,19,14,1
L1-L2-L3,228,20,127,1
L1-L2-L3,228,21,47,1
L1-L2-L3,228,22,12,1
L1-L2-L3,228,29,57,1
L1-L2-L3,228,33,112,1
L1-L2-L3,228,38,94,1
L1-L2-L3,228,47,39,1
L1-L2-L3,228,50,4,1
L1-L2-L3,228,55,150,1
L1-L2-L3,228,56,5,1
L1-L2-L3,228,59,164,1
L1-L2-L3,228,64,177,1
L1-L2-L3,228,66,147,1
L1-L2-L3,228,67,15,1
L1-L2-L3,228,68,19,1
L1-L2-L3,228,70,136,1
L1-L2-L3,228,78,252,1
L1-L2-L3,228,80,185,1
L1-L2-L3,228,81,4,1
L1-L2-L3,228,85,229,1
L1-L2-L3,228,86,11,1
L1-L2-L3,228,89,208,1
L1-L2-L3,228,93,223,1
L1-L2-L3,228,96,70,1
L1-L2-L3,228,97,218,1
L1-L2-L3,228,98,60,1
L1-L2-L3,228,100,166,1
L1-L2-L3,228,101,167,1
L1-L2-L3,228,103,112,1
L1-L2-L3,228,112,169,1
L1-L2-L3,228,113,131,1
L1-L2-L3,228,121,208,1
L1-L2-L3,228,123,44,1
L1-L2-L3,228,128,12,1
L1-L2-L3,228,134,2,1
L1-L2-L3,228,136,105,1
L1-L2-L3,228,137,122,1
L1-L2-L3,228,138,119,1
L1-L2-L3,228,140,44,1
L1-L2-L3,228,144,224,1
L1-L2-L3,228,152,194,1
L1-L2-L3,228,153,94,1
L1-L2-L3,228,154,109,1
L1-L2-L3,228,155,173,1
L1-L2-L3,228,159,44,1
L1-L2-L3,228,161,120,1
L1-L2-L3,228,163,249,1
L1-L2-L3,228,167,218,1
L1-L2-L3,228,170,114,1
L1-L2-L3,228,171,21,1
L1-L2-L3,228,172,174,1
L1-L2-L3,228,177,249,1
L1-L2-L3,228,178,106,1
L1-L2-L3,228,179,177,1
L1-L2-L3,228,181,121,1
L1-L2-L3,228,182,195,1
L1-L2-L3,228,183,145,1
L1-L2-L3,228,184,109,1
L1-L2-L3,228,189,28,1
L1-L2-L3,228,196,173,1
L1-L2-L3,228,197,31,1
L1-L2-L3,228,199,203,1
L1-L2-L3,228,202,248,1
L1-L2-L3,228,203,242,1
L1-L2-L3,228,204,105,1
L1-L2-L3,228,207,109,1
L1-L2-L3,228,208,177,1
L1-L2-L3,228,213,9,1
L1-L2-L3,228,215,145,1
L1-L2-L3,228,216,148,1
L1-L2-L3,228,218,249,1
L1-L2-L3,228,219,152,1
L1-L2-L3,228,221,19,1
L1-L2-L3,228,222,171,1
L1-L2-L3,228,224,204,1
L1-L2-L3,228,226,7,1
L1-L2-L3,228,227,206,1
L1-L2-L3,228,228,180,1
L1-L2-L3,228,230,120,1
L1-L2-L3,228,236,44,1
L1-L2-L3,228,245,92,1
L1-L2-L3,228,246,206,1
L1-L2-L3,228,247,185,1
L1-L2-L3,228,249,64,1
L1-L2-L3,228,251,164,1
L1-L2-L3,228,252,208,1
L1-L2-L3,228,253,71,1
L1-L2-L3,228,255,24,1
L1-L2-L3,229,3,190,1
L1-L2-L3,229,6,167,1
L1-L2-L3,229,7,206,1
L1-L2-L3,229,9,222,1
L1-L2-L3,229,10,254,1
L1-L2-L3,229,13,140,1
L1-L2-L3,229,14,41,1
L1-L2-L3,229,25,68,1
L1-L2-L3,229,26,250,1
L1-L2-L3,229,27,23,1
L1-L2-L3,229,28,70,1
L1-L2-L3,229,29,175,1
L1-L2-L3,229,31,34,1
L1-L2-L3,229,32,233,1
L1-L2-L3,229,37,77,1
L1-L2-L3,229,38,149,1
L1-L2-L3,229,39,127,1
L1-L2-L3,229,42,8,1
L1-L2-L3,229,43,106,1
L1-L2-L3,229,46,171,1
L1-L2-L3,229,48,149,1
L1-L2-L3,229,51,168,1
L1-L2-L3,229,53,140,1
L1-L2-L3,229,56,16,1
L1-L2-L3,229,57,0,1
L1-L2-L3,229,58,26,1
L1-L2-L3,229,65,98,1
L1-L2-L3,229,66,40,1
L1-L2-L3,229,67,106,1
L1-L2-L3,229,68,223,1
L1-L2-L3,229,70,176,1
L1-L2-L3,229,71,115,1
L1-L2-L3,229,73,225,1
L1-L2-L3,229,81,222,1
L1-L2-L3,229,85,189,1
L1-L2-L3,229,87,253,1
L1-L2-L3,229,88,96,1
L1-L2-L3,229,90,160,1
L1-L2-L3,229,91,61,1
L1-L2-L3,229,95,37,1
L1-L2-L3,229,97,129,1
L1-L2-L3,229,98,194,1
L1-L2-L3,229,100,164,1
L1-L2-L3,229,102,162,1
L1-L2-L3,229,103,75,1
L1-L2-L3,229,108,167,1
L1-L2-L3,229,110,98,1
L1-L2-L3,229,113,222,1
L1-L2-L3,229,116,114,1
L1-L2-L3,229,117,3,1
L1-L2-L3,229,121,62,1
L1-L2-L3,229,122,27,1
L1-L2-L3,229,124,13,1
L1-L2-L3,229,125,163,1
L1-L2-L3,229,126,117,1
L1-L2-L3,229,127,204,1
L1-L2-L3,229,128,137,1
L1-L2-L3,229,129,116,1
L1-L2-L3,229,132,115,1
L1-L2-L3,229,135,23,1
L1-L2-L3,229,136,175,1
L1-L2-L3,229,137,171,1
L1-L2-L3,229,138,154,1
L1-L2-L3,229,143,197,1
L1-L2-L3,229,147,91,1
L1-L2-L3,229,149,64,1
L1-L2-L3,229,150,73,1
L1-L2-L3,229,151,184,1
L1-L2-L3,229,153,119,1
L1-L2-L3,229,155,238,1
L1-L2-L3,229,156,95,1
L1-L2-L3,229,159,23,1
L1-L2-L3,229,160,1,1
L1-L2-L3,229,163,187,1
L1-L2-L3,229,166,95,1
L1-L2-L3,229,169,159,1
L1-L2-L3,229,172,55,1
L1-L2-L3,229,173,105,1
L1-L2-L3,229,176,31,1
L1-L2-L3,229,179,142,1
L1-L2-L3,229,181,64,1
L1-L2-L3,229,185,163,1
L1-L2-L3,229,186,214,1
L1-L2-L3,229,190,47,1
L1-L2-L3,229,193,252,1
L1-L2-L3,229,196,148,1
L1-L2-L3,229,197,59,1
L1-L2-L3,229,198,87,1
L1-L2-L3,229,201,185,1
L1-L2-L3,229,205,122,1
L1-L2-L3,229,206,62,1
L1-L2-L3,229,207,141,1
L1-L2-L3,229,208,16,1
L1-L2-L3,229,210,139,1
L1-L2-L3,229,212,250,1
L1-L2-L3,229,214,40,1
L1-L2-L3,229,216,6,1
L1-L2-L3,229,219,58,1
L1-L2-L3,229,222,139,1
L1-L2-L3,229,223,7,1
L1-L2-L3,229,224,170,1
L1-L2-L3,229,225,151,1
L1-L2-L3,229,226,145,1
L1-L2-L3,229,228,186,1
L1-L2-L3,229,230,243,1
L1-L2-L3,229,231,159,1
L1-L2-L3,229,232,104,1
L1-L2-L3,229,233,251,1
L1-L2-L3,229,235,75,1
L1-L2-L3,229,239,73,1
L1-L2-L3,229,241,105,1
L1-L2-L3,229,243,12,1
L1-L2-L3,229,245,206,1
L1-L2-L3,229,247,93,1
L1-L2-L3,229,250,11,1
L1-L2-L3,229,252,34,1
L1-L2-L3,229,254,158,1
L1-L2-L3,230,0,179,1
L1-L2-L3,230,1,197,1
L1-L2-L3,230,5,247,1
L1-L2-L3,230,7,63,1
L1-L2-L3,230,8,165,1
L1-L2-L3,230,12,171,1
L1-L2-L3,230,14,62,1
L1-L2-L3,230,16,50,1
L1-L2-L3,230,24,70,1
L1-L2-L3,230,25,93,1
L1-L2-L3,230,28,142,1
L1-L2-L3,230,31,250,1
L1-L2-L3,230,35,156,1
L1-L2-L3,230,39,78,1
L1-L2-L3,230,42,15,1
L1-L2-L3,230,48,67,1
L1-L2-L3,230,51,236,1
L1-L2-L3,230,53,235,1
L1-L2-L3,230,55,214,1
L1-L2-L3,230,56,100,1
L1-L2-L3,230,57,77,1
L1-L2-L3,230,60,17,1
L1-L2-L3,230,62,97,1
L1-L2-L3,230,67,71,1
L1-L2-L3,230,69,215,1
L1-L2-L3,230,74,52,1
L1-L2-L3,230,78,166,1
L1-L2-L3,230,79,224,1
L1-L2-L3,230,80,136,1
L1-L2-L3,230,82,135,1
L1-L2-L3,230,84,75,1
L1-L2-L3,230,88,179,1
L1-L2-L3,230,90,2,1
L1-L2-L3,230,91,68,1
L1-L2-L3,230,93,133,1
L1-L2-L3,230,96,116,1
L1-L2-L3,230,97,231,1
L1-L2-L3,230,98,116,1
L1-L2-L3,230,99,185,1
L1-L2-L3,230,100,6,1
L1-L2-L3,230,103,27,1
L1-L2-L3,230,105,108,1
L1-L2-L3,230,106,36,1
L1-L2-L3,230,108,18,1
L1-L2-L3,230,110,96,1
L1-L2-L3,230,111,217,1
L1-L2-L3,230,113,70,1
L1-L2-L3,230,114,178,1
L1-L2-L3,230,115,128,1
L1-L2-L3,230,116,161,1
L1-L2-L3,230,119,243,1
L1-L2-L3,230,122,90,1
L1-L2-L3,230,126,36,1
L1-L2-L3,230,138,134,1
L1-L2-L3,230,142,187,1
L1-L2-L3,230,145,88,1
L1-L2-L3,230,147,12,1
L1-L2-L3,230,149,42,1
L1-L2-L3,230,150,245,1
L1-L2-L3,230,158,90,1
L1-L2-L3,230,163,77,1
L1-L2-L3,230,166,123,1
L1-L2-L3,230,169,134,1
L1-L2-L3,230,173,11,1
L1-L2-L3,230,175,54,1
L1-L2-L3,230,176,136,1
L1-L2-L3,230,178,38,1
L1-L2-L3,230,179,52,1
L1-L2-L3,230,180,236,1
L1-L2-L3,230,182,15,1
L1-L2-L3,230,183,215,1
L1-L2-L3,230,184,36,1
L1-L2-L3,230,185,75,1
L1-L2-L3,230,186,170,1
L1-L2-L3,230,187,101,1
L1-L2-L3,230,188,138,1
L1-L2-L3,230,191,67,1
L1-L2-L3,230,193,51,1
L1-L2-L3,230,196,25,1
L1-L2-L3,230,198,188,1
L1-L2-L3,230,199,246,1
L1-L2-L3,230,201,122,1
L1-L2-L3,230,206,229,1
L1-L2-L3,230,207,172,1
L1-L2-L3,230,208,143,1
L1-L2-L3,230,209,107,1
L1-L2-L3,230,211,76,1
L1-L2-L3,230,213,101,1
L1-L2-L3,230,217,115,1
L1-L2-L3,230,218,198,1
L1-L2-L3,230,220,143,1
L1-L2-L3,230,222,225,1
L1-L2-L3,230,225,23,1
L1-L2-L3,230,226,87,1
L1-L2-L3,230,228,241,1
L1-L2-L3,230,229,66,1
L1-L2-L3,230,230,252,1
L1-L2-L3,230,231,56,1
L1-L2-L3,230,232,232,1
L1-L2-L3,230,233,166,1
L1-L2-L3,230,234,101,1
L1-L2-L3,230,235,122,1
L1-L2-L3,230,236,68,1
L1-L2-L3,230,237,245,1
L1-L2-L3,230,242,22,1
L1-L2-L3,230,244,220,1
L1-L2-L3,230,247,18,1
L1-L2-L3,230,250,148,1
L1-L2-L3,230,252,111,1
L1-L2-L3,230,254,135,1
L1-L2-L3,231,5,120,1
L1-L2-L3,231,6,60,1
L1-L2-L3,231,8,46,1
L1-L2-L3,231,10,173,1
L1-L2-L3,231,13,81,1
L1-L2-L3,231,16,176,1
L1-L2-L3,231,17,197,1
L1-L2-L3,231,21,81,1
L1-L2-L3,231,26,253,1
L1-L2-L3,231,29,202,1
L1-L2-L3,231,33,177,1
L1-L2-L3,231,37,119,1
L1-L2-L3,231,40,76,1
L1-L2-L3,231,41,122,1
L1-L2-L3,231,44,18,1
L1-L2-L3,231,47,208,1
L1-L2-L3,231,49,92,1
L1-L2-L3,231,50,68,1
L1-L2-L3,231,51,79,1
L1-L2-L3,231,52,14,1
L1-L2-L3,231,54,58,1
L1-L2-L3,231,55,229,1
L1-L2-L3,231,57,127,1
L1-L2-L3,231,58,60,1
L1-L2-L3,231,59,127,1
L1-L2-L3,231,62,104,1
L1-L2-L3,231,63,250,1
L1-L2-L3,231,67,202,1
L1-L2-L3,231,68,130,1
L1-L2-L3,231,70,200,1
L1-L2-L3,231,75,68,1
L1-L2-L3,231,84,65,1
L1-L2-L3,231,88,54,1
L1-L2-L3,231,92,114,1
L1-L2-L3,231,93,31,1
L1-L2-L3,231,99,134,1
L1-L2-L3,231,104,141,1
L1-L2-L3,231,105,179,1
L1-L2-L3,231,106,83,1
L1-L2-L3,231,113,88,1
L1-L2-L3,231,117,89,1
L1-L2-L3,231,119,77,1
L1-L2-L3,231,125,73,1
L1-L2-L3,231,126,204,1
L1-L2-L3,231,127,46,1
L1-L2-L3,231,129,10,1
L1-L2-L3,231,133,201,1
L1-L2-L3,231,134,40,1
L1-L2-L3,231,135,15,1
L1-L2-L3,231,139,247,1
L1-L2-L3,231,142,255,1
L1-L2-L3,231,144,32,1
L1-L2-L3,231,145,130,1
L1-L2-L3,231,146,107,1
L1-L2-L3,231,151,100,1
L1-L2-L3,231,158,163,1
L1-L2-L3,231,161,54,1
L1-L2-L3,231,167,36,1
L1-L2-L3,231,168,190,1
L1-L2-L3,231,169,68,1
L1-L2-L3,231,175,200,1
L1-L2-L3,231,177,46,1
L1-L2-L3,231,178,139,1
L1-L2-L3,231,179,173,1
L1-L2-L3,231,182,89,1
L1-L2-L3,231,185,172,1
L1-L2-L3,231,186,67,1
L1-L2-L3,231,187,44,1
L1-L2-L3,231,191,129,1
L1-L2-L3,231,194,125,1
L1-L2-L3,231,196,244,1
L1-L2-L3,231,197,146,1
L1-L2-L3,231,198,134,1
L1-L2-L3,231,200,41,1
L1-L2-L3,231,201,206,1
L1-L2-L3,231,206,146,1
L1-L2-L3,231,207,196,1
L1-L2-L3,231,208,79,1
L1-L2-L3,231,209,91,1
L1-L2-L3,231,211,253,1
L1-L2-L3,231,212,134,1
L1-L2-L3,231,215,15,1
L1-L2-L3,231,217,229,1
L1-L2-L3,231,218,41,1
L1-L2-L3,231,221,176,1
L1-L2-L3,231,222,5,1
L1-L2-L3,231,224,19,1
L1-L2-L3,231,225,108,1
L1-L2-L3,231,229,52,1
L1-L2-L3,231,231,222,1
L1-L2-L3,231,234,134,1
L1-L2-L3,231,235,65,1
L1-L2-L3,231,238,103,1
L1-L2-L3,231,241,66,1
L1-L2-L3,231,242,140,1
L1-L2-L3,231,243,92,1
L1-L2-L3,231,246,242,1
L1-L2-L3,231,247,44,1
L1-L2-L3,231,248,237,1
L1-L2-L3,231,249,66,1
L1-L2-L3,231,250,247,1
L1-L2-L3,231,251,110,1
L1-L2-L3,231,254,54,1
L1-L2-L3,232,6,235,1
L1-L2-L3,232,9,58,1
L1-L2-L3,232,12,251,1
L1-L2-L3,232,13,98,1
L1-L2-L3,232,15,18,1
L1-L2-L3,232,19,35,1
L1-L2-L3,232,21,216,1
L1-L2-L3,232,24,185,1
L1-L2-L3,232,27,102,1
L1-L2-L3,232,33,21,1
L1-L2-L3,232,36,28,1
L1-L2-L3,232,39,139,1
L1-L2-L3,232,40,230,1
L1-L2-L3,232,42,88,1
L1-L2-L3,232,43,21,1
L1-L2-L3,232,44,235,1
L1-L2-L3,232,45,107,1
L1-L2-L3,232,49,129,1
L1-L2-L3,232,50,121,1
L1-L2-L3,232,52,160,1
L1-L2-L3,232,53,12,1
L1-L2-L3,232,54,46,1
L1-L2-L3,232,66,238,1
L1-L2-L3,232,67,58,1
L1-L2-L3,232,80,4,1
L1-L2-L3,232,86,90,1
L1-L2-L3,232,87,127,1
L1-L2-L3,232,89,185,1
L1-L2-L3,232,93,244,1
L1-L2-L3,232,94,158,1
L1-L2-L3,232,97,164,1
L1-L2-L3,232,99,142,1
L1-L2-L3,232,104,156,1
L1-L2-L3,232,114,81,1
L1-L2-L3,232,115,253,1
L1-L2-L3,232,124,18,1
L1-L2-L3,232,128,8,1
L1-L2-L3,232,129,18,1
L1-L2-L3,232,132,252,1
L1-L2-L3,232,135,94,1
L1-L2-L3,232,137,72,1
L1-L2-L3,232,139,172,1
L1-L2-L3,232,145,48,1
L1-L2-L3,232,147,239,1
L1-L2-L3,232,149,219,1
L1-L2-L3,232,152,252,1
L1-L2-L3,232,156,96,1
L1-L2-L3,232,163,114,1
L1-L2-L3,232,164,172,1
L1-L2-L3,232,168,242,1
L1-L2-L3,232,169,86,1
L1-L2-L3,232,171,96,1
L1-L2-L3,232,172,139,1
L1-L2-L3,232,175,251,1
L1-L2-L3,232,176,147,1
L1-L2-L3,232,177,154,1
L1-L2-L3,232,178,158,1
L1-L2-L3,232,180,140,1
L1-L2-L3,232,182,160,1
L1-L2-L3,232,190,4,1
L1-L2-L3,232,192,96,1
L1-L2-L3,232,193,57,1
L1-L2-L3,232,200,58,1
L1-L2-L3,232,201,246,1
L1-L2-L3,232,205,214,1
L1-L2-L3,232,209,142,1
L1-L2-L3,232,211,234,1
L1-L2-L3,232,215,141,1
L1-L2-L3,232,217,145,1
L1-L2-L3,232,218,65,1
L1-L2-L3,232,220,144,1
L1-L2-L3,232,221,191,1
L1-L2-L3,232,224,214,1
L1-L2-L3,232,226,154,1
L1-L2-L3,232,228,166,1
L1-L2-L3,232,231,58,1
L1-L2-L3,232,233,184,1
L1-L2-L3,232,237,37,1
L1-L2-L3,232,241,198,1
L1-L2-L3,232,244,23,1
L1-L2-L3,232,247,245,1
L1-L2-L3,232,250,106,1
L1-L2-L3,232,251,102,1
L1-L2-L3,233,0,188,1
L1-L2-L3,233,2,16,1
L1-L2-L3,233,7,148,1
L1-L2-L3,233,16,206,1
L1-L2-L3,233,19,122,1
L1-L2-L3,233,21,148,1
L1-L2-L3,233,26,116,1
L1-L2-L3,233,29,113,1
L1-L2-L3,233,31,107,1
L1-L2-L3,233,32,250,1
L1-L2-L3,233,33,10,1
L1-L2-L3,233,34,38,1
L1-L2-L3,233,36,138,1
L1-L2-L3,233,40,245,1
L1-L2-L3,233,42,101,1
L1-L2-L3,233,51,83,1
L1-L2-L3,233,53,105,1
L1-L2-L3,233,59,194,1
L1-L2-L3,233,61,106,1
L1-L2-L3,233,63,47,1
L1-L2-L3,233,64,117,1
L1-L2-L3,233,67,43,1
L1-L2-L3,233,68,27,1
L1-L2-L3,233,69,176,1
L1-L2-L3,233,71,200,1
L1-L2-L3,233,72,150,1
L1-L2-L3,233,73,32,1
L1-L2-L3,233,74,45,1
L1-L2-L3,233,75,146,1
L1-L2-L3,233,76,70,1
L1-L2-L3,233,77,87,1
L1-L2-L3,233,79,238,1
L1-L2-L3,233,80,132,1
L1-L2-L3,233,81,189,1
L1-L2-L3,233,84,92,1
L1-L2-L3,233,92,67,1
L1-L2-L3,233,93,155,1
L1-L2-L3,233,101,68,1
L1-L2-L3,233,102,73,1
L1-L2-L3,233,103,183,1
L1-L2-L3,233,107,87,1
L1-L2-L3,233,108,20,1
L1-L2-L3,233,109,130,1
L1-L2-L3,233,110,173,1
L1-L2-L3,233,112,179,1
L1-L2-L3,233,114,220,1
L1-L2-L3,233,116,95,1
L1-L2-L3,233,117,243,1
L1-L2-L3,233,121,116,1
L1-L2-L3,233,122,122,1
L1-L2-L3,233,123,199,1
L1-L2-L3,233,124,27,1
L1-L2-L3,233,125,176,1
L1-L2-L3,233,130,114,1
L1-L2-L3,233,133,161,1
L1-L2-L3,233,135,213,1
L1-L2-L3,233,136,91,1
L1-L2-L3,233,145,65,1
L1-L2-L3,233,151,138,1
L1-L2-L3,233,152,182,1
L1-L2-L3,233,157,213,1
L1-L2-L3,233,159,68,1
L1-L2-L3,233,160,212,1
L1-L2-L3,233,161,168,1
L1-L2-L3,233,165,74,1
L1-L2-L3,233,166,161,1
L1-L2-L3,233,169,110,1
L1-L2-L3,233,171,179,1
L1-L2-L3,233,173,192,1
L1-L2-L3,233,174,157,1
L1-L2-L3,233,179,129,1
L1-L2-L3,233,180,197,1
L1-L2-L3,233,181,62,1
L1-L2-L3,233,184,228,1
L1-L2-L3,233,185,4,1
L1-L2-L3,233,187,205,1
L1-L2-L3,233,188,231,1
L1-L2-L3,233,190,155,1
L1-L2-L3,233,191,17,1
L1-L2-L3,233,192,43,1
L1-L2-L3,233,193,46,1
L1-L2-L3,233,194,221,1
L1-L2-L3,233,195,37,1
L1-L2-L3,233,196,0,1
L1-L2-L3,233,197,51,1
L1-L2-L3,233,199,18,1
L1-L2-L3,233,200,148,1
L1-L2-L3,233,201,226,1
L1-L2-L3,233,202,243,1
L1-L2-L3,233,203,93,1
L1-L2-L3,233,208,65,1
L1-L2-L3,233,209,243,1
L1-L2-L3,233,215,137,1
L1-L2-L3,233,216,52,1
L1-L2-L3,233,219,182,1
L1-L2-L3,233,221,52,1
L1-L2-L3,233,222,88,1
L1-L2-L3,233,223,249,1
L1-L2-L3,233,227,91,1
L1-L2-L3,233,229,80,1
L1-L2-L3,233,233,179,1
L1-L2-L3,233,234,69,1
L1-L2-L3,233,236,217,1
L1-L2-L3,233,238,141,1
L1-L2-L3,233,239,20,1
L1-L2-L3,233,242,146,1
L1-L2-L3,233,243,136,1
L1-L2-L3,233,244,38,1
L1-L2-L3,233,246,131,1
L1-L2-L3,233,247,40,1
L1-L2-L3,233,248,179,1
L1-L2-L3,233,251,77,1
L1-L2-L3,233,252,241,1
L1-L2-L3,234,2,199,1
L1-L2-L3,234,14,199,1
L1-L2-L3,234,16,54,1
L1-L2-L3,234,18,80,1
L1-L2-L3,234,23,166,1
L1-L2-L3,234,24,193,1
L1-L2-L3,234,29,193,1
L1-L2-L3,234,30,222,1
L1-L2-L3,234,32,58,1
L1-L2-L3,234,34,166,1
L1-L2-L3,234,35,7,1
L1-L2-L3,234,36,73,1
L1-L2-L3,234,38,49,1
L1-L2-L3,234,41,176,1
L1-L2-L3,234,47,81,1
L1-L2-L3,234,48,16,1
L1-L2-L3,234,51,55,1
L1-L2-L3,234,52,49,1
L1-L2-L3,234,55,208,1
L1-L2-L3,234,59,62,1
L1-L2-L3,234,61,14,1
L1-L2-L3,234,62,181,1
L1-L2-L3,234,64,176,1
L1-L2-L3,234,66,92,1
L1-L2-L3,234,67,63,1
L1-L2-L3,234,68,98,1
L1-L2-L3,234,71,73,1
L1-L2-L3,234,74,244,1
L1-L2-L3,234,75,25,1
L1-L2-L3,234,77,73,1
L1-L2-L3,234,78,254,1
L1-L2-L3,234,80,224,1
L1-L2-L3,234,81,80,1
L1-L2-L3,234,84,13,1
L1-L2-L3,234,90,70,1
L1-L2-L3,234,93,66,1
L1-L2-L3,234,94,105,1
L1-L2-L3,234,98,25,1
L1-L2-L3,234,102,116,1
L1-L2-L3,234,106,48,1
L1-L2-L3,234,107,68,1
L1-L2-L3,234,108,109,1
L1-L2-L3,234,109,89,1
L1-L2-L3,234,110,184,1
L1-L2-L3,234,113,36,1
L1-L2-L3,234,118,195,1
L1-L2-L3,234,121,29,1
L1-L2-L3,234,123,183,1
L1-L2-L3,234,124,202,1
L1-L2-L3,234,125,244,1
L1-L2-L3,234,127,171,1
L1-L2-L3,234,128,229,1
L1-L2-L3,234,134,51,1
L1-L2-L3,234,135,102,1
L1-L2-L3,234,136,95,1
L1-L2-L3,234,137,6,1
L1-L2-L3,234,138,231,1
L1-L2-L3,234,139,164,1
L1-L2-L3,234,142,156,1
L1-L2-L3,234,144,193,1
L1-L2-L3,234,147,135,1
L1-L2-L3,234,150,22,1
L1-L2-L3,234,159,30,1
L1-L2-L3,234,164,130,1
L1-L2-L3,234,169,114,1
L1-L2-L3,234,173,181,1
L1-L2-L3,234,177,167,1
L1-L2-L3,234,179,102,1
L1-L2-L3,234,180,237,1
L1-L2-L3,234,181,126,1
L1-L2-L3,234,182,209,1
L1-L2-L3,234,183,210,1
L1-L2-L3,234,186,234,1
L1-L2-L3,234,187,51,1
L1-L2-L3,234,188,63,1
L1-L2-L3,234,189,16,1
L1-L2-L3,234,190,122,1
L1-L2-L3,234,191,42,1
L1-L2-L3,234,194,30,1
L1-L2-L3,234,196,222,1
L1-L2-L3,234,200,188,1
L1-L2-L3,234,202,247,1
L1-L2-L3,234,203,129,1
L1-L2-L3,234,204,202,1
L1-L2-L3,234,208,17,1
L1-L2-L3,234,209,167,1
L1-L2-L3,234,210,196,1
L1-L2-L3,234,213,132,1
L1-L2-L3,234,214,218,1
L1-L2-L3,234,215,114,1
L1-L2-L3,234,222,244,1
L1-L2-L3,234,225,183,1
L1-L2-L3,234,227,30,1
L1-L2-L3,234,232,110,1
L1-L2-L3,234,235,77,1
L1-L2-L3,234,236,209,1
L1-L2-L3,234,239,67,1
L1-L2-L3,234,240,55,1
L1-L2-L3,234,241,19,1
L1-L2-L3,234,242,224,1
L1-L2-L3,234,246,254,1
L1-L2-L3,234,247,129,1
L1-L2-L3,234,248,48,1
L1-L2-L3,234,251,44,1
L1-L2-L3,234,252,158,1
L1-L2-L3,234,253,135,1
L1-L2-L3,234,254,170,1
L1-L2-L3,235,3,110,1
L1-L2-L3,235,7,69,1
L1-L2-L3,235,10,174,1
L1-L2-L3,235,14,231,1
L1-L2-L3,235,18,9,1
L1-L2-L3,235,21,150,1
L1-L2-L3,235,22,115,1
L1-L2-L3,235,23,225,1
L1-L2-L3,235,24,126,1
L1-L2-L3,235,30,33,1
L1-L2-L3,235,36,187,1
L1-L2-L3,235,38,134,1
L1-L2-L3,235,47,211,1
L1-L2-L3,235,48,124,1
L1-L2-L3,235,50,80,1
L1-L2-L3,235,51,122,1
L1-L2-L3,235,60,253,1
L1-L2-L3,235,61,174,1
L1-L2-L3,235,62,247,1
L1-L2-L3,235,65,219,1
L1-L2-L3,235,66,101,1
L1-L2-L3,235,73,192,1
L1-L2-L3,235,75,119,1
L1-L2-L3,235,79,114,1
L1-L2-L3,235,84,95,1
L1-L2-L3,235,85,166,1
L1-L2-L3,235,90,159,1
L1-L2-L3,235,91,31,1
L1-L2-L3,235,92,129,1
L1-L2-L3,235,93,109,1
L1-L2-L3,235,95,56,1
L1-L2-L3,235,110,114,1
L1-L2-L3,235,115,163,1
L1-L2-L3,235,119,12,1
L1-L2-L3,235,123,229,1
L1-L2-L3,235,126,115,1
L1-L2-L3,235,127,192,1
L1-L2-L3,235,134,159,1
L1-L2-L3,235,135,172,1
L1-L2-L3,235,139,102,1
L1-L2-L3,235,147,218,1
L1-L2-L3,235,148,124,1
L1-L2-L3,235,150,38,1
L1-L2-L3,235,157,244,1
L1-L2-L3,235,160,102,1
L1-L2-L3,235,161,149,1
L1-L2-L3,235,164,238,1
L1-L2-L3,235,166,136,1
L1-L2-L3,235,167,203,1
L1-L2-L3,235,170,211,1
L1-L2-L3,235,171,33,1
L1-L2-L3,235,173,1,1
L1-L2-L3,235,175,72,1
L1-L2-L3,235,177,69,1
L1-L2-L3,235,181,22,1
L1-L2-L3,235,186,53,1
L1-L2-L3,235,191,100,1
L1-L2-L3,235,192,211,1
L1-L2-L3,235,193,211,1
L1-L2-L3,235,194,124,1
L1-L2-L3,235,195,82,1
L1-L2-L3,235,202,242,1
L1-L2-L3,235,205,244,1
L1-L2-L3,235,211,118,1
L1-L2-L3,235,216,79,1
L1-L2-L3,235,219,20,1
L1-L2-L3,235,225,248,1
L1-L2-L3,235,226,112,1
L1-L2-L3,235,227,49,1
L1-L2-L3,235,230,169,1
L1-L2-L3,235,231,49,1
L1-L2-L3,235,235,83,1
L1-L2-L3,235,237,124,1
L1-L2-L3,235,241,220,1
L1-L2-L3,235,247,117,1
L1-L2-L3,235,252,187,1
L1-L2-L3,236,2,60,1
L1-L2-L3,236,4,85,1
L1-L2-L3,236,7,237,1
L1-L2-L3,236,9,119,1
L1-L2-L3,236,10,114,1
L1-L2-L3,236,11,187,1
L1-L2-L3,236,15,191,1
L1-L2-L3,236,17,199,1
L1-L2-L3,236,18,120,1
L1-L2-L3,236,21,90,1
L1-L2-L3,236,26,180,1
L1-L2-L3,236,27,166,1
L1-L2-L3,236,29,224,1
L1-L2-L3,236,30,134,1
L1-L2-L3,236,31,104,1
L1-L2-L3,236,37,54,1
L1-L2-L3,236,39,151,1
L1-L2-L3,236,45,54,1
L1-L2-L3,236,48,87,1
L1-L2-L3,236,52,200,1
L1-L2-L3,236,55,60,1
L1-L2-L3,236,56,181,1
L1-L2-L3,236,60,167,1
L1-L2-L3,236,63,132,1
L1-L2-L3,236,64,52,1
L1-L2-L3,236,65,185,1
L1-L2-L3,236,69,217,1
L1-L2-L3,236,71,250,1
L1-L2-L3,236,75,58,1
L1-L2-L3,236,87,236,1
L1-L2-L3,236,91,195,1
L1-L2-L3,236,92,119,1
L1-L2-L3,236,93,74,1
L1-L2-L3,236,95,218,1
L1-L2-L3,236,96,121,1
L1-L2-L3,236,97,60,1
L1-L2-L3,236,100,38,1
L1-L2-L3,236,101,17,1
L1-L2-L3,236,102,250,1
L1-L2-L3,236,103,201,1
L1-L2-L3,236,105,121,1
L1-L2-L3,236,107,72,1
L1-L2-L3,236,111,115,1
L1-L2-L3,236,113,44,1
L1-L2-L3,236,115,124,1
L1-L2-L3,236,116,217,1
L1-L2-L3,236,124,124,1
L1-L2-L3,236,125,195,1
L1-L2-L3,236,128,204,1
L1-L2-L3,236,130,255,1
L1-L2-L3,236,134,182,1
L1-L2-L3,236,135,109,1
L1-L2-L3,236,148,170,1
L1-L2-L3,236,151,188,1
L1-L2-L3,236,152,222,1
L1-L2-L3,236,153,60,1
L1-L2-L3,236,155,6,1
L1-L2-L3,236,157,192,1
L1-L2-L3,236,160,255,1
L1-L2-L3,236,163,148,1
L1-L2-L3,236,173,54,1
L1-L2-L3,236,175,33,1
L1-L2-L3,236,179,233,1
L1-L2-L3,236,182,121,1
L1-L2-L3,236,183,122,1
L1-L2-L3,236,184,227,1
L1-L2-L3,236,185,73,1
L1-L2-L3,236,186,181,1
L1-L2-L3,236,191,34,1
L1-L2-L3,236,194,121,1
L1-L2-L3,236,195,60,1
L1-L2-L3,236,199,252,1
L1-L2-L3,236,200,89,1
L1-L2-L3,236,204,252,1
L1-L2-L3,236,205,61,1
L1-L2-L3,236,207,112,1
L1-L2-L3,236,210,173,1
L1-L2-L3,236,216,44,1
L1-L2-L3,236,217,28,1
L1-L2-L3,236,218,54,1
L1-L2-L3,236,221,129,1
L1-L2-L3,236,222,200,1
L1-L2-L3,236,224,250,1
L1-L2-L3,236,225,140,1
L1-L2-L3,236,226,41,1
L1-L2-L3,236,227,124,1
L1-L2-L3,236,230,181,1
L1-L2-L3,236,231,73,1
L1-L2-L3,236,236,227,1
L1-L2-L3,236,237,118,1
L1-L2-L3,236,238,127,1
L1-L2-L3,236,242,248,1
L1-L2-L3,236,243,29,1
L1-L2-L3,236,246,148,1
L1-L2-L3,236,247,187,1
L1-L2-L3,236,249,208,1
L1-L2-L3,236,250,243,1
L1-L2-L3,236,251,244,1
L1-L2-L3,236,253,250,1
L1-L2-L3,236,255,181,1
L1-L2-L3,237,9,127,1
L1-L2-L3,237,17,119,1
L1-L2-L3,237,21,220,1
L1-L2-L3,237,23,36,1
L1-L2-L3,237,24,227,1
L1-L2-L3,237,25,237,1
L1-L2-L3,237,26,37,1
L1-L2-L3,237,28,166,1
L1-L2-L3,237,29,163,1
L1-L2-L3,237,33,49,1
L1-L2-L3,237,34,156,1
L1-L2-L3,237,35,183,1
L1-L2-L3,237,38,211,1
L1-L2-L3,237,41,128,1
L1-L2-L3,237,46,187,1
L1-L2-L3,237,48,38,1
L1-L2-L3,237,53,122,1
L1-L2-L3,237,54,8,1
L1-L2-L3,237,56,150,1
L1-L2-L3,237,59,117,1
L1-L2-L3,237,60,105,1
L1-L2-L3,237,61,44,1
L1-L2-L3,237,63,233,1
L1-L2-L3,237,66,41,1
L1-L2-L3,237,67,68,1
L1-L2-L3,237,69,37,1
L1-L2-L3,237,72,69,1
L1-L2-L3,237,75,43,1
L1-L2-L3,237,78,109,1
L1-L2-L3,237,79,62,1
L1-L2-L3,237,82,17,1
L1-L2-L3,237,83,168,1
L1-L2-L3,237,84,168,1
L1-L2-L3,237,85,116,1
L1-L2-L3,237,98,230,1
L1-L2-L3,237,103,36,1
L1-L2-L3,237,104,56,1
L1-L2-L3,237,105,75,1
L1-L2-L3,237,107,35,1
L1-L2-L3,237,108,202,1
L1-L2-L3,237,109,56,1
L1-L2-L3,237,111,19,1
L1-L2-L3,237,112,229,1
L1-L2-L3,237,113,122,1
L1-L2-L3,237,117,58,1
L1-L2-L3,237,119,230,1
L1-L2-L3,237,122,187,1
L1-L2-L3,237,124,171,1
L1-L2-L3,237,129,24,1
L1-L2-L3,237,132,24,1
L1-L2-L3,237,133,93,1
L1-L2-L3,237,136,158,1
L1-L2-L3,237,139,114,1
L1-L2-L3,237,140,171,1
L1-L2-L3,237,147,230,1
L1-L2-L3,237,148,168,1
L1-L2-L3,237,149,226,1
L1-L2-L3,237,151,63,1
L1-L2-L3,237,155,61,1
L1-L2-L3,237,157,163,1
L1-L2-L3,237,160,24,1
L1-L2-L3,237,163,207,1
L1-L2-L3,237,165,0,1
L1-L2-L3,237,166,131,1
L1-L2-L3,237,168,8,1
L1-L2-L3,237,174,226,1
L1-L2-L3,237,175,53,1
L1-L2-L3,237,178,141,1
L1-L2-L3,237,179,168,1
L1-L2-L3,237,182,22,1
L1-L2-L3,237,183,199,1
L1-L2-L3,237,185,201,1
L1-L2-L3,237,186,166,1
L1-L2-L3,237,187,70,1
L1-L2-L3,237,190,7,1
L1-L2-L3,237,191,88,1
L1-L2-L3,237,195,30,1
L1-L2-L3,237,197,219,1
L1-L2-L3,237,198,117,1
L1-L2-L3,237,199,104,1
L1-L2-L3,237,200,226,1
L1-L2-L3,237,202,195,1
L1-L2-L3,237,205,183,1
L1-L2-L3,237,207,13,1
L1-L2-L3,237,208,30,1
L1-L2-L3,237,210,65,1
L1-L2-L3,237,211,88,1
L1-L2-L3,237,212,56,1
L1-L2-L3,237,216,212,1
L1-L2-L3,237,218,33,1
L1-L2-L3,237,222,252,1
L1-L2-L3,237,224,81,1
L1-L2-L3,237,227,134,1
L1-L2-L3,237,228,227,1
L1-L2-L3,237,229,150,1
L1-L2-L3,237,230,103,1
L1-L2-L3,237,231,85,1
L1-L2-L3,237,238,166,1
L1-L2-L3,237,239,125,1
L1-L2-L3,237,240,188,1
L1-L2-L3,237,241,12,1
L1-L2-L3,237,244,228,1
L1-L2-L3,237,245,203,1
L1-L2-L3,237,246,121,1
L1-L2-L3,237,247,109,1
L1-L2-L3,237,248,212,1
L1-L2-L3,237,249,71,1
L1-L2-L3,237,250,43,1
L1-L2-L3,237,254,121,1
L1-L2-L3,238,0,31,1
L1-L2-L3,238,5,176,1
L1-L2-L3,238,6,205,1
L1-L2-L3,238,8,144,1
L1-L2-L3,238,9,245,1
L1-L2-L3,238,10,246,1
L1-L2-L3,238,15,131,1
L1-L2-L3,238,18,235,1
L1-L2-L3,238,19,198,1
L1-L2-L3,238,20,64,1
L1-L2-L3,238,21,96,1
L1-L2-L3,238,25,131,1
L1-L2-L3,238,28,83,1
L1-L2-L3,238,29,92,1
L1-L2-L3,238,34,137,1
L1-L2-L3,238,36,43,1
L1-L2-L3,238,37,162,1
L1-L2-L3,238,40,205,1
L1-L2-L3,238,41,135,1
L1-L2-L3,238,44,40,1
L1-L2-L3,238,47,3,1
L1-L2-L3,238,49,162,1
L1-L2-L3,238,54,113,1
L1-L2-L3,238,59,160,1
L1-L2-L3,238,61,219,1
L1-L2-L3,238,63,161,1
L1-L2-L3,238,65,167,1
L1-L2-L3,238,66,254,1
L1-L2-L3,238,69,158,1
L1-L2-L3,238,70,70,1
L1-L2-L3,238,72,96,1
L1-L2-L3,238,73,209,1
L1-L2-L3,238,75,158,1
L1-L2-L3,238,77,108,1
L1-L2-L3,238,81,137,1
L1-L2-L3,238,84,158,1
L1-L2-L3,238,85,160,1
L1-L2-L3,238,89,137,1
L1-L2-L3,238,93,245,1
L1-L2-L3,238,94,239,1
L1-L2-L3,238,100,118,1
L1-L2-L3,238,102,28,1
L1-L2-L3,238,103,3,1
L1-L2-L3,238,104,175,1
L1-L2-L3,238,107,13,1
L1-L2-L3,238,109,231,1
L1-L2-L3,238,110,139,1
L1-L2-L3,238,112,131,1
L1-L2-L3,238,113,25,1
L1-L2-L3,238,115,168,1
L1-L2-L3,238,116,198,1
L1-L2-L3,238,117,98,1
L1-L2-L3,238,118,144,1
L1-L2-L3,238,122,186,1
L1-L2-L3,238,126,144,1
L1-L2-L3,238,129,198,1
L1-L2-L3,238,130,99,1
L1-L2-L3,238,131,211,1
L1-L2-L3,238,134,231,1
L1-L2-L3,238,142,26,1
L1-L2-L3,238,145,166,1
L1-L2-L3,238,153,188,1
L1-L2-L3,238,156,137,1
L1-L2-L3,238,159,93,1
L1-L2-L3,238,161,158,1
L1-L2-L3,238,166,118,1
L1-L2-L3,238,168,62,1
L1-L2-L3,238,169,40,1
L1-L2-L3,238,172,239,1
L1-L2-L3,238,175,207,1
L1-L2-L3,238,177,165,1
L1-L2-L3,238,180,139,1
L1-L2-L3,238,182,96,1
L1-L2-L3,238,186,253,1
L1-L2-L3,238,188,238,1
L1-L2-L3,238,189,162,1
L1-L2-L3,238,190,142,1
L1-L2-L3,238,191,179,1
L1-L2-L3,238,193,175,1
L1-L2-L3,238,195,73,1
L1-L2-L3,238,196,67,1
L1-L2-L3,238,197,214,1
L1-L2-L3,238,198,239,1
L1-L2-L3,238,199,214,1
L1-L2-L3,238,200,246,1
L1-L2-L3,238,204,32,1
L1-L2-L3,238,206,147,1
L1-L2-L3,238,208,157,1
L1-L2-L3,238,212,176,1
L1-L2-L3,238,213,235,1
L1-L2-L3,238,217,116,1
L1-L2-L3,238,218,158,1
L1-L2-L3,238,222,184,1
L1-L2-L3,238,223,216,1
L1-L2-L3,238,225,124,1
L1-L2-L3,238,227,252,1
L1-L2-L3,238,231,152,1
L1-L2-L3,238,232,47,1
L1-L2-L3,238,239,205,1
L1-L2-L3,238,241,40,1
L1-L2-L3,238,242,222,1
L1-L2-L3,238,243,68,1
L1-L2-L3,238,244,229,1
L1-L2-L3,238,245,18,1
L1-L2-L3,238,246,158,1
L1-L2-L3,238,249,252,1
L1-L2-L3,238,251,69,1
L1-L2-L3,238,252,19,1
L1-L2-L3,239,1,208,1
L1-L2-L3,239,10,181,1
L1-L2-L3,239,13,48,1
L1-L2-L3,239,15,51,1
L1-L2-L3,239,16,156,1
L1-L2-L3,239,17,36,1
L1-L2-L3,239,19,227,1
L1-L2-L3,239,20,19,1
L1-L2-L3,239,24,101,1
L1-L2-L3,239,25,129,1
L1-L2-L3,239,30,157,1
L1-L2-L3,239,33,79,1
L1-L2-L3,239,37,194,1
L1-L2-L3,239,40,69,1
L1-L2-L3,239,41,92,1
L1-L2-L3,239,46,210,1
L1-L2-L3,239,47,217,1
L1-L2-L3,239,49,187,1
L1-L2-L3,239,51,184,1
L1-L2-L3,239,61,197,1
L1-L2-L3,239,66,243,1
L1-L2-L3,239,68,181,1
L1-L2-L3,239,69,173,1
L1-L2-L3,239,70,232,1
L1-L2-L3,239,72,36,1
L1-L2-L3,239,77,210,1
L1-L2-L3,239,78,19,1
L1-L2-L3,239,79,234,1
L1-L2-L3,239,82,102,1
L1-L2-L3,239,89,217,1
L1-L2-L3,239,90,49,1
L1-L2-L3,239,95,15,1
L1-L2-L3,239,96,55,1
L1-L2-L3,239,97,27,1
L1-L2-L3,239,99,161,1
L1-L2-L3,239,102,99,1
L1-L2-L3,239,104,253,1
L1-L2-L3,239,105,69,1
L1-L2-L3,239,108,67,1
L1-L2-L3,239,110,36,1
L1-L2-L3,239,113,156,1
L1-L2-L3,239,115,255,1
L1-L2-L3,239,116,81,1
L1-L2-L3,239,117,60,1
L1-L2-L3,239,123,54,1
L1-L2-L3,239,128,32,1
L1-L2-L3,239,129,9,1
L1-L2-L3,239,131,156,1
L1-L2-L3,239,132,238,1
L1-L2-L3,239,136,170,1
L1-L2-L3,239,137,51,1
L1-L2-L3,239,138,221,1
L1-L2-L3,239,149,199,1
L1-L2-L3,239,150,93,1
L1-L2-L3,239,154,160,1
L1-L2-L3,239,162,221,1
L1-L2-L3,239,164,252,1
L1-L2-L3,239,166,231,1
L1-L2-L3,239,168,59,1
L1-L2-L3,239,177,113,1
L1-L2-L3,239,185,218,1
L1-L2-L3,239,186,232,1
L1-L2-L3,239,189,58,1
L1-L2-L3,239,191,209,1
L1-L2-L3,239,193,65,1
L1-L2-L3,239,195,112,1
L1-L2-L3,239,196,63,1
L1-L2-L3,239,198,198,1
L1-L2-L3,239,199,4,1
L1-L2-L3,239,200,229,1
L1-L2-L3,239,202,51,1
L1-L2-L3,239,203,121,1
L1-L2-L3,239,204,60,1
L1-L2-L3,239,205,227,1
L1-L2-L3,239,207,195,1
L1-L2-L3,239,209,51,1
L1-L2-L3,239,211,202,1
L1-L2-L3,239,214,130,1
L1-L2-L3,239,215,188,1
L1-L2-L3,239,216,171,1
L1-L2-L3,239,218,237,1
L1-L2-L3,239,219,133,1
L1-L2-L3,239,220,57,1
L1-L2-L3,239,222,66,1
L1-L2-L3,239,225,28,1
L1-L2-L3,239,227,243,1
L1-L2-L3,239,230,135,1
L1-L2-L3,239,231,22,1
L1-L2-L3,239,232,100,1
L1-L2-L3,239,233,174,1
L1-L2-L3,239,242,165,1
L1-L2-L3,239,245,121,1
L1-L2-L3,239,249,54,1
L1-L2-L3,239,251,130,1
L1-L2-L3,239,252,146,1
L1-L2-L3,239,253,65,1
L1-L2-L3,239,255,234,1
L1-L2-L3,240,1,212,1
L1-L2-L3,240,7,31,1
L1-L2-L3,240,19,170,1
L1-L2-L3,240,20,8,1
L1-L2-L3,240,22,111,1
L1-L2-L3,240,29,142,1
L1-L2-L3,240,30,111,1
L1-L2-L3,240,49,52,1
L1-L2-L3,240,50,9,1
L1-L2-L3,240,53,117,1
L1-L2-L3,240,69,151,1
L1-L2-L3,240,71,110,1
L1-L2-L3,240,84,59,1
L1-L2-L3,240,90,150,1
L1-L2-L3,240,93,142,1
L1-L2-L3,240,95,141,1
L1-L2-L3,240,97,179,1
L1-L2-L3,240,98,71,1
L1-L2-L3,240,101,221,1
L1-L2-L3,240,106,28,1
L1-L2-L3,240,109,91,1
L1-L2-L3,240,111,167,1
L1-L2-L3,240,115,233,1
L1-L2-L3,240,117,55,1
L1-L2-L3,240,125,32,1
L1-L2-L3,240,128,241,1
L1-L2-L3,240,129,252,1
L1-L2-L3,240,131,120,1
L1-L2-L3,240,133,137,1
L1-L2-L3,240,134,245,1
L1-L2-L3,240,136,148,1
L1-L2-L3,240,137,86,1
L1-L2-L3,240,141,17,1
L1-L2-L3,240,147,168,1
L1-L2-L3,240,149,102,1
L1-L2-L3,240,155,86,1
L1-L2-L3,240,156,107,1
L1-L2-L3,240,159,150,1
L1-L2-L3,240,160,38,1
L1-L2-L3,240,162,150,1
L1-L2-L3,240,168,249,1
L1-L2-L3,240,169,79,1
L1-L2-L3,240,170,218,1
L1-L2-L3,240,173,10,1
L1-L2-L3,240,178,20,1
L1-L2-L3,240,182,109,1
L1-L2-L3,240,183,112,1
L1-L2-L3,240,185,203,1
L1-L2-L3,240,187,203,1
L1-L2-L3,240,188,248,1
L1-L2-L3,240,189,130,1
L1-L2-L3,240,191,145,1
L1-L2-L3,240,193,30,1
L1-L2-L3,240,195,122,1
L1-L2-L3,240,196,199,1
L1-L2-L3,240,198,151,1
L1-L2-L3,240,199,141,1
L1-L2-L3,240,200,119,1
L1-L2-L3,240,207,201,1
L1-L2-L3,240,211,173,1
L1-L2-L3,240,213,178,1
L1-L2-L3,240,215,130,1
L1-L2-L3,240,222,152,1
L1-L2-L3,240,223,97,1
L1-L2-L3,240,225,19,1
L1-L2-L3,240,228,204,1
L1-L2-L3,240,229,254,1
L1-L2-L3,240,230,35,1
L1-L2-L3,240,231,81,1
L1-L2-L3,240,234,184,1
L1-L2-L3,240,235,145,1
L1-L2-L3,240,236,59,1
L1-L2-L3,240,239,251,1
L1-L2-L3,240,242,30,1
L1-L2-L3,240,245,153,1
L1-L2-L3,240,246,144,1
L1-L2-L3,240,247,120,1
L1-L2-L3,240,249,68,1
L1-L2-L3,240,250,235,1
L1-L2-L3,240,251,14,1
L1-L2-L3,240,252,149,1
L1-L2-L3,241,4,156,1
L1-L2-L3,241,5,40,1
L1-L2-L3,241,6,123,1
L1-L2-L3,241,14,207,1
L1-L2-L3,241,15,28,1
L1-L2-L3,241,16,189,1
L1-L2-L3,241,19,123,1
L1-L2-L3,241,22,181,1
L1-L2-L3,241,25,193,1
L1-L2-L3,241,29,236,1
L1-L2-L3,241,30,73,1
L1-L2-L3,241,32,14,1
L1-L2-L3,241,35,128,1
L1-L2-L3,241,38,216,1
L1-L2-L3,241,40,162,1
L1-L2-L3,241,41,160,1
L1-L2-L3,241,42,209,1
L1-L2-L3,241,44,225,1
L1-L2-L3,241,46,160,1
L1-L2-L3,241,49,113,1
L1-L2-L3,241,50,74,1
L1-L2-L3,241,51,197,1
L1-L2-L3,241,52,186,1
L1-L2-L3,241,58,130,1
L1-L2-L3,241,59,176,1
L1-L2-L3,241,61,199,1
L1-L2-L3,241,63,75,1
L1-L2-L3,241,65,230,1
L1-L2-L3,241,66,152,1
L1-L2-L3,241,75,14,1
L1-L2-L3,241,78,14,1
L1-L2-L3,241,92,26,1
L1-L2-L3,241,97,5,1
L1-L2-L3,241,99,59,1
L1-L2-L3,241,102,210,1
L1-L2-L3,241,104,66,1
L1-L2-L3,241,105,151,1
L1-L2-L3,241,107,181,1
L1-L2-L3,241,108,104,1
L1-L2-L3,241,111,139,1
L1-L2-L3,241,113,171,1
L1-L2-L3,241,116,3,1
L1-L2-L3,241,119,59,1
L1-L2-L3,241,123,209,1
L1-L2-L3,241,125,131,1
L1-L2-L3,241,129,123,1
L1-L2-L3,241,132,139,1
L1-L2-L3,241,135,190,1
L1-L2-L3,241,141,28,1
L1-L2-L3,241,144,4,1
L1-L2-L3,241,146,122,1
L1-L2-L3,241,149,13,1
L1-L2-L3,241,158,53,1
L1-L2-L3,241,160,220,1
L1-L2-L3,241,161,121,1
L1-L2-L3,241,164,108,1
L1-L2-L3,241,165,128,1
L1-L2-L3,241,167,78,1
L1-L2-L3,241,169,144,1
L1-L2-L3,241,170,197,1
L1-L2-L3,241,171,129,1
L1-L2-L3,241,172,232,1
L1-L2-L3,241,173,216,1
L1-L2-L3,241,175,176,1
L1-L2-L3,241,176,125,1
L1-L2-L3,241,177,190,1
L1-L2-L3,241,179,29,1
L1-L2-L3,241,182,137,1
L1-L2-L3,241,185,190,1
L1-L2-L3,241,187,167,1
L1-L2-L3,241,188,119,1
L1-L2-L3,241,189,137,1
L1-L2-L3,241,190,139,1
L1-L2-L3,241,191,128,1
L1-L2-L3,241,193,62,1
L1-L2-L3,241,194,178,1
L1-L2-L3,241,195,35,1
L1-L2-L3,241,196,242,1
L1-L2-L3,241,198,121,1
L1-L2-L3,241,199,130,1
L1-L2-L3,241,202,125,1
L1-L2-L3,241,207,153,1
L1-L2-L3,241,208,40,1
L1-L2-L3,241,210,194,1
L1-L2-L3,241,211,45,1
L1-L2-L3,241,213,222,1
L1-L2-L3,241,214,236,1
L1-L2-L3,241,216,66,1
L1-L2-L3,241,217,81,1
L1-L2-L3,241,219,45,1
L1-L2-L3,241,220,128,1
L1-L2-L3,241,221,196,1
L1-L2-L3,241,223,14,1
L1-L2-L3,241,225,191,1
L1-L2-L3,241,227,167,1
L1-L2-L3,241,229,190,1
L1-L2-L3,241,231,76,1
L1-L2-L3,241,233,235,1
L1-L2-L3,241,235,152,1
L1-L2-L3,241,237,137,1
L1-L2-L3,241,239,188,1
L1-L2-L3,241,242,49,1
L1-L2-L3,241,244,193,1
L1-L2-L3,241,248,32,1
L1-L2-L3,241,249,239,1
L1-L2-L3,241,250,219,1
L1-L2-L3,241,251,59,1
L1-L2-L3,242,2,55,1
L1-L2-L3,242,4,224,1
L1-L2-L3,242,6,178,1
L1-L2-L3,242,8,49,1
L1-L2-L3,242,11,11,1
L1-L2-L3,242,14,6,1
L1-L2-L3,242,18,253,1
L1-L2-L3,242,22,73,1
L1-L2-L3,242,30,207,1
L1-L2-L3,242,31,56,1
L1-L2-L3,242,32,247,1
L1-L2-L3,242,34,54,1
L1-L2-L3,242,35,181,1
L1-L2-L3,242,36,88,1
L1-L2-L3,242,40,237,1
L1-L2-L3,242,41,59,1
L1-L2-L3,242,49,5,1
L1-L2-L3,242,52,77,1
L1-L2-L3,242,53,210,1
L1-L2-L3,242,54,245,1
L1-L2-L3,242,55,52,1
L1-L2-L3,242,58,20,1
L1-L2-L3,242,59,184,1
L1-L2-L3,242,60,102,1
L1-L2-L3,242,61,76,1
L1-L2-L3,242,63,232,1
L1-L2-L3,242,65,208,1
L1-L2-L3,242,66,132,1
L1-L2-L3,242,67,88,1
L1-L2-L3,242,69,80,1
L1-L2-L3,242,71,248,1
L1-L2-L3,242,73,179,1
L1-L2-L3,242,74,97,1
L1-L2-L3,242,77,36,1
L1-L2-L3,242,80,217,1
L1-L2-L3,242,81,59,1
L1-L2-L3,242,85,58,1
L1-L2-L3,242,86,73,1
L1-L2-L3,242,88,229,1
L1-L2-L3,242,91,156,1
L1-L2-L3,242,92,226,1
L1-L2-L3,242,96,42,1
L1-L2-L3,242,101,73,1
L1-L2-L3,242,103,167,1
L1-L2-L3,242,106,226,1
L1-L2-L3,242,107,83,1
L1-L2-L3,242,110,209,1
L1-L2-L3,242,111,238,1
L1-L2-L3,242,114,123,1
L1-L2-L3,242,115,53,1
L1-L2-L3,242,119,174,1
L1-L2-L3,242,127,181,1
L1-L2-L3,242,128,9,1
L1-L2-L3,242,129,233,1
L1-L2-L3,242,132,193,1
L1-L2-L3,242,133,151,1
L1-L2-L3,242,141,179,1
L1-L2-L3,242,142,100,1
L1-L2-L3,242,143,123,1
L1-L2-L3,242,147,151,1
L1-L2-L3,242,149,162,1
L1-L2-L3,242,153,54,1
L1-L2-L3,242,154,48,1
L1-L2-L3,242,155,117,1
L1-L2-L3,242,156,38,1
L1-L2-L3,242,159,217,1
L1-L2-L3,242,161,230,1
L1-L2-L3,242,166,198,1
L1-L2-L3,242,167,255,1
L1-L2-L3,242,168,192,1
L1-L2-L3,242,169,255,1
L1-L2-L3,242,171,115,1
L1-L2-L3,242,173,135,1
L1-L2-L3,242,175,147,1
L1-L2-L3,242,178,10,1
L1-L2-L3,242,179,199,1
L1-L2-L3,242,180,113,1
L1-L2-L3,242,181,36,1
L1-L2-L3,242,190,231,1
L1-L2-L3,242,194,40,1
L1-L2-L3,242,198,170,1
L1-L2-L3,242,199,193,1
L1-L2-L3,242,200,250,1
L1-L2-L3,242,201,228,1
L1-L2-L3,242,202,151,1
L1-L2-L3,242,203,80,1
L1-L2-L3,242,206,217,1
L1-L2-L3,242,209,226,1
L1-L2-L3,242,211,187,1
L1-L2-L3,242,212,15,1
L1-L2-L3,242,213,195,1
L1-L2-L3,242,217,6,1
L1-L2-L3,242,218,243,1
L1-L2-L3,242,220,30,1
L1-L2-L3,242,221,219,1
L1-L2-L3,242,225,36,1
L1-L2-L3,242,227,34,1
L1-L2-L3,242,228,161,1
L1-L2-L3,242,229,129,1
L1-L2-L3,242,230,199,1
L1-L2-L3,242,233,103,1
L1-L2-L3,242,234,5,1
L1-L2-L3,242,235,189,1
L1-L2-L3,242,237,141,1
L1-L2-L3,242,239,176,1
L1-L2-L3,242,241,93,1
L1-L2-L3,242,242,80,1
L1-L2-L3,242,245,220,1
L1-L2-L3,242,246,78,1
L1-L2-L3,242,247,121,1
L1-L2-L3,242,249,117,1
L1-L2-L3,242,251,89,1
L1-L2-L3,242,252,119,1
L1-L2-L3,242,254,198,1
L1-L2-L3,243,2,154,1
L1-L2-L3,243,5,161,1
L1-L2-L3,243,8,158,1
L1-L2-L3,243,10,116,1
L1-L2-L3,243,12,64,1
L1-L2-L3,243,15,144,1
L1-L2-L3,243,17,137,1
L1-L2-L3,243,22,146,1
L1-L2-L3,243,26,213,1
L1-L2-L3,243,40,68,1
L1-L2-L3,243,47,141,1
L1-L2-L3,243,48,254,1
L1-L2-L3,243,50,89,1
L1-L2-L3,243,53,251,1
L1-L2-L3,243,54,42,1
L1-L2-L3,243,56,39,1
L1-L2-L3,243,60,29,1
L1-L2-L3,243,62,31,1
L1-L2-L3,243,66,57,1
L1-L2-L3,243,67,50,1
L1-L2-L3,243,69,156,1
L1-L2-L3,243,76,125,1
L1-L2-L3,243,77,90,1
L1-L2-L3,243,78,43,1
L1-L2-L3,243,81,158,1
L1-L2-L3,243,82,194,1
L1-L2-L3,243,87,179,1
L1-L2-L3,243,88,82,1
L1-L2-L3,243,89,168,1
L1-L2-L3,243,92,198,1
L1-L2-L3,243,94,243,1
L1-L2-L3,243,96,198,1
L1-L2-L3,243,99,194,1
L1-L2-L3,243,100,66,1
L1-L2-L3,243,105,97,1
L1-L2-L3,243,111,155,1
L1-L2-L3,243,112,186,1
L1-L2-L3,243,115,84,1
L1-L2-L3,243,118,156,1
L1-L2-L3,243,124,96,1
L1-L2-L3,243,129,185,1
L1-L2-L3,243,130,116,1
L1-L2-L3,243,143,141,1
L1-L2-L3,243,144,220,1
L1-L2-L3,243,148,39,1
L1-L2-L3,243,154,242,1
L1-L2-L3,243,157,116,1
L1-L2-L3,243,166,239,1
L1-L2-L3,243,167,82,1
L1-L2-L3,243,169,27,1
L1-L2-L3,243,170,73,1
L1-L2-L3,243,173,90,1
L1-L2-L3,243,175,158,1
L1-L2-L3,243,176,180,1
L1-L2-L3,243,184,139,1
L1-L2-L3,243,194,46,1
L1-L2-L3,243,195,9,1
L1-L2-L3,243,197,62,1
L1-L2-L3,243,199,254,1
L1-L2-L3,243,202,91,1
L1-L2-L3,243,205,118,1
L1-L2-L3,243,206,53,1
L1-L2-L3,243,211,125,1
L1-L2-L3,243,213,103,1
L1-L2-L3,243,223,144,1
L1-L2-L3,243,224,86,1
L1-L2-L3,243,226,84,1
L1-L2-L3,243,228,31,1
L1-L2-L3,243,231,183,1
L1-L2-L3,243,233,90,1
L1-L2-L3,243,234,146,1
L1-L2-L3,243,239,76,1
L1-L2-L3,243,241,146,1
L1-L2-L3,243,242,179,1
L1-L2-L3,243,243,97,1
L1-L2-L3,243,246,62,1
L1-L2-L3,243,250,146,1
L1-L2-L3,243,251,5,1
L1-L2-L3,243,252,95,1
L1-L2-L3,244,1,126,1
L1-L2-L3,244,7,200,1
L1-L2-L3,244,8,181,1
L1-L2-L3,244,11,46,1
L1-L2-L3,244,14,132,1
L1-L2-L3,244,15,242,1
L1-L2-L3,244,16,32,1
L1-L2-L3,244,17,229,1
L1-L2-L3,244,18,117,1
L1-L2-L3,244,25,122,1
L1-L2-L3,244,26,238,1
L1-L2-L3,244,28,185,1
L1-L2-L3,244,30,229,1
L1-L2-L3,244,31,127,1
L1-L2-L3,244,33,18,1
L1-L2-L3,244,34,146,1
L1-L2-L3,244,36,40,1
L1-L2-L3,244,41,222,1
L1-L2-L3,244,42,1,1
L1-L2-L3,244,43,112,1
L1-L2-L3,244,46,38,1
L1-L2-L3,244,48,243,1
L1-L2-L3,244,49,206,1
L1-L2-L3,244,51,46,1
L1-L2-L3,244,54,187,1
L1-L2-L3,244,62,134,1
L1-L2-L3,244,67,100,1
L1-L2-L3,244,68,35,1
L1-L2-L3,244,72,222,1
L1-L2-L3,244,75,65,1
L1-L2-L3,244,76,104,1
L1-L2-L3,244,77,208,1
L1-L2-L3,244,78,4,1
L1-L2-L3,244,79,204,1
L1-L2-L3,244,80,83,1
L1-L2-L3,244,82,241,1
L1-L2-L3,244,84,223,1
L1-L2-L3,244,86,252,1
L1-L2-L3,244,88,239,1
L1-L2-L3,244,91,241,1
L1-L2-L3,244,93,80,1
L1-L2-L3,244,95,217,1
L1-L2-L3,244,96,254,1
L1-L2-L3,244,108,230,1
L1-L2-L3,244,109,58,1
L1-L2-L3,244,113,154,1
L1-L2-L3,244,123,195,1
L1-L2-L3,244,124,84,1
L1-L2-L3,244,127,68,1
L1-L2-L3,244,128,138,1
L1-L2-L3,244,129,199,1
L1-L2-L3,244,130,120,1
L1-L2-L3,244,133,198,1
L1-L2-L3,244,139,21,1
L1-L2-L3,244,140,145,1
L1-L2-L3,244,141,162,1
L1-L2-L3,244,143,163,1
L1-L2-L3,244,144,20,1
L1-L2-L3,244,146,155,1
L1-L2-L3,244,147,153,1
L1-L2-L3,244,148,183,1
L1-L2-L3,244,150,147,1
L1-L2-L3,244,154,20,1
L1-L2-L3,244,155,105,1
L1-L2-L3,244,158,245,1
L1-L2-L3,244,164,22,1
L1-L2-L3,244,165,160,1
L1-L2-L3,244,170,245,1
L1-L2-L3,244,175,113,1
L1-L2-L3,244,177,7,1
L1-L2-L3,244,178,247,1
L1-L2-L3,244,182,31,1
L1-L2-L3,244,188,134,1
L1-L2-L3,244,190,218,1
L1-L2-L3,244,191,29,1
L1-L2-L3,244,192,134,1
L1-L2-L3,244,198,57,1
L1-L2-L3,244,199,54,1
L1-L2-L3,244,203,191,1
L1-L2-L3,244,206,70,1
L1-L2-L3,244,207,245,1
L1-L2-L3,244,208,71,1
L1-L2-L3,244,210,122,1
L1-L2-L3,244,213,172,1
L1-L2-L3,244,218,207,1
L1-L2-L3,244,220,245,1
L1-L2-L3,244,226,182,1
L1-L2-L3,244,227,189,1
L1-L2-L3,244,228,7,1
L1-L2-L3,244,229,191,1
L1-L2-L3,244,234,20,1
L1-L2-L3,244,238,147,1
L1-L2-L3,244,239,168,1
L1-L2-L3,244,241,206,1
L1-L2-L3,244,242,104,1
L1-L2-L3,244,244,247,1
L1-L2-L3,244,249,242,1
L1-L2-L3,245,0,206,1
L1-L2-L3,245,2,173,1
L1-L2-L3,245,6,117,1
L1-L2-L3,245,7,195,1
L1-L2-L3,245,8,101,1
L1-L2-L3,245,14,225,1
L1-L2-L3,245,22,27,1
L1-L2-L3,245,24,21,1
L1-L2-L3,245,25,189,1
L1-L2-L3,245,26,1,1
L1-L2-L3,245,33,229,1
L1-L2-L3,245,39,176,1
L1-L2-L3,245,40,175,1
L1-L2-L3,245,43,42,1
L1-L2-L3,245,45,170,1
L1-L2-L3,245,50,38,1
L1-L2-L3,245,57,71,1
L1-L2-L3,245,58,38,1
L1-L2-L3,245,61,80,1
L1-L2-L3,245,62,53,1
L1-L2-L3,245,63,39,1
L1-L2-L3,245,68,145,1
L1-L2-L3,245,69,27,1
L1-L2-L3,245,71,254,1
L1-L2-L3,245,72,16,1
L1-L2-L3,245,73,189,1
L1-L2-L3,245,79,172,1
L1-L2-L3,245,81,65,1
L1-L2-L3,245,82,80,1
L1-L2-L3,245,83,95,1
L1-L2-L3,245,85,225,1
L1-L2-L3,245,89,204,1
L1-L2-L3,245,90,114,1
L1-L2-L3,245,91,185,1
L1-L2-L3,245,93,175,1
L1-L2-L3,245,94,75,1
L1-L2-L3,245,95,183,1
L1-L2-L3,245,98,48,1
L1-L2-L3,245,99,63,1
L1-L2-L3,245,100,175,1
L1-L2-L3,245,106,3,1
L1-L2-L3,245,108,176,1
L1-L2-L3,245,110,142,1
L1-L2-L3,245,113,46,1
L1-L2-L3,245,116,223,1
L1-L2-L3,245,119,48,1
L1-L2-L3,245,124,161,1
L1-L2-L3,245,128,159,1
L1-L2-L3,245,129,134,1
L1-L2-L3,245,134,178,1
L1-L2-L3,245,137,213,1
L1-L2-L3,245,144,79,1
L1-L2-L3,245,145,3,1
L1-L2-L3,245,146,110,1
L1-L2-L3,245,147,141,1
L1-L2-L3,245,148,159,1
L1-L2-L3,245,152,189,1
L1-L2-L3,245,155,87,1
L1-L2-L3,245,157,242,1
L1-L2-L3,245,163,46,1
L1-L2-L3,245,165,111,1
L1-L2-L3,245,169,45,1
L1-L2-L3,245,171,24,1
L1-L2-L3,245,175,75,1
L1-L2-L3,245,176,174,1
L1-L2-L3,245,182,213,1
L1-L2-L3,245,183,104,1
L1-L2-L3,245,185,11,1
L1-L2-L3,245,190,22,1
L1-L2-L3,245,191,1,1
L1-L2-L3,245,199,198,1
L1-L2-L3,245,200,28,1
L1-L2-L3,245,201,161,1
L1-L2-L3,245,202,230,1
L1-L2-L3,245,204,90,1
L1-L2-L3,245,208,211,1
L1-L2-L3,245,211,12,1
L1-L2-L3,245,212,147,1
L1-L2-L3,245,214,35,1
L1-L2-L3,245,215,127,1
L1-L2-L3,245,217,72,1
L1-L2-L3,245,218,213,1
L1-L2-L3,245,219,0,1
L1-L2-L3,245,220,62,1
L1-L2-L3,245,221,77,1
L1-L2-L3,245,224,142,1
L1-L2-L3,245,227,239,1
L1-L2-L3,245,238,219,1
L1-L2-L3,245,239,143,1
L1-L2-L3,245,241,52,1
L1-L2-L3,245,242,218,1
L1-L2-L3,245,244,14,1
L1-L2-L3,245,246,117,1
L1-L2-L3,245,251,49,1
L1-L2-L3,245,252,177,1
L1-L2-L3,245,255,244,1
L1-L2-L3,246,2,237,1
L1-L2-L3,246,4,10,1
L1-L2-L3,246,5,153,1
L1-L2-L3,246,6,66,1
L1-L2-L3,246,14,237,1
L1-L2-L3,246,17,46,1
L1-L2-L3,246,19,49,1
L1-L2-L3,246,21,66,1
L1-L2-L3,246,22,248,1
L1-L2-L3,246,23,198,1
L1-L2-L3,246,25,182,1
L1-L2-L3,246,27,227,1
L1-L2-L3,246,30,243,1
L1-L2-L3,246,38,255,1
L1-L2-L3,246,39,19,1
L1-L2-L3,246,41,7,1
L1-L2-L3,246,42,243,1
L1-L2-L3,246,45,167,1
L1-L2-L3,246,51,33,1
L1-L2-L3,246,53,60,1
L1-L2-L3,246,54,73,1
L1-L2-L3,246,55,63,1
L1-L2-L3,246,59,232,1
L1-L2-L3,246,62,75,1
L1-L2-L3,246,63,130,1
L1-L2-L3,246,64,218,1
L1-L2-L3,246,68,216,1
L1-L2-L3,246,71,130,1
L1-L2-L3,246,72,8,1
L1-L2-L3,246,73,201,1
L1-L2-L3,246,74,187,1
L1-L2-L3,246,75,78,1
L1-L2-L3,246,76,192,1
L1-L2-L3,246,77,252,1
L1-L2-L3,246,82,76,1
L1-L2-L3,246,86,12,1
L1-L2-L3,246,92,151,1
L1-L2-L3,246,94,201,1
L1-L2-L3,246,96,222,1
L1-L2-L3,246,97,126,1
L1-L2-L3,246,98,81,1
L1-L2-L3,246,99,101,1
L1-L2-L3,246,101,6,1
L1-L2-L3,246,105,227,1
L1-L2-L3,246,106,215,1
L1-L2-L3,246,107,26,1
L1-L2-L3,246,110,208,1
L1-L2-L3,246,111,124,1
L1-L2-L3,246,112,58,1
L1-L2-L3,246,115,51,1
L1-L2-L3,246,118,69,1
L1-L2-L3,246,125,1,1
L1-L2-L3,246,126,49,1
L1-L2-L3,246,132,68,1
L1-L2-L3,246,133,140,1
L1-L2-L3,246,134,232,1
L1-L2-L3,246,135,75,1
L1-L2-L3,246,138,121,1
L1-L2-L3,246,140,211,1
L1-L2-L3,246,143,192,1
L1-L2-L3,246,144,196,1
L1-L2-L3,246,149,59,1
L1-L2-L3,246,152,76,1
L1-L2-L3,246,153,81,1
L1-L2-L3,246,157,59,1
L1-L2-L3,246,161,59,1
L1-L2-L3,246,163,198,1
L1-L2-L3,246,165,166,1
L1-L2-L3,246,168,200,1
L1-L2-L3,246,169,59,1
L1-L2-L3,246,173,128,1
L1-L2-L3,246,179,74,1
L1-L2-L3,246,180,61,1
L1-L2-L3,246,181,133,1
L1-L2-L3,246,184,127,1
L1-L2-L3,246,185,30,1
L1-L2-L3,246,188,110,1
L1-L2-L3,246,190,145,1
L1-L2-L3,246,191,19,1
L1-L2-L3,246,197,67,1
L1-L2-L3,246,199,224,1
L1-L2-L3,246,200,13,1
L1-L2-L3,246,202,236,1
L1-L2-L3,246,209,52,1
L1-L2-L3,246,211,236,1
L1-L2-L3,246,212,199,1
L1-L2-L3,246,215,207,1
L1-L2-L3,246,216,194,1
L1-L2-L3,246,218,136,1
L1-L2-L3,246,222,102,1
L1-L2-L3,246,224,208,1
L1-L2-L3,246,226,181,1
L1-L2-L3,246,229,15,1
L1-L2-L3,246,230,54,1
L1-L2-L3,246,232,134,1
L1-L2-L3,246,234,175,1
L1-L2-L3,246,235,110,1
L1-L2-L3,246,238,19,1
L1-L2-L3,246,251,194,1
L1-L2-L3,246,252,9,1
L1-L2-L3,246,254,234,1
L1-L2-L3,247,4,132,1
L1-L2-L3,247,5,137,1
L1-L2-L3,247,7,57,1
L1-L2-L3,247,8,87,1
L1-L2-L3,247,11,21,1
L1-L2-L3,247,16,171,1
L1-L2-L3,247,21,210,1
L1-L2-L3,247,22,7,1
L1-L2-L3,247,23,101,1
L1-L2-L3,247,24,82,1
L1-L2-L3,247,29,111,1
L1-L2-L3,247,30,109,1
L1-L2-L3,247,33,195,1
L1-L2-L3,247,34,86,1
L1-L2-L3,247,35,182,1
L1-L2-L3,247,40,49,1
L1-L2-L3,247,41,144,1
L1-L2-L3,247,42,152,1
L1-L2-L3,247,45,63,1
L1-L2-L3,247,46,12,1
L1-L2-L3,247,49,66,1
L1-L2-L3,247,53,111,1
L1-L2-L3,247,54,25,1
L1-L2-L3,247,55,215,1
L1-L2-L3,247,57,125,1
L1-L2-L3,247,58,96,1
L1-L2-L3,247,59,58,1
L1-L2-L3,247,60,139,1
L1-L2-L3,247,62,120,1
L1-L2-L3,247,63,119,1
L1-L2-L3,247,65,197,1
L1-L2-L3,247,67,145,1
L1-L2-L3,247,69,164,1
L1-L2-L3,247,72,83,1
L1-L2-L3,247,80,119,1
L1-L2-L3,247,81,156,1
L1-L2-L3,247,88,159,1
L1-L2-L3,247,90,71,1
L1-L2-L3,247,92,5,1
L1-L2-L3,247,93,47,1
L1-L2-L3,247,96,34,1
L1-L2-L3,247,97,23,1
L1-L2-L3,247,98,152,1
L1-L2-L3,247,104,177,1
L1-L2-L3,247,108,50,1
L1-L2-L3,247,113,111,1
L1-L2-L3,247,114,222,1
L1-L2-L3,247,116,121,1
L1-L2-L3,247,120,213,1
L1-L2-L3,247,121,170,1
L1-L2-L3,247,122,33,1
L1-L2-L3,247,125,34,1
L1-L2-L3,247,126,191,1
L1-L2-L3,247,127,117,1
L1-L2-L3,247,132,120,1
L1-L2-L3,247,135,170,1
L1-L2-L3,247,136,147,1
L1-L2-L3,247,139,122,1
L1-L2-L3,247,141,156,1
L1-L2-L3,247,143,77,1
L1-L2-L3,247,144,46,1
L1-L2-L3,247,145,139,1
L1-L2-L3,247,146,149,1
L1-L2-L3,247,147,58,1
L1-L2-L3,247,153,63,1
L1-L2-L3,247,160,207,1
L1-L2-L3,247,162,107,1
L1-L2-L3,247,163,90,1
L1-L2-L3,247,164,18,1
L1-L2-L3,247,165,147,1
L1-L2-L3,247,169,180,1
L1-L2-L3,247,170,253,1
L1-L2-L3,247,176,208,1
L1-L2-L3,247,180,83,1
L1-L2-L3,247,183,58,1
L1-L2-L3,247,188,162,1
L1-L2-L3,247,190,85,1
L1-L2-L3,247,193,34,1
L1-L2-L3,247,196,214,1
L1-L2-L3,247,198,105,1
L1-L2-L3,247,201,44,1
L1-L2-L3,247,202,40,1
L1-L2-L3,247,205,225,1
L1-L2-L3,247,206,158,1
L1-L2-L3,247,207,134,1
L1-L2-L3,247,209,154,1
L1-L2-L3,247,210,118,1
L1-L2-L3,247,211,133,1
L1-L2-L3,247,212,44,1
L1-L2-L3,247,214,44,1
L1-L2-L3,247,215,227,1
L1-L2-L3,247,218,191,1
L1-L2-L3,247,219,105,1
L1-L2-L3,247,220,250,1
L1-L2-L3,247,224,252,1
L1-L2-L3,247,226,208,1
L1-L2-L3,247,231,118,1
L1-L2-L3,247,232,63,1
L1-L2-L3,247,235,170,1
L1-L2-L3,247,236,98,1
L1-L2-L3,247,238,2,1
L1-L2-L3,247,240,144,1
L1-L2-L3,247,241,112,1
L1-L2-L3,247,242,58,1
L1-L2-L3,247,243,128,1
L1-L2-L3,247,245,45,1
L1-L2-L3,247,246,169,1
L1-L2-L3,247,248,169,1
L1-L2-L3,248,1,21,1
L1-L2-L3,248,2,120,1
L1-L2-L3,248,4,12,1
L1-L2-L3,248,8,86,1
L1-L2-L3,248,12,76,1
L1-L2-L3,248,22,44,1
L1-L2-L3,248,23,156,1
L1-L2-L3,248,25,54,1
L1-L2-L3,248,31,191,1
L1-L2-L3,248,35,206,1
L1-L2-L3,248,39,170,1
L1-L2-L3,248,40,255,1
L1-L2-L3,248,49,62,1
L1-L2-L3,248,50,196,1
L1-L2-L3,248,55,201,1
L1-L2-L3,248,56,35,1
L1-L2-L3,248,57,128,1
L1-L2-L3,248,62,226,1
L1-L2-L3,248,66,56,1
L1-L2-L3,248,67,190,1
L1-L2-L3,248,71,150,1
L1-L2-L3,248,73,164,1
L1-L2-L3,248,76,184,1
L1-L2-L3,248,77,242,1
L1-L2-L3,248,83,128,1
L1-L2-L3,248,86,195,1
L1-L2-L3,248,90,122,1
L1-L2-L3,248,94,37,1
L1-L2-L3,248,96,251,1
L1-L2-L3,248,97,178,1
L1-L2-L3,248,98,140,1
L1-L2-L3,248,103,225,1
L1-L2-L3,248,104,122,1
L1-L2-L3,248,107,254,1
L1-L2-L3,248,108,194,1
L1-L2-L3,248,109,47,1
L1-L2-L3,248,111,252,1
L1-L2-L3,248,112,245,1
L1-L2-L3,248,113,241,1
L1-L2-L3,248,118,12,1
L1-L2-L3,248,119,207,1
L1-L2-L3,248,121,150,1
L1-L2-L3,248,123,128,1
L1-L2-L3,248,124,81,1
L1-L2-L3,248,126,232,1
L1-L2-L3,248,127,184,1
L1-L2-L3,248,132,117,1
L1-L2-L3,248,133,252,1
L1-L2-L3,248,139,140,1
L1-L2-L3,248,143,124,1
L1-L2-L3,248,146,247,1
L1-L2-L3,248,154,150,1
L1-L2-L3,248,156,174,1
L1-L2-L3,248,157,227,1
L1-L2-L3,248,161,20,1
L1-L2-L3,248,164,173,1
L1-L2-L3,248,174,245,1
L1-L2-L3,248,175,254,1
L1-L2-L3,248,176,118,1
L1-L2-L3,248,178,135,1
L1-L2-L3,248,179,47,1
L1-L2-L3,248,182,58,1
L1-L2-L3,248,183,62,1
L1-L2-L3,248,185,234,1
L1-L2-L3,248,191,93,1
L1-L2-L3,248,192,78,1
L1-L2-L3,248,193,76,1
L1-L2-L3,248,197,88,1
L1-L2-L3,248,198,90,1
L1-L2-L3,248,202,78,1
L1-L2-L3,248,203,77,1
L1-L2-L3,248,210,190,1
L1-L2-L3,248,212,223,1
L1-L2-L3,248,213,152,1
L1-L2-L3,248,216,232,1
L1-L2-L3,248,217,117,1
L1-L2-L3,248,218,139,1
L1-L2-L3,248,225,169,1
L1-L2-L3,248,234,224,1
L1-L2-L3,248,235,203,1
L1-L2-L3,248,237,119,1
L1-L2-L3,248,242,1,1
L1-L2-L3,248,245,183,1
L1-L2-L3,248,247,200,1
L1-L2-L3,248,251,231,1
L1-L2-L3,249,0,52,1
L1-L2-L3,249,1,218,1
L1-L2-L3,249,2,232,1
L1-L2-L3,249,4,215,1
L1-L2-L3,249,11,170,1
L1-L2-L3,249,16,108,1
L1-L2-L3,249,17,1,1
L1-L2-L3,249,26,200,1
L1-L2-L3,249,29,15,1
L1-L2-L3,249,33,23,1
L1-L2-L3,249,34,22,1
L1-L2-L3,249,41,170,1
L1-L2-L3,249,48,60,1
L1-L2-L3,249,58,6,1
L1-L2-L3,249,62,171,1
L1-L2-L3,249,64,146,1
L1-L2-L3,249,65,59,1
L1-L2-L3,249,66,59,1
L1-L2-L3,249,67,72,1
L1-L2-L3,249,70,201,1
L1-L2-L3,249,75,152,1
L1-L2-L3,249,76,72,1
L1-L2-L3,249,77,184,1
L1-L2-L3,249,78,52,1
L1-L2-L3,249,81,73,1
L1-L2-L3,249,82,195,1
L1-L2-L3,249,86,192,1
L1-L2-L3,249,88,52,1
L1-L2-L3,249,89,212,1
L1-L2-L3,249,92,169,1
L1-L2-L3,249,96,35,1
L1-L2-L3,249,98,66,1
L1-L2-L3,249,100,72,1
L1-L2-L3,249,102,181,1
L1-L2-L3,249,109,227,1
L1-L2-L3,249,114,68,1
L1-L2-L3,249,117,6,1
L1-L2-L3,249,118,58,1
L1-L2-L3,249,119,62,1
L1-L2-L3,249,123,60,1
L1-L2-L3,249,126,241,1
L1-L2-L3,249,127,134,1
L1-L2-L3,249,130,72,1
L1-L2-L3,249,132,52,1
L1-L2-L3,249,134,60,1
L1-L2-L3,249,139,146,1
L1-L2-L3,249,140,1,1
L1-L2-L3,249,141,54,1
L1-L2-L3,249,142,224,1
L1-L2-L3,249,143,23,1
L1-L2-L3,249,148,127,1
L1-L2-L3,249,151,122,1
L1-L2-L3,249,156,33,1
L1-L2-L3,249,161,236,1
L1-L2-L3,249,168,230,1
L1-L2-L3,249,170,126,1
L1-L2-L3,249,172,126,1
L1-L2-L3,249,173,61,1
L1-L2-L3,249,175,215,1
L1-L2-L3,249,176,6,1
L1-L2-L3,249,177,14,1
L1-L2-L3,249,182,255,1
L1-L2-L3,249,186,218,1
L1-L2-L3,249,187,181,1
L1-L2-L3,249,190,73,1
L1-L2-L3,249,196,73,1
L1-L2-L3,249,197,114,1
L1-L2-L3,249,211,87,1
L1-L2-L3,249,212,81,1
L1-L2-L3,249,215,210,1
L1-L2-L3,249,217,220,1
L1-L2-L3,249,218,104,1
L1-L2-L3,249,221,218,1
L1-L2-L3,249,224,112,1
L1-L2-L3,249,225,109,1
L1-L2-L3,249,226,218,1
L1-L2-L3,249,227,59,1
L1-L2-L3,249,231,221,1
L1-L2-L3,249,232,60,1
L1-L2-L3,249,236,188,1
L1-L2-L3,249,237,92,1
L1-L2-L3,249,239,249,1
L1-L2-L3,249,241,23,1
L1-L2-L3,249,242,217,1
L1-L2-L3,249,244,173,1
L1-L2-L3,249,251,33,1
L1-L2-L3,249,254,111,1
L1-L2-L3,250,4,55,1
L1-L2-L3,250,10,218,1
L1-L2-L3,250,11,59,1
L1-L2-L3,250,18,41,1
L1-L2-L3,250,24,119,1
L1-L2-L3,250,43,119,1
L1-L2-L3,250,47,187,1
L1-L2-L3,250,52,33,1
L1-L2-L3,250,63,108,1
L1-L2-L3,250,66,146,1
L1-L2-L3,250,71,101,1
L1-L2-L3,250,77,245,1
L1-L2-L3,250,85,181,1
L1-L2-L3,250,87,170,1
L1-L2-L3,250,95,245,1
L1-L2-L3,250,109,7,1
L1-L2-L3,250,113,23,1
L1-L2-L3,250,120,124,1
L1-L2-L3,250,122,49,1
L1-L2-L3,250,128,183,1
L1-L2-L3,250,129,76,1
L1-L2-L3,250,134,91,1
L1-L2-L3,250,138,146,1
L1-L2-L3,250,140,151,1
L1-L2-L3,250,149,109,1
L1-L2-L3,250,159,238,1
L1-L2-L3,250,166,190,1
L1-L2-L3,250,172,136,1
L1-L2-L3,250,177,72,1
L1-L2-L3,250,179,59,1
L1-L2-L3,250,180,135,1
L1-L2-L3,250,183,196,1
L1-L2-L3,250,185,182,1
L1-L2-L3,250,187,23,1
L1-L2-L3,250,188,190,1
L1-L2-L3,250,191,251,1
L1-L2-L3,250,193,181,1
L1-L2-L3,250,195,69,1
L1-L2-L3,250,196,190,1
L1-L2-L3,250,200,153,1
L1-L2-L3,250,203,202,1
L1-L2-L3,250,204,244,1
L1-L2-L3,250,211,134,1
L1-L2-L3,250,212,161,1
L1-L2-L3,250,213,146,1
L1-L2-L3,250,214,1,1
L1-L2-L3,250,215,214,1
L1-L2-L3,250,222,218,1
L1-L2-L3,250,226,174,1
L1-L2-L3,250,228,135,1
L1-L2-L3,250,231,169,1
L1-L2-L3,250,232,195,1
L1-L2-L3,250,234,247,1
L1-L2-L3,250,236,152,1
L1-L2-L3,250,239,30,1
L1-L2-L3,250,240,98,1
L1-L2-L3,250,241,219,1
L1-L2-L3,250,245,58,1
L1-L2-L3,250,251,156,1
L1-L2-L3,250,252,226,1
L1-L2-L3,251,1,192,1
L1-L2-L3,251,3,23,1
L1-L2-L3,251,4,172,1
L1-L2-L3,251,11,69,1
L1-L2-L3,251,16,93,1
L1-L2-L3,251,20,77,1
L1-L2-L3,251,21,217,1
L1-L2-L3,251,23,179,1
L1-L2-L3,251,24,166,1
L1-L2-L3,251,25,128,1
L1-L2-L3,251,26,50,1
L1-L2-L3,251,30,173,1
L1-L2-L3,251,32,243,1
L1-L2-L3,251,33,160,1
L1-L2-L3,251,35,254,1
L1-L2-L3,251,37,186,1
L1-L2-L3,251,38,180,1
L1-L2-L3,251,45,179,1
L1-L2-L3,251,47,97,1
L1-L2-L3,251,49,242,1
L1-L2-L3,251,50,95,1
L1-L2-L3,251,54,208,1
L1-L2-L3,251,56,148,1
L1-L2-L3,251,59,222,1
L1-L2-L3,251,63,248,1
L1-L2-L3,251,64,134,1
L1-L2-L3,251,68,66,1
L1-L2-L3,251,75,187,1
L1-L2-L3,251,79,138,1
L1-L2-L3,251,83,170,1
L1-L2-L3,251,84,226,1
L1-L2-L3,251,86,79,1
L1-L2-L3,251,87,188,1
L1-L2-L3,251,89,211,1
L1-L2-L3,251,90,34,1
L1-L2-L3,251,92,40,1
L1-L2-L3,251,93,168,1
L1-L2-L3,251,94,139,1
L1-L2-L3,251,96,24,1
L1-L2-L3,251,98,160,1
L1-L2-L3,251,101,95,1
L1-L2-L3,251,106,183,1
L1-L2-L3,251,107,186,1
L1-L2-L3,251,109,149,1
L1-L2-L3,251,112,248,1
L1-L2-L3,251,113,238,1
L1-L2-L3,251,116,99,1
L1-L2-L3,251,118,236,1
L1-L2-L3,251,122,174,1
L1-L2-L3,251,123,200,1
L1-L2-L3,251,124,117,1
L1-L2-L3,251,126,150,1
L1-L2-L3,251,128,240,1
L1-L2-L3,251,129,183,1
L1-L2-L3,251,133,127,1
L1-L2-L3,251,135,208,1
L1-L2-L3,251,137,41,1
L1-L2-L3,251,139,143,1
L1-L2-L3,251,145,104,1
L1-L2-L3,251,146,142,1
L1-L2-L3,251,147,167,1
L1-L2-L3,251,153,29,1
L1-L2-L3,251,155,190,1
L1-L2-L3,251,157,53,1
L1-L2-L3,251,159,144,1
L1-L2-L3,251,160,134,1
L1-L2-L3,251,163,158,1
L1-L2-L3,251,164,146,1
L1-L2-L3,251,166,77,1
L1-L2-L3,251,168,43,1
L1-L2-L3,251,170,247,1
L1-L2-L3,251,171,130,1
L1-L2-L3,251,172,53,1
L1-L2-L3,251,178,129,1
L1-L2-L3,251,179,222,1
L1-L2-L3,251,181,191,1
L1-L2-L3,251,184,88,1
L1-L2-L3,251,186,236,1
L1-L2-L3,251,188,159,1
L1-L2-L3,251,189,42,1
L1-L2-L3,251,194,167,1
L1-L2-L3,251,195,77,1
L1-L2-L3,251,196,175,1
L1-L2-L3,251,198,61,1
L1-L2-L3,251,200,190,1
L1-L2-L3,251,201,132,1
L1-L2-L3,251,202,169,1
L1-L2-L3,251,207,206,1
L1-L2-L3,251,209,9,1
L1-L2-L3,251,216,254,1
L1-L2-L3,251,217,160,1
L1-L2-L3,251,219,213,1
L1-L2-L3,251,222,128,1
L1-L2-L3,251,224,209,1
L1-L2-L3,251,226,141,1
L1-L2-L3,251,229,118,1
L1-L2-L3,251,230,222,1
L1-L2-L3,251,232,39,1
L1-L2-L3,251,233,99,1
L1-L2-L3,251,237,129,1
L1-L2-L3,251,238,160,1
L1-L2-L3,251,239,18,1
L1-L2-L3,251,244,80,1
L1-L2-L3,251,245,141,1
L1-L2-L3,251,247,246,1
L1-L2-L3,251,250,131,1
L1-L2-L3,251,252,40,1
L1-L2-L3,251,254,63,1
L1-L2-L3,251,255,111,1
L1-L2-L3,252,1,133,1
L1-L2-L3,252,2,41,1
L1-L2-L3,252,3,123,1
L1-L2-L3,252,9,216,1
L1-L2-L3,252,13,71,1
L1-L2-L3,252,20,9,1
L1-L2-L3,252,24,131,1
L1-L2-L3,252,29,228,1
L1-L2-L3,252,32,225,1
L1-L2-L3,252,35,75,1
L1-L2-L3,252,38,238,1
L1-L2-L3,252,39,206,1
L1-L2-L3,252,40,21,1
L1-L2-L3,252,44,63,1
L1-L2-L3,252,45,14,1
L1-L2-L3,252,47,138,1
L1-L2-L3,252,50,124,1
L1-L2-L3,252,51,157,1
L1-L2-L3,252,52,71,1
L1-L2-L3,252,53,219,1
L1-L2-L3,252,54,146,1
L1-L2-L3,252,58,27,1
L1-L2-L3,252,62,175,1
L1-L2-L3,252,63,50,1
L1-L2-L3,252,65,248,1
L1-L2-L3,252,67,177,1
L1-L2-L3,252,70,142,1
L1-L2-L3,252,73,210,1
L1-L2-L3,252,74,53,1
L1-L2-L3,252,79,220,1
L1-L2-L3,252,83,38,1
L1-L2-L3,252,86,125,1
L1-L2-L3,252,91,75,1
L1-L2-L3,252,92,25,1
L1-L2-L3,252,94,114,1
L1-L2-L3,252,95,103,1
L1-L2-L3,252,97,25,1
L1-L2-L3,252,100,87,1
L1-L2-L3,252,102,25,1
L1-L2-L3,252,104,245,1
L1-L2-L3,252,110,128,1
L1-L2-L3,252,111,153,1
L1-L2-L3,252,112,219,1
L1-L2-L3,252,114,155,1
L1-L2-L3,252,115,106,1
L1-L2-L3,252,116,100,1
L1-L2-L3,252,117,32,1
L1-L2-L3,252,118,245,1
L1-L2-L3,252,119,10,1
L1-L2-L3,252,121,96,1
L1-L2-L3,252,123,222,1
L1-L2-L3,252,128,26,1
L1-L2-L3,252,131,105,1
L1-L2-L3,252,132,37,1
L1-L2-L3,252,135,147,1
L1-L2-L3,252,136,151,1
L1-L2-L3,252,137,83,1
L1-L2-L3,252,138,99,1
L1-L2-L3,252,140,38,1
L1-L2-L3,252,143,106,1
L1-L2-L3,252,149,112,1
L1-L2-L3,252,152,49,1
L1-L2-L3,252,156,245,1
L1-L2-L3,252,159,251,1
L1-L2-L3,252,160,32,1
L1-L2-L3,252,165,149,1
L1-L2-L3,252,168,218,1
L1-L2-L3,252,172,250,1
L1-L2-L3,252,173,189,1
L1-L2-L3,252,174,45,1
L1-L2-L3,252,177,173,1
L1-L2-L3,252,181,228,1
L1-L2-L3,252,185,162,1
L1-L2-L3,252,187,132,1
L1-L2-L3,252,190,45,1
L1-L2-L3,252,192,26,1
L1-L2-L3,252,193,102,1
L1-L2-L3,252,194,194,1
L1-L2-L3,252,195,22,1
L1-L2-L3,252,196,234,1
L1-L2-L3,252,197,113,1
L1-L2-L3,252,200,123,1
L1-L2-L3,252,202,115,1
L1-L2-L3,252,205,11,1
L1-L2-L3,252,206,104,1
L1-L2-L3,252,208,164,1
L1-L2-L3,252,210,38,1
L1-L2-L3,252,214,106,1
L1-L2-L3,252,215,95,1
L1-L2-L3,252,218,246,1
L1-L2-L3,252,219,15,1
L1-L2-L3,252,222,105,1
L1-L2-L3,252,223,37,1
L1-L2-L3,252,226,27,1
L1-L2-L3,252,229,106,1
L1-L2-L3,252,230,149,1
L1-L2-L3,252,231,106,1
L1-L2-L3,252,232,127,1
L1-L2-L3,252,233,80,1
L1-L2-L3,252,236,9,1
L1-L2-L3,252,238,199,1
L1-L2-L3,252,239,197,1
L1-L2-L3,252,241,218,1
L1-L2-L3,252,242,127,1
L1-L2-L3,252,246,164,1
L1-L2-L3,252,251,213,1
L1-L2-L3,252,252,205,1
L1-L2-L3,252,253,4,1
L1-L2-L3,252,255,191,1
L1-L2-L3,253,1,209,1
L1-L2-L3,253,2,7,1
L1-L2-L3,253,4,112,1
L1-L2-L3,253,7,243,1
L1-L2-L3,253,11,94,1
L1-L2-L3,253,14,72,1
L1-L2-L3,253,19,58,1
L1-L2-L3,253,27,83,1
L1-L2-L3,253,31,109,1
L1-L2-L3,253,32,44,1
L1-L2-L3,253,33,224,1
L1-L2-L3,253,34,188,1
L1-L2-L3,253,39,8,1
L1-L2-L3,253,41,102,1
L1-L2-L3,253,44,91,1
L1-L2-L3,253,48,24,1
L1-L2-L3,253,52,132,1
L1-L2-L3,253,53,166,1
L1-L2-L3,253,59,2,1
L1-L2-L3,253,64,100,1
L1-L2-L3,253,71,112,1
L1-L2-L3,253,73,229,1
L1-L2-L3,253,74,148,1
L1-L2-L3,253,77,101,1
L1-L2-L3,253,80,202,1
L1-L2-L3,253,81,234,1
L1-L2-L3,253,84,102,1
L1-L2-L3,253,85,30,1
L1-L2-L3,253,89,150,1
L1-L2-L3,253,92,4,1
L1-L2-L3,253,94,244,1
L1-L2-L3,253,98,189,1
L1-L2-L3,253,100,22,1
L1-L2-L3,253,101,222,1
L1-L2-L3,253,105,35,1
L1-L2-L3,253,106,59,1
L1-L2-L3,253,110,55,1
L1-L2-L3,253,112,56,1
L1-L2-L3,253,115,194,1
L1-L2-L3,253,117,41,1
L1-L2-L3,253,120,100,1
L1-L2-L3,253,124,243,1
L1-L2-L3,253,132,114,1
L1-L2-L3,253,137,170,1
L1-L2-L3,253,139,206,1
L1-L2-L3,253,140,80,1
L1-L2-L3,253,141,50,1
L1-L2-L3,253,142,129,1
L1-L2-L3,253,148,252,1
L1-L2-L3,253,150,178,1
L1-L2-L3,253,152,42,1
L1-L2-L3,253,154,36,1
L1-L2-L3,253,157,29,1
L1-L2-L3,253,158,243,1
L1-L2-L3,253,163,47,1
L1-L2-L3,253,165,26,1
L1-L2-L3,253,166,163,1
L1-L2-L3,253,170,120,1
L1-L2-L3,253,173,68,1
L1-L2-L3,253,175,127,1
L1-L2-L3,253,177,208,1
L1-L2-L3,253,179,170,1
L1-L2-L3,253,180,55,1
L1-L2-L3,253,182,202,1
L1-L2-L3,253,183,181,1
L1-L2-L3,253,191,31,1
L1-L2-L3,253,194,6,1
L1-L2-L3,253,195,252,1
L1-L2-L3,253,197,200,1
L1-L2-L3,253,200,9,1
L1-L2-L3,253,202,202,1
L1-L2-L3,253,203,145,1
L1-L2-L3,253,211,77,1
L1-L2-L3,253,212,195,1
L1-L2-L3,253,213,95,1
L1-L2-L3,253,214,20,1
L1-L2-L3,253,217,78,1
L1-L2-L3,253,219,217,1
L1-L2-L3,253,220,212,1
L1-L2-L3,253,222,169,1
L1-L2-L3,253,223,188,1
L1-L2-L3,253,224,224,1
L1-L2-L3,253,226,125,1
L1-L2-L3,253,227,2,1
L1-L2-L3,253,229,224,1
L1-L2-L3,253,233,150,1
L1-L2-L3,253,235,37,1
L1-L2-L3,253,237,112,1
L1-L2-L3,253,241,58,1
L1-L2-L3,253,246,189,1
L1-L2-L3,253,251,32,1
L1-L2-L3,253,252,252,1
L1-L2-L3,253,253,117,1
L1-L2-L3,253,254,83,1
L1-L2-L3,253,255,98,1
L1-L2-L3,254,5,171,1
L1-L2-L3,254,6,50,1
L1-L2-L3,254,8,145,1
L1-L2-L3,254,9,59,1
L1-L2-L3,254,11,221,1
L1-L2-L3,254,15,177,1
L1-L2-L3,254,16,57,1
L1-L2-L3,254,21,102,1
L1-L2-L3,254,22,69,1
L1-L2-L3,254,25,61,1
L1-L2-L3,254,28,249,1
L1-L2-L3,254,32,249,1
L1-L2-L3,254,42,190,1
L1-L2-L3,254,45,23,1
L1-L2-L3,254,48,43,1
L1-L2-L3,254,55,183,1
L1-L2-L3,254,71,182,1
L1-L2-L3,254,79,71,1
L1-L2-L3,254,84,15,1
L1-L2-L3,254,85,177,1
L1-L2-L3,254,94,145,1
L1-L2-L3,254,105,90,1
L1-L2-L3,254,113,249,1
L1-L2-L3,254,119,89,1
L1-L2-L3,254,121,25,1
L1-L2-L3,254,129,136,1
L1-L2-L3,254,130,182,1
L1-L2-L3,254,131,151,1
L1-L2-L3,254,137,201,1
L1-L2-L3,254,138,68,1
L1-L2-L3,254,141,9,1
L1-L2-L3,254,143,177,1
L1-L2-L3,254,147,68,1
L1-L2-L3,254,151,50,1
L1-L2-L3,254,152,94,1
L1-L2-L3,254,158,38,1
L1-L2-L3,254,160,59,1
L1-L2-L3,254,166,57,1
L1-L2-L3,254,170,210,1
L1-L2-L3,254,171,50,1
L1-L2-L3,254,173,42,1
L1-L2-L3,254,176,139,1
L1-L2-L3,254,177,90,1
L1-L2-L3,254,182,171,1
L1-L2-L3,254,186,248,1
L1-L2-L3,254,187,1,1
L1-L2-L3,254,192,139,1
L1-L2-L3,254,195,137,1
L1-L2-L3,254,196,28,1
L1-L2-L3,254,201,57,1
L1-L2-L3,254,208,153,1
L1-L2-L3,254,210,245,1
L1-L2-L3,254,211,75,1
L1-L2-L3,254,212,182,1
L1-L2-L3,254,213,84,1
L1-L2-L3,254,214,113,1
L1-L2-L3,254,218,126,1
L1-L2-L3,254,224,69,1
L1-L2-L3,254,225,15,1
L1-L2-L3,254,229,156,1
L1-L2-L3,254,233,9,1
L1-L2-L3,254,235,69,1
L1-L2-L3,254,241,153,1
L1-L2-L3,254,245,255,1
L1-L2-L3,254,248,139,1
L1-L2-L3,254,250,31,1
L1-L2-L3,254,251,127,1
L1-L2-L3,255,3,164,1
L1-L2-L3,255,5,186,1
L1-L2-L3,255,6,133,1
L1-L2-L3,255,10,75,1
L1-L2-L3,255,15,47,1
L1-L2-L3,255,16,211,1
L1-L2-L3,255,19,40,1
L1-L2-L3,255,20,76,1
L1-L2-L3,255,26,149,1
L1-L2-L3,255,27,235,1
L1-L2-L3,255,30,82,1
L1-L2-L3,255,34,176,1
L1-L2-L3,255,36,59,1
L1-L2-L3,255,37,88,1
L1-L2-L3,255,41,109,1
L1-L2-L3,255,43,149,1
L1-L2-L3,255,44,214,1
L1-L2-L3,255,46,146,1
L1-L2-L3,255,53,10,1
L1-L2-L3,255,58,99,1
L1-L2-L3,255,60,145,1
L1-L2-L3,255,61,222,1
L1-L2-L3,255,66,112,1
L1-L2-L3,255,68,177,1
L1-L2-L3,255,70,14,1
L1-L2-L3,255,72,251,1
L1-L2-L3,255,74,128,1
L1-L2-L3,255,86,88,1
L1-L2-L3,255,91,239,1
L1-L2-L3,255,95,107,1
L1-L2-L3,255,100,113,1
L1-L2-L3,255,103,18,1
L1-L2-L3,255,110,165,1
L1-L2-L3,255,116,117,1
L1-L2-L3,255,117,128,1
L1-L2-L3,255,118,45,1
L1-L2-L3,255,120,153,1
L1-L2-L3,255,121,66,1
L1-L2-L3,255,123,119,1
L1-L2-L3,255,127,128,1
L1-L2-L3,255,129,237,1
L1-L2-L3,255,131,41,1
L1-L2-L3,255,133,132,1
L1-L2-L3,255,137,128,1
L1-L2-L3,255,140,182,1
L1-L2-L3,255,141,109,1
L1-L2-L3,255,142,211,1
L1-L2-L3,255,143,99,1
L1-L2-L3,255,144,207,1
L1-L2-L3,255,149,243,1
L1-L2-L3,255,152,6,1
L1-L2-L3,255,153,184,1
L1-L2-L3,255,157,129,1
L1-L2-L3,255,158,118,1
L1-L2-L3,255,159,203,1
L1-L2-L3,255,161,114,1
L1-L2-L3,255,163,45,1
L1-L2-L3,255,165,165,1
L1-L2-L3,255,169,89,1
L1-L2-L3,255,172,66,1
L1-L2-L3,255,173,56,1
L1-L2-L3,255,174,136,1
L1-L2-L3,255,175,245,1
L1-L2-L3,255,177,138,1
L1-L2-L3,255,180,120,1
L1-L2-L3,255,181,211,1
L1-L2-L3,255,182,108,1
L1-L2-L3,255,185,184,1
L1-L2-L3,255,188,40,1
L1-L2-L3,255,189,23,1
L1-L2-L3,255,190,193,1
L1-L2-L3,255,191,45,1
L1-L2-L3,255,193,139,1
L1-L2-L3,255,194,145,1
L1-L2-L3,255,195,85,1
L1-L2-L3,255,200,173,1
L1-L2-L3,255,202,112,1
L1-L2-L3,255,203,222,1
L1-L2-L3,255,204,196,1
L1-L2-L3,255,208,56,1
L1-L2-L3,255,209,88,1
L1-L2-L3,255,210,151,1
L1-L2-L3,255,212,254,1
L1-L2-L3,255,215,18,1
L1-L2-L3,255,216,214,1
L1-L2-L3,255,217,128,1
L1-L2-L3,255,219,194,1
L1-L2-L3,255,220,21,1
L1-L2-L3,255,221,7,1
L1-L2-L3,255,223,147,1
L1-L2-L3,255,224,238,1
L1-L2-L3,255,225,39,1
L1-L2-L3,255,228,174,1
L1-L2-L3,255,232,247,1
L1-L2-L3,255,233,114,1
L1-L2-L3,255,236,109,1
L1-L2-L3,255,237,209,1
L1-L2-L3,255,242,170,1
L1-L2-L3,255,244,133,1
L1-L2-L3,255,250,170,1
L1-L2-L3,255,251,196,1
