epoch,loss,recon,vq,c_l0,c_l1,c_l2,theta_l0,theta_l1,theta_l2
0,0.000857061029819306,0.00019239215616835282,0.0006646688649198041,1.2464714050292969,1.247307538986206,1.2500090599060059,-0.009409953840076923,-0.007180109620094299,2.4366347133764066e-05
1,0.0002655878866789863,0.00015226544855977408,0.00011332243702781853,1.2456822395324707,1.2467098236083984,1.2500075101852417,-0.011513848789036274,-0.008773626759648323,2.0040266463183798e-05
2,0.0002049351984169334,0.0001508909699623473,5.4044227726990354e-05,1.2454752922058105,1.246551275253296,1.2500075101852417,-0.012066050432622433,-0.009196867235004902,1.995719321712386e-05
3,0.0001839466051023919,0.00015066426567500457,3.328233915453893e-05,1.2454078197479248,1.2464640140533447,1.250007152557373,-0.012246107682585716,-0.009429302997887135,1.9082195649389178e-05
4,0.00016962990630418063,0.00015067310887388884,1.895679865810962e-05,1.245356798171997,1.2464159727096558,1.2500070333480835,-0.012381804175674915,-0.009557412937283516,1.8820113837136887e-05
5,0.00016449226313852705,0.00015058903736644424,1.3903225681133336e-05,1.2453051805496216,1.246381402015686,1.2500070333480835,-0.012519998475909233,-0.009649505838751793,1.8852924767998047e-05
6,0.00016362479582312516,0.0001507418644905556,1.288293235575111e-05,1.2452603578567505,1.246361494064331,1.2500072717666626,-0.01263926550745964,-0.00970268715173006,1.9415980204939842e-05
7,0.0001607496138603892,0.00015062005622894502,1.012955749501998e-05,1.245225191116333,1.2463551759719849,1.2500076293945312,-0.012733107432723045,-0.009719643741846085,2.0233186660334468e-05
8,0.00015935799019644036,0.00015055463154567406,8.803358446130005e-06,1.2451980113983154,1.2463443279266357,1.2500083446502686,-0.012805745005607605,-0.009748651646077633,2.2072588762966916e-05
9,0.00015817661624168978,0.00015043190724099985,7.744710546830903e-06,1.2451705932617188,1.2463388442993164,1.2500090599060059,-0.01287851296365261,-0.009763027541339397,2.4080638468149118e-05
10,0.00015668671985622496,0.00015047177221276796,6.2149461427907225e-06,1.2451469898223877,1.2463371753692627,1.2500097751617432,-0.012941817753016949,-0.009767632000148296,2.6073599656228907e-05
11,0.00015624313891748898,0.00015044719475554302,5.795943718567287e-06,1.2451237440109253,1.246334433555603,1.2500107288360596,-0.013003503903746605,-0.009775037877261639,2.8542483050841838e-05
12,0.00015380008844658732,0.00014980405758251435,3.996029511199594e-06,1.2450988292694092,1.246333360671997,1.2500114440917969,-0.013069967739284039,-0.009777684696018696,3.043714605155401e-05
13,0.0001538643628009595,0.00014917532171239146,4.689039883487567e-06,1.2450754642486572,1.2463330030441284,1.2500112056732178,-0.01313225831836462,-0.00977877527475357,2.98089853458805e-05
14,0.0001517638607765548,0.00014755487063666806,4.208991072118806e-06,1.245051383972168,1.246330976486206,1.2500075101852417,-0.013196393847465515,-0.009783842600882053,1.9994613467133604e-05
15,0.00014954968210076914,0.00014652153549832292,3.028147727945907e-06,1.2450270652770996,1.2463304996490479,1.2500033378601074,-0.01326107606291771,-0.009785352274775505,8.802937372820452e-06
16,0.000148998689110158,0.0001459218365198467,3.0768523060942245e-06,1.2450059652328491,1.2463304996490479,1.2500007152557373,-0.013317619450390339,-0.009785134345293045,1.7364307041134452e-06
17,0.00014774006340303458,0.00014522177007165739,2.5182938315992943e-06,1.2449860572814941,1.2463313341140747,1.250000238418579,-0.013370941393077374,-0.009783118031919003,6.520388069475302e-07
18,0.0001466756577428896,0.0001445395377231762,2.1361213384807343e-06,1.2449657917022705,1.2463324069976807,1.249999761581421,-0.013424879871308804,-0.009780173189938068,-6.817439270889736e-07
19,0.00014458189471042716,0.0001427166163921356,1.8652775565897173e-06,1.244946002960205,1.2463337182998657,1.2499995231628418,-0.013477583415806293,-0.009776963852345943,-1.304175043514988e-06
20,0.00014299926770036108,0.0001411944402207155,1.8048285369332006e-06,1.244926929473877,1.2463351488113403,1.2499996423721313,-0.01352860126644373,-0.009772907011210918,-9.877413731373963e-07
21,0.00014188122368068433,0.0001401961431838572,1.6850800932388665e-06,1.2449076175689697,1.2463369369506836,1.250000238418579,-0.013579645194113255,-0.009768086485564709,4.4616001559916185e-07
22,0.00014124449880910107,0.00013963579258415847,1.6087063045233664e-06,1.2448890209197998,1.246338963508606,1.2500007152557373,-0.01362942811101675,-0.009762845002114773,1.821284286052105e-06
23,0.00014093907884671353,0.00013935268580098637,1.5863933128912322e-06,1.2448703050613403,1.2463407516479492,1.2500011920928955,-0.01367951463907957,-0.009757922030985355,3.161002041451866e-06
24,0.00014038093358976768,0.00013887231762055308,1.5086163557498367e-06,1.2448526620864868,1.246342658996582,1.2500016689300537,-0.01372651755809784,-0.009753013029694557,4.339276529208291e-06
25,0.00014014595581102185,0.0001384891787893139,1.6567775332987368e-06,1.2448344230651855,1.2463446855545044,1.2500022649765015,-0.013774977065622807,-0.00974749680608511,5.960631369816838e-06
26,0.0001399047607264947,0.00013811306853313,1.7916931085437682e-06,1.244816541671753,1.2463468313217163,1.2500033378601074,-0.013822912238538265,-0.009741720743477345,9.044269063451793e-06
27,0.00013997700589243322,0.0001378091641527135,2.1678430357496836e-06,1.2447996139526367,1.2463493347167969,1.2500048875808716,-0.01386785414069891,-0.009735136292874813,1.3003883395867888e-05
28,0.00014001281961100175,0.00013767700002063066,2.335820533971855e-06,1.2447829246520996,1.246352195739746,1.2500050067901611,-0.013912479393184185,-0.009727735072374344,1.325018638453912e-05
29,0.00013985539990244434,0.0001375237676256802,2.33163155485272e-06,1.2447675466537476,1.2463555335998535,1.2500059604644775,-0.013953477144241333,-0.00971876922994852,1.5731608073110692e-05
30,0.00013987275742692872,0.00013743008166784422,2.44267659468278e-06,1.2447526454925537,1.2463585138320923,1.2500076293945312,-0.013993378728628159,-0.009710821323096752,2.0394340026541613e-05
31,0.00014003063479322008,0.00013733656815020367,2.6940675127207213e-06,1.2447361946105957,1.246361255645752,1.2500085830688477,-0.014036944136023521,-0.009703588671982288,2.2968213670537807e-05
32,0.000140473734063562,0.00013735404645558446,3.1196876420835905e-06,1.2447227239608765,1.246364712715149,1.2500112056732178,-0.014072936028242111,-0.009694279171526432,2.9866359909647144e-05
33,0.0001401743596943561,0.00013709520426345988,3.079154032548104e-06,1.244710922241211,1.246368408203125,1.2500132322311401,-0.014104779809713364,-0.009684156626462936,3.537258453434333e-05
34,0.00014102506102062762,0.00013693808068637736,4.086980311512889e-06,1.244696855545044,1.246372103691101,1.2500232458114624,-0.014141950756311417,-0.009674349799752235,6.201799988048151e-05
35,0.00014033038023626433,0.00013670844709849915,3.621932205533085e-06,1.2446833848953247,1.2463762760162354,1.250030517578125,-0.014178003184497356,-0.009663314558565617,8.137540135066956e-05
36,0.00014132240321487188,0.0001365875876217615,4.7348154566861925e-06,1.24467134475708,1.2463806867599487,1.2500333786010742,-0.014210090041160583,-0.00965166836977005,8.889279706636444e-05
37,0.0001419408989022486,0.00013655379298143088,5.3871062732469e-06,1.2446584701538086,1.2463847398757935,1.250037431716919,-0.014244486577808857,-0.009640761651098728,9.988759848056361e-05
38,0.00014325083102448844,0.0001365046737191733,6.74615746447671e-06,1.2446458339691162,1.2463891506195068,1.2500479221343994,-0.014278150163590908,-0.009629124775528908,0.00012783787678927183
39,0.00014394490717677398,0.0001363474046229385,7.5975013714923986e-06,1.2446359395980835,1.2463945150375366,1.2500536441802979,-0.01430448330938816,-0.00961472187191248,0.00014304388605523854
40,0.00014254031048039907,0.00013618415250675752,6.356157507525495e-06,1.2446274757385254,1.2463994026184082,1.2500604391098022,-0.014326845295727253,-0.009601804427802563,0.00016123730165418237
41,0.00014285272773122414,0.00013598579898825846,6.866929470561445e-06,1.2446160316467285,1.2464039325714111,1.250051736831665,-0.014357427135109901,-0.00958962645381689,0.00013787786883767694
42,0.00014370174176292494,0.00013592899485956878,7.772748256229534e-06,1.2446048259735107,1.2464109659194946,1.250056266784668,-0.014387371018528938,-0.009570794180035591,0.00014985543384682387
43,0.0001491803370299749,0.0001360007852781564,1.3179552706787944e-05,1.2445939779281616,1.2464189529418945,1.2500662803649902,-0.014416053891181946,-0.009549366310238838,0.00017680822929833084
44,0.00015201920323306694,0.0001357770051981788,1.6242198148574972e-05,1.2445838451385498,1.246428370475769,1.2500483989715576,-0.014443416148424149,-0.0095243314281106,0.00012889920617453754
45,0.00015388448955491185,0.00013591281167464332,1.7971677971218013e-05,1.2445738315582275,1.2464375495910645,1.2501072883605957,-0.014470421709120274,-0.009500081650912762,0.00028613038011826575
46,0.00015465471951756627,0.0001359581387077924,1.8696580605137568e-05,1.244554042816162,1.2464447021484375,1.2502456903457642,-0.014523068442940712,-0.009480721317231655,0.0006551847909577191
47,0.00014968068353482522,0.00013583953186753207,1.3841152622262598e-05,1.244537353515625,1.2464525699615479,1.2502636909484863,-0.014567743055522442,-0.009459815919399261,0.0007033143192529678
48,0.00015196233725873755,0.00013569266884587704,1.6269668594759424e-05,1.2445274591445923,1.2464631795883179,1.2502822875976562,-0.014593669213354588,-0.009431340731680393,0.0007530127768404782
49,0.00015240969732985832,0.00013556405465351418,1.684564454080828e-05,1.2445175647735596,1.246474266052246,1.250313639640808,-0.014619986526668072,-0.009402063675224781,0.0008364454843103886
50,0.0001537052412459161,0.0001353428429865744,1.8362397167948074e-05,1.244505524635315,1.246483564376831,1.25031316280365,-0.014652249403297901,-0.00937728676944971,0.0008352026925422251
51,0.00014982790089561603,0.00013520644570235162,1.4621456693930668e-05,1.2444905042648315,1.24649178981781,1.2503421306610107,-0.014692392200231552,-0.009355292655527592,0.0009124489151872694
52,0.00014531439010170288,0.00013514661040971986,1.0167779191760928e-05,1.2444740533828735,1.2465002536773682,1.250352144241333,-0.014736265875399113,-0.009332907386124134,0.0009390952182002366
53,0.0001455152356356848,0.00013500105123966932,1.0514184327803378e-05,1.2444627285003662,1.2465105056762695,1.250357985496521,-0.01476622186601162,-0.009305222891271114,0.0009547527297399938
54,0.0001451427538995631,0.00013505233509931714,1.009041852739756e-05,1.2444534301757812,1.2465218305587769,1.2503786087036133,-0.014790963381528854,-0.009275265969336033,0.0010096943005919456
55,0.0001459124017856084,0.00013503520312951878,1.087719915631169e-05,1.2444461584091187,1.246532678604126,1.2503870725631714,-0.014810456894338131,-0.009246233850717545,0.0010322743328288198
56,0.0001446993206627667,0.00013482528229360468,9.874038983070933e-06,1.2444382905960083,1.2465459108352661,1.2504141330718994,-0.014831513166427612,-0.00921076349914074,0.001104234717786312
57,0.00014418662030948325,0.00013487720643752256,9.309414213021228e-06,1.244428038597107,1.2465583086013794,1.2504403591156006,-0.014859111048281193,-0.009177740663290024,0.001174396718852222
58,0.00014624089963035657,0.00013467992466758004,1.1560976213331742e-05,1.2444125413894653,1.2465695142745972,1.2504531145095825,-0.01490013487637043,-0.009147940203547478,0.0012083897599950433
59,0.0001441479609638918,0.0001345929136732593,9.555047404319339e-06,1.244402289390564,1.2465808391571045,1.2504632472991943,-0.014927447773516178,-0.009117537178099155,0.0012356499210000038
60,0.0001454628218198195,0.0001345269920420833,1.0935829868685687e-05,1.244389295578003,1.2465918064117432,1.2504585981369019,-0.014962280169129372,-0.009088673628866673,0.001222888007760048
61,0.00014827395862084813,0.00013457885361276568,1.3695106326849782e-05,1.244369387626648,1.2466089725494385,1.2504472732543945,-0.015015525743365288,-0.009042938239872456,0.0011928114108741283
62,0.00015820540284039453,0.00013441472183330915,2.3790680552338016e-05,1.2443549633026123,1.246633529663086,1.2504945993423462,-0.015053870156407356,-0.00897758174687624,0.0013188672019168735
63,0.00016131479933392256,0.00013416726360446774,2.714753636610112e-05,1.2443523406982422,1.2466661930084229,1.2505302429199219,-0.015060973353683949,-0.008890223689377308,0.001413733116351068
64,0.00015981713877408766,0.00013418230228126048,2.563483658377663e-05,1.2443478107452393,1.2466931343078613,1.25054132938385,-0.015072825364768505,-0.008818310685455799,0.0014436546480283141
65,0.0001581115531735122,0.00013406338257482275,2.4048170416790526e-05,1.244328260421753,1.2467082738876343,1.2505592107772827,-0.015124731697142124,-0.008778166957199574,0.0014911929611116648
66,0.0001641330833081156,0.00013402696131379344,3.010612285834213e-05,1.2443044185638428,1.2467248439788818,1.2505602836608887,-0.015188789926469326,-0.008733940310776234,0.0014939096290618181
67,0.00016315479879267514,0.00013410318570095114,2.9051613273622935e-05,1.2442837953567505,1.2467414140701294,1.2505003213882446,-0.015243638306856155,-0.008689524605870247,0.0013342000311240554
68,0.00016015748406061903,0.000133877952612238,2.6279530084138968e-05,1.2442686557769775,1.2467683553695679,1.2504925727844238,-0.015283851884305477,-0.008617779240012169,0.0013135132612660527
69,0.00014933361089788377,0.00013376152055570855,1.557209066049836e-05,1.244257926940918,1.246795654296875,1.2505347728729248,-0.015312451869249344,-0.008545036427676678,0.0014262852491810918
70,0.00016008362072170713,0.0001336141984211281,2.646942357387161e-05,1.2442333698272705,1.2468137741088867,1.2505300045013428,-0.015378046780824661,-0.008496875874698162,0.0014133219374343753
71,0.00014788758999202402,0.0001332447754975874,1.4642815654042351e-05,1.244208812713623,1.2468299865722656,1.2505438327789307,-0.015443570911884308,-0.00845331884920597,0.0014502003323286772
72,0.0001466115143557545,0.00013309505666256883,1.351645978502347e-05,1.2441867589950562,1.2468500137329102,1.2505563497543335,-0.015502529218792915,-0.008399720303714275,0.0014836053596809506
73,0.00014925995565135964,0.00013301014550961554,1.6249811073976163e-05,1.2441599369049072,1.2468676567077637,1.250580906867981,-0.015573855489492416,-0.008353163488209248,0.0015490041114389896
74,0.0001480105333030224,0.00013291376817505806,1.5096765719135873e-05,1.2441174983978271,1.246888518333435,1.250590443611145,-0.015687067061662674,-0.00829718355089426,0.0015746770659461617
75,0.00015179855618043802,0.00013322410959517583,1.8574447312857956e-05,1.244077444076538,1.2469141483306885,1.2505947351455688,-0.015793850645422935,-0.008229164406657219,0.0015859464183449745
76,0.00015103148034540937,0.00013264775261632167,1.83837278655119e-05,1.2440621852874756,1.246936559677124,1.2505996227264404,-0.015834836289286613,-0.008169073611497879,0.001599229988642037
77,0.00015112271357793362,0.0001324802877206821,1.8642427176018827e-05,1.2440518140792847,1.2469570636749268,1.250624179840088,-0.015862111002206802,-0.008114473894238472,0.0016647535376250744
78,0.00015121534306672402,0.00013233368736109696,1.8881656251323876e-05,1.2440474033355713,1.2469779253005981,1.2506253719329834,-0.0158742256462574,-0.008058933541178703,0.001667412114329636
79,0.00014505445869872347,0.00013213902202551252,1.2915438173877191e-05,1.2440369129180908,1.2470066547393799,1.2506434917449951,-0.01590176858007908,-0.007982023060321808,0.0017161385621875525
80,0.00014183499952196142,0.0001318996735790279,9.93532416941889e-06,1.2439991235733032,1.247024416923523,1.2506550550460815,-0.01600280962884426,-0.007935029454529285,0.0017470172606408596
81,0.0001467031630454585,0.0001319097682426218,1.4793395621381933e-05,1.243955373764038,1.2470436096191406,1.2506762742996216,-0.016119467094540596,-0.007883582264184952,0.0018034655367955565
82,0.00014989971750765108,0.00013177775472286157,1.8121961466022186e-05,1.2439298629760742,1.2470707893371582,1.250702142715454,-0.016187483444809914,-0.0078116049990057945,0.001872429857030511
83,0.0001567423460073769,0.0001319441304076463,2.4798214099064353e-05,1.243896484375,1.247093915939331,1.2507117986679077,-0.016276467591524124,-0.007749632000923157,0.0018980515887960792
84,0.0001662385395320598,0.0001317436690442264,3.449486966928816e-05,1.2438738346099854,1.2471283674240112,1.250733494758606,-0.016336990520358086,-0.007657679263502359,0.001956056570634246
85,0.00018069114157697185,0.000131813163170591,4.8877978042582984e-05,1.2438551187515259,1.2471530437469482,1.2507339715957642,-0.01638670265674591,-0.007591742090880871,0.0019570719450712204
86,0.00017251269237021915,0.00013153793261153624,4.097475803064299e-05,1.2438323497772217,1.2471961975097656,1.2507612705230713,-0.016447357833385468,-0.007476853672415018,0.002029955852776766
87,0.00017522566922707484,0.00013118618880980648,4.4039481235813585e-05,1.2438006401062012,1.2472288608551025,1.2508070468902588,-0.01653207652270794,-0.007389931008219719,0.00215179193764925
88,0.00016063750808825716,0.00013123457247274928,2.9402934433164774e-05,1.2437509298324585,1.2472537755966187,1.2508509159088135,-0.0166645348072052,-0.0073233130387961864,0.0022693555802106857
89,0.0001554437643790152,0.00013107167760608717,2.437208718220063e-05,1.2437055110931396,1.2472797632217407,1.250828504562378,-0.016785485669970512,-0.007254036609083414,0.0022091874852776527
90,0.0001489529458922334,0.00013083676603855565,1.8116179035132518e-05,1.2436716556549072,1.247306227684021,1.2508080005645752,-0.01687590777873993,-0.007183533161878586,0.002154796151444316
91,0.00014895226413500496,0.00013079105483484454,1.816120930016041e-05,1.2436542510986328,1.2473348379135132,1.2508134841918945,-0.016922226175665855,-0.007107076235115528,0.0021691210567951202
92,0.00014784470695303754,0.0001307653423282318,1.707936635284568e-05,1.2436368465423584,1.2473530769348145,1.2508195638656616,-0.016968851909041405,-0.007058233954012394,0.0021854687947779894
93,0.00013965619873488322,0.00013054921000730247,9.106988022722362e-06,1.2436026334762573,1.2473747730255127,1.2508180141448975,-0.017060112208127975,-0.007000587414950132,0.002181318588554859
94,0.0001400099201418925,0.00013053630755166523,9.473611862631515e-06,1.2435636520385742,1.2473971843719482,1.2508289813995361,-0.01716393418610096,-0.006941067520529032,0.002210665727034211
95,0.00013928840635344387,0.00013042090722592548,8.86749805886211e-06,1.2435262203216553,1.2474172115325928,1.250836968421936,-0.01726379618048668,-0.006887342780828476,0.0022317743860185146
96,0.00013921432473580354,0.00013029718247707932,8.917142918107856e-06,1.2434823513031006,1.2474371194839478,1.2508494853973389,-0.01738077960908413,-0.006834419909864664,0.00226520630531013
97,0.00013573790492955596,0.00013015060321777127,5.587300552178931e-06,1.2434399127960205,1.2474554777145386,1.2508512735366821,-0.017494164407253265,-0.006785427685827017,0.0022700161207467318
98,0.00013660529148182832,0.0001303226737945806,6.2826189832776436e-06,1.243407130241394,1.2474761009216309,1.2508580684661865,-0.017581481486558914,-0.006730349268764257,0.0022881128825247288
99,0.0001359959031105973,0.0001302643031522166,5.7315997537443765e-06,1.2433768510818481,1.2474985122680664,1.2508621215820312,-0.01766226440668106,-0.0066705262288451195,0.0022988379932940006
100,0.00014119648549240082,0.00013065149687463418,1.0544987662797212e-05,1.2433388233184814,1.2475239038467407,1.250868558883667,-0.01776370406150818,-0.006602930836379528,0.0023158881813287735
101,0.0001417216524714604,0.00013041102210991083,1.1310630338812188e-05,1.2433161735534668,1.2475388050079346,1.2508502006530762,-0.017824243754148483,-0.006563233211636543,0.002267064293846488
102,0.00013658386378665455,0.0001300518269999884,6.53203567253513e-06,1.2432736158370972,1.2475672960281372,1.2508670091629028,-0.017937490716576576,-0.006487194448709488,0.0023119794204831123
103,0.00014048531447770075,0.00013069831256871112,9.787003364181146e-06,1.2431669235229492,1.2475967407226562,1.2508658170700073,-0.01822204515337944,-0.0064085545018315315,0.0023089253809303045
104,0.00014011704552103766,0.00013050407942500898,9.612966687200242e-06,1.2429355382919312,1.2476375102996826,1.2508829832077026,-0.018839115276932716,-0.006300017237663269,0.0023545685689896345
105,0.00013765195253654384,0.00013020675542065873,7.445198525601881e-06,1.2427992820739746,1.247664213180542,1.2508982419967651,-0.01920267939567566,-0.006228518206626177,0.002395439660176635
106,0.0001364741023280658,0.0001297878996410873,6.686203869321617e-06,1.2427215576171875,1.2476856708526611,1.2509071826934814,-0.019409986212849617,-0.006171704735606909,0.002419184660539031
107,0.00014245423953980209,0.00012987810041522607,1.2576140125020175e-05,1.2426855564117432,1.2477128505706787,1.2509174346923828,-0.019505564123392105,-0.006098906509578228,0.002446192316710949
108,0.00014491133042611183,0.00013006390290684066,1.484742779211956e-05,1.2426666021347046,1.2477550506591797,1.2509387731552124,-0.019556459039449692,-0.005986302625387907,0.0025033322162926197
109,0.00014496125077130274,0.00012994045464438387,1.5020795126474696e-05,1.2426254749298096,1.2477949857711792,1.250949740409851,-0.019665837287902832,-0.005879919044673443,0.0025328760966658592
110,0.0001392512160236947,0.00013016649390920065,9.084722546504053e-06,1.2425310611724854,1.2478218078613281,1.2509630918502808,-0.019917920231819153,-0.005808343645185232,0.002568374387919903
111,0.00013934710004832597,0.0001297162154514808,9.630885438127735e-06,1.242430329322815,1.247846245765686,1.2509723901748657,-0.020186224952340126,-0.005743387155234814,0.0025929752737283707
112,0.00013961066433694215,0.00012982531334273517,9.785349107005459e-06,1.2423630952835083,1.2478759288787842,1.2509839534759521,-0.020365606993436813,-0.005664197262376547,0.0026239159051328897
113,0.00014246082064346411,0.0001295657504670089,1.2895071176899364e-05,1.2423055171966553,1.2479102611541748,1.2509994506835938,-0.020519519224762917,-0.005572698079049587,0.002664935542270541
114,0.0001486002183810342,0.0001297694099775981,1.8830807630365597e-05,1.2422561645507812,1.247941017150879,1.251017451286316,-0.020650897175073624,-0.005490483250468969,0.0027132565155625343
115,0.00017605477405595592,0.00012981299369130284,4.624178263838985e-05,1.2422020435333252,1.247969627380371,1.2510303258895874,-0.020795373246073723,-0.005413971375674009,0.002747561316937208
116,0.00015874057717155666,0.00012964684137841686,2.9093736702634488e-05,1.2421374320983887,1.2480013370513916,1.2511026859283447,-0.0209675170481205,-0.005329824518412352,0.0029404819943010807
117,0.00015490504883928225,0.00012968225782969967,2.522279164622887e-05,1.2421057224273682,1.2480368614196777,1.2511762380599976,-0.02105214074254036,-0.00523490970954299,0.003136702813208103
118,0.00015031937291496434,0.00012980282699572853,2.05165451461653e-05,1.242055892944336,1.24806547164917,1.2512022256851196,-0.021184859797358513,-0.005158610176295042,0.0032059892546385527
119,0.00014374592938111165,0.00012947637660545296,1.4269553912527044e-05,1.2419918775558472,1.2480937242507935,1.2511982917785645,-0.02135593071579933,-0.005083370953798294,0.0031954532023519278
120,0.00014201571902958677,0.0001296042450121604,1.2411473699103226e-05,1.2419451475143433,1.248124599456787,1.2511978149414062,-0.02148054540157318,-0.0050009931437671185,0.0031944101210683584
121,0.00014121896238066255,0.00012906440388178454,1.21545576803328e-05,1.2419078350067139,1.2481563091278076,1.251223087310791,-0.02157967910170555,-0.004916616249829531,0.0032615119125694036
122,0.00013896345190005376,0.0001292753302550409,9.6881206445687e-06,1.241854190826416,1.2481815814971924,1.251235008239746,-0.02172311209142208,-0.004848948214203119,0.003293160814791918
123,0.00014069013050175272,0.00012938551808474585,1.1304611803097941e-05,1.2417925596237183,1.2482116222381592,1.2512540817260742,-0.021887144073843956,-0.00476875202730298,0.003344082273542881
124,0.00013896135496906936,0.00012941178865730763,9.549567698741157e-06,1.2417335510253906,1.2482430934906006,1.2512749433517456,-0.022044789046049118,-0.004685025196522474,0.0033998307771980762
125,0.00014115368758211845,0.00012945635535288602,1.1697333093252382e-05,1.2416808605194092,1.2482750415802002,1.2512950897216797,-0.02218506671488285,-0.00459966529160738,0.0034538412000983953
126,0.0001425015761924442,0.00012913796890643426,1.3363607240535203e-05,1.241629958152771,1.2483245134353638,1.2513229846954346,-0.02232109010219574,-0.004468027502298355,0.0035278473515063524
127,0.000145676940883277,0.00012938891159137712,1.6288030428768253e-05,1.2415704727172852,1.2483561038970947,1.2513360977172852,-0.022479522973299026,-0.004383872728794813,0.0035629828926175833
128,0.0001482365929405205,0.00012923379836138338,1.9002793214895065e-05,1.2415039539337158,1.2483980655670166,1.2513606548309326,-0.022657115012407303,-0.004271653015166521,0.0036280760541558266
129,0.00015544516281806864,0.00012977099904674106,2.5674163771327586e-05,1.2414393424987793,1.2484290599822998,1.2513666152954102,-0.022829357534646988,-0.0041890982538461685,0.00364411692135036
130,0.0001703203859506175,0.00012950568634551018,4.0814697240421086e-05,1.241401195526123,1.2484492063522339,1.2513551712036133,-0.022930974140763283,-0.0041354140266776085,0.003614002140238881
131,0.00019460968323983252,0.00012965920614078642,6.495047828138922e-05,1.2413597106933594,1.2484883069992065,1.2513759136199951,-0.023041974753141403,-0.004031098447740078,0.003669117111712694
132,0.00017809068085625768,0.00012922321257065051,4.886746764896088e-05,1.2412831783294678,1.2485235929489136,1.2514891624450684,-0.02324589714407921,-0.003937100525945425,0.0039709992706775665
133,0.00017588941045687534,0.00012952091128681786,4.6368499170057476e-05,1.2412000894546509,1.2485568523406982,1.251535177230835,-0.02346770279109478,-0.0038482886739075184,0.0040938472375273705
134,0.00014961597480578348,0.00012913681857753545,2.0479157910813228e-05,1.241073489189148,1.2485874891281128,1.2516098022460938,-0.02380504459142685,-0.0037667802534997463,0.004292906727641821
135,0.00015078737123985775,0.00012902813468826935,2.1759237597507308e-05,1.2409627437591553,1.2486193180084229,1.2516632080078125,-0.024100596085190773,-0.0036819635424762964,0.004435127601027489
136,0.00014521020420943387,0.00012874543681391516,1.6464768350488157e-05,1.2408905029296875,1.2486577033996582,1.2517105340957642,-0.024293245747685432,-0.003579536685720086,0.0045614964328706264
137,0.00013744529933319428,0.00012860306087532082,8.842239412842901e-06,1.2408254146575928,1.248688817024231,1.251725435256958,-0.024466844275593758,-0.0034964578226208687,0.004601105581969023
138,0.0001388979217153974,0.0001285564932913985,1.0341427810089954e-05,1.2407641410827637,1.2487156391143799,1.251731038093567,-0.024630162864923477,-0.0034250582102686167,0.004615957848727703
139,0.00013641738260048442,0.0001286043639993295,7.813019578861713e-06,1.2407184839248657,1.2487449645996094,1.2517306804656982,-0.024752022698521614,-0.003346587996929884,0.004615182988345623
140,0.00013862138439435512,0.00012869571946794167,9.925664835463977e-06,1.2406692504882812,1.248774528503418,1.2517328262329102,-0.02488345094025135,-0.003268125467002392,0.004620781634002924
141,0.00014030134479980916,0.00012832329666707666,1.1978048496530391e-05,1.2406259775161743,1.248805284500122,1.2517393827438354,-0.024998849257826805,-0.0031858286820352077,0.004638317506760359
142,0.00014445855922531336,0.00012861029317718932,1.5848265684326178e-05,1.2405281066894531,1.2488409280776978,1.2517591714859009,-0.02525988034904003,-0.0030907427426427603,0.004690988454967737
143,0.00014507732557831333,0.0001285194288357161,1.6557896105950932e-05,1.24042809009552,1.2488726377487183,1.251769781112671,-0.025526616722345352,-0.0030063192825764418,0.004719155374914408
144,0.00014493017952190712,0.0001285874575842172,1.6342723165507776e-05,1.2403202056884766,1.2489030361175537,1.251774787902832,-0.025814147666096687,-0.0029253445100039244,0.004732551518827677
145,0.0001467861315177288,0.00012814978617825545,1.863634538494807e-05,1.2402126789093018,1.2489359378814697,1.2517879009246826,-0.026100927963852882,-0.0028372942470014095,0.004767552949488163
146,0.0001417923347617034,0.0001283576391870156,1.3434697120828786e-05,1.2401063442230225,1.248968243598938,1.2518044710159302,-0.026384461671113968,-0.0027511995285749435,0.004812086001038551
147,0.00014788592525292188,0.00012862283547292462,1.9263090871390885e-05,1.2399992942810059,1.2490063905715942,1.251844882965088,-0.026670269668102264,-0.0026496341452002525,0.004919756203889847
148,0.00014545521116815507,0.00012849612830905243,1.695908504188992e-05,1.239915370941162,1.2490493059158325,1.2518728971481323,-0.02689400501549244,-0.0025352188386023045,0.004994507413357496
149,0.00015090442902874202,0.0001287280654651113,2.2176363245307584e-05,1.2398526668548584,1.2490947246551514,1.2518951892852783,-0.02706122025847435,-0.002414330840110779,0.005053868517279625
150,0.00015686623883084393,0.00012890130165033042,2.7964936543867223e-05,1.2397838830947876,1.2491329908370972,1.2518904209136963,-0.0272445697337389,-0.0023119484540075064,0.005041072610765696
151,0.00015377621311927215,0.0001288001709326636,2.497604355085059e-05,1.2396966218948364,1.2491683959960938,1.2518621683120728,-0.027477456256747246,-0.0022173896431922913,0.004965794272720814
152,0.00014622776143369265,0.0001286214632273186,1.760629829732352e-05,1.239567518234253,1.2492058277130127,1.2518609762191772,-0.02782197669148445,-0.0021175863221287727,0.004962728824466467
153,0.00014561494463123382,0.00012868596168118528,1.6928982722674847e-05,1.2394083738327026,1.2492451667785645,1.2518701553344727,-0.028246324509382248,-0.002013083314523101,0.004987071733921766
154,0.00014896990178385748,0.00012809251129510812,2.0877390352325164e-05,1.2392802238464355,1.249287724494934,1.2518894672393799,-0.028588101267814636,-0.0018992741825059056,0.005038837436586618
155,0.00015293174074031412,0.00012832574793719687,2.4605994531157195e-05,1.2391750812530518,1.24932861328125,1.251918077468872,-0.028868310153484344,-0.0017901482060551643,0.005115085747092962
156,0.00015981657052179798,0.0001282445948163513,3.1571974977850915e-05,1.2390234470367432,1.2493667602539062,1.2519378662109375,-0.02927277609705925,-0.0016886397497728467,0.005167832598090172
157,0.00015029458663775585,0.0001282665842154529,2.2028001740181936e-05,1.2388627529144287,1.2494182586669922,1.2519649267196655,-0.029701659455895424,-0.0015510724624618888,0.0052398256957530975
158,0.00014315307489596308,0.00012811387277906762,1.503920320828911e-05,1.2386653423309326,1.2494657039642334,1.2519965171813965,-0.030228346586227417,-0.001424548216164112,0.005323871038854122
159,0.00014253928238758818,0.00012808733954443595,1.4451943252424826e-05,1.2384939193725586,1.2495062351226807,1.252025842666626,-0.030685191974043846,-0.0013164578704163432,0.0054020993411540985
160,0.00014187041670084,0.00012845510282204485,1.3415313333098311e-05,1.2383314371109009,1.2495537996292114,1.252061128616333,-0.031118568032979965,-0.0011900095269083977,0.005496560595929623
161,0.0001542110047012102,0.00012866083343396895,2.555017144914018e-05,1.2381385564804077,1.249619960784912,1.2520840167999268,-0.03163320571184158,-0.0010133908363059163,0.005557178054004908
162,0.00014817601258982905,0.0001283989033254329,1.977710871869931e-05,1.2379224300384521,1.2496671676635742,1.2520971298217773,-0.03220958262681961,-0.000887764326762408,0.005592538509517908
163,0.0001478027828852646,0.0001279754978895653,1.9827284904749832e-05,1.2376980781555176,1.249709129333496,1.2521066665649414,-0.03280815854668617,-0.0007754644611850381,0.005617564078420401
164,0.00014561753487214447,0.0001279670228541363,1.7650512245381832e-05,1.23750901222229,1.2497445344924927,1.2520936727523804,-0.03331228345632553,-0.000681021367199719,0.005582987796515226
165,0.00014400798245333134,0.0001278123483643867,1.6195633861570968e-05,1.2373652458190918,1.249793291091919,1.2521300315856934,-0.03369593992829323,-0.0005510082701221108,0.005680255591869354
166,0.00014130279814708046,0.00012818869508919307,1.3114102785038995e-05,1.2372088432312012,1.2498360872268677,1.252144694328308,-0.0341133289039135,-0.0004371056566014886,0.005719305016100407
167,0.0001423451081791427,0.0001282358840398956,1.4109226276559638e-05,1.2370214462280273,1.249875545501709,1.2521520853042603,-0.034612976014614105,-0.00033182065817527473,0.005738895386457443
168,0.00014824205718468874,0.00012826953825424426,1.997251852117188e-05,1.2368539571762085,1.2499181032180786,1.252171277999878,-0.035059720277786255,-0.0002181641320930794,0.0057902708649635315
169,0.00014621799127780832,0.00012785285434802063,1.8365138157605542e-05,1.236677885055542,1.2499638795852661,1.2521616220474243,-0.035529300570487976,-9.61474870564416e-05,0.0057642655447125435
170,0.00014531668712152167,0.00012825907324440778,1.7057612967619207e-05,1.2364675998687744,1.2500077486038208,1.2521775960922241,-0.03609035536646843,2.071329436148517e-05,0.005806889850646257
171,0.00014157744008116424,0.00012799072137568147,1.3586720979219535e-05,1.2363086938858032,1.2500580549240112,1.2522084712982178,-0.036514267325401306,0.00015478678687941283,0.0058893864043056965
172,0.0001444716690457426,0.00012790133987437003,1.6570329717069398e-05,1.236163854598999,1.2501018047332764,1.2522482872009277,-0.03690061718225479,0.00027132118702866137,0.005995221436023712
173,0.0001456011668778956,0.00012824082295992412,1.736034464556724e-05,1.2359907627105713,1.250138282775879,1.2522506713867188,-0.03736221417784691,0.00036871639895252883,0.006001769565045834
174,0.00014765498926863074,0.00012843628792325035,1.921870230034983e-05,1.235805869102478,1.2501821517944336,1.2522671222686768,-0.037855517119169235,0.0004857191233895719,0.006046016234904528
175,0.0001442755376046989,0.00012782748890458607,1.6448049882455963e-05,1.235683560371399,1.2502286434173584,1.2522932291030884,-0.03818183392286301,0.0006097970181144774,0.006115291733294725
176,0.00014353229780681432,0.00012853068838012405,1.5001609244791326e-05,1.2355380058288574,1.2502728700637817,1.2523186206817627,-0.03857015445828438,0.0007276138057932258,0.006183156277984381
177,0.00014433479955187068,0.00012806923186872154,1.6265566910078632e-05,1.2353825569152832,1.2503211498260498,1.2523534297943115,-0.038984764367341995,0.0008564522140659392,0.006275958381593227
178,0.00014078061867621726,0.00012782193953171373,1.2958678985341976e-05,1.2352441549301147,1.250357985496521,1.2523688077926636,-0.03935401886701584,0.0009547347435727715,0.006317094434052706
179,0.0001387847718433477,0.00012815980371669867,1.0624968672345858e-05,1.2351031303405762,1.2503951787948608,1.2523727416992188,-0.03973034769296646,0.0010537478374317288,0.006327315233647823
180,0.0001379717177769635,0.00012809497784473933,9.876739841274685e-06,1.234997034072876,1.2504390478134155,1.2523893117904663,-0.04001302644610405,0.0011709954123944044,0.006371563300490379
181,0.00013818321021972225,0.00012774568458553403,1.0437524679218768e-05,1.2349035739898682,1.2504758834838867,1.252392053604126,-0.04026263579726219,0.0012692032614722848,0.006378778722137213
182,0.0001355421089101583,0.00012788530584657566,7.656801972188988e-06,1.2348220348358154,1.2505121231079102,1.2523959875106812,-0.04048019275069237,0.0013655864167958498,0.006389549933373928
183,0.00013723076262976973,0.00012856321191065945,8.667550810059766e-06,1.2347050905227661,1.2505515813827515,1.2524032592773438,-0.04079217091202736,0.0014707319205626845,0.006408831104636192
184,0.00013662148630828598,0.00012826004240196198,8.361443087778753e-06,1.2345826625823975,1.2505872249603271,1.252414345741272,-0.04111860692501068,0.0015658690826967359,0.006438252050429583
185,0.00014049964156583882,0.00012853973821620458,1.195990548694681e-05,1.2344486713409424,1.2506319284439087,1.2524291276931763,-0.041476234793663025,0.0016852827975526452,0.006477631162852049
186,0.00014803774902247824,0.00012871578510385007,1.932196596499125e-05,1.2343170642852783,1.250677466392517,1.2524542808532715,-0.04182736203074455,0.0018063993193209171,0.006544412113726139
187,0.0001558847136038821,0.00012910126024507919,2.6783454086398705e-05,1.2341375350952148,1.250718355178833,1.2524690628051758,-0.04230614751577377,0.0019156610360369086,0.006584037095308304
188,0.000160098668129649,0.00012884792886325158,3.125073990304372e-05,1.2338773012161255,1.250754475593567,1.2524709701538086,-0.043000511825084686,0.00201199809089303,0.006589459255337715
189,0.00014795479874010197,0.00012837494577979668,1.957985218723479e-05,1.2337223291397095,1.2507809400558472,1.2524878978729248,-0.043413929641246796,0.0020826244726777077,0.006634460296481848
190,0.00014101415872573851,0.0001282995828660205,1.2714574495475972e-05,1.2335282564163208,1.2508107423782349,1.252489447593689,-0.0439315028488636,0.0021619582548737526,0.006638603750616312
191,0.00014300945185823365,0.0001282611621718388,1.4748291050636908e-05,1.2332407236099243,1.250852346420288,1.2525248527526855,-0.0446988120675087,0.002272921847179532,0.006732975132763386
192,0.00014232248213374987,0.00012818620743928477,1.4136275285636658e-05,1.232947587966919,1.250899314880371,1.2525489330291748,-0.04548090696334839,0.002397943288087845,0.006796882953494787
193,0.000143660278263269,0.00012828712060581894,1.5373158339571093e-05,1.2328057289123535,1.2509435415267944,1.2525558471679688,-0.04585963115096092,0.002516053384169936,0.006815470289438963
194,0.00014243973346310667,0.0001284698664676398,1.3969868268759455e-05,1.2326266765594482,1.2509862184524536,1.2525687217712402,-0.046337276697158813,0.0026299580931663513,0.006849817931652069
195,0.00014312744460767134,0.0001279119293030817,1.5215514167721267e-05,1.2324187755584717,1.2510281801223755,1.252577543258667,-0.04689192771911621,0.0027419051621109247,0.006873446982353926
196,0.00013708883489016443,0.00012789810352842323,9.190730656882806e-06,1.2321854829788208,1.2510669231414795,1.2525972127914429,-0.047514431178569794,0.002845214447006583,0.006925857625901699
197,0.00013638984964927658,0.00012783220590790735,8.557644810025522e-06,1.2319613695144653,1.2511061429977417,1.252612590789795,-0.04811236634850502,0.002949767978861928,0.00696696899831295
198,0.00014001500312588178,0.0001287105231313035,1.1304480449325637e-05,1.2316770553588867,1.2511521577835083,1.2526335716247559,-0.0488709956407547,0.0030723935924470425,0.007022839970886707
199,0.00014648514770669862,0.00012853542430093511,1.794972422430874e-05,1.2314515113830566,1.251215934753418,1.2526507377624512,-0.0494728721678257,0.0032425010576844215,0.007068671751767397
200,0.0001482844694692176,0.00012812291024602018,2.0161559632470016e-05,1.2313710451126099,1.2512941360473633,1.2526921033859253,-0.04968733713030815,0.003451057942584157,0.007179091218858957
201,0.00014010013837832956,0.0001282776524021756,1.1822486521850806e-05,1.231210470199585,1.251354455947876,1.2527183294296265,-0.05011570081114769,0.003612013766542077,0.0072489348240196705
202,0.00013897921671741643,0.0001277658375329338,1.1213378684260533e-05,1.2310672998428345,1.2513998746871948,1.2527356147766113,-0.05049800127744675,0.003733036806806922,0.007295114453881979
203,0.00013742137889494188,0.0001278744988667313,9.546879527988495e-06,1.2309072017669678,1.2514418363571167,1.2527532577514648,-0.05092524737119675,0.0038449775893241167,0.007341853342950344
204,0.00013897324242861941,0.0001283999408769887,1.0573300733085489e-05,1.2306185960769653,1.2514867782592773,1.2527683973312378,-0.05169523134827614,0.003964995499700308,0.007382549811154604
205,0.00014223495309124702,0.00012828999169869348,1.3944962302048224e-05,1.2303874492645264,1.2515289783477783,1.2527670860290527,-0.05231241509318352,0.004077135119587183,0.007379151880741119
206,0.0001416055987647269,0.00012808230676455423,1.3523293318939977e-05,1.230232834815979,1.2515636682510376,1.252770185470581,-0.052724678069353104,0.004169745836406946,0.007387085352092981
207,0.0001400493347318843,0.00012795301954611206,1.2096316368115367e-05,1.2300353050231934,1.2516049146652222,1.2527796030044556,-0.0532517209649086,0.004279878921806812,0.007412164472043514
208,0.000142557910294272,0.0001280340955418069,1.4523814343192498e-05,1.2298529148101807,1.2516549825668335,1.2528047561645508,-0.05373872071504593,0.0044134147465229034,0.007479095831513405
209,0.0001475840814237017,0.0001279725278436672,1.9611553670983995e-05,1.229701042175293,1.2517144680023193,1.2528623342514038,-0.05414372310042381,0.004571943543851376,0.0076328907161951065
210,0.00015241747605614363,0.00012821132186218164,2.4206153739214642e-05,1.2295171022415161,1.251760482788086,1.252882957458496,-0.054634544998407364,0.00469448184594512,0.007687864825129509
211,0.00017485768184997142,0.00012869251222582533,4.616516662281356e-05,1.2292476892471313,1.2518231868743896,1.2528996467590332,-0.05535360053181648,0.004861830733716488,0.007732521276921034
212,0.00018535566050559282,0.00012889075005659834,5.646490881190402e-05,1.2290828227996826,1.2519054412841797,1.2529919147491455,-0.055793583393096924,0.005081199109554291,0.007978403009474277
213,0.0002115719151333906,0.00012871954386355354,8.28523698146455e-05,1.229030966758728,1.2519731521606445,1.253068447113037,-0.055932093411684036,0.005261855199933052,0.008182568475604057
214,0.00018082130263792352,0.00012838100519729778,5.244029689492891e-05,1.2289268970489502,1.252047061920166,1.2532930374145508,-0.056209664791822433,0.00545893982052803,0.008781462907791138
215,0.00021662031940650195,0.0001280042139114812,8.861610549502075e-05,1.2287110090255737,1.2520976066589355,1.253360390663147,-0.056785959750413895,0.005593633744865656,0.008961026556789875
216,0.00014381866494659335,0.00012781416589859873,1.6004498729671467e-05,1.2285072803497314,1.2521417140960693,1.2533074617385864,-0.057329434901475906,0.005711389239877462,0.00881992094218731
217,0.00015020306964288465,0.0001276379800401628,2.2565087465409307e-05,1.2283357381820679,1.2521916627883911,1.2533528804779053,-0.05778729170560837,0.0058443923480808735,0.008940902538597584
218,0.00013835280697094277,0.00012752368202200158,1.0829124903466436e-05,1.2281672954559326,1.2522426843643188,1.2533596754074097,-0.05823703482747078,0.0059805563651025295,0.008959084749221802
219,0.00013924475424573757,0.00012802659839508123,1.1218157032999443e-05,1.227947473526001,1.2522943019866943,1.2533681392669678,-0.058823615312576294,0.0061181881465017796,0.008981906808912754
220,0.00013997525384183972,0.00012786838051397352,1.210687180446257e-05,1.2277097702026367,1.2523528337478638,1.2533825635910034,-0.05945785343647003,0.0062742698937654495,0.009020221419632435
221,0.00013769559664069674,0.00012776281510014088,9.93278190435376e-06,1.2276113033294678,1.2523887157440186,1.2533793449401855,-0.05972067639231682,0.006369779352098703,0.009011484682559967
222,0.0001366543598123826,0.0001278121468203608,8.84221385604178e-06,1.2274521589279175,1.2524334192276,1.2533812522888184,-0.06014564260840416,0.006489156745374203,0.009016799740493298
223,0.00013911874120822176,0.00012892530867247842,1.0193431444349699e-05,1.227210521697998,1.25249183177948,1.2533894777297974,-0.06079045683145523,0.006644942797720432,0.00903863925486803
224,0.0001389065495459363,0.00012811377964681015,1.0792769444378791e-05,1.226994514465332,1.2525444030761719,1.2533949613571167,-0.06136702746152878,0.006785170175135136,0.009053199551999569
225,0.00013917055766796694,0.00012802969067706726,1.114086667257652e-05,1.226839542388916,1.2525969743728638,1.253406286239624,-0.06178097426891327,0.006925524212419987,0.009083659388124943
226,0.00013803515394101852,0.00012757784061250276,1.0457313419465208e-05,1.2266862392425537,1.2526545524597168,1.2534229755401611,-0.0621902160346508,0.007078735623508692,0.009127798490226269
227,0.00013610745736514218,0.00012744997220579535,8.657485545882082e-06,1.2265372276306152,1.2527037858963013,1.253434419631958,-0.06258764863014221,0.00721005629748106,0.00915850792080164
228,0.00013773148675682022,0.0001271772212930955,1.0554266373219434e-05,1.226335883140564,1.2527580261230469,1.2534565925598145,-0.0631253644824028,0.0073548052459955215,0.009217877872288227
229,0.00013952994922874495,0.00012753584669553675,1.1994103215329232e-05,1.225954294204712,1.2528260946273804,1.2534921169281006,-0.06414404511451721,0.007536051794886589,0.009312252514064312
230,0.00014151474460959433,0.00012765477804350668,1.385996765748132e-05,1.2255659103393555,1.2528809309005737,1.2535029649734497,-0.06518080830574036,0.007682697381824255,0.009341317228972912
231,0.00013916766474721953,0.00012824335572076962,1.0924310254267766e-05,1.2252768278121948,1.2529305219650269,1.2535099983215332,-0.06595227122306824,0.007814492098987103,0.009359952062368393
232,0.00014264426645240746,0.0001283695746678859,1.427469246664259e-05,1.2249534130096436,1.2529873847961426,1.2535271644592285,-0.0668155774474144,0.007966423407196999,0.009405653923749924
233,0.00014506571606034412,0.0001274174646823667,1.7648254060986802e-05,1.224766492843628,1.2530384063720703,1.2535350322723389,-0.0673147588968277,0.008102585561573505,0.009426713921129704
234,0.00015166259690886364,0.00012773199705407023,2.393060067333863e-05,1.2245643138885498,1.253104567527771,1.2535574436187744,-0.0678543895483017,0.008278804831206799,0.009486670605838299
235,0.00014321222770377062,0.00012784542486770077,1.5366802563221428e-05,1.2244185209274292,1.2531747817993164,1.2535862922668457,-0.06824382394552231,0.00846605934202671,0.009563510306179523
236,0.0001411156881658826,0.0001283469013287686,1.2768787746608723e-05,1.2242774963378906,1.2532317638397217,1.2535970211029053,-0.06862017512321472,0.008617817424237728,0.009591994807124138
237,0.0001393997241393663,0.00012793923742719925,1.1460486439318629e-05,1.224052906036377,1.2532840967178345,1.2536118030548096,-0.06922014057636261,0.008757742121815681,0.00963153038173914
238,0.00014150131682981736,0.00012785916260327213,1.3642153908222098e-05,1.2236733436584473,1.2533345222473145,1.25364089012146,-0.07023365050554276,0.00889210868626833,0.009708952158689499
239,0.00013984317920403554,0.00012708813665085472,1.2755043690049206e-05,1.223407506942749,1.2533894777297974,1.2536590099334717,-0.07094299793243408,0.009038771502673626,0.009757596999406815
240,0.00014197758791851812,0.00012762299302266912,1.4354596578414202e-05,1.2232372760772705,1.2534528970718384,1.2536845207214355,-0.07139752060174942,0.009207763709127903,0.009825325571000576
241,0.00014210056324373,0.00012829149927711113,1.3809063466396765e-05,1.2231065034866333,1.2535054683685303,1.2536962032318115,-0.07174663990736008,0.009347907267510891,0.009856684133410454
242,0.0001407650466717314,0.000127395451272605,1.3369595194490103e-05,1.223001480102539,1.2535510063171387,1.2537147998809814,-0.07202698290348053,0.009469535201787949,0.009906408376991749
243,0.00013565246990765445,0.00012726927307085134,8.383197132388886e-06,1.2228002548217773,1.2535958290100098,1.2537271976470947,-0.07256441563367844,0.009588943794369698,0.009939337149262428
244,0.00013352006499189883,0.00012668393756030128,6.836127590759134e-06,1.2225602865219116,1.253645420074463,1.2537226676940918,-0.07320519536733627,0.00972104724496603,0.009927255101501942
245,0.0001319708302617073,0.00012653136582230218,5.439465553536138e-06,1.2223906517028809,1.253692865371704,1.2537200450897217,-0.07365809381008148,0.009847748093307018,0.009920165874063969
246,0.00013198336018831468,0.00012653943849727511,5.443920508696465e-06,1.2222414016723633,1.2537410259246826,1.25372314453125,-0.07405661046504974,0.009976079687476158,0.00992833822965622
247,0.0001337444242381025,0.00012695666009676643,6.787765232729725e-06,1.2220934629440308,1.2537940740585327,1.253729224205017,-0.0744517520070076,0.010117498226463795,0.009944763965904713
248,0.0001352541607047897,0.000127000265638344,8.253895225607267e-06,1.2218835353851318,1.2538478374481201,1.2537373304367065,-0.07501243054866791,0.010261142626404762,0.00996618065983057
249,0.00013954247333458625,0.00012691195152001456,1.2630520950551727e-05,1.2216116189956665,1.2539047002792358,1.2537486553192139,-0.07573849707841873,0.010412639938294888,0.009996423497796059
250,0.0001378909742925316,0.00012715156335616485,1.0739411482063588e-05,1.2213234901428223,1.2539507150650024,1.2537578344345093,-0.0765080451965332,0.010535373352468014,0.010020908899605274
251,0.00013902198552386835,0.00012668201525229962,1.2339971226538182e-05,1.2209579944610596,1.2540067434310913,1.253779411315918,-0.07748406380414963,0.010684831999242306,0.01007861364632845
252,0.00013835163772455417,0.00012673912933678367,1.1612508660618915e-05,1.2206170558929443,1.2540677785873413,1.2537997961044312,-0.0783948004245758,0.01084747351706028,0.010133026167750359
253,0.00014173469753586687,0.0001274694106541574,1.4265287745729438e-05,1.2202825546264648,1.2541375160217285,1.253828525543213,-0.07928791642189026,0.011033399030566216,0.010209456086158752
254,0.00014459147641900926,0.0001268953361432068,1.769614104887296e-05,1.2200411558151245,1.2542132139205933,1.2538535594940186,-0.07993273437023163,0.011235412210226059,0.010276377201080322
255,0.00014649649674538522,0.00012696691337623633,1.952958295987628e-05,1.2198377847671509,1.2542872428894043,1.2539054155349731,-0.08047603815793991,0.011432671919465065,0.01041446253657341
256,0.00014496363801299594,0.00012686178379226476,1.8101853538610157e-05,1.219666838645935,1.25435471534729,1.2539663314819336,-0.08093268424272537,0.011612663976848125,0.01057692151516676
257,0.0001415605962392874,0.00012746491629513911,1.4095680580794578e-05,1.2194808721542358,1.2544225454330444,1.2540216445922852,-0.08142909407615662,0.011793616227805614,0.010724697262048721
258,0.0001411915560311172,0.00012701729938271455,1.4174254920362727e-05,1.2192442417144775,1.2544890642166138,1.254063367843628,-0.08206142485141754,0.011970756575465202,0.010835898108780384
259,0.0001390655386785511,0.00012652672885451465,1.2538809369289083e-05,1.219043493270874,1.254547357559204,1.254087209701538,-0.08259787410497665,0.01212633028626442,0.01089920848608017
260,0.00013614299678010866,0.0001266539933567401,9.489003195994883e-06,1.218878984451294,1.2546043395996094,1.2541018724441528,-0.08303714543581009,0.012278462760150433,0.010938328690826893
261,0.0001363946750643663,0.00012653258818318136,9.862085835266044e-06,1.2186734676361084,1.2546637058258057,1.2541130781173706,-0.0835861936211586,0.012436546385288239,0.010968436487019062
262,0.0001374136481899768,0.00012679671490332112,1.061693387782725e-05,1.2183966636657715,1.2547212839126587,1.2541217803955078,-0.0843254029750824,0.012590395286679268,0.010991645976901054
263,0.00014050374666112474,0.00012709886432276106,1.3404882702161558e-05,1.2180869579315186,1.254790186882019,1.2541429996490479,-0.08515266329050064,0.012773836962878704,0.011048109270632267
264,0.00013930834611528554,0.00012652411460294387,1.278423214898794e-05,1.217896580696106,1.2548589706420898,1.2541568279266357,-0.08566159754991531,0.012957578524947166,0.011084891855716705
265,0.00013650488617713563,0.0001265214872546494,9.983399695556728e-06,1.2176856994628906,1.254922866821289,1.2541838884353638,-0.08622466027736664,0.013127641752362251,0.0111570218577981
266,0.00013732579536736013,0.00012639559427043423,1.0930202324743733e-05,1.2173157930374146,1.2549784183502197,1.2541919946670532,-0.0872131809592247,0.013276048935949802,0.011178875342011452
267,0.00013913339789723979,0.0001264173799427226,1.2716017499769805e-05,1.2169909477233887,1.2550419569015503,1.254210352897644,-0.08808116614818573,0.013445370830595493,0.011227735318243504
268,0.00014170906579238362,0.00012665151953115129,1.5057547034302843e-05,1.2167397737503052,1.2551136016845703,1.2542426586151123,-0.08875206857919693,0.013636570423841476,0.01131377462297678
269,0.00014053600098122842,0.00012620990601135417,1.432609578841948e-05,1.2165634632110596,1.2551857233047485,1.2542846202850342,-0.08922341465950012,0.01382885780185461,0.011425661854445934
270,0.00014249984596972353,0.0001264416547201108,1.6058190749390632e-05,1.2163875102996826,1.255257248878479,1.254320502281189,-0.08969347923994064,0.014019551686942577,0.011521453969180584
271,0.00014081165863899514,0.0001262505837075878,1.4561075158781022e-05,1.2161717414855957,1.2553247213363647,1.2543785572052002,-0.09026984870433807,0.01419938076287508,0.011676468886435032
272,0.00014035000203875824,0.00012653544181375764,1.3814561134495306e-05,1.2159959077835083,1.255387544631958,1.254417896270752,-0.09073995798826218,0.014366813004016876,0.01178137306123972
273,0.00014076099032536148,0.0001263923550141044,1.4368634992933949e-05,1.2157959938049316,1.2554528713226318,1.2544682025909424,-0.09127392619848251,0.014541215263307095,0.011915438808500767
274,0.00013898224060540087,0.00012645322422031314,1.252901734005718e-05,1.2155134677886963,1.2555162906646729,1.2545121908187866,-0.09202903509140015,0.014710421673953533,0.012032578699290752
275,0.00013871934861526826,0.00012687661219388247,1.1842735693790018e-05,1.2153303623199463,1.2555770874023438,1.2545416355133057,-0.09251844882965088,0.014872678555548191,0.012111296877264977
276,0.00014041468311916107,0.0001267755164008122,1.3639168491863529e-05,1.2150917053222656,1.2556231021881104,1.2545326948165894,-0.09315598011016846,0.014995036646723747,0.012087312527000904
277,0.00014127171307336538,0.00012639123160624878,1.4880483331580762e-05,1.2148025035858154,1.2556788921356201,1.2545409202575684,-0.093928761780262,0.015144267119467258,0.012109183706343174
278,0.00013717653782805428,0.00012639075139304624,1.078578743545222e-05,1.214532732963562,1.2557390928268433,1.2545678615570068,-0.09464997053146362,0.015304641798138618,0.012180973775684834
279,0.00013741673101321794,0.00012639139458769932,1.1025335470549181e-05,1.214235782623291,1.2558008432388306,1.254593849182129,-0.09544362872838974,0.015469026751816273,0.012250225059688091
280,0.00013976875343360006,0.00012639816632145084,1.3370586930250284e-05,1.213935375213623,1.2558631896972656,1.2546138763427734,-0.09624630212783813,0.015635501593351364,0.012303902767598629
281,0.0001397003565216437,0.00012618088003364393,1.3519477033696602e-05,1.2136321067810059,1.2559285163879395,1.254636526107788,-0.09705715626478195,0.015809766948223114,0.012364378198981285
282,0.00013828303926857188,0.00012599403635249473,1.2289004007470795e-05,1.2133994102478027,1.2559924125671387,1.2546582221984863,-0.09767930954694748,0.015980135649442673,0.012422176077961922
283,0.0001388761345879175,0.00012605443989741616,1.2821695327147608e-05,1.213165521621704,1.2560534477233887,1.2546879053115845,-0.09830436110496521,0.01614266447722912,0.01250118762254715
284,0.0001435469588614069,0.00012621284404303878,1.7334114409095493e-05,1.2128369808197021,1.2561230659484863,1.2547402381896973,-0.09918276220560074,0.01632830873131752,0.012640714645385742
285,0.0001402904323185794,0.00012619365152204408,1.40967822062521e-05,1.2125844955444336,1.2561986446380615,1.2547848224639893,-0.09985756129026413,0.016530076041817665,0.012759878300130367
286,0.00013789705990348012,0.0001265114413399715,1.1385618108761264e-05,1.212307095527649,1.2562494277954102,1.2547552585601807,-0.10059913992881775,0.01666555367410183,0.012680872343480587
287,0.00013642605772474782,0.00012668601702898742,9.740040695760399e-06,1.2119743824005127,1.2563023567199707,1.254751205444336,-0.10148851573467255,0.01680661365389824,0.012670084834098816
288,0.00013520298889488914,0.00012632213984034024,8.880848645276273e-06,1.2116836309432983,1.2563550472259521,1.2547547817230225,-0.1022660955786705,0.016947202384471893,0.012679698877036572
289,0.00013456237575155684,0.00012585173135448713,8.710645761311753e-06,1.2114676237106323,1.2564116716384888,1.2547663450241089,-0.10284344851970673,0.01709810458123684,0.012710588052868843
290,0.00013725828102906235,0.00012619289773283527,1.1065382977903937e-05,1.2112340927124023,1.2564669847488403,1.2547858953475952,-0.10346776247024536,0.01724587380886078,0.012762579135596752
291,0.00013447509190882555,0.00012604349321918563,8.4315993490236e-06,1.2110320329666138,1.256514072418213,1.254784107208252,-0.10400813817977905,0.017371099442243576,0.012757784686982632
292,0.00013486459793057292,0.0001261203273315914,8.744272099647787e-06,1.2108217477798462,1.2565664052963257,1.2547961473464966,-0.10457071661949158,0.017510980367660522,0.01278976071625948
293,0.00013625522260554134,0.00012608451943378894,1.0170703603762377e-05,1.210587501525879,1.2566245794296265,1.2548084259033203,-0.10519690066576004,0.017666127532720566,0.012822754681110382
294,0.00013816642676829362,0.00012631719291675836,1.184923371511104e-05,1.2102596759796143,1.2566864490509033,1.2548142671585083,-0.10607349872589111,0.01783105544745922,0.012838358990848064
295,0.00014038266308489256,0.00012630460187210702,1.4078061394684482e-05,1.210000991821289,1.256748080253601,1.254822015762329,-0.10676553845405579,0.017995335161685944,0.012858700938522816
296,0.00013997723581269384,0.00012622358044609428,1.3753654684478533e-05,1.2098045349121094,1.2568068504333496,1.2548322677612305,-0.10729072242975235,0.018152089789509773,0.012886332347989082
297,0.00014192885428201407,0.00012593869032571093,1.599016404725262e-05,1.2096011638641357,1.2568596601486206,1.2548604011535645,-0.10783439874649048,0.018293004482984543,0.012961382046341896
298,0.00014201691301423124,0.00012589818943524732,1.6118722305691337e-05,1.2093647718429565,1.2569175958633423,1.2548949718475342,-0.10846692323684692,0.018447402864694595,0.013053522445261478
299,0.00013692207940039225,0.00012605064985109492,1.087142943561048e-05,1.2091858386993408,1.2569811344146729,1.2549307346343994,-0.10894544422626495,0.018616952002048492,0.013148987665772438
300,0.00013466193340718746,0.00012577826564665883,8.883666305337102e-06,1.2090017795562744,1.257037878036499,1.2549388408660889,-0.1094379648566246,0.018768295645713806,0.013170471414923668
301,0.00013219006796134637,0.00012568081510835327,6.509253512376745e-06,1.2088415622711182,1.2570922374725342,1.2549463510513306,-0.10986639559268951,0.018913114443421364,0.01319065224379301
302,0.00013278149272082372,0.0001255729170225095,7.208575175354781e-06,1.2086089849472046,1.2571467161178589,1.2549570798873901,-0.1104883998632431,0.019058454781770706,0.013218969106674194
303,0.00013403814373305067,0.00012567217017931399,8.365972553292522e-06,1.2083418369293213,1.2572028636932373,1.2549694776535034,-0.11120299994945526,0.01920820213854313,0.013252252712845802
304,0.00013289101916598157,0.00012537883303593845,7.512186243729957e-06,1.2081317901611328,1.2572522163391113,1.2549808025360107,-0.11176492273807526,0.019339893013238907,0.01328239869326353
305,0.00013478269756888038,0.00012564637363539078,9.136323910752253e-06,1.207923412322998,1.2572996616363525,1.2549872398376465,-0.11232234537601471,0.019466513767838478,0.013299601152539253
306,0.00013384254198172129,0.00012566013974719682,8.182401643352932e-06,1.2076480388641357,1.257352590560913,1.254995346069336,-0.11305897682905197,0.019607819616794586,0.01332107838243246
307,0.00013511709112208338,0.00012569046812132,9.426621613783936e-06,1.207358479499817,1.2574083805084229,1.2550034523010254,-0.113833487033844,0.019756237044930458,0.013342594727873802
308,0.00013307255867403,0.00012543777193059215,7.634786084054212e-06,1.2070473432540894,1.2574613094329834,1.2550066709518433,-0.1146659106016159,0.01989755965769291,0.013351470232009888
309,0.00013234214784461074,0.00012567002631840295,6.672121526207775e-06,1.206833004951477,1.2575128078460693,1.255001187324524,-0.1152394562959671,0.020034736022353172,0.013336566276848316
310,0.00013124437973601743,0.00012576660374179481,5.477775744111568e-06,1.2065638303756714,1.2575650215148926,1.2550016641616821,-0.11595971137285233,0.02017396315932274,0.013337979093194008
311,0.00013201029505580664,0.00012545104327728042,6.5592525288593604e-06,1.2063031196594238,1.2576195001602173,1.2550073862075806,-0.11665716022253036,0.020319320261478424,0.013353515416383743
312,0.00013515118916984648,0.00012585201329784468,9.299175690102857e-06,1.2059886455535889,1.257683277130127,1.255019187927246,-0.11749860644340515,0.020489437505602837,0.013384925201535225
313,0.00014128383845672942,0.00012571275074151344,1.557108853376121e-05,1.2057021856307983,1.257748007774353,1.255040168762207,-0.11826538294553757,0.02066197246313095,0.01344067882746458
314,0.00014835421461611986,0.00012586354350787587,2.249067129014293e-05,1.2054412364959717,1.257825493812561,1.2550967931747437,-0.11896365135908127,0.020868893712759018,0.01359175518155098
315,0.00015229474593070336,0.00012573921121656896,2.655553294061974e-05,1.2052414417266846,1.257887363433838,1.2551259994506836,-0.11949819326400757,0.02103348821401596,0.013669676147401333
316,0.00015632584036211482,0.00012561953117256052,3.070630855290801e-05,1.2049808502197266,1.2579528093338013,1.2551536560058594,-0.12019553780555725,0.021208342164754868,0.013743429444730282
317,0.0001514547948318068,0.00012556298897834495,2.5891806126310256e-05,1.204746961593628,1.2580182552337646,1.2552012205123901,-0.12082166224718094,0.021382538601756096,0.013870147056877613
318,0.00014342269350891,0.0001253411202924326,1.8081574353345786e-05,1.2045929431915283,1.2580857276916504,1.2553423643112183,-0.12123385071754456,0.021562989801168442,0.014246432110667229
319,0.00013756766129517927,0.00012542457552626728,1.2143086655669321e-05,1.2043914794921875,1.2581427097320557,1.2554185390472412,-0.12177292257547379,0.021714653819799423,0.01444956287741661
320,0.00013450620172079654,0.00012555118228192442,8.955020371104183e-06,1.204145908355713,1.2581990957260132,1.2554409503936768,-0.12243039160966873,0.02186509594321251,0.014509602449834347
321,0.00013280714629217982,0.00012553026681416668,7.276878750417381e-06,1.2039252519607544,1.2582565546035767,1.2554574012756348,-0.12302078306674957,0.0220183152705431,0.014553301967680454
322,0.0001338714617304504,0.0001255555180250667,8.315944046444202e-06,1.2037174701690674,1.2583107948303223,1.2554657459259033,-0.1235770434141159,0.022162888199090958,0.014575766399502754
323,0.00013693210057681427,0.00012554490604088642,1.1387196218493046e-05,1.2034928798675537,1.2583674192428589,1.2554750442504883,-0.12417846918106079,0.022313907742500305,0.014600343070924282
324,0.00013901630591135473,0.00012560613904497587,1.3410166138783097e-05,1.2032923698425293,1.2584240436553955,1.2554776668548584,-0.12471513450145721,0.022464849054813385,0.014607400633394718
325,0.00013802261964883654,0.00012526703721960075,1.2755582019963185e-05,1.203130841255188,1.2584846019744873,1.2554943561553955,-0.12514741718769073,0.022626657038927078,0.01465197466313839
326,0.00014216660929378122,0.0001254080852959305,1.675852204243711e-05,1.202978491783142,1.2585445642471313,1.2555235624313354,-0.1255556344985962,0.022786293178796768,0.014729717746376991
327,0.00014077558807912283,0.00012538352748379112,1.5392061095553798e-05,1.2027435302734375,1.258599042892456,1.2555559873580933,-0.12618456780910492,0.022931775078177452,0.014816475100815296
328,0.00013726818287977948,0.00012547912483569236,1.1789058453359757e-05,1.2024770975112915,1.2586544752120972,1.255603313446045,-0.12689779698848724,0.023079682141542435,0.014942478388547897
329,0.0001346524244581815,0.00012531080792541616,9.341617101199517e-06,1.2021197080612183,1.258711576461792,1.2556204795837402,-0.12785480916500092,0.023232048377394676,0.014988208189606667
330,0.0001367433367704507,0.00012585200602188706,1.0891332772189344e-05,1.2018247842788696,1.2587693929672241,1.2556324005126953,-0.1286444216966629,0.023385988548398018,0.015020009130239487
331,0.00013956428665551357,0.00012563371055875904,1.3930576551501872e-05,1.2016026973724365,1.2588367462158203,1.2556486129760742,-0.12923899292945862,0.023565849289298058,0.01506323553621769
332,0.0001403756541549228,0.0001257696800166741,1.4605974729420269e-05,1.2013707160949707,1.258899211883545,1.2556564807891846,-0.12986060976982117,0.02373231016099453,0.015084128826856613
333,0.00014326185555546544,0.0001254448652616702,1.7816989020502662e-05,1.2011692523956299,1.2589553594589233,1.2556607723236084,-0.13039961457252502,0.023882035166025162,0.015095822513103485
334,0.00014970061456551776,0.0001260448079847265,2.3655807854083833e-05,1.2010366916656494,1.259021282196045,1.2556570768356323,-0.1307545155286789,0.02405819110572338,0.015085631050169468
335,0.0001444749184884131,0.0001256998089957051,1.877511049315217e-05,1.2009445428848267,1.2590748071670532,1.255595088005066,-0.1310015320777893,0.024200819432735443,0.014920511282980442
336,0.00013765613257419319,0.00012527530670922716,1.2380825501168146e-05,1.2007498741149902,1.2591321468353271,1.2555885314941406,-0.13152290880680084,0.02435356192290783,0.014903131872415543
337,0.00013302171064424328,0.00012543489137897267,7.586818105664861e-06,1.2005400657653809,1.2591859102249146,1.2555989027023315,-0.13208486139774323,0.02449716627597809,0.014930804260075092
338,0.0001320443996519316,0.00012543690645543392,6.607493037336098e-06,1.2002992630004883,1.259238600730896,1.2556066513061523,-0.1327298879623413,0.024637674912810326,0.014951187185943127
339,0.00013164123665774242,0.00012551517975225578,6.1260565871634755e-06,1.2000459432601929,1.2592930793762207,1.255611538887024,-0.13340812921524048,0.024783015251159668,0.014964270405471325
340,0.0001334777698502876,0.0001256192997971084,7.85847189490596e-06,1.199813961982727,1.2593482732772827,1.2556182146072388,-0.13402996957302094,0.024930045008659363,0.01498228870332241
341,0.00013372037283261308,0.00012541648175101727,8.303893037009402e-06,1.1996331214904785,1.259405255317688,1.255623459815979,-0.13451433181762695,0.025082102045416832,0.014996045269072056
342,0.00013508761403500103,0.00012622477152035572,8.862843719725788e-06,1.199446439743042,1.2594645023345947,1.255629301071167,-0.13501425087451935,0.02523999847471714,0.01501188799738884
343,0.00013783517642877995,0.00012656208346015774,1.12730924229254e-05,1.1992288827896118,1.2595305442810059,1.25564444065094,-0.13559703528881073,0.02541603520512581,0.015051975846290588
344,0.00013588188812718727,0.0001263839381863363,9.497949190517829e-06,1.199033260345459,1.2595913410186768,1.255648136138916,-0.13612128794193268,0.02557806670665741,0.015061888843774796
345,0.0001363860683341045,0.00012644626476685517,9.939802612279892e-06,1.198787808418274,1.2596423625946045,1.255660057067871,-0.1367788165807724,0.025714272633194923,0.015093550086021423
346,0.0001388654185575433,0.00012638638654607348,1.2479032557166648e-05,1.1985472440719604,1.2596956491470337,1.2556458711624146,-0.13742312788963318,0.02585647813975811,0.015055793337523937
347,0.00014055485225981102,0.00012585424337885343,1.4700609654028085e-05,1.1983426809310913,1.25975501537323,1.2556558847427368,-0.1379712074995041,0.026014816015958786,0.015082629397511482
348,0.0001367167387797963,0.00012577911402331666,1.0937624892903841e-05,1.1981542110443115,1.2598097324371338,1.255662441253662,-0.13847616314888,0.026160679757595062,0.015100240707397461
349,0.0001340650604106486,0.00012594412255566566,8.120939219224965e-06,1.1979364156723022,1.2598671913146973,1.25565505027771,-0.13905976712703705,0.026313962414860725,0.015080620534718037
350,0.0001345815384411253,0.00012594453728524967,8.637001201350358e-06,1.1977227926254272,1.2599327564239502,1.2556629180908203,-0.13963228464126587,0.02648882009088993,0.015101100318133831
351,0.00013115451511112042,0.0001251451343705412,6.009381127114466e-06,1.1974987983703613,1.259993553161621,1.255670428276062,-0.14023271203041077,0.02665111795067787,0.015121472999453545
352,0.00013108381172060034,0.00012534818088170142,5.7356321121915245e-06,1.197326421737671,1.2600504159927368,1.255676507949829,-0.14069421589374542,0.02680273912847042,0.015137539245188236
353,0.0001304880599491298,0.00012521007483883294,5.2779831776206265e-06,1.1971601247787476,1.2601053714752197,1.2556836605072021,-0.14114007353782654,0.026948973536491394,0.015156776644289494
354,0.0001297295166295953,0.00012508237341535278,4.647143214242533e-06,1.1969900131225586,1.2601618766784668,1.2556874752044678,-0.14159591495990753,0.027099821716547012,0.015166937373578548
355,0.00012966646827408112,0.00012512749963207171,4.538969585610176e-06,1.1968079805374146,1.2602208852767944,1.2556918859481812,-0.1420840322971344,0.027257462963461876,0.015178728848695755
356,0.00013021058475715108,0.00012553373417176772,4.676849107454472e-06,1.1965969800949097,1.2602763175964355,1.2556959390640259,-0.14264971017837524,0.02740531601011753,0.015189449302852154
357,0.00013172274120734073,0.00012555427565530408,6.168466279632412e-06,1.1963253021240234,1.2603384256362915,1.2556986808776855,-0.14337757229804993,0.027570756152272224,0.015196697786450386
358,0.0001323686221439857,0.00012545279823825695,6.915822973496688e-06,1.1960986852645874,1.260401725769043,1.2557029724121094,-0.14398518204689026,0.027740083634853363,0.015208314172923565
359,0.00013160694361431525,0.00012537945513031447,6.2274879610413335e-06,1.1959178447723389,1.2604609727859497,1.2557082176208496,-0.1444699913263321,0.027897562831640244,0.015222081914544106
360,0.00013300178179633803,0.00012502292229328306,7.978858798196598e-06,1.1956795454025269,1.2605215311050415,1.2557165622711182,-0.14510852098464966,0.028059259057044983,0.015244272537529469
361,0.0001361015805741772,0.00012544978671940042,1.0651795037119882e-05,1.1954090595245361,1.2605851888656616,1.2557260990142822,-0.14583370089530945,0.028228824958205223,0.015270001254975796
362,0.0001396828614815604,0.00012504874757723883,1.4634113540523686e-05,1.1950815916061401,1.2606585025787354,1.2557486295700073,-0.14671163260936737,0.028424525633454323,0.015329924412071705
363,0.00014086095543461852,0.00012496795097831636,1.5893005547695792e-05,1.1948586702346802,1.2607319355010986,1.2557693719863892,-0.14730925858020782,0.0286205243319273,0.015385188162326813
364,0.00014562789001502097,0.00012548746017273515,2.014043152485101e-05,1.1946666240692139,1.2607998847961426,1.2557768821716309,-0.1478240191936493,0.02880166843533516,0.015405260026454926
365,0.00014716643781866878,0.00012559734168462455,2.1569097043538932e-05,1.1944341659545898,1.2608764171600342,1.255800724029541,-0.14844755828380585,0.029005685821175575,0.015468868426978588
366,0.00014593977248296143,0.00012547216610983014,2.046760641860601e-05,1.194165587425232,1.2609602212905884,1.2558313608169556,-0.14916765689849854,0.029229402542114258,0.0155505845323205
367,0.0001419806809280999,0.0001259131262486335,1.606755422471906e-05,1.1939747333526611,1.2610234022140503,1.2558335065841675,-0.14967961609363556,0.02939782105386257,0.015556437894701958
368,0.00013854080971213988,0.00012523238256108017,1.3308426059666089e-05,1.1937980651855469,1.26108980178833,1.255872130393982,-0.150153249502182,0.02957489900290966,0.015659527853131294
369,0.00013424327262328005,0.0001249517241376452,9.29154773530172e-06,1.1936116218566895,1.2611523866653442,1.2558919191360474,-0.1506531685590744,0.029741819947957993,0.015712112188339233
370,0.00013284770539030434,0.00012494771581259557,7.899990691839776e-06,1.1933413743972778,1.2612160444259644,1.2559032440185547,-0.15137794613838196,0.029911549761891365,0.015741989016532898
371,0.0001309574035985861,0.00012494979237089864,6.00760972702119e-06,1.1930009126663208,1.261277437210083,1.2559086084365845,-0.15229135751724243,0.03007543459534645,0.015756577253341675
372,0.00013097291885060257,0.0001247605494427262,6.212369271452189e-06,1.1925400495529175,1.2613435983657837,1.2559128999710083,-0.15352748334407806,0.030252045020461082,0.01576821133494377
373,0.00013178019507904538,0.00012501632700150366,6.763867986592231e-06,1.1920852661132812,1.2614092826843262,1.2559133768081665,-0.15474745631217957,0.03042684867978096,0.015769347548484802
374,0.0001320418239629362,0.00012488489228417164,7.156932065299771e-06,1.1917088031768799,1.2614755630493164,1.2559164762496948,-0.15575727820396423,0.03060399554669857,0.015777794644236565
375,0.00013242695131339134,0.00012493862086557784,7.488328310500947e-06,1.1914308071136475,1.2615408897399902,1.2559243440628052,-0.1565031111240387,0.030778206884860992,0.015798714011907578
376,0.00013227356757852248,0.00012496697236201725,7.306594829969981e-06,1.1912193298339844,1.2616063356399536,1.255927562713623,-0.15707072615623474,0.03095276653766632,0.015807056799530983
377,0.00013324374667718076,0.00012495861665229313,8.28513022952393e-06,1.1908997297286987,1.2616759538650513,1.2559362649917603,-0.15792815387248993,0.031138166785240173,0.015830280259251595
378,0.0001339264417765662,0.00012478900243877432,9.137439087680832e-06,1.1906195878982544,1.261744737625122,1.2559548616409302,-0.15868009626865387,0.03132198005914688,0.015879984945058823
379,0.00013187149888835848,0.00012525678757810966,6.614709786845197e-06,1.1903750896453857,1.261808156967163,1.2559661865234375,-0.15933598577976227,0.031490959227085114,0.01591022126376629
380,0.00013198765518609434,0.00012631476347451097,5.672891870744934e-06,1.1901196241378784,1.261869192123413,1.255972146987915,-0.1600215882062912,0.031653981655836105,0.015926046296954155
381,0.00013055161689408125,0.00012601464986801149,4.536968776847061e-06,1.1898683309555054,1.2619290351867676,1.2559762001037598,-0.160695880651474,0.03181339055299759,0.015936629846692085
382,0.000130936751520494,0.00012620890338439495,4.727848067886953e-06,1.1895806789398193,1.2619831562042236,1.255977988243103,-0.16146813333034515,0.03195802494883537,0.015941612422466278
383,0.0001302201155340299,0.00012572008236020338,4.500033924159652e-06,1.1892952919006348,1.262046456336975,1.2559807300567627,-0.16223421692848206,0.032126497477293015,0.01594896987080574
384,0.00012947221694048494,0.00012525699930847621,4.215217768432922e-06,1.189052939414978,1.2621055841445923,1.2559814453125,-0.1628844290971756,0.03228436037898064,0.015950744971632957
385,0.00012906977281090803,0.00012515356756921393,3.9162051734820125e-06,1.1888096332550049,1.2621639966964722,1.2559819221496582,-0.16353805363178253,0.03244025260210037,0.01595204323530197
386,0.00012886977347079665,0.00012526215286925435,3.607619373724447e-06,1.1885905265808105,1.2622240781784058,1.2559828758239746,-0.1641262173652649,0.03260047361254692,0.01595465838909149
387,0.0001295698108151555,0.00012574792344821617,3.8218866393435745e-06,1.1883231401443481,1.2622836828231812,1.2559840679168701,-0.16484393179416656,0.03275945410132408,0.015958024188876152
388,0.00012992002957616932,0.0001257343952602241,4.185635896192253e-06,1.1879780292510986,1.2623426914215088,1.2559840679168701,-0.1657705008983612,0.03291672095656395,0.0159579087048769
389,0.00013018373865634203,0.0001255635746929329,4.620164963853312e-06,1.1875996589660645,1.2624067068099976,1.255985975265503,-0.16678640246391296,0.03308761864900589,0.015962963923811913
390,0.00012990071409149095,0.00012524116173153743,4.659551996155642e-06,1.1872327327728271,1.2624738216400146,1.2559900283813477,-0.16777168214321136,0.03326646238565445,0.015973754227161407
391,0.00012971696341992355,0.0001252469406608725,4.470022940950003e-06,1.1868646144866943,1.2625375986099243,1.255993366241455,-0.1687605232000351,0.03343690559267998,0.015982508659362793
392,0.0001309002771449741,0.00012542254189611412,5.477735749082058e-06,1.186452865600586,1.262603521347046,1.2560012340545654,-0.16986621916294098,0.03361252695322037,0.01600370556116104
393,0.00013337229247554206,0.00012569750324473717,7.674789458178566e-06,1.1860969066619873,1.2626748085021973,1.2560126781463623,-0.1708223968744278,0.033802956342697144,0.016033906489610672
394,0.00013391919201239945,0.00012530517087725457,8.614021180619601e-06,1.1858240365982056,1.2627508640289307,1.2560198307037354,-0.17155557870864868,0.03400551527738571,0.01605299860239029
395,0.00013437736488413065,0.00012522780561994296,9.149560082732932e-06,1.1855863332748413,1.2628200054168701,1.2560229301452637,-0.17219403386116028,0.034189868718385696,0.016061319038271904
396,0.00013395110945566558,0.00012544654673547485,8.50456174248393e-06,1.1853257417678833,1.2628905773162842,1.2560309171676636,-0.17289401590824127,0.03437807783484459,0.016082750633358955
397,0.00013291272334754468,0.00012564633507281542,7.266387410709285e-06,1.184894323348999,1.262961506843567,1.2560293674468994,-0.17405320703983307,0.034567445516586304,0.016078609973192215
398,0.00013192411497584545,0.0001253086178621743,6.615498523387941e-06,1.1845325231552124,1.2630321979522705,1.2560334205627441,-0.17502544820308685,0.03475577011704445,0.016089092940092087
399,0.0001324103846854996,0.00012521070966613478,7.199676451818959e-06,1.184242844581604,1.2631012201309204,1.2560405731201172,-0.17580363154411316,0.034940123558044434,0.01610865630209446
400,0.00013468669276335278,0.0001251654510269873,9.521242009213893e-06,1.1839697360992432,1.263184666633606,1.2560625076293945,-0.17653781175613403,0.03516267612576485,0.01616695150732994
401,0.00013780021035927347,0.00012537539150798694,1.242481816916552e-05,1.18374502658844,1.2632609605789185,1.256086826324463,-0.1771416813135147,0.03536622226238251,0.016231941059231758
402,0.0001370300211419817,0.00012565199795062655,1.1378022372809938e-05,1.1835508346557617,1.263329267501831,1.256101369857788,-0.17766369879245758,0.03554854169487953,0.016270481050014496
403,0.00013930646309745498,0.00012586690136231481,1.3439560461847577e-05,1.1833198070526123,1.263403296470642,1.2561085224151611,-0.17828477919101715,0.03574579209089279,0.016289761289954185
404,0.00014593101222999395,0.0001257159914530348,2.021502159550437e-05,1.1831252574920654,1.2634789943695068,1.2561328411102295,-0.17880719900131226,0.035947903990745544,0.016354741528630257
405,0.00014522194469464013,0.00012537024231278336,1.9851700926665217e-05,1.182943344116211,1.2635488510131836,1.2561283111572266,-0.1792965978384018,0.03613412380218506,0.01634250208735466
406,0.00014009534643264488,0.00012530864041764288,1.4786706697123008e-05,1.1827161312103271,1.2636268138885498,1.256136178970337,-0.17990750074386597,0.03634205088019371,0.01636352576315403
407,0.00014188088171067647,0.00012593234168889467,1.5948541295074393e-05,1.1824276447296143,1.2637007236480713,1.256155252456665,-0.18068283796310425,0.03653945401310921,0.016414441168308258
408,0.00013900491467211396,0.00012590449914569036,1.31004162994941e-05,1.182242512702942,1.2637763023376465,1.25618314743042,-0.18118083477020264,0.036741048097610474,0.01648879423737526
409,0.0001388723416312132,0.0001268103558686562,1.206198598993069e-05,1.1820452213287354,1.263840675354004,1.256195306777954,-0.18171091377735138,0.03691261634230614,0.01652096025645733
410,0.0001355150860035792,0.00012650917415157892,9.0059114882024e-06,1.1817759275436401,1.2639092206954956,1.256198525428772,-0.18243514001369476,0.0370955690741539,0.016529645770788193
411,0.00013328445274964906,0.00012581048722495324,7.473966070392634e-06,1.1814690828323364,1.2639853954315186,1.2562148571014404,-0.18326039612293243,0.0372987799346447,0.016573354601860046
412,0.00013205879949964582,0.0001259081833268283,6.150616513878049e-06,1.181211233139038,1.264052152633667,1.2562222480773926,-0.18395352363586426,0.03747657686471939,0.016592735424637794
413,0.00013059088814770803,0.0001255166636838112,5.07422525970469e-06,1.1810240745544434,1.2641164064407349,1.256225347518921,-0.18445685505867004,0.03764808550477028,0.01660161279141903
414,0.00012998875317862257,0.00012526124446594623,4.72750782591902e-06,1.1808192729949951,1.264178991317749,1.2562304735183716,-0.18500803411006927,0.037814926356077194,0.016615159809589386
415,0.00013039732148172333,0.00012550727042253128,4.890051741313073e-06,1.1805832386016846,1.2642430067062378,1.2562339305877686,-0.18564283847808838,0.03798586502671242,0.01662394218146801
416,0.00013017597448197193,0.00012534214693005197,4.833828347727831e-06,1.1803479194641113,1.2643146514892578,1.2562330961227417,-0.1862756758928299,0.03817696124315262,0.01662190444767475
417,0.00013024668078287505,0.0001251464600500185,5.10022102844232e-06,1.180083155632019,1.2643814086914062,1.2562319040298462,-0.18698780238628387,0.03835522010922432,0.01661905087530613
418,0.00012998244710615836,0.0001250200151844183,4.962431466992711e-06,1.179858684539795,1.2644500732421875,1.2562353610992432,-0.18759186565876007,0.038538411259651184,0.016628121957182884
419,0.0001298135488468688,0.00012489168220781722,4.921865797768987e-06,1.1796526908874512,1.2645150423049927,1.2562395334243774,-0.1881457269191742,0.03871159628033638,0.01663915067911148
420,0.00012991504845558666,0.0001246012485353276,5.3138005114306e-06,1.1793711185455322,1.2645812034606934,1.256242275238037,-0.18890371918678284,0.0388881079852581,0.016646580770611763
421,0.00012941045861225575,0.00012485346378525718,4.556995043003553e-06,1.1791058778762817,1.264647126197815,1.2562425136566162,-0.1896170675754547,0.03906386345624924,0.01664735935628414
422,0.00012882153532700613,0.00012488427746575325,3.937256269637146e-06,1.1788463592529297,1.2647143602371216,1.256239652633667,-0.19031549990177155,0.03924316167831421,0.01663961634039879
423,0.00012852930594817736,0.00012471435547922738,3.814951980984915e-06,1.178571105003357,1.2647831439971924,1.2562379837036133,-0.1910562366247177,0.03942689672112465,0.01663503423333168
424,0.00012863519732491112,0.00012485179322538898,3.7834052363905356e-06,1.178287148475647,1.2648485898971558,1.2562347650527954,-0.19182026386260986,0.03960160166025162,0.016626611351966858
425,0.00012807619568775409,0.00012455435571609997,3.521839130371518e-06,1.1780431270599365,1.2649078369140625,1.2562329769134521,-0.19247710704803467,0.03975962474942207,0.016621416434645653
426,0.00013036532182013615,0.00012586272496264427,4.502595220401417e-06,1.1777400970458984,1.2649768590927124,1.2562326192855835,-0.1932927370071411,0.03994346782565117,0.01662076637148857
427,0.00013096502079861238,0.0001261993282241747,4.765692960972956e-06,1.177431583404541,1.2650492191314697,1.2562319040298462,-0.19412298500537872,0.04013681784272194,0.016618981957435608
428,0.00013098564595566132,0.00012615286905202084,4.8327776312362404e-06,1.1771411895751953,1.265121340751648,1.2562308311462402,-0.19490475952625275,0.04032880440354347,0.016615936532616615
429,0.00013083556113997475,0.00012540870666271075,5.4268545227387225e-06,1.176802158355713,1.2651939392089844,1.256230354309082,-0.19581753015518188,0.040522992610931396,0.016614843159914017
430,0.00013360423399717548,0.00012552262742246967,8.081606370069495e-06,1.1764172315597534,1.2652738094329834,1.2562382221221924,-0.19685399532318115,0.04073544964194298,0.016635345295071602
431,0.00013357245916267857,0.0001251347450306639,8.437714473075176e-06,1.1759638786315918,1.2653617858886719,1.2562453746795654,-0.1980745792388916,0.040970515459775925,0.016654832288622856
432,0.0001315873429120984,0.00012478129428927787,6.80604784975003e-06,1.1756267547607422,1.2654390335083008,1.2562531232833862,-0.19898246228694916,0.041176438331604004,0.01667543686926365
433,0.00013068892585579305,0.00012455953401513398,6.129391726972244e-06,1.1753263473510742,1.265504240989685,1.2562553882598877,-0.1997915804386139,0.0413505919277668,0.016681332141160965
434,0.00013121541633154266,0.00012505839913501404,6.157016150609706e-06,1.1750402450561523,1.2655811309814453,1.2562637329101562,-0.20056220889091492,0.041555676609277725,0.016703641042113304
435,0.0001307869541051332,0.0001248254113306757,5.9615434111037756e-06,1.1747350692749023,1.265653371810913,1.2562655210494995,-0.20138432085514069,0.04174850881099701,0.016708331182599068
436,0.00013169916201150045,0.00012482188758440317,6.877275382066728e-06,1.1744767427444458,1.2657231092453003,1.256270170211792,-0.20208030939102173,0.041934508830308914,0.016720816493034363
437,0.00013273850781843067,0.00012514842092059553,7.590086875097768e-06,1.174248218536377,1.2657959461212158,1.2562795877456665,-0.20269587635993958,0.042128704488277435,0.016745900735259056
438,0.00013335230250959284,0.00012490656154113823,8.445741286777775e-06,1.1740086078643799,1.2658660411834717,1.2562816143035889,-0.20334117114543915,0.04231603071093559,0.01675107330083847
439,0.00013542528977268377,0.00012479417055146768,1.0631119721438154e-05,1.1737451553344727,1.2659403085708618,1.2562592029571533,-0.20405137538909912,0.04251379147171974,0.016691584140062332
440,0.00013267680114950053,0.00012479877550504171,7.878024712226761e-06,1.1734496355056763,1.2660105228424072,1.2562615871429443,-0.2048475742340088,0.04270118474960327,0.016697751358151436
441,0.0001307184160395991,0.00012474460163502954,5.973816064397397e-06,1.173187017440796,1.2660760879516602,1.256263017654419,-0.20555523037910461,0.04287610948085785,0.016701750457286835
442,0.0001296314374485519,0.0001245934865437448,5.037952587372274e-06,1.1729353666305542,1.2661447525024414,1.256263017654419,-0.20623353123664856,0.04305927827954292,0.01670156605541706
443,0.00012941485038027168,0.00012447738045011646,4.937470362165186e-06,1.1726974248886108,1.2662183046340942,1.25626540184021,-0.20687490701675415,0.04325568303465843,0.01670820638537407
444,0.00013003181011299602,0.00012469244538806378,5.3393646112454e-06,1.1724252700805664,1.26629638671875,1.2562665939331055,-0.2076082080602646,0.04346389323472977,0.016711115837097168
445,0.00013008428868488409,0.00012451193360902836,5.572354166361038e-06,1.1722185611724854,1.2663700580596924,1.2562708854675293,-0.2081657201051712,0.0436604768037796,0.01672251708805561
446,0.00013055853050900624,0.00012454844509193208,6.010084439367347e-06,1.1720094680786133,1.2664453983306885,1.2562735080718994,-0.20872914791107178,0.043861161917448044,0.01672966219484806
447,0.00013078049523755907,0.00012485528495744802,5.925210825807881e-06,1.1717641353607178,1.2665252685546875,1.2562788724899292,-0.20939087867736816,0.04407453536987305,0.016743984073400497
448,0.0001303622339037247,0.00012489625696616714,5.465978188112786e-06,1.1715116500854492,1.2666069269180298,1.2562814950942993,-0.21007126569747925,0.04429241642355919,0.01675078459084034
449,0.00012910579680465163,0.0001246433865162544,4.46240813971599e-06,1.171281099319458,1.2666809558868408,1.256282091140747,-0.21069307625293732,0.04448992758989334,0.01675266958773136
450,0.00012846886456827634,0.00012441388316801748,4.0549797176936405e-06,1.1710673570632935,1.266747236251831,1.2562839984893799,-0.2112695723772049,0.04466664046049118,0.016757924109697342
451,0.00012933325488120317,0.000124373324069893,4.959930674885982e-06,1.1707592010498047,1.26681649684906,1.2562850713729858,-0.21210050582885742,0.04485132917761803,0.016760481521487236
452,0.00012995626821066253,0.00012444241874618456,5.51384994196269e-06,1.170465111732483,1.266885757446289,1.2562894821166992,-0.21289348602294922,0.045036204159259796,0.016772106289863586
453,0.00013115727124386468,0.00012484336257330143,6.313909671007422e-06,1.170233964920044,1.2669552564620972,1.2562984228134155,-0.21351663768291473,0.04522174969315529,0.01679615117609501
454,0.00013282821964821778,0.00012518538751464802,7.642832224519225e-06,1.1700117588043213,1.2670336961746216,1.2563093900680542,-0.21411634981632233,0.0454312227666378,0.016825301572680473
455,0.00013188102602725848,0.00012507251667557285,6.808511034250841e-06,1.1697732210159302,1.2671048641204834,1.256326675415039,-0.21475951373577118,0.04562103748321533,0.01687169447541237
456,0.00013198281158111058,0.00012554049681057222,6.442316362154088e-06,1.1694977283477783,1.2671818733215332,1.2563283443450928,-0.2155030071735382,0.04582633078098297,0.016876013949513435
457,0.00013080273347441108,0.00012561537187139038,5.187362330616452e-06,1.1692166328430176,1.2672481536865234,1.256333351135254,-0.21626143157482147,0.04600316658616066,0.016889311373233795
458,0.00013062437501503154,0.0001261713623534888,4.453012070371187e-06,1.1690003871917725,1.2673100233078003,1.2563352584838867,-0.21684469282627106,0.04616808518767357,0.016894197091460228
459,0.0001306531674345024,0.00012609476398210971,4.558403543342138e-06,1.1687082052230835,1.2673723697662354,1.2563353776931763,-0.21763291954994202,0.046334411948919296,0.01689460314810276
460,0.00013092824447085149,0.00012626333264051937,4.664913421947858e-06,1.1684116125106812,1.26743745803833,1.2563374042510986,-0.21843333542346954,0.04650827497243881,0.01689997874200344
461,0.00013212036719778553,0.0001263836893485859,5.736678645007487e-06,1.1681272983551025,1.267509937286377,1.2563369274139404,-0.21920067071914673,0.04670189693570137,0.016898958012461662
462,0.00013214956998126582,0.00012728724905173295,4.862320952270238e-06,1.1677920818328857,1.2675825357437134,1.2563347816467285,-0.22010555863380432,0.04689531773328781,0.01689300686120987
463,0.0001323706965195015,0.00012748037406709045,4.890322929895774e-06,1.1675294637680054,1.2676414251327515,1.2563340663909912,-0.22081440687179565,0.04705236107110977,0.016891194507479668
464,0.0001336127483227756,0.00012787700034095907,5.735748277402308e-06,1.1672296524047852,1.267709493637085,1.2563331127166748,-0.2216237336397171,0.047234129160642624,0.01688847318291664
465,0.000131766948470613,0.00012735701675410384,4.4099333990743615e-06,1.1669964790344238,1.2677733898162842,1.2563327550888062,-0.2222532331943512,0.04740466922521591,0.01688784547150135
466,0.00013181263784645125,0.0001272167748538777,4.595862731093803e-06,1.166771411895752,1.2678356170654297,1.2563341856002808,-0.22286070883274078,0.047570452094078064,0.016891688108444214
467,0.00013164074043743313,0.0001269437234441284,4.697015606325295e-06,1.1664760112762451,1.2679013013839722,1.2563340663909912,-0.2236582189798355,0.04774587228894234,0.01689128577709198
468,0.00013208542004576883,0.0001269607411813922,5.124678386891901e-06,1.166170358657837,1.2679721117019653,1.256335735321045,-0.22448398172855377,0.0479348748922348,0.016895662993192673
469,0.00013219233733252622,0.00012671467229665722,5.47766610452527e-06,1.1658600568771362,1.2680437564849854,1.2563347816467285,-0.22532175481319427,0.04812600091099739,0.01689319685101509
470,0.00013239082763902844,0.00012690293951891362,5.487889484356856e-06,1.1655714511871338,1.26810622215271,1.256335973739624,-0.22610098123550415,0.04829247295856476,0.016896257176995277
471,0.0001328965117863845,0.00012712087918771432,5.7756323030844214e-06,1.1652839183807373,1.2681719064712524,1.256339192390442,-0.226877823472023,0.0484677292406559,0.016904933378100395
472,0.000131590473029064,0.00012653678713832052,5.053684731137764e-06,1.1650359630584717,1.268233060836792,1.2563412189483643,-0.22754763066768646,0.04863129183650017,0.016910117119550705
473,0.00013290063725435175,0.00012671064469031988,6.189991449900845e-06,1.1647710800170898,1.2682926654815674,1.2563424110412598,-0.22826318442821503,0.048790283501148224,0.01691368967294693
474,0.0001321826348430477,0.00012677572231041269,5.406912805483444e-06,1.164522409439087,1.268355131149292,1.256348967552185,-0.2289351373910904,0.04895704239606857,0.016931042075157166
475,0.00013242437416920437,0.00012719626756734214,5.228106147114886e-06,1.1642606258392334,1.2684166431427002,1.2563514709472656,-0.22964201867580414,0.049121156334877014,0.016937660053372383
476,0.00013222391935414636,0.00012731070164591075,4.913217935609282e-06,1.1640371084213257,1.2684786319732666,1.2563518285751343,-0.2302461713552475,0.04928639158606529,0.01693863235414028
477,0.00013263324653962628,0.00012710353621514514,5.529710642804276e-06,1.1637868881225586,1.2685389518737793,1.2563525438308716,-0.23092246055603027,0.04944742098450661,0.016940517351031303
478,0.00013387301078182645,0.00012697248748736457,6.900524590491841e-06,1.1634058952331543,1.2686049938201904,1.2563567161560059,-0.23195210099220276,0.04962339997291565,0.016951661556959152
479,0.00013564226101152598,0.00012732983013847844,8.312430395562842e-06,1.163092851638794,1.2686737775802612,1.2563716173171997,-0.2327980101108551,0.049807194620370865,0.016991274431347847
480,0.0001391300538671203,0.00012774524730048143,1.1384807066860958e-05,1.1628788709640503,1.268742322921753,1.25639009475708,-0.2333764284849167,0.04999002441763878,0.017040574923157692
481,0.00013616042633657344,0.00012750223977491258,8.658186493448738e-06,1.162678599357605,1.2688038349151611,1.256406307220459,-0.23391778767108917,0.0501539520919323,0.01708383485674858
482,0.00013565866684075444,0.0001276439412322361,8.014725426619407e-06,1.1623733043670654,1.2688651084899902,1.256408452987671,-0.23474305868148804,0.05031761899590492,0.01708984188735485
483,0.00013263982837088406,0.0001272817469725851,5.35808078439004e-06,1.1621184349060059,1.2689207792282104,1.2564103603363037,-0.23543226718902588,0.05046598240733147,0.01709483377635479
484,0.00013180717214709148,0.00012725032793241552,4.556844714898034e-06,1.1619107723236084,1.2689749002456665,1.2564153671264648,-0.23599354922771454,0.050610654056072235,0.017107753083109856
485,0.00013248643881524913,0.00012719546575681306,5.290975263960718e-06,1.1616748571395874,1.2690305709838867,1.2564163208007812,-0.2366316020488739,0.05075889453291893,0.017110556364059448
486,0.00013333264651009812,0.00012739439771394245,5.938248773418309e-06,1.161463975906372,1.2690906524658203,1.2564196586608887,-0.2372022122144699,0.05091951787471771,0.01711931824684143
487,0.0001352293314994313,0.0001276118891837541,7.617442406626651e-06,1.1612014770507812,1.269149661064148,1.2564268112182617,-0.23791208863258362,0.05107675492763519,0.017138436436653137
488,0.00013421578332781792,0.00012716260825982318,7.053175227156316e-06,1.1609395742416382,1.2692049741744995,1.2564295530319214,-0.23862019181251526,0.051224399358034134,0.01714589260518551
489,0.00013297619807417504,0.0001267534593353048,6.2227384660218375e-06,1.1607561111450195,1.2692615985870361,1.2564396858215332,-0.23911656439304352,0.051375582814216614,0.017172615975141525
490,0.00013443322386592628,0.000126851682580309,7.581539875900489e-06,1.160597324371338,1.2693232297897339,1.2564467191696167,-0.2395462691783905,0.05154009163379669,0.017191557213664055
491,0.0001343252239166759,0.00012694561737589539,7.379606972790498e-06,1.1603939533233643,1.2693774700164795,1.2564551830291748,-0.24009615182876587,0.05168475955724716,0.017214227467775345
492,0.0001332021587586496,0.00012674192985286936,6.460229542426532e-06,1.1601817607879639,1.2694287300109863,1.2564632892608643,-0.2406700849533081,0.051821738481521606,0.01723567023873329
493,0.00013319901045178996,0.0001270123691938352,6.186641280692129e-06,1.1600300073623657,1.2694783210754395,1.2564690113067627,-0.24108095467090607,0.05195396766066551,0.017251230776309967
494,0.0001315213245106861,0.00012676144615397789,4.759879288940283e-06,1.1598964929580688,1.2695242166519165,1.2564709186553955,-0.24144196510314941,0.0520763099193573,0.01725616492331028
495,0.00013224367939983493,0.00012687683192780241,5.366847472032532e-06,1.159692645072937,1.269574761390686,1.2564733028411865,-0.24199360609054565,0.05221129208803177,0.01726224645972252
496,0.00013146063865860925,0.00012676795231527648,4.692684728979657e-06,1.1594593524932861,1.2696313858032227,1.2564740180969238,-0.24262501299381256,0.05236254632472992,0.01726459711790085
497,0.0001319383896770887,0.00012670141004491597,5.236979222900118e-06,1.1592389345169067,1.2696819305419922,1.2564724683761597,-0.24322141706943512,0.05249723419547081,0.017260396853089333
498,0.0001322013369644992,0.00012661585060413927,5.58548558728944e-06,1.1590511798858643,1.2697324752807617,1.2564749717712402,-0.24372953176498413,0.05263206362724304,0.017267199233174324
499,0.00013171937316656113,0.00012651809520320968,5.201279918765067e-06,1.158912181854248,1.2697793245315552,1.256478190422058,-0.24410586059093475,0.05275721102952957,0.017275506630539894
500,0.00013150697996024973,0.00012669937932514587,4.8076000894070605e-06,1.1587481498718262,1.2698307037353516,1.256481409072876,-0.24454998970031738,0.052893925458192825,0.017284061759710312
501,0.00013056228272034787,0.00012638968109968118,4.1726020981514015e-06,1.158562421798706,1.2698829174041748,1.2564842700958252,-0.24505265057086945,0.05303337424993515,0.0172915980219841
502,0.000130206501489738,0.00012640133500099182,3.8051652268222825e-06,1.158409595489502,1.2699332237243652,1.2564854621887207,-0.24546602368354797,0.05316783860325813,0.017294932156801224
503,0.00013024981672060676,0.00012665313552133738,3.5966828818345674e-06,1.158252239227295,1.269982933998108,1.2564839124679565,-0.24589218199253082,0.053300369530916214,0.017290646210312843
504,0.00012952322140336037,0.00012632723373826594,3.1959882448973074e-06,1.1581013202667236,1.2700293064117432,1.2564806938171387,-0.24630041420459747,0.05342414602637291,0.017282502725720406
505,0.00012930845477967522,0.000126340889983112,2.9675648647753407e-06,1.1579668521881104,1.2700748443603516,1.2564785480499268,-0.24666491150856018,0.05354560911655426,0.017276497557759285
506,0.0001299809846386779,0.00012631558784050866,3.6653974802902666e-06,1.1577816009521484,1.2701263427734375,1.2564772367477417,-0.24716617166996002,0.0536833256483078,0.017273152247071266
507,0.00013038178221904672,0.00012660336433327756,3.778415157285053e-06,1.1575889587402344,1.270180583000183,1.2564771175384521,-0.24768804013729095,0.05382793769240379,0.01727266050875187
508,0.00012985197390662505,0.00012659604180953465,3.255931926560152e-06,1.1574279069900513,1.270229458808899,1.256476640701294,-0.24812409281730652,0.053958240896463394,0.017271360382437706
509,0.00013016803277423605,0.00012670142168644816,3.4666103942981863e-06,1.1572836637496948,1.2702745199203491,1.256476879119873,-0.24851484596729279,0.054078664630651474,0.01727226749062538
510,0.00013077335388516075,0.0001268663130758796,3.907041036654846e-06,1.1570775508880615,1.2703194618225098,1.2564775943756104,-0.24907292425632477,0.054198481142520905,0.01727396994829178
511,0.00013086481121717952,0.00012687321141129359,3.991598453012557e-06,1.1568715572357178,1.2703644037246704,1.2564749717712402,-0.2496308982372284,0.05431855469942093,0.017267096787691116
512,0.00013121789233991877,0.0001270769818802364,4.140911403283098e-06,1.156591773033142,1.270412802696228,1.2564725875854492,-0.2503885328769684,0.054447416216135025,0.017260506749153137
513,0.00013164001211407594,0.00012678981147473678,4.850200946293626e-06,1.156351923942566,1.2704594135284424,1.2564717531204224,-0.25103825330734253,0.05457209423184395,0.017258387058973312
514,0.00013184291310608387,0.00012661818982451223,5.224721030572255e-06,1.156166911125183,1.2705061435699463,1.256469488143921,-0.25153958797454834,0.05469660088419914,0.01725238561630249
515,0.00013085730679449626,0.0001266439263417851,4.213380611872708e-06,1.155991554260254,1.270552396774292,1.2564685344696045,-0.252014696598053,0.054820213466882706,0.01724976859986782
516,0.00013030791815253905,0.00012642069923458622,3.887219747866766e-06,1.155845046043396,1.2705961465835571,1.2564692497253418,-0.25241154432296753,0.054936930537223816,0.01725171133875847
517,0.000130158932734048,0.00012635326820600312,3.805665460276941e-06,1.1557283401489258,1.270638108253479,1.2564685344696045,-0.2527278661727905,0.05504878982901573,0.017249751836061478
518,0.00012958905354025773,0.0001264065118448343,3.1825419341657833e-06,1.155604362487793,1.270678162574768,1.2564650774002075,-0.2530636489391327,0.0551556758582592,0.017240719869732857
519,0.00012959348532604054,0.00012640628119697794,3.1872038221081312e-06,1.155470609664917,1.270722508430481,1.2564635276794434,-0.25342610478401184,0.05527407303452492,0.017236700281500816
520,0.00012888013588963076,0.00012592620114446618,2.953933210392279e-06,1.1553421020507812,1.2707610130310059,1.2564632892608643,-0.2537742257118225,0.055376823991537094,0.017235949635505676
521,0.00012903709575766696,0.00012599439069163054,3.0427050887738005e-06,1.155197024345398,1.270798683166504,1.2564620971679688,-0.2541675567626953,0.05547734722495079,0.017232762649655342
522,0.00012957956714672038,0.00012602712668012827,3.552441535248363e-06,1.1550416946411133,1.2708401679992676,1.2564592361450195,-0.25458812713623047,0.05558806657791138,0.017225096002221107
523,0.0001294352550758049,0.00012599871624843217,3.4365404758318618e-06,1.1548855304718018,1.2708852291107178,1.2564589977264404,-0.2550117075443268,0.05570816248655319,0.017224345356225967
524,0.00012971858450328,0.00012622991198441014,3.48867272350617e-06,1.1547651290893555,1.2709258794784546,1.2564582824707031,-0.25533777475357056,0.05581682547926903,0.017222626134753227
525,0.000129860970628215,0.00012617609536391683,3.6848757758889407e-06,1.1546298265457153,1.270965814590454,1.2564581632614136,-0.25570470094680786,0.05592344328761101,0.017222005873918533
526,0.00012990842151339166,0.00012608720498974435,3.821217114818865e-06,1.1544761657714844,1.2710047960281372,1.256456732749939,-0.25612136721611023,0.056027621030807495,0.017218254506587982
527,0.00013195082428865134,0.00012614239676622674,5.80842954605032e-06,1.1542783975601196,1.2710444927215576,1.2564572095870972,-0.25665736198425293,0.056133512407541275,0.017219746485352516
528,0.0001322271753451787,0.0001259921547898557,6.235018963707261e-06,1.154120922088623,1.2710881233215332,1.2564642429351807,-0.2570841908454895,0.05624954774975777,0.017238285392522812
529,0.00013193256236263551,0.00012613455910468475,5.798004781354393e-06,1.153975486755371,1.2711296081542969,1.2564642429351807,-0.2574783265590668,0.05636042356491089,0.017238233238458633
530,0.0001324040917097591,0.00012586257507791744,6.541516404467984e-06,1.1538329124450684,1.27116858959198,1.2564632892608643,-0.25786522030830383,0.05646468698978424,0.017235904932022095
531,0.00013412180123850703,0.0001256505107448902,8.471290607303672e-06,1.1537015438079834,1.2712048292160034,1.2564647197723389,-0.25822126865386963,0.05656125769019127,0.017239801585674286
532,0.00013515978353098034,0.0001255698829481844,9.589901583240135e-06,1.153573751449585,1.271240472793579,1.2564682960510254,-0.2585678994655609,0.0566566102206707,0.01724906824529171
533,0.0001314528679358773,0.00012552336193039082,5.929505050517037e-06,1.153440237045288,1.271275520324707,1.2564722299575806,-0.2589297890663147,0.056749723851680756,0.017259910702705383
534,0.00012944612972205506,0.00012565703655127437,3.7890918406446873e-06,1.1533247232437134,1.271310567855835,1.2564730644226074,-0.2592427432537079,0.0568433478474617,0.017261812463402748
535,0.00012930480661452748,0.0001257366908248514,3.5681158351508203e-06,1.1531966924667358,1.2713472843170166,1.2564741373062134,-0.2595902979373932,0.05694175511598587,0.017264656722545624
536,0.00013191712787374854,0.0001260862933122553,5.830833731579332e-06,1.1530452966690063,1.2713801860809326,1.2564733028411865,-0.26000067591667175,0.05702951177954674,0.017262442037463188
537,0.0001300103082030546,0.00012613524886546658,3.875060644986661e-06,1.1529161930084229,1.27141273021698,1.2564704418182373,-0.2603507936000824,0.057116102427244186,0.017255058512091637
538,0.00012857906185672618,0.000125780872622272,2.7981906441709724e-06,1.1528066396713257,1.2714473009109497,1.256471037864685,-0.26064804196357727,0.05720839649438858,0.01725640334188938
539,0.00012859710477641784,0.00012562404735945166,2.973056405153329e-06,1.1527076959609985,1.2714793682098389,1.2564709186553955,-0.26091650128364563,0.05729414150118828,0.017256198450922966
540,0.00012962036562385036,0.00012572669511428102,3.893671600962989e-06,1.152609944343567,1.2715116739273071,1.2564704418182373,-0.2611815631389618,0.05738012120127678,0.01725480519235134
541,0.00013096225156914443,0.00012639355554711074,4.568695578655024e-06,1.1524420976638794,1.2715489864349365,1.256469488143921,-0.2616368532180786,0.057479843497276306,0.017252452671527863
542,0.00012939164880663157,0.00012586209923028945,3.5295495422360547e-06,1.152276873588562,1.2715845108032227,1.2564693689346313,-0.26208481192588806,0.05757451057434082,0.017252177000045776
543,0.00012918564898427575,0.00012580326438182965,3.382383806638245e-06,1.1521754264831543,1.2716145515441895,1.2564692497253418,-0.26235997676849365,0.05765461176633835,0.01725190319120884
544,0.0001291153996135108,0.0001254738606803585,3.6415370004760915e-06,1.1520960330963135,1.2716472148895264,1.2564728260040283,-0.2625753879547119,0.05774205923080444,0.017261337488889694
545,0.00012945629277965053,0.00012545335339382292,4.002940511327324e-06,1.152020812034607,1.2716789245605469,1.2564754486083984,-0.26277968287467957,0.05782662704586983,0.017268052324652672
546,0.00012813590219593607,0.0001252990619832417,2.8368409971335496e-06,1.1519508361816406,1.2717077732086182,1.256475806236267,-0.2629692256450653,0.057903777807950974,0.01726929284632206
547,0.0001280610515095759,0.00012560979012050667,2.4512627533113117e-06,1.15187668800354,1.2717357873916626,1.2564752101898193,-0.26317065954208374,0.05797843262553215,0.01726754568517208
548,0.00012782442427123898,0.00012541071337182074,2.413709489701432e-06,1.15177583694458,1.2717622518539429,1.256474494934082,-0.26344409584999084,0.05804889276623726,0.017265666276216507
549,0.00012767346197506413,0.00012529363302746788,2.379829732035432e-06,1.1516755819320679,1.271790862083435,1.2564738988876343,-0.2637161314487457,0.05812551826238632,0.017263954505324364
550,0.00012771795081789605,0.00012530875246739016,2.409197384167783e-06,1.151588797569275,1.271819829940796,1.256473422050476,-0.2639516294002533,0.05820256844162941,0.01726272702217102
551,0.00012852715735789388,0.00012541159376269206,3.115563742994709e-06,1.1515144109725952,1.2718473672866821,1.2564713954925537,-0.2641534209251404,0.058276303112506866,0.017257368192076683
552,0.00013246126763988286,0.00012660425854846836,5.85700947794976e-06,1.1513524055480957,1.2718836069107056,1.2564697265625,-0.2645930349826813,0.05837284401059151,0.017253093421459198
553,0.0001307311817072332,0.0001256515381101053,5.079643074168416e-06,1.151186227798462,1.271921992301941,1.2564705610275269,-0.26504388451576233,0.058475393801927567,0.017255214974284172
554,0.00013327009510248898,0.0001255794137250632,7.690680604355293e-06,1.1511034965515137,1.271960973739624,1.2564754486083984,-0.26526886224746704,0.05857924744486809,0.017268510535359383
555,0.0001355102278466802,0.00012526278187579009,1.024744460664806e-05,1.1510660648345947,1.272000789642334,1.2564854621887207,-0.2653702199459076,0.05868574604392052,0.017294853925704956
556,0.00013715896420762874,0.0001251919638889376,1.1967001773882657e-05,1.1510417461395264,1.2720386981964111,1.256495475769043,-0.265436053276062,0.058786649256944656,0.017321616411209106
557,0.00013661986813531257,0.00012520817181211897,1.1411696345930977e-05,1.1510050296783447,1.2720696926116943,1.2565056085586548,-0.26553571224212646,0.05886968970298767,0.017348602414131165
558,0.0001358288725896273,0.00012514960326370783,1.0679270258151518e-05,1.1509534120559692,1.2721014022827148,1.256509780883789,-0.2656758427619934,0.05895419046282768,0.01735965721309185
559,0.00013331442823982798,0.00012509866282925942,8.215764023589144e-06,1.1508921384811401,1.2721302509307861,1.2565197944641113,-0.26584216952323914,0.05903112143278122,0.01738666743040085
560,0.00012982423650100827,0.00012493914400693029,4.885092573658767e-06,1.150822401046753,1.2721564769744873,1.2565230131149292,-0.26603156328201294,0.0591011717915535,0.01739523373544216
561,0.00012875384927610867,0.00012515136259025895,3.602485810461076e-06,1.15074622631073,1.2721843719482422,1.2565233707427979,-0.2662382125854492,0.059175681322813034,0.017396271228790283
562,0.00012822069038520567,0.00012511449167504907,3.10619944912105e-06,1.1506427526474,1.2722147703170776,1.2565205097198486,-0.26651912927627563,0.05925659090280533,0.017388107255101204
563,0.00012779232420143672,0.00012490051594795659,2.8918093448737636e-06,1.1505581140518188,1.2722413539886475,1.2565171718597412,-0.26674917340278625,0.05932796001434326,0.01737975887954235
564,0.00012811319102183915,0.0001251345645869151,2.9786266622977563e-06,1.150458812713623,1.2722712755203247,1.2565151453018188,-0.2670186460018158,0.05940743163228035,0.017374098300933838
565,0.0001277506715268828,0.00012491827728808858,2.8323938863650257e-06,1.1503729820251465,1.2722985744476318,1.2565160989761353,-0.26725128293037415,0.05948019400238991,0.01737668365240097
566,0.00012750523674185388,0.0001249612330866512,2.544004701121594e-06,1.1502816677093506,1.2723255157470703,1.2565171718597412,-0.267499715089798,0.05955224484205246,0.017379580065608025
567,0.0001275835333217401,0.00012494794282247312,2.635589896726742e-06,1.1501986980438232,1.2723520994186401,1.2565178871154785,-0.26772427558898926,0.059623245149850845,0.01738157868385315
568,0.0001279049101867713,0.00012509957668953574,2.8053331448063546e-06,1.1501144170761108,1.2723805904388428,1.2565191984176636,-0.2679532766342163,0.059699296951293945,0.017384927719831467
569,0.00012705064655165187,0.00012490138542489148,2.149259796624392e-06,1.1500426530838013,1.2724072933197021,1.2565193176269531,-0.2681480646133423,0.05977068468928337,0.01738525740802288
570,0.00012688888018601573,0.00012476427218643948,2.1246070559755027e-06,1.14997136592865,1.2724334001541138,1.256519079208374,-0.26834189891815186,0.05984015017747879,0.0173847284168005
571,0.00012665888862102294,0.00012461392798286398,2.044960422153963e-06,1.1499069929122925,1.2724577188491821,1.2565186023712158,-0.2685164213180542,0.05990509316325188,0.01738358661532402
572,0.00012656135004363023,0.0001246182178874733,1.9431310761319764e-06,1.1498461961746216,1.272481083869934,1.2565182447433472,-0.2686816155910492,0.059967510402202606,0.017382318153977394
573,0.00012635637904168107,0.0001245808209205279,1.7755610258518572e-06,1.149785041809082,1.2725050449371338,1.256516695022583,-0.26884758472442627,0.06003167852759361,0.017378294840455055
574,0.00012667171249631793,0.00012479593460739123,1.8757786619971739e-06,1.1497138738632202,1.2725296020507812,1.2565158605575562,-0.2690408229827881,0.06009690836071968,0.017376014962792397
575,0.0001265057893760968,0.00012466637781471945,1.8394110043118418e-06,1.1496413946151733,1.2725543975830078,1.2565158605575562,-0.26923754811286926,0.06016331538558006,0.017376042902469635
576,0.0001265077888092492,0.00012460212637961378,1.905661633827549e-06,1.1495776176452637,1.2725794315338135,1.2565157413482666,-0.2694109082221985,0.060230035334825516,0.017375681549310684
577,0.0001266036560991779,0.00012463122911867685,1.9724283617961193e-06,1.1495170593261719,1.2726037502288818,1.2565150260925293,-0.2695751190185547,0.06029461324214935,0.017373641952872276
578,0.00012639119377126916,0.0001245303144969512,1.8608782966111903e-06,1.1494603157043457,1.2726274728775024,1.256514072418213,-0.2697291374206543,0.06035812571644783,0.01737155020236969
579,0.00012668219351326117,0.000124769561807625,1.912633280198861e-06,1.1494011878967285,1.2726514339447021,1.2565137147903442,-0.2698899209499359,0.06042227894067764,0.017370443791151047
580,0.00012645953320316038,0.00012454667885322123,1.9128551059566234e-06,1.1493406295776367,1.2726770639419556,1.256512999534607,-0.27005428075790405,0.060490794479846954,0.017368517816066742
581,0.00012619021072168835,0.0001244004724867409,1.789735813417792e-06,1.1492853164672852,1.272701382637024,1.256511926651001,-0.2702045738697052,0.0605555921792984,0.017365723848342896
582,0.00012625068266061134,0.00012449303831090218,1.7576431787347247e-06,1.1492335796356201,1.2727254629135132,1.2565109729766846,-0.2703450322151184,0.0606197714805603,0.017363039776682854
583,0.0001261636454728432,0.00012450441427063196,1.6592305371432304e-06,1.1491824388504028,1.2727491855621338,1.2565093040466309,-0.27048373222351074,0.06068308278918266,0.017358887940645218
584,0.00012659757630899547,0.00012468210043152793,1.9154757808337307e-06,1.1491293907165527,1.2727738618850708,1.2565083503723145,-0.27062806487083435,0.060748953372240067,0.017355984076857567
585,0.00012642278597922995,0.00012450935537344776,1.9134311742163847e-06,1.1490695476531982,1.2727997303009033,1.2565077543258667,-0.27079060673713684,0.06081816181540489,0.017354419454932213
586,0.0001264729282411281,0.00012447181943571196,2.0011090612115367e-06,1.1490027904510498,1.2728252410888672,1.2565072774887085,-0.2709718942642212,0.06088624522089958,0.01735319010913372
587,0.00012654712845687753,0.0001244639202923281,2.0832068116760636e-06,1.1489360332489014,1.2728499174118042,1.256507158279419,-0.27115321159362793,0.06095209717750549,0.01735304854810238
588,0.0001269514177693054,0.0001245629980985541,2.3884195684331643e-06,1.148858904838562,1.2728753089904785,1.2565075159072876,-0.2713626027107239,0.061019718647003174,0.017353741452097893
589,0.00012718056386802347,0.0001244927174411714,2.6878463700086285e-06,1.1487901210784912,1.272900104522705,1.2565076351165771,-0.2715494930744171,0.061086151748895645,0.017353974282741547
590,0.00012675935940933413,0.00012455108735593968,2.2082727582528607e-06,1.1487236022949219,1.272925853729248,1.2565070390701294,-0.271729975938797,0.06115450710058212,0.017352525144815445
591,0.0001263186779397074,0.00012437370060069952,1.9449762021395147e-06,1.1486632823944092,1.2729511260986328,1.2565064430236816,-0.2718938887119293,0.061222054064273834,0.01735105738043785
592,0.00012669060088228435,0.00012433175506885164,2.3588460180690163e-06,1.1486048698425293,1.2729748487472534,1.2565056085586548,-0.2720525562763214,0.06128530949354172,0.01734858937561512
593,0.00012766560466843658,0.0001247861953743268,2.879408623357449e-06,1.148530125617981,1.273002028465271,1.2565034627914429,-0.2722555994987488,0.06135774403810501,0.01734296604990959
594,0.00012818080067518168,0.00012471881345845758,3.4619864493379284e-06,1.1484664678573608,1.273030161857605,1.256503939628601,-0.27242860198020935,0.06143302097916603,0.017344290390610695
595,0.00012777940864907577,0.00012469322464312427,3.086183187406277e-06,1.148390293121338,1.273057460784912,1.2565034627914429,-0.2726355195045471,0.06150607019662857,0.01734294928610325
596,0.00012759579694829882,0.00012484869876061566,2.7470989152789118e-06,1.148305058479309,1.2730872631072998,1.256502628326416,-0.2728668451309204,0.06158525496721268,0.017340943217277527
597,0.00012725761043839157,0.00012461161386454478,2.645997813033318e-06,1.1482176780700684,1.273114562034607,1.256502389907837,-0.27310431003570557,0.0616583377122879,0.01734022982418537
598,0.0001281728968024254,0.00012489803702919744,3.274860318924766e-06,1.1481163501739502,1.2731422185897827,1.2565021514892578,-0.27337977290153503,0.061732158064842224,0.01733933575451374
599,0.00012792974230251274,0.0001245965439011343,3.333198503696622e-06,1.148024082183838,1.273169755935669,1.2565011978149414,-0.27363041043281555,0.06180591508746147,0.017336968332529068
600,0.00012831670028390363,0.00012464449682738631,3.6722026493407613e-06,1.1479575634002686,1.2731969356536865,1.2565025091171265,-0.2738109827041626,0.06187816709280014,0.01734042726457119
601,0.00012735237323795444,0.00012429302878445015,3.0593433280046156e-06,1.147902488708496,1.273221731185913,1.256502628326416,-0.27396079897880554,0.06194422394037247,0.01734084077179432
602,0.00012681189546128734,0.00012425327331584414,2.5586228389329335e-06,1.1478502750396729,1.273244857788086,1.2565033435821533,-0.27410247921943665,0.06200610101222992,0.017342478036880493
603,0.00012727465145871973,0.00012435442476999015,2.9202267228356503e-06,1.1477994918823242,1.2732677459716797,1.2565044164657593,-0.2742407023906708,0.062067218124866486,0.017345575615763664
604,0.00012708697613561526,0.0001243415317730978,2.745442975538026e-06,1.1477470397949219,1.2732917070388794,1.2565042972564697,-0.27438294887542725,0.06213117390871048,0.017345169559121132
605,0.0001268202395294793,0.0001244436454726383,2.376592829023139e-06,1.1476845741271973,1.2733161449432373,1.2565028667449951,-0.27455294132232666,0.062196146696805954,0.017341483384370804
606,0.0001271938446734566,0.00012455855940061156,2.6352855229561102e-06,1.1475943326950073,1.273343801498413,1.2565021514892578,-0.27479812502861023,0.06227024272084236,0.01733972504734993
607,0.00012681656662607565,0.00012425137538230047,2.565192039583053e-06,1.1475155353546143,1.2733699083328247,1.2565019130706787,-0.27501216530799866,0.06233985722064972,0.017338670790195465
608,0.0001265443592274096,0.00012414514676493127,2.3992126898519928e-06,1.1474621295928955,1.2733943462371826,1.2565016746520996,-0.27515730261802673,0.06240535527467728,0.01733829453587532
609,0.0001261158613488078,0.00012391561831464059,2.200243432071147e-06,1.1474075317382812,1.2734172344207764,1.2565007209777832,-0.2753058671951294,0.06246624141931534,0.017335880547761917
610,0.00012629609336727298,0.00012416455065249464,2.1315437379598734e-06,1.1473476886749268,1.2734408378601074,1.2564995288848877,-0.2754683792591095,0.06252941489219666,0.01733248680830002
611,0.00012649099808186292,0.0001242191210621968,2.271878236115299e-06,1.1472691297531128,1.2734655141830444,1.2564990520477295,-0.2756817042827606,0.06259512901306152,0.017331048846244812
612,0.00012635608291020617,0.00012419248414516915,2.1635983216583556e-06,1.147202491760254,1.2734887599945068,1.2564983367919922,-0.27586302161216736,0.06265727430582047,0.017329437658190727
613,0.00012602469651028513,0.00012398031576594805,2.044379942844898e-06,1.147143840789795,1.273511528968811,1.2564973831176758,-0.27602213621139526,0.06271787732839584,0.017326731234788895
614,0.0001260112774616573,0.0001239886991243111,2.022576717308766e-06,1.1470835208892822,1.2735344171524048,1.2564964294433594,-0.2761863172054291,0.06277885288000107,0.017324110493063927
615,0.00012564674725581426,0.0001238370834471425,1.809664843221981e-06,1.1470260620117188,1.2735562324523926,1.2564949989318848,-0.27634263038635254,0.06283740699291229,0.017320437356829643
616,0.00012595058797160164,0.00012399152728903573,1.9590599208640925e-06,1.1469675302505493,1.2735791206359863,1.2564940452575684,-0.2765013873577118,0.06289827078580856,0.01731787994503975
617,0.0001256837153050583,0.00012387784918246325,1.8058659122743848e-06,1.1469111442565918,1.2736010551452637,1.2564929723739624,-0.2766546607017517,0.06295688450336456,0.01731516420841217
618,0.00012613911167136393,0.00012402901920722799,2.1100943740748333e-06,1.1468496322631836,1.273624062538147,1.2564921379089355,-0.276822030544281,0.06301844865083694,0.017312755808234215
619,0.0001261675053683575,0.00012402258507790976,2.144918579460864e-06,1.1467862129211426,1.2736480236053467,1.2564910650253296,-0.2769944667816162,0.06308207660913467,0.017310000956058502
620,0.00012586884549818932,0.00012397384889482055,1.894997620865979e-06,1.1467313766479492,1.2736705541610718,1.2564902305603027,-0.2771431803703308,0.06314259022474289,0.01730773225426674
621,0.00012618161999853328,0.00012402037500578445,2.1612461921449722e-06,1.146681308746338,1.2736928462982178,1.2564888000488281,-0.2772795259952545,0.06320182234048843,0.017303770408034325
622,0.00012699526414508,0.00012455023606889882,2.4450294631606086e-06,1.146620273590088,1.2737188339233398,1.25648832321167,-0.27744555473327637,0.0632714107632637,0.01730276271700859
623,0.00012648513147723862,0.00012420125276548787,2.2838791778667654e-06,1.1465588808059692,1.2737455368041992,1.2564877271652222,-0.2776121497154236,0.06334267556667328,0.017301049083471298
624,0.00012577773741213606,0.0001238540316990111,1.923705804074416e-06,1.1465041637420654,1.2737698554992676,1.2564868927001953,-0.2777611017227173,0.06340757012367249,0.017298605293035507
625,0.000125780250527896,0.00012382784188957885,1.9524074048149485e-06,1.146456003189087,1.2737925052642822,1.256486415863037,-0.27789196372032166,0.06346786767244339,0.01729760505259037
626,0.00012633661172003485,0.00012415225137374364,2.1843616082151128e-06,1.1463985443115234,1.2738155126571655,1.256485939025879,-0.2780478298664093,0.06352946907281876,0.017296262085437775
627,0.00012582964118337258,0.00012392301105137448,1.906630649273211e-06,1.1463420391082764,1.2738385200500488,1.2564858198165894,-0.2782015800476074,0.06359074264764786,0.01729605346918106
628,0.00012572582345455886,0.00012391443706292194,1.8113866815383517e-06,1.1462881565093994,1.2738600969314575,1.2564847469329834,-0.2783482074737549,0.06364859640598297,0.017293119803071022
629,0.00012632855869014746,0.0001239783588971477,2.3501989858232262e-06,1.1462182998657227,1.2738829851150513,1.256484031677246,-0.27853813767433167,0.06370963156223297,0.017290877178311348
630,0.0001261179117136635,0.00012386886883177794,2.2490439107514248e-06,1.146142601966858,1.2739055156707764,1.2564822435379028,-0.2787437438964844,0.06376967579126358,0.017286576330661774
631,0.00012598610555869527,0.0001239398945472203,2.046210818207328e-06,1.146083950996399,1.2739276885986328,1.2564818859100342,-0.2789035439491272,0.06382905691862106,0.017285441979765892
632,0.00012568383463076315,0.00012375356600387023,1.930271014316531e-06,1.1460338830947876,1.2739503383636475,1.2564812898635864,-0.2790394723415375,0.06388931721448898,0.017283806577324867
633,0.00012563330456032417,0.00012377330785966477,1.8599961947529665e-06,1.1459847688674927,1.2739715576171875,1.2564798593521118,-0.27917325496673584,0.06394582986831665,0.017279967665672302
634,0.00012538867085822857,0.00012366496193862985,1.7237080840004638e-06,1.1459404230117798,1.2739921808242798,1.2564786672592163,-0.27929356694221497,0.06400100141763687,0.01727687381207943
635,0.0001258216601854656,0.00012387038295855746,1.951277334910628e-06,1.1458961963653564,1.2740142345428467,1.2564775943756104,-0.27941372990608215,0.06405972689390182,0.017273997887969017
636,0.00012587245873874053,0.00012376377526379656,2.10868433896394e-06,1.1458442211151123,1.2740366458892822,1.2564771175384521,-0.2795555293560028,0.0641198605298996,0.017272770404815674
637,0.00012654716047109105,0.00012421289975463878,2.334261131409221e-06,1.1457877159118652,1.2740610837936401,1.256475806236267,-0.2797089219093323,0.06418508291244507,0.017269346863031387
638,0.00012695183904725126,0.00012426716166373807,2.684675871478248e-06,1.145715594291687,1.274088978767395,1.2564743757247925,-0.2799051105976105,0.06425946205854416,0.017265552654862404
639,0.0001267987106984947,0.00012409545815899036,2.7032529942516704e-06,1.1456358432769775,1.2741172313690186,1.256474256515503,-0.28012189269065857,0.06433477997779846,0.017265377566218376
640,0.00012591576742124744,0.00012363278328848538,2.282984928569931e-06,1.1455810070037842,1.2741403579711914,1.2564743757247925,-0.2802710235118866,0.06439671665430069,0.017265543341636658
641,0.00012602645074366592,0.00012376305458019487,2.263396868329437e-06,1.1455367803573608,1.274161696434021,1.2564743757247925,-0.28039127588272095,0.06445351988077164,0.0172654390335083
642,0.00012572104969876818,0.00012358939202385954,2.1316582433428265e-06,1.1454936265945435,1.2741825580596924,1.2564738988876343,-0.2805086672306061,0.0645090788602829,0.01726398803293705
643,0.00012534877459984272,0.00012358399690128862,1.764777675816731e-06,1.1454540491104126,1.2742018699645996,1.2564725875854492,-0.28061622381210327,0.06456074118614197,0.017260443419218063
644,0.00012525623169494792,0.00012356137813185342,1.6948521135873306e-06,1.1454119682312012,1.2742211818695068,1.256471037864685,-0.2807305157184601,0.06461258977651596,0.01725633069872856
645,0.00012530318199424073,0.00012362418347038328,1.6789996209354285e-06,1.145369291305542,1.2742409706115723,1.2564697265625,-0.2808467745780945,0.06466496735811234,0.017252780497074127
646,0.00012529612868092955,0.0001234940194990486,1.8021088692421472e-06,1.1453280448913574,1.27426016330719,1.2564685344696045,-0.28095874190330505,0.0647163912653923,0.01724986918270588
647,0.00012513049732660876,0.0001233982460689731,1.732249961605703e-06,1.1452865600585938,1.2742804288864136,1.256467580795288,-0.2810717523097992,0.06477037817239761,0.017247268930077553
648,0.00012507133396866266,0.00012340472785581368,1.6666063913817197e-06,1.1452476978302002,1.274298906326294,1.2564663887023926,-0.28117769956588745,0.06481973081827164,0.017243990674614906
649,0.00012505706872616428,0.00012335893406998367,1.6981334169940965e-06,1.1452090740203857,1.274317741394043,1.2564656734466553,-0.2812827527523041,0.06487015634775162,0.017242148518562317
650,0.00012565773795358837,0.000123709367835545,1.94836928812947e-06,1.1451659202575684,1.2743377685546875,1.2564648389816284,-0.2813998758792877,0.06492353975772858,0.017239941284060478
651,0.00012542439289973118,0.00012361078333924524,1.8136098617560493e-06,1.1451246738433838,1.2743582725524902,1.2564641237258911,-0.28151199221611023,0.06497819721698761,0.017238041386008263
652,0.00012524117919383572,0.00012350485885690433,1.7363194160679995e-06,1.1450810432434082,1.2743781805038452,1.2564632892608643,-0.28163090348243713,0.06503128260374069,0.01723560132086277
653,0.0001254728682397399,0.00012371761295071337,1.7552563065237337e-06,1.1450389623641968,1.2743982076644897,1.2564617395401,-0.28174513578414917,0.06508476287126541,0.017231833189725876
654,0.00012511916502262467,0.00012345321192697156,1.665954511054224e-06,1.145001769065857,1.2744184732437134,1.2564607858657837,-0.28184619545936584,0.06513883173465729,0.017229244112968445
655,0.00012487750573200173,0.0001233185892488109,1.5589168469887226e-06,1.1449668407440186,1.2744377851486206,1.2564597129821777,-0.28194108605384827,0.06519053876399994,0.01722654514014721
656,0.00012481313679018057,0.00012324135786911938,1.571777249864681e-06,1.1449309587478638,1.2744569778442383,1.2564585208892822,-0.28203916549682617,0.06524161994457245,0.01722337305545807
657,0.00012483744649216533,0.00012332757505646442,1.5098705887339748e-06,1.1448954343795776,1.2744758129119873,1.2564575672149658,-0.28213563561439514,0.06529206037521362,0.017220545560121536
658,0.0001246219293534523,0.00012321717586019076,1.404752271128018e-06,1.144861102104187,1.27449369430542,1.2564562559127808,-0.28222885727882385,0.06533998996019363,0.017217108979821205
659,0.00012472052840166724,0.00012329390228842384,1.4266248513195024e-06,1.1448266506195068,1.2745120525360107,1.2564553022384644,-0.28232261538505554,0.06538849323987961,0.017214490100741386
660,0.00012479748693294823,0.0001233076942298794,1.4897920436851564e-06,1.1447902917861938,1.274530291557312,1.2564541101455688,-0.28242167830467224,0.06543736904859543,0.01721136085689068
661,0.0001252238464076072,0.00012355878861853854,1.6650580107580027e-06,1.1447502374649048,1.2745492458343506,1.256453037261963,-0.2825304865837097,0.06548794358968735,0.017208511009812355
662,0.00012504889455158263,0.00012339133791101632,1.657557220369199e-06,1.1447103023529053,1.2745678424835205,1.2564520835876465,-0.28263935446739197,0.06553773581981659,0.01720592938363552
663,0.0001249766573891975,0.0001233261646120809,1.6504936240835376e-06,1.1446723937988281,1.2745866775512695,1.2564512491226196,-0.28274232149124146,0.06558796763420105,0.017203861847519875
664,0.00012493210087995976,0.0001233513106853934,1.5807901149855752e-06,1.1446369886398315,1.2746052742004395,1.2564501762390137,-0.28283870220184326,0.06563757359981537,0.017201010137796402
665,0.00012483100799727255,0.0001233647832123097,1.4662254898212269e-06,1.1446022987365723,1.2746233940124512,1.2564486265182495,-0.28293290734291077,0.06568596512079239,0.01719689555466175
666,0.00012511904205894097,0.00012354924620012754,1.5697960236593644e-06,1.1445671319961548,1.2746412754058838,1.2564469575881958,-0.2830285429954529,0.06573382019996643,0.017192337661981583
667,0.00012484015642257872,0.00012332751757639925,1.5126392554520862e-06,1.14453125,1.2746589183807373,1.2564456462860107,-0.2831262946128845,0.0657811313867569,0.01718873530626297
668,0.00012525846868811642,0.00012336364561633674,1.8948236231608461e-06,1.1444916725158691,1.2746777534484863,1.256443977355957,-0.28323376178741455,0.06583097577095032,0.017184339463710785
669,0.00012553729175124317,0.00012346910079941154,2.0681909120412454e-06,1.1444525718688965,1.2746970653533936,1.256442666053772,-0.2833404541015625,0.06588277220726013,0.017180847004055977
670,0.00012570677135954612,0.00012343794405751397,2.268827921625416e-06,1.1444110870361328,1.2747175693511963,1.2564420700073242,-0.2834533751010895,0.06593755632638931,0.01717912033200264
671,0.00012572431587614118,0.00012340494213276544,2.3193730839921043e-06,1.1443663835525513,1.274738073348999,1.2564418315887451,-0.28357481956481934,0.06599225848913193,0.0171787291765213
672,0.0001254328693903517,0.0001234981740708463,1.934694086003219e-06,1.1443252563476562,1.2747573852539062,1.2564417123794556,-0.28368672728538513,0.06604374945163727,0.01717825047671795
673,0.00012512307039287408,0.0001233435446920339,1.779523489631174e-06,1.1442872285842896,1.2747763395309448,1.2564411163330078,-0.2837900221347809,0.06609444320201874,0.01717667654156685
674,0.0001248694425157737,0.00012318693989072927,1.682503335587171e-06,1.1442499160766602,1.274794101715088,1.2564404010772705,-0.283891499042511,0.06614159047603607,0.01717470958828926
675,0.0001249454049684573,0.00012322229231358505,1.7231118533800327e-06,1.1442134380340576,1.2748122215270996,1.2564395666122437,-0.2839909493923187,0.06619009375572205,0.017172498628497124
676,0.0001250160647032317,0.00012328730372246355,1.7287603725435475e-06,1.1441768407821655,1.2748303413391113,1.256438136100769,-0.2840905785560608,0.0662384182214737,0.017168603837490082
677,0.00012497225252445788,0.00012323809860390612,1.7341507543733314e-06,1.14414381980896,1.2748478651046753,1.2564365863800049,-0.2841804623603821,0.06628527492284775,0.017164593562483788
678,0.00012492311507230624,0.0001232131318829488,1.709983018827188e-06,1.144109845161438,1.2748651504516602,1.256435513496399,-0.28427278995513916,0.06633133441209793,0.01716187596321106
679,0.0001249811077286722,0.0001232784972671652,1.7026083526161528e-06,1.1440750360488892,1.2748825550079346,1.2564342021942139,-0.28436753153800964,0.0663776770234108,0.01715845614671707
680,0.000124823534861207,0.0001231478079716908,1.6757261846578331e-06,1.1440383195877075,1.2749003171920776,1.2564332485198975,-0.2844673991203308,0.06642533838748932,0.017155906185507774
681,0.00012465576801332646,0.00012313684383116196,1.5189233408818836e-06,1.1440021991729736,1.2749171257019043,1.2564321756362915,-0.2845654785633087,0.06647026538848877,0.01715298369526863
682,0.00012469812718336472,0.00012304423944442533,1.6538878071514773e-06,1.1439679861068726,1.2749336957931519,1.2564313411712646,-0.2846587002277374,0.0665145143866539,0.017150448635220528
683,0.00012522680481197312,0.0001233526891155634,1.8741154747203837e-06,1.1439331769943237,1.2749515771865845,1.25642991065979,-0.28475338220596313,0.06656217575073242,0.017146894708275795
684,0.00012564035278046505,0.0001232155118486844,2.424841295578517e-06,1.143895149230957,1.274969458580017,1.2564301490783691,-0.2848568558692932,0.06660991907119751,0.01714763231575489
685,0.00012580948750837707,0.0001234026887686923,2.4067996491794476e-06,1.1438565254211426,1.2749875783920288,1.2564302682876587,-0.28496238589286804,0.06665809452533722,0.01714780367910862
686,0.000125244096852839,0.0001231770009326283,2.06709542567296e-06,1.143822193145752,1.2750047445297241,1.25642991065979,-0.2850554883480072,0.06670404970645905,0.017147008329629898
687,0.00012501855017035268,0.000123047714077984,1.9708354898284598e-06,1.143786907196045,1.2750219106674194,1.2564294338226318,-0.2851513922214508,0.06674973666667938,0.017145661637187004
688,0.00012482319871196524,0.00012305170457693748,1.7714931686896306e-06,1.1437532901763916,1.2750383615493774,1.2564280033111572,-0.2852431535720825,0.06679368764162064,0.017141837626695633
689,0.00012470463661884423,0.00012308663281146437,1.6180023351353157e-06,1.1437222957611084,1.2750550508499146,1.2564269304275513,-0.2853275239467621,0.06683830171823502,0.01713891513645649
690,0.00012467340347939172,0.00012304159718041775,1.6318063330800215e-06,1.1436902284622192,1.275071382522583,1.2564259767532349,-0.28541457653045654,0.06688205897808075,0.017136279493570328
691,0.00012460939833545127,0.00012313452243688515,1.4748752278137544e-06,1.1436574459075928,1.2750869989395142,1.2564245462417603,-0.2855035960674286,0.06692364066839218,0.017132585868239403
692,0.000124566377417068,0.00012299197551328688,1.5744023698971431e-06,1.1436256170272827,1.2751022577285767,1.2564231157302856,-0.28559041023254395,0.06696435809135437,0.017128687351942062
693,0.00012471168010961265,0.00012311105892877096,1.600621550323922e-06,1.143592357635498,1.2751191854476929,1.2564220428466797,-0.2856806218624115,0.06700938940048218,0.017125917598605156
694,0.00012433246265572962,0.00012300510716158896,1.3273564434257423e-06,1.1435632705688477,1.2751343250274658,1.2564209699630737,-0.28575992584228516,0.06704981625080109,0.017122775316238403
695,0.00012452150112949312,0.0001230714169651037,1.4500841018616484e-06,1.1435350179672241,1.275148630142212,1.2564196586608887,-0.2858370840549469,0.06708826869726181,0.017119621858000755
696,0.00012454355928639415,0.00012296356508159078,1.5799952905126703e-06,1.143505573272705,1.2751636505126953,1.2564189434051514,-0.2859169840812683,0.06712823361158371,0.01711759716272354
697,0.00012481447047321125,0.00012309113844821695,1.7233315759312972e-06,1.1434745788574219,1.2751795053482056,1.2564188241958618,-0.2860018014907837,0.0671706274151802,0.017117217183113098
698,0.00012450823705876247,0.00012298675064812415,1.5214863651635823e-06,1.1434446573257446,1.2751960754394531,1.256418228149414,-0.2860828936100006,0.06721489131450653,0.017115900292992592
699,0.00012486426057876088,0.00012299428526603152,1.8699750512496394e-06,1.1434178352355957,1.275211215019226,1.2564172744750977,-0.2861559987068176,0.06725536286830902,0.0171132143586874
700,0.00012485808329074644,0.0001230812216817867,1.776861080315939e-06,1.1433902978897095,1.2752268314361572,1.2564160823822021,-0.28623077273368835,0.06729692965745926,0.01710967905819416
701,0.00012462320519261992,0.00012314684790908358,1.4763571812181908e-06,1.1433625221252441,1.2752413749694824,1.2564148902893066,-0.28630661964416504,0.06733574718236923,0.017106886953115463
702,0.00012414801385602915,0.00012285085140320006,1.2971621572432923e-06,1.1433359384536743,1.2752554416656494,1.2564138174057007,-0.28637877106666565,0.06737327575683594,0.017103979364037514
703,0.00012419391496223397,0.00012285141347092576,1.3425009228740237e-06,1.1433095932006836,1.2752697467803955,1.2564125061035156,-0.28645047545433044,0.06741141527891159,0.017100317403674126
704,0.00012418923324730713,0.00012290787199162879,1.2813617274787247e-06,1.1432844400405884,1.2752833366394043,1.2564111948013306,-0.2865188717842102,0.06744775176048279,0.01709696836769581
705,0.00012408022303134203,0.00012284803196962457,1.2321918120505871e-06,1.143259048461914,1.2752971649169922,1.2564098834991455,-0.2865879535675049,0.06748480349779129,0.017093364149332047
706,0.0001240413144842023,0.00012274038599571213,1.3009295003030275e-06,1.1432325839996338,1.2753105163574219,1.256408929824829,-0.2866601347923279,0.06752050668001175,0.017090752720832825
707,0.00012449139976524747,0.00012304888623475562,1.4425137408125011e-06,1.1432056427001953,1.2753245830535889,1.2564083337783813,-0.28673335909843445,0.06755775213241577,0.01708933897316456
708,0.00012427848669176455,0.000122987498252769,1.2909885072076577e-06,1.1431783437728882,1.2753381729125977,1.2564069032669067,-0.286807656288147,0.06759421527385712,0.017085526138544083
709,0.0001242051203007577,0.00012282602110644803,1.3791004448648892e-06,1.143152117729187,1.2753511667251587,1.2564057111740112,-0.2868790924549103,0.06762894243001938,0.017082352191209793
710,0.0001241705580468988,0.0001229315505042905,1.2390082076763064e-06,1.1431269645690918,1.2753647565841675,1.2564046382904053,-0.28694775700569153,0.06766507029533386,0.017079103738069534
711,0.00012394500772643368,0.00012275437693460846,1.1906319969057223e-06,1.1431022882461548,1.2753782272338867,1.2564033269882202,-0.28701478242874146,0.06770111620426178,0.01707598567008972
712,0.00012447308399714528,0.0001228675522725098,1.6055309345119894e-06,1.1430788040161133,1.275390863418579,1.2564020156860352,-0.28707894682884216,0.06773480772972107,0.017072629183530807
713,0.00012488612919696606,0.00012298933979764114,1.8967893424814974e-06,1.1430511474609375,1.2754042148590088,1.256400465965271,-0.2871542274951935,0.06777065247297287,0.017068292945623398
714,0.00012460769212339074,0.00012299433401494753,1.6133581425492594e-06,1.1430211067199707,1.2754178047180176,1.2563987970352173,-0.2872357666492462,0.06780692934989929,0.017064012587070465
715,0.00012444655767467338,0.00012288061443541665,1.5659429379866197e-06,1.1429963111877441,1.2754299640655518,1.2563974857330322,-0.28730320930480957,0.0678393691778183,0.017060186713933945
716,0.00012501825112849475,0.0001231110276421532,1.9072244015205797e-06,1.1429657936096191,1.2754454612731934,1.2563962936401367,-0.2873862683773041,0.06788063794374466,0.017057310789823532
717,0.0001245838648173958,0.00012282993375265506,1.7539313773795585e-06,1.142937421798706,1.275461196899414,1.2563954591751099,-0.2874637544155121,0.06792279332876205,0.017054904252290726
718,0.00012411187854013405,0.00012271403393242507,1.3978444883377961e-06,1.142913579940796,1.2754747867584229,1.2563949823379517,-0.28752851486206055,0.06795912981033325,0.017053691670298576
719,0.0001240216864971444,0.00012272485801076983,1.2968293049198109e-06,1.1428923606872559,1.2754876613616943,1.2563942670822144,-0.2875862717628479,0.06799335032701492,0.01705178990960121
720,0.00012414207740221172,0.00012289389524084983,1.2481829060106974e-06,1.1428709030151367,1.2755001783370972,1.2563930749893188,-0.287644624710083,0.06802673637866974,0.017048615962266922
721,0.00012395039775583427,0.00012277700479899068,1.1733924793588813e-06,1.1428499221801758,1.2755118608474731,1.2563917636871338,-0.2877018451690674,0.0680578351020813,0.017045101150870323
722,0.00012389102339511738,0.00012271788436919452,1.1731381732715818e-06,1.1428284645080566,1.2755235433578491,1.2563904523849487,-0.2877602279186249,0.06808910518884659,0.017041612416505814
723,0.00012439583297236824,0.00012276701418159063,1.6288203426029213e-06,1.142804503440857,1.2755355834960938,1.2563890218734741,-0.28782525658607483,0.0681212842464447,0.01703772507607937
724,0.00012389644216455055,0.00012268421487533488,1.2122287785132357e-06,1.1427825689315796,1.275547742843628,1.2563881874084473,-0.2878851294517517,0.06815360486507416,0.01703539676964283
725,0.000123784368406632,0.00012263180724403355,1.1525630952746723e-06,1.1427631378173828,1.2755591869354248,1.2563878297805786,-0.2879377603530884,0.06818430125713348,0.017034733667969704
726,0.00012377659950288944,0.00012270912702661008,1.0674721750092432e-06,1.142744541168213,1.2755703926086426,1.2563869953155518,-0.287988543510437,0.06821422278881073,0.01703266054391861
727,0.00012377844323054887,0.00012275047338334845,1.0279703474225244e-06,1.1427257061004639,1.27558171749115,1.256386160850525,-0.2880399525165558,0.06824436038732529,0.01703009568154812
728,0.00012456756703613792,0.00012282515854167286,1.7424083409878221e-06,1.1427057981491089,1.2755929231643677,1.2563852071762085,-0.2880942225456238,0.06827415525913239,0.017027487978339195
729,0.00012450811300368514,0.0001229058667377103,1.6022474767396488e-06,1.1426806449890137,1.2756048440933228,1.2563838958740234,-0.2881627380847931,0.06830622255802155,0.017024043947458267
730,0.00012411328789312391,0.00012281171329959762,1.3015749232181406e-06,1.1426594257354736,1.2756166458129883,1.2563828229904175,-0.28822022676467896,0.0683375746011734,0.017021454870700836
731,0.00012393690849421546,0.00012272398053028155,1.2129284755246771e-06,1.1426399946212769,1.2756280899047852,1.2563822269439697,-0.2882731854915619,0.06836829334497452,0.01701957918703556
732,0.00012389565636112821,0.00012270292900211642,1.192728575460933e-06,1.1426198482513428,1.275639533996582,1.2563812732696533,-0.28832775354385376,0.06839889287948608,0.01701696403324604
733,0.00012373560930427628,0.0001226256812515203,1.1099279987547562e-06,1.142599105834961,1.2756507396697998,1.2563800811767578,-0.2883845269680023,0.0684286430478096,0.017014075070619583
734,0.00012386152375256642,0.00012277124442334754,1.0902784879363026e-06,1.1425795555114746,1.275661587715149,1.2563791275024414,-0.2884378433227539,0.06845742464065552,0.017011485993862152
735,0.00012373575227684342,0.00012261063457117417,1.125117705669254e-06,1.1425602436065674,1.2756719589233398,1.2563780546188354,-0.2884904742240906,0.06848516315221786,0.017008334398269653
736,0.00012383902248984667,0.00012271952364244497,1.1194975570560928e-06,1.1425409317016602,1.2756829261779785,1.2563769817352295,-0.2885430157184601,0.06851478666067123,0.017005680128932
737,0.00012387215938360895,0.00012278088215680327,1.0912763599435493e-06,1.1425220966339111,1.2756935358047485,1.2563759088516235,-0.2885940968990326,0.06854280829429626,0.01700276881456375
738,0.00012377031198411713,0.00012264909346413334,1.1212190202058992e-06,1.1425039768218994,1.27570378780365,1.2563749551773071,-0.2886436879634857,0.06857020407915115,0.017000306397676468
739,0.00012390962328936438,0.00012265727236808742,1.2523511827566836e-06,1.1424847841262817,1.27571439743042,1.2563741207122803,-0.288695752620697,0.06859829276800156,0.01699800230562687
740,0.00012386884991428816,0.00012259326249477453,1.2755885393289645e-06,1.142466425895691,1.2757251262664795,1.256373405456543,-0.2887457311153412,0.0686270222067833,0.01699596457183361
741,0.0001237212258274667,0.0001225139647431206,1.2072609877122885e-06,1.1424471139907837,1.2757353782653809,1.2563724517822266,-0.288798451423645,0.06865473836660385,0.0169935692101717
742,0.00012396935126162133,0.00012255306937731804,1.4162831149633349e-06,1.1424293518066406,1.2757457494735718,1.2563716173171997,-0.28884661197662354,0.06868226826190948,0.01699126698076725
743,0.0001243491071363678,0.00012273970241949428,1.609405643421269e-06,1.1424064636230469,1.2757564783096313,1.256369709968567,-0.2889088988304138,0.06871096789836884,0.016986213624477386
744,0.00012388167524477467,0.00012257737980689854,1.3042948069141857e-06,1.1423852443695068,1.2757673263549805,1.25636887550354,-0.28896665573120117,0.06873979419469833,0.016984164714813232
745,0.00012413489967002533,0.0001226916956511559,1.443203382223146e-06,1.1423661708831787,1.2757775783538818,1.2563681602478027,-0.2890186905860901,0.06876729428768158,0.016982262954115868
746,0.00012453818053472787,0.00012287050121813082,1.6676798963999317e-06,1.1423449516296387,1.2757887840270996,1.2563674449920654,-0.2890767455101013,0.06879749149084091,0.01698010228574276
747,0.00012404722583596594,0.00012262351920071523,1.423707726644352e-06,1.1423264741897583,1.2757995128631592,1.2563666105270386,-0.2891269326210022,0.06882570683956146,0.01697794906795025
748,0.00012408625771058722,0.0001226564567332389,1.4298004259671871e-06,1.1423077583312988,1.2758097648620605,1.2563657760620117,-0.2891775965690613,0.06885325908660889,0.01697588711977005
749,0.00012407601316226645,0.00012267704951227643,1.39896191058142e-06,1.142289638519287,1.2758197784423828,1.2563647031784058,-0.28922706842422485,0.0688801035284996,0.016972875222563744
750,0.00012392569333314897,0.0001227155931701418,1.2101002198505739e-06,1.142271637916565,1.2758305072784424,1.256363868713379,-0.289276123046875,0.06890848278999329,0.01697060652077198
751,0.00012372576056804974,0.00012263582575542387,1.0899347103077161e-06,1.142255187034607,1.2758402824401855,1.256363034248352,-0.28932079672813416,0.06893466413021088,0.01696835085749626
752,0.0001236160100233974,0.0001225896652613301,1.0263447677516525e-06,1.1422388553619385,1.2758498191833496,1.256361961364746,-0.28936538100242615,0.06896006315946579,0.016965793445706367
753,0.0001236398453329457,0.00012261901320016478,1.0208335993411311e-06,1.1422228813171387,1.2758591175079346,1.2563610076904297,-0.28940892219543457,0.0689852386713028,0.016963299363851547
754,0.00012364960530248937,0.00012253419154149015,1.1154157334658522e-06,1.1422076225280762,1.27586829662323,1.2563601732254028,-0.28945058584213257,0.06900949031114578,0.016960889101028442
755,0.00012383955690893346,0.00012272087842575275,1.1186787475025994e-06,1.1421911716461182,1.2758773565292358,1.256359577178955,-0.2894951403141022,0.069033682346344,0.016959095373749733
756,0.00012340457651589533,0.00012243881428730674,9.657623280645567e-07,1.1421760320663452,1.2758862972259521,1.2563588619232178,-0.28953641653060913,0.06905762106180191,0.016957184299826622
757,0.00012330927529546898,0.00012235684916959145,9.524263305138447e-07,1.1421618461608887,1.275895357131958,1.256358027458191,-0.28957515954971313,0.0690816193819046,0.016955077648162842
758,0.00012337611187831498,0.00012245733560121153,9.187756774053924e-07,1.1421478986740112,1.2759040594100952,1.256357192993164,-0.28961288928985596,0.06910501420497894,0.01695283316075802
759,0.000123383266327437,0.00012245877805980854,9.244885291082027e-07,1.1421337127685547,1.2759127616882324,1.2563562393188477,-0.2896518111228943,0.06912821531295776,0.016950301826000214
760,0.0001233039452927187,0.00012238511735631618,9.188275498672737e-07,1.142119288444519,1.27592134475708,1.2563552856445312,-0.28969094157218933,0.06915096938610077,0.016947628930211067
761,0.00012356539409665856,0.000122453256699373,1.11213633999796e-06,1.142104148864746,1.2759298086166382,1.2563540935516357,-0.2897320091724396,0.06917361170053482,0.016944658011198044
762,0.00012331106590863784,0.00012240424039191566,9.068254911426266e-07,1.142089605331421,1.2759382724761963,1.2563532590866089,-0.2897719144821167,0.06919635087251663,0.016942333430051804
763,0.00012356509578239638,0.00012249758547113742,1.067510254415538e-06,1.142075538635254,1.2759462594985962,1.256352424621582,-0.289809912443161,0.06921753287315369,0.016939938068389893
764,0.00012353393794910516,0.00012249399878783152,1.039939351699104e-06,1.1420620679855347,1.275954246520996,1.2563515901565552,-0.2898467183113098,0.06923916190862656,0.016937917098402977
765,0.00012337123043835164,0.0001224164640007075,9.547666053322246e-07,1.1420478820800781,1.2759625911712646,1.2563509941101074,-0.28988519310951233,0.06926120072603226,0.016936324536800385
766,0.00012339384484221226,0.00012252744782017543,8.663975251010924e-07,1.1420345306396484,1.2759705781936646,1.2563502788543701,-0.28992167115211487,0.0692826360464096,0.01693435199558735
767,0.00012320737478148657,0.0001223451898113126,8.621860132507209e-07,1.1420214176177979,1.2759785652160645,1.2563495635986328,-0.2899574935436249,0.06930409371852875,0.01693241111934185
768,0.00012378964565868956,0.00012248605744389352,1.3035893516644136e-06,1.1420071125030518,1.2759867906570435,1.2563488483428955,-0.2899966537952423,0.0693257600069046,0.016930457204580307
769,0.00012346189214440528,0.00012247861559444573,9.83277863042531e-07,1.1419925689697266,1.2759950160980225,1.2563481330871582,-0.29003575444221497,0.06934793293476105,0.016928838565945625
770,0.00012332938313193155,0.00012242681223142426,9.025713296750837e-07,1.1419798135757446,1.2760028839111328,1.2563475370407104,-0.2900708317756653,0.06936903297901154,0.016927191987633705
771,0.0001234128125361167,0.00012247094673512038,9.418656816251314e-07,1.1419672966003418,1.2760109901428223,1.2563469409942627,-0.29010501503944397,0.06939052045345306,0.016925577074289322
772,0.0001233549504831899,0.0001223836348799523,9.71315060382949e-07,1.1419544219970703,1.2760189771652222,1.2563462257385254,-0.29013997316360474,0.06941182166337967,0.016923796385526657
773,0.00012329686287557707,0.00012238613890076523,9.10723602487451e-07,1.1419422626495361,1.2760264873504639,1.256345510482788,-0.2901727557182312,0.06943167746067047,0.016921689733862877
774,0.0001233215876709437,0.0001224194569658721,9.02130167901305e-07,1.1419299840927124,1.2760337591171265,1.2563445568084717,-0.2902064919471741,0.0694514662027359,0.016919199377298355
775,0.00012345872419246008,0.0001223620627570199,1.0966622568275852e-06,1.1419178247451782,1.2760411500930786,1.2563437223434448,-0.29023978114128113,0.0694708600640297,0.01691696234047413
776,0.00012327094300417228,0.0001222987073560944,9.722357958708017e-07,1.1419042348861694,1.2760484218597412,1.2563427686691284,-0.2902766466140747,0.06949019432067871,0.01691458746790886
777,0.00012355825638223905,0.00012251465232111515,1.0436035694283418e-06,1.1418917179107666,1.2760558128356934,1.2563419342041016,-0.29031088948249817,0.06950988620519638,0.016912328079342842
778,0.00012331204634392635,0.00012241794247529468,8.941040960053215e-07,1.1418795585632324,1.276063084602356,1.2563412189483643,-0.2903437316417694,0.06952963769435883,0.01691056229174137
779,0.00012387856259010732,0.0001225609186803922,1.317644310461219e-06,1.1418654918670654,1.2760714292526245,1.2563410997390747,-0.2903823256492615,0.0695519670844078,0.01690991222858429
780,0.0001232839287695242,0.00012236933180247432,9.145962053480616e-07,1.1418524980545044,1.2760790586471558,1.2563406229019165,-0.29041749238967896,0.06957222521305084,0.01690860278904438
781,0.00012320881724008358,0.00012237933442520442,8.294830337263192e-07,1.1418410539627075,1.2760862112045288,1.2563399076461792,-0.29044869542121887,0.0695912316441536,0.01690690964460373
782,0.00012309571284276898,0.0001223044888320146,7.912229676776406e-07,1.1418300867080688,1.2760928869247437,1.256339192390442,-0.2904784679412842,0.06960920989513397,0.016905004158616066
783,0.00012330321442277636,0.00012244641002325806,8.568030011701922e-07,1.1418194770812988,1.276099443435669,1.2563384771347046,-0.29050731658935547,0.06962688267230988,0.01690305769443512
784,0.00012322199727350381,0.0001223650098836515,8.569881146058833e-07,1.1418085098266602,1.2761061191558838,1.2563377618789673,-0.29053717851638794,0.06964438408613205,0.016901152208447456
785,0.00012306310200074221,0.00012224798010720405,8.151214018425889e-07,1.1417973041534424,1.2761127948760986,1.2563369274139404,-0.2905679941177368,0.06966220587491989,0.01689882203936577
786,0.00012320914756855928,0.00012220372518640944,1.0054221405653153e-06,1.1417863368988037,1.276119351387024,1.2563362121582031,-0.2905976474285126,0.06967959553003311,0.016896912828087807
787,0.00012350702381809243,0.00012250809522811322,9.989281409161776e-07,1.1417741775512695,1.2761257886886597,1.2563356161117554,-0.290630966424942,0.06969714164733887,0.01689545437693596
788,0.00012322305628913454,0.0001223603969265241,8.626591352367541e-07,1.1417629718780518,1.276132345199585,1.2563351392745972,-0.2906613349914551,0.06971447914838791,0.01689404435455799
789,0.00012314181549299974,0.00012233853958605324,8.032767198073998e-07,1.14175283908844,1.2761387825012207,1.2563345432281494,-0.2906888425350189,0.06973149627447128,0.01689254678785801
790,0.00012324794734013266,0.00012239041316206568,8.575355167295129e-07,1.1417428255081177,1.276145100593567,1.2563339471817017,-0.2907162010669708,0.06974836438894272,0.016890963539481163
791,0.00012316321081016213,0.0001222689839778468,8.94227420644711e-07,1.1417322158813477,1.276151418685913,1.256333351135254,-0.29074519872665405,0.0697656199336052,0.016889424994587898
792,0.00012324917333899065,0.00012240221876709257,8.469557229773273e-07,1.141721487045288,1.2761578559875488,1.2563327550888062,-0.29077428579330444,0.06978272646665573,0.016887901350855827
793,0.00012309424673730973,0.00012229241838213056,8.018289435085535e-07,1.1417111158370972,1.276164174079895,1.2563320398330688,-0.29080262780189514,0.06979942321777344,0.01688591204583645
794,0.00012309745798120276,0.00012228104060341138,8.164180684389067e-07,1.1417009830474854,1.276170253753662,1.2563313245773315,-0.29083025455474854,0.06981591880321503,0.016883956268429756
795,0.00012311728751228656,0.00012228615232743323,8.311347556855253e-07,1.141690969467163,1.2761764526367188,1.2563308477401733,-0.29085758328437805,0.06983235478401184,0.01688242331147194
796,0.00012305663803999778,0.00012222783370816615,8.288047013138566e-07,1.1416804790496826,1.276182770729065,1.2563302516937256,-0.2908857464790344,0.06984902173280716,0.016880767419934273
797,0.0001231506274052663,0.0001223295766976662,8.21051227717362e-07,1.1416704654693604,1.2761887311935425,1.2563295364379883,-0.29091310501098633,0.0698651447892189,0.016879038885235786
798,0.00012320228888711425,0.00012231656182848383,8.857285735075493e-07,1.1416603326797485,1.2761948108673096,1.2563289403915405,-0.29094094038009644,0.06988125294446945,0.016877559944987297
799,0.00012334651983110235,0.00012225547216075937,1.0910481535120199e-06,1.1416488885879517,1.276200771331787,1.256328821182251,-0.2909718155860901,0.06989730149507523,0.016877030953764915
800,0.00012296181157580576,0.0001221544898726279,8.073220129745096e-07,1.141639232635498,1.2762064933776855,1.2563283443450928,-0.29099830985069275,0.06991264224052429,0.016875989735126495
801,0.00012305410236876924,0.0001222857190441573,7.683846092731983e-07,1.1416300535202026,1.276212453842163,1.2563279867172241,-0.2910234332084656,0.0699286013841629,0.01687486842274666
802,0.00012302575523790438,0.0001222854400111828,7.403163579056127e-07,1.1416213512420654,1.2762181758880615,1.2563273906707764,-0.29104721546173096,0.06994345039129257,0.016873298212885857
803,0.00012309733901929575,0.00012220751050335822,8.898268475832082e-07,1.1416127681732178,1.2762235403060913,1.2563267946243286,-0.29107019305229187,0.06995781511068344,0.016871776431798935
804,0.0001234237333846977,0.00012229077547090128,1.1329576722118872e-06,1.1416029930114746,1.2762293815612793,1.25632643699646,-0.29109710454940796,0.06997376680374146,0.01687091588973999
805,0.0001233944120031083,0.00012239038478583096,1.0040271632760777e-06,1.1415932178497314,1.2762353420257568,1.2563258409500122,-0.29112353920936584,0.06998935341835022,0.016869287937879562
806,0.00012307191245781724,0.00012221924807818141,8.526643199502359e-07,1.1415833234786987,1.2762408256530762,1.2563252449035645,-0.29115042090415955,0.07000429928302765,0.016867561265826225
807,0.00012302629729674664,0.0001222359926032368,7.903047674062691e-07,1.1415746212005615,1.2762460708618164,1.2563245296478271,-0.2911745011806488,0.0700182095170021,0.016865821555256844
808,0.00012285885895835236,0.0001221007449203171,7.581137964507434e-07,1.1415660381317139,1.276251196861267,1.2563239336013794,-0.2911975085735321,0.07003194093704224,0.016864337027072906
809,0.00012330953577475157,0.0001224259820446605,8.835525960648738e-07,1.1415575742721558,1.2762564420700073,1.2563233375549316,-0.29122066497802734,0.07004572451114655,0.016862710937857628
810,0.0001232189064467093,0.00012237715709488838,8.417491841328228e-07,1.1415488719940186,1.276261806488037,1.2563228607177734,-0.2912442088127136,0.07006032019853592,0.01686130091547966
811,0.0001230005127581535,0.00012222809309605509,7.724185905999548e-07,1.1415404081344604,1.2762672901153564,1.2563223838806152,-0.2912673056125641,0.07007460296154022,0.016859961673617363
812,0.0001228388224262744,0.00012213830887048972,7.005131692494615e-07,1.1415326595306396,1.2762722969055176,1.256321907043457,-0.2912886142730713,0.07008806616067886,0.016858665272593498
813,0.0001228508339409018,0.0001220724323502509,7.784022983514661e-07,1.1415250301361084,1.2762771844863892,1.2563213109970093,-0.29130950570106506,0.07010109722614288,0.016857346519827843
814,0.00012305725904298014,0.00012229802159708926,7.592383894916566e-07,1.1415174007415771,1.2762818336486816,1.2563209533691406,-0.29133009910583496,0.07011374086141586,0.016856199130415916
815,0.00012294719235796946,0.00012223462654219474,7.125657219830828e-07,1.141509771347046,1.2762867212295532,1.2563203573226929,-0.29135093092918396,0.07012654095888138,0.016854802146553993
816,0.00012305268792260903,0.0001223228726303205,7.298142435274712e-07,1.1415026187896729,1.2762912511825562,1.2563199996948242,-0.2913701832294464,0.07013887166976929,0.016853615641593933
817,0.00012284669610380662,0.0001221757378516486,6.709588348030593e-07,1.1414954662322998,1.2762959003448486,1.256319522857666,-0.29138970375061035,0.07015115022659302,0.016852382570505142
818,0.00012283735959499608,0.0001221594324306352,6.779270819379235e-07,1.1414884328842163,1.2763004302978516,1.2563190460205078,-0.2914090156555176,0.07016337662935257,0.016851158812642097
819,0.00012320462774368935,0.0001223270512127783,8.775775569347388e-07,1.1414811611175537,1.2763051986694336,1.2563185691833496,-0.2914288341999054,0.07017561793327332,0.016849961131811142
820,0.00012314797895669473,0.00012231554464960936,8.324339631826661e-07,1.1414731740951538,1.276309847831726,1.256318211555481,-0.2914506793022156,0.0701884925365448,0.016848918050527573
821,0.0001229438370501157,0.00012214277994644364,8.010569587213468e-07,1.141465663909912,1.2763144969940186,1.2563176155090332,-0.2914709150791168,0.07020080834627151,0.016847489401698112
822,0.0001230143509019399,0.0001222515646077227,7.627871610793591e-07,1.1414583921432495,1.2763190269470215,1.2563172578811646,-0.2914908230304718,0.07021316140890121,0.016846248880028725
823,0.0001229419376613805,0.00012221647702972404,7.254612654605808e-07,1.141451358795166,1.2763237953186035,1.256316900253296,-0.29151004552841187,0.07022557407617569,0.016845284029841423
824,0.0001227846965775825,0.0001220911497512134,6.935467752100522e-07,1.141444444656372,1.276328206062317,1.2563164234161377,-0.29152897000312805,0.07023743540048599,0.016844067722558975
825,0.00012314180239627603,0.00012222806362842674,9.137392197544614e-07,1.1414368152618408,1.2763327360153198,1.2563159465789795,-0.2915496230125427,0.0702495276927948,0.016842741519212723
826,0.0001232013903063489,0.00012235470894665922,8.466809021001609e-07,1.1414294242858887,1.2763373851776123,1.2563154697418213,-0.2915695905685425,0.07026172429323196,0.01684178039431572
827,0.000123036213699379,0.00012222956756886562,8.066459770361689e-07,1.141421914100647,1.2763417959213257,1.2563151121139526,-0.29159021377563477,0.07027383148670197,0.01684052124619484
828,0.00012301778078835924,0.00012225969257997348,7.580882112279141e-07,1.1414146423339844,1.2763464450836182,1.2563146352767944,-0.2916099429130554,0.07028613984584808,0.01683937944471836
829,0.00012297493558435235,0.0001221298189193476,8.451171396473e-07,1.1414079666137695,1.276350975036621,1.2563141584396362,-0.29162833094596863,0.070297971367836,0.016838252544403076
830,0.00012306318058108445,0.00012221047436469234,8.5270583269903e-07,1.141400694847107,1.2763553857803345,1.2563138008117676,-0.29164811968803406,0.07030990719795227,0.016837215051054955
831,0.0001228434939548606,0.00012206182982481551,7.816643261548961e-07,1.1413938999176025,1.2763596773147583,1.256313443183899,-0.2916666269302368,0.07032143324613571,0.016836360096931458
832,0.0001229609191796044,0.00012222813020343893,7.327890330088849e-07,1.1413874626159668,1.2763638496398926,1.2563130855560303,-0.2916841208934784,0.0703323632478714,0.0168352909386158
833,0.00012283653704798781,0.0001221343827637611,7.021546991836658e-07,1.141380786895752,1.2763680219650269,1.256312608718872,-0.2917019724845886,0.07034365087747574,0.016834095120429993
834,0.00012295849701331462,0.00012217754920129664,7.809472094777447e-07,1.1413745880126953,1.2763720750808716,1.2563120126724243,-0.2917192876338959,0.07035444676876068,0.016832640394568443
835,0.00012307543511269614,0.0001222174847498536,8.579507976946843e-07,1.1413681507110596,1.2763761281967163,1.2563117742538452,-0.2917367219924927,0.07036538422107697,0.016831668093800545
836,0.0001229601537488634,0.00012215539099997842,8.047632121588322e-07,1.1413617134094238,1.2763803005218506,1.2563115358352661,-0.29175427556037903,0.07037627696990967,0.016830990090966225
837,0.0001231441074196482,0.00012215806236781646,9.86045606055086e-07,1.141355037689209,1.2763843536376953,1.2563111782073975,-0.29177212715148926,0.07038727402687073,0.016830408945679665
838,0.00012299331247049848,0.0001221938964590663,7.994150678314327e-07,1.1413476467132568,1.27638840675354,1.2563111782073975,-0.2917923629283905,0.07039833068847656,0.016830017790198326
839,0.00012322411930654198,0.0001223701434355462,8.53975186032585e-07,1.1413413286209106,1.2763924598693848,1.2563108205795288,-0.2918098270893097,0.07040877640247345,0.01682914048433304
840,0.0001231722711963812,0.00012235517460794653,8.170966196985319e-07,1.141334891319275,1.2763962745666504,1.2563104629516602,-0.2918272614479065,0.07041899114847183,0.016828246414661407
841,0.0001228780070960056,0.00012213559130032082,7.424151647228427e-07,1.1413288116455078,1.276399850845337,1.2563101053237915,-0.2918436527252197,0.0704287737607956,0.016827283427119255
842,0.00012275108638277744,0.00012204810373077635,7.029823620996467e-07,1.1413230895996094,1.276403546333313,1.2563097476959229,-0.29185956716537476,0.07043855637311935,0.016826264560222626
843,0.000122781788741122,0.00012210808163217734,6.737076404306208e-07,1.14131760597229,1.27640700340271,1.2563093900680542,-0.2918744683265686,0.07044801861047745,0.01682526245713234
844,0.00012290364866203164,0.0001222652310389094,6.384178277585306e-07,1.1413124799728394,1.276410460472107,1.2563090324401855,-0.29188841581344604,0.07045704126358032,0.016824370250105858
845,0.00012289561018405948,0.0001222013986989623,6.942106637097823e-07,1.1413073539733887,1.2764137983322144,1.256308674812317,-0.2919023633003235,0.07046594470739365,0.016823427751660347
846,0.00012289894875721074,0.00012221207289258017,6.868761175837789e-07,1.1413021087646484,1.2764171361923218,1.2563083171844482,-0.2919166684150696,0.07047504931688309,0.016822706907987595
847,0.00012274082837393507,0.00012208673979330342,6.540879496697017e-07,1.1412971019744873,1.2764204740524292,1.2563080787658691,-0.29193034768104553,0.07048369199037552,0.01682187244296074
848,0.00012277944515517447,0.00012211796201881951,6.614817294803288e-07,1.1412919759750366,1.276423692703247,1.256307601928711,-0.2919440269470215,0.07049241662025452,0.01682094670832157
849,0.0001229034191055689,0.00012219695963722188,7.064600850981151e-07,1.1412872076034546,1.2764267921447754,1.2563073635101318,-0.29195693135261536,0.0705007016658783,0.01682005450129509
850,0.00012272195854166058,0.0001219750745804049,7.468839299917818e-07,1.141282320022583,1.2764300107955933,1.2563071250915527,-0.29197070002555847,0.07050932943820953,0.016819361597299576
851,0.0001227158554684138,0.00012206178071210161,6.540739292404396e-07,1.1412773132324219,1.2764332294464111,1.256306767463684,-0.29198428988456726,0.07051802426576614,0.0168185755610466
852,0.00012280489172553644,0.00012211519861011767,6.89694104494265e-07,1.1412723064422607,1.2764363288879395,1.256306529045105,-0.291997492313385,0.07052630186080933,0.016817694529891014
853,0.00012285387274459935,0.00012213196641823741,7.219058460350424e-07,1.1412676572799683,1.2764394283294678,1.2563061714172363,-0.29201051592826843,0.07053444534540176,0.016816869378089905
854,0.00012275441767997108,0.00012204098529764452,7.134324079061116e-07,1.1412626504898071,1.276442527770996,1.2563059329986572,-0.29202404618263245,0.07054286450147629,0.016816264018416405
855,0.00012321229987719562,0.00012209511078253854,1.1171893049777283e-06,1.1412577629089355,1.2764455080032349,1.2563056945800781,-0.29203709959983826,0.07055069506168365,0.016815556213259697
856,0.00012323304363235366,0.00012229005405970384,9.429897858126424e-07,1.141250729560852,1.2764490842819214,1.256305456161499,-0.29205650091171265,0.07056010514497757,0.01681513898074627
857,0.00012296428831177765,0.00012220232165418565,7.619662966362739e-07,1.1412454843521118,1.2764525413513184,1.2563053369522095,-0.2920706272125244,0.07056926935911179,0.016814664006233215
858,0.00012313170664128846,0.00012222352852404584,9.081787936793262e-07,1.1412410736083984,1.2764555215835571,1.2563050985336304,-0.29208290576934814,0.07057727128267288,0.01681390590965748
859,0.00012304646043048706,0.00012222976147313602,8.166986702917711e-07,1.1412359476089478,1.2764583826065063,1.2563048601150513,-0.2920967638492584,0.07058504968881607,0.01681332476437092
860,0.00012275588196644093,0.00012202005418657791,7.358274132229781e-07,1.1412314176559448,1.276461124420166,1.2563046216964722,-0.29210928082466125,0.0705924928188324,0.016812747344374657
861,0.000122738275968004,0.00012208814223413356,6.501352316945485e-07,1.1412267684936523,1.2764638662338257,1.2563042640686035,-0.2921214997768402,0.07059964537620544,0.01681164838373661
862,0.00012293033687456046,0.00012214371490699706,7.866228230568595e-07,1.1412227153778076,1.2764663696289062,1.2563039064407349,-0.2921326756477356,0.07060649991035461,0.016810763627290726
863,0.00012285136072023305,0.00012199599441373721,8.55365749430348e-07,1.1412183046340942,1.276469111442566,1.2563036680221558,-0.2921445965766907,0.07061358541250229,0.016810059547424316
864,0.00012280886658118108,0.00012204439080960583,7.644761211622608e-07,1.1412137746810913,1.2764718532562256,1.256303310394287,-0.29215723276138306,0.07062070071697235,0.01680936850607395
865,0.00012274126056581735,0.00012206842948216944,6.728306004788464e-07,1.141209602355957,1.2764743566513062,1.2563031911849976,-0.2921684980392456,0.07062772661447525,0.01680893264710903
866,0.00012262298914720305,0.00012198856929899194,6.344187482909547e-07,1.1412056684494019,1.2764769792556763,1.256303071975708,-0.2921793758869171,0.0706346407532692,0.016808226704597473
867,0.00012268484824744518,0.00012202923135191668,6.556185297768025e-07,1.1412018537521362,1.2764793634414673,1.2563025951385498,-0.2921895384788513,0.07064110785722733,0.016807539388537407
868,0.00012272674757696223,0.00012209388842165936,6.328586295012428e-07,1.1411983966827393,1.2764818668365479,1.2563023567199707,-0.29219934344291687,0.07064761221408844,0.016806820407509804
869,0.00012282805328140968,0.00012221062170283403,6.174311977247271e-07,1.1411947011947632,1.2764842510223389,1.2563021183013916,-0.29220911860466003,0.07065402716398239,0.016806086525321007
870,0.00012269833932805342,0.0001220417379954597,6.566004657315716e-07,1.141191005706787,1.2764866352081299,1.2563018798828125,-0.29221922159194946,0.07066047936677933,0.016805367544293404
871,0.00012294458429096267,0.0001221245482156519,8.200361747867646e-07,1.141187071800232,1.276489019393921,1.2563016414642334,-0.29222992062568665,0.07066664099693298,0.0168047696352005
872,0.00012287938225199468,0.00012218970296089536,6.896805217593283e-07,1.141183614730835,1.2764912843704224,1.2563014030456543,-0.29223957657814026,0.07067281752824783,0.01680421642959118
873,0.0001230050802405458,0.00012220321295899338,8.01866343635993e-07,1.1411799192428589,1.2764936685562134,1.2563011646270752,-0.2922493815422058,0.07067912817001343,0.016803596168756485
874,0.00012278836366022005,0.00012209152991999873,6.968330950485324e-07,1.1411761045455933,1.2764959335327148,1.256300926208496,-0.29225969314575195,0.07068526744842529,0.016803015023469925
875,0.0001227310949616367,0.00012208505468151997,6.460411412945177e-07,1.1411726474761963,1.2764983177185059,1.2563008069992065,-0.29226911067962646,0.07069145143032074,0.01680235005915165
876,0.00012273009415366686,0.00012209470332891215,6.353903984290809e-07,1.1411694288253784,1.2765004634857178,1.256300449371338,-0.29227790236473083,0.07069716602563858,0.016801537945866585
877,0.00012272990352357738,0.00012212254623591434,6.073567561770688e-07,1.14116632938385,1.2765024900436401,1.2563002109527588,-0.2922864258289337,0.07070271670818329,0.01680086739361286
878,0.00012264544529898557,0.00012204101403767709,6.044294821094809e-07,1.1411632299423218,1.276504635810852,1.2562999725341797,-0.2922947108745575,0.07070823758840561,0.016800275072455406
879,0.00012271760424482637,0.00012207781801407692,6.397861881168865e-07,1.141160249710083,1.2765065431594849,1.2562997341156006,-0.29230278730392456,0.07071355730295181,0.016799673438072205
880,0.00012261811571079306,0.00012201241370348725,6.05702572897826e-07,1.1411573886871338,1.2765085697174072,1.2562994956970215,-0.2923107147216797,0.07071886956691742,0.016799159348011017
881,0.00012251355292391963,0.00012192902358947322,5.845285386385513e-07,1.1411545276641846,1.27651047706604,1.256299376487732,-0.29231852293014526,0.07072412222623825,0.01679855026304722
882,0.00012275577391847038,0.00012203948535898235,7.162896707768596e-07,1.1411515474319458,1.2765123844146729,1.2562990188598633,-0.2923266589641571,0.07072905451059341,0.01679791323840618
883,0.00012270806000742597,0.00012202486614114605,6.831927862549491e-07,1.141148567199707,1.2765141725540161,1.2562988996505737,-0.29233473539352417,0.07073402404785156,0.01679736003279686
884,0.0001226595115440432,0.00012192744034109638,7.320704298763303e-07,1.1411457061767578,1.276516079902649,1.2562987804412842,-0.2923426032066345,0.07073896378278732,0.01679682359099388
885,0.00012264457145647612,0.00012204804152133874,5.965289773257609e-07,1.1411426067352295,1.2765178680419922,1.2562984228134155,-0.29235073924064636,0.07074391841888428,0.01679629646241665
886,0.00012269737999304198,0.00012204708727949764,6.502928584950495e-07,1.1411399841308594,1.276519775390625,1.256298303604126,-0.2923581004142761,0.07074876129627228,0.01679583452641964
887,0.00012275769440748264,0.00012212582150823438,6.318723848153241e-07,1.1411373615264893,1.2765214443206787,1.2562981843948364,-0.29236525297164917,0.07075358182191849,0.016795413568615913
888,0.00012265992700122297,0.00012204237500554883,6.175509895456344e-07,1.1411347389221191,1.2765233516693115,1.2562980651855469,-0.2923724055290222,0.07075825333595276,0.01679491437971592
889,0.00012275194421818014,0.00012206127612444107,6.906686294883002e-07,1.141132116317749,1.2765250205993652,1.2562977075576782,-0.29237955808639526,0.07076290994882584,0.0167943574488163
890,0.00012314953601162416,0.00012224374622746837,9.05789286775871e-07,1.1411292552947998,1.2765268087387085,1.2562975883483887,-0.29238730669021606,0.07076756656169891,0.016793860122561455
891,0.00012283961223147344,0.00012219266645843163,6.469458014635166e-07,1.1411263942718506,1.2765285968780518,1.2562974691390991,-0.29239514470100403,0.07077226787805557,0.01679362542927265
892,0.0001226425953063881,0.00012199821903777775,6.44377678327146e-07,1.14112389087677,1.276530146598816,1.2562973499298096,-0.29240188002586365,0.07077674567699432,0.016793346032500267
893,0.00012257178241270594,0.00012190844608994666,6.633346231410542e-07,1.141121506690979,1.2765318155288696,1.25629723072052,-0.2924084961414337,0.07078104466199875,0.01679292879998684
894,0.00012267416022950783,0.00012203786354803015,6.362970054851758e-07,1.141119122505188,1.2765333652496338,1.256296992301941,-0.2924148738384247,0.07078506052494049,0.016792476177215576
895,0.00012262159325473476,0.00012204522390675265,5.763701494743146e-07,1.1411168575286865,1.2765347957611084,1.2562968730926514,-0.2924209535121918,0.07078906148672104,0.016792064532637596
896,0.0001225601099577034,0.00012198546428408009,5.746465660649847e-07,1.1411147117614746,1.2765363454818726,1.2562966346740723,-0.2924269139766693,0.07079298049211502,0.01679161936044693
897,0.00012248914063093253,0.00012192340327601414,5.657370252265537e-07,1.1411125659942627,1.2765376567840576,1.2562966346740723,-0.29243266582489014,0.07079678028821945,0.01679118536412716
898,0.00012272324311197736,0.00012202816251374315,6.950801349603353e-07,1.1411104202270508,1.2765392065048218,1.2562963962554932,-0.2924386262893677,0.07080066204071045,0.016790781170129776
899,0.0001226237895025406,0.00012205189232190605,5.718978130175856e-07,1.1411082744598389,1.2765405178070068,1.2562962770462036,-0.29244428873062134,0.07080446928739548,0.01679045706987381
900,0.00012268873215361963,0.00012194636365165934,7.423692267138904e-07,1.141106367111206,1.2765419483184814,1.256296157836914,-0.2924497425556183,0.07080817222595215,0.016790039837360382
901,0.0001230109322932549,0.00012196388051961548,1.047051469527105e-06,1.141103982925415,1.276543378829956,1.256295919418335,-0.29245609045028687,0.07081186026334763,0.016789628192782402
902,0.00012293700128793717,0.00012217611183586996,7.608896197552895e-07,1.1411011219024658,1.2765448093414307,1.256295919418335,-0.2924638092517853,0.07081560045480728,0.016789335757493973
903,0.00012273713182366918,0.00012199753764434718,7.395942986931914e-07,1.141098976135254,1.2765461206436157,1.2562958002090454,-0.29246994853019714,0.07081925123929977,0.01678905263543129
904,0.00012270832376088948,0.00012202190664538648,6.86416154849212e-07,1.1410969495773315,1.2765474319458008,1.2562955617904663,-0.2924753427505493,0.07082274556159973,0.01678873971104622
905,0.00012284291733521968,0.00012206022147438489,7.826975149782811e-07,1.1410949230194092,1.2765487432479858,1.2562954425811768,-0.2924807071685791,0.0708262249827385,0.016788424924016
906,0.00012258338720130268,0.00012198466101835948,5.987249579675335e-07,1.1410930156707764,1.2765499353408813,1.2562954425811768,-0.29248616099357605,0.07082948833703995,0.016788143664598465
907,0.00012264423858141527,0.00012204857412143611,5.956651278893332e-07,1.1410911083221436,1.2765512466430664,1.2562953233718872,-0.29249101877212524,0.07083280384540558,0.01678784377872944
908,0.0001227128188475035,0.00012212194742460268,5.908710278390572e-07,1.1410894393920898,1.2765523195266724,1.2562952041625977,-0.2924957871437073,0.07083594053983688,0.016787521541118622
909,0.00012262973687029443,0.00012200456803839188,6.251692298064882e-07,1.1410877704620361,1.2765535116195679,1.256295084953308,-0.29250046610832214,0.07083901762962341,0.01678718626499176
910,0.00012264065226190722,0.0001218756315211067,7.650196323538693e-07,1.1410861015319824,1.2765545845031738,1.2562949657440186,-0.2925049662590027,0.07084198296070099,0.016786890104413033
911,0.0001225138010340743,0.00012191278365207836,6.010183426496951e-07,1.1410841941833496,1.2765557765960693,1.256294846534729,-0.2925098240375519,0.07084496319293976,0.0167866051197052
912,0.00012258519200258888,0.00012191748537588864,6.677048205006031e-07,1.141082763671875,1.2765569686889648,1.2562947273254395,-0.29251420497894287,0.07084790617227554,0.016786348074674606
913,0.00012279857510293367,0.0001221868489665212,6.117259033544542e-07,1.1410810947418213,1.2765579223632812,1.25629460811615,-0.2925184965133667,0.07085072994232178,0.016786079853773117
914,0.0001225650976266479,0.00012196893003419973,5.961693346989705e-07,1.1410795450210571,1.2765589952468872,1.2562944889068604,-0.292522668838501,0.07085353881120682,0.016785787418484688
915,0.00012267616912140512,0.00012209418164275121,5.8198874341997e-07,1.1410781145095825,1.2765599489212036,1.2562944889068604,-0.29252681136131287,0.07085628807544708,0.016785478219389915
916,0.00012260827716090717,0.00012201232166262344,5.959549937983866e-07,1.1410765647888184,1.2765610218048096,1.2562943696975708,-0.2925308048725128,0.07085894048213959,0.016785161569714546
917,0.00012266361445654184,0.00012197595460747835,6.876588003024154e-07,1.1410752534866333,1.276561975479126,1.2562941312789917,-0.29253458976745605,0.07086148113012314,0.016784872859716415
918,0.0001225060834258329,0.00012193067450425588,5.754088860498996e-07,1.1410737037658691,1.2765629291534424,1.2562940120697021,-0.2925385534763336,0.07086386531591415,0.01678459532558918
919,0.00012272357707843184,0.00012198712429380975,7.3645066578365e-07,1.141072392463684,1.2765636444091797,1.2562940120697021,-0.2925421893596649,0.07086624950170517,0.01678435690701008
920,0.00012260666662768926,0.00012205365674162749,5.530099798534138e-07,1.1410709619522095,1.276564598083496,1.2562938928604126,-0.2925461232662201,0.07086863368749619,0.016784129664301872
921,0.00012248051280039363,0.00012192091053293552,5.596015455466841e-07,1.1410696506500244,1.276565432548523,1.256293773651123,-0.29254963994026184,0.07087089121341705,0.016783922910690308
922,0.00012253988898009994,0.00012193399816169403,6.058904858718961e-07,1.1410685777664185,1.2765662670135498,1.256293773651123,-0.2925527095794678,0.07087312638759613,0.016783686354756355
923,0.00012280174414627253,0.00012206107239762787,7.406726439285193e-07,1.141067385673523,1.2765671014785767,1.2562936544418335,-0.29255589842796326,0.07087535411119461,0.016783451661467552
924,0.00012248892162460833,0.00012192114045319613,5.677805063442066e-07,1.141066312789917,1.2765679359436035,1.256293535232544,-0.2925591766834259,0.07087748497724533,0.016783207654953003
925,0.00012258180577191525,0.00012201962272229139,5.62182722774196e-07,1.141065001487732,1.2765686511993408,1.256293535232544,-0.2925621569156647,0.07087957113981247,0.016783012077212334
926,0.00012265768345969262,0.00012210474415041972,5.529393675374194e-07,1.141063928604126,1.2765693664550781,1.2562934160232544,-0.29256513714790344,0.07088164240121841,0.016782838851213455
927,0.00012272032981854863,0.000122015750821447,7.045789644166689e-07,1.14106285572052,1.276570200920105,1.2562932968139648,-0.2925681471824646,0.07088358700275421,0.01678263209760189
928,0.00012273290703888052,0.00012206218671053647,6.707199901256899e-07,1.141061782836914,1.2765709161758423,1.2562932968139648,-0.2925713062286377,0.07088546454906464,0.016782434657216072
929,0.00012263650169188622,0.00012201812205603346,6.183789764691028e-07,1.1410605907440186,1.2765716314315796,1.2562931776046753,-0.29257428646087646,0.07088737189769745,0.016782227903604507
930,0.00012258414644747973,0.00012198086733405944,6.032803028688249e-07,1.1410596370697021,1.2765722274780273,1.2562931776046753,-0.2925768494606018,0.07088916003704071,0.016782063990831375
931,0.000122757806093432,0.00012204702652525156,7.107777037163032e-07,1.1410586833953857,1.2765729427337646,1.2562930583953857,-0.2925795316696167,0.07089094817638397,0.016781896352767944
932,0.00012256106783752329,0.00012191683890705463,6.442297703301847e-07,1.1410577297210693,1.276573657989502,1.2562930583953857,-0.2925822138786316,0.07089271396398544,0.01678173989057541
933,0.00012259034883754794,0.00012203160949866287,5.587400067952331e-07,1.141056776046753,1.2765742540359497,1.2562930583953857,-0.2925846576690674,0.07089442014694214,0.016781574115157127
934,0.00012256629634066485,0.00012199108532513492,5.752106176259985e-07,1.141055941581726,1.276574969291687,1.2562929391860962,-0.2925870418548584,0.07089605927467346,0.01678142324090004
935,0.000122393922356423,0.00012183938670204953,5.545346567714659e-07,1.1410551071166992,1.2765755653381348,1.2562928199768066,-0.2925894260406494,0.07089761644601822,0.016781240701675415
936,0.000122598835878307,0.00012198572476336267,6.13110884728485e-07,1.1410541534423828,1.276576042175293,1.256292700767517,-0.29259181022644043,0.0708991065621376,0.016781067475676537
937,0.00012267367274034768,0.00012206606297695543,6.076092489593065e-07,1.1410531997680664,1.2765765190124512,1.256292700767517,-0.29259419441223145,0.0709005817770958,0.01678091287612915
938,0.0001224918458319735,0.0001219491910887882,5.426546508147112e-07,1.141052484512329,1.276577115058899,1.2562925815582275,-0.29259634017944336,0.0709020346403122,0.016780754551291466
939,0.00012284742260817438,0.00012203325641166885,8.141669582073518e-07,1.1410517692565918,1.2765777111053467,1.2562925815582275,-0.29259851574897766,0.07090339809656143,0.01678060181438923
940,0.00012248839302628767,0.0001219306570419576,5.577375802090501e-07,1.1410510540008545,1.2765780687332153,1.2562925815582275,-0.29260045289993286,0.0709047019481659,0.016780463978648186
941,0.0001225419375259662,0.00012194856244605035,5.933761840992702e-07,1.1410503387451172,1.276578664779663,1.256292462348938,-0.2926022410392761,0.07090604305267334,0.016780322417616844
942,0.0001226983582455432,0.00012207613690407015,6.222214494755463e-07,1.1410496234893799,1.2765791416168213,1.256292462348938,-0.2926040291786194,0.07090729475021362,0.016780192032456398
943,0.00012252936721779406,0.00012198400872875936,5.453597054838611e-07,1.1410490274429321,1.27657949924469,1.2562923431396484,-0.29260581731796265,0.07090848684310913,0.01678006909787655
944,0.00012271441883058288,0.0001221555667143548,5.588515833210295e-07,1.1410484313964844,1.2765799760818481,1.2562923431396484,-0.2926076054573059,0.07090967893600464,0.016779957339167595
945,0.00012277540554350708,0.00012194259325042367,8.328117047540217e-07,1.141047716140747,1.2765804529190063,1.2562923431396484,-0.29260942339897156,0.0709107294678688,0.016779841855168343
946,0.000122776293210336,0.00012204025479150005,7.360403003531246e-07,1.1410470008850098,1.276580810546875,1.2562923431396484,-0.2926114499568939,0.07091177254915237,0.01677973009645939
947,0.00012280357332201676,0.00012189962035336066,9.039528748644443e-07,1.1410462856292725,1.2765811681747437,1.2562923431396484,-0.29261329770088196,0.07091281563043594,0.016779618337750435
948,0.0001224702256877208,0.0001219067500642268,5.634745988913892e-07,1.1410455703735352,1.2765815258026123,1.2562922239303589,-0.2926151156425476,0.07091376930475235,0.016779519617557526
949,0.0001226519929332426,0.00012205204875499475,5.999443587256792e-07,1.1410452127456665,1.276581883430481,1.2562922239303589,-0.2926163673400879,0.07091470062732697,0.01677941344678402
950,0.00012248749189893715,0.00012194681112305261,5.406815958508559e-07,1.1410447359085083,1.2765822410583496,1.2562921047210693,-0.2926175892353058,0.07091564685106277,0.01677931845188141
951,0.0001224181385623524,0.0001218446221173508,5.735146274332692e-07,1.14104425907135,1.2765825986862183,1.2562919855117798,-0.2926187813282013,0.0709165409207344,0.016779225319623947
952,0.0001227060656674439,0.00012201111385365949,6.949532163957884e-07,1.1410439014434814,1.276582956314087,1.2562919855117798,-0.2926200032234192,0.07091739773750305,0.01677914336323738
953,0.0001224697338329861,0.0001219106121425284,5.591210211264297e-07,1.1410434246063232,1.276583194732666,1.2562919855117798,-0.2926212549209595,0.07091815769672394,0.016779055818915367
954,0.00012247267040947917,0.00012191343048471027,5.592400611931225e-07,1.141042947769165,1.2765834331512451,1.2562918663024902,-0.292622447013855,0.07091890275478363,0.01677897945046425
955,0.00012253950990270823,0.00012197735122754239,5.621582289450089e-07,1.1410424709320068,1.2765836715698242,1.2562918663024902,-0.2926236391067505,0.07091964781284332,0.01677890494465828
956,0.00012247791673871688,0.00012194680421089288,5.311123004503316e-07,1.1410419940948486,1.2765840291976929,1.2562918663024902,-0.292624831199646,0.07092039287090302,0.01677883043885231
957,0.00012257039961696136,0.00012202975449326914,5.406461724533074e-07,1.14104163646698,1.276584267616272,1.2562918663024902,-0.2926260232925415,0.07092104107141495,0.01677875593304634
958,0.00012263028875167948,0.00012200632190797477,6.239669261276504e-07,1.1410412788391113,1.2765843868255615,1.2562918663024902,-0.2926271855831146,0.0709216445684433,0.01677868142724037
959,0.00012279776819923427,0.00012211578687129076,6.819804610813663e-07,1.1410408020019531,1.2765847444534302,1.2562918663024902,-0.2926282286643982,0.07092224061489105,0.016778606921434402
960,0.00012276512097741943,0.00012207689287606626,6.882281653020073e-07,1.141040563583374,1.2765848636627197,1.2562917470932007,-0.2926291823387146,0.0709228366613388,0.016778532415628433
961,0.00012258082424523308,0.00012196557836432475,6.15246342761111e-07,1.1410400867462158,1.2765851020812988,1.2562917470932007,-0.2926301062107086,0.07092343270778656,0.016778457909822464
962,0.00012255790061317385,0.00012200164965179284,5.562493981869921e-07,1.1410398483276367,1.276585340499878,1.2562917470932007,-0.29263070225715637,0.07092402875423431,0.01677841879427433
963,0.00012254645189386794,0.00012190300039947033,6.43451770088177e-07,1.1410397291183472,1.276585578918457,1.2562917470932007,-0.2926312983036041,0.07092447578907013,0.016778381541371346
964,0.00012242906959727406,0.00012188409418740775,5.449772331189706e-07,1.141039490699768,1.2765856981277466,1.2562916278839111,-0.2926318943500519,0.07092492282390594,0.01677834428846836
965,0.0001226560245413566,0.00012192226349725389,7.337614079006016e-07,1.1410393714904785,1.2765858173370361,1.2562916278839111,-0.29263249039649963,0.07092536985874176,0.016778307035565376
966,0.00012242073426023127,0.00012182502759969794,5.957077931384446e-07,1.1410391330718994,1.2765860557556152,1.2562916278839111,-0.2926330864429474,0.07092581689357758,0.01677826978266239
967,0.0001224748935783282,0.000121922342441394,5.525517693172333e-07,1.1410387754440308,1.2765862941741943,1.2562916278839111,-0.29263368248939514,0.07092626392841339,0.016778232529759407
968,0.00012272059793758672,0.00012192595895612612,7.94639935008945e-07,1.1410386562347412,1.2765864133834839,1.2562916278839111,-0.2926342785358429,0.07092669606208801,0.016778195276856422
969,0.00012267871388758068,0.00012203860387671739,6.401091823704518e-07,1.141038417816162,1.2765865325927734,1.2562916278839111,-0.29263487458229065,0.07092699408531189,0.016778158023953438
970,0.00012242944358149544,0.00012188407526991796,5.453668137533895e-07,1.141038179397583,1.2765865325927734,1.2562916278839111,-0.2926354706287384,0.07092729210853577,0.016778120771050453
971,0.00012240261348779314,0.00012185963350930251,5.429797241163214e-07,1.141037940979004,1.276586651802063,1.2562916278839111,-0.29263606667518616,0.07092759013175964,0.01677808351814747
972,0.00012264233046153095,0.00012192583781143185,7.164941251858181e-07,1.1410377025604248,1.276586890220642,1.2562916278839111,-0.2926366627216339,0.07092788815498352,0.016778046265244484
973,0.000122892314902856,0.00012209927699586843,7.930382480481058e-07,1.1410374641418457,1.2765870094299316,1.2562916278839111,-0.29263725876808167,0.0709281861782074,0.0167780090123415
974,0.00012259655741218012,0.00012198454678582493,6.120109162566223e-07,1.1410373449325562,1.2765870094299316,1.2562916278839111,-0.2926378548145294,0.07092848420143127,0.016777971759438515
975,0.00012240937830938493,0.0001218170680658659,5.923115097061782e-07,1.141037106513977,1.2765871286392212,1.2562916278839111,-0.2926384508609772,0.07092870771884918,0.01677793450653553
976,0.0001229582278028829,0.00012213035661261528,8.278711845832732e-07,1.1410367488861084,1.2765872478485107,1.2562916278839111,-0.2926390469074249,0.07092886418104172,0.016777897253632545
977,0.00012266669145901687,0.00012207638974359725,5.903020607433973e-07,1.1410366296768188,1.2765872478485107,1.2562915086746216,-0.2926396131515503,0.07092901319265366,0.016777869313955307
978,0.00012249204555701,0.00012191911628178786,5.72928534836592e-07,1.1410366296768188,1.2765872478485107,1.2562915086746216,-0.2926396131515503,0.0709291622042656,0.016777850687503815
979,0.00012242091834195888,0.00012188940236228518,5.315151682339092e-07,1.1410366296768188,1.2765872478485107,1.2562915086746216,-0.2926396131515503,0.07092931121587753,0.016777850687503815
980,0.00012252349915797822,0.00012193474103696644,5.8875845638795e-07,1.1410366296768188,1.2765873670578003,1.2562915086746216,-0.2926396131515503,0.07092946022748947,0.016777850687503815
981,0.00012252583364897874,0.00012195134549983778,5.744901812931858e-07,1.1410366296768188,1.2765874862670898,1.2562915086746216,-0.2926396131515503,0.07092960923910141,0.016777850687503815
982,0.0001225449734192807,0.0001219990590470843,5.459138321839418e-07,1.1410366296768188,1.2765876054763794,1.2562915086746216,-0.2926396131515503,0.07092975825071335,0.016777850687503815
983,0.0001226014141138876,0.00012193992297397927,6.61491871767339e-07,1.1410366296768188,1.2765876054763794,1.2562915086746216,-0.2926396131515503,0.07092990726232529,0.016777850687503815
984,0.00012258960887265858,0.0001219309266161872,6.586813867670571e-07,1.1410366296768188,1.2765876054763794,1.2562915086746216,-0.2926396131515503,0.07093005627393723,0.016777850687503815
985,0.00012244127647136337,0.00012179813602415379,6.431396613493234e-07,1.1410366296768188,1.276587724685669,1.2562915086746216,-0.2926396131515503,0.07093020528554916,0.016777850687503815
986,0.00012267630081623792,0.00012214943235449026,5.268696213533986e-07,1.1410366296768188,1.276587724685669,1.2562915086746216,-0.2926396131515503,0.07093020528554916,0.016777850687503815
987,0.0001226876898726914,0.00012210121967655142,5.864694202273313e-07,1.1410366296768188,1.276587724685669,1.2562915086746216,-0.2926396131515503,0.07093020528554916,0.016777850687503815
988,0.00012249289866304026,0.00012196318966744002,5.297091874467696e-07,1.1410366296768188,1.276587724685669,1.2562915086746216,-0.2926396131515503,0.07093020528554916,0.016777850687503815
989,0.00012253550812602043,0.0001219673049490666,5.68204214346224e-07,1.1410366296768188,1.276587724685669,1.2562915086746216,-0.2926396131515503,0.07093020528554916,0.016777850687503815
990,0.00012265318400750402,0.00012202725338283926,6.259298814370596e-07,1.1410366296768188,1.276587724685669,1.2562915086746216,-0.2926396131515503,0.07093020528554916,0.016777850687503815
991,0.0001224931613251101,0.00012188597065687645,6.071907620253114e-07,1.1410366296768188,1.276587724685669,1.2562915086746216,-0.2926396131515503,0.07093020528554916,0.016777850687503815
992,0.0001224316107254708,0.00012187791871838271,5.536925613114363e-07,1.1410366296768188,1.276587724685669,1.2562915086746216,-0.2926396131515503,0.07093020528554916,0.016777850687503815
993,0.00012267320380487945,0.00012202129364595749,6.519117803804874e-07,1.1410366296768188,1.276587724685669,1.2562915086746216,-0.2926396131515503,0.07093020528554916,0.016777850687503815
994,0.00012258355563972146,0.00012200150558783207,5.820496014052878e-07,1.1410366296768188,1.276587724685669,1.2562915086746216,-0.2926396131515503,0.07093020528554916,0.016777850687503815
995,0.0001226290682097897,0.00012208340849610976,5.4566054359384e-07,1.1410366296768188,1.276587724685669,1.2562915086746216,-0.2926396131515503,0.07093020528554916,0.016777850687503815
996,0.00012249844439793378,0.00012196781499369535,5.306291697593224e-07,1.1410366296768188,1.276587724685669,1.2562915086746216,-0.2926396131515503,0.07093020528554916,0.016777850687503815
997,0.00012243376513652038,0.00012187171851110178,5.620461934086051e-07,1.1410366296768188,1.276587724685669,1.2562915086746216,-0.2926396131515503,0.07093020528554916,0.016777850687503815
998,0.0001226199216034729,0.00012200932433188427,6.105968211045365e-07,1.1410366296768188,1.276587724685669,1.2562915086746216,-0.2926396131515503,0.07093020528554916,0.016777850687503815
999,0.00012237207702128216,0.00012182340033177752,5.486788680286736e-07,1.1410366296768188,1.276587724685669,1.2562915086746216,-0.2926396131515503,0.07093020528554916,0.016777850687503815
