[RecBole RQ-VAE] device=cuda:0 all_items=24587 train_items=24556 world_size=4
[RecBole RQ-VAE] config: epochs=3000 batch_size_per_rank=1024 total_batch=4096 lr=0.001
[RecBole RQ-VAE] initializing codebooks with KMeans
/fs04/ar57/wenyu/GeneRec/stage2_RQ-VAE/TIGER_HYPERBOLIC_RQ-VAE/model/layers.py:102: UserWarning: Deterministic behavior was enabled with either `torch.use_deterministic_algorithms(True)` or `at::Context::setDeterministicAlgorithms(true)`, but this operation is not deterministic because it uses CuBLAS and you have CUDA >= 10.2. To enable deterministic behavior in this case, you must set an environment variable before running your PyTorch application: CUBLAS_WORKSPACE_CONFIG=:4096:8 or CUBLAS_WORKSPACE_CONFIG=:16:8. For more information, go to https://docs.nvidia.com/cuda/cublas/index.html#results-reproducibility (Triggered internally at /pytorch/aten/src/ATen/Context.cpp:233.)
  - 2 * latent @ code_embs.t()
/fs04/ar57/wenyu/GeneRec/stage2_RQ-VAE/TIGER_HYPERBOLIC_RQ-VAE/model/layers.py:102: UserWarning: Deterministic behavior was enabled with either `torch.use_deterministic_algorithms(True)` or `at::Context::setDeterministicAlgorithms(true)`, but this operation is not deterministic because it uses CuBLAS and you have CUDA >= 10.2. To enable deterministic behavior in this case, you must set an environment variable before running your PyTorch application: CUBLAS_WORKSPACE_CONFIG=:4096:8 or CUBLAS_WORKSPACE_CONFIG=:16:8. For more information, go to https://docs.nvidia.com/cuda/cublas/index.html#results-reproducibility (Triggered internally at /pytorch/aten/src/ATen/Context.cpp:233.)
  - 2 * latent @ code_embs.t()
/fs04/ar57/wenyu/GeneRec/stage2_RQ-VAE/TIGER_HYPERBOLIC_RQ-VAE/model/layers.py:102: UserWarning: Deterministic behavior was enabled with either `torch.use_deterministic_algorithms(True)` or `at::Context::setDeterministicAlgorithms(true)`, but this operation is not deterministic because it uses CuBLAS and you have CUDA >= 10.2. To enable deterministic behavior in this case, you must set an environment variable before running your PyTorch application: CUBLAS_WORKSPACE_CONFIG=:4096:8 or CUBLAS_WORKSPACE_CONFIG=:16:8. For more information, go to https://docs.nvidia.com/cuda/cublas/index.html#results-reproducibility (Triggered internally at /pytorch/aten/src/ATen/Context.cpp:233.)
  - 2 * latent @ code_embs.t()
/fs04/ar57/wenyu/GeneRec/stage2_RQ-VAE/TIGER_HYPERBOLIC_RQ-VAE/model/layers.py:102: UserWarning: Deterministic behavior was enabled with either `torch.use_deterministic_algorithms(True)` or `at::Context::setDeterministicAlgorithms(true)`, but this operation is not deterministic because it uses CuBLAS and you have CUDA >= 10.2. To enable deterministic behavior in this case, you must set an environment variable before running your PyTorch application: CUBLAS_WORKSPACE_CONFIG=:4096:8 or CUBLAS_WORKSPACE_CONFIG=:16:8. For more information, go to https://docs.nvidia.com/cuda/cublas/index.html#results-reproducibility (Triggered internally at /pytorch/aten/src/ATen/Context.cpp:233.)
  - 2 * latent @ code_embs.t()
/fs04/ar57/wenyu/GeneRec/stage2_RQ-VAE/TIGER_HYPERBOLIC_RQ-VAE/model/layers.py:102: UserWarning: Deterministic behavior was enabled with either `torch.use_deterministic_algorithms(True)` or `at::Context::setDeterministicAlgorithms(true)`, but this operation is not deterministic because it uses CuBLAS and you have CUDA >= 10.2. To enable deterministic behavior in this case, you must set an environment variable before running your PyTorch application: CUBLAS_WORKSPACE_CONFIG=:4096:8 or CUBLAS_WORKSPACE_CONFIG=:16:8. For more information, go to https://docs.nvidia.com/cuda/cublas/index.html#results-reproducibility (Triggered internally at /pytorch/aten/src/ATen/Context.cpp:233.)
  - 2 * latent @ code_embs.t()
/fs04/ar57/wenyu/GeneRec/stage2_RQ-VAE/TIGER_HYPERBOLIC_RQ-VAE/model/layers.py:102: UserWarning: Deterministic behavior was enabled with either `torch.use_deterministic_algorithms(True)` or `at::Context::setDeterministicAlgorithms(true)`, but this operation is not deterministic because it uses CuBLAS and you have CUDA >= 10.2. To enable deterministic behavior in this case, you must set an environment variable before running your PyTorch application: CUBLAS_WORKSPACE_CONFIG=:4096:8 or CUBLAS_WORKSPACE_CONFIG=:16:8. For more information, go to https://docs.nvidia.com/cuda/cublas/index.html#results-reproducibility (Triggered internally at /pytorch/aten/src/ATen/Context.cpp:233.)
  - 2 * latent @ code_embs.t()
/fs04/ar57/wenyu/GeneRec/stage2_RQ-VAE/TIGER_HYPERBOLIC_RQ-VAE/model/layers.py:102: UserWarning: Deterministic behavior was enabled with either `torch.use_deterministic_algorithms(True)` or `at::Context::setDeterministicAlgorithms(true)`, but this operation is not deterministic because it uses CuBLAS and you have CUDA >= 10.2. To enable deterministic behavior in this case, you must set an environment variable before running your PyTorch application: CUBLAS_WORKSPACE_CONFIG=:4096:8 or CUBLAS_WORKSPACE_CONFIG=:16:8. For more information, go to https://docs.nvidia.com/cuda/cublas/index.html#results-reproducibility (Triggered internally at /pytorch/aten/src/ATen/Context.cpp:233.)
  - 2 * latent @ code_embs.t()
/fs04/ar57/wenyu/GeneRec/stage2_RQ-VAE/TIGER_HYPERBOLIC_RQ-VAE/model/layers.py:102: UserWarning: Deterministic behavior was enabled with either `torch.use_deterministic_algorithms(True)` or `at::Context::setDeterministicAlgorithms(true)`, but this operation is not deterministic because it uses CuBLAS and you have CUDA >= 10.2. To enable deterministic behavior in this case, you must set an environment variable before running your PyTorch application: CUBLAS_WORKSPACE_CONFIG=:4096:8 or CUBLAS_WORKSPACE_CONFIG=:16:8. For more information, go to https://docs.nvidia.com/cuda/cublas/index.html#results-reproducibility (Triggered internally at /pytorch/aten/src/ATen/Context.cpp:233.)
  - 2 * latent @ code_embs.t()
/fs04/ar57/wenyu/GeneRec/stage2_RQ-VAE/TIGER_HYPERBOLIC_RQ-VAE/model/layers.py:102: UserWarning: Deterministic behavior was enabled with either `torch.use_deterministic_algorithms(True)` or `at::Context::setDeterministicAlgorithms(true)`, but this operation is not deterministic because it uses CuBLAS and you have CUDA >= 10.2. To enable deterministic behavior in this case, you must set an environment variable before running your PyTorch application: CUBLAS_WORKSPACE_CONFIG=:4096:8 or CUBLAS_WORKSPACE_CONFIG=:16:8. For more information, go to https://docs.nvidia.com/cuda/cublas/index.html#results-reproducibility (Triggered internally at /pytorch/aten/src/ATen/Context.cpp:233.)
  - 2 * latent @ code_embs.t()
/home/wlia0047/ar57_scratch/wenyu/genrec_env_v2/lib64/python3.9/site-packages/torch/distributed/distributed_c10d.py:4807: UserWarning: No device id is provided via `init_process_group` or `barrier `. Using the current device set by the user. 
  warnings.warn(  # warn only once
/fs04/ar57/wenyu/GeneRec/stage2_RQ-VAE/TIGER_HYPERBOLIC_RQ-VAE/model/layers.py:102: UserWarning: Deterministic behavior was enabled with either `torch.use_deterministic_algorithms(True)` or `at::Context::setDeterministicAlgorithms(true)`, but this operation is not deterministic because it uses CuBLAS and you have CUDA >= 10.2. To enable deterministic behavior in this case, you must set an environment variable before running your PyTorch application: CUBLAS_WORKSPACE_CONFIG=:4096:8 or CUBLAS_WORKSPACE_CONFIG=:16:8. For more information, go to https://docs.nvidia.com/cuda/cublas/index.html#results-reproducibility (Triggered internally at /pytorch/aten/src/ATen/Context.cpp:233.)
  - 2 * latent @ code_embs.t()
/home/wlia0047/ar57_scratch/wenyu/genrec_env_v2/lib64/python3.9/site-packages/torch/distributed/distributed_c10d.py:4807: UserWarning: No device id is provided via `init_process_group` or `barrier `. Using the current device set by the user. 
  warnings.warn(  # warn only once
/fs04/ar57/wenyu/GeneRec/stage2_RQ-VAE/TIGER_HYPERBOLIC_RQ-VAE/model/layers.py:102: UserWarning: Deterministic behavior was enabled with either `torch.use_deterministic_algorithms(True)` or `at::Context::setDeterministicAlgorithms(true)`, but this operation is not deterministic because it uses CuBLAS and you have CUDA >= 10.2. To enable deterministic behavior in this case, you must set an environment variable before running your PyTorch application: CUBLAS_WORKSPACE_CONFIG=:4096:8 or CUBLAS_WORKSPACE_CONFIG=:16:8. For more information, go to https://docs.nvidia.com/cuda/cublas/index.html#results-reproducibility (Triggered internally at /pytorch/aten/src/ATen/Context.cpp:233.)
  - 2 * latent @ code_embs.t()
/home/wlia0047/ar57_scratch/wenyu/genrec_env_v2/lib64/python3.9/site-packages/torch/distributed/distributed_c10d.py:4807: UserWarning: No device id is provided via `init_process_group` or `barrier `. Using the current device set by the user. 
  warnings.warn(  # warn only once
/fs04/ar57/wenyu/GeneRec/stage2_RQ-VAE/TIGER_HYPERBOLIC_RQ-VAE/model/layers.py:102: UserWarning: Deterministic behavior was enabled with either `torch.use_deterministic_algorithms(True)` or `at::Context::setDeterministicAlgorithms(true)`, but this operation is not deterministic because it uses CuBLAS and you have CUDA >= 10.2. To enable deterministic behavior in this case, you must set an environment variable before running your PyTorch application: CUBLAS_WORKSPACE_CONFIG=:4096:8 or CUBLAS_WORKSPACE_CONFIG=:16:8. For more information, go to https://docs.nvidia.com/cuda/cublas/index.html#results-reproducibility (Triggered internally at /pytorch/aten/src/ATen/Context.cpp:233.)
  - 2 * latent @ code_embs.t()
/home/wlia0047/ar57_scratch/wenyu/genrec_env_v2/lib64/python3.9/site-packages/torch/distributed/distributed_c10d.py:4807: UserWarning: No device id is provided via `init_process_group` or `barrier `. Using the current device set by the user. 
  warnings.warn(  # warn only once
/home/wlia0047/ar57_scratch/wenyu/genrec_env_v2/lib64/python3.9/site-packages/torch/autograd/graph.py:829: UserWarning: Deterministic behavior was enabled with either `torch.use_deterministic_algorithms(True)` or `at::Context::setDeterministicAlgorithms(true)`, but this operation is not deterministic because it uses CuBLAS and you have CUDA >= 10.2. To enable deterministic behavior in this case, you must set an environment variable before running your PyTorch application: CUBLAS_WORKSPACE_CONFIG=:4096:8 or CUBLAS_WORKSPACE_CONFIG=:16:8. For more information, go to https://docs.nvidia.com/cuda/cublas/index.html#results-reproducibility (Triggered internally at /pytorch/aten/src/ATen/Context.cpp:233.)
  return Variable._execution_engine.run_backward(  # Calls into the C++ engine to run the backward pass
/home/wlia0047/ar57_scratch/wenyu/genrec_env_v2/lib64/python3.9/site-packages/torch/autograd/graph.py:829: UserWarning: Deterministic behavior was enabled with either `torch.use_deterministic_algorithms(True)` or `at::Context::setDeterministicAlgorithms(true)`, but this operation is not deterministic because it uses CuBLAS and you have CUDA >= 10.2. To enable deterministic behavior in this case, you must set an environment variable before running your PyTorch application: CUBLAS_WORKSPACE_CONFIG=:4096:8 or CUBLAS_WORKSPACE_CONFIG=:16:8. For more information, go to https://docs.nvidia.com/cuda/cublas/index.html#results-reproducibility (Triggered internally at /pytorch/aten/src/ATen/Context.cpp:233.)
  return Variable._execution_engine.run_backward(  # Calls into the C++ engine to run the backward pass
/home/wlia0047/ar57_scratch/wenyu/genrec_env_v2/lib64/python3.9/site-packages/torch/autograd/graph.py:829: UserWarning: Deterministic behavior was enabled with either `torch.use_deterministic_algorithms(True)` or `at::Context::setDeterministicAlgorithms(true)`, but this operation is not deterministic because it uses CuBLAS and you have CUDA >= 10.2. To enable deterministic behavior in this case, you must set an environment variable before running your PyTorch application: CUBLAS_WORKSPACE_CONFIG=:4096:8 or CUBLAS_WORKSPACE_CONFIG=:16:8. For more information, go to https://docs.nvidia.com/cuda/cublas/index.html#results-reproducibility (Triggered internally at /pytorch/aten/src/ATen/Context.cpp:233.)
  return Variable._execution_engine.run_backward(  # Calls into the C++ engine to run the backward pass
/home/wlia0047/ar57_scratch/wenyu/genrec_env_v2/lib64/python3.9/site-packages/torch/autograd/graph.py:829: UserWarning: Deterministic behavior was enabled with either `torch.use_deterministic_algorithms(True)` or `at::Context::setDeterministicAlgorithms(true)`, but this operation is not deterministic because it uses CuBLAS and you have CUDA >= 10.2. To enable deterministic behavior in this case, you must set an environment variable before running your PyTorch application: CUBLAS_WORKSPACE_CONFIG=:4096:8 or CUBLAS_WORKSPACE_CONFIG=:16:8. For more information, go to https://docs.nvidia.com/cuda/cublas/index.html#results-reproducibility (Triggered internally at /pytorch/aten/src/ATen/Context.cpp:233.)
  return Variable._execution_engine.run_backward(  # Calls into the C++ engine to run the backward pass
[RQ-VAE] epoch=1 loss=0.00048904 recon=0.00046251 beh=6.275450 w=0.000 lr=2.333e-05 time=5.284s
[RQ-VAE] epoch=2 loss=0.00048493 recon=0.00045522 beh=6.269382 w=0.000 lr=4.333e-05 time=0.466s
[RQ-VAE] epoch=3 loss=0.00047947 recon=0.00044265 beh=6.261112 w=0.000 lr=6.333e-05 time=0.512s
[RQ-VAE] epoch=4 loss=0.00046754 recon=0.00042372 beh=6.261030 w=0.000 lr=8.333e-05 time=0.464s
[RQ-VAE] epoch=5 loss=0.00045873 recon=0.00039499 beh=6.265520 w=0.000 lr=1.033e-04 time=0.463s
[RQ-VAE] epoch=6 loss=0.00044894 recon=0.00035533 beh=6.275946 w=0.000 lr=1.233e-04 time=0.456s
[RQ-VAE] epoch=7 loss=0.00040074 recon=0.00031117 beh=6.291008 w=0.000 lr=1.433e-04 time=0.48s
[RQ-VAE] epoch=8 loss=0.00034059 recon=0.00027090 beh=6.286756 w=0.000 lr=1.633e-04 time=0.58s
[RQ-VAE] epoch=9 loss=0.00031246 recon=0.00023879 beh=6.308579 w=0.000 lr=1.833e-04 time=0.58s
[RQ-VAE] epoch=10 loss=0.00028889 recon=0.00021726 beh=6.313653 w=0.000 lr=2.033e-04 time=0.547s
[RQ-VAE] epoch=11 loss=0.00026133 recon=0.00020557 beh=6.311780 w=0.000 lr=2.233e-04 time=0.564s
[RQ-VAE] epoch=12 loss=0.00023560 recon=0.00020000 beh=6.302897 w=0.000 lr=2.433e-04 time=0.578s
[RQ-VAE] epoch=13 loss=0.00022349 recon=0.00019663 beh=6.300676 w=0.000 lr=2.633e-04 time=0.494s
[RQ-VAE] epoch=14 loss=0.00021754 recon=0.00019309 beh=6.303897 w=0.000 lr=2.833e-04 time=0.584s
[RQ-VAE] epoch=15 loss=0.00021138 recon=0.00018975 beh=6.304846 w=0.000 lr=3.033e-04 time=0.653s
[RQ-VAE] epoch=16 loss=0.00020388 recon=0.00018614 beh=6.302773 w=0.000 lr=3.233e-04 time=0.579s
[RQ-VAE] epoch=17 loss=0.00019779 recon=0.00018263 beh=6.290103 w=0.000 lr=3.433e-04 time=0.586s
[RQ-VAE] epoch=18 loss=0.00019268 recon=0.00017977 beh=6.274459 w=0.000 lr=3.633e-04 time=0.574s
[RQ-VAE] epoch=19 loss=0.00018883 recon=0.00017780 beh=6.261834 w=0.000 lr=3.833e-04 time=0.569s
[RQ-VAE] epoch=20 loss=0.00018685 recon=0.00017658 beh=6.261857 w=0.000 lr=4.033e-04 time=0.758s
[RQ-VAE] epoch=21 loss=0.00018567 recon=0.00017566 beh=6.260664 w=0.000 lr=4.233e-04 time=0.618s
[RQ-VAE] epoch=22 loss=0.00018529 recon=0.00017482 beh=6.250536 w=0.000 lr=4.433e-04 time=0.644s
[RQ-VAE] epoch=23 loss=0.00018477 recon=0.00017345 beh=6.238444 w=0.000 lr=4.633e-04 time=0.584s
[RQ-VAE] epoch=24 loss=0.00018446 recon=0.00017113 beh=6.231971 w=0.000 lr=4.833e-04 time=0.593s
[RQ-VAE] epoch=25 loss=0.00018239 recon=0.00016804 beh=6.237532 w=0.000 lr=5.033e-04 time=0.583s
[RQ-VAE] epoch=26 loss=0.00017874 recon=0.00016503 beh=6.240386 w=0.000 lr=5.233e-04 time=0.502s
[RQ-VAE] epoch=27 loss=0.00017643 recon=0.00016303 beh=6.233926 w=0.000 lr=5.433e-04 time=0.623s
[RQ-VAE] epoch=28 loss=0.00017492 recon=0.00016148 beh=6.237852 w=0.000 lr=5.633e-04 time=0.512s
[RQ-VAE] epoch=29 loss=0.00017443 recon=0.00016038 beh=6.233780 w=0.000 lr=5.833e-04 time=0.605s
[RQ-VAE] epoch=30 loss=0.00017347 recon=0.00015922 beh=6.235445 w=0.000 lr=6.033e-04 time=0.585s
[RQ-VAE] epoch=31 loss=0.00017275 recon=0.00015843 beh=6.234249 w=0.000 lr=6.233e-04 time=0.602s
[RQ-VAE] epoch=32 loss=0.00017114 recon=0.00015699 beh=6.233280 w=0.000 lr=6.433e-04 time=0.579s
[RQ-VAE] epoch=33 loss=0.00016948 recon=0.00015561 beh=6.232582 w=0.000 lr=6.633e-04 time=0.579s
[RQ-VAE] epoch=34 loss=0.00016852 recon=0.00015465 beh=6.228819 w=0.000 lr=6.833e-04 time=0.629s
[RQ-VAE] epoch=35 loss=0.00016812 recon=0.00015394 beh=6.229510 w=0.000 lr=7.033e-04 time=0.765s
[RQ-VAE] epoch=36 loss=0.00016835 recon=0.00015332 beh=6.234330 w=0.000 lr=7.233e-04 time=0.588s
[RQ-VAE] epoch=37 loss=0.00016850 recon=0.00015240 beh=6.234652 w=0.000 lr=7.433e-04 time=0.604s
[RQ-VAE] epoch=38 loss=0.00016921 recon=0.00015131 beh=6.228686 w=0.000 lr=7.633e-04 time=0.615s
[RQ-VAE] epoch=39 loss=0.00016999 recon=0.00015019 beh=6.232068 w=0.000 lr=7.833e-04 time=0.616s
[RQ-VAE] epoch=40 loss=0.00017021 recon=0.00014882 beh=6.234046 w=0.000 lr=8.033e-04 time=0.583s
[RQ-VAE] epoch=41 loss=0.00017030 recon=0.00014747 beh=6.238241 w=0.000 lr=8.233e-04 time=0.502s
[RQ-VAE] epoch=42 loss=0.00017061 recon=0.00014633 beh=6.233673 w=0.000 lr=8.433e-04 time=0.45s
[RQ-VAE] epoch=43 loss=0.00017033 recon=0.00014472 beh=6.233659 w=0.000 lr=8.633e-04 time=0.561s
[RQ-VAE] epoch=44 loss=0.00017040 recon=0.00014338 beh=6.233788 w=0.000 lr=8.833e-04 time=0.552s
[RQ-VAE] epoch=45 loss=0.00017178 recon=0.00014304 beh=6.240463 w=0.000 lr=9.033e-04 time=0.603s
[RQ-VAE] epoch=46 loss=0.00017152 recon=0.00014199 beh=6.241002 w=0.000 lr=9.233e-04 time=0.634s
[RQ-VAE] epoch=47 loss=0.00017103 recon=0.00014059 beh=6.237794 w=0.000 lr=9.433e-04 time=0.593s
[RQ-VAE] epoch=48 loss=0.00017078 recon=0.00013946 beh=6.241825 w=0.000 lr=9.633e-04 time=0.615s
[RQ-VAE] epoch=49 loss=0.00017009 recon=0.00013860 beh=6.237958 w=0.000 lr=9.833e-04 time=0.541s
[RQ-VAE] epoch=50 loss=0.00017103 recon=0.00013781 lr=1.000e-03 raw_unique=19025/24587 collision=0.226217 time=0.615s
[RQ-VAE] epoch=51 loss=0.00016968 recon=0.00013672 beh=6.240407 w=0.000 lr=9.997e-04 time=0.537s
[RQ-VAE] epoch=52 loss=0.00016998 recon=0.00013591 beh=6.242953 w=0.000 lr=9.993e-04 time=0.547s
[RQ-VAE] epoch=53 loss=0.00017044 recon=0.00013532 beh=6.242898 w=0.000 lr=9.990e-04 time=0.638s
[RQ-VAE] epoch=54 loss=0.00017100 recon=0.00013456 beh=6.242399 w=0.000 lr=9.986e-04 time=0.555s
[RQ-VAE] epoch=55 loss=0.00017139 recon=0.00013383 beh=6.244429 w=0.000 lr=9.983e-04 time=0.6s
[RQ-VAE] epoch=56 loss=0.00017185 recon=0.00013319 beh=6.245589 w=0.000 lr=9.980e-04 time=0.398s
[RQ-VAE] epoch=57 loss=0.00017211 recon=0.00013236 beh=6.243831 w=0.000 lr=9.976e-04 time=0.617s
[RQ-VAE] epoch=58 loss=0.00017329 recon=0.00013168 beh=6.242429 w=0.000 lr=9.973e-04 time=0.527s
[RQ-VAE] epoch=59 loss=0.00017416 recon=0.00013107 beh=6.249166 w=0.000 lr=9.969e-04 time=0.556s
[RQ-VAE] epoch=60 loss=0.00017469 recon=0.00013020 beh=6.251889 w=0.000 lr=9.966e-04 time=0.61s
[RQ-VAE] epoch=61 loss=0.00017551 recon=0.00012923 beh=6.246393 w=0.000 lr=9.963e-04 time=0.532s
[RQ-VAE] epoch=62 loss=0.00017581 recon=0.00012838 beh=6.248579 w=0.000 lr=9.959e-04 time=0.545s
[RQ-VAE] epoch=63 loss=0.00017674 recon=0.00012772 beh=6.244506 w=0.000 lr=9.956e-04 time=0.42s
[RQ-VAE] epoch=64 loss=0.00017713 recon=0.00012694 beh=6.254717 w=0.000 lr=9.953e-04 time=0.534s
[RQ-VAE] epoch=65 loss=0.00017832 recon=0.00012641 beh=6.250991 w=0.000 lr=9.949e-04 time=0.634s
[RQ-VAE] epoch=66 loss=0.00017820 recon=0.00012585 beh=6.249801 w=0.000 lr=9.946e-04 time=0.53s
[RQ-VAE] epoch=67 loss=0.00017894 recon=0.00012521 beh=6.247098 w=0.000 lr=9.942e-04 time=0.592s
[RQ-VAE] epoch=68 loss=0.00017980 recon=0.00012479 beh=6.250701 w=0.000 lr=9.939e-04 time=0.562s
[RQ-VAE] epoch=69 loss=0.00017952 recon=0.00012423 beh=6.251981 w=0.000 lr=9.936e-04 time=0.631s
[RQ-VAE] epoch=70 loss=0.00017980 recon=0.00012372 beh=6.255679 w=0.000 lr=9.932e-04 time=0.525s
[RQ-VAE] epoch=71 loss=0.00018043 recon=0.00012316 beh=6.253220 w=0.000 lr=9.929e-04 time=0.598s
[RQ-VAE] epoch=72 loss=0.00018026 recon=0.00012276 beh=6.249828 w=0.000 lr=9.925e-04 time=0.598s
[RQ-VAE] epoch=73 loss=0.00018062 recon=0.00012222 beh=6.253133 w=0.000 lr=9.922e-04 time=0.635s
[RQ-VAE] epoch=74 loss=0.00018092 recon=0.00012167 beh=6.259129 w=0.000 lr=9.919e-04 time=0.556s
[RQ-VAE] epoch=75 loss=0.00018049 recon=0.00012115 beh=6.254728 w=0.000 lr=9.915e-04 time=0.519s
[RQ-VAE] epoch=76 loss=0.00018142 recon=0.00012089 beh=6.254265 w=0.000 lr=9.912e-04 time=0.647s
[RQ-VAE] epoch=77 loss=0.00018143 recon=0.00012040 beh=6.258109 w=0.000 lr=9.908e-04 time=0.586s
[RQ-VAE] epoch=78 loss=0.00018089 recon=0.00011996 beh=6.255831 w=0.000 lr=9.905e-04 time=0.647s
[RQ-VAE] epoch=79 loss=0.00018167 recon=0.00011955 beh=6.258600 w=0.000 lr=9.902e-04 time=0.538s
[RQ-VAE] epoch=80 loss=0.00018122 recon=0.00011927 beh=6.254107 w=0.000 lr=9.898e-04 time=0.536s
[RQ-VAE] epoch=81 loss=0.00018237 recon=0.00011899 beh=6.252431 w=0.000 lr=9.895e-04 time=0.513s
[RQ-VAE] epoch=82 loss=0.00018314 recon=0.00011853 beh=6.259367 w=0.000 lr=9.892e-04 time=0.528s
[RQ-VAE] epoch=83 loss=0.00018289 recon=0.00011810 beh=6.254381 w=0.000 lr=9.888e-04 time=0.496s
[RQ-VAE] epoch=84 loss=0.00018332 recon=0.00011775 beh=6.258526 w=0.000 lr=9.885e-04 time=0.52s
[RQ-VAE] epoch=85 loss=0.00018393 recon=0.00011733 beh=6.258769 w=0.000 lr=9.881e-04 time=0.571s
[RQ-VAE] epoch=86 loss=0.00018405 recon=0.00011697 beh=6.252593 w=0.000 lr=9.878e-04 time=0.487s
[RQ-VAE] epoch=87 loss=0.00018541 recon=0.00011667 beh=6.253446 w=0.000 lr=9.875e-04 time=0.589s
[RQ-VAE] epoch=88 loss=0.00018496 recon=0.00011639 beh=6.258858 w=0.000 lr=9.871e-04 time=0.474s
[RQ-VAE] epoch=89 loss=0.00018535 recon=0.00011613 beh=6.254459 w=0.000 lr=9.868e-04 time=0.469s
[RQ-VAE] epoch=90 loss=0.00018579 recon=0.00011591 beh=6.255449 w=0.000 lr=9.864e-04 time=0.581s
[RQ-VAE] epoch=91 loss=0.00018595 recon=0.00011556 beh=6.257668 w=0.000 lr=9.861e-04 time=0.534s
[RQ-VAE] epoch=92 loss=0.00018740 recon=0.00011538 beh=6.254611 w=0.000 lr=9.858e-04 time=0.659s
[RQ-VAE] epoch=93 loss=0.00018853 recon=0.00011522 beh=6.256866 w=0.000 lr=9.854e-04 time=0.586s
[RQ-VAE] epoch=94 loss=0.00018922 recon=0.00011490 beh=6.258809 w=0.000 lr=9.851e-04 time=0.567s
[RQ-VAE] epoch=95 loss=0.00018914 recon=0.00011450 beh=6.254295 w=0.000 lr=9.847e-04 time=0.567s
[RQ-VAE] epoch=96 loss=0.00018861 recon=0.00011396 beh=6.258712 w=0.000 lr=9.844e-04 time=0.538s
[RQ-VAE] epoch=97 loss=0.00018909 recon=0.00011388 beh=6.256180 w=0.000 lr=9.841e-04 time=0.523s
[RQ-VAE] epoch=98 loss=0.00019048 recon=0.00011366 beh=6.255165 w=0.000 lr=9.837e-04 time=0.514s
[RQ-VAE] epoch=99 loss=0.00019042 recon=0.00011330 beh=6.257777 w=0.000 lr=9.834e-04 time=0.644s
[RQ-VAE] epoch=100 loss=0.00019023 recon=0.00011316 lr=9.831e-04 raw_unique=20736/24587 collision=0.156627 time=0.582s
[RQ-VAE] epoch=101 loss=0.00019129 recon=0.00011291 beh=6.259239 w=0.000 lr=9.827e-04 time=0.67s
[RQ-VAE] epoch=102 loss=0.00019196 recon=0.00011259 beh=6.258587 w=0.000 lr=9.824e-04 time=0.459s
[RQ-VAE] epoch=103 loss=0.00019148 recon=0.00011229 beh=6.259081 w=0.000 lr=9.820e-04 time=0.582s
[RQ-VAE] epoch=104 loss=0.00019243 recon=0.00011203 beh=6.259865 w=0.000 lr=9.817e-04 time=0.614s
[RQ-VAE] epoch=105 loss=0.00019206 recon=0.00011175 beh=6.255925 w=0.000 lr=9.814e-04 time=0.538s
[RQ-VAE] epoch=106 loss=0.00019228 recon=0.00011147 beh=6.257528 w=0.000 lr=9.810e-04 time=0.523s
[RQ-VAE] epoch=107 loss=0.00019288 recon=0.00011120 beh=6.258208 w=0.000 lr=9.807e-04 time=0.549s
[RQ-VAE] epoch=108 loss=0.00019275 recon=0.00011090 beh=6.258001 w=0.000 lr=9.803e-04 time=0.549s
[RQ-VAE] epoch=109 loss=0.00019424 recon=0.00011073 beh=6.262730 w=0.000 lr=9.800e-04 time=0.336s
[RQ-VAE] epoch=110 loss=0.00019513 recon=0.00011065 beh=6.259973 w=0.000 lr=9.797e-04 time=0.506s
[RQ-VAE] epoch=111 loss=0.00019512 recon=0.00011036 beh=6.259775 w=0.000 lr=9.793e-04 time=0.546s
[RQ-VAE] epoch=112 loss=0.00019600 recon=0.00011010 beh=6.261529 w=0.000 lr=9.790e-04 time=0.453s
[RQ-VAE] epoch=113 loss=0.00019671 recon=0.00010992 beh=6.262815 w=0.000 lr=9.786e-04 time=0.522s
[RQ-VAE] epoch=114 loss=0.00019684 recon=0.00010969 beh=6.260642 w=0.000 lr=9.783e-04 time=0.485s
[RQ-VAE] epoch=115 loss=0.00019732 recon=0.00010947 beh=6.258321 w=0.000 lr=9.780e-04 time=0.378s
[RQ-VAE] epoch=116 loss=0.00019786 recon=0.00010942 beh=6.256577 w=0.000 lr=9.776e-04 time=0.522s
[RQ-VAE] epoch=117 loss=0.00019748 recon=0.00010913 beh=6.258694 w=0.000 lr=9.773e-04 time=0.519s
[RQ-VAE] epoch=118 loss=0.00019823 recon=0.00010880 beh=6.264166 w=0.000 lr=9.769e-04 time=0.478s
[RQ-VAE] epoch=119 loss=0.00019920 recon=0.00010866 beh=6.260668 w=0.000 lr=9.766e-04 time=0.516s
[RQ-VAE] epoch=120 loss=0.00019912 recon=0.00010849 beh=6.264600 w=0.000 lr=9.763e-04 time=0.416s
[RQ-VAE] epoch=121 loss=0.00019989 recon=0.00010832 beh=6.262492 w=0.000 lr=9.759e-04 time=0.642s
[RQ-VAE] epoch=122 loss=0.00019990 recon=0.00010810 beh=6.260771 w=0.000 lr=9.756e-04 time=0.578s
[RQ-VAE] epoch=123 loss=0.00020069 recon=0.00010804 beh=6.261282 w=0.000 lr=9.753e-04 time=0.553s
[RQ-VAE] epoch=124 loss=0.00020101 recon=0.00010780 beh=6.264329 w=0.000 lr=9.749e-04 time=0.53s
[RQ-VAE] epoch=125 loss=0.00020273 recon=0.00010767 beh=6.261221 w=0.000 lr=9.746e-04 time=0.541s
[RQ-VAE] epoch=126 loss=0.00020344 recon=0.00010735 beh=6.263569 w=0.000 lr=9.742e-04 time=0.557s
[RQ-VAE] epoch=127 loss=0.00020228 recon=0.00010716 beh=6.264596 w=0.000 lr=9.739e-04 time=0.554s
[RQ-VAE] epoch=128 loss=0.00020336 recon=0.00010698 beh=6.260492 w=0.000 lr=9.736e-04 time=0.49s
[RQ-VAE] epoch=129 loss=0.00020342 recon=0.00010668 beh=6.262879 w=0.000 lr=9.732e-04 time=0.557s
[RQ-VAE] epoch=130 loss=0.00020328 recon=0.00010648 beh=6.265927 w=0.000 lr=9.729e-04 time=0.573s
[RQ-VAE] epoch=131 loss=0.00020454 recon=0.00010636 beh=6.262005 w=0.000 lr=9.725e-04 time=0.512s
[RQ-VAE] epoch=132 loss=0.00020528 recon=0.00010617 beh=6.266243 w=0.000 lr=9.722e-04 time=0.505s
[RQ-VAE] epoch=133 loss=0.00020582 recon=0.00010614 beh=6.259909 w=0.000 lr=9.719e-04 time=0.514s
[RQ-VAE] epoch=134 loss=0.00020580 recon=0.00010583 beh=6.266511 w=0.000 lr=9.715e-04 time=0.449s
[RQ-VAE] epoch=135 loss=0.00020716 recon=0.00010562 beh=6.259479 w=0.000 lr=9.712e-04 time=0.5s
[RQ-VAE] epoch=136 loss=0.00020612 recon=0.00010557 beh=6.262949 w=0.000 lr=9.708e-04 time=0.554s
[RQ-VAE] epoch=137 loss=0.00020805 recon=0.00010526 beh=6.263884 w=0.000 lr=9.705e-04 time=0.47s
[RQ-VAE] epoch=138 loss=0.00020853 recon=0.00010504 beh=6.263670 w=0.000 lr=9.702e-04 time=0.38s
[RQ-VAE] epoch=139 loss=0.00020742 recon=0.00010502 beh=6.262713 w=0.000 lr=9.698e-04 time=0.482s
[RQ-VAE] epoch=140 loss=0.00020853 recon=0.00010496 beh=6.264410 w=0.000 lr=9.695e-04 time=0.624s
[RQ-VAE] epoch=141 loss=0.00020920 recon=0.00010462 beh=6.262348 w=0.000 lr=9.692e-04 time=0.502s
[RQ-VAE] epoch=142 loss=0.00021056 recon=0.00010455 beh=6.264509 w=0.000 lr=9.688e-04 time=0.573s
[RQ-VAE] epoch=143 loss=0.00021045 recon=0.00010441 beh=6.261793 w=0.000 lr=9.685e-04 time=0.491s
[RQ-VAE] epoch=144 loss=0.00021018 recon=0.00010422 beh=6.264949 w=0.000 lr=9.681e-04 time=0.45s
[RQ-VAE] epoch=145 loss=0.00021089 recon=0.00010403 beh=6.266531 w=0.000 lr=9.678e-04 time=0.473s
[RQ-VAE] epoch=146 loss=0.00021075 recon=0.00010372 beh=6.263124 w=0.000 lr=9.675e-04 time=0.526s
[RQ-VAE] epoch=147 loss=0.00021178 recon=0.00010349 beh=6.262757 w=0.000 lr=9.671e-04 time=0.47s
[RQ-VAE] epoch=148 loss=0.00021164 recon=0.00010341 beh=6.265875 w=0.000 lr=9.668e-04 time=0.572s
[RQ-VAE] epoch=149 loss=0.00021256 recon=0.00010327 beh=6.262525 w=0.000 lr=9.664e-04 time=0.511s
[RQ-VAE] epoch=150 loss=0.00021221 recon=0.00010306 lr=9.661e-04 raw_unique=21432/24587 collision=0.128320 time=0.358s
[RQ-VAE] epoch=151 loss=0.00021242 recon=0.00010288 beh=6.266021 w=0.000 lr=9.658e-04 time=0.579s
[RQ-VAE] epoch=152 loss=0.00021447 recon=0.00010283 beh=6.265308 w=0.000 lr=9.654e-04 time=0.537s
[RQ-VAE] epoch=153 loss=0.00021515 recon=0.00010278 beh=6.267376 w=0.000 lr=9.651e-04 time=0.482s
[RQ-VAE] epoch=154 loss=0.00021351 recon=0.00010255 beh=6.267558 w=0.000 lr=9.647e-04 time=0.55s
[RQ-VAE] epoch=155 loss=0.00021537 recon=0.00010234 beh=6.262647 w=0.000 lr=9.644e-04 time=0.641s
[RQ-VAE] epoch=156 loss=0.00021448 recon=0.00010205 beh=6.265878 w=0.000 lr=9.641e-04 time=0.269s
[RQ-VAE] epoch=157 loss=0.00021448 recon=0.00010186 beh=6.262969 w=0.000 lr=9.637e-04 time=0.47s
[RQ-VAE] epoch=158 loss=0.00021488 recon=0.00010175 beh=6.263694 w=0.000 lr=9.634e-04 time=0.529s
[RQ-VAE] epoch=159 loss=0.00021533 recon=0.00010162 beh=6.264894 w=0.000 lr=9.631e-04 time=0.568s
[RQ-VAE] epoch=160 loss=0.00021780 recon=0.00010166 beh=6.265902 w=0.000 lr=9.627e-04 time=0.563s
[RQ-VAE] epoch=161 loss=0.00021666 recon=0.00010144 beh=6.266795 w=0.000 lr=9.624e-04 time=0.545s
[RQ-VAE] epoch=162 loss=0.00021630 recon=0.00010132 beh=6.265790 w=0.000 lr=9.620e-04 time=0.418s
[RQ-VAE] epoch=163 loss=0.00021716 recon=0.00010109 beh=6.265163 w=0.000 lr=9.617e-04 time=0.493s
[RQ-VAE] epoch=164 loss=0.00021735 recon=0.00010089 beh=6.265245 w=0.000 lr=9.614e-04 time=0.469s
[RQ-VAE] epoch=165 loss=0.00021791 recon=0.00010076 beh=6.269306 w=0.000 lr=9.610e-04 time=0.485s
[RQ-VAE] epoch=166 loss=0.00021925 recon=0.00010059 beh=6.265470 w=0.000 lr=9.607e-04 time=0.521s
[RQ-VAE] epoch=167 loss=0.00022010 recon=0.00010047 beh=6.266361 w=0.000 lr=9.603e-04 time=0.49s
[RQ-VAE] epoch=168 loss=0.00021980 recon=0.00010028 beh=6.267058 w=0.000 lr=9.600e-04 time=0.299s
[RQ-VAE] epoch=169 loss=0.00022123 recon=0.00010045 beh=6.268488 w=0.000 lr=9.597e-04 time=0.5s
[RQ-VAE] epoch=170 loss=0.00022162 recon=0.00010016 beh=6.266228 w=0.000 lr=9.593e-04 time=0.505s
[RQ-VAE] epoch=171 loss=0.00022264 recon=0.00010004 beh=6.268088 w=0.000 lr=9.590e-04 time=0.452s
[RQ-VAE] epoch=172 loss=0.00022350 recon=0.00009990 beh=6.264642 w=0.000 lr=9.586e-04 time=0.435s
[RQ-VAE] epoch=173 loss=0.00022211 recon=0.00009982 beh=6.269202 w=0.000 lr=9.583e-04 time=0.516s
[RQ-VAE] epoch=174 loss=0.00022274 recon=0.00009964 beh=6.266102 w=0.000 lr=9.580e-04 time=0.315s
[RQ-VAE] epoch=175 loss=0.00022424 recon=0.00009970 beh=6.270159 w=0.000 lr=9.576e-04 time=0.536s
[RQ-VAE] epoch=176 loss=0.00022438 recon=0.00009951 beh=6.261674 w=0.000 lr=9.573e-04 time=0.484s
[RQ-VAE] epoch=177 loss=0.00022372 recon=0.00009926 beh=6.267652 w=0.000 lr=9.569e-04 time=0.51s
[RQ-VAE] epoch=178 loss=0.00022316 recon=0.00009912 beh=6.266635 w=0.000 lr=9.566e-04 time=0.488s
[RQ-VAE] epoch=179 loss=0.00022453 recon=0.00009902 beh=6.265118 w=0.000 lr=9.563e-04 time=0.523s
[RQ-VAE] epoch=180 loss=0.00022580 recon=0.00009893 beh=6.267365 w=0.000 lr=9.559e-04 time=0.354s
[RQ-VAE] epoch=181 loss=0.00022677 recon=0.00009885 beh=6.266925 w=0.000 lr=9.556e-04 time=0.5s
[RQ-VAE] epoch=182 loss=0.00022704 recon=0.00009861 beh=6.266476 w=0.000 lr=9.553e-04 time=0.473s
[RQ-VAE] epoch=183 loss=0.00022613 recon=0.00009856 beh=6.267465 w=0.000 lr=9.549e-04 time=0.49s
[RQ-VAE] epoch=184 loss=0.00022623 recon=0.00009838 beh=6.271883 w=0.000 lr=9.546e-04 time=0.445s
[RQ-VAE] epoch=185 loss=0.00022598 recon=0.00009821 beh=6.268766 w=0.000 lr=9.542e-04 time=0.429s
[RQ-VAE] epoch=186 loss=0.00022663 recon=0.00009817 beh=6.266959 w=0.000 lr=9.539e-04 time=0.437s
[RQ-VAE] epoch=187 loss=0.00022803 recon=0.00009809 beh=6.268633 w=0.000 lr=9.536e-04 time=0.53s
[RQ-VAE] epoch=188 loss=0.00022878 recon=0.00009781 beh=6.265876 w=0.000 lr=9.532e-04 time=0.537s
[RQ-VAE] epoch=189 loss=0.00022937 recon=0.00009770 beh=6.269450 w=0.000 lr=9.529e-04 time=0.465s
[RQ-VAE] epoch=190 loss=0.00022805 recon=0.00009761 beh=6.270010 w=0.000 lr=9.525e-04 time=0.491s
[RQ-VAE] epoch=191 loss=0.00022975 recon=0.00009759 beh=6.264053 w=0.000 lr=9.522e-04 time=0.35s
[RQ-VAE] epoch=192 loss=0.00022845 recon=0.00009745 beh=6.267446 w=0.000 lr=9.519e-04 time=0.499s
[RQ-VAE] epoch=193 loss=0.00023002 recon=0.00009731 beh=6.268950 w=0.000 lr=9.515e-04 time=0.506s
[RQ-VAE] epoch=194 loss=0.00023083 recon=0.00009741 beh=6.265795 w=0.000 lr=9.512e-04 time=0.512s
[RQ-VAE] epoch=195 loss=0.00023054 recon=0.00009716 beh=6.268321 w=0.000 lr=9.508e-04 time=0.473s
[RQ-VAE] epoch=196 loss=0.00023059 recon=0.00009706 beh=6.268550 w=0.000 lr=9.505e-04 time=0.505s
[RQ-VAE] epoch=197 loss=0.00023032 recon=0.00009687 beh=6.266621 w=0.000 lr=9.502e-04 time=0.378s
[RQ-VAE] epoch=198 loss=0.00023102 recon=0.00009672 beh=6.269732 w=0.000 lr=9.498e-04 time=0.481s
[RQ-VAE] epoch=199 loss=0.00023035 recon=0.00009666 beh=6.266557 w=0.000 lr=9.495e-04 time=0.515s
[RQ-VAE] epoch=200 loss=0.00023235 recon=0.00009672 lr=9.492e-04 raw_unique=21453/24587 collision=0.127466 time=0.562s
[RQ-VAE] epoch=201 loss=0.00023359 recon=0.00009643 beh=6.266615 w=0.000 lr=9.488e-04 time=0.561s
[RQ-VAE] epoch=202 loss=0.00023264 recon=0.00009655 beh=6.268976 w=0.000 lr=9.485e-04 time=0.541s
[RQ-VAE] epoch=203 loss=0.00023305 recon=0.00009630 beh=6.267107 w=0.000 lr=9.481e-04 time=0.392s
[RQ-VAE] epoch=204 loss=0.00023280 recon=0.00009613 beh=6.271388 w=0.000 lr=9.478e-04 time=0.479s
[RQ-VAE] epoch=205 loss=0.00023343 recon=0.00009612 beh=6.270468 w=0.000 lr=9.475e-04 time=0.547s
[RQ-VAE] epoch=206 loss=0.00023439 recon=0.00009603 beh=6.270761 w=0.000 lr=9.471e-04 time=0.424s
[RQ-VAE] epoch=207 loss=0.00023606 recon=0.00009588 beh=6.267043 w=0.000 lr=9.468e-04 time=0.584s
[RQ-VAE] epoch=208 loss=0.00023503 recon=0.00009579 beh=6.267172 w=0.000 lr=9.464e-04 time=0.378s
[RQ-VAE] epoch=209 loss=0.00023550 recon=0.00009574 beh=6.268942 w=0.000 lr=9.461e-04 time=0.46s
[RQ-VAE] epoch=210 loss=0.00023661 recon=0.00009560 beh=6.267707 w=0.000 lr=9.458e-04 time=0.442s
[RQ-VAE] epoch=211 loss=0.00023541 recon=0.00009553 beh=6.267730 w=0.000 lr=9.454e-04 time=0.43s
[RQ-VAE] epoch=212 loss=0.00023683 recon=0.00009526 beh=6.269320 w=0.000 lr=9.451e-04 time=0.614s
[RQ-VAE] epoch=213 loss=0.00023722 recon=0.00009540 beh=6.267270 w=0.000 lr=9.447e-04 time=0.57s
[RQ-VAE] epoch=214 loss=0.00023687 recon=0.00009521 beh=6.265916 w=0.000 lr=9.444e-04 time=0.32s
[RQ-VAE] epoch=215 loss=0.00023841 recon=0.00009515 beh=6.268458 w=0.000 lr=9.441e-04 time=0.484s
[RQ-VAE] epoch=216 loss=0.00023755 recon=0.00009513 beh=6.269901 w=0.000 lr=9.437e-04 time=0.497s
[RQ-VAE] epoch=217 loss=0.00023870 recon=0.00009507 beh=6.268520 w=0.000 lr=9.434e-04 time=0.527s
[RQ-VAE] epoch=218 loss=0.00023883 recon=0.00009504 beh=6.269277 w=0.000 lr=9.431e-04 time=0.539s
[RQ-VAE] epoch=219 loss=0.00024006 recon=0.00009491 beh=6.270719 w=0.000 lr=9.427e-04 time=0.459s
[RQ-VAE] epoch=220 loss=0.00024028 recon=0.00009495 beh=6.268133 w=0.000 lr=9.424e-04 time=0.568s
[RQ-VAE] epoch=221 loss=0.00024123 recon=0.00009480 beh=6.271168 w=0.000 lr=9.420e-04 time=0.457s
[RQ-VAE] epoch=222 loss=0.00024044 recon=0.00009478 beh=6.268741 w=0.000 lr=9.417e-04 time=0.507s
[RQ-VAE] epoch=223 loss=0.00023984 recon=0.00009452 beh=6.269740 w=0.000 lr=9.414e-04 time=0.527s
[RQ-VAE] epoch=224 loss=0.00024197 recon=0.00009446 beh=6.269668 w=0.000 lr=9.410e-04 time=0.486s
[RQ-VAE] epoch=225 loss=0.00024217 recon=0.00009450 beh=6.269666 w=0.000 lr=9.407e-04 time=0.526s
[RQ-VAE] epoch=226 loss=0.00024231 recon=0.00009435 beh=6.266672 w=0.000 lr=9.403e-04 time=0.389s
[RQ-VAE] epoch=227 loss=0.00024251 recon=0.00009420 beh=6.268470 w=0.000 lr=9.400e-04 time=0.529s
[RQ-VAE] epoch=228 loss=0.00024196 recon=0.00009426 beh=6.267681 w=0.000 lr=9.397e-04 time=0.445s
[RQ-VAE] epoch=229 loss=0.00024271 recon=0.00009404 beh=6.268102 w=0.000 lr=9.393e-04 time=0.552s
[RQ-VAE] epoch=230 loss=0.00024292 recon=0.00009384 beh=6.270080 w=0.000 lr=9.390e-04 time=0.402s
[RQ-VAE] epoch=231 loss=0.00024298 recon=0.00009391 beh=6.271281 w=0.000 lr=9.386e-04 time=0.331s
[RQ-VAE] epoch=232 loss=0.00024448 recon=0.00009371 beh=6.267689 w=0.000 lr=9.383e-04 time=0.458s
[RQ-VAE] epoch=233 loss=0.00024496 recon=0.00009356 beh=6.269954 w=0.000 lr=9.380e-04 time=0.508s
[RQ-VAE] epoch=234 loss=0.00024435 recon=0.00009364 beh=6.272452 w=0.000 lr=9.376e-04 time=0.514s
[RQ-VAE] epoch=235 loss=0.00024496 recon=0.00009359 beh=6.269904 w=0.000 lr=9.373e-04 time=0.46s
[RQ-VAE] epoch=236 loss=0.00024571 recon=0.00009349 beh=6.271537 w=0.000 lr=9.369e-04 time=0.467s
[RQ-VAE] epoch=237 loss=0.00024557 recon=0.00009332 beh=6.270086 w=0.000 lr=9.366e-04 time=0.294s
[RQ-VAE] epoch=238 loss=0.00024497 recon=0.00009324 beh=6.271065 w=0.000 lr=9.363e-04 time=0.474s
[RQ-VAE] epoch=239 loss=0.00024489 recon=0.00009305 beh=6.270227 w=0.000 lr=9.359e-04 time=0.441s
[RQ-VAE] epoch=240 loss=0.00024751 recon=0.00009303 beh=6.271707 w=0.000 lr=9.356e-04 time=0.481s
[RQ-VAE] epoch=241 loss=0.00024690 recon=0.00009313 beh=6.272273 w=0.000 lr=9.353e-04 time=0.688s
[RQ-VAE] epoch=242 loss=0.00024760 recon=0.00009316 beh=6.265780 w=0.000 lr=9.349e-04 time=0.376s
[RQ-VAE] epoch=243 loss=0.00024667 recon=0.00009299 beh=6.271928 w=0.000 lr=9.346e-04 time=0.412s
[RQ-VAE] epoch=244 loss=0.00024717 recon=0.00009295 beh=6.270163 w=0.000 lr=9.342e-04 time=0.47s
[RQ-VAE] epoch=245 loss=0.00024746 recon=0.00009276 beh=6.273056 w=0.000 lr=9.339e-04 time=0.572s
[RQ-VAE] epoch=246 loss=0.00024700 recon=0.00009263 beh=6.267157 w=0.000 lr=9.336e-04 time=0.493s
[RQ-VAE] epoch=247 loss=0.00024689 recon=0.00009262 beh=6.269586 w=0.000 lr=9.332e-04 time=0.479s
[RQ-VAE] epoch=248 loss=0.00024788 recon=0.00009247 beh=6.273380 w=0.000 lr=9.329e-04 time=0.417s
[RQ-VAE] epoch=249 loss=0.00024825 recon=0.00009241 beh=6.274718 w=0.000 lr=9.325e-04 time=0.476s
[RQ-VAE] epoch=250 loss=0.00024776 recon=0.00009227 lr=9.322e-04 raw_unique=21388/24587 collision=0.130109 time=0.466s
[RQ-VAE] epoch=251 loss=0.00024886 recon=0.00009224 beh=6.271679 w=0.000 lr=9.319e-04 time=0.464s
[RQ-VAE] epoch=252 loss=0.00024868 recon=0.00009206 beh=6.272595 w=0.000 lr=9.315e-04 time=0.506s
[RQ-VAE] epoch=253 loss=0.00024839 recon=0.00009197 beh=6.270171 w=0.000 lr=9.312e-04 time=0.445s
[RQ-VAE] epoch=254 loss=0.00024978 recon=0.00009212 beh=6.270879 w=0.000 lr=9.308e-04 time=0.39s
[RQ-VAE] epoch=255 loss=0.00024899 recon=0.00009182 beh=6.271821 w=0.000 lr=9.305e-04 time=0.512s
[RQ-VAE] epoch=256 loss=0.00024892 recon=0.00009186 beh=6.274509 w=0.000 lr=9.302e-04 time=0.489s
[RQ-VAE] epoch=257 loss=0.00024975 recon=0.00009178 beh=6.273889 w=0.000 lr=9.298e-04 time=0.495s
[RQ-VAE] epoch=258 loss=0.00025028 recon=0.00009174 beh=6.273824 w=0.000 lr=9.295e-04 time=0.51s
[RQ-VAE] epoch=259 loss=0.00025216 recon=0.00009170 beh=6.270596 w=0.000 lr=9.292e-04 time=0.345s
[RQ-VAE] epoch=260 loss=0.00025144 recon=0.00009173 beh=6.271907 w=0.000 lr=9.288e-04 time=0.612s
[RQ-VAE] epoch=261 loss=0.00025161 recon=0.00009184 beh=6.272685 w=0.000 lr=9.285e-04 time=0.466s
[RQ-VAE] epoch=262 loss=0.00025313 recon=0.00009171 beh=6.273288 w=0.000 lr=9.281e-04 time=0.475s
[RQ-VAE] epoch=263 loss=0.00025425 recon=0.00009165 beh=6.272008 w=0.000 lr=9.278e-04 time=0.46s
[RQ-VAE] epoch=264 loss=0.00025430 recon=0.00009148 beh=6.271359 w=0.000 lr=9.275e-04 time=0.529s
[RQ-VAE] epoch=265 loss=0.00025472 recon=0.00009151 beh=6.271221 w=0.000 lr=9.271e-04 time=0.52s
[RQ-VAE] epoch=266 loss=0.00025526 recon=0.00009166 beh=6.270923 w=0.000 lr=9.268e-04 time=0.464s
[RQ-VAE] epoch=267 loss=0.00025568 recon=0.00009149 beh=6.270535 w=0.000 lr=9.264e-04 time=0.441s
[RQ-VAE] epoch=268 loss=0.00025359 recon=0.00009133 beh=6.271774 w=0.000 lr=9.261e-04 time=0.462s
[RQ-VAE] epoch=269 loss=0.00025585 recon=0.00009118 beh=6.272394 w=0.000 lr=9.258e-04 time=0.45s
[RQ-VAE] epoch=270 loss=0.00025629 recon=0.00009129 beh=6.274086 w=0.000 lr=9.254e-04 time=0.367s
[RQ-VAE] epoch=271 loss=0.00025380 recon=0.00009103 beh=6.272556 w=0.000 lr=9.251e-04 time=0.459s
[RQ-VAE] epoch=272 loss=0.00025498 recon=0.00009111 beh=6.270051 w=0.000 lr=9.247e-04 time=0.469s
[RQ-VAE] epoch=273 loss=0.00025837 recon=0.00009115 beh=6.271212 w=0.000 lr=9.244e-04 time=0.545s
[RQ-VAE] epoch=274 loss=0.00025608 recon=0.00009083 beh=6.273997 w=0.000 lr=9.241e-04 time=0.465s
[RQ-VAE] epoch=275 loss=0.00025769 recon=0.00009087 beh=6.268198 w=0.000 lr=9.237e-04 time=0.597s
[RQ-VAE] epoch=276 loss=0.00025787 recon=0.00009064 beh=6.273786 w=0.000 lr=9.234e-04 time=0.479s
[RQ-VAE] epoch=277 loss=0.00025702 recon=0.00009071 beh=6.270915 w=0.000 lr=9.231e-04 time=0.511s
[RQ-VAE] epoch=278 loss=0.00025685 recon=0.00009072 beh=6.269489 w=0.000 lr=9.227e-04 time=0.438s
[RQ-VAE] epoch=279 loss=0.00025812 recon=0.00009054 beh=6.271740 w=0.000 lr=9.224e-04 time=0.468s
[RQ-VAE] epoch=280 loss=0.00025745 recon=0.00009062 beh=6.270615 w=0.000 lr=9.220e-04 time=0.45s
[RQ-VAE] epoch=281 loss=0.00025777 recon=0.00009057 beh=6.271368 w=0.000 lr=9.217e-04 time=0.486s
[RQ-VAE] epoch=282 loss=0.00025915 recon=0.00009044 beh=6.272899 w=0.000 lr=9.214e-04 time=0.485s
[RQ-VAE] epoch=283 loss=0.00025900 recon=0.00009027 beh=6.274838 w=0.000 lr=9.210e-04 time=0.442s
[RQ-VAE] epoch=284 loss=0.00025679 recon=0.00009033 beh=6.273056 w=0.000 lr=9.207e-04 time=0.484s
[RQ-VAE] epoch=285 loss=0.00025954 recon=0.00009012 beh=6.274028 w=0.000 lr=9.203e-04 time=0.475s
[RQ-VAE] epoch=286 loss=0.00025933 recon=0.00009017 beh=6.274103 w=0.000 lr=9.200e-04 time=0.524s
[RQ-VAE] epoch=287 loss=0.00025726 recon=0.00009003 beh=6.272751 w=0.000 lr=9.197e-04 time=0.465s
[RQ-VAE] epoch=288 loss=0.00025833 recon=0.00009001 beh=6.270530 w=0.000 lr=9.193e-04 time=0.5s
[RQ-VAE] epoch=289 loss=0.00025914 recon=0.00008982 beh=6.273145 w=0.000 lr=9.190e-04 time=0.51s
[RQ-VAE] epoch=290 loss=0.00025931 recon=0.00008979 beh=6.272838 w=0.000 lr=9.186e-04 time=0.44s
[RQ-VAE] epoch=291 loss=0.00025997 recon=0.00008990 beh=6.273135 w=0.000 lr=9.183e-04 time=0.449s
[RQ-VAE] epoch=292 loss=0.00026078 recon=0.00008966 beh=6.274955 w=0.000 lr=9.180e-04 time=0.542s
[RQ-VAE] epoch=293 loss=0.00026052 recon=0.00008957 beh=6.272932 w=0.000 lr=9.176e-04 time=0.507s
[RQ-VAE] epoch=294 loss=0.00026098 recon=0.00008950 beh=6.272083 w=0.000 lr=9.173e-04 time=0.471s
[RQ-VAE] epoch=295 loss=0.00026175 recon=0.00008936 beh=6.273018 w=0.000 lr=9.169e-04 time=0.467s
[RQ-VAE] epoch=296 loss=0.00026233 recon=0.00008936 beh=6.272301 w=0.000 lr=9.166e-04 time=0.46s
[RQ-VAE] epoch=297 loss=0.00026301 recon=0.00008955 beh=6.272971 w=0.000 lr=9.163e-04 time=0.477s
[RQ-VAE] epoch=298 loss=0.00026245 recon=0.00008955 beh=6.273616 w=0.000 lr=9.159e-04 time=0.573s
[RQ-VAE] epoch=299 loss=0.00026369 recon=0.00008959 beh=6.274147 w=0.000 lr=9.156e-04 time=0.535s
[RQ-VAE] epoch=300 loss=0.00026384 recon=0.00008930 lr=9.153e-04 raw_unique=21150/24587 collision=0.139789 time=0.512s
[RQ-VAE] epoch=301 loss=0.00026434 recon=0.00008930 beh=6.272870 w=0.000 lr=9.149e-04 time=0.339s
[RQ-VAE] epoch=302 loss=0.00026617 recon=0.00008928 beh=6.271214 w=0.000 lr=9.146e-04 time=0.451s
[RQ-VAE] epoch=303 loss=0.00026623 recon=0.00008925 beh=6.273259 w=0.000 lr=9.142e-04 time=0.52s
[RQ-VAE] epoch=304 loss=0.00026465 recon=0.00008914 beh=6.273740 w=0.000 lr=9.139e-04 time=0.485s
[RQ-VAE] epoch=305 loss=0.00026707 recon=0.00008921 beh=6.274739 w=0.000 lr=9.136e-04 time=0.489s
[RQ-VAE] epoch=306 loss=0.00026729 recon=0.00008920 beh=6.274637 w=0.000 lr=9.132e-04 time=0.535s
[RQ-VAE] epoch=307 loss=0.00026529 recon=0.00008920 beh=6.273955 w=0.000 lr=9.129e-04 time=0.566s
[RQ-VAE] epoch=308 loss=0.00026723 recon=0.00008919 beh=6.274386 w=0.000 lr=9.125e-04 time=0.468s
[RQ-VAE] epoch=309 loss=0.00026738 recon=0.00008902 beh=6.273496 w=0.000 lr=9.122e-04 time=0.465s
[RQ-VAE] epoch=310 loss=0.00026687 recon=0.00008885 beh=6.271893 w=0.000 lr=9.119e-04 time=0.572s
[RQ-VAE] epoch=311 loss=0.00026684 recon=0.00008885 beh=6.273942 w=0.000 lr=9.115e-04 time=0.512s
[RQ-VAE] epoch=312 loss=0.00026806 recon=0.00008868 beh=6.276703 w=0.000 lr=9.112e-04 time=0.526s
[RQ-VAE] epoch=313 loss=0.00026793 recon=0.00008857 beh=6.275188 w=0.000 lr=9.108e-04 time=0.43s
[RQ-VAE] epoch=314 loss=0.00026717 recon=0.00008867 beh=6.276369 w=0.000 lr=9.105e-04 time=0.55s
[RQ-VAE] epoch=315 loss=0.00026854 recon=0.00008852 beh=6.271214 w=0.000 lr=9.102e-04 time=0.427s
[RQ-VAE] epoch=316 loss=0.00026890 recon=0.00008878 beh=6.278337 w=0.000 lr=9.098e-04 time=0.494s
[RQ-VAE] epoch=317 loss=0.00026942 recon=0.00008869 beh=6.272521 w=0.000 lr=9.095e-04 time=0.461s
[RQ-VAE] epoch=318 loss=0.00026925 recon=0.00008842 beh=6.273379 w=0.000 lr=9.092e-04 time=0.448s
[RQ-VAE] epoch=319 loss=0.00026782 recon=0.00008838 beh=6.271372 w=0.000 lr=9.088e-04 time=0.494s
[RQ-VAE] epoch=320 loss=0.00026964 recon=0.00008839 beh=6.270792 w=0.000 lr=9.085e-04 time=0.426s
[RQ-VAE] epoch=321 loss=0.00026997 recon=0.00008824 beh=6.273192 w=0.000 lr=9.081e-04 time=0.457s
[RQ-VAE] epoch=322 loss=0.00026958 recon=0.00008826 beh=6.275012 w=0.000 lr=9.078e-04 time=0.465s
[RQ-VAE] epoch=323 loss=0.00026985 recon=0.00008814 beh=6.273543 w=0.000 lr=9.075e-04 time=0.438s
[RQ-VAE] epoch=324 loss=0.00026947 recon=0.00008817 beh=6.274033 w=0.000 lr=9.071e-04 time=0.437s
[RQ-VAE] epoch=325 loss=0.00027041 recon=0.00008827 beh=6.274763 w=0.000 lr=9.068e-04 time=0.433s
[RQ-VAE] epoch=326 loss=0.00027169 recon=0.00008800 beh=6.273673 w=0.000 lr=9.064e-04 time=0.529s
[RQ-VAE] epoch=327 loss=0.00026964 recon=0.00008796 beh=6.271023 w=0.000 lr=9.061e-04 time=0.421s
[RQ-VAE] epoch=328 loss=0.00026944 recon=0.00008779 beh=6.277478 w=0.000 lr=9.058e-04 time=0.454s
[RQ-VAE] epoch=329 loss=0.00027247 recon=0.00008799 beh=6.275092 w=0.000 lr=9.054e-04 time=0.422s
[RQ-VAE] epoch=330 loss=0.00027131 recon=0.00008772 beh=6.277484 w=0.000 lr=9.051e-04 time=0.511s
[RQ-VAE] epoch=331 loss=0.00027051 recon=0.00008785 beh=6.276255 w=0.000 lr=9.047e-04 time=0.405s
[RQ-VAE] epoch=332 loss=0.00027148 recon=0.00008769 beh=6.271184 w=0.000 lr=9.044e-04 time=0.637s
[RQ-VAE] epoch=333 loss=0.00027355 recon=0.00008776 beh=6.275249 w=0.000 lr=9.041e-04 time=0.461s
[RQ-VAE] epoch=334 loss=0.00027259 recon=0.00008762 beh=6.280328 w=0.000 lr=9.037e-04 time=0.531s
[RQ-VAE] epoch=335 loss=0.00027287 recon=0.00008784 beh=6.272511 w=0.000 lr=9.034e-04 time=0.412s
[RQ-VAE] epoch=336 loss=0.00027336 recon=0.00008766 beh=6.275932 w=0.000 lr=9.031e-04 time=0.455s
[RQ-VAE] epoch=337 loss=0.00027263 recon=0.00008758 beh=6.274573 w=0.000 lr=9.027e-04 time=0.499s
[RQ-VAE] epoch=338 loss=0.00027328 recon=0.00008749 beh=6.273167 w=0.000 lr=9.024e-04 time=0.48s
[RQ-VAE] epoch=339 loss=0.00027557 recon=0.00008760 beh=6.275128 w=0.000 lr=9.020e-04 time=0.505s
[RQ-VAE] epoch=340 loss=0.00027469 recon=0.00008741 beh=6.275286 w=0.000 lr=9.017e-04 time=0.476s
[RQ-VAE] epoch=341 loss=0.00027391 recon=0.00008742 beh=6.275135 w=0.000 lr=9.014e-04 time=0.481s
[RQ-VAE] epoch=342 loss=0.00027385 recon=0.00008742 beh=6.274093 w=0.000 lr=9.010e-04 time=0.452s
[RQ-VAE] epoch=343 loss=0.00027439 recon=0.00008748 beh=6.275228 w=0.000 lr=9.007e-04 time=0.465s
[RQ-VAE] epoch=344 loss=0.00027621 recon=0.00008727 beh=6.277838 w=0.000 lr=9.003e-04 time=0.471s
[RQ-VAE] epoch=345 loss=0.00027478 recon=0.00008739 beh=6.268713 w=0.000 lr=9.000e-04 time=0.432s
[RQ-VAE] epoch=346 loss=0.00027437 recon=0.00008720 beh=6.275043 w=0.000 lr=8.997e-04 time=0.478s
[RQ-VAE] epoch=347 loss=0.00027423 recon=0.00008723 beh=6.276966 w=0.000 lr=8.993e-04 time=0.44s
[RQ-VAE] epoch=348 loss=0.00027489 recon=0.00008706 beh=6.272372 w=0.000 lr=8.990e-04 time=0.498s
[RQ-VAE] epoch=349 loss=0.00027366 recon=0.00008689 beh=6.273346 w=0.000 lr=8.986e-04 time=0.479s
[RQ-VAE] epoch=350 loss=0.00027349 recon=0.00008691 lr=8.983e-04 raw_unique=20904/24587 collision=0.149795 time=0.325s
[RQ-VAE] epoch=351 loss=0.00027441 recon=0.00008701 beh=6.272298 w=0.000 lr=8.980e-04 time=0.476s
[RQ-VAE] epoch=352 loss=0.00027471 recon=0.00008681 beh=6.274530 w=0.000 lr=8.976e-04 time=0.45s
[RQ-VAE] epoch=353 loss=0.00027517 recon=0.00008680 beh=6.271561 w=0.000 lr=8.973e-04 time=0.482s
[RQ-VAE] epoch=354 loss=0.00027550 recon=0.00008696 beh=6.274693 w=0.000 lr=8.969e-04 time=0.474s
[RQ-VAE] epoch=355 loss=0.00027520 recon=0.00008689 beh=6.273767 w=0.000 lr=8.966e-04 time=0.445s
[RQ-VAE] epoch=356 loss=0.00027616 recon=0.00008689 beh=6.273782 w=0.000 lr=8.963e-04 time=0.437s
[RQ-VAE] epoch=357 loss=0.00027740 recon=0.00008668 beh=6.273390 w=0.000 lr=8.959e-04 time=0.454s
[RQ-VAE] epoch=358 loss=0.00027411 recon=0.00008664 beh=6.275589 w=0.000 lr=8.956e-04 time=0.468s
[RQ-VAE] epoch=359 loss=0.00027459 recon=0.00008674 beh=6.272119 w=0.000 lr=8.953e-04 time=0.441s
[RQ-VAE] epoch=360 loss=0.00027780 recon=0.00008669 beh=6.275035 w=0.000 lr=8.949e-04 time=0.54s
[RQ-VAE] epoch=361 loss=0.00027612 recon=0.00008649 beh=6.276673 w=0.000 lr=8.946e-04 time=0.663s
[RQ-VAE] epoch=362 loss=0.00027515 recon=0.00008651 beh=6.276822 w=0.000 lr=8.942e-04 time=0.505s
[RQ-VAE] epoch=363 loss=0.00027686 recon=0.00008641 beh=6.278518 w=0.000 lr=8.939e-04 time=0.496s
[RQ-VAE] epoch=364 loss=0.00027709 recon=0.00008643 beh=6.275853 w=0.000 lr=8.936e-04 time=0.582s
[RQ-VAE] epoch=365 loss=0.00027560 recon=0.00008626 beh=6.275405 w=0.000 lr=8.932e-04 time=0.485s
[RQ-VAE] epoch=366 loss=0.00027811 recon=0.00008632 beh=6.274497 w=0.000 lr=8.929e-04 time=0.458s
[RQ-VAE] epoch=367 loss=0.00027689 recon=0.00008616 beh=6.275837 w=0.000 lr=8.925e-04 time=0.524s
[RQ-VAE] epoch=368 loss=0.00027712 recon=0.00008616 beh=6.277746 w=0.000 lr=8.922e-04 time=0.49s
[RQ-VAE] epoch=369 loss=0.00027697 recon=0.00008617 beh=6.277236 w=0.000 lr=8.919e-04 time=0.513s
[RQ-VAE] epoch=370 loss=0.00027756 recon=0.00008616 beh=6.273695 w=0.000 lr=8.915e-04 time=0.476s
[RQ-VAE] epoch=371 loss=0.00027857 recon=0.00008610 beh=6.272917 w=0.000 lr=8.912e-04 time=0.454s
[RQ-VAE] epoch=372 loss=0.00027887 recon=0.00008615 beh=6.278646 w=0.000 lr=8.908e-04 time=0.453s
[RQ-VAE] epoch=373 loss=0.00027805 recon=0.00008611 beh=6.274188 w=0.000 lr=8.905e-04 time=0.486s
[RQ-VAE] epoch=374 loss=0.00027977 recon=0.00008589 beh=6.273899 w=0.000 lr=8.902e-04 time=0.414s
[RQ-VAE] epoch=375 loss=0.00027779 recon=0.00008605 beh=6.275955 w=0.000 lr=8.898e-04 time=0.4s
[RQ-VAE] epoch=376 loss=0.00027900 recon=0.00008600 beh=6.274979 w=0.000 lr=8.895e-04 time=0.458s
[RQ-VAE] epoch=377 loss=0.00027895 recon=0.00008592 beh=6.274396 w=0.000 lr=8.892e-04 time=0.442s
[RQ-VAE] epoch=378 loss=0.00027943 recon=0.00008591 beh=6.274054 w=0.000 lr=8.888e-04 time=0.468s
[RQ-VAE] epoch=379 loss=0.00027935 recon=0.00008586 beh=6.275592 w=0.000 lr=8.885e-04 time=0.498s
[RQ-VAE] epoch=380 loss=0.00028170 recon=0.00008572 beh=6.274900 w=0.000 lr=8.881e-04 time=0.601s
[RQ-VAE] epoch=381 loss=0.00027921 recon=0.00008557 beh=6.274503 w=0.000 lr=8.878e-04 time=0.499s
[RQ-VAE] epoch=382 loss=0.00027867 recon=0.00008562 beh=6.274417 w=0.000 lr=8.875e-04 time=0.443s
[RQ-VAE] epoch=383 loss=0.00028059 recon=0.00008549 beh=6.277864 w=0.000 lr=8.871e-04 time=0.474s
[RQ-VAE] epoch=384 loss=0.00028094 recon=0.00008550 beh=6.273378 w=0.000 lr=8.868e-04 time=0.392s
[RQ-VAE] epoch=385 loss=0.00028054 recon=0.00008562 beh=6.276030 w=0.000 lr=8.864e-04 time=0.52s
[RQ-VAE] epoch=386 loss=0.00028078 recon=0.00008546 beh=6.272865 w=0.000 lr=8.861e-04 time=0.476s
[RQ-VAE] epoch=387 loss=0.00028252 recon=0.00008536 beh=6.276989 w=0.000 lr=8.858e-04 time=0.533s
[RQ-VAE] epoch=388 loss=0.00028166 recon=0.00008550 beh=6.276092 w=0.000 lr=8.854e-04 time=0.442s
[RQ-VAE] epoch=389 loss=0.00027983 recon=0.00008553 beh=6.274240 w=0.000 lr=8.851e-04 time=0.456s
[RQ-VAE] epoch=390 loss=0.00028343 recon=0.00008548 beh=6.272273 w=0.000 lr=8.847e-04 time=0.409s
[RQ-VAE] epoch=391 loss=0.00028068 recon=0.00008531 beh=6.274489 w=0.000 lr=8.844e-04 time=0.42s
[RQ-VAE] epoch=392 loss=0.00027961 recon=0.00008537 beh=6.276218 w=0.000 lr=8.841e-04 time=0.43s
[RQ-VAE] epoch=393 loss=0.00028081 recon=0.00008542 beh=6.276698 w=0.000 lr=8.837e-04 time=0.541s
[RQ-VAE] epoch=394 loss=0.00028403 recon=0.00008523 beh=6.275782 w=0.000 lr=8.834e-04 time=0.404s
[RQ-VAE] epoch=395 loss=0.00028173 recon=0.00008525 beh=6.272159 w=0.000 lr=8.831e-04 time=0.479s
[RQ-VAE] epoch=396 loss=0.00028032 recon=0.00008523 beh=6.273168 w=0.000 lr=8.827e-04 time=0.616s
[RQ-VAE] epoch=397 loss=0.00028222 recon=0.00008509 beh=6.277263 w=0.000 lr=8.824e-04 time=0.467s
[RQ-VAE] epoch=398 loss=0.00028150 recon=0.00008500 beh=6.271568 w=0.000 lr=8.820e-04 time=0.326s
[RQ-VAE] epoch=399 loss=0.00028207 recon=0.00008500 beh=6.273494 w=0.000 lr=8.817e-04 time=0.477s
[RQ-VAE] epoch=400 loss=0.00028355 recon=0.00008498 lr=8.814e-04 raw_unique=20884/24587 collision=0.150608 time=0.501s
[RQ-VAE] epoch=401 loss=0.00028432 recon=0.00008492 beh=6.274982 w=0.000 lr=8.810e-04 time=0.444s
[RQ-VAE] epoch=402 loss=0.00028186 recon=0.00008502 beh=6.271502 w=0.000 lr=8.807e-04 time=0.438s
[RQ-VAE] epoch=403 loss=0.00028293 recon=0.00008488 beh=6.276064 w=0.000 lr=8.803e-04 time=0.425s
[RQ-VAE] epoch=404 loss=0.00028365 recon=0.00008479 beh=6.276708 w=0.000 lr=8.800e-04 time=0.486s
[RQ-VAE] epoch=405 loss=0.00028234 recon=0.00008508 beh=6.274266 w=0.000 lr=8.797e-04 time=0.499s
[RQ-VAE] epoch=406 loss=0.00028364 recon=0.00008480 beh=6.277343 w=0.000 lr=8.793e-04 time=0.473s
[RQ-VAE] epoch=407 loss=0.00028247 recon=0.00008473 beh=6.275885 w=0.000 lr=8.790e-04 time=0.47s
[RQ-VAE] epoch=408 loss=0.00028431 recon=0.00008479 beh=6.276704 w=0.000 lr=8.786e-04 time=0.505s
[RQ-VAE] epoch=409 loss=0.00028402 recon=0.00008472 beh=6.276460 w=0.000 lr=8.783e-04 time=0.45s
[RQ-VAE] epoch=410 loss=0.00028416 recon=0.00008483 beh=6.275576 w=0.000 lr=8.780e-04 time=0.41s
[RQ-VAE] epoch=411 loss=0.00028526 recon=0.00008466 beh=6.275106 w=0.000 lr=8.776e-04 time=0.469s
[RQ-VAE] epoch=412 loss=0.00028406 recon=0.00008455 beh=6.273030 w=0.000 lr=8.773e-04 time=0.49s
[RQ-VAE] epoch=413 loss=0.00028394 recon=0.00008455 beh=6.273396 w=0.000 lr=8.769e-04 time=0.458s
[RQ-VAE] epoch=414 loss=0.00028503 recon=0.00008447 beh=6.274166 w=0.000 lr=8.766e-04 time=0.429s
[RQ-VAE] epoch=415 loss=0.00028496 recon=0.00008444 beh=6.275628 w=0.000 lr=8.763e-04 time=0.426s
[RQ-VAE] epoch=416 loss=0.00028405 recon=0.00008438 beh=6.275891 w=0.000 lr=8.759e-04 time=0.444s
[RQ-VAE] epoch=417 loss=0.00028596 recon=0.00008441 beh=6.275348 w=0.000 lr=8.756e-04 time=0.479s
[RQ-VAE] epoch=418 loss=0.00028640 recon=0.00008438 beh=6.277258 w=0.000 lr=8.753e-04 time=0.522s
[RQ-VAE] epoch=419 loss=0.00028422 recon=0.00008434 beh=6.278459 w=0.000 lr=8.749e-04 time=0.566s
[RQ-VAE] epoch=420 loss=0.00028519 recon=0.00008448 beh=6.275451 w=0.000 lr=8.746e-04 time=0.445s
[RQ-VAE] epoch=421 loss=0.00028699 recon=0.00008445 beh=6.277452 w=0.000 lr=8.742e-04 time=0.456s
[RQ-VAE] epoch=422 loss=0.00028419 recon=0.00008441 beh=6.274427 w=0.000 lr=8.739e-04 time=0.314s
[RQ-VAE] epoch=423 loss=0.00028442 recon=0.00008415 beh=6.276596 w=0.000 lr=8.736e-04 time=0.472s
[RQ-VAE] epoch=424 loss=0.00028526 recon=0.00008414 beh=6.274779 w=0.000 lr=8.732e-04 time=0.438s
[RQ-VAE] epoch=425 loss=0.00028554 recon=0.00008406 beh=6.275633 w=0.000 lr=8.729e-04 time=0.433s
[RQ-VAE] epoch=426 loss=0.00028453 recon=0.00008392 beh=6.274045 w=0.000 lr=8.725e-04 time=0.452s
[RQ-VAE] epoch=427 loss=0.00028530 recon=0.00008409 beh=6.275227 w=0.000 lr=8.722e-04 time=0.489s
[RQ-VAE] epoch=428 loss=0.00028486 recon=0.00008384 beh=6.277531 w=0.000 lr=8.719e-04 time=0.457s
[RQ-VAE] epoch=429 loss=0.00028637 recon=0.00008390 beh=6.272498 w=0.000 lr=8.715e-04 time=0.421s
[RQ-VAE] epoch=430 loss=0.00028619 recon=0.00008387 beh=6.275728 w=0.000 lr=8.712e-04 time=0.44s
[RQ-VAE] epoch=431 loss=0.00028517 recon=0.00008381 beh=6.275200 w=0.000 lr=8.708e-04 time=0.423s
[RQ-VAE] epoch=432 loss=0.00028585 recon=0.00008378 beh=6.275764 w=0.000 lr=8.705e-04 time=0.483s
[RQ-VAE] epoch=433 loss=0.00028694 recon=0.00008398 beh=6.274411 w=0.000 lr=8.702e-04 time=0.442s
[RQ-VAE] epoch=434 loss=0.00028735 recon=0.00008403 beh=6.277422 w=0.000 lr=8.698e-04 time=0.47s
[RQ-VAE] epoch=435 loss=0.00028701 recon=0.00008382 beh=6.273927 w=0.000 lr=8.695e-04 time=0.433s
[RQ-VAE] epoch=436 loss=0.00028672 recon=0.00008368 beh=6.274582 w=0.000 lr=8.692e-04 time=0.447s
[RQ-VAE] epoch=437 loss=0.00028578 recon=0.00008362 beh=6.271682 w=0.000 lr=8.688e-04 time=0.483s
[RQ-VAE] epoch=438 loss=0.00028646 recon=0.00008361 beh=6.278912 w=0.000 lr=8.685e-04 time=0.51s
[RQ-VAE] epoch=439 loss=0.00028645 recon=0.00008392 beh=6.273084 w=0.000 lr=8.681e-04 time=0.425s
[RQ-VAE] epoch=440 loss=0.00028745 recon=0.00008355 beh=6.278245 w=0.000 lr=8.678e-04 time=0.513s
[RQ-VAE] epoch=441 loss=0.00028710 recon=0.00008347 beh=6.276872 w=0.000 lr=8.675e-04 time=0.557s
[RQ-VAE] epoch=442 loss=0.00028754 recon=0.00008362 beh=6.273656 w=0.000 lr=8.671e-04 time=0.425s
[RQ-VAE] epoch=443 loss=0.00028714 recon=0.00008363 beh=6.275960 w=0.000 lr=8.668e-04 time=0.45s
[RQ-VAE] epoch=444 loss=0.00028574 recon=0.00008374 beh=6.275214 w=0.000 lr=8.664e-04 time=0.414s
[RQ-VAE] epoch=445 loss=0.00028630 recon=0.00008358 beh=6.276821 w=0.000 lr=8.661e-04 time=0.528s
[RQ-VAE] epoch=446 loss=0.00028735 recon=0.00008355 beh=6.275565 w=0.000 lr=8.658e-04 time=0.414s
[RQ-VAE] epoch=447 loss=0.00028755 recon=0.00008357 beh=6.278373 w=0.000 lr=8.654e-04 time=0.307s
[RQ-VAE] epoch=448 loss=0.00028946 recon=0.00008380 beh=6.273351 w=0.000 lr=8.651e-04 time=0.45s
[RQ-VAE] epoch=449 loss=0.00028906 recon=0.00008353 beh=6.276121 w=0.000 lr=8.647e-04 time=0.523s
[RQ-VAE] epoch=450 loss=0.00028877 recon=0.00008337 lr=8.644e-04 raw_unique=20699/24587 collision=0.158132 time=0.444s
[RQ-VAE] epoch=451 loss=0.00028802 recon=0.00008337 beh=6.275667 w=0.000 lr=8.641e-04 time=0.472s
[RQ-VAE] epoch=452 loss=0.00028833 recon=0.00008326 beh=6.276926 w=0.000 lr=8.637e-04 time=0.579s
[RQ-VAE] epoch=453 loss=0.00029018 recon=0.00008325 beh=6.275597 w=0.000 lr=8.634e-04 time=0.448s
[RQ-VAE] epoch=454 loss=0.00028888 recon=0.00008331 beh=6.272581 w=0.000 lr=8.631e-04 time=0.415s
[RQ-VAE] epoch=455 loss=0.00028960 recon=0.00008320 beh=6.277349 w=0.000 lr=8.627e-04 time=0.465s
[RQ-VAE] epoch=456 loss=0.00028986 recon=0.00008318 beh=6.274728 w=0.000 lr=8.624e-04 time=0.464s
[RQ-VAE] epoch=457 loss=0.00028978 recon=0.00008317 beh=6.274754 w=0.000 lr=8.620e-04 time=0.462s
[RQ-VAE] epoch=458 loss=0.00029069 recon=0.00008307 beh=6.274263 w=0.000 lr=8.617e-04 time=0.463s
[RQ-VAE] epoch=459 loss=0.00028981 recon=0.00008306 beh=6.278584 w=0.000 lr=8.614e-04 time=0.473s
[RQ-VAE] epoch=460 loss=0.00029170 recon=0.00008314 beh=6.275504 w=0.000 lr=8.610e-04 time=0.47s
[RQ-VAE] epoch=461 loss=0.00028997 recon=0.00008307 beh=6.278580 w=0.000 lr=8.607e-04 time=0.476s
[RQ-VAE] epoch=462 loss=0.00028827 recon=0.00008314 beh=6.275422 w=0.000 lr=8.603e-04 time=0.535s
[RQ-VAE] epoch=463 loss=0.00029123 recon=0.00008302 beh=6.277658 w=0.000 lr=8.600e-04 time=0.452s
[RQ-VAE] epoch=464 loss=0.00029026 recon=0.00008301 beh=6.276977 w=0.000 lr=8.597e-04 time=0.469s
[RQ-VAE] epoch=465 loss=0.00029174 recon=0.00008304 beh=6.276158 w=0.000 lr=8.593e-04 time=0.48s
[RQ-VAE] epoch=466 loss=0.00029263 recon=0.00008291 beh=6.275693 w=0.000 lr=8.590e-04 time=0.482s
[RQ-VAE] epoch=467 loss=0.00029129 recon=0.00008280 beh=6.275405 w=0.000 lr=8.586e-04 time=0.492s
[RQ-VAE] epoch=468 loss=0.00029152 recon=0.00008293 beh=6.276891 w=0.000 lr=8.583e-04 time=0.537s
[RQ-VAE] epoch=469 loss=0.00029164 recon=0.00008292 beh=6.279252 w=0.000 lr=8.580e-04 time=0.506s
[RQ-VAE] epoch=470 loss=0.00029308 recon=0.00008281 beh=6.278980 w=0.000 lr=8.576e-04 time=0.529s
[RQ-VAE] epoch=471 loss=0.00029278 recon=0.00008287 beh=6.277690 w=0.000 lr=8.573e-04 time=0.307s
[RQ-VAE] epoch=472 loss=0.00029230 recon=0.00008281 beh=6.276105 w=0.000 lr=8.569e-04 time=0.505s
[RQ-VAE] epoch=473 loss=0.00029068 recon=0.00008283 beh=6.276061 w=0.000 lr=8.566e-04 time=0.544s
[RQ-VAE] epoch=474 loss=0.00029149 recon=0.00008276 beh=6.274265 w=0.000 lr=8.563e-04 time=0.472s
[RQ-VAE] epoch=475 loss=0.00029233 recon=0.00008258 beh=6.274426 w=0.000 lr=8.559e-04 time=0.445s
[RQ-VAE] epoch=476 loss=0.00029156 recon=0.00008269 beh=6.275622 w=0.000 lr=8.556e-04 time=0.502s
[RQ-VAE] epoch=477 loss=0.00029216 recon=0.00008272 beh=6.278311 w=0.000 lr=8.553e-04 time=0.483s
[RQ-VAE] epoch=478 loss=0.00029210 recon=0.00008245 beh=6.277052 w=0.000 lr=8.549e-04 time=0.466s
[RQ-VAE] epoch=479 loss=0.00029079 recon=0.00008240 beh=6.276024 w=0.000 lr=8.546e-04 time=0.456s
[RQ-VAE] epoch=480 loss=0.00029104 recon=0.00008254 beh=6.275412 w=0.000 lr=8.542e-04 time=0.432s
[RQ-VAE] epoch=481 loss=0.00029037 recon=0.00008241 beh=6.276135 w=0.000 lr=8.539e-04 time=0.57s
[RQ-VAE] epoch=482 loss=0.00029110 recon=0.00008238 beh=6.275807 w=0.000 lr=8.536e-04 time=0.514s
[RQ-VAE] epoch=483 loss=0.00029134 recon=0.00008246 beh=6.276376 w=0.000 lr=8.532e-04 time=0.442s
[RQ-VAE] epoch=484 loss=0.00029056 recon=0.00008239 beh=6.272628 w=0.000 lr=8.529e-04 time=0.454s
[RQ-VAE] epoch=485 loss=0.00029229 recon=0.00008239 beh=6.275488 w=0.000 lr=8.525e-04 time=0.474s
[RQ-VAE] epoch=486 loss=0.00029073 recon=0.00008226 beh=6.277466 w=0.000 lr=8.522e-04 time=0.474s
[RQ-VAE] epoch=487 loss=0.00029198 recon=0.00008235 beh=6.274321 w=0.000 lr=8.519e-04 time=0.481s
[RQ-VAE] epoch=488 loss=0.00029252 recon=0.00008227 beh=6.276270 w=0.000 lr=8.515e-04 time=0.52s
[RQ-VAE] epoch=489 loss=0.00029387 recon=0.00008229 beh=6.277514 w=0.000 lr=8.512e-04 time=0.396s
[RQ-VAE] epoch=490 loss=0.00029276 recon=0.00008221 beh=6.276497 w=0.000 lr=8.508e-04 time=0.465s
[RQ-VAE] epoch=491 loss=0.00029336 recon=0.00008225 beh=6.279504 w=0.000 lr=8.505e-04 time=0.433s
[RQ-VAE] epoch=492 loss=0.00029496 recon=0.00008226 beh=6.280772 w=0.000 lr=8.502e-04 time=0.461s
[RQ-VAE] epoch=493 loss=0.00029434 recon=0.00008228 beh=6.275431 w=0.000 lr=8.498e-04 time=0.408s
[RQ-VAE] epoch=494 loss=0.00029523 recon=0.00008208 beh=6.276883 w=0.000 lr=8.495e-04 time=0.435s
[RQ-VAE] epoch=495 loss=0.00029185 recon=0.00008235 beh=6.278233 w=0.000 lr=8.492e-04 time=0.409s
[RQ-VAE] epoch=496 loss=0.00029334 recon=0.00008208 beh=6.273615 w=0.000 lr=8.488e-04 time=0.451s
[RQ-VAE] epoch=497 loss=0.00029322 recon=0.00008201 beh=6.278108 w=0.000 lr=8.485e-04 time=0.443s
[RQ-VAE] epoch=498 loss=0.00029526 recon=0.00008199 beh=6.276563 w=0.000 lr=8.481e-04 time=0.446s
[RQ-VAE] epoch=499 loss=0.00029547 recon=0.00008216 beh=6.276432 w=0.000 lr=8.478e-04 time=0.448s
[RQ-VAE] epoch=500 loss=0.00029438 recon=0.00008214 lr=8.475e-04 raw_unique=20544/24587 collision=0.164436 time=0.479s
[RQ-VAE] epoch=501 loss=0.00029484 recon=0.00008207 beh=6.275184 w=0.000 lr=8.471e-04 time=0.601s
[RQ-VAE] epoch=502 loss=0.00029476 recon=0.00008208 beh=6.275889 w=0.000 lr=8.468e-04 time=0.512s
[RQ-VAE] epoch=503 loss=0.00029615 recon=0.00008199 beh=6.275499 w=0.000 lr=8.464e-04 time=0.476s
[RQ-VAE] epoch=504 loss=0.00029663 recon=0.00008219 beh=6.274978 w=0.000 lr=8.461e-04 time=0.461s
[RQ-VAE] epoch=505 loss=0.00029689 recon=0.00008212 beh=6.278987 w=0.000 lr=8.458e-04 time=0.505s
[RQ-VAE] epoch=506 loss=0.00029708 recon=0.00008206 beh=6.277181 w=0.000 lr=8.454e-04 time=0.424s
[RQ-VAE] epoch=507 loss=0.00029689 recon=0.00008185 beh=6.279283 w=0.000 lr=8.451e-04 time=0.515s
[RQ-VAE] epoch=508 loss=0.00029690 recon=0.00008194 beh=6.277654 w=0.000 lr=8.447e-04 time=0.437s
[RQ-VAE] epoch=509 loss=0.00029697 recon=0.00008216 beh=6.274317 w=0.000 lr=8.444e-04 time=0.512s
[RQ-VAE] epoch=510 loss=0.00029669 recon=0.00008187 beh=6.276875 w=0.000 lr=8.441e-04 time=0.433s
[RQ-VAE] epoch=511 loss=0.00029633 recon=0.00008195 beh=6.272772 w=0.000 lr=8.437e-04 time=0.474s
[RQ-VAE] epoch=512 loss=0.00029644 recon=0.00008201 beh=6.277742 w=0.000 lr=8.434e-04 time=0.459s
[RQ-VAE] epoch=513 loss=0.00029802 recon=0.00008196 beh=6.276776 w=0.000 lr=8.431e-04 time=0.463s
[RQ-VAE] epoch=514 loss=0.00029604 recon=0.00008168 beh=6.274592 w=0.000 lr=8.427e-04 time=0.437s
[RQ-VAE] epoch=515 loss=0.00029545 recon=0.00008157 beh=6.273745 w=0.000 lr=8.424e-04 time=0.463s
[RQ-VAE] epoch=516 loss=0.00029708 recon=0.00008166 beh=6.279819 w=0.000 lr=8.420e-04 time=0.665s
[RQ-VAE] epoch=517 loss=0.00029710 recon=0.00008156 beh=6.272823 w=0.000 lr=8.417e-04 time=0.469s
[RQ-VAE] epoch=518 loss=0.00029609 recon=0.00008158 beh=6.277179 w=0.000 lr=8.414e-04 time=0.424s
[RQ-VAE] epoch=519 loss=0.00029737 recon=0.00008185 beh=6.273136 w=0.000 lr=8.410e-04 time=0.322s
[RQ-VAE] epoch=520 loss=0.00029517 recon=0.00008152 beh=6.275056 w=0.000 lr=8.407e-04 time=0.521s
[RQ-VAE] epoch=521 loss=0.00029746 recon=0.00008149 beh=6.277389 w=0.000 lr=8.403e-04 time=0.467s
[RQ-VAE] epoch=522 loss=0.00029671 recon=0.00008160 beh=6.273647 w=0.000 lr=8.400e-04 time=0.479s
[RQ-VAE] epoch=523 loss=0.00029601 recon=0.00008143 beh=6.274989 w=0.000 lr=8.397e-04 time=0.503s
[RQ-VAE] epoch=524 loss=0.00029573 recon=0.00008159 beh=6.277440 w=0.000 lr=8.393e-04 time=0.462s
[RQ-VAE] epoch=525 loss=0.00029643 recon=0.00008146 beh=6.270811 w=0.000 lr=8.390e-04 time=0.459s
[RQ-VAE] epoch=526 loss=0.00029701 recon=0.00008143 beh=6.278636 w=0.000 lr=8.386e-04 time=0.496s
[RQ-VAE] epoch=527 loss=0.00029842 recon=0.00008147 beh=6.276847 w=0.000 lr=8.383e-04 time=0.587s
[RQ-VAE] epoch=528 loss=0.00029689 recon=0.00008144 beh=6.279276 w=0.000 lr=8.380e-04 time=0.439s
[RQ-VAE] epoch=529 loss=0.00029647 recon=0.00008143 beh=6.276694 w=0.000 lr=8.376e-04 time=0.439s
[RQ-VAE] epoch=530 loss=0.00029706 recon=0.00008150 beh=6.272701 w=0.000 lr=8.373e-04 time=0.436s
[RQ-VAE] epoch=531 loss=0.00029711 recon=0.00008148 beh=6.277787 w=0.000 lr=8.369e-04 time=0.482s
[RQ-VAE] epoch=532 loss=0.00029833 recon=0.00008137 beh=6.276429 w=0.000 lr=8.366e-04 time=0.434s
[RQ-VAE] epoch=533 loss=0.00029852 recon=0.00008149 beh=6.280391 w=0.000 lr=8.363e-04 time=0.501s
[RQ-VAE] epoch=534 loss=0.00029937 recon=0.00008143 beh=6.273312 w=0.000 lr=8.359e-04 time=0.468s
[RQ-VAE] epoch=535 loss=0.00029921 recon=0.00008127 beh=6.278044 w=0.000 lr=8.356e-04 time=0.451s
[RQ-VAE] epoch=536 loss=0.00029723 recon=0.00008116 beh=6.274786 w=0.000 lr=8.353e-04 time=0.49s
[RQ-VAE] epoch=537 loss=0.00029994 recon=0.00008134 beh=6.278578 w=0.000 lr=8.349e-04 time=0.425s
[RQ-VAE] epoch=538 loss=0.00029964 recon=0.00008136 beh=6.280438 w=0.000 lr=8.346e-04 time=0.463s
[RQ-VAE] epoch=539 loss=0.00029937 recon=0.00008141 beh=6.276681 w=0.000 lr=8.342e-04 time=0.49s
[RQ-VAE] epoch=540 loss=0.00029978 recon=0.00008131 beh=6.274188 w=0.000 lr=8.339e-04 time=0.477s
[RQ-VAE] epoch=541 loss=0.00029989 recon=0.00008125 beh=6.278790 w=0.000 lr=8.336e-04 time=0.469s
[RQ-VAE] epoch=542 loss=0.00029973 recon=0.00008121 beh=6.278725 w=0.000 lr=8.332e-04 time=0.484s
[RQ-VAE] epoch=543 loss=0.00029891 recon=0.00008122 beh=6.276332 w=0.000 lr=8.329e-04 time=0.449s
[RQ-VAE] epoch=544 loss=0.00030010 recon=0.00008108 beh=6.277655 w=0.000 lr=8.325e-04 time=0.427s
[RQ-VAE] epoch=545 loss=0.00029913 recon=0.00008120 beh=6.278415 w=0.000 lr=8.322e-04 time=0.348s
[RQ-VAE] epoch=546 loss=0.00029824 recon=0.00008109 beh=6.277973 w=0.000 lr=8.319e-04 time=0.473s
[RQ-VAE] epoch=547 loss=0.00029748 recon=0.00008097 beh=6.274026 w=0.000 lr=8.315e-04 time=0.489s
[RQ-VAE] epoch=548 loss=0.00029933 recon=0.00008115 beh=6.274579 w=0.000 lr=8.312e-04 time=0.479s
[RQ-VAE] epoch=549 loss=0.00030095 recon=0.00008108 beh=6.273494 w=0.000 lr=8.308e-04 time=0.431s
[RQ-VAE] epoch=550 loss=0.00029915 recon=0.00008091 lr=8.305e-04 raw_unique=20632/24587 collision=0.160857 time=0.425s
[RQ-VAE] epoch=551 loss=0.00029888 recon=0.00008107 beh=6.277590 w=0.000 lr=8.302e-04 time=0.438s
[RQ-VAE] epoch=552 loss=0.00029893 recon=0.00008093 beh=6.280443 w=0.000 lr=8.298e-04 time=0.433s
[RQ-VAE] epoch=553 loss=0.00029946 recon=0.00008090 beh=6.277022 w=0.000 lr=8.295e-04 time=0.459s
[RQ-VAE] epoch=554 loss=0.00029980 recon=0.00008091 beh=6.278677 w=0.000 lr=8.292e-04 time=0.475s
[RQ-VAE] epoch=555 loss=0.00030008 recon=0.00008089 beh=6.278825 w=0.000 lr=8.288e-04 time=0.439s
[RQ-VAE] epoch=556 loss=0.00030075 recon=0.00008099 beh=6.279165 w=0.000 lr=8.285e-04 time=0.441s
[RQ-VAE] epoch=557 loss=0.00030005 recon=0.00008079 beh=6.277291 w=0.000 lr=8.281e-04 time=0.424s
[RQ-VAE] epoch=558 loss=0.00030058 recon=0.00008077 beh=6.276097 w=0.000 lr=8.278e-04 time=0.489s
[RQ-VAE] epoch=559 loss=0.00030034 recon=0.00008076 beh=6.278024 w=0.000 lr=8.275e-04 time=0.472s
[RQ-VAE] epoch=560 loss=0.00029952 recon=0.00008075 beh=6.278555 w=0.000 lr=8.271e-04 time=0.461s
[RQ-VAE] epoch=561 loss=0.00030078 recon=0.00008093 beh=6.274905 w=0.000 lr=8.268e-04 time=0.411s
[RQ-VAE] epoch=562 loss=0.00030144 recon=0.00008083 beh=6.277554 w=0.000 lr=8.264e-04 time=0.427s
[RQ-VAE] epoch=563 loss=0.00030330 recon=0.00008074 beh=6.276177 w=0.000 lr=8.261e-04 time=0.437s
[RQ-VAE] epoch=564 loss=0.00030083 recon=0.00008062 beh=6.277881 w=0.000 lr=8.258e-04 time=0.423s
[RQ-VAE] epoch=565 loss=0.00030028 recon=0.00008063 beh=6.281087 w=0.000 lr=8.254e-04 time=0.434s
[RQ-VAE] epoch=566 loss=0.00029991 recon=0.00008057 beh=6.274967 w=0.000 lr=8.251e-04 time=0.45s
[RQ-VAE] epoch=567 loss=0.00030033 recon=0.00008046 beh=6.276826 w=0.000 lr=8.247e-04 time=0.472s
[RQ-VAE] epoch=568 loss=0.00030270 recon=0.00008056 beh=6.278916 w=0.000 lr=8.244e-04 time=0.475s
[RQ-VAE] epoch=569 loss=0.00030051 recon=0.00008056 beh=6.278664 w=0.000 lr=8.241e-04 time=0.287s
[RQ-VAE] epoch=570 loss=0.00030131 recon=0.00008045 beh=6.278443 w=0.000 lr=8.237e-04 time=0.451s
[RQ-VAE] epoch=571 loss=0.00030118 recon=0.00008050 beh=6.277598 w=0.000 lr=8.234e-04 time=0.468s
[RQ-VAE] epoch=572 loss=0.00030063 recon=0.00008048 beh=6.280683 w=0.000 lr=8.231e-04 time=0.591s
[RQ-VAE] epoch=573 loss=0.00030185 recon=0.00008054 beh=6.277123 w=0.000 lr=8.227e-04 time=0.539s
[RQ-VAE] epoch=574 loss=0.00030045 recon=0.00008039 beh=6.275122 w=0.000 lr=8.224e-04 time=0.507s
[RQ-VAE] epoch=575 loss=0.00030059 recon=0.00008042 beh=6.274766 w=0.000 lr=8.220e-04 time=0.44s
[RQ-VAE] epoch=576 loss=0.00030069 recon=0.00008037 beh=6.277339 w=0.000 lr=8.217e-04 time=0.475s
[RQ-VAE] epoch=577 loss=0.00030168 recon=0.00008037 beh=6.277685 w=0.000 lr=8.214e-04 time=0.5s
[RQ-VAE] epoch=578 loss=0.00030177 recon=0.00008038 beh=6.276839 w=0.000 lr=8.210e-04 time=0.419s
[RQ-VAE] epoch=579 loss=0.00030214 recon=0.00008036 beh=6.274203 w=0.000 lr=8.207e-04 time=0.425s
[RQ-VAE] epoch=580 loss=0.00030253 recon=0.00008046 beh=6.275951 w=0.000 lr=8.203e-04 time=0.466s
[RQ-VAE] epoch=581 loss=0.00030189 recon=0.00008027 beh=6.278683 w=0.000 lr=8.200e-04 time=0.434s
[RQ-VAE] epoch=582 loss=0.00030264 recon=0.00008040 beh=6.277815 w=0.000 lr=8.197e-04 time=0.427s
[RQ-VAE] epoch=583 loss=0.00030240 recon=0.00008037 beh=6.274431 w=0.000 lr=8.193e-04 time=0.423s
[RQ-VAE] epoch=584 loss=0.00029928 recon=0.00008031 beh=6.277833 w=0.000 lr=8.190e-04 time=0.499s
[RQ-VAE] epoch=585 loss=0.00030104 recon=0.00008016 beh=6.276964 w=0.000 lr=8.186e-04 time=0.475s
[RQ-VAE] epoch=586 loss=0.00030115 recon=0.00008017 beh=6.276740 w=0.000 lr=8.183e-04 time=0.435s
[RQ-VAE] epoch=587 loss=0.00030185 recon=0.00008023 beh=6.276487 w=0.000 lr=8.180e-04 time=0.431s
[RQ-VAE] epoch=588 loss=0.00030102 recon=0.00008002 beh=6.276318 w=0.000 lr=8.176e-04 time=0.48s
[RQ-VAE] epoch=589 loss=0.00030033 recon=0.00008018 beh=6.277565 w=0.000 lr=8.173e-04 time=0.438s
[RQ-VAE] epoch=590 loss=0.00030062 recon=0.00008016 beh=6.274786 w=0.000 lr=8.169e-04 time=0.471s
[RQ-VAE] epoch=591 loss=0.00030260 recon=0.00008021 beh=6.274946 w=0.000 lr=8.166e-04 time=0.526s
[RQ-VAE] epoch=592 loss=0.00030191 recon=0.00008015 beh=6.277077 w=0.000 lr=8.163e-04 time=0.441s
[RQ-VAE] epoch=593 loss=0.00030278 recon=0.00008005 beh=6.277931 w=0.000 lr=8.159e-04 time=0.381s
[RQ-VAE] epoch=594 loss=0.00030170 recon=0.00008001 beh=6.277379 w=0.000 lr=8.156e-04 time=0.487s
[RQ-VAE] epoch=595 loss=0.00030176 recon=0.00008004 beh=6.276969 w=0.000 lr=8.153e-04 time=0.468s
[RQ-VAE] epoch=596 loss=0.00030119 recon=0.00008009 beh=6.277197 w=0.000 lr=8.149e-04 time=0.471s
[RQ-VAE] epoch=597 loss=0.00030111 recon=0.00007998 beh=6.279037 w=0.000 lr=8.146e-04 time=0.46s
[RQ-VAE] epoch=598 loss=0.00030171 recon=0.00007980 beh=6.276182 w=0.000 lr=8.142e-04 time=0.531s
[RQ-VAE] epoch=599 loss=0.00030217 recon=0.00008006 beh=6.277560 w=0.000 lr=8.139e-04 time=0.524s
[RQ-VAE] epoch=600 loss=0.00030219 recon=0.00007995 lr=8.136e-04 raw_unique=20541/24587 collision=0.164559 time=0.466s
[RQ-VAE] epoch=601 loss=0.00030208 recon=0.00007991 beh=6.274887 w=0.000 lr=8.132e-04 time=0.662s
[RQ-VAE] epoch=602 loss=0.00030224 recon=0.00008001 beh=6.273888 w=0.000 lr=8.129e-04 time=0.487s
[RQ-VAE] epoch=603 loss=0.00030279 recon=0.00007985 beh=6.278966 w=0.000 lr=8.125e-04 time=0.469s
[RQ-VAE] epoch=604 loss=0.00030372 recon=0.00007982 beh=6.277855 w=0.000 lr=8.122e-04 time=0.475s
[RQ-VAE] epoch=605 loss=0.00030238 recon=0.00007980 beh=6.274768 w=0.000 lr=8.119e-04 time=0.507s
[RQ-VAE] epoch=606 loss=0.00030173 recon=0.00007964 beh=6.279035 w=0.000 lr=8.115e-04 time=0.462s
[RQ-VAE] epoch=607 loss=0.00030173 recon=0.00007963 beh=6.276021 w=0.000 lr=8.112e-04 time=0.435s
[RQ-VAE] epoch=608 loss=0.00030398 recon=0.00007979 beh=6.275246 w=0.000 lr=8.108e-04 time=0.477s
[RQ-VAE] epoch=609 loss=0.00030402 recon=0.00007987 beh=6.275568 w=0.000 lr=8.105e-04 time=0.434s
[RQ-VAE] epoch=610 loss=0.00030372 recon=0.00007977 beh=6.276270 w=0.000 lr=8.102e-04 time=0.479s
[RQ-VAE] epoch=611 loss=0.00030499 recon=0.00007984 beh=6.278204 w=0.000 lr=8.098e-04 time=0.478s
[RQ-VAE] epoch=612 loss=0.00030516 recon=0.00007973 beh=6.277748 w=0.000 lr=8.095e-04 time=0.459s
[RQ-VAE] epoch=613 loss=0.00030491 recon=0.00007972 beh=6.277050 w=0.000 lr=8.092e-04 time=0.442s
[RQ-VAE] epoch=614 loss=0.00030412 recon=0.00007970 beh=6.276771 w=0.000 lr=8.088e-04 time=0.397s
[RQ-VAE] epoch=615 loss=0.00030394 recon=0.00007978 beh=6.276541 w=0.000 lr=8.085e-04 time=0.434s
[RQ-VAE] epoch=616 loss=0.00030347 recon=0.00007966 beh=6.276185 w=0.000 lr=8.081e-04 time=0.452s
[RQ-VAE] epoch=617 loss=0.00030288 recon=0.00007965 beh=6.275943 w=0.000 lr=8.078e-04 time=0.516s
[RQ-VAE] epoch=618 loss=0.00030384 recon=0.00007972 beh=6.275079 w=0.000 lr=8.075e-04 time=0.303s
[RQ-VAE] epoch=619 loss=0.00030427 recon=0.00007963 beh=6.279551 w=0.000 lr=8.071e-04 time=0.41s
[RQ-VAE] epoch=620 loss=0.00030455 recon=0.00007950 beh=6.277168 w=0.000 lr=8.068e-04 time=0.457s
[RQ-VAE] epoch=621 loss=0.00030442 recon=0.00007958 beh=6.277071 w=0.000 lr=8.064e-04 time=0.59s
[RQ-VAE] epoch=622 loss=0.00030469 recon=0.00007956 beh=6.278204 w=0.000 lr=8.061e-04 time=0.447s
[RQ-VAE] epoch=623 loss=0.00030321 recon=0.00007960 beh=6.278117 w=0.000 lr=8.058e-04 time=0.47s
[RQ-VAE] epoch=624 loss=0.00030450 recon=0.00007961 beh=6.277407 w=0.000 lr=8.054e-04 time=0.545s
[RQ-VAE] epoch=625 loss=0.00030348 recon=0.00007962 beh=6.274255 w=0.000 lr=8.051e-04 time=0.388s
[RQ-VAE] epoch=626 loss=0.00030535 recon=0.00007978 beh=6.279315 w=0.000 lr=8.047e-04 time=0.419s
[RQ-VAE] epoch=627 loss=0.00030527 recon=0.00007983 beh=6.277399 w=0.000 lr=8.044e-04 time=0.49s
[RQ-VAE] epoch=628 loss=0.00030425 recon=0.00007969 beh=6.277709 w=0.000 lr=8.041e-04 time=0.452s
[RQ-VAE] epoch=629 loss=0.00030460 recon=0.00007953 beh=6.278869 w=0.000 lr=8.037e-04 time=0.47s
[RQ-VAE] epoch=630 loss=0.00030430 recon=0.00007948 beh=6.279703 w=0.000 lr=8.034e-04 time=0.5s
[RQ-VAE] epoch=631 loss=0.00030710 recon=0.00007948 beh=6.279430 w=0.000 lr=8.031e-04 time=0.494s
[RQ-VAE] epoch=632 loss=0.00030637 recon=0.00007948 beh=6.277622 w=0.000 lr=8.027e-04 time=0.441s
[RQ-VAE] epoch=633 loss=0.00030416 recon=0.00007933 beh=6.275818 w=0.000 lr=8.024e-04 time=0.493s
[RQ-VAE] epoch=634 loss=0.00030607 recon=0.00007942 beh=6.275860 w=0.000 lr=8.020e-04 time=0.447s
[RQ-VAE] epoch=635 loss=0.00030641 recon=0.00007956 beh=6.277099 w=0.000 lr=8.017e-04 time=0.464s
[RQ-VAE] epoch=636 loss=0.00030482 recon=0.00007941 beh=6.279310 w=0.000 lr=8.014e-04 time=0.643s
[RQ-VAE] epoch=637 loss=0.00030477 recon=0.00007931 beh=6.279161 w=0.000 lr=8.010e-04 time=0.458s
[RQ-VAE] epoch=638 loss=0.00030662 recon=0.00007917 beh=6.276892 w=0.000 lr=8.007e-04 time=0.491s
[RQ-VAE] epoch=639 loss=0.00030493 recon=0.00007925 beh=6.279557 w=0.000 lr=8.003e-04 time=0.471s
[RQ-VAE] epoch=640 loss=0.00030524 recon=0.00007925 beh=6.277107 w=0.000 lr=8.000e-04 time=0.436s
[RQ-VAE] epoch=641 loss=0.00030672 recon=0.00007916 beh=6.278812 w=0.000 lr=7.997e-04 time=0.348s
[RQ-VAE] epoch=642 loss=0.00030501 recon=0.00007919 beh=6.278142 w=0.000 lr=7.993e-04 time=0.422s
[RQ-VAE] epoch=643 loss=0.00030576 recon=0.00007926 beh=6.278284 w=0.000 lr=7.990e-04 time=0.474s
[RQ-VAE] epoch=644 loss=0.00030675 recon=0.00007913 beh=6.277319 w=0.000 lr=7.986e-04 time=0.47s
[RQ-VAE] epoch=645 loss=0.00030585 recon=0.00007903 beh=6.275693 w=0.000 lr=7.983e-04 time=0.477s
[RQ-VAE] epoch=646 loss=0.00030429 recon=0.00007912 beh=6.277607 w=0.000 lr=7.980e-04 time=0.45s
[RQ-VAE] epoch=647 loss=0.00030400 recon=0.00007916 beh=6.276166 w=0.000 lr=7.976e-04 time=0.481s
[RQ-VAE] epoch=648 loss=0.00030451 recon=0.00007910 beh=6.277254 w=0.000 lr=7.973e-04 time=0.436s
[RQ-VAE] epoch=649 loss=0.00030502 recon=0.00007911 beh=6.277957 w=0.000 lr=7.969e-04 time=0.383s
[RQ-VAE] epoch=650 loss=0.00030482 recon=0.00007908 lr=7.966e-04 raw_unique=20429/24587 collision=0.169114 time=0.44s
[RQ-VAE] epoch=651 loss=0.00030358 recon=0.00007902 beh=6.275941 w=0.000 lr=7.963e-04 time=0.507s
[RQ-VAE] epoch=652 loss=0.00030528 recon=0.00007909 beh=6.271778 w=0.000 lr=7.959e-04 time=0.476s
[RQ-VAE] epoch=653 loss=0.00030479 recon=0.00007910 beh=6.279341 w=0.000 lr=7.956e-04 time=0.472s
[RQ-VAE] epoch=654 loss=0.00030482 recon=0.00007897 beh=6.279135 w=0.000 lr=7.953e-04 time=0.449s
[RQ-VAE] epoch=655 loss=0.00030538 recon=0.00007886 beh=6.279627 w=0.000 lr=7.949e-04 time=0.45s
[RQ-VAE] epoch=656 loss=0.00030260 recon=0.00007877 beh=6.277976 w=0.000 lr=7.946e-04 time=0.459s
[RQ-VAE] epoch=657 loss=0.00030385 recon=0.00007867 beh=6.279332 w=0.000 lr=7.942e-04 time=0.493s
[RQ-VAE] epoch=658 loss=0.00030324 recon=0.00007876 beh=6.273943 w=0.000 lr=7.939e-04 time=0.458s
[RQ-VAE] epoch=659 loss=0.00030423 recon=0.00007875 beh=6.276199 w=0.000 lr=7.936e-04 time=0.459s
[RQ-VAE] epoch=660 loss=0.00030525 recon=0.00007894 beh=6.278092 w=0.000 lr=7.932e-04 time=0.42s
[RQ-VAE] epoch=661 loss=0.00030616 recon=0.00007898 beh=6.277939 w=0.000 lr=7.929e-04 time=0.513s
[RQ-VAE] epoch=662 loss=0.00030575 recon=0.00007900 beh=6.274471 w=0.000 lr=7.925e-04 time=0.456s
[RQ-VAE] epoch=663 loss=0.00030666 recon=0.00007909 beh=6.273232 w=0.000 lr=7.922e-04 time=0.456s
[RQ-VAE] epoch=664 loss=0.00030672 recon=0.00007881 beh=6.277349 w=0.000 lr=7.919e-04 time=0.427s
[RQ-VAE] epoch=665 loss=0.00030427 recon=0.00007882 beh=6.276842 w=0.000 lr=7.915e-04 time=0.368s
[RQ-VAE] epoch=666 loss=0.00030373 recon=0.00007894 beh=6.276871 w=0.000 lr=7.912e-04 time=0.414s
[RQ-VAE] epoch=667 loss=0.00030646 recon=0.00007892 beh=6.277356 w=0.000 lr=7.908e-04 time=0.444s
[RQ-VAE] epoch=668 loss=0.00030745 recon=0.00007876 beh=6.279463 w=0.000 lr=7.905e-04 time=0.444s
[RQ-VAE] epoch=669 loss=0.00030611 recon=0.00007882 beh=6.277044 w=0.000 lr=7.902e-04 time=0.448s
[RQ-VAE] epoch=670 loss=0.00030614 recon=0.00007884 beh=6.279758 w=0.000 lr=7.898e-04 time=0.507s
[RQ-VAE] epoch=671 loss=0.00030583 recon=0.00007876 beh=6.278244 w=0.000 lr=7.895e-04 time=0.44s
[RQ-VAE] epoch=672 loss=0.00030681 recon=0.00007862 beh=6.279574 w=0.000 lr=7.892e-04 time=0.446s
[RQ-VAE] epoch=673 loss=0.00030543 recon=0.00007868 beh=6.277629 w=0.000 lr=7.888e-04 time=0.427s
[RQ-VAE] epoch=674 loss=0.00030680 recon=0.00007897 beh=6.277091 w=0.000 lr=7.885e-04 time=0.464s
[RQ-VAE] epoch=675 loss=0.00030750 recon=0.00007865 beh=6.280283 w=0.000 lr=7.881e-04 time=0.487s
[RQ-VAE] epoch=676 loss=0.00030750 recon=0.00007856 beh=6.279089 w=0.000 lr=7.878e-04 time=0.419s
[RQ-VAE] epoch=677 loss=0.00030544 recon=0.00007858 beh=6.278233 w=0.000 lr=7.875e-04 time=0.431s
[RQ-VAE] epoch=678 loss=0.00030691 recon=0.00007869 beh=6.277483 w=0.000 lr=7.871e-04 time=0.443s
[RQ-VAE] epoch=679 loss=0.00030610 recon=0.00007859 beh=6.278176 w=0.000 lr=7.868e-04 time=0.483s
[RQ-VAE] epoch=680 loss=0.00030647 recon=0.00007852 beh=6.275371 w=0.000 lr=7.864e-04 time=0.467s
[RQ-VAE] epoch=681 loss=0.00030610 recon=0.00007858 beh=6.276280 w=0.000 lr=7.861e-04 time=0.47s
[RQ-VAE] epoch=682 loss=0.00030757 recon=0.00007848 beh=6.276426 w=0.000 lr=7.858e-04 time=0.47s
[RQ-VAE] epoch=683 loss=0.00030887 recon=0.00007865 beh=6.277473 w=0.000 lr=7.854e-04 time=0.488s
[RQ-VAE] epoch=684 loss=0.00030748 recon=0.00007865 beh=6.280727 w=0.000 lr=7.851e-04 time=0.436s
[RQ-VAE] epoch=685 loss=0.00030710 recon=0.00007859 beh=6.278234 w=0.000 lr=7.847e-04 time=0.498s
[RQ-VAE] epoch=686 loss=0.00030813 recon=0.00007856 beh=6.276377 w=0.000 lr=7.844e-04 time=0.486s
[RQ-VAE] epoch=687 loss=0.00030690 recon=0.00007843 beh=6.278864 w=0.000 lr=7.841e-04 time=0.485s
[RQ-VAE] epoch=688 loss=0.00030551 recon=0.00007844 beh=6.279448 w=0.000 lr=7.837e-04 time=0.525s
[RQ-VAE] epoch=689 loss=0.00030674 recon=0.00007860 beh=6.279880 w=0.000 lr=7.834e-04 time=0.405s
[RQ-VAE] epoch=690 loss=0.00030685 recon=0.00007842 beh=6.278203 w=0.000 lr=7.831e-04 time=0.477s
[RQ-VAE] epoch=691 loss=0.00030878 recon=0.00007843 beh=6.278588 w=0.000 lr=7.827e-04 time=0.489s
[RQ-VAE] epoch=692 loss=0.00030756 recon=0.00007842 beh=6.279745 w=0.000 lr=7.824e-04 time=0.587s
[RQ-VAE] epoch=693 loss=0.00030927 recon=0.00007840 beh=6.276814 w=0.000 lr=7.820e-04 time=0.511s
[RQ-VAE] epoch=694 loss=0.00030912 recon=0.00007834 beh=6.276809 w=0.000 lr=7.817e-04 time=0.505s
[RQ-VAE] epoch=695 loss=0.00030895 recon=0.00007834 beh=6.281386 w=0.000 lr=7.814e-04 time=0.449s
[RQ-VAE] epoch=696 loss=0.00030927 recon=0.00007849 beh=6.278895 w=0.000 lr=7.810e-04 time=0.426s
[RQ-VAE] epoch=697 loss=0.00030952 recon=0.00007834 beh=6.279132 w=0.000 lr=7.807e-04 time=0.47s
[RQ-VAE] epoch=698 loss=0.00030794 recon=0.00007827 beh=6.276528 w=0.000 lr=7.803e-04 time=0.452s
[RQ-VAE] epoch=699 loss=0.00030771 recon=0.00007838 beh=6.280346 w=0.000 lr=7.800e-04 time=0.452s
[RQ-VAE] epoch=700 loss=0.00030851 recon=0.00007825 lr=7.797e-04 raw_unique=20525/24587 collision=0.165209 time=0.457s
[RQ-VAE] epoch=701 loss=0.00030854 recon=0.00007828 beh=6.280125 w=0.000 lr=7.793e-04 time=0.404s
[RQ-VAE] epoch=702 loss=0.00030666 recon=0.00007820 beh=6.279420 w=0.000 lr=7.790e-04 time=0.474s
[RQ-VAE] epoch=703 loss=0.00030696 recon=0.00007820 beh=6.278269 w=0.000 lr=7.786e-04 time=0.434s
[RQ-VAE] epoch=704 loss=0.00030900 recon=0.00007839 beh=6.280126 w=0.000 lr=7.783e-04 time=0.415s
[RQ-VAE] epoch=705 loss=0.00030738 recon=0.00007825 beh=6.279032 w=0.000 lr=7.780e-04 time=0.457s
[RQ-VAE] epoch=706 loss=0.00030703 recon=0.00007807 beh=6.280609 w=0.000 lr=7.776e-04 time=0.45s
[RQ-VAE] epoch=707 loss=0.00030667 recon=0.00007817 beh=6.275063 w=0.000 lr=7.773e-04 time=0.499s
[RQ-VAE] epoch=708 loss=0.00030726 recon=0.00007811 beh=6.279297 w=0.000 lr=7.769e-04 time=0.439s
[RQ-VAE] epoch=709 loss=0.00030544 recon=0.00007807 beh=6.279906 w=0.000 lr=7.766e-04 time=0.451s
[RQ-VAE] epoch=710 loss=0.00030711 recon=0.00007817 beh=6.276305 w=0.000 lr=7.763e-04 time=0.435s
[RQ-VAE] epoch=711 loss=0.00030872 recon=0.00007813 beh=6.275558 w=0.000 lr=7.759e-04 time=0.499s
[RQ-VAE] epoch=712 loss=0.00030962 recon=0.00007807 beh=6.278698 w=0.000 lr=7.756e-04 time=0.471s
[RQ-VAE] epoch=713 loss=0.00030712 recon=0.00007787 beh=6.276861 w=0.000 lr=7.753e-04 time=0.433s
[RQ-VAE] epoch=714 loss=0.00030719 recon=0.00007779 beh=6.278593 w=0.000 lr=7.749e-04 time=0.425s
[RQ-VAE] epoch=715 loss=0.00030767 recon=0.00007794 beh=6.280847 w=0.000 lr=7.746e-04 time=0.433s
[RQ-VAE] epoch=716 loss=0.00030848 recon=0.00007789 beh=6.277515 w=0.000 lr=7.742e-04 time=0.474s
[RQ-VAE] epoch=717 loss=0.00030657 recon=0.00007784 beh=6.278030 w=0.000 lr=7.739e-04 time=0.469s
[RQ-VAE] epoch=718 loss=0.00030629 recon=0.00007799 beh=6.277656 w=0.000 lr=7.736e-04 time=0.472s
[RQ-VAE] epoch=719 loss=0.00030767 recon=0.00007781 beh=6.277539 w=0.000 lr=7.732e-04 time=0.445s
[RQ-VAE] epoch=720 loss=0.00030746 recon=0.00007800 beh=6.276571 w=0.000 lr=7.729e-04 time=0.442s
[RQ-VAE] epoch=721 loss=0.00030621 recon=0.00007798 beh=6.277856 w=0.000 lr=7.725e-04 time=0.544s
[RQ-VAE] epoch=722 loss=0.00030705 recon=0.00007793 beh=6.277118 w=0.000 lr=7.722e-04 time=0.447s
[RQ-VAE] epoch=723 loss=0.00030647 recon=0.00007806 beh=6.276914 w=0.000 lr=7.719e-04 time=0.493s
[RQ-VAE] epoch=724 loss=0.00030709 recon=0.00007793 beh=6.278255 w=0.000 lr=7.715e-04 time=0.48s
[RQ-VAE] epoch=725 loss=0.00030627 recon=0.00007776 beh=6.281725 w=0.000 lr=7.712e-04 time=0.585s
[RQ-VAE] epoch=726 loss=0.00030749 recon=0.00007768 beh=6.282191 w=0.000 lr=7.708e-04 time=0.452s
[RQ-VAE] epoch=727 loss=0.00030847 recon=0.00007783 beh=6.278698 w=0.000 lr=7.705e-04 time=0.465s
[RQ-VAE] epoch=728 loss=0.00030591 recon=0.00007780 beh=6.277053 w=0.000 lr=7.702e-04 time=0.459s
[RQ-VAE] epoch=729 loss=0.00030765 recon=0.00007782 beh=6.277129 w=0.000 lr=7.698e-04 time=0.469s
[RQ-VAE] epoch=730 loss=0.00030903 recon=0.00007786 beh=6.277556 w=0.000 lr=7.695e-04 time=0.486s
[RQ-VAE] epoch=731 loss=0.00030767 recon=0.00007779 beh=6.276475 w=0.000 lr=7.692e-04 time=0.465s
[RQ-VAE] epoch=732 loss=0.00030703 recon=0.00007771 beh=6.278749 w=0.000 lr=7.688e-04 time=0.441s
[RQ-VAE] epoch=733 loss=0.00030702 recon=0.00007786 beh=6.271893 w=0.000 lr=7.685e-04 time=0.404s
[RQ-VAE] epoch=734 loss=0.00030914 recon=0.00007769 beh=6.274995 w=0.000 lr=7.681e-04 time=0.458s
[RQ-VAE] epoch=735 loss=0.00030630 recon=0.00007764 beh=6.276158 w=0.000 lr=7.678e-04 time=0.504s
[RQ-VAE] epoch=736 loss=0.00030640 recon=0.00007756 beh=6.274808 w=0.000 lr=7.675e-04 time=0.516s
[RQ-VAE] epoch=737 loss=0.00030702 recon=0.00007763 beh=6.276742 w=0.000 lr=7.671e-04 time=0.477s
[RQ-VAE] epoch=738 loss=0.00030744 recon=0.00007760 beh=6.277807 w=0.000 lr=7.668e-04 time=0.337s
[RQ-VAE] epoch=739 loss=0.00030874 recon=0.00007768 beh=6.276032 w=0.000 lr=7.664e-04 time=0.48s
[RQ-VAE] epoch=740 loss=0.00030747 recon=0.00007750 beh=6.276493 w=0.000 lr=7.661e-04 time=0.451s
[RQ-VAE] epoch=741 loss=0.00030767 recon=0.00007758 beh=6.279313 w=0.000 lr=7.658e-04 time=0.557s
[RQ-VAE] epoch=742 loss=0.00030877 recon=0.00007771 beh=6.280971 w=0.000 lr=7.654e-04 time=0.455s
[RQ-VAE] epoch=743 loss=0.00030871 recon=0.00007767 beh=6.279209 w=0.000 lr=7.651e-04 time=0.469s
[RQ-VAE] epoch=744 loss=0.00030823 recon=0.00007747 beh=6.278330 w=0.000 lr=7.647e-04 time=0.456s
[RQ-VAE] epoch=745 loss=0.00030827 recon=0.00007759 beh=6.277465 w=0.000 lr=7.644e-04 time=0.406s
[RQ-VAE] epoch=746 loss=0.00030694 recon=0.00007747 beh=6.276630 w=0.000 lr=7.641e-04 time=0.502s
[RQ-VAE] epoch=747 loss=0.00030806 recon=0.00007744 beh=6.279021 w=0.000 lr=7.637e-04 time=0.436s
[RQ-VAE] epoch=748 loss=0.00030963 recon=0.00007756 beh=6.278215 w=0.000 lr=7.634e-04 time=0.397s
[RQ-VAE] epoch=749 loss=0.00030935 recon=0.00007750 beh=6.277456 w=0.000 lr=7.631e-04 time=0.459s
[RQ-VAE] epoch=750 loss=0.00030927 recon=0.00007752 lr=7.627e-04 raw_unique=20474/24587 collision=0.167284 time=0.473s
[RQ-VAE] epoch=751 loss=0.00031065 recon=0.00007753 beh=6.278274 w=0.000 lr=7.624e-04 time=0.484s
[RQ-VAE] epoch=752 loss=0.00031106 recon=0.00007746 beh=6.277217 w=0.000 lr=7.620e-04 time=0.468s
[RQ-VAE] epoch=753 loss=0.00030976 recon=0.00007765 beh=6.276104 w=0.000 lr=7.617e-04 time=0.433s
[RQ-VAE] epoch=754 loss=0.00030912 recon=0.00007739 beh=6.280137 w=0.000 lr=7.614e-04 time=0.459s
[RQ-VAE] epoch=755 loss=0.00030973 recon=0.00007736 beh=6.278126 w=0.000 lr=7.610e-04 time=0.454s
[RQ-VAE] epoch=756 loss=0.00030923 recon=0.00007734 beh=6.277135 w=0.000 lr=7.607e-04 time=0.557s
[RQ-VAE] epoch=757 loss=0.00030927 recon=0.00007740 beh=6.280192 w=0.000 lr=7.603e-04 time=0.445s
[RQ-VAE] epoch=758 loss=0.00031197 recon=0.00007746 beh=6.277931 w=0.000 lr=7.600e-04 time=0.491s
[RQ-VAE] epoch=759 loss=0.00031097 recon=0.00007739 beh=6.277483 w=0.000 lr=7.597e-04 time=0.436s
[RQ-VAE] epoch=760 loss=0.00031214 recon=0.00007720 beh=6.279202 w=0.000 lr=7.593e-04 time=0.483s
[RQ-VAE] epoch=761 loss=0.00031185 recon=0.00007736 beh=6.278609 w=0.000 lr=7.590e-04 time=0.313s
[RQ-VAE] epoch=762 loss=0.00031050 recon=0.00007723 beh=6.276001 w=0.000 lr=7.586e-04 time=0.528s
[RQ-VAE] epoch=763 loss=0.00031075 recon=0.00007713 beh=6.282405 w=0.000 lr=7.583e-04 time=0.509s
[RQ-VAE] epoch=764 loss=0.00031023 recon=0.00007726 beh=6.274813 w=0.000 lr=7.580e-04 time=0.445s
[RQ-VAE] epoch=765 loss=0.00031025 recon=0.00007731 beh=6.278223 w=0.000 lr=7.576e-04 time=0.473s
[RQ-VAE] epoch=766 loss=0.00031093 recon=0.00007717 beh=6.279621 w=0.000 lr=7.573e-04 time=0.491s
[RQ-VAE] epoch=767 loss=0.00031177 recon=0.00007736 beh=6.276317 w=0.000 lr=7.569e-04 time=0.42s
[RQ-VAE] epoch=768 loss=0.00031099 recon=0.00007724 beh=6.281769 w=0.000 lr=7.566e-04 time=0.472s
[RQ-VAE] epoch=769 loss=0.00031379 recon=0.00007730 beh=6.279137 w=0.000 lr=7.563e-04 time=0.451s
[RQ-VAE] epoch=770 loss=0.00031045 recon=0.00007717 beh=6.278311 w=0.000 lr=7.559e-04 time=0.504s
[RQ-VAE] epoch=771 loss=0.00031095 recon=0.00007724 beh=6.277645 w=0.000 lr=7.556e-04 time=0.442s
[RQ-VAE] epoch=772 loss=0.00031340 recon=0.00007728 beh=6.276542 w=0.000 lr=7.553e-04 time=0.438s
[RQ-VAE] epoch=773 loss=0.00031196 recon=0.00007735 beh=6.275944 w=0.000 lr=7.549e-04 time=0.5s
[RQ-VAE] epoch=774 loss=0.00031213 recon=0.00007732 beh=6.276310 w=0.000 lr=7.546e-04 time=0.46s
[RQ-VAE] epoch=775 loss=0.00031288 recon=0.00007753 beh=6.278796 w=0.000 lr=7.542e-04 time=0.492s
[RQ-VAE] epoch=776 loss=0.00031123 recon=0.00007743 beh=6.278851 w=0.000 lr=7.539e-04 time=0.485s
[RQ-VAE] epoch=777 loss=0.00031242 recon=0.00007741 beh=6.281986 w=0.000 lr=7.536e-04 time=0.435s
[RQ-VAE] epoch=778 loss=0.00031242 recon=0.00007734 beh=6.277875 w=0.000 lr=7.532e-04 time=0.421s
[RQ-VAE] epoch=779 loss=0.00031255 recon=0.00007722 beh=6.283416 w=0.000 lr=7.529e-04 time=0.468s
[RQ-VAE] epoch=780 loss=0.00031266 recon=0.00007723 beh=6.278017 w=0.000 lr=7.525e-04 time=0.436s
[RQ-VAE] epoch=781 loss=0.00031159 recon=0.00007720 beh=6.278192 w=0.000 lr=7.522e-04 time=0.421s
[RQ-VAE] epoch=782 loss=0.00031126 recon=0.00007719 beh=6.277853 w=0.000 lr=7.519e-04 time=0.488s
[RQ-VAE] epoch=783 loss=0.00031430 recon=0.00007716 beh=6.279222 w=0.000 lr=7.515e-04 time=0.411s
[RQ-VAE] epoch=784 loss=0.00031394 recon=0.00007729 beh=6.279120 w=0.000 lr=7.512e-04 time=0.429s
[RQ-VAE] epoch=785 loss=0.00031197 recon=0.00007718 beh=6.275219 w=0.000 lr=7.508e-04 time=0.444s
[RQ-VAE] epoch=786 loss=0.00031219 recon=0.00007725 beh=6.277671 w=0.000 lr=7.505e-04 time=0.333s
[RQ-VAE] epoch=787 loss=0.00031235 recon=0.00007711 beh=6.276096 w=0.000 lr=7.502e-04 time=0.45s
[RQ-VAE] epoch=788 loss=0.00031361 recon=0.00007725 beh=6.280949 w=0.000 lr=7.498e-04 time=0.466s
[RQ-VAE] epoch=789 loss=0.00031237 recon=0.00007709 beh=6.278111 w=0.000 lr=7.495e-04 time=0.423s
[RQ-VAE] epoch=790 loss=0.00031320 recon=0.00007702 beh=6.279386 w=0.000 lr=7.492e-04 time=0.459s
[RQ-VAE] epoch=791 loss=0.00031203 recon=0.00007691 beh=6.279288 w=0.000 lr=7.488e-04 time=0.497s
[RQ-VAE] epoch=792 loss=0.00031184 recon=0.00007696 beh=6.280859 w=0.000 lr=7.485e-04 time=0.449s
[RQ-VAE] epoch=793 loss=0.00031306 recon=0.00007684 beh=6.279284 w=0.000 lr=7.481e-04 time=0.42s
[RQ-VAE] epoch=794 loss=0.00031193 recon=0.00007688 beh=6.281324 w=0.000 lr=7.478e-04 time=0.454s
[RQ-VAE] epoch=795 loss=0.00031166 recon=0.00007724 beh=6.277395 w=0.000 lr=7.475e-04 time=0.462s
[RQ-VAE] epoch=796 loss=0.00031347 recon=0.00007704 beh=6.279296 w=0.000 lr=7.471e-04 time=0.476s
[RQ-VAE] epoch=797 loss=0.00031246 recon=0.00007696 beh=6.279585 w=0.000 lr=7.468e-04 time=0.459s
[RQ-VAE] epoch=798 loss=0.00031529 recon=0.00007717 beh=6.280094 w=0.000 lr=7.464e-04 time=0.452s
[RQ-VAE] epoch=799 loss=0.00031300 recon=0.00007716 beh=6.281280 w=0.000 lr=7.461e-04 time=0.401s
[RQ-VAE] epoch=800 loss=0.00031259 recon=0.00007698 lr=7.458e-04 raw_unique=20390/24587 collision=0.170700 time=0.422s
[RQ-VAE] epoch=801 loss=0.00031343 recon=0.00007707 beh=6.278150 w=0.000 lr=7.454e-04 time=0.44s
[RQ-VAE] epoch=802 loss=0.00031197 recon=0.00007707 beh=6.278367 w=0.000 lr=7.451e-04 time=0.409s
[RQ-VAE] epoch=803 loss=0.00031311 recon=0.00007683 beh=6.278579 w=0.000 lr=7.447e-04 time=0.445s
[RQ-VAE] epoch=804 loss=0.00031521 recon=0.00007698 beh=6.279711 w=0.000 lr=7.444e-04 time=0.435s
[RQ-VAE] epoch=805 loss=0.00031302 recon=0.00007700 beh=6.278356 w=0.000 lr=7.441e-04 time=0.487s
[RQ-VAE] epoch=806 loss=0.00031078 recon=0.00007691 beh=6.279747 w=0.000 lr=7.437e-04 time=0.459s
[RQ-VAE] epoch=807 loss=0.00031136 recon=0.00007692 beh=6.276917 w=0.000 lr=7.434e-04 time=0.439s
[RQ-VAE] epoch=808 loss=0.00031135 recon=0.00007696 beh=6.274961 w=0.000 lr=7.431e-04 time=0.455s
[RQ-VAE] epoch=809 loss=0.00031103 recon=0.00007679 beh=6.277385 w=0.000 lr=7.427e-04 time=0.415s
[RQ-VAE] epoch=810 loss=0.00031063 recon=0.00007709 beh=6.280780 w=0.000 lr=7.424e-04 time=0.331s
[RQ-VAE] epoch=811 loss=0.00031111 recon=0.00007698 beh=6.276760 w=0.000 lr=7.420e-04 time=0.449s
[RQ-VAE] epoch=812 loss=0.00031277 recon=0.00007694 beh=6.278600 w=0.000 lr=7.417e-04 time=0.432s
[RQ-VAE] epoch=813 loss=0.00031278 recon=0.00007699 beh=6.277712 w=0.000 lr=7.414e-04 time=0.611s
[RQ-VAE] epoch=814 loss=0.00031281 recon=0.00007698 beh=6.277406 w=0.000 lr=7.410e-04 time=0.449s
[RQ-VAE] epoch=815 loss=0.00031224 recon=0.00007701 beh=6.280374 w=0.000 lr=7.407e-04 time=0.494s
[RQ-VAE] epoch=816 loss=0.00031276 recon=0.00007683 beh=6.279135 w=0.000 lr=7.403e-04 time=0.455s
[RQ-VAE] epoch=817 loss=0.00031303 recon=0.00007702 beh=6.276759 w=0.000 lr=7.400e-04 time=0.418s
[RQ-VAE] epoch=818 loss=0.00031285 recon=0.00007691 beh=6.279129 w=0.000 lr=7.397e-04 time=0.479s
[RQ-VAE] epoch=819 loss=0.00031431 recon=0.00007694 beh=6.281160 w=0.000 lr=7.393e-04 time=0.523s
[RQ-VAE] epoch=820 loss=0.00031461 recon=0.00007695 beh=6.277708 w=0.000 lr=7.390e-04 time=0.484s
[RQ-VAE] epoch=821 loss=0.00031393 recon=0.00007680 beh=6.280524 w=0.000 lr=7.386e-04 time=0.457s
[RQ-VAE] epoch=822 loss=0.00031339 recon=0.00007650 beh=6.277894 w=0.000 lr=7.383e-04 time=0.458s
[RQ-VAE] epoch=823 loss=0.00031313 recon=0.00007660 beh=6.278183 w=0.000 lr=7.380e-04 time=0.443s
[RQ-VAE] epoch=824 loss=0.00031382 recon=0.00007658 beh=6.277430 w=0.000 lr=7.376e-04 time=0.406s
[RQ-VAE] epoch=825 loss=0.00031452 recon=0.00007654 beh=6.278847 w=0.000 lr=7.373e-04 time=0.458s
[RQ-VAE] epoch=826 loss=0.00031309 recon=0.00007692 beh=6.284235 w=0.000 lr=7.369e-04 time=0.493s
[RQ-VAE] epoch=827 loss=0.00031458 recon=0.00007666 beh=6.279716 w=0.000 lr=7.366e-04 time=0.459s
[RQ-VAE] epoch=828 loss=0.00031543 recon=0.00007672 beh=6.278232 w=0.000 lr=7.363e-04 time=0.44s
[RQ-VAE] epoch=829 loss=0.00031603 recon=0.00007679 beh=6.280226 w=0.000 lr=7.359e-04 time=0.46s
[RQ-VAE] epoch=830 loss=0.00031508 recon=0.00007651 beh=6.276533 w=0.000 lr=7.356e-04 time=0.477s
[RQ-VAE] epoch=831 loss=0.00031334 recon=0.00007650 beh=6.279186 w=0.000 lr=7.353e-04 time=0.463s
[RQ-VAE] epoch=832 loss=0.00031349 recon=0.00007644 beh=6.279614 w=0.000 lr=7.349e-04 time=0.423s
[RQ-VAE] epoch=833 loss=0.00031667 recon=0.00007659 beh=6.280626 w=0.000 lr=7.346e-04 time=0.511s
[RQ-VAE] epoch=834 loss=0.00031565 recon=0.00007676 beh=6.279744 w=0.000 lr=7.342e-04 time=0.414s
[RQ-VAE] epoch=835 loss=0.00031498 recon=0.00007657 beh=6.280209 w=0.000 lr=7.339e-04 time=0.41s
[RQ-VAE] epoch=836 loss=0.00031372 recon=0.00007651 beh=6.276297 w=0.000 lr=7.336e-04 time=0.446s
[RQ-VAE] epoch=837 loss=0.00031398 recon=0.00007665 beh=6.278779 w=0.000 lr=7.332e-04 time=0.489s
[RQ-VAE] epoch=838 loss=0.00031375 recon=0.00007666 beh=6.276928 w=0.000 lr=7.329e-04 time=0.439s
[RQ-VAE] epoch=839 loss=0.00031369 recon=0.00007634 beh=6.279396 w=0.000 lr=7.325e-04 time=0.501s
[RQ-VAE] epoch=840 loss=0.00031481 recon=0.00007656 beh=6.279066 w=0.000 lr=7.322e-04 time=0.434s
[RQ-VAE] epoch=841 loss=0.00031514 recon=0.00007653 beh=6.279964 w=0.000 lr=7.319e-04 time=0.514s
[RQ-VAE] epoch=842 loss=0.00031378 recon=0.00007663 beh=6.279859 w=0.000 lr=7.315e-04 time=0.557s
[RQ-VAE] epoch=843 loss=0.00031502 recon=0.00007652 beh=6.279698 w=0.000 lr=7.312e-04 time=0.434s
[RQ-VAE] epoch=844 loss=0.00031442 recon=0.00007659 beh=6.277658 w=0.000 lr=7.308e-04 time=0.401s
[RQ-VAE] epoch=845 loss=0.00031339 recon=0.00007645 beh=6.277573 w=0.000 lr=7.305e-04 time=0.478s
[RQ-VAE] epoch=846 loss=0.00031482 recon=0.00007640 beh=6.279643 w=0.000 lr=7.302e-04 time=0.454s
[RQ-VAE] epoch=847 loss=0.00031436 recon=0.00007645 beh=6.277441 w=0.000 lr=7.298e-04 time=0.463s
[RQ-VAE] epoch=848 loss=0.00031384 recon=0.00007654 beh=6.278613 w=0.000 lr=7.295e-04 time=0.439s
[RQ-VAE] epoch=849 loss=0.00031342 recon=0.00007626 beh=6.281177 w=0.000 lr=7.292e-04 time=0.456s
[RQ-VAE] epoch=850 loss=0.00031403 recon=0.00007642 lr=7.288e-04 raw_unique=20364/24587 collision=0.171757 time=0.452s
[RQ-VAE] epoch=851 loss=0.00031442 recon=0.00007651 beh=6.279264 w=0.000 lr=7.285e-04 time=0.41s
[RQ-VAE] epoch=852 loss=0.00031461 recon=0.00007656 beh=6.279316 w=0.000 lr=7.281e-04 time=0.421s
[RQ-VAE] epoch=853 loss=0.00031430 recon=0.00007630 beh=6.281330 w=0.000 lr=7.278e-04 time=0.465s
[RQ-VAE] epoch=854 loss=0.00031506 recon=0.00007631 beh=6.278768 w=0.000 lr=7.275e-04 time=0.459s
[RQ-VAE] epoch=855 loss=0.00031404 recon=0.00007635 beh=6.280719 w=0.000 lr=7.271e-04 time=0.472s
[RQ-VAE] epoch=856 loss=0.00031397 recon=0.00007641 beh=6.280791 w=0.000 lr=7.268e-04 time=0.486s
[RQ-VAE] epoch=857 loss=0.00031315 recon=0.00007637 beh=6.279099 w=0.000 lr=7.264e-04 time=0.426s
[RQ-VAE] epoch=858 loss=0.00031452 recon=0.00007635 beh=6.276470 w=0.000 lr=7.261e-04 time=0.436s
[RQ-VAE] epoch=859 loss=0.00031452 recon=0.00007643 beh=6.279090 w=0.000 lr=7.258e-04 time=0.385s
[RQ-VAE] epoch=860 loss=0.00031487 recon=0.00007624 beh=6.279126 w=0.000 lr=7.254e-04 time=0.473s
[RQ-VAE] epoch=861 loss=0.00031632 recon=0.00007630 beh=6.277555 w=0.000 lr=7.251e-04 time=0.587s
[RQ-VAE] epoch=862 loss=0.00031486 recon=0.00007602 beh=6.276450 w=0.000 lr=7.247e-04 time=0.464s
[RQ-VAE] epoch=863 loss=0.00031518 recon=0.00007603 beh=6.280189 w=0.000 lr=7.244e-04 time=0.401s
[RQ-VAE] epoch=864 loss=0.00031356 recon=0.00007600 beh=6.278315 w=0.000 lr=7.241e-04 time=0.422s
[RQ-VAE] epoch=865 loss=0.00031360 recon=0.00007616 beh=6.279651 w=0.000 lr=7.237e-04 time=0.468s
[RQ-VAE] epoch=866 loss=0.00031410 recon=0.00007603 beh=6.279304 w=0.000 lr=7.234e-04 time=0.443s
[RQ-VAE] epoch=867 loss=0.00031413 recon=0.00007610 beh=6.280385 w=0.000 lr=7.231e-04 time=0.44s
[RQ-VAE] epoch=868 loss=0.00031506 recon=0.00007621 beh=6.279969 w=0.000 lr=7.227e-04 time=0.488s
[RQ-VAE] epoch=869 loss=0.00031622 recon=0.00007618 beh=6.275643 w=0.000 lr=7.224e-04 time=0.504s
[RQ-VAE] epoch=870 loss=0.00031592 recon=0.00007618 beh=6.279750 w=0.000 lr=7.220e-04 time=0.474s
[RQ-VAE] epoch=871 loss=0.00031513 recon=0.00007615 beh=6.279690 w=0.000 lr=7.217e-04 time=0.497s
[RQ-VAE] epoch=872 loss=0.00031409 recon=0.00007596 beh=6.277331 w=0.000 lr=7.214e-04 time=0.464s
[RQ-VAE] epoch=873 loss=0.00031377 recon=0.00007598 beh=6.278007 w=0.000 lr=7.210e-04 time=0.493s
[RQ-VAE] epoch=874 loss=0.00031435 recon=0.00007603 beh=6.277793 w=0.000 lr=7.207e-04 time=0.433s
[RQ-VAE] epoch=875 loss=0.00031343 recon=0.00007604 beh=6.277694 w=0.000 lr=7.203e-04 time=0.479s
[RQ-VAE] epoch=876 loss=0.00031406 recon=0.00007599 beh=6.279278 w=0.000 lr=7.200e-04 time=0.633s
[RQ-VAE] epoch=877 loss=0.00031444 recon=0.00007602 beh=6.278281 w=0.000 lr=7.197e-04 time=0.466s
[RQ-VAE] epoch=878 loss=0.00031565 recon=0.00007591 beh=6.277517 w=0.000 lr=7.193e-04 time=0.442s
[RQ-VAE] epoch=879 loss=0.00031392 recon=0.00007609 beh=6.280201 w=0.000 lr=7.190e-04 time=0.408s
[RQ-VAE] epoch=880 loss=0.00031499 recon=0.00007577 beh=6.281241 w=0.000 lr=7.186e-04 time=0.492s
[RQ-VAE] epoch=881 loss=0.00031321 recon=0.00007584 beh=6.281796 w=0.000 lr=7.183e-04 time=0.449s
[RQ-VAE] epoch=882 loss=0.00031413 recon=0.00007579 beh=6.280128 w=0.000 lr=7.180e-04 time=0.327s
[RQ-VAE] epoch=883 loss=0.00031552 recon=0.00007602 beh=6.281083 w=0.000 lr=7.176e-04 time=0.482s
[RQ-VAE] epoch=884 loss=0.00031651 recon=0.00007583 beh=6.274817 w=0.000 lr=7.173e-04 time=0.425s
[RQ-VAE] epoch=885 loss=0.00031541 recon=0.00007579 beh=6.280589 w=0.000 lr=7.169e-04 time=0.459s
[RQ-VAE] epoch=886 loss=0.00031431 recon=0.00007577 beh=6.274941 w=0.000 lr=7.166e-04 time=0.481s
[RQ-VAE] epoch=887 loss=0.00031560 recon=0.00007588 beh=6.277729 w=0.000 lr=7.163e-04 time=0.462s
[RQ-VAE] epoch=888 loss=0.00031641 recon=0.00007584 beh=6.278608 w=0.000 lr=7.159e-04 time=0.489s
[RQ-VAE] epoch=889 loss=0.00031436 recon=0.00007579 beh=6.278220 w=0.000 lr=7.156e-04 time=0.41s
[RQ-VAE] epoch=890 loss=0.00031422 recon=0.00007581 beh=6.276868 w=0.000 lr=7.153e-04 time=0.471s
[RQ-VAE] epoch=891 loss=0.00031440 recon=0.00007578 beh=6.280066 w=0.000 lr=7.149e-04 time=0.484s
[RQ-VAE] epoch=892 loss=0.00031620 recon=0.00007577 beh=6.277980 w=0.000 lr=7.146e-04 time=0.467s
[RQ-VAE] epoch=893 loss=0.00031456 recon=0.00007588 beh=6.278718 w=0.000 lr=7.142e-04 time=0.476s
[RQ-VAE] epoch=894 loss=0.00031411 recon=0.00007588 beh=6.279665 w=0.000 lr=7.139e-04 time=0.482s
[RQ-VAE] epoch=895 loss=0.00031543 recon=0.00007574 beh=6.278806 w=0.000 lr=7.136e-04 time=0.45s
[RQ-VAE] epoch=896 loss=0.00031401 recon=0.00007569 beh=6.278921 w=0.000 lr=7.132e-04 time=0.461s
[RQ-VAE] epoch=897 loss=0.00031336 recon=0.00007565 beh=6.278473 w=0.000 lr=7.129e-04 time=0.424s
[RQ-VAE] epoch=898 loss=0.00031306 recon=0.00007561 beh=6.281543 w=0.000 lr=7.125e-04 time=0.482s
[RQ-VAE] epoch=899 loss=0.00031389 recon=0.00007556 beh=6.280736 w=0.000 lr=7.122e-04 time=0.435s
[RQ-VAE] epoch=900 loss=0.00031318 recon=0.00007561 lr=7.119e-04 raw_unique=20302/24587 collision=0.174279 time=0.47s
[RQ-VAE] epoch=901 loss=0.00031278 recon=0.00007565 beh=6.277730 w=0.000 lr=7.115e-04 time=0.484s
[RQ-VAE] epoch=902 loss=0.00031232 recon=0.00007552 beh=6.280230 w=0.000 lr=7.112e-04 time=0.458s
[RQ-VAE] epoch=903 loss=0.00031433 recon=0.00007562 beh=6.275877 w=0.000 lr=7.108e-04 time=0.494s
[RQ-VAE] epoch=904 loss=0.00031490 recon=0.00007556 beh=6.279836 w=0.000 lr=7.105e-04 time=0.463s
[RQ-VAE] epoch=905 loss=0.00031367 recon=0.00007574 beh=6.278099 w=0.000 lr=7.102e-04 time=0.456s
[RQ-VAE] epoch=906 loss=0.00031572 recon=0.00007600 beh=6.277388 w=0.000 lr=7.098e-04 time=0.372s
[RQ-VAE] epoch=907 loss=0.00031489 recon=0.00007570 beh=6.280724 w=0.000 lr=7.095e-04 time=0.448s
[RQ-VAE] epoch=908 loss=0.00031507 recon=0.00007574 beh=6.275820 w=0.000 lr=7.092e-04 time=0.494s
[RQ-VAE] epoch=909 loss=0.00031384 recon=0.00007570 beh=6.280823 w=0.000 lr=7.088e-04 time=0.453s
[RQ-VAE] epoch=910 loss=0.00031393 recon=0.00007568 beh=6.279578 w=0.000 lr=7.085e-04 time=0.455s
[RQ-VAE] epoch=911 loss=0.00031530 recon=0.00007569 beh=6.276873 w=0.000 lr=7.081e-04 time=0.438s
[RQ-VAE] epoch=912 loss=0.00031519 recon=0.00007565 beh=6.279361 w=0.000 lr=7.078e-04 time=0.465s
[RQ-VAE] epoch=913 loss=0.00031376 recon=0.00007556 beh=6.276105 w=0.000 lr=7.075e-04 time=0.512s
[RQ-VAE] epoch=914 loss=0.00031498 recon=0.00007573 beh=6.275657 w=0.000 lr=7.071e-04 time=0.484s
[RQ-VAE] epoch=915 loss=0.00031611 recon=0.00007566 beh=6.282430 w=0.000 lr=7.068e-04 time=0.482s
[RQ-VAE] epoch=916 loss=0.00031536 recon=0.00007572 beh=6.277955 w=0.000 lr=7.064e-04 time=0.448s
[RQ-VAE] epoch=917 loss=0.00031576 recon=0.00007560 beh=6.281596 w=0.000 lr=7.061e-04 time=0.437s
[RQ-VAE] epoch=918 loss=0.00031500 recon=0.00007549 beh=6.275783 w=0.000 lr=7.058e-04 time=0.467s
[RQ-VAE] epoch=919 loss=0.00031477 recon=0.00007557 beh=6.283192 w=0.000 lr=7.054e-04 time=0.416s
[RQ-VAE] epoch=920 loss=0.00031442 recon=0.00007555 beh=6.279669 w=0.000 lr=7.051e-04 time=0.48s
[RQ-VAE] epoch=921 loss=0.00031317 recon=0.00007559 beh=6.278676 w=0.000 lr=7.047e-04 time=0.489s
[RQ-VAE] epoch=922 loss=0.00031636 recon=0.00007551 beh=6.279712 w=0.000 lr=7.044e-04 time=0.472s
[RQ-VAE] epoch=923 loss=0.00031615 recon=0.00007558 beh=6.273911 w=0.000 lr=7.041e-04 time=0.444s
[RQ-VAE] epoch=924 loss=0.00031640 recon=0.00007571 beh=6.279884 w=0.000 lr=7.037e-04 time=0.471s
[RQ-VAE] epoch=925 loss=0.00031572 recon=0.00007555 beh=6.279153 w=0.000 lr=7.034e-04 time=0.457s
[RQ-VAE] epoch=926 loss=0.00031639 recon=0.00007565 beh=6.279563 w=0.000 lr=7.031e-04 time=0.477s
[RQ-VAE] epoch=927 loss=0.00031765 recon=0.00007563 beh=6.281376 w=0.000 lr=7.027e-04 time=0.51s
[RQ-VAE] epoch=928 loss=0.00031681 recon=0.00007558 beh=6.279071 w=0.000 lr=7.024e-04 time=0.486s
[RQ-VAE] epoch=929 loss=0.00031757 recon=0.00007559 beh=6.279841 w=0.000 lr=7.020e-04 time=0.429s
[RQ-VAE] epoch=930 loss=0.00031592 recon=0.00007565 beh=6.284004 w=0.000 lr=7.017e-04 time=0.418s
[RQ-VAE] epoch=931 loss=0.00031886 recon=0.00007554 beh=6.278886 w=0.000 lr=7.014e-04 time=0.404s
[RQ-VAE] epoch=932 loss=0.00031720 recon=0.00007530 beh=6.283248 w=0.000 lr=7.010e-04 time=0.417s
[RQ-VAE] epoch=933 loss=0.00031642 recon=0.00007543 beh=6.280151 w=0.000 lr=7.007e-04 time=0.634s
[RQ-VAE] epoch=934 loss=0.00031560 recon=0.00007537 beh=6.277860 w=0.000 lr=7.003e-04 time=0.486s
[RQ-VAE] epoch=935 loss=0.00031826 recon=0.00007562 beh=6.275635 w=0.000 lr=7.000e-04 time=0.499s
[RQ-VAE] epoch=936 loss=0.00031988 recon=0.00007535 beh=6.282451 w=0.000 lr=6.997e-04 time=0.501s
[RQ-VAE] epoch=937 loss=0.00031845 recon=0.00007543 beh=6.277474 w=0.000 lr=6.993e-04 time=0.509s
[RQ-VAE] epoch=938 loss=0.00031683 recon=0.00007537 beh=6.280179 w=0.000 lr=6.990e-04 time=0.467s
[RQ-VAE] epoch=939 loss=0.00031692 recon=0.00007551 beh=6.278833 w=0.000 lr=6.986e-04 time=0.471s
[RQ-VAE] epoch=940 loss=0.00031678 recon=0.00007542 beh=6.277142 w=0.000 lr=6.983e-04 time=0.47s
[RQ-VAE] epoch=941 loss=0.00031430 recon=0.00007542 beh=6.281015 w=0.000 lr=6.980e-04 time=0.478s
[RQ-VAE] epoch=942 loss=0.00031489 recon=0.00007527 beh=6.276711 w=0.000 lr=6.976e-04 time=0.545s
[RQ-VAE] epoch=943 loss=0.00031532 recon=0.00007545 beh=6.281219 w=0.000 lr=6.973e-04 time=0.509s
[RQ-VAE] epoch=944 loss=0.00031584 recon=0.00007547 beh=6.282515 w=0.000 lr=6.969e-04 time=0.527s
[RQ-VAE] epoch=945 loss=0.00031558 recon=0.00007547 beh=6.281588 w=0.000 lr=6.966e-04 time=0.465s
[RQ-VAE] epoch=946 loss=0.00031564 recon=0.00007529 beh=6.278761 w=0.000 lr=6.963e-04 time=0.443s
[RQ-VAE] epoch=947 loss=0.00031673 recon=0.00007547 beh=6.280474 w=0.000 lr=6.959e-04 time=0.407s
[RQ-VAE] epoch=948 loss=0.00031735 recon=0.00007539 beh=6.276375 w=0.000 lr=6.956e-04 time=0.484s
[RQ-VAE] epoch=949 loss=0.00031575 recon=0.00007537 beh=6.276404 w=0.000 lr=6.953e-04 time=0.465s
[RQ-VAE] epoch=950 loss=0.00031485 recon=0.00007527 lr=6.949e-04 raw_unique=20545/24587 collision=0.164396 time=0.48s
[RQ-VAE] epoch=951 loss=0.00031595 recon=0.00007516 beh=6.280116 w=0.000 lr=6.946e-04 time=0.456s
[RQ-VAE] epoch=952 loss=0.00031423 recon=0.00007528 beh=6.279050 w=0.000 lr=6.942e-04 time=0.463s
[RQ-VAE] epoch=953 loss=0.00031605 recon=0.00007520 beh=6.279797 w=0.000 lr=6.939e-04 time=0.467s
[RQ-VAE] epoch=954 loss=0.00031548 recon=0.00007526 beh=6.279868 w=0.000 lr=6.936e-04 time=0.326s
[RQ-VAE] epoch=955 loss=0.00031395 recon=0.00007501 beh=6.281101 w=0.000 lr=6.932e-04 time=0.47s
[RQ-VAE] epoch=956 loss=0.00031326 recon=0.00007500 beh=6.277418 w=0.000 lr=6.929e-04 time=0.522s
[RQ-VAE] epoch=957 loss=0.00031454 recon=0.00007507 beh=6.281651 w=0.000 lr=6.925e-04 time=0.472s
[RQ-VAE] epoch=958 loss=0.00031447 recon=0.00007525 beh=6.276311 w=0.000 lr=6.922e-04 time=0.459s
[RQ-VAE] epoch=959 loss=0.00031611 recon=0.00007513 beh=6.278538 w=0.000 lr=6.919e-04 time=0.429s
[RQ-VAE] epoch=960 loss=0.00031564 recon=0.00007496 beh=6.277328 w=0.000 lr=6.915e-04 time=0.484s
[RQ-VAE] epoch=961 loss=0.00031568 recon=0.00007501 beh=6.279163 w=0.000 lr=6.912e-04 time=0.453s
[RQ-VAE] epoch=962 loss=0.00031340 recon=0.00007503 beh=6.276112 w=0.000 lr=6.908e-04 time=0.593s
[RQ-VAE] epoch=963 loss=0.00031482 recon=0.00007496 beh=6.279644 w=0.000 lr=6.905e-04 time=0.505s
[RQ-VAE] epoch=964 loss=0.00031573 recon=0.00007508 beh=6.280544 w=0.000 lr=6.902e-04 time=0.494s
[RQ-VAE] epoch=965 loss=0.00031569 recon=0.00007503 beh=6.279936 w=0.000 lr=6.898e-04 time=0.443s
[RQ-VAE] epoch=966 loss=0.00031492 recon=0.00007494 beh=6.280600 w=0.000 lr=6.895e-04 time=0.44s
[RQ-VAE] epoch=967 loss=0.00031548 recon=0.00007495 beh=6.274680 w=0.000 lr=6.892e-04 time=0.511s
[RQ-VAE] epoch=968 loss=0.00031418 recon=0.00007495 beh=6.279713 w=0.000 lr=6.888e-04 time=0.48s
[RQ-VAE] epoch=969 loss=0.00031368 recon=0.00007515 beh=6.280967 w=0.000 lr=6.885e-04 time=0.494s
[RQ-VAE] epoch=970 loss=0.00031454 recon=0.00007502 beh=6.279491 w=0.000 lr=6.881e-04 time=0.492s
[RQ-VAE] epoch=971 loss=0.00031543 recon=0.00007496 beh=6.275963 w=0.000 lr=6.878e-04 time=0.487s
[RQ-VAE] epoch=972 loss=0.00031504 recon=0.00007503 beh=6.280366 w=0.000 lr=6.875e-04 time=0.456s
[RQ-VAE] epoch=973 loss=0.00031518 recon=0.00007499 beh=6.278471 w=0.000 lr=6.871e-04 time=0.47s
[RQ-VAE] epoch=974 loss=0.00031527 recon=0.00007498 beh=6.278359 w=0.000 lr=6.868e-04 time=0.468s
[RQ-VAE] epoch=975 loss=0.00031604 recon=0.00007509 beh=6.277333 w=0.000 lr=6.864e-04 time=0.491s
[RQ-VAE] epoch=976 loss=0.00031530 recon=0.00007501 beh=6.278234 w=0.000 lr=6.861e-04 time=0.487s
[RQ-VAE] epoch=977 loss=0.00031581 recon=0.00007492 beh=6.282849 w=0.000 lr=6.858e-04 time=0.458s
[RQ-VAE] epoch=978 loss=0.00031572 recon=0.00007488 beh=6.280493 w=0.000 lr=6.854e-04 time=0.332s
[RQ-VAE] epoch=979 loss=0.00031520 recon=0.00007498 beh=6.279263 w=0.000 lr=6.851e-04 time=0.478s
[RQ-VAE] epoch=980 loss=0.00031770 recon=0.00007507 beh=6.276732 w=0.000 lr=6.847e-04 time=0.479s
[RQ-VAE] epoch=981 loss=0.00031668 recon=0.00007511 beh=6.281897 w=0.000 lr=6.844e-04 time=0.543s
[RQ-VAE] epoch=982 loss=0.00031762 recon=0.00007504 beh=6.280604 w=0.000 lr=6.841e-04 time=0.478s
[RQ-VAE] epoch=983 loss=0.00031579 recon=0.00007511 beh=6.277166 w=0.000 lr=6.837e-04 time=0.46s
[RQ-VAE] epoch=984 loss=0.00031730 recon=0.00007507 beh=6.279076 w=0.000 lr=6.834e-04 time=0.487s
[RQ-VAE] epoch=985 loss=0.00031757 recon=0.00007495 beh=6.280613 w=0.000 lr=6.831e-04 time=0.527s
[RQ-VAE] epoch=986 loss=0.00031578 recon=0.00007485 beh=6.278790 w=0.000 lr=6.827e-04 time=0.487s
[RQ-VAE] epoch=987 loss=0.00031691 recon=0.00007506 beh=6.279369 w=0.000 lr=6.824e-04 time=0.49s
[RQ-VAE] epoch=988 loss=0.00031673 recon=0.00007496 beh=6.278125 w=0.000 lr=6.820e-04 time=0.509s
[RQ-VAE] epoch=989 loss=0.00031714 recon=0.00007508 beh=6.278736 w=0.000 lr=6.817e-04 time=0.459s
[RQ-VAE] epoch=990 loss=0.00031740 recon=0.00007500 beh=6.281115 w=0.000 lr=6.814e-04 time=0.479s
[RQ-VAE] epoch=991 loss=0.00031635 recon=0.00007489 beh=6.280200 w=0.000 lr=6.810e-04 time=0.478s
[RQ-VAE] epoch=992 loss=0.00031677 recon=0.00007473 beh=6.277636 w=0.000 lr=6.807e-04 time=0.482s
[RQ-VAE] epoch=993 loss=0.00031594 recon=0.00007481 beh=6.281090 w=0.000 lr=6.803e-04 time=0.459s
[RQ-VAE] epoch=994 loss=0.00031631 recon=0.00007487 beh=6.279173 w=0.000 lr=6.800e-04 time=0.426s
[RQ-VAE] epoch=995 loss=0.00031875 recon=0.00007496 beh=6.279801 w=0.000 lr=6.797e-04 time=0.484s
[RQ-VAE] epoch=996 loss=0.00031920 recon=0.00007503 beh=6.279101 w=0.000 lr=6.793e-04 time=0.682s
[RQ-VAE] epoch=997 loss=0.00031787 recon=0.00007477 beh=6.278807 w=0.000 lr=6.790e-04 time=0.523s
[RQ-VAE] epoch=998 loss=0.00031908 recon=0.00007480 beh=6.281923 w=0.000 lr=6.786e-04 time=0.395s
[RQ-VAE] epoch=999 loss=0.00031828 recon=0.00007482 beh=6.280046 w=0.000 lr=6.783e-04 time=0.462s
[RQ-VAE] epoch=1000 loss=0.00031796 recon=0.00007485 lr=6.780e-04 raw_unique=20490/24587 collision=0.166633 time=0.472s
[RQ-VAE] epoch=1001 loss=0.00031786 recon=0.00007486 beh=6.278248 w=0.000 lr=6.776e-04 time=0.485s
[RQ-VAE] epoch=1002 loss=0.00031998 recon=0.00007482 beh=6.279099 w=0.000 lr=6.773e-04 time=0.27s
[RQ-VAE] epoch=1003 loss=0.00031954 recon=0.00007476 beh=6.279367 w=0.000 lr=6.769e-04 time=0.592s
[RQ-VAE] epoch=1004 loss=0.00031809 recon=0.00007482 beh=6.280264 w=0.000 lr=6.766e-04 time=0.441s
[RQ-VAE] epoch=1005 loss=0.00031770 recon=0.00007470 beh=6.279479 w=0.000 lr=6.763e-04 time=0.491s
[RQ-VAE] epoch=1006 loss=0.00031847 recon=0.00007469 beh=6.277555 w=0.000 lr=6.759e-04 time=0.444s
[RQ-VAE] epoch=1007 loss=0.00031717 recon=0.00007479 beh=6.279948 w=0.000 lr=6.756e-04 time=0.489s
[RQ-VAE] epoch=1008 loss=0.00031724 recon=0.00007468 beh=6.279115 w=0.000 lr=6.753e-04 time=0.495s
[RQ-VAE] epoch=1009 loss=0.00031740 recon=0.00007463 beh=6.280381 w=0.000 lr=6.749e-04 time=0.429s
[RQ-VAE] epoch=1010 loss=0.00031985 recon=0.00007445 beh=6.277740 w=0.000 lr=6.746e-04 time=0.466s
[RQ-VAE] epoch=1011 loss=0.00031777 recon=0.00007462 beh=6.277727 w=0.000 lr=6.742e-04 time=0.443s
[RQ-VAE] epoch=1012 loss=0.00031778 recon=0.00007455 beh=6.277917 w=0.000 lr=6.739e-04 time=0.491s
[RQ-VAE] epoch=1013 loss=0.00031827 recon=0.00007463 beh=6.278769 w=0.000 lr=6.736e-04 time=0.471s
[RQ-VAE] epoch=1014 loss=0.00031841 recon=0.00007451 beh=6.277801 w=0.000 lr=6.732e-04 time=0.396s
[RQ-VAE] epoch=1015 loss=0.00031753 recon=0.00007451 beh=6.280104 w=0.000 lr=6.729e-04 time=0.472s
[RQ-VAE] epoch=1016 loss=0.00031623 recon=0.00007463 beh=6.275677 w=0.000 lr=6.725e-04 time=0.426s
[RQ-VAE] epoch=1017 loss=0.00031748 recon=0.00007456 beh=6.275860 w=0.000 lr=6.722e-04 time=0.47s
[RQ-VAE] epoch=1018 loss=0.00031992 recon=0.00007452 beh=6.279661 w=0.000 lr=6.719e-04 time=0.483s
[RQ-VAE] epoch=1019 loss=0.00032033 recon=0.00007456 beh=6.277781 w=0.000 lr=6.715e-04 time=0.472s
[RQ-VAE] epoch=1020 loss=0.00031805 recon=0.00007465 beh=6.279767 w=0.000 lr=6.712e-04 time=0.468s
[RQ-VAE] epoch=1021 loss=0.00031692 recon=0.00007454 beh=6.281234 w=0.000 lr=6.708e-04 time=0.445s
[RQ-VAE] epoch=1022 loss=0.00031898 recon=0.00007458 beh=6.281367 w=0.000 lr=6.705e-04 time=0.434s
[RQ-VAE] epoch=1023 loss=0.00031950 recon=0.00007471 beh=6.281274 w=0.000 lr=6.702e-04 time=0.468s
[RQ-VAE] epoch=1024 loss=0.00031767 recon=0.00007470 beh=6.278234 w=0.000 lr=6.698e-04 time=0.458s
[RQ-VAE] epoch=1025 loss=0.00031754 recon=0.00007448 beh=6.276999 w=0.000 lr=6.695e-04 time=0.512s
[RQ-VAE] epoch=1026 loss=0.00031916 recon=0.00007455 beh=6.276802 w=0.000 lr=6.692e-04 time=0.432s
[RQ-VAE] epoch=1027 loss=0.00031979 recon=0.00007457 beh=6.277501 w=0.000 lr=6.688e-04 time=0.333s
[RQ-VAE] epoch=1028 loss=0.00031731 recon=0.00007460 beh=6.282706 w=0.000 lr=6.685e-04 time=0.465s
[RQ-VAE] epoch=1029 loss=0.00031708 recon=0.00007454 beh=6.281523 w=0.000 lr=6.681e-04 time=0.491s
[RQ-VAE] epoch=1030 loss=0.00031955 recon=0.00007437 beh=6.279242 w=0.000 lr=6.678e-04 time=0.483s
[RQ-VAE] epoch=1031 loss=0.00031969 recon=0.00007441 beh=6.279296 w=0.000 lr=6.675e-04 time=0.478s
[RQ-VAE] epoch=1032 loss=0.00031855 recon=0.00007442 beh=6.280162 w=0.000 lr=6.671e-04 time=0.422s
[RQ-VAE] epoch=1033 loss=0.00031772 recon=0.00007452 beh=6.278204 w=0.000 lr=6.668e-04 time=0.459s
[RQ-VAE] epoch=1034 loss=0.00031809 recon=0.00007452 beh=6.280411 w=0.000 lr=6.664e-04 time=0.459s
[RQ-VAE] epoch=1035 loss=0.00031899 recon=0.00007459 beh=6.276000 w=0.000 lr=6.661e-04 time=0.464s
[RQ-VAE] epoch=1036 loss=0.00031775 recon=0.00007443 beh=6.278744 w=0.000 lr=6.658e-04 time=0.5s
[RQ-VAE] epoch=1037 loss=0.00031821 recon=0.00007434 beh=6.282070 w=0.000 lr=6.654e-04 time=0.468s
[RQ-VAE] epoch=1038 loss=0.00031767 recon=0.00007444 beh=6.278923 w=0.000 lr=6.651e-04 time=0.444s
[RQ-VAE] epoch=1039 loss=0.00031840 recon=0.00007444 beh=6.278887 w=0.000 lr=6.647e-04 time=0.427s
[RQ-VAE] epoch=1040 loss=0.00032033 recon=0.00007451 beh=6.277630 w=0.000 lr=6.644e-04 time=0.458s
[RQ-VAE] epoch=1041 loss=0.00031886 recon=0.00007443 beh=6.278770 w=0.000 lr=6.641e-04 time=0.458s
[RQ-VAE] epoch=1042 loss=0.00031955 recon=0.00007447 beh=6.279866 w=0.000 lr=6.637e-04 time=0.465s
[RQ-VAE] epoch=1043 loss=0.00032019 recon=0.00007444 beh=6.277079 w=0.000 lr=6.634e-04 time=0.501s
[RQ-VAE] epoch=1044 loss=0.00031990 recon=0.00007487 beh=6.280181 w=0.000 lr=6.631e-04 time=0.486s
[RQ-VAE] epoch=1045 loss=0.00031961 recon=0.00007444 beh=6.278250 w=0.000 lr=6.627e-04 time=0.427s
[RQ-VAE] epoch=1046 loss=0.00032034 recon=0.00007441 beh=6.281204 w=0.000 lr=6.624e-04 time=0.5s
[RQ-VAE] epoch=1047 loss=0.00032135 recon=0.00007452 beh=6.277679 w=0.000 lr=6.620e-04 time=0.48s
[RQ-VAE] epoch=1048 loss=0.00031995 recon=0.00007457 beh=6.279446 w=0.000 lr=6.617e-04 time=0.489s
[RQ-VAE] epoch=1049 loss=0.00031928 recon=0.00007452 beh=6.280640 w=0.000 lr=6.614e-04 time=0.426s
[RQ-VAE] epoch=1050 loss=0.00032022 recon=0.00007452 lr=6.610e-04 raw_unique=20462/24587 collision=0.167772 time=0.47s
[RQ-VAE] epoch=1051 loss=0.00032283 recon=0.00007456 beh=6.276969 w=0.000 lr=6.607e-04 time=0.484s
[RQ-VAE] epoch=1052 loss=0.00032170 recon=0.00007466 beh=6.282752 w=0.000 lr=6.603e-04 time=0.419s
[RQ-VAE] epoch=1053 loss=0.00032342 recon=0.00007443 beh=6.278731 w=0.000 lr=6.600e-04 time=0.6s
[RQ-VAE] epoch=1054 loss=0.00032055 recon=0.00007444 beh=6.278093 w=0.000 lr=6.597e-04 time=0.473s
[RQ-VAE] epoch=1055 loss=0.00031991 recon=0.00007459 beh=6.277303 w=0.000 lr=6.593e-04 time=0.486s
[RQ-VAE] epoch=1056 loss=0.00032112 recon=0.00007447 beh=6.278710 w=0.000 lr=6.590e-04 time=0.413s
[RQ-VAE] epoch=1057 loss=0.00032148 recon=0.00007449 beh=6.278062 w=0.000 lr=6.586e-04 time=0.46s
[RQ-VAE] epoch=1058 loss=0.00032302 recon=0.00007439 beh=6.281238 w=0.000 lr=6.583e-04 time=0.48s
[RQ-VAE] epoch=1059 loss=0.00032087 recon=0.00007446 beh=6.278719 w=0.000 lr=6.580e-04 time=0.424s
[RQ-VAE] epoch=1060 loss=0.00032098 recon=0.00007440 beh=6.279431 w=0.000 lr=6.576e-04 time=0.457s
[RQ-VAE] epoch=1061 loss=0.00032158 recon=0.00007445 beh=6.279198 w=0.000 lr=6.573e-04 time=0.424s
[RQ-VAE] epoch=1062 loss=0.00032209 recon=0.00007432 beh=6.279816 w=0.000 lr=6.569e-04 time=0.449s
[RQ-VAE] epoch=1063 loss=0.00032156 recon=0.00007436 beh=6.280457 w=0.000 lr=6.566e-04 time=0.443s
[RQ-VAE] epoch=1064 loss=0.00031984 recon=0.00007423 beh=6.279039 w=0.000 lr=6.563e-04 time=0.501s
[RQ-VAE] epoch=1065 loss=0.00032084 recon=0.00007442 beh=6.279615 w=0.000 lr=6.559e-04 time=0.495s
[RQ-VAE] epoch=1066 loss=0.00032092 recon=0.00007429 beh=6.277803 w=0.000 lr=6.556e-04 time=0.491s
[RQ-VAE] epoch=1067 loss=0.00032140 recon=0.00007463 beh=6.277191 w=0.000 lr=6.553e-04 time=0.421s
[RQ-VAE] epoch=1068 loss=0.00032239 recon=0.00007429 beh=6.281268 w=0.000 lr=6.549e-04 time=0.482s
[RQ-VAE] epoch=1069 loss=0.00032113 recon=0.00007438 beh=6.279527 w=0.000 lr=6.546e-04 time=0.458s
[RQ-VAE] epoch=1070 loss=0.00032010 recon=0.00007427 beh=6.280951 w=0.000 lr=6.542e-04 time=0.448s
[RQ-VAE] epoch=1071 loss=0.00032024 recon=0.00007419 beh=6.280461 w=0.000 lr=6.539e-04 time=0.496s
[RQ-VAE] epoch=1072 loss=0.00032132 recon=0.00007415 beh=6.277745 w=0.000 lr=6.536e-04 time=0.493s
[RQ-VAE] epoch=1073 loss=0.00032139 recon=0.00007436 beh=6.278878 w=0.000 lr=6.532e-04 time=0.472s
[RQ-VAE] epoch=1074 loss=0.00032148 recon=0.00007441 beh=6.277847 w=0.000 lr=6.529e-04 time=0.485s
[RQ-VAE] epoch=1075 loss=0.00032156 recon=0.00007445 beh=6.277231 w=0.000 lr=6.525e-04 time=0.443s
[RQ-VAE] epoch=1076 loss=0.00032225 recon=0.00007439 beh=6.280471 w=0.000 lr=6.522e-04 time=0.33s
[RQ-VAE] epoch=1077 loss=0.00032203 recon=0.00007436 beh=6.279078 w=0.000 lr=6.519e-04 time=0.45s
[RQ-VAE] epoch=1078 loss=0.00032134 recon=0.00007422 beh=6.276032 w=0.000 lr=6.515e-04 time=0.484s
[RQ-VAE] epoch=1079 loss=0.00031990 recon=0.00007427 beh=6.279826 w=0.000 lr=6.512e-04 time=0.499s
[RQ-VAE] epoch=1080 loss=0.00032164 recon=0.00007432 beh=6.278924 w=0.000 lr=6.508e-04 time=0.455s
[RQ-VAE] epoch=1081 loss=0.00032177 recon=0.00007432 beh=6.280568 w=0.000 lr=6.505e-04 time=0.44s
[RQ-VAE] epoch=1082 loss=0.00032158 recon=0.00007436 beh=6.281565 w=0.000 lr=6.502e-04 time=0.638s
[RQ-VAE] epoch=1083 loss=0.00032078 recon=0.00007433 beh=6.279864 w=0.000 lr=6.498e-04 time=0.49s
[RQ-VAE] epoch=1084 loss=0.00032143 recon=0.00007428 beh=6.278866 w=0.000 lr=6.495e-04 time=0.475s
[RQ-VAE] epoch=1085 loss=0.00032262 recon=0.00007416 beh=6.280321 w=0.000 lr=6.492e-04 time=0.458s
[RQ-VAE] epoch=1086 loss=0.00032202 recon=0.00007416 beh=6.281742 w=0.000 lr=6.488e-04 time=0.468s
[RQ-VAE] epoch=1087 loss=0.00031903 recon=0.00007417 beh=6.280324 w=0.000 lr=6.485e-04 time=0.451s
[RQ-VAE] epoch=1088 loss=0.00031915 recon=0.00007421 beh=6.274346 w=0.000 lr=6.481e-04 time=0.472s
[RQ-VAE] epoch=1089 loss=0.00031849 recon=0.00007393 beh=6.279850 w=0.000 lr=6.478e-04 time=0.407s
[RQ-VAE] epoch=1090 loss=0.00031803 recon=0.00007383 beh=6.280371 w=0.000 lr=6.475e-04 time=0.457s
[RQ-VAE] epoch=1091 loss=0.00031793 recon=0.00007407 beh=6.276082 w=0.000 lr=6.471e-04 time=0.482s
[RQ-VAE] epoch=1092 loss=0.00031753 recon=0.00007410 beh=6.278144 w=0.000 lr=6.468e-04 time=0.5s
[RQ-VAE] epoch=1093 loss=0.00031656 recon=0.00007386 beh=6.277533 w=0.000 lr=6.464e-04 time=0.47s
[RQ-VAE] epoch=1094 loss=0.00031755 recon=0.00007404 beh=6.279889 w=0.000 lr=6.461e-04 time=0.444s
[RQ-VAE] epoch=1095 loss=0.00031806 recon=0.00007385 beh=6.275640 w=0.000 lr=6.458e-04 time=0.479s
[RQ-VAE] epoch=1096 loss=0.00031983 recon=0.00007411 beh=6.278209 w=0.000 lr=6.454e-04 time=0.419s
[RQ-VAE] epoch=1097 loss=0.00031740 recon=0.00007403 beh=6.280598 w=0.000 lr=6.451e-04 time=0.45s
[RQ-VAE] epoch=1098 loss=0.00031814 recon=0.00007392 beh=6.277385 w=0.000 lr=6.447e-04 time=0.44s
[RQ-VAE] epoch=1099 loss=0.00032007 recon=0.00007386 beh=6.279584 w=0.000 lr=6.444e-04 time=0.423s
[RQ-VAE] epoch=1100 loss=0.00032050 recon=0.00007401 lr=6.441e-04 raw_unique=20253/24587 collision=0.176272 time=0.371s
[RQ-VAE] epoch=1101 loss=0.00031771 recon=0.00007399 beh=6.276785 w=0.000 lr=6.437e-04 time=0.579s
[RQ-VAE] epoch=1102 loss=0.00031620 recon=0.00007405 beh=6.276103 w=0.000 lr=6.434e-04 time=0.461s
[RQ-VAE] epoch=1103 loss=0.00031857 recon=0.00007406 beh=6.279498 w=0.000 lr=6.431e-04 time=0.503s
[RQ-VAE] epoch=1104 loss=0.00031895 recon=0.00007384 beh=6.279761 w=0.000 lr=6.427e-04 time=0.478s
[RQ-VAE] epoch=1105 loss=0.00031935 recon=0.00007397 beh=6.278039 w=0.000 lr=6.424e-04 time=0.495s
[RQ-VAE] epoch=1106 loss=0.00031929 recon=0.00007400 beh=6.280112 w=0.000 lr=6.420e-04 time=0.429s
[RQ-VAE] epoch=1107 loss=0.00031984 recon=0.00007411 beh=6.279367 w=0.000 lr=6.417e-04 time=0.524s
[RQ-VAE] epoch=1108 loss=0.00031922 recon=0.00007402 beh=6.280692 w=0.000 lr=6.414e-04 time=0.457s
[RQ-VAE] epoch=1109 loss=0.00031718 recon=0.00007373 beh=6.279897 w=0.000 lr=6.410e-04 time=0.43s
[RQ-VAE] epoch=1110 loss=0.00031825 recon=0.00007397 beh=6.278800 w=0.000 lr=6.407e-04 time=0.441s
[RQ-VAE] epoch=1111 loss=0.00031941 recon=0.00007379 beh=6.280299 w=0.000 lr=6.403e-04 time=0.436s
[RQ-VAE] epoch=1112 loss=0.00031910 recon=0.00007389 beh=6.280858 w=0.000 lr=6.400e-04 time=0.472s
[RQ-VAE] epoch=1113 loss=0.00032129 recon=0.00007416 beh=6.281639 w=0.000 lr=6.397e-04 time=0.473s
[RQ-VAE] epoch=1114 loss=0.00032070 recon=0.00007386 beh=6.277110 w=0.000 lr=6.393e-04 time=0.481s
[RQ-VAE] epoch=1115 loss=0.00032035 recon=0.00007388 beh=6.279113 w=0.000 lr=6.390e-04 time=0.551s
[RQ-VAE] epoch=1116 loss=0.00032014 recon=0.00007373 beh=6.278412 w=0.000 lr=6.386e-04 time=0.454s
[RQ-VAE] epoch=1117 loss=0.00031910 recon=0.00007378 beh=6.280857 w=0.000 lr=6.383e-04 time=0.566s
[RQ-VAE] epoch=1118 loss=0.00032072 recon=0.00007394 beh=6.280911 w=0.000 lr=6.380e-04 time=0.475s
[RQ-VAE] epoch=1119 loss=0.00032122 recon=0.00007376 beh=6.282339 w=0.000 lr=6.376e-04 time=0.459s
[RQ-VAE] epoch=1120 loss=0.00032113 recon=0.00007375 beh=6.280599 w=0.000 lr=6.373e-04 time=0.491s
[RQ-VAE] epoch=1121 loss=0.00032064 recon=0.00007414 beh=6.279724 w=0.000 lr=6.369e-04 time=0.408s
[RQ-VAE] epoch=1122 loss=0.00032139 recon=0.00007389 beh=6.278625 w=0.000 lr=6.366e-04 time=0.435s
[RQ-VAE] epoch=1123 loss=0.00032165 recon=0.00007391 beh=6.280067 w=0.000 lr=6.363e-04 time=0.479s
[RQ-VAE] epoch=1124 loss=0.00032131 recon=0.00007388 beh=6.279977 w=0.000 lr=6.359e-04 time=0.342s
[RQ-VAE] epoch=1125 loss=0.00031916 recon=0.00007375 beh=6.278175 w=0.000 lr=6.356e-04 time=0.471s
[RQ-VAE] epoch=1126 loss=0.00032010 recon=0.00007374 beh=6.279849 w=0.000 lr=6.353e-04 time=0.497s
[RQ-VAE] epoch=1127 loss=0.00031993 recon=0.00007380 beh=6.274680 w=0.000 lr=6.349e-04 time=0.447s
[RQ-VAE] epoch=1128 loss=0.00032131 recon=0.00007372 beh=6.278747 w=0.000 lr=6.346e-04 time=0.497s
[RQ-VAE] epoch=1129 loss=0.00032064 recon=0.00007368 beh=6.278861 w=0.000 lr=6.342e-04 time=0.453s
[RQ-VAE] epoch=1130 loss=0.00032058 recon=0.00007376 beh=6.278329 w=0.000 lr=6.339e-04 time=0.445s
[RQ-VAE] epoch=1131 loss=0.00032077 recon=0.00007362 beh=6.280052 w=0.000 lr=6.336e-04 time=0.45s
[RQ-VAE] epoch=1132 loss=0.00031821 recon=0.00007375 beh=6.279164 w=0.000 lr=6.332e-04 time=0.468s
[RQ-VAE] epoch=1133 loss=0.00031856 recon=0.00007363 beh=6.279515 w=0.000 lr=6.329e-04 time=0.4s
[RQ-VAE] epoch=1134 loss=0.00031939 recon=0.00007361 beh=6.277796 w=0.000 lr=6.325e-04 time=0.468s
[RQ-VAE] epoch=1135 loss=0.00031986 recon=0.00007374 beh=6.278575 w=0.000 lr=6.322e-04 time=0.474s
[RQ-VAE] epoch=1136 loss=0.00032002 recon=0.00007365 beh=6.277621 w=0.000 lr=6.319e-04 time=0.492s
[RQ-VAE] epoch=1137 loss=0.00032000 recon=0.00007391 beh=6.278948 w=0.000 lr=6.315e-04 time=0.427s
[RQ-VAE] epoch=1138 loss=0.00031896 recon=0.00007368 beh=6.275565 w=0.000 lr=6.312e-04 time=0.448s
[RQ-VAE] epoch=1139 loss=0.00031996 recon=0.00007371 beh=6.281445 w=0.000 lr=6.308e-04 time=0.471s
[RQ-VAE] epoch=1140 loss=0.00032054 recon=0.00007373 beh=6.277958 w=0.000 lr=6.305e-04 time=0.494s
[RQ-VAE] epoch=1141 loss=0.00031893 recon=0.00007379 beh=6.279296 w=0.000 lr=6.302e-04 time=0.418s
[RQ-VAE] epoch=1142 loss=0.00032046 recon=0.00007373 beh=6.278872 w=0.000 lr=6.298e-04 time=0.504s
[RQ-VAE] epoch=1143 loss=0.00032191 recon=0.00007376 beh=6.280445 w=0.000 lr=6.295e-04 time=0.453s
[RQ-VAE] epoch=1144 loss=0.00032056 recon=0.00007373 beh=6.277862 w=0.000 lr=6.292e-04 time=0.431s
[RQ-VAE] epoch=1145 loss=0.00032025 recon=0.00007369 beh=6.277420 w=0.000 lr=6.288e-04 time=0.487s
[RQ-VAE] epoch=1146 loss=0.00031744 recon=0.00007388 beh=6.282029 w=0.000 lr=6.285e-04 time=0.461s
[RQ-VAE] epoch=1147 loss=0.00031776 recon=0.00007350 beh=6.279533 w=0.000 lr=6.281e-04 time=0.51s
[RQ-VAE] epoch=1148 loss=0.00031865 recon=0.00007345 beh=6.281624 w=0.000 lr=6.278e-04 time=0.345s
[RQ-VAE] epoch=1149 loss=0.00031877 recon=0.00007328 beh=6.274415 w=0.000 lr=6.275e-04 time=0.452s
[RQ-VAE] epoch=1150 loss=0.00031810 recon=0.00007354 lr=6.271e-04 raw_unique=20339/24587 collision=0.172774 time=0.458s
[RQ-VAE] epoch=1151 loss=0.00031822 recon=0.00007361 beh=6.278936 w=0.000 lr=6.268e-04 time=0.453s
[RQ-VAE] epoch=1152 loss=0.00031846 recon=0.00007360 beh=6.278060 w=0.000 lr=6.264e-04 time=0.505s
[RQ-VAE] epoch=1153 loss=0.00031939 recon=0.00007335 beh=6.279045 w=0.000 lr=6.261e-04 time=0.492s
[RQ-VAE] epoch=1154 loss=0.00031886 recon=0.00007344 beh=6.275836 w=0.000 lr=6.258e-04 time=0.503s
[RQ-VAE] epoch=1155 loss=0.00031777 recon=0.00007339 beh=6.278513 w=0.000 lr=6.254e-04 time=0.482s
[RQ-VAE] epoch=1156 loss=0.00031934 recon=0.00007335 beh=6.279341 w=0.000 lr=6.251e-04 time=0.396s
[RQ-VAE] epoch=1157 loss=0.00031988 recon=0.00007339 beh=6.280971 w=0.000 lr=6.247e-04 time=0.48s
[RQ-VAE] epoch=1158 loss=0.00031903 recon=0.00007337 beh=6.278437 w=0.000 lr=6.244e-04 time=0.46s
[RQ-VAE] epoch=1159 loss=0.00032014 recon=0.00007334 beh=6.279694 w=0.000 lr=6.241e-04 time=0.444s
[RQ-VAE] epoch=1160 loss=0.00032040 recon=0.00007340 beh=6.277807 w=0.000 lr=6.237e-04 time=0.494s
[RQ-VAE] epoch=1161 loss=0.00031851 recon=0.00007349 beh=6.279053 w=0.000 lr=6.234e-04 time=0.452s
[RQ-VAE] epoch=1162 loss=0.00031980 recon=0.00007333 beh=6.278613 w=0.000 lr=6.231e-04 time=0.407s
[RQ-VAE] epoch=1163 loss=0.00031902 recon=0.00007346 beh=6.278742 w=0.000 lr=6.227e-04 time=0.456s
[RQ-VAE] epoch=1164 loss=0.00031883 recon=0.00007334 beh=6.279292 w=0.000 lr=6.224e-04 time=0.512s
[RQ-VAE] epoch=1165 loss=0.00032026 recon=0.00007335 beh=6.281194 w=0.000 lr=6.220e-04 time=0.461s
[RQ-VAE] epoch=1166 loss=0.00031835 recon=0.00007314 beh=6.278179 w=0.000 lr=6.217e-04 time=0.502s
[RQ-VAE] epoch=1167 loss=0.00031824 recon=0.00007341 beh=6.280447 w=0.000 lr=6.214e-04 time=0.47s
[RQ-VAE] epoch=1168 loss=0.00032082 recon=0.00007340 beh=6.279002 w=0.000 lr=6.210e-04 time=0.439s
[RQ-VAE] epoch=1169 loss=0.00032142 recon=0.00007334 beh=6.278960 w=0.000 lr=6.207e-04 time=0.499s
[RQ-VAE] epoch=1170 loss=0.00031987 recon=0.00007321 beh=6.280655 w=0.000 lr=6.203e-04 time=0.439s
[RQ-VAE] epoch=1171 loss=0.00031944 recon=0.00007334 beh=6.278154 w=0.000 lr=6.200e-04 time=0.436s
[RQ-VAE] epoch=1172 loss=0.00031997 recon=0.00007326 beh=6.280064 w=0.000 lr=6.197e-04 time=0.515s
[RQ-VAE] epoch=1173 loss=0.00031865 recon=0.00007326 beh=6.279776 w=0.000 lr=6.193e-04 time=0.493s
[RQ-VAE] epoch=1174 loss=0.00031864 recon=0.00007313 beh=6.278655 w=0.000 lr=6.190e-04 time=0.469s
[RQ-VAE] epoch=1175 loss=0.00031850 recon=0.00007324 beh=6.280242 w=0.000 lr=6.186e-04 time=0.44s
[RQ-VAE] epoch=1176 loss=0.00031775 recon=0.00007318 beh=6.279126 w=0.000 lr=6.183e-04 time=0.481s
[RQ-VAE] epoch=1177 loss=0.00031790 recon=0.00007314 beh=6.280653 w=0.000 lr=6.180e-04 time=0.439s
[RQ-VAE] epoch=1178 loss=0.00031803 recon=0.00007326 beh=6.278223 w=0.000 lr=6.176e-04 time=0.469s
[RQ-VAE] epoch=1179 loss=0.00032081 recon=0.00007331 beh=6.278679 w=0.000 lr=6.173e-04 time=0.475s
[RQ-VAE] epoch=1180 loss=0.00031813 recon=0.00007316 beh=6.278029 w=0.000 lr=6.169e-04 time=0.429s
[RQ-VAE] epoch=1181 loss=0.00031812 recon=0.00007306 beh=6.279862 w=0.000 lr=6.166e-04 time=0.463s
[RQ-VAE] epoch=1182 loss=0.00031949 recon=0.00007304 beh=6.279963 w=0.000 lr=6.163e-04 time=0.467s
[RQ-VAE] epoch=1183 loss=0.00031922 recon=0.00007306 beh=6.278804 w=0.000 lr=6.159e-04 time=0.464s
[RQ-VAE] epoch=1184 loss=0.00031854 recon=0.00007308 beh=6.276646 w=0.000 lr=6.156e-04 time=0.477s
[RQ-VAE] epoch=1185 loss=0.00032028 recon=0.00007330 beh=6.280864 w=0.000 lr=6.153e-04 time=0.545s
[RQ-VAE] epoch=1186 loss=0.00032194 recon=0.00007308 beh=6.278398 w=0.000 lr=6.149e-04 time=0.437s
[RQ-VAE] epoch=1187 loss=0.00032060 recon=0.00007312 beh=6.280993 w=0.000 lr=6.146e-04 time=0.519s
[RQ-VAE] epoch=1188 loss=0.00032095 recon=0.00007319 beh=6.277871 w=0.000 lr=6.142e-04 time=0.421s
[RQ-VAE] epoch=1189 loss=0.00032072 recon=0.00007318 beh=6.276373 w=0.000 lr=6.139e-04 time=0.456s
[RQ-VAE] epoch=1190 loss=0.00032049 recon=0.00007313 beh=6.280868 w=0.000 lr=6.136e-04 time=0.464s
[RQ-VAE] epoch=1191 loss=0.00032292 recon=0.00007313 beh=6.280909 w=0.000 lr=6.132e-04 time=0.493s
[RQ-VAE] epoch=1192 loss=0.00032370 recon=0.00007322 beh=6.277966 w=0.000 lr=6.129e-04 time=0.447s
[RQ-VAE] epoch=1193 loss=0.00032419 recon=0.00007324 beh=6.277920 w=0.000 lr=6.125e-04 time=0.42s
[RQ-VAE] epoch=1194 loss=0.00032449 recon=0.00007328 beh=6.280271 w=0.000 lr=6.122e-04 time=0.402s
[RQ-VAE] epoch=1195 loss=0.00032273 recon=0.00007316 beh=6.278627 w=0.000 lr=6.119e-04 time=0.47s
[RQ-VAE] epoch=1196 loss=0.00032421 recon=0.00007327 beh=6.279229 w=0.000 lr=6.115e-04 time=0.465s
[RQ-VAE] epoch=1197 loss=0.00032473 recon=0.00007321 beh=6.280291 w=0.000 lr=6.112e-04 time=0.317s
[RQ-VAE] epoch=1198 loss=0.00032380 recon=0.00007324 beh=6.279935 w=0.000 lr=6.108e-04 time=0.462s
[RQ-VAE] epoch=1199 loss=0.00032326 recon=0.00007308 beh=6.280491 w=0.000 lr=6.105e-04 time=0.431s
[RQ-VAE] epoch=1200 loss=0.00032235 recon=0.00007313 lr=6.102e-04 raw_unique=20287/24587 collision=0.174889 time=0.47s
[RQ-VAE] epoch=1201 loss=0.00032424 recon=0.00007327 beh=6.275594 w=0.000 lr=6.098e-04 time=0.469s
[RQ-VAE] epoch=1202 loss=0.00032167 recon=0.00007310 beh=6.277856 w=0.000 lr=6.095e-04 time=0.657s
[RQ-VAE] epoch=1203 loss=0.00032071 recon=0.00007324 beh=6.279011 w=0.000 lr=6.092e-04 time=0.481s
[RQ-VAE] epoch=1204 loss=0.00032297 recon=0.00007325 beh=6.278731 w=0.000 lr=6.088e-04 time=0.481s
[RQ-VAE] epoch=1205 loss=0.00032319 recon=0.00007315 beh=6.279836 w=0.000 lr=6.085e-04 time=0.459s
[RQ-VAE] epoch=1206 loss=0.00032158 recon=0.00007315 beh=6.278175 w=0.000 lr=6.081e-04 time=0.504s
[RQ-VAE] epoch=1207 loss=0.00032324 recon=0.00007312 beh=6.280065 w=0.000 lr=6.078e-04 time=0.605s
[RQ-VAE] epoch=1208 loss=0.00032257 recon=0.00007329 beh=6.277673 w=0.000 lr=6.075e-04 time=0.432s
[RQ-VAE] epoch=1209 loss=0.00032070 recon=0.00007307 beh=6.278365 w=0.000 lr=6.071e-04 time=0.402s
[RQ-VAE] epoch=1210 loss=0.00032052 recon=0.00007303 beh=6.279088 w=0.000 lr=6.068e-04 time=0.459s
[RQ-VAE] epoch=1211 loss=0.00032033 recon=0.00007304 beh=6.278923 w=0.000 lr=6.064e-04 time=0.594s
[RQ-VAE] epoch=1212 loss=0.00032085 recon=0.00007309 beh=6.275362 w=0.000 lr=6.061e-04 time=0.419s
[RQ-VAE] epoch=1213 loss=0.00032073 recon=0.00007314 beh=6.277798 w=0.000 lr=6.058e-04 time=0.466s
[RQ-VAE] epoch=1214 loss=0.00032060 recon=0.00007304 beh=6.280865 w=0.000 lr=6.054e-04 time=0.432s
[RQ-VAE] epoch=1215 loss=0.00032077 recon=0.00007312 beh=6.280375 w=0.000 lr=6.051e-04 time=0.473s
[RQ-VAE] epoch=1216 loss=0.00032078 recon=0.00007304 beh=6.281357 w=0.000 lr=6.047e-04 time=0.456s
[RQ-VAE] epoch=1217 loss=0.00031976 recon=0.00007310 beh=6.276913 w=0.000 lr=6.044e-04 time=0.466s
[RQ-VAE] epoch=1218 loss=0.00032094 recon=0.00007292 beh=6.279157 w=0.000 lr=6.041e-04 time=0.411s
[RQ-VAE] epoch=1219 loss=0.00032058 recon=0.00007277 beh=6.280969 w=0.000 lr=6.037e-04 time=0.476s
[RQ-VAE] epoch=1220 loss=0.00032106 recon=0.00007291 beh=6.279052 w=0.000 lr=6.034e-04 time=0.329s
[RQ-VAE] epoch=1221 loss=0.00032063 recon=0.00007283 beh=6.278309 w=0.000 lr=6.031e-04 time=0.171s
[RQ-VAE] epoch=1222 loss=0.00032173 recon=0.00007273 beh=6.279282 w=0.000 lr=6.027e-04 time=1.229s
[RQ-VAE] epoch=1223 loss=0.00032228 recon=0.00007279 beh=6.281175 w=0.000 lr=6.024e-04 time=0.436s
[RQ-VAE] epoch=1224 loss=0.00032065 recon=0.00007279 beh=6.274857 w=0.000 lr=6.020e-04 time=0.406s
[RQ-VAE] epoch=1225 loss=0.00032131 recon=0.00007284 beh=6.280593 w=0.000 lr=6.017e-04 time=0.436s
[RQ-VAE] epoch=1226 loss=0.00031935 recon=0.00007269 beh=6.279615 w=0.000 lr=6.014e-04 time=0.472s
[RQ-VAE] epoch=1227 loss=0.00032073 recon=0.00007290 beh=6.278938 w=0.000 lr=6.010e-04 time=0.454s
[RQ-VAE] epoch=1228 loss=0.00032304 recon=0.00007289 beh=6.279811 w=0.000 lr=6.007e-04 time=0.463s
[RQ-VAE] epoch=1229 loss=0.00032268 recon=0.00007259 beh=6.279507 w=0.000 lr=6.003e-04 time=0.465s
[RQ-VAE] epoch=1230 loss=0.00031968 recon=0.00007279 beh=6.277584 w=0.000 lr=6.000e-04 time=0.487s
[RQ-VAE] epoch=1231 loss=0.00032094 recon=0.00007287 beh=6.279128 w=0.000 lr=5.997e-04 time=0.496s
[RQ-VAE] epoch=1232 loss=0.00032189 recon=0.00007262 beh=6.282605 w=0.000 lr=5.993e-04 time=0.447s
[RQ-VAE] epoch=1233 loss=0.00032229 recon=0.00007268 beh=6.279174 w=0.000 lr=5.990e-04 time=0.491s
[RQ-VAE] epoch=1234 loss=0.00032129 recon=0.00007280 beh=6.280022 w=0.000 lr=5.986e-04 time=0.452s
[RQ-VAE] epoch=1235 loss=0.00032203 recon=0.00007274 beh=6.276222 w=0.000 lr=5.983e-04 time=0.422s
[RQ-VAE] epoch=1236 loss=0.00032054 recon=0.00007276 beh=6.280584 w=0.000 lr=5.980e-04 time=0.502s
[RQ-VAE] epoch=1237 loss=0.00032078 recon=0.00007257 beh=6.278559 w=0.000 lr=5.976e-04 time=0.573s
[RQ-VAE] epoch=1238 loss=0.00031988 recon=0.00007263 beh=6.275829 w=0.000 lr=5.973e-04 time=0.456s
[RQ-VAE] epoch=1239 loss=0.00032141 recon=0.00007277 beh=6.278276 w=0.000 lr=5.969e-04 time=0.476s
[RQ-VAE] epoch=1240 loss=0.00032049 recon=0.00007277 beh=6.278748 w=0.000 lr=5.966e-04 time=0.479s
[RQ-VAE] epoch=1241 loss=0.00031907 recon=0.00007268 beh=6.280480 w=0.000 lr=5.963e-04 time=0.487s
[RQ-VAE] epoch=1242 loss=0.00032143 recon=0.00007260 beh=6.277780 w=0.000 lr=5.959e-04 time=0.479s
[RQ-VAE] epoch=1243 loss=0.00032004 recon=0.00007266 beh=6.282494 w=0.000 lr=5.956e-04 time=0.5s
[RQ-VAE] epoch=1244 loss=0.00032002 recon=0.00007287 beh=6.279321 w=0.000 lr=5.953e-04 time=0.516s
[RQ-VAE] epoch=1245 loss=0.00032034 recon=0.00007269 beh=6.280251 w=0.000 lr=5.949e-04 time=0.339s
[RQ-VAE] epoch=1246 loss=0.00032098 recon=0.00007273 beh=6.276448 w=0.000 lr=5.946e-04 time=0.501s
[RQ-VAE] epoch=1247 loss=0.00032113 recon=0.00007265 beh=6.279823 w=0.000 lr=5.942e-04 time=0.465s
[RQ-VAE] epoch=1248 loss=0.00032003 recon=0.00007268 beh=6.282226 w=0.000 lr=5.939e-04 time=0.496s
[RQ-VAE] epoch=1249 loss=0.00032088 recon=0.00007261 beh=6.278471 w=0.000 lr=5.936e-04 time=0.472s
[RQ-VAE] epoch=1250 loss=0.00032030 recon=0.00007295 lr=5.932e-04 raw_unique=20377/24587 collision=0.171229 time=0.48s
[RQ-VAE] epoch=1251 loss=0.00032248 recon=0.00007280 beh=6.276760 w=0.000 lr=5.929e-04 time=0.464s
[RQ-VAE] epoch=1252 loss=0.00032189 recon=0.00007284 beh=6.277662 w=0.000 lr=5.925e-04 time=0.509s
[RQ-VAE] epoch=1253 loss=0.00032144 recon=0.00007290 beh=6.280425 w=0.000 lr=5.922e-04 time=0.463s
[RQ-VAE] epoch=1254 loss=0.00032237 recon=0.00007287 beh=6.280320 w=0.000 lr=5.919e-04 time=0.49s
[RQ-VAE] epoch=1255 loss=0.00032297 recon=0.00007276 beh=6.278903 w=0.000 lr=5.915e-04 time=0.469s
[RQ-VAE] epoch=1256 loss=0.00032203 recon=0.00007275 beh=6.281852 w=0.000 lr=5.912e-04 time=0.478s
[RQ-VAE] epoch=1257 loss=0.00032128 recon=0.00007280 beh=6.276244 w=0.000 lr=5.908e-04 time=0.445s
[RQ-VAE] epoch=1258 loss=0.00032299 recon=0.00007274 beh=6.282302 w=0.000 lr=5.905e-04 time=0.547s
[RQ-VAE] epoch=1259 loss=0.00032284 recon=0.00007275 beh=6.277288 w=0.000 lr=5.902e-04 time=0.45s
[RQ-VAE] epoch=1260 loss=0.00032165 recon=0.00007290 beh=6.280694 w=0.000 lr=5.898e-04 time=0.475s
[RQ-VAE] epoch=1261 loss=0.00032142 recon=0.00007268 beh=6.282966 w=0.000 lr=5.895e-04 time=0.516s
[RQ-VAE] epoch=1262 loss=0.00032104 recon=0.00007270 beh=6.277461 w=0.000 lr=5.892e-04 time=0.46s
[RQ-VAE] epoch=1263 loss=0.00032111 recon=0.00007271 beh=6.282555 w=0.000 lr=5.888e-04 time=0.488s
[RQ-VAE] epoch=1264 loss=0.00032213 recon=0.00007260 beh=6.279467 w=0.000 lr=5.885e-04 time=0.397s
[RQ-VAE] epoch=1265 loss=0.00031996 recon=0.00007263 beh=6.279326 w=0.000 lr=5.881e-04 time=0.472s
[RQ-VAE] epoch=1266 loss=0.00031970 recon=0.00007270 beh=6.277497 w=0.000 lr=5.878e-04 time=0.491s
[RQ-VAE] epoch=1267 loss=0.00031987 recon=0.00007266 beh=6.278883 w=0.000 lr=5.875e-04 time=0.484s
[RQ-VAE] epoch=1268 loss=0.00032048 recon=0.00007257 beh=6.279248 w=0.000 lr=5.871e-04 time=0.469s
[RQ-VAE] epoch=1269 loss=0.00032027 recon=0.00007271 beh=6.279572 w=0.000 lr=5.868e-04 time=0.405s
[RQ-VAE] epoch=1270 loss=0.00032135 recon=0.00007275 beh=6.278129 w=0.000 lr=5.864e-04 time=0.413s
[RQ-VAE] epoch=1271 loss=0.00032104 recon=0.00007278 beh=6.281027 w=0.000 lr=5.861e-04 time=0.403s
[RQ-VAE] epoch=1272 loss=0.00032125 recon=0.00007258 beh=6.281158 w=0.000 lr=5.858e-04 time=0.45s
[RQ-VAE] epoch=1273 loss=0.00032126 recon=0.00007263 beh=6.279426 w=0.000 lr=5.854e-04 time=0.472s
[RQ-VAE] epoch=1274 loss=0.00032216 recon=0.00007280 beh=6.278455 w=0.000 lr=5.851e-04 time=0.477s
[RQ-VAE] epoch=1275 loss=0.00032151 recon=0.00007249 beh=6.280392 w=0.000 lr=5.847e-04 time=0.46s
[RQ-VAE] epoch=1276 loss=0.00032167 recon=0.00007262 beh=6.280083 w=0.000 lr=5.844e-04 time=0.455s
[RQ-VAE] epoch=1277 loss=0.00032088 recon=0.00007281 beh=6.278391 w=0.000 lr=5.841e-04 time=0.5s
[RQ-VAE] epoch=1278 loss=0.00032236 recon=0.00007256 beh=6.279128 w=0.000 lr=5.837e-04 time=0.517s
[RQ-VAE] epoch=1279 loss=0.00032154 recon=0.00007247 beh=6.280700 w=0.000 lr=5.834e-04 time=0.425s
[RQ-VAE] epoch=1280 loss=0.00032046 recon=0.00007252 beh=6.282142 w=0.000 lr=5.831e-04 time=0.482s
[RQ-VAE] epoch=1281 loss=0.00032158 recon=0.00007280 beh=6.279679 w=0.000 lr=5.827e-04 time=0.486s
[RQ-VAE] epoch=1282 loss=0.00032209 recon=0.00007259 beh=6.281932 w=0.000 lr=5.824e-04 time=0.388s
[RQ-VAE] epoch=1283 loss=0.00032097 recon=0.00007260 beh=6.279212 w=0.000 lr=5.820e-04 time=0.475s
[RQ-VAE] epoch=1284 loss=0.00032044 recon=0.00007257 beh=6.274870 w=0.000 lr=5.817e-04 time=0.5s
[RQ-VAE] epoch=1285 loss=0.00032245 recon=0.00007257 beh=6.280362 w=0.000 lr=5.814e-04 time=0.451s
[RQ-VAE] epoch=1286 loss=0.00032132 recon=0.00007262 beh=6.280752 w=0.000 lr=5.810e-04 time=0.508s
[RQ-VAE] epoch=1287 loss=0.00032197 recon=0.00007250 beh=6.278063 w=0.000 lr=5.807e-04 time=0.437s
[RQ-VAE] epoch=1288 loss=0.00032457 recon=0.00007280 beh=6.278486 w=0.000 lr=5.803e-04 time=0.507s
[RQ-VAE] epoch=1289 loss=0.00032232 recon=0.00007270 beh=6.278845 w=0.000 lr=5.800e-04 time=0.482s
[RQ-VAE] epoch=1290 loss=0.00032245 recon=0.00007255 beh=6.279703 w=0.000 lr=5.797e-04 time=0.485s
[RQ-VAE] epoch=1291 loss=0.00032277 recon=0.00007256 beh=6.279166 w=0.000 lr=5.793e-04 time=0.45s
[RQ-VAE] epoch=1292 loss=0.00032265 recon=0.00007248 beh=6.280156 w=0.000 lr=5.790e-04 time=0.439s
[RQ-VAE] epoch=1293 loss=0.00032160 recon=0.00007272 beh=6.281989 w=0.000 lr=5.786e-04 time=0.537s
[RQ-VAE] epoch=1294 loss=0.00032100 recon=0.00007272 beh=6.277736 w=0.000 lr=5.783e-04 time=0.409s
[RQ-VAE] epoch=1295 loss=0.00032402 recon=0.00007267 beh=6.279428 w=0.000 lr=5.780e-04 time=0.381s
[RQ-VAE] epoch=1296 loss=0.00032489 recon=0.00007253 beh=6.276163 w=0.000 lr=5.776e-04 time=0.481s
[RQ-VAE] epoch=1297 loss=0.00032373 recon=0.00007269 beh=6.278831 w=0.000 lr=5.773e-04 time=0.438s
[RQ-VAE] epoch=1298 loss=0.00032383 recon=0.00007277 beh=6.281746 w=0.000 lr=5.769e-04 time=0.466s
[RQ-VAE] epoch=1299 loss=0.00032373 recon=0.00007249 beh=6.275041 w=0.000 lr=5.766e-04 time=0.457s
[RQ-VAE] epoch=1300 loss=0.00032268 recon=0.00007259 lr=5.763e-04 raw_unique=20343/24587 collision=0.172612 time=0.461s
[RQ-VAE] epoch=1301 loss=0.00032259 recon=0.00007254 beh=6.280541 w=0.000 lr=5.759e-04 time=0.461s
[RQ-VAE] epoch=1302 loss=0.00032391 recon=0.00007265 beh=6.280460 w=0.000 lr=5.756e-04 time=0.512s
[RQ-VAE] epoch=1303 loss=0.00032272 recon=0.00007259 beh=6.279843 w=0.000 lr=5.753e-04 time=0.483s
[RQ-VAE] epoch=1304 loss=0.00032313 recon=0.00007256 beh=6.279427 w=0.000 lr=5.749e-04 time=0.418s
[RQ-VAE] epoch=1305 loss=0.00032296 recon=0.00007258 beh=6.276031 w=0.000 lr=5.746e-04 time=0.454s
[RQ-VAE] epoch=1306 loss=0.00032380 recon=0.00007265 beh=6.281496 w=0.000 lr=5.742e-04 time=0.484s
[RQ-VAE] epoch=1307 loss=0.00032340 recon=0.00007244 beh=6.277027 w=0.000 lr=5.739e-04 time=0.448s
[RQ-VAE] epoch=1308 loss=0.00032188 recon=0.00007245 beh=6.280509 w=0.000 lr=5.736e-04 time=0.49s
[RQ-VAE] epoch=1309 loss=0.00031996 recon=0.00007236 beh=6.279117 w=0.000 lr=5.732e-04 time=0.488s
[RQ-VAE] epoch=1310 loss=0.00032076 recon=0.00007243 beh=6.278663 w=0.000 lr=5.729e-04 time=0.481s
[RQ-VAE] epoch=1311 loss=0.00031935 recon=0.00007225 beh=6.277586 w=0.000 lr=5.725e-04 time=0.451s
[RQ-VAE] epoch=1312 loss=0.00032024 recon=0.00007239 beh=6.277397 w=0.000 lr=5.722e-04 time=0.448s
[RQ-VAE] epoch=1313 loss=0.00032144 recon=0.00007240 beh=6.276895 w=0.000 lr=5.719e-04 time=0.438s
[RQ-VAE] epoch=1314 loss=0.00032155 recon=0.00007249 beh=6.278264 w=0.000 lr=5.715e-04 time=0.423s
[RQ-VAE] epoch=1315 loss=0.00032185 recon=0.00007243 beh=6.278128 w=0.000 lr=5.712e-04 time=0.462s
[RQ-VAE] epoch=1316 loss=0.00032085 recon=0.00007241 beh=6.276013 w=0.000 lr=5.708e-04 time=0.452s
[RQ-VAE] epoch=1317 loss=0.00032121 recon=0.00007247 beh=6.280664 w=0.000 lr=5.705e-04 time=0.484s
[RQ-VAE] epoch=1318 loss=0.00032117 recon=0.00007240 beh=6.280205 w=0.000 lr=5.702e-04 time=0.279s
[RQ-VAE] epoch=1319 loss=0.00032213 recon=0.00007246 beh=6.277336 w=0.000 lr=5.698e-04 time=0.445s
[RQ-VAE] epoch=1320 loss=0.00032221 recon=0.00007237 beh=6.275723 w=0.000 lr=5.695e-04 time=0.494s
[RQ-VAE] epoch=1321 loss=0.00032158 recon=0.00007225 beh=6.281660 w=0.000 lr=5.692e-04 time=0.465s
[RQ-VAE] epoch=1322 loss=0.00032410 recon=0.00007245 beh=6.279018 w=0.000 lr=5.688e-04 time=0.567s
[RQ-VAE] epoch=1323 loss=0.00032437 recon=0.00007228 beh=6.278714 w=0.000 lr=5.685e-04 time=0.449s
[RQ-VAE] epoch=1324 loss=0.00032366 recon=0.00007216 beh=6.281669 w=0.000 lr=5.681e-04 time=0.437s
[RQ-VAE] epoch=1325 loss=0.00032134 recon=0.00007211 beh=6.279248 w=0.000 lr=5.678e-04 time=0.479s
[RQ-VAE] epoch=1326 loss=0.00032200 recon=0.00007234 beh=6.276853 w=0.000 lr=5.675e-04 time=0.421s
[RQ-VAE] epoch=1327 loss=0.00032188 recon=0.00007215 beh=6.278847 w=0.000 lr=5.671e-04 time=0.473s
[RQ-VAE] epoch=1328 loss=0.00032114 recon=0.00007202 beh=6.279383 w=0.000 lr=5.668e-04 time=0.506s
[RQ-VAE] epoch=1329 loss=0.00031969 recon=0.00007215 beh=6.279882 w=0.000 lr=5.664e-04 time=0.483s
[RQ-VAE] epoch=1330 loss=0.00032041 recon=0.00007213 beh=6.276766 w=0.000 lr=5.661e-04 time=0.479s
[RQ-VAE] epoch=1331 loss=0.00032095 recon=0.00007213 beh=6.279221 w=0.000 lr=5.658e-04 time=0.464s
[RQ-VAE] epoch=1332 loss=0.00032073 recon=0.00007237 beh=6.282608 w=0.000 lr=5.654e-04 time=0.478s
[RQ-VAE] epoch=1333 loss=0.00032010 recon=0.00007241 beh=6.280330 w=0.000 lr=5.651e-04 time=0.455s
[RQ-VAE] epoch=1334 loss=0.00032013 recon=0.00007198 beh=6.278378 w=0.000 lr=5.647e-04 time=0.463s
[RQ-VAE] epoch=1335 loss=0.00032080 recon=0.00007213 beh=6.281391 w=0.000 lr=5.644e-04 time=0.399s
[RQ-VAE] epoch=1336 loss=0.00031972 recon=0.00007211 beh=6.278915 w=0.000 lr=5.641e-04 time=0.444s
[RQ-VAE] epoch=1337 loss=0.00031899 recon=0.00007189 beh=6.276401 w=0.000 lr=5.637e-04 time=0.439s
[RQ-VAE] epoch=1338 loss=0.00031912 recon=0.00007185 beh=6.280699 w=0.000 lr=5.634e-04 time=0.49s
[RQ-VAE] epoch=1339 loss=0.00031982 recon=0.00007207 beh=6.280526 w=0.000 lr=5.631e-04 time=0.464s
[RQ-VAE] epoch=1340 loss=0.00031880 recon=0.00007195 beh=6.278240 w=0.000 lr=5.627e-04 time=0.433s
[RQ-VAE] epoch=1341 loss=0.00031881 recon=0.00007202 beh=6.277525 w=0.000 lr=5.624e-04 time=0.494s
[RQ-VAE] epoch=1342 loss=0.00031970 recon=0.00007188 beh=6.279110 w=0.000 lr=5.620e-04 time=0.552s
[RQ-VAE] epoch=1343 loss=0.00031677 recon=0.00007192 beh=6.281267 w=0.000 lr=5.617e-04 time=0.472s
[RQ-VAE] epoch=1344 loss=0.00031729 recon=0.00007208 beh=6.279222 w=0.000 lr=5.614e-04 time=0.42s
[RQ-VAE] epoch=1345 loss=0.00031873 recon=0.00007201 beh=6.283789 w=0.000 lr=5.610e-04 time=0.519s
[RQ-VAE] epoch=1346 loss=0.00031833 recon=0.00007193 beh=6.277721 w=0.000 lr=5.607e-04 time=0.46s
[RQ-VAE] epoch=1347 loss=0.00031860 recon=0.00007192 beh=6.280661 w=0.000 lr=5.603e-04 time=0.446s
[RQ-VAE] epoch=1348 loss=0.00031755 recon=0.00007201 beh=6.280413 w=0.000 lr=5.600e-04 time=0.515s
[RQ-VAE] epoch=1349 loss=0.00031929 recon=0.00007197 beh=6.280602 w=0.000 lr=5.597e-04 time=0.423s
[RQ-VAE] epoch=1350 loss=0.00031934 recon=0.00007208 lr=5.593e-04 raw_unique=20349/24587 collision=0.172368 time=0.462s
[RQ-VAE] epoch=1351 loss=0.00031841 recon=0.00007205 beh=6.281900 w=0.000 lr=5.590e-04 time=0.465s
[RQ-VAE] epoch=1352 loss=0.00031715 recon=0.00007195 beh=6.279248 w=0.000 lr=5.586e-04 time=0.489s
[RQ-VAE] epoch=1353 loss=0.00031913 recon=0.00007182 beh=6.277400 w=0.000 lr=5.583e-04 time=0.453s
[RQ-VAE] epoch=1354 loss=0.00031662 recon=0.00007192 beh=6.278727 w=0.000 lr=5.580e-04 time=0.533s
[RQ-VAE] epoch=1355 loss=0.00031831 recon=0.00007192 beh=6.280237 w=0.000 lr=5.576e-04 time=0.476s
[RQ-VAE] epoch=1356 loss=0.00031958 recon=0.00007199 beh=6.280151 w=0.000 lr=5.573e-04 time=0.466s
[RQ-VAE] epoch=1357 loss=0.00031917 recon=0.00007185 beh=6.280815 w=0.000 lr=5.569e-04 time=0.608s
[RQ-VAE] epoch=1358 loss=0.00031872 recon=0.00007191 beh=6.279859 w=0.000 lr=5.566e-04 time=0.501s
[RQ-VAE] epoch=1359 loss=0.00032037 recon=0.00007177 beh=6.282430 w=0.000 lr=5.563e-04 time=0.47s
[RQ-VAE] epoch=1360 loss=0.00032056 recon=0.00007184 beh=6.279263 w=0.000 lr=5.559e-04 time=0.455s
[RQ-VAE] epoch=1361 loss=0.00031997 recon=0.00007195 beh=6.277470 w=0.000 lr=5.556e-04 time=0.446s
[RQ-VAE] epoch=1362 loss=0.00031867 recon=0.00007190 beh=6.279849 w=0.000 lr=5.553e-04 time=0.436s
[RQ-VAE] epoch=1363 loss=0.00031893 recon=0.00007184 beh=6.278254 w=0.000 lr=5.549e-04 time=0.468s
[RQ-VAE] epoch=1364 loss=0.00031971 recon=0.00007180 beh=6.280260 w=0.000 lr=5.546e-04 time=0.442s
[RQ-VAE] epoch=1365 loss=0.00032143 recon=0.00007171 beh=6.282108 w=0.000 lr=5.542e-04 time=0.451s
[RQ-VAE] epoch=1366 loss=0.00032059 recon=0.00007188 beh=6.280361 w=0.000 lr=5.539e-04 time=0.458s
[RQ-VAE] epoch=1367 loss=0.00031857 recon=0.00007189 beh=6.279282 w=0.000 lr=5.536e-04 time=0.307s
[RQ-VAE] epoch=1368 loss=0.00031933 recon=0.00007183 beh=6.281926 w=0.000 lr=5.532e-04 time=0.479s
[RQ-VAE] epoch=1369 loss=0.00032109 recon=0.00007185 beh=6.277175 w=0.000 lr=5.529e-04 time=0.465s
[RQ-VAE] epoch=1370 loss=0.00031957 recon=0.00007176 beh=6.277296 w=0.000 lr=5.525e-04 time=0.436s
[RQ-VAE] epoch=1371 loss=0.00031975 recon=0.00007184 beh=6.279533 w=0.000 lr=5.522e-04 time=0.438s
[RQ-VAE] epoch=1372 loss=0.00032029 recon=0.00007189 beh=6.277736 w=0.000 lr=5.519e-04 time=0.401s
[RQ-VAE] epoch=1373 loss=0.00032054 recon=0.00007179 beh=6.278638 w=0.000 lr=5.515e-04 time=0.524s
[RQ-VAE] epoch=1374 loss=0.00032082 recon=0.00007175 beh=6.279201 w=0.000 lr=5.512e-04 time=0.476s
[RQ-VAE] epoch=1375 loss=0.00032201 recon=0.00007174 beh=6.278489 w=0.000 lr=5.508e-04 time=0.488s
[RQ-VAE] epoch=1376 loss=0.00032107 recon=0.00007192 beh=6.277513 w=0.000 lr=5.505e-04 time=0.48s
[RQ-VAE] epoch=1377 loss=0.00032038 recon=0.00007171 beh=6.278290 w=0.000 lr=5.502e-04 time=0.445s
[RQ-VAE] epoch=1378 loss=0.00032032 recon=0.00007187 beh=6.279409 w=0.000 lr=5.498e-04 time=0.464s
[RQ-VAE] epoch=1379 loss=0.00032190 recon=0.00007208 beh=6.279902 w=0.000 lr=5.495e-04 time=0.394s
[RQ-VAE] epoch=1380 loss=0.00032165 recon=0.00007182 beh=6.279135 w=0.000 lr=5.492e-04 time=0.401s
[RQ-VAE] epoch=1381 loss=0.00032293 recon=0.00007172 beh=6.279362 w=0.000 lr=5.488e-04 time=0.507s
[RQ-VAE] epoch=1382 loss=0.00032344 recon=0.00007185 beh=6.276450 w=0.000 lr=5.485e-04 time=0.456s
[RQ-VAE] epoch=1383 loss=0.00032365 recon=0.00007172 beh=6.279371 w=0.000 lr=5.481e-04 time=0.496s
[RQ-VAE] epoch=1384 loss=0.00032244 recon=0.00007169 beh=6.279485 w=0.000 lr=5.478e-04 time=0.489s
[RQ-VAE] epoch=1385 loss=0.00032058 recon=0.00007177 beh=6.282928 w=0.000 lr=5.475e-04 time=0.449s
[RQ-VAE] epoch=1386 loss=0.00032246 recon=0.00007192 beh=6.281445 w=0.000 lr=5.471e-04 time=0.495s
[RQ-VAE] epoch=1387 loss=0.00032325 recon=0.00007202 beh=6.278328 w=0.000 lr=5.468e-04 time=0.425s
[RQ-VAE] epoch=1388 loss=0.00032450 recon=0.00007179 beh=6.278063 w=0.000 lr=5.464e-04 time=0.498s
[RQ-VAE] epoch=1389 loss=0.00032264 recon=0.00007185 beh=6.281389 w=0.000 lr=5.461e-04 time=0.441s
[RQ-VAE] epoch=1390 loss=0.00032481 recon=0.00007188 beh=6.280379 w=0.000 lr=5.458e-04 time=0.508s
[RQ-VAE] epoch=1391 loss=0.00032259 recon=0.00007165 beh=6.279847 w=0.000 lr=5.454e-04 time=0.503s
[RQ-VAE] epoch=1392 loss=0.00032203 recon=0.00007185 beh=6.278069 w=0.000 lr=5.451e-04 time=0.329s
[RQ-VAE] epoch=1393 loss=0.00032285 recon=0.00007179 beh=6.278275 w=0.000 lr=5.447e-04 time=0.455s
[RQ-VAE] epoch=1394 loss=0.00032218 recon=0.00007193 beh=6.277328 w=0.000 lr=5.444e-04 time=0.433s
[RQ-VAE] epoch=1395 loss=0.00032303 recon=0.00007182 beh=6.280505 w=0.000 lr=5.441e-04 time=0.478s
[RQ-VAE] epoch=1396 loss=0.00032403 recon=0.00007181 beh=6.280662 w=0.000 lr=5.437e-04 time=0.509s
[RQ-VAE] epoch=1397 loss=0.00032287 recon=0.00007175 beh=6.281879 w=0.000 lr=5.434e-04 time=0.428s
[RQ-VAE] epoch=1398 loss=0.00032105 recon=0.00007178 beh=6.278902 w=0.000 lr=5.431e-04 time=0.494s
[RQ-VAE] epoch=1399 loss=0.00032164 recon=0.00007159 beh=6.282004 w=0.000 lr=5.427e-04 time=0.447s
[RQ-VAE] epoch=1400 loss=0.00032334 recon=0.00007171 lr=5.424e-04 raw_unique=20325/24587 collision=0.173344 time=0.441s
[RQ-VAE] epoch=1401 loss=0.00032247 recon=0.00007177 beh=6.282373 w=0.000 lr=5.420e-04 time=0.509s
[RQ-VAE] epoch=1402 loss=0.00032144 recon=0.00007182 beh=6.281752 w=0.000 lr=5.417e-04 time=0.475s
[RQ-VAE] epoch=1403 loss=0.00032061 recon=0.00007170 beh=6.276986 w=0.000 lr=5.414e-04 time=0.465s
[RQ-VAE] epoch=1404 loss=0.00032065 recon=0.00007180 beh=6.281354 w=0.000 lr=5.410e-04 time=0.444s
[RQ-VAE] epoch=1405 loss=0.00032121 recon=0.00007174 beh=6.278183 w=0.000 lr=5.407e-04 time=0.527s
[RQ-VAE] epoch=1406 loss=0.00032277 recon=0.00007153 beh=6.280452 w=0.000 lr=5.403e-04 time=0.481s
[RQ-VAE] epoch=1407 loss=0.00032183 recon=0.00007165 beh=6.281866 w=0.000 lr=5.400e-04 time=0.463s
[RQ-VAE] epoch=1408 loss=0.00032123 recon=0.00007173 beh=6.279677 w=0.000 lr=5.397e-04 time=0.458s
[RQ-VAE] epoch=1409 loss=0.00032313 recon=0.00007195 beh=6.281805 w=0.000 lr=5.393e-04 time=0.473s
[RQ-VAE] epoch=1410 loss=0.00032369 recon=0.00007172 beh=6.280244 w=0.000 lr=5.390e-04 time=0.476s
[RQ-VAE] epoch=1411 loss=0.00032245 recon=0.00007179 beh=6.281127 w=0.000 lr=5.386e-04 time=0.466s
[RQ-VAE] epoch=1412 loss=0.00032475 recon=0.00007170 beh=6.276552 w=0.000 lr=5.383e-04 time=0.481s
[RQ-VAE] epoch=1413 loss=0.00032364 recon=0.00007175 beh=6.280930 w=0.000 lr=5.380e-04 time=0.597s
[RQ-VAE] epoch=1414 loss=0.00032124 recon=0.00007180 beh=6.281599 w=0.000 lr=5.376e-04 time=0.45s
[RQ-VAE] epoch=1415 loss=0.00032248 recon=0.00007176 beh=6.280619 w=0.000 lr=5.373e-04 time=0.402s
[RQ-VAE] epoch=1416 loss=0.00032368 recon=0.00007177 beh=6.281096 w=0.000 lr=5.369e-04 time=0.375s
[RQ-VAE] epoch=1417 loss=0.00032311 recon=0.00007169 beh=6.279044 w=0.000 lr=5.366e-04 time=0.386s
[RQ-VAE] epoch=1418 loss=0.00032245 recon=0.00007165 beh=6.278459 w=0.000 lr=5.363e-04 time=0.471s
[RQ-VAE] epoch=1419 loss=0.00032285 recon=0.00007164 beh=6.277224 w=0.000 lr=5.359e-04 time=0.417s
[RQ-VAE] epoch=1420 loss=0.00032517 recon=0.00007160 beh=6.280095 w=0.000 lr=5.356e-04 time=0.445s
[RQ-VAE] epoch=1421 loss=0.00032303 recon=0.00007176 beh=6.275241 w=0.000 lr=5.353e-04 time=0.439s
[RQ-VAE] epoch=1422 loss=0.00032213 recon=0.00007180 beh=6.277877 w=0.000 lr=5.349e-04 time=0.455s
[RQ-VAE] epoch=1423 loss=0.00032230 recon=0.00007172 beh=6.280612 w=0.000 lr=5.346e-04 time=0.487s
[RQ-VAE] epoch=1424 loss=0.00032308 recon=0.00007175 beh=6.280478 w=0.000 lr=5.342e-04 time=0.477s
[RQ-VAE] epoch=1425 loss=0.00032203 recon=0.00007167 beh=6.280474 w=0.000 lr=5.339e-04 time=0.446s
[RQ-VAE] epoch=1426 loss=0.00032076 recon=0.00007164 beh=6.279635 w=0.000 lr=5.336e-04 time=0.45s
[RQ-VAE] epoch=1427 loss=0.00032099 recon=0.00007172 beh=6.278255 w=0.000 lr=5.332e-04 time=0.435s
[RQ-VAE] epoch=1428 loss=0.00032045 recon=0.00007169 beh=6.280640 w=0.000 lr=5.329e-04 time=0.448s
[RQ-VAE] epoch=1429 loss=0.00032082 recon=0.00007170 beh=6.281258 w=0.000 lr=5.325e-04 time=0.472s
[RQ-VAE] epoch=1430 loss=0.00032161 recon=0.00007166 beh=6.278938 w=0.000 lr=5.322e-04 time=0.5s
[RQ-VAE] epoch=1431 loss=0.00032100 recon=0.00007165 beh=6.279309 w=0.000 lr=5.319e-04 time=0.468s
[RQ-VAE] epoch=1432 loss=0.00031970 recon=0.00007178 beh=6.280848 w=0.000 lr=5.315e-04 time=0.449s
[RQ-VAE] epoch=1433 loss=0.00032019 recon=0.00007160 beh=6.279898 w=0.000 lr=5.312e-04 time=0.409s
[RQ-VAE] epoch=1434 loss=0.00032093 recon=0.00007178 beh=6.279239 w=0.000 lr=5.308e-04 time=0.445s
[RQ-VAE] epoch=1435 loss=0.00032123 recon=0.00007164 beh=6.279270 w=0.000 lr=5.305e-04 time=0.469s
[RQ-VAE] epoch=1436 loss=0.00032156 recon=0.00007171 beh=6.279591 w=0.000 lr=5.302e-04 time=0.403s
[RQ-VAE] epoch=1437 loss=0.00032033 recon=0.00007170 beh=6.276750 w=0.000 lr=5.298e-04 time=0.512s
[RQ-VAE] epoch=1438 loss=0.00032137 recon=0.00007148 beh=6.277750 w=0.000 lr=5.295e-04 time=0.448s
[RQ-VAE] epoch=1439 loss=0.00032120 recon=0.00007159 beh=6.278958 w=0.000 lr=5.292e-04 time=0.497s
[RQ-VAE] epoch=1440 loss=0.00032006 recon=0.00007154 beh=6.279576 w=0.000 lr=5.288e-04 time=0.39s
[RQ-VAE] epoch=1441 loss=0.00031961 recon=0.00007172 beh=6.277954 w=0.000 lr=5.285e-04 time=0.346s
[RQ-VAE] epoch=1442 loss=0.00032252 recon=0.00007187 beh=6.279330 w=0.000 lr=5.281e-04 time=0.55s
[RQ-VAE] epoch=1443 loss=0.00032106 recon=0.00007152 beh=6.279454 w=0.000 lr=5.278e-04 time=0.474s
[RQ-VAE] epoch=1444 loss=0.00032060 recon=0.00007145 beh=6.282668 w=0.000 lr=5.275e-04 time=0.484s
[RQ-VAE] epoch=1445 loss=0.00032150 recon=0.00007164 beh=6.278577 w=0.000 lr=5.271e-04 time=0.469s
[RQ-VAE] epoch=1446 loss=0.00032141 recon=0.00007163 beh=6.278713 w=0.000 lr=5.268e-04 time=0.471s
[RQ-VAE] epoch=1447 loss=0.00031998 recon=0.00007150 beh=6.279718 w=0.000 lr=5.264e-04 time=0.469s
[RQ-VAE] epoch=1448 loss=0.00031949 recon=0.00007144 beh=6.278261 w=0.000 lr=5.261e-04 time=0.471s
[RQ-VAE] epoch=1449 loss=0.00031870 recon=0.00007139 beh=6.278715 w=0.000 lr=5.258e-04 time=0.48s
[RQ-VAE] epoch=1450 loss=0.00031996 recon=0.00007139 lr=5.254e-04 raw_unique=20364/24587 collision=0.171757 time=0.503s
[RQ-VAE] epoch=1451 loss=0.00032117 recon=0.00007147 beh=6.279551 w=0.000 lr=5.251e-04 time=0.479s
[RQ-VAE] epoch=1452 loss=0.00032058 recon=0.00007151 beh=6.283288 w=0.000 lr=5.247e-04 time=0.506s
[RQ-VAE] epoch=1453 loss=0.00031935 recon=0.00007152 beh=6.281050 w=0.000 lr=5.244e-04 time=0.447s
[RQ-VAE] epoch=1454 loss=0.00032093 recon=0.00007140 beh=6.280904 w=0.000 lr=5.241e-04 time=0.449s
[RQ-VAE] epoch=1455 loss=0.00032225 recon=0.00007152 beh=6.278653 w=0.000 lr=5.237e-04 time=0.448s
[RQ-VAE] epoch=1456 loss=0.00032148 recon=0.00007150 beh=6.280951 w=0.000 lr=5.234e-04 time=0.422s
[RQ-VAE] epoch=1457 loss=0.00032074 recon=0.00007153 beh=6.279936 w=0.000 lr=5.231e-04 time=0.475s
[RQ-VAE] epoch=1458 loss=0.00032079 recon=0.00007124 beh=6.278674 w=0.000 lr=5.227e-04 time=0.43s
[RQ-VAE] epoch=1459 loss=0.00032039 recon=0.00007137 beh=6.279575 w=0.000 lr=5.224e-04 time=0.456s
[RQ-VAE] epoch=1460 loss=0.00032150 recon=0.00007139 beh=6.280097 w=0.000 lr=5.220e-04 time=0.463s
[RQ-VAE] epoch=1461 loss=0.00032008 recon=0.00007138 beh=6.279541 w=0.000 lr=5.217e-04 time=0.408s
[RQ-VAE] epoch=1462 loss=0.00031971 recon=0.00007134 beh=6.278876 w=0.000 lr=5.214e-04 time=0.61s
[RQ-VAE] epoch=1463 loss=0.00032063 recon=0.00007140 beh=6.280726 w=0.000 lr=5.210e-04 time=0.434s
[RQ-VAE] epoch=1464 loss=0.00032065 recon=0.00007144 beh=6.282255 w=0.000 lr=5.207e-04 time=0.361s
[RQ-VAE] epoch=1465 loss=0.00032216 recon=0.00007144 beh=6.281265 w=0.000 lr=5.203e-04 time=0.482s
[RQ-VAE] epoch=1466 loss=0.00032109 recon=0.00007120 beh=6.282823 w=0.000 lr=5.200e-04 time=0.431s
[RQ-VAE] epoch=1467 loss=0.00032044 recon=0.00007140 beh=6.279837 w=0.000 lr=5.197e-04 time=0.468s
[RQ-VAE] epoch=1468 loss=0.00032071 recon=0.00007140 beh=6.279135 w=0.000 lr=5.193e-04 time=0.474s
[RQ-VAE] epoch=1469 loss=0.00032126 recon=0.00007137 beh=6.280350 w=0.000 lr=5.190e-04 time=0.481s
[RQ-VAE] epoch=1470 loss=0.00032165 recon=0.00007123 beh=6.281453 w=0.000 lr=5.186e-04 time=0.428s
[RQ-VAE] epoch=1471 loss=0.00032041 recon=0.00007127 beh=6.277946 w=0.000 lr=5.183e-04 time=0.48s
[RQ-VAE] epoch=1472 loss=0.00031952 recon=0.00007147 beh=6.279484 w=0.000 lr=5.180e-04 time=0.44s
[RQ-VAE] epoch=1473 loss=0.00032033 recon=0.00007131 beh=6.278245 w=0.000 lr=5.176e-04 time=0.42s
[RQ-VAE] epoch=1474 loss=0.00032059 recon=0.00007125 beh=6.277209 w=0.000 lr=5.173e-04 time=0.47s
[RQ-VAE] epoch=1475 loss=0.00032237 recon=0.00007122 beh=6.277160 w=0.000 lr=5.169e-04 time=0.47s
[RQ-VAE] epoch=1476 loss=0.00032069 recon=0.00007126 beh=6.279142 w=0.000 lr=5.166e-04 time=0.476s
[RQ-VAE] epoch=1477 loss=0.00032002 recon=0.00007117 beh=6.280077 w=0.000 lr=5.163e-04 time=0.596s
[RQ-VAE] epoch=1478 loss=0.00032043 recon=0.00007126 beh=6.280839 w=0.000 lr=5.159e-04 time=0.443s
[RQ-VAE] epoch=1479 loss=0.00032130 recon=0.00007119 beh=6.281338 w=0.000 lr=5.156e-04 time=0.455s
[RQ-VAE] epoch=1480 loss=0.00032204 recon=0.00007108 beh=6.280744 w=0.000 lr=5.153e-04 time=0.474s
[RQ-VAE] epoch=1481 loss=0.00032117 recon=0.00007135 beh=6.281528 w=0.000 lr=5.149e-04 time=0.456s
[RQ-VAE] epoch=1482 loss=0.00032109 recon=0.00007122 beh=6.278402 w=0.000 lr=5.146e-04 time=0.417s
[RQ-VAE] epoch=1483 loss=0.00032057 recon=0.00007123 beh=6.278666 w=0.000 lr=5.142e-04 time=0.587s
[RQ-VAE] epoch=1484 loss=0.00032161 recon=0.00007137 beh=6.277297 w=0.000 lr=5.139e-04 time=0.485s
[RQ-VAE] epoch=1485 loss=0.00032119 recon=0.00007119 beh=6.280486 w=0.000 lr=5.136e-04 time=0.461s
[RQ-VAE] epoch=1486 loss=0.00032040 recon=0.00007121 beh=6.280408 w=0.000 lr=5.132e-04 time=0.455s
[RQ-VAE] epoch=1487 loss=0.00032045 recon=0.00007113 beh=6.281573 w=0.000 lr=5.129e-04 time=0.466s
[RQ-VAE] epoch=1488 loss=0.00031891 recon=0.00007126 beh=6.278791 w=0.000 lr=5.125e-04 time=0.463s
[RQ-VAE] epoch=1489 loss=0.00031934 recon=0.00007120 beh=6.283784 w=0.000 lr=5.122e-04 time=0.351s
[RQ-VAE] epoch=1490 loss=0.00031957 recon=0.00007112 beh=6.280774 w=0.000 lr=5.119e-04 time=0.491s
[RQ-VAE] epoch=1491 loss=0.00031845 recon=0.00007109 beh=6.277987 w=0.000 lr=5.115e-04 time=0.469s
[RQ-VAE] epoch=1492 loss=0.00031893 recon=0.00007108 beh=6.278010 w=0.000 lr=5.112e-04 time=0.411s
[RQ-VAE] epoch=1493 loss=0.00031879 recon=0.00007112 beh=6.278981 w=0.000 lr=5.108e-04 time=0.442s
[RQ-VAE] epoch=1494 loss=0.00031903 recon=0.00007123 beh=6.281817 w=0.000 lr=5.105e-04 time=0.462s
[RQ-VAE] epoch=1495 loss=0.00031989 recon=0.00007116 beh=6.279710 w=0.000 lr=5.102e-04 time=0.504s
[RQ-VAE] epoch=1496 loss=0.00032021 recon=0.00007121 beh=6.275952 w=0.000 lr=5.098e-04 time=0.439s
[RQ-VAE] epoch=1497 loss=0.00031857 recon=0.00007110 beh=6.279149 w=0.000 lr=5.095e-04 time=0.435s
[RQ-VAE] epoch=1498 loss=0.00031749 recon=0.00007110 beh=6.278425 w=0.000 lr=5.092e-04 time=0.448s
[RQ-VAE] epoch=1499 loss=0.00031934 recon=0.00007117 beh=6.278789 w=0.000 lr=5.088e-04 time=0.478s
[RQ-VAE] epoch=1500 loss=0.00032096 recon=0.00007103 lr=5.085e-04 raw_unique=20253/24587 collision=0.176272 time=0.476s
[RQ-VAE] epoch=1501 loss=0.00115699 recon=0.00007094 beh=6.278659 w=0.000 lr=5.081e-04 time=0.475s
[RQ-VAE] epoch=1502 loss=0.00198730 recon=0.00007128 beh=6.274341 w=0.000 lr=5.078e-04 time=0.46s
[RQ-VAE] epoch=1503 loss=0.00281583 recon=0.00007159 beh=6.269489 w=0.000 lr=5.075e-04 time=0.432s
[RQ-VAE] epoch=1504 loss=0.00364365 recon=0.00007232 beh=6.267841 w=0.001 lr=5.071e-04 time=0.455s
[RQ-VAE] epoch=1505 loss=0.00447036 recon=0.00007359 beh=6.263184 w=0.001 lr=5.068e-04 time=0.438s
[RQ-VAE] epoch=1506 loss=0.00529618 recon=0.00007409 beh=6.257744 w=0.001 lr=5.064e-04 time=0.521s
[RQ-VAE] epoch=1507 loss=0.00612090 recon=0.00007514 beh=6.255910 w=0.001 lr=5.061e-04 time=0.466s
[RQ-VAE] epoch=1508 loss=0.00694335 recon=0.00007601 beh=6.249903 w=0.001 lr=5.058e-04 time=0.447s
[RQ-VAE] epoch=1509 loss=0.00777767 recon=0.00007711 beh=6.252878 w=0.001 lr=5.054e-04 time=0.471s
[RQ-VAE] epoch=1510 loss=0.00860247 recon=0.00007823 beh=6.250159 w=0.001 lr=5.051e-04 time=0.418s
[RQ-VAE] epoch=1511 loss=0.00942876 recon=0.00007946 beh=6.246478 w=0.001 lr=5.047e-04 time=0.468s
[RQ-VAE] epoch=1512 loss=0.01025913 recon=0.00008038 beh=6.246819 w=0.002 lr=5.044e-04 time=0.436s
[RQ-VAE] epoch=1513 loss=0.01109161 recon=0.00008179 beh=6.247535 w=0.002 lr=5.041e-04 time=0.326s
[RQ-VAE] epoch=1514 loss=0.01192083 recon=0.00008278 beh=6.246878 w=0.002 lr=5.037e-04 time=0.459s
[RQ-VAE] epoch=1515 loss=0.01274776 recon=0.00008370 beh=6.244922 w=0.002 lr=5.034e-04 time=0.441s
[RQ-VAE] epoch=1516 loss=0.01357944 recon=0.00008490 beh=6.247012 w=0.002 lr=5.031e-04 time=0.468s
[RQ-VAE] epoch=1517 loss=0.01441375 recon=0.00008602 beh=6.246570 w=0.002 lr=5.027e-04 time=0.486s
[RQ-VAE] epoch=1518 loss=0.01524478 recon=0.00008674 beh=6.246718 w=0.002 lr=5.024e-04 time=0.498s
[RQ-VAE] epoch=1519 loss=0.01608068 recon=0.00008806 beh=6.247975 w=0.003 lr=5.020e-04 time=0.405s
[RQ-VAE] epoch=1520 loss=0.01690879 recon=0.00008873 beh=6.246805 w=0.003 lr=5.017e-04 time=0.432s
[RQ-VAE] epoch=1521 loss=0.01775353 recon=0.00008964 beh=6.251451 w=0.003 lr=5.014e-04 time=0.507s
[RQ-VAE] epoch=1522 loss=0.01858053 recon=0.00009071 beh=6.250106 w=0.003 lr=5.010e-04 time=0.464s
[RQ-VAE] epoch=1523 loss=0.01941377 recon=0.00009139 beh=6.251149 w=0.003 lr=5.007e-04 time=0.437s
[RQ-VAE] epoch=1524 loss=0.02025539 recon=0.00009164 beh=6.253912 w=0.003 lr=5.003e-04 time=0.478s
[RQ-VAE] epoch=1525 loss=0.02108410 recon=0.00009277 beh=6.252609 w=0.003 lr=5.000e-04 time=0.467s
[RQ-VAE] epoch=1526 loss=0.02190970 recon=0.00009324 beh=6.251321 w=0.003 lr=4.997e-04 time=0.413s
[RQ-VAE] epoch=1527 loss=0.02273427 recon=0.00009455 beh=6.249387 w=0.004 lr=4.993e-04 time=0.467s
[RQ-VAE] epoch=1528 loss=0.02356775 recon=0.00009585 beh=6.250244 w=0.004 lr=4.990e-04 time=0.452s
[RQ-VAE] epoch=1529 loss=0.02442627 recon=0.00009607 beh=6.256469 w=0.004 lr=4.986e-04 time=0.422s
[RQ-VAE] epoch=1530 loss=0.02524711 recon=0.00009782 beh=6.253446 w=0.004 lr=4.983e-04 time=0.468s
[RQ-VAE] epoch=1531 loss=0.02608953 recon=0.00009864 beh=6.255157 w=0.004 lr=4.980e-04 time=0.476s
[RQ-VAE] epoch=1532 loss=0.02692342 recon=0.00009974 beh=6.255887 w=0.004 lr=4.976e-04 time=0.456s
[RQ-VAE] epoch=1533 loss=0.02776018 recon=0.00010098 beh=6.255990 w=0.004 lr=4.973e-04 time=0.46s
[RQ-VAE] epoch=1534 loss=0.02861970 recon=0.00010191 beh=6.259820 w=0.005 lr=4.969e-04 time=0.551s
[RQ-VAE] epoch=1535 loss=0.02946055 recon=0.00010347 beh=6.260491 w=0.005 lr=4.966e-04 time=0.436s
[RQ-VAE] epoch=1536 loss=0.03028895 recon=0.00010463 beh=6.258433 w=0.005 lr=4.963e-04 time=0.417s
[RQ-VAE] epoch=1537 loss=0.03112143 recon=0.00010605 beh=6.256701 w=0.005 lr=4.959e-04 time=0.337s
[RQ-VAE] epoch=1538 loss=0.03195725 recon=0.00010727 beh=6.257515 w=0.005 lr=4.956e-04 time=0.47s
[RQ-VAE] epoch=1539 loss=0.03277565 recon=0.00010876 beh=6.254811 w=0.005 lr=4.953e-04 time=0.435s
[RQ-VAE] epoch=1540 loss=0.03361323 recon=0.00010904 beh=6.255473 w=0.005 lr=4.949e-04 time=0.4s
[RQ-VAE] epoch=1541 loss=0.03441808 recon=0.00011046 beh=6.250263 w=0.005 lr=4.946e-04 time=0.429s
[RQ-VAE] epoch=1542 loss=0.03527555 recon=0.00011280 beh=6.254370 w=0.006 lr=4.942e-04 time=0.488s
[RQ-VAE] epoch=1543 loss=0.03608630 recon=0.00011347 beh=6.250681 w=0.006 lr=4.939e-04 time=0.476s
[RQ-VAE] epoch=1544 loss=0.03689992 recon=0.00011387 beh=6.248962 w=0.006 lr=4.936e-04 time=0.436s
[RQ-VAE] epoch=1545 loss=0.03775512 recon=0.00011485 beh=6.252144 w=0.006 lr=4.932e-04 time=0.462s
[RQ-VAE] epoch=1546 loss=0.03855976 recon=0.00011693 beh=6.247241 w=0.006 lr=4.929e-04 time=0.482s
[RQ-VAE] epoch=1547 loss=0.03939184 recon=0.00011670 beh=6.247317 w=0.006 lr=4.925e-04 time=0.456s
[RQ-VAE] epoch=1548 loss=0.04022889 recon=0.00011750 beh=6.248183 w=0.006 lr=4.922e-04 time=0.436s
[RQ-VAE] epoch=1549 loss=0.04102910 recon=0.00011963 beh=6.243043 w=0.007 lr=4.919e-04 time=0.48s
[RQ-VAE] epoch=1550 loss=0.04187019 recon=0.00011811 lr=4.915e-04 raw_unique=6129/24587 collision=0.750722 time=0.468s
[RQ-VAE] epoch=1551 loss=0.04268852 recon=0.00012089 beh=6.243292 w=0.007 lr=4.912e-04 time=0.485s
[RQ-VAE] epoch=1552 loss=0.04349987 recon=0.00012075 beh=6.240486 w=0.007 lr=4.908e-04 time=0.444s
[RQ-VAE] epoch=1553 loss=0.04431495 recon=0.00012078 beh=6.238633 w=0.007 lr=4.905e-04 time=0.447s
[RQ-VAE] epoch=1554 loss=0.04519067 recon=0.00012136 beh=6.245703 w=0.007 lr=4.902e-04 time=0.478s
[RQ-VAE] epoch=1555 loss=0.04599938 recon=0.00012101 beh=6.242456 w=0.007 lr=4.898e-04 time=0.5s
[RQ-VAE] epoch=1556 loss=0.04680448 recon=0.00012305 beh=6.238884 w=0.007 lr=4.895e-04 time=0.415s
[RQ-VAE] epoch=1557 loss=0.04771147 recon=0.00012197 beh=6.249173 w=0.008 lr=4.892e-04 time=0.479s
[RQ-VAE] epoch=1558 loss=0.04851982 recon=0.00012272 beh=6.245524 w=0.008 lr=4.888e-04 time=0.486s
[RQ-VAE] epoch=1559 loss=0.04932502 recon=0.00012428 beh=6.241726 w=0.008 lr=4.885e-04 time=0.461s
[RQ-VAE] epoch=1560 loss=0.05011459 recon=0.00012233 beh=6.237638 w=0.008 lr=4.881e-04 time=0.474s
[RQ-VAE] epoch=1561 loss=0.05102550 recon=0.00012383 beh=6.247410 w=0.008 lr=4.878e-04 time=0.477s
[RQ-VAE] epoch=1562 loss=0.05178668 recon=0.00012606 beh=6.238750 w=0.008 lr=4.875e-04 time=0.324s
[RQ-VAE] epoch=1563 loss=0.05262693 recon=0.00012401 beh=6.240295 w=0.008 lr=4.871e-04 time=0.645s
[RQ-VAE] epoch=1564 loss=0.05347840 recon=0.00012551 beh=6.242614 w=0.009 lr=4.868e-04 time=0.453s
[RQ-VAE] epoch=1565 loss=0.05429316 recon=0.00012570 beh=6.240573 w=0.009 lr=4.864e-04 time=0.448s
[RQ-VAE] epoch=1566 loss=0.05510312 recon=0.00012708 beh=6.238188 w=0.009 lr=4.861e-04 time=0.466s
[RQ-VAE] epoch=1567 loss=0.05593477 recon=0.00012582 beh=6.238379 w=0.009 lr=4.858e-04 time=0.533s
[RQ-VAE] epoch=1568 loss=0.05680637 recon=0.00012639 beh=6.242927 w=0.009 lr=4.854e-04 time=0.448s
[RQ-VAE] epoch=1569 loss=0.05758760 recon=0.00012789 beh=6.237540 w=0.009 lr=4.851e-04 time=0.491s
[RQ-VAE] epoch=1570 loss=0.05838060 recon=0.00012697 beh=6.233382 w=0.009 lr=4.847e-04 time=0.435s
[RQ-VAE] epoch=1571 loss=0.05927336 recon=0.00012658 beh=6.239913 w=0.009 lr=4.844e-04 time=0.5s
[RQ-VAE] epoch=1572 loss=0.06004659 recon=0.00012765 beh=6.234288 w=0.010 lr=4.841e-04 time=0.458s
[RQ-VAE] epoch=1573 loss=0.06082722 recon=0.00012876 beh=6.229069 w=0.010 lr=4.837e-04 time=0.448s
[RQ-VAE] epoch=1574 loss=0.06172660 recon=0.00012840 beh=6.235802 w=0.010 lr=4.834e-04 time=0.465s
[RQ-VAE] epoch=1575 loss=0.06255408 recon=0.00012914 beh=6.235204 w=0.010 lr=4.831e-04 time=0.434s
[RQ-VAE] epoch=1576 loss=0.06341432 recon=0.00012895 beh=6.238215 w=0.010 lr=4.827e-04 time=0.469s
[RQ-VAE] epoch=1577 loss=0.06419629 recon=0.00012889 beh=6.233341 w=0.010 lr=4.824e-04 time=0.461s
[RQ-VAE] epoch=1578 loss=0.06501401 recon=0.00012808 beh=6.232402 w=0.010 lr=4.820e-04 time=0.448s
[RQ-VAE] epoch=1579 loss=0.06595121 recon=0.00012852 beh=6.242354 w=0.011 lr=4.817e-04 time=0.469s
[RQ-VAE] epoch=1580 loss=0.06661957 recon=0.00012917 beh=6.227239 w=0.011 lr=4.814e-04 time=0.425s
[RQ-VAE] epoch=1581 loss=0.06748162 recon=0.00013012 beh=6.229859 w=0.011 lr=4.810e-04 time=0.43s
[RQ-VAE] epoch=1582 loss=0.06828371 recon=0.00012954 beh=6.227518 w=0.011 lr=4.807e-04 time=0.543s
[RQ-VAE] epoch=1583 loss=0.06914333 recon=0.00012954 beh=6.230185 w=0.011 lr=4.803e-04 time=0.453s
[RQ-VAE] epoch=1584 loss=0.07005176 recon=0.00012959 beh=6.237197 w=0.011 lr=4.800e-04 time=0.521s
[RQ-VAE] epoch=1585 loss=0.07085682 recon=0.00012959 beh=6.234874 w=0.011 lr=4.797e-04 time=0.426s
[RQ-VAE] epoch=1586 loss=0.07164743 recon=0.00012980 beh=6.231295 w=0.011 lr=4.793e-04 time=0.329s
[RQ-VAE] epoch=1587 loss=0.07253286 recon=0.00013046 beh=6.235979 w=0.012 lr=4.790e-04 time=0.457s
[RQ-VAE] epoch=1588 loss=0.07326727 recon=0.00013075 beh=6.227741 w=0.012 lr=4.786e-04 time=0.444s
[RQ-VAE] epoch=1589 loss=0.07408873 recon=0.00013141 beh=6.226679 w=0.012 lr=4.783e-04 time=0.454s
[RQ-VAE] epoch=1590 loss=0.07492638 recon=0.00013092 beh=6.227564 w=0.012 lr=4.780e-04 time=0.482s
[RQ-VAE] epoch=1591 loss=0.07585713 recon=0.00013194 beh=6.235764 w=0.012 lr=4.776e-04 time=0.483s
[RQ-VAE] epoch=1592 loss=0.07655001 recon=0.00013187 beh=6.224489 w=0.012 lr=4.773e-04 time=0.497s
[RQ-VAE] epoch=1593 loss=0.07745145 recon=0.00013138 beh=6.230515 w=0.012 lr=4.769e-04 time=0.402s
[RQ-VAE] epoch=1594 loss=0.07825813 recon=0.00013190 beh=6.228646 w=0.013 lr=4.766e-04 time=0.423s
[RQ-VAE] epoch=1595 loss=0.07910566 recon=0.00013232 beh=6.230027 w=0.013 lr=4.763e-04 time=0.49s
[RQ-VAE] epoch=1596 loss=0.07988662 recon=0.00013287 beh=6.226009 w=0.013 lr=4.759e-04 time=0.484s
[RQ-VAE] epoch=1597 loss=0.08074262 recon=0.00013292 beh=6.228081 w=0.013 lr=4.756e-04 time=0.607s
[RQ-VAE] epoch=1598 loss=0.08152620 recon=0.00013237 beh=6.224245 w=0.013 lr=4.753e-04 time=0.47s
[RQ-VAE] epoch=1599 loss=0.08237239 recon=0.00013132 beh=6.225564 w=0.013 lr=4.749e-04 time=0.443s
[RQ-VAE] epoch=1600 loss=0.08320653 recon=0.00013268 lr=4.746e-04 raw_unique=4405/24587 collision=0.820840 time=0.492s
[RQ-VAE] epoch=1601 loss=0.08402489 recon=0.00013239 beh=6.225146 w=0.013 lr=4.742e-04 time=0.505s
[RQ-VAE] epoch=1602 loss=0.08493576 recon=0.00013219 beh=6.231065 w=0.014 lr=4.739e-04 time=0.416s
[RQ-VAE] epoch=1603 loss=0.08566102 recon=0.00013224 beh=6.223706 w=0.014 lr=4.736e-04 time=0.412s
[RQ-VAE] epoch=1604 loss=0.08659063 recon=0.00013397 beh=6.230422 w=0.014 lr=4.732e-04 time=0.43s
[RQ-VAE] epoch=1605 loss=0.08738730 recon=0.00013335 beh=6.227928 w=0.014 lr=4.729e-04 time=0.468s
[RQ-VAE] epoch=1606 loss=0.08818481 recon=0.00013366 beh=6.225749 w=0.014 lr=4.725e-04 time=0.531s
[RQ-VAE] epoch=1607 loss=0.08895366 recon=0.00013352 beh=6.221535 w=0.014 lr=4.722e-04 time=0.469s
[RQ-VAE] epoch=1608 loss=0.08988934 recon=0.00013356 beh=6.229046 w=0.014 lr=4.719e-04 time=0.486s
[RQ-VAE] epoch=1609 loss=0.09065724 recon=0.00013328 beh=6.224872 w=0.015 lr=4.715e-04 time=0.402s
[RQ-VAE] epoch=1610 loss=0.09143900 recon=0.00013303 beh=6.221819 w=0.015 lr=4.712e-04 time=0.406s
[RQ-VAE] epoch=1611 loss=0.09224362 recon=0.00013549 beh=6.219793 w=0.015 lr=4.708e-04 time=0.473s
[RQ-VAE] epoch=1612 loss=0.09319292 recon=0.00013420 beh=6.227964 w=0.015 lr=4.705e-04 time=0.479s
[RQ-VAE] epoch=1613 loss=0.09402180 recon=0.00013435 beh=6.228127 w=0.015 lr=4.702e-04 time=0.434s
[RQ-VAE] epoch=1614 loss=0.09480652 recon=0.00013496 beh=6.224806 w=0.015 lr=4.698e-04 time=0.457s
[RQ-VAE] epoch=1615 loss=0.09558537 recon=0.00013489 beh=6.221437 w=0.015 lr=4.695e-04 time=0.443s
[RQ-VAE] epoch=1616 loss=0.09632002 recon=0.00013462 beh=6.215487 w=0.015 lr=4.692e-04 time=0.452s
[RQ-VAE] epoch=1617 loss=0.09723976 recon=0.00013474 beh=6.221163 w=0.016 lr=4.688e-04 time=0.466s
[RQ-VAE] epoch=1618 loss=0.09820631 recon=0.00013423 beh=6.229888 w=0.016 lr=4.685e-04 time=0.449s
[RQ-VAE] epoch=1619 loss=0.09879414 recon=0.00013488 beh=6.214674 w=0.016 lr=4.681e-04 time=0.505s
[RQ-VAE] epoch=1620 loss=0.09958861 recon=0.00013535 beh=6.212491 w=0.016 lr=4.678e-04 time=0.465s
[RQ-VAE] epoch=1621 loss=0.10050056 recon=0.00013680 beh=6.217496 w=0.016 lr=4.675e-04 time=0.444s
[RQ-VAE] epoch=1622 loss=0.10134321 recon=0.00013538 beh=6.218524 w=0.016 lr=4.671e-04 time=0.448s
[RQ-VAE] epoch=1623 loss=0.10217758 recon=0.00013654 beh=6.218726 w=0.016 lr=4.668e-04 time=0.45s
[RQ-VAE] epoch=1624 loss=0.10300489 recon=0.00013674 beh=6.218462 w=0.017 lr=4.664e-04 time=0.463s
[RQ-VAE] epoch=1625 loss=0.10384219 recon=0.00013583 beh=6.219210 w=0.017 lr=4.661e-04 time=0.424s
[RQ-VAE] epoch=1626 loss=0.10473745 recon=0.00013578 beh=6.223266 w=0.017 lr=4.658e-04 time=0.45s
[RQ-VAE] epoch=1627 loss=0.10544805 recon=0.00013469 beh=6.216419 w=0.017 lr=4.654e-04 time=0.497s
[RQ-VAE] epoch=1628 loss=0.10638876 recon=0.00013551 beh=6.222854 w=0.017 lr=4.651e-04 time=0.477s
[RQ-VAE] epoch=1629 loss=0.10712299 recon=0.00013609 beh=6.217319 w=0.017 lr=4.647e-04 time=0.467s
[RQ-VAE] epoch=1630 loss=0.10796605 recon=0.00013780 beh=6.217756 w=0.017 lr=4.644e-04 time=0.442s
[RQ-VAE] epoch=1631 loss=0.10886522 recon=0.00013777 beh=6.221809 w=0.017 lr=4.641e-04 time=0.461s
[RQ-VAE] epoch=1632 loss=0.10972397 recon=0.00013747 beh=6.223590 w=0.018 lr=4.637e-04 time=0.485s
[RQ-VAE] epoch=1633 loss=0.11041746 recon=0.00013696 beh=6.215780 w=0.018 lr=4.634e-04 time=0.511s
[RQ-VAE] epoch=1634 loss=0.11131574 recon=0.00013654 beh=6.219799 w=0.018 lr=4.631e-04 time=0.397s
[RQ-VAE] epoch=1635 loss=0.11210019 recon=0.00013849 beh=6.217117 w=0.018 lr=4.627e-04 time=0.428s
[RQ-VAE] epoch=1636 loss=0.11295281 recon=0.00013794 beh=6.218465 w=0.018 lr=4.624e-04 time=0.418s
[RQ-VAE] epoch=1637 loss=0.11388863 recon=0.00013843 beh=6.224164 w=0.018 lr=4.620e-04 time=0.421s
[RQ-VAE] epoch=1638 loss=0.11457896 recon=0.00013718 beh=6.216741 w=0.018 lr=4.617e-04 time=0.47s
[RQ-VAE] epoch=1639 loss=0.11557625 recon=0.00013716 beh=6.225849 w=0.019 lr=4.614e-04 time=0.447s
[RQ-VAE] epoch=1640 loss=0.11613712 recon=0.00013816 beh=6.211366 w=0.019 lr=4.610e-04 time=0.46s
[RQ-VAE] epoch=1641 loss=0.11707239 recon=0.00013743 beh=6.217074 w=0.019 lr=4.607e-04 time=0.53s
[RQ-VAE] epoch=1642 loss=0.11795380 recon=0.00013773 beh=6.219899 w=0.019 lr=4.603e-04 time=0.481s
[RQ-VAE] epoch=1643 loss=0.11870049 recon=0.00013818 beh=6.215567 w=0.019 lr=4.600e-04 time=0.473s
[RQ-VAE] epoch=1644 loss=0.11961231 recon=0.00013867 beh=6.219973 w=0.019 lr=4.597e-04 time=0.481s
[RQ-VAE] epoch=1645 loss=0.12031727 recon=0.00013841 beh=6.213625 w=0.019 lr=4.593e-04 time=0.471s
[RQ-VAE] epoch=1646 loss=0.12119833 recon=0.00013837 beh=6.216164 w=0.019 lr=4.590e-04 time=0.443s
[RQ-VAE] epoch=1647 loss=0.12194962 recon=0.00013741 beh=6.212398 w=0.020 lr=4.586e-04 time=0.477s
[RQ-VAE] epoch=1648 loss=0.12300049 recon=0.00013834 beh=6.223670 w=0.020 lr=4.583e-04 time=0.453s
[RQ-VAE] epoch=1649 loss=0.12371068 recon=0.00013861 beh=6.217618 w=0.020 lr=4.580e-04 time=0.415s
[RQ-VAE] epoch=1650 loss=0.12448292 recon=0.00013869 lr=4.576e-04 raw_unique=4255/24587 collision=0.826941 time=0.511s
[RQ-VAE] epoch=1651 loss=0.12534857 recon=0.00013832 beh=6.216650 w=0.020 lr=4.573e-04 time=0.447s
[RQ-VAE] epoch=1652 loss=0.12621087 recon=0.00013850 beh=6.218336 w=0.020 lr=4.569e-04 time=0.466s
[RQ-VAE] epoch=1653 loss=0.12682346 recon=0.00013817 beh=6.207717 w=0.020 lr=4.566e-04 time=0.459s
[RQ-VAE] epoch=1654 loss=0.12783660 recon=0.00013861 beh=6.216669 w=0.021 lr=4.563e-04 time=0.587s
[RQ-VAE] epoch=1655 loss=0.12852708 recon=0.00013833 beh=6.209986 w=0.021 lr=4.559e-04 time=0.448s
[RQ-VAE] epoch=1656 loss=0.12944666 recon=0.00013895 beh=6.214255 w=0.021 lr=4.556e-04 time=0.478s
[RQ-VAE] epoch=1657 loss=0.13033172 recon=0.00013810 beh=6.217154 w=0.021 lr=4.553e-04 time=0.481s
[RQ-VAE] epoch=1658 loss=0.13101609 recon=0.00013823 beh=6.210401 w=0.021 lr=4.549e-04 time=0.35s
[RQ-VAE] epoch=1659 loss=0.13213104 recon=0.00013896 beh=6.223994 w=0.021 lr=4.546e-04 time=0.487s
[RQ-VAE] epoch=1660 loss=0.13293137 recon=0.00014051 beh=6.222490 w=0.021 lr=4.542e-04 time=0.448s
[RQ-VAE] epoch=1661 loss=0.13356102 recon=0.00013936 beh=6.213226 w=0.021 lr=4.539e-04 time=0.433s
[RQ-VAE] epoch=1662 loss=0.13422544 recon=0.00013978 beh=6.205387 w=0.022 lr=4.536e-04 time=0.488s
[RQ-VAE] epoch=1663 loss=0.13520589 recon=0.00013967 beh=6.212388 w=0.022 lr=4.532e-04 time=0.458s
[RQ-VAE] epoch=1664 loss=0.13598043 recon=0.00014024 beh=6.210139 w=0.022 lr=4.529e-04 time=0.453s
[RQ-VAE] epoch=1665 loss=0.13675535 recon=0.00014024 beh=6.207612 w=0.022 lr=4.525e-04 time=0.459s
[RQ-VAE] epoch=1666 loss=0.13773102 recon=0.00014154 beh=6.213918 w=0.022 lr=4.522e-04 time=0.533s
[RQ-VAE] epoch=1667 loss=0.13845739 recon=0.00014067 beh=6.209460 w=0.022 lr=4.519e-04 time=0.489s
[RQ-VAE] epoch=1668 loss=0.13928422 recon=0.00014072 beh=6.209687 w=0.022 lr=4.515e-04 time=0.473s
[RQ-VAE] epoch=1669 loss=0.14021394 recon=0.00014063 beh=6.214236 w=0.023 lr=4.512e-04 time=0.464s
[RQ-VAE] epoch=1670 loss=0.14085561 recon=0.00014250 beh=6.205664 w=0.023 lr=4.508e-04 time=0.494s
[RQ-VAE] epoch=1671 loss=0.14185417 recon=0.00014214 beh=6.213253 w=0.023 lr=4.505e-04 time=0.477s
[RQ-VAE] epoch=1672 loss=0.14273974 recon=0.00014162 beh=6.215926 w=0.023 lr=4.502e-04 time=0.517s
[RQ-VAE] epoch=1673 loss=0.14338318 recon=0.00014137 beh=6.207897 w=0.023 lr=4.498e-04 time=0.41s
[RQ-VAE] epoch=1674 loss=0.14435883 recon=0.00014193 beh=6.214225 w=0.023 lr=4.495e-04 time=0.481s
[RQ-VAE] epoch=1675 loss=0.14525735 recon=0.00014229 beh=6.217183 w=0.023 lr=4.492e-04 time=0.457s
[RQ-VAE] epoch=1676 loss=0.14612362 recon=0.00014169 beh=6.218830 w=0.023 lr=4.488e-04 time=0.45s
[RQ-VAE] epoch=1677 loss=0.14673303 recon=0.00014144 beh=6.209418 w=0.024 lr=4.485e-04 time=0.441s
[RQ-VAE] epoch=1678 loss=0.14753708 recon=0.00014168 beh=6.208376 w=0.024 lr=4.481e-04 time=0.448s
[RQ-VAE] epoch=1679 loss=0.14842513 recon=0.00014138 beh=6.211098 w=0.024 lr=4.478e-04 time=0.458s
[RQ-VAE] epoch=1680 loss=0.14920932 recon=0.00014318 beh=6.209155 w=0.024 lr=4.475e-04 time=0.433s
[RQ-VAE] epoch=1681 loss=0.14993224 recon=0.00014193 beh=6.204808 w=0.024 lr=4.471e-04 time=0.507s
[RQ-VAE] epoch=1682 loss=0.15085079 recon=0.00014175 beh=6.208470 w=0.024 lr=4.468e-04 time=0.287s
[RQ-VAE] epoch=1683 loss=0.15171254 recon=0.00014260 beh=6.210026 w=0.024 lr=4.464e-04 time=0.627s
[RQ-VAE] epoch=1684 loss=0.15245329 recon=0.00014323 beh=6.206494 w=0.025 lr=4.461e-04 time=0.484s
[RQ-VAE] epoch=1685 loss=0.15327574 recon=0.00014395 beh=6.206148 w=0.025 lr=4.458e-04 time=0.503s
[RQ-VAE] epoch=1686 loss=0.15422726 recon=0.00014357 beh=6.211088 w=0.025 lr=4.454e-04 time=0.424s
[RQ-VAE] epoch=1687 loss=0.15503296 recon=0.00014375 beh=6.210161 w=0.025 lr=4.451e-04 time=0.455s
[RQ-VAE] epoch=1688 loss=0.15594929 recon=0.00014337 beh=6.213823 w=0.025 lr=4.447e-04 time=0.465s
[RQ-VAE] epoch=1689 loss=0.15667446 recon=0.00014326 beh=6.209710 w=0.025 lr=4.444e-04 time=0.432s
[RQ-VAE] epoch=1690 loss=0.15742147 recon=0.00014268 beh=6.206546 w=0.025 lr=4.441e-04 time=0.47s
[RQ-VAE] epoch=1691 loss=0.15835008 recon=0.00014235 beh=6.210636 w=0.025 lr=4.437e-04 time=0.469s
[RQ-VAE] epoch=1692 loss=0.15924756 recon=0.00014329 beh=6.213336 w=0.026 lr=4.434e-04 time=0.497s
[RQ-VAE] epoch=1693 loss=0.16023847 recon=0.00014389 beh=6.219715 w=0.026 lr=4.431e-04 time=0.441s
[RQ-VAE] epoch=1694 loss=0.16077477 recon=0.00014470 beh=6.208373 w=0.026 lr=4.427e-04 time=0.481s
[RQ-VAE] epoch=1695 loss=0.16172090 recon=0.00014432 beh=6.212937 w=0.026 lr=4.424e-04 time=0.429s
[RQ-VAE] epoch=1696 loss=0.16271777 recon=0.00014446 beh=6.219366 w=0.026 lr=4.420e-04 time=0.454s
[RQ-VAE] epoch=1697 loss=0.16322298 recon=0.00014435 beh=6.206985 w=0.026 lr=4.417e-04 time=0.437s
[RQ-VAE] epoch=1698 loss=0.16417564 recon=0.00014321 beh=6.211807 w=0.026 lr=4.414e-04 time=0.479s
[RQ-VAE] epoch=1699 loss=0.16492988 recon=0.00014386 beh=6.208944 w=0.027 lr=4.410e-04 time=0.476s
[RQ-VAE] epoch=1700 loss=0.16610001 recon=0.00014346 lr=4.407e-04 raw_unique=4023/24587 collision=0.836377 time=0.486s
[RQ-VAE] epoch=1701 loss=0.16650212 recon=0.00014359 beh=6.205985 w=0.027 lr=4.403e-04 time=0.474s
[RQ-VAE] epoch=1702 loss=0.16746016 recon=0.00014491 beh=6.210666 w=0.027 lr=4.400e-04 time=0.546s
[RQ-VAE] epoch=1703 loss=0.16843964 recon=0.00014535 beh=6.216278 w=0.027 lr=4.397e-04 time=0.447s
[RQ-VAE] epoch=1704 loss=0.16925630 recon=0.00014429 beh=6.216017 w=0.027 lr=4.393e-04 time=0.476s
[RQ-VAE] epoch=1705 loss=0.16999188 recon=0.00014457 beh=6.212494 w=0.027 lr=4.390e-04 time=0.437s
[RQ-VAE] epoch=1706 loss=0.17069060 recon=0.00014553 beh=6.207614 w=0.027 lr=4.386e-04 time=0.376s
[RQ-VAE] epoch=1707 loss=0.17163703 recon=0.00014444 beh=6.212062 w=0.028 lr=4.383e-04 time=0.483s
[RQ-VAE] epoch=1708 loss=0.17251249 recon=0.00014523 beh=6.213716 w=0.028 lr=4.380e-04 time=0.49s
[RQ-VAE] epoch=1709 loss=0.17324400 recon=0.00014445 beh=6.210255 w=0.028 lr=4.376e-04 time=0.464s
[RQ-VAE] epoch=1710 loss=0.17403924 recon=0.00014392 beh=6.209047 w=0.028 lr=4.373e-04 time=0.477s
[RQ-VAE] epoch=1711 loss=0.17485207 recon=0.00014342 beh=6.208665 w=0.028 lr=4.369e-04 time=0.483s
[RQ-VAE] epoch=1712 loss=0.17580403 recon=0.00014519 beh=6.213151 w=0.028 lr=4.366e-04 time=0.483s
[RQ-VAE] epoch=1713 loss=0.17649695 recon=0.00014473 beh=6.208328 w=0.028 lr=4.363e-04 time=0.455s
[RQ-VAE] epoch=1714 loss=0.17739122 recon=0.00014441 beh=6.210568 w=0.029 lr=4.359e-04 time=0.475s
[RQ-VAE] epoch=1715 loss=0.17837147 recon=0.00014451 beh=6.215959 w=0.029 lr=4.356e-04 time=0.419s
[RQ-VAE] epoch=1716 loss=0.17909959 recon=0.00014473 beh=6.212471 w=0.029 lr=4.353e-04 time=0.488s
[RQ-VAE] epoch=1717 loss=0.17989114 recon=0.00014498 beh=6.211206 w=0.029 lr=4.349e-04 time=0.592s
[RQ-VAE] epoch=1718 loss=0.18071879 recon=0.00014515 beh=6.211026 w=0.029 lr=4.346e-04 time=0.44s
[RQ-VAE] epoch=1719 loss=0.18143609 recon=0.00014447 beh=6.207306 w=0.029 lr=4.342e-04 time=0.457s
[RQ-VAE] epoch=1720 loss=0.18238200 recon=0.00014406 beh=6.211476 w=0.029 lr=4.339e-04 time=0.459s
[RQ-VAE] epoch=1721 loss=0.18312193 recon=0.00014498 beh=6.208546 w=0.029 lr=4.336e-04 time=0.495s
[RQ-VAE] epoch=1722 loss=0.18419643 recon=0.00014519 beh=6.216874 w=0.030 lr=4.332e-04 time=0.475s
[RQ-VAE] epoch=1723 loss=0.18472549 recon=0.00014522 beh=6.206670 w=0.030 lr=4.329e-04 time=0.397s
[RQ-VAE] epoch=1724 loss=0.18571582 recon=0.00014462 beh=6.212091 w=0.030 lr=4.325e-04 time=0.512s
[RQ-VAE] epoch=1725 loss=0.18662909 recon=0.00014396 beh=6.215043 w=0.030 lr=4.322e-04 time=0.491s
[RQ-VAE] epoch=1726 loss=0.18732145 recon=0.00014456 beh=6.210500 w=0.030 lr=4.319e-04 time=0.455s
[RQ-VAE] epoch=1727 loss=0.18793806 recon=0.00014495 beh=6.203566 w=0.030 lr=4.315e-04 time=0.435s
[RQ-VAE] epoch=1728 loss=0.18895248 recon=0.00014548 beh=6.209723 w=0.030 lr=4.312e-04 time=0.499s
[RQ-VAE] epoch=1729 loss=0.18980695 recon=0.00014544 beh=6.210560 w=0.031 lr=4.308e-04 time=0.436s
[RQ-VAE] epoch=1730 loss=0.19066988 recon=0.00014458 beh=6.211690 w=0.031 lr=4.305e-04 time=0.29s
[RQ-VAE] epoch=1731 loss=0.19162379 recon=0.00014487 beh=6.215772 w=0.031 lr=4.302e-04 time=0.507s
[RQ-VAE] epoch=1732 loss=0.19256473 recon=0.00014557 beh=6.219423 w=0.031 lr=4.298e-04 time=0.467s
[RQ-VAE] epoch=1733 loss=0.19304128 recon=0.00014624 beh=6.208012 w=0.031 lr=4.295e-04 time=0.493s
[RQ-VAE] epoch=1734 loss=0.19405402 recon=0.00014666 beh=6.213948 w=0.031 lr=4.292e-04 time=0.466s
[RQ-VAE] epoch=1735 loss=0.19486797 recon=0.00014641 beh=6.213593 w=0.031 lr=4.288e-04 time=0.466s
[RQ-VAE] epoch=1736 loss=0.19572890 recon=0.00014663 beh=6.214639 w=0.031 lr=4.285e-04 time=0.473s
[RQ-VAE] epoch=1737 loss=0.19658369 recon=0.00014698 beh=6.215318 w=0.032 lr=4.281e-04 time=0.417s
[RQ-VAE] epoch=1738 loss=0.19744380 recon=0.00014663 beh=6.216329 w=0.032 lr=4.278e-04 time=0.461s
[RQ-VAE] epoch=1739 loss=0.19801545 recon=0.00014649 beh=6.208325 w=0.032 lr=4.275e-04 time=0.433s
[RQ-VAE] epoch=1740 loss=0.19877127 recon=0.00014642 beh=6.206053 w=0.032 lr=4.271e-04 time=0.431s
[RQ-VAE] epoch=1741 loss=0.19953585 recon=0.00014685 beh=6.203975 w=0.032 lr=4.268e-04 time=0.405s
[RQ-VAE] epoch=1742 loss=0.20043838 recon=0.00014686 beh=6.206286 w=0.032 lr=4.264e-04 time=0.473s
[RQ-VAE] epoch=1743 loss=0.20120253 recon=0.00014647 beh=6.204423 w=0.032 lr=4.261e-04 time=0.413s
[RQ-VAE] epoch=1744 loss=0.20218369 recon=0.00014703 beh=6.209061 w=0.033 lr=4.258e-04 time=0.437s
[RQ-VAE] epoch=1745 loss=0.20312065 recon=0.00014716 beh=6.212400 w=0.033 lr=4.254e-04 time=0.497s
[RQ-VAE] epoch=1746 loss=0.20382963 recon=0.00014716 beh=6.208774 w=0.033 lr=4.251e-04 time=0.436s
[RQ-VAE] epoch=1747 loss=0.20452176 recon=0.00014728 beh=6.204645 w=0.033 lr=4.247e-04 time=0.426s
[RQ-VAE] epoch=1748 loss=0.20583288 recon=0.00014715 beh=6.219291 w=0.033 lr=4.244e-04 time=0.425s
[RQ-VAE] epoch=1749 loss=0.20611772 recon=0.00014692 beh=6.202956 w=0.033 lr=4.241e-04 time=0.47s
[RQ-VAE] epoch=1750 loss=0.20731923 recon=0.00014706 lr=4.237e-04 raw_unique=4224/24587 collision=0.828202 time=0.434s
[RQ-VAE] epoch=1751 loss=0.20808287 recon=0.00014776 beh=6.212193 w=0.033 lr=4.234e-04 time=0.455s
[RQ-VAE] epoch=1752 loss=0.20882644 recon=0.00014690 beh=6.209702 w=0.034 lr=4.231e-04 time=0.419s
[RQ-VAE] epoch=1753 loss=0.20952426 recon=0.00014649 beh=6.205970 w=0.034 lr=4.227e-04 time=0.452s
[RQ-VAE] epoch=1754 loss=0.21029696 recon=0.00014783 beh=6.204369 w=0.034 lr=4.224e-04 time=0.475s
[RQ-VAE] epoch=1755 loss=0.21148524 recon=0.00014786 beh=6.214965 w=0.034 lr=4.220e-04 time=0.299s
[RQ-VAE] epoch=1756 loss=0.21227479 recon=0.00014782 beh=6.213759 w=0.034 lr=4.217e-04 time=0.463s
[RQ-VAE] epoch=1757 loss=0.21276362 recon=0.00014782 beh=6.203893 w=0.034 lr=4.214e-04 time=0.45s
[RQ-VAE] epoch=1758 loss=0.21385004 recon=0.00014745 beh=6.211418 w=0.034 lr=4.210e-04 time=0.479s
[RQ-VAE] epoch=1759 loss=0.21447493 recon=0.00014688 beh=6.205520 w=0.035 lr=4.207e-04 time=0.436s
[RQ-VAE] epoch=1760 loss=0.21532977 recon=0.00014643 beh=6.206295 w=0.035 lr=4.203e-04 time=0.476s
[RQ-VAE] epoch=1761 loss=0.21642995 recon=0.00014645 beh=6.214114 w=0.035 lr=4.200e-04 time=0.444s
[RQ-VAE] epoch=1762 loss=0.21683808 recon=0.00014654 beh=6.202102 w=0.035 lr=4.197e-04 time=0.417s
[RQ-VAE] epoch=1763 loss=0.21795219 recon=0.00014653 beh=6.210326 w=0.035 lr=4.193e-04 time=0.437s
[RQ-VAE] epoch=1764 loss=0.21864873 recon=0.00014763 beh=6.206584 w=0.035 lr=4.190e-04 time=0.478s
[RQ-VAE] epoch=1765 loss=0.21934183 recon=0.00014757 beh=6.202804 w=0.035 lr=4.186e-04 time=0.509s
[RQ-VAE] epoch=1766 loss=0.22027910 recon=0.00014759 beh=6.205866 w=0.035 lr=4.183e-04 time=0.467s
[RQ-VAE] epoch=1767 loss=0.22084808 recon=0.00014735 beh=6.198589 w=0.036 lr=4.180e-04 time=0.473s
[RQ-VAE] epoch=1768 loss=0.22218719 recon=0.00014713 beh=6.212871 w=0.036 lr=4.176e-04 time=0.497s
[RQ-VAE] epoch=1769 loss=0.22269222 recon=0.00014642 beh=6.203844 w=0.036 lr=4.173e-04 time=0.431s
[RQ-VAE] epoch=1770 loss=0.22361836 recon=0.00014601 beh=6.206602 w=0.036 lr=4.169e-04 time=0.447s
[RQ-VAE] epoch=1771 loss=0.22441550 recon=0.00014556 beh=6.205816 w=0.036 lr=4.166e-04 time=0.463s
[RQ-VAE] epoch=1772 loss=0.22529440 recon=0.00014681 beh=6.207275 w=0.036 lr=4.163e-04 time=0.459s
[RQ-VAE] epoch=1773 loss=0.22606152 recon=0.00014728 beh=6.205538 w=0.036 lr=4.159e-04 time=0.464s
[RQ-VAE] epoch=1774 loss=0.22702926 recon=0.00014764 beh=6.209342 w=0.037 lr=4.156e-04 time=0.659s
[RQ-VAE] epoch=1775 loss=0.22780947 recon=0.00014697 beh=6.208129 w=0.037 lr=4.153e-04 time=0.52s
[RQ-VAE] epoch=1776 loss=0.22852227 recon=0.00014658 beh=6.205044 w=0.037 lr=4.149e-04 time=0.496s
[RQ-VAE] epoch=1777 loss=0.22942597 recon=0.00014701 beh=6.207120 w=0.037 lr=4.146e-04 time=0.412s
[RQ-VAE] epoch=1778 loss=0.23048332 recon=0.00014742 beh=6.213323 w=0.037 lr=4.142e-04 time=0.512s
[RQ-VAE] epoch=1779 loss=0.23125967 recon=0.00014676 beh=6.211905 w=0.037 lr=4.139e-04 time=0.341s
[RQ-VAE] epoch=1780 loss=0.23192704 recon=0.00014630 beh=6.207589 w=0.037 lr=4.136e-04 time=0.487s
[RQ-VAE] epoch=1781 loss=0.23293084 recon=0.00014683 beh=6.212261 w=0.037 lr=4.132e-04 time=0.47s
[RQ-VAE] epoch=1782 loss=0.23378220 recon=0.00014681 beh=6.212910 w=0.038 lr=4.129e-04 time=0.483s
[RQ-VAE] epoch=1783 loss=0.23474713 recon=0.00014674 beh=6.216573 w=0.038 lr=4.125e-04 time=0.406s
[RQ-VAE] epoch=1784 loss=0.23526928 recon=0.00014721 beh=6.208479 w=0.038 lr=4.122e-04 time=0.475s
[RQ-VAE] epoch=1785 loss=0.23593454 recon=0.00014693 beh=6.204226 w=0.038 lr=4.119e-04 time=0.439s
[RQ-VAE] epoch=1786 loss=0.23686184 recon=0.00014618 beh=6.206883 w=0.038 lr=4.115e-04 time=0.49s
[RQ-VAE] epoch=1787 loss=0.23757222 recon=0.00014599 beh=6.203840 w=0.038 lr=4.112e-04 time=0.491s
[RQ-VAE] epoch=1788 loss=0.23845260 recon=0.00014674 beh=6.205145 w=0.038 lr=4.108e-04 time=0.462s
[RQ-VAE] epoch=1789 loss=0.23932506 recon=0.00014721 beh=6.206297 w=0.039 lr=4.105e-04 time=0.451s
[RQ-VAE] epoch=1790 loss=0.24037480 recon=0.00014734 beh=6.212133 w=0.039 lr=4.102e-04 time=0.424s
[RQ-VAE] epoch=1791 loss=0.24119368 recon=0.00014711 beh=6.211915 w=0.039 lr=4.098e-04 time=0.451s
[RQ-VAE] epoch=1792 loss=0.24161069 recon=0.00014668 beh=6.201356 w=0.039 lr=4.095e-04 time=0.452s
[RQ-VAE] epoch=1793 loss=0.24270108 recon=0.00014671 beh=6.208093 w=0.039 lr=4.092e-04 time=0.396s
[RQ-VAE] epoch=1794 loss=0.24326977 recon=0.00014726 beh=6.201468 w=0.039 lr=4.088e-04 time=0.443s
[RQ-VAE] epoch=1795 loss=0.24427205 recon=0.00014685 beh=6.205914 w=0.039 lr=4.085e-04 time=0.462s
[RQ-VAE] epoch=1796 loss=0.24530596 recon=0.00014697 beh=6.211181 w=0.039 lr=4.081e-04 time=0.42s
[RQ-VAE] epoch=1797 loss=0.24576570 recon=0.00014685 beh=6.201912 w=0.040 lr=4.078e-04 time=0.491s
[RQ-VAE] epoch=1798 loss=0.24661708 recon=0.00014776 beh=6.202477 w=0.040 lr=4.075e-04 time=0.464s
[RQ-VAE] epoch=1799 loss=0.24766679 recon=0.00014837 beh=6.208014 w=0.040 lr=4.071e-04 time=0.431s
[RQ-VAE] epoch=1800 loss=0.24874389 recon=0.00014741 lr=4.068e-04 raw_unique=3564/24587 collision=0.855045 time=0.487s
[RQ-VAE] epoch=1801 loss=0.24922019 recon=0.00014820 beh=6.205506 w=0.040 lr=4.064e-04 time=0.452s
[RQ-VAE] epoch=1802 loss=0.24990973 recon=0.00014815 beh=6.202079 w=0.040 lr=4.061e-04 time=0.456s
[RQ-VAE] epoch=1803 loss=0.25095451 recon=0.00014806 beh=6.207483 w=0.040 lr=4.058e-04 time=0.533s
[RQ-VAE] epoch=1804 loss=0.25214079 recon=0.00014952 beh=6.216307 w=0.041 lr=4.054e-04 time=0.453s
[RQ-VAE] epoch=1805 loss=0.25261468 recon=0.00014883 beh=6.207585 w=0.041 lr=4.051e-04 time=0.436s
[RQ-VAE] epoch=1806 loss=0.25321844 recon=0.00014847 beh=6.202063 w=0.041 lr=4.047e-04 time=0.474s
[RQ-VAE] epoch=1807 loss=0.25429010 recon=0.00014811 beh=6.208050 w=0.041 lr=4.044e-04 time=0.407s
[RQ-VAE] epoch=1808 loss=0.25518703 recon=0.00014759 beh=6.209735 w=0.041 lr=4.041e-04 time=0.433s
[RQ-VAE] epoch=1809 loss=0.25593367 recon=0.00014809 beh=6.207741 w=0.041 lr=4.037e-04 time=0.442s
[RQ-VAE] epoch=1810 loss=0.25666970 recon=0.00014838 beh=6.205530 w=0.041 lr=4.034e-04 time=0.483s
[RQ-VAE] epoch=1811 loss=0.25763088 recon=0.00014861 beh=6.208771 w=0.041 lr=4.031e-04 time=0.495s
[RQ-VAE] epoch=1812 loss=0.25810581 recon=0.00014806 beh=6.200351 w=0.042 lr=4.027e-04 time=0.471s
[RQ-VAE] epoch=1813 loss=0.25883061 recon=0.00014792 beh=6.197922 w=0.042 lr=4.024e-04 time=0.475s
[RQ-VAE] epoch=1814 loss=0.25981984 recon=0.00014807 beh=6.201764 w=0.042 lr=4.020e-04 time=0.45s
[RQ-VAE] epoch=1815 loss=0.26104736 recon=0.00014727 beh=6.211346 w=0.042 lr=4.017e-04 time=0.459s
[RQ-VAE] epoch=1816 loss=0.26199058 recon=0.00014709 beh=6.214108 w=0.042 lr=4.014e-04 time=0.449s
[RQ-VAE] epoch=1817 loss=0.26276720 recon=0.00014683 beh=6.212883 w=0.042 lr=4.010e-04 time=0.441s
[RQ-VAE] epoch=1818 loss=0.26325208 recon=0.00014711 beh=6.204768 w=0.042 lr=4.007e-04 time=0.457s
[RQ-VAE] epoch=1819 loss=0.26378956 recon=0.00014758 beh=6.197891 w=0.043 lr=4.003e-04 time=0.48s
[RQ-VAE] epoch=1820 loss=0.26485732 recon=0.00014826 beh=6.203547 w=0.043 lr=4.000e-04 time=0.47s
[RQ-VAE] epoch=1821 loss=0.26558036 recon=0.00014798 beh=6.201155 w=0.043 lr=3.997e-04 time=0.393s
[RQ-VAE] epoch=1822 loss=0.26677519 recon=0.00014804 beh=6.209744 w=0.043 lr=3.993e-04 time=0.612s
[RQ-VAE] epoch=1823 loss=0.26739341 recon=0.00014822 beh=6.204856 w=0.043 lr=3.990e-04 time=0.493s
[RQ-VAE] epoch=1824 loss=0.26795363 recon=0.00014747 beh=6.198674 w=0.043 lr=3.986e-04 time=0.45s
[RQ-VAE] epoch=1825 loss=0.26899317 recon=0.00014777 beh=6.203592 w=0.043 lr=3.983e-04 time=0.485s
[RQ-VAE] epoch=1826 loss=0.26960450 recon=0.00014831 beh=6.198599 w=0.043 lr=3.980e-04 time=0.427s
[RQ-VAE] epoch=1827 loss=0.27054268 recon=0.00014979 beh=6.201087 w=0.044 lr=3.976e-04 time=0.327s
[RQ-VAE] epoch=1828 loss=0.27139115 recon=0.00014841 beh=6.201624 w=0.044 lr=3.973e-04 time=0.457s
[RQ-VAE] epoch=1829 loss=0.27206963 recon=0.00014762 beh=6.198266 w=0.044 lr=3.969e-04 time=0.43s
[RQ-VAE] epoch=1830 loss=0.27305672 recon=0.00014708 beh=6.201954 w=0.044 lr=3.966e-04 time=0.475s
[RQ-VAE] epoch=1831 loss=0.27371788 recon=0.00014708 beh=6.198200 w=0.044 lr=3.963e-04 time=0.413s
[RQ-VAE] epoch=1832 loss=0.27436709 recon=0.00014716 beh=6.194174 w=0.044 lr=3.959e-04 time=0.531s
[RQ-VAE] epoch=1833 loss=0.27568507 recon=0.00014754 beh=6.205263 w=0.044 lr=3.956e-04 time=0.44s
[RQ-VAE] epoch=1834 loss=0.27652740 recon=0.00014798 beh=6.205542 w=0.045 lr=3.953e-04 time=0.414s
[RQ-VAE] epoch=1835 loss=0.27711895 recon=0.00014796 beh=6.200292 w=0.045 lr=3.949e-04 time=0.443s
[RQ-VAE] epoch=1836 loss=0.27817023 recon=0.00014838 beh=6.205342 w=0.045 lr=3.946e-04 time=0.477s
[RQ-VAE] epoch=1837 loss=0.27876264 recon=0.00014843 beh=6.200130 w=0.045 lr=3.942e-04 time=0.421s
[RQ-VAE] epoch=1838 loss=0.27966130 recon=0.00014801 beh=6.201727 w=0.045 lr=3.939e-04 time=0.601s
[RQ-VAE] epoch=1839 loss=0.28091282 recon=0.00014703 beh=6.211138 w=0.045 lr=3.936e-04 time=0.465s
[RQ-VAE] epoch=1840 loss=0.28148919 recon=0.00014678 beh=6.205583 w=0.045 lr=3.932e-04 time=0.406s
[RQ-VAE] epoch=1841 loss=0.28226104 recon=0.00014678 beh=6.204349 w=0.045 lr=3.929e-04 time=0.447s
[RQ-VAE] epoch=1842 loss=0.28302872 recon=0.00014665 beh=6.203043 w=0.046 lr=3.925e-04 time=0.473s
[RQ-VAE] epoch=1843 loss=0.28358495 recon=0.00014637 beh=6.197145 w=0.046 lr=3.922e-04 time=0.477s
[RQ-VAE] epoch=1844 loss=0.28461194 recon=0.00014762 beh=6.201484 w=0.046 lr=3.919e-04 time=0.483s
[RQ-VAE] epoch=1845 loss=0.28552163 recon=0.00014779 beh=6.203277 w=0.046 lr=3.915e-04 time=0.447s
[RQ-VAE] epoch=1846 loss=0.28611869 recon=0.00014752 beh=6.198280 w=0.046 lr=3.912e-04 time=0.477s
[RQ-VAE] epoch=1847 loss=0.28716299 recon=0.00014777 beh=6.202992 w=0.046 lr=3.908e-04 time=0.446s
[RQ-VAE] epoch=1848 loss=0.28807336 recon=0.00014690 beh=6.204831 w=0.046 lr=3.905e-04 time=0.499s
[RQ-VAE] epoch=1849 loss=0.28905031 recon=0.00014650 beh=6.208088 w=0.047 lr=3.902e-04 time=0.486s
[RQ-VAE] epoch=1850 loss=0.28978962 recon=0.00014781 lr=3.898e-04 raw_unique=4412/24587 collision=0.820556 time=0.445s
[RQ-VAE] epoch=1851 loss=0.29041064 recon=0.00014789 beh=6.201765 w=0.047 lr=3.895e-04 time=0.35s
[RQ-VAE] epoch=1852 loss=0.29161948 recon=0.00014737 beh=6.209903 w=0.047 lr=3.892e-04 time=0.474s
[RQ-VAE] epoch=1853 loss=0.29240984 recon=0.00014722 beh=6.209106 w=0.047 lr=3.888e-04 time=0.416s
[RQ-VAE] epoch=1854 loss=0.29322016 recon=0.00014780 beh=6.208733 w=0.047 lr=3.885e-04 time=0.411s
[RQ-VAE] epoch=1855 loss=0.29394561 recon=0.00014827 beh=6.206574 w=0.047 lr=3.881e-04 time=0.477s
[RQ-VAE] epoch=1856 loss=0.29468286 recon=0.00014897 beh=6.204669 w=0.047 lr=3.878e-04 time=0.444s
[RQ-VAE] epoch=1857 loss=0.29546219 recon=0.00014852 beh=6.203660 w=0.048 lr=3.875e-04 time=0.423s
[RQ-VAE] epoch=1858 loss=0.29575217 recon=0.00014904 beh=6.192368 w=0.048 lr=3.871e-04 time=0.457s
[RQ-VAE] epoch=1859 loss=0.29692668 recon=0.00014816 beh=6.199622 w=0.048 lr=3.868e-04 time=0.443s
[RQ-VAE] epoch=1860 loss=0.29813766 recon=0.00014805 beh=6.207647 w=0.048 lr=3.864e-04 time=0.436s
[RQ-VAE] epoch=1861 loss=0.29867038 recon=0.00014835 beh=6.201519 w=0.048 lr=3.861e-04 time=0.447s
[RQ-VAE] epoch=1862 loss=0.29956087 recon=0.00014796 beh=6.202878 w=0.048 lr=3.858e-04 time=0.451s
[RQ-VAE] epoch=1863 loss=0.30057067 recon=0.00014804 beh=6.206657 w=0.048 lr=3.854e-04 time=0.433s
[RQ-VAE] epoch=1864 loss=0.30100012 recon=0.00014840 beh=6.198452 w=0.049 lr=3.851e-04 time=0.455s
[RQ-VAE] epoch=1865 loss=0.30241442 recon=0.00014788 beh=6.210546 w=0.049 lr=3.847e-04 time=0.979s
[RQ-VAE] epoch=1866 loss=0.30270135 recon=0.00014769 beh=6.199450 w=0.049 lr=3.844e-04 time=0.473s
[RQ-VAE] epoch=1867 loss=0.30381110 recon=0.00014761 beh=6.205238 w=0.049 lr=3.841e-04 time=0.524s
[RQ-VAE] epoch=1868 loss=0.30496585 recon=0.00014704 beh=6.211931 w=0.049 lr=3.837e-04 time=0.435s
[RQ-VAE] epoch=1869 loss=0.30533567 recon=0.00014737 beh=6.202583 w=0.049 lr=3.834e-04 time=0.426s
[RQ-VAE] epoch=1870 loss=0.30637383 recon=0.00014770 beh=6.206857 w=0.049 lr=3.831e-04 time=0.482s
[RQ-VAE] epoch=1871 loss=0.30688065 recon=0.00014883 beh=6.200380 w=0.049 lr=3.827e-04 time=0.452s
[RQ-VAE] epoch=1872 loss=0.30830020 recon=0.00014869 beh=6.212356 w=0.050 lr=3.824e-04 time=0.503s
[RQ-VAE] epoch=1873 loss=0.30877021 recon=0.00014872 beh=6.205149 w=0.050 lr=3.820e-04 time=0.45s
[RQ-VAE] epoch=1874 loss=0.30957392 recon=0.00014852 beh=6.204680 w=0.050 lr=3.817e-04 time=0.438s
[RQ-VAE] epoch=1875 loss=0.31044611 recon=0.00014898 beh=6.205547 w=0.050 lr=3.814e-04 time=0.432s
[RQ-VAE] epoch=1876 loss=0.31107539 recon=0.00014883 beh=6.201612 w=0.050 lr=3.810e-04 time=0.351s
[RQ-VAE] epoch=1877 loss=0.31188577 recon=0.00014789 beh=6.201286 w=0.050 lr=3.807e-04 time=0.468s
[RQ-VAE] epoch=1878 loss=0.31271303 recon=0.00014808 beh=6.201248 w=0.050 lr=3.803e-04 time=0.498s
[RQ-VAE] epoch=1879 loss=0.31327271 recon=0.00014772 beh=6.195998 w=0.051 lr=3.800e-04 time=0.474s
[RQ-VAE] epoch=1880 loss=0.31452203 recon=0.00014773 beh=6.204381 w=0.051 lr=3.797e-04 time=0.464s
[RQ-VAE] epoch=1881 loss=0.31508484 recon=0.00014801 beh=6.199180 w=0.051 lr=3.793e-04 time=0.43s
[RQ-VAE] epoch=1882 loss=0.31622964 recon=0.00014751 beh=6.205415 w=0.051 lr=3.790e-04 time=0.448s
[RQ-VAE] epoch=1883 loss=0.31665426 recon=0.00014924 beh=6.197464 w=0.051 lr=3.786e-04 time=0.483s
[RQ-VAE] epoch=1884 loss=0.31748396 recon=0.00014955 beh=6.197474 w=0.051 lr=3.783e-04 time=0.474s
[RQ-VAE] epoch=1885 loss=0.31861567 recon=0.00014821 beh=6.203484 w=0.051 lr=3.780e-04 time=0.428s
[RQ-VAE] epoch=1886 loss=0.31911373 recon=0.00014833 beh=6.197099 w=0.051 lr=3.776e-04 time=0.458s
[RQ-VAE] epoch=1887 loss=0.31964350 recon=0.00014839 beh=6.191347 w=0.052 lr=3.773e-04 time=0.461s
[RQ-VAE] epoch=1888 loss=0.32068247 recon=0.00014863 beh=6.195480 w=0.052 lr=3.769e-04 time=0.475s
[RQ-VAE] epoch=1889 loss=0.32171458 recon=0.00014896 beh=6.199461 w=0.052 lr=3.766e-04 time=0.464s
[RQ-VAE] epoch=1890 loss=0.32278186 recon=0.00014891 beh=6.204091 w=0.052 lr=3.763e-04 time=0.444s
[RQ-VAE] epoch=1891 loss=0.32348055 recon=0.00014943 beh=6.201608 w=0.052 lr=3.759e-04 time=0.485s
[RQ-VAE] epoch=1892 loss=0.32446611 recon=0.00014888 beh=6.204654 w=0.052 lr=3.756e-04 time=0.475s
[RQ-VAE] epoch=1893 loss=0.32516140 recon=0.00014848 beh=6.202173 w=0.052 lr=3.753e-04 time=0.453s
[RQ-VAE] epoch=1894 loss=0.32632264 recon=0.00014826 beh=6.208543 w=0.053 lr=3.749e-04 time=0.645s
[RQ-VAE] epoch=1895 loss=0.32688579 recon=0.00014801 beh=6.203496 w=0.053 lr=3.746e-04 time=0.47s
[RQ-VAE] epoch=1896 loss=0.32769477 recon=0.00014853 beh=6.203126 w=0.053 lr=3.742e-04 time=0.503s
[RQ-VAE] epoch=1897 loss=0.32833061 recon=0.00014837 beh=6.199518 w=0.053 lr=3.739e-04 time=0.456s
[RQ-VAE] epoch=1898 loss=0.32947946 recon=0.00014809 beh=6.205605 w=0.053 lr=3.736e-04 time=0.417s
[RQ-VAE] epoch=1899 loss=0.33018181 recon=0.00014813 beh=6.203250 w=0.053 lr=3.732e-04 time=0.486s
[RQ-VAE] epoch=1900 loss=0.33143339 recon=0.00014849 lr=3.729e-04 raw_unique=4204/24587 collision=0.829015 time=0.384s
[RQ-VAE] epoch=1901 loss=0.33223361 recon=0.00014720 beh=6.210702 w=0.053 lr=3.725e-04 time=0.41s
[RQ-VAE] epoch=1902 loss=0.33289230 recon=0.00014784 beh=6.207550 w=0.054 lr=3.722e-04 time=0.466s
[RQ-VAE] epoch=1903 loss=0.33370399 recon=0.00014784 beh=6.207240 w=0.054 lr=3.719e-04 time=0.466s
[RQ-VAE] epoch=1904 loss=0.33426481 recon=0.00014790 beh=6.202257 w=0.054 lr=3.715e-04 time=0.459s
[RQ-VAE] epoch=1905 loss=0.33495036 recon=0.00014820 beh=6.199637 w=0.054 lr=3.712e-04 time=0.444s
[RQ-VAE] epoch=1906 loss=0.33571249 recon=0.00014814 beh=6.198487 w=0.054 lr=3.708e-04 time=0.442s
[RQ-VAE] epoch=1907 loss=0.33691376 recon=0.00014775 beh=6.205412 w=0.054 lr=3.705e-04 time=0.451s
[RQ-VAE] epoch=1908 loss=0.33785409 recon=0.00014764 beh=6.207507 w=0.054 lr=3.702e-04 time=0.477s
[RQ-VAE] epoch=1909 loss=0.33841535 recon=0.00014807 beh=6.202608 w=0.055 lr=3.698e-04 time=0.453s
[RQ-VAE] epoch=1910 loss=0.33952230 recon=0.00014863 beh=6.207711 w=0.055 lr=3.695e-04 time=0.501s
[RQ-VAE] epoch=1911 loss=0.34033120 recon=0.00014903 beh=6.207361 w=0.055 lr=3.692e-04 time=0.45s
[RQ-VAE] epoch=1912 loss=0.34101343 recon=0.00014893 beh=6.204718 w=0.055 lr=3.688e-04 time=0.444s
[RQ-VAE] epoch=1913 loss=0.34193996 recon=0.00014949 beh=6.206480 w=0.055 lr=3.685e-04 time=0.42s
[RQ-VAE] epoch=1914 loss=0.34224999 recon=0.00014907 beh=6.197084 w=0.055 lr=3.681e-04 time=0.49s
[RQ-VAE] epoch=1915 loss=0.34327054 recon=0.00014814 beh=6.200621 w=0.055 lr=3.678e-04 time=0.452s
[RQ-VAE] epoch=1916 loss=0.34432435 recon=0.00014820 beh=6.204719 w=0.055 lr=3.675e-04 time=0.429s
[RQ-VAE] epoch=1917 loss=0.34465146 recon=0.00014803 beh=6.195753 w=0.056 lr=3.671e-04 time=0.46s
[RQ-VAE] epoch=1918 loss=0.34557086 recon=0.00014839 beh=6.197444 w=0.056 lr=3.668e-04 time=0.397s
[RQ-VAE] epoch=1919 loss=0.34674603 recon=0.00014857 beh=6.203694 w=0.056 lr=3.664e-04 time=0.481s
[RQ-VAE] epoch=1920 loss=0.34752029 recon=0.00014877 beh=6.202750 w=0.056 lr=3.661e-04 time=0.491s
[RQ-VAE] epoch=1921 loss=0.34818089 recon=0.00014975 beh=6.199750 w=0.056 lr=3.658e-04 time=0.485s
[RQ-VAE] epoch=1922 loss=0.34943500 recon=0.00015033 beh=6.207340 w=0.056 lr=3.654e-04 time=0.438s
[RQ-VAE] epoch=1923 loss=0.35017088 recon=0.00014949 beh=6.205728 w=0.056 lr=3.651e-04 time=0.629s
[RQ-VAE] epoch=1924 loss=0.35041994 recon=0.00014890 beh=6.195491 w=0.057 lr=3.647e-04 time=0.445s
[RQ-VAE] epoch=1925 loss=0.35138288 recon=0.00014837 beh=6.197921 w=0.057 lr=3.644e-04 time=0.426s
[RQ-VAE] epoch=1926 loss=0.35243294 recon=0.00014887 beh=6.201856 w=0.057 lr=3.641e-04 time=0.419s
[RQ-VAE] epoch=1927 loss=0.35355872 recon=0.00014894 beh=6.207106 w=0.057 lr=3.637e-04 time=0.467s
[RQ-VAE] epoch=1928 loss=0.35377395 recon=0.00014867 beh=6.196369 w=0.057 lr=3.634e-04 time=0.446s
[RQ-VAE] epoch=1929 loss=0.35471326 recon=0.00014812 beh=6.198345 w=0.057 lr=3.631e-04 time=0.48s
[RQ-VAE] epoch=1930 loss=0.35584381 recon=0.00014848 beh=6.203651 w=0.057 lr=3.627e-04 time=0.507s
[RQ-VAE] epoch=1931 loss=0.35619512 recon=0.00014898 beh=6.195372 w=0.057 lr=3.624e-04 time=0.488s
[RQ-VAE] epoch=1932 loss=0.35787603 recon=0.00014907 beh=6.210222 w=0.058 lr=3.620e-04 time=0.498s
[RQ-VAE] epoch=1933 loss=0.35837430 recon=0.00015025 beh=6.204500 w=0.058 lr=3.617e-04 time=0.471s
[RQ-VAE] epoch=1934 loss=0.35892287 recon=0.00014994 beh=6.199682 w=0.058 lr=3.614e-04 time=0.405s
[RQ-VAE] epoch=1935 loss=0.35989439 recon=0.00014872 beh=6.202180 w=0.058 lr=3.610e-04 time=0.468s
[RQ-VAE] epoch=1936 loss=0.36049312 recon=0.00014791 beh=6.198240 w=0.058 lr=3.607e-04 time=0.402s
[RQ-VAE] epoch=1937 loss=0.36190262 recon=0.00014744 beh=6.208249 w=0.058 lr=3.603e-04 time=0.477s
[RQ-VAE] epoch=1938 loss=0.36235714 recon=0.00014754 beh=6.201857 w=0.058 lr=3.600e-04 time=0.461s
[RQ-VAE] epoch=1939 loss=0.36330014 recon=0.00014791 beh=6.203840 w=0.059 lr=3.597e-04 time=0.436s
[RQ-VAE] epoch=1940 loss=0.36387336 recon=0.00014903 beh=6.199502 w=0.059 lr=3.593e-04 time=0.406s
[RQ-VAE] epoch=1941 loss=0.36508343 recon=0.00014797 beh=6.206045 w=0.059 lr=3.590e-04 time=0.452s
[RQ-VAE] epoch=1942 loss=0.36600536 recon=0.00014822 beh=6.207660 w=0.059 lr=3.586e-04 time=0.47s
[RQ-VAE] epoch=1943 loss=0.36689195 recon=0.00014778 beh=6.208681 w=0.059 lr=3.583e-04 time=0.621s
[RQ-VAE] epoch=1944 loss=0.36722115 recon=0.00014810 beh=6.200251 w=0.059 lr=3.580e-04 time=0.475s
[RQ-VAE] epoch=1945 loss=0.36788839 recon=0.00014852 beh=6.197548 w=0.059 lr=3.576e-04 time=0.425s
[RQ-VAE] epoch=1946 loss=0.36915502 recon=0.00014822 beh=6.204960 w=0.059 lr=3.573e-04 time=0.487s
[RQ-VAE] epoch=1947 loss=0.36979446 recon=0.00014872 beh=6.201805 w=0.060 lr=3.569e-04 time=0.419s
[RQ-VAE] epoch=1948 loss=0.37041479 recon=0.00014991 beh=6.198336 w=0.060 lr=3.566e-04 time=0.447s
[RQ-VAE] epoch=1949 loss=0.37155032 recon=0.00014966 beh=6.203495 w=0.060 lr=3.563e-04 time=0.396s
[RQ-VAE] epoch=1950 loss=0.37243095 recon=0.00014959 lr=3.559e-04 raw_unique=4702/24587 collision=0.808761 time=0.479s
[RQ-VAE] epoch=1951 loss=0.37331301 recon=0.00014951 beh=6.205250 w=0.060 lr=3.556e-04 time=0.449s
[RQ-VAE] epoch=1952 loss=0.37420902 recon=0.00014899 beh=6.206433 w=0.060 lr=3.553e-04 time=0.452s
[RQ-VAE] epoch=1953 loss=0.37470198 recon=0.00014807 beh=6.200916 w=0.060 lr=3.549e-04 time=0.442s
[RQ-VAE] epoch=1954 loss=0.37577054 recon=0.00014793 beh=6.204911 w=0.061 lr=3.546e-04 time=0.419s
[RQ-VAE] epoch=1955 loss=0.37624559 recon=0.00014798 beh=6.199087 w=0.061 lr=3.542e-04 time=0.44s
[RQ-VAE] epoch=1956 loss=0.37722436 recon=0.00014880 beh=6.201550 w=0.061 lr=3.539e-04 time=0.469s
[RQ-VAE] epoch=1957 loss=0.37819606 recon=0.00014857 beh=6.203929 w=0.061 lr=3.536e-04 time=0.496s
[RQ-VAE] epoch=1958 loss=0.37889069 recon=0.00014771 beh=6.201806 w=0.061 lr=3.532e-04 time=0.576s
[RQ-VAE] epoch=1959 loss=0.38006234 recon=0.00014758 beh=6.207452 w=0.061 lr=3.529e-04 time=0.471s
[RQ-VAE] epoch=1960 loss=0.38092744 recon=0.00014733 beh=6.208055 w=0.061 lr=3.525e-04 time=0.519s
[RQ-VAE] epoch=1961 loss=0.38110736 recon=0.00014734 beh=6.197516 w=0.061 lr=3.522e-04 time=0.469s
[RQ-VAE] epoch=1962 loss=0.38235039 recon=0.00014750 beh=6.204278 w=0.062 lr=3.519e-04 time=0.492s
[RQ-VAE] epoch=1963 loss=0.38286543 recon=0.00014780 beh=6.199221 w=0.062 lr=3.515e-04 time=0.492s
[RQ-VAE] epoch=1964 loss=0.38320899 recon=0.00014802 beh=6.191415 w=0.062 lr=3.512e-04 time=0.456s
[RQ-VAE] epoch=1965 loss=0.38478208 recon=0.00014780 beh=6.203478 w=0.062 lr=3.508e-04 time=0.408s
[RQ-VAE] epoch=1966 loss=0.38569218 recon=0.00014869 beh=6.204806 w=0.062 lr=3.505e-04 time=0.453s
[RQ-VAE] epoch=1967 loss=0.38643533 recon=0.00014922 beh=6.203453 w=0.062 lr=3.502e-04 time=0.486s
[RQ-VAE] epoch=1968 loss=0.38733011 recon=0.00014868 beh=6.204550 w=0.062 lr=3.498e-04 time=0.483s
[RQ-VAE] epoch=1969 loss=0.38830346 recon=0.00014848 beh=6.206883 w=0.063 lr=3.495e-04 time=0.478s
[RQ-VAE] epoch=1970 loss=0.38894761 recon=0.00014837 beh=6.203950 w=0.063 lr=3.492e-04 time=0.509s
[RQ-VAE] epoch=1971 loss=0.38961342 recon=0.00014875 beh=6.201371 w=0.063 lr=3.488e-04 time=0.466s
[RQ-VAE] epoch=1972 loss=0.39065006 recon=0.00014926 beh=6.204709 w=0.063 lr=3.485e-04 time=0.432s
[RQ-VAE] epoch=1973 loss=0.39145944 recon=0.00014927 beh=6.204435 w=0.063 lr=3.481e-04 time=0.363s
[RQ-VAE] epoch=1974 loss=0.39242506 recon=0.00014894 beh=6.206624 w=0.063 lr=3.478e-04 time=0.51s
[RQ-VAE] epoch=1975 loss=0.39280781 recon=0.00014921 beh=6.199586 w=0.063 lr=3.475e-04 time=0.459s
[RQ-VAE] epoch=1976 loss=0.39382890 recon=0.00014836 beh=6.202655 w=0.063 lr=3.471e-04 time=0.419s
[RQ-VAE] epoch=1977 loss=0.39502192 recon=0.00014863 beh=6.208416 w=0.064 lr=3.468e-04 time=0.437s
[RQ-VAE] epoch=1978 loss=0.39577574 recon=0.00014862 beh=6.207255 w=0.064 lr=3.464e-04 time=0.488s
[RQ-VAE] epoch=1979 loss=0.39664447 recon=0.00014940 beh=6.207872 w=0.064 lr=3.461e-04 time=0.494s
[RQ-VAE] epoch=1980 loss=0.39664248 recon=0.00014975 beh=6.194891 w=0.064 lr=3.458e-04 time=0.431s
[RQ-VAE] epoch=1981 loss=0.39802194 recon=0.00014978 beh=6.203516 w=0.064 lr=3.454e-04 time=0.452s
[RQ-VAE] epoch=1982 loss=0.39900455 recon=0.00014906 beh=6.205972 w=0.064 lr=3.451e-04 time=0.481s
[RQ-VAE] epoch=1983 loss=0.39977884 recon=0.00014880 beh=6.205164 w=0.064 lr=3.447e-04 time=0.443s
[RQ-VAE] epoch=1984 loss=0.40093672 recon=0.00014881 beh=6.210279 w=0.065 lr=3.444e-04 time=0.531s
[RQ-VAE] epoch=1985 loss=0.40125191 recon=0.00014957 beh=6.202343 w=0.065 lr=3.441e-04 time=0.507s
[RQ-VAE] epoch=1986 loss=0.40228051 recon=0.00014922 beh=6.205469 w=0.065 lr=3.437e-04 time=0.446s
[RQ-VAE] epoch=1987 loss=0.40352231 recon=0.00014936 beh=6.211857 w=0.065 lr=3.434e-04 time=0.45s
[RQ-VAE] epoch=1988 loss=0.40442723 recon=0.00014907 beh=6.213042 w=0.065 lr=3.431e-04 time=0.45s
[RQ-VAE] epoch=1989 loss=0.40492076 recon=0.00014929 beh=6.207904 w=0.065 lr=3.427e-04 time=0.406s
[RQ-VAE] epoch=1990 loss=0.40558496 recon=0.00014969 beh=6.205392 w=0.065 lr=3.424e-04 time=0.428s
[RQ-VAE] epoch=1991 loss=0.40706092 recon=0.00014944 beh=6.215303 w=0.065 lr=3.420e-04 time=0.461s
[RQ-VAE] epoch=1992 loss=0.40766579 recon=0.00014869 beh=6.211885 w=0.066 lr=3.417e-04 time=0.467s
[RQ-VAE] epoch=1993 loss=0.40824804 recon=0.00014835 beh=6.208139 w=0.066 lr=3.414e-04 time=0.492s
[RQ-VAE] epoch=1994 loss=0.40920958 recon=0.00014835 beh=6.210170 w=0.066 lr=3.410e-04 time=0.439s
[RQ-VAE] epoch=1995 loss=0.40984508 recon=0.00014809 beh=6.207260 w=0.066 lr=3.407e-04 time=0.449s
[RQ-VAE] epoch=1996 loss=0.41026536 recon=0.00014759 beh=6.201099 w=0.066 lr=3.403e-04 time=0.454s
[RQ-VAE] epoch=1997 loss=0.41143119 recon=0.00014708 beh=6.206219 w=0.066 lr=3.400e-04 time=0.455s
[RQ-VAE] epoch=1998 loss=0.41236508 recon=0.00014730 beh=6.207811 w=0.066 lr=3.397e-04 time=0.388s
[RQ-VAE] epoch=1999 loss=0.41356677 recon=0.00014737 beh=6.213427 w=0.067 lr=3.393e-04 time=0.476s
[RQ-VAE] epoch=2000 loss=0.41395807 recon=0.00014701 lr=3.390e-04 raw_unique=5468/24587 collision=0.777606 time=0.477s
[RQ-VAE] epoch=2001 loss=0.41483334 recon=0.00014752 beh=6.207613 w=0.067 lr=3.386e-04 time=0.446s
[RQ-VAE] epoch=2002 loss=0.41515455 recon=0.00014738 beh=6.200051 w=0.067 lr=3.383e-04 time=0.425s
[RQ-VAE] epoch=2003 loss=0.41660517 recon=0.00014843 beh=6.209340 w=0.067 lr=3.380e-04 time=0.468s
[RQ-VAE] epoch=2004 loss=0.41764107 recon=0.00014813 beh=6.212435 w=0.067 lr=3.376e-04 time=0.496s
[RQ-VAE] epoch=2005 loss=0.41853470 recon=0.00014758 beh=6.213413 w=0.067 lr=3.373e-04 time=0.479s
[RQ-VAE] epoch=2006 loss=0.41916588 recon=0.00014764 beh=6.210489 w=0.067 lr=3.369e-04 time=0.471s
[RQ-VAE] epoch=2007 loss=0.41984493 recon=0.00014831 beh=6.208281 w=0.068 lr=3.366e-04 time=0.411s
[RQ-VAE] epoch=2008 loss=0.42059383 recon=0.00014935 beh=6.207108 w=0.068 lr=3.363e-04 time=0.419s
[RQ-VAE] epoch=2009 loss=0.42130211 recon=0.00014989 beh=6.205346 w=0.068 lr=3.359e-04 time=0.464s
[RQ-VAE] epoch=2010 loss=0.42244786 recon=0.00015031 beh=6.210026 w=0.068 lr=3.356e-04 time=0.431s
[RQ-VAE] epoch=2011 loss=0.42305994 recon=0.00015058 beh=6.206844 w=0.068 lr=3.353e-04 time=0.491s
[RQ-VAE] epoch=2012 loss=0.42425531 recon=0.00015061 beh=6.212234 w=0.068 lr=3.349e-04 time=0.44s
[RQ-VAE] epoch=2013 loss=0.42445141 recon=0.00015031 beh=6.202992 w=0.068 lr=3.346e-04 time=0.447s
[RQ-VAE] epoch=2014 loss=0.42573765 recon=0.00015024 beh=6.209681 w=0.069 lr=3.342e-04 time=0.627s
[RQ-VAE] epoch=2015 loss=0.42643520 recon=0.00015021 beh=6.207776 w=0.069 lr=3.339e-04 time=0.468s
[RQ-VAE] epoch=2016 loss=0.42667812 recon=0.00014961 beh=6.199286 w=0.069 lr=3.336e-04 time=1.125s
[RQ-VAE] epoch=2017 loss=0.42792454 recon=0.00014893 beh=6.205388 w=0.069 lr=3.332e-04 time=0.49s
[RQ-VAE] epoch=2018 loss=0.42869997 recon=0.00014976 beh=6.204622 w=0.069 lr=3.329e-04 time=0.453s
[RQ-VAE] epoch=2019 loss=0.42944044 recon=0.00014922 beh=6.203378 w=0.069 lr=3.325e-04 time=0.461s
[RQ-VAE] epoch=2020 loss=0.43007153 recon=0.00014887 beh=6.200544 w=0.069 lr=3.322e-04 time=0.457s
[RQ-VAE] epoch=2021 loss=0.43129951 recon=0.00014857 beh=6.206326 w=0.069 lr=3.319e-04 time=0.399s
[RQ-VAE] epoch=2022 loss=0.43253267 recon=0.00014892 beh=6.212160 w=0.070 lr=3.315e-04 time=0.185s
[RQ-VAE] epoch=2023 loss=0.43205333 recon=0.00014889 beh=6.193413 w=0.070 lr=3.312e-04 time=0.171s
[RQ-VAE] epoch=2024 loss=0.43366295 recon=0.00014847 beh=6.204650 w=0.070 lr=3.308e-04 time=0.344s
[RQ-VAE] epoch=2025 loss=0.43441972 recon=0.00014856 beh=6.203639 w=0.070 lr=3.305e-04 time=0.457s
[RQ-VAE] epoch=2026 loss=0.43544698 recon=0.00014882 beh=6.206495 w=0.070 lr=3.302e-04 time=0.433s
[RQ-VAE] epoch=2027 loss=0.43603361 recon=0.00014861 beh=6.203075 w=0.070 lr=3.298e-04 time=0.443s
[RQ-VAE] epoch=2028 loss=0.43701699 recon=0.00014905 beh=6.205287 w=0.070 lr=3.295e-04 time=0.418s
[RQ-VAE] epoch=2029 loss=0.43748605 recon=0.00014913 beh=6.200194 w=0.071 lr=3.292e-04 time=0.45s
[RQ-VAE] epoch=2030 loss=0.43822896 recon=0.00014955 beh=6.198982 w=0.071 lr=3.288e-04 time=0.485s
[RQ-VAE] epoch=2031 loss=0.43926299 recon=0.00014918 beh=6.201900 w=0.071 lr=3.285e-04 time=0.44s
[RQ-VAE] epoch=2032 loss=0.44024321 recon=0.00014901 beh=6.204061 w=0.071 lr=3.281e-04 time=0.481s
[RQ-VAE] epoch=2033 loss=0.44066826 recon=0.00014866 beh=6.198396 w=0.071 lr=3.278e-04 time=0.438s
[RQ-VAE] epoch=2034 loss=0.44132498 recon=0.00014880 beh=6.196032 w=0.071 lr=3.275e-04 time=0.498s
[RQ-VAE] epoch=2035 loss=0.44317067 recon=0.00014866 beh=6.210340 w=0.071 lr=3.271e-04 time=0.418s
[RQ-VAE] epoch=2036 loss=0.44346261 recon=0.00014891 beh=6.202857 w=0.071 lr=3.268e-04 time=0.467s
[RQ-VAE] epoch=2037 loss=0.44455457 recon=0.00014929 beh=6.206544 w=0.072 lr=3.264e-04 time=0.476s
[RQ-VAE] epoch=2038 loss=0.44500858 recon=0.00014865 beh=6.201347 w=0.072 lr=3.261e-04 time=0.433s
[RQ-VAE] epoch=2039 loss=0.44605905 recon=0.00014931 beh=6.204456 w=0.072 lr=3.258e-04 time=0.477s
[RQ-VAE] epoch=2040 loss=0.44721967 recon=0.00014874 beh=6.209090 w=0.072 lr=3.254e-04 time=0.464s
[RQ-VAE] epoch=2041 loss=0.44814557 recon=0.00014878 beh=6.210438 w=0.072 lr=3.251e-04 time=0.466s
[RQ-VAE] epoch=2042 loss=0.44808424 recon=0.00014836 beh=6.198148 w=0.072 lr=3.247e-04 time=0.506s
[RQ-VAE] epoch=2043 loss=0.44947335 recon=0.00014831 beh=6.205921 w=0.072 lr=3.244e-04 time=0.66s
[RQ-VAE] epoch=2044 loss=0.45043001 recon=0.00014858 beh=6.207708 w=0.073 lr=3.241e-04 time=0.45s
[RQ-VAE] epoch=2045 loss=0.45172063 recon=0.00014927 beh=6.214078 w=0.073 lr=3.237e-04 time=0.443s
[RQ-VAE] epoch=2046 loss=0.45214310 recon=0.00014893 beh=6.208511 w=0.073 lr=3.234e-04 time=0.418s
[RQ-VAE] epoch=2047 loss=0.45364034 recon=0.00014893 beh=6.217687 w=0.073 lr=3.231e-04 time=0.405s
[RQ-VAE] epoch=2048 loss=0.45377350 recon=0.00014866 beh=6.208160 w=0.073 lr=3.227e-04 time=0.418s
[RQ-VAE] epoch=2049 loss=0.45531684 recon=0.00014889 beh=6.217937 w=0.073 lr=3.224e-04 time=0.499s
[RQ-VAE] epoch=2050 loss=0.45573962 recon=0.00014917 lr=3.220e-04 raw_unique=4578/24587 collision=0.813804 time=0.425s
[RQ-VAE] epoch=2051 loss=0.45642287 recon=0.00014870 beh=6.210420 w=0.073 lr=3.217e-04 time=0.454s
[RQ-VAE] epoch=2052 loss=0.45755243 recon=0.00014821 beh=6.214515 w=0.074 lr=3.214e-04 time=0.418s
[RQ-VAE] epoch=2053 loss=0.45821571 recon=0.00014831 beh=6.212271 w=0.074 lr=3.210e-04 time=0.446s
[RQ-VAE] epoch=2054 loss=0.45870024 recon=0.00014807 beh=6.207623 w=0.074 lr=3.207e-04 time=0.446s
[RQ-VAE] epoch=2055 loss=0.45929360 recon=0.00014826 beh=6.204446 w=0.074 lr=3.203e-04 time=0.395s
[RQ-VAE] epoch=2056 loss=0.46058476 recon=0.00014878 beh=6.210704 w=0.074 lr=3.200e-04 time=0.469s
[RQ-VAE] epoch=2057 loss=0.46111059 recon=0.00014895 beh=6.206640 w=0.074 lr=3.197e-04 time=0.446s
[RQ-VAE] epoch=2058 loss=0.46197474 recon=0.00014859 beh=6.207130 w=0.074 lr=3.193e-04 time=0.424s
[RQ-VAE] epoch=2059 loss=0.46280128 recon=0.00014806 beh=6.207119 w=0.075 lr=3.190e-04 time=0.489s
[RQ-VAE] epoch=2060 loss=0.46424270 recon=0.00014763 beh=6.215342 w=0.075 lr=3.186e-04 time=0.43s
[RQ-VAE] epoch=2061 loss=0.46469516 recon=0.00014789 beh=6.210304 w=0.075 lr=3.183e-04 time=0.458s
[RQ-VAE] epoch=2062 loss=0.46529520 recon=0.00014825 beh=6.207253 w=0.075 lr=3.180e-04 time=0.507s
[RQ-VAE] epoch=2063 loss=0.46604890 recon=0.00014855 beh=6.206266 w=0.075 lr=3.176e-04 time=0.601s
[RQ-VAE] epoch=2064 loss=0.46737522 recon=0.00014881 beh=6.212893 w=0.075 lr=3.173e-04 time=0.479s
[RQ-VAE] epoch=2065 loss=0.46836856 recon=0.00014874 beh=6.215082 w=0.075 lr=3.169e-04 time=0.463s
[RQ-VAE] epoch=2066 loss=0.46879315 recon=0.00014862 beh=6.209724 w=0.075 lr=3.166e-04 time=0.462s
[RQ-VAE] epoch=2067 loss=0.46939331 recon=0.00014872 beh=6.206705 w=0.076 lr=3.163e-04 time=0.424s
[RQ-VAE] epoch=2068 loss=0.47044629 recon=0.00014896 beh=6.209673 w=0.076 lr=3.159e-04 time=0.49s
[RQ-VAE] epoch=2069 loss=0.47072792 recon=0.00014921 beh=6.202477 w=0.076 lr=3.156e-04 time=0.494s
[RQ-VAE] epoch=2070 loss=0.47215918 recon=0.00014866 beh=6.210453 w=0.076 lr=3.153e-04 time=0.466s
[RQ-VAE] epoch=2071 loss=0.47339964 recon=0.00014812 beh=6.215891 w=0.076 lr=3.149e-04 time=0.489s
[RQ-VAE] epoch=2072 loss=0.47339070 recon=0.00014844 beh=6.204912 w=0.076 lr=3.146e-04 time=0.333s
[RQ-VAE] epoch=2073 loss=0.47459197 recon=0.00014816 beh=6.209812 w=0.076 lr=3.142e-04 time=0.458s
[RQ-VAE] epoch=2074 loss=0.47534370 recon=0.00014845 beh=6.208810 w=0.077 lr=3.139e-04 time=0.489s
[RQ-VAE] epoch=2075 loss=0.47653723 recon=0.00014935 beh=6.213565 w=0.077 lr=3.136e-04 time=0.488s
[RQ-VAE] epoch=2076 loss=0.47626367 recon=0.00015014 beh=6.199207 w=0.077 lr=3.132e-04 time=0.455s
[RQ-VAE] epoch=2077 loss=0.47845519 recon=0.00014986 beh=6.216957 w=0.077 lr=3.129e-04 time=0.472s
[RQ-VAE] epoch=2078 loss=0.47864181 recon=0.00014991 beh=6.208622 w=0.077 lr=3.125e-04 time=0.626s
[RQ-VAE] epoch=2079 loss=0.47949412 recon=0.00014979 beh=6.208928 w=0.077 lr=3.122e-04 time=0.463s
[RQ-VAE] epoch=2080 loss=0.48080096 recon=0.00014985 beh=6.215108 w=0.077 lr=3.119e-04 time=0.458s
[RQ-VAE] epoch=2081 loss=0.48099777 recon=0.00014895 beh=6.206963 w=0.077 lr=3.115e-04 time=0.468s
[RQ-VAE] epoch=2082 loss=0.48137879 recon=0.00014876 beh=6.201215 w=0.078 lr=3.112e-04 time=0.456s
[RQ-VAE] epoch=2083 loss=0.48259020 recon=0.00014896 beh=6.206161 w=0.078 lr=3.108e-04 time=0.486s
[RQ-VAE] epoch=2084 loss=0.48308113 recon=0.00014877 beh=6.201839 w=0.078 lr=3.105e-04 time=0.481s
[RQ-VAE] epoch=2085 loss=0.48406771 recon=0.00015037 beh=6.203867 w=0.078 lr=3.102e-04 time=0.445s
[RQ-VAE] epoch=2086 loss=0.48486128 recon=0.00015054 beh=6.203444 w=0.078 lr=3.098e-04 time=0.439s
[RQ-VAE] epoch=2087 loss=0.48595542 recon=0.00014953 beh=6.206871 w=0.078 lr=3.095e-04 time=0.477s
[RQ-VAE] epoch=2088 loss=0.48688734 recon=0.00014905 beh=6.208208 w=0.078 lr=3.092e-04 time=0.418s
[RQ-VAE] epoch=2089 loss=0.48756644 recon=0.00014891 beh=6.206316 w=0.079 lr=3.088e-04 time=0.442s
[RQ-VAE] epoch=2090 loss=0.48869139 recon=0.00014920 beh=6.210095 w=0.079 lr=3.085e-04 time=0.445s
[RQ-VAE] epoch=2091 loss=0.48931018 recon=0.00014945 beh=6.207426 w=0.079 lr=3.081e-04 time=0.476s
[RQ-VAE] epoch=2092 loss=0.49043331 recon=0.00014924 beh=6.211164 w=0.079 lr=3.078e-04 time=0.432s
[RQ-VAE] epoch=2093 loss=0.49044052 recon=0.00014925 beh=6.200787 w=0.079 lr=3.075e-04 time=0.478s
[RQ-VAE] epoch=2094 loss=0.49196976 recon=0.00014861 beh=6.209684 w=0.079 lr=3.071e-04 time=0.469s
[RQ-VAE] epoch=2095 loss=0.49325323 recon=0.00014912 beh=6.215426 w=0.079 lr=3.068e-04 time=0.456s
[RQ-VAE] epoch=2096 loss=0.49321830 recon=0.00014911 beh=6.204562 w=0.079 lr=3.064e-04 time=0.476s
[RQ-VAE] epoch=2097 loss=0.49396086 recon=0.00014871 beh=6.203501 w=0.080 lr=3.061e-04 time=0.33s
[RQ-VAE] epoch=2098 loss=0.49548322 recon=0.00014896 beh=6.212211 w=0.080 lr=3.058e-04 time=0.459s
[RQ-VAE] epoch=2099 loss=0.49647924 recon=0.00014877 beh=6.214309 w=0.080 lr=3.054e-04 time=0.382s
[RQ-VAE] epoch=2100 loss=0.49685299 recon=0.00014915 lr=3.051e-04 raw_unique=5407/24587 collision=0.780087 time=0.45s
[RQ-VAE] epoch=2101 loss=0.49772495 recon=0.00014941 beh=6.209168 w=0.080 lr=3.047e-04 time=0.426s
[RQ-VAE] epoch=2102 loss=0.49881020 recon=0.00014930 beh=6.212382 w=0.080 lr=3.044e-04 time=0.421s
[RQ-VAE] epoch=2103 loss=0.49960265 recon=0.00014931 beh=6.211933 w=0.080 lr=3.041e-04 time=0.512s
[RQ-VAE] epoch=2104 loss=0.50057852 recon=0.00014974 beh=6.213757 w=0.081 lr=3.037e-04 time=0.514s
[RQ-VAE] epoch=2105 loss=0.50124240 recon=0.00014988 beh=6.211716 w=0.081 lr=3.034e-04 time=0.474s
[RQ-VAE] epoch=2106 loss=0.50232142 recon=0.00015014 beh=6.214817 w=0.081 lr=3.031e-04 time=0.452s
[RQ-VAE] epoch=2107 loss=0.50267601 recon=0.00015015 beh=6.208957 w=0.081 lr=3.027e-04 time=0.503s
[RQ-VAE] epoch=2108 loss=0.50354958 recon=0.00015035 beh=6.209519 w=0.081 lr=3.024e-04 time=0.448s
[RQ-VAE] epoch=2109 loss=0.50355774 recon=0.00015018 beh=6.199411 w=0.081 lr=3.020e-04 time=0.439s
[RQ-VAE] epoch=2110 loss=0.50490999 recon=0.00015064 beh=6.205832 w=0.081 lr=3.017e-04 time=0.503s
[RQ-VAE] epoch=2111 loss=0.50541079 recon=0.00015047 beh=6.201820 w=0.081 lr=3.014e-04 time=0.467s
[RQ-VAE] epoch=2112 loss=0.50689864 recon=0.00014979 beh=6.209963 w=0.082 lr=3.010e-04 time=0.445s
[RQ-VAE] epoch=2113 loss=0.50794834 recon=0.00015017 beh=6.212690 w=0.082 lr=3.007e-04 time=0.502s
[RQ-VAE] epoch=2114 loss=0.50801897 recon=0.00015068 beh=6.203435 w=0.082 lr=3.003e-04 time=0.456s
[RQ-VAE] epoch=2115 loss=0.50874019 recon=0.00015018 beh=6.202146 w=0.082 lr=3.000e-04 time=0.399s
[RQ-VAE] epoch=2116 loss=0.50966066 recon=0.00015007 beh=6.203280 w=0.082 lr=2.997e-04 time=0.401s
[RQ-VAE] epoch=2117 loss=0.50992435 recon=0.00014984 beh=6.196416 w=0.082 lr=2.993e-04 time=0.472s
[RQ-VAE] epoch=2118 loss=0.51047730 recon=0.00014951 beh=6.193090 w=0.082 lr=2.990e-04 time=0.486s
[RQ-VAE] epoch=2119 loss=0.51179373 recon=0.00014945 beh=6.199027 w=0.083 lr=2.986e-04 time=0.484s
[RQ-VAE] epoch=2120 loss=0.51288760 recon=0.00014960 beh=6.202262 w=0.083 lr=2.983e-04 time=0.516s
[RQ-VAE] epoch=2121 loss=0.51365769 recon=0.00014965 beh=6.201571 w=0.083 lr=2.980e-04 time=0.42s
[RQ-VAE] epoch=2122 loss=0.51436830 recon=0.00014962 beh=6.200172 w=0.083 lr=2.976e-04 time=0.372s
[RQ-VAE] epoch=2123 loss=0.51534432 recon=0.00014955 beh=6.201974 w=0.083 lr=2.973e-04 time=0.437s
[RQ-VAE] epoch=2124 loss=0.51562560 recon=0.00014893 beh=6.195428 w=0.083 lr=2.969e-04 time=0.476s
[RQ-VAE] epoch=2125 loss=0.51693654 recon=0.00014866 beh=6.201252 w=0.083 lr=2.966e-04 time=0.495s
[RQ-VAE] epoch=2126 loss=0.51754034 recon=0.00014886 beh=6.198579 w=0.083 lr=2.963e-04 time=0.449s
[RQ-VAE] epoch=2127 loss=0.51851273 recon=0.00014891 beh=6.200326 w=0.084 lr=2.959e-04 time=0.45s
[RQ-VAE] epoch=2128 loss=0.51996267 recon=0.00014887 beh=6.207771 w=0.084 lr=2.956e-04 time=0.495s
[RQ-VAE] epoch=2129 loss=0.52113247 recon=0.00014912 beh=6.211853 w=0.084 lr=2.953e-04 time=0.492s
[RQ-VAE] epoch=2130 loss=0.52185285 recon=0.00014933 beh=6.210577 w=0.084 lr=2.949e-04 time=0.472s
[RQ-VAE] epoch=2131 loss=0.52268815 recon=0.00014999 beh=6.210660 w=0.084 lr=2.946e-04 time=0.454s
[RQ-VAE] epoch=2132 loss=0.52294475 recon=0.00015015 beh=6.203881 w=0.084 lr=2.942e-04 time=0.47s
[RQ-VAE] epoch=2133 loss=0.52431548 recon=0.00015129 beh=6.210311 w=0.084 lr=2.939e-04 time=0.499s
[RQ-VAE] epoch=2134 loss=0.52505040 recon=0.00015077 beh=6.209214 w=0.085 lr=2.936e-04 time=0.592s
[RQ-VAE] epoch=2135 loss=0.52528524 recon=0.00015058 beh=6.202202 w=0.085 lr=2.932e-04 time=0.488s
[RQ-VAE] epoch=2136 loss=0.52652371 recon=0.00015024 beh=6.207062 w=0.085 lr=2.929e-04 time=0.465s
[RQ-VAE] epoch=2137 loss=0.52719009 recon=0.00015010 beh=6.205163 w=0.085 lr=2.925e-04 time=0.481s
[RQ-VAE] epoch=2138 loss=0.52848041 recon=0.00014992 beh=6.210592 w=0.085 lr=2.922e-04 time=0.456s
[RQ-VAE] epoch=2139 loss=0.52947032 recon=0.00015012 beh=6.212495 w=0.085 lr=2.919e-04 time=0.472s
[RQ-VAE] epoch=2140 loss=0.52967447 recon=0.00014946 beh=6.205205 w=0.085 lr=2.915e-04 time=0.486s
[RQ-VAE] epoch=2141 loss=0.53088069 recon=0.00014968 beh=6.209642 w=0.085 lr=2.912e-04 time=0.426s
[RQ-VAE] epoch=2142 loss=0.53168994 recon=0.00014973 beh=6.209426 w=0.086 lr=2.908e-04 time=0.482s
[RQ-VAE] epoch=2143 loss=0.53185701 recon=0.00015023 beh=6.201717 w=0.086 lr=2.905e-04 time=0.481s
[RQ-VAE] epoch=2144 loss=0.53309774 recon=0.00015038 beh=6.206534 w=0.086 lr=2.902e-04 time=0.453s
[RQ-VAE] epoch=2145 loss=0.53405207 recon=0.00015006 beh=6.208014 w=0.086 lr=2.898e-04 time=0.384s
[RQ-VAE] epoch=2146 loss=0.53533137 recon=0.00015040 beh=6.213252 w=0.086 lr=2.895e-04 time=0.456s
[RQ-VAE] epoch=2147 loss=0.53564638 recon=0.00015062 beh=6.207292 w=0.086 lr=2.892e-04 time=0.423s
[RQ-VAE] epoch=2148 loss=0.53692460 recon=0.00015030 beh=6.212504 w=0.086 lr=2.888e-04 time=0.425s
[RQ-VAE] epoch=2149 loss=0.53751707 recon=0.00014996 beh=6.209777 w=0.087 lr=2.885e-04 time=0.444s
[RQ-VAE] epoch=2150 loss=0.53838807 recon=0.00014973 lr=2.881e-04 raw_unique=5188/24587 collision=0.788994 time=0.468s
[RQ-VAE] epoch=2151 loss=0.53871793 recon=0.00014999 beh=6.204537 w=0.087 lr=2.878e-04 time=0.423s
[RQ-VAE] epoch=2152 loss=0.53914905 recon=0.00014996 beh=6.199977 w=0.087 lr=2.875e-04 time=0.495s
[RQ-VAE] epoch=2153 loss=0.54049289 recon=0.00014976 beh=6.205915 w=0.087 lr=2.871e-04 time=0.47s
[RQ-VAE] epoch=2154 loss=0.54108167 recon=0.00015012 beh=6.203174 w=0.087 lr=2.868e-04 time=0.467s
[RQ-VAE] epoch=2155 loss=0.54269254 recon=0.00014966 beh=6.212153 w=0.087 lr=2.864e-04 time=0.476s
[RQ-VAE] epoch=2156 loss=0.54308850 recon=0.00014977 beh=6.207211 w=0.087 lr=2.861e-04 time=0.417s
[RQ-VAE] epoch=2157 loss=0.54363775 recon=0.00015038 beh=6.204023 w=0.088 lr=2.858e-04 time=0.487s
[RQ-VAE] epoch=2158 loss=0.54442585 recon=0.00014996 beh=6.203583 w=0.088 lr=2.854e-04 time=0.489s
[RQ-VAE] epoch=2159 loss=0.54518425 recon=0.00015081 beh=6.202793 w=0.088 lr=2.851e-04 time=0.433s
[RQ-VAE] epoch=2160 loss=0.54573286 recon=0.00015049 beh=6.199634 w=0.088 lr=2.847e-04 time=0.492s
[RQ-VAE] epoch=2161 loss=0.54624224 recon=0.00014992 beh=6.196031 w=0.088 lr=2.844e-04 time=0.433s
[RQ-VAE] epoch=2162 loss=0.54808557 recon=0.00015027 beh=6.207532 w=0.088 lr=2.841e-04 time=0.423s
[RQ-VAE] epoch=2163 loss=0.54799050 recon=0.00015074 beh=6.197074 w=0.088 lr=2.837e-04 time=0.651s
[RQ-VAE] epoch=2164 loss=0.54913658 recon=0.00015025 beh=6.200696 w=0.089 lr=2.834e-04 time=0.499s
[RQ-VAE] epoch=2165 loss=0.55000412 recon=0.00015005 beh=6.201163 w=0.089 lr=2.831e-04 time=0.509s
[RQ-VAE] epoch=2166 loss=0.55006242 recon=0.00014965 beh=6.192519 w=0.089 lr=2.827e-04 time=0.449s
[RQ-VAE] epoch=2167 loss=0.55229259 recon=0.00014959 beh=6.208326 w=0.089 lr=2.824e-04 time=0.482s
[RQ-VAE] epoch=2168 loss=0.55347914 recon=0.00014953 beh=6.212373 w=0.089 lr=2.820e-04 time=0.493s
[RQ-VAE] epoch=2169 loss=0.55389315 recon=0.00015000 beh=6.207727 w=0.089 lr=2.817e-04 time=0.437s
[RQ-VAE] epoch=2170 loss=0.55424988 recon=0.00015046 beh=6.202455 w=0.089 lr=2.814e-04 time=0.358s
[RQ-VAE] epoch=2171 loss=0.55491740 recon=0.00015012 beh=6.200676 w=0.089 lr=2.810e-04 time=0.453s
[RQ-VAE] epoch=2172 loss=0.55546963 recon=0.00014992 beh=6.197604 w=0.090 lr=2.807e-04 time=0.432s
[RQ-VAE] epoch=2173 loss=0.55600429 recon=0.00015028 beh=6.194347 w=0.090 lr=2.803e-04 time=0.495s
[RQ-VAE] epoch=2174 loss=0.55732346 recon=0.00014943 beh=6.199855 w=0.090 lr=2.800e-04 time=0.48s
[RQ-VAE] epoch=2175 loss=0.55871218 recon=0.00014928 beh=6.206104 w=0.090 lr=2.797e-04 time=0.47s
[RQ-VAE] epoch=2176 loss=0.55897993 recon=0.00014900 beh=6.199899 w=0.090 lr=2.793e-04 time=0.461s
[RQ-VAE] epoch=2177 loss=0.56023401 recon=0.00014881 beh=6.204633 w=0.090 lr=2.790e-04 time=0.443s
[RQ-VAE] epoch=2178 loss=0.56149417 recon=0.00014898 beh=6.209418 w=0.090 lr=2.786e-04 time=0.452s
[RQ-VAE] epoch=2179 loss=0.56202495 recon=0.00014936 beh=6.206129 w=0.091 lr=2.783e-04 time=0.493s
[RQ-VAE] epoch=2180 loss=0.56331480 recon=0.00014942 beh=6.211224 w=0.091 lr=2.780e-04 time=0.418s
[RQ-VAE] epoch=2181 loss=0.56341076 recon=0.00014949 beh=6.203154 w=0.091 lr=2.776e-04 time=0.439s
[RQ-VAE] epoch=2182 loss=0.56486797 recon=0.00014917 beh=6.210095 w=0.091 lr=2.773e-04 time=0.473s
[RQ-VAE] epoch=2183 loss=0.56521463 recon=0.00014879 beh=6.204817 w=0.091 lr=2.769e-04 time=0.597s
[RQ-VAE] epoch=2184 loss=0.56678873 recon=0.00014917 beh=6.213003 w=0.091 lr=2.766e-04 time=0.475s
[RQ-VAE] epoch=2185 loss=0.56742489 recon=0.00014873 beh=6.210907 w=0.091 lr=2.763e-04 time=0.453s
[RQ-VAE] epoch=2186 loss=0.56795824 recon=0.00014975 beh=6.207680 w=0.091 lr=2.759e-04 time=0.448s
[RQ-VAE] epoch=2187 loss=0.56841451 recon=0.00014957 beh=6.203622 w=0.092 lr=2.756e-04 time=0.424s
[RQ-VAE] epoch=2188 loss=0.56962937 recon=0.00014924 beh=6.207850 w=0.092 lr=2.753e-04 time=0.441s
[RQ-VAE] epoch=2189 loss=0.56959331 recon=0.00014912 beh=6.198448 w=0.092 lr=2.749e-04 time=0.407s
[RQ-VAE] epoch=2190 loss=0.57142854 recon=0.00014920 beh=6.209412 w=0.092 lr=2.746e-04 time=0.387s
[RQ-VAE] epoch=2191 loss=0.57197130 recon=0.00014907 beh=6.206322 w=0.092 lr=2.742e-04 time=0.505s
[RQ-VAE] epoch=2192 loss=0.57298696 recon=0.00014899 beh=6.208360 w=0.092 lr=2.739e-04 time=0.435s
[RQ-VAE] epoch=2193 loss=0.57375741 recon=0.00014914 beh=6.207737 w=0.092 lr=2.736e-04 time=0.431s
[RQ-VAE] epoch=2194 loss=0.57541209 recon=0.00014926 beh=6.216676 w=0.093 lr=2.732e-04 time=0.461s
[RQ-VAE] epoch=2195 loss=0.57585424 recon=0.00014924 beh=6.212507 w=0.093 lr=2.729e-04 time=0.382s
[RQ-VAE] epoch=2196 loss=0.57603687 recon=0.00014922 beh=6.205554 w=0.093 lr=2.725e-04 time=0.414s
[RQ-VAE] epoch=2197 loss=0.57690394 recon=0.00014920 beh=6.205980 w=0.093 lr=2.722e-04 time=0.48s
[RQ-VAE] epoch=2198 loss=0.57771653 recon=0.00014945 beh=6.205811 w=0.093 lr=2.719e-04 time=0.627s
[RQ-VAE] epoch=2199 loss=0.57927465 recon=0.00014913 beh=6.213647 w=0.093 lr=2.715e-04 time=0.471s
[RQ-VAE] epoch=2200 loss=0.57987046 recon=0.00014990 lr=2.712e-04 raw_unique=5858/24587 collision=0.761744 time=0.477s
[RQ-VAE] epoch=2201 loss=0.58098334 recon=0.00014996 beh=6.214183 w=0.093 lr=2.708e-04 time=0.496s
[RQ-VAE] epoch=2202 loss=0.58109951 recon=0.00014979 beh=6.206576 w=0.094 lr=2.705e-04 time=0.438s
[RQ-VAE] epoch=2203 loss=0.58228648 recon=0.00014970 beh=6.210411 w=0.094 lr=2.702e-04 time=0.463s
[RQ-VAE] epoch=2204 loss=0.58318222 recon=0.00014925 beh=6.211142 w=0.094 lr=2.698e-04 time=0.457s
[RQ-VAE] epoch=2205 loss=0.58361447 recon=0.00014875 beh=6.206935 w=0.094 lr=2.695e-04 time=0.482s
[RQ-VAE] epoch=2206 loss=0.58466387 recon=0.00014884 beh=6.209288 w=0.094 lr=2.692e-04 time=0.473s
[RQ-VAE] epoch=2207 loss=0.58567941 recon=0.00014873 beh=6.211282 w=0.094 lr=2.688e-04 time=0.463s
[RQ-VAE] epoch=2208 loss=0.58632100 recon=0.00014986 beh=6.209288 w=0.094 lr=2.685e-04 time=0.447s
[RQ-VAE] epoch=2209 loss=0.58675611 recon=0.00015053 beh=6.205117 w=0.095 lr=2.681e-04 time=0.43s
[RQ-VAE] epoch=2210 loss=0.58725095 recon=0.00014992 beh=6.201606 w=0.095 lr=2.678e-04 time=0.438s
[RQ-VAE] epoch=2211 loss=0.58877999 recon=0.00014944 beh=6.209025 w=0.095 lr=2.675e-04 time=0.454s
[RQ-VAE] epoch=2212 loss=0.58915180 recon=0.00014902 beh=6.204230 w=0.095 lr=2.671e-04 time=0.466s
[RQ-VAE] epoch=2213 loss=0.59040725 recon=0.00014860 beh=6.208741 w=0.095 lr=2.668e-04 time=0.438s
[RQ-VAE] epoch=2214 loss=0.59180796 recon=0.00014920 beh=6.214755 w=0.095 lr=2.664e-04 time=2.845s
[RQ-VAE] epoch=2215 loss=0.59215814 recon=0.00014917 beh=6.209744 w=0.095 lr=2.661e-04 time=0.176s
[RQ-VAE] epoch=2216 loss=0.59330392 recon=0.00014888 beh=6.213078 w=0.095 lr=2.658e-04 time=0.171s
[RQ-VAE] epoch=2217 loss=0.59389186 recon=0.00014940 beh=6.210554 w=0.096 lr=2.654e-04 time=0.205s
[RQ-VAE] epoch=2218 loss=0.59506202 recon=0.00014952 beh=6.214124 w=0.096 lr=2.651e-04 time=0.202s
[RQ-VAE] epoch=2219 loss=0.59527451 recon=0.00014922 beh=6.207702 w=0.096 lr=2.647e-04 time=0.432s
[RQ-VAE] epoch=2220 loss=0.59677374 recon=0.00014925 beh=6.214694 w=0.096 lr=2.644e-04 time=0.466s
[RQ-VAE] epoch=2221 loss=0.59695387 recon=0.00014931 beh=6.207950 w=0.096 lr=2.641e-04 time=0.46s
[RQ-VAE] epoch=2222 loss=0.59835362 recon=0.00014994 beh=6.213889 w=0.096 lr=2.637e-04 time=0.464s
[RQ-VAE] epoch=2223 loss=0.59878135 recon=0.00014996 beh=6.209735 w=0.096 lr=2.634e-04 time=0.174s
[RQ-VAE] epoch=2224 loss=0.59942627 recon=0.00014998 beh=6.207833 w=0.097 lr=2.631e-04 time=0.514s
[RQ-VAE] epoch=2225 loss=0.60059178 recon=0.00014982 beh=6.211315 w=0.097 lr=2.627e-04 time=0.491s
[RQ-VAE] epoch=2226 loss=0.60091454 recon=0.00015049 beh=6.206084 w=0.097 lr=2.624e-04 time=0.431s
[RQ-VAE] epoch=2227 loss=0.60224724 recon=0.00015060 beh=6.211303 w=0.097 lr=2.620e-04 time=0.45s
[RQ-VAE] epoch=2228 loss=0.60326123 recon=0.00015086 beh=6.213219 w=0.097 lr=2.617e-04 time=0.447s
[RQ-VAE] epoch=2229 loss=0.60372651 recon=0.00015107 beh=6.209482 w=0.097 lr=2.614e-04 time=0.477s
[RQ-VAE] epoch=2230 loss=0.60402739 recon=0.00015010 beh=6.204074 w=0.097 lr=2.610e-04 time=0.485s
[RQ-VAE] epoch=2231 loss=0.60488528 recon=0.00015030 beh=6.204375 w=0.097 lr=2.607e-04 time=0.436s
[RQ-VAE] epoch=2232 loss=0.60605508 recon=0.00015077 beh=6.207870 w=0.098 lr=2.603e-04 time=0.436s
[RQ-VAE] epoch=2233 loss=0.60742390 recon=0.00015007 beh=6.213410 w=0.098 lr=2.600e-04 time=0.507s
[RQ-VAE] epoch=2234 loss=0.60767478 recon=0.00015003 beh=6.207511 w=0.098 lr=2.597e-04 time=0.582s
[RQ-VAE] epoch=2235 loss=0.60815310 recon=0.00014985 beh=6.203951 w=0.098 lr=2.593e-04 time=0.458s
[RQ-VAE] epoch=2236 loss=0.60905135 recon=0.00015015 beh=6.204681 w=0.098 lr=2.590e-04 time=0.494s
[RQ-VAE] epoch=2237 loss=0.61008722 recon=0.00015015 beh=6.206809 w=0.098 lr=2.586e-04 time=0.529s
[RQ-VAE] epoch=2238 loss=0.61068779 recon=0.00015048 beh=6.204500 w=0.098 lr=2.583e-04 time=0.468s
[RQ-VAE] epoch=2239 loss=0.61225891 recon=0.00015006 beh=6.212051 w=0.099 lr=2.580e-04 time=0.491s
[RQ-VAE] epoch=2240 loss=0.61347270 recon=0.00014991 beh=6.215961 w=0.099 lr=2.576e-04 time=0.523s
[RQ-VAE] epoch=2241 loss=0.61378658 recon=0.00014943 beh=6.210747 w=0.099 lr=2.573e-04 time=0.443s
[RQ-VAE] epoch=2242 loss=0.61519146 recon=0.00014879 beh=6.216583 w=0.099 lr=2.569e-04 time=0.453s
[RQ-VAE] epoch=2243 loss=0.61553758 recon=0.00014901 beh=6.211708 w=0.099 lr=2.566e-04 time=0.418s
[RQ-VAE] epoch=2244 loss=0.61599064 recon=0.00014862 beh=6.207933 w=0.099 lr=2.563e-04 time=0.493s
[RQ-VAE] epoch=2245 loss=0.61704540 recon=0.00014874 beh=6.210215 w=0.099 lr=2.559e-04 time=0.364s
[RQ-VAE] epoch=2246 loss=0.61759228 recon=0.00014912 beh=6.207384 w=0.099 lr=2.556e-04 time=0.356s
[RQ-VAE] epoch=2247 loss=0.61832368 recon=0.00014885 beh=6.206416 w=0.100 lr=2.553e-04 time=0.422s
[RQ-VAE] epoch=2248 loss=0.61890030 recon=0.00014890 beh=6.203885 w=0.100 lr=2.549e-04 time=0.5s
[RQ-VAE] epoch=2249 loss=0.61993778 recon=0.00014925 beh=6.205986 w=0.100 lr=2.546e-04 time=0.417s
[RQ-VAE] epoch=2250 loss=0.62188584 recon=0.00014906 lr=2.542e-04 raw_unique=5499/24587 collision=0.776345 time=0.443s
[RQ-VAE] epoch=2251 loss=0.62142110 recon=0.00014931 beh=6.204281 w=0.100 lr=2.539e-04 time=0.503s
[RQ-VAE] epoch=2252 loss=0.62231594 recon=0.00014982 beh=6.204950 w=0.100 lr=2.536e-04 time=0.488s
[RQ-VAE] epoch=2253 loss=0.62328291 recon=0.00014971 beh=6.206338 w=0.100 lr=2.532e-04 time=3.066s
[RQ-VAE] epoch=2254 loss=0.62435961 recon=0.00014928 beh=6.208820 w=0.101 lr=2.529e-04 time=0.871s
[RQ-VAE] epoch=2255 loss=0.62538582 recon=0.00014929 beh=6.210796 w=0.101 lr=2.525e-04 time=0.977s
[RQ-VAE] epoch=2256 loss=0.62564468 recon=0.00014943 beh=6.205153 w=0.101 lr=2.522e-04 time=0.421s
[RQ-VAE] epoch=2257 loss=0.62664330 recon=0.00014949 beh=6.206855 w=0.101 lr=2.519e-04 time=0.441s
[RQ-VAE] epoch=2258 loss=0.62726915 recon=0.00014950 beh=6.204861 w=0.101 lr=2.515e-04 time=0.44s
[RQ-VAE] epoch=2259 loss=0.62728065 recon=0.00014981 beh=6.196800 w=0.101 lr=2.512e-04 time=0.486s
[RQ-VAE] epoch=2260 loss=0.62930483 recon=0.00014912 beh=6.208631 w=0.101 lr=2.508e-04 time=0.455s
[RQ-VAE] epoch=2261 loss=0.63040483 recon=0.00014948 beh=6.211312 w=0.101 lr=2.505e-04 time=0.472s
[RQ-VAE] epoch=2262 loss=0.63098562 recon=0.00014926 beh=6.208880 w=0.102 lr=2.502e-04 time=0.436s
[RQ-VAE] epoch=2263 loss=0.63290560 recon=0.00014930 beh=6.219623 w=0.102 lr=2.498e-04 time=0.425s
[RQ-VAE] epoch=2264 loss=0.63250363 recon=0.00014925 beh=6.207540 w=0.102 lr=2.495e-04 time=0.44s
[RQ-VAE] epoch=2265 loss=0.63350040 recon=0.00014916 beh=6.209202 w=0.102 lr=2.492e-04 time=0.434s
[RQ-VAE] epoch=2266 loss=0.63359344 recon=0.00014907 beh=6.202009 w=0.102 lr=2.488e-04 time=0.466s
[RQ-VAE] epoch=2267 loss=0.63487422 recon=0.00014929 beh=6.206441 w=0.102 lr=2.485e-04 time=0.604s
[RQ-VAE] epoch=2268 loss=0.63606375 recon=0.00014978 beh=6.209970 w=0.102 lr=2.481e-04 time=0.363s
[RQ-VAE] epoch=2269 loss=0.63711935 recon=0.00014965 beh=6.212192 w=0.103 lr=2.478e-04 time=0.173s
[RQ-VAE] epoch=2270 loss=0.63754135 recon=0.00015020 beh=6.208229 w=0.103 lr=2.475e-04 time=0.176s
[RQ-VAE] epoch=2271 loss=0.63843089 recon=0.00015038 beh=6.208832 w=0.103 lr=2.471e-04 time=0.188s
[RQ-VAE] epoch=2272 loss=0.63856649 recon=0.00015033 beh=6.202106 w=0.103 lr=2.468e-04 time=0.485s
[RQ-VAE] epoch=2273 loss=0.63932002 recon=0.00015024 beh=6.201390 w=0.103 lr=2.464e-04 time=0.43s
[RQ-VAE] epoch=2274 loss=0.64031541 recon=0.00015023 beh=6.203024 w=0.103 lr=2.461e-04 time=0.444s
[RQ-VAE] epoch=2275 loss=0.64171374 recon=0.00015015 beh=6.208550 w=0.103 lr=2.458e-04 time=0.461s
[RQ-VAE] epoch=2276 loss=0.64282680 recon=0.00015016 beh=6.211301 w=0.103 lr=2.454e-04 time=0.454s
[RQ-VAE] epoch=2277 loss=0.64345109 recon=0.00014994 beh=6.209334 w=0.104 lr=2.451e-04 time=0.433s
[RQ-VAE] epoch=2278 loss=0.64327681 recon=0.00014969 beh=6.199676 w=0.104 lr=2.447e-04 time=0.485s
[RQ-VAE] epoch=2279 loss=0.64399993 recon=0.00014953 beh=6.198680 w=0.104 lr=2.444e-04 time=0.484s
[RQ-VAE] epoch=2280 loss=0.64524174 recon=0.00014966 beh=6.202672 w=0.104 lr=2.441e-04 time=0.465s
[RQ-VAE] epoch=2281 loss=0.64609540 recon=0.00014982 beh=6.202931 w=0.104 lr=2.437e-04 time=0.446s
[RQ-VAE] epoch=2282 loss=0.64743245 recon=0.00014958 beh=6.207827 w=0.104 lr=2.434e-04 time=0.462s
[RQ-VAE] epoch=2283 loss=0.64876956 recon=0.00014938 beh=6.212712 w=0.104 lr=2.431e-04 time=0.453s
[RQ-VAE] epoch=2284 loss=0.64900571 recon=0.00014923 beh=6.207051 w=0.105 lr=2.427e-04 time=0.593s
[RQ-VAE] epoch=2285 loss=0.64988935 recon=0.00014969 beh=6.207581 w=0.105 lr=2.424e-04 time=0.51s
[RQ-VAE] epoch=2286 loss=0.65111327 recon=0.00014976 beh=6.211360 w=0.105 lr=2.420e-04 time=0.495s
[RQ-VAE] epoch=2287 loss=0.65184551 recon=0.00014974 beh=6.210448 w=0.105 lr=2.417e-04 time=0.458s
[RQ-VAE] epoch=2288 loss=0.65228009 recon=0.00014947 beh=6.206704 w=0.105 lr=2.414e-04 time=0.454s
[RQ-VAE] epoch=2289 loss=0.65351772 recon=0.00014949 beh=6.210600 w=0.105 lr=2.410e-04 time=0.452s
[RQ-VAE] epoch=2290 loss=0.65504706 recon=0.00014960 beh=6.217253 w=0.105 lr=2.407e-04 time=0.451s
[RQ-VAE] epoch=2291 loss=0.65473503 recon=0.00014954 beh=6.206439 w=0.105 lr=2.403e-04 time=0.457s
[RQ-VAE] epoch=2292 loss=0.65558445 recon=0.00014940 beh=6.206650 w=0.106 lr=2.400e-04 time=0.437s
[RQ-VAE] epoch=2293 loss=0.65514469 recon=0.00014966 beh=6.194656 w=0.106 lr=2.397e-04 time=0.464s
[RQ-VAE] epoch=2294 loss=0.65685523 recon=0.00014988 beh=6.203011 w=0.106 lr=2.393e-04 time=0.498s
[RQ-VAE] epoch=2295 loss=0.65819818 recon=0.00015005 beh=6.207876 w=0.106 lr=2.390e-04 time=0.33s
[RQ-VAE] epoch=2296 loss=0.65863788 recon=0.00014965 beh=6.204223 w=0.106 lr=2.386e-04 time=0.172s
[RQ-VAE] epoch=2297 loss=0.66016221 recon=0.00014939 beh=6.210788 w=0.106 lr=2.383e-04 time=0.171s
[RQ-VAE] epoch=2298 loss=0.66050702 recon=0.00014903 beh=6.206253 w=0.106 lr=2.380e-04 time=0.193s
[RQ-VAE] epoch=2299 loss=0.66107869 recon=0.00014861 beh=6.203855 w=0.107 lr=2.376e-04 time=0.502s
[RQ-VAE] epoch=2300 loss=0.66257340 recon=0.00014903 lr=2.373e-04 raw_unique=6340/24587 collision=0.742140 time=0.424s
[RQ-VAE] epoch=2301 loss=0.66315413 recon=0.00014891 beh=6.207791 w=0.107 lr=2.369e-04 time=0.439s
[RQ-VAE] epoch=2302 loss=0.66324860 recon=0.00014964 beh=6.200924 w=0.107 lr=2.366e-04 time=0.46s
[RQ-VAE] epoch=2303 loss=0.66469508 recon=0.00014944 beh=6.206711 w=0.107 lr=2.363e-04 time=0.589s
[RQ-VAE] epoch=2304 loss=0.66558951 recon=0.00014944 beh=6.207341 w=0.107 lr=2.359e-04 time=0.473s
[RQ-VAE] epoch=2305 loss=0.66629785 recon=0.00014918 beh=6.206235 w=0.107 lr=2.356e-04 time=0.448s
[RQ-VAE] epoch=2306 loss=0.66693825 recon=0.00014954 beh=6.204493 w=0.107 lr=2.353e-04 time=0.48s
[RQ-VAE] epoch=2307 loss=0.66883445 recon=0.00014927 beh=6.214428 w=0.108 lr=2.349e-04 time=0.422s
[RQ-VAE] epoch=2308 loss=0.66848546 recon=0.00014924 beh=6.203496 w=0.108 lr=2.346e-04 time=0.506s
[RQ-VAE] epoch=2309 loss=0.66879100 recon=0.00014915 beh=6.198659 w=0.108 lr=2.342e-04 time=0.443s
[RQ-VAE] epoch=2310 loss=0.67125535 recon=0.00014921 beh=6.213828 w=0.108 lr=2.339e-04 time=0.284s
[RQ-VAE] epoch=2311 loss=0.67245024 recon=0.00014956 beh=6.217215 w=0.108 lr=2.336e-04 time=0.459s
[RQ-VAE] epoch=2312 loss=0.67353022 recon=0.00014935 beh=6.219538 w=0.108 lr=2.332e-04 time=0.415s
[RQ-VAE] epoch=2313 loss=0.67341387 recon=0.00014940 beh=6.210814 w=0.108 lr=2.329e-04 time=0.453s
[RQ-VAE] epoch=2314 loss=0.67482632 recon=0.00014985 beh=6.216195 w=0.109 lr=2.325e-04 time=0.433s
[RQ-VAE] epoch=2315 loss=0.67489737 recon=0.00014951 beh=6.209224 w=0.109 lr=2.322e-04 time=0.433s
[RQ-VAE] epoch=2316 loss=0.67635727 recon=0.00014969 beh=6.215031 w=0.109 lr=2.319e-04 time=0.481s
[RQ-VAE] epoch=2317 loss=0.67624521 recon=0.00014976 beh=6.206392 w=0.109 lr=2.315e-04 time=0.498s
[RQ-VAE] epoch=2318 loss=0.67782974 recon=0.00015014 beh=6.213327 w=0.109 lr=2.312e-04 time=1.04s
[RQ-VAE] epoch=2319 loss=0.67855000 recon=0.00015029 beh=6.212333 w=0.109 lr=2.308e-04 time=0.488s
[RQ-VAE] epoch=2320 loss=0.67860407 recon=0.00015039 beh=6.205248 w=0.109 lr=2.305e-04 time=0.434s
[RQ-VAE] epoch=2321 loss=0.67853379 recon=0.00015039 beh=6.197048 w=0.109 lr=2.302e-04 time=0.291s
[RQ-VAE] epoch=2322 loss=0.68090051 recon=0.00015001 beh=6.211112 w=0.110 lr=2.298e-04 time=0.412s
[RQ-VAE] epoch=2323 loss=0.68154371 recon=0.00015005 beh=6.209424 w=0.110 lr=2.295e-04 time=0.481s
[RQ-VAE] epoch=2324 loss=0.68201298 recon=0.00015024 beh=6.206152 w=0.110 lr=2.292e-04 time=0.495s
[RQ-VAE] epoch=2325 loss=0.68270802 recon=0.00015057 beh=6.204939 w=0.110 lr=2.288e-04 time=0.415s
[RQ-VAE] epoch=2326 loss=0.68436641 recon=0.00014999 beh=6.212493 w=0.110 lr=2.285e-04 time=0.504s
[RQ-VAE] epoch=2327 loss=0.68533140 recon=0.00014957 beh=6.213741 w=0.110 lr=2.281e-04 time=0.479s
[RQ-VAE] epoch=2328 loss=0.68578327 recon=0.00014882 beh=6.210340 w=0.110 lr=2.278e-04 time=0.486s
[RQ-VAE] epoch=2329 loss=0.68669963 recon=0.00014873 beh=6.211140 w=0.111 lr=2.275e-04 time=0.445s
[RQ-VAE] epoch=2330 loss=0.68751633 recon=0.00014875 beh=6.211034 w=0.111 lr=2.271e-04 time=0.426s
[RQ-VAE] epoch=2331 loss=0.68855870 recon=0.00014929 beh=6.212961 w=0.111 lr=2.268e-04 time=0.446s
[RQ-VAE] epoch=2332 loss=0.68953246 recon=0.00014883 beh=6.214273 w=0.111 lr=2.264e-04 time=0.413s
[RQ-VAE] epoch=2333 loss=0.69049734 recon=0.00014905 beh=6.215500 w=0.111 lr=2.261e-04 time=0.439s
[RQ-VAE] epoch=2334 loss=0.69090205 recon=0.00014897 beh=6.211686 w=0.111 lr=2.258e-04 time=0.451s
[RQ-VAE] epoch=2335 loss=0.69135058 recon=0.00014905 beh=6.208276 w=0.111 lr=2.254e-04 time=0.429s
[RQ-VAE] epoch=2336 loss=0.69258046 recon=0.00014934 beh=6.211884 w=0.111 lr=2.251e-04 time=0.86s
[RQ-VAE] epoch=2337 loss=0.69324505 recon=0.00014936 beh=6.210416 w=0.112 lr=2.247e-04 time=0.485s
[RQ-VAE] epoch=2338 loss=0.69421160 recon=0.00014953 beh=6.211654 w=0.112 lr=2.244e-04 time=0.447s
[RQ-VAE] epoch=2339 loss=0.69413257 recon=0.00014913 beh=6.203546 w=0.112 lr=2.241e-04 time=0.451s
[RQ-VAE] epoch=2340 loss=0.69523406 recon=0.00014914 beh=6.205997 w=0.112 lr=2.237e-04 time=0.455s
[RQ-VAE] epoch=2341 loss=0.69724190 recon=0.00014894 beh=6.216524 w=0.112 lr=2.234e-04 time=0.459s
[RQ-VAE] epoch=2342 loss=0.69794118 recon=0.00014847 beh=6.215375 w=0.112 lr=2.231e-04 time=0.456s
[RQ-VAE] epoch=2343 loss=0.69881570 recon=0.00014882 beh=6.215780 w=0.112 lr=2.227e-04 time=0.424s
[RQ-VAE] epoch=2344 loss=0.69982541 recon=0.00014834 beh=6.217395 w=0.113 lr=2.224e-04 time=0.459s
[RQ-VAE] epoch=2345 loss=0.70027572 recon=0.00014845 beh=6.214035 w=0.113 lr=2.220e-04 time=0.507s
[RQ-VAE] epoch=2346 loss=0.70111537 recon=0.00014913 beh=6.214127 w=0.113 lr=2.217e-04 time=0.466s
[RQ-VAE] epoch=2347 loss=0.70174277 recon=0.00014908 beh=6.212348 w=0.113 lr=2.214e-04 time=0.34s
[RQ-VAE] epoch=2348 loss=0.70256609 recon=0.00014875 beh=6.212306 w=0.113 lr=2.210e-04 time=0.445s
[RQ-VAE] epoch=2349 loss=0.70290238 recon=0.00014907 beh=6.207958 w=0.113 lr=2.207e-04 time=0.507s
[RQ-VAE] epoch=2350 loss=0.70413524 recon=0.00014940 lr=2.203e-04 raw_unique=6878/24587 collision=0.720259 time=0.47s
[RQ-VAE] epoch=2351 loss=0.70545876 recon=0.00014913 beh=6.215892 w=0.113 lr=2.200e-04 time=0.443s
[RQ-VAE] epoch=2352 loss=0.70608300 recon=0.00014953 beh=6.214080 w=0.114 lr=2.197e-04 time=0.439s
[RQ-VAE] epoch=2353 loss=0.70675379 recon=0.00015014 beh=6.212686 w=0.114 lr=2.193e-04 time=0.461s
[RQ-VAE] epoch=2354 loss=0.70696604 recon=0.00015013 beh=6.207275 w=0.114 lr=2.190e-04 time=0.477s
[RQ-VAE] epoch=2355 loss=0.70828670 recon=0.00014977 beh=6.211603 w=0.114 lr=2.186e-04 time=0.418s
[RQ-VAE] epoch=2356 loss=0.70886606 recon=0.00014953 beh=6.209428 w=0.114 lr=2.183e-04 time=0.427s
[RQ-VAE] epoch=2357 loss=0.70978051 recon=0.00014961 beh=6.210183 w=0.114 lr=2.180e-04 time=0.491s
[RQ-VAE] epoch=2358 loss=0.71077788 recon=0.00014983 beh=6.211664 w=0.114 lr=2.176e-04 time=0.491s
[RQ-VAE] epoch=2359 loss=0.71135473 recon=0.00014901 beh=6.209479 w=0.115 lr=2.173e-04 time=0.341s
[RQ-VAE] epoch=2360 loss=0.71171415 recon=0.00014896 beh=6.205395 w=0.115 lr=2.169e-04 time=0.466s
[RQ-VAE] epoch=2361 loss=0.71238577 recon=0.00014892 beh=6.204037 w=0.115 lr=2.166e-04 time=0.441s
[RQ-VAE] epoch=2362 loss=0.71350396 recon=0.00014894 beh=6.206567 w=0.115 lr=2.163e-04 time=0.485s
[RQ-VAE] epoch=2363 loss=0.71509123 recon=0.00014909 beh=6.213167 w=0.115 lr=2.159e-04 time=0.442s
[RQ-VAE] epoch=2364 loss=0.71571338 recon=0.00014967 beh=6.211371 w=0.115 lr=2.156e-04 time=0.465s
[RQ-VAE] epoch=2365 loss=0.71591794 recon=0.00014949 beh=6.205970 w=0.115 lr=2.153e-04 time=0.493s
[RQ-VAE] epoch=2366 loss=0.71784449 recon=0.00014950 beh=6.215489 w=0.115 lr=2.149e-04 time=0.474s
[RQ-VAE] epoch=2367 loss=0.71701413 recon=0.00014959 beh=6.201135 w=0.116 lr=2.146e-04 time=0.452s
[RQ-VAE] epoch=2368 loss=0.71773040 recon=0.00014927 beh=6.200181 w=0.116 lr=2.142e-04 time=0.472s
[RQ-VAE] epoch=2369 loss=0.71987087 recon=0.00014898 beh=6.211521 w=0.116 lr=2.139e-04 time=0.462s
[RQ-VAE] epoch=2370 loss=0.72030056 recon=0.00014971 beh=6.208069 w=0.116 lr=2.136e-04 time=0.468s
[RQ-VAE] epoch=2371 loss=0.72085536 recon=0.00014997 beh=6.205710 w=0.116 lr=2.132e-04 time=0.462s
[RQ-VAE] epoch=2372 loss=0.72251487 recon=0.00014905 beh=6.212880 w=0.116 lr=2.129e-04 time=0.371s
[RQ-VAE] epoch=2373 loss=0.72318953 recon=0.00014850 beh=6.211569 w=0.116 lr=2.125e-04 time=0.453s
[RQ-VAE] epoch=2374 loss=0.72395408 recon=0.00014898 beh=6.211020 w=0.117 lr=2.122e-04 time=0.517s
[RQ-VAE] epoch=2375 loss=0.72433347 recon=0.00014921 beh=6.207177 w=0.117 lr=2.119e-04 time=0.599s
[RQ-VAE] epoch=2376 loss=0.72487682 recon=0.00014902 beh=6.204744 w=0.117 lr=2.115e-04 time=0.524s
[RQ-VAE] epoch=2377 loss=0.72609961 recon=0.00014909 beh=6.208123 w=0.117 lr=2.112e-04 time=0.473s
[RQ-VAE] epoch=2378 loss=0.72751987 recon=0.00014907 beh=6.213183 w=0.117 lr=2.108e-04 time=0.447s
[RQ-VAE] epoch=2379 loss=0.72877431 recon=0.00014905 beh=6.216818 w=0.117 lr=2.105e-04 time=0.468s
[RQ-VAE] epoch=2380 loss=0.72949016 recon=0.00014922 beh=6.215854 w=0.117 lr=2.102e-04 time=0.468s
[RQ-VAE] epoch=2381 loss=0.72957671 recon=0.00014930 beh=6.209538 w=0.117 lr=2.098e-04 time=0.473s
[RQ-VAE] epoch=2382 loss=0.73024344 recon=0.00014901 beh=6.208173 w=0.118 lr=2.095e-04 time=0.468s
[RQ-VAE] epoch=2383 loss=0.73169202 recon=0.00014902 beh=6.213444 w=0.118 lr=2.092e-04 time=0.492s
[RQ-VAE] epoch=2384 loss=0.73225665 recon=0.00014865 beh=6.211207 w=0.118 lr=2.088e-04 time=0.308s
[RQ-VAE] epoch=2385 loss=0.73290956 recon=0.00014907 beh=6.209717 w=0.118 lr=2.085e-04 time=0.479s
[RQ-VAE] epoch=2386 loss=0.73408461 recon=0.00014883 beh=6.212658 w=0.118 lr=2.081e-04 time=0.489s
[RQ-VAE] epoch=2387 loss=0.73398250 recon=0.00014869 beh=6.204792 w=0.118 lr=2.078e-04 time=0.455s
[RQ-VAE] epoch=2388 loss=0.73631805 recon=0.00014892 beh=6.217527 w=0.118 lr=2.075e-04 time=0.475s
[RQ-VAE] epoch=2389 loss=0.73662323 recon=0.00014863 beh=6.213109 w=0.119 lr=2.071e-04 time=0.463s
[RQ-VAE] epoch=2390 loss=0.73701394 recon=0.00014882 beh=6.209414 w=0.119 lr=2.068e-04 time=0.511s
[RQ-VAE] epoch=2391 loss=0.73765320 recon=0.00014825 beh=6.207836 w=0.119 lr=2.064e-04 time=0.53s
[RQ-VAE] epoch=2392 loss=0.73854482 recon=0.00014815 beh=6.208378 w=0.119 lr=2.061e-04 time=0.491s
[RQ-VAE] epoch=2393 loss=0.74020362 recon=0.00014843 beh=6.215358 w=0.119 lr=2.058e-04 time=0.446s
[RQ-VAE] epoch=2394 loss=0.74101305 recon=0.00014807 beh=6.215200 w=0.119 lr=2.054e-04 time=0.465s
[RQ-VAE] epoch=2395 loss=0.74149430 recon=0.00014801 beh=6.212288 w=0.119 lr=2.051e-04 time=0.458s
[RQ-VAE] epoch=2396 loss=0.74185240 recon=0.00014821 beh=6.208345 w=0.119 lr=2.047e-04 time=0.496s
[RQ-VAE] epoch=2397 loss=0.74316365 recon=0.00014823 beh=6.212389 w=0.120 lr=2.044e-04 time=0.349s
[RQ-VAE] epoch=2398 loss=0.74351168 recon=0.00014899 beh=6.208373 w=0.120 lr=2.041e-04 time=0.463s
[RQ-VAE] epoch=2399 loss=0.74462891 recon=0.00014882 beh=6.210788 w=0.120 lr=2.037e-04 time=0.493s
[RQ-VAE] epoch=2400 loss=0.74471653 recon=0.00014882 lr=2.034e-04 raw_unique=6545/24587 collision=0.733802 time=0.425s
[RQ-VAE] epoch=2401 loss=0.74571890 recon=0.00014907 beh=6.206074 w=0.120 lr=2.031e-04 time=0.458s
[RQ-VAE] epoch=2402 loss=0.74731922 recon=0.00014884 beh=6.212502 w=0.120 lr=2.027e-04 time=0.447s
[RQ-VAE] epoch=2403 loss=0.74855560 recon=0.00014907 beh=6.215889 w=0.120 lr=2.024e-04 time=0.466s
[RQ-VAE] epoch=2404 loss=0.74888748 recon=0.00014910 beh=6.211766 w=0.121 lr=2.020e-04 time=0.56s
[RQ-VAE] epoch=2405 loss=0.74980044 recon=0.00014923 beh=6.212466 w=0.121 lr=2.017e-04 time=0.456s
[RQ-VAE] epoch=2406 loss=0.75035560 recon=0.00014950 beh=6.210203 w=0.121 lr=2.014e-04 time=0.483s
[RQ-VAE] epoch=2407 loss=0.75155914 recon=0.00014923 beh=6.213314 w=0.121 lr=2.010e-04 time=0.467s
[RQ-VAE] epoch=2408 loss=0.75251555 recon=0.00014873 beh=6.214377 w=0.121 lr=2.007e-04 time=0.431s
[RQ-VAE] epoch=2409 loss=0.75317883 recon=0.00014899 beh=6.213009 w=0.121 lr=2.003e-04 time=0.257s
[RQ-VAE] epoch=2410 loss=0.75365788 recon=0.00014868 beh=6.210132 w=0.121 lr=2.000e-04 time=0.484s
[RQ-VAE] epoch=2411 loss=0.75496376 recon=0.00014868 beh=6.214066 w=0.121 lr=1.997e-04 time=0.446s
[RQ-VAE] epoch=2412 loss=0.75577176 recon=0.00014855 beh=6.213898 w=0.122 lr=1.993e-04 time=0.51s
[RQ-VAE] epoch=2413 loss=0.75707006 recon=0.00014878 beh=6.217753 w=0.122 lr=1.990e-04 time=0.483s
[RQ-VAE] epoch=2414 loss=0.75648975 recon=0.00014877 beh=6.206188 w=0.122 lr=1.986e-04 time=0.46s
[RQ-VAE] epoch=2415 loss=0.75740659 recon=0.00014859 beh=6.206922 w=0.122 lr=1.983e-04 time=0.475s
[RQ-VAE] epoch=2416 loss=0.75907129 recon=0.00014848 beh=6.213776 w=0.122 lr=1.980e-04 time=0.502s
[RQ-VAE] epoch=2417 loss=0.75904733 recon=0.00014839 beh=6.206804 w=0.122 lr=1.976e-04 time=0.427s
[RQ-VAE] epoch=2418 loss=0.76030290 recon=0.00014879 beh=6.210297 w=0.122 lr=1.973e-04 time=0.403s
[RQ-VAE] epoch=2419 loss=0.76211113 recon=0.00014839 beh=6.218301 w=0.123 lr=1.969e-04 time=0.476s
[RQ-VAE] epoch=2420 loss=0.76060063 recon=0.00014895 beh=6.199218 w=0.123 lr=1.966e-04 time=0.418s
[RQ-VAE] epoch=2421 loss=0.76313508 recon=0.00014828 beh=6.213135 w=0.123 lr=1.963e-04 time=0.456s
[RQ-VAE] epoch=2422 loss=0.76466954 recon=0.00014823 beh=6.218883 w=0.123 lr=1.959e-04 time=0.331s
[RQ-VAE] epoch=2423 loss=0.76398170 recon=0.00014851 beh=6.206556 w=0.123 lr=1.956e-04 time=0.585s
[RQ-VAE] epoch=2424 loss=0.76583344 recon=0.00014847 beh=6.214872 w=0.123 lr=1.953e-04 time=0.488s
[RQ-VAE] epoch=2425 loss=0.76676160 recon=0.00014893 beh=6.215675 w=0.123 lr=1.949e-04 time=0.483s
[RQ-VAE] epoch=2426 loss=0.76769441 recon=0.00014964 beh=6.216515 w=0.123 lr=1.946e-04 time=0.506s
[RQ-VAE] epoch=2427 loss=0.76801646 recon=0.00014963 beh=6.212415 w=0.124 lr=1.942e-04 time=0.435s
[RQ-VAE] epoch=2428 loss=0.76933479 recon=0.00014976 beh=6.216375 w=0.124 lr=1.939e-04 time=0.413s
[RQ-VAE] epoch=2429 loss=0.76964754 recon=0.00014956 beh=6.212211 w=0.124 lr=1.936e-04 time=0.503s
[RQ-VAE] epoch=2430 loss=0.77064252 recon=0.00014948 beh=6.213555 w=0.124 lr=1.932e-04 time=0.436s
[RQ-VAE] epoch=2431 loss=0.77044815 recon=0.00014920 beh=6.205316 w=0.124 lr=1.929e-04 time=0.486s
[RQ-VAE] epoch=2432 loss=0.77185166 recon=0.00014882 beh=6.209950 w=0.124 lr=1.925e-04 time=0.462s
[RQ-VAE] epoch=2433 loss=0.77309060 recon=0.00014949 beh=6.213241 w=0.124 lr=1.922e-04 time=0.438s
[RQ-VAE] epoch=2434 loss=0.77372587 recon=0.00014927 beh=6.211690 w=0.125 lr=1.919e-04 time=0.351s
[RQ-VAE] epoch=2435 loss=0.77352333 recon=0.00014936 beh=6.203418 w=0.125 lr=1.915e-04 time=0.415s
[RQ-VAE] epoch=2436 loss=0.77624476 recon=0.00014936 beh=6.218595 w=0.125 lr=1.912e-04 time=0.451s
[RQ-VAE] epoch=2437 loss=0.77595496 recon=0.00014956 beh=6.209636 w=0.125 lr=1.908e-04 time=0.428s
[RQ-VAE] epoch=2438 loss=0.77642238 recon=0.00014951 beh=6.206756 w=0.125 lr=1.905e-04 time=0.634s
[RQ-VAE] epoch=2439 loss=0.77791619 recon=0.00014926 beh=6.212084 w=0.125 lr=1.902e-04 time=0.461s
[RQ-VAE] epoch=2440 loss=0.77800459 recon=0.00014901 beh=6.206182 w=0.125 lr=1.898e-04 time=0.442s
[RQ-VAE] epoch=2441 loss=0.78025627 recon=0.00014919 beh=6.217532 w=0.125 lr=1.895e-04 time=0.421s
[RQ-VAE] epoch=2442 loss=0.77958870 recon=0.00014829 beh=6.205625 w=0.126 lr=1.892e-04 time=0.484s
[RQ-VAE] epoch=2443 loss=0.78097105 recon=0.00014872 beh=6.210036 w=0.126 lr=1.888e-04 time=0.459s
[RQ-VAE] epoch=2444 loss=0.78095543 recon=0.00014848 beh=6.203335 w=0.126 lr=1.885e-04 time=0.418s
[RQ-VAE] epoch=2445 loss=0.78211135 recon=0.00014860 beh=6.205946 w=0.126 lr=1.881e-04 time=0.468s
[RQ-VAE] epoch=2446 loss=0.78342253 recon=0.00014799 beh=6.209789 w=0.126 lr=1.878e-04 time=0.304s
[RQ-VAE] epoch=2447 loss=0.78487563 recon=0.00014850 beh=6.214736 w=0.126 lr=1.875e-04 time=0.491s
[RQ-VAE] epoch=2448 loss=0.78580600 recon=0.00014921 beh=6.215536 w=0.126 lr=1.871e-04 time=0.454s
[RQ-VAE] epoch=2449 loss=0.78612161 recon=0.00014949 beh=6.211482 w=0.127 lr=1.868e-04 time=0.531s
[RQ-VAE] epoch=2450 loss=0.78705806 recon=0.00014933 lr=1.864e-04 raw_unique=6189/24587 collision=0.748282 time=0.572s
[RQ-VAE] epoch=2451 loss=0.78822345 recon=0.00014951 beh=6.214997 w=0.127 lr=1.861e-04 time=0.469s
[RQ-VAE] epoch=2452 loss=0.78837359 recon=0.00014942 beh=6.209653 w=0.127 lr=1.858e-04 time=0.482s
[RQ-VAE] epoch=2453 loss=0.78864598 recon=0.00014867 beh=6.205288 w=0.127 lr=1.854e-04 time=0.435s
[RQ-VAE] epoch=2454 loss=0.79014796 recon=0.00014891 beh=6.210588 w=0.127 lr=1.851e-04 time=0.448s
[RQ-VAE] epoch=2455 loss=0.79105091 recon=0.00014912 beh=6.211173 w=0.127 lr=1.847e-04 time=0.5s
[RQ-VAE] epoch=2456 loss=0.79143882 recon=0.00014905 beh=6.207713 w=0.127 lr=1.844e-04 time=0.454s
[RQ-VAE] epoch=2457 loss=0.79157364 recon=0.00014933 beh=6.202269 w=0.128 lr=1.841e-04 time=0.452s
[RQ-VAE] epoch=2458 loss=0.79322088 recon=0.00014956 beh=6.208689 w=0.128 lr=1.837e-04 time=0.468s
[RQ-VAE] epoch=2459 loss=0.79381728 recon=0.00014933 beh=6.206881 w=0.128 lr=1.834e-04 time=0.459s
[RQ-VAE] epoch=2460 loss=0.79537457 recon=0.00014895 beh=6.212586 w=0.128 lr=1.831e-04 time=0.378s
[RQ-VAE] epoch=2461 loss=0.79632562 recon=0.00014900 beh=6.213547 w=0.128 lr=1.827e-04 time=0.5s
[RQ-VAE] epoch=2462 loss=0.79784870 recon=0.00014913 beh=6.218966 w=0.128 lr=1.824e-04 time=0.49s
[RQ-VAE] epoch=2463 loss=0.79758042 recon=0.00014924 beh=6.210420 w=0.128 lr=1.820e-04 time=0.435s
[RQ-VAE] epoch=2464 loss=0.79906881 recon=0.00014933 beh=6.215559 w=0.129 lr=1.817e-04 time=0.439s
[RQ-VAE] epoch=2465 loss=0.80081177 recon=0.00014920 beh=6.222665 w=0.129 lr=1.814e-04 time=0.437s
[RQ-VAE] epoch=2466 loss=0.80113208 recon=0.00014882 beh=6.218714 w=0.129 lr=1.810e-04 time=0.467s
[RQ-VAE] epoch=2467 loss=0.80147797 recon=0.00014897 beh=6.214964 w=0.129 lr=1.807e-04 time=0.413s
[RQ-VAE] epoch=2468 loss=0.80231553 recon=0.00014899 beh=6.215033 w=0.129 lr=1.803e-04 time=0.468s
[RQ-VAE] epoch=2469 loss=0.80292374 recon=0.00014892 beh=6.213326 w=0.129 lr=1.800e-04 time=0.409s
[RQ-VAE] epoch=2470 loss=0.80501842 recon=0.00014919 beh=6.223113 w=0.129 lr=1.797e-04 time=0.495s
[RQ-VAE] epoch=2471 loss=0.80484599 recon=0.00014963 beh=6.215367 w=0.129 lr=1.793e-04 time=0.538s
[RQ-VAE] epoch=2472 loss=0.80537754 recon=0.00014965 beh=6.213077 w=0.130 lr=1.790e-04 time=0.418s
[RQ-VAE] epoch=2473 loss=0.80635446 recon=0.00014974 beh=6.214222 w=0.130 lr=1.786e-04 time=0.454s
[RQ-VAE] epoch=2474 loss=0.80656815 recon=0.00014965 beh=6.209489 w=0.130 lr=1.783e-04 time=0.438s
[RQ-VAE] epoch=2475 loss=0.80740297 recon=0.00014927 beh=6.209543 w=0.130 lr=1.780e-04 time=0.488s
[RQ-VAE] epoch=2476 loss=0.80894232 recon=0.00014945 beh=6.215006 w=0.130 lr=1.776e-04 time=0.486s
[RQ-VAE] epoch=2477 loss=0.80901748 recon=0.00015010 beh=6.209216 w=0.130 lr=1.773e-04 time=0.455s
[RQ-VAE] epoch=2478 loss=0.80998361 recon=0.00014998 beh=6.210276 w=0.130 lr=1.769e-04 time=0.42s
[RQ-VAE] epoch=2479 loss=0.81114221 recon=0.00014994 beh=6.212808 w=0.131 lr=1.766e-04 time=0.431s
[RQ-VAE] epoch=2480 loss=0.81236720 recon=0.00014965 beh=6.215847 w=0.131 lr=1.763e-04 time=0.45s
[RQ-VAE] epoch=2481 loss=0.81296188 recon=0.00014969 beh=6.214062 w=0.131 lr=1.759e-04 time=0.432s
[RQ-VAE] epoch=2482 loss=0.81262743 recon=0.00014993 beh=6.205179 w=0.131 lr=1.756e-04 time=0.442s
[RQ-VAE] epoch=2483 loss=0.81354439 recon=0.00014970 beh=6.205864 w=0.131 lr=1.753e-04 time=0.628s
[RQ-VAE] epoch=2484 loss=0.81457490 recon=0.00014970 beh=6.207409 w=0.131 lr=1.749e-04 time=0.456s
[RQ-VAE] epoch=2485 loss=0.81580126 recon=0.00014983 beh=6.210441 w=0.131 lr=1.746e-04 time=0.316s
[RQ-VAE] epoch=2486 loss=0.81738734 recon=0.00014963 beh=6.216208 w=0.131 lr=1.742e-04 time=0.473s
[RQ-VAE] epoch=2487 loss=0.81802166 recon=0.00014910 beh=6.214738 w=0.132 lr=1.739e-04 time=0.461s
[RQ-VAE] epoch=2488 loss=0.81780189 recon=0.00014971 beh=6.206776 w=0.132 lr=1.736e-04 time=0.401s
[RQ-VAE] epoch=2489 loss=0.81826895 recon=0.00014934 beh=6.204044 w=0.132 lr=1.732e-04 time=0.493s
[RQ-VAE] epoch=2490 loss=0.81998068 recon=0.00014916 beh=6.210744 w=0.132 lr=1.729e-04 time=0.429s
[RQ-VAE] epoch=2491 loss=0.82035190 recon=0.00014904 beh=6.207287 w=0.132 lr=1.725e-04 time=0.456s
[RQ-VAE] epoch=2492 loss=0.82160908 recon=0.00014884 beh=6.210537 w=0.132 lr=1.722e-04 time=0.504s
[RQ-VAE] epoch=2493 loss=0.82247829 recon=0.00014861 beh=6.210849 w=0.132 lr=1.719e-04 time=0.477s
[RQ-VAE] epoch=2494 loss=0.82331759 recon=0.00014877 beh=6.210933 w=0.133 lr=1.715e-04 time=0.441s
[RQ-VAE] epoch=2495 loss=0.82382822 recon=0.00014931 beh=6.208535 w=0.133 lr=1.712e-04 time=0.791s
[RQ-VAE] epoch=2496 loss=0.82478988 recon=0.00014990 beh=6.209536 w=0.133 lr=1.708e-04 time=0.41s
[RQ-VAE] epoch=2497 loss=0.82577109 recon=0.00015020 beh=6.210683 w=0.133 lr=1.705e-04 time=0.403s
[RQ-VAE] epoch=2498 loss=0.82721794 recon=0.00015018 beh=6.215332 w=0.133 lr=1.702e-04 time=0.421s
[RQ-VAE] epoch=2499 loss=0.82704222 recon=0.00014994 beh=6.207798 w=0.133 lr=1.698e-04 time=0.466s
[RQ-VAE] epoch=2500 loss=0.82766223 recon=0.00015000 lr=1.695e-04 raw_unique=6326/24587 collision=0.742710 time=0.469s
[RQ-VAE] epoch=2501 loss=0.82951576 recon=0.00014953 beh=6.213933 w=0.133 lr=1.692e-04 time=0.446s
[RQ-VAE] epoch=2502 loss=0.83062059 recon=0.00014982 beh=6.215998 w=0.134 lr=1.688e-04 time=0.437s
[RQ-VAE] epoch=2503 loss=0.83121920 recon=0.00015012 beh=6.214273 w=0.134 lr=1.685e-04 time=0.471s
[RQ-VAE] epoch=2504 loss=0.83199370 recon=0.00014978 beh=6.213869 w=0.134 lr=1.681e-04 time=0.448s
[RQ-VAE] epoch=2505 loss=0.83224678 recon=0.00014960 beh=6.209576 w=0.134 lr=1.678e-04 time=0.503s
[RQ-VAE] epoch=2506 loss=0.83346665 recon=0.00014962 beh=6.212496 w=0.134 lr=1.675e-04 time=0.474s
[RQ-VAE] epoch=2507 loss=0.83439839 recon=0.00014994 beh=6.213263 w=0.134 lr=1.671e-04 time=0.469s
[RQ-VAE] epoch=2508 loss=0.83532536 recon=0.00014981 beh=6.213999 w=0.134 lr=1.668e-04 time=0.473s
[RQ-VAE] epoch=2509 loss=0.83600414 recon=0.00014924 beh=6.212888 w=0.135 lr=1.664e-04 time=0.284s
[RQ-VAE] epoch=2510 loss=0.83692145 recon=0.00014906 beh=6.213550 w=0.135 lr=1.661e-04 time=0.452s
[RQ-VAE] epoch=2511 loss=0.83632255 recon=0.00014925 beh=6.202960 w=0.135 lr=1.658e-04 time=0.471s
[RQ-VAE] epoch=2512 loss=0.83720887 recon=0.00014891 beh=6.203403 w=0.135 lr=1.654e-04 time=0.419s
[RQ-VAE] epoch=2513 loss=0.83886397 recon=0.00014911 beh=6.209530 w=0.135 lr=1.651e-04 time=0.416s
[RQ-VAE] epoch=2514 loss=0.84022683 recon=0.00014950 beh=6.213482 w=0.135 lr=1.647e-04 time=0.5s
[RQ-VAE] epoch=2515 loss=0.84077156 recon=0.00014891 beh=6.211392 w=0.135 lr=1.644e-04 time=0.517s
[RQ-VAE] epoch=2516 loss=0.84150451 recon=0.00014900 beh=6.210693 w=0.135 lr=1.641e-04 time=0.455s
[RQ-VAE] epoch=2517 loss=0.84228814 recon=0.00014896 beh=6.210365 w=0.136 lr=1.637e-04 time=0.464s
[RQ-VAE] epoch=2518 loss=0.84283173 recon=0.00014907 beh=6.208272 w=0.136 lr=1.634e-04 time=0.475s
[RQ-VAE] epoch=2519 loss=0.84390831 recon=0.00014919 beh=6.210101 w=0.136 lr=1.631e-04 time=0.45s
[RQ-VAE] epoch=2520 loss=0.84500825 recon=0.00014910 beh=6.212098 w=0.136 lr=1.627e-04 time=0.472s
[RQ-VAE] epoch=2521 loss=0.84543389 recon=0.00014918 beh=6.209137 w=0.136 lr=1.624e-04 time=0.443s
[RQ-VAE] epoch=2522 loss=0.84662604 recon=0.00014909 beh=6.211809 w=0.136 lr=1.620e-04 time=0.336s
[RQ-VAE] epoch=2523 loss=0.84778643 recon=0.00014936 beh=6.214245 w=0.136 lr=1.617e-04 time=0.46s
[RQ-VAE] epoch=2524 loss=0.84828281 recon=0.00014911 beh=6.211816 w=0.137 lr=1.614e-04 time=0.61s
[RQ-VAE] epoch=2525 loss=0.84967852 recon=0.00014939 beh=6.215969 w=0.137 lr=1.610e-04 time=0.502s
[RQ-VAE] epoch=2526 loss=0.84959972 recon=0.00014929 beh=6.209334 w=0.137 lr=1.607e-04 time=0.448s
[RQ-VAE] epoch=2527 loss=0.85136682 recon=0.00014902 beh=6.216196 w=0.137 lr=1.603e-04 time=0.479s
[RQ-VAE] epoch=2528 loss=0.85165471 recon=0.00014883 beh=6.212251 w=0.137 lr=1.600e-04 time=0.426s
[RQ-VAE] epoch=2529 loss=0.85271955 recon=0.00014928 beh=6.213972 w=0.137 lr=1.597e-04 time=0.441s
[RQ-VAE] epoch=2530 loss=0.85430372 recon=0.00014915 beh=6.219475 w=0.137 lr=1.593e-04 time=0.47s
[RQ-VAE] epoch=2531 loss=0.85486579 recon=0.00014908 beh=6.217531 w=0.137 lr=1.590e-04 time=0.433s
[RQ-VAE] epoch=2532 loss=0.85493761 recon=0.00014978 beh=6.212023 w=0.138 lr=1.586e-04 time=0.431s
[RQ-VAE] epoch=2533 loss=0.85618871 recon=0.00014951 beh=6.215093 w=0.138 lr=1.583e-04 time=0.496s
[RQ-VAE] epoch=2534 loss=0.85770690 recon=0.00014963 beh=6.220094 w=0.138 lr=1.580e-04 time=0.368s
[RQ-VAE] epoch=2535 loss=0.85750204 recon=0.00014928 beh=6.212603 w=0.138 lr=1.576e-04 time=0.458s
[RQ-VAE] epoch=2536 loss=0.85874629 recon=0.00014931 beh=6.215614 w=0.138 lr=1.573e-04 time=0.459s
[RQ-VAE] epoch=2537 loss=0.85906345 recon=0.00014895 beh=6.211915 w=0.138 lr=1.569e-04 time=0.467s
[RQ-VAE] epoch=2538 loss=0.85994428 recon=0.00014893 beh=6.212296 w=0.138 lr=1.566e-04 time=0.457s
[RQ-VAE] epoch=2539 loss=0.86011720 recon=0.00014931 beh=6.207564 w=0.139 lr=1.563e-04 time=0.502s
[RQ-VAE] epoch=2540 loss=0.86214578 recon=0.00014960 beh=6.216222 w=0.139 lr=1.559e-04 time=0.44s
[RQ-VAE] epoch=2541 loss=0.86189377 recon=0.00014976 beh=6.208435 w=0.139 lr=1.556e-04 time=0.473s
[RQ-VAE] epoch=2542 loss=0.86359501 recon=0.00015020 beh=6.214720 w=0.139 lr=1.553e-04 time=0.451s
[RQ-VAE] epoch=2543 loss=0.86533469 recon=0.00014986 beh=6.221274 w=0.139 lr=1.549e-04 time=0.652s
[RQ-VAE] epoch=2544 loss=0.86459607 recon=0.00015028 beh=6.210005 w=0.139 lr=1.546e-04 time=0.452s
[RQ-VAE] epoch=2545 loss=0.86525923 recon=0.00015016 beh=6.208822 w=0.139 lr=1.542e-04 time=0.467s
[RQ-VAE] epoch=2546 loss=0.86688745 recon=0.00014989 beh=6.214562 w=0.139 lr=1.539e-04 time=0.296s
[RQ-VAE] epoch=2547 loss=0.86739039 recon=0.00015010 beh=6.212228 w=0.140 lr=1.536e-04 time=0.488s
[RQ-VAE] epoch=2548 loss=0.86840963 recon=0.00014957 beh=6.213598 w=0.140 lr=1.532e-04 time=0.454s
[RQ-VAE] epoch=2549 loss=0.86857307 recon=0.00014934 beh=6.208843 w=0.140 lr=1.529e-04 time=0.455s
[RQ-VAE] epoch=2550 loss=0.87098640 recon=0.00014928 lr=1.525e-04 raw_unique=6897/24587 collision=0.719486 time=0.489s
[RQ-VAE] epoch=2551 loss=0.87110937 recon=0.00014917 beh=6.215126 w=0.140 lr=1.522e-04 time=0.497s
[RQ-VAE] epoch=2552 loss=0.87143320 recon=0.00014928 beh=6.211524 w=0.140 lr=1.519e-04 time=0.473s
[RQ-VAE] epoch=2553 loss=0.87271237 recon=0.00014932 beh=6.214737 w=0.140 lr=1.515e-04 time=0.496s
[RQ-VAE] epoch=2554 loss=0.87182021 recon=0.00014941 beh=6.202494 w=0.141 lr=1.512e-04 time=0.466s
[RQ-VAE] epoch=2555 loss=0.87411505 recon=0.00014939 beh=6.212927 w=0.141 lr=1.508e-04 time=0.46s
[RQ-VAE] epoch=2556 loss=0.87452483 recon=0.00014926 beh=6.209954 w=0.141 lr=1.505e-04 time=0.51s
[RQ-VAE] epoch=2557 loss=0.87551117 recon=0.00014925 beh=6.211079 w=0.141 lr=1.502e-04 time=0.474s
[RQ-VAE] epoch=2558 loss=0.87559021 recon=0.00014927 beh=6.205767 w=0.141 lr=1.498e-04 time=0.47s
[RQ-VAE] epoch=2559 loss=0.87721324 recon=0.00014886 beh=6.211404 w=0.141 lr=1.495e-04 time=0.549s
[RQ-VAE] epoch=2560 loss=0.87728751 recon=0.00014937 beh=6.206064 w=0.141 lr=1.492e-04 time=0.466s
[RQ-VAE] epoch=2561 loss=0.87800527 recon=0.00014916 beh=6.205290 w=0.141 lr=1.488e-04 time=0.414s
[RQ-VAE] epoch=2562 loss=0.87964857 recon=0.00014888 beh=6.211059 w=0.142 lr=1.485e-04 time=0.459s
[RQ-VAE] epoch=2563 loss=0.88029325 recon=0.00014877 beh=6.209767 w=0.142 lr=1.481e-04 time=0.44s
[RQ-VAE] epoch=2564 loss=0.88117397 recon=0.00014898 beh=6.210139 w=0.142 lr=1.478e-04 time=0.45s
[RQ-VAE] epoch=2565 loss=0.88148463 recon=0.00014913 beh=6.206494 w=0.142 lr=1.475e-04 time=0.472s
[RQ-VAE] epoch=2566 loss=0.88251585 recon=0.00014928 beh=6.207927 w=0.142 lr=1.471e-04 time=0.438s
[RQ-VAE] epoch=2567 loss=0.88326812 recon=0.00014909 beh=6.207398 w=0.142 lr=1.468e-04 time=0.459s
[RQ-VAE] epoch=2568 loss=0.88431627 recon=0.00014899 beh=6.208948 w=0.142 lr=1.464e-04 time=0.484s
[RQ-VAE] epoch=2569 loss=0.88587457 recon=0.00014894 beh=6.214073 w=0.143 lr=1.461e-04 time=0.45s
[RQ-VAE] epoch=2570 loss=0.88662851 recon=0.00014891 beh=6.213550 w=0.143 lr=1.458e-04 time=0.433s
[RQ-VAE] epoch=2571 loss=0.88926440 recon=0.00014878 beh=6.226208 w=0.143 lr=1.454e-04 time=0.321s
[RQ-VAE] epoch=2572 loss=0.88864779 recon=0.00014891 beh=6.216085 w=0.143 lr=1.451e-04 time=0.461s
[RQ-VAE] epoch=2573 loss=0.88913369 recon=0.00014876 beh=6.213690 w=0.143 lr=1.447e-04 time=0.48s
[RQ-VAE] epoch=2574 loss=0.89025092 recon=0.00014875 beh=6.215706 w=0.143 lr=1.444e-04 time=0.416s
[RQ-VAE] epoch=2575 loss=0.89090657 recon=0.00014854 beh=6.214499 w=0.143 lr=1.441e-04 time=0.441s
[RQ-VAE] epoch=2576 loss=0.89231694 recon=0.00014903 beh=6.218550 w=0.143 lr=1.437e-04 time=0.367s
[RQ-VAE] epoch=2577 loss=0.89228559 recon=0.00014933 beh=6.212553 w=0.144 lr=1.434e-04 time=0.482s
[RQ-VAE] epoch=2578 loss=0.89362144 recon=0.00014899 beh=6.216083 w=0.144 lr=1.431e-04 time=0.458s
[RQ-VAE] epoch=2579 loss=0.89283901 recon=0.00014957 beh=6.204873 w=0.144 lr=1.427e-04 time=0.454s
[RQ-VAE] epoch=2580 loss=0.89464366 recon=0.00014993 beh=6.211655 w=0.144 lr=1.424e-04 time=0.466s
[RQ-VAE] epoch=2581 loss=0.89493692 recon=0.00014975 beh=6.207944 w=0.144 lr=1.420e-04 time=0.45s
[RQ-VAE] epoch=2582 loss=0.89568633 recon=0.00014956 beh=6.207406 w=0.144 lr=1.417e-04 time=0.454s
[RQ-VAE] epoch=2583 loss=0.89772296 recon=0.00014931 beh=6.215786 w=0.144 lr=1.414e-04 time=0.454s
[RQ-VAE] epoch=2584 loss=0.89802676 recon=0.00014937 beh=6.212155 w=0.145 lr=1.410e-04 time=0.433s
[RQ-VAE] epoch=2585 loss=0.89792961 recon=0.00014935 beh=6.205758 w=0.145 lr=1.407e-04 time=0.452s
[RQ-VAE] epoch=2586 loss=0.89943355 recon=0.00014928 beh=6.210430 w=0.145 lr=1.403e-04 time=0.459s
[RQ-VAE] epoch=2587 loss=0.90091717 recon=0.00014934 beh=6.214952 w=0.145 lr=1.400e-04 time=0.441s
[RQ-VAE] epoch=2588 loss=0.90053457 recon=0.00014921 beh=6.206605 w=0.145 lr=1.397e-04 time=0.432s
[RQ-VAE] epoch=2589 loss=0.90241301 recon=0.00014908 beh=6.213843 w=0.145 lr=1.393e-04 time=0.44s
[RQ-VAE] epoch=2590 loss=0.90322518 recon=0.00014919 beh=6.213730 w=0.145 lr=1.390e-04 time=0.498s
[RQ-VAE] epoch=2591 loss=0.90411031 recon=0.00014911 beh=6.214120 w=0.145 lr=1.386e-04 time=0.476s
[RQ-VAE] epoch=2592 loss=0.90565693 recon=0.00014927 beh=6.219049 w=0.146 lr=1.383e-04 time=0.422s
[RQ-VAE] epoch=2593 loss=0.90517896 recon=0.00014924 beh=6.210078 w=0.146 lr=1.380e-04 time=0.491s
[RQ-VAE] epoch=2594 loss=0.90668327 recon=0.00014870 beh=6.214719 w=0.146 lr=1.376e-04 time=0.435s
[RQ-VAE] epoch=2595 loss=0.90625370 recon=0.00014876 beh=6.206101 w=0.146 lr=1.373e-04 time=0.47s
[RQ-VAE] epoch=2596 loss=0.90815032 recon=0.00014846 beh=6.213419 w=0.146 lr=1.369e-04 time=0.313s
[RQ-VAE] epoch=2597 loss=0.90830255 recon=0.00014828 beh=6.208798 w=0.146 lr=1.366e-04 time=0.479s
[RQ-VAE] epoch=2598 loss=0.91012371 recon=0.00014883 beh=6.215579 w=0.146 lr=1.363e-04 time=0.416s
[RQ-VAE] epoch=2599 loss=0.91004694 recon=0.00014860 beh=6.209404 w=0.147 lr=1.359e-04 time=0.456s
[RQ-VAE] epoch=2600 loss=0.91155124 recon=0.00014847 lr=1.356e-04 raw_unique=7614/24587 collision=0.690324 time=0.434s
[RQ-VAE] epoch=2601 loss=0.91118419 recon=0.00014861 beh=6.205874 w=0.147 lr=1.353e-04 time=0.466s
[RQ-VAE] epoch=2602 loss=0.91290802 recon=0.00014929 beh=6.211969 w=0.147 lr=1.349e-04 time=0.505s
[RQ-VAE] epoch=2603 loss=0.91423011 recon=0.00014895 beh=6.215330 w=0.147 lr=1.346e-04 time=0.475s
[RQ-VAE] epoch=2604 loss=0.91423821 recon=0.00014887 beh=6.209756 w=0.147 lr=1.342e-04 time=0.437s
[RQ-VAE] epoch=2605 loss=0.91620898 recon=0.00014885 beh=6.217513 w=0.147 lr=1.339e-04 time=0.396s
[RQ-VAE] epoch=2606 loss=0.91593146 recon=0.00014873 beh=6.210012 w=0.147 lr=1.336e-04 time=0.46s
[RQ-VAE] epoch=2607 loss=0.91677308 recon=0.00014860 beh=6.210103 w=0.148 lr=1.332e-04 time=0.461s
[RQ-VAE] epoch=2608 loss=0.91819078 recon=0.00014862 beh=6.214093 w=0.148 lr=1.329e-04 time=0.414s
[RQ-VAE] epoch=2609 loss=0.91913289 recon=0.00014867 beh=6.214856 w=0.148 lr=1.325e-04 time=0.301s
[RQ-VAE] epoch=2610 loss=0.91964650 recon=0.00014889 beh=6.212726 w=0.148 lr=1.322e-04 time=0.463s
[RQ-VAE] epoch=2611 loss=0.92017782 recon=0.00014877 beh=6.210724 w=0.148 lr=1.319e-04 time=0.413s
[RQ-VAE] epoch=2612 loss=0.92251623 recon=0.00014879 beh=6.220914 w=0.148 lr=1.315e-04 time=0.441s
[RQ-VAE] epoch=2613 loss=0.92111349 recon=0.00014895 beh=6.205873 w=0.148 lr=1.312e-04 time=0.45s
[RQ-VAE] epoch=2614 loss=0.92413318 recon=0.00014922 beh=6.220631 w=0.149 lr=1.308e-04 time=0.464s
[RQ-VAE] epoch=2615 loss=0.92368770 recon=0.00014910 beh=6.212054 w=0.149 lr=1.305e-04 time=0.619s
[RQ-VAE] epoch=2616 loss=0.92458719 recon=0.00014881 beh=6.212532 w=0.149 lr=1.302e-04 time=0.467s
[RQ-VAE] epoch=2617 loss=0.92534226 recon=0.00014875 beh=6.212038 w=0.149 lr=1.298e-04 time=0.461s
[RQ-VAE] epoch=2618 loss=0.92634797 recon=0.00014871 beh=6.213230 w=0.149 lr=1.295e-04 time=0.474s
[RQ-VAE] epoch=2619 loss=0.92783564 recon=0.00014854 beh=6.217654 w=0.149 lr=1.292e-04 time=0.497s
[RQ-VAE] epoch=2620 loss=0.92804170 recon=0.00014891 beh=6.213482 w=0.149 lr=1.288e-04 time=0.485s
[RQ-VAE] epoch=2621 loss=0.92979801 recon=0.00014911 beh=6.219688 w=0.149 lr=1.285e-04 time=0.367s
[RQ-VAE] epoch=2622 loss=0.93030876 recon=0.00014897 beh=6.217561 w=0.150 lr=1.281e-04 time=0.458s
[RQ-VAE] epoch=2623 loss=0.93073970 recon=0.00014938 beh=6.214900 w=0.150 lr=1.278e-04 time=0.431s
[RQ-VAE] epoch=2624 loss=0.93174231 recon=0.00014926 beh=6.216060 w=0.150 lr=1.275e-04 time=0.436s
[RQ-VAE] epoch=2625 loss=0.93207848 recon=0.00014921 beh=6.212773 w=0.150 lr=1.271e-04 time=0.471s
[RQ-VAE] epoch=2626 loss=0.93359345 recon=0.00014929 beh=6.217345 w=0.150 lr=1.268e-04 time=0.447s
[RQ-VAE] epoch=2627 loss=0.93417901 recon=0.00014922 beh=6.215726 w=0.150 lr=1.264e-04 time=0.426s
[RQ-VAE] epoch=2628 loss=0.93435246 recon=0.00014914 beh=6.211370 w=0.150 lr=1.261e-04 time=0.455s
[RQ-VAE] epoch=2629 loss=0.93632227 recon=0.00014936 beh=6.218955 w=0.151 lr=1.258e-04 time=0.435s
[RQ-VAE] epoch=2630 loss=0.93722051 recon=0.00014906 beh=6.219416 w=0.151 lr=1.254e-04 time=0.443s
[RQ-VAE] epoch=2631 loss=0.93761539 recon=0.00014902 beh=6.216537 w=0.151 lr=1.251e-04 time=0.465s
[RQ-VAE] epoch=2632 loss=0.93916011 recon=0.00014897 beh=6.221279 w=0.151 lr=1.247e-04 time=0.445s
[RQ-VAE] epoch=2633 loss=0.93794012 recon=0.00014883 beh=6.207714 w=0.151 lr=1.244e-04 time=0.365s
[RQ-VAE] epoch=2634 loss=0.93920642 recon=0.00014848 beh=6.210616 w=0.151 lr=1.241e-04 time=0.47s
[RQ-VAE] epoch=2635 loss=0.94055796 recon=0.00014880 beh=6.214070 w=0.151 lr=1.237e-04 time=0.462s
[RQ-VAE] epoch=2636 loss=0.94106948 recon=0.00014852 beh=6.211979 w=0.151 lr=1.234e-04 time=0.42s
[RQ-VAE] epoch=2637 loss=0.94220090 recon=0.00014872 beh=6.213977 w=0.152 lr=1.231e-04 time=0.442s
[RQ-VAE] epoch=2638 loss=0.94293404 recon=0.00014887 beh=6.213347 w=0.152 lr=1.227e-04 time=0.447s
[RQ-VAE] epoch=2639 loss=0.94306612 recon=0.00014892 beh=6.208763 w=0.152 lr=1.224e-04 time=0.486s
[RQ-VAE] epoch=2640 loss=0.94458264 recon=0.00014865 beh=6.213295 w=0.152 lr=1.220e-04 time=0.431s
[RQ-VAE] epoch=2641 loss=0.94468814 recon=0.00014824 beh=6.208547 w=0.152 lr=1.217e-04 time=0.471s
[RQ-VAE] epoch=2642 loss=0.94569629 recon=0.00014848 beh=6.209729 w=0.152 lr=1.214e-04 time=0.493s
[RQ-VAE] epoch=2643 loss=0.94704676 recon=0.00014862 beh=6.213158 w=0.152 lr=1.210e-04 time=0.481s
[RQ-VAE] epoch=2644 loss=0.94742209 recon=0.00014917 beh=6.210185 w=0.153 lr=1.207e-04 time=0.61s
[RQ-VAE] epoch=2645 loss=0.94980007 recon=0.00014899 beh=6.220339 w=0.153 lr=1.203e-04 time=0.443s
[RQ-VAE] epoch=2646 loss=0.95002592 recon=0.00014910 beh=6.216389 w=0.153 lr=1.200e-04 time=0.426s
[RQ-VAE] epoch=2647 loss=0.95160145 recon=0.00014925 beh=6.221268 w=0.153 lr=1.197e-04 time=0.444s
[RQ-VAE] epoch=2648 loss=0.95077020 recon=0.00014865 beh=6.210423 w=0.153 lr=1.193e-04 time=0.48s
[RQ-VAE] epoch=2649 loss=0.95332479 recon=0.00014842 beh=6.221695 w=0.153 lr=1.190e-04 time=0.491s
[RQ-VAE] epoch=2650 loss=0.95359677 recon=0.00014826 lr=1.186e-04 raw_unique=7999/24587 collision=0.674665 time=0.439s
[RQ-VAE] epoch=2651 loss=0.95435172 recon=0.00014835 beh=6.217575 w=0.153 lr=1.183e-04 time=0.457s
[RQ-VAE] epoch=2652 loss=0.95515102 recon=0.00014795 beh=6.217382 w=0.154 lr=1.180e-04 time=0.534s
[RQ-VAE] epoch=2653 loss=0.95609152 recon=0.00014783 beh=6.218107 w=0.154 lr=1.176e-04 time=0.504s
[RQ-VAE] epoch=2654 loss=0.95635664 recon=0.00014782 beh=6.214440 w=0.154 lr=1.173e-04 time=0.422s
[RQ-VAE] epoch=2655 loss=0.95732158 recon=0.00014819 beh=6.215322 w=0.154 lr=1.169e-04 time=0.498s
[RQ-VAE] epoch=2656 loss=0.95719606 recon=0.00014828 beh=6.209132 w=0.154 lr=1.166e-04 time=0.496s
[RQ-VAE] epoch=2657 loss=0.95845479 recon=0.00014844 beh=6.211925 w=0.154 lr=1.163e-04 time=0.456s
[RQ-VAE] epoch=2658 loss=0.95908380 recon=0.00014833 beh=6.210635 w=0.154 lr=1.159e-04 time=0.32s
[RQ-VAE] epoch=2659 loss=0.95966411 recon=0.00014826 beh=6.209035 w=0.155 lr=1.156e-04 time=0.453s
[RQ-VAE] epoch=2660 loss=0.96241331 recon=0.00014844 beh=6.221458 w=0.155 lr=1.153e-04 time=0.465s
[RQ-VAE] epoch=2661 loss=0.96236587 recon=0.00014883 beh=6.215789 w=0.155 lr=1.149e-04 time=0.429s
[RQ-VAE] epoch=2662 loss=0.96204764 recon=0.00014847 beh=6.208388 w=0.155 lr=1.146e-04 time=0.453s
[RQ-VAE] epoch=2663 loss=0.96380520 recon=0.00014845 beh=6.214385 w=0.155 lr=1.142e-04 time=0.451s
[RQ-VAE] epoch=2664 loss=0.96541190 recon=0.00014832 beh=6.219399 w=0.155 lr=1.139e-04 time=0.614s
[RQ-VAE] epoch=2665 loss=0.96555197 recon=0.00014827 beh=6.214962 w=0.155 lr=1.136e-04 time=0.473s
[RQ-VAE] epoch=2666 loss=0.96538794 recon=0.00014814 beh=6.208577 w=0.155 lr=1.132e-04 time=0.515s
[RQ-VAE] epoch=2667 loss=0.96828812 recon=0.00014792 beh=6.221896 w=0.156 lr=1.129e-04 time=0.487s
[RQ-VAE] epoch=2668 loss=0.96878409 recon=0.00014838 beh=6.219751 w=0.156 lr=1.125e-04 time=0.463s
[RQ-VAE] epoch=2669 loss=0.96808469 recon=0.00014871 beh=6.209942 w=0.156 lr=1.122e-04 time=0.415s
[RQ-VAE] epoch=2670 loss=0.96978110 recon=0.00014870 beh=6.215508 w=0.156 lr=1.119e-04 time=0.376s
[RQ-VAE] epoch=2671 loss=0.97089648 recon=0.00014884 beh=6.217343 w=0.156 lr=1.115e-04 time=0.448s
[RQ-VAE] epoch=2672 loss=0.97031683 recon=0.00014851 beh=6.208331 w=0.156 lr=1.112e-04 time=0.476s
[RQ-VAE] epoch=2673 loss=0.97149873 recon=0.00014827 beh=6.210595 w=0.156 lr=1.108e-04 time=0.486s
[RQ-VAE] epoch=2674 loss=0.97292131 recon=0.00014793 beh=6.214394 w=0.157 lr=1.105e-04 time=0.437s
[RQ-VAE] epoch=2675 loss=0.97322190 recon=0.00014793 beh=6.211024 w=0.157 lr=1.102e-04 time=0.415s
[RQ-VAE] epoch=2676 loss=0.97385442 recon=0.00014797 beh=6.209776 w=0.157 lr=1.098e-04 time=0.477s
[RQ-VAE] epoch=2677 loss=0.97477776 recon=0.00014794 beh=6.210383 w=0.157 lr=1.095e-04 time=0.473s
[RQ-VAE] epoch=2678 loss=0.97635078 recon=0.00014810 beh=6.215127 w=0.157 lr=1.092e-04 time=0.455s
[RQ-VAE] epoch=2679 loss=0.97678083 recon=0.00014814 beh=6.212589 w=0.157 lr=1.088e-04 time=0.574s
[RQ-VAE] epoch=2680 loss=0.97707826 recon=0.00014799 beh=6.209215 w=0.157 lr=1.085e-04 time=0.418s
[RQ-VAE] epoch=2681 loss=0.97800392 recon=0.00014813 beh=6.209834 w=0.157 lr=1.081e-04 time=0.47s
[RQ-VAE] epoch=2682 loss=0.97950518 recon=0.00014792 beh=6.214106 w=0.158 lr=1.078e-04 time=0.404s
[RQ-VAE] epoch=2683 loss=0.98017585 recon=0.00014834 beh=6.213102 w=0.158 lr=1.075e-04 time=0.393s
[RQ-VAE] epoch=2684 loss=0.98042721 recon=0.00014852 beh=6.209446 w=0.158 lr=1.071e-04 time=0.439s
[RQ-VAE] epoch=2685 loss=0.98199987 recon=0.00014858 beh=6.214160 w=0.158 lr=1.068e-04 time=0.419s
[RQ-VAE] epoch=2686 loss=0.98149902 recon=0.00014849 beh=6.205754 w=0.158 lr=1.064e-04 time=0.498s
[RQ-VAE] epoch=2687 loss=0.98342317 recon=0.00014888 beh=6.212679 w=0.158 lr=1.061e-04 time=0.417s
[RQ-VAE] epoch=2688 loss=0.98519659 recon=0.00014916 beh=6.218644 w=0.158 lr=1.058e-04 time=0.489s
[RQ-VAE] epoch=2689 loss=0.98604584 recon=0.00014892 beh=6.218772 w=0.159 lr=1.054e-04 time=0.437s
[RQ-VAE] epoch=2690 loss=0.98722988 recon=0.00014855 beh=6.221012 w=0.159 lr=1.051e-04 time=0.449s
[RQ-VAE] epoch=2691 loss=0.98652917 recon=0.00014825 beh=6.211379 w=0.159 lr=1.047e-04 time=0.428s
[RQ-VAE] epoch=2692 loss=0.98768181 recon=0.00014836 beh=6.213421 w=0.159 lr=1.044e-04 time=0.423s
[RQ-VAE] epoch=2693 loss=0.98867518 recon=0.00014872 beh=6.214455 w=0.159 lr=1.041e-04 time=0.458s
[RQ-VAE] epoch=2694 loss=0.98876876 recon=0.00014852 beh=6.209839 w=0.159 lr=1.037e-04 time=0.446s
[RQ-VAE] epoch=2695 loss=0.98990268 recon=0.00014838 beh=6.211760 w=0.159 lr=1.034e-04 time=0.393s
[RQ-VAE] epoch=2696 loss=0.99058396 recon=0.00014841 beh=6.210839 w=0.159 lr=1.031e-04 time=0.412s
[RQ-VAE] epoch=2697 loss=0.99153572 recon=0.00014822 beh=6.211616 w=0.160 lr=1.027e-04 time=0.438s
[RQ-VAE] epoch=2698 loss=0.99309295 recon=0.00014793 beh=6.216180 w=0.160 lr=1.024e-04 time=0.427s
[RQ-VAE] epoch=2699 loss=0.99360895 recon=0.00014845 beh=6.214220 w=0.160 lr=1.020e-04 time=0.416s
[RQ-VAE] epoch=2700 loss=0.99485821 recon=0.00014828 lr=1.017e-04 raw_unique=8396/24587 collision=0.658519 time=0.441s
[RQ-VAE] epoch=2701 loss=0.99420357 recon=0.00014830 beh=6.207586 w=0.160 lr=1.014e-04 time=0.456s
[RQ-VAE] epoch=2702 loss=0.99652803 recon=0.00014869 beh=6.216921 w=0.160 lr=1.010e-04 time=0.475s
[RQ-VAE] epoch=2703 loss=0.99727583 recon=0.00014858 beh=6.216415 w=0.160 lr=1.007e-04 time=0.456s
[RQ-VAE] epoch=2704 loss=0.99841565 recon=0.00014873 beh=6.218352 w=0.161 lr=1.003e-04 time=0.405s
[RQ-VAE] epoch=2705 loss=0.99908292 recon=0.00014884 beh=6.217344 w=0.161 lr=1.000e-04 time=0.472s
[RQ-VAE] epoch=2706 loss=0.99858356 recon=0.00014882 beh=6.209083 w=0.161 lr=9.966e-05 time=0.448s
[RQ-VAE] epoch=2707 loss=0.99920410 recon=0.00014876 beh=6.207796 w=0.161 lr=9.932e-05 time=0.448s
[RQ-VAE] epoch=2708 loss=1.00052023 recon=0.00014814 beh=6.210833 w=0.161 lr=9.898e-05 time=0.295s
[RQ-VAE] epoch=2709 loss=1.00067902 recon=0.00014812 beh=6.206683 w=0.161 lr=9.864e-05 time=0.452s
[RQ-VAE] epoch=2710 loss=1.00198483 recon=0.00014798 beh=6.209648 w=0.161 lr=9.831e-05 time=0.487s
[RQ-VAE] epoch=2711 loss=1.00382781 recon=0.00014802 beh=6.215936 w=0.161 lr=9.797e-05 time=0.47s
[RQ-VAE] epoch=2712 loss=1.00449538 recon=0.00014825 beh=6.214937 w=0.162 lr=9.763e-05 time=0.476s
[RQ-VAE] epoch=2713 loss=1.00498080 recon=0.00014836 beh=6.212813 w=0.162 lr=9.729e-05 time=0.473s
[RQ-VAE] epoch=2714 loss=1.00612903 recon=0.00014828 beh=6.214791 w=0.162 lr=9.695e-05 time=0.461s
[RQ-VAE] epoch=2715 loss=1.00637484 recon=0.00014824 beh=6.211194 w=0.162 lr=9.661e-05 time=0.45s
[RQ-VAE] epoch=2716 loss=1.00844479 recon=0.00014844 beh=6.218850 w=0.162 lr=9.627e-05 time=0.471s
[RQ-VAE] epoch=2717 loss=1.00917780 recon=0.00014857 beh=6.218256 w=0.162 lr=9.593e-05 time=0.439s
[RQ-VAE] epoch=2718 loss=1.00926745 recon=0.00014840 beh=6.213705 w=0.162 lr=9.559e-05 time=0.424s
[RQ-VAE] epoch=2719 loss=1.00947881 recon=0.00014833 beh=6.209908 w=0.163 lr=9.525e-05 time=0.408s
[RQ-VAE] epoch=2720 loss=1.01135874 recon=0.00014854 beh=6.216372 w=0.163 lr=9.492e-05 time=0.437s
[RQ-VAE] epoch=2721 loss=1.01138818 recon=0.00014837 beh=6.211462 w=0.163 lr=9.458e-05 time=0.301s
[RQ-VAE] epoch=2722 loss=1.01143718 recon=0.00014854 beh=6.206677 w=0.163 lr=9.424e-05 time=0.506s
[RQ-VAE] epoch=2723 loss=1.01273990 recon=0.00014882 beh=6.209588 w=0.163 lr=9.390e-05 time=0.49s
[RQ-VAE] epoch=2724 loss=1.01408231 recon=0.00014869 beh=6.212742 w=0.163 lr=9.356e-05 time=0.484s
[RQ-VAE] epoch=2725 loss=1.01510489 recon=0.00014934 beh=6.213927 w=0.163 lr=9.322e-05 time=0.462s
[RQ-VAE] epoch=2726 loss=1.01524842 recon=0.00014910 beh=6.209739 w=0.163 lr=9.288e-05 time=0.454s
[RQ-VAE] epoch=2727 loss=1.01666462 recon=0.00014838 beh=6.213337 w=0.164 lr=9.254e-05 time=0.459s
[RQ-VAE] epoch=2728 loss=1.01738596 recon=0.00014831 beh=6.212684 w=0.164 lr=9.220e-05 time=0.458s
[RQ-VAE] epoch=2729 loss=1.01864409 recon=0.00014849 beh=6.215304 w=0.164 lr=9.186e-05 time=0.458s
[RQ-VAE] epoch=2730 loss=1.01819396 recon=0.00014848 beh=6.207499 w=0.164 lr=9.153e-05 time=0.455s
[RQ-VAE] epoch=2731 loss=1.01933718 recon=0.00014887 beh=6.209415 w=0.164 lr=9.119e-05 time=0.472s
[RQ-VAE] epoch=2732 loss=1.02052760 recon=0.00014880 beh=6.211627 w=0.164 lr=9.085e-05 time=0.456s
[RQ-VAE] epoch=2733 loss=1.02225482 recon=0.00014909 beh=6.217100 w=0.164 lr=9.051e-05 time=0.46s
[RQ-VAE] epoch=2734 loss=1.02216816 recon=0.00014848 beh=6.211542 w=0.165 lr=9.017e-05 time=0.325s
[RQ-VAE] epoch=2735 loss=1.02374029 recon=0.00014883 beh=6.216061 w=0.165 lr=8.983e-05 time=0.568s
[RQ-VAE] epoch=2736 loss=1.02367067 recon=0.00014885 beh=6.210609 w=0.165 lr=8.949e-05 time=0.441s
[RQ-VAE] epoch=2737 loss=1.02464008 recon=0.00014911 beh=6.211466 w=0.165 lr=8.915e-05 time=0.43s
[RQ-VAE] epoch=2738 loss=1.02569056 recon=0.00014907 beh=6.212811 w=0.165 lr=8.881e-05 time=0.461s
[RQ-VAE] epoch=2739 loss=1.02674651 recon=0.00014886 beh=6.214190 w=0.165 lr=8.847e-05 time=0.464s
[RQ-VAE] epoch=2740 loss=1.02780485 recon=0.00014873 beh=6.215581 w=0.165 lr=8.814e-05 time=0.466s
[RQ-VAE] epoch=2741 loss=1.02818835 recon=0.00014869 beh=6.212891 w=0.165 lr=8.780e-05 time=0.429s
[RQ-VAE] epoch=2742 loss=1.02845144 recon=0.00014862 beh=6.209476 w=0.166 lr=8.746e-05 time=0.45s
[RQ-VAE] epoch=2743 loss=1.02982402 recon=0.00014858 beh=6.212763 w=0.166 lr=8.712e-05 time=0.393s
[RQ-VAE] epoch=2744 loss=1.03143382 recon=0.00014846 beh=6.217475 w=0.166 lr=8.678e-05 time=0.422s
[RQ-VAE] epoch=2745 loss=1.03070462 recon=0.00014859 beh=6.208088 w=0.166 lr=8.644e-05 time=0.491s
[RQ-VAE] epoch=2746 loss=1.03248835 recon=0.00014849 beh=6.213843 w=0.166 lr=8.610e-05 time=0.312s
[RQ-VAE] epoch=2747 loss=1.03394437 recon=0.00014866 beh=6.217615 w=0.166 lr=8.576e-05 time=0.524s
[RQ-VAE] epoch=2748 loss=1.03481829 recon=0.00014854 beh=6.217886 w=0.166 lr=8.542e-05 time=0.428s
[RQ-VAE] epoch=2749 loss=1.03460944 recon=0.00014861 beh=6.211653 w=0.167 lr=8.508e-05 time=0.438s
[RQ-VAE] epoch=2750 loss=1.03609574 recon=0.00014858 lr=8.475e-05 raw_unique=9133/24587 collision=0.628544 time=0.453s
[RQ-VAE] epoch=2751 loss=1.03741050 recon=0.00014840 beh=6.218518 w=0.167 lr=8.441e-05 time=0.508s
[RQ-VAE] epoch=2752 loss=1.03746760 recon=0.00014845 beh=6.213893 w=0.167 lr=8.407e-05 time=0.474s
[RQ-VAE] epoch=2753 loss=1.03903997 recon=0.00014822 beh=6.218347 w=0.167 lr=8.373e-05 time=0.405s
[RQ-VAE] epoch=2754 loss=1.03803396 recon=0.00014830 beh=6.207372 w=0.167 lr=8.339e-05 time=0.438s
[RQ-VAE] epoch=2755 loss=1.03925526 recon=0.00014808 beh=6.209724 w=0.167 lr=8.305e-05 time=0.482s
[RQ-VAE] epoch=2756 loss=1.04206955 recon=0.00014801 beh=6.221586 w=0.167 lr=8.271e-05 time=0.465s
[RQ-VAE] epoch=2757 loss=1.04264486 recon=0.00014790 beh=6.220070 w=0.168 lr=8.237e-05 time=0.431s
[RQ-VAE] epoch=2758 loss=1.04322529 recon=0.00014802 beh=6.218586 w=0.168 lr=8.203e-05 time=0.474s
[RQ-VAE] epoch=2759 loss=1.04321313 recon=0.00014785 beh=6.213575 w=0.168 lr=8.169e-05 time=0.319s
[RQ-VAE] epoch=2760 loss=1.04448891 recon=0.00014790 beh=6.216238 w=0.168 lr=8.136e-05 time=0.495s
[RQ-VAE] epoch=2761 loss=1.04598820 recon=0.00014797 beh=6.220223 w=0.168 lr=8.102e-05 time=0.432s
[RQ-VAE] epoch=2762 loss=1.04582596 recon=0.00014808 beh=6.214329 w=0.168 lr=8.068e-05 time=0.449s
[RQ-VAE] epoch=2763 loss=1.04653549 recon=0.00014829 beh=6.213620 w=0.168 lr=8.034e-05 time=0.431s
[RQ-VAE] epoch=2764 loss=1.04674697 recon=0.00014817 beh=6.209960 w=0.169 lr=8.000e-05 time=0.594s
[RQ-VAE] epoch=2765 loss=1.04883194 recon=0.00014827 beh=6.217413 w=0.169 lr=7.966e-05 time=0.518s
[RQ-VAE] epoch=2766 loss=1.04970407 recon=0.00014847 beh=6.217669 w=0.169 lr=7.932e-05 time=0.406s
[RQ-VAE] epoch=2767 loss=1.05108404 recon=0.00014837 beh=6.220931 w=0.169 lr=7.898e-05 time=0.49s
[RQ-VAE] epoch=2768 loss=1.05090606 recon=0.00014827 beh=6.214973 w=0.169 lr=7.864e-05 time=0.459s
[RQ-VAE] epoch=2769 loss=1.05174816 recon=0.00014839 beh=6.215052 w=0.169 lr=7.831e-05 time=0.519s
[RQ-VAE] epoch=2770 loss=1.05073094 recon=0.00014835 beh=6.204151 w=0.169 lr=7.797e-05 time=0.428s
[RQ-VAE] epoch=2771 loss=1.05398035 recon=0.00014820 beh=6.218445 w=0.169 lr=7.763e-05 time=0.347s
[RQ-VAE] epoch=2772 loss=1.05439758 recon=0.00014855 beh=6.216015 w=0.170 lr=7.729e-05 time=0.473s
[RQ-VAE] epoch=2773 loss=1.05550718 recon=0.00014824 beh=6.217672 w=0.170 lr=7.695e-05 time=0.424s
[RQ-VAE] epoch=2774 loss=1.05590069 recon=0.00014815 beh=6.215107 w=0.170 lr=7.661e-05 time=0.452s
[RQ-VAE] epoch=2775 loss=1.05671525 recon=0.00014823 beh=6.215024 w=0.170 lr=7.627e-05 time=0.439s
[RQ-VAE] epoch=2776 loss=1.05648732 recon=0.00014820 beh=6.208814 w=0.170 lr=7.593e-05 time=0.471s
[RQ-VAE] epoch=2777 loss=1.05808520 recon=0.00014811 beh=6.213338 w=0.170 lr=7.559e-05 time=0.423s
[RQ-VAE] epoch=2778 loss=1.05989361 recon=0.00014814 beh=6.219090 w=0.170 lr=7.525e-05 time=0.466s
[RQ-VAE] epoch=2779 loss=1.06061625 recon=0.00014800 beh=6.218464 w=0.171 lr=7.492e-05 time=0.511s
[RQ-VAE] epoch=2780 loss=1.06122792 recon=0.00014793 beh=6.217191 w=0.171 lr=7.458e-05 time=0.454s
[RQ-VAE] epoch=2781 loss=1.06319368 recon=0.00014803 beh=6.223845 w=0.171 lr=7.424e-05 time=0.466s
[RQ-VAE] epoch=2782 loss=1.06270516 recon=0.00014783 beh=6.216134 w=0.171 lr=7.390e-05 time=0.399s
[RQ-VAE] epoch=2783 loss=1.06328058 recon=0.00014780 beh=6.214651 w=0.171 lr=7.356e-05 time=0.462s
[RQ-VAE] epoch=2784 loss=1.06467044 recon=0.00014804 beh=6.217928 w=0.171 lr=7.322e-05 time=0.608s
[RQ-VAE] epoch=2785 loss=1.06472397 recon=0.00014805 beh=6.213402 w=0.171 lr=7.288e-05 time=0.459s
[RQ-VAE] epoch=2786 loss=1.06539536 recon=0.00014782 beh=6.212487 w=0.171 lr=7.254e-05 time=0.472s
[RQ-VAE] epoch=2787 loss=1.06700921 recon=0.00014778 beh=6.217065 w=0.172 lr=7.220e-05 time=0.488s
[RQ-VAE] epoch=2788 loss=1.06851912 recon=0.00014781 beh=6.221030 w=0.172 lr=7.186e-05 time=0.452s
[RQ-VAE] epoch=2789 loss=1.06800091 recon=0.00014784 beh=6.213187 w=0.172 lr=7.153e-05 time=0.451s
[RQ-VAE] epoch=2790 loss=1.06875956 recon=0.00014821 beh=6.212778 w=0.172 lr=7.119e-05 time=0.474s
[RQ-VAE] epoch=2791 loss=1.06926596 recon=0.00014828 beh=6.210907 w=0.172 lr=7.085e-05 time=0.493s
[RQ-VAE] epoch=2792 loss=1.07135510 recon=0.00014798 beh=6.218226 w=0.172 lr=7.051e-05 time=0.467s
[RQ-VAE] epoch=2793 loss=1.07170844 recon=0.00014841 beh=6.215463 w=0.172 lr=7.017e-05 time=0.511s
[RQ-VAE] epoch=2794 loss=1.07284105 recon=0.00014827 beh=6.217227 w=0.173 lr=6.983e-05 time=0.435s
[RQ-VAE] epoch=2795 loss=1.07352996 recon=0.00014791 beh=6.216420 w=0.173 lr=6.949e-05 time=0.446s
[RQ-VAE] epoch=2796 loss=1.07435012 recon=0.00014802 beh=6.216370 w=0.173 lr=6.915e-05 time=0.376s
[RQ-VAE] epoch=2797 loss=1.07574368 recon=0.00014804 beh=6.219634 w=0.173 lr=6.881e-05 time=0.448s
[RQ-VAE] epoch=2798 loss=1.07647681 recon=0.00014837 beh=6.219076 w=0.173 lr=6.847e-05 time=0.501s
[RQ-VAE] epoch=2799 loss=1.07677329 recon=0.00014827 beh=6.216000 w=0.173 lr=6.814e-05 time=0.599s
[RQ-VAE] epoch=2800 loss=1.07698154 recon=0.00014838 lr=6.780e-05 raw_unique=9017/24587 collision=0.633261 time=0.465s
[RQ-VAE] epoch=2801 loss=1.07813025 recon=0.00014830 beh=6.214267 w=0.173 lr=6.746e-05 time=0.457s
[RQ-VAE] epoch=2802 loss=1.07794416 recon=0.00014809 beh=6.208424 w=0.174 lr=6.712e-05 time=0.47s
[RQ-VAE] epoch=2803 loss=1.07920027 recon=0.00014818 beh=6.210888 w=0.174 lr=6.678e-05 time=0.426s
[RQ-VAE] epoch=2804 loss=1.08038235 recon=0.00014805 beh=6.212925 w=0.174 lr=6.644e-05 time=0.462s
[RQ-VAE] epoch=2805 loss=1.08227456 recon=0.00014794 beh=6.219039 w=0.174 lr=6.610e-05 time=0.503s
[RQ-VAE] epoch=2806 loss=1.08213663 recon=0.00014825 beh=6.213485 w=0.174 lr=6.576e-05 time=0.488s
[RQ-VAE] epoch=2807 loss=1.08323419 recon=0.00014816 beh=6.215030 w=0.174 lr=6.542e-05 time=0.419s
[RQ-VAE] epoch=2808 loss=1.08380318 recon=0.00014805 beh=6.213541 w=0.174 lr=6.508e-05 time=0.321s
[RQ-VAE] epoch=2809 loss=1.08490348 recon=0.00014810 beh=6.215097 w=0.175 lr=6.475e-05 time=0.436s
[RQ-VAE] epoch=2810 loss=1.08481038 recon=0.00014800 beh=6.209821 w=0.175 lr=6.441e-05 time=0.507s
[RQ-VAE] epoch=2811 loss=1.08641815 recon=0.00014780 beh=6.214283 w=0.175 lr=6.407e-05 time=0.486s
[RQ-VAE] epoch=2812 loss=1.08641267 recon=0.00014788 beh=6.209515 w=0.175 lr=6.373e-05 time=0.501s
[RQ-VAE] epoch=2813 loss=1.08736563 recon=0.00014780 beh=6.210229 w=0.175 lr=6.339e-05 time=0.477s
[RQ-VAE] epoch=2814 loss=1.08858132 recon=0.00014765 beh=6.212443 w=0.175 lr=6.305e-05 time=0.475s
[RQ-VAE] epoch=2815 loss=1.09000301 recon=0.00014774 beh=6.215827 w=0.175 lr=6.271e-05 time=0.419s
[RQ-VAE] epoch=2816 loss=1.09111536 recon=0.00014767 beh=6.217444 w=0.175 lr=6.237e-05 time=0.476s
[RQ-VAE] epoch=2817 loss=1.09289062 recon=0.00014745 beh=6.222835 w=0.176 lr=6.203e-05 time=0.441s
[RQ-VAE] epoch=2818 loss=1.09274387 recon=0.00014735 beh=6.217279 w=0.176 lr=6.169e-05 time=0.454s
[RQ-VAE] epoch=2819 loss=1.09318590 recon=0.00014743 beh=6.215078 w=0.176 lr=6.136e-05 time=0.459s
[RQ-VAE] epoch=2820 loss=1.09457564 recon=0.00014727 beh=6.218266 w=0.176 lr=6.102e-05 time=0.438s
[RQ-VAE] epoch=2821 loss=1.09490764 recon=0.00014731 beh=6.215445 w=0.176 lr=6.068e-05 time=0.481s
[RQ-VAE] epoch=2822 loss=1.09545231 recon=0.00014748 beh=6.213831 w=0.176 lr=6.034e-05 time=0.433s
[RQ-VAE] epoch=2823 loss=1.09696436 recon=0.00014757 beh=6.217707 w=0.176 lr=6.000e-05 time=0.453s
[RQ-VAE] epoch=2824 loss=1.09775901 recon=0.00014755 beh=6.217513 w=0.177 lr=5.966e-05 time=0.455s
[RQ-VAE] epoch=2825 loss=1.09931707 recon=0.00014779 beh=6.221640 w=0.177 lr=5.932e-05 time=0.454s
[RQ-VAE] epoch=2826 loss=1.09888697 recon=0.00014762 beh=6.214517 w=0.177 lr=5.898e-05 time=0.488s
[RQ-VAE] epoch=2827 loss=1.09962916 recon=0.00014765 beh=6.214027 w=0.177 lr=5.864e-05 time=0.5s
[RQ-VAE] epoch=2828 loss=1.10122895 recon=0.00014782 beh=6.218383 w=0.177 lr=5.831e-05 time=0.509s
[RQ-VAE] epoch=2829 loss=1.10149741 recon=0.00014785 beh=6.215219 w=0.177 lr=5.797e-05 time=0.465s
[RQ-VAE] epoch=2830 loss=1.10203493 recon=0.00014775 beh=6.213578 w=0.177 lr=5.763e-05 time=0.457s
[RQ-VAE] epoch=2831 loss=1.10337961 recon=0.00014755 beh=6.216487 w=0.177 lr=5.729e-05 time=0.47s
[RQ-VAE] epoch=2832 loss=1.10389292 recon=0.00014754 beh=6.214711 w=0.178 lr=5.695e-05 time=0.437s
[RQ-VAE] epoch=2833 loss=1.10538757 recon=0.00014745 beh=6.218459 w=0.178 lr=5.661e-05 time=0.285s
[RQ-VAE] epoch=2834 loss=1.10562992 recon=0.00014775 beh=6.215158 w=0.178 lr=5.627e-05 time=0.494s
[RQ-VAE] epoch=2835 loss=1.10679126 recon=0.00014770 beh=6.217027 w=0.178 lr=5.593e-05 time=0.47s
[RQ-VAE] epoch=2836 loss=1.10849702 recon=0.00014771 beh=6.221948 w=0.178 lr=5.559e-05 time=0.461s
[RQ-VAE] epoch=2837 loss=1.10842419 recon=0.00014759 beh=6.216887 w=0.178 lr=5.525e-05 time=0.509s
[RQ-VAE] epoch=2838 loss=1.10914922 recon=0.00014767 beh=6.216304 w=0.178 lr=5.492e-05 time=0.454s
[RQ-VAE] epoch=2839 loss=1.11000812 recon=0.00014762 beh=6.216474 w=0.179 lr=5.458e-05 time=0.439s
[RQ-VAE] epoch=2840 loss=1.11087859 recon=0.00014748 beh=6.216706 w=0.179 lr=5.424e-05 time=0.433s
[RQ-VAE] epoch=2841 loss=1.11128330 recon=0.00014733 beh=6.214334 w=0.179 lr=5.390e-05 time=0.498s
[RQ-VAE] epoch=2842 loss=1.11204219 recon=0.00014759 beh=6.213942 w=0.179 lr=5.356e-05 time=0.498s
[RQ-VAE] epoch=2843 loss=1.11289227 recon=0.00014756 beh=6.214063 w=0.179 lr=5.322e-05 time=0.485s
[RQ-VAE] epoch=2844 loss=1.11391234 recon=0.00014752 beh=6.215133 w=0.179 lr=5.288e-05 time=0.42s
[RQ-VAE] epoch=2845 loss=1.11411703 recon=0.00014747 beh=6.211654 w=0.179 lr=5.254e-05 time=0.511s
[RQ-VAE] epoch=2846 loss=1.11630321 recon=0.00014762 beh=6.219219 w=0.179 lr=5.220e-05 time=0.378s
[RQ-VAE] epoch=2847 loss=1.11618686 recon=0.00014741 beh=6.213956 w=0.180 lr=5.186e-05 time=0.489s
[RQ-VAE] epoch=2848 loss=1.11702847 recon=0.00014738 beh=6.214030 w=0.180 lr=5.153e-05 time=0.416s
[RQ-VAE] epoch=2849 loss=1.11735630 recon=0.00014738 beh=6.211245 w=0.180 lr=5.119e-05 time=0.424s
[RQ-VAE] epoch=2850 loss=1.11878264 recon=0.00014737 lr=5.085e-05 raw_unique=9691/24587 collision=0.605849 time=0.478s
[RQ-VAE] epoch=2851 loss=1.11998153 recon=0.00014741 beh=6.216623 w=0.180 lr=5.051e-05 time=0.466s
[RQ-VAE] epoch=2852 loss=1.12172866 recon=0.00014738 beh=6.221717 w=0.180 lr=5.017e-05 time=0.429s
[RQ-VAE] epoch=2853 loss=1.12186527 recon=0.00014734 beh=6.217876 w=0.180 lr=4.983e-05 time=0.464s
[RQ-VAE] epoch=2854 loss=1.12288713 recon=0.00014751 beh=6.218942 w=0.181 lr=4.949e-05 time=0.462s
[RQ-VAE] epoch=2855 loss=1.12246394 recon=0.00014775 beh=6.212008 w=0.181 lr=4.915e-05 time=0.606s
[RQ-VAE] epoch=2856 loss=1.12449574 recon=0.00014753 beh=6.218668 w=0.181 lr=4.881e-05 time=0.476s
[RQ-VAE] epoch=2857 loss=1.12562132 recon=0.00014771 beh=6.220304 w=0.181 lr=4.847e-05 time=0.475s
[RQ-VAE] epoch=2858 loss=1.12641168 recon=0.00014764 beh=6.220089 w=0.181 lr=4.814e-05 time=0.396s
[RQ-VAE] epoch=2859 loss=1.12719977 recon=0.00014760 beh=6.219861 w=0.181 lr=4.780e-05 time=0.49s
[RQ-VAE] epoch=2860 loss=1.12809896 recon=0.00014779 beh=6.220245 w=0.181 lr=4.746e-05 time=0.488s
[RQ-VAE] epoch=2861 loss=1.12864828 recon=0.00014766 beh=6.218703 w=0.181 lr=4.712e-05 time=0.459s
[RQ-VAE] epoch=2862 loss=1.12917280 recon=0.00014751 beh=6.217026 w=0.182 lr=4.678e-05 time=0.478s
[RQ-VAE] epoch=2863 loss=1.13075292 recon=0.00014759 beh=6.221159 w=0.182 lr=4.644e-05 time=0.472s
[RQ-VAE] epoch=2864 loss=1.13107026 recon=0.00014775 beh=6.218342 w=0.182 lr=4.610e-05 time=0.446s
[RQ-VAE] epoch=2865 loss=1.13168073 recon=0.00014781 beh=6.217141 w=0.182 lr=4.576e-05 time=0.498s
[RQ-VAE] epoch=2866 loss=1.13220882 recon=0.00014778 beh=6.215490 w=0.182 lr=4.542e-05 time=0.477s
[RQ-VAE] epoch=2867 loss=1.13372326 recon=0.00014778 beh=6.219252 w=0.182 lr=4.508e-05 time=0.412s
[RQ-VAE] epoch=2868 loss=1.13431859 recon=0.00014802 beh=6.217968 w=0.182 lr=4.475e-05 time=0.506s
[RQ-VAE] epoch=2869 loss=1.13517618 recon=0.00014787 beh=6.218126 w=0.183 lr=4.441e-05 time=0.496s
[RQ-VAE] epoch=2870 loss=1.13552046 recon=0.00014771 beh=6.215475 w=0.183 lr=4.407e-05 time=0.417s
[RQ-VAE] epoch=2871 loss=1.13644850 recon=0.00014759 beh=6.216018 w=0.183 lr=4.373e-05 time=0.398s
[RQ-VAE] epoch=2872 loss=1.13694787 recon=0.00014758 beh=6.214217 w=0.183 lr=4.339e-05 time=0.435s
[RQ-VAE] epoch=2873 loss=1.13703072 recon=0.00014754 beh=6.210144 w=0.183 lr=4.305e-05 time=0.426s
[RQ-VAE] epoch=2874 loss=1.13917398 recon=0.00014739 beh=6.217322 w=0.183 lr=4.271e-05 time=0.473s
[RQ-VAE] epoch=2875 loss=1.14017987 recon=0.00014770 beh=6.218285 w=0.183 lr=4.237e-05 time=0.43s
[RQ-VAE] epoch=2876 loss=1.14014995 recon=0.00014761 beh=6.213602 w=0.183 lr=4.203e-05 time=0.46s
[RQ-VAE] epoch=2877 loss=1.14145494 recon=0.00014750 beh=6.216197 w=0.184 lr=4.169e-05 time=0.444s
[RQ-VAE] epoch=2878 loss=1.14210320 recon=0.00014749 beh=6.215213 w=0.184 lr=4.136e-05 time=0.412s
[RQ-VAE] epoch=2879 loss=1.14371395 recon=0.00014789 beh=6.219464 w=0.184 lr=4.102e-05 time=0.445s
[RQ-VAE] epoch=2880 loss=1.14289856 recon=0.00014771 beh=6.210526 w=0.184 lr=4.068e-05 time=0.469s
[RQ-VAE] epoch=2881 loss=1.14539433 recon=0.00014790 beh=6.219582 w=0.184 lr=4.034e-05 time=0.5s
[RQ-VAE] epoch=2882 loss=1.14551497 recon=0.00014745 beh=6.215738 w=0.184 lr=4.000e-05 time=0.524s
[RQ-VAE] epoch=2883 loss=1.14684212 recon=0.00014744 beh=6.218442 w=0.184 lr=3.966e-05 time=0.42s
[RQ-VAE] epoch=2884 loss=1.14757442 recon=0.00014753 beh=6.217918 w=0.185 lr=3.932e-05 time=0.487s
[RQ-VAE] epoch=2885 loss=1.14853191 recon=0.00014745 beh=6.218613 w=0.185 lr=3.898e-05 time=0.416s
[RQ-VAE] epoch=2886 loss=1.14836264 recon=0.00014758 beh=6.213210 w=0.185 lr=3.864e-05 time=0.475s
[RQ-VAE] epoch=2887 loss=1.15057766 recon=0.00014755 beh=6.220709 w=0.185 lr=3.831e-05 time=0.44s
[RQ-VAE] epoch=2888 loss=1.14916670 recon=0.00014737 beh=6.208603 w=0.185 lr=3.797e-05 time=0.479s
[RQ-VAE] epoch=2889 loss=1.15160823 recon=0.00014747 beh=6.217317 w=0.185 lr=3.763e-05 time=0.419s
[RQ-VAE] epoch=2890 loss=1.15236473 recon=0.00014745 beh=6.216927 w=0.185 lr=3.729e-05 time=0.443s
[RQ-VAE] epoch=2891 loss=1.15286875 recon=0.00014758 beh=6.215175 w=0.185 lr=3.695e-05 time=0.439s
[RQ-VAE] epoch=2892 loss=1.15358901 recon=0.00014765 beh=6.214590 w=0.186 lr=3.661e-05 time=0.421s
[RQ-VAE] epoch=2893 loss=1.15318167 recon=0.00014761 beh=6.207935 w=0.186 lr=3.627e-05 time=0.447s
[RQ-VAE] epoch=2894 loss=1.15551257 recon=0.00014738 beh=6.216024 w=0.186 lr=3.593e-05 time=0.426s
[RQ-VAE] epoch=2895 loss=1.15740514 recon=0.00014723 beh=6.221745 w=0.186 lr=3.559e-05 time=0.477s
[RQ-VAE] epoch=2896 loss=1.15711439 recon=0.00014744 beh=6.215724 w=0.186 lr=3.525e-05 time=0.411s
[RQ-VAE] epoch=2897 loss=1.15733051 recon=0.00014720 beh=6.212438 w=0.186 lr=3.492e-05 time=0.32s
[RQ-VAE] epoch=2898 loss=1.15908492 recon=0.00014746 beh=6.217404 w=0.186 lr=3.458e-05 time=0.429s
[RQ-VAE] epoch=2899 loss=1.15995061 recon=0.00014750 beh=6.217601 w=0.187 lr=3.424e-05 time=0.481s
[RQ-VAE] epoch=2900 loss=1.16052508 recon=0.00014750 lr=3.390e-05 raw_unique=9829/24587 collision=0.600236 time=0.412s
[RQ-VAE] epoch=2901 loss=1.16166949 recon=0.00014744 beh=6.217927 w=0.187 lr=3.356e-05 time=0.417s
[RQ-VAE] epoch=2902 loss=1.16302419 recon=0.00014743 beh=6.220739 w=0.187 lr=3.322e-05 time=0.438s
[RQ-VAE] epoch=2903 loss=1.16247702 recon=0.00014750 beh=6.213380 w=0.187 lr=3.288e-05 time=0.412s
[RQ-VAE] epoch=2904 loss=1.16398525 recon=0.00014740 beh=6.217012 w=0.187 lr=3.254e-05 time=0.629s
[RQ-VAE] epoch=2905 loss=1.16387832 recon=0.00014727 beh=6.212017 w=0.187 lr=3.220e-05 time=0.451s
[RQ-VAE] epoch=2906 loss=1.16587734 recon=0.00014740 beh=6.218262 w=0.187 lr=3.186e-05 time=0.457s
[RQ-VAE] epoch=2907 loss=1.16671729 recon=0.00014746 beh=6.218318 w=0.188 lr=3.153e-05 time=0.453s
[RQ-VAE] epoch=2908 loss=1.16686392 recon=0.00014729 beh=6.214684 w=0.188 lr=3.119e-05 time=0.464s
[RQ-VAE] epoch=2909 loss=1.16760969 recon=0.00014730 beh=6.214243 w=0.188 lr=3.085e-05 time=0.422s
[RQ-VAE] epoch=2910 loss=1.16765881 recon=0.00014730 beh=6.210097 w=0.188 lr=3.051e-05 time=0.397s
[RQ-VAE] epoch=2911 loss=1.17004347 recon=0.00014767 beh=6.218368 w=0.188 lr=3.017e-05 time=0.431s
[RQ-VAE] epoch=2912 loss=1.17071533 recon=0.00014738 beh=6.217535 w=0.188 lr=2.983e-05 time=0.474s
[RQ-VAE] epoch=2913 loss=1.17141628 recon=0.00014741 beh=6.216854 w=0.188 lr=2.949e-05 time=0.464s
[RQ-VAE] epoch=2914 loss=1.17261100 recon=0.00014729 beh=6.218796 w=0.189 lr=2.915e-05 time=0.442s
[RQ-VAE] epoch=2915 loss=1.17353034 recon=0.00014741 beh=6.219273 w=0.189 lr=2.881e-05 time=0.417s
[RQ-VAE] epoch=2916 loss=1.17319357 recon=0.00014747 beh=6.213097 w=0.189 lr=2.847e-05 time=0.445s
[RQ-VAE] epoch=2917 loss=1.17388725 recon=0.00014739 beh=6.212385 w=0.189 lr=2.814e-05 time=0.434s
[RQ-VAE] epoch=2918 loss=1.17611575 recon=0.00014753 beh=6.219790 w=0.189 lr=2.780e-05 time=0.481s
[RQ-VAE] epoch=2919 loss=1.17555356 recon=0.00014765 beh=6.212434 w=0.189 lr=2.746e-05 time=0.595s
[RQ-VAE] epoch=2920 loss=1.17718709 recon=0.00014762 beh=6.216687 w=0.189 lr=2.712e-05 time=0.482s
[RQ-VAE] epoch=2921 loss=1.17886889 recon=0.00014753 beh=6.221189 w=0.189 lr=2.678e-05 time=0.457s
[RQ-VAE] epoch=2922 loss=1.17989147 recon=0.00014753 beh=6.222207 w=0.190 lr=2.644e-05 time=0.401s
[RQ-VAE] epoch=2923 loss=1.18019474 recon=0.00014750 beh=6.219433 w=0.190 lr=2.610e-05 time=0.432s
[RQ-VAE] epoch=2924 loss=1.17941618 recon=0.00014748 beh=6.210965 w=0.190 lr=2.576e-05 time=0.411s
[RQ-VAE] epoch=2925 loss=1.18152988 recon=0.00014753 beh=6.217731 w=0.190 lr=2.542e-05 time=0.448s
[RQ-VAE] epoch=2926 loss=1.18253040 recon=0.00014751 beh=6.218633 w=0.190 lr=2.508e-05 time=0.526s
[RQ-VAE] epoch=2927 loss=1.18395400 recon=0.00014783 beh=6.221755 w=0.190 lr=2.475e-05 time=0.443s
[RQ-VAE] epoch=2928 loss=1.18462121 recon=0.00014785 beh=6.220902 w=0.190 lr=2.441e-05 time=0.462s
[RQ-VAE] epoch=2929 loss=1.18517709 recon=0.00014767 beh=6.219467 w=0.191 lr=2.407e-05 time=0.464s
[RQ-VAE] epoch=2930 loss=1.18558073 recon=0.00014773 beh=6.217236 w=0.191 lr=2.373e-05 time=0.454s
[RQ-VAE] epoch=2931 loss=1.18724835 recon=0.00014759 beh=6.221632 w=0.191 lr=2.339e-05 time=0.475s
[RQ-VAE] epoch=2932 loss=1.18652940 recon=0.00014780 beh=6.213522 w=0.191 lr=2.305e-05 time=0.453s
[RQ-VAE] epoch=2933 loss=1.18804741 recon=0.00014771 beh=6.217131 w=0.191 lr=2.271e-05 time=0.462s
[RQ-VAE] epoch=2934 loss=1.18944979 recon=0.00014767 beh=6.220130 w=0.191 lr=2.237e-05 time=0.448s
[RQ-VAE] epoch=2935 loss=1.18971992 recon=0.00014773 beh=6.217207 w=0.191 lr=2.203e-05 time=0.439s
[RQ-VAE] epoch=2936 loss=1.19127488 recon=0.00014770 beh=6.220999 w=0.191 lr=2.169e-05 time=0.431s
[RQ-VAE] epoch=2937 loss=1.19203317 recon=0.00014752 beh=6.220628 w=0.192 lr=2.136e-05 time=0.497s
[RQ-VAE] epoch=2938 loss=1.19358838 recon=0.00014750 beh=6.224413 w=0.192 lr=2.102e-05 time=0.454s
[RQ-VAE] epoch=2939 loss=1.19318891 recon=0.00014732 beh=6.218006 w=0.192 lr=2.068e-05 time=0.427s
[RQ-VAE] epoch=2940 loss=1.19332361 recon=0.00014768 beh=6.214388 w=0.192 lr=2.034e-05 time=0.455s
[RQ-VAE] epoch=2941 loss=1.19510114 recon=0.00014770 beh=6.219326 w=0.192 lr=2.000e-05 time=0.488s
[RQ-VAE] epoch=2942 loss=1.19551992 recon=0.00014767 beh=6.217192 w=0.192 lr=1.966e-05 time=0.478s
[RQ-VAE] epoch=2943 loss=1.19611394 recon=0.00014763 beh=6.215971 w=0.192 lr=1.932e-05 time=0.444s
[RQ-VAE] epoch=2944 loss=1.19816637 recon=0.00014759 beh=6.222327 w=0.193 lr=1.898e-05 time=0.479s
[RQ-VAE] epoch=2945 loss=1.19726396 recon=0.00014752 beh=6.213338 w=0.193 lr=1.864e-05 time=0.43s
[RQ-VAE] epoch=2946 loss=1.19919741 recon=0.00014753 beh=6.219069 w=0.193 lr=1.831e-05 time=0.474s
[RQ-VAE] epoch=2947 loss=1.19891846 recon=0.00014769 beh=6.213324 w=0.193 lr=1.797e-05 time=0.436s
[RQ-VAE] epoch=2948 loss=1.19966626 recon=0.00014771 beh=6.212906 w=0.193 lr=1.763e-05 time=0.412s
[RQ-VAE] epoch=2949 loss=1.20225191 recon=0.00014773 beh=6.222002 w=0.193 lr=1.729e-05 time=0.308s
[RQ-VAE] epoch=2950 loss=1.20201182 recon=0.00014765 lr=1.695e-05 raw_unique=9897/24587 collision=0.597470 time=0.461s
[RQ-VAE] epoch=2951 loss=1.20344853 recon=0.00014769 beh=6.219611 w=0.193 lr=1.661e-05 time=0.501s
[RQ-VAE] epoch=2952 loss=1.20284200 recon=0.00014767 beh=6.212195 w=0.194 lr=1.627e-05 time=0.443s
[RQ-VAE] epoch=2953 loss=1.20429230 recon=0.00014773 beh=6.215405 w=0.194 lr=1.593e-05 time=0.476s
[RQ-VAE] epoch=2954 loss=1.20413661 recon=0.00014771 beh=6.210328 w=0.194 lr=1.559e-05 time=0.513s
[RQ-VAE] epoch=2955 loss=1.20604181 recon=0.00014784 beh=6.215879 w=0.194 lr=1.525e-05 time=0.448s
[RQ-VAE] epoch=2956 loss=1.20791781 recon=0.00014782 beh=6.221274 w=0.194 lr=1.492e-05 time=0.451s
[RQ-VAE] epoch=2957 loss=1.20883036 recon=0.00014777 beh=6.221701 w=0.194 lr=1.458e-05 time=0.458s
[RQ-VAE] epoch=2958 loss=1.20943177 recon=0.00014780 beh=6.220527 w=0.194 lr=1.424e-05 time=0.482s
[RQ-VAE] epoch=2959 loss=1.20982015 recon=0.00014779 beh=6.218260 w=0.195 lr=1.390e-05 time=0.513s
[RQ-VAE] epoch=2960 loss=1.21027124 recon=0.00014764 beh=6.216320 w=0.195 lr=1.356e-05 time=0.453s
[RQ-VAE] epoch=2961 loss=1.21057248 recon=0.00014768 beh=6.213611 w=0.195 lr=1.322e-05 time=0.456s
[RQ-VAE] epoch=2962 loss=1.21190763 recon=0.00014773 beh=6.216209 w=0.195 lr=1.288e-05 time=0.298s
[RQ-VAE] epoch=2963 loss=1.21233559 recon=0.00014786 beh=6.214154 w=0.195 lr=1.254e-05 time=0.44s
[RQ-VAE] epoch=2964 loss=1.21514082 recon=0.00014782 beh=6.224280 w=0.195 lr=1.220e-05 time=0.493s
[RQ-VAE] epoch=2965 loss=1.21491909 recon=0.00014769 beh=6.218898 w=0.195 lr=1.186e-05 time=0.445s
[RQ-VAE] epoch=2966 loss=1.21488345 recon=0.00014759 beh=6.214474 w=0.195 lr=1.153e-05 time=0.436s
[RQ-VAE] epoch=2967 loss=1.21568942 recon=0.00014758 beh=6.214357 w=0.196 lr=1.119e-05 time=0.473s
[RQ-VAE] epoch=2968 loss=1.21723258 recon=0.00014742 beh=6.218009 w=0.196 lr=1.085e-05 time=0.439s
[RQ-VAE] epoch=2969 loss=1.21889627 recon=0.00014738 beh=6.222271 w=0.196 lr=1.051e-05 time=0.505s
[RQ-VAE] epoch=2970 loss=1.21931839 recon=0.00014738 beh=6.220191 w=0.196 lr=1.017e-05 time=0.419s
[RQ-VAE] epoch=2971 loss=1.22012269 recon=0.00014732 beh=6.220064 w=0.196 lr=9.831e-06 time=0.464s
[RQ-VAE] epoch=2972 loss=1.22097528 recon=0.00014735 beh=6.220181 w=0.196 lr=9.492e-06 time=0.473s
[RQ-VAE] epoch=2973 loss=1.22163582 recon=0.00014727 beh=6.219323 w=0.196 lr=9.153e-06 time=0.454s
[RQ-VAE] epoch=2974 loss=1.22151923 recon=0.00014728 beh=6.214509 w=0.197 lr=8.814e-06 time=0.483s
[RQ-VAE] epoch=2975 loss=1.22250724 recon=0.00014732 beh=6.215320 w=0.197 lr=8.475e-06 time=0.297s
[RQ-VAE] epoch=2976 loss=1.22244442 recon=0.00014726 beh=6.210790 w=0.197 lr=8.136e-06 time=0.606s
[RQ-VAE] epoch=2977 loss=1.22256863 recon=0.00014737 beh=6.207215 w=0.197 lr=7.797e-06 time=0.467s
[RQ-VAE] epoch=2978 loss=1.22625387 recon=0.00014730 beh=6.221716 w=0.197 lr=7.458e-06 time=0.442s
[RQ-VAE] epoch=2979 loss=1.22644782 recon=0.00014727 beh=6.218493 w=0.197 lr=7.119e-06 time=0.449s
[RQ-VAE] epoch=2980 loss=1.22714376 recon=0.00014729 beh=6.217818 w=0.197 lr=6.780e-06 time=0.466s
[RQ-VAE] epoch=2981 loss=1.22768712 recon=0.00014732 beh=6.216371 w=0.197 lr=6.441e-06 time=0.508s
[RQ-VAE] epoch=2982 loss=1.22857475 recon=0.00014729 beh=6.216669 w=0.198 lr=6.102e-06 time=0.408s
[RQ-VAE] epoch=2983 loss=1.23098993 recon=0.00014725 beh=6.224692 w=0.198 lr=5.763e-06 time=0.448s
[RQ-VAE] epoch=2984 loss=1.22898996 recon=0.00014724 beh=6.210389 w=0.198 lr=5.424e-06 time=0.461s
[RQ-VAE] epoch=2985 loss=1.22988451 recon=0.00014720 beh=6.210725 w=0.198 lr=5.085e-06 time=0.505s
[RQ-VAE] epoch=2986 loss=1.23162079 recon=0.00014720 beh=6.215309 w=0.198 lr=4.746e-06 time=0.431s
[RQ-VAE] epoch=2987 loss=1.23263788 recon=0.00014723 beh=6.216259 w=0.198 lr=4.407e-06 time=0.423s
[RQ-VAE] epoch=2988 loss=1.23431659 recon=0.00014718 beh=6.220542 w=0.198 lr=4.068e-06 time=0.428s
[RQ-VAE] epoch=2989 loss=1.23469555 recon=0.00014725 beh=6.218274 w=0.199 lr=3.729e-06 time=0.475s
[RQ-VAE] epoch=2990 loss=1.23522615 recon=0.00014727 beh=6.216771 w=0.199 lr=3.390e-06 time=0.426s
[RQ-VAE] epoch=2991 loss=1.23742175 recon=0.00014722 beh=6.223645 w=0.199 lr=3.051e-06 time=0.441s
[RQ-VAE] epoch=2992 loss=1.23734546 recon=0.00014721 beh=6.219091 w=0.199 lr=2.712e-06 time=0.484s
[RQ-VAE] epoch=2993 loss=1.23684025 recon=0.00014726 beh=6.212387 w=0.199 lr=2.373e-06 time=0.461s
[RQ-VAE] epoch=2994 loss=1.23915017 recon=0.00014720 beh=6.219826 w=0.199 lr=2.034e-06 time=0.437s
[RQ-VAE] epoch=2995 loss=1.23993576 recon=0.00014716 beh=6.219605 w=0.199 lr=1.695e-06 time=0.439s
[RQ-VAE] epoch=2996 loss=1.24033475 recon=0.00014725 beh=6.217449 w=0.199 lr=1.356e-06 time=0.469s
[RQ-VAE] epoch=2997 loss=1.24058819 recon=0.00014724 beh=6.214566 w=0.200 lr=1.017e-06 time=0.425s
[RQ-VAE] epoch=2998 loss=1.24233377 recon=0.00014725 beh=6.219156 w=0.200 lr=6.780e-07 time=0.425s
[RQ-VAE] epoch=2999 loss=1.24305034 recon=0.00014723 beh=6.218592 w=0.200 lr=3.390e-07 time=0.5s
[RQ-VAE] epoch=3000 loss=1.24380779 recon=0.00014723 lr=0.000e+00 raw_unique=9872/24587 collision=0.598487 time=0.277s
[RecBole RQ-VAE] exported raw_shape=(24587, 3) sid_shape=(24587, 4) unique=24587 -> /home/wlia0047/ar57/wenyu/GeneRec/results/stage2_RQ-VAE/TIGER_HYPERBOLIC_RQ-VAE/fix_det_poincare/sids_for_hgrec.npy
