[RecBole RQ-VAE] device=cuda:0 all_items=24587 train_items=24556 world_size=4
[RecBole RQ-VAE] config: epochs=3000 batch_size_per_rank=1024 total_batch=4096 lr=0.001
[RecBole RQ-VAE] initializing codebooks with KMeans
/fs04/ar57/wenyu/GeneRec/stage2_RQ-VAE/TIGER_HYPERBOLIC_RQ-VAE/model/layers.py:102: UserWarning: Deterministic behavior was enabled with either `torch.use_deterministic_algorithms(True)` or `at::Context::setDeterministicAlgorithms(true)`, but this operation is not deterministic because it uses CuBLAS and you have CUDA >= 10.2. To enable deterministic behavior in this case, you must set an environment variable before running your PyTorch application: CUBLAS_WORKSPACE_CONFIG=:4096:8 or CUBLAS_WORKSPACE_CONFIG=:16:8. For more information, go to https://docs.nvidia.com/cuda/cublas/index.html#results-reproducibility (Triggered internally at /pytorch/aten/src/ATen/Context.cpp:233.)
  - 2 * latent @ code_embs.t()
/fs04/ar57/wenyu/GeneRec/stage2_RQ-VAE/TIGER_HYPERBOLIC_RQ-VAE/model/layers.py:102: UserWarning: Deterministic behavior was enabled with either `torch.use_deterministic_algorithms(True)` or `at::Context::setDeterministicAlgorithms(true)`, but this operation is not deterministic because it uses CuBLAS and you have CUDA >= 10.2. To enable deterministic behavior in this case, you must set an environment variable before running your PyTorch application: CUBLAS_WORKSPACE_CONFIG=:4096:8 or CUBLAS_WORKSPACE_CONFIG=:16:8. For more information, go to https://docs.nvidia.com/cuda/cublas/index.html#results-reproducibility (Triggered internally at /pytorch/aten/src/ATen/Context.cpp:233.)
  - 2 * latent @ code_embs.t()
/fs04/ar57/wenyu/GeneRec/stage2_RQ-VAE/TIGER_HYPERBOLIC_RQ-VAE/model/layers.py:102: UserWarning: Deterministic behavior was enabled with either `torch.use_deterministic_algorithms(True)` or `at::Context::setDeterministicAlgorithms(true)`, but this operation is not deterministic because it uses CuBLAS and you have CUDA >= 10.2. To enable deterministic behavior in this case, you must set an environment variable before running your PyTorch application: CUBLAS_WORKSPACE_CONFIG=:4096:8 or CUBLAS_WORKSPACE_CONFIG=:16:8. For more information, go to https://docs.nvidia.com/cuda/cublas/index.html#results-reproducibility (Triggered internally at /pytorch/aten/src/ATen/Context.cpp:233.)
  - 2 * latent @ code_embs.t()
/fs04/ar57/wenyu/GeneRec/stage2_RQ-VAE/TIGER_HYPERBOLIC_RQ-VAE/model/layers.py:102: UserWarning: Deterministic behavior was enabled with either `torch.use_deterministic_algorithms(True)` or `at::Context::setDeterministicAlgorithms(true)`, but this operation is not deterministic because it uses CuBLAS and you have CUDA >= 10.2. To enable deterministic behavior in this case, you must set an environment variable before running your PyTorch application: CUBLAS_WORKSPACE_CONFIG=:4096:8 or CUBLAS_WORKSPACE_CONFIG=:16:8. For more information, go to https://docs.nvidia.com/cuda/cublas/index.html#results-reproducibility (Triggered internally at /pytorch/aten/src/ATen/Context.cpp:233.)
  - 2 * latent @ code_embs.t()
/fs04/ar57/wenyu/GeneRec/stage2_RQ-VAE/TIGER_HYPERBOLIC_RQ-VAE/model/layers.py:102: UserWarning: Deterministic behavior was enabled with either `torch.use_deterministic_algorithms(True)` or `at::Context::setDeterministicAlgorithms(true)`, but this operation is not deterministic because it uses CuBLAS and you have CUDA >= 10.2. To enable deterministic behavior in this case, you must set an environment variable before running your PyTorch application: CUBLAS_WORKSPACE_CONFIG=:4096:8 or CUBLAS_WORKSPACE_CONFIG=:16:8. For more information, go to https://docs.nvidia.com/cuda/cublas/index.html#results-reproducibility (Triggered internally at /pytorch/aten/src/ATen/Context.cpp:233.)
  - 2 * latent @ code_embs.t()
/fs04/ar57/wenyu/GeneRec/stage2_RQ-VAE/TIGER_HYPERBOLIC_RQ-VAE/model/layers.py:102: UserWarning: Deterministic behavior was enabled with either `torch.use_deterministic_algorithms(True)` or `at::Context::setDeterministicAlgorithms(true)`, but this operation is not deterministic because it uses CuBLAS and you have CUDA >= 10.2. To enable deterministic behavior in this case, you must set an environment variable before running your PyTorch application: CUBLAS_WORKSPACE_CONFIG=:4096:8 or CUBLAS_WORKSPACE_CONFIG=:16:8. For more information, go to https://docs.nvidia.com/cuda/cublas/index.html#results-reproducibility (Triggered internally at /pytorch/aten/src/ATen/Context.cpp:233.)
  - 2 * latent @ code_embs.t()
/fs04/ar57/wenyu/GeneRec/stage2_RQ-VAE/TIGER_HYPERBOLIC_RQ-VAE/model/layers.py:102: UserWarning: Deterministic behavior was enabled with either `torch.use_deterministic_algorithms(True)` or `at::Context::setDeterministicAlgorithms(true)`, but this operation is not deterministic because it uses CuBLAS and you have CUDA >= 10.2. To enable deterministic behavior in this case, you must set an environment variable before running your PyTorch application: CUBLAS_WORKSPACE_CONFIG=:4096:8 or CUBLAS_WORKSPACE_CONFIG=:16:8. For more information, go to https://docs.nvidia.com/cuda/cublas/index.html#results-reproducibility (Triggered internally at /pytorch/aten/src/ATen/Context.cpp:233.)
  - 2 * latent @ code_embs.t()
/fs04/ar57/wenyu/GeneRec/stage2_RQ-VAE/TIGER_HYPERBOLIC_RQ-VAE/model/layers.py:102: UserWarning: Deterministic behavior was enabled with either `torch.use_deterministic_algorithms(True)` or `at::Context::setDeterministicAlgorithms(true)`, but this operation is not deterministic because it uses CuBLAS and you have CUDA >= 10.2. To enable deterministic behavior in this case, you must set an environment variable before running your PyTorch application: CUBLAS_WORKSPACE_CONFIG=:4096:8 or CUBLAS_WORKSPACE_CONFIG=:16:8. For more information, go to https://docs.nvidia.com/cuda/cublas/index.html#results-reproducibility (Triggered internally at /pytorch/aten/src/ATen/Context.cpp:233.)
  - 2 * latent @ code_embs.t()
/fs04/ar57/wenyu/GeneRec/stage2_RQ-VAE/TIGER_HYPERBOLIC_RQ-VAE/model/layers.py:102: UserWarning: Deterministic behavior was enabled with either `torch.use_deterministic_algorithms(True)` or `at::Context::setDeterministicAlgorithms(true)`, but this operation is not deterministic because it uses CuBLAS and you have CUDA >= 10.2. To enable deterministic behavior in this case, you must set an environment variable before running your PyTorch application: CUBLAS_WORKSPACE_CONFIG=:4096:8 or CUBLAS_WORKSPACE_CONFIG=:16:8. For more information, go to https://docs.nvidia.com/cuda/cublas/index.html#results-reproducibility (Triggered internally at /pytorch/aten/src/ATen/Context.cpp:233.)
  - 2 * latent @ code_embs.t()
/home/wlia0047/ar57_scratch/wenyu/genrec_env_v2/lib64/python3.9/site-packages/torch/distributed/distributed_c10d.py:4807: UserWarning: No device id is provided via `init_process_group` or `barrier `. Using the current device set by the user. 
  warnings.warn(  # warn only once
/fs04/ar57/wenyu/GeneRec/stage2_RQ-VAE/TIGER_HYPERBOLIC_RQ-VAE/model/layers.py:102: UserWarning: Deterministic behavior was enabled with either `torch.use_deterministic_algorithms(True)` or `at::Context::setDeterministicAlgorithms(true)`, but this operation is not deterministic because it uses CuBLAS and you have CUDA >= 10.2. To enable deterministic behavior in this case, you must set an environment variable before running your PyTorch application: CUBLAS_WORKSPACE_CONFIG=:4096:8 or CUBLAS_WORKSPACE_CONFIG=:16:8. For more information, go to https://docs.nvidia.com/cuda/cublas/index.html#results-reproducibility (Triggered internally at /pytorch/aten/src/ATen/Context.cpp:233.)
  - 2 * latent @ code_embs.t()
/home/wlia0047/ar57_scratch/wenyu/genrec_env_v2/lib64/python3.9/site-packages/torch/distributed/distributed_c10d.py:4807: UserWarning: No device id is provided via `init_process_group` or `barrier `. Using the current device set by the user. 
  warnings.warn(  # warn only once
/fs04/ar57/wenyu/GeneRec/stage2_RQ-VAE/TIGER_HYPERBOLIC_RQ-VAE/model/layers.py:102: UserWarning: Deterministic behavior was enabled with either `torch.use_deterministic_algorithms(True)` or `at::Context::setDeterministicAlgorithms(true)`, but this operation is not deterministic because it uses CuBLAS and you have CUDA >= 10.2. To enable deterministic behavior in this case, you must set an environment variable before running your PyTorch application: CUBLAS_WORKSPACE_CONFIG=:4096:8 or CUBLAS_WORKSPACE_CONFIG=:16:8. For more information, go to https://docs.nvidia.com/cuda/cublas/index.html#results-reproducibility (Triggered internally at /pytorch/aten/src/ATen/Context.cpp:233.)
  - 2 * latent @ code_embs.t()
/home/wlia0047/ar57_scratch/wenyu/genrec_env_v2/lib64/python3.9/site-packages/torch/distributed/distributed_c10d.py:4807: UserWarning: No device id is provided via `init_process_group` or `barrier `. Using the current device set by the user. 
  warnings.warn(  # warn only once
/fs04/ar57/wenyu/GeneRec/stage2_RQ-VAE/TIGER_HYPERBOLIC_RQ-VAE/model/layers.py:102: UserWarning: Deterministic behavior was enabled with either `torch.use_deterministic_algorithms(True)` or `at::Context::setDeterministicAlgorithms(true)`, but this operation is not deterministic because it uses CuBLAS and you have CUDA >= 10.2. To enable deterministic behavior in this case, you must set an environment variable before running your PyTorch application: CUBLAS_WORKSPACE_CONFIG=:4096:8 or CUBLAS_WORKSPACE_CONFIG=:16:8. For more information, go to https://docs.nvidia.com/cuda/cublas/index.html#results-reproducibility (Triggered internally at /pytorch/aten/src/ATen/Context.cpp:233.)
  - 2 * latent @ code_embs.t()
/home/wlia0047/ar57_scratch/wenyu/genrec_env_v2/lib64/python3.9/site-packages/torch/distributed/distributed_c10d.py:4807: UserWarning: No device id is provided via `init_process_group` or `barrier `. Using the current device set by the user. 
  warnings.warn(  # warn only once
/home/wlia0047/ar57_scratch/wenyu/genrec_env_v2/lib64/python3.9/site-packages/torch/autograd/graph.py:829: UserWarning: Deterministic behavior was enabled with either `torch.use_deterministic_algorithms(True)` or `at::Context::setDeterministicAlgorithms(true)`, but this operation is not deterministic because it uses CuBLAS and you have CUDA >= 10.2. To enable deterministic behavior in this case, you must set an environment variable before running your PyTorch application: CUBLAS_WORKSPACE_CONFIG=:4096:8 or CUBLAS_WORKSPACE_CONFIG=:16:8. For more information, go to https://docs.nvidia.com/cuda/cublas/index.html#results-reproducibility (Triggered internally at /pytorch/aten/src/ATen/Context.cpp:233.)
  return Variable._execution_engine.run_backward(  # Calls into the C++ engine to run the backward pass
/home/wlia0047/ar57_scratch/wenyu/genrec_env_v2/lib64/python3.9/site-packages/torch/autograd/graph.py:829: UserWarning: Deterministic behavior was enabled with either `torch.use_deterministic_algorithms(True)` or `at::Context::setDeterministicAlgorithms(true)`, but this operation is not deterministic because it uses CuBLAS and you have CUDA >= 10.2. To enable deterministic behavior in this case, you must set an environment variable before running your PyTorch application: CUBLAS_WORKSPACE_CONFIG=:4096:8 or CUBLAS_WORKSPACE_CONFIG=:16:8. For more information, go to https://docs.nvidia.com/cuda/cublas/index.html#results-reproducibility (Triggered internally at /pytorch/aten/src/ATen/Context.cpp:233.)
  return Variable._execution_engine.run_backward(  # Calls into the C++ engine to run the backward pass
/home/wlia0047/ar57_scratch/wenyu/genrec_env_v2/lib64/python3.9/site-packages/torch/autograd/graph.py:829: UserWarning: Deterministic behavior was enabled with either `torch.use_deterministic_algorithms(True)` or `at::Context::setDeterministicAlgorithms(true)`, but this operation is not deterministic because it uses CuBLAS and you have CUDA >= 10.2. To enable deterministic behavior in this case, you must set an environment variable before running your PyTorch application: CUBLAS_WORKSPACE_CONFIG=:4096:8 or CUBLAS_WORKSPACE_CONFIG=:16:8. For more information, go to https://docs.nvidia.com/cuda/cublas/index.html#results-reproducibility (Triggered internally at /pytorch/aten/src/ATen/Context.cpp:233.)
  return Variable._execution_engine.run_backward(  # Calls into the C++ engine to run the backward pass
/home/wlia0047/ar57_scratch/wenyu/genrec_env_v2/lib64/python3.9/site-packages/torch/autograd/graph.py:829: UserWarning: Deterministic behavior was enabled with either `torch.use_deterministic_algorithms(True)` or `at::Context::setDeterministicAlgorithms(true)`, but this operation is not deterministic because it uses CuBLAS and you have CUDA >= 10.2. To enable deterministic behavior in this case, you must set an environment variable before running your PyTorch application: CUBLAS_WORKSPACE_CONFIG=:4096:8 or CUBLAS_WORKSPACE_CONFIG=:16:8. For more information, go to https://docs.nvidia.com/cuda/cublas/index.html#results-reproducibility (Triggered internally at /pytorch/aten/src/ATen/Context.cpp:233.)
  return Variable._execution_engine.run_backward(  # Calls into the C++ engine to run the backward pass
[RQ-VAE] epoch=1 loss=0.00048904 recon=0.00046251 beh=6.265601 w=0.000 lr=2.333e-05 time=2.054s
[RQ-VAE] epoch=2 loss=0.00048493 recon=0.00045522 beh=6.261143 w=0.000 lr=4.333e-05 time=0.451s
[RQ-VAE] epoch=3 loss=0.00047947 recon=0.00044265 beh=6.252954 w=0.000 lr=6.333e-05 time=0.435s
[RQ-VAE] epoch=4 loss=0.00046754 recon=0.00042372 beh=6.254937 w=0.000 lr=8.333e-05 time=0.427s
[RQ-VAE] epoch=5 loss=0.00045873 recon=0.00039499 beh=6.263382 w=0.000 lr=1.033e-04 time=0.485s
[RQ-VAE] epoch=6 loss=0.00044894 recon=0.00035533 beh=6.277632 w=0.000 lr=1.233e-04 time=0.307s
[RQ-VAE] epoch=7 loss=0.00040074 recon=0.00031117 beh=6.295145 w=0.000 lr=1.433e-04 time=0.49s
[RQ-VAE] epoch=8 loss=0.00034059 recon=0.00027090 beh=6.287348 w=0.000 lr=1.633e-04 time=0.525s
[RQ-VAE] epoch=9 loss=0.00031246 recon=0.00023879 beh=6.311755 w=0.000 lr=1.833e-04 time=0.565s
[RQ-VAE] epoch=10 loss=0.00028889 recon=0.00021726 beh=6.316468 w=0.000 lr=2.033e-04 time=0.479s
[RQ-VAE] epoch=11 loss=0.00026133 recon=0.00020557 beh=6.312698 w=0.000 lr=2.233e-04 time=0.473s
[RQ-VAE] epoch=12 loss=0.00023560 recon=0.00020000 beh=6.300417 w=0.000 lr=2.433e-04 time=0.453s
[RQ-VAE] epoch=13 loss=0.00022349 recon=0.00019663 beh=6.295534 w=0.000 lr=2.633e-04 time=0.348s
[RQ-VAE] epoch=14 loss=0.00021754 recon=0.00019309 beh=6.301083 w=0.000 lr=2.833e-04 time=0.497s
[RQ-VAE] epoch=15 loss=0.00021138 recon=0.00018975 beh=6.301036 w=0.000 lr=3.033e-04 time=0.525s
[RQ-VAE] epoch=16 loss=0.00020388 recon=0.00018614 beh=6.300481 w=0.000 lr=3.233e-04 time=0.528s
[RQ-VAE] epoch=17 loss=0.00019779 recon=0.00018263 beh=6.289631 w=0.000 lr=3.433e-04 time=0.506s
[RQ-VAE] epoch=18 loss=0.00019268 recon=0.00017977 beh=6.276335 w=0.000 lr=3.633e-04 time=0.543s
[RQ-VAE] epoch=19 loss=0.00018883 recon=0.00017780 beh=6.264447 w=0.000 lr=3.833e-04 time=0.536s
[RQ-VAE] epoch=20 loss=0.00018685 recon=0.00017658 beh=6.265754 w=0.000 lr=4.033e-04 time=0.735s
[RQ-VAE] epoch=21 loss=0.00018567 recon=0.00017566 beh=6.265234 w=0.000 lr=4.233e-04 time=0.555s
[RQ-VAE] epoch=22 loss=0.00018529 recon=0.00017482 beh=6.255033 w=0.000 lr=4.433e-04 time=0.37s
[RQ-VAE] epoch=23 loss=0.00018477 recon=0.00017345 beh=6.240808 w=0.000 lr=4.633e-04 time=0.544s
[RQ-VAE] epoch=24 loss=0.00018446 recon=0.00017113 beh=6.232382 w=0.000 lr=4.833e-04 time=0.566s
[RQ-VAE] epoch=25 loss=0.00018239 recon=0.00016804 beh=6.236263 w=0.000 lr=5.033e-04 time=0.532s
[RQ-VAE] epoch=26 loss=0.00017874 recon=0.00016503 beh=6.238305 w=0.000 lr=5.233e-04 time=0.583s
[RQ-VAE] epoch=27 loss=0.00017643 recon=0.00016303 beh=6.234519 w=0.000 lr=5.433e-04 time=0.511s
[RQ-VAE] epoch=28 loss=0.00017492 recon=0.00016148 beh=6.237467 w=0.000 lr=5.633e-04 time=0.481s
[RQ-VAE] epoch=29 loss=0.00017443 recon=0.00016038 beh=6.233489 w=0.000 lr=5.833e-04 time=0.543s
[RQ-VAE] epoch=30 loss=0.00017347 recon=0.00015922 beh=6.234577 w=0.000 lr=6.033e-04 time=0.499s
[RQ-VAE] epoch=31 loss=0.00017275 recon=0.00015843 beh=6.232087 w=0.000 lr=6.233e-04 time=0.462s
[RQ-VAE] epoch=32 loss=0.00017114 recon=0.00015699 beh=6.230479 w=0.000 lr=6.433e-04 time=0.521s
[RQ-VAE] epoch=33 loss=0.00016948 recon=0.00015561 beh=6.230001 w=0.000 lr=6.633e-04 time=0.495s
[RQ-VAE] epoch=34 loss=0.00016852 recon=0.00015465 beh=6.226140 w=0.000 lr=6.833e-04 time=0.515s
[RQ-VAE] epoch=35 loss=0.00016812 recon=0.00015394 beh=6.227706 w=0.000 lr=7.033e-04 time=0.706s
[RQ-VAE] epoch=36 loss=0.00016835 recon=0.00015332 beh=6.232187 w=0.000 lr=7.233e-04 time=0.541s
[RQ-VAE] epoch=37 loss=0.00016850 recon=0.00015240 beh=6.231923 w=0.000 lr=7.433e-04 time=0.55s
[RQ-VAE] epoch=38 loss=0.00016921 recon=0.00015131 beh=6.225523 w=0.000 lr=7.633e-04 time=0.551s
[RQ-VAE] epoch=39 loss=0.00016999 recon=0.00015019 beh=6.227388 w=0.000 lr=7.833e-04 time=0.372s
[RQ-VAE] epoch=40 loss=0.00017021 recon=0.00014882 beh=6.228629 w=0.000 lr=8.033e-04 time=0.563s
[RQ-VAE] epoch=41 loss=0.00017030 recon=0.00014747 beh=6.232744 w=0.000 lr=8.233e-04 time=0.569s
[RQ-VAE] epoch=42 loss=0.00017061 recon=0.00014633 beh=6.226583 w=0.000 lr=8.433e-04 time=0.518s
[RQ-VAE] epoch=43 loss=0.00017033 recon=0.00014472 beh=6.226898 w=0.000 lr=8.633e-04 time=0.502s
[RQ-VAE] epoch=44 loss=0.00017040 recon=0.00014338 beh=6.226239 w=0.000 lr=8.833e-04 time=0.555s
[RQ-VAE] epoch=45 loss=0.00017178 recon=0.00014304 beh=6.233208 w=0.000 lr=9.033e-04 time=0.515s
[RQ-VAE] epoch=46 loss=0.00017152 recon=0.00014199 beh=6.233958 w=0.000 lr=9.233e-04 time=0.513s
[RQ-VAE] epoch=47 loss=0.00017103 recon=0.00014059 beh=6.229655 w=0.000 lr=9.433e-04 time=0.56s
[RQ-VAE] epoch=48 loss=0.00017078 recon=0.00013946 beh=6.233728 w=0.000 lr=9.633e-04 time=0.292s
[RQ-VAE] epoch=49 loss=0.00017009 recon=0.00013860 beh=6.229955 w=0.000 lr=9.833e-04 time=0.539s
[RQ-VAE] epoch=50 loss=0.00017103 recon=0.00013781 lr=1.000e-03 raw_unique=19025/24587 collision=0.226217 time=0.533s
[RQ-VAE] epoch=51 loss=0.00016968 recon=0.00013672 beh=6.230045 w=0.000 lr=9.997e-04 time=0.497s
[RQ-VAE] epoch=52 loss=0.00016998 recon=0.00013591 beh=6.233987 w=0.000 lr=9.993e-04 time=0.589s
[RQ-VAE] epoch=53 loss=0.00017044 recon=0.00013532 beh=6.232158 w=0.000 lr=9.990e-04 time=0.505s
[RQ-VAE] epoch=54 loss=0.00017100 recon=0.00013456 beh=6.232608 w=0.000 lr=9.986e-04 time=0.572s
[RQ-VAE] epoch=55 loss=0.00017139 recon=0.00013383 beh=6.233761 w=0.000 lr=9.983e-04 time=0.522s
[RQ-VAE] epoch=56 loss=0.00017185 recon=0.00013319 beh=6.235760 w=0.000 lr=9.980e-04 time=0.515s
[RQ-VAE] epoch=57 loss=0.00017211 recon=0.00013236 beh=6.231519 w=0.000 lr=9.976e-04 time=0.413s
[RQ-VAE] epoch=58 loss=0.00017329 recon=0.00013168 beh=6.229606 w=0.000 lr=9.973e-04 time=0.508s
[RQ-VAE] epoch=59 loss=0.00017416 recon=0.00013107 beh=6.238228 w=0.000 lr=9.969e-04 time=0.535s
[RQ-VAE] epoch=60 loss=0.00017469 recon=0.00013020 beh=6.239377 w=0.000 lr=9.966e-04 time=0.572s
[RQ-VAE] epoch=61 loss=0.00017551 recon=0.00012923 beh=6.232962 w=0.000 lr=9.963e-04 time=0.458s
[RQ-VAE] epoch=62 loss=0.00017581 recon=0.00012838 beh=6.235391 w=0.000 lr=9.959e-04 time=0.525s
[RQ-VAE] epoch=63 loss=0.00017674 recon=0.00012772 beh=6.230181 w=0.000 lr=9.956e-04 time=0.522s
[RQ-VAE] epoch=64 loss=0.00017713 recon=0.00012694 beh=6.240802 w=0.000 lr=9.953e-04 time=0.529s
[RQ-VAE] epoch=65 loss=0.00017832 recon=0.00012641 beh=6.237397 w=0.000 lr=9.949e-04 time=0.542s
[RQ-VAE] epoch=66 loss=0.00017820 recon=0.00012585 beh=6.234764 w=0.000 lr=9.946e-04 time=0.494s
[RQ-VAE] epoch=67 loss=0.00017894 recon=0.00012521 beh=6.231775 w=0.000 lr=9.942e-04 time=0.53s
[RQ-VAE] epoch=68 loss=0.00017980 recon=0.00012479 beh=6.234643 w=0.000 lr=9.939e-04 time=0.511s
[RQ-VAE] epoch=69 loss=0.00017952 recon=0.00012423 beh=6.235286 w=0.000 lr=9.936e-04 time=0.547s
[RQ-VAE] epoch=70 loss=0.00017980 recon=0.00012372 beh=6.239678 w=0.000 lr=9.932e-04 time=0.504s
[RQ-VAE] epoch=71 loss=0.00018043 recon=0.00012316 beh=6.238505 w=0.000 lr=9.929e-04 time=0.522s
[RQ-VAE] epoch=72 loss=0.00018026 recon=0.00012276 beh=6.232798 w=0.000 lr=9.925e-04 time=0.516s
[RQ-VAE] epoch=73 loss=0.00018062 recon=0.00012222 beh=6.237495 w=0.000 lr=9.922e-04 time=0.564s
[RQ-VAE] epoch=74 loss=0.00018092 recon=0.00012167 beh=6.243341 w=0.000 lr=9.919e-04 time=0.554s
[RQ-VAE] epoch=75 loss=0.00018049 recon=0.00012115 beh=6.237908 w=0.000 lr=9.915e-04 time=0.537s
[RQ-VAE] epoch=76 loss=0.00018142 recon=0.00012089 beh=6.237358 w=0.000 lr=9.912e-04 time=0.476s
[RQ-VAE] epoch=77 loss=0.00018143 recon=0.00012040 beh=6.240232 w=0.000 lr=9.908e-04 time=0.543s
[RQ-VAE] epoch=78 loss=0.00018089 recon=0.00011996 beh=6.238598 w=0.000 lr=9.905e-04 time=0.557s
[RQ-VAE] epoch=79 loss=0.00018167 recon=0.00011955 beh=6.240761 w=0.000 lr=9.902e-04 time=0.45s
[RQ-VAE] epoch=80 loss=0.00018122 recon=0.00011927 beh=6.236782 w=0.000 lr=9.898e-04 time=0.478s
[RQ-VAE] epoch=81 loss=0.00018237 recon=0.00011899 beh=6.234496 w=0.000 lr=9.895e-04 time=0.484s
[RQ-VAE] epoch=82 loss=0.00018314 recon=0.00011853 beh=6.242393 w=0.000 lr=9.892e-04 time=0.54s
[RQ-VAE] epoch=83 loss=0.00018289 recon=0.00011810 beh=6.236551 w=0.000 lr=9.888e-04 time=0.498s
[RQ-VAE] epoch=84 loss=0.00018332 recon=0.00011775 beh=6.240379 w=0.000 lr=9.885e-04 time=0.535s
[RQ-VAE] epoch=85 loss=0.00018393 recon=0.00011733 beh=6.241294 w=0.000 lr=9.881e-04 time=0.527s
[RQ-VAE] epoch=86 loss=0.00018405 recon=0.00011697 beh=6.233263 w=0.000 lr=9.878e-04 time=0.493s
[RQ-VAE] epoch=87 loss=0.00018541 recon=0.00011667 beh=6.234820 w=0.000 lr=9.875e-04 time=0.526s
[RQ-VAE] epoch=88 loss=0.00018496 recon=0.00011639 beh=6.238522 w=0.000 lr=9.871e-04 time=0.524s
[RQ-VAE] epoch=89 loss=0.00018535 recon=0.00011613 beh=6.235200 w=0.000 lr=9.868e-04 time=0.506s
[RQ-VAE] epoch=90 loss=0.00018579 recon=0.00011591 beh=6.237726 w=0.000 lr=9.864e-04 time=0.35s
[RQ-VAE] epoch=91 loss=0.00018595 recon=0.00011556 beh=6.238738 w=0.000 lr=9.861e-04 time=0.512s
[RQ-VAE] epoch=92 loss=0.00018740 recon=0.00011538 beh=6.236253 w=0.000 lr=9.858e-04 time=0.655s
[RQ-VAE] epoch=93 loss=0.00018853 recon=0.00011522 beh=6.238262 w=0.000 lr=9.854e-04 time=0.547s
[RQ-VAE] epoch=94 loss=0.00018922 recon=0.00011490 beh=6.239192 w=0.000 lr=9.851e-04 time=0.558s
[RQ-VAE] epoch=95 loss=0.00018914 recon=0.00011450 beh=6.233763 w=0.000 lr=9.847e-04 time=0.513s
[RQ-VAE] epoch=96 loss=0.00018861 recon=0.00011396 beh=6.237951 w=0.000 lr=9.844e-04 time=0.509s
[RQ-VAE] epoch=97 loss=0.00018909 recon=0.00011388 beh=6.236876 w=0.000 lr=9.841e-04 time=0.491s
[RQ-VAE] epoch=98 loss=0.00019048 recon=0.00011366 beh=6.235233 w=0.000 lr=9.837e-04 time=0.425s
[RQ-VAE] epoch=99 loss=0.00019042 recon=0.00011330 beh=6.237046 w=0.000 lr=9.834e-04 time=0.503s
[RQ-VAE] epoch=100 loss=0.00019023 recon=0.00011316 lr=9.831e-04 raw_unique=20736/24587 collision=0.156627 time=0.478s
[RQ-VAE] epoch=101 loss=0.00019129 recon=0.00011291 beh=6.238770 w=0.000 lr=9.827e-04 time=0.52s
[RQ-VAE] epoch=102 loss=0.00019196 recon=0.00011259 beh=6.236566 w=0.000 lr=9.824e-04 time=0.554s
[RQ-VAE] epoch=103 loss=0.00019148 recon=0.00011229 beh=6.236871 w=0.000 lr=9.820e-04 time=0.531s
[RQ-VAE] epoch=104 loss=0.00019243 recon=0.00011203 beh=6.239265 w=0.000 lr=9.817e-04 time=0.565s
[RQ-VAE] epoch=105 loss=0.00019206 recon=0.00011175 beh=6.234218 w=0.000 lr=9.814e-04 time=0.533s
[RQ-VAE] epoch=106 loss=0.00019228 recon=0.00011147 beh=6.235023 w=0.000 lr=9.810e-04 time=0.535s
[RQ-VAE] epoch=107 loss=0.00019288 recon=0.00011120 beh=6.236043 w=0.000 lr=9.807e-04 time=0.417s
[RQ-VAE] epoch=108 loss=0.00019275 recon=0.00011090 beh=6.235411 w=0.000 lr=9.803e-04 time=0.497s
[RQ-VAE] epoch=109 loss=0.00019424 recon=0.00011073 beh=6.241722 w=0.000 lr=9.800e-04 time=0.54s
[RQ-VAE] epoch=110 loss=0.00019513 recon=0.00011065 beh=6.238488 w=0.000 lr=9.797e-04 time=0.52s
[RQ-VAE] epoch=111 loss=0.00019512 recon=0.00011036 beh=6.238130 w=0.000 lr=9.793e-04 time=0.477s
[RQ-VAE] epoch=112 loss=0.00019600 recon=0.00011010 beh=6.239946 w=0.000 lr=9.790e-04 time=0.493s
[RQ-VAE] epoch=113 loss=0.00019671 recon=0.00010992 beh=6.240768 w=0.000 lr=9.786e-04 time=0.525s
[RQ-VAE] epoch=114 loss=0.00019684 recon=0.00010969 beh=6.238510 w=0.000 lr=9.783e-04 time=0.555s
[RQ-VAE] epoch=115 loss=0.00019732 recon=0.00010947 beh=6.235386 w=0.000 lr=9.780e-04 time=0.406s
[RQ-VAE] epoch=116 loss=0.00019786 recon=0.00010942 beh=6.233982 w=0.000 lr=9.776e-04 time=0.52s
[RQ-VAE] epoch=117 loss=0.00019748 recon=0.00010913 beh=6.235451 w=0.000 lr=9.773e-04 time=0.541s
[RQ-VAE] epoch=118 loss=0.00019823 recon=0.00010880 beh=6.240166 w=0.000 lr=9.769e-04 time=0.485s
[RQ-VAE] epoch=119 loss=0.00019920 recon=0.00010866 beh=6.237781 w=0.000 lr=9.766e-04 time=0.536s
[RQ-VAE] epoch=120 loss=0.00019912 recon=0.00010849 beh=6.241553 w=0.000 lr=9.763e-04 time=0.538s
[RQ-VAE] epoch=121 loss=0.00019989 recon=0.00010832 beh=6.239123 w=0.000 lr=9.759e-04 time=0.644s
[RQ-VAE] epoch=122 loss=0.00019990 recon=0.00010810 beh=6.237843 w=0.000 lr=9.756e-04 time=0.506s
[RQ-VAE] epoch=123 loss=0.00020069 recon=0.00010804 beh=6.237592 w=0.000 lr=9.753e-04 time=0.528s
[RQ-VAE] epoch=124 loss=0.00020101 recon=0.00010780 beh=6.242465 w=0.000 lr=9.749e-04 time=0.517s
[RQ-VAE] epoch=125 loss=0.00020273 recon=0.00010767 beh=6.238388 w=0.000 lr=9.746e-04 time=0.492s
[RQ-VAE] epoch=126 loss=0.00020344 recon=0.00010735 beh=6.239938 w=0.000 lr=9.742e-04 time=0.498s
[RQ-VAE] epoch=127 loss=0.00020228 recon=0.00010716 beh=6.241915 w=0.000 lr=9.739e-04 time=0.49s
[RQ-VAE] epoch=128 loss=0.00020336 recon=0.00010698 beh=6.236797 w=0.000 lr=9.736e-04 time=0.469s
[RQ-VAE] epoch=129 loss=0.00020342 recon=0.00010668 beh=6.238998 w=0.000 lr=9.732e-04 time=0.456s
[RQ-VAE] epoch=130 loss=0.00020328 recon=0.00010648 beh=6.242892 w=0.000 lr=9.729e-04 time=0.481s
[RQ-VAE] epoch=131 loss=0.00020454 recon=0.00010636 beh=6.237906 w=0.000 lr=9.725e-04 time=0.448s
[RQ-VAE] epoch=132 loss=0.00020528 recon=0.00010617 beh=6.242782 w=0.000 lr=9.722e-04 time=0.509s
[RQ-VAE] epoch=133 loss=0.00020582 recon=0.00010614 beh=6.235173 w=0.000 lr=9.719e-04 time=0.456s
[RQ-VAE] epoch=134 loss=0.00020580 recon=0.00010583 beh=6.242863 w=0.000 lr=9.715e-04 time=0.494s
[RQ-VAE] epoch=135 loss=0.00020716 recon=0.00010562 beh=6.235416 w=0.000 lr=9.712e-04 time=0.504s
[RQ-VAE] epoch=136 loss=0.00020612 recon=0.00010557 beh=6.237233 w=0.000 lr=9.708e-04 time=0.495s
[RQ-VAE] epoch=137 loss=0.00020805 recon=0.00010526 beh=6.240388 w=0.000 lr=9.705e-04 time=0.481s
[RQ-VAE] epoch=138 loss=0.00020853 recon=0.00010504 beh=6.239644 w=0.000 lr=9.702e-04 time=0.554s
[RQ-VAE] epoch=139 loss=0.00020742 recon=0.00010502 beh=6.236904 w=0.000 lr=9.698e-04 time=0.478s
[RQ-VAE] epoch=140 loss=0.00020853 recon=0.00010496 beh=6.239248 w=0.000 lr=9.695e-04 time=0.651s
[RQ-VAE] epoch=141 loss=0.00020920 recon=0.00010462 beh=6.236276 w=0.000 lr=9.692e-04 time=0.519s
[RQ-VAE] epoch=142 loss=0.00021056 recon=0.00010455 beh=6.239451 w=0.000 lr=9.688e-04 time=0.55s
[RQ-VAE] epoch=143 loss=0.00021045 recon=0.00010441 beh=6.236807 w=0.000 lr=9.685e-04 time=0.513s
[RQ-VAE] epoch=144 loss=0.00021018 recon=0.00010422 beh=6.240744 w=0.000 lr=9.681e-04 time=0.525s
[RQ-VAE] epoch=145 loss=0.00021089 recon=0.00010403 beh=6.242288 w=0.000 lr=9.678e-04 time=0.532s
[RQ-VAE] epoch=146 loss=0.00021075 recon=0.00010372 beh=6.237814 w=0.000 lr=9.675e-04 time=0.526s
[RQ-VAE] epoch=147 loss=0.00021178 recon=0.00010349 beh=6.236554 w=0.000 lr=9.671e-04 time=0.568s
[RQ-VAE] epoch=148 loss=0.00021164 recon=0.00010341 beh=6.242050 w=0.000 lr=9.668e-04 time=0.57s
[RQ-VAE] epoch=149 loss=0.00021256 recon=0.00010327 beh=6.236736 w=0.000 lr=9.664e-04 time=0.527s
[RQ-VAE] epoch=150 loss=0.00021221 recon=0.00010306 lr=9.661e-04 raw_unique=21432/24587 collision=0.128320 time=0.506s
[RQ-VAE] epoch=151 loss=0.00021242 recon=0.00010288 beh=6.240564 w=0.000 lr=9.658e-04 time=0.507s
[RQ-VAE] epoch=152 loss=0.00021447 recon=0.00010283 beh=6.240845 w=0.000 lr=9.654e-04 time=0.508s
[RQ-VAE] epoch=153 loss=0.00021515 recon=0.00010278 beh=6.242001 w=0.000 lr=9.651e-04 time=0.572s
[RQ-VAE] epoch=154 loss=0.00021351 recon=0.00010255 beh=6.242561 w=0.000 lr=9.647e-04 time=0.462s
[RQ-VAE] epoch=155 loss=0.00021537 recon=0.00010234 beh=6.237057 w=0.000 lr=9.644e-04 time=0.657s
[RQ-VAE] epoch=156 loss=0.00021448 recon=0.00010205 beh=6.240475 w=0.000 lr=9.641e-04 time=0.513s
[RQ-VAE] epoch=157 loss=0.00021448 recon=0.00010186 beh=6.237744 w=0.000 lr=9.637e-04 time=0.531s
[RQ-VAE] epoch=158 loss=0.00021488 recon=0.00010175 beh=6.238614 w=0.000 lr=9.634e-04 time=0.5s
[RQ-VAE] epoch=159 loss=0.00021533 recon=0.00010162 beh=6.238228 w=0.000 lr=9.631e-04 time=0.471s
[RQ-VAE] epoch=160 loss=0.00021780 recon=0.00010166 beh=6.239935 w=0.000 lr=9.627e-04 time=0.577s
[RQ-VAE] epoch=161 loss=0.00021666 recon=0.00010144 beh=6.242217 w=0.000 lr=9.624e-04 time=0.546s
[RQ-VAE] epoch=162 loss=0.00021630 recon=0.00010132 beh=6.240160 w=0.000 lr=9.620e-04 time=0.492s
[RQ-VAE] epoch=163 loss=0.00021716 recon=0.00010109 beh=6.239436 w=0.000 lr=9.617e-04 time=0.523s
[RQ-VAE] epoch=164 loss=0.00021735 recon=0.00010089 beh=6.240176 w=0.000 lr=9.614e-04 time=0.449s
[RQ-VAE] epoch=165 loss=0.00021791 recon=0.00010076 beh=6.244190 w=0.000 lr=9.610e-04 time=0.506s
[RQ-VAE] epoch=166 loss=0.00021925 recon=0.00010059 beh=6.240818 w=0.000 lr=9.607e-04 time=0.477s
[RQ-VAE] epoch=167 loss=0.00022010 recon=0.00010047 beh=6.239692 w=0.000 lr=9.603e-04 time=0.464s
[RQ-VAE] epoch=168 loss=0.00021980 recon=0.00010028 beh=6.240326 w=0.000 lr=9.600e-04 time=0.463s
[RQ-VAE] epoch=169 loss=0.00022123 recon=0.00010045 beh=6.242741 w=0.000 lr=9.597e-04 time=0.502s
[RQ-VAE] epoch=170 loss=0.00022162 recon=0.00010016 beh=6.240782 w=0.000 lr=9.593e-04 time=0.506s
[RQ-VAE] epoch=171 loss=0.00022264 recon=0.00010004 beh=6.241666 w=0.000 lr=9.590e-04 time=0.367s
[RQ-VAE] epoch=172 loss=0.00022350 recon=0.00009990 beh=6.237673 w=0.000 lr=9.586e-04 time=0.482s
[RQ-VAE] epoch=173 loss=0.00022211 recon=0.00009982 beh=6.244019 w=0.000 lr=9.583e-04 time=0.483s
[RQ-VAE] epoch=174 loss=0.00022274 recon=0.00009964 beh=6.240369 w=0.000 lr=9.580e-04 time=0.482s
[RQ-VAE] epoch=175 loss=0.00022424 recon=0.00009970 beh=6.243592 w=0.000 lr=9.576e-04 time=0.443s
[RQ-VAE] epoch=176 loss=0.00022438 recon=0.00009951 beh=6.234024 w=0.000 lr=9.573e-04 time=0.51s
[RQ-VAE] epoch=177 loss=0.00022372 recon=0.00009926 beh=6.241987 w=0.000 lr=9.569e-04 time=0.52s
[RQ-VAE] epoch=178 loss=0.00022316 recon=0.00009912 beh=6.241015 w=0.000 lr=9.566e-04 time=0.369s
[RQ-VAE] epoch=179 loss=0.00022453 recon=0.00009902 beh=6.237187 w=0.000 lr=9.563e-04 time=0.455s
[RQ-VAE] epoch=180 loss=0.00022580 recon=0.00009893 beh=6.240135 w=0.000 lr=9.559e-04 time=0.528s
[RQ-VAE] epoch=181 loss=0.00022677 recon=0.00009885 beh=6.239548 w=0.000 lr=9.556e-04 time=0.506s
[RQ-VAE] epoch=182 loss=0.00022704 recon=0.00009861 beh=6.240952 w=0.000 lr=9.553e-04 time=0.552s
[RQ-VAE] epoch=183 loss=0.00022613 recon=0.00009856 beh=6.241627 w=0.000 lr=9.549e-04 time=0.501s
[RQ-VAE] epoch=184 loss=0.00022623 recon=0.00009838 beh=6.246510 w=0.000 lr=9.546e-04 time=0.481s
[RQ-VAE] epoch=185 loss=0.00022598 recon=0.00009821 beh=6.240990 w=0.000 lr=9.542e-04 time=0.513s
[RQ-VAE] epoch=186 loss=0.00022663 recon=0.00009817 beh=6.240509 w=0.000 lr=9.539e-04 time=0.567s
[RQ-VAE] epoch=187 loss=0.00022803 recon=0.00009809 beh=6.241055 w=0.000 lr=9.536e-04 time=0.556s
[RQ-VAE] epoch=188 loss=0.00022878 recon=0.00009781 beh=6.238182 w=0.000 lr=9.532e-04 time=0.545s
[RQ-VAE] epoch=189 loss=0.00022937 recon=0.00009770 beh=6.240210 w=0.000 lr=9.529e-04 time=0.508s
[RQ-VAE] epoch=190 loss=0.00022805 recon=0.00009761 beh=6.244767 w=0.000 lr=9.525e-04 time=0.518s
[RQ-VAE] epoch=191 loss=0.00022975 recon=0.00009759 beh=6.236794 w=0.000 lr=9.522e-04 time=0.483s
[RQ-VAE] epoch=192 loss=0.00022845 recon=0.00009745 beh=6.240057 w=0.000 lr=9.519e-04 time=0.474s
[RQ-VAE] epoch=193 loss=0.00023002 recon=0.00009731 beh=6.241602 w=0.000 lr=9.515e-04 time=0.496s
[RQ-VAE] epoch=194 loss=0.00023083 recon=0.00009741 beh=6.238834 w=0.000 lr=9.512e-04 time=0.502s
[RQ-VAE] epoch=195 loss=0.00023054 recon=0.00009716 beh=6.240349 w=0.000 lr=9.508e-04 time=0.411s
[RQ-VAE] epoch=196 loss=0.00023059 recon=0.00009706 beh=6.241411 w=0.000 lr=9.505e-04 time=0.454s
[RQ-VAE] epoch=197 loss=0.00023032 recon=0.00009687 beh=6.237818 w=0.000 lr=9.502e-04 time=0.46s
[RQ-VAE] epoch=198 loss=0.00023102 recon=0.00009672 beh=6.243796 w=0.000 lr=9.498e-04 time=0.513s
[RQ-VAE] epoch=199 loss=0.00023035 recon=0.00009666 beh=6.238349 w=0.000 lr=9.495e-04 time=0.508s
[RQ-VAE] epoch=200 loss=0.00023235 recon=0.00009672 lr=9.492e-04 raw_unique=21453/24587 collision=0.127466 time=0.468s
[RQ-VAE] epoch=201 loss=0.00023359 recon=0.00009643 beh=6.239149 w=0.000 lr=9.488e-04 time=0.47s
[RQ-VAE] epoch=202 loss=0.00023264 recon=0.00009655 beh=6.240385 w=0.000 lr=9.485e-04 time=0.408s
[RQ-VAE] epoch=203 loss=0.00023305 recon=0.00009630 beh=6.239931 w=0.000 lr=9.481e-04 time=0.531s
[RQ-VAE] epoch=204 loss=0.00023280 recon=0.00009613 beh=6.243000 w=0.000 lr=9.478e-04 time=0.52s
[RQ-VAE] epoch=205 loss=0.00023343 recon=0.00009612 beh=6.242914 w=0.000 lr=9.475e-04 time=0.518s
[RQ-VAE] epoch=206 loss=0.00023439 recon=0.00009603 beh=6.242651 w=0.000 lr=9.471e-04 time=0.497s
[RQ-VAE] epoch=207 loss=0.00023606 recon=0.00009588 beh=6.239526 w=0.000 lr=9.468e-04 time=0.482s
[RQ-VAE] epoch=208 loss=0.00023503 recon=0.00009579 beh=6.239324 w=0.000 lr=9.464e-04 time=0.488s
[RQ-VAE] epoch=209 loss=0.00023550 recon=0.00009574 beh=6.242091 w=0.000 lr=9.461e-04 time=0.494s
[RQ-VAE] epoch=210 loss=0.00023661 recon=0.00009560 beh=6.238962 w=0.000 lr=9.458e-04 time=0.344s
[RQ-VAE] epoch=211 loss=0.00023541 recon=0.00009553 beh=6.240176 w=0.000 lr=9.454e-04 time=0.502s
[RQ-VAE] epoch=212 loss=0.00023683 recon=0.00009526 beh=6.241608 w=0.000 lr=9.451e-04 time=0.643s
[RQ-VAE] epoch=213 loss=0.00023722 recon=0.00009540 beh=6.238988 w=0.000 lr=9.447e-04 time=0.493s
[RQ-VAE] epoch=214 loss=0.00023687 recon=0.00009521 beh=6.238037 w=0.000 lr=9.444e-04 time=0.517s
[RQ-VAE] epoch=215 loss=0.00023841 recon=0.00009515 beh=6.239932 w=0.000 lr=9.441e-04 time=0.496s
[RQ-VAE] epoch=216 loss=0.00023755 recon=0.00009513 beh=6.242889 w=0.000 lr=9.437e-04 time=0.51s
[RQ-VAE] epoch=217 loss=0.00023870 recon=0.00009507 beh=6.240485 w=0.000 lr=9.434e-04 time=0.477s
[RQ-VAE] epoch=218 loss=0.00023883 recon=0.00009504 beh=6.242961 w=0.000 lr=9.431e-04 time=0.456s
[RQ-VAE] epoch=219 loss=0.00024006 recon=0.00009491 beh=6.241895 w=0.000 lr=9.427e-04 time=0.492s
[RQ-VAE] epoch=220 loss=0.00024028 recon=0.00009495 beh=6.240223 w=0.000 lr=9.424e-04 time=0.508s
[RQ-VAE] epoch=221 loss=0.00024123 recon=0.00009480 beh=6.243568 w=0.000 lr=9.420e-04 time=0.574s
[RQ-VAE] epoch=222 loss=0.00024044 recon=0.00009478 beh=6.240353 w=0.000 lr=9.417e-04 time=0.5s
[RQ-VAE] epoch=223 loss=0.00023984 recon=0.00009452 beh=6.242517 w=0.000 lr=9.414e-04 time=0.489s
[RQ-VAE] epoch=224 loss=0.00024197 recon=0.00009446 beh=6.241948 w=0.000 lr=9.410e-04 time=0.56s
[RQ-VAE] epoch=225 loss=0.00024217 recon=0.00009450 beh=6.242744 w=0.000 lr=9.407e-04 time=0.489s
[RQ-VAE] epoch=226 loss=0.00024231 recon=0.00009435 beh=6.240622 w=0.000 lr=9.403e-04 time=0.392s
[RQ-VAE] epoch=227 loss=0.00024251 recon=0.00009420 beh=6.239404 w=0.000 lr=9.400e-04 time=0.51s
[RQ-VAE] epoch=228 loss=0.00024196 recon=0.00009426 beh=6.238741 w=0.000 lr=9.397e-04 time=0.516s
[RQ-VAE] epoch=229 loss=0.00024271 recon=0.00009404 beh=6.240550 w=0.000 lr=9.393e-04 time=0.509s
[RQ-VAE] epoch=230 loss=0.00024292 recon=0.00009384 beh=6.242569 w=0.000 lr=9.390e-04 time=0.519s
[RQ-VAE] epoch=231 loss=0.00024298 recon=0.00009391 beh=6.242703 w=0.000 lr=9.386e-04 time=0.538s
[RQ-VAE] epoch=232 loss=0.00024448 recon=0.00009371 beh=6.239843 w=0.000 lr=9.383e-04 time=0.526s
[RQ-VAE] epoch=233 loss=0.00024496 recon=0.00009356 beh=6.242453 w=0.000 lr=9.380e-04 time=0.481s
[RQ-VAE] epoch=234 loss=0.00024435 recon=0.00009364 beh=6.244872 w=0.000 lr=9.376e-04 time=0.449s
[RQ-VAE] epoch=235 loss=0.00024496 recon=0.00009359 beh=6.242136 w=0.000 lr=9.373e-04 time=0.501s
[RQ-VAE] epoch=236 loss=0.00024571 recon=0.00009349 beh=6.243999 w=0.000 lr=9.369e-04 time=0.51s
[RQ-VAE] epoch=237 loss=0.00024557 recon=0.00009332 beh=6.242625 w=0.000 lr=9.366e-04 time=0.533s
[RQ-VAE] epoch=238 loss=0.00024497 recon=0.00009324 beh=6.242141 w=0.000 lr=9.363e-04 time=0.513s
[RQ-VAE] epoch=239 loss=0.00024489 recon=0.00009305 beh=6.240902 w=0.000 lr=9.359e-04 time=0.463s
[RQ-VAE] epoch=240 loss=0.00024751 recon=0.00009303 beh=6.245091 w=0.000 lr=9.356e-04 time=0.546s
[RQ-VAE] epoch=241 loss=0.00024690 recon=0.00009313 beh=6.242893 w=0.000 lr=9.353e-04 time=0.634s
[RQ-VAE] epoch=242 loss=0.00024760 recon=0.00009316 beh=6.236575 w=0.000 lr=9.349e-04 time=0.496s
[RQ-VAE] epoch=243 loss=0.00024667 recon=0.00009299 beh=6.243198 w=0.000 lr=9.346e-04 time=0.506s
[RQ-VAE] epoch=244 loss=0.00024717 recon=0.00009295 beh=6.241886 w=0.000 lr=9.342e-04 time=0.432s
[RQ-VAE] epoch=245 loss=0.00024746 recon=0.00009276 beh=6.245201 w=0.000 lr=9.339e-04 time=0.508s
[RQ-VAE] epoch=246 loss=0.00024700 recon=0.00009263 beh=6.237522 w=0.000 lr=9.336e-04 time=0.544s
[RQ-VAE] epoch=247 loss=0.00024689 recon=0.00009262 beh=6.241656 w=0.000 lr=9.332e-04 time=0.506s
[RQ-VAE] epoch=248 loss=0.00024788 recon=0.00009247 beh=6.244660 w=0.000 lr=9.329e-04 time=0.523s
[RQ-VAE] epoch=249 loss=0.00024825 recon=0.00009241 beh=6.246431 w=0.000 lr=9.325e-04 time=0.496s
[RQ-VAE] epoch=250 loss=0.00024776 recon=0.00009227 lr=9.322e-04 raw_unique=21388/24587 collision=0.130109 time=0.387s
[RQ-VAE] epoch=251 loss=0.00024886 recon=0.00009224 beh=6.242858 w=0.000 lr=9.319e-04 time=0.536s
[RQ-VAE] epoch=252 loss=0.00024868 recon=0.00009206 beh=6.245591 w=0.000 lr=9.315e-04 time=0.524s
[RQ-VAE] epoch=253 loss=0.00024839 recon=0.00009197 beh=6.241420 w=0.000 lr=9.312e-04 time=0.53s
[RQ-VAE] epoch=254 loss=0.00024978 recon=0.00009212 beh=6.242015 w=0.000 lr=9.308e-04 time=0.486s
[RQ-VAE] epoch=255 loss=0.00024899 recon=0.00009182 beh=6.244292 w=0.000 lr=9.305e-04 time=0.5s
[RQ-VAE] epoch=256 loss=0.00024892 recon=0.00009186 beh=6.245592 w=0.000 lr=9.302e-04 time=0.517s
[RQ-VAE] epoch=257 loss=0.00024975 recon=0.00009178 beh=6.244597 w=0.000 lr=9.298e-04 time=0.433s
[RQ-VAE] epoch=258 loss=0.00025028 recon=0.00009174 beh=6.246036 w=0.000 lr=9.295e-04 time=0.5s
[RQ-VAE] epoch=259 loss=0.00025216 recon=0.00009170 beh=6.242143 w=0.000 lr=9.292e-04 time=0.467s
[RQ-VAE] epoch=260 loss=0.00025144 recon=0.00009173 beh=6.242846 w=0.000 lr=9.288e-04 time=0.578s
[RQ-VAE] epoch=261 loss=0.00025161 recon=0.00009184 beh=6.244532 w=0.000 lr=9.285e-04 time=0.507s
[RQ-VAE] epoch=262 loss=0.00025313 recon=0.00009171 beh=6.244892 w=0.000 lr=9.281e-04 time=0.569s
[RQ-VAE] epoch=263 loss=0.00025425 recon=0.00009165 beh=6.244247 w=0.000 lr=9.278e-04 time=0.542s
[RQ-VAE] epoch=264 loss=0.00025430 recon=0.00009148 beh=6.243199 w=0.000 lr=9.275e-04 time=0.478s
[RQ-VAE] epoch=265 loss=0.00025472 recon=0.00009151 beh=6.241834 w=0.000 lr=9.271e-04 time=0.527s
[RQ-VAE] epoch=266 loss=0.00025526 recon=0.00009166 beh=6.242659 w=0.000 lr=9.268e-04 time=0.522s
[RQ-VAE] epoch=267 loss=0.00025568 recon=0.00009149 beh=6.242879 w=0.000 lr=9.264e-04 time=0.549s
[RQ-VAE] epoch=268 loss=0.00025359 recon=0.00009133 beh=6.243330 w=0.000 lr=9.261e-04 time=0.504s
[RQ-VAE] epoch=269 loss=0.00025585 recon=0.00009118 beh=6.243940 w=0.000 lr=9.258e-04 time=0.521s
[RQ-VAE] epoch=270 loss=0.00025629 recon=0.00009129 beh=6.244819 w=0.000 lr=9.254e-04 time=0.493s
[RQ-VAE] epoch=271 loss=0.00025380 recon=0.00009103 beh=6.245039 w=0.000 lr=9.251e-04 time=0.478s
[RQ-VAE] epoch=272 loss=0.00025498 recon=0.00009111 beh=6.240767 w=0.000 lr=9.247e-04 time=0.512s
[RQ-VAE] epoch=273 loss=0.00025837 recon=0.00009115 beh=6.241285 w=0.000 lr=9.244e-04 time=0.513s
[RQ-VAE] epoch=274 loss=0.00025608 recon=0.00009083 beh=6.245729 w=0.000 lr=9.241e-04 time=0.364s
[RQ-VAE] epoch=275 loss=0.00025769 recon=0.00009087 beh=6.239040 w=0.000 lr=9.237e-04 time=0.686s
[RQ-VAE] epoch=276 loss=0.00025787 recon=0.00009064 beh=6.244458 w=0.000 lr=9.234e-04 time=0.498s
[RQ-VAE] epoch=277 loss=0.00025702 recon=0.00009071 beh=6.240808 w=0.000 lr=9.231e-04 time=0.564s
[RQ-VAE] epoch=278 loss=0.00025685 recon=0.00009072 beh=6.239927 w=0.000 lr=9.227e-04 time=0.508s
[RQ-VAE] epoch=279 loss=0.00025812 recon=0.00009054 beh=6.242784 w=0.000 lr=9.224e-04 time=0.52s
[RQ-VAE] epoch=280 loss=0.00025745 recon=0.00009062 beh=6.239599 w=0.000 lr=9.220e-04 time=0.444s
[RQ-VAE] epoch=281 loss=0.00025777 recon=0.00009057 beh=6.241925 w=0.000 lr=9.217e-04 time=0.434s
[RQ-VAE] epoch=282 loss=0.00025915 recon=0.00009044 beh=6.243077 w=0.000 lr=9.214e-04 time=0.513s
[RQ-VAE] epoch=283 loss=0.00025900 recon=0.00009027 beh=6.244686 w=0.000 lr=9.210e-04 time=0.474s
[RQ-VAE] epoch=284 loss=0.00025679 recon=0.00009033 beh=6.244816 w=0.000 lr=9.207e-04 time=0.517s
[RQ-VAE] epoch=285 loss=0.00025954 recon=0.00009012 beh=6.246006 w=0.000 lr=9.203e-04 time=0.497s
[RQ-VAE] epoch=286 loss=0.00025933 recon=0.00009017 beh=6.243825 w=0.000 lr=9.200e-04 time=0.507s
[RQ-VAE] epoch=287 loss=0.00025726 recon=0.00009003 beh=6.243617 w=0.000 lr=9.197e-04 time=0.482s
[RQ-VAE] epoch=288 loss=0.00025833 recon=0.00009001 beh=6.241598 w=0.000 lr=9.193e-04 time=0.505s
[RQ-VAE] epoch=289 loss=0.00025914 recon=0.00008982 beh=6.244648 w=0.000 lr=9.190e-04 time=0.49s
[RQ-VAE] epoch=290 loss=0.00025931 recon=0.00008979 beh=6.242969 w=0.000 lr=9.186e-04 time=0.568s
[RQ-VAE] epoch=291 loss=0.00025997 recon=0.00008990 beh=6.243994 w=0.000 lr=9.183e-04 time=0.527s
[RQ-VAE] epoch=292 loss=0.00026078 recon=0.00008966 beh=6.246588 w=0.000 lr=9.180e-04 time=0.503s
[RQ-VAE] epoch=293 loss=0.00026052 recon=0.00008957 beh=6.244309 w=0.000 lr=9.176e-04 time=0.441s
[RQ-VAE] epoch=294 loss=0.00026098 recon=0.00008950 beh=6.243303 w=0.000 lr=9.173e-04 time=0.603s
[RQ-VAE] epoch=295 loss=0.00026175 recon=0.00008936 beh=6.244024 w=0.000 lr=9.169e-04 time=0.454s
[RQ-VAE] epoch=296 loss=0.00026233 recon=0.00008936 beh=6.243215 w=0.000 lr=9.166e-04 time=0.306s
[RQ-VAE] epoch=297 loss=0.00026301 recon=0.00008955 beh=6.242001 w=0.000 lr=9.163e-04 time=0.492s
[RQ-VAE] epoch=298 loss=0.00026245 recon=0.00008955 beh=6.244406 w=0.000 lr=9.159e-04 time=0.537s
[RQ-VAE] epoch=299 loss=0.00026369 recon=0.00008959 beh=6.244768 w=0.000 lr=9.156e-04 time=0.529s
[RQ-VAE] epoch=300 loss=0.00026384 recon=0.00008930 lr=9.153e-04 raw_unique=21150/24587 collision=0.139789 time=0.462s
[RQ-VAE] epoch=301 loss=0.00026434 recon=0.00008930 beh=6.243397 w=0.000 lr=9.149e-04 time=0.505s
[RQ-VAE] epoch=302 loss=0.00026617 recon=0.00008928 beh=6.241367 w=0.000 lr=9.146e-04 time=0.516s
[RQ-VAE] epoch=303 loss=0.00026623 recon=0.00008925 beh=6.244497 w=0.000 lr=9.142e-04 time=0.538s
[RQ-VAE] epoch=304 loss=0.00026465 recon=0.00008914 beh=6.244352 w=0.000 lr=9.139e-04 time=0.524s
[RQ-VAE] epoch=305 loss=0.00026707 recon=0.00008921 beh=6.244996 w=0.000 lr=9.136e-04 time=0.514s
[RQ-VAE] epoch=306 loss=0.00026729 recon=0.00008920 beh=6.245946 w=0.000 lr=9.132e-04 time=0.498s
[RQ-VAE] epoch=307 loss=0.00026529 recon=0.00008920 beh=6.245017 w=0.000 lr=9.129e-04 time=0.509s
[RQ-VAE] epoch=308 loss=0.00026723 recon=0.00008919 beh=6.244726 w=0.000 lr=9.125e-04 time=0.542s
[RQ-VAE] epoch=309 loss=0.00026738 recon=0.00008902 beh=6.243988 w=0.000 lr=9.122e-04 time=0.479s
[RQ-VAE] epoch=310 loss=0.00026687 recon=0.00008885 beh=6.242795 w=0.000 lr=9.119e-04 time=0.526s
[RQ-VAE] epoch=311 loss=0.00026684 recon=0.00008885 beh=6.243578 w=0.000 lr=9.115e-04 time=0.41s
[RQ-VAE] epoch=312 loss=0.00026806 recon=0.00008868 beh=6.247648 w=0.000 lr=9.112e-04 time=0.476s
[RQ-VAE] epoch=313 loss=0.00026793 recon=0.00008857 beh=6.246217 w=0.000 lr=9.108e-04 time=0.493s
[RQ-VAE] epoch=314 loss=0.00026717 recon=0.00008867 beh=6.246371 w=0.000 lr=9.105e-04 time=0.503s
[RQ-VAE] epoch=315 loss=0.00026854 recon=0.00008852 beh=6.240860 w=0.000 lr=9.102e-04 time=0.505s
[RQ-VAE] epoch=316 loss=0.00026890 recon=0.00008878 beh=6.250287 w=0.000 lr=9.098e-04 time=0.513s
[RQ-VAE] epoch=317 loss=0.00026942 recon=0.00008869 beh=6.243954 w=0.000 lr=9.095e-04 time=0.529s
[RQ-VAE] epoch=318 loss=0.00026925 recon=0.00008842 beh=6.243275 w=0.000 lr=9.092e-04 time=0.522s
[RQ-VAE] epoch=319 loss=0.00026782 recon=0.00008838 beh=6.240431 w=0.000 lr=9.088e-04 time=0.53s
[RQ-VAE] epoch=320 loss=0.00026964 recon=0.00008839 beh=6.239397 w=0.000 lr=9.085e-04 time=0.484s
[RQ-VAE] epoch=321 loss=0.00026997 recon=0.00008824 beh=6.244350 w=0.000 lr=9.081e-04 time=0.496s
[RQ-VAE] epoch=322 loss=0.00026958 recon=0.00008826 beh=6.245350 w=0.000 lr=9.078e-04 time=0.495s
[RQ-VAE] epoch=323 loss=0.00026985 recon=0.00008814 beh=6.244061 w=0.000 lr=9.075e-04 time=0.495s
[RQ-VAE] epoch=324 loss=0.00026947 recon=0.00008817 beh=6.244321 w=0.000 lr=9.071e-04 time=0.555s
[RQ-VAE] epoch=325 loss=0.00027041 recon=0.00008827 beh=6.244278 w=0.000 lr=9.068e-04 time=0.5s
[RQ-VAE] epoch=326 loss=0.00027169 recon=0.00008800 beh=6.242958 w=0.000 lr=9.064e-04 time=0.535s
[RQ-VAE] epoch=327 loss=0.00026964 recon=0.00008796 beh=6.240356 w=0.000 lr=9.061e-04 time=0.342s
[RQ-VAE] epoch=328 loss=0.00026944 recon=0.00008779 beh=6.249247 w=0.000 lr=9.058e-04 time=0.488s
[RQ-VAE] epoch=329 loss=0.00027247 recon=0.00008799 beh=6.245046 w=0.000 lr=9.054e-04 time=0.482s
[RQ-VAE] epoch=330 loss=0.00027131 recon=0.00008772 beh=6.248834 w=0.000 lr=9.051e-04 time=0.423s
[RQ-VAE] epoch=331 loss=0.00027051 recon=0.00008785 beh=6.246865 w=0.000 lr=9.047e-04 time=0.544s
[RQ-VAE] epoch=332 loss=0.00027148 recon=0.00008769 beh=6.239834 w=0.000 lr=9.044e-04 time=0.634s
[RQ-VAE] epoch=333 loss=0.00027355 recon=0.00008776 beh=6.245654 w=0.000 lr=9.041e-04 time=0.524s
[RQ-VAE] epoch=334 loss=0.00027259 recon=0.00008762 beh=6.251401 w=0.000 lr=9.037e-04 time=0.449s
[RQ-VAE] epoch=335 loss=0.00027287 recon=0.00008784 beh=6.243430 w=0.000 lr=9.034e-04 time=0.481s
[RQ-VAE] epoch=336 loss=0.00027336 recon=0.00008766 beh=6.245548 w=0.000 lr=9.031e-04 time=0.418s
[RQ-VAE] epoch=337 loss=0.00027263 recon=0.00008758 beh=6.245324 w=0.000 lr=9.027e-04 time=0.567s
[RQ-VAE] epoch=338 loss=0.00027328 recon=0.00008749 beh=6.243373 w=0.000 lr=9.024e-04 time=0.554s
[RQ-VAE] epoch=339 loss=0.00027557 recon=0.00008760 beh=6.246639 w=0.000 lr=9.020e-04 time=0.527s
[RQ-VAE] epoch=340 loss=0.00027469 recon=0.00008741 beh=6.246360 w=0.000 lr=9.017e-04 time=0.503s
[RQ-VAE] epoch=341 loss=0.00027391 recon=0.00008742 beh=6.244370 w=0.000 lr=9.014e-04 time=0.494s
[RQ-VAE] epoch=342 loss=0.00027385 recon=0.00008742 beh=6.244317 w=0.000 lr=9.010e-04 time=0.303s
[RQ-VAE] epoch=343 loss=0.00027439 recon=0.00008748 beh=6.244540 w=0.000 lr=9.007e-04 time=0.524s
[RQ-VAE] epoch=344 loss=0.00027621 recon=0.00008727 beh=6.248074 w=0.000 lr=9.003e-04 time=0.495s
[RQ-VAE] epoch=345 loss=0.00027478 recon=0.00008739 beh=6.237148 w=0.000 lr=9.000e-04 time=0.506s
[RQ-VAE] epoch=346 loss=0.00027437 recon=0.00008720 beh=6.245170 w=0.000 lr=8.997e-04 time=0.473s
[RQ-VAE] epoch=347 loss=0.00027423 recon=0.00008723 beh=6.247897 w=0.000 lr=8.993e-04 time=0.453s
[RQ-VAE] epoch=348 loss=0.00027489 recon=0.00008706 beh=6.241827 w=0.000 lr=8.990e-04 time=0.486s
[RQ-VAE] epoch=349 loss=0.00027366 recon=0.00008689 beh=6.243951 w=0.000 lr=8.986e-04 time=0.295s
[RQ-VAE] epoch=350 loss=0.00027349 recon=0.00008691 lr=8.983e-04 raw_unique=20904/24587 collision=0.149795 time=0.484s
[RQ-VAE] epoch=351 loss=0.00027441 recon=0.00008701 beh=6.242111 w=0.000 lr=8.980e-04 time=0.501s
[RQ-VAE] epoch=352 loss=0.00027471 recon=0.00008681 beh=6.245100 w=0.000 lr=8.976e-04 time=0.527s
[RQ-VAE] epoch=353 loss=0.00027517 recon=0.00008680 beh=6.241749 w=0.000 lr=8.973e-04 time=0.518s
[RQ-VAE] epoch=354 loss=0.00027550 recon=0.00008696 beh=6.244296 w=0.000 lr=8.969e-04 time=0.467s
[RQ-VAE] epoch=355 loss=0.00027520 recon=0.00008689 beh=6.244036 w=0.000 lr=8.966e-04 time=0.506s
[RQ-VAE] epoch=356 loss=0.00027616 recon=0.00008689 beh=6.243738 w=0.000 lr=8.963e-04 time=0.493s
[RQ-VAE] epoch=357 loss=0.00027740 recon=0.00008668 beh=6.243296 w=0.000 lr=8.959e-04 time=0.4s
[RQ-VAE] epoch=358 loss=0.00027411 recon=0.00008664 beh=6.246481 w=0.000 lr=8.956e-04 time=0.518s
[RQ-VAE] epoch=359 loss=0.00027459 recon=0.00008674 beh=6.241565 w=0.000 lr=8.953e-04 time=0.503s
[RQ-VAE] epoch=360 loss=0.00027780 recon=0.00008669 beh=6.244594 w=0.000 lr=8.949e-04 time=0.501s
[RQ-VAE] epoch=361 loss=0.00027612 recon=0.00008649 beh=6.247475 w=0.000 lr=8.946e-04 time=0.607s
[RQ-VAE] epoch=362 loss=0.00027515 recon=0.00008651 beh=6.247747 w=0.000 lr=8.942e-04 time=0.487s
[RQ-VAE] epoch=363 loss=0.00027686 recon=0.00008641 beh=6.251087 w=0.000 lr=8.939e-04 time=0.487s
[RQ-VAE] epoch=364 loss=0.00027709 recon=0.00008643 beh=6.246721 w=0.000 lr=8.936e-04 time=0.494s
[RQ-VAE] epoch=365 loss=0.00027560 recon=0.00008626 beh=6.245203 w=0.000 lr=8.932e-04 time=0.455s
[RQ-VAE] epoch=366 loss=0.00027811 recon=0.00008632 beh=6.245054 w=0.000 lr=8.929e-04 time=0.468s
[RQ-VAE] epoch=367 loss=0.00027689 recon=0.00008616 beh=6.245883 w=0.000 lr=8.925e-04 time=0.448s
[RQ-VAE] epoch=368 loss=0.00027712 recon=0.00008616 beh=6.248238 w=0.000 lr=8.922e-04 time=0.49s
[RQ-VAE] epoch=369 loss=0.00027697 recon=0.00008617 beh=6.247241 w=0.000 lr=8.919e-04 time=0.515s
[RQ-VAE] epoch=370 loss=0.00027756 recon=0.00008616 beh=6.244117 w=0.000 lr=8.915e-04 time=0.468s
[RQ-VAE] epoch=371 loss=0.00027857 recon=0.00008610 beh=6.242850 w=0.000 lr=8.912e-04 time=0.519s
[RQ-VAE] epoch=372 loss=0.00027887 recon=0.00008615 beh=6.250157 w=0.000 lr=8.908e-04 time=0.496s
[RQ-VAE] epoch=373 loss=0.00027805 recon=0.00008611 beh=6.245191 w=0.000 lr=8.905e-04 time=0.472s
[RQ-VAE] epoch=374 loss=0.00027977 recon=0.00008589 beh=6.245983 w=0.000 lr=8.902e-04 time=0.51s
[RQ-VAE] epoch=375 loss=0.00027779 recon=0.00008605 beh=6.247178 w=0.000 lr=8.898e-04 time=0.488s
[RQ-VAE] epoch=376 loss=0.00027900 recon=0.00008600 beh=6.244820 w=0.000 lr=8.895e-04 time=0.494s
[RQ-VAE] epoch=377 loss=0.00027895 recon=0.00008592 beh=6.244307 w=0.000 lr=8.892e-04 time=0.492s
[RQ-VAE] epoch=378 loss=0.00027943 recon=0.00008591 beh=6.243869 w=0.000 lr=8.888e-04 time=0.531s
[RQ-VAE] epoch=379 loss=0.00027935 recon=0.00008586 beh=6.244880 w=0.000 lr=8.885e-04 time=0.495s
[RQ-VAE] epoch=380 loss=0.00028170 recon=0.00008572 beh=6.243636 w=0.000 lr=8.881e-04 time=0.637s
[RQ-VAE] epoch=381 loss=0.00027921 recon=0.00008557 beh=6.245042 w=0.000 lr=8.878e-04 time=0.449s
[RQ-VAE] epoch=382 loss=0.00027867 recon=0.00008562 beh=6.243761 w=0.000 lr=8.875e-04 time=0.476s
[RQ-VAE] epoch=383 loss=0.00028059 recon=0.00008549 beh=6.246947 w=0.000 lr=8.871e-04 time=0.556s
[RQ-VAE] epoch=384 loss=0.00028094 recon=0.00008550 beh=6.242675 w=0.000 lr=8.868e-04 time=0.468s
[RQ-VAE] epoch=385 loss=0.00028054 recon=0.00008562 beh=6.247319 w=0.000 lr=8.864e-04 time=0.475s
[RQ-VAE] epoch=386 loss=0.00028078 recon=0.00008546 beh=6.242520 w=0.000 lr=8.861e-04 time=0.465s
[RQ-VAE] epoch=387 loss=0.00028252 recon=0.00008536 beh=6.246737 w=0.000 lr=8.858e-04 time=0.471s
[RQ-VAE] epoch=388 loss=0.00028166 recon=0.00008550 beh=6.246744 w=0.000 lr=8.854e-04 time=0.52s
[RQ-VAE] epoch=389 loss=0.00027983 recon=0.00008553 beh=6.245154 w=0.000 lr=8.851e-04 time=0.345s
[RQ-VAE] epoch=390 loss=0.00028343 recon=0.00008548 beh=6.241746 w=0.000 lr=8.847e-04 time=0.525s
[RQ-VAE] epoch=391 loss=0.00028068 recon=0.00008531 beh=6.246118 w=0.000 lr=8.844e-04 time=0.518s
[RQ-VAE] epoch=392 loss=0.00027961 recon=0.00008537 beh=6.247738 w=0.000 lr=8.841e-04 time=0.537s
[RQ-VAE] epoch=393 loss=0.00028081 recon=0.00008542 beh=6.247225 w=0.000 lr=8.837e-04 time=0.463s
[RQ-VAE] epoch=394 loss=0.00028403 recon=0.00008523 beh=6.245722 w=0.000 lr=8.834e-04 time=0.478s
[RQ-VAE] epoch=395 loss=0.00028173 recon=0.00008525 beh=6.242168 w=0.000 lr=8.831e-04 time=0.519s
[RQ-VAE] epoch=396 loss=0.00028032 recon=0.00008523 beh=6.242826 w=0.000 lr=8.827e-04 time=0.6s
[RQ-VAE] epoch=397 loss=0.00028222 recon=0.00008509 beh=6.246367 w=0.000 lr=8.824e-04 time=0.517s
[RQ-VAE] epoch=398 loss=0.00028150 recon=0.00008500 beh=6.240914 w=0.000 lr=8.820e-04 time=0.478s
[RQ-VAE] epoch=399 loss=0.00028207 recon=0.00008500 beh=6.242850 w=0.000 lr=8.817e-04 time=0.469s
[RQ-VAE] epoch=400 loss=0.00028355 recon=0.00008498 lr=8.814e-04 raw_unique=20884/24587 collision=0.150608 time=0.547s
[RQ-VAE] epoch=401 loss=0.00028432 recon=0.00008492 beh=6.245242 w=0.000 lr=8.810e-04 time=0.518s
[RQ-VAE] epoch=402 loss=0.00028186 recon=0.00008502 beh=6.240480 w=0.000 lr=8.807e-04 time=0.538s
[RQ-VAE] epoch=403 loss=0.00028293 recon=0.00008488 beh=6.245809 w=0.000 lr=8.803e-04 time=0.485s
[RQ-VAE] epoch=404 loss=0.00028365 recon=0.00008479 beh=6.245350 w=0.000 lr=8.800e-04 time=0.537s
[RQ-VAE] epoch=405 loss=0.00028234 recon=0.00008508 beh=6.242804 w=0.000 lr=8.797e-04 time=0.502s
[RQ-VAE] epoch=406 loss=0.00028364 recon=0.00008480 beh=6.246727 w=0.000 lr=8.793e-04 time=0.525s
[RQ-VAE] epoch=407 loss=0.00028247 recon=0.00008473 beh=6.246565 w=0.000 lr=8.790e-04 time=0.466s
[RQ-VAE] epoch=408 loss=0.00028431 recon=0.00008479 beh=6.246439 w=0.000 lr=8.786e-04 time=0.503s
[RQ-VAE] epoch=409 loss=0.00028402 recon=0.00008472 beh=6.247436 w=0.000 lr=8.783e-04 time=0.504s
[RQ-VAE] epoch=410 loss=0.00028416 recon=0.00008483 beh=6.246304 w=0.000 lr=8.780e-04 time=0.461s
[RQ-VAE] epoch=411 loss=0.00028526 recon=0.00008466 beh=6.244809 w=0.000 lr=8.776e-04 time=0.527s
[RQ-VAE] epoch=412 loss=0.00028406 recon=0.00008455 beh=6.243083 w=0.000 lr=8.773e-04 time=0.511s
[RQ-VAE] epoch=413 loss=0.00028394 recon=0.00008455 beh=6.241844 w=0.000 lr=8.769e-04 time=0.521s
[RQ-VAE] epoch=414 loss=0.00028503 recon=0.00008447 beh=6.244161 w=0.000 lr=8.766e-04 time=0.495s
[RQ-VAE] epoch=415 loss=0.00028496 recon=0.00008444 beh=6.245591 w=0.000 lr=8.763e-04 time=0.444s
[RQ-VAE] epoch=416 loss=0.00028405 recon=0.00008438 beh=6.243645 w=0.000 lr=8.759e-04 time=0.485s
[RQ-VAE] epoch=417 loss=0.00028596 recon=0.00008441 beh=6.246806 w=0.000 lr=8.756e-04 time=0.459s
[RQ-VAE] epoch=418 loss=0.00028640 recon=0.00008438 beh=6.246308 w=0.000 lr=8.753e-04 time=0.525s
[RQ-VAE] epoch=419 loss=0.00028422 recon=0.00008434 beh=6.247669 w=0.000 lr=8.749e-04 time=0.505s
[RQ-VAE] epoch=420 loss=0.00028519 recon=0.00008448 beh=6.245204 w=0.000 lr=8.746e-04 time=0.549s
[RQ-VAE] epoch=421 loss=0.00028699 recon=0.00008445 beh=6.248570 w=0.000 lr=8.742e-04 time=0.539s
[RQ-VAE] epoch=422 loss=0.00028419 recon=0.00008441 beh=6.242627 w=0.000 lr=8.739e-04 time=0.484s
[RQ-VAE] epoch=423 loss=0.00028442 recon=0.00008415 beh=6.245090 w=0.000 lr=8.736e-04 time=0.467s
[RQ-VAE] epoch=424 loss=0.00028526 recon=0.00008414 beh=6.244599 w=0.000 lr=8.732e-04 time=0.418s
[RQ-VAE] epoch=425 loss=0.00028554 recon=0.00008406 beh=6.243829 w=0.000 lr=8.729e-04 time=0.491s
[RQ-VAE] epoch=426 loss=0.00028453 recon=0.00008392 beh=6.244519 w=0.000 lr=8.725e-04 time=0.494s
[RQ-VAE] epoch=427 loss=0.00028530 recon=0.00008409 beh=6.244518 w=0.000 lr=8.722e-04 time=0.538s
[RQ-VAE] epoch=428 loss=0.00028486 recon=0.00008384 beh=6.245402 w=0.000 lr=8.719e-04 time=0.472s
[RQ-VAE] epoch=429 loss=0.00028637 recon=0.00008390 beh=6.240629 w=0.000 lr=8.715e-04 time=0.522s
[RQ-VAE] epoch=430 loss=0.00028619 recon=0.00008387 beh=6.245595 w=0.000 lr=8.712e-04 time=0.538s
[RQ-VAE] epoch=431 loss=0.00028517 recon=0.00008381 beh=6.245967 w=0.000 lr=8.708e-04 time=0.478s
[RQ-VAE] epoch=432 loss=0.00028585 recon=0.00008378 beh=6.245446 w=0.000 lr=8.705e-04 time=0.528s
[RQ-VAE] epoch=433 loss=0.00028694 recon=0.00008398 beh=6.244513 w=0.000 lr=8.702e-04 time=0.443s
[RQ-VAE] epoch=434 loss=0.00028735 recon=0.00008403 beh=6.247447 w=0.000 lr=8.698e-04 time=0.488s
[RQ-VAE] epoch=435 loss=0.00028701 recon=0.00008382 beh=6.243968 w=0.000 lr=8.695e-04 time=0.544s
[RQ-VAE] epoch=436 loss=0.00028672 recon=0.00008368 beh=6.243894 w=0.000 lr=8.692e-04 time=0.499s
[RQ-VAE] epoch=437 loss=0.00028578 recon=0.00008362 beh=6.241031 w=0.000 lr=8.688e-04 time=0.536s
[RQ-VAE] epoch=438 loss=0.00028646 recon=0.00008361 beh=6.249250 w=0.000 lr=8.685e-04 time=0.524s
[RQ-VAE] epoch=439 loss=0.00028645 recon=0.00008392 beh=6.242430 w=0.000 lr=8.681e-04 time=0.482s
[RQ-VAE] epoch=440 loss=0.00028745 recon=0.00008355 beh=6.247524 w=0.000 lr=8.678e-04 time=0.47s
[RQ-VAE] epoch=441 loss=0.00028710 recon=0.00008347 beh=6.246856 w=0.000 lr=8.675e-04 time=0.432s
[RQ-VAE] epoch=442 loss=0.00028754 recon=0.00008362 beh=6.244675 w=0.000 lr=8.671e-04 time=0.469s
[RQ-VAE] epoch=443 loss=0.00028714 recon=0.00008363 beh=6.245728 w=0.000 lr=8.668e-04 time=0.528s
[RQ-VAE] epoch=444 loss=0.00028574 recon=0.00008374 beh=6.245289 w=0.000 lr=8.664e-04 time=0.479s
[RQ-VAE] epoch=445 loss=0.00028630 recon=0.00008358 beh=6.247042 w=0.000 lr=8.661e-04 time=0.475s
[RQ-VAE] epoch=446 loss=0.00028735 recon=0.00008355 beh=6.245388 w=0.000 lr=8.658e-04 time=0.526s
[RQ-VAE] epoch=447 loss=0.00028755 recon=0.00008357 beh=6.248030 w=0.000 lr=8.654e-04 time=0.509s
[RQ-VAE] epoch=448 loss=0.00028946 recon=0.00008380 beh=6.241902 w=0.000 lr=8.651e-04 time=0.481s
[RQ-VAE] epoch=449 loss=0.00028906 recon=0.00008353 beh=6.245862 w=0.000 lr=8.647e-04 time=0.525s
[RQ-VAE] epoch=450 loss=0.00028877 recon=0.00008337 lr=8.644e-04 raw_unique=20699/24587 collision=0.158132 time=0.538s
[RQ-VAE] epoch=451 loss=0.00028802 recon=0.00008337 beh=6.245494 w=0.000 lr=8.641e-04 time=0.485s
[RQ-VAE] epoch=452 loss=0.00028833 recon=0.00008326 beh=6.247212 w=0.000 lr=8.637e-04 time=0.673s
[RQ-VAE] epoch=453 loss=0.00029018 recon=0.00008325 beh=6.244759 w=0.000 lr=8.634e-04 time=0.476s
[RQ-VAE] epoch=454 loss=0.00028888 recon=0.00008331 beh=6.240990 w=0.000 lr=8.631e-04 time=0.479s
[RQ-VAE] epoch=455 loss=0.00028960 recon=0.00008320 beh=6.246291 w=0.000 lr=8.627e-04 time=0.487s
[RQ-VAE] epoch=456 loss=0.00028986 recon=0.00008318 beh=6.244992 w=0.000 lr=8.624e-04 time=0.499s
[RQ-VAE] epoch=457 loss=0.00028978 recon=0.00008317 beh=6.243525 w=0.000 lr=8.620e-04 time=0.583s
[RQ-VAE] epoch=458 loss=0.00029069 recon=0.00008307 beh=6.245661 w=0.000 lr=8.617e-04 time=0.475s
[RQ-VAE] epoch=459 loss=0.00028981 recon=0.00008306 beh=6.249188 w=0.000 lr=8.614e-04 time=0.327s
[RQ-VAE] epoch=460 loss=0.00029170 recon=0.00008314 beh=6.245764 w=0.000 lr=8.610e-04 time=0.467s
[RQ-VAE] epoch=461 loss=0.00028997 recon=0.00008307 beh=6.248874 w=0.000 lr=8.607e-04 time=0.477s
[RQ-VAE] epoch=462 loss=0.00028827 recon=0.00008314 beh=6.245615 w=0.000 lr=8.603e-04 time=0.426s
[RQ-VAE] epoch=463 loss=0.00029123 recon=0.00008302 beh=6.246994 w=0.000 lr=8.600e-04 time=0.512s
[RQ-VAE] epoch=464 loss=0.00029026 recon=0.00008301 beh=6.246679 w=0.000 lr=8.597e-04 time=0.427s
[RQ-VAE] epoch=465 loss=0.00029174 recon=0.00008304 beh=6.246455 w=0.000 lr=8.593e-04 time=0.454s
[RQ-VAE] epoch=466 loss=0.00029263 recon=0.00008291 beh=6.245624 w=0.000 lr=8.590e-04 time=0.511s
[RQ-VAE] epoch=467 loss=0.00029129 recon=0.00008280 beh=6.245015 w=0.000 lr=8.586e-04 time=0.5s
[RQ-VAE] epoch=468 loss=0.00029152 recon=0.00008293 beh=6.247053 w=0.000 lr=8.583e-04 time=0.445s
[RQ-VAE] epoch=469 loss=0.00029164 recon=0.00008292 beh=6.250118 w=0.000 lr=8.580e-04 time=0.535s
[RQ-VAE] epoch=470 loss=0.00029308 recon=0.00008281 beh=6.250587 w=0.000 lr=8.576e-04 time=0.477s
[RQ-VAE] epoch=471 loss=0.00029278 recon=0.00008287 beh=6.248518 w=0.000 lr=8.573e-04 time=0.479s
[RQ-VAE] epoch=472 loss=0.00029230 recon=0.00008281 beh=6.245730 w=0.000 lr=8.569e-04 time=0.51s
[RQ-VAE] epoch=473 loss=0.00029068 recon=0.00008283 beh=6.246801 w=0.000 lr=8.566e-04 time=0.435s
[RQ-VAE] epoch=474 loss=0.00029149 recon=0.00008276 beh=6.245196 w=0.000 lr=8.563e-04 time=0.488s
[RQ-VAE] epoch=475 loss=0.00029233 recon=0.00008258 beh=6.243735 w=0.000 lr=8.559e-04 time=0.484s
[RQ-VAE] epoch=476 loss=0.00029156 recon=0.00008269 beh=6.243397 w=0.000 lr=8.556e-04 time=0.448s
[RQ-VAE] epoch=477 loss=0.00029216 recon=0.00008272 beh=6.248778 w=0.000 lr=8.553e-04 time=0.454s
[RQ-VAE] epoch=478 loss=0.00029210 recon=0.00008245 beh=6.246668 w=0.000 lr=8.549e-04 time=0.476s
[RQ-VAE] epoch=479 loss=0.00029079 recon=0.00008240 beh=6.246121 w=0.000 lr=8.546e-04 time=0.534s
[RQ-VAE] epoch=480 loss=0.00029104 recon=0.00008254 beh=6.245222 w=0.000 lr=8.542e-04 time=0.514s
[RQ-VAE] epoch=481 loss=0.00029037 recon=0.00008241 beh=6.245700 w=0.000 lr=8.539e-04 time=0.642s
[RQ-VAE] epoch=482 loss=0.00029110 recon=0.00008238 beh=6.246377 w=0.000 lr=8.536e-04 time=0.437s
[RQ-VAE] epoch=483 loss=0.00029134 recon=0.00008246 beh=6.245308 w=0.000 lr=8.532e-04 time=0.52s
[RQ-VAE] epoch=484 loss=0.00029056 recon=0.00008239 beh=6.240841 w=0.000 lr=8.529e-04 time=0.535s
[RQ-VAE] epoch=485 loss=0.00029229 recon=0.00008239 beh=6.245196 w=0.000 lr=8.525e-04 time=0.524s
[RQ-VAE] epoch=486 loss=0.00029073 recon=0.00008226 beh=6.246633 w=0.000 lr=8.522e-04 time=0.454s
[RQ-VAE] epoch=487 loss=0.00029198 recon=0.00008235 beh=6.245081 w=0.000 lr=8.519e-04 time=0.485s
[RQ-VAE] epoch=488 loss=0.00029252 recon=0.00008227 beh=6.246797 w=0.000 lr=8.515e-04 time=0.525s
[RQ-VAE] epoch=489 loss=0.00029387 recon=0.00008229 beh=6.246810 w=0.000 lr=8.512e-04 time=0.515s
[RQ-VAE] epoch=490 loss=0.00029276 recon=0.00008221 beh=6.245823 w=0.000 lr=8.508e-04 time=0.456s
[RQ-VAE] epoch=491 loss=0.00029336 recon=0.00008225 beh=6.249558 w=0.000 lr=8.505e-04 time=0.432s
[RQ-VAE] epoch=492 loss=0.00029496 recon=0.00008226 beh=6.251353 w=0.000 lr=8.502e-04 time=0.44s
[RQ-VAE] epoch=493 loss=0.00029434 recon=0.00008228 beh=6.246838 w=0.000 lr=8.498e-04 time=0.464s
[RQ-VAE] epoch=494 loss=0.00029523 recon=0.00008208 beh=6.247279 w=0.000 lr=8.495e-04 time=0.496s
[RQ-VAE] epoch=495 loss=0.00029185 recon=0.00008235 beh=6.247904 w=0.000 lr=8.492e-04 time=0.498s
[RQ-VAE] epoch=496 loss=0.00029334 recon=0.00008208 beh=6.243608 w=0.000 lr=8.488e-04 time=0.508s
[RQ-VAE] epoch=497 loss=0.00029322 recon=0.00008201 beh=6.249303 w=0.000 lr=8.485e-04 time=0.53s
[RQ-VAE] epoch=498 loss=0.00029526 recon=0.00008199 beh=6.246770 w=0.000 lr=8.481e-04 time=0.46s
[RQ-VAE] epoch=499 loss=0.00029547 recon=0.00008216 beh=6.246924 w=0.000 lr=8.478e-04 time=0.462s
[RQ-VAE] epoch=500 loss=0.00029438 recon=0.00008214 lr=8.475e-04 raw_unique=20544/24587 collision=0.164436 time=0.53s
[RQ-VAE] epoch=501 loss=0.00029484 recon=0.00008207 beh=6.244624 w=0.000 lr=8.471e-04 time=0.631s
[RQ-VAE] epoch=502 loss=0.00029476 recon=0.00008208 beh=6.245424 w=0.000 lr=8.468e-04 time=0.524s
[RQ-VAE] epoch=503 loss=0.00029615 recon=0.00008199 beh=6.244855 w=0.000 lr=8.464e-04 time=0.436s
[RQ-VAE] epoch=504 loss=0.00029663 recon=0.00008219 beh=6.245956 w=0.000 lr=8.461e-04 time=0.502s
[RQ-VAE] epoch=505 loss=0.00029689 recon=0.00008212 beh=6.249477 w=0.000 lr=8.458e-04 time=0.514s
[RQ-VAE] epoch=506 loss=0.00029708 recon=0.00008206 beh=6.246325 w=0.000 lr=8.454e-04 time=0.481s
[RQ-VAE] epoch=507 loss=0.00029689 recon=0.00008185 beh=6.249152 w=0.000 lr=8.451e-04 time=0.461s
[RQ-VAE] epoch=508 loss=0.00029690 recon=0.00008194 beh=6.247158 w=0.000 lr=8.447e-04 time=0.491s
[RQ-VAE] epoch=509 loss=0.00029697 recon=0.00008216 beh=6.243817 w=0.000 lr=8.444e-04 time=0.531s
[RQ-VAE] epoch=510 loss=0.00029669 recon=0.00008187 beh=6.246316 w=0.000 lr=8.441e-04 time=0.518s
[RQ-VAE] epoch=511 loss=0.00029633 recon=0.00008195 beh=6.241719 w=0.000 lr=8.437e-04 time=0.509s
[RQ-VAE] epoch=512 loss=0.00029644 recon=0.00008201 beh=6.247838 w=0.000 lr=8.434e-04 time=0.516s
[RQ-VAE] epoch=513 loss=0.00029802 recon=0.00008196 beh=6.246079 w=0.000 lr=8.431e-04 time=0.513s
[RQ-VAE] epoch=514 loss=0.00029604 recon=0.00008168 beh=6.243674 w=0.000 lr=8.427e-04 time=0.431s
[RQ-VAE] epoch=515 loss=0.00029545 recon=0.00008157 beh=6.243252 w=0.000 lr=8.424e-04 time=0.46s
[RQ-VAE] epoch=516 loss=0.00029708 recon=0.00008166 beh=6.249606 w=0.000 lr=8.420e-04 time=0.61s
[RQ-VAE] epoch=517 loss=0.00029710 recon=0.00008156 beh=6.243441 w=0.000 lr=8.417e-04 time=0.477s
[RQ-VAE] epoch=518 loss=0.00029609 recon=0.00008158 beh=6.245913 w=0.000 lr=8.414e-04 time=0.472s
[RQ-VAE] epoch=519 loss=0.00029737 recon=0.00008185 beh=6.243045 w=0.000 lr=8.410e-04 time=0.535s
[RQ-VAE] epoch=520 loss=0.00029517 recon=0.00008152 beh=6.244233 w=0.000 lr=8.407e-04 time=0.485s
[RQ-VAE] epoch=521 loss=0.00029746 recon=0.00008149 beh=6.246198 w=0.000 lr=8.403e-04 time=0.487s
[RQ-VAE] epoch=522 loss=0.00029671 recon=0.00008160 beh=6.240988 w=0.000 lr=8.400e-04 time=0.49s
[RQ-VAE] epoch=523 loss=0.00029601 recon=0.00008143 beh=6.243924 w=0.000 lr=8.397e-04 time=0.485s
[RQ-VAE] epoch=524 loss=0.00029573 recon=0.00008159 beh=6.246635 w=0.000 lr=8.393e-04 time=0.485s
[RQ-VAE] epoch=525 loss=0.00029643 recon=0.00008146 beh=6.239565 w=0.000 lr=8.390e-04 time=0.481s
[RQ-VAE] epoch=526 loss=0.00029701 recon=0.00008143 beh=6.247787 w=0.000 lr=8.386e-04 time=0.478s
[RQ-VAE] epoch=527 loss=0.00029842 recon=0.00008147 beh=6.246673 w=0.000 lr=8.383e-04 time=0.49s
[RQ-VAE] epoch=528 loss=0.00029689 recon=0.00008144 beh=6.250077 w=0.000 lr=8.380e-04 time=0.442s
[RQ-VAE] epoch=529 loss=0.00029647 recon=0.00008143 beh=6.246964 w=0.000 lr=8.376e-04 time=0.439s
[RQ-VAE] epoch=530 loss=0.00029706 recon=0.00008150 beh=6.240677 w=0.000 lr=8.373e-04 time=0.547s
[RQ-VAE] epoch=531 loss=0.00029711 recon=0.00008148 beh=6.247557 w=0.000 lr=8.369e-04 time=0.496s
[RQ-VAE] epoch=532 loss=0.00029833 recon=0.00008137 beh=6.246471 w=0.000 lr=8.366e-04 time=0.484s
[RQ-VAE] epoch=533 loss=0.00029852 recon=0.00008149 beh=6.252352 w=0.000 lr=8.363e-04 time=0.436s
[RQ-VAE] epoch=534 loss=0.00029937 recon=0.00008143 beh=6.242590 w=0.000 lr=8.359e-04 time=0.51s
[RQ-VAE] epoch=535 loss=0.00029921 recon=0.00008127 beh=6.248605 w=0.000 lr=8.356e-04 time=0.487s
[RQ-VAE] epoch=536 loss=0.00029723 recon=0.00008116 beh=6.243847 w=0.000 lr=8.353e-04 time=0.514s
[RQ-VAE] epoch=537 loss=0.00029994 recon=0.00008134 beh=6.248111 w=0.000 lr=8.349e-04 time=0.55s
[RQ-VAE] epoch=538 loss=0.00029964 recon=0.00008136 beh=6.250864 w=0.000 lr=8.346e-04 time=0.478s
[RQ-VAE] epoch=539 loss=0.00029937 recon=0.00008141 beh=6.247776 w=0.000 lr=8.342e-04 time=0.424s
[RQ-VAE] epoch=540 loss=0.00029978 recon=0.00008131 beh=6.243607 w=0.000 lr=8.339e-04 time=0.467s
[RQ-VAE] epoch=541 loss=0.00029989 recon=0.00008125 beh=6.249291 w=0.000 lr=8.336e-04 time=0.49s
[RQ-VAE] epoch=542 loss=0.00029973 recon=0.00008121 beh=6.248801 w=0.000 lr=8.332e-04 time=0.473s
[RQ-VAE] epoch=543 loss=0.00029891 recon=0.00008122 beh=6.244988 w=0.000 lr=8.329e-04 time=0.437s
[RQ-VAE] epoch=544 loss=0.00030010 recon=0.00008108 beh=6.246360 w=0.000 lr=8.325e-04 time=0.455s
[RQ-VAE] epoch=545 loss=0.00029913 recon=0.00008120 beh=6.248640 w=0.000 lr=8.322e-04 time=0.518s
[RQ-VAE] epoch=546 loss=0.00029824 recon=0.00008109 beh=6.248233 w=0.000 lr=8.319e-04 time=0.52s
[RQ-VAE] epoch=547 loss=0.00029748 recon=0.00008097 beh=6.244664 w=0.000 lr=8.315e-04 time=0.513s
[RQ-VAE] epoch=548 loss=0.00029933 recon=0.00008115 beh=6.243458 w=0.000 lr=8.312e-04 time=0.487s
[RQ-VAE] epoch=549 loss=0.00030095 recon=0.00008108 beh=6.243204 w=0.000 lr=8.308e-04 time=0.505s
[RQ-VAE] epoch=550 loss=0.00029915 recon=0.00008091 lr=8.305e-04 raw_unique=20632/24587 collision=0.160857 time=0.475s
[RQ-VAE] epoch=551 loss=0.00029888 recon=0.00008107 beh=6.249066 w=0.000 lr=8.302e-04 time=0.46s
[RQ-VAE] epoch=552 loss=0.00029893 recon=0.00008093 beh=6.249475 w=0.000 lr=8.298e-04 time=0.463s
[RQ-VAE] epoch=553 loss=0.00029946 recon=0.00008090 beh=6.246343 w=0.000 lr=8.295e-04 time=0.488s
[RQ-VAE] epoch=554 loss=0.00029980 recon=0.00008091 beh=6.246935 w=0.000 lr=8.292e-04 time=0.405s
[RQ-VAE] epoch=555 loss=0.00030008 recon=0.00008089 beh=6.247531 w=0.000 lr=8.288e-04 time=0.486s
[RQ-VAE] epoch=556 loss=0.00030075 recon=0.00008099 beh=6.250228 w=0.000 lr=8.285e-04 time=0.416s
[RQ-VAE] epoch=557 loss=0.00030005 recon=0.00008079 beh=6.247411 w=0.000 lr=8.281e-04 time=0.511s
[RQ-VAE] epoch=558 loss=0.00030058 recon=0.00008077 beh=6.244968 w=0.000 lr=8.278e-04 time=0.487s
[RQ-VAE] epoch=559 loss=0.00030034 recon=0.00008076 beh=6.247564 w=0.000 lr=8.275e-04 time=0.378s
[RQ-VAE] epoch=560 loss=0.00029952 recon=0.00008075 beh=6.248592 w=0.000 lr=8.271e-04 time=0.492s
[RQ-VAE] epoch=561 loss=0.00030078 recon=0.00008093 beh=6.245599 w=0.000 lr=8.268e-04 time=0.45s
[RQ-VAE] epoch=562 loss=0.00030144 recon=0.00008083 beh=6.248287 w=0.000 lr=8.264e-04 time=0.49s
[RQ-VAE] epoch=563 loss=0.00030330 recon=0.00008074 beh=6.245365 w=0.000 lr=8.261e-04 time=0.496s
[RQ-VAE] epoch=564 loss=0.00030083 recon=0.00008062 beh=6.247612 w=0.000 lr=8.258e-04 time=0.495s
[RQ-VAE] epoch=565 loss=0.00030028 recon=0.00008063 beh=6.252162 w=0.000 lr=8.254e-04 time=0.523s
[RQ-VAE] epoch=566 loss=0.00029991 recon=0.00008057 beh=6.243268 w=0.000 lr=8.251e-04 time=0.452s
[RQ-VAE] epoch=567 loss=0.00030033 recon=0.00008046 beh=6.245276 w=0.000 lr=8.247e-04 time=0.459s
[RQ-VAE] epoch=568 loss=0.00030270 recon=0.00008056 beh=6.248909 w=0.000 lr=8.244e-04 time=0.533s
[RQ-VAE] epoch=569 loss=0.00030051 recon=0.00008056 beh=6.247481 w=0.000 lr=8.241e-04 time=0.526s
[RQ-VAE] epoch=570 loss=0.00030131 recon=0.00008045 beh=6.247411 w=0.000 lr=8.237e-04 time=0.481s
[RQ-VAE] epoch=571 loss=0.00030118 recon=0.00008050 beh=6.246883 w=0.000 lr=8.234e-04 time=0.451s
[RQ-VAE] epoch=572 loss=0.00030063 recon=0.00008048 beh=6.250167 w=0.000 lr=8.231e-04 time=0.626s
[RQ-VAE] epoch=573 loss=0.00030185 recon=0.00008054 beh=6.245329 w=0.000 lr=8.227e-04 time=0.489s
[RQ-VAE] epoch=574 loss=0.00030045 recon=0.00008039 beh=6.245280 w=0.000 lr=8.224e-04 time=0.529s
[RQ-VAE] epoch=575 loss=0.00030059 recon=0.00008042 beh=6.243502 w=0.000 lr=8.220e-04 time=0.48s
[RQ-VAE] epoch=576 loss=0.00030069 recon=0.00008037 beh=6.246785 w=0.000 lr=8.217e-04 time=0.444s
[RQ-VAE] epoch=577 loss=0.00030168 recon=0.00008037 beh=6.247519 w=0.000 lr=8.214e-04 time=0.408s
[RQ-VAE] epoch=578 loss=0.00030177 recon=0.00008038 beh=6.246472 w=0.000 lr=8.210e-04 time=0.465s
[RQ-VAE] epoch=579 loss=0.00030214 recon=0.00008036 beh=6.243516 w=0.000 lr=8.207e-04 time=0.502s
[RQ-VAE] epoch=580 loss=0.00030253 recon=0.00008046 beh=6.245198 w=0.000 lr=8.203e-04 time=0.461s
[RQ-VAE] epoch=581 loss=0.00030189 recon=0.00008027 beh=6.247386 w=0.000 lr=8.200e-04 time=0.46s
[RQ-VAE] epoch=582 loss=0.00030264 recon=0.00008040 beh=6.248691 w=0.000 lr=8.197e-04 time=0.501s
[RQ-VAE] epoch=583 loss=0.00030240 recon=0.00008037 beh=6.243258 w=0.000 lr=8.193e-04 time=0.484s
[RQ-VAE] epoch=584 loss=0.00029928 recon=0.00008031 beh=6.245969 w=0.000 lr=8.190e-04 time=0.481s
[RQ-VAE] epoch=585 loss=0.00030104 recon=0.00008016 beh=6.245550 w=0.000 lr=8.186e-04 time=0.505s
[RQ-VAE] epoch=586 loss=0.00030115 recon=0.00008017 beh=6.246834 w=0.000 lr=8.183e-04 time=0.461s
[RQ-VAE] epoch=587 loss=0.00030185 recon=0.00008023 beh=6.244958 w=0.000 lr=8.180e-04 time=0.476s
[RQ-VAE] epoch=588 loss=0.00030102 recon=0.00008002 beh=6.243635 w=0.000 lr=8.176e-04 time=0.464s
[RQ-VAE] epoch=589 loss=0.00030033 recon=0.00008018 beh=6.246459 w=0.000 lr=8.173e-04 time=0.47s
[RQ-VAE] epoch=590 loss=0.00030062 recon=0.00008016 beh=6.243171 w=0.000 lr=8.169e-04 time=0.541s
[RQ-VAE] epoch=591 loss=0.00030260 recon=0.00008021 beh=6.244712 w=0.000 lr=8.166e-04 time=0.518s
[RQ-VAE] epoch=592 loss=0.00030191 recon=0.00008015 beh=6.247774 w=0.000 lr=8.163e-04 time=0.496s
[RQ-VAE] epoch=593 loss=0.00030278 recon=0.00008005 beh=6.248570 w=0.000 lr=8.159e-04 time=0.337s
[RQ-VAE] epoch=594 loss=0.00030170 recon=0.00008001 beh=6.245578 w=0.000 lr=8.156e-04 time=0.493s
[RQ-VAE] epoch=595 loss=0.00030176 recon=0.00008004 beh=6.246093 w=0.000 lr=8.153e-04 time=0.521s
[RQ-VAE] epoch=596 loss=0.00030119 recon=0.00008009 beh=6.247139 w=0.000 lr=8.149e-04 time=0.512s
[RQ-VAE] epoch=597 loss=0.00030111 recon=0.00007998 beh=6.248244 w=0.000 lr=8.146e-04 time=0.497s
[RQ-VAE] epoch=598 loss=0.00030171 recon=0.00007980 beh=6.244674 w=0.000 lr=8.142e-04 time=0.508s
[RQ-VAE] epoch=599 loss=0.00030217 recon=0.00008006 beh=6.246513 w=0.000 lr=8.139e-04 time=0.509s
[RQ-VAE] epoch=600 loss=0.00030219 recon=0.00007995 lr=8.136e-04 raw_unique=20541/24587 collision=0.164559 time=0.482s
[RQ-VAE] epoch=601 loss=0.00030208 recon=0.00007991 beh=6.243492 w=0.000 lr=8.132e-04 time=0.646s
[RQ-VAE] epoch=602 loss=0.00030224 recon=0.00008001 beh=6.242169 w=0.000 lr=8.129e-04 time=0.529s
[RQ-VAE] epoch=603 loss=0.00030279 recon=0.00007985 beh=6.248842 w=0.000 lr=8.125e-04 time=0.508s
[RQ-VAE] epoch=604 loss=0.00030372 recon=0.00007982 beh=6.247938 w=0.000 lr=8.122e-04 time=0.473s
[RQ-VAE] epoch=605 loss=0.00030238 recon=0.00007980 beh=6.243993 w=0.000 lr=8.119e-04 time=0.456s
[RQ-VAE] epoch=606 loss=0.00030173 recon=0.00007964 beh=6.247465 w=0.000 lr=8.115e-04 time=0.445s
[RQ-VAE] epoch=607 loss=0.00030173 recon=0.00007963 beh=6.246945 w=0.000 lr=8.112e-04 time=0.434s
[RQ-VAE] epoch=608 loss=0.00030398 recon=0.00007979 beh=6.244400 w=0.000 lr=8.108e-04 time=0.473s
[RQ-VAE] epoch=609 loss=0.00030402 recon=0.00007987 beh=6.245105 w=0.000 lr=8.105e-04 time=0.454s
[RQ-VAE] epoch=610 loss=0.00030372 recon=0.00007977 beh=6.246795 w=0.000 lr=8.102e-04 time=0.461s
[RQ-VAE] epoch=611 loss=0.00030499 recon=0.00007984 beh=6.248135 w=0.000 lr=8.098e-04 time=0.477s
[RQ-VAE] epoch=612 loss=0.00030516 recon=0.00007973 beh=6.248038 w=0.000 lr=8.095e-04 time=0.495s
[RQ-VAE] epoch=613 loss=0.00030491 recon=0.00007972 beh=6.246328 w=0.000 lr=8.092e-04 time=0.505s
[RQ-VAE] epoch=614 loss=0.00030412 recon=0.00007970 beh=6.245471 w=0.000 lr=8.088e-04 time=0.491s
[RQ-VAE] epoch=615 loss=0.00030394 recon=0.00007978 beh=6.245883 w=0.000 lr=8.085e-04 time=0.486s
[RQ-VAE] epoch=616 loss=0.00030347 recon=0.00007966 beh=6.244768 w=0.000 lr=8.081e-04 time=0.448s
[RQ-VAE] epoch=617 loss=0.00030288 recon=0.00007965 beh=6.244493 w=0.000 lr=8.078e-04 time=0.49s
[RQ-VAE] epoch=618 loss=0.00030384 recon=0.00007972 beh=6.243911 w=0.000 lr=8.075e-04 time=0.473s
[RQ-VAE] epoch=619 loss=0.00030427 recon=0.00007963 beh=6.249382 w=0.000 lr=8.071e-04 time=0.458s
[RQ-VAE] epoch=620 loss=0.00030455 recon=0.00007950 beh=6.245382 w=0.000 lr=8.068e-04 time=0.498s
[RQ-VAE] epoch=621 loss=0.00030442 recon=0.00007958 beh=6.247525 w=0.000 lr=8.064e-04 time=0.587s
[RQ-VAE] epoch=622 loss=0.00030469 recon=0.00007956 beh=6.247457 w=0.000 lr=8.061e-04 time=0.471s
[RQ-VAE] epoch=623 loss=0.00030321 recon=0.00007960 beh=6.247414 w=0.000 lr=8.058e-04 time=0.455s
[RQ-VAE] epoch=624 loss=0.00030450 recon=0.00007961 beh=6.247000 w=0.000 lr=8.054e-04 time=0.435s
[RQ-VAE] epoch=625 loss=0.00030348 recon=0.00007962 beh=6.243616 w=0.000 lr=8.051e-04 time=0.505s
[RQ-VAE] epoch=626 loss=0.00030535 recon=0.00007978 beh=6.249485 w=0.000 lr=8.047e-04 time=0.462s
[RQ-VAE] epoch=627 loss=0.00030527 recon=0.00007983 beh=6.245383 w=0.000 lr=8.044e-04 time=0.466s
[RQ-VAE] epoch=628 loss=0.00030425 recon=0.00007969 beh=6.245915 w=0.000 lr=8.041e-04 time=0.481s
[RQ-VAE] epoch=629 loss=0.00030460 recon=0.00007953 beh=6.249279 w=0.000 lr=8.037e-04 time=0.465s
[RQ-VAE] epoch=630 loss=0.00030430 recon=0.00007948 beh=6.249508 w=0.000 lr=8.034e-04 time=0.505s
[RQ-VAE] epoch=631 loss=0.00030710 recon=0.00007948 beh=6.248394 w=0.000 lr=8.031e-04 time=0.482s
[RQ-VAE] epoch=632 loss=0.00030637 recon=0.00007948 beh=6.245677 w=0.000 lr=8.027e-04 time=0.457s
[RQ-VAE] epoch=633 loss=0.00030416 recon=0.00007933 beh=6.246541 w=0.000 lr=8.024e-04 time=0.49s
[RQ-VAE] epoch=634 loss=0.00030607 recon=0.00007942 beh=6.244689 w=0.000 lr=8.020e-04 time=0.481s
[RQ-VAE] epoch=635 loss=0.00030641 recon=0.00007956 beh=6.246256 w=0.000 lr=8.017e-04 time=0.453s
[RQ-VAE] epoch=636 loss=0.00030482 recon=0.00007941 beh=6.248331 w=0.000 lr=8.014e-04 time=0.593s
[RQ-VAE] epoch=637 loss=0.00030477 recon=0.00007931 beh=6.247671 w=0.000 lr=8.010e-04 time=0.491s
[RQ-VAE] epoch=638 loss=0.00030662 recon=0.00007917 beh=6.245397 w=0.000 lr=8.007e-04 time=0.528s
[RQ-VAE] epoch=639 loss=0.00030493 recon=0.00007925 beh=6.247851 w=0.000 lr=8.003e-04 time=0.5s
[RQ-VAE] epoch=640 loss=0.00030524 recon=0.00007925 beh=6.245968 w=0.000 lr=8.000e-04 time=0.411s
[RQ-VAE] epoch=641 loss=0.00030672 recon=0.00007916 beh=6.248329 w=0.000 lr=7.997e-04 time=0.528s
[RQ-VAE] epoch=642 loss=0.00030501 recon=0.00007919 beh=6.247916 w=0.000 lr=7.993e-04 time=0.517s
[RQ-VAE] epoch=643 loss=0.00030576 recon=0.00007926 beh=6.247165 w=0.000 lr=7.990e-04 time=0.534s
[RQ-VAE] epoch=644 loss=0.00030675 recon=0.00007913 beh=6.247362 w=0.000 lr=7.986e-04 time=0.512s
[RQ-VAE] epoch=645 loss=0.00030585 recon=0.00007903 beh=6.244688 w=0.000 lr=7.983e-04 time=0.493s
[RQ-VAE] epoch=646 loss=0.00030429 recon=0.00007912 beh=6.247533 w=0.000 lr=7.980e-04 time=0.488s
[RQ-VAE] epoch=647 loss=0.00030400 recon=0.00007916 beh=6.245043 w=0.000 lr=7.976e-04 time=0.53s
[RQ-VAE] epoch=648 loss=0.00030451 recon=0.00007910 beh=6.245902 w=0.000 lr=7.973e-04 time=0.485s
[RQ-VAE] epoch=649 loss=0.00030502 recon=0.00007911 beh=6.247301 w=0.000 lr=7.969e-04 time=0.517s
[RQ-VAE] epoch=650 loss=0.00030482 recon=0.00007908 lr=7.966e-04 raw_unique=20429/24587 collision=0.169114 time=0.493s
[RQ-VAE] epoch=651 loss=0.00030358 recon=0.00007902 beh=6.244197 w=0.000 lr=7.963e-04 time=0.479s
[RQ-VAE] epoch=652 loss=0.00030528 recon=0.00007909 beh=6.238982 w=0.000 lr=7.959e-04 time=0.524s
[RQ-VAE] epoch=653 loss=0.00030479 recon=0.00007910 beh=6.249509 w=0.000 lr=7.956e-04 time=0.525s
[RQ-VAE] epoch=654 loss=0.00030482 recon=0.00007897 beh=6.248941 w=0.000 lr=7.953e-04 time=0.442s
[RQ-VAE] epoch=655 loss=0.00030538 recon=0.00007886 beh=6.248827 w=0.000 lr=7.949e-04 time=0.502s
[RQ-VAE] epoch=656 loss=0.00030260 recon=0.00007877 beh=6.247909 w=0.000 lr=7.946e-04 time=0.334s
[RQ-VAE] epoch=657 loss=0.00030385 recon=0.00007867 beh=6.249906 w=0.000 lr=7.942e-04 time=0.45s
[RQ-VAE] epoch=658 loss=0.00030324 recon=0.00007876 beh=6.241905 w=0.000 lr=7.939e-04 time=0.477s
[RQ-VAE] epoch=659 loss=0.00030423 recon=0.00007875 beh=6.243944 w=0.000 lr=7.936e-04 time=0.511s
[RQ-VAE] epoch=660 loss=0.00030525 recon=0.00007894 beh=6.247834 w=0.000 lr=7.932e-04 time=0.497s
[RQ-VAE] epoch=661 loss=0.00030616 recon=0.00007898 beh=6.247049 w=0.000 lr=7.929e-04 time=0.524s
[RQ-VAE] epoch=662 loss=0.00030575 recon=0.00007900 beh=6.243675 w=0.000 lr=7.925e-04 time=0.434s
[RQ-VAE] epoch=663 loss=0.00030666 recon=0.00007909 beh=6.242406 w=0.000 lr=7.922e-04 time=0.51s
[RQ-VAE] epoch=664 loss=0.00030672 recon=0.00007881 beh=6.246989 w=0.000 lr=7.919e-04 time=0.458s
[RQ-VAE] epoch=665 loss=0.00030427 recon=0.00007882 beh=6.244899 w=0.000 lr=7.915e-04 time=0.518s
[RQ-VAE] epoch=666 loss=0.00030373 recon=0.00007894 beh=6.244973 w=0.000 lr=7.912e-04 time=0.483s
[RQ-VAE] epoch=667 loss=0.00030646 recon=0.00007892 beh=6.246887 w=0.000 lr=7.908e-04 time=0.475s
[RQ-VAE] epoch=668 loss=0.00030745 recon=0.00007876 beh=6.248987 w=0.000 lr=7.905e-04 time=0.443s
[RQ-VAE] epoch=669 loss=0.00030611 recon=0.00007882 beh=6.246380 w=0.000 lr=7.902e-04 time=0.444s
[RQ-VAE] epoch=670 loss=0.00030614 recon=0.00007884 beh=6.249184 w=0.000 lr=7.898e-04 time=0.483s
[RQ-VAE] epoch=671 loss=0.00030583 recon=0.00007876 beh=6.247092 w=0.000 lr=7.895e-04 time=0.504s
[RQ-VAE] epoch=672 loss=0.00030681 recon=0.00007862 beh=6.249938 w=0.000 lr=7.892e-04 time=0.489s
[RQ-VAE] epoch=673 loss=0.00030543 recon=0.00007868 beh=6.247375 w=0.000 lr=7.888e-04 time=0.521s
[RQ-VAE] epoch=674 loss=0.00030680 recon=0.00007897 beh=6.246294 w=0.000 lr=7.885e-04 time=0.458s
[RQ-VAE] epoch=675 loss=0.00030750 recon=0.00007865 beh=6.249743 w=0.000 lr=7.881e-04 time=0.508s
[RQ-VAE] epoch=676 loss=0.00030750 recon=0.00007856 beh=6.248751 w=0.000 lr=7.878e-04 time=0.411s
[RQ-VAE] epoch=677 loss=0.00030544 recon=0.00007858 beh=6.248292 w=0.000 lr=7.875e-04 time=0.422s
[RQ-VAE] epoch=678 loss=0.00030691 recon=0.00007869 beh=6.246556 w=0.000 lr=7.871e-04 time=0.48s
[RQ-VAE] epoch=679 loss=0.00030610 recon=0.00007859 beh=6.247149 w=0.000 lr=7.868e-04 time=0.509s
[RQ-VAE] epoch=680 loss=0.00030647 recon=0.00007852 beh=6.243306 w=0.000 lr=7.864e-04 time=0.44s
[RQ-VAE] epoch=681 loss=0.00030610 recon=0.00007858 beh=6.245195 w=0.000 lr=7.861e-04 time=0.485s
[RQ-VAE] epoch=682 loss=0.00030757 recon=0.00007848 beh=6.245862 w=0.000 lr=7.858e-04 time=0.401s
[RQ-VAE] epoch=683 loss=0.00030887 recon=0.00007865 beh=6.246707 w=0.000 lr=7.854e-04 time=0.457s
[RQ-VAE] epoch=684 loss=0.00030748 recon=0.00007865 beh=6.250643 w=0.000 lr=7.851e-04 time=0.468s
[RQ-VAE] epoch=685 loss=0.00030710 recon=0.00007859 beh=6.246696 w=0.000 lr=7.847e-04 time=0.465s
[RQ-VAE] epoch=686 loss=0.00030813 recon=0.00007856 beh=6.244459 w=0.000 lr=7.844e-04 time=0.525s
[RQ-VAE] epoch=687 loss=0.00030690 recon=0.00007843 beh=6.247659 w=0.000 lr=7.841e-04 time=0.49s
[RQ-VAE] epoch=688 loss=0.00030551 recon=0.00007844 beh=6.249657 w=0.000 lr=7.837e-04 time=0.471s
[RQ-VAE] epoch=689 loss=0.00030674 recon=0.00007860 beh=6.248186 w=0.000 lr=7.834e-04 time=0.394s
[RQ-VAE] epoch=690 loss=0.00030685 recon=0.00007842 beh=6.248351 w=0.000 lr=7.831e-04 time=0.45s
[RQ-VAE] epoch=691 loss=0.00030878 recon=0.00007843 beh=6.248663 w=0.000 lr=7.827e-04 time=0.517s
[RQ-VAE] epoch=692 loss=0.00030756 recon=0.00007842 beh=6.250266 w=0.000 lr=7.824e-04 time=0.593s
[RQ-VAE] epoch=693 loss=0.00030927 recon=0.00007840 beh=6.246968 w=0.000 lr=7.820e-04 time=0.498s
[RQ-VAE] epoch=694 loss=0.00030912 recon=0.00007834 beh=6.246045 w=0.000 lr=7.817e-04 time=0.514s
[RQ-VAE] epoch=695 loss=0.00030895 recon=0.00007834 beh=6.251318 w=0.000 lr=7.814e-04 time=0.468s
[RQ-VAE] epoch=696 loss=0.00030927 recon=0.00007849 beh=6.249470 w=0.000 lr=7.810e-04 time=0.517s
[RQ-VAE] epoch=697 loss=0.00030952 recon=0.00007834 beh=6.250148 w=0.000 lr=7.807e-04 time=0.417s
[RQ-VAE] epoch=698 loss=0.00030794 recon=0.00007827 beh=6.246648 w=0.000 lr=7.803e-04 time=0.54s
[RQ-VAE] epoch=699 loss=0.00030771 recon=0.00007838 beh=6.248942 w=0.000 lr=7.800e-04 time=0.514s
[RQ-VAE] epoch=700 loss=0.00030851 recon=0.00007825 lr=7.797e-04 raw_unique=20525/24587 collision=0.165209 time=0.527s
[RQ-VAE] epoch=701 loss=0.00030854 recon=0.00007828 beh=6.248068 w=0.000 lr=7.793e-04 time=0.474s
[RQ-VAE] epoch=702 loss=0.00030666 recon=0.00007820 beh=6.247926 w=0.000 lr=7.790e-04 time=0.443s
[RQ-VAE] epoch=703 loss=0.00030696 recon=0.00007820 beh=6.248109 w=0.000 lr=7.786e-04 time=0.533s
[RQ-VAE] epoch=704 loss=0.00030900 recon=0.00007839 beh=6.249416 w=0.000 lr=7.783e-04 time=0.476s
[RQ-VAE] epoch=705 loss=0.00030738 recon=0.00007825 beh=6.248156 w=0.000 lr=7.780e-04 time=0.459s
[RQ-VAE] epoch=706 loss=0.00030703 recon=0.00007807 beh=6.250865 w=0.000 lr=7.776e-04 time=0.506s
[RQ-VAE] epoch=707 loss=0.00030667 recon=0.00007817 beh=6.244280 w=0.000 lr=7.773e-04 time=0.498s
[RQ-VAE] epoch=708 loss=0.00030726 recon=0.00007811 beh=6.249701 w=0.000 lr=7.769e-04 time=0.487s
[RQ-VAE] epoch=709 loss=0.00030544 recon=0.00007807 beh=6.249277 w=0.000 lr=7.766e-04 time=0.457s
[RQ-VAE] epoch=710 loss=0.00030711 recon=0.00007817 beh=6.245113 w=0.000 lr=7.763e-04 time=0.517s
[RQ-VAE] epoch=711 loss=0.00030872 recon=0.00007813 beh=6.244602 w=0.000 lr=7.759e-04 time=0.47s
[RQ-VAE] epoch=712 loss=0.00030962 recon=0.00007807 beh=6.247977 w=0.000 lr=7.756e-04 time=0.491s
[RQ-VAE] epoch=713 loss=0.00030712 recon=0.00007787 beh=6.245084 w=0.000 lr=7.753e-04 time=0.451s
[RQ-VAE] epoch=714 loss=0.00030719 recon=0.00007779 beh=6.247794 w=0.000 lr=7.749e-04 time=0.521s
[RQ-VAE] epoch=715 loss=0.00030767 recon=0.00007794 beh=6.250292 w=0.000 lr=7.746e-04 time=0.515s
[RQ-VAE] epoch=716 loss=0.00030848 recon=0.00007789 beh=6.247275 w=0.000 lr=7.742e-04 time=0.517s
[RQ-VAE] epoch=717 loss=0.00030657 recon=0.00007784 beh=6.246571 w=0.000 lr=7.739e-04 time=0.472s
[RQ-VAE] epoch=718 loss=0.00030629 recon=0.00007799 beh=6.246593 w=0.000 lr=7.736e-04 time=0.49s
[RQ-VAE] epoch=719 loss=0.00030767 recon=0.00007781 beh=6.246394 w=0.000 lr=7.732e-04 time=0.535s
[RQ-VAE] epoch=720 loss=0.00030746 recon=0.00007800 beh=6.245857 w=0.000 lr=7.729e-04 time=0.437s
[RQ-VAE] epoch=721 loss=0.00030621 recon=0.00007798 beh=6.248131 w=0.000 lr=7.725e-04 time=0.536s
[RQ-VAE] epoch=722 loss=0.00030705 recon=0.00007793 beh=6.245329 w=0.000 lr=7.722e-04 time=0.429s
[RQ-VAE] epoch=723 loss=0.00030647 recon=0.00007806 beh=6.245544 w=0.000 lr=7.719e-04 time=0.545s
[RQ-VAE] epoch=724 loss=0.00030709 recon=0.00007793 beh=6.248008 w=0.000 lr=7.715e-04 time=0.471s
[RQ-VAE] epoch=725 loss=0.00030627 recon=0.00007776 beh=6.251865 w=0.000 lr=7.712e-04 time=0.485s
[RQ-VAE] epoch=726 loss=0.00030749 recon=0.00007768 beh=6.251825 w=0.000 lr=7.708e-04 time=0.493s
[RQ-VAE] epoch=727 loss=0.00030847 recon=0.00007783 beh=6.247571 w=0.000 lr=7.705e-04 time=0.485s
[RQ-VAE] epoch=728 loss=0.00030591 recon=0.00007780 beh=6.246127 w=0.000 lr=7.702e-04 time=0.54s
[RQ-VAE] epoch=729 loss=0.00030765 recon=0.00007782 beh=6.244912 w=0.000 lr=7.698e-04 time=0.46s
[RQ-VAE] epoch=730 loss=0.00030903 recon=0.00007786 beh=6.246602 w=0.000 lr=7.695e-04 time=0.462s
[RQ-VAE] epoch=731 loss=0.00030767 recon=0.00007779 beh=6.245175 w=0.000 lr=7.692e-04 time=0.494s
[RQ-VAE] epoch=732 loss=0.00030703 recon=0.00007771 beh=6.248981 w=0.000 lr=7.688e-04 time=0.419s
[RQ-VAE] epoch=733 loss=0.00030702 recon=0.00007786 beh=6.239438 w=0.000 lr=7.685e-04 time=0.489s
[RQ-VAE] epoch=734 loss=0.00030914 recon=0.00007769 beh=6.244403 w=0.000 lr=7.681e-04 time=0.459s
[RQ-VAE] epoch=735 loss=0.00030630 recon=0.00007764 beh=6.245506 w=0.000 lr=7.678e-04 time=0.461s
[RQ-VAE] epoch=736 loss=0.00030640 recon=0.00007756 beh=6.243654 w=0.000 lr=7.675e-04 time=0.466s
[RQ-VAE] epoch=737 loss=0.00030702 recon=0.00007763 beh=6.245299 w=0.000 lr=7.671e-04 time=0.477s
[RQ-VAE] epoch=738 loss=0.00030744 recon=0.00007760 beh=6.246240 w=0.000 lr=7.668e-04 time=0.461s
[RQ-VAE] epoch=739 loss=0.00030874 recon=0.00007768 beh=6.242672 w=0.000 lr=7.664e-04 time=0.493s
[RQ-VAE] epoch=740 loss=0.00030747 recon=0.00007750 beh=6.245842 w=0.000 lr=7.661e-04 time=0.511s
[RQ-VAE] epoch=741 loss=0.00030767 recon=0.00007758 beh=6.247505 w=0.000 lr=7.658e-04 time=0.564s
[RQ-VAE] epoch=742 loss=0.00030877 recon=0.00007771 beh=6.250916 w=0.000 lr=7.654e-04 time=0.475s
[RQ-VAE] epoch=743 loss=0.00030871 recon=0.00007767 beh=6.249671 w=0.000 lr=7.651e-04 time=0.444s
[RQ-VAE] epoch=744 loss=0.00030823 recon=0.00007747 beh=6.247386 w=0.000 lr=7.647e-04 time=0.489s
[RQ-VAE] epoch=745 loss=0.00030827 recon=0.00007759 beh=6.246101 w=0.000 lr=7.644e-04 time=0.432s
[RQ-VAE] epoch=746 loss=0.00030694 recon=0.00007747 beh=6.245492 w=0.000 lr=7.641e-04 time=0.482s
[RQ-VAE] epoch=747 loss=0.00030806 recon=0.00007744 beh=6.249703 w=0.000 lr=7.637e-04 time=0.504s
[RQ-VAE] epoch=748 loss=0.00030963 recon=0.00007756 beh=6.247439 w=0.000 lr=7.634e-04 time=0.469s
[RQ-VAE] epoch=749 loss=0.00030935 recon=0.00007750 beh=6.246149 w=0.000 lr=7.631e-04 time=0.486s
[RQ-VAE] epoch=750 loss=0.00030927 recon=0.00007752 lr=7.627e-04 raw_unique=20474/24587 collision=0.167284 time=0.461s
[RQ-VAE] epoch=751 loss=0.00031065 recon=0.00007753 beh=6.247200 w=0.000 lr=7.624e-04 time=0.526s
[RQ-VAE] epoch=752 loss=0.00031106 recon=0.00007746 beh=6.245732 w=0.000 lr=7.620e-04 time=0.396s
[RQ-VAE] epoch=753 loss=0.00030976 recon=0.00007765 beh=6.245365 w=0.000 lr=7.617e-04 time=0.471s
[RQ-VAE] epoch=754 loss=0.00030912 recon=0.00007739 beh=6.250609 w=0.000 lr=7.614e-04 time=0.325s
[RQ-VAE] epoch=755 loss=0.00030973 recon=0.00007736 beh=6.247141 w=0.000 lr=7.610e-04 time=0.464s
[RQ-VAE] epoch=756 loss=0.00030923 recon=0.00007734 beh=6.246076 w=0.000 lr=7.607e-04 time=0.653s
[RQ-VAE] epoch=757 loss=0.00030927 recon=0.00007740 beh=6.249599 w=0.000 lr=7.603e-04 time=0.421s
[RQ-VAE] epoch=758 loss=0.00031197 recon=0.00007746 beh=6.246322 w=0.000 lr=7.600e-04 time=0.494s
[RQ-VAE] epoch=759 loss=0.00031097 recon=0.00007739 beh=6.245932 w=0.000 lr=7.597e-04 time=0.499s
[RQ-VAE] epoch=760 loss=0.00031214 recon=0.00007720 beh=6.250227 w=0.000 lr=7.593e-04 time=0.49s
[RQ-VAE] epoch=761 loss=0.00031185 recon=0.00007736 beh=6.249337 w=0.000 lr=7.590e-04 time=0.484s
[RQ-VAE] epoch=762 loss=0.00031050 recon=0.00007723 beh=6.243599 w=0.000 lr=7.586e-04 time=0.477s
[RQ-VAE] epoch=763 loss=0.00031075 recon=0.00007713 beh=6.253323 w=0.000 lr=7.583e-04 time=0.532s
[RQ-VAE] epoch=764 loss=0.00031023 recon=0.00007726 beh=6.243295 w=0.000 lr=7.580e-04 time=0.505s
[RQ-VAE] epoch=765 loss=0.00031025 recon=0.00007731 beh=6.246464 w=0.000 lr=7.576e-04 time=0.522s
[RQ-VAE] epoch=766 loss=0.00031093 recon=0.00007717 beh=6.248178 w=0.000 lr=7.573e-04 time=0.42s
[RQ-VAE] epoch=767 loss=0.00031177 recon=0.00007736 beh=6.244779 w=0.000 lr=7.569e-04 time=0.466s
[RQ-VAE] epoch=768 loss=0.00031099 recon=0.00007724 beh=6.251636 w=0.000 lr=7.566e-04 time=0.492s
[RQ-VAE] epoch=769 loss=0.00031379 recon=0.00007730 beh=6.249682 w=0.000 lr=7.563e-04 time=0.511s
[RQ-VAE] epoch=770 loss=0.00031045 recon=0.00007717 beh=6.247115 w=0.000 lr=7.559e-04 time=0.498s
[RQ-VAE] epoch=771 loss=0.00031095 recon=0.00007724 beh=6.246208 w=0.000 lr=7.556e-04 time=0.522s
[RQ-VAE] epoch=772 loss=0.00031340 recon=0.00007728 beh=6.242898 w=0.000 lr=7.553e-04 time=0.506s
[RQ-VAE] epoch=773 loss=0.00031196 recon=0.00007735 beh=6.243100 w=0.000 lr=7.549e-04 time=0.513s
[RQ-VAE] epoch=774 loss=0.00031213 recon=0.00007732 beh=6.244410 w=0.000 lr=7.546e-04 time=0.457s
[RQ-VAE] epoch=775 loss=0.00031288 recon=0.00007753 beh=6.249354 w=0.000 lr=7.542e-04 time=0.455s
[RQ-VAE] epoch=776 loss=0.00031123 recon=0.00007743 beh=6.247449 w=0.000 lr=7.539e-04 time=0.432s
[RQ-VAE] epoch=777 loss=0.00031242 recon=0.00007741 beh=6.250784 w=0.000 lr=7.536e-04 time=0.423s
[RQ-VAE] epoch=778 loss=0.00031242 recon=0.00007734 beh=6.247170 w=0.000 lr=7.532e-04 time=0.463s
[RQ-VAE] epoch=779 loss=0.00031255 recon=0.00007722 beh=6.254695 w=0.000 lr=7.529e-04 time=0.448s
[RQ-VAE] epoch=780 loss=0.00031266 recon=0.00007723 beh=6.247416 w=0.000 lr=7.525e-04 time=0.513s
[RQ-VAE] epoch=781 loss=0.00031159 recon=0.00007720 beh=6.247028 w=0.000 lr=7.522e-04 time=0.434s
[RQ-VAE] epoch=782 loss=0.00031126 recon=0.00007719 beh=6.246005 w=0.000 lr=7.519e-04 time=0.362s
[RQ-VAE] epoch=783 loss=0.00031430 recon=0.00007716 beh=6.247662 w=0.000 lr=7.515e-04 time=0.457s
[RQ-VAE] epoch=784 loss=0.00031394 recon=0.00007729 beh=6.248557 w=0.000 lr=7.512e-04 time=0.475s
[RQ-VAE] epoch=785 loss=0.00031197 recon=0.00007718 beh=6.244775 w=0.000 lr=7.508e-04 time=0.466s
[RQ-VAE] epoch=786 loss=0.00031219 recon=0.00007725 beh=6.247945 w=0.000 lr=7.505e-04 time=0.293s
[RQ-VAE] epoch=787 loss=0.00031235 recon=0.00007711 beh=6.245078 w=0.000 lr=7.502e-04 time=0.55s
[RQ-VAE] epoch=788 loss=0.00031361 recon=0.00007725 beh=6.250575 w=0.000 lr=7.498e-04 time=0.432s
[RQ-VAE] epoch=789 loss=0.00031237 recon=0.00007709 beh=6.248694 w=0.000 lr=7.495e-04 time=0.461s
[RQ-VAE] epoch=790 loss=0.00031320 recon=0.00007702 beh=6.247091 w=0.000 lr=7.492e-04 time=0.455s
[RQ-VAE] epoch=791 loss=0.00031203 recon=0.00007691 beh=6.249737 w=0.000 lr=7.488e-04 time=0.466s
[RQ-VAE] epoch=792 loss=0.00031184 recon=0.00007696 beh=6.250566 w=0.000 lr=7.485e-04 time=0.487s
[RQ-VAE] epoch=793 loss=0.00031306 recon=0.00007684 beh=6.247387 w=0.000 lr=7.481e-04 time=0.483s
[RQ-VAE] epoch=794 loss=0.00031193 recon=0.00007688 beh=6.248920 w=0.000 lr=7.478e-04 time=0.497s
[RQ-VAE] epoch=795 loss=0.00031166 recon=0.00007724 beh=6.245950 w=0.000 lr=7.475e-04 time=0.496s
[RQ-VAE] epoch=796 loss=0.00031347 recon=0.00007704 beh=6.248273 w=0.000 lr=7.471e-04 time=0.413s
[RQ-VAE] epoch=797 loss=0.00031246 recon=0.00007696 beh=6.249141 w=0.000 lr=7.468e-04 time=0.503s
[RQ-VAE] epoch=798 loss=0.00031529 recon=0.00007717 beh=6.249045 w=0.000 lr=7.464e-04 time=0.456s
[RQ-VAE] epoch=799 loss=0.00031300 recon=0.00007716 beh=6.250779 w=0.000 lr=7.461e-04 time=0.433s
[RQ-VAE] epoch=800 loss=0.00031259 recon=0.00007698 lr=7.458e-04 raw_unique=20390/24587 collision=0.170700 time=0.525s
[RQ-VAE] epoch=801 loss=0.00031343 recon=0.00007707 beh=6.247688 w=0.000 lr=7.454e-04 time=0.528s
[RQ-VAE] epoch=802 loss=0.00031197 recon=0.00007707 beh=6.247806 w=0.000 lr=7.451e-04 time=0.487s
[RQ-VAE] epoch=803 loss=0.00031311 recon=0.00007683 beh=6.249195 w=0.000 lr=7.447e-04 time=0.465s
[RQ-VAE] epoch=804 loss=0.00031521 recon=0.00007698 beh=6.249522 w=0.000 lr=7.444e-04 time=0.406s
[RQ-VAE] epoch=805 loss=0.00031302 recon=0.00007700 beh=6.248261 w=0.000 lr=7.441e-04 time=0.458s
[RQ-VAE] epoch=806 loss=0.00031078 recon=0.00007691 beh=6.250381 w=0.000 lr=7.437e-04 time=0.482s
[RQ-VAE] epoch=807 loss=0.00031136 recon=0.00007692 beh=6.246672 w=0.000 lr=7.434e-04 time=0.455s
[RQ-VAE] epoch=808 loss=0.00031135 recon=0.00007696 beh=6.244815 w=0.000 lr=7.431e-04 time=0.443s
[RQ-VAE] epoch=809 loss=0.00031103 recon=0.00007679 beh=6.246585 w=0.000 lr=7.427e-04 time=0.443s
[RQ-VAE] epoch=810 loss=0.00031063 recon=0.00007709 beh=6.249781 w=0.000 lr=7.424e-04 time=0.472s
[RQ-VAE] epoch=811 loss=0.00031111 recon=0.00007698 beh=6.246301 w=0.000 lr=7.420e-04 time=0.496s
[RQ-VAE] epoch=812 loss=0.00031277 recon=0.00007694 beh=6.247129 w=0.000 lr=7.417e-04 time=0.437s
[RQ-VAE] epoch=813 loss=0.00031278 recon=0.00007699 beh=6.247291 w=0.000 lr=7.414e-04 time=0.579s
[RQ-VAE] epoch=814 loss=0.00031281 recon=0.00007698 beh=6.244623 w=0.000 lr=7.410e-04 time=0.458s
[RQ-VAE] epoch=815 loss=0.00031224 recon=0.00007701 beh=6.249721 w=0.000 lr=7.407e-04 time=0.504s
[RQ-VAE] epoch=816 loss=0.00031276 recon=0.00007683 beh=6.247641 w=0.000 lr=7.403e-04 time=0.493s
[RQ-VAE] epoch=817 loss=0.00031303 recon=0.00007702 beh=6.245760 w=0.000 lr=7.400e-04 time=0.462s
[RQ-VAE] epoch=818 loss=0.00031285 recon=0.00007691 beh=6.247403 w=0.000 lr=7.397e-04 time=0.304s
[RQ-VAE] epoch=819 loss=0.00031431 recon=0.00007694 beh=6.251050 w=0.000 lr=7.393e-04 time=0.469s
[RQ-VAE] epoch=820 loss=0.00031461 recon=0.00007695 beh=6.247880 w=0.000 lr=7.390e-04 time=0.499s
[RQ-VAE] epoch=821 loss=0.00031393 recon=0.00007680 beh=6.250713 w=0.000 lr=7.386e-04 time=0.485s
[RQ-VAE] epoch=822 loss=0.00031339 recon=0.00007650 beh=6.246448 w=0.000 lr=7.383e-04 time=0.474s
[RQ-VAE] epoch=823 loss=0.00031313 recon=0.00007660 beh=6.246799 w=0.000 lr=7.380e-04 time=0.475s
[RQ-VAE] epoch=824 loss=0.00031382 recon=0.00007658 beh=6.245490 w=0.000 lr=7.376e-04 time=0.503s
[RQ-VAE] epoch=825 loss=0.00031452 recon=0.00007654 beh=6.247920 w=0.000 lr=7.373e-04 time=0.484s
[RQ-VAE] epoch=826 loss=0.00031309 recon=0.00007692 beh=6.253048 w=0.000 lr=7.369e-04 time=0.49s
[RQ-VAE] epoch=827 loss=0.00031458 recon=0.00007666 beh=6.248440 w=0.000 lr=7.366e-04 time=0.507s
[RQ-VAE] epoch=828 loss=0.00031543 recon=0.00007672 beh=6.246355 w=0.000 lr=7.363e-04 time=0.434s
[RQ-VAE] epoch=829 loss=0.00031603 recon=0.00007679 beh=6.248508 w=0.000 lr=7.359e-04 time=0.44s
[RQ-VAE] epoch=830 loss=0.00031508 recon=0.00007651 beh=6.244626 w=0.000 lr=7.356e-04 time=0.48s
[RQ-VAE] epoch=831 loss=0.00031334 recon=0.00007650 beh=6.248742 w=0.000 lr=7.353e-04 time=0.45s
[RQ-VAE] epoch=832 loss=0.00031349 recon=0.00007644 beh=6.250756 w=0.000 lr=7.349e-04 time=0.484s
[RQ-VAE] epoch=833 loss=0.00031667 recon=0.00007659 beh=6.250798 w=0.000 lr=7.346e-04 time=0.452s
[RQ-VAE] epoch=834 loss=0.00031565 recon=0.00007676 beh=6.248652 w=0.000 lr=7.342e-04 time=0.495s
[RQ-VAE] epoch=835 loss=0.00031498 recon=0.00007657 beh=6.249702 w=0.000 lr=7.339e-04 time=0.468s
[RQ-VAE] epoch=836 loss=0.00031372 recon=0.00007651 beh=6.245975 w=0.000 lr=7.336e-04 time=0.463s
[RQ-VAE] epoch=837 loss=0.00031398 recon=0.00007665 beh=6.247778 w=0.000 lr=7.332e-04 time=0.447s
[RQ-VAE] epoch=838 loss=0.00031375 recon=0.00007666 beh=6.244455 w=0.000 lr=7.329e-04 time=0.495s
[RQ-VAE] epoch=839 loss=0.00031369 recon=0.00007634 beh=6.248674 w=0.000 lr=7.325e-04 time=0.488s
[RQ-VAE] epoch=840 loss=0.00031481 recon=0.00007656 beh=6.247920 w=0.000 lr=7.322e-04 time=0.52s
[RQ-VAE] epoch=841 loss=0.00031514 recon=0.00007653 beh=6.249447 w=0.000 lr=7.319e-04 time=0.479s
[RQ-VAE] epoch=842 loss=0.00031378 recon=0.00007663 beh=6.249526 w=0.000 lr=7.315e-04 time=0.633s
[RQ-VAE] epoch=843 loss=0.00031502 recon=0.00007652 beh=6.249346 w=0.000 lr=7.312e-04 time=0.496s
[RQ-VAE] epoch=844 loss=0.00031442 recon=0.00007659 beh=6.247084 w=0.000 lr=7.308e-04 time=0.428s
[RQ-VAE] epoch=845 loss=0.00031339 recon=0.00007645 beh=6.247864 w=0.000 lr=7.305e-04 time=0.472s
[RQ-VAE] epoch=846 loss=0.00031482 recon=0.00007640 beh=6.248488 w=0.000 lr=7.302e-04 time=0.469s
[RQ-VAE] epoch=847 loss=0.00031436 recon=0.00007645 beh=6.245756 w=0.000 lr=7.298e-04 time=0.474s
[RQ-VAE] epoch=848 loss=0.00031384 recon=0.00007654 beh=6.246328 w=0.000 lr=7.295e-04 time=0.485s
[RQ-VAE] epoch=849 loss=0.00031342 recon=0.00007626 beh=6.251564 w=0.000 lr=7.292e-04 time=0.416s
[RQ-VAE] epoch=850 loss=0.00031403 recon=0.00007642 lr=7.288e-04 raw_unique=20364/24587 collision=0.171757 time=0.321s
[RQ-VAE] epoch=851 loss=0.00031442 recon=0.00007651 beh=6.247667 w=0.000 lr=7.285e-04 time=0.536s
[RQ-VAE] epoch=852 loss=0.00031461 recon=0.00007656 beh=6.248518 w=0.000 lr=7.281e-04 time=0.451s
[RQ-VAE] epoch=853 loss=0.00031430 recon=0.00007630 beh=6.251069 w=0.000 lr=7.278e-04 time=0.49s
[RQ-VAE] epoch=854 loss=0.00031506 recon=0.00007631 beh=6.247757 w=0.000 lr=7.275e-04 time=0.54s
[RQ-VAE] epoch=855 loss=0.00031404 recon=0.00007635 beh=6.249292 w=0.000 lr=7.271e-04 time=0.475s
[RQ-VAE] epoch=856 loss=0.00031397 recon=0.00007641 beh=6.249147 w=0.000 lr=7.268e-04 time=0.495s
[RQ-VAE] epoch=857 loss=0.00031315 recon=0.00007637 beh=6.249935 w=0.000 lr=7.264e-04 time=0.474s
[RQ-VAE] epoch=858 loss=0.00031452 recon=0.00007635 beh=6.247330 w=0.000 lr=7.261e-04 time=0.44s
[RQ-VAE] epoch=859 loss=0.00031452 recon=0.00007643 beh=6.247805 w=0.000 lr=7.258e-04 time=0.489s
[RQ-VAE] epoch=860 loss=0.00031487 recon=0.00007624 beh=6.246793 w=0.000 lr=7.254e-04 time=0.419s
[RQ-VAE] epoch=861 loss=0.00031632 recon=0.00007630 beh=6.247112 w=0.000 lr=7.251e-04 time=0.624s
[RQ-VAE] epoch=862 loss=0.00031486 recon=0.00007602 beh=6.244002 w=0.000 lr=7.247e-04 time=0.456s
[RQ-VAE] epoch=863 loss=0.00031518 recon=0.00007603 beh=6.249146 w=0.000 lr=7.244e-04 time=0.496s
[RQ-VAE] epoch=864 loss=0.00031356 recon=0.00007600 beh=6.247211 w=0.000 lr=7.241e-04 time=0.496s
[RQ-VAE] epoch=865 loss=0.00031360 recon=0.00007616 beh=6.248294 w=0.000 lr=7.237e-04 time=0.451s
[RQ-VAE] epoch=866 loss=0.00031410 recon=0.00007603 beh=6.248105 w=0.000 lr=7.234e-04 time=0.504s
[RQ-VAE] epoch=867 loss=0.00031413 recon=0.00007610 beh=6.248646 w=0.000 lr=7.231e-04 time=0.412s
[RQ-VAE] epoch=868 loss=0.00031506 recon=0.00007621 beh=6.250073 w=0.000 lr=7.227e-04 time=0.515s
[RQ-VAE] epoch=869 loss=0.00031622 recon=0.00007618 beh=6.243749 w=0.000 lr=7.224e-04 time=0.521s
[RQ-VAE] epoch=870 loss=0.00031592 recon=0.00007618 beh=6.248206 w=0.000 lr=7.220e-04 time=0.482s
[RQ-VAE] epoch=871 loss=0.00031513 recon=0.00007615 beh=6.249166 w=0.000 lr=7.217e-04 time=0.511s
[RQ-VAE] epoch=872 loss=0.00031409 recon=0.00007596 beh=6.245222 w=0.000 lr=7.214e-04 time=0.45s
[RQ-VAE] epoch=873 loss=0.00031377 recon=0.00007598 beh=6.247512 w=0.000 lr=7.210e-04 time=0.476s
[RQ-VAE] epoch=874 loss=0.00031435 recon=0.00007603 beh=6.246168 w=0.000 lr=7.207e-04 time=0.429s
[RQ-VAE] epoch=875 loss=0.00031343 recon=0.00007604 beh=6.246228 w=0.000 lr=7.203e-04 time=0.502s
[RQ-VAE] epoch=876 loss=0.00031406 recon=0.00007599 beh=6.248034 w=0.000 lr=7.200e-04 time=0.606s
[RQ-VAE] epoch=877 loss=0.00031444 recon=0.00007602 beh=6.247023 w=0.000 lr=7.197e-04 time=0.464s
[RQ-VAE] epoch=878 loss=0.00031565 recon=0.00007591 beh=6.246529 w=0.000 lr=7.193e-04 time=0.462s
[RQ-VAE] epoch=879 loss=0.00031392 recon=0.00007609 beh=6.248835 w=0.000 lr=7.190e-04 time=0.462s
[RQ-VAE] epoch=880 loss=0.00031499 recon=0.00007577 beh=6.248811 w=0.000 lr=7.186e-04 time=0.474s
[RQ-VAE] epoch=881 loss=0.00031321 recon=0.00007584 beh=6.250521 w=0.000 lr=7.183e-04 time=0.351s
[RQ-VAE] epoch=882 loss=0.00031413 recon=0.00007579 beh=6.249137 w=0.000 lr=7.180e-04 time=0.495s
[RQ-VAE] epoch=883 loss=0.00031552 recon=0.00007602 beh=6.250301 w=0.000 lr=7.176e-04 time=0.471s
[RQ-VAE] epoch=884 loss=0.00031651 recon=0.00007583 beh=6.243631 w=0.000 lr=7.173e-04 time=0.472s
[RQ-VAE] epoch=885 loss=0.00031541 recon=0.00007579 beh=6.249500 w=0.000 lr=7.169e-04 time=0.527s
[RQ-VAE] epoch=886 loss=0.00031431 recon=0.00007577 beh=6.243788 w=0.000 lr=7.166e-04 time=0.474s
[RQ-VAE] epoch=887 loss=0.00031560 recon=0.00007588 beh=6.247568 w=0.000 lr=7.163e-04 time=0.437s
[RQ-VAE] epoch=888 loss=0.00031641 recon=0.00007584 beh=6.248378 w=0.000 lr=7.159e-04 time=0.482s
[RQ-VAE] epoch=889 loss=0.00031436 recon=0.00007579 beh=6.247471 w=0.000 lr=7.156e-04 time=0.408s
[RQ-VAE] epoch=890 loss=0.00031422 recon=0.00007581 beh=6.244252 w=0.000 lr=7.153e-04 time=0.46s
[RQ-VAE] epoch=891 loss=0.00031440 recon=0.00007578 beh=6.248888 w=0.000 lr=7.149e-04 time=0.503s
[RQ-VAE] epoch=892 loss=0.00031620 recon=0.00007577 beh=6.246941 w=0.000 lr=7.146e-04 time=0.478s
[RQ-VAE] epoch=893 loss=0.00031456 recon=0.00007588 beh=6.247126 w=0.000 lr=7.142e-04 time=0.455s
[RQ-VAE] epoch=894 loss=0.00031411 recon=0.00007588 beh=6.247606 w=0.000 lr=7.139e-04 time=0.52s
[RQ-VAE] epoch=895 loss=0.00031543 recon=0.00007574 beh=6.249467 w=0.000 lr=7.136e-04 time=0.481s
[RQ-VAE] epoch=896 loss=0.00031401 recon=0.00007569 beh=6.249497 w=0.000 lr=7.132e-04 time=0.47s
[RQ-VAE] epoch=897 loss=0.00031336 recon=0.00007565 beh=6.247759 w=0.000 lr=7.129e-04 time=0.463s
[RQ-VAE] epoch=898 loss=0.00031306 recon=0.00007561 beh=6.251594 w=0.000 lr=7.125e-04 time=0.49s
[RQ-VAE] epoch=899 loss=0.00031389 recon=0.00007556 beh=6.248912 w=0.000 lr=7.122e-04 time=0.478s
[RQ-VAE] epoch=900 loss=0.00031318 recon=0.00007561 lr=7.119e-04 raw_unique=20302/24587 collision=0.174279 time=0.503s
[RQ-VAE] epoch=901 loss=0.00031278 recon=0.00007565 beh=6.245218 w=0.000 lr=7.115e-04 time=0.477s
[RQ-VAE] epoch=902 loss=0.00031232 recon=0.00007552 beh=6.249626 w=0.000 lr=7.112e-04 time=0.435s
[RQ-VAE] epoch=903 loss=0.00031433 recon=0.00007562 beh=6.244066 w=0.000 lr=7.108e-04 time=0.465s
[RQ-VAE] epoch=904 loss=0.00031490 recon=0.00007556 beh=6.249183 w=0.000 lr=7.105e-04 time=0.532s
[RQ-VAE] epoch=905 loss=0.00031367 recon=0.00007574 beh=6.246535 w=0.000 lr=7.102e-04 time=0.448s
[RQ-VAE] epoch=906 loss=0.00031572 recon=0.00007600 beh=6.246322 w=0.000 lr=7.098e-04 time=0.457s
[RQ-VAE] epoch=907 loss=0.00031489 recon=0.00007570 beh=6.250231 w=0.000 lr=7.095e-04 time=0.479s
[RQ-VAE] epoch=908 loss=0.00031507 recon=0.00007574 beh=6.244504 w=0.000 lr=7.092e-04 time=0.438s
[RQ-VAE] epoch=909 loss=0.00031384 recon=0.00007570 beh=6.249572 w=0.000 lr=7.088e-04 time=0.492s
[RQ-VAE] epoch=910 loss=0.00031393 recon=0.00007568 beh=6.250714 w=0.000 lr=7.085e-04 time=0.485s
[RQ-VAE] epoch=911 loss=0.00031530 recon=0.00007569 beh=6.246261 w=0.000 lr=7.081e-04 time=0.525s
[RQ-VAE] epoch=912 loss=0.00031519 recon=0.00007565 beh=6.248450 w=0.000 lr=7.078e-04 time=0.397s
[RQ-VAE] epoch=913 loss=0.00031376 recon=0.00007556 beh=6.244350 w=0.000 lr=7.075e-04 time=0.451s
[RQ-VAE] epoch=914 loss=0.00031498 recon=0.00007573 beh=6.244933 w=0.000 lr=7.071e-04 time=0.493s
[RQ-VAE] epoch=915 loss=0.00031611 recon=0.00007566 beh=6.252630 w=0.000 lr=7.068e-04 time=0.454s
[RQ-VAE] epoch=916 loss=0.00031536 recon=0.00007572 beh=6.247011 w=0.000 lr=7.064e-04 time=0.444s
[RQ-VAE] epoch=917 loss=0.00031576 recon=0.00007560 beh=6.252619 w=0.000 lr=7.061e-04 time=0.473s
[RQ-VAE] epoch=918 loss=0.00031500 recon=0.00007549 beh=6.243991 w=0.000 lr=7.058e-04 time=0.453s
[RQ-VAE] epoch=919 loss=0.00031477 recon=0.00007557 beh=6.251781 w=0.000 lr=7.054e-04 time=0.518s
[RQ-VAE] epoch=920 loss=0.00031442 recon=0.00007555 beh=6.248991 w=0.000 lr=7.051e-04 time=0.479s
[RQ-VAE] epoch=921 loss=0.00031317 recon=0.00007559 beh=6.246929 w=0.000 lr=7.047e-04 time=0.453s
[RQ-VAE] epoch=922 loss=0.00031636 recon=0.00007551 beh=6.249084 w=0.000 lr=7.044e-04 time=0.454s
[RQ-VAE] epoch=923 loss=0.00031615 recon=0.00007558 beh=6.243357 w=0.000 lr=7.041e-04 time=0.521s
[RQ-VAE] epoch=924 loss=0.00031640 recon=0.00007571 beh=6.249385 w=0.000 lr=7.037e-04 time=0.462s
[RQ-VAE] epoch=925 loss=0.00031572 recon=0.00007555 beh=6.247398 w=0.000 lr=7.034e-04 time=0.507s
[RQ-VAE] epoch=926 loss=0.00031639 recon=0.00007565 beh=6.249427 w=0.000 lr=7.031e-04 time=0.496s
[RQ-VAE] epoch=927 loss=0.00031765 recon=0.00007563 beh=6.250723 w=0.000 lr=7.027e-04 time=0.498s
[RQ-VAE] epoch=928 loss=0.00031681 recon=0.00007558 beh=6.249194 w=0.000 lr=7.024e-04 time=0.437s
[RQ-VAE] epoch=929 loss=0.00031757 recon=0.00007559 beh=6.248387 w=0.000 lr=7.020e-04 time=0.523s
[RQ-VAE] epoch=930 loss=0.00031592 recon=0.00007565 beh=6.254400 w=0.000 lr=7.017e-04 time=0.487s
[RQ-VAE] epoch=931 loss=0.00031886 recon=0.00007554 beh=6.248736 w=0.000 lr=7.014e-04 time=0.498s
[RQ-VAE] epoch=932 loss=0.00031720 recon=0.00007530 beh=6.252728 w=0.000 lr=7.010e-04 time=0.478s
[RQ-VAE] epoch=933 loss=0.00031642 recon=0.00007543 beh=6.249755 w=0.000 lr=7.007e-04 time=0.542s
[RQ-VAE] epoch=934 loss=0.00031560 recon=0.00007537 beh=6.245925 w=0.000 lr=7.003e-04 time=0.503s
[RQ-VAE] epoch=935 loss=0.00031826 recon=0.00007562 beh=6.246800 w=0.000 lr=7.000e-04 time=0.445s
[RQ-VAE] epoch=936 loss=0.00031988 recon=0.00007535 beh=6.251829 w=0.000 lr=6.997e-04 time=0.487s
[RQ-VAE] epoch=937 loss=0.00031845 recon=0.00007543 beh=6.246111 w=0.000 lr=6.993e-04 time=0.493s
[RQ-VAE] epoch=938 loss=0.00031683 recon=0.00007537 beh=6.249323 w=0.000 lr=6.990e-04 time=0.48s
[RQ-VAE] epoch=939 loss=0.00031692 recon=0.00007551 beh=6.247283 w=0.000 lr=6.986e-04 time=0.495s
[RQ-VAE] epoch=940 loss=0.00031678 recon=0.00007542 beh=6.247136 w=0.000 lr=6.983e-04 time=0.481s
[RQ-VAE] epoch=941 loss=0.00031430 recon=0.00007542 beh=6.249606 w=0.000 lr=6.980e-04 time=0.46s
[RQ-VAE] epoch=942 loss=0.00031489 recon=0.00007527 beh=6.245677 w=0.000 lr=6.976e-04 time=0.458s
[RQ-VAE] epoch=943 loss=0.00031532 recon=0.00007545 beh=6.250771 w=0.000 lr=6.973e-04 time=0.495s
[RQ-VAE] epoch=944 loss=0.00031584 recon=0.00007547 beh=6.250940 w=0.000 lr=6.969e-04 time=0.427s
[RQ-VAE] epoch=945 loss=0.00031558 recon=0.00007547 beh=6.251742 w=0.000 lr=6.966e-04 time=0.413s
[RQ-VAE] epoch=946 loss=0.00031564 recon=0.00007529 beh=6.246994 w=0.000 lr=6.963e-04 time=0.496s
[RQ-VAE] epoch=947 loss=0.00031673 recon=0.00007547 beh=6.247740 w=0.000 lr=6.959e-04 time=0.526s
[RQ-VAE] epoch=948 loss=0.00031735 recon=0.00007539 beh=6.244786 w=0.000 lr=6.956e-04 time=0.442s
[RQ-VAE] epoch=949 loss=0.00031575 recon=0.00007537 beh=6.244251 w=0.000 lr=6.953e-04 time=0.522s
[RQ-VAE] epoch=950 loss=0.00031485 recon=0.00007527 lr=6.949e-04 raw_unique=20545/24587 collision=0.164396 time=0.499s
[RQ-VAE] epoch=951 loss=0.00031595 recon=0.00007516 beh=6.249744 w=0.000 lr=6.946e-04 time=0.428s
[RQ-VAE] epoch=952 loss=0.00031423 recon=0.00007528 beh=6.247708 w=0.000 lr=6.942e-04 time=0.534s
[RQ-VAE] epoch=953 loss=0.00031605 recon=0.00007520 beh=6.249180 w=0.000 lr=6.939e-04 time=0.474s
[RQ-VAE] epoch=954 loss=0.00031548 recon=0.00007526 beh=6.249413 w=0.000 lr=6.936e-04 time=0.467s
[RQ-VAE] epoch=955 loss=0.00031395 recon=0.00007501 beh=6.250984 w=0.000 lr=6.932e-04 time=0.504s
[RQ-VAE] epoch=956 loss=0.00031326 recon=0.00007500 beh=6.245803 w=0.000 lr=6.929e-04 time=0.411s
[RQ-VAE] epoch=957 loss=0.00031454 recon=0.00007507 beh=6.250588 w=0.000 lr=6.925e-04 time=0.455s
[RQ-VAE] epoch=958 loss=0.00031447 recon=0.00007525 beh=6.245379 w=0.000 lr=6.922e-04 time=0.434s
[RQ-VAE] epoch=959 loss=0.00031611 recon=0.00007513 beh=6.249073 w=0.000 lr=6.919e-04 time=0.454s
[RQ-VAE] epoch=960 loss=0.00031564 recon=0.00007496 beh=6.246515 w=0.000 lr=6.915e-04 time=0.487s
[RQ-VAE] epoch=961 loss=0.00031568 recon=0.00007501 beh=6.248273 w=0.000 lr=6.912e-04 time=0.438s
[RQ-VAE] epoch=962 loss=0.00031340 recon=0.00007503 beh=6.244005 w=0.000 lr=6.908e-04 time=0.571s
[RQ-VAE] epoch=963 loss=0.00031482 recon=0.00007496 beh=6.247528 w=0.000 lr=6.905e-04 time=0.478s
[RQ-VAE] epoch=964 loss=0.00031573 recon=0.00007508 beh=6.249649 w=0.000 lr=6.902e-04 time=0.487s
[RQ-VAE] epoch=965 loss=0.00031569 recon=0.00007503 beh=6.248212 w=0.000 lr=6.898e-04 time=0.451s
[RQ-VAE] epoch=966 loss=0.00031492 recon=0.00007494 beh=6.249780 w=0.000 lr=6.895e-04 time=0.534s
[RQ-VAE] epoch=967 loss=0.00031548 recon=0.00007495 beh=6.243458 w=0.000 lr=6.892e-04 time=0.453s
[RQ-VAE] epoch=968 loss=0.00031418 recon=0.00007495 beh=6.249584 w=0.000 lr=6.888e-04 time=0.45s
[RQ-VAE] epoch=969 loss=0.00031368 recon=0.00007515 beh=6.250271 w=0.000 lr=6.885e-04 time=0.461s
[RQ-VAE] epoch=970 loss=0.00031454 recon=0.00007502 beh=6.248262 w=0.000 lr=6.881e-04 time=0.463s
[RQ-VAE] epoch=971 loss=0.00031543 recon=0.00007496 beh=6.246000 w=0.000 lr=6.878e-04 time=0.444s
[RQ-VAE] epoch=972 loss=0.00031504 recon=0.00007503 beh=6.248246 w=0.000 lr=6.875e-04 time=0.49s
[RQ-VAE] epoch=973 loss=0.00031518 recon=0.00007499 beh=6.247872 w=0.000 lr=6.871e-04 time=0.508s
[RQ-VAE] epoch=974 loss=0.00031527 recon=0.00007498 beh=6.246928 w=0.000 lr=6.868e-04 time=0.434s
[RQ-VAE] epoch=975 loss=0.00031604 recon=0.00007509 beh=6.247019 w=0.000 lr=6.864e-04 time=0.504s
[RQ-VAE] epoch=976 loss=0.00031530 recon=0.00007501 beh=6.246388 w=0.000 lr=6.861e-04 time=0.315s
[RQ-VAE] epoch=977 loss=0.00031581 recon=0.00007492 beh=6.252144 w=0.000 lr=6.858e-04 time=0.457s
[RQ-VAE] epoch=978 loss=0.00031572 recon=0.00007488 beh=6.248756 w=0.000 lr=6.854e-04 time=0.534s
[RQ-VAE] epoch=979 loss=0.00031520 recon=0.00007498 beh=6.247310 w=0.000 lr=6.851e-04 time=0.518s
[RQ-VAE] epoch=980 loss=0.00031770 recon=0.00007507 beh=6.246572 w=0.000 lr=6.847e-04 time=0.503s
[RQ-VAE] epoch=981 loss=0.00031668 recon=0.00007511 beh=6.251169 w=0.000 lr=6.844e-04 time=0.593s
[RQ-VAE] epoch=982 loss=0.00031762 recon=0.00007504 beh=6.250040 w=0.000 lr=6.841e-04 time=0.465s
[RQ-VAE] epoch=983 loss=0.00031579 recon=0.00007511 beh=6.244475 w=0.000 lr=6.837e-04 time=0.488s
[RQ-VAE] epoch=984 loss=0.00031730 recon=0.00007507 beh=6.246564 w=0.000 lr=6.834e-04 time=0.494s
[RQ-VAE] epoch=985 loss=0.00031757 recon=0.00007495 beh=6.249719 w=0.000 lr=6.831e-04 time=0.474s
[RQ-VAE] epoch=986 loss=0.00031578 recon=0.00007485 beh=6.248630 w=0.000 lr=6.827e-04 time=0.531s
[RQ-VAE] epoch=987 loss=0.00031691 recon=0.00007506 beh=6.247104 w=0.000 lr=6.824e-04 time=0.453s
[RQ-VAE] epoch=988 loss=0.00031673 recon=0.00007496 beh=6.245445 w=0.000 lr=6.820e-04 time=0.495s
[RQ-VAE] epoch=989 loss=0.00031714 recon=0.00007508 beh=6.245602 w=0.000 lr=6.817e-04 time=0.477s
[RQ-VAE] epoch=990 loss=0.00031740 recon=0.00007500 beh=6.250239 w=0.000 lr=6.814e-04 time=0.483s
[RQ-VAE] epoch=991 loss=0.00031635 recon=0.00007489 beh=6.248753 w=0.000 lr=6.810e-04 time=0.479s
[RQ-VAE] epoch=992 loss=0.00031677 recon=0.00007473 beh=6.246872 w=0.000 lr=6.807e-04 time=0.487s
[RQ-VAE] epoch=993 loss=0.00031594 recon=0.00007481 beh=6.250063 w=0.000 lr=6.803e-04 time=0.453s
[RQ-VAE] epoch=994 loss=0.00031631 recon=0.00007487 beh=6.247272 w=0.000 lr=6.800e-04 time=0.501s
[RQ-VAE] epoch=995 loss=0.00031875 recon=0.00007496 beh=6.249484 w=0.000 lr=6.797e-04 time=0.505s
[RQ-VAE] epoch=996 loss=0.00031920 recon=0.00007503 beh=6.247723 w=0.000 lr=6.793e-04 time=0.638s
[RQ-VAE] epoch=997 loss=0.00031787 recon=0.00007477 beh=6.247376 w=0.000 lr=6.790e-04 time=0.557s
[RQ-VAE] epoch=998 loss=0.00031908 recon=0.00007480 beh=6.252214 w=0.000 lr=6.786e-04 time=0.475s
[RQ-VAE] epoch=999 loss=0.00031828 recon=0.00007482 beh=6.248316 w=0.000 lr=6.783e-04 time=0.482s
[RQ-VAE] epoch=1000 loss=0.00031796 recon=0.00007485 lr=6.780e-04 raw_unique=20490/24587 collision=0.166633 time=0.48s
[RQ-VAE] epoch=1001 loss=0.00031786 recon=0.00007486 beh=6.245747 w=0.000 lr=6.776e-04 time=0.472s
[RQ-VAE] epoch=1002 loss=0.00031998 recon=0.00007482 beh=6.247880 w=0.000 lr=6.773e-04 time=0.486s
[RQ-VAE] epoch=1003 loss=0.00031954 recon=0.00007476 beh=6.250252 w=0.000 lr=6.769e-04 time=0.466s
[RQ-VAE] epoch=1004 loss=0.00031809 recon=0.00007482 beh=6.248966 w=0.000 lr=6.766e-04 time=0.487s
[RQ-VAE] epoch=1005 loss=0.00031770 recon=0.00007470 beh=6.248092 w=0.000 lr=6.763e-04 time=0.521s
[RQ-VAE] epoch=1006 loss=0.00031847 recon=0.00007469 beh=6.245434 w=0.000 lr=6.759e-04 time=0.528s
[RQ-VAE] epoch=1007 loss=0.00031717 recon=0.00007479 beh=6.248737 w=0.000 lr=6.756e-04 time=0.477s
[RQ-VAE] epoch=1008 loss=0.00031724 recon=0.00007468 beh=6.247704 w=0.000 lr=6.753e-04 time=0.37s
[RQ-VAE] epoch=1009 loss=0.00031740 recon=0.00007463 beh=6.249954 w=0.000 lr=6.749e-04 time=0.468s
[RQ-VAE] epoch=1010 loss=0.00031985 recon=0.00007445 beh=6.246768 w=0.000 lr=6.746e-04 time=0.476s
[RQ-VAE] epoch=1011 loss=0.00031777 recon=0.00007462 beh=6.245402 w=0.000 lr=6.742e-04 time=0.522s
[RQ-VAE] epoch=1012 loss=0.00031778 recon=0.00007455 beh=6.246877 w=0.000 lr=6.739e-04 time=0.462s
[RQ-VAE] epoch=1013 loss=0.00031827 recon=0.00007463 beh=6.246670 w=0.000 lr=6.736e-04 time=0.489s
[RQ-VAE] epoch=1014 loss=0.00031841 recon=0.00007451 beh=6.245615 w=0.000 lr=6.732e-04 time=0.504s
[RQ-VAE] epoch=1015 loss=0.00031753 recon=0.00007451 beh=6.249399 w=0.000 lr=6.729e-04 time=0.498s
[RQ-VAE] epoch=1016 loss=0.00031623 recon=0.00007463 beh=6.243650 w=0.000 lr=6.725e-04 time=0.457s
[RQ-VAE] epoch=1017 loss=0.00031748 recon=0.00007456 beh=6.243462 w=0.000 lr=6.722e-04 time=0.475s
[RQ-VAE] epoch=1018 loss=0.00031992 recon=0.00007452 beh=6.248247 w=0.000 lr=6.719e-04 time=0.489s
[RQ-VAE] epoch=1019 loss=0.00032033 recon=0.00007456 beh=6.246167 w=0.000 lr=6.715e-04 time=0.471s
[RQ-VAE] epoch=1020 loss=0.00031805 recon=0.00007465 beh=6.248891 w=0.000 lr=6.712e-04 time=0.447s
[RQ-VAE] epoch=1021 loss=0.00031692 recon=0.00007454 beh=6.251278 w=0.000 lr=6.708e-04 time=0.425s
[RQ-VAE] epoch=1022 loss=0.00031898 recon=0.00007458 beh=6.250246 w=0.000 lr=6.705e-04 time=0.466s
[RQ-VAE] epoch=1023 loss=0.00031950 recon=0.00007471 beh=6.249695 w=0.000 lr=6.702e-04 time=0.469s
[RQ-VAE] epoch=1024 loss=0.00031767 recon=0.00007470 beh=6.246794 w=0.000 lr=6.698e-04 time=0.504s
[RQ-VAE] epoch=1025 loss=0.00031754 recon=0.00007448 beh=6.246004 w=0.000 lr=6.695e-04 time=0.464s
[RQ-VAE] epoch=1026 loss=0.00031916 recon=0.00007455 beh=6.245091 w=0.000 lr=6.692e-04 time=0.518s
[RQ-VAE] epoch=1027 loss=0.00031979 recon=0.00007457 beh=6.245878 w=0.000 lr=6.688e-04 time=0.512s
[RQ-VAE] epoch=1028 loss=0.00031731 recon=0.00007460 beh=6.252897 w=0.000 lr=6.685e-04 time=0.507s
[RQ-VAE] epoch=1029 loss=0.00031708 recon=0.00007454 beh=6.250445 w=0.000 lr=6.681e-04 time=0.477s
[RQ-VAE] epoch=1030 loss=0.00031955 recon=0.00007437 beh=6.247864 w=0.000 lr=6.678e-04 time=0.506s
[RQ-VAE] epoch=1031 loss=0.00031969 recon=0.00007441 beh=6.249197 w=0.000 lr=6.675e-04 time=0.427s
[RQ-VAE] epoch=1032 loss=0.00031855 recon=0.00007442 beh=6.249240 w=0.000 lr=6.671e-04 time=0.429s
[RQ-VAE] epoch=1033 loss=0.00031772 recon=0.00007452 beh=6.246530 w=0.000 lr=6.668e-04 time=0.491s
[RQ-VAE] epoch=1034 loss=0.00031809 recon=0.00007452 beh=6.248805 w=0.000 lr=6.664e-04 time=0.427s
[RQ-VAE] epoch=1035 loss=0.00031899 recon=0.00007459 beh=6.243873 w=0.000 lr=6.661e-04 time=0.451s
[RQ-VAE] epoch=1036 loss=0.00031775 recon=0.00007443 beh=6.246686 w=0.000 lr=6.658e-04 time=0.475s
[RQ-VAE] epoch=1037 loss=0.00031821 recon=0.00007434 beh=6.251500 w=0.000 lr=6.654e-04 time=0.505s
[RQ-VAE] epoch=1038 loss=0.00031767 recon=0.00007444 beh=6.247300 w=0.000 lr=6.651e-04 time=0.503s
[RQ-VAE] epoch=1039 loss=0.00031840 recon=0.00007444 beh=6.248158 w=0.000 lr=6.647e-04 time=0.446s
[RQ-VAE] epoch=1040 loss=0.00032033 recon=0.00007451 beh=6.246505 w=0.000 lr=6.644e-04 time=0.397s
[RQ-VAE] epoch=1041 loss=0.00031886 recon=0.00007443 beh=6.248535 w=0.000 lr=6.641e-04 time=0.479s
[RQ-VAE] epoch=1042 loss=0.00031955 recon=0.00007447 beh=6.250331 w=0.000 lr=6.637e-04 time=0.475s
[RQ-VAE] epoch=1043 loss=0.00032019 recon=0.00007444 beh=6.245573 w=0.000 lr=6.634e-04 time=0.495s
[RQ-VAE] epoch=1044 loss=0.00031990 recon=0.00007487 beh=6.249341 w=0.000 lr=6.631e-04 time=0.493s
[RQ-VAE] epoch=1045 loss=0.00031961 recon=0.00007444 beh=6.248013 w=0.000 lr=6.627e-04 time=0.448s
[RQ-VAE] epoch=1046 loss=0.00032034 recon=0.00007441 beh=6.249853 w=0.000 lr=6.624e-04 time=0.484s
[RQ-VAE] epoch=1047 loss=0.00032135 recon=0.00007452 beh=6.245202 w=0.000 lr=6.620e-04 time=0.48s
[RQ-VAE] epoch=1048 loss=0.00031995 recon=0.00007457 beh=6.248106 w=0.000 lr=6.617e-04 time=0.494s
[RQ-VAE] epoch=1049 loss=0.00031928 recon=0.00007452 beh=6.249182 w=0.000 lr=6.614e-04 time=0.479s
[RQ-VAE] epoch=1050 loss=0.00032022 recon=0.00007452 lr=6.610e-04 raw_unique=20462/24587 collision=0.167772 time=0.532s
[RQ-VAE] epoch=1051 loss=0.00032283 recon=0.00007456 beh=6.245720 w=0.000 lr=6.607e-04 time=0.45s
[RQ-VAE] epoch=1052 loss=0.00032170 recon=0.00007466 beh=6.250914 w=0.000 lr=6.603e-04 time=0.47s
[RQ-VAE] epoch=1053 loss=0.00032342 recon=0.00007443 beh=6.246618 w=0.000 lr=6.600e-04 time=0.593s
[RQ-VAE] epoch=1054 loss=0.00032055 recon=0.00007444 beh=6.246922 w=0.000 lr=6.597e-04 time=0.478s
[RQ-VAE] epoch=1055 loss=0.00031991 recon=0.00007459 beh=6.245491 w=0.000 lr=6.593e-04 time=0.46s
[RQ-VAE] epoch=1056 loss=0.00032112 recon=0.00007447 beh=6.247093 w=0.000 lr=6.590e-04 time=0.443s
[RQ-VAE] epoch=1057 loss=0.00032148 recon=0.00007449 beh=6.245111 w=0.000 lr=6.586e-04 time=0.507s
[RQ-VAE] epoch=1058 loss=0.00032302 recon=0.00007439 beh=6.249931 w=0.000 lr=6.583e-04 time=0.456s
[RQ-VAE] epoch=1059 loss=0.00032087 recon=0.00007446 beh=6.247446 w=0.000 lr=6.580e-04 time=0.441s
[RQ-VAE] epoch=1060 loss=0.00032098 recon=0.00007440 beh=6.247478 w=0.000 lr=6.576e-04 time=0.418s
[RQ-VAE] epoch=1061 loss=0.00032158 recon=0.00007445 beh=6.248355 w=0.000 lr=6.573e-04 time=0.48s
[RQ-VAE] epoch=1062 loss=0.00032209 recon=0.00007432 beh=6.248229 w=0.000 lr=6.569e-04 time=0.454s
[RQ-VAE] epoch=1063 loss=0.00032156 recon=0.00007436 beh=6.249383 w=0.000 lr=6.566e-04 time=0.483s
[RQ-VAE] epoch=1064 loss=0.00031984 recon=0.00007423 beh=6.248211 w=0.000 lr=6.563e-04 time=0.493s
[RQ-VAE] epoch=1065 loss=0.00032084 recon=0.00007442 beh=6.249354 w=0.000 lr=6.559e-04 time=0.458s
[RQ-VAE] epoch=1066 loss=0.00032092 recon=0.00007429 beh=6.246803 w=0.000 lr=6.556e-04 time=0.467s
[RQ-VAE] epoch=1067 loss=0.00032140 recon=0.00007463 beh=6.247140 w=0.000 lr=6.553e-04 time=0.41s
[RQ-VAE] epoch=1068 loss=0.00032239 recon=0.00007429 beh=6.250454 w=0.000 lr=6.549e-04 time=0.532s
[RQ-VAE] epoch=1069 loss=0.00032113 recon=0.00007438 beh=6.248541 w=0.000 lr=6.546e-04 time=0.429s
[RQ-VAE] epoch=1070 loss=0.00032010 recon=0.00007427 beh=6.249500 w=0.000 lr=6.542e-04 time=0.458s
[RQ-VAE] epoch=1071 loss=0.00032024 recon=0.00007419 beh=6.249275 w=0.000 lr=6.539e-04 time=0.474s
[RQ-VAE] epoch=1072 loss=0.00032132 recon=0.00007415 beh=6.246280 w=0.000 lr=6.536e-04 time=0.435s
[RQ-VAE] epoch=1073 loss=0.00032139 recon=0.00007436 beh=6.247579 w=0.000 lr=6.532e-04 time=0.5s
[RQ-VAE] epoch=1074 loss=0.00032148 recon=0.00007441 beh=6.244641 w=0.000 lr=6.529e-04 time=0.445s
[RQ-VAE] epoch=1075 loss=0.00032156 recon=0.00007445 beh=6.248165 w=0.000 lr=6.525e-04 time=0.428s
[RQ-VAE] epoch=1076 loss=0.00032225 recon=0.00007439 beh=6.248423 w=0.000 lr=6.522e-04 time=0.484s
[RQ-VAE] epoch=1077 loss=0.00032203 recon=0.00007436 beh=6.247368 w=0.000 lr=6.519e-04 time=0.525s
[RQ-VAE] epoch=1078 loss=0.00032134 recon=0.00007422 beh=6.243300 w=0.000 lr=6.515e-04 time=0.507s
[RQ-VAE] epoch=1079 loss=0.00031990 recon=0.00007427 beh=6.248770 w=0.000 lr=6.512e-04 time=0.483s
[RQ-VAE] epoch=1080 loss=0.00032164 recon=0.00007432 beh=6.248117 w=0.000 lr=6.508e-04 time=0.488s
[RQ-VAE] epoch=1081 loss=0.00032177 recon=0.00007432 beh=6.249058 w=0.000 lr=6.505e-04 time=0.429s
[RQ-VAE] epoch=1082 loss=0.00032158 recon=0.00007436 beh=6.249865 w=0.000 lr=6.502e-04 time=0.586s
[RQ-VAE] epoch=1083 loss=0.00032078 recon=0.00007433 beh=6.249417 w=0.000 lr=6.498e-04 time=0.467s
[RQ-VAE] epoch=1084 loss=0.00032143 recon=0.00007428 beh=6.248246 w=0.000 lr=6.495e-04 time=0.403s
[RQ-VAE] epoch=1085 loss=0.00032262 recon=0.00007416 beh=6.248030 w=0.000 lr=6.492e-04 time=0.462s
[RQ-VAE] epoch=1086 loss=0.00032202 recon=0.00007416 beh=6.248132 w=0.000 lr=6.488e-04 time=0.441s
[RQ-VAE] epoch=1087 loss=0.00031903 recon=0.00007417 beh=6.249315 w=0.000 lr=6.485e-04 time=0.484s
[RQ-VAE] epoch=1088 loss=0.00031915 recon=0.00007421 beh=6.241532 w=0.000 lr=6.481e-04 time=0.497s
[RQ-VAE] epoch=1089 loss=0.00031849 recon=0.00007393 beh=6.248558 w=0.000 lr=6.478e-04 time=0.453s
[RQ-VAE] epoch=1090 loss=0.00031803 recon=0.00007383 beh=6.249422 w=0.000 lr=6.475e-04 time=0.463s
[RQ-VAE] epoch=1091 loss=0.00031793 recon=0.00007407 beh=6.243398 w=0.000 lr=6.471e-04 time=0.51s
[RQ-VAE] epoch=1092 loss=0.00031753 recon=0.00007410 beh=6.246859 w=0.000 lr=6.468e-04 time=0.485s
[RQ-VAE] epoch=1093 loss=0.00031656 recon=0.00007386 beh=6.246120 w=0.000 lr=6.464e-04 time=0.477s
[RQ-VAE] epoch=1094 loss=0.00031755 recon=0.00007404 beh=6.248466 w=0.000 lr=6.461e-04 time=0.538s
[RQ-VAE] epoch=1095 loss=0.00031806 recon=0.00007385 beh=6.244572 w=0.000 lr=6.458e-04 time=0.516s
[RQ-VAE] epoch=1096 loss=0.00031983 recon=0.00007411 beh=6.245791 w=0.000 lr=6.454e-04 time=0.417s
[RQ-VAE] epoch=1097 loss=0.00031740 recon=0.00007403 beh=6.248592 w=0.000 lr=6.451e-04 time=0.487s
[RQ-VAE] epoch=1098 loss=0.00031814 recon=0.00007392 beh=6.245987 w=0.000 lr=6.447e-04 time=0.49s
[RQ-VAE] epoch=1099 loss=0.00032007 recon=0.00007386 beh=6.247201 w=0.000 lr=6.444e-04 time=0.459s
[RQ-VAE] epoch=1100 loss=0.00032050 recon=0.00007401 lr=6.441e-04 raw_unique=20253/24587 collision=0.176272 time=0.482s
[RQ-VAE] epoch=1101 loss=0.00031771 recon=0.00007399 beh=6.245996 w=0.000 lr=6.437e-04 time=0.565s
[RQ-VAE] epoch=1102 loss=0.00031620 recon=0.00007405 beh=6.245069 w=0.000 lr=6.434e-04 time=0.336s
[RQ-VAE] epoch=1103 loss=0.00031857 recon=0.00007406 beh=6.247530 w=0.000 lr=6.431e-04 time=0.455s
[RQ-VAE] epoch=1104 loss=0.00031895 recon=0.00007384 beh=6.247665 w=0.000 lr=6.427e-04 time=0.49s
[RQ-VAE] epoch=1105 loss=0.00031935 recon=0.00007397 beh=6.245886 w=0.000 lr=6.424e-04 time=0.459s
[RQ-VAE] epoch=1106 loss=0.00031929 recon=0.00007400 beh=6.249433 w=0.000 lr=6.420e-04 time=0.482s
[RQ-VAE] epoch=1107 loss=0.00031984 recon=0.00007411 beh=6.249665 w=0.000 lr=6.417e-04 time=0.44s
[RQ-VAE] epoch=1108 loss=0.00031922 recon=0.00007402 beh=6.250011 w=0.000 lr=6.414e-04 time=0.456s
[RQ-VAE] epoch=1109 loss=0.00031718 recon=0.00007373 beh=6.249337 w=0.000 lr=6.410e-04 time=0.451s
[RQ-VAE] epoch=1110 loss=0.00031825 recon=0.00007397 beh=6.247302 w=0.000 lr=6.407e-04 time=0.432s
[RQ-VAE] epoch=1111 loss=0.00031941 recon=0.00007379 beh=6.249800 w=0.000 lr=6.403e-04 time=0.475s
[RQ-VAE] epoch=1112 loss=0.00031910 recon=0.00007389 beh=6.250231 w=0.000 lr=6.400e-04 time=0.464s
[RQ-VAE] epoch=1113 loss=0.00032129 recon=0.00007416 beh=6.250710 w=0.000 lr=6.397e-04 time=0.486s
[RQ-VAE] epoch=1114 loss=0.00032070 recon=0.00007386 beh=6.246258 w=0.000 lr=6.393e-04 time=0.452s
[RQ-VAE] epoch=1115 loss=0.00032035 recon=0.00007388 beh=6.248471 w=0.000 lr=6.390e-04 time=0.411s
[RQ-VAE] epoch=1116 loss=0.00032014 recon=0.00007373 beh=6.246874 w=0.000 lr=6.386e-04 time=0.465s
[RQ-VAE] epoch=1117 loss=0.00031910 recon=0.00007378 beh=6.249960 w=0.000 lr=6.383e-04 time=0.608s
[RQ-VAE] epoch=1118 loss=0.00032072 recon=0.00007394 beh=6.249111 w=0.000 lr=6.380e-04 time=0.471s
[RQ-VAE] epoch=1119 loss=0.00032122 recon=0.00007376 beh=6.251521 w=0.000 lr=6.376e-04 time=0.497s
[RQ-VAE] epoch=1120 loss=0.00032113 recon=0.00007375 beh=6.248948 w=0.000 lr=6.373e-04 time=0.429s
[RQ-VAE] epoch=1121 loss=0.00032064 recon=0.00007414 beh=6.248238 w=0.000 lr=6.369e-04 time=0.436s
[RQ-VAE] epoch=1122 loss=0.00032139 recon=0.00007389 beh=6.247090 w=0.000 lr=6.366e-04 time=0.473s
[RQ-VAE] epoch=1123 loss=0.00032165 recon=0.00007391 beh=6.248639 w=0.000 lr=6.363e-04 time=0.5s
[RQ-VAE] epoch=1124 loss=0.00032131 recon=0.00007388 beh=6.247304 w=0.000 lr=6.359e-04 time=0.46s
[RQ-VAE] epoch=1125 loss=0.00031916 recon=0.00007375 beh=6.246802 w=0.000 lr=6.356e-04 time=0.468s
[RQ-VAE] epoch=1126 loss=0.00032010 recon=0.00007374 beh=6.249810 w=0.000 lr=6.353e-04 time=0.499s
[RQ-VAE] epoch=1127 loss=0.00031993 recon=0.00007380 beh=6.243632 w=0.000 lr=6.349e-04 time=0.465s
[RQ-VAE] epoch=1128 loss=0.00032131 recon=0.00007372 beh=6.247976 w=0.000 lr=6.346e-04 time=0.435s
[RQ-VAE] epoch=1129 loss=0.00032064 recon=0.00007368 beh=6.248723 w=0.000 lr=6.342e-04 time=0.513s
[RQ-VAE] epoch=1130 loss=0.00032058 recon=0.00007376 beh=6.247273 w=0.000 lr=6.339e-04 time=0.459s
[RQ-VAE] epoch=1131 loss=0.00032077 recon=0.00007362 beh=6.250146 w=0.000 lr=6.336e-04 time=0.47s
[RQ-VAE] epoch=1132 loss=0.00031821 recon=0.00007375 beh=6.247403 w=0.000 lr=6.332e-04 time=0.421s
[RQ-VAE] epoch=1133 loss=0.00031856 recon=0.00007363 beh=6.248215 w=0.000 lr=6.329e-04 time=0.339s
[RQ-VAE] epoch=1134 loss=0.00031939 recon=0.00007361 beh=6.246421 w=0.000 lr=6.325e-04 time=0.373s
[RQ-VAE] epoch=1135 loss=0.00031986 recon=0.00007374 beh=6.246543 w=0.000 lr=6.322e-04 time=0.47s
[RQ-VAE] epoch=1136 loss=0.00032002 recon=0.00007365 beh=6.244082 w=0.000 lr=6.319e-04 time=0.44s
[RQ-VAE] epoch=1137 loss=0.00032000 recon=0.00007391 beh=6.247671 w=0.000 lr=6.315e-04 time=0.441s
[RQ-VAE] epoch=1138 loss=0.00031896 recon=0.00007368 beh=6.242951 w=0.000 lr=6.312e-04 time=0.476s
[RQ-VAE] epoch=1139 loss=0.00031996 recon=0.00007371 beh=6.251531 w=0.000 lr=6.308e-04 time=0.527s
[RQ-VAE] epoch=1140 loss=0.00032054 recon=0.00007373 beh=6.246468 w=0.000 lr=6.305e-04 time=0.43s
[RQ-VAE] epoch=1141 loss=0.00031893 recon=0.00007379 beh=6.248741 w=0.000 lr=6.302e-04 time=0.505s
[RQ-VAE] epoch=1142 loss=0.00032046 recon=0.00007373 beh=6.249226 w=0.000 lr=6.298e-04 time=0.433s
[RQ-VAE] epoch=1143 loss=0.00032191 recon=0.00007376 beh=6.251287 w=0.000 lr=6.295e-04 time=0.465s
[RQ-VAE] epoch=1144 loss=0.00032056 recon=0.00007373 beh=6.246081 w=0.000 lr=6.292e-04 time=0.424s
[RQ-VAE] epoch=1145 loss=0.00032025 recon=0.00007369 beh=6.245205 w=0.000 lr=6.288e-04 time=0.426s
[RQ-VAE] epoch=1146 loss=0.00031744 recon=0.00007388 beh=6.250609 w=0.000 lr=6.285e-04 time=0.489s
[RQ-VAE] epoch=1147 loss=0.00031776 recon=0.00007350 beh=6.248700 w=0.000 lr=6.281e-04 time=0.463s
[RQ-VAE] epoch=1148 loss=0.00031865 recon=0.00007345 beh=6.250299 w=0.000 lr=6.278e-04 time=0.419s
[RQ-VAE] epoch=1149 loss=0.00031877 recon=0.00007328 beh=6.243257 w=0.000 lr=6.275e-04 time=0.443s
[RQ-VAE] epoch=1150 loss=0.00031810 recon=0.00007354 lr=6.271e-04 raw_unique=20339/24587 collision=0.172774 time=0.469s
[RQ-VAE] epoch=1151 loss=0.00031822 recon=0.00007361 beh=6.247534 w=0.000 lr=6.268e-04 time=0.486s
[RQ-VAE] epoch=1152 loss=0.00031846 recon=0.00007360 beh=6.246792 w=0.000 lr=6.264e-04 time=0.481s
[RQ-VAE] epoch=1153 loss=0.00031939 recon=0.00007335 beh=6.247173 w=0.000 lr=6.261e-04 time=0.462s
[RQ-VAE] epoch=1154 loss=0.00031886 recon=0.00007344 beh=6.244781 w=0.000 lr=6.258e-04 time=0.5s
[RQ-VAE] epoch=1155 loss=0.00031777 recon=0.00007339 beh=6.246507 w=0.000 lr=6.254e-04 time=0.469s
[RQ-VAE] epoch=1156 loss=0.00031934 recon=0.00007335 beh=6.249134 w=0.000 lr=6.251e-04 time=0.423s
[RQ-VAE] epoch=1157 loss=0.00031988 recon=0.00007339 beh=6.248357 w=0.000 lr=6.247e-04 time=0.497s
[RQ-VAE] epoch=1158 loss=0.00031903 recon=0.00007337 beh=6.249027 w=0.000 lr=6.244e-04 time=0.477s
[RQ-VAE] epoch=1159 loss=0.00032014 recon=0.00007334 beh=6.248611 w=0.000 lr=6.241e-04 time=0.436s
[RQ-VAE] epoch=1160 loss=0.00032040 recon=0.00007340 beh=6.246132 w=0.000 lr=6.237e-04 time=0.504s
[RQ-VAE] epoch=1161 loss=0.00031851 recon=0.00007349 beh=6.247467 w=0.000 lr=6.234e-04 time=0.463s
[RQ-VAE] epoch=1162 loss=0.00031980 recon=0.00007333 beh=6.245821 w=0.000 lr=6.231e-04 time=0.491s
[RQ-VAE] epoch=1163 loss=0.00031902 recon=0.00007346 beh=6.247466 w=0.000 lr=6.227e-04 time=0.475s
[RQ-VAE] epoch=1164 loss=0.00031883 recon=0.00007334 beh=6.248716 w=0.000 lr=6.224e-04 time=0.306s
[RQ-VAE] epoch=1165 loss=0.00032026 recon=0.00007335 beh=6.250438 w=0.000 lr=6.220e-04 time=0.402s
[RQ-VAE] epoch=1166 loss=0.00031835 recon=0.00007314 beh=6.247161 w=0.000 lr=6.217e-04 time=0.509s
[RQ-VAE] epoch=1167 loss=0.00031824 recon=0.00007341 beh=6.249257 w=0.000 lr=6.214e-04 time=0.497s
[RQ-VAE] epoch=1168 loss=0.00032082 recon=0.00007340 beh=6.248001 w=0.000 lr=6.210e-04 time=0.473s
[RQ-VAE] epoch=1169 loss=0.00032142 recon=0.00007334 beh=6.245330 w=0.000 lr=6.207e-04 time=0.48s
[RQ-VAE] epoch=1170 loss=0.00031987 recon=0.00007321 beh=6.250925 w=0.000 lr=6.203e-04 time=0.448s
[RQ-VAE] epoch=1171 loss=0.00031944 recon=0.00007334 beh=6.245958 w=0.000 lr=6.200e-04 time=0.462s
[RQ-VAE] epoch=1172 loss=0.00031997 recon=0.00007326 beh=6.249782 w=0.000 lr=6.197e-04 time=0.489s
[RQ-VAE] epoch=1173 loss=0.00031865 recon=0.00007326 beh=6.249786 w=0.000 lr=6.193e-04 time=0.749s
[RQ-VAE] epoch=1174 loss=0.00031864 recon=0.00007313 beh=6.247437 w=0.000 lr=6.190e-04 time=0.473s
[RQ-VAE] epoch=1175 loss=0.00031850 recon=0.00007324 beh=6.249373 w=0.000 lr=6.186e-04 time=0.44s
[RQ-VAE] epoch=1176 loss=0.00031775 recon=0.00007318 beh=6.249154 w=0.000 lr=6.183e-04 time=0.427s
[RQ-VAE] epoch=1177 loss=0.00031790 recon=0.00007314 beh=6.248012 w=0.000 lr=6.180e-04 time=0.447s
[RQ-VAE] epoch=1178 loss=0.00031803 recon=0.00007326 beh=6.246891 w=0.000 lr=6.176e-04 time=0.479s
[RQ-VAE] epoch=1179 loss=0.00032081 recon=0.00007331 beh=6.246719 w=0.000 lr=6.173e-04 time=0.445s
[RQ-VAE] epoch=1180 loss=0.00031813 recon=0.00007316 beh=6.246415 w=0.000 lr=6.169e-04 time=0.492s
[RQ-VAE] epoch=1181 loss=0.00031812 recon=0.00007306 beh=6.249438 w=0.000 lr=6.166e-04 time=0.45s
[RQ-VAE] epoch=1182 loss=0.00031949 recon=0.00007304 beh=6.247853 w=0.000 lr=6.163e-04 time=0.413s
[RQ-VAE] epoch=1183 loss=0.00031922 recon=0.00007306 beh=6.247628 w=0.000 lr=6.159e-04 time=0.467s
[RQ-VAE] epoch=1184 loss=0.00031854 recon=0.00007308 beh=6.244727 w=0.000 lr=6.156e-04 time=0.428s
[RQ-VAE] epoch=1185 loss=0.00032028 recon=0.00007330 beh=6.250238 w=0.000 lr=6.153e-04 time=0.475s
[RQ-VAE] epoch=1186 loss=0.00032194 recon=0.00007308 beh=6.247987 w=0.000 lr=6.149e-04 time=0.476s
[RQ-VAE] epoch=1187 loss=0.00032060 recon=0.00007312 beh=6.250351 w=0.000 lr=6.146e-04 time=0.481s
[RQ-VAE] epoch=1188 loss=0.00032095 recon=0.00007319 beh=6.248573 w=0.000 lr=6.142e-04 time=0.48s
[RQ-VAE] epoch=1189 loss=0.00032072 recon=0.00007318 beh=6.244424 w=0.000 lr=6.139e-04 time=0.396s
[RQ-VAE] epoch=1190 loss=0.00032049 recon=0.00007313 beh=6.249604 w=0.000 lr=6.136e-04 time=0.458s
[RQ-VAE] epoch=1191 loss=0.00032292 recon=0.00007313 beh=6.250990 w=0.000 lr=6.132e-04 time=0.516s
[RQ-VAE] epoch=1192 loss=0.00032370 recon=0.00007322 beh=6.247474 w=0.000 lr=6.129e-04 time=0.465s
[RQ-VAE] epoch=1193 loss=0.00032419 recon=0.00007324 beh=6.246301 w=0.000 lr=6.125e-04 time=0.494s
[RQ-VAE] epoch=1194 loss=0.00032449 recon=0.00007328 beh=6.247430 w=0.000 lr=6.122e-04 time=0.469s
[RQ-VAE] epoch=1195 loss=0.00032273 recon=0.00007316 beh=6.246878 w=0.000 lr=6.119e-04 time=0.33s
[RQ-VAE] epoch=1196 loss=0.00032421 recon=0.00007327 beh=6.247581 w=0.000 lr=6.115e-04 time=0.335s
[RQ-VAE] epoch=1197 loss=0.00032473 recon=0.00007321 beh=6.248864 w=0.000 lr=6.112e-04 time=0.442s
[RQ-VAE] epoch=1198 loss=0.00032380 recon=0.00007324 beh=6.248336 w=0.000 lr=6.108e-04 time=0.499s
[RQ-VAE] epoch=1199 loss=0.00032326 recon=0.00007308 beh=6.249382 w=0.000 lr=6.105e-04 time=0.422s
[RQ-VAE] epoch=1200 loss=0.00032235 recon=0.00007313 lr=6.102e-04 raw_unique=20287/24587 collision=0.174889 time=3.421s
[RQ-VAE] epoch=1201 loss=0.00032424 recon=0.00007327 beh=6.242349 w=0.000 lr=6.098e-04 time=0.47s
[RQ-VAE] epoch=1202 loss=0.00032167 recon=0.00007310 beh=6.246022 w=0.000 lr=6.095e-04 time=2.472s
[RQ-VAE] epoch=1203 loss=0.00032071 recon=0.00007324 beh=6.246934 w=0.000 lr=6.092e-04 time=0.465s
[RQ-VAE] epoch=1204 loss=0.00032297 recon=0.00007325 beh=6.246956 w=0.000 lr=6.088e-04 time=0.469s
[RQ-VAE] epoch=1205 loss=0.00032319 recon=0.00007315 beh=6.247821 w=0.000 lr=6.085e-04 time=0.47s
[RQ-VAE] epoch=1206 loss=0.00032158 recon=0.00007315 beh=6.247228 w=0.000 lr=6.081e-04 time=0.441s
[RQ-VAE] epoch=1207 loss=0.00032324 recon=0.00007312 beh=6.249264 w=0.000 lr=6.078e-04 time=0.532s
[RQ-VAE] epoch=1208 loss=0.00032257 recon=0.00007329 beh=6.246345 w=0.000 lr=6.075e-04 time=0.48s
[RQ-VAE] epoch=1209 loss=0.00032070 recon=0.00007307 beh=6.245870 w=0.000 lr=6.071e-04 time=0.464s
[RQ-VAE] epoch=1210 loss=0.00032052 recon=0.00007303 beh=6.248647 w=0.000 lr=6.068e-04 time=0.452s
[RQ-VAE] epoch=1211 loss=0.00032033 recon=0.00007304 beh=6.248996 w=0.000 lr=6.064e-04 time=0.48s
[RQ-VAE] epoch=1212 loss=0.00032085 recon=0.00007309 beh=6.243066 w=0.000 lr=6.061e-04 time=0.486s
[RQ-VAE] epoch=1213 loss=0.00032073 recon=0.00007314 beh=6.245548 w=0.000 lr=6.058e-04 time=0.422s
[RQ-VAE] epoch=1214 loss=0.00032060 recon=0.00007304 beh=6.249261 w=0.000 lr=6.054e-04 time=0.455s
[RQ-VAE] epoch=1215 loss=0.00032077 recon=0.00007312 beh=6.249149 w=0.000 lr=6.051e-04 time=0.5s
[RQ-VAE] epoch=1216 loss=0.00032078 recon=0.00007304 beh=6.251445 w=0.000 lr=6.047e-04 time=0.486s
[RQ-VAE] epoch=1217 loss=0.00031976 recon=0.00007310 beh=6.245330 w=0.000 lr=6.044e-04 time=0.466s
[RQ-VAE] epoch=1218 loss=0.00032094 recon=0.00007292 beh=6.245941 w=0.000 lr=6.041e-04 time=0.476s
[RQ-VAE] epoch=1219 loss=0.00032058 recon=0.00007277 beh=6.249740 w=0.000 lr=6.037e-04 time=0.517s
[RQ-VAE] epoch=1220 loss=0.00032106 recon=0.00007291 beh=6.248609 w=0.000 lr=6.034e-04 time=0.322s
[RQ-VAE] epoch=1221 loss=0.00032063 recon=0.00007283 beh=6.248337 w=0.000 lr=6.031e-04 time=0.462s
[RQ-VAE] epoch=1222 loss=0.00032173 recon=0.00007273 beh=6.246566 w=0.000 lr=6.027e-04 time=0.559s
[RQ-VAE] epoch=1223 loss=0.00032228 recon=0.00007279 beh=6.251415 w=0.000 lr=6.024e-04 time=0.426s
[RQ-VAE] epoch=1224 loss=0.00032065 recon=0.00007279 beh=6.242728 w=0.000 lr=6.020e-04 time=0.436s
[RQ-VAE] epoch=1225 loss=0.00032131 recon=0.00007284 beh=6.248290 w=0.000 lr=6.017e-04 time=0.49s
[RQ-VAE] epoch=1226 loss=0.00031935 recon=0.00007269 beh=6.248710 w=0.000 lr=6.014e-04 time=0.51s
[RQ-VAE] epoch=1227 loss=0.00032073 recon=0.00007290 beh=6.247753 w=0.000 lr=6.010e-04 time=0.437s
[RQ-VAE] epoch=1228 loss=0.00032304 recon=0.00007289 beh=6.247214 w=0.000 lr=6.007e-04 time=0.446s
[RQ-VAE] epoch=1229 loss=0.00032268 recon=0.00007259 beh=6.248670 w=0.000 lr=6.003e-04 time=0.449s
[RQ-VAE] epoch=1230 loss=0.00031968 recon=0.00007279 beh=6.245729 w=0.000 lr=6.000e-04 time=0.472s
[RQ-VAE] epoch=1231 loss=0.00032094 recon=0.00007287 beh=6.245913 w=0.000 lr=5.997e-04 time=0.439s
[RQ-VAE] epoch=1232 loss=0.00032189 recon=0.00007262 beh=6.251496 w=0.000 lr=5.993e-04 time=0.466s
[RQ-VAE] epoch=1233 loss=0.00032229 recon=0.00007268 beh=6.247890 w=0.000 lr=5.990e-04 time=0.461s
[RQ-VAE] epoch=1234 loss=0.00032129 recon=0.00007280 beh=6.248866 w=0.000 lr=5.986e-04 time=0.432s
[RQ-VAE] epoch=1235 loss=0.00032203 recon=0.00007274 beh=6.244966 w=0.000 lr=5.983e-04 time=0.409s
[RQ-VAE] epoch=1236 loss=0.00032054 recon=0.00007276 beh=6.249734 w=0.000 lr=5.980e-04 time=0.443s
[RQ-VAE] epoch=1237 loss=0.00032078 recon=0.00007257 beh=6.247375 w=0.000 lr=5.976e-04 time=0.66s
[RQ-VAE] epoch=1238 loss=0.00031988 recon=0.00007263 beh=6.243217 w=0.000 lr=5.973e-04 time=0.434s
[RQ-VAE] epoch=1239 loss=0.00032141 recon=0.00007277 beh=6.246003 w=0.000 lr=5.969e-04 time=0.467s
[RQ-VAE] epoch=1240 loss=0.00032049 recon=0.00007277 beh=6.248020 w=0.000 lr=5.966e-04 time=0.474s
[RQ-VAE] epoch=1241 loss=0.00031907 recon=0.00007268 beh=6.249369 w=0.000 lr=5.963e-04 time=0.461s
[RQ-VAE] epoch=1242 loss=0.00032143 recon=0.00007260 beh=6.244728 w=0.000 lr=5.959e-04 time=0.474s
[RQ-VAE] epoch=1243 loss=0.00032004 recon=0.00007266 beh=6.251383 w=0.000 lr=5.956e-04 time=0.489s
[RQ-VAE] epoch=1244 loss=0.00032002 recon=0.00007287 beh=6.246277 w=0.000 lr=5.953e-04 time=0.46s
[RQ-VAE] epoch=1245 loss=0.00032034 recon=0.00007269 beh=6.249805 w=0.000 lr=5.949e-04 time=0.462s
[RQ-VAE] epoch=1246 loss=0.00032098 recon=0.00007273 beh=6.244610 w=0.000 lr=5.946e-04 time=0.428s
[RQ-VAE] epoch=1247 loss=0.00032113 recon=0.00007265 beh=6.247642 w=0.000 lr=5.942e-04 time=0.441s
[RQ-VAE] epoch=1248 loss=0.00032003 recon=0.00007268 beh=6.250284 w=0.000 lr=5.939e-04 time=0.453s
[RQ-VAE] epoch=1249 loss=0.00032088 recon=0.00007261 beh=6.245516 w=0.000 lr=5.936e-04 time=0.423s
[RQ-VAE] epoch=1250 loss=0.00032030 recon=0.00007295 lr=5.932e-04 raw_unique=20377/24587 collision=0.171229 time=0.306s
[RQ-VAE] epoch=1251 loss=0.00032248 recon=0.00007280 beh=6.245536 w=0.000 lr=5.929e-04 time=0.461s
[RQ-VAE] epoch=1252 loss=0.00032189 recon=0.00007284 beh=6.246015 w=0.000 lr=5.925e-04 time=0.511s
[RQ-VAE] epoch=1253 loss=0.00032144 recon=0.00007290 beh=6.249618 w=0.000 lr=5.922e-04 time=0.495s
[RQ-VAE] epoch=1254 loss=0.00032237 recon=0.00007287 beh=6.250476 w=0.000 lr=5.919e-04 time=0.486s
[RQ-VAE] epoch=1255 loss=0.00032297 recon=0.00007276 beh=6.248122 w=0.000 lr=5.915e-04 time=0.487s
[RQ-VAE] epoch=1256 loss=0.00032203 recon=0.00007275 beh=6.251337 w=0.000 lr=5.912e-04 time=0.468s
[RQ-VAE] epoch=1257 loss=0.00032128 recon=0.00007280 beh=6.244738 w=0.000 lr=5.908e-04 time=0.471s
[RQ-VAE] epoch=1258 loss=0.00032299 recon=0.00007274 beh=6.250721 w=0.000 lr=5.905e-04 time=0.459s
[RQ-VAE] epoch=1259 loss=0.00032284 recon=0.00007275 beh=6.246327 w=0.000 lr=5.902e-04 time=0.462s
[RQ-VAE] epoch=1260 loss=0.00032165 recon=0.00007290 beh=6.249932 w=0.000 lr=5.898e-04 time=0.508s
[RQ-VAE] epoch=1261 loss=0.00032142 recon=0.00007268 beh=6.252683 w=0.000 lr=5.895e-04 time=0.473s
[RQ-VAE] epoch=1262 loss=0.00032104 recon=0.00007270 beh=6.246386 w=0.000 lr=5.892e-04 time=0.443s
[RQ-VAE] epoch=1263 loss=0.00032111 recon=0.00007271 beh=6.251488 w=0.000 lr=5.888e-04 time=0.463s
[RQ-VAE] epoch=1264 loss=0.00032213 recon=0.00007260 beh=6.249005 w=0.000 lr=5.885e-04 time=0.472s
[RQ-VAE] epoch=1265 loss=0.00031996 recon=0.00007263 beh=6.245921 w=0.000 lr=5.881e-04 time=0.457s
[RQ-VAE] epoch=1266 loss=0.00031970 recon=0.00007270 beh=6.246383 w=0.000 lr=5.878e-04 time=0.487s
[RQ-VAE] epoch=1267 loss=0.00031987 recon=0.00007266 beh=6.247823 w=0.000 lr=5.875e-04 time=0.451s
[RQ-VAE] epoch=1268 loss=0.00032048 recon=0.00007257 beh=6.246099 w=0.000 lr=5.871e-04 time=0.41s
[RQ-VAE] epoch=1269 loss=0.00032027 recon=0.00007271 beh=6.248124 w=0.000 lr=5.868e-04 time=0.406s
[RQ-VAE] epoch=1270 loss=0.00032135 recon=0.00007275 beh=6.246408 w=0.000 lr=5.864e-04 time=0.429s
[RQ-VAE] epoch=1271 loss=0.00032104 recon=0.00007278 beh=6.248909 w=0.000 lr=5.861e-04 time=0.438s
[RQ-VAE] epoch=1272 loss=0.00032125 recon=0.00007258 beh=6.249457 w=0.000 lr=5.858e-04 time=0.489s
[RQ-VAE] epoch=1273 loss=0.00032126 recon=0.00007263 beh=6.248420 w=0.000 lr=5.854e-04 time=0.461s
[RQ-VAE] epoch=1274 loss=0.00032216 recon=0.00007280 beh=6.248943 w=0.000 lr=5.851e-04 time=0.494s
[RQ-VAE] epoch=1275 loss=0.00032151 recon=0.00007249 beh=6.249441 w=0.000 lr=5.847e-04 time=0.508s
[RQ-VAE] epoch=1276 loss=0.00032167 recon=0.00007262 beh=6.250333 w=0.000 lr=5.844e-04 time=0.401s
[RQ-VAE] epoch=1277 loss=0.00032088 recon=0.00007281 beh=6.247155 w=0.000 lr=5.841e-04 time=0.445s
[RQ-VAE] epoch=1278 loss=0.00032236 recon=0.00007256 beh=6.247697 w=0.000 lr=5.837e-04 time=0.448s
[RQ-VAE] epoch=1279 loss=0.00032154 recon=0.00007247 beh=6.250294 w=0.000 lr=5.834e-04 time=0.481s
[RQ-VAE] epoch=1280 loss=0.00032046 recon=0.00007252 beh=6.249809 w=0.000 lr=5.831e-04 time=0.442s
[RQ-VAE] epoch=1281 loss=0.00032158 recon=0.00007280 beh=6.247761 w=0.000 lr=5.827e-04 time=0.47s
[RQ-VAE] epoch=1282 loss=0.00032209 recon=0.00007259 beh=6.250473 w=0.000 lr=5.824e-04 time=0.397s
[RQ-VAE] epoch=1283 loss=0.00032097 recon=0.00007260 beh=6.246903 w=0.000 lr=5.820e-04 time=0.438s
[RQ-VAE] epoch=1284 loss=0.00032044 recon=0.00007257 beh=6.242564 w=0.000 lr=5.817e-04 time=0.502s
[RQ-VAE] epoch=1285 loss=0.00032245 recon=0.00007257 beh=6.249265 w=0.000 lr=5.814e-04 time=0.46s
[RQ-VAE] epoch=1286 loss=0.00032132 recon=0.00007262 beh=6.249653 w=0.000 lr=5.810e-04 time=0.444s
[RQ-VAE] epoch=1287 loss=0.00032197 recon=0.00007250 beh=6.246153 w=0.000 lr=5.807e-04 time=0.459s
[RQ-VAE] epoch=1288 loss=0.00032457 recon=0.00007280 beh=6.246308 w=0.000 lr=5.803e-04 time=0.504s
[RQ-VAE] epoch=1289 loss=0.00032232 recon=0.00007270 beh=6.247605 w=0.000 lr=5.800e-04 time=0.507s
[RQ-VAE] epoch=1290 loss=0.00032245 recon=0.00007255 beh=6.249413 w=0.000 lr=5.797e-04 time=0.506s
[RQ-VAE] epoch=1291 loss=0.00032277 recon=0.00007256 beh=6.248894 w=0.000 lr=5.793e-04 time=0.473s
[RQ-VAE] epoch=1292 loss=0.00032265 recon=0.00007248 beh=6.247951 w=0.000 lr=5.790e-04 time=0.441s
[RQ-VAE] epoch=1293 loss=0.00032160 recon=0.00007272 beh=6.251367 w=0.000 lr=5.786e-04 time=0.58s
[RQ-VAE] epoch=1294 loss=0.00032100 recon=0.00007272 beh=6.246374 w=0.000 lr=5.783e-04 time=0.465s
[RQ-VAE] epoch=1295 loss=0.00032402 recon=0.00007267 beh=6.249437 w=0.000 lr=5.780e-04 time=0.448s
[RQ-VAE] epoch=1296 loss=0.00032489 recon=0.00007253 beh=6.244709 w=0.000 lr=5.776e-04 time=0.465s
[RQ-VAE] epoch=1297 loss=0.00032373 recon=0.00007269 beh=6.248494 w=0.000 lr=5.773e-04 time=0.481s
[RQ-VAE] epoch=1298 loss=0.00032383 recon=0.00007277 beh=6.250080 w=0.000 lr=5.769e-04 time=0.435s
[RQ-VAE] epoch=1299 loss=0.00032373 recon=0.00007249 beh=6.243026 w=0.000 lr=5.766e-04 time=0.487s
[RQ-VAE] epoch=1300 loss=0.00032268 recon=0.00007259 lr=5.763e-04 raw_unique=20343/24587 collision=0.172612 time=0.5s
[RQ-VAE] epoch=1301 loss=0.00032259 recon=0.00007254 beh=6.249858 w=0.000 lr=5.759e-04 time=0.411s
[RQ-VAE] epoch=1302 loss=0.00032391 recon=0.00007265 beh=6.249879 w=0.000 lr=5.756e-04 time=0.464s
[RQ-VAE] epoch=1303 loss=0.00032272 recon=0.00007259 beh=6.249125 w=0.000 lr=5.753e-04 time=0.458s
[RQ-VAE] epoch=1304 loss=0.00032313 recon=0.00007256 beh=6.248190 w=0.000 lr=5.749e-04 time=0.506s
[RQ-VAE] epoch=1305 loss=0.00032296 recon=0.00007258 beh=6.244826 w=0.000 lr=5.746e-04 time=0.454s
[RQ-VAE] epoch=1306 loss=0.00032380 recon=0.00007265 beh=6.251324 w=0.000 lr=5.742e-04 time=0.475s
[RQ-VAE] epoch=1307 loss=0.00032340 recon=0.00007244 beh=6.245744 w=0.000 lr=5.739e-04 time=0.476s
[RQ-VAE] epoch=1308 loss=0.00032188 recon=0.00007245 beh=6.249417 w=0.000 lr=5.736e-04 time=0.525s
[RQ-VAE] epoch=1309 loss=0.00031996 recon=0.00007236 beh=6.245887 w=0.000 lr=5.732e-04 time=0.46s
[RQ-VAE] epoch=1310 loss=0.00032076 recon=0.00007243 beh=6.246718 w=0.000 lr=5.729e-04 time=0.497s
[RQ-VAE] epoch=1311 loss=0.00031935 recon=0.00007225 beh=6.245103 w=0.000 lr=5.725e-04 time=0.44s
[RQ-VAE] epoch=1312 loss=0.00032024 recon=0.00007239 beh=6.247151 w=0.000 lr=5.722e-04 time=0.378s
[RQ-VAE] epoch=1313 loss=0.00032144 recon=0.00007240 beh=6.245604 w=0.000 lr=5.719e-04 time=0.518s
[RQ-VAE] epoch=1314 loss=0.00032155 recon=0.00007249 beh=6.246129 w=0.000 lr=5.715e-04 time=0.503s
[RQ-VAE] epoch=1315 loss=0.00032185 recon=0.00007243 beh=6.245778 w=0.000 lr=5.712e-04 time=0.452s
[RQ-VAE] epoch=1316 loss=0.00032085 recon=0.00007241 beh=6.245004 w=0.000 lr=5.708e-04 time=0.447s
[RQ-VAE] epoch=1317 loss=0.00032121 recon=0.00007247 beh=6.249346 w=0.000 lr=5.705e-04 time=0.466s
[RQ-VAE] epoch=1318 loss=0.00032117 recon=0.00007240 beh=6.247839 w=0.000 lr=5.702e-04 time=0.485s
[RQ-VAE] epoch=1319 loss=0.00032213 recon=0.00007246 beh=6.245904 w=0.000 lr=5.698e-04 time=0.458s
[RQ-VAE] epoch=1320 loss=0.00032221 recon=0.00007237 beh=6.243065 w=0.000 lr=5.695e-04 time=0.439s
[RQ-VAE] epoch=1321 loss=0.00032158 recon=0.00007225 beh=6.250901 w=0.000 lr=5.692e-04 time=0.459s
[RQ-VAE] epoch=1322 loss=0.00032410 recon=0.00007245 beh=6.246891 w=0.000 lr=5.688e-04 time=0.598s
[RQ-VAE] epoch=1323 loss=0.00032437 recon=0.00007228 beh=6.246626 w=0.000 lr=5.685e-04 time=0.474s
[RQ-VAE] epoch=1324 loss=0.00032366 recon=0.00007216 beh=6.248754 w=0.000 lr=5.681e-04 time=0.42s
[RQ-VAE] epoch=1325 loss=0.00032134 recon=0.00007211 beh=6.249393 w=0.000 lr=5.678e-04 time=0.492s
[RQ-VAE] epoch=1326 loss=0.00032200 recon=0.00007234 beh=6.243457 w=0.000 lr=5.675e-04 time=0.505s
[RQ-VAE] epoch=1327 loss=0.00032188 recon=0.00007215 beh=6.246123 w=0.000 lr=5.671e-04 time=0.475s
[RQ-VAE] epoch=1328 loss=0.00032114 recon=0.00007202 beh=6.246899 w=0.000 lr=5.668e-04 time=0.457s
[RQ-VAE] epoch=1329 loss=0.00031969 recon=0.00007215 beh=6.248071 w=0.000 lr=5.664e-04 time=0.441s
[RQ-VAE] epoch=1330 loss=0.00032041 recon=0.00007213 beh=6.245272 w=0.000 lr=5.661e-04 time=0.455s
[RQ-VAE] epoch=1331 loss=0.00032095 recon=0.00007213 beh=6.247243 w=0.000 lr=5.658e-04 time=0.443s
[RQ-VAE] epoch=1332 loss=0.00032073 recon=0.00007237 beh=6.251110 w=0.000 lr=5.654e-04 time=0.428s
[RQ-VAE] epoch=1333 loss=0.00032010 recon=0.00007241 beh=6.250190 w=0.000 lr=5.651e-04 time=0.454s
[RQ-VAE] epoch=1334 loss=0.00032013 recon=0.00007198 beh=6.246647 w=0.000 lr=5.647e-04 time=0.48s
[RQ-VAE] epoch=1335 loss=0.00032080 recon=0.00007213 beh=6.249465 w=0.000 lr=5.644e-04 time=0.493s
[RQ-VAE] epoch=1336 loss=0.00031972 recon=0.00007211 beh=6.247129 w=0.000 lr=5.641e-04 time=0.479s
[RQ-VAE] epoch=1337 loss=0.00031899 recon=0.00007189 beh=6.244602 w=0.000 lr=5.637e-04 time=0.423s
[RQ-VAE] epoch=1338 loss=0.00031912 recon=0.00007185 beh=6.249402 w=0.000 lr=5.634e-04 time=0.478s
[RQ-VAE] epoch=1339 loss=0.00031982 recon=0.00007207 beh=6.247798 w=0.000 lr=5.631e-04 time=0.463s
[RQ-VAE] epoch=1340 loss=0.00031880 recon=0.00007195 beh=6.246015 w=0.000 lr=5.627e-04 time=0.394s
[RQ-VAE] epoch=1341 loss=0.00031881 recon=0.00007202 beh=6.244421 w=0.000 lr=5.624e-04 time=0.438s
[RQ-VAE] epoch=1342 loss=0.00031970 recon=0.00007188 beh=6.247097 w=0.000 lr=5.620e-04 time=0.58s
[RQ-VAE] epoch=1343 loss=0.00031677 recon=0.00007192 beh=6.249263 w=0.000 lr=5.617e-04 time=0.311s
[RQ-VAE] epoch=1344 loss=0.00031729 recon=0.00007208 beh=6.246622 w=0.000 lr=5.614e-04 time=0.409s
[RQ-VAE] epoch=1345 loss=0.00031873 recon=0.00007201 beh=6.252260 w=0.000 lr=5.610e-04 time=0.409s
[RQ-VAE] epoch=1346 loss=0.00031833 recon=0.00007193 beh=6.245609 w=0.000 lr=5.607e-04 time=0.438s
[RQ-VAE] epoch=1347 loss=0.00031860 recon=0.00007192 beh=6.249576 w=0.000 lr=5.603e-04 time=0.45s
[RQ-VAE] epoch=1348 loss=0.00031755 recon=0.00007201 beh=6.247536 w=0.000 lr=5.600e-04 time=0.469s
[RQ-VAE] epoch=1349 loss=0.00031929 recon=0.00007197 beh=6.247209 w=0.000 lr=5.597e-04 time=0.489s
[RQ-VAE] epoch=1350 loss=0.00031934 recon=0.00007208 lr=5.593e-04 raw_unique=20349/24587 collision=0.172368 time=0.509s
[RQ-VAE] epoch=1351 loss=0.00031841 recon=0.00007205 beh=6.249520 w=0.000 lr=5.590e-04 time=0.418s
[RQ-VAE] epoch=1352 loss=0.00031715 recon=0.00007195 beh=6.247606 w=0.000 lr=5.586e-04 time=0.458s
[RQ-VAE] epoch=1353 loss=0.00031913 recon=0.00007182 beh=6.246008 w=0.000 lr=5.583e-04 time=0.438s
[RQ-VAE] epoch=1354 loss=0.00031662 recon=0.00007192 beh=6.246834 w=0.000 lr=5.580e-04 time=0.494s
[RQ-VAE] epoch=1355 loss=0.00031831 recon=0.00007192 beh=6.249782 w=0.000 lr=5.576e-04 time=0.513s
[RQ-VAE] epoch=1356 loss=0.00031958 recon=0.00007199 beh=6.250752 w=0.000 lr=5.573e-04 time=0.42s
[RQ-VAE] epoch=1357 loss=0.00031917 recon=0.00007185 beh=6.249048 w=0.000 lr=5.569e-04 time=0.558s
[RQ-VAE] epoch=1358 loss=0.00031872 recon=0.00007191 beh=6.247532 w=0.000 lr=5.566e-04 time=0.469s
[RQ-VAE] epoch=1359 loss=0.00032037 recon=0.00007177 beh=6.253296 w=0.000 lr=5.563e-04 time=0.43s
[RQ-VAE] epoch=1360 loss=0.00032056 recon=0.00007184 beh=6.246698 w=0.000 lr=5.559e-04 time=0.477s
[RQ-VAE] epoch=1361 loss=0.00031997 recon=0.00007195 beh=6.245792 w=0.000 lr=5.556e-04 time=0.451s
[RQ-VAE] epoch=1362 loss=0.00031867 recon=0.00007190 beh=6.249139 w=0.000 lr=5.553e-04 time=0.441s
[RQ-VAE] epoch=1363 loss=0.00031893 recon=0.00007184 beh=6.245651 w=0.000 lr=5.549e-04 time=0.403s
[RQ-VAE] epoch=1364 loss=0.00031971 recon=0.00007180 beh=6.247038 w=0.000 lr=5.546e-04 time=0.464s
[RQ-VAE] epoch=1365 loss=0.00032143 recon=0.00007171 beh=6.250366 w=0.000 lr=5.542e-04 time=0.442s
[RQ-VAE] epoch=1366 loss=0.00032059 recon=0.00007188 beh=6.249374 w=0.000 lr=5.539e-04 time=0.46s
[RQ-VAE] epoch=1367 loss=0.00031857 recon=0.00007189 beh=6.247288 w=0.000 lr=5.536e-04 time=0.522s
[RQ-VAE] epoch=1368 loss=0.00031933 recon=0.00007183 beh=6.250690 w=0.000 lr=5.532e-04 time=0.48s
[RQ-VAE] epoch=1369 loss=0.00032109 recon=0.00007185 beh=6.245664 w=0.000 lr=5.529e-04 time=0.428s
[RQ-VAE] epoch=1370 loss=0.00031957 recon=0.00007176 beh=6.245982 w=0.000 lr=5.525e-04 time=0.4s
[RQ-VAE] epoch=1371 loss=0.00031975 recon=0.00007184 beh=6.247570 w=0.000 lr=5.522e-04 time=0.479s
[RQ-VAE] epoch=1372 loss=0.00032029 recon=0.00007189 beh=6.244542 w=0.000 lr=5.519e-04 time=0.458s
[RQ-VAE] epoch=1373 loss=0.00032054 recon=0.00007179 beh=6.246552 w=0.000 lr=5.515e-04 time=0.504s
[RQ-VAE] epoch=1374 loss=0.00032082 recon=0.00007175 beh=6.249531 w=0.000 lr=5.512e-04 time=0.321s
[RQ-VAE] epoch=1375 loss=0.00032201 recon=0.00007174 beh=6.244736 w=0.000 lr=5.508e-04 time=0.453s
[RQ-VAE] epoch=1376 loss=0.00032107 recon=0.00007192 beh=6.245464 w=0.000 lr=5.505e-04 time=0.475s
[RQ-VAE] epoch=1377 loss=0.00032038 recon=0.00007171 beh=6.247085 w=0.000 lr=5.502e-04 time=0.476s
[RQ-VAE] epoch=1378 loss=0.00032032 recon=0.00007187 beh=6.247130 w=0.000 lr=5.498e-04 time=0.447s
[RQ-VAE] epoch=1379 loss=0.00032190 recon=0.00007208 beh=6.247871 w=0.000 lr=5.495e-04 time=0.405s
[RQ-VAE] epoch=1380 loss=0.00032165 recon=0.00007182 beh=6.246676 w=0.000 lr=5.492e-04 time=0.454s
[RQ-VAE] epoch=1381 loss=0.00032293 recon=0.00007172 beh=6.247999 w=0.000 lr=5.488e-04 time=0.471s
[RQ-VAE] epoch=1382 loss=0.00032344 recon=0.00007185 beh=6.245413 w=0.000 lr=5.485e-04 time=0.473s
[RQ-VAE] epoch=1383 loss=0.00032365 recon=0.00007172 beh=6.246890 w=0.000 lr=5.481e-04 time=0.484s
[RQ-VAE] epoch=1384 loss=0.00032244 recon=0.00007169 beh=6.247602 w=0.000 lr=5.478e-04 time=0.484s
[RQ-VAE] epoch=1385 loss=0.00032058 recon=0.00007177 beh=6.251657 w=0.000 lr=5.475e-04 time=0.449s
[RQ-VAE] epoch=1386 loss=0.00032246 recon=0.00007192 beh=6.249428 w=0.000 lr=5.471e-04 time=0.51s
[RQ-VAE] epoch=1387 loss=0.00032325 recon=0.00007202 beh=6.246281 w=0.000 lr=5.468e-04 time=0.474s
[RQ-VAE] epoch=1388 loss=0.00032450 recon=0.00007179 beh=6.247389 w=0.000 lr=5.464e-04 time=0.47s
[RQ-VAE] epoch=1389 loss=0.00032264 recon=0.00007185 beh=6.249042 w=0.000 lr=5.461e-04 time=0.441s
[RQ-VAE] epoch=1390 loss=0.00032481 recon=0.00007188 beh=6.247732 w=0.000 lr=5.458e-04 time=0.431s
[RQ-VAE] epoch=1391 loss=0.00032259 recon=0.00007165 beh=6.247605 w=0.000 lr=5.454e-04 time=0.448s
[RQ-VAE] epoch=1392 loss=0.00032203 recon=0.00007185 beh=6.246381 w=0.000 lr=5.451e-04 time=0.456s
[RQ-VAE] epoch=1393 loss=0.00032285 recon=0.00007179 beh=6.246158 w=0.000 lr=5.447e-04 time=0.457s
[RQ-VAE] epoch=1394 loss=0.00032218 recon=0.00007193 beh=6.247440 w=0.000 lr=5.444e-04 time=0.508s
[RQ-VAE] epoch=1395 loss=0.00032303 recon=0.00007182 beh=6.248377 w=0.000 lr=5.441e-04 time=0.499s
[RQ-VAE] epoch=1396 loss=0.00032403 recon=0.00007181 beh=6.249538 w=0.000 lr=5.437e-04 time=0.503s
[RQ-VAE] epoch=1397 loss=0.00032287 recon=0.00007175 beh=6.251432 w=0.000 lr=5.434e-04 time=0.475s
[RQ-VAE] epoch=1398 loss=0.00032105 recon=0.00007178 beh=6.248081 w=0.000 lr=5.431e-04 time=0.438s
[RQ-VAE] epoch=1399 loss=0.00032164 recon=0.00007159 beh=6.250558 w=0.000 lr=5.427e-04 time=0.446s
[RQ-VAE] epoch=1400 loss=0.00032334 recon=0.00007171 lr=5.424e-04 raw_unique=20325/24587 collision=0.173344 time=0.446s
[RQ-VAE] epoch=1401 loss=0.00032247 recon=0.00007177 beh=6.251989 w=0.000 lr=5.420e-04 time=0.487s
[RQ-VAE] epoch=1402 loss=0.00032144 recon=0.00007182 beh=6.250167 w=0.000 lr=5.417e-04 time=0.516s
[RQ-VAE] epoch=1403 loss=0.00032061 recon=0.00007170 beh=6.245146 w=0.000 lr=5.414e-04 time=0.465s
[RQ-VAE] epoch=1404 loss=0.00032065 recon=0.00007180 beh=6.249316 w=0.000 lr=5.410e-04 time=0.46s
[RQ-VAE] epoch=1405 loss=0.00032121 recon=0.00007174 beh=6.246640 w=0.000 lr=5.407e-04 time=0.216s
[RQ-VAE] epoch=1406 loss=0.00032277 recon=0.00007153 beh=6.249249 w=0.000 lr=5.403e-04 time=0.496s
[RQ-VAE] epoch=1407 loss=0.00032183 recon=0.00007165 beh=6.250179 w=0.000 lr=5.400e-04 time=0.441s
[RQ-VAE] epoch=1408 loss=0.00032123 recon=0.00007173 beh=6.247501 w=0.000 lr=5.397e-04 time=0.489s
[RQ-VAE] epoch=1409 loss=0.00032313 recon=0.00007195 beh=6.249506 w=0.000 lr=5.393e-04 time=0.401s
[RQ-VAE] epoch=1410 loss=0.00032369 recon=0.00007172 beh=6.248815 w=0.000 lr=5.390e-04 time=0.491s
[RQ-VAE] epoch=1411 loss=0.00032245 recon=0.00007179 beh=6.249738 w=0.000 lr=5.386e-04 time=0.495s
[RQ-VAE] epoch=1412 loss=0.00032475 recon=0.00007170 beh=6.244101 w=0.000 lr=5.383e-04 time=0.53s
[RQ-VAE] epoch=1413 loss=0.00032364 recon=0.00007175 beh=6.249119 w=0.000 lr=5.380e-04 time=0.629s
[RQ-VAE] epoch=1414 loss=0.00032124 recon=0.00007180 beh=6.250712 w=0.000 lr=5.376e-04 time=0.456s
[RQ-VAE] epoch=1415 loss=0.00032248 recon=0.00007176 beh=6.248975 w=0.000 lr=5.373e-04 time=0.418s
[RQ-VAE] epoch=1416 loss=0.00032368 recon=0.00007177 beh=6.249617 w=0.000 lr=5.369e-04 time=0.474s
[RQ-VAE] epoch=1417 loss=0.00032311 recon=0.00007169 beh=6.248082 w=0.000 lr=5.366e-04 time=0.477s
[RQ-VAE] epoch=1418 loss=0.00032245 recon=0.00007165 beh=6.245830 w=0.000 lr=5.363e-04 time=0.434s
[RQ-VAE] epoch=1419 loss=0.00032285 recon=0.00007164 beh=6.246615 w=0.000 lr=5.359e-04 time=0.482s
[RQ-VAE] epoch=1420 loss=0.00032517 recon=0.00007160 beh=6.249425 w=0.000 lr=5.356e-04 time=0.516s
[RQ-VAE] epoch=1421 loss=0.00032303 recon=0.00007176 beh=6.241335 w=0.000 lr=5.353e-04 time=0.453s
[RQ-VAE] epoch=1422 loss=0.00032213 recon=0.00007180 beh=6.246422 w=0.000 lr=5.349e-04 time=0.455s
[RQ-VAE] epoch=1423 loss=0.00032230 recon=0.00007172 beh=6.249191 w=0.000 lr=5.346e-04 time=0.495s
[RQ-VAE] epoch=1424 loss=0.00032308 recon=0.00007175 beh=6.250021 w=0.000 lr=5.342e-04 time=0.452s
[RQ-VAE] epoch=1425 loss=0.00032203 recon=0.00007167 beh=6.248642 w=0.000 lr=5.339e-04 time=0.454s
[RQ-VAE] epoch=1426 loss=0.00032076 recon=0.00007164 beh=6.248336 w=0.000 lr=5.336e-04 time=0.481s
[RQ-VAE] epoch=1427 loss=0.00032099 recon=0.00007172 beh=6.247393 w=0.000 lr=5.332e-04 time=0.455s
[RQ-VAE] epoch=1428 loss=0.00032045 recon=0.00007169 beh=6.248060 w=0.000 lr=5.329e-04 time=0.495s
[RQ-VAE] epoch=1429 loss=0.00032082 recon=0.00007170 beh=6.250093 w=0.000 lr=5.325e-04 time=0.434s
[RQ-VAE] epoch=1430 loss=0.00032161 recon=0.00007166 beh=6.247813 w=0.000 lr=5.322e-04 time=0.473s
[RQ-VAE] epoch=1431 loss=0.00032100 recon=0.00007165 beh=6.246097 w=0.000 lr=5.319e-04 time=0.493s
[RQ-VAE] epoch=1432 loss=0.00031970 recon=0.00007178 beh=6.250101 w=0.000 lr=5.315e-04 time=0.467s
[RQ-VAE] epoch=1433 loss=0.00032019 recon=0.00007160 beh=6.247265 w=0.000 lr=5.312e-04 time=0.464s
[RQ-VAE] epoch=1434 loss=0.00032093 recon=0.00007178 beh=6.248561 w=0.000 lr=5.308e-04 time=0.469s
[RQ-VAE] epoch=1435 loss=0.00032123 recon=0.00007164 beh=6.246264 w=0.000 lr=5.305e-04 time=0.454s
[RQ-VAE] epoch=1436 loss=0.00032156 recon=0.00007171 beh=6.248611 w=0.000 lr=5.302e-04 time=0.328s
[RQ-VAE] epoch=1437 loss=0.00032033 recon=0.00007170 beh=6.245553 w=0.000 lr=5.298e-04 time=0.482s
[RQ-VAE] epoch=1438 loss=0.00032137 recon=0.00007148 beh=6.245707 w=0.000 lr=5.295e-04 time=0.512s
[RQ-VAE] epoch=1439 loss=0.00032120 recon=0.00007159 beh=6.248196 w=0.000 lr=5.292e-04 time=0.483s
[RQ-VAE] epoch=1440 loss=0.00032006 recon=0.00007154 beh=6.249647 w=0.000 lr=5.288e-04 time=0.512s
[RQ-VAE] epoch=1441 loss=0.00031961 recon=0.00007172 beh=6.245948 w=0.000 lr=5.285e-04 time=0.447s
[RQ-VAE] epoch=1442 loss=0.00032252 recon=0.00007187 beh=6.248376 w=0.000 lr=5.281e-04 time=0.645s
[RQ-VAE] epoch=1443 loss=0.00032106 recon=0.00007152 beh=6.249094 w=0.000 lr=5.278e-04 time=0.436s
[RQ-VAE] epoch=1444 loss=0.00032060 recon=0.00007145 beh=6.250570 w=0.000 lr=5.275e-04 time=0.498s
[RQ-VAE] epoch=1445 loss=0.00032150 recon=0.00007164 beh=6.246946 w=0.000 lr=5.271e-04 time=0.409s
[RQ-VAE] epoch=1446 loss=0.00032141 recon=0.00007163 beh=6.246428 w=0.000 lr=5.268e-04 time=0.431s
[RQ-VAE] epoch=1447 loss=0.00031998 recon=0.00007150 beh=6.247443 w=0.000 lr=5.264e-04 time=0.454s
[RQ-VAE] epoch=1448 loss=0.00031949 recon=0.00007144 beh=6.245733 w=0.000 lr=5.261e-04 time=0.466s
[RQ-VAE] epoch=1449 loss=0.00031870 recon=0.00007139 beh=6.247454 w=0.000 lr=5.258e-04 time=0.458s
[RQ-VAE] epoch=1450 loss=0.00031996 recon=0.00007139 lr=5.254e-04 raw_unique=20364/24587 collision=0.171757 time=0.452s
[RQ-VAE] epoch=1451 loss=0.00032117 recon=0.00007147 beh=6.248020 w=0.000 lr=5.251e-04 time=0.46s
[RQ-VAE] epoch=1452 loss=0.00032058 recon=0.00007151 beh=6.253921 w=0.000 lr=5.247e-04 time=0.45s
[RQ-VAE] epoch=1453 loss=0.00031935 recon=0.00007152 beh=6.249724 w=0.000 lr=5.244e-04 time=0.451s
[RQ-VAE] epoch=1454 loss=0.00032093 recon=0.00007140 beh=6.249450 w=0.000 lr=5.241e-04 time=0.471s
[RQ-VAE] epoch=1455 loss=0.00032225 recon=0.00007152 beh=6.248204 w=0.000 lr=5.237e-04 time=0.407s
[RQ-VAE] epoch=1456 loss=0.00032148 recon=0.00007150 beh=6.251164 w=0.000 lr=5.234e-04 time=0.465s
[RQ-VAE] epoch=1457 loss=0.00032074 recon=0.00007153 beh=6.249382 w=0.000 lr=5.231e-04 time=0.422s
[RQ-VAE] epoch=1458 loss=0.00032079 recon=0.00007124 beh=6.247499 w=0.000 lr=5.227e-04 time=0.44s
[RQ-VAE] epoch=1459 loss=0.00032039 recon=0.00007137 beh=6.248207 w=0.000 lr=5.224e-04 time=0.4s
[RQ-VAE] epoch=1460 loss=0.00032150 recon=0.00007139 beh=6.249248 w=0.000 lr=5.220e-04 time=0.499s
[RQ-VAE] epoch=1461 loss=0.00032008 recon=0.00007138 beh=6.248070 w=0.000 lr=5.217e-04 time=0.434s
[RQ-VAE] epoch=1462 loss=0.00031971 recon=0.00007134 beh=6.247960 w=0.000 lr=5.214e-04 time=0.6s
[RQ-VAE] epoch=1463 loss=0.00032063 recon=0.00007140 beh=6.249516 w=0.000 lr=5.210e-04 time=0.475s
[RQ-VAE] epoch=1464 loss=0.00032065 recon=0.00007144 beh=6.251199 w=0.000 lr=5.207e-04 time=0.483s
[RQ-VAE] epoch=1465 loss=0.00032216 recon=0.00007144 beh=6.249578 w=0.000 lr=5.203e-04 time=0.355s
[RQ-VAE] epoch=1466 loss=0.00032109 recon=0.00007120 beh=6.251054 w=0.000 lr=5.200e-04 time=0.388s
[RQ-VAE] epoch=1467 loss=0.00032044 recon=0.00007140 beh=6.248571 w=0.000 lr=5.197e-04 time=0.42s
[RQ-VAE] epoch=1468 loss=0.00032071 recon=0.00007140 beh=6.248584 w=0.000 lr=5.193e-04 time=0.471s
[RQ-VAE] epoch=1469 loss=0.00032126 recon=0.00007137 beh=6.248933 w=0.000 lr=5.190e-04 time=0.484s
[RQ-VAE] epoch=1470 loss=0.00032165 recon=0.00007123 beh=6.249917 w=0.000 lr=5.186e-04 time=0.447s
[RQ-VAE] epoch=1471 loss=0.00032041 recon=0.00007127 beh=6.245901 w=0.000 lr=5.183e-04 time=0.454s
[RQ-VAE] epoch=1472 loss=0.00031952 recon=0.00007147 beh=6.247970 w=0.000 lr=5.180e-04 time=0.487s
[RQ-VAE] epoch=1473 loss=0.00032033 recon=0.00007131 beh=6.245452 w=0.000 lr=5.176e-04 time=0.453s
[RQ-VAE] epoch=1474 loss=0.00032059 recon=0.00007125 beh=6.246039 w=0.000 lr=5.173e-04 time=0.464s
[RQ-VAE] epoch=1475 loss=0.00032237 recon=0.00007122 beh=6.245737 w=0.000 lr=5.169e-04 time=0.465s
[RQ-VAE] epoch=1476 loss=0.00032069 recon=0.00007126 beh=6.247690 w=0.000 lr=5.166e-04 time=0.492s
[RQ-VAE] epoch=1477 loss=0.00032002 recon=0.00007117 beh=6.249955 w=0.000 lr=5.163e-04 time=0.61s
[RQ-VAE] epoch=1478 loss=0.00032043 recon=0.00007126 beh=6.250064 w=0.000 lr=5.159e-04 time=0.47s
[RQ-VAE] epoch=1479 loss=0.00032130 recon=0.00007119 beh=6.250934 w=0.000 lr=5.156e-04 time=0.51s
[RQ-VAE] epoch=1480 loss=0.00032204 recon=0.00007108 beh=6.247364 w=0.000 lr=5.153e-04 time=0.473s
[RQ-VAE] epoch=1481 loss=0.00032117 recon=0.00007135 beh=6.249595 w=0.000 lr=5.149e-04 time=0.418s
[RQ-VAE] epoch=1482 loss=0.00032109 recon=0.00007122 beh=6.247191 w=0.000 lr=5.146e-04 time=0.493s
[RQ-VAE] epoch=1483 loss=0.00032057 recon=0.00007123 beh=6.248104 w=0.000 lr=5.142e-04 time=0.486s
[RQ-VAE] epoch=1484 loss=0.00032161 recon=0.00007137 beh=6.246022 w=0.000 lr=5.139e-04 time=0.453s
[RQ-VAE] epoch=1485 loss=0.00032119 recon=0.00007119 beh=6.248752 w=0.000 lr=5.136e-04 time=0.536s
[RQ-VAE] epoch=1486 loss=0.00032040 recon=0.00007121 beh=6.249433 w=0.000 lr=5.132e-04 time=0.5s
[RQ-VAE] epoch=1487 loss=0.00032045 recon=0.00007113 beh=6.249897 w=0.000 lr=5.129e-04 time=0.406s
[RQ-VAE] epoch=1488 loss=0.00031891 recon=0.00007126 beh=6.248260 w=0.000 lr=5.125e-04 time=0.483s
[RQ-VAE] epoch=1489 loss=0.00031934 recon=0.00007120 beh=6.252494 w=0.000 lr=5.122e-04 time=0.417s
[RQ-VAE] epoch=1490 loss=0.00031957 recon=0.00007112 beh=6.249064 w=0.000 lr=5.119e-04 time=0.493s
[RQ-VAE] epoch=1491 loss=0.00031845 recon=0.00007109 beh=6.245628 w=0.000 lr=5.115e-04 time=0.45s
[RQ-VAE] epoch=1492 loss=0.00031893 recon=0.00007108 beh=6.246790 w=0.000 lr=5.112e-04 time=0.513s
[RQ-VAE] epoch=1493 loss=0.00031879 recon=0.00007112 beh=6.245996 w=0.000 lr=5.108e-04 time=0.485s
[RQ-VAE] epoch=1494 loss=0.00031903 recon=0.00007123 beh=6.250642 w=0.000 lr=5.105e-04 time=0.468s
[RQ-VAE] epoch=1495 loss=0.00031989 recon=0.00007116 beh=6.247270 w=0.000 lr=5.102e-04 time=0.435s
[RQ-VAE] epoch=1496 loss=0.00032021 recon=0.00007121 beh=6.243804 w=0.000 lr=5.098e-04 time=0.342s
[RQ-VAE] epoch=1497 loss=0.00031857 recon=0.00007110 beh=6.247559 w=0.000 lr=5.095e-04 time=0.432s
[RQ-VAE] epoch=1498 loss=0.00031749 recon=0.00007110 beh=6.247764 w=0.000 lr=5.092e-04 time=0.49s
[RQ-VAE] epoch=1499 loss=0.00031934 recon=0.00007117 beh=6.246362 w=0.000 lr=5.088e-04 time=0.48s
[RQ-VAE] epoch=1500 loss=0.00032096 recon=0.00007103 lr=5.085e-04 raw_unique=20253/24587 collision=0.176272 time=0.481s
[RQ-VAE] epoch=1501 loss=0.00115186 recon=0.00007108 beh=6.242971 w=0.000 lr=5.081e-04 time=0.436s
[RQ-VAE] epoch=1502 loss=0.00201604 recon=0.00007659 beh=6.191431 w=0.000 lr=5.078e-04 time=0.439s
[RQ-VAE] epoch=1503 loss=0.00296054 recon=0.00009038 beh=6.138433 w=0.000 lr=5.075e-04 time=0.427s
[RQ-VAE] epoch=1504 loss=0.00387379 recon=0.00009688 beh=6.111168 w=0.001 lr=5.071e-04 time=0.457s
[RQ-VAE] epoch=1505 loss=0.00479753 recon=0.00010564 beh=6.080448 w=0.001 lr=5.068e-04 time=0.414s
[RQ-VAE] epoch=1506 loss=0.00575790 recon=0.00011691 beh=6.063370 w=0.001 lr=5.064e-04 time=0.453s
[RQ-VAE] epoch=1507 loss=0.00672720 recon=0.00012295 beh=6.052161 w=0.001 lr=5.061e-04 time=0.405s
[RQ-VAE] epoch=1508 loss=0.00772637 recon=0.00012725 beh=6.030254 w=0.001 lr=5.058e-04 time=0.407s
[RQ-VAE] epoch=1509 loss=0.00860272 recon=0.00013126 beh=6.020791 w=0.001 lr=5.054e-04 time=0.485s
[RQ-VAE] epoch=1510 loss=0.00948142 recon=0.00013804 beh=6.017363 w=0.001 lr=5.051e-04 time=0.438s
[RQ-VAE] epoch=1511 loss=0.01043934 recon=0.00014120 beh=6.003355 w=0.001 lr=5.047e-04 time=0.449s
[RQ-VAE] epoch=1512 loss=0.01134281 recon=0.00014594 beh=5.994993 w=0.002 lr=5.044e-04 time=0.457s
[RQ-VAE] epoch=1513 loss=0.01234987 recon=0.00014748 beh=5.991176 w=0.002 lr=5.041e-04 time=0.468s
[RQ-VAE] epoch=1514 loss=0.01333108 recon=0.00015224 beh=5.984505 w=0.002 lr=5.037e-04 time=0.455s
[RQ-VAE] epoch=1515 loss=0.01426371 recon=0.00015628 beh=5.970795 w=0.002 lr=5.034e-04 time=0.432s
[RQ-VAE] epoch=1516 loss=0.01515994 recon=0.00015919 beh=5.979057 w=0.002 lr=5.031e-04 time=0.477s
[RQ-VAE] epoch=1517 loss=0.01586791 recon=0.00015931 beh=5.969387 w=0.002 lr=5.027e-04 time=0.435s
[RQ-VAE] epoch=1518 loss=0.01695296 recon=0.00016425 beh=5.960863 w=0.002 lr=5.024e-04 time=0.461s
[RQ-VAE] epoch=1519 loss=0.01778571 recon=0.00016193 beh=5.956478 w=0.003 lr=5.020e-04 time=0.435s
[RQ-VAE] epoch=1520 loss=0.01899937 recon=0.00016162 beh=5.942236 w=0.003 lr=5.017e-04 time=0.429s
[RQ-VAE] epoch=1521 loss=0.01973139 recon=0.00016225 beh=5.959414 w=0.003 lr=5.014e-04 time=0.425s
[RQ-VAE] epoch=1522 loss=0.02090724 recon=0.00016303 beh=5.940799 w=0.003 lr=5.010e-04 time=0.481s
[RQ-VAE] epoch=1523 loss=0.02139965 recon=0.00016353 beh=5.956799 w=0.003 lr=5.007e-04 time=0.501s
[RQ-VAE] epoch=1524 loss=0.02238800 recon=0.00016223 beh=5.956016 w=0.003 lr=5.003e-04 time=0.47s
[RQ-VAE] epoch=1525 loss=0.02362413 recon=0.00016288 beh=5.950712 w=0.003 lr=5.000e-04 time=0.477s
[RQ-VAE] epoch=1526 loss=0.02431881 recon=0.00016301 beh=5.946452 w=0.003 lr=4.997e-04 time=0.348s
[RQ-VAE] epoch=1527 loss=0.02534505 recon=0.00016209 beh=5.934643 w=0.004 lr=4.993e-04 time=0.455s
[RQ-VAE] epoch=1528 loss=0.02618492 recon=0.00016279 beh=5.945580 w=0.004 lr=4.990e-04 time=0.469s
[RQ-VAE] epoch=1529 loss=0.02693223 recon=0.00016587 beh=5.947800 w=0.004 lr=4.986e-04 time=0.482s
[RQ-VAE] epoch=1530 loss=0.02791490 recon=0.00016520 beh=5.944497 w=0.004 lr=4.983e-04 time=0.443s
[RQ-VAE] epoch=1531 loss=0.02888729 recon=0.00016581 beh=5.928111 w=0.004 lr=4.980e-04 time=0.488s
[RQ-VAE] epoch=1532 loss=0.03001018 recon=0.00016718 beh=5.937575 w=0.004 lr=4.976e-04 time=0.512s
[RQ-VAE] epoch=1533 loss=0.03124093 recon=0.00016817 beh=5.938309 w=0.004 lr=4.973e-04 time=0.451s
[RQ-VAE] epoch=1534 loss=0.03167542 recon=0.00016558 beh=5.936126 w=0.005 lr=4.969e-04 time=0.588s
[RQ-VAE] epoch=1535 loss=0.03282090 recon=0.00016553 beh=5.933561 w=0.005 lr=4.966e-04 time=0.415s
[RQ-VAE] epoch=1536 loss=0.03357345 recon=0.00016506 beh=5.931954 w=0.005 lr=4.963e-04 time=0.426s
[RQ-VAE] epoch=1537 loss=0.03442239 recon=0.00016449 beh=5.933269 w=0.005 lr=4.959e-04 time=0.519s
[RQ-VAE] epoch=1538 loss=0.03571600 recon=0.00016460 beh=5.929461 w=0.005 lr=4.956e-04 time=0.45s
[RQ-VAE] epoch=1539 loss=0.03609290 recon=0.00016287 beh=5.940506 w=0.005 lr=4.953e-04 time=0.456s
[RQ-VAE] epoch=1540 loss=0.03708784 recon=0.00016466 beh=5.941187 w=0.005 lr=4.949e-04 time=0.435s
[RQ-VAE] epoch=1541 loss=0.03827716 recon=0.00016610 beh=5.920135 w=0.005 lr=4.946e-04 time=0.472s
[RQ-VAE] epoch=1542 loss=0.03887062 recon=0.00016641 beh=5.925899 w=0.006 lr=4.942e-04 time=0.509s
[RQ-VAE] epoch=1543 loss=0.04017582 recon=0.00016805 beh=5.929489 w=0.006 lr=4.939e-04 time=0.472s
[RQ-VAE] epoch=1544 loss=0.04089637 recon=0.00016647 beh=5.918605 w=0.006 lr=4.936e-04 time=0.433s
[RQ-VAE] epoch=1545 loss=0.04201597 recon=0.00016640 beh=5.932650 w=0.006 lr=4.932e-04 time=0.456s
[RQ-VAE] epoch=1546 loss=0.04314828 recon=0.00017107 beh=5.921896 w=0.006 lr=4.929e-04 time=0.427s
[RQ-VAE] epoch=1547 loss=0.04358992 recon=0.00017034 beh=5.922060 w=0.006 lr=4.925e-04 time=0.466s
[RQ-VAE] epoch=1548 loss=0.04411792 recon=0.00016936 beh=5.929698 w=0.006 lr=4.922e-04 time=0.441s
[RQ-VAE] epoch=1549 loss=0.04549133 recon=0.00016846 beh=5.933481 w=0.007 lr=4.919e-04 time=0.448s
[RQ-VAE] epoch=1550 loss=0.04637992 recon=0.00016837 lr=4.915e-04 raw_unique=2254/24587 collision=0.908326 time=0.451s
[RQ-VAE] epoch=1551 loss=0.04732620 recon=0.00016872 beh=5.921833 w=0.007 lr=4.912e-04 time=0.485s
[RQ-VAE] epoch=1552 loss=0.04850750 recon=0.00016782 beh=5.917999 w=0.007 lr=4.908e-04 time=0.464s
[RQ-VAE] epoch=1553 loss=0.04916856 recon=0.00016629 beh=5.911222 w=0.007 lr=4.905e-04 time=0.477s
[RQ-VAE] epoch=1554 loss=0.04997721 recon=0.00016750 beh=5.917078 w=0.007 lr=4.902e-04 time=0.425s
[RQ-VAE] epoch=1555 loss=0.05104429 recon=0.00016650 beh=5.908455 w=0.007 lr=4.898e-04 time=0.472s
[RQ-VAE] epoch=1556 loss=0.05197701 recon=0.00016859 beh=5.910206 w=0.007 lr=4.895e-04 time=0.497s
[RQ-VAE] epoch=1557 loss=0.05259917 recon=0.00016912 beh=5.920312 w=0.008 lr=4.892e-04 time=0.291s
[RQ-VAE] epoch=1558 loss=0.05390962 recon=0.00016887 beh=5.913797 w=0.008 lr=4.888e-04 time=0.45s
[RQ-VAE] epoch=1559 loss=0.05471778 recon=0.00016963 beh=5.907200 w=0.008 lr=4.885e-04 time=0.497s
[RQ-VAE] epoch=1560 loss=0.05644537 recon=0.00016970 beh=5.909275 w=0.008 lr=4.881e-04 time=0.515s
[RQ-VAE] epoch=1561 loss=0.05717918 recon=0.00016729 beh=5.918676 w=0.008 lr=4.878e-04 time=0.475s
[RQ-VAE] epoch=1562 loss=0.05758896 recon=0.00016555 beh=5.909206 w=0.008 lr=4.875e-04 time=0.451s
[RQ-VAE] epoch=1563 loss=0.05777669 recon=0.00016640 beh=5.907550 w=0.008 lr=4.871e-04 time=0.558s
[RQ-VAE] epoch=1564 loss=0.05943711 recon=0.00016785 beh=5.908832 w=0.009 lr=4.868e-04 time=0.42s
[RQ-VAE] epoch=1565 loss=0.05979167 recon=0.00016737 beh=5.918034 w=0.009 lr=4.864e-04 time=0.442s
[RQ-VAE] epoch=1566 loss=0.06111743 recon=0.00016818 beh=5.907809 w=0.009 lr=4.861e-04 time=0.435s
[RQ-VAE] epoch=1567 loss=0.06251574 recon=0.00016882 beh=5.911582 w=0.009 lr=4.858e-04 time=0.469s
[RQ-VAE] epoch=1568 loss=0.06247380 recon=0.00016912 beh=5.918083 w=0.009 lr=4.854e-04 time=0.449s
[RQ-VAE] epoch=1569 loss=0.06422307 recon=0.00016966 beh=5.914620 w=0.009 lr=4.851e-04 time=0.487s
[RQ-VAE] epoch=1570 loss=0.06485793 recon=0.00017078 beh=5.905218 w=0.009 lr=4.847e-04 time=0.443s
[RQ-VAE] epoch=1571 loss=0.06662026 recon=0.00017272 beh=5.907406 w=0.009 lr=4.844e-04 time=0.46s
[RQ-VAE] epoch=1572 loss=0.06731617 recon=0.00017251 beh=5.908538 w=0.010 lr=4.841e-04 time=0.477s
[RQ-VAE] epoch=1573 loss=0.06898331 recon=0.00017250 beh=5.894139 w=0.010 lr=4.837e-04 time=0.473s
[RQ-VAE] epoch=1574 loss=0.06929888 recon=0.00017149 beh=5.897510 w=0.010 lr=4.834e-04 time=0.454s
[RQ-VAE] epoch=1575 loss=0.07023096 recon=0.00017052 beh=5.907372 w=0.010 lr=4.831e-04 time=0.46s
[RQ-VAE] epoch=1576 loss=0.07109348 recon=0.00017148 beh=5.909021 w=0.010 lr=4.827e-04 time=0.483s
[RQ-VAE] epoch=1577 loss=0.07063287 recon=0.00017251 beh=5.911463 w=0.010 lr=4.824e-04 time=0.411s
[RQ-VAE] epoch=1578 loss=0.07231899 recon=0.00017167 beh=5.915484 w=0.010 lr=4.820e-04 time=0.435s
[RQ-VAE] epoch=1579 loss=0.07310129 recon=0.00017089 beh=5.917441 w=0.011 lr=4.817e-04 time=0.491s
[RQ-VAE] epoch=1580 loss=0.07404692 recon=0.00016970 beh=5.903059 w=0.011 lr=4.814e-04 time=0.455s
[RQ-VAE] epoch=1581 loss=0.07490946 recon=0.00017015 beh=5.898780 w=0.011 lr=4.810e-04 time=0.505s
[RQ-VAE] epoch=1582 loss=0.07548168 recon=0.00016899 beh=5.904626 w=0.011 lr=4.807e-04 time=0.555s
[RQ-VAE] epoch=1583 loss=0.07768470 recon=0.00017000 beh=5.901476 w=0.011 lr=4.803e-04 time=0.473s
[RQ-VAE] epoch=1584 loss=0.07866947 recon=0.00017102 beh=5.902889 w=0.011 lr=4.800e-04 time=0.497s
[RQ-VAE] epoch=1585 loss=0.07925805 recon=0.00017011 beh=5.908787 w=0.011 lr=4.797e-04 time=0.448s
[RQ-VAE] epoch=1586 loss=0.08000229 recon=0.00017045 beh=5.904324 w=0.011 lr=4.793e-04 time=0.435s
[RQ-VAE] epoch=1587 loss=0.08103864 recon=0.00017089 beh=5.907160 w=0.012 lr=4.790e-04 time=0.278s
[RQ-VAE] epoch=1588 loss=0.08198947 recon=0.00016983 beh=5.904620 w=0.012 lr=4.786e-04 time=0.492s
[RQ-VAE] epoch=1589 loss=0.08244386 recon=0.00016915 beh=5.902083 w=0.012 lr=4.783e-04 time=0.459s
[RQ-VAE] epoch=1590 loss=0.08326314 recon=0.00016961 beh=5.903692 w=0.012 lr=4.780e-04 time=0.421s
[RQ-VAE] epoch=1591 loss=0.08446109 recon=0.00017038 beh=5.907279 w=0.012 lr=4.776e-04 time=0.42s
[RQ-VAE] epoch=1592 loss=0.08489159 recon=0.00017066 beh=5.906891 w=0.012 lr=4.773e-04 time=0.471s
[RQ-VAE] epoch=1593 loss=0.08595591 recon=0.00017067 beh=5.901656 w=0.012 lr=4.769e-04 time=0.444s
[RQ-VAE] epoch=1594 loss=0.08650045 recon=0.00016998 beh=5.902605 w=0.013 lr=4.766e-04 time=0.479s
[RQ-VAE] epoch=1595 loss=0.08913901 recon=0.00017057 beh=5.898719 w=0.013 lr=4.763e-04 time=0.528s
[RQ-VAE] epoch=1596 loss=0.08786374 recon=0.00017136 beh=5.917150 w=0.013 lr=4.759e-04 time=0.374s
[RQ-VAE] epoch=1597 loss=0.09128802 recon=0.00017087 beh=5.896222 w=0.013 lr=4.756e-04 time=0.587s
[RQ-VAE] epoch=1598 loss=0.09028414 recon=0.00017113 beh=5.909204 w=0.013 lr=4.753e-04 time=0.487s
[RQ-VAE] epoch=1599 loss=0.09265655 recon=0.00017019 beh=5.890650 w=0.013 lr=4.749e-04 time=0.479s
[RQ-VAE] epoch=1600 loss=0.09260456 recon=0.00016970 lr=4.746e-04 raw_unique=2502/24587 collision=0.898239 time=0.472s
[RQ-VAE] epoch=1601 loss=0.09311692 recon=0.00016940 beh=5.897398 w=0.013 lr=4.742e-04 time=0.486s
[RQ-VAE] epoch=1602 loss=0.09436414 recon=0.00016932 beh=5.910538 w=0.014 lr=4.739e-04 time=0.476s
[RQ-VAE] epoch=1603 loss=0.09538887 recon=0.00016878 beh=5.895406 w=0.014 lr=4.736e-04 time=0.456s
[RQ-VAE] epoch=1604 loss=0.09668551 recon=0.00016967 beh=5.902228 w=0.014 lr=4.732e-04 time=0.478s
[RQ-VAE] epoch=1605 loss=0.09794344 recon=0.00017019 beh=5.902182 w=0.014 lr=4.729e-04 time=0.442s
[RQ-VAE] epoch=1606 loss=0.09713810 recon=0.00017126 beh=5.900516 w=0.014 lr=4.725e-04 time=0.464s
[RQ-VAE] epoch=1607 loss=0.09943549 recon=0.00017146 beh=5.893953 w=0.014 lr=4.722e-04 time=0.471s
[RQ-VAE] epoch=1608 loss=0.09958140 recon=0.00017131 beh=5.910986 w=0.014 lr=4.719e-04 time=0.45s
[RQ-VAE] epoch=1609 loss=0.10074182 recon=0.00017148 beh=5.898212 w=0.015 lr=4.715e-04 time=0.452s
[RQ-VAE] epoch=1610 loss=0.10149648 recon=0.00017148 beh=5.898802 w=0.015 lr=4.712e-04 time=0.449s
[RQ-VAE] epoch=1611 loss=0.10278085 recon=0.00017128 beh=5.901587 w=0.015 lr=4.708e-04 time=0.418s
[RQ-VAE] epoch=1612 loss=0.10379103 recon=0.00017089 beh=5.903075 w=0.015 lr=4.705e-04 time=0.489s
[RQ-VAE] epoch=1613 loss=0.10331465 recon=0.00017036 beh=5.903888 w=0.015 lr=4.702e-04 time=0.48s
[RQ-VAE] epoch=1614 loss=0.10599671 recon=0.00017026 beh=5.898339 w=0.015 lr=4.698e-04 time=0.462s
[RQ-VAE] epoch=1615 loss=0.10605181 recon=0.00017021 beh=5.905217 w=0.015 lr=4.695e-04 time=0.515s
[RQ-VAE] epoch=1616 loss=0.10660157 recon=0.00016931 beh=5.895650 w=0.015 lr=4.692e-04 time=0.482s
[RQ-VAE] epoch=1617 loss=0.10787109 recon=0.00016954 beh=5.894538 w=0.016 lr=4.688e-04 time=0.348s
[RQ-VAE] epoch=1618 loss=0.10828362 recon=0.00016959 beh=5.909460 w=0.016 lr=4.685e-04 time=0.446s
[RQ-VAE] epoch=1619 loss=0.10987490 recon=0.00017070 beh=5.901289 w=0.016 lr=4.681e-04 time=0.437s
[RQ-VAE] epoch=1620 loss=0.11017064 recon=0.00017031 beh=5.895636 w=0.016 lr=4.678e-04 time=0.428s
[RQ-VAE] epoch=1621 loss=0.11295263 recon=0.00017097 beh=5.893601 w=0.016 lr=4.675e-04 time=0.463s
[RQ-VAE] epoch=1622 loss=0.11249311 recon=0.00017093 beh=5.905748 w=0.016 lr=4.671e-04 time=0.503s
[RQ-VAE] epoch=1623 loss=0.11500326 recon=0.00017109 beh=5.900287 w=0.016 lr=4.668e-04 time=0.49s
[RQ-VAE] epoch=1624 loss=0.11454196 recon=0.00017127 beh=5.904503 w=0.017 lr=4.664e-04 time=0.405s
[RQ-VAE] epoch=1625 loss=0.11676586 recon=0.00017118 beh=5.893735 w=0.017 lr=4.661e-04 time=0.417s
[RQ-VAE] epoch=1626 loss=0.11688136 recon=0.00017107 beh=5.902165 w=0.017 lr=4.658e-04 time=0.464s
[RQ-VAE] epoch=1627 loss=0.11896019 recon=0.00017083 beh=5.902231 w=0.017 lr=4.654e-04 time=0.5s
[RQ-VAE] epoch=1628 loss=0.11865659 recon=0.00017202 beh=5.902956 w=0.017 lr=4.651e-04 time=0.477s
[RQ-VAE] epoch=1629 loss=0.11994938 recon=0.00017210 beh=5.899831 w=0.017 lr=4.647e-04 time=0.47s
[RQ-VAE] epoch=1630 loss=0.12097465 recon=0.00017306 beh=5.903203 w=0.017 lr=4.644e-04 time=0.495s
[RQ-VAE] epoch=1631 loss=0.12109195 recon=0.00017320 beh=5.893223 w=0.017 lr=4.641e-04 time=0.453s
[RQ-VAE] epoch=1632 loss=0.12249035 recon=0.00017283 beh=5.903793 w=0.018 lr=4.637e-04 time=0.479s
[RQ-VAE] epoch=1633 loss=0.12422244 recon=0.00017296 beh=5.893615 w=0.018 lr=4.634e-04 time=0.402s
[RQ-VAE] epoch=1634 loss=0.12358292 recon=0.00017339 beh=5.893623 w=0.018 lr=4.631e-04 time=0.44s
[RQ-VAE] epoch=1635 loss=0.12566851 recon=0.00017413 beh=5.891161 w=0.018 lr=4.627e-04 time=0.459s
[RQ-VAE] epoch=1636 loss=0.12525909 recon=0.00017527 beh=5.894296 w=0.018 lr=4.624e-04 time=0.457s
[RQ-VAE] epoch=1637 loss=0.12673411 recon=0.00017588 beh=5.901052 w=0.018 lr=4.620e-04 time=0.518s
[RQ-VAE] epoch=1638 loss=0.12734444 recon=0.00017624 beh=5.896403 w=0.018 lr=4.617e-04 time=0.415s
[RQ-VAE] epoch=1639 loss=0.12870780 recon=0.00017570 beh=5.904825 w=0.019 lr=4.614e-04 time=0.482s
[RQ-VAE] epoch=1640 loss=0.13197483 recon=0.00017657 beh=5.880413 w=0.019 lr=4.610e-04 time=0.412s
[RQ-VAE] epoch=1641 loss=0.12892410 recon=0.00017625 beh=5.897600 w=0.019 lr=4.607e-04 time=0.414s
[RQ-VAE] epoch=1642 loss=0.13212264 recon=0.00017611 beh=5.887389 w=0.019 lr=4.603e-04 time=0.477s
[RQ-VAE] epoch=1643 loss=0.13099866 recon=0.00017626 beh=5.894557 w=0.019 lr=4.600e-04 time=0.488s
[RQ-VAE] epoch=1644 loss=0.13340475 recon=0.00017600 beh=5.893660 w=0.019 lr=4.597e-04 time=0.531s
[RQ-VAE] epoch=1645 loss=0.13211283 recon=0.00017530 beh=5.894406 w=0.019 lr=4.593e-04 time=0.455s
[RQ-VAE] epoch=1646 loss=0.13581668 recon=0.00017573 beh=5.891054 w=0.019 lr=4.590e-04 time=0.506s
[RQ-VAE] epoch=1647 loss=0.13551587 recon=0.00017569 beh=5.897155 w=0.020 lr=4.586e-04 time=0.457s
[RQ-VAE] epoch=1648 loss=0.13680042 recon=0.00017543 beh=5.900396 w=0.020 lr=4.583e-04 time=0.344s
[RQ-VAE] epoch=1649 loss=0.13917013 recon=0.00017532 beh=5.898086 w=0.020 lr=4.580e-04 time=0.465s
[RQ-VAE] epoch=1650 loss=0.13899079 recon=0.00017684 lr=4.576e-04 raw_unique=2653/24587 collision=0.892097 time=0.449s
[RQ-VAE] epoch=1651 loss=0.14072372 recon=0.00017636 beh=5.898972 w=0.020 lr=4.573e-04 time=0.473s
[RQ-VAE] epoch=1652 loss=0.13897753 recon=0.00017616 beh=5.908520 w=0.020 lr=4.569e-04 time=0.435s
[RQ-VAE] epoch=1653 loss=0.14350267 recon=0.00017639 beh=5.894187 w=0.020 lr=4.566e-04 time=0.488s
[RQ-VAE] epoch=1654 loss=0.14159423 recon=0.00017633 beh=5.904858 w=0.021 lr=4.563e-04 time=0.613s
[RQ-VAE] epoch=1655 loss=0.14459208 recon=0.00017658 beh=5.891046 w=0.021 lr=4.559e-04 time=0.429s
[RQ-VAE] epoch=1656 loss=0.14504141 recon=0.00017617 beh=5.890553 w=0.021 lr=4.556e-04 time=0.452s
[RQ-VAE] epoch=1657 loss=0.14506194 recon=0.00017544 beh=5.895726 w=0.021 lr=4.553e-04 time=0.494s
[RQ-VAE] epoch=1658 loss=0.14596125 recon=0.00017563 beh=5.893607 w=0.021 lr=4.549e-04 time=0.465s
[RQ-VAE] epoch=1659 loss=0.14783530 recon=0.00017541 beh=5.897391 w=0.021 lr=4.546e-04 time=0.493s
[RQ-VAE] epoch=1660 loss=0.14731105 recon=0.00017601 beh=5.906144 w=0.021 lr=4.542e-04 time=0.468s
[RQ-VAE] epoch=1661 loss=0.14931090 recon=0.00017624 beh=5.891902 w=0.021 lr=4.539e-04 time=0.445s
[RQ-VAE] epoch=1662 loss=0.15115929 recon=0.00017554 beh=5.875652 w=0.022 lr=4.536e-04 time=0.445s
[RQ-VAE] epoch=1663 loss=0.15186141 recon=0.00017579 beh=5.894656 w=0.022 lr=4.532e-04 time=0.454s
[RQ-VAE] epoch=1664 loss=0.15275894 recon=0.00017657 beh=5.893023 w=0.022 lr=4.529e-04 time=0.425s
[RQ-VAE] epoch=1665 loss=0.15285642 recon=0.00017628 beh=5.888739 w=0.022 lr=4.525e-04 time=0.457s
[RQ-VAE] epoch=1666 loss=0.15265596 recon=0.00017582 beh=5.899342 w=0.022 lr=4.522e-04 time=0.504s
[RQ-VAE] epoch=1667 loss=0.15543038 recon=0.00017578 beh=5.895607 w=0.022 lr=4.519e-04 time=0.451s
[RQ-VAE] epoch=1668 loss=0.15486914 recon=0.00017589 beh=5.905116 w=0.022 lr=4.515e-04 time=0.419s
[RQ-VAE] epoch=1669 loss=0.15565217 recon=0.00017570 beh=5.895120 w=0.023 lr=4.512e-04 time=0.456s
[RQ-VAE] epoch=1670 loss=0.15943056 recon=0.00017605 beh=5.887238 w=0.023 lr=4.508e-04 time=0.488s
[RQ-VAE] epoch=1671 loss=0.15730494 recon=0.00017628 beh=5.895368 w=0.023 lr=4.505e-04 time=0.458s
[RQ-VAE] epoch=1672 loss=0.16011611 recon=0.00017605 beh=5.894782 w=0.023 lr=4.502e-04 time=0.414s
[RQ-VAE] epoch=1673 loss=0.16122501 recon=0.00017592 beh=5.879248 w=0.023 lr=4.498e-04 time=0.467s
[RQ-VAE] epoch=1674 loss=0.16101174 recon=0.00017646 beh=5.883485 w=0.023 lr=4.495e-04 time=0.477s
[RQ-VAE] epoch=1675 loss=0.16126636 recon=0.00017622 beh=5.905689 w=0.023 lr=4.492e-04 time=0.475s
[RQ-VAE] epoch=1676 loss=0.16261089 recon=0.00017638 beh=5.903811 w=0.023 lr=4.488e-04 time=0.453s
[RQ-VAE] epoch=1677 loss=0.16247344 recon=0.00017625 beh=5.886964 w=0.024 lr=4.485e-04 time=0.504s
[RQ-VAE] epoch=1678 loss=0.16518942 recon=0.00017670 beh=5.882027 w=0.024 lr=4.481e-04 time=0.315s
[RQ-VAE] epoch=1679 loss=0.16552618 recon=0.00017654 beh=5.890529 w=0.024 lr=4.478e-04 time=0.415s
[RQ-VAE] epoch=1680 loss=0.16743229 recon=0.00017618 beh=5.896609 w=0.024 lr=4.475e-04 time=0.481s
[RQ-VAE] epoch=1681 loss=0.16928667 recon=0.00017666 beh=5.889055 w=0.024 lr=4.471e-04 time=0.403s
[RQ-VAE] epoch=1682 loss=0.16822918 recon=0.00017676 beh=5.901029 w=0.024 lr=4.468e-04 time=0.45s
[RQ-VAE] epoch=1683 loss=0.17144072 recon=0.00017666 beh=5.890506 w=0.024 lr=4.464e-04 time=0.564s
[RQ-VAE] epoch=1684 loss=0.17120582 recon=0.00017659 beh=5.881075 w=0.025 lr=4.461e-04 time=0.465s
[RQ-VAE] epoch=1685 loss=0.17175975 recon=0.00017688 beh=5.892933 w=0.025 lr=4.458e-04 time=0.448s
[RQ-VAE] epoch=1686 loss=0.17329131 recon=0.00017690 beh=5.902527 w=0.025 lr=4.454e-04 time=0.428s
[RQ-VAE] epoch=1687 loss=0.17330790 recon=0.00017672 beh=5.886297 w=0.025 lr=4.451e-04 time=0.457s
[RQ-VAE] epoch=1688 loss=0.17675725 recon=0.00017624 beh=5.890006 w=0.025 lr=4.447e-04 time=0.467s
[RQ-VAE] epoch=1689 loss=0.17462099 recon=0.00017654 beh=5.893995 w=0.025 lr=4.444e-04 time=0.511s
[RQ-VAE] epoch=1690 loss=0.17841905 recon=0.00017661 beh=5.890481 w=0.025 lr=4.441e-04 time=0.461s
[RQ-VAE] epoch=1691 loss=0.17483956 recon=0.00017720 beh=5.903190 w=0.025 lr=4.437e-04 time=0.448s
[RQ-VAE] epoch=1692 loss=0.17918248 recon=0.00017723 beh=5.895950 w=0.026 lr=4.434e-04 time=0.493s
[RQ-VAE] epoch=1693 loss=0.17725927 recon=0.00017665 beh=5.896755 w=0.026 lr=4.431e-04 time=0.44s
[RQ-VAE] epoch=1694 loss=0.18017951 recon=0.00017618 beh=5.888366 w=0.026 lr=4.427e-04 time=0.509s
[RQ-VAE] epoch=1695 loss=0.18139547 recon=0.00017580 beh=5.896207 w=0.026 lr=4.424e-04 time=0.438s
[RQ-VAE] epoch=1696 loss=0.18133008 recon=0.00017575 beh=5.892896 w=0.026 lr=4.420e-04 time=0.475s
[RQ-VAE] epoch=1697 loss=0.18340977 recon=0.00017597 beh=5.880965 w=0.026 lr=4.417e-04 time=0.465s
[RQ-VAE] epoch=1698 loss=0.18500900 recon=0.00017616 beh=5.887009 w=0.026 lr=4.414e-04 time=0.471s
[RQ-VAE] epoch=1699 loss=0.18573168 recon=0.00017615 beh=5.891187 w=0.027 lr=4.410e-04 time=0.465s
[RQ-VAE] epoch=1700 loss=0.18671186 recon=0.00017607 lr=4.407e-04 raw_unique=2851/24587 collision=0.884044 time=0.427s
[RQ-VAE] epoch=1701 loss=0.18758899 recon=0.00017604 beh=5.893213 w=0.027 lr=4.403e-04 time=0.47s
[RQ-VAE] epoch=1702 loss=0.18847857 recon=0.00017585 beh=5.882649 w=0.027 lr=4.400e-04 time=0.603s
[RQ-VAE] epoch=1703 loss=0.18813430 recon=0.00017584 beh=5.896604 w=0.027 lr=4.397e-04 time=0.499s
[RQ-VAE] epoch=1704 loss=0.18808718 recon=0.00017593 beh=5.898685 w=0.027 lr=4.393e-04 time=0.441s
[RQ-VAE] epoch=1705 loss=0.18897262 recon=0.00017615 beh=5.898312 w=0.027 lr=4.390e-04 time=0.469s
[RQ-VAE] epoch=1706 loss=0.19106551 recon=0.00017653 beh=5.903862 w=0.027 lr=4.386e-04 time=0.462s
[RQ-VAE] epoch=1707 loss=0.19002514 recon=0.00017667 beh=5.900301 w=0.028 lr=4.383e-04 time=0.431s
[RQ-VAE] epoch=1708 loss=0.19219846 recon=0.00017634 beh=5.896821 w=0.028 lr=4.380e-04 time=0.276s
[RQ-VAE] epoch=1709 loss=0.19582376 recon=0.00017650 beh=5.884856 w=0.028 lr=4.376e-04 time=0.528s
[RQ-VAE] epoch=1710 loss=0.19476847 recon=0.00017595 beh=5.880098 w=0.028 lr=4.373e-04 time=0.438s
[RQ-VAE] epoch=1711 loss=0.19914904 recon=0.00017631 beh=5.885239 w=0.028 lr=4.369e-04 time=0.43s
[RQ-VAE] epoch=1712 loss=0.19587584 recon=0.00017627 beh=5.892562 w=0.028 lr=4.366e-04 time=0.447s
[RQ-VAE] epoch=1713 loss=0.19970626 recon=0.00017579 beh=5.888247 w=0.028 lr=4.363e-04 time=0.5s
[RQ-VAE] epoch=1714 loss=0.20007531 recon=0.00017604 beh=5.887853 w=0.029 lr=4.359e-04 time=0.439s
[RQ-VAE] epoch=1715 loss=0.19991834 recon=0.00017647 beh=5.894087 w=0.029 lr=4.356e-04 time=0.46s
[RQ-VAE] epoch=1716 loss=0.20169839 recon=0.00017595 beh=5.890153 w=0.029 lr=4.353e-04 time=0.475s
[RQ-VAE] epoch=1717 loss=0.20076968 recon=0.00017561 beh=5.893626 w=0.029 lr=4.349e-04 time=0.613s
[RQ-VAE] epoch=1718 loss=0.20371649 recon=0.00017548 beh=5.889033 w=0.029 lr=4.346e-04 time=0.511s
[RQ-VAE] epoch=1719 loss=0.20235439 recon=0.00017586 beh=5.891669 w=0.029 lr=4.342e-04 time=0.475s
[RQ-VAE] epoch=1720 loss=0.20526540 recon=0.00017573 beh=5.888501 w=0.029 lr=4.339e-04 time=0.488s
[RQ-VAE] epoch=1721 loss=0.20441827 recon=0.00017551 beh=5.886468 w=0.029 lr=4.336e-04 time=0.481s
[RQ-VAE] epoch=1722 loss=0.20668334 recon=0.00017568 beh=5.893739 w=0.030 lr=4.332e-04 time=0.47s
[RQ-VAE] epoch=1723 loss=0.20818762 recon=0.00017613 beh=5.893210 w=0.030 lr=4.329e-04 time=0.44s
[RQ-VAE] epoch=1724 loss=0.20688036 recon=0.00017622 beh=5.893264 w=0.030 lr=4.325e-04 time=0.463s
[RQ-VAE] epoch=1725 loss=0.21113889 recon=0.00017596 beh=5.885282 w=0.030 lr=4.322e-04 time=0.459s
[RQ-VAE] epoch=1726 loss=0.20905374 recon=0.00017595 beh=5.892243 w=0.030 lr=4.319e-04 time=0.461s
[RQ-VAE] epoch=1727 loss=0.21154983 recon=0.00017534 beh=5.886723 w=0.030 lr=4.315e-04 time=0.518s
[RQ-VAE] epoch=1728 loss=0.21225497 recon=0.00017588 beh=5.888123 w=0.030 lr=4.312e-04 time=0.412s
[RQ-VAE] epoch=1729 loss=0.21217434 recon=0.00017551 beh=5.884485 w=0.031 lr=4.308e-04 time=0.378s
[RQ-VAE] epoch=1730 loss=0.21327025 recon=0.00017578 beh=5.891845 w=0.031 lr=4.305e-04 time=0.435s
[RQ-VAE] epoch=1731 loss=0.21449475 recon=0.00017618 beh=5.885953 w=0.031 lr=4.302e-04 time=0.472s
[RQ-VAE] epoch=1732 loss=0.21615568 recon=0.00017610 beh=5.883486 w=0.031 lr=4.298e-04 time=0.51s
[RQ-VAE] epoch=1733 loss=0.21656996 recon=0.00017629 beh=5.893269 w=0.031 lr=4.295e-04 time=0.501s
[RQ-VAE] epoch=1734 loss=0.21680553 recon=0.00017624 beh=5.890555 w=0.031 lr=4.292e-04 time=0.504s
[RQ-VAE] epoch=1735 loss=0.22032236 recon=0.00017638 beh=5.885536 w=0.031 lr=4.288e-04 time=0.483s
[RQ-VAE] epoch=1736 loss=0.21799849 recon=0.00017655 beh=5.887676 w=0.031 lr=4.285e-04 time=0.499s
[RQ-VAE] epoch=1737 loss=0.22205770 recon=0.00017661 beh=5.888172 w=0.032 lr=4.281e-04 time=0.444s
[RQ-VAE] epoch=1738 loss=0.22065052 recon=0.00017629 beh=5.887086 w=0.032 lr=4.278e-04 time=0.416s
[RQ-VAE] epoch=1739 loss=0.22379820 recon=0.00017601 beh=5.891780 w=0.032 lr=4.275e-04 time=0.306s
[RQ-VAE] epoch=1740 loss=0.22121379 recon=0.00017609 beh=5.897235 w=0.032 lr=4.271e-04 time=0.416s
[RQ-VAE] epoch=1741 loss=0.22423324 recon=0.00017572 beh=5.885348 w=0.032 lr=4.268e-04 time=0.479s
[RQ-VAE] epoch=1742 loss=0.22507158 recon=0.00017594 beh=5.887361 w=0.032 lr=4.264e-04 time=0.449s
[RQ-VAE] epoch=1743 loss=0.22536445 recon=0.00017618 beh=5.885687 w=0.032 lr=4.261e-04 time=0.48s
[RQ-VAE] epoch=1744 loss=0.22731307 recon=0.00017608 beh=5.893351 w=0.033 lr=4.258e-04 time=0.467s
[RQ-VAE] epoch=1745 loss=0.22514471 recon=0.00017661 beh=5.896966 w=0.033 lr=4.254e-04 time=0.427s
[RQ-VAE] epoch=1746 loss=0.22934255 recon=0.00017693 beh=5.882195 w=0.033 lr=4.251e-04 time=0.486s
[RQ-VAE] epoch=1747 loss=0.22935611 recon=0.00017660 beh=5.879540 w=0.033 lr=4.247e-04 time=0.483s
[RQ-VAE] epoch=1748 loss=0.22860757 recon=0.00017681 beh=5.891284 w=0.033 lr=4.244e-04 time=0.478s
[RQ-VAE] epoch=1749 loss=0.23271586 recon=0.00017667 beh=5.883434 w=0.033 lr=4.241e-04 time=0.468s
[RQ-VAE] epoch=1750 loss=0.23086457 recon=0.00017687 lr=4.237e-04 raw_unique=3028/24587 collision=0.876845 time=0.478s
[RQ-VAE] epoch=1751 loss=0.23285310 recon=0.00017727 beh=5.889816 w=0.033 lr=4.234e-04 time=0.498s
[RQ-VAE] epoch=1752 loss=0.23498213 recon=0.00017754 beh=5.884372 w=0.034 lr=4.231e-04 time=0.452s
[RQ-VAE] epoch=1753 loss=0.23738691 recon=0.00017804 beh=5.881846 w=0.034 lr=4.227e-04 time=0.491s
[RQ-VAE] epoch=1754 loss=0.23771070 recon=0.00017791 beh=5.885497 w=0.034 lr=4.224e-04 time=0.435s
[RQ-VAE] epoch=1755 loss=0.23926902 recon=0.00017721 beh=5.891084 w=0.034 lr=4.220e-04 time=0.476s
[RQ-VAE] epoch=1756 loss=0.23757368 recon=0.00017680 beh=5.898032 w=0.034 lr=4.217e-04 time=0.426s
[RQ-VAE] epoch=1757 loss=0.23806633 recon=0.00017712 beh=5.889683 w=0.034 lr=4.214e-04 time=0.474s
[RQ-VAE] epoch=1758 loss=0.24007809 recon=0.00017720 beh=5.890467 w=0.034 lr=4.210e-04 time=0.484s
[RQ-VAE] epoch=1759 loss=0.24010885 recon=0.00017733 beh=5.891133 w=0.035 lr=4.207e-04 time=0.44s
[RQ-VAE] epoch=1760 loss=0.24425349 recon=0.00017740 beh=5.886037 w=0.035 lr=4.203e-04 time=0.442s
[RQ-VAE] epoch=1761 loss=0.24277331 recon=0.00017718 beh=5.894464 w=0.035 lr=4.200e-04 time=0.478s
[RQ-VAE] epoch=1762 loss=0.24470466 recon=0.00017713 beh=5.882527 w=0.035 lr=4.197e-04 time=0.411s
[RQ-VAE] epoch=1763 loss=0.24536288 recon=0.00017698 beh=5.891422 w=0.035 lr=4.193e-04 time=0.481s
[RQ-VAE] epoch=1764 loss=0.24424286 recon=0.00017758 beh=5.896049 w=0.035 lr=4.190e-04 time=0.475s
[RQ-VAE] epoch=1765 loss=0.24629293 recon=0.00017735 beh=5.894395 w=0.035 lr=4.186e-04 time=0.461s
[RQ-VAE] epoch=1766 loss=0.24784686 recon=0.00017726 beh=5.881674 w=0.035 lr=4.183e-04 time=0.48s
[RQ-VAE] epoch=1767 loss=0.24934524 recon=0.00017744 beh=5.874058 w=0.036 lr=4.180e-04 time=0.447s
[RQ-VAE] epoch=1768 loss=0.24998042 recon=0.00017733 beh=5.891580 w=0.036 lr=4.176e-04 time=0.406s
[RQ-VAE] epoch=1769 loss=0.24910331 recon=0.00017725 beh=5.889066 w=0.036 lr=4.173e-04 time=0.388s
[RQ-VAE] epoch=1770 loss=0.25106034 recon=0.00017767 beh=5.883271 w=0.036 lr=4.169e-04 time=0.443s
[RQ-VAE] epoch=1771 loss=0.25272775 recon=0.00017739 beh=5.887027 w=0.036 lr=4.166e-04 time=0.434s
[RQ-VAE] epoch=1772 loss=0.25112545 recon=0.00017752 beh=5.887771 w=0.036 lr=4.163e-04 time=0.438s
[RQ-VAE] epoch=1773 loss=0.25539118 recon=0.00017720 beh=5.890862 w=0.036 lr=4.159e-04 time=0.445s
[RQ-VAE] epoch=1774 loss=0.25329185 recon=0.00017716 beh=5.887026 w=0.037 lr=4.156e-04 time=0.618s
[RQ-VAE] epoch=1775 loss=0.25593561 recon=0.00017714 beh=5.898975 w=0.037 lr=4.153e-04 time=0.44s
[RQ-VAE] epoch=1776 loss=0.25477138 recon=0.00017726 beh=5.887452 w=0.037 lr=4.149e-04 time=0.467s
[RQ-VAE] epoch=1777 loss=0.25768113 recon=0.00017713 beh=5.888858 w=0.037 lr=4.146e-04 time=0.462s
[RQ-VAE] epoch=1778 loss=0.25797483 recon=0.00017677 beh=5.896642 w=0.037 lr=4.142e-04 time=0.465s
[RQ-VAE] epoch=1779 loss=0.25890136 recon=0.00017654 beh=5.897816 w=0.037 lr=4.139e-04 time=0.468s
[RQ-VAE] epoch=1780 loss=0.26146129 recon=0.00017645 beh=5.882867 w=0.037 lr=4.136e-04 time=0.478s
[RQ-VAE] epoch=1781 loss=0.26201397 recon=0.00017582 beh=5.894323 w=0.037 lr=4.132e-04 time=0.443s
[RQ-VAE] epoch=1782 loss=0.26002315 recon=0.00017559 beh=5.886788 w=0.038 lr=4.129e-04 time=0.459s
[RQ-VAE] epoch=1783 loss=0.26249886 recon=0.00017564 beh=5.890702 w=0.038 lr=4.125e-04 time=0.446s
[RQ-VAE] epoch=1784 loss=0.26326758 recon=0.00017576 beh=5.881219 w=0.038 lr=4.122e-04 time=0.472s
[RQ-VAE] epoch=1785 loss=0.26493233 recon=0.00017574 beh=5.889170 w=0.038 lr=4.119e-04 time=0.492s
[RQ-VAE] epoch=1786 loss=0.26288149 recon=0.00017581 beh=5.893204 w=0.038 lr=4.115e-04 time=0.495s
[RQ-VAE] epoch=1787 loss=0.26620737 recon=0.00017566 beh=5.881667 w=0.038 lr=4.112e-04 time=0.476s
[RQ-VAE] epoch=1788 loss=0.26549226 recon=0.00017566 beh=5.884379 w=0.038 lr=4.108e-04 time=0.469s
[RQ-VAE] epoch=1789 loss=0.26799470 recon=0.00017578 beh=5.883538 w=0.039 lr=4.105e-04 time=0.463s
[RQ-VAE] epoch=1790 loss=0.26841903 recon=0.00017564 beh=5.884924 w=0.039 lr=4.102e-04 time=0.435s
[RQ-VAE] epoch=1791 loss=0.26917285 recon=0.00017578 beh=5.892315 w=0.039 lr=4.098e-04 time=0.442s
[RQ-VAE] epoch=1792 loss=0.27056777 recon=0.00017637 beh=5.887949 w=0.039 lr=4.095e-04 time=0.46s
[RQ-VAE] epoch=1793 loss=0.27158272 recon=0.00017621 beh=5.888642 w=0.039 lr=4.092e-04 time=0.42s
[RQ-VAE] epoch=1794 loss=0.27402893 recon=0.00017580 beh=5.880516 w=0.039 lr=4.088e-04 time=0.469s
[RQ-VAE] epoch=1795 loss=0.27377576 recon=0.00017622 beh=5.893948 w=0.039 lr=4.085e-04 time=0.376s
[RQ-VAE] epoch=1796 loss=0.27653468 recon=0.00017600 beh=5.895152 w=0.039 lr=4.081e-04 time=0.461s
[RQ-VAE] epoch=1797 loss=0.27536517 recon=0.00017591 beh=5.889208 w=0.040 lr=4.078e-04 time=0.458s
[RQ-VAE] epoch=1798 loss=0.27692196 recon=0.00017604 beh=5.888895 w=0.040 lr=4.075e-04 time=0.456s
[RQ-VAE] epoch=1799 loss=0.27565381 recon=0.00017559 beh=5.890301 w=0.040 lr=4.071e-04 time=0.256s
[RQ-VAE] epoch=1800 loss=0.27796423 recon=0.00017584 lr=4.068e-04 raw_unique=3410/24587 collision=0.861309 time=0.436s
[RQ-VAE] epoch=1801 loss=0.28009021 recon=0.00017628 beh=5.884962 w=0.040 lr=4.064e-04 time=0.43s
[RQ-VAE] epoch=1802 loss=0.27990851 recon=0.00017617 beh=5.876251 w=0.040 lr=4.061e-04 time=0.401s
[RQ-VAE] epoch=1803 loss=0.28066823 recon=0.00017629 beh=5.882002 w=0.040 lr=4.058e-04 time=0.619s
[RQ-VAE] epoch=1804 loss=0.28250742 recon=0.00017640 beh=5.890107 w=0.041 lr=4.054e-04 time=0.439s
[RQ-VAE] epoch=1805 loss=0.28163403 recon=0.00017649 beh=5.888402 w=0.041 lr=4.051e-04 time=0.432s
[RQ-VAE] epoch=1806 loss=0.28456834 recon=0.00017636 beh=5.883610 w=0.041 lr=4.047e-04 time=0.471s
[RQ-VAE] epoch=1807 loss=0.28576487 recon=0.00017589 beh=5.880515 w=0.041 lr=4.044e-04 time=0.459s
[RQ-VAE] epoch=1808 loss=0.28691477 recon=0.00017538 beh=5.887567 w=0.041 lr=4.041e-04 time=0.477s
[RQ-VAE] epoch=1809 loss=0.28652292 recon=0.00017537 beh=5.882141 w=0.041 lr=4.037e-04 time=0.423s
[RQ-VAE] epoch=1810 loss=0.29164660 recon=0.00017567 beh=5.873290 w=0.041 lr=4.034e-04 time=0.457s
[RQ-VAE] epoch=1811 loss=0.28846455 recon=0.00017603 beh=5.891894 w=0.041 lr=4.031e-04 time=0.405s
[RQ-VAE] epoch=1812 loss=0.29227689 recon=0.00017597 beh=5.878548 w=0.042 lr=4.027e-04 time=0.489s
[RQ-VAE] epoch=1813 loss=0.29505306 recon=0.00017600 beh=5.881993 w=0.042 lr=4.024e-04 time=0.469s
[RQ-VAE] epoch=1814 loss=0.29108971 recon=0.00017610 beh=5.884394 w=0.042 lr=4.020e-04 time=0.433s
[RQ-VAE] epoch=1815 loss=0.29588962 recon=0.00017592 beh=5.890410 w=0.042 lr=4.017e-04 time=0.448s
[RQ-VAE] epoch=1816 loss=0.29319382 recon=0.00017585 beh=5.884389 w=0.042 lr=4.014e-04 time=0.498s
[RQ-VAE] epoch=1817 loss=0.29655182 recon=0.00017623 beh=5.881593 w=0.042 lr=4.010e-04 time=0.404s
[RQ-VAE] epoch=1818 loss=0.29804623 recon=0.00017590 beh=5.880321 w=0.042 lr=4.007e-04 time=0.487s
[RQ-VAE] epoch=1819 loss=0.29768398 recon=0.00017566 beh=5.878528 w=0.043 lr=4.003e-04 time=0.496s
[RQ-VAE] epoch=1820 loss=0.29952377 recon=0.00017561 beh=5.880051 w=0.043 lr=4.000e-04 time=0.478s
[RQ-VAE] epoch=1821 loss=0.29962206 recon=0.00017564 beh=5.881138 w=0.043 lr=3.997e-04 time=0.46s
[RQ-VAE] epoch=1822 loss=0.30054456 recon=0.00017588 beh=5.881373 w=0.043 lr=3.993e-04 time=0.546s
[RQ-VAE] epoch=1823 loss=0.30295706 recon=0.00017622 beh=5.884089 w=0.043 lr=3.990e-04 time=0.444s
[RQ-VAE] epoch=1824 loss=0.30095217 recon=0.00017641 beh=5.876959 w=0.043 lr=3.986e-04 time=0.484s
[RQ-VAE] epoch=1825 loss=0.30246526 recon=0.00017650 beh=5.887482 w=0.043 lr=3.983e-04 time=0.531s
[RQ-VAE] epoch=1826 loss=0.30362380 recon=0.00017653 beh=5.886288 w=0.043 lr=3.980e-04 time=0.485s
[RQ-VAE] epoch=1827 loss=0.30276847 recon=0.00017672 beh=5.881428 w=0.044 lr=3.976e-04 time=0.459s
[RQ-VAE] epoch=1828 loss=0.30578262 recon=0.00017693 beh=5.884356 w=0.044 lr=3.973e-04 time=0.448s
[RQ-VAE] epoch=1829 loss=0.30692714 recon=0.00017674 beh=5.876042 w=0.044 lr=3.969e-04 time=0.277s
[RQ-VAE] epoch=1830 loss=0.30660769 recon=0.00017648 beh=5.886120 w=0.044 lr=3.966e-04 time=0.464s
[RQ-VAE] epoch=1831 loss=0.30586231 recon=0.00017663 beh=5.884397 w=0.044 lr=3.963e-04 time=0.449s
[RQ-VAE] epoch=1832 loss=0.30848840 recon=0.00017666 beh=5.881326 w=0.044 lr=3.959e-04 time=0.458s
[RQ-VAE] epoch=1833 loss=0.30741262 recon=0.00017682 beh=5.894451 w=0.044 lr=3.956e-04 time=0.443s
[RQ-VAE] epoch=1834 loss=0.30956849 recon=0.00017663 beh=5.890434 w=0.045 lr=3.953e-04 time=0.48s
[RQ-VAE] epoch=1835 loss=0.31016606 recon=0.00017635 beh=5.883862 w=0.045 lr=3.949e-04 time=0.431s
[RQ-VAE] epoch=1836 loss=0.31187832 recon=0.00017659 beh=5.873123 w=0.045 lr=3.946e-04 time=0.442s
[RQ-VAE] epoch=1837 loss=0.31489664 recon=0.00017685 beh=5.892424 w=0.045 lr=3.942e-04 time=0.454s
[RQ-VAE] epoch=1838 loss=0.31149030 recon=0.00017702 beh=5.890001 w=0.045 lr=3.939e-04 time=0.607s
[RQ-VAE] epoch=1839 loss=0.31664294 recon=0.00017675 beh=5.897874 w=0.045 lr=3.936e-04 time=0.403s
[RQ-VAE] epoch=1840 loss=0.31462425 recon=0.00017678 beh=5.888263 w=0.045 lr=3.932e-04 time=0.49s
[RQ-VAE] epoch=1841 loss=0.32037616 recon=0.00017665 beh=5.876637 w=0.045 lr=3.929e-04 time=0.489s
[RQ-VAE] epoch=1842 loss=0.31956166 recon=0.00017681 beh=5.884588 w=0.046 lr=3.925e-04 time=0.48s
[RQ-VAE] epoch=1843 loss=0.32326764 recon=0.00017703 beh=5.875893 w=0.046 lr=3.922e-04 time=0.476s
[RQ-VAE] epoch=1844 loss=0.32095364 recon=0.00017709 beh=5.885713 w=0.046 lr=3.919e-04 time=0.453s
[RQ-VAE] epoch=1845 loss=0.32458338 recon=0.00017698 beh=5.878557 w=0.046 lr=3.915e-04 time=0.489s
[RQ-VAE] epoch=1846 loss=0.32152188 recon=0.00017665 beh=5.874240 w=0.046 lr=3.912e-04 time=0.42s
[RQ-VAE] epoch=1847 loss=0.32714272 recon=0.00017644 beh=5.886436 w=0.046 lr=3.908e-04 time=0.416s
[RQ-VAE] epoch=1848 loss=0.32257229 recon=0.00017658 beh=5.879028 w=0.046 lr=3.905e-04 time=0.432s
[RQ-VAE] epoch=1849 loss=0.32686353 recon=0.00017729 beh=5.890233 w=0.047 lr=3.902e-04 time=0.431s
[RQ-VAE] epoch=1850 loss=0.32478836 recon=0.00017665 lr=3.898e-04 raw_unique=3626/24587 collision=0.852524 time=0.48s
[RQ-VAE] epoch=1851 loss=0.32927382 recon=0.00017646 beh=5.881407 w=0.047 lr=3.895e-04 time=0.495s
[RQ-VAE] epoch=1852 loss=0.32734248 recon=0.00017646 beh=5.891074 w=0.047 lr=3.892e-04 time=0.443s
[RQ-VAE] epoch=1853 loss=0.33072704 recon=0.00017646 beh=5.886161 w=0.047 lr=3.888e-04 time=0.528s
[RQ-VAE] epoch=1854 loss=0.32961696 recon=0.00017644 beh=5.886288 w=0.047 lr=3.885e-04 time=0.476s
[RQ-VAE] epoch=1855 loss=0.33333436 recon=0.00017644 beh=5.886629 w=0.047 lr=3.881e-04 time=0.43s
[RQ-VAE] epoch=1856 loss=0.33076221 recon=0.00017694 beh=5.879649 w=0.047 lr=3.878e-04 time=0.465s
[RQ-VAE] epoch=1857 loss=0.33426321 recon=0.00017717 beh=5.887027 w=0.048 lr=3.875e-04 time=0.485s
[RQ-VAE] epoch=1858 loss=0.33388519 recon=0.00017672 beh=5.883447 w=0.048 lr=3.871e-04 time=0.257s
[RQ-VAE] epoch=1859 loss=0.33512825 recon=0.00017616 beh=5.882748 w=0.048 lr=3.868e-04 time=0.401s
[RQ-VAE] epoch=1860 loss=0.33666426 recon=0.00017646 beh=5.883586 w=0.048 lr=3.864e-04 time=0.401s
[RQ-VAE] epoch=1861 loss=0.33498630 recon=0.00017652 beh=5.878280 w=0.048 lr=3.861e-04 time=0.436s
[RQ-VAE] epoch=1862 loss=0.33884707 recon=0.00017660 beh=5.883472 w=0.048 lr=3.858e-04 time=0.448s
[RQ-VAE] epoch=1863 loss=0.33721831 recon=0.00017684 beh=5.884843 w=0.048 lr=3.854e-04 time=0.474s
[RQ-VAE] epoch=1864 loss=0.34217894 recon=0.00017705 beh=5.876744 w=0.049 lr=3.851e-04 time=0.435s
[RQ-VAE] epoch=1865 loss=0.34050810 recon=0.00017630 beh=5.886642 w=0.049 lr=3.847e-04 time=0.494s
[RQ-VAE] epoch=1866 loss=0.34251249 recon=0.00017653 beh=5.886243 w=0.049 lr=3.844e-04 time=0.442s
[RQ-VAE] epoch=1867 loss=0.34268585 recon=0.00017623 beh=5.880520 w=0.049 lr=3.841e-04 time=0.406s
[RQ-VAE] epoch=1868 loss=0.34409162 recon=0.00017652 beh=5.888453 w=0.049 lr=3.837e-04 time=0.499s
[RQ-VAE] epoch=1869 loss=0.34559327 recon=0.00017623 beh=5.881165 w=0.049 lr=3.834e-04 time=0.454s
[RQ-VAE] epoch=1870 loss=0.34530625 recon=0.00017609 beh=5.877305 w=0.049 lr=3.831e-04 time=0.452s
[RQ-VAE] epoch=1871 loss=0.34626001 recon=0.00017595 beh=5.877554 w=0.049 lr=3.827e-04 time=0.445s
[RQ-VAE] epoch=1872 loss=0.34783432 recon=0.00017589 beh=5.883301 w=0.050 lr=3.824e-04 time=0.462s
[RQ-VAE] epoch=1873 loss=0.34831929 recon=0.00017624 beh=5.881579 w=0.050 lr=3.820e-04 time=0.439s
[RQ-VAE] epoch=1874 loss=0.35070205 recon=0.00017589 beh=5.886632 w=0.050 lr=3.817e-04 time=0.469s
[RQ-VAE] epoch=1875 loss=0.34817308 recon=0.00017573 beh=5.880954 w=0.050 lr=3.814e-04 time=0.458s
[RQ-VAE] epoch=1876 loss=0.35387409 recon=0.00017582 beh=5.882073 w=0.050 lr=3.810e-04 time=0.429s
[RQ-VAE] epoch=1877 loss=0.35233641 recon=0.00017626 beh=5.884393 w=0.050 lr=3.807e-04 time=0.464s
[RQ-VAE] epoch=1878 loss=0.35147274 recon=0.00017647 beh=5.889598 w=0.050 lr=3.803e-04 time=0.451s
[RQ-VAE] epoch=1879 loss=0.35412607 recon=0.00017660 beh=5.879785 w=0.051 lr=3.800e-04 time=0.461s
[RQ-VAE] epoch=1880 loss=0.35412556 recon=0.00017619 beh=5.881360 w=0.051 lr=3.797e-04 time=0.456s
[RQ-VAE] epoch=1881 loss=0.35513258 recon=0.00017624 beh=5.884250 w=0.051 lr=3.793e-04 time=0.465s
[RQ-VAE] epoch=1882 loss=0.35642192 recon=0.00017594 beh=5.886429 w=0.051 lr=3.790e-04 time=0.414s
[RQ-VAE] epoch=1883 loss=0.35717767 recon=0.00017573 beh=5.879504 w=0.051 lr=3.786e-04 time=0.458s
[RQ-VAE] epoch=1884 loss=0.36128947 recon=0.00017599 beh=5.877518 w=0.051 lr=3.783e-04 time=0.411s
[RQ-VAE] epoch=1885 loss=0.35697833 recon=0.00017619 beh=5.881295 w=0.051 lr=3.780e-04 time=0.451s
[RQ-VAE] epoch=1886 loss=0.36397910 recon=0.00017614 beh=5.881195 w=0.051 lr=3.776e-04 time=0.466s
[RQ-VAE] epoch=1887 loss=0.35961276 recon=0.00017595 beh=5.885871 w=0.052 lr=3.773e-04 time=0.458s
[RQ-VAE] epoch=1888 loss=0.36194393 recon=0.00017592 beh=5.879834 w=0.052 lr=3.769e-04 time=0.391s
[RQ-VAE] epoch=1889 loss=0.36453867 recon=0.00017637 beh=5.874603 w=0.052 lr=3.766e-04 time=0.385s
[RQ-VAE] epoch=1890 loss=0.36332032 recon=0.00017650 beh=5.878745 w=0.052 lr=3.763e-04 time=0.483s
[RQ-VAE] epoch=1891 loss=0.36520550 recon=0.00017620 beh=5.890242 w=0.052 lr=3.759e-04 time=0.486s
[RQ-VAE] epoch=1892 loss=0.36392358 recon=0.00017605 beh=5.881883 w=0.052 lr=3.756e-04 time=0.435s
[RQ-VAE] epoch=1893 loss=0.36315805 recon=0.00017583 beh=5.885868 w=0.052 lr=3.753e-04 time=0.433s
[RQ-VAE] epoch=1894 loss=0.37075663 recon=0.00017566 beh=5.886660 w=0.053 lr=3.749e-04 time=0.613s
[RQ-VAE] epoch=1895 loss=0.36637354 recon=0.00017577 beh=5.885517 w=0.053 lr=3.746e-04 time=0.465s
[RQ-VAE] epoch=1896 loss=0.37034830 recon=0.00017566 beh=5.882853 w=0.053 lr=3.742e-04 time=0.437s
[RQ-VAE] epoch=1897 loss=0.37151062 recon=0.00017558 beh=5.882146 w=0.053 lr=3.739e-04 time=0.446s
[RQ-VAE] epoch=1898 loss=0.36969528 recon=0.00017553 beh=5.882769 w=0.053 lr=3.736e-04 time=0.427s
[RQ-VAE] epoch=1899 loss=0.37513202 recon=0.00017554 beh=5.881318 w=0.053 lr=3.732e-04 time=0.424s
[RQ-VAE] epoch=1900 loss=0.37231839 recon=0.00017565 lr=3.729e-04 raw_unique=3651/24587 collision=0.851507 time=0.453s
[RQ-VAE] epoch=1901 loss=0.37569588 recon=0.00017590 beh=5.891064 w=0.053 lr=3.725e-04 time=0.441s
[RQ-VAE] epoch=1902 loss=0.37445259 recon=0.00017585 beh=5.886097 w=0.054 lr=3.722e-04 time=0.509s
[RQ-VAE] epoch=1903 loss=0.37747920 recon=0.00017563 beh=5.886794 w=0.054 lr=3.719e-04 time=0.476s
[RQ-VAE] epoch=1904 loss=0.37889612 recon=0.00017586 beh=5.877900 w=0.054 lr=3.715e-04 time=0.494s
[RQ-VAE] epoch=1905 loss=0.37942556 recon=0.00017561 beh=5.873112 w=0.054 lr=3.712e-04 time=0.464s
[RQ-VAE] epoch=1906 loss=0.38292816 recon=0.00017593 beh=5.868967 w=0.054 lr=3.708e-04 time=0.462s
[RQ-VAE] epoch=1907 loss=0.37954944 recon=0.00017622 beh=5.878368 w=0.054 lr=3.705e-04 time=0.463s
[RQ-VAE] epoch=1908 loss=0.38345039 recon=0.00017623 beh=5.878585 w=0.054 lr=3.702e-04 time=0.398s
[RQ-VAE] epoch=1909 loss=0.38301238 recon=0.00017650 beh=5.883023 w=0.055 lr=3.698e-04 time=0.438s
[RQ-VAE] epoch=1910 loss=0.38201818 recon=0.00017629 beh=5.881004 w=0.055 lr=3.695e-04 time=0.509s
[RQ-VAE] epoch=1911 loss=0.38333917 recon=0.00017625 beh=5.878088 w=0.055 lr=3.692e-04 time=0.495s
[RQ-VAE] epoch=1912 loss=0.38417712 recon=0.00017616 beh=5.881439 w=0.055 lr=3.688e-04 time=0.481s
[RQ-VAE] epoch=1913 loss=0.38684517 recon=0.00017605 beh=5.893234 w=0.055 lr=3.685e-04 time=0.48s
[RQ-VAE] epoch=1914 loss=0.38360420 recon=0.00017586 beh=5.881740 w=0.055 lr=3.681e-04 time=0.487s
[RQ-VAE] epoch=1915 loss=0.38923153 recon=0.00017573 beh=5.881999 w=0.055 lr=3.678e-04 time=0.502s
[RQ-VAE] epoch=1916 loss=0.38740215 recon=0.00017578 beh=5.887669 w=0.055 lr=3.675e-04 time=0.435s
[RQ-VAE] epoch=1917 loss=0.38671702 recon=0.00017594 beh=5.882398 w=0.056 lr=3.671e-04 time=0.436s
[RQ-VAE] epoch=1918 loss=0.39267349 recon=0.00017591 beh=5.880993 w=0.056 lr=3.668e-04 time=0.417s
[RQ-VAE] epoch=1919 loss=0.39133248 recon=0.00017587 beh=5.884345 w=0.056 lr=3.664e-04 time=0.318s
[RQ-VAE] epoch=1920 loss=0.39431283 recon=0.00017639 beh=5.883852 w=0.056 lr=3.661e-04 time=0.484s
[RQ-VAE] epoch=1921 loss=0.39137030 recon=0.00017592 beh=5.884696 w=0.056 lr=3.658e-04 time=0.404s
[RQ-VAE] epoch=1922 loss=0.39568207 recon=0.00017606 beh=5.883875 w=0.056 lr=3.654e-04 time=0.464s
[RQ-VAE] epoch=1923 loss=0.39546022 recon=0.00017603 beh=5.885402 w=0.056 lr=3.651e-04 time=0.605s
[RQ-VAE] epoch=1924 loss=0.39671147 recon=0.00017587 beh=5.875617 w=0.057 lr=3.647e-04 time=0.379s
[RQ-VAE] epoch=1925 loss=0.39701250 recon=0.00017593 beh=5.886134 w=0.057 lr=3.644e-04 time=0.438s
[RQ-VAE] epoch=1926 loss=0.39854613 recon=0.00017604 beh=5.883191 w=0.057 lr=3.641e-04 time=0.436s
[RQ-VAE] epoch=1927 loss=0.39682469 recon=0.00017594 beh=5.889227 w=0.057 lr=3.637e-04 time=0.424s
[RQ-VAE] epoch=1928 loss=0.40191507 recon=0.00017598 beh=5.876177 w=0.057 lr=3.634e-04 time=0.471s
[RQ-VAE] epoch=1929 loss=0.40226763 recon=0.00017577 beh=5.887383 w=0.057 lr=3.631e-04 time=0.455s
[RQ-VAE] epoch=1930 loss=0.40110457 recon=0.00017565 beh=5.883472 w=0.057 lr=3.627e-04 time=0.412s
[RQ-VAE] epoch=1931 loss=0.40159088 recon=0.00017561 beh=5.882824 w=0.057 lr=3.624e-04 time=0.405s
[RQ-VAE] epoch=1932 loss=0.40562552 recon=0.00017582 beh=5.877445 w=0.058 lr=3.620e-04 time=0.475s
[RQ-VAE] epoch=1933 loss=0.40912881 recon=0.00017637 beh=5.879802 w=0.058 lr=3.617e-04 time=0.483s
[RQ-VAE] epoch=1934 loss=0.40372193 recon=0.00017601 beh=5.877905 w=0.058 lr=3.614e-04 time=0.425s
[RQ-VAE] epoch=1935 loss=0.40907350 recon=0.00017580 beh=5.878186 w=0.058 lr=3.610e-04 time=0.474s
[RQ-VAE] epoch=1936 loss=0.40899196 recon=0.00017588 beh=5.876066 w=0.058 lr=3.607e-04 time=0.44s
[RQ-VAE] epoch=1937 loss=0.40856445 recon=0.00017612 beh=5.882143 w=0.058 lr=3.603e-04 time=0.41s
[RQ-VAE] epoch=1938 loss=0.41296431 recon=0.00017599 beh=5.878294 w=0.058 lr=3.600e-04 time=0.427s
[RQ-VAE] epoch=1939 loss=0.41033289 recon=0.00017579 beh=5.876540 w=0.059 lr=3.597e-04 time=0.393s
[RQ-VAE] epoch=1940 loss=0.41399330 recon=0.00017567 beh=5.880352 w=0.059 lr=3.593e-04 time=0.497s
[RQ-VAE] epoch=1941 loss=0.41358215 recon=0.00017584 beh=5.874486 w=0.059 lr=3.590e-04 time=0.479s
[RQ-VAE] epoch=1942 loss=0.41436663 recon=0.00017555 beh=5.880362 w=0.059 lr=3.586e-04 time=0.456s
[RQ-VAE] epoch=1943 loss=0.41558525 recon=0.00017584 beh=5.886873 w=0.059 lr=3.583e-04 time=0.632s
[RQ-VAE] epoch=1944 loss=0.41685241 recon=0.00017593 beh=5.877306 w=0.059 lr=3.580e-04 time=0.465s
[RQ-VAE] epoch=1945 loss=0.42006055 recon=0.00017618 beh=5.882781 w=0.059 lr=3.576e-04 time=0.496s
[RQ-VAE] epoch=1946 loss=0.41743207 recon=0.00017604 beh=5.887396 w=0.059 lr=3.573e-04 time=0.46s
[RQ-VAE] epoch=1947 loss=0.41803011 recon=0.00017583 beh=5.884496 w=0.060 lr=3.569e-04 time=0.424s
[RQ-VAE] epoch=1948 loss=0.42189756 recon=0.00017607 beh=5.875546 w=0.060 lr=3.566e-04 time=0.316s
[RQ-VAE] epoch=1949 loss=0.42181763 recon=0.00017623 beh=5.880264 w=0.060 lr=3.563e-04 time=0.51s
[RQ-VAE] epoch=1950 loss=0.42199492 recon=0.00017588 lr=3.559e-04 raw_unique=3429/24587 collision=0.860536 time=0.464s
[RQ-VAE] epoch=1951 loss=0.42168283 recon=0.00017622 beh=5.894999 w=0.060 lr=3.556e-04 time=0.458s
[RQ-VAE] epoch=1952 loss=0.42518860 recon=0.00017588 beh=5.874993 w=0.060 lr=3.553e-04 time=0.394s
[RQ-VAE] epoch=1953 loss=0.42625678 recon=0.00017601 beh=5.870814 w=0.060 lr=3.549e-04 time=0.473s
[RQ-VAE] epoch=1954 loss=0.42786819 recon=0.00017603 beh=5.872522 w=0.061 lr=3.546e-04 time=0.425s
[RQ-VAE] epoch=1955 loss=0.42748302 recon=0.00017557 beh=5.869272 w=0.061 lr=3.542e-04 time=0.45s
[RQ-VAE] epoch=1956 loss=0.43001676 recon=0.00017568 beh=5.882267 w=0.061 lr=3.539e-04 time=0.425s
[RQ-VAE] epoch=1957 loss=0.42641187 recon=0.00017568 beh=5.884597 w=0.061 lr=3.536e-04 time=0.448s
[RQ-VAE] epoch=1958 loss=0.43172771 recon=0.00017579 beh=5.879472 w=0.061 lr=3.532e-04 time=0.564s
[RQ-VAE] epoch=1959 loss=0.43266475 recon=0.00017539 beh=5.874432 w=0.061 lr=3.529e-04 time=0.436s
[RQ-VAE] epoch=1960 loss=0.43300295 recon=0.00017576 beh=5.872458 w=0.061 lr=3.525e-04 time=0.484s
[RQ-VAE] epoch=1961 loss=0.43481988 recon=0.00017650 beh=5.875628 w=0.061 lr=3.522e-04 time=0.544s
[RQ-VAE] epoch=1962 loss=0.43481800 recon=0.00017639 beh=5.884815 w=0.062 lr=3.519e-04 time=0.411s
[RQ-VAE] epoch=1963 loss=0.43529350 recon=0.00017641 beh=5.880274 w=0.062 lr=3.515e-04 time=0.475s
[RQ-VAE] epoch=1964 loss=0.43486539 recon=0.00017657 beh=5.874152 w=0.062 lr=3.512e-04 time=0.492s
[RQ-VAE] epoch=1965 loss=0.43862659 recon=0.00017656 beh=5.881093 w=0.062 lr=3.508e-04 time=0.489s
[RQ-VAE] epoch=1966 loss=0.43733993 recon=0.00017667 beh=5.882622 w=0.062 lr=3.505e-04 time=0.389s
[RQ-VAE] epoch=1967 loss=0.43834063 recon=0.00017666 beh=5.875187 w=0.062 lr=3.502e-04 time=0.479s
[RQ-VAE] epoch=1968 loss=0.43981040 recon=0.00017672 beh=5.881350 w=0.062 lr=3.498e-04 time=0.451s
[RQ-VAE] epoch=1969 loss=0.43983039 recon=0.00017693 beh=5.879473 w=0.063 lr=3.495e-04 time=0.439s
[RQ-VAE] epoch=1970 loss=0.43827164 recon=0.00017688 beh=5.880432 w=0.063 lr=3.492e-04 time=0.446s
[RQ-VAE] epoch=1971 loss=0.44075936 recon=0.00017688 beh=5.879569 w=0.063 lr=3.488e-04 time=0.417s
[RQ-VAE] epoch=1972 loss=0.44081908 recon=0.00017673 beh=5.884650 w=0.063 lr=3.485e-04 time=0.486s
[RQ-VAE] epoch=1973 loss=0.44320211 recon=0.00017653 beh=5.877988 w=0.063 lr=3.481e-04 time=0.468s
[RQ-VAE] epoch=1974 loss=0.44033271 recon=0.00017668 beh=5.882262 w=0.063 lr=3.478e-04 time=0.421s
[RQ-VAE] epoch=1975 loss=0.44585460 recon=0.00017662 beh=5.877395 w=0.063 lr=3.475e-04 time=0.407s
[RQ-VAE] epoch=1976 loss=0.44340169 recon=0.00017671 beh=5.878194 w=0.063 lr=3.471e-04 time=0.445s
[RQ-VAE] epoch=1977 loss=0.44622713 recon=0.00017669 beh=5.868392 w=0.064 lr=3.468e-04 time=0.465s
[RQ-VAE] epoch=1978 loss=0.45029682 recon=0.00017646 beh=5.881864 w=0.064 lr=3.464e-04 time=0.282s
[RQ-VAE] epoch=1979 loss=0.44500929 recon=0.00017650 beh=5.884569 w=0.064 lr=3.461e-04 time=0.457s
[RQ-VAE] epoch=1980 loss=0.45005322 recon=0.00017638 beh=5.868766 w=0.064 lr=3.458e-04 time=0.449s
[RQ-VAE] epoch=1981 loss=0.45250461 recon=0.00017647 beh=5.876222 w=0.064 lr=3.454e-04 time=0.436s
[RQ-VAE] epoch=1982 loss=0.44995016 recon=0.00017644 beh=5.869071 w=0.064 lr=3.451e-04 time=0.393s
[RQ-VAE] epoch=1983 loss=0.45477706 recon=0.00017629 beh=5.871213 w=0.064 lr=3.447e-04 time=0.442s
[RQ-VAE] epoch=1984 loss=0.45192486 recon=0.00017607 beh=5.880984 w=0.065 lr=3.444e-04 time=0.479s
[RQ-VAE] epoch=1985 loss=0.45299804 recon=0.00017581 beh=5.876866 w=0.065 lr=3.441e-04 time=0.468s
[RQ-VAE] epoch=1986 loss=0.45586136 recon=0.00017585 beh=5.879080 w=0.065 lr=3.437e-04 time=0.436s
[RQ-VAE] epoch=1987 loss=0.45567778 recon=0.00017581 beh=5.879210 w=0.065 lr=3.434e-04 time=0.421s
[RQ-VAE] epoch=1988 loss=0.45730546 recon=0.00017571 beh=5.876459 w=0.065 lr=3.431e-04 time=0.5s
[RQ-VAE] epoch=1989 loss=0.46094769 recon=0.00017600 beh=5.876521 w=0.065 lr=3.427e-04 time=0.438s
[RQ-VAE] epoch=1990 loss=0.45927757 recon=0.00017625 beh=5.878548 w=0.065 lr=3.424e-04 time=0.412s
[RQ-VAE] epoch=1991 loss=0.45940614 recon=0.00017606 beh=5.880711 w=0.065 lr=3.420e-04 time=0.436s
[RQ-VAE] epoch=1992 loss=0.46086973 recon=0.00017599 beh=5.876487 w=0.066 lr=3.417e-04 time=0.438s
[RQ-VAE] epoch=1993 loss=0.46371275 recon=0.00017651 beh=5.879253 w=0.066 lr=3.414e-04 time=0.474s
[RQ-VAE] epoch=1994 loss=0.46532217 recon=0.00017612 beh=5.867103 w=0.066 lr=3.410e-04 time=0.406s
[RQ-VAE] epoch=1995 loss=0.46509650 recon=0.00017624 beh=5.871140 w=0.066 lr=3.407e-04 time=0.457s
[RQ-VAE] epoch=1996 loss=0.46655390 recon=0.00017592 beh=5.868804 w=0.066 lr=3.403e-04 time=0.526s
[RQ-VAE] epoch=1997 loss=0.46845075 recon=0.00017610 beh=5.867533 w=0.066 lr=3.400e-04 time=0.44s
[RQ-VAE] epoch=1998 loss=0.46783298 recon=0.00017646 beh=5.878244 w=0.066 lr=3.397e-04 time=0.442s
[RQ-VAE] epoch=1999 loss=0.46836096 recon=0.00017631 beh=5.882434 w=0.067 lr=3.393e-04 time=0.479s
[RQ-VAE] epoch=2000 loss=0.46987960 recon=0.00017667 lr=3.390e-04 raw_unique=3818/24587 collision=0.844715 time=0.485s
[RQ-VAE] epoch=2001 loss=0.46887904 recon=0.00017671 beh=5.879945 w=0.067 lr=3.386e-04 time=0.448s
[RQ-VAE] epoch=2002 loss=0.47296274 recon=0.00017665 beh=5.873836 w=0.067 lr=3.383e-04 time=0.461s
[RQ-VAE] epoch=2003 loss=0.47423059 recon=0.00017672 beh=5.877183 w=0.067 lr=3.380e-04 time=0.49s
[RQ-VAE] epoch=2004 loss=0.47261807 recon=0.00017660 beh=5.879403 w=0.067 lr=3.376e-04 time=0.491s
[RQ-VAE] epoch=2005 loss=0.47541818 recon=0.00017627 beh=5.882881 w=0.067 lr=3.373e-04 time=0.437s
[RQ-VAE] epoch=2006 loss=0.47621441 recon=0.00017602 beh=5.878046 w=0.067 lr=3.369e-04 time=0.433s
[RQ-VAE] epoch=2007 loss=0.47413838 recon=0.00017612 beh=5.885010 w=0.068 lr=3.366e-04 time=0.434s
[RQ-VAE] epoch=2008 loss=0.48134083 recon=0.00017684 beh=5.877398 w=0.068 lr=3.363e-04 time=0.397s
[RQ-VAE] epoch=2009 loss=0.47861028 recon=0.00017684 beh=5.871352 w=0.068 lr=3.359e-04 time=0.351s
[RQ-VAE] epoch=2010 loss=0.48249254 recon=0.00017628 beh=5.878494 w=0.068 lr=3.356e-04 time=0.498s
[RQ-VAE] epoch=2011 loss=0.48003724 recon=0.00017639 beh=5.874008 w=0.068 lr=3.353e-04 time=0.42s
[RQ-VAE] epoch=2012 loss=0.48267704 recon=0.00017639 beh=5.879477 w=0.068 lr=3.349e-04 time=0.415s
[RQ-VAE] epoch=2013 loss=0.48290372 recon=0.00017670 beh=5.875310 w=0.068 lr=3.346e-04 time=0.456s
[RQ-VAE] epoch=2014 loss=0.48492768 recon=0.00017686 beh=5.867868 w=0.069 lr=3.342e-04 time=0.507s
[RQ-VAE] epoch=2015 loss=0.48533806 recon=0.00017682 beh=5.875787 w=0.069 lr=3.339e-04 time=0.463s
[RQ-VAE] epoch=2016 loss=0.48437473 recon=0.00017649 beh=5.871322 w=0.069 lr=3.336e-04 time=0.435s
[RQ-VAE] epoch=2017 loss=0.48791936 recon=0.00017640 beh=5.882392 w=0.069 lr=3.332e-04 time=0.457s
[RQ-VAE] epoch=2018 loss=0.48345247 recon=0.00017638 beh=5.886351 w=0.069 lr=3.329e-04 time=0.404s
[RQ-VAE] epoch=2019 loss=0.48628923 recon=0.00017610 beh=5.871464 w=0.069 lr=3.325e-04 time=0.456s
[RQ-VAE] epoch=2020 loss=0.48905897 recon=0.00017637 beh=5.876265 w=0.069 lr=3.322e-04 time=0.468s
[RQ-VAE] epoch=2021 loss=0.48912671 recon=0.00017600 beh=5.876965 w=0.069 lr=3.319e-04 time=0.463s
[RQ-VAE] epoch=2022 loss=0.48808822 recon=0.00017588 beh=5.878347 w=0.070 lr=3.315e-04 time=0.465s
[RQ-VAE] epoch=2023 loss=0.48956859 recon=0.00017629 beh=5.870405 w=0.070 lr=3.312e-04 time=0.473s
[RQ-VAE] epoch=2024 loss=0.48999918 recon=0.00017622 beh=5.874696 w=0.070 lr=3.308e-04 time=0.456s
[RQ-VAE] epoch=2025 loss=0.49501124 recon=0.00017613 beh=5.882217 w=0.070 lr=3.305e-04 time=0.442s
[RQ-VAE] epoch=2026 loss=0.49054393 recon=0.00017642 beh=5.875961 w=0.070 lr=3.302e-04 time=0.464s
[RQ-VAE] epoch=2027 loss=0.49305439 recon=0.00017641 beh=5.877588 w=0.070 lr=3.298e-04 time=0.478s
[RQ-VAE] epoch=2028 loss=0.49522406 recon=0.00017597 beh=5.874395 w=0.070 lr=3.295e-04 time=0.472s
[RQ-VAE] epoch=2029 loss=0.49783498 recon=0.00017647 beh=5.862845 w=0.071 lr=3.292e-04 time=0.473s
[RQ-VAE] epoch=2030 loss=0.50039655 recon=0.00017612 beh=5.866864 w=0.071 lr=3.288e-04 time=0.452s
[RQ-VAE] epoch=2031 loss=0.49644080 recon=0.00017619 beh=5.882929 w=0.071 lr=3.285e-04 time=0.459s
[RQ-VAE] epoch=2032 loss=0.49900499 recon=0.00017589 beh=5.876680 w=0.071 lr=3.281e-04 time=0.464s
[RQ-VAE] epoch=2033 loss=0.50136554 recon=0.00017615 beh=5.874512 w=0.071 lr=3.278e-04 time=0.465s
[RQ-VAE] epoch=2034 loss=0.49925601 recon=0.00017605 beh=5.875734 w=0.071 lr=3.275e-04 time=0.475s
[RQ-VAE] epoch=2035 loss=0.50497413 recon=0.00017614 beh=5.880051 w=0.071 lr=3.271e-04 time=0.518s
[RQ-VAE] epoch=2036 loss=0.50273371 recon=0.00017641 beh=5.875109 w=0.071 lr=3.268e-04 time=0.448s
[RQ-VAE] epoch=2037 loss=0.50723189 recon=0.00017614 beh=5.872796 w=0.072 lr=3.264e-04 time=0.47s
[RQ-VAE] epoch=2038 loss=0.50610381 recon=0.00017647 beh=5.876721 w=0.072 lr=3.261e-04 time=0.412s
[RQ-VAE] epoch=2039 loss=0.50951934 recon=0.00017633 beh=5.874893 w=0.072 lr=3.258e-04 time=0.425s
[RQ-VAE] epoch=2040 loss=0.50941455 recon=0.00017642 beh=5.880884 w=0.072 lr=3.254e-04 time=0.431s
[RQ-VAE] epoch=2041 loss=0.50729120 recon=0.00017643 beh=5.879574 w=0.072 lr=3.251e-04 time=0.476s
[RQ-VAE] epoch=2042 loss=0.51272488 recon=0.00017678 beh=5.877553 w=0.072 lr=3.247e-04 time=0.434s
[RQ-VAE] epoch=2043 loss=0.50926632 recon=0.00017607 beh=5.875373 w=0.072 lr=3.244e-04 time=0.584s
[RQ-VAE] epoch=2044 loss=0.51221049 recon=0.00017582 beh=5.870835 w=0.073 lr=3.241e-04 time=0.472s
[RQ-VAE] epoch=2045 loss=0.51285952 recon=0.00017607 beh=5.887517 w=0.073 lr=3.237e-04 time=0.487s
[RQ-VAE] epoch=2046 loss=0.51314288 recon=0.00017656 beh=5.868039 w=0.073 lr=3.234e-04 time=0.458s
[RQ-VAE] epoch=2047 loss=0.51691496 recon=0.00017633 beh=5.880156 w=0.073 lr=3.231e-04 time=0.459s
[RQ-VAE] epoch=2048 loss=0.51360488 recon=0.00017634 beh=5.870433 w=0.073 lr=3.227e-04 time=0.489s
[RQ-VAE] epoch=2049 loss=0.51552916 recon=0.00017640 beh=5.877432 w=0.073 lr=3.224e-04 time=0.447s
[RQ-VAE] epoch=2050 loss=0.51919103 recon=0.00017658 lr=3.220e-04 raw_unique=3508/24587 collision=0.857323 time=0.476s
[RQ-VAE] epoch=2051 loss=0.52080166 recon=0.00017661 beh=5.867611 w=0.073 lr=3.217e-04 time=0.436s
[RQ-VAE] epoch=2052 loss=0.51826298 recon=0.00017616 beh=5.882572 w=0.074 lr=3.214e-04 time=0.479s
[RQ-VAE] epoch=2053 loss=0.51930732 recon=0.00017603 beh=5.876756 w=0.074 lr=3.210e-04 time=0.462s
[RQ-VAE] epoch=2054 loss=0.52393079 recon=0.00017658 beh=5.876618 w=0.074 lr=3.207e-04 time=0.444s
[RQ-VAE] epoch=2055 loss=0.52019864 recon=0.00017647 beh=5.867550 w=0.074 lr=3.203e-04 time=0.455s
[RQ-VAE] epoch=2056 loss=0.52287650 recon=0.00017671 beh=5.878114 w=0.074 lr=3.200e-04 time=0.459s
[RQ-VAE] epoch=2057 loss=0.52153212 recon=0.00017635 beh=5.871621 w=0.074 lr=3.197e-04 time=0.489s
[RQ-VAE] epoch=2058 loss=0.52445692 recon=0.00017634 beh=5.869762 w=0.074 lr=3.193e-04 time=0.405s
[RQ-VAE] epoch=2059 loss=0.52490330 recon=0.00017597 beh=5.870847 w=0.075 lr=3.190e-04 time=0.444s
[RQ-VAE] epoch=2060 loss=0.52235895 recon=0.00017578 beh=5.881161 w=0.075 lr=3.186e-04 time=0.444s
[RQ-VAE] epoch=2061 loss=0.52647972 recon=0.00017602 beh=5.877134 w=0.075 lr=3.183e-04 time=0.43s
[RQ-VAE] epoch=2062 loss=0.52662146 recon=0.00017608 beh=5.876930 w=0.075 lr=3.180e-04 time=0.468s
[RQ-VAE] epoch=2063 loss=0.52444887 recon=0.00017607 beh=5.882139 w=0.075 lr=3.176e-04 time=0.586s
[RQ-VAE] epoch=2064 loss=0.52877671 recon=0.00017607 beh=5.874973 w=0.075 lr=3.173e-04 time=0.426s
[RQ-VAE] epoch=2065 loss=0.53044909 recon=0.00017581 beh=5.877314 w=0.075 lr=3.169e-04 time=0.413s
[RQ-VAE] epoch=2066 loss=0.52899635 recon=0.00017605 beh=5.871956 w=0.075 lr=3.166e-04 time=0.407s
[RQ-VAE] epoch=2067 loss=0.53334159 recon=0.00017623 beh=5.861045 w=0.076 lr=3.163e-04 time=0.334s
[RQ-VAE] epoch=2068 loss=0.53350401 recon=0.00017599 beh=5.878875 w=0.076 lr=3.159e-04 time=0.465s
[RQ-VAE] epoch=2069 loss=0.53201759 recon=0.00017602 beh=5.875532 w=0.076 lr=3.156e-04 time=0.438s
[RQ-VAE] epoch=2070 loss=0.53318191 recon=0.00017604 beh=5.876518 w=0.076 lr=3.153e-04 time=0.458s
[RQ-VAE] epoch=2071 loss=0.53479189 recon=0.00017612 beh=5.880552 w=0.076 lr=3.149e-04 time=0.433s
[RQ-VAE] epoch=2072 loss=0.53373611 recon=0.00017641 beh=5.869604 w=0.076 lr=3.146e-04 time=0.476s
[RQ-VAE] epoch=2073 loss=0.53908199 recon=0.00017652 beh=5.872227 w=0.076 lr=3.142e-04 time=0.429s
[RQ-VAE] epoch=2074 loss=0.53738469 recon=0.00017605 beh=5.867847 w=0.077 lr=3.139e-04 time=0.454s
[RQ-VAE] epoch=2075 loss=0.53974891 recon=0.00017657 beh=5.879098 w=0.077 lr=3.136e-04 time=0.436s
[RQ-VAE] epoch=2076 loss=0.53390855 recon=0.00017654 beh=5.875780 w=0.077 lr=3.132e-04 time=0.456s
[RQ-VAE] epoch=2077 loss=0.54354185 recon=0.00017634 beh=5.872058 w=0.077 lr=3.129e-04 time=0.418s
[RQ-VAE] epoch=2078 loss=0.54173410 recon=0.00017606 beh=5.869190 w=0.077 lr=3.125e-04 time=0.619s
[RQ-VAE] epoch=2079 loss=0.53909212 recon=0.00017619 beh=5.874672 w=0.077 lr=3.122e-04 time=0.467s
[RQ-VAE] epoch=2080 loss=0.54533052 recon=0.00017615 beh=5.886130 w=0.077 lr=3.119e-04 time=0.477s
[RQ-VAE] epoch=2081 loss=0.54011822 recon=0.00017599 beh=5.873116 w=0.077 lr=3.115e-04 time=0.428s
[RQ-VAE] epoch=2082 loss=0.54654551 recon=0.00017549 beh=5.862126 w=0.078 lr=3.112e-04 time=0.462s
[RQ-VAE] epoch=2083 loss=0.54873812 recon=0.00017564 beh=5.877173 w=0.078 lr=3.108e-04 time=0.435s
[RQ-VAE] epoch=2084 loss=0.54479408 recon=0.00017550 beh=5.870757 w=0.078 lr=3.105e-04 time=0.454s
[RQ-VAE] epoch=2085 loss=0.55039835 recon=0.00017571 beh=5.875798 w=0.078 lr=3.102e-04 time=0.451s
[RQ-VAE] epoch=2086 loss=0.55057836 recon=0.00017564 beh=5.869579 w=0.078 lr=3.098e-04 time=0.455s
[RQ-VAE] epoch=2087 loss=0.55170351 recon=0.00017565 beh=5.877807 w=0.078 lr=3.095e-04 time=0.449s
[RQ-VAE] epoch=2088 loss=0.54877353 recon=0.00017621 beh=5.872398 w=0.078 lr=3.092e-04 time=0.431s
[RQ-VAE] epoch=2089 loss=0.55536586 recon=0.00017616 beh=5.868694 w=0.079 lr=3.088e-04 time=0.428s
[RQ-VAE] epoch=2090 loss=0.55613130 recon=0.00017588 beh=5.868006 w=0.079 lr=3.085e-04 time=0.418s
[RQ-VAE] epoch=2091 loss=0.55408973 recon=0.00017617 beh=5.874177 w=0.079 lr=3.081e-04 time=0.451s
[RQ-VAE] epoch=2092 loss=0.55812049 recon=0.00017584 beh=5.875760 w=0.079 lr=3.078e-04 time=0.477s
[RQ-VAE] epoch=2093 loss=0.56206644 recon=0.00017573 beh=5.867877 w=0.079 lr=3.075e-04 time=0.476s
[RQ-VAE] epoch=2094 loss=0.55937135 recon=0.00017550 beh=5.874325 w=0.079 lr=3.071e-04 time=0.448s
[RQ-VAE] epoch=2095 loss=0.55976462 recon=0.00017597 beh=5.880474 w=0.079 lr=3.068e-04 time=0.424s
[RQ-VAE] epoch=2096 loss=0.55961907 recon=0.00017538 beh=5.875565 w=0.079 lr=3.064e-04 time=0.347s
[RQ-VAE] epoch=2097 loss=0.57138890 recon=0.00017554 beh=5.869116 w=0.080 lr=3.061e-04 time=0.509s
[RQ-VAE] epoch=2098 loss=0.56232756 recon=0.00017540 beh=5.879727 w=0.080 lr=3.058e-04 time=0.425s
[RQ-VAE] epoch=2099 loss=0.56441653 recon=0.00017556 beh=5.879221 w=0.080 lr=3.054e-04 time=0.486s
[RQ-VAE] epoch=2100 loss=0.56670612 recon=0.00017523 lr=3.051e-04 raw_unique=3878/24587 collision=0.842274 time=0.459s
[RQ-VAE] epoch=2101 loss=0.56708872 recon=0.00017549 beh=5.865459 w=0.080 lr=3.047e-04 time=0.491s
[RQ-VAE] epoch=2102 loss=0.56666535 recon=0.00017503 beh=5.867486 w=0.080 lr=3.044e-04 time=0.44s
[RQ-VAE] epoch=2103 loss=0.56485713 recon=0.00017520 beh=5.863983 w=0.080 lr=3.041e-04 time=0.413s
[RQ-VAE] epoch=2104 loss=0.57009035 recon=0.00017547 beh=5.881475 w=0.081 lr=3.037e-04 time=0.435s
[RQ-VAE] epoch=2105 loss=0.56302190 recon=0.00017594 beh=5.876277 w=0.081 lr=3.034e-04 time=0.469s
[RQ-VAE] epoch=2106 loss=0.57085860 recon=0.00017525 beh=5.872349 w=0.081 lr=3.031e-04 time=0.44s
[RQ-VAE] epoch=2107 loss=0.56650782 recon=0.00017546 beh=5.871733 w=0.081 lr=3.027e-04 time=0.401s
[RQ-VAE] epoch=2108 loss=0.57057607 recon=0.00017554 beh=5.875452 w=0.081 lr=3.024e-04 time=0.431s
[RQ-VAE] epoch=2109 loss=0.56861651 recon=0.00017509 beh=5.865116 w=0.081 lr=3.020e-04 time=0.463s
[RQ-VAE] epoch=2110 loss=0.57069898 recon=0.00017536 beh=5.870339 w=0.081 lr=3.017e-04 time=0.41s
[RQ-VAE] epoch=2111 loss=0.57029217 recon=0.00017528 beh=5.876532 w=0.081 lr=3.014e-04 time=0.449s
[RQ-VAE] epoch=2112 loss=0.57394236 recon=0.00017511 beh=5.871469 w=0.082 lr=3.010e-04 time=0.424s
[RQ-VAE] epoch=2113 loss=0.57225764 recon=0.00017502 beh=5.871540 w=0.082 lr=3.007e-04 time=0.43s
[RQ-VAE] epoch=2114 loss=0.57432795 recon=0.00017535 beh=5.875509 w=0.082 lr=3.003e-04 time=0.39s
[RQ-VAE] epoch=2115 loss=0.57678199 recon=0.00017492 beh=5.873884 w=0.082 lr=3.000e-04 time=0.457s
[RQ-VAE] epoch=2116 loss=0.57586926 recon=0.00017539 beh=5.872012 w=0.082 lr=2.997e-04 time=0.474s
[RQ-VAE] epoch=2117 loss=0.57954079 recon=0.00017531 beh=5.870781 w=0.082 lr=2.993e-04 time=0.446s
[RQ-VAE] epoch=2118 loss=0.58054364 recon=0.00017518 beh=5.864841 w=0.082 lr=2.990e-04 time=0.441s
[RQ-VAE] epoch=2119 loss=0.58127683 recon=0.00017529 beh=5.871616 w=0.083 lr=2.986e-04 time=0.456s
[RQ-VAE] epoch=2120 loss=0.58188963 recon=0.00017532 beh=5.865487 w=0.083 lr=2.983e-04 time=0.517s
[RQ-VAE] epoch=2121 loss=0.58291829 recon=0.00017542 beh=5.867008 w=0.083 lr=2.980e-04 time=0.39s
[RQ-VAE] epoch=2122 loss=0.58596516 recon=0.00017531 beh=5.867136 w=0.083 lr=2.976e-04 time=0.459s
[RQ-VAE] epoch=2123 loss=0.58940423 recon=0.00017529 beh=5.867719 w=0.083 lr=2.973e-04 time=0.412s
[RQ-VAE] epoch=2124 loss=0.58641070 recon=0.00017527 beh=5.870651 w=0.083 lr=2.969e-04 time=0.463s
[RQ-VAE] epoch=2125 loss=0.58516949 recon=0.00017530 beh=5.873790 w=0.083 lr=2.966e-04 time=0.472s
[RQ-VAE] epoch=2126 loss=0.59090114 recon=0.00017562 beh=5.865870 w=0.083 lr=2.963e-04 time=0.228s
[RQ-VAE] epoch=2127 loss=0.59108865 recon=0.00017578 beh=5.863906 w=0.084 lr=2.959e-04 time=0.4s
[RQ-VAE] epoch=2128 loss=0.59131616 recon=0.00017578 beh=5.878300 w=0.084 lr=2.956e-04 time=0.423s
[RQ-VAE] epoch=2129 loss=0.58997416 recon=0.00017619 beh=5.872650 w=0.084 lr=2.953e-04 time=0.437s
[RQ-VAE] epoch=2130 loss=0.59130979 recon=0.00017601 beh=5.865178 w=0.084 lr=2.949e-04 time=0.49s
[RQ-VAE] epoch=2131 loss=0.59380937 recon=0.00017574 beh=5.871217 w=0.084 lr=2.946e-04 time=0.458s
[RQ-VAE] epoch=2132 loss=0.59357536 recon=0.00017586 beh=5.864792 w=0.084 lr=2.942e-04 time=0.468s
[RQ-VAE] epoch=2133 loss=0.59599221 recon=0.00017592 beh=5.863378 w=0.084 lr=2.939e-04 time=0.46s
[RQ-VAE] epoch=2134 loss=0.59824264 recon=0.00017597 beh=5.870044 w=0.085 lr=2.936e-04 time=0.577s
[RQ-VAE] epoch=2135 loss=0.59523344 recon=0.00017605 beh=5.868591 w=0.085 lr=2.932e-04 time=0.513s
[RQ-VAE] epoch=2136 loss=0.59962255 recon=0.00017612 beh=5.872087 w=0.085 lr=2.929e-04 time=0.486s
[RQ-VAE] epoch=2137 loss=0.59597671 recon=0.00017600 beh=5.873195 w=0.085 lr=2.925e-04 time=0.458s
[RQ-VAE] epoch=2138 loss=0.59899360 recon=0.00017596 beh=5.866599 w=0.085 lr=2.922e-04 time=0.464s
[RQ-VAE] epoch=2139 loss=0.60048664 recon=0.00017555 beh=5.873172 w=0.085 lr=2.919e-04 time=0.456s
[RQ-VAE] epoch=2140 loss=0.60117519 recon=0.00017605 beh=5.869244 w=0.085 lr=2.915e-04 time=0.483s
[RQ-VAE] epoch=2141 loss=0.60244197 recon=0.00017598 beh=5.868546 w=0.085 lr=2.912e-04 time=0.482s
[RQ-VAE] epoch=2142 loss=0.60673809 recon=0.00017606 beh=5.864967 w=0.086 lr=2.908e-04 time=0.475s
[RQ-VAE] epoch=2143 loss=0.60060358 recon=0.00017626 beh=5.865361 w=0.086 lr=2.905e-04 time=0.415s
[RQ-VAE] epoch=2144 loss=0.60859209 recon=0.00017608 beh=5.866770 w=0.086 lr=2.902e-04 time=0.491s
[RQ-VAE] epoch=2145 loss=0.60529238 recon=0.00017639 beh=5.865924 w=0.086 lr=2.898e-04 time=0.4s
[RQ-VAE] epoch=2146 loss=0.60426271 recon=0.00017617 beh=5.871151 w=0.086 lr=2.895e-04 time=0.409s
[RQ-VAE] epoch=2147 loss=0.60757047 recon=0.00017602 beh=5.864198 w=0.086 lr=2.892e-04 time=0.464s
[RQ-VAE] epoch=2148 loss=0.60805136 recon=0.00017625 beh=5.870541 w=0.086 lr=2.888e-04 time=0.435s
[RQ-VAE] epoch=2149 loss=0.60847312 recon=0.00017607 beh=5.869010 w=0.087 lr=2.885e-04 time=0.492s
[RQ-VAE] epoch=2150 loss=0.60980034 recon=0.00017618 lr=2.881e-04 raw_unique=3642/24587 collision=0.851873 time=0.385s
[RQ-VAE] epoch=2151 loss=0.60987419 recon=0.00017625 beh=5.876862 w=0.087 lr=2.878e-04 time=0.417s
[RQ-VAE] epoch=2152 loss=0.61070490 recon=0.00017621 beh=5.871766 w=0.087 lr=2.875e-04 time=0.456s
[RQ-VAE] epoch=2153 loss=0.61082393 recon=0.00017619 beh=5.874853 w=0.087 lr=2.871e-04 time=0.447s
[RQ-VAE] epoch=2154 loss=0.61190021 recon=0.00017586 beh=5.868113 w=0.087 lr=2.868e-04 time=0.485s
[RQ-VAE] epoch=2155 loss=0.61600369 recon=0.00017603 beh=5.870347 w=0.087 lr=2.864e-04 time=0.435s
[RQ-VAE] epoch=2156 loss=0.61627901 recon=0.00017578 beh=5.866885 w=0.087 lr=2.861e-04 time=0.345s
[RQ-VAE] epoch=2157 loss=0.61750257 recon=0.00017562 beh=5.864315 w=0.088 lr=2.858e-04 time=0.433s
[RQ-VAE] epoch=2158 loss=0.61880785 recon=0.00017574 beh=5.871889 w=0.088 lr=2.854e-04 time=0.406s
[RQ-VAE] epoch=2159 loss=0.61764622 recon=0.00017580 beh=5.879187 w=0.088 lr=2.851e-04 time=0.465s
[RQ-VAE] epoch=2160 loss=0.61955327 recon=0.00017571 beh=5.872602 w=0.088 lr=2.847e-04 time=0.418s
[RQ-VAE] epoch=2161 loss=0.62050742 recon=0.00017573 beh=5.861206 w=0.088 lr=2.844e-04 time=0.449s
[RQ-VAE] epoch=2162 loss=0.62261307 recon=0.00017578 beh=5.865508 w=0.088 lr=2.841e-04 time=0.421s
[RQ-VAE] epoch=2163 loss=0.62219852 recon=0.00017568 beh=5.869808 w=0.088 lr=2.837e-04 time=0.57s
[RQ-VAE] epoch=2164 loss=0.62456107 recon=0.00017583 beh=5.873655 w=0.089 lr=2.834e-04 time=0.458s
[RQ-VAE] epoch=2165 loss=0.62466979 recon=0.00017576 beh=5.871754 w=0.089 lr=2.831e-04 time=0.492s
[RQ-VAE] epoch=2166 loss=0.62671316 recon=0.00017577 beh=5.849763 w=0.089 lr=2.827e-04 time=0.418s
[RQ-VAE] epoch=2167 loss=0.62827301 recon=0.00017575 beh=5.868299 w=0.089 lr=2.824e-04 time=0.429s
[RQ-VAE] epoch=2168 loss=0.62831020 recon=0.00017586 beh=5.870483 w=0.089 lr=2.820e-04 time=0.438s
[RQ-VAE] epoch=2169 loss=0.62988865 recon=0.00017570 beh=5.865771 w=0.089 lr=2.817e-04 time=0.454s
[RQ-VAE] epoch=2170 loss=0.62841523 recon=0.00017572 beh=5.866508 w=0.089 lr=2.814e-04 time=0.458s
[RQ-VAE] epoch=2171 loss=0.63460416 recon=0.00017590 beh=5.860058 w=0.089 lr=2.810e-04 time=0.444s
[RQ-VAE] epoch=2172 loss=0.63428777 recon=0.00017593 beh=5.861228 w=0.090 lr=2.807e-04 time=0.468s
[RQ-VAE] epoch=2173 loss=0.63410252 recon=0.00017546 beh=5.856383 w=0.090 lr=2.803e-04 time=0.462s
[RQ-VAE] epoch=2174 loss=0.63419127 recon=0.00017572 beh=5.854572 w=0.090 lr=2.800e-04 time=0.474s
[RQ-VAE] epoch=2175 loss=0.63853300 recon=0.00017611 beh=5.865662 w=0.090 lr=2.797e-04 time=0.484s
[RQ-VAE] epoch=2176 loss=0.63772202 recon=0.00017579 beh=5.872228 w=0.090 lr=2.793e-04 time=0.435s
[RQ-VAE] epoch=2177 loss=0.63538611 recon=0.00017582 beh=5.872733 w=0.090 lr=2.790e-04 time=0.438s
[RQ-VAE] epoch=2178 loss=0.64143145 recon=0.00017583 beh=5.867372 w=0.090 lr=2.786e-04 time=0.459s
[RQ-VAE] epoch=2179 loss=0.63848555 recon=0.00017588 beh=5.868344 w=0.091 lr=2.783e-04 time=0.425s
[RQ-VAE] epoch=2180 loss=0.63918436 recon=0.00017606 beh=5.875190 w=0.091 lr=2.780e-04 time=0.424s
[RQ-VAE] epoch=2181 loss=0.64269817 recon=0.00017594 beh=5.862667 w=0.091 lr=2.776e-04 time=0.471s
[RQ-VAE] epoch=2182 loss=0.64423788 recon=0.00017612 beh=5.876142 w=0.091 lr=2.773e-04 time=0.434s
[RQ-VAE] epoch=2183 loss=0.64294946 recon=0.00017594 beh=5.864453 w=0.091 lr=2.769e-04 time=0.563s
[RQ-VAE] epoch=2184 loss=0.64448243 recon=0.00017594 beh=5.867544 w=0.091 lr=2.766e-04 time=0.416s
[RQ-VAE] epoch=2185 loss=0.64691502 recon=0.00017586 beh=5.862908 w=0.091 lr=2.763e-04 time=0.303s
[RQ-VAE] epoch=2186 loss=0.64404726 recon=0.00017636 beh=5.865103 w=0.091 lr=2.759e-04 time=0.424s
[RQ-VAE] epoch=2187 loss=0.65034384 recon=0.00017644 beh=5.867339 w=0.092 lr=2.756e-04 time=0.436s
[RQ-VAE] epoch=2188 loss=0.64926076 recon=0.00017627 beh=5.866673 w=0.092 lr=2.753e-04 time=0.401s
[RQ-VAE] epoch=2189 loss=0.64797175 recon=0.00017614 beh=5.856206 w=0.092 lr=2.749e-04 time=0.456s
[RQ-VAE] epoch=2190 loss=0.65473700 recon=0.00017595 beh=5.864329 w=0.092 lr=2.746e-04 time=0.454s
[RQ-VAE] epoch=2191 loss=0.65218455 recon=0.00017579 beh=5.865657 w=0.092 lr=2.742e-04 time=0.44s
[RQ-VAE] epoch=2192 loss=0.65208948 recon=0.00017582 beh=5.868642 w=0.092 lr=2.739e-04 time=0.44s
[RQ-VAE] epoch=2193 loss=0.64969265 recon=0.00017577 beh=5.860137 w=0.092 lr=2.736e-04 time=0.458s
[RQ-VAE] epoch=2194 loss=0.65755105 recon=0.00017560 beh=5.865474 w=0.093 lr=2.732e-04 time=0.392s
[RQ-VAE] epoch=2195 loss=0.65092808 recon=0.00017564 beh=5.867672 w=0.093 lr=2.729e-04 time=0.446s
[RQ-VAE] epoch=2196 loss=0.65487480 recon=0.00017582 beh=5.869274 w=0.093 lr=2.725e-04 time=0.453s
[RQ-VAE] epoch=2197 loss=0.65734649 recon=0.00017579 beh=5.875373 w=0.093 lr=2.722e-04 time=0.436s
[RQ-VAE] epoch=2198 loss=0.65359080 recon=0.00017558 beh=5.870072 w=0.093 lr=2.719e-04 time=0.648s
[RQ-VAE] epoch=2199 loss=0.65647089 recon=0.00017571 beh=5.879041 w=0.093 lr=2.715e-04 time=0.431s
[RQ-VAE] epoch=2200 loss=0.65908432 recon=0.00017527 lr=2.712e-04 raw_unique=3856/24587 collision=0.843169 time=0.41s
[RQ-VAE] epoch=2201 loss=0.65541393 recon=0.00017550 beh=5.879820 w=0.093 lr=2.708e-04 time=0.463s
[RQ-VAE] epoch=2202 loss=0.65756440 recon=0.00017573 beh=5.876135 w=0.094 lr=2.705e-04 time=0.377s
[RQ-VAE] epoch=2203 loss=0.66088521 recon=0.00017569 beh=5.869752 w=0.094 lr=2.702e-04 time=0.441s
[RQ-VAE] epoch=2204 loss=0.66211087 recon=0.00017557 beh=5.861826 w=0.094 lr=2.698e-04 time=0.423s
[RQ-VAE] epoch=2205 loss=0.66262949 recon=0.00017616 beh=5.866553 w=0.094 lr=2.695e-04 time=0.455s
[RQ-VAE] epoch=2206 loss=0.66550708 recon=0.00017555 beh=5.869419 w=0.094 lr=2.692e-04 time=0.443s
[RQ-VAE] epoch=2207 loss=0.66510117 recon=0.00017559 beh=5.870387 w=0.094 lr=2.688e-04 time=0.448s
[RQ-VAE] epoch=2208 loss=0.66357416 recon=0.00017575 beh=5.873085 w=0.094 lr=2.685e-04 time=0.462s
[RQ-VAE] epoch=2209 loss=0.66441655 recon=0.00017586 beh=5.865387 w=0.095 lr=2.681e-04 time=0.442s
[RQ-VAE] epoch=2210 loss=0.66782713 recon=0.00017575 beh=5.865157 w=0.095 lr=2.678e-04 time=0.403s
[RQ-VAE] epoch=2211 loss=0.66838837 recon=0.00017549 beh=5.873073 w=0.095 lr=2.675e-04 time=0.49s
[RQ-VAE] epoch=2212 loss=0.66554415 recon=0.00017610 beh=5.871049 w=0.095 lr=2.671e-04 time=0.437s
[RQ-VAE] epoch=2213 loss=0.67323327 recon=0.00017564 beh=5.872522 w=0.095 lr=2.668e-04 time=0.435s
[RQ-VAE] epoch=2214 loss=0.66674685 recon=0.00017582 beh=5.881946 w=0.095 lr=2.664e-04 time=0.379s
[RQ-VAE] epoch=2215 loss=0.66977203 recon=0.00017559 beh=5.878757 w=0.095 lr=2.661e-04 time=0.444s
[RQ-VAE] epoch=2216 loss=0.67189413 recon=0.00017587 beh=5.868614 w=0.095 lr=2.658e-04 time=0.472s
[RQ-VAE] epoch=2217 loss=0.67198950 recon=0.00017579 beh=5.875560 w=0.096 lr=2.654e-04 time=0.452s
[RQ-VAE] epoch=2218 loss=0.67163920 recon=0.00017582 beh=5.877407 w=0.096 lr=2.651e-04 time=0.438s
[RQ-VAE] epoch=2219 loss=0.67325580 recon=0.00017577 beh=5.869275 w=0.096 lr=2.647e-04 time=0.477s
[RQ-VAE] epoch=2220 loss=0.67575657 recon=0.00017555 beh=5.881327 w=0.096 lr=2.644e-04 time=0.396s
[RQ-VAE] epoch=2221 loss=0.67427403 recon=0.00017570 beh=5.874015 w=0.096 lr=2.641e-04 time=0.409s
[RQ-VAE] epoch=2222 loss=0.67998028 recon=0.00017550 beh=5.879742 w=0.096 lr=2.637e-04 time=0.471s
[RQ-VAE] epoch=2223 loss=0.67602503 recon=0.00017591 beh=5.870556 w=0.096 lr=2.634e-04 time=0.412s
[RQ-VAE] epoch=2224 loss=0.68030095 recon=0.00017574 beh=5.863121 w=0.097 lr=2.631e-04 time=0.456s
[RQ-VAE] epoch=2225 loss=0.68084872 recon=0.00017591 beh=5.871021 w=0.097 lr=2.627e-04 time=0.455s
[RQ-VAE] epoch=2226 loss=0.68168104 recon=0.00017582 beh=5.861669 w=0.097 lr=2.624e-04 time=0.442s
[RQ-VAE] epoch=2227 loss=0.68592072 recon=0.00017570 beh=5.875916 w=0.097 lr=2.620e-04 time=0.449s
[RQ-VAE] epoch=2228 loss=0.68518960 recon=0.00017591 beh=5.868563 w=0.097 lr=2.617e-04 time=0.447s
[RQ-VAE] epoch=2229 loss=0.68299389 recon=0.00017576 beh=5.869558 w=0.097 lr=2.614e-04 time=0.467s
[RQ-VAE] epoch=2230 loss=0.68700957 recon=0.00017585 beh=5.870370 w=0.097 lr=2.610e-04 time=0.468s
[RQ-VAE] epoch=2231 loss=0.68397665 recon=0.00017576 beh=5.874652 w=0.097 lr=2.607e-04 time=0.464s
[RQ-VAE] epoch=2232 loss=0.68631732 recon=0.00017576 beh=5.867393 w=0.098 lr=2.603e-04 time=0.454s
[RQ-VAE] epoch=2233 loss=0.69081980 recon=0.00017582 beh=5.861449 w=0.098 lr=2.600e-04 time=0.431s
[RQ-VAE] epoch=2234 loss=0.68996328 recon=0.00017583 beh=5.866512 w=0.098 lr=2.597e-04 time=0.459s
[RQ-VAE] epoch=2235 loss=0.69242030 recon=0.00017593 beh=5.854140 w=0.098 lr=2.593e-04 time=0.459s
[RQ-VAE] epoch=2236 loss=0.69510388 recon=0.00017561 beh=5.862672 w=0.098 lr=2.590e-04 time=0.466s
[RQ-VAE] epoch=2237 loss=0.68890816 recon=0.00017576 beh=5.871516 w=0.098 lr=2.586e-04 time=0.447s
[RQ-VAE] epoch=2238 loss=0.69450402 recon=0.00017598 beh=5.866377 w=0.098 lr=2.583e-04 time=0.433s
[RQ-VAE] epoch=2239 loss=0.69190526 recon=0.00017604 beh=5.869411 w=0.099 lr=2.580e-04 time=0.497s
[RQ-VAE] epoch=2240 loss=0.69443280 recon=0.00017606 beh=5.870756 w=0.099 lr=2.576e-04 time=0.463s
[RQ-VAE] epoch=2241 loss=0.69622409 recon=0.00017605 beh=5.870543 w=0.099 lr=2.573e-04 time=0.454s
[RQ-VAE] epoch=2242 loss=0.69748926 recon=0.00017602 beh=5.872051 w=0.099 lr=2.569e-04 time=0.523s
[RQ-VAE] epoch=2243 loss=0.69521344 recon=0.00017628 beh=5.869735 w=0.099 lr=2.566e-04 time=0.437s
[RQ-VAE] epoch=2244 loss=0.70075977 recon=0.00017623 beh=5.876008 w=0.099 lr=2.563e-04 time=0.325s
[RQ-VAE] epoch=2245 loss=0.69791502 recon=0.00017634 beh=5.878736 w=0.099 lr=2.559e-04 time=0.439s
[RQ-VAE] epoch=2246 loss=0.70078689 recon=0.00017635 beh=5.869450 w=0.099 lr=2.556e-04 time=0.408s
[RQ-VAE] epoch=2247 loss=0.70224303 recon=0.00017612 beh=5.875695 w=0.100 lr=2.553e-04 time=0.442s
[RQ-VAE] epoch=2248 loss=0.70285171 recon=0.00017596 beh=5.868080 w=0.100 lr=2.549e-04 time=0.477s
[RQ-VAE] epoch=2249 loss=0.70197189 recon=0.00017605 beh=5.864370 w=0.100 lr=2.546e-04 time=0.384s
[RQ-VAE] epoch=2250 loss=0.70711470 recon=0.00017613 lr=2.542e-04 raw_unique=4121/24587 collision=0.832391 time=0.488s
[RQ-VAE] epoch=2251 loss=0.70627594 recon=0.00017640 beh=5.870376 w=0.100 lr=2.539e-04 time=0.449s
[RQ-VAE] epoch=2252 loss=0.70794988 recon=0.00017610 beh=5.865357 w=0.100 lr=2.536e-04 time=0.48s
[RQ-VAE] epoch=2253 loss=0.71011007 recon=0.00017610 beh=5.866790 w=0.100 lr=2.532e-04 time=0.469s
[RQ-VAE] epoch=2254 loss=0.70755184 recon=0.00017637 beh=5.872210 w=0.101 lr=2.529e-04 time=0.478s
[RQ-VAE] epoch=2255 loss=0.71636343 recon=0.00017640 beh=5.865104 w=0.101 lr=2.525e-04 time=0.625s
[RQ-VAE] epoch=2256 loss=0.71140206 recon=0.00017636 beh=5.872055 w=0.101 lr=2.522e-04 time=0.493s
[RQ-VAE] epoch=2257 loss=0.71100545 recon=0.00017655 beh=5.874941 w=0.101 lr=2.519e-04 time=0.474s
[RQ-VAE] epoch=2258 loss=0.71022415 recon=0.00017626 beh=5.871026 w=0.101 lr=2.515e-04 time=0.455s
[RQ-VAE] epoch=2259 loss=0.71831679 recon=0.00017638 beh=5.864024 w=0.101 lr=2.512e-04 time=0.447s
[RQ-VAE] epoch=2260 loss=0.71342522 recon=0.00017629 beh=5.882420 w=0.101 lr=2.508e-04 time=0.466s
[RQ-VAE] epoch=2261 loss=0.71691239 recon=0.00017647 beh=5.868949 w=0.101 lr=2.505e-04 time=0.411s
[RQ-VAE] epoch=2262 loss=0.72120690 recon=0.00017605 beh=5.861496 w=0.102 lr=2.502e-04 time=0.456s
[RQ-VAE] epoch=2263 loss=0.71661979 recon=0.00017613 beh=5.875311 w=0.102 lr=2.498e-04 time=0.443s
[RQ-VAE] epoch=2264 loss=0.71753865 recon=0.00017610 beh=5.868492 w=0.102 lr=2.495e-04 time=0.507s
[RQ-VAE] epoch=2265 loss=0.71868575 recon=0.00017574 beh=5.864334 w=0.102 lr=2.492e-04 time=0.433s
[RQ-VAE] epoch=2266 loss=0.72469330 recon=0.00017580 beh=5.867714 w=0.102 lr=2.488e-04 time=0.398s
[RQ-VAE] epoch=2267 loss=0.71857858 recon=0.00017593 beh=5.869220 w=0.102 lr=2.485e-04 time=0.468s
[RQ-VAE] epoch=2268 loss=0.72359908 recon=0.00017569 beh=5.862723 w=0.102 lr=2.481e-04 time=0.447s
[RQ-VAE] epoch=2269 loss=0.72568750 recon=0.00017560 beh=5.869583 w=0.103 lr=2.478e-04 time=0.458s
[RQ-VAE] epoch=2270 loss=0.72017592 recon=0.00017602 beh=5.866075 w=0.103 lr=2.475e-04 time=0.464s
[RQ-VAE] epoch=2271 loss=0.72790784 recon=0.00017630 beh=5.866239 w=0.103 lr=2.471e-04 time=0.428s
[RQ-VAE] epoch=2272 loss=0.73063785 recon=0.00017552 beh=5.866213 w=0.103 lr=2.468e-04 time=0.391s
[RQ-VAE] epoch=2273 loss=0.72550607 recon=0.00017553 beh=5.867567 w=0.103 lr=2.464e-04 time=0.431s
[RQ-VAE] epoch=2274 loss=0.72896415 recon=0.00017551 beh=5.861793 w=0.103 lr=2.461e-04 time=0.433s
[RQ-VAE] epoch=2275 loss=0.72927421 recon=0.00017598 beh=5.875031 w=0.103 lr=2.458e-04 time=0.39s
[RQ-VAE] epoch=2276 loss=0.72895896 recon=0.00017576 beh=5.875450 w=0.103 lr=2.454e-04 time=0.422s
[RQ-VAE] epoch=2277 loss=0.72877192 recon=0.00017579 beh=5.873269 w=0.104 lr=2.451e-04 time=0.421s
[RQ-VAE] epoch=2278 loss=0.73173505 recon=0.00017574 beh=5.865403 w=0.104 lr=2.447e-04 time=0.461s
[RQ-VAE] epoch=2279 loss=0.73186064 recon=0.00017556 beh=5.863193 w=0.104 lr=2.444e-04 time=0.442s
[RQ-VAE] epoch=2280 loss=0.73077518 recon=0.00017555 beh=5.868451 w=0.104 lr=2.441e-04 time=0.429s
[RQ-VAE] epoch=2281 loss=0.73499072 recon=0.00017576 beh=5.868675 w=0.104 lr=2.437e-04 time=0.439s
[RQ-VAE] epoch=2282 loss=0.73615599 recon=0.00017554 beh=5.855524 w=0.104 lr=2.434e-04 time=0.449s
[RQ-VAE] epoch=2283 loss=0.73689991 recon=0.00017559 beh=5.866749 w=0.104 lr=2.431e-04 time=0.456s
[RQ-VAE] epoch=2284 loss=0.73658586 recon=0.00017575 beh=5.859653 w=0.105 lr=2.427e-04 time=0.572s
[RQ-VAE] epoch=2285 loss=0.74018419 recon=0.00017576 beh=5.869212 w=0.105 lr=2.424e-04 time=0.405s
[RQ-VAE] epoch=2286 loss=0.73637152 recon=0.00017564 beh=5.858332 w=0.105 lr=2.420e-04 time=0.437s
[RQ-VAE] epoch=2287 loss=0.74260747 recon=0.00017558 beh=5.867721 w=0.105 lr=2.417e-04 time=0.468s
[RQ-VAE] epoch=2288 loss=0.74030137 recon=0.00017573 beh=5.870771 w=0.105 lr=2.414e-04 time=0.472s
[RQ-VAE] epoch=2289 loss=0.74131197 recon=0.00017579 beh=5.861559 w=0.105 lr=2.410e-04 time=0.487s
[RQ-VAE] epoch=2290 loss=0.74290735 recon=0.00017557 beh=5.873472 w=0.105 lr=2.407e-04 time=0.472s
[RQ-VAE] epoch=2291 loss=0.74359584 recon=0.00017569 beh=5.865785 w=0.105 lr=2.403e-04 time=0.404s
[RQ-VAE] epoch=2292 loss=0.74469358 recon=0.00017534 beh=5.860247 w=0.106 lr=2.400e-04 time=0.499s
[RQ-VAE] epoch=2293 loss=0.74841535 recon=0.00017560 beh=5.866396 w=0.106 lr=2.397e-04 time=0.484s
[RQ-VAE] epoch=2294 loss=0.74689192 recon=0.00017556 beh=5.861125 w=0.106 lr=2.393e-04 time=0.428s
[RQ-VAE] epoch=2295 loss=0.74760222 recon=0.00017546 beh=5.871495 w=0.106 lr=2.390e-04 time=0.424s
[RQ-VAE] epoch=2296 loss=0.75177187 recon=0.00017539 beh=5.863399 w=0.106 lr=2.386e-04 time=0.43s
[RQ-VAE] epoch=2297 loss=0.74540639 recon=0.00017541 beh=5.866734 w=0.106 lr=2.383e-04 time=0.445s
[RQ-VAE] epoch=2298 loss=0.75204527 recon=0.00017551 beh=5.867927 w=0.106 lr=2.380e-04 time=0.48s
[RQ-VAE] epoch=2299 loss=0.75474834 recon=0.00017546 beh=5.873563 w=0.107 lr=2.376e-04 time=0.446s
[RQ-VAE] epoch=2300 loss=0.74871981 recon=0.00017563 lr=2.373e-04 raw_unique=3916/24587 collision=0.840729 time=0.466s
[RQ-VAE] epoch=2301 loss=0.75656861 recon=0.00017546 beh=5.867219 w=0.107 lr=2.369e-04 time=0.36s
[RQ-VAE] epoch=2302 loss=0.75753909 recon=0.00017520 beh=5.858542 w=0.107 lr=2.366e-04 time=0.475s
[RQ-VAE] epoch=2303 loss=0.75716484 recon=0.00017533 beh=5.860675 w=0.107 lr=2.363e-04 time=0.561s
[RQ-VAE] epoch=2304 loss=0.75797200 recon=0.00017517 beh=5.860363 w=0.107 lr=2.359e-04 time=0.476s
[RQ-VAE] epoch=2305 loss=0.75869834 recon=0.00017546 beh=5.866799 w=0.107 lr=2.356e-04 time=0.487s
[RQ-VAE] epoch=2306 loss=0.76049316 recon=0.00017547 beh=5.858890 w=0.107 lr=2.353e-04 time=0.439s
[RQ-VAE] epoch=2307 loss=0.76328647 recon=0.00017538 beh=5.868567 w=0.108 lr=2.349e-04 time=0.435s
[RQ-VAE] epoch=2308 loss=0.75920022 recon=0.00017566 beh=5.865800 w=0.108 lr=2.346e-04 time=0.507s
[RQ-VAE] epoch=2309 loss=0.76485366 recon=0.00017554 beh=5.862745 w=0.108 lr=2.342e-04 time=0.446s
[RQ-VAE] epoch=2310 loss=0.76828539 recon=0.00017584 beh=5.875120 w=0.108 lr=2.339e-04 time=0.457s
[RQ-VAE] epoch=2311 loss=0.76107585 recon=0.00017592 beh=5.869319 w=0.108 lr=2.336e-04 time=0.429s
[RQ-VAE] epoch=2312 loss=0.76441485 recon=0.00017566 beh=5.865386 w=0.108 lr=2.332e-04 time=0.46s
[RQ-VAE] epoch=2313 loss=0.76883668 recon=0.00017577 beh=5.868717 w=0.108 lr=2.329e-04 time=0.437s
[RQ-VAE] epoch=2314 loss=0.76802117 recon=0.00017578 beh=5.873673 w=0.109 lr=2.325e-04 time=0.488s
[RQ-VAE] epoch=2315 loss=0.76735830 recon=0.00017554 beh=5.865042 w=0.109 lr=2.322e-04 time=0.432s
[RQ-VAE] epoch=2316 loss=0.76896197 recon=0.00017569 beh=5.875987 w=0.109 lr=2.319e-04 time=0.463s
[RQ-VAE] epoch=2317 loss=0.76917362 recon=0.00017582 beh=5.868670 w=0.109 lr=2.315e-04 time=0.394s
[RQ-VAE] epoch=2318 loss=0.77505267 recon=0.00017575 beh=5.869622 w=0.109 lr=2.312e-04 time=0.604s
[RQ-VAE] epoch=2319 loss=0.76966846 recon=0.00017571 beh=5.868420 w=0.109 lr=2.308e-04 time=0.467s
[RQ-VAE] epoch=2320 loss=0.77305835 recon=0.00017576 beh=5.856985 w=0.109 lr=2.305e-04 time=0.462s
[RQ-VAE] epoch=2321 loss=0.77563113 recon=0.00017558 beh=5.865131 w=0.109 lr=2.302e-04 time=0.473s
[RQ-VAE] epoch=2322 loss=0.77447510 recon=0.00017557 beh=5.868879 w=0.110 lr=2.298e-04 time=0.417s
[RQ-VAE] epoch=2323 loss=0.77466249 recon=0.00017591 beh=5.869491 w=0.110 lr=2.295e-04 time=0.426s
[RQ-VAE] epoch=2324 loss=0.77354634 recon=0.00017552 beh=5.865597 w=0.110 lr=2.292e-04 time=0.416s
[RQ-VAE] epoch=2325 loss=0.77707714 recon=0.00017595 beh=5.867953 w=0.110 lr=2.288e-04 time=0.445s
[RQ-VAE] epoch=2326 loss=0.77861142 recon=0.00017614 beh=5.871756 w=0.110 lr=2.285e-04 time=0.463s
[RQ-VAE] epoch=2327 loss=0.78005952 recon=0.00017561 beh=5.868835 w=0.110 lr=2.281e-04 time=0.456s
[RQ-VAE] epoch=2328 loss=0.77583468 recon=0.00017583 beh=5.867865 w=0.110 lr=2.278e-04 time=0.577s
[RQ-VAE] epoch=2329 loss=0.78449535 recon=0.00017570 beh=5.859103 w=0.111 lr=2.275e-04 time=0.463s
[RQ-VAE] epoch=2330 loss=0.78030336 recon=0.00017591 beh=5.874819 w=0.111 lr=2.271e-04 time=0.438s
[RQ-VAE] epoch=2331 loss=0.77845365 recon=0.00017644 beh=5.869950 w=0.111 lr=2.268e-04 time=0.26s
[RQ-VAE] epoch=2332 loss=0.78494823 recon=0.00017640 beh=5.865414 w=0.111 lr=2.264e-04 time=0.429s
[RQ-VAE] epoch=2333 loss=0.78605998 recon=0.00017600 beh=5.868834 w=0.111 lr=2.261e-04 time=0.414s
[RQ-VAE] epoch=2334 loss=0.78086627 recon=0.00017585 beh=5.860278 w=0.111 lr=2.258e-04 time=0.442s
[RQ-VAE] epoch=2335 loss=0.79018658 recon=0.00017589 beh=5.867095 w=0.111 lr=2.254e-04 time=0.449s
[RQ-VAE] epoch=2336 loss=0.78504795 recon=0.00017604 beh=5.858198 w=0.111 lr=2.251e-04 time=0.435s
[RQ-VAE] epoch=2337 loss=0.78620011 recon=0.00017608 beh=5.862722 w=0.112 lr=2.247e-04 time=0.466s
[RQ-VAE] epoch=2338 loss=0.79017144 recon=0.00017598 beh=5.861693 w=0.112 lr=2.244e-04 time=0.501s
[RQ-VAE] epoch=2339 loss=0.79248190 recon=0.00017588 beh=5.868014 w=0.112 lr=2.241e-04 time=0.49s
[RQ-VAE] epoch=2340 loss=0.78539306 recon=0.00017580 beh=5.861308 w=0.112 lr=2.237e-04 time=0.48s
[RQ-VAE] epoch=2341 loss=0.79133290 recon=0.00017590 beh=5.874117 w=0.112 lr=2.234e-04 time=0.373s
[RQ-VAE] epoch=2342 loss=0.78895992 recon=0.00017583 beh=5.871352 w=0.112 lr=2.231e-04 time=0.43s
[RQ-VAE] epoch=2343 loss=0.79060090 recon=0.00017555 beh=5.869655 w=0.112 lr=2.227e-04 time=0.441s
[RQ-VAE] epoch=2344 loss=0.79491442 recon=0.00017567 beh=5.864174 w=0.113 lr=2.224e-04 time=0.422s
[RQ-VAE] epoch=2345 loss=0.79309928 recon=0.00017569 beh=5.862750 w=0.113 lr=2.220e-04 time=0.512s
[RQ-VAE] epoch=2346 loss=0.79317749 recon=0.00017584 beh=5.861346 w=0.113 lr=2.217e-04 time=0.444s
[RQ-VAE] epoch=2347 loss=0.79738927 recon=0.00017550 beh=5.866076 w=0.113 lr=2.214e-04 time=0.452s
[RQ-VAE] epoch=2348 loss=0.79835260 recon=0.00017585 beh=5.869516 w=0.113 lr=2.210e-04 time=0.524s
[RQ-VAE] epoch=2349 loss=0.79791576 recon=0.00017568 beh=5.857735 w=0.113 lr=2.207e-04 time=0.488s
[RQ-VAE] epoch=2350 loss=0.80049556 recon=0.00017577 lr=2.203e-04 raw_unique=4105/24587 collision=0.833042 time=0.462s
[RQ-VAE] epoch=2351 loss=0.80144823 recon=0.00017571 beh=5.871848 w=0.113 lr=2.200e-04 time=0.443s
[RQ-VAE] epoch=2352 loss=0.79889500 recon=0.00017548 beh=5.872257 w=0.114 lr=2.197e-04 time=0.41s
[RQ-VAE] epoch=2353 loss=0.80032909 recon=0.00017547 beh=5.865067 w=0.114 lr=2.193e-04 time=0.506s
[RQ-VAE] epoch=2354 loss=0.80885732 recon=0.00017520 beh=5.858418 w=0.114 lr=2.190e-04 time=0.406s
[RQ-VAE] epoch=2355 loss=0.80561203 recon=0.00017524 beh=5.869355 w=0.114 lr=2.186e-04 time=0.464s
[RQ-VAE] epoch=2356 loss=0.80225641 recon=0.00017556 beh=5.872139 w=0.114 lr=2.183e-04 time=0.416s
[RQ-VAE] epoch=2357 loss=0.80276072 recon=0.00017531 beh=5.866323 w=0.114 lr=2.180e-04 time=0.463s
[RQ-VAE] epoch=2358 loss=0.80754930 recon=0.00017537 beh=5.857240 w=0.114 lr=2.176e-04 time=0.49s
[RQ-VAE] epoch=2359 loss=0.81247145 recon=0.00017559 beh=5.864368 w=0.115 lr=2.173e-04 time=0.421s
[RQ-VAE] epoch=2360 loss=0.80646360 recon=0.00017563 beh=5.860995 w=0.115 lr=2.169e-04 time=0.429s
[RQ-VAE] epoch=2361 loss=0.81101733 recon=0.00017548 beh=5.864073 w=0.115 lr=2.166e-04 time=0.199s
[RQ-VAE] epoch=2362 loss=0.81409216 recon=0.00017527 beh=5.861035 w=0.115 lr=2.163e-04 time=0.155s
[RQ-VAE] epoch=2363 loss=0.81282556 recon=0.00017527 beh=5.861187 w=0.115 lr=2.159e-04 time=0.155s
[RQ-VAE] epoch=2364 loss=0.81215960 recon=0.00017546 beh=5.866000 w=0.115 lr=2.156e-04 time=0.155s
[RQ-VAE] epoch=2365 loss=0.81546950 recon=0.00017539 beh=5.859871 w=0.115 lr=2.153e-04 time=0.155s
[RQ-VAE] epoch=2366 loss=0.81582141 recon=0.00017583 beh=5.862328 w=0.115 lr=2.149e-04 time=0.48s
[RQ-VAE] epoch=2367 loss=0.81501073 recon=0.00017581 beh=5.862908 w=0.116 lr=2.146e-04 time=0.422s
[RQ-VAE] epoch=2368 loss=0.81905031 recon=0.00017567 beh=5.863112 w=0.116 lr=2.142e-04 time=0.42s
[RQ-VAE] epoch=2369 loss=0.82166243 recon=0.00017574 beh=5.866097 w=0.116 lr=2.139e-04 time=0.426s
[RQ-VAE] epoch=2370 loss=0.81670028 recon=0.00017559 beh=5.859520 w=0.116 lr=2.136e-04 time=0.518s
[RQ-VAE] epoch=2371 loss=0.82357562 recon=0.00017548 beh=5.865295 w=0.116 lr=2.132e-04 time=0.454s
[RQ-VAE] epoch=2372 loss=0.82307351 recon=0.00017560 beh=5.869642 w=0.116 lr=2.129e-04 time=0.437s
[RQ-VAE] epoch=2373 loss=0.81529403 recon=0.00017595 beh=5.861478 w=0.116 lr=2.125e-04 time=0.476s
[RQ-VAE] epoch=2374 loss=0.82846320 recon=0.00017569 beh=5.866311 w=0.117 lr=2.122e-04 time=0.443s
[RQ-VAE] epoch=2375 loss=0.82214355 recon=0.00017576 beh=5.868962 w=0.117 lr=2.119e-04 time=0.582s
[RQ-VAE] epoch=2376 loss=0.82268870 recon=0.00017572 beh=5.861632 w=0.117 lr=2.115e-04 time=0.417s
[RQ-VAE] epoch=2377 loss=0.82827669 recon=0.00017548 beh=5.865694 w=0.117 lr=2.112e-04 time=0.455s
[RQ-VAE] epoch=2378 loss=0.82537663 recon=0.00017561 beh=5.871211 w=0.117 lr=2.108e-04 time=0.513s
[RQ-VAE] epoch=2379 loss=0.82254714 recon=0.00017570 beh=5.876577 w=0.117 lr=2.105e-04 time=0.444s
[RQ-VAE] epoch=2380 loss=0.82403272 recon=0.00017567 beh=5.867312 w=0.117 lr=2.102e-04 time=0.421s
[RQ-VAE] epoch=2381 loss=0.83076322 recon=0.00017566 beh=5.855282 w=0.117 lr=2.098e-04 time=0.443s
[RQ-VAE] epoch=2382 loss=0.82810229 recon=0.00017537 beh=5.864383 w=0.118 lr=2.095e-04 time=0.402s
[RQ-VAE] epoch=2383 loss=0.82858813 recon=0.00017533 beh=5.869314 w=0.118 lr=2.092e-04 time=0.456s
[RQ-VAE] epoch=2384 loss=0.82980740 recon=0.00017529 beh=5.866527 w=0.118 lr=2.088e-04 time=0.434s
[RQ-VAE] epoch=2385 loss=0.83228326 recon=0.00017550 beh=5.857287 w=0.118 lr=2.085e-04 time=0.452s
[RQ-VAE] epoch=2386 loss=0.83325195 recon=0.00017548 beh=5.865001 w=0.118 lr=2.081e-04 time=0.409s
[RQ-VAE] epoch=2387 loss=0.83331198 recon=0.00017541 beh=5.869271 w=0.118 lr=2.078e-04 time=0.455s
[RQ-VAE] epoch=2388 loss=0.83066779 recon=0.00017546 beh=5.869862 w=0.118 lr=2.075e-04 time=0.438s
[RQ-VAE] epoch=2389 loss=0.83543056 recon=0.00017528 beh=5.872623 w=0.119 lr=2.071e-04 time=0.411s
[RQ-VAE] epoch=2390 loss=0.83274400 recon=0.00017534 beh=5.870008 w=0.119 lr=2.068e-04 time=0.443s
[RQ-VAE] epoch=2391 loss=0.83395463 recon=0.00017520 beh=5.861612 w=0.119 lr=2.064e-04 time=0.431s
[RQ-VAE] epoch=2392 loss=0.84148163 recon=0.00017514 beh=5.862743 w=0.119 lr=2.061e-04 time=0.487s
[RQ-VAE] epoch=2393 loss=0.83908939 recon=0.00017529 beh=5.869360 w=0.119 lr=2.058e-04 time=0.473s
[RQ-VAE] epoch=2394 loss=0.83641398 recon=0.00017528 beh=5.865056 w=0.119 lr=2.054e-04 time=0.311s
[RQ-VAE] epoch=2395 loss=0.83961689 recon=0.00017528 beh=5.871068 w=0.119 lr=2.051e-04 time=0.493s
[RQ-VAE] epoch=2396 loss=0.84528285 recon=0.00017555 beh=5.863028 w=0.119 lr=2.047e-04 time=0.431s
[RQ-VAE] epoch=2397 loss=0.84188974 recon=0.00017545 beh=5.863495 w=0.120 lr=2.044e-04 time=0.407s
[RQ-VAE] epoch=2398 loss=0.84740019 recon=0.00017551 beh=5.864649 w=0.120 lr=2.041e-04 time=0.423s
[RQ-VAE] epoch=2399 loss=0.84334004 recon=0.00017545 beh=5.864812 w=0.120 lr=2.037e-04 time=0.413s
[RQ-VAE] epoch=2400 loss=0.84746647 recon=0.00017510 lr=2.034e-04 raw_unique=4036/24587 collision=0.835848 time=0.472s
[RQ-VAE] epoch=2401 loss=0.84777862 recon=0.00017521 beh=5.869008 w=0.120 lr=2.031e-04 time=0.506s
[RQ-VAE] epoch=2402 loss=0.84506655 recon=0.00017551 beh=5.861958 w=0.120 lr=2.027e-04 time=0.432s
[RQ-VAE] epoch=2403 loss=0.85169792 recon=0.00017525 beh=5.861847 w=0.120 lr=2.024e-04 time=0.456s
[RQ-VAE] epoch=2404 loss=0.85059249 recon=0.00017545 beh=5.857768 w=0.121 lr=2.020e-04 time=0.592s
[RQ-VAE] epoch=2405 loss=0.85210109 recon=0.00017556 beh=5.868910 w=0.121 lr=2.017e-04 time=0.486s
[RQ-VAE] epoch=2406 loss=0.85317624 recon=0.00017544 beh=5.867900 w=0.121 lr=2.014e-04 time=0.465s
[RQ-VAE] epoch=2407 loss=0.85255092 recon=0.00017527 beh=5.867927 w=0.121 lr=2.010e-04 time=0.432s
[RQ-VAE] epoch=2408 loss=0.85279119 recon=0.00017532 beh=5.863892 w=0.121 lr=2.007e-04 time=0.442s
[RQ-VAE] epoch=2409 loss=0.85585785 recon=0.00017531 beh=5.873109 w=0.121 lr=2.003e-04 time=0.424s
[RQ-VAE] epoch=2410 loss=0.85467976 recon=0.00017559 beh=5.866446 w=0.121 lr=2.000e-04 time=0.488s
[RQ-VAE] epoch=2411 loss=0.85865331 recon=0.00017543 beh=5.866534 w=0.121 lr=1.997e-04 time=0.462s
[RQ-VAE] epoch=2412 loss=0.85875136 recon=0.00017543 beh=5.866212 w=0.122 lr=1.993e-04 time=0.453s
[RQ-VAE] epoch=2413 loss=0.86037362 recon=0.00017526 beh=5.871787 w=0.122 lr=1.990e-04 time=0.417s
[RQ-VAE] epoch=2414 loss=0.85964650 recon=0.00017554 beh=5.857182 w=0.122 lr=1.986e-04 time=0.469s
[RQ-VAE] epoch=2415 loss=0.86519313 recon=0.00017506 beh=5.860316 w=0.122 lr=1.983e-04 time=0.377s
[RQ-VAE] epoch=2416 loss=0.86491418 recon=0.00017535 beh=5.864048 w=0.122 lr=1.980e-04 time=0.457s
[RQ-VAE] epoch=2417 loss=0.85920936 recon=0.00017546 beh=5.870162 w=0.122 lr=1.976e-04 time=0.39s
[RQ-VAE] epoch=2418 loss=0.86354971 recon=0.00017554 beh=5.868692 w=0.122 lr=1.973e-04 time=0.454s
[RQ-VAE] epoch=2419 loss=0.86318308 recon=0.00017577 beh=5.865859 w=0.123 lr=1.969e-04 time=0.457s
[RQ-VAE] epoch=2420 loss=0.86602819 recon=0.00017569 beh=5.860600 w=0.123 lr=1.966e-04 time=0.42s
[RQ-VAE] epoch=2421 loss=0.86853600 recon=0.00017543 beh=5.868970 w=0.123 lr=1.963e-04 time=0.426s
[RQ-VAE] epoch=2422 loss=0.86295348 recon=0.00017558 beh=5.873098 w=0.123 lr=1.959e-04 time=0.456s
[RQ-VAE] epoch=2423 loss=0.86776662 recon=0.00017549 beh=5.863455 w=0.123 lr=1.956e-04 time=0.405s
[RQ-VAE] epoch=2424 loss=0.87309670 recon=0.00017518 beh=5.863303 w=0.123 lr=1.953e-04 time=0.436s
[RQ-VAE] epoch=2425 loss=0.86986405 recon=0.00017544 beh=5.859777 w=0.123 lr=1.949e-04 time=0.429s
[RQ-VAE] epoch=2426 loss=0.87437522 recon=0.00017515 beh=5.868878 w=0.123 lr=1.946e-04 time=0.445s
[RQ-VAE] epoch=2427 loss=0.86579031 recon=0.00017566 beh=5.872802 w=0.124 lr=1.942e-04 time=0.477s
[RQ-VAE] epoch=2428 loss=0.87298942 recon=0.00017582 beh=5.864649 w=0.124 lr=1.939e-04 time=0.424s
[RQ-VAE] epoch=2429 loss=0.87552017 recon=0.00017541 beh=5.859288 w=0.124 lr=1.936e-04 time=0.417s
[RQ-VAE] epoch=2430 loss=0.87806290 recon=0.00017561 beh=5.862056 w=0.124 lr=1.932e-04 time=0.448s
[RQ-VAE] epoch=2431 loss=0.87415850 recon=0.00017579 beh=5.852331 w=0.124 lr=1.929e-04 time=0.517s
[RQ-VAE] epoch=2432 loss=0.87872493 recon=0.00017586 beh=5.871750 w=0.124 lr=1.925e-04 time=0.44s
[RQ-VAE] epoch=2433 loss=0.87728333 recon=0.00017608 beh=5.867753 w=0.124 lr=1.922e-04 time=0.441s
[RQ-VAE] epoch=2434 loss=0.87546432 recon=0.00017585 beh=5.859124 w=0.125 lr=1.919e-04 time=0.47s
[RQ-VAE] epoch=2435 loss=0.87925255 recon=0.00017568 beh=5.859605 w=0.125 lr=1.915e-04 time=0.428s
[RQ-VAE] epoch=2436 loss=0.87875867 recon=0.00017556 beh=5.874497 w=0.125 lr=1.912e-04 time=0.513s
[RQ-VAE] epoch=2437 loss=0.88181293 recon=0.00017586 beh=5.866415 w=0.125 lr=1.908e-04 time=0.433s
[RQ-VAE] epoch=2438 loss=0.87889099 recon=0.00017571 beh=5.867079 w=0.125 lr=1.905e-04 time=0.57s
[RQ-VAE] epoch=2439 loss=0.88505411 recon=0.00017571 beh=5.859046 w=0.125 lr=1.902e-04 time=0.437s
[RQ-VAE] epoch=2440 loss=0.88100982 recon=0.00017564 beh=5.865861 w=0.125 lr=1.898e-04 time=0.443s
[RQ-VAE] epoch=2441 loss=0.88379681 recon=0.00017576 beh=5.875040 w=0.125 lr=1.895e-04 time=0.382s
[RQ-VAE] epoch=2442 loss=0.88496459 recon=0.00017530 beh=5.854991 w=0.126 lr=1.892e-04 time=0.497s
[RQ-VAE] epoch=2443 loss=0.88907564 recon=0.00017522 beh=5.862512 w=0.126 lr=1.888e-04 time=0.5s
[RQ-VAE] epoch=2444 loss=0.88500237 recon=0.00017523 beh=5.872378 w=0.126 lr=1.885e-04 time=0.43s
[RQ-VAE] epoch=2445 loss=0.88603628 recon=0.00017537 beh=5.857428 w=0.126 lr=1.881e-04 time=0.438s
[RQ-VAE] epoch=2446 loss=0.89138502 recon=0.00017533 beh=5.868123 w=0.126 lr=1.878e-04 time=0.488s
[RQ-VAE] epoch=2447 loss=0.88736618 recon=0.00017526 beh=5.865878 w=0.126 lr=1.875e-04 time=0.45s
[RQ-VAE] epoch=2448 loss=0.89105356 recon=0.00017552 beh=5.869687 w=0.126 lr=1.871e-04 time=0.434s
[RQ-VAE] epoch=2449 loss=0.88715535 recon=0.00017556 beh=5.873495 w=0.127 lr=1.868e-04 time=0.407s
[RQ-VAE] epoch=2450 loss=0.89063501 recon=0.00017544 lr=1.864e-04 raw_unique=4199/24587 collision=0.829219 time=0.457s
[RQ-VAE] epoch=2451 loss=0.89678854 recon=0.00017532 beh=5.866557 w=0.127 lr=1.861e-04 time=0.458s
[RQ-VAE] epoch=2452 loss=0.89344764 recon=0.00017537 beh=5.859729 w=0.127 lr=1.858e-04 time=0.214s
[RQ-VAE] epoch=2453 loss=0.89327705 recon=0.00017544 beh=5.857555 w=0.127 lr=1.854e-04 time=0.465s
[RQ-VAE] epoch=2454 loss=0.90162295 recon=0.00017531 beh=5.868364 w=0.127 lr=1.851e-04 time=0.446s
[RQ-VAE] epoch=2455 loss=0.89399564 recon=0.00017545 beh=5.860333 w=0.127 lr=1.847e-04 time=0.454s
[RQ-VAE] epoch=2456 loss=0.90056312 recon=0.00017512 beh=5.870242 w=0.127 lr=1.844e-04 time=0.408s
[RQ-VAE] epoch=2457 loss=0.90111881 recon=0.00017540 beh=5.865819 w=0.128 lr=1.841e-04 time=0.47s
[RQ-VAE] epoch=2458 loss=0.89927596 recon=0.00017543 beh=5.856887 w=0.128 lr=1.837e-04 time=0.423s
[RQ-VAE] epoch=2459 loss=0.90377140 recon=0.00017539 beh=5.859228 w=0.128 lr=1.834e-04 time=0.482s
[RQ-VAE] epoch=2460 loss=0.90989482 recon=0.00017526 beh=5.863747 w=0.128 lr=1.831e-04 time=0.392s
[RQ-VAE] epoch=2461 loss=0.90330708 recon=0.00017544 beh=5.869285 w=0.128 lr=1.827e-04 time=0.423s
[RQ-VAE] epoch=2462 loss=0.90554780 recon=0.00017536 beh=5.862647 w=0.128 lr=1.824e-04 time=0.4s
[RQ-VAE] epoch=2463 loss=0.90753186 recon=0.00017514 beh=5.856317 w=0.128 lr=1.820e-04 time=0.454s
[RQ-VAE] epoch=2464 loss=0.91262901 recon=0.00017518 beh=5.861703 w=0.129 lr=1.817e-04 time=0.387s
[RQ-VAE] epoch=2465 loss=0.90956134 recon=0.00017549 beh=5.870532 w=0.129 lr=1.814e-04 time=0.435s
[RQ-VAE] epoch=2466 loss=0.90593636 recon=0.00017564 beh=5.860554 w=0.129 lr=1.810e-04 time=0.376s
[RQ-VAE] epoch=2467 loss=0.91248465 recon=0.00017546 beh=5.863616 w=0.129 lr=1.807e-04 time=0.467s
[RQ-VAE] epoch=2468 loss=0.91359454 recon=0.00017523 beh=5.858406 w=0.129 lr=1.803e-04 time=0.467s
[RQ-VAE] epoch=2469 loss=0.91472316 recon=0.00017522 beh=5.860159 w=0.129 lr=1.800e-04 time=5.268s
[RQ-VAE] epoch=2470 loss=0.91656458 recon=0.00017546 beh=5.864612 w=0.129 lr=1.797e-04 time=0.397s
[RQ-VAE] epoch=2471 loss=0.91500348 recon=0.00017533 beh=5.863050 w=0.129 lr=1.793e-04 time=0.377s
[RQ-VAE] epoch=2472 loss=0.91439575 recon=0.00017536 beh=5.862453 w=0.130 lr=1.790e-04 time=0.391s
[RQ-VAE] epoch=2473 loss=0.92144668 recon=0.00017527 beh=5.858749 w=0.130 lr=1.786e-04 time=0.442s
[RQ-VAE] epoch=2474 loss=0.92211699 recon=0.00017577 beh=5.859845 w=0.130 lr=1.783e-04 time=0.5s
[RQ-VAE] epoch=2475 loss=0.91975343 recon=0.00017564 beh=5.864106 w=0.130 lr=1.780e-04 time=0.447s
[RQ-VAE] epoch=2476 loss=0.92021942 recon=0.00017527 beh=5.871041 w=0.130 lr=1.776e-04 time=0.462s
[RQ-VAE] epoch=2477 loss=0.91771126 recon=0.00017534 beh=5.863731 w=0.130 lr=1.773e-04 time=0.459s
[RQ-VAE] epoch=2478 loss=0.92566639 recon=0.00017523 beh=5.856872 w=0.130 lr=1.769e-04 time=0.459s
[RQ-VAE] epoch=2479 loss=0.92690992 recon=0.00017544 beh=5.866249 w=0.131 lr=1.766e-04 time=0.46s
[RQ-VAE] epoch=2480 loss=0.92227250 recon=0.00017566 beh=5.864645 w=0.131 lr=1.763e-04 time=0.423s
[RQ-VAE] epoch=2481 loss=0.92569947 recon=0.00017592 beh=5.869325 w=0.131 lr=1.759e-04 time=0.448s
[RQ-VAE] epoch=2482 loss=0.92584127 recon=0.00017550 beh=5.867168 w=0.131 lr=1.756e-04 time=0.156s
[RQ-VAE] epoch=2483 loss=0.92643237 recon=0.00017560 beh=5.866968 w=0.131 lr=1.753e-04 time=0.156s
[RQ-VAE] epoch=2484 loss=0.92882401 recon=0.00017586 beh=5.869356 w=0.131 lr=1.749e-04 time=0.155s
[RQ-VAE] epoch=2485 loss=0.92477733 recon=0.00017572 beh=5.866610 w=0.131 lr=1.746e-04 time=0.154s
[RQ-VAE] epoch=2486 loss=0.93288970 recon=0.00017591 beh=5.872484 w=0.131 lr=1.742e-04 time=0.154s
[RQ-VAE] epoch=2487 loss=0.92873156 recon=0.00017566 beh=5.855182 w=0.132 lr=1.739e-04 time=0.153s
[RQ-VAE] epoch=2488 loss=0.93419719 recon=0.00017573 beh=5.853505 w=0.132 lr=1.736e-04 time=0.154s
[RQ-VAE] epoch=2489 loss=0.93353033 recon=0.00017561 beh=5.859611 w=0.132 lr=1.732e-04 time=0.156s
[RQ-VAE] epoch=2490 loss=0.93603522 recon=0.00017553 beh=5.863997 w=0.132 lr=1.729e-04 time=0.156s
[RQ-VAE] epoch=2491 loss=0.93049312 recon=0.00017552 beh=5.862991 w=0.132 lr=1.725e-04 time=0.156s
[RQ-VAE] epoch=2492 loss=0.93617535 recon=0.00017564 beh=5.863314 w=0.132 lr=1.722e-04 time=0.155s
[RQ-VAE] epoch=2493 loss=0.93630695 recon=0.00017548 beh=5.859295 w=0.132 lr=1.719e-04 time=0.156s
[RQ-VAE] epoch=2494 loss=0.93441528 recon=0.00017572 beh=5.866661 w=0.133 lr=1.715e-04 time=0.157s
[RQ-VAE] epoch=2495 loss=0.93895870 recon=0.00017556 beh=5.851505 w=0.133 lr=1.712e-04 time=0.519s
[RQ-VAE] epoch=2496 loss=0.94030827 recon=0.00017554 beh=5.851533 w=0.133 lr=1.708e-04 time=0.403s
[RQ-VAE] epoch=2497 loss=0.94102132 recon=0.00017543 beh=5.856971 w=0.133 lr=1.705e-04 time=0.384s
[RQ-VAE] epoch=2498 loss=0.94177639 recon=0.00017549 beh=5.864277 w=0.133 lr=1.702e-04 time=0.497s
[RQ-VAE] epoch=2499 loss=0.94099545 recon=0.00017566 beh=5.864964 w=0.133 lr=1.698e-04 time=0.441s
[RQ-VAE] epoch=2500 loss=0.94272649 recon=0.00017560 lr=1.695e-04 raw_unique=3824/24587 collision=0.844471 time=0.386s
[RQ-VAE] epoch=2501 loss=0.94008285 recon=0.00017559 beh=5.859743 w=0.133 lr=1.692e-04 time=0.48s
[RQ-VAE] epoch=2502 loss=0.94718349 recon=0.00017544 beh=5.863905 w=0.134 lr=1.688e-04 time=0.438s
[RQ-VAE] epoch=2503 loss=0.94329506 recon=0.00017562 beh=5.862595 w=0.134 lr=1.685e-04 time=0.433s
[RQ-VAE] epoch=2504 loss=0.94403160 recon=0.00017644 beh=5.867536 w=0.134 lr=1.681e-04 time=0.492s
[RQ-VAE] epoch=2505 loss=0.94648576 recon=0.00017615 beh=5.860471 w=0.134 lr=1.678e-04 time=0.446s
[RQ-VAE] epoch=2506 loss=0.94445896 recon=0.00017546 beh=5.864420 w=0.134 lr=1.675e-04 time=0.449s
[RQ-VAE] epoch=2507 loss=0.94757938 recon=0.00017539 beh=5.859712 w=0.134 lr=1.671e-04 time=0.423s
[RQ-VAE] epoch=2508 loss=0.94840372 recon=0.00017548 beh=5.864887 w=0.134 lr=1.668e-04 time=0.481s
[RQ-VAE] epoch=2509 loss=0.95102125 recon=0.00017565 beh=5.862433 w=0.135 lr=1.664e-04 time=0.588s
[RQ-VAE] epoch=2510 loss=0.95011920 recon=0.00017553 beh=5.865165 w=0.135 lr=1.661e-04 time=0.465s
[RQ-VAE] epoch=2511 loss=0.95207274 recon=0.00017534 beh=5.857503 w=0.135 lr=1.658e-04 time=0.426s
[RQ-VAE] epoch=2512 loss=0.95327705 recon=0.00017563 beh=5.849584 w=0.135 lr=1.654e-04 time=0.48s
[RQ-VAE] epoch=2513 loss=0.95450091 recon=0.00017547 beh=5.863542 w=0.135 lr=1.651e-04 time=0.436s
[RQ-VAE] epoch=2514 loss=0.95631623 recon=0.00017563 beh=5.871065 w=0.135 lr=1.647e-04 time=0.461s
[RQ-VAE] epoch=2515 loss=0.95333260 recon=0.00017560 beh=5.861896 w=0.135 lr=1.644e-04 time=0.477s
[RQ-VAE] epoch=2516 loss=0.95330226 recon=0.00017573 beh=5.864924 w=0.135 lr=1.641e-04 time=0.459s
[RQ-VAE] epoch=2517 loss=0.95905238 recon=0.00017590 beh=5.858001 w=0.136 lr=1.637e-04 time=0.443s
[RQ-VAE] epoch=2518 loss=0.95957863 recon=0.00017573 beh=5.847190 w=0.136 lr=1.634e-04 time=0.455s
[RQ-VAE] epoch=2519 loss=0.96604031 recon=0.00017611 beh=5.856605 w=0.136 lr=1.631e-04 time=0.422s
[RQ-VAE] epoch=2520 loss=0.96061420 recon=0.00017607 beh=5.862387 w=0.136 lr=1.627e-04 time=0.452s
[RQ-VAE] epoch=2521 loss=0.96080601 recon=0.00017606 beh=5.852855 w=0.136 lr=1.624e-04 time=0.444s
[RQ-VAE] epoch=2522 loss=0.96412116 recon=0.00017592 beh=5.859941 w=0.136 lr=1.620e-04 time=0.474s
[RQ-VAE] epoch=2523 loss=0.96239042 recon=0.00017615 beh=5.858681 w=0.136 lr=1.617e-04 time=0.43s
[RQ-VAE] epoch=2524 loss=0.96290857 recon=0.00017558 beh=5.859264 w=0.137 lr=1.614e-04 time=0.448s
[RQ-VAE] epoch=2525 loss=0.96676528 recon=0.00017589 beh=5.869983 w=0.137 lr=1.610e-04 time=0.428s
[RQ-VAE] epoch=2526 loss=0.96263313 recon=0.00017573 beh=5.866498 w=0.137 lr=1.607e-04 time=0.461s
[RQ-VAE] epoch=2527 loss=0.96509582 recon=0.00017579 beh=5.865512 w=0.137 lr=1.603e-04 time=0.431s
[RQ-VAE] epoch=2528 loss=0.96872568 recon=0.00017599 beh=5.859681 w=0.137 lr=1.600e-04 time=0.473s
[RQ-VAE] epoch=2529 loss=0.96668690 recon=0.00017605 beh=5.869103 w=0.137 lr=1.597e-04 time=0.48s
[RQ-VAE] epoch=2530 loss=0.96693498 recon=0.00017564 beh=5.862696 w=0.137 lr=1.593e-04 time=0.375s
[RQ-VAE] epoch=2531 loss=0.96969783 recon=0.00017549 beh=5.858613 w=0.137 lr=1.590e-04 time=0.422s
[RQ-VAE] epoch=2532 loss=0.96975404 recon=0.00017573 beh=5.851002 w=0.138 lr=1.586e-04 time=0.435s
[RQ-VAE] epoch=2533 loss=0.97525501 recon=0.00017595 beh=5.862232 w=0.138 lr=1.583e-04 time=0.421s
[RQ-VAE] epoch=2534 loss=0.97015053 recon=0.00017581 beh=5.853955 w=0.138 lr=1.580e-04 time=0.417s
[RQ-VAE] epoch=2535 loss=0.97649699 recon=0.00017569 beh=5.857504 w=0.138 lr=1.576e-04 time=0.438s
[RQ-VAE] epoch=2536 loss=0.97505093 recon=0.00017571 beh=5.868951 w=0.138 lr=1.573e-04 time=0.46s
[RQ-VAE] epoch=2537 loss=0.97663218 recon=0.00017610 beh=5.858364 w=0.138 lr=1.569e-04 time=0.484s
[RQ-VAE] epoch=2538 loss=0.97562355 recon=0.00017596 beh=5.863485 w=0.138 lr=1.566e-04 time=0.442s
[RQ-VAE] epoch=2539 loss=0.97544867 recon=0.00017639 beh=5.851784 w=0.139 lr=1.563e-04 time=0.415s
[RQ-VAE] epoch=2540 loss=0.98194045 recon=0.00017581 beh=5.866195 w=0.139 lr=1.559e-04 time=0.426s
[RQ-VAE] epoch=2541 loss=0.98005772 recon=0.00017615 beh=5.856318 w=0.139 lr=1.556e-04 time=0.445s
[RQ-VAE] epoch=2542 loss=0.98019922 recon=0.00017562 beh=5.858615 w=0.139 lr=1.553e-04 time=0.392s
[RQ-VAE] epoch=2543 loss=0.98265278 recon=0.00017564 beh=5.864689 w=0.139 lr=1.549e-04 time=0.527s
[RQ-VAE] epoch=2544 loss=0.98061794 recon=0.00017592 beh=5.850078 w=0.139 lr=1.546e-04 time=0.442s
[RQ-VAE] epoch=2545 loss=0.98877376 recon=0.00017567 beh=5.863696 w=0.139 lr=1.542e-04 time=0.407s
[RQ-VAE] epoch=2546 loss=0.98456764 recon=0.00017560 beh=5.861366 w=0.139 lr=1.539e-04 time=0.432s
[RQ-VAE] epoch=2547 loss=0.98301506 recon=0.00017565 beh=5.863847 w=0.140 lr=1.536e-04 time=0.407s
[RQ-VAE] epoch=2548 loss=0.98356044 recon=0.00017610 beh=5.859654 w=0.140 lr=1.532e-04 time=0.432s
[RQ-VAE] epoch=2549 loss=0.99200910 recon=0.00017587 beh=5.864212 w=0.140 lr=1.529e-04 time=0.463s
[RQ-VAE] epoch=2550 loss=0.98805135 recon=0.00017555 lr=1.525e-04 raw_unique=4153/24587 collision=0.831090 time=0.449s
[RQ-VAE] epoch=2551 loss=0.98611760 recon=0.00017602 beh=5.853557 w=0.140 lr=1.522e-04 time=0.475s
[RQ-VAE] epoch=2552 loss=0.99549484 recon=0.00017586 beh=5.860993 w=0.140 lr=1.519e-04 time=0.441s
[RQ-VAE] epoch=2553 loss=0.99345005 recon=0.00017640 beh=5.869790 w=0.140 lr=1.515e-04 time=0.42s
[RQ-VAE] epoch=2554 loss=0.98677194 recon=0.00017647 beh=5.859388 w=0.141 lr=1.512e-04 time=0.319s
[RQ-VAE] epoch=2555 loss=0.99425483 recon=0.00017569 beh=5.863258 w=0.141 lr=1.508e-04 time=0.455s
[RQ-VAE] epoch=2556 loss=0.99813306 recon=0.00017563 beh=5.851511 w=0.141 lr=1.505e-04 time=0.433s
[RQ-VAE] epoch=2557 loss=0.99775797 recon=0.00017564 beh=5.851186 w=0.141 lr=1.502e-04 time=0.477s
[RQ-VAE] epoch=2558 loss=0.99954504 recon=0.00017549 beh=5.858171 w=0.141 lr=1.498e-04 time=0.457s
[RQ-VAE] epoch=2559 loss=0.99805146 recon=0.00017608 beh=5.862936 w=0.141 lr=1.495e-04 time=0.633s
[RQ-VAE] epoch=2560 loss=0.99924928 recon=0.00017551 beh=5.849023 w=0.141 lr=1.492e-04 time=0.434s
[RQ-VAE] epoch=2561 loss=1.00305927 recon=0.00017549 beh=5.852338 w=0.141 lr=1.488e-04 time=0.448s
[RQ-VAE] epoch=2562 loss=0.99984968 recon=0.00017565 beh=5.858854 w=0.142 lr=1.485e-04 time=0.457s
[RQ-VAE] epoch=2563 loss=1.00121045 recon=0.00017575 beh=5.859351 w=0.142 lr=1.481e-04 time=0.41s
[RQ-VAE] epoch=2564 loss=1.00282216 recon=0.00017560 beh=5.856539 w=0.142 lr=1.478e-04 time=0.401s
[RQ-VAE] epoch=2565 loss=1.01004100 recon=0.00017609 beh=5.859628 w=0.142 lr=1.475e-04 time=0.48s
[RQ-VAE] epoch=2566 loss=1.00523674 recon=0.00017589 beh=5.864302 w=0.142 lr=1.471e-04 time=0.478s
[RQ-VAE] epoch=2567 loss=1.00244379 recon=0.00017569 beh=5.855230 w=0.142 lr=1.468e-04 time=0.454s
[RQ-VAE] epoch=2568 loss=1.01013899 recon=0.00017552 beh=5.858909 w=0.142 lr=1.464e-04 time=0.471s
[RQ-VAE] epoch=2569 loss=1.00868094 recon=0.00017559 beh=5.864316 w=0.143 lr=1.461e-04 time=0.455s
[RQ-VAE] epoch=2570 loss=1.00681305 recon=0.00017570 beh=5.858423 w=0.143 lr=1.458e-04 time=0.438s
[RQ-VAE] epoch=2571 loss=1.00876844 recon=0.00017556 beh=5.865698 w=0.143 lr=1.454e-04 time=0.438s
[RQ-VAE] epoch=2572 loss=1.01212859 recon=0.00017562 beh=5.858362 w=0.143 lr=1.451e-04 time=0.386s
[RQ-VAE] epoch=2573 loss=1.01269126 recon=0.00017549 beh=5.859797 w=0.143 lr=1.447e-04 time=0.447s
[RQ-VAE] epoch=2574 loss=1.01026702 recon=0.00017562 beh=5.864893 w=0.143 lr=1.444e-04 time=0.424s
[RQ-VAE] epoch=2575 loss=1.01039553 recon=0.00017588 beh=5.862681 w=0.143 lr=1.441e-04 time=0.473s
[RQ-VAE] epoch=2576 loss=1.01255584 recon=0.00017586 beh=5.870243 w=0.143 lr=1.437e-04 time=0.44s
[RQ-VAE] epoch=2577 loss=1.01048708 recon=0.00017561 beh=5.860989 w=0.144 lr=1.434e-04 time=0.427s
[RQ-VAE] epoch=2578 loss=1.01705623 recon=0.00017564 beh=5.858180 w=0.144 lr=1.431e-04 time=0.491s
[RQ-VAE] epoch=2579 loss=1.01544309 recon=0.00017566 beh=5.857817 w=0.144 lr=1.427e-04 time=0.437s
[RQ-VAE] epoch=2580 loss=1.02158761 recon=0.00017570 beh=5.855674 w=0.144 lr=1.424e-04 time=0.446s
[RQ-VAE] epoch=2581 loss=1.01703000 recon=0.00017555 beh=5.852921 w=0.144 lr=1.420e-04 time=0.442s
[RQ-VAE] epoch=2582 loss=1.02062345 recon=0.00017603 beh=5.857698 w=0.144 lr=1.417e-04 time=0.336s
[RQ-VAE] epoch=2583 loss=1.02137208 recon=0.00017611 beh=5.864294 w=0.144 lr=1.414e-04 time=0.359s
[RQ-VAE] epoch=2584 loss=1.02107000 recon=0.00017566 beh=5.860552 w=0.145 lr=1.410e-04 time=0.456s
[RQ-VAE] epoch=2585 loss=1.02107620 recon=0.00017533 beh=5.859272 w=0.145 lr=1.407e-04 time=0.477s
[RQ-VAE] epoch=2586 loss=1.02349532 recon=0.00017558 beh=5.855633 w=0.145 lr=1.403e-04 time=0.486s
[RQ-VAE] epoch=2587 loss=1.02368760 recon=0.00017561 beh=5.858542 w=0.145 lr=1.400e-04 time=0.433s
[RQ-VAE] epoch=2588 loss=1.02574348 recon=0.00017566 beh=5.862697 w=0.145 lr=1.397e-04 time=0.467s
[RQ-VAE] epoch=2589 loss=1.02211034 recon=0.00017610 beh=5.864990 w=0.145 lr=1.393e-04 time=0.417s
[RQ-VAE] epoch=2590 loss=1.02233922 recon=0.00017567 beh=5.855800 w=0.145 lr=1.390e-04 time=0.391s
[RQ-VAE] epoch=2591 loss=1.02817404 recon=0.00017554 beh=5.861186 w=0.145 lr=1.386e-04 time=0.448s
[RQ-VAE] epoch=2592 loss=1.02718449 recon=0.00017552 beh=5.868598 w=0.146 lr=1.383e-04 time=0.431s
[RQ-VAE] epoch=2593 loss=1.03044033 recon=0.00017563 beh=5.857258 w=0.146 lr=1.380e-04 time=0.464s
[RQ-VAE] epoch=2594 loss=1.03068340 recon=0.00017551 beh=5.865396 w=0.146 lr=1.376e-04 time=0.461s
[RQ-VAE] epoch=2595 loss=1.02441025 recon=0.00017545 beh=5.856650 w=0.146 lr=1.373e-04 time=0.446s
[RQ-VAE] epoch=2596 loss=1.03421676 recon=0.00017573 beh=5.864977 w=0.146 lr=1.369e-04 time=0.47s
[RQ-VAE] epoch=2597 loss=1.02784419 recon=0.00017584 beh=5.852242 w=0.146 lr=1.366e-04 time=0.454s
[RQ-VAE] epoch=2598 loss=1.03452575 recon=0.00017577 beh=5.864190 w=0.146 lr=1.363e-04 time=0.491s
[RQ-VAE] epoch=2599 loss=1.02891183 recon=0.00017598 beh=5.849076 w=0.147 lr=1.359e-04 time=0.463s
[RQ-VAE] epoch=2600 loss=1.03677678 recon=0.00017542 lr=1.356e-04 raw_unique=3919/24587 collision=0.840607 time=0.459s
[RQ-VAE] epoch=2601 loss=1.03415370 recon=0.00017582 beh=5.846359 w=0.147 lr=1.353e-04 time=0.462s
[RQ-VAE] epoch=2602 loss=1.03894854 recon=0.00017545 beh=5.861379 w=0.147 lr=1.349e-04 time=0.445s
[RQ-VAE] epoch=2603 loss=1.03946257 recon=0.00017549 beh=5.863099 w=0.147 lr=1.346e-04 time=0.473s
[RQ-VAE] epoch=2604 loss=1.03017378 recon=0.00017547 beh=5.853077 w=0.147 lr=1.342e-04 time=0.43s
[RQ-VAE] epoch=2605 loss=1.03906989 recon=0.00017536 beh=5.868859 w=0.147 lr=1.339e-04 time=0.444s
[RQ-VAE] epoch=2606 loss=1.03725433 recon=0.00017539 beh=5.856966 w=0.147 lr=1.336e-04 time=0.493s
[RQ-VAE] epoch=2607 loss=1.03905225 recon=0.00017539 beh=5.857630 w=0.148 lr=1.332e-04 time=0.456s
[RQ-VAE] epoch=2608 loss=1.04132593 recon=0.00017560 beh=5.849744 w=0.148 lr=1.329e-04 time=0.469s
[RQ-VAE] epoch=2609 loss=1.04416227 recon=0.00017541 beh=5.861753 w=0.148 lr=1.325e-04 time=0.482s
[RQ-VAE] epoch=2610 loss=1.04332912 recon=0.00017564 beh=5.862477 w=0.148 lr=1.322e-04 time=0.451s
[RQ-VAE] epoch=2611 loss=1.03843987 recon=0.00017563 beh=5.859358 w=0.148 lr=1.319e-04 time=0.418s
[RQ-VAE] epoch=2612 loss=1.04316425 recon=0.00017547 beh=5.870928 w=0.148 lr=1.315e-04 time=0.29s
[RQ-VAE] epoch=2613 loss=1.04222822 recon=0.00017545 beh=5.857548 w=0.148 lr=1.312e-04 time=0.461s
[RQ-VAE] epoch=2614 loss=1.04403806 recon=0.00017533 beh=5.860064 w=0.149 lr=1.308e-04 time=0.422s
[RQ-VAE] epoch=2615 loss=1.04561234 recon=0.00017532 beh=5.861356 w=0.149 lr=1.305e-04 time=0.583s
[RQ-VAE] epoch=2616 loss=1.04783404 recon=0.00017531 beh=5.858411 w=0.149 lr=1.302e-04 time=0.423s
[RQ-VAE] epoch=2617 loss=1.05125618 recon=0.00017534 beh=5.864178 w=0.149 lr=1.298e-04 time=0.469s
[RQ-VAE] epoch=2618 loss=1.04422259 recon=0.00017540 beh=5.861615 w=0.149 lr=1.295e-04 time=0.433s
[RQ-VAE] epoch=2619 loss=1.04682469 recon=0.00017534 beh=5.861946 w=0.149 lr=1.292e-04 time=0.474s
[RQ-VAE] epoch=2620 loss=1.04972506 recon=0.00017525 beh=5.852351 w=0.149 lr=1.288e-04 time=0.42s
[RQ-VAE] epoch=2621 loss=1.05386066 recon=0.00017565 beh=5.855703 w=0.149 lr=1.285e-04 time=0.414s
[RQ-VAE] epoch=2622 loss=1.05133533 recon=0.00017527 beh=5.865041 w=0.150 lr=1.281e-04 time=0.461s
[RQ-VAE] epoch=2623 loss=1.05242157 recon=0.00017538 beh=5.861624 w=0.150 lr=1.278e-04 time=0.446s
[RQ-VAE] epoch=2624 loss=1.05487263 recon=0.00017535 beh=5.851646 w=0.150 lr=1.275e-04 time=0.522s
[RQ-VAE] epoch=2625 loss=1.05680299 recon=0.00017522 beh=5.856246 w=0.150 lr=1.271e-04 time=0.452s
[RQ-VAE] epoch=2626 loss=1.05414796 recon=0.00017550 beh=5.856564 w=0.150 lr=1.268e-04 time=0.438s
[RQ-VAE] epoch=2627 loss=1.05494618 recon=0.00017578 beh=5.859597 w=0.150 lr=1.264e-04 time=0.496s
[RQ-VAE] epoch=2628 loss=1.05626392 recon=0.00017597 beh=5.863194 w=0.150 lr=1.261e-04 time=0.437s
[RQ-VAE] epoch=2629 loss=1.05804968 recon=0.00017573 beh=5.865600 w=0.151 lr=1.258e-04 time=0.465s
[RQ-VAE] epoch=2630 loss=1.05767560 recon=0.00017541 beh=5.861420 w=0.151 lr=1.254e-04 time=0.417s
[RQ-VAE] epoch=2631 loss=1.05990112 recon=0.00017558 beh=5.858934 w=0.151 lr=1.251e-04 time=0.465s
[RQ-VAE] epoch=2632 loss=1.06418347 recon=0.00017531 beh=5.867631 w=0.151 lr=1.247e-04 time=0.465s
[RQ-VAE] epoch=2633 loss=1.05867124 recon=0.00017541 beh=5.853999 w=0.151 lr=1.244e-04 time=0.428s
[RQ-VAE] epoch=2634 loss=1.06265938 recon=0.00017551 beh=5.858536 w=0.151 lr=1.241e-04 time=0.443s
[RQ-VAE] epoch=2635 loss=1.06527150 recon=0.00017513 beh=5.861269 w=0.151 lr=1.237e-04 time=0.437s
[RQ-VAE] epoch=2636 loss=1.06549752 recon=0.00017570 beh=5.860889 w=0.151 lr=1.234e-04 time=0.456s
[RQ-VAE] epoch=2637 loss=1.06705678 recon=0.00017526 beh=5.860856 w=0.152 lr=1.231e-04 time=0.452s
[RQ-VAE] epoch=2638 loss=1.07170367 recon=0.00017532 beh=5.858427 w=0.152 lr=1.227e-04 time=0.435s
[RQ-VAE] epoch=2639 loss=1.06522679 recon=0.00017530 beh=5.861528 w=0.152 lr=1.224e-04 time=0.456s
[RQ-VAE] epoch=2640 loss=1.06657267 recon=0.00017530 beh=5.861496 w=0.152 lr=1.220e-04 time=0.429s
[RQ-VAE] epoch=2641 loss=1.06444335 recon=0.00017525 beh=5.850728 w=0.152 lr=1.217e-04 time=0.283s
[RQ-VAE] epoch=2642 loss=1.07707620 recon=0.00017501 beh=5.864561 w=0.152 lr=1.214e-04 time=0.453s
[RQ-VAE] epoch=2643 loss=1.07320929 recon=0.00017538 beh=5.859553 w=0.152 lr=1.210e-04 time=0.44s
[RQ-VAE] epoch=2644 loss=1.06779158 recon=0.00017548 beh=5.853592 w=0.153 lr=1.207e-04 time=0.575s
[RQ-VAE] epoch=2645 loss=1.07719445 recon=0.00017539 beh=5.854636 w=0.153 lr=1.203e-04 time=0.432s
[RQ-VAE] epoch=2646 loss=1.07934356 recon=0.00017560 beh=5.858866 w=0.153 lr=1.200e-04 time=0.378s
[RQ-VAE] epoch=2647 loss=1.07332909 recon=0.00017543 beh=5.862589 w=0.153 lr=1.197e-04 time=0.462s
[RQ-VAE] epoch=2648 loss=1.07065105 recon=0.00017547 beh=5.854825 w=0.153 lr=1.193e-04 time=0.453s
[RQ-VAE] epoch=2649 loss=1.08195555 recon=0.00017502 beh=5.869033 w=0.153 lr=1.190e-04 time=0.429s
[RQ-VAE] epoch=2650 loss=1.07767701 recon=0.00017532 lr=1.186e-04 raw_unique=3936/24587 collision=0.839915 time=0.435s
[RQ-VAE] epoch=2651 loss=1.07746100 recon=0.00017533 beh=5.863081 w=0.153 lr=1.183e-04 time=0.418s
[RQ-VAE] epoch=2652 loss=1.08204436 recon=0.00017545 beh=5.866520 w=0.154 lr=1.180e-04 time=0.502s
[RQ-VAE] epoch=2653 loss=1.07606363 recon=0.00017510 beh=5.866912 w=0.154 lr=1.176e-04 time=0.445s
[RQ-VAE] epoch=2654 loss=1.08318353 recon=0.00017532 beh=5.860986 w=0.154 lr=1.173e-04 time=0.493s
[RQ-VAE] epoch=2655 loss=1.08223391 recon=0.00017535 beh=5.855031 w=0.154 lr=1.169e-04 time=0.431s
[RQ-VAE] epoch=2656 loss=1.08612156 recon=0.00017505 beh=5.848688 w=0.154 lr=1.166e-04 time=0.466s
[RQ-VAE] epoch=2657 loss=1.08855200 recon=0.00017506 beh=5.856601 w=0.154 lr=1.163e-04 time=0.41s
[RQ-VAE] epoch=2658 loss=1.08420706 recon=0.00017526 beh=5.851247 w=0.154 lr=1.159e-04 time=0.428s
[RQ-VAE] epoch=2659 loss=1.09057307 recon=0.00017532 beh=5.847221 w=0.155 lr=1.156e-04 time=0.394s
[RQ-VAE] epoch=2660 loss=1.09360576 recon=0.00017512 beh=5.868762 w=0.155 lr=1.153e-04 time=0.423s
[RQ-VAE] epoch=2661 loss=1.08714533 recon=0.00017527 beh=5.862016 w=0.155 lr=1.149e-04 time=0.442s
[RQ-VAE] epoch=2662 loss=1.09061861 recon=0.00017527 beh=5.854729 w=0.155 lr=1.146e-04 time=0.412s
[RQ-VAE] epoch=2663 loss=1.09768844 recon=0.00017513 beh=5.856804 w=0.155 lr=1.142e-04 time=0.458s
[RQ-VAE] epoch=2664 loss=1.09434104 recon=0.00017526 beh=5.866132 w=0.155 lr=1.139e-04 time=0.542s
[RQ-VAE] epoch=2665 loss=1.08902228 recon=0.00017532 beh=5.866669 w=0.155 lr=1.136e-04 time=0.408s
[RQ-VAE] epoch=2666 loss=1.09137380 recon=0.00017526 beh=5.859923 w=0.155 lr=1.132e-04 time=0.445s
[RQ-VAE] epoch=2667 loss=1.09395385 recon=0.00017508 beh=5.865972 w=0.156 lr=1.129e-04 time=0.387s
[RQ-VAE] epoch=2668 loss=1.09715950 recon=0.00017516 beh=5.861314 w=0.156 lr=1.125e-04 time=0.447s
[RQ-VAE] epoch=2669 loss=1.09635949 recon=0.00017509 beh=5.855922 w=0.156 lr=1.122e-04 time=0.398s
[RQ-VAE] epoch=2670 loss=1.09721816 recon=0.00017516 beh=5.859175 w=0.156 lr=1.119e-04 time=0.36s
[RQ-VAE] epoch=2671 loss=1.09926856 recon=0.00017530 beh=5.855639 w=0.156 lr=1.115e-04 time=0.481s
[RQ-VAE] epoch=2672 loss=1.10338688 recon=0.00017550 beh=5.847947 w=0.156 lr=1.112e-04 time=0.448s
[RQ-VAE] epoch=2673 loss=1.10754514 recon=0.00017527 beh=5.851736 w=0.156 lr=1.108e-04 time=0.426s
[RQ-VAE] epoch=2674 loss=1.10528266 recon=0.00017515 beh=5.856845 w=0.157 lr=1.105e-04 time=0.466s
[RQ-VAE] epoch=2675 loss=1.10361385 recon=0.00017536 beh=5.847784 w=0.157 lr=1.102e-04 time=0.434s
[RQ-VAE] epoch=2676 loss=1.10797977 recon=0.00017538 beh=5.860632 w=0.157 lr=1.098e-04 time=0.405s
[RQ-VAE] epoch=2677 loss=1.10850167 recon=0.00017517 beh=5.854698 w=0.157 lr=1.095e-04 time=0.409s
[RQ-VAE] epoch=2678 loss=1.10612631 recon=0.00017543 beh=5.863712 w=0.157 lr=1.092e-04 time=0.44s
[RQ-VAE] epoch=2679 loss=1.10618591 recon=0.00017529 beh=5.858516 w=0.157 lr=1.088e-04 time=0.566s
[RQ-VAE] epoch=2680 loss=1.10790539 recon=0.00017518 beh=5.859712 w=0.157 lr=1.085e-04 time=0.416s
[RQ-VAE] epoch=2681 loss=1.11067820 recon=0.00017531 beh=5.857141 w=0.157 lr=1.081e-04 time=0.465s
[RQ-VAE] epoch=2682 loss=1.11293972 recon=0.00017535 beh=5.857020 w=0.158 lr=1.078e-04 time=0.439s
[RQ-VAE] epoch=2683 loss=1.11241162 recon=0.00017560 beh=5.855164 w=0.158 lr=1.075e-04 time=0.409s
[RQ-VAE] epoch=2684 loss=1.11434913 recon=0.00017532 beh=5.860428 w=0.158 lr=1.071e-04 time=0.414s
[RQ-VAE] epoch=2685 loss=1.11401296 recon=0.00017535 beh=5.861340 w=0.158 lr=1.068e-04 time=0.467s
[RQ-VAE] epoch=2686 loss=1.11323953 recon=0.00017570 beh=5.850063 w=0.158 lr=1.064e-04 time=0.413s
[RQ-VAE] epoch=2687 loss=1.11651182 recon=0.00017551 beh=5.855430 w=0.158 lr=1.061e-04 time=0.437s
[RQ-VAE] epoch=2688 loss=1.11788535 recon=0.00017551 beh=5.864255 w=0.158 lr=1.058e-04 time=0.426s
[RQ-VAE] epoch=2689 loss=1.11684299 recon=0.00017543 beh=5.864630 w=0.159 lr=1.054e-04 time=0.437s
[RQ-VAE] epoch=2690 loss=1.11594701 recon=0.00017543 beh=5.866641 w=0.159 lr=1.051e-04 time=0.398s
[RQ-VAE] epoch=2691 loss=1.11379528 recon=0.00017527 beh=5.857709 w=0.159 lr=1.047e-04 time=0.455s
[RQ-VAE] epoch=2692 loss=1.11881459 recon=0.00017540 beh=5.851189 w=0.159 lr=1.044e-04 time=0.416s
[RQ-VAE] epoch=2693 loss=1.12668955 recon=0.00017514 beh=5.856638 w=0.159 lr=1.041e-04 time=0.46s
[RQ-VAE] epoch=2694 loss=1.12277460 recon=0.00017533 beh=5.853109 w=0.159 lr=1.037e-04 time=0.471s
[RQ-VAE] epoch=2695 loss=1.12594295 recon=0.00017527 beh=5.856496 w=0.159 lr=1.034e-04 time=0.446s
[RQ-VAE] epoch=2696 loss=1.12370288 recon=0.00017509 beh=5.862022 w=0.159 lr=1.031e-04 time=0.47s
[RQ-VAE] epoch=2697 loss=1.12476873 recon=0.00017541 beh=5.859916 w=0.160 lr=1.027e-04 time=0.459s
[RQ-VAE] epoch=2698 loss=1.12716269 recon=0.00017524 beh=5.863960 w=0.160 lr=1.024e-04 time=0.329s
[RQ-VAE] epoch=2699 loss=1.12699378 recon=0.00017535 beh=5.862049 w=0.160 lr=1.020e-04 time=0.386s
[RQ-VAE] epoch=2700 loss=1.12690258 recon=0.00017559 lr=1.017e-04 raw_unique=3995/24587 collision=0.837516 time=0.465s
[RQ-VAE] epoch=2701 loss=1.13197923 recon=0.00017543 beh=5.854519 w=0.160 lr=1.014e-04 time=0.428s
[RQ-VAE] epoch=2702 loss=1.13425422 recon=0.00017529 beh=5.865062 w=0.160 lr=1.010e-04 time=0.443s
[RQ-VAE] epoch=2703 loss=1.12796938 recon=0.00017514 beh=5.859366 w=0.160 lr=1.007e-04 time=0.443s
[RQ-VAE] epoch=2704 loss=1.13115728 recon=0.00017531 beh=5.859618 w=0.161 lr=1.003e-04 time=0.44s
[RQ-VAE] epoch=2705 loss=1.13657320 recon=0.00017529 beh=5.864077 w=0.161 lr=1.000e-04 time=0.389s
[RQ-VAE] epoch=2706 loss=1.13353491 recon=0.00017527 beh=5.855667 w=0.161 lr=9.966e-05 time=0.463s
[RQ-VAE] epoch=2707 loss=1.13812757 recon=0.00017527 beh=5.860103 w=0.161 lr=9.932e-05 time=0.439s
[RQ-VAE] epoch=2708 loss=1.13431001 recon=0.00017499 beh=5.856291 w=0.161 lr=9.898e-05 time=0.456s
[RQ-VAE] epoch=2709 loss=1.13762438 recon=0.00017528 beh=5.855495 w=0.161 lr=9.864e-05 time=0.465s
[RQ-VAE] epoch=2710 loss=1.13936722 recon=0.00017531 beh=5.865251 w=0.161 lr=9.831e-05 time=0.477s
[RQ-VAE] epoch=2711 loss=1.13885200 recon=0.00017505 beh=5.863526 w=0.161 lr=9.797e-05 time=0.413s
[RQ-VAE] epoch=2712 loss=1.13629234 recon=0.00017526 beh=5.850092 w=0.162 lr=9.763e-05 time=0.388s
[RQ-VAE] epoch=2713 loss=1.14165580 recon=0.00017523 beh=5.849159 w=0.162 lr=9.729e-05 time=0.478s
[RQ-VAE] epoch=2714 loss=1.15105522 recon=0.00017539 beh=5.860033 w=0.162 lr=9.695e-05 time=0.411s
[RQ-VAE] epoch=2715 loss=1.14566171 recon=0.00017537 beh=5.850508 w=0.162 lr=9.661e-05 time=0.43s
[RQ-VAE] epoch=2716 loss=1.14257312 recon=0.00017534 beh=5.853859 w=0.162 lr=9.627e-05 time=0.454s
[RQ-VAE] epoch=2717 loss=1.14777875 recon=0.00017530 beh=5.861542 w=0.162 lr=9.593e-05 time=0.447s
[RQ-VAE] epoch=2718 loss=1.15029049 recon=0.00017544 beh=5.860114 w=0.162 lr=9.559e-05 time=0.407s
[RQ-VAE] epoch=2719 loss=1.14682877 recon=0.00017522 beh=5.858457 w=0.163 lr=9.525e-05 time=0.408s
[RQ-VAE] epoch=2720 loss=1.14690638 recon=0.00017518 beh=5.857609 w=0.163 lr=9.492e-05 time=0.475s
[RQ-VAE] epoch=2721 loss=1.14714003 recon=0.00017515 beh=5.849537 w=0.163 lr=9.458e-05 time=0.427s
[RQ-VAE] epoch=2722 loss=1.15483010 recon=0.00017541 beh=5.850632 w=0.163 lr=9.424e-05 time=0.363s
[RQ-VAE] epoch=2723 loss=1.15765929 recon=0.00017525 beh=5.852811 w=0.163 lr=9.390e-05 time=0.452s
[RQ-VAE] epoch=2724 loss=1.15248358 recon=0.00017516 beh=5.857703 w=0.163 lr=9.356e-05 time=0.434s
[RQ-VAE] epoch=2725 loss=1.15132308 recon=0.00017539 beh=5.861404 w=0.163 lr=9.322e-05 time=0.408s
[RQ-VAE] epoch=2726 loss=1.15020895 recon=0.00017525 beh=5.855267 w=0.163 lr=9.288e-05 time=0.444s
[RQ-VAE] epoch=2727 loss=1.15812755 recon=0.00017548 beh=5.846101 w=0.164 lr=9.254e-05 time=0.446s
[RQ-VAE] epoch=2728 loss=1.15959895 recon=0.00017528 beh=5.857261 w=0.164 lr=9.220e-05 time=0.365s
[RQ-VAE] epoch=2729 loss=1.16010284 recon=0.00017544 beh=5.855166 w=0.164 lr=9.186e-05 time=0.424s
[RQ-VAE] epoch=2730 loss=1.15736473 recon=0.00017521 beh=5.856647 w=0.164 lr=9.153e-05 time=0.426s
[RQ-VAE] epoch=2731 loss=1.15990758 recon=0.00017512 beh=5.852587 w=0.164 lr=9.119e-05 time=0.467s
[RQ-VAE] epoch=2732 loss=1.16099334 recon=0.00017497 beh=5.854233 w=0.164 lr=9.085e-05 time=0.436s
[RQ-VAE] epoch=2733 loss=1.16516924 recon=0.00017532 beh=5.862212 w=0.164 lr=9.051e-05 time=0.429s
[RQ-VAE] epoch=2734 loss=1.16081333 recon=0.00017544 beh=5.857037 w=0.165 lr=9.017e-05 time=0.434s
[RQ-VAE] epoch=2735 loss=1.16367650 recon=0.00017537 beh=5.861635 w=0.165 lr=8.983e-05 time=0.575s
[RQ-VAE] epoch=2736 loss=1.16532552 recon=0.00017540 beh=5.858945 w=0.165 lr=8.949e-05 time=0.439s
[RQ-VAE] epoch=2737 loss=1.16651893 recon=0.00017520 beh=5.861873 w=0.165 lr=8.915e-05 time=0.369s
[RQ-VAE] epoch=2738 loss=1.16554856 recon=0.00017527 beh=5.851579 w=0.165 lr=8.881e-05 time=0.452s
[RQ-VAE] epoch=2739 loss=1.16508901 recon=0.00017514 beh=5.853504 w=0.165 lr=8.847e-05 time=0.417s
[RQ-VAE] epoch=2740 loss=1.17241311 recon=0.00017532 beh=5.860907 w=0.165 lr=8.814e-05 time=0.479s
[RQ-VAE] epoch=2741 loss=1.16851258 recon=0.00017527 beh=5.851622 w=0.165 lr=8.780e-05 time=0.461s
[RQ-VAE] epoch=2742 loss=1.17148781 recon=0.00017523 beh=5.855739 w=0.166 lr=8.746e-05 time=0.45s
[RQ-VAE] epoch=2743 loss=1.17117643 recon=0.00017523 beh=5.857961 w=0.166 lr=8.712e-05 time=0.466s
[RQ-VAE] epoch=2744 loss=1.16825950 recon=0.00017529 beh=5.847788 w=0.166 lr=8.678e-05 time=0.475s
[RQ-VAE] epoch=2745 loss=1.17200124 recon=0.00017527 beh=5.851471 w=0.166 lr=8.644e-05 time=0.453s
[RQ-VAE] epoch=2746 loss=1.17541122 recon=0.00017518 beh=5.849368 w=0.166 lr=8.610e-05 time=0.458s
[RQ-VAE] epoch=2747 loss=1.17555594 recon=0.00017514 beh=5.855051 w=0.166 lr=8.576e-05 time=0.459s
[RQ-VAE] epoch=2748 loss=1.17878962 recon=0.00017540 beh=5.856441 w=0.166 lr=8.542e-05 time=0.478s
[RQ-VAE] epoch=2749 loss=1.17567563 recon=0.00017540 beh=5.859095 w=0.167 lr=8.508e-05 time=0.418s
[RQ-VAE] epoch=2750 loss=1.17470872 recon=0.00017527 lr=8.475e-05 raw_unique=3698/24587 collision=0.849595 time=0.445s
[RQ-VAE] epoch=2751 loss=1.17967439 recon=0.00017538 beh=5.858462 w=0.167 lr=8.441e-05 time=0.456s
[RQ-VAE] epoch=2752 loss=1.17842758 recon=0.00017529 beh=5.854712 w=0.167 lr=8.407e-05 time=0.429s
[RQ-VAE] epoch=2753 loss=1.17818236 recon=0.00017532 beh=5.858477 w=0.167 lr=8.373e-05 time=0.404s
[RQ-VAE] epoch=2754 loss=1.17787373 recon=0.00017536 beh=5.850378 w=0.167 lr=8.339e-05 time=0.436s
[RQ-VAE] epoch=2755 loss=1.18446922 recon=0.00017547 beh=5.856355 w=0.167 lr=8.305e-05 time=0.391s
[RQ-VAE] epoch=2756 loss=1.18568325 recon=0.00017511 beh=5.858421 w=0.167 lr=8.271e-05 time=0.302s
[RQ-VAE] epoch=2757 loss=1.18550420 recon=0.00017524 beh=5.860129 w=0.168 lr=8.237e-05 time=0.372s
[RQ-VAE] epoch=2758 loss=1.18111718 recon=0.00017535 beh=5.866589 w=0.168 lr=8.203e-05 time=0.434s
[RQ-VAE] epoch=2759 loss=1.17937791 recon=0.00017524 beh=5.858053 w=0.168 lr=8.169e-05 time=0.466s
[RQ-VAE] epoch=2760 loss=1.18436527 recon=0.00017517 beh=5.857202 w=0.168 lr=8.136e-05 time=0.45s
[RQ-VAE] epoch=2761 loss=1.18586516 recon=0.00017515 beh=5.863843 w=0.168 lr=8.102e-05 time=0.403s
[RQ-VAE] epoch=2762 loss=1.18402123 recon=0.00017536 beh=5.854486 w=0.168 lr=8.068e-05 time=0.45s
[RQ-VAE] epoch=2763 loss=1.18943453 recon=0.00017529 beh=5.849035 w=0.168 lr=8.034e-05 time=0.482s
[RQ-VAE] epoch=2764 loss=1.19043255 recon=0.00017533 beh=5.853668 w=0.169 lr=8.000e-05 time=0.598s
[RQ-VAE] epoch=2765 loss=1.19244277 recon=0.00017539 beh=5.866578 w=0.169 lr=7.966e-05 time=0.453s
[RQ-VAE] epoch=2766 loss=1.18790221 recon=0.00017543 beh=5.856557 w=0.169 lr=7.932e-05 time=0.457s
[RQ-VAE] epoch=2767 loss=1.18962646 recon=0.00017538 beh=5.852415 w=0.169 lr=7.898e-05 time=0.432s
[RQ-VAE] epoch=2768 loss=1.19326639 recon=0.00017549 beh=5.850529 w=0.169 lr=7.864e-05 time=0.464s
[RQ-VAE] epoch=2769 loss=1.19370794 recon=0.00017540 beh=5.853107 w=0.169 lr=7.831e-05 time=0.448s
[RQ-VAE] epoch=2770 loss=1.19831061 recon=0.00017531 beh=5.842133 w=0.169 lr=7.797e-05 time=0.412s
[RQ-VAE] epoch=2771 loss=1.19845247 recon=0.00017534 beh=5.860435 w=0.169 lr=7.763e-05 time=0.426s
[RQ-VAE] epoch=2772 loss=1.19742310 recon=0.00017564 beh=5.855973 w=0.170 lr=7.729e-05 time=0.499s
[RQ-VAE] epoch=2773 loss=1.19588351 recon=0.00017567 beh=5.855453 w=0.170 lr=7.695e-05 time=0.446s
[RQ-VAE] epoch=2774 loss=1.19716716 recon=0.00017557 beh=5.854786 w=0.170 lr=7.661e-05 time=0.42s
[RQ-VAE] epoch=2775 loss=1.19966125 recon=0.00017563 beh=5.855534 w=0.170 lr=7.627e-05 time=0.472s
[RQ-VAE] epoch=2776 loss=1.19844651 recon=0.00017548 beh=5.848990 w=0.170 lr=7.593e-05 time=0.41s
[RQ-VAE] epoch=2777 loss=1.20350492 recon=0.00017556 beh=5.853085 w=0.170 lr=7.559e-05 time=0.453s
[RQ-VAE] epoch=2778 loss=1.20327044 recon=0.00017567 beh=5.855489 w=0.170 lr=7.525e-05 time=0.424s
[RQ-VAE] epoch=2779 loss=1.20010495 recon=0.00017534 beh=5.853542 w=0.171 lr=7.492e-05 time=0.456s
[RQ-VAE] epoch=2780 loss=1.20463455 recon=0.00017524 beh=5.853702 w=0.171 lr=7.458e-05 time=0.423s
[RQ-VAE] epoch=2781 loss=1.20601130 recon=0.00017539 beh=5.859924 w=0.171 lr=7.424e-05 time=0.456s
[RQ-VAE] epoch=2782 loss=1.20204377 recon=0.00017530 beh=5.861876 w=0.171 lr=7.390e-05 time=0.439s
[RQ-VAE] epoch=2783 loss=1.20525205 recon=0.00017547 beh=5.861152 w=0.171 lr=7.356e-05 time=0.453s
[RQ-VAE] epoch=2784 loss=1.20397902 recon=0.00017538 beh=5.856840 w=0.171 lr=7.322e-05 time=0.566s
[RQ-VAE] epoch=2785 loss=1.20728731 recon=0.00017524 beh=5.858134 w=0.171 lr=7.288e-05 time=0.346s
[RQ-VAE] epoch=2786 loss=1.20871329 recon=0.00017531 beh=5.855012 w=0.171 lr=7.254e-05 time=0.441s
[RQ-VAE] epoch=2787 loss=1.20861292 recon=0.00017551 beh=5.855169 w=0.172 lr=7.220e-05 time=0.422s
[RQ-VAE] epoch=2788 loss=1.21176970 recon=0.00017554 beh=5.860509 w=0.172 lr=7.186e-05 time=0.44s
[RQ-VAE] epoch=2789 loss=1.21180034 recon=0.00017519 beh=5.867425 w=0.172 lr=7.153e-05 time=0.445s
[RQ-VAE] epoch=2790 loss=1.20909691 recon=0.00017530 beh=5.853466 w=0.172 lr=7.119e-05 time=0.38s
[RQ-VAE] epoch=2791 loss=1.21178043 recon=0.00017536 beh=5.846676 w=0.172 lr=7.085e-05 time=0.435s
[RQ-VAE] epoch=2792 loss=1.21778727 recon=0.00017511 beh=5.855851 w=0.172 lr=7.051e-05 time=0.46s
[RQ-VAE] epoch=2793 loss=1.21800733 recon=0.00017524 beh=5.864547 w=0.172 lr=7.017e-05 time=0.46s
[RQ-VAE] epoch=2794 loss=1.21262717 recon=0.00017543 beh=5.863223 w=0.173 lr=6.983e-05 time=0.451s
[RQ-VAE] epoch=2795 loss=1.21198046 recon=0.00017539 beh=5.855842 w=0.173 lr=6.949e-05 time=0.491s
[RQ-VAE] epoch=2796 loss=1.21899164 recon=0.00017565 beh=5.855349 w=0.173 lr=6.915e-05 time=0.435s
[RQ-VAE] epoch=2797 loss=1.22269189 recon=0.00017539 beh=5.862229 w=0.173 lr=6.881e-05 time=0.47s
[RQ-VAE] epoch=2798 loss=1.22006869 recon=0.00017534 beh=5.854594 w=0.173 lr=6.847e-05 time=0.468s
[RQ-VAE] epoch=2799 loss=1.22010386 recon=0.00017538 beh=5.853634 w=0.173 lr=6.814e-05 time=0.538s
[RQ-VAE] epoch=2800 loss=1.21851194 recon=0.00017511 lr=6.780e-05 raw_unique=3645/24587 collision=0.851751 time=0.372s
[RQ-VAE] epoch=2801 loss=1.22655177 recon=0.00017517 beh=5.859096 w=0.173 lr=6.746e-05 time=0.456s
[RQ-VAE] epoch=2802 loss=1.22994566 recon=0.00017514 beh=5.850078 w=0.174 lr=6.712e-05 time=0.488s
[RQ-VAE] epoch=2803 loss=1.22680068 recon=0.00017523 beh=5.856257 w=0.174 lr=6.678e-05 time=0.449s
[RQ-VAE] epoch=2804 loss=1.22369599 recon=0.00017525 beh=5.848063 w=0.174 lr=6.644e-05 time=0.435s
[RQ-VAE] epoch=2805 loss=1.22595167 recon=0.00017511 beh=5.857337 w=0.174 lr=6.610e-05 time=0.42s
[RQ-VAE] epoch=2806 loss=1.22540772 recon=0.00017496 beh=5.849841 w=0.174 lr=6.576e-05 time=0.448s
[RQ-VAE] epoch=2807 loss=1.23164558 recon=0.00017505 beh=5.854670 w=0.174 lr=6.542e-05 time=0.422s
[RQ-VAE] epoch=2808 loss=1.23091316 recon=0.00017517 beh=5.855598 w=0.174 lr=6.508e-05 time=0.433s
[RQ-VAE] epoch=2809 loss=1.22645676 recon=0.00017495 beh=5.851269 w=0.175 lr=6.475e-05 time=0.452s
[RQ-VAE] epoch=2810 loss=1.22943199 recon=0.00017513 beh=5.853327 w=0.175 lr=6.441e-05 time=0.447s
[RQ-VAE] epoch=2811 loss=1.23159385 recon=0.00017497 beh=5.850984 w=0.175 lr=6.407e-05 time=0.416s
[RQ-VAE] epoch=2812 loss=1.23253679 recon=0.00017498 beh=5.843978 w=0.175 lr=6.373e-05 time=0.408s
[RQ-VAE] epoch=2813 loss=1.23773706 recon=0.00017492 beh=5.847860 w=0.175 lr=6.339e-05 time=0.404s
[RQ-VAE] epoch=2814 loss=1.24245858 recon=0.00017517 beh=5.855506 w=0.175 lr=6.305e-05 time=0.335s
[RQ-VAE] epoch=2815 loss=1.24111855 recon=0.00017530 beh=5.854850 w=0.175 lr=6.271e-05 time=0.367s
[RQ-VAE] epoch=2816 loss=1.23610497 recon=0.00017535 beh=5.855672 w=0.175 lr=6.237e-05 time=0.459s
[RQ-VAE] epoch=2817 loss=1.23592615 recon=0.00017548 beh=5.855707 w=0.176 lr=6.203e-05 time=0.439s
[RQ-VAE] epoch=2818 loss=1.23656392 recon=0.00017524 beh=5.850458 w=0.176 lr=6.169e-05 time=0.437s
[RQ-VAE] epoch=2819 loss=1.23949385 recon=0.00017511 beh=5.848947 w=0.176 lr=6.136e-05 time=0.433s
[RQ-VAE] epoch=2820 loss=1.24191368 recon=0.00017507 beh=5.853470 w=0.176 lr=6.102e-05 time=0.439s
[RQ-VAE] epoch=2821 loss=1.24410224 recon=0.00017508 beh=5.854812 w=0.176 lr=6.068e-05 time=0.494s
[RQ-VAE] epoch=2822 loss=1.24275136 recon=0.00017516 beh=5.855871 w=0.176 lr=6.034e-05 time=0.451s
[RQ-VAE] epoch=2823 loss=1.24116004 recon=0.00017546 beh=5.852509 w=0.176 lr=6.000e-05 time=0.437s
[RQ-VAE] epoch=2824 loss=1.24394369 recon=0.00017512 beh=5.850175 w=0.177 lr=5.966e-05 time=0.44s
[RQ-VAE] epoch=2825 loss=1.24711764 recon=0.00017543 beh=5.857667 w=0.177 lr=5.932e-05 time=0.48s
[RQ-VAE] epoch=2826 loss=1.24558151 recon=0.00017542 beh=5.857939 w=0.177 lr=5.898e-05 time=0.491s
[RQ-VAE] epoch=2827 loss=1.24647975 recon=0.00017523 beh=5.856428 w=0.177 lr=5.864e-05 time=0.404s
[RQ-VAE] epoch=2828 loss=1.24887002 recon=0.00017537 beh=5.859605 w=0.177 lr=5.831e-05 time=0.459s
[RQ-VAE] epoch=2829 loss=1.24806774 recon=0.00017531 beh=5.850317 w=0.177 lr=5.797e-05 time=0.382s
[RQ-VAE] epoch=2830 loss=1.24929750 recon=0.00017536 beh=5.850420 w=0.177 lr=5.763e-05 time=0.412s
[RQ-VAE] epoch=2831 loss=1.25366580 recon=0.00017525 beh=5.859108 w=0.177 lr=5.729e-05 time=0.463s
[RQ-VAE] epoch=2832 loss=1.25074244 recon=0.00017512 beh=5.846932 w=0.178 lr=5.695e-05 time=0.419s
[RQ-VAE] epoch=2833 loss=1.25318408 recon=0.00017529 beh=5.853639 w=0.178 lr=5.661e-05 time=0.483s
[RQ-VAE] epoch=2834 loss=1.25210214 recon=0.00017519 beh=5.850602 w=0.178 lr=5.627e-05 time=0.463s
[RQ-VAE] epoch=2835 loss=1.25510001 recon=0.00017508 beh=5.849557 w=0.178 lr=5.593e-05 time=0.439s
[RQ-VAE] epoch=2836 loss=1.25992477 recon=0.00017500 beh=5.847667 w=0.178 lr=5.559e-05 time=0.419s
[RQ-VAE] epoch=2837 loss=1.25883842 recon=0.00017509 beh=5.855453 w=0.178 lr=5.525e-05 time=0.464s
[RQ-VAE] epoch=2838 loss=1.25445318 recon=0.00017508 beh=5.849314 w=0.178 lr=5.492e-05 time=0.457s
[RQ-VAE] epoch=2839 loss=1.26010787 recon=0.00017512 beh=5.846500 w=0.179 lr=5.458e-05 time=0.41s
[RQ-VAE] epoch=2840 loss=1.26408231 recon=0.00017510 beh=5.861500 w=0.179 lr=5.424e-05 time=0.457s
[RQ-VAE] epoch=2841 loss=1.25898981 recon=0.00017507 beh=5.852936 w=0.179 lr=5.390e-05 time=0.49s
[RQ-VAE] epoch=2842 loss=1.26168251 recon=0.00017517 beh=5.848646 w=0.179 lr=5.356e-05 time=0.453s
[RQ-VAE] epoch=2843 loss=1.26039517 recon=0.00017531 beh=5.840875 w=0.179 lr=5.322e-05 time=0.432s
[RQ-VAE] epoch=2844 loss=1.26718307 recon=0.00017527 beh=5.854469 w=0.179 lr=5.288e-05 time=0.299s
[RQ-VAE] epoch=2845 loss=1.26641107 recon=0.00017543 beh=5.846712 w=0.179 lr=5.254e-05 time=0.429s
[RQ-VAE] epoch=2846 loss=1.26776981 recon=0.00017521 beh=5.851447 w=0.179 lr=5.220e-05 time=0.449s
[RQ-VAE] epoch=2847 loss=1.26984358 recon=0.00017503 beh=5.848007 w=0.180 lr=5.186e-05 time=0.48s
[RQ-VAE] epoch=2848 loss=1.26983917 recon=0.00017525 beh=5.856505 w=0.180 lr=5.153e-05 time=0.457s
[RQ-VAE] epoch=2849 loss=1.26855457 recon=0.00017534 beh=5.846949 w=0.180 lr=5.119e-05 time=0.391s
[RQ-VAE] epoch=2850 loss=1.27018917 recon=0.00017536 lr=5.085e-05 raw_unique=3586/24587 collision=0.854151 time=0.436s
[RQ-VAE] epoch=2851 loss=1.26796687 recon=0.00017550 beh=5.850313 w=0.180 lr=5.051e-05 time=0.454s
[RQ-VAE] epoch=2852 loss=1.27267027 recon=0.00017524 beh=5.856825 w=0.180 lr=5.017e-05 time=0.407s
[RQ-VAE] epoch=2853 loss=1.27129924 recon=0.00017536 beh=5.850829 w=0.180 lr=4.983e-05 time=0.451s
[RQ-VAE] epoch=2854 loss=1.27388501 recon=0.00017556 beh=5.850617 w=0.181 lr=4.949e-05 time=0.438s
[RQ-VAE] epoch=2855 loss=1.27676225 recon=0.00017541 beh=5.847573 w=0.181 lr=4.915e-05 time=0.544s
[RQ-VAE] epoch=2856 loss=1.27985609 recon=0.00017553 beh=5.855260 w=0.181 lr=4.881e-05 time=0.478s
[RQ-VAE] epoch=2857 loss=1.28014433 recon=0.00017539 beh=5.857560 w=0.181 lr=4.847e-05 time=0.461s
[RQ-VAE] epoch=2858 loss=1.27502751 recon=0.00017537 beh=5.849181 w=0.181 lr=4.814e-05 time=0.484s
[RQ-VAE] epoch=2859 loss=1.27720737 recon=0.00017532 beh=5.855321 w=0.181 lr=4.780e-05 time=0.453s
[RQ-VAE] epoch=2860 loss=1.27861047 recon=0.00017520 beh=5.854198 w=0.181 lr=4.746e-05 time=0.415s
[RQ-VAE] epoch=2861 loss=1.27912784 recon=0.00017538 beh=5.857769 w=0.181 lr=4.712e-05 time=0.436s
[RQ-VAE] epoch=2862 loss=1.27885675 recon=0.00017526 beh=5.847909 w=0.182 lr=4.678e-05 time=0.421s
[RQ-VAE] epoch=2863 loss=1.28262913 recon=0.00017507 beh=5.853688 w=0.182 lr=4.644e-05 time=0.456s
[RQ-VAE] epoch=2864 loss=1.28114104 recon=0.00017507 beh=5.854100 w=0.182 lr=4.610e-05 time=0.422s
[RQ-VAE] epoch=2865 loss=1.28302681 recon=0.00017519 beh=5.856757 w=0.182 lr=4.576e-05 time=0.48s
[RQ-VAE] epoch=2866 loss=1.28338552 recon=0.00017540 beh=5.853895 w=0.182 lr=4.542e-05 time=0.428s
[RQ-VAE] epoch=2867 loss=1.28278434 recon=0.00017511 beh=5.848847 w=0.182 lr=4.508e-05 time=0.429s
[RQ-VAE] epoch=2868 loss=1.28529966 recon=0.00017505 beh=5.849002 w=0.182 lr=4.475e-05 time=0.452s
[RQ-VAE] epoch=2869 loss=1.28958762 recon=0.00017523 beh=5.854649 w=0.183 lr=4.441e-05 time=0.428s
[RQ-VAE] epoch=2870 loss=1.28904510 recon=0.00017508 beh=5.847819 w=0.183 lr=4.407e-05 time=0.398s
[RQ-VAE] epoch=2871 loss=1.29140759 recon=0.00017532 beh=5.852330 w=0.183 lr=4.373e-05 time=0.452s
[RQ-VAE] epoch=2872 loss=1.29061365 recon=0.00017519 beh=5.856781 w=0.183 lr=4.339e-05 time=0.45s
[RQ-VAE] epoch=2873 loss=1.28820968 recon=0.00017512 beh=5.842130 w=0.183 lr=4.305e-05 time=0.334s
[RQ-VAE] epoch=2874 loss=1.29300332 recon=0.00017504 beh=5.851382 w=0.183 lr=4.271e-05 time=0.422s
[RQ-VAE] epoch=2875 loss=1.29562414 recon=0.00017493 beh=5.852560 w=0.183 lr=4.237e-05 time=0.46s
[RQ-VAE] epoch=2876 loss=1.29651213 recon=0.00017522 beh=5.854498 w=0.183 lr=4.203e-05 time=0.473s
[RQ-VAE] epoch=2877 loss=1.29554248 recon=0.00017520 beh=5.852829 w=0.184 lr=4.169e-05 time=0.464s
[RQ-VAE] epoch=2878 loss=1.29432595 recon=0.00017528 beh=5.851881 w=0.184 lr=4.136e-05 time=0.412s
[RQ-VAE] epoch=2879 loss=1.29598618 recon=0.00017515 beh=5.857044 w=0.184 lr=4.102e-05 time=0.454s
[RQ-VAE] epoch=2880 loss=1.29704547 recon=0.00017505 beh=5.852924 w=0.184 lr=4.068e-05 time=0.447s
[RQ-VAE] epoch=2881 loss=1.30068266 recon=0.00017500 beh=5.862826 w=0.184 lr=4.034e-05 time=0.409s
[RQ-VAE] epoch=2882 loss=1.29849505 recon=0.00017531 beh=5.858321 w=0.184 lr=4.000e-05 time=0.449s
[RQ-VAE] epoch=2883 loss=1.29704404 recon=0.00017576 beh=5.854905 w=0.184 lr=3.966e-05 time=0.465s
[RQ-VAE] epoch=2884 loss=1.29866123 recon=0.00017558 beh=5.862376 w=0.185 lr=3.932e-05 time=0.601s
[RQ-VAE] epoch=2885 loss=1.29804170 recon=0.00017568 beh=5.853237 w=0.185 lr=3.898e-05 time=0.448s
[RQ-VAE] epoch=2886 loss=1.30230665 recon=0.00017581 beh=5.855499 w=0.185 lr=3.864e-05 time=0.465s
[RQ-VAE] epoch=2887 loss=1.30313993 recon=0.00017507 beh=5.848468 w=0.185 lr=3.831e-05 time=0.457s
[RQ-VAE] epoch=2888 loss=1.30241835 recon=0.00017500 beh=5.843907 w=0.185 lr=3.797e-05 time=0.469s
[RQ-VAE] epoch=2889 loss=1.30647445 recon=0.00017522 beh=5.848568 w=0.185 lr=3.763e-05 time=0.431s
[RQ-VAE] epoch=2890 loss=1.31124425 recon=0.00017499 beh=5.853164 w=0.185 lr=3.729e-05 time=0.434s
[RQ-VAE] epoch=2891 loss=1.30815744 recon=0.00017513 beh=5.849622 w=0.185 lr=3.695e-05 time=0.468s
[RQ-VAE] epoch=2892 loss=1.30928564 recon=0.00017511 beh=5.852261 w=0.186 lr=3.661e-05 time=0.437s
[RQ-VAE] epoch=2893 loss=1.31144524 recon=0.00017530 beh=5.845150 w=0.186 lr=3.627e-05 time=0.433s
[RQ-VAE] epoch=2894 loss=1.31352520 recon=0.00017528 beh=5.854547 w=0.186 lr=3.593e-05 time=0.488s
[RQ-VAE] epoch=2895 loss=1.31316042 recon=0.00017502 beh=5.857318 w=0.186 lr=3.559e-05 time=0.432s
[RQ-VAE] epoch=2896 loss=1.31171441 recon=0.00017504 beh=5.846468 w=0.186 lr=3.525e-05 time=0.415s
[RQ-VAE] epoch=2897 loss=1.31416047 recon=0.00017494 beh=5.845936 w=0.186 lr=3.492e-05 time=0.482s
[RQ-VAE] epoch=2898 loss=1.31803203 recon=0.00017510 beh=5.850943 w=0.186 lr=3.458e-05 time=0.481s
[RQ-VAE] epoch=2899 loss=1.31832457 recon=0.00017502 beh=5.854058 w=0.187 lr=3.424e-05 time=0.445s
[RQ-VAE] epoch=2900 loss=1.31731737 recon=0.00017498 lr=3.390e-05 raw_unique=3573/24587 collision=0.854679 time=0.422s
[RQ-VAE] epoch=2901 loss=1.31878805 recon=0.00017497 beh=5.848545 w=0.187 lr=3.356e-05 time=0.32s
[RQ-VAE] epoch=2902 loss=1.32057309 recon=0.00017521 beh=5.854334 w=0.187 lr=3.322e-05 time=0.435s
[RQ-VAE] epoch=2903 loss=1.31877208 recon=0.00017518 beh=5.846616 w=0.187 lr=3.288e-05 time=0.476s
[RQ-VAE] epoch=2904 loss=1.32140601 recon=0.00017503 beh=5.853302 w=0.187 lr=3.254e-05 time=0.538s
[RQ-VAE] epoch=2905 loss=1.31927037 recon=0.00017510 beh=5.844309 w=0.187 lr=3.220e-05 time=0.427s
[RQ-VAE] epoch=2906 loss=1.32171941 recon=0.00017493 beh=5.845576 w=0.187 lr=3.186e-05 time=0.498s
[RQ-VAE] epoch=2907 loss=1.32607234 recon=0.00017490 beh=5.849196 w=0.188 lr=3.153e-05 time=0.445s
[RQ-VAE] epoch=2908 loss=1.32628012 recon=0.00017506 beh=5.848829 w=0.188 lr=3.119e-05 time=0.415s
[RQ-VAE] epoch=2909 loss=1.32758272 recon=0.00017489 beh=5.848114 w=0.188 lr=3.085e-05 time=0.455s
[RQ-VAE] epoch=2910 loss=1.32830203 recon=0.00017503 beh=5.845183 w=0.188 lr=3.051e-05 time=0.42s
[RQ-VAE] epoch=2911 loss=1.33021808 recon=0.00017522 beh=5.855268 w=0.188 lr=3.017e-05 time=0.45s
[RQ-VAE] epoch=2912 loss=1.32788444 recon=0.00017488 beh=5.843053 w=0.188 lr=2.983e-05 time=0.446s
[RQ-VAE] epoch=2913 loss=1.33325171 recon=0.00017491 beh=5.862503 w=0.188 lr=2.949e-05 time=0.42s
[RQ-VAE] epoch=2914 loss=1.33017540 recon=0.00017506 beh=5.851911 w=0.189 lr=2.915e-05 time=0.427s
[RQ-VAE] epoch=2915 loss=1.32853091 recon=0.00017505 beh=5.847353 w=0.189 lr=2.881e-05 time=0.436s
[RQ-VAE] epoch=2916 loss=1.33063579 recon=0.00017503 beh=5.843459 w=0.189 lr=2.847e-05 time=0.267s
[RQ-VAE] epoch=2917 loss=1.33595610 recon=0.00017505 beh=5.848746 w=0.189 lr=2.814e-05 time=0.451s
[RQ-VAE] epoch=2918 loss=1.33608866 recon=0.00017506 beh=5.849182 w=0.189 lr=2.780e-05 time=0.427s
[RQ-VAE] epoch=2919 loss=1.33471465 recon=0.00017499 beh=5.841963 w=0.189 lr=2.746e-05 time=0.564s
[RQ-VAE] epoch=2920 loss=1.33883905 recon=0.00017521 beh=5.853096 w=0.189 lr=2.712e-05 time=0.435s
[RQ-VAE] epoch=2921 loss=1.33791447 recon=0.00017489 beh=5.851367 w=0.189 lr=2.678e-05 time=0.464s
[RQ-VAE] epoch=2922 loss=1.33642673 recon=0.00017493 beh=5.847731 w=0.190 lr=2.644e-05 time=0.449s
[RQ-VAE] epoch=2923 loss=1.33873081 recon=0.00017494 beh=5.849481 w=0.190 lr=2.610e-05 time=0.441s
[RQ-VAE] epoch=2924 loss=1.34003818 recon=0.00017505 beh=5.841563 w=0.190 lr=2.576e-05 time=0.452s
[RQ-VAE] epoch=2925 loss=1.34288752 recon=0.00017497 beh=5.853878 w=0.190 lr=2.542e-05 time=0.455s
[RQ-VAE] epoch=2926 loss=1.34193683 recon=0.00017488 beh=5.850576 w=0.190 lr=2.508e-05 time=0.422s
[RQ-VAE] epoch=2927 loss=1.34260011 recon=0.00017496 beh=5.846171 w=0.190 lr=2.475e-05 time=0.404s
[RQ-VAE] epoch=2928 loss=1.34640551 recon=0.00017495 beh=5.862460 w=0.190 lr=2.441e-05 time=0.452s
[RQ-VAE] epoch=2929 loss=1.34215939 recon=0.00017515 beh=5.846053 w=0.191 lr=2.407e-05 time=0.426s
[RQ-VAE] epoch=2930 loss=1.34317124 recon=0.00017481 beh=5.843952 w=0.191 lr=2.373e-05 time=0.461s
[RQ-VAE] epoch=2931 loss=1.34722316 recon=0.00017508 beh=5.850905 w=0.191 lr=2.339e-05 time=0.298s
[RQ-VAE] epoch=2932 loss=1.34923410 recon=0.00017491 beh=5.855917 w=0.191 lr=2.305e-05 time=0.415s
[RQ-VAE] epoch=2933 loss=1.34728503 recon=0.00017496 beh=5.848463 w=0.191 lr=2.271e-05 time=0.414s
[RQ-VAE] epoch=2934 loss=1.35059214 recon=0.00017504 beh=5.856339 w=0.191 lr=2.237e-05 time=0.389s
[RQ-VAE] epoch=2935 loss=1.35108042 recon=0.00017502 beh=5.851010 w=0.191 lr=2.203e-05 time=0.476s
[RQ-VAE] epoch=2936 loss=1.35079265 recon=0.00017529 beh=5.850217 w=0.191 lr=2.169e-05 time=0.474s
[RQ-VAE] epoch=2937 loss=1.35215974 recon=0.00017529 beh=5.853083 w=0.192 lr=2.136e-05 time=0.462s
[RQ-VAE] epoch=2938 loss=1.35416865 recon=0.00017497 beh=5.855640 w=0.192 lr=2.102e-05 time=0.456s
[RQ-VAE] epoch=2939 loss=1.35333776 recon=0.00017498 beh=5.853288 w=0.192 lr=2.068e-05 time=0.417s
[RQ-VAE] epoch=2940 loss=1.35326385 recon=0.00017496 beh=5.850060 w=0.192 lr=2.034e-05 time=0.429s
[RQ-VAE] epoch=2941 loss=1.35447979 recon=0.00017490 beh=5.847960 w=0.192 lr=2.000e-05 time=0.461s
[RQ-VAE] epoch=2942 loss=1.35567236 recon=0.00017522 beh=5.848923 w=0.192 lr=1.966e-05 time=0.493s
[RQ-VAE] epoch=2943 loss=1.35540915 recon=0.00017493 beh=5.842988 w=0.192 lr=1.932e-05 time=0.465s
[RQ-VAE] epoch=2944 loss=1.36033344 recon=0.00017512 beh=5.854781 w=0.193 lr=1.898e-05 time=0.413s
[RQ-VAE] epoch=2945 loss=1.36101592 recon=0.00017484 beh=5.852186 w=0.193 lr=1.864e-05 time=0.376s
[RQ-VAE] epoch=2946 loss=1.36176801 recon=0.00017497 beh=5.854373 w=0.193 lr=1.831e-05 time=0.461s
[RQ-VAE] epoch=2947 loss=1.35957813 recon=0.00017508 beh=5.839880 w=0.193 lr=1.797e-05 time=0.357s
[RQ-VAE] epoch=2948 loss=1.36252928 recon=0.00017491 beh=5.844487 w=0.193 lr=1.763e-05 time=0.421s
[RQ-VAE] epoch=2949 loss=1.36536479 recon=0.00017543 beh=5.853081 w=0.193 lr=1.729e-05 time=0.451s
[RQ-VAE] epoch=2950 loss=1.36556029 recon=0.00017581 lr=1.695e-05 raw_unique=3582/24587 collision=0.854313 time=0.458s
[RQ-VAE] epoch=2951 loss=1.36467254 recon=0.00017569 beh=5.853126 w=0.193 lr=1.661e-05 time=0.439s
[RQ-VAE] epoch=2952 loss=1.36245859 recon=0.00017588 beh=5.838599 w=0.194 lr=1.627e-05 time=0.438s
[RQ-VAE] epoch=2953 loss=1.36602712 recon=0.00017571 beh=5.842791 w=0.194 lr=1.593e-05 time=0.463s
[RQ-VAE] epoch=2954 loss=1.37006319 recon=0.00017565 beh=5.845573 w=0.194 lr=1.559e-05 time=0.466s
[RQ-VAE] epoch=2955 loss=1.37018657 recon=0.00017565 beh=5.838568 w=0.194 lr=1.525e-05 time=0.457s
[RQ-VAE] epoch=2956 loss=1.37178183 recon=0.00017557 beh=5.843601 w=0.194 lr=1.492e-05 time=0.419s
[RQ-VAE] epoch=2957 loss=1.37461150 recon=0.00017564 beh=5.852709 w=0.194 lr=1.458e-05 time=0.416s
[RQ-VAE] epoch=2958 loss=1.37429559 recon=0.00017580 beh=5.850543 w=0.194 lr=1.424e-05 time=0.481s
[RQ-VAE] epoch=2959 loss=1.37357974 recon=0.00017577 beh=5.847313 w=0.195 lr=1.390e-05 time=0.473s
[RQ-VAE] epoch=2960 loss=1.37509644 recon=0.00017548 beh=5.852290 w=0.195 lr=1.356e-05 time=0.399s
[RQ-VAE] epoch=2961 loss=1.37412667 recon=0.00017546 beh=5.843968 w=0.195 lr=1.322e-05 time=0.352s
[RQ-VAE] epoch=2962 loss=1.37567246 recon=0.00017520 beh=5.849468 w=0.195 lr=1.288e-05 time=0.437s
[RQ-VAE] epoch=2963 loss=1.37507248 recon=0.00017520 beh=5.842611 w=0.195 lr=1.254e-05 time=0.403s
[RQ-VAE] epoch=2964 loss=1.38011992 recon=0.00017526 beh=5.861753 w=0.195 lr=1.220e-05 time=0.468s
[RQ-VAE] epoch=2965 loss=1.37770224 recon=0.00017526 beh=5.846410 w=0.195 lr=1.186e-05 time=0.481s
[RQ-VAE] epoch=2966 loss=1.37809932 recon=0.00017539 beh=5.846042 w=0.195 lr=1.153e-05 time=0.458s
[RQ-VAE] epoch=2967 loss=1.37945485 recon=0.00017545 beh=5.848254 w=0.196 lr=1.119e-05 time=0.484s
[RQ-VAE] epoch=2968 loss=1.38042450 recon=0.00017541 beh=5.847322 w=0.196 lr=1.085e-05 time=0.461s
[RQ-VAE] epoch=2969 loss=1.38269806 recon=0.00017545 beh=5.851937 w=0.196 lr=1.051e-05 time=0.439s
[RQ-VAE] epoch=2970 loss=1.38320875 recon=0.00017547 beh=5.849148 w=0.196 lr=1.017e-05 time=0.477s
[RQ-VAE] epoch=2971 loss=1.38396275 recon=0.00017572 beh=5.847912 w=0.196 lr=9.831e-06 time=0.469s
[RQ-VAE] epoch=2972 loss=1.38503003 recon=0.00017576 beh=5.850507 w=0.196 lr=9.492e-06 time=0.446s
[RQ-VAE] epoch=2973 loss=1.38578188 recon=0.00017559 beh=5.853143 w=0.196 lr=9.153e-06 time=0.447s
[RQ-VAE] epoch=2974 loss=1.38593686 recon=0.00017582 beh=5.853984 w=0.197 lr=8.814e-06 time=0.449s
[RQ-VAE] epoch=2975 loss=1.38446569 recon=0.00017561 beh=5.843150 w=0.197 lr=8.475e-06 time=0.457s
[RQ-VAE] epoch=2976 loss=1.38770533 recon=0.00017567 beh=5.852379 w=0.197 lr=8.136e-06 time=0.476s
[RQ-VAE] epoch=2977 loss=1.38929343 recon=0.00017561 beh=5.852868 w=0.197 lr=7.797e-06 time=0.462s
[RQ-VAE] epoch=2978 loss=1.39112949 recon=0.00017579 beh=5.858022 w=0.197 lr=7.458e-06 time=0.443s
[RQ-VAE] epoch=2979 loss=1.38965130 recon=0.00017575 beh=5.848822 w=0.197 lr=7.119e-06 time=0.427s
[RQ-VAE] epoch=2980 loss=1.38974762 recon=0.00017572 beh=5.846468 w=0.197 lr=6.780e-06 time=0.417s
[RQ-VAE] epoch=2981 loss=1.39134920 recon=0.00017558 beh=5.850460 w=0.197 lr=6.441e-06 time=0.431s
[RQ-VAE] epoch=2982 loss=1.39150453 recon=0.00017584 beh=5.846283 w=0.198 lr=6.102e-06 time=0.421s
[RQ-VAE] epoch=2983 loss=1.39304638 recon=0.00017573 beh=5.848570 w=0.198 lr=5.763e-06 time=0.443s
[RQ-VAE] epoch=2984 loss=1.39365423 recon=0.00017571 beh=5.846304 w=0.198 lr=5.424e-06 time=0.445s
[RQ-VAE] epoch=2985 loss=1.39396906 recon=0.00017571 beh=5.841813 w=0.198 lr=5.085e-06 time=0.455s
[RQ-VAE] epoch=2986 loss=1.39679229 recon=0.00017566 beh=5.848043 w=0.198 lr=4.746e-06 time=0.454s
[RQ-VAE] epoch=2987 loss=1.40144634 recon=0.00017558 beh=5.863885 w=0.198 lr=4.407e-06 time=0.442s
[RQ-VAE] epoch=2988 loss=1.39905238 recon=0.00017550 beh=5.847225 w=0.198 lr=4.068e-06 time=0.473s
[RQ-VAE] epoch=2989 loss=1.39853144 recon=0.00017556 beh=5.840758 w=0.199 lr=3.729e-06 time=0.473s
[RQ-VAE] epoch=2990 loss=1.40055358 recon=0.00017544 beh=5.846752 w=0.199 lr=3.390e-06 time=0.469s
[RQ-VAE] epoch=2991 loss=1.40244651 recon=0.00017541 beh=5.850918 w=0.199 lr=3.051e-06 time=0.32s
[RQ-VAE] epoch=2992 loss=1.40441108 recon=0.00017567 beh=5.856846 w=0.199 lr=2.712e-06 time=0.458s
[RQ-VAE] epoch=2993 loss=1.40408003 recon=0.00017569 beh=5.852411 w=0.199 lr=2.373e-06 time=0.481s
[RQ-VAE] epoch=2994 loss=1.40554357 recon=0.00017548 beh=5.857482 w=0.199 lr=2.034e-06 time=0.463s
[RQ-VAE] epoch=2995 loss=1.40343761 recon=0.00017539 beh=5.844371 w=0.199 lr=1.695e-06 time=0.495s
[RQ-VAE] epoch=2996 loss=1.40514076 recon=0.00017542 beh=5.849420 w=0.199 lr=1.356e-06 time=0.457s
[RQ-VAE] epoch=2997 loss=1.40498900 recon=0.00017553 beh=5.845072 w=0.200 lr=1.017e-06 time=0.419s
[RQ-VAE] epoch=2998 loss=1.40805316 recon=0.00017539 beh=5.856233 w=0.200 lr=6.780e-07 time=0.472s
[RQ-VAE] epoch=2999 loss=1.40832067 recon=0.00017529 beh=5.853458 w=0.200 lr=3.390e-07 time=0.456s
[RQ-VAE] epoch=3000 loss=1.40936565 recon=0.00017543 lr=0.000e+00 raw_unique=3537/24587 collision=0.856143 time=0.426s
[RecBole RQ-VAE] exported raw_shape=(24587, 3) sid_shape=(24587, 4) unique=24587 -> /home/wlia0047/ar57/wenyu/GeneRec/results/stage2_RQ-VAE/TIGER_HYPERBOLIC_RQ-VAE/fix_carry_euclid_raw/sids_for_hgrec.npy
