[RecBole RQ-VAE] device=cuda:0 all_items=24587 train_items=24556 world_size=4
[RecBole RQ-VAE] config: epochs=3000 batch_size_per_rank=1024 total_batch=4096 lr=0.001
[RecBole RQ-VAE] initializing codebooks with KMeans
/fs04/ar57/wenyu/GeneRec/stage2_RQ-VAE/TIGER_HYPERBOLIC_RQ-VAE/model/layers.py:102: UserWarning: Deterministic behavior was enabled with either `torch.use_deterministic_algorithms(True)` or `at::Context::setDeterministicAlgorithms(true)`, but this operation is not deterministic because it uses CuBLAS and you have CUDA >= 10.2. To enable deterministic behavior in this case, you must set an environment variable before running your PyTorch application: CUBLAS_WORKSPACE_CONFIG=:4096:8 or CUBLAS_WORKSPACE_CONFIG=:16:8. For more information, go to https://docs.nvidia.com/cuda/cublas/index.html#results-reproducibility (Triggered internally at /pytorch/aten/src/ATen/Context.cpp:233.)
  - 2 * latent @ code_embs.t()
/fs04/ar57/wenyu/GeneRec/stage2_RQ-VAE/TIGER_HYPERBOLIC_RQ-VAE/model/layers.py:102: UserWarning: Deterministic behavior was enabled with either `torch.use_deterministic_algorithms(True)` or `at::Context::setDeterministicAlgorithms(true)`, but this operation is not deterministic because it uses CuBLAS and you have CUDA >= 10.2. To enable deterministic behavior in this case, you must set an environment variable before running your PyTorch application: CUBLAS_WORKSPACE_CONFIG=:4096:8 or CUBLAS_WORKSPACE_CONFIG=:16:8. For more information, go to https://docs.nvidia.com/cuda/cublas/index.html#results-reproducibility (Triggered internally at /pytorch/aten/src/ATen/Context.cpp:233.)
  - 2 * latent @ code_embs.t()
/fs04/ar57/wenyu/GeneRec/stage2_RQ-VAE/TIGER_HYPERBOLIC_RQ-VAE/model/layers.py:102: UserWarning: Deterministic behavior was enabled with either `torch.use_deterministic_algorithms(True)` or `at::Context::setDeterministicAlgorithms(true)`, but this operation is not deterministic because it uses CuBLAS and you have CUDA >= 10.2. To enable deterministic behavior in this case, you must set an environment variable before running your PyTorch application: CUBLAS_WORKSPACE_CONFIG=:4096:8 or CUBLAS_WORKSPACE_CONFIG=:16:8. For more information, go to https://docs.nvidia.com/cuda/cublas/index.html#results-reproducibility (Triggered internally at /pytorch/aten/src/ATen/Context.cpp:233.)
  - 2 * latent @ code_embs.t()
/fs04/ar57/wenyu/GeneRec/stage2_RQ-VAE/TIGER_HYPERBOLIC_RQ-VAE/model/layers.py:102: UserWarning: Deterministic behavior was enabled with either `torch.use_deterministic_algorithms(True)` or `at::Context::setDeterministicAlgorithms(true)`, but this operation is not deterministic because it uses CuBLAS and you have CUDA >= 10.2. To enable deterministic behavior in this case, you must set an environment variable before running your PyTorch application: CUBLAS_WORKSPACE_CONFIG=:4096:8 or CUBLAS_WORKSPACE_CONFIG=:16:8. For more information, go to https://docs.nvidia.com/cuda/cublas/index.html#results-reproducibility (Triggered internally at /pytorch/aten/src/ATen/Context.cpp:233.)
  - 2 * latent @ code_embs.t()
/fs04/ar57/wenyu/GeneRec/stage2_RQ-VAE/TIGER_HYPERBOLIC_RQ-VAE/model/layers.py:102: UserWarning: Deterministic behavior was enabled with either `torch.use_deterministic_algorithms(True)` or `at::Context::setDeterministicAlgorithms(true)`, but this operation is not deterministic because it uses CuBLAS and you have CUDA >= 10.2. To enable deterministic behavior in this case, you must set an environment variable before running your PyTorch application: CUBLAS_WORKSPACE_CONFIG=:4096:8 or CUBLAS_WORKSPACE_CONFIG=:16:8. For more information, go to https://docs.nvidia.com/cuda/cublas/index.html#results-reproducibility (Triggered internally at /pytorch/aten/src/ATen/Context.cpp:233.)
  - 2 * latent @ code_embs.t()
/fs04/ar57/wenyu/GeneRec/stage2_RQ-VAE/TIGER_HYPERBOLIC_RQ-VAE/model/layers.py:102: UserWarning: Deterministic behavior was enabled with either `torch.use_deterministic_algorithms(True)` or `at::Context::setDeterministicAlgorithms(true)`, but this operation is not deterministic because it uses CuBLAS and you have CUDA >= 10.2. To enable deterministic behavior in this case, you must set an environment variable before running your PyTorch application: CUBLAS_WORKSPACE_CONFIG=:4096:8 or CUBLAS_WORKSPACE_CONFIG=:16:8. For more information, go to https://docs.nvidia.com/cuda/cublas/index.html#results-reproducibility (Triggered internally at /pytorch/aten/src/ATen/Context.cpp:233.)
  - 2 * latent @ code_embs.t()
/fs04/ar57/wenyu/GeneRec/stage2_RQ-VAE/TIGER_HYPERBOLIC_RQ-VAE/model/layers.py:102: UserWarning: Deterministic behavior was enabled with either `torch.use_deterministic_algorithms(True)` or `at::Context::setDeterministicAlgorithms(true)`, but this operation is not deterministic because it uses CuBLAS and you have CUDA >= 10.2. To enable deterministic behavior in this case, you must set an environment variable before running your PyTorch application: CUBLAS_WORKSPACE_CONFIG=:4096:8 or CUBLAS_WORKSPACE_CONFIG=:16:8. For more information, go to https://docs.nvidia.com/cuda/cublas/index.html#results-reproducibility (Triggered internally at /pytorch/aten/src/ATen/Context.cpp:233.)
  - 2 * latent @ code_embs.t()
/fs04/ar57/wenyu/GeneRec/stage2_RQ-VAE/TIGER_HYPERBOLIC_RQ-VAE/model/layers.py:102: UserWarning: Deterministic behavior was enabled with either `torch.use_deterministic_algorithms(True)` or `at::Context::setDeterministicAlgorithms(true)`, but this operation is not deterministic because it uses CuBLAS and you have CUDA >= 10.2. To enable deterministic behavior in this case, you must set an environment variable before running your PyTorch application: CUBLAS_WORKSPACE_CONFIG=:4096:8 or CUBLAS_WORKSPACE_CONFIG=:16:8. For more information, go to https://docs.nvidia.com/cuda/cublas/index.html#results-reproducibility (Triggered internally at /pytorch/aten/src/ATen/Context.cpp:233.)
  - 2 * latent @ code_embs.t()
/fs04/ar57/wenyu/GeneRec/stage2_RQ-VAE/TIGER_HYPERBOLIC_RQ-VAE/model/layers.py:102: UserWarning: Deterministic behavior was enabled with either `torch.use_deterministic_algorithms(True)` or `at::Context::setDeterministicAlgorithms(true)`, but this operation is not deterministic because it uses CuBLAS and you have CUDA >= 10.2. To enable deterministic behavior in this case, you must set an environment variable before running your PyTorch application: CUBLAS_WORKSPACE_CONFIG=:4096:8 or CUBLAS_WORKSPACE_CONFIG=:16:8. For more information, go to https://docs.nvidia.com/cuda/cublas/index.html#results-reproducibility (Triggered internally at /pytorch/aten/src/ATen/Context.cpp:233.)
  - 2 * latent @ code_embs.t()
/home/wlia0047/ar57_scratch/wenyu/genrec_env_v2/lib64/python3.9/site-packages/torch/distributed/distributed_c10d.py:4807: UserWarning: No device id is provided via `init_process_group` or `barrier `. Using the current device set by the user. 
  warnings.warn(  # warn only once
/fs04/ar57/wenyu/GeneRec/stage2_RQ-VAE/TIGER_HYPERBOLIC_RQ-VAE/model/layers.py:102: UserWarning: Deterministic behavior was enabled with either `torch.use_deterministic_algorithms(True)` or `at::Context::setDeterministicAlgorithms(true)`, but this operation is not deterministic because it uses CuBLAS and you have CUDA >= 10.2. To enable deterministic behavior in this case, you must set an environment variable before running your PyTorch application: CUBLAS_WORKSPACE_CONFIG=:4096:8 or CUBLAS_WORKSPACE_CONFIG=:16:8. For more information, go to https://docs.nvidia.com/cuda/cublas/index.html#results-reproducibility (Triggered internally at /pytorch/aten/src/ATen/Context.cpp:233.)
  - 2 * latent @ code_embs.t()
/home/wlia0047/ar57_scratch/wenyu/genrec_env_v2/lib64/python3.9/site-packages/torch/distributed/distributed_c10d.py:4807: UserWarning: No device id is provided via `init_process_group` or `barrier `. Using the current device set by the user. 
  warnings.warn(  # warn only once
/fs04/ar57/wenyu/GeneRec/stage2_RQ-VAE/TIGER_HYPERBOLIC_RQ-VAE/model/layers.py:102: UserWarning: Deterministic behavior was enabled with either `torch.use_deterministic_algorithms(True)` or `at::Context::setDeterministicAlgorithms(true)`, but this operation is not deterministic because it uses CuBLAS and you have CUDA >= 10.2. To enable deterministic behavior in this case, you must set an environment variable before running your PyTorch application: CUBLAS_WORKSPACE_CONFIG=:4096:8 or CUBLAS_WORKSPACE_CONFIG=:16:8. For more information, go to https://docs.nvidia.com/cuda/cublas/index.html#results-reproducibility (Triggered internally at /pytorch/aten/src/ATen/Context.cpp:233.)
  - 2 * latent @ code_embs.t()
/home/wlia0047/ar57_scratch/wenyu/genrec_env_v2/lib64/python3.9/site-packages/torch/distributed/distributed_c10d.py:4807: UserWarning: No device id is provided via `init_process_group` or `barrier `. Using the current device set by the user. 
  warnings.warn(  # warn only once
/fs04/ar57/wenyu/GeneRec/stage2_RQ-VAE/TIGER_HYPERBOLIC_RQ-VAE/model/layers.py:102: UserWarning: Deterministic behavior was enabled with either `torch.use_deterministic_algorithms(True)` or `at::Context::setDeterministicAlgorithms(true)`, but this operation is not deterministic because it uses CuBLAS and you have CUDA >= 10.2. To enable deterministic behavior in this case, you must set an environment variable before running your PyTorch application: CUBLAS_WORKSPACE_CONFIG=:4096:8 or CUBLAS_WORKSPACE_CONFIG=:16:8. For more information, go to https://docs.nvidia.com/cuda/cublas/index.html#results-reproducibility (Triggered internally at /pytorch/aten/src/ATen/Context.cpp:233.)
  - 2 * latent @ code_embs.t()
/home/wlia0047/ar57_scratch/wenyu/genrec_env_v2/lib64/python3.9/site-packages/torch/distributed/distributed_c10d.py:4807: UserWarning: No device id is provided via `init_process_group` or `barrier `. Using the current device set by the user. 
  warnings.warn(  # warn only once
/home/wlia0047/ar57_scratch/wenyu/genrec_env_v2/lib64/python3.9/site-packages/torch/autograd/graph.py:829: UserWarning: Deterministic behavior was enabled with either `torch.use_deterministic_algorithms(True)` or `at::Context::setDeterministicAlgorithms(true)`, but this operation is not deterministic because it uses CuBLAS and you have CUDA >= 10.2. To enable deterministic behavior in this case, you must set an environment variable before running your PyTorch application: CUBLAS_WORKSPACE_CONFIG=:4096:8 or CUBLAS_WORKSPACE_CONFIG=:16:8. For more information, go to https://docs.nvidia.com/cuda/cublas/index.html#results-reproducibility (Triggered internally at /pytorch/aten/src/ATen/Context.cpp:233.)
  return Variable._execution_engine.run_backward(  # Calls into the C++ engine to run the backward pass
/home/wlia0047/ar57_scratch/wenyu/genrec_env_v2/lib64/python3.9/site-packages/torch/autograd/graph.py:829: UserWarning: Deterministic behavior was enabled with either `torch.use_deterministic_algorithms(True)` or `at::Context::setDeterministicAlgorithms(true)`, but this operation is not deterministic because it uses CuBLAS and you have CUDA >= 10.2. To enable deterministic behavior in this case, you must set an environment variable before running your PyTorch application: CUBLAS_WORKSPACE_CONFIG=:4096:8 or CUBLAS_WORKSPACE_CONFIG=:16:8. For more information, go to https://docs.nvidia.com/cuda/cublas/index.html#results-reproducibility (Triggered internally at /pytorch/aten/src/ATen/Context.cpp:233.)
  return Variable._execution_engine.run_backward(  # Calls into the C++ engine to run the backward pass
/home/wlia0047/ar57_scratch/wenyu/genrec_env_v2/lib64/python3.9/site-packages/torch/autograd/graph.py:829: UserWarning: Deterministic behavior was enabled with either `torch.use_deterministic_algorithms(True)` or `at::Context::setDeterministicAlgorithms(true)`, but this operation is not deterministic because it uses CuBLAS and you have CUDA >= 10.2. To enable deterministic behavior in this case, you must set an environment variable before running your PyTorch application: CUBLAS_WORKSPACE_CONFIG=:4096:8 or CUBLAS_WORKSPACE_CONFIG=:16:8. For more information, go to https://docs.nvidia.com/cuda/cublas/index.html#results-reproducibility (Triggered internally at /pytorch/aten/src/ATen/Context.cpp:233.)
  return Variable._execution_engine.run_backward(  # Calls into the C++ engine to run the backward pass
/home/wlia0047/ar57_scratch/wenyu/genrec_env_v2/lib64/python3.9/site-packages/torch/autograd/graph.py:829: UserWarning: Deterministic behavior was enabled with either `torch.use_deterministic_algorithms(True)` or `at::Context::setDeterministicAlgorithms(true)`, but this operation is not deterministic because it uses CuBLAS and you have CUDA >= 10.2. To enable deterministic behavior in this case, you must set an environment variable before running your PyTorch application: CUBLAS_WORKSPACE_CONFIG=:4096:8 or CUBLAS_WORKSPACE_CONFIG=:16:8. For more information, go to https://docs.nvidia.com/cuda/cublas/index.html#results-reproducibility (Triggered internally at /pytorch/aten/src/ATen/Context.cpp:233.)
  return Variable._execution_engine.run_backward(  # Calls into the C++ engine to run the backward pass
[RQ-VAE] epoch=1 loss=0.00048904 recon=0.00046251 beh=6.265601 w=0.000 lr=2.333e-05 time=0.32s
[RQ-VAE] epoch=2 loss=0.00048493 recon=0.00045522 beh=6.261143 w=0.000 lr=4.333e-05 time=0.153s
[RQ-VAE] epoch=3 loss=0.00047947 recon=0.00044265 beh=6.252954 w=0.000 lr=6.333e-05 time=0.154s
[RQ-VAE] epoch=4 loss=0.00046754 recon=0.00042372 beh=6.254937 w=0.000 lr=8.333e-05 time=0.152s
[RQ-VAE] epoch=5 loss=0.00045873 recon=0.00039499 beh=6.263382 w=0.000 lr=1.033e-04 time=0.152s
[RQ-VAE] epoch=6 loss=0.00044894 recon=0.00035533 beh=6.277632 w=0.000 lr=1.233e-04 time=0.157s
[RQ-VAE] epoch=7 loss=0.00040074 recon=0.00031117 beh=6.295145 w=0.000 lr=1.433e-04 time=0.153s
[RQ-VAE] epoch=8 loss=0.00034059 recon=0.00027090 beh=6.287348 w=0.000 lr=1.633e-04 time=0.153s
[RQ-VAE] epoch=9 loss=0.00031246 recon=0.00023879 beh=6.311755 w=0.000 lr=1.833e-04 time=0.159s
[RQ-VAE] epoch=10 loss=0.00028889 recon=0.00021726 beh=6.316468 w=0.000 lr=2.033e-04 time=0.155s
[RQ-VAE] epoch=11 loss=0.00026133 recon=0.00020557 beh=6.312698 w=0.000 lr=2.233e-04 time=0.158s
[RQ-VAE] epoch=12 loss=0.00023560 recon=0.00020000 beh=6.300417 w=0.000 lr=2.433e-04 time=0.154s
[RQ-VAE] epoch=13 loss=0.00022349 recon=0.00019663 beh=6.295534 w=0.000 lr=2.633e-04 time=0.152s
[RQ-VAE] epoch=14 loss=0.00021754 recon=0.00019309 beh=6.301083 w=0.000 lr=2.833e-04 time=0.152s
[RQ-VAE] epoch=15 loss=0.00021138 recon=0.00018975 beh=6.301036 w=0.000 lr=3.033e-04 time=0.154s
[RQ-VAE] epoch=16 loss=0.00020388 recon=0.00018614 beh=6.300481 w=0.000 lr=3.233e-04 time=0.156s
[RQ-VAE] epoch=17 loss=0.00019779 recon=0.00018263 beh=6.289631 w=0.000 lr=3.433e-04 time=0.156s
[RQ-VAE] epoch=18 loss=0.00019268 recon=0.00017977 beh=6.276335 w=0.000 lr=3.633e-04 time=0.166s
[RQ-VAE] epoch=19 loss=0.00018883 recon=0.00017780 beh=6.264447 w=0.000 lr=3.833e-04 time=0.159s
[RQ-VAE] epoch=20 loss=0.00018685 recon=0.00017658 beh=6.265754 w=0.000 lr=4.033e-04 time=0.288s
[RQ-VAE] epoch=21 loss=0.00018567 recon=0.00017566 beh=6.265234 w=0.000 lr=4.233e-04 time=0.155s
[RQ-VAE] epoch=22 loss=0.00018529 recon=0.00017482 beh=6.255033 w=0.000 lr=4.433e-04 time=0.152s
[RQ-VAE] epoch=23 loss=0.00018477 recon=0.00017345 beh=6.240808 w=0.000 lr=4.633e-04 time=0.157s
[RQ-VAE] epoch=24 loss=0.00018446 recon=0.00017113 beh=6.232382 w=0.000 lr=4.833e-04 time=0.153s
[RQ-VAE] epoch=25 loss=0.00018239 recon=0.00016804 beh=6.236263 w=0.000 lr=5.033e-04 time=0.156s
[RQ-VAE] epoch=26 loss=0.00017874 recon=0.00016503 beh=6.238305 w=0.000 lr=5.233e-04 time=0.155s
[RQ-VAE] epoch=27 loss=0.00017643 recon=0.00016303 beh=6.234519 w=0.000 lr=5.433e-04 time=0.152s
[RQ-VAE] epoch=28 loss=0.00017492 recon=0.00016148 beh=6.237467 w=0.000 lr=5.633e-04 time=0.153s
[RQ-VAE] epoch=29 loss=0.00017443 recon=0.00016038 beh=6.233489 w=0.000 lr=5.833e-04 time=0.161s
[RQ-VAE] epoch=30 loss=0.00017347 recon=0.00015922 beh=6.234577 w=0.000 lr=6.033e-04 time=0.153s
[RQ-VAE] epoch=31 loss=0.00017275 recon=0.00015843 beh=6.232087 w=0.000 lr=6.233e-04 time=0.155s
[RQ-VAE] epoch=32 loss=0.00017114 recon=0.00015699 beh=6.230479 w=0.000 lr=6.433e-04 time=0.158s
[RQ-VAE] epoch=33 loss=0.00016948 recon=0.00015561 beh=6.230001 w=0.000 lr=6.633e-04 time=0.152s
[RQ-VAE] epoch=34 loss=0.00016852 recon=0.00015465 beh=6.226140 w=0.000 lr=6.833e-04 time=0.153s
[RQ-VAE] epoch=35 loss=0.00016812 recon=0.00015394 beh=6.227706 w=0.000 lr=7.033e-04 time=0.277s
[RQ-VAE] epoch=36 loss=0.00016835 recon=0.00015332 beh=6.232187 w=0.000 lr=7.233e-04 time=0.152s
[RQ-VAE] epoch=37 loss=0.00016850 recon=0.00015240 beh=6.231923 w=0.000 lr=7.433e-04 time=0.156s
[RQ-VAE] epoch=38 loss=0.00016921 recon=0.00015131 beh=6.225523 w=0.000 lr=7.633e-04 time=0.157s
[RQ-VAE] epoch=39 loss=0.00016999 recon=0.00015019 beh=6.227388 w=0.000 lr=7.833e-04 time=0.152s
[RQ-VAE] epoch=40 loss=0.00017021 recon=0.00014882 beh=6.228629 w=0.000 lr=8.033e-04 time=0.154s
[RQ-VAE] epoch=41 loss=0.00017030 recon=0.00014747 beh=6.232744 w=0.000 lr=8.233e-04 time=0.152s
[RQ-VAE] epoch=42 loss=0.00017061 recon=0.00014633 beh=6.226583 w=0.000 lr=8.433e-04 time=0.16s
[RQ-VAE] epoch=43 loss=0.00017033 recon=0.00014472 beh=6.226898 w=0.000 lr=8.633e-04 time=0.152s
[RQ-VAE] epoch=44 loss=0.00017040 recon=0.00014338 beh=6.226239 w=0.000 lr=8.833e-04 time=0.162s
[RQ-VAE] epoch=45 loss=0.00017178 recon=0.00014304 beh=6.233208 w=0.000 lr=9.033e-04 time=0.155s
[RQ-VAE] epoch=46 loss=0.00017152 recon=0.00014199 beh=6.233958 w=0.000 lr=9.233e-04 time=0.153s
[RQ-VAE] epoch=47 loss=0.00017103 recon=0.00014059 beh=6.229655 w=0.000 lr=9.433e-04 time=0.164s
[RQ-VAE] epoch=48 loss=0.00017078 recon=0.00013946 beh=6.233728 w=0.000 lr=9.633e-04 time=0.152s
[RQ-VAE] epoch=49 loss=0.00017009 recon=0.00013860 beh=6.229955 w=0.000 lr=9.833e-04 time=0.158s
[RQ-VAE] epoch=50 loss=0.00017103 recon=0.00013781 lr=1.000e-03 raw_unique=19025/24587 collision=0.226217 time=0.157s
[RQ-VAE] epoch=51 loss=0.00016968 recon=0.00013672 beh=6.230045 w=0.000 lr=9.997e-04 time=0.153s
[RQ-VAE] epoch=52 loss=0.00016998 recon=0.00013591 beh=6.233987 w=0.000 lr=9.993e-04 time=0.152s
[RQ-VAE] epoch=53 loss=0.00017044 recon=0.00013532 beh=6.232158 w=0.000 lr=9.990e-04 time=0.154s
[RQ-VAE] epoch=54 loss=0.00017100 recon=0.00013456 beh=6.232608 w=0.000 lr=9.986e-04 time=0.156s
[RQ-VAE] epoch=55 loss=0.00017139 recon=0.00013383 beh=6.233761 w=0.000 lr=9.983e-04 time=0.152s
[RQ-VAE] epoch=56 loss=0.00017185 recon=0.00013319 beh=6.235760 w=0.000 lr=9.980e-04 time=0.153s
[RQ-VAE] epoch=57 loss=0.00017211 recon=0.00013236 beh=6.231519 w=0.000 lr=9.976e-04 time=0.156s
[RQ-VAE] epoch=58 loss=0.00017329 recon=0.00013168 beh=6.229606 w=0.000 lr=9.973e-04 time=0.156s
[RQ-VAE] epoch=59 loss=0.00017416 recon=0.00013107 beh=6.238228 w=0.000 lr=9.969e-04 time=0.153s
[RQ-VAE] epoch=60 loss=0.00017469 recon=0.00013020 beh=6.239377 w=0.000 lr=9.966e-04 time=0.153s
[RQ-VAE] epoch=61 loss=0.00017551 recon=0.00012923 beh=6.232962 w=0.000 lr=9.963e-04 time=0.156s
[RQ-VAE] epoch=62 loss=0.00017581 recon=0.00012838 beh=6.235391 w=0.000 lr=9.959e-04 time=0.152s
[RQ-VAE] epoch=63 loss=0.00017674 recon=0.00012772 beh=6.230181 w=0.000 lr=9.956e-04 time=0.154s
[RQ-VAE] epoch=64 loss=0.00017713 recon=0.00012694 beh=6.240802 w=0.000 lr=9.953e-04 time=0.153s
[RQ-VAE] epoch=65 loss=0.00017832 recon=0.00012641 beh=6.237397 w=0.000 lr=9.949e-04 time=0.152s
[RQ-VAE] epoch=66 loss=0.00017820 recon=0.00012585 beh=6.234764 w=0.000 lr=9.946e-04 time=0.154s
[RQ-VAE] epoch=67 loss=0.00017894 recon=0.00012521 beh=6.231775 w=0.000 lr=9.942e-04 time=0.153s
[RQ-VAE] epoch=68 loss=0.00017980 recon=0.00012479 beh=6.234643 w=0.000 lr=9.939e-04 time=0.154s
[RQ-VAE] epoch=69 loss=0.00017952 recon=0.00012423 beh=6.235286 w=0.000 lr=9.936e-04 time=0.152s
[RQ-VAE] epoch=70 loss=0.00017980 recon=0.00012372 beh=6.239678 w=0.000 lr=9.932e-04 time=0.152s
[RQ-VAE] epoch=71 loss=0.00018043 recon=0.00012316 beh=6.238505 w=0.000 lr=9.929e-04 time=0.154s
[RQ-VAE] epoch=72 loss=0.00018026 recon=0.00012276 beh=6.232798 w=0.000 lr=9.925e-04 time=0.152s
[RQ-VAE] epoch=73 loss=0.00018062 recon=0.00012222 beh=6.237495 w=0.000 lr=9.922e-04 time=0.152s
[RQ-VAE] epoch=74 loss=0.00018092 recon=0.00012167 beh=6.243341 w=0.000 lr=9.919e-04 time=0.153s
[RQ-VAE] epoch=75 loss=0.00018049 recon=0.00012115 beh=6.237908 w=0.000 lr=9.915e-04 time=0.152s
[RQ-VAE] epoch=76 loss=0.00018142 recon=0.00012089 beh=6.237358 w=0.000 lr=9.912e-04 time=0.153s
[RQ-VAE] epoch=77 loss=0.00018143 recon=0.00012040 beh=6.240232 w=0.000 lr=9.908e-04 time=0.152s
[RQ-VAE] epoch=78 loss=0.00018089 recon=0.00011996 beh=6.238598 w=0.000 lr=9.905e-04 time=0.152s
[RQ-VAE] epoch=79 loss=0.00018167 recon=0.00011955 beh=6.240761 w=0.000 lr=9.902e-04 time=0.153s
[RQ-VAE] epoch=80 loss=0.00018122 recon=0.00011927 beh=6.236782 w=0.000 lr=9.898e-04 time=0.153s
[RQ-VAE] epoch=81 loss=0.00018237 recon=0.00011899 beh=6.234496 w=0.000 lr=9.895e-04 time=0.153s
[RQ-VAE] epoch=82 loss=0.00018314 recon=0.00011853 beh=6.242393 w=0.000 lr=9.892e-04 time=0.154s
[RQ-VAE] epoch=83 loss=0.00018289 recon=0.00011810 beh=6.236551 w=0.000 lr=9.888e-04 time=0.153s
[RQ-VAE] epoch=84 loss=0.00018332 recon=0.00011775 beh=6.240379 w=0.000 lr=9.885e-04 time=0.153s
[RQ-VAE] epoch=85 loss=0.00018393 recon=0.00011733 beh=6.241294 w=0.000 lr=9.881e-04 time=0.154s
[RQ-VAE] epoch=86 loss=0.00018405 recon=0.00011697 beh=6.233263 w=0.000 lr=9.878e-04 time=0.152s
[RQ-VAE] epoch=87 loss=0.00018541 recon=0.00011667 beh=6.234820 w=0.000 lr=9.875e-04 time=0.152s
[RQ-VAE] epoch=88 loss=0.00018496 recon=0.00011639 beh=6.238522 w=0.000 lr=9.871e-04 time=0.153s
[RQ-VAE] epoch=89 loss=0.00018535 recon=0.00011613 beh=6.235200 w=0.000 lr=9.868e-04 time=0.154s
[RQ-VAE] epoch=90 loss=0.00018579 recon=0.00011591 beh=6.237726 w=0.000 lr=9.864e-04 time=0.153s
[RQ-VAE] epoch=91 loss=0.00018595 recon=0.00011556 beh=6.238738 w=0.000 lr=9.861e-04 time=0.153s
[RQ-VAE] epoch=92 loss=0.00018740 recon=0.00011538 beh=6.236253 w=0.000 lr=9.858e-04 time=0.282s
[RQ-VAE] epoch=93 loss=0.00018853 recon=0.00011522 beh=6.238262 w=0.000 lr=9.854e-04 time=0.152s
[RQ-VAE] epoch=94 loss=0.00018922 recon=0.00011490 beh=6.239192 w=0.000 lr=9.851e-04 time=0.153s
[RQ-VAE] epoch=95 loss=0.00018914 recon=0.00011450 beh=6.233763 w=0.000 lr=9.847e-04 time=0.153s
[RQ-VAE] epoch=96 loss=0.00018861 recon=0.00011396 beh=6.237951 w=0.000 lr=9.844e-04 time=0.153s
[RQ-VAE] epoch=97 loss=0.00018909 recon=0.00011388 beh=6.236876 w=0.000 lr=9.841e-04 time=0.152s
[RQ-VAE] epoch=98 loss=0.00019048 recon=0.00011366 beh=6.235233 w=0.000 lr=9.837e-04 time=0.154s
[RQ-VAE] epoch=99 loss=0.00019042 recon=0.00011330 beh=6.237046 w=0.000 lr=9.834e-04 time=0.153s
[RQ-VAE] epoch=100 loss=0.00019023 recon=0.00011316 lr=9.831e-04 raw_unique=20736/24587 collision=0.156627 time=0.155s
[RQ-VAE] epoch=101 loss=0.00019129 recon=0.00011291 beh=6.238770 w=0.000 lr=9.827e-04 time=0.154s
[RQ-VAE] epoch=102 loss=0.00019196 recon=0.00011259 beh=6.236566 w=0.000 lr=9.824e-04 time=0.152s
[RQ-VAE] epoch=103 loss=0.00019148 recon=0.00011229 beh=6.236871 w=0.000 lr=9.820e-04 time=0.152s
[RQ-VAE] epoch=104 loss=0.00019243 recon=0.00011203 beh=6.239265 w=0.000 lr=9.817e-04 time=0.152s
[RQ-VAE] epoch=105 loss=0.00019206 recon=0.00011175 beh=6.234218 w=0.000 lr=9.814e-04 time=0.156s
[RQ-VAE] epoch=106 loss=0.00019228 recon=0.00011147 beh=6.235023 w=0.000 lr=9.810e-04 time=0.153s
[RQ-VAE] epoch=107 loss=0.00019288 recon=0.00011120 beh=6.236043 w=0.000 lr=9.807e-04 time=0.153s
[RQ-VAE] epoch=108 loss=0.00019275 recon=0.00011090 beh=6.235411 w=0.000 lr=9.803e-04 time=0.154s
[RQ-VAE] epoch=109 loss=0.00019424 recon=0.00011073 beh=6.241722 w=0.000 lr=9.800e-04 time=0.152s
[RQ-VAE] epoch=110 loss=0.00019513 recon=0.00011065 beh=6.238488 w=0.000 lr=9.797e-04 time=0.152s
[RQ-VAE] epoch=111 loss=0.00019512 recon=0.00011036 beh=6.238130 w=0.000 lr=9.793e-04 time=0.156s
[RQ-VAE] epoch=112 loss=0.00019600 recon=0.00011010 beh=6.239946 w=0.000 lr=9.790e-04 time=0.154s
[RQ-VAE] epoch=113 loss=0.00019671 recon=0.00010992 beh=6.240768 w=0.000 lr=9.786e-04 time=0.152s
[RQ-VAE] epoch=114 loss=0.00019684 recon=0.00010969 beh=6.238510 w=0.000 lr=9.783e-04 time=0.151s
[RQ-VAE] epoch=115 loss=0.00019732 recon=0.00010947 beh=6.235386 w=0.000 lr=9.780e-04 time=0.152s
[RQ-VAE] epoch=116 loss=0.00019786 recon=0.00010942 beh=6.233982 w=0.000 lr=9.776e-04 time=0.152s
[RQ-VAE] epoch=117 loss=0.00019748 recon=0.00010913 beh=6.235451 w=0.000 lr=9.773e-04 time=0.152s
[RQ-VAE] epoch=118 loss=0.00019823 recon=0.00010880 beh=6.240166 w=0.000 lr=9.769e-04 time=0.154s
[RQ-VAE] epoch=119 loss=0.00019920 recon=0.00010866 beh=6.237781 w=0.000 lr=9.766e-04 time=0.154s
[RQ-VAE] epoch=120 loss=0.00019912 recon=0.00010849 beh=6.241553 w=0.000 lr=9.763e-04 time=0.153s
[RQ-VAE] epoch=121 loss=0.00019989 recon=0.00010832 beh=6.239123 w=0.000 lr=9.759e-04 time=0.278s
[RQ-VAE] epoch=122 loss=0.00019990 recon=0.00010810 beh=6.237843 w=0.000 lr=9.756e-04 time=0.152s
[RQ-VAE] epoch=123 loss=0.00020069 recon=0.00010804 beh=6.237592 w=0.000 lr=9.753e-04 time=0.152s
[RQ-VAE] epoch=124 loss=0.00020101 recon=0.00010780 beh=6.242465 w=0.000 lr=9.749e-04 time=0.152s
[RQ-VAE] epoch=125 loss=0.00020273 recon=0.00010767 beh=6.238388 w=0.000 lr=9.746e-04 time=0.155s
[RQ-VAE] epoch=126 loss=0.00020344 recon=0.00010735 beh=6.239938 w=0.000 lr=9.742e-04 time=0.152s
[RQ-VAE] epoch=127 loss=0.00020228 recon=0.00010716 beh=6.241915 w=0.000 lr=9.739e-04 time=0.151s
[RQ-VAE] epoch=128 loss=0.00020336 recon=0.00010698 beh=6.236797 w=0.000 lr=9.736e-04 time=0.153s
[RQ-VAE] epoch=129 loss=0.00020342 recon=0.00010668 beh=6.238998 w=0.000 lr=9.732e-04 time=0.153s
[RQ-VAE] epoch=130 loss=0.00020328 recon=0.00010648 beh=6.242892 w=0.000 lr=9.729e-04 time=0.153s
[RQ-VAE] epoch=131 loss=0.00020454 recon=0.00010636 beh=6.237906 w=0.000 lr=9.725e-04 time=0.155s
[RQ-VAE] epoch=132 loss=0.00020528 recon=0.00010617 beh=6.242782 w=0.000 lr=9.722e-04 time=0.152s
[RQ-VAE] epoch=133 loss=0.00020582 recon=0.00010614 beh=6.235173 w=0.000 lr=9.719e-04 time=0.155s
[RQ-VAE] epoch=134 loss=0.00020580 recon=0.00010583 beh=6.242863 w=0.000 lr=9.715e-04 time=0.155s
[RQ-VAE] epoch=135 loss=0.00020716 recon=0.00010562 beh=6.235416 w=0.000 lr=9.712e-04 time=0.152s
[RQ-VAE] epoch=136 loss=0.00020612 recon=0.00010557 beh=6.237233 w=0.000 lr=9.708e-04 time=0.152s
[RQ-VAE] epoch=137 loss=0.00020805 recon=0.00010526 beh=6.240388 w=0.000 lr=9.705e-04 time=0.153s
[RQ-VAE] epoch=138 loss=0.00020853 recon=0.00010504 beh=6.239644 w=0.000 lr=9.702e-04 time=0.152s
[RQ-VAE] epoch=139 loss=0.00020742 recon=0.00010502 beh=6.236904 w=0.000 lr=9.698e-04 time=0.152s
[RQ-VAE] epoch=140 loss=0.00020853 recon=0.00010496 beh=6.239248 w=0.000 lr=9.695e-04 time=0.286s
[RQ-VAE] epoch=141 loss=0.00020920 recon=0.00010462 beh=6.236276 w=0.000 lr=9.692e-04 time=0.154s
[RQ-VAE] epoch=142 loss=0.00021056 recon=0.00010455 beh=6.239451 w=0.000 lr=9.688e-04 time=0.153s
[RQ-VAE] epoch=143 loss=0.00021045 recon=0.00010441 beh=6.236807 w=0.000 lr=9.685e-04 time=0.153s
[RQ-VAE] epoch=144 loss=0.00021018 recon=0.00010422 beh=6.240744 w=0.000 lr=9.681e-04 time=0.153s
[RQ-VAE] epoch=145 loss=0.00021089 recon=0.00010403 beh=6.242288 w=0.000 lr=9.678e-04 time=0.154s
[RQ-VAE] epoch=146 loss=0.00021075 recon=0.00010372 beh=6.237814 w=0.000 lr=9.675e-04 time=0.154s
[RQ-VAE] epoch=147 loss=0.00021178 recon=0.00010349 beh=6.236554 w=0.000 lr=9.671e-04 time=0.152s
[RQ-VAE] epoch=148 loss=0.00021164 recon=0.00010341 beh=6.242050 w=0.000 lr=9.668e-04 time=0.153s
[RQ-VAE] epoch=149 loss=0.00021256 recon=0.00010327 beh=6.236736 w=0.000 lr=9.664e-04 time=0.152s
[RQ-VAE] epoch=150 loss=0.00021221 recon=0.00010306 lr=9.661e-04 raw_unique=21432/24587 collision=0.128320 time=0.153s
[RQ-VAE] epoch=151 loss=0.00021242 recon=0.00010288 beh=6.240564 w=0.000 lr=9.658e-04 time=0.154s
[RQ-VAE] epoch=152 loss=0.00021447 recon=0.00010283 beh=6.240845 w=0.000 lr=9.654e-04 time=0.152s
[RQ-VAE] epoch=153 loss=0.00021515 recon=0.00010278 beh=6.242001 w=0.000 lr=9.651e-04 time=0.153s
[RQ-VAE] epoch=154 loss=0.00021351 recon=0.00010255 beh=6.242561 w=0.000 lr=9.647e-04 time=0.152s
[RQ-VAE] epoch=155 loss=0.00021537 recon=0.00010234 beh=6.237057 w=0.000 lr=9.644e-04 time=0.28s
[RQ-VAE] epoch=156 loss=0.00021448 recon=0.00010205 beh=6.240475 w=0.000 lr=9.641e-04 time=0.153s
[RQ-VAE] epoch=157 loss=0.00021448 recon=0.00010186 beh=6.237744 w=0.000 lr=9.637e-04 time=0.152s
[RQ-VAE] epoch=158 loss=0.00021488 recon=0.00010175 beh=6.238614 w=0.000 lr=9.634e-04 time=0.152s
[RQ-VAE] epoch=159 loss=0.00021533 recon=0.00010162 beh=6.238228 w=0.000 lr=9.631e-04 time=0.152s
[RQ-VAE] epoch=160 loss=0.00021780 recon=0.00010166 beh=6.239935 w=0.000 lr=9.627e-04 time=0.153s
[RQ-VAE] epoch=161 loss=0.00021666 recon=0.00010144 beh=6.242217 w=0.000 lr=9.624e-04 time=0.152s
[RQ-VAE] epoch=162 loss=0.00021630 recon=0.00010132 beh=6.240160 w=0.000 lr=9.620e-04 time=0.152s
[RQ-VAE] epoch=163 loss=0.00021716 recon=0.00010109 beh=6.239436 w=0.000 lr=9.617e-04 time=0.151s
[RQ-VAE] epoch=164 loss=0.00021735 recon=0.00010089 beh=6.240176 w=0.000 lr=9.614e-04 time=0.151s
[RQ-VAE] epoch=165 loss=0.00021791 recon=0.00010076 beh=6.244190 w=0.000 lr=9.610e-04 time=0.151s
[RQ-VAE] epoch=166 loss=0.00021925 recon=0.00010059 beh=6.240818 w=0.000 lr=9.607e-04 time=0.152s
[RQ-VAE] epoch=167 loss=0.00022010 recon=0.00010047 beh=6.239692 w=0.000 lr=9.603e-04 time=0.152s
[RQ-VAE] epoch=168 loss=0.00021980 recon=0.00010028 beh=6.240326 w=0.000 lr=9.600e-04 time=0.152s
[RQ-VAE] epoch=169 loss=0.00022123 recon=0.00010045 beh=6.242741 w=0.000 lr=9.597e-04 time=0.154s
[RQ-VAE] epoch=170 loss=0.00022162 recon=0.00010016 beh=6.240782 w=0.000 lr=9.593e-04 time=0.151s
[RQ-VAE] epoch=171 loss=0.00022264 recon=0.00010004 beh=6.241666 w=0.000 lr=9.590e-04 time=0.152s
[RQ-VAE] epoch=172 loss=0.00022350 recon=0.00009990 beh=6.237673 w=0.000 lr=9.586e-04 time=0.152s
[RQ-VAE] epoch=173 loss=0.00022211 recon=0.00009982 beh=6.244019 w=0.000 lr=9.583e-04 time=0.152s
[RQ-VAE] epoch=174 loss=0.00022274 recon=0.00009964 beh=6.240369 w=0.000 lr=9.580e-04 time=0.152s
[RQ-VAE] epoch=175 loss=0.00022424 recon=0.00009970 beh=6.243592 w=0.000 lr=9.576e-04 time=0.152s
[RQ-VAE] epoch=176 loss=0.00022438 recon=0.00009951 beh=6.234024 w=0.000 lr=9.573e-04 time=0.152s
[RQ-VAE] epoch=177 loss=0.00022372 recon=0.00009926 beh=6.241987 w=0.000 lr=9.569e-04 time=0.15s
[RQ-VAE] epoch=178 loss=0.00022316 recon=0.00009912 beh=6.241015 w=0.000 lr=9.566e-04 time=0.151s
[RQ-VAE] epoch=179 loss=0.00022453 recon=0.00009902 beh=6.237187 w=0.000 lr=9.563e-04 time=0.152s
[RQ-VAE] epoch=180 loss=0.00022580 recon=0.00009893 beh=6.240135 w=0.000 lr=9.559e-04 time=0.151s
[RQ-VAE] epoch=181 loss=0.00022677 recon=0.00009885 beh=6.239548 w=0.000 lr=9.556e-04 time=0.151s
[RQ-VAE] epoch=182 loss=0.00022704 recon=0.00009861 beh=6.240952 w=0.000 lr=9.553e-04 time=0.151s
[RQ-VAE] epoch=183 loss=0.00022613 recon=0.00009856 beh=6.241627 w=0.000 lr=9.549e-04 time=0.153s
[RQ-VAE] epoch=184 loss=0.00022623 recon=0.00009838 beh=6.246510 w=0.000 lr=9.546e-04 time=0.151s
[RQ-VAE] epoch=185 loss=0.00022598 recon=0.00009821 beh=6.240990 w=0.000 lr=9.542e-04 time=0.151s
[RQ-VAE] epoch=186 loss=0.00022663 recon=0.00009817 beh=6.240509 w=0.000 lr=9.539e-04 time=0.152s
[RQ-VAE] epoch=187 loss=0.00022803 recon=0.00009809 beh=6.241055 w=0.000 lr=9.536e-04 time=0.152s
[RQ-VAE] epoch=188 loss=0.00022878 recon=0.00009781 beh=6.238182 w=0.000 lr=9.532e-04 time=0.151s
[RQ-VAE] epoch=189 loss=0.00022937 recon=0.00009770 beh=6.240210 w=0.000 lr=9.529e-04 time=0.153s
[RQ-VAE] epoch=190 loss=0.00022805 recon=0.00009761 beh=6.244767 w=0.000 lr=9.525e-04 time=0.151s
[RQ-VAE] epoch=191 loss=0.00022975 recon=0.00009759 beh=6.236794 w=0.000 lr=9.522e-04 time=0.151s
[RQ-VAE] epoch=192 loss=0.00022845 recon=0.00009745 beh=6.240057 w=0.000 lr=9.519e-04 time=0.152s
[RQ-VAE] epoch=193 loss=0.00023002 recon=0.00009731 beh=6.241602 w=0.000 lr=9.515e-04 time=0.153s
[RQ-VAE] epoch=194 loss=0.00023083 recon=0.00009741 beh=6.238834 w=0.000 lr=9.512e-04 time=0.151s
[RQ-VAE] epoch=195 loss=0.00023054 recon=0.00009716 beh=6.240349 w=0.000 lr=9.508e-04 time=0.152s
[RQ-VAE] epoch=196 loss=0.00023059 recon=0.00009706 beh=6.241411 w=0.000 lr=9.505e-04 time=0.152s
[RQ-VAE] epoch=197 loss=0.00023032 recon=0.00009687 beh=6.237818 w=0.000 lr=9.502e-04 time=0.152s
[RQ-VAE] epoch=198 loss=0.00023102 recon=0.00009672 beh=6.243796 w=0.000 lr=9.498e-04 time=0.151s
[RQ-VAE] epoch=199 loss=0.00023035 recon=0.00009666 beh=6.238349 w=0.000 lr=9.495e-04 time=0.15s
[RQ-VAE] epoch=200 loss=0.00023235 recon=0.00009672 lr=9.492e-04 raw_unique=21453/24587 collision=0.127466 time=0.15s
[RQ-VAE] epoch=201 loss=0.00023359 recon=0.00009643 beh=6.239149 w=0.000 lr=9.488e-04 time=0.154s
[RQ-VAE] epoch=202 loss=0.00023264 recon=0.00009655 beh=6.240385 w=0.000 lr=9.485e-04 time=0.152s
[RQ-VAE] epoch=203 loss=0.00023305 recon=0.00009630 beh=6.239931 w=0.000 lr=9.481e-04 time=0.153s
[RQ-VAE] epoch=204 loss=0.00023280 recon=0.00009613 beh=6.243000 w=0.000 lr=9.478e-04 time=0.152s
[RQ-VAE] epoch=205 loss=0.00023343 recon=0.00009612 beh=6.242914 w=0.000 lr=9.475e-04 time=0.152s
[RQ-VAE] epoch=206 loss=0.00023439 recon=0.00009603 beh=6.242651 w=0.000 lr=9.471e-04 time=0.152s
[RQ-VAE] epoch=207 loss=0.00023606 recon=0.00009588 beh=6.239526 w=0.000 lr=9.468e-04 time=0.152s
[RQ-VAE] epoch=208 loss=0.00023503 recon=0.00009579 beh=6.239324 w=0.000 lr=9.464e-04 time=0.152s
[RQ-VAE] epoch=209 loss=0.00023550 recon=0.00009574 beh=6.242091 w=0.000 lr=9.461e-04 time=0.152s
[RQ-VAE] epoch=210 loss=0.00023661 recon=0.00009560 beh=6.238962 w=0.000 lr=9.458e-04 time=0.152s
[RQ-VAE] epoch=211 loss=0.00023541 recon=0.00009553 beh=6.240176 w=0.000 lr=9.454e-04 time=0.151s
[RQ-VAE] epoch=212 loss=0.00023683 recon=0.00009526 beh=6.241608 w=0.000 lr=9.451e-04 time=0.28s
[RQ-VAE] epoch=213 loss=0.00023722 recon=0.00009540 beh=6.238988 w=0.000 lr=9.447e-04 time=0.152s
[RQ-VAE] epoch=214 loss=0.00023687 recon=0.00009521 beh=6.238037 w=0.000 lr=9.444e-04 time=0.152s
[RQ-VAE] epoch=215 loss=0.00023841 recon=0.00009515 beh=6.239932 w=0.000 lr=9.441e-04 time=0.151s
[RQ-VAE] epoch=216 loss=0.00023755 recon=0.00009513 beh=6.242889 w=0.000 lr=9.437e-04 time=0.151s
[RQ-VAE] epoch=217 loss=0.00023870 recon=0.00009507 beh=6.240485 w=0.000 lr=9.434e-04 time=0.151s
[RQ-VAE] epoch=218 loss=0.00023883 recon=0.00009504 beh=6.242961 w=0.000 lr=9.431e-04 time=0.152s
[RQ-VAE] epoch=219 loss=0.00024006 recon=0.00009491 beh=6.241895 w=0.000 lr=9.427e-04 time=0.152s
[RQ-VAE] epoch=220 loss=0.00024028 recon=0.00009495 beh=6.240223 w=0.000 lr=9.424e-04 time=0.154s
[RQ-VAE] epoch=221 loss=0.00024123 recon=0.00009480 beh=6.243568 w=0.000 lr=9.420e-04 time=0.152s
[RQ-VAE] epoch=222 loss=0.00024044 recon=0.00009478 beh=6.240353 w=0.000 lr=9.417e-04 time=0.151s
[RQ-VAE] epoch=223 loss=0.00023984 recon=0.00009452 beh=6.242517 w=0.000 lr=9.414e-04 time=0.152s
[RQ-VAE] epoch=224 loss=0.00024197 recon=0.00009446 beh=6.241948 w=0.000 lr=9.410e-04 time=0.152s
[RQ-VAE] epoch=225 loss=0.00024217 recon=0.00009450 beh=6.242744 w=0.000 lr=9.407e-04 time=0.153s
[RQ-VAE] epoch=226 loss=0.00024231 recon=0.00009435 beh=6.240622 w=0.000 lr=9.403e-04 time=0.152s
[RQ-VAE] epoch=227 loss=0.00024251 recon=0.00009420 beh=6.239404 w=0.000 lr=9.400e-04 time=0.154s
[RQ-VAE] epoch=228 loss=0.00024196 recon=0.00009426 beh=6.238741 w=0.000 lr=9.397e-04 time=0.152s
[RQ-VAE] epoch=229 loss=0.00024271 recon=0.00009404 beh=6.240550 w=0.000 lr=9.393e-04 time=0.152s
[RQ-VAE] epoch=230 loss=0.00024292 recon=0.00009384 beh=6.242569 w=0.000 lr=9.390e-04 time=0.152s
[RQ-VAE] epoch=231 loss=0.00024298 recon=0.00009391 beh=6.242703 w=0.000 lr=9.386e-04 time=0.153s
[RQ-VAE] epoch=232 loss=0.00024448 recon=0.00009371 beh=6.239843 w=0.000 lr=9.383e-04 time=0.152s
[RQ-VAE] epoch=233 loss=0.00024496 recon=0.00009356 beh=6.242453 w=0.000 lr=9.380e-04 time=0.152s
[RQ-VAE] epoch=234 loss=0.00024435 recon=0.00009364 beh=6.244872 w=0.000 lr=9.376e-04 time=0.152s
[RQ-VAE] epoch=235 loss=0.00024496 recon=0.00009359 beh=6.242136 w=0.000 lr=9.373e-04 time=0.152s
[RQ-VAE] epoch=236 loss=0.00024571 recon=0.00009349 beh=6.243999 w=0.000 lr=9.369e-04 time=0.153s
[RQ-VAE] epoch=237 loss=0.00024557 recon=0.00009332 beh=6.242625 w=0.000 lr=9.366e-04 time=0.158s
[RQ-VAE] epoch=238 loss=0.00024497 recon=0.00009324 beh=6.242141 w=0.000 lr=9.363e-04 time=0.151s
[RQ-VAE] epoch=239 loss=0.00024489 recon=0.00009305 beh=6.240902 w=0.000 lr=9.359e-04 time=0.151s
[RQ-VAE] epoch=240 loss=0.00024751 recon=0.00009303 beh=6.245091 w=0.000 lr=9.356e-04 time=0.151s
[RQ-VAE] epoch=241 loss=0.00024690 recon=0.00009313 beh=6.242893 w=0.000 lr=9.353e-04 time=0.276s
[RQ-VAE] epoch=242 loss=0.00024760 recon=0.00009316 beh=6.236575 w=0.000 lr=9.349e-04 time=0.15s
[RQ-VAE] epoch=243 loss=0.00024667 recon=0.00009299 beh=6.243198 w=0.000 lr=9.346e-04 time=0.152s
[RQ-VAE] epoch=244 loss=0.00024717 recon=0.00009295 beh=6.241886 w=0.000 lr=9.342e-04 time=0.151s
[RQ-VAE] epoch=245 loss=0.00024746 recon=0.00009276 beh=6.245201 w=0.000 lr=9.339e-04 time=0.152s
[RQ-VAE] epoch=246 loss=0.00024700 recon=0.00009263 beh=6.237522 w=0.000 lr=9.336e-04 time=0.152s
[RQ-VAE] epoch=247 loss=0.00024689 recon=0.00009262 beh=6.241656 w=0.000 lr=9.332e-04 time=0.152s
[RQ-VAE] epoch=248 loss=0.00024788 recon=0.00009247 beh=6.244660 w=0.000 lr=9.329e-04 time=0.153s
[RQ-VAE] epoch=249 loss=0.00024825 recon=0.00009241 beh=6.246431 w=0.000 lr=9.325e-04 time=0.152s
[RQ-VAE] epoch=250 loss=0.00024776 recon=0.00009227 lr=9.322e-04 raw_unique=21388/24587 collision=0.130109 time=0.151s
[RQ-VAE] epoch=251 loss=0.00024886 recon=0.00009224 beh=6.242858 w=0.000 lr=9.319e-04 time=0.153s
[RQ-VAE] epoch=252 loss=0.00024868 recon=0.00009206 beh=6.245591 w=0.000 lr=9.315e-04 time=0.153s
[RQ-VAE] epoch=253 loss=0.00024839 recon=0.00009197 beh=6.241420 w=0.000 lr=9.312e-04 time=0.152s
[RQ-VAE] epoch=254 loss=0.00024978 recon=0.00009212 beh=6.242015 w=0.000 lr=9.308e-04 time=0.152s
[RQ-VAE] epoch=255 loss=0.00024899 recon=0.00009182 beh=6.244292 w=0.000 lr=9.305e-04 time=0.153s
[RQ-VAE] epoch=256 loss=0.00024892 recon=0.00009186 beh=6.245592 w=0.000 lr=9.302e-04 time=0.152s
[RQ-VAE] epoch=257 loss=0.00024975 recon=0.00009178 beh=6.244597 w=0.000 lr=9.298e-04 time=0.152s
[RQ-VAE] epoch=258 loss=0.00025028 recon=0.00009174 beh=6.246036 w=0.000 lr=9.295e-04 time=0.151s
[RQ-VAE] epoch=259 loss=0.00025216 recon=0.00009170 beh=6.242143 w=0.000 lr=9.292e-04 time=0.151s
[RQ-VAE] epoch=260 loss=0.00025144 recon=0.00009173 beh=6.242846 w=0.000 lr=9.288e-04 time=0.252s
[RQ-VAE] epoch=261 loss=0.00025161 recon=0.00009184 beh=6.244532 w=0.000 lr=9.285e-04 time=0.151s
[RQ-VAE] epoch=262 loss=0.00025313 recon=0.00009171 beh=6.244892 w=0.000 lr=9.281e-04 time=0.153s
[RQ-VAE] epoch=263 loss=0.00025425 recon=0.00009165 beh=6.244247 w=0.000 lr=9.278e-04 time=0.153s
[RQ-VAE] epoch=264 loss=0.00025430 recon=0.00009148 beh=6.243199 w=0.000 lr=9.275e-04 time=0.152s
[RQ-VAE] epoch=265 loss=0.00025472 recon=0.00009151 beh=6.241834 w=0.000 lr=9.271e-04 time=0.152s
[RQ-VAE] epoch=266 loss=0.00025526 recon=0.00009166 beh=6.242659 w=0.000 lr=9.268e-04 time=0.153s
[RQ-VAE] epoch=267 loss=0.00025568 recon=0.00009149 beh=6.242879 w=0.000 lr=9.264e-04 time=0.153s
[RQ-VAE] epoch=268 loss=0.00025359 recon=0.00009133 beh=6.243330 w=0.000 lr=9.261e-04 time=0.152s
[RQ-VAE] epoch=269 loss=0.00025585 recon=0.00009118 beh=6.243940 w=0.000 lr=9.258e-04 time=0.152s
[RQ-VAE] epoch=270 loss=0.00025629 recon=0.00009129 beh=6.244819 w=0.000 lr=9.254e-04 time=0.151s
[RQ-VAE] epoch=271 loss=0.00025380 recon=0.00009103 beh=6.245039 w=0.000 lr=9.251e-04 time=0.151s
[RQ-VAE] epoch=272 loss=0.00025498 recon=0.00009111 beh=6.240767 w=0.000 lr=9.247e-04 time=0.152s
[RQ-VAE] epoch=273 loss=0.00025837 recon=0.00009115 beh=6.241285 w=0.000 lr=9.244e-04 time=0.153s
[RQ-VAE] epoch=274 loss=0.00025608 recon=0.00009083 beh=6.245729 w=0.000 lr=9.241e-04 time=0.152s
[RQ-VAE] epoch=275 loss=0.00025769 recon=0.00009087 beh=6.239040 w=0.000 lr=9.237e-04 time=0.255s
[RQ-VAE] epoch=276 loss=0.00025787 recon=0.00009064 beh=6.244458 w=0.000 lr=9.234e-04 time=0.151s
[RQ-VAE] epoch=277 loss=0.00025702 recon=0.00009071 beh=6.240808 w=0.000 lr=9.231e-04 time=0.152s
[RQ-VAE] epoch=278 loss=0.00025685 recon=0.00009072 beh=6.239927 w=0.000 lr=9.227e-04 time=0.153s
[RQ-VAE] epoch=279 loss=0.00025812 recon=0.00009054 beh=6.242784 w=0.000 lr=9.224e-04 time=0.153s
[RQ-VAE] epoch=280 loss=0.00025745 recon=0.00009062 beh=6.239599 w=0.000 lr=9.220e-04 time=0.153s
[RQ-VAE] epoch=281 loss=0.00025777 recon=0.00009057 beh=6.241925 w=0.000 lr=9.217e-04 time=0.153s
[RQ-VAE] epoch=282 loss=0.00025915 recon=0.00009044 beh=6.243077 w=0.000 lr=9.214e-04 time=0.152s
[RQ-VAE] epoch=283 loss=0.00025900 recon=0.00009027 beh=6.244686 w=0.000 lr=9.210e-04 time=0.153s
[RQ-VAE] epoch=284 loss=0.00025679 recon=0.00009033 beh=6.244816 w=0.000 lr=9.207e-04 time=0.152s
[RQ-VAE] epoch=285 loss=0.00025954 recon=0.00009012 beh=6.246006 w=0.000 lr=9.203e-04 time=0.153s
[RQ-VAE] epoch=286 loss=0.00025933 recon=0.00009017 beh=6.243825 w=0.000 lr=9.200e-04 time=0.153s
[RQ-VAE] epoch=287 loss=0.00025726 recon=0.00009003 beh=6.243617 w=0.000 lr=9.197e-04 time=0.152s
[RQ-VAE] epoch=288 loss=0.00025833 recon=0.00009001 beh=6.241598 w=0.000 lr=9.193e-04 time=0.153s
[RQ-VAE] epoch=289 loss=0.00025914 recon=0.00008982 beh=6.244648 w=0.000 lr=9.190e-04 time=0.152s
[RQ-VAE] epoch=290 loss=0.00025931 recon=0.00008979 beh=6.242969 w=0.000 lr=9.186e-04 time=0.152s
[RQ-VAE] epoch=291 loss=0.00025997 recon=0.00008990 beh=6.243994 w=0.000 lr=9.183e-04 time=0.152s
[RQ-VAE] epoch=292 loss=0.00026078 recon=0.00008966 beh=6.246588 w=0.000 lr=9.180e-04 time=0.152s
[RQ-VAE] epoch=293 loss=0.00026052 recon=0.00008957 beh=6.244309 w=0.000 lr=9.176e-04 time=0.152s
[RQ-VAE] epoch=294 loss=0.00026098 recon=0.00008950 beh=6.243303 w=0.000 lr=9.173e-04 time=0.152s
[RQ-VAE] epoch=295 loss=0.00026175 recon=0.00008936 beh=6.244024 w=0.000 lr=9.169e-04 time=0.152s
[RQ-VAE] epoch=296 loss=0.00026233 recon=0.00008936 beh=6.243215 w=0.000 lr=9.166e-04 time=0.152s
[RQ-VAE] epoch=297 loss=0.00026301 recon=0.00008955 beh=6.242001 w=0.000 lr=9.163e-04 time=0.153s
[RQ-VAE] epoch=298 loss=0.00026245 recon=0.00008955 beh=6.244406 w=0.000 lr=9.159e-04 time=0.152s
[RQ-VAE] epoch=299 loss=0.00026369 recon=0.00008959 beh=6.244768 w=0.000 lr=9.156e-04 time=0.152s
[RQ-VAE] epoch=300 loss=0.00026384 recon=0.00008930 lr=9.153e-04 raw_unique=21150/24587 collision=0.139789 time=0.153s
[RQ-VAE] epoch=301 loss=0.00026434 recon=0.00008930 beh=6.243397 w=0.000 lr=9.149e-04 time=0.153s
[RQ-VAE] epoch=302 loss=0.00026617 recon=0.00008928 beh=6.241367 w=0.000 lr=9.146e-04 time=0.151s
[RQ-VAE] epoch=303 loss=0.00026623 recon=0.00008925 beh=6.244497 w=0.000 lr=9.142e-04 time=0.153s
[RQ-VAE] epoch=304 loss=0.00026465 recon=0.00008914 beh=6.244352 w=0.000 lr=9.139e-04 time=0.153s
[RQ-VAE] epoch=305 loss=0.00026707 recon=0.00008921 beh=6.244996 w=0.000 lr=9.136e-04 time=0.156s
[RQ-VAE] epoch=306 loss=0.00026729 recon=0.00008920 beh=6.245946 w=0.000 lr=9.132e-04 time=0.152s
[RQ-VAE] epoch=307 loss=0.00026529 recon=0.00008920 beh=6.245017 w=0.000 lr=9.129e-04 time=0.152s
[RQ-VAE] epoch=308 loss=0.00026723 recon=0.00008919 beh=6.244726 w=0.000 lr=9.125e-04 time=0.153s
[RQ-VAE] epoch=309 loss=0.00026738 recon=0.00008902 beh=6.243988 w=0.000 lr=9.122e-04 time=0.159s
[RQ-VAE] epoch=310 loss=0.00026687 recon=0.00008885 beh=6.242795 w=0.000 lr=9.119e-04 time=0.152s
[RQ-VAE] epoch=311 loss=0.00026684 recon=0.00008885 beh=6.243578 w=0.000 lr=9.115e-04 time=0.152s
[RQ-VAE] epoch=312 loss=0.00026806 recon=0.00008868 beh=6.247648 w=0.000 lr=9.112e-04 time=0.152s
[RQ-VAE] epoch=313 loss=0.00026793 recon=0.00008857 beh=6.246217 w=0.000 lr=9.108e-04 time=0.151s
[RQ-VAE] epoch=314 loss=0.00026717 recon=0.00008867 beh=6.246371 w=0.000 lr=9.105e-04 time=0.152s
[RQ-VAE] epoch=315 loss=0.00026854 recon=0.00008852 beh=6.240860 w=0.000 lr=9.102e-04 time=0.155s
[RQ-VAE] epoch=316 loss=0.00026890 recon=0.00008878 beh=6.250287 w=0.000 lr=9.098e-04 time=0.152s
[RQ-VAE] epoch=317 loss=0.00026942 recon=0.00008869 beh=6.243954 w=0.000 lr=9.095e-04 time=0.153s
[RQ-VAE] epoch=318 loss=0.00026925 recon=0.00008842 beh=6.243275 w=0.000 lr=9.092e-04 time=0.152s
[RQ-VAE] epoch=319 loss=0.00026782 recon=0.00008838 beh=6.240431 w=0.000 lr=9.088e-04 time=0.152s
[RQ-VAE] epoch=320 loss=0.00026964 recon=0.00008839 beh=6.239397 w=0.000 lr=9.085e-04 time=0.153s
[RQ-VAE] epoch=321 loss=0.00026997 recon=0.00008824 beh=6.244350 w=0.000 lr=9.081e-04 time=0.152s
[RQ-VAE] epoch=322 loss=0.00026958 recon=0.00008826 beh=6.245350 w=0.000 lr=9.078e-04 time=0.153s
[RQ-VAE] epoch=323 loss=0.00026985 recon=0.00008814 beh=6.244061 w=0.000 lr=9.075e-04 time=0.153s
[RQ-VAE] epoch=324 loss=0.00026947 recon=0.00008817 beh=6.244321 w=0.000 lr=9.071e-04 time=0.151s
[RQ-VAE] epoch=325 loss=0.00027041 recon=0.00008827 beh=6.244278 w=0.000 lr=9.068e-04 time=0.152s
[RQ-VAE] epoch=326 loss=0.00027169 recon=0.00008800 beh=6.242958 w=0.000 lr=9.064e-04 time=0.152s
[RQ-VAE] epoch=327 loss=0.00026964 recon=0.00008796 beh=6.240356 w=0.000 lr=9.061e-04 time=0.152s
[RQ-VAE] epoch=328 loss=0.00026944 recon=0.00008779 beh=6.249247 w=0.000 lr=9.058e-04 time=0.152s
[RQ-VAE] epoch=329 loss=0.00027247 recon=0.00008799 beh=6.245046 w=0.000 lr=9.054e-04 time=0.153s
[RQ-VAE] epoch=330 loss=0.00027131 recon=0.00008772 beh=6.248834 w=0.000 lr=9.051e-04 time=0.153s
[RQ-VAE] epoch=331 loss=0.00027051 recon=0.00008785 beh=6.246865 w=0.000 lr=9.047e-04 time=0.153s
[RQ-VAE] epoch=332 loss=0.00027148 recon=0.00008769 beh=6.239834 w=0.000 lr=9.044e-04 time=0.275s
[RQ-VAE] epoch=333 loss=0.00027355 recon=0.00008776 beh=6.245654 w=0.000 lr=9.041e-04 time=0.152s
[RQ-VAE] epoch=334 loss=0.00027259 recon=0.00008762 beh=6.251401 w=0.000 lr=9.037e-04 time=0.152s
[RQ-VAE] epoch=335 loss=0.00027287 recon=0.00008784 beh=6.243430 w=0.000 lr=9.034e-04 time=0.151s
[RQ-VAE] epoch=336 loss=0.00027336 recon=0.00008766 beh=6.245548 w=0.000 lr=9.031e-04 time=0.152s
[RQ-VAE] epoch=337 loss=0.00027263 recon=0.00008758 beh=6.245324 w=0.000 lr=9.027e-04 time=0.153s
[RQ-VAE] epoch=338 loss=0.00027328 recon=0.00008749 beh=6.243373 w=0.000 lr=9.024e-04 time=0.155s
[RQ-VAE] epoch=339 loss=0.00027557 recon=0.00008760 beh=6.246639 w=0.000 lr=9.020e-04 time=0.153s
[RQ-VAE] epoch=340 loss=0.00027469 recon=0.00008741 beh=6.246360 w=0.000 lr=9.017e-04 time=0.152s
[RQ-VAE] epoch=341 loss=0.00027391 recon=0.00008742 beh=6.244370 w=0.000 lr=9.014e-04 time=0.152s
[RQ-VAE] epoch=342 loss=0.00027385 recon=0.00008742 beh=6.244317 w=0.000 lr=9.010e-04 time=0.152s
[RQ-VAE] epoch=343 loss=0.00027439 recon=0.00008748 beh=6.244540 w=0.000 lr=9.007e-04 time=0.154s
[RQ-VAE] epoch=344 loss=0.00027621 recon=0.00008727 beh=6.248074 w=0.000 lr=9.003e-04 time=0.152s
[RQ-VAE] epoch=345 loss=0.00027478 recon=0.00008739 beh=6.237148 w=0.000 lr=9.000e-04 time=0.152s
[RQ-VAE] epoch=346 loss=0.00027437 recon=0.00008720 beh=6.245170 w=0.000 lr=8.997e-04 time=0.152s
[RQ-VAE] epoch=347 loss=0.00027423 recon=0.00008723 beh=6.247897 w=0.000 lr=8.993e-04 time=0.153s
[RQ-VAE] epoch=348 loss=0.00027489 recon=0.00008706 beh=6.241827 w=0.000 lr=8.990e-04 time=0.153s
[RQ-VAE] epoch=349 loss=0.00027366 recon=0.00008689 beh=6.243951 w=0.000 lr=8.986e-04 time=0.153s
[RQ-VAE] epoch=350 loss=0.00027349 recon=0.00008691 lr=8.983e-04 raw_unique=20904/24587 collision=0.149795 time=0.152s
[RQ-VAE] epoch=351 loss=0.00027441 recon=0.00008701 beh=6.242111 w=0.000 lr=8.980e-04 time=0.152s
[RQ-VAE] epoch=352 loss=0.00027471 recon=0.00008681 beh=6.245100 w=0.000 lr=8.976e-04 time=0.152s
[RQ-VAE] epoch=353 loss=0.00027517 recon=0.00008680 beh=6.241749 w=0.000 lr=8.973e-04 time=0.153s
[RQ-VAE] epoch=354 loss=0.00027550 recon=0.00008696 beh=6.244296 w=0.000 lr=8.969e-04 time=0.156s
[RQ-VAE] epoch=355 loss=0.00027520 recon=0.00008689 beh=6.244036 w=0.000 lr=8.966e-04 time=0.153s
[RQ-VAE] epoch=356 loss=0.00027616 recon=0.00008689 beh=6.243738 w=0.000 lr=8.963e-04 time=0.153s
[RQ-VAE] epoch=357 loss=0.00027740 recon=0.00008668 beh=6.243296 w=0.000 lr=8.959e-04 time=0.152s
[RQ-VAE] epoch=358 loss=0.00027411 recon=0.00008664 beh=6.246481 w=0.000 lr=8.956e-04 time=0.153s
[RQ-VAE] epoch=359 loss=0.00027459 recon=0.00008674 beh=6.241565 w=0.000 lr=8.953e-04 time=0.154s
[RQ-VAE] epoch=360 loss=0.00027780 recon=0.00008669 beh=6.244594 w=0.000 lr=8.949e-04 time=0.153s
[RQ-VAE] epoch=361 loss=0.00027612 recon=0.00008649 beh=6.247475 w=0.000 lr=8.946e-04 time=0.255s
[RQ-VAE] epoch=362 loss=0.00027515 recon=0.00008651 beh=6.247747 w=0.000 lr=8.942e-04 time=0.152s
[RQ-VAE] epoch=363 loss=0.00027686 recon=0.00008641 beh=6.251087 w=0.000 lr=8.939e-04 time=0.153s
[RQ-VAE] epoch=364 loss=0.00027709 recon=0.00008643 beh=6.246721 w=0.000 lr=8.936e-04 time=0.152s
[RQ-VAE] epoch=365 loss=0.00027560 recon=0.00008626 beh=6.245203 w=0.000 lr=8.932e-04 time=0.152s
[RQ-VAE] epoch=366 loss=0.00027811 recon=0.00008632 beh=6.245054 w=0.000 lr=8.929e-04 time=0.152s
[RQ-VAE] epoch=367 loss=0.00027689 recon=0.00008616 beh=6.245883 w=0.000 lr=8.925e-04 time=0.153s
[RQ-VAE] epoch=368 loss=0.00027712 recon=0.00008616 beh=6.248238 w=0.000 lr=8.922e-04 time=0.152s
[RQ-VAE] epoch=369 loss=0.00027697 recon=0.00008617 beh=6.247241 w=0.000 lr=8.919e-04 time=0.152s
[RQ-VAE] epoch=370 loss=0.00027756 recon=0.00008616 beh=6.244117 w=0.000 lr=8.915e-04 time=0.152s
[RQ-VAE] epoch=371 loss=0.00027857 recon=0.00008610 beh=6.242850 w=0.000 lr=8.912e-04 time=0.153s
[RQ-VAE] epoch=372 loss=0.00027887 recon=0.00008615 beh=6.250157 w=0.000 lr=8.908e-04 time=0.152s
[RQ-VAE] epoch=373 loss=0.00027805 recon=0.00008611 beh=6.245191 w=0.000 lr=8.905e-04 time=0.152s
[RQ-VAE] epoch=374 loss=0.00027977 recon=0.00008589 beh=6.245983 w=0.000 lr=8.902e-04 time=0.152s
[RQ-VAE] epoch=375 loss=0.00027779 recon=0.00008605 beh=6.247178 w=0.000 lr=8.898e-04 time=0.151s
[RQ-VAE] epoch=376 loss=0.00027900 recon=0.00008600 beh=6.244820 w=0.000 lr=8.895e-04 time=0.152s
[RQ-VAE] epoch=377 loss=0.00027895 recon=0.00008592 beh=6.244307 w=0.000 lr=8.892e-04 time=0.153s
[RQ-VAE] epoch=378 loss=0.00027943 recon=0.00008591 beh=6.243869 w=0.000 lr=8.888e-04 time=0.152s
[RQ-VAE] epoch=379 loss=0.00027935 recon=0.00008586 beh=6.244880 w=0.000 lr=8.885e-04 time=0.152s
[RQ-VAE] epoch=380 loss=0.00028170 recon=0.00008572 beh=6.243636 w=0.000 lr=8.881e-04 time=0.249s
[RQ-VAE] epoch=381 loss=0.00027921 recon=0.00008557 beh=6.245042 w=0.000 lr=8.878e-04 time=0.151s
[RQ-VAE] epoch=382 loss=0.00027867 recon=0.00008562 beh=6.243761 w=0.000 lr=8.875e-04 time=0.153s
[RQ-VAE] epoch=383 loss=0.00028059 recon=0.00008549 beh=6.246947 w=0.000 lr=8.871e-04 time=0.155s
[RQ-VAE] epoch=384 loss=0.00028094 recon=0.00008550 beh=6.242675 w=0.000 lr=8.868e-04 time=0.152s
[RQ-VAE] epoch=385 loss=0.00028054 recon=0.00008562 beh=6.247319 w=0.000 lr=8.864e-04 time=0.153s
[RQ-VAE] epoch=386 loss=0.00028078 recon=0.00008546 beh=6.242520 w=0.000 lr=8.861e-04 time=0.153s
[RQ-VAE] epoch=387 loss=0.00028252 recon=0.00008536 beh=6.246737 w=0.000 lr=8.858e-04 time=0.153s
[RQ-VAE] epoch=388 loss=0.00028166 recon=0.00008550 beh=6.246744 w=0.000 lr=8.854e-04 time=0.152s
[RQ-VAE] epoch=389 loss=0.00027983 recon=0.00008553 beh=6.245154 w=0.000 lr=8.851e-04 time=0.152s
[RQ-VAE] epoch=390 loss=0.00028343 recon=0.00008548 beh=6.241746 w=0.000 lr=8.847e-04 time=0.152s
[RQ-VAE] epoch=391 loss=0.00028068 recon=0.00008531 beh=6.246118 w=0.000 lr=8.844e-04 time=0.153s
[RQ-VAE] epoch=392 loss=0.00027961 recon=0.00008537 beh=6.247738 w=0.000 lr=8.841e-04 time=0.152s
[RQ-VAE] epoch=393 loss=0.00028081 recon=0.00008542 beh=6.247225 w=0.000 lr=8.837e-04 time=0.152s
[RQ-VAE] epoch=394 loss=0.00028403 recon=0.00008523 beh=6.245722 w=0.000 lr=8.834e-04 time=0.153s
[RQ-VAE] epoch=395 loss=0.00028173 recon=0.00008525 beh=6.242168 w=0.000 lr=8.831e-04 time=0.152s
[RQ-VAE] epoch=396 loss=0.00028032 recon=0.00008523 beh=6.242826 w=0.000 lr=8.827e-04 time=0.244s
[RQ-VAE] epoch=397 loss=0.00028222 recon=0.00008509 beh=6.246367 w=0.000 lr=8.824e-04 time=0.153s
[RQ-VAE] epoch=398 loss=0.00028150 recon=0.00008500 beh=6.240914 w=0.000 lr=8.820e-04 time=0.151s
[RQ-VAE] epoch=399 loss=0.00028207 recon=0.00008500 beh=6.242850 w=0.000 lr=8.817e-04 time=0.155s
[RQ-VAE] epoch=400 loss=0.00028355 recon=0.00008498 lr=8.814e-04 raw_unique=20884/24587 collision=0.150608 time=0.152s
[RQ-VAE] epoch=401 loss=0.00028432 recon=0.00008492 beh=6.245242 w=0.000 lr=8.810e-04 time=0.153s
[RQ-VAE] epoch=402 loss=0.00028186 recon=0.00008502 beh=6.240480 w=0.000 lr=8.807e-04 time=0.152s
[RQ-VAE] epoch=403 loss=0.00028293 recon=0.00008488 beh=6.245809 w=0.000 lr=8.803e-04 time=0.152s
[RQ-VAE] epoch=404 loss=0.00028365 recon=0.00008479 beh=6.245350 w=0.000 lr=8.800e-04 time=0.152s
[RQ-VAE] epoch=405 loss=0.00028234 recon=0.00008508 beh=6.242804 w=0.000 lr=8.797e-04 time=0.152s
[RQ-VAE] epoch=406 loss=0.00028364 recon=0.00008480 beh=6.246727 w=0.000 lr=8.793e-04 time=0.152s
[RQ-VAE] epoch=407 loss=0.00028247 recon=0.00008473 beh=6.246565 w=0.000 lr=8.790e-04 time=0.156s
[RQ-VAE] epoch=408 loss=0.00028431 recon=0.00008479 beh=6.246439 w=0.000 lr=8.786e-04 time=0.151s
[RQ-VAE] epoch=409 loss=0.00028402 recon=0.00008472 beh=6.247436 w=0.000 lr=8.783e-04 time=0.153s
[RQ-VAE] epoch=410 loss=0.00028416 recon=0.00008483 beh=6.246304 w=0.000 lr=8.780e-04 time=0.152s
[RQ-VAE] epoch=411 loss=0.00028526 recon=0.00008466 beh=6.244809 w=0.000 lr=8.776e-04 time=0.152s
[RQ-VAE] epoch=412 loss=0.00028406 recon=0.00008455 beh=6.243083 w=0.000 lr=8.773e-04 time=0.152s
[RQ-VAE] epoch=413 loss=0.00028394 recon=0.00008455 beh=6.241844 w=0.000 lr=8.769e-04 time=0.152s
[RQ-VAE] epoch=414 loss=0.00028503 recon=0.00008447 beh=6.244161 w=0.000 lr=8.766e-04 time=0.152s
[RQ-VAE] epoch=415 loss=0.00028496 recon=0.00008444 beh=6.245591 w=0.000 lr=8.763e-04 time=0.153s
[RQ-VAE] epoch=416 loss=0.00028405 recon=0.00008438 beh=6.243645 w=0.000 lr=8.759e-04 time=0.152s
[RQ-VAE] epoch=417 loss=0.00028596 recon=0.00008441 beh=6.246806 w=0.000 lr=8.756e-04 time=0.152s
[RQ-VAE] epoch=418 loss=0.00028640 recon=0.00008438 beh=6.246308 w=0.000 lr=8.753e-04 time=0.152s
[RQ-VAE] epoch=419 loss=0.00028422 recon=0.00008434 beh=6.247669 w=0.000 lr=8.749e-04 time=0.153s
[RQ-VAE] epoch=420 loss=0.00028519 recon=0.00008448 beh=6.245204 w=0.000 lr=8.746e-04 time=0.152s
[RQ-VAE] epoch=421 loss=0.00028699 recon=0.00008445 beh=6.248570 w=0.000 lr=8.742e-04 time=0.153s
[RQ-VAE] epoch=422 loss=0.00028419 recon=0.00008441 beh=6.242627 w=0.000 lr=8.739e-04 time=0.151s
[RQ-VAE] epoch=423 loss=0.00028442 recon=0.00008415 beh=6.245090 w=0.000 lr=8.736e-04 time=0.151s
[RQ-VAE] epoch=424 loss=0.00028526 recon=0.00008414 beh=6.244599 w=0.000 lr=8.732e-04 time=0.152s
[RQ-VAE] epoch=425 loss=0.00028554 recon=0.00008406 beh=6.243829 w=0.000 lr=8.729e-04 time=0.151s
[RQ-VAE] epoch=426 loss=0.00028453 recon=0.00008392 beh=6.244519 w=0.000 lr=8.725e-04 time=0.152s
[RQ-VAE] epoch=427 loss=0.00028530 recon=0.00008409 beh=6.244518 w=0.000 lr=8.722e-04 time=0.152s
[RQ-VAE] epoch=428 loss=0.00028486 recon=0.00008384 beh=6.245402 w=0.000 lr=8.719e-04 time=0.152s
[RQ-VAE] epoch=429 loss=0.00028637 recon=0.00008390 beh=6.240629 w=0.000 lr=8.715e-04 time=0.152s
[RQ-VAE] epoch=430 loss=0.00028619 recon=0.00008387 beh=6.245595 w=0.000 lr=8.712e-04 time=0.152s
[RQ-VAE] epoch=431 loss=0.00028517 recon=0.00008381 beh=6.245967 w=0.000 lr=8.708e-04 time=0.153s
[RQ-VAE] epoch=432 loss=0.00028585 recon=0.00008378 beh=6.245446 w=0.000 lr=8.705e-04 time=0.152s
[RQ-VAE] epoch=433 loss=0.00028694 recon=0.00008398 beh=6.244513 w=0.000 lr=8.702e-04 time=0.152s
[RQ-VAE] epoch=434 loss=0.00028735 recon=0.00008403 beh=6.247447 w=0.000 lr=8.698e-04 time=0.152s
[RQ-VAE] epoch=435 loss=0.00028701 recon=0.00008382 beh=6.243968 w=0.000 lr=8.695e-04 time=0.152s
[RQ-VAE] epoch=436 loss=0.00028672 recon=0.00008368 beh=6.243894 w=0.000 lr=8.692e-04 time=0.152s
[RQ-VAE] epoch=437 loss=0.00028578 recon=0.00008362 beh=6.241031 w=0.000 lr=8.688e-04 time=0.153s
[RQ-VAE] epoch=438 loss=0.00028646 recon=0.00008361 beh=6.249250 w=0.000 lr=8.685e-04 time=0.153s
[RQ-VAE] epoch=439 loss=0.00028645 recon=0.00008392 beh=6.242430 w=0.000 lr=8.681e-04 time=0.152s
[RQ-VAE] epoch=440 loss=0.00028745 recon=0.00008355 beh=6.247524 w=0.000 lr=8.678e-04 time=0.153s
[RQ-VAE] epoch=441 loss=0.00028710 recon=0.00008347 beh=6.246856 w=0.000 lr=8.675e-04 time=0.152s
[RQ-VAE] epoch=442 loss=0.00028754 recon=0.00008362 beh=6.244675 w=0.000 lr=8.671e-04 time=0.153s
[RQ-VAE] epoch=443 loss=0.00028714 recon=0.00008363 beh=6.245728 w=0.000 lr=8.668e-04 time=0.152s
[RQ-VAE] epoch=444 loss=0.00028574 recon=0.00008374 beh=6.245289 w=0.000 lr=8.664e-04 time=0.153s
[RQ-VAE] epoch=445 loss=0.00028630 recon=0.00008358 beh=6.247042 w=0.000 lr=8.661e-04 time=0.152s
[RQ-VAE] epoch=446 loss=0.00028735 recon=0.00008355 beh=6.245388 w=0.000 lr=8.658e-04 time=0.152s
[RQ-VAE] epoch=447 loss=0.00028755 recon=0.00008357 beh=6.248030 w=0.000 lr=8.654e-04 time=0.152s
[RQ-VAE] epoch=448 loss=0.00028946 recon=0.00008380 beh=6.241902 w=0.000 lr=8.651e-04 time=0.152s
[RQ-VAE] epoch=449 loss=0.00028906 recon=0.00008353 beh=6.245862 w=0.000 lr=8.647e-04 time=0.153s
[RQ-VAE] epoch=450 loss=0.00028877 recon=0.00008337 lr=8.644e-04 raw_unique=20699/24587 collision=0.158132 time=0.152s
[RQ-VAE] epoch=451 loss=0.00028802 recon=0.00008337 beh=6.245494 w=0.000 lr=8.641e-04 time=0.153s
[RQ-VAE] epoch=452 loss=0.00028833 recon=0.00008326 beh=6.247212 w=0.000 lr=8.637e-04 time=0.27s
[RQ-VAE] epoch=453 loss=0.00029018 recon=0.00008325 beh=6.244759 w=0.000 lr=8.634e-04 time=0.152s
[RQ-VAE] epoch=454 loss=0.00028888 recon=0.00008331 beh=6.240990 w=0.000 lr=8.631e-04 time=0.153s
[RQ-VAE] epoch=455 loss=0.00028960 recon=0.00008320 beh=6.246291 w=0.000 lr=8.627e-04 time=0.153s
[RQ-VAE] epoch=456 loss=0.00028986 recon=0.00008318 beh=6.244992 w=0.000 lr=8.624e-04 time=0.152s
[RQ-VAE] epoch=457 loss=0.00028978 recon=0.00008317 beh=6.243525 w=0.000 lr=8.620e-04 time=0.152s
[RQ-VAE] epoch=458 loss=0.00029069 recon=0.00008307 beh=6.245661 w=0.000 lr=8.617e-04 time=0.152s
[RQ-VAE] epoch=459 loss=0.00028981 recon=0.00008306 beh=6.249188 w=0.000 lr=8.614e-04 time=0.153s
[RQ-VAE] epoch=460 loss=0.00029170 recon=0.00008314 beh=6.245764 w=0.000 lr=8.610e-04 time=0.153s
[RQ-VAE] epoch=461 loss=0.00028997 recon=0.00008307 beh=6.248874 w=0.000 lr=8.607e-04 time=0.153s
[RQ-VAE] epoch=462 loss=0.00028827 recon=0.00008314 beh=6.245615 w=0.000 lr=8.603e-04 time=0.152s
[RQ-VAE] epoch=463 loss=0.00029123 recon=0.00008302 beh=6.246994 w=0.000 lr=8.600e-04 time=0.152s
[RQ-VAE] epoch=464 loss=0.00029026 recon=0.00008301 beh=6.246679 w=0.000 lr=8.597e-04 time=0.152s
[RQ-VAE] epoch=465 loss=0.00029174 recon=0.00008304 beh=6.246455 w=0.000 lr=8.593e-04 time=0.152s
[RQ-VAE] epoch=466 loss=0.00029263 recon=0.00008291 beh=6.245624 w=0.000 lr=8.590e-04 time=0.152s
[RQ-VAE] epoch=467 loss=0.00029129 recon=0.00008280 beh=6.245015 w=0.000 lr=8.586e-04 time=0.152s
[RQ-VAE] epoch=468 loss=0.00029152 recon=0.00008293 beh=6.247053 w=0.000 lr=8.583e-04 time=0.153s
[RQ-VAE] epoch=469 loss=0.00029164 recon=0.00008292 beh=6.250118 w=0.000 lr=8.580e-04 time=0.152s
[RQ-VAE] epoch=470 loss=0.00029308 recon=0.00008281 beh=6.250587 w=0.000 lr=8.576e-04 time=0.152s
[RQ-VAE] epoch=471 loss=0.00029278 recon=0.00008287 beh=6.248518 w=0.000 lr=8.573e-04 time=0.153s
[RQ-VAE] epoch=472 loss=0.00029230 recon=0.00008281 beh=6.245730 w=0.000 lr=8.569e-04 time=0.152s
[RQ-VAE] epoch=473 loss=0.00029068 recon=0.00008283 beh=6.246801 w=0.000 lr=8.566e-04 time=0.152s
[RQ-VAE] epoch=474 loss=0.00029149 recon=0.00008276 beh=6.245196 w=0.000 lr=8.563e-04 time=0.152s
[RQ-VAE] epoch=475 loss=0.00029233 recon=0.00008258 beh=6.243735 w=0.000 lr=8.559e-04 time=0.152s
[RQ-VAE] epoch=476 loss=0.00029156 recon=0.00008269 beh=6.243397 w=0.000 lr=8.556e-04 time=0.153s
[RQ-VAE] epoch=477 loss=0.00029216 recon=0.00008272 beh=6.248778 w=0.000 lr=8.553e-04 time=0.153s
[RQ-VAE] epoch=478 loss=0.00029210 recon=0.00008245 beh=6.246668 w=0.000 lr=8.549e-04 time=0.152s
[RQ-VAE] epoch=479 loss=0.00029079 recon=0.00008240 beh=6.246121 w=0.000 lr=8.546e-04 time=0.152s
[RQ-VAE] epoch=480 loss=0.00029104 recon=0.00008254 beh=6.245222 w=0.000 lr=8.542e-04 time=0.153s
[RQ-VAE] epoch=481 loss=0.00029037 recon=0.00008241 beh=6.245700 w=0.000 lr=8.539e-04 time=0.248s
[RQ-VAE] epoch=482 loss=0.00029110 recon=0.00008238 beh=6.246377 w=0.000 lr=8.536e-04 time=0.153s
[RQ-VAE] epoch=483 loss=0.00029134 recon=0.00008246 beh=6.245308 w=0.000 lr=8.532e-04 time=0.153s
[RQ-VAE] epoch=484 loss=0.00029056 recon=0.00008239 beh=6.240841 w=0.000 lr=8.529e-04 time=0.152s
[RQ-VAE] epoch=485 loss=0.00029229 recon=0.00008239 beh=6.245196 w=0.000 lr=8.525e-04 time=0.152s
[RQ-VAE] epoch=486 loss=0.00029073 recon=0.00008226 beh=6.246633 w=0.000 lr=8.522e-04 time=0.152s
[RQ-VAE] epoch=487 loss=0.00029198 recon=0.00008235 beh=6.245081 w=0.000 lr=8.519e-04 time=0.152s
[RQ-VAE] epoch=488 loss=0.00029252 recon=0.00008227 beh=6.246797 w=0.000 lr=8.515e-04 time=0.153s
[RQ-VAE] epoch=489 loss=0.00029387 recon=0.00008229 beh=6.246810 w=0.000 lr=8.512e-04 time=0.153s
[RQ-VAE] epoch=490 loss=0.00029276 recon=0.00008221 beh=6.245823 w=0.000 lr=8.508e-04 time=0.154s
[RQ-VAE] epoch=491 loss=0.00029336 recon=0.00008225 beh=6.249558 w=0.000 lr=8.505e-04 time=0.153s
[RQ-VAE] epoch=492 loss=0.00029496 recon=0.00008226 beh=6.251353 w=0.000 lr=8.502e-04 time=0.154s
[RQ-VAE] epoch=493 loss=0.00029434 recon=0.00008228 beh=6.246838 w=0.000 lr=8.498e-04 time=0.153s
[RQ-VAE] epoch=494 loss=0.00029523 recon=0.00008208 beh=6.247279 w=0.000 lr=8.495e-04 time=0.155s
[RQ-VAE] epoch=495 loss=0.00029185 recon=0.00008235 beh=6.247904 w=0.000 lr=8.492e-04 time=0.153s
[RQ-VAE] epoch=496 loss=0.00029334 recon=0.00008208 beh=6.243608 w=0.000 lr=8.488e-04 time=0.153s
[RQ-VAE] epoch=497 loss=0.00029322 recon=0.00008201 beh=6.249303 w=0.000 lr=8.485e-04 time=0.152s
[RQ-VAE] epoch=498 loss=0.00029526 recon=0.00008199 beh=6.246770 w=0.000 lr=8.481e-04 time=0.151s
[RQ-VAE] epoch=499 loss=0.00029547 recon=0.00008216 beh=6.246924 w=0.000 lr=8.478e-04 time=0.154s
[RQ-VAE] epoch=500 loss=0.00029438 recon=0.00008214 lr=8.475e-04 raw_unique=20544/24587 collision=0.164436 time=0.153s
[RQ-VAE] epoch=501 loss=0.00029484 recon=0.00008207 beh=6.244624 w=0.000 lr=8.471e-04 time=0.247s
[RQ-VAE] epoch=502 loss=0.00029476 recon=0.00008208 beh=6.245424 w=0.000 lr=8.468e-04 time=0.152s
[RQ-VAE] epoch=503 loss=0.00029615 recon=0.00008199 beh=6.244855 w=0.000 lr=8.464e-04 time=0.152s
[RQ-VAE] epoch=504 loss=0.00029663 recon=0.00008219 beh=6.245956 w=0.000 lr=8.461e-04 time=0.152s
[RQ-VAE] epoch=505 loss=0.00029689 recon=0.00008212 beh=6.249477 w=0.000 lr=8.458e-04 time=0.152s
[RQ-VAE] epoch=506 loss=0.00029708 recon=0.00008206 beh=6.246325 w=0.000 lr=8.454e-04 time=0.153s
[RQ-VAE] epoch=507 loss=0.00029689 recon=0.00008185 beh=6.249152 w=0.000 lr=8.451e-04 time=0.153s
[RQ-VAE] epoch=508 loss=0.00029690 recon=0.00008194 beh=6.247158 w=0.000 lr=8.447e-04 time=0.152s
[RQ-VAE] epoch=509 loss=0.00029697 recon=0.00008216 beh=6.243817 w=0.000 lr=8.444e-04 time=0.152s
[RQ-VAE] epoch=510 loss=0.00029669 recon=0.00008187 beh=6.246316 w=0.000 lr=8.441e-04 time=0.152s
[RQ-VAE] epoch=511 loss=0.00029633 recon=0.00008195 beh=6.241719 w=0.000 lr=8.437e-04 time=0.153s
[RQ-VAE] epoch=512 loss=0.00029644 recon=0.00008201 beh=6.247838 w=0.000 lr=8.434e-04 time=0.152s
[RQ-VAE] epoch=513 loss=0.00029802 recon=0.00008196 beh=6.246079 w=0.000 lr=8.431e-04 time=0.153s
[RQ-VAE] epoch=514 loss=0.00029604 recon=0.00008168 beh=6.243674 w=0.000 lr=8.427e-04 time=0.153s
[RQ-VAE] epoch=515 loss=0.00029545 recon=0.00008157 beh=6.243252 w=0.000 lr=8.424e-04 time=0.152s
[RQ-VAE] epoch=516 loss=0.00029708 recon=0.00008166 beh=6.249606 w=0.000 lr=8.420e-04 time=0.247s
[RQ-VAE] epoch=517 loss=0.00029710 recon=0.00008156 beh=6.243441 w=0.000 lr=8.417e-04 time=0.151s
[RQ-VAE] epoch=518 loss=0.00029609 recon=0.00008158 beh=6.245913 w=0.000 lr=8.414e-04 time=0.151s
[RQ-VAE] epoch=519 loss=0.00029737 recon=0.00008185 beh=6.243045 w=0.000 lr=8.410e-04 time=0.151s
[RQ-VAE] epoch=520 loss=0.00029517 recon=0.00008152 beh=6.244233 w=0.000 lr=8.407e-04 time=0.152s
[RQ-VAE] epoch=521 loss=0.00029746 recon=0.00008149 beh=6.246198 w=0.000 lr=8.403e-04 time=0.152s
[RQ-VAE] epoch=522 loss=0.00029671 recon=0.00008160 beh=6.240988 w=0.000 lr=8.400e-04 time=0.151s
[RQ-VAE] epoch=523 loss=0.00029601 recon=0.00008143 beh=6.243924 w=0.000 lr=8.397e-04 time=0.151s
[RQ-VAE] epoch=524 loss=0.00029573 recon=0.00008159 beh=6.246635 w=0.000 lr=8.393e-04 time=0.152s
[RQ-VAE] epoch=525 loss=0.00029643 recon=0.00008146 beh=6.239565 w=0.000 lr=8.390e-04 time=0.152s
[RQ-VAE] epoch=526 loss=0.00029701 recon=0.00008143 beh=6.247787 w=0.000 lr=8.386e-04 time=0.151s
[RQ-VAE] epoch=527 loss=0.00029842 recon=0.00008147 beh=6.246673 w=0.000 lr=8.383e-04 time=0.152s
[RQ-VAE] epoch=528 loss=0.00029689 recon=0.00008144 beh=6.250077 w=0.000 lr=8.380e-04 time=0.151s
[RQ-VAE] epoch=529 loss=0.00029647 recon=0.00008143 beh=6.246964 w=0.000 lr=8.376e-04 time=0.152s
[RQ-VAE] epoch=530 loss=0.00029706 recon=0.00008150 beh=6.240677 w=0.000 lr=8.373e-04 time=0.152s
[RQ-VAE] epoch=531 loss=0.00029711 recon=0.00008148 beh=6.247557 w=0.000 lr=8.369e-04 time=0.151s
[RQ-VAE] epoch=532 loss=0.00029833 recon=0.00008137 beh=6.246471 w=0.000 lr=8.366e-04 time=0.152s
[RQ-VAE] epoch=533 loss=0.00029852 recon=0.00008149 beh=6.252352 w=0.000 lr=8.363e-04 time=0.151s
[RQ-VAE] epoch=534 loss=0.00029937 recon=0.00008143 beh=6.242590 w=0.000 lr=8.359e-04 time=0.151s
[RQ-VAE] epoch=535 loss=0.00029921 recon=0.00008127 beh=6.248605 w=0.000 lr=8.356e-04 time=0.151s
[RQ-VAE] epoch=536 loss=0.00029723 recon=0.00008116 beh=6.243847 w=0.000 lr=8.353e-04 time=0.151s
[RQ-VAE] epoch=537 loss=0.00029994 recon=0.00008134 beh=6.248111 w=0.000 lr=8.349e-04 time=0.152s
[RQ-VAE] epoch=538 loss=0.00029964 recon=0.00008136 beh=6.250864 w=0.000 lr=8.346e-04 time=0.151s
[RQ-VAE] epoch=539 loss=0.00029937 recon=0.00008141 beh=6.247776 w=0.000 lr=8.342e-04 time=0.151s
[RQ-VAE] epoch=540 loss=0.00029978 recon=0.00008131 beh=6.243607 w=0.000 lr=8.339e-04 time=0.151s
[RQ-VAE] epoch=541 loss=0.00029989 recon=0.00008125 beh=6.249291 w=0.000 lr=8.336e-04 time=0.151s
[RQ-VAE] epoch=542 loss=0.00029973 recon=0.00008121 beh=6.248801 w=0.000 lr=8.332e-04 time=0.152s
[RQ-VAE] epoch=543 loss=0.00029891 recon=0.00008122 beh=6.244988 w=0.000 lr=8.329e-04 time=0.151s
[RQ-VAE] epoch=544 loss=0.00030010 recon=0.00008108 beh=6.246360 w=0.000 lr=8.325e-04 time=0.151s
[RQ-VAE] epoch=545 loss=0.00029913 recon=0.00008120 beh=6.248640 w=0.000 lr=8.322e-04 time=0.151s
[RQ-VAE] epoch=546 loss=0.00029824 recon=0.00008109 beh=6.248233 w=0.000 lr=8.319e-04 time=0.152s
[RQ-VAE] epoch=547 loss=0.00029748 recon=0.00008097 beh=6.244664 w=0.000 lr=8.315e-04 time=0.152s
[RQ-VAE] epoch=548 loss=0.00029933 recon=0.00008115 beh=6.243458 w=0.000 lr=8.312e-04 time=0.151s
[RQ-VAE] epoch=549 loss=0.00030095 recon=0.00008108 beh=6.243204 w=0.000 lr=8.308e-04 time=0.151s
[RQ-VAE] epoch=550 loss=0.00029915 recon=0.00008091 lr=8.305e-04 raw_unique=20632/24587 collision=0.160857 time=0.151s
[RQ-VAE] epoch=551 loss=0.00029888 recon=0.00008107 beh=6.249066 w=0.000 lr=8.302e-04 time=0.152s
[RQ-VAE] epoch=552 loss=0.00029893 recon=0.00008093 beh=6.249475 w=0.000 lr=8.298e-04 time=0.152s
[RQ-VAE] epoch=553 loss=0.00029946 recon=0.00008090 beh=6.246343 w=0.000 lr=8.295e-04 time=0.151s
[RQ-VAE] epoch=554 loss=0.00029980 recon=0.00008091 beh=6.246935 w=0.000 lr=8.292e-04 time=0.151s
[RQ-VAE] epoch=555 loss=0.00030008 recon=0.00008089 beh=6.247531 w=0.000 lr=8.288e-04 time=0.151s
[RQ-VAE] epoch=556 loss=0.00030075 recon=0.00008099 beh=6.250228 w=0.000 lr=8.285e-04 time=0.152s
[RQ-VAE] epoch=557 loss=0.00030005 recon=0.00008079 beh=6.247411 w=0.000 lr=8.281e-04 time=0.151s
[RQ-VAE] epoch=558 loss=0.00030058 recon=0.00008077 beh=6.244968 w=0.000 lr=8.278e-04 time=0.151s
[RQ-VAE] epoch=559 loss=0.00030034 recon=0.00008076 beh=6.247564 w=0.000 lr=8.275e-04 time=0.151s
[RQ-VAE] epoch=560 loss=0.00029952 recon=0.00008075 beh=6.248592 w=0.000 lr=8.271e-04 time=0.152s
[RQ-VAE] epoch=561 loss=0.00030078 recon=0.00008093 beh=6.245599 w=0.000 lr=8.268e-04 time=0.151s
[RQ-VAE] epoch=562 loss=0.00030144 recon=0.00008083 beh=6.248287 w=0.000 lr=8.264e-04 time=0.151s
[RQ-VAE] epoch=563 loss=0.00030330 recon=0.00008074 beh=6.245365 w=0.000 lr=8.261e-04 time=0.152s
[RQ-VAE] epoch=564 loss=0.00030083 recon=0.00008062 beh=6.247612 w=0.000 lr=8.258e-04 time=0.152s
[RQ-VAE] epoch=565 loss=0.00030028 recon=0.00008063 beh=6.252162 w=0.000 lr=8.254e-04 time=0.151s
[RQ-VAE] epoch=566 loss=0.00029991 recon=0.00008057 beh=6.243268 w=0.000 lr=8.251e-04 time=0.151s
[RQ-VAE] epoch=567 loss=0.00030033 recon=0.00008046 beh=6.245276 w=0.000 lr=8.247e-04 time=0.152s
[RQ-VAE] epoch=568 loss=0.00030270 recon=0.00008056 beh=6.248909 w=0.000 lr=8.244e-04 time=0.151s
[RQ-VAE] epoch=569 loss=0.00030051 recon=0.00008056 beh=6.247481 w=0.000 lr=8.241e-04 time=0.152s
[RQ-VAE] epoch=570 loss=0.00030131 recon=0.00008045 beh=6.247411 w=0.000 lr=8.237e-04 time=0.152s
[RQ-VAE] epoch=571 loss=0.00030118 recon=0.00008050 beh=6.246883 w=0.000 lr=8.234e-04 time=0.152s
[RQ-VAE] epoch=572 loss=0.00030063 recon=0.00008048 beh=6.250167 w=0.000 lr=8.231e-04 time=0.246s
[RQ-VAE] epoch=573 loss=0.00030185 recon=0.00008054 beh=6.245329 w=0.000 lr=8.227e-04 time=0.151s
[RQ-VAE] epoch=574 loss=0.00030045 recon=0.00008039 beh=6.245280 w=0.000 lr=8.224e-04 time=0.152s
[RQ-VAE] epoch=575 loss=0.00030059 recon=0.00008042 beh=6.243502 w=0.000 lr=8.220e-04 time=0.153s
[RQ-VAE] epoch=576 loss=0.00030069 recon=0.00008037 beh=6.246785 w=0.000 lr=8.217e-04 time=0.152s
[RQ-VAE] epoch=577 loss=0.00030168 recon=0.00008037 beh=6.247519 w=0.000 lr=8.214e-04 time=0.151s
[RQ-VAE] epoch=578 loss=0.00030177 recon=0.00008038 beh=6.246472 w=0.000 lr=8.210e-04 time=0.151s
[RQ-VAE] epoch=579 loss=0.00030214 recon=0.00008036 beh=6.243516 w=0.000 lr=8.207e-04 time=0.152s
[RQ-VAE] epoch=580 loss=0.00030253 recon=0.00008046 beh=6.245198 w=0.000 lr=8.203e-04 time=0.151s
[RQ-VAE] epoch=581 loss=0.00030189 recon=0.00008027 beh=6.247386 w=0.000 lr=8.200e-04 time=0.152s
[RQ-VAE] epoch=582 loss=0.00030264 recon=0.00008040 beh=6.248691 w=0.000 lr=8.197e-04 time=0.152s
[RQ-VAE] epoch=583 loss=0.00030240 recon=0.00008037 beh=6.243258 w=0.000 lr=8.193e-04 time=0.152s
[RQ-VAE] epoch=584 loss=0.00029928 recon=0.00008031 beh=6.245969 w=0.000 lr=8.190e-04 time=0.152s
[RQ-VAE] epoch=585 loss=0.00030104 recon=0.00008016 beh=6.245550 w=0.000 lr=8.186e-04 time=0.152s
[RQ-VAE] epoch=586 loss=0.00030115 recon=0.00008017 beh=6.246834 w=0.000 lr=8.183e-04 time=0.152s
[RQ-VAE] epoch=587 loss=0.00030185 recon=0.00008023 beh=6.244958 w=0.000 lr=8.180e-04 time=0.151s
[RQ-VAE] epoch=588 loss=0.00030102 recon=0.00008002 beh=6.243635 w=0.000 lr=8.176e-04 time=0.151s
[RQ-VAE] epoch=589 loss=0.00030033 recon=0.00008018 beh=6.246459 w=0.000 lr=8.173e-04 time=0.152s
[RQ-VAE] epoch=590 loss=0.00030062 recon=0.00008016 beh=6.243171 w=0.000 lr=8.169e-04 time=0.152s
[RQ-VAE] epoch=591 loss=0.00030260 recon=0.00008021 beh=6.244712 w=0.000 lr=8.166e-04 time=0.152s
[RQ-VAE] epoch=592 loss=0.00030191 recon=0.00008015 beh=6.247774 w=0.000 lr=8.163e-04 time=0.152s
[RQ-VAE] epoch=593 loss=0.00030278 recon=0.00008005 beh=6.248570 w=0.000 lr=8.159e-04 time=0.151s
[RQ-VAE] epoch=594 loss=0.00030170 recon=0.00008001 beh=6.245578 w=0.000 lr=8.156e-04 time=0.152s
[RQ-VAE] epoch=595 loss=0.00030176 recon=0.00008004 beh=6.246093 w=0.000 lr=8.153e-04 time=0.153s
[RQ-VAE] epoch=596 loss=0.00030119 recon=0.00008009 beh=6.247139 w=0.000 lr=8.149e-04 time=0.152s
[RQ-VAE] epoch=597 loss=0.00030111 recon=0.00007998 beh=6.248244 w=0.000 lr=8.146e-04 time=0.152s
[RQ-VAE] epoch=598 loss=0.00030171 recon=0.00007980 beh=6.244674 w=0.000 lr=8.142e-04 time=0.151s
[RQ-VAE] epoch=599 loss=0.00030217 recon=0.00008006 beh=6.246513 w=0.000 lr=8.139e-04 time=0.152s
[RQ-VAE] epoch=600 loss=0.00030219 recon=0.00007995 lr=8.136e-04 raw_unique=20541/24587 collision=0.164559 time=0.152s
[RQ-VAE] epoch=601 loss=0.00030208 recon=0.00007991 beh=6.243492 w=0.000 lr=8.132e-04 time=0.248s
[RQ-VAE] epoch=602 loss=0.00030224 recon=0.00008001 beh=6.242169 w=0.000 lr=8.129e-04 time=0.152s
[RQ-VAE] epoch=603 loss=0.00030279 recon=0.00007985 beh=6.248842 w=0.000 lr=8.125e-04 time=0.152s
[RQ-VAE] epoch=604 loss=0.00030372 recon=0.00007982 beh=6.247938 w=0.000 lr=8.122e-04 time=0.151s
[RQ-VAE] epoch=605 loss=0.00030238 recon=0.00007980 beh=6.243993 w=0.000 lr=8.119e-04 time=0.152s
[RQ-VAE] epoch=606 loss=0.00030173 recon=0.00007964 beh=6.247465 w=0.000 lr=8.115e-04 time=0.152s
[RQ-VAE] epoch=607 loss=0.00030173 recon=0.00007963 beh=6.246945 w=0.000 lr=8.112e-04 time=0.152s
[RQ-VAE] epoch=608 loss=0.00030398 recon=0.00007979 beh=6.244400 w=0.000 lr=8.108e-04 time=0.151s
[RQ-VAE] epoch=609 loss=0.00030402 recon=0.00007987 beh=6.245105 w=0.000 lr=8.105e-04 time=0.152s
[RQ-VAE] epoch=610 loss=0.00030372 recon=0.00007977 beh=6.246795 w=0.000 lr=8.102e-04 time=0.153s
[RQ-VAE] epoch=611 loss=0.00030499 recon=0.00007984 beh=6.248135 w=0.000 lr=8.098e-04 time=0.151s
[RQ-VAE] epoch=612 loss=0.00030516 recon=0.00007973 beh=6.248038 w=0.000 lr=8.095e-04 time=0.152s
[RQ-VAE] epoch=613 loss=0.00030491 recon=0.00007972 beh=6.246328 w=0.000 lr=8.092e-04 time=0.152s
[RQ-VAE] epoch=614 loss=0.00030412 recon=0.00007970 beh=6.245471 w=0.000 lr=8.088e-04 time=0.151s
[RQ-VAE] epoch=615 loss=0.00030394 recon=0.00007978 beh=6.245883 w=0.000 lr=8.085e-04 time=0.153s
[RQ-VAE] epoch=616 loss=0.00030347 recon=0.00007966 beh=6.244768 w=0.000 lr=8.081e-04 time=0.151s
[RQ-VAE] epoch=617 loss=0.00030288 recon=0.00007965 beh=6.244493 w=0.000 lr=8.078e-04 time=0.152s
[RQ-VAE] epoch=618 loss=0.00030384 recon=0.00007972 beh=6.243911 w=0.000 lr=8.075e-04 time=0.152s
[RQ-VAE] epoch=619 loss=0.00030427 recon=0.00007963 beh=6.249382 w=0.000 lr=8.071e-04 time=0.152s
[RQ-VAE] epoch=620 loss=0.00030455 recon=0.00007950 beh=6.245382 w=0.000 lr=8.068e-04 time=0.152s
[RQ-VAE] epoch=621 loss=0.00030442 recon=0.00007958 beh=6.247525 w=0.000 lr=8.064e-04 time=0.248s
[RQ-VAE] epoch=622 loss=0.00030469 recon=0.00007956 beh=6.247457 w=0.000 lr=8.061e-04 time=0.153s
[RQ-VAE] epoch=623 loss=0.00030321 recon=0.00007960 beh=6.247414 w=0.000 lr=8.058e-04 time=0.152s
[RQ-VAE] epoch=624 loss=0.00030450 recon=0.00007961 beh=6.247000 w=0.000 lr=8.054e-04 time=0.154s
[RQ-VAE] epoch=625 loss=0.00030348 recon=0.00007962 beh=6.243616 w=0.000 lr=8.051e-04 time=0.156s
[RQ-VAE] epoch=626 loss=0.00030535 recon=0.00007978 beh=6.249485 w=0.000 lr=8.047e-04 time=0.152s
[RQ-VAE] epoch=627 loss=0.00030527 recon=0.00007983 beh=6.245383 w=0.000 lr=8.044e-04 time=0.152s
[RQ-VAE] epoch=628 loss=0.00030425 recon=0.00007969 beh=6.245915 w=0.000 lr=8.041e-04 time=0.151s
[RQ-VAE] epoch=629 loss=0.00030460 recon=0.00007953 beh=6.249279 w=0.000 lr=8.037e-04 time=0.151s
[RQ-VAE] epoch=630 loss=0.00030430 recon=0.00007948 beh=6.249508 w=0.000 lr=8.034e-04 time=0.152s
[RQ-VAE] epoch=631 loss=0.00030710 recon=0.00007948 beh=6.248394 w=0.000 lr=8.031e-04 time=0.158s
[RQ-VAE] epoch=632 loss=0.00030637 recon=0.00007948 beh=6.245677 w=0.000 lr=8.027e-04 time=0.156s
[RQ-VAE] epoch=633 loss=0.00030416 recon=0.00007933 beh=6.246541 w=0.000 lr=8.024e-04 time=0.152s
[RQ-VAE] epoch=634 loss=0.00030607 recon=0.00007942 beh=6.244689 w=0.000 lr=8.020e-04 time=0.152s
[RQ-VAE] epoch=635 loss=0.00030641 recon=0.00007956 beh=6.246256 w=0.000 lr=8.017e-04 time=0.155s
[RQ-VAE] epoch=636 loss=0.00030482 recon=0.00007941 beh=6.248331 w=0.000 lr=8.014e-04 time=0.25s
[RQ-VAE] epoch=637 loss=0.00030477 recon=0.00007931 beh=6.247671 w=0.000 lr=8.010e-04 time=0.151s
[RQ-VAE] epoch=638 loss=0.00030662 recon=0.00007917 beh=6.245397 w=0.000 lr=8.007e-04 time=0.152s
[RQ-VAE] epoch=639 loss=0.00030493 recon=0.00007925 beh=6.247851 w=0.000 lr=8.003e-04 time=0.152s
[RQ-VAE] epoch=640 loss=0.00030524 recon=0.00007925 beh=6.245968 w=0.000 lr=8.000e-04 time=0.153s
[RQ-VAE] epoch=641 loss=0.00030672 recon=0.00007916 beh=6.248329 w=0.000 lr=7.997e-04 time=0.159s
[RQ-VAE] epoch=642 loss=0.00030501 recon=0.00007919 beh=6.247916 w=0.000 lr=7.993e-04 time=0.157s
[RQ-VAE] epoch=643 loss=0.00030576 recon=0.00007926 beh=6.247165 w=0.000 lr=7.990e-04 time=0.153s
[RQ-VAE] epoch=644 loss=0.00030675 recon=0.00007913 beh=6.247362 w=0.000 lr=7.986e-04 time=0.153s
[RQ-VAE] epoch=645 loss=0.00030585 recon=0.00007903 beh=6.244688 w=0.000 lr=7.983e-04 time=0.153s
[RQ-VAE] epoch=646 loss=0.00030429 recon=0.00007912 beh=6.247533 w=0.000 lr=7.980e-04 time=0.153s
[RQ-VAE] epoch=647 loss=0.00030400 recon=0.00007916 beh=6.245043 w=0.000 lr=7.976e-04 time=0.153s
[RQ-VAE] epoch=648 loss=0.00030451 recon=0.00007910 beh=6.245902 w=0.000 lr=7.973e-04 time=0.153s
[RQ-VAE] epoch=649 loss=0.00030502 recon=0.00007911 beh=6.247301 w=0.000 lr=7.969e-04 time=0.16s
[RQ-VAE] epoch=650 loss=0.00030482 recon=0.00007908 lr=7.966e-04 raw_unique=20429/24587 collision=0.169114 time=0.153s
[RQ-VAE] epoch=651 loss=0.00030358 recon=0.00007902 beh=6.244197 w=0.000 lr=7.963e-04 time=0.152s
[RQ-VAE] epoch=652 loss=0.00030528 recon=0.00007909 beh=6.238982 w=0.000 lr=7.959e-04 time=0.153s
[RQ-VAE] epoch=653 loss=0.00030479 recon=0.00007910 beh=6.249509 w=0.000 lr=7.956e-04 time=0.152s
[RQ-VAE] epoch=654 loss=0.00030482 recon=0.00007897 beh=6.248941 w=0.000 lr=7.953e-04 time=0.152s
[RQ-VAE] epoch=655 loss=0.00030538 recon=0.00007886 beh=6.248827 w=0.000 lr=7.949e-04 time=0.152s
[RQ-VAE] epoch=656 loss=0.00030260 recon=0.00007877 beh=6.247909 w=0.000 lr=7.946e-04 time=0.151s
[RQ-VAE] epoch=657 loss=0.00030385 recon=0.00007867 beh=6.249906 w=0.000 lr=7.942e-04 time=0.152s
[RQ-VAE] epoch=658 loss=0.00030324 recon=0.00007876 beh=6.241905 w=0.000 lr=7.939e-04 time=0.152s
[RQ-VAE] epoch=659 loss=0.00030423 recon=0.00007875 beh=6.243944 w=0.000 lr=7.936e-04 time=0.152s
[RQ-VAE] epoch=660 loss=0.00030525 recon=0.00007894 beh=6.247834 w=0.000 lr=7.932e-04 time=0.151s
[RQ-VAE] epoch=661 loss=0.00030616 recon=0.00007898 beh=6.247049 w=0.000 lr=7.929e-04 time=0.152s
[RQ-VAE] epoch=662 loss=0.00030575 recon=0.00007900 beh=6.243675 w=0.000 lr=7.925e-04 time=0.153s
[RQ-VAE] epoch=663 loss=0.00030666 recon=0.00007909 beh=6.242406 w=0.000 lr=7.922e-04 time=0.152s
[RQ-VAE] epoch=664 loss=0.00030672 recon=0.00007881 beh=6.246989 w=0.000 lr=7.919e-04 time=0.152s
[RQ-VAE] epoch=665 loss=0.00030427 recon=0.00007882 beh=6.244899 w=0.000 lr=7.915e-04 time=0.153s
[RQ-VAE] epoch=666 loss=0.00030373 recon=0.00007894 beh=6.244973 w=0.000 lr=7.912e-04 time=0.153s
[RQ-VAE] epoch=667 loss=0.00030646 recon=0.00007892 beh=6.246887 w=0.000 lr=7.908e-04 time=0.152s
[RQ-VAE] epoch=668 loss=0.00030745 recon=0.00007876 beh=6.248987 w=0.000 lr=7.905e-04 time=0.155s
[RQ-VAE] epoch=669 loss=0.00030611 recon=0.00007882 beh=6.246380 w=0.000 lr=7.902e-04 time=0.154s
[RQ-VAE] epoch=670 loss=0.00030614 recon=0.00007884 beh=6.249184 w=0.000 lr=7.898e-04 time=0.152s
[RQ-VAE] epoch=671 loss=0.00030583 recon=0.00007876 beh=6.247092 w=0.000 lr=7.895e-04 time=0.152s
[RQ-VAE] epoch=672 loss=0.00030681 recon=0.00007862 beh=6.249938 w=0.000 lr=7.892e-04 time=0.153s
[RQ-VAE] epoch=673 loss=0.00030543 recon=0.00007868 beh=6.247375 w=0.000 lr=7.888e-04 time=0.153s
[RQ-VAE] epoch=674 loss=0.00030680 recon=0.00007897 beh=6.246294 w=0.000 lr=7.885e-04 time=0.153s
[RQ-VAE] epoch=675 loss=0.00030750 recon=0.00007865 beh=6.249743 w=0.000 lr=7.881e-04 time=0.153s
[RQ-VAE] epoch=676 loss=0.00030750 recon=0.00007856 beh=6.248751 w=0.000 lr=7.878e-04 time=0.152s
[RQ-VAE] epoch=677 loss=0.00030544 recon=0.00007858 beh=6.248292 w=0.000 lr=7.875e-04 time=0.152s
[RQ-VAE] epoch=678 loss=0.00030691 recon=0.00007869 beh=6.246556 w=0.000 lr=7.871e-04 time=0.153s
[RQ-VAE] epoch=679 loss=0.00030610 recon=0.00007859 beh=6.247149 w=0.000 lr=7.868e-04 time=0.152s
[RQ-VAE] epoch=680 loss=0.00030647 recon=0.00007852 beh=6.243306 w=0.000 lr=7.864e-04 time=0.152s
[RQ-VAE] epoch=681 loss=0.00030610 recon=0.00007858 beh=6.245195 w=0.000 lr=7.861e-04 time=0.159s
[RQ-VAE] epoch=682 loss=0.00030757 recon=0.00007848 beh=6.245862 w=0.000 lr=7.858e-04 time=0.152s
[RQ-VAE] epoch=683 loss=0.00030887 recon=0.00007865 beh=6.246707 w=0.000 lr=7.854e-04 time=0.155s
[RQ-VAE] epoch=684 loss=0.00030748 recon=0.00007865 beh=6.250643 w=0.000 lr=7.851e-04 time=0.159s
[RQ-VAE] epoch=685 loss=0.00030710 recon=0.00007859 beh=6.246696 w=0.000 lr=7.847e-04 time=0.154s
[RQ-VAE] epoch=686 loss=0.00030813 recon=0.00007856 beh=6.244459 w=0.000 lr=7.844e-04 time=0.156s
[RQ-VAE] epoch=687 loss=0.00030690 recon=0.00007843 beh=6.247659 w=0.000 lr=7.841e-04 time=0.152s
[RQ-VAE] epoch=688 loss=0.00030551 recon=0.00007844 beh=6.249657 w=0.000 lr=7.837e-04 time=0.152s
[RQ-VAE] epoch=689 loss=0.00030674 recon=0.00007860 beh=6.248186 w=0.000 lr=7.834e-04 time=0.153s
[RQ-VAE] epoch=690 loss=0.00030685 recon=0.00007842 beh=6.248351 w=0.000 lr=7.831e-04 time=0.152s
[RQ-VAE] epoch=691 loss=0.00030878 recon=0.00007843 beh=6.248663 w=0.000 lr=7.827e-04 time=0.153s
[RQ-VAE] epoch=692 loss=0.00030756 recon=0.00007842 beh=6.250266 w=0.000 lr=7.824e-04 time=0.253s
[RQ-VAE] epoch=693 loss=0.00030927 recon=0.00007840 beh=6.246968 w=0.000 lr=7.820e-04 time=0.152s
[RQ-VAE] epoch=694 loss=0.00030912 recon=0.00007834 beh=6.246045 w=0.000 lr=7.817e-04 time=0.152s
[RQ-VAE] epoch=695 loss=0.00030895 recon=0.00007834 beh=6.251318 w=0.000 lr=7.814e-04 time=0.152s
[RQ-VAE] epoch=696 loss=0.00030927 recon=0.00007849 beh=6.249470 w=0.000 lr=7.810e-04 time=0.151s
[RQ-VAE] epoch=697 loss=0.00030952 recon=0.00007834 beh=6.250148 w=0.000 lr=7.807e-04 time=0.152s
[RQ-VAE] epoch=698 loss=0.00030794 recon=0.00007827 beh=6.246648 w=0.000 lr=7.803e-04 time=0.154s
[RQ-VAE] epoch=699 loss=0.00030771 recon=0.00007838 beh=6.248942 w=0.000 lr=7.800e-04 time=0.158s
[RQ-VAE] epoch=700 loss=0.00030851 recon=0.00007825 lr=7.797e-04 raw_unique=20525/24587 collision=0.165209 time=0.152s
[RQ-VAE] epoch=701 loss=0.00030854 recon=0.00007828 beh=6.248068 w=0.000 lr=7.793e-04 time=0.153s
[RQ-VAE] epoch=702 loss=0.00030666 recon=0.00007820 beh=6.247926 w=0.000 lr=7.790e-04 time=0.152s
[RQ-VAE] epoch=703 loss=0.00030696 recon=0.00007820 beh=6.248109 w=0.000 lr=7.786e-04 time=0.153s
[RQ-VAE] epoch=704 loss=0.00030900 recon=0.00007839 beh=6.249416 w=0.000 lr=7.783e-04 time=0.152s
[RQ-VAE] epoch=705 loss=0.00030738 recon=0.00007825 beh=6.248156 w=0.000 lr=7.780e-04 time=0.152s
[RQ-VAE] epoch=706 loss=0.00030703 recon=0.00007807 beh=6.250865 w=0.000 lr=7.776e-04 time=0.152s
[RQ-VAE] epoch=707 loss=0.00030667 recon=0.00007817 beh=6.244280 w=0.000 lr=7.773e-04 time=0.153s
[RQ-VAE] epoch=708 loss=0.00030726 recon=0.00007811 beh=6.249701 w=0.000 lr=7.769e-04 time=0.152s
[RQ-VAE] epoch=709 loss=0.00030544 recon=0.00007807 beh=6.249277 w=0.000 lr=7.766e-04 time=0.152s
[RQ-VAE] epoch=710 loss=0.00030711 recon=0.00007817 beh=6.245113 w=0.000 lr=7.763e-04 time=0.153s
[RQ-VAE] epoch=711 loss=0.00030872 recon=0.00007813 beh=6.244602 w=0.000 lr=7.759e-04 time=0.154s
[RQ-VAE] epoch=712 loss=0.00030962 recon=0.00007807 beh=6.247977 w=0.000 lr=7.756e-04 time=0.152s
[RQ-VAE] epoch=713 loss=0.00030712 recon=0.00007787 beh=6.245084 w=0.000 lr=7.753e-04 time=0.153s
[RQ-VAE] epoch=714 loss=0.00030719 recon=0.00007779 beh=6.247794 w=0.000 lr=7.749e-04 time=0.152s
[RQ-VAE] epoch=715 loss=0.00030767 recon=0.00007794 beh=6.250292 w=0.000 lr=7.746e-04 time=0.152s
[RQ-VAE] epoch=716 loss=0.00030848 recon=0.00007789 beh=6.247275 w=0.000 lr=7.742e-04 time=0.152s
[RQ-VAE] epoch=717 loss=0.00030657 recon=0.00007784 beh=6.246571 w=0.000 lr=7.739e-04 time=0.153s
[RQ-VAE] epoch=718 loss=0.00030629 recon=0.00007799 beh=6.246593 w=0.000 lr=7.736e-04 time=0.151s
[RQ-VAE] epoch=719 loss=0.00030767 recon=0.00007781 beh=6.246394 w=0.000 lr=7.732e-04 time=0.153s
[RQ-VAE] epoch=720 loss=0.00030746 recon=0.00007800 beh=6.245857 w=0.000 lr=7.729e-04 time=0.153s
[RQ-VAE] epoch=721 loss=0.00030621 recon=0.00007798 beh=6.248131 w=0.000 lr=7.725e-04 time=0.249s
[RQ-VAE] epoch=722 loss=0.00030705 recon=0.00007793 beh=6.245329 w=0.000 lr=7.722e-04 time=0.153s
[RQ-VAE] epoch=723 loss=0.00030647 recon=0.00007806 beh=6.245544 w=0.000 lr=7.719e-04 time=0.152s
[RQ-VAE] epoch=724 loss=0.00030709 recon=0.00007793 beh=6.248008 w=0.000 lr=7.715e-04 time=0.153s
[RQ-VAE] epoch=725 loss=0.00030627 recon=0.00007776 beh=6.251865 w=0.000 lr=7.712e-04 time=0.152s
[RQ-VAE] epoch=726 loss=0.00030749 recon=0.00007768 beh=6.251825 w=0.000 lr=7.708e-04 time=0.157s
[RQ-VAE] epoch=727 loss=0.00030847 recon=0.00007783 beh=6.247571 w=0.000 lr=7.705e-04 time=0.159s
[RQ-VAE] epoch=728 loss=0.00030591 recon=0.00007780 beh=6.246127 w=0.000 lr=7.702e-04 time=0.154s
[RQ-VAE] epoch=729 loss=0.00030765 recon=0.00007782 beh=6.244912 w=0.000 lr=7.698e-04 time=0.152s
[RQ-VAE] epoch=730 loss=0.00030903 recon=0.00007786 beh=6.246602 w=0.000 lr=7.695e-04 time=0.153s
[RQ-VAE] epoch=731 loss=0.00030767 recon=0.00007779 beh=6.245175 w=0.000 lr=7.692e-04 time=0.152s
[RQ-VAE] epoch=732 loss=0.00030703 recon=0.00007771 beh=6.248981 w=0.000 lr=7.688e-04 time=0.152s
[RQ-VAE] epoch=733 loss=0.00030702 recon=0.00007786 beh=6.239438 w=0.000 lr=7.685e-04 time=0.153s
[RQ-VAE] epoch=734 loss=0.00030914 recon=0.00007769 beh=6.244403 w=0.000 lr=7.681e-04 time=0.152s
[RQ-VAE] epoch=735 loss=0.00030630 recon=0.00007764 beh=6.245506 w=0.000 lr=7.678e-04 time=0.154s
[RQ-VAE] epoch=736 loss=0.00030640 recon=0.00007756 beh=6.243654 w=0.000 lr=7.675e-04 time=0.154s
[RQ-VAE] epoch=737 loss=0.00030702 recon=0.00007763 beh=6.245299 w=0.000 lr=7.671e-04 time=0.153s
[RQ-VAE] epoch=738 loss=0.00030744 recon=0.00007760 beh=6.246240 w=0.000 lr=7.668e-04 time=0.153s
[RQ-VAE] epoch=739 loss=0.00030874 recon=0.00007768 beh=6.242672 w=0.000 lr=7.664e-04 time=0.154s
[RQ-VAE] epoch=740 loss=0.00030747 recon=0.00007750 beh=6.245842 w=0.000 lr=7.661e-04 time=0.153s
[RQ-VAE] epoch=741 loss=0.00030767 recon=0.00007758 beh=6.247505 w=0.000 lr=7.658e-04 time=0.249s
[RQ-VAE] epoch=742 loss=0.00030877 recon=0.00007771 beh=6.250916 w=0.000 lr=7.654e-04 time=0.153s
[RQ-VAE] epoch=743 loss=0.00030871 recon=0.00007767 beh=6.249671 w=0.000 lr=7.651e-04 time=0.151s
[RQ-VAE] epoch=744 loss=0.00030823 recon=0.00007747 beh=6.247386 w=0.000 lr=7.647e-04 time=0.153s
[RQ-VAE] epoch=745 loss=0.00030827 recon=0.00007759 beh=6.246101 w=0.000 lr=7.644e-04 time=0.153s
[RQ-VAE] epoch=746 loss=0.00030694 recon=0.00007747 beh=6.245492 w=0.000 lr=7.641e-04 time=0.157s
[RQ-VAE] epoch=747 loss=0.00030806 recon=0.00007744 beh=6.249703 w=0.000 lr=7.637e-04 time=0.153s
[RQ-VAE] epoch=748 loss=0.00030963 recon=0.00007756 beh=6.247439 w=0.000 lr=7.634e-04 time=0.153s
[RQ-VAE] epoch=749 loss=0.00030935 recon=0.00007750 beh=6.246149 w=0.000 lr=7.631e-04 time=0.155s
[RQ-VAE] epoch=750 loss=0.00030927 recon=0.00007752 lr=7.627e-04 raw_unique=20474/24587 collision=0.167284 time=0.152s
[RQ-VAE] epoch=751 loss=0.00031065 recon=0.00007753 beh=6.247200 w=0.000 lr=7.624e-04 time=0.153s
[RQ-VAE] epoch=752 loss=0.00031106 recon=0.00007746 beh=6.245732 w=0.000 lr=7.620e-04 time=0.152s
[RQ-VAE] epoch=753 loss=0.00030976 recon=0.00007765 beh=6.245365 w=0.000 lr=7.617e-04 time=0.154s
[RQ-VAE] epoch=754 loss=0.00030912 recon=0.00007739 beh=6.250609 w=0.000 lr=7.614e-04 time=0.152s
[RQ-VAE] epoch=755 loss=0.00030973 recon=0.00007736 beh=6.247141 w=0.000 lr=7.610e-04 time=0.153s
[RQ-VAE] epoch=756 loss=0.00030923 recon=0.00007734 beh=6.246076 w=0.000 lr=7.607e-04 time=0.252s
[RQ-VAE] epoch=757 loss=0.00030927 recon=0.00007740 beh=6.249599 w=0.000 lr=7.603e-04 time=0.151s
[RQ-VAE] epoch=758 loss=0.00031197 recon=0.00007746 beh=6.246322 w=0.000 lr=7.600e-04 time=0.152s
[RQ-VAE] epoch=759 loss=0.00031097 recon=0.00007739 beh=6.245932 w=0.000 lr=7.597e-04 time=0.153s
[RQ-VAE] epoch=760 loss=0.00031214 recon=0.00007720 beh=6.250227 w=0.000 lr=7.593e-04 time=0.152s
[RQ-VAE] epoch=761 loss=0.00031185 recon=0.00007736 beh=6.249337 w=0.000 lr=7.590e-04 time=0.152s
[RQ-VAE] epoch=762 loss=0.00031050 recon=0.00007723 beh=6.243599 w=0.000 lr=7.586e-04 time=0.159s
[RQ-VAE] epoch=763 loss=0.00031075 recon=0.00007713 beh=6.253323 w=0.000 lr=7.583e-04 time=0.152s
[RQ-VAE] epoch=764 loss=0.00031023 recon=0.00007726 beh=6.243295 w=0.000 lr=7.580e-04 time=0.152s
[RQ-VAE] epoch=765 loss=0.00031025 recon=0.00007731 beh=6.246464 w=0.000 lr=7.576e-04 time=0.152s
[RQ-VAE] epoch=766 loss=0.00031093 recon=0.00007717 beh=6.248178 w=0.000 lr=7.573e-04 time=0.152s
[RQ-VAE] epoch=767 loss=0.00031177 recon=0.00007736 beh=6.244779 w=0.000 lr=7.569e-04 time=0.153s
[RQ-VAE] epoch=768 loss=0.00031099 recon=0.00007724 beh=6.251636 w=0.000 lr=7.566e-04 time=0.152s
[RQ-VAE] epoch=769 loss=0.00031379 recon=0.00007730 beh=6.249682 w=0.000 lr=7.563e-04 time=0.153s
[RQ-VAE] epoch=770 loss=0.00031045 recon=0.00007717 beh=6.247115 w=0.000 lr=7.559e-04 time=0.153s
[RQ-VAE] epoch=771 loss=0.00031095 recon=0.00007724 beh=6.246208 w=0.000 lr=7.556e-04 time=0.153s
[RQ-VAE] epoch=772 loss=0.00031340 recon=0.00007728 beh=6.242898 w=0.000 lr=7.553e-04 time=0.152s
[RQ-VAE] epoch=773 loss=0.00031196 recon=0.00007735 beh=6.243100 w=0.000 lr=7.549e-04 time=0.153s
[RQ-VAE] epoch=774 loss=0.00031213 recon=0.00007732 beh=6.244410 w=0.000 lr=7.546e-04 time=0.152s
[RQ-VAE] epoch=775 loss=0.00031288 recon=0.00007753 beh=6.249354 w=0.000 lr=7.542e-04 time=0.153s
[RQ-VAE] epoch=776 loss=0.00031123 recon=0.00007743 beh=6.247449 w=0.000 lr=7.539e-04 time=0.153s
[RQ-VAE] epoch=777 loss=0.00031242 recon=0.00007741 beh=6.250784 w=0.000 lr=7.536e-04 time=0.153s
[RQ-VAE] epoch=778 loss=0.00031242 recon=0.00007734 beh=6.247170 w=0.000 lr=7.532e-04 time=0.153s
[RQ-VAE] epoch=779 loss=0.00031255 recon=0.00007722 beh=6.254695 w=0.000 lr=7.529e-04 time=0.153s
[RQ-VAE] epoch=780 loss=0.00031266 recon=0.00007723 beh=6.247416 w=0.000 lr=7.525e-04 time=0.153s
[RQ-VAE] epoch=781 loss=0.00031159 recon=0.00007720 beh=6.247028 w=0.000 lr=7.522e-04 time=0.159s
[RQ-VAE] epoch=782 loss=0.00031126 recon=0.00007719 beh=6.246005 w=0.000 lr=7.519e-04 time=0.154s
[RQ-VAE] epoch=783 loss=0.00031430 recon=0.00007716 beh=6.247662 w=0.000 lr=7.515e-04 time=0.153s
[RQ-VAE] epoch=784 loss=0.00031394 recon=0.00007729 beh=6.248557 w=0.000 lr=7.512e-04 time=0.153s
[RQ-VAE] epoch=785 loss=0.00031197 recon=0.00007718 beh=6.244775 w=0.000 lr=7.508e-04 time=0.152s
[RQ-VAE] epoch=786 loss=0.00031219 recon=0.00007725 beh=6.247945 w=0.000 lr=7.505e-04 time=0.153s
[RQ-VAE] epoch=787 loss=0.00031235 recon=0.00007711 beh=6.245078 w=0.000 lr=7.502e-04 time=0.153s
[RQ-VAE] epoch=788 loss=0.00031361 recon=0.00007725 beh=6.250575 w=0.000 lr=7.498e-04 time=0.153s
[RQ-VAE] epoch=789 loss=0.00031237 recon=0.00007709 beh=6.248694 w=0.000 lr=7.495e-04 time=0.153s
[RQ-VAE] epoch=790 loss=0.00031320 recon=0.00007702 beh=6.247091 w=0.000 lr=7.492e-04 time=0.155s
[RQ-VAE] epoch=791 loss=0.00031203 recon=0.00007691 beh=6.249737 w=0.000 lr=7.488e-04 time=0.154s
[RQ-VAE] epoch=792 loss=0.00031184 recon=0.00007696 beh=6.250566 w=0.000 lr=7.485e-04 time=0.153s
[RQ-VAE] epoch=793 loss=0.00031306 recon=0.00007684 beh=6.247387 w=0.000 lr=7.481e-04 time=0.153s
[RQ-VAE] epoch=794 loss=0.00031193 recon=0.00007688 beh=6.248920 w=0.000 lr=7.478e-04 time=0.152s
[RQ-VAE] epoch=795 loss=0.00031166 recon=0.00007724 beh=6.245950 w=0.000 lr=7.475e-04 time=0.152s
[RQ-VAE] epoch=796 loss=0.00031347 recon=0.00007704 beh=6.248273 w=0.000 lr=7.471e-04 time=0.153s
[RQ-VAE] epoch=797 loss=0.00031246 recon=0.00007696 beh=6.249141 w=0.000 lr=7.468e-04 time=0.153s
[RQ-VAE] epoch=798 loss=0.00031529 recon=0.00007717 beh=6.249045 w=0.000 lr=7.464e-04 time=0.152s
[RQ-VAE] epoch=799 loss=0.00031300 recon=0.00007716 beh=6.250779 w=0.000 lr=7.461e-04 time=0.153s
[RQ-VAE] epoch=800 loss=0.00031259 recon=0.00007698 lr=7.458e-04 raw_unique=20390/24587 collision=0.170700 time=0.153s
[RQ-VAE] epoch=801 loss=0.00031343 recon=0.00007707 beh=6.247688 w=0.000 lr=7.454e-04 time=0.153s
[RQ-VAE] epoch=802 loss=0.00031197 recon=0.00007707 beh=6.247806 w=0.000 lr=7.451e-04 time=0.151s
[RQ-VAE] epoch=803 loss=0.00031311 recon=0.00007683 beh=6.249195 w=0.000 lr=7.447e-04 time=0.153s
[RQ-VAE] epoch=804 loss=0.00031521 recon=0.00007698 beh=6.249522 w=0.000 lr=7.444e-04 time=0.153s
[RQ-VAE] epoch=805 loss=0.00031302 recon=0.00007700 beh=6.248261 w=0.000 lr=7.441e-04 time=0.152s
[RQ-VAE] epoch=806 loss=0.00031078 recon=0.00007691 beh=6.250381 w=0.000 lr=7.437e-04 time=0.153s
[RQ-VAE] epoch=807 loss=0.00031136 recon=0.00007692 beh=6.246672 w=0.000 lr=7.434e-04 time=0.153s
[RQ-VAE] epoch=808 loss=0.00031135 recon=0.00007696 beh=6.244815 w=0.000 lr=7.431e-04 time=0.152s
[RQ-VAE] epoch=809 loss=0.00031103 recon=0.00007679 beh=6.246585 w=0.000 lr=7.427e-04 time=0.153s
[RQ-VAE] epoch=810 loss=0.00031063 recon=0.00007709 beh=6.249781 w=0.000 lr=7.424e-04 time=0.152s
[RQ-VAE] epoch=811 loss=0.00031111 recon=0.00007698 beh=6.246301 w=0.000 lr=7.420e-04 time=0.152s
[RQ-VAE] epoch=812 loss=0.00031277 recon=0.00007694 beh=6.247129 w=0.000 lr=7.417e-04 time=0.154s
[RQ-VAE] epoch=813 loss=0.00031278 recon=0.00007699 beh=6.247291 w=0.000 lr=7.414e-04 time=0.244s
[RQ-VAE] epoch=814 loss=0.00031281 recon=0.00007698 beh=6.244623 w=0.000 lr=7.410e-04 time=0.152s
[RQ-VAE] epoch=815 loss=0.00031224 recon=0.00007701 beh=6.249721 w=0.000 lr=7.407e-04 time=0.153s
[RQ-VAE] epoch=816 loss=0.00031276 recon=0.00007683 beh=6.247641 w=0.000 lr=7.403e-04 time=0.152s
[RQ-VAE] epoch=817 loss=0.00031303 recon=0.00007702 beh=6.245760 w=0.000 lr=7.400e-04 time=0.154s
[RQ-VAE] epoch=818 loss=0.00031285 recon=0.00007691 beh=6.247403 w=0.000 lr=7.397e-04 time=0.153s
[RQ-VAE] epoch=819 loss=0.00031431 recon=0.00007694 beh=6.251050 w=0.000 lr=7.393e-04 time=0.152s
[RQ-VAE] epoch=820 loss=0.00031461 recon=0.00007695 beh=6.247880 w=0.000 lr=7.390e-04 time=0.153s
[RQ-VAE] epoch=821 loss=0.00031393 recon=0.00007680 beh=6.250713 w=0.000 lr=7.386e-04 time=0.152s
[RQ-VAE] epoch=822 loss=0.00031339 recon=0.00007650 beh=6.246448 w=0.000 lr=7.383e-04 time=0.153s
[RQ-VAE] epoch=823 loss=0.00031313 recon=0.00007660 beh=6.246799 w=0.000 lr=7.380e-04 time=0.153s
[RQ-VAE] epoch=824 loss=0.00031382 recon=0.00007658 beh=6.245490 w=0.000 lr=7.376e-04 time=0.152s
[RQ-VAE] epoch=825 loss=0.00031452 recon=0.00007654 beh=6.247920 w=0.000 lr=7.373e-04 time=0.153s
[RQ-VAE] epoch=826 loss=0.00031309 recon=0.00007692 beh=6.253048 w=0.000 lr=7.369e-04 time=0.152s
[RQ-VAE] epoch=827 loss=0.00031458 recon=0.00007666 beh=6.248440 w=0.000 lr=7.366e-04 time=0.154s
[RQ-VAE] epoch=828 loss=0.00031543 recon=0.00007672 beh=6.246355 w=0.000 lr=7.363e-04 time=0.153s
[RQ-VAE] epoch=829 loss=0.00031603 recon=0.00007679 beh=6.248508 w=0.000 lr=7.359e-04 time=0.152s
[RQ-VAE] epoch=830 loss=0.00031508 recon=0.00007651 beh=6.244626 w=0.000 lr=7.356e-04 time=0.153s
[RQ-VAE] epoch=831 loss=0.00031334 recon=0.00007650 beh=6.248742 w=0.000 lr=7.353e-04 time=0.152s
[RQ-VAE] epoch=832 loss=0.00031349 recon=0.00007644 beh=6.250756 w=0.000 lr=7.349e-04 time=0.153s
[RQ-VAE] epoch=833 loss=0.00031667 recon=0.00007659 beh=6.250798 w=0.000 lr=7.346e-04 time=0.152s
[RQ-VAE] epoch=834 loss=0.00031565 recon=0.00007676 beh=6.248652 w=0.000 lr=7.342e-04 time=0.151s
[RQ-VAE] epoch=835 loss=0.00031498 recon=0.00007657 beh=6.249702 w=0.000 lr=7.339e-04 time=0.154s
[RQ-VAE] epoch=836 loss=0.00031372 recon=0.00007651 beh=6.245975 w=0.000 lr=7.336e-04 time=0.153s
[RQ-VAE] epoch=837 loss=0.00031398 recon=0.00007665 beh=6.247778 w=0.000 lr=7.332e-04 time=0.152s
[RQ-VAE] epoch=838 loss=0.00031375 recon=0.00007666 beh=6.244455 w=0.000 lr=7.329e-04 time=0.152s
[RQ-VAE] epoch=839 loss=0.00031369 recon=0.00007634 beh=6.248674 w=0.000 lr=7.325e-04 time=0.152s
[RQ-VAE] epoch=840 loss=0.00031481 recon=0.00007656 beh=6.247920 w=0.000 lr=7.322e-04 time=0.153s
[RQ-VAE] epoch=841 loss=0.00031514 recon=0.00007653 beh=6.249447 w=0.000 lr=7.319e-04 time=0.152s
[RQ-VAE] epoch=842 loss=0.00031378 recon=0.00007663 beh=6.249526 w=0.000 lr=7.315e-04 time=0.248s
[RQ-VAE] epoch=843 loss=0.00031502 recon=0.00007652 beh=6.249346 w=0.000 lr=7.312e-04 time=0.153s
[RQ-VAE] epoch=844 loss=0.00031442 recon=0.00007659 beh=6.247084 w=0.000 lr=7.308e-04 time=0.153s
[RQ-VAE] epoch=845 loss=0.00031339 recon=0.00007645 beh=6.247864 w=0.000 lr=7.305e-04 time=0.152s
[RQ-VAE] epoch=846 loss=0.00031482 recon=0.00007640 beh=6.248488 w=0.000 lr=7.302e-04 time=0.152s
[RQ-VAE] epoch=847 loss=0.00031436 recon=0.00007645 beh=6.245756 w=0.000 lr=7.298e-04 time=0.153s
[RQ-VAE] epoch=848 loss=0.00031384 recon=0.00007654 beh=6.246328 w=0.000 lr=7.295e-04 time=0.153s
[RQ-VAE] epoch=849 loss=0.00031342 recon=0.00007626 beh=6.251564 w=0.000 lr=7.292e-04 time=0.152s
[RQ-VAE] epoch=850 loss=0.00031403 recon=0.00007642 lr=7.288e-04 raw_unique=20364/24587 collision=0.171757 time=0.152s
[RQ-VAE] epoch=851 loss=0.00031442 recon=0.00007651 beh=6.247667 w=0.000 lr=7.285e-04 time=0.153s
[RQ-VAE] epoch=852 loss=0.00031461 recon=0.00007656 beh=6.248518 w=0.000 lr=7.281e-04 time=0.153s
[RQ-VAE] epoch=853 loss=0.00031430 recon=0.00007630 beh=6.251069 w=0.000 lr=7.278e-04 time=0.152s
[RQ-VAE] epoch=854 loss=0.00031506 recon=0.00007631 beh=6.247757 w=0.000 lr=7.275e-04 time=0.153s
[RQ-VAE] epoch=855 loss=0.00031404 recon=0.00007635 beh=6.249292 w=0.000 lr=7.271e-04 time=0.153s
[RQ-VAE] epoch=856 loss=0.00031397 recon=0.00007641 beh=6.249147 w=0.000 lr=7.268e-04 time=0.153s
[RQ-VAE] epoch=857 loss=0.00031315 recon=0.00007637 beh=6.249935 w=0.000 lr=7.264e-04 time=0.153s
[RQ-VAE] epoch=858 loss=0.00031452 recon=0.00007635 beh=6.247330 w=0.000 lr=7.261e-04 time=0.152s
[RQ-VAE] epoch=859 loss=0.00031452 recon=0.00007643 beh=6.247805 w=0.000 lr=7.258e-04 time=0.153s
[RQ-VAE] epoch=860 loss=0.00031487 recon=0.00007624 beh=6.246793 w=0.000 lr=7.254e-04 time=0.153s
[RQ-VAE] epoch=861 loss=0.00031632 recon=0.00007630 beh=6.247112 w=0.000 lr=7.251e-04 time=0.246s
[RQ-VAE] epoch=862 loss=0.00031486 recon=0.00007602 beh=6.244002 w=0.000 lr=7.247e-04 time=0.152s
[RQ-VAE] epoch=863 loss=0.00031518 recon=0.00007603 beh=6.249146 w=0.000 lr=7.244e-04 time=0.153s
[RQ-VAE] epoch=864 loss=0.00031356 recon=0.00007600 beh=6.247211 w=0.000 lr=7.241e-04 time=0.152s
[RQ-VAE] epoch=865 loss=0.00031360 recon=0.00007616 beh=6.248294 w=0.000 lr=7.237e-04 time=0.152s
[RQ-VAE] epoch=866 loss=0.00031410 recon=0.00007603 beh=6.248105 w=0.000 lr=7.234e-04 time=0.152s
[RQ-VAE] epoch=867 loss=0.00031413 recon=0.00007610 beh=6.248646 w=0.000 lr=7.231e-04 time=0.154s
[RQ-VAE] epoch=868 loss=0.00031506 recon=0.00007621 beh=6.250073 w=0.000 lr=7.227e-04 time=0.155s
[RQ-VAE] epoch=869 loss=0.00031622 recon=0.00007618 beh=6.243749 w=0.000 lr=7.224e-04 time=0.155s
[RQ-VAE] epoch=870 loss=0.00031592 recon=0.00007618 beh=6.248206 w=0.000 lr=7.220e-04 time=0.152s
[RQ-VAE] epoch=871 loss=0.00031513 recon=0.00007615 beh=6.249166 w=0.000 lr=7.217e-04 time=0.153s
[RQ-VAE] epoch=872 loss=0.00031409 recon=0.00007596 beh=6.245222 w=0.000 lr=7.214e-04 time=0.152s
[RQ-VAE] epoch=873 loss=0.00031377 recon=0.00007598 beh=6.247512 w=0.000 lr=7.210e-04 time=0.154s
[RQ-VAE] epoch=874 loss=0.00031435 recon=0.00007603 beh=6.246168 w=0.000 lr=7.207e-04 time=0.152s
[RQ-VAE] epoch=875 loss=0.00031343 recon=0.00007604 beh=6.246228 w=0.000 lr=7.203e-04 time=0.153s
[RQ-VAE] epoch=876 loss=0.00031406 recon=0.00007599 beh=6.248034 w=0.000 lr=7.200e-04 time=0.248s
[RQ-VAE] epoch=877 loss=0.00031444 recon=0.00007602 beh=6.247023 w=0.000 lr=7.197e-04 time=0.151s
[RQ-VAE] epoch=878 loss=0.00031565 recon=0.00007591 beh=6.246529 w=0.000 lr=7.193e-04 time=0.151s
[RQ-VAE] epoch=879 loss=0.00031392 recon=0.00007609 beh=6.248835 w=0.000 lr=7.190e-04 time=0.151s
[RQ-VAE] epoch=880 loss=0.00031499 recon=0.00007577 beh=6.248811 w=0.000 lr=7.186e-04 time=0.152s
[RQ-VAE] epoch=881 loss=0.00031321 recon=0.00007584 beh=6.250521 w=0.000 lr=7.183e-04 time=0.152s
[RQ-VAE] epoch=882 loss=0.00031413 recon=0.00007579 beh=6.249137 w=0.000 lr=7.180e-04 time=0.152s
[RQ-VAE] epoch=883 loss=0.00031552 recon=0.00007602 beh=6.250301 w=0.000 lr=7.176e-04 time=0.151s
[RQ-VAE] epoch=884 loss=0.00031651 recon=0.00007583 beh=6.243631 w=0.000 lr=7.173e-04 time=0.151s
[RQ-VAE] epoch=885 loss=0.00031541 recon=0.00007579 beh=6.249500 w=0.000 lr=7.169e-04 time=0.153s
[RQ-VAE] epoch=886 loss=0.00031431 recon=0.00007577 beh=6.243788 w=0.000 lr=7.166e-04 time=0.153s
[RQ-VAE] epoch=887 loss=0.00031560 recon=0.00007588 beh=6.247568 w=0.000 lr=7.163e-04 time=0.151s
[RQ-VAE] epoch=888 loss=0.00031641 recon=0.00007584 beh=6.248378 w=0.000 lr=7.159e-04 time=0.15s
[RQ-VAE] epoch=889 loss=0.00031436 recon=0.00007579 beh=6.247471 w=0.000 lr=7.156e-04 time=0.151s
[RQ-VAE] epoch=890 loss=0.00031422 recon=0.00007581 beh=6.244252 w=0.000 lr=7.153e-04 time=0.152s
[RQ-VAE] epoch=891 loss=0.00031440 recon=0.00007578 beh=6.248888 w=0.000 lr=7.149e-04 time=0.151s
[RQ-VAE] epoch=892 loss=0.00031620 recon=0.00007577 beh=6.246941 w=0.000 lr=7.146e-04 time=0.151s
[RQ-VAE] epoch=893 loss=0.00031456 recon=0.00007588 beh=6.247126 w=0.000 lr=7.142e-04 time=0.151s
[RQ-VAE] epoch=894 loss=0.00031411 recon=0.00007588 beh=6.247606 w=0.000 lr=7.139e-04 time=0.15s
[RQ-VAE] epoch=895 loss=0.00031543 recon=0.00007574 beh=6.249467 w=0.000 lr=7.136e-04 time=0.151s
[RQ-VAE] epoch=896 loss=0.00031401 recon=0.00007569 beh=6.249497 w=0.000 lr=7.132e-04 time=0.152s
[RQ-VAE] epoch=897 loss=0.00031336 recon=0.00007565 beh=6.247759 w=0.000 lr=7.129e-04 time=0.151s
[RQ-VAE] epoch=898 loss=0.00031306 recon=0.00007561 beh=6.251594 w=0.000 lr=7.125e-04 time=0.15s
[RQ-VAE] epoch=899 loss=0.00031389 recon=0.00007556 beh=6.248912 w=0.000 lr=7.122e-04 time=0.151s
[RQ-VAE] epoch=900 loss=0.00031318 recon=0.00007561 lr=7.119e-04 raw_unique=20302/24587 collision=0.174279 time=0.152s
[RQ-VAE] epoch=901 loss=0.00031278 recon=0.00007565 beh=6.245218 w=0.000 lr=7.115e-04 time=0.152s
[RQ-VAE] epoch=902 loss=0.00031232 recon=0.00007552 beh=6.249626 w=0.000 lr=7.112e-04 time=0.151s
[RQ-VAE] epoch=903 loss=0.00031433 recon=0.00007562 beh=6.244066 w=0.000 lr=7.108e-04 time=0.151s
[RQ-VAE] epoch=904 loss=0.00031490 recon=0.00007556 beh=6.249183 w=0.000 lr=7.105e-04 time=0.151s
[RQ-VAE] epoch=905 loss=0.00031367 recon=0.00007574 beh=6.246535 w=0.000 lr=7.102e-04 time=0.152s
[RQ-VAE] epoch=906 loss=0.00031572 recon=0.00007600 beh=6.246322 w=0.000 lr=7.098e-04 time=0.152s
[RQ-VAE] epoch=907 loss=0.00031489 recon=0.00007570 beh=6.250231 w=0.000 lr=7.095e-04 time=0.152s
[RQ-VAE] epoch=908 loss=0.00031507 recon=0.00007574 beh=6.244504 w=0.000 lr=7.092e-04 time=0.152s
[RQ-VAE] epoch=909 loss=0.00031384 recon=0.00007570 beh=6.249572 w=0.000 lr=7.088e-04 time=0.151s
[RQ-VAE] epoch=910 loss=0.00031393 recon=0.00007568 beh=6.250714 w=0.000 lr=7.085e-04 time=0.152s
[RQ-VAE] epoch=911 loss=0.00031530 recon=0.00007569 beh=6.246261 w=0.000 lr=7.081e-04 time=0.152s
[RQ-VAE] epoch=912 loss=0.00031519 recon=0.00007565 beh=6.248450 w=0.000 lr=7.078e-04 time=0.152s
[RQ-VAE] epoch=913 loss=0.00031376 recon=0.00007556 beh=6.244350 w=0.000 lr=7.075e-04 time=0.152s
[RQ-VAE] epoch=914 loss=0.00031498 recon=0.00007573 beh=6.244933 w=0.000 lr=7.071e-04 time=0.151s
[RQ-VAE] epoch=915 loss=0.00031611 recon=0.00007566 beh=6.252630 w=0.000 lr=7.068e-04 time=0.152s
[RQ-VAE] epoch=916 loss=0.00031536 recon=0.00007572 beh=6.247011 w=0.000 lr=7.064e-04 time=0.152s
[RQ-VAE] epoch=917 loss=0.00031576 recon=0.00007560 beh=6.252619 w=0.000 lr=7.061e-04 time=0.152s
[RQ-VAE] epoch=918 loss=0.00031500 recon=0.00007549 beh=6.243991 w=0.000 lr=7.058e-04 time=0.152s
[RQ-VAE] epoch=919 loss=0.00031477 recon=0.00007557 beh=6.251781 w=0.000 lr=7.054e-04 time=0.151s
[RQ-VAE] epoch=920 loss=0.00031442 recon=0.00007555 beh=6.248991 w=0.000 lr=7.051e-04 time=0.152s
[RQ-VAE] epoch=921 loss=0.00031317 recon=0.00007559 beh=6.246929 w=0.000 lr=7.047e-04 time=0.151s
[RQ-VAE] epoch=922 loss=0.00031636 recon=0.00007551 beh=6.249084 w=0.000 lr=7.044e-04 time=0.152s
[RQ-VAE] epoch=923 loss=0.00031615 recon=0.00007558 beh=6.243357 w=0.000 lr=7.041e-04 time=0.152s
[RQ-VAE] epoch=924 loss=0.00031640 recon=0.00007571 beh=6.249385 w=0.000 lr=7.037e-04 time=0.152s
[RQ-VAE] epoch=925 loss=0.00031572 recon=0.00007555 beh=6.247398 w=0.000 lr=7.034e-04 time=0.152s
[RQ-VAE] epoch=926 loss=0.00031639 recon=0.00007565 beh=6.249427 w=0.000 lr=7.031e-04 time=0.152s
[RQ-VAE] epoch=927 loss=0.00031765 recon=0.00007563 beh=6.250723 w=0.000 lr=7.027e-04 time=0.151s
[RQ-VAE] epoch=928 loss=0.00031681 recon=0.00007558 beh=6.249194 w=0.000 lr=7.024e-04 time=0.152s
[RQ-VAE] epoch=929 loss=0.00031757 recon=0.00007559 beh=6.248387 w=0.000 lr=7.020e-04 time=0.151s
[RQ-VAE] epoch=930 loss=0.00031592 recon=0.00007565 beh=6.254400 w=0.000 lr=7.017e-04 time=0.151s
[RQ-VAE] epoch=931 loss=0.00031886 recon=0.00007554 beh=6.248736 w=0.000 lr=7.014e-04 time=0.153s
[RQ-VAE] epoch=932 loss=0.00031720 recon=0.00007530 beh=6.252728 w=0.000 lr=7.010e-04 time=0.152s
[RQ-VAE] epoch=933 loss=0.00031642 recon=0.00007543 beh=6.249755 w=0.000 lr=7.007e-04 time=0.251s
[RQ-VAE] epoch=934 loss=0.00031560 recon=0.00007537 beh=6.245925 w=0.000 lr=7.003e-04 time=0.152s
[RQ-VAE] epoch=935 loss=0.00031826 recon=0.00007562 beh=6.246800 w=0.000 lr=7.000e-04 time=0.152s
[RQ-VAE] epoch=936 loss=0.00031988 recon=0.00007535 beh=6.251829 w=0.000 lr=6.997e-04 time=0.153s
[RQ-VAE] epoch=937 loss=0.00031845 recon=0.00007543 beh=6.246111 w=0.000 lr=6.993e-04 time=0.154s
[RQ-VAE] epoch=938 loss=0.00031683 recon=0.00007537 beh=6.249323 w=0.000 lr=6.990e-04 time=0.152s
[RQ-VAE] epoch=939 loss=0.00031692 recon=0.00007551 beh=6.247283 w=0.000 lr=6.986e-04 time=0.151s
[RQ-VAE] epoch=940 loss=0.00031678 recon=0.00007542 beh=6.247136 w=0.000 lr=6.983e-04 time=0.152s
[RQ-VAE] epoch=941 loss=0.00031430 recon=0.00007542 beh=6.249606 w=0.000 lr=6.980e-04 time=0.152s
[RQ-VAE] epoch=942 loss=0.00031489 recon=0.00007527 beh=6.245677 w=0.000 lr=6.976e-04 time=0.152s
[RQ-VAE] epoch=943 loss=0.00031532 recon=0.00007545 beh=6.250771 w=0.000 lr=6.973e-04 time=0.151s
[RQ-VAE] epoch=944 loss=0.00031584 recon=0.00007547 beh=6.250940 w=0.000 lr=6.969e-04 time=0.152s
[RQ-VAE] epoch=945 loss=0.00031558 recon=0.00007547 beh=6.251742 w=0.000 lr=6.966e-04 time=0.152s
[RQ-VAE] epoch=946 loss=0.00031564 recon=0.00007529 beh=6.246994 w=0.000 lr=6.963e-04 time=0.152s
[RQ-VAE] epoch=947 loss=0.00031673 recon=0.00007547 beh=6.247740 w=0.000 lr=6.959e-04 time=0.151s
[RQ-VAE] epoch=948 loss=0.00031735 recon=0.00007539 beh=6.244786 w=0.000 lr=6.956e-04 time=0.152s
[RQ-VAE] epoch=949 loss=0.00031575 recon=0.00007537 beh=6.244251 w=0.000 lr=6.953e-04 time=0.153s
[RQ-VAE] epoch=950 loss=0.00031485 recon=0.00007527 lr=6.949e-04 raw_unique=20545/24587 collision=0.164396 time=0.152s
[RQ-VAE] epoch=951 loss=0.00031595 recon=0.00007516 beh=6.249744 w=0.000 lr=6.946e-04 time=0.152s
[RQ-VAE] epoch=952 loss=0.00031423 recon=0.00007528 beh=6.247708 w=0.000 lr=6.942e-04 time=0.151s
[RQ-VAE] epoch=953 loss=0.00031605 recon=0.00007520 beh=6.249180 w=0.000 lr=6.939e-04 time=0.152s
[RQ-VAE] epoch=954 loss=0.00031548 recon=0.00007526 beh=6.249413 w=0.000 lr=6.936e-04 time=0.152s
[RQ-VAE] epoch=955 loss=0.00031395 recon=0.00007501 beh=6.250984 w=0.000 lr=6.932e-04 time=0.151s
[RQ-VAE] epoch=956 loss=0.00031326 recon=0.00007500 beh=6.245803 w=0.000 lr=6.929e-04 time=0.151s
[RQ-VAE] epoch=957 loss=0.00031454 recon=0.00007507 beh=6.250588 w=0.000 lr=6.925e-04 time=0.153s
[RQ-VAE] epoch=958 loss=0.00031447 recon=0.00007525 beh=6.245379 w=0.000 lr=6.922e-04 time=0.152s
[RQ-VAE] epoch=959 loss=0.00031611 recon=0.00007513 beh=6.249073 w=0.000 lr=6.919e-04 time=0.151s
[RQ-VAE] epoch=960 loss=0.00031564 recon=0.00007496 beh=6.246515 w=0.000 lr=6.915e-04 time=0.15s
[RQ-VAE] epoch=961 loss=0.00031568 recon=0.00007501 beh=6.248273 w=0.000 lr=6.912e-04 time=0.152s
[RQ-VAE] epoch=962 loss=0.00031340 recon=0.00007503 beh=6.244005 w=0.000 lr=6.908e-04 time=0.246s
[RQ-VAE] epoch=963 loss=0.00031482 recon=0.00007496 beh=6.247528 w=0.000 lr=6.905e-04 time=0.151s
[RQ-VAE] epoch=964 loss=0.00031573 recon=0.00007508 beh=6.249649 w=0.000 lr=6.902e-04 time=0.151s
[RQ-VAE] epoch=965 loss=0.00031569 recon=0.00007503 beh=6.248212 w=0.000 lr=6.898e-04 time=0.152s
[RQ-VAE] epoch=966 loss=0.00031492 recon=0.00007494 beh=6.249780 w=0.000 lr=6.895e-04 time=0.152s
[RQ-VAE] epoch=967 loss=0.00031548 recon=0.00007495 beh=6.243458 w=0.000 lr=6.892e-04 time=0.152s
[RQ-VAE] epoch=968 loss=0.00031418 recon=0.00007495 beh=6.249584 w=0.000 lr=6.888e-04 time=0.153s
[RQ-VAE] epoch=969 loss=0.00031368 recon=0.00007515 beh=6.250271 w=0.000 lr=6.885e-04 time=0.151s
[RQ-VAE] epoch=970 loss=0.00031454 recon=0.00007502 beh=6.248262 w=0.000 lr=6.881e-04 time=0.152s
[RQ-VAE] epoch=971 loss=0.00031543 recon=0.00007496 beh=6.246000 w=0.000 lr=6.878e-04 time=0.151s
[RQ-VAE] epoch=972 loss=0.00031504 recon=0.00007503 beh=6.248246 w=0.000 lr=6.875e-04 time=0.152s
[RQ-VAE] epoch=973 loss=0.00031518 recon=0.00007499 beh=6.247872 w=0.000 lr=6.871e-04 time=0.152s
[RQ-VAE] epoch=974 loss=0.00031527 recon=0.00007498 beh=6.246928 w=0.000 lr=6.868e-04 time=0.151s
[RQ-VAE] epoch=975 loss=0.00031604 recon=0.00007509 beh=6.247019 w=0.000 lr=6.864e-04 time=0.152s
[RQ-VAE] epoch=976 loss=0.00031530 recon=0.00007501 beh=6.246388 w=0.000 lr=6.861e-04 time=0.151s
[RQ-VAE] epoch=977 loss=0.00031581 recon=0.00007492 beh=6.252144 w=0.000 lr=6.858e-04 time=0.152s
[RQ-VAE] epoch=978 loss=0.00031572 recon=0.00007488 beh=6.248756 w=0.000 lr=6.854e-04 time=0.152s
[RQ-VAE] epoch=979 loss=0.00031520 recon=0.00007498 beh=6.247310 w=0.000 lr=6.851e-04 time=0.151s
[RQ-VAE] epoch=980 loss=0.00031770 recon=0.00007507 beh=6.246572 w=0.000 lr=6.847e-04 time=0.151s
[RQ-VAE] epoch=981 loss=0.00031668 recon=0.00007511 beh=6.251169 w=0.000 lr=6.844e-04 time=0.246s
[RQ-VAE] epoch=982 loss=0.00031762 recon=0.00007504 beh=6.250040 w=0.000 lr=6.841e-04 time=0.151s
[RQ-VAE] epoch=983 loss=0.00031579 recon=0.00007511 beh=6.244475 w=0.000 lr=6.837e-04 time=0.152s
[RQ-VAE] epoch=984 loss=0.00031730 recon=0.00007507 beh=6.246564 w=0.000 lr=6.834e-04 time=0.153s
[RQ-VAE] epoch=985 loss=0.00031757 recon=0.00007495 beh=6.249719 w=0.000 lr=6.831e-04 time=0.152s
[RQ-VAE] epoch=986 loss=0.00031578 recon=0.00007485 beh=6.248630 w=0.000 lr=6.827e-04 time=0.152s
[RQ-VAE] epoch=987 loss=0.00031691 recon=0.00007506 beh=6.247104 w=0.000 lr=6.824e-04 time=0.153s
[RQ-VAE] epoch=988 loss=0.00031673 recon=0.00007496 beh=6.245445 w=0.000 lr=6.820e-04 time=0.152s
[RQ-VAE] epoch=989 loss=0.00031714 recon=0.00007508 beh=6.245602 w=0.000 lr=6.817e-04 time=0.152s
[RQ-VAE] epoch=990 loss=0.00031740 recon=0.00007500 beh=6.250239 w=0.000 lr=6.814e-04 time=0.152s
[RQ-VAE] epoch=991 loss=0.00031635 recon=0.00007489 beh=6.248753 w=0.000 lr=6.810e-04 time=0.151s
[RQ-VAE] epoch=992 loss=0.00031677 recon=0.00007473 beh=6.246872 w=0.000 lr=6.807e-04 time=0.152s
[RQ-VAE] epoch=993 loss=0.00031594 recon=0.00007481 beh=6.250063 w=0.000 lr=6.803e-04 time=0.152s
[RQ-VAE] epoch=994 loss=0.00031631 recon=0.00007487 beh=6.247272 w=0.000 lr=6.800e-04 time=0.153s
[RQ-VAE] epoch=995 loss=0.00031875 recon=0.00007496 beh=6.249484 w=0.000 lr=6.797e-04 time=0.152s
[RQ-VAE] epoch=996 loss=0.00031920 recon=0.00007503 beh=6.247723 w=0.000 lr=6.793e-04 time=0.249s
[RQ-VAE] epoch=997 loss=0.00031787 recon=0.00007477 beh=6.247376 w=0.000 lr=6.790e-04 time=0.152s
[RQ-VAE] epoch=998 loss=0.00031908 recon=0.00007480 beh=6.252214 w=0.000 lr=6.786e-04 time=0.152s
[RQ-VAE] epoch=999 loss=0.00031828 recon=0.00007482 beh=6.248316 w=0.000 lr=6.783e-04 time=0.152s
[RQ-VAE] epoch=1000 loss=0.00031796 recon=0.00007485 lr=6.780e-04 raw_unique=20490/24587 collision=0.166633 time=0.151s
[RQ-VAE] epoch=1001 loss=0.00031786 recon=0.00007486 beh=6.245747 w=0.000 lr=6.776e-04 time=0.153s
[RQ-VAE] epoch=1002 loss=0.00031998 recon=0.00007482 beh=6.247880 w=0.000 lr=6.773e-04 time=0.154s
[RQ-VAE] epoch=1003 loss=0.00031954 recon=0.00007476 beh=6.250252 w=0.000 lr=6.769e-04 time=0.153s
[RQ-VAE] epoch=1004 loss=0.00031809 recon=0.00007482 beh=6.248966 w=0.000 lr=6.766e-04 time=0.152s
[RQ-VAE] epoch=1005 loss=0.00031770 recon=0.00007470 beh=6.248092 w=0.000 lr=6.763e-04 time=0.152s
[RQ-VAE] epoch=1006 loss=0.00031847 recon=0.00007469 beh=6.245434 w=0.000 lr=6.759e-04 time=0.154s
[RQ-VAE] epoch=1007 loss=0.00031717 recon=0.00007479 beh=6.248737 w=0.000 lr=6.756e-04 time=0.153s
[RQ-VAE] epoch=1008 loss=0.00031724 recon=0.00007468 beh=6.247704 w=0.000 lr=6.753e-04 time=0.157s
[RQ-VAE] epoch=1009 loss=0.00031740 recon=0.00007463 beh=6.249954 w=0.000 lr=6.749e-04 time=0.152s
[RQ-VAE] epoch=1010 loss=0.00031985 recon=0.00007445 beh=6.246768 w=0.000 lr=6.746e-04 time=0.152s
[RQ-VAE] epoch=1011 loss=0.00031777 recon=0.00007462 beh=6.245402 w=0.000 lr=6.742e-04 time=0.153s
[RQ-VAE] epoch=1012 loss=0.00031778 recon=0.00007455 beh=6.246877 w=0.000 lr=6.739e-04 time=0.153s
[RQ-VAE] epoch=1013 loss=0.00031827 recon=0.00007463 beh=6.246670 w=0.000 lr=6.736e-04 time=0.151s
[RQ-VAE] epoch=1014 loss=0.00031841 recon=0.00007451 beh=6.245615 w=0.000 lr=6.732e-04 time=0.152s
[RQ-VAE] epoch=1015 loss=0.00031753 recon=0.00007451 beh=6.249399 w=0.000 lr=6.729e-04 time=0.152s
[RQ-VAE] epoch=1016 loss=0.00031623 recon=0.00007463 beh=6.243650 w=0.000 lr=6.725e-04 time=0.151s
[RQ-VAE] epoch=1017 loss=0.00031748 recon=0.00007456 beh=6.243462 w=0.000 lr=6.722e-04 time=0.152s
[RQ-VAE] epoch=1018 loss=0.00031992 recon=0.00007452 beh=6.248247 w=0.000 lr=6.719e-04 time=0.152s
[RQ-VAE] epoch=1019 loss=0.00032033 recon=0.00007456 beh=6.246167 w=0.000 lr=6.715e-04 time=0.153s
[RQ-VAE] epoch=1020 loss=0.00031805 recon=0.00007465 beh=6.248891 w=0.000 lr=6.712e-04 time=0.157s
[RQ-VAE] epoch=1021 loss=0.00031692 recon=0.00007454 beh=6.251278 w=0.000 lr=6.708e-04 time=0.153s
[RQ-VAE] epoch=1022 loss=0.00031898 recon=0.00007458 beh=6.250246 w=0.000 lr=6.705e-04 time=0.152s
[RQ-VAE] epoch=1023 loss=0.00031950 recon=0.00007471 beh=6.249695 w=0.000 lr=6.702e-04 time=0.153s
[RQ-VAE] epoch=1024 loss=0.00031767 recon=0.00007470 beh=6.246794 w=0.000 lr=6.698e-04 time=0.152s
[RQ-VAE] epoch=1025 loss=0.00031754 recon=0.00007448 beh=6.246004 w=0.000 lr=6.695e-04 time=0.153s
[RQ-VAE] epoch=1026 loss=0.00031916 recon=0.00007455 beh=6.245091 w=0.000 lr=6.692e-04 time=0.159s
[RQ-VAE] epoch=1027 loss=0.00031979 recon=0.00007457 beh=6.245878 w=0.000 lr=6.688e-04 time=0.168s
[RQ-VAE] epoch=1028 loss=0.00031731 recon=0.00007460 beh=6.252897 w=0.000 lr=6.685e-04 time=0.162s
[RQ-VAE] epoch=1029 loss=0.00031708 recon=0.00007454 beh=6.250445 w=0.000 lr=6.681e-04 time=0.161s
[RQ-VAE] epoch=1030 loss=0.00031955 recon=0.00007437 beh=6.247864 w=0.000 lr=6.678e-04 time=0.161s
[RQ-VAE] epoch=1031 loss=0.00031969 recon=0.00007441 beh=6.249197 w=0.000 lr=6.675e-04 time=0.162s
[RQ-VAE] epoch=1032 loss=0.00031855 recon=0.00007442 beh=6.249240 w=0.000 lr=6.671e-04 time=0.154s
[RQ-VAE] epoch=1033 loss=0.00031772 recon=0.00007452 beh=6.246530 w=0.000 lr=6.668e-04 time=0.153s
[RQ-VAE] epoch=1034 loss=0.00031809 recon=0.00007452 beh=6.248805 w=0.000 lr=6.664e-04 time=0.153s
[RQ-VAE] epoch=1035 loss=0.00031899 recon=0.00007459 beh=6.243873 w=0.000 lr=6.661e-04 time=0.154s
[RQ-VAE] epoch=1036 loss=0.00031775 recon=0.00007443 beh=6.246686 w=0.000 lr=6.658e-04 time=0.154s
[RQ-VAE] epoch=1037 loss=0.00031821 recon=0.00007434 beh=6.251500 w=0.000 lr=6.654e-04 time=0.152s
[RQ-VAE] epoch=1038 loss=0.00031767 recon=0.00007444 beh=6.247300 w=0.000 lr=6.651e-04 time=0.153s
[RQ-VAE] epoch=1039 loss=0.00031840 recon=0.00007444 beh=6.248158 w=0.000 lr=6.647e-04 time=0.152s
[RQ-VAE] epoch=1040 loss=0.00032033 recon=0.00007451 beh=6.246505 w=0.000 lr=6.644e-04 time=0.153s
[RQ-VAE] epoch=1041 loss=0.00031886 recon=0.00007443 beh=6.248535 w=0.000 lr=6.641e-04 time=0.153s
[RQ-VAE] epoch=1042 loss=0.00031955 recon=0.00007447 beh=6.250331 w=0.000 lr=6.637e-04 time=0.153s
[RQ-VAE] epoch=1043 loss=0.00032019 recon=0.00007444 beh=6.245573 w=0.000 lr=6.634e-04 time=0.154s
[RQ-VAE] epoch=1044 loss=0.00031990 recon=0.00007487 beh=6.249341 w=0.000 lr=6.631e-04 time=0.153s
[RQ-VAE] epoch=1045 loss=0.00031961 recon=0.00007444 beh=6.248013 w=0.000 lr=6.627e-04 time=0.153s
[RQ-VAE] epoch=1046 loss=0.00032034 recon=0.00007441 beh=6.249853 w=0.000 lr=6.624e-04 time=0.153s
[RQ-VAE] epoch=1047 loss=0.00032135 recon=0.00007452 beh=6.245202 w=0.000 lr=6.620e-04 time=0.153s
[RQ-VAE] epoch=1048 loss=0.00031995 recon=0.00007457 beh=6.248106 w=0.000 lr=6.617e-04 time=0.154s
[RQ-VAE] epoch=1049 loss=0.00031928 recon=0.00007452 beh=6.249182 w=0.000 lr=6.614e-04 time=0.154s
[RQ-VAE] epoch=1050 loss=0.00032022 recon=0.00007452 lr=6.610e-04 raw_unique=20462/24587 collision=0.167772 time=0.154s
[RQ-VAE] epoch=1051 loss=0.00032283 recon=0.00007456 beh=6.245720 w=0.000 lr=6.607e-04 time=0.154s
[RQ-VAE] epoch=1052 loss=0.00032170 recon=0.00007466 beh=6.250914 w=0.000 lr=6.603e-04 time=0.153s
[RQ-VAE] epoch=1053 loss=0.00032342 recon=0.00007443 beh=6.246618 w=0.000 lr=6.600e-04 time=0.256s
[RQ-VAE] epoch=1054 loss=0.00032055 recon=0.00007444 beh=6.246922 w=0.000 lr=6.597e-04 time=0.154s
[RQ-VAE] epoch=1055 loss=0.00031991 recon=0.00007459 beh=6.245491 w=0.000 lr=6.593e-04 time=0.152s
[RQ-VAE] epoch=1056 loss=0.00032112 recon=0.00007447 beh=6.247093 w=0.000 lr=6.590e-04 time=0.153s
[RQ-VAE] epoch=1057 loss=0.00032148 recon=0.00007449 beh=6.245111 w=0.000 lr=6.586e-04 time=0.154s
[RQ-VAE] epoch=1058 loss=0.00032302 recon=0.00007439 beh=6.249931 w=0.000 lr=6.583e-04 time=0.154s
[RQ-VAE] epoch=1059 loss=0.00032087 recon=0.00007446 beh=6.247446 w=0.000 lr=6.580e-04 time=0.153s
[RQ-VAE] epoch=1060 loss=0.00032098 recon=0.00007440 beh=6.247478 w=0.000 lr=6.576e-04 time=0.153s
[RQ-VAE] epoch=1061 loss=0.00032158 recon=0.00007445 beh=6.248355 w=0.000 lr=6.573e-04 time=0.153s
[RQ-VAE] epoch=1062 loss=0.00032209 recon=0.00007432 beh=6.248229 w=0.000 lr=6.569e-04 time=0.155s
[RQ-VAE] epoch=1063 loss=0.00032156 recon=0.00007436 beh=6.249383 w=0.000 lr=6.566e-04 time=0.153s
[RQ-VAE] epoch=1064 loss=0.00031984 recon=0.00007423 beh=6.248211 w=0.000 lr=6.563e-04 time=0.153s
[RQ-VAE] epoch=1065 loss=0.00032084 recon=0.00007442 beh=6.249354 w=0.000 lr=6.559e-04 time=0.153s
[RQ-VAE] epoch=1066 loss=0.00032092 recon=0.00007429 beh=6.246803 w=0.000 lr=6.556e-04 time=0.154s
[RQ-VAE] epoch=1067 loss=0.00032140 recon=0.00007463 beh=6.247140 w=0.000 lr=6.553e-04 time=0.154s
[RQ-VAE] epoch=1068 loss=0.00032239 recon=0.00007429 beh=6.250454 w=0.000 lr=6.549e-04 time=0.156s
[RQ-VAE] epoch=1069 loss=0.00032113 recon=0.00007438 beh=6.248541 w=0.000 lr=6.546e-04 time=0.154s
[RQ-VAE] epoch=1070 loss=0.00032010 recon=0.00007427 beh=6.249500 w=0.000 lr=6.542e-04 time=0.153s
[RQ-VAE] epoch=1071 loss=0.00032024 recon=0.00007419 beh=6.249275 w=0.000 lr=6.539e-04 time=0.154s
[RQ-VAE] epoch=1072 loss=0.00032132 recon=0.00007415 beh=6.246280 w=0.000 lr=6.536e-04 time=0.154s
[RQ-VAE] epoch=1073 loss=0.00032139 recon=0.00007436 beh=6.247579 w=0.000 lr=6.532e-04 time=0.154s
[RQ-VAE] epoch=1074 loss=0.00032148 recon=0.00007441 beh=6.244641 w=0.000 lr=6.529e-04 time=0.153s
[RQ-VAE] epoch=1075 loss=0.00032156 recon=0.00007445 beh=6.248165 w=0.000 lr=6.525e-04 time=0.153s
[RQ-VAE] epoch=1076 loss=0.00032225 recon=0.00007439 beh=6.248423 w=0.000 lr=6.522e-04 time=0.153s
[RQ-VAE] epoch=1077 loss=0.00032203 recon=0.00007436 beh=6.247368 w=0.000 lr=6.519e-04 time=0.153s
[RQ-VAE] epoch=1078 loss=0.00032134 recon=0.00007422 beh=6.243300 w=0.000 lr=6.515e-04 time=0.154s
[RQ-VAE] epoch=1079 loss=0.00031990 recon=0.00007427 beh=6.248770 w=0.000 lr=6.512e-04 time=0.154s
[RQ-VAE] epoch=1080 loss=0.00032164 recon=0.00007432 beh=6.248117 w=0.000 lr=6.508e-04 time=0.153s
[RQ-VAE] epoch=1081 loss=0.00032177 recon=0.00007432 beh=6.249058 w=0.000 lr=6.505e-04 time=0.154s
[RQ-VAE] epoch=1082 loss=0.00032158 recon=0.00007436 beh=6.249865 w=0.000 lr=6.502e-04 time=0.249s
[RQ-VAE] epoch=1083 loss=0.00032078 recon=0.00007433 beh=6.249417 w=0.000 lr=6.498e-04 time=0.153s
[RQ-VAE] epoch=1084 loss=0.00032143 recon=0.00007428 beh=6.248246 w=0.000 lr=6.495e-04 time=0.154s
[RQ-VAE] epoch=1085 loss=0.00032262 recon=0.00007416 beh=6.248030 w=0.000 lr=6.492e-04 time=0.155s
[RQ-VAE] epoch=1086 loss=0.00032202 recon=0.00007416 beh=6.248132 w=0.000 lr=6.488e-04 time=0.154s
[RQ-VAE] epoch=1087 loss=0.00031903 recon=0.00007417 beh=6.249315 w=0.000 lr=6.485e-04 time=0.154s
[RQ-VAE] epoch=1088 loss=0.00031915 recon=0.00007421 beh=6.241532 w=0.000 lr=6.481e-04 time=0.153s
[RQ-VAE] epoch=1089 loss=0.00031849 recon=0.00007393 beh=6.248558 w=0.000 lr=6.478e-04 time=0.154s
[RQ-VAE] epoch=1090 loss=0.00031803 recon=0.00007383 beh=6.249422 w=0.000 lr=6.475e-04 time=0.154s
[RQ-VAE] epoch=1091 loss=0.00031793 recon=0.00007407 beh=6.243398 w=0.000 lr=6.471e-04 time=0.154s
[RQ-VAE] epoch=1092 loss=0.00031753 recon=0.00007410 beh=6.246859 w=0.000 lr=6.468e-04 time=0.153s
[RQ-VAE] epoch=1093 loss=0.00031656 recon=0.00007386 beh=6.246120 w=0.000 lr=6.464e-04 time=0.153s
[RQ-VAE] epoch=1094 loss=0.00031755 recon=0.00007404 beh=6.248466 w=0.000 lr=6.461e-04 time=0.154s
[RQ-VAE] epoch=1095 loss=0.00031806 recon=0.00007385 beh=6.244572 w=0.000 lr=6.458e-04 time=0.154s
[RQ-VAE] epoch=1096 loss=0.00031983 recon=0.00007411 beh=6.245791 w=0.000 lr=6.454e-04 time=0.154s
[RQ-VAE] epoch=1097 loss=0.00031740 recon=0.00007403 beh=6.248592 w=0.000 lr=6.451e-04 time=0.154s
[RQ-VAE] epoch=1098 loss=0.00031814 recon=0.00007392 beh=6.245987 w=0.000 lr=6.447e-04 time=0.153s
[RQ-VAE] epoch=1099 loss=0.00032007 recon=0.00007386 beh=6.247201 w=0.000 lr=6.444e-04 time=0.153s
[RQ-VAE] epoch=1100 loss=0.00032050 recon=0.00007401 lr=6.441e-04 raw_unique=20253/24587 collision=0.176272 time=0.154s
[RQ-VAE] epoch=1101 loss=0.00031771 recon=0.00007399 beh=6.245996 w=0.000 lr=6.437e-04 time=0.249s
[RQ-VAE] epoch=1102 loss=0.00031620 recon=0.00007405 beh=6.245069 w=0.000 lr=6.434e-04 time=0.153s
[RQ-VAE] epoch=1103 loss=0.00031857 recon=0.00007406 beh=6.247530 w=0.000 lr=6.431e-04 time=0.154s
[RQ-VAE] epoch=1104 loss=0.00031895 recon=0.00007384 beh=6.247665 w=0.000 lr=6.427e-04 time=0.153s
[RQ-VAE] epoch=1105 loss=0.00031935 recon=0.00007397 beh=6.245886 w=0.000 lr=6.424e-04 time=0.154s
[RQ-VAE] epoch=1106 loss=0.00031929 recon=0.00007400 beh=6.249433 w=0.000 lr=6.420e-04 time=0.153s
[RQ-VAE] epoch=1107 loss=0.00031984 recon=0.00007411 beh=6.249665 w=0.000 lr=6.417e-04 time=0.154s
[RQ-VAE] epoch=1108 loss=0.00031922 recon=0.00007402 beh=6.250011 w=0.000 lr=6.414e-04 time=0.153s
[RQ-VAE] epoch=1109 loss=0.00031718 recon=0.00007373 beh=6.249337 w=0.000 lr=6.410e-04 time=0.154s
[RQ-VAE] epoch=1110 loss=0.00031825 recon=0.00007397 beh=6.247302 w=0.000 lr=6.407e-04 time=0.154s
[RQ-VAE] epoch=1111 loss=0.00031941 recon=0.00007379 beh=6.249800 w=0.000 lr=6.403e-04 time=0.154s
[RQ-VAE] epoch=1112 loss=0.00031910 recon=0.00007389 beh=6.250231 w=0.000 lr=6.400e-04 time=0.153s
[RQ-VAE] epoch=1113 loss=0.00032129 recon=0.00007416 beh=6.250710 w=0.000 lr=6.397e-04 time=0.155s
[RQ-VAE] epoch=1114 loss=0.00032070 recon=0.00007386 beh=6.246258 w=0.000 lr=6.393e-04 time=0.154s
[RQ-VAE] epoch=1115 loss=0.00032035 recon=0.00007388 beh=6.248471 w=0.000 lr=6.390e-04 time=0.154s
[RQ-VAE] epoch=1116 loss=0.00032014 recon=0.00007373 beh=6.246874 w=0.000 lr=6.386e-04 time=0.154s
[RQ-VAE] epoch=1117 loss=0.00031910 recon=0.00007378 beh=6.249960 w=0.000 lr=6.383e-04 time=0.246s
[RQ-VAE] epoch=1118 loss=0.00032072 recon=0.00007394 beh=6.249111 w=0.000 lr=6.380e-04 time=0.152s
[RQ-VAE] epoch=1119 loss=0.00032122 recon=0.00007376 beh=6.251521 w=0.000 lr=6.376e-04 time=0.153s
[RQ-VAE] epoch=1120 loss=0.00032113 recon=0.00007375 beh=6.248948 w=0.000 lr=6.373e-04 time=0.154s
[RQ-VAE] epoch=1121 loss=0.00032064 recon=0.00007414 beh=6.248238 w=0.000 lr=6.369e-04 time=0.153s
[RQ-VAE] epoch=1122 loss=0.00032139 recon=0.00007389 beh=6.247090 w=0.000 lr=6.366e-04 time=0.153s
[RQ-VAE] epoch=1123 loss=0.00032165 recon=0.00007391 beh=6.248639 w=0.000 lr=6.363e-04 time=0.153s
[RQ-VAE] epoch=1124 loss=0.00032131 recon=0.00007388 beh=6.247304 w=0.000 lr=6.359e-04 time=0.153s
[RQ-VAE] epoch=1125 loss=0.00031916 recon=0.00007375 beh=6.246802 w=0.000 lr=6.356e-04 time=0.154s
[RQ-VAE] epoch=1126 loss=0.00032010 recon=0.00007374 beh=6.249810 w=0.000 lr=6.353e-04 time=0.153s
[RQ-VAE] epoch=1127 loss=0.00031993 recon=0.00007380 beh=6.243632 w=0.000 lr=6.349e-04 time=0.153s
[RQ-VAE] epoch=1128 loss=0.00032131 recon=0.00007372 beh=6.247976 w=0.000 lr=6.346e-04 time=0.154s
[RQ-VAE] epoch=1129 loss=0.00032064 recon=0.00007368 beh=6.248723 w=0.000 lr=6.342e-04 time=0.153s
[RQ-VAE] epoch=1130 loss=0.00032058 recon=0.00007376 beh=6.247273 w=0.000 lr=6.339e-04 time=0.153s
[RQ-VAE] epoch=1131 loss=0.00032077 recon=0.00007362 beh=6.250146 w=0.000 lr=6.336e-04 time=0.153s
[RQ-VAE] epoch=1132 loss=0.00031821 recon=0.00007375 beh=6.247403 w=0.000 lr=6.332e-04 time=0.153s
[RQ-VAE] epoch=1133 loss=0.00031856 recon=0.00007363 beh=6.248215 w=0.000 lr=6.329e-04 time=0.154s
[RQ-VAE] epoch=1134 loss=0.00031939 recon=0.00007361 beh=6.246421 w=0.000 lr=6.325e-04 time=0.154s
[RQ-VAE] epoch=1135 loss=0.00031986 recon=0.00007374 beh=6.246543 w=0.000 lr=6.322e-04 time=0.155s
[RQ-VAE] epoch=1136 loss=0.00032002 recon=0.00007365 beh=6.244082 w=0.000 lr=6.319e-04 time=0.154s
[RQ-VAE] epoch=1137 loss=0.00032000 recon=0.00007391 beh=6.247671 w=0.000 lr=6.315e-04 time=0.154s
[RQ-VAE] epoch=1138 loss=0.00031896 recon=0.00007368 beh=6.242951 w=0.000 lr=6.312e-04 time=0.153s
[RQ-VAE] epoch=1139 loss=0.00031996 recon=0.00007371 beh=6.251531 w=0.000 lr=6.308e-04 time=0.154s
[RQ-VAE] epoch=1140 loss=0.00032054 recon=0.00007373 beh=6.246468 w=0.000 lr=6.305e-04 time=0.154s
[RQ-VAE] epoch=1141 loss=0.00031893 recon=0.00007379 beh=6.248741 w=0.000 lr=6.302e-04 time=0.154s
[RQ-VAE] epoch=1142 loss=0.00032046 recon=0.00007373 beh=6.249226 w=0.000 lr=6.298e-04 time=0.155s
[RQ-VAE] epoch=1143 loss=0.00032191 recon=0.00007376 beh=6.251287 w=0.000 lr=6.295e-04 time=0.153s
[RQ-VAE] epoch=1144 loss=0.00032056 recon=0.00007373 beh=6.246081 w=0.000 lr=6.292e-04 time=0.153s
[RQ-VAE] epoch=1145 loss=0.00032025 recon=0.00007369 beh=6.245205 w=0.000 lr=6.288e-04 time=0.154s
[RQ-VAE] epoch=1146 loss=0.00031744 recon=0.00007388 beh=6.250609 w=0.000 lr=6.285e-04 time=0.154s
[RQ-VAE] epoch=1147 loss=0.00031776 recon=0.00007350 beh=6.248700 w=0.000 lr=6.281e-04 time=0.154s
[RQ-VAE] epoch=1148 loss=0.00031865 recon=0.00007345 beh=6.250299 w=0.000 lr=6.278e-04 time=0.154s
[RQ-VAE] epoch=1149 loss=0.00031877 recon=0.00007328 beh=6.243257 w=0.000 lr=6.275e-04 time=0.154s
[RQ-VAE] epoch=1150 loss=0.00031810 recon=0.00007354 lr=6.271e-04 raw_unique=20339/24587 collision=0.172774 time=0.153s
[RQ-VAE] epoch=1151 loss=0.00031822 recon=0.00007361 beh=6.247534 w=0.000 lr=6.268e-04 time=0.154s
[RQ-VAE] epoch=1152 loss=0.00031846 recon=0.00007360 beh=6.246792 w=0.000 lr=6.264e-04 time=0.154s
[RQ-VAE] epoch=1153 loss=0.00031939 recon=0.00007335 beh=6.247173 w=0.000 lr=6.261e-04 time=0.155s
[RQ-VAE] epoch=1154 loss=0.00031886 recon=0.00007344 beh=6.244781 w=0.000 lr=6.258e-04 time=0.154s
[RQ-VAE] epoch=1155 loss=0.00031777 recon=0.00007339 beh=6.246507 w=0.000 lr=6.254e-04 time=0.155s
[RQ-VAE] epoch=1156 loss=0.00031934 recon=0.00007335 beh=6.249134 w=0.000 lr=6.251e-04 time=0.154s
[RQ-VAE] epoch=1157 loss=0.00031988 recon=0.00007339 beh=6.248357 w=0.000 lr=6.247e-04 time=0.155s
[RQ-VAE] epoch=1158 loss=0.00031903 recon=0.00007337 beh=6.249027 w=0.000 lr=6.244e-04 time=0.154s
[RQ-VAE] epoch=1159 loss=0.00032014 recon=0.00007334 beh=6.248611 w=0.000 lr=6.241e-04 time=0.154s
[RQ-VAE] epoch=1160 loss=0.00032040 recon=0.00007340 beh=6.246132 w=0.000 lr=6.237e-04 time=0.153s
[RQ-VAE] epoch=1161 loss=0.00031851 recon=0.00007349 beh=6.247467 w=0.000 lr=6.234e-04 time=0.153s
[RQ-VAE] epoch=1162 loss=0.00031980 recon=0.00007333 beh=6.245821 w=0.000 lr=6.231e-04 time=0.154s
[RQ-VAE] epoch=1163 loss=0.00031902 recon=0.00007346 beh=6.247466 w=0.000 lr=6.227e-04 time=0.153s
[RQ-VAE] epoch=1164 loss=0.00031883 recon=0.00007334 beh=6.248716 w=0.000 lr=6.224e-04 time=0.153s
[RQ-VAE] epoch=1165 loss=0.00032026 recon=0.00007335 beh=6.250438 w=0.000 lr=6.220e-04 time=0.154s
[RQ-VAE] epoch=1166 loss=0.00031835 recon=0.00007314 beh=6.247161 w=0.000 lr=6.217e-04 time=0.153s
[RQ-VAE] epoch=1167 loss=0.00031824 recon=0.00007341 beh=6.249257 w=0.000 lr=6.214e-04 time=0.154s
[RQ-VAE] epoch=1168 loss=0.00032082 recon=0.00007340 beh=6.248001 w=0.000 lr=6.210e-04 time=0.153s
[RQ-VAE] epoch=1169 loss=0.00032142 recon=0.00007334 beh=6.245330 w=0.000 lr=6.207e-04 time=0.153s
[RQ-VAE] epoch=1170 loss=0.00031987 recon=0.00007321 beh=6.250925 w=0.000 lr=6.203e-04 time=0.154s
[RQ-VAE] epoch=1171 loss=0.00031944 recon=0.00007334 beh=6.245958 w=0.000 lr=6.200e-04 time=0.154s
[RQ-VAE] epoch=1172 loss=0.00031997 recon=0.00007326 beh=6.249782 w=0.000 lr=6.197e-04 time=0.154s
[RQ-VAE] epoch=1173 loss=0.00031865 recon=0.00007326 beh=6.249786 w=0.000 lr=6.193e-04 time=0.252s
[RQ-VAE] epoch=1174 loss=0.00031864 recon=0.00007313 beh=6.247437 w=0.000 lr=6.190e-04 time=0.153s
[RQ-VAE] epoch=1175 loss=0.00031850 recon=0.00007324 beh=6.249373 w=0.000 lr=6.186e-04 time=0.154s
[RQ-VAE] epoch=1176 loss=0.00031775 recon=0.00007318 beh=6.249154 w=0.000 lr=6.183e-04 time=0.153s
[RQ-VAE] epoch=1177 loss=0.00031790 recon=0.00007314 beh=6.248012 w=0.000 lr=6.180e-04 time=0.153s
[RQ-VAE] epoch=1178 loss=0.00031803 recon=0.00007326 beh=6.246891 w=0.000 lr=6.176e-04 time=0.154s
[RQ-VAE] epoch=1179 loss=0.00032081 recon=0.00007331 beh=6.246719 w=0.000 lr=6.173e-04 time=0.155s
[RQ-VAE] epoch=1180 loss=0.00031813 recon=0.00007316 beh=6.246415 w=0.000 lr=6.169e-04 time=0.153s
[RQ-VAE] epoch=1181 loss=0.00031812 recon=0.00007306 beh=6.249438 w=0.000 lr=6.166e-04 time=0.153s
[RQ-VAE] epoch=1182 loss=0.00031949 recon=0.00007304 beh=6.247853 w=0.000 lr=6.163e-04 time=0.154s
[RQ-VAE] epoch=1183 loss=0.00031922 recon=0.00007306 beh=6.247628 w=0.000 lr=6.159e-04 time=0.155s
[RQ-VAE] epoch=1184 loss=0.00031854 recon=0.00007308 beh=6.244727 w=0.000 lr=6.156e-04 time=0.156s
[RQ-VAE] epoch=1185 loss=0.00032028 recon=0.00007330 beh=6.250238 w=0.000 lr=6.153e-04 time=0.155s
[RQ-VAE] epoch=1186 loss=0.00032194 recon=0.00007308 beh=6.247987 w=0.000 lr=6.149e-04 time=0.154s
[RQ-VAE] epoch=1187 loss=0.00032060 recon=0.00007312 beh=6.250351 w=0.000 lr=6.146e-04 time=0.156s
[RQ-VAE] epoch=1188 loss=0.00032095 recon=0.00007319 beh=6.248573 w=0.000 lr=6.142e-04 time=0.153s
[RQ-VAE] epoch=1189 loss=0.00032072 recon=0.00007318 beh=6.244424 w=0.000 lr=6.139e-04 time=0.154s
[RQ-VAE] epoch=1190 loss=0.00032049 recon=0.00007313 beh=6.249604 w=0.000 lr=6.136e-04 time=0.154s
[RQ-VAE] epoch=1191 loss=0.00032292 recon=0.00007313 beh=6.250990 w=0.000 lr=6.132e-04 time=0.155s
[RQ-VAE] epoch=1192 loss=0.00032370 recon=0.00007322 beh=6.247474 w=0.000 lr=6.129e-04 time=0.155s
[RQ-VAE] epoch=1193 loss=0.00032419 recon=0.00007324 beh=6.246301 w=0.000 lr=6.125e-04 time=0.154s
[RQ-VAE] epoch=1194 loss=0.00032449 recon=0.00007328 beh=6.247430 w=0.000 lr=6.122e-04 time=0.154s
[RQ-VAE] epoch=1195 loss=0.00032273 recon=0.00007316 beh=6.246878 w=0.000 lr=6.119e-04 time=0.156s
[RQ-VAE] epoch=1196 loss=0.00032421 recon=0.00007327 beh=6.247581 w=0.000 lr=6.115e-04 time=0.153s
[RQ-VAE] epoch=1197 loss=0.00032473 recon=0.00007321 beh=6.248864 w=0.000 lr=6.112e-04 time=0.153s
[RQ-VAE] epoch=1198 loss=0.00032380 recon=0.00007324 beh=6.248336 w=0.000 lr=6.108e-04 time=0.154s
[RQ-VAE] epoch=1199 loss=0.00032326 recon=0.00007308 beh=6.249382 w=0.000 lr=6.105e-04 time=0.154s
[RQ-VAE] epoch=1200 loss=0.00032235 recon=0.00007313 lr=6.102e-04 raw_unique=20287/24587 collision=0.174889 time=0.154s
[RQ-VAE] epoch=1201 loss=0.00032424 recon=0.00007327 beh=6.242349 w=0.000 lr=6.098e-04 time=0.156s
[RQ-VAE] epoch=1202 loss=0.00032167 recon=0.00007310 beh=6.246022 w=0.000 lr=6.095e-04 time=0.282s
[RQ-VAE] epoch=1203 loss=0.00032071 recon=0.00007324 beh=6.246934 w=0.000 lr=6.092e-04 time=0.154s
[RQ-VAE] epoch=1204 loss=0.00032297 recon=0.00007325 beh=6.246956 w=0.000 lr=6.088e-04 time=0.156s
[RQ-VAE] epoch=1205 loss=0.00032319 recon=0.00007315 beh=6.247821 w=0.000 lr=6.085e-04 time=0.154s
[RQ-VAE] epoch=1206 loss=0.00032158 recon=0.00007315 beh=6.247228 w=0.000 lr=6.081e-04 time=0.154s
[RQ-VAE] epoch=1207 loss=0.00032324 recon=0.00007312 beh=6.249264 w=0.000 lr=6.078e-04 time=0.154s
[RQ-VAE] epoch=1208 loss=0.00032257 recon=0.00007329 beh=6.246345 w=0.000 lr=6.075e-04 time=0.154s
[RQ-VAE] epoch=1209 loss=0.00032070 recon=0.00007307 beh=6.245870 w=0.000 lr=6.071e-04 time=0.154s
[RQ-VAE] epoch=1210 loss=0.00032052 recon=0.00007303 beh=6.248647 w=0.000 lr=6.068e-04 time=0.154s
[RQ-VAE] epoch=1211 loss=0.00032033 recon=0.00007304 beh=6.248996 w=0.000 lr=6.064e-04 time=0.153s
[RQ-VAE] epoch=1212 loss=0.00032085 recon=0.00007309 beh=6.243066 w=0.000 lr=6.061e-04 time=0.158s
[RQ-VAE] epoch=1213 loss=0.00032073 recon=0.00007314 beh=6.245548 w=0.000 lr=6.058e-04 time=0.153s
[RQ-VAE] epoch=1214 loss=0.00032060 recon=0.00007304 beh=6.249261 w=0.000 lr=6.054e-04 time=0.154s
[RQ-VAE] epoch=1215 loss=0.00032077 recon=0.00007312 beh=6.249149 w=0.000 lr=6.051e-04 time=0.154s
[RQ-VAE] epoch=1216 loss=0.00032078 recon=0.00007304 beh=6.251445 w=0.000 lr=6.047e-04 time=0.154s
[RQ-VAE] epoch=1217 loss=0.00031976 recon=0.00007310 beh=6.245330 w=0.000 lr=6.044e-04 time=0.154s
[RQ-VAE] epoch=1218 loss=0.00032094 recon=0.00007292 beh=6.245941 w=0.000 lr=6.041e-04 time=0.155s
[RQ-VAE] epoch=1219 loss=0.00032058 recon=0.00007277 beh=6.249740 w=0.000 lr=6.037e-04 time=0.153s
[RQ-VAE] epoch=1220 loss=0.00032106 recon=0.00007291 beh=6.248609 w=0.000 lr=6.034e-04 time=0.154s
[RQ-VAE] epoch=1221 loss=0.00032063 recon=0.00007283 beh=6.248337 w=0.000 lr=6.031e-04 time=0.153s
[RQ-VAE] epoch=1222 loss=0.00032173 recon=0.00007273 beh=6.246566 w=0.000 lr=6.027e-04 time=0.279s
[RQ-VAE] epoch=1223 loss=0.00032228 recon=0.00007279 beh=6.251415 w=0.000 lr=6.024e-04 time=0.153s
[RQ-VAE] epoch=1224 loss=0.00032065 recon=0.00007279 beh=6.242728 w=0.000 lr=6.020e-04 time=0.154s
[RQ-VAE] epoch=1225 loss=0.00032131 recon=0.00007284 beh=6.248290 w=0.000 lr=6.017e-04 time=0.154s
[RQ-VAE] epoch=1226 loss=0.00031935 recon=0.00007269 beh=6.248710 w=0.000 lr=6.014e-04 time=0.155s
[RQ-VAE] epoch=1227 loss=0.00032073 recon=0.00007290 beh=6.247753 w=0.000 lr=6.010e-04 time=0.154s
[RQ-VAE] epoch=1228 loss=0.00032304 recon=0.00007289 beh=6.247214 w=0.000 lr=6.007e-04 time=0.155s
[RQ-VAE] epoch=1229 loss=0.00032268 recon=0.00007259 beh=6.248670 w=0.000 lr=6.003e-04 time=0.153s
[RQ-VAE] epoch=1230 loss=0.00031968 recon=0.00007279 beh=6.245729 w=0.000 lr=6.000e-04 time=0.154s
[RQ-VAE] epoch=1231 loss=0.00032094 recon=0.00007287 beh=6.245913 w=0.000 lr=5.997e-04 time=0.153s
[RQ-VAE] epoch=1232 loss=0.00032189 recon=0.00007262 beh=6.251496 w=0.000 lr=5.993e-04 time=0.154s
[RQ-VAE] epoch=1233 loss=0.00032229 recon=0.00007268 beh=6.247890 w=0.000 lr=5.990e-04 time=0.154s
[RQ-VAE] epoch=1234 loss=0.00032129 recon=0.00007280 beh=6.248866 w=0.000 lr=5.986e-04 time=0.153s
[RQ-VAE] epoch=1235 loss=0.00032203 recon=0.00007274 beh=6.244966 w=0.000 lr=5.983e-04 time=0.154s
[RQ-VAE] epoch=1236 loss=0.00032054 recon=0.00007276 beh=6.249734 w=0.000 lr=5.980e-04 time=0.153s
[RQ-VAE] epoch=1237 loss=0.00032078 recon=0.00007257 beh=6.247375 w=0.000 lr=5.976e-04 time=0.273s
[RQ-VAE] epoch=1238 loss=0.00031988 recon=0.00007263 beh=6.243217 w=0.000 lr=5.973e-04 time=0.152s
[RQ-VAE] epoch=1239 loss=0.00032141 recon=0.00007277 beh=6.246003 w=0.000 lr=5.969e-04 time=0.152s
[RQ-VAE] epoch=1240 loss=0.00032049 recon=0.00007277 beh=6.248020 w=0.000 lr=5.966e-04 time=0.153s
[RQ-VAE] epoch=1241 loss=0.00031907 recon=0.00007268 beh=6.249369 w=0.000 lr=5.963e-04 time=0.153s
[RQ-VAE] epoch=1242 loss=0.00032143 recon=0.00007260 beh=6.244728 w=0.000 lr=5.959e-04 time=0.152s
[RQ-VAE] epoch=1243 loss=0.00032004 recon=0.00007266 beh=6.251383 w=0.000 lr=5.956e-04 time=0.153s
[RQ-VAE] epoch=1244 loss=0.00032002 recon=0.00007287 beh=6.246277 w=0.000 lr=5.953e-04 time=0.154s
[RQ-VAE] epoch=1245 loss=0.00032034 recon=0.00007269 beh=6.249805 w=0.000 lr=5.949e-04 time=0.152s
[RQ-VAE] epoch=1246 loss=0.00032098 recon=0.00007273 beh=6.244610 w=0.000 lr=5.946e-04 time=0.153s
[RQ-VAE] epoch=1247 loss=0.00032113 recon=0.00007265 beh=6.247642 w=0.000 lr=5.942e-04 time=0.153s
[RQ-VAE] epoch=1248 loss=0.00032003 recon=0.00007268 beh=6.250284 w=0.000 lr=5.939e-04 time=0.155s
[RQ-VAE] epoch=1249 loss=0.00032088 recon=0.00007261 beh=6.245516 w=0.000 lr=5.936e-04 time=0.153s
[RQ-VAE] epoch=1250 loss=0.00032030 recon=0.00007295 lr=5.932e-04 raw_unique=20377/24587 collision=0.171229 time=0.152s
[RQ-VAE] epoch=1251 loss=0.00032248 recon=0.00007280 beh=6.245536 w=0.000 lr=5.929e-04 time=0.154s
[RQ-VAE] epoch=1252 loss=0.00032189 recon=0.00007284 beh=6.246015 w=0.000 lr=5.925e-04 time=0.152s
[RQ-VAE] epoch=1253 loss=0.00032144 recon=0.00007290 beh=6.249618 w=0.000 lr=5.922e-04 time=0.153s
[RQ-VAE] epoch=1254 loss=0.00032237 recon=0.00007287 beh=6.250476 w=0.000 lr=5.919e-04 time=0.153s
[RQ-VAE] epoch=1255 loss=0.00032297 recon=0.00007276 beh=6.248122 w=0.000 lr=5.915e-04 time=0.153s
[RQ-VAE] epoch=1256 loss=0.00032203 recon=0.00007275 beh=6.251337 w=0.000 lr=5.912e-04 time=0.153s
[RQ-VAE] epoch=1257 loss=0.00032128 recon=0.00007280 beh=6.244738 w=0.000 lr=5.908e-04 time=0.154s
[RQ-VAE] epoch=1258 loss=0.00032299 recon=0.00007274 beh=6.250721 w=0.000 lr=5.905e-04 time=0.152s
[RQ-VAE] epoch=1259 loss=0.00032284 recon=0.00007275 beh=6.246327 w=0.000 lr=5.902e-04 time=0.152s
[RQ-VAE] epoch=1260 loss=0.00032165 recon=0.00007290 beh=6.249932 w=0.000 lr=5.898e-04 time=0.152s
[RQ-VAE] epoch=1261 loss=0.00032142 recon=0.00007268 beh=6.252683 w=0.000 lr=5.895e-04 time=0.154s
[RQ-VAE] epoch=1262 loss=0.00032104 recon=0.00007270 beh=6.246386 w=0.000 lr=5.892e-04 time=0.153s
[RQ-VAE] epoch=1263 loss=0.00032111 recon=0.00007271 beh=6.251488 w=0.000 lr=5.888e-04 time=0.153s
[RQ-VAE] epoch=1264 loss=0.00032213 recon=0.00007260 beh=6.249005 w=0.000 lr=5.885e-04 time=0.153s
[RQ-VAE] epoch=1265 loss=0.00031996 recon=0.00007263 beh=6.245921 w=0.000 lr=5.881e-04 time=0.153s
[RQ-VAE] epoch=1266 loss=0.00031970 recon=0.00007270 beh=6.246383 w=0.000 lr=5.878e-04 time=0.152s
[RQ-VAE] epoch=1267 loss=0.00031987 recon=0.00007266 beh=6.247823 w=0.000 lr=5.875e-04 time=0.153s
[RQ-VAE] epoch=1268 loss=0.00032048 recon=0.00007257 beh=6.246099 w=0.000 lr=5.871e-04 time=0.153s
[RQ-VAE] epoch=1269 loss=0.00032027 recon=0.00007271 beh=6.248124 w=0.000 lr=5.868e-04 time=0.152s
[RQ-VAE] epoch=1270 loss=0.00032135 recon=0.00007275 beh=6.246408 w=0.000 lr=5.864e-04 time=0.152s
[RQ-VAE] epoch=1271 loss=0.00032104 recon=0.00007278 beh=6.248909 w=0.000 lr=5.861e-04 time=0.153s
[RQ-VAE] epoch=1272 loss=0.00032125 recon=0.00007258 beh=6.249457 w=0.000 lr=5.858e-04 time=0.152s
[RQ-VAE] epoch=1273 loss=0.00032126 recon=0.00007263 beh=6.248420 w=0.000 lr=5.854e-04 time=0.153s
[RQ-VAE] epoch=1274 loss=0.00032216 recon=0.00007280 beh=6.248943 w=0.000 lr=5.851e-04 time=0.152s
[RQ-VAE] epoch=1275 loss=0.00032151 recon=0.00007249 beh=6.249441 w=0.000 lr=5.847e-04 time=0.152s
[RQ-VAE] epoch=1276 loss=0.00032167 recon=0.00007262 beh=6.250333 w=0.000 lr=5.844e-04 time=0.152s
[RQ-VAE] epoch=1277 loss=0.00032088 recon=0.00007281 beh=6.247155 w=0.000 lr=5.841e-04 time=0.153s
[RQ-VAE] epoch=1278 loss=0.00032236 recon=0.00007256 beh=6.247697 w=0.000 lr=5.837e-04 time=0.152s
[RQ-VAE] epoch=1279 loss=0.00032154 recon=0.00007247 beh=6.250294 w=0.000 lr=5.834e-04 time=0.152s
[RQ-VAE] epoch=1280 loss=0.00032046 recon=0.00007252 beh=6.249809 w=0.000 lr=5.831e-04 time=0.152s
[RQ-VAE] epoch=1281 loss=0.00032158 recon=0.00007280 beh=6.247761 w=0.000 lr=5.827e-04 time=0.152s
[RQ-VAE] epoch=1282 loss=0.00032209 recon=0.00007259 beh=6.250473 w=0.000 lr=5.824e-04 time=0.152s
[RQ-VAE] epoch=1283 loss=0.00032097 recon=0.00007260 beh=6.246903 w=0.000 lr=5.820e-04 time=0.152s
[RQ-VAE] epoch=1284 loss=0.00032044 recon=0.00007257 beh=6.242564 w=0.000 lr=5.817e-04 time=0.153s
[RQ-VAE] epoch=1285 loss=0.00032245 recon=0.00007257 beh=6.249265 w=0.000 lr=5.814e-04 time=0.152s
[RQ-VAE] epoch=1286 loss=0.00032132 recon=0.00007262 beh=6.249653 w=0.000 lr=5.810e-04 time=0.153s
[RQ-VAE] epoch=1287 loss=0.00032197 recon=0.00007250 beh=6.246153 w=0.000 lr=5.807e-04 time=0.154s
[RQ-VAE] epoch=1288 loss=0.00032457 recon=0.00007280 beh=6.246308 w=0.000 lr=5.803e-04 time=0.152s
[RQ-VAE] epoch=1289 loss=0.00032232 recon=0.00007270 beh=6.247605 w=0.000 lr=5.800e-04 time=0.152s
[RQ-VAE] epoch=1290 loss=0.00032245 recon=0.00007255 beh=6.249413 w=0.000 lr=5.797e-04 time=0.153s
[RQ-VAE] epoch=1291 loss=0.00032277 recon=0.00007256 beh=6.248894 w=0.000 lr=5.793e-04 time=0.151s
[RQ-VAE] epoch=1292 loss=0.00032265 recon=0.00007248 beh=6.247951 w=0.000 lr=5.790e-04 time=0.152s
[RQ-VAE] epoch=1293 loss=0.00032160 recon=0.00007272 beh=6.251367 w=0.000 lr=5.786e-04 time=0.279s
[RQ-VAE] epoch=1294 loss=0.00032100 recon=0.00007272 beh=6.246374 w=0.000 lr=5.783e-04 time=0.152s
[RQ-VAE] epoch=1295 loss=0.00032402 recon=0.00007267 beh=6.249437 w=0.000 lr=5.780e-04 time=0.153s
[RQ-VAE] epoch=1296 loss=0.00032489 recon=0.00007253 beh=6.244709 w=0.000 lr=5.776e-04 time=0.155s
[RQ-VAE] epoch=1297 loss=0.00032373 recon=0.00007269 beh=6.248494 w=0.000 lr=5.773e-04 time=0.153s
[RQ-VAE] epoch=1298 loss=0.00032383 recon=0.00007277 beh=6.250080 w=0.000 lr=5.769e-04 time=0.153s
[RQ-VAE] epoch=1299 loss=0.00032373 recon=0.00007249 beh=6.243026 w=0.000 lr=5.766e-04 time=0.154s
[RQ-VAE] epoch=1300 loss=0.00032268 recon=0.00007259 lr=5.763e-04 raw_unique=20343/24587 collision=0.172612 time=0.152s
[RQ-VAE] epoch=1301 loss=0.00032259 recon=0.00007254 beh=6.249858 w=0.000 lr=5.759e-04 time=0.152s
[RQ-VAE] epoch=1302 loss=0.00032391 recon=0.00007265 beh=6.249879 w=0.000 lr=5.756e-04 time=0.157s
[RQ-VAE] epoch=1303 loss=0.00032272 recon=0.00007259 beh=6.249125 w=0.000 lr=5.753e-04 time=0.153s
[RQ-VAE] epoch=1304 loss=0.00032313 recon=0.00007256 beh=6.248190 w=0.000 lr=5.749e-04 time=0.153s
[RQ-VAE] epoch=1305 loss=0.00032296 recon=0.00007258 beh=6.244826 w=0.000 lr=5.746e-04 time=0.154s
[RQ-VAE] epoch=1306 loss=0.00032380 recon=0.00007265 beh=6.251324 w=0.000 lr=5.742e-04 time=0.153s
[RQ-VAE] epoch=1307 loss=0.00032340 recon=0.00007244 beh=6.245744 w=0.000 lr=5.739e-04 time=0.153s
[RQ-VAE] epoch=1308 loss=0.00032188 recon=0.00007245 beh=6.249417 w=0.000 lr=5.736e-04 time=0.152s
[RQ-VAE] epoch=1309 loss=0.00031996 recon=0.00007236 beh=6.245887 w=0.000 lr=5.732e-04 time=0.152s
[RQ-VAE] epoch=1310 loss=0.00032076 recon=0.00007243 beh=6.246718 w=0.000 lr=5.729e-04 time=0.154s
[RQ-VAE] epoch=1311 loss=0.00031935 recon=0.00007225 beh=6.245103 w=0.000 lr=5.725e-04 time=0.153s
[RQ-VAE] epoch=1312 loss=0.00032024 recon=0.00007239 beh=6.247151 w=0.000 lr=5.722e-04 time=0.152s
[RQ-VAE] epoch=1313 loss=0.00032144 recon=0.00007240 beh=6.245604 w=0.000 lr=5.719e-04 time=0.154s
[RQ-VAE] epoch=1314 loss=0.00032155 recon=0.00007249 beh=6.246129 w=0.000 lr=5.715e-04 time=0.152s
[RQ-VAE] epoch=1315 loss=0.00032185 recon=0.00007243 beh=6.245778 w=0.000 lr=5.712e-04 time=0.153s
[RQ-VAE] epoch=1316 loss=0.00032085 recon=0.00007241 beh=6.245004 w=0.000 lr=5.708e-04 time=0.152s
[RQ-VAE] epoch=1317 loss=0.00032121 recon=0.00007247 beh=6.249346 w=0.000 lr=5.705e-04 time=0.153s
[RQ-VAE] epoch=1318 loss=0.00032117 recon=0.00007240 beh=6.247839 w=0.000 lr=5.702e-04 time=0.153s
[RQ-VAE] epoch=1319 loss=0.00032213 recon=0.00007246 beh=6.245904 w=0.000 lr=5.698e-04 time=0.153s
[RQ-VAE] epoch=1320 loss=0.00032221 recon=0.00007237 beh=6.243065 w=0.000 lr=5.695e-04 time=0.151s
[RQ-VAE] epoch=1321 loss=0.00032158 recon=0.00007225 beh=6.250901 w=0.000 lr=5.692e-04 time=0.153s
[RQ-VAE] epoch=1322 loss=0.00032410 recon=0.00007245 beh=6.246891 w=0.000 lr=5.688e-04 time=0.279s
[RQ-VAE] epoch=1323 loss=0.00032437 recon=0.00007228 beh=6.246626 w=0.000 lr=5.685e-04 time=0.152s
[RQ-VAE] epoch=1324 loss=0.00032366 recon=0.00007216 beh=6.248754 w=0.000 lr=5.681e-04 time=0.152s
[RQ-VAE] epoch=1325 loss=0.00032134 recon=0.00007211 beh=6.249393 w=0.000 lr=5.678e-04 time=0.153s
[RQ-VAE] epoch=1326 loss=0.00032200 recon=0.00007234 beh=6.243457 w=0.000 lr=5.675e-04 time=0.155s
[RQ-VAE] epoch=1327 loss=0.00032188 recon=0.00007215 beh=6.246123 w=0.000 lr=5.671e-04 time=0.153s
[RQ-VAE] epoch=1328 loss=0.00032114 recon=0.00007202 beh=6.246899 w=0.000 lr=5.668e-04 time=0.153s
[RQ-VAE] epoch=1329 loss=0.00031969 recon=0.00007215 beh=6.248071 w=0.000 lr=5.664e-04 time=0.153s
[RQ-VAE] epoch=1330 loss=0.00032041 recon=0.00007213 beh=6.245272 w=0.000 lr=5.661e-04 time=0.153s
[RQ-VAE] epoch=1331 loss=0.00032095 recon=0.00007213 beh=6.247243 w=0.000 lr=5.658e-04 time=0.155s
[RQ-VAE] epoch=1332 loss=0.00032073 recon=0.00007237 beh=6.251110 w=0.000 lr=5.654e-04 time=0.153s
[RQ-VAE] epoch=1333 loss=0.00032010 recon=0.00007241 beh=6.250190 w=0.000 lr=5.651e-04 time=0.154s
[RQ-VAE] epoch=1334 loss=0.00032013 recon=0.00007198 beh=6.246647 w=0.000 lr=5.647e-04 time=0.153s
[RQ-VAE] epoch=1335 loss=0.00032080 recon=0.00007213 beh=6.249465 w=0.000 lr=5.644e-04 time=0.153s
[RQ-VAE] epoch=1336 loss=0.00031972 recon=0.00007211 beh=6.247129 w=0.000 lr=5.641e-04 time=0.153s
[RQ-VAE] epoch=1337 loss=0.00031899 recon=0.00007189 beh=6.244602 w=0.000 lr=5.637e-04 time=0.153s
[RQ-VAE] epoch=1338 loss=0.00031912 recon=0.00007185 beh=6.249402 w=0.000 lr=5.634e-04 time=0.153s
[RQ-VAE] epoch=1339 loss=0.00031982 recon=0.00007207 beh=6.247798 w=0.000 lr=5.631e-04 time=0.154s
[RQ-VAE] epoch=1340 loss=0.00031880 recon=0.00007195 beh=6.246015 w=0.000 lr=5.627e-04 time=0.152s
[RQ-VAE] epoch=1341 loss=0.00031881 recon=0.00007202 beh=6.244421 w=0.000 lr=5.624e-04 time=0.153s
[RQ-VAE] epoch=1342 loss=0.00031970 recon=0.00007188 beh=6.247097 w=0.000 lr=5.620e-04 time=0.27s
[RQ-VAE] epoch=1343 loss=0.00031677 recon=0.00007192 beh=6.249263 w=0.000 lr=5.617e-04 time=0.154s
[RQ-VAE] epoch=1344 loss=0.00031729 recon=0.00007208 beh=6.246622 w=0.000 lr=5.614e-04 time=0.152s
[RQ-VAE] epoch=1345 loss=0.00031873 recon=0.00007201 beh=6.252260 w=0.000 lr=5.610e-04 time=0.153s
[RQ-VAE] epoch=1346 loss=0.00031833 recon=0.00007193 beh=6.245609 w=0.000 lr=5.607e-04 time=0.153s
[RQ-VAE] epoch=1347 loss=0.00031860 recon=0.00007192 beh=6.249576 w=0.000 lr=5.603e-04 time=0.153s
[RQ-VAE] epoch=1348 loss=0.00031755 recon=0.00007201 beh=6.247536 w=0.000 lr=5.600e-04 time=0.153s
[RQ-VAE] epoch=1349 loss=0.00031929 recon=0.00007197 beh=6.247209 w=0.000 lr=5.597e-04 time=0.153s
[RQ-VAE] epoch=1350 loss=0.00031934 recon=0.00007208 lr=5.593e-04 raw_unique=20349/24587 collision=0.172368 time=0.154s
[RQ-VAE] epoch=1351 loss=0.00031841 recon=0.00007205 beh=6.249520 w=0.000 lr=5.590e-04 time=0.154s
[RQ-VAE] epoch=1352 loss=0.00031715 recon=0.00007195 beh=6.247606 w=0.000 lr=5.586e-04 time=0.154s
[RQ-VAE] epoch=1353 loss=0.00031913 recon=0.00007182 beh=6.246008 w=0.000 lr=5.583e-04 time=0.153s
[RQ-VAE] epoch=1354 loss=0.00031662 recon=0.00007192 beh=6.246834 w=0.000 lr=5.580e-04 time=0.153s
[RQ-VAE] epoch=1355 loss=0.00031831 recon=0.00007192 beh=6.249782 w=0.000 lr=5.576e-04 time=0.153s
[RQ-VAE] epoch=1356 loss=0.00031958 recon=0.00007199 beh=6.250752 w=0.000 lr=5.573e-04 time=0.154s
[RQ-VAE] epoch=1357 loss=0.00031917 recon=0.00007185 beh=6.249048 w=0.000 lr=5.569e-04 time=0.253s
[RQ-VAE] epoch=1358 loss=0.00031872 recon=0.00007191 beh=6.247532 w=0.000 lr=5.566e-04 time=0.153s
[RQ-VAE] epoch=1359 loss=0.00032037 recon=0.00007177 beh=6.253296 w=0.000 lr=5.563e-04 time=0.153s
[RQ-VAE] epoch=1360 loss=0.00032056 recon=0.00007184 beh=6.246698 w=0.000 lr=5.559e-04 time=0.153s
[RQ-VAE] epoch=1361 loss=0.00031997 recon=0.00007195 beh=6.245792 w=0.000 lr=5.556e-04 time=0.154s
[RQ-VAE] epoch=1362 loss=0.00031867 recon=0.00007190 beh=6.249139 w=0.000 lr=5.553e-04 time=0.153s
[RQ-VAE] epoch=1363 loss=0.00031893 recon=0.00007184 beh=6.245651 w=0.000 lr=5.549e-04 time=0.154s
[RQ-VAE] epoch=1364 loss=0.00031971 recon=0.00007180 beh=6.247038 w=0.000 lr=5.546e-04 time=0.154s
[RQ-VAE] epoch=1365 loss=0.00032143 recon=0.00007171 beh=6.250366 w=0.000 lr=5.542e-04 time=0.155s
[RQ-VAE] epoch=1366 loss=0.00032059 recon=0.00007188 beh=6.249374 w=0.000 lr=5.539e-04 time=0.155s
[RQ-VAE] epoch=1367 loss=0.00031857 recon=0.00007189 beh=6.247288 w=0.000 lr=5.536e-04 time=0.157s
[RQ-VAE] epoch=1368 loss=0.00031933 recon=0.00007183 beh=6.250690 w=0.000 lr=5.532e-04 time=0.153s
[RQ-VAE] epoch=1369 loss=0.00032109 recon=0.00007185 beh=6.245664 w=0.000 lr=5.529e-04 time=0.153s
[RQ-VAE] epoch=1370 loss=0.00031957 recon=0.00007176 beh=6.245982 w=0.000 lr=5.525e-04 time=0.153s
[RQ-VAE] epoch=1371 loss=0.00031975 recon=0.00007184 beh=6.247570 w=0.000 lr=5.522e-04 time=0.153s
[RQ-VAE] epoch=1372 loss=0.00032029 recon=0.00007189 beh=6.244542 w=0.000 lr=5.519e-04 time=0.153s
[RQ-VAE] epoch=1373 loss=0.00032054 recon=0.00007179 beh=6.246552 w=0.000 lr=5.515e-04 time=0.152s
[RQ-VAE] epoch=1374 loss=0.00032082 recon=0.00007175 beh=6.249531 w=0.000 lr=5.512e-04 time=0.156s
[RQ-VAE] epoch=1375 loss=0.00032201 recon=0.00007174 beh=6.244736 w=0.000 lr=5.508e-04 time=0.152s
[RQ-VAE] epoch=1376 loss=0.00032107 recon=0.00007192 beh=6.245464 w=0.000 lr=5.505e-04 time=0.152s
[RQ-VAE] epoch=1377 loss=0.00032038 recon=0.00007171 beh=6.247085 w=0.000 lr=5.502e-04 time=0.153s
[RQ-VAE] epoch=1378 loss=0.00032032 recon=0.00007187 beh=6.247130 w=0.000 lr=5.498e-04 time=0.153s
[RQ-VAE] epoch=1379 loss=0.00032190 recon=0.00007208 beh=6.247871 w=0.000 lr=5.495e-04 time=0.152s
[RQ-VAE] epoch=1380 loss=0.00032165 recon=0.00007182 beh=6.246676 w=0.000 lr=5.492e-04 time=0.153s
[RQ-VAE] epoch=1381 loss=0.00032293 recon=0.00007172 beh=6.247999 w=0.000 lr=5.488e-04 time=0.153s
[RQ-VAE] epoch=1382 loss=0.00032344 recon=0.00007185 beh=6.245413 w=0.000 lr=5.485e-04 time=0.153s
[RQ-VAE] epoch=1383 loss=0.00032365 recon=0.00007172 beh=6.246890 w=0.000 lr=5.481e-04 time=0.153s
[RQ-VAE] epoch=1384 loss=0.00032244 recon=0.00007169 beh=6.247602 w=0.000 lr=5.478e-04 time=0.153s
[RQ-VAE] epoch=1385 loss=0.00032058 recon=0.00007177 beh=6.251657 w=0.000 lr=5.475e-04 time=0.152s
[RQ-VAE] epoch=1386 loss=0.00032246 recon=0.00007192 beh=6.249428 w=0.000 lr=5.471e-04 time=0.153s
[RQ-VAE] epoch=1387 loss=0.00032325 recon=0.00007202 beh=6.246281 w=0.000 lr=5.468e-04 time=0.153s
[RQ-VAE] epoch=1388 loss=0.00032450 recon=0.00007179 beh=6.247389 w=0.000 lr=5.464e-04 time=0.154s
[RQ-VAE] epoch=1389 loss=0.00032264 recon=0.00007185 beh=6.249042 w=0.000 lr=5.461e-04 time=0.16s
[RQ-VAE] epoch=1390 loss=0.00032481 recon=0.00007188 beh=6.247732 w=0.000 lr=5.458e-04 time=0.16s
[RQ-VAE] epoch=1391 loss=0.00032259 recon=0.00007165 beh=6.247605 w=0.000 lr=5.454e-04 time=0.158s
[RQ-VAE] epoch=1392 loss=0.00032203 recon=0.00007185 beh=6.246381 w=0.000 lr=5.451e-04 time=0.153s
[RQ-VAE] epoch=1393 loss=0.00032285 recon=0.00007179 beh=6.246158 w=0.000 lr=5.447e-04 time=0.152s
[RQ-VAE] epoch=1394 loss=0.00032218 recon=0.00007193 beh=6.247440 w=0.000 lr=5.444e-04 time=0.157s
[RQ-VAE] epoch=1395 loss=0.00032303 recon=0.00007182 beh=6.248377 w=0.000 lr=5.441e-04 time=0.159s
[RQ-VAE] epoch=1396 loss=0.00032403 recon=0.00007181 beh=6.249538 w=0.000 lr=5.437e-04 time=0.159s
[RQ-VAE] epoch=1397 loss=0.00032287 recon=0.00007175 beh=6.251432 w=0.000 lr=5.434e-04 time=0.159s
[RQ-VAE] epoch=1398 loss=0.00032105 recon=0.00007178 beh=6.248081 w=0.000 lr=5.431e-04 time=0.159s
[RQ-VAE] epoch=1399 loss=0.00032164 recon=0.00007159 beh=6.250558 w=0.000 lr=5.427e-04 time=0.16s
[RQ-VAE] epoch=1400 loss=0.00032334 recon=0.00007171 lr=5.424e-04 raw_unique=20325/24587 collision=0.173344 time=0.159s
[RQ-VAE] epoch=1401 loss=0.00032247 recon=0.00007177 beh=6.251989 w=0.000 lr=5.420e-04 time=0.16s
[RQ-VAE] epoch=1402 loss=0.00032144 recon=0.00007182 beh=6.250167 w=0.000 lr=5.417e-04 time=0.158s
[RQ-VAE] epoch=1403 loss=0.00032061 recon=0.00007170 beh=6.245146 w=0.000 lr=5.414e-04 time=0.159s
[RQ-VAE] epoch=1404 loss=0.00032065 recon=0.00007180 beh=6.249316 w=0.000 lr=5.410e-04 time=0.159s
[RQ-VAE] epoch=1405 loss=0.00032121 recon=0.00007174 beh=6.246640 w=0.000 lr=5.407e-04 time=0.161s
[RQ-VAE] epoch=1406 loss=0.00032277 recon=0.00007153 beh=6.249249 w=0.000 lr=5.403e-04 time=0.158s
[RQ-VAE] epoch=1407 loss=0.00032183 recon=0.00007165 beh=6.250179 w=0.000 lr=5.400e-04 time=0.153s
[RQ-VAE] epoch=1408 loss=0.00032123 recon=0.00007173 beh=6.247501 w=0.000 lr=5.397e-04 time=0.153s
[RQ-VAE] epoch=1409 loss=0.00032313 recon=0.00007195 beh=6.249506 w=0.000 lr=5.393e-04 time=0.152s
[RQ-VAE] epoch=1410 loss=0.00032369 recon=0.00007172 beh=6.248815 w=0.000 lr=5.390e-04 time=0.153s
[RQ-VAE] epoch=1411 loss=0.00032245 recon=0.00007179 beh=6.249738 w=0.000 lr=5.386e-04 time=0.153s
[RQ-VAE] epoch=1412 loss=0.00032475 recon=0.00007170 beh=6.244101 w=0.000 lr=5.383e-04 time=0.152s
[RQ-VAE] epoch=1413 loss=0.00032364 recon=0.00007175 beh=6.249119 w=0.000 lr=5.380e-04 time=0.281s
[RQ-VAE] epoch=1414 loss=0.00032124 recon=0.00007180 beh=6.250712 w=0.000 lr=5.376e-04 time=0.155s
[RQ-VAE] epoch=1415 loss=0.00032248 recon=0.00007176 beh=6.248975 w=0.000 lr=5.373e-04 time=0.152s
[RQ-VAE] epoch=1416 loss=0.00032368 recon=0.00007177 beh=6.249617 w=0.000 lr=5.369e-04 time=0.152s
[RQ-VAE] epoch=1417 loss=0.00032311 recon=0.00007169 beh=6.248082 w=0.000 lr=5.366e-04 time=0.152s
[RQ-VAE] epoch=1418 loss=0.00032245 recon=0.00007165 beh=6.245830 w=0.000 lr=5.363e-04 time=0.152s
[RQ-VAE] epoch=1419 loss=0.00032285 recon=0.00007164 beh=6.246615 w=0.000 lr=5.359e-04 time=0.153s
[RQ-VAE] epoch=1420 loss=0.00032517 recon=0.00007160 beh=6.249425 w=0.000 lr=5.356e-04 time=0.153s
[RQ-VAE] epoch=1421 loss=0.00032303 recon=0.00007176 beh=6.241335 w=0.000 lr=5.353e-04 time=0.159s
[RQ-VAE] epoch=1422 loss=0.00032213 recon=0.00007180 beh=6.246422 w=0.000 lr=5.349e-04 time=0.159s
[RQ-VAE] epoch=1423 loss=0.00032230 recon=0.00007172 beh=6.249191 w=0.000 lr=5.346e-04 time=0.159s
[RQ-VAE] epoch=1424 loss=0.00032308 recon=0.00007175 beh=6.250021 w=0.000 lr=5.342e-04 time=0.159s
[RQ-VAE] epoch=1425 loss=0.00032203 recon=0.00007167 beh=6.248642 w=0.000 lr=5.339e-04 time=0.159s
[RQ-VAE] epoch=1426 loss=0.00032076 recon=0.00007164 beh=6.248336 w=0.000 lr=5.336e-04 time=0.16s
[RQ-VAE] epoch=1427 loss=0.00032099 recon=0.00007172 beh=6.247393 w=0.000 lr=5.332e-04 time=0.159s
[RQ-VAE] epoch=1428 loss=0.00032045 recon=0.00007169 beh=6.248060 w=0.000 lr=5.329e-04 time=0.156s
[RQ-VAE] epoch=1429 loss=0.00032082 recon=0.00007170 beh=6.250093 w=0.000 lr=5.325e-04 time=0.156s
[RQ-VAE] epoch=1430 loss=0.00032161 recon=0.00007166 beh=6.247813 w=0.000 lr=5.322e-04 time=0.159s
[RQ-VAE] epoch=1431 loss=0.00032100 recon=0.00007165 beh=6.246097 w=0.000 lr=5.319e-04 time=0.159s
[RQ-VAE] epoch=1432 loss=0.00031970 recon=0.00007178 beh=6.250101 w=0.000 lr=5.315e-04 time=0.159s
[RQ-VAE] epoch=1433 loss=0.00032019 recon=0.00007160 beh=6.247265 w=0.000 lr=5.312e-04 time=0.159s
[RQ-VAE] epoch=1434 loss=0.00032093 recon=0.00007178 beh=6.248561 w=0.000 lr=5.308e-04 time=0.159s
[RQ-VAE] epoch=1435 loss=0.00032123 recon=0.00007164 beh=6.246264 w=0.000 lr=5.305e-04 time=0.16s
[RQ-VAE] epoch=1436 loss=0.00032156 recon=0.00007171 beh=6.248611 w=0.000 lr=5.302e-04 time=0.159s
[RQ-VAE] epoch=1437 loss=0.00032033 recon=0.00007170 beh=6.245553 w=0.000 lr=5.298e-04 time=0.159s
[RQ-VAE] epoch=1438 loss=0.00032137 recon=0.00007148 beh=6.245707 w=0.000 lr=5.295e-04 time=0.159s
[RQ-VAE] epoch=1439 loss=0.00032120 recon=0.00007159 beh=6.248196 w=0.000 lr=5.292e-04 time=0.159s
[RQ-VAE] epoch=1440 loss=0.00032006 recon=0.00007154 beh=6.249647 w=0.000 lr=5.288e-04 time=0.159s
[RQ-VAE] epoch=1441 loss=0.00031961 recon=0.00007172 beh=6.245948 w=0.000 lr=5.285e-04 time=0.159s
[RQ-VAE] epoch=1442 loss=0.00032252 recon=0.00007187 beh=6.248376 w=0.000 lr=5.281e-04 time=0.278s
[RQ-VAE] epoch=1443 loss=0.00032106 recon=0.00007152 beh=6.249094 w=0.000 lr=5.278e-04 time=0.152s
[RQ-VAE] epoch=1444 loss=0.00032060 recon=0.00007145 beh=6.250570 w=0.000 lr=5.275e-04 time=0.152s
[RQ-VAE] epoch=1445 loss=0.00032150 recon=0.00007164 beh=6.246946 w=0.000 lr=5.271e-04 time=0.153s
[RQ-VAE] epoch=1446 loss=0.00032141 recon=0.00007163 beh=6.246428 w=0.000 lr=5.268e-04 time=0.155s
[RQ-VAE] epoch=1447 loss=0.00031998 recon=0.00007150 beh=6.247443 w=0.000 lr=5.264e-04 time=0.157s
[RQ-VAE] epoch=1448 loss=0.00031949 recon=0.00007144 beh=6.245733 w=0.000 lr=5.261e-04 time=0.159s
[RQ-VAE] epoch=1449 loss=0.00031870 recon=0.00007139 beh=6.247454 w=0.000 lr=5.258e-04 time=0.16s
[RQ-VAE] epoch=1450 loss=0.00031996 recon=0.00007139 lr=5.254e-04 raw_unique=20364/24587 collision=0.171757 time=0.16s
[RQ-VAE] epoch=1451 loss=0.00032117 recon=0.00007147 beh=6.248020 w=0.000 lr=5.251e-04 time=0.16s
[RQ-VAE] epoch=1452 loss=0.00032058 recon=0.00007151 beh=6.253921 w=0.000 lr=5.247e-04 time=0.159s
[RQ-VAE] epoch=1453 loss=0.00031935 recon=0.00007152 beh=6.249724 w=0.000 lr=5.244e-04 time=0.16s
[RQ-VAE] epoch=1454 loss=0.00032093 recon=0.00007140 beh=6.249450 w=0.000 lr=5.241e-04 time=0.159s
[RQ-VAE] epoch=1455 loss=0.00032225 recon=0.00007152 beh=6.248204 w=0.000 lr=5.237e-04 time=0.157s
[RQ-VAE] epoch=1456 loss=0.00032148 recon=0.00007150 beh=6.251164 w=0.000 lr=5.234e-04 time=0.153s
[RQ-VAE] epoch=1457 loss=0.00032074 recon=0.00007153 beh=6.249382 w=0.000 lr=5.231e-04 time=0.152s
[RQ-VAE] epoch=1458 loss=0.00032079 recon=0.00007124 beh=6.247499 w=0.000 lr=5.227e-04 time=0.152s
[RQ-VAE] epoch=1459 loss=0.00032039 recon=0.00007137 beh=6.248207 w=0.000 lr=5.224e-04 time=0.153s
[RQ-VAE] epoch=1460 loss=0.00032150 recon=0.00007139 beh=6.249248 w=0.000 lr=5.220e-04 time=0.158s
[RQ-VAE] epoch=1461 loss=0.00032008 recon=0.00007138 beh=6.248070 w=0.000 lr=5.217e-04 time=0.156s
[RQ-VAE] epoch=1462 loss=0.00031971 recon=0.00007134 beh=6.247960 w=0.000 lr=5.214e-04 time=0.254s
[RQ-VAE] epoch=1463 loss=0.00032063 recon=0.00007140 beh=6.249516 w=0.000 lr=5.210e-04 time=0.152s
[RQ-VAE] epoch=1464 loss=0.00032065 recon=0.00007144 beh=6.251199 w=0.000 lr=5.207e-04 time=0.152s
[RQ-VAE] epoch=1465 loss=0.00032216 recon=0.00007144 beh=6.249578 w=0.000 lr=5.203e-04 time=0.152s
[RQ-VAE] epoch=1466 loss=0.00032109 recon=0.00007120 beh=6.251054 w=0.000 lr=5.200e-04 time=0.153s
[RQ-VAE] epoch=1467 loss=0.00032044 recon=0.00007140 beh=6.248571 w=0.000 lr=5.197e-04 time=0.153s
[RQ-VAE] epoch=1468 loss=0.00032071 recon=0.00007140 beh=6.248584 w=0.000 lr=5.193e-04 time=0.153s
[RQ-VAE] epoch=1469 loss=0.00032126 recon=0.00007137 beh=6.248933 w=0.000 lr=5.190e-04 time=0.152s
[RQ-VAE] epoch=1470 loss=0.00032165 recon=0.00007123 beh=6.249917 w=0.000 lr=5.186e-04 time=0.152s
[RQ-VAE] epoch=1471 loss=0.00032041 recon=0.00007127 beh=6.245901 w=0.000 lr=5.183e-04 time=0.152s
[RQ-VAE] epoch=1472 loss=0.00031952 recon=0.00007147 beh=6.247970 w=0.000 lr=5.180e-04 time=0.153s
[RQ-VAE] epoch=1473 loss=0.00032033 recon=0.00007131 beh=6.245452 w=0.000 lr=5.176e-04 time=0.152s
[RQ-VAE] epoch=1474 loss=0.00032059 recon=0.00007125 beh=6.246039 w=0.000 lr=5.173e-04 time=0.152s
[RQ-VAE] epoch=1475 loss=0.00032237 recon=0.00007122 beh=6.245737 w=0.000 lr=5.169e-04 time=0.155s
[RQ-VAE] epoch=1476 loss=0.00032069 recon=0.00007126 beh=6.247690 w=0.000 lr=5.166e-04 time=0.152s
[RQ-VAE] epoch=1477 loss=0.00032002 recon=0.00007117 beh=6.249955 w=0.000 lr=5.163e-04 time=0.257s
[RQ-VAE] epoch=1478 loss=0.00032043 recon=0.00007126 beh=6.250064 w=0.000 lr=5.159e-04 time=0.153s
[RQ-VAE] epoch=1479 loss=0.00032130 recon=0.00007119 beh=6.250934 w=0.000 lr=5.156e-04 time=0.153s
[RQ-VAE] epoch=1480 loss=0.00032204 recon=0.00007108 beh=6.247364 w=0.000 lr=5.153e-04 time=0.152s
[RQ-VAE] epoch=1481 loss=0.00032117 recon=0.00007135 beh=6.249595 w=0.000 lr=5.149e-04 time=0.152s
[RQ-VAE] epoch=1482 loss=0.00032109 recon=0.00007122 beh=6.247191 w=0.000 lr=5.146e-04 time=0.152s
[RQ-VAE] epoch=1483 loss=0.00032057 recon=0.00007123 beh=6.248104 w=0.000 lr=5.142e-04 time=0.153s
[RQ-VAE] epoch=1484 loss=0.00032161 recon=0.00007137 beh=6.246022 w=0.000 lr=5.139e-04 time=0.152s
[RQ-VAE] epoch=1485 loss=0.00032119 recon=0.00007119 beh=6.248752 w=0.000 lr=5.136e-04 time=0.153s
[RQ-VAE] epoch=1486 loss=0.00032040 recon=0.00007121 beh=6.249433 w=0.000 lr=5.132e-04 time=0.152s
[RQ-VAE] epoch=1487 loss=0.00032045 recon=0.00007113 beh=6.249897 w=0.000 lr=5.129e-04 time=0.153s
[RQ-VAE] epoch=1488 loss=0.00031891 recon=0.00007126 beh=6.248260 w=0.000 lr=5.125e-04 time=0.152s
[RQ-VAE] epoch=1489 loss=0.00031934 recon=0.00007120 beh=6.252494 w=0.000 lr=5.122e-04 time=0.152s
[RQ-VAE] epoch=1490 loss=0.00031957 recon=0.00007112 beh=6.249064 w=0.000 lr=5.119e-04 time=0.153s
[RQ-VAE] epoch=1491 loss=0.00031845 recon=0.00007109 beh=6.245628 w=0.000 lr=5.115e-04 time=0.153s
[RQ-VAE] epoch=1492 loss=0.00031893 recon=0.00007108 beh=6.246790 w=0.000 lr=5.112e-04 time=0.153s
[RQ-VAE] epoch=1493 loss=0.00031879 recon=0.00007112 beh=6.245996 w=0.000 lr=5.108e-04 time=0.153s
[RQ-VAE] epoch=1494 loss=0.00031903 recon=0.00007123 beh=6.250642 w=0.000 lr=5.105e-04 time=0.152s
[RQ-VAE] epoch=1495 loss=0.00031989 recon=0.00007116 beh=6.247270 w=0.000 lr=5.102e-04 time=0.152s
[RQ-VAE] epoch=1496 loss=0.00032021 recon=0.00007121 beh=6.243804 w=0.000 lr=5.098e-04 time=0.152s
[RQ-VAE] epoch=1497 loss=0.00031857 recon=0.00007110 beh=6.247559 w=0.000 lr=5.095e-04 time=0.153s
[RQ-VAE] epoch=1498 loss=0.00031749 recon=0.00007110 beh=6.247764 w=0.000 lr=5.092e-04 time=0.152s
[RQ-VAE] epoch=1499 loss=0.00031934 recon=0.00007117 beh=6.246362 w=0.000 lr=5.088e-04 time=0.153s
[RQ-VAE] epoch=1500 loss=0.00032096 recon=0.00007103 lr=5.085e-04 raw_unique=20253/24587 collision=0.176272 time=0.152s
[RQ-VAE] epoch=1501 loss=0.00115494 recon=0.00007107 beh=6.244553 w=0.000 lr=5.081e-04 time=0.154s
[RQ-VAE] epoch=1502 loss=0.00198787 recon=0.00007193 beh=6.229160 w=0.000 lr=5.078e-04 time=0.154s
[RQ-VAE] epoch=1503 loss=0.00281906 recon=0.00007302 beh=6.215991 w=0.000 lr=5.075e-04 time=0.151s
[RQ-VAE] epoch=1504 loss=0.00365421 recon=0.00007471 beh=6.208129 w=0.001 lr=5.071e-04 time=0.152s
[RQ-VAE] epoch=1505 loss=0.00448719 recon=0.00007711 beh=6.194468 w=0.001 lr=5.068e-04 time=0.152s
[RQ-VAE] epoch=1506 loss=0.00531920 recon=0.00007864 beh=6.186552 w=0.001 lr=5.064e-04 time=0.152s
[RQ-VAE] epoch=1507 loss=0.00615070 recon=0.00008015 beh=6.180863 w=0.001 lr=5.061e-04 time=0.151s
[RQ-VAE] epoch=1508 loss=0.00698145 recon=0.00008191 beh=6.171558 w=0.001 lr=5.058e-04 time=0.152s
[RQ-VAE] epoch=1509 loss=0.00782222 recon=0.00008389 beh=6.169619 w=0.001 lr=5.054e-04 time=0.154s
[RQ-VAE] epoch=1510 loss=0.00865939 recon=0.00008598 beh=6.166724 w=0.001 lr=5.051e-04 time=0.153s
[RQ-VAE] epoch=1511 loss=0.00949585 recon=0.00008742 beh=6.161282 w=0.001 lr=5.047e-04 time=0.152s
[RQ-VAE] epoch=1512 loss=0.01033487 recon=0.00008912 beh=6.158951 w=0.002 lr=5.044e-04 time=0.152s
[RQ-VAE] epoch=1513 loss=0.01118518 recon=0.00009066 beh=6.160117 w=0.002 lr=5.041e-04 time=0.152s
[RQ-VAE] epoch=1514 loss=0.01201145 recon=0.00009216 beh=6.152820 w=0.002 lr=5.037e-04 time=0.151s
[RQ-VAE] epoch=1515 loss=0.01283960 recon=0.00009349 beh=6.148123 w=0.002 lr=5.034e-04 time=0.152s
[RQ-VAE] epoch=1516 loss=0.01367805 recon=0.00009361 beh=6.150390 w=0.002 lr=5.031e-04 time=0.151s
[RQ-VAE] epoch=1517 loss=0.01449357 recon=0.00009444 beh=6.143300 w=0.002 lr=5.027e-04 time=0.153s
[RQ-VAE] epoch=1518 loss=0.01531954 recon=0.00009596 beh=6.141850 w=0.002 lr=5.024e-04 time=0.152s
[RQ-VAE] epoch=1519 loss=0.01614262 recon=0.00009597 beh=6.140244 w=0.003 lr=5.020e-04 time=0.153s
[RQ-VAE] epoch=1520 loss=0.01697014 recon=0.00009745 beh=6.135015 w=0.003 lr=5.017e-04 time=0.153s
[RQ-VAE] epoch=1521 loss=0.01781292 recon=0.00009736 beh=6.145806 w=0.003 lr=5.014e-04 time=0.153s
[RQ-VAE] epoch=1522 loss=0.01862267 recon=0.00009844 beh=6.133735 w=0.003 lr=5.010e-04 time=0.153s
[RQ-VAE] epoch=1523 loss=0.01946597 recon=0.00009914 beh=6.141766 w=0.003 lr=5.007e-04 time=0.153s
[RQ-VAE] epoch=1524 loss=0.02030410 recon=0.00010009 beh=6.141014 w=0.003 lr=5.003e-04 time=0.152s
[RQ-VAE] epoch=1525 loss=0.02111644 recon=0.00010006 beh=6.140598 w=0.003 lr=5.000e-04 time=0.153s
[RQ-VAE] epoch=1526 loss=0.02192925 recon=0.00010100 beh=6.133430 w=0.003 lr=4.997e-04 time=0.153s
[RQ-VAE] epoch=1527 loss=0.02273832 recon=0.00010145 beh=6.129778 w=0.004 lr=4.993e-04 time=0.153s
[RQ-VAE] epoch=1528 loss=0.02356748 recon=0.00010232 beh=6.133906 w=0.004 lr=4.990e-04 time=0.152s
[RQ-VAE] epoch=1529 loss=0.02441167 recon=0.00010222 beh=6.139117 w=0.004 lr=4.986e-04 time=0.153s
[RQ-VAE] epoch=1530 loss=0.02522315 recon=0.00010215 beh=6.134650 w=0.004 lr=4.983e-04 time=0.152s
[RQ-VAE] epoch=1531 loss=0.02603579 recon=0.00010205 beh=6.130031 w=0.004 lr=4.980e-04 time=0.154s
[RQ-VAE] epoch=1532 loss=0.02686135 recon=0.00010215 beh=6.132909 w=0.004 lr=4.976e-04 time=0.153s
[RQ-VAE] epoch=1533 loss=0.02767466 recon=0.00010178 beh=6.131912 w=0.004 lr=4.973e-04 time=0.153s
[RQ-VAE] epoch=1534 loss=0.02849120 recon=0.00010217 beh=6.129529 w=0.005 lr=4.969e-04 time=0.277s
[RQ-VAE] epoch=1535 loss=0.02932431 recon=0.00010258 beh=6.133124 w=0.005 lr=4.966e-04 time=0.152s
[RQ-VAE] epoch=1536 loss=0.03013978 recon=0.00010218 beh=6.134709 w=0.005 lr=4.963e-04 time=0.152s
[RQ-VAE] epoch=1537 loss=0.03095663 recon=0.00010222 beh=6.132713 w=0.005 lr=4.959e-04 time=0.154s
[RQ-VAE] epoch=1538 loss=0.03175310 recon=0.00010228 beh=6.131175 w=0.005 lr=4.956e-04 time=0.152s
[RQ-VAE] epoch=1539 loss=0.03258205 recon=0.00010332 beh=6.128812 w=0.005 lr=4.953e-04 time=0.152s
[RQ-VAE] epoch=1540 loss=0.03342305 recon=0.00010314 beh=6.133337 w=0.005 lr=4.949e-04 time=0.152s
[RQ-VAE] epoch=1541 loss=0.03420400 recon=0.00010430 beh=6.122497 w=0.005 lr=4.946e-04 time=0.152s
[RQ-VAE] epoch=1542 loss=0.03503322 recon=0.00010374 beh=6.126115 w=0.006 lr=4.942e-04 time=0.152s
[RQ-VAE] epoch=1543 loss=0.03587109 recon=0.00010554 beh=6.126942 w=0.006 lr=4.939e-04 time=0.153s
[RQ-VAE] epoch=1544 loss=0.03666466 recon=0.00010437 beh=6.122424 w=0.006 lr=4.936e-04 time=0.153s
[RQ-VAE] epoch=1545 loss=0.03752963 recon=0.00010520 beh=6.130043 w=0.006 lr=4.932e-04 time=0.153s
[RQ-VAE] epoch=1546 loss=0.03834013 recon=0.00010676 beh=6.126884 w=0.006 lr=4.929e-04 time=0.155s
[RQ-VAE] epoch=1547 loss=0.03915336 recon=0.00010592 beh=6.124778 w=0.006 lr=4.925e-04 time=0.152s
[RQ-VAE] epoch=1548 loss=0.03999173 recon=0.00010546 beh=6.128959 w=0.006 lr=4.922e-04 time=0.153s
[RQ-VAE] epoch=1549 loss=0.04083252 recon=0.00010710 beh=6.131583 w=0.007 lr=4.919e-04 time=0.152s
[RQ-VAE] epoch=1550 loss=0.04161090 recon=0.00010634 lr=4.915e-04 raw_unique=17541/24587 collision=0.286574 time=0.153s
[RQ-VAE] epoch=1551 loss=0.04247347 recon=0.00010758 beh=6.130425 w=0.007 lr=4.912e-04 time=0.153s
[RQ-VAE] epoch=1552 loss=0.04325706 recon=0.00010682 beh=6.125150 w=0.007 lr=4.908e-04 time=0.153s
[RQ-VAE] epoch=1553 loss=0.04406504 recon=0.00010646 beh=6.123212 w=0.007 lr=4.905e-04 time=0.152s
[RQ-VAE] epoch=1554 loss=0.04492471 recon=0.00010666 beh=6.128125 w=0.007 lr=4.902e-04 time=0.154s
[RQ-VAE] epoch=1555 loss=0.04570644 recon=0.00010682 beh=6.126075 w=0.007 lr=4.898e-04 time=0.152s
[RQ-VAE] epoch=1556 loss=0.04653832 recon=0.00010737 beh=6.124403 w=0.007 lr=4.895e-04 time=0.153s
[RQ-VAE] epoch=1557 loss=0.04739740 recon=0.00010702 beh=6.130327 w=0.008 lr=4.892e-04 time=0.152s
[RQ-VAE] epoch=1558 loss=0.04817037 recon=0.00010645 beh=6.125588 w=0.008 lr=4.888e-04 time=0.152s
[RQ-VAE] epoch=1559 loss=0.04898545 recon=0.00010629 beh=6.126576 w=0.008 lr=4.885e-04 time=0.153s
[RQ-VAE] epoch=1560 loss=0.04978665 recon=0.00010705 beh=6.121412 w=0.008 lr=4.881e-04 time=0.153s
[RQ-VAE] epoch=1561 loss=0.05066356 recon=0.00010798 beh=6.128432 w=0.008 lr=4.878e-04 time=0.152s
[RQ-VAE] epoch=1562 loss=0.05143212 recon=0.00010641 beh=6.122948 w=0.008 lr=4.875e-04 time=0.153s
[RQ-VAE] epoch=1563 loss=0.05222588 recon=0.00010592 beh=6.119889 w=0.008 lr=4.871e-04 time=0.267s
[RQ-VAE] epoch=1564 loss=0.05309887 recon=0.00010745 beh=6.124980 w=0.009 lr=4.868e-04 time=0.153s
[RQ-VAE] epoch=1565 loss=0.05393153 recon=0.00010756 beh=6.128160 w=0.009 lr=4.864e-04 time=0.152s
[RQ-VAE] epoch=1566 loss=0.05471688 recon=0.00010705 beh=6.123611 w=0.009 lr=4.861e-04 time=0.153s
[RQ-VAE] epoch=1567 loss=0.05556229 recon=0.00010663 beh=6.126351 w=0.009 lr=4.858e-04 time=0.153s
[RQ-VAE] epoch=1568 loss=0.05644733 recon=0.00010703 beh=6.133887 w=0.009 lr=4.854e-04 time=0.154s
[RQ-VAE] epoch=1569 loss=0.05722434 recon=0.00010728 beh=6.128991 w=0.009 lr=4.851e-04 time=0.153s
[RQ-VAE] epoch=1570 loss=0.05799326 recon=0.00010739 beh=6.122468 w=0.009 lr=4.847e-04 time=0.153s
[RQ-VAE] epoch=1571 loss=0.05882135 recon=0.00010686 beh=6.123081 w=0.009 lr=4.844e-04 time=0.152s
[RQ-VAE] epoch=1572 loss=0.05966607 recon=0.00010735 beh=6.126962 w=0.010 lr=4.841e-04 time=0.153s
[RQ-VAE] epoch=1573 loss=0.06041526 recon=0.00010831 beh=6.118656 w=0.010 lr=4.837e-04 time=0.154s
[RQ-VAE] epoch=1574 loss=0.06122110 recon=0.00010725 beh=6.118048 w=0.010 lr=4.834e-04 time=0.153s
[RQ-VAE] epoch=1575 loss=0.06213861 recon=0.00010747 beh=6.128584 w=0.010 lr=4.831e-04 time=0.153s
[RQ-VAE] epoch=1576 loss=0.06293593 recon=0.00010717 beh=6.124509 w=0.010 lr=4.827e-04 time=0.153s
[RQ-VAE] epoch=1577 loss=0.06377759 recon=0.00010837 beh=6.128068 w=0.010 lr=4.824e-04 time=0.153s
[RQ-VAE] epoch=1578 loss=0.06459656 recon=0.00011033 beh=6.124088 w=0.010 lr=4.820e-04 time=0.152s
[RQ-VAE] epoch=1579 loss=0.06543556 recon=0.00010809 beh=6.128850 w=0.011 lr=4.817e-04 time=0.152s
[RQ-VAE] epoch=1580 loss=0.06613622 recon=0.00010703 beh=6.116990 w=0.011 lr=4.814e-04 time=0.152s
[RQ-VAE] epoch=1581 loss=0.06699786 recon=0.00010746 beh=6.122741 w=0.011 lr=4.810e-04 time=0.153s
[RQ-VAE] epoch=1582 loss=0.06778147 recon=0.00010830 beh=6.118411 w=0.011 lr=4.807e-04 time=0.247s
[RQ-VAE] epoch=1583 loss=0.06864773 recon=0.00010896 beh=6.121133 w=0.011 lr=4.803e-04 time=0.152s
[RQ-VAE] epoch=1584 loss=0.06945155 recon=0.00010912 beh=6.120404 w=0.011 lr=4.800e-04 time=0.155s
[RQ-VAE] epoch=1585 loss=0.07029183 recon=0.00010747 beh=6.124421 w=0.011 lr=4.797e-04 time=0.152s
[RQ-VAE] epoch=1586 loss=0.07108618 recon=0.00010716 beh=6.120807 w=0.011 lr=4.793e-04 time=0.152s
[RQ-VAE] epoch=1587 loss=0.07194301 recon=0.00010620 beh=6.127410 w=0.012 lr=4.790e-04 time=0.153s
[RQ-VAE] epoch=1588 loss=0.07269530 recon=0.00010759 beh=6.120011 w=0.012 lr=4.786e-04 time=0.152s
[RQ-VAE] epoch=1589 loss=0.07354732 recon=0.00010816 beh=6.120968 w=0.012 lr=4.783e-04 time=0.153s
[RQ-VAE] epoch=1590 loss=0.07437027 recon=0.00010841 beh=6.121563 w=0.012 lr=4.780e-04 time=0.153s
[RQ-VAE] epoch=1591 loss=0.07523502 recon=0.00010884 beh=6.125554 w=0.012 lr=4.776e-04 time=0.152s
[RQ-VAE] epoch=1592 loss=0.07600570 recon=0.00010785 beh=6.122875 w=0.012 lr=4.773e-04 time=0.151s
[RQ-VAE] epoch=1593 loss=0.07685156 recon=0.00010676 beh=6.124478 w=0.012 lr=4.769e-04 time=0.154s
[RQ-VAE] epoch=1594 loss=0.07766538 recon=0.00010815 beh=6.122764 w=0.013 lr=4.766e-04 time=0.152s
[RQ-VAE] epoch=1595 loss=0.07844540 recon=0.00010949 beh=6.119611 w=0.013 lr=4.763e-04 time=0.153s
[RQ-VAE] epoch=1596 loss=0.07933494 recon=0.00010897 beh=6.125431 w=0.013 lr=4.759e-04 time=0.154s
[RQ-VAE] epoch=1597 loss=0.08007612 recon=0.00010893 beh=6.117273 w=0.013 lr=4.756e-04 time=0.255s
[RQ-VAE] epoch=1598 loss=0.08092882 recon=0.00010831 beh=6.122810 w=0.013 lr=4.753e-04 time=0.152s
[RQ-VAE] epoch=1599 loss=0.08168170 recon=0.00010940 beh=6.115242 w=0.013 lr=4.749e-04 time=0.151s
[RQ-VAE] epoch=1600 loss=0.08262414 recon=0.00010930 lr=4.746e-04 raw_unique=17104/24587 collision=0.304348 time=0.151s
[RQ-VAE] epoch=1601 loss=0.08333489 recon=0.00010890 beh=6.118492 w=0.013 lr=4.742e-04 time=0.152s
[RQ-VAE] epoch=1602 loss=0.08422515 recon=0.00010834 beh=6.124530 w=0.014 lr=4.739e-04 time=0.151s
[RQ-VAE] epoch=1603 loss=0.08498548 recon=0.00010950 beh=6.118073 w=0.014 lr=4.736e-04 time=0.151s
[RQ-VAE] epoch=1604 loss=0.08588005 recon=0.00010920 beh=6.123385 w=0.014 lr=4.732e-04 time=0.151s
[RQ-VAE] epoch=1605 loss=0.08666776 recon=0.00010926 beh=6.122589 w=0.014 lr=4.729e-04 time=0.151s
[RQ-VAE] epoch=1606 loss=0.08748763 recon=0.00010874 beh=6.123870 w=0.014 lr=4.725e-04 time=0.151s
[RQ-VAE] epoch=1607 loss=0.08822507 recon=0.00010862 beh=6.116639 w=0.014 lr=4.722e-04 time=0.151s
[RQ-VAE] epoch=1608 loss=0.08914312 recon=0.00010900 beh=6.123874 w=0.014 lr=4.719e-04 time=0.151s
[RQ-VAE] epoch=1609 loss=0.08996511 recon=0.00010883 beh=6.124352 w=0.015 lr=4.715e-04 time=0.152s
[RQ-VAE] epoch=1610 loss=0.09071729 recon=0.00010787 beh=6.119727 w=0.015 lr=4.712e-04 time=0.15s
[RQ-VAE] epoch=1611 loss=0.09153171 recon=0.00010856 beh=6.118463 w=0.015 lr=4.708e-04 time=0.152s
[RQ-VAE] epoch=1612 loss=0.09245985 recon=0.00010878 beh=6.126704 w=0.015 lr=4.705e-04 time=0.151s
[RQ-VAE] epoch=1613 loss=0.09322176 recon=0.00010917 beh=6.122538 w=0.015 lr=4.702e-04 time=0.151s
[RQ-VAE] epoch=1614 loss=0.09402647 recon=0.00010923 beh=6.120311 w=0.015 lr=4.698e-04 time=0.152s
[RQ-VAE] epoch=1615 loss=0.09490093 recon=0.00010911 beh=6.125975 w=0.015 lr=4.695e-04 time=0.152s
[RQ-VAE] epoch=1616 loss=0.09557441 recon=0.00010815 beh=6.115294 w=0.015 lr=4.692e-04 time=0.151s
[RQ-VAE] epoch=1617 loss=0.09641433 recon=0.00010870 beh=6.116322 w=0.016 lr=4.688e-04 time=0.151s
[RQ-VAE] epoch=1618 loss=0.09738049 recon=0.00010973 beh=6.126561 w=0.016 lr=4.685e-04 time=0.151s
[RQ-VAE] epoch=1619 loss=0.09814109 recon=0.00011021 beh=6.122325 w=0.016 lr=4.681e-04 time=0.151s
[RQ-VAE] epoch=1620 loss=0.09886885 recon=0.00010936 beh=6.115988 w=0.016 lr=4.678e-04 time=0.151s
[RQ-VAE] epoch=1621 loss=0.09962358 recon=0.00010858 beh=6.112730 w=0.016 lr=4.675e-04 time=0.152s
[RQ-VAE] epoch=1622 loss=0.10065522 recon=0.00010893 beh=6.126182 w=0.016 lr=4.671e-04 time=0.15s
[RQ-VAE] epoch=1623 loss=0.10143938 recon=0.00010922 beh=6.124111 w=0.016 lr=4.668e-04 time=0.152s
[RQ-VAE] epoch=1624 loss=0.10230029 recon=0.00010938 beh=6.127218 w=0.017 lr=4.664e-04 time=0.151s
[RQ-VAE] epoch=1625 loss=0.10297902 recon=0.00010939 beh=6.117289 w=0.017 lr=4.661e-04 time=0.152s
[RQ-VAE] epoch=1626 loss=0.10384077 recon=0.00010941 beh=6.118111 w=0.017 lr=4.658e-04 time=0.152s
[RQ-VAE] epoch=1627 loss=0.10461339 recon=0.00010922 beh=6.116514 w=0.017 lr=4.654e-04 time=0.152s
[RQ-VAE] epoch=1628 loss=0.10546429 recon=0.00010963 beh=6.118434 w=0.017 lr=4.651e-04 time=0.151s
[RQ-VAE] epoch=1629 loss=0.10631934 recon=0.00010974 beh=6.121327 w=0.017 lr=4.647e-04 time=0.15s
[RQ-VAE] epoch=1630 loss=0.10714801 recon=0.00010952 beh=6.123341 w=0.017 lr=4.644e-04 time=0.155s
[RQ-VAE] epoch=1631 loss=0.10791341 recon=0.00010928 beh=6.118498 w=0.017 lr=4.641e-04 time=0.15s
[RQ-VAE] epoch=1632 loss=0.10882151 recon=0.00010842 beh=6.125205 w=0.018 lr=4.637e-04 time=0.151s
[RQ-VAE] epoch=1633 loss=0.10951870 recon=0.00010870 beh=6.118152 w=0.018 lr=4.634e-04 time=0.151s
[RQ-VAE] epoch=1634 loss=0.11031586 recon=0.00010820 beh=6.117074 w=0.018 lr=4.631e-04 time=0.151s
[RQ-VAE] epoch=1635 loss=0.11112419 recon=0.00010894 beh=6.115472 w=0.018 lr=4.627e-04 time=0.152s
[RQ-VAE] epoch=1636 loss=0.11198512 recon=0.00010913 beh=6.119156 w=0.018 lr=4.624e-04 time=0.151s
[RQ-VAE] epoch=1637 loss=0.11288621 recon=0.00010828 beh=6.124517 w=0.018 lr=4.620e-04 time=0.151s
[RQ-VAE] epoch=1638 loss=0.11366255 recon=0.00010887 beh=6.121760 w=0.018 lr=4.617e-04 time=0.152s
[RQ-VAE] epoch=1639 loss=0.11455278 recon=0.00010966 beh=6.124546 w=0.019 lr=4.614e-04 time=0.151s
[RQ-VAE] epoch=1640 loss=0.11507573 recon=0.00010892 beh=6.107992 w=0.019 lr=4.610e-04 time=0.15s
[RQ-VAE] epoch=1641 loss=0.11614160 recon=0.00010879 beh=6.123317 w=0.019 lr=4.607e-04 time=0.152s
[RQ-VAE] epoch=1642 loss=0.11683717 recon=0.00010895 beh=6.115938 w=0.019 lr=4.603e-04 time=0.152s
[RQ-VAE] epoch=1643 loss=0.11768267 recon=0.00010949 beh=6.115648 w=0.019 lr=4.600e-04 time=0.151s
[RQ-VAE] epoch=1644 loss=0.11855918 recon=0.00010884 beh=6.119442 w=0.019 lr=4.597e-04 time=0.152s
[RQ-VAE] epoch=1645 loss=0.11931984 recon=0.00010948 beh=6.116355 w=0.019 lr=4.593e-04 time=0.153s
[RQ-VAE] epoch=1646 loss=0.12013825 recon=0.00010900 beh=6.117952 w=0.019 lr=4.590e-04 time=0.151s
[RQ-VAE] epoch=1647 loss=0.12099293 recon=0.00010974 beh=6.119770 w=0.020 lr=4.586e-04 time=0.151s
[RQ-VAE] epoch=1648 loss=0.12190434 recon=0.00010953 beh=6.124111 w=0.020 lr=4.583e-04 time=0.15s
[RQ-VAE] epoch=1649 loss=0.12263304 recon=0.00011119 beh=6.118137 w=0.020 lr=4.580e-04 time=0.151s
[RQ-VAE] epoch=1650 loss=0.12342681 recon=0.00010953 lr=4.576e-04 raw_unique=17435/24587 collision=0.290885 time=0.151s
[RQ-VAE] epoch=1651 loss=0.12436382 recon=0.00010948 beh=6.123498 w=0.020 lr=4.573e-04 time=0.152s
[RQ-VAE] epoch=1652 loss=0.12521160 recon=0.00010915 beh=6.125941 w=0.020 lr=4.569e-04 time=0.152s
[RQ-VAE] epoch=1653 loss=0.12592702 recon=0.00010918 beh=6.121101 w=0.020 lr=4.566e-04 time=0.151s
[RQ-VAE] epoch=1654 loss=0.12676430 recon=0.00011018 beh=6.120840 w=0.021 lr=4.563e-04 time=0.27s
[RQ-VAE] epoch=1655 loss=0.12743679 recon=0.00011012 beh=6.113420 w=0.021 lr=4.559e-04 time=0.15s
[RQ-VAE] epoch=1656 loss=0.12826476 recon=0.00011005 beh=6.114483 w=0.021 lr=4.556e-04 time=0.153s
[RQ-VAE] epoch=1657 loss=0.12910704 recon=0.00010981 beh=6.115409 w=0.021 lr=4.553e-04 time=0.151s
[RQ-VAE] epoch=1658 loss=0.12990999 recon=0.00011002 beh=6.113890 w=0.021 lr=4.549e-04 time=0.151s
[RQ-VAE] epoch=1659 loss=0.13079837 recon=0.00011059 beh=6.118175 w=0.021 lr=4.546e-04 time=0.151s
[RQ-VAE] epoch=1660 loss=0.13179424 recon=0.00011037 beh=6.126414 w=0.021 lr=4.542e-04 time=0.154s
[RQ-VAE] epoch=1661 loss=0.13247111 recon=0.00011066 beh=6.118589 w=0.021 lr=4.539e-04 time=0.152s
[RQ-VAE] epoch=1662 loss=0.13311145 recon=0.00011004 beh=6.110050 w=0.022 lr=4.536e-04 time=0.151s
[RQ-VAE] epoch=1663 loss=0.13412191 recon=0.00011100 beh=6.120005 w=0.022 lr=4.532e-04 time=0.152s
[RQ-VAE] epoch=1664 loss=0.13494264 recon=0.00011012 beh=6.119915 w=0.022 lr=4.529e-04 time=0.152s
[RQ-VAE] epoch=1665 loss=0.13569430 recon=0.00011027 beh=6.117633 w=0.022 lr=4.525e-04 time=0.151s
[RQ-VAE] epoch=1666 loss=0.13651171 recon=0.00011065 beh=6.116961 w=0.022 lr=4.522e-04 time=0.151s
[RQ-VAE] epoch=1667 loss=0.13726304 recon=0.00011105 beh=6.113846 w=0.022 lr=4.519e-04 time=0.152s
[RQ-VAE] epoch=1668 loss=0.13826682 recon=0.00011100 beh=6.122510 w=0.022 lr=4.515e-04 time=0.152s
[RQ-VAE] epoch=1669 loss=0.13897096 recon=0.00011057 beh=6.116426 w=0.023 lr=4.512e-04 time=0.151s
[RQ-VAE] epoch=1670 loss=0.13972574 recon=0.00011064 beh=6.113949 w=0.023 lr=4.508e-04 time=0.151s
[RQ-VAE] epoch=1671 loss=0.14068106 recon=0.00011049 beh=6.120273 w=0.023 lr=4.505e-04 time=0.152s
[RQ-VAE] epoch=1672 loss=0.14149673 recon=0.00011097 beh=6.121000 w=0.023 lr=4.502e-04 time=0.153s
[RQ-VAE] epoch=1673 loss=0.14212398 recon=0.00011067 beh=6.111484 w=0.023 lr=4.498e-04 time=0.152s
[RQ-VAE] epoch=1674 loss=0.14306134 recon=0.00011035 beh=6.117516 w=0.023 lr=4.495e-04 time=0.151s
[RQ-VAE] epoch=1675 loss=0.14400172 recon=0.00011178 beh=6.122204 w=0.023 lr=4.492e-04 time=0.151s
[RQ-VAE] epoch=1676 loss=0.14478621 recon=0.00011163 beh=6.121092 w=0.023 lr=4.488e-04 time=0.151s
[RQ-VAE] epoch=1677 loss=0.14549302 recon=0.00011117 beh=6.116403 w=0.024 lr=4.485e-04 time=0.151s
[RQ-VAE] epoch=1678 loss=0.14616266 recon=0.00011065 beh=6.109175 w=0.024 lr=4.481e-04 time=0.151s
[RQ-VAE] epoch=1679 loss=0.14717036 recon=0.00011131 beh=6.117926 w=0.024 lr=4.478e-04 time=0.151s
[RQ-VAE] epoch=1680 loss=0.14800467 recon=0.00011089 beh=6.118654 w=0.024 lr=4.475e-04 time=0.151s
[RQ-VAE] epoch=1681 loss=0.14866036 recon=0.00011110 beh=6.110817 w=0.024 lr=4.471e-04 time=0.152s
[RQ-VAE] epoch=1682 loss=0.14978532 recon=0.00011267 beh=6.124474 w=0.024 lr=4.468e-04 time=0.152s
[RQ-VAE] epoch=1683 loss=0.15032344 recon=0.00011174 beh=6.113035 w=0.024 lr=4.464e-04 time=0.253s
[RQ-VAE] epoch=1684 loss=0.15100756 recon=0.00011180 beh=6.106532 w=0.025 lr=4.461e-04 time=0.152s
[RQ-VAE] epoch=1685 loss=0.15216729 recon=0.00011206 beh=6.120428 w=0.025 lr=4.458e-04 time=0.151s
[RQ-VAE] epoch=1686 loss=0.15317047 recon=0.00011209 beh=6.127659 w=0.025 lr=4.454e-04 time=0.151s
[RQ-VAE] epoch=1687 loss=0.15378062 recon=0.00011264 beh=6.119603 w=0.025 lr=4.451e-04 time=0.153s
[RQ-VAE] epoch=1688 loss=0.15451901 recon=0.00011212 beh=6.116235 w=0.025 lr=4.447e-04 time=0.152s
[RQ-VAE] epoch=1689 loss=0.15541983 recon=0.00011279 beh=6.120167 w=0.025 lr=4.444e-04 time=0.152s
[RQ-VAE] epoch=1690 loss=0.15614423 recon=0.00011164 beh=6.116249 w=0.025 lr=4.441e-04 time=0.151s
[RQ-VAE] epoch=1691 loss=0.15714327 recon=0.00011160 beh=6.124774 w=0.025 lr=4.437e-04 time=0.152s
[RQ-VAE] epoch=1692 loss=0.15779173 recon=0.00011282 beh=6.116770 w=0.026 lr=4.434e-04 time=0.153s
[RQ-VAE] epoch=1693 loss=0.15870847 recon=0.00011284 beh=6.119435 w=0.026 lr=4.431e-04 time=0.152s
[RQ-VAE] epoch=1694 loss=0.15944758 recon=0.00011322 beh=6.115679 w=0.026 lr=4.427e-04 time=0.153s
[RQ-VAE] epoch=1695 loss=0.16037509 recon=0.00011302 beh=6.121047 w=0.026 lr=4.424e-04 time=0.153s
[RQ-VAE] epoch=1696 loss=0.16099492 recon=0.00011241 beh=6.114285 w=0.026 lr=4.420e-04 time=0.151s
[RQ-VAE] epoch=1697 loss=0.16167429 recon=0.00011193 beh=6.110321 w=0.026 lr=4.417e-04 time=0.152s
[RQ-VAE] epoch=1698 loss=0.16272575 recon=0.00011188 beh=6.117922 w=0.026 lr=4.414e-04 time=0.152s
[RQ-VAE] epoch=1699 loss=0.16343300 recon=0.00011233 beh=6.113880 w=0.027 lr=4.410e-04 time=0.152s
[RQ-VAE] epoch=1700 loss=0.16430384 recon=0.00011170 lr=4.407e-04 raw_unique=17087/24587 collision=0.305039 time=0.153s
[RQ-VAE] epoch=1701 loss=0.16519603 recon=0.00011215 beh=6.119130 w=0.027 lr=4.403e-04 time=0.151s
[RQ-VAE] epoch=1702 loss=0.16599128 recon=0.00011334 beh=6.117725 w=0.027 lr=4.400e-04 time=0.246s
[RQ-VAE] epoch=1703 loss=0.16684520 recon=0.00011226 beh=6.119486 w=0.027 lr=4.397e-04 time=0.152s
[RQ-VAE] epoch=1704 loss=0.16768272 recon=0.00011190 beh=6.119098 w=0.027 lr=4.393e-04 time=0.152s
[RQ-VAE] epoch=1705 loss=0.16846734 recon=0.00011225 beh=6.117760 w=0.027 lr=4.390e-04 time=0.153s
[RQ-VAE] epoch=1706 loss=0.16931102 recon=0.00011247 beh=6.119047 w=0.027 lr=4.386e-04 time=0.152s
[RQ-VAE] epoch=1707 loss=0.17010835 recon=0.00011236 beh=6.118332 w=0.028 lr=4.383e-04 time=0.153s
[RQ-VAE] epoch=1708 loss=0.17097312 recon=0.00011174 beh=6.121571 w=0.028 lr=4.380e-04 time=0.153s
[RQ-VAE] epoch=1709 loss=0.17155305 recon=0.00011167 beh=6.112434 w=0.028 lr=4.376e-04 time=0.152s
[RQ-VAE] epoch=1710 loss=0.17237860 recon=0.00011172 beh=6.111565 w=0.028 lr=4.373e-04 time=0.152s
[RQ-VAE] epoch=1711 loss=0.17322083 recon=0.00011174 beh=6.112793 w=0.028 lr=4.369e-04 time=0.151s
[RQ-VAE] epoch=1712 loss=0.17421362 recon=0.00011182 beh=6.119266 w=0.028 lr=4.366e-04 time=0.152s
[RQ-VAE] epoch=1713 loss=0.17486893 recon=0.00011137 beh=6.113708 w=0.028 lr=4.363e-04 time=0.151s
[RQ-VAE] epoch=1714 loss=0.17585918 recon=0.00011114 beh=6.120665 w=0.029 lr=4.359e-04 time=0.152s
[RQ-VAE] epoch=1715 loss=0.17670357 recon=0.00011151 beh=6.121171 w=0.029 lr=4.356e-04 time=0.152s
[RQ-VAE] epoch=1716 loss=0.17733802 recon=0.00011027 beh=6.115042 w=0.029 lr=4.353e-04 time=0.152s
[RQ-VAE] epoch=1717 loss=0.17837426 recon=0.00011069 beh=6.121828 w=0.029 lr=4.349e-04 time=0.251s
[RQ-VAE] epoch=1718 loss=0.17891231 recon=0.00011180 beh=6.112576 w=0.029 lr=4.346e-04 time=0.153s
[RQ-VAE] epoch=1719 loss=0.17979866 recon=0.00011206 beh=6.115003 w=0.029 lr=4.342e-04 time=0.151s
[RQ-VAE] epoch=1720 loss=0.18068823 recon=0.00011183 beh=6.116535 w=0.029 lr=4.339e-04 time=0.152s
[RQ-VAE] epoch=1721 loss=0.18141098 recon=0.00011160 beh=6.113429 w=0.029 lr=4.336e-04 time=0.152s
[RQ-VAE] epoch=1722 loss=0.18229008 recon=0.00011249 beh=6.115217 w=0.030 lr=4.332e-04 time=0.152s
[RQ-VAE] epoch=1723 loss=0.18314952 recon=0.00011211 beh=6.116625 w=0.030 lr=4.329e-04 time=0.153s
[RQ-VAE] epoch=1724 loss=0.18400848 recon=0.00011174 beh=6.118562 w=0.030 lr=4.325e-04 time=0.152s
[RQ-VAE] epoch=1725 loss=0.18465742 recon=0.00011139 beh=6.112906 w=0.030 lr=4.322e-04 time=0.152s
[RQ-VAE] epoch=1726 loss=0.18569633 recon=0.00011122 beh=6.120510 w=0.030 lr=4.319e-04 time=0.154s
[RQ-VAE] epoch=1727 loss=0.18626332 recon=0.00011206 beh=6.111279 w=0.030 lr=4.315e-04 time=0.152s
[RQ-VAE] epoch=1728 loss=0.18712759 recon=0.00011210 beh=6.113498 w=0.030 lr=4.312e-04 time=0.153s
[RQ-VAE] epoch=1729 loss=0.18780263 recon=0.00011125 beh=6.109394 w=0.031 lr=4.308e-04 time=0.152s
[RQ-VAE] epoch=1730 loss=0.18881792 recon=0.00011123 beh=6.115714 w=0.031 lr=4.305e-04 time=0.153s
[RQ-VAE] epoch=1731 loss=0.18963742 recon=0.00011059 beh=6.115971 w=0.031 lr=4.302e-04 time=0.152s
[RQ-VAE] epoch=1732 loss=0.19041850 recon=0.00011123 beh=6.115097 w=0.031 lr=4.298e-04 time=0.154s
[RQ-VAE] epoch=1733 loss=0.19127166 recon=0.00011126 beh=6.116559 w=0.031 lr=4.295e-04 time=0.153s
[RQ-VAE] epoch=1734 loss=0.19221973 recon=0.00011225 beh=6.117853 w=0.031 lr=4.292e-04 time=0.152s
[RQ-VAE] epoch=1735 loss=0.19287555 recon=0.00011229 beh=6.113973 w=0.031 lr=4.288e-04 time=0.152s
[RQ-VAE] epoch=1736 loss=0.19371456 recon=0.00011200 beh=6.115064 w=0.031 lr=4.285e-04 time=0.152s
[RQ-VAE] epoch=1737 loss=0.19462110 recon=0.00011111 beh=6.118029 w=0.032 lr=4.281e-04 time=0.152s
[RQ-VAE] epoch=1738 loss=0.19533145 recon=0.00011137 beh=6.114791 w=0.032 lr=4.278e-04 time=0.152s
[RQ-VAE] epoch=1739 loss=0.19607413 recon=0.00011054 beh=6.112068 w=0.032 lr=4.275e-04 time=0.152s
[RQ-VAE] epoch=1740 loss=0.19706166 recon=0.00011131 beh=6.117167 w=0.032 lr=4.271e-04 time=0.152s
[RQ-VAE] epoch=1741 loss=0.19793478 recon=0.00011197 beh=6.118894 w=0.032 lr=4.268e-04 time=0.153s
[RQ-VAE] epoch=1742 loss=0.19862908 recon=0.00011234 beh=6.115516 w=0.032 lr=4.264e-04 time=0.152s
[RQ-VAE] epoch=1743 loss=0.19933702 recon=0.00011277 beh=6.111945 w=0.032 lr=4.261e-04 time=0.153s
[RQ-VAE] epoch=1744 loss=0.20052904 recon=0.00011332 beh=6.123947 w=0.033 lr=4.258e-04 time=0.153s
[RQ-VAE] epoch=1745 loss=0.20128149 recon=0.00011226 beh=6.121697 w=0.033 lr=4.254e-04 time=0.152s
[RQ-VAE] epoch=1746 loss=0.20173138 recon=0.00011233 beh=6.109218 w=0.033 lr=4.251e-04 time=0.152s
[RQ-VAE] epoch=1747 loss=0.20251355 recon=0.00011179 beh=6.108405 w=0.033 lr=4.247e-04 time=0.152s
[RQ-VAE] epoch=1748 loss=0.20349178 recon=0.00011137 beh=6.113284 w=0.033 lr=4.244e-04 time=0.152s
[RQ-VAE] epoch=1749 loss=0.20439850 recon=0.00011225 beh=6.114907 w=0.033 lr=4.241e-04 time=0.152s
[RQ-VAE] epoch=1750 loss=0.20534359 recon=0.00011350 lr=4.237e-04 raw_unique=17564/24587 collision=0.285639 time=0.153s
[RQ-VAE] epoch=1751 loss=0.20613222 recon=0.00011320 beh=6.118107 w=0.033 lr=4.234e-04 time=0.153s
[RQ-VAE] epoch=1752 loss=0.20674029 recon=0.00011234 beh=6.113278 w=0.034 lr=4.231e-04 time=0.152s
[RQ-VAE] epoch=1753 loss=0.20752996 recon=0.00011352 beh=6.112041 w=0.034 lr=4.227e-04 time=0.152s
[RQ-VAE] epoch=1754 loss=0.20832720 recon=0.00011242 beh=6.111704 w=0.034 lr=4.224e-04 time=0.153s
[RQ-VAE] epoch=1755 loss=0.20935084 recon=0.00011240 beh=6.118748 w=0.034 lr=4.220e-04 time=0.153s
[RQ-VAE] epoch=1756 loss=0.21034716 recon=0.00011200 beh=6.123103 w=0.034 lr=4.217e-04 time=0.153s
[RQ-VAE] epoch=1757 loss=0.21091652 recon=0.00011205 beh=6.116301 w=0.034 lr=4.214e-04 time=0.153s
[RQ-VAE] epoch=1758 loss=0.21187054 recon=0.00011378 beh=6.118467 w=0.034 lr=4.210e-04 time=0.152s
[RQ-VAE] epoch=1759 loss=0.21253599 recon=0.00011277 beh=6.114495 w=0.035 lr=4.207e-04 time=0.153s
[RQ-VAE] epoch=1760 loss=0.21346483 recon=0.00011225 beh=6.118517 w=0.035 lr=4.203e-04 time=0.151s
[RQ-VAE] epoch=1761 loss=0.21421857 recon=0.00011131 beh=6.117296 w=0.035 lr=4.200e-04 time=0.153s
[RQ-VAE] epoch=1762 loss=0.21479647 recon=0.00011165 beh=6.110732 w=0.035 lr=4.197e-04 time=0.153s
[RQ-VAE] epoch=1763 loss=0.21577400 recon=0.00011184 beh=6.115808 w=0.035 lr=4.193e-04 time=0.153s
[RQ-VAE] epoch=1764 loss=0.21677847 recon=0.00011157 beh=6.120928 w=0.035 lr=4.190e-04 time=0.152s
[RQ-VAE] epoch=1765 loss=0.21744840 recon=0.00011215 beh=6.117083 w=0.035 lr=4.186e-04 time=0.152s
[RQ-VAE] epoch=1766 loss=0.21806365 recon=0.00011178 beh=6.110325 w=0.035 lr=4.183e-04 time=0.152s
[RQ-VAE] epoch=1767 loss=0.21872938 recon=0.00011216 beh=6.106071 w=0.036 lr=4.180e-04 time=0.152s
[RQ-VAE] epoch=1768 loss=0.21997848 recon=0.00011353 beh=6.118013 w=0.036 lr=4.176e-04 time=0.152s
[RQ-VAE] epoch=1769 loss=0.22065590 recon=0.00011395 beh=6.113077 w=0.036 lr=4.173e-04 time=0.152s
[RQ-VAE] epoch=1770 loss=0.22160529 recon=0.00011425 beh=6.117876 w=0.036 lr=4.169e-04 time=0.153s
[RQ-VAE] epoch=1771 loss=0.22241312 recon=0.00011261 beh=6.118330 w=0.036 lr=4.166e-04 time=0.152s
[RQ-VAE] epoch=1772 loss=0.22335967 recon=0.00011317 beh=6.121231 w=0.036 lr=4.163e-04 time=0.153s
[RQ-VAE] epoch=1773 loss=0.22411773 recon=0.00011336 beh=6.119534 w=0.036 lr=4.159e-04 time=0.152s
[RQ-VAE] epoch=1774 loss=0.22487220 recon=0.00011251 beh=6.118104 w=0.037 lr=4.156e-04 time=0.248s
[RQ-VAE] epoch=1775 loss=0.22575626 recon=0.00011270 beh=6.119413 w=0.037 lr=4.153e-04 time=0.153s
[RQ-VAE] epoch=1776 loss=0.22638412 recon=0.00011136 beh=6.114984 w=0.037 lr=4.149e-04 time=0.152s
[RQ-VAE] epoch=1777 loss=0.22726598 recon=0.00011234 beh=6.116311 w=0.037 lr=4.146e-04 time=0.154s
[RQ-VAE] epoch=1778 loss=0.22815131 recon=0.00011159 beh=6.117938 w=0.037 lr=4.142e-04 time=0.153s
[RQ-VAE] epoch=1779 loss=0.22908473 recon=0.00011240 beh=6.121448 w=0.037 lr=4.139e-04 time=0.154s
[RQ-VAE] epoch=1780 loss=0.22967932 recon=0.00011289 beh=6.114103 w=0.037 lr=4.136e-04 time=0.153s
[RQ-VAE] epoch=1781 loss=0.23066086 recon=0.00011337 beh=6.118717 w=0.037 lr=4.132e-04 time=0.153s
[RQ-VAE] epoch=1782 loss=0.23136541 recon=0.00011374 beh=6.115711 w=0.038 lr=4.129e-04 time=0.154s
[RQ-VAE] epoch=1783 loss=0.23237546 recon=0.00011205 beh=6.121469 w=0.038 lr=4.125e-04 time=0.154s
[RQ-VAE] epoch=1784 loss=0.23294637 recon=0.00011175 beh=6.115130 w=0.038 lr=4.122e-04 time=0.153s
[RQ-VAE] epoch=1785 loss=0.23385477 recon=0.00011174 beh=6.117908 w=0.038 lr=4.119e-04 time=0.152s
[RQ-VAE] epoch=1786 loss=0.23462763 recon=0.00011221 beh=6.116225 w=0.038 lr=4.115e-04 time=0.153s
[RQ-VAE] epoch=1787 loss=0.23514533 recon=0.00011341 beh=6.107599 w=0.038 lr=4.112e-04 time=0.153s
[RQ-VAE] epoch=1788 loss=0.23617555 recon=0.00011180 beh=6.114050 w=0.038 lr=4.108e-04 time=0.153s
[RQ-VAE] epoch=1789 loss=0.23696151 recon=0.00011198 beh=6.112551 w=0.039 lr=4.105e-04 time=0.153s
[RQ-VAE] epoch=1790 loss=0.23786536 recon=0.00011433 beh=6.115942 w=0.039 lr=4.102e-04 time=0.153s
[RQ-VAE] epoch=1791 loss=0.23881923 recon=0.00011279 beh=6.119089 w=0.039 lr=4.098e-04 time=0.153s
[RQ-VAE] epoch=1792 loss=0.23948129 recon=0.00011328 beh=6.114633 w=0.039 lr=4.095e-04 time=0.154s
[RQ-VAE] epoch=1793 loss=0.24052860 recon=0.00011432 beh=6.119873 w=0.039 lr=4.092e-04 time=0.153s
[RQ-VAE] epoch=1794 loss=0.24106658 recon=0.00011406 beh=6.111763 w=0.039 lr=4.088e-04 time=0.152s
[RQ-VAE] epoch=1795 loss=0.24202242 recon=0.00011259 beh=6.117013 w=0.039 lr=4.085e-04 time=0.152s
[RQ-VAE] epoch=1796 loss=0.24277765 recon=0.00011207 beh=6.115920 w=0.039 lr=4.081e-04 time=0.153s
[RQ-VAE] epoch=1797 loss=0.24369299 recon=0.00011300 beh=6.118002 w=0.040 lr=4.078e-04 time=0.153s
[RQ-VAE] epoch=1798 loss=0.24433360 recon=0.00011401 beh=6.112853 w=0.040 lr=4.075e-04 time=0.153s
[RQ-VAE] epoch=1799 loss=0.24527273 recon=0.00011302 beh=6.115322 w=0.040 lr=4.071e-04 time=0.153s
[RQ-VAE] epoch=1800 loss=0.24627966 recon=0.00011441 lr=4.068e-04 raw_unique=17913/24587 collision=0.271444 time=0.152s
[RQ-VAE] epoch=1801 loss=0.24670419 recon=0.00011368 beh=6.110614 w=0.040 lr=4.064e-04 time=0.153s
[RQ-VAE] epoch=1802 loss=0.24753562 recon=0.00011283 beh=6.111965 w=0.040 lr=4.061e-04 time=0.154s
[RQ-VAE] epoch=1803 loss=0.24851927 recon=0.00011275 beh=6.115560 w=0.040 lr=4.058e-04 time=0.246s
[RQ-VAE] epoch=1804 loss=0.24924734 recon=0.00011277 beh=6.113625 w=0.041 lr=4.054e-04 time=0.152s
[RQ-VAE] epoch=1805 loss=0.25013202 recon=0.00011284 beh=6.115229 w=0.041 lr=4.051e-04 time=0.152s
[RQ-VAE] epoch=1806 loss=0.25096628 recon=0.00011248 beh=6.116568 w=0.041 lr=4.047e-04 time=0.153s
[RQ-VAE] epoch=1807 loss=0.25150374 recon=0.00011230 beh=6.109098 w=0.041 lr=4.044e-04 time=0.153s
[RQ-VAE] epoch=1808 loss=0.25255048 recon=0.00011298 beh=6.115376 w=0.041 lr=4.041e-04 time=0.153s
[RQ-VAE] epoch=1809 loss=0.25336105 recon=0.00011206 beh=6.115403 w=0.041 lr=4.037e-04 time=0.152s
[RQ-VAE] epoch=1810 loss=0.25405365 recon=0.00011221 beh=6.111934 w=0.041 lr=4.034e-04 time=0.153s
[RQ-VAE] epoch=1811 loss=0.25508803 recon=0.00011275 beh=6.117188 w=0.041 lr=4.031e-04 time=0.152s
[RQ-VAE] epoch=1812 loss=0.25560513 recon=0.00011317 beh=6.108666 w=0.042 lr=4.027e-04 time=0.152s
[RQ-VAE] epoch=1813 loss=0.25657359 recon=0.00011225 beh=6.112917 w=0.042 lr=4.024e-04 time=0.152s
[RQ-VAE] epoch=1814 loss=0.25758073 recon=0.00011203 beh=6.117373 w=0.042 lr=4.020e-04 time=0.152s
[RQ-VAE] epoch=1815 loss=0.25834939 recon=0.00011209 beh=6.117087 w=0.042 lr=4.017e-04 time=0.152s
[RQ-VAE] epoch=1816 loss=0.25912213 recon=0.00011255 beh=6.116198 w=0.042 lr=4.014e-04 time=0.152s
[RQ-VAE] epoch=1817 loss=0.25977015 recon=0.00011290 beh=6.112217 w=0.042 lr=4.010e-04 time=0.153s
[RQ-VAE] epoch=1818 loss=0.26058331 recon=0.00011264 beh=6.111576 w=0.042 lr=4.007e-04 time=0.152s
[RQ-VAE] epoch=1819 loss=0.26128820 recon=0.00011259 beh=6.109261 w=0.043 lr=4.003e-04 time=0.152s
[RQ-VAE] epoch=1820 loss=0.26214701 recon=0.00011154 beh=6.111067 w=0.043 lr=4.000e-04 time=0.152s
[RQ-VAE] epoch=1821 loss=0.26294509 recon=0.00011273 beh=6.110021 w=0.043 lr=3.997e-04 time=0.153s
[RQ-VAE] epoch=1822 loss=0.26371437 recon=0.00011227 beh=6.108927 w=0.043 lr=3.993e-04 time=0.249s
[RQ-VAE] epoch=1823 loss=0.26479805 recon=0.00011152 beh=6.115937 w=0.043 lr=3.990e-04 time=0.153s
[RQ-VAE] epoch=1824 loss=0.26549828 recon=0.00011106 beh=6.112698 w=0.043 lr=3.986e-04 time=0.152s
[RQ-VAE] epoch=1825 loss=0.26635081 recon=0.00011195 beh=6.113108 w=0.043 lr=3.983e-04 time=0.154s
[RQ-VAE] epoch=1826 loss=0.26730505 recon=0.00011234 beh=6.115598 w=0.043 lr=3.980e-04 time=0.153s
[RQ-VAE] epoch=1827 loss=0.26792410 recon=0.00011242 beh=6.112298 w=0.044 lr=3.976e-04 time=0.153s
[RQ-VAE] epoch=1828 loss=0.26881257 recon=0.00011244 beh=6.113010 w=0.044 lr=3.973e-04 time=0.152s
[RQ-VAE] epoch=1829 loss=0.26939783 recon=0.00011253 beh=6.107386 w=0.044 lr=3.969e-04 time=0.153s
[RQ-VAE] epoch=1830 loss=0.27067393 recon=0.00011190 beh=6.118078 w=0.044 lr=3.966e-04 time=0.153s
[RQ-VAE] epoch=1831 loss=0.27120662 recon=0.00011288 beh=6.112134 w=0.044 lr=3.963e-04 time=0.152s
[RQ-VAE] epoch=1832 loss=0.27191579 recon=0.00011204 beh=6.109464 w=0.044 lr=3.959e-04 time=0.153s
[RQ-VAE] epoch=1833 loss=0.27301577 recon=0.00011331 beh=6.115682 w=0.044 lr=3.956e-04 time=0.153s
[RQ-VAE] epoch=1834 loss=0.27393061 recon=0.00011279 beh=6.118683 w=0.045 lr=3.953e-04 time=0.153s
[RQ-VAE] epoch=1835 loss=0.27460730 recon=0.00011286 beh=6.115671 w=0.045 lr=3.949e-04 time=0.153s
[RQ-VAE] epoch=1836 loss=0.27499220 recon=0.00011224 beh=6.105590 w=0.045 lr=3.946e-04 time=0.153s
[RQ-VAE] epoch=1837 loss=0.27658510 recon=0.00011235 beh=6.123104 w=0.045 lr=3.942e-04 time=0.154s
[RQ-VAE] epoch=1838 loss=0.27712482 recon=0.00011285 beh=6.117237 w=0.045 lr=3.939e-04 time=0.253s
[RQ-VAE] epoch=1839 loss=0.27826390 recon=0.00011316 beh=6.124048 w=0.045 lr=3.936e-04 time=0.153s
[RQ-VAE] epoch=1840 loss=0.27860048 recon=0.00011349 beh=6.112545 w=0.045 lr=3.932e-04 time=0.153s
[RQ-VAE] epoch=1841 loss=0.27912113 recon=0.00011344 beh=6.106109 w=0.045 lr=3.929e-04 time=0.153s
[RQ-VAE] epoch=1842 loss=0.28016147 recon=0.00011363 beh=6.110671 w=0.046 lr=3.925e-04 time=0.153s
[RQ-VAE] epoch=1843 loss=0.28090256 recon=0.00011335 beh=6.110108 w=0.046 lr=3.922e-04 time=0.155s
[RQ-VAE] epoch=1844 loss=0.28181529 recon=0.00011277 beh=6.112209 w=0.046 lr=3.919e-04 time=0.153s
[RQ-VAE] epoch=1845 loss=0.28236723 recon=0.00011171 beh=6.106479 w=0.046 lr=3.915e-04 time=0.153s
[RQ-VAE] epoch=1846 loss=0.28312358 recon=0.00011086 beh=6.105327 w=0.046 lr=3.912e-04 time=0.152s
[RQ-VAE] epoch=1847 loss=0.28432280 recon=0.00011145 beh=6.113153 w=0.046 lr=3.908e-04 time=0.152s
[RQ-VAE] epoch=1848 loss=0.28504550 recon=0.00011275 beh=6.111987 w=0.046 lr=3.905e-04 time=0.153s
[RQ-VAE] epoch=1849 loss=0.28611171 recon=0.00011266 beh=6.116725 w=0.047 lr=3.902e-04 time=0.153s
[RQ-VAE] epoch=1850 loss=0.28669178 recon=0.00011220 lr=3.898e-04 raw_unique=17646/24587 collision=0.282304 time=0.153s
[RQ-VAE] epoch=1851 loss=0.28782251 recon=0.00011165 beh=6.118379 w=0.047 lr=3.895e-04 time=0.153s
[RQ-VAE] epoch=1852 loss=0.28866410 recon=0.00011152 beh=6.119797 w=0.047 lr=3.892e-04 time=0.153s
[RQ-VAE] epoch=1853 loss=0.28926450 recon=0.00011289 beh=6.113953 w=0.047 lr=3.888e-04 time=0.153s
[RQ-VAE] epoch=1854 loss=0.29000604 recon=0.00011232 beh=6.112795 w=0.047 lr=3.885e-04 time=0.153s
[RQ-VAE] epoch=1855 loss=0.29072171 recon=0.00011172 beh=6.110990 w=0.047 lr=3.881e-04 time=0.153s
[RQ-VAE] epoch=1856 loss=0.29157078 recon=0.00011191 beh=6.111175 w=0.047 lr=3.878e-04 time=0.152s
[RQ-VAE] epoch=1857 loss=0.29262662 recon=0.00011404 beh=6.116517 w=0.048 lr=3.875e-04 time=0.153s
[RQ-VAE] epoch=1858 loss=0.29317752 recon=0.00011203 beh=6.110790 w=0.048 lr=3.871e-04 time=0.153s
[RQ-VAE] epoch=1859 loss=0.29400095 recon=0.00011355 beh=6.109725 w=0.048 lr=3.868e-04 time=0.152s
[RQ-VAE] epoch=1860 loss=0.29496685 recon=0.00011450 beh=6.112087 w=0.048 lr=3.864e-04 time=0.153s
[RQ-VAE] epoch=1861 loss=0.29542020 recon=0.00011367 beh=6.105454 w=0.048 lr=3.861e-04 time=0.153s
[RQ-VAE] epoch=1862 loss=0.29667664 recon=0.00011219 beh=6.115872 w=0.048 lr=3.858e-04 time=0.154s
[RQ-VAE] epoch=1863 loss=0.29730803 recon=0.00011253 beh=6.111963 w=0.048 lr=3.854e-04 time=0.154s
[RQ-VAE] epoch=1864 loss=0.29779410 recon=0.00011137 beh=6.104864 w=0.049 lr=3.851e-04 time=0.152s
[RQ-VAE] epoch=1865 loss=0.29898804 recon=0.00011204 beh=6.113365 w=0.049 lr=3.847e-04 time=0.153s
[RQ-VAE] epoch=1866 loss=0.29962477 recon=0.00011258 beh=6.108660 w=0.049 lr=3.844e-04 time=0.153s
[RQ-VAE] epoch=1867 loss=0.30032104 recon=0.00011243 beh=6.106996 w=0.049 lr=3.841e-04 time=0.153s
[RQ-VAE] epoch=1868 loss=0.30146748 recon=0.00011267 beh=6.113461 w=0.049 lr=3.837e-04 time=0.154s
[RQ-VAE] epoch=1869 loss=0.30220893 recon=0.00011301 beh=6.112076 w=0.049 lr=3.834e-04 time=0.154s
[RQ-VAE] epoch=1870 loss=0.30295119 recon=0.00011223 beh=6.110184 w=0.049 lr=3.831e-04 time=0.152s
[RQ-VAE] epoch=1871 loss=0.30361089 recon=0.00011245 beh=6.107131 w=0.049 lr=3.827e-04 time=0.154s
[RQ-VAE] epoch=1872 loss=0.30479562 recon=0.00011379 beh=6.114530 w=0.050 lr=3.824e-04 time=0.153s
[RQ-VAE] epoch=1873 loss=0.30546644 recon=0.00011208 beh=6.111434 w=0.050 lr=3.820e-04 time=0.153s
[RQ-VAE] epoch=1874 loss=0.30621946 recon=0.00011192 beh=6.110573 w=0.050 lr=3.817e-04 time=0.154s
[RQ-VAE] epoch=1875 loss=0.30694929 recon=0.00011200 beh=6.109326 w=0.050 lr=3.814e-04 time=0.153s
[RQ-VAE] epoch=1876 loss=0.30783492 recon=0.00011317 beh=6.110517 w=0.050 lr=3.810e-04 time=0.153s
[RQ-VAE] epoch=1877 loss=0.30859196 recon=0.00011303 beh=6.109214 w=0.050 lr=3.807e-04 time=0.153s
[RQ-VAE] epoch=1878 loss=0.30981159 recon=0.00011195 beh=6.116594 w=0.050 lr=3.803e-04 time=0.152s
[RQ-VAE] epoch=1879 loss=0.31023768 recon=0.00011293 beh=6.108731 w=0.051 lr=3.800e-04 time=0.152s
[RQ-VAE] epoch=1880 loss=0.31116688 recon=0.00011376 beh=6.111079 w=0.051 lr=3.797e-04 time=0.153s
[RQ-VAE] epoch=1881 loss=0.31215695 recon=0.00011371 beh=6.113860 w=0.051 lr=3.793e-04 time=0.153s
[RQ-VAE] epoch=1882 loss=0.31290543 recon=0.00011262 beh=6.112889 w=0.051 lr=3.790e-04 time=0.154s
[RQ-VAE] epoch=1883 loss=0.31350058 recon=0.00011264 beh=6.109069 w=0.051 lr=3.786e-04 time=0.153s
[RQ-VAE] epoch=1884 loss=0.31412062 recon=0.00011295 beh=6.104474 w=0.051 lr=3.783e-04 time=0.152s
[RQ-VAE] epoch=1885 loss=0.31537166 recon=0.00011352 beh=6.113214 w=0.051 lr=3.780e-04 time=0.153s
[RQ-VAE] epoch=1886 loss=0.31613576 recon=0.00011254 beh=6.113064 w=0.051 lr=3.776e-04 time=0.152s
[RQ-VAE] epoch=1887 loss=0.31691664 recon=0.00011242 beh=6.112366 w=0.052 lr=3.773e-04 time=0.153s
[RQ-VAE] epoch=1888 loss=0.31770590 recon=0.00011182 beh=6.110860 w=0.052 lr=3.769e-04 time=0.153s
[RQ-VAE] epoch=1889 loss=0.31826264 recon=0.00011234 beh=6.106471 w=0.052 lr=3.766e-04 time=0.153s
[RQ-VAE] epoch=1890 loss=0.31904408 recon=0.00011205 beh=6.105917 w=0.052 lr=3.763e-04 time=0.153s
[RQ-VAE] epoch=1891 loss=0.32043931 recon=0.00011232 beh=6.117166 w=0.052 lr=3.759e-04 time=0.155s
[RQ-VAE] epoch=1892 loss=0.32108635 recon=0.00011262 beh=6.113887 w=0.052 lr=3.756e-04 time=0.153s
[RQ-VAE] epoch=1893 loss=0.32182890 recon=0.00011245 beh=6.113028 w=0.052 lr=3.753e-04 time=0.154s
[RQ-VAE] epoch=1894 loss=0.32271993 recon=0.00011307 beh=6.113366 w=0.053 lr=3.749e-04 time=0.257s
[RQ-VAE] epoch=1895 loss=0.32341740 recon=0.00011290 beh=6.111182 w=0.053 lr=3.746e-04 time=0.152s
[RQ-VAE] epoch=1896 loss=0.32426238 recon=0.00011216 beh=6.112170 w=0.053 lr=3.742e-04 time=0.152s
[RQ-VAE] epoch=1897 loss=0.32514721 recon=0.00011358 beh=6.111432 w=0.053 lr=3.739e-04 time=0.153s
[RQ-VAE] epoch=1898 loss=0.32578793 recon=0.00011298 beh=6.108784 w=0.053 lr=3.736e-04 time=0.154s
[RQ-VAE] epoch=1899 loss=0.32688934 recon=0.00011332 beh=6.114828 w=0.053 lr=3.732e-04 time=0.153s
[RQ-VAE] epoch=1900 loss=0.32777736 recon=0.00011393 lr=3.729e-04 raw_unique=17834/24587 collision=0.274657 time=0.153s
[RQ-VAE] epoch=1901 loss=0.32871386 recon=0.00011326 beh=6.119006 w=0.053 lr=3.725e-04 time=0.153s
[RQ-VAE] epoch=1902 loss=0.32914779 recon=0.00011335 beh=6.110970 w=0.054 lr=3.722e-04 time=0.152s
[RQ-VAE] epoch=1903 loss=0.33002913 recon=0.00011334 beh=6.112953 w=0.054 lr=3.719e-04 time=0.152s
[RQ-VAE] epoch=1904 loss=0.33054602 recon=0.00011367 beh=6.107163 w=0.054 lr=3.715e-04 time=0.152s
[RQ-VAE] epoch=1905 loss=0.33144030 recon=0.00011261 beh=6.109521 w=0.054 lr=3.712e-04 time=0.153s
[RQ-VAE] epoch=1906 loss=0.33193156 recon=0.00011322 beh=6.102511 w=0.054 lr=3.708e-04 time=0.153s
[RQ-VAE] epoch=1907 loss=0.33296824 recon=0.00011329 beh=6.106528 w=0.054 lr=3.705e-04 time=0.152s
[RQ-VAE] epoch=1908 loss=0.33402935 recon=0.00011342 beh=6.111297 w=0.054 lr=3.702e-04 time=0.153s
[RQ-VAE] epoch=1909 loss=0.33470178 recon=0.00011333 beh=6.107815 w=0.055 lr=3.698e-04 time=0.153s
[RQ-VAE] epoch=1910 loss=0.33566839 recon=0.00011300 beh=6.111959 w=0.055 lr=3.695e-04 time=0.153s
[RQ-VAE] epoch=1911 loss=0.33619621 recon=0.00011288 beh=6.105643 w=0.055 lr=3.692e-04 time=0.153s
[RQ-VAE] epoch=1912 loss=0.33724514 recon=0.00011262 beh=6.111120 w=0.055 lr=3.688e-04 time=0.153s
[RQ-VAE] epoch=1913 loss=0.33832011 recon=0.00011297 beh=6.115412 w=0.055 lr=3.685e-04 time=0.153s
[RQ-VAE] epoch=1914 loss=0.33871061 recon=0.00011347 beh=6.107780 w=0.055 lr=3.681e-04 time=0.153s
[RQ-VAE] epoch=1915 loss=0.33962780 recon=0.00011205 beh=6.109185 w=0.055 lr=3.678e-04 time=0.153s
[RQ-VAE] epoch=1916 loss=0.34070125 recon=0.00011371 beh=6.114237 w=0.055 lr=3.675e-04 time=0.153s
[RQ-VAE] epoch=1917 loss=0.34129035 recon=0.00011254 beh=6.109974 w=0.056 lr=3.671e-04 time=0.155s
[RQ-VAE] epoch=1918 loss=0.34198749 recon=0.00011284 beh=6.107871 w=0.056 lr=3.668e-04 time=0.154s
[RQ-VAE] epoch=1919 loss=0.34281817 recon=0.00011212 beh=6.108397 w=0.056 lr=3.664e-04 time=0.154s
[RQ-VAE] epoch=1920 loss=0.34391442 recon=0.00011249 beh=6.113919 w=0.056 lr=3.661e-04 time=0.153s
[RQ-VAE] epoch=1921 loss=0.34447980 recon=0.00011323 beh=6.109200 w=0.056 lr=3.658e-04 time=0.153s
[RQ-VAE] epoch=1922 loss=0.34535864 recon=0.00011232 beh=6.110385 w=0.056 lr=3.654e-04 time=0.155s
[RQ-VAE] epoch=1923 loss=0.34620041 recon=0.00011363 beh=6.109778 w=0.056 lr=3.651e-04 time=0.25s
[RQ-VAE] epoch=1924 loss=0.34694797 recon=0.00011364 beh=6.108738 w=0.057 lr=3.647e-04 time=0.153s
[RQ-VAE] epoch=1925 loss=0.34791857 recon=0.00011358 beh=6.111623 w=0.057 lr=3.644e-04 time=0.154s
[RQ-VAE] epoch=1926 loss=0.34845978 recon=0.00011347 beh=6.106953 w=0.057 lr=3.641e-04 time=0.153s
[RQ-VAE] epoch=1927 loss=0.34947720 recon=0.00011374 beh=6.110559 w=0.057 lr=3.637e-04 time=0.153s
[RQ-VAE] epoch=1928 loss=0.35033417 recon=0.00011413 beh=6.110157 w=0.057 lr=3.634e-04 time=0.152s
[RQ-VAE] epoch=1929 loss=0.35116345 recon=0.00011317 beh=6.110594 w=0.057 lr=3.631e-04 time=0.153s
[RQ-VAE] epoch=1930 loss=0.35216749 recon=0.00011310 beh=6.115407 w=0.057 lr=3.627e-04 time=0.152s
[RQ-VAE] epoch=1931 loss=0.35281053 recon=0.00011169 beh=6.112206 w=0.057 lr=3.624e-04 time=0.153s
[RQ-VAE] epoch=1932 loss=0.35352799 recon=0.00011225 beh=6.109469 w=0.058 lr=3.620e-04 time=0.153s
[RQ-VAE] epoch=1933 loss=0.35420904 recon=0.00011358 beh=6.107279 w=0.058 lr=3.617e-04 time=0.153s
[RQ-VAE] epoch=1934 loss=0.35498118 recon=0.00011268 beh=6.107103 w=0.058 lr=3.614e-04 time=0.152s
[RQ-VAE] epoch=1935 loss=0.35594827 recon=0.00011302 beh=6.110104 w=0.058 lr=3.610e-04 time=0.152s
[RQ-VAE] epoch=1936 loss=0.35655668 recon=0.00011328 beh=6.106790 w=0.058 lr=3.607e-04 time=0.153s
[RQ-VAE] epoch=1937 loss=0.35759026 recon=0.00011262 beh=6.110534 w=0.058 lr=3.603e-04 time=0.153s
[RQ-VAE] epoch=1938 loss=0.35844576 recon=0.00011273 beh=6.110583 w=0.058 lr=3.600e-04 time=0.152s
[RQ-VAE] epoch=1939 loss=0.35917029 recon=0.00011248 beh=6.108946 w=0.059 lr=3.597e-04 time=0.153s
[RQ-VAE] epoch=1940 loss=0.36014524 recon=0.00011294 beh=6.110829 w=0.059 lr=3.593e-04 time=0.152s
[RQ-VAE] epoch=1941 loss=0.36082235 recon=0.00011315 beh=6.109228 w=0.059 lr=3.590e-04 time=0.152s
[RQ-VAE] epoch=1942 loss=0.36183572 recon=0.00011408 beh=6.111520 w=0.059 lr=3.586e-04 time=0.152s
[RQ-VAE] epoch=1943 loss=0.36280251 recon=0.00011483 beh=6.114089 w=0.059 lr=3.583e-04 time=0.25s
[RQ-VAE] epoch=1944 loss=0.36321062 recon=0.00011429 beh=6.106231 w=0.059 lr=3.580e-04 time=0.153s
[RQ-VAE] epoch=1945 loss=0.36423191 recon=0.00011485 beh=6.110278 w=0.059 lr=3.576e-04 time=0.152s
[RQ-VAE] epoch=1946 loss=0.36504909 recon=0.00011372 beh=6.111067 w=0.059 lr=3.573e-04 time=0.153s
[RQ-VAE] epoch=1947 loss=0.36593014 recon=0.00011235 beh=6.112522 w=0.060 lr=3.569e-04 time=0.154s
[RQ-VAE] epoch=1948 loss=0.36638328 recon=0.00011309 beh=6.106240 w=0.060 lr=3.566e-04 time=0.153s
[RQ-VAE] epoch=1949 loss=0.36733583 recon=0.00011286 beh=6.108771 w=0.060 lr=3.563e-04 time=0.152s
[RQ-VAE] epoch=1950 loss=0.36788762 recon=0.00011232 lr=3.559e-04 raw_unique=17579/24587 collision=0.285029 time=0.153s
[RQ-VAE] epoch=1951 loss=0.36940753 recon=0.00011137 beh=6.116557 w=0.060 lr=3.556e-04 time=0.152s
[RQ-VAE] epoch=1952 loss=0.36974597 recon=0.00011217 beh=6.108353 w=0.060 lr=3.553e-04 time=0.153s
[RQ-VAE] epoch=1953 loss=0.37025332 recon=0.00011202 beh=6.102932 w=0.060 lr=3.549e-04 time=0.152s
[RQ-VAE] epoch=1954 loss=0.37134820 recon=0.00011268 beh=6.107944 w=0.061 lr=3.546e-04 time=0.153s
[RQ-VAE] epoch=1955 loss=0.37190410 recon=0.00011314 beh=6.103701 w=0.061 lr=3.542e-04 time=0.153s
[RQ-VAE] epoch=1956 loss=0.37349868 recon=0.00011292 beh=6.115905 w=0.061 lr=3.539e-04 time=0.153s
[RQ-VAE] epoch=1957 loss=0.37409526 recon=0.00011270 beh=6.111950 w=0.061 lr=3.536e-04 time=0.153s
[RQ-VAE] epoch=1958 loss=0.37488303 recon=0.00011263 beh=6.111826 w=0.061 lr=3.532e-04 time=0.252s
[RQ-VAE] epoch=1959 loss=0.37532672 recon=0.00011293 beh=6.105515 w=0.061 lr=3.529e-04 time=0.152s
[RQ-VAE] epoch=1960 loss=0.37606525 recon=0.00011302 beh=6.104184 w=0.061 lr=3.525e-04 time=0.151s
[RQ-VAE] epoch=1961 loss=0.37740013 recon=0.00011317 beh=6.113119 w=0.061 lr=3.522e-04 time=0.151s
[RQ-VAE] epoch=1962 loss=0.37807068 recon=0.00011305 beh=6.110393 w=0.062 lr=3.519e-04 time=0.152s
[RQ-VAE] epoch=1963 loss=0.37904277 recon=0.00011210 beh=6.114092 w=0.062 lr=3.515e-04 time=0.152s
[RQ-VAE] epoch=1964 loss=0.37949198 recon=0.00011236 beh=6.107204 w=0.062 lr=3.512e-04 time=0.153s
[RQ-VAE] epoch=1965 loss=0.38058507 recon=0.00011187 beh=6.111577 w=0.062 lr=3.508e-04 time=0.151s
[RQ-VAE] epoch=1966 loss=0.38140041 recon=0.00011267 beh=6.111718 w=0.062 lr=3.505e-04 time=0.152s
[RQ-VAE] epoch=1967 loss=0.38178140 recon=0.00011351 beh=6.104829 w=0.062 lr=3.502e-04 time=0.152s
[RQ-VAE] epoch=1968 loss=0.38288069 recon=0.00011311 beh=6.109218 w=0.062 lr=3.498e-04 time=0.151s
[RQ-VAE] epoch=1969 loss=0.38371620 recon=0.00011299 beh=6.110232 w=0.063 lr=3.495e-04 time=0.151s
[RQ-VAE] epoch=1970 loss=0.38455436 recon=0.00011278 beh=6.110717 w=0.063 lr=3.492e-04 time=0.153s
[RQ-VAE] epoch=1971 loss=0.38535216 recon=0.00011291 beh=6.109832 w=0.063 lr=3.488e-04 time=0.152s
[RQ-VAE] epoch=1972 loss=0.38670200 recon=0.00011314 beh=6.118504 w=0.063 lr=3.485e-04 time=0.152s
[RQ-VAE] epoch=1973 loss=0.38679719 recon=0.00011293 beh=6.106801 w=0.063 lr=3.481e-04 time=0.152s
[RQ-VAE] epoch=1974 loss=0.38815865 recon=0.00011320 beh=6.115809 w=0.063 lr=3.478e-04 time=0.152s
[RQ-VAE] epoch=1975 loss=0.38858747 recon=0.00011319 beh=6.108841 w=0.063 lr=3.475e-04 time=0.152s
[RQ-VAE] epoch=1976 loss=0.38925549 recon=0.00011238 beh=6.106988 w=0.063 lr=3.471e-04 time=0.151s
[RQ-VAE] epoch=1977 loss=0.38995343 recon=0.00011229 beh=6.104910 w=0.064 lr=3.468e-04 time=0.152s
[RQ-VAE] epoch=1978 loss=0.39115027 recon=0.00011273 beh=6.110750 w=0.064 lr=3.464e-04 time=0.151s
[RQ-VAE] epoch=1979 loss=0.39231676 recon=0.00011373 beh=6.116656 w=0.064 lr=3.461e-04 time=0.153s
[RQ-VAE] epoch=1980 loss=0.39244333 recon=0.00011307 beh=6.105668 w=0.064 lr=3.458e-04 time=0.152s
[RQ-VAE] epoch=1981 loss=0.39362231 recon=0.00011450 beh=6.111157 w=0.064 lr=3.454e-04 time=0.152s
[RQ-VAE] epoch=1982 loss=0.39377892 recon=0.00011311 beh=6.101044 w=0.064 lr=3.451e-04 time=0.151s
[RQ-VAE] epoch=1983 loss=0.39473024 recon=0.00011323 beh=6.103282 w=0.064 lr=3.447e-04 time=0.153s
[RQ-VAE] epoch=1984 loss=0.39600518 recon=0.00011341 beh=6.110801 w=0.065 lr=3.444e-04 time=0.151s
[RQ-VAE] epoch=1985 loss=0.39664200 recon=0.00011371 beh=6.108020 w=0.065 lr=3.441e-04 time=0.152s
[RQ-VAE] epoch=1986 loss=0.39752468 recon=0.00011285 beh=6.109103 w=0.065 lr=3.437e-04 time=0.152s
[RQ-VAE] epoch=1987 loss=0.39856455 recon=0.00011329 beh=6.112575 w=0.065 lr=3.434e-04 time=0.152s
[RQ-VAE] epoch=1988 loss=0.39952737 recon=0.00011349 beh=6.113760 w=0.065 lr=3.431e-04 time=0.151s
[RQ-VAE] epoch=1989 loss=0.40022489 recon=0.00011415 beh=6.111996 w=0.065 lr=3.427e-04 time=0.151s
[RQ-VAE] epoch=1990 loss=0.40090317 recon=0.00011342 beh=6.109735 w=0.065 lr=3.424e-04 time=0.153s
[RQ-VAE] epoch=1991 loss=0.40205070 recon=0.00011331 beh=6.115078 w=0.065 lr=3.420e-04 time=0.153s
[RQ-VAE] epoch=1992 loss=0.40254128 recon=0.00011323 beh=6.110622 w=0.066 lr=3.417e-04 time=0.151s
[RQ-VAE] epoch=1993 loss=0.40375274 recon=0.00011429 beh=6.115683 w=0.066 lr=3.414e-04 time=0.153s
[RQ-VAE] epoch=1994 loss=0.40395784 recon=0.00011428 beh=6.106806 w=0.066 lr=3.410e-04 time=0.152s
[RQ-VAE] epoch=1995 loss=0.40486905 recon=0.00011255 beh=6.108294 w=0.066 lr=3.407e-04 time=0.153s
[RQ-VAE] epoch=1996 loss=0.40537375 recon=0.00011376 beh=6.103321 w=0.066 lr=3.403e-04 time=0.152s
[RQ-VAE] epoch=1997 loss=0.40622282 recon=0.00011411 beh=6.104033 w=0.066 lr=3.400e-04 time=0.152s
[RQ-VAE] epoch=1998 loss=0.40744591 recon=0.00011311 beh=6.111077 w=0.066 lr=3.397e-04 time=0.152s
[RQ-VAE] epoch=1999 loss=0.40884274 recon=0.00011308 beh=6.119741 w=0.067 lr=3.393e-04 time=0.152s
[RQ-VAE] epoch=2000 loss=0.40918416 recon=0.00011194 lr=3.390e-04 raw_unique=18127/24587 collision=0.262740 time=0.152s
[RQ-VAE] epoch=2001 loss=0.41000602 recon=0.00011240 beh=6.112636 w=0.067 lr=3.386e-04 time=0.151s
[RQ-VAE] epoch=2002 loss=0.41075584 recon=0.00011336 beh=6.111762 w=0.067 lr=3.383e-04 time=0.152s
[RQ-VAE] epoch=2003 loss=0.41132715 recon=0.00011258 beh=6.107929 w=0.067 lr=3.380e-04 time=0.151s
[RQ-VAE] epoch=2004 loss=0.41243052 recon=0.00011314 beh=6.112257 w=0.067 lr=3.376e-04 time=0.151s
[RQ-VAE] epoch=2005 loss=0.41315466 recon=0.00011285 beh=6.111270 w=0.067 lr=3.373e-04 time=0.151s
[RQ-VAE] epoch=2006 loss=0.41394788 recon=0.00011343 beh=6.110933 w=0.067 lr=3.369e-04 time=0.151s
[RQ-VAE] epoch=2007 loss=0.41481775 recon=0.00011405 beh=6.110954 w=0.068 lr=3.366e-04 time=0.152s
[RQ-VAE] epoch=2008 loss=0.41551173 recon=0.00011405 beh=6.109160 w=0.068 lr=3.363e-04 time=0.151s
[RQ-VAE] epoch=2009 loss=0.41589129 recon=0.00011406 beh=6.102046 w=0.068 lr=3.359e-04 time=0.151s
[RQ-VAE] epoch=2010 loss=0.41739324 recon=0.00011277 beh=6.113520 w=0.068 lr=3.356e-04 time=0.152s
[RQ-VAE] epoch=2011 loss=0.41780165 recon=0.00011352 beh=6.106899 w=0.068 lr=3.353e-04 time=0.152s
[RQ-VAE] epoch=2012 loss=0.41901621 recon=0.00011390 beh=6.112981 w=0.068 lr=3.349e-04 time=0.152s
[RQ-VAE] epoch=2013 loss=0.41949078 recon=0.00011315 beh=6.108269 w=0.068 lr=3.346e-04 time=0.152s
[RQ-VAE] epoch=2014 loss=0.41999221 recon=0.00011359 beh=6.102785 w=0.069 lr=3.342e-04 time=0.251s
[RQ-VAE] epoch=2015 loss=0.42096782 recon=0.00011350 beh=6.105739 w=0.069 lr=3.339e-04 time=0.152s
[RQ-VAE] epoch=2016 loss=0.42195880 recon=0.00011376 beh=6.108425 w=0.069 lr=3.336e-04 time=0.151s
[RQ-VAE] epoch=2017 loss=0.42317089 recon=0.00011341 beh=6.113665 w=0.069 lr=3.332e-04 time=0.152s
[RQ-VAE] epoch=2018 loss=0.42430130 recon=0.00011372 beh=6.118219 w=0.069 lr=3.329e-04 time=0.152s
[RQ-VAE] epoch=2019 loss=0.42453599 recon=0.00011382 beh=6.109732 w=0.069 lr=3.325e-04 time=0.151s
[RQ-VAE] epoch=2020 loss=0.42529210 recon=0.00011364 beh=6.109012 w=0.069 lr=3.322e-04 time=0.152s
[RQ-VAE] epoch=2021 loss=0.42613235 recon=0.00011257 beh=6.110343 w=0.069 lr=3.319e-04 time=0.152s
[RQ-VAE] epoch=2022 loss=0.42712548 recon=0.00011246 beh=6.112388 w=0.070 lr=3.315e-04 time=0.151s
[RQ-VAE] epoch=2023 loss=0.42715666 recon=0.00011377 beh=6.100266 w=0.070 lr=3.312e-04 time=0.152s
[RQ-VAE] epoch=2024 loss=0.42829213 recon=0.00011331 beh=6.105313 w=0.070 lr=3.308e-04 time=0.152s
[RQ-VAE] epoch=2025 loss=0.42959684 recon=0.00011284 beh=6.112566 w=0.070 lr=3.305e-04 time=0.152s
[RQ-VAE] epoch=2026 loss=0.43009007 recon=0.00011373 beh=6.107820 w=0.070 lr=3.302e-04 time=0.154s
[RQ-VAE] epoch=2027 loss=0.43070564 recon=0.00011270 beh=6.104939 w=0.070 lr=3.298e-04 time=0.152s
[RQ-VAE] epoch=2028 loss=0.43186826 recon=0.00011325 beh=6.110275 w=0.070 lr=3.295e-04 time=0.152s
[RQ-VAE] epoch=2029 loss=0.43207857 recon=0.00011289 beh=6.100838 w=0.071 lr=3.292e-04 time=0.151s
[RQ-VAE] epoch=2030 loss=0.43296018 recon=0.00011336 beh=6.102169 w=0.071 lr=3.288e-04 time=0.152s
[RQ-VAE] epoch=2031 loss=0.43443164 recon=0.00011319 beh=6.111898 w=0.071 lr=3.285e-04 time=0.152s
[RQ-VAE] epoch=2032 loss=0.43511564 recon=0.00011342 beh=6.109813 w=0.071 lr=3.281e-04 time=0.151s
[RQ-VAE] epoch=2033 loss=0.43569666 recon=0.00011247 beh=6.106843 w=0.071 lr=3.278e-04 time=0.151s
[RQ-VAE] epoch=2034 loss=0.43667683 recon=0.00011348 beh=6.109422 w=0.071 lr=3.275e-04 time=0.15s
[RQ-VAE] epoch=2035 loss=0.43783402 recon=0.00011329 beh=6.113830 w=0.071 lr=3.271e-04 time=0.152s
[RQ-VAE] epoch=2036 loss=0.43828186 recon=0.00011273 beh=6.107771 w=0.071 lr=3.268e-04 time=0.152s
[RQ-VAE] epoch=2037 loss=0.43906850 recon=0.00011237 beh=6.107871 w=0.072 lr=3.264e-04 time=0.152s
[RQ-VAE] epoch=2038 loss=0.43988794 recon=0.00011388 beh=6.107898 w=0.072 lr=3.261e-04 time=0.152s
[RQ-VAE] epoch=2039 loss=0.44068134 recon=0.00011247 beh=6.108154 w=0.072 lr=3.258e-04 time=0.152s
[RQ-VAE] epoch=2040 loss=0.44159180 recon=0.00011226 beh=6.109226 w=0.072 lr=3.254e-04 time=0.151s
[RQ-VAE] epoch=2041 loss=0.44227284 recon=0.00011218 beh=6.107900 w=0.072 lr=3.251e-04 time=0.151s
[RQ-VAE] epoch=2042 loss=0.44287056 recon=0.00011314 beh=6.104224 w=0.072 lr=3.247e-04 time=0.152s
[RQ-VAE] epoch=2043 loss=0.44381744 recon=0.00011266 beh=6.105936 w=0.072 lr=3.244e-04 time=0.25s
[RQ-VAE] epoch=2044 loss=0.44466734 recon=0.00011308 beh=6.106951 w=0.073 lr=3.241e-04 time=0.151s
[RQ-VAE] epoch=2045 loss=0.44620618 recon=0.00011228 beh=6.117233 w=0.073 lr=3.237e-04 time=0.152s
[RQ-VAE] epoch=2046 loss=0.44599390 recon=0.00011334 beh=6.102202 w=0.073 lr=3.234e-04 time=0.152s
[RQ-VAE] epoch=2047 loss=0.44737467 recon=0.00011211 beh=6.110708 w=0.073 lr=3.231e-04 time=0.153s
[RQ-VAE] epoch=2048 loss=0.44797808 recon=0.00011402 beh=6.107125 w=0.073 lr=3.227e-04 time=0.151s
[RQ-VAE] epoch=2049 loss=0.44898623 recon=0.00011324 beh=6.109961 w=0.073 lr=3.224e-04 time=0.153s
[RQ-VAE] epoch=2050 loss=0.44931579 recon=0.00011273 lr=3.220e-04 raw_unique=18147/24587 collision=0.261927 time=0.152s
[RQ-VAE] epoch=2051 loss=0.45019078 recon=0.00011187 beh=6.103665 w=0.073 lr=3.217e-04 time=0.152s
[RQ-VAE] epoch=2052 loss=0.45169300 recon=0.00011303 beh=6.113798 w=0.074 lr=3.214e-04 time=0.152s
[RQ-VAE] epoch=2053 loss=0.45219564 recon=0.00011422 beh=6.108478 w=0.074 lr=3.210e-04 time=0.151s
[RQ-VAE] epoch=2054 loss=0.45321795 recon=0.00011338 beh=6.111633 w=0.074 lr=3.207e-04 time=0.152s
[RQ-VAE] epoch=2055 loss=0.45348111 recon=0.00011356 beh=6.104393 w=0.074 lr=3.203e-04 time=0.152s
[RQ-VAE] epoch=2056 loss=0.45472404 recon=0.00011384 beh=6.110518 w=0.074 lr=3.200e-04 time=0.151s
[RQ-VAE] epoch=2057 loss=0.45531520 recon=0.00011275 beh=6.107153 w=0.074 lr=3.197e-04 time=0.151s
[RQ-VAE] epoch=2058 loss=0.45579645 recon=0.00011303 beh=6.102682 w=0.074 lr=3.193e-04 time=0.151s
[RQ-VAE] epoch=2059 loss=0.45713118 recon=0.00011380 beh=6.109862 w=0.075 lr=3.190e-04 time=0.151s
[RQ-VAE] epoch=2060 loss=0.45799989 recon=0.00011355 beh=6.110366 w=0.075 lr=3.186e-04 time=0.152s
[RQ-VAE] epoch=2061 loss=0.45883572 recon=0.00011480 beh=6.110390 w=0.075 lr=3.183e-04 time=0.151s
[RQ-VAE] epoch=2062 loss=0.45948157 recon=0.00011324 beh=6.108515 w=0.075 lr=3.180e-04 time=0.152s
[RQ-VAE] epoch=2063 loss=0.46055913 recon=0.00011323 beh=6.112230 w=0.075 lr=3.176e-04 time=0.25s
[RQ-VAE] epoch=2064 loss=0.46104139 recon=0.00011252 beh=6.108149 w=0.075 lr=3.173e-04 time=0.152s
[RQ-VAE] epoch=2065 loss=0.46179447 recon=0.00011217 beh=6.106781 w=0.075 lr=3.169e-04 time=0.153s
[RQ-VAE] epoch=2066 loss=0.46226728 recon=0.00011340 beh=6.101589 w=0.075 lr=3.166e-04 time=0.153s
[RQ-VAE] epoch=2067 loss=0.46297312 recon=0.00011443 beh=6.100819 w=0.076 lr=3.163e-04 time=0.153s
[RQ-VAE] epoch=2068 loss=0.46447110 recon=0.00011493 beh=6.108806 w=0.076 lr=3.159e-04 time=0.151s
[RQ-VAE] epoch=2069 loss=0.46482247 recon=0.00011471 beh=6.102730 w=0.076 lr=3.156e-04 time=0.151s
[RQ-VAE] epoch=2070 loss=0.46598732 recon=0.00011429 beh=6.107052 w=0.076 lr=3.153e-04 time=0.152s
[RQ-VAE] epoch=2071 loss=0.46733618 recon=0.00011359 beh=6.114554 w=0.076 lr=3.149e-04 time=0.151s
[RQ-VAE] epoch=2072 loss=0.46714577 recon=0.00011368 beh=6.101959 w=0.076 lr=3.146e-04 time=0.152s
[RQ-VAE] epoch=2073 loss=0.46799794 recon=0.00011322 beh=6.102522 w=0.076 lr=3.142e-04 time=0.151s
[RQ-VAE] epoch=2074 loss=0.46875447 recon=0.00011326 beh=6.101903 w=0.077 lr=3.139e-04 time=0.152s
[RQ-VAE] epoch=2075 loss=0.47034055 recon=0.00011287 beh=6.111628 w=0.077 lr=3.136e-04 time=0.152s
[RQ-VAE] epoch=2076 loss=0.47092158 recon=0.00011341 beh=6.108324 w=0.077 lr=3.132e-04 time=0.152s
[RQ-VAE] epoch=2077 loss=0.47147262 recon=0.00011368 beh=6.104682 w=0.077 lr=3.129e-04 time=0.152s
[RQ-VAE] epoch=2078 loss=0.47212189 recon=0.00011381 beh=6.102539 w=0.077 lr=3.125e-04 time=0.245s
[RQ-VAE] epoch=2079 loss=0.47334236 recon=0.00011314 beh=6.108902 w=0.077 lr=3.122e-04 time=0.152s
[RQ-VAE] epoch=2080 loss=0.47452343 recon=0.00011330 beh=6.113141 w=0.077 lr=3.119e-04 time=0.152s
[RQ-VAE] epoch=2081 loss=0.47479990 recon=0.00011347 beh=6.106110 w=0.077 lr=3.115e-04 time=0.154s
[RQ-VAE] epoch=2082 loss=0.47512120 recon=0.00011331 beh=6.099625 w=0.078 lr=3.112e-04 time=0.152s
[RQ-VAE] epoch=2083 loss=0.47686729 recon=0.00011394 beh=6.112046 w=0.078 lr=3.108e-04 time=0.153s
[RQ-VAE] epoch=2084 loss=0.47718999 recon=0.00011409 beh=6.105622 w=0.078 lr=3.105e-04 time=0.153s
[RQ-VAE] epoch=2085 loss=0.47790337 recon=0.00011498 beh=6.103847 w=0.078 lr=3.102e-04 time=0.153s
[RQ-VAE] epoch=2086 loss=0.47865060 recon=0.00011387 beh=6.103007 w=0.078 lr=3.098e-04 time=0.152s
[RQ-VAE] epoch=2087 loss=0.47961491 recon=0.00011458 beh=6.105246 w=0.078 lr=3.095e-04 time=0.151s
[RQ-VAE] epoch=2088 loss=0.48058203 recon=0.00011400 beh=6.107028 w=0.078 lr=3.092e-04 time=0.152s
[RQ-VAE] epoch=2089 loss=0.48151678 recon=0.00011372 beh=6.108901 w=0.079 lr=3.088e-04 time=0.152s
[RQ-VAE] epoch=2090 loss=0.48183459 recon=0.00011386 beh=6.102801 w=0.079 lr=3.085e-04 time=0.152s
[RQ-VAE] epoch=2091 loss=0.48328641 recon=0.00011339 beh=6.110189 w=0.079 lr=3.081e-04 time=0.153s
[RQ-VAE] epoch=2092 loss=0.48367754 recon=0.00011316 beh=6.105306 w=0.079 lr=3.078e-04 time=0.153s
[RQ-VAE] epoch=2093 loss=0.48415765 recon=0.00011221 beh=6.101234 w=0.079 lr=3.075e-04 time=0.153s
[RQ-VAE] epoch=2094 loss=0.48556632 recon=0.00011319 beh=6.108267 w=0.079 lr=3.071e-04 time=0.154s
[RQ-VAE] epoch=2095 loss=0.48643747 recon=0.00011379 beh=6.108986 w=0.079 lr=3.068e-04 time=0.152s
[RQ-VAE] epoch=2096 loss=0.48713884 recon=0.00011418 beh=6.107665 w=0.079 lr=3.064e-04 time=0.152s
[RQ-VAE] epoch=2097 loss=0.48749188 recon=0.00011410 beh=6.101260 w=0.080 lr=3.061e-04 time=0.153s
[RQ-VAE] epoch=2098 loss=0.48861080 recon=0.00011251 beh=6.104983 w=0.080 lr=3.058e-04 time=0.152s
[RQ-VAE] epoch=2099 loss=0.48997486 recon=0.00011308 beh=6.112542 w=0.080 lr=3.054e-04 time=0.153s
[RQ-VAE] epoch=2100 loss=0.49044055 recon=0.00011384 lr=3.051e-04 raw_unique=18238/24587 collision=0.258226 time=0.152s
[RQ-VAE] epoch=2101 loss=0.49099290 recon=0.00011462 beh=6.104011 w=0.080 lr=3.047e-04 time=0.152s
[RQ-VAE] epoch=2102 loss=0.49165329 recon=0.00011333 beh=6.102627 w=0.080 lr=3.044e-04 time=0.151s
[RQ-VAE] epoch=2103 loss=0.49231330 recon=0.00011249 beh=6.100963 w=0.080 lr=3.041e-04 time=0.152s
[RQ-VAE] epoch=2104 loss=0.49454784 recon=0.00011294 beh=6.118329 w=0.081 lr=3.037e-04 time=0.152s
[RQ-VAE] epoch=2105 loss=0.49482653 recon=0.00011345 beh=6.111715 w=0.081 lr=3.034e-04 time=0.152s
[RQ-VAE] epoch=2106 loss=0.49504638 recon=0.00011357 beh=6.104123 w=0.081 lr=3.031e-04 time=0.151s
[RQ-VAE] epoch=2107 loss=0.49587232 recon=0.00011284 beh=6.104033 w=0.081 lr=3.027e-04 time=0.152s
[RQ-VAE] epoch=2108 loss=0.49697584 recon=0.00011333 beh=6.108612 w=0.081 lr=3.024e-04 time=0.152s
[RQ-VAE] epoch=2109 loss=0.49712682 recon=0.00011281 beh=6.099923 w=0.081 lr=3.020e-04 time=0.152s
[RQ-VAE] epoch=2110 loss=0.49838525 recon=0.00011438 beh=6.105452 w=0.081 lr=3.017e-04 time=0.153s
[RQ-VAE] epoch=2111 loss=0.49948284 recon=0.00011414 beh=6.108945 w=0.081 lr=3.014e-04 time=0.152s
[RQ-VAE] epoch=2112 loss=0.50010741 recon=0.00011402 beh=6.106585 w=0.082 lr=3.010e-04 time=0.153s
[RQ-VAE] epoch=2113 loss=0.50130856 recon=0.00011356 beh=6.111458 w=0.082 lr=3.007e-04 time=0.151s
[RQ-VAE] epoch=2114 loss=0.50199604 recon=0.00011443 beh=6.109778 w=0.082 lr=3.003e-04 time=0.152s
[RQ-VAE] epoch=2115 loss=0.50253832 recon=0.00011296 beh=6.106428 w=0.082 lr=3.000e-04 time=0.152s
[RQ-VAE] epoch=2116 loss=0.50357246 recon=0.00011388 beh=6.108467 w=0.082 lr=2.997e-04 time=0.152s
[RQ-VAE] epoch=2117 loss=0.50383443 recon=0.00011297 beh=6.102062 w=0.082 lr=2.993e-04 time=0.153s
[RQ-VAE] epoch=2118 loss=0.50450271 recon=0.00011243 beh=6.100598 w=0.082 lr=2.990e-04 time=0.151s
[RQ-VAE] epoch=2119 loss=0.50558317 recon=0.00011307 beh=6.103817 w=0.083 lr=2.986e-04 time=0.153s
[RQ-VAE] epoch=2120 loss=0.50649428 recon=0.00011515 beh=6.104256 w=0.083 lr=2.983e-04 time=0.153s
[RQ-VAE] epoch=2121 loss=0.50781453 recon=0.00011354 beh=6.111506 w=0.083 lr=2.980e-04 time=0.152s
[RQ-VAE] epoch=2122 loss=0.50810605 recon=0.00011375 beh=6.104060 w=0.083 lr=2.976e-04 time=0.153s
[RQ-VAE] epoch=2123 loss=0.50863492 recon=0.00011307 beh=6.101107 w=0.083 lr=2.973e-04 time=0.152s
[RQ-VAE] epoch=2124 loss=0.50963056 recon=0.00011208 beh=6.103762 w=0.083 lr=2.969e-04 time=0.152s
[RQ-VAE] epoch=2125 loss=0.51122755 recon=0.00011273 beh=6.113484 w=0.083 lr=2.966e-04 time=0.152s
[RQ-VAE] epoch=2126 loss=0.51130128 recon=0.00011226 beh=6.104151 w=0.083 lr=2.963e-04 time=0.152s
[RQ-VAE] epoch=2127 loss=0.51248586 recon=0.00011340 beh=6.107942 w=0.084 lr=2.959e-04 time=0.152s
[RQ-VAE] epoch=2128 loss=0.51331288 recon=0.00011326 beh=6.108613 w=0.084 lr=2.956e-04 time=0.154s
[RQ-VAE] epoch=2129 loss=0.51440966 recon=0.00011250 beh=6.112366 w=0.084 lr=2.953e-04 time=0.153s
[RQ-VAE] epoch=2130 loss=0.51461840 recon=0.00011278 beh=6.104380 w=0.084 lr=2.949e-04 time=0.152s
[RQ-VAE] epoch=2131 loss=0.51603746 recon=0.00011372 beh=6.111935 w=0.084 lr=2.946e-04 time=0.154s
[RQ-VAE] epoch=2132 loss=0.51584530 recon=0.00011424 beh=6.099532 w=0.084 lr=2.942e-04 time=0.152s
[RQ-VAE] epoch=2133 loss=0.51715231 recon=0.00011327 beh=6.105989 w=0.084 lr=2.939e-04 time=0.152s
[RQ-VAE] epoch=2134 loss=0.51819289 recon=0.00011337 beh=6.108643 w=0.085 lr=2.936e-04 time=0.255s
[RQ-VAE] epoch=2135 loss=0.51852351 recon=0.00011462 beh=6.102223 w=0.085 lr=2.932e-04 time=0.152s
[RQ-VAE] epoch=2136 loss=0.51974398 recon=0.00011376 beh=6.107671 w=0.085 lr=2.929e-04 time=0.151s
[RQ-VAE] epoch=2137 loss=0.52058321 recon=0.00011286 beh=6.108192 w=0.085 lr=2.925e-04 time=0.152s
[RQ-VAE] epoch=2138 loss=0.52086538 recon=0.00011425 beh=6.101325 w=0.085 lr=2.922e-04 time=0.153s
[RQ-VAE] epoch=2139 loss=0.52229446 recon=0.00011398 beh=6.108600 w=0.085 lr=2.919e-04 time=0.152s
[RQ-VAE] epoch=2140 loss=0.52317369 recon=0.00011337 beh=6.109093 w=0.085 lr=2.915e-04 time=0.152s
[RQ-VAE] epoch=2141 loss=0.52346939 recon=0.00011244 beh=6.103105 w=0.085 lr=2.912e-04 time=0.152s
[RQ-VAE] epoch=2142 loss=0.52441108 recon=0.00011372 beh=6.104854 w=0.086 lr=2.908e-04 time=0.152s
[RQ-VAE] epoch=2143 loss=0.52522385 recon=0.00011254 beh=6.104334 w=0.086 lr=2.905e-04 time=0.152s
[RQ-VAE] epoch=2144 loss=0.52594256 recon=0.00011346 beh=6.103049 w=0.086 lr=2.902e-04 time=0.152s
[RQ-VAE] epoch=2145 loss=0.52712506 recon=0.00011398 beh=6.107256 w=0.086 lr=2.898e-04 time=0.152s
[RQ-VAE] epoch=2146 loss=0.52793026 recon=0.00011348 beh=6.107744 w=0.086 lr=2.895e-04 time=0.152s
[RQ-VAE] epoch=2147 loss=0.52840853 recon=0.00011345 beh=6.103737 w=0.086 lr=2.892e-04 time=0.152s
[RQ-VAE] epoch=2148 loss=0.52961725 recon=0.00011358 beh=6.108434 w=0.086 lr=2.888e-04 time=0.153s
[RQ-VAE] epoch=2149 loss=0.52998018 recon=0.00011384 beh=6.103279 w=0.087 lr=2.885e-04 time=0.152s
[RQ-VAE] epoch=2150 loss=0.53086263 recon=0.00011501 lr=2.881e-04 raw_unique=18232/24587 collision=0.258470 time=0.152s
[RQ-VAE] epoch=2151 loss=0.53204983 recon=0.00011465 beh=6.108290 w=0.087 lr=2.878e-04 time=0.152s
[RQ-VAE] epoch=2152 loss=0.53267181 recon=0.00011284 beh=6.106105 w=0.087 lr=2.875e-04 time=0.152s
[RQ-VAE] epoch=2153 loss=0.53387839 recon=0.00011287 beh=6.111041 w=0.087 lr=2.871e-04 time=0.152s
[RQ-VAE] epoch=2154 loss=0.53399915 recon=0.00011322 beh=6.102652 w=0.087 lr=2.868e-04 time=0.152s
[RQ-VAE] epoch=2155 loss=0.53524244 recon=0.00011237 beh=6.108081 w=0.087 lr=2.864e-04 time=0.153s
[RQ-VAE] epoch=2156 loss=0.53558540 recon=0.00011395 beh=6.102324 w=0.087 lr=2.861e-04 time=0.152s
[RQ-VAE] epoch=2157 loss=0.53621733 recon=0.00011247 beh=6.099880 w=0.088 lr=2.858e-04 time=0.152s
[RQ-VAE] epoch=2158 loss=0.53730965 recon=0.00011287 beh=6.103138 w=0.088 lr=2.854e-04 time=0.152s
[RQ-VAE] epoch=2159 loss=0.53817141 recon=0.00011353 beh=6.104087 w=0.088 lr=2.851e-04 time=0.152s
[RQ-VAE] epoch=2160 loss=0.53904653 recon=0.00011585 beh=6.104188 w=0.088 lr=2.847e-04 time=0.152s
[RQ-VAE] epoch=2161 loss=0.53915572 recon=0.00011405 beh=6.095822 w=0.088 lr=2.844e-04 time=0.153s
[RQ-VAE] epoch=2162 loss=0.54055077 recon=0.00011358 beh=6.103011 w=0.088 lr=2.841e-04 time=0.153s
[RQ-VAE] epoch=2163 loss=0.54154545 recon=0.00011327 beh=6.105151 w=0.088 lr=2.837e-04 time=0.246s
[RQ-VAE] epoch=2164 loss=0.54240620 recon=0.00011317 beh=6.105528 w=0.089 lr=2.834e-04 time=0.152s
[RQ-VAE] epoch=2165 loss=0.54321122 recon=0.00011322 beh=6.105499 w=0.089 lr=2.831e-04 time=0.153s
[RQ-VAE] epoch=2166 loss=0.54318142 recon=0.00011418 beh=6.095893 w=0.089 lr=2.827e-04 time=0.152s
[RQ-VAE] epoch=2167 loss=0.54485285 recon=0.00011353 beh=6.105572 w=0.089 lr=2.824e-04 time=0.152s
[RQ-VAE] epoch=2168 loss=0.54596329 recon=0.00011342 beh=6.108974 w=0.089 lr=2.820e-04 time=0.152s
[RQ-VAE] epoch=2169 loss=0.54618728 recon=0.00011419 beh=6.101682 w=0.089 lr=2.817e-04 time=0.152s
[RQ-VAE] epoch=2170 loss=0.54643261 recon=0.00011445 beh=6.094562 w=0.089 lr=2.814e-04 time=0.152s
[RQ-VAE] epoch=2171 loss=0.54770815 recon=0.00011415 beh=6.100605 w=0.089 lr=2.810e-04 time=0.154s
[RQ-VAE] epoch=2172 loss=0.54835230 recon=0.00011418 beh=6.098641 w=0.090 lr=2.807e-04 time=0.153s
[RQ-VAE] epoch=2173 loss=0.54899979 recon=0.00011412 beh=6.096919 w=0.090 lr=2.803e-04 time=0.152s
[RQ-VAE] epoch=2174 loss=0.54941207 recon=0.00011302 beh=6.092150 w=0.090 lr=2.800e-04 time=0.153s
[RQ-VAE] epoch=2175 loss=0.55149800 recon=0.00011364 beh=6.107229 w=0.090 lr=2.797e-04 time=0.155s
[RQ-VAE] epoch=2176 loss=0.55215788 recon=0.00011316 beh=6.105447 w=0.090 lr=2.793e-04 time=0.153s
[RQ-VAE] epoch=2177 loss=0.55325955 recon=0.00011263 beh=6.108364 w=0.090 lr=2.790e-04 time=0.152s
[RQ-VAE] epoch=2178 loss=0.55414212 recon=0.00011313 beh=6.109072 w=0.090 lr=2.786e-04 time=0.153s
[RQ-VAE] epoch=2179 loss=0.55456328 recon=0.00011305 beh=6.104371 w=0.091 lr=2.783e-04 time=0.154s
[RQ-VAE] epoch=2180 loss=0.55577701 recon=0.00011305 beh=6.109112 w=0.091 lr=2.780e-04 time=0.152s
[RQ-VAE] epoch=2181 loss=0.55611980 recon=0.00011398 beh=6.103732 w=0.091 lr=2.776e-04 time=0.153s
[RQ-VAE] epoch=2182 loss=0.55755889 recon=0.00011364 beh=6.111049 w=0.091 lr=2.773e-04 time=0.153s
[RQ-VAE] epoch=2183 loss=0.55769801 recon=0.00011423 beh=6.102156 w=0.091 lr=2.769e-04 time=0.251s
[RQ-VAE] epoch=2184 loss=0.55926090 recon=0.00011689 beh=6.110965 w=0.091 lr=2.766e-04 time=0.152s
[RQ-VAE] epoch=2185 loss=0.55944669 recon=0.00011495 beh=6.104305 w=0.091 lr=2.763e-04 time=0.152s
[RQ-VAE] epoch=2186 loss=0.56001359 recon=0.00011389 beh=6.101346 w=0.091 lr=2.759e-04 time=0.154s
[RQ-VAE] epoch=2187 loss=0.56095707 recon=0.00011454 beh=6.103289 w=0.092 lr=2.756e-04 time=0.152s
[RQ-VAE] epoch=2188 loss=0.56188959 recon=0.00011381 beh=6.104836 w=0.092 lr=2.753e-04 time=0.152s
[RQ-VAE] epoch=2189 loss=0.56183112 recon=0.00011333 beh=6.095223 w=0.092 lr=2.749e-04 time=0.153s
[RQ-VAE] epoch=2190 loss=0.56331366 recon=0.00011435 beh=6.102114 w=0.092 lr=2.746e-04 time=0.153s
[RQ-VAE] epoch=2191 loss=0.56427211 recon=0.00011390 beh=6.103769 w=0.092 lr=2.742e-04 time=0.152s
[RQ-VAE] epoch=2192 loss=0.56550139 recon=0.00011417 beh=6.107907 w=0.092 lr=2.739e-04 time=0.153s
[RQ-VAE] epoch=2193 loss=0.56570029 recon=0.00011403 beh=6.100831 w=0.092 lr=2.736e-04 time=0.152s
[RQ-VAE] epoch=2194 loss=0.56676948 recon=0.00011308 beh=6.104094 w=0.093 lr=2.732e-04 time=0.153s
[RQ-VAE] epoch=2195 loss=0.56768233 recon=0.00011399 beh=6.105447 w=0.093 lr=2.729e-04 time=0.152s
[RQ-VAE] epoch=2196 loss=0.56818235 recon=0.00011421 beh=6.102005 w=0.093 lr=2.725e-04 time=0.152s
[RQ-VAE] epoch=2197 loss=0.56954110 recon=0.00011409 beh=6.108060 w=0.093 lr=2.722e-04 time=0.154s
[RQ-VAE] epoch=2198 loss=0.57048434 recon=0.00011464 beh=6.109416 w=0.093 lr=2.719e-04 time=0.248s
[RQ-VAE] epoch=2199 loss=0.57152283 recon=0.00011313 beh=6.111671 w=0.093 lr=2.715e-04 time=0.153s
[RQ-VAE] epoch=2200 loss=0.57197976 recon=0.00011357 lr=2.712e-04 raw_unique=18316/24587 collision=0.255053 time=0.153s
[RQ-VAE] epoch=2201 loss=0.57287729 recon=0.00011259 beh=6.108859 w=0.093 lr=2.708e-04 time=0.153s
[RQ-VAE] epoch=2202 loss=0.57329184 recon=0.00011517 beh=6.104173 w=0.094 lr=2.705e-04 time=0.152s
[RQ-VAE] epoch=2203 loss=0.57431328 recon=0.00011377 beh=6.106538 w=0.094 lr=2.702e-04 time=0.153s
[RQ-VAE] epoch=2204 loss=0.57456928 recon=0.00011409 beh=6.100038 w=0.094 lr=2.698e-04 time=0.152s
[RQ-VAE] epoch=2205 loss=0.57583320 recon=0.00011342 beh=6.105241 w=0.094 lr=2.695e-04 time=0.153s
[RQ-VAE] epoch=2206 loss=0.57649559 recon=0.00011391 beh=6.103486 w=0.094 lr=2.692e-04 time=0.152s
[RQ-VAE] epoch=2207 loss=0.57723379 recon=0.00011392 beh=6.103710 w=0.094 lr=2.688e-04 time=0.152s
[RQ-VAE] epoch=2208 loss=0.57808948 recon=0.00011429 beh=6.103670 w=0.094 lr=2.685e-04 time=0.152s
[RQ-VAE] epoch=2209 loss=0.57892466 recon=0.00011331 beh=6.103745 w=0.095 lr=2.681e-04 time=0.153s
[RQ-VAE] epoch=2210 loss=0.57970595 recon=0.00011422 beh=6.103450 w=0.095 lr=2.678e-04 time=0.152s
[RQ-VAE] epoch=2211 loss=0.58070815 recon=0.00011472 beh=6.104988 w=0.095 lr=2.675e-04 time=0.152s
[RQ-VAE] epoch=2212 loss=0.58166826 recon=0.00011479 beh=6.106754 w=0.095 lr=2.671e-04 time=0.152s
[RQ-VAE] epoch=2213 loss=0.58264405 recon=0.00011393 beh=6.108041 w=0.095 lr=2.668e-04 time=0.153s
[RQ-VAE] epoch=2214 loss=0.58359551 recon=0.00011445 beh=6.109613 w=0.095 lr=2.664e-04 time=0.153s
[RQ-VAE] epoch=2215 loss=0.58432633 recon=0.00011371 beh=6.109200 w=0.095 lr=2.661e-04 time=0.153s
[RQ-VAE] epoch=2216 loss=0.58469611 recon=0.00011449 beh=6.104315 w=0.095 lr=2.658e-04 time=0.153s
[RQ-VAE] epoch=2217 loss=0.58601773 recon=0.00011486 beh=6.110066 w=0.096 lr=2.654e-04 time=0.153s
[RQ-VAE] epoch=2218 loss=0.58681691 recon=0.00011437 beh=6.109862 w=0.096 lr=2.651e-04 time=0.153s
[RQ-VAE] epoch=2219 loss=0.58684152 recon=0.00011569 beh=6.100934 w=0.096 lr=2.647e-04 time=0.152s
[RQ-VAE] epoch=2220 loss=0.58890867 recon=0.00011533 beh=6.113983 w=0.096 lr=2.644e-04 time=0.152s
[RQ-VAE] epoch=2221 loss=0.58892852 recon=0.00011457 beh=6.105672 w=0.096 lr=2.641e-04 time=0.153s
[RQ-VAE] epoch=2222 loss=0.59018534 recon=0.00011359 beh=6.111182 w=0.096 lr=2.637e-04 time=0.153s
[RQ-VAE] epoch=2223 loss=0.59027326 recon=0.00011396 beh=6.103070 w=0.096 lr=2.634e-04 time=0.153s
[RQ-VAE] epoch=2224 loss=0.59126896 recon=0.00011361 beh=6.104665 w=0.097 lr=2.631e-04 time=0.153s
[RQ-VAE] epoch=2225 loss=0.59229267 recon=0.00011336 beh=6.107244 w=0.097 lr=2.627e-04 time=0.152s
[RQ-VAE] epoch=2226 loss=0.59250557 recon=0.00011540 beh=6.100705 w=0.097 lr=2.624e-04 time=0.153s
[RQ-VAE] epoch=2227 loss=0.59457880 recon=0.00011457 beh=6.114078 w=0.097 lr=2.620e-04 time=0.152s
[RQ-VAE] epoch=2228 loss=0.59435630 recon=0.00011431 beh=6.102964 w=0.097 lr=2.617e-04 time=0.152s
[RQ-VAE] epoch=2229 loss=0.59540457 recon=0.00011473 beh=6.105492 w=0.097 lr=2.614e-04 time=0.153s
[RQ-VAE] epoch=2230 loss=0.59623277 recon=0.00011437 beh=6.105406 w=0.097 lr=2.610e-04 time=0.152s
[RQ-VAE] epoch=2231 loss=0.59723502 recon=0.00011610 beh=6.107072 w=0.097 lr=2.607e-04 time=0.152s
[RQ-VAE] epoch=2232 loss=0.59754962 recon=0.00011423 beh=6.102473 w=0.098 lr=2.603e-04 time=0.152s
[RQ-VAE] epoch=2233 loss=0.59811682 recon=0.00011434 beh=6.099725 w=0.098 lr=2.600e-04 time=0.152s
[RQ-VAE] epoch=2234 loss=0.59922707 recon=0.00011550 beh=6.103063 w=0.098 lr=2.597e-04 time=0.152s
[RQ-VAE] epoch=2235 loss=0.59895933 recon=0.00011502 beh=6.091319 w=0.098 lr=2.593e-04 time=0.152s
[RQ-VAE] epoch=2236 loss=0.60072112 recon=0.00011473 beh=6.101550 w=0.098 lr=2.590e-04 time=0.153s
[RQ-VAE] epoch=2237 loss=0.60215855 recon=0.00011476 beh=6.108266 w=0.098 lr=2.586e-04 time=0.152s
[RQ-VAE] epoch=2238 loss=0.60243583 recon=0.00011509 beh=6.102089 w=0.098 lr=2.583e-04 time=0.152s
[RQ-VAE] epoch=2239 loss=0.60390037 recon=0.00011421 beh=6.108912 w=0.099 lr=2.580e-04 time=0.152s
[RQ-VAE] epoch=2240 loss=0.60469353 recon=0.00011417 beh=6.108933 w=0.099 lr=2.576e-04 time=0.152s
[RQ-VAE] epoch=2241 loss=0.60508335 recon=0.00011402 beh=6.104668 w=0.099 lr=2.573e-04 time=0.152s
[RQ-VAE] epoch=2242 loss=0.60583150 recon=0.00011432 beh=6.103865 w=0.099 lr=2.569e-04 time=0.152s
[RQ-VAE] epoch=2243 loss=0.60657585 recon=0.00011320 beh=6.103149 w=0.099 lr=2.566e-04 time=0.153s
[RQ-VAE] epoch=2244 loss=0.60798234 recon=0.00011387 beh=6.109354 w=0.099 lr=2.563e-04 time=0.153s
[RQ-VAE] epoch=2245 loss=0.60900629 recon=0.00011432 beh=6.111062 w=0.099 lr=2.559e-04 time=0.154s
[RQ-VAE] epoch=2246 loss=0.60905826 recon=0.00011371 beh=6.103684 w=0.099 lr=2.556e-04 time=0.152s
[RQ-VAE] epoch=2247 loss=0.61034071 recon=0.00011285 beh=6.108686 w=0.100 lr=2.553e-04 time=0.152s
[RQ-VAE] epoch=2248 loss=0.61059016 recon=0.00011276 beh=6.102524 w=0.100 lr=2.549e-04 time=0.152s
[RQ-VAE] epoch=2249 loss=0.61102557 recon=0.00011263 beh=6.098618 w=0.100 lr=2.546e-04 time=0.153s
[RQ-VAE] epoch=2250 loss=0.61253417 recon=0.00011342 lr=2.542e-04 raw_unique=18384/24587 collision=0.252288 time=0.153s
[RQ-VAE] epoch=2251 loss=0.61271048 recon=0.00011395 beh=6.099273 w=0.100 lr=2.539e-04 time=0.153s
[RQ-VAE] epoch=2252 loss=0.61363643 recon=0.00011273 beh=6.100359 w=0.100 lr=2.536e-04 time=0.153s
[RQ-VAE] epoch=2253 loss=0.61471057 recon=0.00011324 beh=6.103411 w=0.100 lr=2.532e-04 time=0.154s
[RQ-VAE] epoch=2254 loss=0.61604345 recon=0.00011302 beh=6.108793 w=0.101 lr=2.529e-04 time=0.153s
[RQ-VAE] epoch=2255 loss=0.61628687 recon=0.00011472 beh=6.102203 w=0.101 lr=2.525e-04 time=0.249s
[RQ-VAE] epoch=2256 loss=0.61731863 recon=0.00011413 beh=6.104972 w=0.101 lr=2.522e-04 time=0.153s
[RQ-VAE] epoch=2257 loss=0.61851412 recon=0.00011353 beh=6.108597 w=0.101 lr=2.519e-04 time=0.153s
[RQ-VAE] epoch=2258 loss=0.61942995 recon=0.00011452 beh=6.109706 w=0.101 lr=2.515e-04 time=0.152s
[RQ-VAE] epoch=2259 loss=0.61977321 recon=0.00011413 beh=6.104671 w=0.101 lr=2.512e-04 time=0.153s
[RQ-VAE] epoch=2260 loss=0.62144101 recon=0.00011367 beh=6.113463 w=0.101 lr=2.508e-04 time=0.153s
[RQ-VAE] epoch=2261 loss=0.62128097 recon=0.00011592 beh=6.103297 w=0.101 lr=2.505e-04 time=0.152s
[RQ-VAE] epoch=2262 loss=0.62153459 recon=0.00011467 beh=6.097517 w=0.102 lr=2.502e-04 time=0.153s
[RQ-VAE] epoch=2263 loss=0.62344581 recon=0.00011442 beh=6.108796 w=0.102 lr=2.498e-04 time=0.153s
[RQ-VAE] epoch=2264 loss=0.62449539 recon=0.00011582 beh=6.110354 w=0.102 lr=2.495e-04 time=0.152s
[RQ-VAE] epoch=2265 loss=0.62486941 recon=0.00011552 beh=6.105910 w=0.102 lr=2.492e-04 time=0.151s
[RQ-VAE] epoch=2266 loss=0.62559873 recon=0.00011473 beh=6.104913 w=0.102 lr=2.488e-04 time=0.153s
[RQ-VAE] epoch=2267 loss=0.62644684 recon=0.00011560 beh=6.105804 w=0.102 lr=2.485e-04 time=0.153s
[RQ-VAE] epoch=2268 loss=0.62688774 recon=0.00011507 beh=6.102338 w=0.102 lr=2.481e-04 time=0.152s
[RQ-VAE] epoch=2269 loss=0.62822735 recon=0.00011378 beh=6.107710 w=0.103 lr=2.478e-04 time=0.153s
[RQ-VAE] epoch=2270 loss=0.62800050 recon=0.00011419 beh=6.097122 w=0.103 lr=2.475e-04 time=0.153s
[RQ-VAE] epoch=2271 loss=0.62996125 recon=0.00011505 beh=6.108845 w=0.103 lr=2.471e-04 time=0.152s
[RQ-VAE] epoch=2272 loss=0.63048100 recon=0.00011407 beh=6.105937 w=0.103 lr=2.468e-04 time=0.153s
[RQ-VAE] epoch=2273 loss=0.63112861 recon=0.00011449 beh=6.104036 w=0.103 lr=2.464e-04 time=0.153s
[RQ-VAE] epoch=2274 loss=0.63210469 recon=0.00011463 beh=6.105939 w=0.103 lr=2.461e-04 time=0.153s
[RQ-VAE] epoch=2275 loss=0.63338262 recon=0.00011355 beh=6.110441 w=0.103 lr=2.458e-04 time=0.152s
[RQ-VAE] epoch=2276 loss=0.63433939 recon=0.00011364 beh=6.111863 w=0.103 lr=2.454e-04 time=0.155s
[RQ-VAE] epoch=2277 loss=0.63496631 recon=0.00011363 beh=6.110330 w=0.104 lr=2.451e-04 time=0.151s
[RQ-VAE] epoch=2278 loss=0.63490582 recon=0.00011451 beh=6.101617 w=0.104 lr=2.447e-04 time=0.152s
[RQ-VAE] epoch=2279 loss=0.63570338 recon=0.00011475 beh=6.101414 w=0.104 lr=2.444e-04 time=0.153s
[RQ-VAE] epoch=2280 loss=0.63743317 recon=0.00011419 beh=6.110000 w=0.104 lr=2.441e-04 time=0.151s
[RQ-VAE] epoch=2281 loss=0.63794762 recon=0.00011455 beh=6.107180 w=0.104 lr=2.437e-04 time=0.152s
[RQ-VAE] epoch=2282 loss=0.63779503 recon=0.00011575 beh=6.097307 w=0.104 lr=2.434e-04 time=0.152s
[RQ-VAE] epoch=2283 loss=0.63940161 recon=0.00011456 beh=6.104812 w=0.104 lr=2.431e-04 time=0.151s
[RQ-VAE] epoch=2284 loss=0.63951433 recon=0.00011470 beh=6.098190 w=0.105 lr=2.427e-04 time=0.25s
[RQ-VAE] epoch=2285 loss=0.64123172 recon=0.00011481 beh=6.107299 w=0.105 lr=2.424e-04 time=0.152s
[RQ-VAE] epoch=2286 loss=0.64158863 recon=0.00011470 beh=6.103016 w=0.105 lr=2.420e-04 time=0.153s
[RQ-VAE] epoch=2287 loss=0.64268672 recon=0.00011460 beh=6.105978 w=0.105 lr=2.417e-04 time=0.153s
[RQ-VAE] epoch=2288 loss=0.64367568 recon=0.00011442 beh=6.107330 w=0.105 lr=2.414e-04 time=0.152s
[RQ-VAE] epoch=2289 loss=0.64395088 recon=0.00011407 beh=6.102479 w=0.105 lr=2.410e-04 time=0.152s
[RQ-VAE] epoch=2290 loss=0.64531547 recon=0.00011459 beh=6.107399 w=0.105 lr=2.407e-04 time=0.153s
[RQ-VAE] epoch=2291 loss=0.64601767 recon=0.00011383 beh=6.106751 w=0.105 lr=2.403e-04 time=0.153s
[RQ-VAE] epoch=2292 loss=0.64609146 recon=0.00011371 beh=6.099101 w=0.106 lr=2.400e-04 time=0.152s
[RQ-VAE] epoch=2293 loss=0.64752620 recon=0.00011476 beh=6.105039 w=0.106 lr=2.397e-04 time=0.152s
[RQ-VAE] epoch=2294 loss=0.64790261 recon=0.00011337 beh=6.100732 w=0.106 lr=2.393e-04 time=0.153s
[RQ-VAE] epoch=2295 loss=0.64913613 recon=0.00011446 beh=6.105289 w=0.106 lr=2.390e-04 time=0.153s
[RQ-VAE] epoch=2296 loss=0.64996374 recon=0.00011379 beh=6.105255 w=0.106 lr=2.386e-04 time=0.153s
[RQ-VAE] epoch=2297 loss=0.64994228 recon=0.00011495 beh=6.096780 w=0.106 lr=2.383e-04 time=0.153s
[RQ-VAE] epoch=2298 loss=0.65154791 recon=0.00011519 beh=6.104349 w=0.106 lr=2.380e-04 time=0.152s
[RQ-VAE] epoch=2299 loss=0.65231615 recon=0.00011401 beh=6.104320 w=0.107 lr=2.376e-04 time=0.153s
[RQ-VAE] epoch=2300 loss=0.65332150 recon=0.00011412 lr=2.373e-04 raw_unique=18337/24587 collision=0.254199 time=0.152s
[RQ-VAE] epoch=2301 loss=0.65412080 recon=0.00011487 beh=6.106082 w=0.107 lr=2.369e-04 time=0.153s
[RQ-VAE] epoch=2302 loss=0.65399301 recon=0.00011382 beh=6.096855 w=0.107 lr=2.366e-04 time=0.153s
[RQ-VAE] epoch=2303 loss=0.65524745 recon=0.00011446 beh=6.100698 w=0.107 lr=2.363e-04 time=0.247s
[RQ-VAE] epoch=2304 loss=0.65649980 recon=0.00011434 beh=6.105296 w=0.107 lr=2.359e-04 time=0.151s
[RQ-VAE] epoch=2305 loss=0.65679240 recon=0.00011430 beh=6.100305 w=0.107 lr=2.356e-04 time=0.152s
[RQ-VAE] epoch=2306 loss=0.65735054 recon=0.00011422 beh=6.097388 w=0.107 lr=2.353e-04 time=0.152s
[RQ-VAE] epoch=2307 loss=0.65911680 recon=0.00011347 beh=6.106925 w=0.108 lr=2.349e-04 time=0.152s
[RQ-VAE] epoch=2308 loss=0.65967137 recon=0.00011336 beh=6.104554 w=0.108 lr=2.346e-04 time=0.152s
[RQ-VAE] epoch=2309 loss=0.65987688 recon=0.00011487 beh=6.098609 w=0.108 lr=2.342e-04 time=0.153s
[RQ-VAE] epoch=2310 loss=0.66167235 recon=0.00011339 beh=6.108352 w=0.108 lr=2.339e-04 time=0.153s
[RQ-VAE] epoch=2311 loss=0.66195577 recon=0.00011370 beh=6.103298 w=0.108 lr=2.336e-04 time=0.153s
[RQ-VAE] epoch=2312 loss=0.66266811 recon=0.00011281 beh=6.102481 w=0.108 lr=2.332e-04 time=0.151s
[RQ-VAE] epoch=2313 loss=0.66371995 recon=0.00011441 beh=6.104337 w=0.108 lr=2.329e-04 time=0.152s
[RQ-VAE] epoch=2314 loss=0.66517264 recon=0.00011427 beh=6.109927 w=0.109 lr=2.325e-04 time=0.152s
[RQ-VAE] epoch=2315 loss=0.66475630 recon=0.00011461 beh=6.098227 w=0.109 lr=2.322e-04 time=0.154s
[RQ-VAE] epoch=2316 loss=0.66669625 recon=0.00011547 beh=6.108764 w=0.109 lr=2.319e-04 time=0.152s
[RQ-VAE] epoch=2317 loss=0.66728526 recon=0.00011444 beh=6.106624 w=0.109 lr=2.315e-04 time=0.152s
[RQ-VAE] epoch=2318 loss=0.66778219 recon=0.00011453 beh=6.103467 w=0.109 lr=2.312e-04 time=0.249s
[RQ-VAE] epoch=2319 loss=0.66895950 recon=0.00011395 beh=6.107416 w=0.109 lr=2.308e-04 time=0.151s
[RQ-VAE] epoch=2320 loss=0.66862500 recon=0.00011580 beh=6.095928 w=0.109 lr=2.305e-04 time=0.152s
[RQ-VAE] epoch=2321 loss=0.66965681 recon=0.00011527 beh=6.098782 w=0.109 lr=2.302e-04 time=0.151s
[RQ-VAE] epoch=2322 loss=0.67163789 recon=0.00011549 beh=6.109552 w=0.110 lr=2.298e-04 time=0.151s
[RQ-VAE] epoch=2323 loss=0.67198277 recon=0.00011497 beh=6.105218 w=0.110 lr=2.295e-04 time=0.151s
[RQ-VAE] epoch=2324 loss=0.67258745 recon=0.00011356 beh=6.103395 w=0.110 lr=2.292e-04 time=0.152s
[RQ-VAE] epoch=2325 loss=0.67361236 recon=0.00011465 beh=6.105168 w=0.110 lr=2.288e-04 time=0.152s
[RQ-VAE] epoch=2326 loss=0.67493719 recon=0.00011344 beh=6.110071 w=0.110 lr=2.285e-04 time=0.151s
[RQ-VAE] epoch=2327 loss=0.67527443 recon=0.00011458 beh=6.105367 w=0.110 lr=2.281e-04 time=0.151s
[RQ-VAE] epoch=2328 loss=0.67541575 recon=0.00011465 beh=6.099188 w=0.110 lr=2.278e-04 time=0.15s
[RQ-VAE] epoch=2329 loss=0.67641664 recon=0.00011384 beh=6.101429 w=0.111 lr=2.275e-04 time=0.151s
[RQ-VAE] epoch=2330 loss=0.67787194 recon=0.00011372 beh=6.107229 w=0.111 lr=2.271e-04 time=0.151s
[RQ-VAE] epoch=2331 loss=0.67873216 recon=0.00011364 beh=6.107662 w=0.111 lr=2.268e-04 time=0.151s
[RQ-VAE] epoch=2332 loss=0.67875284 recon=0.00011355 beh=6.100268 w=0.111 lr=2.264e-04 time=0.151s
[RQ-VAE] epoch=2333 loss=0.68001211 recon=0.00011473 beh=6.104229 w=0.111 lr=2.261e-04 time=0.15s
[RQ-VAE] epoch=2334 loss=0.68009168 recon=0.00011509 beh=6.096910 w=0.111 lr=2.258e-04 time=0.151s
[RQ-VAE] epoch=2335 loss=0.68184429 recon=0.00011391 beh=6.106256 w=0.111 lr=2.254e-04 time=0.151s
[RQ-VAE] epoch=2336 loss=0.68227345 recon=0.00011408 beh=6.102328 w=0.111 lr=2.251e-04 time=0.152s
[RQ-VAE] epoch=2337 loss=0.68319929 recon=0.00011428 beh=6.102950 w=0.112 lr=2.247e-04 time=0.152s
[RQ-VAE] epoch=2338 loss=0.68408501 recon=0.00011428 beh=6.103892 w=0.112 lr=2.244e-04 time=0.152s
[RQ-VAE] epoch=2339 loss=0.68484265 recon=0.00011482 beh=6.103370 w=0.112 lr=2.241e-04 time=0.152s
[RQ-VAE] epoch=2340 loss=0.68489057 recon=0.00011484 beh=6.096497 w=0.112 lr=2.237e-04 time=0.151s
[RQ-VAE] epoch=2341 loss=0.68663979 recon=0.00011398 beh=6.104766 w=0.112 lr=2.234e-04 time=0.151s
[RQ-VAE] epoch=2342 loss=0.68761587 recon=0.00011516 beh=6.106427 w=0.112 lr=2.231e-04 time=0.151s
[RQ-VAE] epoch=2343 loss=0.68832439 recon=0.00011464 beh=6.105185 w=0.112 lr=2.227e-04 time=0.151s
[RQ-VAE] epoch=2344 loss=0.68878454 recon=0.00011371 beh=6.102393 w=0.113 lr=2.224e-04 time=0.152s
[RQ-VAE] epoch=2345 loss=0.68892503 recon=0.00011404 beh=6.096080 w=0.113 lr=2.220e-04 time=0.151s
[RQ-VAE] epoch=2346 loss=0.69057798 recon=0.00011426 beh=6.103638 w=0.113 lr=2.217e-04 time=0.151s
[RQ-VAE] epoch=2347 loss=0.69184643 recon=0.00011447 beh=6.108122 w=0.113 lr=2.214e-04 time=0.152s
[RQ-VAE] epoch=2348 loss=0.69257295 recon=0.00011425 beh=6.107202 w=0.113 lr=2.210e-04 time=0.152s
[RQ-VAE] epoch=2349 loss=0.69258350 recon=0.00011424 beh=6.099336 w=0.113 lr=2.207e-04 time=0.151s
[RQ-VAE] epoch=2350 loss=0.69346708 recon=0.00011370 lr=2.203e-04 raw_unique=18447/24587 collision=0.249725 time=0.151s
[RQ-VAE] epoch=2351 loss=0.69496644 recon=0.00011556 beh=6.106409 w=0.113 lr=2.200e-04 time=0.152s
[RQ-VAE] epoch=2352 loss=0.69593054 recon=0.00011475 beh=6.108001 w=0.114 lr=2.197e-04 time=0.151s
[RQ-VAE] epoch=2353 loss=0.69579411 recon=0.00011447 beh=6.099431 w=0.114 lr=2.193e-04 time=0.15s
[RQ-VAE] epoch=2354 loss=0.69624728 recon=0.00011378 beh=6.096273 w=0.114 lr=2.190e-04 time=0.152s
[RQ-VAE] epoch=2355 loss=0.69863021 recon=0.00011373 beh=6.110374 w=0.114 lr=2.186e-04 time=0.151s
[RQ-VAE] epoch=2356 loss=0.69904107 recon=0.00011478 beh=6.106640 w=0.114 lr=2.183e-04 time=0.152s
[RQ-VAE] epoch=2357 loss=0.69939905 recon=0.00011436 beh=6.102268 w=0.114 lr=2.180e-04 time=0.151s
[RQ-VAE] epoch=2358 loss=0.70009124 recon=0.00011428 beh=6.101278 w=0.114 lr=2.176e-04 time=0.15s
[RQ-VAE] epoch=2359 loss=0.70165044 recon=0.00011367 beh=6.108005 w=0.115 lr=2.173e-04 time=0.15s
[RQ-VAE] epoch=2360 loss=0.70147157 recon=0.00011514 beh=6.098798 w=0.115 lr=2.169e-04 time=0.152s
[RQ-VAE] epoch=2361 loss=0.70237184 recon=0.00011459 beh=6.100118 w=0.115 lr=2.166e-04 time=0.151s
[RQ-VAE] epoch=2362 loss=0.70304447 recon=0.00011438 beh=6.098706 w=0.115 lr=2.163e-04 time=0.152s
[RQ-VAE] epoch=2363 loss=0.70441246 recon=0.00011400 beh=6.103595 w=0.115 lr=2.159e-04 time=0.152s
[RQ-VAE] epoch=2364 loss=0.70542455 recon=0.00011444 beh=6.105581 w=0.115 lr=2.156e-04 time=0.151s
[RQ-VAE] epoch=2365 loss=0.70555747 recon=0.00011450 beh=6.099366 w=0.115 lr=2.153e-04 time=0.151s
[RQ-VAE] epoch=2366 loss=0.70660281 recon=0.00011356 beh=6.101430 w=0.115 lr=2.149e-04 time=0.152s
[RQ-VAE] epoch=2367 loss=0.70759010 recon=0.00011443 beh=6.102764 w=0.116 lr=2.146e-04 time=0.151s
[RQ-VAE] epoch=2368 loss=0.70853126 recon=0.00011427 beh=6.104074 w=0.116 lr=2.142e-04 time=0.153s
[RQ-VAE] epoch=2369 loss=0.70952952 recon=0.00011475 beh=6.105899 w=0.116 lr=2.139e-04 time=0.153s
[RQ-VAE] epoch=2370 loss=0.70945579 recon=0.00011634 beh=6.097323 w=0.116 lr=2.136e-04 time=0.151s
[RQ-VAE] epoch=2371 loss=0.71095067 recon=0.00011440 beh=6.104024 w=0.116 lr=2.132e-04 time=0.151s
[RQ-VAE] epoch=2372 loss=0.71242464 recon=0.00011482 beh=6.109853 w=0.116 lr=2.129e-04 time=0.152s
[RQ-VAE] epoch=2373 loss=0.71231008 recon=0.00011520 beh=6.101369 w=0.116 lr=2.125e-04 time=0.151s
[RQ-VAE] epoch=2374 loss=0.71359909 recon=0.00011393 beh=6.105558 w=0.117 lr=2.122e-04 time=0.151s
[RQ-VAE] epoch=2375 loss=0.71432149 recon=0.00011372 beh=6.104756 w=0.117 lr=2.119e-04 time=0.244s
[RQ-VAE] epoch=2376 loss=0.71533632 recon=0.00011365 beh=6.106735 w=0.117 lr=2.115e-04 time=0.153s
[RQ-VAE] epoch=2377 loss=0.71576291 recon=0.00011461 beh=6.102404 w=0.117 lr=2.112e-04 time=0.153s
[RQ-VAE] epoch=2378 loss=0.71711779 recon=0.00011418 beh=6.107983 w=0.117 lr=2.108e-04 time=0.151s
[RQ-VAE] epoch=2379 loss=0.71826303 recon=0.00011395 beh=6.111298 w=0.117 lr=2.105e-04 time=0.153s
[RQ-VAE] epoch=2380 loss=0.71809804 recon=0.00011459 beh=6.102463 w=0.117 lr=2.102e-04 time=0.152s
[RQ-VAE] epoch=2381 loss=0.71805555 recon=0.00011363 beh=6.095054 w=0.117 lr=2.098e-04 time=0.152s
[RQ-VAE] epoch=2382 loss=0.72000569 recon=0.00011337 beh=6.104662 w=0.118 lr=2.095e-04 time=0.152s
[RQ-VAE] epoch=2383 loss=0.72055781 recon=0.00011417 beh=6.102561 w=0.118 lr=2.092e-04 time=0.152s
[RQ-VAE] epoch=2384 loss=0.72134072 recon=0.00011448 beh=6.102206 w=0.118 lr=2.088e-04 time=0.152s
[RQ-VAE] epoch=2385 loss=0.72196555 recon=0.00011526 beh=6.100423 w=0.118 lr=2.085e-04 time=0.152s
[RQ-VAE] epoch=2386 loss=0.72310668 recon=0.00011346 beh=6.103573 w=0.118 lr=2.081e-04 time=0.152s
[RQ-VAE] epoch=2387 loss=0.72395062 recon=0.00011367 beh=6.103669 w=0.118 lr=2.078e-04 time=0.151s
[RQ-VAE] epoch=2388 loss=0.72472930 recon=0.00011361 beh=6.103484 w=0.118 lr=2.075e-04 time=0.152s
[RQ-VAE] epoch=2389 loss=0.72598928 recon=0.00011321 beh=6.107006 w=0.119 lr=2.071e-04 time=0.152s
[RQ-VAE] epoch=2390 loss=0.72649038 recon=0.00011315 beh=6.104468 w=0.119 lr=2.068e-04 time=0.152s
[RQ-VAE] epoch=2391 loss=0.72642297 recon=0.00011320 beh=6.097217 w=0.119 lr=2.064e-04 time=0.152s
[RQ-VAE] epoch=2392 loss=0.72736824 recon=0.00011327 beh=6.097972 w=0.119 lr=2.061e-04 time=0.151s
[RQ-VAE] epoch=2393 loss=0.72943938 recon=0.00011488 beh=6.108675 w=0.119 lr=2.058e-04 time=0.151s
[RQ-VAE] epoch=2394 loss=0.73011905 recon=0.00011360 beh=6.107473 w=0.119 lr=2.054e-04 time=0.152s
[RQ-VAE] epoch=2395 loss=0.73038512 recon=0.00011426 beh=6.102465 w=0.119 lr=2.051e-04 time=0.152s
[RQ-VAE] epoch=2396 loss=0.73210967 recon=0.00011406 beh=6.110311 w=0.119 lr=2.047e-04 time=0.151s
[RQ-VAE] epoch=2397 loss=0.73191553 recon=0.00011534 beh=6.100692 w=0.120 lr=2.044e-04 time=0.152s
[RQ-VAE] epoch=2398 loss=0.73324275 recon=0.00011402 beh=6.106054 w=0.120 lr=2.041e-04 time=0.152s
[RQ-VAE] epoch=2399 loss=0.73407131 recon=0.00011457 beh=6.106256 w=0.120 lr=2.037e-04 time=0.152s
[RQ-VAE] epoch=2400 loss=0.73457730 recon=0.00011498 lr=2.034e-04 raw_unique=18345/24587 collision=0.253874 time=0.151s
[RQ-VAE] epoch=2401 loss=0.73560023 recon=0.00011425 beh=6.105641 w=0.120 lr=2.031e-04 time=0.153s
[RQ-VAE] epoch=2402 loss=0.73560095 recon=0.00011504 beh=6.098355 w=0.120 lr=2.027e-04 time=0.152s
[RQ-VAE] epoch=2403 loss=0.73732555 recon=0.00011382 beh=6.106289 w=0.120 lr=2.024e-04 time=0.152s
[RQ-VAE] epoch=2404 loss=0.73769438 recon=0.00011599 beh=6.102135 w=0.121 lr=2.020e-04 time=0.246s
[RQ-VAE] epoch=2405 loss=0.73922431 recon=0.00011460 beh=6.108687 w=0.121 lr=2.017e-04 time=0.151s
[RQ-VAE] epoch=2406 loss=0.73954380 recon=0.00011483 beh=6.104324 w=0.121 lr=2.014e-04 time=0.152s
[RQ-VAE] epoch=2407 loss=0.74040949 recon=0.00011429 beh=6.104954 w=0.121 lr=2.010e-04 time=0.152s
[RQ-VAE] epoch=2408 loss=0.74104792 recon=0.00011526 beh=6.103392 w=0.121 lr=2.007e-04 time=0.152s
[RQ-VAE] epoch=2409 loss=0.74252474 recon=0.00011580 beh=6.108913 w=0.121 lr=2.003e-04 time=0.153s
[RQ-VAE] epoch=2410 loss=0.74306303 recon=0.00011514 beh=6.106397 w=0.121 lr=2.000e-04 time=0.152s
[RQ-VAE] epoch=2411 loss=0.74341744 recon=0.00011534 beh=6.102573 w=0.121 lr=1.997e-04 time=0.151s
[RQ-VAE] epoch=2412 loss=0.74467361 recon=0.00011534 beh=6.106369 w=0.122 lr=1.993e-04 time=0.152s
[RQ-VAE] epoch=2413 loss=0.74514163 recon=0.00011471 beh=6.103196 w=0.122 lr=1.990e-04 time=0.152s
[RQ-VAE] epoch=2414 loss=0.74488586 recon=0.00011526 beh=6.093904 w=0.122 lr=1.986e-04 time=0.152s
[RQ-VAE] epoch=2415 loss=0.74625087 recon=0.00011429 beh=6.099326 w=0.122 lr=1.983e-04 time=0.152s
[RQ-VAE] epoch=2416 loss=0.74787551 recon=0.00011498 beh=6.106128 w=0.122 lr=1.980e-04 time=0.152s
[RQ-VAE] epoch=2417 loss=0.74844950 recon=0.00011543 beh=6.103848 w=0.122 lr=1.976e-04 time=0.152s
[RQ-VAE] epoch=2418 loss=0.74966288 recon=0.00011510 beh=6.107351 w=0.122 lr=1.973e-04 time=0.152s
[RQ-VAE] epoch=2419 loss=0.75051379 recon=0.00011536 beh=6.107338 w=0.123 lr=1.969e-04 time=0.152s
[RQ-VAE] epoch=2420 loss=0.75047338 recon=0.00011548 beh=6.100194 w=0.123 lr=1.966e-04 time=0.151s
[RQ-VAE] epoch=2421 loss=0.75192297 recon=0.00011462 beh=6.105477 w=0.123 lr=1.963e-04 time=0.152s
[RQ-VAE] epoch=2422 loss=0.75272220 recon=0.00011468 beh=6.105748 w=0.123 lr=1.959e-04 time=0.151s
[RQ-VAE] epoch=2423 loss=0.75287461 recon=0.00011424 beh=6.100126 w=0.123 lr=1.956e-04 time=0.246s
[RQ-VAE] epoch=2424 loss=0.75446111 recon=0.00011552 beh=6.106492 w=0.123 lr=1.953e-04 time=0.15s
[RQ-VAE] epoch=2425 loss=0.75497639 recon=0.00011494 beh=6.103807 w=0.123 lr=1.949e-04 time=0.152s
[RQ-VAE] epoch=2426 loss=0.75660908 recon=0.00011440 beh=6.110756 w=0.123 lr=1.946e-04 time=0.152s
[RQ-VAE] epoch=2427 loss=0.75750351 recon=0.00011361 beh=6.111295 w=0.124 lr=1.942e-04 time=0.151s
[RQ-VAE] epoch=2428 loss=0.75760281 recon=0.00011518 beh=6.105252 w=0.124 lr=1.939e-04 time=0.151s
[RQ-VAE] epoch=2429 loss=0.75745571 recon=0.00011444 beh=6.097371 w=0.124 lr=1.936e-04 time=0.152s
[RQ-VAE] epoch=2430 loss=0.75914067 recon=0.00011492 beh=6.104855 w=0.124 lr=1.932e-04 time=0.151s
[RQ-VAE] epoch=2431 loss=0.75903964 recon=0.00011462 beh=6.097219 w=0.124 lr=1.929e-04 time=0.152s
[RQ-VAE] epoch=2432 loss=0.76075536 recon=0.00011445 beh=6.104779 w=0.124 lr=1.925e-04 time=0.152s
[RQ-VAE] epoch=2433 loss=0.76094186 recon=0.00011383 beh=6.099322 w=0.124 lr=1.922e-04 time=0.152s
[RQ-VAE] epoch=2434 loss=0.76183534 recon=0.00011334 beh=6.100158 w=0.125 lr=1.919e-04 time=0.151s
[RQ-VAE] epoch=2435 loss=0.76241523 recon=0.00011490 beh=6.098425 w=0.125 lr=1.915e-04 time=0.151s
[RQ-VAE] epoch=2436 loss=0.76454306 recon=0.00011448 beh=6.108767 w=0.125 lr=1.912e-04 time=0.151s
[RQ-VAE] epoch=2437 loss=0.76482713 recon=0.00011507 beh=6.104891 w=0.125 lr=1.908e-04 time=0.151s
[RQ-VAE] epoch=2438 loss=0.76553833 recon=0.00011468 beh=6.103452 w=0.125 lr=1.905e-04 time=0.246s
[RQ-VAE] epoch=2439 loss=0.76584405 recon=0.00011517 beh=6.099593 w=0.125 lr=1.902e-04 time=0.152s
[RQ-VAE] epoch=2440 loss=0.76749247 recon=0.00011392 beh=6.106896 w=0.125 lr=1.898e-04 time=0.153s
[RQ-VAE] epoch=2441 loss=0.76799673 recon=0.00011437 beh=6.103678 w=0.125 lr=1.895e-04 time=0.152s
[RQ-VAE] epoch=2442 loss=0.76781297 recon=0.00011499 beh=6.095644 w=0.126 lr=1.892e-04 time=0.152s
[RQ-VAE] epoch=2443 loss=0.76921046 recon=0.00011367 beh=6.100534 w=0.126 lr=1.888e-04 time=0.153s
[RQ-VAE] epoch=2444 loss=0.77079058 recon=0.00011570 beh=6.106727 w=0.126 lr=1.885e-04 time=0.152s
[RQ-VAE] epoch=2445 loss=0.77007586 recon=0.00011474 beh=6.094275 w=0.126 lr=1.881e-04 time=0.153s
[RQ-VAE] epoch=2446 loss=0.77212220 recon=0.00011524 beh=6.104689 w=0.126 lr=1.878e-04 time=0.152s
[RQ-VAE] epoch=2447 loss=0.77281392 recon=0.00011496 beh=6.103373 w=0.126 lr=1.875e-04 time=0.152s
[RQ-VAE] epoch=2448 loss=0.77380133 recon=0.00011446 beh=6.104932 w=0.126 lr=1.871e-04 time=0.153s
[RQ-VAE] epoch=2449 loss=0.77531600 recon=0.00011416 beh=6.110218 w=0.127 lr=1.868e-04 time=0.152s
[RQ-VAE] epoch=2450 loss=0.77499408 recon=0.00011522 lr=1.864e-04 raw_unique=18416/24587 collision=0.250986 time=0.152s
[RQ-VAE] epoch=2451 loss=0.77583534 recon=0.00011363 beh=6.101346 w=0.127 lr=1.861e-04 time=0.152s
[RQ-VAE] epoch=2452 loss=0.77666438 recon=0.00011394 beh=6.101008 w=0.127 lr=1.858e-04 time=0.153s
[RQ-VAE] epoch=2453 loss=0.77796930 recon=0.00011499 beh=6.105331 w=0.127 lr=1.854e-04 time=0.153s
[RQ-VAE] epoch=2454 loss=0.77892596 recon=0.00011580 beh=6.105976 w=0.127 lr=1.851e-04 time=0.152s
[RQ-VAE] epoch=2455 loss=0.77860504 recon=0.00011592 beh=6.096879 w=0.127 lr=1.847e-04 time=0.153s
[RQ-VAE] epoch=2456 loss=0.78070045 recon=0.00011492 beh=6.107629 w=0.127 lr=1.844e-04 time=0.152s
[RQ-VAE] epoch=2457 loss=0.78107202 recon=0.00011624 beh=6.103562 w=0.128 lr=1.841e-04 time=0.153s
[RQ-VAE] epoch=2458 loss=0.78158367 recon=0.00011557 beh=6.100974 w=0.128 lr=1.837e-04 time=0.153s
[RQ-VAE] epoch=2459 loss=0.78252280 recon=0.00011560 beh=6.102305 w=0.128 lr=1.834e-04 time=0.152s
[RQ-VAE] epoch=2460 loss=0.78333277 recon=0.00011610 beh=6.101916 w=0.128 lr=1.831e-04 time=0.153s
[RQ-VAE] epoch=2461 loss=0.78458178 recon=0.00011519 beh=6.105637 w=0.128 lr=1.827e-04 time=0.152s
[RQ-VAE] epoch=2462 loss=0.78501463 recon=0.00011582 beh=6.103194 w=0.128 lr=1.824e-04 time=0.152s
[RQ-VAE] epoch=2463 loss=0.78511739 recon=0.00011467 beh=6.097729 w=0.128 lr=1.820e-04 time=0.151s
[RQ-VAE] epoch=2464 loss=0.78694236 recon=0.00011487 beh=6.105660 w=0.129 lr=1.817e-04 time=0.152s
[RQ-VAE] epoch=2465 loss=0.78767002 recon=0.00011395 beh=6.104793 w=0.129 lr=1.814e-04 time=0.153s
[RQ-VAE] epoch=2466 loss=0.78825963 recon=0.00011449 beh=6.103405 w=0.129 lr=1.810e-04 time=0.152s
[RQ-VAE] epoch=2467 loss=0.78918886 recon=0.00011343 beh=6.104419 w=0.129 lr=1.807e-04 time=0.153s
[RQ-VAE] epoch=2468 loss=0.78938198 recon=0.00011334 beh=6.099340 w=0.129 lr=1.803e-04 time=0.152s
[RQ-VAE] epoch=2469 loss=0.78990936 recon=0.00011473 beh=6.097027 w=0.129 lr=1.800e-04 time=0.152s
[RQ-VAE] epoch=2470 loss=0.79192626 recon=0.00011346 beh=6.106776 w=0.129 lr=1.797e-04 time=0.153s
[RQ-VAE] epoch=2471 loss=0.79251301 recon=0.00011405 beh=6.104529 w=0.129 lr=1.793e-04 time=0.153s
[RQ-VAE] epoch=2472 loss=0.79293239 recon=0.00011378 beh=6.101406 w=0.130 lr=1.790e-04 time=0.152s
[RQ-VAE] epoch=2473 loss=0.79336739 recon=0.00011347 beh=6.098309 w=0.130 lr=1.786e-04 time=0.153s
[RQ-VAE] epoch=2474 loss=0.79433209 recon=0.00011479 beh=6.099557 w=0.130 lr=1.783e-04 time=0.154s
[RQ-VAE] epoch=2475 loss=0.79548025 recon=0.00011436 beh=6.101919 w=0.130 lr=1.780e-04 time=0.152s
[RQ-VAE] epoch=2476 loss=0.79723352 recon=0.00011412 beh=6.109814 w=0.130 lr=1.776e-04 time=0.151s
[RQ-VAE] epoch=2477 loss=0.79710335 recon=0.00011456 beh=6.102283 w=0.130 lr=1.773e-04 time=0.154s
[RQ-VAE] epoch=2478 loss=0.79741037 recon=0.00011470 beh=6.098033 w=0.130 lr=1.769e-04 time=0.153s
[RQ-VAE] epoch=2479 loss=0.79927856 recon=0.00011328 beh=6.107019 w=0.131 lr=1.766e-04 time=0.153s
[RQ-VAE] epoch=2480 loss=0.79964620 recon=0.00011489 beh=6.102789 w=0.131 lr=1.763e-04 time=0.152s
[RQ-VAE] epoch=2481 loss=0.80107617 recon=0.00011476 beh=6.107654 w=0.131 lr=1.759e-04 time=0.152s
[RQ-VAE] epoch=2482 loss=0.80140263 recon=0.00011489 beh=6.103690 w=0.131 lr=1.756e-04 time=0.152s
[RQ-VAE] epoch=2483 loss=0.80311483 recon=0.00011434 beh=6.111031 w=0.131 lr=1.753e-04 time=0.153s
[RQ-VAE] epoch=2484 loss=0.80402589 recon=0.00011440 beh=6.111530 w=0.131 lr=1.749e-04 time=0.152s
[RQ-VAE] epoch=2485 loss=0.80383795 recon=0.00011457 beh=6.103711 w=0.131 lr=1.746e-04 time=0.153s
[RQ-VAE] epoch=2486 loss=0.80615616 recon=0.00011454 beh=6.115469 w=0.131 lr=1.742e-04 time=0.153s
[RQ-VAE] epoch=2487 loss=0.80505973 recon=0.00011450 beh=6.100880 w=0.132 lr=1.739e-04 time=0.153s
[RQ-VAE] epoch=2488 loss=0.80539334 recon=0.00011448 beh=6.096992 w=0.132 lr=1.736e-04 time=0.153s
[RQ-VAE] epoch=2489 loss=0.80717683 recon=0.00011433 beh=6.104692 w=0.132 lr=1.732e-04 time=0.153s
[RQ-VAE] epoch=2490 loss=0.80815399 recon=0.00011452 beh=6.105795 w=0.132 lr=1.729e-04 time=0.152s
[RQ-VAE] epoch=2491 loss=0.80810386 recon=0.00011429 beh=6.098826 w=0.132 lr=1.725e-04 time=0.152s
[RQ-VAE] epoch=2492 loss=0.80938280 recon=0.00011423 beh=6.102743 w=0.132 lr=1.722e-04 time=0.153s
[RQ-VAE] epoch=2493 loss=0.81017518 recon=0.00011385 beh=6.102546 w=0.132 lr=1.719e-04 time=0.152s
[RQ-VAE] epoch=2494 loss=0.81154835 recon=0.00011424 beh=6.106854 w=0.133 lr=1.715e-04 time=0.153s
[RQ-VAE] epoch=2495 loss=0.81146926 recon=0.00011501 beh=6.099823 w=0.133 lr=1.712e-04 time=0.252s
[RQ-VAE] epoch=2496 loss=0.81208533 recon=0.00011453 beh=6.098330 w=0.133 lr=1.708e-04 time=0.152s
[RQ-VAE] epoch=2497 loss=0.81332469 recon=0.00011382 beh=6.101679 w=0.133 lr=1.705e-04 time=0.152s
[RQ-VAE] epoch=2498 loss=0.81482673 recon=0.00011423 beh=6.107079 w=0.133 lr=1.702e-04 time=0.152s
[RQ-VAE] epoch=2499 loss=0.81526107 recon=0.00011417 beh=6.103981 w=0.133 lr=1.698e-04 time=0.152s
[RQ-VAE] epoch=2500 loss=0.81544149 recon=0.00011520 lr=1.695e-04 raw_unique=18325/24587 collision=0.254687 time=0.152s
[RQ-VAE] epoch=2501 loss=0.81657118 recon=0.00011443 beh=6.101899 w=0.133 lr=1.692e-04 time=0.153s
[RQ-VAE] epoch=2502 loss=0.81781405 recon=0.00011487 beh=6.104825 w=0.134 lr=1.688e-04 time=0.152s
[RQ-VAE] epoch=2503 loss=0.81814802 recon=0.00011398 beh=6.101017 w=0.134 lr=1.685e-04 time=0.152s
[RQ-VAE] epoch=2504 loss=0.81953949 recon=0.00011409 beh=6.105800 w=0.134 lr=1.681e-04 time=0.152s
[RQ-VAE] epoch=2505 loss=0.81978965 recon=0.00011436 beh=6.100884 w=0.134 lr=1.678e-04 time=0.152s
[RQ-VAE] epoch=2506 loss=0.82027435 recon=0.00011356 beh=6.098859 w=0.134 lr=1.675e-04 time=0.153s
[RQ-VAE] epoch=2507 loss=0.82081366 recon=0.00011345 beh=6.097152 w=0.134 lr=1.671e-04 time=0.152s
[RQ-VAE] epoch=2508 loss=0.82273430 recon=0.00011373 beh=6.105020 w=0.134 lr=1.668e-04 time=0.152s
[RQ-VAE] epoch=2509 loss=0.82304519 recon=0.00011375 beh=6.101224 w=0.135 lr=1.664e-04 time=0.153s
[RQ-VAE] epoch=2510 loss=0.82447690 recon=0.00011442 beh=6.105472 w=0.135 lr=1.661e-04 time=0.152s
[RQ-VAE] epoch=2511 loss=0.82484353 recon=0.00011459 beh=6.102340 w=0.135 lr=1.658e-04 time=0.152s
[RQ-VAE] epoch=2512 loss=0.82439148 recon=0.00011425 beh=6.093103 w=0.135 lr=1.654e-04 time=0.152s
[RQ-VAE] epoch=2513 loss=0.82668006 recon=0.00011422 beh=6.104066 w=0.135 lr=1.651e-04 time=0.152s
[RQ-VAE] epoch=2514 loss=0.82736903 recon=0.00011511 beh=6.103243 w=0.135 lr=1.647e-04 time=0.152s
[RQ-VAE] epoch=2515 loss=0.82795495 recon=0.00011430 beh=6.101181 w=0.135 lr=1.644e-04 time=0.151s
[RQ-VAE] epoch=2516 loss=0.82964766 recon=0.00011433 beh=6.108459 w=0.135 lr=1.641e-04 time=0.152s
[RQ-VAE] epoch=2517 loss=0.82950157 recon=0.00011436 beh=6.100751 w=0.136 lr=1.637e-04 time=0.152s
[RQ-VAE] epoch=2518 loss=0.82854962 recon=0.00011492 beh=6.087237 w=0.136 lr=1.634e-04 time=0.152s
[RQ-VAE] epoch=2519 loss=0.83092964 recon=0.00011469 beh=6.099636 w=0.136 lr=1.631e-04 time=0.153s
[RQ-VAE] epoch=2520 loss=0.83147973 recon=0.00011463 beh=6.097454 w=0.136 lr=1.627e-04 time=0.153s
[RQ-VAE] epoch=2521 loss=0.83221334 recon=0.00011439 beh=6.096541 w=0.136 lr=1.624e-04 time=0.153s
[RQ-VAE] epoch=2522 loss=0.83327973 recon=0.00011476 beh=6.098788 w=0.136 lr=1.620e-04 time=0.152s
[RQ-VAE] epoch=2523 loss=0.83518529 recon=0.00011400 beh=6.106781 w=0.136 lr=1.617e-04 time=0.15s
[RQ-VAE] epoch=2524 loss=0.83547032 recon=0.00011407 beh=6.102818 w=0.137 lr=1.614e-04 time=0.247s
[RQ-VAE] epoch=2525 loss=0.83662164 recon=0.00011390 beh=6.105350 w=0.137 lr=1.610e-04 time=0.152s
[RQ-VAE] epoch=2526 loss=0.83762282 recon=0.00011398 beh=6.106610 w=0.137 lr=1.607e-04 time=0.153s
[RQ-VAE] epoch=2527 loss=0.83853924 recon=0.00011377 beh=6.107407 w=0.137 lr=1.603e-04 time=0.152s
[RQ-VAE] epoch=2528 loss=0.83842480 recon=0.00011487 beh=6.100678 w=0.137 lr=1.600e-04 time=0.152s
[RQ-VAE] epoch=2529 loss=0.84036160 recon=0.00011416 beh=6.109317 w=0.137 lr=1.597e-04 time=0.152s
[RQ-VAE] epoch=2530 loss=0.84023321 recon=0.00011432 beh=6.102108 w=0.137 lr=1.593e-04 time=0.152s
[RQ-VAE] epoch=2531 loss=0.84067279 recon=0.00011504 beh=6.098933 w=0.137 lr=1.590e-04 time=0.153s
[RQ-VAE] epoch=2532 loss=0.84124231 recon=0.00011367 beh=6.097536 w=0.138 lr=1.586e-04 time=0.151s
[RQ-VAE] epoch=2533 loss=0.84229982 recon=0.00011534 beh=6.099205 w=0.138 lr=1.583e-04 time=0.152s
[RQ-VAE] epoch=2534 loss=0.84272462 recon=0.00011646 beh=6.095822 w=0.138 lr=1.580e-04 time=0.153s
[RQ-VAE] epoch=2535 loss=0.84421396 recon=0.00011589 beh=6.101028 w=0.138 lr=1.576e-04 time=0.153s
[RQ-VAE] epoch=2536 loss=0.84566677 recon=0.00011491 beh=6.105930 w=0.138 lr=1.573e-04 time=0.151s
[RQ-VAE] epoch=2537 loss=0.84591430 recon=0.00011354 beh=6.101823 w=0.138 lr=1.569e-04 time=0.152s
[RQ-VAE] epoch=2538 loss=0.84694743 recon=0.00011509 beh=6.103398 w=0.138 lr=1.566e-04 time=0.152s
[RQ-VAE] epoch=2539 loss=0.84697139 recon=0.00011696 beh=6.096903 w=0.139 lr=1.563e-04 time=0.153s
[RQ-VAE] epoch=2540 loss=0.84952217 recon=0.00011420 beh=6.110186 w=0.139 lr=1.559e-04 time=0.153s
[RQ-VAE] epoch=2541 loss=0.84796244 recon=0.00011514 beh=6.092741 w=0.139 lr=1.556e-04 time=0.152s
[RQ-VAE] epoch=2542 loss=0.84983027 recon=0.00011429 beh=6.100536 w=0.139 lr=1.553e-04 time=0.152s
[RQ-VAE] epoch=2543 loss=0.85128671 recon=0.00011354 beh=6.105554 w=0.139 lr=1.549e-04 time=0.247s
[RQ-VAE] epoch=2544 loss=0.85071737 recon=0.00011413 beh=6.094854 w=0.139 lr=1.546e-04 time=0.153s
[RQ-VAE] epoch=2545 loss=0.85288513 recon=0.00011418 beh=6.105038 w=0.139 lr=1.542e-04 time=0.153s
[RQ-VAE] epoch=2546 loss=0.85359472 recon=0.00011431 beh=6.104091 w=0.139 lr=1.539e-04 time=0.152s
[RQ-VAE] epoch=2547 loss=0.85464644 recon=0.00011493 beh=6.106099 w=0.140 lr=1.536e-04 time=0.152s
[RQ-VAE] epoch=2548 loss=0.85498983 recon=0.00011421 beh=6.102459 w=0.140 lr=1.532e-04 time=0.152s
[RQ-VAE] epoch=2549 loss=0.85622597 recon=0.00011419 beh=6.105390 w=0.140 lr=1.529e-04 time=0.151s
[RQ-VAE] epoch=2550 loss=0.85729098 recon=0.00011495 lr=1.525e-04 raw_unique=18588/24587 collision=0.243991 time=0.151s
[RQ-VAE] epoch=2551 loss=0.85643977 recon=0.00011515 beh=6.094994 w=0.140 lr=1.522e-04 time=0.152s
[RQ-VAE] epoch=2552 loss=0.85897267 recon=0.00011508 beh=6.107813 w=0.140 lr=1.519e-04 time=0.153s
[RQ-VAE] epoch=2553 loss=0.85995454 recon=0.00011444 beh=6.108979 w=0.140 lr=1.515e-04 time=0.152s
[RQ-VAE] epoch=2554 loss=0.85901785 recon=0.00011451 beh=6.096101 w=0.141 lr=1.512e-04 time=0.151s
[RQ-VAE] epoch=2555 loss=0.86069882 recon=0.00011477 beh=6.102612 w=0.141 lr=1.508e-04 time=0.151s
[RQ-VAE] epoch=2556 loss=0.86028326 recon=0.00011418 beh=6.093659 w=0.141 lr=1.505e-04 time=0.153s
[RQ-VAE] epoch=2557 loss=0.86190689 recon=0.00011378 beh=6.099639 w=0.141 lr=1.502e-04 time=0.152s
[RQ-VAE] epoch=2558 loss=0.86268258 recon=0.00011343 beh=6.099450 w=0.141 lr=1.498e-04 time=0.153s
[RQ-VAE] epoch=2559 loss=0.86399209 recon=0.00011422 beh=6.103036 w=0.141 lr=1.495e-04 time=0.246s
[RQ-VAE] epoch=2560 loss=0.86379623 recon=0.00011338 beh=6.095709 w=0.141 lr=1.492e-04 time=0.152s
[RQ-VAE] epoch=2561 loss=0.86523080 recon=0.00011388 beh=6.100274 w=0.141 lr=1.488e-04 time=0.151s
[RQ-VAE] epoch=2562 loss=0.86601007 recon=0.00011508 beh=6.099950 w=0.142 lr=1.485e-04 time=0.152s
[RQ-VAE] epoch=2563 loss=0.86687613 recon=0.00011508 beh=6.100155 w=0.142 lr=1.481e-04 time=0.153s
[RQ-VAE] epoch=2564 loss=0.86734462 recon=0.00011412 beh=6.097810 w=0.142 lr=1.478e-04 time=0.153s
[RQ-VAE] epoch=2565 loss=0.86911285 recon=0.00011416 beh=6.104748 w=0.142 lr=1.475e-04 time=0.152s
[RQ-VAE] epoch=2566 loss=0.86995173 recon=0.00011342 beh=6.104917 w=0.142 lr=1.471e-04 time=0.152s
[RQ-VAE] epoch=2567 loss=0.86996484 recon=0.00011441 beh=6.098958 w=0.142 lr=1.468e-04 time=0.152s
[RQ-VAE] epoch=2568 loss=0.87082863 recon=0.00011396 beh=6.099568 w=0.142 lr=1.464e-04 time=0.152s
[RQ-VAE] epoch=2569 loss=0.87234449 recon=0.00011394 beh=6.104539 w=0.143 lr=1.461e-04 time=0.152s
[RQ-VAE] epoch=2570 loss=0.87236696 recon=0.00011465 beh=6.098622 w=0.143 lr=1.458e-04 time=0.152s
[RQ-VAE] epoch=2571 loss=0.87441057 recon=0.00011419 beh=6.107717 w=0.143 lr=1.454e-04 time=0.152s
[RQ-VAE] epoch=2572 loss=0.87431002 recon=0.00011441 beh=6.100827 w=0.143 lr=1.451e-04 time=0.153s
[RQ-VAE] epoch=2573 loss=0.87522066 recon=0.00011400 beh=6.101377 w=0.143 lr=1.447e-04 time=0.153s
[RQ-VAE] epoch=2574 loss=0.87630135 recon=0.00011514 beh=6.103553 w=0.143 lr=1.444e-04 time=0.152s
[RQ-VAE] epoch=2575 loss=0.87721837 recon=0.00011405 beh=6.104402 w=0.143 lr=1.441e-04 time=0.152s
[RQ-VAE] epoch=2576 loss=0.87898928 recon=0.00011402 beh=6.111353 w=0.143 lr=1.437e-04 time=0.151s
[RQ-VAE] epoch=2577 loss=0.87840772 recon=0.00011392 beh=6.101220 w=0.144 lr=1.434e-04 time=0.152s
[RQ-VAE] epoch=2578 loss=0.87917906 recon=0.00011399 beh=6.100972 w=0.144 lr=1.431e-04 time=0.152s
[RQ-VAE] epoch=2579 loss=0.87967980 recon=0.00011457 beh=6.098382 w=0.144 lr=1.427e-04 time=0.153s
[RQ-VAE] epoch=2580 loss=0.88052821 recon=0.00011428 beh=6.099122 w=0.144 lr=1.424e-04 time=0.153s
[RQ-VAE] epoch=2581 loss=0.88175994 recon=0.00011338 beh=6.101827 w=0.144 lr=1.420e-04 time=0.153s
[RQ-VAE] epoch=2582 loss=0.88304007 recon=0.00011376 beh=6.105335 w=0.144 lr=1.417e-04 time=0.152s
[RQ-VAE] epoch=2583 loss=0.88360536 recon=0.00011381 beh=6.103421 w=0.144 lr=1.414e-04 time=0.153s
[RQ-VAE] epoch=2584 loss=0.88412589 recon=0.00011456 beh=6.100949 w=0.145 lr=1.410e-04 time=0.152s
[RQ-VAE] epoch=2585 loss=0.88554072 recon=0.00011412 beh=6.105464 w=0.145 lr=1.407e-04 time=0.152s
[RQ-VAE] epoch=2586 loss=0.88579720 recon=0.00011384 beh=6.101678 w=0.145 lr=1.403e-04 time=0.152s
[RQ-VAE] epoch=2587 loss=0.88657874 recon=0.00011426 beh=6.101024 w=0.145 lr=1.400e-04 time=0.152s
[RQ-VAE] epoch=2588 loss=0.88764501 recon=0.00011428 beh=6.102814 w=0.145 lr=1.397e-04 time=0.152s
[RQ-VAE] epoch=2589 loss=0.88928384 recon=0.00011363 beh=6.109048 w=0.145 lr=1.393e-04 time=0.153s
[RQ-VAE] epoch=2590 loss=0.88907695 recon=0.00011395 beh=6.101915 w=0.145 lr=1.390e-04 time=0.152s
[RQ-VAE] epoch=2591 loss=0.88916528 recon=0.00011403 beh=6.096591 w=0.145 lr=1.386e-04 time=0.152s
[RQ-VAE] epoch=2592 loss=0.89174730 recon=0.00011405 beh=6.109288 w=0.146 lr=1.383e-04 time=0.152s
[RQ-VAE] epoch=2593 loss=0.89028156 recon=0.00011495 beh=6.092770 w=0.146 lr=1.380e-04 time=0.152s
[RQ-VAE] epoch=2594 loss=0.89214575 recon=0.00011444 beh=6.100575 w=0.146 lr=1.376e-04 time=0.152s
[RQ-VAE] epoch=2595 loss=0.89298153 recon=0.00011524 beh=6.100373 w=0.146 lr=1.373e-04 time=0.152s
[RQ-VAE] epoch=2596 loss=0.89488065 recon=0.00011474 beh=6.108092 w=0.146 lr=1.369e-04 time=0.153s
[RQ-VAE] epoch=2597 loss=0.89384967 recon=0.00011515 beh=6.094823 w=0.146 lr=1.366e-04 time=0.153s
[RQ-VAE] epoch=2598 loss=0.89585727 recon=0.00011420 beh=6.103347 w=0.146 lr=1.363e-04 time=0.152s
[RQ-VAE] epoch=2599 loss=0.89537144 recon=0.00011402 beh=6.094493 w=0.147 lr=1.359e-04 time=0.153s
[RQ-VAE] epoch=2600 loss=0.89732462 recon=0.00011382 lr=1.356e-04 raw_unique=18569/24587 collision=0.244763 time=0.152s
[RQ-VAE] epoch=2601 loss=0.89645112 recon=0.00011450 beh=6.090106 w=0.147 lr=1.353e-04 time=0.152s
[RQ-VAE] epoch=2602 loss=0.89950991 recon=0.00011494 beh=6.105844 w=0.147 lr=1.349e-04 time=0.152s
[RQ-VAE] epoch=2603 loss=0.89966041 recon=0.00011555 beh=6.101477 w=0.147 lr=1.346e-04 time=0.152s
[RQ-VAE] epoch=2604 loss=0.89964193 recon=0.00011558 beh=6.095450 w=0.147 lr=1.342e-04 time=0.152s
[RQ-VAE] epoch=2605 loss=0.90254474 recon=0.00011481 beh=6.110490 w=0.147 lr=1.339e-04 time=0.152s
[RQ-VAE] epoch=2606 loss=0.90077758 recon=0.00011571 beh=6.091697 w=0.147 lr=1.336e-04 time=0.152s
[RQ-VAE] epoch=2607 loss=0.90236235 recon=0.00011523 beh=6.097733 w=0.148 lr=1.332e-04 time=0.152s
[RQ-VAE] epoch=2608 loss=0.90371007 recon=0.00011359 beh=6.101791 w=0.148 lr=1.329e-04 time=0.153s
[RQ-VAE] epoch=2609 loss=0.90421724 recon=0.00011424 beh=6.099159 w=0.148 lr=1.325e-04 time=0.152s
[RQ-VAE] epoch=2610 loss=0.90563178 recon=0.00011397 beh=6.103441 w=0.148 lr=1.322e-04 time=0.152s
[RQ-VAE] epoch=2611 loss=0.90624392 recon=0.00011357 beh=6.101999 w=0.148 lr=1.319e-04 time=0.153s
[RQ-VAE] epoch=2612 loss=0.90825647 recon=0.00011401 beh=6.110219 w=0.148 lr=1.315e-04 time=0.152s
[RQ-VAE] epoch=2613 loss=0.90761286 recon=0.00011423 beh=6.099939 w=0.148 lr=1.312e-04 time=0.152s
[RQ-VAE] epoch=2614 loss=0.90856874 recon=0.00011386 beh=6.101592 w=0.149 lr=1.308e-04 time=0.153s
[RQ-VAE] epoch=2615 loss=0.90967071 recon=0.00011427 beh=6.103106 w=0.149 lr=1.305e-04 time=0.247s
[RQ-VAE] epoch=2616 loss=0.91039950 recon=0.00011361 beh=6.102682 w=0.149 lr=1.302e-04 time=0.153s
[RQ-VAE] epoch=2617 loss=0.91145122 recon=0.00011457 beh=6.104426 w=0.149 lr=1.298e-04 time=0.152s
[RQ-VAE] epoch=2618 loss=0.91193330 recon=0.00011354 beh=6.102408 w=0.149 lr=1.295e-04 time=0.152s
[RQ-VAE] epoch=2619 loss=0.91249418 recon=0.00011400 beh=6.100189 w=0.149 lr=1.292e-04 time=0.152s
[RQ-VAE] epoch=2620 loss=0.91203916 recon=0.00011427 beh=6.091793 w=0.149 lr=1.288e-04 time=0.152s
[RQ-VAE] epoch=2621 loss=0.91348946 recon=0.00011339 beh=6.096066 w=0.149 lr=1.285e-04 time=0.152s
[RQ-VAE] epoch=2622 loss=0.91496944 recon=0.00011386 beh=6.100290 w=0.150 lr=1.281e-04 time=0.153s
[RQ-VAE] epoch=2623 loss=0.91617548 recon=0.00011396 beh=6.103345 w=0.150 lr=1.278e-04 time=0.152s
[RQ-VAE] epoch=2624 loss=0.91564924 recon=0.00011498 beh=6.094112 w=0.150 lr=1.275e-04 time=0.152s
[RQ-VAE] epoch=2625 loss=0.91728187 recon=0.00011427 beh=6.099803 w=0.150 lr=1.271e-04 time=0.151s
[RQ-VAE] epoch=2626 loss=0.91812479 recon=0.00011441 beh=6.099439 w=0.150 lr=1.268e-04 time=0.152s
[RQ-VAE] epoch=2627 loss=0.91944420 recon=0.00011410 beh=6.103207 w=0.150 lr=1.264e-04 time=0.153s
[RQ-VAE] epoch=2628 loss=0.92043865 recon=0.00011402 beh=6.105086 w=0.150 lr=1.261e-04 time=0.152s
[RQ-VAE] epoch=2629 loss=0.92123270 recon=0.00011399 beh=6.104561 w=0.151 lr=1.258e-04 time=0.152s
[RQ-VAE] epoch=2630 loss=0.92134261 recon=0.00011456 beh=6.099601 w=0.151 lr=1.254e-04 time=0.153s
[RQ-VAE] epoch=2631 loss=0.92208672 recon=0.00011397 beh=6.098875 w=0.151 lr=1.251e-04 time=0.154s
[RQ-VAE] epoch=2632 loss=0.92410177 recon=0.00011437 beh=6.107199 w=0.151 lr=1.247e-04 time=0.153s
[RQ-VAE] epoch=2633 loss=0.92273664 recon=0.00011394 beh=6.092201 w=0.151 lr=1.244e-04 time=0.154s
[RQ-VAE] epoch=2634 loss=0.92442125 recon=0.00011376 beh=6.098609 w=0.151 lr=1.241e-04 time=0.152s
[RQ-VAE] epoch=2635 loss=0.92614686 recon=0.00011433 beh=6.104761 w=0.151 lr=1.237e-04 time=0.153s
[RQ-VAE] epoch=2636 loss=0.92629164 recon=0.00011456 beh=6.099971 w=0.151 lr=1.234e-04 time=0.153s
[RQ-VAE] epoch=2637 loss=0.92746949 recon=0.00011358 beh=6.102762 w=0.152 lr=1.231e-04 time=0.151s
[RQ-VAE] epoch=2638 loss=0.92753065 recon=0.00011454 beh=6.097076 w=0.152 lr=1.227e-04 time=0.152s
[RQ-VAE] epoch=2639 loss=0.92934102 recon=0.00011432 beh=6.104140 w=0.152 lr=1.224e-04 time=0.152s
[RQ-VAE] epoch=2640 loss=0.92961103 recon=0.00011413 beh=6.100725 w=0.152 lr=1.220e-04 time=0.153s
[RQ-VAE] epoch=2641 loss=0.92964292 recon=0.00011425 beh=6.095164 w=0.152 lr=1.217e-04 time=0.152s
[RQ-VAE] epoch=2642 loss=0.93226790 recon=0.00011298 beh=6.107794 w=0.152 lr=1.214e-04 time=0.152s
[RQ-VAE] epoch=2643 loss=0.93204117 recon=0.00011352 beh=6.100430 w=0.152 lr=1.210e-04 time=0.153s
[RQ-VAE] epoch=2644 loss=0.93237555 recon=0.00011376 beh=6.097642 w=0.153 lr=1.207e-04 time=0.246s
[RQ-VAE] epoch=2645 loss=0.93289709 recon=0.00011421 beh=6.095531 w=0.153 lr=1.203e-04 time=0.153s
[RQ-VAE] epoch=2646 loss=0.93441921 recon=0.00011392 beh=6.100047 w=0.153 lr=1.200e-04 time=0.152s
[RQ-VAE] epoch=2647 loss=0.93562549 recon=0.00011358 beh=6.103131 w=0.153 lr=1.197e-04 time=0.153s
[RQ-VAE] epoch=2648 loss=0.93520576 recon=0.00011478 beh=6.094029 w=0.153 lr=1.193e-04 time=0.152s
[RQ-VAE] epoch=2649 loss=0.93806046 recon=0.00011416 beh=6.107951 w=0.153 lr=1.190e-04 time=0.153s
[RQ-VAE] epoch=2650 loss=0.93759114 recon=0.00011438 lr=1.186e-04 raw_unique=18750/24587 collision=0.237402 time=0.152s
[RQ-VAE] epoch=2651 loss=0.93966013 recon=0.00011348 beh=6.108027 w=0.153 lr=1.183e-04 time=0.152s
[RQ-VAE] epoch=2652 loss=0.93996000 recon=0.00011391 beh=6.104254 w=0.154 lr=1.180e-04 time=0.153s
[RQ-VAE] epoch=2653 loss=0.94117558 recon=0.00011457 beh=6.106913 w=0.154 lr=1.176e-04 time=0.152s
[RQ-VAE] epoch=2654 loss=0.94125372 recon=0.00011409 beh=6.102206 w=0.154 lr=1.173e-04 time=0.152s
[RQ-VAE] epoch=2655 loss=0.94116658 recon=0.00011460 beh=6.096267 w=0.154 lr=1.169e-04 time=0.152s
[RQ-VAE] epoch=2656 loss=0.94145948 recon=0.00011317 beh=6.092583 w=0.154 lr=1.166e-04 time=0.153s
[RQ-VAE] epoch=2657 loss=0.94336975 recon=0.00011340 beh=6.099652 w=0.154 lr=1.163e-04 time=0.153s
[RQ-VAE] epoch=2658 loss=0.94306052 recon=0.00011446 beh=6.091721 w=0.154 lr=1.159e-04 time=0.153s
[RQ-VAE] epoch=2659 loss=0.94415849 recon=0.00011426 beh=6.094388 w=0.155 lr=1.156e-04 time=0.153s
[RQ-VAE] epoch=2660 loss=0.94645143 recon=0.00011439 beh=6.104098 w=0.155 lr=1.153e-04 time=0.152s
[RQ-VAE] epoch=2661 loss=0.94604784 recon=0.00011491 beh=6.095897 w=0.155 lr=1.149e-04 time=0.153s
[RQ-VAE] epoch=2662 loss=0.94746709 recon=0.00011358 beh=6.100535 w=0.155 lr=1.146e-04 time=0.152s
[RQ-VAE] epoch=2663 loss=0.94742393 recon=0.00011430 beh=6.094370 w=0.155 lr=1.142e-04 time=0.152s
[RQ-VAE] epoch=2664 loss=0.95004839 recon=0.00011445 beh=6.106400 w=0.155 lr=1.139e-04 time=0.249s
[RQ-VAE] epoch=2665 loss=0.95024204 recon=0.00011384 beh=6.102402 w=0.155 lr=1.136e-04 time=0.152s
[RQ-VAE] epoch=2666 loss=0.95085973 recon=0.00011478 beh=6.100612 w=0.155 lr=1.132e-04 time=0.153s
[RQ-VAE] epoch=2667 loss=0.95262003 recon=0.00011401 beh=6.107056 w=0.156 lr=1.129e-04 time=0.153s
[RQ-VAE] epoch=2668 loss=0.95273560 recon=0.00011346 beh=6.102606 w=0.156 lr=1.125e-04 time=0.152s
[RQ-VAE] epoch=2669 loss=0.95300555 recon=0.00011410 beh=6.099080 w=0.156 lr=1.122e-04 time=0.152s
[RQ-VAE] epoch=2670 loss=0.95487970 recon=0.00011369 beh=6.106400 w=0.156 lr=1.119e-04 time=0.152s
[RQ-VAE] epoch=2671 loss=0.95452124 recon=0.00011356 beh=6.098327 w=0.156 lr=1.115e-04 time=0.153s
[RQ-VAE] epoch=2672 loss=0.95444632 recon=0.00011395 beh=6.092505 w=0.156 lr=1.112e-04 time=0.153s
[RQ-VAE] epoch=2673 loss=0.95544446 recon=0.00011349 beh=6.093732 w=0.156 lr=1.108e-04 time=0.152s
[RQ-VAE] epoch=2674 loss=0.95729131 recon=0.00011362 beh=6.100597 w=0.157 lr=1.105e-04 time=0.152s
[RQ-VAE] epoch=2675 loss=0.95636988 recon=0.00011341 beh=6.089327 w=0.157 lr=1.102e-04 time=0.153s
[RQ-VAE] epoch=2676 loss=0.95805568 recon=0.00011417 beh=6.094804 w=0.157 lr=1.098e-04 time=0.154s
[RQ-VAE] epoch=2677 loss=0.95999432 recon=0.00011454 beh=6.102623 w=0.157 lr=1.095e-04 time=0.152s
[RQ-VAE] epoch=2678 loss=0.95986867 recon=0.00011400 beh=6.096300 w=0.157 lr=1.092e-04 time=0.153s
[RQ-VAE] epoch=2679 loss=0.96074164 recon=0.00011384 beh=6.096307 w=0.157 lr=1.088e-04 time=0.247s
[RQ-VAE] epoch=2680 loss=0.96198642 recon=0.00011317 beh=6.099400 w=0.157 lr=1.085e-04 time=0.151s
[RQ-VAE] epoch=2681 loss=0.96207047 recon=0.00011428 beh=6.094402 w=0.157 lr=1.081e-04 time=0.151s
[RQ-VAE] epoch=2682 loss=0.96340889 recon=0.00011409 beh=6.098382 w=0.158 lr=1.078e-04 time=0.151s
[RQ-VAE] epoch=2683 loss=0.96373683 recon=0.00011422 beh=6.094589 w=0.158 lr=1.075e-04 time=0.152s
[RQ-VAE] epoch=2684 loss=0.96640670 recon=0.00011377 beh=6.107245 w=0.158 lr=1.071e-04 time=0.151s
[RQ-VAE] epoch=2685 loss=0.96631664 recon=0.00011442 beh=6.100383 w=0.158 lr=1.068e-04 time=0.152s
[RQ-VAE] epoch=2686 loss=0.96551281 recon=0.00011458 beh=6.090239 w=0.158 lr=1.064e-04 time=0.151s
[RQ-VAE] epoch=2687 loss=0.96825212 recon=0.00011381 beh=6.103174 w=0.158 lr=1.061e-04 time=0.151s
[RQ-VAE] epoch=2688 loss=0.96888739 recon=0.00011377 beh=6.101731 w=0.158 lr=1.058e-04 time=0.152s
[RQ-VAE] epoch=2689 loss=0.97023964 recon=0.00011376 beh=6.105315 w=0.159 lr=1.054e-04 time=0.151s
[RQ-VAE] epoch=2690 loss=0.97156715 recon=0.00011349 beh=6.108285 w=0.159 lr=1.051e-04 time=0.152s
[RQ-VAE] epoch=2691 loss=0.97134101 recon=0.00011388 beh=6.101713 w=0.159 lr=1.047e-04 time=0.151s
[RQ-VAE] epoch=2692 loss=0.97083741 recon=0.00011399 beh=6.093437 w=0.159 lr=1.044e-04 time=0.151s
[RQ-VAE] epoch=2693 loss=0.97292495 recon=0.00011390 beh=6.101291 w=0.159 lr=1.041e-04 time=0.15s
[RQ-VAE] epoch=2694 loss=0.97296649 recon=0.00011352 beh=6.096653 w=0.159 lr=1.037e-04 time=0.151s
[RQ-VAE] epoch=2695 loss=0.97411561 recon=0.00011405 beh=6.098799 w=0.159 lr=1.034e-04 time=0.152s
[RQ-VAE] epoch=2696 loss=0.97523981 recon=0.00011406 beh=6.100809 w=0.159 lr=1.031e-04 time=0.151s
[RQ-VAE] epoch=2697 loss=0.97584605 recon=0.00011426 beh=6.099484 w=0.160 lr=1.027e-04 time=0.15s
[RQ-VAE] epoch=2698 loss=0.97697353 recon=0.00011375 beh=6.101561 w=0.160 lr=1.024e-04 time=0.151s
[RQ-VAE] epoch=2699 loss=0.97743845 recon=0.00011601 beh=6.098870 w=0.160 lr=1.020e-04 time=0.151s
[RQ-VAE] epoch=2700 loss=0.97782648 recon=0.00011388 lr=1.017e-04 raw_unique=18471/24587 collision=0.248749 time=0.152s
[RQ-VAE] epoch=2701 loss=0.97791243 recon=0.00011461 beh=6.091487 w=0.160 lr=1.014e-04 time=0.152s
[RQ-VAE] epoch=2702 loss=0.98021042 recon=0.00011316 beh=6.101420 w=0.160 lr=1.010e-04 time=0.151s
[RQ-VAE] epoch=2703 loss=0.98118675 recon=0.00011314 beh=6.102751 w=0.160 lr=1.007e-04 time=0.152s
[RQ-VAE] epoch=2704 loss=0.98147339 recon=0.00011399 beh=6.098344 w=0.161 lr=1.003e-04 time=0.15s
[RQ-VAE] epoch=2705 loss=0.98336780 recon=0.00011335 beh=6.106127 w=0.161 lr=1.000e-04 time=0.151s
[RQ-VAE] epoch=2706 loss=0.98266006 recon=0.00011339 beh=6.096204 w=0.161 lr=9.966e-05 time=0.151s
[RQ-VAE] epoch=2707 loss=0.98355895 recon=0.00011361 beh=6.096486 w=0.161 lr=9.932e-05 time=0.151s
[RQ-VAE] epoch=2708 loss=0.98451811 recon=0.00011422 beh=6.097350 w=0.161 lr=9.898e-05 time=0.152s
[RQ-VAE] epoch=2709 loss=0.98547471 recon=0.00011338 beh=6.098918 w=0.161 lr=9.864e-05 time=0.152s
[RQ-VAE] epoch=2710 loss=0.98675179 recon=0.00011369 beh=6.101306 w=0.161 lr=9.831e-05 time=0.151s
[RQ-VAE] epoch=2711 loss=0.98838389 recon=0.00011373 beh=6.106976 w=0.161 lr=9.797e-05 time=0.151s
[RQ-VAE] epoch=2712 loss=0.98671597 recon=0.00011457 beh=6.091205 w=0.162 lr=9.763e-05 time=0.151s
[RQ-VAE] epoch=2713 loss=0.98749697 recon=0.00011347 beh=6.090723 w=0.162 lr=9.729e-05 time=0.151s
[RQ-VAE] epoch=2714 loss=0.98956478 recon=0.00011367 beh=6.098731 w=0.162 lr=9.695e-05 time=0.15s
[RQ-VAE] epoch=2715 loss=0.98894787 recon=0.00011376 beh=6.089609 w=0.162 lr=9.661e-05 time=0.15s
[RQ-VAE] epoch=2716 loss=0.99067205 recon=0.00011384 beh=6.095294 w=0.162 lr=9.627e-05 time=0.15s
[RQ-VAE] epoch=2717 loss=0.99233830 recon=0.00011418 beh=6.100639 w=0.162 lr=9.593e-05 time=0.151s
[RQ-VAE] epoch=2718 loss=0.99325377 recon=0.00011390 beh=6.101685 w=0.162 lr=9.559e-05 time=0.151s
[RQ-VAE] epoch=2719 loss=0.99458265 recon=0.00011479 beh=6.104548 w=0.163 lr=9.525e-05 time=0.152s
[RQ-VAE] epoch=2720 loss=0.99428058 recon=0.00011444 beh=6.097415 w=0.163 lr=9.492e-05 time=0.151s
[RQ-VAE] epoch=2721 loss=0.99480855 recon=0.00011435 beh=6.096087 w=0.163 lr=9.458e-05 time=0.15s
[RQ-VAE] epoch=2722 loss=0.99535191 recon=0.00011375 beh=6.094019 w=0.163 lr=9.424e-05 time=0.151s
[RQ-VAE] epoch=2723 loss=0.99636030 recon=0.00011333 beh=6.095405 w=0.163 lr=9.390e-05 time=0.151s
[RQ-VAE] epoch=2724 loss=0.99830067 recon=0.00011368 beh=6.102697 w=0.163 lr=9.356e-05 time=0.151s
[RQ-VAE] epoch=2725 loss=0.99950552 recon=0.00011419 beh=6.104992 w=0.163 lr=9.322e-05 time=0.151s
[RQ-VAE] epoch=2726 loss=0.99924225 recon=0.00011275 beh=6.098259 w=0.163 lr=9.288e-05 time=0.15s
[RQ-VAE] epoch=2727 loss=0.99898541 recon=0.00011355 beh=6.091007 w=0.164 lr=9.254e-05 time=0.15s
[RQ-VAE] epoch=2728 loss=1.00160885 recon=0.00011379 beh=6.102884 w=0.164 lr=9.220e-05 time=0.151s
[RQ-VAE] epoch=2729 loss=1.00140882 recon=0.00011537 beh=6.095801 w=0.164 lr=9.186e-05 time=0.152s
[RQ-VAE] epoch=2730 loss=1.00286674 recon=0.00011447 beh=6.100239 w=0.164 lr=9.153e-05 time=0.151s
[RQ-VAE] epoch=2731 loss=1.00343800 recon=0.00011457 beh=6.098832 w=0.164 lr=9.119e-05 time=0.152s
[RQ-VAE] epoch=2732 loss=1.00429046 recon=0.00011367 beh=6.098952 w=0.164 lr=9.085e-05 time=0.151s
[RQ-VAE] epoch=2733 loss=1.00541735 recon=0.00011423 beh=6.100824 w=0.164 lr=9.051e-05 time=0.151s
[RQ-VAE] epoch=2734 loss=1.00612664 recon=0.00011404 beh=6.100257 w=0.165 lr=9.017e-05 time=0.152s
[RQ-VAE] epoch=2735 loss=1.00673115 recon=0.00011419 beh=6.098774 w=0.165 lr=8.983e-05 time=0.246s
[RQ-VAE] epoch=2736 loss=1.00841999 recon=0.00011388 beh=6.104899 w=0.165 lr=8.949e-05 time=0.152s
[RQ-VAE] epoch=2737 loss=1.00909996 recon=0.00011355 beh=6.103809 w=0.165 lr=8.915e-05 time=0.153s
[RQ-VAE] epoch=2738 loss=1.00847650 recon=0.00011327 beh=6.094586 w=0.165 lr=8.881e-05 time=0.153s
[RQ-VAE] epoch=2739 loss=1.00956249 recon=0.00011388 beh=6.096624 w=0.165 lr=8.847e-05 time=0.153s
[RQ-VAE] epoch=2740 loss=1.01091290 recon=0.00011470 beh=6.099486 w=0.165 lr=8.814e-05 time=0.151s
[RQ-VAE] epoch=2741 loss=1.01055717 recon=0.00011422 beh=6.092475 w=0.165 lr=8.780e-05 time=0.152s
[RQ-VAE] epoch=2742 loss=1.01220047 recon=0.00011400 beh=6.097911 w=0.166 lr=8.746e-05 time=0.152s
[RQ-VAE] epoch=2743 loss=1.01311183 recon=0.00011374 beh=6.098516 w=0.166 lr=8.712e-05 time=0.151s
[RQ-VAE] epoch=2744 loss=1.01316833 recon=0.00011314 beh=6.093789 w=0.166 lr=8.678e-05 time=0.152s
[RQ-VAE] epoch=2745 loss=1.01389837 recon=0.00011401 beh=6.092808 w=0.166 lr=8.644e-05 time=0.153s
[RQ-VAE] epoch=2746 loss=1.01510620 recon=0.00011316 beh=6.095808 w=0.166 lr=8.610e-05 time=0.151s
[RQ-VAE] epoch=2747 loss=1.01596677 recon=0.00011300 beh=6.095967 w=0.166 lr=8.576e-05 time=0.153s
[RQ-VAE] epoch=2748 loss=1.01696348 recon=0.00011257 beh=6.097241 w=0.166 lr=8.542e-05 time=0.154s
[RQ-VAE] epoch=2749 loss=1.01725602 recon=0.00011320 beh=6.093764 w=0.167 lr=8.508e-05 time=0.154s
[RQ-VAE] epoch=2750 loss=1.01754653 recon=0.00011310 lr=8.475e-05 raw_unique=18468/24587 collision=0.248871 time=0.152s
[RQ-VAE] epoch=2751 loss=1.01969218 recon=0.00011319 beh=6.098988 w=0.167 lr=8.441e-05 time=0.153s
[RQ-VAE] epoch=2752 loss=1.02003443 recon=0.00011314 beh=6.095870 w=0.167 lr=8.407e-05 time=0.151s
[RQ-VAE] epoch=2753 loss=1.02122080 recon=0.00011343 beh=6.098001 w=0.167 lr=8.373e-05 time=0.152s
[RQ-VAE] epoch=2754 loss=1.02180147 recon=0.00011358 beh=6.097034 w=0.167 lr=8.339e-05 time=0.15s
[RQ-VAE] epoch=2755 loss=1.02244699 recon=0.00011433 beh=6.095472 w=0.167 lr=8.305e-05 time=0.152s
[RQ-VAE] epoch=2756 loss=1.02370977 recon=0.00011368 beh=6.098380 w=0.167 lr=8.271e-05 time=0.151s
[RQ-VAE] epoch=2757 loss=1.02516258 recon=0.00011376 beh=6.102579 w=0.168 lr=8.237e-05 time=0.152s
[RQ-VAE] epoch=2758 loss=1.02687800 recon=0.00011406 beh=6.108264 w=0.168 lr=8.203e-05 time=0.152s
[RQ-VAE] epoch=2759 loss=1.02578211 recon=0.00011437 beh=6.096006 w=0.168 lr=8.169e-05 time=0.151s
[RQ-VAE] epoch=2760 loss=1.02737188 recon=0.00011347 beh=6.101325 w=0.168 lr=8.136e-05 time=0.151s
[RQ-VAE] epoch=2761 loss=1.02780247 recon=0.00011398 beh=6.097864 w=0.168 lr=8.102e-05 time=0.151s
[RQ-VAE] epoch=2762 loss=1.02936006 recon=0.00011350 beh=6.103408 w=0.168 lr=8.068e-05 time=0.152s
[RQ-VAE] epoch=2763 loss=1.02740729 recon=0.00011380 beh=6.085720 w=0.168 lr=8.034e-05 time=0.151s
[RQ-VAE] epoch=2764 loss=1.03060937 recon=0.00011317 beh=6.101199 w=0.169 lr=8.000e-05 time=0.247s
[RQ-VAE] epoch=2765 loss=1.03180289 recon=0.00011363 beh=6.102743 w=0.169 lr=7.966e-05 time=0.151s
[RQ-VAE] epoch=2766 loss=1.03277802 recon=0.00011389 beh=6.104506 w=0.169 lr=7.932e-05 time=0.152s
[RQ-VAE] epoch=2767 loss=1.03138185 recon=0.00011403 beh=6.090866 w=0.169 lr=7.898e-05 time=0.153s
[RQ-VAE] epoch=2768 loss=1.03281498 recon=0.00011311 beh=6.094449 w=0.169 lr=7.864e-05 time=0.152s
[RQ-VAE] epoch=2769 loss=1.03367090 recon=0.00011354 beh=6.095120 w=0.169 lr=7.831e-05 time=0.152s
[RQ-VAE] epoch=2770 loss=1.03311586 recon=0.00011347 beh=6.086300 w=0.169 lr=7.797e-05 time=0.152s
[RQ-VAE] epoch=2771 loss=1.03631043 recon=0.00011322 beh=6.101198 w=0.169 lr=7.763e-05 time=0.151s
[RQ-VAE] epoch=2772 loss=1.03606701 recon=0.00011455 beh=6.094136 w=0.170 lr=7.729e-05 time=0.152s
[RQ-VAE] epoch=2773 loss=1.03786349 recon=0.00011433 beh=6.100738 w=0.170 lr=7.695e-05 time=0.152s
[RQ-VAE] epoch=2774 loss=1.03739083 recon=0.00011414 beh=6.092382 w=0.170 lr=7.661e-05 time=0.151s
[RQ-VAE] epoch=2775 loss=1.04032302 recon=0.00011316 beh=6.105970 w=0.170 lr=7.627e-05 time=0.152s
[RQ-VAE] epoch=2776 loss=1.03794026 recon=0.00011376 beh=6.085747 w=0.170 lr=7.593e-05 time=0.152s
[RQ-VAE] epoch=2777 loss=1.04045165 recon=0.00011312 beh=6.096647 w=0.170 lr=7.559e-05 time=0.152s
[RQ-VAE] epoch=2778 loss=1.04107463 recon=0.00011325 beh=6.094673 w=0.170 lr=7.525e-05 time=0.152s
[RQ-VAE] epoch=2779 loss=1.04187250 recon=0.00011284 beh=6.095759 w=0.171 lr=7.492e-05 time=0.152s
[RQ-VAE] epoch=2780 loss=1.04292154 recon=0.00011371 beh=6.095901 w=0.171 lr=7.458e-05 time=0.15s
[RQ-VAE] epoch=2781 loss=1.04559278 recon=0.00011319 beh=6.108175 w=0.171 lr=7.424e-05 time=0.151s
[RQ-VAE] epoch=2782 loss=1.04542923 recon=0.00011335 beh=6.101667 w=0.171 lr=7.390e-05 time=0.151s
[RQ-VAE] epoch=2783 loss=1.04618597 recon=0.00011361 beh=6.101633 w=0.171 lr=7.356e-05 time=0.152s
[RQ-VAE] epoch=2784 loss=1.04673719 recon=0.00011286 beh=6.099850 w=0.171 lr=7.322e-05 time=0.247s
[RQ-VAE] epoch=2785 loss=1.04694808 recon=0.00011279 beh=6.096413 w=0.171 lr=7.288e-05 time=0.152s
[RQ-VAE] epoch=2786 loss=1.04779148 recon=0.00011325 beh=6.096742 w=0.171 lr=7.254e-05 time=0.151s
[RQ-VAE] epoch=2787 loss=1.04812825 recon=0.00011314 beh=6.093584 w=0.172 lr=7.220e-05 time=0.152s
[RQ-VAE] epoch=2788 loss=1.04978442 recon=0.00011417 beh=6.098500 w=0.172 lr=7.186e-05 time=0.151s
[RQ-VAE] epoch=2789 loss=1.05177784 recon=0.00011346 beh=6.106064 w=0.172 lr=7.153e-05 time=0.151s
[RQ-VAE] epoch=2790 loss=1.05061245 recon=0.00011331 beh=6.094274 w=0.172 lr=7.119e-05 time=0.152s
[RQ-VAE] epoch=2791 loss=1.05134165 recon=0.00011287 beh=6.093503 w=0.172 lr=7.085e-05 time=0.151s
[RQ-VAE] epoch=2792 loss=1.05196428 recon=0.00011371 beh=6.092176 w=0.172 lr=7.051e-05 time=0.15s
[RQ-VAE] epoch=2793 loss=1.05492711 recon=0.00011347 beh=6.105186 w=0.172 lr=7.017e-05 time=0.152s
[RQ-VAE] epoch=2794 loss=1.05499101 recon=0.00011271 beh=6.100661 w=0.173 lr=6.983e-05 time=0.153s
[RQ-VAE] epoch=2795 loss=1.05537355 recon=0.00011302 beh=6.098266 w=0.173 lr=6.949e-05 time=0.152s
[RQ-VAE] epoch=2796 loss=1.05588710 recon=0.00011353 beh=6.096188 w=0.173 lr=6.915e-05 time=0.152s
[RQ-VAE] epoch=2797 loss=1.05768394 recon=0.00011282 beh=6.102179 w=0.173 lr=6.881e-05 time=0.153s
[RQ-VAE] epoch=2798 loss=1.05730081 recon=0.00011294 beh=6.094890 w=0.173 lr=6.847e-05 time=0.152s
[RQ-VAE] epoch=2799 loss=1.05845785 recon=0.00011299 beh=6.097214 w=0.173 lr=6.814e-05 time=0.248s
[RQ-VAE] epoch=2800 loss=1.05743885 recon=0.00011442 lr=6.780e-05 raw_unique=18543/24587 collision=0.245821 time=0.153s
[RQ-VAE] epoch=2801 loss=1.05993032 recon=0.00011364 beh=6.096357 w=0.173 lr=6.746e-05 time=0.152s
[RQ-VAE] epoch=2802 loss=1.05917728 recon=0.00011384 beh=6.086710 w=0.174 lr=6.712e-05 time=0.152s
[RQ-VAE] epoch=2803 loss=1.06147599 recon=0.00011299 beh=6.095776 w=0.174 lr=6.678e-05 time=0.153s
[RQ-VAE] epoch=2804 loss=1.06178260 recon=0.00011405 beh=6.092477 w=0.174 lr=6.644e-05 time=0.151s
[RQ-VAE] epoch=2805 loss=1.06413937 recon=0.00011404 beh=6.101886 w=0.174 lr=6.610e-05 time=0.153s
[RQ-VAE] epoch=2806 loss=1.06311786 recon=0.00011358 beh=6.090929 w=0.174 lr=6.576e-05 time=0.153s
[RQ-VAE] epoch=2807 loss=1.06428027 recon=0.00011376 beh=6.092749 w=0.174 lr=6.542e-05 time=0.152s
[RQ-VAE] epoch=2808 loss=1.06562185 recon=0.00011413 beh=6.096223 w=0.174 lr=6.508e-05 time=0.152s
[RQ-VAE] epoch=2809 loss=1.06569684 recon=0.00011367 beh=6.091919 w=0.175 lr=6.475e-05 time=0.152s
[RQ-VAE] epoch=2810 loss=1.06625795 recon=0.00011334 beh=6.090223 w=0.175 lr=6.441e-05 time=0.152s
[RQ-VAE] epoch=2811 loss=1.06855047 recon=0.00011334 beh=6.098908 w=0.175 lr=6.407e-05 time=0.152s
[RQ-VAE] epoch=2812 loss=1.06622064 recon=0.00011333 beh=6.080206 w=0.175 lr=6.373e-05 time=0.152s
[RQ-VAE] epoch=2813 loss=1.06922460 recon=0.00011257 beh=6.093430 w=0.175 lr=6.339e-05 time=0.152s
[RQ-VAE] epoch=2814 loss=1.07058382 recon=0.00011322 beh=6.096697 w=0.175 lr=6.305e-05 time=0.153s
[RQ-VAE] epoch=2815 loss=1.07215023 recon=0.00011305 beh=6.101211 w=0.175 lr=6.271e-05 time=0.152s
[RQ-VAE] epoch=2816 loss=1.07243478 recon=0.00011340 beh=6.097986 w=0.175 lr=6.237e-05 time=0.153s
[RQ-VAE] epoch=2817 loss=1.07337749 recon=0.00011300 beh=6.098662 w=0.176 lr=6.203e-05 time=0.152s
[RQ-VAE] epoch=2818 loss=1.07374740 recon=0.00011271 beh=6.096189 w=0.176 lr=6.169e-05 time=0.152s
[RQ-VAE] epoch=2819 loss=1.07276201 recon=0.00011378 beh=6.085312 w=0.176 lr=6.136e-05 time=0.153s
[RQ-VAE] epoch=2820 loss=1.07527232 recon=0.00011323 beh=6.095878 w=0.176 lr=6.102e-05 time=0.152s
[RQ-VAE] epoch=2821 loss=1.07502794 recon=0.00011308 beh=6.089237 w=0.176 lr=6.068e-05 time=0.152s
[RQ-VAE] epoch=2822 loss=1.07744956 recon=0.00011285 beh=6.099027 w=0.176 lr=6.034e-05 time=0.153s
[RQ-VAE] epoch=2823 loss=1.07713771 recon=0.00011338 beh=6.091946 w=0.176 lr=6.000e-05 time=0.152s
[RQ-VAE] epoch=2824 loss=1.07868564 recon=0.00011341 beh=6.096355 w=0.177 lr=5.966e-05 time=0.151s
[RQ-VAE] epoch=2825 loss=1.08098555 recon=0.00011284 beh=6.105217 w=0.177 lr=5.932e-05 time=0.151s
[RQ-VAE] epoch=2826 loss=1.07995057 recon=0.00011354 beh=6.094137 w=0.177 lr=5.898e-05 time=0.153s
[RQ-VAE] epoch=2827 loss=1.08152270 recon=0.00011271 beh=6.098974 w=0.177 lr=5.864e-05 time=0.153s
[RQ-VAE] epoch=2828 loss=1.08179927 recon=0.00011332 beh=6.095638 w=0.177 lr=5.831e-05 time=0.153s
[RQ-VAE] epoch=2829 loss=1.08319807 recon=0.00011335 beh=6.098996 w=0.177 lr=5.797e-05 time=0.152s
[RQ-VAE] epoch=2830 loss=1.08212590 recon=0.00011329 beh=6.088070 w=0.177 lr=5.763e-05 time=0.151s
[RQ-VAE] epoch=2831 loss=1.08543038 recon=0.00011313 beh=6.102763 w=0.177 lr=5.729e-05 time=0.152s
[RQ-VAE] epoch=2832 loss=1.08409047 recon=0.00011370 beh=6.089847 w=0.178 lr=5.695e-05 time=0.151s
[RQ-VAE] epoch=2833 loss=1.08575666 recon=0.00011318 beh=6.094975 w=0.178 lr=5.661e-05 time=0.152s
[RQ-VAE] epoch=2834 loss=1.08684993 recon=0.00011302 beh=6.096634 w=0.178 lr=5.627e-05 time=0.153s
[RQ-VAE] epoch=2835 loss=1.08624816 recon=0.00011350 beh=6.088212 w=0.178 lr=5.593e-05 time=0.152s
[RQ-VAE] epoch=2836 loss=1.08842635 recon=0.00011330 beh=6.096419 w=0.178 lr=5.559e-05 time=0.151s
[RQ-VAE] epoch=2837 loss=1.08979940 recon=0.00011349 beh=6.099110 w=0.178 lr=5.525e-05 time=0.152s
[RQ-VAE] epoch=2838 loss=1.09055638 recon=0.00011295 beh=6.099540 w=0.178 lr=5.492e-05 time=0.152s
[RQ-VAE] epoch=2839 loss=1.09005177 recon=0.00011447 beh=6.091280 w=0.179 lr=5.458e-05 time=0.152s
[RQ-VAE] epoch=2840 loss=1.09288216 recon=0.00011288 beh=6.103657 w=0.179 lr=5.424e-05 time=0.152s
[RQ-VAE] epoch=2841 loss=1.09211874 recon=0.00011289 beh=6.094226 w=0.179 lr=5.390e-05 time=0.152s
[RQ-VAE] epoch=2842 loss=1.09258151 recon=0.00011292 beh=6.092150 w=0.179 lr=5.356e-05 time=0.152s
[RQ-VAE] epoch=2843 loss=1.09277081 recon=0.00011291 beh=6.088960 w=0.179 lr=5.322e-05 time=0.152s
[RQ-VAE] epoch=2844 loss=1.09403861 recon=0.00011368 beh=6.090757 w=0.179 lr=5.288e-05 time=0.152s
[RQ-VAE] epoch=2845 loss=1.09538937 recon=0.00011333 beh=6.094676 w=0.179 lr=5.254e-05 time=0.153s
[RQ-VAE] epoch=2846 loss=1.09577632 recon=0.00011365 beh=6.091196 w=0.179 lr=5.220e-05 time=0.152s
[RQ-VAE] epoch=2847 loss=1.09658241 recon=0.00011314 beh=6.091597 w=0.180 lr=5.186e-05 time=0.152s
[RQ-VAE] epoch=2848 loss=1.09835351 recon=0.00011328 beh=6.097018 w=0.180 lr=5.153e-05 time=0.152s
[RQ-VAE] epoch=2849 loss=1.09850836 recon=0.00011296 beh=6.093589 w=0.180 lr=5.119e-05 time=0.152s
[RQ-VAE] epoch=2850 loss=1.10017109 recon=0.00011316 lr=5.085e-05 raw_unique=18601/24587 collision=0.243462 time=0.152s
[RQ-VAE] epoch=2851 loss=1.10072756 recon=0.00011276 beh=6.097105 w=0.180 lr=5.051e-05 time=0.152s
[RQ-VAE] epoch=2852 loss=1.10142362 recon=0.00011261 beh=6.096158 w=0.180 lr=5.017e-05 time=0.152s
[RQ-VAE] epoch=2853 loss=1.10185003 recon=0.00011267 beh=6.093880 w=0.180 lr=4.983e-05 time=0.152s
[RQ-VAE] epoch=2854 loss=1.10299039 recon=0.00011348 beh=6.095430 w=0.181 lr=4.949e-05 time=0.151s
[RQ-VAE] epoch=2855 loss=1.10421729 recon=0.00011302 beh=6.098404 w=0.181 lr=4.915e-05 time=0.248s
[RQ-VAE] epoch=2856 loss=1.10489476 recon=0.00011417 beh=6.096932 w=0.181 lr=4.881e-05 time=0.152s
[RQ-VAE] epoch=2857 loss=1.10641444 recon=0.00011268 beh=6.101767 w=0.181 lr=4.847e-05 time=0.153s
[RQ-VAE] epoch=2858 loss=1.10553122 recon=0.00011258 beh=6.091928 w=0.181 lr=4.814e-05 time=0.152s
[RQ-VAE] epoch=2859 loss=1.10708046 recon=0.00011301 beh=6.095668 w=0.181 lr=4.780e-05 time=0.152s
[RQ-VAE] epoch=2860 loss=1.10831070 recon=0.00011325 beh=6.098262 w=0.181 lr=4.746e-05 time=0.152s
[RQ-VAE] epoch=2861 loss=1.10887933 recon=0.00011408 beh=6.096982 w=0.181 lr=4.712e-05 time=0.152s
[RQ-VAE] epoch=2862 loss=1.10908866 recon=0.00011368 beh=6.093747 w=0.182 lr=4.678e-05 time=0.152s
[RQ-VAE] epoch=2863 loss=1.10922790 recon=0.00011368 beh=6.089452 w=0.182 lr=4.644e-05 time=0.153s
[RQ-VAE] epoch=2864 loss=1.11115432 recon=0.00011260 beh=6.096382 w=0.182 lr=4.610e-05 time=0.152s
[RQ-VAE] epoch=2865 loss=1.11218238 recon=0.00011257 beh=6.096980 w=0.182 lr=4.576e-05 time=0.152s
[RQ-VAE] epoch=2866 loss=1.11170483 recon=0.00011321 beh=6.089692 w=0.182 lr=4.542e-05 time=0.151s
[RQ-VAE] epoch=2867 loss=1.11340380 recon=0.00011246 beh=6.095185 w=0.182 lr=4.508e-05 time=0.152s
[RQ-VAE] epoch=2868 loss=1.11349070 recon=0.00011355 beh=6.090380 w=0.182 lr=4.475e-05 time=0.153s
[RQ-VAE] epoch=2869 loss=1.11571002 recon=0.00011262 beh=6.098882 w=0.183 lr=4.441e-05 time=0.153s
[RQ-VAE] epoch=2870 loss=1.11564767 recon=0.00011299 beh=6.093920 w=0.183 lr=4.407e-05 time=0.152s
[RQ-VAE] epoch=2871 loss=1.11634290 recon=0.00011284 beh=6.093153 w=0.183 lr=4.373e-05 time=0.153s
[RQ-VAE] epoch=2872 loss=1.11935735 recon=0.00011277 beh=6.105524 w=0.183 lr=4.339e-05 time=0.153s
[RQ-VAE] epoch=2873 loss=1.11680222 recon=0.00011243 beh=6.086743 w=0.183 lr=4.305e-05 time=0.152s
[RQ-VAE] epoch=2874 loss=1.11847687 recon=0.00011247 beh=6.091216 w=0.183 lr=4.271e-05 time=0.153s
[RQ-VAE] epoch=2875 loss=1.12017488 recon=0.00011246 beh=6.096495 w=0.183 lr=4.237e-05 time=0.152s
[RQ-VAE] epoch=2876 loss=1.12101734 recon=0.00011276 beh=6.096602 w=0.183 lr=4.203e-05 time=0.153s
[RQ-VAE] epoch=2877 loss=1.12184501 recon=0.00011266 beh=6.096611 w=0.184 lr=4.169e-05 time=0.153s
[RQ-VAE] epoch=2878 loss=1.12248302 recon=0.00011256 beh=6.095804 w=0.184 lr=4.136e-05 time=0.152s
[RQ-VAE] epoch=2879 loss=1.12384605 recon=0.00011298 beh=6.098631 w=0.184 lr=4.102e-05 time=0.152s
[RQ-VAE] epoch=2880 loss=1.12414861 recon=0.00011274 beh=6.096017 w=0.184 lr=4.068e-05 time=0.153s
[RQ-VAE] epoch=2881 loss=1.12565684 recon=0.00011282 beh=6.099688 w=0.184 lr=4.034e-05 time=0.152s
[RQ-VAE] epoch=2882 loss=1.12647867 recon=0.00011256 beh=6.100091 w=0.184 lr=4.000e-05 time=0.153s
[RQ-VAE] epoch=2883 loss=1.12698174 recon=0.00011248 beh=6.098332 w=0.184 lr=3.966e-05 time=0.152s
[RQ-VAE] epoch=2884 loss=1.12844288 recon=0.00011221 beh=6.101812 w=0.185 lr=3.932e-05 time=0.246s
[RQ-VAE] epoch=2885 loss=1.12771821 recon=0.00011302 beh=6.093135 w=0.185 lr=3.898e-05 time=0.152s
[RQ-VAE] epoch=2886 loss=1.12974501 recon=0.00011303 beh=6.099669 w=0.185 lr=3.864e-05 time=0.152s
[RQ-VAE] epoch=2887 loss=1.13046288 recon=0.00011298 beh=6.099496 w=0.185 lr=3.831e-05 time=0.151s
[RQ-VAE] epoch=2888 loss=1.12997484 recon=0.00011351 beh=6.092024 w=0.185 lr=3.797e-05 time=0.152s
[RQ-VAE] epoch=2889 loss=1.13066947 recon=0.00011300 beh=6.091372 w=0.185 lr=3.763e-05 time=0.153s
[RQ-VAE] epoch=2890 loss=1.13242507 recon=0.00011250 beh=6.096721 w=0.185 lr=3.729e-05 time=0.153s
[RQ-VAE] epoch=2891 loss=1.13324022 recon=0.00011262 beh=6.096941 w=0.185 lr=3.695e-05 time=0.152s
[RQ-VAE] epoch=2892 loss=1.13310695 recon=0.00011383 beh=6.090893 w=0.186 lr=3.661e-05 time=0.152s
[RQ-VAE] epoch=2893 loss=1.13386893 recon=0.00011285 beh=6.091343 w=0.186 lr=3.627e-05 time=0.153s
[RQ-VAE] epoch=2894 loss=1.13505697 recon=0.00011221 beh=6.093418 w=0.186 lr=3.593e-05 time=0.152s
[RQ-VAE] epoch=2895 loss=1.13664484 recon=0.00011291 beh=6.097152 w=0.186 lr=3.559e-05 time=0.154s
[RQ-VAE] epoch=2896 loss=1.13652670 recon=0.00011247 beh=6.092597 w=0.186 lr=3.525e-05 time=0.153s
[RQ-VAE] epoch=2897 loss=1.13647413 recon=0.00011279 beh=6.087688 w=0.186 lr=3.492e-05 time=0.153s
[RQ-VAE] epoch=2898 loss=1.13839912 recon=0.00011251 beh=6.093753 w=0.186 lr=3.458e-05 time=0.151s
[RQ-VAE] epoch=2899 loss=1.13952529 recon=0.00011238 beh=6.095794 w=0.187 lr=3.424e-05 time=0.151s
[RQ-VAE] epoch=2900 loss=1.13989687 recon=0.00011303 lr=3.390e-05 raw_unique=18482/24587 collision=0.248302 time=0.152s
[RQ-VAE] epoch=2901 loss=1.14092493 recon=0.00011275 beh=6.094083 w=0.187 lr=3.356e-05 time=0.152s
[RQ-VAE] epoch=2902 loss=1.14186001 recon=0.00011241 beh=6.095100 w=0.187 lr=3.322e-05 time=0.153s
[RQ-VAE] epoch=2903 loss=1.14208901 recon=0.00011241 beh=6.091949 w=0.187 lr=3.288e-05 time=0.152s
[RQ-VAE] epoch=2904 loss=1.14371729 recon=0.00011273 beh=6.096053 w=0.187 lr=3.254e-05 time=0.247s
[RQ-VAE] epoch=2905 loss=1.14340425 recon=0.00011221 beh=6.090322 w=0.187 lr=3.220e-05 time=0.153s
[RQ-VAE] epoch=2906 loss=1.14373589 recon=0.00011311 beh=6.087204 w=0.187 lr=3.186e-05 time=0.153s
[RQ-VAE] epoch=2907 loss=1.14510131 recon=0.00011296 beh=6.090382 w=0.188 lr=3.153e-05 time=0.153s
[RQ-VAE] epoch=2908 loss=1.14627063 recon=0.00011239 beh=6.092627 w=0.188 lr=3.119e-05 time=0.153s
[RQ-VAE] epoch=2909 loss=1.14658141 recon=0.00011265 beh=6.089612 w=0.188 lr=3.085e-05 time=0.153s
[RQ-VAE] epoch=2910 loss=1.14758992 recon=0.00011252 beh=6.090755 w=0.188 lr=3.051e-05 time=0.152s
[RQ-VAE] epoch=2911 loss=1.14988363 recon=0.00011232 beh=6.098821 w=0.188 lr=3.017e-05 time=0.152s
[RQ-VAE] epoch=2912 loss=1.14909291 recon=0.00011247 beh=6.090238 w=0.188 lr=2.983e-05 time=0.152s
[RQ-VAE] epoch=2913 loss=1.15191424 recon=0.00011290 beh=6.100722 w=0.188 lr=2.949e-05 time=0.153s
[RQ-VAE] epoch=2914 loss=1.15221000 recon=0.00011241 beh=6.098576 w=0.189 lr=2.915e-05 time=0.152s
[RQ-VAE] epoch=2915 loss=1.15207660 recon=0.00011257 beh=6.093213 w=0.189 lr=2.881e-05 time=0.152s
[RQ-VAE] epoch=2916 loss=1.15082610 recon=0.00011273 beh=6.081820 w=0.189 lr=2.847e-05 time=0.151s
[RQ-VAE] epoch=2917 loss=1.15326416 recon=0.00011309 beh=6.090250 w=0.189 lr=2.814e-05 time=0.152s
[RQ-VAE] epoch=2918 loss=1.15419722 recon=0.00011256 beh=6.091351 w=0.189 lr=2.780e-05 time=0.152s
[RQ-VAE] epoch=2919 loss=1.15460491 recon=0.00011210 beh=6.089201 w=0.189 lr=2.746e-05 time=0.247s
[RQ-VAE] epoch=2920 loss=1.15614915 recon=0.00011227 beh=6.093139 w=0.189 lr=2.712e-05 time=0.152s
[RQ-VAE] epoch=2921 loss=1.15744877 recon=0.00011224 beh=6.095940 w=0.189 lr=2.678e-05 time=0.152s
[RQ-VAE] epoch=2922 loss=1.15808165 recon=0.00011232 beh=6.094860 w=0.190 lr=2.644e-05 time=0.152s
[RQ-VAE] epoch=2923 loss=1.15820026 recon=0.00011316 beh=6.090672 w=0.190 lr=2.610e-05 time=0.153s
[RQ-VAE] epoch=2924 loss=1.15810728 recon=0.00011291 beh=6.086154 w=0.190 lr=2.576e-05 time=0.152s
[RQ-VAE] epoch=2925 loss=1.16147602 recon=0.00011254 beh=6.099913 w=0.190 lr=2.542e-05 time=0.152s
[RQ-VAE] epoch=2926 loss=1.16133738 recon=0.00011292 beh=6.094828 w=0.190 lr=2.508e-05 time=0.152s
[RQ-VAE] epoch=2927 loss=1.16102779 recon=0.00011279 beh=6.088676 w=0.190 lr=2.475e-05 time=0.152s
[RQ-VAE] epoch=2928 loss=1.16381681 recon=0.00011230 beh=6.099362 w=0.190 lr=2.441e-05 time=0.153s
[RQ-VAE] epoch=2929 loss=1.16333520 recon=0.00011253 beh=6.092750 w=0.191 lr=2.407e-05 time=0.152s
[RQ-VAE] epoch=2930 loss=1.16192925 recon=0.00011224 beh=6.080280 w=0.191 lr=2.373e-05 time=0.152s
[RQ-VAE] epoch=2931 loss=1.16440058 recon=0.00011230 beh=6.089149 w=0.191 lr=2.339e-05 time=0.153s
[RQ-VAE] epoch=2932 loss=1.16669583 recon=0.00011217 beh=6.097754 w=0.191 lr=2.305e-05 time=0.154s
[RQ-VAE] epoch=2933 loss=1.16727686 recon=0.00011220 beh=6.096374 w=0.191 lr=2.271e-05 time=0.152s
[RQ-VAE] epoch=2934 loss=1.16752529 recon=0.00011299 beh=6.092740 w=0.191 lr=2.237e-05 time=0.153s
[RQ-VAE] epoch=2935 loss=1.16818261 recon=0.00011197 beh=6.092441 w=0.191 lr=2.203e-05 time=0.153s
[RQ-VAE] epoch=2936 loss=1.16963387 recon=0.00011234 beh=6.095661 w=0.191 lr=2.169e-05 time=0.152s
[RQ-VAE] epoch=2937 loss=1.16978812 recon=0.00011259 beh=6.092093 w=0.192 lr=2.136e-05 time=0.152s
[RQ-VAE] epoch=2938 loss=1.17116344 recon=0.00011231 beh=6.095237 w=0.192 lr=2.102e-05 time=0.152s
[RQ-VAE] epoch=2939 loss=1.17283571 recon=0.00011247 beh=6.099946 w=0.192 lr=2.068e-05 time=0.153s
[RQ-VAE] epoch=2940 loss=1.17278171 recon=0.00011242 beh=6.095197 w=0.192 lr=2.034e-05 time=0.152s
[RQ-VAE] epoch=2941 loss=1.17303610 recon=0.00011233 beh=6.092163 w=0.192 lr=2.000e-05 time=0.152s
[RQ-VAE] epoch=2942 loss=1.17428601 recon=0.00011211 beh=6.094674 w=0.192 lr=1.966e-05 time=0.152s
[RQ-VAE] epoch=2943 loss=1.17339611 recon=0.00011248 beh=6.085459 w=0.192 lr=1.932e-05 time=0.153s
[RQ-VAE] epoch=2944 loss=1.17554653 recon=0.00011260 beh=6.092352 w=0.193 lr=1.898e-05 time=0.152s
[RQ-VAE] epoch=2945 loss=1.17694032 recon=0.00011223 beh=6.095813 w=0.193 lr=1.864e-05 time=0.152s
[RQ-VAE] epoch=2946 loss=1.17789209 recon=0.00011220 beh=6.096429 w=0.193 lr=1.831e-05 time=0.153s
[RQ-VAE] epoch=2947 loss=1.17692530 recon=0.00011221 beh=6.087142 w=0.193 lr=1.797e-05 time=0.152s
[RQ-VAE] epoch=2948 loss=1.17765725 recon=0.00011268 beh=6.086443 w=0.193 lr=1.763e-05 time=0.152s
[RQ-VAE] epoch=2949 loss=1.17969298 recon=0.00011240 beh=6.092843 w=0.193 lr=1.729e-05 time=0.152s
[RQ-VAE] epoch=2950 loss=1.17973304 recon=0.00011241 lr=1.695e-05 raw_unique=18481/24587 collision=0.248343 time=0.153s
[RQ-VAE] epoch=2951 loss=1.18139839 recon=0.00011244 beh=6.093509 w=0.193 lr=1.661e-05 time=0.153s
[RQ-VAE] epoch=2952 loss=1.18053389 recon=0.00011262 beh=6.084653 w=0.194 lr=1.627e-05 time=0.153s
[RQ-VAE] epoch=2953 loss=1.18122995 recon=0.00011282 beh=6.083577 w=0.194 lr=1.593e-05 time=0.153s
[RQ-VAE] epoch=2954 loss=1.18312216 recon=0.00011282 beh=6.089407 w=0.194 lr=1.559e-05 time=0.154s
[RQ-VAE] epoch=2955 loss=1.18358564 recon=0.00011228 beh=6.087965 w=0.194 lr=1.525e-05 time=0.154s
[RQ-VAE] epoch=2956 loss=1.18423069 recon=0.00011228 beh=6.086993 w=0.194 lr=1.492e-05 time=0.152s
[RQ-VAE] epoch=2957 loss=1.18660307 recon=0.00011238 beh=6.094872 w=0.194 lr=1.458e-05 time=0.153s
[RQ-VAE] epoch=2958 loss=1.18658590 recon=0.00011217 beh=6.090906 w=0.194 lr=1.424e-05 time=0.153s
[RQ-VAE] epoch=2959 loss=1.18726611 recon=0.00011215 beh=6.090323 w=0.195 lr=1.390e-05 time=0.153s
[RQ-VAE] epoch=2960 loss=1.18927884 recon=0.00011231 beh=6.096426 w=0.195 lr=1.356e-05 time=0.152s
[RQ-VAE] epoch=2961 loss=1.18843830 recon=0.00011264 beh=6.087808 w=0.195 lr=1.322e-05 time=0.152s
[RQ-VAE] epoch=2962 loss=1.18943048 recon=0.00011254 beh=6.088637 w=0.195 lr=1.288e-05 time=0.153s
[RQ-VAE] epoch=2963 loss=1.19021475 recon=0.00011272 beh=6.088424 w=0.195 lr=1.254e-05 time=0.153s
[RQ-VAE] epoch=2964 loss=1.19281411 recon=0.00011239 beh=6.097513 w=0.195 lr=1.220e-05 time=0.153s
[RQ-VAE] epoch=2965 loss=1.19253969 recon=0.00011215 beh=6.092206 w=0.195 lr=1.186e-05 time=0.152s
[RQ-VAE] epoch=2966 loss=1.19264710 recon=0.00011200 beh=6.088561 w=0.195 lr=1.153e-05 time=0.153s
[RQ-VAE] epoch=2967 loss=1.19332170 recon=0.00011222 beh=6.087740 w=0.196 lr=1.119e-05 time=0.152s
[RQ-VAE] epoch=2968 loss=1.19464028 recon=0.00011204 beh=6.090387 w=0.196 lr=1.085e-05 time=0.152s
[RQ-VAE] epoch=2969 loss=1.19622266 recon=0.00011159 beh=6.094471 w=0.196 lr=1.051e-05 time=0.153s
[RQ-VAE] epoch=2970 loss=1.19717026 recon=0.00011170 beh=6.095203 w=0.196 lr=1.017e-05 time=0.153s
[RQ-VAE] epoch=2971 loss=1.19664431 recon=0.00011170 beh=6.088358 w=0.196 lr=9.831e-06 time=0.152s
[RQ-VAE] epoch=2972 loss=1.19868505 recon=0.00011185 beh=6.094590 w=0.196 lr=9.492e-06 time=0.153s
[RQ-VAE] epoch=2973 loss=1.19966602 recon=0.00011191 beh=6.095482 w=0.196 lr=9.153e-06 time=0.153s
[RQ-VAE] epoch=2974 loss=1.19959664 recon=0.00011172 beh=6.091059 w=0.197 lr=8.814e-06 time=0.152s
[RQ-VAE] epoch=2975 loss=1.19975197 recon=0.00011185 beh=6.087477 w=0.197 lr=8.475e-06 time=0.153s
[RQ-VAE] epoch=2976 loss=1.20080805 recon=0.00011216 beh=6.088597 w=0.197 lr=8.136e-06 time=0.247s
[RQ-VAE] epoch=2977 loss=1.20183372 recon=0.00011199 beh=6.089732 w=0.197 lr=7.797e-06 time=0.152s
[RQ-VAE] epoch=2978 loss=1.20389330 recon=0.00011155 beh=6.096271 w=0.197 lr=7.458e-06 time=0.152s
[RQ-VAE] epoch=2979 loss=1.20367038 recon=0.00011148 beh=6.091208 w=0.197 lr=7.119e-06 time=0.152s
[RQ-VAE] epoch=2980 loss=1.20458794 recon=0.00011150 beh=6.091651 w=0.197 lr=6.780e-06 time=0.153s
[RQ-VAE] epoch=2981 loss=1.20585859 recon=0.00011152 beh=6.093807 w=0.197 lr=6.441e-06 time=0.153s
[RQ-VAE] epoch=2982 loss=1.20613873 recon=0.00011178 beh=6.091011 w=0.198 lr=6.102e-06 time=0.152s
[RQ-VAE] epoch=2983 loss=1.20715618 recon=0.00011190 beh=6.092032 w=0.198 lr=5.763e-06 time=0.153s
[RQ-VAE] epoch=2984 loss=1.20685077 recon=0.00011179 beh=6.086469 w=0.198 lr=5.424e-06 time=0.153s
[RQ-VAE] epoch=2985 loss=1.20812750 recon=0.00011165 beh=6.088871 w=0.198 lr=5.085e-06 time=0.155s
[RQ-VAE] epoch=2986 loss=1.20847487 recon=0.00011164 beh=6.086436 w=0.198 lr=4.746e-06 time=0.153s
[RQ-VAE] epoch=2987 loss=1.21187711 recon=0.00011193 beh=6.099452 w=0.198 lr=4.407e-06 time=0.153s
[RQ-VAE] epoch=2988 loss=1.21096528 recon=0.00011193 beh=6.090840 w=0.198 lr=4.068e-06 time=0.152s
[RQ-VAE] epoch=2989 loss=1.21071887 recon=0.00011191 beh=6.085519 w=0.199 lr=3.729e-06 time=0.151s
[RQ-VAE] epoch=2990 loss=1.21254086 recon=0.00011191 beh=6.090573 w=0.199 lr=3.390e-06 time=0.152s
[RQ-VAE] epoch=2991 loss=1.21325970 recon=0.00011195 beh=6.090033 w=0.199 lr=3.051e-06 time=0.153s
[RQ-VAE] epoch=2992 loss=1.21487010 recon=0.00011185 beh=6.094039 w=0.199 lr=2.712e-06 time=0.153s
[RQ-VAE] epoch=2993 loss=1.21597385 recon=0.00011179 beh=6.095546 w=0.199 lr=2.373e-06 time=0.152s
[RQ-VAE] epoch=2994 loss=1.21713519 recon=0.00011157 beh=6.097392 w=0.199 lr=2.034e-06 time=0.152s
[RQ-VAE] epoch=2995 loss=1.21633601 recon=0.00011135 beh=6.089378 w=0.199 lr=1.695e-06 time=0.152s
[RQ-VAE] epoch=2996 loss=1.21794879 recon=0.00011136 beh=6.093405 w=0.199 lr=1.356e-06 time=0.153s
[RQ-VAE] epoch=2997 loss=1.21761775 recon=0.00011140 beh=6.087665 w=0.200 lr=1.017e-06 time=0.153s
[RQ-VAE] epoch=2998 loss=1.22036278 recon=0.00011149 beh=6.097316 w=0.200 lr=6.780e-07 time=0.153s
[RQ-VAE] epoch=2999 loss=1.22042990 recon=0.00011142 beh=6.093575 w=0.200 lr=3.390e-07 time=0.153s
[RQ-VAE] epoch=3000 loss=1.22159874 recon=0.00011145 lr=0.000e+00 raw_unique=18457/24587 collision=0.249319 time=0.153s
[RecBole RQ-VAE] exported raw_shape=(24587, 3) sid_shape=(24587, 4) unique=24587 -> /home/wlia0047/ar57/wenyu/GeneRec/results/stage2_RQ-VAE/TIGER_HYPERBOLIC_RQ-VAE/fix_det_euclid_raw/sids_for_hgrec.npy
